,anomaly_type,type,is_clustered,ready,pre_script_start,pre_script_end,submit,stage_in_start,stage_in_end,stage_in_effective_bytes_per_sec,execute_start,execute_end,stage_out_start,stage_out_end,stage_out_effective_bytes_per_sec,post_script_start,post_script_end,wms_delay,pre_script_delay,queue_delay,runtime,post_script_delay,stage_in_delay,stage_in_bytes,stage_out_delay,stage_out_bytes,kickstart_user,kickstart_site,kickstart_hostname,kickstart_transformations,kickstart_executables,kickstart_executables_argv,kickstart_executables_cpu_time,kickstart_status,kickstart_executables_exitcode,kickstart_online_iowait,kickstart_online_bytes_read,kickstart_online_bytes_written,kickstart_online_read_system_calls,kickstart_online_write_system_calls,kickstart_online_utime,kickstart_online_stime,kickstart_online_bytes_read_per_second,kickstart_online_bytes_written_per_second
create_dir_somospie_0_condorpool,None,auxiliary,0,1711692716.0,,,1711692717.0,,,0.0,1711692721.0,1711692727.0,,,0.0,1711692727.0,1711692732.0,1.0,,4.0,6.0,5.0,,,,,poseidon,local,poseidon-submit,pegasus::dirmanager,/mnt/poseidon-data/poseidon/pegasus-5.1.0panorama/bin/pegasus-transfer,pegasus-kickstart  -n pegasus::dirmanager -N null -i - -R local  -L somospie -T 2024-03-27T17:59:14+00:00 pegasus-transfer,0.2,0,0,,,,,,,,,
get_sm_ID0000020,None,compute,0,1711692732.0,,,1711692737.0,1711692757.0,1711692778.0,32288678.1,1711692756.0,1711692798.0,1711692785.0,1711692789.0,293505.0,1711692798.0,1711692803.0,5.0,,19.0,42.0,5.0,21.0,470635724.0,4.0,945682.0,poseidon,condorpool,poseidon-worker-1-container-44-47,get_sm,/srv/get_sm,,1.9,0,0,,,,,,,,,
get_sm_ID0000021,None,compute,0,1711692732.0,,,1711692737.0,1711692757.0,1711692778.0,33578107.2,1711692756.0,1711692798.0,1711692785.0,1711692789.0,294627.0,1711692798.0,1711692803.0,5.0,,19.0,42.0,5.0,21.0,475840244.0,4.0,951505.0,poseidon,condorpool,poseidon-worker-2-container-16-19,get_sm,/srv/get_sm,,1.9,0,0,,,,,,,,,
get_sm_ID0000022,None,compute,0,1711692732.0,,,1711692737.0,1711692757.0,1711692774.0,46671485.4,1711692756.0,1711692793.0,1711692781.0,1711692785.0,298162.0,1711692793.0,1711692798.0,5.0,,19.0,37.0,5.0,17.0,475800760.0,4.0,952852.0,poseidon,condorpool,poseidon-worker-2-container-44-47,get_sm,/srv/get_sm,,1.8,0,0,,,,,,,,,
get_sm_ID0000023,None,compute,0,1711692732.0,,,1711692738.0,1711692757.0,1711692779.0,30196554.8,1711692756.0,1711692798.0,1711692786.0,1711692789.0,291147.0,1711692798.0,1711692803.0,6.0,,18.0,42.0,5.0,22.0,467398273.0,3.0,943297.0,poseidon,condorpool,poseidon-worker-2-container-0-3,get_sm,/srv/get_sm,,1.9,0,0,,,,,,,,,
get_sm_ID0000024,None,compute,0,1711692732.0,,,1711692738.0,1711692757.0,1711692778.0,34272741.6,1711692756.0,1711692798.0,1711692785.0,1711692788.0,259516.0,1711692798.0,1711692803.0,6.0,,18.0,42.0,5.0,21.0,457521962.0,3.0,830231.0,poseidon,condorpool,poseidon-worker-1-container-0-3,get_sm,/srv/get_sm,,1.9,0,0,,,,,,,,,
get_sm_ID0000025,None,compute,0,1711692732.0,,,1711692738.0,1711692757.0,1711692774.0,39744773.3,1711692756.0,1711692793.0,1711692781.0,1711692784.0,221593.0,1711692793.0,1711692798.0,6.0,,18.0,37.0,5.0,17.0,447555942.0,3.0,712778.0,poseidon,condorpool,poseidon-worker-1-container-28-31,get_sm,/srv/get_sm,,2.0,0,0,,,,,,,,,
get_sm_ID0000015,None,compute,0,1711692732.0,,,1711692738.0,1711692757.0,1711692773.0,43569766.6,1711692756.0,1711692793.0,1711692780.0,1711692784.0,171536.0,1711692793.0,1711692798.0,6.0,,18.0,37.0,5.0,16.0,440090843.0,4.0,551360.0,poseidon,condorpool,poseidon-worker-1-container-36-39,get_sm,/srv/get_sm,,1.8,0,0,,,,,,,,,
get_sm_ID0000026,None,compute,0,1711692732.0,,,1711692738.0,1711692757.0,1711692775.0,40889766.4,1711692756.0,1711692793.0,1711692782.0,1711692785.0,187616.0,1711692793.0,1711692798.0,6.0,,18.0,37.0,5.0,18.0,442257808.0,3.0,608523.0,poseidon,condorpool,poseidon-worker-2-container-40-43,get_sm,/srv/get_sm,,1.9,0,0,,,,,,,,,
get_sm_ID0000016,None,compute,0,1711692732.0,,,1711692738.0,1711692757.0,1711692773.0,42985405.5,1711692756.0,1711692793.0,1711692780.0,1711692783.0,168397.0,1711692793.0,1711692798.0,6.0,,18.0,37.0,5.0,16.0,436178789.0,3.0,550490.0,poseidon,condorpool,poseidon-worker-1-container-20-23,get_sm,/srv/get_sm,,1.7,0,0,,,,,,,,,
get_sm_ID0000017,None,compute,0,1711692732.0,,,1711692738.0,1711692757.0,1711692775.0,36813108.4,1711692756.0,1711692793.0,1711692783.0,1711692786.0,190197.0,1711692793.0,1711692798.0,6.0,,18.0,37.0,5.0,18.0,444771924.0,3.0,613264.0,poseidon,condorpool,poseidon-worker-1-container-12-15,get_sm,/srv/get_sm,,1.8,0,0,,,,,,,,,
get_sm_ID0000018,None,compute,0,1711692732.0,,,1711692738.0,1711692757.0,1711692775.0,39067452.4,1711692756.0,1711692793.0,1711692783.0,1711692786.0,224306.0,1711692793.0,1711692798.0,6.0,,18.0,37.0,5.0,18.0,449409643.0,3.0,716593.0,poseidon,condorpool,poseidon-worker-1-container-4-7,get_sm,/srv/get_sm,,2.0,0,0,,,,,,,,,
get_sm_ID0000019,None,compute,0,1711692732.0,,,1711692738.0,1711692757.0,1711692778.0,32011753.5,1711692756.0,1711692798.0,1711692785.0,1711692788.0,270824.0,1711692798.0,1711692803.0,6.0,,18.0,42.0,5.0,21.0,459739344.0,3.0,873152.0,poseidon,condorpool,poseidon-worker-2-container-36-39,get_sm,/srv/get_sm,,1.9,0,0,,,,,,,,,
merge_ID0000001,None,compute,0,1711692732.0,,,1711692738.0,1711692757.0,1711692777.0,128045531.7,1711692756.0,1711692833.0,1711692810.0,1711692824.0,91393635.0,1711692833.0,1711692838.0,6.0,,18.0,77.0,5.0,20.0,1726068480.0,14.0,1298102725.0,poseidon,condorpool,poseidon-worker-1-container-16-19,merge,/srv/merge,,41.1,0,0,0.0,979771938.0,1295056197.0,10791.0,39558.0,35.1,2.1,48988596.9,64752809.9
stage_out_local_condorpool_0_1,None,transfer,0,1711692803.0,,,1711692808.0,,,0.0,1711692808.0,1711692813.0,,,0.0,1711692813.0,1711692818.0,5.0,,0.0,5.0,5.0,,,,,poseidon,local,poseidon-submit,pegasus::transfer,/mnt/poseidon-data/poseidon/pegasus-5.1.0panorama/bin/pegasus-transfer,/home/poseidon/pegasus-5.1.0panorama/bin/../bin/pegasus-kickstart  -n pegasus::transfer -N null -i - -R local  -L somospie -T 2024-03-27T17:59:14+00:00 /home/poseidon/pegasus-5.1.0panorama/bin/../bin/pegasus-transfer  --threads 2,0.8,0,0,,,,,,,,,
register_condorpool_0_1,None,auxiliary,0,1711692818.0,,,1711692823.0,,,0.0,1711692823.0,1711692828.0,,,0.0,1711692828.0,1711692833.0,5.0,,0.0,5.0,5.0,,,,,poseidon,local,poseidon-submit,pegasus::rc-client,/mnt/poseidon-data/poseidon/pegasus-5.1.0panorama/bin/pegasus-rc-client,"-n pegasus::rc-client -N null -R local  -L somospie -T 2024-03-27T17:59:14+00:00 /home/poseidon/pegasus-5.1.0panorama/bin/pegasus-rc-client --prefix pegasus.catalog.replica.output --conf /mnt/poseidon-data/poseidon/workflows/SOMOSPIE/SOMOSPIE_pegasus/CombinedPipeline/submit/poseidon/pegasus/somospie/run0057/pegasus.3023270045307443573.properties -v --meta /mnt/poseidon-data/poseidon/workflows/SOMOSPIE/SOMOSPIE_pegasus/CombinedPipeline/submit/poseidon/pegasus/somospie/run0057/00/00/get_sm_ID0000020.meta,/mnt/poseidon-data/poseidon/workflows/SOMOSPIE/SOMOSPIE_pegasus/CombinedPipeline/submit/poseidon/pegasus/somospie/run0057/00/00/get_sm_ID0000024.meta,/mnt/poseidon-data/poseidon/workflows/SOMOSPIE/SOMOSPIE_pegasus/CombinedPipeline/submit/poseidon/pegasus/somospie/run0057/00/00/get_sm_ID0000026.meta,/mnt/poseidon-data/poseidon/workflows/SOMOSPIE/SOMOSPIE_pegasus/CombinedPipeline/submit/poseidon/pegasus/somospie/run0057/00/00/get_sm_ID0000019.meta,/mnt/poseidon-data/poseidon/workflows/SOMOSPIE/SOMOSPIE_pegasus/CombinedPipeline/submit/poseidon/pegasus/somospie/run0057/00/00/get_sm_ID0000016.meta,/mnt/poseidon-data/poseidon/workflows/SOMOSPIE/SOMOSPIE_pegasus/CombinedPipeline/submit/poseidon/pegasus/somospie/run0057/00/00/get_sm_ID0000022.meta --insert /mnt/poseidon-data/poseidon/workflows/SOMOSPIE/SOMOSPIE_pegasus/CombinedPipeline/submit/poseidon/pegasus/somospie/run0057/00/00/register_condorpool_0_1.in",3.2,0,0,,,,,,,,,
stage_out_local_condorpool_0_0,None,transfer,0,1711692838.0,,,1711692843.0,,,0.0,1711692843.0,1711692853.0,,,0.0,1711692853.0,1711692858.0,5.0,,0.0,10.0,5.0,,,,,poseidon,local,poseidon-submit,pegasus::transfer,/mnt/poseidon-data/poseidon/pegasus-5.1.0panorama/bin/pegasus-transfer,/home/poseidon/pegasus-5.1.0panorama/bin/../bin/pegasus-kickstart  -n pegasus::transfer -N null -i - -R local  -L somospie -T 2024-03-27T17:59:14+00:00 /home/poseidon/pegasus-5.1.0panorama/bin/../bin/pegasus-transfer  --threads 2,4.4,0,0,,,,,,,,,
reproject_ID0000011,None,compute,0,1711692838.0,,,1711692843.0,1711692844.0,1711692864.0,136921433.7,1711692843.0,1711692923.0,1711692901.0,1711692915.0,91658570.0,1711692923.0,1711692928.0,5.0,,0.0,80.0,5.0,20.0,1696973136.0,14.0,1298118839.0,poseidon,condorpool,poseidon-worker-1-container-16-19,reproject,/srv/reproject,,56.2,0,0,0.0,1307343643.0,1294138689.0,15816.0,39527.0,43.5,3.7,65367182.2,64706934.5
reproject_ID0000002,None,compute,0,1711692838.0,,,1711692843.0,1711692849.0,1711692869.0,136718161.3,1711692848.0,1711692923.0,1711692905.0,1711692917.0,88664764.0,1711692923.0,1711692928.0,5.0,,5.0,75.0,5.0,20.0,1696973986.0,12.0,1125581407.0,poseidon,condorpool,poseidon-worker-1-container-44-47,reproject,/srv/reproject,,53.5,0,0,0.0,1443968056.0,897888959.0,47994.0,27432.0,40.6,4.2,72198402.8,44894448.0
register_condorpool_0_0,None,auxiliary,0,1711692858.0,,,1711692863.0,,,0.0,1711692863.0,1711692868.0,,,0.0,1711692868.0,1711692873.0,5.0,,0.0,5.0,5.0,,,,,poseidon,local,poseidon-submit,pegasus::rc-client,/mnt/poseidon-data/poseidon/pegasus-5.1.0panorama/bin/pegasus-rc-client,"-n pegasus::rc-client -N null -R local  -L somospie -T 2024-03-27T17:59:14+00:00 /home/poseidon/pegasus-5.1.0panorama/bin/pegasus-rc-client --prefix pegasus.catalog.replica.output --conf /mnt/poseidon-data/poseidon/workflows/SOMOSPIE/SOMOSPIE_pegasus/CombinedPipeline/submit/poseidon/pegasus/somospie/run0057/pegasus.3023270045307443573.properties -v --meta /mnt/poseidon-data/poseidon/workflows/SOMOSPIE/SOMOSPIE_pegasus/CombinedPipeline/submit/poseidon/pegasus/somospie/run0057/00/00/get_sm_ID0000015.meta,/mnt/poseidon-data/poseidon/workflows/SOMOSPIE/SOMOSPIE_pegasus/CombinedPipeline/submit/poseidon/pegasus/somospie/run0057/00/00/get_sm_ID0000023.meta,/mnt/poseidon-data/poseidon/workflows/SOMOSPIE/SOMOSPIE_pegasus/CombinedPipeline/submit/poseidon/pegasus/somospie/run0057/00/00/get_sm_ID0000018.meta,/mnt/poseidon-data/poseidon/workflows/SOMOSPIE/SOMOSPIE_pegasus/CombinedPipeline/submit/poseidon/pegasus/somospie/run0057/00/00/get_sm_ID0000017.meta,/mnt/poseidon-data/poseidon/workflows/SOMOSPIE/SOMOSPIE_pegasus/CombinedPipeline/submit/poseidon/pegasus/somospie/run0057/00/00/merge_ID0000001.meta,/mnt/poseidon-data/poseidon/workflows/SOMOSPIE/SOMOSPIE_pegasus/CombinedPipeline/submit/poseidon/pegasus/somospie/run0057/00/00/get_sm_ID0000021.meta,/mnt/poseidon-data/poseidon/workflows/SOMOSPIE/SOMOSPIE_pegasus/CombinedPipeline/submit/poseidon/pegasus/somospie/run0057/00/00/get_sm_ID0000025.meta --insert /mnt/poseidon-data/poseidon/workflows/SOMOSPIE/SOMOSPIE_pegasus/CombinedPipeline/submit/poseidon/pegasus/somospie/run0057/00/00/register_condorpool_0_0.in",3.0,0,0,,,,,,,,,
stage_out_local_condorpool_1_0,None,transfer,0,1711692928.0,,,1711692933.0,,,0.0,1711692933.0,1711692943.0,,,0.0,1711692943.0,1711692948.0,5.0,,0.0,10.0,5.0,,,,,poseidon,local,poseidon-submit,pegasus::transfer,/mnt/poseidon-data/poseidon/pegasus-5.1.0panorama/bin/pegasus-transfer,/home/poseidon/pegasus-5.1.0panorama/bin/../bin/pegasus-kickstart  -n pegasus::transfer -N null -i - -R local  -L somospie -T 2024-03-27T17:59:14+00:00 /home/poseidon/pegasus-5.1.0panorama/bin/../bin/pegasus-transfer  --threads 2,7.3,0,0,,,,,,,,,
crop_ID0000009,None,compute,0,1711692928.0,,,1711692933.0,1711692934.0,1711692952.0,133980936.2,1711692933.0,1711692978.0,1711692963.0,1711692967.0,24145560.0,1711692978.0,1711692983.0,5.0,,0.0,45.0,5.0,18.0,1524452582.0,4.0,99654844.0,poseidon,condorpool,poseidon-worker-1-container-44-47,crop,/srv/crop,,2.8,0,0,,,,,,,,,
crop_ID0000007,None,compute,0,1711692928.0,,,1711692933.0,1711692934.0,1711692952.0,134082970.2,1711692933.0,1711692978.0,1711692965.0,1711692970.0,40283232.0,1711692978.0,1711692983.0,5.0,,0.0,45.0,5.0,18.0,1524452582.0,5.0,194227221.0,poseidon,condorpool,poseidon-worker-1-container-16-19,crop,/srv/crop,,4.1,0,0,,,,,,,,,
crop_ID0000005,None,compute,0,1711692928.0,,,1711692933.0,1711692949.0,1711692967.0,143762115.3,1711692948.0,1711692988.0,1711692977.0,1711692980.0,1316100.0,1711692988.0,1711692993.0,5.0,,15.0,40.0,5.0,18.0,1524452582.0,3.0,4263385.0,poseidon,condorpool,poseidon-worker-1-container-44-47,crop,/srv/crop,,1.9,0,0,,,,,,,,,
crop_ID0000003,None,compute,0,1711692928.0,,,1711692933.0,1711692949.0,1711692967.0,143320316.5,1711692948.0,1711692988.0,1711692977.0,1711692980.0,790553.0,1711692988.0,1711692993.0,5.0,,15.0,40.0,5.0,18.0,1524452582.0,3.0,2530349.0,poseidon,condorpool,poseidon-worker-1-container-16-19,crop,/srv/crop,,1.9,0,0,,,,,,,,,
register_condorpool_1_0,None,auxiliary,0,1711692948.0,,,1711692953.0,,,0.0,1711692953.0,1711692958.0,,,0.0,1711692958.0,1711692963.0,5.0,,0.0,5.0,5.0,,,,,poseidon,local,poseidon-submit,pegasus::rc-client,/mnt/poseidon-data/poseidon/pegasus-5.1.0panorama/bin/pegasus-rc-client,"-n pegasus::rc-client -N null -R local  -L somospie -T 2024-03-27T17:59:14+00:00 /home/poseidon/pegasus-5.1.0panorama/bin/pegasus-rc-client --prefix pegasus.catalog.replica.output --conf /mnt/poseidon-data/poseidon/workflows/SOMOSPIE/SOMOSPIE_pegasus/CombinedPipeline/submit/poseidon/pegasus/somospie/run0057/pegasus.3023270045307443573.properties -v --meta /mnt/poseidon-data/poseidon/workflows/SOMOSPIE/SOMOSPIE_pegasus/CombinedPipeline/submit/poseidon/pegasus/somospie/run0057/00/00/reproject_ID0000011.meta,/mnt/poseidon-data/poseidon/workflows/SOMOSPIE/SOMOSPIE_pegasus/CombinedPipeline/submit/poseidon/pegasus/somospie/run0057/00/00/reproject_ID0000002.meta --insert /mnt/poseidon-data/poseidon/workflows/SOMOSPIE/SOMOSPIE_pegasus/CombinedPipeline/submit/poseidon/pegasus/somospie/run0057/00/00/register_condorpool_1_0.in",3.0,0,0,,,,,,,,,
compute_ID0000010,None,compute,0,1711692983.0,,,1711692988.0,1711692989.0,1711693004.0,69874050.3,1711692989.0,1711693034.0,1711693021.0,1711693027.0,46456423.0,1711693034.0,1711693039.0,5.0,,1.0,45.0,5.0,15.0,498525556.0,6.0,250017804.0,poseidon,condorpool,poseidon-worker-1-container-44-47,compute,/srv/compute,,11.9,0,0,0.0,303705722.0,241702629.0,4498.0,7402.0,9.1,0.8,30370572.2,24170262.9
compute_ID0000008,None,compute,0,1711692983.0,,,1711692988.0,1711692989.0,1711693004.0,77594878.6,1711692989.0,1711693044.0,1711693028.0,1711693035.0,67773779.0,1711693044.0,1711693049.0,5.0,,1.0,55.0,5.0,15.0,593097933.0,7.0,506706062.0,poseidon,condorpool,poseidon-worker-1-container-16-19,compute,/srv/compute,,17.7,0,0,0.0,325156388.0,352562274.0,4112.0,10776.0,9.2,0.8,32515638.8,35256227.4
stage_out_local_condorpool_2_0,None,transfer,0,1711692993.0,,,1711692998.0,,,0.0,1711692999.0,1711693003.0,,,0.0,1711693003.0,1711693009.0,5.0,,1.0,4.0,6.0,,,,,poseidon,local,poseidon-submit,pegasus::transfer,/mnt/poseidon-data/poseidon/pegasus-5.1.0panorama/bin/pegasus-transfer,/home/poseidon/pegasus-5.1.0panorama/bin/../bin/pegasus-kickstart  -n pegasus::transfer -N null -i - -R local  -L somospie -T 2024-03-27T17:59:14+00:00 /home/poseidon/pegasus-5.1.0panorama/bin/../bin/pegasus-transfer  --threads 2,1.4,0,0,,,,,,,,,
compute_ID0000004,None,compute,0,1711692993.0,,,1711692998.0,1711693009.0,1711693022.0,66397501.0,1711693008.0,1711693044.0,1711693032.0,1711693035.0,1617565.0,1711693044.0,1711693049.0,5.0,,10.0,36.0,5.0,13.0,401401061.0,3.0,5326886.0,poseidon,condorpool,poseidon-worker-2-container-44-47,compute,/srv/compute,,5.2,0,0,,,,,,,,,
compute_ID0000006,None,compute,0,1711692993.0,,,1711692998.0,1711693009.0,1711693022.0,62396319.7,1711693008.0,1711693044.0,1711693033.0,1711693036.0,2877096.0,1711693044.0,1711693049.0,5.0,,10.0,36.0,5.0,13.0,403134097.0,3.0,9696865.0,poseidon,condorpool,poseidon-worker-2-container-16-19,compute,/srv/compute,,5.5,0,0,,,,,,,,,
register_condorpool_2_0,None,auxiliary,0,1711693009.0,,,1711693014.0,,,0.0,1711693014.0,1711693019.0,,,0.0,1711693019.0,1711693024.0,5.0,,0.0,5.0,5.0,,,,,poseidon,local,poseidon-submit,pegasus::rc-client,/mnt/poseidon-data/poseidon/pegasus-5.1.0panorama/bin/pegasus-rc-client,"-n pegasus::rc-client -N null -R local  -L somospie -T 2024-03-27T17:59:14+00:00 /home/poseidon/pegasus-5.1.0panorama/bin/pegasus-rc-client --prefix pegasus.catalog.replica.output --conf /mnt/poseidon-data/poseidon/workflows/SOMOSPIE/SOMOSPIE_pegasus/CombinedPipeline/submit/poseidon/pegasus/somospie/run0057/pegasus.3023270045307443573.properties -v --meta /mnt/poseidon-data/poseidon/workflows/SOMOSPIE/SOMOSPIE_pegasus/CombinedPipeline/submit/poseidon/pegasus/somospie/run0057/00/00/crop_ID0000007.meta,/mnt/poseidon-data/poseidon/workflows/SOMOSPIE/SOMOSPIE_pegasus/CombinedPipeline/submit/poseidon/pegasus/somospie/run0057/00/00/crop_ID0000009.meta,/mnt/poseidon-data/poseidon/workflows/SOMOSPIE/SOMOSPIE_pegasus/CombinedPipeline/submit/poseidon/pegasus/somospie/run0057/00/00/crop_ID0000003.meta,/mnt/poseidon-data/poseidon/workflows/SOMOSPIE/SOMOSPIE_pegasus/CombinedPipeline/submit/poseidon/pegasus/somospie/run0057/00/00/crop_ID0000005.meta --insert /mnt/poseidon-data/poseidon/workflows/SOMOSPIE/SOMOSPIE_pegasus/CombinedPipeline/submit/poseidon/pegasus/somospie/run0057/00/00/register_condorpool_2_0.in",3.1,0,0,,,,,,,,,
stage_out_local_condorpool_3_0,None,transfer,0,1711693049.0,,,1711693054.0,,,0.0,1711693054.0,1711693064.0,,,0.0,1711693064.0,1711693069.0,5.0,,0.0,10.0,5.0,,,,,poseidon,local,poseidon-submit,pegasus::transfer,/mnt/poseidon-data/poseidon/pegasus-5.1.0panorama/bin/pegasus-transfer,/home/poseidon/pegasus-5.1.0panorama/bin/../bin/pegasus-kickstart  -n pegasus::transfer -N null -i - -R local  -L somospie -T 2024-03-27T17:59:14+00:00 /home/poseidon/pegasus-5.1.0panorama/bin/../bin/pegasus-transfer  --threads 2,3.4,0,0,,,,,,,,,
merge_avg_ID0000014,None,compute,0,1711693049.0,,,1711693054.0,1711693056.0,1711693072.0,83188825.0,1711693055.0,1711693129.0,1711693114.0,1711693120.0,53501931.0,1711693129.0,1711693134.0,5.0,,1.0,74.0,5.0,16.0,737559838.0,6.0,309527239.0,poseidon,condorpool,poseidon-worker-1-container-44-47,merge_avg,/srv/merge_avg,,46.2,0,0,0.0,1074370549.0,668339642.0,49156.0,20504.0,22.9,6.4,35812351.6,22277988.1
merge_avg_ID0000012,None,compute,0,1711693049.0,,,1711693054.0,1711693056.0,1711693072.0,82233889.5,1711693055.0,1711693124.0,1711693111.0,1711693117.0,53420780.0,1711693124.0,1711693129.0,5.0,,1.0,69.0,5.0,16.0,731979063.0,6.0,304811410.0,poseidon,condorpool,poseidon-worker-1-container-16-19,merge_avg,/srv/merge_avg,,45.9,0,0,0.0,1152965728.0,671039321.0,49478.0,20602.0,28.3,7.5,38432190.9,22367977.4
merge_avg_ID0000013,None,compute,0,1711693049.0,,,1711693054.0,1711693056.0,1711693070.0,65143590.0,1711693055.0,1711693119.0,1711693106.0,1711693110.0,23853364.0,1711693119.0,1711693124.0,5.0,,1.0,64.0,5.0,14.0,498824437.0,4.0,98388765.0,poseidon,condorpool,poseidon-worker-2-container-44-47,merge_avg,/srv/merge_avg,,40.3,0,0,0.0,111771088.0,98224990.0,5329.0,3042.0,30.7,7.4,3725702.9,4911249.5
register_condorpool_3_0,None,auxiliary,0,1711693069.0,,,1711693074.0,,,0.0,1711693074.0,1711693079.0,,,0.0,1711693079.0,1711693084.0,5.0,,0.0,5.0,5.0,,,,,poseidon,local,poseidon-submit,pegasus::rc-client,/mnt/poseidon-data/poseidon/pegasus-5.1.0panorama/bin/pegasus-rc-client,"-n pegasus::rc-client -N null -R local  -L somospie -T 2024-03-27T17:59:14+00:00 /home/poseidon/pegasus-5.1.0panorama/bin/pegasus-rc-client --prefix pegasus.catalog.replica.output --conf /mnt/poseidon-data/poseidon/workflows/SOMOSPIE/SOMOSPIE_pegasus/CombinedPipeline/submit/poseidon/pegasus/somospie/run0057/pegasus.3023270045307443573.properties -v --meta /mnt/poseidon-data/poseidon/workflows/SOMOSPIE/SOMOSPIE_pegasus/CombinedPipeline/submit/poseidon/pegasus/somospie/run0057/00/00/compute_ID0000010.meta,/mnt/poseidon-data/poseidon/workflows/SOMOSPIE/SOMOSPIE_pegasus/CombinedPipeline/submit/poseidon/pegasus/somospie/run0057/00/00/compute_ID0000004.meta,/mnt/poseidon-data/poseidon/workflows/SOMOSPIE/SOMOSPIE_pegasus/CombinedPipeline/submit/poseidon/pegasus/somospie/run0057/00/00/compute_ID0000006.meta,/mnt/poseidon-data/poseidon/workflows/SOMOSPIE/SOMOSPIE_pegasus/CombinedPipeline/submit/poseidon/pegasus/somospie/run0057/00/00/compute_ID0000008.meta --insert /mnt/poseidon-data/poseidon/workflows/SOMOSPIE/SOMOSPIE_pegasus/CombinedPipeline/submit/poseidon/pegasus/somospie/run0057/00/00/register_condorpool_3_0.in",3.0,0,0,,,,,,,,,
generate_eval_ID0000039,None,compute,0,1711693134.0,,,1711693140.0,1711693155.0,1711693185.0,105012680.0,1711693154.0,1711693215.0,1711693203.0,1711693206.0,2757803.0,1711693215.0,1711693220.0,6.0,,14.0,61.0,5.0,30.0,2410452250.0,3.0,9068473.0,poseidon,condorpool,poseidon-worker-2-container-36-39,generate_eval,/srv/generate_eval,,7.8,0,0,,,,,,,,,
generate_train_ID0000032,None,compute,0,1711693134.0,,,1711693140.0,1711693155.0,1711693187.0,96142444.0,1711693154.0,1711693210.0,1711693199.0,1711693202.0,393130.0,1711693210.0,1711693215.0,6.0,,14.0,56.0,5.0,32.0,2411396929.0,3.0,1265871.0,poseidon,condorpool,poseidon-worker-1-container-4-7,generate_train,/srv/generate_train,,0.9,0,0,,,,,,,,,
generate_eval_ID0000042,None,compute,0,1711693134.0,,,1711693140.0,1711693155.0,1711693181.0,129721489.1,1711693154.0,1711693215.0,1711693204.0,1711693209.0,45904827.0,1711693215.0,1711693220.0,6.0,,14.0,61.0,5.0,26.0,2410452250.0,5.0,240602325.0,poseidon,condorpool,poseidon-worker-1-container-12-15,generate_eval,/srv/generate_eval,,11.8,0,0,0.1,238209864.0,237779212.0,4045.0,7297.0,8.9,0.9,23820986.4,23777921.2
generate_train_ID0000031,None,compute,0,1711693134.0,,,1711693140.0,1711693155.0,1711693182.0,124140571.8,1711693154.0,1711693205.0,1711693193.0,1711693196.0,360305.0,1711693205.0,1711693210.0,6.0,,14.0,51.0,5.0,27.0,2411324399.0,3.0,1175014.0,poseidon,condorpool,poseidon-worker-1-container-20-23,generate_train,/srv/generate_train,,0.8,0,0,,,,,,,,,
generate_train_ID0000030,None,compute,0,1711693134.0,,,1711693140.0,1711693155.0,1711693180.0,133032739.4,1711693154.0,1711693200.0,1711693191.0,1711693194.0,303443.0,1711693200.0,1711693205.0,6.0,,14.0,46.0,5.0,25.0,2411167840.0,3.0,973028.0,poseidon,condorpool,poseidon-worker-2-container-40-43,generate_train,/srv/generate_train,,0.9,0,0,,,,,,,,,
generate_eval_ID0000040,None,compute,0,1711693134.0,,,1711693140.0,1711693155.0,1711693180.0,133548355.8,1711693154.0,1711693210.0,1711693199.0,1711693203.0,2553534.0,1711693210.0,1711693215.0,6.0,,14.0,56.0,5.0,25.0,2410452250.0,4.0,8350187.0,poseidon,condorpool,poseidon-worker-1-container-36-39,generate_eval,/srv/generate_eval,,8.0,0,0,,,,,,,,,
generate_eval_ID0000041,None,compute,0,1711693134.0,,,1711693140.0,1711693155.0,1711693181.0,131166608.0,1711693154.0,1711693225.0,1711693209.0,1711693217.0,71032749.0,1711693225.0,1711693230.0,6.0,,14.0,71.0,5.0,26.0,2410452250.0,8.0,561272484.0,poseidon,condorpool,poseidon-worker-1-container-28-31,generate_eval,/srv/generate_eval,,16.1,0,0,0.0,315776334.0,320944388.0,4462.0,9829.0,9.0,0.9,31577633.4,32094438.8
generate_train_ID0000036,None,compute,0,1711693134.0,,,1711693140.0,1711693155.0,1711693186.0,100238262.0,1711693154.0,1711693210.0,1711693197.0,1711693200.0,348712.0,1711693210.0,1711693215.0,6.0,,14.0,56.0,5.0,31.0,2411281478.0,3.0,1118721.0,poseidon,condorpool,poseidon-worker-1-container-0-3,generate_train,/srv/generate_train,,0.8,0,0,,,,,,,,,
generate_train_ID0000034,None,compute,0,1711693134.0,,,1711693140.0,1711693155.0,1711693179.0,144555269.8,1711693154.0,1711693200.0,1711693190.0,1711693193.0,393924.0,1711693200.0,1711693205.0,6.0,,14.0,46.0,5.0,24.0,2411404099.0,3.0,1275159.0,poseidon,condorpool,poseidon-worker-2-container-16-19,generate_train,/srv/generate_train,,0.9,0,0,,,,,,,,,
generate_train_ID0000033,None,compute,0,1711693134.0,,,1711693140.0,1711693155.0,1711693179.0,144262777.0,1711693154.0,1711693210.0,1711693190.0,1711693194.0,394818.0,1711693210.0,1711693215.0,6.0,,14.0,56.0,5.0,24.0,2411402752.0,4.0,1274805.0,poseidon,condorpool,poseidon-worker-1-container-16-19,generate_train,/srv/generate_train,,0.8,0,0,,,,,,,,,
generate_train_ID0000029,None,compute,0,1711693134.0,,,1711693140.0,1711693155.0,1711693179.0,144246055.8,1711693154.0,1711693200.0,1711693190.0,1711693193.0,262796.0,1711693200.0,1711693205.0,6.0,,14.0,46.0,5.0,24.0,2411064511.0,3.0,843408.0,poseidon,condorpool,poseidon-worker-2-container-44-47,generate_train,/srv/generate_train,,0.8,0,0,,,,,,,,,
generate_train_ID0000028,None,compute,0,1711693134.0,,,1711693140.0,1711693155.0,1711693182.0,123512605.5,1711693154.0,1711693205.0,1711693194.0,1711693197.0,235610.0,1711693205.0,1711693210.0,6.0,,14.0,51.0,5.0,27.0,2411001737.0,3.0,762584.0,poseidon,condorpool,poseidon-worker-1-container-44-47,generate_train,/srv/generate_train,,0.8,0,0,,,,,,,,,
stage_out_local_condorpool_4_0,None,transfer,0,1711693134.0,,,1711693139.0,,,0.0,1711693140.0,1711693145.0,,,0.0,1711693145.0,1711693150.0,5.0,,1.0,5.0,5.0,,,,,poseidon,local,poseidon-submit,pegasus::transfer,/mnt/poseidon-data/poseidon/pegasus-5.1.0panorama/bin/pegasus-transfer,/home/poseidon/pegasus-5.1.0panorama/bin/../bin/pegasus-kickstart  -n pegasus::transfer -N null -i - -R local  -L somospie -T 2024-03-27T17:59:14+00:00 /home/poseidon/pegasus-5.1.0panorama/bin/../bin/pegasus-transfer  --threads 2,2.5,0,0,,,,,,,,,
generate_train_ID0000027,None,compute,0,1711693134.0,,,1711693140.0,1711693141.0,1711693164.0,153497471.5,1711693140.0,1711693185.0,1711693175.0,1711693178.0,218000.0,1711693185.0,1711693190.0,6.0,,0.0,45.0,5.0,23.0,2411002607.0,3.0,764017.0,poseidon,condorpool,poseidon-worker-2-container-44-47,generate_train,/srv/generate_train,,0.9,0,0,,,,,,,,,
generate_train_ID0000038,None,compute,0,1711693134.0,,,1711693139.0,1711693141.0,1711693169.0,117972790.8,1711693140.0,1711693190.0,1711693180.0,1711693183.0,258463.0,1711693190.0,1711693195.0,5.0,,1.0,50.0,5.0,28.0,2411059770.0,3.0,837547.0,poseidon,condorpool,poseidon-worker-1-container-16-19,generate_train,/srv/generate_train,,0.9,0,0,,,,,,,,,
generate_train_ID0000037,None,compute,0,1711693134.0,,,1711693139.0,1711693141.0,1711693169.0,115014673.2,1711693140.0,1711693190.0,1711693180.0,1711693183.0,292867.0,1711693190.0,1711693195.0,5.0,,1.0,50.0,5.0,28.0,2411164025.0,3.0,969901.0,poseidon,condorpool,poseidon-worker-1-container-44-47,generate_train,/srv/generate_train,,0.9,0,0,,,,,,,,,
generate_train_ID0000035,None,compute,0,1711693134.0,,,1711693140.0,1711693155.0,1711693183.0,113977932.7,1711693154.0,1711693205.0,1711693193.0,1711693197.0,389110.0,1711693205.0,1711693210.0,6.0,,14.0,51.0,5.0,28.0,2411394544.0,4.0,1261244.0,poseidon,condorpool,poseidon-worker-2-container-0-3,generate_train,/srv/generate_train,,0.9,0,0,,,,,,,,,
register_condorpool_4_0,None,auxiliary,0,1711693150.0,,,1711693155.0,,,0.0,1711693159.0,1711693165.0,,,0.0,1711693165.0,1711693170.0,5.0,,4.0,6.0,5.0,,,,,poseidon,local,poseidon-submit,pegasus::rc-client,/mnt/poseidon-data/poseidon/pegasus-5.1.0panorama/bin/pegasus-rc-client,"-n pegasus::rc-client -N null -R local  -L somospie -T 2024-03-27T17:59:14+00:00 /home/poseidon/pegasus-5.1.0panorama/bin/pegasus-rc-client --prefix pegasus.catalog.replica.output --conf /mnt/poseidon-data/poseidon/workflows/SOMOSPIE/SOMOSPIE_pegasus/CombinedPipeline/submit/poseidon/pegasus/somospie/run0057/pegasus.3023270045307443573.properties -v --meta /mnt/poseidon-data/poseidon/workflows/SOMOSPIE/SOMOSPIE_pegasus/CombinedPipeline/submit/poseidon/pegasus/somospie/run0057/00/00/merge_avg_ID0000012.meta,/mnt/poseidon-data/poseidon/workflows/SOMOSPIE/SOMOSPIE_pegasus/CombinedPipeline/submit/poseidon/pegasus/somospie/run0057/00/00/merge_avg_ID0000014.meta,/mnt/poseidon-data/poseidon/workflows/SOMOSPIE/SOMOSPIE_pegasus/CombinedPipeline/submit/poseidon/pegasus/somospie/run0057/00/00/merge_avg_ID0000013.meta --insert /mnt/poseidon-data/poseidon/workflows/SOMOSPIE/SOMOSPIE_pegasus/CombinedPipeline/submit/poseidon/pegasus/somospie/run0057/00/00/register_condorpool_4_0.in",3.2,0,0,,,,,,,,,
stage_out_local_condorpool_5_0,None,transfer,0,1711693230.0,,,1711693235.0,,,0.0,1711693235.0,1711693245.0,,,0.0,1711693245.0,1711693250.0,5.0,,0.0,10.0,5.0,,,,,poseidon,local,poseidon-submit,pegasus::transfer,/mnt/poseidon-data/poseidon/pegasus-5.1.0panorama/bin/pegasus-transfer,/home/poseidon/pegasus-5.1.0panorama/bin/../bin/pegasus-kickstart  -n pegasus::transfer -N null -i - -R local  -L somospie -T 2024-03-27T17:59:14+00:00 /home/poseidon/pegasus-5.1.0panorama/bin/../bin/pegasus-transfer  --threads 2,3.8,0,0,,,,,,,,,
stage_out_local_condorpool_5_1,None,transfer,0,1711693230.0,,,1711693235.0,,,0.0,1711693235.0,1711693240.0,,,0.0,1711693240.0,1711693245.0,5.0,,0.0,5.0,5.0,,,,,poseidon,local,poseidon-submit,pegasus::transfer,/mnt/poseidon-data/poseidon/pegasus-5.1.0panorama/bin/pegasus-transfer,/home/poseidon/pegasus-5.1.0panorama/bin/../bin/pegasus-kickstart  -n pegasus::transfer -N null -i - -R local  -L somospie -T 2024-03-27T17:59:14+00:00 /home/poseidon/pegasus-5.1.0panorama/bin/../bin/pegasus-transfer  --threads 2,1.7,0,0,,,,,,,,,
register_condorpool_5_1,None,auxiliary,0,1711693245.0,,,1711693250.0,,,0.0,1711693250.0,1711693255.0,,,0.0,1711693255.0,1711693260.0,5.0,,0.0,5.0,5.0,,,,,poseidon,local,poseidon-submit,pegasus::rc-client,/mnt/poseidon-data/poseidon/pegasus-5.1.0panorama/bin/pegasus-rc-client,"-n pegasus::rc-client -N null -R local  -L somospie -T 2024-03-27T17:59:14+00:00 /home/poseidon/pegasus-5.1.0panorama/bin/pegasus-rc-client --prefix pegasus.catalog.replica.output --conf /mnt/poseidon-data/poseidon/workflows/SOMOSPIE/SOMOSPIE_pegasus/CombinedPipeline/submit/poseidon/pegasus/somospie/run0057/pegasus.3023270045307443573.properties -v --meta /mnt/poseidon-data/poseidon/workflows/SOMOSPIE/SOMOSPIE_pegasus/CombinedPipeline/submit/poseidon/pegasus/somospie/run0057/00/00/generate_train_ID0000038.meta,/mnt/poseidon-data/poseidon/workflows/SOMOSPIE/SOMOSPIE_pegasus/CombinedPipeline/submit/poseidon/pegasus/somospie/run0057/00/00/generate_train_ID0000037.meta,/mnt/poseidon-data/poseidon/workflows/SOMOSPIE/SOMOSPIE_pegasus/CombinedPipeline/submit/poseidon/pegasus/somospie/run0057/00/00/generate_train_ID0000028.meta,/mnt/poseidon-data/poseidon/workflows/SOMOSPIE/SOMOSPIE_pegasus/CombinedPipeline/submit/poseidon/pegasus/somospie/run0057/00/01/generate_eval_ID0000041.meta,/mnt/poseidon-data/poseidon/workflows/SOMOSPIE/SOMOSPIE_pegasus/CombinedPipeline/submit/poseidon/pegasus/somospie/run0057/00/01/generate_train_ID0000032.meta,/mnt/poseidon-data/poseidon/workflows/SOMOSPIE/SOMOSPIE_pegasus/CombinedPipeline/submit/poseidon/pegasus/somospie/run0057/00/01/generate_train_ID0000035.meta,/mnt/poseidon-data/poseidon/workflows/SOMOSPIE/SOMOSPIE_pegasus/CombinedPipeline/submit/poseidon/pegasus/somospie/run0057/00/01/generate_eval_ID0000040.meta,/mnt/poseidon-data/poseidon/workflows/SOMOSPIE/SOMOSPIE_pegasus/CombinedPipeline/submit/poseidon/pegasus/somospie/run0057/00/01/generate_train_ID0000031.meta,/mnt/poseidon-data/poseidon/workflows/SOMOSPIE/SOMOSPIE_pegasus/CombinedPipeline/submit/poseidon/pegasus/somospie/run0057/00/01/generate_train_ID0000036.meta,/mnt/poseidon-data/poseidon/workflows/SOMOSPIE/SOMOSPIE_pegasus/CombinedPipeline/submit/poseidon/pegasus/somospie/run0057/00/01/generate_eval_ID0000042.meta,/mnt/poseidon-data/poseidon/workflows/SOMOSPIE/SOMOSPIE_pegasus/CombinedPipeline/submit/poseidon/pegasus/somospie/run0057/00/00/generate_train_ID0000029.meta,/mnt/poseidon-data/poseidon/workflows/SOMOSPIE/SOMOSPIE_pegasus/CombinedPipeline/submit/poseidon/pegasus/somospie/run0057/00/00/generate_train_ID0000033.meta,/mnt/poseidon-data/poseidon/workflows/SOMOSPIE/SOMOSPIE_pegasus/CombinedPipeline/submit/poseidon/pegasus/somospie/run0057/00/00/generate_train_ID0000034.meta,/mnt/poseidon-data/poseidon/workflows/SOMOSPIE/SOMOSPIE_pegasus/CombinedPipeline/submit/poseidon/pegasus/somospie/run0057/00/01/generate_train_ID0000030.meta,/mnt/poseidon-data/poseidon/workflows/SOMOSPIE/SOMOSPIE_pegasus/CombinedPipeline/submit/poseidon/pegasus/somospie/run0057/00/01/generate_eval_ID0000039.meta,/mnt/poseidon-data/poseidon/workflows/SOMOSPIE/SOMOSPIE_pegasus/CombinedPipeline/submit/poseidon/pegasus/somospie/run0057/00/00/generate_train_ID0000027.meta --insert /mnt/poseidon-data/poseidon/workflows/SOMOSPIE/SOMOSPIE_pegasus/CombinedPipeline/submit/poseidon/pegasus/somospie/run0057/00/01/register_condorpool_5_1.in",3.4,0,0,,,,,,,,,
register_condorpool_5_0,None,auxiliary,0,1711693250.0,,,1711693260.0,,,0.0,1711693260.0,1711693265.0,,,0.0,1711693265.0,1711693270.0,10.0,,0.0,5.0,5.0,,,,,poseidon,local,poseidon-submit,pegasus::rc-client,/mnt/poseidon-data/poseidon/pegasus-5.1.0panorama/bin/pegasus-rc-client,"-n pegasus::rc-client -N null -R local  -L somospie -T 2024-03-27T17:59:14+00:00 /home/poseidon/pegasus-5.1.0panorama/bin/pegasus-rc-client --prefix pegasus.catalog.replica.output --conf /mnt/poseidon-data/poseidon/workflows/SOMOSPIE/SOMOSPIE_pegasus/CombinedPipeline/submit/poseidon/pegasus/somospie/run0057/pegasus.3023270045307443573.properties -v --meta /mnt/poseidon-data/poseidon/workflows/SOMOSPIE/SOMOSPIE_pegasus/CombinedPipeline/submit/poseidon/pegasus/somospie/run0057/00/00/generate_train_ID0000038.meta,/mnt/poseidon-data/poseidon/workflows/SOMOSPIE/SOMOSPIE_pegasus/CombinedPipeline/submit/poseidon/pegasus/somospie/run0057/00/00/generate_train_ID0000037.meta,/mnt/poseidon-data/poseidon/workflows/SOMOSPIE/SOMOSPIE_pegasus/CombinedPipeline/submit/poseidon/pegasus/somospie/run0057/00/00/generate_train_ID0000028.meta,/mnt/poseidon-data/poseidon/workflows/SOMOSPIE/SOMOSPIE_pegasus/CombinedPipeline/submit/poseidon/pegasus/somospie/run0057/00/01/generate_eval_ID0000041.meta,/mnt/poseidon-data/poseidon/workflows/SOMOSPIE/SOMOSPIE_pegasus/CombinedPipeline/submit/poseidon/pegasus/somospie/run0057/00/01/generate_train_ID0000032.meta,/mnt/poseidon-data/poseidon/workflows/SOMOSPIE/SOMOSPIE_pegasus/CombinedPipeline/submit/poseidon/pegasus/somospie/run0057/00/01/generate_train_ID0000035.meta,/mnt/poseidon-data/poseidon/workflows/SOMOSPIE/SOMOSPIE_pegasus/CombinedPipeline/submit/poseidon/pegasus/somospie/run0057/00/01/generate_eval_ID0000040.meta,/mnt/poseidon-data/poseidon/workflows/SOMOSPIE/SOMOSPIE_pegasus/CombinedPipeline/submit/poseidon/pegasus/somospie/run0057/00/01/generate_train_ID0000031.meta,/mnt/poseidon-data/poseidon/workflows/SOMOSPIE/SOMOSPIE_pegasus/CombinedPipeline/submit/poseidon/pegasus/somospie/run0057/00/01/generate_train_ID0000036.meta,/mnt/poseidon-data/poseidon/workflows/SOMOSPIE/SOMOSPIE_pegasus/CombinedPipeline/submit/poseidon/pegasus/somospie/run0057/00/01/generate_eval_ID0000042.meta,/mnt/poseidon-data/poseidon/workflows/SOMOSPIE/SOMOSPIE_pegasus/CombinedPipeline/submit/poseidon/pegasus/somospie/run0057/00/00/generate_train_ID0000029.meta,/mnt/poseidon-data/poseidon/workflows/SOMOSPIE/SOMOSPIE_pegasus/CombinedPipeline/submit/poseidon/pegasus/somospie/run0057/00/00/generate_train_ID0000033.meta,/mnt/poseidon-data/poseidon/workflows/SOMOSPIE/SOMOSPIE_pegasus/CombinedPipeline/submit/poseidon/pegasus/somospie/run0057/00/00/generate_train_ID0000034.meta,/mnt/poseidon-data/poseidon/workflows/SOMOSPIE/SOMOSPIE_pegasus/CombinedPipeline/submit/poseidon/pegasus/somospie/run0057/00/01/generate_train_ID0000030.meta,/mnt/poseidon-data/poseidon/workflows/SOMOSPIE/SOMOSPIE_pegasus/CombinedPipeline/submit/poseidon/pegasus/somospie/run0057/00/01/generate_eval_ID0000039.meta,/mnt/poseidon-data/poseidon/workflows/SOMOSPIE/SOMOSPIE_pegasus/CombinedPipeline/submit/poseidon/pegasus/somospie/run0057/00/00/generate_train_ID0000027.meta --insert /mnt/poseidon-data/poseidon/workflows/SOMOSPIE/SOMOSPIE_pegasus/CombinedPipeline/submit/poseidon/pegasus/somospie/run0057/00/01/register_condorpool_5_0.in",3.2,0,0,,,,,,,,,
cleanup_somospie_0_condorpool,None,auxiliary,0,1711693250.0,,,1711693255.0,,,0.0,1711693255.0,1711693260.0,,,0.0,1711693260.0,1711693265.0,5.0,,0.0,5.0,5.0,,,,,poseidon,local,poseidon-submit,pegasus::cleanup,/mnt/poseidon-data/poseidon/pegasus-5.1.0panorama/bin/pegasus-transfer,pegasus-kickstart  -n pegasus::cleanup -N null -i - -R local  -L somospie -T 2024-03-27T17:59:14+00:00 pegasus-transfer,0.3,0,0,,,,,,,,,
