,anomaly_type,type,is_clustered,ready,pre_script_start,pre_script_end,submit,stage_in_start,stage_in_end,stage_in_effective_bytes_per_sec,execute_start,execute_end,stage_out_start,stage_out_end,stage_out_effective_bytes_per_sec,post_script_start,post_script_end,wms_delay,pre_script_delay,queue_delay,runtime,post_script_delay,stage_in_delay,stage_in_bytes,stage_out_delay,stage_out_bytes,kickstart_user,kickstart_site,kickstart_hostname,kickstart_transformations,kickstart_executables,kickstart_executables_argv,kickstart_executables_cpu_time,kickstart_status,kickstart_executables_exitcode,kickstart_online_iowait,kickstart_online_bytes_read,kickstart_online_bytes_written,kickstart_online_read_system_calls,kickstart_online_write_system_calls,kickstart_online_utime,kickstart_online_stime,kickstart_online_bytes_read_per_second,kickstart_online_bytes_written_per_second
create_dir_somospie_0_condorpool,None,auxiliary,0,1711680600.0,,,1711680601.0,,,0.0,1711680605.0,1711680611.0,,,0.0,1711680611.0,1711680616.0,1.0,,4.0,6.0,5.0,,,,,poseidon,local,poseidon-submit,pegasus::dirmanager,/mnt/poseidon-data/poseidon/pegasus-5.1.0panorama/bin/pegasus-transfer,pegasus-kickstart  -n pegasus::dirmanager -N null -i - -R local  -L somospie -T 2024-03-27T17:59:14+00:00 pegasus-transfer,0.3,0,0,,,,,,,,,
get_sm_ID0000020,None,compute,0,1711680616.0,,,1711680621.0,1711680642.0,1711680663.0,32134844.6,1711680641.0,1711680682.0,1711680670.0,1711680673.0,294936.0,1711680682.0,1711680687.0,5.0,,20.0,41.0,5.0,21.0,470635724.0,3.0,945682.0,poseidon,condorpool,poseidon-worker-2-container-36-39,get_sm,/srv/get_sm,,2.0,0,0,,,,,,,,,
get_sm_ID0000021,None,compute,0,1711680616.0,,,1711680621.0,1711680642.0,1711680661.0,34191930.2,1711680641.0,1711680682.0,1711680668.0,1711680671.0,292684.0,1711680682.0,1711680687.0,5.0,,20.0,41.0,5.0,19.0,475840244.0,3.0,951505.0,poseidon,condorpool,poseidon-worker-2-container-4-7,get_sm,/srv/get_sm,,1.9,0,0,,,,,,,,,
get_sm_ID0000022,None,compute,0,1711680616.0,,,1711680621.0,1711680642.0,1711680661.0,36096519.5,1711680641.0,1711680682.0,1711680668.0,1711680671.0,293003.0,1711680682.0,1711680687.0,5.0,,20.0,41.0,5.0,19.0,475800760.0,3.0,952852.0,poseidon,condorpool,poseidon-worker-1-container-44-47,get_sm,/srv/get_sm,,2.1,0,0,,,,,,,,,
get_sm_ID0000023,None,compute,0,1711680616.0,,,1711680621.0,1711680642.0,1711680661.0,38289692.0,1711680641.0,1711680682.0,1711680668.0,1711680671.0,284234.0,1711680682.0,1711680687.0,5.0,,20.0,41.0,5.0,19.0,467398273.0,3.0,943297.0,poseidon,condorpool,poseidon-worker-1-container-36-39,get_sm,/srv/get_sm,,1.8,0,0,,,,,,,,,
get_sm_ID0000024,None,compute,0,1711680616.0,,,1711680621.0,1711680642.0,1711680661.0,34917059.3,1711680641.0,1711680682.0,1711680668.0,1711680672.0,254417.0,1711680682.0,1711680687.0,5.0,,20.0,41.0,5.0,19.0,457521962.0,4.0,830231.0,poseidon,condorpool,poseidon-worker-1-container-20-23,get_sm,/srv/get_sm,,1.9,0,0,,,,,,,,,
get_sm_ID0000025,None,compute,0,1711680616.0,,,1711680621.0,1711680642.0,1711680659.0,41002231.0,1711680641.0,1711680676.0,1711680666.0,1711680669.0,217551.0,1711680676.0,1711680682.0,5.0,,20.0,35.0,6.0,17.0,447555942.0,3.0,712778.0,poseidon,condorpool,poseidon-worker-2-container-0-3,get_sm,/srv/get_sm,,1.8,0,0,,,,,,,,,
get_sm_ID0000015,None,compute,0,1711680616.0,,,1711680621.0,1711680642.0,1711680660.0,39096173.2,1711680641.0,1711680676.0,1711680667.0,1711680671.0,171668.0,1711680676.0,1711680682.0,5.0,,20.0,35.0,6.0,18.0,440090843.0,4.0,551360.0,poseidon,condorpool,poseidon-worker-2-container-44-47,get_sm,/srv/get_sm,,1.8,0,0,,,,,,,,,
get_sm_ID0000026,None,compute,0,1711680616.0,,,1711680621.0,1711680642.0,1711680659.0,38874172.7,1711680641.0,1711680676.0,1711680666.0,1711680669.0,190987.0,1711680676.0,1711680682.0,5.0,,20.0,35.0,6.0,17.0,442257808.0,3.0,608523.0,poseidon,condorpool,poseidon-worker-1-container-0-3,get_sm,/srv/get_sm,,2.0,0,0,,,,,,,,,
get_sm_ID0000016,None,compute,0,1711680616.0,,,1711680621.0,1711680642.0,1711680667.0,23820373.2,1711680641.0,1711680687.0,1711680674.0,1711680677.0,173617.0,1711680687.0,1711680692.0,5.0,,20.0,46.0,5.0,25.0,436178789.0,3.0,550490.0,poseidon,condorpool,poseidon-worker-1-container-28-31,get_sm,/srv/get_sm,,1.8,0,0,,,,,,,,,
get_sm_ID0000017,None,compute,0,1711680616.0,,,1711680621.0,1711680641.0,1711680661.0,31664910.0,1711680641.0,1711680676.0,1711680668.0,1711680671.0,188959.0,1711680676.0,1711680682.0,5.0,,20.0,35.0,6.0,20.0,444771924.0,3.0,613264.0,poseidon,condorpool,poseidon-worker-2-container-32-35,get_sm,/srv/get_sm,,1.9,0,0,,,,,,,,,
get_sm_ID0000018,None,compute,0,1711680616.0,,,1711680621.0,1711680642.0,1711680661.0,35395470.5,1711680641.0,1711680682.0,1711680668.0,1711680671.0,215898.0,1711680682.0,1711680687.0,5.0,,20.0,41.0,5.0,19.0,449409643.0,3.0,716593.0,poseidon,condorpool,poseidon-worker-2-container-40-43,get_sm,/srv/get_sm,,2.0,0,0,,,,,,,,,
get_sm_ID0000019,None,compute,0,1711680616.0,,,1711680621.0,1711680642.0,1711680667.0,24948387.5,1711680641.0,1711680687.0,1711680674.0,1711680677.0,272896.0,1711680687.0,1711680692.0,5.0,,20.0,46.0,5.0,25.0,459739344.0,3.0,873152.0,poseidon,condorpool,poseidon-worker-1-container-40-43,get_sm,/srv/get_sm,,1.9,0,0,,,,,,,,,
merge_ID0000001,None,compute,0,1711680616.0,,,1711680621.0,1711680642.0,1711680662.0,131152135.0,1711680641.0,1711680717.0,1711680695.0,1711680709.0,91283860.0,1711680717.0,1711680722.0,5.0,,20.0,76.0,5.0,20.0,1726068480.0,14.0,1298102725.0,poseidon,condorpool,poseidon-worker-2-container-28-31,merge,/srv/merge,,41.2,0,0,0.0,979737813.0,1294859587.0,10788.0,39551.0,34.8,2.3,48986890.6,64742979.3
stage_out_local_condorpool_0_1,None,transfer,0,1711680692.0,,,1711680697.0,,,0.0,1711680697.0,1711680702.0,,,0.0,1711680702.0,1711680707.0,5.0,,0.0,5.0,5.0,,,,,poseidon,local,poseidon-submit,pegasus::transfer,/mnt/poseidon-data/poseidon/pegasus-5.1.0panorama/bin/pegasus-transfer,/home/poseidon/pegasus-5.1.0panorama/bin/../bin/pegasus-kickstart  -n pegasus::transfer -N null -i - -R local  -L somospie -T 2024-03-27T17:59:14+00:00 /home/poseidon/pegasus-5.1.0panorama/bin/../bin/pegasus-transfer  --threads 2,0.8,0,0,,,,,,,,,
register_condorpool_0_1,None,auxiliary,0,1711680707.0,,,1711680712.0,,,0.0,1711680712.0,1711680717.0,,,0.0,1711680717.0,1711680722.0,5.0,,0.0,5.0,5.0,,,,,poseidon,local,poseidon-submit,pegasus::rc-client,/mnt/poseidon-data/poseidon/pegasus-5.1.0panorama/bin/pegasus-rc-client,"-n pegasus::rc-client -N null -R local  -L somospie -T 2024-03-27T17:59:14+00:00 /home/poseidon/pegasus-5.1.0panorama/bin/pegasus-rc-client --prefix pegasus.catalog.replica.output --conf /mnt/poseidon-data/poseidon/workflows/SOMOSPIE/SOMOSPIE_pegasus/CombinedPipeline/submit/poseidon/pegasus/somospie/run0039/pegasus.12099228409448260516.properties -v --meta /mnt/poseidon-data/poseidon/workflows/SOMOSPIE/SOMOSPIE_pegasus/CombinedPipeline/submit/poseidon/pegasus/somospie/run0039/00/00/get_sm_ID0000020.meta,/mnt/poseidon-data/poseidon/workflows/SOMOSPIE/SOMOSPIE_pegasus/CombinedPipeline/submit/poseidon/pegasus/somospie/run0039/00/00/get_sm_ID0000024.meta,/mnt/poseidon-data/poseidon/workflows/SOMOSPIE/SOMOSPIE_pegasus/CombinedPipeline/submit/poseidon/pegasus/somospie/run0039/00/00/get_sm_ID0000026.meta,/mnt/poseidon-data/poseidon/workflows/SOMOSPIE/SOMOSPIE_pegasus/CombinedPipeline/submit/poseidon/pegasus/somospie/run0039/00/00/get_sm_ID0000019.meta,/mnt/poseidon-data/poseidon/workflows/SOMOSPIE/SOMOSPIE_pegasus/CombinedPipeline/submit/poseidon/pegasus/somospie/run0039/00/00/get_sm_ID0000016.meta,/mnt/poseidon-data/poseidon/workflows/SOMOSPIE/SOMOSPIE_pegasus/CombinedPipeline/submit/poseidon/pegasus/somospie/run0039/00/00/get_sm_ID0000022.meta --insert /mnt/poseidon-data/poseidon/workflows/SOMOSPIE/SOMOSPIE_pegasus/CombinedPipeline/submit/poseidon/pegasus/somospie/run0039/00/00/register_condorpool_0_1.in",3.0,0,0,,,,,,,,,
stage_out_local_condorpool_0_0,None,transfer,0,1711680722.0,,,1711680727.0,,,0.0,1711680727.0,1711680737.0,,,0.0,1711680737.0,1711680742.0,5.0,,0.0,10.0,5.0,,,,,poseidon,local,poseidon-submit,pegasus::transfer,/mnt/poseidon-data/poseidon/pegasus-5.1.0panorama/bin/pegasus-transfer,/home/poseidon/pegasus-5.1.0panorama/bin/../bin/pegasus-kickstart  -n pegasus::transfer -N null -i - -R local  -L somospie -T 2024-03-27T17:59:14+00:00 /home/poseidon/pegasus-5.1.0panorama/bin/../bin/pegasus-transfer  --threads 2,4.4,0,0,,,,,,,,,
reproject_ID0000011,None,compute,0,1711680722.0,,,1711680727.0,1711680729.0,1711680748.0,138913883.8,1711680728.0,1711680807.0,1711680785.0,1711680800.0,91517540.0,1711680807.0,1711680812.0,5.0,,1.0,79.0,5.0,19.0,1696973136.0,15.0,1298118839.0,poseidon,condorpool,poseidon-worker-2-container-28-31,reproject,/srv/reproject,,56.1,0,0,0.0,1307506833.0,1294269762.0,17026.0,39532.0,43.5,3.9,65375341.7,64713488.1
reproject_ID0000002,None,compute,0,1711680722.0,,,1711680727.0,1711680739.0,1711680757.0,143352405.5,1711680738.0,1711680812.0,1711680794.0,1711680806.0,88564865.0,1711680812.0,1711680817.0,5.0,,11.0,74.0,5.0,18.0,1696973986.0,12.0,1125581407.0,poseidon,condorpool,poseidon-worker-2-container-36-39,reproject,/srv/reproject,,52.8,0,0,0.0,1442888632.0,748794559.0,47768.0,22882.0,38.1,4.1,72144431.6,37439728.0
register_condorpool_0_0,None,auxiliary,0,1711680742.0,,,1711680747.0,,,0.0,1711680747.0,1711680752.0,,,0.0,1711680752.0,1711680757.0,5.0,,0.0,5.0,5.0,,,,,poseidon,local,poseidon-submit,pegasus::rc-client,/mnt/poseidon-data/poseidon/pegasus-5.1.0panorama/bin/pegasus-rc-client,"-n pegasus::rc-client -N null -R local  -L somospie -T 2024-03-27T17:59:14+00:00 /home/poseidon/pegasus-5.1.0panorama/bin/pegasus-rc-client --prefix pegasus.catalog.replica.output --conf /mnt/poseidon-data/poseidon/workflows/SOMOSPIE/SOMOSPIE_pegasus/CombinedPipeline/submit/poseidon/pegasus/somospie/run0039/pegasus.12099228409448260516.properties -v --meta /mnt/poseidon-data/poseidon/workflows/SOMOSPIE/SOMOSPIE_pegasus/CombinedPipeline/submit/poseidon/pegasus/somospie/run0039/00/00/get_sm_ID0000015.meta,/mnt/poseidon-data/poseidon/workflows/SOMOSPIE/SOMOSPIE_pegasus/CombinedPipeline/submit/poseidon/pegasus/somospie/run0039/00/00/get_sm_ID0000023.meta,/mnt/poseidon-data/poseidon/workflows/SOMOSPIE/SOMOSPIE_pegasus/CombinedPipeline/submit/poseidon/pegasus/somospie/run0039/00/00/get_sm_ID0000018.meta,/mnt/poseidon-data/poseidon/workflows/SOMOSPIE/SOMOSPIE_pegasus/CombinedPipeline/submit/poseidon/pegasus/somospie/run0039/00/00/get_sm_ID0000017.meta,/mnt/poseidon-data/poseidon/workflows/SOMOSPIE/SOMOSPIE_pegasus/CombinedPipeline/submit/poseidon/pegasus/somospie/run0039/00/00/merge_ID0000001.meta,/mnt/poseidon-data/poseidon/workflows/SOMOSPIE/SOMOSPIE_pegasus/CombinedPipeline/submit/poseidon/pegasus/somospie/run0039/00/00/get_sm_ID0000021.meta,/mnt/poseidon-data/poseidon/workflows/SOMOSPIE/SOMOSPIE_pegasus/CombinedPipeline/submit/poseidon/pegasus/somospie/run0039/00/00/get_sm_ID0000025.meta --insert /mnt/poseidon-data/poseidon/workflows/SOMOSPIE/SOMOSPIE_pegasus/CombinedPipeline/submit/poseidon/pegasus/somospie/run0039/00/00/register_condorpool_0_0.in",3.1,0,0,,,,,,,,,
stage_out_local_condorpool_1_0,None,transfer,0,1711680817.0,,,1711680822.0,,,0.0,1711680822.0,1711680832.0,,,0.0,1711680832.0,1711680837.0,5.0,,0.0,10.0,5.0,,,,,poseidon,local,poseidon-submit,pegasus::transfer,/mnt/poseidon-data/poseidon/pegasus-5.1.0panorama/bin/pegasus-transfer,/home/poseidon/pegasus-5.1.0panorama/bin/../bin/pegasus-kickstart  -n pegasus::transfer -N null -i - -R local  -L somospie -T 2024-03-27T17:59:14+00:00 /home/poseidon/pegasus-5.1.0panorama/bin/../bin/pegasus-transfer  --threads 2,7.2,0,0,,,,,,,,,
crop_ID0000009,None,compute,0,1711680817.0,,,1711680822.0,1711680824.0,1711680842.0,133670730.2,1711680823.0,1711680867.0,1711680853.0,1711680857.0,24120756.0,1711680867.0,1711680872.0,5.0,,1.0,44.0,5.0,18.0,1524452582.0,4.0,99654844.0,poseidon,condorpool,poseidon-worker-2-container-36-39,crop,/srv/crop,,3.0,0,0,,,,,,,,,
crop_ID0000007,None,compute,0,1711680817.0,,,1711680822.0,1711680824.0,1711680842.0,134315550.6,1711680823.0,1711680867.0,1711680855.0,1711680860.0,40228573.0,1711680867.0,1711680872.0,5.0,,1.0,44.0,5.0,18.0,1524452582.0,5.0,194227221.0,poseidon,condorpool,poseidon-worker-2-container-28-31,crop,/srv/crop,,4.4,0,0,,,,,,,,,
crop_ID0000005,None,compute,0,1711680817.0,,,1711680822.0,1711680839.0,1711680857.0,135845657.0,1711680838.0,1711680877.0,1711680867.0,1711680870.0,1334945.0,1711680877.0,1711680882.0,5.0,,16.0,39.0,5.0,18.0,1524452582.0,3.0,4263385.0,poseidon,condorpool,poseidon-worker-2-container-36-39,crop,/srv/crop,,1.9,0,0,,,,,,,,,
crop_ID0000003,None,compute,0,1711680817.0,,,1711680822.0,1711680839.0,1711680856.0,144879414.0,1711680838.0,1711680877.0,1711680866.0,1711680869.0,783849.0,1711680877.0,1711680882.0,5.0,,16.0,39.0,5.0,17.0,1524452582.0,3.0,2530349.0,poseidon,condorpool,poseidon-worker-2-container-28-31,crop,/srv/crop,,1.8,0,0,,,,,,,,,
register_condorpool_1_0,None,auxiliary,0,1711680837.0,,,1711680842.0,,,0.0,1711680843.0,1711680847.0,,,0.0,1711680847.0,1711680852.0,5.0,,1.0,4.0,5.0,,,,,poseidon,local,poseidon-submit,pegasus::rc-client,/mnt/poseidon-data/poseidon/pegasus-5.1.0panorama/bin/pegasus-rc-client,"-n pegasus::rc-client -N null -R local  -L somospie -T 2024-03-27T17:59:14+00:00 /home/poseidon/pegasus-5.1.0panorama/bin/pegasus-rc-client --prefix pegasus.catalog.replica.output --conf /mnt/poseidon-data/poseidon/workflows/SOMOSPIE/SOMOSPIE_pegasus/CombinedPipeline/submit/poseidon/pegasus/somospie/run0039/pegasus.12099228409448260516.properties -v --meta /mnt/poseidon-data/poseidon/workflows/SOMOSPIE/SOMOSPIE_pegasus/CombinedPipeline/submit/poseidon/pegasus/somospie/run0039/00/00/reproject_ID0000011.meta,/mnt/poseidon-data/poseidon/workflows/SOMOSPIE/SOMOSPIE_pegasus/CombinedPipeline/submit/poseidon/pegasus/somospie/run0039/00/00/reproject_ID0000002.meta --insert /mnt/poseidon-data/poseidon/workflows/SOMOSPIE/SOMOSPIE_pegasus/CombinedPipeline/submit/poseidon/pegasus/somospie/run0039/00/00/register_condorpool_1_0.in",3.1,0,0,,,,,,,,,
compute_ID0000010,None,compute,0,1711680872.0,,,1711680877.0,1711680878.0,1711680893.0,70387732.3,1711680878.0,1711680922.0,1711680910.0,1711680916.0,46227536.0,1711680922.0,1711680927.0,5.0,,1.0,44.0,5.0,15.0,498525556.0,6.0,250017804.0,poseidon,condorpool,poseidon-worker-2-container-36-39,compute,/srv/compute,,12.2,0,0,0.0,298506522.0,240326373.0,4366.0,7360.0,9.1,0.8,29850652.2,24032637.3
compute_ID0000008,None,compute,0,1711680872.0,,,1711680877.0,1711680878.0,1711680893.0,72287500.7,1711680878.0,1711680932.0,1711680918.0,1711680925.0,67422584.0,1711680932.0,1711680937.0,5.0,,1.0,54.0,5.0,15.0,593097933.0,7.0,506706062.0,poseidon,condorpool,poseidon-worker-2-container-28-31,compute,/srv/compute,,18.0,0,0,0.0,319076556.0,346074210.0,4061.0,10578.0,9.2,0.8,31907655.6,34607421.0
stage_out_local_condorpool_2_0,None,transfer,0,1711680882.0,,,1711680887.0,,,0.0,1711680887.0,1711680892.0,,,0.0,1711680892.0,1711680897.0,5.0,,0.0,5.0,5.0,,,,,poseidon,local,poseidon-submit,pegasus::transfer,/mnt/poseidon-data/poseidon/pegasus-5.1.0panorama/bin/pegasus-transfer,/home/poseidon/pegasus-5.1.0panorama/bin/../bin/pegasus-kickstart  -n pegasus::transfer -N null -i - -R local  -L somospie -T 2024-03-27T17:59:14+00:00 /home/poseidon/pegasus-5.1.0panorama/bin/../bin/pegasus-transfer  --threads 2,1.4,0,0,,,,,,,,,
compute_ID0000004,None,compute,0,1711680882.0,,,1711680887.0,1711680899.0,1711680913.0,55325145.7,1711680898.0,1711680932.0,1711680922.0,1711680926.0,1614769.0,1711680932.0,1711680937.0,5.0,,11.0,34.0,5.0,14.0,401401061.0,4.0,5326886.0,poseidon,condorpool,poseidon-worker-1-container-44-47,compute,/srv/compute,,5.2,0,0,,,,,,,,,
compute_ID0000006,None,compute,0,1711680882.0,,,1711680887.0,1711680899.0,1711680912.0,62344706.0,1711680898.0,1711680932.0,1711680922.0,1711680925.0,2922766.0,1711680932.0,1711680937.0,5.0,,11.0,34.0,5.0,13.0,403134097.0,3.0,9696865.0,poseidon,condorpool,poseidon-worker-2-container-4-7,compute,/srv/compute,,5.3,0,0,,,,,,,,,
register_condorpool_2_0,None,auxiliary,0,1711680897.0,,,1711680902.0,,,0.0,1711680903.0,1711680907.0,,,0.0,1711680907.0,1711680912.0,5.0,,1.0,4.0,5.0,,,,,poseidon,local,poseidon-submit,pegasus::rc-client,/mnt/poseidon-data/poseidon/pegasus-5.1.0panorama/bin/pegasus-rc-client,"-n pegasus::rc-client -N null -R local  -L somospie -T 2024-03-27T17:59:14+00:00 /home/poseidon/pegasus-5.1.0panorama/bin/pegasus-rc-client --prefix pegasus.catalog.replica.output --conf /mnt/poseidon-data/poseidon/workflows/SOMOSPIE/SOMOSPIE_pegasus/CombinedPipeline/submit/poseidon/pegasus/somospie/run0039/pegasus.12099228409448260516.properties -v --meta /mnt/poseidon-data/poseidon/workflows/SOMOSPIE/SOMOSPIE_pegasus/CombinedPipeline/submit/poseidon/pegasus/somospie/run0039/00/00/crop_ID0000007.meta,/mnt/poseidon-data/poseidon/workflows/SOMOSPIE/SOMOSPIE_pegasus/CombinedPipeline/submit/poseidon/pegasus/somospie/run0039/00/00/crop_ID0000009.meta,/mnt/poseidon-data/poseidon/workflows/SOMOSPIE/SOMOSPIE_pegasus/CombinedPipeline/submit/poseidon/pegasus/somospie/run0039/00/00/crop_ID0000003.meta,/mnt/poseidon-data/poseidon/workflows/SOMOSPIE/SOMOSPIE_pegasus/CombinedPipeline/submit/poseidon/pegasus/somospie/run0039/00/00/crop_ID0000005.meta --insert /mnt/poseidon-data/poseidon/workflows/SOMOSPIE/SOMOSPIE_pegasus/CombinedPipeline/submit/poseidon/pegasus/somospie/run0039/00/00/register_condorpool_2_0.in",3.1,0,0,,,,,,,,,
stage_out_local_condorpool_3_0,None,transfer,0,1711680937.0,,,1711680942.0,,,0.0,1711680942.0,1711680952.0,,,0.0,1711680952.0,1711680957.0,5.0,,0.0,10.0,5.0,,,,,poseidon,local,poseidon-submit,pegasus::transfer,/mnt/poseidon-data/poseidon/pegasus-5.1.0panorama/bin/pegasus-transfer,/home/poseidon/pegasus-5.1.0panorama/bin/../bin/pegasus-kickstart  -n pegasus::transfer -N null -i - -R local  -L somospie -T 2024-03-27T17:59:14+00:00 /home/poseidon/pegasus-5.1.0panorama/bin/../bin/pegasus-transfer  --threads 2,3.3,0,0,,,,,,,,,
merge_avg_ID0000014,None,compute,0,1711680937.0,,,1711680942.0,1711680943.0,1711680959.0,82688597.0,1711680943.0,1711681017.0,1711681001.0,1711681007.0,52864768.0,1711681017.0,1711681022.0,5.0,,1.0,74.0,5.0,16.0,737559838.0,6.0,309527239.0,poseidon,condorpool,poseidon-worker-2-container-36-39,merge_avg,/srv/merge_avg,,46.2,0,0,0.0,1078742546.0,671157692.0,48686.0,20592.0,23.4,6.5,35958084.9,22371923.1
merge_avg_ID0000012,None,compute,0,1711680937.0,,,1711680942.0,1711680943.0,1711680959.0,83853952.5,1711680943.0,1711681012.0,1711680999.0,1711681005.0,53162461.0,1711681012.0,1711681017.0,5.0,,1.0,69.0,5.0,16.0,731979063.0,6.0,304811410.0,poseidon,condorpool,poseidon-worker-2-container-4-7,merge_avg,/srv/merge_avg,,46.4,0,0,0.0,1147860848.0,671039319.0,48008.0,20600.0,27.8,7.5,38262028.3,22367977.3
merge_avg_ID0000013,None,compute,0,1711680937.0,,,1711680942.0,1711680943.0,1711680958.0,68088731.7,1711680943.0,1711681007.0,1711680996.0,1711681000.0,23945985.0,1711681007.0,1711681012.0,5.0,,1.0,64.0,5.0,15.0,498824437.0,4.0,98388765.0,poseidon,condorpool,poseidon-worker-2-container-28-31,merge_avg,/srv/merge_avg,,42.5,0,0,0.0,458316192.0,203196175.0,49184.0,6328.0,26.3,7.2,15277206.4,6773205.8
register_condorpool_3_0,None,auxiliary,0,1711680957.0,,,1711680962.0,,,0.0,1711680962.0,1711680967.0,,,0.0,1711680967.0,1711680972.0,5.0,,0.0,5.0,5.0,,,,,poseidon,local,poseidon-submit,pegasus::rc-client,/mnt/poseidon-data/poseidon/pegasus-5.1.0panorama/bin/pegasus-rc-client,"-n pegasus::rc-client -N null -R local  -L somospie -T 2024-03-27T17:59:14+00:00 /home/poseidon/pegasus-5.1.0panorama/bin/pegasus-rc-client --prefix pegasus.catalog.replica.output --conf /mnt/poseidon-data/poseidon/workflows/SOMOSPIE/SOMOSPIE_pegasus/CombinedPipeline/submit/poseidon/pegasus/somospie/run0039/pegasus.12099228409448260516.properties -v --meta /mnt/poseidon-data/poseidon/workflows/SOMOSPIE/SOMOSPIE_pegasus/CombinedPipeline/submit/poseidon/pegasus/somospie/run0039/00/00/compute_ID0000010.meta,/mnt/poseidon-data/poseidon/workflows/SOMOSPIE/SOMOSPIE_pegasus/CombinedPipeline/submit/poseidon/pegasus/somospie/run0039/00/00/compute_ID0000004.meta,/mnt/poseidon-data/poseidon/workflows/SOMOSPIE/SOMOSPIE_pegasus/CombinedPipeline/submit/poseidon/pegasus/somospie/run0039/00/00/compute_ID0000006.meta,/mnt/poseidon-data/poseidon/workflows/SOMOSPIE/SOMOSPIE_pegasus/CombinedPipeline/submit/poseidon/pegasus/somospie/run0039/00/00/compute_ID0000008.meta --insert /mnt/poseidon-data/poseidon/workflows/SOMOSPIE/SOMOSPIE_pegasus/CombinedPipeline/submit/poseidon/pegasus/somospie/run0039/00/00/register_condorpool_3_0.in",3.1,0,0,,,,,,,,,
generate_eval_ID0000039,None,compute,0,1711681022.0,,,1711681027.0,1711681043.0,1711681071.0,117274786.9,1711681042.0,1711681102.0,1711681088.0,1711681092.0,2737105.0,1711681102.0,1711681107.0,5.0,,15.0,60.0,5.0,28.0,2410452250.0,4.0,9068473.0,poseidon,condorpool,poseidon-worker-1-container-40-43,generate_eval,/srv/generate_eval,,7.7,0,0,,,,,,,,,
generate_train_ID0000032,None,compute,0,1711681022.0,,,1711681027.0,1711681043.0,1711681073.0,103232327.6,1711681042.0,1711681097.0,1711681084.0,1711681087.0,385676.0,1711681097.0,1711681102.0,5.0,,15.0,55.0,5.0,30.0,2411396929.0,3.0,1265871.0,poseidon,condorpool,poseidon-worker-2-container-40-43,generate_train,/srv/generate_train,,0.8,0,0,,,,,,,,,
generate_eval_ID0000042,None,compute,0,1711681022.0,,,1711681027.0,1711681043.0,1711681073.0,104909793.9,1711681042.0,1711681107.0,1711681096.0,1711681101.0,46026927.0,1711681107.0,1711681112.0,5.0,,15.0,65.0,5.0,30.0,2410452250.0,5.0,240602325.0,poseidon,condorpool,poseidon-worker-2-container-32-35,generate_eval,/srv/generate_eval,,11.9,0,0,0.1,238115135.0,237648139.0,4022.0,7292.0,8.8,0.9,23811513.5,23764813.9
generate_train_ID0000031,None,compute,0,1711681022.0,,,1711681027.0,1711681043.0,1711681068.0,133073751.5,1711681042.0,1711681092.0,1711681079.0,1711681083.0,360424.0,1711681092.0,1711681097.0,5.0,,15.0,50.0,5.0,25.0,2411324399.0,4.0,1175014.0,poseidon,condorpool,poseidon-worker-1-container-28-31,generate_train,/srv/generate_train,,0.9,0,0,,,,,,,,,
generate_train_ID0000030,None,compute,0,1711681022.0,,,1711681027.0,1711681043.0,1711681068.0,132275810.0,1711681042.0,1711681092.0,1711681079.0,1711681083.0,298353.0,1711681092.0,1711681097.0,5.0,,15.0,50.0,5.0,25.0,2411167840.0,4.0,973028.0,poseidon,condorpool,poseidon-worker-1-container-0-3,generate_train,/srv/generate_train,,0.8,0,0,,,,,,,,,
generate_eval_ID0000040,None,compute,0,1711681022.0,,,1711681027.0,1711681043.0,1711681069.0,131706720.9,1711681042.0,1711681097.0,1711681087.0,1711681091.0,2570211.0,1711681097.0,1711681102.0,5.0,,15.0,55.0,5.0,26.0,2410452250.0,4.0,8350187.0,poseidon,condorpool,poseidon-worker-2-container-44-47,generate_eval,/srv/generate_eval,,8.2,0,0,,,,,,,,,
generate_eval_ID0000041,None,compute,0,1711681022.0,,,1711681027.0,1711681043.0,1711681071.0,113586005.8,1711681042.0,1711681117.0,1711681099.0,1711681107.0,70847139.0,1711681117.0,1711681122.0,5.0,,15.0,75.0,5.0,28.0,2410452250.0,8.0,561272484.0,poseidon,condorpool,poseidon-worker-2-container-0-3,generate_eval,/srv/generate_eval,,15.7,0,0,0.0,335865859.0,325138694.0,4661.0,9958.0,8.9,0.9,33586585.9,32513869.4
generate_train_ID0000036,None,compute,0,1711681022.0,,,1711681027.0,1711681043.0,1711681067.0,138357812.4,1711681042.0,1711681087.0,1711681078.0,1711681081.0,345324.0,1711681087.0,1711681092.0,5.0,,15.0,45.0,5.0,24.0,2411281478.0,3.0,1118721.0,poseidon,condorpool,poseidon-worker-1-container-20-23,generate_train,/srv/generate_train,,0.8,0,0,,,,,,,,,
generate_train_ID0000034,None,compute,0,1711681022.0,,,1711681027.0,1711681043.0,1711681068.0,133304885.4,1711681042.0,1711681092.0,1711681079.0,1711681082.0,391831.0,1711681092.0,1711681097.0,5.0,,15.0,50.0,5.0,25.0,2411404099.0,3.0,1275159.0,poseidon,condorpool,poseidon-worker-1-container-44-47,generate_train,/srv/generate_train,,0.8,0,0,,,,,,,,,
generate_train_ID0000033,None,compute,0,1711681022.0,,,1711681027.0,1711681043.0,1711681069.0,129221809.2,1711681042.0,1711681092.0,1711681080.0,1711681083.0,395949.0,1711681092.0,1711681097.0,5.0,,15.0,50.0,5.0,26.0,2411402752.0,3.0,1274805.0,poseidon,condorpool,poseidon-worker-2-container-28-31,generate_train,/srv/generate_train,,0.8,0,0,,,,,,,,,
generate_train_ID0000029,None,compute,0,1711681022.0,,,1711681027.0,1711681043.0,1711681073.0,107527601.4,1711681042.0,1711681097.0,1711681084.0,1711681087.0,263359.0,1711681097.0,1711681102.0,5.0,,15.0,55.0,5.0,30.0,2411064511.0,3.0,843408.0,poseidon,condorpool,poseidon-worker-2-container-4-7,generate_train,/srv/generate_train,,0.9,0,0,,,,,,,,,
generate_train_ID0000028,None,compute,0,1711681022.0,,,1711681027.0,1711681043.0,1711681074.0,101619875.5,1711681042.0,1711681097.0,1711681085.0,1711681088.0,238599.0,1711681097.0,1711681102.0,5.0,,15.0,55.0,5.0,31.0,2411001737.0,3.0,762584.0,poseidon,condorpool,poseidon-worker-2-container-36-39,generate_train,/srv/generate_train,,0.9,0,0,,,,,,,,,
stage_out_local_condorpool_4_0,None,transfer,0,1711681022.0,,,1711681027.0,,,0.0,1711681027.0,1711681032.0,,,0.0,1711681032.0,1711681037.0,5.0,,0.0,5.0,5.0,,,,,poseidon,local,poseidon-submit,pegasus::transfer,/mnt/poseidon-data/poseidon/pegasus-5.1.0panorama/bin/pegasus-transfer,/home/poseidon/pegasus-5.1.0panorama/bin/../bin/pegasus-kickstart  -n pegasus::transfer -N null -i - -R local  -L somospie -T 2024-03-27T17:59:14+00:00 /home/poseidon/pegasus-5.1.0panorama/bin/../bin/pegasus-transfer  --threads 2,2.5,0,0,,,,,,,,,
generate_train_ID0000027,None,compute,0,1711681022.0,,,1711681027.0,1711681029.0,1711681058.0,109185644.7,1711681028.0,1711681082.0,1711681069.0,1711681072.0,233707.0,1711681082.0,1711681087.0,5.0,,1.0,54.0,5.0,29.0,2411002607.0,3.0,764017.0,poseidon,condorpool,poseidon-worker-2-container-28-31,generate_train,/srv/generate_train,,0.9,0,0,,,,,,,,,
generate_train_ID0000038,None,compute,0,1711681022.0,,,1711681027.0,1711681029.0,1711681052.0,147140378.6,1711681028.0,1711681077.0,1711681063.0,1711681067.0,248338.0,1711681077.0,1711681082.0,5.0,,1.0,49.0,5.0,23.0,2411059770.0,4.0,837547.0,poseidon,condorpool,poseidon-worker-2-container-4-7,generate_train,/srv/generate_train,,0.8,0,0,,,,,,,,,
generate_train_ID0000037,None,compute,0,1711681022.0,,,1711681027.0,1711681029.0,1711681052.0,146705769.8,1711681028.0,1711681077.0,1711681063.0,1711681067.0,273480.0,1711681077.0,1711681082.0,5.0,,1.0,49.0,5.0,23.0,2411164025.0,4.0,969901.0,poseidon,condorpool,poseidon-worker-2-container-36-39,generate_train,/srv/generate_train,,0.8,0,0,,,,,,,,,
generate_train_ID0000035,None,compute,0,1711681022.0,,,1711681027.0,1711681043.0,1711681069.0,127892931.0,1711681042.0,1711681092.0,1711681080.0,1711681083.0,386374.0,1711681092.0,1711681097.0,5.0,,15.0,50.0,5.0,26.0,2411394544.0,3.0,1261244.0,poseidon,condorpool,poseidon-worker-1-container-36-39,generate_train,/srv/generate_train,,0.8,0,0,,,,,,,,,
register_condorpool_4_0,None,auxiliary,0,1711681037.0,,,1711681042.0,,,0.0,1711681042.0,1711681047.0,,,0.0,1711681047.0,1711681052.0,5.0,,0.0,5.0,5.0,,,,,poseidon,local,poseidon-submit,pegasus::rc-client,/mnt/poseidon-data/poseidon/pegasus-5.1.0panorama/bin/pegasus-rc-client,"-n pegasus::rc-client -N null -R local  -L somospie -T 2024-03-27T17:59:14+00:00 /home/poseidon/pegasus-5.1.0panorama/bin/pegasus-rc-client --prefix pegasus.catalog.replica.output --conf /mnt/poseidon-data/poseidon/workflows/SOMOSPIE/SOMOSPIE_pegasus/CombinedPipeline/submit/poseidon/pegasus/somospie/run0039/pegasus.12099228409448260516.properties -v --meta /mnt/poseidon-data/poseidon/workflows/SOMOSPIE/SOMOSPIE_pegasus/CombinedPipeline/submit/poseidon/pegasus/somospie/run0039/00/00/merge_avg_ID0000012.meta,/mnt/poseidon-data/poseidon/workflows/SOMOSPIE/SOMOSPIE_pegasus/CombinedPipeline/submit/poseidon/pegasus/somospie/run0039/00/00/merge_avg_ID0000014.meta,/mnt/poseidon-data/poseidon/workflows/SOMOSPIE/SOMOSPIE_pegasus/CombinedPipeline/submit/poseidon/pegasus/somospie/run0039/00/00/merge_avg_ID0000013.meta --insert /mnt/poseidon-data/poseidon/workflows/SOMOSPIE/SOMOSPIE_pegasus/CombinedPipeline/submit/poseidon/pegasus/somospie/run0039/00/00/register_condorpool_4_0.in",3.2,0,0,,,,,,,,,
stage_out_local_condorpool_5_0,None,transfer,0,1711681122.0,,,1711681127.0,,,0.0,1711681127.0,1711681137.0,,,0.0,1711681137.0,1711681142.0,5.0,,0.0,10.0,5.0,,,,,poseidon,local,poseidon-submit,pegasus::transfer,/mnt/poseidon-data/poseidon/pegasus-5.1.0panorama/bin/pegasus-transfer,/home/poseidon/pegasus-5.1.0panorama/bin/../bin/pegasus-kickstart  -n pegasus::transfer -N null -i - -R local  -L somospie -T 2024-03-27T17:59:14+00:00 /home/poseidon/pegasus-5.1.0panorama/bin/../bin/pegasus-transfer  --threads 2,3.8,0,0,,,,,,,,,
stage_out_local_condorpool_5_1,None,transfer,0,1711681122.0,,,1711681127.0,,,0.0,1711681127.0,1711681132.0,,,0.0,1711681132.0,1711681137.0,5.0,,0.0,5.0,5.0,,,,,poseidon,local,poseidon-submit,pegasus::transfer,/mnt/poseidon-data/poseidon/pegasus-5.1.0panorama/bin/pegasus-transfer,/home/poseidon/pegasus-5.1.0panorama/bin/../bin/pegasus-kickstart  -n pegasus::transfer -N null -i - -R local  -L somospie -T 2024-03-27T17:59:14+00:00 /home/poseidon/pegasus-5.1.0panorama/bin/../bin/pegasus-transfer  --threads 2,1.6,0,0,,,,,,,,,
register_condorpool_5_1,None,auxiliary,0,1711681137.0,,,1711681142.0,,,0.0,1711681142.0,1711681147.0,,,0.0,1711681147.0,1711681152.0,5.0,,0.0,5.0,5.0,,,,,poseidon,local,poseidon-submit,pegasus::rc-client,/mnt/poseidon-data/poseidon/pegasus-5.1.0panorama/bin/pegasus-rc-client,"-n pegasus::rc-client -N null -R local  -L somospie -T 2024-03-27T17:59:14+00:00 /home/poseidon/pegasus-5.1.0panorama/bin/pegasus-rc-client --prefix pegasus.catalog.replica.output --conf /mnt/poseidon-data/poseidon/workflows/SOMOSPIE/SOMOSPIE_pegasus/CombinedPipeline/submit/poseidon/pegasus/somospie/run0039/pegasus.12099228409448260516.properties -v --meta /mnt/poseidon-data/poseidon/workflows/SOMOSPIE/SOMOSPIE_pegasus/CombinedPipeline/submit/poseidon/pegasus/somospie/run0039/00/00/generate_train_ID0000038.meta,/mnt/poseidon-data/poseidon/workflows/SOMOSPIE/SOMOSPIE_pegasus/CombinedPipeline/submit/poseidon/pegasus/somospie/run0039/00/00/generate_train_ID0000037.meta,/mnt/poseidon-data/poseidon/workflows/SOMOSPIE/SOMOSPIE_pegasus/CombinedPipeline/submit/poseidon/pegasus/somospie/run0039/00/00/generate_train_ID0000028.meta,/mnt/poseidon-data/poseidon/workflows/SOMOSPIE/SOMOSPIE_pegasus/CombinedPipeline/submit/poseidon/pegasus/somospie/run0039/00/01/generate_eval_ID0000041.meta,/mnt/poseidon-data/poseidon/workflows/SOMOSPIE/SOMOSPIE_pegasus/CombinedPipeline/submit/poseidon/pegasus/somospie/run0039/00/01/generate_train_ID0000032.meta,/mnt/poseidon-data/poseidon/workflows/SOMOSPIE/SOMOSPIE_pegasus/CombinedPipeline/submit/poseidon/pegasus/somospie/run0039/00/01/generate_train_ID0000035.meta,/mnt/poseidon-data/poseidon/workflows/SOMOSPIE/SOMOSPIE_pegasus/CombinedPipeline/submit/poseidon/pegasus/somospie/run0039/00/01/generate_eval_ID0000040.meta,/mnt/poseidon-data/poseidon/workflows/SOMOSPIE/SOMOSPIE_pegasus/CombinedPipeline/submit/poseidon/pegasus/somospie/run0039/00/01/generate_train_ID0000031.meta,/mnt/poseidon-data/poseidon/workflows/SOMOSPIE/SOMOSPIE_pegasus/CombinedPipeline/submit/poseidon/pegasus/somospie/run0039/00/01/generate_train_ID0000036.meta,/mnt/poseidon-data/poseidon/workflows/SOMOSPIE/SOMOSPIE_pegasus/CombinedPipeline/submit/poseidon/pegasus/somospie/run0039/00/01/generate_eval_ID0000042.meta,/mnt/poseidon-data/poseidon/workflows/SOMOSPIE/SOMOSPIE_pegasus/CombinedPipeline/submit/poseidon/pegasus/somospie/run0039/00/00/generate_train_ID0000029.meta,/mnt/poseidon-data/poseidon/workflows/SOMOSPIE/SOMOSPIE_pegasus/CombinedPipeline/submit/poseidon/pegasus/somospie/run0039/00/00/generate_train_ID0000033.meta,/mnt/poseidon-data/poseidon/workflows/SOMOSPIE/SOMOSPIE_pegasus/CombinedPipeline/submit/poseidon/pegasus/somospie/run0039/00/00/generate_train_ID0000034.meta,/mnt/poseidon-data/poseidon/workflows/SOMOSPIE/SOMOSPIE_pegasus/CombinedPipeline/submit/poseidon/pegasus/somospie/run0039/00/01/generate_train_ID0000030.meta,/mnt/poseidon-data/poseidon/workflows/SOMOSPIE/SOMOSPIE_pegasus/CombinedPipeline/submit/poseidon/pegasus/somospie/run0039/00/01/generate_eval_ID0000039.meta,/mnt/poseidon-data/poseidon/workflows/SOMOSPIE/SOMOSPIE_pegasus/CombinedPipeline/submit/poseidon/pegasus/somospie/run0039/00/00/generate_train_ID0000027.meta --insert /mnt/poseidon-data/poseidon/workflows/SOMOSPIE/SOMOSPIE_pegasus/CombinedPipeline/submit/poseidon/pegasus/somospie/run0039/00/01/register_condorpool_5_1.in",3.2,0,0,,,,,,,,,
register_condorpool_5_0,None,auxiliary,0,1711681142.0,,,1711681152.0,,,0.0,1711681152.0,1711681157.0,,,0.0,1711681157.0,1711681162.0,10.0,,0.0,5.0,5.0,,,,,poseidon,local,poseidon-submit,pegasus::rc-client,/mnt/poseidon-data/poseidon/pegasus-5.1.0panorama/bin/pegasus-rc-client,"-n pegasus::rc-client -N null -R local  -L somospie -T 2024-03-27T17:59:14+00:00 /home/poseidon/pegasus-5.1.0panorama/bin/pegasus-rc-client --prefix pegasus.catalog.replica.output --conf /mnt/poseidon-data/poseidon/workflows/SOMOSPIE/SOMOSPIE_pegasus/CombinedPipeline/submit/poseidon/pegasus/somospie/run0039/pegasus.12099228409448260516.properties -v --meta /mnt/poseidon-data/poseidon/workflows/SOMOSPIE/SOMOSPIE_pegasus/CombinedPipeline/submit/poseidon/pegasus/somospie/run0039/00/00/generate_train_ID0000038.meta,/mnt/poseidon-data/poseidon/workflows/SOMOSPIE/SOMOSPIE_pegasus/CombinedPipeline/submit/poseidon/pegasus/somospie/run0039/00/00/generate_train_ID0000037.meta,/mnt/poseidon-data/poseidon/workflows/SOMOSPIE/SOMOSPIE_pegasus/CombinedPipeline/submit/poseidon/pegasus/somospie/run0039/00/00/generate_train_ID0000028.meta,/mnt/poseidon-data/poseidon/workflows/SOMOSPIE/SOMOSPIE_pegasus/CombinedPipeline/submit/poseidon/pegasus/somospie/run0039/00/01/generate_eval_ID0000041.meta,/mnt/poseidon-data/poseidon/workflows/SOMOSPIE/SOMOSPIE_pegasus/CombinedPipeline/submit/poseidon/pegasus/somospie/run0039/00/01/generate_train_ID0000032.meta,/mnt/poseidon-data/poseidon/workflows/SOMOSPIE/SOMOSPIE_pegasus/CombinedPipeline/submit/poseidon/pegasus/somospie/run0039/00/01/generate_train_ID0000035.meta,/mnt/poseidon-data/poseidon/workflows/SOMOSPIE/SOMOSPIE_pegasus/CombinedPipeline/submit/poseidon/pegasus/somospie/run0039/00/01/generate_eval_ID0000040.meta,/mnt/poseidon-data/poseidon/workflows/SOMOSPIE/SOMOSPIE_pegasus/CombinedPipeline/submit/poseidon/pegasus/somospie/run0039/00/01/generate_train_ID0000031.meta,/mnt/poseidon-data/poseidon/workflows/SOMOSPIE/SOMOSPIE_pegasus/CombinedPipeline/submit/poseidon/pegasus/somospie/run0039/00/01/generate_train_ID0000036.meta,/mnt/poseidon-data/poseidon/workflows/SOMOSPIE/SOMOSPIE_pegasus/CombinedPipeline/submit/poseidon/pegasus/somospie/run0039/00/01/generate_eval_ID0000042.meta,/mnt/poseidon-data/poseidon/workflows/SOMOSPIE/SOMOSPIE_pegasus/CombinedPipeline/submit/poseidon/pegasus/somospie/run0039/00/00/generate_train_ID0000029.meta,/mnt/poseidon-data/poseidon/workflows/SOMOSPIE/SOMOSPIE_pegasus/CombinedPipeline/submit/poseidon/pegasus/somospie/run0039/00/00/generate_train_ID0000033.meta,/mnt/poseidon-data/poseidon/workflows/SOMOSPIE/SOMOSPIE_pegasus/CombinedPipeline/submit/poseidon/pegasus/somospie/run0039/00/00/generate_train_ID0000034.meta,/mnt/poseidon-data/poseidon/workflows/SOMOSPIE/SOMOSPIE_pegasus/CombinedPipeline/submit/poseidon/pegasus/somospie/run0039/00/01/generate_train_ID0000030.meta,/mnt/poseidon-data/poseidon/workflows/SOMOSPIE/SOMOSPIE_pegasus/CombinedPipeline/submit/poseidon/pegasus/somospie/run0039/00/01/generate_eval_ID0000039.meta,/mnt/poseidon-data/poseidon/workflows/SOMOSPIE/SOMOSPIE_pegasus/CombinedPipeline/submit/poseidon/pegasus/somospie/run0039/00/00/generate_train_ID0000027.meta --insert /mnt/poseidon-data/poseidon/workflows/SOMOSPIE/SOMOSPIE_pegasus/CombinedPipeline/submit/poseidon/pegasus/somospie/run0039/00/01/register_condorpool_5_0.in",3.3,0,0,,,,,,,,,
cleanup_somospie_0_condorpool,None,auxiliary,0,1711681142.0,,,1711681147.0,,,0.0,1711681147.0,1711681152.0,,,0.0,1711681152.0,1711681157.0,5.0,,0.0,5.0,5.0,,,,,poseidon,local,poseidon-submit,pegasus::cleanup,/mnt/poseidon-data/poseidon/pegasus-5.1.0panorama/bin/pegasus-transfer,pegasus-kickstart  -n pegasus::cleanup -N null -i - -R local  -L somospie -T 2024-03-27T17:59:14+00:00 pegasus-transfer,0.3,0,0,,,,,,,,,
