,anomaly_type,type,is_clustered,ready,pre_script_start,pre_script_end,submit,stage_in_start,stage_in_end,stage_in_effective_bytes_per_sec,execute_start,execute_end,stage_out_start,stage_out_end,stage_out_effective_bytes_per_sec,post_script_start,post_script_end,wms_delay,pre_script_delay,queue_delay,runtime,post_script_delay,stage_in_delay,stage_in_bytes,stage_out_delay,stage_out_bytes,kickstart_user,kickstart_site,kickstart_hostname,kickstart_transformations,kickstart_executables,kickstart_executables_argv,kickstart_executables_cpu_time,kickstart_status,kickstart_executables_exitcode,kickstart_online_iowait,kickstart_online_bytes_read,kickstart_online_bytes_written,kickstart_online_read_system_calls,kickstart_online_write_system_calls,kickstart_online_utime,kickstart_online_stime,kickstart_online_bytes_read_per_second,kickstart_online_bytes_written_per_second
create_dir_somospie_0_condorpool,None,auxiliary,0,1711673867.0,,,1711673868.0,,,0.0,1711673872.0,1711673878.0,,,0.0,1711673878.0,1711673883.0,1.0,,4.0,6.0,5.0,,,,,poseidon,local,poseidon-submit,pegasus::dirmanager,/mnt/poseidon-data/poseidon/pegasus-5.1.0panorama/bin/pegasus-transfer,pegasus-kickstart  -n pegasus::dirmanager -N null -i - -R local  -L somospie -T 2024-03-27T17:59:14+00:00 pegasus-transfer,0.3,0,0,,,,,,,,,
get_sm_ID0000020,None,compute,0,1711673883.0,,,1711673889.0,1711673901.0,1711673922.0,29958306.9,1711673900.0,1711673939.0,1711673929.0,1711673932.0,296152.0,1711673939.0,1711673944.0,6.0,,11.0,39.0,5.0,21.0,470635724.0,3.0,945682.0,poseidon,condorpool,poseidon-worker-2-container-44-47,get_sm,/srv/get_sm,,1.9,0,0,,,,,,,,,
get_sm_ID0000021,None,compute,0,1711673883.0,,,1711673889.0,1711673901.0,1711673923.0,31866416.3,1711673900.0,1711673939.0,1711673930.0,1711673933.0,297850.0,1711673939.0,1711673944.0,6.0,,11.0,39.0,5.0,22.0,475840244.0,3.0,951505.0,poseidon,condorpool,poseidon-worker-2-container-36-39,get_sm,/srv/get_sm,,1.9,0,0,,,,,,,,,
get_sm_ID0000022,None,compute,0,1711673883.0,,,1711673889.0,1711673901.0,1711673923.0,30159571.1,1711673900.0,1711673939.0,1711673930.0,1711673933.0,294419.0,1711673939.0,1711673944.0,6.0,,11.0,39.0,5.0,22.0,475800760.0,3.0,952852.0,poseidon,condorpool,poseidon-worker-2-container-0-3,get_sm,/srv/get_sm,,2.0,0,0,,,,,,,,,
get_sm_ID0000023,None,compute,0,1711673883.0,,,1711673889.0,1711673901.0,1711673919.0,37597615.4,1711673900.0,1711673939.0,1711673926.0,1711673929.0,289699.0,1711673939.0,1711673944.0,6.0,,11.0,39.0,5.0,18.0,467398273.0,3.0,943297.0,poseidon,condorpool,poseidon-worker-2-container-16-19,get_sm,/srv/get_sm,,1.9,0,0,,,,,,,,,
get_sm_ID0000024,None,compute,0,1711673883.0,,,1711673889.0,1711673901.0,1711673919.0,39494638.4,1711673900.0,1711673939.0,1711673926.0,1711673930.0,258953.0,1711673939.0,1711673944.0,6.0,,11.0,39.0,5.0,18.0,457521962.0,4.0,830231.0,poseidon,condorpool,poseidon-worker-2-container-40-43,get_sm,/srv/get_sm,,1.8,0,0,,,,,,,,,
get_sm_ID0000025,None,compute,0,1711673883.0,,,1711673889.0,1711673901.0,1711673919.0,34987490.5,1711673900.0,1711673939.0,1711673927.0,1711673930.0,218594.0,1711673939.0,1711673944.0,6.0,,11.0,39.0,5.0,18.0,447555942.0,3.0,712778.0,poseidon,condorpool,poseidon-worker-1-container-44-47,get_sm,/srv/get_sm,,2.0,0,0,,,,,,,,,
get_sm_ID0000015,None,compute,0,1711673883.0,,,1711673889.0,1711673901.0,1711673920.0,37454893.0,1711673900.0,1711673939.0,1711673927.0,1711673930.0,168860.0,1711673939.0,1711673944.0,6.0,,11.0,39.0,5.0,19.0,440090843.0,3.0,551360.0,poseidon,condorpool,poseidon-worker-1-container-40-43,get_sm,/srv/get_sm,,1.8,0,0,,,,,,,,,
get_sm_ID0000026,None,compute,0,1711673883.0,,,1711673889.0,1711673901.0,1711673919.0,38873453.3,1711673900.0,1711673939.0,1711673926.0,1711673929.0,183518.0,1711673939.0,1711673944.0,6.0,,11.0,39.0,5.0,18.0,442257808.0,3.0,608523.0,poseidon,condorpool,poseidon-worker-1-container-20-23,get_sm,/srv/get_sm,,1.9,0,0,,,,,,,,,
get_sm_ID0000016,None,compute,0,1711673883.0,,,1711673889.0,1711673901.0,1711673921.0,31669058.3,1711673900.0,1711673939.0,1711673928.0,1711673931.0,171422.0,1711673939.0,1711673944.0,6.0,,11.0,39.0,5.0,20.0,436178789.0,3.0,550490.0,poseidon,condorpool,poseidon-worker-1-container-32-35,get_sm,/srv/get_sm,,1.9,0,0,,,,,,,,,
get_sm_ID0000017,None,compute,0,1711673883.0,,,1711673889.0,1711673901.0,1711673928.0,21920248.6,1711673900.0,1711673944.0,1711673935.0,1711673938.0,192134.0,1711673944.0,1711673949.0,6.0,,11.0,44.0,5.0,27.0,444771924.0,3.0,613264.0,poseidon,condorpool,poseidon-worker-1-container-36-39,get_sm,/srv/get_sm,,2.0,0,0,,,,,,,,,
get_sm_ID0000018,None,compute,0,1711673883.0,,,1711673889.0,1711673901.0,1711673921.0,36623511.9,1711673900.0,1711673939.0,1711673928.0,1711673931.0,222653.0,1711673939.0,1711673944.0,6.0,,11.0,39.0,5.0,20.0,449409643.0,3.0,716593.0,poseidon,condorpool,poseidon-worker-2-container-32-35,get_sm,/srv/get_sm,,2.0,0,0,,,,,,,,,
get_sm_ID0000019,None,compute,0,1711673883.0,,,1711673889.0,1711673901.0,1711673921.0,33556826.0,1711673900.0,1711673939.0,1711673928.0,1711673931.0,271078.0,1711673939.0,1711673944.0,6.0,,11.0,39.0,5.0,20.0,459739344.0,3.0,873152.0,poseidon,condorpool,poseidon-worker-1-container-28-31,get_sm,/srv/get_sm,,1.9,0,0,,,,,,,,,
merge_ID0000001,None,compute,0,1711673883.0,,,1711673889.0,1711673901.0,1711673920.0,145730892.3,1711673900.0,1711673974.0,1711673953.0,1711673967.0,91485463.0,1711673974.0,1711673979.0,6.0,,11.0,74.0,5.0,19.0,1726068480.0,14.0,1298102725.0,poseidon,condorpool,poseidon-worker-2-container-12-15,merge,/srv/merge,,41.4,0,0,0.0,979586263.0,1294531906.0,10751.0,39540.0,34.4,2.4,48979313.2,64726595.3
stage_out_local_condorpool_0_1,None,transfer,0,1711673944.0,,,1711673949.0,,,0.0,1711673949.0,1711673954.0,,,0.0,1711673954.0,1711673959.0,5.0,,0.0,5.0,5.0,,,,,poseidon,local,poseidon-submit,pegasus::transfer,/mnt/poseidon-data/poseidon/pegasus-5.1.0panorama/bin/pegasus-transfer,/home/poseidon/pegasus-5.1.0panorama/bin/../bin/pegasus-kickstart  -n pegasus::transfer -N null -i - -R local  -L somospie -T 2024-03-27T17:59:14+00:00 /home/poseidon/pegasus-5.1.0panorama/bin/../bin/pegasus-transfer  --threads 2,0.8,0,0,,,,,,,,,
register_condorpool_0_1,None,auxiliary,0,1711673959.0,,,1711673964.0,,,0.0,1711673964.0,1711673969.0,,,0.0,1711673969.0,1711673974.0,5.0,,0.0,5.0,5.0,,,,,poseidon,local,poseidon-submit,pegasus::rc-client,/mnt/poseidon-data/poseidon/pegasus-5.1.0panorama/bin/pegasus-rc-client,"-n pegasus::rc-client -N null -R local  -L somospie -T 2024-03-27T17:59:14+00:00 /home/poseidon/pegasus-5.1.0panorama/bin/pegasus-rc-client --prefix pegasus.catalog.replica.output --conf /mnt/poseidon-data/poseidon/workflows/SOMOSPIE/SOMOSPIE_pegasus/CombinedPipeline/submit/poseidon/pegasus/somospie/run0029/pegasus.13030753361336170658.properties -v --meta /mnt/poseidon-data/poseidon/workflows/SOMOSPIE/SOMOSPIE_pegasus/CombinedPipeline/submit/poseidon/pegasus/somospie/run0029/00/00/get_sm_ID0000022.meta,/mnt/poseidon-data/poseidon/workflows/SOMOSPIE/SOMOSPIE_pegasus/CombinedPipeline/submit/poseidon/pegasus/somospie/run0029/00/00/get_sm_ID0000016.meta,/mnt/poseidon-data/poseidon/workflows/SOMOSPIE/SOMOSPIE_pegasus/CombinedPipeline/submit/poseidon/pegasus/somospie/run0029/00/00/get_sm_ID0000026.meta,/mnt/poseidon-data/poseidon/workflows/SOMOSPIE/SOMOSPIE_pegasus/CombinedPipeline/submit/poseidon/pegasus/somospie/run0029/00/00/get_sm_ID0000019.meta,/mnt/poseidon-data/poseidon/workflows/SOMOSPIE/SOMOSPIE_pegasus/CombinedPipeline/submit/poseidon/pegasus/somospie/run0029/00/00/get_sm_ID0000020.meta,/mnt/poseidon-data/poseidon/workflows/SOMOSPIE/SOMOSPIE_pegasus/CombinedPipeline/submit/poseidon/pegasus/somospie/run0029/00/00/get_sm_ID0000024.meta --insert /mnt/poseidon-data/poseidon/workflows/SOMOSPIE/SOMOSPIE_pegasus/CombinedPipeline/submit/poseidon/pegasus/somospie/run0029/00/00/register_condorpool_0_1.in",3.0,0,0,,,,,,,,,
stage_out_local_condorpool_0_0,None,transfer,0,1711673979.0,,,1711673984.0,,,0.0,1711673984.0,1711673994.0,,,0.0,1711673994.0,1711673999.0,5.0,,0.0,10.0,5.0,,,,,poseidon,local,poseidon-submit,pegasus::transfer,/mnt/poseidon-data/poseidon/pegasus-5.1.0panorama/bin/pegasus-transfer,/home/poseidon/pegasus-5.1.0panorama/bin/../bin/pegasus-kickstart  -n pegasus::transfer -N null -i - -R local  -L somospie -T 2024-03-27T17:59:14+00:00 /home/poseidon/pegasus-5.1.0panorama/bin/../bin/pegasus-transfer  --threads 2,4.4,0,0,,,,,,,,,
reproject_ID0000011,None,compute,0,1711673979.0,,,1711673984.0,1711673985.0,1711674004.0,140538698.1,1711673984.0,1711674064.0,1711674041.0,1711674055.0,91434692.0,1711674064.0,1711674069.0,5.0,,0.0,80.0,5.0,19.0,1696973136.0,14.0,1298118839.0,poseidon,condorpool,poseidon-worker-2-container-12-15,reproject,/srv/reproject,,55.9,0,0,0.0,1307741011.0,1294400834.0,17138.0,39536.0,44.1,3.7,65387050.6,64720041.7
reproject_ID0000002,None,compute,0,1711673979.0,,,1711673984.0,1711673990.0,1711674009.0,143360686.5,1711673989.0,1711674064.0,1711674045.0,1711674058.0,88709184.0,1711674064.0,1711674069.0,5.0,,5.0,75.0,5.0,19.0,1696973986.0,13.0,1125581407.0,poseidon,condorpool,poseidon-worker-2-container-44-47,reproject,/srv/reproject,,53.5,0,0,0.0,1442977280.0,877441727.0,47781.0,26808.0,40.1,4.2,72148864.0,43872086.3
register_condorpool_0_0,None,auxiliary,0,1711673999.0,,,1711674004.0,,,0.0,1711674004.0,1711674009.0,,,0.0,1711674009.0,1711674014.0,5.0,,0.0,5.0,5.0,,,,,poseidon,local,poseidon-submit,pegasus::rc-client,/mnt/poseidon-data/poseidon/pegasus-5.1.0panorama/bin/pegasus-rc-client,"-n pegasus::rc-client -N null -R local  -L somospie -T 2024-03-27T17:59:14+00:00 /home/poseidon/pegasus-5.1.0panorama/bin/pegasus-rc-client --prefix pegasus.catalog.replica.output --conf /mnt/poseidon-data/poseidon/workflows/SOMOSPIE/SOMOSPIE_pegasus/CombinedPipeline/submit/poseidon/pegasus/somospie/run0029/pegasus.13030753361336170658.properties -v --meta /mnt/poseidon-data/poseidon/workflows/SOMOSPIE/SOMOSPIE_pegasus/CombinedPipeline/submit/poseidon/pegasus/somospie/run0029/00/00/get_sm_ID0000017.meta,/mnt/poseidon-data/poseidon/workflows/SOMOSPIE/SOMOSPIE_pegasus/CombinedPipeline/submit/poseidon/pegasus/somospie/run0029/00/00/get_sm_ID0000025.meta,/mnt/poseidon-data/poseidon/workflows/SOMOSPIE/SOMOSPIE_pegasus/CombinedPipeline/submit/poseidon/pegasus/somospie/run0029/00/00/get_sm_ID0000015.meta,/mnt/poseidon-data/poseidon/workflows/SOMOSPIE/SOMOSPIE_pegasus/CombinedPipeline/submit/poseidon/pegasus/somospie/run0029/00/00/merge_ID0000001.meta,/mnt/poseidon-data/poseidon/workflows/SOMOSPIE/SOMOSPIE_pegasus/CombinedPipeline/submit/poseidon/pegasus/somospie/run0029/00/00/get_sm_ID0000021.meta,/mnt/poseidon-data/poseidon/workflows/SOMOSPIE/SOMOSPIE_pegasus/CombinedPipeline/submit/poseidon/pegasus/somospie/run0029/00/00/get_sm_ID0000023.meta,/mnt/poseidon-data/poseidon/workflows/SOMOSPIE/SOMOSPIE_pegasus/CombinedPipeline/submit/poseidon/pegasus/somospie/run0029/00/00/get_sm_ID0000018.meta --insert /mnt/poseidon-data/poseidon/workflows/SOMOSPIE/SOMOSPIE_pegasus/CombinedPipeline/submit/poseidon/pegasus/somospie/run0029/00/00/register_condorpool_0_0.in",3.0,0,0,,,,,,,,,
stage_out_local_condorpool_1_0,None,transfer,0,1711674069.0,,,1711674075.0,,,0.0,1711674075.0,1711674085.0,,,0.0,1711674085.0,1711674090.0,6.0,,0.0,10.0,5.0,,,,,poseidon,local,poseidon-submit,pegasus::transfer,/mnt/poseidon-data/poseidon/pegasus-5.1.0panorama/bin/pegasus-transfer,/home/poseidon/pegasus-5.1.0panorama/bin/../bin/pegasus-kickstart  -n pegasus::transfer -N null -i - -R local  -L somospie -T 2024-03-27T17:59:14+00:00 /home/poseidon/pegasus-5.1.0panorama/bin/../bin/pegasus-transfer  --threads 2,7.9,0,0,,,,,,,,,
crop_ID0000009,None,compute,0,1711674069.0,,,1711674075.0,1711674076.0,1711674094.0,133907635.2,1711674075.0,1711674120.0,1711674106.0,1711674110.0,24099199.0,1711674120.0,1711674125.0,6.0,,0.0,45.0,5.0,18.0,1524452582.0,4.0,99654844.0,poseidon,condorpool,poseidon-worker-2-container-12-15,crop,/srv/crop,,3.1,0,0,,,,,,,,,
crop_ID0000007,None,compute,0,1711674069.0,,,1711674075.0,1711674076.0,1711674094.0,132313029.6,1711674075.0,1711674120.0,1711674107.0,1711674112.0,40250483.0,1711674120.0,1711674125.0,6.0,,0.0,45.0,5.0,18.0,1524452582.0,5.0,194227221.0,poseidon,condorpool,poseidon-worker-2-container-44-47,crop,/srv/crop,,4.2,0,0,,,,,,,,,
crop_ID0000005,None,compute,0,1711674069.0,,,1711674075.0,1711674090.0,1711674108.0,137701300.1,1711674089.0,1711674130.0,1711674118.0,1711674121.0,1315554.0,1711674130.0,1711674135.0,6.0,,14.0,41.0,5.0,18.0,1524452582.0,3.0,4263385.0,poseidon,condorpool,poseidon-worker-2-container-44-47,crop,/srv/crop,,2.0,0,0,,,,,,,,,
crop_ID0000003,None,compute,0,1711674069.0,,,1711674075.0,1711674090.0,1711674108.0,144772086.3,1711674089.0,1711674130.0,1711674117.0,1711674121.0,784014.0,1711674130.0,1711674135.0,6.0,,14.0,41.0,5.0,18.0,1524452582.0,4.0,2530349.0,poseidon,condorpool,poseidon-worker-2-container-12-15,crop,/srv/crop,,2.0,0,0,,,,,,,,,
register_condorpool_1_0,None,auxiliary,0,1711674090.0,,,1711674095.0,,,0.0,1711674095.0,1711674100.0,,,0.0,1711674100.0,1711674105.0,5.0,,0.0,5.0,5.0,,,,,poseidon,local,poseidon-submit,pegasus::rc-client,/mnt/poseidon-data/poseidon/pegasus-5.1.0panorama/bin/pegasus-rc-client,"-n pegasus::rc-client -N null -R local  -L somospie -T 2024-03-27T17:59:14+00:00 /home/poseidon/pegasus-5.1.0panorama/bin/pegasus-rc-client --prefix pegasus.catalog.replica.output --conf /mnt/poseidon-data/poseidon/workflows/SOMOSPIE/SOMOSPIE_pegasus/CombinedPipeline/submit/poseidon/pegasus/somospie/run0029/pegasus.13030753361336170658.properties -v --meta /mnt/poseidon-data/poseidon/workflows/SOMOSPIE/SOMOSPIE_pegasus/CombinedPipeline/submit/poseidon/pegasus/somospie/run0029/00/00/reproject_ID0000002.meta,/mnt/poseidon-data/poseidon/workflows/SOMOSPIE/SOMOSPIE_pegasus/CombinedPipeline/submit/poseidon/pegasus/somospie/run0029/00/00/reproject_ID0000011.meta --insert /mnt/poseidon-data/poseidon/workflows/SOMOSPIE/SOMOSPIE_pegasus/CombinedPipeline/submit/poseidon/pegasus/somospie/run0029/00/00/register_condorpool_1_0.in",3.2,0,0,,,,,,,,,
compute_ID0000010,None,compute,0,1711674125.0,,,1711674130.0,1711674131.0,1711674145.0,70987571.0,1711674131.0,1711674175.0,1711674163.0,1711674169.0,46123249.0,1711674175.0,1711674180.0,5.0,,1.0,44.0,5.0,14.0,498525556.0,6.0,250017804.0,poseidon,condorpool,poseidon-worker-2-container-44-47,compute,/srv/compute,,12.2,0,0,0.0,302866043.0,241309413.0,4425.0,7390.0,9.1,0.8,30286604.3,24130941.3
compute_ID0000008,None,compute,0,1711674125.0,,,1711674130.0,1711674131.0,1711674146.0,76370716.0,1711674131.0,1711674185.0,1711674170.0,1711674177.0,67712789.0,1711674185.0,1711674190.0,5.0,,1.0,54.0,5.0,15.0,593097933.0,7.0,506706062.0,poseidon,condorpool,poseidon-worker-2-container-12-15,compute,/srv/compute,,17.6,0,0,0.0,331329053.0,357219426.0,4160.0,10919.0,9.2,0.8,33132905.3,35721942.6
stage_out_local_condorpool_2_0,None,transfer,0,1711674135.0,,,1711674140.0,,,0.0,1711674141.0,1711674145.0,,,0.0,1711674145.0,1711674150.0,5.0,,1.0,4.0,5.0,,,,,poseidon,local,poseidon-submit,pegasus::transfer,/mnt/poseidon-data/poseidon/pegasus-5.1.0panorama/bin/pegasus-transfer,/home/poseidon/pegasus-5.1.0panorama/bin/../bin/pegasus-kickstart  -n pegasus::transfer -N null -i - -R local  -L somospie -T 2024-03-27T17:59:14+00:00 /home/poseidon/pegasus-5.1.0panorama/bin/../bin/pegasus-transfer  --threads 2,1.4,0,0,,,,,,,,,
compute_ID0000004,None,compute,0,1711674135.0,,,1711674140.0,1711674152.0,1711674166.0,62199997.3,1711674151.0,1711674185.0,1711674175.0,1711674179.0,1613468.0,1711674185.0,1711674190.0,5.0,,11.0,34.0,5.0,14.0,401401061.0,4.0,5326886.0,poseidon,condorpool,poseidon-worker-2-container-36-39,compute,/srv/compute,,5.2,0,0,,,,,,,,,
compute_ID0000006,None,compute,0,1711674135.0,,,1711674140.0,1711674152.0,1711674166.0,62118722.3,1711674151.0,1711674185.0,1711674176.0,1711674179.0,2891293.0,1711674185.0,1711674190.0,5.0,,11.0,34.0,5.0,14.0,403134097.0,3.0,9696865.0,poseidon,condorpool,poseidon-worker-2-container-0-3,compute,/srv/compute,,5.4,0,0,,,,,,,,,
register_condorpool_2_0,None,auxiliary,0,1711674150.0,,,1711674155.0,,,0.0,1711674156.0,1711674160.0,,,0.0,1711674160.0,1711674165.0,5.0,,1.0,4.0,5.0,,,,,poseidon,local,poseidon-submit,pegasus::rc-client,/mnt/poseidon-data/poseidon/pegasus-5.1.0panorama/bin/pegasus-rc-client,"-n pegasus::rc-client -N null -R local  -L somospie -T 2024-03-27T17:59:14+00:00 /home/poseidon/pegasus-5.1.0panorama/bin/pegasus-rc-client --prefix pegasus.catalog.replica.output --conf /mnt/poseidon-data/poseidon/workflows/SOMOSPIE/SOMOSPIE_pegasus/CombinedPipeline/submit/poseidon/pegasus/somospie/run0029/pegasus.13030753361336170658.properties -v --meta /mnt/poseidon-data/poseidon/workflows/SOMOSPIE/SOMOSPIE_pegasus/CombinedPipeline/submit/poseidon/pegasus/somospie/run0029/00/00/crop_ID0000003.meta,/mnt/poseidon-data/poseidon/workflows/SOMOSPIE/SOMOSPIE_pegasus/CombinedPipeline/submit/poseidon/pegasus/somospie/run0029/00/00/crop_ID0000009.meta,/mnt/poseidon-data/poseidon/workflows/SOMOSPIE/SOMOSPIE_pegasus/CombinedPipeline/submit/poseidon/pegasus/somospie/run0029/00/00/crop_ID0000005.meta,/mnt/poseidon-data/poseidon/workflows/SOMOSPIE/SOMOSPIE_pegasus/CombinedPipeline/submit/poseidon/pegasus/somospie/run0029/00/00/crop_ID0000007.meta --insert /mnt/poseidon-data/poseidon/workflows/SOMOSPIE/SOMOSPIE_pegasus/CombinedPipeline/submit/poseidon/pegasus/somospie/run0029/00/00/register_condorpool_2_0.in",3.0,0,0,,,,,,,,,
stage_out_local_condorpool_3_0,None,transfer,0,1711674190.0,,,1711674195.0,,,0.0,1711674195.0,1711674205.0,,,0.0,1711674205.0,1711674210.0,5.0,,0.0,10.0,5.0,,,,,poseidon,local,poseidon-submit,pegasus::transfer,/mnt/poseidon-data/poseidon/pegasus-5.1.0panorama/bin/pegasus-transfer,/home/poseidon/pegasus-5.1.0panorama/bin/../bin/pegasus-kickstart  -n pegasus::transfer -N null -i - -R local  -L somospie -T 2024-03-27T17:59:14+00:00 /home/poseidon/pegasus-5.1.0panorama/bin/../bin/pegasus-transfer  --threads 2,3.4,0,0,,,,,,,,,
merge_avg_ID0000014,None,compute,0,1711674190.0,,,1711674195.0,1711674197.0,1711674212.0,82685990.0,1711674196.0,1711674270.0,1711674255.0,1711674261.0,53213691.0,1711674270.0,1711674275.0,5.0,,1.0,74.0,5.0,15.0,737559838.0,6.0,309527239.0,poseidon,condorpool,poseidon-worker-2-container-36-39,merge_avg,/srv/merge_avg,,47.0,0,0,0.0,1028360120.0,665521592.0,49625.0,20416.0,22.3,6.1,34278670.7,22184053.1
merge_avg_ID0000012,None,compute,0,1711674190.0,,,1711674195.0,1711674197.0,1711674212.0,82992151.5,1711674196.0,1711674265.0,1711674253.0,1711674258.0,53076278.0,1711674265.0,1711674270.0,5.0,,1.0,69.0,5.0,15.0,731979063.0,5.0,304811410.0,poseidon,condorpool,poseidon-worker-2-container-12-15,merge_avg,/srv/merge_avg,,46.6,0,0,0.0,1147161584.0,671039316.0,46875.0,20598.0,26.5,7.6,38238719.5,22367977.2
merge_avg_ID0000013,None,compute,0,1711674190.0,,,1711674195.0,1711674197.0,1711674211.0,62848565.4,1711674196.0,1711674260.0,1711674248.0,1711674252.0,24133694.0,1711674260.0,1711674265.0,5.0,,1.0,64.0,5.0,14.0,498824437.0,4.0,98388765.0,poseidon,condorpool,poseidon-worker-2-container-44-47,merge_avg,/srv/merge_avg,,39.4,0,0,0.0,455400247.0,283412241.0,47363.0,8778.0,28.9,6.7,15180008.2,9447074.7
register_condorpool_3_0,None,auxiliary,0,1711674210.0,,,1711674215.0,,,0.0,1711674215.0,1711674220.0,,,0.0,1711674220.0,1711674225.0,5.0,,0.0,5.0,5.0,,,,,poseidon,local,poseidon-submit,pegasus::rc-client,/mnt/poseidon-data/poseidon/pegasus-5.1.0panorama/bin/pegasus-rc-client,"-n pegasus::rc-client -N null -R local  -L somospie -T 2024-03-27T17:59:14+00:00 /home/poseidon/pegasus-5.1.0panorama/bin/pegasus-rc-client --prefix pegasus.catalog.replica.output --conf /mnt/poseidon-data/poseidon/workflows/SOMOSPIE/SOMOSPIE_pegasus/CombinedPipeline/submit/poseidon/pegasus/somospie/run0029/pegasus.13030753361336170658.properties -v --meta /mnt/poseidon-data/poseidon/workflows/SOMOSPIE/SOMOSPIE_pegasus/CombinedPipeline/submit/poseidon/pegasus/somospie/run0029/00/00/compute_ID0000008.meta,/mnt/poseidon-data/poseidon/workflows/SOMOSPIE/SOMOSPIE_pegasus/CombinedPipeline/submit/poseidon/pegasus/somospie/run0029/00/00/compute_ID0000006.meta,/mnt/poseidon-data/poseidon/workflows/SOMOSPIE/SOMOSPIE_pegasus/CombinedPipeline/submit/poseidon/pegasus/somospie/run0029/00/00/compute_ID0000010.meta,/mnt/poseidon-data/poseidon/workflows/SOMOSPIE/SOMOSPIE_pegasus/CombinedPipeline/submit/poseidon/pegasus/somospie/run0029/00/00/compute_ID0000004.meta --insert /mnt/poseidon-data/poseidon/workflows/SOMOSPIE/SOMOSPIE_pegasus/CombinedPipeline/submit/poseidon/pegasus/somospie/run0029/00/00/register_condorpool_3_0.in",3.0,0,0,,,,,,,,,
generate_eval_ID0000039,None,compute,0,1711674275.0,,,1711674281.0,1711674296.0,1711674327.0,105998520.8,1711674295.0,1711674356.0,1711674345.0,1711674348.0,2751927.0,1711674356.0,1711674361.0,6.0,,14.0,61.0,5.0,31.0,2410452250.0,3.0,9068473.0,poseidon,condorpool,poseidon-worker-1-container-28-31,generate_eval,/srv/generate_eval,,8.2,0,0,,,,,,,,,
generate_train_ID0000032,None,compute,0,1711674275.0,,,1711674281.0,1711674296.0,1711674327.0,103266825.0,1711674295.0,1711674351.0,1711674338.0,1711674341.0,395655.0,1711674351.0,1711674356.0,6.0,,14.0,56.0,5.0,31.0,2411396929.0,3.0,1265871.0,poseidon,condorpool,poseidon-worker-2-container-32-35,generate_train,/srv/generate_train,,0.9,0,0,,,,,,,,,
generate_eval_ID0000042,None,compute,0,1711674275.0,,,1711674281.0,1711674296.0,1711674322.0,124081345.7,1711674295.0,1711674361.0,1711674345.0,1711674351.0,46122213.0,1711674361.0,1711674366.0,6.0,,14.0,66.0,5.0,26.0,2410452250.0,6.0,240602325.0,poseidon,condorpool,poseidon-worker-1-container-36-39,generate_eval,/srv/generate_eval,,12.1,0,0,0.1,238125909.0,237582603.0,4028.0,7290.0,9.0,0.9,23812590.9,23758260.3
generate_train_ID0000031,None,compute,0,1711674275.0,,,1711674281.0,1711674296.0,1711674324.0,113117195.5,1711674295.0,1711674346.0,1711674335.0,1711674338.0,361712.0,1711674346.0,1711674351.0,6.0,,14.0,51.0,5.0,28.0,2411324399.0,3.0,1175014.0,poseidon,condorpool,poseidon-worker-1-container-32-35,generate_train,/srv/generate_train,,0.8,0,0,,,,,,,,,
generate_train_ID0000030,None,compute,0,1711674275.0,,,1711674281.0,1711674296.0,1711674321.0,137262522.4,1711674295.0,1711674341.0,1711674331.0,1711674335.0,302634.0,1711674341.0,1711674346.0,6.0,,14.0,46.0,5.0,25.0,2411167840.0,4.0,973028.0,poseidon,condorpool,poseidon-worker-1-container-20-23,generate_train,/srv/generate_train,,0.9,0,0,,,,,,,,,
generate_eval_ID0000040,None,compute,0,1711674275.0,,,1711674281.0,1711674296.0,1711674319.0,151572326.8,1711674295.0,1711674346.0,1711674336.0,1711674340.0,2518513.0,1711674346.0,1711674351.0,6.0,,14.0,51.0,5.0,23.0,2410452250.0,4.0,8350187.0,poseidon,condorpool,poseidon-worker-1-container-40-43,generate_eval,/srv/generate_eval,,7.6,0,0,,,,,,,,,
generate_eval_ID0000041,None,compute,0,1711674275.0,,,1711674281.0,1711674296.0,1711674327.0,102833554.5,1711674295.0,1711674371.0,1711674355.0,1711674363.0,70867176.0,1711674371.0,1711674376.0,6.0,,14.0,76.0,5.0,31.0,2410452250.0,8.0,561272484.0,poseidon,condorpool,poseidon-worker-1-container-44-47,generate_eval,/srv/generate_eval,,16.1,0,0,0.0,316046215.0,324417796.0,4464.0,9935.0,9.0,0.9,31604621.5,32441779.6
generate_train_ID0000036,None,compute,0,1711674275.0,,,1711674281.0,1711674296.0,1711674323.0,120480588.0,1711674295.0,1711674346.0,1711674334.0,1711674337.0,348844.0,1711674346.0,1711674351.0,6.0,,14.0,51.0,5.0,27.0,2411281478.0,3.0,1118721.0,poseidon,condorpool,poseidon-worker-2-container-40-43,generate_train,/srv/generate_train,,0.9,0,0,,,,,,,,,
generate_train_ID0000034,None,compute,0,1711674275.0,,,1711674281.0,1711674296.0,1711674332.0,83425908.2,1711674295.0,1711674356.0,1711674343.0,1711674346.0,394869.0,1711674356.0,1711674361.0,6.0,,14.0,61.0,5.0,36.0,2411404099.0,3.0,1275159.0,poseidon,condorpool,poseidon-worker-2-container-0-3,generate_train,/srv/generate_train,,0.9,0,0,,,,,,,,,
generate_train_ID0000033,None,compute,0,1711674275.0,,,1711674281.0,1711674296.0,1711674322.0,125715412.6,1711674295.0,1711674346.0,1711674333.0,1711674336.0,393039.0,1711674346.0,1711674351.0,6.0,,14.0,51.0,5.0,26.0,2411402752.0,3.0,1274805.0,poseidon,condorpool,poseidon-worker-2-container-12-15,generate_train,/srv/generate_train,,0.9,0,0,,,,,,,,,
generate_train_ID0000029,None,compute,0,1711674275.0,,,1711674281.0,1711674296.0,1711674320.0,142048281.0,1711674295.0,1711674341.0,1711674331.0,1711674334.0,260585.0,1711674341.0,1711674346.0,6.0,,14.0,46.0,5.0,24.0,2411064511.0,3.0,843408.0,poseidon,condorpool,poseidon-worker-2-container-36-39,generate_train,/srv/generate_train,,0.9,0,0,,,,,,,,,
generate_train_ID0000028,None,compute,0,1711674275.0,,,1711674281.0,1711674296.0,1711674324.0,116659568.0,1711674295.0,1711674346.0,1711674335.0,1711674338.0,237238.0,1711674346.0,1711674351.0,6.0,,14.0,51.0,5.0,28.0,2411001737.0,3.0,762584.0,poseidon,condorpool,poseidon-worker-2-container-44-47,generate_train,/srv/generate_train,,0.9,0,0,,,,,,,,,
stage_out_local_condorpool_4_0,None,transfer,0,1711674275.0,,,1711674280.0,,,0.0,1711674281.0,1711674286.0,,,0.0,1711674286.0,1711674291.0,5.0,,1.0,5.0,5.0,,,,,poseidon,local,poseidon-submit,pegasus::transfer,/mnt/poseidon-data/poseidon/pegasus-5.1.0panorama/bin/pegasus-transfer,/home/poseidon/pegasus-5.1.0panorama/bin/../bin/pegasus-kickstart  -n pegasus::transfer -N null -i - -R local  -L somospie -T 2024-03-27T17:59:14+00:00 /home/poseidon/pegasus-5.1.0panorama/bin/../bin/pegasus-transfer  --threads 2,2.5,0,0,,,,,,,,,
generate_train_ID0000027,None,compute,0,1711674275.0,,,1711674281.0,1711674282.0,1711674310.0,117724440.8,1711674281.0,1711674331.0,1711674321.0,1711674325.0,234489.0,1711674331.0,1711674336.0,6.0,,0.0,50.0,5.0,28.0,2411002607.0,4.0,764017.0,poseidon,condorpool,poseidon-worker-2-container-44-47,generate_train,/srv/generate_train,,0.9,0,0,,,,,,,,,
generate_train_ID0000038,None,compute,0,1711674275.0,,,1711674281.0,1711674282.0,1711674307.0,142050215.5,1711674281.0,1711674331.0,1711674318.0,1711674322.0,252008.0,1711674331.0,1711674336.0,6.0,,0.0,50.0,5.0,25.0,2411059770.0,4.0,837547.0,poseidon,condorpool,poseidon-worker-2-container-12-15,generate_train,/srv/generate_train,,1.0,0,0,,,,,,,,,
generate_train_ID0000037,None,compute,0,1711674275.0,,,1711674281.0,1711674282.0,1711674306.0,146249530.2,1711674281.0,1711674326.0,1711674317.0,1711674320.0,285482.0,1711674326.0,1711674331.0,6.0,,0.0,45.0,5.0,24.0,2411164025.0,3.0,969901.0,poseidon,condorpool,poseidon-worker-2-container-36-39,generate_train,/srv/generate_train,,0.8,0,0,,,,,,,,,
generate_train_ID0000035,None,compute,0,1711674275.0,,,1711674281.0,1711674296.0,1711674322.0,127673623.7,1711674295.0,1711674346.0,1711674333.0,1711674336.0,391211.0,1711674346.0,1711674351.0,6.0,,14.0,51.0,5.0,26.0,2411394544.0,3.0,1261244.0,poseidon,condorpool,poseidon-worker-2-container-16-19,generate_train,/srv/generate_train,,0.8,0,0,,,,,,,,,
register_condorpool_4_0,None,auxiliary,0,1711674291.0,,,1711674296.0,,,0.0,1711674300.0,1711674306.0,,,0.0,1711674306.0,1711674311.0,5.0,,4.0,6.0,5.0,,,,,poseidon,local,poseidon-submit,pegasus::rc-client,/mnt/poseidon-data/poseidon/pegasus-5.1.0panorama/bin/pegasus-rc-client,"-n pegasus::rc-client -N null -R local  -L somospie -T 2024-03-27T17:59:14+00:00 /home/poseidon/pegasus-5.1.0panorama/bin/pegasus-rc-client --prefix pegasus.catalog.replica.output --conf /mnt/poseidon-data/poseidon/workflows/SOMOSPIE/SOMOSPIE_pegasus/CombinedPipeline/submit/poseidon/pegasus/somospie/run0029/pegasus.13030753361336170658.properties -v --meta /mnt/poseidon-data/poseidon/workflows/SOMOSPIE/SOMOSPIE_pegasus/CombinedPipeline/submit/poseidon/pegasus/somospie/run0029/00/00/merge_avg_ID0000013.meta,/mnt/poseidon-data/poseidon/workflows/SOMOSPIE/SOMOSPIE_pegasus/CombinedPipeline/submit/poseidon/pegasus/somospie/run0029/00/00/merge_avg_ID0000012.meta,/mnt/poseidon-data/poseidon/workflows/SOMOSPIE/SOMOSPIE_pegasus/CombinedPipeline/submit/poseidon/pegasus/somospie/run0029/00/00/merge_avg_ID0000014.meta --insert /mnt/poseidon-data/poseidon/workflows/SOMOSPIE/SOMOSPIE_pegasus/CombinedPipeline/submit/poseidon/pegasus/somospie/run0029/00/00/register_condorpool_4_0.in",3.0,0,0,,,,,,,,,
stage_out_local_condorpool_5_0,None,transfer,0,1711674376.0,,,1711674381.0,,,0.0,1711674381.0,1711674391.0,,,0.0,1711674391.0,1711674396.0,5.0,,0.0,10.0,5.0,,,,,poseidon,local,poseidon-submit,pegasus::transfer,/mnt/poseidon-data/poseidon/pegasus-5.1.0panorama/bin/pegasus-transfer,/home/poseidon/pegasus-5.1.0panorama/bin/../bin/pegasus-kickstart  -n pegasus::transfer -N null -i - -R local  -L somospie -T 2024-03-27T17:59:14+00:00 /home/poseidon/pegasus-5.1.0panorama/bin/../bin/pegasus-transfer  --threads 2,4.0,0,0,,,,,,,,,
stage_out_local_condorpool_5_1,None,transfer,0,1711674376.0,,,1711674381.0,,,0.0,1711674381.0,1711674386.0,,,0.0,1711674386.0,1711674391.0,5.0,,0.0,5.0,5.0,,,,,poseidon,local,poseidon-submit,pegasus::transfer,/mnt/poseidon-data/poseidon/pegasus-5.1.0panorama/bin/pegasus-transfer,/home/poseidon/pegasus-5.1.0panorama/bin/../bin/pegasus-kickstart  -n pegasus::transfer -N null -i - -R local  -L somospie -T 2024-03-27T17:59:14+00:00 /home/poseidon/pegasus-5.1.0panorama/bin/../bin/pegasus-transfer  --threads 2,1.7,0,0,,,,,,,,,
register_condorpool_5_1,None,auxiliary,0,1711674391.0,,,1711674396.0,,,0.0,1711674396.0,1711674401.0,,,0.0,1711674401.0,1711674406.0,5.0,,0.0,5.0,5.0,,,,,poseidon,local,poseidon-submit,pegasus::rc-client,/mnt/poseidon-data/poseidon/pegasus-5.1.0panorama/bin/pegasus-rc-client,"-n pegasus::rc-client -N null -R local  -L somospie -T 2024-03-27T17:59:14+00:00 /home/poseidon/pegasus-5.1.0panorama/bin/pegasus-rc-client --prefix pegasus.catalog.replica.output --conf /mnt/poseidon-data/poseidon/workflows/SOMOSPIE/SOMOSPIE_pegasus/CombinedPipeline/submit/poseidon/pegasus/somospie/run0029/pegasus.13030753361336170658.properties -v --meta /mnt/poseidon-data/poseidon/workflows/SOMOSPIE/SOMOSPIE_pegasus/CombinedPipeline/submit/poseidon/pegasus/somospie/run0029/00/00/generate_train_ID0000028.meta,/mnt/poseidon-data/poseidon/workflows/SOMOSPIE/SOMOSPIE_pegasus/CombinedPipeline/submit/poseidon/pegasus/somospie/run0029/00/00/generate_train_ID0000027.meta,/mnt/poseidon-data/poseidon/workflows/SOMOSPIE/SOMOSPIE_pegasus/CombinedPipeline/submit/poseidon/pegasus/somospie/run0029/00/00/generate_train_ID0000038.meta,/mnt/poseidon-data/poseidon/workflows/SOMOSPIE/SOMOSPIE_pegasus/CombinedPipeline/submit/poseidon/pegasus/somospie/run0029/00/00/generate_train_ID0000033.meta,/mnt/poseidon-data/poseidon/workflows/SOMOSPIE/SOMOSPIE_pegasus/CombinedPipeline/submit/poseidon/pegasus/somospie/run0029/00/01/generate_train_ID0000030.meta,/mnt/poseidon-data/poseidon/workflows/SOMOSPIE/SOMOSPIE_pegasus/CombinedPipeline/submit/poseidon/pegasus/somospie/run0029/00/01/generate_eval_ID0000041.meta,/mnt/poseidon-data/poseidon/workflows/SOMOSPIE/SOMOSPIE_pegasus/CombinedPipeline/submit/poseidon/pegasus/somospie/run0029/00/01/generate_train_ID0000031.meta,/mnt/poseidon-data/poseidon/workflows/SOMOSPIE/SOMOSPIE_pegasus/CombinedPipeline/submit/poseidon/pegasus/somospie/run0029/00/01/generate_train_ID0000032.meta,/mnt/poseidon-data/poseidon/workflows/SOMOSPIE/SOMOSPIE_pegasus/CombinedPipeline/submit/poseidon/pegasus/somospie/run0029/00/00/generate_train_ID0000037.meta,/mnt/poseidon-data/poseidon/workflows/SOMOSPIE/SOMOSPIE_pegasus/CombinedPipeline/submit/poseidon/pegasus/somospie/run0029/00/01/generate_eval_ID0000040.meta,/mnt/poseidon-data/poseidon/workflows/SOMOSPIE/SOMOSPIE_pegasus/CombinedPipeline/submit/poseidon/pegasus/somospie/run0029/00/01/generate_eval_ID0000039.meta,/mnt/poseidon-data/poseidon/workflows/SOMOSPIE/SOMOSPIE_pegasus/CombinedPipeline/submit/poseidon/pegasus/somospie/run0029/00/00/generate_train_ID0000034.meta,/mnt/poseidon-data/poseidon/workflows/SOMOSPIE/SOMOSPIE_pegasus/CombinedPipeline/submit/poseidon/pegasus/somospie/run0029/00/01/generate_train_ID0000035.meta,/mnt/poseidon-data/poseidon/workflows/SOMOSPIE/SOMOSPIE_pegasus/CombinedPipeline/submit/poseidon/pegasus/somospie/run0029/00/01/generate_train_ID0000036.meta,/mnt/poseidon-data/poseidon/workflows/SOMOSPIE/SOMOSPIE_pegasus/CombinedPipeline/submit/poseidon/pegasus/somospie/run0029/00/01/generate_eval_ID0000042.meta,/mnt/poseidon-data/poseidon/workflows/SOMOSPIE/SOMOSPIE_pegasus/CombinedPipeline/submit/poseidon/pegasus/somospie/run0029/00/00/generate_train_ID0000029.meta --insert /mnt/poseidon-data/poseidon/workflows/SOMOSPIE/SOMOSPIE_pegasus/CombinedPipeline/submit/poseidon/pegasus/somospie/run0029/00/01/register_condorpool_5_1.in",3.3,0,0,,,,,,,,,
register_condorpool_5_0,None,auxiliary,0,1711674396.0,,,1711674406.0,,,0.0,1711674406.0,1711674411.0,,,0.0,1711674411.0,1711674416.0,10.0,,0.0,5.0,5.0,,,,,poseidon,local,poseidon-submit,pegasus::rc-client,/mnt/poseidon-data/poseidon/pegasus-5.1.0panorama/bin/pegasus-rc-client,"-n pegasus::rc-client -N null -R local  -L somospie -T 2024-03-27T17:59:14+00:00 /home/poseidon/pegasus-5.1.0panorama/bin/pegasus-rc-client --prefix pegasus.catalog.replica.output --conf /mnt/poseidon-data/poseidon/workflows/SOMOSPIE/SOMOSPIE_pegasus/CombinedPipeline/submit/poseidon/pegasus/somospie/run0029/pegasus.13030753361336170658.properties -v --meta /mnt/poseidon-data/poseidon/workflows/SOMOSPIE/SOMOSPIE_pegasus/CombinedPipeline/submit/poseidon/pegasus/somospie/run0029/00/00/generate_train_ID0000028.meta,/mnt/poseidon-data/poseidon/workflows/SOMOSPIE/SOMOSPIE_pegasus/CombinedPipeline/submit/poseidon/pegasus/somospie/run0029/00/00/generate_train_ID0000027.meta,/mnt/poseidon-data/poseidon/workflows/SOMOSPIE/SOMOSPIE_pegasus/CombinedPipeline/submit/poseidon/pegasus/somospie/run0029/00/00/generate_train_ID0000038.meta,/mnt/poseidon-data/poseidon/workflows/SOMOSPIE/SOMOSPIE_pegasus/CombinedPipeline/submit/poseidon/pegasus/somospie/run0029/00/00/generate_train_ID0000033.meta,/mnt/poseidon-data/poseidon/workflows/SOMOSPIE/SOMOSPIE_pegasus/CombinedPipeline/submit/poseidon/pegasus/somospie/run0029/00/01/generate_train_ID0000030.meta,/mnt/poseidon-data/poseidon/workflows/SOMOSPIE/SOMOSPIE_pegasus/CombinedPipeline/submit/poseidon/pegasus/somospie/run0029/00/01/generate_eval_ID0000041.meta,/mnt/poseidon-data/poseidon/workflows/SOMOSPIE/SOMOSPIE_pegasus/CombinedPipeline/submit/poseidon/pegasus/somospie/run0029/00/01/generate_train_ID0000031.meta,/mnt/poseidon-data/poseidon/workflows/SOMOSPIE/SOMOSPIE_pegasus/CombinedPipeline/submit/poseidon/pegasus/somospie/run0029/00/01/generate_train_ID0000032.meta,/mnt/poseidon-data/poseidon/workflows/SOMOSPIE/SOMOSPIE_pegasus/CombinedPipeline/submit/poseidon/pegasus/somospie/run0029/00/00/generate_train_ID0000037.meta,/mnt/poseidon-data/poseidon/workflows/SOMOSPIE/SOMOSPIE_pegasus/CombinedPipeline/submit/poseidon/pegasus/somospie/run0029/00/01/generate_eval_ID0000040.meta,/mnt/poseidon-data/poseidon/workflows/SOMOSPIE/SOMOSPIE_pegasus/CombinedPipeline/submit/poseidon/pegasus/somospie/run0029/00/01/generate_eval_ID0000039.meta,/mnt/poseidon-data/poseidon/workflows/SOMOSPIE/SOMOSPIE_pegasus/CombinedPipeline/submit/poseidon/pegasus/somospie/run0029/00/00/generate_train_ID0000034.meta,/mnt/poseidon-data/poseidon/workflows/SOMOSPIE/SOMOSPIE_pegasus/CombinedPipeline/submit/poseidon/pegasus/somospie/run0029/00/01/generate_train_ID0000035.meta,/mnt/poseidon-data/poseidon/workflows/SOMOSPIE/SOMOSPIE_pegasus/CombinedPipeline/submit/poseidon/pegasus/somospie/run0029/00/01/generate_train_ID0000036.meta,/mnt/poseidon-data/poseidon/workflows/SOMOSPIE/SOMOSPIE_pegasus/CombinedPipeline/submit/poseidon/pegasus/somospie/run0029/00/01/generate_eval_ID0000042.meta,/mnt/poseidon-data/poseidon/workflows/SOMOSPIE/SOMOSPIE_pegasus/CombinedPipeline/submit/poseidon/pegasus/somospie/run0029/00/00/generate_train_ID0000029.meta --insert /mnt/poseidon-data/poseidon/workflows/SOMOSPIE/SOMOSPIE_pegasus/CombinedPipeline/submit/poseidon/pegasus/somospie/run0029/00/01/register_condorpool_5_0.in",3.2,0,0,,,,,,,,,
cleanup_somospie_0_condorpool,None,auxiliary,0,1711674396.0,,,1711674401.0,,,0.0,1711674401.0,1711674406.0,,,0.0,1711674406.0,1711674411.0,5.0,,0.0,5.0,5.0,,,,,poseidon,local,poseidon-submit,pegasus::cleanup,/mnt/poseidon-data/poseidon/pegasus-5.1.0panorama/bin/pegasus-transfer,pegasus-kickstart  -n pegasus::cleanup -N null -i - -R local  -L somospie -T 2024-03-27T17:59:14+00:00 pegasus-transfer,0.3,0,0,,,,,,,,,
