,anomaly_type,type,is_clustered,ready,pre_script_start,pre_script_end,submit,stage_in_start,stage_in_end,stage_in_effective_bytes_per_sec,execute_start,execute_end,stage_out_start,stage_out_end,stage_out_effective_bytes_per_sec,post_script_start,post_script_end,wms_delay,pre_script_delay,queue_delay,runtime,post_script_delay,stage_in_delay,stage_in_bytes,stage_out_delay,stage_out_bytes,kickstart_user,kickstart_site,kickstart_hostname,kickstart_transformations,kickstart_executables,kickstart_executables_argv,kickstart_executables_cpu_time,kickstart_status,kickstart_executables_exitcode,kickstart_online_iowait,kickstart_online_bytes_read,kickstart_online_bytes_written,kickstart_online_read_system_calls,kickstart_online_write_system_calls,kickstart_online_utime,kickstart_online_stime,kickstart_online_bytes_read_per_second,kickstart_online_bytes_written_per_second
create_dir_somospie_0_condorpool,None,auxiliary,0,1711722449.0,,,1711722450.0,,,0.0,1711722454.0,1711722460.0,,,0.0,1711722460.0,1711722465.0,1.0,,4.0,6.0,5.0,,,,,poseidon,local,poseidon-submit,pegasus::dirmanager,/mnt/poseidon-data/poseidon/pegasus-5.1.0panorama/bin/pegasus-transfer,pegasus-kickstart  -n pegasus::dirmanager -N null -i - -R local  -L somospie -T 2024-03-27T17:59:14+00:00 pegasus-transfer,0.3,0,0,,,,,,,,,
get_sm_ID0000020,None,compute,0,1711722465.0,,,1711722470.0,1711722489.0,1711722507.0,40980710.7,1711722489.0,1711722525.0,1711722514.0,1711722517.0,296188.0,1711722525.0,1711722530.0,5.0,,19.0,36.0,5.0,18.0,470635724.0,3.0,945682.0,poseidon,condorpool,poseidon-worker-2-container-28-31,get_sm,/srv/get_sm,,1.9,0,0,,,,,,,,,
get_sm_ID0000021,None,compute,0,1711722465.0,,,1711722470.0,1711722489.0,1711722509.0,37483860.1,1711722489.0,1711722525.0,1711722516.0,1711722519.0,292941.0,1711722525.0,1711722530.0,5.0,,19.0,36.0,5.0,20.0,475840244.0,3.0,951505.0,poseidon,condorpool,poseidon-worker-1-container-44-47,get_sm,/srv/get_sm,,2.1,0,0,,,,,,,,,
get_sm_ID0000022,None,compute,0,1711722465.0,,,1711722470.0,1711722489.0,1711722512.0,31778874.4,1711722489.0,1711722530.0,1711722519.0,1711722522.0,296522.0,1711722530.0,1711722535.0,5.0,,19.0,41.0,5.0,23.0,475800760.0,3.0,952852.0,poseidon,condorpool,poseidon-worker-2-container-0-3,get_sm,/srv/get_sm,,2.0,0,0,,,,,,,,,
get_sm_ID0000023,None,compute,0,1711722465.0,,,1711722470.0,1711722489.0,1711722508.0,39323026.2,1711722489.0,1711722525.0,1711722515.0,1711722518.0,290919.0,1711722525.0,1711722530.0,5.0,,19.0,36.0,5.0,19.0,467398273.0,3.0,943297.0,poseidon,condorpool,poseidon-worker-2-container-44-47,get_sm,/srv/get_sm,,2.0,0,0,,,,,,,,,
get_sm_ID0000024,None,compute,0,1711722465.0,,,1711722470.0,1711722489.0,1711722511.0,32025422.0,1711722489.0,1711722530.0,1711722518.0,1711722522.0,260750.0,1711722530.0,1711722535.0,5.0,,19.0,41.0,5.0,22.0,457521962.0,4.0,830231.0,poseidon,condorpool,poseidon-worker-1-container-40-43,get_sm,/srv/get_sm,,2.0,0,0,,,,,,,,,
get_sm_ID0000025,None,compute,0,1711722465.0,,,1711722470.0,1711722490.0,1711722506.0,44282335.0,1711722489.0,1711722525.0,1711722514.0,1711722517.0,216654.0,1711722525.0,1711722530.0,5.0,,19.0,36.0,5.0,16.0,447555942.0,3.0,712778.0,poseidon,condorpool,poseidon-worker-1-container-0-3,get_sm,/srv/get_sm,,2.0,0,0,,,,,,,,,
get_sm_ID0000015,None,compute,0,1711722465.0,,,1711722470.0,1711722489.0,1711722507.0,42237355.1,1711722489.0,1711722525.0,1711722514.0,1711722517.0,172678.0,1711722525.0,1711722530.0,5.0,,19.0,36.0,5.0,18.0,440090843.0,3.0,551360.0,poseidon,condorpool,poseidon-worker-1-container-28-31,get_sm,/srv/get_sm,,1.9,0,0,,,,,,,,,
get_sm_ID0000026,None,compute,0,1711722465.0,,,1711722470.0,1711722489.0,1711722510.0,36553220.5,1711722489.0,1711722530.0,1711722517.0,1711722520.0,189128.0,1711722530.0,1711722535.0,5.0,,19.0,41.0,5.0,21.0,442257808.0,3.0,608523.0,poseidon,condorpool,poseidon-worker-1-container-36-39,get_sm,/srv/get_sm,,2.0,0,0,,,,,,,,,
get_sm_ID0000016,None,compute,0,1711722465.0,,,1711722470.0,1711722489.0,1711722508.0,37829588.4,1711722489.0,1711722525.0,1711722515.0,1711722518.0,169071.0,1711722525.0,1711722530.0,5.0,,19.0,36.0,5.0,19.0,436178789.0,3.0,550490.0,poseidon,condorpool,poseidon-worker-2-container-36-39,get_sm,/srv/get_sm,,1.9,0,0,,,,,,,,,
get_sm_ID0000017,None,compute,0,1711722465.0,,,1711722470.0,1711722489.0,1711722509.0,35954752.7,1711722489.0,1711722525.0,1711722516.0,1711722520.0,188519.0,1711722525.0,1711722530.0,5.0,,19.0,36.0,5.0,20.0,444771924.0,4.0,613264.0,poseidon,condorpool,poseidon-worker-2-container-40-43,get_sm,/srv/get_sm,,1.8,0,0,,,,,,,,,
get_sm_ID0000018,None,compute,0,1711722465.0,,,1711722470.0,1711722489.0,1711722509.0,35030767.0,1711722489.0,1711722525.0,1711722516.0,1711722519.0,220960.0,1711722525.0,1711722530.0,5.0,,19.0,36.0,5.0,20.0,449409643.0,3.0,716593.0,poseidon,condorpool,poseidon-worker-1-container-32-35,get_sm,/srv/get_sm,,2.0,0,0,,,,,,,,,
get_sm_ID0000019,None,compute,0,1711722465.0,,,1711722470.0,1711722489.0,1711722508.0,40669762.5,1711722489.0,1711722525.0,1711722515.0,1711722518.0,271093.0,1711722525.0,1711722530.0,5.0,,19.0,36.0,5.0,19.0,459739344.0,3.0,873152.0,poseidon,condorpool,poseidon-worker-1-container-16-19,get_sm,/srv/get_sm,,2.1,0,0,,,,,,,,,
merge_ID0000001,None,compute,0,1711722465.0,,,1711722470.0,1711722489.0,1711722512.0,114300165.4,1711722489.0,1711722565.0,1711722545.0,1711722559.0,91323432.0,1711722565.0,1711722570.0,5.0,,19.0,76.0,5.0,23.0,1726068480.0,14.0,1298102725.0,poseidon,condorpool,poseidon-worker-1-container-4-7,merge,/srv/merge,,41.0,0,0,0.0,979696779.0,1294728515.0,10778.0,39547.0,34.5,2.2,48984839.0,64736425.8
stage_out_local_condorpool_0_1,None,transfer,0,1711722535.0,,,1711722540.0,,,0.0,1711722540.0,1711722545.0,,,0.0,1711722545.0,1711722550.0,5.0,,0.0,5.0,5.0,,,,,poseidon,local,poseidon-submit,pegasus::transfer,/mnt/poseidon-data/poseidon/pegasus-5.1.0panorama/bin/pegasus-transfer,/home/poseidon/pegasus-5.1.0panorama/bin/../bin/pegasus-kickstart  -n pegasus::transfer -N null -i - -R local  -L somospie -T 2024-03-27T17:59:14+00:00 /home/poseidon/pegasus-5.1.0panorama/bin/../bin/pegasus-transfer  --threads 2,0.7,0,0,,,,,,,,,
register_condorpool_0_1,None,auxiliary,0,1711722550.0,,,1711722555.0,,,0.0,1711722555.0,1711722560.0,,,0.0,1711722560.0,1711722565.0,5.0,,0.0,5.0,5.0,,,,,poseidon,local,poseidon-submit,pegasus::rc-client,/mnt/poseidon-data/poseidon/pegasus-5.1.0panorama/bin/pegasus-rc-client,"-n pegasus::rc-client -N null -R local  -L somospie -T 2024-03-27T17:59:14+00:00 /home/poseidon/pegasus-5.1.0panorama/bin/pegasus-rc-client --prefix pegasus.catalog.replica.output --conf /mnt/poseidon-data/poseidon/workflows/SOMOSPIE/SOMOSPIE_pegasus/CombinedPipeline/submit/poseidon/pegasus/somospie/run0101/pegasus.10175499968732376097.properties -v --meta /mnt/poseidon-data/poseidon/workflows/SOMOSPIE/SOMOSPIE_pegasus/CombinedPipeline/submit/poseidon/pegasus/somospie/run0101/00/00/get_sm_ID0000022.meta,/mnt/poseidon-data/poseidon/workflows/SOMOSPIE/SOMOSPIE_pegasus/CombinedPipeline/submit/poseidon/pegasus/somospie/run0101/00/00/get_sm_ID0000016.meta,/mnt/poseidon-data/poseidon/workflows/SOMOSPIE/SOMOSPIE_pegasus/CombinedPipeline/submit/poseidon/pegasus/somospie/run0101/00/00/get_sm_ID0000026.meta,/mnt/poseidon-data/poseidon/workflows/SOMOSPIE/SOMOSPIE_pegasus/CombinedPipeline/submit/poseidon/pegasus/somospie/run0101/00/00/get_sm_ID0000019.meta,/mnt/poseidon-data/poseidon/workflows/SOMOSPIE/SOMOSPIE_pegasus/CombinedPipeline/submit/poseidon/pegasus/somospie/run0101/00/00/get_sm_ID0000020.meta,/mnt/poseidon-data/poseidon/workflows/SOMOSPIE/SOMOSPIE_pegasus/CombinedPipeline/submit/poseidon/pegasus/somospie/run0101/00/00/get_sm_ID0000024.meta --insert /mnt/poseidon-data/poseidon/workflows/SOMOSPIE/SOMOSPIE_pegasus/CombinedPipeline/submit/poseidon/pegasus/somospie/run0101/00/00/register_condorpool_0_1.in",3.0,0,0,,,,,,,,,
stage_out_local_condorpool_0_0,None,transfer,0,1711722570.0,,,1711722575.0,,,0.0,1711722575.0,1711722585.0,,,0.0,1711722585.0,1711722590.0,5.0,,0.0,10.0,5.0,,,,,poseidon,local,poseidon-submit,pegasus::transfer,/mnt/poseidon-data/poseidon/pegasus-5.1.0panorama/bin/pegasus-transfer,/home/poseidon/pegasus-5.1.0panorama/bin/../bin/pegasus-kickstart  -n pegasus::transfer -N null -i - -R local  -L somospie -T 2024-03-27T17:59:14+00:00 /home/poseidon/pegasus-5.1.0panorama/bin/../bin/pegasus-transfer  --threads 2,4.1,0,0,,,,,,,,,
reproject_ID0000011,None,compute,0,1711722570.0,,,1711722575.0,1711722576.0,1711722596.0,139096607.5,1711722576.0,1711722655.0,1711722632.0,1711722646.0,91473854.0,1711722655.0,1711722660.0,5.0,,1.0,79.0,5.0,20.0,1696973136.0,14.0,1298118839.0,poseidon,condorpool,poseidon-worker-1-container-4-7,reproject,/srv/reproject,,54.7,0,0,0.0,1308843667.0,1295056197.0,16604.0,39558.0,44.5,3.7,65442183.3,64752809.9
reproject_ID0000002,None,compute,0,1711722570.0,,,1711722575.0,1711722582.0,1711722600.0,141910596.7,1711722581.0,1711722655.0,1711722635.0,1711722648.0,88690861.0,1711722655.0,1711722660.0,5.0,,6.0,74.0,5.0,18.0,1696973986.0,13.0,1125581407.0,poseidon,condorpool,poseidon-worker-2-container-28-31,reproject,/srv/reproject,,51.9,0,0,0.0,1443283919.0,936489663.0,47821.0,28610.0,42.0,4.2,72164196.0,46824483.1
register_condorpool_0_0,None,auxiliary,0,1711722590.0,,,1711722595.0,,,0.0,1711722596.0,1711722600.0,,,0.0,1711722600.0,1711722605.0,5.0,,1.0,4.0,5.0,,,,,poseidon,local,poseidon-submit,pegasus::rc-client,/mnt/poseidon-data/poseidon/pegasus-5.1.0panorama/bin/pegasus-rc-client,"-n pegasus::rc-client -N null -R local  -L somospie -T 2024-03-27T17:59:14+00:00 /home/poseidon/pegasus-5.1.0panorama/bin/pegasus-rc-client --prefix pegasus.catalog.replica.output --conf /mnt/poseidon-data/poseidon/workflows/SOMOSPIE/SOMOSPIE_pegasus/CombinedPipeline/submit/poseidon/pegasus/somospie/run0101/pegasus.10175499968732376097.properties -v --meta /mnt/poseidon-data/poseidon/workflows/SOMOSPIE/SOMOSPIE_pegasus/CombinedPipeline/submit/poseidon/pegasus/somospie/run0101/00/00/get_sm_ID0000017.meta,/mnt/poseidon-data/poseidon/workflows/SOMOSPIE/SOMOSPIE_pegasus/CombinedPipeline/submit/poseidon/pegasus/somospie/run0101/00/00/get_sm_ID0000025.meta,/mnt/poseidon-data/poseidon/workflows/SOMOSPIE/SOMOSPIE_pegasus/CombinedPipeline/submit/poseidon/pegasus/somospie/run0101/00/00/get_sm_ID0000015.meta,/mnt/poseidon-data/poseidon/workflows/SOMOSPIE/SOMOSPIE_pegasus/CombinedPipeline/submit/poseidon/pegasus/somospie/run0101/00/00/merge_ID0000001.meta,/mnt/poseidon-data/poseidon/workflows/SOMOSPIE/SOMOSPIE_pegasus/CombinedPipeline/submit/poseidon/pegasus/somospie/run0101/00/00/get_sm_ID0000021.meta,/mnt/poseidon-data/poseidon/workflows/SOMOSPIE/SOMOSPIE_pegasus/CombinedPipeline/submit/poseidon/pegasus/somospie/run0101/00/00/get_sm_ID0000023.meta,/mnt/poseidon-data/poseidon/workflows/SOMOSPIE/SOMOSPIE_pegasus/CombinedPipeline/submit/poseidon/pegasus/somospie/run0101/00/00/get_sm_ID0000018.meta --insert /mnt/poseidon-data/poseidon/workflows/SOMOSPIE/SOMOSPIE_pegasus/CombinedPipeline/submit/poseidon/pegasus/somospie/run0101/00/00/register_condorpool_0_0.in",3.1,0,0,,,,,,,,,
stage_out_local_condorpool_1_0,None,transfer,0,1711722660.0,,,1711722665.0,,,0.0,1711722665.0,1711722675.0,,,0.0,1711722675.0,1711722680.0,5.0,,0.0,10.0,5.0,,,,,poseidon,local,poseidon-submit,pegasus::transfer,/mnt/poseidon-data/poseidon/pegasus-5.1.0panorama/bin/pegasus-transfer,/home/poseidon/pegasus-5.1.0panorama/bin/../bin/pegasus-kickstart  -n pegasus::transfer -N null -i - -R local  -L somospie -T 2024-03-27T17:59:14+00:00 /home/poseidon/pegasus-5.1.0panorama/bin/../bin/pegasus-transfer  --threads 2,7.0,0,0,,,,,,,,,
crop_ID0000009,None,compute,0,1711722660.0,,,1711722665.0,1711722666.0,1711722685.0,133674360.0,1711722665.0,1711722705.0,1711722696.0,1711722700.0,24129858.0,1711722705.0,1711722710.0,5.0,,0.0,40.0,5.0,19.0,1524452582.0,4.0,99654844.0,poseidon,condorpool,poseidon-worker-2-container-28-31,crop,/srv/crop,,2.9,0,0,,,,,,,,,
crop_ID0000007,None,compute,0,1711722660.0,,,1711722665.0,1711722666.0,1711722685.0,134359951.0,1711722665.0,1711722710.0,1711722697.0,1711722702.0,40327128.0,1711722710.0,1711722715.0,5.0,,0.0,45.0,5.0,19.0,1524452582.0,5.0,194227221.0,poseidon,condorpool,poseidon-worker-1-container-4-7,crop,/srv/crop,,4.1,0,0,,,,,,,,,
crop_ID0000005,None,compute,0,1711722660.0,,,1711722665.0,1711722681.0,1711722699.0,144408149.3,1711722681.0,1711722720.0,1711722709.0,1711722712.0,1309870.0,1711722720.0,1711722725.0,5.0,,16.0,39.0,5.0,18.0,1524452582.0,3.0,4263385.0,poseidon,condorpool,poseidon-worker-2-container-28-31,crop,/srv/crop,,1.8,0,0,,,,,,,,,
crop_ID0000003,None,compute,0,1711722660.0,,,1711722665.0,1711722681.0,1711722699.0,142158427.7,1711722681.0,1711722720.0,1711722709.0,1711722712.0,791900.0,1711722720.0,1711722725.0,5.0,,16.0,39.0,5.0,18.0,1524452582.0,3.0,2530349.0,poseidon,condorpool,poseidon-worker-1-container-4-7,crop,/srv/crop,,1.8,0,0,,,,,,,,,
register_condorpool_1_0,None,auxiliary,0,1711722680.0,,,1711722685.0,,,0.0,1711722686.0,1711722690.0,,,0.0,1711722690.0,1711722695.0,5.0,,1.0,4.0,5.0,,,,,poseidon,local,poseidon-submit,pegasus::rc-client,/mnt/poseidon-data/poseidon/pegasus-5.1.0panorama/bin/pegasus-rc-client,"-n pegasus::rc-client -N null -R local  -L somospie -T 2024-03-27T17:59:14+00:00 /home/poseidon/pegasus-5.1.0panorama/bin/pegasus-rc-client --prefix pegasus.catalog.replica.output --conf /mnt/poseidon-data/poseidon/workflows/SOMOSPIE/SOMOSPIE_pegasus/CombinedPipeline/submit/poseidon/pegasus/somospie/run0101/pegasus.10175499968732376097.properties -v --meta /mnt/poseidon-data/poseidon/workflows/SOMOSPIE/SOMOSPIE_pegasus/CombinedPipeline/submit/poseidon/pegasus/somospie/run0101/00/00/reproject_ID0000002.meta,/mnt/poseidon-data/poseidon/workflows/SOMOSPIE/SOMOSPIE_pegasus/CombinedPipeline/submit/poseidon/pegasus/somospie/run0101/00/00/reproject_ID0000011.meta --insert /mnt/poseidon-data/poseidon/workflows/SOMOSPIE/SOMOSPIE_pegasus/CombinedPipeline/submit/poseidon/pegasus/somospie/run0101/00/00/register_condorpool_1_0.in",2.9,0,0,,,,,,,,,
compute_ID0000010,None,compute,0,1711722710.0,,,1711722715.0,1711722716.0,1711722730.0,70340444.0,1711722715.0,1711722760.0,1711722748.0,1711722753.0,46135259.0,1711722760.0,1711722765.0,5.0,,0.0,45.0,5.0,14.0,498525556.0,5.0,250017804.0,poseidon,condorpool,poseidon-worker-2-container-28-31,compute,/srv/compute,,12.1,0,0,0.0,303240161.0,241309413.0,4443.0,7390.0,9.2,0.8,30324016.1,24130941.3
compute_ID0000008,None,compute,0,1711722715.0,,,1711722720.0,1711722721.0,1711722736.0,75745326.3,1711722720.0,1711722775.0,1711722760.0,1711722767.0,67731393.0,1711722775.0,1711722780.0,5.0,,0.0,55.0,5.0,15.0,593097933.0,7.0,506706062.0,poseidon,condorpool,poseidon-worker-1-container-4-7,compute,/srv/compute,,17.6,0,0,0.0,325156317.0,352562274.0,4112.0,10776.0,9.1,0.9,32515631.7,35256227.4
stage_out_local_condorpool_2_0,None,transfer,0,1711722725.0,,,1711722730.0,,,0.0,1711722730.0,1711722735.0,,,0.0,1711722735.0,1711722740.0,5.0,,0.0,5.0,5.0,,,,,poseidon,local,poseidon-submit,pegasus::transfer,/mnt/poseidon-data/poseidon/pegasus-5.1.0panorama/bin/pegasus-transfer,/home/poseidon/pegasus-5.1.0panorama/bin/../bin/pegasus-kickstart  -n pegasus::transfer -N null -i - -R local  -L somospie -T 2024-03-27T17:59:14+00:00 /home/poseidon/pegasus-5.1.0panorama/bin/../bin/pegasus-transfer  --threads 2,1.4,0,0,,,,,,,,,
compute_ID0000004,None,compute,0,1711722725.0,,,1711722730.0,1711722741.0,1711722755.0,62151908.7,1711722741.0,1711722775.0,1711722765.0,1711722768.0,1602530.0,1711722775.0,1711722780.0,5.0,,11.0,34.0,5.0,14.0,401401061.0,3.0,5326886.0,poseidon,condorpool,poseidon-worker-2-container-0-3,compute,/srv/compute,,5.1,0,0,,,,,,,,,
compute_ID0000006,None,compute,0,1711722725.0,,,1711722730.0,1711722741.0,1711722755.0,64429836.0,1711722741.0,1711722775.0,1711722765.0,1711722768.0,2887609.0,1711722775.0,1711722780.0,5.0,,11.0,34.0,5.0,14.0,403134097.0,3.0,9696865.0,poseidon,condorpool,poseidon-worker-1-container-44-47,compute,/srv/compute,,5.2,0,0,,,,,,,,,
register_condorpool_2_0,None,auxiliary,0,1711722740.0,,,1711722745.0,,,0.0,1711722746.0,1711722750.0,,,0.0,1711722750.0,1711722755.0,5.0,,1.0,4.0,5.0,,,,,poseidon,local,poseidon-submit,pegasus::rc-client,/mnt/poseidon-data/poseidon/pegasus-5.1.0panorama/bin/pegasus-rc-client,"-n pegasus::rc-client -N null -R local  -L somospie -T 2024-03-27T17:59:14+00:00 /home/poseidon/pegasus-5.1.0panorama/bin/pegasus-rc-client --prefix pegasus.catalog.replica.output --conf /mnt/poseidon-data/poseidon/workflows/SOMOSPIE/SOMOSPIE_pegasus/CombinedPipeline/submit/poseidon/pegasus/somospie/run0101/pegasus.10175499968732376097.properties -v --meta /mnt/poseidon-data/poseidon/workflows/SOMOSPIE/SOMOSPIE_pegasus/CombinedPipeline/submit/poseidon/pegasus/somospie/run0101/00/00/crop_ID0000003.meta,/mnt/poseidon-data/poseidon/workflows/SOMOSPIE/SOMOSPIE_pegasus/CombinedPipeline/submit/poseidon/pegasus/somospie/run0101/00/00/crop_ID0000009.meta,/mnt/poseidon-data/poseidon/workflows/SOMOSPIE/SOMOSPIE_pegasus/CombinedPipeline/submit/poseidon/pegasus/somospie/run0101/00/00/crop_ID0000005.meta,/mnt/poseidon-data/poseidon/workflows/SOMOSPIE/SOMOSPIE_pegasus/CombinedPipeline/submit/poseidon/pegasus/somospie/run0101/00/00/crop_ID0000007.meta --insert /mnt/poseidon-data/poseidon/workflows/SOMOSPIE/SOMOSPIE_pegasus/CombinedPipeline/submit/poseidon/pegasus/somospie/run0101/00/00/register_condorpool_2_0.in",2.9,0,0,,,,,,,,,
stage_out_local_condorpool_3_0,None,transfer,0,1711722780.0,,,1711722785.0,,,0.0,1711722785.0,1711722795.0,,,0.0,1711722795.0,1711722800.0,5.0,,0.0,10.0,5.0,,,,,poseidon,local,poseidon-submit,pegasus::transfer,/mnt/poseidon-data/poseidon/pegasus-5.1.0panorama/bin/pegasus-transfer,/home/poseidon/pegasus-5.1.0panorama/bin/../bin/pegasus-kickstart  -n pegasus::transfer -N null -i - -R local  -L somospie -T 2024-03-27T17:59:14+00:00 /home/poseidon/pegasus-5.1.0panorama/bin/../bin/pegasus-transfer  --threads 2,3.4,0,0,,,,,,,,,
merge_avg_ID0000014,None,compute,0,1711722780.0,,,1711722785.0,1711722786.0,1711722802.0,82436412.5,1711722785.0,1711722856.0,1711722844.0,1711722850.0,53295569.0,1711722856.0,1711722861.0,5.0,,0.0,71.0,5.0,16.0,737559838.0,6.0,309527239.0,poseidon,condorpool,poseidon-worker-2-container-0-3,merge_avg,/srv/merge_avg,,45.9,0,0,0.0,1081987166.0,671157692.0,48350.0,20592.0,23.2,6.6,36066238.9,22371923.1
merge_avg_ID0000012,None,compute,0,1711722780.0,,,1711722785.0,1711722786.0,1711722803.0,78447485.0,1711722785.0,1711722856.0,1711722841.0,1711722846.0,53052158.0,1711722856.0,1711722861.0,5.0,,0.0,71.0,5.0,17.0,731979063.0,5.0,304811410.0,poseidon,condorpool,poseidon-worker-1-container-44-47,merge_avg,/srv/merge_avg,,44.2,0,0,0.0,1157911584.0,842288990.0,49303.0,25833.0,30.8,8.0,38597052.8,28076299.7
merge_avg_ID0000013,None,compute,0,1711722780.0,,,1711722785.0,1711722786.0,1711722801.0,63033047.6,1711722785.0,1711722851.0,1711722838.0,1711722842.0,24021398.0,1711722851.0,1711722856.0,5.0,,0.0,66.0,5.0,15.0,498824437.0,4.0,98388765.0,poseidon,condorpool,poseidon-worker-2-container-28-31,merge_avg,/srv/merge_avg,,40.5,0,0,0.0,453983855.0,261130000.0,47781.0,8097.0,27.7,7.5,15132795.2,8704333.3
register_condorpool_3_0,None,auxiliary,0,1711722800.0,,,1711722805.0,,,0.0,1711722805.0,1711722810.0,,,0.0,1711722810.0,1711722815.0,5.0,,0.0,5.0,5.0,,,,,poseidon,local,poseidon-submit,pegasus::rc-client,/mnt/poseidon-data/poseidon/pegasus-5.1.0panorama/bin/pegasus-rc-client,"-n pegasus::rc-client -N null -R local  -L somospie -T 2024-03-27T17:59:14+00:00 /home/poseidon/pegasus-5.1.0panorama/bin/pegasus-rc-client --prefix pegasus.catalog.replica.output --conf /mnt/poseidon-data/poseidon/workflows/SOMOSPIE/SOMOSPIE_pegasus/CombinedPipeline/submit/poseidon/pegasus/somospie/run0101/pegasus.10175499968732376097.properties -v --meta /mnt/poseidon-data/poseidon/workflows/SOMOSPIE/SOMOSPIE_pegasus/CombinedPipeline/submit/poseidon/pegasus/somospie/run0101/00/00/compute_ID0000008.meta,/mnt/poseidon-data/poseidon/workflows/SOMOSPIE/SOMOSPIE_pegasus/CombinedPipeline/submit/poseidon/pegasus/somospie/run0101/00/00/compute_ID0000006.meta,/mnt/poseidon-data/poseidon/workflows/SOMOSPIE/SOMOSPIE_pegasus/CombinedPipeline/submit/poseidon/pegasus/somospie/run0101/00/00/compute_ID0000010.meta,/mnt/poseidon-data/poseidon/workflows/SOMOSPIE/SOMOSPIE_pegasus/CombinedPipeline/submit/poseidon/pegasus/somospie/run0101/00/00/compute_ID0000004.meta --insert /mnt/poseidon-data/poseidon/workflows/SOMOSPIE/SOMOSPIE_pegasus/CombinedPipeline/submit/poseidon/pegasus/somospie/run0101/00/00/register_condorpool_3_0.in",3.1,0,0,,,,,,,,,
generate_eval_ID0000039,None,compute,0,1711722861.0,,,1711722866.0,1711722887.0,1711722917.0,106216224.3,1711722886.0,1711722947.0,1711722935.0,1711722938.0,2750775.0,1711722947.0,1711722952.0,5.0,,20.0,61.0,5.0,30.0,2410452250.0,3.0,9068473.0,poseidon,condorpool,poseidon-worker-1-container-4-7,generate_eval,/srv/generate_eval,,8.3,0,0,,,,,,,,,
generate_train_ID0000032,None,compute,0,1711722861.0,,,1711722866.0,1711722887.0,1711722918.0,102213446.2,1711722886.0,1711722942.0,1711722929.0,1711722932.0,392987.0,1711722942.0,1711722947.0,5.0,,20.0,56.0,5.0,31.0,2411396929.0,3.0,1265871.0,poseidon,condorpool,poseidon-worker-1-container-16-19,generate_train,/srv/generate_train,,0.9,0,0,,,,,,,,,
generate_eval_ID0000042,None,compute,0,1711722861.0,,,1711722866.0,1711722887.0,1711722912.0,129180127.0,1711722886.0,1711722947.0,1711722936.0,1711722941.0,45844768.0,1711722947.0,1711722952.0,5.0,,20.0,61.0,5.0,25.0,2410452250.0,5.0,240602325.0,poseidon,condorpool,poseidon-worker-1-container-32-35,generate_eval,/srv/generate_eval,,12.3,0,0,0.0,238002195.0,237385995.0,3993.0,7284.0,9.1,0.8,23800219.5,23738599.5
generate_train_ID0000031,None,compute,0,1711722861.0,,,1711722866.0,1711722887.0,1711722911.0,141433317.2,1711722886.0,1711722932.0,1711722922.0,1711722925.0,365072.0,1711722932.0,1711722937.0,5.0,,20.0,46.0,5.0,24.0,2411324399.0,3.0,1175014.0,poseidon,condorpool,poseidon-worker-2-container-40-43,generate_train,/srv/generate_train,,0.9,0,0,,,,,,,,,
generate_train_ID0000030,None,compute,0,1711722861.0,,,1711722866.0,1711722887.0,1711722915.0,113867778.3,1711722886.0,1711722937.0,1711722925.0,1711722929.0,301315.0,1711722937.0,1711722942.0,5.0,,20.0,51.0,5.0,28.0,2411167840.0,4.0,973028.0,poseidon,condorpool,poseidon-worker-2-container-36-39,generate_train,/srv/generate_train,,0.9,0,0,,,,,,,,,
generate_eval_ID0000040,None,compute,0,1711722861.0,,,1711722866.0,1711722887.0,1711722916.0,108430879.5,1711722886.0,1711722947.0,1711722934.0,1711722938.0,2542743.0,1711722947.0,1711722952.0,5.0,,20.0,61.0,5.0,29.0,2410452250.0,4.0,8350187.0,poseidon,condorpool,poseidon-worker-1-container-36-39,generate_eval,/srv/generate_eval,,8.3,0,0,,,,,,,,,
generate_eval_ID0000041,None,compute,0,1711722861.0,,,1711722866.0,1711722887.0,1711722913.0,127790179.8,1711722886.0,1711722957.0,1711722942.0,1711722950.0,70895398.0,1711722957.0,1711722962.0,5.0,,20.0,71.0,5.0,26.0,2410452250.0,8.0,561272484.0,poseidon,condorpool,poseidon-worker-1-container-28-31,generate_eval,/srv/generate_eval,,16.4,0,0,0.0,315785489.0,304888068.0,4474.0,9339.0,8.9,0.9,31578548.9,30488806.8
generate_train_ID0000036,None,compute,0,1711722861.0,,,1711722866.0,1711722887.0,1711722912.0,131867262.8,1711722886.0,1711722937.0,1711722923.0,1711722926.0,347469.0,1711722937.0,1711722942.0,5.0,,20.0,51.0,5.0,25.0,2411281478.0,3.0,1118721.0,poseidon,condorpool,poseidon-worker-1-container-0-3,generate_train,/srv/generate_train,,0.8,0,0,,,,,,,,,
generate_train_ID0000034,None,compute,0,1711722861.0,,,1711722866.0,1711722887.0,1711722914.0,119611280.4,1711722886.0,1711722937.0,1711722925.0,1711722928.0,395795.0,1711722937.0,1711722942.0,5.0,,20.0,51.0,5.0,27.0,2411404099.0,3.0,1275159.0,poseidon,condorpool,poseidon-worker-2-container-44-47,generate_train,/srv/generate_train,,0.8,0,0,,,,,,,,,
generate_train_ID0000033,None,compute,0,1711722861.0,,,1711722866.0,1711722887.0,1711722911.0,142409796.8,1711722886.0,1711722932.0,1711722922.0,1711722925.0,376308.0,1711722932.0,1711722937.0,5.0,,20.0,46.0,5.0,24.0,2411402752.0,3.0,1274805.0,poseidon,condorpool,poseidon-worker-2-container-0-3,generate_train,/srv/generate_train,,0.9,0,0,,,,,,,,,
generate_train_ID0000029,None,compute,0,1711722861.0,,,1711722866.0,1711722887.0,1711722912.0,137350055.0,1711722886.0,1711722932.0,1711722922.0,1711722926.0,261033.0,1711722932.0,1711722937.0,5.0,,20.0,46.0,5.0,25.0,2411064511.0,4.0,843408.0,poseidon,condorpool,poseidon-worker-1-container-44-47,generate_train,/srv/generate_train,,0.8,0,0,,,,,,,,,
generate_train_ID0000028,None,compute,0,1711722861.0,,,1711722866.0,1711722887.0,1711722920.0,92203455.8,1711722886.0,1711722942.0,1711722930.0,1711722934.0,237416.0,1711722942.0,1711722947.0,5.0,,20.0,56.0,5.0,33.0,2411001737.0,4.0,762584.0,poseidon,condorpool,poseidon-worker-2-container-28-31,generate_train,/srv/generate_train,,0.8,0,0,,,,,,,,,
stage_out_local_condorpool_4_0,None,transfer,0,1711722861.0,,,1711722866.0,,,0.0,1711722866.0,1711722871.0,,,0.0,1711722871.0,1711722876.0,5.0,,0.0,5.0,5.0,,,,,poseidon,local,poseidon-submit,pegasus::transfer,/mnt/poseidon-data/poseidon/pegasus-5.1.0panorama/bin/pegasus-transfer,/home/poseidon/pegasus-5.1.0panorama/bin/../bin/pegasus-kickstart  -n pegasus::transfer -N null -i - -R local  -L somospie -T 2024-03-27T17:59:14+00:00 /home/poseidon/pegasus-5.1.0panorama/bin/../bin/pegasus-transfer  --threads 2,2.5,0,0,,,,,,,,,
generate_train_ID0000027,None,compute,0,1711722861.0,,,1711722866.0,1711722867.0,1711722892.0,138228889.5,1711722866.0,1711722917.0,1711722903.0,1711722906.0,217632.0,1711722917.0,1711722922.0,5.0,,0.0,51.0,5.0,25.0,2411002607.0,3.0,764017.0,poseidon,condorpool,poseidon-worker-2-container-28-31,generate_train,/srv/generate_train,,0.8,0,0,,,,,,,,,
generate_train_ID0000038,None,compute,0,1711722861.0,,,1711722866.0,1711722867.0,1711722892.0,137784187.4,1711722866.0,1711722917.0,1711722903.0,1711722906.0,240473.0,1711722917.0,1711722922.0,5.0,,0.0,51.0,5.0,25.0,2411059770.0,3.0,837547.0,poseidon,condorpool,poseidon-worker-1-container-44-47,generate_train,/srv/generate_train,,0.8,0,0,,,,,,,,,
generate_train_ID0000037,None,compute,0,1711722861.0,,,1711722866.0,1711722867.0,1711722893.0,132862578.6,1711722866.0,1711722917.0,1711722903.0,1711722907.0,287708.0,1711722917.0,1711722922.0,5.0,,0.0,51.0,5.0,26.0,2411164025.0,4.0,969901.0,poseidon,condorpool,poseidon-worker-2-container-0-3,generate_train,/srv/generate_train,,0.8,0,0,,,,,,,,,
generate_train_ID0000035,None,compute,0,1711722861.0,,,1711722866.0,1711722887.0,1711722913.0,127705814.7,1711722886.0,1711722937.0,1711722924.0,1711722927.0,391947.0,1711722937.0,1711722942.0,5.0,,20.0,51.0,5.0,26.0,2411394544.0,3.0,1261244.0,poseidon,condorpool,poseidon-worker-1-container-40-43,generate_train,/srv/generate_train,,0.9,0,0,,,,,,,,,
register_condorpool_4_0,None,auxiliary,0,1711722876.0,,,1711722881.0,,,0.0,1711722881.0,1711722886.0,,,0.0,1711722886.0,1711722891.0,5.0,,0.0,5.0,5.0,,,,,poseidon,local,poseidon-submit,pegasus::rc-client,/mnt/poseidon-data/poseidon/pegasus-5.1.0panorama/bin/pegasus-rc-client,"-n pegasus::rc-client -N null -R local  -L somospie -T 2024-03-27T17:59:14+00:00 /home/poseidon/pegasus-5.1.0panorama/bin/pegasus-rc-client --prefix pegasus.catalog.replica.output --conf /mnt/poseidon-data/poseidon/workflows/SOMOSPIE/SOMOSPIE_pegasus/CombinedPipeline/submit/poseidon/pegasus/somospie/run0101/pegasus.10175499968732376097.properties -v --meta /mnt/poseidon-data/poseidon/workflows/SOMOSPIE/SOMOSPIE_pegasus/CombinedPipeline/submit/poseidon/pegasus/somospie/run0101/00/00/merge_avg_ID0000013.meta,/mnt/poseidon-data/poseidon/workflows/SOMOSPIE/SOMOSPIE_pegasus/CombinedPipeline/submit/poseidon/pegasus/somospie/run0101/00/00/merge_avg_ID0000012.meta,/mnt/poseidon-data/poseidon/workflows/SOMOSPIE/SOMOSPIE_pegasus/CombinedPipeline/submit/poseidon/pegasus/somospie/run0101/00/00/merge_avg_ID0000014.meta --insert /mnt/poseidon-data/poseidon/workflows/SOMOSPIE/SOMOSPIE_pegasus/CombinedPipeline/submit/poseidon/pegasus/somospie/run0101/00/00/register_condorpool_4_0.in",3.2,0,0,,,,,,,,,
stage_out_local_condorpool_5_0,None,transfer,0,1711722962.0,,,1711722967.0,,,0.0,1711722967.0,1711722977.0,,,0.0,1711722977.0,1711722982.0,5.0,,0.0,10.0,5.0,,,,,poseidon,local,poseidon-submit,pegasus::transfer,/mnt/poseidon-data/poseidon/pegasus-5.1.0panorama/bin/pegasus-transfer,/home/poseidon/pegasus-5.1.0panorama/bin/../bin/pegasus-kickstart  -n pegasus::transfer -N null -i - -R local  -L somospie -T 2024-03-27T17:59:14+00:00 /home/poseidon/pegasus-5.1.0panorama/bin/../bin/pegasus-transfer  --threads 2,3.8,0,0,,,,,,,,,
stage_out_local_condorpool_5_1,None,transfer,0,1711722962.0,,,1711722967.0,,,0.0,1711722967.0,1711722972.0,,,0.0,1711722972.0,1711722977.0,5.0,,0.0,5.0,5.0,,,,,poseidon,local,poseidon-submit,pegasus::transfer,/mnt/poseidon-data/poseidon/pegasus-5.1.0panorama/bin/pegasus-transfer,/home/poseidon/pegasus-5.1.0panorama/bin/../bin/pegasus-kickstart  -n pegasus::transfer -N null -i - -R local  -L somospie -T 2024-03-27T17:59:14+00:00 /home/poseidon/pegasus-5.1.0panorama/bin/../bin/pegasus-transfer  --threads 2,1.7,0,0,,,,,,,,,
register_condorpool_5_1,None,auxiliary,0,1711722977.0,,,1711722982.0,,,0.0,1711722982.0,1711722987.0,,,0.0,1711722987.0,1711722993.0,5.0,,0.0,5.0,6.0,,,,,poseidon,local,poseidon-submit,pegasus::rc-client,/mnt/poseidon-data/poseidon/pegasus-5.1.0panorama/bin/pegasus-rc-client,"-n pegasus::rc-client -N null -R local  -L somospie -T 2024-03-27T17:59:14+00:00 /home/poseidon/pegasus-5.1.0panorama/bin/pegasus-rc-client --prefix pegasus.catalog.replica.output --conf /mnt/poseidon-data/poseidon/workflows/SOMOSPIE/SOMOSPIE_pegasus/CombinedPipeline/submit/poseidon/pegasus/somospie/run0101/pegasus.10175499968732376097.properties -v --meta /mnt/poseidon-data/poseidon/workflows/SOMOSPIE/SOMOSPIE_pegasus/CombinedPipeline/submit/poseidon/pegasus/somospie/run0101/00/00/generate_train_ID0000028.meta,/mnt/poseidon-data/poseidon/workflows/SOMOSPIE/SOMOSPIE_pegasus/CombinedPipeline/submit/poseidon/pegasus/somospie/run0101/00/00/generate_train_ID0000027.meta,/mnt/poseidon-data/poseidon/workflows/SOMOSPIE/SOMOSPIE_pegasus/CombinedPipeline/submit/poseidon/pegasus/somospie/run0101/00/00/generate_train_ID0000038.meta,/mnt/poseidon-data/poseidon/workflows/SOMOSPIE/SOMOSPIE_pegasus/CombinedPipeline/submit/poseidon/pegasus/somospie/run0101/00/00/generate_train_ID0000033.meta,/mnt/poseidon-data/poseidon/workflows/SOMOSPIE/SOMOSPIE_pegasus/CombinedPipeline/submit/poseidon/pegasus/somospie/run0101/00/01/generate_train_ID0000030.meta,/mnt/poseidon-data/poseidon/workflows/SOMOSPIE/SOMOSPIE_pegasus/CombinedPipeline/submit/poseidon/pegasus/somospie/run0101/00/01/generate_eval_ID0000041.meta,/mnt/poseidon-data/poseidon/workflows/SOMOSPIE/SOMOSPIE_pegasus/CombinedPipeline/submit/poseidon/pegasus/somospie/run0101/00/01/generate_train_ID0000031.meta,/mnt/poseidon-data/poseidon/workflows/SOMOSPIE/SOMOSPIE_pegasus/CombinedPipeline/submit/poseidon/pegasus/somospie/run0101/00/01/generate_train_ID0000032.meta,/mnt/poseidon-data/poseidon/workflows/SOMOSPIE/SOMOSPIE_pegasus/CombinedPipeline/submit/poseidon/pegasus/somospie/run0101/00/00/generate_train_ID0000037.meta,/mnt/poseidon-data/poseidon/workflows/SOMOSPIE/SOMOSPIE_pegasus/CombinedPipeline/submit/poseidon/pegasus/somospie/run0101/00/01/generate_eval_ID0000040.meta,/mnt/poseidon-data/poseidon/workflows/SOMOSPIE/SOMOSPIE_pegasus/CombinedPipeline/submit/poseidon/pegasus/somospie/run0101/00/01/generate_eval_ID0000039.meta,/mnt/poseidon-data/poseidon/workflows/SOMOSPIE/SOMOSPIE_pegasus/CombinedPipeline/submit/poseidon/pegasus/somospie/run0101/00/00/generate_train_ID0000034.meta,/mnt/poseidon-data/poseidon/workflows/SOMOSPIE/SOMOSPIE_pegasus/CombinedPipeline/submit/poseidon/pegasus/somospie/run0101/00/01/generate_train_ID0000035.meta,/mnt/poseidon-data/poseidon/workflows/SOMOSPIE/SOMOSPIE_pegasus/CombinedPipeline/submit/poseidon/pegasus/somospie/run0101/00/01/generate_train_ID0000036.meta,/mnt/poseidon-data/poseidon/workflows/SOMOSPIE/SOMOSPIE_pegasus/CombinedPipeline/submit/poseidon/pegasus/somospie/run0101/00/01/generate_eval_ID0000042.meta,/mnt/poseidon-data/poseidon/workflows/SOMOSPIE/SOMOSPIE_pegasus/CombinedPipeline/submit/poseidon/pegasus/somospie/run0101/00/00/generate_train_ID0000029.meta --insert /mnt/poseidon-data/poseidon/workflows/SOMOSPIE/SOMOSPIE_pegasus/CombinedPipeline/submit/poseidon/pegasus/somospie/run0101/00/01/register_condorpool_5_1.in",3.3,0,0,,,,,,,,,
register_condorpool_5_0,None,auxiliary,0,1711722982.0,,,1711722993.0,,,0.0,1711722993.0,1711722998.0,,,0.0,1711722998.0,1711723003.0,11.0,,0.0,5.0,5.0,,,,,poseidon,local,poseidon-submit,pegasus::rc-client,/mnt/poseidon-data/poseidon/pegasus-5.1.0panorama/bin/pegasus-rc-client,"-n pegasus::rc-client -N null -R local  -L somospie -T 2024-03-27T17:59:14+00:00 /home/poseidon/pegasus-5.1.0panorama/bin/pegasus-rc-client --prefix pegasus.catalog.replica.output --conf /mnt/poseidon-data/poseidon/workflows/SOMOSPIE/SOMOSPIE_pegasus/CombinedPipeline/submit/poseidon/pegasus/somospie/run0101/pegasus.10175499968732376097.properties -v --meta /mnt/poseidon-data/poseidon/workflows/SOMOSPIE/SOMOSPIE_pegasus/CombinedPipeline/submit/poseidon/pegasus/somospie/run0101/00/00/generate_train_ID0000028.meta,/mnt/poseidon-data/poseidon/workflows/SOMOSPIE/SOMOSPIE_pegasus/CombinedPipeline/submit/poseidon/pegasus/somospie/run0101/00/00/generate_train_ID0000027.meta,/mnt/poseidon-data/poseidon/workflows/SOMOSPIE/SOMOSPIE_pegasus/CombinedPipeline/submit/poseidon/pegasus/somospie/run0101/00/00/generate_train_ID0000038.meta,/mnt/poseidon-data/poseidon/workflows/SOMOSPIE/SOMOSPIE_pegasus/CombinedPipeline/submit/poseidon/pegasus/somospie/run0101/00/00/generate_train_ID0000033.meta,/mnt/poseidon-data/poseidon/workflows/SOMOSPIE/SOMOSPIE_pegasus/CombinedPipeline/submit/poseidon/pegasus/somospie/run0101/00/01/generate_train_ID0000030.meta,/mnt/poseidon-data/poseidon/workflows/SOMOSPIE/SOMOSPIE_pegasus/CombinedPipeline/submit/poseidon/pegasus/somospie/run0101/00/01/generate_eval_ID0000041.meta,/mnt/poseidon-data/poseidon/workflows/SOMOSPIE/SOMOSPIE_pegasus/CombinedPipeline/submit/poseidon/pegasus/somospie/run0101/00/01/generate_train_ID0000031.meta,/mnt/poseidon-data/poseidon/workflows/SOMOSPIE/SOMOSPIE_pegasus/CombinedPipeline/submit/poseidon/pegasus/somospie/run0101/00/01/generate_train_ID0000032.meta,/mnt/poseidon-data/poseidon/workflows/SOMOSPIE/SOMOSPIE_pegasus/CombinedPipeline/submit/poseidon/pegasus/somospie/run0101/00/00/generate_train_ID0000037.meta,/mnt/poseidon-data/poseidon/workflows/SOMOSPIE/SOMOSPIE_pegasus/CombinedPipeline/submit/poseidon/pegasus/somospie/run0101/00/01/generate_eval_ID0000040.meta,/mnt/poseidon-data/poseidon/workflows/SOMOSPIE/SOMOSPIE_pegasus/CombinedPipeline/submit/poseidon/pegasus/somospie/run0101/00/01/generate_eval_ID0000039.meta,/mnt/poseidon-data/poseidon/workflows/SOMOSPIE/SOMOSPIE_pegasus/CombinedPipeline/submit/poseidon/pegasus/somospie/run0101/00/00/generate_train_ID0000034.meta,/mnt/poseidon-data/poseidon/workflows/SOMOSPIE/SOMOSPIE_pegasus/CombinedPipeline/submit/poseidon/pegasus/somospie/run0101/00/01/generate_train_ID0000035.meta,/mnt/poseidon-data/poseidon/workflows/SOMOSPIE/SOMOSPIE_pegasus/CombinedPipeline/submit/poseidon/pegasus/somospie/run0101/00/01/generate_train_ID0000036.meta,/mnt/poseidon-data/poseidon/workflows/SOMOSPIE/SOMOSPIE_pegasus/CombinedPipeline/submit/poseidon/pegasus/somospie/run0101/00/01/generate_eval_ID0000042.meta,/mnt/poseidon-data/poseidon/workflows/SOMOSPIE/SOMOSPIE_pegasus/CombinedPipeline/submit/poseidon/pegasus/somospie/run0101/00/00/generate_train_ID0000029.meta --insert /mnt/poseidon-data/poseidon/workflows/SOMOSPIE/SOMOSPIE_pegasus/CombinedPipeline/submit/poseidon/pegasus/somospie/run0101/00/01/register_condorpool_5_0.in",3.3,0,0,,,,,,,,,
cleanup_somospie_0_condorpool,None,auxiliary,0,1711722982.0,,,1711722987.0,,,0.0,1711722987.0,1711722993.0,,,0.0,1711722993.0,1711722998.0,5.0,,0.0,6.0,5.0,,,,,poseidon,local,poseidon-submit,pegasus::cleanup,/mnt/poseidon-data/poseidon/pegasus-5.1.0panorama/bin/pegasus-transfer,pegasus-kickstart  -n pegasus::cleanup -N null -i - -R local  -L somospie -T 2024-03-27T17:59:14+00:00 pegasus-transfer,0.2,0,0,,,,,,,,,
