,anomaly_type,type,is_clustered,ready,pre_script_start,pre_script_end,submit,stage_in_start,stage_in_end,stage_in_effective_bytes_per_sec,execute_start,execute_end,stage_out_start,stage_out_end,stage_out_effective_bytes_per_sec,post_script_start,post_script_end,wms_delay,pre_script_delay,queue_delay,runtime,post_script_delay,stage_in_delay,stage_in_bytes,stage_out_delay,stage_out_bytes,kickstart_user,kickstart_site,kickstart_hostname,kickstart_transformations,kickstart_executables,kickstart_executables_argv,kickstart_executables_cpu_time,kickstart_status,kickstart_executables_exitcode,kickstart_online_iowait,kickstart_online_bytes_read,kickstart_online_bytes_written,kickstart_online_read_system_calls,kickstart_online_write_system_calls,kickstart_online_utime,kickstart_online_stime,kickstart_online_bytes_read_per_second,kickstart_online_bytes_written_per_second
create_dir_somospie_0_condorpool,None,auxiliary,0,1711721097.0,,,1711721098.0,,,0.0,1711721102.0,1711721108.0,,,0.0,1711721108.0,1711721113.0,1.0,,4.0,6.0,5.0,,,,,poseidon,local,poseidon-submit,pegasus::dirmanager,/mnt/poseidon-data/poseidon/pegasus-5.1.0panorama/bin/pegasus-transfer,pegasus-kickstart  -n pegasus::dirmanager -N null -i - -R local  -L somospie -T 2024-03-27T17:59:14+00:00 pegasus-transfer,0.2,0,0,,,,,,,,,
get_sm_ID0000020,None,compute,0,1711721113.0,,,1711721118.0,1711721137.0,1711721156.0,39737062.4,1711721137.0,1711721173.0,1711721163.0,1711721166.0,287325.0,1711721173.0,1711721178.0,5.0,,19.0,36.0,5.0,19.0,470635724.0,3.0,945682.0,poseidon,condorpool,poseidon-worker-2-container-40-43,get_sm,/srv/get_sm,,1.9,0,0,,,,,,,,,
get_sm_ID0000021,None,compute,0,1711721113.0,,,1711721118.0,1711721137.0,1711721158.0,33945020.4,1711721137.0,1711721178.0,1711721165.0,1711721169.0,297342.0,1711721178.0,1711721183.0,5.0,,19.0,41.0,5.0,21.0,475840244.0,4.0,951505.0,poseidon,condorpool,poseidon-worker-1-container-44-47,get_sm,/srv/get_sm,,2.0,0,0,,,,,,,,,
get_sm_ID0000022,None,compute,0,1711721113.0,,,1711721118.0,1711721137.0,1711721159.0,33932975.5,1711721137.0,1711721178.0,1711721166.0,1711721169.0,296383.0,1711721178.0,1711721183.0,5.0,,19.0,41.0,5.0,22.0,475800760.0,3.0,952852.0,poseidon,condorpool,poseidon-worker-1-container-0-3,get_sm,/srv/get_sm,,2.1,0,0,,,,,,,,,
get_sm_ID0000023,None,compute,0,1711721113.0,,,1711721118.0,1711721137.0,1711721156.0,38183147.7,1711721137.0,1711721173.0,1711721163.0,1711721166.0,288494.0,1711721173.0,1711721178.0,5.0,,19.0,36.0,5.0,19.0,467398273.0,3.0,943297.0,poseidon,condorpool,poseidon-worker-2-container-0-3,get_sm,/srv/get_sm,,1.9,0,0,,,,,,,,,
get_sm_ID0000024,None,compute,0,1711721113.0,,,1711721118.0,1711721137.0,1711721159.0,30138921.0,1711721137.0,1711721178.0,1711721166.0,1711721169.0,257117.0,1711721178.0,1711721183.0,5.0,,19.0,41.0,5.0,22.0,457521962.0,3.0,830231.0,poseidon,condorpool,poseidon-worker-1-container-24-27,get_sm,/srv/get_sm,,2.0,0,0,,,,,,,,,
get_sm_ID0000025,None,compute,0,1711721113.0,,,1711721118.0,1711721137.0,1711721160.0,29212459.4,1711721137.0,1711721178.0,1711721167.0,1711721170.0,225128.0,1711721178.0,1711721183.0,5.0,,19.0,41.0,5.0,23.0,447555942.0,3.0,712778.0,poseidon,condorpool,poseidon-worker-1-container-40-43,get_sm,/srv/get_sm,,1.9,0,0,,,,,,,,,
get_sm_ID0000015,None,compute,0,1711721113.0,,,1711721118.0,1711721137.0,1711721160.0,28877827.8,1711721137.0,1711721178.0,1711721167.0,1711721170.0,170678.0,1711721178.0,1711721183.0,5.0,,19.0,41.0,5.0,23.0,440090843.0,3.0,551360.0,poseidon,condorpool,poseidon-worker-1-container-36-39,get_sm,/srv/get_sm,,1.8,0,0,,,,,,,,,
get_sm_ID0000026,None,compute,0,1711721113.0,,,1711721118.0,1711721137.0,1711721156.0,37437561.3,1711721137.0,1711721173.0,1711721163.0,1711721166.0,186084.0,1711721173.0,1711721178.0,5.0,,19.0,36.0,5.0,19.0,442257808.0,3.0,608523.0,poseidon,condorpool,poseidon-worker-2-container-32-35,get_sm,/srv/get_sm,,1.9,0,0,,,,,,,,,
get_sm_ID0000016,None,compute,0,1711721113.0,,,1711721118.0,1711721137.0,1711721156.0,40493158.4,1711721137.0,1711721173.0,1711721163.0,1711721166.0,169309.0,1711721173.0,1711721178.0,5.0,,19.0,36.0,5.0,19.0,436178789.0,3.0,550490.0,poseidon,condorpool,poseidon-worker-2-container-44-47,get_sm,/srv/get_sm,,1.9,0,0,,,,,,,,,
get_sm_ID0000017,None,compute,0,1711721113.0,,,1711721118.0,1711721137.0,1711721157.0,34796120.7,1711721137.0,1711721173.0,1711721164.0,1711721167.0,189976.0,1711721173.0,1711721178.0,5.0,,19.0,36.0,5.0,20.0,444771924.0,3.0,613264.0,poseidon,condorpool,poseidon-worker-2-container-36-39,get_sm,/srv/get_sm,,2.0,0,0,,,,,,,,,
get_sm_ID0000018,None,compute,0,1711721113.0,,,1711721118.0,1711721137.0,1711721155.0,47741192.3,1711721137.0,1711721173.0,1711721162.0,1711721165.0,217750.0,1711721173.0,1711721178.0,5.0,,19.0,36.0,5.0,18.0,449409643.0,3.0,716593.0,poseidon,condorpool,poseidon-worker-1-container-28-31,get_sm,/srv/get_sm,,1.9,0,0,,,,,,,,,
get_sm_ID0000019,None,compute,0,1711721113.0,,,1711721118.0,1711721137.0,1711721157.0,34537865.3,1711721137.0,1711721173.0,1711721164.0,1711721168.0,273678.0,1711721173.0,1711721178.0,5.0,,19.0,36.0,5.0,20.0,459739344.0,4.0,873152.0,poseidon,condorpool,poseidon-worker-1-container-32-35,get_sm,/srv/get_sm,,1.9,0,0,,,,,,,,,
merge_ID0000001,None,compute,0,1711721113.0,,,1711721118.0,1711721137.0,1711721159.0,115205796.3,1711721137.0,1711721213.0,1711721193.0,1711721207.0,91385580.0,1711721213.0,1711721218.0,5.0,,19.0,76.0,5.0,22.0,1726068480.0,14.0,1298102725.0,poseidon,condorpool,poseidon-worker-1-container-12-15,merge,/srv/merge,,41.2,0,0,0.0,979582169.0,1294531906.0,10750.0,39540.0,34.2,2.4,48979108.5,64726595.3
stage_out_local_condorpool_0_1,None,transfer,0,1711721183.0,,,1711721188.0,,,0.0,1711721188.0,1711721193.0,,,0.0,1711721193.0,1711721198.0,5.0,,0.0,5.0,5.0,,,,,poseidon,local,poseidon-submit,pegasus::transfer,/mnt/poseidon-data/poseidon/pegasus-5.1.0panorama/bin/pegasus-transfer,/home/poseidon/pegasus-5.1.0panorama/bin/../bin/pegasus-kickstart  -n pegasus::transfer -N null -i - -R local  -L somospie -T 2024-03-27T17:59:14+00:00 /home/poseidon/pegasus-5.1.0panorama/bin/../bin/pegasus-transfer  --threads 2,0.8,0,0,,,,,,,,,
register_condorpool_0_1,None,auxiliary,0,1711721198.0,,,1711721203.0,,,0.0,1711721203.0,1711721208.0,,,0.0,1711721208.0,1711721213.0,5.0,,0.0,5.0,5.0,,,,,poseidon,local,poseidon-submit,pegasus::rc-client,/mnt/poseidon-data/poseidon/pegasus-5.1.0panorama/bin/pegasus-rc-client,"-n pegasus::rc-client -N null -R local  -L somospie -T 2024-03-27T17:59:14+00:00 /home/poseidon/pegasus-5.1.0panorama/bin/pegasus-rc-client --prefix pegasus.catalog.replica.output --conf /mnt/poseidon-data/poseidon/workflows/SOMOSPIE/SOMOSPIE_pegasus/CombinedPipeline/submit/poseidon/pegasus/somospie/run0099/pegasus.6821410822349844497.properties -v --meta /mnt/poseidon-data/poseidon/workflows/SOMOSPIE/SOMOSPIE_pegasus/CombinedPipeline/submit/poseidon/pegasus/somospie/run0099/00/00/get_sm_ID0000022.meta,/mnt/poseidon-data/poseidon/workflows/SOMOSPIE/SOMOSPIE_pegasus/CombinedPipeline/submit/poseidon/pegasus/somospie/run0099/00/00/get_sm_ID0000016.meta,/mnt/poseidon-data/poseidon/workflows/SOMOSPIE/SOMOSPIE_pegasus/CombinedPipeline/submit/poseidon/pegasus/somospie/run0099/00/00/get_sm_ID0000026.meta,/mnt/poseidon-data/poseidon/workflows/SOMOSPIE/SOMOSPIE_pegasus/CombinedPipeline/submit/poseidon/pegasus/somospie/run0099/00/00/get_sm_ID0000019.meta,/mnt/poseidon-data/poseidon/workflows/SOMOSPIE/SOMOSPIE_pegasus/CombinedPipeline/submit/poseidon/pegasus/somospie/run0099/00/00/get_sm_ID0000020.meta,/mnt/poseidon-data/poseidon/workflows/SOMOSPIE/SOMOSPIE_pegasus/CombinedPipeline/submit/poseidon/pegasus/somospie/run0099/00/00/get_sm_ID0000024.meta --insert /mnt/poseidon-data/poseidon/workflows/SOMOSPIE/SOMOSPIE_pegasus/CombinedPipeline/submit/poseidon/pegasus/somospie/run0099/00/00/register_condorpool_0_1.in",3.1,0,0,,,,,,,,,
stage_out_local_condorpool_0_0,None,transfer,0,1711721218.0,,,1711721223.0,,,0.0,1711721223.0,1711721233.0,,,0.0,1711721233.0,1711721238.0,5.0,,0.0,10.0,5.0,,,,,poseidon,local,poseidon-submit,pegasus::transfer,/mnt/poseidon-data/poseidon/pegasus-5.1.0panorama/bin/pegasus-transfer,/home/poseidon/pegasus-5.1.0panorama/bin/../bin/pegasus-kickstart  -n pegasus::transfer -N null -i - -R local  -L somospie -T 2024-03-27T17:59:14+00:00 /home/poseidon/pegasus-5.1.0panorama/bin/../bin/pegasus-transfer  --threads 2,4.5,0,0,,,,,,,,,
reproject_ID0000011,None,compute,0,1711721218.0,,,1711721223.0,1711721224.0,1711721244.0,142196447.4,1711721224.0,1711721303.0,1711721280.0,1711721294.0,91559533.0,1711721303.0,1711721308.0,5.0,,1.0,79.0,5.0,20.0,1696973136.0,14.0,1298118839.0,poseidon,condorpool,poseidon-worker-1-container-12-15,reproject,/srv/reproject,,55.1,0,0,0.0,1308970207.0,1295121733.0,17428.0,39560.0,44.4,3.9,65448510.4,64756086.6
reproject_ID0000002,None,compute,0,1711721218.0,,,1711721223.0,1711721230.0,1711721248.0,143528858.9,1711721229.0,1711721303.0,1711721284.0,1711721296.0,88693195.0,1711721303.0,1711721308.0,5.0,,6.0,74.0,5.0,18.0,1696973986.0,12.0,1125581407.0,poseidon,condorpool,poseidon-worker-2-container-40-43,reproject,/srv/reproject,,53.5,0,0,0.0,1441402568.0,929542847.0,47371.0,28398.0,40.9,5.0,72070128.4,46477142.4
register_condorpool_0_0,None,auxiliary,0,1711721238.0,,,1711721243.0,,,0.0,1711721244.0,1711721248.0,,,0.0,1711721248.0,1711721253.0,5.0,,1.0,4.0,5.0,,,,,poseidon,local,poseidon-submit,pegasus::rc-client,/mnt/poseidon-data/poseidon/pegasus-5.1.0panorama/bin/pegasus-rc-client,"-n pegasus::rc-client -N null -R local  -L somospie -T 2024-03-27T17:59:14+00:00 /home/poseidon/pegasus-5.1.0panorama/bin/pegasus-rc-client --prefix pegasus.catalog.replica.output --conf /mnt/poseidon-data/poseidon/workflows/SOMOSPIE/SOMOSPIE_pegasus/CombinedPipeline/submit/poseidon/pegasus/somospie/run0099/pegasus.6821410822349844497.properties -v --meta /mnt/poseidon-data/poseidon/workflows/SOMOSPIE/SOMOSPIE_pegasus/CombinedPipeline/submit/poseidon/pegasus/somospie/run0099/00/00/get_sm_ID0000017.meta,/mnt/poseidon-data/poseidon/workflows/SOMOSPIE/SOMOSPIE_pegasus/CombinedPipeline/submit/poseidon/pegasus/somospie/run0099/00/00/get_sm_ID0000025.meta,/mnt/poseidon-data/poseidon/workflows/SOMOSPIE/SOMOSPIE_pegasus/CombinedPipeline/submit/poseidon/pegasus/somospie/run0099/00/00/get_sm_ID0000015.meta,/mnt/poseidon-data/poseidon/workflows/SOMOSPIE/SOMOSPIE_pegasus/CombinedPipeline/submit/poseidon/pegasus/somospie/run0099/00/00/merge_ID0000001.meta,/mnt/poseidon-data/poseidon/workflows/SOMOSPIE/SOMOSPIE_pegasus/CombinedPipeline/submit/poseidon/pegasus/somospie/run0099/00/00/get_sm_ID0000021.meta,/mnt/poseidon-data/poseidon/workflows/SOMOSPIE/SOMOSPIE_pegasus/CombinedPipeline/submit/poseidon/pegasus/somospie/run0099/00/00/get_sm_ID0000023.meta,/mnt/poseidon-data/poseidon/workflows/SOMOSPIE/SOMOSPIE_pegasus/CombinedPipeline/submit/poseidon/pegasus/somospie/run0099/00/00/get_sm_ID0000018.meta --insert /mnt/poseidon-data/poseidon/workflows/SOMOSPIE/SOMOSPIE_pegasus/CombinedPipeline/submit/poseidon/pegasus/somospie/run0099/00/00/register_condorpool_0_0.in",3.0,0,0,,,,,,,,,
stage_out_local_condorpool_1_0,None,transfer,0,1711721308.0,,,1711721313.0,,,0.0,1711721313.0,1711721323.0,,,0.0,1711721323.0,1711721328.0,5.0,,0.0,10.0,5.0,,,,,poseidon,local,poseidon-submit,pegasus::transfer,/mnt/poseidon-data/poseidon/pegasus-5.1.0panorama/bin/pegasus-transfer,/home/poseidon/pegasus-5.1.0panorama/bin/../bin/pegasus-kickstart  -n pegasus::transfer -N null -i - -R local  -L somospie -T 2024-03-27T17:59:14+00:00 /home/poseidon/pegasus-5.1.0panorama/bin/../bin/pegasus-transfer  --threads 2,7.2,0,0,,,,,,,,,
crop_ID0000009,None,compute,0,1711721308.0,,,1711721313.0,1711721314.0,1711721333.0,134124707.4,1711721313.0,1711721353.0,1711721344.0,1711721348.0,24073819.0,1711721353.0,1711721358.0,5.0,,0.0,40.0,5.0,19.0,1524452582.0,4.0,99654844.0,poseidon,condorpool,poseidon-worker-1-container-12-15,crop,/srv/crop,,2.8,0,0,,,,,,,,,
crop_ID0000007,None,compute,0,1711721308.0,,,1711721313.0,1711721314.0,1711721333.0,132933036.4,1711721313.0,1711721358.0,1711721345.0,1711721350.0,40332154.0,1711721358.0,1711721363.0,5.0,,0.0,45.0,5.0,19.0,1524452582.0,5.0,194227221.0,poseidon,condorpool,poseidon-worker-2-container-40-43,crop,/srv/crop,,4.1,0,0,,,,,,,,,
crop_ID0000005,None,compute,0,1711721308.0,,,1711721313.0,1711721329.0,1711721347.0,137320590.8,1711721328.0,1711721368.0,1711721357.0,1711721360.0,1320826.0,1711721368.0,1711721373.0,5.0,,15.0,40.0,5.0,18.0,1524452582.0,3.0,4263385.0,poseidon,condorpool,poseidon-worker-2-container-40-43,crop,/srv/crop,,1.8,0,0,,,,,,,,,
crop_ID0000003,None,compute,0,1711721308.0,,,1711721313.0,1711721329.0,1711721347.0,144945054.7,1711721328.0,1711721368.0,1711721356.0,1711721360.0,782270.0,1711721368.0,1711721373.0,5.0,,15.0,40.0,5.0,18.0,1524452582.0,4.0,2530349.0,poseidon,condorpool,poseidon-worker-1-container-12-15,crop,/srv/crop,,1.8,0,0,,,,,,,,,
register_condorpool_1_0,None,auxiliary,0,1711721328.0,,,1711721333.0,,,0.0,1711721334.0,1711721338.0,,,0.0,1711721338.0,1711721343.0,5.0,,1.0,4.0,5.0,,,,,poseidon,local,poseidon-submit,pegasus::rc-client,/mnt/poseidon-data/poseidon/pegasus-5.1.0panorama/bin/pegasus-rc-client,"-n pegasus::rc-client -N null -R local  -L somospie -T 2024-03-27T17:59:14+00:00 /home/poseidon/pegasus-5.1.0panorama/bin/pegasus-rc-client --prefix pegasus.catalog.replica.output --conf /mnt/poseidon-data/poseidon/workflows/SOMOSPIE/SOMOSPIE_pegasus/CombinedPipeline/submit/poseidon/pegasus/somospie/run0099/pegasus.6821410822349844497.properties -v --meta /mnt/poseidon-data/poseidon/workflows/SOMOSPIE/SOMOSPIE_pegasus/CombinedPipeline/submit/poseidon/pegasus/somospie/run0099/00/00/reproject_ID0000002.meta,/mnt/poseidon-data/poseidon/workflows/SOMOSPIE/SOMOSPIE_pegasus/CombinedPipeline/submit/poseidon/pegasus/somospie/run0099/00/00/reproject_ID0000011.meta --insert /mnt/poseidon-data/poseidon/workflows/SOMOSPIE/SOMOSPIE_pegasus/CombinedPipeline/submit/poseidon/pegasus/somospie/run0099/00/00/register_condorpool_1_0.in",2.9,0,0,,,,,,,,,
compute_ID0000010,None,compute,0,1711721358.0,,,1711721363.0,1711721364.0,1711721378.0,69940479.0,1711721363.0,1711721408.0,1711721396.0,1711721401.0,46218398.0,1711721408.0,1711721413.0,5.0,,0.0,45.0,5.0,14.0,498525556.0,5.0,250017804.0,poseidon,condorpool,poseidon-worker-1-container-12-15,compute,/srv/compute,,12.1,0,0,0.0,303503650.0,241440485.0,4446.0,7394.0,9.3,0.7,30350365.0,24144048.5
compute_ID0000008,None,compute,0,1711721363.0,,,1711721368.0,1711721369.0,1711721384.0,77631921.0,1711721368.0,1711721423.0,1711721407.0,1711721415.0,67602325.0,1711721423.0,1711721428.0,5.0,,0.0,55.0,5.0,15.0,593097933.0,8.0,506706062.0,poseidon,condorpool,poseidon-worker-2-container-40-43,compute,/srv/compute,,17.3,0,0,0.0,337474430.0,361999458.0,4212.0,11064.0,9.2,0.8,33747443.0,36199945.8
stage_out_local_condorpool_2_0,None,transfer,0,1711721373.0,,,1711721378.0,,,0.0,1711721378.0,1711721383.0,,,0.0,1711721383.0,1711721388.0,5.0,,0.0,5.0,5.0,,,,,poseidon,local,poseidon-submit,pegasus::transfer,/mnt/poseidon-data/poseidon/pegasus-5.1.0panorama/bin/pegasus-transfer,/home/poseidon/pegasus-5.1.0panorama/bin/../bin/pegasus-kickstart  -n pegasus::transfer -N null -i - -R local  -L somospie -T 2024-03-27T17:59:14+00:00 /home/poseidon/pegasus-5.1.0panorama/bin/../bin/pegasus-transfer  --threads 2,1.4,0,0,,,,,,,,,
compute_ID0000004,None,compute,0,1711721373.0,,,1711721378.0,1711721389.0,1711721403.0,62111010.3,1711721389.0,1711721423.0,1711721413.0,1711721416.0,1599230.0,1711721423.0,1711721428.0,5.0,,11.0,34.0,5.0,14.0,401401061.0,3.0,5326886.0,poseidon,condorpool,poseidon-worker-1-container-0-3,compute,/srv/compute,,5.2,0,0,,,,,,,,,
compute_ID0000006,None,compute,0,1711721373.0,,,1711721378.0,1711721389.0,1711721403.0,62419223.3,1711721389.0,1711721423.0,1711721413.0,1711721416.0,2894418.0,1711721423.0,1711721428.0,5.0,,11.0,34.0,5.0,14.0,403134097.0,3.0,9696865.0,poseidon,condorpool,poseidon-worker-1-container-44-47,compute,/srv/compute,,5.3,0,0,,,,,,,,,
register_condorpool_2_0,None,auxiliary,0,1711721388.0,,,1711721393.0,,,0.0,1711721394.0,1711721398.0,,,0.0,1711721398.0,1711721403.0,5.0,,1.0,4.0,5.0,,,,,poseidon,local,poseidon-submit,pegasus::rc-client,/mnt/poseidon-data/poseidon/pegasus-5.1.0panorama/bin/pegasus-rc-client,"-n pegasus::rc-client -N null -R local  -L somospie -T 2024-03-27T17:59:14+00:00 /home/poseidon/pegasus-5.1.0panorama/bin/pegasus-rc-client --prefix pegasus.catalog.replica.output --conf /mnt/poseidon-data/poseidon/workflows/SOMOSPIE/SOMOSPIE_pegasus/CombinedPipeline/submit/poseidon/pegasus/somospie/run0099/pegasus.6821410822349844497.properties -v --meta /mnt/poseidon-data/poseidon/workflows/SOMOSPIE/SOMOSPIE_pegasus/CombinedPipeline/submit/poseidon/pegasus/somospie/run0099/00/00/crop_ID0000003.meta,/mnt/poseidon-data/poseidon/workflows/SOMOSPIE/SOMOSPIE_pegasus/CombinedPipeline/submit/poseidon/pegasus/somospie/run0099/00/00/crop_ID0000009.meta,/mnt/poseidon-data/poseidon/workflows/SOMOSPIE/SOMOSPIE_pegasus/CombinedPipeline/submit/poseidon/pegasus/somospie/run0099/00/00/crop_ID0000005.meta,/mnt/poseidon-data/poseidon/workflows/SOMOSPIE/SOMOSPIE_pegasus/CombinedPipeline/submit/poseidon/pegasus/somospie/run0099/00/00/crop_ID0000007.meta --insert /mnt/poseidon-data/poseidon/workflows/SOMOSPIE/SOMOSPIE_pegasus/CombinedPipeline/submit/poseidon/pegasus/somospie/run0099/00/00/register_condorpool_2_0.in",3.0,0,0,,,,,,,,,
stage_out_local_condorpool_3_0,None,transfer,0,1711721428.0,,,1711721433.0,,,0.0,1711721433.0,1711721443.0,,,0.0,1711721443.0,1711721448.0,5.0,,0.0,10.0,5.0,,,,,poseidon,local,poseidon-submit,pegasus::transfer,/mnt/poseidon-data/poseidon/pegasus-5.1.0panorama/bin/pegasus-transfer,/home/poseidon/pegasus-5.1.0panorama/bin/../bin/pegasus-kickstart  -n pegasus::transfer -N null -i - -R local  -L somospie -T 2024-03-27T17:59:14+00:00 /home/poseidon/pegasus-5.1.0panorama/bin/../bin/pegasus-transfer  --threads 2,3.4,0,0,,,,,,,,,
merge_avg_ID0000014,None,compute,0,1711721428.0,,,1711721433.0,1711721434.0,1711721450.0,83067671.0,1711721433.0,1711721508.0,1711721492.0,1711721498.0,53571715.0,1711721508.0,1711721513.0,5.0,,0.0,75.0,5.0,16.0,737559838.0,6.0,309527239.0,poseidon,condorpool,poseidon-worker-1-container-44-47,merge_avg,/srv/merge_avg,,46.1,0,0,0.0,1074579238.0,671157691.0,48715.0,20591.0,23.0,6.3,35819307.9,22371923.0
merge_avg_ID0000012,None,compute,0,1711721428.0,,,1711721433.0,1711721434.0,1711721450.0,84109573.5,1711721433.0,1711721503.0,1711721490.0,1711721495.0,53369827.0,1711721503.0,1711721508.0,5.0,,0.0,70.0,5.0,16.0,731979063.0,5.0,304811410.0,poseidon,condorpool,poseidon-worker-1-container-12-15,merge_avg,/srv/merge_avg,,46.5,0,0,0.0,1152210771.0,673857368.0,48750.0,20687.0,28.0,7.8,38407025.7,22461912.3
merge_avg_ID0000013,None,compute,0,1711721428.0,,,1711721433.0,1711721434.0,1711721449.0,69504769.9,1711721433.0,1711721498.0,1711721485.0,1711721489.0,23555728.0,1711721498.0,1711721503.0,5.0,,0.0,65.0,5.0,15.0,498824437.0,4.0,98388765.0,poseidon,condorpool,poseidon-worker-1-container-0-3,merge_avg,/srv/merge_avg,,39.7,0,0,0.0,459448869.0,283805456.0,48921.0,8789.0,28.9,6.7,15314962.3,9460181.9
register_condorpool_3_0,None,auxiliary,0,1711721448.0,,,1711721453.0,,,0.0,1711721453.0,1711721458.0,,,0.0,1711721458.0,1711721463.0,5.0,,0.0,5.0,5.0,,,,,poseidon,local,poseidon-submit,pegasus::rc-client,/mnt/poseidon-data/poseidon/pegasus-5.1.0panorama/bin/pegasus-rc-client,"-n pegasus::rc-client -N null -R local  -L somospie -T 2024-03-27T17:59:14+00:00 /home/poseidon/pegasus-5.1.0panorama/bin/pegasus-rc-client --prefix pegasus.catalog.replica.output --conf /mnt/poseidon-data/poseidon/workflows/SOMOSPIE/SOMOSPIE_pegasus/CombinedPipeline/submit/poseidon/pegasus/somospie/run0099/pegasus.6821410822349844497.properties -v --meta /mnt/poseidon-data/poseidon/workflows/SOMOSPIE/SOMOSPIE_pegasus/CombinedPipeline/submit/poseidon/pegasus/somospie/run0099/00/00/compute_ID0000008.meta,/mnt/poseidon-data/poseidon/workflows/SOMOSPIE/SOMOSPIE_pegasus/CombinedPipeline/submit/poseidon/pegasus/somospie/run0099/00/00/compute_ID0000006.meta,/mnt/poseidon-data/poseidon/workflows/SOMOSPIE/SOMOSPIE_pegasus/CombinedPipeline/submit/poseidon/pegasus/somospie/run0099/00/00/compute_ID0000010.meta,/mnt/poseidon-data/poseidon/workflows/SOMOSPIE/SOMOSPIE_pegasus/CombinedPipeline/submit/poseidon/pegasus/somospie/run0099/00/00/compute_ID0000004.meta --insert /mnt/poseidon-data/poseidon/workflows/SOMOSPIE/SOMOSPIE_pegasus/CombinedPipeline/submit/poseidon/pegasus/somospie/run0099/00/00/register_condorpool_3_0.in",3.1,0,0,,,,,,,,,
generate_eval_ID0000039,None,compute,0,1711721513.0,,,1711721518.0,1711721535.0,1711721558.0,148767451.7,1711721534.0,1711721588.0,1711721577.0,1711721580.0,2736074.0,1711721588.0,1711721593.0,5.0,,16.0,54.0,5.0,23.0,2410452250.0,3.0,9068473.0,poseidon,condorpool,poseidon-worker-1-container-32-35,generate_eval,/srv/generate_eval,,8.2,0,0,,,,,,,,,
generate_train_ID0000032,None,compute,0,1711721513.0,,,1711721518.0,1711721535.0,1711721564.0,108223021.5,1711721534.0,1711721588.0,1711721575.0,1711721579.0,393835.0,1711721588.0,1711721593.0,5.0,,16.0,54.0,5.0,29.0,2411396929.0,4.0,1265871.0,poseidon,condorpool,poseidon-worker-1-container-28-31,generate_train,/srv/generate_train,,0.8,0,0,,,,,,,,,
generate_eval_ID0000042,None,compute,0,1711721513.0,,,1711721518.0,1711721534.0,1711721559.0,142759884.0,1711721534.0,1711721593.0,1711721582.0,1711721587.0,46112538.0,1711721593.0,1711721598.0,5.0,,16.0,59.0,5.0,25.0,2410452250.0,5.0,240602325.0,poseidon,condorpool,poseidon-worker-2-container-36-39,generate_eval,/srv/generate_eval,,11.8,0,0,0.1,238337534.0,237910284.0,4086.0,7301.0,9.1,0.8,23833753.4,23791028.4
generate_train_ID0000031,None,compute,0,1711721513.0,,,1711721518.0,1711721534.0,1711721564.0,110321359.9,1711721534.0,1711721588.0,1711721574.0,1711721578.0,366095.0,1711721588.0,1711721593.0,5.0,,16.0,54.0,5.0,30.0,2411324399.0,4.0,1175014.0,poseidon,condorpool,poseidon-worker-2-container-44-47,generate_train,/srv/generate_train,,0.9,0,0,,,,,,,,,
generate_train_ID0000030,None,compute,0,1711721513.0,,,1711721518.0,1711721534.0,1711721560.0,135978375.8,1711721534.0,1711721583.0,1711721571.0,1711721574.0,301120.0,1711721583.0,1711721588.0,5.0,,16.0,49.0,5.0,26.0,2411167840.0,3.0,973028.0,poseidon,condorpool,poseidon-worker-2-container-32-35,generate_train,/srv/generate_train,,0.9,0,0,,,,,,,,,
generate_eval_ID0000040,None,compute,0,1711721513.0,,,1711721518.0,1711721535.0,1711721563.0,118474009.0,1711721534.0,1711721593.0,1711721581.0,1711721584.0,2550255.0,1711721593.0,1711721598.0,5.0,,16.0,59.0,5.0,28.0,2410452250.0,3.0,8350187.0,poseidon,condorpool,poseidon-worker-1-container-36-39,generate_eval,/srv/generate_eval,,8.0,0,0,,,,,,,,,
generate_eval_ID0000041,None,compute,0,1711721513.0,,,1711721518.0,1711721535.0,1711721567.0,93879866.3,1711721534.0,1711721613.0,1711721595.0,1711721603.0,69917548.0,1711721613.0,1711721618.0,5.0,,16.0,79.0,5.0,32.0,2410452250.0,8.0,561272484.0,poseidon,condorpool,poseidon-worker-1-container-40-43,generate_eval,/srv/generate_eval,,15.7,0,0,0.0,341472658.0,325269766.0,4694.0,9962.0,9.0,0.9,34147265.8,32526976.6
generate_train_ID0000036,None,compute,0,1711721513.0,,,1711721518.0,1711721535.0,1711721560.0,134894575.6,1711721534.0,1711721583.0,1711721571.0,1711721574.0,348085.0,1711721583.0,1711721588.0,5.0,,16.0,49.0,5.0,25.0,2411281478.0,3.0,1118721.0,poseidon,condorpool,poseidon-worker-1-container-24-27,generate_train,/srv/generate_train,,0.9,0,0,,,,,,,,,
generate_train_ID0000034,None,compute,0,1711721513.0,,,1711721518.0,1711721534.0,1711721568.0,90663573.3,1711721534.0,1711721588.0,1711721579.0,1711721582.0,397579.0,1711721588.0,1711721593.0,5.0,,16.0,54.0,5.0,34.0,2411404099.0,3.0,1275159.0,poseidon,condorpool,poseidon-worker-2-container-40-43,generate_train,/srv/generate_train,,0.8,0,0,,,,,,,,,
generate_train_ID0000033,None,compute,0,1711721513.0,,,1711721518.0,1711721535.0,1711721559.0,138861444.8,1711721534.0,1711721583.0,1711721570.0,1711721574.0,394406.0,1711721583.0,1711721588.0,5.0,,16.0,49.0,5.0,24.0,2411402752.0,4.0,1274805.0,poseidon,condorpool,poseidon-worker-1-container-12-15,generate_train,/srv/generate_train,,0.8,0,0,,,,,,,,,
generate_train_ID0000029,None,compute,0,1711721513.0,,,1711721518.0,1711721534.0,1711721565.0,101851192.4,1711721534.0,1711721588.0,1711721576.0,1711721580.0,261070.0,1711721588.0,1711721593.0,5.0,,16.0,54.0,5.0,31.0,2411064511.0,4.0,843408.0,poseidon,condorpool,poseidon-worker-1-container-0-3,generate_train,/srv/generate_train,,0.8,0,0,,,,,,,,,
generate_train_ID0000028,None,compute,0,1711721513.0,,,1711721518.0,1711721534.0,1711721562.0,121447584.0,1711721534.0,1711721583.0,1711721573.0,1711721576.0,237305.0,1711721583.0,1711721588.0,5.0,,16.0,49.0,5.0,28.0,2411001737.0,3.0,762584.0,poseidon,condorpool,poseidon-worker-1-container-44-47,generate_train,/srv/generate_train,,0.9,0,0,,,,,,,,,
stage_out_local_condorpool_4_0,None,transfer,0,1711721513.0,,,1711721518.0,,,0.0,1711721518.0,1711721523.0,,,0.0,1711721523.0,1711721528.0,5.0,,0.0,5.0,5.0,,,,,poseidon,local,poseidon-submit,pegasus::transfer,/mnt/poseidon-data/poseidon/pegasus-5.1.0panorama/bin/pegasus-transfer,/home/poseidon/pegasus-5.1.0panorama/bin/../bin/pegasus-kickstart  -n pegasus::transfer -N null -i - -R local  -L somospie -T 2024-03-27T17:59:14+00:00 /home/poseidon/pegasus-5.1.0panorama/bin/../bin/pegasus-transfer  --threads 2,2.4,0,0,,,,,,,,,
generate_train_ID0000027,None,compute,0,1711721513.0,,,1711721518.0,1711721519.0,1711721551.0,98530982.9,1711721519.0,1711721573.0,1711721562.0,1711721565.0,236136.0,1711721573.0,1711721578.0,5.0,,1.0,54.0,5.0,32.0,2411002607.0,3.0,764017.0,poseidon,condorpool,poseidon-worker-1-container-0-3,generate_train,/srv/generate_train,,0.9,0,0,,,,,,,,,
generate_train_ID0000038,None,compute,0,1711721513.0,,,1711721518.0,1711721519.0,1711721543.0,151073357.6,1711721519.0,1711721568.0,1711721555.0,1711721558.0,251199.0,1711721568.0,1711721573.0,5.0,,1.0,49.0,5.0,24.0,2411059770.0,3.0,837547.0,poseidon,condorpool,poseidon-worker-1-container-12-15,generate_train,/srv/generate_train,,0.9,0,0,,,,,,,,,
generate_train_ID0000037,None,compute,0,1711721513.0,,,1711721518.0,1711721519.0,1711721553.0,90065093.2,1711721519.0,1711721583.0,1711721564.0,1711721568.0,297347.0,1711721583.0,1711721588.0,5.0,,1.0,64.0,5.0,34.0,2411164025.0,4.0,969901.0,poseidon,condorpool,poseidon-worker-1-container-44-47,generate_train,/srv/generate_train,,0.9,0,0,,,,,,,,,
generate_train_ID0000035,None,compute,0,1711721513.0,,,1711721518.0,1711721535.0,1711721563.0,114213801.2,1711721534.0,1711721583.0,1711721573.0,1711721577.0,390640.0,1711721583.0,1711721588.0,5.0,,16.0,49.0,5.0,28.0,2411394544.0,4.0,1261244.0,poseidon,condorpool,poseidon-worker-2-container-0-3,generate_train,/srv/generate_train,,0.9,0,0,,,,,,,,,
register_condorpool_4_0,None,auxiliary,0,1711721528.0,,,1711721533.0,,,0.0,1711721539.0,1711721543.0,,,0.0,1711721543.0,1711721548.0,5.0,,6.0,4.0,5.0,,,,,poseidon,local,poseidon-submit,pegasus::rc-client,/mnt/poseidon-data/poseidon/pegasus-5.1.0panorama/bin/pegasus-rc-client,"-n pegasus::rc-client -N null -R local  -L somospie -T 2024-03-27T17:59:14+00:00 /home/poseidon/pegasus-5.1.0panorama/bin/pegasus-rc-client --prefix pegasus.catalog.replica.output --conf /mnt/poseidon-data/poseidon/workflows/SOMOSPIE/SOMOSPIE_pegasus/CombinedPipeline/submit/poseidon/pegasus/somospie/run0099/pegasus.6821410822349844497.properties -v --meta /mnt/poseidon-data/poseidon/workflows/SOMOSPIE/SOMOSPIE_pegasus/CombinedPipeline/submit/poseidon/pegasus/somospie/run0099/00/00/merge_avg_ID0000013.meta,/mnt/poseidon-data/poseidon/workflows/SOMOSPIE/SOMOSPIE_pegasus/CombinedPipeline/submit/poseidon/pegasus/somospie/run0099/00/00/merge_avg_ID0000012.meta,/mnt/poseidon-data/poseidon/workflows/SOMOSPIE/SOMOSPIE_pegasus/CombinedPipeline/submit/poseidon/pegasus/somospie/run0099/00/00/merge_avg_ID0000014.meta --insert /mnt/poseidon-data/poseidon/workflows/SOMOSPIE/SOMOSPIE_pegasus/CombinedPipeline/submit/poseidon/pegasus/somospie/run0099/00/00/register_condorpool_4_0.in",3.1,0,0,,,,,,,,,
stage_out_local_condorpool_5_0,None,transfer,0,1711721618.0,,,1711721623.0,,,0.0,1711721623.0,1711721633.0,,,0.0,1711721633.0,1711721638.0,5.0,,0.0,10.0,5.0,,,,,poseidon,local,poseidon-submit,pegasus::transfer,/mnt/poseidon-data/poseidon/pegasus-5.1.0panorama/bin/pegasus-transfer,/home/poseidon/pegasus-5.1.0panorama/bin/../bin/pegasus-kickstart  -n pegasus::transfer -N null -i - -R local  -L somospie -T 2024-03-27T17:59:14+00:00 /home/poseidon/pegasus-5.1.0panorama/bin/../bin/pegasus-transfer  --threads 2,3.9,0,0,,,,,,,,,
stage_out_local_condorpool_5_1,None,transfer,0,1711721618.0,,,1711721623.0,,,0.0,1711721623.0,1711721628.0,,,0.0,1711721628.0,1711721633.0,5.0,,0.0,5.0,5.0,,,,,poseidon,local,poseidon-submit,pegasus::transfer,/mnt/poseidon-data/poseidon/pegasus-5.1.0panorama/bin/pegasus-transfer,/home/poseidon/pegasus-5.1.0panorama/bin/../bin/pegasus-kickstart  -n pegasus::transfer -N null -i - -R local  -L somospie -T 2024-03-27T17:59:14+00:00 /home/poseidon/pegasus-5.1.0panorama/bin/../bin/pegasus-transfer  --threads 2,1.6,0,0,,,,,,,,,
register_condorpool_5_1,None,auxiliary,0,1711721633.0,,,1711721638.0,,,0.0,1711721638.0,1711721643.0,,,0.0,1711721643.0,1711721648.0,5.0,,0.0,5.0,5.0,,,,,poseidon,local,poseidon-submit,pegasus::rc-client,/mnt/poseidon-data/poseidon/pegasus-5.1.0panorama/bin/pegasus-rc-client,"-n pegasus::rc-client -N null -R local  -L somospie -T 2024-03-27T17:59:14+00:00 /home/poseidon/pegasus-5.1.0panorama/bin/pegasus-rc-client --prefix pegasus.catalog.replica.output --conf /mnt/poseidon-data/poseidon/workflows/SOMOSPIE/SOMOSPIE_pegasus/CombinedPipeline/submit/poseidon/pegasus/somospie/run0099/pegasus.6821410822349844497.properties -v --meta /mnt/poseidon-data/poseidon/workflows/SOMOSPIE/SOMOSPIE_pegasus/CombinedPipeline/submit/poseidon/pegasus/somospie/run0099/00/00/generate_train_ID0000028.meta,/mnt/poseidon-data/poseidon/workflows/SOMOSPIE/SOMOSPIE_pegasus/CombinedPipeline/submit/poseidon/pegasus/somospie/run0099/00/00/generate_train_ID0000027.meta,/mnt/poseidon-data/poseidon/workflows/SOMOSPIE/SOMOSPIE_pegasus/CombinedPipeline/submit/poseidon/pegasus/somospie/run0099/00/00/generate_train_ID0000038.meta,/mnt/poseidon-data/poseidon/workflows/SOMOSPIE/SOMOSPIE_pegasus/CombinedPipeline/submit/poseidon/pegasus/somospie/run0099/00/00/generate_train_ID0000033.meta,/mnt/poseidon-data/poseidon/workflows/SOMOSPIE/SOMOSPIE_pegasus/CombinedPipeline/submit/poseidon/pegasus/somospie/run0099/00/01/generate_train_ID0000030.meta,/mnt/poseidon-data/poseidon/workflows/SOMOSPIE/SOMOSPIE_pegasus/CombinedPipeline/submit/poseidon/pegasus/somospie/run0099/00/01/generate_eval_ID0000041.meta,/mnt/poseidon-data/poseidon/workflows/SOMOSPIE/SOMOSPIE_pegasus/CombinedPipeline/submit/poseidon/pegasus/somospie/run0099/00/01/generate_train_ID0000031.meta,/mnt/poseidon-data/poseidon/workflows/SOMOSPIE/SOMOSPIE_pegasus/CombinedPipeline/submit/poseidon/pegasus/somospie/run0099/00/01/generate_train_ID0000032.meta,/mnt/poseidon-data/poseidon/workflows/SOMOSPIE/SOMOSPIE_pegasus/CombinedPipeline/submit/poseidon/pegasus/somospie/run0099/00/00/generate_train_ID0000037.meta,/mnt/poseidon-data/poseidon/workflows/SOMOSPIE/SOMOSPIE_pegasus/CombinedPipeline/submit/poseidon/pegasus/somospie/run0099/00/01/generate_eval_ID0000040.meta,/mnt/poseidon-data/poseidon/workflows/SOMOSPIE/SOMOSPIE_pegasus/CombinedPipeline/submit/poseidon/pegasus/somospie/run0099/00/01/generate_eval_ID0000039.meta,/mnt/poseidon-data/poseidon/workflows/SOMOSPIE/SOMOSPIE_pegasus/CombinedPipeline/submit/poseidon/pegasus/somospie/run0099/00/00/generate_train_ID0000034.meta,/mnt/poseidon-data/poseidon/workflows/SOMOSPIE/SOMOSPIE_pegasus/CombinedPipeline/submit/poseidon/pegasus/somospie/run0099/00/01/generate_train_ID0000035.meta,/mnt/poseidon-data/poseidon/workflows/SOMOSPIE/SOMOSPIE_pegasus/CombinedPipeline/submit/poseidon/pegasus/somospie/run0099/00/01/generate_train_ID0000036.meta,/mnt/poseidon-data/poseidon/workflows/SOMOSPIE/SOMOSPIE_pegasus/CombinedPipeline/submit/poseidon/pegasus/somospie/run0099/00/01/generate_eval_ID0000042.meta,/mnt/poseidon-data/poseidon/workflows/SOMOSPIE/SOMOSPIE_pegasus/CombinedPipeline/submit/poseidon/pegasus/somospie/run0099/00/00/generate_train_ID0000029.meta --insert /mnt/poseidon-data/poseidon/workflows/SOMOSPIE/SOMOSPIE_pegasus/CombinedPipeline/submit/poseidon/pegasus/somospie/run0099/00/01/register_condorpool_5_1.in",3.1,0,0,,,,,,,,,
register_condorpool_5_0,None,auxiliary,0,1711721638.0,,,1711721648.0,,,0.0,1711721648.0,1711721653.0,,,0.0,1711721653.0,1711721658.0,10.0,,0.0,5.0,5.0,,,,,poseidon,local,poseidon-submit,pegasus::rc-client,/mnt/poseidon-data/poseidon/pegasus-5.1.0panorama/bin/pegasus-rc-client,"-n pegasus::rc-client -N null -R local  -L somospie -T 2024-03-27T17:59:14+00:00 /home/poseidon/pegasus-5.1.0panorama/bin/pegasus-rc-client --prefix pegasus.catalog.replica.output --conf /mnt/poseidon-data/poseidon/workflows/SOMOSPIE/SOMOSPIE_pegasus/CombinedPipeline/submit/poseidon/pegasus/somospie/run0099/pegasus.6821410822349844497.properties -v --meta /mnt/poseidon-data/poseidon/workflows/SOMOSPIE/SOMOSPIE_pegasus/CombinedPipeline/submit/poseidon/pegasus/somospie/run0099/00/00/generate_train_ID0000028.meta,/mnt/poseidon-data/poseidon/workflows/SOMOSPIE/SOMOSPIE_pegasus/CombinedPipeline/submit/poseidon/pegasus/somospie/run0099/00/00/generate_train_ID0000027.meta,/mnt/poseidon-data/poseidon/workflows/SOMOSPIE/SOMOSPIE_pegasus/CombinedPipeline/submit/poseidon/pegasus/somospie/run0099/00/00/generate_train_ID0000038.meta,/mnt/poseidon-data/poseidon/workflows/SOMOSPIE/SOMOSPIE_pegasus/CombinedPipeline/submit/poseidon/pegasus/somospie/run0099/00/00/generate_train_ID0000033.meta,/mnt/poseidon-data/poseidon/workflows/SOMOSPIE/SOMOSPIE_pegasus/CombinedPipeline/submit/poseidon/pegasus/somospie/run0099/00/01/generate_train_ID0000030.meta,/mnt/poseidon-data/poseidon/workflows/SOMOSPIE/SOMOSPIE_pegasus/CombinedPipeline/submit/poseidon/pegasus/somospie/run0099/00/01/generate_eval_ID0000041.meta,/mnt/poseidon-data/poseidon/workflows/SOMOSPIE/SOMOSPIE_pegasus/CombinedPipeline/submit/poseidon/pegasus/somospie/run0099/00/01/generate_train_ID0000031.meta,/mnt/poseidon-data/poseidon/workflows/SOMOSPIE/SOMOSPIE_pegasus/CombinedPipeline/submit/poseidon/pegasus/somospie/run0099/00/01/generate_train_ID0000032.meta,/mnt/poseidon-data/poseidon/workflows/SOMOSPIE/SOMOSPIE_pegasus/CombinedPipeline/submit/poseidon/pegasus/somospie/run0099/00/00/generate_train_ID0000037.meta,/mnt/poseidon-data/poseidon/workflows/SOMOSPIE/SOMOSPIE_pegasus/CombinedPipeline/submit/poseidon/pegasus/somospie/run0099/00/01/generate_eval_ID0000040.meta,/mnt/poseidon-data/poseidon/workflows/SOMOSPIE/SOMOSPIE_pegasus/CombinedPipeline/submit/poseidon/pegasus/somospie/run0099/00/01/generate_eval_ID0000039.meta,/mnt/poseidon-data/poseidon/workflows/SOMOSPIE/SOMOSPIE_pegasus/CombinedPipeline/submit/poseidon/pegasus/somospie/run0099/00/00/generate_train_ID0000034.meta,/mnt/poseidon-data/poseidon/workflows/SOMOSPIE/SOMOSPIE_pegasus/CombinedPipeline/submit/poseidon/pegasus/somospie/run0099/00/01/generate_train_ID0000035.meta,/mnt/poseidon-data/poseidon/workflows/SOMOSPIE/SOMOSPIE_pegasus/CombinedPipeline/submit/poseidon/pegasus/somospie/run0099/00/01/generate_train_ID0000036.meta,/mnt/poseidon-data/poseidon/workflows/SOMOSPIE/SOMOSPIE_pegasus/CombinedPipeline/submit/poseidon/pegasus/somospie/run0099/00/01/generate_eval_ID0000042.meta,/mnt/poseidon-data/poseidon/workflows/SOMOSPIE/SOMOSPIE_pegasus/CombinedPipeline/submit/poseidon/pegasus/somospie/run0099/00/00/generate_train_ID0000029.meta --insert /mnt/poseidon-data/poseidon/workflows/SOMOSPIE/SOMOSPIE_pegasus/CombinedPipeline/submit/poseidon/pegasus/somospie/run0099/00/01/register_condorpool_5_0.in",3.1,0,0,,,,,,,,,
cleanup_somospie_0_condorpool,None,auxiliary,0,1711721638.0,,,1711721643.0,,,0.0,1711721643.0,1711721648.0,,,0.0,1711721648.0,1711721653.0,5.0,,0.0,5.0,5.0,,,,,poseidon,local,poseidon-submit,pegasus::cleanup,/mnt/poseidon-data/poseidon/pegasus-5.1.0panorama/bin/pegasus-transfer,pegasus-kickstart  -n pegasus::cleanup -N null -i - -R local  -L somospie -T 2024-03-27T17:59:14+00:00 pegasus-transfer,0.2,0,0,,,,,,,,,
