,anomaly_type,type,is_clustered,ready,pre_script_start,pre_script_end,submit,stage_in_start,stage_in_end,stage_in_effective_bytes_per_sec,execute_start,execute_end,stage_out_start,stage_out_end,stage_out_effective_bytes_per_sec,post_script_start,post_script_end,wms_delay,pre_script_delay,queue_delay,runtime,post_script_delay,stage_in_delay,stage_in_bytes,stage_out_delay,stage_out_bytes,kickstart_user,kickstart_site,kickstart_hostname,kickstart_transformations,kickstart_executables,kickstart_executables_argv,kickstart_executables_cpu_time,kickstart_status,kickstart_executables_exitcode,kickstart_online_iowait,kickstart_online_bytes_read,kickstart_online_bytes_written,kickstart_online_read_system_calls,kickstart_online_write_system_calls,kickstart_online_utime,kickstart_online_stime,kickstart_online_bytes_read_per_second,kickstart_online_bytes_written_per_second
create_dir_somospie_0_condorpool,None,auxiliary,0,1711690685.0,,,1711690686.0,,,0.0,1711690690.0,1711690696.0,,,0.0,1711690696.0,1711690701.0,1.0,,4.0,6.0,5.0,,,,,poseidon,local,poseidon-submit,pegasus::dirmanager,/mnt/poseidon-data/poseidon/pegasus-5.1.0panorama/bin/pegasus-transfer,pegasus-kickstart  -n pegasus::dirmanager -N null -i - -R local  -L somospie -T 2024-03-27T17:59:14+00:00 pegasus-transfer,0.2,0,0,,,,,,,,,
get_sm_ID0000020,None,compute,0,1711690701.0,,,1711690706.0,1711690726.0,1711690746.0,35123745.8,1711690725.0,1711690766.0,1711690754.0,1711690757.0,290777.0,1711690766.0,1711690771.0,5.0,,19.0,41.0,5.0,20.0,470635724.0,3.0,945682.0,poseidon,condorpool,poseidon-worker-1-container-32-35,get_sm,/srv/get_sm,,2.0,0,0,,,,,,,,,
get_sm_ID0000021,None,compute,0,1711690701.0,,,1711690706.0,1711690726.0,1711690754.0,23020067.2,1711690725.0,1711690771.0,1711690761.0,1711690764.0,297433.0,1711690771.0,1711690776.0,5.0,,19.0,46.0,5.0,28.0,475840244.0,3.0,951505.0,poseidon,condorpool,poseidon-worker-1-container-44-47,get_sm,/srv/get_sm,,2.0,0,0,,,,,,,,,
get_sm_ID0000022,None,compute,0,1711690701.0,,,1711690706.0,1711690726.0,1711690746.0,36198946.9,1711690725.0,1711690766.0,1711690754.0,1711690757.0,294799.0,1711690766.0,1711690771.0,5.0,,19.0,41.0,5.0,20.0,475800760.0,3.0,952852.0,poseidon,condorpool,poseidon-worker-2-container-44-47,get_sm,/srv/get_sm,,2.1,0,0,,,,,,,,,
get_sm_ID0000023,None,compute,0,1711690701.0,,,1711690706.0,1711690726.0,1711690747.0,31476513.5,1711690725.0,1711690766.0,1711690755.0,1711690758.0,292264.0,1711690766.0,1711690771.0,5.0,,19.0,41.0,5.0,21.0,467398273.0,3.0,943297.0,poseidon,condorpool,poseidon-worker-2-container-36-39,get_sm,/srv/get_sm,,2.1,0,0,,,,,,,,,
get_sm_ID0000024,None,compute,0,1711690701.0,,,1711690706.0,1711690726.0,1711690746.0,30770673.8,1711690725.0,1711690766.0,1711690753.0,1711690757.0,254979.0,1711690766.0,1711690771.0,5.0,,19.0,41.0,5.0,20.0,457521962.0,4.0,830231.0,poseidon,condorpool,poseidon-worker-2-container-28-31,get_sm,/srv/get_sm,,2.1,0,0,,,,,,,,,
get_sm_ID0000025,None,compute,0,1711690701.0,,,1711690706.0,1711690726.0,1711690746.0,36021328.7,1711690725.0,1711690766.0,1711690753.0,1711690756.0,220191.0,1711690766.0,1711690771.0,5.0,,19.0,41.0,5.0,20.0,447555942.0,3.0,712778.0,poseidon,condorpool,poseidon-worker-1-container-40-43,get_sm,/srv/get_sm,,2.0,0,0,,,,,,,,,
get_sm_ID0000015,None,compute,0,1711690701.0,,,1711690706.0,1711690726.0,1711690745.0,37240390.5,1711690725.0,1711690761.0,1711690752.0,1711690755.0,171770.0,1711690761.0,1711690766.0,5.0,,19.0,36.0,5.0,19.0,440090843.0,3.0,551360.0,poseidon,condorpool,poseidon-worker-1-container-0-3,get_sm,/srv/get_sm,,1.9,0,0,,,,,,,,,
get_sm_ID0000026,None,compute,0,1711690701.0,,,1711690706.0,1711690726.0,1711690744.0,41700970.7,1711690725.0,1711690761.0,1711690751.0,1711690754.0,187184.0,1711690761.0,1711690766.0,5.0,,19.0,36.0,5.0,18.0,442257808.0,3.0,608523.0,poseidon,condorpool,poseidon-worker-1-container-12-15,get_sm,/srv/get_sm,,1.9,0,0,,,,,,,,,
get_sm_ID0000016,None,compute,0,1711690701.0,,,1711690706.0,1711690726.0,1711690752.0,23521057.7,1711690725.0,1711690771.0,1711690759.0,1711690762.0,173943.0,1711690771.0,1711690776.0,5.0,,19.0,46.0,5.0,26.0,436178789.0,3.0,550490.0,poseidon,condorpool,poseidon-worker-2-container-32-35,get_sm,/srv/get_sm,,1.9,0,0,,,,,,,,,
get_sm_ID0000017,None,compute,0,1711690701.0,,,1711690706.0,1711690726.0,1711690747.0,31157939.9,1711690725.0,1711690766.0,1711690754.0,1711690757.0,188069.0,1711690766.0,1711690771.0,5.0,,19.0,41.0,5.0,21.0,444771924.0,3.0,613264.0,poseidon,condorpool,poseidon-worker-2-container-16-19,get_sm,/srv/get_sm,,2.1,0,0,,,,,,,,,
get_sm_ID0000018,None,compute,0,1711690701.0,,,1711690706.0,1711690726.0,1711690744.0,40164560.4,1711690725.0,1711690761.0,1711690751.0,1711690755.0,223121.0,1711690761.0,1711690766.0,5.0,,19.0,36.0,5.0,18.0,449409643.0,4.0,716593.0,poseidon,condorpool,poseidon-worker-1-container-36-39,get_sm,/srv/get_sm,,2.0,0,0,,,,,,,,,
get_sm_ID0000019,None,compute,0,1711690701.0,,,1711690706.0,1711690726.0,1711690745.0,33728448.4,1711690725.0,1711690766.0,1711690752.0,1711690756.0,271540.0,1711690766.0,1711690771.0,5.0,,19.0,41.0,5.0,19.0,459739344.0,4.0,873152.0,poseidon,condorpool,poseidon-worker-2-container-40-43,get_sm,/srv/get_sm,,1.9,0,0,,,,,,,,,
merge_ID0000001,None,compute,0,1711690701.0,,,1711690706.0,1711690726.0,1711690746.0,131182835.0,1711690725.0,1711690801.0,1711690779.0,1711690794.0,91412166.0,1711690801.0,1711690806.0,5.0,,19.0,76.0,5.0,20.0,1726068480.0,15.0,1298102725.0,poseidon,condorpool,poseidon-worker-2-container-12-15,merge,/srv/merge,,41.5,0,0,0.0,979578068.0,1294400834.0,10749.0,39536.0,34.4,2.4,48978903.4,64720041.7
stage_out_local_condorpool_0_1,None,transfer,0,1711690776.0,,,1711690781.0,,,0.0,1711690781.0,1711690786.0,,,0.0,1711690786.0,1711690791.0,5.0,,0.0,5.0,5.0,,,,,poseidon,local,poseidon-submit,pegasus::transfer,/mnt/poseidon-data/poseidon/pegasus-5.1.0panorama/bin/pegasus-transfer,/home/poseidon/pegasus-5.1.0panorama/bin/../bin/pegasus-kickstart  -n pegasus::transfer -N null -i - -R local  -L somospie -T 2024-03-27T17:59:14+00:00 /home/poseidon/pegasus-5.1.0panorama/bin/../bin/pegasus-transfer  --threads 2,0.7,0,0,,,,,,,,,
register_condorpool_0_1,None,auxiliary,0,1711690791.0,,,1711690796.0,,,0.0,1711690796.0,1711690801.0,,,0.0,1711690801.0,1711690806.0,5.0,,0.0,5.0,5.0,,,,,poseidon,local,poseidon-submit,pegasus::rc-client,/mnt/poseidon-data/poseidon/pegasus-5.1.0panorama/bin/pegasus-rc-client,"-n pegasus::rc-client -N null -R local  -L somospie -T 2024-03-27T17:59:14+00:00 /home/poseidon/pegasus-5.1.0panorama/bin/pegasus-rc-client --prefix pegasus.catalog.replica.output --conf /mnt/poseidon-data/poseidon/workflows/SOMOSPIE/SOMOSPIE_pegasus/CombinedPipeline/submit/poseidon/pegasus/somospie/run0054/pegasus.4396611942286831592.properties -v --meta /mnt/poseidon-data/poseidon/workflows/SOMOSPIE/SOMOSPIE_pegasus/CombinedPipeline/submit/poseidon/pegasus/somospie/run0054/00/00/get_sm_ID0000022.meta,/mnt/poseidon-data/poseidon/workflows/SOMOSPIE/SOMOSPIE_pegasus/CombinedPipeline/submit/poseidon/pegasus/somospie/run0054/00/00/get_sm_ID0000016.meta,/mnt/poseidon-data/poseidon/workflows/SOMOSPIE/SOMOSPIE_pegasus/CombinedPipeline/submit/poseidon/pegasus/somospie/run0054/00/00/get_sm_ID0000026.meta,/mnt/poseidon-data/poseidon/workflows/SOMOSPIE/SOMOSPIE_pegasus/CombinedPipeline/submit/poseidon/pegasus/somospie/run0054/00/00/get_sm_ID0000019.meta,/mnt/poseidon-data/poseidon/workflows/SOMOSPIE/SOMOSPIE_pegasus/CombinedPipeline/submit/poseidon/pegasus/somospie/run0054/00/00/get_sm_ID0000020.meta,/mnt/poseidon-data/poseidon/workflows/SOMOSPIE/SOMOSPIE_pegasus/CombinedPipeline/submit/poseidon/pegasus/somospie/run0054/00/00/get_sm_ID0000024.meta --insert /mnt/poseidon-data/poseidon/workflows/SOMOSPIE/SOMOSPIE_pegasus/CombinedPipeline/submit/poseidon/pegasus/somospie/run0054/00/00/register_condorpool_0_1.in",3.1,0,0,,,,,,,,,
stage_out_local_condorpool_0_0,None,transfer,0,1711690806.0,,,1711690811.0,,,0.0,1711690811.0,1711690821.0,,,0.0,1711690821.0,1711690826.0,5.0,,0.0,10.0,5.0,,,,,poseidon,local,poseidon-submit,pegasus::transfer,/mnt/poseidon-data/poseidon/pegasus-5.1.0panorama/bin/pegasus-transfer,/home/poseidon/pegasus-5.1.0panorama/bin/../bin/pegasus-kickstart  -n pegasus::transfer -N null -i - -R local  -L somospie -T 2024-03-27T17:59:14+00:00 /home/poseidon/pegasus-5.1.0panorama/bin/../bin/pegasus-transfer  --threads 2,4.4,0,0,,,,,,,,,
reproject_ID0000011,None,compute,0,1711690806.0,,,1711690811.0,1711690812.0,1711690831.0,142473306.6,1711690811.0,1711690891.0,1711690867.0,1711690881.0,91498113.0,1711690891.0,1711690896.0,5.0,,0.0,80.0,5.0,19.0,1696973136.0,14.0,1298118839.0,poseidon,condorpool,poseidon-worker-2-container-12-15,reproject,/srv/reproject,,54.4,0,0,0.0,1309214715.0,1295318341.0,17858.0,39566.0,44.9,3.6,65460735.8,64765917.1
reproject_ID0000002,None,compute,0,1711690806.0,,,1711690811.0,1711690822.0,1711690841.0,142116190.1,1711690821.0,1711690896.0,1711690876.0,1711690888.0,88447307.0,1711690896.0,1711690901.0,5.0,,10.0,75.0,5.0,19.0,1696973986.0,12.0,1125581407.0,poseidon,condorpool,poseidon-worker-1-container-32-35,reproject,/srv/reproject,,51.5,0,0,0.0,1443846356.0,936358591.0,48038.0,28606.0,41.8,4.2,72192317.8,46817929.5
register_condorpool_0_0,None,auxiliary,0,1711690826.0,,,1711690831.0,,,0.0,1711690831.0,1711690836.0,,,0.0,1711690836.0,1711690841.0,5.0,,0.0,5.0,5.0,,,,,poseidon,local,poseidon-submit,pegasus::rc-client,/mnt/poseidon-data/poseidon/pegasus-5.1.0panorama/bin/pegasus-rc-client,"-n pegasus::rc-client -N null -R local  -L somospie -T 2024-03-27T17:59:14+00:00 /home/poseidon/pegasus-5.1.0panorama/bin/pegasus-rc-client --prefix pegasus.catalog.replica.output --conf /mnt/poseidon-data/poseidon/workflows/SOMOSPIE/SOMOSPIE_pegasus/CombinedPipeline/submit/poseidon/pegasus/somospie/run0054/pegasus.4396611942286831592.properties -v --meta /mnt/poseidon-data/poseidon/workflows/SOMOSPIE/SOMOSPIE_pegasus/CombinedPipeline/submit/poseidon/pegasus/somospie/run0054/00/00/get_sm_ID0000017.meta,/mnt/poseidon-data/poseidon/workflows/SOMOSPIE/SOMOSPIE_pegasus/CombinedPipeline/submit/poseidon/pegasus/somospie/run0054/00/00/get_sm_ID0000025.meta,/mnt/poseidon-data/poseidon/workflows/SOMOSPIE/SOMOSPIE_pegasus/CombinedPipeline/submit/poseidon/pegasus/somospie/run0054/00/00/get_sm_ID0000015.meta,/mnt/poseidon-data/poseidon/workflows/SOMOSPIE/SOMOSPIE_pegasus/CombinedPipeline/submit/poseidon/pegasus/somospie/run0054/00/00/merge_ID0000001.meta,/mnt/poseidon-data/poseidon/workflows/SOMOSPIE/SOMOSPIE_pegasus/CombinedPipeline/submit/poseidon/pegasus/somospie/run0054/00/00/get_sm_ID0000021.meta,/mnt/poseidon-data/poseidon/workflows/SOMOSPIE/SOMOSPIE_pegasus/CombinedPipeline/submit/poseidon/pegasus/somospie/run0054/00/00/get_sm_ID0000023.meta,/mnt/poseidon-data/poseidon/workflows/SOMOSPIE/SOMOSPIE_pegasus/CombinedPipeline/submit/poseidon/pegasus/somospie/run0054/00/00/get_sm_ID0000018.meta --insert /mnt/poseidon-data/poseidon/workflows/SOMOSPIE/SOMOSPIE_pegasus/CombinedPipeline/submit/poseidon/pegasus/somospie/run0054/00/00/register_condorpool_0_0.in",3.0,0,0,,,,,,,,,
stage_out_local_condorpool_1_0,None,transfer,0,1711690901.0,,,1711690906.0,,,0.0,1711690906.0,1711690916.0,,,0.0,1711690916.0,1711690921.0,5.0,,0.0,10.0,5.0,,,,,poseidon,local,poseidon-submit,pegasus::transfer,/mnt/poseidon-data/poseidon/pegasus-5.1.0panorama/bin/pegasus-transfer,/home/poseidon/pegasus-5.1.0panorama/bin/../bin/pegasus-kickstart  -n pegasus::transfer -N null -i - -R local  -L somospie -T 2024-03-27T17:59:14+00:00 /home/poseidon/pegasus-5.1.0panorama/bin/../bin/pegasus-transfer  --threads 2,7.6,0,0,,,,,,,,,
crop_ID0000009,None,compute,0,1711690901.0,,,1711690906.0,1711690907.0,1711690925.0,134218214.2,1711690906.0,1711690946.0,1711690936.0,1711690940.0,24190414.0,1711690946.0,1711690951.0,5.0,,0.0,40.0,5.0,18.0,1524452582.0,4.0,99654844.0,poseidon,condorpool,poseidon-worker-1-container-32-35,crop,/srv/crop,,2.8,0,0,,,,,,,,,
crop_ID0000007,None,compute,0,1711690901.0,,,1711690906.0,1711690907.0,1711690925.0,132749628.4,1711690906.0,1711690951.0,1711690938.0,1711690943.0,40358175.0,1711690951.0,1711690956.0,5.0,,0.0,45.0,5.0,18.0,1524452582.0,5.0,194227221.0,poseidon,condorpool,poseidon-worker-2-container-12-15,crop,/srv/crop,,4.1,0,0,,,,,,,,,
crop_ID0000005,None,compute,0,1711690901.0,,,1711690906.0,1711690922.0,1711690940.0,144148581.0,1711690921.0,1711690961.0,1711690949.0,1711690953.0,1323137.0,1711690961.0,1711690966.0,5.0,,15.0,40.0,5.0,18.0,1524452582.0,4.0,4263385.0,poseidon,condorpool,poseidon-worker-1-container-32-35,crop,/srv/crop,,1.8,0,0,,,,,,,,,
crop_ID0000003,None,compute,0,1711690901.0,,,1711690906.0,1711690922.0,1711690940.0,144906265.7,1711690921.0,1711690961.0,1711690949.0,1711690953.0,788836.0,1711690961.0,1711690966.0,5.0,,15.0,40.0,5.0,18.0,1524452582.0,4.0,2530349.0,poseidon,condorpool,poseidon-worker-2-container-12-15,crop,/srv/crop,,1.9,0,0,,,,,,,,,
register_condorpool_1_0,None,auxiliary,0,1711690921.0,,,1711690926.0,,,0.0,1711690926.0,1711690931.0,,,0.0,1711690931.0,1711690936.0,5.0,,0.0,5.0,5.0,,,,,poseidon,local,poseidon-submit,pegasus::rc-client,/mnt/poseidon-data/poseidon/pegasus-5.1.0panorama/bin/pegasus-rc-client,"-n pegasus::rc-client -N null -R local  -L somospie -T 2024-03-27T17:59:14+00:00 /home/poseidon/pegasus-5.1.0panorama/bin/pegasus-rc-client --prefix pegasus.catalog.replica.output --conf /mnt/poseidon-data/poseidon/workflows/SOMOSPIE/SOMOSPIE_pegasus/CombinedPipeline/submit/poseidon/pegasus/somospie/run0054/pegasus.4396611942286831592.properties -v --meta /mnt/poseidon-data/poseidon/workflows/SOMOSPIE/SOMOSPIE_pegasus/CombinedPipeline/submit/poseidon/pegasus/somospie/run0054/00/00/reproject_ID0000002.meta,/mnt/poseidon-data/poseidon/workflows/SOMOSPIE/SOMOSPIE_pegasus/CombinedPipeline/submit/poseidon/pegasus/somospie/run0054/00/00/reproject_ID0000011.meta --insert /mnt/poseidon-data/poseidon/workflows/SOMOSPIE/SOMOSPIE_pegasus/CombinedPipeline/submit/poseidon/pegasus/somospie/run0054/00/00/register_condorpool_1_0.in",3.0,0,0,,,,,,,,,
compute_ID0000010,None,compute,0,1711690951.0,,,1711690956.0,1711690957.0,1711690971.0,70258193.7,1711690956.0,1711691001.0,1711690988.0,1711690994.0,46178606.0,1711691001.0,1711691006.0,5.0,,0.0,45.0,5.0,14.0,498525556.0,6.0,250017804.0,poseidon,condorpool,poseidon-worker-1-container-32-35,compute,/srv/compute,,11.8,0,0,0.0,304090749.0,241768165.0,4550.0,7404.0,9.2,0.7,30409074.9,24176816.5
compute_ID0000008,None,compute,0,1711690956.0,,,1711690961.0,1711690962.0,1711690976.0,77011600.7,1711690961.0,1711691016.0,1711691000.0,1711691008.0,67915725.0,1711691016.0,1711691021.0,5.0,,0.0,55.0,5.0,14.0,593097933.0,8.0,506706062.0,poseidon,condorpool,poseidon-worker-2-container-12-15,compute,/srv/compute,,17.8,0,0,0.0,319077920.0,346074210.0,4064.0,10578.0,9.1,0.9,31907792.0,34607421.0
stage_out_local_condorpool_2_0,None,transfer,0,1711690966.0,,,1711690971.0,,,0.0,1711690971.0,1711690976.0,,,0.0,1711690976.0,1711690981.0,5.0,,0.0,5.0,5.0,,,,,poseidon,local,poseidon-submit,pegasus::transfer,/mnt/poseidon-data/poseidon/pegasus-5.1.0panorama/bin/pegasus-transfer,/home/poseidon/pegasus-5.1.0panorama/bin/../bin/pegasus-kickstart  -n pegasus::transfer -N null -i - -R local  -L somospie -T 2024-03-27T17:59:14+00:00 /home/poseidon/pegasus-5.1.0panorama/bin/../bin/pegasus-transfer  --threads 2,1.4,0,0,,,,,,,,,
compute_ID0000004,None,compute,0,1711690966.0,,,1711690971.0,1711690982.0,1711690996.0,62202444.0,1711690981.0,1711691016.0,1711691006.0,1711691009.0,1606020.0,1711691016.0,1711691021.0,5.0,,10.0,35.0,5.0,14.0,401401061.0,3.0,5326886.0,poseidon,condorpool,poseidon-worker-1-container-44-47,compute,/srv/compute,,5.1,0,0,,,,,,,,,
compute_ID0000006,None,compute,0,1711690966.0,,,1711690971.0,1711690982.0,1711690996.0,62358579.7,1711690981.0,1711691016.0,1711691006.0,1711691009.0,2934577.0,1711691016.0,1711691021.0,5.0,,10.0,35.0,5.0,14.0,403134097.0,3.0,9696865.0,poseidon,condorpool,poseidon-worker-2-container-44-47,compute,/srv/compute,,5.5,0,0,,,,,,,,,
register_condorpool_2_0,None,auxiliary,0,1711690981.0,,,1711690986.0,,,0.0,1711690986.0,1711690991.0,,,0.0,1711690991.0,1711690996.0,5.0,,0.0,5.0,5.0,,,,,poseidon,local,poseidon-submit,pegasus::rc-client,/mnt/poseidon-data/poseidon/pegasus-5.1.0panorama/bin/pegasus-rc-client,"-n pegasus::rc-client -N null -R local  -L somospie -T 2024-03-27T17:59:14+00:00 /home/poseidon/pegasus-5.1.0panorama/bin/pegasus-rc-client --prefix pegasus.catalog.replica.output --conf /mnt/poseidon-data/poseidon/workflows/SOMOSPIE/SOMOSPIE_pegasus/CombinedPipeline/submit/poseidon/pegasus/somospie/run0054/pegasus.4396611942286831592.properties -v --meta /mnt/poseidon-data/poseidon/workflows/SOMOSPIE/SOMOSPIE_pegasus/CombinedPipeline/submit/poseidon/pegasus/somospie/run0054/00/00/crop_ID0000003.meta,/mnt/poseidon-data/poseidon/workflows/SOMOSPIE/SOMOSPIE_pegasus/CombinedPipeline/submit/poseidon/pegasus/somospie/run0054/00/00/crop_ID0000009.meta,/mnt/poseidon-data/poseidon/workflows/SOMOSPIE/SOMOSPIE_pegasus/CombinedPipeline/submit/poseidon/pegasus/somospie/run0054/00/00/crop_ID0000005.meta,/mnt/poseidon-data/poseidon/workflows/SOMOSPIE/SOMOSPIE_pegasus/CombinedPipeline/submit/poseidon/pegasus/somospie/run0054/00/00/crop_ID0000007.meta --insert /mnt/poseidon-data/poseidon/workflows/SOMOSPIE/SOMOSPIE_pegasus/CombinedPipeline/submit/poseidon/pegasus/somospie/run0054/00/00/register_condorpool_2_0.in",3.2,0,0,,,,,,,,,
stage_out_local_condorpool_3_0,None,transfer,0,1711691021.0,,,1711691026.0,,,0.0,1711691026.0,1711691036.0,,,0.0,1711691036.0,1711691041.0,5.0,,0.0,10.0,5.0,,,,,poseidon,local,poseidon-submit,pegasus::transfer,/mnt/poseidon-data/poseidon/pegasus-5.1.0panorama/bin/pegasus-transfer,/home/poseidon/pegasus-5.1.0panorama/bin/../bin/pegasus-kickstart  -n pegasus::transfer -N null -i - -R local  -L somospie -T 2024-03-27T17:59:14+00:00 /home/poseidon/pegasus-5.1.0panorama/bin/../bin/pegasus-transfer  --threads 2,3.4,0,0,,,,,,,,,
merge_avg_ID0000014,None,compute,0,1711691021.0,,,1711691026.0,1711691027.0,1711691043.0,81976023.0,1711691026.0,1711691101.0,1711691085.0,1711691090.0,53575949.0,1711691101.0,1711691106.0,5.0,,0.0,75.0,5.0,16.0,737559838.0,5.0,309527239.0,poseidon,condorpool,poseidon-worker-1-container-44-47,merge_avg,/srv/merge_avg,,45.5,0,0,0.0,1100782953.0,674106814.0,48382.0,20683.0,24.2,6.1,36692765.1,22470227.1
merge_avg_ID0000012,None,compute,0,1711691021.0,,,1711691026.0,1711691027.0,1711691043.0,84397018.5,1711691026.0,1711691096.0,1711691081.0,1711691087.0,53178248.0,1711691096.0,1711691101.0,5.0,,0.0,70.0,5.0,16.0,731979063.0,6.0,304811410.0,poseidon,condorpool,poseidon-worker-1-container-32-35,merge_avg,/srv/merge_avg,,44.6,0,0,0.0,1153303300.0,823869277.0,47939.0,25269.0,30.9,7.7,38443443.3,27462309.2
merge_avg_ID0000013,None,compute,0,1711691021.0,,,1711691026.0,1711691027.0,1711691042.0,63477509.0,1711691026.0,1711691091.0,1711691078.0,1711691082.0,23955397.0,1711691091.0,1711691096.0,5.0,,0.0,65.0,5.0,15.0,498824437.0,4.0,98388765.0,poseidon,condorpool,poseidon-worker-2-container-44-47,merge_avg,/srv/merge_avg,,40.1,0,0,0.0,111771083.0,98224990.0,5329.0,3042.0,30.9,7.4,3725702.8,4911249.5
register_condorpool_3_0,None,auxiliary,0,1711691041.0,,,1711691046.0,,,0.0,1711691046.0,1711691051.0,,,0.0,1711691051.0,1711691056.0,5.0,,0.0,5.0,5.0,,,,,poseidon,local,poseidon-submit,pegasus::rc-client,/mnt/poseidon-data/poseidon/pegasus-5.1.0panorama/bin/pegasus-rc-client,"-n pegasus::rc-client -N null -R local  -L somospie -T 2024-03-27T17:59:14+00:00 /home/poseidon/pegasus-5.1.0panorama/bin/pegasus-rc-client --prefix pegasus.catalog.replica.output --conf /mnt/poseidon-data/poseidon/workflows/SOMOSPIE/SOMOSPIE_pegasus/CombinedPipeline/submit/poseidon/pegasus/somospie/run0054/pegasus.4396611942286831592.properties -v --meta /mnt/poseidon-data/poseidon/workflows/SOMOSPIE/SOMOSPIE_pegasus/CombinedPipeline/submit/poseidon/pegasus/somospie/run0054/00/00/compute_ID0000008.meta,/mnt/poseidon-data/poseidon/workflows/SOMOSPIE/SOMOSPIE_pegasus/CombinedPipeline/submit/poseidon/pegasus/somospie/run0054/00/00/compute_ID0000006.meta,/mnt/poseidon-data/poseidon/workflows/SOMOSPIE/SOMOSPIE_pegasus/CombinedPipeline/submit/poseidon/pegasus/somospie/run0054/00/00/compute_ID0000010.meta,/mnt/poseidon-data/poseidon/workflows/SOMOSPIE/SOMOSPIE_pegasus/CombinedPipeline/submit/poseidon/pegasus/somospie/run0054/00/00/compute_ID0000004.meta --insert /mnt/poseidon-data/poseidon/workflows/SOMOSPIE/SOMOSPIE_pegasus/CombinedPipeline/submit/poseidon/pegasus/somospie/run0054/00/00/register_condorpool_3_0.in",3.1,0,0,,,,,,,,,
generate_eval_ID0000039,None,compute,0,1711691106.0,,,1711691111.0,1711691127.0,1711691157.0,103754269.0,1711691127.0,1711691186.0,1711691175.0,1711691178.0,2740198.0,1711691186.0,1711691191.0,5.0,,16.0,59.0,5.0,30.0,2410452250.0,3.0,9068473.0,poseidon,condorpool,poseidon-worker-2-container-12-15,generate_eval,/srv/generate_eval,,7.9,0,0,,,,,,,,,
generate_train_ID0000032,None,compute,0,1711691106.0,,,1711691111.0,1711691127.0,1711691152.0,135395130.6,1711691127.0,1711691176.0,1711691163.0,1711691166.0,381747.0,1711691176.0,1711691181.0,5.0,,16.0,49.0,5.0,25.0,2411396929.0,3.0,1265871.0,poseidon,condorpool,poseidon-worker-2-container-40-43,generate_train,/srv/generate_train,,0.8,0,0,,,,,,,,,
generate_eval_ID0000042,None,compute,0,1711691106.0,,,1711691111.0,1711691128.0,1711691159.0,99000551.0,1711691127.0,1711691196.0,1711691181.0,1711691187.0,46111099.0,1711691196.0,1711691201.0,5.0,,16.0,69.0,5.0,31.0,2410452250.0,6.0,240602325.0,poseidon,condorpool,poseidon-worker-1-container-36-39,generate_eval,/srv/generate_eval,,11.3,0,0,0.0,238810917.0,238565648.0,4199.0,7324.0,9.2,0.8,23881091.7,23856564.8
generate_train_ID0000031,None,compute,0,1711691106.0,,,1711691111.0,1711691127.0,1711691153.0,129259991.9,1711691127.0,1711691176.0,1711691164.0,1711691167.0,364839.0,1711691176.0,1711691181.0,5.0,,16.0,49.0,5.0,26.0,2411324399.0,3.0,1175014.0,poseidon,condorpool,poseidon-worker-2-container-16-19,generate_train,/srv/generate_train,,0.9,0,0,,,,,,,,,
generate_train_ID0000030,None,compute,0,1711691106.0,,,1711691111.0,1711691127.0,1711691158.0,105748543.6,1711691127.0,1711691181.0,1711691168.0,1711691172.0,301307.0,1711691181.0,1711691186.0,5.0,,16.0,54.0,5.0,31.0,2411167840.0,4.0,973028.0,poseidon,condorpool,poseidon-worker-2-container-32-35,generate_train,/srv/generate_train,,0.7,0,0,,,,,,,,,
generate_eval_ID0000040,None,compute,0,1711691106.0,,,1711691111.0,1711691127.0,1711691150.0,150886347.3,1711691127.0,1711691181.0,1711691169.0,1711691172.0,2553729.0,1711691181.0,1711691186.0,5.0,,16.0,54.0,5.0,23.0,2410452250.0,3.0,8350187.0,poseidon,condorpool,poseidon-worker-1-container-12-15,generate_eval,/srv/generate_eval,,8.1,0,0,,,,,,,,,
generate_eval_ID0000041,None,compute,0,1711691106.0,,,1711691111.0,1711691127.0,1711691158.0,104860264.1,1711691127.0,1711691201.0,1711691185.0,1711691193.0,70905208.0,1711691201.0,1711691206.0,5.0,,16.0,74.0,5.0,31.0,2410452250.0,8.0,561272484.0,poseidon,condorpool,poseidon-worker-1-container-0-3,generate_eval,/srv/generate_eval,,15.6,0,0,0.1,341513313.0,325204230.0,4710.0,9960.0,9.1,0.8,34151331.3,32520423.0
generate_train_ID0000036,None,compute,0,1711691106.0,,,1711691111.0,1711691127.0,1711691156.0,112481433.0,1711691127.0,1711691176.0,1711691167.0,1711691170.0,349315.0,1711691176.0,1711691181.0,5.0,,16.0,49.0,5.0,29.0,2411281478.0,3.0,1118721.0,poseidon,condorpool,poseidon-worker-1-container-40-43,generate_train,/srv/generate_train,,0.9,0,0,,,,,,,,,
generate_train_ID0000034,None,compute,0,1711691106.0,,,1711691111.0,1711691127.0,1711691153.0,134378358.1,1711691127.0,1711691176.0,1711691164.0,1711691167.0,389617.0,1711691176.0,1711691181.0,5.0,,16.0,49.0,5.0,26.0,2411404099.0,3.0,1275159.0,poseidon,condorpool,poseidon-worker-2-container-36-39,generate_train,/srv/generate_train,,0.9,0,0,,,,,,,,,
generate_train_ID0000033,None,compute,0,1711691106.0,,,1711691111.0,1711691127.0,1711691152.0,138936332.2,1711691127.0,1711691176.0,1711691163.0,1711691167.0,395370.0,1711691176.0,1711691181.0,5.0,,16.0,49.0,5.0,25.0,2411402752.0,4.0,1274805.0,poseidon,condorpool,poseidon-worker-2-container-44-47,generate_train,/srv/generate_train,,0.9,0,0,,,,,,,,,
generate_train_ID0000029,None,compute,0,1711691106.0,,,1711691111.0,1711691127.0,1711691157.0,105735691.2,1711691127.0,1711691181.0,1711691168.0,1711691172.0,260401.0,1711691181.0,1711691186.0,5.0,,16.0,54.0,5.0,30.0,2411064511.0,4.0,843408.0,poseidon,condorpool,poseidon-worker-1-container-44-47,generate_train,/srv/generate_train,,0.8,0,0,,,,,,,,,
generate_train_ID0000028,None,compute,0,1711691106.0,,,1711691111.0,1711691128.0,1711691152.0,139037321.2,1711691127.0,1711691176.0,1711691163.0,1711691166.0,237887.0,1711691176.0,1711691181.0,5.0,,16.0,49.0,5.0,24.0,2411001737.0,3.0,762584.0,poseidon,condorpool,poseidon-worker-1-container-32-35,generate_train,/srv/generate_train,,0.9,0,0,,,,,,,,,
stage_out_local_condorpool_4_0,None,transfer,0,1711691106.0,,,1711691111.0,,,0.0,1711691111.0,1711691116.0,,,0.0,1711691116.0,1711691121.0,5.0,,0.0,5.0,5.0,,,,,poseidon,local,poseidon-submit,pegasus::transfer,/mnt/poseidon-data/poseidon/pegasus-5.1.0panorama/bin/pegasus-transfer,/home/poseidon/pegasus-5.1.0panorama/bin/../bin/pegasus-kickstart  -n pegasus::transfer -N null -i - -R local  -L somospie -T 2024-03-27T17:59:14+00:00 /home/poseidon/pegasus-5.1.0panorama/bin/../bin/pegasus-transfer  --threads 2,2.4,0,0,,,,,,,,,
generate_train_ID0000027,None,compute,0,1711691106.0,,,1711691111.0,1711691112.0,1711691135.0,150017956.5,1711691111.0,1711691156.0,1711691146.0,1711691150.0,225878.0,1711691156.0,1711691161.0,5.0,,0.0,45.0,5.0,23.0,2411002607.0,4.0,764017.0,poseidon,condorpool,poseidon-worker-2-container-44-47,generate_train,/srv/generate_train,,0.8,0,0,,,,,,,,,
generate_train_ID0000038,None,compute,0,1711691106.0,,,1711691111.0,1711691112.0,1711691135.0,150095696.5,1711691111.0,1711691156.0,1711691146.0,1711691149.0,238378.0,1711691156.0,1711691161.0,5.0,,0.0,45.0,5.0,23.0,2411059770.0,3.0,837547.0,poseidon,condorpool,poseidon-worker-1-container-32-35,generate_train,/srv/generate_train,,0.8,0,0,,,,,,,,,
generate_train_ID0000037,None,compute,0,1711691106.0,,,1711691111.0,1711691112.0,1711691144.0,99461049.2,1711691111.0,1711691166.0,1711691154.0,1711691158.0,296130.0,1711691166.0,1711691171.0,5.0,,0.0,55.0,5.0,32.0,2411164025.0,4.0,969901.0,poseidon,condorpool,poseidon-worker-1-container-44-47,generate_train,/srv/generate_train,,0.9,0,0,,,,,,,,,
generate_train_ID0000035,None,compute,0,1711691106.0,,,1711691111.0,1711691127.0,1711691154.0,122762999.9,1711691127.0,1711691176.0,1711691165.0,1711691169.0,392791.0,1711691176.0,1711691181.0,5.0,,16.0,49.0,5.0,27.0,2411394544.0,4.0,1261244.0,poseidon,condorpool,poseidon-worker-2-container-28-31,generate_train,/srv/generate_train,,0.9,0,0,,,,,,,,,
register_condorpool_4_0,None,auxiliary,0,1711691121.0,,,1711691126.0,,,0.0,1711691132.0,1711691136.0,,,0.0,1711691136.0,1711691141.0,5.0,,6.0,4.0,5.0,,,,,poseidon,local,poseidon-submit,pegasus::rc-client,/mnt/poseidon-data/poseidon/pegasus-5.1.0panorama/bin/pegasus-rc-client,"-n pegasus::rc-client -N null -R local  -L somospie -T 2024-03-27T17:59:14+00:00 /home/poseidon/pegasus-5.1.0panorama/bin/pegasus-rc-client --prefix pegasus.catalog.replica.output --conf /mnt/poseidon-data/poseidon/workflows/SOMOSPIE/SOMOSPIE_pegasus/CombinedPipeline/submit/poseidon/pegasus/somospie/run0054/pegasus.4396611942286831592.properties -v --meta /mnt/poseidon-data/poseidon/workflows/SOMOSPIE/SOMOSPIE_pegasus/CombinedPipeline/submit/poseidon/pegasus/somospie/run0054/00/00/merge_avg_ID0000013.meta,/mnt/poseidon-data/poseidon/workflows/SOMOSPIE/SOMOSPIE_pegasus/CombinedPipeline/submit/poseidon/pegasus/somospie/run0054/00/00/merge_avg_ID0000012.meta,/mnt/poseidon-data/poseidon/workflows/SOMOSPIE/SOMOSPIE_pegasus/CombinedPipeline/submit/poseidon/pegasus/somospie/run0054/00/00/merge_avg_ID0000014.meta --insert /mnt/poseidon-data/poseidon/workflows/SOMOSPIE/SOMOSPIE_pegasus/CombinedPipeline/submit/poseidon/pegasus/somospie/run0054/00/00/register_condorpool_4_0.in",3.1,0,0,,,,,,,,,
stage_out_local_condorpool_5_0,None,transfer,0,1711691206.0,,,1711691211.0,,,0.0,1711691211.0,1711691221.0,,,0.0,1711691221.0,1711691226.0,5.0,,0.0,10.0,5.0,,,,,poseidon,local,poseidon-submit,pegasus::transfer,/mnt/poseidon-data/poseidon/pegasus-5.1.0panorama/bin/pegasus-transfer,/home/poseidon/pegasus-5.1.0panorama/bin/../bin/pegasus-kickstart  -n pegasus::transfer -N null -i - -R local  -L somospie -T 2024-03-27T17:59:14+00:00 /home/poseidon/pegasus-5.1.0panorama/bin/../bin/pegasus-transfer  --threads 2,3.9,0,0,,,,,,,,,
stage_out_local_condorpool_5_1,None,transfer,0,1711691206.0,,,1711691211.0,,,0.0,1711691211.0,1711691216.0,,,0.0,1711691216.0,1711691221.0,5.0,,0.0,5.0,5.0,,,,,poseidon,local,poseidon-submit,pegasus::transfer,/mnt/poseidon-data/poseidon/pegasus-5.1.0panorama/bin/pegasus-transfer,/home/poseidon/pegasus-5.1.0panorama/bin/../bin/pegasus-kickstart  -n pegasus::transfer -N null -i - -R local  -L somospie -T 2024-03-27T17:59:14+00:00 /home/poseidon/pegasus-5.1.0panorama/bin/../bin/pegasus-transfer  --threads 2,1.7,0,0,,,,,,,,,
register_condorpool_5_1,None,auxiliary,0,1711691221.0,,,1711691226.0,,,0.0,1711691226.0,1711691231.0,,,0.0,1711691231.0,1711691236.0,5.0,,0.0,5.0,5.0,,,,,poseidon,local,poseidon-submit,pegasus::rc-client,/mnt/poseidon-data/poseidon/pegasus-5.1.0panorama/bin/pegasus-rc-client,"-n pegasus::rc-client -N null -R local  -L somospie -T 2024-03-27T17:59:14+00:00 /home/poseidon/pegasus-5.1.0panorama/bin/pegasus-rc-client --prefix pegasus.catalog.replica.output --conf /mnt/poseidon-data/poseidon/workflows/SOMOSPIE/SOMOSPIE_pegasus/CombinedPipeline/submit/poseidon/pegasus/somospie/run0054/pegasus.4396611942286831592.properties -v --meta /mnt/poseidon-data/poseidon/workflows/SOMOSPIE/SOMOSPIE_pegasus/CombinedPipeline/submit/poseidon/pegasus/somospie/run0054/00/00/generate_train_ID0000028.meta,/mnt/poseidon-data/poseidon/workflows/SOMOSPIE/SOMOSPIE_pegasus/CombinedPipeline/submit/poseidon/pegasus/somospie/run0054/00/00/generate_train_ID0000027.meta,/mnt/poseidon-data/poseidon/workflows/SOMOSPIE/SOMOSPIE_pegasus/CombinedPipeline/submit/poseidon/pegasus/somospie/run0054/00/00/generate_train_ID0000038.meta,/mnt/poseidon-data/poseidon/workflows/SOMOSPIE/SOMOSPIE_pegasus/CombinedPipeline/submit/poseidon/pegasus/somospie/run0054/00/00/generate_train_ID0000033.meta,/mnt/poseidon-data/poseidon/workflows/SOMOSPIE/SOMOSPIE_pegasus/CombinedPipeline/submit/poseidon/pegasus/somospie/run0054/00/01/generate_train_ID0000030.meta,/mnt/poseidon-data/poseidon/workflows/SOMOSPIE/SOMOSPIE_pegasus/CombinedPipeline/submit/poseidon/pegasus/somospie/run0054/00/01/generate_eval_ID0000041.meta,/mnt/poseidon-data/poseidon/workflows/SOMOSPIE/SOMOSPIE_pegasus/CombinedPipeline/submit/poseidon/pegasus/somospie/run0054/00/01/generate_train_ID0000031.meta,/mnt/poseidon-data/poseidon/workflows/SOMOSPIE/SOMOSPIE_pegasus/CombinedPipeline/submit/poseidon/pegasus/somospie/run0054/00/01/generate_train_ID0000032.meta,/mnt/poseidon-data/poseidon/workflows/SOMOSPIE/SOMOSPIE_pegasus/CombinedPipeline/submit/poseidon/pegasus/somospie/run0054/00/00/generate_train_ID0000037.meta,/mnt/poseidon-data/poseidon/workflows/SOMOSPIE/SOMOSPIE_pegasus/CombinedPipeline/submit/poseidon/pegasus/somospie/run0054/00/01/generate_eval_ID0000040.meta,/mnt/poseidon-data/poseidon/workflows/SOMOSPIE/SOMOSPIE_pegasus/CombinedPipeline/submit/poseidon/pegasus/somospie/run0054/00/01/generate_eval_ID0000039.meta,/mnt/poseidon-data/poseidon/workflows/SOMOSPIE/SOMOSPIE_pegasus/CombinedPipeline/submit/poseidon/pegasus/somospie/run0054/00/00/generate_train_ID0000034.meta,/mnt/poseidon-data/poseidon/workflows/SOMOSPIE/SOMOSPIE_pegasus/CombinedPipeline/submit/poseidon/pegasus/somospie/run0054/00/01/generate_train_ID0000035.meta,/mnt/poseidon-data/poseidon/workflows/SOMOSPIE/SOMOSPIE_pegasus/CombinedPipeline/submit/poseidon/pegasus/somospie/run0054/00/01/generate_train_ID0000036.meta,/mnt/poseidon-data/poseidon/workflows/SOMOSPIE/SOMOSPIE_pegasus/CombinedPipeline/submit/poseidon/pegasus/somospie/run0054/00/01/generate_eval_ID0000042.meta,/mnt/poseidon-data/poseidon/workflows/SOMOSPIE/SOMOSPIE_pegasus/CombinedPipeline/submit/poseidon/pegasus/somospie/run0054/00/00/generate_train_ID0000029.meta --insert /mnt/poseidon-data/poseidon/workflows/SOMOSPIE/SOMOSPIE_pegasus/CombinedPipeline/submit/poseidon/pegasus/somospie/run0054/00/01/register_condorpool_5_1.in",3.3,0,0,,,,,,,,,
register_condorpool_5_0,None,auxiliary,0,1711691226.0,,,1711691236.0,,,0.0,1711691236.0,1711691241.0,,,0.0,1711691241.0,1711691246.0,10.0,,0.0,5.0,5.0,,,,,poseidon,local,poseidon-submit,pegasus::rc-client,/mnt/poseidon-data/poseidon/pegasus-5.1.0panorama/bin/pegasus-rc-client,"-n pegasus::rc-client -N null -R local  -L somospie -T 2024-03-27T17:59:14+00:00 /home/poseidon/pegasus-5.1.0panorama/bin/pegasus-rc-client --prefix pegasus.catalog.replica.output --conf /mnt/poseidon-data/poseidon/workflows/SOMOSPIE/SOMOSPIE_pegasus/CombinedPipeline/submit/poseidon/pegasus/somospie/run0054/pegasus.4396611942286831592.properties -v --meta /mnt/poseidon-data/poseidon/workflows/SOMOSPIE/SOMOSPIE_pegasus/CombinedPipeline/submit/poseidon/pegasus/somospie/run0054/00/00/generate_train_ID0000028.meta,/mnt/poseidon-data/poseidon/workflows/SOMOSPIE/SOMOSPIE_pegasus/CombinedPipeline/submit/poseidon/pegasus/somospie/run0054/00/00/generate_train_ID0000027.meta,/mnt/poseidon-data/poseidon/workflows/SOMOSPIE/SOMOSPIE_pegasus/CombinedPipeline/submit/poseidon/pegasus/somospie/run0054/00/00/generate_train_ID0000038.meta,/mnt/poseidon-data/poseidon/workflows/SOMOSPIE/SOMOSPIE_pegasus/CombinedPipeline/submit/poseidon/pegasus/somospie/run0054/00/00/generate_train_ID0000033.meta,/mnt/poseidon-data/poseidon/workflows/SOMOSPIE/SOMOSPIE_pegasus/CombinedPipeline/submit/poseidon/pegasus/somospie/run0054/00/01/generate_train_ID0000030.meta,/mnt/poseidon-data/poseidon/workflows/SOMOSPIE/SOMOSPIE_pegasus/CombinedPipeline/submit/poseidon/pegasus/somospie/run0054/00/01/generate_eval_ID0000041.meta,/mnt/poseidon-data/poseidon/workflows/SOMOSPIE/SOMOSPIE_pegasus/CombinedPipeline/submit/poseidon/pegasus/somospie/run0054/00/01/generate_train_ID0000031.meta,/mnt/poseidon-data/poseidon/workflows/SOMOSPIE/SOMOSPIE_pegasus/CombinedPipeline/submit/poseidon/pegasus/somospie/run0054/00/01/generate_train_ID0000032.meta,/mnt/poseidon-data/poseidon/workflows/SOMOSPIE/SOMOSPIE_pegasus/CombinedPipeline/submit/poseidon/pegasus/somospie/run0054/00/00/generate_train_ID0000037.meta,/mnt/poseidon-data/poseidon/workflows/SOMOSPIE/SOMOSPIE_pegasus/CombinedPipeline/submit/poseidon/pegasus/somospie/run0054/00/01/generate_eval_ID0000040.meta,/mnt/poseidon-data/poseidon/workflows/SOMOSPIE/SOMOSPIE_pegasus/CombinedPipeline/submit/poseidon/pegasus/somospie/run0054/00/01/generate_eval_ID0000039.meta,/mnt/poseidon-data/poseidon/workflows/SOMOSPIE/SOMOSPIE_pegasus/CombinedPipeline/submit/poseidon/pegasus/somospie/run0054/00/00/generate_train_ID0000034.meta,/mnt/poseidon-data/poseidon/workflows/SOMOSPIE/SOMOSPIE_pegasus/CombinedPipeline/submit/poseidon/pegasus/somospie/run0054/00/01/generate_train_ID0000035.meta,/mnt/poseidon-data/poseidon/workflows/SOMOSPIE/SOMOSPIE_pegasus/CombinedPipeline/submit/poseidon/pegasus/somospie/run0054/00/01/generate_train_ID0000036.meta,/mnt/poseidon-data/poseidon/workflows/SOMOSPIE/SOMOSPIE_pegasus/CombinedPipeline/submit/poseidon/pegasus/somospie/run0054/00/01/generate_eval_ID0000042.meta,/mnt/poseidon-data/poseidon/workflows/SOMOSPIE/SOMOSPIE_pegasus/CombinedPipeline/submit/poseidon/pegasus/somospie/run0054/00/00/generate_train_ID0000029.meta --insert /mnt/poseidon-data/poseidon/workflows/SOMOSPIE/SOMOSPIE_pegasus/CombinedPipeline/submit/poseidon/pegasus/somospie/run0054/00/01/register_condorpool_5_0.in",3.2,0,0,,,,,,,,,
cleanup_somospie_0_condorpool,None,auxiliary,0,1711691226.0,,,1711691231.0,,,0.0,1711691231.0,1711691236.0,,,0.0,1711691236.0,1711691241.0,5.0,,0.0,5.0,5.0,,,,,poseidon,local,poseidon-submit,pegasus::cleanup,/mnt/poseidon-data/poseidon/pegasus-5.1.0panorama/bin/pegasus-transfer,pegasus-kickstart  -n pegasus::cleanup -N null -i - -R local  -L somospie -T 2024-03-27T17:59:14+00:00 pegasus-transfer,0.3,0,0,,,,,,,,,
