,anomaly_type,type,is_clustered,ready,pre_script_start,pre_script_end,submit,stage_in_start,stage_in_end,stage_in_effective_bytes_per_sec,execute_start,execute_end,stage_out_start,stage_out_end,stage_out_effective_bytes_per_sec,post_script_start,post_script_end,wms_delay,pre_script_delay,queue_delay,runtime,post_script_delay,stage_in_delay,stage_in_bytes,stage_out_delay,stage_out_bytes,kickstart_user,kickstart_site,kickstart_hostname,kickstart_transformations,kickstart_executables,kickstart_executables_argv,kickstart_executables_cpu_time,kickstart_status,kickstart_executables_exitcode,kickstart_online_iowait,kickstart_online_bytes_read,kickstart_online_bytes_written,kickstart_online_read_system_calls,kickstart_online_write_system_calls,kickstart_online_utime,kickstart_online_stime,kickstart_online_bytes_read_per_second,kickstart_online_bytes_written_per_second
create_dir_somospie_0_condorpool,None,auxiliary,0,1712212038.0,,,1712212039.0,,,0.0,1712212043.0,1712212049.0,,,0.0,1712212049.0,1712212054.0,1.0,,4.0,6.0,5.0,,,,,poseidon,local,poseidon-submit,pegasus::dirmanager,/mnt/poseidon-data/poseidon/pegasus-5.1.0panorama/bin/pegasus-transfer,pegasus-kickstart  -n pegasus::dirmanager -N null -i - -R local  -L somospie -T 2024-03-27T17:59:14+00:00 pegasus-transfer,0.2,0,0,,,,,,,,,
get_sm_ID0000020,None,compute,0,1712212054.0,,,1712212059.0,1712212079.0,1712212101.0,30345556.7,1712212078.0,1712212120.0,1712212109.0,1712212112.0,297604.0,1712212120.0,1712212125.0,5.0,,19.0,42.0,5.0,22.0,470635724.0,3.0,945682.0,poseidon,condorpool,poseidon-worker-2-container-32-35,get_sm,/srv/get_sm,,1.9,0,0,,,,,,,,,
get_sm_ID0000021,None,compute,0,1712212054.0,,,1712212059.0,1712212079.0,1712212100.0,33534219.3,1712212078.0,1712212120.0,1712212108.0,1712212111.0,298170.0,1712212120.0,1712212125.0,5.0,,19.0,42.0,5.0,21.0,475840244.0,3.0,951505.0,poseidon,condorpool,poseidon-worker-2-container-16-19,get_sm,/srv/get_sm,,1.9,0,0,,,,,,,,,
get_sm_ID0000022,None,compute,0,1712212054.0,,,1712212060.0,1712212079.0,1712212100.0,31880959.2,1712212078.0,1712212120.0,1712212107.0,1712212110.0,294287.0,1712212120.0,1712212125.0,6.0,,18.0,42.0,5.0,21.0,475800760.0,3.0,952852.0,poseidon,condorpool,poseidon-worker-2-container-44-47,get_sm,/srv/get_sm,,2.1,0,0,,,,,,,,,
get_sm_ID0000023,None,compute,0,1712212054.0,,,1712212060.0,1712212079.0,1712212096.0,45111285.6,1712212078.0,1712212115.0,1712212103.0,1712212107.0,287465.0,1712212115.0,1712212120.0,6.0,,18.0,37.0,5.0,17.0,467398273.0,4.0,943297.0,poseidon,condorpool,poseidon-worker-1-container-44-47,get_sm,/srv/get_sm,,1.8,0,0,,,,,,,,,
get_sm_ID0000024,None,compute,0,1712212054.0,,,1712212060.0,1712212079.0,1712212100.0,33538537.8,1712212078.0,1712212120.0,1712212107.0,1712212110.0,259046.0,1712212120.0,1712212125.0,6.0,,18.0,42.0,5.0,21.0,457521962.0,3.0,830231.0,poseidon,condorpool,poseidon-worker-2-container-0-3,get_sm,/srv/get_sm,,2.0,0,0,,,,,,,,,
get_sm_ID0000025,None,compute,0,1712212054.0,,,1712212060.0,1712212079.0,1712212100.0,32732538.5,1712212078.0,1712212120.0,1712212107.0,1712212110.0,221810.0,1712212120.0,1712212125.0,6.0,,18.0,42.0,5.0,21.0,447555942.0,3.0,712778.0,poseidon,condorpool,poseidon-worker-1-container-36-39,get_sm,/srv/get_sm,,1.9,0,0,,,,,,,,,
get_sm_ID0000015,None,compute,0,1712212054.0,,,1712212060.0,1712212079.0,1712212097.0,39855942.7,1712212078.0,1712212115.0,1712212104.0,1712212107.0,172087.0,1712212115.0,1712212120.0,6.0,,18.0,37.0,5.0,18.0,440090843.0,3.0,551360.0,poseidon,condorpool,poseidon-worker-1-container-40-43,get_sm,/srv/get_sm,,1.8,0,0,,,,,,,,,
get_sm_ID0000026,None,compute,0,1712212054.0,,,1712212060.0,1712212079.0,1712212098.0,39406940.1,1712212078.0,1712212115.0,1712212105.0,1712212108.0,189726.0,1712212115.0,1712212120.0,6.0,,18.0,37.0,5.0,19.0,442257808.0,3.0,608523.0,poseidon,condorpool,poseidon-worker-1-container-28-31,get_sm,/srv/get_sm,,1.9,0,0,,,,,,,,,
get_sm_ID0000016,None,compute,0,1712212054.0,,,1712212060.0,1712212079.0,1712212105.0,22783779.0,1712212078.0,1712212125.0,1712212112.0,1712212115.0,173213.0,1712212125.0,1712212130.0,6.0,,18.0,47.0,5.0,26.0,436178789.0,3.0,550490.0,poseidon,condorpool,poseidon-worker-2-container-40-43,get_sm,/srv/get_sm,,1.9,0,0,,,,,,,,,
get_sm_ID0000017,None,compute,0,1712212054.0,,,1712212060.0,1712212079.0,1712212096.0,39350617.3,1712212078.0,1712212115.0,1712212103.0,1712212107.0,186730.0,1712212115.0,1712212120.0,6.0,,18.0,37.0,5.0,17.0,444771924.0,4.0,613264.0,poseidon,condorpool,poseidon-worker-2-container-36-39,get_sm,/srv/get_sm,,1.9,0,0,,,,,,,,,
get_sm_ID0000018,None,compute,0,1712212054.0,,,1712212060.0,1712212079.0,1712212097.0,44144903.8,1712212078.0,1712212115.0,1712212104.0,1712212107.0,225408.0,1712212115.0,1712212120.0,6.0,,18.0,37.0,5.0,18.0,449409643.0,3.0,716593.0,poseidon,condorpool,poseidon-worker-1-container-12-15,get_sm,/srv/get_sm,,1.9,0,0,,,,,,,,,
get_sm_ID0000019,None,compute,0,1712212054.0,,,1712212060.0,1712212079.0,1712212098.0,36386272.0,1712212078.0,1712212115.0,1712212105.0,1712212109.0,271902.0,1712212115.0,1712212120.0,6.0,,18.0,37.0,5.0,19.0,459739344.0,4.0,873152.0,poseidon,condorpool,poseidon-worker-1-container-32-35,get_sm,/srv/get_sm,,2.0,0,0,,,,,,,,,
merge_ID0000001,None,compute,0,1712212054.0,,,1712212060.0,1712212079.0,1712212098.0,142856352.5,1712212078.0,1712212156.0,1712212132.0,1712212146.0,91545414.0,1712212156.0,1712212161.0,6.0,,18.0,78.0,5.0,19.0,1726068480.0,14.0,1298102725.0,poseidon,condorpool,poseidon-worker-2-container-28-31,merge,/srv/merge,,41.3,0,0,0.0,979605366.0,1294531906.0,10753.0,39540.0,34.5,2.4,48980268.3,64726595.3
stage_out_local_condorpool_0_1,None,transfer,0,1712212130.0,,,1712212135.0,,,0.0,1712212135.0,1712212140.0,,,0.0,1712212140.0,1712212145.0,5.0,,0.0,5.0,5.0,,,,,poseidon,local,poseidon-submit,pegasus::transfer,/mnt/poseidon-data/poseidon/pegasus-5.1.0panorama/bin/pegasus-transfer,/home/poseidon/pegasus-5.1.0panorama/bin/../bin/pegasus-kickstart  -n pegasus::transfer -N null -i - -R local  -L somospie -T 2024-03-27T17:59:14+00:00 /home/poseidon/pegasus-5.1.0panorama/bin/../bin/pegasus-transfer  --threads 2,0.7,0,0,,,,,,,,,
register_condorpool_0_1,None,auxiliary,0,1712212145.0,,,1712212151.0,,,0.0,1712212151.0,1712212156.0,,,0.0,1712212156.0,1712212161.0,6.0,,0.0,5.0,5.0,,,,,poseidon,local,poseidon-submit,pegasus::rc-client,/mnt/poseidon-data/poseidon/pegasus-5.1.0panorama/bin/pegasus-rc-client,"-n pegasus::rc-client -N null -R local  -L somospie -T 2024-03-27T17:59:14+00:00 /home/poseidon/pegasus-5.1.0panorama/bin/pegasus-rc-client --prefix pegasus.catalog.replica.output --conf /mnt/poseidon-data/poseidon/workflows/SOMOSPIE/SOMOSPIE_pegasus/CombinedPipeline/submit/poseidon/pegasus/somospie/run0432/pegasus.1567863590798167669.properties -v --meta /mnt/poseidon-data/poseidon/workflows/SOMOSPIE/SOMOSPIE_pegasus/CombinedPipeline/submit/poseidon/pegasus/somospie/run0432/00/00/get_sm_ID0000020.meta,/mnt/poseidon-data/poseidon/workflows/SOMOSPIE/SOMOSPIE_pegasus/CombinedPipeline/submit/poseidon/pegasus/somospie/run0432/00/00/get_sm_ID0000024.meta,/mnt/poseidon-data/poseidon/workflows/SOMOSPIE/SOMOSPIE_pegasus/CombinedPipeline/submit/poseidon/pegasus/somospie/run0432/00/00/get_sm_ID0000026.meta,/mnt/poseidon-data/poseidon/workflows/SOMOSPIE/SOMOSPIE_pegasus/CombinedPipeline/submit/poseidon/pegasus/somospie/run0432/00/00/get_sm_ID0000019.meta,/mnt/poseidon-data/poseidon/workflows/SOMOSPIE/SOMOSPIE_pegasus/CombinedPipeline/submit/poseidon/pegasus/somospie/run0432/00/00/get_sm_ID0000016.meta,/mnt/poseidon-data/poseidon/workflows/SOMOSPIE/SOMOSPIE_pegasus/CombinedPipeline/submit/poseidon/pegasus/somospie/run0432/00/00/get_sm_ID0000022.meta --insert /mnt/poseidon-data/poseidon/workflows/SOMOSPIE/SOMOSPIE_pegasus/CombinedPipeline/submit/poseidon/pegasus/somospie/run0432/00/00/register_condorpool_0_1.in",2.8,0,0,,,,,,,,,
stage_out_local_condorpool_0_0,None,transfer,0,1712212161.0,,,1712212166.0,,,0.0,1712212166.0,1712212176.0,,,0.0,1712212176.0,1712212181.0,5.0,,0.0,10.0,5.0,,,,,poseidon,local,poseidon-submit,pegasus::transfer,/mnt/poseidon-data/poseidon/pegasus-5.1.0panorama/bin/pegasus-transfer,/home/poseidon/pegasus-5.1.0panorama/bin/../bin/pegasus-kickstart  -n pegasus::transfer -N null -i - -R local  -L somospie -T 2024-03-27T17:59:14+00:00 /home/poseidon/pegasus-5.1.0panorama/bin/../bin/pegasus-transfer  --threads 2,4.2,0,0,,,,,,,,,
reproject_ID0000011,None,compute,0,1712212161.0,,,1712212166.0,1712212167.0,1712212186.0,142108098.0,1712212166.0,1712212246.0,1712212224.0,1712212238.0,91244029.0,1712212246.0,1712212251.0,5.0,,0.0,80.0,5.0,19.0,1696973136.0,14.0,1298118839.0,poseidon,condorpool,poseidon-worker-2-container-28-31,reproject,/srv/reproject,,56.1,0,0,0.0,1307495026.0,1294204226.0,16455.0,39530.0,43.5,3.9,65374751.3,64710211.3
reproject_ID0000002,None,compute,0,1712212161.0,,,1712212166.0,1712212176.0,1712212195.0,143044838.5,1712212175.0,1712212251.0,1712212231.0,1712212244.0,88876176.0,1712212251.0,1712212256.0,5.0,,9.0,76.0,5.0,19.0,1696973986.0,13.0,1125581407.0,poseidon,condorpool,poseidon-worker-2-container-32-35,reproject,/srv/reproject,,53.4,0,0,0.0,1442082374.0,779727551.0,47553.0,23826.0,38.6,4.3,72104118.7,38986377.5
register_condorpool_0_0,None,auxiliary,0,1712212181.0,,,1712212186.0,,,0.0,1712212186.0,1712212191.0,,,0.0,1712212191.0,1712212196.0,5.0,,0.0,5.0,5.0,,,,,poseidon,local,poseidon-submit,pegasus::rc-client,/mnt/poseidon-data/poseidon/pegasus-5.1.0panorama/bin/pegasus-rc-client,"-n pegasus::rc-client -N null -R local  -L somospie -T 2024-03-27T17:59:14+00:00 /home/poseidon/pegasus-5.1.0panorama/bin/pegasus-rc-client --prefix pegasus.catalog.replica.output --conf /mnt/poseidon-data/poseidon/workflows/SOMOSPIE/SOMOSPIE_pegasus/CombinedPipeline/submit/poseidon/pegasus/somospie/run0432/pegasus.1567863590798167669.properties -v --meta /mnt/poseidon-data/poseidon/workflows/SOMOSPIE/SOMOSPIE_pegasus/CombinedPipeline/submit/poseidon/pegasus/somospie/run0432/00/00/get_sm_ID0000015.meta,/mnt/poseidon-data/poseidon/workflows/SOMOSPIE/SOMOSPIE_pegasus/CombinedPipeline/submit/poseidon/pegasus/somospie/run0432/00/00/get_sm_ID0000023.meta,/mnt/poseidon-data/poseidon/workflows/SOMOSPIE/SOMOSPIE_pegasus/CombinedPipeline/submit/poseidon/pegasus/somospie/run0432/00/00/get_sm_ID0000018.meta,/mnt/poseidon-data/poseidon/workflows/SOMOSPIE/SOMOSPIE_pegasus/CombinedPipeline/submit/poseidon/pegasus/somospie/run0432/00/00/get_sm_ID0000017.meta,/mnt/poseidon-data/poseidon/workflows/SOMOSPIE/SOMOSPIE_pegasus/CombinedPipeline/submit/poseidon/pegasus/somospie/run0432/00/00/merge_ID0000001.meta,/mnt/poseidon-data/poseidon/workflows/SOMOSPIE/SOMOSPIE_pegasus/CombinedPipeline/submit/poseidon/pegasus/somospie/run0432/00/00/get_sm_ID0000021.meta,/mnt/poseidon-data/poseidon/workflows/SOMOSPIE/SOMOSPIE_pegasus/CombinedPipeline/submit/poseidon/pegasus/somospie/run0432/00/00/get_sm_ID0000025.meta --insert /mnt/poseidon-data/poseidon/workflows/SOMOSPIE/SOMOSPIE_pegasus/CombinedPipeline/submit/poseidon/pegasus/somospie/run0432/00/00/register_condorpool_0_0.in",2.9,0,0,,,,,,,,,
stage_out_local_condorpool_1_0,None,transfer,0,1712212256.0,,,1712212261.0,,,0.0,1712212261.0,1712212271.0,,,0.0,1712212271.0,1712212276.0,5.0,,0.0,10.0,5.0,,,,,poseidon,local,poseidon-submit,pegasus::transfer,/mnt/poseidon-data/poseidon/pegasus-5.1.0panorama/bin/pegasus-transfer,/home/poseidon/pegasus-5.1.0panorama/bin/../bin/pegasus-kickstart  -n pegasus::transfer -N null -i - -R local  -L somospie -T 2024-03-27T17:59:14+00:00 /home/poseidon/pegasus-5.1.0panorama/bin/../bin/pegasus-transfer  --threads 2,6.3,0,0,,,,,,,,,
crop_ID0000009,None,compute,0,1712212256.0,,,1712212261.0,1712212262.0,1712212280.0,134351177.8,1712212261.0,1712212301.0,1712212291.0,1712212295.0,24231067.0,1712212301.0,1712212306.0,5.0,,0.0,40.0,5.0,18.0,1524452582.0,4.0,99654844.0,poseidon,condorpool,poseidon-worker-2-container-28-31,crop,/srv/crop,,2.8,0,0,,,,,,,,,
crop_ID0000007,None,compute,0,1712212256.0,,,1712212261.0,1712212262.0,1712212280.0,132933798.4,1712212261.0,1712212306.0,1712212293.0,1712212298.0,40376653.0,1712212306.0,1712212311.0,5.0,,0.0,45.0,5.0,18.0,1524452582.0,5.0,194227221.0,poseidon,condorpool,poseidon-worker-2-container-32-35,crop,/srv/crop,,4.2,0,0,,,,,,,,,
crop_ID0000005,None,compute,0,1712212256.0,,,1712212261.0,1712212276.0,1712212294.0,145541136.7,1712212275.0,1712212316.0,1712212303.0,1712212307.0,1313286.0,1712212316.0,1712212321.0,5.0,,14.0,41.0,5.0,18.0,1524452582.0,4.0,4263385.0,poseidon,condorpool,poseidon-worker-2-container-32-35,crop,/srv/crop,,1.8,0,0,,,,,,,,,
crop_ID0000003,None,compute,0,1712212256.0,,,1712212261.0,1712212276.0,1712212294.0,143972822.9,1712212275.0,1712212316.0,1712212304.0,1712212307.0,780693.0,1712212316.0,1712212321.0,5.0,,14.0,41.0,5.0,18.0,1524452582.0,3.0,2530349.0,poseidon,condorpool,poseidon-worker-2-container-28-31,crop,/srv/crop,,1.9,0,0,,,,,,,,,
register_condorpool_1_0,None,auxiliary,0,1712212276.0,,,1712212281.0,,,0.0,1712212281.0,1712212286.0,,,0.0,1712212286.0,1712212291.0,5.0,,0.0,5.0,5.0,,,,,poseidon,local,poseidon-submit,pegasus::rc-client,/mnt/poseidon-data/poseidon/pegasus-5.1.0panorama/bin/pegasus-rc-client,"-n pegasus::rc-client -N null -R local  -L somospie -T 2024-03-27T17:59:14+00:00 /home/poseidon/pegasus-5.1.0panorama/bin/pegasus-rc-client --prefix pegasus.catalog.replica.output --conf /mnt/poseidon-data/poseidon/workflows/SOMOSPIE/SOMOSPIE_pegasus/CombinedPipeline/submit/poseidon/pegasus/somospie/run0432/pegasus.1567863590798167669.properties -v --meta /mnt/poseidon-data/poseidon/workflows/SOMOSPIE/SOMOSPIE_pegasus/CombinedPipeline/submit/poseidon/pegasus/somospie/run0432/00/00/reproject_ID0000011.meta,/mnt/poseidon-data/poseidon/workflows/SOMOSPIE/SOMOSPIE_pegasus/CombinedPipeline/submit/poseidon/pegasus/somospie/run0432/00/00/reproject_ID0000002.meta --insert /mnt/poseidon-data/poseidon/workflows/SOMOSPIE/SOMOSPIE_pegasus/CombinedPipeline/submit/poseidon/pegasus/somospie/run0432/00/00/register_condorpool_1_0.in",2.9,0,0,,,,,,,,,
compute_ID0000010,None,compute,0,1712212306.0,,,1712212311.0,1712212313.0,1712212327.0,70782430.0,1712212312.0,1712212356.0,1712212345.0,1712212350.0,46030701.0,1712212356.0,1712212361.0,5.0,,1.0,44.0,5.0,14.0,498525556.0,5.0,250017804.0,poseidon,condorpool,poseidon-worker-2-container-28-31,compute,/srv/compute,,12.1,0,0,0.0,302864675.0,241112805.0,4422.0,7384.0,9.2,0.8,30286467.5,24111280.5
compute_ID0000008,None,compute,0,1712212311.0,,,1712212316.0,1712212318.0,1712212332.0,75647305.6,1712212317.0,1712212371.0,1712212356.0,1712212364.0,67764675.0,1712212371.0,1712212376.0,5.0,,1.0,54.0,5.0,14.0,593097933.0,8.0,506706062.0,poseidon,condorpool,poseidon-worker-2-container-32-35,compute,/srv/compute,,17.6,0,0,0.0,325159149.0,352562274.0,4118.0,10776.0,9.2,0.8,32515914.9,35256227.4
stage_out_local_condorpool_2_0,None,transfer,0,1712212321.0,,,1712212326.0,,,0.0,1712212326.0,1712212331.0,,,0.0,1712212331.0,1712212336.0,5.0,,0.0,5.0,5.0,,,,,poseidon,local,poseidon-submit,pegasus::transfer,/mnt/poseidon-data/poseidon/pegasus-5.1.0panorama/bin/pegasus-transfer,/home/poseidon/pegasus-5.1.0panorama/bin/../bin/pegasus-kickstart  -n pegasus::transfer -N null -i - -R local  -L somospie -T 2024-03-27T17:59:14+00:00 /home/poseidon/pegasus-5.1.0panorama/bin/../bin/pegasus-transfer  --threads 2,1.3,0,0,,,,,,,,,
compute_ID0000004,None,compute,0,1712212321.0,,,1712212326.0,1712212336.0,1712212350.0,62057027.0,1712212335.0,1712212371.0,1712212360.0,1712212363.0,1610663.0,1712212371.0,1712212376.0,5.0,,9.0,36.0,5.0,14.0,401401061.0,3.0,5326886.0,poseidon,condorpool,poseidon-worker-2-container-44-47,compute,/srv/compute,,5.1,0,0,,,,,,,,,
compute_ID0000006,None,compute,0,1712212321.0,,,1712212326.0,1712212336.0,1712212350.0,62447756.3,1712212335.0,1712212371.0,1712212360.0,1712212363.0,2897680.0,1712212371.0,1712212376.0,5.0,,9.0,36.0,5.0,14.0,403134097.0,3.0,9696865.0,poseidon,condorpool,poseidon-worker-2-container-16-19,compute,/srv/compute,,5.4,0,0,,,,,,,,,
register_condorpool_2_0,None,auxiliary,0,1712212336.0,,,1712212341.0,,,0.0,1712212341.0,1712212346.0,,,0.0,1712212346.0,1712212351.0,5.0,,0.0,5.0,5.0,,,,,poseidon,local,poseidon-submit,pegasus::rc-client,/mnt/poseidon-data/poseidon/pegasus-5.1.0panorama/bin/pegasus-rc-client,"-n pegasus::rc-client -N null -R local  -L somospie -T 2024-03-27T17:59:14+00:00 /home/poseidon/pegasus-5.1.0panorama/bin/pegasus-rc-client --prefix pegasus.catalog.replica.output --conf /mnt/poseidon-data/poseidon/workflows/SOMOSPIE/SOMOSPIE_pegasus/CombinedPipeline/submit/poseidon/pegasus/somospie/run0432/pegasus.1567863590798167669.properties -v --meta /mnt/poseidon-data/poseidon/workflows/SOMOSPIE/SOMOSPIE_pegasus/CombinedPipeline/submit/poseidon/pegasus/somospie/run0432/00/00/crop_ID0000007.meta,/mnt/poseidon-data/poseidon/workflows/SOMOSPIE/SOMOSPIE_pegasus/CombinedPipeline/submit/poseidon/pegasus/somospie/run0432/00/00/crop_ID0000009.meta,/mnt/poseidon-data/poseidon/workflows/SOMOSPIE/SOMOSPIE_pegasus/CombinedPipeline/submit/poseidon/pegasus/somospie/run0432/00/00/crop_ID0000003.meta,/mnt/poseidon-data/poseidon/workflows/SOMOSPIE/SOMOSPIE_pegasus/CombinedPipeline/submit/poseidon/pegasus/somospie/run0432/00/00/crop_ID0000005.meta --insert /mnt/poseidon-data/poseidon/workflows/SOMOSPIE/SOMOSPIE_pegasus/CombinedPipeline/submit/poseidon/pegasus/somospie/run0432/00/00/register_condorpool_2_0.in",2.8,0,0,,,,,,,,,
stage_out_local_condorpool_3_0,None,transfer,0,1712212376.0,,,1712212381.0,,,0.0,1712212381.0,1712212391.0,,,0.0,1712212391.0,1712212396.0,5.0,,0.0,10.0,5.0,,,,,poseidon,local,poseidon-submit,pegasus::transfer,/mnt/poseidon-data/poseidon/pegasus-5.1.0panorama/bin/pegasus-transfer,/home/poseidon/pegasus-5.1.0panorama/bin/../bin/pegasus-kickstart  -n pegasus::transfer -N null -i - -R local  -L somospie -T 2024-03-27T17:59:14+00:00 /home/poseidon/pegasus-5.1.0panorama/bin/../bin/pegasus-transfer  --threads 2,3.1,0,0,,,,,,,,,
merge_avg_ID0000014,None,compute,0,1712212376.0,,,1712212381.0,1712212382.0,1712212398.0,79782229.5,1712212381.0,1712212456.0,1712212441.0,1712212447.0,53416796.0,1712212456.0,1712212461.0,5.0,,0.0,75.0,5.0,16.0,737559838.0,6.0,309527239.0,poseidon,condorpool,poseidon-worker-2-container-28-31,merge_avg,/srv/merge_avg,,47.4,0,0,0.0,986407451.0,662638004.0,46890.0,20325.0,21.3,6.2,32880248.4,22087933.5
merge_avg_ID0000012,None,compute,0,1712212376.0,,,1712212381.0,1712212382.0,1712212397.0,85209829.5,1712212381.0,1712212451.0,1712212438.0,1712212443.0,53319537.0,1712212451.0,1712212456.0,5.0,,0.0,70.0,5.0,15.0,731979063.0,5.0,304811410.0,poseidon,condorpool,poseidon-worker-2-container-16-19,merge_avg,/srv/merge_avg,,46.9,0,0,0.0,1144219547.0,667893584.0,48102.0,20499.0,26.2,7.1,38140651.6,22263119.5
merge_avg_ID0000013,None,compute,0,1712212376.0,,,1712212381.0,1712212382.0,1712212396.0,69083320.0,1712212381.0,1712212446.0,1712212434.0,1712212438.0,24062145.0,1712212446.0,1712212451.0,5.0,,0.0,65.0,5.0,14.0,498824437.0,4.0,98388765.0,poseidon,condorpool,poseidon-worker-2-container-44-47,merge_avg,/srv/merge_avg,,42.3,0,0,0.0,454132762.0,205817615.0,47992.0,6408.0,26.4,7.3,15137758.7,6860587.2
register_condorpool_3_0,None,auxiliary,0,1712212396.0,,,1712212401.0,,,0.0,1712212401.0,1712212406.0,,,0.0,1712212406.0,1712212411.0,5.0,,0.0,5.0,5.0,,,,,poseidon,local,poseidon-submit,pegasus::rc-client,/mnt/poseidon-data/poseidon/pegasus-5.1.0panorama/bin/pegasus-rc-client,"-n pegasus::rc-client -N null -R local  -L somospie -T 2024-03-27T17:59:14+00:00 /home/poseidon/pegasus-5.1.0panorama/bin/pegasus-rc-client --prefix pegasus.catalog.replica.output --conf /mnt/poseidon-data/poseidon/workflows/SOMOSPIE/SOMOSPIE_pegasus/CombinedPipeline/submit/poseidon/pegasus/somospie/run0432/pegasus.1567863590798167669.properties -v --meta /mnt/poseidon-data/poseidon/workflows/SOMOSPIE/SOMOSPIE_pegasus/CombinedPipeline/submit/poseidon/pegasus/somospie/run0432/00/00/compute_ID0000010.meta,/mnt/poseidon-data/poseidon/workflows/SOMOSPIE/SOMOSPIE_pegasus/CombinedPipeline/submit/poseidon/pegasus/somospie/run0432/00/00/compute_ID0000004.meta,/mnt/poseidon-data/poseidon/workflows/SOMOSPIE/SOMOSPIE_pegasus/CombinedPipeline/submit/poseidon/pegasus/somospie/run0432/00/00/compute_ID0000006.meta,/mnt/poseidon-data/poseidon/workflows/SOMOSPIE/SOMOSPIE_pegasus/CombinedPipeline/submit/poseidon/pegasus/somospie/run0432/00/00/compute_ID0000008.meta --insert /mnt/poseidon-data/poseidon/workflows/SOMOSPIE/SOMOSPIE_pegasus/CombinedPipeline/submit/poseidon/pegasus/somospie/run0432/00/00/register_condorpool_3_0.in",2.8,0,0,,,,,,,,,
generate_eval_ID0000039,None,compute,0,1712212461.0,,,1712212466.0,1712212482.0,1712212526.0,65632282.7,1712212481.0,1712212556.0,1712212543.0,1712212547.0,2760856.0,1712212556.0,1712212561.0,5.0,,15.0,75.0,5.0,44.0,2410452250.0,4.0,9068473.0,poseidon,condorpool,poseidon-worker-1-container-32-35,generate_eval,/srv/generate_eval,,7.8,0,0,,,,,,,,,
generate_train_ID0000032,None,compute,0,1712212461.0,,,1712212466.0,1712212482.0,1712212510.0,118689203.1,1712212481.0,1712212531.0,1712212520.0,1712212524.0,391486.0,1712212531.0,1712212536.0,5.0,,15.0,50.0,5.0,28.0,2411396929.0,4.0,1265871.0,poseidon,condorpool,poseidon-worker-1-container-12-15,generate_train,/srv/generate_train,,0.8,0,0,,,,,,,,,
generate_eval_ID0000042,None,compute,0,1712212461.0,,,1712212466.0,1712212482.0,1712212512.0,103529947.6,1712212481.0,1712212546.0,1712212535.0,1712212540.0,45780533.0,1712212546.0,1712212551.0,5.0,,15.0,65.0,5.0,30.0,2410452250.0,5.0,240602325.0,poseidon,condorpool,poseidon-worker-2-container-36-39,generate_eval,/srv/generate_eval,,11.4,0,0,0.0,238570995.0,238434573.0,4132.0,7318.0,9.1,0.8,23857099.5,23843457.3
generate_train_ID0000031,None,compute,0,1712212461.0,,,1712212466.0,1712212482.0,1712212511.0,109157059.7,1712212481.0,1712212536.0,1712212522.0,1712212525.0,357324.0,1712212536.0,1712212541.0,5.0,,15.0,55.0,5.0,29.0,2411324399.0,3.0,1175014.0,poseidon,condorpool,poseidon-worker-2-container-40-43,generate_train,/srv/generate_train,,0.8,0,0,,,,,,,,,
generate_train_ID0000030,None,compute,0,1712212461.0,,,1712212466.0,1712212482.0,1712212511.0,112136996.9,1712212481.0,1712212531.0,1712212522.0,1712212525.0,292642.0,1712212531.0,1712212536.0,5.0,,15.0,50.0,5.0,29.0,2411167840.0,3.0,973028.0,poseidon,condorpool,poseidon-worker-1-container-28-31,generate_train,/srv/generate_train,,0.8,0,0,,,,,,,,,
generate_eval_ID0000040,None,compute,0,1712212461.0,,,1712212466.0,1712212482.0,1712212513.0,101771197.0,1712212481.0,1712212541.0,1712212531.0,1712212534.0,2543985.0,1712212541.0,1712212546.0,5.0,,15.0,60.0,5.0,31.0,2410452250.0,3.0,8350187.0,poseidon,condorpool,poseidon-worker-1-container-40-43,generate_eval,/srv/generate_eval,,7.8,0,0,,,,,,,,,
generate_eval_ID0000041,None,compute,0,1712212461.0,,,1712212466.0,1712212482.0,1712212507.0,136166958.3,1712212481.0,1712212551.0,1712212535.0,1712212543.0,70819400.0,1712212551.0,1712212556.0,5.0,,15.0,70.0,5.0,25.0,2410452250.0,8.0,561272484.0,poseidon,condorpool,poseidon-worker-1-container-36-39,generate_eval,/srv/generate_eval,,15.8,0,0,0.1,335848484.0,325138694.0,4656.0,9958.0,9.1,0.8,33584848.4,32513869.4
generate_train_ID0000036,None,compute,0,1712212461.0,,,1712212466.0,1712212482.0,1712212506.0,141726208.4,1712212481.0,1712212526.0,1712212517.0,1712212520.0,345995.0,1712212526.0,1712212531.0,5.0,,15.0,45.0,5.0,24.0,2411281478.0,3.0,1118721.0,poseidon,condorpool,poseidon-worker-2-container-0-3,generate_train,/srv/generate_train,,0.9,0,0,,,,,,,,,
generate_train_ID0000034,None,compute,0,1712212461.0,,,1712212466.0,1712212482.0,1712212511.0,113658174.0,1712212481.0,1712212531.0,1712212522.0,1712212525.0,380283.0,1712212531.0,1712212536.0,5.0,,15.0,50.0,5.0,29.0,2411404099.0,3.0,1275159.0,poseidon,condorpool,poseidon-worker-2-container-32-35,generate_train,/srv/generate_train,,0.9,0,0,,,,,,,,,
generate_train_ID0000033,None,compute,0,1712212461.0,,,1712212466.0,1712212482.0,1712212511.0,112676062.0,1712212481.0,1712212531.0,1712212522.0,1712212525.0,386666.0,1712212531.0,1712212536.0,5.0,,15.0,50.0,5.0,29.0,2411402752.0,3.0,1274805.0,poseidon,condorpool,poseidon-worker-2-container-28-31,generate_train,/srv/generate_train,,0.8,0,0,,,,,,,,,
generate_train_ID0000029,None,compute,0,1712212461.0,,,1712212466.0,1712212482.0,1712212513.0,99914190.5,1712212481.0,1712212536.0,1712212524.0,1712212527.0,263978.0,1712212536.0,1712212541.0,5.0,,15.0,55.0,5.0,31.0,2411064511.0,3.0,843408.0,poseidon,condorpool,poseidon-worker-2-container-44-47,generate_train,/srv/generate_train,,0.8,0,0,,,,,,,,,
generate_train_ID0000028,None,compute,0,1712212461.0,,,1712212466.0,1712212482.0,1712212522.0,74899725.4,1712212481.0,1712212541.0,1712212532.0,1712212535.0,237550.0,1712212541.0,1712212546.0,5.0,,15.0,60.0,5.0,40.0,2411001737.0,3.0,762584.0,poseidon,condorpool,poseidon-worker-2-container-16-19,generate_train,/srv/generate_train,,0.9,0,0,,,,,,,,,
stage_out_local_condorpool_4_0,None,transfer,0,1712212461.0,,,1712212466.0,,,0.0,1712212466.0,1712212471.0,,,0.0,1712212471.0,1712212476.0,5.0,,0.0,5.0,5.0,,,,,poseidon,local,poseidon-submit,pegasus::transfer,/mnt/poseidon-data/poseidon/pegasus-5.1.0panorama/bin/pegasus-transfer,/home/poseidon/pegasus-5.1.0panorama/bin/../bin/pegasus-kickstart  -n pegasus::transfer -N null -i - -R local  -L somospie -T 2024-03-27T17:59:14+00:00 /home/poseidon/pegasus-5.1.0panorama/bin/../bin/pegasus-transfer  --threads 2,2.2,0,0,,,,,,,,,
generate_train_ID0000027,None,compute,0,1712212461.0,,,1712212466.0,1712212467.0,1712212492.0,138599233.8,1712212466.0,1712212516.0,1712212503.0,1712212506.0,231061.0,1712212516.0,1712212521.0,5.0,,0.0,50.0,5.0,25.0,2411002607.0,3.0,764017.0,poseidon,condorpool,poseidon-worker-2-container-44-47,generate_train,/srv/generate_train,,0.9,0,0,,,,,,,,,
generate_train_ID0000038,None,compute,0,1712212461.0,,,1712212466.0,1712212467.0,1712212498.0,99250473.1,1712212466.0,1712212521.0,1712212509.0,1712212513.0,257119.0,1712212521.0,1712212526.0,5.0,,0.0,55.0,5.0,31.0,2411059770.0,4.0,837547.0,poseidon,condorpool,poseidon-worker-2-container-16-19,generate_train,/srv/generate_train,,0.9,0,0,,,,,,,,,
generate_train_ID0000037,None,compute,0,1712212461.0,,,1712212466.0,1712212467.0,1712212490.0,151001084.7,1712212466.0,1712212511.0,1712212501.0,1712212504.0,280640.0,1712212511.0,1712212516.0,5.0,,0.0,45.0,5.0,23.0,2411164025.0,3.0,969901.0,poseidon,condorpool,poseidon-worker-2-container-28-31,generate_train,/srv/generate_train,,0.8,0,0,,,,,,,,,
generate_train_ID0000035,None,compute,0,1712212461.0,,,1712212466.0,1712212482.0,1712212514.0,97350403.8,1712212481.0,1712212536.0,1712212525.0,1712212528.0,394376.0,1712212536.0,1712212541.0,5.0,,15.0,55.0,5.0,32.0,2411394544.0,3.0,1261244.0,poseidon,condorpool,poseidon-worker-1-container-44-47,generate_train,/srv/generate_train,,0.8,0,0,,,,,,,,,
register_condorpool_4_0,None,auxiliary,0,1712212476.0,,,1712212481.0,,,0.0,1712212486.0,1712212491.0,,,0.0,1712212491.0,1712212496.0,5.0,,5.0,5.0,5.0,,,,,poseidon,local,poseidon-submit,pegasus::rc-client,/mnt/poseidon-data/poseidon/pegasus-5.1.0panorama/bin/pegasus-rc-client,"-n pegasus::rc-client -N null -R local  -L somospie -T 2024-03-27T17:59:14+00:00 /home/poseidon/pegasus-5.1.0panorama/bin/pegasus-rc-client --prefix pegasus.catalog.replica.output --conf /mnt/poseidon-data/poseidon/workflows/SOMOSPIE/SOMOSPIE_pegasus/CombinedPipeline/submit/poseidon/pegasus/somospie/run0432/pegasus.1567863590798167669.properties -v --meta /mnt/poseidon-data/poseidon/workflows/SOMOSPIE/SOMOSPIE_pegasus/CombinedPipeline/submit/poseidon/pegasus/somospie/run0432/00/00/merge_avg_ID0000012.meta,/mnt/poseidon-data/poseidon/workflows/SOMOSPIE/SOMOSPIE_pegasus/CombinedPipeline/submit/poseidon/pegasus/somospie/run0432/00/00/merge_avg_ID0000014.meta,/mnt/poseidon-data/poseidon/workflows/SOMOSPIE/SOMOSPIE_pegasus/CombinedPipeline/submit/poseidon/pegasus/somospie/run0432/00/00/merge_avg_ID0000013.meta --insert /mnt/poseidon-data/poseidon/workflows/SOMOSPIE/SOMOSPIE_pegasus/CombinedPipeline/submit/poseidon/pegasus/somospie/run0432/00/00/register_condorpool_4_0.in",2.9,0,0,,,,,,,,,
stage_out_local_condorpool_5_0,None,transfer,0,1712212561.0,,,1712212566.0,,,0.0,1712212566.0,1712212576.0,,,0.0,1712212576.0,1712212581.0,5.0,,0.0,10.0,5.0,,,,,poseidon,local,poseidon-submit,pegasus::transfer,/mnt/poseidon-data/poseidon/pegasus-5.1.0panorama/bin/pegasus-transfer,/home/poseidon/pegasus-5.1.0panorama/bin/../bin/pegasus-kickstart  -n pegasus::transfer -N null -i - -R local  -L somospie -T 2024-03-27T17:59:14+00:00 /home/poseidon/pegasus-5.1.0panorama/bin/../bin/pegasus-transfer  --threads 2,3.4,0,0,,,,,,,,,
stage_out_local_condorpool_5_1,None,transfer,0,1712212561.0,,,1712212566.0,,,0.0,1712212566.0,1712212571.0,,,0.0,1712212571.0,1712212576.0,5.0,,0.0,5.0,5.0,,,,,poseidon,local,poseidon-submit,pegasus::transfer,/mnt/poseidon-data/poseidon/pegasus-5.1.0panorama/bin/pegasus-transfer,/home/poseidon/pegasus-5.1.0panorama/bin/../bin/pegasus-kickstart  -n pegasus::transfer -N null -i - -R local  -L somospie -T 2024-03-27T17:59:14+00:00 /home/poseidon/pegasus-5.1.0panorama/bin/../bin/pegasus-transfer  --threads 2,1.6,0,0,,,,,,,,,
register_condorpool_5_1,None,auxiliary,0,1712212576.0,,,1712212581.0,,,0.0,1712212581.0,1712212586.0,,,0.0,1712212586.0,1712212591.0,5.0,,0.0,5.0,5.0,,,,,poseidon,local,poseidon-submit,pegasus::rc-client,/mnt/poseidon-data/poseidon/pegasus-5.1.0panorama/bin/pegasus-rc-client,"-n pegasus::rc-client -N null -R local  -L somospie -T 2024-03-27T17:59:14+00:00 /home/poseidon/pegasus-5.1.0panorama/bin/pegasus-rc-client --prefix pegasus.catalog.replica.output --conf /mnt/poseidon-data/poseidon/workflows/SOMOSPIE/SOMOSPIE_pegasus/CombinedPipeline/submit/poseidon/pegasus/somospie/run0432/pegasus.1567863590798167669.properties -v --meta /mnt/poseidon-data/poseidon/workflows/SOMOSPIE/SOMOSPIE_pegasus/CombinedPipeline/submit/poseidon/pegasus/somospie/run0432/00/00/generate_train_ID0000038.meta,/mnt/poseidon-data/poseidon/workflows/SOMOSPIE/SOMOSPIE_pegasus/CombinedPipeline/submit/poseidon/pegasus/somospie/run0432/00/00/generate_train_ID0000037.meta,/mnt/poseidon-data/poseidon/workflows/SOMOSPIE/SOMOSPIE_pegasus/CombinedPipeline/submit/poseidon/pegasus/somospie/run0432/00/00/generate_train_ID0000028.meta,/mnt/poseidon-data/poseidon/workflows/SOMOSPIE/SOMOSPIE_pegasus/CombinedPipeline/submit/poseidon/pegasus/somospie/run0432/00/01/generate_eval_ID0000041.meta,/mnt/poseidon-data/poseidon/workflows/SOMOSPIE/SOMOSPIE_pegasus/CombinedPipeline/submit/poseidon/pegasus/somospie/run0432/00/01/generate_train_ID0000032.meta,/mnt/poseidon-data/poseidon/workflows/SOMOSPIE/SOMOSPIE_pegasus/CombinedPipeline/submit/poseidon/pegasus/somospie/run0432/00/01/generate_train_ID0000035.meta,/mnt/poseidon-data/poseidon/workflows/SOMOSPIE/SOMOSPIE_pegasus/CombinedPipeline/submit/poseidon/pegasus/somospie/run0432/00/01/generate_eval_ID0000040.meta,/mnt/poseidon-data/poseidon/workflows/SOMOSPIE/SOMOSPIE_pegasus/CombinedPipeline/submit/poseidon/pegasus/somospie/run0432/00/01/generate_train_ID0000031.meta,/mnt/poseidon-data/poseidon/workflows/SOMOSPIE/SOMOSPIE_pegasus/CombinedPipeline/submit/poseidon/pegasus/somospie/run0432/00/01/generate_train_ID0000036.meta,/mnt/poseidon-data/poseidon/workflows/SOMOSPIE/SOMOSPIE_pegasus/CombinedPipeline/submit/poseidon/pegasus/somospie/run0432/00/01/generate_eval_ID0000042.meta,/mnt/poseidon-data/poseidon/workflows/SOMOSPIE/SOMOSPIE_pegasus/CombinedPipeline/submit/poseidon/pegasus/somospie/run0432/00/00/generate_train_ID0000029.meta,/mnt/poseidon-data/poseidon/workflows/SOMOSPIE/SOMOSPIE_pegasus/CombinedPipeline/submit/poseidon/pegasus/somospie/run0432/00/00/generate_train_ID0000033.meta,/mnt/poseidon-data/poseidon/workflows/SOMOSPIE/SOMOSPIE_pegasus/CombinedPipeline/submit/poseidon/pegasus/somospie/run0432/00/00/generate_train_ID0000034.meta,/mnt/poseidon-data/poseidon/workflows/SOMOSPIE/SOMOSPIE_pegasus/CombinedPipeline/submit/poseidon/pegasus/somospie/run0432/00/01/generate_train_ID0000030.meta,/mnt/poseidon-data/poseidon/workflows/SOMOSPIE/SOMOSPIE_pegasus/CombinedPipeline/submit/poseidon/pegasus/somospie/run0432/00/01/generate_eval_ID0000039.meta,/mnt/poseidon-data/poseidon/workflows/SOMOSPIE/SOMOSPIE_pegasus/CombinedPipeline/submit/poseidon/pegasus/somospie/run0432/00/00/generate_train_ID0000027.meta --insert /mnt/poseidon-data/poseidon/workflows/SOMOSPIE/SOMOSPIE_pegasus/CombinedPipeline/submit/poseidon/pegasus/somospie/run0432/00/01/register_condorpool_5_1.in",3.0,0,0,,,,,,,,,
register_condorpool_5_0,None,auxiliary,0,1712212581.0,,,1712212591.0,,,0.0,1712212591.0,1712212596.0,,,0.0,1712212596.0,1712212601.0,10.0,,0.0,5.0,5.0,,,,,poseidon,local,poseidon-submit,pegasus::rc-client,/mnt/poseidon-data/poseidon/pegasus-5.1.0panorama/bin/pegasus-rc-client,"-n pegasus::rc-client -N null -R local  -L somospie -T 2024-03-27T17:59:14+00:00 /home/poseidon/pegasus-5.1.0panorama/bin/pegasus-rc-client --prefix pegasus.catalog.replica.output --conf /mnt/poseidon-data/poseidon/workflows/SOMOSPIE/SOMOSPIE_pegasus/CombinedPipeline/submit/poseidon/pegasus/somospie/run0432/pegasus.1567863590798167669.properties -v --meta /mnt/poseidon-data/poseidon/workflows/SOMOSPIE/SOMOSPIE_pegasus/CombinedPipeline/submit/poseidon/pegasus/somospie/run0432/00/00/generate_train_ID0000038.meta,/mnt/poseidon-data/poseidon/workflows/SOMOSPIE/SOMOSPIE_pegasus/CombinedPipeline/submit/poseidon/pegasus/somospie/run0432/00/00/generate_train_ID0000037.meta,/mnt/poseidon-data/poseidon/workflows/SOMOSPIE/SOMOSPIE_pegasus/CombinedPipeline/submit/poseidon/pegasus/somospie/run0432/00/00/generate_train_ID0000028.meta,/mnt/poseidon-data/poseidon/workflows/SOMOSPIE/SOMOSPIE_pegasus/CombinedPipeline/submit/poseidon/pegasus/somospie/run0432/00/01/generate_eval_ID0000041.meta,/mnt/poseidon-data/poseidon/workflows/SOMOSPIE/SOMOSPIE_pegasus/CombinedPipeline/submit/poseidon/pegasus/somospie/run0432/00/01/generate_train_ID0000032.meta,/mnt/poseidon-data/poseidon/workflows/SOMOSPIE/SOMOSPIE_pegasus/CombinedPipeline/submit/poseidon/pegasus/somospie/run0432/00/01/generate_train_ID0000035.meta,/mnt/poseidon-data/poseidon/workflows/SOMOSPIE/SOMOSPIE_pegasus/CombinedPipeline/submit/poseidon/pegasus/somospie/run0432/00/01/generate_eval_ID0000040.meta,/mnt/poseidon-data/poseidon/workflows/SOMOSPIE/SOMOSPIE_pegasus/CombinedPipeline/submit/poseidon/pegasus/somospie/run0432/00/01/generate_train_ID0000031.meta,/mnt/poseidon-data/poseidon/workflows/SOMOSPIE/SOMOSPIE_pegasus/CombinedPipeline/submit/poseidon/pegasus/somospie/run0432/00/01/generate_train_ID0000036.meta,/mnt/poseidon-data/poseidon/workflows/SOMOSPIE/SOMOSPIE_pegasus/CombinedPipeline/submit/poseidon/pegasus/somospie/run0432/00/01/generate_eval_ID0000042.meta,/mnt/poseidon-data/poseidon/workflows/SOMOSPIE/SOMOSPIE_pegasus/CombinedPipeline/submit/poseidon/pegasus/somospie/run0432/00/00/generate_train_ID0000029.meta,/mnt/poseidon-data/poseidon/workflows/SOMOSPIE/SOMOSPIE_pegasus/CombinedPipeline/submit/poseidon/pegasus/somospie/run0432/00/00/generate_train_ID0000033.meta,/mnt/poseidon-data/poseidon/workflows/SOMOSPIE/SOMOSPIE_pegasus/CombinedPipeline/submit/poseidon/pegasus/somospie/run0432/00/00/generate_train_ID0000034.meta,/mnt/poseidon-data/poseidon/workflows/SOMOSPIE/SOMOSPIE_pegasus/CombinedPipeline/submit/poseidon/pegasus/somospie/run0432/00/01/generate_train_ID0000030.meta,/mnt/poseidon-data/poseidon/workflows/SOMOSPIE/SOMOSPIE_pegasus/CombinedPipeline/submit/poseidon/pegasus/somospie/run0432/00/01/generate_eval_ID0000039.meta,/mnt/poseidon-data/poseidon/workflows/SOMOSPIE/SOMOSPIE_pegasus/CombinedPipeline/submit/poseidon/pegasus/somospie/run0432/00/00/generate_train_ID0000027.meta --insert /mnt/poseidon-data/poseidon/workflows/SOMOSPIE/SOMOSPIE_pegasus/CombinedPipeline/submit/poseidon/pegasus/somospie/run0432/00/01/register_condorpool_5_0.in",3.0,0,0,,,,,,,,,
cleanup_somospie_0_condorpool,None,auxiliary,0,1712212581.0,,,1712212586.0,,,0.0,1712212586.0,1712212591.0,,,0.0,1712212591.0,1712212596.0,5.0,,0.0,5.0,5.0,,,,,poseidon,local,poseidon-submit,pegasus::cleanup,/mnt/poseidon-data/poseidon/pegasus-5.1.0panorama/bin/pegasus-transfer,pegasus-kickstart  -n pegasus::cleanup -N null -i - -R local  -L somospie -T 2024-03-27T17:59:14+00:00 pegasus-transfer,0.2,0,0,,,,,,,,,
