,anomaly_type,type,is_clustered,ready,pre_script_start,pre_script_end,submit,stage_in_start,stage_in_end,stage_in_effective_bytes_per_sec,execute_start,execute_end,stage_out_start,stage_out_end,stage_out_effective_bytes_per_sec,post_script_start,post_script_end,wms_delay,pre_script_delay,queue_delay,runtime,post_script_delay,stage_in_delay,stage_in_bytes,stage_out_delay,stage_out_bytes,kickstart_user,kickstart_site,kickstart_hostname,kickstart_transformations,kickstart_executables,kickstart_executables_argv,kickstart_executables_cpu_time,kickstart_status,kickstart_executables_exitcode,kickstart_online_iowait,kickstart_online_bytes_read,kickstart_online_bytes_written,kickstart_online_read_system_calls,kickstart_online_write_system_calls,kickstart_online_utime,kickstart_online_stime,kickstart_online_bytes_read_per_second,kickstart_online_bytes_written_per_second
create_dir_somospie_0_condorpool,None,auxiliary,0,1711691361.0,,,1711691362.0,,,0.0,1711691367.0,1711691372.0,,,0.0,1711691372.0,1711691377.0,1.0,,5.0,5.0,5.0,,,,,poseidon,local,poseidon-submit,pegasus::dirmanager,/mnt/poseidon-data/poseidon/pegasus-5.1.0panorama/bin/pegasus-transfer,pegasus-kickstart  -n pegasus::dirmanager -N null -i - -R local  -L somospie -T 2024-03-27T17:59:14+00:00 pegasus-transfer,0.3,0,0,,,,,,,,,
get_sm_ID0000020,None,compute,0,1711691377.0,,,1711691382.0,1711691402.0,1711691430.0,22744212.3,1711691401.0,1711691447.0,1711691437.0,1711691440.0,294707.0,1711691447.0,1711691452.0,5.0,,19.0,46.0,5.0,28.0,470635724.0,3.0,945682.0,poseidon,condorpool,poseidon-worker-1-container-36-39,get_sm,/srv/get_sm,,1.9,0,0,,,,,,,,,
get_sm_ID0000021,None,compute,0,1711691377.0,,,1711691382.0,1711691402.0,1711691423.0,34032065.9,1711691401.0,1711691442.0,1711691430.0,1711691434.0,291716.0,1711691442.0,1711691447.0,5.0,,19.0,41.0,5.0,21.0,475840244.0,4.0,951505.0,poseidon,condorpool,poseidon-worker-2-container-0-3,get_sm,/srv/get_sm,,2.0,0,0,,,,,,,,,
get_sm_ID0000022,None,compute,0,1711691377.0,,,1711691382.0,1711691402.0,1711691422.0,38331044.0,1711691401.0,1711691442.0,1711691429.0,1711691433.0,292981.0,1711691442.0,1711691447.0,5.0,,19.0,41.0,5.0,20.0,475800760.0,4.0,952852.0,poseidon,condorpool,poseidon-worker-2-container-44-47,get_sm,/srv/get_sm,,2.1,0,0,,,,,,,,,
get_sm_ID0000023,None,compute,0,1711691377.0,,,1711691382.0,1711691402.0,1711691422.0,35043731.4,1711691401.0,1711691442.0,1711691430.0,1711691433.0,292250.0,1711691442.0,1711691447.0,5.0,,19.0,41.0,5.0,20.0,467398273.0,3.0,943297.0,poseidon,condorpool,poseidon-worker-2-container-40-43,get_sm,/srv/get_sm,,2.1,0,0,,,,,,,,,
get_sm_ID0000024,None,compute,0,1711691377.0,,,1711691382.0,1711691402.0,1711691422.0,33666656.7,1711691401.0,1711691442.0,1711691429.0,1711691432.0,258023.0,1711691442.0,1711691447.0,5.0,,19.0,41.0,5.0,20.0,457521962.0,3.0,830231.0,poseidon,condorpool,poseidon-worker-1-container-0-3,get_sm,/srv/get_sm,,2.0,0,0,,,,,,,,,
get_sm_ID0000025,None,compute,0,1711691377.0,,,1711691382.0,1711691402.0,1711691421.0,40035864.3,1711691401.0,1711691437.0,1711691428.0,1711691431.0,223983.0,1711691437.0,1711691442.0,5.0,,19.0,36.0,5.0,19.0,447555942.0,3.0,712778.0,poseidon,condorpool,poseidon-worker-1-container-44-47,get_sm,/srv/get_sm,,1.8,0,0,,,,,,,,,
get_sm_ID0000015,None,compute,0,1711691377.0,,,1711691382.0,1711691402.0,1711691422.0,31737862.4,1711691401.0,1711691442.0,1711691429.0,1711691432.0,172106.0,1711691442.0,1711691447.0,5.0,,19.0,41.0,5.0,20.0,440090843.0,3.0,551360.0,poseidon,condorpool,poseidon-worker-1-container-32-35,get_sm,/srv/get_sm,,1.9,0,0,,,,,,,,,
get_sm_ID0000026,None,compute,0,1711691377.0,,,1711691382.0,1711691402.0,1711691423.0,31489255.0,1711691401.0,1711691442.0,1711691430.0,1711691434.0,187798.0,1711691442.0,1711691447.0,5.0,,19.0,41.0,5.0,21.0,442257808.0,4.0,608523.0,poseidon,condorpool,poseidon-worker-1-container-40-43,get_sm,/srv/get_sm,,1.8,0,0,,,,,,,,,
get_sm_ID0000016,None,compute,0,1711691377.0,,,1711691382.0,1711691402.0,1711691421.0,32434780.6,1711691401.0,1711691437.0,1711691428.0,1711691431.0,172683.0,1711691437.0,1711691442.0,5.0,,19.0,36.0,5.0,19.0,436178789.0,3.0,550490.0,poseidon,condorpool,poseidon-worker-2-container-36-39,get_sm,/srv/get_sm,,1.9,0,0,,,,,,,,,
get_sm_ID0000017,None,compute,0,1711691377.0,,,1711691382.0,1711691402.0,1711691424.0,30678559.6,1711691401.0,1711691442.0,1711691431.0,1711691434.0,189100.0,1711691442.0,1711691447.0,5.0,,19.0,41.0,5.0,22.0,444771924.0,3.0,613264.0,poseidon,condorpool,poseidon-worker-1-container-24-27,get_sm,/srv/get_sm,,2.0,0,0,,,,,,,,,
get_sm_ID0000018,None,compute,0,1711691377.0,,,1711691382.0,1711691402.0,1711691423.0,30309482.2,1711691401.0,1711691442.0,1711691430.0,1711691434.0,220796.0,1711691442.0,1711691447.0,5.0,,19.0,41.0,5.0,21.0,449409643.0,4.0,716593.0,poseidon,condorpool,poseidon-worker-1-container-28-31,get_sm,/srv/get_sm,,1.9,0,0,,,,,,,,,
get_sm_ID0000019,None,compute,0,1711691377.0,,,1711691382.0,1711691402.0,1711691419.0,46908705.8,1711691401.0,1711691437.0,1711691426.0,1711691430.0,267665.0,1711691437.0,1711691442.0,5.0,,19.0,36.0,5.0,17.0,459739344.0,4.0,873152.0,poseidon,condorpool,poseidon-worker-2-container-32-35,get_sm,/srv/get_sm,,1.9,0,0,,,,,,,,,
merge_ID0000001,None,compute,0,1711691377.0,,,1711691382.0,1711691402.0,1711691422.0,140277589.8,1711691401.0,1711691477.0,1711691455.0,1711691469.0,91364243.0,1711691477.0,1711691482.0,5.0,,19.0,76.0,5.0,20.0,1726068480.0,14.0,1298102725.0,poseidon,condorpool,poseidon-worker-2-container-28-31,merge,/srv/merge,,41.1,0,0,0.0,979496150.0,1294138689.0,10729.0,39527.0,33.8,2.3,48974807.5,64706934.4
stage_out_local_condorpool_0_1,None,transfer,0,1711691452.0,,,1711691457.0,,,0.0,1711691457.0,1711691462.0,,,0.0,1711691462.0,1711691467.0,5.0,,0.0,5.0,5.0,,,,,poseidon,local,poseidon-submit,pegasus::transfer,/mnt/poseidon-data/poseidon/pegasus-5.1.0panorama/bin/pegasus-transfer,/home/poseidon/pegasus-5.1.0panorama/bin/../bin/pegasus-kickstart  -n pegasus::transfer -N null -i - -R local  -L somospie -T 2024-03-27T17:59:14+00:00 /home/poseidon/pegasus-5.1.0panorama/bin/../bin/pegasus-transfer  --threads 2,0.7,0,0,,,,,,,,,
register_condorpool_0_1,None,auxiliary,0,1711691467.0,,,1711691472.0,,,0.0,1711691472.0,1711691477.0,,,0.0,1711691477.0,1711691482.0,5.0,,0.0,5.0,5.0,,,,,poseidon,local,poseidon-submit,pegasus::rc-client,/mnt/poseidon-data/poseidon/pegasus-5.1.0panorama/bin/pegasus-rc-client,"-n pegasus::rc-client -N null -R local  -L somospie -T 2024-03-27T17:59:14+00:00 /home/poseidon/pegasus-5.1.0panorama/bin/pegasus-rc-client --prefix pegasus.catalog.replica.output --conf /mnt/poseidon-data/poseidon/workflows/SOMOSPIE/SOMOSPIE_pegasus/CombinedPipeline/submit/poseidon/pegasus/somospie/run0055/pegasus.7202887513257360022.properties -v --meta /mnt/poseidon-data/poseidon/workflows/SOMOSPIE/SOMOSPIE_pegasus/CombinedPipeline/submit/poseidon/pegasus/somospie/run0055/00/00/get_sm_ID0000022.meta,/mnt/poseidon-data/poseidon/workflows/SOMOSPIE/SOMOSPIE_pegasus/CombinedPipeline/submit/poseidon/pegasus/somospie/run0055/00/00/get_sm_ID0000016.meta,/mnt/poseidon-data/poseidon/workflows/SOMOSPIE/SOMOSPIE_pegasus/CombinedPipeline/submit/poseidon/pegasus/somospie/run0055/00/00/get_sm_ID0000026.meta,/mnt/poseidon-data/poseidon/workflows/SOMOSPIE/SOMOSPIE_pegasus/CombinedPipeline/submit/poseidon/pegasus/somospie/run0055/00/00/get_sm_ID0000019.meta,/mnt/poseidon-data/poseidon/workflows/SOMOSPIE/SOMOSPIE_pegasus/CombinedPipeline/submit/poseidon/pegasus/somospie/run0055/00/00/get_sm_ID0000020.meta,/mnt/poseidon-data/poseidon/workflows/SOMOSPIE/SOMOSPIE_pegasus/CombinedPipeline/submit/poseidon/pegasus/somospie/run0055/00/00/get_sm_ID0000024.meta --insert /mnt/poseidon-data/poseidon/workflows/SOMOSPIE/SOMOSPIE_pegasus/CombinedPipeline/submit/poseidon/pegasus/somospie/run0055/00/00/register_condorpool_0_1.in",3.0,0,0,,,,,,,,,
stage_out_local_condorpool_0_0,None,transfer,0,1711691482.0,,,1711691487.0,,,0.0,1711691487.0,1711691497.0,,,0.0,1711691497.0,1711691502.0,5.0,,0.0,10.0,5.0,,,,,poseidon,local,poseidon-submit,pegasus::transfer,/mnt/poseidon-data/poseidon/pegasus-5.1.0panorama/bin/pegasus-transfer,/home/poseidon/pegasus-5.1.0panorama/bin/../bin/pegasus-kickstart  -n pegasus::transfer -N null -i - -R local  -L somospie -T 2024-03-27T17:59:14+00:00 /home/poseidon/pegasus-5.1.0panorama/bin/../bin/pegasus-transfer  --threads 2,4.9,0,0,,,,,,,,,
reproject_ID0000011,None,compute,0,1711691482.0,,,1711691487.0,1711691488.0,1711691507.0,140546200.6,1711691487.0,1711691568.0,1711691544.0,1711691558.0,91473931.0,1711691568.0,1711691573.0,5.0,,0.0,81.0,5.0,19.0,1696973136.0,14.0,1298118839.0,poseidon,condorpool,poseidon-worker-2-container-28-31,reproject,/srv/reproject,,54.4,0,0,0.0,1309016201.0,1295187269.0,16489.0,39562.0,44.6,3.6,65450810.0,64759363.4
reproject_ID0000002,None,compute,0,1711691482.0,,,1711691487.0,1711691498.0,1711691517.0,139693769.2,1711691498.0,1711691573.0,1711691552.0,1711691566.0,80527658.0,1711691573.0,1711691578.0,5.0,,11.0,75.0,5.0,19.0,1696973986.0,14.0,1125581407.0,poseidon,condorpool,poseidon-worker-1-container-36-39,reproject,/srv/reproject,,51.9,0,0,0.0,1442762494.0,936555199.0,47706.0,28612.0,42.0,4.3,72138124.7,46827760.0
register_condorpool_0_0,None,auxiliary,0,1711691502.0,,,1711691507.0,,,0.0,1711691507.0,1711691512.0,,,0.0,1711691512.0,1711691517.0,5.0,,0.0,5.0,5.0,,,,,poseidon,local,poseidon-submit,pegasus::rc-client,/mnt/poseidon-data/poseidon/pegasus-5.1.0panorama/bin/pegasus-rc-client,"-n pegasus::rc-client -N null -R local  -L somospie -T 2024-03-27T17:59:14+00:00 /home/poseidon/pegasus-5.1.0panorama/bin/pegasus-rc-client --prefix pegasus.catalog.replica.output --conf /mnt/poseidon-data/poseidon/workflows/SOMOSPIE/SOMOSPIE_pegasus/CombinedPipeline/submit/poseidon/pegasus/somospie/run0055/pegasus.7202887513257360022.properties -v --meta /mnt/poseidon-data/poseidon/workflows/SOMOSPIE/SOMOSPIE_pegasus/CombinedPipeline/submit/poseidon/pegasus/somospie/run0055/00/00/get_sm_ID0000017.meta,/mnt/poseidon-data/poseidon/workflows/SOMOSPIE/SOMOSPIE_pegasus/CombinedPipeline/submit/poseidon/pegasus/somospie/run0055/00/00/get_sm_ID0000025.meta,/mnt/poseidon-data/poseidon/workflows/SOMOSPIE/SOMOSPIE_pegasus/CombinedPipeline/submit/poseidon/pegasus/somospie/run0055/00/00/get_sm_ID0000015.meta,/mnt/poseidon-data/poseidon/workflows/SOMOSPIE/SOMOSPIE_pegasus/CombinedPipeline/submit/poseidon/pegasus/somospie/run0055/00/00/merge_ID0000001.meta,/mnt/poseidon-data/poseidon/workflows/SOMOSPIE/SOMOSPIE_pegasus/CombinedPipeline/submit/poseidon/pegasus/somospie/run0055/00/00/get_sm_ID0000021.meta,/mnt/poseidon-data/poseidon/workflows/SOMOSPIE/SOMOSPIE_pegasus/CombinedPipeline/submit/poseidon/pegasus/somospie/run0055/00/00/get_sm_ID0000023.meta,/mnt/poseidon-data/poseidon/workflows/SOMOSPIE/SOMOSPIE_pegasus/CombinedPipeline/submit/poseidon/pegasus/somospie/run0055/00/00/get_sm_ID0000018.meta --insert /mnt/poseidon-data/poseidon/workflows/SOMOSPIE/SOMOSPIE_pegasus/CombinedPipeline/submit/poseidon/pegasus/somospie/run0055/00/00/register_condorpool_0_0.in",3.0,0,0,,,,,,,,,
stage_out_local_condorpool_1_0,None,transfer,0,1711691578.0,,,1711691583.0,,,0.0,1711691583.0,1711691593.0,,,0.0,1711691593.0,1711691598.0,5.0,,0.0,10.0,5.0,,,,,poseidon,local,poseidon-submit,pegasus::transfer,/mnt/poseidon-data/poseidon/pegasus-5.1.0panorama/bin/pegasus-transfer,/home/poseidon/pegasus-5.1.0panorama/bin/../bin/pegasus-kickstart  -n pegasus::transfer -N null -i - -R local  -L somospie -T 2024-03-27T17:59:14+00:00 /home/poseidon/pegasus-5.1.0panorama/bin/../bin/pegasus-transfer  --threads 2,7.2,0,0,,,,,,,,,
crop_ID0000009,None,compute,0,1711691578.0,,,1711691583.0,1711691584.0,1711691602.0,133870067.6,1711691583.0,1711691623.0,1711691613.0,1711691618.0,23877771.0,1711691623.0,1711691628.0,5.0,,0.0,40.0,5.0,18.0,1524452582.0,5.0,99654844.0,poseidon,condorpool,poseidon-worker-1-container-36-39,crop,/srv/crop,,2.8,0,0,,,,,,,,,
crop_ID0000007,None,compute,0,1711691578.0,,,1711691583.0,1711691584.0,1711691602.0,132889335.8,1711691583.0,1711691628.0,1711691615.0,1711691620.0,40262578.0,1711691628.0,1711691633.0,5.0,,0.0,45.0,5.0,18.0,1524452582.0,5.0,194227221.0,poseidon,condorpool,poseidon-worker-2-container-28-31,crop,/srv/crop,,3.9,0,0,,,,,,,,,
crop_ID0000005,None,compute,0,1711691578.0,,,1711691583.0,1711691598.0,1711691616.0,138813481.6,1711691597.0,1711691638.0,1711691626.0,1711691629.0,1320038.0,1711691638.0,1711691643.0,5.0,,14.0,41.0,5.0,18.0,1524452582.0,3.0,4263385.0,poseidon,condorpool,poseidon-worker-1-container-36-39,crop,/srv/crop,,1.9,0,0,,,,,,,,,
crop_ID0000003,None,compute,0,1711691578.0,,,1711691583.0,1711691598.0,1711691616.0,142756917.0,1711691597.0,1711691638.0,1711691626.0,1711691629.0,792127.0,1711691638.0,1711691643.0,5.0,,14.0,41.0,5.0,18.0,1524452582.0,3.0,2530349.0,poseidon,condorpool,poseidon-worker-2-container-28-31,crop,/srv/crop,,1.9,0,0,,,,,,,,,
register_condorpool_1_0,None,auxiliary,0,1711691598.0,,,1711691603.0,,,0.0,1711691603.0,1711691608.0,,,0.0,1711691608.0,1711691613.0,5.0,,0.0,5.0,5.0,,,,,poseidon,local,poseidon-submit,pegasus::rc-client,/mnt/poseidon-data/poseidon/pegasus-5.1.0panorama/bin/pegasus-rc-client,"-n pegasus::rc-client -N null -R local  -L somospie -T 2024-03-27T17:59:14+00:00 /home/poseidon/pegasus-5.1.0panorama/bin/pegasus-rc-client --prefix pegasus.catalog.replica.output --conf /mnt/poseidon-data/poseidon/workflows/SOMOSPIE/SOMOSPIE_pegasus/CombinedPipeline/submit/poseidon/pegasus/somospie/run0055/pegasus.7202887513257360022.properties -v --meta /mnt/poseidon-data/poseidon/workflows/SOMOSPIE/SOMOSPIE_pegasus/CombinedPipeline/submit/poseidon/pegasus/somospie/run0055/00/00/reproject_ID0000002.meta,/mnt/poseidon-data/poseidon/workflows/SOMOSPIE/SOMOSPIE_pegasus/CombinedPipeline/submit/poseidon/pegasus/somospie/run0055/00/00/reproject_ID0000011.meta --insert /mnt/poseidon-data/poseidon/workflows/SOMOSPIE/SOMOSPIE_pegasus/CombinedPipeline/submit/poseidon/pegasus/somospie/run0055/00/00/register_condorpool_1_0.in",3.0,0,0,,,,,,,,,
compute_ID0000010,None,compute,0,1711691628.0,,,1711691633.0,1711691634.0,1711691648.0,69545030.3,1711691633.0,1711691678.0,1711691666.0,1711691671.0,46238847.0,1711691678.0,1711691683.0,5.0,,0.0,45.0,5.0,14.0,498525556.0,5.0,250017804.0,poseidon,condorpool,poseidon-worker-1-container-36-39,compute,/srv/compute,,11.8,0,0,0.0,304089371.0,241768165.0,4547.0,7404.0,9.2,0.8,30408937.1,24176816.5
compute_ID0000008,None,compute,0,1711691633.0,,,1711691638.0,1711691639.0,1711691654.0,73323600.6,1711691638.0,1711691693.0,1711691678.0,1711691685.0,67675774.0,1711691693.0,1711691698.0,5.0,,0.0,55.0,5.0,15.0,593097933.0,7.0,506706062.0,poseidon,condorpool,poseidon-worker-2-container-28-31,compute,/srv/compute,,17.8,0,0,0.0,319077920.0,346074210.0,4064.0,10578.0,9.1,0.9,31907792.0,34607421.0
stage_out_local_condorpool_2_0,None,transfer,0,1711691643.0,,,1711691648.0,,,0.0,1711691648.0,1711691653.0,,,0.0,1711691653.0,1711691658.0,5.0,,0.0,5.0,5.0,,,,,poseidon,local,poseidon-submit,pegasus::transfer,/mnt/poseidon-data/poseidon/pegasus-5.1.0panorama/bin/pegasus-transfer,/home/poseidon/pegasus-5.1.0panorama/bin/../bin/pegasus-kickstart  -n pegasus::transfer -N null -i - -R local  -L somospie -T 2024-03-27T17:59:14+00:00 /home/poseidon/pegasus-5.1.0panorama/bin/../bin/pegasus-transfer  --threads 2,1.4,0,0,,,,,,,,,
compute_ID0000004,None,compute,0,1711691643.0,,,1711691648.0,1711691658.0,1711691672.0,62120612.0,1711691658.0,1711691693.0,1711691682.0,1711691685.0,1598633.0,1711691693.0,1711691698.0,5.0,,10.0,35.0,5.0,14.0,401401061.0,3.0,5326886.0,poseidon,condorpool,poseidon-worker-2-container-0-3,compute,/srv/compute,,5.1,0,0,,,,,,,,,
compute_ID0000006,None,compute,0,1711691643.0,,,1711691648.0,1711691658.0,1711691672.0,62414293.3,1711691658.0,1711691693.0,1711691682.0,1711691685.0,2860138.0,1711691693.0,1711691698.0,5.0,,10.0,35.0,5.0,14.0,403134097.0,3.0,9696865.0,poseidon,condorpool,poseidon-worker-2-container-44-47,compute,/srv/compute,,5.5,0,0,,,,,,,,,
register_condorpool_2_0,None,auxiliary,0,1711691658.0,,,1711691663.0,,,0.0,1711691663.0,1711691668.0,,,0.0,1711691668.0,1711691673.0,5.0,,0.0,5.0,5.0,,,,,poseidon,local,poseidon-submit,pegasus::rc-client,/mnt/poseidon-data/poseidon/pegasus-5.1.0panorama/bin/pegasus-rc-client,"-n pegasus::rc-client -N null -R local  -L somospie -T 2024-03-27T17:59:14+00:00 /home/poseidon/pegasus-5.1.0panorama/bin/pegasus-rc-client --prefix pegasus.catalog.replica.output --conf /mnt/poseidon-data/poseidon/workflows/SOMOSPIE/SOMOSPIE_pegasus/CombinedPipeline/submit/poseidon/pegasus/somospie/run0055/pegasus.7202887513257360022.properties -v --meta /mnt/poseidon-data/poseidon/workflows/SOMOSPIE/SOMOSPIE_pegasus/CombinedPipeline/submit/poseidon/pegasus/somospie/run0055/00/00/crop_ID0000003.meta,/mnt/poseidon-data/poseidon/workflows/SOMOSPIE/SOMOSPIE_pegasus/CombinedPipeline/submit/poseidon/pegasus/somospie/run0055/00/00/crop_ID0000009.meta,/mnt/poseidon-data/poseidon/workflows/SOMOSPIE/SOMOSPIE_pegasus/CombinedPipeline/submit/poseidon/pegasus/somospie/run0055/00/00/crop_ID0000005.meta,/mnt/poseidon-data/poseidon/workflows/SOMOSPIE/SOMOSPIE_pegasus/CombinedPipeline/submit/poseidon/pegasus/somospie/run0055/00/00/crop_ID0000007.meta --insert /mnt/poseidon-data/poseidon/workflows/SOMOSPIE/SOMOSPIE_pegasus/CombinedPipeline/submit/poseidon/pegasus/somospie/run0055/00/00/register_condorpool_2_0.in",3.0,0,0,,,,,,,,,
stage_out_local_condorpool_3_0,None,transfer,0,1711691698.0,,,1711691703.0,,,0.0,1711691703.0,1711691713.0,,,0.0,1711691713.0,1711691718.0,5.0,,0.0,10.0,5.0,,,,,poseidon,local,poseidon-submit,pegasus::transfer,/mnt/poseidon-data/poseidon/pegasus-5.1.0panorama/bin/pegasus-transfer,/home/poseidon/pegasus-5.1.0panorama/bin/../bin/pegasus-kickstart  -n pegasus::transfer -N null -i - -R local  -L somospie -T 2024-03-27T17:59:14+00:00 /home/poseidon/pegasus-5.1.0panorama/bin/../bin/pegasus-transfer  --threads 2,3.5,0,0,,,,,,,,,
merge_avg_ID0000014,None,compute,0,1711691698.0,,,1711691703.0,1711691704.0,1711691719.0,89265652.0,1711691703.0,1711691773.0,1711691761.0,1711691767.0,51475163.0,1711691773.0,1711691778.0,5.0,,0.0,70.0,5.0,15.0,737559838.0,6.0,309527239.0,poseidon,condorpool,poseidon-worker-2-container-0-3,merge_avg,/srv/merge_avg,,45.5,0,0,0.0,1095830796.0,671157694.0,48619.0,20593.0,23.5,6.5,36527693.2,22371923.1
merge_avg_ID0000012,None,compute,0,1711691698.0,,,1711691703.0,1711691704.0,1711691721.0,77051410.5,1711691703.0,1711691773.0,1711691759.0,1711691765.0,53101639.0,1711691773.0,1711691778.0,5.0,,0.0,70.0,5.0,17.0,731979063.0,6.0,304811410.0,poseidon,condorpool,poseidon-worker-1-container-36-39,merge_avg,/srv/merge_avg,,44.6,0,0,0.0,1150953851.0,758202205.0,48002.0,23265.0,29.3,8.1,38365128.4,25273406.8
merge_avg_ID0000013,None,compute,0,1711691698.0,,,1711691703.0,1711691704.0,1711691719.0,60884838.9,1711691703.0,1711691768.0,1711691756.0,1711691760.0,23740174.0,1711691768.0,1711691773.0,5.0,,0.0,65.0,5.0,15.0,498824437.0,4.0,98388765.0,poseidon,condorpool,poseidon-worker-2-container-28-31,merge_avg,/srv/merge_avg,,40.1,0,0,0.0,452298465.0,283346704.0,47383.0,8775.0,28.8,7.1,15076615.5,9444890.1
register_condorpool_3_0,None,auxiliary,0,1711691718.0,,,1711691723.0,,,0.0,1711691723.0,1711691728.0,,,0.0,1711691728.0,1711691733.0,5.0,,0.0,5.0,5.0,,,,,poseidon,local,poseidon-submit,pegasus::rc-client,/mnt/poseidon-data/poseidon/pegasus-5.1.0panorama/bin/pegasus-rc-client,"-n pegasus::rc-client -N null -R local  -L somospie -T 2024-03-27T17:59:14+00:00 /home/poseidon/pegasus-5.1.0panorama/bin/pegasus-rc-client --prefix pegasus.catalog.replica.output --conf /mnt/poseidon-data/poseidon/workflows/SOMOSPIE/SOMOSPIE_pegasus/CombinedPipeline/submit/poseidon/pegasus/somospie/run0055/pegasus.7202887513257360022.properties -v --meta /mnt/poseidon-data/poseidon/workflows/SOMOSPIE/SOMOSPIE_pegasus/CombinedPipeline/submit/poseidon/pegasus/somospie/run0055/00/00/compute_ID0000008.meta,/mnt/poseidon-data/poseidon/workflows/SOMOSPIE/SOMOSPIE_pegasus/CombinedPipeline/submit/poseidon/pegasus/somospie/run0055/00/00/compute_ID0000006.meta,/mnt/poseidon-data/poseidon/workflows/SOMOSPIE/SOMOSPIE_pegasus/CombinedPipeline/submit/poseidon/pegasus/somospie/run0055/00/00/compute_ID0000010.meta,/mnt/poseidon-data/poseidon/workflows/SOMOSPIE/SOMOSPIE_pegasus/CombinedPipeline/submit/poseidon/pegasus/somospie/run0055/00/00/compute_ID0000004.meta --insert /mnt/poseidon-data/poseidon/workflows/SOMOSPIE/SOMOSPIE_pegasus/CombinedPipeline/submit/poseidon/pegasus/somospie/run0055/00/00/register_condorpool_3_0.in",3.2,0,0,,,,,,,,,
generate_eval_ID0000039,None,compute,0,1711691778.0,,,1711691783.0,1711691784.0,1711691809.0,142262347.2,1711691784.0,1711691838.0,1711691827.0,1711691831.0,2395744.0,1711691838.0,1711691843.0,5.0,,1.0,54.0,5.0,25.0,2410452250.0,4.0,9068473.0,poseidon,condorpool,poseidon-worker-2-container-32-35,generate_eval,/srv/generate_eval,,8.2,0,0,,,,,,,,,
generate_train_ID0000032,None,compute,0,1711691778.0,,,1711691783.0,1711691784.0,1711691809.0,136289428.8,1711691784.0,1711691833.0,1711691820.0,1711691823.0,373084.0,1711691833.0,1711691838.0,5.0,,1.0,49.0,5.0,25.0,2411396929.0,3.0,1265871.0,poseidon,condorpool,poseidon-worker-1-container-28-31,generate_train,/srv/generate_train,,0.8,0,0,,,,,,,,,
generate_eval_ID0000042,None,compute,0,1711691778.0,,,1711691783.0,1711691785.0,1711691832.0,60191000.7,1711691784.0,1711691868.0,1711691854.0,1711691859.0,45935713.0,1711691868.0,1711691873.0,5.0,,1.0,84.0,5.0,47.0,2410452250.0,5.0,240602325.0,poseidon,condorpool,poseidon-worker-1-container-24-27,generate_eval,/srv/generate_eval,,11.7,0,0,0.0,238460899.0,238172429.0,4103.0,7310.0,9.1,0.9,23846089.9,23817242.9
generate_train_ID0000031,None,compute,0,1711691778.0,,,1711691783.0,1711691784.0,1711691810.0,131275010.9,1711691783.0,1711691833.0,1711691821.0,1711691824.0,362393.0,1711691833.0,1711691838.0,5.0,,0.0,50.0,5.0,26.0,2411324399.0,3.0,1175014.0,poseidon,condorpool,poseidon-worker-2-container-36-39,generate_train,/srv/generate_train,,0.8,0,0,,,,,,,,,
generate_train_ID0000030,None,compute,0,1711691778.0,,,1711691783.0,1711691784.0,1711691812.0,114210374.6,1711691784.0,1711691833.0,1711691823.0,1711691827.0,296390.0,1711691833.0,1711691838.0,5.0,,1.0,49.0,5.0,28.0,2411167840.0,4.0,973028.0,poseidon,condorpool,poseidon-worker-1-container-40-43,generate_train,/srv/generate_train,,0.9,0,0,,,,,,,,,
generate_eval_ID0000040,None,compute,0,1711691778.0,,,1711691783.0,1711691784.0,1711691815.0,102267901.8,1711691784.0,1711691843.0,1711691832.0,1711691836.0,2543584.0,1711691843.0,1711691848.0,5.0,,1.0,59.0,5.0,31.0,2410452250.0,4.0,8350187.0,poseidon,condorpool,poseidon-worker-1-container-32-35,generate_eval,/srv/generate_eval,,7.6,0,0,,,,,,,,,
generate_eval_ID0000041,None,compute,0,1711691778.0,,,1711691783.0,1711691784.0,1711691808.0,147497871.8,1711691783.0,1711691853.0,1711691837.0,1711691845.0,70903640.0,1711691853.0,1711691858.0,5.0,,0.0,70.0,5.0,24.0,2410452250.0,8.0,561272484.0,poseidon,condorpool,poseidon-worker-1-container-44-47,generate_eval,/srv/generate_eval,,16.4,0,0,0.0,315750519.0,316160260.0,4461.0,9683.0,9.1,0.8,31575051.9,31616026.0
generate_train_ID0000036,None,compute,0,1711691778.0,,,1711691783.0,1711691784.0,1711691807.0,154253872.7,1711691784.0,1711691828.0,1711691818.0,1711691822.0,336740.0,1711691828.0,1711691833.0,5.0,,1.0,44.0,5.0,23.0,2411281478.0,4.0,1118721.0,poseidon,condorpool,poseidon-worker-1-container-0-3,generate_train,/srv/generate_train,,0.9,0,0,,,,,,,,,
generate_train_ID0000034,None,compute,0,1711691778.0,,,1711691783.0,1711691784.0,1711691819.0,85185563.8,1711691784.0,1711691843.0,1711691830.0,1711691833.0,396366.0,1711691843.0,1711691848.0,5.0,,1.0,59.0,5.0,35.0,2411404099.0,3.0,1275159.0,poseidon,condorpool,poseidon-worker-2-container-44-47,generate_train,/srv/generate_train,,0.8,0,0,,,,,,,,,
generate_train_ID0000033,None,compute,0,1711691778.0,,,1711691783.0,1711691784.0,1711691812.0,114949932.0,1711691784.0,1711691833.0,1711691823.0,1711691826.0,393956.0,1711691833.0,1711691838.0,5.0,,1.0,49.0,5.0,28.0,2411402752.0,3.0,1274805.0,poseidon,condorpool,poseidon-worker-2-container-28-31,generate_train,/srv/generate_train,,0.7,0,0,,,,,,,,,
generate_train_ID0000029,None,compute,0,1711691778.0,,,1711691783.0,1711691785.0,1711691809.0,138494635.2,1711691784.0,1711691833.0,1711691821.0,1711691824.0,260094.0,1711691833.0,1711691838.0,5.0,,1.0,49.0,5.0,24.0,2411064511.0,3.0,843408.0,poseidon,condorpool,poseidon-worker-2-container-0-3,generate_train,/srv/generate_train,,0.8,0,0,,,,,,,,,
generate_train_ID0000028,None,compute,0,1711691778.0,,,1711691783.0,1711691784.0,1711691834.0,57042911.3,1711691784.0,1711691853.0,1711691844.0,1711691847.0,238217.0,1711691853.0,1711691858.0,5.0,,1.0,69.0,5.0,50.0,2411001737.0,3.0,762584.0,poseidon,condorpool,poseidon-worker-1-container-36-39,generate_train,/srv/generate_train,,0.8,0,0,,,,,,,,,
stage_out_local_condorpool_4_0,None,transfer,0,1711691778.0,,,1711691783.0,,,0.0,1711691783.0,1711691788.0,,,0.0,1711691788.0,1711691793.0,5.0,,0.0,5.0,5.0,,,,,poseidon,local,poseidon-submit,pegasus::transfer,/mnt/poseidon-data/poseidon/pegasus-5.1.0panorama/bin/pegasus-transfer,/home/poseidon/pegasus-5.1.0panorama/bin/../bin/pegasus-kickstart  -n pegasus::transfer -N null -i - -R local  -L somospie -T 2024-03-27T17:59:14+00:00 /home/poseidon/pegasus-5.1.0panorama/bin/../bin/pegasus-transfer  --threads 2,2.5,0,0,,,,,,,,,
generate_train_ID0000027,None,compute,0,1711691778.0,,,1711691783.0,1711691784.0,1711691818.0,89818451.4,1711691783.0,1711691838.0,1711691829.0,1711691832.0,234102.0,1711691838.0,1711691843.0,5.0,,0.0,55.0,5.0,34.0,2411002607.0,3.0,764017.0,poseidon,condorpool,poseidon-worker-2-container-28-31,generate_train,/srv/generate_train,,0.9,0,0,,,,,,,,,
generate_train_ID0000038,None,compute,0,1711691778.0,,,1711691783.0,1711691784.0,1711691834.0,57476411.6,1711691783.0,1711691853.0,1711691844.0,1711691847.0,260562.0,1711691853.0,1711691858.0,5.0,,0.0,70.0,5.0,50.0,2411059770.0,3.0,837547.0,poseidon,condorpool,poseidon-worker-1-container-36-39,generate_train,/srv/generate_train,,0.8,0,0,,,,,,,,,
generate_train_ID0000037,None,compute,0,1711691778.0,,,1711691783.0,1711691784.0,1711691836.0,53944596.5,1711691783.0,1711691858.0,1711691847.0,1711691850.0,300962.0,1711691858.0,1711691863.0,5.0,,0.0,75.0,5.0,52.0,2411164025.0,3.0,969901.0,poseidon,condorpool,poseidon-worker-2-container-0-3,generate_train,/srv/generate_train,,0.7,0,0,,,,,,,,,
generate_train_ID0000035,None,compute,0,1711691778.0,,,1711691783.0,1711691784.0,1711691814.0,105722864.4,1711691783.0,1711691838.0,1711691825.0,1711691829.0,393981.0,1711691838.0,1711691843.0,5.0,,0.0,55.0,5.0,30.0,2411394544.0,4.0,1261244.0,poseidon,condorpool,poseidon-worker-2-container-40-43,generate_train,/srv/generate_train,,0.8,0,0,,,,,,,,,
register_condorpool_4_0,None,auxiliary,0,1711691793.0,,,1711691798.0,,,0.0,1711691798.0,1711691803.0,,,0.0,1711691803.0,1711691808.0,5.0,,0.0,5.0,5.0,,,,,poseidon,local,poseidon-submit,pegasus::rc-client,/mnt/poseidon-data/poseidon/pegasus-5.1.0panorama/bin/pegasus-rc-client,"-n pegasus::rc-client -N null -R local  -L somospie -T 2024-03-27T17:59:14+00:00 /home/poseidon/pegasus-5.1.0panorama/bin/pegasus-rc-client --prefix pegasus.catalog.replica.output --conf /mnt/poseidon-data/poseidon/workflows/SOMOSPIE/SOMOSPIE_pegasus/CombinedPipeline/submit/poseidon/pegasus/somospie/run0055/pegasus.7202887513257360022.properties -v --meta /mnt/poseidon-data/poseidon/workflows/SOMOSPIE/SOMOSPIE_pegasus/CombinedPipeline/submit/poseidon/pegasus/somospie/run0055/00/00/merge_avg_ID0000013.meta,/mnt/poseidon-data/poseidon/workflows/SOMOSPIE/SOMOSPIE_pegasus/CombinedPipeline/submit/poseidon/pegasus/somospie/run0055/00/00/merge_avg_ID0000012.meta,/mnt/poseidon-data/poseidon/workflows/SOMOSPIE/SOMOSPIE_pegasus/CombinedPipeline/submit/poseidon/pegasus/somospie/run0055/00/00/merge_avg_ID0000014.meta --insert /mnt/poseidon-data/poseidon/workflows/SOMOSPIE/SOMOSPIE_pegasus/CombinedPipeline/submit/poseidon/pegasus/somospie/run0055/00/00/register_condorpool_4_0.in",3.0,0,0,,,,,,,,,
stage_out_local_condorpool_5_0,None,transfer,0,1711691873.0,,,1711691878.0,,,0.0,1711691878.0,1711691888.0,,,0.0,1711691888.0,1711691893.0,5.0,,0.0,10.0,5.0,,,,,poseidon,local,poseidon-submit,pegasus::transfer,/mnt/poseidon-data/poseidon/pegasus-5.1.0panorama/bin/pegasus-transfer,/home/poseidon/pegasus-5.1.0panorama/bin/../bin/pegasus-kickstart  -n pegasus::transfer -N null -i - -R local  -L somospie -T 2024-03-27T17:59:14+00:00 /home/poseidon/pegasus-5.1.0panorama/bin/../bin/pegasus-transfer  --threads 2,4.0,0,0,,,,,,,,,
stage_out_local_condorpool_5_1,None,transfer,0,1711691873.0,,,1711691878.0,,,0.0,1711691878.0,1711691883.0,,,0.0,1711691883.0,1711691888.0,5.0,,0.0,5.0,5.0,,,,,poseidon,local,poseidon-submit,pegasus::transfer,/mnt/poseidon-data/poseidon/pegasus-5.1.0panorama/bin/pegasus-transfer,/home/poseidon/pegasus-5.1.0panorama/bin/../bin/pegasus-kickstart  -n pegasus::transfer -N null -i - -R local  -L somospie -T 2024-03-27T17:59:14+00:00 /home/poseidon/pegasus-5.1.0panorama/bin/../bin/pegasus-transfer  --threads 2,1.6,0,0,,,,,,,,,
register_condorpool_5_1,None,auxiliary,0,1711691888.0,,,1711691893.0,,,0.0,1711691893.0,1711691898.0,,,0.0,1711691898.0,1711691903.0,5.0,,0.0,5.0,5.0,,,,,poseidon,local,poseidon-submit,pegasus::rc-client,/mnt/poseidon-data/poseidon/pegasus-5.1.0panorama/bin/pegasus-rc-client,"-n pegasus::rc-client -N null -R local  -L somospie -T 2024-03-27T17:59:14+00:00 /home/poseidon/pegasus-5.1.0panorama/bin/pegasus-rc-client --prefix pegasus.catalog.replica.output --conf /mnt/poseidon-data/poseidon/workflows/SOMOSPIE/SOMOSPIE_pegasus/CombinedPipeline/submit/poseidon/pegasus/somospie/run0055/pegasus.7202887513257360022.properties -v --meta /mnt/poseidon-data/poseidon/workflows/SOMOSPIE/SOMOSPIE_pegasus/CombinedPipeline/submit/poseidon/pegasus/somospie/run0055/00/00/generate_train_ID0000028.meta,/mnt/poseidon-data/poseidon/workflows/SOMOSPIE/SOMOSPIE_pegasus/CombinedPipeline/submit/poseidon/pegasus/somospie/run0055/00/00/generate_train_ID0000027.meta,/mnt/poseidon-data/poseidon/workflows/SOMOSPIE/SOMOSPIE_pegasus/CombinedPipeline/submit/poseidon/pegasus/somospie/run0055/00/00/generate_train_ID0000038.meta,/mnt/poseidon-data/poseidon/workflows/SOMOSPIE/SOMOSPIE_pegasus/CombinedPipeline/submit/poseidon/pegasus/somospie/run0055/00/00/generate_train_ID0000033.meta,/mnt/poseidon-data/poseidon/workflows/SOMOSPIE/SOMOSPIE_pegasus/CombinedPipeline/submit/poseidon/pegasus/somospie/run0055/00/01/generate_train_ID0000030.meta,/mnt/poseidon-data/poseidon/workflows/SOMOSPIE/SOMOSPIE_pegasus/CombinedPipeline/submit/poseidon/pegasus/somospie/run0055/00/01/generate_eval_ID0000041.meta,/mnt/poseidon-data/poseidon/workflows/SOMOSPIE/SOMOSPIE_pegasus/CombinedPipeline/submit/poseidon/pegasus/somospie/run0055/00/01/generate_train_ID0000031.meta,/mnt/poseidon-data/poseidon/workflows/SOMOSPIE/SOMOSPIE_pegasus/CombinedPipeline/submit/poseidon/pegasus/somospie/run0055/00/01/generate_train_ID0000032.meta,/mnt/poseidon-data/poseidon/workflows/SOMOSPIE/SOMOSPIE_pegasus/CombinedPipeline/submit/poseidon/pegasus/somospie/run0055/00/00/generate_train_ID0000037.meta,/mnt/poseidon-data/poseidon/workflows/SOMOSPIE/SOMOSPIE_pegasus/CombinedPipeline/submit/poseidon/pegasus/somospie/run0055/00/01/generate_eval_ID0000040.meta,/mnt/poseidon-data/poseidon/workflows/SOMOSPIE/SOMOSPIE_pegasus/CombinedPipeline/submit/poseidon/pegasus/somospie/run0055/00/01/generate_eval_ID0000039.meta,/mnt/poseidon-data/poseidon/workflows/SOMOSPIE/SOMOSPIE_pegasus/CombinedPipeline/submit/poseidon/pegasus/somospie/run0055/00/00/generate_train_ID0000034.meta,/mnt/poseidon-data/poseidon/workflows/SOMOSPIE/SOMOSPIE_pegasus/CombinedPipeline/submit/poseidon/pegasus/somospie/run0055/00/01/generate_train_ID0000035.meta,/mnt/poseidon-data/poseidon/workflows/SOMOSPIE/SOMOSPIE_pegasus/CombinedPipeline/submit/poseidon/pegasus/somospie/run0055/00/01/generate_train_ID0000036.meta,/mnt/poseidon-data/poseidon/workflows/SOMOSPIE/SOMOSPIE_pegasus/CombinedPipeline/submit/poseidon/pegasus/somospie/run0055/00/01/generate_eval_ID0000042.meta,/mnt/poseidon-data/poseidon/workflows/SOMOSPIE/SOMOSPIE_pegasus/CombinedPipeline/submit/poseidon/pegasus/somospie/run0055/00/00/generate_train_ID0000029.meta --insert /mnt/poseidon-data/poseidon/workflows/SOMOSPIE/SOMOSPIE_pegasus/CombinedPipeline/submit/poseidon/pegasus/somospie/run0055/00/01/register_condorpool_5_1.in",3.4,0,0,,,,,,,,,
register_condorpool_5_0,None,auxiliary,0,1711691893.0,,,1711691903.0,,,0.0,1711691903.0,1711691908.0,,,0.0,1711691908.0,1711691913.0,10.0,,0.0,5.0,5.0,,,,,poseidon,local,poseidon-submit,pegasus::rc-client,/mnt/poseidon-data/poseidon/pegasus-5.1.0panorama/bin/pegasus-rc-client,"-n pegasus::rc-client -N null -R local  -L somospie -T 2024-03-27T17:59:14+00:00 /home/poseidon/pegasus-5.1.0panorama/bin/pegasus-rc-client --prefix pegasus.catalog.replica.output --conf /mnt/poseidon-data/poseidon/workflows/SOMOSPIE/SOMOSPIE_pegasus/CombinedPipeline/submit/poseidon/pegasus/somospie/run0055/pegasus.7202887513257360022.properties -v --meta /mnt/poseidon-data/poseidon/workflows/SOMOSPIE/SOMOSPIE_pegasus/CombinedPipeline/submit/poseidon/pegasus/somospie/run0055/00/00/generate_train_ID0000028.meta,/mnt/poseidon-data/poseidon/workflows/SOMOSPIE/SOMOSPIE_pegasus/CombinedPipeline/submit/poseidon/pegasus/somospie/run0055/00/00/generate_train_ID0000027.meta,/mnt/poseidon-data/poseidon/workflows/SOMOSPIE/SOMOSPIE_pegasus/CombinedPipeline/submit/poseidon/pegasus/somospie/run0055/00/00/generate_train_ID0000038.meta,/mnt/poseidon-data/poseidon/workflows/SOMOSPIE/SOMOSPIE_pegasus/CombinedPipeline/submit/poseidon/pegasus/somospie/run0055/00/00/generate_train_ID0000033.meta,/mnt/poseidon-data/poseidon/workflows/SOMOSPIE/SOMOSPIE_pegasus/CombinedPipeline/submit/poseidon/pegasus/somospie/run0055/00/01/generate_train_ID0000030.meta,/mnt/poseidon-data/poseidon/workflows/SOMOSPIE/SOMOSPIE_pegasus/CombinedPipeline/submit/poseidon/pegasus/somospie/run0055/00/01/generate_eval_ID0000041.meta,/mnt/poseidon-data/poseidon/workflows/SOMOSPIE/SOMOSPIE_pegasus/CombinedPipeline/submit/poseidon/pegasus/somospie/run0055/00/01/generate_train_ID0000031.meta,/mnt/poseidon-data/poseidon/workflows/SOMOSPIE/SOMOSPIE_pegasus/CombinedPipeline/submit/poseidon/pegasus/somospie/run0055/00/01/generate_train_ID0000032.meta,/mnt/poseidon-data/poseidon/workflows/SOMOSPIE/SOMOSPIE_pegasus/CombinedPipeline/submit/poseidon/pegasus/somospie/run0055/00/00/generate_train_ID0000037.meta,/mnt/poseidon-data/poseidon/workflows/SOMOSPIE/SOMOSPIE_pegasus/CombinedPipeline/submit/poseidon/pegasus/somospie/run0055/00/01/generate_eval_ID0000040.meta,/mnt/poseidon-data/poseidon/workflows/SOMOSPIE/SOMOSPIE_pegasus/CombinedPipeline/submit/poseidon/pegasus/somospie/run0055/00/01/generate_eval_ID0000039.meta,/mnt/poseidon-data/poseidon/workflows/SOMOSPIE/SOMOSPIE_pegasus/CombinedPipeline/submit/poseidon/pegasus/somospie/run0055/00/00/generate_train_ID0000034.meta,/mnt/poseidon-data/poseidon/workflows/SOMOSPIE/SOMOSPIE_pegasus/CombinedPipeline/submit/poseidon/pegasus/somospie/run0055/00/01/generate_train_ID0000035.meta,/mnt/poseidon-data/poseidon/workflows/SOMOSPIE/SOMOSPIE_pegasus/CombinedPipeline/submit/poseidon/pegasus/somospie/run0055/00/01/generate_train_ID0000036.meta,/mnt/poseidon-data/poseidon/workflows/SOMOSPIE/SOMOSPIE_pegasus/CombinedPipeline/submit/poseidon/pegasus/somospie/run0055/00/01/generate_eval_ID0000042.meta,/mnt/poseidon-data/poseidon/workflows/SOMOSPIE/SOMOSPIE_pegasus/CombinedPipeline/submit/poseidon/pegasus/somospie/run0055/00/00/generate_train_ID0000029.meta --insert /mnt/poseidon-data/poseidon/workflows/SOMOSPIE/SOMOSPIE_pegasus/CombinedPipeline/submit/poseidon/pegasus/somospie/run0055/00/01/register_condorpool_5_0.in",3.3,0,0,,,,,,,,,
cleanup_somospie_0_condorpool,None,auxiliary,0,1711691893.0,,,1711691898.0,,,0.0,1711691898.0,1711691903.0,,,0.0,1711691903.0,1711691908.0,5.0,,0.0,5.0,5.0,,,,,poseidon,local,poseidon-submit,pegasus::cleanup,/mnt/poseidon-data/poseidon/pegasus-5.1.0panorama/bin/pegasus-transfer,pegasus-kickstart  -n pegasus::cleanup -N null -i - -R local  -L somospie -T 2024-03-27T17:59:14+00:00 pegasus-transfer,0.3,0,0,,,,,,,,,
