,anomaly_type,type,is_clustered,ready,pre_script_start,pre_script_end,submit,stage_in_start,stage_in_end,stage_in_effective_bytes_per_sec,execute_start,execute_end,stage_out_start,stage_out_end,stage_out_effective_bytes_per_sec,post_script_start,post_script_end,wms_delay,pre_script_delay,queue_delay,runtime,post_script_delay,stage_in_delay,stage_in_bytes,stage_out_delay,stage_out_bytes,kickstart_user,kickstart_site,kickstart_hostname,kickstart_transformations,kickstart_executables,kickstart_executables_argv,kickstart_executables_cpu_time,kickstart_status,kickstart_executables_exitcode,kickstart_online_iowait,kickstart_online_bytes_read,kickstart_online_bytes_written,kickstart_online_read_system_calls,kickstart_online_write_system_calls,kickstart_online_utime,kickstart_online_stime,kickstart_online_bytes_read_per_second,kickstart_online_bytes_written_per_second
create_dir_somospie_0_condorpool,None,auxiliary,0,1711721773.0,,,1711721774.0,,,0.0,1711721778.0,1711721784.0,,,0.0,1711721784.0,1711721789.0,1.0,,4.0,6.0,5.0,,,,,poseidon,local,poseidon-submit,pegasus::dirmanager,/mnt/poseidon-data/poseidon/pegasus-5.1.0panorama/bin/pegasus-transfer,pegasus-kickstart  -n pegasus::dirmanager -N null -i - -R local  -L somospie -T 2024-03-27T17:59:14+00:00 pegasus-transfer,0.2,0,0,,,,,,,,,
get_sm_ID0000020,None,compute,0,1711721789.0,,,1711721794.0,1711721813.0,1711721834.0,31264533.0,1711721812.0,1711721854.0,1711721841.0,1711721844.0,289167.0,1711721854.0,1711721859.0,5.0,,18.0,42.0,5.0,21.0,470635724.0,3.0,945682.0,poseidon,condorpool,poseidon-worker-1-container-44-47,get_sm,/srv/get_sm,,1.9,0,0,,,,,,,,,
get_sm_ID0000021,None,compute,0,1711721789.0,,,1711721794.0,1711721813.0,1711721833.0,38244240.3,1711721812.0,1711721854.0,1711721840.0,1711721844.0,294373.0,1711721854.0,1711721859.0,5.0,,18.0,42.0,5.0,20.0,475840244.0,4.0,951505.0,poseidon,condorpool,poseidon-worker-2-container-44-47,get_sm,/srv/get_sm,,2.0,0,0,,,,,,,,,
get_sm_ID0000022,None,compute,0,1711721789.0,,,1711721794.0,1711721813.0,1711721834.0,34065519.7,1711721812.0,1711721854.0,1711721841.0,1711721845.0,291828.0,1711721854.0,1711721859.0,5.0,,18.0,42.0,5.0,21.0,475800760.0,4.0,952852.0,poseidon,condorpool,poseidon-worker-1-container-0-3,get_sm,/srv/get_sm,,1.9,0,0,,,,,,,,,
get_sm_ID0000023,None,compute,0,1711721789.0,,,1711721794.0,1711721813.0,1711721834.0,34589531.5,1711721812.0,1711721854.0,1711721841.0,1711721844.0,289688.0,1711721854.0,1711721859.0,5.0,,18.0,42.0,5.0,21.0,467398273.0,3.0,943297.0,poseidon,condorpool,poseidon-worker-2-container-40-43,get_sm,/srv/get_sm,,2.0,0,0,,,,,,,,,
get_sm_ID0000024,None,compute,0,1711721789.0,,,1711721794.0,1711721813.0,1711721831.0,40244935.8,1711721812.0,1711721849.0,1711721838.0,1711721842.0,251954.0,1711721849.0,1711721854.0,5.0,,18.0,37.0,5.0,18.0,457521962.0,4.0,830231.0,poseidon,condorpool,poseidon-worker-1-container-36-39,get_sm,/srv/get_sm,,2.1,0,0,,,,,,,,,
get_sm_ID0000025,None,compute,0,1711721789.0,,,1711721794.0,1711721813.0,1711721831.0,39012196.4,1711721812.0,1711721849.0,1711721839.0,1711721842.0,221117.0,1711721849.0,1711721854.0,5.0,,18.0,37.0,5.0,18.0,447555942.0,3.0,712778.0,poseidon,condorpool,poseidon-worker-1-container-32-35,get_sm,/srv/get_sm,,2.0,0,0,,,,,,,,,
get_sm_ID0000015,None,compute,0,1711721789.0,,,1711721794.0,1711721813.0,1711721834.0,30418790.7,1711721812.0,1711721854.0,1711721841.0,1711721844.0,167422.0,1711721854.0,1711721859.0,5.0,,18.0,42.0,5.0,21.0,440090843.0,3.0,551360.0,poseidon,condorpool,poseidon-worker-1-container-28-31,get_sm,/srv/get_sm,,2.0,0,0,,,,,,,,,
get_sm_ID0000026,None,compute,0,1711721789.0,,,1711721794.0,1711721813.0,1711721831.0,40523447.2,1711721812.0,1711721849.0,1711721838.0,1711721842.0,184432.0,1711721849.0,1711721854.0,5.0,,18.0,37.0,5.0,18.0,442257808.0,4.0,608523.0,poseidon,condorpool,poseidon-worker-1-container-24-27,get_sm,/srv/get_sm,,2.0,0,0,,,,,,,,,
get_sm_ID0000016,None,compute,0,1711721789.0,,,1711721794.0,1711721813.0,1711721836.0,28136040.5,1711721812.0,1711721854.0,1711721843.0,1711721846.0,173145.0,1711721854.0,1711721859.0,5.0,,18.0,42.0,5.0,23.0,436178789.0,3.0,550490.0,poseidon,condorpool,poseidon-worker-1-container-16-19,get_sm,/srv/get_sm,,1.9,0,0,,,,,,,,,
get_sm_ID0000017,None,compute,0,1711721789.0,,,1711721794.0,1711721813.0,1711721834.0,31925292.7,1711721812.0,1711721854.0,1711721841.0,1711721844.0,189733.0,1711721854.0,1711721859.0,5.0,,18.0,42.0,5.0,21.0,444771924.0,3.0,613264.0,poseidon,condorpool,poseidon-worker-2-container-36-39,get_sm,/srv/get_sm,,1.9,0,0,,,,,,,,,
get_sm_ID0000018,None,compute,0,1711721789.0,,,1711721794.0,1711721813.0,1711721833.0,40095100.1,1711721812.0,1711721849.0,1711721840.0,1711721843.0,224001.0,1711721849.0,1711721854.0,5.0,,18.0,37.0,5.0,20.0,449409643.0,3.0,716593.0,poseidon,condorpool,poseidon-worker-2-container-12-15,get_sm,/srv/get_sm,,1.9,0,0,,,,,,,,,
get_sm_ID0000019,None,compute,0,1711721789.0,,,1711721794.0,1711721813.0,1711721834.0,34555070.0,1711721812.0,1711721854.0,1711721841.0,1711721844.0,269300.0,1711721854.0,1711721859.0,5.0,,18.0,42.0,5.0,21.0,459739344.0,3.0,873152.0,poseidon,condorpool,poseidon-worker-1-container-4-7,get_sm,/srv/get_sm,,2.0,0,0,,,,,,,,,
merge_ID0000001,None,compute,0,1711721789.0,,,1711721794.0,1711721813.0,1711721833.0,139982519.7,1711721812.0,1711721889.0,1711721866.0,1711721881.0,91378058.0,1711721889.0,1711721894.0,5.0,,18.0,77.0,5.0,20.0,1726068480.0,15.0,1298102725.0,poseidon,condorpool,poseidon-worker-1-container-20-23,merge,/srv/merge,,41.3,0,0,0.0,979392374.0,1293942081.0,10701.0,39521.0,33.5,2.4,48969618.7,64697104.0
stage_out_local_condorpool_0_1,None,transfer,0,1711721859.0,,,1711721864.0,,,0.0,1711721864.0,1711721869.0,,,0.0,1711721869.0,1711721874.0,5.0,,0.0,5.0,5.0,,,,,poseidon,local,poseidon-submit,pegasus::transfer,/mnt/poseidon-data/poseidon/pegasus-5.1.0panorama/bin/pegasus-transfer,/home/poseidon/pegasus-5.1.0panorama/bin/../bin/pegasus-kickstart  -n pegasus::transfer -N null -i - -R local  -L somospie -T 2024-03-27T17:59:14+00:00 /home/poseidon/pegasus-5.1.0panorama/bin/../bin/pegasus-transfer  --threads 2,0.7,0,0,,,,,,,,,
register_condorpool_0_1,None,auxiliary,0,1711721874.0,,,1711721879.0,,,0.0,1711721879.0,1711721884.0,,,0.0,1711721884.0,1711721889.0,5.0,,0.0,5.0,5.0,,,,,poseidon,local,poseidon-submit,pegasus::rc-client,/mnt/poseidon-data/poseidon/pegasus-5.1.0panorama/bin/pegasus-rc-client,"-n pegasus::rc-client -N null -R local  -L somospie -T 2024-03-27T17:59:14+00:00 /home/poseidon/pegasus-5.1.0panorama/bin/pegasus-rc-client --prefix pegasus.catalog.replica.output --conf /mnt/poseidon-data/poseidon/workflows/SOMOSPIE/SOMOSPIE_pegasus/CombinedPipeline/submit/poseidon/pegasus/somospie/run0100/pegasus.5935429427919479998.properties -v --meta /mnt/poseidon-data/poseidon/workflows/SOMOSPIE/SOMOSPIE_pegasus/CombinedPipeline/submit/poseidon/pegasus/somospie/run0100/00/00/get_sm_ID0000022.meta,/mnt/poseidon-data/poseidon/workflows/SOMOSPIE/SOMOSPIE_pegasus/CombinedPipeline/submit/poseidon/pegasus/somospie/run0100/00/00/get_sm_ID0000016.meta,/mnt/poseidon-data/poseidon/workflows/SOMOSPIE/SOMOSPIE_pegasus/CombinedPipeline/submit/poseidon/pegasus/somospie/run0100/00/00/get_sm_ID0000026.meta,/mnt/poseidon-data/poseidon/workflows/SOMOSPIE/SOMOSPIE_pegasus/CombinedPipeline/submit/poseidon/pegasus/somospie/run0100/00/00/get_sm_ID0000019.meta,/mnt/poseidon-data/poseidon/workflows/SOMOSPIE/SOMOSPIE_pegasus/CombinedPipeline/submit/poseidon/pegasus/somospie/run0100/00/00/get_sm_ID0000020.meta,/mnt/poseidon-data/poseidon/workflows/SOMOSPIE/SOMOSPIE_pegasus/CombinedPipeline/submit/poseidon/pegasus/somospie/run0100/00/00/get_sm_ID0000024.meta --insert /mnt/poseidon-data/poseidon/workflows/SOMOSPIE/SOMOSPIE_pegasus/CombinedPipeline/submit/poseidon/pegasus/somospie/run0100/00/00/register_condorpool_0_1.in",3.0,0,0,,,,,,,,,
stage_out_local_condorpool_0_0,None,transfer,0,1711721894.0,,,1711721899.0,,,0.0,1711721899.0,1711721909.0,,,0.0,1711721909.0,1711721914.0,5.0,,0.0,10.0,5.0,,,,,poseidon,local,poseidon-submit,pegasus::transfer,/mnt/poseidon-data/poseidon/pegasus-5.1.0panorama/bin/pegasus-transfer,/home/poseidon/pegasus-5.1.0panorama/bin/../bin/pegasus-kickstart  -n pegasus::transfer -N null -i - -R local  -L somospie -T 2024-03-27T17:59:14+00:00 /home/poseidon/pegasus-5.1.0panorama/bin/../bin/pegasus-transfer  --threads 2,4.5,0,0,,,,,,,,,
reproject_ID0000011,None,compute,0,1711721894.0,,,1711721899.0,1711721900.0,1711721920.0,139168934.3,1711721899.0,1711721979.0,1711721957.0,1711721971.0,91687110.0,1711721979.0,1711721984.0,5.0,,0.0,80.0,5.0,20.0,1696973136.0,14.0,1298118839.0,poseidon,condorpool,poseidon-worker-1-container-20-23,reproject,/srv/reproject,,56.3,0,0,0.0,1307562711.0,1294269762.0,16349.0,39532.0,44.0,3.7,65378135.6,64713488.1
reproject_ID0000002,None,compute,0,1711721894.0,,,1711721899.0,1711721905.0,1711721924.0,142386223.6,1711721905.0,1711721984.0,1711721961.0,1711721974.0,88816558.0,1711721984.0,1711721989.0,5.0,,6.0,79.0,5.0,19.0,1696973986.0,13.0,1125581407.0,poseidon,condorpool,poseidon-worker-1-container-44-47,reproject,/srv/reproject,,54.9,0,0,0.0,1442120659.0,846115519.0,47537.0,25852.0,39.8,4.5,72106033.0,42305776.0
register_condorpool_0_0,None,auxiliary,0,1711721914.0,,,1711721919.0,,,0.0,1711721919.0,1711721924.0,,,0.0,1711721924.0,1711721929.0,5.0,,0.0,5.0,5.0,,,,,poseidon,local,poseidon-submit,pegasus::rc-client,/mnt/poseidon-data/poseidon/pegasus-5.1.0panorama/bin/pegasus-rc-client,"-n pegasus::rc-client -N null -R local  -L somospie -T 2024-03-27T17:59:14+00:00 /home/poseidon/pegasus-5.1.0panorama/bin/pegasus-rc-client --prefix pegasus.catalog.replica.output --conf /mnt/poseidon-data/poseidon/workflows/SOMOSPIE/SOMOSPIE_pegasus/CombinedPipeline/submit/poseidon/pegasus/somospie/run0100/pegasus.5935429427919479998.properties -v --meta /mnt/poseidon-data/poseidon/workflows/SOMOSPIE/SOMOSPIE_pegasus/CombinedPipeline/submit/poseidon/pegasus/somospie/run0100/00/00/get_sm_ID0000017.meta,/mnt/poseidon-data/poseidon/workflows/SOMOSPIE/SOMOSPIE_pegasus/CombinedPipeline/submit/poseidon/pegasus/somospie/run0100/00/00/get_sm_ID0000025.meta,/mnt/poseidon-data/poseidon/workflows/SOMOSPIE/SOMOSPIE_pegasus/CombinedPipeline/submit/poseidon/pegasus/somospie/run0100/00/00/get_sm_ID0000015.meta,/mnt/poseidon-data/poseidon/workflows/SOMOSPIE/SOMOSPIE_pegasus/CombinedPipeline/submit/poseidon/pegasus/somospie/run0100/00/00/merge_ID0000001.meta,/mnt/poseidon-data/poseidon/workflows/SOMOSPIE/SOMOSPIE_pegasus/CombinedPipeline/submit/poseidon/pegasus/somospie/run0100/00/00/get_sm_ID0000021.meta,/mnt/poseidon-data/poseidon/workflows/SOMOSPIE/SOMOSPIE_pegasus/CombinedPipeline/submit/poseidon/pegasus/somospie/run0100/00/00/get_sm_ID0000023.meta,/mnt/poseidon-data/poseidon/workflows/SOMOSPIE/SOMOSPIE_pegasus/CombinedPipeline/submit/poseidon/pegasus/somospie/run0100/00/00/get_sm_ID0000018.meta --insert /mnt/poseidon-data/poseidon/workflows/SOMOSPIE/SOMOSPIE_pegasus/CombinedPipeline/submit/poseidon/pegasus/somospie/run0100/00/00/register_condorpool_0_0.in",3.0,0,0,,,,,,,,,
stage_out_local_condorpool_1_0,None,transfer,0,1711721989.0,,,1711721994.0,,,0.0,1711721994.0,1711722004.0,,,0.0,1711722004.0,1711722009.0,5.0,,0.0,10.0,5.0,,,,,poseidon,local,poseidon-submit,pegasus::transfer,/mnt/poseidon-data/poseidon/pegasus-5.1.0panorama/bin/pegasus-transfer,/home/poseidon/pegasus-5.1.0panorama/bin/../bin/pegasus-kickstart  -n pegasus::transfer -N null -i - -R local  -L somospie -T 2024-03-27T17:59:14+00:00 /home/poseidon/pegasus-5.1.0panorama/bin/../bin/pegasus-transfer  --threads 2,7.0,0,0,,,,,,,,,
crop_ID0000009,None,compute,0,1711721989.0,,,1711721994.0,1711721995.0,1711722014.0,130446723.5,1711721994.0,1711722039.0,1711722026.0,1711722030.0,24257125.0,1711722039.0,1711722044.0,5.0,,0.0,45.0,5.0,19.0,1524452582.0,4.0,99654844.0,poseidon,condorpool,poseidon-worker-1-container-20-23,crop,/srv/crop,,3.0,0,0,,,,,,,,,
crop_ID0000007,None,compute,0,1711721989.0,,,1711721994.0,1711721995.0,1711722014.0,131642042.9,1711721994.0,1711722039.0,1711722027.0,1711722032.0,40576337.0,1711722039.0,1711722044.0,5.0,,0.0,45.0,5.0,19.0,1524452582.0,5.0,194227221.0,poseidon,condorpool,poseidon-worker-1-container-44-47,crop,/srv/crop,,4.1,0,0,,,,,,,,,
crop_ID0000005,None,compute,0,1711721989.0,,,1711721994.0,1711722005.0,1711722024.0,136260379.2,1711722005.0,1711722044.0,1711722033.0,1711722036.0,1325301.0,1711722044.0,1711722049.0,5.0,,11.0,39.0,5.0,19.0,1524452582.0,3.0,4263385.0,poseidon,condorpool,poseidon-worker-1-container-44-47,crop,/srv/crop,,1.9,0,0,,,,,,,,,
crop_ID0000003,None,compute,0,1711721989.0,,,1711721994.0,1711722005.0,1711722023.0,145365126.3,1711722005.0,1711722044.0,1711722032.0,1711722036.0,786392.0,1711722044.0,1711722049.0,5.0,,11.0,39.0,5.0,18.0,1524452582.0,4.0,2530349.0,poseidon,condorpool,poseidon-worker-1-container-20-23,crop,/srv/crop,,1.8,0,0,,,,,,,,,
register_condorpool_1_0,None,auxiliary,0,1711722009.0,,,1711722014.0,,,0.0,1711722014.0,1711722019.0,,,0.0,1711722019.0,1711722024.0,5.0,,0.0,5.0,5.0,,,,,poseidon,local,poseidon-submit,pegasus::rc-client,/mnt/poseidon-data/poseidon/pegasus-5.1.0panorama/bin/pegasus-rc-client,"-n pegasus::rc-client -N null -R local  -L somospie -T 2024-03-27T17:59:14+00:00 /home/poseidon/pegasus-5.1.0panorama/bin/pegasus-rc-client --prefix pegasus.catalog.replica.output --conf /mnt/poseidon-data/poseidon/workflows/SOMOSPIE/SOMOSPIE_pegasus/CombinedPipeline/submit/poseidon/pegasus/somospie/run0100/pegasus.5935429427919479998.properties -v --meta /mnt/poseidon-data/poseidon/workflows/SOMOSPIE/SOMOSPIE_pegasus/CombinedPipeline/submit/poseidon/pegasus/somospie/run0100/00/00/reproject_ID0000002.meta,/mnt/poseidon-data/poseidon/workflows/SOMOSPIE/SOMOSPIE_pegasus/CombinedPipeline/submit/poseidon/pegasus/somospie/run0100/00/00/reproject_ID0000011.meta --insert /mnt/poseidon-data/poseidon/workflows/SOMOSPIE/SOMOSPIE_pegasus/CombinedPipeline/submit/poseidon/pegasus/somospie/run0100/00/00/register_condorpool_1_0.in",3.0,0,0,,,,,,,,,
compute_ID0000010,None,compute,0,1711722044.0,,,1711722049.0,1711722050.0,1711722064.0,70867335.7,1711722049.0,1711722094.0,1711722082.0,1711722088.0,46045518.0,1711722094.0,1711722099.0,5.0,,0.0,45.0,5.0,14.0,498525556.0,6.0,250017804.0,poseidon,condorpool,poseidon-worker-1-container-20-23,compute,/srv/compute,,12.1,0,0,0.0,295535597.0,239867621.0,4342.0,7346.0,9.1,0.9,29553559.7,23986762.1
compute_ID0000008,None,compute,0,1711722044.0,,,1711722049.0,1711722050.0,1711722065.0,76701309.0,1711722049.0,1711722104.0,1711722089.0,1711722097.0,67962243.0,1711722104.0,1711722109.0,5.0,,0.0,55.0,5.0,15.0,593097933.0,8.0,506706062.0,poseidon,condorpool,poseidon-worker-1-container-44-47,compute,/srv/compute,,18.1,0,0,0.0,313896485.0,339651682.0,4024.0,10382.0,9.1,0.9,31389648.5,33965168.2
stage_out_local_condorpool_2_0,None,transfer,0,1711722049.0,,,1711722054.0,,,0.0,1711722054.0,1711722059.0,,,0.0,1711722059.0,1711722064.0,5.0,,0.0,5.0,5.0,,,,,poseidon,local,poseidon-submit,pegasus::transfer,/mnt/poseidon-data/poseidon/pegasus-5.1.0panorama/bin/pegasus-transfer,/home/poseidon/pegasus-5.1.0panorama/bin/../bin/pegasus-kickstart  -n pegasus::transfer -N null -i - -R local  -L somospie -T 2024-03-27T17:59:14+00:00 /home/poseidon/pegasus-5.1.0panorama/bin/../bin/pegasus-transfer  --threads 2,1.4,0,0,,,,,,,,,
compute_ID0000004,None,compute,0,1711722049.0,,,1711722054.0,1711722070.0,1711722084.0,62188185.0,1711722069.0,1711722104.0,1711722094.0,1711722097.0,1611528.0,1711722104.0,1711722109.0,5.0,,15.0,35.0,5.0,14.0,401401061.0,3.0,5326886.0,poseidon,condorpool,poseidon-worker-2-container-44-47,compute,/srv/compute,,5.2,0,0,,,,,,,,,
compute_ID0000006,None,compute,0,1711722049.0,,,1711722054.0,1711722070.0,1711722084.0,62488699.3,1711722069.0,1711722104.0,1711722094.0,1711722097.0,2868943.0,1711722104.0,1711722109.0,5.0,,15.0,35.0,5.0,14.0,403134097.0,3.0,9696865.0,poseidon,condorpool,poseidon-worker-1-container-0-3,compute,/srv/compute,,5.5,0,0,,,,,,,,,
register_condorpool_2_0,None,auxiliary,0,1711722064.0,,,1711722069.0,,,0.0,1711722074.0,1711722079.0,,,0.0,1711722079.0,1711722084.0,5.0,,5.0,5.0,5.0,,,,,poseidon,local,poseidon-submit,pegasus::rc-client,/mnt/poseidon-data/poseidon/pegasus-5.1.0panorama/bin/pegasus-rc-client,"-n pegasus::rc-client -N null -R local  -L somospie -T 2024-03-27T17:59:14+00:00 /home/poseidon/pegasus-5.1.0panorama/bin/pegasus-rc-client --prefix pegasus.catalog.replica.output --conf /mnt/poseidon-data/poseidon/workflows/SOMOSPIE/SOMOSPIE_pegasus/CombinedPipeline/submit/poseidon/pegasus/somospie/run0100/pegasus.5935429427919479998.properties -v --meta /mnt/poseidon-data/poseidon/workflows/SOMOSPIE/SOMOSPIE_pegasus/CombinedPipeline/submit/poseidon/pegasus/somospie/run0100/00/00/crop_ID0000003.meta,/mnt/poseidon-data/poseidon/workflows/SOMOSPIE/SOMOSPIE_pegasus/CombinedPipeline/submit/poseidon/pegasus/somospie/run0100/00/00/crop_ID0000009.meta,/mnt/poseidon-data/poseidon/workflows/SOMOSPIE/SOMOSPIE_pegasus/CombinedPipeline/submit/poseidon/pegasus/somospie/run0100/00/00/crop_ID0000005.meta,/mnt/poseidon-data/poseidon/workflows/SOMOSPIE/SOMOSPIE_pegasus/CombinedPipeline/submit/poseidon/pegasus/somospie/run0100/00/00/crop_ID0000007.meta --insert /mnt/poseidon-data/poseidon/workflows/SOMOSPIE/SOMOSPIE_pegasus/CombinedPipeline/submit/poseidon/pegasus/somospie/run0100/00/00/register_condorpool_2_0.in",3.0,0,0,,,,,,,,,
stage_out_local_condorpool_3_0,None,transfer,0,1711722109.0,,,1711722114.0,,,0.0,1711722114.0,1711722124.0,,,0.0,1711722124.0,1711722129.0,5.0,,0.0,10.0,5.0,,,,,poseidon,local,poseidon-submit,pegasus::transfer,/mnt/poseidon-data/poseidon/pegasus-5.1.0panorama/bin/pegasus-transfer,/home/poseidon/pegasus-5.1.0panorama/bin/../bin/pegasus-kickstart  -n pegasus::transfer -N null -i - -R local  -L somospie -T 2024-03-27T17:59:14+00:00 /home/poseidon/pegasus-5.1.0panorama/bin/../bin/pegasus-transfer  --threads 2,3.4,0,0,,,,,,,,,
merge_avg_ID0000014,None,compute,0,1711722109.0,,,1711722114.0,1711722115.0,1711722131.0,79756373.5,1711722114.0,1711722190.0,1711722173.0,1711722179.0,53692812.0,1711722190.0,1711722195.0,5.0,,0.0,76.0,5.0,16.0,737559838.0,6.0,309527239.0,poseidon,condorpool,poseidon-worker-1-container-0-3,merge_avg,/srv/merge_avg,,46.3,0,0,0.0,1063579411.0,668339642.0,46052.0,20504.0,22.7,6.7,35452647.0,22277988.1
merge_avg_ID0000012,None,compute,0,1711722109.0,,,1711722114.0,1711722115.0,1711722131.0,83448360.5,1711722114.0,1711722184.0,1711722170.0,1711722176.0,52994296.0,1711722184.0,1711722190.0,5.0,,0.0,70.0,6.0,16.0,731979063.0,6.0,304811410.0,poseidon,condorpool,poseidon-worker-1-container-20-23,merge_avg,/srv/merge_avg,,44.7,0,0,0.0,1151268954.0,770916189.0,48232.0,23653.0,29.7,7.7,38375631.8,25697206.3
merge_avg_ID0000013,None,compute,0,1711722109.0,,,1711722114.0,1711722115.0,1711722130.0,60909888.0,1711722114.0,1711722179.0,1711722166.0,1711722170.0,23939679.0,1711722179.0,1711722184.0,5.0,,0.0,65.0,5.0,15.0,498824437.0,4.0,98388765.0,poseidon,condorpool,poseidon-worker-2-container-44-47,merge_avg,/srv/merge_avg,,40.5,0,0,0.0,455274659.0,292914961.0,48388.0,9068.0,30.8,7.5,15175822.0,9763832.0
register_condorpool_3_0,None,auxiliary,0,1711722129.0,,,1711722134.0,,,0.0,1711722134.0,1711722139.0,,,0.0,1711722139.0,1711722144.0,5.0,,0.0,5.0,5.0,,,,,poseidon,local,poseidon-submit,pegasus::rc-client,/mnt/poseidon-data/poseidon/pegasus-5.1.0panorama/bin/pegasus-rc-client,"-n pegasus::rc-client -N null -R local  -L somospie -T 2024-03-27T17:59:14+00:00 /home/poseidon/pegasus-5.1.0panorama/bin/pegasus-rc-client --prefix pegasus.catalog.replica.output --conf /mnt/poseidon-data/poseidon/workflows/SOMOSPIE/SOMOSPIE_pegasus/CombinedPipeline/submit/poseidon/pegasus/somospie/run0100/pegasus.5935429427919479998.properties -v --meta /mnt/poseidon-data/poseidon/workflows/SOMOSPIE/SOMOSPIE_pegasus/CombinedPipeline/submit/poseidon/pegasus/somospie/run0100/00/00/compute_ID0000008.meta,/mnt/poseidon-data/poseidon/workflows/SOMOSPIE/SOMOSPIE_pegasus/CombinedPipeline/submit/poseidon/pegasus/somospie/run0100/00/00/compute_ID0000006.meta,/mnt/poseidon-data/poseidon/workflows/SOMOSPIE/SOMOSPIE_pegasus/CombinedPipeline/submit/poseidon/pegasus/somospie/run0100/00/00/compute_ID0000010.meta,/mnt/poseidon-data/poseidon/workflows/SOMOSPIE/SOMOSPIE_pegasus/CombinedPipeline/submit/poseidon/pegasus/somospie/run0100/00/00/compute_ID0000004.meta --insert /mnt/poseidon-data/poseidon/workflows/SOMOSPIE/SOMOSPIE_pegasus/CombinedPipeline/submit/poseidon/pegasus/somospie/run0100/00/00/register_condorpool_3_0.in",3.0,0,0,,,,,,,,,
generate_eval_ID0000039,None,compute,0,1711722195.0,,,1711722200.0,1711722215.0,1711722240.0,139078519.2,1711722215.0,1711722270.0,1711722259.0,1711722262.0,2742287.0,1711722270.0,1711722275.0,5.0,,15.0,55.0,5.0,25.0,2410452250.0,3.0,9068473.0,poseidon,condorpool,poseidon-worker-1-container-4-7,generate_eval,/srv/generate_eval,,8.2,0,0,,,,,,,,,
generate_train_ID0000032,None,compute,0,1711722195.0,,,1711722200.0,1711722215.0,1711722242.0,124535810.4,1711722215.0,1711722265.0,1711722252.0,1711722256.0,389556.0,1711722265.0,1711722270.0,5.0,,15.0,50.0,5.0,27.0,2411396929.0,4.0,1265871.0,poseidon,condorpool,poseidon-worker-2-container-12-15,generate_train,/srv/generate_train,,0.8,0,0,,,,,,,,,
generate_eval_ID0000042,None,compute,0,1711722195.0,,,1711722200.0,1711722215.0,1711722242.0,125004703.1,1711722215.0,1711722280.0,1711722264.0,1711722269.0,46024330.0,1711722280.0,1711722285.0,5.0,,15.0,65.0,5.0,27.0,2410452250.0,5.0,240602325.0,poseidon,condorpool,poseidon-worker-2-container-36-39,generate_eval,/srv/generate_eval,,11.6,0,0,0.0,238575083.0,238172429.0,4133.0,7310.0,9.1,0.8,23857508.3,23817242.9
generate_train_ID0000031,None,compute,0,1711722195.0,,,1711722200.0,1711722215.0,1711722242.0,125086526.0,1711722215.0,1711722265.0,1711722253.0,1711722257.0,361724.0,1711722265.0,1711722270.0,5.0,,15.0,50.0,5.0,27.0,2411324399.0,4.0,1175014.0,poseidon,condorpool,poseidon-worker-1-container-16-19,generate_train,/srv/generate_train,,0.9,0,0,,,,,,,,,
generate_train_ID0000030,None,compute,0,1711722195.0,,,1711722200.0,1711722215.0,1711722245.0,106564738.0,1711722215.0,1711722270.0,1711722257.0,1711722260.0,303175.0,1711722270.0,1711722275.0,5.0,,15.0,55.0,5.0,30.0,2411167840.0,3.0,973028.0,poseidon,condorpool,poseidon-worker-1-container-24-27,generate_train,/srv/generate_train,,0.9,0,0,,,,,,,,,
generate_eval_ID0000040,None,compute,0,1711722195.0,,,1711722200.0,1711722215.0,1711722256.0,72725585.2,1711722215.0,1711722285.0,1711722273.0,1711722277.0,2475191.0,1711722285.0,1711722290.0,5.0,,15.0,70.0,5.0,41.0,2410452250.0,4.0,8350187.0,poseidon,condorpool,poseidon-worker-1-container-28-31,generate_eval,/srv/generate_eval,,7.7,0,0,,,,,,,,,
generate_eval_ID0000041,None,compute,0,1711722195.0,,,1711722200.0,1711722215.0,1711722245.0,110098071.0,1711722215.0,1711722290.0,1711722272.0,1711722280.0,70509026.0,1711722290.0,1711722295.0,5.0,,15.0,75.0,5.0,30.0,2410452250.0,8.0,561272484.0,poseidon,condorpool,poseidon-worker-1-container-32-35,generate_eval,/srv/generate_eval,,15.5,0,0,0.0,341510218.0,339622150.0,4704.0,10400.0,9.1,0.8,34151021.8,33962215.0
generate_train_ID0000036,None,compute,0,1711722195.0,,,1711722200.0,1711722215.0,1711722241.0,128519904.5,1711722215.0,1711722265.0,1711722252.0,1711722256.0,346314.0,1711722265.0,1711722270.0,5.0,,15.0,50.0,5.0,26.0,2411281478.0,4.0,1118721.0,poseidon,condorpool,poseidon-worker-1-container-36-39,generate_train,/srv/generate_train,,0.8,0,0,,,,,,,,,
generate_train_ID0000034,None,compute,0,1711722195.0,,,1711722200.0,1711722215.0,1711722243.0,116990104.0,1711722215.0,1711722265.0,1711722254.0,1711722258.0,396052.0,1711722265.0,1711722270.0,5.0,,15.0,50.0,5.0,28.0,2411404099.0,4.0,1275159.0,poseidon,condorpool,poseidon-worker-1-container-44-47,generate_train,/srv/generate_train,,0.9,0,0,,,,,,,,,
generate_train_ID0000033,None,compute,0,1711722195.0,,,1711722200.0,1711722215.0,1711722242.0,129026622.1,1711722215.0,1711722265.0,1711722253.0,1711722256.0,392418.0,1711722265.0,1711722270.0,5.0,,15.0,50.0,5.0,27.0,2411402752.0,3.0,1274805.0,poseidon,condorpool,poseidon-worker-1-container-20-23,generate_train,/srv/generate_train,,0.8,0,0,,,,,,,,,
generate_train_ID0000029,None,compute,0,1711722195.0,,,1711722200.0,1711722215.0,1711722246.0,106090374.3,1711722215.0,1711722270.0,1711722257.0,1711722260.0,262642.0,1711722270.0,1711722275.0,5.0,,15.0,55.0,5.0,31.0,2411064511.0,3.0,843408.0,poseidon,condorpool,poseidon-worker-1-container-0-3,generate_train,/srv/generate_train,,0.9,0,0,,,,,,,,,
generate_train_ID0000028,None,compute,0,1711722195.0,,,1711722200.0,1711722215.0,1711722249.0,92063062.5,1711722215.0,1711722270.0,1711722259.0,1711722263.0,237015.0,1711722270.0,1711722275.0,5.0,,15.0,55.0,5.0,34.0,2411001737.0,4.0,762584.0,poseidon,condorpool,poseidon-worker-2-container-44-47,generate_train,/srv/generate_train,,0.9,0,0,,,,,,,,,
stage_out_local_condorpool_4_0,None,transfer,0,1711722195.0,,,1711722200.0,,,0.0,1711722200.0,1711722205.0,,,0.0,1711722205.0,1711722210.0,5.0,,0.0,5.0,5.0,,,,,poseidon,local,poseidon-submit,pegasus::transfer,/mnt/poseidon-data/poseidon/pegasus-5.1.0panorama/bin/pegasus-transfer,/home/poseidon/pegasus-5.1.0panorama/bin/../bin/pegasus-kickstart  -n pegasus::transfer -N null -i - -R local  -L somospie -T 2024-03-27T17:59:14+00:00 /home/poseidon/pegasus-5.1.0panorama/bin/../bin/pegasus-transfer  --threads 2,2.4,0,0,,,,,,,,,
generate_train_ID0000027,None,compute,0,1711722195.0,,,1711722200.0,1711722201.0,1711722226.0,133022804.7,1711722200.0,1711722250.0,1711722237.0,1711722241.0,232230.0,1711722250.0,1711722255.0,5.0,,0.0,50.0,5.0,25.0,2411002607.0,4.0,764017.0,poseidon,condorpool,poseidon-worker-2-container-44-47,generate_train,/srv/generate_train,,0.9,0,0,,,,,,,,,
generate_train_ID0000038,None,compute,0,1711722195.0,,,1711722200.0,1711722201.0,1711722240.0,75544010.6,1711722200.0,1711722260.0,1711722251.0,1711722254.0,258725.0,1711722260.0,1711722265.0,5.0,,0.0,60.0,5.0,39.0,2411059770.0,3.0,837547.0,poseidon,condorpool,poseidon-worker-1-container-20-23,generate_train,/srv/generate_train,,0.8,0,0,,,,,,,,,
generate_train_ID0000037,None,compute,0,1711722195.0,,,1711722200.0,1711722201.0,1711722224.0,151490350.3,1711722200.0,1711722245.0,1711722236.0,1711722240.0,279744.0,1711722245.0,1711722250.0,5.0,,0.0,45.0,5.0,23.0,2411164025.0,4.0,969901.0,poseidon,condorpool,poseidon-worker-1-container-0-3,generate_train,/srv/generate_train,,1.0,0,0,,,,,,,,,
generate_train_ID0000035,None,compute,0,1711722195.0,,,1711722200.0,1711722215.0,1711722240.0,134768717.6,1711722215.0,1711722260.0,1711722251.0,1711722254.0,374712.0,1711722260.0,1711722265.0,5.0,,15.0,45.0,5.0,25.0,2411394544.0,3.0,1261244.0,poseidon,condorpool,poseidon-worker-2-container-40-43,generate_train,/srv/generate_train,,0.8,0,0,,,,,,,,,
register_condorpool_4_0,None,auxiliary,0,1711722210.0,,,1711722215.0,,,0.0,1711722220.0,1711722225.0,,,0.0,1711722225.0,1711722230.0,5.0,,5.0,5.0,5.0,,,,,poseidon,local,poseidon-submit,pegasus::rc-client,/mnt/poseidon-data/poseidon/pegasus-5.1.0panorama/bin/pegasus-rc-client,"-n pegasus::rc-client -N null -R local  -L somospie -T 2024-03-27T17:59:14+00:00 /home/poseidon/pegasus-5.1.0panorama/bin/pegasus-rc-client --prefix pegasus.catalog.replica.output --conf /mnt/poseidon-data/poseidon/workflows/SOMOSPIE/SOMOSPIE_pegasus/CombinedPipeline/submit/poseidon/pegasus/somospie/run0100/pegasus.5935429427919479998.properties -v --meta /mnt/poseidon-data/poseidon/workflows/SOMOSPIE/SOMOSPIE_pegasus/CombinedPipeline/submit/poseidon/pegasus/somospie/run0100/00/00/merge_avg_ID0000013.meta,/mnt/poseidon-data/poseidon/workflows/SOMOSPIE/SOMOSPIE_pegasus/CombinedPipeline/submit/poseidon/pegasus/somospie/run0100/00/00/merge_avg_ID0000012.meta,/mnt/poseidon-data/poseidon/workflows/SOMOSPIE/SOMOSPIE_pegasus/CombinedPipeline/submit/poseidon/pegasus/somospie/run0100/00/00/merge_avg_ID0000014.meta --insert /mnt/poseidon-data/poseidon/workflows/SOMOSPIE/SOMOSPIE_pegasus/CombinedPipeline/submit/poseidon/pegasus/somospie/run0100/00/00/register_condorpool_4_0.in",3.0,0,0,,,,,,,,,
stage_out_local_condorpool_5_0,None,transfer,0,1711722295.0,,,1711722300.0,,,0.0,1711722300.0,1711722310.0,,,0.0,1711722310.0,1711722315.0,5.0,,0.0,10.0,5.0,,,,,poseidon,local,poseidon-submit,pegasus::transfer,/mnt/poseidon-data/poseidon/pegasus-5.1.0panorama/bin/pegasus-transfer,/home/poseidon/pegasus-5.1.0panorama/bin/../bin/pegasus-kickstart  -n pegasus::transfer -N null -i - -R local  -L somospie -T 2024-03-27T17:59:14+00:00 /home/poseidon/pegasus-5.1.0panorama/bin/../bin/pegasus-transfer  --threads 2,3.7,0,0,,,,,,,,,
stage_out_local_condorpool_5_1,None,transfer,0,1711722295.0,,,1711722300.0,,,0.0,1711722300.0,1711722305.0,,,0.0,1711722305.0,1711722310.0,5.0,,0.0,5.0,5.0,,,,,poseidon,local,poseidon-submit,pegasus::transfer,/mnt/poseidon-data/poseidon/pegasus-5.1.0panorama/bin/pegasus-transfer,/home/poseidon/pegasus-5.1.0panorama/bin/../bin/pegasus-kickstart  -n pegasus::transfer -N null -i - -R local  -L somospie -T 2024-03-27T17:59:14+00:00 /home/poseidon/pegasus-5.1.0panorama/bin/../bin/pegasus-transfer  --threads 2,1.6,0,0,,,,,,,,,
register_condorpool_5_1,None,auxiliary,0,1711722310.0,,,1711722315.0,,,0.0,1711722315.0,1711722320.0,,,0.0,1711722320.0,1711722325.0,5.0,,0.0,5.0,5.0,,,,,poseidon,local,poseidon-submit,pegasus::rc-client,/mnt/poseidon-data/poseidon/pegasus-5.1.0panorama/bin/pegasus-rc-client,"-n pegasus::rc-client -N null -R local  -L somospie -T 2024-03-27T17:59:14+00:00 /home/poseidon/pegasus-5.1.0panorama/bin/pegasus-rc-client --prefix pegasus.catalog.replica.output --conf /mnt/poseidon-data/poseidon/workflows/SOMOSPIE/SOMOSPIE_pegasus/CombinedPipeline/submit/poseidon/pegasus/somospie/run0100/pegasus.5935429427919479998.properties -v --meta /mnt/poseidon-data/poseidon/workflows/SOMOSPIE/SOMOSPIE_pegasus/CombinedPipeline/submit/poseidon/pegasus/somospie/run0100/00/00/generate_train_ID0000028.meta,/mnt/poseidon-data/poseidon/workflows/SOMOSPIE/SOMOSPIE_pegasus/CombinedPipeline/submit/poseidon/pegasus/somospie/run0100/00/00/generate_train_ID0000027.meta,/mnt/poseidon-data/poseidon/workflows/SOMOSPIE/SOMOSPIE_pegasus/CombinedPipeline/submit/poseidon/pegasus/somospie/run0100/00/00/generate_train_ID0000038.meta,/mnt/poseidon-data/poseidon/workflows/SOMOSPIE/SOMOSPIE_pegasus/CombinedPipeline/submit/poseidon/pegasus/somospie/run0100/00/00/generate_train_ID0000033.meta,/mnt/poseidon-data/poseidon/workflows/SOMOSPIE/SOMOSPIE_pegasus/CombinedPipeline/submit/poseidon/pegasus/somospie/run0100/00/01/generate_train_ID0000030.meta,/mnt/poseidon-data/poseidon/workflows/SOMOSPIE/SOMOSPIE_pegasus/CombinedPipeline/submit/poseidon/pegasus/somospie/run0100/00/01/generate_eval_ID0000041.meta,/mnt/poseidon-data/poseidon/workflows/SOMOSPIE/SOMOSPIE_pegasus/CombinedPipeline/submit/poseidon/pegasus/somospie/run0100/00/01/generate_train_ID0000031.meta,/mnt/poseidon-data/poseidon/workflows/SOMOSPIE/SOMOSPIE_pegasus/CombinedPipeline/submit/poseidon/pegasus/somospie/run0100/00/01/generate_train_ID0000032.meta,/mnt/poseidon-data/poseidon/workflows/SOMOSPIE/SOMOSPIE_pegasus/CombinedPipeline/submit/poseidon/pegasus/somospie/run0100/00/00/generate_train_ID0000037.meta,/mnt/poseidon-data/poseidon/workflows/SOMOSPIE/SOMOSPIE_pegasus/CombinedPipeline/submit/poseidon/pegasus/somospie/run0100/00/01/generate_eval_ID0000040.meta,/mnt/poseidon-data/poseidon/workflows/SOMOSPIE/SOMOSPIE_pegasus/CombinedPipeline/submit/poseidon/pegasus/somospie/run0100/00/01/generate_eval_ID0000039.meta,/mnt/poseidon-data/poseidon/workflows/SOMOSPIE/SOMOSPIE_pegasus/CombinedPipeline/submit/poseidon/pegasus/somospie/run0100/00/00/generate_train_ID0000034.meta,/mnt/poseidon-data/poseidon/workflows/SOMOSPIE/SOMOSPIE_pegasus/CombinedPipeline/submit/poseidon/pegasus/somospie/run0100/00/01/generate_train_ID0000035.meta,/mnt/poseidon-data/poseidon/workflows/SOMOSPIE/SOMOSPIE_pegasus/CombinedPipeline/submit/poseidon/pegasus/somospie/run0100/00/01/generate_train_ID0000036.meta,/mnt/poseidon-data/poseidon/workflows/SOMOSPIE/SOMOSPIE_pegasus/CombinedPipeline/submit/poseidon/pegasus/somospie/run0100/00/01/generate_eval_ID0000042.meta,/mnt/poseidon-data/poseidon/workflows/SOMOSPIE/SOMOSPIE_pegasus/CombinedPipeline/submit/poseidon/pegasus/somospie/run0100/00/00/generate_train_ID0000029.meta --insert /mnt/poseidon-data/poseidon/workflows/SOMOSPIE/SOMOSPIE_pegasus/CombinedPipeline/submit/poseidon/pegasus/somospie/run0100/00/01/register_condorpool_5_1.in",3.2,0,0,,,,,,,,,
register_condorpool_5_0,None,auxiliary,0,1711722315.0,,,1711722325.0,,,0.0,1711722325.0,1711722330.0,,,0.0,1711722330.0,1711722335.0,10.0,,0.0,5.0,5.0,,,,,poseidon,local,poseidon-submit,pegasus::rc-client,/mnt/poseidon-data/poseidon/pegasus-5.1.0panorama/bin/pegasus-rc-client,"-n pegasus::rc-client -N null -R local  -L somospie -T 2024-03-27T17:59:14+00:00 /home/poseidon/pegasus-5.1.0panorama/bin/pegasus-rc-client --prefix pegasus.catalog.replica.output --conf /mnt/poseidon-data/poseidon/workflows/SOMOSPIE/SOMOSPIE_pegasus/CombinedPipeline/submit/poseidon/pegasus/somospie/run0100/pegasus.5935429427919479998.properties -v --meta /mnt/poseidon-data/poseidon/workflows/SOMOSPIE/SOMOSPIE_pegasus/CombinedPipeline/submit/poseidon/pegasus/somospie/run0100/00/00/generate_train_ID0000028.meta,/mnt/poseidon-data/poseidon/workflows/SOMOSPIE/SOMOSPIE_pegasus/CombinedPipeline/submit/poseidon/pegasus/somospie/run0100/00/00/generate_train_ID0000027.meta,/mnt/poseidon-data/poseidon/workflows/SOMOSPIE/SOMOSPIE_pegasus/CombinedPipeline/submit/poseidon/pegasus/somospie/run0100/00/00/generate_train_ID0000038.meta,/mnt/poseidon-data/poseidon/workflows/SOMOSPIE/SOMOSPIE_pegasus/CombinedPipeline/submit/poseidon/pegasus/somospie/run0100/00/00/generate_train_ID0000033.meta,/mnt/poseidon-data/poseidon/workflows/SOMOSPIE/SOMOSPIE_pegasus/CombinedPipeline/submit/poseidon/pegasus/somospie/run0100/00/01/generate_train_ID0000030.meta,/mnt/poseidon-data/poseidon/workflows/SOMOSPIE/SOMOSPIE_pegasus/CombinedPipeline/submit/poseidon/pegasus/somospie/run0100/00/01/generate_eval_ID0000041.meta,/mnt/poseidon-data/poseidon/workflows/SOMOSPIE/SOMOSPIE_pegasus/CombinedPipeline/submit/poseidon/pegasus/somospie/run0100/00/01/generate_train_ID0000031.meta,/mnt/poseidon-data/poseidon/workflows/SOMOSPIE/SOMOSPIE_pegasus/CombinedPipeline/submit/poseidon/pegasus/somospie/run0100/00/01/generate_train_ID0000032.meta,/mnt/poseidon-data/poseidon/workflows/SOMOSPIE/SOMOSPIE_pegasus/CombinedPipeline/submit/poseidon/pegasus/somospie/run0100/00/00/generate_train_ID0000037.meta,/mnt/poseidon-data/poseidon/workflows/SOMOSPIE/SOMOSPIE_pegasus/CombinedPipeline/submit/poseidon/pegasus/somospie/run0100/00/01/generate_eval_ID0000040.meta,/mnt/poseidon-data/poseidon/workflows/SOMOSPIE/SOMOSPIE_pegasus/CombinedPipeline/submit/poseidon/pegasus/somospie/run0100/00/01/generate_eval_ID0000039.meta,/mnt/poseidon-data/poseidon/workflows/SOMOSPIE/SOMOSPIE_pegasus/CombinedPipeline/submit/poseidon/pegasus/somospie/run0100/00/00/generate_train_ID0000034.meta,/mnt/poseidon-data/poseidon/workflows/SOMOSPIE/SOMOSPIE_pegasus/CombinedPipeline/submit/poseidon/pegasus/somospie/run0100/00/01/generate_train_ID0000035.meta,/mnt/poseidon-data/poseidon/workflows/SOMOSPIE/SOMOSPIE_pegasus/CombinedPipeline/submit/poseidon/pegasus/somospie/run0100/00/01/generate_train_ID0000036.meta,/mnt/poseidon-data/poseidon/workflows/SOMOSPIE/SOMOSPIE_pegasus/CombinedPipeline/submit/poseidon/pegasus/somospie/run0100/00/01/generate_eval_ID0000042.meta,/mnt/poseidon-data/poseidon/workflows/SOMOSPIE/SOMOSPIE_pegasus/CombinedPipeline/submit/poseidon/pegasus/somospie/run0100/00/00/generate_train_ID0000029.meta --insert /mnt/poseidon-data/poseidon/workflows/SOMOSPIE/SOMOSPIE_pegasus/CombinedPipeline/submit/poseidon/pegasus/somospie/run0100/00/01/register_condorpool_5_0.in",3.2,0,0,,,,,,,,,
cleanup_somospie_0_condorpool,None,auxiliary,0,1711722315.0,,,1711722320.0,,,0.0,1711722320.0,1711722325.0,,,0.0,1711722325.0,1711722330.0,5.0,,0.0,5.0,5.0,,,,,poseidon,local,poseidon-submit,pegasus::cleanup,/mnt/poseidon-data/poseidon/pegasus-5.1.0panorama/bin/pegasus-transfer,pegasus-kickstart  -n pegasus::cleanup -N null -i - -R local  -L somospie -T 2024-03-27T17:59:14+00:00 pegasus-transfer,0.2,0,0,,,,,,,,,
