,anomaly_type,type,is_clustered,ready,pre_script_start,pre_script_end,submit,stage_in_start,stage_in_end,stage_in_effective_bytes_per_sec,execute_start,execute_end,stage_out_start,stage_out_end,stage_out_effective_bytes_per_sec,post_script_start,post_script_end,wms_delay,pre_script_delay,queue_delay,runtime,post_script_delay,stage_in_delay,stage_in_bytes,stage_out_delay,stage_out_bytes,kickstart_user,kickstart_site,kickstart_hostname,kickstart_transformations,kickstart_executables,kickstart_executables_argv,kickstart_executables_cpu_time,kickstart_status,kickstart_executables_exitcode,kickstart_online_iowait,kickstart_online_bytes_read,kickstart_online_bytes_written,kickstart_online_read_system_calls,kickstart_online_write_system_calls,kickstart_online_utime,kickstart_online_stime,kickstart_online_bytes_read_per_second,kickstart_online_bytes_written_per_second
create_dir_somospie_0_condorpool,None,auxiliary,0,1711898927.0,,,1711898928.0,,,0.0,1711898933.0,1711898938.0,,,0.0,1711898938.0,1711898943.0,1.0,,5.0,5.0,5.0,,,,,poseidon,local,poseidon-submit,pegasus::dirmanager,/mnt/poseidon-data/poseidon/pegasus-5.1.0panorama/bin/pegasus-transfer,pegasus-kickstart  -n pegasus::dirmanager -N null -i - -R local  -L somospie -T 2024-03-27T17:59:14+00:00 pegasus-transfer,0.2,0,0,,,,,,,,,
merge_ID0000001,None,compute,0,1711898943.0,,,1711898948.0,1711898949.0,1711898970.0,130046960.8,1711898948.0,1711899023.0,1711899003.0,1711899017.0,91497306.0,1711899023.0,1711899028.0,5.0,,0.0,75.0,5.0,21.0,1726068480.0,14.0,1298102725.0,poseidon,condorpool,poseidon-worker-1-container-36-39,merge,/srv/merge,,41.1,0,0,0.0,979653157.0,1294597442.0,10762.0,39542.0,34.5,2.1,48982657.8,64729872.1
get_sm_ID0000018,None,compute,0,1711898943.0,,,1711898948.0,1711898949.0,1711898968.0,39718015.7,1711898948.0,1711898988.0,1711898975.0,1711898978.0,220846.0,1711898988.0,1711898993.0,5.0,,0.0,40.0,5.0,19.0,449409643.0,3.0,716593.0,poseidon,condorpool,poseidon-worker-1-container-0-3,get_sm,/srv/get_sm,,1.9,0,0,,,,,,,,,
get_sm_ID0000017,None,compute,0,1711898943.0,,,1711898948.0,1711898949.0,1711898970.0,29376700.8,1711898948.0,1711898988.0,1711898977.0,1711898980.0,189786.0,1711898988.0,1711898993.0,5.0,,0.0,40.0,5.0,21.0,444771924.0,3.0,613264.0,poseidon,condorpool,poseidon-worker-1-container-40-43,get_sm,/srv/get_sm,,1.9,0,0,,,,,,,,,
get_sm_ID0000016,cpu_3,compute,0,1711898943.0,,,1711898948.0,1711898949.0,1711898971.0,29162184.7,1711898948.0,1711898988.0,1711898978.0,1711898981.0,172858.0,1711898988.0,1711898993.0,5.0,,0.0,40.0,5.0,22.0,436178789.0,3.0,550490.0,poseidon,condorpool,poseidon-worker-1-container-28-31,get_sm,/srv/get_sm,,1.7,0,0,,,,,,,,,
get_sm_ID0000026,None,compute,0,1711898943.0,,,1711898948.0,1711898949.0,1711898969.0,35120376.7,1711898948.0,1711898988.0,1711898976.0,1711898980.0,188898.0,1711898988.0,1711898993.0,5.0,,0.0,40.0,5.0,20.0,442257808.0,4.0,608523.0,poseidon,condorpool,poseidon-worker-2-container-4-7,get_sm,/srv/get_sm,,1.9,0,0,,,,,,,,,
get_sm_ID0000015,cpu_3,compute,0,1711898943.0,,,1711898948.0,1711898949.0,1711898969.0,31388480.0,1711898948.0,1711898988.0,1711898976.0,1711898979.0,173467.0,1711898988.0,1711898993.0,5.0,,0.0,40.0,5.0,20.0,440090843.0,3.0,551360.0,poseidon,condorpool,poseidon-worker-2-container-32-35,get_sm,/srv/get_sm,,1.8,0,0,,,,,,,,,
get_sm_ID0000019,None,compute,0,1711898943.0,,,1711898948.0,1711898949.0,1711898968.0,40852626.8,1711898948.0,1711898988.0,1711898975.0,1711898978.0,271569.0,1711898988.0,1711898993.0,5.0,,0.0,40.0,5.0,19.0,459739344.0,3.0,873152.0,poseidon,condorpool,poseidon-worker-2-container-24-27,get_sm,/srv/get_sm,,1.9,0,0,,,,,,,,,
get_sm_ID0000024,None,compute,0,1711898943.0,,,1711898948.0,1711898949.0,1711898968.0,41157435.0,1711898948.0,1711898988.0,1711898975.0,1711898978.0,258188.0,1711898988.0,1711898993.0,5.0,,0.0,40.0,5.0,19.0,457521962.0,3.0,830231.0,poseidon,condorpool,poseidon-worker-2-container-28-31,get_sm,/srv/get_sm,,1.9,0,0,,,,,,,,,
get_sm_ID0000023,cpu_3,compute,0,1711898943.0,,,1711898948.0,1711898949.0,1711898970.0,33396988.2,1711898948.0,1711898988.0,1711898977.0,1711898980.0,292979.0,1711898988.0,1711898993.0,5.0,,0.0,40.0,5.0,21.0,467398273.0,3.0,943297.0,poseidon,condorpool,poseidon-worker-2-container-20-23,get_sm,/srv/get_sm,,1.9,0,0,,,,,,,,,
get_sm_ID0000022,cpu_3,compute,0,1711898943.0,,,1711898948.0,1711898949.0,1711898971.0,30787043.1,1711898948.0,1711898988.0,1711898978.0,1711898982.0,296554.0,1711898988.0,1711898993.0,5.0,,0.0,40.0,5.0,22.0,475800760.0,4.0,952852.0,poseidon,condorpool,poseidon-worker-2-container-36-39,get_sm,/srv/get_sm,,1.9,0,0,,,,,,,,,
get_sm_ID0000021,None,compute,0,1711898943.0,,,1711898948.0,1711898949.0,1711898971.0,29973480.1,1711898948.0,1711898988.0,1711898978.0,1711898981.0,295477.0,1711898988.0,1711898993.0,5.0,,0.0,40.0,5.0,22.0,475840244.0,3.0,951505.0,poseidon,condorpool,poseidon-worker-2-container-40-43,get_sm,/srv/get_sm,,1.9,0,0,,,,,,,,,
get_sm_ID0000020,cpu_3,compute,0,1711898943.0,,,1711898948.0,1711898949.0,1711898970.0,31835574.8,1711898948.0,1711898988.0,1711898977.0,1711898981.0,294702.0,1711898988.0,1711898993.0,5.0,,0.0,40.0,5.0,21.0,470635724.0,4.0,945682.0,poseidon,condorpool,poseidon-worker-2-container-44-47,get_sm,/srv/get_sm,,1.9,0,0,,,,,,,,,
get_sm_ID0000025,None,compute,0,1711898943.0,,,1711898948.0,1711898949.0,1711898968.0,35472178.4,1711898948.0,1711898988.0,1711898975.0,1711898978.0,216575.0,1711898988.0,1711898993.0,5.0,,0.0,40.0,5.0,19.0,447555942.0,3.0,712778.0,poseidon,condorpool,poseidon-worker-1-container-44-47,get_sm,/srv/get_sm,,1.8,0,0,,,,,,,,,
stage_out_local_condorpool_0_1,None,transfer,0,1711898993.0,,,1711898998.0,,,0.0,1711898998.0,1711899003.0,,,0.0,1711899003.0,1711899008.0,5.0,,0.0,5.0,5.0,,,,,poseidon,local,poseidon-submit,pegasus::transfer,/mnt/poseidon-data/poseidon/pegasus-5.1.0panorama/bin/pegasus-transfer,/home/poseidon/pegasus-5.1.0panorama/bin/../bin/pegasus-kickstart  -n pegasus::transfer -N null -i - -R local  -L somospie -T 2024-03-27T17:59:14+00:00 /home/poseidon/pegasus-5.1.0panorama/bin/../bin/pegasus-transfer  --threads 2,0.7,0,0,,,,,,,,,
register_condorpool_0_1,None,auxiliary,0,1711899008.0,,,1711899013.0,,,0.0,1711899013.0,1711899018.0,,,0.0,1711899018.0,1711899023.0,5.0,,0.0,5.0,5.0,,,,,poseidon,local,poseidon-submit,pegasus::rc-client,/mnt/poseidon-data/poseidon/pegasus-5.1.0panorama/bin/pegasus-rc-client,"-n pegasus::rc-client -N null -R local  -L somospie -T 2024-03-27T17:59:14+00:00 /home/poseidon/pegasus-5.1.0panorama/bin/pegasus-rc-client --prefix pegasus.catalog.replica.output --conf /mnt/poseidon-data/poseidon/workflows/SOMOSPIE/SOMOSPIE_pegasus/CombinedPipeline/submit/poseidon/pegasus/somospie/run0259/pegasus.10751002909455770287.properties -v --meta /mnt/poseidon-data/poseidon/workflows/SOMOSPIE/SOMOSPIE_pegasus/CombinedPipeline/submit/poseidon/pegasus/somospie/run0259/00/00/get_sm_ID0000020.meta,/mnt/poseidon-data/poseidon/workflows/SOMOSPIE/SOMOSPIE_pegasus/CombinedPipeline/submit/poseidon/pegasus/somospie/run0259/00/00/get_sm_ID0000024.meta,/mnt/poseidon-data/poseidon/workflows/SOMOSPIE/SOMOSPIE_pegasus/CombinedPipeline/submit/poseidon/pegasus/somospie/run0259/00/00/get_sm_ID0000026.meta,/mnt/poseidon-data/poseidon/workflows/SOMOSPIE/SOMOSPIE_pegasus/CombinedPipeline/submit/poseidon/pegasus/somospie/run0259/00/00/get_sm_ID0000019.meta,/mnt/poseidon-data/poseidon/workflows/SOMOSPIE/SOMOSPIE_pegasus/CombinedPipeline/submit/poseidon/pegasus/somospie/run0259/00/00/get_sm_ID0000016.meta,/mnt/poseidon-data/poseidon/workflows/SOMOSPIE/SOMOSPIE_pegasus/CombinedPipeline/submit/poseidon/pegasus/somospie/run0259/00/00/get_sm_ID0000022.meta --insert /mnt/poseidon-data/poseidon/workflows/SOMOSPIE/SOMOSPIE_pegasus/CombinedPipeline/submit/poseidon/pegasus/somospie/run0259/00/00/register_condorpool_0_1.in",2.7,0,0,,,,,,,,,
reproject_ID0000002,cpu_3,compute,0,1711899028.0,,,1711899033.0,1711899039.0,1711899058.0,143593948.3,1711899038.0,1711899138.0,1711899116.0,1711899128.0,88456212.0,1711899138.0,1711899143.0,5.0,,5.0,100.0,5.0,19.0,1696973986.0,12.0,1125581407.0,poseidon,condorpool,poseidon-worker-2-container-44-47,reproject,/srv/reproject,,44.8,0,0,0.0,1444496442.0,936030911.0,48136.0,28596.0,36.7,3.1,36112411.0,23400772.8
reproject_ID0000011,None,compute,0,1711899028.0,,,1711899033.0,1711899034.0,1711899053.0,139087889.7,1711899033.0,1711899113.0,1711899089.0,1711899103.0,91531867.0,1711899113.0,1711899118.0,5.0,,0.0,80.0,5.0,19.0,1696973136.0,14.0,1298118839.0,poseidon,condorpool,poseidon-worker-1-container-36-39,reproject,/srv/reproject,,54.2,0,0,0.0,1309312093.0,1295318342.0,18407.0,39567.0,44.8,3.7,65465604.7,64765917.1
stage_out_local_condorpool_0_0,None,transfer,0,1711899028.0,,,1711899033.0,,,0.0,1711899033.0,1711899043.0,,,0.0,1711899043.0,1711899048.0,5.0,,0.0,10.0,5.0,,,,,poseidon,local,poseidon-submit,pegasus::transfer,/mnt/poseidon-data/poseidon/pegasus-5.1.0panorama/bin/pegasus-transfer,/home/poseidon/pegasus-5.1.0panorama/bin/../bin/pegasus-kickstart  -n pegasus::transfer -N null -i - -R local  -L somospie -T 2024-03-27T17:59:14+00:00 /home/poseidon/pegasus-5.1.0panorama/bin/../bin/pegasus-transfer  --threads 2,3.9,0,0,,,,,,,,,
register_condorpool_0_0,None,auxiliary,0,1711899048.0,,,1711899053.0,,,0.0,1711899053.0,1711899058.0,,,0.0,1711899058.0,1711899063.0,5.0,,0.0,5.0,5.0,,,,,poseidon,local,poseidon-submit,pegasus::rc-client,/mnt/poseidon-data/poseidon/pegasus-5.1.0panorama/bin/pegasus-rc-client,"-n pegasus::rc-client -N null -R local  -L somospie -T 2024-03-27T17:59:14+00:00 /home/poseidon/pegasus-5.1.0panorama/bin/pegasus-rc-client --prefix pegasus.catalog.replica.output --conf /mnt/poseidon-data/poseidon/workflows/SOMOSPIE/SOMOSPIE_pegasus/CombinedPipeline/submit/poseidon/pegasus/somospie/run0259/pegasus.10751002909455770287.properties -v --meta /mnt/poseidon-data/poseidon/workflows/SOMOSPIE/SOMOSPIE_pegasus/CombinedPipeline/submit/poseidon/pegasus/somospie/run0259/00/00/get_sm_ID0000015.meta,/mnt/poseidon-data/poseidon/workflows/SOMOSPIE/SOMOSPIE_pegasus/CombinedPipeline/submit/poseidon/pegasus/somospie/run0259/00/00/get_sm_ID0000023.meta,/mnt/poseidon-data/poseidon/workflows/SOMOSPIE/SOMOSPIE_pegasus/CombinedPipeline/submit/poseidon/pegasus/somospie/run0259/00/00/get_sm_ID0000018.meta,/mnt/poseidon-data/poseidon/workflows/SOMOSPIE/SOMOSPIE_pegasus/CombinedPipeline/submit/poseidon/pegasus/somospie/run0259/00/00/get_sm_ID0000017.meta,/mnt/poseidon-data/poseidon/workflows/SOMOSPIE/SOMOSPIE_pegasus/CombinedPipeline/submit/poseidon/pegasus/somospie/run0259/00/00/merge_ID0000001.meta,/mnt/poseidon-data/poseidon/workflows/SOMOSPIE/SOMOSPIE_pegasus/CombinedPipeline/submit/poseidon/pegasus/somospie/run0259/00/00/get_sm_ID0000021.meta,/mnt/poseidon-data/poseidon/workflows/SOMOSPIE/SOMOSPIE_pegasus/CombinedPipeline/submit/poseidon/pegasus/somospie/run0259/00/00/get_sm_ID0000025.meta --insert /mnt/poseidon-data/poseidon/workflows/SOMOSPIE/SOMOSPIE_pegasus/CombinedPipeline/submit/poseidon/pegasus/somospie/run0259/00/00/register_condorpool_0_0.in",2.7,0,0,,,,,,,,,
crop_ID0000003,None,compute,0,1711899143.0,,,1711899148.0,1711899149.0,1711899167.0,132696336.2,1711899148.0,1711899188.0,1711899177.0,1711899180.0,772553.0,1711899188.0,1711899193.0,5.0,,0.0,40.0,5.0,18.0,1524452582.0,3.0,2530349.0,poseidon,condorpool,poseidon-worker-1-container-36-39,crop,/srv/crop,,1.9,0,0,,,,,,,,,
stage_out_local_condorpool_1_0,None,transfer,0,1711899143.0,,,1711899148.0,,,0.0,1711899148.0,1711899158.0,,,0.0,1711899158.0,1711899163.0,5.0,,0.0,10.0,5.0,,,,,poseidon,local,poseidon-submit,pegasus::transfer,/mnt/poseidon-data/poseidon/pegasus-5.1.0panorama/bin/pegasus-transfer,/home/poseidon/pegasus-5.1.0panorama/bin/../bin/pegasus-kickstart  -n pegasus::transfer -N null -i - -R local  -L somospie -T 2024-03-27T17:59:14+00:00 /home/poseidon/pegasus-5.1.0panorama/bin/../bin/pegasus-transfer  --threads 2,6.1,0,0,,,,,,,,,
crop_ID0000009,None,compute,0,1711899143.0,,,1711899148.0,1711899149.0,1711899168.0,134169387.8,1711899148.0,1711899193.0,1711899179.0,1711899183.0,24694044.0,1711899193.0,1711899198.0,5.0,,0.0,45.0,5.0,19.0,1524452582.0,4.0,99654844.0,poseidon,condorpool,poseidon-worker-1-container-36-39,crop,/srv/crop,,2.9,0,0,,,,,,,,,
crop_ID0000007,cpu_3,compute,0,1711899143.0,,,1711899148.0,1711899149.0,1711899168.0,131737002.6,1711899148.0,1711899198.0,1711899185.0,1711899190.0,40378415.0,1711899198.0,1711899203.0,5.0,,0.0,50.0,5.0,19.0,1524452582.0,5.0,194227221.0,poseidon,condorpool,poseidon-worker-2-container-44-47,crop,/srv/crop,,3.9,0,0,,,,,,,,,
crop_ID0000005,cpu_3,compute,0,1711899143.0,,,1711899148.0,1711899150.0,1711899168.0,132595778.4,1711899148.0,1711899193.0,1711899182.0,1711899186.0,1279905.0,1711899193.0,1711899198.0,5.0,,0.0,45.0,5.0,18.0,1524452582.0,4.0,4263385.0,poseidon,condorpool,poseidon-worker-2-container-44-47,crop,/srv/crop,,1.8,0,0,,,,,,,,,
register_condorpool_1_0,None,auxiliary,0,1711899163.0,,,1711899168.0,,,0.0,1711899168.0,1711899173.0,,,0.0,1711899173.0,1711899178.0,5.0,,0.0,5.0,5.0,,,,,poseidon,local,poseidon-submit,pegasus::rc-client,/mnt/poseidon-data/poseidon/pegasus-5.1.0panorama/bin/pegasus-rc-client,"-n pegasus::rc-client -N null -R local  -L somospie -T 2024-03-27T17:59:14+00:00 /home/poseidon/pegasus-5.1.0panorama/bin/pegasus-rc-client --prefix pegasus.catalog.replica.output --conf /mnt/poseidon-data/poseidon/workflows/SOMOSPIE/SOMOSPIE_pegasus/CombinedPipeline/submit/poseidon/pegasus/somospie/run0259/pegasus.10751002909455770287.properties -v --meta /mnt/poseidon-data/poseidon/workflows/SOMOSPIE/SOMOSPIE_pegasus/CombinedPipeline/submit/poseidon/pegasus/somospie/run0259/00/00/reproject_ID0000011.meta,/mnt/poseidon-data/poseidon/workflows/SOMOSPIE/SOMOSPIE_pegasus/CombinedPipeline/submit/poseidon/pegasus/somospie/run0259/00/00/reproject_ID0000002.meta --insert /mnt/poseidon-data/poseidon/workflows/SOMOSPIE/SOMOSPIE_pegasus/CombinedPipeline/submit/poseidon/pegasus/somospie/run0259/00/00/register_condorpool_1_0.in",2.8,0,0,,,,,,,,,
compute_ID0000004,None,compute,0,1711899193.0,,,1711899198.0,1711899200.0,1711899213.0,58550253.0,1711899199.0,1711899233.0,1711899223.0,1711899227.0,1584468.0,1711899233.0,1711899238.0,5.0,,1.0,34.0,5.0,13.0,401401061.0,4.0,5326886.0,poseidon,condorpool,poseidon-worker-1-container-36-39,compute,/srv/compute,,5.1,0,0,,,,,,,,,
compute_ID0000006,None,compute,0,1711899198.0,,,1711899203.0,1711899219.0,1711899233.0,62343230.0,1711899218.0,1711899253.0,1711899243.0,1711899246.0,2911871.0,1711899253.0,1711899258.0,5.0,,15.0,35.0,5.0,14.0,403134097.0,3.0,9696865.0,poseidon,condorpool,poseidon-worker-2-container-40-43,compute,/srv/compute,,5.3,0,0,,,,,,,,,
compute_ID0000010,cpu_3,compute,0,1711899198.0,,,1711899203.0,1711899204.0,1711899218.0,70005301.0,1711899203.0,1711899248.0,1711899236.0,1711899242.0,46218003.0,1711899248.0,1711899253.0,5.0,,0.0,45.0,5.0,14.0,498525556.0,6.0,250017804.0,poseidon,condorpool,poseidon-worker-2-container-44-47,compute,/srv/compute,,11.7,0,0,0.0,303803929.0,241702629.0,4522.0,7402.0,9.3,0.7,30380392.9,24170262.9
compute_ID0000008,cpu_3,compute,0,1711899203.0,,,1711899208.0,1711899219.0,1711899234.0,78860458.0,1711899218.0,1711899273.0,1711899259.0,1711899266.0,67154310.0,1711899273.0,1711899278.0,5.0,,10.0,55.0,5.0,15.0,593097933.0,7.0,506706062.0,poseidon,condorpool,poseidon-worker-2-container-36-39,compute,/srv/compute,,17.3,0,0,0.0,325157537.0,352562274.0,4115.0,10776.0,9.3,0.7,32515753.7,35256227.4
stage_out_local_condorpool_2_0,None,transfer,0,1711899203.0,,,1711899208.0,,,0.0,1711899209.0,1711899218.0,,,0.0,1711899218.0,1711899223.0,5.0,,1.0,9.0,5.0,,,,,poseidon,local,poseidon-submit,pegasus::transfer,/mnt/poseidon-data/poseidon/pegasus-5.1.0panorama/bin/pegasus-transfer,/home/poseidon/pegasus-5.1.0panorama/bin/../bin/pegasus-kickstart  -n pegasus::transfer -N null -i - -R local  -L somospie -T 2024-03-27T17:59:14+00:00 /home/poseidon/pegasus-5.1.0panorama/bin/../bin/pegasus-transfer  --threads 2,1.2,0,0,,,,,,,,,
register_condorpool_2_0,None,auxiliary,0,1711899223.0,,,1711899228.0,,,0.0,1711899228.0,1711899233.0,,,0.0,1711899233.0,1711899238.0,5.0,,0.0,5.0,5.0,,,,,poseidon,local,poseidon-submit,pegasus::rc-client,/mnt/poseidon-data/poseidon/pegasus-5.1.0panorama/bin/pegasus-rc-client,"-n pegasus::rc-client -N null -R local  -L somospie -T 2024-03-27T17:59:14+00:00 /home/poseidon/pegasus-5.1.0panorama/bin/pegasus-rc-client --prefix pegasus.catalog.replica.output --conf /mnt/poseidon-data/poseidon/workflows/SOMOSPIE/SOMOSPIE_pegasus/CombinedPipeline/submit/poseidon/pegasus/somospie/run0259/pegasus.10751002909455770287.properties -v --meta /mnt/poseidon-data/poseidon/workflows/SOMOSPIE/SOMOSPIE_pegasus/CombinedPipeline/submit/poseidon/pegasus/somospie/run0259/00/00/crop_ID0000007.meta,/mnt/poseidon-data/poseidon/workflows/SOMOSPIE/SOMOSPIE_pegasus/CombinedPipeline/submit/poseidon/pegasus/somospie/run0259/00/00/crop_ID0000009.meta,/mnt/poseidon-data/poseidon/workflows/SOMOSPIE/SOMOSPIE_pegasus/CombinedPipeline/submit/poseidon/pegasus/somospie/run0259/00/00/crop_ID0000003.meta,/mnt/poseidon-data/poseidon/workflows/SOMOSPIE/SOMOSPIE_pegasus/CombinedPipeline/submit/poseidon/pegasus/somospie/run0259/00/00/crop_ID0000005.meta --insert /mnt/poseidon-data/poseidon/workflows/SOMOSPIE/SOMOSPIE_pegasus/CombinedPipeline/submit/poseidon/pegasus/somospie/run0259/00/00/register_condorpool_2_0.in",2.8,0,0,,,,,,,,,
merge_avg_ID0000014,None,compute,0,1711899278.0,,,1711899283.0,1711899284.0,1711899300.0,84217246.5,1711899283.0,1711899353.0,1711899342.0,1711899347.0,53417346.0,1711899353.0,1711899358.0,5.0,,0.0,70.0,5.0,16.0,737559838.0,5.0,309527239.0,poseidon,condorpool,poseidon-worker-2-container-40-43,merge_avg,/srv/merge_avg,,45.6,0,0,0.0,1100737423.0,671354302.0,49994.0,20599.0,23.3,6.6,36691247.4,22378476.7
merge_avg_ID0000012,cpu_3,compute,0,1711899278.0,,,1711899283.0,1711899284.0,1711899300.0,78165599.5,1711899283.0,1711899364.0,1711899348.0,1711899354.0,53290240.0,1711899364.0,1711899369.0,5.0,,0.0,81.0,5.0,16.0,731979063.0,6.0,304811410.0,poseidon,condorpool,poseidon-worker-2-container-36-39,merge_avg,/srv/merge_avg,,40.5,0,0,0.0,1155417277.0,943800157.0,49370.0,28929.0,30.4,6.9,28885431.9,23595003.9
merge_avg_ID0000013,None,compute,0,1711899278.0,,,1711899283.0,1711899284.0,1711899299.0,68270891.6,1711899283.0,1711899348.0,1711899335.0,1711899339.0,24036359.0,1711899348.0,1711899353.0,5.0,,0.0,65.0,5.0,15.0,498824437.0,4.0,98388765.0,poseidon,condorpool,poseidon-worker-1-container-36-39,merge_avg,/srv/merge_avg,,40.7,0,0,0.0,450138257.0,288130832.0,46494.0,8921.0,29.8,7.8,15004608.6,9604361.1
stage_out_local_condorpool_3_0,None,transfer,0,1711899278.0,,,1711899283.0,,,0.0,1711899283.0,1711899293.0,,,0.0,1711899293.0,1711899298.0,5.0,,0.0,10.0,5.0,,,,,poseidon,local,poseidon-submit,pegasus::transfer,/mnt/poseidon-data/poseidon/pegasus-5.1.0panorama/bin/pegasus-transfer,/home/poseidon/pegasus-5.1.0panorama/bin/../bin/pegasus-kickstart  -n pegasus::transfer -N null -i - -R local  -L somospie -T 2024-03-27T17:59:14+00:00 /home/poseidon/pegasus-5.1.0panorama/bin/../bin/pegasus-transfer  --threads 2,3.0,0,0,,,,,,,,,
register_condorpool_3_0,None,auxiliary,0,1711899298.0,,,1711899303.0,,,0.0,1711899303.0,1711899308.0,,,0.0,1711899308.0,1711899313.0,5.0,,0.0,5.0,5.0,,,,,poseidon,local,poseidon-submit,pegasus::rc-client,/mnt/poseidon-data/poseidon/pegasus-5.1.0panorama/bin/pegasus-rc-client,"-n pegasus::rc-client -N null -R local  -L somospie -T 2024-03-27T17:59:14+00:00 /home/poseidon/pegasus-5.1.0panorama/bin/pegasus-rc-client --prefix pegasus.catalog.replica.output --conf /mnt/poseidon-data/poseidon/workflows/SOMOSPIE/SOMOSPIE_pegasus/CombinedPipeline/submit/poseidon/pegasus/somospie/run0259/pegasus.10751002909455770287.properties -v --meta /mnt/poseidon-data/poseidon/workflows/SOMOSPIE/SOMOSPIE_pegasus/CombinedPipeline/submit/poseidon/pegasus/somospie/run0259/00/00/compute_ID0000010.meta,/mnt/poseidon-data/poseidon/workflows/SOMOSPIE/SOMOSPIE_pegasus/CombinedPipeline/submit/poseidon/pegasus/somospie/run0259/00/00/compute_ID0000004.meta,/mnt/poseidon-data/poseidon/workflows/SOMOSPIE/SOMOSPIE_pegasus/CombinedPipeline/submit/poseidon/pegasus/somospie/run0259/00/00/compute_ID0000006.meta,/mnt/poseidon-data/poseidon/workflows/SOMOSPIE/SOMOSPIE_pegasus/CombinedPipeline/submit/poseidon/pegasus/somospie/run0259/00/00/compute_ID0000008.meta --insert /mnt/poseidon-data/poseidon/workflows/SOMOSPIE/SOMOSPIE_pegasus/CombinedPipeline/submit/poseidon/pegasus/somospie/run0259/00/00/register_condorpool_3_0.in",2.7,0,0,,,,,,,,,
generate_eval_ID0000039,None,compute,0,1711899369.0,,,1711899374.0,1711899384.0,1711899410.0,127089958.2,1711899383.0,1711899439.0,1711899428.0,1711899431.0,2713330.0,1711899439.0,1711899444.0,5.0,,9.0,56.0,5.0,26.0,2410452250.0,3.0,9068473.0,poseidon,condorpool,poseidon-worker-2-container-24-27,generate_eval,/srv/generate_eval,,7.6,0,0,,,,,,,,,
generate_train_ID0000032,None,compute,0,1711899369.0,,,1711899374.0,1711899384.0,1711899413.0,113941756.2,1711899383.0,1711899434.0,1711899423.0,1711899426.0,395549.0,1711899434.0,1711899439.0,5.0,,9.0,51.0,5.0,29.0,2411396929.0,3.0,1265871.0,poseidon,condorpool,poseidon-worker-1-container-0-3,generate_train,/srv/generate_train,,0.8,0,0,,,,,,,,,
generate_eval_ID0000042,None,compute,0,1711899369.0,,,1711899374.0,1711899384.0,1711899410.0,128075710.0,1711899383.0,1711899444.0,1711899432.0,1711899438.0,46159765.0,1711899444.0,1711899449.0,5.0,,9.0,61.0,5.0,26.0,2410452250.0,6.0,240602325.0,poseidon,condorpool,poseidon-worker-1-container-40-43,generate_eval,/srv/generate_eval,,11.4,0,0,0.0,238677881.0,238565648.0,4164.0,7324.0,9.2,0.8,23867788.1,23856564.8
generate_train_ID0000031,cpu_3,compute,0,1711899369.0,,,1711899374.0,1711899384.0,1711899409.0,138977544.5,1711899383.0,1711899429.0,1711899419.0,1711899423.0,368544.0,1711899429.0,1711899434.0,5.0,,9.0,46.0,5.0,25.0,2411324399.0,4.0,1175014.0,poseidon,condorpool,poseidon-worker-1-container-28-31,generate_train,/srv/generate_train,,0.8,0,0,,,,,,,,,
generate_train_ID0000030,None,compute,0,1711899369.0,,,1711899374.0,1711899384.0,1711899413.0,112898571.3,1711899383.0,1711899434.0,1711899425.0,1711899428.0,304663.0,1711899434.0,1711899439.0,5.0,,9.0,51.0,5.0,29.0,2411167840.0,3.0,973028.0,poseidon,condorpool,poseidon-worker-2-container-4-7,generate_train,/srv/generate_train,,0.8,0,0,,,,,,,,,
generate_eval_ID0000040,cpu_3,compute,0,1711899369.0,,,1711899374.0,1711899384.0,1711899413.0,110830566.8,1711899383.0,1711899444.0,1711899431.0,1711899435.0,2554425.0,1711899444.0,1711899449.0,5.0,,9.0,61.0,5.0,29.0,2410452250.0,4.0,8350187.0,poseidon,condorpool,poseidon-worker-2-container-32-35,generate_eval,/srv/generate_eval,,8.0,0,0,,,,,,,,,
generate_eval_ID0000041,None,compute,0,1711899369.0,,,1711899374.0,1711899384.0,1711899410.0,128349341.3,1711899383.0,1711899454.0,1711899438.0,1711899446.0,70778715.0,1711899454.0,1711899459.0,5.0,,9.0,71.0,5.0,26.0,2410452250.0,8.0,561272484.0,poseidon,condorpool,poseidon-worker-1-container-44-47,generate_eval,/srv/generate_eval,,15.5,0,0,0.0,341484372.0,336607494.0,4704.0,10308.0,9.1,0.9,34148437.2,33660749.4
generate_train_ID0000036,None,compute,0,1711899369.0,,,1711899374.0,1711899384.0,1711899410.0,133066433.7,1711899383.0,1711899434.0,1711899421.0,1711899424.0,346140.0,1711899434.0,1711899439.0,5.0,,9.0,51.0,5.0,26.0,2411281478.0,3.0,1118721.0,poseidon,condorpool,poseidon-worker-2-container-28-31,generate_train,/srv/generate_train,,0.8,0,0,,,,,,,,,
generate_train_ID0000033,None,compute,0,1711899369.0,,,1711899374.0,1711899384.0,1711899408.0,142187757.8,1711899383.0,1711899429.0,1711899419.0,1711899422.0,397265.0,1711899429.0,1711899434.0,5.0,,9.0,46.0,5.0,24.0,2411402752.0,3.0,1274805.0,poseidon,condorpool,poseidon-worker-1-container-36-39,generate_train,/srv/generate_train,,0.9,0,0,,,,,,,,,
generate_train_ID0000034,cpu_3,compute,0,1711899369.0,,,1711899374.0,1711899384.0,1711899413.0,115991965.0,1711899383.0,1711899434.0,1711899424.0,1711899427.0,397063.0,1711899434.0,1711899439.0,5.0,,9.0,51.0,5.0,29.0,2411404099.0,3.0,1275159.0,poseidon,condorpool,poseidon-worker-2-container-44-47,generate_train,/srv/generate_train,,0.8,0,0,,,,,,,,,
generate_train_ID0000029,cpu_3,compute,0,1711899369.0,,,1711899374.0,1711899384.0,1711899419.0,89681963.3,1711899383.0,1711899439.0,1711899430.0,1711899433.0,264547.0,1711899439.0,1711899444.0,5.0,,9.0,56.0,5.0,35.0,2411064511.0,3.0,843408.0,poseidon,condorpool,poseidon-worker-2-container-36-39,generate_train,/srv/generate_train,,0.8,0,0,,,,,,,,,
generate_train_ID0000028,None,compute,0,1711899369.0,,,1711899374.0,1711899384.0,1711899417.0,95189209.9,1711899383.0,1711899439.0,1711899428.0,1711899431.0,237874.0,1711899439.0,1711899444.0,5.0,,9.0,56.0,5.0,33.0,2411001737.0,3.0,762584.0,poseidon,condorpool,poseidon-worker-2-container-40-43,generate_train,/srv/generate_train,,0.8,0,0,,,,,,,,,
stage_out_local_condorpool_4_0,None,transfer,0,1711899369.0,,,1711899374.0,,,0.0,1711899374.0,1711899379.0,,,0.0,1711899379.0,1711899384.0,5.0,,0.0,5.0,5.0,,,,,poseidon,local,poseidon-submit,pegasus::transfer,/mnt/poseidon-data/poseidon/pegasus-5.1.0panorama/bin/pegasus-transfer,/home/poseidon/pegasus-5.1.0panorama/bin/../bin/pegasus-kickstart  -n pegasus::transfer -N null -i - -R local  -L somospie -T 2024-03-27T17:59:14+00:00 /home/poseidon/pegasus-5.1.0panorama/bin/../bin/pegasus-transfer  --threads 2,2.1,0,0,,,,,,,,,
generate_train_ID0000027,None,compute,0,1711899369.0,,,1711899374.0,1711899375.0,1711899398.0,149045548.5,1711899374.0,1711899419.0,1711899409.0,1711899413.0,225550.0,1711899419.0,1711899424.0,5.0,,0.0,45.0,5.0,23.0,2411002607.0,4.0,764017.0,poseidon,condorpool,poseidon-worker-1-container-36-39,generate_train,/srv/generate_train,,0.9,0,0,,,,,,,,,
generate_train_ID0000038,cpu_3,compute,0,1711899369.0,,,1711899374.0,1711899375.0,1711899399.0,146760454.5,1711899374.0,1711899424.0,1711899412.0,1711899415.0,261156.0,1711899424.0,1711899429.0,5.0,,0.0,50.0,5.0,24.0,2411059770.0,3.0,837547.0,poseidon,condorpool,poseidon-worker-2-container-36-39,generate_train,/srv/generate_train,,0.8,0,0,,,,,,,,,
generate_train_ID0000037,None,compute,0,1711899369.0,,,1711899374.0,1711899375.0,1711899404.0,114098710.2,1711899374.0,1711899424.0,1711899414.0,1711899417.0,302842.0,1711899424.0,1711899429.0,5.0,,0.0,50.0,5.0,29.0,2411164025.0,3.0,969901.0,poseidon,condorpool,poseidon-worker-2-container-40-43,generate_train,/srv/generate_train,,0.8,0,0,,,,,,,,,
generate_train_ID0000035,cpu_3,compute,0,1711899369.0,,,1711899374.0,1711899384.0,1711899410.0,134638411.0,1711899383.0,1711899434.0,1711899420.0,1711899424.0,388721.0,1711899434.0,1711899439.0,5.0,,9.0,51.0,5.0,26.0,2411394544.0,4.0,1261244.0,poseidon,condorpool,poseidon-worker-2-container-20-23,generate_train,/srv/generate_train,,0.8,0,0,,,,,,,,,
register_condorpool_4_0,None,auxiliary,0,1711899384.0,,,1711899389.0,,,0.0,1711899389.0,1711899394.0,,,0.0,1711899394.0,1711899399.0,5.0,,0.0,5.0,5.0,,,,,poseidon,local,poseidon-submit,pegasus::rc-client,/mnt/poseidon-data/poseidon/pegasus-5.1.0panorama/bin/pegasus-rc-client,"-n pegasus::rc-client -N null -R local  -L somospie -T 2024-03-27T17:59:14+00:00 /home/poseidon/pegasus-5.1.0panorama/bin/pegasus-rc-client --prefix pegasus.catalog.replica.output --conf /mnt/poseidon-data/poseidon/workflows/SOMOSPIE/SOMOSPIE_pegasus/CombinedPipeline/submit/poseidon/pegasus/somospie/run0259/pegasus.10751002909455770287.properties -v --meta /mnt/poseidon-data/poseidon/workflows/SOMOSPIE/SOMOSPIE_pegasus/CombinedPipeline/submit/poseidon/pegasus/somospie/run0259/00/00/merge_avg_ID0000012.meta,/mnt/poseidon-data/poseidon/workflows/SOMOSPIE/SOMOSPIE_pegasus/CombinedPipeline/submit/poseidon/pegasus/somospie/run0259/00/00/merge_avg_ID0000014.meta,/mnt/poseidon-data/poseidon/workflows/SOMOSPIE/SOMOSPIE_pegasus/CombinedPipeline/submit/poseidon/pegasus/somospie/run0259/00/00/merge_avg_ID0000013.meta --insert /mnt/poseidon-data/poseidon/workflows/SOMOSPIE/SOMOSPIE_pegasus/CombinedPipeline/submit/poseidon/pegasus/somospie/run0259/00/00/register_condorpool_4_0.in",2.8,0,0,,,,,,,,,
stage_out_local_condorpool_5_0,None,transfer,0,1711899459.0,,,1711899464.0,,,0.0,1711899464.0,1711899474.0,,,0.0,1711899474.0,1711899479.0,5.0,,0.0,10.0,5.0,,,,,poseidon,local,poseidon-submit,pegasus::transfer,/mnt/poseidon-data/poseidon/pegasus-5.1.0panorama/bin/pegasus-transfer,/home/poseidon/pegasus-5.1.0panorama/bin/../bin/pegasus-kickstart  -n pegasus::transfer -N null -i - -R local  -L somospie -T 2024-03-27T17:59:14+00:00 /home/poseidon/pegasus-5.1.0panorama/bin/../bin/pegasus-transfer  --threads 2,3.7,0,0,,,,,,,,,
stage_out_local_condorpool_5_1,None,transfer,0,1711899459.0,,,1711899464.0,,,0.0,1711899464.0,1711899469.0,,,0.0,1711899469.0,1711899474.0,5.0,,0.0,5.0,5.0,,,,,poseidon,local,poseidon-submit,pegasus::transfer,/mnt/poseidon-data/poseidon/pegasus-5.1.0panorama/bin/pegasus-transfer,/home/poseidon/pegasus-5.1.0panorama/bin/../bin/pegasus-kickstart  -n pegasus::transfer -N null -i - -R local  -L somospie -T 2024-03-27T17:59:14+00:00 /home/poseidon/pegasus-5.1.0panorama/bin/../bin/pegasus-transfer  --threads 2,1.6,0,0,,,,,,,,,
register_condorpool_5_1,None,auxiliary,0,1711899474.0,,,1711899479.0,,,0.0,1711899479.0,1711899484.0,,,0.0,1711899484.0,1711899489.0,5.0,,0.0,5.0,5.0,,,,,poseidon,local,poseidon-submit,pegasus::rc-client,/mnt/poseidon-data/poseidon/pegasus-5.1.0panorama/bin/pegasus-rc-client,"-n pegasus::rc-client -N null -R local  -L somospie -T 2024-03-27T17:59:14+00:00 /home/poseidon/pegasus-5.1.0panorama/bin/pegasus-rc-client --prefix pegasus.catalog.replica.output --conf /mnt/poseidon-data/poseidon/workflows/SOMOSPIE/SOMOSPIE_pegasus/CombinedPipeline/submit/poseidon/pegasus/somospie/run0259/pegasus.10751002909455770287.properties -v --meta /mnt/poseidon-data/poseidon/workflows/SOMOSPIE/SOMOSPIE_pegasus/CombinedPipeline/submit/poseidon/pegasus/somospie/run0259/00/00/generate_train_ID0000038.meta,/mnt/poseidon-data/poseidon/workflows/SOMOSPIE/SOMOSPIE_pegasus/CombinedPipeline/submit/poseidon/pegasus/somospie/run0259/00/00/generate_train_ID0000037.meta,/mnt/poseidon-data/poseidon/workflows/SOMOSPIE/SOMOSPIE_pegasus/CombinedPipeline/submit/poseidon/pegasus/somospie/run0259/00/00/generate_train_ID0000028.meta,/mnt/poseidon-data/poseidon/workflows/SOMOSPIE/SOMOSPIE_pegasus/CombinedPipeline/submit/poseidon/pegasus/somospie/run0259/00/01/generate_eval_ID0000041.meta,/mnt/poseidon-data/poseidon/workflows/SOMOSPIE/SOMOSPIE_pegasus/CombinedPipeline/submit/poseidon/pegasus/somospie/run0259/00/01/generate_train_ID0000032.meta,/mnt/poseidon-data/poseidon/workflows/SOMOSPIE/SOMOSPIE_pegasus/CombinedPipeline/submit/poseidon/pegasus/somospie/run0259/00/01/generate_train_ID0000035.meta,/mnt/poseidon-data/poseidon/workflows/SOMOSPIE/SOMOSPIE_pegasus/CombinedPipeline/submit/poseidon/pegasus/somospie/run0259/00/01/generate_eval_ID0000040.meta,/mnt/poseidon-data/poseidon/workflows/SOMOSPIE/SOMOSPIE_pegasus/CombinedPipeline/submit/poseidon/pegasus/somospie/run0259/00/01/generate_train_ID0000031.meta,/mnt/poseidon-data/poseidon/workflows/SOMOSPIE/SOMOSPIE_pegasus/CombinedPipeline/submit/poseidon/pegasus/somospie/run0259/00/01/generate_train_ID0000036.meta,/mnt/poseidon-data/poseidon/workflows/SOMOSPIE/SOMOSPIE_pegasus/CombinedPipeline/submit/poseidon/pegasus/somospie/run0259/00/01/generate_eval_ID0000042.meta,/mnt/poseidon-data/poseidon/workflows/SOMOSPIE/SOMOSPIE_pegasus/CombinedPipeline/submit/poseidon/pegasus/somospie/run0259/00/00/generate_train_ID0000029.meta,/mnt/poseidon-data/poseidon/workflows/SOMOSPIE/SOMOSPIE_pegasus/CombinedPipeline/submit/poseidon/pegasus/somospie/run0259/00/00/generate_train_ID0000033.meta,/mnt/poseidon-data/poseidon/workflows/SOMOSPIE/SOMOSPIE_pegasus/CombinedPipeline/submit/poseidon/pegasus/somospie/run0259/00/00/generate_train_ID0000034.meta,/mnt/poseidon-data/poseidon/workflows/SOMOSPIE/SOMOSPIE_pegasus/CombinedPipeline/submit/poseidon/pegasus/somospie/run0259/00/01/generate_train_ID0000030.meta,/mnt/poseidon-data/poseidon/workflows/SOMOSPIE/SOMOSPIE_pegasus/CombinedPipeline/submit/poseidon/pegasus/somospie/run0259/00/01/generate_eval_ID0000039.meta,/mnt/poseidon-data/poseidon/workflows/SOMOSPIE/SOMOSPIE_pegasus/CombinedPipeline/submit/poseidon/pegasus/somospie/run0259/00/00/generate_train_ID0000027.meta --insert /mnt/poseidon-data/poseidon/workflows/SOMOSPIE/SOMOSPIE_pegasus/CombinedPipeline/submit/poseidon/pegasus/somospie/run0259/00/01/register_condorpool_5_1.in",2.9,0,0,,,,,,,,,
register_condorpool_5_0,None,auxiliary,0,1711899479.0,,,1711899489.0,,,0.0,1711899489.0,1711899494.0,,,0.0,1711899494.0,1711899499.0,10.0,,0.0,5.0,5.0,,,,,poseidon,local,poseidon-submit,pegasus::rc-client,/mnt/poseidon-data/poseidon/pegasus-5.1.0panorama/bin/pegasus-rc-client,"-n pegasus::rc-client -N null -R local  -L somospie -T 2024-03-27T17:59:14+00:00 /home/poseidon/pegasus-5.1.0panorama/bin/pegasus-rc-client --prefix pegasus.catalog.replica.output --conf /mnt/poseidon-data/poseidon/workflows/SOMOSPIE/SOMOSPIE_pegasus/CombinedPipeline/submit/poseidon/pegasus/somospie/run0259/pegasus.10751002909455770287.properties -v --meta /mnt/poseidon-data/poseidon/workflows/SOMOSPIE/SOMOSPIE_pegasus/CombinedPipeline/submit/poseidon/pegasus/somospie/run0259/00/00/generate_train_ID0000038.meta,/mnt/poseidon-data/poseidon/workflows/SOMOSPIE/SOMOSPIE_pegasus/CombinedPipeline/submit/poseidon/pegasus/somospie/run0259/00/00/generate_train_ID0000037.meta,/mnt/poseidon-data/poseidon/workflows/SOMOSPIE/SOMOSPIE_pegasus/CombinedPipeline/submit/poseidon/pegasus/somospie/run0259/00/00/generate_train_ID0000028.meta,/mnt/poseidon-data/poseidon/workflows/SOMOSPIE/SOMOSPIE_pegasus/CombinedPipeline/submit/poseidon/pegasus/somospie/run0259/00/01/generate_eval_ID0000041.meta,/mnt/poseidon-data/poseidon/workflows/SOMOSPIE/SOMOSPIE_pegasus/CombinedPipeline/submit/poseidon/pegasus/somospie/run0259/00/01/generate_train_ID0000032.meta,/mnt/poseidon-data/poseidon/workflows/SOMOSPIE/SOMOSPIE_pegasus/CombinedPipeline/submit/poseidon/pegasus/somospie/run0259/00/01/generate_train_ID0000035.meta,/mnt/poseidon-data/poseidon/workflows/SOMOSPIE/SOMOSPIE_pegasus/CombinedPipeline/submit/poseidon/pegasus/somospie/run0259/00/01/generate_eval_ID0000040.meta,/mnt/poseidon-data/poseidon/workflows/SOMOSPIE/SOMOSPIE_pegasus/CombinedPipeline/submit/poseidon/pegasus/somospie/run0259/00/01/generate_train_ID0000031.meta,/mnt/poseidon-data/poseidon/workflows/SOMOSPIE/SOMOSPIE_pegasus/CombinedPipeline/submit/poseidon/pegasus/somospie/run0259/00/01/generate_train_ID0000036.meta,/mnt/poseidon-data/poseidon/workflows/SOMOSPIE/SOMOSPIE_pegasus/CombinedPipeline/submit/poseidon/pegasus/somospie/run0259/00/01/generate_eval_ID0000042.meta,/mnt/poseidon-data/poseidon/workflows/SOMOSPIE/SOMOSPIE_pegasus/CombinedPipeline/submit/poseidon/pegasus/somospie/run0259/00/00/generate_train_ID0000029.meta,/mnt/poseidon-data/poseidon/workflows/SOMOSPIE/SOMOSPIE_pegasus/CombinedPipeline/submit/poseidon/pegasus/somospie/run0259/00/00/generate_train_ID0000033.meta,/mnt/poseidon-data/poseidon/workflows/SOMOSPIE/SOMOSPIE_pegasus/CombinedPipeline/submit/poseidon/pegasus/somospie/run0259/00/00/generate_train_ID0000034.meta,/mnt/poseidon-data/poseidon/workflows/SOMOSPIE/SOMOSPIE_pegasus/CombinedPipeline/submit/poseidon/pegasus/somospie/run0259/00/01/generate_train_ID0000030.meta,/mnt/poseidon-data/poseidon/workflows/SOMOSPIE/SOMOSPIE_pegasus/CombinedPipeline/submit/poseidon/pegasus/somospie/run0259/00/01/generate_eval_ID0000039.meta,/mnt/poseidon-data/poseidon/workflows/SOMOSPIE/SOMOSPIE_pegasus/CombinedPipeline/submit/poseidon/pegasus/somospie/run0259/00/00/generate_train_ID0000027.meta --insert /mnt/poseidon-data/poseidon/workflows/SOMOSPIE/SOMOSPIE_pegasus/CombinedPipeline/submit/poseidon/pegasus/somospie/run0259/00/01/register_condorpool_5_0.in",3.1,0,0,,,,,,,,,
cleanup_somospie_0_condorpool,None,auxiliary,0,1711899479.0,,,1711899484.0,,,0.0,1711899484.0,1711899489.0,,,0.0,1711899489.0,1711899494.0,5.0,,0.0,5.0,5.0,,,,,poseidon,local,poseidon-submit,pegasus::cleanup,/mnt/poseidon-data/poseidon/pegasus-5.1.0panorama/bin/pegasus-transfer,pegasus-kickstart  -n pegasus::cleanup -N null -i - -R local  -L somospie -T 2024-03-27T17:59:14+00:00 pegasus-transfer,0.2,0,0,,,,,,,,,
