,anomaly_type,type,is_clustered,ready,pre_script_start,pre_script_end,submit,stage_in_start,stage_in_end,stage_in_effective_bytes_per_sec,execute_start,execute_end,stage_out_start,stage_out_end,stage_out_effective_bytes_per_sec,post_script_start,post_script_end,wms_delay,pre_script_delay,queue_delay,runtime,post_script_delay,stage_in_delay,stage_in_bytes,stage_out_delay,stage_out_bytes,kickstart_user,kickstart_site,kickstart_hostname,kickstart_transformations,kickstart_executables,kickstart_executables_argv,kickstart_executables_cpu_time,kickstart_status,kickstart_executables_exitcode,kickstart_online_iowait,kickstart_online_bytes_read,kickstart_online_bytes_written,kickstart_online_read_system_calls,kickstart_online_write_system_calls,kickstart_online_utime,kickstart_online_stime,kickstart_online_bytes_read_per_second,kickstart_online_bytes_written_per_second
create_dir_somospie_0_condorpool,None,auxiliary,0,1711742797.0,,,1711742798.0,,,0.0,1711742802.0,1711742808.0,,,0.0,1711742808.0,1711742813.0,1.0,,4.0,6.0,5.0,,,,,poseidon,local,poseidon-submit,pegasus::dirmanager,/mnt/poseidon-data/poseidon/pegasus-5.1.0panorama/bin/pegasus-transfer,pegasus-kickstart  -n pegasus::dirmanager -N null -i - -R local  -L somospie -T 2024-03-27T17:59:14+00:00 pegasus-transfer,0.2,0,0,,,,,,,,,
get_sm_ID0000020,None,compute,0,1711742813.0,,,1711742818.0,1711742837.0,1711742856.0,37791559.2,1711742836.0,1711742873.0,1711742863.0,1711742866.0,292734.0,1711742873.0,1711742878.0,5.0,,18.0,37.0,5.0,19.0,470635724.0,3.0,945682.0,poseidon,condorpool,poseidon-worker-2-container-40-43,get_sm,/srv/get_sm,,1.8,0,0,,,,,,,,,
get_sm_ID0000021,None,compute,0,1711742813.0,,,1711742818.0,1711742837.0,1711742856.0,39535533.0,1711742836.0,1711742873.0,1711742864.0,1711742867.0,291886.0,1711742873.0,1711742878.0,5.0,,18.0,37.0,5.0,19.0,475840244.0,3.0,951505.0,poseidon,condorpool,poseidon-worker-2-container-0-3,get_sm,/srv/get_sm,,2.1,0,0,,,,,,,,,
get_sm_ID0000022,None,compute,0,1711742813.0,,,1711742818.0,1711742837.0,1711742859.0,30777985.5,1711742836.0,1711742878.0,1711742866.0,1711742869.0,295412.0,1711742878.0,1711742883.0,5.0,,18.0,42.0,5.0,22.0,475800760.0,3.0,952852.0,poseidon,condorpool,poseidon-worker-1-container-40-43,get_sm,/srv/get_sm,,2.0,0,0,,,,,,,,,
get_sm_ID0000023,None,compute,0,1711742813.0,,,1711742818.0,1711742837.0,1711742858.0,35123867.0,1711742836.0,1711742878.0,1711742865.0,1711742869.0,292979.0,1711742878.0,1711742883.0,5.0,,18.0,42.0,5.0,21.0,467398273.0,4.0,943297.0,poseidon,condorpool,poseidon-worker-2-container-4-7,get_sm,/srv/get_sm,,2.0,0,0,,,,,,,,,
get_sm_ID0000024,None,compute,0,1711742813.0,,,1711742818.0,1711742837.0,1711742855.0,40856918.4,1711742836.0,1711742873.0,1711742863.0,1711742866.0,261439.0,1711742873.0,1711742878.0,5.0,,18.0,37.0,5.0,18.0,457521962.0,3.0,830231.0,poseidon,condorpool,poseidon-worker-1-container-0-3,get_sm,/srv/get_sm,,2.0,0,0,,,,,,,,,
get_sm_ID0000025,None,compute,0,1711742813.0,,,1711742818.0,1711742837.0,1711742859.0,31199512.6,1711742836.0,1711742878.0,1711742866.0,1711742869.0,223356.0,1711742878.0,1711742883.0,5.0,,18.0,42.0,5.0,22.0,447555942.0,3.0,712778.0,poseidon,condorpool,poseidon-worker-1-container-36-39,get_sm,/srv/get_sm,,1.9,0,0,,,,,,,,,
get_sm_ID0000015,None,compute,0,1711742813.0,,,1711742818.0,1711742837.0,1711742855.0,43072077.8,1711742836.0,1711742873.0,1711742862.0,1711742865.0,173349.0,1711742873.0,1711742878.0,5.0,,18.0,37.0,5.0,18.0,440090843.0,3.0,551360.0,poseidon,condorpool,poseidon-worker-1-container-44-47,get_sm,/srv/get_sm,,1.9,0,0,,,,,,,,,
get_sm_ID0000026,None,compute,0,1711742813.0,,,1711742818.0,1711742837.0,1711742857.0,32140785.0,1711742836.0,1711742873.0,1711742864.0,1711742868.0,188578.0,1711742873.0,1711742878.0,5.0,,18.0,37.0,5.0,20.0,442257808.0,4.0,608523.0,poseidon,condorpool,poseidon-worker-2-container-36-39,get_sm,/srv/get_sm,,1.8,0,0,,,,,,,,,
get_sm_ID0000016,None,compute,0,1711742813.0,,,1711742818.0,1711742837.0,1711742854.0,47409262.8,1711742836.0,1711742873.0,1711742861.0,1711742864.0,168524.0,1711742873.0,1711742878.0,5.0,,18.0,37.0,5.0,17.0,436178789.0,3.0,550490.0,poseidon,condorpool,poseidon-worker-2-container-44-47,get_sm,/srv/get_sm,,1.7,0,0,,,,,,,,,
get_sm_ID0000017,cpu_2,compute,0,1711742813.0,,,1711742818.0,1711742837.0,1711742857.0,34573003.3,1711742836.0,1711742878.0,1711742864.0,1711742868.0,190857.0,1711742878.0,1711742883.0,5.0,,18.0,42.0,5.0,20.0,444771924.0,4.0,613264.0,poseidon,condorpool,poseidon-worker-1-container-20-23,get_sm,/srv/get_sm,,1.9,0,0,,,,,,,,,
get_sm_ID0000018,None,compute,0,1711742813.0,,,1711742818.0,1711742837.0,1711742857.0,36370738.5,1711742836.0,1711742873.0,1711742864.0,1711742867.0,221177.0,1711742873.0,1711742878.0,5.0,,18.0,37.0,5.0,20.0,449409643.0,3.0,716593.0,poseidon,condorpool,poseidon-worker-1-container-32-35,get_sm,/srv/get_sm,,1.9,0,0,,,,,,,,,
get_sm_ID0000019,None,compute,0,1711742813.0,,,1711742818.0,1711742837.0,1711742856.0,33758855.3,1711742836.0,1711742873.0,1711742863.0,1711742867.0,270494.0,1711742873.0,1711742878.0,5.0,,18.0,37.0,5.0,19.0,459739344.0,4.0,873152.0,poseidon,condorpool,poseidon-worker-1-container-28-31,get_sm,/srv/get_sm,,2.0,0,0,,,,,,,,,
merge_ID0000001,None,compute,0,1711742813.0,,,1711742818.0,1711742837.0,1711742862.0,100500662.5,1711742836.0,1711742918.0,1711742895.0,1711742909.0,91330837.0,1711742918.0,1711742923.0,5.0,,18.0,82.0,5.0,25.0,1726068480.0,14.0,1298102725.0,poseidon,condorpool,poseidon-worker-1-container-24-27,merge,/srv/merge,,41.0,0,0,0.0,979774680.0,1295056197.0,10797.0,39558.0,35.0,2.2,48988734.0,64752809.8
stage_out_local_condorpool_0_1,None,transfer,0,1711742883.0,,,1711742888.0,,,0.0,1711742888.0,1711742893.0,,,0.0,1711742893.0,1711742898.0,5.0,,0.0,5.0,5.0,,,,,poseidon,local,poseidon-submit,pegasus::transfer,/mnt/poseidon-data/poseidon/pegasus-5.1.0panorama/bin/pegasus-transfer,/home/poseidon/pegasus-5.1.0panorama/bin/../bin/pegasus-kickstart  -n pegasus::transfer -N null -i - -R local  -L somospie -T 2024-03-27T17:59:14+00:00 /home/poseidon/pegasus-5.1.0panorama/bin/../bin/pegasus-transfer  --threads 2,0.7,0,0,,,,,,,,,
register_condorpool_0_1,None,auxiliary,0,1711742898.0,,,1711742903.0,,,0.0,1711742903.0,1711742908.0,,,0.0,1711742908.0,1711742913.0,5.0,,0.0,5.0,5.0,,,,,poseidon,local,poseidon-submit,pegasus::rc-client,/mnt/poseidon-data/poseidon/pegasus-5.1.0panorama/bin/pegasus-rc-client,"-n pegasus::rc-client -N null -R local  -L somospie -T 2024-03-27T17:59:14+00:00 /home/poseidon/pegasus-5.1.0panorama/bin/pegasus-rc-client --prefix pegasus.catalog.replica.output --conf /mnt/poseidon-data/poseidon/workflows/SOMOSPIE/SOMOSPIE_pegasus/CombinedPipeline/submit/poseidon/pegasus/somospie/run0131/pegasus.4275167722355991438.properties -v --meta /mnt/poseidon-data/poseidon/workflows/SOMOSPIE/SOMOSPIE_pegasus/CombinedPipeline/submit/poseidon/pegasus/somospie/run0131/00/00/get_sm_ID0000020.meta,/mnt/poseidon-data/poseidon/workflows/SOMOSPIE/SOMOSPIE_pegasus/CombinedPipeline/submit/poseidon/pegasus/somospie/run0131/00/00/get_sm_ID0000024.meta,/mnt/poseidon-data/poseidon/workflows/SOMOSPIE/SOMOSPIE_pegasus/CombinedPipeline/submit/poseidon/pegasus/somospie/run0131/00/00/get_sm_ID0000026.meta,/mnt/poseidon-data/poseidon/workflows/SOMOSPIE/SOMOSPIE_pegasus/CombinedPipeline/submit/poseidon/pegasus/somospie/run0131/00/00/get_sm_ID0000019.meta,/mnt/poseidon-data/poseidon/workflows/SOMOSPIE/SOMOSPIE_pegasus/CombinedPipeline/submit/poseidon/pegasus/somospie/run0131/00/00/get_sm_ID0000016.meta,/mnt/poseidon-data/poseidon/workflows/SOMOSPIE/SOMOSPIE_pegasus/CombinedPipeline/submit/poseidon/pegasus/somospie/run0131/00/00/get_sm_ID0000022.meta --insert /mnt/poseidon-data/poseidon/workflows/SOMOSPIE/SOMOSPIE_pegasus/CombinedPipeline/submit/poseidon/pegasus/somospie/run0131/00/00/register_condorpool_0_1.in",3.0,0,0,,,,,,,,,
stage_out_local_condorpool_0_0,None,transfer,0,1711742923.0,,,1711742928.0,,,0.0,1711742928.0,1711742938.0,,,0.0,1711742938.0,1711742943.0,5.0,,0.0,10.0,5.0,,,,,poseidon,local,poseidon-submit,pegasus::transfer,/mnt/poseidon-data/poseidon/pegasus-5.1.0panorama/bin/pegasus-transfer,/home/poseidon/pegasus-5.1.0panorama/bin/../bin/pegasus-kickstart  -n pegasus::transfer -N null -i - -R local  -L somospie -T 2024-03-27T17:59:14+00:00 /home/poseidon/pegasus-5.1.0panorama/bin/../bin/pegasus-transfer  --threads 2,4.4,0,0,,,,,,,,,
reproject_ID0000011,None,compute,0,1711742923.0,,,1711742928.0,1711742929.0,1711742949.0,140426678.8,1711742929.0,1711743008.0,1711742985.0,1711742999.0,90894635.0,1711743008.0,1711743013.0,5.0,,1.0,79.0,5.0,20.0,1696973136.0,14.0,1298118839.0,poseidon,condorpool,poseidon-worker-1-container-24-27,reproject,/srv/reproject,,54.6,0,0,0.0,1309179161.0,1295252805.0,16628.0,39564.0,44.9,3.6,65458958.0,64762640.2
reproject_ID0000002,None,compute,0,1711742923.0,,,1711742928.0,1711742929.0,1711742948.0,143339321.2,1711742929.0,1711743003.0,1711742983.0,1711742996.0,87517896.0,1711743003.0,1711743008.0,5.0,,1.0,74.0,5.0,19.0,1696973986.0,13.0,1125581407.0,poseidon,condorpool,poseidon-worker-2-container-40-43,reproject,/srv/reproject,,53.2,0,0,0.0,1442398532.0,930067135.0,47619.0,28414.0,40.8,4.7,72119926.6,46503356.8
register_condorpool_0_0,None,auxiliary,0,1711742943.0,,,1711742948.0,,,0.0,1711742948.0,1711742953.0,,,0.0,1711742953.0,1711742958.0,5.0,,0.0,5.0,5.0,,,,,poseidon,local,poseidon-submit,pegasus::rc-client,/mnt/poseidon-data/poseidon/pegasus-5.1.0panorama/bin/pegasus-rc-client,"-n pegasus::rc-client -N null -R local  -L somospie -T 2024-03-27T17:59:14+00:00 /home/poseidon/pegasus-5.1.0panorama/bin/pegasus-rc-client --prefix pegasus.catalog.replica.output --conf /mnt/poseidon-data/poseidon/workflows/SOMOSPIE/SOMOSPIE_pegasus/CombinedPipeline/submit/poseidon/pegasus/somospie/run0131/pegasus.4275167722355991438.properties -v --meta /mnt/poseidon-data/poseidon/workflows/SOMOSPIE/SOMOSPIE_pegasus/CombinedPipeline/submit/poseidon/pegasus/somospie/run0131/00/00/get_sm_ID0000015.meta,/mnt/poseidon-data/poseidon/workflows/SOMOSPIE/SOMOSPIE_pegasus/CombinedPipeline/submit/poseidon/pegasus/somospie/run0131/00/00/get_sm_ID0000023.meta,/mnt/poseidon-data/poseidon/workflows/SOMOSPIE/SOMOSPIE_pegasus/CombinedPipeline/submit/poseidon/pegasus/somospie/run0131/00/00/get_sm_ID0000018.meta,/mnt/poseidon-data/poseidon/workflows/SOMOSPIE/SOMOSPIE_pegasus/CombinedPipeline/submit/poseidon/pegasus/somospie/run0131/00/00/get_sm_ID0000017.meta,/mnt/poseidon-data/poseidon/workflows/SOMOSPIE/SOMOSPIE_pegasus/CombinedPipeline/submit/poseidon/pegasus/somospie/run0131/00/00/merge_ID0000001.meta,/mnt/poseidon-data/poseidon/workflows/SOMOSPIE/SOMOSPIE_pegasus/CombinedPipeline/submit/poseidon/pegasus/somospie/run0131/00/00/get_sm_ID0000021.meta,/mnt/poseidon-data/poseidon/workflows/SOMOSPIE/SOMOSPIE_pegasus/CombinedPipeline/submit/poseidon/pegasus/somospie/run0131/00/00/get_sm_ID0000025.meta --insert /mnt/poseidon-data/poseidon/workflows/SOMOSPIE/SOMOSPIE_pegasus/CombinedPipeline/submit/poseidon/pegasus/somospie/run0131/00/00/register_condorpool_0_0.in",3.1,0,0,,,,,,,,,
crop_ID0000009,None,compute,0,1711743008.0,,,1711743013.0,1711743014.0,1711743033.0,134450103.6,1711743013.0,1711743059.0,1711743044.0,1711743048.0,23867770.0,1711743059.0,1711743064.0,5.0,,0.0,46.0,5.0,19.0,1524452582.0,4.0,99654844.0,poseidon,condorpool,poseidon-worker-1-container-24-27,crop,/srv/crop,,2.8,0,0,,,,,,,,,
crop_ID0000007,None,compute,0,1711743008.0,,,1711743013.0,1711743014.0,1711743033.0,134374350.4,1711743013.0,1711743059.0,1711743045.0,1711743050.0,39919988.0,1711743059.0,1711743064.0,5.0,,0.0,46.0,5.0,19.0,1524452582.0,5.0,194227221.0,poseidon,condorpool,poseidon-worker-2-container-40-43,crop,/srv/crop,,4.0,0,0,,,,,,,,,
crop_ID0000005,None,compute,0,1711743008.0,,,1711743013.0,1711743029.0,1711743049.0,138430905.0,1711743029.0,1711743069.0,1711743058.0,1711743061.0,1324096.0,1711743069.0,1711743074.0,5.0,,16.0,40.0,5.0,20.0,1524452582.0,3.0,4263385.0,poseidon,condorpool,poseidon-worker-2-container-40-43,crop,/srv/crop,,1.8,0,0,,,,,,,,,
crop_ID0000003,None,compute,0,1711743008.0,,,1711743013.0,1711743029.0,1711743047.0,142530705.0,1711743029.0,1711743069.0,1711743057.0,1711743060.0,793707.0,1711743069.0,1711743074.0,5.0,,16.0,40.0,5.0,18.0,1524452582.0,3.0,2530349.0,poseidon,condorpool,poseidon-worker-1-container-24-27,crop,/srv/crop,,1.9,0,0,,,,,,,,,
stage_out_local_condorpool_1_0,None,transfer,0,1711743013.0,,,1711743018.0,,,0.0,1711743019.0,1711743028.0,,,0.0,1711743028.0,1711743033.0,5.0,,1.0,9.0,5.0,,,,,poseidon,local,poseidon-submit,pegasus::transfer,/mnt/poseidon-data/poseidon/pegasus-5.1.0panorama/bin/pegasus-transfer,/home/poseidon/pegasus-5.1.0panorama/bin/../bin/pegasus-kickstart  -n pegasus::transfer -N null -i - -R local  -L somospie -T 2024-03-27T17:59:14+00:00 /home/poseidon/pegasus-5.1.0panorama/bin/../bin/pegasus-transfer  --threads 2,7.5,0,0,,,,,,,,,
register_condorpool_1_0,None,auxiliary,0,1711743033.0,,,1711743038.0,,,0.0,1711743038.0,1711743043.0,,,0.0,1711743043.0,1711743049.0,5.0,,0.0,5.0,6.0,,,,,poseidon,local,poseidon-submit,pegasus::rc-client,/mnt/poseidon-data/poseidon/pegasus-5.1.0panorama/bin/pegasus-rc-client,"-n pegasus::rc-client -N null -R local  -L somospie -T 2024-03-27T17:59:14+00:00 /home/poseidon/pegasus-5.1.0panorama/bin/pegasus-rc-client --prefix pegasus.catalog.replica.output --conf /mnt/poseidon-data/poseidon/workflows/SOMOSPIE/SOMOSPIE_pegasus/CombinedPipeline/submit/poseidon/pegasus/somospie/run0131/pegasus.4275167722355991438.properties -v --meta /mnt/poseidon-data/poseidon/workflows/SOMOSPIE/SOMOSPIE_pegasus/CombinedPipeline/submit/poseidon/pegasus/somospie/run0131/00/00/reproject_ID0000011.meta,/mnt/poseidon-data/poseidon/workflows/SOMOSPIE/SOMOSPIE_pegasus/CombinedPipeline/submit/poseidon/pegasus/somospie/run0131/00/00/reproject_ID0000002.meta --insert /mnt/poseidon-data/poseidon/workflows/SOMOSPIE/SOMOSPIE_pegasus/CombinedPipeline/submit/poseidon/pegasus/somospie/run0131/00/00/register_condorpool_1_0.in",3.0,0,0,,,,,,,,,
compute_ID0000010,None,compute,0,1711743064.0,,,1711743069.0,1711743070.0,1711743085.0,66595937.0,1711743069.0,1711743114.0,1711743102.0,1711743108.0,46224771.0,1711743114.0,1711743119.0,5.0,,0.0,45.0,5.0,15.0,498525556.0,6.0,250017804.0,poseidon,condorpool,poseidon-worker-2-container-40-43,compute,/srv/compute,,12.0,0,0,0.0,303503640.0,241571557.0,4446.0,7398.0,9.2,0.8,30350364.0,24157155.7
compute_ID0000008,None,compute,0,1711743064.0,,,1711743069.0,1711743070.0,1711743085.0,76740173.6,1711743069.0,1711743124.0,1711743108.0,1711743116.0,67734763.0,1711743124.0,1711743129.0,5.0,,0.0,55.0,5.0,15.0,593097933.0,8.0,506706062.0,poseidon,condorpool,poseidon-worker-1-container-24-27,compute,/srv/compute,,17.5,0,0,0.0,331333192.0,357608546.0,4169.0,10930.0,9.2,0.8,33133319.2,35760854.6
stage_out_local_condorpool_2_0,None,transfer,0,1711743074.0,,,1711743079.0,,,0.0,1711743079.0,1711743084.0,,,0.0,1711743084.0,1711743089.0,5.0,,0.0,5.0,5.0,,,,,poseidon,local,poseidon-submit,pegasus::transfer,/mnt/poseidon-data/poseidon/pegasus-5.1.0panorama/bin/pegasus-transfer,/home/poseidon/pegasus-5.1.0panorama/bin/../bin/pegasus-kickstart  -n pegasus::transfer -N null -i - -R local  -L somospie -T 2024-03-27T17:59:14+00:00 /home/poseidon/pegasus-5.1.0panorama/bin/../bin/pegasus-transfer  --threads 2,1.4,0,0,,,,,,,,,
compute_ID0000004,None,compute,0,1711743074.0,,,1711743079.0,1711743090.0,1711743104.0,61957325.7,1711743089.0,1711743124.0,1711743114.0,1711743117.0,1622356.0,1711743124.0,1711743129.0,5.0,,10.0,35.0,5.0,14.0,401401061.0,3.0,5326886.0,poseidon,condorpool,poseidon-worker-1-container-40-43,compute,/srv/compute,,5.2,0,0,,,,,,,,,
compute_ID0000006,None,compute,0,1711743074.0,,,1711743079.0,1711743090.0,1711743104.0,62345393.0,1711743089.0,1711743124.0,1711743114.0,1711743117.0,2926267.0,1711743124.0,1711743129.0,5.0,,10.0,35.0,5.0,14.0,403134097.0,3.0,9696865.0,poseidon,condorpool,poseidon-worker-2-container-0-3,compute,/srv/compute,,5.4,0,0,,,,,,,,,
register_condorpool_2_0,None,auxiliary,0,1711743089.0,,,1711743094.0,,,0.0,1711743095.0,1711743099.0,,,0.0,1711743099.0,1711743104.0,5.0,,1.0,4.0,5.0,,,,,poseidon,local,poseidon-submit,pegasus::rc-client,/mnt/poseidon-data/poseidon/pegasus-5.1.0panorama/bin/pegasus-rc-client,"-n pegasus::rc-client -N null -R local  -L somospie -T 2024-03-27T17:59:14+00:00 /home/poseidon/pegasus-5.1.0panorama/bin/pegasus-rc-client --prefix pegasus.catalog.replica.output --conf /mnt/poseidon-data/poseidon/workflows/SOMOSPIE/SOMOSPIE_pegasus/CombinedPipeline/submit/poseidon/pegasus/somospie/run0131/pegasus.4275167722355991438.properties -v --meta /mnt/poseidon-data/poseidon/workflows/SOMOSPIE/SOMOSPIE_pegasus/CombinedPipeline/submit/poseidon/pegasus/somospie/run0131/00/00/crop_ID0000007.meta,/mnt/poseidon-data/poseidon/workflows/SOMOSPIE/SOMOSPIE_pegasus/CombinedPipeline/submit/poseidon/pegasus/somospie/run0131/00/00/crop_ID0000009.meta,/mnt/poseidon-data/poseidon/workflows/SOMOSPIE/SOMOSPIE_pegasus/CombinedPipeline/submit/poseidon/pegasus/somospie/run0131/00/00/crop_ID0000003.meta,/mnt/poseidon-data/poseidon/workflows/SOMOSPIE/SOMOSPIE_pegasus/CombinedPipeline/submit/poseidon/pegasus/somospie/run0131/00/00/crop_ID0000005.meta --insert /mnt/poseidon-data/poseidon/workflows/SOMOSPIE/SOMOSPIE_pegasus/CombinedPipeline/submit/poseidon/pegasus/somospie/run0131/00/00/register_condorpool_2_0.in",3.1,0,0,,,,,,,,,
stage_out_local_condorpool_3_0,None,transfer,0,1711743129.0,,,1711743134.0,,,0.0,1711743134.0,1711743144.0,,,0.0,1711743144.0,1711743149.0,5.0,,0.0,10.0,5.0,,,,,poseidon,local,poseidon-submit,pegasus::transfer,/mnt/poseidon-data/poseidon/pegasus-5.1.0panorama/bin/pegasus-transfer,/home/poseidon/pegasus-5.1.0panorama/bin/../bin/pegasus-kickstart  -n pegasus::transfer -N null -i - -R local  -L somospie -T 2024-03-27T17:59:14+00:00 /home/poseidon/pegasus-5.1.0panorama/bin/../bin/pegasus-transfer  --threads 2,3.4,0,0,,,,,,,,,
merge_avg_ID0000014,None,compute,0,1711743129.0,,,1711743134.0,1711743135.0,1711743151.0,82588755.5,1711743134.0,1711743209.0,1711743192.0,1711743198.0,53701576.0,1711743209.0,1711743214.0,5.0,,0.0,75.0,5.0,16.0,737559838.0,6.0,309527239.0,poseidon,condorpool,poseidon-worker-1-container-24-27,merge_avg,/srv/merge_avg,,45.3,0,0,0.0,1109925769.0,674106815.0,47703.0,20684.0,24.0,6.5,36997525.6,22470227.2
merge_avg_ID0000012,None,compute,0,1711743129.0,,,1711743134.0,1711743135.0,1711743150.0,91878626.9,1711743134.0,1711743204.0,1711743189.0,1711743194.0,53357699.0,1711743204.0,1711743209.0,5.0,,0.0,70.0,5.0,15.0,731979063.0,5.0,304811410.0,poseidon,condorpool,poseidon-worker-1-container-40-43,merge_avg,/srv/merge_avg,,44.7,0,0,0.0,1153874591.0,778256221.0,47995.0,23877.0,30.5,7.3,38462486.4,25941874.0
merge_avg_ID0000013,None,compute,0,1711743129.0,,,1711743134.0,1711743135.0,1711743150.0,63768334.4,1711743134.0,1711743199.0,1711743186.0,1711743190.0,23932310.0,1711743199.0,1711743204.0,5.0,,0.0,65.0,5.0,15.0,498824437.0,4.0,98388765.0,poseidon,condorpool,poseidon-worker-2-container-0-3,merge_avg,/srv/merge_avg,,41.0,0,0,0.0,454893910.0,283281168.0,48051.0,8773.0,29.2,7.6,15163130.3,9442705.6
register_condorpool_3_0,None,auxiliary,0,1711743149.0,,,1711743154.0,,,0.0,1711743154.0,1711743159.0,,,0.0,1711743159.0,1711743164.0,5.0,,0.0,5.0,5.0,,,,,poseidon,local,poseidon-submit,pegasus::rc-client,/mnt/poseidon-data/poseidon/pegasus-5.1.0panorama/bin/pegasus-rc-client,"-n pegasus::rc-client -N null -R local  -L somospie -T 2024-03-27T17:59:14+00:00 /home/poseidon/pegasus-5.1.0panorama/bin/pegasus-rc-client --prefix pegasus.catalog.replica.output --conf /mnt/poseidon-data/poseidon/workflows/SOMOSPIE/SOMOSPIE_pegasus/CombinedPipeline/submit/poseidon/pegasus/somospie/run0131/pegasus.4275167722355991438.properties -v --meta /mnt/poseidon-data/poseidon/workflows/SOMOSPIE/SOMOSPIE_pegasus/CombinedPipeline/submit/poseidon/pegasus/somospie/run0131/00/00/compute_ID0000010.meta,/mnt/poseidon-data/poseidon/workflows/SOMOSPIE/SOMOSPIE_pegasus/CombinedPipeline/submit/poseidon/pegasus/somospie/run0131/00/00/compute_ID0000004.meta,/mnt/poseidon-data/poseidon/workflows/SOMOSPIE/SOMOSPIE_pegasus/CombinedPipeline/submit/poseidon/pegasus/somospie/run0131/00/00/compute_ID0000006.meta,/mnt/poseidon-data/poseidon/workflows/SOMOSPIE/SOMOSPIE_pegasus/CombinedPipeline/submit/poseidon/pegasus/somospie/run0131/00/00/compute_ID0000008.meta --insert /mnt/poseidon-data/poseidon/workflows/SOMOSPIE/SOMOSPIE_pegasus/CombinedPipeline/submit/poseidon/pegasus/somospie/run0131/00/00/register_condorpool_3_0.in",3.1,0,0,,,,,,,,,
generate_eval_ID0000039,None,compute,0,1711743214.0,,,1711743219.0,1711743235.0,1711743263.0,116853626.8,1711743235.0,1711743294.0,1711743282.0,1711743285.0,2777985.0,1711743294.0,1711743299.0,5.0,,16.0,59.0,5.0,28.0,2410452250.0,3.0,9068473.0,poseidon,condorpool,poseidon-worker-1-container-28-31,generate_eval,/srv/generate_eval,,8.1,0,0,,,,,,,,,
generate_train_ID0000032,None,compute,0,1711743214.0,,,1711743219.0,1711743235.0,1711743261.0,130209081.2,1711743235.0,1711743284.0,1711743272.0,1711743276.0,386430.0,1711743284.0,1711743289.0,5.0,,16.0,49.0,5.0,26.0,2411396929.0,4.0,1265871.0,poseidon,condorpool,poseidon-worker-1-container-32-35,generate_train,/srv/generate_train,,0.8,0,0,,,,,,,,,
generate_eval_ID0000042,cpu_2,compute,0,1711743214.0,,,1711743219.0,1711743236.0,1711743264.0,113952182.1,1711743235.0,1711743299.0,1711743287.0,1711743292.0,45883847.0,1711743299.0,1711743304.0,5.0,,16.0,64.0,5.0,28.0,2410452250.0,5.0,240602325.0,poseidon,condorpool,poseidon-worker-1-container-20-23,generate_eval,/srv/generate_eval,,11.9,0,0,0.0,238335857.0,237779212.0,4074.0,7297.0,9.1,0.8,23833585.7,23777921.2
generate_train_ID0000031,None,compute,0,1711743214.0,,,1711743219.0,1711743235.0,1711743276.0,72146571.5,1711743235.0,1711743299.0,1711743286.0,1711743290.0,361410.0,1711743299.0,1711743304.0,5.0,,16.0,64.0,5.0,41.0,2411324399.0,4.0,1175014.0,poseidon,condorpool,poseidon-worker-2-container-44-47,generate_train,/srv/generate_train,,0.8,0,0,,,,,,,,,
generate_train_ID0000030,None,compute,0,1711743214.0,,,1711743219.0,1711743235.0,1711743262.0,127024741.0,1711743235.0,1711743284.0,1711743272.0,1711743275.0,295593.0,1711743284.0,1711743289.0,5.0,,16.0,49.0,5.0,27.0,2411167840.0,3.0,973028.0,poseidon,condorpool,poseidon-worker-2-container-36-39,generate_train,/srv/generate_train,,0.8,0,0,,,,,,,,,
generate_eval_ID0000040,None,compute,0,1711743214.0,,,1711743219.0,1711743236.0,1711743262.0,125593512.5,1711743235.0,1711743294.0,1711743281.0,1711743284.0,2554297.0,1711743294.0,1711743299.0,5.0,,16.0,59.0,5.0,26.0,2410452250.0,3.0,8350187.0,poseidon,condorpool,poseidon-worker-1-container-44-47,generate_eval,/srv/generate_eval,,7.8,0,0,,,,,,,,,
generate_eval_ID0000041,None,compute,0,1711743214.0,,,1711743219.0,1711743235.0,1711743263.0,118471597.6,1711743235.0,1711743309.0,1711743292.0,1711743299.0,70770744.0,1711743309.0,1711743314.0,5.0,,16.0,74.0,5.0,28.0,2410452250.0,7.0,561272484.0,poseidon,condorpool,poseidon-worker-1-container-36-39,generate_eval,/srv/generate_eval,,15.7,0,0,0.0,337919411.0,325138694.0,4690.0,9958.0,8.9,1.0,33791941.1,32513869.4
generate_train_ID0000036,None,compute,0,1711743214.0,,,1711743219.0,1711743235.0,1711743266.0,103489292.6,1711743235.0,1711743289.0,1711743278.0,1711743282.0,347339.0,1711743289.0,1711743294.0,5.0,,16.0,54.0,5.0,31.0,2411281478.0,4.0,1118721.0,poseidon,condorpool,poseidon-worker-1-container-0-3,generate_train,/srv/generate_train,,0.8,0,0,,,,,,,,,
generate_train_ID0000034,None,compute,0,1711743214.0,,,1711743219.0,1711743235.0,1711743262.0,122181857.1,1711743235.0,1711743284.0,1711743273.0,1711743276.0,392647.0,1711743284.0,1711743289.0,5.0,,16.0,49.0,5.0,27.0,2411404099.0,3.0,1275159.0,poseidon,condorpool,poseidon-worker-2-container-40-43,generate_train,/srv/generate_train,,0.9,0,0,,,,,,,,,
generate_train_ID0000033,None,compute,0,1711743214.0,,,1711743219.0,1711743236.0,1711743259.0,150470527.6,1711743235.0,1711743284.0,1711743271.0,1711743274.0,393768.0,1711743284.0,1711743289.0,5.0,,16.0,49.0,5.0,23.0,2411402752.0,3.0,1274805.0,poseidon,condorpool,poseidon-worker-1-container-24-27,generate_train,/srv/generate_train,,0.9,0,0,,,,,,,,,
generate_train_ID0000029,None,compute,0,1711743214.0,,,1711743219.0,1711743236.0,1711743261.0,134003189.5,1711743235.0,1711743284.0,1711743272.0,1711743275.0,251631.0,1711743284.0,1711743289.0,5.0,,16.0,49.0,5.0,25.0,2411064511.0,3.0,843408.0,poseidon,condorpool,poseidon-worker-1-container-40-43,generate_train,/srv/generate_train,,0.9,0,0,,,,,,,,,
generate_train_ID0000028,None,compute,0,1711743214.0,,,1711743219.0,1711743235.0,1711743260.0,140488122.9,1711743235.0,1711743284.0,1711743271.0,1711743274.0,234339.0,1711743284.0,1711743289.0,5.0,,16.0,49.0,5.0,25.0,2411001737.0,3.0,762584.0,poseidon,condorpool,poseidon-worker-2-container-0-3,generate_train,/srv/generate_train,,0.9,0,0,,,,,,,,,
stage_out_local_condorpool_4_0,None,transfer,0,1711743214.0,,,1711743219.0,,,0.0,1711743219.0,1711743224.0,,,0.0,1711743224.0,1711743229.0,5.0,,0.0,5.0,5.0,,,,,poseidon,local,poseidon-submit,pegasus::transfer,/mnt/poseidon-data/poseidon/pegasus-5.1.0panorama/bin/pegasus-transfer,/home/poseidon/pegasus-5.1.0panorama/bin/../bin/pegasus-kickstart  -n pegasus::transfer -N null -i - -R local  -L somospie -T 2024-03-27T17:59:14+00:00 /home/poseidon/pegasus-5.1.0panorama/bin/../bin/pegasus-transfer  --threads 2,2.6,0,0,,,,,,,,,
generate_train_ID0000027,None,compute,0,1711743214.0,,,1711743219.0,1711743220.0,1711743246.0,133578167.4,1711743220.0,1711743269.0,1711743256.0,1711743260.0,217325.0,1711743269.0,1711743274.0,5.0,,1.0,49.0,5.0,26.0,2411002607.0,4.0,764017.0,poseidon,condorpool,poseidon-worker-2-container-0-3,generate_train,/srv/generate_train,,0.8,0,0,,,,,,,,,
generate_train_ID0000038,None,compute,0,1711743214.0,,,1711743219.0,1711743220.0,1711743246.0,132940956.4,1711743219.0,1711743269.0,1711743256.0,1711743260.0,247636.0,1711743269.0,1711743274.0,5.0,,0.0,50.0,5.0,26.0,2411059770.0,4.0,837547.0,poseidon,condorpool,poseidon-worker-1-container-40-43,generate_train,/srv/generate_train,,0.8,0,0,,,,,,,,,
generate_train_ID0000037,None,compute,0,1711743214.0,,,1711743219.0,1711743220.0,1711743246.0,132486762.9,1711743219.0,1711743269.0,1711743256.0,1711743260.0,280227.0,1711743269.0,1711743274.0,5.0,,0.0,50.0,5.0,26.0,2411164025.0,4.0,969901.0,poseidon,condorpool,poseidon-worker-1-container-24-27,generate_train,/srv/generate_train,,0.9,0,0,,,,,,,,,
generate_train_ID0000035,None,compute,0,1711743214.0,,,1711743219.0,1711743235.0,1711743259.0,148597193.2,1711743235.0,1711743284.0,1711743270.0,1711743273.0,381735.0,1711743284.0,1711743289.0,5.0,,16.0,49.0,5.0,24.0,2411394544.0,3.0,1261244.0,poseidon,condorpool,poseidon-worker-2-container-4-7,generate_train,/srv/generate_train,,0.9,0,0,,,,,,,,,
register_condorpool_4_0,None,auxiliary,0,1711743229.0,,,1711743234.0,,,0.0,1711743240.0,1711743244.0,,,0.0,1711743244.0,1711743249.0,5.0,,6.0,4.0,5.0,,,,,poseidon,local,poseidon-submit,pegasus::rc-client,/mnt/poseidon-data/poseidon/pegasus-5.1.0panorama/bin/pegasus-rc-client,"-n pegasus::rc-client -N null -R local  -L somospie -T 2024-03-27T17:59:14+00:00 /home/poseidon/pegasus-5.1.0panorama/bin/pegasus-rc-client --prefix pegasus.catalog.replica.output --conf /mnt/poseidon-data/poseidon/workflows/SOMOSPIE/SOMOSPIE_pegasus/CombinedPipeline/submit/poseidon/pegasus/somospie/run0131/pegasus.4275167722355991438.properties -v --meta /mnt/poseidon-data/poseidon/workflows/SOMOSPIE/SOMOSPIE_pegasus/CombinedPipeline/submit/poseidon/pegasus/somospie/run0131/00/00/merge_avg_ID0000012.meta,/mnt/poseidon-data/poseidon/workflows/SOMOSPIE/SOMOSPIE_pegasus/CombinedPipeline/submit/poseidon/pegasus/somospie/run0131/00/00/merge_avg_ID0000014.meta,/mnt/poseidon-data/poseidon/workflows/SOMOSPIE/SOMOSPIE_pegasus/CombinedPipeline/submit/poseidon/pegasus/somospie/run0131/00/00/merge_avg_ID0000013.meta --insert /mnt/poseidon-data/poseidon/workflows/SOMOSPIE/SOMOSPIE_pegasus/CombinedPipeline/submit/poseidon/pegasus/somospie/run0131/00/00/register_condorpool_4_0.in",3.1,0,0,,,,,,,,,
stage_out_local_condorpool_5_0,None,transfer,0,1711743314.0,,,1711743319.0,,,0.0,1711743319.0,1711743329.0,,,0.0,1711743329.0,1711743334.0,5.0,,0.0,10.0,5.0,,,,,poseidon,local,poseidon-submit,pegasus::transfer,/mnt/poseidon-data/poseidon/pegasus-5.1.0panorama/bin/pegasus-transfer,/home/poseidon/pegasus-5.1.0panorama/bin/../bin/pegasus-kickstart  -n pegasus::transfer -N null -i - -R local  -L somospie -T 2024-03-27T17:59:14+00:00 /home/poseidon/pegasus-5.1.0panorama/bin/../bin/pegasus-transfer  --threads 2,3.9,0,0,,,,,,,,,
stage_out_local_condorpool_5_1,None,transfer,0,1711743314.0,,,1711743319.0,,,0.0,1711743319.0,1711743324.0,,,0.0,1711743324.0,1711743329.0,5.0,,0.0,5.0,5.0,,,,,poseidon,local,poseidon-submit,pegasus::transfer,/mnt/poseidon-data/poseidon/pegasus-5.1.0panorama/bin/pegasus-transfer,/home/poseidon/pegasus-5.1.0panorama/bin/../bin/pegasus-kickstart  -n pegasus::transfer -N null -i - -R local  -L somospie -T 2024-03-27T17:59:14+00:00 /home/poseidon/pegasus-5.1.0panorama/bin/../bin/pegasus-transfer  --threads 2,1.6,0,0,,,,,,,,,
register_condorpool_5_1,None,auxiliary,0,1711743329.0,,,1711743334.0,,,0.0,1711743334.0,1711743339.0,,,0.0,1711743339.0,1711743344.0,5.0,,0.0,5.0,5.0,,,,,poseidon,local,poseidon-submit,pegasus::rc-client,/mnt/poseidon-data/poseidon/pegasus-5.1.0panorama/bin/pegasus-rc-client,"-n pegasus::rc-client -N null -R local  -L somospie -T 2024-03-27T17:59:14+00:00 /home/poseidon/pegasus-5.1.0panorama/bin/pegasus-rc-client --prefix pegasus.catalog.replica.output --conf /mnt/poseidon-data/poseidon/workflows/SOMOSPIE/SOMOSPIE_pegasus/CombinedPipeline/submit/poseidon/pegasus/somospie/run0131/pegasus.4275167722355991438.properties -v --meta /mnt/poseidon-data/poseidon/workflows/SOMOSPIE/SOMOSPIE_pegasus/CombinedPipeline/submit/poseidon/pegasus/somospie/run0131/00/00/generate_train_ID0000038.meta,/mnt/poseidon-data/poseidon/workflows/SOMOSPIE/SOMOSPIE_pegasus/CombinedPipeline/submit/poseidon/pegasus/somospie/run0131/00/00/generate_train_ID0000037.meta,/mnt/poseidon-data/poseidon/workflows/SOMOSPIE/SOMOSPIE_pegasus/CombinedPipeline/submit/poseidon/pegasus/somospie/run0131/00/00/generate_train_ID0000028.meta,/mnt/poseidon-data/poseidon/workflows/SOMOSPIE/SOMOSPIE_pegasus/CombinedPipeline/submit/poseidon/pegasus/somospie/run0131/00/01/generate_eval_ID0000041.meta,/mnt/poseidon-data/poseidon/workflows/SOMOSPIE/SOMOSPIE_pegasus/CombinedPipeline/submit/poseidon/pegasus/somospie/run0131/00/01/generate_train_ID0000032.meta,/mnt/poseidon-data/poseidon/workflows/SOMOSPIE/SOMOSPIE_pegasus/CombinedPipeline/submit/poseidon/pegasus/somospie/run0131/00/01/generate_train_ID0000035.meta,/mnt/poseidon-data/poseidon/workflows/SOMOSPIE/SOMOSPIE_pegasus/CombinedPipeline/submit/poseidon/pegasus/somospie/run0131/00/01/generate_eval_ID0000040.meta,/mnt/poseidon-data/poseidon/workflows/SOMOSPIE/SOMOSPIE_pegasus/CombinedPipeline/submit/poseidon/pegasus/somospie/run0131/00/01/generate_train_ID0000031.meta,/mnt/poseidon-data/poseidon/workflows/SOMOSPIE/SOMOSPIE_pegasus/CombinedPipeline/submit/poseidon/pegasus/somospie/run0131/00/01/generate_train_ID0000036.meta,/mnt/poseidon-data/poseidon/workflows/SOMOSPIE/SOMOSPIE_pegasus/CombinedPipeline/submit/poseidon/pegasus/somospie/run0131/00/01/generate_eval_ID0000042.meta,/mnt/poseidon-data/poseidon/workflows/SOMOSPIE/SOMOSPIE_pegasus/CombinedPipeline/submit/poseidon/pegasus/somospie/run0131/00/00/generate_train_ID0000029.meta,/mnt/poseidon-data/poseidon/workflows/SOMOSPIE/SOMOSPIE_pegasus/CombinedPipeline/submit/poseidon/pegasus/somospie/run0131/00/00/generate_train_ID0000033.meta,/mnt/poseidon-data/poseidon/workflows/SOMOSPIE/SOMOSPIE_pegasus/CombinedPipeline/submit/poseidon/pegasus/somospie/run0131/00/00/generate_train_ID0000034.meta,/mnt/poseidon-data/poseidon/workflows/SOMOSPIE/SOMOSPIE_pegasus/CombinedPipeline/submit/poseidon/pegasus/somospie/run0131/00/01/generate_train_ID0000030.meta,/mnt/poseidon-data/poseidon/workflows/SOMOSPIE/SOMOSPIE_pegasus/CombinedPipeline/submit/poseidon/pegasus/somospie/run0131/00/01/generate_eval_ID0000039.meta,/mnt/poseidon-data/poseidon/workflows/SOMOSPIE/SOMOSPIE_pegasus/CombinedPipeline/submit/poseidon/pegasus/somospie/run0131/00/00/generate_train_ID0000027.meta --insert /mnt/poseidon-data/poseidon/workflows/SOMOSPIE/SOMOSPIE_pegasus/CombinedPipeline/submit/poseidon/pegasus/somospie/run0131/00/01/register_condorpool_5_1.in",3.2,0,0,,,,,,,,,
register_condorpool_5_0,None,auxiliary,0,1711743334.0,,,1711743344.0,,,0.0,1711743344.0,1711743349.0,,,0.0,1711743349.0,1711743354.0,10.0,,0.0,5.0,5.0,,,,,poseidon,local,poseidon-submit,pegasus::rc-client,/mnt/poseidon-data/poseidon/pegasus-5.1.0panorama/bin/pegasus-rc-client,"-n pegasus::rc-client -N null -R local  -L somospie -T 2024-03-27T17:59:14+00:00 /home/poseidon/pegasus-5.1.0panorama/bin/pegasus-rc-client --prefix pegasus.catalog.replica.output --conf /mnt/poseidon-data/poseidon/workflows/SOMOSPIE/SOMOSPIE_pegasus/CombinedPipeline/submit/poseidon/pegasus/somospie/run0131/pegasus.4275167722355991438.properties -v --meta /mnt/poseidon-data/poseidon/workflows/SOMOSPIE/SOMOSPIE_pegasus/CombinedPipeline/submit/poseidon/pegasus/somospie/run0131/00/00/generate_train_ID0000038.meta,/mnt/poseidon-data/poseidon/workflows/SOMOSPIE/SOMOSPIE_pegasus/CombinedPipeline/submit/poseidon/pegasus/somospie/run0131/00/00/generate_train_ID0000037.meta,/mnt/poseidon-data/poseidon/workflows/SOMOSPIE/SOMOSPIE_pegasus/CombinedPipeline/submit/poseidon/pegasus/somospie/run0131/00/00/generate_train_ID0000028.meta,/mnt/poseidon-data/poseidon/workflows/SOMOSPIE/SOMOSPIE_pegasus/CombinedPipeline/submit/poseidon/pegasus/somospie/run0131/00/01/generate_eval_ID0000041.meta,/mnt/poseidon-data/poseidon/workflows/SOMOSPIE/SOMOSPIE_pegasus/CombinedPipeline/submit/poseidon/pegasus/somospie/run0131/00/01/generate_train_ID0000032.meta,/mnt/poseidon-data/poseidon/workflows/SOMOSPIE/SOMOSPIE_pegasus/CombinedPipeline/submit/poseidon/pegasus/somospie/run0131/00/01/generate_train_ID0000035.meta,/mnt/poseidon-data/poseidon/workflows/SOMOSPIE/SOMOSPIE_pegasus/CombinedPipeline/submit/poseidon/pegasus/somospie/run0131/00/01/generate_eval_ID0000040.meta,/mnt/poseidon-data/poseidon/workflows/SOMOSPIE/SOMOSPIE_pegasus/CombinedPipeline/submit/poseidon/pegasus/somospie/run0131/00/01/generate_train_ID0000031.meta,/mnt/poseidon-data/poseidon/workflows/SOMOSPIE/SOMOSPIE_pegasus/CombinedPipeline/submit/poseidon/pegasus/somospie/run0131/00/01/generate_train_ID0000036.meta,/mnt/poseidon-data/poseidon/workflows/SOMOSPIE/SOMOSPIE_pegasus/CombinedPipeline/submit/poseidon/pegasus/somospie/run0131/00/01/generate_eval_ID0000042.meta,/mnt/poseidon-data/poseidon/workflows/SOMOSPIE/SOMOSPIE_pegasus/CombinedPipeline/submit/poseidon/pegasus/somospie/run0131/00/00/generate_train_ID0000029.meta,/mnt/poseidon-data/poseidon/workflows/SOMOSPIE/SOMOSPIE_pegasus/CombinedPipeline/submit/poseidon/pegasus/somospie/run0131/00/00/generate_train_ID0000033.meta,/mnt/poseidon-data/poseidon/workflows/SOMOSPIE/SOMOSPIE_pegasus/CombinedPipeline/submit/poseidon/pegasus/somospie/run0131/00/00/generate_train_ID0000034.meta,/mnt/poseidon-data/poseidon/workflows/SOMOSPIE/SOMOSPIE_pegasus/CombinedPipeline/submit/poseidon/pegasus/somospie/run0131/00/01/generate_train_ID0000030.meta,/mnt/poseidon-data/poseidon/workflows/SOMOSPIE/SOMOSPIE_pegasus/CombinedPipeline/submit/poseidon/pegasus/somospie/run0131/00/01/generate_eval_ID0000039.meta,/mnt/poseidon-data/poseidon/workflows/SOMOSPIE/SOMOSPIE_pegasus/CombinedPipeline/submit/poseidon/pegasus/somospie/run0131/00/00/generate_train_ID0000027.meta --insert /mnt/poseidon-data/poseidon/workflows/SOMOSPIE/SOMOSPIE_pegasus/CombinedPipeline/submit/poseidon/pegasus/somospie/run0131/00/01/register_condorpool_5_0.in",3.1,0,0,,,,,,,,,
cleanup_somospie_0_condorpool,None,auxiliary,0,1711743334.0,,,1711743339.0,,,0.0,1711743339.0,1711743344.0,,,0.0,1711743344.0,1711743349.0,5.0,,0.0,5.0,5.0,,,,,poseidon,local,poseidon-submit,pegasus::cleanup,/mnt/poseidon-data/poseidon/pegasus-5.1.0panorama/bin/pegasus-transfer,pegasus-kickstart  -n pegasus::cleanup -N null -i - -R local  -L somospie -T 2024-03-27T17:59:14+00:00 pegasus-transfer,0.2,0,0,,,,,,,,,
