,anomaly_type,type,is_clustered,ready,pre_script_start,pre_script_end,submit,stage_in_start,stage_in_end,stage_in_effective_bytes_per_sec,execute_start,execute_end,stage_out_start,stage_out_end,stage_out_effective_bytes_per_sec,post_script_start,post_script_end,wms_delay,pre_script_delay,queue_delay,runtime,post_script_delay,stage_in_delay,stage_in_bytes,stage_out_delay,stage_out_bytes,kickstart_user,kickstart_site,kickstart_hostname,kickstart_transformations,kickstart_executables,kickstart_executables_argv,kickstart_executables_cpu_time,kickstart_status,kickstart_executables_exitcode,kickstart_online_iowait,kickstart_online_bytes_read,kickstart_online_bytes_written,kickstart_online_read_system_calls,kickstart_online_write_system_calls,kickstart_online_utime,kickstart_online_stime,kickstart_online_bytes_read_per_second,kickstart_online_bytes_written_per_second
create_dir_somospie_0_condorpool,None,auxiliary,0,1711878974.0,,,1711878975.0,,,0.0,1711878980.0,1711878985.0,,,0.0,1711878985.0,1711878990.0,1.0,,5.0,5.0,5.0,,,,,poseidon,local,poseidon-submit,pegasus::dirmanager,/mnt/poseidon-data/poseidon/pegasus-5.1.0panorama/bin/pegasus-transfer,pegasus-kickstart  -n pegasus::dirmanager -N null -i - -R local  -L somospie -T 2024-03-27T17:59:14+00:00 pegasus-transfer,0.2,0,0,,,,,,,,,
get_sm_ID0000019,None,compute,0,1711878990.0,,,1711878995.0,1711879015.0,1711879035.0,35379987.7,1711879014.0,1711879055.0,1711879042.0,1711879046.0,270398.0,1711879055.0,1711879060.0,5.0,,19.0,41.0,5.0,20.0,459739344.0,4.0,873152.0,poseidon,condorpool,poseidon-worker-2-container-28-31,get_sm,/srv/get_sm,,1.9,0,0,,,,,,,,,
get_sm_ID0000018,None,compute,0,1711878990.0,,,1711878995.0,1711879015.0,1711879033.0,39508803.0,1711879014.0,1711879050.0,1711879040.0,1711879043.0,220305.0,1711879050.0,1711879055.0,5.0,,19.0,36.0,5.0,18.0,449409643.0,3.0,716593.0,poseidon,condorpool,poseidon-worker-1-container-44-47,get_sm,/srv/get_sm,,1.9,0,0,,,,,,,,,
get_sm_ID0000017,None,compute,0,1711878990.0,,,1711878995.0,1711879015.0,1711879036.0,28754452.8,1711879014.0,1711879055.0,1711879043.0,1711879046.0,188146.0,1711879055.0,1711879060.0,5.0,,19.0,41.0,5.0,21.0,444771924.0,3.0,613264.0,poseidon,condorpool,poseidon-worker-2-container-0-3,get_sm,/srv/get_sm,,1.9,0,0,,,,,,,,,
get_sm_ID0000016,None,compute,0,1711878990.0,,,1711878995.0,1711879015.0,1711879037.0,29481289.0,1711879014.0,1711879055.0,1711879044.0,1711879047.0,173270.0,1711879055.0,1711879060.0,5.0,,19.0,41.0,5.0,22.0,436178789.0,3.0,550490.0,poseidon,condorpool,poseidon-worker-1-container-36-39,get_sm,/srv/get_sm,,1.9,0,0,,,,,,,,,
get_sm_ID0000026,None,compute,0,1711878990.0,,,1711878995.0,1711879015.0,1711879033.0,38817465.0,1711879014.0,1711879050.0,1711879040.0,1711879044.0,190138.0,1711879050.0,1711879055.0,5.0,,19.0,36.0,5.0,18.0,442257808.0,4.0,608523.0,poseidon,condorpool,poseidon-worker-2-container-44-47,get_sm,/srv/get_sm,,2.0,0,0,,,,,,,,,
get_sm_ID0000015,None,compute,0,1711878990.0,,,1711878995.0,1711879015.0,1711879034.0,39223368.8,1711879014.0,1711879050.0,1711879041.0,1711879044.0,171916.0,1711879050.0,1711879055.0,5.0,,19.0,36.0,5.0,19.0,440090843.0,3.0,551360.0,poseidon,condorpool,poseidon-worker-2-container-36-39,get_sm,/srv/get_sm,,2.0,0,0,,,,,,,,,
merge_ID0000001,cpu_3,compute,0,1711878990.0,,,1711878995.0,1711879015.0,1711879035.0,136035761.7,1711879014.0,1711879105.0,1711879083.0,1711879098.0,91259118.0,1711879105.0,1711879110.0,5.0,,19.0,91.0,5.0,20.0,1726068480.0,15.0,1298102725.0,poseidon,condorpool,poseidon-worker-1-container-20-23,merge,/srv/merge,,37.6,0,0,0.0,950696532.0,1248263481.0,9868.0,38121.0,28.3,1.6,31689884.4,41608782.7
get_sm_ID0000024,None,compute,0,1711878990.0,,,1711878995.0,1711879015.0,1711879033.0,43285634.0,1711879014.0,1711879050.0,1711879040.0,1711879044.0,259148.0,1711879050.0,1711879055.0,5.0,,19.0,36.0,5.0,18.0,457521962.0,4.0,830231.0,poseidon,condorpool,poseidon-worker-2-container-40-43,get_sm,/srv/get_sm,,2.1,0,0,,,,,,,,,
get_sm_ID0000023,None,compute,0,1711878990.0,,,1711878995.0,1711879015.0,1711879035.0,31389559.5,1711879014.0,1711879055.0,1711879042.0,1711879045.0,286604.0,1711879055.0,1711879060.0,5.0,,19.0,41.0,5.0,20.0,467398273.0,3.0,943297.0,poseidon,condorpool,poseidon-worker-1-container-40-43,get_sm,/srv/get_sm,,1.8,0,0,,,,,,,,,
get_sm_ID0000022,None,compute,0,1711878990.0,,,1711878995.0,1711879015.0,1711879035.0,35831251.1,1711879014.0,1711879055.0,1711879042.0,1711879046.0,294669.0,1711879055.0,1711879060.0,5.0,,19.0,41.0,5.0,20.0,475800760.0,4.0,952852.0,poseidon,condorpool,poseidon-worker-2-container-16-19,get_sm,/srv/get_sm,,2.1,0,0,,,,,,,,,
get_sm_ID0000021,cpu_3,compute,0,1711878990.0,,,1711878995.0,1711879015.0,1711879034.0,38183007.8,1711879014.0,1711879050.0,1711879041.0,1711879044.0,297040.0,1711879050.0,1711879055.0,5.0,,19.0,36.0,5.0,19.0,475840244.0,3.0,951505.0,poseidon,condorpool,poseidon-worker-2-container-32-35,get_sm,/srv/get_sm,,2.0,0,0,,,,,,,,,
get_sm_ID0000020,None,compute,0,1711878990.0,,,1711878995.0,1711879015.0,1711879036.0,34536022.4,1711879014.0,1711879055.0,1711879043.0,1711879046.0,288448.0,1711879055.0,1711879060.0,5.0,,19.0,41.0,5.0,21.0,470635724.0,3.0,945682.0,poseidon,condorpool,poseidon-worker-2-container-24-27,get_sm,/srv/get_sm,,1.9,0,0,,,,,,,,,
get_sm_ID0000025,None,compute,0,1711878990.0,,,1711878995.0,1711879015.0,1711879035.0,32032379.0,1711879014.0,1711879055.0,1711879042.0,1711879046.0,217545.0,1711879055.0,1711879060.0,5.0,,19.0,41.0,5.0,20.0,447555942.0,4.0,712778.0,poseidon,condorpool,poseidon-worker-1-container-32-35,get_sm,/srv/get_sm,,2.0,0,0,,,,,,,,,
stage_out_local_condorpool_0_1,None,transfer,0,1711879060.0,,,1711879065.0,,,0.0,1711879065.0,1711879070.0,,,0.0,1711879070.0,1711879075.0,5.0,,0.0,5.0,5.0,,,,,poseidon,local,poseidon-submit,pegasus::transfer,/mnt/poseidon-data/poseidon/pegasus-5.1.0panorama/bin/pegasus-transfer,/home/poseidon/pegasus-5.1.0panorama/bin/../bin/pegasus-kickstart  -n pegasus::transfer -N null -i - -R local  -L somospie -T 2024-03-27T17:59:14+00:00 /home/poseidon/pegasus-5.1.0panorama/bin/../bin/pegasus-transfer  --threads 2,0.7,0,0,,,,,,,,,
register_condorpool_0_1,None,auxiliary,0,1711879075.0,,,1711879080.0,,,0.0,1711879080.0,1711879085.0,,,0.0,1711879085.0,1711879090.0,5.0,,0.0,5.0,5.0,,,,,poseidon,local,poseidon-submit,pegasus::rc-client,/mnt/poseidon-data/poseidon/pegasus-5.1.0panorama/bin/pegasus-rc-client,"-n pegasus::rc-client -N null -R local  -L somospie -T 2024-03-27T17:59:14+00:00 /home/poseidon/pegasus-5.1.0panorama/bin/pegasus-rc-client --prefix pegasus.catalog.replica.output --conf /mnt/poseidon-data/poseidon/workflows/SOMOSPIE/SOMOSPIE_pegasus/CombinedPipeline/submit/poseidon/pegasus/somospie/run0230/pegasus.4204397269071704370.properties -v --meta /mnt/poseidon-data/poseidon/workflows/SOMOSPIE/SOMOSPIE_pegasus/CombinedPipeline/submit/poseidon/pegasus/somospie/run0230/00/00/get_sm_ID0000020.meta,/mnt/poseidon-data/poseidon/workflows/SOMOSPIE/SOMOSPIE_pegasus/CombinedPipeline/submit/poseidon/pegasus/somospie/run0230/00/00/get_sm_ID0000024.meta,/mnt/poseidon-data/poseidon/workflows/SOMOSPIE/SOMOSPIE_pegasus/CombinedPipeline/submit/poseidon/pegasus/somospie/run0230/00/00/get_sm_ID0000026.meta,/mnt/poseidon-data/poseidon/workflows/SOMOSPIE/SOMOSPIE_pegasus/CombinedPipeline/submit/poseidon/pegasus/somospie/run0230/00/00/get_sm_ID0000019.meta,/mnt/poseidon-data/poseidon/workflows/SOMOSPIE/SOMOSPIE_pegasus/CombinedPipeline/submit/poseidon/pegasus/somospie/run0230/00/00/get_sm_ID0000016.meta,/mnt/poseidon-data/poseidon/workflows/SOMOSPIE/SOMOSPIE_pegasus/CombinedPipeline/submit/poseidon/pegasus/somospie/run0230/00/00/get_sm_ID0000022.meta --insert /mnt/poseidon-data/poseidon/workflows/SOMOSPIE/SOMOSPIE_pegasus/CombinedPipeline/submit/poseidon/pegasus/somospie/run0230/00/00/register_condorpool_0_1.in",2.7,0,0,,,,,,,,,
reproject_ID0000002,None,compute,0,1711879110.0,,,1711879115.0,1711879116.0,1711879135.0,142929259.3,1711879115.0,1711879190.0,1711879169.0,1711879182.0,88276219.0,1711879190.0,1711879195.0,5.0,,0.0,75.0,5.0,19.0,1696973986.0,13.0,1125581407.0,poseidon,condorpool,poseidon-worker-2-container-24-27,reproject,/srv/reproject,,51.5,0,0,0.0,1440949342.0,936489663.0,47260.0,28610.0,41.9,4.5,72047467.1,46824483.1
stage_out_local_condorpool_0_0,None,transfer,0,1711879110.0,,,1711879115.0,,,0.0,1711879115.0,1711879125.0,,,0.0,1711879125.0,1711879130.0,5.0,,0.0,10.0,5.0,,,,,poseidon,local,poseidon-submit,pegasus::transfer,/mnt/poseidon-data/poseidon/pegasus-5.1.0panorama/bin/pegasus-transfer,/home/poseidon/pegasus-5.1.0panorama/bin/../bin/pegasus-kickstart  -n pegasus::transfer -N null -i - -R local  -L somospie -T 2024-03-27T17:59:14+00:00 /home/poseidon/pegasus-5.1.0panorama/bin/../bin/pegasus-transfer  --threads 2,3.7,0,0,,,,,,,,,
reproject_ID0000011,cpu_3,compute,0,1711879110.0,,,1711879115.0,1711879116.0,1711879135.0,140935011.9,1711879115.0,1711879221.0,1711879196.0,1711879210.0,91592454.0,1711879221.0,1711879226.0,5.0,,0.0,106.0,5.0,19.0,1696973136.0,14.0,1298118839.0,poseidon,condorpool,poseidon-worker-1-container-20-23,reproject,/srv/reproject,,47.5,0,0,0.0,1307245935.0,1294007617.0,16939.0,39523.0,37.4,2.5,32681148.4,32350190.4
register_condorpool_0_0,None,auxiliary,0,1711879130.0,,,1711879135.0,,,0.0,1711879135.0,1711879140.0,,,0.0,1711879140.0,1711879145.0,5.0,,0.0,5.0,5.0,,,,,poseidon,local,poseidon-submit,pegasus::rc-client,/mnt/poseidon-data/poseidon/pegasus-5.1.0panorama/bin/pegasus-rc-client,"-n pegasus::rc-client -N null -R local  -L somospie -T 2024-03-27T17:59:14+00:00 /home/poseidon/pegasus-5.1.0panorama/bin/pegasus-rc-client --prefix pegasus.catalog.replica.output --conf /mnt/poseidon-data/poseidon/workflows/SOMOSPIE/SOMOSPIE_pegasus/CombinedPipeline/submit/poseidon/pegasus/somospie/run0230/pegasus.4204397269071704370.properties -v --meta /mnt/poseidon-data/poseidon/workflows/SOMOSPIE/SOMOSPIE_pegasus/CombinedPipeline/submit/poseidon/pegasus/somospie/run0230/00/00/get_sm_ID0000015.meta,/mnt/poseidon-data/poseidon/workflows/SOMOSPIE/SOMOSPIE_pegasus/CombinedPipeline/submit/poseidon/pegasus/somospie/run0230/00/00/get_sm_ID0000023.meta,/mnt/poseidon-data/poseidon/workflows/SOMOSPIE/SOMOSPIE_pegasus/CombinedPipeline/submit/poseidon/pegasus/somospie/run0230/00/00/get_sm_ID0000018.meta,/mnt/poseidon-data/poseidon/workflows/SOMOSPIE/SOMOSPIE_pegasus/CombinedPipeline/submit/poseidon/pegasus/somospie/run0230/00/00/get_sm_ID0000017.meta,/mnt/poseidon-data/poseidon/workflows/SOMOSPIE/SOMOSPIE_pegasus/CombinedPipeline/submit/poseidon/pegasus/somospie/run0230/00/00/merge_ID0000001.meta,/mnt/poseidon-data/poseidon/workflows/SOMOSPIE/SOMOSPIE_pegasus/CombinedPipeline/submit/poseidon/pegasus/somospie/run0230/00/00/get_sm_ID0000021.meta,/mnt/poseidon-data/poseidon/workflows/SOMOSPIE/SOMOSPIE_pegasus/CombinedPipeline/submit/poseidon/pegasus/somospie/run0230/00/00/get_sm_ID0000025.meta --insert /mnt/poseidon-data/poseidon/workflows/SOMOSPIE/SOMOSPIE_pegasus/CombinedPipeline/submit/poseidon/pegasus/somospie/run0230/00/00/register_condorpool_0_0.in",2.7,0,0,,,,,,,,,
crop_ID0000009,None,compute,0,1711879195.0,,,1711879200.0,1711879202.0,1711879220.0,133485642.4,1711879201.0,1711879246.0,1711879231.0,1711879236.0,23794297.0,1711879246.0,1711879251.0,5.0,,1.0,45.0,5.0,18.0,1524452582.0,5.0,99654844.0,poseidon,condorpool,poseidon-worker-2-container-24-27,crop,/srv/crop,,2.9,0,0,,,,,,,,,
crop_ID0000007,None,compute,0,1711879195.0,,,1711879200.0,1711879216.0,1711879233.0,145327885.7,1711879215.0,1711879256.0,1711879246.0,1711879250.0,40349108.0,1711879256.0,1711879261.0,5.0,,15.0,41.0,5.0,17.0,1524452582.0,4.0,194227221.0,poseidon,condorpool,poseidon-worker-2-container-24-27,crop,/srv/crop,,3.9,0,0,,,,,,,,,
crop_ID0000005,cpu_3,compute,0,1711879195.0,,,1711879201.0,1711879216.0,1711879235.0,132540076.6,1711879215.0,1711879256.0,1711879244.0,1711879247.0,1327172.0,1711879256.0,1711879261.0,6.0,,14.0,41.0,5.0,19.0,1524452582.0,3.0,4263385.0,poseidon,condorpool,poseidon-worker-1-container-20-23,crop,/srv/crop,,1.8,0,0,,,,,,,,,
crop_ID0000003,cpu_3,compute,0,1711879195.0,,,1711879201.0,1711879216.0,1711879234.0,137573102.8,1711879215.0,1711879256.0,1711879243.0,1711879247.0,786953.0,1711879256.0,1711879261.0,6.0,,14.0,41.0,5.0,18.0,1524452582.0,4.0,2530349.0,poseidon,condorpool,poseidon-worker-2-container-32-35,crop,/srv/crop,,1.8,0,0,,,,,,,,,
stage_out_local_condorpool_1_0,None,transfer,0,1711879226.0,,,1711879231.0,,,0.0,1711879231.0,1711879241.0,,,0.0,1711879241.0,1711879246.0,5.0,,0.0,10.0,5.0,,,,,poseidon,local,poseidon-submit,pegasus::transfer,/mnt/poseidon-data/poseidon/pegasus-5.1.0panorama/bin/pegasus-transfer,/home/poseidon/pegasus-5.1.0panorama/bin/../bin/pegasus-kickstart  -n pegasus::transfer -N null -i - -R local  -L somospie -T 2024-03-27T17:59:14+00:00 /home/poseidon/pegasus-5.1.0panorama/bin/../bin/pegasus-transfer  --threads 2,6.2,0,0,,,,,,,,,
register_condorpool_1_0,None,auxiliary,0,1711879246.0,,,1711879251.0,,,0.0,1711879251.0,1711879256.0,,,0.0,1711879256.0,1711879261.0,5.0,,0.0,5.0,5.0,,,,,poseidon,local,poseidon-submit,pegasus::rc-client,/mnt/poseidon-data/poseidon/pegasus-5.1.0panorama/bin/pegasus-rc-client,"-n pegasus::rc-client -N null -R local  -L somospie -T 2024-03-27T17:59:14+00:00 /home/poseidon/pegasus-5.1.0panorama/bin/pegasus-rc-client --prefix pegasus.catalog.replica.output --conf /mnt/poseidon-data/poseidon/workflows/SOMOSPIE/SOMOSPIE_pegasus/CombinedPipeline/submit/poseidon/pegasus/somospie/run0230/pegasus.4204397269071704370.properties -v --meta /mnt/poseidon-data/poseidon/workflows/SOMOSPIE/SOMOSPIE_pegasus/CombinedPipeline/submit/poseidon/pegasus/somospie/run0230/00/00/reproject_ID0000011.meta,/mnt/poseidon-data/poseidon/workflows/SOMOSPIE/SOMOSPIE_pegasus/CombinedPipeline/submit/poseidon/pegasus/somospie/run0230/00/00/reproject_ID0000002.meta --insert /mnt/poseidon-data/poseidon/workflows/SOMOSPIE/SOMOSPIE_pegasus/CombinedPipeline/submit/poseidon/pegasus/somospie/run0230/00/00/register_condorpool_1_0.in",2.7,0,0,,,,,,,,,
compute_ID0000010,None,compute,0,1711879251.0,,,1711879256.0,1711879257.0,1711879272.0,69194960.3,1711879257.0,1711879301.0,1711879289.0,1711879295.0,46049289.0,1711879301.0,1711879306.0,5.0,,1.0,44.0,5.0,15.0,498525556.0,6.0,250017804.0,poseidon,condorpool,poseidon-worker-2-container-24-27,compute,/srv/compute,,12.1,0,0,0.0,303614233.0,241637093.0,4473.0,7400.0,9.3,0.7,30361423.3,24163709.3
stage_out_local_condorpool_2_0,None,transfer,0,1711879261.0,,,1711879266.0,,,0.0,1711879266.0,1711879271.0,,,0.0,1711879271.0,1711879276.0,5.0,,0.0,5.0,5.0,,,,,poseidon,local,poseidon-submit,pegasus::transfer,/mnt/poseidon-data/poseidon/pegasus-5.1.0panorama/bin/pegasus-transfer,/home/poseidon/pegasus-5.1.0panorama/bin/../bin/pegasus-kickstart  -n pegasus::transfer -N null -i - -R local  -L somospie -T 2024-03-27T17:59:14+00:00 /home/poseidon/pegasus-5.1.0panorama/bin/../bin/pegasus-transfer  --threads 2,1.2,0,0,,,,,,,,,
compute_ID0000004,cpu_3,compute,0,1711879261.0,,,1711879266.0,1711879277.0,1711879291.0,57530956.0,1711879276.0,1711879311.0,1711879301.0,1711879304.0,1624584.0,1711879311.0,1711879316.0,5.0,,10.0,35.0,5.0,14.0,401401061.0,3.0,5326886.0,poseidon,condorpool,poseidon-worker-2-container-32-35,compute,/srv/compute,,5.0,0,0,,,,,,,,,
compute_ID0000008,cpu_3,compute,0,1711879261.0,,,1711879266.0,1711879277.0,1711879292.0,78793134.7,1711879276.0,1711879331.0,1711879317.0,1711879324.0,67090070.0,1711879331.0,1711879336.0,5.0,,10.0,55.0,5.0,15.0,593097933.0,7.0,506706062.0,poseidon,condorpool,poseidon-worker-1-container-20-23,compute,/srv/compute,,17.1,0,0,0.0,337474337.0,359312482.0,4212.0,10982.0,9.2,0.7,33747433.7,35931248.2
compute_ID0000006,None,compute,0,1711879261.0,,,1711879266.0,1711879277.0,1711879290.0,62141164.3,1711879276.0,1711879311.0,1711879300.0,1711879304.0,2901126.0,1711879311.0,1711879316.0,5.0,,10.0,35.0,5.0,13.0,403134097.0,4.0,9696865.0,poseidon,condorpool,poseidon-worker-2-container-16-19,compute,/srv/compute,,5.3,0,0,,,,,,,,,
register_condorpool_2_0,None,auxiliary,0,1711879276.0,,,1711879281.0,,,0.0,1711879281.0,1711879286.0,,,0.0,1711879286.0,1711879291.0,5.0,,0.0,5.0,5.0,,,,,poseidon,local,poseidon-submit,pegasus::rc-client,/mnt/poseidon-data/poseidon/pegasus-5.1.0panorama/bin/pegasus-rc-client,"-n pegasus::rc-client -N null -R local  -L somospie -T 2024-03-27T17:59:14+00:00 /home/poseidon/pegasus-5.1.0panorama/bin/pegasus-rc-client --prefix pegasus.catalog.replica.output --conf /mnt/poseidon-data/poseidon/workflows/SOMOSPIE/SOMOSPIE_pegasus/CombinedPipeline/submit/poseidon/pegasus/somospie/run0230/pegasus.4204397269071704370.properties -v --meta /mnt/poseidon-data/poseidon/workflows/SOMOSPIE/SOMOSPIE_pegasus/CombinedPipeline/submit/poseidon/pegasus/somospie/run0230/00/00/crop_ID0000007.meta,/mnt/poseidon-data/poseidon/workflows/SOMOSPIE/SOMOSPIE_pegasus/CombinedPipeline/submit/poseidon/pegasus/somospie/run0230/00/00/crop_ID0000009.meta,/mnt/poseidon-data/poseidon/workflows/SOMOSPIE/SOMOSPIE_pegasus/CombinedPipeline/submit/poseidon/pegasus/somospie/run0230/00/00/crop_ID0000003.meta,/mnt/poseidon-data/poseidon/workflows/SOMOSPIE/SOMOSPIE_pegasus/CombinedPipeline/submit/poseidon/pegasus/somospie/run0230/00/00/crop_ID0000005.meta --insert /mnt/poseidon-data/poseidon/workflows/SOMOSPIE/SOMOSPIE_pegasus/CombinedPipeline/submit/poseidon/pegasus/somospie/run0230/00/00/register_condorpool_2_0.in",2.7,0,0,,,,,,,,,
stage_out_local_condorpool_3_0,None,transfer,0,1711879336.0,,,1711879341.0,,,0.0,1711879341.0,1711879351.0,,,0.0,1711879351.0,1711879356.0,5.0,,0.0,10.0,5.0,,,,,poseidon,local,poseidon-submit,pegasus::transfer,/mnt/poseidon-data/poseidon/pegasus-5.1.0panorama/bin/pegasus-transfer,/home/poseidon/pegasus-5.1.0panorama/bin/../bin/pegasus-kickstart  -n pegasus::transfer -N null -i - -R local  -L somospie -T 2024-03-27T17:59:14+00:00 /home/poseidon/pegasus-5.1.0panorama/bin/../bin/pegasus-transfer  --threads 2,3.0,0,0,,,,,,,,,
merge_avg_ID0000014,None,compute,0,1711879336.0,,,1711879341.0,1711879343.0,1711879359.0,82977117.5,1711879342.0,1711879416.0,1711879401.0,1711879407.0,52966240.0,1711879416.0,1711879421.0,5.0,,1.0,74.0,5.0,16.0,737559838.0,6.0,309527239.0,poseidon,condorpool,poseidon-worker-2-container-24-27,merge_avg,/srv/merge_avg,,46.4,0,0,0.0,1040662294.0,665521593.0,47754.0,20417.0,22.0,6.4,34688743.1,22184053.1
merge_avg_ID0000012,cpu_3,compute,0,1711879336.0,,,1711879341.0,1711879343.0,1711879359.0,78079795.5,1711879342.0,1711879421.0,1711879406.0,1711879412.0,53288472.0,1711879421.0,1711879426.0,5.0,,1.0,79.0,5.0,16.0,731979063.0,6.0,304811410.0,poseidon,condorpool,poseidon-worker-1-container-20-23,merge_avg,/srv/merge_avg,,39.8,0,0,0.0,1084137260.0,668614476.0,51493.0,20518.0,21.1,6.2,36137908.7,22287149.2
merge_avg_ID0000013,cpu_3,compute,0,1711879336.0,,,1711879341.0,1711879343.0,1711879358.0,61480242.1,1711879342.0,1711879416.0,1711879402.0,1711879406.0,24640302.0,1711879416.0,1711879421.0,5.0,,1.0,74.0,5.0,15.0,498824437.0,4.0,98388765.0,poseidon,condorpool,poseidon-worker-2-container-32-35,merge_avg,/srv/merge_avg,,37.9,0,0,0.0,456466323.0,199526146.0,50607.0,6206.0,21.1,6.1,15215544.1,6650871.5
register_condorpool_3_0,None,auxiliary,0,1711879356.0,,,1711879361.0,,,0.0,1711879361.0,1711879366.0,,,0.0,1711879366.0,1711879371.0,5.0,,0.0,5.0,5.0,,,,,poseidon,local,poseidon-submit,pegasus::rc-client,/mnt/poseidon-data/poseidon/pegasus-5.1.0panorama/bin/pegasus-rc-client,"-n pegasus::rc-client -N null -R local  -L somospie -T 2024-03-27T17:59:14+00:00 /home/poseidon/pegasus-5.1.0panorama/bin/pegasus-rc-client --prefix pegasus.catalog.replica.output --conf /mnt/poseidon-data/poseidon/workflows/SOMOSPIE/SOMOSPIE_pegasus/CombinedPipeline/submit/poseidon/pegasus/somospie/run0230/pegasus.4204397269071704370.properties -v --meta /mnt/poseidon-data/poseidon/workflows/SOMOSPIE/SOMOSPIE_pegasus/CombinedPipeline/submit/poseidon/pegasus/somospie/run0230/00/00/compute_ID0000010.meta,/mnt/poseidon-data/poseidon/workflows/SOMOSPIE/SOMOSPIE_pegasus/CombinedPipeline/submit/poseidon/pegasus/somospie/run0230/00/00/compute_ID0000004.meta,/mnt/poseidon-data/poseidon/workflows/SOMOSPIE/SOMOSPIE_pegasus/CombinedPipeline/submit/poseidon/pegasus/somospie/run0230/00/00/compute_ID0000006.meta,/mnt/poseidon-data/poseidon/workflows/SOMOSPIE/SOMOSPIE_pegasus/CombinedPipeline/submit/poseidon/pegasus/somospie/run0230/00/00/compute_ID0000008.meta --insert /mnt/poseidon-data/poseidon/workflows/SOMOSPIE/SOMOSPIE_pegasus/CombinedPipeline/submit/poseidon/pegasus/somospie/run0230/00/00/register_condorpool_3_0.in",2.7,0,0,,,,,,,,,
generate_train_ID0000034,None,compute,0,1711879426.0,,,1711879431.0,1711879443.0,1711879473.0,104228156.5,1711879442.0,1711879496.0,1711879484.0,1711879487.0,395984.0,1711879496.0,1711879501.0,5.0,,11.0,54.0,5.0,30.0,2411404099.0,3.0,1275159.0,poseidon,condorpool,poseidon-worker-2-container-16-19,generate_train,/srv/generate_train,,0.8,0,0,,,,,,,,,
generate_eval_ID0000041,None,compute,0,1711879426.0,,,1711879431.0,1711879443.0,1711879469.0,127559895.6,1711879442.0,1711879511.0,1711879497.0,1711879505.0,70537165.0,1711879511.0,1711879516.0,5.0,,11.0,69.0,5.0,26.0,2410452250.0,8.0,561272484.0,poseidon,condorpool,poseidon-worker-1-container-32-35,generate_eval,/srv/generate_eval,,16.0,0,0,0.0,327916288.0,325138694.0,4545.0,9958.0,9.1,0.9,32791628.8,32513869.4
generate_eval_ID0000040,None,compute,0,1711879426.0,,,1711879431.0,1711879443.0,1711879470.0,123625601.3,1711879442.0,1711879501.0,1711879489.0,1711879492.0,2567972.0,1711879501.0,1711879506.0,5.0,,11.0,59.0,5.0,27.0,2410452250.0,3.0,8350187.0,poseidon,condorpool,poseidon-worker-2-container-36-39,generate_eval,/srv/generate_eval,,8.0,0,0,,,,,,,,,
generate_train_ID0000030,None,compute,0,1711879426.0,,,1711879431.0,1711879443.0,1711879467.0,146318428.5,1711879442.0,1711879491.0,1711879478.0,1711879481.0,302251.0,1711879491.0,1711879496.0,5.0,,11.0,49.0,5.0,24.0,2411167840.0,3.0,973028.0,poseidon,condorpool,poseidon-worker-2-container-44-47,generate_train,/srv/generate_train,,0.9,0,0,,,,,,,,,
generate_eval_ID0000039,None,compute,0,1711879426.0,,,1711879431.0,1711879443.0,1711879471.0,111101619.6,1711879442.0,1711879501.0,1711879491.0,1711879494.0,2757285.0,1711879501.0,1711879506.0,5.0,,11.0,59.0,5.0,28.0,2410452250.0,3.0,9068473.0,poseidon,condorpool,poseidon-worker-2-container-28-31,generate_eval,/srv/generate_eval,,7.9,0,0,,,,,,,,,
generate_eval_ID0000042,None,compute,0,1711879426.0,,,1711879431.0,1711879443.0,1711879475.0,95459895.2,1711879442.0,1711879511.0,1711879498.0,1711879503.0,46036392.0,1711879511.0,1711879516.0,5.0,,11.0,69.0,5.0,32.0,2410452250.0,5.0,240602325.0,poseidon,condorpool,poseidon-worker-2-container-0-3,generate_eval,/srv/generate_eval,,11.8,0,0,0.0,238329428.0,238041356.0,4077.0,7305.0,9.0,0.9,23832942.8,23804135.6
generate_train_ID0000032,None,compute,0,1711879426.0,,,1711879431.0,1711879443.0,1711879467.0,139748547.2,1711879442.0,1711879491.0,1711879478.0,1711879482.0,391900.0,1711879491.0,1711879496.0,5.0,,11.0,49.0,5.0,24.0,2411396929.0,4.0,1265871.0,poseidon,condorpool,poseidon-worker-1-container-44-47,generate_train,/srv/generate_train,,0.9,0,0,,,,,,,,,
generate_train_ID0000031,None,compute,0,1711879426.0,,,1711879431.0,1711879443.0,1711879473.0,102970139.5,1711879442.0,1711879496.0,1711879484.0,1711879487.0,368510.0,1711879496.0,1711879501.0,5.0,,11.0,54.0,5.0,30.0,2411324399.0,3.0,1175014.0,poseidon,condorpool,poseidon-worker-1-container-36-39,generate_train,/srv/generate_train,,0.9,0,0,,,,,,,,,
generate_train_ID0000036,None,compute,0,1711879426.0,,,1711879431.0,1711879443.0,1711879472.0,107898878.6,1711879442.0,1711879496.0,1711879484.0,1711879487.0,348981.0,1711879496.0,1711879501.0,5.0,,11.0,54.0,5.0,29.0,2411281478.0,3.0,1118721.0,poseidon,condorpool,poseidon-worker-2-container-40-43,generate_train,/srv/generate_train,,0.9,0,0,,,,,,,,,
generate_train_ID0000029,cpu_3,compute,0,1711879426.0,,,1711879431.0,1711879443.0,1711879471.0,119985727.6,1711879442.0,1711879501.0,1711879482.0,1711879486.0,264572.0,1711879501.0,1711879506.0,5.0,,11.0,59.0,5.0,28.0,2411064511.0,4.0,843408.0,poseidon,condorpool,poseidon-worker-2-container-32-35,generate_train,/srv/generate_train,,0.8,0,0,,,,,,,,,
generate_train_ID0000033,cpu_3,compute,0,1711879426.0,,,1711879431.0,1711879443.0,1711879474.0,102278965.2,1711879442.0,1711879496.0,1711879485.0,1711879488.0,398297.0,1711879496.0,1711879501.0,5.0,,11.0,54.0,5.0,31.0,2411402752.0,3.0,1274805.0,poseidon,condorpool,poseidon-worker-1-container-20-23,generate_train,/srv/generate_train,,0.8,0,0,,,,,,,,,
generate_train_ID0000028,None,compute,0,1711879426.0,,,1711879431.0,1711879443.0,1711879469.0,130870706.7,1711879442.0,1711879496.0,1711879480.0,1711879483.0,238049.0,1711879496.0,1711879501.0,5.0,,11.0,54.0,5.0,26.0,2411001737.0,3.0,762584.0,poseidon,condorpool,poseidon-worker-2-container-24-27,generate_train,/srv/generate_train,,0.9,0,0,,,,,,,,,
stage_out_local_condorpool_4_0,None,transfer,0,1711879426.0,,,1711879431.0,,,0.0,1711879431.0,1711879436.0,,,0.0,1711879436.0,1711879441.0,5.0,,0.0,5.0,5.0,,,,,poseidon,local,poseidon-submit,pegasus::transfer,/mnt/poseidon-data/poseidon/pegasus-5.1.0panorama/bin/pegasus-transfer,/home/poseidon/pegasus-5.1.0panorama/bin/../bin/pegasus-kickstart  -n pegasus::transfer -N null -i - -R local  -L somospie -T 2024-03-27T17:59:14+00:00 /home/poseidon/pegasus-5.1.0panorama/bin/../bin/pegasus-transfer  --threads 2,2.1,0,0,,,,,,,,,
generate_train_ID0000027,cpu_3,compute,0,1711879426.0,,,1711879431.0,1711879433.0,1711879457.0,146108222.8,1711879432.0,1711879481.0,1711879470.0,1711879474.0,236808.0,1711879481.0,1711879486.0,5.0,,1.0,49.0,5.0,24.0,2411002607.0,4.0,764017.0,poseidon,condorpool,poseidon-worker-2-container-32-35,generate_train,/srv/generate_train,,0.8,0,0,,,,,,,,,
generate_train_ID0000038,cpu_3,compute,0,1711879426.0,,,1711879431.0,1711879433.0,1711879456.0,149641130.2,1711879432.0,1711879481.0,1711879469.0,1711879472.0,260337.0,1711879481.0,1711879486.0,5.0,,1.0,49.0,5.0,23.0,2411059770.0,3.0,837547.0,poseidon,condorpool,poseidon-worker-1-container-20-23,generate_train,/srv/generate_train,,0.7,0,0,,,,,,,,,
generate_train_ID0000037,None,compute,0,1711879426.0,,,1711879431.0,1711879433.0,1711879457.0,146111255.8,1711879432.0,1711879496.0,1711879468.0,1711879472.0,272316.0,1711879496.0,1711879501.0,5.0,,1.0,64.0,5.0,24.0,2411164025.0,4.0,969901.0,poseidon,condorpool,poseidon-worker-2-container-24-27,generate_train,/srv/generate_train,,0.8,0,0,,,,,,,,,
generate_train_ID0000035,None,compute,0,1711879426.0,,,1711879431.0,1711879443.0,1711879475.0,98121337.8,1711879442.0,1711879496.0,1711879485.0,1711879489.0,392501.0,1711879496.0,1711879501.0,5.0,,11.0,54.0,5.0,32.0,2411394544.0,4.0,1261244.0,poseidon,condorpool,poseidon-worker-1-container-40-43,generate_train,/srv/generate_train,,0.8,0,0,,,,,,,,,
register_condorpool_4_0,None,auxiliary,0,1711879441.0,,,1711879446.0,,,0.0,1711879447.0,1711879451.0,,,0.0,1711879451.0,1711879456.0,5.0,,1.0,4.0,5.0,,,,,poseidon,local,poseidon-submit,pegasus::rc-client,/mnt/poseidon-data/poseidon/pegasus-5.1.0panorama/bin/pegasus-rc-client,"-n pegasus::rc-client -N null -R local  -L somospie -T 2024-03-27T17:59:14+00:00 /home/poseidon/pegasus-5.1.0panorama/bin/pegasus-rc-client --prefix pegasus.catalog.replica.output --conf /mnt/poseidon-data/poseidon/workflows/SOMOSPIE/SOMOSPIE_pegasus/CombinedPipeline/submit/poseidon/pegasus/somospie/run0230/pegasus.4204397269071704370.properties -v --meta /mnt/poseidon-data/poseidon/workflows/SOMOSPIE/SOMOSPIE_pegasus/CombinedPipeline/submit/poseidon/pegasus/somospie/run0230/00/00/merge_avg_ID0000012.meta,/mnt/poseidon-data/poseidon/workflows/SOMOSPIE/SOMOSPIE_pegasus/CombinedPipeline/submit/poseidon/pegasus/somospie/run0230/00/00/merge_avg_ID0000014.meta,/mnt/poseidon-data/poseidon/workflows/SOMOSPIE/SOMOSPIE_pegasus/CombinedPipeline/submit/poseidon/pegasus/somospie/run0230/00/00/merge_avg_ID0000013.meta --insert /mnt/poseidon-data/poseidon/workflows/SOMOSPIE/SOMOSPIE_pegasus/CombinedPipeline/submit/poseidon/pegasus/somospie/run0230/00/00/register_condorpool_4_0.in",2.6,0,0,,,,,,,,,
stage_out_local_condorpool_5_0,None,transfer,0,1711879516.0,,,1711879521.0,,,0.0,1711879521.0,1711879531.0,,,0.0,1711879531.0,1711879536.0,5.0,,0.0,10.0,5.0,,,,,poseidon,local,poseidon-submit,pegasus::transfer,/mnt/poseidon-data/poseidon/pegasus-5.1.0panorama/bin/pegasus-transfer,/home/poseidon/pegasus-5.1.0panorama/bin/../bin/pegasus-kickstart  -n pegasus::transfer -N null -i - -R local  -L somospie -T 2024-03-27T17:59:14+00:00 /home/poseidon/pegasus-5.1.0panorama/bin/../bin/pegasus-transfer  --threads 2,3.4,0,0,,,,,,,,,
stage_out_local_condorpool_5_1,None,transfer,0,1711879516.0,,,1711879521.0,,,0.0,1711879521.0,1711879526.0,,,0.0,1711879526.0,1711879531.0,5.0,,0.0,5.0,5.0,,,,,poseidon,local,poseidon-submit,pegasus::transfer,/mnt/poseidon-data/poseidon/pegasus-5.1.0panorama/bin/pegasus-transfer,/home/poseidon/pegasus-5.1.0panorama/bin/../bin/pegasus-kickstart  -n pegasus::transfer -N null -i - -R local  -L somospie -T 2024-03-27T17:59:14+00:00 /home/poseidon/pegasus-5.1.0panorama/bin/../bin/pegasus-transfer  --threads 2,1.5,0,0,,,,,,,,,
register_condorpool_5_1,None,auxiliary,0,1711879531.0,,,1711879536.0,,,0.0,1711879536.0,1711879541.0,,,0.0,1711879541.0,1711879546.0,5.0,,0.0,5.0,5.0,,,,,poseidon,local,poseidon-submit,pegasus::rc-client,/mnt/poseidon-data/poseidon/pegasus-5.1.0panorama/bin/pegasus-rc-client,"-n pegasus::rc-client -N null -R local  -L somospie -T 2024-03-27T17:59:14+00:00 /home/poseidon/pegasus-5.1.0panorama/bin/pegasus-rc-client --prefix pegasus.catalog.replica.output --conf /mnt/poseidon-data/poseidon/workflows/SOMOSPIE/SOMOSPIE_pegasus/CombinedPipeline/submit/poseidon/pegasus/somospie/run0230/pegasus.4204397269071704370.properties -v --meta /mnt/poseidon-data/poseidon/workflows/SOMOSPIE/SOMOSPIE_pegasus/CombinedPipeline/submit/poseidon/pegasus/somospie/run0230/00/00/generate_train_ID0000038.meta,/mnt/poseidon-data/poseidon/workflows/SOMOSPIE/SOMOSPIE_pegasus/CombinedPipeline/submit/poseidon/pegasus/somospie/run0230/00/00/generate_train_ID0000037.meta,/mnt/poseidon-data/poseidon/workflows/SOMOSPIE/SOMOSPIE_pegasus/CombinedPipeline/submit/poseidon/pegasus/somospie/run0230/00/00/generate_train_ID0000028.meta,/mnt/poseidon-data/poseidon/workflows/SOMOSPIE/SOMOSPIE_pegasus/CombinedPipeline/submit/poseidon/pegasus/somospie/run0230/00/01/generate_eval_ID0000041.meta,/mnt/poseidon-data/poseidon/workflows/SOMOSPIE/SOMOSPIE_pegasus/CombinedPipeline/submit/poseidon/pegasus/somospie/run0230/00/01/generate_train_ID0000032.meta,/mnt/poseidon-data/poseidon/workflows/SOMOSPIE/SOMOSPIE_pegasus/CombinedPipeline/submit/poseidon/pegasus/somospie/run0230/00/01/generate_train_ID0000035.meta,/mnt/poseidon-data/poseidon/workflows/SOMOSPIE/SOMOSPIE_pegasus/CombinedPipeline/submit/poseidon/pegasus/somospie/run0230/00/01/generate_eval_ID0000040.meta,/mnt/poseidon-data/poseidon/workflows/SOMOSPIE/SOMOSPIE_pegasus/CombinedPipeline/submit/poseidon/pegasus/somospie/run0230/00/01/generate_train_ID0000031.meta,/mnt/poseidon-data/poseidon/workflows/SOMOSPIE/SOMOSPIE_pegasus/CombinedPipeline/submit/poseidon/pegasus/somospie/run0230/00/01/generate_train_ID0000036.meta,/mnt/poseidon-data/poseidon/workflows/SOMOSPIE/SOMOSPIE_pegasus/CombinedPipeline/submit/poseidon/pegasus/somospie/run0230/00/01/generate_eval_ID0000042.meta,/mnt/poseidon-data/poseidon/workflows/SOMOSPIE/SOMOSPIE_pegasus/CombinedPipeline/submit/poseidon/pegasus/somospie/run0230/00/00/generate_train_ID0000029.meta,/mnt/poseidon-data/poseidon/workflows/SOMOSPIE/SOMOSPIE_pegasus/CombinedPipeline/submit/poseidon/pegasus/somospie/run0230/00/00/generate_train_ID0000033.meta,/mnt/poseidon-data/poseidon/workflows/SOMOSPIE/SOMOSPIE_pegasus/CombinedPipeline/submit/poseidon/pegasus/somospie/run0230/00/00/generate_train_ID0000034.meta,/mnt/poseidon-data/poseidon/workflows/SOMOSPIE/SOMOSPIE_pegasus/CombinedPipeline/submit/poseidon/pegasus/somospie/run0230/00/01/generate_train_ID0000030.meta,/mnt/poseidon-data/poseidon/workflows/SOMOSPIE/SOMOSPIE_pegasus/CombinedPipeline/submit/poseidon/pegasus/somospie/run0230/00/01/generate_eval_ID0000039.meta,/mnt/poseidon-data/poseidon/workflows/SOMOSPIE/SOMOSPIE_pegasus/CombinedPipeline/submit/poseidon/pegasus/somospie/run0230/00/00/generate_train_ID0000027.meta --insert /mnt/poseidon-data/poseidon/workflows/SOMOSPIE/SOMOSPIE_pegasus/CombinedPipeline/submit/poseidon/pegasus/somospie/run0230/00/01/register_condorpool_5_1.in",2.8,0,0,,,,,,,,,
register_condorpool_5_0,None,auxiliary,0,1711879536.0,,,1711879546.0,,,0.0,1711879546.0,1711879551.0,,,0.0,1711879551.0,1711879556.0,10.0,,0.0,5.0,5.0,,,,,poseidon,local,poseidon-submit,pegasus::rc-client,/mnt/poseidon-data/poseidon/pegasus-5.1.0panorama/bin/pegasus-rc-client,"-n pegasus::rc-client -N null -R local  -L somospie -T 2024-03-27T17:59:14+00:00 /home/poseidon/pegasus-5.1.0panorama/bin/pegasus-rc-client --prefix pegasus.catalog.replica.output --conf /mnt/poseidon-data/poseidon/workflows/SOMOSPIE/SOMOSPIE_pegasus/CombinedPipeline/submit/poseidon/pegasus/somospie/run0230/pegasus.4204397269071704370.properties -v --meta /mnt/poseidon-data/poseidon/workflows/SOMOSPIE/SOMOSPIE_pegasus/CombinedPipeline/submit/poseidon/pegasus/somospie/run0230/00/00/generate_train_ID0000038.meta,/mnt/poseidon-data/poseidon/workflows/SOMOSPIE/SOMOSPIE_pegasus/CombinedPipeline/submit/poseidon/pegasus/somospie/run0230/00/00/generate_train_ID0000037.meta,/mnt/poseidon-data/poseidon/workflows/SOMOSPIE/SOMOSPIE_pegasus/CombinedPipeline/submit/poseidon/pegasus/somospie/run0230/00/00/generate_train_ID0000028.meta,/mnt/poseidon-data/poseidon/workflows/SOMOSPIE/SOMOSPIE_pegasus/CombinedPipeline/submit/poseidon/pegasus/somospie/run0230/00/01/generate_eval_ID0000041.meta,/mnt/poseidon-data/poseidon/workflows/SOMOSPIE/SOMOSPIE_pegasus/CombinedPipeline/submit/poseidon/pegasus/somospie/run0230/00/01/generate_train_ID0000032.meta,/mnt/poseidon-data/poseidon/workflows/SOMOSPIE/SOMOSPIE_pegasus/CombinedPipeline/submit/poseidon/pegasus/somospie/run0230/00/01/generate_train_ID0000035.meta,/mnt/poseidon-data/poseidon/workflows/SOMOSPIE/SOMOSPIE_pegasus/CombinedPipeline/submit/poseidon/pegasus/somospie/run0230/00/01/generate_eval_ID0000040.meta,/mnt/poseidon-data/poseidon/workflows/SOMOSPIE/SOMOSPIE_pegasus/CombinedPipeline/submit/poseidon/pegasus/somospie/run0230/00/01/generate_train_ID0000031.meta,/mnt/poseidon-data/poseidon/workflows/SOMOSPIE/SOMOSPIE_pegasus/CombinedPipeline/submit/poseidon/pegasus/somospie/run0230/00/01/generate_train_ID0000036.meta,/mnt/poseidon-data/poseidon/workflows/SOMOSPIE/SOMOSPIE_pegasus/CombinedPipeline/submit/poseidon/pegasus/somospie/run0230/00/01/generate_eval_ID0000042.meta,/mnt/poseidon-data/poseidon/workflows/SOMOSPIE/SOMOSPIE_pegasus/CombinedPipeline/submit/poseidon/pegasus/somospie/run0230/00/00/generate_train_ID0000029.meta,/mnt/poseidon-data/poseidon/workflows/SOMOSPIE/SOMOSPIE_pegasus/CombinedPipeline/submit/poseidon/pegasus/somospie/run0230/00/00/generate_train_ID0000033.meta,/mnt/poseidon-data/poseidon/workflows/SOMOSPIE/SOMOSPIE_pegasus/CombinedPipeline/submit/poseidon/pegasus/somospie/run0230/00/00/generate_train_ID0000034.meta,/mnt/poseidon-data/poseidon/workflows/SOMOSPIE/SOMOSPIE_pegasus/CombinedPipeline/submit/poseidon/pegasus/somospie/run0230/00/01/generate_train_ID0000030.meta,/mnt/poseidon-data/poseidon/workflows/SOMOSPIE/SOMOSPIE_pegasus/CombinedPipeline/submit/poseidon/pegasus/somospie/run0230/00/01/generate_eval_ID0000039.meta,/mnt/poseidon-data/poseidon/workflows/SOMOSPIE/SOMOSPIE_pegasus/CombinedPipeline/submit/poseidon/pegasus/somospie/run0230/00/00/generate_train_ID0000027.meta --insert /mnt/poseidon-data/poseidon/workflows/SOMOSPIE/SOMOSPIE_pegasus/CombinedPipeline/submit/poseidon/pegasus/somospie/run0230/00/01/register_condorpool_5_0.in",2.9,0,0,,,,,,,,,
cleanup_somospie_0_condorpool,None,auxiliary,0,1711879536.0,,,1711879541.0,,,0.0,1711879541.0,1711879546.0,,,0.0,1711879546.0,1711879551.0,5.0,,0.0,5.0,5.0,,,,,poseidon,local,poseidon-submit,pegasus::cleanup,/mnt/poseidon-data/poseidon/pegasus-5.1.0panorama/bin/pegasus-transfer,pegasus-kickstart  -n pegasus::cleanup -N null -i - -R local  -L somospie -T 2024-03-27T17:59:14+00:00 pegasus-transfer,0.2,0,0,,,,,,,,,
