,anomaly_type,type,is_clustered,ready,pre_script_start,pre_script_end,submit,stage_in_start,stage_in_end,stage_in_effective_bytes_per_sec,execute_start,execute_end,stage_out_start,stage_out_end,stage_out_effective_bytes_per_sec,post_script_start,post_script_end,wms_delay,pre_script_delay,queue_delay,runtime,post_script_delay,stage_in_delay,stage_in_bytes,stage_out_delay,stage_out_bytes,kickstart_user,kickstart_site,kickstart_hostname,kickstart_transformations,kickstart_executables,kickstart_executables_argv,kickstart_executables_cpu_time,kickstart_status,kickstart_executables_exitcode,kickstart_online_iowait,kickstart_online_bytes_read,kickstart_online_bytes_written,kickstart_online_read_system_calls,kickstart_online_write_system_calls,kickstart_online_utime,kickstart_online_stime,kickstart_online_bytes_read_per_second,kickstart_online_bytes_written_per_second
create_dir_somospie_0_condorpool,None,auxiliary,0,1711876239.0,,,1711876240.0,,,0.0,1711876244.0,1711876250.0,,,0.0,1711876250.0,1711876255.0,1.0,,4.0,6.0,5.0,,,,,poseidon,local,poseidon-submit,pegasus::dirmanager,/mnt/poseidon-data/poseidon/pegasus-5.1.0panorama/bin/pegasus-transfer,pegasus-kickstart  -n pegasus::dirmanager -N null -i - -R local  -L somospie -T 2024-03-27T17:59:14+00:00 pegasus-transfer,0.2,0,0,,,,,,,,,
merge_ID0000001,None,compute,0,1711876255.0,,,1711876260.0,1711876280.0,1711876302.0,118312866.1,1711876279.0,1711876356.0,1711876335.0,1711876350.0,91591360.0,1711876356.0,1711876361.0,5.0,,19.0,77.0,5.0,22.0,1726068480.0,15.0,1298102725.0,poseidon,condorpool,poseidon-worker-2-container-32-35,merge,/srv/merge,,41.2,0,0,0.0,979524820.0,1294269762.0,10736.0,39532.0,33.8,2.5,48976241.0,64713488.1
get_sm_ID0000018,None,compute,0,1711876255.0,,,1711876260.0,1711876280.0,1711876300.0,36389283.3,1711876279.0,1711876320.0,1711876307.0,1711876310.0,222198.0,1711876320.0,1711876325.0,5.0,,19.0,41.0,5.0,20.0,449409643.0,3.0,716593.0,poseidon,condorpool,poseidon-worker-2-container-12-15,get_sm,/srv/get_sm,,2.0,0,0,,,,,,,,,
get_sm_ID0000017,None,compute,0,1711876255.0,,,1711876260.0,1711876280.0,1711876297.0,46737991.4,1711876279.0,1711876315.0,1711876304.0,1711876307.0,191121.0,1711876315.0,1711876320.0,5.0,,19.0,36.0,5.0,17.0,444771924.0,3.0,613264.0,poseidon,condorpool,poseidon-worker-2-container-0-3,get_sm,/srv/get_sm,,1.8,0,0,,,,,,,,,
get_sm_ID0000016,None,compute,0,1711876255.0,,,1711876260.0,1711876280.0,1711876302.0,29090005.6,1711876279.0,1711876320.0,1711876309.0,1711876312.0,171189.0,1711876320.0,1711876325.0,5.0,,19.0,41.0,5.0,22.0,436178789.0,3.0,550490.0,poseidon,condorpool,poseidon-worker-1-container-16-19,get_sm,/srv/get_sm,,1.7,0,0,,,,,,,,,
get_sm_ID0000026,None,compute,0,1711876255.0,,,1711876260.0,1711876280.0,1711876297.0,47186377.1,1711876279.0,1711876315.0,1711876304.0,1711876307.0,186089.0,1711876315.0,1711876320.0,5.0,,19.0,36.0,5.0,17.0,442257808.0,3.0,608523.0,poseidon,condorpool,poseidon-worker-1-container-20-23,get_sm,/srv/get_sm,,1.8,0,0,,,,,,,,,
get_sm_ID0000015,None,compute,0,1711876255.0,,,1711876260.0,1711876280.0,1711876300.0,33512414.5,1711876279.0,1711876320.0,1711876307.0,1711876310.0,171185.0,1711876320.0,1711876325.0,5.0,,19.0,41.0,5.0,20.0,440090843.0,3.0,551360.0,poseidon,condorpool,poseidon-worker-1-container-28-31,get_sm,/srv/get_sm,,1.9,0,0,,,,,,,,,
get_sm_ID0000019,None,compute,0,1711876255.0,,,1711876260.0,1711876280.0,1711876298.0,43011035.2,1711876279.0,1711876315.0,1711876305.0,1711876308.0,273369.0,1711876315.0,1711876320.0,5.0,,19.0,36.0,5.0,18.0,459739344.0,3.0,873152.0,poseidon,condorpool,poseidon-worker-1-container-36-39,get_sm,/srv/get_sm,,1.9,0,0,,,,,,,,,
get_sm_ID0000024,None,compute,0,1711876255.0,,,1711876260.0,1711876280.0,1711876301.0,31618482.5,1711876279.0,1711876320.0,1711876308.0,1711876312.0,257252.0,1711876320.0,1711876325.0,5.0,,19.0,41.0,5.0,21.0,457521962.0,4.0,830231.0,poseidon,condorpool,poseidon-worker-1-container-44-47,get_sm,/srv/get_sm,,2.0,0,0,,,,,,,,,
get_sm_ID0000023,None,compute,0,1711876255.0,,,1711876260.0,1711876280.0,1711876300.0,33079301.0,1711876279.0,1711876320.0,1711876307.0,1711876310.0,291988.0,1711876320.0,1711876325.0,5.0,,19.0,41.0,5.0,20.0,467398273.0,3.0,943297.0,poseidon,condorpool,poseidon-worker-2-container-44-47,get_sm,/srv/get_sm,,2.0,0,0,,,,,,,,,
get_sm_ID0000022,None,compute,0,1711876255.0,,,1711876260.0,1711876280.0,1711876302.0,30666034.4,1711876279.0,1711876320.0,1711876309.0,1711876313.0,286154.0,1711876320.0,1711876325.0,5.0,,19.0,41.0,5.0,22.0,475800760.0,4.0,952852.0,poseidon,condorpool,poseidon-worker-2-container-40-43,get_sm,/srv/get_sm,,2.1,0,0,,,,,,,,,
get_sm_ID0000021,None,compute,0,1711876255.0,,,1711876260.0,1711876280.0,1711876302.0,33512877.6,1711876279.0,1711876320.0,1711876309.0,1711876312.0,296968.0,1711876320.0,1711876325.0,5.0,,19.0,41.0,5.0,22.0,475840244.0,3.0,951505.0,poseidon,condorpool,poseidon-worker-2-container-28-31,get_sm,/srv/get_sm,,2.1,0,0,,,,,,,,,
get_sm_ID0000020,cpu_3,compute,0,1711876255.0,,,1711876260.0,1711876280.0,1711876301.0,33529138.3,1711876279.0,1711876320.0,1711876308.0,1711876311.0,293283.0,1711876320.0,1711876325.0,5.0,,19.0,41.0,5.0,21.0,470635724.0,3.0,945682.0,poseidon,condorpool,poseidon-worker-1-container-40-43,get_sm,/srv/get_sm,,1.9,0,0,,,,,,,,,
get_sm_ID0000025,None,compute,0,1711876255.0,,,1711876260.0,1711876280.0,1711876300.0,33899189.9,1711876279.0,1711876320.0,1711876307.0,1711876310.0,222671.0,1711876320.0,1711876325.0,5.0,,19.0,41.0,5.0,20.0,447555942.0,3.0,712778.0,poseidon,condorpool,poseidon-worker-2-container-36-39,get_sm,/srv/get_sm,,2.0,0,0,,,,,,,,,
stage_out_local_condorpool_0_1,None,transfer,0,1711876325.0,,,1711876330.0,,,0.0,1711876330.0,1711876335.0,,,0.0,1711876335.0,1711876340.0,5.0,,0.0,5.0,5.0,,,,,poseidon,local,poseidon-submit,pegasus::transfer,/mnt/poseidon-data/poseidon/pegasus-5.1.0panorama/bin/pegasus-transfer,/home/poseidon/pegasus-5.1.0panorama/bin/../bin/pegasus-kickstart  -n pegasus::transfer -N null -i - -R local  -L somospie -T 2024-03-27T17:59:14+00:00 /home/poseidon/pegasus-5.1.0panorama/bin/../bin/pegasus-transfer  --threads 2,0.7,0,0,,,,,,,,,
register_condorpool_0_1,None,auxiliary,0,1711876340.0,,,1711876345.0,,,0.0,1711876345.0,1711876350.0,,,0.0,1711876350.0,1711876356.0,5.0,,0.0,5.0,6.0,,,,,poseidon,local,poseidon-submit,pegasus::rc-client,/mnt/poseidon-data/poseidon/pegasus-5.1.0panorama/bin/pegasus-rc-client,"-n pegasus::rc-client -N null -R local  -L somospie -T 2024-03-27T17:59:14+00:00 /home/poseidon/pegasus-5.1.0panorama/bin/pegasus-rc-client --prefix pegasus.catalog.replica.output --conf /mnt/poseidon-data/poseidon/workflows/SOMOSPIE/SOMOSPIE_pegasus/CombinedPipeline/submit/poseidon/pegasus/somospie/run0226/pegasus.5760014149069908143.properties -v --meta /mnt/poseidon-data/poseidon/workflows/SOMOSPIE/SOMOSPIE_pegasus/CombinedPipeline/submit/poseidon/pegasus/somospie/run0226/00/00/get_sm_ID0000020.meta,/mnt/poseidon-data/poseidon/workflows/SOMOSPIE/SOMOSPIE_pegasus/CombinedPipeline/submit/poseidon/pegasus/somospie/run0226/00/00/get_sm_ID0000024.meta,/mnt/poseidon-data/poseidon/workflows/SOMOSPIE/SOMOSPIE_pegasus/CombinedPipeline/submit/poseidon/pegasus/somospie/run0226/00/00/get_sm_ID0000026.meta,/mnt/poseidon-data/poseidon/workflows/SOMOSPIE/SOMOSPIE_pegasus/CombinedPipeline/submit/poseidon/pegasus/somospie/run0226/00/00/get_sm_ID0000019.meta,/mnt/poseidon-data/poseidon/workflows/SOMOSPIE/SOMOSPIE_pegasus/CombinedPipeline/submit/poseidon/pegasus/somospie/run0226/00/00/get_sm_ID0000016.meta,/mnt/poseidon-data/poseidon/workflows/SOMOSPIE/SOMOSPIE_pegasus/CombinedPipeline/submit/poseidon/pegasus/somospie/run0226/00/00/get_sm_ID0000022.meta --insert /mnt/poseidon-data/poseidon/workflows/SOMOSPIE/SOMOSPIE_pegasus/CombinedPipeline/submit/poseidon/pegasus/somospie/run0226/00/00/register_condorpool_0_1.in",2.7,0,0,,,,,,,,,
reproject_ID0000002,cpu_3,compute,0,1711876361.0,,,1711876366.0,1711876371.0,1711876390.0,140448408.3,1711876370.0,1711876466.0,1711876448.0,1711876461.0,88320439.0,1711876466.0,1711876471.0,5.0,,4.0,96.0,5.0,19.0,1696973986.0,13.0,1125581407.0,poseidon,condorpool,poseidon-worker-1-container-40-43,reproject,/srv/reproject,,45.1,0,0,0.0,1449903164.0,935899839.0,49456.0,28592.0,36.9,3.0,36247579.1,23397496.0
reproject_ID0000011,None,compute,0,1711876361.0,,,1711876366.0,1711876367.0,1711876386.0,142059250.6,1711876366.0,1711876446.0,1711876422.0,1711876436.0,91675372.0,1711876446.0,1711876451.0,5.0,,0.0,80.0,5.0,19.0,1696973136.0,14.0,1298118839.0,poseidon,condorpool,poseidon-worker-2-container-32-35,reproject,/srv/reproject,,54.4,0,0,0.0,1309102597.0,1295252805.0,17298.0,39564.0,44.5,3.8,65455129.9,64762640.2
stage_out_local_condorpool_0_0,None,transfer,0,1711876361.0,,,1711876366.0,,,0.0,1711876366.0,1711876376.0,,,0.0,1711876376.0,1711876381.0,5.0,,0.0,10.0,5.0,,,,,poseidon,local,poseidon-submit,pegasus::transfer,/mnt/poseidon-data/poseidon/pegasus-5.1.0panorama/bin/pegasus-transfer,/home/poseidon/pegasus-5.1.0panorama/bin/../bin/pegasus-kickstart  -n pegasus::transfer -N null -i - -R local  -L somospie -T 2024-03-27T17:59:14+00:00 /home/poseidon/pegasus-5.1.0panorama/bin/../bin/pegasus-transfer  --threads 2,3.8,0,0,,,,,,,,,
register_condorpool_0_0,None,auxiliary,0,1711876381.0,,,1711876386.0,,,0.0,1711876386.0,1711876391.0,,,0.0,1711876391.0,1711876396.0,5.0,,0.0,5.0,5.0,,,,,poseidon,local,poseidon-submit,pegasus::rc-client,/mnt/poseidon-data/poseidon/pegasus-5.1.0panorama/bin/pegasus-rc-client,"-n pegasus::rc-client -N null -R local  -L somospie -T 2024-03-27T17:59:14+00:00 /home/poseidon/pegasus-5.1.0panorama/bin/pegasus-rc-client --prefix pegasus.catalog.replica.output --conf /mnt/poseidon-data/poseidon/workflows/SOMOSPIE/SOMOSPIE_pegasus/CombinedPipeline/submit/poseidon/pegasus/somospie/run0226/pegasus.5760014149069908143.properties -v --meta /mnt/poseidon-data/poseidon/workflows/SOMOSPIE/SOMOSPIE_pegasus/CombinedPipeline/submit/poseidon/pegasus/somospie/run0226/00/00/get_sm_ID0000015.meta,/mnt/poseidon-data/poseidon/workflows/SOMOSPIE/SOMOSPIE_pegasus/CombinedPipeline/submit/poseidon/pegasus/somospie/run0226/00/00/get_sm_ID0000023.meta,/mnt/poseidon-data/poseidon/workflows/SOMOSPIE/SOMOSPIE_pegasus/CombinedPipeline/submit/poseidon/pegasus/somospie/run0226/00/00/get_sm_ID0000018.meta,/mnt/poseidon-data/poseidon/workflows/SOMOSPIE/SOMOSPIE_pegasus/CombinedPipeline/submit/poseidon/pegasus/somospie/run0226/00/00/get_sm_ID0000017.meta,/mnt/poseidon-data/poseidon/workflows/SOMOSPIE/SOMOSPIE_pegasus/CombinedPipeline/submit/poseidon/pegasus/somospie/run0226/00/00/merge_ID0000001.meta,/mnt/poseidon-data/poseidon/workflows/SOMOSPIE/SOMOSPIE_pegasus/CombinedPipeline/submit/poseidon/pegasus/somospie/run0226/00/00/get_sm_ID0000021.meta,/mnt/poseidon-data/poseidon/workflows/SOMOSPIE/SOMOSPIE_pegasus/CombinedPipeline/submit/poseidon/pegasus/somospie/run0226/00/00/get_sm_ID0000025.meta --insert /mnt/poseidon-data/poseidon/workflows/SOMOSPIE/SOMOSPIE_pegasus/CombinedPipeline/submit/poseidon/pegasus/somospie/run0226/00/00/register_condorpool_0_0.in",2.7,0,0,,,,,,,,,
crop_ID0000003,None,compute,0,1711876471.0,,,1711876476.0,1711876477.0,1711876496.0,133959378.2,1711876476.0,1711876516.0,1711876505.0,1711876509.0,771197.0,1711876516.0,1711876521.0,5.0,,0.0,40.0,5.0,19.0,1524452582.0,4.0,2530349.0,poseidon,condorpool,poseidon-worker-2-container-32-35,crop,/srv/crop,,1.9,0,0,,,,,,,,,
stage_out_local_condorpool_1_0,None,transfer,0,1711876471.0,,,1711876476.0,,,0.0,1711876476.0,1711876486.0,,,0.0,1711876486.0,1711876491.0,5.0,,0.0,10.0,5.0,,,,,poseidon,local,poseidon-submit,pegasus::transfer,/mnt/poseidon-data/poseidon/pegasus-5.1.0panorama/bin/pegasus-transfer,/home/poseidon/pegasus-5.1.0panorama/bin/../bin/pegasus-kickstart  -n pegasus::transfer -N null -i - -R local  -L somospie -T 2024-03-27T17:59:14+00:00 /home/poseidon/pegasus-5.1.0panorama/bin/../bin/pegasus-transfer  --threads 2,6.0,0,0,,,,,,,,,
crop_ID0000009,cpu_3,compute,0,1711876471.0,,,1711876476.0,1711876477.0,1711876496.0,134002411.0,1711876476.0,1711876521.0,1711876511.0,1711876515.0,24568927.0,1711876521.0,1711876526.0,5.0,,0.0,45.0,5.0,19.0,1524452582.0,4.0,99654844.0,poseidon,condorpool,poseidon-worker-1-container-40-43,crop,/srv/crop,,2.8,0,0,,,,,,,,,
crop_ID0000007,None,compute,0,1711876471.0,,,1711876476.0,1711876477.0,1711876496.0,134363550.6,1711876476.0,1711876521.0,1711876508.0,1711876513.0,40246084.0,1711876521.0,1711876526.0,5.0,,0.0,45.0,5.0,19.0,1524452582.0,5.0,194227221.0,poseidon,condorpool,poseidon-worker-2-container-32-35,crop,/srv/crop,,3.9,0,0,,,,,,,,,
crop_ID0000005,cpu_3,compute,0,1711876471.0,,,1711876476.0,1711876478.0,1711876496.0,134111242.2,1711876476.0,1711876521.0,1711876510.0,1711876514.0,1278825.0,1711876521.0,1711876526.0,5.0,,0.0,45.0,5.0,18.0,1524452582.0,4.0,4263385.0,poseidon,condorpool,poseidon-worker-1-container-40-43,crop,/srv/crop,,1.8,0,0,,,,,,,,,
register_condorpool_1_0,None,auxiliary,0,1711876491.0,,,1711876496.0,,,0.0,1711876496.0,1711876501.0,,,0.0,1711876501.0,1711876506.0,5.0,,0.0,5.0,5.0,,,,,poseidon,local,poseidon-submit,pegasus::rc-client,/mnt/poseidon-data/poseidon/pegasus-5.1.0panorama/bin/pegasus-rc-client,"-n pegasus::rc-client -N null -R local  -L somospie -T 2024-03-27T17:59:14+00:00 /home/poseidon/pegasus-5.1.0panorama/bin/pegasus-rc-client --prefix pegasus.catalog.replica.output --conf /mnt/poseidon-data/poseidon/workflows/SOMOSPIE/SOMOSPIE_pegasus/CombinedPipeline/submit/poseidon/pegasus/somospie/run0226/pegasus.5760014149069908143.properties -v --meta /mnt/poseidon-data/poseidon/workflows/SOMOSPIE/SOMOSPIE_pegasus/CombinedPipeline/submit/poseidon/pegasus/somospie/run0226/00/00/reproject_ID0000011.meta,/mnt/poseidon-data/poseidon/workflows/SOMOSPIE/SOMOSPIE_pegasus/CombinedPipeline/submit/poseidon/pegasus/somospie/run0226/00/00/reproject_ID0000002.meta --insert /mnt/poseidon-data/poseidon/workflows/SOMOSPIE/SOMOSPIE_pegasus/CombinedPipeline/submit/poseidon/pegasus/somospie/run0226/00/00/register_condorpool_1_0.in",2.7,0,0,,,,,,,,,
compute_ID0000004,cpu_3,compute,0,1711876521.0,,,1711876526.0,1711876528.0,1711876541.0,58643965.3,1711876527.0,1711876561.0,1711876552.0,1711876555.0,1599228.0,1711876561.0,1711876566.0,5.0,,1.0,34.0,5.0,13.0,401401061.0,3.0,5326886.0,poseidon,condorpool,poseidon-worker-1-container-40-43,compute,/srv/compute,,5.0,0,0,,,,,,,,,
compute_ID0000008,None,compute,0,1711876526.0,,,1711876531.0,1711876533.0,1711876547.0,75817799.6,1711876532.0,1711876586.0,1711876571.0,1711876579.0,67731967.0,1711876586.0,1711876591.0,5.0,,1.0,54.0,5.0,14.0,593097933.0,8.0,506706062.0,poseidon,condorpool,poseidon-worker-2-container-32-35,compute,/srv/compute,,17.8,0,0,0.0,325157767.0,349285474.0,4115.0,10676.0,9.1,0.8,32515776.7,34928547.4
compute_ID0000006,None,compute,0,1711876526.0,,,1711876531.0,1711876547.0,1711876560.0,62295619.0,1711876546.0,1711876581.0,1711876571.0,1711876574.0,2861405.0,1711876581.0,1711876586.0,5.0,,15.0,35.0,5.0,13.0,403134097.0,3.0,9696865.0,poseidon,condorpool,poseidon-worker-2-container-28-31,compute,/srv/compute,,5.2,0,0,,,,,,,,,
compute_ID0000010,None,compute,0,1711876526.0,,,1711876531.0,1711876547.0,1711876561.0,74208963.3,1711876546.0,1711876591.0,1711876579.0,1711876584.0,46971407.0,1711876591.0,1711876596.0,5.0,,15.0,45.0,5.0,14.0,498525556.0,5.0,250017804.0,poseidon,condorpool,poseidon-worker-2-container-40-43,compute,/srv/compute,,12.1,0,0,0.0,301171544.0,240850661.0,4401.0,7376.0,9.2,0.8,30117154.4,24085066.1
stage_out_local_condorpool_2_0,None,transfer,0,1711876526.0,,,1711876531.0,,,0.0,1711876532.0,1711876536.0,,,0.0,1711876536.0,1711876541.0,5.0,,1.0,4.0,5.0,,,,,poseidon,local,poseidon-submit,pegasus::transfer,/mnt/poseidon-data/poseidon/pegasus-5.1.0panorama/bin/pegasus-transfer,/home/poseidon/pegasus-5.1.0panorama/bin/../bin/pegasus-kickstart  -n pegasus::transfer -N null -i - -R local  -L somospie -T 2024-03-27T17:59:14+00:00 /home/poseidon/pegasus-5.1.0panorama/bin/../bin/pegasus-transfer  --threads 2,1.3,0,0,,,,,,,,,
register_condorpool_2_0,None,auxiliary,0,1711876541.0,,,1711876546.0,,,0.0,1711876551.0,1711876556.0,,,0.0,1711876556.0,1711876561.0,5.0,,5.0,5.0,5.0,,,,,poseidon,local,poseidon-submit,pegasus::rc-client,/mnt/poseidon-data/poseidon/pegasus-5.1.0panorama/bin/pegasus-rc-client,"-n pegasus::rc-client -N null -R local  -L somospie -T 2024-03-27T17:59:14+00:00 /home/poseidon/pegasus-5.1.0panorama/bin/pegasus-rc-client --prefix pegasus.catalog.replica.output --conf /mnt/poseidon-data/poseidon/workflows/SOMOSPIE/SOMOSPIE_pegasus/CombinedPipeline/submit/poseidon/pegasus/somospie/run0226/pegasus.5760014149069908143.properties -v --meta /mnt/poseidon-data/poseidon/workflows/SOMOSPIE/SOMOSPIE_pegasus/CombinedPipeline/submit/poseidon/pegasus/somospie/run0226/00/00/crop_ID0000007.meta,/mnt/poseidon-data/poseidon/workflows/SOMOSPIE/SOMOSPIE_pegasus/CombinedPipeline/submit/poseidon/pegasus/somospie/run0226/00/00/crop_ID0000009.meta,/mnt/poseidon-data/poseidon/workflows/SOMOSPIE/SOMOSPIE_pegasus/CombinedPipeline/submit/poseidon/pegasus/somospie/run0226/00/00/crop_ID0000003.meta,/mnt/poseidon-data/poseidon/workflows/SOMOSPIE/SOMOSPIE_pegasus/CombinedPipeline/submit/poseidon/pegasus/somospie/run0226/00/00/crop_ID0000005.meta --insert /mnt/poseidon-data/poseidon/workflows/SOMOSPIE/SOMOSPIE_pegasus/CombinedPipeline/submit/poseidon/pegasus/somospie/run0226/00/00/register_condorpool_2_0.in",2.7,0,0,,,,,,,,,
merge_avg_ID0000014,None,compute,0,1711876596.0,,,1711876601.0,1711876602.0,1711876618.0,83949641.5,1711876601.0,1711876671.0,1711876660.0,1711876666.0,53855740.0,1711876671.0,1711876676.0,5.0,,0.0,70.0,5.0,16.0,737559838.0,6.0,309527239.0,poseidon,condorpool,poseidon-worker-2-container-40-43,merge_avg,/srv/merge_avg,,46.5,0,0,0.0,1038853509.0,665521593.0,47964.0,20417.0,22.3,6.4,34628450.3,22184053.1
merge_avg_ID0000012,cpu_3,compute,0,1711876596.0,,,1711876601.0,1711876602.0,1711876618.0,84936923.5,1711876601.0,1711876681.0,1711876665.0,1711876671.0,53498781.0,1711876681.0,1711876686.0,5.0,,0.0,80.0,5.0,16.0,731979063.0,6.0,304811410.0,poseidon,condorpool,poseidon-worker-1-container-40-43,merge_avg,/srv/merge_avg,,39.8,0,0,0.0,1085134466.0,668614476.0,52281.0,20518.0,20.9,6.4,36171148.9,22287149.2
merge_avg_ID0000013,None,compute,0,1711876596.0,,,1711876601.0,1711876602.0,1711876617.0,63116751.6,1711876601.0,1711876666.0,1711876654.0,1711876658.0,24006258.0,1711876666.0,1711876671.0,5.0,,0.0,65.0,5.0,15.0,498824437.0,4.0,98388765.0,poseidon,condorpool,poseidon-worker-2-container-32-35,merge_avg,/srv/merge_avg,,41.9,0,0,0.0,455080520.0,213157647.0,47600.0,6632.0,26.5,7.7,15169350.7,7105254.9
stage_out_local_condorpool_3_0,None,transfer,0,1711876596.0,,,1711876601.0,,,0.0,1711876601.0,1711876611.0,,,0.0,1711876611.0,1711876616.0,5.0,,0.0,10.0,5.0,,,,,poseidon,local,poseidon-submit,pegasus::transfer,/mnt/poseidon-data/poseidon/pegasus-5.1.0panorama/bin/pegasus-transfer,/home/poseidon/pegasus-5.1.0panorama/bin/../bin/pegasus-kickstart  -n pegasus::transfer -N null -i - -R local  -L somospie -T 2024-03-27T17:59:14+00:00 /home/poseidon/pegasus-5.1.0panorama/bin/../bin/pegasus-transfer  --threads 2,2.9,0,0,,,,,,,,,
register_condorpool_3_0,None,auxiliary,0,1711876616.0,,,1711876621.0,,,0.0,1711876621.0,1711876626.0,,,0.0,1711876626.0,1711876631.0,5.0,,0.0,5.0,5.0,,,,,poseidon,local,poseidon-submit,pegasus::rc-client,/mnt/poseidon-data/poseidon/pegasus-5.1.0panorama/bin/pegasus-rc-client,"-n pegasus::rc-client -N null -R local  -L somospie -T 2024-03-27T17:59:14+00:00 /home/poseidon/pegasus-5.1.0panorama/bin/pegasus-rc-client --prefix pegasus.catalog.replica.output --conf /mnt/poseidon-data/poseidon/workflows/SOMOSPIE/SOMOSPIE_pegasus/CombinedPipeline/submit/poseidon/pegasus/somospie/run0226/pegasus.5760014149069908143.properties -v --meta /mnt/poseidon-data/poseidon/workflows/SOMOSPIE/SOMOSPIE_pegasus/CombinedPipeline/submit/poseidon/pegasus/somospie/run0226/00/00/compute_ID0000010.meta,/mnt/poseidon-data/poseidon/workflows/SOMOSPIE/SOMOSPIE_pegasus/CombinedPipeline/submit/poseidon/pegasus/somospie/run0226/00/00/compute_ID0000004.meta,/mnt/poseidon-data/poseidon/workflows/SOMOSPIE/SOMOSPIE_pegasus/CombinedPipeline/submit/poseidon/pegasus/somospie/run0226/00/00/compute_ID0000006.meta,/mnt/poseidon-data/poseidon/workflows/SOMOSPIE/SOMOSPIE_pegasus/CombinedPipeline/submit/poseidon/pegasus/somospie/run0226/00/00/compute_ID0000008.meta --insert /mnt/poseidon-data/poseidon/workflows/SOMOSPIE/SOMOSPIE_pegasus/CombinedPipeline/submit/poseidon/pegasus/somospie/run0226/00/00/register_condorpool_3_0.in",2.9,0,0,,,,,,,,,
generate_eval_ID0000039,None,compute,0,1711876686.0,,,1711876691.0,1711876702.0,1711876735.0,94257870.3,1711876701.0,1711876766.0,1711876752.0,1711876756.0,2748247.0,1711876766.0,1711876771.0,5.0,,10.0,65.0,5.0,33.0,2410452250.0,4.0,9068473.0,poseidon,condorpool,poseidon-worker-1-container-36-39,generate_eval,/srv/generate_eval,,7.8,0,0,,,,,,,,,
generate_train_ID0000032,None,compute,0,1711876686.0,,,1711876691.0,1711876702.0,1711876733.0,103924845.9,1711876701.0,1711876756.0,1711876743.0,1711876747.0,393539.0,1711876756.0,1711876761.0,5.0,,10.0,55.0,5.0,31.0,2411396929.0,4.0,1265871.0,poseidon,condorpool,poseidon-worker-2-container-12-15,generate_train,/srv/generate_train,,0.9,0,0,,,,,,,,,
generate_eval_ID0000042,None,compute,0,1711876686.0,,,1711876691.0,1711876702.0,1711876727.0,140767687.0,1711876702.0,1711876761.0,1711876750.0,1711876755.0,46295123.0,1711876761.0,1711876766.0,5.0,,11.0,59.0,5.0,25.0,2410452250.0,5.0,240602325.0,poseidon,condorpool,poseidon-worker-2-container-0-3,generate_eval,/srv/generate_eval,,11.6,0,0,0.1,238307110.0,237779212.0,4071.0,7297.0,8.8,0.8,23830711.0,23777921.2
generate_train_ID0000031,None,compute,0,1711876686.0,,,1711876691.0,1711876702.0,1711876727.0,139690574.2,1711876701.0,1711876751.0,1711876738.0,1711876741.0,366542.0,1711876751.0,1711876756.0,5.0,,10.0,50.0,5.0,25.0,2411324399.0,3.0,1175014.0,poseidon,condorpool,poseidon-worker-1-container-16-19,generate_train,/srv/generate_train,,0.9,0,0,,,,,,,,,
generate_train_ID0000030,None,compute,0,1711876686.0,,,1711876691.0,1711876702.0,1711876730.0,118216558.6,1711876701.0,1711876751.0,1711876741.0,1711876744.0,302662.0,1711876751.0,1711876756.0,5.0,,10.0,50.0,5.0,28.0,2411167840.0,3.0,973028.0,poseidon,condorpool,poseidon-worker-1-container-20-23,generate_train,/srv/generate_train,,0.8,0,0,,,,,,,,,
generate_eval_ID0000040,None,compute,0,1711876686.0,,,1711876691.0,1711876702.0,1711876726.0,141176801.1,1711876701.0,1711876756.0,1711876744.0,1711876747.0,2557524.0,1711876756.0,1711876761.0,5.0,,10.0,55.0,5.0,24.0,2410452250.0,3.0,8350187.0,poseidon,condorpool,poseidon-worker-1-container-28-31,generate_eval,/srv/generate_eval,,7.7,0,0,,,,,,,,,
generate_eval_ID0000041,None,compute,0,1711876686.0,,,1711876691.0,1711876702.0,1711876730.0,119431293.5,1711876701.0,1711876776.0,1711876758.0,1711876766.0,71028317.0,1711876776.0,1711876781.0,5.0,,10.0,75.0,5.0,28.0,2410452250.0,8.0,561272484.0,poseidon,condorpool,poseidon-worker-2-container-36-39,generate_eval,/srv/generate_eval,,16.0,0,0,0.1,315747769.0,316160260.0,4455.0,9683.0,8.8,0.8,31574776.9,31616026.0
generate_train_ID0000036,None,compute,0,1711876686.0,,,1711876691.0,1711876702.0,1711876731.0,111177922.0,1711876701.0,1711876751.0,1711876742.0,1711876745.0,346083.0,1711876751.0,1711876756.0,5.0,,10.0,50.0,5.0,29.0,2411281478.0,3.0,1118721.0,poseidon,condorpool,poseidon-worker-1-container-44-47,generate_train,/srv/generate_train,,0.8,0,0,,,,,,,,,
generate_train_ID0000033,None,compute,0,1711876686.0,,,1711876691.0,1711876702.0,1711876726.0,144843689.6,1711876701.0,1711876751.0,1711876738.0,1711876741.0,384187.0,1711876751.0,1711876756.0,5.0,,10.0,50.0,5.0,24.0,2411402752.0,3.0,1274805.0,poseidon,condorpool,poseidon-worker-2-container-32-35,generate_train,/srv/generate_train,,0.8,0,0,,,,,,,,,
generate_train_ID0000034,None,compute,0,1711876686.0,,,1711876691.0,1711876702.0,1711876728.0,130398891.9,1711876701.0,1711876756.0,1711876740.0,1711876743.0,399077.0,1711876756.0,1711876761.0,5.0,,10.0,55.0,5.0,26.0,2411404099.0,3.0,1275159.0,poseidon,condorpool,poseidon-worker-2-container-28-31,generate_train,/srv/generate_train,,0.9,0,0,,,,,,,,,
generate_train_ID0000029,None,compute,0,1711876686.0,,,1711876691.0,1711876702.0,1711876730.0,117859504.4,1711876701.0,1711876751.0,1711876742.0,1711876745.0,262543.0,1711876751.0,1711876756.0,5.0,,10.0,50.0,5.0,28.0,2411064511.0,3.0,843408.0,poseidon,condorpool,poseidon-worker-2-container-40-43,generate_train,/srv/generate_train,,0.9,0,0,,,,,,,,,
generate_train_ID0000028,cpu_3,compute,0,1711876686.0,,,1711876691.0,1711876702.0,1711876728.0,132041124.6,1711876701.0,1711876751.0,1711876739.0,1711876742.0,237563.0,1711876751.0,1711876756.0,5.0,,10.0,50.0,5.0,26.0,2411001737.0,3.0,762584.0,poseidon,condorpool,poseidon-worker-1-container-40-43,generate_train,/srv/generate_train,,0.8,0,0,,,,,,,,,
stage_out_local_condorpool_4_0,None,transfer,0,1711876686.0,,,1711876691.0,,,0.0,1711876691.0,1711876696.0,,,0.0,1711876696.0,1711876701.0,5.0,,0.0,5.0,5.0,,,,,poseidon,local,poseidon-submit,pegasus::transfer,/mnt/poseidon-data/poseidon/pegasus-5.1.0panorama/bin/pegasus-transfer,/home/poseidon/pegasus-5.1.0panorama/bin/../bin/pegasus-kickstart  -n pegasus::transfer -N null -i - -R local  -L somospie -T 2024-03-27T17:59:14+00:00 /home/poseidon/pegasus-5.1.0panorama/bin/../bin/pegasus-transfer  --threads 2,2.1,0,0,,,,,,,,,
generate_train_ID0000027,None,compute,0,1711876686.0,,,1711876691.0,1711876692.0,1711876716.0,142916433.2,1711876691.0,1711876741.0,1711876728.0,1711876731.0,230029.0,1711876741.0,1711876746.0,5.0,,0.0,50.0,5.0,24.0,2411002607.0,3.0,764017.0,poseidon,condorpool,poseidon-worker-2-container-32-35,generate_train,/srv/generate_train,,0.9,0,0,,,,,,,,,
generate_train_ID0000038,cpu_3,compute,0,1711876686.0,,,1711876691.0,1711876692.0,1711876716.0,145314007.0,1711876691.0,1711876741.0,1711876729.0,1711876733.0,256910.0,1711876741.0,1711876746.0,5.0,,0.0,50.0,5.0,24.0,2411059770.0,4.0,837547.0,poseidon,condorpool,poseidon-worker-1-container-40-43,generate_train,/srv/generate_train,,0.8,0,0,,,,,,,,,
generate_train_ID0000037,None,compute,0,1711876686.0,,,1711876691.0,1711876692.0,1711876716.0,140153453.5,1711876691.0,1711876741.0,1711876729.0,1711876732.0,299736.0,1711876741.0,1711876746.0,5.0,,0.0,50.0,5.0,24.0,2411164025.0,3.0,969901.0,poseidon,condorpool,poseidon-worker-2-container-40-43,generate_train,/srv/generate_train,,1.0,0,0,,,,,,,,,
generate_train_ID0000035,None,compute,0,1711876686.0,,,1711876691.0,1711876702.0,1711876729.0,125185258.0,1711876701.0,1711876751.0,1711876740.0,1711876744.0,388714.0,1711876751.0,1711876756.0,5.0,,10.0,50.0,5.0,27.0,2411394544.0,4.0,1261244.0,poseidon,condorpool,poseidon-worker-2-container-44-47,generate_train,/srv/generate_train,,0.8,0,0,,,,,,,,,
register_condorpool_4_0,None,auxiliary,0,1711876701.0,,,1711876706.0,,,0.0,1711876706.0,1711876711.0,,,0.0,1711876711.0,1711876716.0,5.0,,0.0,5.0,5.0,,,,,poseidon,local,poseidon-submit,pegasus::rc-client,/mnt/poseidon-data/poseidon/pegasus-5.1.0panorama/bin/pegasus-rc-client,"-n pegasus::rc-client -N null -R local  -L somospie -T 2024-03-27T17:59:14+00:00 /home/poseidon/pegasus-5.1.0panorama/bin/pegasus-rc-client --prefix pegasus.catalog.replica.output --conf /mnt/poseidon-data/poseidon/workflows/SOMOSPIE/SOMOSPIE_pegasus/CombinedPipeline/submit/poseidon/pegasus/somospie/run0226/pegasus.5760014149069908143.properties -v --meta /mnt/poseidon-data/poseidon/workflows/SOMOSPIE/SOMOSPIE_pegasus/CombinedPipeline/submit/poseidon/pegasus/somospie/run0226/00/00/merge_avg_ID0000012.meta,/mnt/poseidon-data/poseidon/workflows/SOMOSPIE/SOMOSPIE_pegasus/CombinedPipeline/submit/poseidon/pegasus/somospie/run0226/00/00/merge_avg_ID0000014.meta,/mnt/poseidon-data/poseidon/workflows/SOMOSPIE/SOMOSPIE_pegasus/CombinedPipeline/submit/poseidon/pegasus/somospie/run0226/00/00/merge_avg_ID0000013.meta --insert /mnt/poseidon-data/poseidon/workflows/SOMOSPIE/SOMOSPIE_pegasus/CombinedPipeline/submit/poseidon/pegasus/somospie/run0226/00/00/register_condorpool_4_0.in",2.7,0,0,,,,,,,,,
stage_out_local_condorpool_5_0,None,transfer,0,1711876781.0,,,1711876786.0,,,0.0,1711876786.0,1711876796.0,,,0.0,1711876796.0,1711876801.0,5.0,,0.0,10.0,5.0,,,,,poseidon,local,poseidon-submit,pegasus::transfer,/mnt/poseidon-data/poseidon/pegasus-5.1.0panorama/bin/pegasus-transfer,/home/poseidon/pegasus-5.1.0panorama/bin/../bin/pegasus-kickstart  -n pegasus::transfer -N null -i - -R local  -L somospie -T 2024-03-27T17:59:14+00:00 /home/poseidon/pegasus-5.1.0panorama/bin/../bin/pegasus-transfer  --threads 2,3.4,0,0,,,,,,,,,
stage_out_local_condorpool_5_1,None,transfer,0,1711876781.0,,,1711876786.0,,,0.0,1711876786.0,1711876791.0,,,0.0,1711876791.0,1711876796.0,5.0,,0.0,5.0,5.0,,,,,poseidon,local,poseidon-submit,pegasus::transfer,/mnt/poseidon-data/poseidon/pegasus-5.1.0panorama/bin/pegasus-transfer,/home/poseidon/pegasus-5.1.0panorama/bin/../bin/pegasus-kickstart  -n pegasus::transfer -N null -i - -R local  -L somospie -T 2024-03-27T17:59:14+00:00 /home/poseidon/pegasus-5.1.0panorama/bin/../bin/pegasus-transfer  --threads 2,1.5,0,0,,,,,,,,,
register_condorpool_5_1,None,auxiliary,0,1711876796.0,,,1711876801.0,,,0.0,1711876801.0,1711876806.0,,,0.0,1711876806.0,1711876811.0,5.0,,0.0,5.0,5.0,,,,,poseidon,local,poseidon-submit,pegasus::rc-client,/mnt/poseidon-data/poseidon/pegasus-5.1.0panorama/bin/pegasus-rc-client,"-n pegasus::rc-client -N null -R local  -L somospie -T 2024-03-27T17:59:14+00:00 /home/poseidon/pegasus-5.1.0panorama/bin/pegasus-rc-client --prefix pegasus.catalog.replica.output --conf /mnt/poseidon-data/poseidon/workflows/SOMOSPIE/SOMOSPIE_pegasus/CombinedPipeline/submit/poseidon/pegasus/somospie/run0226/pegasus.5760014149069908143.properties -v --meta /mnt/poseidon-data/poseidon/workflows/SOMOSPIE/SOMOSPIE_pegasus/CombinedPipeline/submit/poseidon/pegasus/somospie/run0226/00/00/generate_train_ID0000038.meta,/mnt/poseidon-data/poseidon/workflows/SOMOSPIE/SOMOSPIE_pegasus/CombinedPipeline/submit/poseidon/pegasus/somospie/run0226/00/00/generate_train_ID0000037.meta,/mnt/poseidon-data/poseidon/workflows/SOMOSPIE/SOMOSPIE_pegasus/CombinedPipeline/submit/poseidon/pegasus/somospie/run0226/00/00/generate_train_ID0000028.meta,/mnt/poseidon-data/poseidon/workflows/SOMOSPIE/SOMOSPIE_pegasus/CombinedPipeline/submit/poseidon/pegasus/somospie/run0226/00/01/generate_eval_ID0000041.meta,/mnt/poseidon-data/poseidon/workflows/SOMOSPIE/SOMOSPIE_pegasus/CombinedPipeline/submit/poseidon/pegasus/somospie/run0226/00/01/generate_train_ID0000032.meta,/mnt/poseidon-data/poseidon/workflows/SOMOSPIE/SOMOSPIE_pegasus/CombinedPipeline/submit/poseidon/pegasus/somospie/run0226/00/01/generate_train_ID0000035.meta,/mnt/poseidon-data/poseidon/workflows/SOMOSPIE/SOMOSPIE_pegasus/CombinedPipeline/submit/poseidon/pegasus/somospie/run0226/00/01/generate_eval_ID0000040.meta,/mnt/poseidon-data/poseidon/workflows/SOMOSPIE/SOMOSPIE_pegasus/CombinedPipeline/submit/poseidon/pegasus/somospie/run0226/00/01/generate_train_ID0000031.meta,/mnt/poseidon-data/poseidon/workflows/SOMOSPIE/SOMOSPIE_pegasus/CombinedPipeline/submit/poseidon/pegasus/somospie/run0226/00/01/generate_train_ID0000036.meta,/mnt/poseidon-data/poseidon/workflows/SOMOSPIE/SOMOSPIE_pegasus/CombinedPipeline/submit/poseidon/pegasus/somospie/run0226/00/01/generate_eval_ID0000042.meta,/mnt/poseidon-data/poseidon/workflows/SOMOSPIE/SOMOSPIE_pegasus/CombinedPipeline/submit/poseidon/pegasus/somospie/run0226/00/00/generate_train_ID0000029.meta,/mnt/poseidon-data/poseidon/workflows/SOMOSPIE/SOMOSPIE_pegasus/CombinedPipeline/submit/poseidon/pegasus/somospie/run0226/00/00/generate_train_ID0000033.meta,/mnt/poseidon-data/poseidon/workflows/SOMOSPIE/SOMOSPIE_pegasus/CombinedPipeline/submit/poseidon/pegasus/somospie/run0226/00/00/generate_train_ID0000034.meta,/mnt/poseidon-data/poseidon/workflows/SOMOSPIE/SOMOSPIE_pegasus/CombinedPipeline/submit/poseidon/pegasus/somospie/run0226/00/01/generate_train_ID0000030.meta,/mnt/poseidon-data/poseidon/workflows/SOMOSPIE/SOMOSPIE_pegasus/CombinedPipeline/submit/poseidon/pegasus/somospie/run0226/00/01/generate_eval_ID0000039.meta,/mnt/poseidon-data/poseidon/workflows/SOMOSPIE/SOMOSPIE_pegasus/CombinedPipeline/submit/poseidon/pegasus/somospie/run0226/00/00/generate_train_ID0000027.meta --insert /mnt/poseidon-data/poseidon/workflows/SOMOSPIE/SOMOSPIE_pegasus/CombinedPipeline/submit/poseidon/pegasus/somospie/run0226/00/01/register_condorpool_5_1.in",3.0,0,0,,,,,,,,,
register_condorpool_5_0,None,auxiliary,0,1711876801.0,,,1711876811.0,,,0.0,1711876811.0,1711876816.0,,,0.0,1711876816.0,1711876821.0,10.0,,0.0,5.0,5.0,,,,,poseidon,local,poseidon-submit,pegasus::rc-client,/mnt/poseidon-data/poseidon/pegasus-5.1.0panorama/bin/pegasus-rc-client,"-n pegasus::rc-client -N null -R local  -L somospie -T 2024-03-27T17:59:14+00:00 /home/poseidon/pegasus-5.1.0panorama/bin/pegasus-rc-client --prefix pegasus.catalog.replica.output --conf /mnt/poseidon-data/poseidon/workflows/SOMOSPIE/SOMOSPIE_pegasus/CombinedPipeline/submit/poseidon/pegasus/somospie/run0226/pegasus.5760014149069908143.properties -v --meta /mnt/poseidon-data/poseidon/workflows/SOMOSPIE/SOMOSPIE_pegasus/CombinedPipeline/submit/poseidon/pegasus/somospie/run0226/00/00/generate_train_ID0000038.meta,/mnt/poseidon-data/poseidon/workflows/SOMOSPIE/SOMOSPIE_pegasus/CombinedPipeline/submit/poseidon/pegasus/somospie/run0226/00/00/generate_train_ID0000037.meta,/mnt/poseidon-data/poseidon/workflows/SOMOSPIE/SOMOSPIE_pegasus/CombinedPipeline/submit/poseidon/pegasus/somospie/run0226/00/00/generate_train_ID0000028.meta,/mnt/poseidon-data/poseidon/workflows/SOMOSPIE/SOMOSPIE_pegasus/CombinedPipeline/submit/poseidon/pegasus/somospie/run0226/00/01/generate_eval_ID0000041.meta,/mnt/poseidon-data/poseidon/workflows/SOMOSPIE/SOMOSPIE_pegasus/CombinedPipeline/submit/poseidon/pegasus/somospie/run0226/00/01/generate_train_ID0000032.meta,/mnt/poseidon-data/poseidon/workflows/SOMOSPIE/SOMOSPIE_pegasus/CombinedPipeline/submit/poseidon/pegasus/somospie/run0226/00/01/generate_train_ID0000035.meta,/mnt/poseidon-data/poseidon/workflows/SOMOSPIE/SOMOSPIE_pegasus/CombinedPipeline/submit/poseidon/pegasus/somospie/run0226/00/01/generate_eval_ID0000040.meta,/mnt/poseidon-data/poseidon/workflows/SOMOSPIE/SOMOSPIE_pegasus/CombinedPipeline/submit/poseidon/pegasus/somospie/run0226/00/01/generate_train_ID0000031.meta,/mnt/poseidon-data/poseidon/workflows/SOMOSPIE/SOMOSPIE_pegasus/CombinedPipeline/submit/poseidon/pegasus/somospie/run0226/00/01/generate_train_ID0000036.meta,/mnt/poseidon-data/poseidon/workflows/SOMOSPIE/SOMOSPIE_pegasus/CombinedPipeline/submit/poseidon/pegasus/somospie/run0226/00/01/generate_eval_ID0000042.meta,/mnt/poseidon-data/poseidon/workflows/SOMOSPIE/SOMOSPIE_pegasus/CombinedPipeline/submit/poseidon/pegasus/somospie/run0226/00/00/generate_train_ID0000029.meta,/mnt/poseidon-data/poseidon/workflows/SOMOSPIE/SOMOSPIE_pegasus/CombinedPipeline/submit/poseidon/pegasus/somospie/run0226/00/00/generate_train_ID0000033.meta,/mnt/poseidon-data/poseidon/workflows/SOMOSPIE/SOMOSPIE_pegasus/CombinedPipeline/submit/poseidon/pegasus/somospie/run0226/00/00/generate_train_ID0000034.meta,/mnt/poseidon-data/poseidon/workflows/SOMOSPIE/SOMOSPIE_pegasus/CombinedPipeline/submit/poseidon/pegasus/somospie/run0226/00/01/generate_train_ID0000030.meta,/mnt/poseidon-data/poseidon/workflows/SOMOSPIE/SOMOSPIE_pegasus/CombinedPipeline/submit/poseidon/pegasus/somospie/run0226/00/01/generate_eval_ID0000039.meta,/mnt/poseidon-data/poseidon/workflows/SOMOSPIE/SOMOSPIE_pegasus/CombinedPipeline/submit/poseidon/pegasus/somospie/run0226/00/00/generate_train_ID0000027.meta --insert /mnt/poseidon-data/poseidon/workflows/SOMOSPIE/SOMOSPIE_pegasus/CombinedPipeline/submit/poseidon/pegasus/somospie/run0226/00/01/register_condorpool_5_0.in",2.9,0,0,,,,,,,,,
cleanup_somospie_0_condorpool,None,auxiliary,0,1711876801.0,,,1711876806.0,,,0.0,1711876806.0,1711876811.0,,,0.0,1711876811.0,1711876816.0,5.0,,0.0,5.0,5.0,,,,,poseidon,local,poseidon-submit,pegasus::cleanup,/mnt/poseidon-data/poseidon/pegasus-5.1.0panorama/bin/pegasus-transfer,pegasus-kickstart  -n pegasus::cleanup -N null -i - -R local  -L somospie -T 2024-03-27T17:59:14+00:00 pegasus-transfer,0.2,0,0,,,,,,,,,
