,anomaly_type,type,is_clustered,ready,pre_script_start,pre_script_end,submit,stage_in_start,stage_in_end,stage_in_effective_bytes_per_sec,execute_start,execute_end,stage_out_start,stage_out_end,stage_out_effective_bytes_per_sec,post_script_start,post_script_end,wms_delay,pre_script_delay,queue_delay,runtime,post_script_delay,stage_in_delay,stage_in_bytes,stage_out_delay,stage_out_bytes,kickstart_user,kickstart_site,kickstart_hostname,kickstart_transformations,kickstart_executables,kickstart_executables_argv,kickstart_executables_cpu_time,kickstart_status,kickstart_executables_exitcode,kickstart_online_iowait,kickstart_online_bytes_read,kickstart_online_bytes_written,kickstart_online_read_system_calls,kickstart_online_write_system_calls,kickstart_online_utime,kickstart_online_stime,kickstart_online_bytes_read_per_second,kickstart_online_bytes_written_per_second
create_dir_somospie_0_condorpool,None,auxiliary,0,1712196340.0,,,1712196341.0,,,0.0,1712196346.0,1712196351.0,,,0.0,1712196351.0,1712196356.0,1.0,,5.0,5.0,5.0,,,,,poseidon,local,poseidon-submit,pegasus::dirmanager,/mnt/poseidon-data/poseidon/pegasus-5.1.0panorama/bin/pegasus-transfer,pegasus-kickstart  -n pegasus::dirmanager -N null -i - -R local  -L somospie -T 2024-03-27T17:59:14+00:00 pegasus-transfer,0.2,0,0,,,,,,,,,
get_sm_ID0000020,None,compute,0,1712196356.0,,,1712196361.0,1712196381.0,1712196438.0,32425482.7,1712196380.0,1712196461.0,1712196452.0,1712196455.0,283980.0,1712196461.0,1712196467.0,5.0,,19.0,81.0,6.0,57.0,470635724.0,3.0,945682.0,poseidon,condorpool,poseidon-worker-2-container-44-47,get_sm,/srv/get_sm,,2.0,0,0,,,,,,,,,
get_sm_ID0000021,None,compute,0,1712196356.0,,,1712196361.0,1712196381.0,1712196402.0,31631410.5,1712196380.0,1712196421.0,1712196409.0,1712196412.0,295335.0,1712196421.0,1712196426.0,5.0,,19.0,41.0,5.0,21.0,475840244.0,3.0,951505.0,poseidon,condorpool,poseidon-worker-1-container-44-47,get_sm,/srv/get_sm,,2.0,0,0,,,,,,,,,
get_sm_ID0000022,None,compute,0,1712196356.0,,,1712196361.0,1712196381.0,1712196438.0,35660204.5,1712196380.0,1712196461.0,1712196452.0,1712196455.0,289409.0,1712196461.0,1712196467.0,5.0,,19.0,81.0,6.0,57.0,475800760.0,3.0,952852.0,poseidon,condorpool,poseidon-worker-2-container-40-43,get_sm,/srv/get_sm,,2.1,0,0,,,,,,,,,
get_sm_ID0000023,None,compute,0,1712196356.0,,,1712196361.0,1712196381.0,1712196400.0,37461723.2,1712196380.0,1712196416.0,1712196407.0,1712196410.0,291020.0,1712196416.0,1712196421.0,5.0,,19.0,36.0,5.0,19.0,467398273.0,3.0,943297.0,poseidon,condorpool,poseidon-worker-1-container-32-35,get_sm,/srv/get_sm,,1.9,0,0,,,,,,,,,
get_sm_ID0000024,None,compute,0,1712196356.0,,,1712196361.0,1712196381.0,1712196402.0,31418241.9,1712196380.0,1712196421.0,1712196409.0,1712196412.0,259352.0,1712196421.0,1712196426.0,5.0,,19.0,41.0,5.0,21.0,457521962.0,3.0,830231.0,poseidon,condorpool,poseidon-worker-1-container-40-43,get_sm,/srv/get_sm,,1.9,0,0,,,,,,,,,
get_sm_ID0000025,None,compute,0,1712196356.0,,,1712196361.0,1712196381.0,1712196438.0,32731421.0,1712196380.0,1712196461.0,1712196452.0,1712196455.0,213017.0,1712196461.0,1712196467.0,5.0,,19.0,81.0,6.0,57.0,447555942.0,3.0,712778.0,poseidon,condorpool,poseidon-worker-2-container-28-31,get_sm,/srv/get_sm,,2.0,0,0,,,,,,,,,
get_sm_ID0000015,hdd_10,compute,0,1712196356.0,,,1712196361.0,1712196381.0,1712196438.0,39219770.8,1712196380.0,1712196461.0,1712196452.0,1712196455.0,169913.0,1712196461.0,1712196467.0,5.0,,19.0,81.0,6.0,57.0,440090843.0,3.0,551360.0,poseidon,condorpool,poseidon-worker-2-container-36-39,get_sm,/srv/get_sm,,2.0,0,0,,,,,,,,,
get_sm_ID0000026,None,compute,0,1712196356.0,,,1712196361.0,1712196381.0,1712196401.0,36216948.7,1712196380.0,1712196421.0,1712196408.0,1712196411.0,191430.0,1712196421.0,1712196426.0,5.0,,19.0,41.0,5.0,20.0,442257808.0,3.0,608523.0,poseidon,condorpool,poseidon-worker-1-container-0-3,get_sm,/srv/get_sm,,1.9,0,0,,,,,,,,,
get_sm_ID0000016,None,compute,0,1712196356.0,,,1712196361.0,1712196381.0,1712196436.0,37906653.6,1712196380.0,1712196461.0,1712196452.0,1712196455.0,163644.0,1712196461.0,1712196467.0,5.0,,19.0,81.0,6.0,55.0,436178789.0,3.0,550490.0,poseidon,condorpool,poseidon-worker-2-container-32-35,get_sm,/srv/get_sm,,1.9,0,0,,,,,,,,,
get_sm_ID0000017,None,compute,0,1712196356.0,,,1712196361.0,1712196381.0,1712196436.0,36011202.4,1712196380.0,1712196461.0,1712196452.0,1712196455.0,185033.0,1712196461.0,1712196467.0,5.0,,19.0,81.0,6.0,55.0,444771924.0,3.0,613264.0,poseidon,condorpool,poseidon-worker-2-container-20-23,get_sm,/srv/get_sm,,1.8,0,0,,,,,,,,,
get_sm_ID0000018,None,compute,0,1712196356.0,,,1712196361.0,1712196381.0,1712196400.0,38362115.5,1712196380.0,1712196416.0,1712196407.0,1712196410.0,217367.0,1712196416.0,1712196421.0,5.0,,19.0,36.0,5.0,19.0,449409643.0,3.0,716593.0,poseidon,condorpool,poseidon-worker-1-container-16-19,get_sm,/srv/get_sm,,1.8,0,0,,,,,,,,,
get_sm_ID0000019,None,compute,0,1712196356.0,,,1712196361.0,1712196381.0,1712196400.0,37596609.3,1712196380.0,1712196421.0,1712196407.0,1712196411.0,270125.0,1712196421.0,1712196426.0,5.0,,19.0,41.0,5.0,19.0,459739344.0,4.0,873152.0,poseidon,condorpool,poseidon-worker-1-container-28-31,get_sm,/srv/get_sm,,1.9,0,0,,,,,,,,,
merge_ID0000001,None,compute,0,1712196356.0,,,1712196361.0,1712196381.0,1712196438.0,129086318.0,1712196380.0,1712196492.0,1712196472.0,1712196486.0,91488061.0,1712196492.0,1712196497.0,5.0,,19.0,112.0,5.0,57.0,1726068480.0,14.0,1298102725.0,poseidon,condorpool,poseidon-worker-2-container-16-19,merge,/srv/merge,,41.1,0,0,0.0,979578074.0,1294400834.0,10749.0,39536.0,34.0,2.4,48978903.7,64720041.7
stage_out_local_condorpool_0_1,None,transfer,0,1712196467.0,,,1712196472.0,,,0.0,1712196472.0,1712196477.0,,,0.0,1712196477.0,1712196482.0,5.0,,0.0,5.0,5.0,,,,,poseidon,local,poseidon-submit,pegasus::transfer,/mnt/poseidon-data/poseidon/pegasus-5.1.0panorama/bin/pegasus-transfer,/home/poseidon/pegasus-5.1.0panorama/bin/../bin/pegasus-kickstart  -n pegasus::transfer -N null -i - -R local  -L somospie -T 2024-03-27T17:59:14+00:00 /home/poseidon/pegasus-5.1.0panorama/bin/../bin/pegasus-transfer  --threads 2,0.7,0,0,,,,,,,,,
register_condorpool_0_1,None,auxiliary,0,1712196482.0,,,1712196487.0,,,0.0,1712196487.0,1712196492.0,,,0.0,1712196492.0,1712196497.0,5.0,,0.0,5.0,5.0,,,,,poseidon,local,poseidon-submit,pegasus::rc-client,/mnt/poseidon-data/poseidon/pegasus-5.1.0panorama/bin/pegasus-rc-client,"-n pegasus::rc-client -N null -R local  -L somospie -T 2024-03-27T17:59:14+00:00 /home/poseidon/pegasus-5.1.0panorama/bin/pegasus-rc-client --prefix pegasus.catalog.replica.output --conf /mnt/poseidon-data/poseidon/workflows/SOMOSPIE/SOMOSPIE_pegasus/CombinedPipeline/submit/poseidon/pegasus/somospie/run0419/pegasus.11186851077082242619.properties -v --meta /mnt/poseidon-data/poseidon/workflows/SOMOSPIE/SOMOSPIE_pegasus/CombinedPipeline/submit/poseidon/pegasus/somospie/run0419/00/00/get_sm_ID0000022.meta,/mnt/poseidon-data/poseidon/workflows/SOMOSPIE/SOMOSPIE_pegasus/CombinedPipeline/submit/poseidon/pegasus/somospie/run0419/00/00/get_sm_ID0000016.meta,/mnt/poseidon-data/poseidon/workflows/SOMOSPIE/SOMOSPIE_pegasus/CombinedPipeline/submit/poseidon/pegasus/somospie/run0419/00/00/get_sm_ID0000026.meta,/mnt/poseidon-data/poseidon/workflows/SOMOSPIE/SOMOSPIE_pegasus/CombinedPipeline/submit/poseidon/pegasus/somospie/run0419/00/00/get_sm_ID0000019.meta,/mnt/poseidon-data/poseidon/workflows/SOMOSPIE/SOMOSPIE_pegasus/CombinedPipeline/submit/poseidon/pegasus/somospie/run0419/00/00/get_sm_ID0000020.meta,/mnt/poseidon-data/poseidon/workflows/SOMOSPIE/SOMOSPIE_pegasus/CombinedPipeline/submit/poseidon/pegasus/somospie/run0419/00/00/get_sm_ID0000024.meta --insert /mnt/poseidon-data/poseidon/workflows/SOMOSPIE/SOMOSPIE_pegasus/CombinedPipeline/submit/poseidon/pegasus/somospie/run0419/00/00/register_condorpool_0_1.in",3.0,0,0,,,,,,,,,
stage_out_local_condorpool_0_0,None,transfer,0,1712196497.0,,,1712196502.0,,,0.0,1712196502.0,1712196512.0,,,0.0,1712196512.0,1712196517.0,5.0,,0.0,10.0,5.0,,,,,poseidon,local,poseidon-submit,pegasus::transfer,/mnt/poseidon-data/poseidon/pegasus-5.1.0panorama/bin/pegasus-transfer,/home/poseidon/pegasus-5.1.0panorama/bin/../bin/pegasus-kickstart  -n pegasus::transfer -N null -i - -R local  -L somospie -T 2024-03-27T17:59:14+00:00 /home/poseidon/pegasus-5.1.0panorama/bin/../bin/pegasus-transfer  --threads 2,4.0,0,0,,,,,,,,,
reproject_ID0000011,None,compute,0,1712196497.0,,,1712196502.0,1712196503.0,1712196522.0,141492509.8,1712196502.0,1712196582.0,1712196560.0,1712196574.0,91593938.0,1712196582.0,1712196587.0,5.0,,0.0,80.0,5.0,19.0,1696973136.0,14.0,1298118839.0,poseidon,condorpool,poseidon-worker-2-container-16-19,reproject,/srv/reproject,,56.2,0,0,0.0,1307225858.0,1294073153.0,16379.0,39525.0,43.0,4.0,65361292.9,64703657.6
reproject_ID0000002,None,compute,0,1712196497.0,,,1712196502.0,1712196513.0,1712196532.0,140436848.4,1712196512.0,1712196587.0,1712196568.0,1712196581.0,89183924.0,1712196587.0,1712196592.0,5.0,,10.0,75.0,5.0,19.0,1696973986.0,13.0,1125581407.0,poseidon,condorpool,poseidon-worker-2-container-44-47,reproject,/srv/reproject,,53.4,0,0,0.0,1442822461.0,777958079.0,47719.0,23772.0,38.6,4.3,72141123.0,38897904.0
register_condorpool_0_0,None,auxiliary,0,1712196517.0,,,1712196522.0,,,0.0,1712196522.0,1712196527.0,,,0.0,1712196527.0,1712196532.0,5.0,,0.0,5.0,5.0,,,,,poseidon,local,poseidon-submit,pegasus::rc-client,/mnt/poseidon-data/poseidon/pegasus-5.1.0panorama/bin/pegasus-rc-client,"-n pegasus::rc-client -N null -R local  -L somospie -T 2024-03-27T17:59:14+00:00 /home/poseidon/pegasus-5.1.0panorama/bin/pegasus-rc-client --prefix pegasus.catalog.replica.output --conf /mnt/poseidon-data/poseidon/workflows/SOMOSPIE/SOMOSPIE_pegasus/CombinedPipeline/submit/poseidon/pegasus/somospie/run0419/pegasus.11186851077082242619.properties -v --meta /mnt/poseidon-data/poseidon/workflows/SOMOSPIE/SOMOSPIE_pegasus/CombinedPipeline/submit/poseidon/pegasus/somospie/run0419/00/00/get_sm_ID0000017.meta,/mnt/poseidon-data/poseidon/workflows/SOMOSPIE/SOMOSPIE_pegasus/CombinedPipeline/submit/poseidon/pegasus/somospie/run0419/00/00/get_sm_ID0000025.meta,/mnt/poseidon-data/poseidon/workflows/SOMOSPIE/SOMOSPIE_pegasus/CombinedPipeline/submit/poseidon/pegasus/somospie/run0419/00/00/get_sm_ID0000015.meta,/mnt/poseidon-data/poseidon/workflows/SOMOSPIE/SOMOSPIE_pegasus/CombinedPipeline/submit/poseidon/pegasus/somospie/run0419/00/00/merge_ID0000001.meta,/mnt/poseidon-data/poseidon/workflows/SOMOSPIE/SOMOSPIE_pegasus/CombinedPipeline/submit/poseidon/pegasus/somospie/run0419/00/00/get_sm_ID0000021.meta,/mnt/poseidon-data/poseidon/workflows/SOMOSPIE/SOMOSPIE_pegasus/CombinedPipeline/submit/poseidon/pegasus/somospie/run0419/00/00/get_sm_ID0000023.meta,/mnt/poseidon-data/poseidon/workflows/SOMOSPIE/SOMOSPIE_pegasus/CombinedPipeline/submit/poseidon/pegasus/somospie/run0419/00/00/get_sm_ID0000018.meta --insert /mnt/poseidon-data/poseidon/workflows/SOMOSPIE/SOMOSPIE_pegasus/CombinedPipeline/submit/poseidon/pegasus/somospie/run0419/00/00/register_condorpool_0_0.in",2.8,0,0,,,,,,,,,
stage_out_local_condorpool_1_0,None,transfer,0,1712196592.0,,,1712196597.0,,,0.0,1712196597.0,1712196607.0,,,0.0,1712196607.0,1712196612.0,5.0,,0.0,10.0,5.0,,,,,poseidon,local,poseidon-submit,pegasus::transfer,/mnt/poseidon-data/poseidon/pegasus-5.1.0panorama/bin/pegasus-transfer,/home/poseidon/pegasus-5.1.0panorama/bin/../bin/pegasus-kickstart  -n pegasus::transfer -N null -i - -R local  -L somospie -T 2024-03-27T17:59:14+00:00 /home/poseidon/pegasus-5.1.0panorama/bin/../bin/pegasus-transfer  --threads 2,6.4,0,0,,,,,,,,,
crop_ID0000009,None,compute,0,1712196592.0,,,1712196597.0,1712196598.0,1712196617.0,134079794.4,1712196597.0,1712196642.0,1712196628.0,1712196632.0,24278306.0,1712196642.0,1712196647.0,5.0,,0.0,45.0,5.0,19.0,1524452582.0,4.0,99654844.0,poseidon,condorpool,poseidon-worker-2-container-16-19,crop,/srv/crop,,2.9,0,0,,,,,,,,,
crop_ID0000007,None,compute,0,1712196592.0,,,1712196597.0,1712196598.0,1712196617.0,132792706.2,1712196597.0,1712196642.0,1712196629.0,1712196634.0,40326715.0,1712196642.0,1712196647.0,5.0,,0.0,45.0,5.0,19.0,1524452582.0,5.0,194227221.0,poseidon,condorpool,poseidon-worker-2-container-44-47,crop,/srv/crop,,3.9,0,0,,,,,,,,,
crop_ID0000005,None,compute,0,1712196592.0,,,1712196597.0,1712196613.0,1712196631.0,143589287.7,1712196612.0,1712196653.0,1712196640.0,1712196644.0,1328943.0,1712196653.0,1712196658.0,5.0,,15.0,41.0,5.0,18.0,1524452582.0,4.0,4263385.0,poseidon,condorpool,poseidon-worker-2-container-44-47,crop,/srv/crop,,1.9,0,0,,,,,,,,,
crop_ID0000003,None,compute,0,1712196592.0,,,1712196597.0,1712196613.0,1712196631.0,144675010.0,1712196612.0,1712196653.0,1712196640.0,1712196644.0,786925.0,1712196653.0,1712196658.0,5.0,,15.0,41.0,5.0,18.0,1524452582.0,4.0,2530349.0,poseidon,condorpool,poseidon-worker-2-container-16-19,crop,/srv/crop,,1.9,0,0,,,,,,,,,
register_condorpool_1_0,None,auxiliary,0,1712196612.0,,,1712196617.0,,,0.0,1712196617.0,1712196622.0,,,0.0,1712196622.0,1712196627.0,5.0,,0.0,5.0,5.0,,,,,poseidon,local,poseidon-submit,pegasus::rc-client,/mnt/poseidon-data/poseidon/pegasus-5.1.0panorama/bin/pegasus-rc-client,"-n pegasus::rc-client -N null -R local  -L somospie -T 2024-03-27T17:59:14+00:00 /home/poseidon/pegasus-5.1.0panorama/bin/pegasus-rc-client --prefix pegasus.catalog.replica.output --conf /mnt/poseidon-data/poseidon/workflows/SOMOSPIE/SOMOSPIE_pegasus/CombinedPipeline/submit/poseidon/pegasus/somospie/run0419/pegasus.11186851077082242619.properties -v --meta /mnt/poseidon-data/poseidon/workflows/SOMOSPIE/SOMOSPIE_pegasus/CombinedPipeline/submit/poseidon/pegasus/somospie/run0419/00/00/reproject_ID0000002.meta,/mnt/poseidon-data/poseidon/workflows/SOMOSPIE/SOMOSPIE_pegasus/CombinedPipeline/submit/poseidon/pegasus/somospie/run0419/00/00/reproject_ID0000011.meta --insert /mnt/poseidon-data/poseidon/workflows/SOMOSPIE/SOMOSPIE_pegasus/CombinedPipeline/submit/poseidon/pegasus/somospie/run0419/00/00/register_condorpool_1_0.in",2.9,0,0,,,,,,,,,
compute_ID0000010,None,compute,0,1712196647.0,,,1712196653.0,1712196654.0,1712196668.0,69922558.7,1712196653.0,1712196698.0,1712196686.0,1712196691.0,46212013.0,1712196698.0,1712196703.0,6.0,,0.0,45.0,5.0,14.0,498525556.0,5.0,250017804.0,poseidon,condorpool,poseidon-worker-2-container-16-19,compute,/srv/compute,,11.9,0,0,0.0,303784928.0,241702629.0,4520.0,7402.0,9.1,0.8,30378492.8,24170262.9
compute_ID0000008,None,compute,0,1712196647.0,,,1712196653.0,1712196654.0,1712196668.0,77487565.1,1712196653.0,1712196708.0,1712196692.0,1712196700.0,67788633.0,1712196708.0,1712196713.0,6.0,,0.0,55.0,5.0,14.0,593097933.0,8.0,506706062.0,poseidon,condorpool,poseidon-worker-2-container-44-47,compute,/srv/compute,,17.6,0,0,0.0,331329060.0,356428898.0,4160.0,10894.0,9.1,0.8,33132906.0,35642889.8
stage_out_local_condorpool_2_0,None,transfer,0,1712196658.0,,,1712196663.0,,,0.0,1712196663.0,1712196668.0,,,0.0,1712196668.0,1712196673.0,5.0,,0.0,5.0,5.0,,,,,poseidon,local,poseidon-submit,pegasus::transfer,/mnt/poseidon-data/poseidon/pegasus-5.1.0panorama/bin/pegasus-transfer,/home/poseidon/pegasus-5.1.0panorama/bin/../bin/pegasus-kickstart  -n pegasus::transfer -N null -i - -R local  -L somospie -T 2024-03-27T17:59:14+00:00 /home/poseidon/pegasus-5.1.0panorama/bin/../bin/pegasus-transfer  --threads 2,1.3,0,0,,,,,,,,,
compute_ID0000004,None,compute,0,1712196658.0,,,1712196663.0,1712196674.0,1712196687.0,61755591.0,1712196673.0,1712196708.0,1712196697.0,1712196701.0,1622782.0,1712196708.0,1712196713.0,5.0,,10.0,35.0,5.0,13.0,401401061.0,4.0,5326886.0,poseidon,condorpool,poseidon-worker-2-container-40-43,compute,/srv/compute,,5.3,0,0,,,,,,,,,
compute_ID0000006,None,compute,0,1712196658.0,,,1712196663.0,1712196674.0,1712196687.0,61253662.0,1712196673.0,1712196708.0,1712196698.0,1712196701.0,2927059.0,1712196708.0,1712196713.0,5.0,,10.0,35.0,5.0,13.0,403134097.0,3.0,9696865.0,poseidon,condorpool,poseidon-worker-1-container-44-47,compute,/srv/compute,,5.4,0,0,,,,,,,,,
register_condorpool_2_0,None,auxiliary,0,1712196673.0,,,1712196678.0,,,0.0,1712196678.0,1712196683.0,,,0.0,1712196683.0,1712196688.0,5.0,,0.0,5.0,5.0,,,,,poseidon,local,poseidon-submit,pegasus::rc-client,/mnt/poseidon-data/poseidon/pegasus-5.1.0panorama/bin/pegasus-rc-client,"-n pegasus::rc-client -N null -R local  -L somospie -T 2024-03-27T17:59:14+00:00 /home/poseidon/pegasus-5.1.0panorama/bin/pegasus-rc-client --prefix pegasus.catalog.replica.output --conf /mnt/poseidon-data/poseidon/workflows/SOMOSPIE/SOMOSPIE_pegasus/CombinedPipeline/submit/poseidon/pegasus/somospie/run0419/pegasus.11186851077082242619.properties -v --meta /mnt/poseidon-data/poseidon/workflows/SOMOSPIE/SOMOSPIE_pegasus/CombinedPipeline/submit/poseidon/pegasus/somospie/run0419/00/00/crop_ID0000003.meta,/mnt/poseidon-data/poseidon/workflows/SOMOSPIE/SOMOSPIE_pegasus/CombinedPipeline/submit/poseidon/pegasus/somospie/run0419/00/00/crop_ID0000009.meta,/mnt/poseidon-data/poseidon/workflows/SOMOSPIE/SOMOSPIE_pegasus/CombinedPipeline/submit/poseidon/pegasus/somospie/run0419/00/00/crop_ID0000005.meta,/mnt/poseidon-data/poseidon/workflows/SOMOSPIE/SOMOSPIE_pegasus/CombinedPipeline/submit/poseidon/pegasus/somospie/run0419/00/00/crop_ID0000007.meta --insert /mnt/poseidon-data/poseidon/workflows/SOMOSPIE/SOMOSPIE_pegasus/CombinedPipeline/submit/poseidon/pegasus/somospie/run0419/00/00/register_condorpool_2_0.in",3.0,0,0,,,,,,,,,
stage_out_local_condorpool_3_0,None,transfer,0,1712196713.0,,,1712196718.0,,,0.0,1712196718.0,1712196728.0,,,0.0,1712196728.0,1712196733.0,5.0,,0.0,10.0,5.0,,,,,poseidon,local,poseidon-submit,pegasus::transfer,/mnt/poseidon-data/poseidon/pegasus-5.1.0panorama/bin/pegasus-transfer,/home/poseidon/pegasus-5.1.0panorama/bin/../bin/pegasus-kickstart  -n pegasus::transfer -N null -i - -R local  -L somospie -T 2024-03-27T17:59:14+00:00 /home/poseidon/pegasus-5.1.0panorama/bin/../bin/pegasus-transfer  --threads 2,3.1,0,0,,,,,,,,,
merge_avg_ID0000014,None,compute,0,1712196713.0,,,1712196718.0,1712196719.0,1712196735.0,79795946.5,1712196718.0,1712196788.0,1712196777.0,1712196783.0,53585491.0,1712196788.0,1712196793.0,5.0,,0.0,70.0,5.0,16.0,737559838.0,6.0,309527239.0,poseidon,condorpool,poseidon-worker-2-container-16-19,merge_avg,/srv/merge_avg,,45.8,0,0,0.0,1079143670.0,670240188.0,47309.0,20564.0,23.3,6.4,35971455.7,22341339.6
merge_avg_ID0000012,None,compute,0,1712196713.0,,,1712196718.0,1712196719.0,1712196734.0,88798465.0,1712196718.0,1712196788.0,1712196774.0,1712196780.0,53005866.0,1712196788.0,1712196793.0,5.0,,0.0,70.0,5.0,15.0,731979063.0,6.0,304811410.0,poseidon,condorpool,poseidon-worker-2-container-40-43,merge_avg,/srv/merge_avg,,46.7,0,0,0.0,1148066007.0,671039317.0,47385.0,20599.0,27.3,7.4,38268866.9,22367977.2
merge_avg_ID0000013,None,compute,0,1712196713.0,,,1712196718.0,1712196719.0,1712196733.0,62615331.7,1712196718.0,1712196783.0,1712196771.0,1712196775.0,24050049.0,1712196783.0,1712196788.0,5.0,,0.0,65.0,5.0,14.0,498824437.0,4.0,98388765.0,poseidon,condorpool,poseidon-worker-2-container-44-47,merge_avg,/srv/merge_avg,,41.8,0,0,0.1,455679731.0,236881680.0,48032.0,7357.0,27.8,7.4,15189324.4,7896056.0
register_condorpool_3_0,None,auxiliary,0,1712196733.0,,,1712196738.0,,,0.0,1712196738.0,1712196743.0,,,0.0,1712196743.0,1712196748.0,5.0,,0.0,5.0,5.0,,,,,poseidon,local,poseidon-submit,pegasus::rc-client,/mnt/poseidon-data/poseidon/pegasus-5.1.0panorama/bin/pegasus-rc-client,"-n pegasus::rc-client -N null -R local  -L somospie -T 2024-03-27T17:59:14+00:00 /home/poseidon/pegasus-5.1.0panorama/bin/pegasus-rc-client --prefix pegasus.catalog.replica.output --conf /mnt/poseidon-data/poseidon/workflows/SOMOSPIE/SOMOSPIE_pegasus/CombinedPipeline/submit/poseidon/pegasus/somospie/run0419/pegasus.11186851077082242619.properties -v --meta /mnt/poseidon-data/poseidon/workflows/SOMOSPIE/SOMOSPIE_pegasus/CombinedPipeline/submit/poseidon/pegasus/somospie/run0419/00/00/compute_ID0000008.meta,/mnt/poseidon-data/poseidon/workflows/SOMOSPIE/SOMOSPIE_pegasus/CombinedPipeline/submit/poseidon/pegasus/somospie/run0419/00/00/compute_ID0000006.meta,/mnt/poseidon-data/poseidon/workflows/SOMOSPIE/SOMOSPIE_pegasus/CombinedPipeline/submit/poseidon/pegasus/somospie/run0419/00/00/compute_ID0000010.meta,/mnt/poseidon-data/poseidon/workflows/SOMOSPIE/SOMOSPIE_pegasus/CombinedPipeline/submit/poseidon/pegasus/somospie/run0419/00/00/compute_ID0000004.meta --insert /mnt/poseidon-data/poseidon/workflows/SOMOSPIE/SOMOSPIE_pegasus/CombinedPipeline/submit/poseidon/pegasus/somospie/run0419/00/00/register_condorpool_3_0.in",2.8,0,0,,,,,,,,,
generate_eval_ID0000039,None,compute,0,1712196793.0,,,1712196799.0,1712196819.0,1712196845.0,130045975.0,1712196818.0,1712196874.0,1712196863.0,1712196866.0,2659420.0,1712196874.0,1712196879.0,6.0,,19.0,56.0,5.0,26.0,2410452250.0,3.0,9068473.0,poseidon,condorpool,poseidon-worker-1-container-28-31,generate_eval,/srv/generate_eval,,7.8,0,0,,,,,,,,,
generate_train_ID0000032,None,compute,0,1712196793.0,,,1712196799.0,1712196819.0,1712196843.0,149546188.7,1712196818.0,1712196864.0,1712196853.0,1712196857.0,392276.0,1712196864.0,1712196869.0,6.0,,19.0,46.0,5.0,24.0,2411396929.0,4.0,1265871.0,poseidon,condorpool,poseidon-worker-1-container-16-19,generate_train,/srv/generate_train,,0.9,0,0,,,,,,,,,
generate_eval_ID0000042,None,compute,0,1712196793.0,,,1712196799.0,1712196819.0,1712196868.0,152244168.7,1712196818.0,1712197079.0,1712197066.0,1712197072.0,43797607.0,1712197079.0,1712197084.0,6.0,,19.0,261.0,5.0,49.0,2410452250.0,6.0,240602325.0,poseidon,condorpool,poseidon-worker-2-container-20-23,generate_eval,/srv/generate_eval,,12.1,0,0,0.0,238117885.0,237713675.0,4028.0,7294.0,9.1,0.9,23811788.5,23771367.5
generate_train_ID0000031,None,compute,0,1712196793.0,,,1712196799.0,1712196819.0,1712196876.0,47372654.1,1712196818.0,1712197079.0,1712197066.0,1712197070.0,341786.0,1712197079.0,1712197084.0,6.0,,19.0,261.0,5.0,57.0,2411324399.0,4.0,1175014.0,poseidon,condorpool,poseidon-worker-2-container-32-35,generate_train,/srv/generate_train,,0.8,0,0,,,,,,,,,
generate_train_ID0000030,None,compute,0,1712196793.0,,,1712196799.0,1712196819.0,1712196842.0,151842231.5,1712196818.0,1712196864.0,1712196853.0,1712196856.0,288375.0,1712196864.0,1712196869.0,6.0,,19.0,46.0,5.0,23.0,2411167840.0,3.0,973028.0,poseidon,condorpool,poseidon-worker-1-container-0-3,generate_train,/srv/generate_train,,0.9,0,0,,,,,,,,,
generate_eval_ID0000040,hdd_10,compute,0,1712196793.0,,,1712196799.0,1712196819.0,1712196873.0,50698742.7,1712196818.0,1712197079.0,1712197066.0,1712197070.0,2355937.0,1712197079.0,1712197084.0,6.0,,19.0,261.0,5.0,54.0,2410452250.0,4.0,8350187.0,poseidon,condorpool,poseidon-worker-2-container-36-39,generate_eval,/srv/generate_eval,,8.1,0,0,,,,,,,,,
generate_eval_ID0000041,None,compute,0,1712196793.0,,,1712196799.0,1712196819.0,1712196878.0,46349779.0,1712196818.0,1712197084.0,1712197066.0,1712197075.0,68689696.0,1712197084.0,1712197089.0,6.0,,19.0,266.0,5.0,59.0,2410452250.0,9.0,561272484.0,poseidon,condorpool,poseidon-worker-2-container-28-31,generate_eval,/srv/generate_eval,,15.4,0,0,0.0,341513365.0,342767878.0,4709.0,10496.0,9.1,0.9,34151336.5,34276787.8
generate_train_ID0000036,None,compute,0,1712196793.0,,,1712196799.0,1712196819.0,1712196845.0,130506607.3,1712196818.0,1712196869.0,1712196856.0,1712196859.0,344082.0,1712196869.0,1712196874.0,6.0,,19.0,51.0,5.0,26.0,2411281478.0,3.0,1118721.0,poseidon,condorpool,poseidon-worker-1-container-40-43,generate_train,/srv/generate_train,,0.8,0,0,,,,,,,,,
generate_train_ID0000034,None,compute,0,1712196793.0,,,1712196799.0,1712196819.0,1712196844.0,132688973.7,1712196818.0,1712196869.0,1712196855.0,1712196859.0,395986.0,1712196869.0,1712196874.0,6.0,,19.0,51.0,5.0,25.0,2411404099.0,4.0,1275159.0,poseidon,condorpool,poseidon-worker-1-container-44-47,generate_train,/srv/generate_train,,0.9,0,0,,,,,,,,,
generate_train_ID0000033,None,compute,0,1712196793.0,,,1712196799.0,1712196819.0,1712196868.0,150883091.5,1712196818.0,1712197079.0,1712197066.0,1712197070.0,366669.0,1712197079.0,1712197084.0,6.0,,19.0,261.0,5.0,49.0,2411402752.0,4.0,1274805.0,poseidon,condorpool,poseidon-worker-2-container-16-19,generate_train,/srv/generate_train,,0.8,0,0,,,,,,,,,
generate_train_ID0000029,None,compute,0,1712196793.0,,,1712196799.0,1712196819.0,1712196870.0,140164410.4,1712196818.0,1712197079.0,1712197066.0,1712197070.0,245292.0,1712197079.0,1712197084.0,6.0,,19.0,261.0,5.0,51.0,2411064511.0,4.0,843408.0,poseidon,condorpool,poseidon-worker-2-container-40-43,generate_train,/srv/generate_train,,0.8,0,0,,,,,,,,,
generate_train_ID0000028,None,compute,0,1712196793.0,,,1712196799.0,1712196819.0,1712196880.0,87539781.8,1712196818.0,1712197079.0,1712197066.0,1712197070.0,222291.0,1712197079.0,1712197084.0,6.0,,19.0,261.0,5.0,61.0,2411001737.0,4.0,762584.0,poseidon,condorpool,poseidon-worker-2-container-44-47,generate_train,/srv/generate_train,,0.8,0,0,,,,,,,,,
stage_out_local_condorpool_4_0,None,transfer,0,1712196793.0,,,1712196798.0,,,0.0,1712196799.0,1712196804.0,,,0.0,1712196804.0,1712196809.0,5.0,,1.0,5.0,5.0,,,,,poseidon,local,poseidon-submit,pegasus::transfer,/mnt/poseidon-data/poseidon/pegasus-5.1.0panorama/bin/pegasus-transfer,/home/poseidon/pegasus-5.1.0panorama/bin/../bin/pegasus-kickstart  -n pegasus::transfer -N null -i - -R local  -L somospie -T 2024-03-27T17:59:14+00:00 /home/poseidon/pegasus-5.1.0panorama/bin/../bin/pegasus-transfer  --threads 2,2.6,0,0,,,,,,,,,
generate_train_ID0000027,None,compute,0,1712196793.0,,,1712196799.0,1712196800.0,1712196855.0,49004374.1,1712196799.0,1712197079.0,1712197066.0,1712197070.0,220002.0,1712197079.0,1712197084.0,6.0,,0.0,280.0,5.0,55.0,2411002607.0,4.0,764017.0,poseidon,condorpool,poseidon-worker-2-container-44-47,generate_train,/srv/generate_train,,0.8,0,0,,,,,,,,,
generate_train_ID0000038,None,compute,0,1712196793.0,,,1712196799.0,1712196800.0,1712196823.0,150039763.8,1712196799.0,1712197079.0,1712197066.0,1712197070.0,238555.0,1712197079.0,1712197084.0,6.0,,0.0,280.0,5.0,23.0,2411059770.0,4.0,837547.0,poseidon,condorpool,poseidon-worker-2-container-40-43,generate_train,/srv/generate_train,,0.8,0,0,,,,,,,,,
generate_train_ID0000037,None,compute,0,1712196793.0,,,1712196799.0,1712196800.0,1712196857.0,47678917.6,1712196799.0,1712197079.0,1712197066.0,1712197070.0,283587.0,1712197079.0,1712197084.0,6.0,,0.0,280.0,5.0,57.0,2411164025.0,4.0,969901.0,poseidon,condorpool,poseidon-worker-2-container-16-19,generate_train,/srv/generate_train,,0.8,0,0,,,,,,,,,
generate_train_ID0000035,None,compute,0,1712196793.0,,,1712196799.0,1712196819.0,1712196844.0,138021624.2,1712196818.0,1712196864.0,1712196854.0,1712196857.0,387293.0,1712196864.0,1712196869.0,6.0,,19.0,46.0,5.0,25.0,2411394544.0,3.0,1261244.0,poseidon,condorpool,poseidon-worker-1-container-32-35,generate_train,/srv/generate_train,,0.8,0,0,,,,,,,,,
register_condorpool_4_0,None,auxiliary,0,1712196809.0,,,1712196814.0,,,0.0,1712196814.0,1712196819.0,,,0.0,1712196819.0,1712196824.0,5.0,,0.0,5.0,5.0,,,,,poseidon,local,poseidon-submit,pegasus::rc-client,/mnt/poseidon-data/poseidon/pegasus-5.1.0panorama/bin/pegasus-rc-client,"-n pegasus::rc-client -N null -R local  -L somospie -T 2024-03-27T17:59:14+00:00 /home/poseidon/pegasus-5.1.0panorama/bin/pegasus-rc-client --prefix pegasus.catalog.replica.output --conf /mnt/poseidon-data/poseidon/workflows/SOMOSPIE/SOMOSPIE_pegasus/CombinedPipeline/submit/poseidon/pegasus/somospie/run0419/pegasus.11186851077082242619.properties -v --meta /mnt/poseidon-data/poseidon/workflows/SOMOSPIE/SOMOSPIE_pegasus/CombinedPipeline/submit/poseidon/pegasus/somospie/run0419/00/00/merge_avg_ID0000013.meta,/mnt/poseidon-data/poseidon/workflows/SOMOSPIE/SOMOSPIE_pegasus/CombinedPipeline/submit/poseidon/pegasus/somospie/run0419/00/00/merge_avg_ID0000012.meta,/mnt/poseidon-data/poseidon/workflows/SOMOSPIE/SOMOSPIE_pegasus/CombinedPipeline/submit/poseidon/pegasus/somospie/run0419/00/00/merge_avg_ID0000014.meta --insert /mnt/poseidon-data/poseidon/workflows/SOMOSPIE/SOMOSPIE_pegasus/CombinedPipeline/submit/poseidon/pegasus/somospie/run0419/00/00/register_condorpool_4_0.in",2.9,0,0,,,,,,,,,
stage_out_local_condorpool_5_0,None,transfer,0,1712197089.0,,,1712197094.0,,,0.0,1712197094.0,1712197104.0,,,0.0,1712197104.0,1712197109.0,5.0,,0.0,10.0,5.0,,,,,poseidon,local,poseidon-submit,pegasus::transfer,/mnt/poseidon-data/poseidon/pegasus-5.1.0panorama/bin/pegasus-transfer,/home/poseidon/pegasus-5.1.0panorama/bin/../bin/pegasus-kickstart  -n pegasus::transfer -N null -i - -R local  -L somospie -T 2024-03-27T17:59:14+00:00 /home/poseidon/pegasus-5.1.0panorama/bin/../bin/pegasus-transfer  --threads 2,3.7,0,0,,,,,,,,,
stage_out_local_condorpool_5_1,None,transfer,0,1712197089.0,,,1712197094.0,,,0.0,1712197094.0,1712197099.0,,,0.0,1712197099.0,1712197104.0,5.0,,0.0,5.0,5.0,,,,,poseidon,local,poseidon-submit,pegasus::transfer,/mnt/poseidon-data/poseidon/pegasus-5.1.0panorama/bin/pegasus-transfer,/home/poseidon/pegasus-5.1.0panorama/bin/../bin/pegasus-kickstart  -n pegasus::transfer -N null -i - -R local  -L somospie -T 2024-03-27T17:59:14+00:00 /home/poseidon/pegasus-5.1.0panorama/bin/../bin/pegasus-transfer  --threads 2,1.6,0,0,,,,,,,,,
register_condorpool_5_1,None,auxiliary,0,1712197104.0,,,1712197109.0,,,0.0,1712197109.0,1712197114.0,,,0.0,1712197114.0,1712197119.0,5.0,,0.0,5.0,5.0,,,,,poseidon,local,poseidon-submit,pegasus::rc-client,/mnt/poseidon-data/poseidon/pegasus-5.1.0panorama/bin/pegasus-rc-client,"-n pegasus::rc-client -N null -R local  -L somospie -T 2024-03-27T17:59:14+00:00 /home/poseidon/pegasus-5.1.0panorama/bin/pegasus-rc-client --prefix pegasus.catalog.replica.output --conf /mnt/poseidon-data/poseidon/workflows/SOMOSPIE/SOMOSPIE_pegasus/CombinedPipeline/submit/poseidon/pegasus/somospie/run0419/pegasus.11186851077082242619.properties -v --meta /mnt/poseidon-data/poseidon/workflows/SOMOSPIE/SOMOSPIE_pegasus/CombinedPipeline/submit/poseidon/pegasus/somospie/run0419/00/00/generate_train_ID0000028.meta,/mnt/poseidon-data/poseidon/workflows/SOMOSPIE/SOMOSPIE_pegasus/CombinedPipeline/submit/poseidon/pegasus/somospie/run0419/00/00/generate_train_ID0000027.meta,/mnt/poseidon-data/poseidon/workflows/SOMOSPIE/SOMOSPIE_pegasus/CombinedPipeline/submit/poseidon/pegasus/somospie/run0419/00/00/generate_train_ID0000038.meta,/mnt/poseidon-data/poseidon/workflows/SOMOSPIE/SOMOSPIE_pegasus/CombinedPipeline/submit/poseidon/pegasus/somospie/run0419/00/00/generate_train_ID0000033.meta,/mnt/poseidon-data/poseidon/workflows/SOMOSPIE/SOMOSPIE_pegasus/CombinedPipeline/submit/poseidon/pegasus/somospie/run0419/00/01/generate_train_ID0000030.meta,/mnt/poseidon-data/poseidon/workflows/SOMOSPIE/SOMOSPIE_pegasus/CombinedPipeline/submit/poseidon/pegasus/somospie/run0419/00/01/generate_eval_ID0000041.meta,/mnt/poseidon-data/poseidon/workflows/SOMOSPIE/SOMOSPIE_pegasus/CombinedPipeline/submit/poseidon/pegasus/somospie/run0419/00/01/generate_train_ID0000031.meta,/mnt/poseidon-data/poseidon/workflows/SOMOSPIE/SOMOSPIE_pegasus/CombinedPipeline/submit/poseidon/pegasus/somospie/run0419/00/01/generate_train_ID0000032.meta,/mnt/poseidon-data/poseidon/workflows/SOMOSPIE/SOMOSPIE_pegasus/CombinedPipeline/submit/poseidon/pegasus/somospie/run0419/00/00/generate_train_ID0000037.meta,/mnt/poseidon-data/poseidon/workflows/SOMOSPIE/SOMOSPIE_pegasus/CombinedPipeline/submit/poseidon/pegasus/somospie/run0419/00/01/generate_eval_ID0000040.meta,/mnt/poseidon-data/poseidon/workflows/SOMOSPIE/SOMOSPIE_pegasus/CombinedPipeline/submit/poseidon/pegasus/somospie/run0419/00/01/generate_eval_ID0000039.meta,/mnt/poseidon-data/poseidon/workflows/SOMOSPIE/SOMOSPIE_pegasus/CombinedPipeline/submit/poseidon/pegasus/somospie/run0419/00/00/generate_train_ID0000034.meta,/mnt/poseidon-data/poseidon/workflows/SOMOSPIE/SOMOSPIE_pegasus/CombinedPipeline/submit/poseidon/pegasus/somospie/run0419/00/01/generate_train_ID0000035.meta,/mnt/poseidon-data/poseidon/workflows/SOMOSPIE/SOMOSPIE_pegasus/CombinedPipeline/submit/poseidon/pegasus/somospie/run0419/00/01/generate_train_ID0000036.meta,/mnt/poseidon-data/poseidon/workflows/SOMOSPIE/SOMOSPIE_pegasus/CombinedPipeline/submit/poseidon/pegasus/somospie/run0419/00/01/generate_eval_ID0000042.meta,/mnt/poseidon-data/poseidon/workflows/SOMOSPIE/SOMOSPIE_pegasus/CombinedPipeline/submit/poseidon/pegasus/somospie/run0419/00/00/generate_train_ID0000029.meta --insert /mnt/poseidon-data/poseidon/workflows/SOMOSPIE/SOMOSPIE_pegasus/CombinedPipeline/submit/poseidon/pegasus/somospie/run0419/00/01/register_condorpool_5_1.in",3.0,0,0,,,,,,,,,
register_condorpool_5_0,None,auxiliary,0,1712197109.0,,,1712197119.0,,,0.0,1712197119.0,1712197124.0,,,0.0,1712197124.0,1712197129.0,10.0,,0.0,5.0,5.0,,,,,poseidon,local,poseidon-submit,pegasus::rc-client,/mnt/poseidon-data/poseidon/pegasus-5.1.0panorama/bin/pegasus-rc-client,"-n pegasus::rc-client -N null -R local  -L somospie -T 2024-03-27T17:59:14+00:00 /home/poseidon/pegasus-5.1.0panorama/bin/pegasus-rc-client --prefix pegasus.catalog.replica.output --conf /mnt/poseidon-data/poseidon/workflows/SOMOSPIE/SOMOSPIE_pegasus/CombinedPipeline/submit/poseidon/pegasus/somospie/run0419/pegasus.11186851077082242619.properties -v --meta /mnt/poseidon-data/poseidon/workflows/SOMOSPIE/SOMOSPIE_pegasus/CombinedPipeline/submit/poseidon/pegasus/somospie/run0419/00/00/generate_train_ID0000028.meta,/mnt/poseidon-data/poseidon/workflows/SOMOSPIE/SOMOSPIE_pegasus/CombinedPipeline/submit/poseidon/pegasus/somospie/run0419/00/00/generate_train_ID0000027.meta,/mnt/poseidon-data/poseidon/workflows/SOMOSPIE/SOMOSPIE_pegasus/CombinedPipeline/submit/poseidon/pegasus/somospie/run0419/00/00/generate_train_ID0000038.meta,/mnt/poseidon-data/poseidon/workflows/SOMOSPIE/SOMOSPIE_pegasus/CombinedPipeline/submit/poseidon/pegasus/somospie/run0419/00/00/generate_train_ID0000033.meta,/mnt/poseidon-data/poseidon/workflows/SOMOSPIE/SOMOSPIE_pegasus/CombinedPipeline/submit/poseidon/pegasus/somospie/run0419/00/01/generate_train_ID0000030.meta,/mnt/poseidon-data/poseidon/workflows/SOMOSPIE/SOMOSPIE_pegasus/CombinedPipeline/submit/poseidon/pegasus/somospie/run0419/00/01/generate_eval_ID0000041.meta,/mnt/poseidon-data/poseidon/workflows/SOMOSPIE/SOMOSPIE_pegasus/CombinedPipeline/submit/poseidon/pegasus/somospie/run0419/00/01/generate_train_ID0000031.meta,/mnt/poseidon-data/poseidon/workflows/SOMOSPIE/SOMOSPIE_pegasus/CombinedPipeline/submit/poseidon/pegasus/somospie/run0419/00/01/generate_train_ID0000032.meta,/mnt/poseidon-data/poseidon/workflows/SOMOSPIE/SOMOSPIE_pegasus/CombinedPipeline/submit/poseidon/pegasus/somospie/run0419/00/00/generate_train_ID0000037.meta,/mnt/poseidon-data/poseidon/workflows/SOMOSPIE/SOMOSPIE_pegasus/CombinedPipeline/submit/poseidon/pegasus/somospie/run0419/00/01/generate_eval_ID0000040.meta,/mnt/poseidon-data/poseidon/workflows/SOMOSPIE/SOMOSPIE_pegasus/CombinedPipeline/submit/poseidon/pegasus/somospie/run0419/00/01/generate_eval_ID0000039.meta,/mnt/poseidon-data/poseidon/workflows/SOMOSPIE/SOMOSPIE_pegasus/CombinedPipeline/submit/poseidon/pegasus/somospie/run0419/00/00/generate_train_ID0000034.meta,/mnt/poseidon-data/poseidon/workflows/SOMOSPIE/SOMOSPIE_pegasus/CombinedPipeline/submit/poseidon/pegasus/somospie/run0419/00/01/generate_train_ID0000035.meta,/mnt/poseidon-data/poseidon/workflows/SOMOSPIE/SOMOSPIE_pegasus/CombinedPipeline/submit/poseidon/pegasus/somospie/run0419/00/01/generate_train_ID0000036.meta,/mnt/poseidon-data/poseidon/workflows/SOMOSPIE/SOMOSPIE_pegasus/CombinedPipeline/submit/poseidon/pegasus/somospie/run0419/00/01/generate_eval_ID0000042.meta,/mnt/poseidon-data/poseidon/workflows/SOMOSPIE/SOMOSPIE_pegasus/CombinedPipeline/submit/poseidon/pegasus/somospie/run0419/00/00/generate_train_ID0000029.meta --insert /mnt/poseidon-data/poseidon/workflows/SOMOSPIE/SOMOSPIE_pegasus/CombinedPipeline/submit/poseidon/pegasus/somospie/run0419/00/01/register_condorpool_5_0.in",3.1,0,0,,,,,,,,,
cleanup_somospie_0_condorpool,None,auxiliary,0,1712197109.0,,,1712197114.0,,,0.0,1712197114.0,1712197119.0,,,0.0,1712197119.0,1712197124.0,5.0,,0.0,5.0,5.0,,,,,poseidon,local,poseidon-submit,pegasus::cleanup,/mnt/poseidon-data/poseidon/pegasus-5.1.0panorama/bin/pegasus-transfer,pegasus-kickstart  -n pegasus::cleanup -N null -i - -R local  -L somospie -T 2024-03-27T17:59:14+00:00 pegasus-transfer,0.2,0,0,,,,,,,,,
