,anomaly_type,type,is_clustered,ready,pre_script_start,pre_script_end,submit,stage_in_start,stage_in_end,stage_in_effective_bytes_per_sec,execute_start,execute_end,stage_out_start,stage_out_end,stage_out_effective_bytes_per_sec,post_script_start,post_script_end,wms_delay,pre_script_delay,queue_delay,runtime,post_script_delay,stage_in_delay,stage_in_bytes,stage_out_delay,stage_out_bytes,kickstart_user,kickstart_site,kickstart_hostname,kickstart_transformations,kickstart_executables,kickstart_executables_argv,kickstart_executables_cpu_time,kickstart_status,kickstart_executables_exitcode,kickstart_online_iowait,kickstart_online_bytes_read,kickstart_online_bytes_written,kickstart_online_read_system_calls,kickstart_online_write_system_calls,kickstart_online_utime,kickstart_online_stime,kickstart_online_bytes_read_per_second,kickstart_online_bytes_written_per_second
create_dir_somospie_0_condorpool,None,auxiliary,0,1711951795.0,,,1711951796.0,,,0.0,1711951800.0,1711951806.0,,,0.0,1711951806.0,1711951811.0,1.0,,4.0,6.0,5.0,,,,,poseidon,local,poseidon-submit,pegasus::dirmanager,/mnt/poseidon-data/poseidon/pegasus-5.1.0panorama/bin/pegasus-transfer,pegasus-kickstart  -n pegasus::dirmanager -N null -i - -R local  -L somospie -T 2024-03-27T17:59:14+00:00 pegasus-transfer,0.2,0,0,,,,,,,,,
get_sm_ID0000020,None,compute,0,1711951811.0,,,1711951816.0,1711951832.0,1711951853.0,32018077.0,1711951832.0,1711951871.0,1711951860.0,1711951864.0,294673.0,1711951871.0,1711951876.0,5.0,,16.0,39.0,5.0,21.0,470635724.0,4.0,945682.0,poseidon,condorpool,poseidon-worker-1-container-44-47,get_sm,/srv/get_sm,,1.8,0,0,,,,,,,,,
get_sm_ID0000021,None,compute,0,1711951811.0,,,1711951816.0,1711951833.0,1711951856.0,29338055.6,1711951832.0,1711951876.0,1711951863.0,1711951866.0,297059.0,1711951876.0,1711951881.0,5.0,,16.0,44.0,5.0,23.0,475840244.0,3.0,951505.0,poseidon,condorpool,poseidon-worker-2-container-32-35,get_sm,/srv/get_sm,,1.9,0,0,,,,,,,,,
get_sm_ID0000022,None,compute,0,1711951811.0,,,1711951816.0,1711951832.0,1711951858.0,26259793.4,1711951832.0,1711951876.0,1711951865.0,1711951868.0,297404.0,1711951876.0,1711951881.0,5.0,,16.0,44.0,5.0,26.0,475800760.0,3.0,952852.0,poseidon,condorpool,poseidon-worker-1-container-36-39,get_sm,/srv/get_sm,,1.8,0,0,,,,,,,,,
get_sm_ID0000023,None,compute,0,1711951811.0,,,1711951816.0,1711951832.0,1711951852.0,38925384.5,1711951832.0,1711951871.0,1711951859.0,1711951862.0,296464.0,1711951871.0,1711951876.0,5.0,,16.0,39.0,5.0,20.0,467398273.0,3.0,943297.0,poseidon,condorpool,poseidon-worker-2-container-40-43,get_sm,/srv/get_sm,,1.8,0,0,,,,,,,,,
get_sm_ID0000024,None,compute,0,1711951811.0,,,1711951816.0,1711951832.0,1711951850.0,46713269.9,1711951832.0,1711951866.0,1711951857.0,1711951860.0,261675.0,1711951866.0,1711951871.0,5.0,,16.0,34.0,5.0,18.0,457521962.0,3.0,830231.0,poseidon,condorpool,poseidon-worker-2-container-4-7,get_sm,/srv/get_sm,,1.9,0,0,,,,,,,,,
get_sm_ID0000025,None,compute,0,1711951811.0,,,1711951816.0,1711951832.0,1711951854.0,28483617.9,1711951832.0,1711951871.0,1711951861.0,1711951865.0,223672.0,1711951871.0,1711951876.0,5.0,,16.0,39.0,5.0,22.0,447555942.0,4.0,712778.0,poseidon,condorpool,poseidon-worker-1-container-0-3,get_sm,/srv/get_sm,,1.8,0,0,,,,,,,,,
get_sm_ID0000015,None,compute,0,1711951811.0,,,1711951816.0,1711951832.0,1711951852.0,31785101.7,1711951832.0,1711951871.0,1711951860.0,1711951863.0,170594.0,1711951871.0,1711951876.0,5.0,,16.0,39.0,5.0,20.0,440090843.0,3.0,551360.0,poseidon,condorpool,poseidon-worker-1-container-32-35,get_sm,/srv/get_sm,,2.0,0,0,,,,,,,,,
get_sm_ID0000026,None,compute,0,1711951811.0,,,1711951816.0,1711951832.0,1711951853.0,32090733.7,1711951832.0,1711951871.0,1711951860.0,1711951864.0,189830.0,1711951871.0,1711951876.0,5.0,,16.0,39.0,5.0,21.0,442257808.0,4.0,608523.0,poseidon,condorpool,poseidon-worker-2-container-0-3,get_sm,/srv/get_sm,,2.0,0,0,,,,,,,,,
get_sm_ID0000016,None,compute,0,1711951811.0,,,1711951816.0,1711951832.0,1711951849.0,43214450.4,1711951832.0,1711951866.0,1711951856.0,1711951859.0,169483.0,1711951866.0,1711951871.0,5.0,,16.0,34.0,5.0,17.0,436178789.0,3.0,550490.0,poseidon,condorpool,poseidon-worker-2-container-44-47,get_sm,/srv/get_sm,,1.9,0,0,,,,,,,,,
get_sm_ID0000017,None,compute,0,1711951811.0,,,1711951816.0,1711951832.0,1711951850.0,41904066.0,1711951832.0,1711951866.0,1711951857.0,1711951861.0,193074.0,1711951866.0,1711951871.0,5.0,,16.0,34.0,5.0,18.0,444771924.0,4.0,613264.0,poseidon,condorpool,poseidon-worker-2-container-28-31,get_sm,/srv/get_sm,,1.9,0,0,,,,,,,,,
get_sm_ID0000018,None,compute,0,1711951811.0,,,1711951816.0,1711951832.0,1711951852.0,35520505.0,1711951832.0,1711951871.0,1711951859.0,1711951863.0,222782.0,1711951871.0,1711951876.0,5.0,,16.0,39.0,5.0,20.0,449409643.0,4.0,716593.0,poseidon,condorpool,poseidon-worker-1-container-40-43,get_sm,/srv/get_sm,,2.0,0,0,,,,,,,,,
get_sm_ID0000019,None,compute,0,1711951811.0,,,1711951816.0,1711951832.0,1711951853.0,32380657.3,1711951832.0,1711951871.0,1711951860.0,1711951864.0,271208.0,1711951871.0,1711951876.0,5.0,,16.0,39.0,5.0,21.0,459739344.0,4.0,873152.0,poseidon,condorpool,poseidon-worker-2-container-24-27,get_sm,/srv/get_sm,,1.9,0,0,,,,,,,,,
merge_ID0000001,None,compute,0,1711951811.0,,,1711951816.0,1711951832.0,1711951852.0,143771922.6,1711951832.0,1711951906.0,1711951885.0,1711951899.0,91417162.0,1711951906.0,1711951911.0,5.0,,16.0,74.0,5.0,20.0,1726068480.0,14.0,1298102725.0,poseidon,condorpool,poseidon-worker-2-container-36-39,merge,/srv/merge,,41.4,0,0,0.0,979571232.0,1294400834.0,10742.0,39536.0,34.4,2.3,48978561.6,64720041.7
stage_out_local_condorpool_0_1,None,transfer,0,1711951881.0,,,1711951886.0,,,0.0,1711951886.0,1711951891.0,,,0.0,1711951891.0,1711951896.0,5.0,,0.0,5.0,5.0,,,,,poseidon,local,poseidon-submit,pegasus::transfer,/mnt/poseidon-data/poseidon/pegasus-5.1.0panorama/bin/pegasus-transfer,/home/poseidon/pegasus-5.1.0panorama/bin/../bin/pegasus-kickstart  -n pegasus::transfer -N null -i - -R local  -L somospie -T 2024-03-27T17:59:14+00:00 /home/poseidon/pegasus-5.1.0panorama/bin/../bin/pegasus-transfer  --threads 2,0.7,0,0,,,,,,,,,
register_condorpool_0_1,None,auxiliary,0,1711951896.0,,,1711951901.0,,,0.0,1711951901.0,1711951906.0,,,0.0,1711951906.0,1711951911.0,5.0,,0.0,5.0,5.0,,,,,poseidon,local,poseidon-submit,pegasus::rc-client,/mnt/poseidon-data/poseidon/pegasus-5.1.0panorama/bin/pegasus-rc-client,"-n pegasus::rc-client -N null -R local  -L somospie -T 2024-03-27T17:59:14+00:00 /home/poseidon/pegasus-5.1.0panorama/bin/pegasus-rc-client --prefix pegasus.catalog.replica.output --conf /mnt/poseidon-data/poseidon/workflows/SOMOSPIE/SOMOSPIE_pegasus/CombinedPipeline/submit/poseidon/pegasus/somospie/run0321/pegasus.8908938836379481421.properties -v --meta /mnt/poseidon-data/poseidon/workflows/SOMOSPIE/SOMOSPIE_pegasus/CombinedPipeline/submit/poseidon/pegasus/somospie/run0321/00/00/get_sm_ID0000020.meta,/mnt/poseidon-data/poseidon/workflows/SOMOSPIE/SOMOSPIE_pegasus/CombinedPipeline/submit/poseidon/pegasus/somospie/run0321/00/00/get_sm_ID0000024.meta,/mnt/poseidon-data/poseidon/workflows/SOMOSPIE/SOMOSPIE_pegasus/CombinedPipeline/submit/poseidon/pegasus/somospie/run0321/00/00/get_sm_ID0000026.meta,/mnt/poseidon-data/poseidon/workflows/SOMOSPIE/SOMOSPIE_pegasus/CombinedPipeline/submit/poseidon/pegasus/somospie/run0321/00/00/get_sm_ID0000019.meta,/mnt/poseidon-data/poseidon/workflows/SOMOSPIE/SOMOSPIE_pegasus/CombinedPipeline/submit/poseidon/pegasus/somospie/run0321/00/00/get_sm_ID0000016.meta,/mnt/poseidon-data/poseidon/workflows/SOMOSPIE/SOMOSPIE_pegasus/CombinedPipeline/submit/poseidon/pegasus/somospie/run0321/00/00/get_sm_ID0000022.meta --insert /mnt/poseidon-data/poseidon/workflows/SOMOSPIE/SOMOSPIE_pegasus/CombinedPipeline/submit/poseidon/pegasus/somospie/run0321/00/00/register_condorpool_0_1.in",2.8,0,0,,,,,,,,,
stage_out_local_condorpool_0_0,None,transfer,0,1711951911.0,,,1711951916.0,,,0.0,1711951916.0,1711951926.0,,,0.0,1711951926.0,1711951931.0,5.0,,0.0,10.0,5.0,,,,,poseidon,local,poseidon-submit,pegasus::transfer,/mnt/poseidon-data/poseidon/pegasus-5.1.0panorama/bin/pegasus-transfer,/home/poseidon/pegasus-5.1.0panorama/bin/../bin/pegasus-kickstart  -n pegasus::transfer -N null -i - -R local  -L somospie -T 2024-03-27T17:59:14+00:00 /home/poseidon/pegasus-5.1.0panorama/bin/../bin/pegasus-transfer  --threads 2,3.9,0,0,,,,,,,,,
reproject_ID0000011,None,compute,0,1711951911.0,,,1711951916.0,1711951917.0,1711951937.0,136694270.2,1711951917.0,1711951996.0,1711951973.0,1711951987.0,91464385.0,1711951996.0,1711952001.0,5.0,,1.0,79.0,5.0,20.0,1696973136.0,14.0,1298118839.0,poseidon,condorpool,poseidon-worker-2-container-36-39,reproject,/srv/reproject,,54.5,0,0,0.0,1309106460.0,1295187269.0,17766.0,39562.0,44.5,3.8,65455323.0,64759363.5
reproject_ID0000002,None,compute,0,1711951911.0,,,1711951916.0,1711951927.0,1711951947.0,140428363.5,1711951927.0,1711952001.0,1711951982.0,1711951994.0,88948808.0,1711952001.0,1711952006.0,5.0,,11.0,74.0,5.0,20.0,1696973986.0,12.0,1125581407.0,poseidon,condorpool,poseidon-worker-1-container-44-47,reproject,/srv/reproject,,52.1,0,0,0.0,1442676369.0,928101055.0,47678.0,28354.0,40.6,4.3,72133818.5,46405052.8
register_condorpool_0_0,None,auxiliary,0,1711951931.0,,,1711951936.0,,,0.0,1711951936.0,1711951941.0,,,0.0,1711951941.0,1711951946.0,5.0,,0.0,5.0,5.0,,,,,poseidon,local,poseidon-submit,pegasus::rc-client,/mnt/poseidon-data/poseidon/pegasus-5.1.0panorama/bin/pegasus-rc-client,"-n pegasus::rc-client -N null -R local  -L somospie -T 2024-03-27T17:59:14+00:00 /home/poseidon/pegasus-5.1.0panorama/bin/pegasus-rc-client --prefix pegasus.catalog.replica.output --conf /mnt/poseidon-data/poseidon/workflows/SOMOSPIE/SOMOSPIE_pegasus/CombinedPipeline/submit/poseidon/pegasus/somospie/run0321/pegasus.8908938836379481421.properties -v --meta /mnt/poseidon-data/poseidon/workflows/SOMOSPIE/SOMOSPIE_pegasus/CombinedPipeline/submit/poseidon/pegasus/somospie/run0321/00/00/get_sm_ID0000015.meta,/mnt/poseidon-data/poseidon/workflows/SOMOSPIE/SOMOSPIE_pegasus/CombinedPipeline/submit/poseidon/pegasus/somospie/run0321/00/00/get_sm_ID0000023.meta,/mnt/poseidon-data/poseidon/workflows/SOMOSPIE/SOMOSPIE_pegasus/CombinedPipeline/submit/poseidon/pegasus/somospie/run0321/00/00/get_sm_ID0000018.meta,/mnt/poseidon-data/poseidon/workflows/SOMOSPIE/SOMOSPIE_pegasus/CombinedPipeline/submit/poseidon/pegasus/somospie/run0321/00/00/get_sm_ID0000017.meta,/mnt/poseidon-data/poseidon/workflows/SOMOSPIE/SOMOSPIE_pegasus/CombinedPipeline/submit/poseidon/pegasus/somospie/run0321/00/00/merge_ID0000001.meta,/mnt/poseidon-data/poseidon/workflows/SOMOSPIE/SOMOSPIE_pegasus/CombinedPipeline/submit/poseidon/pegasus/somospie/run0321/00/00/get_sm_ID0000021.meta,/mnt/poseidon-data/poseidon/workflows/SOMOSPIE/SOMOSPIE_pegasus/CombinedPipeline/submit/poseidon/pegasus/somospie/run0321/00/00/get_sm_ID0000025.meta --insert /mnt/poseidon-data/poseidon/workflows/SOMOSPIE/SOMOSPIE_pegasus/CombinedPipeline/submit/poseidon/pegasus/somospie/run0321/00/00/register_condorpool_0_0.in",2.7,0,0,,,,,,,,,
stage_out_local_condorpool_1_0,None,transfer,0,1711952006.0,,,1711952011.0,,,0.0,1711952011.0,1711952021.0,,,0.0,1711952021.0,1711952026.0,5.0,,0.0,10.0,5.0,,,,,poseidon,local,poseidon-submit,pegasus::transfer,/mnt/poseidon-data/poseidon/pegasus-5.1.0panorama/bin/pegasus-transfer,/home/poseidon/pegasus-5.1.0panorama/bin/../bin/pegasus-kickstart  -n pegasus::transfer -N null -i - -R local  -L somospie -T 2024-03-27T17:59:14+00:00 /home/poseidon/pegasus-5.1.0panorama/bin/../bin/pegasus-transfer  --threads 2,6.1,0,0,,,,,,,,,
crop_ID0000009,None,compute,0,1711952006.0,,,1711952011.0,1711952012.0,1711952031.0,133765389.2,1711952012.0,1711952051.0,1711952042.0,1711952046.0,24075709.0,1711952051.0,1711952056.0,5.0,,1.0,39.0,5.0,19.0,1524452582.0,4.0,99654844.0,poseidon,condorpool,poseidon-worker-1-container-44-47,crop,/srv/crop,,2.8,0,0,,,,,,,,,
crop_ID0000007,None,compute,0,1711952006.0,,,1711952011.0,1711952012.0,1711952031.0,134124840.8,1711952011.0,1711952056.0,1711952044.0,1711952048.0,40293557.0,1711952056.0,1711952061.0,5.0,,0.0,45.0,5.0,19.0,1524452582.0,4.0,194227221.0,poseidon,condorpool,poseidon-worker-2-container-36-39,crop,/srv/crop,,4.1,0,0,,,,,,,,,
crop_ID0000005,None,compute,0,1711952006.0,,,1711952011.0,1711952027.0,1711952045.0,144307947.7,1711952027.0,1711952066.0,1711952055.0,1711952058.0,1306981.0,1711952066.0,1711952071.0,5.0,,16.0,39.0,5.0,18.0,1524452582.0,3.0,4263385.0,poseidon,condorpool,poseidon-worker-1-container-44-47,crop,/srv/crop,,1.9,0,0,,,,,,,,,
crop_ID0000003,None,compute,0,1711952006.0,,,1711952011.0,1711952027.0,1711952046.0,139026593.1,1711952027.0,1711952066.0,1711952055.0,1711952058.0,784721.0,1711952066.0,1711952071.0,5.0,,16.0,39.0,5.0,19.0,1524452582.0,3.0,2530349.0,poseidon,condorpool,poseidon-worker-2-container-36-39,crop,/srv/crop,,1.9,0,0,,,,,,,,,
register_condorpool_1_0,None,auxiliary,0,1711952026.0,,,1711952031.0,,,0.0,1711952032.0,1711952036.0,,,0.0,1711952036.0,1711952041.0,5.0,,1.0,4.0,5.0,,,,,poseidon,local,poseidon-submit,pegasus::rc-client,/mnt/poseidon-data/poseidon/pegasus-5.1.0panorama/bin/pegasus-rc-client,"-n pegasus::rc-client -N null -R local  -L somospie -T 2024-03-27T17:59:14+00:00 /home/poseidon/pegasus-5.1.0panorama/bin/pegasus-rc-client --prefix pegasus.catalog.replica.output --conf /mnt/poseidon-data/poseidon/workflows/SOMOSPIE/SOMOSPIE_pegasus/CombinedPipeline/submit/poseidon/pegasus/somospie/run0321/pegasus.8908938836379481421.properties -v --meta /mnt/poseidon-data/poseidon/workflows/SOMOSPIE/SOMOSPIE_pegasus/CombinedPipeline/submit/poseidon/pegasus/somospie/run0321/00/00/reproject_ID0000011.meta,/mnt/poseidon-data/poseidon/workflows/SOMOSPIE/SOMOSPIE_pegasus/CombinedPipeline/submit/poseidon/pegasus/somospie/run0321/00/00/reproject_ID0000002.meta --insert /mnt/poseidon-data/poseidon/workflows/SOMOSPIE/SOMOSPIE_pegasus/CombinedPipeline/submit/poseidon/pegasus/somospie/run0321/00/00/register_condorpool_1_0.in",2.8,0,0,,,,,,,,,
compute_ID0000010,None,compute,0,1711952056.0,,,1711952061.0,1711952062.0,1711952076.0,70429126.0,1711952061.0,1711952106.0,1711952094.0,1711952099.0,46248001.0,1711952106.0,1711952111.0,5.0,,0.0,45.0,5.0,14.0,498525556.0,5.0,250017804.0,poseidon,condorpool,poseidon-worker-1-container-44-47,compute,/srv/compute,,12.1,0,0,0.0,303503644.0,241571557.0,4446.0,7398.0,9.2,0.8,30350364.4,24157155.7
compute_ID0000008,None,compute,0,1711952061.0,,,1711952066.0,1711952067.0,1711952082.0,77417191.7,1711952066.0,1711952121.0,1711952105.0,1711952113.0,67633119.0,1711952121.0,1711952126.0,5.0,,0.0,55.0,5.0,15.0,593097933.0,8.0,506706062.0,poseidon,condorpool,poseidon-worker-2-container-36-39,compute,/srv/compute,,17.3,0,0,0.0,337313309.0,359246946.0,4207.0,10980.0,9.2,0.8,33731330.9,35924694.6
stage_out_local_condorpool_2_0,None,transfer,0,1711952071.0,,,1711952076.0,,,0.0,1711952076.0,1711952081.0,,,0.0,1711952081.0,1711952086.0,5.0,,0.0,5.0,5.0,,,,,poseidon,local,poseidon-submit,pegasus::transfer,/mnt/poseidon-data/poseidon/pegasus-5.1.0panorama/bin/pegasus-transfer,/home/poseidon/pegasus-5.1.0panorama/bin/../bin/pegasus-kickstart  -n pegasus::transfer -N null -i - -R local  -L somospie -T 2024-03-27T17:59:14+00:00 /home/poseidon/pegasus-5.1.0panorama/bin/../bin/pegasus-transfer  --threads 2,1.2,0,0,,,,,,,,,
compute_ID0000004,None,compute,0,1711952071.0,,,1711952076.0,1711952087.0,1711952101.0,62150690.0,1711952087.0,1711952121.0,1711952111.0,1711952114.0,1604393.0,1711952121.0,1711952126.0,5.0,,11.0,34.0,5.0,14.0,401401061.0,3.0,5326886.0,poseidon,condorpool,poseidon-worker-1-container-36-39,compute,/srv/compute,,5.2,0,0,,,,,,,,,
compute_ID0000006,None,compute,0,1711952071.0,,,1711952076.0,1711952087.0,1711952101.0,62222515.0,1711952087.0,1711952121.0,1711952111.0,1711952115.0,2903171.0,1711952121.0,1711952126.0,5.0,,11.0,34.0,5.0,14.0,403134097.0,4.0,9696865.0,poseidon,condorpool,poseidon-worker-2-container-32-35,compute,/srv/compute,,5.5,0,0,,,,,,,,,
register_condorpool_2_0,None,auxiliary,0,1711952086.0,,,1711952091.0,,,0.0,1711952092.0,1711952096.0,,,0.0,1711952096.0,1711952101.0,5.0,,1.0,4.0,5.0,,,,,poseidon,local,poseidon-submit,pegasus::rc-client,/mnt/poseidon-data/poseidon/pegasus-5.1.0panorama/bin/pegasus-rc-client,"-n pegasus::rc-client -N null -R local  -L somospie -T 2024-03-27T17:59:14+00:00 /home/poseidon/pegasus-5.1.0panorama/bin/pegasus-rc-client --prefix pegasus.catalog.replica.output --conf /mnt/poseidon-data/poseidon/workflows/SOMOSPIE/SOMOSPIE_pegasus/CombinedPipeline/submit/poseidon/pegasus/somospie/run0321/pegasus.8908938836379481421.properties -v --meta /mnt/poseidon-data/poseidon/workflows/SOMOSPIE/SOMOSPIE_pegasus/CombinedPipeline/submit/poseidon/pegasus/somospie/run0321/00/00/crop_ID0000007.meta,/mnt/poseidon-data/poseidon/workflows/SOMOSPIE/SOMOSPIE_pegasus/CombinedPipeline/submit/poseidon/pegasus/somospie/run0321/00/00/crop_ID0000009.meta,/mnt/poseidon-data/poseidon/workflows/SOMOSPIE/SOMOSPIE_pegasus/CombinedPipeline/submit/poseidon/pegasus/somospie/run0321/00/00/crop_ID0000003.meta,/mnt/poseidon-data/poseidon/workflows/SOMOSPIE/SOMOSPIE_pegasus/CombinedPipeline/submit/poseidon/pegasus/somospie/run0321/00/00/crop_ID0000005.meta --insert /mnt/poseidon-data/poseidon/workflows/SOMOSPIE/SOMOSPIE_pegasus/CombinedPipeline/submit/poseidon/pegasus/somospie/run0321/00/00/register_condorpool_2_0.in",2.8,0,0,,,,,,,,,
stage_out_local_condorpool_3_0,None,transfer,0,1711952126.0,,,1711952131.0,,,0.0,1711952131.0,1711952141.0,,,0.0,1711952141.0,1711952146.0,5.0,,0.0,10.0,5.0,,,,,poseidon,local,poseidon-submit,pegasus::transfer,/mnt/poseidon-data/poseidon/pegasus-5.1.0panorama/bin/pegasus-transfer,/home/poseidon/pegasus-5.1.0panorama/bin/../bin/pegasus-kickstart  -n pegasus::transfer -N null -i - -R local  -L somospie -T 2024-03-27T17:59:14+00:00 /home/poseidon/pegasus-5.1.0panorama/bin/../bin/pegasus-transfer  --threads 2,3.0,0,0,,,,,,,,,
merge_avg_ID0000014,None,compute,0,1711952126.0,,,1711952131.0,1711952132.0,1711952149.0,80052666.5,1711952131.0,1711952206.0,1711952190.0,1711952196.0,53140091.0,1711952206.0,1711952211.0,5.0,,0.0,75.0,5.0,17.0,737559838.0,6.0,309527239.0,poseidon,condorpool,poseidon-worker-1-container-44-47,merge_avg,/srv/merge_avg,,45.8,0,0,0.0,1100774527.0,671157694.0,48888.0,20593.0,23.6,6.6,36692484.2,22371923.1
merge_avg_ID0000012,None,compute,0,1711952126.0,,,1711952131.0,1711952132.0,1711952148.0,83091295.0,1711952131.0,1711952201.0,1711952187.0,1711952193.0,52976900.0,1711952201.0,1711952206.0,5.0,,0.0,70.0,5.0,16.0,731979063.0,6.0,304811410.0,poseidon,condorpool,poseidon-worker-1-container-36-39,merge_avg,/srv/merge_avg,,45.1,0,0,0.0,1152861116.0,735985501.0,48098.0,22587.0,29.8,7.8,38428703.9,24532850.0
merge_avg_ID0000013,None,compute,0,1711952126.0,,,1711952131.0,1711952132.0,1711952147.0,63047717.3,1711952131.0,1711952196.0,1711952183.0,1711952187.0,24161043.0,1711952196.0,1711952201.0,5.0,,0.0,65.0,5.0,15.0,498824437.0,4.0,98388765.0,poseidon,condorpool,poseidon-worker-2-container-36-39,merge_avg,/srv/merge_avg,,40.4,0,0,0.0,456864037.0,288589584.0,48149.0,8935.0,29.9,7.6,15228801.2,9619652.8
register_condorpool_3_0,None,auxiliary,0,1711952146.0,,,1711952151.0,,,0.0,1711952151.0,1711952156.0,,,0.0,1711952156.0,1711952161.0,5.0,,0.0,5.0,5.0,,,,,poseidon,local,poseidon-submit,pegasus::rc-client,/mnt/poseidon-data/poseidon/pegasus-5.1.0panorama/bin/pegasus-rc-client,"-n pegasus::rc-client -N null -R local  -L somospie -T 2024-03-27T17:59:14+00:00 /home/poseidon/pegasus-5.1.0panorama/bin/pegasus-rc-client --prefix pegasus.catalog.replica.output --conf /mnt/poseidon-data/poseidon/workflows/SOMOSPIE/SOMOSPIE_pegasus/CombinedPipeline/submit/poseidon/pegasus/somospie/run0321/pegasus.8908938836379481421.properties -v --meta /mnt/poseidon-data/poseidon/workflows/SOMOSPIE/SOMOSPIE_pegasus/CombinedPipeline/submit/poseidon/pegasus/somospie/run0321/00/00/compute_ID0000010.meta,/mnt/poseidon-data/poseidon/workflows/SOMOSPIE/SOMOSPIE_pegasus/CombinedPipeline/submit/poseidon/pegasus/somospie/run0321/00/00/compute_ID0000004.meta,/mnt/poseidon-data/poseidon/workflows/SOMOSPIE/SOMOSPIE_pegasus/CombinedPipeline/submit/poseidon/pegasus/somospie/run0321/00/00/compute_ID0000006.meta,/mnt/poseidon-data/poseidon/workflows/SOMOSPIE/SOMOSPIE_pegasus/CombinedPipeline/submit/poseidon/pegasus/somospie/run0321/00/00/compute_ID0000008.meta --insert /mnt/poseidon-data/poseidon/workflows/SOMOSPIE/SOMOSPIE_pegasus/CombinedPipeline/submit/poseidon/pegasus/somospie/run0321/00/00/register_condorpool_3_0.in",2.7,0,0,,,,,,,,,
generate_eval_ID0000039,None,compute,0,1711952211.0,,,1711952216.0,1711952232.0,1711952255.0,156080770.8,1711952232.0,1711952282.0,1711952273.0,1711952276.0,2746575.0,1711952282.0,1711952287.0,5.0,,16.0,50.0,5.0,23.0,2410452250.0,3.0,9068473.0,poseidon,condorpool,poseidon-worker-2-container-24-27,generate_eval,/srv/generate_eval,,7.9,0,0,,,,,,,,,
generate_train_ID0000032,None,compute,0,1711952211.0,,,1711952216.0,1711952232.0,1711952263.0,103437281.2,1711952232.0,1711952287.0,1711952274.0,1711952277.0,389177.0,1711952287.0,1711952292.0,5.0,,16.0,55.0,5.0,31.0,2411396929.0,3.0,1265871.0,poseidon,condorpool,poseidon-worker-1-container-40-43,generate_train,/srv/generate_train,,0.9,0,0,,,,,,,,,
generate_eval_ID0000042,None,compute,0,1711952211.0,,,1711952216.0,1711952232.0,1711952257.0,140202846.8,1711952232.0,1711952292.0,1711952280.0,1711952285.0,45909309.0,1711952292.0,1711952297.0,5.0,,16.0,60.0,5.0,25.0,2410452250.0,5.0,240602325.0,poseidon,condorpool,poseidon-worker-2-container-28-31,generate_eval,/srv/generate_eval,,12.3,0,0,0.1,237907228.0,237254921.0,3971.0,7279.0,8.7,1.2,23790722.8,23725492.1
generate_train_ID0000031,None,compute,0,1711952211.0,,,1711952216.0,1711952232.0,1711952257.0,137055955.9,1711952232.0,1711952282.0,1711952268.0,1711952271.0,362934.0,1711952282.0,1711952287.0,5.0,,16.0,50.0,5.0,25.0,2411324399.0,3.0,1175014.0,poseidon,condorpool,poseidon-worker-2-container-44-47,generate_train,/srv/generate_train,,0.9,0,0,,,,,,,,,
generate_train_ID0000030,None,compute,0,1711952211.0,,,1711952216.0,1711952232.0,1711952258.0,130423384.1,1711952232.0,1711952282.0,1711952269.0,1711952272.0,301475.0,1711952282.0,1711952287.0,5.0,,16.0,50.0,5.0,26.0,2411167840.0,3.0,973028.0,poseidon,condorpool,poseidon-worker-2-container-0-3,generate_train,/srv/generate_train,,0.8,0,0,,,,,,,,,
generate_eval_ID0000040,None,compute,0,1711952211.0,,,1711952216.0,1711952232.0,1711952257.0,138596700.5,1711952232.0,1711952287.0,1711952275.0,1711952278.0,2544580.0,1711952287.0,1711952292.0,5.0,,16.0,55.0,5.0,25.0,2410452250.0,3.0,8350187.0,poseidon,condorpool,poseidon-worker-1-container-32-35,generate_eval,/srv/generate_eval,,8.0,0,0,,,,,,,,,
generate_eval_ID0000041,None,compute,0,1711952211.0,,,1711952216.0,1711952232.0,1711952261.0,112836636.4,1711952232.0,1711952307.0,1711952288.0,1711952296.0,70790832.0,1711952307.0,1711952312.0,5.0,,16.0,75.0,5.0,29.0,2410452250.0,8.0,561272484.0,poseidon,condorpool,poseidon-worker-1-container-0-3,generate_eval,/srv/generate_eval,,15.3,0,0,0.0,347845141.0,346568967.0,4748.0,10613.0,9.1,0.9,34784514.1,34656896.7
generate_train_ID0000036,None,compute,0,1711952211.0,,,1711952216.0,1711952232.0,1711952260.0,120378765.3,1711952232.0,1711952282.0,1711952271.0,1711952274.0,348807.0,1711952282.0,1711952287.0,5.0,,16.0,50.0,5.0,28.0,2411281478.0,3.0,1118721.0,poseidon,condorpool,poseidon-worker-2-container-4-7,generate_train,/srv/generate_train,,0.8,0,0,,,,,,,,,
generate_train_ID0000034,None,compute,0,1711952211.0,,,1711952216.0,1711952232.0,1711952270.0,78969100.4,1711952232.0,1711952292.0,1711952281.0,1711952284.0,395748.0,1711952292.0,1711952297.0,5.0,,16.0,60.0,5.0,38.0,2411404099.0,3.0,1275159.0,poseidon,condorpool,poseidon-worker-2-container-32-35,generate_train,/srv/generate_train,,0.8,0,0,,,,,,,,,
generate_train_ID0000033,None,compute,0,1711952211.0,,,1711952216.0,1711952232.0,1711952256.0,144986273.8,1711952232.0,1711952277.0,1711952267.0,1711952270.0,393654.0,1711952277.0,1711952282.0,5.0,,16.0,45.0,5.0,24.0,2411402752.0,3.0,1274805.0,poseidon,condorpool,poseidon-worker-2-container-36-39,generate_train,/srv/generate_train,,0.8,0,0,,,,,,,,,
generate_train_ID0000029,None,compute,0,1711952211.0,,,1711952216.0,1711952233.0,1711952262.0,109315695.0,1711952232.0,1711952282.0,1711952272.0,1711952276.0,262911.0,1711952282.0,1711952287.0,5.0,,16.0,50.0,5.0,29.0,2411064511.0,4.0,843408.0,poseidon,condorpool,poseidon-worker-1-container-36-39,generate_train,/srv/generate_train,,0.8,0,0,,,,,,,,,
generate_train_ID0000028,None,compute,0,1711952211.0,,,1711952216.0,1711952232.0,1711952256.0,146601135.8,1711952232.0,1711952277.0,1711952267.0,1711952271.0,237003.0,1711952277.0,1711952282.0,5.0,,16.0,45.0,5.0,24.0,2411001737.0,4.0,762584.0,poseidon,condorpool,poseidon-worker-1-container-44-47,generate_train,/srv/generate_train,,0.9,0,0,,,,,,,,,
stage_out_local_condorpool_4_0,None,transfer,0,1711952211.0,,,1711952216.0,,,0.0,1711952216.0,1711952221.0,,,0.0,1711952221.0,1711952226.0,5.0,,0.0,5.0,5.0,,,,,poseidon,local,poseidon-submit,pegasus::transfer,/mnt/poseidon-data/poseidon/pegasus-5.1.0panorama/bin/pegasus-transfer,/home/poseidon/pegasus-5.1.0panorama/bin/../bin/pegasus-kickstart  -n pegasus::transfer -N null -i - -R local  -L somospie -T 2024-03-27T17:59:14+00:00 /home/poseidon/pegasus-5.1.0panorama/bin/../bin/pegasus-transfer  --threads 2,2.1,0,0,,,,,,,,,
generate_train_ID0000027,None,compute,0,1711952211.0,,,1711952216.0,1711952217.0,1711952242.0,135979567.1,1711952217.0,1711952267.0,1711952253.0,1711952257.0,216709.0,1711952267.0,1711952272.0,5.0,,1.0,50.0,5.0,25.0,2411002607.0,4.0,764017.0,poseidon,condorpool,poseidon-worker-2-container-36-39,generate_train,/srv/generate_train,,0.9,0,0,,,,,,,,,
generate_train_ID0000038,None,compute,0,1711952211.0,,,1711952216.0,1711952217.0,1711952247.0,109031265.0,1711952216.0,1711952267.0,1711952258.0,1711952261.0,254679.0,1711952267.0,1711952272.0,5.0,,0.0,51.0,5.0,30.0,2411059770.0,3.0,837547.0,poseidon,condorpool,poseidon-worker-1-container-36-39,generate_train,/srv/generate_train,,0.9,0,0,,,,,,,,,
generate_train_ID0000037,None,compute,0,1711952211.0,,,1711952216.0,1711952217.0,1711952245.0,117256393.4,1711952217.0,1711952267.0,1711952256.0,1711952259.0,294202.0,1711952267.0,1711952272.0,5.0,,1.0,50.0,5.0,28.0,2411164025.0,3.0,969901.0,poseidon,condorpool,poseidon-worker-1-container-44-47,generate_train,/srv/generate_train,,0.8,0,0,,,,,,,,,
generate_train_ID0000035,None,compute,0,1711952211.0,,,1711952216.0,1711952232.0,1711952263.0,101512047.8,1711952232.0,1711952287.0,1711952274.0,1711952277.0,390641.0,1711952287.0,1711952292.0,5.0,,16.0,55.0,5.0,31.0,2411394544.0,3.0,1261244.0,poseidon,condorpool,poseidon-worker-2-container-40-43,generate_train,/srv/generate_train,,0.9,0,0,,,,,,,,,
register_condorpool_4_0,None,auxiliary,0,1711952226.0,,,1711952231.0,,,0.0,1711952237.0,1711952241.0,,,0.0,1711952241.0,1711952247.0,5.0,,6.0,4.0,6.0,,,,,poseidon,local,poseidon-submit,pegasus::rc-client,/mnt/poseidon-data/poseidon/pegasus-5.1.0panorama/bin/pegasus-rc-client,"-n pegasus::rc-client -N null -R local  -L somospie -T 2024-03-27T17:59:14+00:00 /home/poseidon/pegasus-5.1.0panorama/bin/pegasus-rc-client --prefix pegasus.catalog.replica.output --conf /mnt/poseidon-data/poseidon/workflows/SOMOSPIE/SOMOSPIE_pegasus/CombinedPipeline/submit/poseidon/pegasus/somospie/run0321/pegasus.8908938836379481421.properties -v --meta /mnt/poseidon-data/poseidon/workflows/SOMOSPIE/SOMOSPIE_pegasus/CombinedPipeline/submit/poseidon/pegasus/somospie/run0321/00/00/merge_avg_ID0000012.meta,/mnt/poseidon-data/poseidon/workflows/SOMOSPIE/SOMOSPIE_pegasus/CombinedPipeline/submit/poseidon/pegasus/somospie/run0321/00/00/merge_avg_ID0000014.meta,/mnt/poseidon-data/poseidon/workflows/SOMOSPIE/SOMOSPIE_pegasus/CombinedPipeline/submit/poseidon/pegasus/somospie/run0321/00/00/merge_avg_ID0000013.meta --insert /mnt/poseidon-data/poseidon/workflows/SOMOSPIE/SOMOSPIE_pegasus/CombinedPipeline/submit/poseidon/pegasus/somospie/run0321/00/00/register_condorpool_4_0.in",2.7,0,0,,,,,,,,,
stage_out_local_condorpool_5_0,None,transfer,0,1711952312.0,,,1711952317.0,,,0.0,1711952317.0,1711952327.0,,,0.0,1711952327.0,1711952332.0,5.0,,0.0,10.0,5.0,,,,,poseidon,local,poseidon-submit,pegasus::transfer,/mnt/poseidon-data/poseidon/pegasus-5.1.0panorama/bin/pegasus-transfer,/home/poseidon/pegasus-5.1.0panorama/bin/../bin/pegasus-kickstart  -n pegasus::transfer -N null -i - -R local  -L somospie -T 2024-03-27T17:59:14+00:00 /home/poseidon/pegasus-5.1.0panorama/bin/../bin/pegasus-transfer  --threads 2,3.4,0,0,,,,,,,,,
stage_out_local_condorpool_5_1,None,transfer,0,1711952312.0,,,1711952317.0,,,0.0,1711952317.0,1711952322.0,,,0.0,1711952322.0,1711952327.0,5.0,,0.0,5.0,5.0,,,,,poseidon,local,poseidon-submit,pegasus::transfer,/mnt/poseidon-data/poseidon/pegasus-5.1.0panorama/bin/pegasus-transfer,/home/poseidon/pegasus-5.1.0panorama/bin/../bin/pegasus-kickstart  -n pegasus::transfer -N null -i - -R local  -L somospie -T 2024-03-27T17:59:14+00:00 /home/poseidon/pegasus-5.1.0panorama/bin/../bin/pegasus-transfer  --threads 2,1.5,0,0,,,,,,,,,
register_condorpool_5_1,None,auxiliary,0,1711952327.0,,,1711952332.0,,,0.0,1711952332.0,1711952337.0,,,0.0,1711952337.0,1711952342.0,5.0,,0.0,5.0,5.0,,,,,poseidon,local,poseidon-submit,pegasus::rc-client,/mnt/poseidon-data/poseidon/pegasus-5.1.0panorama/bin/pegasus-rc-client,"-n pegasus::rc-client -N null -R local  -L somospie -T 2024-03-27T17:59:14+00:00 /home/poseidon/pegasus-5.1.0panorama/bin/pegasus-rc-client --prefix pegasus.catalog.replica.output --conf /mnt/poseidon-data/poseidon/workflows/SOMOSPIE/SOMOSPIE_pegasus/CombinedPipeline/submit/poseidon/pegasus/somospie/run0321/pegasus.8908938836379481421.properties -v --meta /mnt/poseidon-data/poseidon/workflows/SOMOSPIE/SOMOSPIE_pegasus/CombinedPipeline/submit/poseidon/pegasus/somospie/run0321/00/00/generate_train_ID0000038.meta,/mnt/poseidon-data/poseidon/workflows/SOMOSPIE/SOMOSPIE_pegasus/CombinedPipeline/submit/poseidon/pegasus/somospie/run0321/00/00/generate_train_ID0000037.meta,/mnt/poseidon-data/poseidon/workflows/SOMOSPIE/SOMOSPIE_pegasus/CombinedPipeline/submit/poseidon/pegasus/somospie/run0321/00/00/generate_train_ID0000028.meta,/mnt/poseidon-data/poseidon/workflows/SOMOSPIE/SOMOSPIE_pegasus/CombinedPipeline/submit/poseidon/pegasus/somospie/run0321/00/01/generate_eval_ID0000041.meta,/mnt/poseidon-data/poseidon/workflows/SOMOSPIE/SOMOSPIE_pegasus/CombinedPipeline/submit/poseidon/pegasus/somospie/run0321/00/01/generate_train_ID0000032.meta,/mnt/poseidon-data/poseidon/workflows/SOMOSPIE/SOMOSPIE_pegasus/CombinedPipeline/submit/poseidon/pegasus/somospie/run0321/00/01/generate_train_ID0000035.meta,/mnt/poseidon-data/poseidon/workflows/SOMOSPIE/SOMOSPIE_pegasus/CombinedPipeline/submit/poseidon/pegasus/somospie/run0321/00/01/generate_eval_ID0000040.meta,/mnt/poseidon-data/poseidon/workflows/SOMOSPIE/SOMOSPIE_pegasus/CombinedPipeline/submit/poseidon/pegasus/somospie/run0321/00/01/generate_train_ID0000031.meta,/mnt/poseidon-data/poseidon/workflows/SOMOSPIE/SOMOSPIE_pegasus/CombinedPipeline/submit/poseidon/pegasus/somospie/run0321/00/01/generate_train_ID0000036.meta,/mnt/poseidon-data/poseidon/workflows/SOMOSPIE/SOMOSPIE_pegasus/CombinedPipeline/submit/poseidon/pegasus/somospie/run0321/00/01/generate_eval_ID0000042.meta,/mnt/poseidon-data/poseidon/workflows/SOMOSPIE/SOMOSPIE_pegasus/CombinedPipeline/submit/poseidon/pegasus/somospie/run0321/00/00/generate_train_ID0000029.meta,/mnt/poseidon-data/poseidon/workflows/SOMOSPIE/SOMOSPIE_pegasus/CombinedPipeline/submit/poseidon/pegasus/somospie/run0321/00/00/generate_train_ID0000033.meta,/mnt/poseidon-data/poseidon/workflows/SOMOSPIE/SOMOSPIE_pegasus/CombinedPipeline/submit/poseidon/pegasus/somospie/run0321/00/00/generate_train_ID0000034.meta,/mnt/poseidon-data/poseidon/workflows/SOMOSPIE/SOMOSPIE_pegasus/CombinedPipeline/submit/poseidon/pegasus/somospie/run0321/00/01/generate_train_ID0000030.meta,/mnt/poseidon-data/poseidon/workflows/SOMOSPIE/SOMOSPIE_pegasus/CombinedPipeline/submit/poseidon/pegasus/somospie/run0321/00/01/generate_eval_ID0000039.meta,/mnt/poseidon-data/poseidon/workflows/SOMOSPIE/SOMOSPIE_pegasus/CombinedPipeline/submit/poseidon/pegasus/somospie/run0321/00/00/generate_train_ID0000027.meta --insert /mnt/poseidon-data/poseidon/workflows/SOMOSPIE/SOMOSPIE_pegasus/CombinedPipeline/submit/poseidon/pegasus/somospie/run0321/00/01/register_condorpool_5_1.in",2.9,0,0,,,,,,,,,
register_condorpool_5_0,None,auxiliary,0,1711952332.0,,,1711952342.0,,,0.0,1711952342.0,1711952347.0,,,0.0,1711952347.0,1711952352.0,10.0,,0.0,5.0,5.0,,,,,poseidon,local,poseidon-submit,pegasus::rc-client,/mnt/poseidon-data/poseidon/pegasus-5.1.0panorama/bin/pegasus-rc-client,"-n pegasus::rc-client -N null -R local  -L somospie -T 2024-03-27T17:59:14+00:00 /home/poseidon/pegasus-5.1.0panorama/bin/pegasus-rc-client --prefix pegasus.catalog.replica.output --conf /mnt/poseidon-data/poseidon/workflows/SOMOSPIE/SOMOSPIE_pegasus/CombinedPipeline/submit/poseidon/pegasus/somospie/run0321/pegasus.8908938836379481421.properties -v --meta /mnt/poseidon-data/poseidon/workflows/SOMOSPIE/SOMOSPIE_pegasus/CombinedPipeline/submit/poseidon/pegasus/somospie/run0321/00/00/generate_train_ID0000038.meta,/mnt/poseidon-data/poseidon/workflows/SOMOSPIE/SOMOSPIE_pegasus/CombinedPipeline/submit/poseidon/pegasus/somospie/run0321/00/00/generate_train_ID0000037.meta,/mnt/poseidon-data/poseidon/workflows/SOMOSPIE/SOMOSPIE_pegasus/CombinedPipeline/submit/poseidon/pegasus/somospie/run0321/00/00/generate_train_ID0000028.meta,/mnt/poseidon-data/poseidon/workflows/SOMOSPIE/SOMOSPIE_pegasus/CombinedPipeline/submit/poseidon/pegasus/somospie/run0321/00/01/generate_eval_ID0000041.meta,/mnt/poseidon-data/poseidon/workflows/SOMOSPIE/SOMOSPIE_pegasus/CombinedPipeline/submit/poseidon/pegasus/somospie/run0321/00/01/generate_train_ID0000032.meta,/mnt/poseidon-data/poseidon/workflows/SOMOSPIE/SOMOSPIE_pegasus/CombinedPipeline/submit/poseidon/pegasus/somospie/run0321/00/01/generate_train_ID0000035.meta,/mnt/poseidon-data/poseidon/workflows/SOMOSPIE/SOMOSPIE_pegasus/CombinedPipeline/submit/poseidon/pegasus/somospie/run0321/00/01/generate_eval_ID0000040.meta,/mnt/poseidon-data/poseidon/workflows/SOMOSPIE/SOMOSPIE_pegasus/CombinedPipeline/submit/poseidon/pegasus/somospie/run0321/00/01/generate_train_ID0000031.meta,/mnt/poseidon-data/poseidon/workflows/SOMOSPIE/SOMOSPIE_pegasus/CombinedPipeline/submit/poseidon/pegasus/somospie/run0321/00/01/generate_train_ID0000036.meta,/mnt/poseidon-data/poseidon/workflows/SOMOSPIE/SOMOSPIE_pegasus/CombinedPipeline/submit/poseidon/pegasus/somospie/run0321/00/01/generate_eval_ID0000042.meta,/mnt/poseidon-data/poseidon/workflows/SOMOSPIE/SOMOSPIE_pegasus/CombinedPipeline/submit/poseidon/pegasus/somospie/run0321/00/00/generate_train_ID0000029.meta,/mnt/poseidon-data/poseidon/workflows/SOMOSPIE/SOMOSPIE_pegasus/CombinedPipeline/submit/poseidon/pegasus/somospie/run0321/00/00/generate_train_ID0000033.meta,/mnt/poseidon-data/poseidon/workflows/SOMOSPIE/SOMOSPIE_pegasus/CombinedPipeline/submit/poseidon/pegasus/somospie/run0321/00/00/generate_train_ID0000034.meta,/mnt/poseidon-data/poseidon/workflows/SOMOSPIE/SOMOSPIE_pegasus/CombinedPipeline/submit/poseidon/pegasus/somospie/run0321/00/01/generate_train_ID0000030.meta,/mnt/poseidon-data/poseidon/workflows/SOMOSPIE/SOMOSPIE_pegasus/CombinedPipeline/submit/poseidon/pegasus/somospie/run0321/00/01/generate_eval_ID0000039.meta,/mnt/poseidon-data/poseidon/workflows/SOMOSPIE/SOMOSPIE_pegasus/CombinedPipeline/submit/poseidon/pegasus/somospie/run0321/00/00/generate_train_ID0000027.meta --insert /mnt/poseidon-data/poseidon/workflows/SOMOSPIE/SOMOSPIE_pegasus/CombinedPipeline/submit/poseidon/pegasus/somospie/run0321/00/01/register_condorpool_5_0.in",2.8,0,0,,,,,,,,,
cleanup_somospie_0_condorpool,None,auxiliary,0,1711952332.0,,,1711952337.0,,,0.0,1711952337.0,1711952342.0,,,0.0,1711952342.0,1711952347.0,5.0,,0.0,5.0,5.0,,,,,poseidon,local,poseidon-submit,pegasus::cleanup,/mnt/poseidon-data/poseidon/pegasus-5.1.0panorama/bin/pegasus-transfer,pegasus-kickstart  -n pegasus::cleanup -N null -i - -R local  -L somospie -T 2024-03-27T17:59:14+00:00 pegasus-transfer,0.2,0,0,,,,,,,,,
