,anomaly_type,type,is_clustered,ready,pre_script_start,pre_script_end,submit,stage_in_start,stage_in_end,stage_in_effective_bytes_per_sec,execute_start,execute_end,stage_out_start,stage_out_end,stage_out_effective_bytes_per_sec,post_script_start,post_script_end,wms_delay,pre_script_delay,queue_delay,runtime,post_script_delay,stage_in_delay,stage_in_bytes,stage_out_delay,stage_out_bytes,kickstart_user,kickstart_site,kickstart_hostname,kickstart_transformations,kickstart_executables,kickstart_executables_argv,kickstart_executables_cpu_time,kickstart_status,kickstart_executables_exitcode,kickstart_online_iowait,kickstart_online_bytes_read,kickstart_online_bytes_written,kickstart_online_read_system_calls,kickstart_online_write_system_calls,kickstart_online_utime,kickstart_online_stime,kickstart_online_bytes_read_per_second,kickstart_online_bytes_written_per_second
create_dir_somospie_0_condorpool,None,auxiliary,0,1711678571.0,,,1711678572.0,,,0.0,1711678576.0,1711678582.0,,,0.0,1711678582.0,1711678587.0,1.0,,4.0,6.0,5.0,,,,,poseidon,local,poseidon-submit,pegasus::dirmanager,/mnt/poseidon-data/poseidon/pegasus-5.1.0panorama/bin/pegasus-transfer,pegasus-kickstart  -n pegasus::dirmanager -N null -i - -R local  -L somospie -T 2024-03-27T17:59:14+00:00 pegasus-transfer,0.3,0,0,,,,,,,,,
get_sm_ID0000020,None,compute,0,1711678587.0,,,1711678592.0,1711678612.0,1711678634.0,30954501.7,1711678611.0,1711678652.0,1711678641.0,1711678644.0,294804.0,1711678652.0,1711678657.0,5.0,,19.0,41.0,5.0,22.0,470635724.0,3.0,945682.0,poseidon,condorpool,poseidon-worker-1-container-24-27,get_sm,/srv/get_sm,,1.9,0,0,,,,,,,,,
get_sm_ID0000021,None,compute,0,1711678587.0,,,1711678592.0,1711678612.0,1711678642.0,20288664.5,1711678611.0,1711678662.0,1711678649.0,1711678653.0,296049.0,1711678662.0,1711678667.0,5.0,,19.0,51.0,5.0,30.0,475840244.0,4.0,951505.0,poseidon,condorpool,poseidon-worker-1-container-4-7,get_sm,/srv/get_sm,,1.9,0,0,,,,,,,,,
get_sm_ID0000022,None,compute,0,1711678587.0,,,1711678592.0,1711678612.0,1711678631.0,40994732.5,1711678611.0,1711678652.0,1711678638.0,1711678642.0,293641.0,1711678652.0,1711678657.0,5.0,,19.0,41.0,5.0,19.0,475800760.0,4.0,952852.0,poseidon,condorpool,poseidon-worker-2-container-40-43,get_sm,/srv/get_sm,,2.0,0,0,,,,,,,,,
get_sm_ID0000023,None,compute,0,1711678587.0,,,1711678592.0,1711678612.0,1711678629.0,41777950.0,1711678611.0,1711678647.0,1711678636.0,1711678639.0,294321.0,1711678647.0,1711678652.0,5.0,,19.0,36.0,5.0,17.0,467398273.0,3.0,943297.0,poseidon,condorpool,poseidon-worker-2-container-44-47,get_sm,/srv/get_sm,,2.0,0,0,,,,,,,,,
get_sm_ID0000024,None,compute,0,1711678587.0,,,1711678592.0,1711678612.0,1711678633.0,31595978.2,1711678611.0,1711678652.0,1711678640.0,1711678643.0,260424.0,1711678652.0,1711678657.0,5.0,,19.0,41.0,5.0,21.0,457521962.0,3.0,830231.0,poseidon,condorpool,poseidon-worker-2-container-32-35,get_sm,/srv/get_sm,,2.0,0,0,,,,,,,,,
get_sm_ID0000025,None,compute,0,1711678587.0,,,1711678592.0,1711678612.0,1711678636.0,26364338.5,1711678611.0,1711678652.0,1711678643.0,1711678646.0,224484.0,1711678652.0,1711678657.0,5.0,,19.0,41.0,5.0,24.0,447555942.0,3.0,712778.0,poseidon,condorpool,poseidon-worker-2-container-28-31,get_sm,/srv/get_sm,,2.0,0,0,,,,,,,,,
get_sm_ID0000015,None,compute,0,1711678587.0,,,1711678592.0,1711678612.0,1711678630.0,40666624.4,1711678611.0,1711678647.0,1711678637.0,1711678640.0,172326.0,1711678647.0,1711678652.0,5.0,,19.0,36.0,5.0,18.0,440090843.0,3.0,551360.0,poseidon,condorpool,poseidon-worker-1-container-44-47,get_sm,/srv/get_sm,,1.9,0,0,,,,,,,,,
get_sm_ID0000026,None,compute,0,1711678587.0,,,1711678592.0,1711678612.0,1711678630.0,39448436.0,1711678611.0,1711678647.0,1711678638.0,1711678641.0,185671.0,1711678647.0,1711678652.0,5.0,,19.0,36.0,5.0,18.0,442257808.0,3.0,608523.0,poseidon,condorpool,poseidon-worker-1-container-40-43,get_sm,/srv/get_sm,,2.0,0,0,,,,,,,,,
get_sm_ID0000016,None,compute,0,1711678587.0,,,1711678592.0,1711678612.0,1711678629.0,43947913.4,1711678611.0,1711678647.0,1711678636.0,1711678639.0,167930.0,1711678647.0,1711678652.0,5.0,,19.0,36.0,5.0,17.0,436178789.0,3.0,550490.0,poseidon,condorpool,poseidon-worker-2-container-24-27,get_sm,/srv/get_sm,,1.9,0,0,,,,,,,,,
get_sm_ID0000017,None,compute,0,1711678587.0,,,1711678592.0,1711678612.0,1711678631.0,35061587.7,1711678611.0,1711678652.0,1711678639.0,1711678642.0,189323.0,1711678652.0,1711678657.0,5.0,,19.0,41.0,5.0,19.0,444771924.0,3.0,613264.0,poseidon,condorpool,poseidon-worker-1-container-32-35,get_sm,/srv/get_sm,,2.0,0,0,,,,,,,,,
get_sm_ID0000018,None,compute,0,1711678587.0,,,1711678592.0,1711678612.0,1711678632.0,30653517.3,1711678611.0,1711678652.0,1711678639.0,1711678643.0,221158.0,1711678652.0,1711678657.0,5.0,,19.0,41.0,5.0,20.0,449409643.0,4.0,716593.0,poseidon,condorpool,poseidon-worker-1-container-20-23,get_sm,/srv/get_sm,,1.8,0,0,,,,,,,,,
get_sm_ID0000019,None,compute,0,1711678587.0,,,1711678592.0,1711678612.0,1711678632.0,36413680.9,1711678611.0,1711678652.0,1711678639.0,1711678642.0,270182.0,1711678652.0,1711678657.0,5.0,,19.0,41.0,5.0,20.0,459739344.0,3.0,873152.0,poseidon,condorpool,poseidon-worker-1-container-12-15,get_sm,/srv/get_sm,,2.1,0,0,,,,,,,,,
merge_ID0000001,None,compute,0,1711678587.0,,,1711678592.0,1711678612.0,1711678632.0,134637592.3,1711678611.0,1711678687.0,1711678665.0,1711678679.0,91437896.0,1711678687.0,1711678692.0,5.0,,19.0,76.0,5.0,20.0,1726068480.0,14.0,1298102725.0,poseidon,condorpool,poseidon-worker-2-container-16-19,merge,/srv/merge,,41.3,0,0,0.0,979624479.0,1294597442.0,10755.0,39542.0,34.4,2.4,48981224.0,64729872.1
stage_out_local_condorpool_0_1,None,transfer,0,1711678657.0,,,1711678662.0,,,0.0,1711678662.0,1711678667.0,,,0.0,1711678667.0,1711678672.0,5.0,,0.0,5.0,5.0,,,,,poseidon,local,poseidon-submit,pegasus::transfer,/mnt/poseidon-data/poseidon/pegasus-5.1.0panorama/bin/pegasus-transfer,/home/poseidon/pegasus-5.1.0panorama/bin/../bin/pegasus-kickstart  -n pegasus::transfer -N null -i - -R local  -L somospie -T 2024-03-27T17:59:14+00:00 /home/poseidon/pegasus-5.1.0panorama/bin/../bin/pegasus-transfer  --threads 2,0.8,0,0,,,,,,,,,
register_condorpool_0_1,None,auxiliary,0,1711678672.0,,,1711678677.0,,,0.0,1711678677.0,1711678682.0,,,0.0,1711678682.0,1711678687.0,5.0,,0.0,5.0,5.0,,,,,poseidon,local,poseidon-submit,pegasus::rc-client,/mnt/poseidon-data/poseidon/pegasus-5.1.0panorama/bin/pegasus-rc-client,"-n pegasus::rc-client -N null -R local  -L somospie -T 2024-03-27T17:59:14+00:00 /home/poseidon/pegasus-5.1.0panorama/bin/pegasus-rc-client --prefix pegasus.catalog.replica.output --conf /mnt/poseidon-data/poseidon/workflows/SOMOSPIE/SOMOSPIE_pegasus/CombinedPipeline/submit/poseidon/pegasus/somospie/run0036/pegasus.10467823032222315035.properties -v --meta /mnt/poseidon-data/poseidon/workflows/SOMOSPIE/SOMOSPIE_pegasus/CombinedPipeline/submit/poseidon/pegasus/somospie/run0036/00/00/get_sm_ID0000020.meta,/mnt/poseidon-data/poseidon/workflows/SOMOSPIE/SOMOSPIE_pegasus/CombinedPipeline/submit/poseidon/pegasus/somospie/run0036/00/00/get_sm_ID0000024.meta,/mnt/poseidon-data/poseidon/workflows/SOMOSPIE/SOMOSPIE_pegasus/CombinedPipeline/submit/poseidon/pegasus/somospie/run0036/00/00/get_sm_ID0000026.meta,/mnt/poseidon-data/poseidon/workflows/SOMOSPIE/SOMOSPIE_pegasus/CombinedPipeline/submit/poseidon/pegasus/somospie/run0036/00/00/get_sm_ID0000019.meta,/mnt/poseidon-data/poseidon/workflows/SOMOSPIE/SOMOSPIE_pegasus/CombinedPipeline/submit/poseidon/pegasus/somospie/run0036/00/00/get_sm_ID0000016.meta,/mnt/poseidon-data/poseidon/workflows/SOMOSPIE/SOMOSPIE_pegasus/CombinedPipeline/submit/poseidon/pegasus/somospie/run0036/00/00/get_sm_ID0000022.meta --insert /mnt/poseidon-data/poseidon/workflows/SOMOSPIE/SOMOSPIE_pegasus/CombinedPipeline/submit/poseidon/pegasus/somospie/run0036/00/00/register_condorpool_0_1.in",3.1,0,0,,,,,,,,,
stage_out_local_condorpool_0_0,None,transfer,0,1711678692.0,,,1711678697.0,,,0.0,1711678697.0,1711678707.0,,,0.0,1711678707.0,1711678712.0,5.0,,0.0,10.0,5.0,,,,,poseidon,local,poseidon-submit,pegasus::transfer,/mnt/poseidon-data/poseidon/pegasus-5.1.0panorama/bin/pegasus-transfer,/home/poseidon/pegasus-5.1.0panorama/bin/../bin/pegasus-kickstart  -n pegasus::transfer -N null -i - -R local  -L somospie -T 2024-03-27T17:59:14+00:00 /home/poseidon/pegasus-5.1.0panorama/bin/../bin/pegasus-transfer  --threads 2,4.5,0,0,,,,,,,,,
reproject_ID0000011,None,compute,0,1711678692.0,,,1711678697.0,1711678698.0,1711678718.0,139318763.5,1711678697.0,1711678777.0,1711678754.0,1711678768.0,91518173.0,1711678777.0,1711678782.0,5.0,,0.0,80.0,5.0,20.0,1696973136.0,14.0,1298118839.0,poseidon,condorpool,poseidon-worker-2-container-16-19,reproject,/srv/reproject,,55.1,0,0,0.0,1308681283.0,1294990661.0,17558.0,39556.0,44.3,3.8,65434064.1,64749533.0
reproject_ID0000002,None,compute,0,1711678692.0,,,1711678697.0,1711678703.0,1711678722.0,140504525.9,1711678703.0,1711678777.0,1711678757.0,1711678770.0,88731146.0,1711678777.0,1711678782.0,5.0,,6.0,74.0,5.0,19.0,1696973986.0,13.0,1125581407.0,poseidon,condorpool,poseidon-worker-1-container-24-27,reproject,/srv/reproject,,51.6,0,0,0.0,1443855735.0,929804991.0,47973.0,28406.0,40.7,4.2,72192786.8,46490249.5
register_condorpool_0_0,None,auxiliary,0,1711678712.0,,,1711678717.0,,,0.0,1711678717.0,1711678722.0,,,0.0,1711678722.0,1711678727.0,5.0,,0.0,5.0,5.0,,,,,poseidon,local,poseidon-submit,pegasus::rc-client,/mnt/poseidon-data/poseidon/pegasus-5.1.0panorama/bin/pegasus-rc-client,"-n pegasus::rc-client -N null -R local  -L somospie -T 2024-03-27T17:59:14+00:00 /home/poseidon/pegasus-5.1.0panorama/bin/pegasus-rc-client --prefix pegasus.catalog.replica.output --conf /mnt/poseidon-data/poseidon/workflows/SOMOSPIE/SOMOSPIE_pegasus/CombinedPipeline/submit/poseidon/pegasus/somospie/run0036/pegasus.10467823032222315035.properties -v --meta /mnt/poseidon-data/poseidon/workflows/SOMOSPIE/SOMOSPIE_pegasus/CombinedPipeline/submit/poseidon/pegasus/somospie/run0036/00/00/get_sm_ID0000015.meta,/mnt/poseidon-data/poseidon/workflows/SOMOSPIE/SOMOSPIE_pegasus/CombinedPipeline/submit/poseidon/pegasus/somospie/run0036/00/00/get_sm_ID0000023.meta,/mnt/poseidon-data/poseidon/workflows/SOMOSPIE/SOMOSPIE_pegasus/CombinedPipeline/submit/poseidon/pegasus/somospie/run0036/00/00/get_sm_ID0000018.meta,/mnt/poseidon-data/poseidon/workflows/SOMOSPIE/SOMOSPIE_pegasus/CombinedPipeline/submit/poseidon/pegasus/somospie/run0036/00/00/get_sm_ID0000017.meta,/mnt/poseidon-data/poseidon/workflows/SOMOSPIE/SOMOSPIE_pegasus/CombinedPipeline/submit/poseidon/pegasus/somospie/run0036/00/00/merge_ID0000001.meta,/mnt/poseidon-data/poseidon/workflows/SOMOSPIE/SOMOSPIE_pegasus/CombinedPipeline/submit/poseidon/pegasus/somospie/run0036/00/00/get_sm_ID0000021.meta,/mnt/poseidon-data/poseidon/workflows/SOMOSPIE/SOMOSPIE_pegasus/CombinedPipeline/submit/poseidon/pegasus/somospie/run0036/00/00/get_sm_ID0000025.meta --insert /mnt/poseidon-data/poseidon/workflows/SOMOSPIE/SOMOSPIE_pegasus/CombinedPipeline/submit/poseidon/pegasus/somospie/run0036/00/00/register_condorpool_0_0.in",3.2,0,0,,,,,,,,,
stage_out_local_condorpool_1_0,None,transfer,0,1711678782.0,,,1711678787.0,,,0.0,1711678787.0,1711678797.0,,,0.0,1711678797.0,1711678802.0,5.0,,0.0,10.0,5.0,,,,,poseidon,local,poseidon-submit,pegasus::transfer,/mnt/poseidon-data/poseidon/pegasus-5.1.0panorama/bin/pegasus-transfer,/home/poseidon/pegasus-5.1.0panorama/bin/../bin/pegasus-kickstart  -n pegasus::transfer -N null -i - -R local  -L somospie -T 2024-03-27T17:59:14+00:00 /home/poseidon/pegasus-5.1.0panorama/bin/../bin/pegasus-transfer  --threads 2,7.5,0,0,,,,,,,,,
crop_ID0000009,None,compute,0,1711678782.0,,,1711678787.0,1711678788.0,1711678807.0,133213356.6,1711678787.0,1711678827.0,1711678818.0,1711678822.0,24277445.0,1711678827.0,1711678832.0,5.0,,0.0,40.0,5.0,19.0,1524452582.0,4.0,99654844.0,poseidon,condorpool,poseidon-worker-2-container-16-19,crop,/srv/crop,,2.9,0,0,,,,,,,,,
crop_ID0000007,None,compute,0,1711678782.0,,,1711678787.0,1711678788.0,1711678807.0,129657648.3,1711678787.0,1711678832.0,1711678820.0,1711678824.0,40362048.0,1711678832.0,1711678837.0,5.0,,0.0,45.0,5.0,19.0,1524452582.0,4.0,194227221.0,poseidon,condorpool,poseidon-worker-1-container-24-27,crop,/srv/crop,,4.3,0,0,,,,,,,,,
crop_ID0000005,None,compute,0,1711678782.0,,,1711678787.0,1711678803.0,1711678821.0,139825837.9,1711678802.0,1711678842.0,1711678831.0,1711678834.0,1311941.0,1711678842.0,1711678847.0,5.0,,15.0,40.0,5.0,18.0,1524452582.0,3.0,4263385.0,poseidon,condorpool,poseidon-worker-1-container-24-27,crop,/srv/crop,,1.8,0,0,,,,,,,,,
crop_ID0000003,None,compute,0,1711678782.0,,,1711678787.0,1711678803.0,1711678821.0,143523697.0,1711678802.0,1711678842.0,1711678830.0,1711678833.0,784970.0,1711678842.0,1711678847.0,5.0,,15.0,40.0,5.0,18.0,1524452582.0,3.0,2530349.0,poseidon,condorpool,poseidon-worker-2-container-16-19,crop,/srv/crop,,1.8,0,0,,,,,,,,,
register_condorpool_1_0,None,auxiliary,0,1711678802.0,,,1711678807.0,,,0.0,1711678807.0,1711678812.0,,,0.0,1711678812.0,1711678817.0,5.0,,0.0,5.0,5.0,,,,,poseidon,local,poseidon-submit,pegasus::rc-client,/mnt/poseidon-data/poseidon/pegasus-5.1.0panorama/bin/pegasus-rc-client,"-n pegasus::rc-client -N null -R local  -L somospie -T 2024-03-27T17:59:14+00:00 /home/poseidon/pegasus-5.1.0panorama/bin/pegasus-rc-client --prefix pegasus.catalog.replica.output --conf /mnt/poseidon-data/poseidon/workflows/SOMOSPIE/SOMOSPIE_pegasus/CombinedPipeline/submit/poseidon/pegasus/somospie/run0036/pegasus.10467823032222315035.properties -v --meta /mnt/poseidon-data/poseidon/workflows/SOMOSPIE/SOMOSPIE_pegasus/CombinedPipeline/submit/poseidon/pegasus/somospie/run0036/00/00/reproject_ID0000011.meta,/mnt/poseidon-data/poseidon/workflows/SOMOSPIE/SOMOSPIE_pegasus/CombinedPipeline/submit/poseidon/pegasus/somospie/run0036/00/00/reproject_ID0000002.meta --insert /mnt/poseidon-data/poseidon/workflows/SOMOSPIE/SOMOSPIE_pegasus/CombinedPipeline/submit/poseidon/pegasus/somospie/run0036/00/00/register_condorpool_1_0.in",3.1,0,0,,,,,,,,,
compute_ID0000010,None,compute,0,1711678832.0,,,1711678837.0,1711678838.0,1711678852.0,70818790.3,1711678837.0,1711678882.0,1711678869.0,1711678875.0,46359522.0,1711678882.0,1711678887.0,5.0,,0.0,45.0,5.0,14.0,498525556.0,6.0,250017804.0,poseidon,condorpool,poseidon-worker-2-container-16-19,compute,/srv/compute,,12.0,0,0,0.0,303503638.0,241571557.0,4446.0,7398.0,9.2,0.8,30350363.8,24157155.7
compute_ID0000008,None,compute,0,1711678837.0,,,1711678842.0,1711678843.0,1711678857.0,79662146.3,1711678842.0,1711678897.0,1711678881.0,1711678889.0,67815545.0,1711678897.0,1711678902.0,5.0,,0.0,55.0,5.0,14.0,593097933.0,8.0,506706062.0,poseidon,condorpool,poseidon-worker-1-container-24-27,compute,/srv/compute,,17.6,0,0,0.0,325156387.0,351124578.0,4112.0,10733.0,9.1,0.9,32515638.7,35112457.8
stage_out_local_condorpool_2_0,None,transfer,0,1711678847.0,,,1711678852.0,,,0.0,1711678852.0,1711678857.0,,,0.0,1711678857.0,1711678862.0,5.0,,0.0,5.0,5.0,,,,,poseidon,local,poseidon-submit,pegasus::transfer,/mnt/poseidon-data/poseidon/pegasus-5.1.0panorama/bin/pegasus-transfer,/home/poseidon/pegasus-5.1.0panorama/bin/../bin/pegasus-kickstart  -n pegasus::transfer -N null -i - -R local  -L somospie -T 2024-03-27T17:59:14+00:00 /home/poseidon/pegasus-5.1.0panorama/bin/../bin/pegasus-transfer  --threads 2,1.4,0,0,,,,,,,,,
compute_ID0000004,None,compute,0,1711678847.0,,,1711678852.0,1711678863.0,1711678877.0,61914411.7,1711678862.0,1711678897.0,1711678886.0,1711678890.0,1616583.0,1711678897.0,1711678902.0,5.0,,10.0,35.0,5.0,14.0,401401061.0,4.0,5326886.0,poseidon,condorpool,poseidon-worker-1-container-4-7,compute,/srv/compute,,5.1,0,0,,,,,,,,,
compute_ID0000006,None,compute,0,1711678847.0,,,1711678852.0,1711678863.0,1711678876.0,64313697.3,1711678862.0,1711678897.0,1711678887.0,1711678890.0,2928766.0,1711678897.0,1711678902.0,5.0,,10.0,35.0,5.0,13.0,403134097.0,3.0,9696865.0,poseidon,condorpool,poseidon-worker-2-container-40-43,compute,/srv/compute,,5.3,0,0,,,,,,,,,
register_condorpool_2_0,None,auxiliary,0,1711678862.0,,,1711678867.0,,,0.0,1711678867.0,1711678872.0,,,0.0,1711678872.0,1711678877.0,5.0,,0.0,5.0,5.0,,,,,poseidon,local,poseidon-submit,pegasus::rc-client,/mnt/poseidon-data/poseidon/pegasus-5.1.0panorama/bin/pegasus-rc-client,"-n pegasus::rc-client -N null -R local  -L somospie -T 2024-03-27T17:59:14+00:00 /home/poseidon/pegasus-5.1.0panorama/bin/pegasus-rc-client --prefix pegasus.catalog.replica.output --conf /mnt/poseidon-data/poseidon/workflows/SOMOSPIE/SOMOSPIE_pegasus/CombinedPipeline/submit/poseidon/pegasus/somospie/run0036/pegasus.10467823032222315035.properties -v --meta /mnt/poseidon-data/poseidon/workflows/SOMOSPIE/SOMOSPIE_pegasus/CombinedPipeline/submit/poseidon/pegasus/somospie/run0036/00/00/crop_ID0000007.meta,/mnt/poseidon-data/poseidon/workflows/SOMOSPIE/SOMOSPIE_pegasus/CombinedPipeline/submit/poseidon/pegasus/somospie/run0036/00/00/crop_ID0000009.meta,/mnt/poseidon-data/poseidon/workflows/SOMOSPIE/SOMOSPIE_pegasus/CombinedPipeline/submit/poseidon/pegasus/somospie/run0036/00/00/crop_ID0000003.meta,/mnt/poseidon-data/poseidon/workflows/SOMOSPIE/SOMOSPIE_pegasus/CombinedPipeline/submit/poseidon/pegasus/somospie/run0036/00/00/crop_ID0000005.meta --insert /mnt/poseidon-data/poseidon/workflows/SOMOSPIE/SOMOSPIE_pegasus/CombinedPipeline/submit/poseidon/pegasus/somospie/run0036/00/00/register_condorpool_2_0.in",3.1,0,0,,,,,,,,,
stage_out_local_condorpool_3_0,None,transfer,0,1711678902.0,,,1711678907.0,,,0.0,1711678907.0,1711678917.0,,,0.0,1711678917.0,1711678922.0,5.0,,0.0,10.0,5.0,,,,,poseidon,local,poseidon-submit,pegasus::transfer,/mnt/poseidon-data/poseidon/pegasus-5.1.0panorama/bin/pegasus-transfer,/home/poseidon/pegasus-5.1.0panorama/bin/../bin/pegasus-kickstart  -n pegasus::transfer -N null -i - -R local  -L somospie -T 2024-03-27T17:59:14+00:00 /home/poseidon/pegasus-5.1.0panorama/bin/../bin/pegasus-transfer  --threads 2,3.5,0,0,,,,,,,,,
merge_avg_ID0000014,None,compute,0,1711678902.0,,,1711678907.0,1711678908.0,1711678924.0,84946634.0,1711678907.0,1711678977.0,1711678965.0,1711678971.0,53406440.0,1711678977.0,1711678982.0,5.0,,0.0,70.0,5.0,16.0,737559838.0,6.0,309527239.0,poseidon,condorpool,poseidon-worker-2-container-16-19,merge_avg,/srv/merge_avg,,45.1,0,0,0.0,1112125409.0,671157694.0,49438.0,20593.0,23.4,6.4,37070847.0,22371923.1
merge_avg_ID0000012,None,compute,0,1711678902.0,,,1711678907.0,1711678908.0,1711678924.0,79518927.5,1711678907.0,1711678977.0,1711678964.0,1711678970.0,53442289.0,1711678977.0,1711678982.0,5.0,,0.0,70.0,5.0,16.0,731979063.0,6.0,304811410.0,poseidon,condorpool,poseidon-worker-1-container-24-27,merge_avg,/srv/merge_avg,,45.9,0,0,0.0,1145738371.0,671039319.0,46610.0,20600.0,27.6,7.3,38191279.0,22367977.3
merge_avg_ID0000013,None,compute,0,1711678902.0,,,1711678907.0,1711678908.0,1711678923.0,61736463.0,1711678907.0,1711678972.0,1711678960.0,1711678964.0,24105384.0,1711678972.0,1711678977.0,5.0,,0.0,65.0,5.0,15.0,498824437.0,4.0,98388765.0,poseidon,condorpool,poseidon-worker-1-container-4-7,merge_avg,/srv/merge_avg,,41.4,0,0,0.0,454839822.0,249726735.0,48545.0,7748.0,27.9,7.2,15161327.4,8324224.5
register_condorpool_3_0,None,auxiliary,0,1711678922.0,,,1711678927.0,,,0.0,1711678927.0,1711678932.0,,,0.0,1711678932.0,1711678937.0,5.0,,0.0,5.0,5.0,,,,,poseidon,local,poseidon-submit,pegasus::rc-client,/mnt/poseidon-data/poseidon/pegasus-5.1.0panorama/bin/pegasus-rc-client,"-n pegasus::rc-client -N null -R local  -L somospie -T 2024-03-27T17:59:14+00:00 /home/poseidon/pegasus-5.1.0panorama/bin/pegasus-rc-client --prefix pegasus.catalog.replica.output --conf /mnt/poseidon-data/poseidon/workflows/SOMOSPIE/SOMOSPIE_pegasus/CombinedPipeline/submit/poseidon/pegasus/somospie/run0036/pegasus.10467823032222315035.properties -v --meta /mnt/poseidon-data/poseidon/workflows/SOMOSPIE/SOMOSPIE_pegasus/CombinedPipeline/submit/poseidon/pegasus/somospie/run0036/00/00/compute_ID0000010.meta,/mnt/poseidon-data/poseidon/workflows/SOMOSPIE/SOMOSPIE_pegasus/CombinedPipeline/submit/poseidon/pegasus/somospie/run0036/00/00/compute_ID0000004.meta,/mnt/poseidon-data/poseidon/workflows/SOMOSPIE/SOMOSPIE_pegasus/CombinedPipeline/submit/poseidon/pegasus/somospie/run0036/00/00/compute_ID0000006.meta,/mnt/poseidon-data/poseidon/workflows/SOMOSPIE/SOMOSPIE_pegasus/CombinedPipeline/submit/poseidon/pegasus/somospie/run0036/00/00/compute_ID0000008.meta --insert /mnt/poseidon-data/poseidon/workflows/SOMOSPIE/SOMOSPIE_pegasus/CombinedPipeline/submit/poseidon/pegasus/somospie/run0036/00/00/register_condorpool_3_0.in",3.2,0,0,,,,,,,,,
generate_eval_ID0000039,None,compute,0,1711678982.0,,,1711678987.0,1711678988.0,1711679013.0,134528065.1,1711678987.0,1711679042.0,1711679031.0,1711679035.0,2734368.0,1711679042.0,1711679047.0,5.0,,0.0,55.0,5.0,25.0,2410452250.0,4.0,9068473.0,poseidon,condorpool,poseidon-worker-1-container-12-15,generate_eval,/srv/generate_eval,,8.1,0,0,,,,,,,,,
generate_train_ID0000032,None,compute,0,1711678982.0,,,1711678987.0,1711678988.0,1711679013.0,136318892.0,1711678987.0,1711679037.0,1711679024.0,1711679027.0,383078.0,1711679037.0,1711679042.0,5.0,,0.0,50.0,5.0,25.0,2411396929.0,3.0,1265871.0,poseidon,condorpool,poseidon-worker-1-container-20-23,generate_train,/srv/generate_train,,0.9,0,0,,,,,,,,,
generate_eval_ID0000042,None,compute,0,1711678982.0,,,1711678987.0,1711678988.0,1711679022.0,89537480.7,1711678987.0,1711679057.0,1711679045.0,1711679050.0,45906865.0,1711679057.0,1711679062.0,5.0,,0.0,70.0,5.0,34.0,2410452250.0,5.0,240602325.0,poseidon,condorpool,poseidon-worker-1-container-32-35,generate_eval,/srv/generate_eval,,11.6,0,0,0.0,238573955.0,238172429.0,4133.0,7310.0,9.1,0.9,23857395.5,23817242.9
generate_train_ID0000031,None,compute,0,1711678982.0,,,1711678987.0,1711678988.0,1711679017.0,112341264.2,1711678987.0,1711679042.0,1711679029.0,1711679032.0,366278.0,1711679042.0,1711679047.0,5.0,,0.0,55.0,5.0,29.0,2411324399.0,3.0,1175014.0,poseidon,condorpool,poseidon-worker-2-container-24-27,generate_train,/srv/generate_train,,0.9,0,0,,,,,,,,,
generate_train_ID0000030,None,compute,0,1711678982.0,,,1711678987.0,1711678988.0,1711679024.0,82466610.2,1711678987.0,1711679047.0,1711679035.0,1711679038.0,300276.0,1711679047.0,1711679052.0,5.0,,0.0,60.0,5.0,36.0,2411167840.0,3.0,973028.0,poseidon,condorpool,poseidon-worker-1-container-40-43,generate_train,/srv/generate_train,,0.8,0,0,,,,,,,,,
generate_eval_ID0000040,None,compute,0,1711678982.0,,,1711678987.0,1711678988.0,1711679021.0,94341782.0,1711678987.0,1711679052.0,1711679039.0,1711679042.0,2541386.0,1711679052.0,1711679057.0,5.0,,0.0,65.0,5.0,33.0,2410452250.0,3.0,8350187.0,poseidon,condorpool,poseidon-worker-1-container-44-47,generate_eval,/srv/generate_eval,,8.2,0,0,,,,,,,,,
generate_eval_ID0000041,None,compute,0,1711678982.0,,,1711678987.0,1711678988.0,1711679014.0,129193305.9,1711678987.0,1711679057.0,1711679042.0,1711679050.0,71082715.0,1711679057.0,1711679062.0,5.0,,0.0,70.0,5.0,26.0,2410452250.0,8.0,561272484.0,poseidon,condorpool,poseidon-worker-2-container-28-31,generate_eval,/srv/generate_eval,,15.9,0,0,0.1,325047905.0,325138694.0,4544.0,9958.0,9.1,0.8,32504790.5,32513869.4
generate_train_ID0000036,None,compute,0,1711678982.0,,,1711678987.0,1711678988.0,1711679016.0,114404573.0,1711678987.0,1711679037.0,1711679027.0,1711679030.0,348373.0,1711679037.0,1711679042.0,5.0,,0.0,50.0,5.0,28.0,2411281478.0,3.0,1118721.0,poseidon,condorpool,poseidon-worker-2-container-32-35,generate_train,/srv/generate_train,,0.8,0,0,,,,,,,,,
generate_train_ID0000034,None,compute,0,1711678982.0,,,1711678987.0,1711678988.0,1711679014.0,129646683.0,1711678987.0,1711679037.0,1711679025.0,1711679029.0,394266.0,1711679037.0,1711679042.0,5.0,,0.0,50.0,5.0,26.0,2411404099.0,4.0,1275159.0,poseidon,condorpool,poseidon-worker-2-container-40-43,generate_train,/srv/generate_train,,0.9,0,0,,,,,,,,,
generate_train_ID0000033,None,compute,0,1711678982.0,,,1711678987.0,1711678988.0,1711679017.0,108849742.1,1711678987.0,1711679037.0,1711679028.0,1711679031.0,395340.0,1711679037.0,1711679042.0,5.0,,0.0,50.0,5.0,29.0,2411402752.0,3.0,1274805.0,poseidon,condorpool,poseidon-worker-2-container-16-19,generate_train,/srv/generate_train,,0.8,0,0,,,,,,,,,
generate_train_ID0000029,None,compute,0,1711678982.0,,,1711678987.0,1711678988.0,1711679038.0,56376579.8,1711678987.0,1711679062.0,1711679048.0,1711679052.0,262134.0,1711679062.0,1711679067.0,5.0,,0.0,75.0,5.0,50.0,2411064511.0,4.0,843408.0,poseidon,condorpool,poseidon-worker-1-container-4-7,generate_train,/srv/generate_train,,0.8,0,0,,,,,,,,,
generate_train_ID0000028,None,compute,0,1711678982.0,,,1711678987.0,1711678988.0,1711679037.0,58063475.8,1711678987.0,1711679057.0,1711679048.0,1711679051.0,233984.0,1711679057.0,1711679062.0,5.0,,0.0,70.0,5.0,49.0,2411001737.0,3.0,762584.0,poseidon,condorpool,poseidon-worker-1-container-24-27,generate_train,/srv/generate_train,,0.9,0,0,,,,,,,,,
stage_out_local_condorpool_4_0,None,transfer,0,1711678982.0,,,1711678987.0,,,0.0,1711678987.0,1711678992.0,,,0.0,1711678992.0,1711678997.0,5.0,,0.0,5.0,5.0,,,,,poseidon,local,poseidon-submit,pegasus::transfer,/mnt/poseidon-data/poseidon/pegasus-5.1.0panorama/bin/pegasus-transfer,/home/poseidon/pegasus-5.1.0panorama/bin/../bin/pegasus-kickstart  -n pegasus::transfer -N null -i - -R local  -L somospie -T 2024-03-27T17:59:14+00:00 /home/poseidon/pegasus-5.1.0panorama/bin/../bin/pegasus-transfer  --threads 2,2.5,0,0,,,,,,,,,
generate_train_ID0000027,None,compute,0,1711678982.0,,,1711678987.0,1711678988.0,1711679018.0,105469585.8,1711678987.0,1711679042.0,1711679029.0,1711679032.0,236715.0,1711679042.0,1711679047.0,5.0,,0.0,55.0,5.0,30.0,2411002607.0,3.0,764017.0,poseidon,condorpool,poseidon-worker-1-container-4-7,generate_train,/srv/generate_train,,0.9,0,0,,,,,,,,,
generate_train_ID0000038,None,compute,0,1711678982.0,,,1711678987.0,1711678988.0,1711679015.0,120337988.1,1711678987.0,1711679037.0,1711679027.0,1711679030.0,260799.0,1711679037.0,1711679042.0,5.0,,0.0,50.0,5.0,27.0,2411059770.0,3.0,837547.0,poseidon,condorpool,poseidon-worker-1-container-24-27,generate_train,/srv/generate_train,,0.8,0,0,,,,,,,,,
generate_train_ID0000037,None,compute,0,1711678982.0,,,1711678987.0,1711678988.0,1711679021.0,93585509.5,1711678987.0,1711679042.0,1711679032.0,1711679035.0,296752.0,1711679042.0,1711679047.0,5.0,,0.0,55.0,5.0,33.0,2411164025.0,3.0,969901.0,poseidon,condorpool,poseidon-worker-2-container-16-19,generate_train,/srv/generate_train,,0.9,0,0,,,,,,,,,
generate_train_ID0000035,None,compute,0,1711678982.0,,,1711678987.0,1711678988.0,1711679024.0,85070008.6,1711678987.0,1711679047.0,1711679034.0,1711679037.0,386188.0,1711679047.0,1711679052.0,5.0,,0.0,60.0,5.0,36.0,2411394544.0,3.0,1261244.0,poseidon,condorpool,poseidon-worker-2-container-44-47,generate_train,/srv/generate_train,,0.8,0,0,,,,,,,,,
register_condorpool_4_0,None,auxiliary,0,1711678997.0,,,1711679002.0,,,0.0,1711679002.0,1711679007.0,,,0.0,1711679007.0,1711679012.0,5.0,,0.0,5.0,5.0,,,,,poseidon,local,poseidon-submit,pegasus::rc-client,/mnt/poseidon-data/poseidon/pegasus-5.1.0panorama/bin/pegasus-rc-client,"-n pegasus::rc-client -N null -R local  -L somospie -T 2024-03-27T17:59:14+00:00 /home/poseidon/pegasus-5.1.0panorama/bin/pegasus-rc-client --prefix pegasus.catalog.replica.output --conf /mnt/poseidon-data/poseidon/workflows/SOMOSPIE/SOMOSPIE_pegasus/CombinedPipeline/submit/poseidon/pegasus/somospie/run0036/pegasus.10467823032222315035.properties -v --meta /mnt/poseidon-data/poseidon/workflows/SOMOSPIE/SOMOSPIE_pegasus/CombinedPipeline/submit/poseidon/pegasus/somospie/run0036/00/00/merge_avg_ID0000012.meta,/mnt/poseidon-data/poseidon/workflows/SOMOSPIE/SOMOSPIE_pegasus/CombinedPipeline/submit/poseidon/pegasus/somospie/run0036/00/00/merge_avg_ID0000014.meta,/mnt/poseidon-data/poseidon/workflows/SOMOSPIE/SOMOSPIE_pegasus/CombinedPipeline/submit/poseidon/pegasus/somospie/run0036/00/00/merge_avg_ID0000013.meta --insert /mnt/poseidon-data/poseidon/workflows/SOMOSPIE/SOMOSPIE_pegasus/CombinedPipeline/submit/poseidon/pegasus/somospie/run0036/00/00/register_condorpool_4_0.in",3.2,0,0,,,,,,,,,
stage_out_local_condorpool_5_0,None,transfer,0,1711679067.0,,,1711679072.0,,,0.0,1711679072.0,1711679082.0,,,0.0,1711679082.0,1711679087.0,5.0,,0.0,10.0,5.0,,,,,poseidon,local,poseidon-submit,pegasus::transfer,/mnt/poseidon-data/poseidon/pegasus-5.1.0panorama/bin/pegasus-transfer,/home/poseidon/pegasus-5.1.0panorama/bin/../bin/pegasus-kickstart  -n pegasus::transfer -N null -i - -R local  -L somospie -T 2024-03-27T17:59:14+00:00 /home/poseidon/pegasus-5.1.0panorama/bin/../bin/pegasus-transfer  --threads 2,3.9,0,0,,,,,,,,,
stage_out_local_condorpool_5_1,None,transfer,0,1711679067.0,,,1711679072.0,,,0.0,1711679072.0,1711679077.0,,,0.0,1711679077.0,1711679082.0,5.0,,0.0,5.0,5.0,,,,,poseidon,local,poseidon-submit,pegasus::transfer,/mnt/poseidon-data/poseidon/pegasus-5.1.0panorama/bin/pegasus-transfer,/home/poseidon/pegasus-5.1.0panorama/bin/../bin/pegasus-kickstart  -n pegasus::transfer -N null -i - -R local  -L somospie -T 2024-03-27T17:59:14+00:00 /home/poseidon/pegasus-5.1.0panorama/bin/../bin/pegasus-transfer  --threads 2,1.6,0,0,,,,,,,,,
register_condorpool_5_1,None,auxiliary,0,1711679082.0,,,1711679087.0,,,0.0,1711679087.0,1711679092.0,,,0.0,1711679092.0,1711679097.0,5.0,,0.0,5.0,5.0,,,,,poseidon,local,poseidon-submit,pegasus::rc-client,/mnt/poseidon-data/poseidon/pegasus-5.1.0panorama/bin/pegasus-rc-client,"-n pegasus::rc-client -N null -R local  -L somospie -T 2024-03-27T17:59:14+00:00 /home/poseidon/pegasus-5.1.0panorama/bin/pegasus-rc-client --prefix pegasus.catalog.replica.output --conf /mnt/poseidon-data/poseidon/workflows/SOMOSPIE/SOMOSPIE_pegasus/CombinedPipeline/submit/poseidon/pegasus/somospie/run0036/pegasus.10467823032222315035.properties -v --meta /mnt/poseidon-data/poseidon/workflows/SOMOSPIE/SOMOSPIE_pegasus/CombinedPipeline/submit/poseidon/pegasus/somospie/run0036/00/00/generate_train_ID0000038.meta,/mnt/poseidon-data/poseidon/workflows/SOMOSPIE/SOMOSPIE_pegasus/CombinedPipeline/submit/poseidon/pegasus/somospie/run0036/00/00/generate_train_ID0000037.meta,/mnt/poseidon-data/poseidon/workflows/SOMOSPIE/SOMOSPIE_pegasus/CombinedPipeline/submit/poseidon/pegasus/somospie/run0036/00/00/generate_train_ID0000028.meta,/mnt/poseidon-data/poseidon/workflows/SOMOSPIE/SOMOSPIE_pegasus/CombinedPipeline/submit/poseidon/pegasus/somospie/run0036/00/01/generate_eval_ID0000041.meta,/mnt/poseidon-data/poseidon/workflows/SOMOSPIE/SOMOSPIE_pegasus/CombinedPipeline/submit/poseidon/pegasus/somospie/run0036/00/01/generate_train_ID0000032.meta,/mnt/poseidon-data/poseidon/workflows/SOMOSPIE/SOMOSPIE_pegasus/CombinedPipeline/submit/poseidon/pegasus/somospie/run0036/00/01/generate_train_ID0000035.meta,/mnt/poseidon-data/poseidon/workflows/SOMOSPIE/SOMOSPIE_pegasus/CombinedPipeline/submit/poseidon/pegasus/somospie/run0036/00/01/generate_eval_ID0000040.meta,/mnt/poseidon-data/poseidon/workflows/SOMOSPIE/SOMOSPIE_pegasus/CombinedPipeline/submit/poseidon/pegasus/somospie/run0036/00/01/generate_train_ID0000031.meta,/mnt/poseidon-data/poseidon/workflows/SOMOSPIE/SOMOSPIE_pegasus/CombinedPipeline/submit/poseidon/pegasus/somospie/run0036/00/01/generate_train_ID0000036.meta,/mnt/poseidon-data/poseidon/workflows/SOMOSPIE/SOMOSPIE_pegasus/CombinedPipeline/submit/poseidon/pegasus/somospie/run0036/00/01/generate_eval_ID0000042.meta,/mnt/poseidon-data/poseidon/workflows/SOMOSPIE/SOMOSPIE_pegasus/CombinedPipeline/submit/poseidon/pegasus/somospie/run0036/00/00/generate_train_ID0000029.meta,/mnt/poseidon-data/poseidon/workflows/SOMOSPIE/SOMOSPIE_pegasus/CombinedPipeline/submit/poseidon/pegasus/somospie/run0036/00/00/generate_train_ID0000033.meta,/mnt/poseidon-data/poseidon/workflows/SOMOSPIE/SOMOSPIE_pegasus/CombinedPipeline/submit/poseidon/pegasus/somospie/run0036/00/00/generate_train_ID0000034.meta,/mnt/poseidon-data/poseidon/workflows/SOMOSPIE/SOMOSPIE_pegasus/CombinedPipeline/submit/poseidon/pegasus/somospie/run0036/00/01/generate_train_ID0000030.meta,/mnt/poseidon-data/poseidon/workflows/SOMOSPIE/SOMOSPIE_pegasus/CombinedPipeline/submit/poseidon/pegasus/somospie/run0036/00/01/generate_eval_ID0000039.meta,/mnt/poseidon-data/poseidon/workflows/SOMOSPIE/SOMOSPIE_pegasus/CombinedPipeline/submit/poseidon/pegasus/somospie/run0036/00/00/generate_train_ID0000027.meta --insert /mnt/poseidon-data/poseidon/workflows/SOMOSPIE/SOMOSPIE_pegasus/CombinedPipeline/submit/poseidon/pegasus/somospie/run0036/00/01/register_condorpool_5_1.in",3.1,0,0,,,,,,,,,
register_condorpool_5_0,None,auxiliary,0,1711679087.0,,,1711679097.0,,,0.0,1711679097.0,1711679102.0,,,0.0,1711679102.0,1711679107.0,10.0,,0.0,5.0,5.0,,,,,poseidon,local,poseidon-submit,pegasus::rc-client,/mnt/poseidon-data/poseidon/pegasus-5.1.0panorama/bin/pegasus-rc-client,"-n pegasus::rc-client -N null -R local  -L somospie -T 2024-03-27T17:59:14+00:00 /home/poseidon/pegasus-5.1.0panorama/bin/pegasus-rc-client --prefix pegasus.catalog.replica.output --conf /mnt/poseidon-data/poseidon/workflows/SOMOSPIE/SOMOSPIE_pegasus/CombinedPipeline/submit/poseidon/pegasus/somospie/run0036/pegasus.10467823032222315035.properties -v --meta /mnt/poseidon-data/poseidon/workflows/SOMOSPIE/SOMOSPIE_pegasus/CombinedPipeline/submit/poseidon/pegasus/somospie/run0036/00/00/generate_train_ID0000038.meta,/mnt/poseidon-data/poseidon/workflows/SOMOSPIE/SOMOSPIE_pegasus/CombinedPipeline/submit/poseidon/pegasus/somospie/run0036/00/00/generate_train_ID0000037.meta,/mnt/poseidon-data/poseidon/workflows/SOMOSPIE/SOMOSPIE_pegasus/CombinedPipeline/submit/poseidon/pegasus/somospie/run0036/00/00/generate_train_ID0000028.meta,/mnt/poseidon-data/poseidon/workflows/SOMOSPIE/SOMOSPIE_pegasus/CombinedPipeline/submit/poseidon/pegasus/somospie/run0036/00/01/generate_eval_ID0000041.meta,/mnt/poseidon-data/poseidon/workflows/SOMOSPIE/SOMOSPIE_pegasus/CombinedPipeline/submit/poseidon/pegasus/somospie/run0036/00/01/generate_train_ID0000032.meta,/mnt/poseidon-data/poseidon/workflows/SOMOSPIE/SOMOSPIE_pegasus/CombinedPipeline/submit/poseidon/pegasus/somospie/run0036/00/01/generate_train_ID0000035.meta,/mnt/poseidon-data/poseidon/workflows/SOMOSPIE/SOMOSPIE_pegasus/CombinedPipeline/submit/poseidon/pegasus/somospie/run0036/00/01/generate_eval_ID0000040.meta,/mnt/poseidon-data/poseidon/workflows/SOMOSPIE/SOMOSPIE_pegasus/CombinedPipeline/submit/poseidon/pegasus/somospie/run0036/00/01/generate_train_ID0000031.meta,/mnt/poseidon-data/poseidon/workflows/SOMOSPIE/SOMOSPIE_pegasus/CombinedPipeline/submit/poseidon/pegasus/somospie/run0036/00/01/generate_train_ID0000036.meta,/mnt/poseidon-data/poseidon/workflows/SOMOSPIE/SOMOSPIE_pegasus/CombinedPipeline/submit/poseidon/pegasus/somospie/run0036/00/01/generate_eval_ID0000042.meta,/mnt/poseidon-data/poseidon/workflows/SOMOSPIE/SOMOSPIE_pegasus/CombinedPipeline/submit/poseidon/pegasus/somospie/run0036/00/00/generate_train_ID0000029.meta,/mnt/poseidon-data/poseidon/workflows/SOMOSPIE/SOMOSPIE_pegasus/CombinedPipeline/submit/poseidon/pegasus/somospie/run0036/00/00/generate_train_ID0000033.meta,/mnt/poseidon-data/poseidon/workflows/SOMOSPIE/SOMOSPIE_pegasus/CombinedPipeline/submit/poseidon/pegasus/somospie/run0036/00/00/generate_train_ID0000034.meta,/mnt/poseidon-data/poseidon/workflows/SOMOSPIE/SOMOSPIE_pegasus/CombinedPipeline/submit/poseidon/pegasus/somospie/run0036/00/01/generate_train_ID0000030.meta,/mnt/poseidon-data/poseidon/workflows/SOMOSPIE/SOMOSPIE_pegasus/CombinedPipeline/submit/poseidon/pegasus/somospie/run0036/00/01/generate_eval_ID0000039.meta,/mnt/poseidon-data/poseidon/workflows/SOMOSPIE/SOMOSPIE_pegasus/CombinedPipeline/submit/poseidon/pegasus/somospie/run0036/00/00/generate_train_ID0000027.meta --insert /mnt/poseidon-data/poseidon/workflows/SOMOSPIE/SOMOSPIE_pegasus/CombinedPipeline/submit/poseidon/pegasus/somospie/run0036/00/01/register_condorpool_5_0.in",3.2,0,0,,,,,,,,,
cleanup_somospie_0_condorpool,None,auxiliary,0,1711679087.0,,,1711679092.0,,,0.0,1711679092.0,1711679097.0,,,0.0,1711679097.0,1711679102.0,5.0,,0.0,5.0,5.0,,,,,poseidon,local,poseidon-submit,pegasus::cleanup,/mnt/poseidon-data/poseidon/pegasus-5.1.0panorama/bin/pegasus-transfer,pegasus-kickstart  -n pegasus::cleanup -N null -i - -R local  -L somospie -T 2024-03-27T17:59:14+00:00 pegasus-transfer,0.3,0,0,,,,,,,,,
