,anomaly_type,type,is_clustered,ready,pre_script_start,pre_script_end,submit,stage_in_start,stage_in_end,stage_in_effective_bytes_per_sec,execute_start,execute_end,stage_out_start,stage_out_end,stage_out_effective_bytes_per_sec,post_script_start,post_script_end,wms_delay,pre_script_delay,queue_delay,runtime,post_script_delay,stage_in_delay,stage_in_bytes,stage_out_delay,stage_out_bytes,kickstart_user,kickstart_site,kickstart_hostname,kickstart_transformations,kickstart_executables,kickstart_executables_argv,kickstart_executables_cpu_time,kickstart_status,kickstart_executables_exitcode,kickstart_online_iowait,kickstart_online_bytes_read,kickstart_online_bytes_written,kickstart_online_read_system_calls,kickstart_online_write_system_calls,kickstart_online_utime,kickstart_online_stime,kickstart_online_bytes_read_per_second,kickstart_online_bytes_written_per_second
create_dir_somospie_0_condorpool,None,auxiliary,0,1712210111.0,,,1712210112.0,,,0.0,1712210116.0,1712210122.0,,,0.0,1712210122.0,1712210127.0,1.0,,4.0,6.0,5.0,,,,,poseidon,local,poseidon-submit,pegasus::dirmanager,/mnt/poseidon-data/poseidon/pegasus-5.1.0panorama/bin/pegasus-transfer,pegasus-kickstart  -n pegasus::dirmanager -N null -i - -R local  -L somospie -T 2024-03-27T17:59:14+00:00 pegasus-transfer,0.2,0,0,,,,,,,,,
get_sm_ID0000020,None,compute,0,1712210127.0,,,1712210132.0,1712210150.0,1712210173.0,29509143.4,1712210150.0,1712210192.0,1712210180.0,1712210183.0,296304.0,1712210192.0,1712210197.0,5.0,,18.0,42.0,5.0,23.0,470635724.0,3.0,945682.0,poseidon,condorpool,poseidon-worker-2-container-36-39,get_sm,/srv/get_sm,,1.9,0,0,,,,,,,,,
get_sm_ID0000021,None,compute,0,1712210127.0,,,1712210132.0,1712210150.0,1712210170.0,32603226.5,1712210150.0,1712210187.0,1712210178.0,1712210181.0,297083.0,1712210187.0,1712210192.0,5.0,,18.0,37.0,5.0,20.0,475840244.0,3.0,951505.0,poseidon,condorpool,poseidon-worker-2-container-0-3,get_sm,/srv/get_sm,,2.1,0,0,,,,,,,,,
get_sm_ID0000022,None,compute,0,1712210127.0,,,1712210132.0,1712210150.0,1712210173.0,32150055.1,1712210150.0,1712210192.0,1712210180.0,1712210183.0,298839.0,1712210192.0,1712210197.0,5.0,,18.0,42.0,5.0,23.0,475800760.0,3.0,952852.0,poseidon,condorpool,poseidon-worker-2-container-28-31,get_sm,/srv/get_sm,,2.1,0,0,,,,,,,,,
get_sm_ID0000023,None,compute,0,1712210127.0,,,1712210132.0,1712210150.0,1712210176.0,25997118.1,1712210150.0,1712210192.0,1712210183.0,1712210186.0,295307.0,1712210192.0,1712210197.0,5.0,,18.0,42.0,5.0,26.0,467398273.0,3.0,943297.0,poseidon,condorpool,poseidon-worker-1-container-40-43,get_sm,/srv/get_sm,,1.8,0,0,,,,,,,,,
get_sm_ID0000024,None,compute,0,1712210127.0,,,1712210132.0,1712210150.0,1712210170.0,36739093.0,1712210150.0,1712210187.0,1712210177.0,1712210180.0,259118.0,1712210187.0,1712210192.0,5.0,,18.0,37.0,5.0,20.0,457521962.0,3.0,830231.0,poseidon,condorpool,poseidon-worker-2-container-44-47,get_sm,/srv/get_sm,,2.0,0,0,,,,,,,,,
get_sm_ID0000025,None,compute,0,1712210127.0,,,1712210132.0,1712210150.0,1712210171.0,30693084.0,1712210150.0,1712210187.0,1712210178.0,1712210182.0,220150.0,1712210187.0,1712210192.0,5.0,,18.0,37.0,5.0,21.0,447555942.0,4.0,712778.0,poseidon,condorpool,poseidon-worker-1-container-36-39,get_sm,/srv/get_sm,,2.0,0,0,,,,,,,,,
get_sm_ID0000015,None,compute,0,1712210127.0,,,1712210132.0,1712210150.0,1712210169.0,39436410.5,1712210150.0,1712210187.0,1712210176.0,1712210180.0,171546.0,1712210187.0,1712210192.0,5.0,,18.0,37.0,5.0,19.0,440090843.0,4.0,551360.0,poseidon,condorpool,poseidon-worker-2-container-40-43,get_sm,/srv/get_sm,,2.0,0,0,,,,,,,,,
get_sm_ID0000026,None,compute,0,1712210127.0,,,1712210132.0,1712210150.0,1712210171.0,30878940.3,1712210150.0,1712210187.0,1712210178.0,1712210182.0,186903.0,1712210187.0,1712210192.0,5.0,,18.0,37.0,5.0,21.0,442257808.0,4.0,608523.0,poseidon,condorpool,poseidon-worker-1-container-28-31,get_sm,/srv/get_sm,,2.0,0,0,,,,,,,,,
get_sm_ID0000016,None,compute,0,1712210127.0,,,1712210132.0,1712210150.0,1712210170.0,35206804.8,1712210150.0,1712210187.0,1712210177.0,1712210180.0,170693.0,1712210187.0,1712210192.0,5.0,,18.0,37.0,5.0,20.0,436178789.0,3.0,550490.0,poseidon,condorpool,poseidon-worker-1-container-44-47,get_sm,/srv/get_sm,,1.9,0,0,,,,,,,,,
get_sm_ID0000017,None,compute,0,1712210127.0,,,1712210132.0,1712210150.0,1712210169.0,36719760.8,1712210150.0,1712210187.0,1712210176.0,1712210180.0,186758.0,1712210187.0,1712210192.0,5.0,,18.0,37.0,5.0,19.0,444771924.0,4.0,613264.0,poseidon,condorpool,poseidon-worker-1-container-32-35,get_sm,/srv/get_sm,,2.0,0,0,,,,,,,,,
get_sm_ID0000018,None,compute,0,1712210127.0,,,1712210132.0,1712210150.0,1712210171.0,32036363.9,1712210150.0,1712210187.0,1712210178.0,1712210182.0,224073.0,1712210187.0,1712210192.0,5.0,,18.0,37.0,5.0,21.0,449409643.0,4.0,716593.0,poseidon,condorpool,poseidon-worker-1-container-20-23,get_sm,/srv/get_sm,,1.9,0,0,,,,,,,,,
get_sm_ID0000019,None,compute,0,1712210127.0,,,1712210132.0,1712210150.0,1712210170.0,36676363.5,1712210150.0,1712210187.0,1712210177.0,1712210180.0,270372.0,1712210187.0,1712210192.0,5.0,,18.0,37.0,5.0,20.0,459739344.0,3.0,873152.0,poseidon,condorpool,poseidon-worker-1-container-24-27,get_sm,/srv/get_sm,,2.1,0,0,,,,,,,,,
merge_ID0000001,None,compute,0,1712210127.0,,,1712210132.0,1712210150.0,1712210170.0,141925548.2,1712210150.0,1712210227.0,1712210203.0,1712210217.0,91709468.0,1712210227.0,1712210232.0,5.0,,18.0,77.0,5.0,20.0,1726068480.0,14.0,1298102725.0,poseidon,condorpool,poseidon-worker-2-container-32-35,merge,/srv/merge,,41.4,0,0,0.0,979539840.0,1294400834.0,10745.0,39536.0,34.2,2.4,48976992.0,64720041.7
stage_out_local_condorpool_0_1,None,transfer,0,1712210197.0,,,1712210202.0,,,0.0,1712210202.0,1712210207.0,,,0.0,1712210207.0,1712210212.0,5.0,,0.0,5.0,5.0,,,,,poseidon,local,poseidon-submit,pegasus::transfer,/mnt/poseidon-data/poseidon/pegasus-5.1.0panorama/bin/pegasus-transfer,/home/poseidon/pegasus-5.1.0panorama/bin/../bin/pegasus-kickstart  -n pegasus::transfer -N null -i - -R local  -L somospie -T 2024-03-27T17:59:14+00:00 /home/poseidon/pegasus-5.1.0panorama/bin/../bin/pegasus-transfer  --threads 2,0.7,0,0,,,,,,,,,
register_condorpool_0_1,None,auxiliary,0,1712210212.0,,,1712210217.0,,,0.0,1712210217.0,1712210222.0,,,0.0,1712210222.0,1712210227.0,5.0,,0.0,5.0,5.0,,,,,poseidon,local,poseidon-submit,pegasus::rc-client,/mnt/poseidon-data/poseidon/pegasus-5.1.0panorama/bin/pegasus-rc-client,"-n pegasus::rc-client -N null -R local  -L somospie -T 2024-03-27T17:59:14+00:00 /home/poseidon/pegasus-5.1.0panorama/bin/pegasus-rc-client --prefix pegasus.catalog.replica.output --conf /mnt/poseidon-data/poseidon/workflows/SOMOSPIE/SOMOSPIE_pegasus/CombinedPipeline/submit/poseidon/pegasus/somospie/run0430/pegasus.2979304040182849329.properties -v --meta /mnt/poseidon-data/poseidon/workflows/SOMOSPIE/SOMOSPIE_pegasus/CombinedPipeline/submit/poseidon/pegasus/somospie/run0430/00/00/get_sm_ID0000022.meta,/mnt/poseidon-data/poseidon/workflows/SOMOSPIE/SOMOSPIE_pegasus/CombinedPipeline/submit/poseidon/pegasus/somospie/run0430/00/00/get_sm_ID0000016.meta,/mnt/poseidon-data/poseidon/workflows/SOMOSPIE/SOMOSPIE_pegasus/CombinedPipeline/submit/poseidon/pegasus/somospie/run0430/00/00/get_sm_ID0000026.meta,/mnt/poseidon-data/poseidon/workflows/SOMOSPIE/SOMOSPIE_pegasus/CombinedPipeline/submit/poseidon/pegasus/somospie/run0430/00/00/get_sm_ID0000019.meta,/mnt/poseidon-data/poseidon/workflows/SOMOSPIE/SOMOSPIE_pegasus/CombinedPipeline/submit/poseidon/pegasus/somospie/run0430/00/00/get_sm_ID0000020.meta,/mnt/poseidon-data/poseidon/workflows/SOMOSPIE/SOMOSPIE_pegasus/CombinedPipeline/submit/poseidon/pegasus/somospie/run0430/00/00/get_sm_ID0000024.meta --insert /mnt/poseidon-data/poseidon/workflows/SOMOSPIE/SOMOSPIE_pegasus/CombinedPipeline/submit/poseidon/pegasus/somospie/run0430/00/00/register_condorpool_0_1.in",2.8,0,0,,,,,,,,,
stage_out_local_condorpool_0_0,None,transfer,0,1712210232.0,,,1712210237.0,,,0.0,1712210237.0,1712210247.0,,,0.0,1712210247.0,1712210252.0,5.0,,0.0,10.0,5.0,,,,,poseidon,local,poseidon-submit,pegasus::transfer,/mnt/poseidon-data/poseidon/pegasus-5.1.0panorama/bin/pegasus-transfer,/home/poseidon/pegasus-5.1.0panorama/bin/../bin/pegasus-kickstart  -n pegasus::transfer -N null -i - -R local  -L somospie -T 2024-03-27T17:59:14+00:00 /home/poseidon/pegasus-5.1.0panorama/bin/../bin/pegasus-transfer  --threads 2,3.9,0,0,,,,,,,,,
reproject_ID0000011,None,compute,0,1712210232.0,,,1712210237.0,1712210238.0,1712210259.0,132355540.3,1712210238.0,1712210317.0,1712210296.0,1712210310.0,91391169.0,1712210317.0,1712210322.0,5.0,,1.0,79.0,5.0,21.0,1696973136.0,14.0,1298118839.0,poseidon,condorpool,poseidon-worker-2-container-32-35,reproject,/srv/reproject,,56.4,0,0,0.0,1307380751.0,1294204225.0,17654.0,39529.0,43.9,3.4,65369037.5,64710211.2
reproject_ID0000002,None,compute,0,1712210232.0,,,1712210237.0,1712210244.0,1712210262.0,143231504.9,1712210243.0,1712210317.0,1712210299.0,1712210311.0,88989955.0,1712210317.0,1712210322.0,5.0,,6.0,74.0,5.0,18.0,1696973986.0,12.0,1125581407.0,poseidon,condorpool,poseidon-worker-2-container-36-39,reproject,/srv/reproject,,53.8,0,0,0.0,1443826918.0,898871999.0,47965.0,27462.0,40.5,4.5,72191345.9,44943600.0
register_condorpool_0_0,None,auxiliary,0,1712210252.0,,,1712210257.0,,,0.0,1712210257.0,1712210262.0,,,0.0,1712210262.0,1712210267.0,5.0,,0.0,5.0,5.0,,,,,poseidon,local,poseidon-submit,pegasus::rc-client,/mnt/poseidon-data/poseidon/pegasus-5.1.0panorama/bin/pegasus-rc-client,"-n pegasus::rc-client -N null -R local  -L somospie -T 2024-03-27T17:59:14+00:00 /home/poseidon/pegasus-5.1.0panorama/bin/pegasus-rc-client --prefix pegasus.catalog.replica.output --conf /mnt/poseidon-data/poseidon/workflows/SOMOSPIE/SOMOSPIE_pegasus/CombinedPipeline/submit/poseidon/pegasus/somospie/run0430/pegasus.2979304040182849329.properties -v --meta /mnt/poseidon-data/poseidon/workflows/SOMOSPIE/SOMOSPIE_pegasus/CombinedPipeline/submit/poseidon/pegasus/somospie/run0430/00/00/get_sm_ID0000017.meta,/mnt/poseidon-data/poseidon/workflows/SOMOSPIE/SOMOSPIE_pegasus/CombinedPipeline/submit/poseidon/pegasus/somospie/run0430/00/00/get_sm_ID0000025.meta,/mnt/poseidon-data/poseidon/workflows/SOMOSPIE/SOMOSPIE_pegasus/CombinedPipeline/submit/poseidon/pegasus/somospie/run0430/00/00/get_sm_ID0000015.meta,/mnt/poseidon-data/poseidon/workflows/SOMOSPIE/SOMOSPIE_pegasus/CombinedPipeline/submit/poseidon/pegasus/somospie/run0430/00/00/merge_ID0000001.meta,/mnt/poseidon-data/poseidon/workflows/SOMOSPIE/SOMOSPIE_pegasus/CombinedPipeline/submit/poseidon/pegasus/somospie/run0430/00/00/get_sm_ID0000021.meta,/mnt/poseidon-data/poseidon/workflows/SOMOSPIE/SOMOSPIE_pegasus/CombinedPipeline/submit/poseidon/pegasus/somospie/run0430/00/00/get_sm_ID0000023.meta,/mnt/poseidon-data/poseidon/workflows/SOMOSPIE/SOMOSPIE_pegasus/CombinedPipeline/submit/poseidon/pegasus/somospie/run0430/00/00/get_sm_ID0000018.meta --insert /mnt/poseidon-data/poseidon/workflows/SOMOSPIE/SOMOSPIE_pegasus/CombinedPipeline/submit/poseidon/pegasus/somospie/run0430/00/00/register_condorpool_0_0.in",2.9,0,0,,,,,,,,,
stage_out_local_condorpool_1_0,None,transfer,0,1712210322.0,,,1712210327.0,,,0.0,1712210327.0,1712210337.0,,,0.0,1712210337.0,1712210342.0,5.0,,0.0,10.0,5.0,,,,,poseidon,local,poseidon-submit,pegasus::transfer,/mnt/poseidon-data/poseidon/pegasus-5.1.0panorama/bin/pegasus-transfer,/home/poseidon/pegasus-5.1.0panorama/bin/../bin/pegasus-kickstart  -n pegasus::transfer -N null -i - -R local  -L somospie -T 2024-03-27T17:59:14+00:00 /home/poseidon/pegasus-5.1.0panorama/bin/../bin/pegasus-transfer  --threads 2,6.5,0,0,,,,,,,,,
crop_ID0000009,None,compute,0,1712210322.0,,,1712210327.0,1712210328.0,1712210347.0,132939918.5,1712210327.0,1712210372.0,1712210358.0,1712210362.0,24046040.0,1712210372.0,1712210377.0,5.0,,0.0,45.0,5.0,19.0,1524452582.0,4.0,99654844.0,poseidon,condorpool,poseidon-worker-2-container-32-35,crop,/srv/crop,,3.0,0,0,,,,,,,,,
crop_ID0000007,None,compute,0,1712210322.0,,,1712210327.0,1712210328.0,1712210347.0,133731715.4,1712210327.0,1712210372.0,1712210360.0,1712210365.0,40466641.0,1712210372.0,1712210377.0,5.0,,0.0,45.0,5.0,19.0,1524452582.0,5.0,194227221.0,poseidon,condorpool,poseidon-worker-2-container-36-39,crop,/srv/crop,,4.2,0,0,,,,,,,,,
crop_ID0000005,None,compute,0,1712210322.0,,,1712210327.0,1712210343.0,1712210361.0,143847535.7,1712210343.0,1712210382.0,1712210371.0,1712210374.0,1317823.0,1712210382.0,1712210387.0,5.0,,16.0,39.0,5.0,18.0,1524452582.0,3.0,4263385.0,poseidon,condorpool,poseidon-worker-2-container-36-39,crop,/srv/crop,,1.9,0,0,,,,,,,,,
crop_ID0000003,None,compute,0,1712210322.0,,,1712210327.0,1712210343.0,1712210361.0,144808886.3,1712210343.0,1712210382.0,1712210371.0,1712210374.0,789858.0,1712210382.0,1712210387.0,5.0,,16.0,39.0,5.0,18.0,1524452582.0,3.0,2530349.0,poseidon,condorpool,poseidon-worker-2-container-32-35,crop,/srv/crop,,2.0,0,0,,,,,,,,,
register_condorpool_1_0,None,auxiliary,0,1712210342.0,,,1712210347.0,,,0.0,1712210348.0,1712210352.0,,,0.0,1712210352.0,1712210357.0,5.0,,1.0,4.0,5.0,,,,,poseidon,local,poseidon-submit,pegasus::rc-client,/mnt/poseidon-data/poseidon/pegasus-5.1.0panorama/bin/pegasus-rc-client,"-n pegasus::rc-client -N null -R local  -L somospie -T 2024-03-27T17:59:14+00:00 /home/poseidon/pegasus-5.1.0panorama/bin/pegasus-rc-client --prefix pegasus.catalog.replica.output --conf /mnt/poseidon-data/poseidon/workflows/SOMOSPIE/SOMOSPIE_pegasus/CombinedPipeline/submit/poseidon/pegasus/somospie/run0430/pegasus.2979304040182849329.properties -v --meta /mnt/poseidon-data/poseidon/workflows/SOMOSPIE/SOMOSPIE_pegasus/CombinedPipeline/submit/poseidon/pegasus/somospie/run0430/00/00/reproject_ID0000002.meta,/mnt/poseidon-data/poseidon/workflows/SOMOSPIE/SOMOSPIE_pegasus/CombinedPipeline/submit/poseidon/pegasus/somospie/run0430/00/00/reproject_ID0000011.meta --insert /mnt/poseidon-data/poseidon/workflows/SOMOSPIE/SOMOSPIE_pegasus/CombinedPipeline/submit/poseidon/pegasus/somospie/run0430/00/00/register_condorpool_1_0.in",2.8,0,0,,,,,,,,,
compute_ID0000010,None,compute,0,1712210377.0,,,1712210382.0,1712210383.0,1712210397.0,68963566.3,1712210382.0,1712210427.0,1712210415.0,1712210421.0,46083483.0,1712210427.0,1712210432.0,5.0,,0.0,45.0,5.0,14.0,498525556.0,6.0,250017804.0,poseidon,condorpool,poseidon-worker-2-container-32-35,compute,/srv/compute,,12.3,0,0,0.0,295532824.0,239539941.0,4336.0,7336.0,9.1,0.9,29553282.4,23953994.1
compute_ID0000008,None,compute,0,1712210377.0,,,1712210382.0,1712210383.0,1712210398.0,76789542.4,1712210382.0,1712210437.0,1712210422.0,1712210429.0,67815571.0,1712210437.0,1712210442.0,5.0,,0.0,55.0,5.0,15.0,593097933.0,7.0,506706062.0,poseidon,condorpool,poseidon-worker-2-container-36-39,compute,/srv/compute,,18.1,0,0,0.0,313093704.0,339651682.0,4026.0,10382.0,9.1,0.8,31309370.4,33965168.2
stage_out_local_condorpool_2_0,None,transfer,0,1712210387.0,,,1712210392.0,,,0.0,1712210392.0,1712210397.0,,,0.0,1712210397.0,1712210402.0,5.0,,0.0,5.0,5.0,,,,,poseidon,local,poseidon-submit,pegasus::transfer,/mnt/poseidon-data/poseidon/pegasus-5.1.0panorama/bin/pegasus-transfer,/home/poseidon/pegasus-5.1.0panorama/bin/../bin/pegasus-kickstart  -n pegasus::transfer -N null -i - -R local  -L somospie -T 2024-03-27T17:59:14+00:00 /home/poseidon/pegasus-5.1.0panorama/bin/../bin/pegasus-transfer  --threads 2,1.3,0,0,,,,,,,,,
compute_ID0000004,None,compute,0,1712210387.0,,,1712210392.0,1712210403.0,1712210417.0,62011335.3,1712210402.0,1712210437.0,1712210427.0,1712210430.0,1613080.0,1712210437.0,1712210442.0,5.0,,10.0,35.0,5.0,14.0,401401061.0,3.0,5326886.0,poseidon,condorpool,poseidon-worker-2-container-0-3,compute,/srv/compute,,5.0,0,0,,,,,,,,,
compute_ID0000006,None,compute,0,1712210387.0,,,1712210392.0,1712210403.0,1712210417.0,62089901.3,1712210402.0,1712210437.0,1712210427.0,1712210430.0,2908169.0,1712210437.0,1712210442.0,5.0,,10.0,35.0,5.0,14.0,403134097.0,3.0,9696865.0,poseidon,condorpool,poseidon-worker-2-container-28-31,compute,/srv/compute,,5.4,0,0,,,,,,,,,
register_condorpool_2_0,None,auxiliary,0,1712210402.0,,,1712210407.0,,,0.0,1712210407.0,1712210412.0,,,0.0,1712210412.0,1712210417.0,5.0,,0.0,5.0,5.0,,,,,poseidon,local,poseidon-submit,pegasus::rc-client,/mnt/poseidon-data/poseidon/pegasus-5.1.0panorama/bin/pegasus-rc-client,"-n pegasus::rc-client -N null -R local  -L somospie -T 2024-03-27T17:59:14+00:00 /home/poseidon/pegasus-5.1.0panorama/bin/pegasus-rc-client --prefix pegasus.catalog.replica.output --conf /mnt/poseidon-data/poseidon/workflows/SOMOSPIE/SOMOSPIE_pegasus/CombinedPipeline/submit/poseidon/pegasus/somospie/run0430/pegasus.2979304040182849329.properties -v --meta /mnt/poseidon-data/poseidon/workflows/SOMOSPIE/SOMOSPIE_pegasus/CombinedPipeline/submit/poseidon/pegasus/somospie/run0430/00/00/crop_ID0000003.meta,/mnt/poseidon-data/poseidon/workflows/SOMOSPIE/SOMOSPIE_pegasus/CombinedPipeline/submit/poseidon/pegasus/somospie/run0430/00/00/crop_ID0000009.meta,/mnt/poseidon-data/poseidon/workflows/SOMOSPIE/SOMOSPIE_pegasus/CombinedPipeline/submit/poseidon/pegasus/somospie/run0430/00/00/crop_ID0000005.meta,/mnt/poseidon-data/poseidon/workflows/SOMOSPIE/SOMOSPIE_pegasus/CombinedPipeline/submit/poseidon/pegasus/somospie/run0430/00/00/crop_ID0000007.meta --insert /mnt/poseidon-data/poseidon/workflows/SOMOSPIE/SOMOSPIE_pegasus/CombinedPipeline/submit/poseidon/pegasus/somospie/run0430/00/00/register_condorpool_2_0.in",2.9,0,0,,,,,,,,,
stage_out_local_condorpool_3_0,None,transfer,0,1712210442.0,,,1712210447.0,,,0.0,1712210447.0,1712210457.0,,,0.0,1712210457.0,1712210462.0,5.0,,0.0,10.0,5.0,,,,,poseidon,local,poseidon-submit,pegasus::transfer,/mnt/poseidon-data/poseidon/pegasus-5.1.0panorama/bin/pegasus-transfer,/home/poseidon/pegasus-5.1.0panorama/bin/../bin/pegasus-kickstart  -n pegasus::transfer -N null -i - -R local  -L somospie -T 2024-03-27T17:59:14+00:00 /home/poseidon/pegasus-5.1.0panorama/bin/../bin/pegasus-transfer  --threads 2,3.0,0,0,,,,,,,,,
merge_avg_ID0000014,None,compute,0,1712210442.0,,,1712210447.0,1712210448.0,1712210464.0,80689553.5,1712210447.0,1712210522.0,1712210506.0,1712210512.0,53717612.0,1712210522.0,1712210527.0,5.0,,0.0,75.0,5.0,16.0,737559838.0,6.0,309527239.0,poseidon,condorpool,poseidon-worker-2-container-0-3,merge_avg,/srv/merge_avg,,45.9,0,0,0.0,1070115606.0,668667322.0,47572.0,20514.0,22.6,6.3,35670520.2,22288910.7
merge_avg_ID0000012,None,compute,0,1712210442.0,,,1712210447.0,1712210448.0,1712210464.0,83210956.5,1712210447.0,1712210517.0,1712210503.0,1712210509.0,53400499.0,1712210517.0,1712210522.0,5.0,,0.0,70.0,5.0,16.0,731979063.0,6.0,304811410.0,poseidon,condorpool,poseidon-worker-2-container-28-31,merge_avg,/srv/merge_avg,,45.6,0,0,0.0,1150995334.0,671039321.0,47757.0,20602.0,27.7,7.0,38366511.1,22367977.4
merge_avg_ID0000013,None,compute,0,1712210442.0,,,1712210447.0,1712210448.0,1712210464.0,58242352.4,1712210447.0,1712210512.0,1712210501.0,1712210505.0,23891081.0,1712210512.0,1712210517.0,5.0,,0.0,65.0,5.0,16.0,498824437.0,4.0,98388765.0,poseidon,condorpool,poseidon-worker-2-container-32-35,merge_avg,/srv/merge_avg,,42.0,0,0,0.0,459739407.0,226592527.0,49989.0,7042.0,27.2,7.3,15324646.9,7553084.2
register_condorpool_3_0,None,auxiliary,0,1712210462.0,,,1712210467.0,,,0.0,1712210467.0,1712210472.0,,,0.0,1712210472.0,1712210477.0,5.0,,0.0,5.0,5.0,,,,,poseidon,local,poseidon-submit,pegasus::rc-client,/mnt/poseidon-data/poseidon/pegasus-5.1.0panorama/bin/pegasus-rc-client,"-n pegasus::rc-client -N null -R local  -L somospie -T 2024-03-27T17:59:14+00:00 /home/poseidon/pegasus-5.1.0panorama/bin/pegasus-rc-client --prefix pegasus.catalog.replica.output --conf /mnt/poseidon-data/poseidon/workflows/SOMOSPIE/SOMOSPIE_pegasus/CombinedPipeline/submit/poseidon/pegasus/somospie/run0430/pegasus.2979304040182849329.properties -v --meta /mnt/poseidon-data/poseidon/workflows/SOMOSPIE/SOMOSPIE_pegasus/CombinedPipeline/submit/poseidon/pegasus/somospie/run0430/00/00/compute_ID0000008.meta,/mnt/poseidon-data/poseidon/workflows/SOMOSPIE/SOMOSPIE_pegasus/CombinedPipeline/submit/poseidon/pegasus/somospie/run0430/00/00/compute_ID0000006.meta,/mnt/poseidon-data/poseidon/workflows/SOMOSPIE/SOMOSPIE_pegasus/CombinedPipeline/submit/poseidon/pegasus/somospie/run0430/00/00/compute_ID0000010.meta,/mnt/poseidon-data/poseidon/workflows/SOMOSPIE/SOMOSPIE_pegasus/CombinedPipeline/submit/poseidon/pegasus/somospie/run0430/00/00/compute_ID0000004.meta --insert /mnt/poseidon-data/poseidon/workflows/SOMOSPIE/SOMOSPIE_pegasus/CombinedPipeline/submit/poseidon/pegasus/somospie/run0430/00/00/register_condorpool_3_0.in",2.9,0,0,,,,,,,,,
generate_eval_ID0000039,None,compute,0,1712210527.0,,,1712210532.0,1712210548.0,1712210578.0,104335655.9,1712210547.0,1712210607.0,1712210596.0,1712210600.0,2756032.0,1712210607.0,1712210612.0,5.0,,15.0,60.0,5.0,30.0,2410452250.0,4.0,9068473.0,poseidon,condorpool,poseidon-worker-1-container-24-27,generate_eval,/srv/generate_eval,,7.9,0,0,,,,,,,,,
generate_train_ID0000032,None,compute,0,1712210527.0,,,1712210532.0,1712210548.0,1712210571.0,155974960.5,1712210547.0,1712210592.0,1712210582.0,1712210585.0,393378.0,1712210592.0,1712210597.0,5.0,,15.0,45.0,5.0,23.0,2411396929.0,3.0,1265871.0,poseidon,condorpool,poseidon-worker-1-container-20-23,generate_train,/srv/generate_train,,0.8,0,0,,,,,,,,,
generate_eval_ID0000042,None,compute,0,1712210527.0,,,1712210532.0,1712210548.0,1712210577.0,110416185.9,1712210547.0,1712210612.0,1712210600.0,1712210605.0,46165811.0,1712210612.0,1712210617.0,5.0,,15.0,65.0,5.0,29.0,2410452250.0,5.0,240602325.0,poseidon,condorpool,poseidon-worker-1-container-32-35,generate_eval,/srv/generate_eval,,11.6,0,0,0.0,238545022.0,238172429.0,4132.0,7310.0,9.1,0.9,23854502.2,23817242.9
generate_train_ID0000031,None,compute,0,1712210527.0,,,1712210532.0,1712210548.0,1712210575.0,119986515.5,1712210547.0,1712210597.0,1712210587.0,1712210590.0,366103.0,1712210597.0,1712210602.0,5.0,,15.0,50.0,5.0,27.0,2411324399.0,3.0,1175014.0,poseidon,condorpool,poseidon-worker-1-container-44-47,generate_train,/srv/generate_train,,0.8,0,0,,,,,,,,,
generate_train_ID0000030,None,compute,0,1712210527.0,,,1712210532.0,1712210548.0,1712210582.0,90767420.7,1712210547.0,1712210602.0,1712210592.0,1712210596.0,302379.0,1712210602.0,1712210607.0,5.0,,15.0,55.0,5.0,34.0,2411167840.0,4.0,973028.0,poseidon,condorpool,poseidon-worker-1-container-28-31,generate_train,/srv/generate_train,,0.8,0,0,,,,,,,,,
generate_eval_ID0000040,None,compute,0,1712210527.0,,,1712210532.0,1712210548.0,1712210574.0,129259736.7,1712210547.0,1712210602.0,1712210592.0,1712210595.0,2535216.0,1712210602.0,1712210607.0,5.0,,15.0,55.0,5.0,26.0,2410452250.0,3.0,8350187.0,poseidon,condorpool,poseidon-worker-2-container-40-43,generate_eval,/srv/generate_eval,,8.0,0,0,,,,,,,,,
generate_eval_ID0000041,None,compute,0,1712210527.0,,,1712210532.0,1712210548.0,1712210571.0,155245957.7,1712210547.0,1712210617.0,1712210599.0,1712210607.0,70950730.0,1712210617.0,1712210622.0,5.0,,15.0,70.0,5.0,23.0,2410452250.0,8.0,561272484.0,poseidon,condorpool,poseidon-worker-1-container-36-39,generate_eval,/srv/generate_eval,,15.7,0,0,0.1,341510187.0,325204230.0,4704.0,9960.0,9.1,0.8,34151018.7,32520423.0
generate_train_ID0000036,None,compute,0,1712210527.0,,,1712210532.0,1712210548.0,1712210577.0,111783153.4,1712210547.0,1712210597.0,1712210588.0,1712210591.0,350426.0,1712210597.0,1712210602.0,5.0,,15.0,50.0,5.0,29.0,2411281478.0,3.0,1118721.0,poseidon,condorpool,poseidon-worker-2-container-44-47,generate_train,/srv/generate_train,,0.9,0,0,,,,,,,,,
generate_train_ID0000034,None,compute,0,1712210527.0,,,1712210532.0,1712210548.0,1712210583.0,90605366.7,1712210547.0,1712210607.0,1712210594.0,1712210597.0,395454.0,1712210607.0,1712210612.0,5.0,,15.0,60.0,5.0,35.0,2411404099.0,3.0,1275159.0,poseidon,condorpool,poseidon-worker-2-container-36-39,generate_train,/srv/generate_train,,0.8,0,0,,,,,,,,,
generate_train_ID0000033,None,compute,0,1712210527.0,,,1712210532.0,1712210548.0,1712210575.0,123447908.2,1712210547.0,1712210597.0,1712210586.0,1712210589.0,399506.0,1712210597.0,1712210602.0,5.0,,15.0,50.0,5.0,27.0,2411402752.0,3.0,1274805.0,poseidon,condorpool,poseidon-worker-2-container-32-35,generate_train,/srv/generate_train,,0.9,0,0,,,,,,,,,
generate_train_ID0000029,None,compute,0,1712210527.0,,,1712210532.0,1712210548.0,1712210584.0,85408777.1,1712210547.0,1712210607.0,1712210595.0,1712210598.0,263724.0,1712210607.0,1712210612.0,5.0,,15.0,60.0,5.0,36.0,2411064511.0,3.0,843408.0,poseidon,condorpool,poseidon-worker-2-container-28-31,generate_train,/srv/generate_train,,0.9,0,0,,,,,,,,,
generate_train_ID0000028,None,compute,0,1712210527.0,,,1712210532.0,1712210548.0,1712210576.0,117239119.8,1712210547.0,1712210597.0,1712210587.0,1712210590.0,235213.0,1712210597.0,1712210602.0,5.0,,15.0,50.0,5.0,28.0,2411001737.0,3.0,762584.0,poseidon,condorpool,poseidon-worker-2-container-0-3,generate_train,/srv/generate_train,,0.8,0,0,,,,,,,,,
stage_out_local_condorpool_4_0,None,transfer,0,1712210527.0,,,1712210532.0,,,0.0,1712210532.0,1712210537.0,,,0.0,1712210537.0,1712210542.0,5.0,,0.0,5.0,5.0,,,,,poseidon,local,poseidon-submit,pegasus::transfer,/mnt/poseidon-data/poseidon/pegasus-5.1.0panorama/bin/pegasus-transfer,/home/poseidon/pegasus-5.1.0panorama/bin/../bin/pegasus-kickstart  -n pegasus::transfer -N null -i - -R local  -L somospie -T 2024-03-27T17:59:14+00:00 /home/poseidon/pegasus-5.1.0panorama/bin/../bin/pegasus-transfer  --threads 2,2.1,0,0,,,,,,,,,
generate_train_ID0000027,None,compute,0,1712210527.0,,,1712210532.0,1712210533.0,1712210563.0,105225404.7,1712210532.0,1712210587.0,1712210574.0,1712210577.0,229969.0,1712210587.0,1712210592.0,5.0,,0.0,55.0,5.0,30.0,2411002607.0,3.0,764017.0,poseidon,condorpool,poseidon-worker-2-container-32-35,generate_train,/srv/generate_train,,0.9,0,0,,,,,,,,,
generate_train_ID0000038,None,compute,0,1712210527.0,,,1712210532.0,1712210533.0,1712210560.0,120853876.6,1712210532.0,1712210582.0,1712210571.0,1712210575.0,257314.0,1712210582.0,1712210587.0,5.0,,0.0,50.0,5.0,27.0,2411059770.0,4.0,837547.0,poseidon,condorpool,poseidon-worker-2-container-28-31,generate_train,/srv/generate_train,,0.9,0,0,,,,,,,,,
generate_train_ID0000037,None,compute,0,1712210527.0,,,1712210532.0,1712210533.0,1712210559.0,126507409.3,1712210532.0,1712210582.0,1712210570.0,1712210574.0,283787.0,1712210582.0,1712210587.0,5.0,,0.0,50.0,5.0,26.0,2411164025.0,4.0,969901.0,poseidon,condorpool,poseidon-worker-2-container-0-3,generate_train,/srv/generate_train,,0.8,0,0,,,,,,,,,
generate_train_ID0000035,None,compute,0,1712210527.0,,,1712210532.0,1712210548.0,1712210574.0,131014930.0,1712210547.0,1712210597.0,1712210585.0,1712210588.0,394920.0,1712210597.0,1712210602.0,5.0,,15.0,50.0,5.0,26.0,2411394544.0,3.0,1261244.0,poseidon,condorpool,poseidon-worker-1-container-40-43,generate_train,/srv/generate_train,,0.9,0,0,,,,,,,,,
register_condorpool_4_0,None,auxiliary,0,1712210542.0,,,1712210547.0,,,0.0,1712210552.0,1712210557.0,,,0.0,1712210557.0,1712210562.0,5.0,,5.0,5.0,5.0,,,,,poseidon,local,poseidon-submit,pegasus::rc-client,/mnt/poseidon-data/poseidon/pegasus-5.1.0panorama/bin/pegasus-rc-client,"-n pegasus::rc-client -N null -R local  -L somospie -T 2024-03-27T17:59:14+00:00 /home/poseidon/pegasus-5.1.0panorama/bin/pegasus-rc-client --prefix pegasus.catalog.replica.output --conf /mnt/poseidon-data/poseidon/workflows/SOMOSPIE/SOMOSPIE_pegasus/CombinedPipeline/submit/poseidon/pegasus/somospie/run0430/pegasus.2979304040182849329.properties -v --meta /mnt/poseidon-data/poseidon/workflows/SOMOSPIE/SOMOSPIE_pegasus/CombinedPipeline/submit/poseidon/pegasus/somospie/run0430/00/00/merge_avg_ID0000013.meta,/mnt/poseidon-data/poseidon/workflows/SOMOSPIE/SOMOSPIE_pegasus/CombinedPipeline/submit/poseidon/pegasus/somospie/run0430/00/00/merge_avg_ID0000012.meta,/mnt/poseidon-data/poseidon/workflows/SOMOSPIE/SOMOSPIE_pegasus/CombinedPipeline/submit/poseidon/pegasus/somospie/run0430/00/00/merge_avg_ID0000014.meta --insert /mnt/poseidon-data/poseidon/workflows/SOMOSPIE/SOMOSPIE_pegasus/CombinedPipeline/submit/poseidon/pegasus/somospie/run0430/00/00/register_condorpool_4_0.in",2.9,0,0,,,,,,,,,
stage_out_local_condorpool_5_0,None,transfer,0,1712210622.0,,,1712210627.0,,,0.0,1712210627.0,1712210637.0,,,0.0,1712210637.0,1712210642.0,5.0,,0.0,10.0,5.0,,,,,poseidon,local,poseidon-submit,pegasus::transfer,/mnt/poseidon-data/poseidon/pegasus-5.1.0panorama/bin/pegasus-transfer,/home/poseidon/pegasus-5.1.0panorama/bin/../bin/pegasus-kickstart  -n pegasus::transfer -N null -i - -R local  -L somospie -T 2024-03-27T17:59:14+00:00 /home/poseidon/pegasus-5.1.0panorama/bin/../bin/pegasus-transfer  --threads 2,3.5,0,0,,,,,,,,,
stage_out_local_condorpool_5_1,None,transfer,0,1712210622.0,,,1712210627.0,,,0.0,1712210627.0,1712210632.0,,,0.0,1712210632.0,1712210637.0,5.0,,0.0,5.0,5.0,,,,,poseidon,local,poseidon-submit,pegasus::transfer,/mnt/poseidon-data/poseidon/pegasus-5.1.0panorama/bin/pegasus-transfer,/home/poseidon/pegasus-5.1.0panorama/bin/../bin/pegasus-kickstart  -n pegasus::transfer -N null -i - -R local  -L somospie -T 2024-03-27T17:59:14+00:00 /home/poseidon/pegasus-5.1.0panorama/bin/../bin/pegasus-transfer  --threads 2,1.5,0,0,,,,,,,,,
register_condorpool_5_1,None,auxiliary,0,1712210637.0,,,1712210642.0,,,0.0,1712210642.0,1712210647.0,,,0.0,1712210647.0,1712210652.0,5.0,,0.0,5.0,5.0,,,,,poseidon,local,poseidon-submit,pegasus::rc-client,/mnt/poseidon-data/poseidon/pegasus-5.1.0panorama/bin/pegasus-rc-client,"-n pegasus::rc-client -N null -R local  -L somospie -T 2024-03-27T17:59:14+00:00 /home/poseidon/pegasus-5.1.0panorama/bin/pegasus-rc-client --prefix pegasus.catalog.replica.output --conf /mnt/poseidon-data/poseidon/workflows/SOMOSPIE/SOMOSPIE_pegasus/CombinedPipeline/submit/poseidon/pegasus/somospie/run0430/pegasus.2979304040182849329.properties -v --meta /mnt/poseidon-data/poseidon/workflows/SOMOSPIE/SOMOSPIE_pegasus/CombinedPipeline/submit/poseidon/pegasus/somospie/run0430/00/00/generate_train_ID0000028.meta,/mnt/poseidon-data/poseidon/workflows/SOMOSPIE/SOMOSPIE_pegasus/CombinedPipeline/submit/poseidon/pegasus/somospie/run0430/00/00/generate_train_ID0000027.meta,/mnt/poseidon-data/poseidon/workflows/SOMOSPIE/SOMOSPIE_pegasus/CombinedPipeline/submit/poseidon/pegasus/somospie/run0430/00/00/generate_train_ID0000038.meta,/mnt/poseidon-data/poseidon/workflows/SOMOSPIE/SOMOSPIE_pegasus/CombinedPipeline/submit/poseidon/pegasus/somospie/run0430/00/00/generate_train_ID0000033.meta,/mnt/poseidon-data/poseidon/workflows/SOMOSPIE/SOMOSPIE_pegasus/CombinedPipeline/submit/poseidon/pegasus/somospie/run0430/00/01/generate_train_ID0000030.meta,/mnt/poseidon-data/poseidon/workflows/SOMOSPIE/SOMOSPIE_pegasus/CombinedPipeline/submit/poseidon/pegasus/somospie/run0430/00/01/generate_eval_ID0000041.meta,/mnt/poseidon-data/poseidon/workflows/SOMOSPIE/SOMOSPIE_pegasus/CombinedPipeline/submit/poseidon/pegasus/somospie/run0430/00/01/generate_train_ID0000031.meta,/mnt/poseidon-data/poseidon/workflows/SOMOSPIE/SOMOSPIE_pegasus/CombinedPipeline/submit/poseidon/pegasus/somospie/run0430/00/01/generate_train_ID0000032.meta,/mnt/poseidon-data/poseidon/workflows/SOMOSPIE/SOMOSPIE_pegasus/CombinedPipeline/submit/poseidon/pegasus/somospie/run0430/00/00/generate_train_ID0000037.meta,/mnt/poseidon-data/poseidon/workflows/SOMOSPIE/SOMOSPIE_pegasus/CombinedPipeline/submit/poseidon/pegasus/somospie/run0430/00/01/generate_eval_ID0000040.meta,/mnt/poseidon-data/poseidon/workflows/SOMOSPIE/SOMOSPIE_pegasus/CombinedPipeline/submit/poseidon/pegasus/somospie/run0430/00/01/generate_eval_ID0000039.meta,/mnt/poseidon-data/poseidon/workflows/SOMOSPIE/SOMOSPIE_pegasus/CombinedPipeline/submit/poseidon/pegasus/somospie/run0430/00/00/generate_train_ID0000034.meta,/mnt/poseidon-data/poseidon/workflows/SOMOSPIE/SOMOSPIE_pegasus/CombinedPipeline/submit/poseidon/pegasus/somospie/run0430/00/01/generate_train_ID0000035.meta,/mnt/poseidon-data/poseidon/workflows/SOMOSPIE/SOMOSPIE_pegasus/CombinedPipeline/submit/poseidon/pegasus/somospie/run0430/00/01/generate_train_ID0000036.meta,/mnt/poseidon-data/poseidon/workflows/SOMOSPIE/SOMOSPIE_pegasus/CombinedPipeline/submit/poseidon/pegasus/somospie/run0430/00/01/generate_eval_ID0000042.meta,/mnt/poseidon-data/poseidon/workflows/SOMOSPIE/SOMOSPIE_pegasus/CombinedPipeline/submit/poseidon/pegasus/somospie/run0430/00/00/generate_train_ID0000029.meta --insert /mnt/poseidon-data/poseidon/workflows/SOMOSPIE/SOMOSPIE_pegasus/CombinedPipeline/submit/poseidon/pegasus/somospie/run0430/00/01/register_condorpool_5_1.in",2.9,0,0,,,,,,,,,
register_condorpool_5_0,None,auxiliary,0,1712210642.0,,,1712210652.0,,,0.0,1712210652.0,1712210657.0,,,0.0,1712210657.0,1712210662.0,10.0,,0.0,5.0,5.0,,,,,poseidon,local,poseidon-submit,pegasus::rc-client,/mnt/poseidon-data/poseidon/pegasus-5.1.0panorama/bin/pegasus-rc-client,"-n pegasus::rc-client -N null -R local  -L somospie -T 2024-03-27T17:59:14+00:00 /home/poseidon/pegasus-5.1.0panorama/bin/pegasus-rc-client --prefix pegasus.catalog.replica.output --conf /mnt/poseidon-data/poseidon/workflows/SOMOSPIE/SOMOSPIE_pegasus/CombinedPipeline/submit/poseidon/pegasus/somospie/run0430/pegasus.2979304040182849329.properties -v --meta /mnt/poseidon-data/poseidon/workflows/SOMOSPIE/SOMOSPIE_pegasus/CombinedPipeline/submit/poseidon/pegasus/somospie/run0430/00/00/generate_train_ID0000028.meta,/mnt/poseidon-data/poseidon/workflows/SOMOSPIE/SOMOSPIE_pegasus/CombinedPipeline/submit/poseidon/pegasus/somospie/run0430/00/00/generate_train_ID0000027.meta,/mnt/poseidon-data/poseidon/workflows/SOMOSPIE/SOMOSPIE_pegasus/CombinedPipeline/submit/poseidon/pegasus/somospie/run0430/00/00/generate_train_ID0000038.meta,/mnt/poseidon-data/poseidon/workflows/SOMOSPIE/SOMOSPIE_pegasus/CombinedPipeline/submit/poseidon/pegasus/somospie/run0430/00/00/generate_train_ID0000033.meta,/mnt/poseidon-data/poseidon/workflows/SOMOSPIE/SOMOSPIE_pegasus/CombinedPipeline/submit/poseidon/pegasus/somospie/run0430/00/01/generate_train_ID0000030.meta,/mnt/poseidon-data/poseidon/workflows/SOMOSPIE/SOMOSPIE_pegasus/CombinedPipeline/submit/poseidon/pegasus/somospie/run0430/00/01/generate_eval_ID0000041.meta,/mnt/poseidon-data/poseidon/workflows/SOMOSPIE/SOMOSPIE_pegasus/CombinedPipeline/submit/poseidon/pegasus/somospie/run0430/00/01/generate_train_ID0000031.meta,/mnt/poseidon-data/poseidon/workflows/SOMOSPIE/SOMOSPIE_pegasus/CombinedPipeline/submit/poseidon/pegasus/somospie/run0430/00/01/generate_train_ID0000032.meta,/mnt/poseidon-data/poseidon/workflows/SOMOSPIE/SOMOSPIE_pegasus/CombinedPipeline/submit/poseidon/pegasus/somospie/run0430/00/00/generate_train_ID0000037.meta,/mnt/poseidon-data/poseidon/workflows/SOMOSPIE/SOMOSPIE_pegasus/CombinedPipeline/submit/poseidon/pegasus/somospie/run0430/00/01/generate_eval_ID0000040.meta,/mnt/poseidon-data/poseidon/workflows/SOMOSPIE/SOMOSPIE_pegasus/CombinedPipeline/submit/poseidon/pegasus/somospie/run0430/00/01/generate_eval_ID0000039.meta,/mnt/poseidon-data/poseidon/workflows/SOMOSPIE/SOMOSPIE_pegasus/CombinedPipeline/submit/poseidon/pegasus/somospie/run0430/00/00/generate_train_ID0000034.meta,/mnt/poseidon-data/poseidon/workflows/SOMOSPIE/SOMOSPIE_pegasus/CombinedPipeline/submit/poseidon/pegasus/somospie/run0430/00/01/generate_train_ID0000035.meta,/mnt/poseidon-data/poseidon/workflows/SOMOSPIE/SOMOSPIE_pegasus/CombinedPipeline/submit/poseidon/pegasus/somospie/run0430/00/01/generate_train_ID0000036.meta,/mnt/poseidon-data/poseidon/workflows/SOMOSPIE/SOMOSPIE_pegasus/CombinedPipeline/submit/poseidon/pegasus/somospie/run0430/00/01/generate_eval_ID0000042.meta,/mnt/poseidon-data/poseidon/workflows/SOMOSPIE/SOMOSPIE_pegasus/CombinedPipeline/submit/poseidon/pegasus/somospie/run0430/00/00/generate_train_ID0000029.meta --insert /mnt/poseidon-data/poseidon/workflows/SOMOSPIE/SOMOSPIE_pegasus/CombinedPipeline/submit/poseidon/pegasus/somospie/run0430/00/01/register_condorpool_5_0.in",3.0,0,0,,,,,,,,,
cleanup_somospie_0_condorpool,None,auxiliary,0,1712210642.0,,,1712210647.0,,,0.0,1712210647.0,1712210652.0,,,0.0,1712210652.0,1712210657.0,5.0,,0.0,5.0,5.0,,,,,poseidon,local,poseidon-submit,pegasus::cleanup,/mnt/poseidon-data/poseidon/pegasus-5.1.0panorama/bin/pegasus-transfer,pegasus-kickstart  -n pegasus::cleanup -N null -i - -R local  -L somospie -T 2024-03-27T17:59:14+00:00 pegasus-transfer,0.3,0,0,,,,,,,,,
