,anomaly_type,type,is_clustered,ready,pre_script_start,pre_script_end,submit,stage_in_start,stage_in_end,stage_in_effective_bytes_per_sec,execute_start,execute_end,stage_out_start,stage_out_end,stage_out_effective_bytes_per_sec,post_script_start,post_script_end,wms_delay,pre_script_delay,queue_delay,runtime,post_script_delay,stage_in_delay,stage_in_bytes,stage_out_delay,stage_out_bytes,kickstart_user,kickstart_site,kickstart_hostname,kickstart_transformations,kickstart_executables,kickstart_executables_argv,kickstart_executables_cpu_time,kickstart_status,kickstart_executables_exitcode,kickstart_online_iowait,kickstart_online_bytes_read,kickstart_online_bytes_written,kickstart_online_read_system_calls,kickstart_online_write_system_calls,kickstart_online_utime,kickstart_online_stime,kickstart_online_bytes_read_per_second,kickstart_online_bytes_written_per_second
create_dir_somospie_0_condorpool,None,auxiliary,0,1711660551.0,,,1711660552.0,,,0.0,1711660556.0,1711660562.0,,,0.0,1711660562.0,1711660567.0,1.0,,4.0,6.0,5.0,,,,,poseidon,local,poseidon-submit,pegasus::dirmanager,/mnt/poseidon-data/poseidon/pegasus-5.1.0panorama/bin/pegasus-transfer,pegasus-kickstart  -n pegasus::dirmanager -N null -i - -R local  -L somospie -T 2024-03-27T17:59:14+00:00 pegasus-transfer,0.2,0,0,,,,,,,,,
get_sm_ID0000020,None,compute,0,1711660567.0,,,1711660572.0,1711660590.0,1711660609.0,37717689.7,1711660589.0,1711660627.0,1711660616.0,1711660619.0,293012.0,1711660627.0,1711660632.0,5.0,,17.0,38.0,5.0,19.0,470635724.0,3.0,945682.0,poseidon,condorpool,poseidon-worker-1-container-40-43,get_sm,/srv/get_sm,,2.1,0,0,,,,,,,,,
get_sm_ID0000021,None,compute,0,1711660567.0,,,1711660572.0,1711660590.0,1711660615.0,24774879.9,1711660589.0,1711660632.0,1711660623.0,1711660626.0,296000.0,1711660632.0,1711660637.0,5.0,,17.0,43.0,5.0,25.0,475840244.0,3.0,951505.0,poseidon,condorpool,poseidon-worker-1-container-32-35,get_sm,/srv/get_sm,,2.0,0,0,,,,,,,,,
get_sm_ID0000022,None,compute,0,1711660567.0,,,1711660572.0,1711660590.0,1711660607.0,45810151.4,1711660589.0,1711660627.0,1711660614.0,1711660618.0,297908.0,1711660627.0,1711660632.0,5.0,,17.0,38.0,5.0,17.0,475800760.0,4.0,952852.0,poseidon,condorpool,poseidon-worker-1-container-44-47,get_sm,/srv/get_sm,,2.1,0,0,,,,,,,,,
get_sm_ID0000023,None,compute,0,1711660567.0,,,1711660572.0,1711660589.0,1711660609.0,37133290.7,1711660589.0,1711660627.0,1711660616.0,1711660619.0,291973.0,1711660627.0,1711660632.0,5.0,,17.0,38.0,5.0,20.0,467398273.0,3.0,943297.0,poseidon,condorpool,poseidon-worker-2-container-44-47,get_sm,/srv/get_sm,,2.0,0,0,,,,,,,,,
get_sm_ID0000024,None,compute,0,1711660567.0,,,1711660572.0,1711660590.0,1711660612.0,27785257.7,1711660589.0,1711660632.0,1711660619.0,1711660622.0,261776.0,1711660632.0,1711660637.0,5.0,,17.0,43.0,5.0,22.0,457521962.0,3.0,830231.0,poseidon,condorpool,poseidon-worker-1-container-12-15,get_sm,/srv/get_sm,,1.9,0,0,,,,,,,,,
get_sm_ID0000025,None,compute,0,1711660567.0,,,1711660572.0,1711660590.0,1711660607.0,43927085.4,1711660589.0,1711660627.0,1711660614.0,1711660617.0,223009.0,1711660627.0,1711660632.0,5.0,,17.0,38.0,5.0,17.0,447555942.0,3.0,712778.0,poseidon,condorpool,poseidon-worker-2-container-36-39,get_sm,/srv/get_sm,,2.0,0,0,,,,,,,,,
get_sm_ID0000015,None,compute,0,1711660567.0,,,1711660572.0,1711660590.0,1711660610.0,32809180.8,1711660589.0,1711660627.0,1711660617.0,1711660620.0,172558.0,1711660627.0,1711660632.0,5.0,,17.0,38.0,5.0,20.0,440090843.0,3.0,551360.0,poseidon,condorpool,poseidon-worker-1-container-0-3,get_sm,/srv/get_sm,,1.9,0,0,,,,,,,,,
get_sm_ID0000026,None,compute,0,1711660567.0,,,1711660572.0,1711660590.0,1711660607.0,42568691.4,1711660589.0,1711660627.0,1711660614.0,1711660617.0,189457.0,1711660627.0,1711660632.0,5.0,,17.0,38.0,5.0,17.0,442257808.0,3.0,608523.0,poseidon,condorpool,poseidon-worker-1-container-36-39,get_sm,/srv/get_sm,,2.0,0,0,,,,,,,,,
get_sm_ID0000016,None,compute,0,1711660567.0,,,1711660572.0,1711660590.0,1711660606.0,47334253.1,1711660589.0,1711660622.0,1711660613.0,1711660616.0,167851.0,1711660622.0,1711660627.0,5.0,,17.0,33.0,5.0,16.0,436178789.0,3.0,550490.0,poseidon,condorpool,poseidon-worker-2-container-28-31,get_sm,/srv/get_sm,,1.9,0,0,,,,,,,,,
get_sm_ID0000017,None,compute,0,1711660567.0,,,1711660572.0,1711660590.0,1711660608.0,36480065.0,1711660589.0,1711660627.0,1711660616.0,1711660619.0,188640.0,1711660627.0,1711660632.0,5.0,,17.0,38.0,5.0,18.0,444771924.0,3.0,613264.0,poseidon,condorpool,poseidon-worker-2-container-40-43,get_sm,/srv/get_sm,,2.0,0,0,,,,,,,,,
get_sm_ID0000018,None,compute,0,1711660567.0,,,1711660572.0,1711660590.0,1711660608.0,39837404.8,1711660589.0,1711660627.0,1711660615.0,1711660618.0,220114.0,1711660627.0,1711660632.0,5.0,,17.0,38.0,5.0,18.0,449409643.0,3.0,716593.0,poseidon,condorpool,poseidon-worker-2-container-24-27,get_sm,/srv/get_sm,,1.9,0,0,,,,,,,,,
get_sm_ID0000019,None,compute,0,1711660567.0,,,1711660572.0,1711660590.0,1711660609.0,37190545.4,1711660589.0,1711660627.0,1711660616.0,1711660619.0,269079.0,1711660627.0,1711660632.0,5.0,,17.0,38.0,5.0,19.0,459739344.0,3.0,873152.0,poseidon,condorpool,poseidon-worker-1-container-28-31,get_sm,/srv/get_sm,,1.9,0,0,,,,,,,,,
merge_ID0000001,None,compute,0,1711660567.0,,,1711660572.0,1711660590.0,1711660614.0,96709113.1,1711660589.0,1711660667.0,1711660647.0,1711660661.0,91302626.0,1711660667.0,1711660672.0,5.0,,17.0,78.0,5.0,24.0,1726068480.0,14.0,1298102725.0,poseidon,condorpool,poseidon-worker-2-container-32-35,merge,/srv/merge,,40.9,0,0,0.0,979855221.0,1295318341.0,10814.0,39566.0,35.2,2.2,48992761.0,64765917.0
stage_out_local_condorpool_0_1,None,transfer,0,1711660637.0,,,1711660642.0,,,0.0,1711660642.0,1711660647.0,,,0.0,1711660647.0,1711660652.0,5.0,,0.0,5.0,5.0,,,,,poseidon,local,poseidon-submit,pegasus::transfer,/mnt/poseidon-data/poseidon/pegasus-5.1.0panorama/bin/pegasus-transfer,/home/poseidon/pegasus-5.1.0panorama/bin/../bin/pegasus-kickstart  -n pegasus::transfer -N null -i - -R local  -L somospie -T 2024-03-27T17:59:14+00:00 /home/poseidon/pegasus-5.1.0panorama/bin/../bin/pegasus-transfer  --threads 2,0.7,0,0,,,,,,,,,
register_condorpool_0_1,None,auxiliary,0,1711660652.0,,,1711660657.0,,,0.0,1711660657.0,1711660662.0,,,0.0,1711660662.0,1711660667.0,5.0,,0.0,5.0,5.0,,,,,poseidon,local,poseidon-submit,pegasus::rc-client,/mnt/poseidon-data/poseidon/pegasus-5.1.0panorama/bin/pegasus-rc-client,"-n pegasus::rc-client -N null -R local  -L somospie -T 2024-03-27T17:59:14+00:00 /home/poseidon/pegasus-5.1.0panorama/bin/pegasus-rc-client --prefix pegasus.catalog.replica.output --conf /mnt/poseidon-data/poseidon/workflows/SOMOSPIE/SOMOSPIE_pegasus/CombinedPipeline/submit/poseidon/pegasus/somospie/run0009/pegasus.17407056424694942716.properties -v --meta /mnt/poseidon-data/poseidon/workflows/SOMOSPIE/SOMOSPIE_pegasus/CombinedPipeline/submit/poseidon/pegasus/somospie/run0009/00/00/get_sm_ID0000020.meta,/mnt/poseidon-data/poseidon/workflows/SOMOSPIE/SOMOSPIE_pegasus/CombinedPipeline/submit/poseidon/pegasus/somospie/run0009/00/00/get_sm_ID0000026.meta,/mnt/poseidon-data/poseidon/workflows/SOMOSPIE/SOMOSPIE_pegasus/CombinedPipeline/submit/poseidon/pegasus/somospie/run0009/00/00/get_sm_ID0000016.meta,/mnt/poseidon-data/poseidon/workflows/SOMOSPIE/SOMOSPIE_pegasus/CombinedPipeline/submit/poseidon/pegasus/somospie/run0009/00/00/get_sm_ID0000022.meta,/mnt/poseidon-data/poseidon/workflows/SOMOSPIE/SOMOSPIE_pegasus/CombinedPipeline/submit/poseidon/pegasus/somospie/run0009/00/00/get_sm_ID0000024.meta,/mnt/poseidon-data/poseidon/workflows/SOMOSPIE/SOMOSPIE_pegasus/CombinedPipeline/submit/poseidon/pegasus/somospie/run0009/00/00/get_sm_ID0000019.meta --insert /mnt/poseidon-data/poseidon/workflows/SOMOSPIE/SOMOSPIE_pegasus/CombinedPipeline/submit/poseidon/pegasus/somospie/run0009/00/00/register_condorpool_0_1.in",3.1,0,0,,,,,,,,,
stage_out_local_condorpool_0_0,None,transfer,0,1711660672.0,,,1711660677.0,,,0.0,1711660677.0,1711660687.0,,,0.0,1711660687.0,1711660692.0,5.0,,0.0,10.0,5.0,,,,,poseidon,local,poseidon-submit,pegasus::transfer,/mnt/poseidon-data/poseidon/pegasus-5.1.0panorama/bin/pegasus-transfer,/home/poseidon/pegasus-5.1.0panorama/bin/../bin/pegasus-kickstart  -n pegasus::transfer -N null -i - -R local  -L somospie -T 2024-03-27T17:59:14+00:00 /home/poseidon/pegasus-5.1.0panorama/bin/../bin/pegasus-transfer  --threads 2,4.2,0,0,,,,,,,,,
reproject_ID0000011,None,compute,0,1711660672.0,,,1711660677.0,1711660678.0,1711660697.0,138758978.1,1711660677.0,1711660757.0,1711660733.0,1711660747.0,91517180.0,1711660757.0,1711660762.0,5.0,,0.0,80.0,5.0,19.0,1696973136.0,14.0,1298118839.0,poseidon,condorpool,poseidon-worker-2-container-32-35,reproject,/srv/reproject,,54.8,0,0,0.0,1308847517.0,1295056197.0,17167.0,39558.0,44.6,3.6,65442375.9,64752809.9
reproject_ID0000002,None,compute,0,1711660672.0,,,1711660677.0,1711660683.0,1711660702.0,138862531.3,1711660682.0,1711660757.0,1711660737.0,1711660749.0,88754925.0,1711660757.0,1711660762.0,5.0,,5.0,75.0,5.0,19.0,1696973986.0,12.0,1125581407.0,poseidon,condorpool,poseidon-worker-1-container-40-43,reproject,/srv/reproject,,53.4,0,0,0.0,1441821685.0,933606079.0,47466.0,28522.0,41.5,4.5,72091084.2,46680304.0
register_condorpool_0_0,None,auxiliary,0,1711660692.0,,,1711660697.0,,,0.0,1711660697.0,1711660702.0,,,0.0,1711660702.0,1711660707.0,5.0,,0.0,5.0,5.0,,,,,poseidon,local,poseidon-submit,pegasus::rc-client,/mnt/poseidon-data/poseidon/pegasus-5.1.0panorama/bin/pegasus-rc-client,"-n pegasus::rc-client -N null -R local  -L somospie -T 2024-03-27T17:59:14+00:00 /home/poseidon/pegasus-5.1.0panorama/bin/pegasus-rc-client --prefix pegasus.catalog.replica.output --conf /mnt/poseidon-data/poseidon/workflows/SOMOSPIE/SOMOSPIE_pegasus/CombinedPipeline/submit/poseidon/pegasus/somospie/run0009/pegasus.17407056424694942716.properties -v --meta /mnt/poseidon-data/poseidon/workflows/SOMOSPIE/SOMOSPIE_pegasus/CombinedPipeline/submit/poseidon/pegasus/somospie/run0009/00/00/get_sm_ID0000023.meta,/mnt/poseidon-data/poseidon/workflows/SOMOSPIE/SOMOSPIE_pegasus/CombinedPipeline/submit/poseidon/pegasus/somospie/run0009/00/00/get_sm_ID0000017.meta,/mnt/poseidon-data/poseidon/workflows/SOMOSPIE/SOMOSPIE_pegasus/CombinedPipeline/submit/poseidon/pegasus/somospie/run0009/00/00/get_sm_ID0000018.meta,/mnt/poseidon-data/poseidon/workflows/SOMOSPIE/SOMOSPIE_pegasus/CombinedPipeline/submit/poseidon/pegasus/somospie/run0009/00/00/merge_ID0000001.meta,/mnt/poseidon-data/poseidon/workflows/SOMOSPIE/SOMOSPIE_pegasus/CombinedPipeline/submit/poseidon/pegasus/somospie/run0009/00/00/get_sm_ID0000015.meta,/mnt/poseidon-data/poseidon/workflows/SOMOSPIE/SOMOSPIE_pegasus/CombinedPipeline/submit/poseidon/pegasus/somospie/run0009/00/00/get_sm_ID0000021.meta,/mnt/poseidon-data/poseidon/workflows/SOMOSPIE/SOMOSPIE_pegasus/CombinedPipeline/submit/poseidon/pegasus/somospie/run0009/00/00/get_sm_ID0000025.meta --insert /mnt/poseidon-data/poseidon/workflows/SOMOSPIE/SOMOSPIE_pegasus/CombinedPipeline/submit/poseidon/pegasus/somospie/run0009/00/00/register_condorpool_0_0.in",3.1,0,0,,,,,,,,,
stage_out_local_condorpool_1_0,None,transfer,0,1711660762.0,,,1711660767.0,,,0.0,1711660767.0,1711660777.0,,,0.0,1711660777.0,1711660782.0,5.0,,0.0,10.0,5.0,,,,,poseidon,local,poseidon-submit,pegasus::transfer,/mnt/poseidon-data/poseidon/pegasus-5.1.0panorama/bin/pegasus-transfer,/home/poseidon/pegasus-5.1.0panorama/bin/../bin/pegasus-kickstart  -n pegasus::transfer -N null -i - -R local  -L somospie -T 2024-03-27T17:59:14+00:00 /home/poseidon/pegasus-5.1.0panorama/bin/../bin/pegasus-transfer  --threads 2,7.4,0,0,,,,,,,,,
crop_ID0000009,None,compute,0,1711660762.0,,,1711660767.0,1711660768.0,1711660786.0,134262538.6,1711660768.0,1711660812.0,1711660797.0,1711660802.0,24105487.0,1711660812.0,1711660817.0,5.0,,1.0,44.0,5.0,18.0,1524452582.0,5.0,99654844.0,poseidon,condorpool,poseidon-worker-1-container-40-43,crop,/srv/crop,,2.8,0,0,,,,,,,,,
crop_ID0000007,None,compute,0,1711660762.0,,,1711660767.0,1711660769.0,1711660787.0,134252588.0,1711660768.0,1711660812.0,1711660799.0,1711660804.0,40393224.0,1711660812.0,1711660817.0,5.0,,1.0,44.0,5.0,18.0,1524452582.0,5.0,194227221.0,poseidon,condorpool,poseidon-worker-2-container-32-35,crop,/srv/crop,,3.9,0,0,,,,,,,,,
crop_ID0000005,None,compute,0,1711660762.0,,,1711660767.0,1711660784.0,1711660801.0,142840936.3,1711660783.0,1711660822.0,1711660811.0,1711660814.0,1329330.0,1711660822.0,1711660827.0,5.0,,16.0,39.0,5.0,17.0,1524452582.0,3.0,4263385.0,poseidon,condorpool,poseidon-worker-1-container-40-43,crop,/srv/crop,,1.9,0,0,,,,,,,,,
crop_ID0000003,None,compute,0,1711660762.0,,,1711660767.0,1711660784.0,1711660801.0,144828657.3,1711660783.0,1711660822.0,1711660810.0,1711660814.0,781904.0,1711660822.0,1711660827.0,5.0,,16.0,39.0,5.0,17.0,1524452582.0,4.0,2530349.0,poseidon,condorpool,poseidon-worker-2-container-32-35,crop,/srv/crop,,1.9,0,0,,,,,,,,,
register_condorpool_1_0,None,auxiliary,0,1711660782.0,,,1711660787.0,,,0.0,1711660788.0,1711660792.0,,,0.0,1711660792.0,1711660797.0,5.0,,1.0,4.0,5.0,,,,,poseidon,local,poseidon-submit,pegasus::rc-client,/mnt/poseidon-data/poseidon/pegasus-5.1.0panorama/bin/pegasus-rc-client,"-n pegasus::rc-client -N null -R local  -L somospie -T 2024-03-27T17:59:14+00:00 /home/poseidon/pegasus-5.1.0panorama/bin/pegasus-rc-client --prefix pegasus.catalog.replica.output --conf /mnt/poseidon-data/poseidon/workflows/SOMOSPIE/SOMOSPIE_pegasus/CombinedPipeline/submit/poseidon/pegasus/somospie/run0009/pegasus.17407056424694942716.properties -v --meta /mnt/poseidon-data/poseidon/workflows/SOMOSPIE/SOMOSPIE_pegasus/CombinedPipeline/submit/poseidon/pegasus/somospie/run0009/00/00/reproject_ID0000002.meta,/mnt/poseidon-data/poseidon/workflows/SOMOSPIE/SOMOSPIE_pegasus/CombinedPipeline/submit/poseidon/pegasus/somospie/run0009/00/00/reproject_ID0000011.meta --insert /mnt/poseidon-data/poseidon/workflows/SOMOSPIE/SOMOSPIE_pegasus/CombinedPipeline/submit/poseidon/pegasus/somospie/run0009/00/00/register_condorpool_1_0.in",3.1,0,0,,,,,,,,,
compute_ID0000010,None,compute,0,1711660817.0,,,1711660822.0,1711660823.0,1711660837.0,70630698.0,1711660822.0,1711660868.0,1711660854.0,1711660860.0,46051406.0,1711660868.0,1711660873.0,5.0,,0.0,46.0,5.0,14.0,498525556.0,6.0,250017804.0,poseidon,condorpool,poseidon-worker-1-container-40-43,compute,/srv/compute,,11.8,0,0,0.0,304740635.0,241768165.0,4564.0,7404.0,9.2,0.8,30474063.5,24176816.5
compute_ID0000008,None,compute,0,1711660817.0,,,1711660822.0,1711660823.0,1711660837.0,77004301.3,1711660822.0,1711660878.0,1711660861.0,1711660869.0,67821096.0,1711660878.0,1711660883.0,5.0,,0.0,56.0,5.0,14.0,593097933.0,8.0,506706062.0,poseidon,condorpool,poseidon-worker-2-container-32-35,compute,/srv/compute,,17.6,0,0,0.0,331333188.0,353545314.0,4169.0,10806.0,9.2,0.8,33133318.8,35354531.4
stage_out_local_condorpool_2_0,None,transfer,0,1711660827.0,,,1711660832.0,,,0.0,1711660832.0,1711660837.0,,,0.0,1711660837.0,1711660842.0,5.0,,0.0,5.0,5.0,,,,,poseidon,local,poseidon-submit,pegasus::transfer,/mnt/poseidon-data/poseidon/pegasus-5.1.0panorama/bin/pegasus-transfer,/home/poseidon/pegasus-5.1.0panorama/bin/../bin/pegasus-kickstart  -n pegasus::transfer -N null -i - -R local  -L somospie -T 2024-03-27T17:59:14+00:00 /home/poseidon/pegasus-5.1.0panorama/bin/../bin/pegasus-transfer  --threads 2,1.4,0,0,,,,,,,,,
compute_ID0000004,None,compute,0,1711660827.0,,,1711660832.0,1711660844.0,1711660857.0,57274834.3,1711660843.0,1711660878.0,1711660867.0,1711660870.0,1617220.0,1711660878.0,1711660883.0,5.0,,11.0,35.0,5.0,13.0,401401061.0,3.0,5326886.0,poseidon,condorpool,poseidon-worker-1-container-32-35,compute,/srv/compute,,5.3,0,0,,,,,,,,,
compute_ID0000006,None,compute,0,1711660827.0,,,1711660832.0,1711660844.0,1711660857.0,62237170.3,1711660843.0,1711660878.0,1711660867.0,1711660870.0,2889353.0,1711660878.0,1711660883.0,5.0,,11.0,35.0,5.0,13.0,403134097.0,3.0,9696865.0,poseidon,condorpool,poseidon-worker-1-container-44-47,compute,/srv/compute,,5.5,0,0,,,,,,,,,
register_condorpool_2_0,None,auxiliary,0,1711660842.0,,,1711660848.0,,,0.0,1711660848.0,1711660853.0,,,0.0,1711660853.0,1711660858.0,6.0,,0.0,5.0,5.0,,,,,poseidon,local,poseidon-submit,pegasus::rc-client,/mnt/poseidon-data/poseidon/pegasus-5.1.0panorama/bin/pegasus-rc-client,"-n pegasus::rc-client -N null -R local  -L somospie -T 2024-03-27T17:59:14+00:00 /home/poseidon/pegasus-5.1.0panorama/bin/pegasus-rc-client --prefix pegasus.catalog.replica.output --conf /mnt/poseidon-data/poseidon/workflows/SOMOSPIE/SOMOSPIE_pegasus/CombinedPipeline/submit/poseidon/pegasus/somospie/run0009/pegasus.17407056424694942716.properties -v --meta /mnt/poseidon-data/poseidon/workflows/SOMOSPIE/SOMOSPIE_pegasus/CombinedPipeline/submit/poseidon/pegasus/somospie/run0009/00/00/crop_ID0000009.meta,/mnt/poseidon-data/poseidon/workflows/SOMOSPIE/SOMOSPIE_pegasus/CombinedPipeline/submit/poseidon/pegasus/somospie/run0009/00/00/crop_ID0000007.meta,/mnt/poseidon-data/poseidon/workflows/SOMOSPIE/SOMOSPIE_pegasus/CombinedPipeline/submit/poseidon/pegasus/somospie/run0009/00/00/crop_ID0000003.meta,/mnt/poseidon-data/poseidon/workflows/SOMOSPIE/SOMOSPIE_pegasus/CombinedPipeline/submit/poseidon/pegasus/somospie/run0009/00/00/crop_ID0000005.meta --insert /mnt/poseidon-data/poseidon/workflows/SOMOSPIE/SOMOSPIE_pegasus/CombinedPipeline/submit/poseidon/pegasus/somospie/run0009/00/00/register_condorpool_2_0.in",3.1,0,0,,,,,,,,,
stage_out_local_condorpool_3_0,None,transfer,0,1711660883.0,,,1711660888.0,,,0.0,1711660888.0,1711660898.0,,,0.0,1711660898.0,1711660903.0,5.0,,0.0,10.0,5.0,,,,,poseidon,local,poseidon-submit,pegasus::transfer,/mnt/poseidon-data/poseidon/pegasus-5.1.0panorama/bin/pegasus-transfer,/home/poseidon/pegasus-5.1.0panorama/bin/../bin/pegasus-kickstart  -n pegasus::transfer -N null -i - -R local  -L somospie -T 2024-03-27T17:59:14+00:00 /home/poseidon/pegasus-5.1.0panorama/bin/../bin/pegasus-transfer  --threads 2,3.4,0,0,,,,,,,,,
merge_avg_ID0000014,None,compute,0,1711660883.0,,,1711660888.0,1711660889.0,1711660905.0,82757637.0,1711660889.0,1711660963.0,1711660947.0,1711660953.0,53566088.0,1711660963.0,1711660968.0,5.0,,1.0,74.0,5.0,16.0,737559838.0,6.0,309527239.0,poseidon,condorpool,poseidon-worker-1-container-40-43,merge_avg,/srv/merge_avg,,46.8,0,0,0.0,1036279622.0,668339641.0,47569.0,20503.0,22.6,6.2,34542654.1,22277988.0
merge_avg_ID0000012,None,compute,0,1711660883.0,,,1711660888.0,1711660889.0,1711660905.0,82232354.5,1711660889.0,1711660958.0,1711660945.0,1711660950.0,53153229.0,1711660958.0,1711660963.0,5.0,,1.0,69.0,5.0,16.0,731979063.0,5.0,304811410.0,poseidon,condorpool,poseidon-worker-1-container-44-47,merge_avg,/srv/merge_avg,,46.4,0,0,0.0,1149147618.0,666255191.0,47151.0,20454.0,27.5,7.8,38304920.6,22208506.4
merge_avg_ID0000013,None,compute,0,1711660883.0,,,1711660888.0,1711660889.0,1711660904.0,60680135.4,1711660889.0,1711660953.0,1711660941.0,1711660945.0,24067464.0,1711660953.0,1711660958.0,5.0,,1.0,64.0,5.0,15.0,498824437.0,4.0,98388765.0,poseidon,condorpool,poseidon-worker-1-container-32-35,merge_avg,/srv/merge_avg,,39.8,0,0,0.0,458012643.0,283346705.0,48965.0,8776.0,28.7,7.1,15267088.1,9444890.2
register_condorpool_3_0,None,auxiliary,0,1711660903.0,,,1711660908.0,,,0.0,1711660908.0,1711660913.0,,,0.0,1711660913.0,1711660918.0,5.0,,0.0,5.0,5.0,,,,,poseidon,local,poseidon-submit,pegasus::rc-client,/mnt/poseidon-data/poseidon/pegasus-5.1.0panorama/bin/pegasus-rc-client,"-n pegasus::rc-client -N null -R local  -L somospie -T 2024-03-27T17:59:14+00:00 /home/poseidon/pegasus-5.1.0panorama/bin/pegasus-rc-client --prefix pegasus.catalog.replica.output --conf /mnt/poseidon-data/poseidon/workflows/SOMOSPIE/SOMOSPIE_pegasus/CombinedPipeline/submit/poseidon/pegasus/somospie/run0009/pegasus.17407056424694942716.properties -v --meta /mnt/poseidon-data/poseidon/workflows/SOMOSPIE/SOMOSPIE_pegasus/CombinedPipeline/submit/poseidon/pegasus/somospie/run0009/00/00/compute_ID0000010.meta,/mnt/poseidon-data/poseidon/workflows/SOMOSPIE/SOMOSPIE_pegasus/CombinedPipeline/submit/poseidon/pegasus/somospie/run0009/00/00/compute_ID0000006.meta,/mnt/poseidon-data/poseidon/workflows/SOMOSPIE/SOMOSPIE_pegasus/CombinedPipeline/submit/poseidon/pegasus/somospie/run0009/00/00/compute_ID0000004.meta,/mnt/poseidon-data/poseidon/workflows/SOMOSPIE/SOMOSPIE_pegasus/CombinedPipeline/submit/poseidon/pegasus/somospie/run0009/00/00/compute_ID0000008.meta --insert /mnt/poseidon-data/poseidon/workflows/SOMOSPIE/SOMOSPIE_pegasus/CombinedPipeline/submit/poseidon/pegasus/somospie/run0009/00/00/register_condorpool_3_0.in",3.1,0,0,,,,,,,,,
generate_eval_ID0000039,None,compute,0,1711660968.0,,,1711660973.0,1711660990.0,1711661019.0,108833978.0,1711660989.0,1711661048.0,1711661037.0,1711661040.0,2749405.0,1711661048.0,1711661053.0,5.0,,16.0,59.0,5.0,29.0,2410452250.0,3.0,9068473.0,poseidon,condorpool,poseidon-worker-2-container-32-35,generate_eval,/srv/generate_eval,,8.0,0,0,,,,,,,,,
generate_train_ID0000032,None,compute,0,1711660968.0,,,1711660973.0,1711660990.0,1711661020.0,107497704.5,1711660989.0,1711661043.0,1711661031.0,1711661034.0,383401.0,1711661043.0,1711661048.0,5.0,,16.0,54.0,5.0,30.0,2411396929.0,3.0,1265871.0,poseidon,condorpool,poseidon-worker-1-container-28-31,generate_train,/srv/generate_train,,0.9,0,0,,,,,,,,,
generate_eval_ID0000042,None,compute,0,1711660968.0,,,1711660973.0,1711660990.0,1711661025.0,86492687.1,1711660989.0,1711661063.0,1711661047.0,1711661053.0,45906600.0,1711661063.0,1711661068.0,5.0,,16.0,74.0,5.0,35.0,2410452250.0,6.0,240602325.0,poseidon,condorpool,poseidon-worker-2-container-24-27,generate_eval,/srv/generate_eval,,11.5,0,0,0.0,238577363.0,238500109.0,4139.0,7320.0,9.1,0.8,23857736.3,23850010.9
generate_train_ID0000031,None,compute,0,1711660968.0,,,1711660973.0,1711660990.0,1711661013.0,153125774.4,1711660989.0,1711661033.0,1711661024.0,1711661027.0,364834.0,1711661033.0,1711661038.0,5.0,,16.0,44.0,5.0,23.0,2411324399.0,3.0,1175014.0,poseidon,condorpool,poseidon-worker-2-container-40-43,generate_train,/srv/generate_train,,0.7,0,0,,,,,,,,,
generate_train_ID0000030,None,compute,0,1711660968.0,,,1711660973.0,1711660990.0,1711661019.0,111380985.0,1711660989.0,1711661043.0,1711661030.0,1711661033.0,303815.0,1711661043.0,1711661048.0,5.0,,16.0,54.0,5.0,29.0,2411167840.0,3.0,973028.0,poseidon,condorpool,poseidon-worker-2-container-28-31,generate_train,/srv/generate_train,,0.9,0,0,,,,,,,,,
generate_eval_ID0000040,None,compute,0,1711660968.0,,,1711660973.0,1711660990.0,1711661016.0,130604831.7,1711660989.0,1711661043.0,1711661035.0,1711661038.0,2504841.0,1711661043.0,1711661048.0,5.0,,16.0,54.0,5.0,26.0,2410452250.0,3.0,8350187.0,poseidon,condorpool,poseidon-worker-1-container-36-39,generate_eval,/srv/generate_eval,,8.1,0,0,,,,,,,,,
generate_eval_ID0000041,None,compute,0,1711660968.0,,,1711660973.0,1711660990.0,1711661032.0,70462000.7,1711660989.0,1711661073.0,1711661059.0,1711661067.0,70830923.0,1711661073.0,1711661078.0,5.0,,16.0,84.0,5.0,42.0,2410452250.0,8.0,561272484.0,poseidon,condorpool,poseidon-worker-1-container-0-3,generate_eval,/srv/generate_eval,,15.5,0,0,0.0,341481563.0,338639110.0,4697.0,10370.0,9.1,0.8,34148156.3,33863911.0
generate_train_ID0000036,None,compute,0,1711660968.0,,,1711660973.0,1711660990.0,1711661013.0,149159628.4,1711660989.0,1711661038.0,1711661024.0,1711661028.0,344076.0,1711661038.0,1711661043.0,5.0,,16.0,49.0,5.0,23.0,2411281478.0,4.0,1118721.0,poseidon,condorpool,poseidon-worker-2-container-36-39,generate_train,/srv/generate_train,,0.9,0,0,,,,,,,,,
generate_train_ID0000034,None,compute,0,1711660968.0,,,1711660973.0,1711660990.0,1711661021.0,104708016.6,1711660989.0,1711661043.0,1711661031.0,1711661034.0,391831.0,1711661043.0,1711661048.0,5.0,,16.0,54.0,5.0,31.0,2411404099.0,3.0,1275159.0,poseidon,condorpool,poseidon-worker-2-container-44-47,generate_train,/srv/generate_train,,0.7,0,0,,,,,,,,,
generate_train_ID0000033,None,compute,0,1711660968.0,,,1711660973.0,1711660990.0,1711661016.0,130016486.8,1711660989.0,1711661038.0,1711661027.0,1711661030.0,395585.0,1711661038.0,1711661043.0,5.0,,16.0,49.0,5.0,26.0,2411402752.0,3.0,1274805.0,poseidon,condorpool,poseidon-worker-1-container-44-47,generate_train,/srv/generate_train,,0.9,0,0,,,,,,,,,
generate_train_ID0000029,None,compute,0,1711660968.0,,,1711660973.0,1711660990.0,1711661024.0,90829773.8,1711660989.0,1711661048.0,1711661035.0,1711661038.0,261908.0,1711661048.0,1711661053.0,5.0,,16.0,59.0,5.0,34.0,2411064511.0,3.0,843408.0,poseidon,condorpool,poseidon-worker-1-container-32-35,generate_train,/srv/generate_train,,0.8,0,0,,,,,,,,,
generate_train_ID0000028,None,compute,0,1711660968.0,,,1711660973.0,1711660990.0,1711661023.0,93240713.1,1711660989.0,1711661043.0,1711661034.0,1711661037.0,235879.0,1711661043.0,1711661048.0,5.0,,16.0,54.0,5.0,33.0,2411001737.0,3.0,762584.0,poseidon,condorpool,poseidon-worker-1-container-40-43,generate_train,/srv/generate_train,,0.8,0,0,,,,,,,,,
stage_out_local_condorpool_4_0,None,transfer,0,1711660968.0,,,1711660973.0,,,0.0,1711660973.0,1711660978.0,,,0.0,1711660978.0,1711660983.0,5.0,,0.0,5.0,5.0,,,,,poseidon,local,poseidon-submit,pegasus::transfer,/mnt/poseidon-data/poseidon/pegasus-5.1.0panorama/bin/pegasus-transfer,/home/poseidon/pegasus-5.1.0panorama/bin/../bin/pegasus-kickstart  -n pegasus::transfer -N null -i - -R local  -L somospie -T 2024-03-27T17:59:14+00:00 /home/poseidon/pegasus-5.1.0panorama/bin/../bin/pegasus-transfer  --threads 2,2.4,0,0,,,,,,,,,
generate_train_ID0000027,None,compute,0,1711660968.0,,,1711660973.0,1711660975.0,1711661001.0,128188618.2,1711660974.0,1711661023.0,1711661012.0,1711661015.0,232596.0,1711661023.0,1711661028.0,5.0,,1.0,49.0,5.0,26.0,2411002607.0,3.0,764017.0,poseidon,condorpool,poseidon-worker-1-container-32-35,generate_train,/srv/generate_train,,0.9,0,0,,,,,,,,,
generate_train_ID0000038,None,compute,0,1711660968.0,,,1711660973.0,1711660975.0,1711661000.0,132217448.5,1711660974.0,1711661023.0,1711661013.0,1711661017.0,255403.0,1711661023.0,1711661028.0,5.0,,1.0,49.0,5.0,25.0,2411059770.0,4.0,837547.0,poseidon,condorpool,poseidon-worker-1-container-44-47,generate_train,/srv/generate_train,,0.9,0,0,,,,,,,,,
generate_train_ID0000037,None,compute,0,1711660968.0,,,1711660973.0,1711660975.0,1711660999.0,134684543.1,1711660974.0,1711661023.0,1711661010.0,1711661013.0,277973.0,1711661023.0,1711661028.0,5.0,,1.0,49.0,5.0,24.0,2411164025.0,3.0,969901.0,poseidon,condorpool,poseidon-worker-1-container-40-43,generate_train,/srv/generate_train,,0.9,0,0,,,,,,,,,
generate_train_ID0000035,None,compute,0,1711660968.0,,,1711660973.0,1711660990.0,1711661013.0,153183343.2,1711660989.0,1711661038.0,1711661025.0,1711661028.0,389623.0,1711661038.0,1711661043.0,5.0,,16.0,49.0,5.0,23.0,2411394544.0,3.0,1261244.0,poseidon,condorpool,poseidon-worker-1-container-12-15,generate_train,/srv/generate_train,,0.9,0,0,,,,,,,,,
register_condorpool_4_0,None,auxiliary,0,1711660983.0,,,1711660988.0,,,0.0,1711660988.0,1711660993.0,,,0.0,1711660993.0,1711660998.0,5.0,,0.0,5.0,5.0,,,,,poseidon,local,poseidon-submit,pegasus::rc-client,/mnt/poseidon-data/poseidon/pegasus-5.1.0panorama/bin/pegasus-rc-client,"-n pegasus::rc-client -N null -R local  -L somospie -T 2024-03-27T17:59:14+00:00 /home/poseidon/pegasus-5.1.0panorama/bin/pegasus-rc-client --prefix pegasus.catalog.replica.output --conf /mnt/poseidon-data/poseidon/workflows/SOMOSPIE/SOMOSPIE_pegasus/CombinedPipeline/submit/poseidon/pegasus/somospie/run0009/pegasus.17407056424694942716.properties -v --meta /mnt/poseidon-data/poseidon/workflows/SOMOSPIE/SOMOSPIE_pegasus/CombinedPipeline/submit/poseidon/pegasus/somospie/run0009/00/00/merge_avg_ID0000013.meta,/mnt/poseidon-data/poseidon/workflows/SOMOSPIE/SOMOSPIE_pegasus/CombinedPipeline/submit/poseidon/pegasus/somospie/run0009/00/00/merge_avg_ID0000012.meta,/mnt/poseidon-data/poseidon/workflows/SOMOSPIE/SOMOSPIE_pegasus/CombinedPipeline/submit/poseidon/pegasus/somospie/run0009/00/00/merge_avg_ID0000014.meta --insert /mnt/poseidon-data/poseidon/workflows/SOMOSPIE/SOMOSPIE_pegasus/CombinedPipeline/submit/poseidon/pegasus/somospie/run0009/00/00/register_condorpool_4_0.in",3.2,0,0,,,,,,,,,
stage_out_local_condorpool_5_0,None,transfer,0,1711661078.0,,,1711661083.0,,,0.0,1711661083.0,1711661093.0,,,0.0,1711661093.0,1711661098.0,5.0,,0.0,10.0,5.0,,,,,poseidon,local,poseidon-submit,pegasus::transfer,/mnt/poseidon-data/poseidon/pegasus-5.1.0panorama/bin/pegasus-transfer,/home/poseidon/pegasus-5.1.0panorama/bin/../bin/pegasus-kickstart  -n pegasus::transfer -N null -i - -R local  -L somospie -T 2024-03-27T17:59:14+00:00 /home/poseidon/pegasus-5.1.0panorama/bin/../bin/pegasus-transfer  --threads 2,3.9,0,0,,,,,,,,,
stage_out_local_condorpool_5_1,None,transfer,0,1711661078.0,,,1711661083.0,,,0.0,1711661083.0,1711661088.0,,,0.0,1711661088.0,1711661093.0,5.0,,0.0,5.0,5.0,,,,,poseidon,local,poseidon-submit,pegasus::transfer,/mnt/poseidon-data/poseidon/pegasus-5.1.0panorama/bin/pegasus-transfer,/home/poseidon/pegasus-5.1.0panorama/bin/../bin/pegasus-kickstart  -n pegasus::transfer -N null -i - -R local  -L somospie -T 2024-03-27T17:59:14+00:00 /home/poseidon/pegasus-5.1.0panorama/bin/../bin/pegasus-transfer  --threads 2,1.6,0,0,,,,,,,,,
register_condorpool_5_1,None,auxiliary,0,1711661093.0,,,1711661098.0,,,0.0,1711661098.0,1711661103.0,,,0.0,1711661103.0,1711661108.0,5.0,,0.0,5.0,5.0,,,,,poseidon,local,poseidon-submit,pegasus::rc-client,/mnt/poseidon-data/poseidon/pegasus-5.1.0panorama/bin/pegasus-rc-client,"-n pegasus::rc-client -N null -R local  -L somospie -T 2024-03-27T17:59:14+00:00 /home/poseidon/pegasus-5.1.0panorama/bin/pegasus-rc-client --prefix pegasus.catalog.replica.output --conf /mnt/poseidon-data/poseidon/workflows/SOMOSPIE/SOMOSPIE_pegasus/CombinedPipeline/submit/poseidon/pegasus/somospie/run0009/pegasus.17407056424694942716.properties -v --meta /mnt/poseidon-data/poseidon/workflows/SOMOSPIE/SOMOSPIE_pegasus/CombinedPipeline/submit/poseidon/pegasus/somospie/run0009/00/00/generate_train_ID0000029.meta,/mnt/poseidon-data/poseidon/workflows/SOMOSPIE/SOMOSPIE_pegasus/CombinedPipeline/submit/poseidon/pegasus/somospie/run0009/00/00/generate_train_ID0000037.meta,/mnt/poseidon-data/poseidon/workflows/SOMOSPIE/SOMOSPIE_pegasus/CombinedPipeline/submit/poseidon/pegasus/somospie/run0009/00/00/generate_train_ID0000028.meta,/mnt/poseidon-data/poseidon/workflows/SOMOSPIE/SOMOSPIE_pegasus/CombinedPipeline/submit/poseidon/pegasus/somospie/run0009/00/00/generate_train_ID0000027.meta,/mnt/poseidon-data/poseidon/workflows/SOMOSPIE/SOMOSPIE_pegasus/CombinedPipeline/submit/poseidon/pegasus/somospie/run0009/00/00/generate_train_ID0000034.meta,/mnt/poseidon-data/poseidon/workflows/SOMOSPIE/SOMOSPIE_pegasus/CombinedPipeline/submit/poseidon/pegasus/somospie/run0009/00/01/generate_train_ID0000031.meta,/mnt/poseidon-data/poseidon/workflows/SOMOSPIE/SOMOSPIE_pegasus/CombinedPipeline/submit/poseidon/pegasus/somospie/run0009/00/01/generate_eval_ID0000040.meta,/mnt/poseidon-data/poseidon/workflows/SOMOSPIE/SOMOSPIE_pegasus/CombinedPipeline/submit/poseidon/pegasus/somospie/run0009/00/01/generate_eval_ID0000042.meta,/mnt/poseidon-data/poseidon/workflows/SOMOSPIE/SOMOSPIE_pegasus/CombinedPipeline/submit/poseidon/pegasus/somospie/run0009/00/01/generate_eval_ID0000039.meta,/mnt/poseidon-data/poseidon/workflows/SOMOSPIE/SOMOSPIE_pegasus/CombinedPipeline/submit/poseidon/pegasus/somospie/run0009/00/00/generate_train_ID0000038.meta,/mnt/poseidon-data/poseidon/workflows/SOMOSPIE/SOMOSPIE_pegasus/CombinedPipeline/submit/poseidon/pegasus/somospie/run0009/00/01/generate_train_ID0000030.meta,/mnt/poseidon-data/poseidon/workflows/SOMOSPIE/SOMOSPIE_pegasus/CombinedPipeline/submit/poseidon/pegasus/somospie/run0009/00/01/generate_train_ID0000035.meta,/mnt/poseidon-data/poseidon/workflows/SOMOSPIE/SOMOSPIE_pegasus/CombinedPipeline/submit/poseidon/pegasus/somospie/run0009/00/01/generate_train_ID0000036.meta,/mnt/poseidon-data/poseidon/workflows/SOMOSPIE/SOMOSPIE_pegasus/CombinedPipeline/submit/poseidon/pegasus/somospie/run0009/00/01/generate_eval_ID0000041.meta,/mnt/poseidon-data/poseidon/workflows/SOMOSPIE/SOMOSPIE_pegasus/CombinedPipeline/submit/poseidon/pegasus/somospie/run0009/00/01/generate_train_ID0000032.meta,/mnt/poseidon-data/poseidon/workflows/SOMOSPIE/SOMOSPIE_pegasus/CombinedPipeline/submit/poseidon/pegasus/somospie/run0009/00/00/generate_train_ID0000033.meta --insert /mnt/poseidon-data/poseidon/workflows/SOMOSPIE/SOMOSPIE_pegasus/CombinedPipeline/submit/poseidon/pegasus/somospie/run0009/00/01/register_condorpool_5_1.in",3.2,0,0,,,,,,,,,
register_condorpool_5_0,None,auxiliary,0,1711661098.0,,,1711661108.0,,,0.0,1711661108.0,1711661113.0,,,0.0,1711661113.0,1711661118.0,10.0,,0.0,5.0,5.0,,,,,poseidon,local,poseidon-submit,pegasus::rc-client,/mnt/poseidon-data/poseidon/pegasus-5.1.0panorama/bin/pegasus-rc-client,"-n pegasus::rc-client -N null -R local  -L somospie -T 2024-03-27T17:59:14+00:00 /home/poseidon/pegasus-5.1.0panorama/bin/pegasus-rc-client --prefix pegasus.catalog.replica.output --conf /mnt/poseidon-data/poseidon/workflows/SOMOSPIE/SOMOSPIE_pegasus/CombinedPipeline/submit/poseidon/pegasus/somospie/run0009/pegasus.17407056424694942716.properties -v --meta /mnt/poseidon-data/poseidon/workflows/SOMOSPIE/SOMOSPIE_pegasus/CombinedPipeline/submit/poseidon/pegasus/somospie/run0009/00/00/generate_train_ID0000029.meta,/mnt/poseidon-data/poseidon/workflows/SOMOSPIE/SOMOSPIE_pegasus/CombinedPipeline/submit/poseidon/pegasus/somospie/run0009/00/00/generate_train_ID0000037.meta,/mnt/poseidon-data/poseidon/workflows/SOMOSPIE/SOMOSPIE_pegasus/CombinedPipeline/submit/poseidon/pegasus/somospie/run0009/00/00/generate_train_ID0000028.meta,/mnt/poseidon-data/poseidon/workflows/SOMOSPIE/SOMOSPIE_pegasus/CombinedPipeline/submit/poseidon/pegasus/somospie/run0009/00/00/generate_train_ID0000027.meta,/mnt/poseidon-data/poseidon/workflows/SOMOSPIE/SOMOSPIE_pegasus/CombinedPipeline/submit/poseidon/pegasus/somospie/run0009/00/00/generate_train_ID0000034.meta,/mnt/poseidon-data/poseidon/workflows/SOMOSPIE/SOMOSPIE_pegasus/CombinedPipeline/submit/poseidon/pegasus/somospie/run0009/00/01/generate_train_ID0000031.meta,/mnt/poseidon-data/poseidon/workflows/SOMOSPIE/SOMOSPIE_pegasus/CombinedPipeline/submit/poseidon/pegasus/somospie/run0009/00/01/generate_eval_ID0000040.meta,/mnt/poseidon-data/poseidon/workflows/SOMOSPIE/SOMOSPIE_pegasus/CombinedPipeline/submit/poseidon/pegasus/somospie/run0009/00/01/generate_eval_ID0000042.meta,/mnt/poseidon-data/poseidon/workflows/SOMOSPIE/SOMOSPIE_pegasus/CombinedPipeline/submit/poseidon/pegasus/somospie/run0009/00/01/generate_eval_ID0000039.meta,/mnt/poseidon-data/poseidon/workflows/SOMOSPIE/SOMOSPIE_pegasus/CombinedPipeline/submit/poseidon/pegasus/somospie/run0009/00/00/generate_train_ID0000038.meta,/mnt/poseidon-data/poseidon/workflows/SOMOSPIE/SOMOSPIE_pegasus/CombinedPipeline/submit/poseidon/pegasus/somospie/run0009/00/01/generate_train_ID0000030.meta,/mnt/poseidon-data/poseidon/workflows/SOMOSPIE/SOMOSPIE_pegasus/CombinedPipeline/submit/poseidon/pegasus/somospie/run0009/00/01/generate_train_ID0000035.meta,/mnt/poseidon-data/poseidon/workflows/SOMOSPIE/SOMOSPIE_pegasus/CombinedPipeline/submit/poseidon/pegasus/somospie/run0009/00/01/generate_train_ID0000036.meta,/mnt/poseidon-data/poseidon/workflows/SOMOSPIE/SOMOSPIE_pegasus/CombinedPipeline/submit/poseidon/pegasus/somospie/run0009/00/01/generate_eval_ID0000041.meta,/mnt/poseidon-data/poseidon/workflows/SOMOSPIE/SOMOSPIE_pegasus/CombinedPipeline/submit/poseidon/pegasus/somospie/run0009/00/01/generate_train_ID0000032.meta,/mnt/poseidon-data/poseidon/workflows/SOMOSPIE/SOMOSPIE_pegasus/CombinedPipeline/submit/poseidon/pegasus/somospie/run0009/00/00/generate_train_ID0000033.meta --insert /mnt/poseidon-data/poseidon/workflows/SOMOSPIE/SOMOSPIE_pegasus/CombinedPipeline/submit/poseidon/pegasus/somospie/run0009/00/01/register_condorpool_5_0.in",3.1,0,0,,,,,,,,,
cleanup_somospie_0_condorpool,None,auxiliary,0,1711661098.0,,,1711661103.0,,,0.0,1711661103.0,1711661108.0,,,0.0,1711661108.0,1711661113.0,5.0,,0.0,5.0,5.0,,,,,poseidon,local,poseidon-submit,pegasus::cleanup,/mnt/poseidon-data/poseidon/pegasus-5.1.0panorama/bin/pegasus-transfer,pegasus-kickstart  -n pegasus::cleanup -N null -i - -R local  -L somospie -T 2024-03-27T17:59:14+00:00 pegasus-transfer,0.2,0,0,,,,,,,,,
