,anomaly_type,type,is_clustered,ready,pre_script_start,pre_script_end,submit,stage_in_start,stage_in_end,stage_in_effective_bytes_per_sec,execute_start,execute_end,stage_out_start,stage_out_end,stage_out_effective_bytes_per_sec,post_script_start,post_script_end,wms_delay,pre_script_delay,queue_delay,runtime,post_script_delay,stage_in_delay,stage_in_bytes,stage_out_delay,stage_out_bytes,kickstart_user,kickstart_site,kickstart_hostname,kickstart_transformations,kickstart_executables,kickstart_executables_argv,kickstart_executables_cpu_time,kickstart_status,kickstart_executables_exitcode,kickstart_online_iowait,kickstart_online_bytes_read,kickstart_online_bytes_written,kickstart_online_read_system_calls,kickstart_online_write_system_calls,kickstart_online_utime,kickstart_online_stime,kickstart_online_bytes_read_per_second,kickstart_online_bytes_written_per_second
create_dir_somospie_0_condorpool,None,auxiliary,0,1711771685.0,,,1711771686.0,,,0.0,1711771690.0,1711771696.0,,,0.0,1711771696.0,1711771701.0,1.0,,4.0,6.0,5.0,,,,,poseidon,local,poseidon-submit,pegasus::dirmanager,/mnt/poseidon-data/poseidon/pegasus-5.1.0panorama/bin/pegasus-transfer,pegasus-kickstart  -n pegasus::dirmanager -N null -i - -R local  -L somospie -T 2024-03-27T17:59:14+00:00 pegasus-transfer,0.2,0,0,,,,,,,,,
get_sm_ID0000019,None,compute,0,1711771701.0,,,1711771706.0,1711771725.0,1711771745.0,37590819.0,1711771724.0,1711771761.0,1711771752.0,1711771755.0,269442.0,1711771761.0,1711771766.0,5.0,,18.0,37.0,5.0,20.0,459739344.0,3.0,873152.0,poseidon,condorpool,poseidon-worker-1-container-0-3,get_sm,/srv/get_sm,,2.0,0,0,,,,,,,,,
get_sm_ID0000018,cpu_2,compute,0,1711771701.0,,,1711771706.0,1711771725.0,1711771743.0,39972720.0,1711771724.0,1711771761.0,1711771750.0,1711771754.0,218641.0,1711771761.0,1711771766.0,5.0,,18.0,37.0,5.0,18.0,449409643.0,4.0,716593.0,poseidon,condorpool,poseidon-worker-2-container-32-35,get_sm,/srv/get_sm,,1.8,0,0,,,,,,,,,
get_sm_ID0000017,cpu_2,compute,0,1711771701.0,,,1711771706.0,1711771725.0,1711771746.0,33996073.0,1711771724.0,1711771766.0,1711771753.0,1711771756.0,185443.0,1711771766.0,1711771771.0,5.0,,18.0,42.0,5.0,21.0,444771924.0,3.0,613264.0,poseidon,condorpool,poseidon-worker-1-container-16-19,get_sm,/srv/get_sm,,1.8,0,0,,,,,,,,,
get_sm_ID0000016,None,compute,0,1711771701.0,,,1711771706.0,1711771725.0,1711771744.0,37393306.8,1711771724.0,1711771761.0,1711771751.0,1711771754.0,172296.0,1711771761.0,1711771766.0,5.0,,18.0,37.0,5.0,19.0,436178789.0,3.0,550490.0,poseidon,condorpool,poseidon-worker-1-container-36-39,get_sm,/srv/get_sm,,1.7,0,0,,,,,,,,,
get_sm_ID0000026,cpu_2,compute,0,1711771701.0,,,1711771706.0,1711771725.0,1711771745.0,32228759.3,1711771724.0,1711771761.0,1711771752.0,1711771755.0,190437.0,1711771761.0,1711771766.0,5.0,,18.0,37.0,5.0,20.0,442257808.0,3.0,608523.0,poseidon,condorpool,poseidon-worker-2-container-24-27,get_sm,/srv/get_sm,,1.8,0,0,,,,,,,,,
get_sm_ID0000015,None,compute,0,1711771701.0,,,1711771706.0,1711771725.0,1711771746.0,32401496.1,1711771724.0,1711771766.0,1711771754.0,1711771757.0,169555.0,1711771766.0,1711771771.0,5.0,,18.0,42.0,5.0,21.0,440090843.0,3.0,551360.0,poseidon,condorpool,poseidon-worker-1-container-32-35,get_sm,/srv/get_sm,,2.0,0,0,,,,,,,,,
merge_ID0000001,cpu_2,compute,0,1711771701.0,,,1711771706.0,1711771725.0,1711771745.0,132286830.0,1711771724.0,1711771806.0,1711771786.0,1711771800.0,91380753.0,1711771806.0,1711771811.0,5.0,,18.0,82.0,5.0,20.0,1726068480.0,14.0,1298102725.0,poseidon,condorpool,poseidon-worker-2-container-16-19,merge,/srv/merge,,40.0,0,0,0.0,864969018.0,1137900852.0,8290.0,34749.0,25.6,1.8,43248450.9,56895042.6
get_sm_ID0000024,None,compute,0,1711771701.0,,,1711771706.0,1711771725.0,1711771746.0,34998652.0,1711771724.0,1711771766.0,1711771753.0,1711771756.0,255178.0,1711771766.0,1711771771.0,5.0,,18.0,42.0,5.0,21.0,457521962.0,3.0,830231.0,poseidon,condorpool,poseidon-worker-2-container-40-43,get_sm,/srv/get_sm,,1.9,0,0,,,,,,,,,
get_sm_ID0000023,cpu_2,compute,0,1711771701.0,,,1711771706.0,1711771725.0,1711771746.0,31517493.5,1711771724.0,1711771766.0,1711771753.0,1711771757.0,291268.0,1711771766.0,1711771771.0,5.0,,18.0,42.0,5.0,21.0,467398273.0,4.0,943297.0,poseidon,condorpool,poseidon-worker-1-container-20-23,get_sm,/srv/get_sm,,1.9,0,0,,,,,,,,,
get_sm_ID0000022,None,compute,0,1711771701.0,,,1711771706.0,1711771725.0,1711771747.0,30502919.3,1711771724.0,1711771766.0,1711771754.0,1711771757.0,293739.0,1711771766.0,1711771771.0,5.0,,18.0,42.0,5.0,22.0,475800760.0,3.0,952852.0,poseidon,condorpool,poseidon-worker-1-container-40-43,get_sm,/srv/get_sm,,2.1,0,0,,,,,,,,,
get_sm_ID0000021,cpu_2,compute,0,1711771701.0,,,1711771706.0,1711771725.0,1711771744.0,37684509.5,1711771724.0,1711771761.0,1711771751.0,1711771754.0,298553.0,1711771761.0,1711771766.0,5.0,,18.0,37.0,5.0,19.0,475840244.0,3.0,951505.0,poseidon,condorpool,poseidon-worker-2-container-44-47,get_sm,/srv/get_sm,,1.9,0,0,,,,,,,,,
get_sm_ID0000020,cpu_2,compute,0,1711771701.0,,,1711771706.0,1711771725.0,1711771745.0,36869057.6,1711771724.0,1711771761.0,1711771752.0,1711771755.0,292605.0,1711771761.0,1711771766.0,5.0,,18.0,37.0,5.0,20.0,470635724.0,3.0,945682.0,poseidon,condorpool,poseidon-worker-1-container-44-47,get_sm,/srv/get_sm,,1.8,0,0,,,,,,,,,
get_sm_ID0000025,None,compute,0,1711771701.0,,,1711771706.0,1711771725.0,1711771745.0,32271577.5,1711771724.0,1711771766.0,1711771752.0,1711771756.0,219472.0,1711771766.0,1711771771.0,5.0,,18.0,42.0,5.0,20.0,447555942.0,4.0,712778.0,poseidon,condorpool,poseidon-worker-2-container-36-39,get_sm,/srv/get_sm,,2.0,0,0,,,,,,,,,
stage_out_local_condorpool_0_1,None,transfer,0,1711771771.0,,,1711771776.0,,,0.0,1711771776.0,1711771781.0,,,0.0,1711771781.0,1711771786.0,5.0,,0.0,5.0,5.0,,,,,poseidon,local,poseidon-submit,pegasus::transfer,/mnt/poseidon-data/poseidon/pegasus-5.1.0panorama/bin/pegasus-transfer,/home/poseidon/pegasus-5.1.0panorama/bin/../bin/pegasus-kickstart  -n pegasus::transfer -N null -i - -R local  -L somospie -T 2024-03-27T17:59:14+00:00 /home/poseidon/pegasus-5.1.0panorama/bin/../bin/pegasus-transfer  --threads 2,0.8,0,0,,,,,,,,,
register_condorpool_0_1,None,auxiliary,0,1711771786.0,,,1711771791.0,,,0.0,1711771791.0,1711771796.0,,,0.0,1711771796.0,1711771801.0,5.0,,0.0,5.0,5.0,,,,,poseidon,local,poseidon-submit,pegasus::rc-client,/mnt/poseidon-data/poseidon/pegasus-5.1.0panorama/bin/pegasus-rc-client,"-n pegasus::rc-client -N null -R local  -L somospie -T 2024-03-27T17:59:14+00:00 /home/poseidon/pegasus-5.1.0panorama/bin/pegasus-rc-client --prefix pegasus.catalog.replica.output --conf /mnt/poseidon-data/poseidon/workflows/SOMOSPIE/SOMOSPIE_pegasus/CombinedPipeline/submit/poseidon/pegasus/somospie/run0173/pegasus.13221430167430341999.properties -v --meta /mnt/poseidon-data/poseidon/workflows/SOMOSPIE/SOMOSPIE_pegasus/CombinedPipeline/submit/poseidon/pegasus/somospie/run0173/00/00/get_sm_ID0000022.meta,/mnt/poseidon-data/poseidon/workflows/SOMOSPIE/SOMOSPIE_pegasus/CombinedPipeline/submit/poseidon/pegasus/somospie/run0173/00/00/get_sm_ID0000016.meta,/mnt/poseidon-data/poseidon/workflows/SOMOSPIE/SOMOSPIE_pegasus/CombinedPipeline/submit/poseidon/pegasus/somospie/run0173/00/00/get_sm_ID0000026.meta,/mnt/poseidon-data/poseidon/workflows/SOMOSPIE/SOMOSPIE_pegasus/CombinedPipeline/submit/poseidon/pegasus/somospie/run0173/00/00/get_sm_ID0000019.meta,/mnt/poseidon-data/poseidon/workflows/SOMOSPIE/SOMOSPIE_pegasus/CombinedPipeline/submit/poseidon/pegasus/somospie/run0173/00/00/get_sm_ID0000020.meta,/mnt/poseidon-data/poseidon/workflows/SOMOSPIE/SOMOSPIE_pegasus/CombinedPipeline/submit/poseidon/pegasus/somospie/run0173/00/00/get_sm_ID0000024.meta --insert /mnt/poseidon-data/poseidon/workflows/SOMOSPIE/SOMOSPIE_pegasus/CombinedPipeline/submit/poseidon/pegasus/somospie/run0173/00/00/register_condorpool_0_1.in",3.0,0,0,,,,,,,,,
reproject_ID0000002,cpu_2,compute,0,1711771811.0,,,1711771816.0,1711771817.0,1711771836.0,143208858.0,1711771817.0,1711771902.0,1711771880.0,1711771893.0,88106848.0,1711771902.0,1711771907.0,5.0,,1.0,85.0,5.0,19.0,1696973986.0,13.0,1125581407.0,poseidon,condorpool,poseidon-worker-1-container-44-47,reproject,/srv/reproject,,49.6,0,0,0.0,1448696702.0,1115534015.0,49157.0,34074.0,43.7,4.3,48289890.1,37184467.2
stage_out_local_condorpool_0_0,None,transfer,0,1711771811.0,,,1711771816.0,,,0.0,1711771816.0,1711771826.0,,,0.0,1711771826.0,1711771831.0,5.0,,0.0,10.0,5.0,,,,,poseidon,local,poseidon-submit,pegasus::transfer,/mnt/poseidon-data/poseidon/pegasus-5.1.0panorama/bin/pegasus-transfer,/home/poseidon/pegasus-5.1.0panorama/bin/../bin/pegasus-kickstart  -n pegasus::transfer -N null -i - -R local  -L somospie -T 2024-03-27T17:59:14+00:00 /home/poseidon/pegasus-5.1.0panorama/bin/../bin/pegasus-transfer  --threads 2,4.6,0,0,,,,,,,,,
reproject_ID0000011,cpu_2,compute,0,1711771811.0,,,1711771816.0,1711771817.0,1711771836.0,140455303.9,1711771816.0,1711771902.0,1711771881.0,1711771895.0,92113849.0,1711771902.0,1711771907.0,5.0,,0.0,86.0,5.0,19.0,1696973136.0,14.0,1298118839.0,poseidon,condorpool,poseidon-worker-2-container-16-19,reproject,/srv/reproject,,50.7,0,0,0.0,1311985321.0,1297022283.0,17276.0,39623.0,45.5,3.2,43732844.0,43234076.1
register_condorpool_0_0,None,auxiliary,0,1711771831.0,,,1711771836.0,,,0.0,1711771836.0,1711771841.0,,,0.0,1711771841.0,1711771846.0,5.0,,0.0,5.0,5.0,,,,,poseidon,local,poseidon-submit,pegasus::rc-client,/mnt/poseidon-data/poseidon/pegasus-5.1.0panorama/bin/pegasus-rc-client,"-n pegasus::rc-client -N null -R local  -L somospie -T 2024-03-27T17:59:14+00:00 /home/poseidon/pegasus-5.1.0panorama/bin/pegasus-rc-client --prefix pegasus.catalog.replica.output --conf /mnt/poseidon-data/poseidon/workflows/SOMOSPIE/SOMOSPIE_pegasus/CombinedPipeline/submit/poseidon/pegasus/somospie/run0173/pegasus.13221430167430341999.properties -v --meta /mnt/poseidon-data/poseidon/workflows/SOMOSPIE/SOMOSPIE_pegasus/CombinedPipeline/submit/poseidon/pegasus/somospie/run0173/00/00/get_sm_ID0000017.meta,/mnt/poseidon-data/poseidon/workflows/SOMOSPIE/SOMOSPIE_pegasus/CombinedPipeline/submit/poseidon/pegasus/somospie/run0173/00/00/get_sm_ID0000025.meta,/mnt/poseidon-data/poseidon/workflows/SOMOSPIE/SOMOSPIE_pegasus/CombinedPipeline/submit/poseidon/pegasus/somospie/run0173/00/00/get_sm_ID0000015.meta,/mnt/poseidon-data/poseidon/workflows/SOMOSPIE/SOMOSPIE_pegasus/CombinedPipeline/submit/poseidon/pegasus/somospie/run0173/00/00/merge_ID0000001.meta,/mnt/poseidon-data/poseidon/workflows/SOMOSPIE/SOMOSPIE_pegasus/CombinedPipeline/submit/poseidon/pegasus/somospie/run0173/00/00/get_sm_ID0000021.meta,/mnt/poseidon-data/poseidon/workflows/SOMOSPIE/SOMOSPIE_pegasus/CombinedPipeline/submit/poseidon/pegasus/somospie/run0173/00/00/get_sm_ID0000023.meta,/mnt/poseidon-data/poseidon/workflows/SOMOSPIE/SOMOSPIE_pegasus/CombinedPipeline/submit/poseidon/pegasus/somospie/run0173/00/00/get_sm_ID0000018.meta --insert /mnt/poseidon-data/poseidon/workflows/SOMOSPIE/SOMOSPIE_pegasus/CombinedPipeline/submit/poseidon/pegasus/somospie/run0173/00/00/register_condorpool_0_0.in",3.1,0,0,,,,,,,,,
stage_out_local_condorpool_1_0,None,transfer,0,1711771907.0,,,1711771912.0,,,0.0,1711771912.0,1711771922.0,,,0.0,1711771922.0,1711771927.0,5.0,,0.0,10.0,5.0,,,,,poseidon,local,poseidon-submit,pegasus::transfer,/mnt/poseidon-data/poseidon/pegasus-5.1.0panorama/bin/pegasus-transfer,/home/poseidon/pegasus-5.1.0panorama/bin/../bin/pegasus-kickstart  -n pegasus::transfer -N null -i - -R local  -L somospie -T 2024-03-27T17:59:14+00:00 /home/poseidon/pegasus-5.1.0panorama/bin/../bin/pegasus-transfer  --threads 2,7.1,0,0,,,,,,,,,
crop_ID0000009,cpu_2,compute,0,1711771907.0,,,1711771912.0,1711771913.0,1711771932.0,131742590.7,1711771912.0,1711771957.0,1711771943.0,1711771947.0,24143924.0,1711771957.0,1711771962.0,5.0,,0.0,45.0,5.0,19.0,1524452582.0,4.0,99654844.0,poseidon,condorpool,poseidon-worker-2-container-16-19,crop,/srv/crop,,2.8,0,0,,,,,,,,,
crop_ID0000007,cpu_2,compute,0,1711771907.0,,,1711771912.0,1711771913.0,1711771932.0,133525175.7,1711771912.0,1711771957.0,1711771944.0,1711771949.0,39448014.0,1711771957.0,1711771962.0,5.0,,0.0,45.0,5.0,19.0,1524452582.0,5.0,194227221.0,poseidon,condorpool,poseidon-worker-1-container-44-47,crop,/srv/crop,,3.8,0,0,,,,,,,,,
crop_ID0000005,cpu_2,compute,0,1711771907.0,,,1711771912.0,1711771917.0,1711771935.0,145119884.3,1711771916.0,1711771957.0,1711771944.0,1711771948.0,1288031.0,1711771957.0,1711771962.0,5.0,,4.0,41.0,5.0,18.0,1524452582.0,4.0,4263385.0,poseidon,condorpool,poseidon-worker-1-container-44-47,crop,/srv/crop,,1.9,0,0,,,,,,,,,
crop_ID0000003,cpu_2,compute,0,1711771907.0,,,1711771912.0,1711771917.0,1711771935.0,143039045.3,1711771916.0,1711771957.0,1711771945.0,1711771948.0,773028.0,1711771957.0,1711771962.0,5.0,,4.0,41.0,5.0,18.0,1524452582.0,3.0,2530349.0,poseidon,condorpool,poseidon-worker-2-container-16-19,crop,/srv/crop,,1.8,0,0,,,,,,,,,
register_condorpool_1_0,None,auxiliary,0,1711771927.0,,,1711771932.0,,,0.0,1711771932.0,1711771937.0,,,0.0,1711771937.0,1711771942.0,5.0,,0.0,5.0,5.0,,,,,poseidon,local,poseidon-submit,pegasus::rc-client,/mnt/poseidon-data/poseidon/pegasus-5.1.0panorama/bin/pegasus-rc-client,"-n pegasus::rc-client -N null -R local  -L somospie -T 2024-03-27T17:59:14+00:00 /home/poseidon/pegasus-5.1.0panorama/bin/pegasus-rc-client --prefix pegasus.catalog.replica.output --conf /mnt/poseidon-data/poseidon/workflows/SOMOSPIE/SOMOSPIE_pegasus/CombinedPipeline/submit/poseidon/pegasus/somospie/run0173/pegasus.13221430167430341999.properties -v --meta /mnt/poseidon-data/poseidon/workflows/SOMOSPIE/SOMOSPIE_pegasus/CombinedPipeline/submit/poseidon/pegasus/somospie/run0173/00/00/reproject_ID0000002.meta,/mnt/poseidon-data/poseidon/workflows/SOMOSPIE/SOMOSPIE_pegasus/CombinedPipeline/submit/poseidon/pegasus/somospie/run0173/00/00/reproject_ID0000011.meta --insert /mnt/poseidon-data/poseidon/workflows/SOMOSPIE/SOMOSPIE_pegasus/CombinedPipeline/submit/poseidon/pegasus/somospie/run0173/00/00/register_condorpool_1_0.in",3.0,0,0,,,,,,,,,
stage_out_local_condorpool_2_0,None,transfer,0,1711771962.0,,,1711771967.0,,,0.0,1711771968.0,1711771972.0,,,0.0,1711771972.0,1711771977.0,5.0,,1.0,4.0,5.0,,,,,poseidon,local,poseidon-submit,pegasus::transfer,/mnt/poseidon-data/poseidon/pegasus-5.1.0panorama/bin/pegasus-transfer,/home/poseidon/pegasus-5.1.0panorama/bin/../bin/pegasus-kickstart  -n pegasus::transfer -N null -i - -R local  -L somospie -T 2024-03-27T17:59:14+00:00 /home/poseidon/pegasus-5.1.0panorama/bin/../bin/pegasus-transfer  --threads 2,1.4,0,0,,,,,,,,,
compute_ID0000006,cpu_2,compute,0,1711771962.0,,,1711771967.0,1711771969.0,1711771983.0,58567102.7,1711771968.0,1711772002.0,1711771993.0,1711771996.0,2935413.0,1711772002.0,1711772007.0,5.0,,1.0,34.0,5.0,14.0,403134097.0,3.0,9696865.0,poseidon,condorpool,poseidon-worker-1-container-44-47,compute,/srv/compute,,5.1,0,0,,,,,,,,,
compute_ID0000004,cpu_2,compute,0,1711771962.0,,,1711771967.0,1711771969.0,1711771982.0,64186720.7,1711771968.0,1711772002.0,1711771992.0,1711771996.0,1583858.0,1711772002.0,1711772007.0,5.0,,1.0,34.0,5.0,13.0,401401061.0,4.0,5326886.0,poseidon,condorpool,poseidon-worker-2-container-44-47,compute,/srv/compute,,5.0,0,0,,,,,,,,,
compute_ID0000010,cpu_2,compute,0,1711771962.0,,,1711771967.0,1711771969.0,1711771983.0,75359558.2,1711771968.0,1711772012.0,1711772000.0,1711772005.0,46900609.0,1711772012.0,1711772017.0,5.0,,1.0,44.0,5.0,14.0,498525556.0,5.0,250017804.0,poseidon,condorpool,poseidon-worker-2-container-16-19,compute,/srv/compute,,11.7,0,0,0.0,306069124.0,242226917.0,4608.0,7418.0,9.3,0.7,30606912.4,24222691.7
compute_ID0000008,None,compute,0,1711771962.0,,,1711771967.0,1711771969.0,1711771983.0,80396786.9,1711771968.0,1711772022.0,1711772007.0,1711772014.0,67770516.0,1711772022.0,1711772027.0,5.0,,1.0,54.0,5.0,14.0,593097933.0,7.0,506706062.0,poseidon,condorpool,poseidon-worker-1-container-40-43,compute,/srv/compute,,17.5,0,0,0.0,331328937.0,358132834.0,4160.0,10946.0,9.2,0.8,33132893.7,35813283.4
register_condorpool_2_0,None,auxiliary,0,1711771977.0,,,1711771982.0,,,0.0,1711771982.0,1711771987.0,,,0.0,1711771987.0,1711771992.0,5.0,,0.0,5.0,5.0,,,,,poseidon,local,poseidon-submit,pegasus::rc-client,/mnt/poseidon-data/poseidon/pegasus-5.1.0panorama/bin/pegasus-rc-client,"-n pegasus::rc-client -N null -R local  -L somospie -T 2024-03-27T17:59:14+00:00 /home/poseidon/pegasus-5.1.0panorama/bin/pegasus-rc-client --prefix pegasus.catalog.replica.output --conf /mnt/poseidon-data/poseidon/workflows/SOMOSPIE/SOMOSPIE_pegasus/CombinedPipeline/submit/poseidon/pegasus/somospie/run0173/pegasus.13221430167430341999.properties -v --meta /mnt/poseidon-data/poseidon/workflows/SOMOSPIE/SOMOSPIE_pegasus/CombinedPipeline/submit/poseidon/pegasus/somospie/run0173/00/00/crop_ID0000003.meta,/mnt/poseidon-data/poseidon/workflows/SOMOSPIE/SOMOSPIE_pegasus/CombinedPipeline/submit/poseidon/pegasus/somospie/run0173/00/00/crop_ID0000009.meta,/mnt/poseidon-data/poseidon/workflows/SOMOSPIE/SOMOSPIE_pegasus/CombinedPipeline/submit/poseidon/pegasus/somospie/run0173/00/00/crop_ID0000005.meta,/mnt/poseidon-data/poseidon/workflows/SOMOSPIE/SOMOSPIE_pegasus/CombinedPipeline/submit/poseidon/pegasus/somospie/run0173/00/00/crop_ID0000007.meta --insert /mnt/poseidon-data/poseidon/workflows/SOMOSPIE/SOMOSPIE_pegasus/CombinedPipeline/submit/poseidon/pegasus/somospie/run0173/00/00/register_condorpool_2_0.in",3.0,0,0,,,,,,,,,
stage_out_local_condorpool_3_0,None,transfer,0,1711772027.0,,,1711772032.0,,,0.0,1711772032.0,1711772042.0,,,0.0,1711772042.0,1711772047.0,5.0,,0.0,10.0,5.0,,,,,poseidon,local,poseidon-submit,pegasus::transfer,/mnt/poseidon-data/poseidon/pegasus-5.1.0panorama/bin/pegasus-transfer,/home/poseidon/pegasus-5.1.0panorama/bin/../bin/pegasus-kickstart  -n pegasus::transfer -N null -i - -R local  -L somospie -T 2024-03-27T17:59:14+00:00 /home/poseidon/pegasus-5.1.0panorama/bin/../bin/pegasus-transfer  --threads 2,3.5,0,0,,,,,,,,,
merge_avg_ID0000014,None,compute,0,1711772027.0,,,1711772032.0,1711772033.0,1711772049.0,82491204.5,1711772032.0,1711772102.0,1711772090.0,1711772096.0,53609754.0,1711772102.0,1711772107.0,5.0,,0.0,70.0,5.0,16.0,737559838.0,6.0,309527239.0,poseidon,condorpool,poseidon-worker-1-container-40-43,merge_avg,/srv/merge_avg,,45.0,0,0,0.0,1127808310.0,671157696.0,49047.0,20595.0,23.9,6.5,37593610.3,22371923.2
merge_avg_ID0000012,cpu_2,compute,0,1711772027.0,,,1711772032.0,1711772033.0,1711772049.0,82778791.0,1711772032.0,1711772107.0,1711772091.0,1711772097.0,53332705.0,1711772107.0,1711772112.0,5.0,,0.0,75.0,5.0,16.0,731979063.0,6.0,304811410.0,poseidon,condorpool,poseidon-worker-2-container-44-47,merge_avg,/srv/merge_avg,,42.5,0,0,0.0,1160145093.0,668680022.0,50330.0,20528.0,25.2,6.4,38671503.1,22289334.1
merge_avg_ID0000013,cpu_2,compute,0,1711772027.0,,,1711772032.0,1711772033.0,1711772048.0,61691795.3,1711772032.0,1711772102.0,1711772088.0,1711772092.0,24132862.0,1711772102.0,1711772107.0,5.0,,0.0,70.0,5.0,15.0,498824437.0,4.0,98388765.0,poseidon,condorpool,poseidon-worker-2-container-16-19,merge_avg,/srv/merge_avg,,38.7,0,0,0.0,459506170.0,199657229.0,48348.0,6219.0,23.2,6.9,15316872.3,6655241.0
register_condorpool_3_0,None,auxiliary,0,1711772047.0,,,1711772052.0,,,0.0,1711772052.0,1711772057.0,,,0.0,1711772057.0,1711772062.0,5.0,,0.0,5.0,5.0,,,,,poseidon,local,poseidon-submit,pegasus::rc-client,/mnt/poseidon-data/poseidon/pegasus-5.1.0panorama/bin/pegasus-rc-client,"-n pegasus::rc-client -N null -R local  -L somospie -T 2024-03-27T17:59:14+00:00 /home/poseidon/pegasus-5.1.0panorama/bin/pegasus-rc-client --prefix pegasus.catalog.replica.output --conf /mnt/poseidon-data/poseidon/workflows/SOMOSPIE/SOMOSPIE_pegasus/CombinedPipeline/submit/poseidon/pegasus/somospie/run0173/pegasus.13221430167430341999.properties -v --meta /mnt/poseidon-data/poseidon/workflows/SOMOSPIE/SOMOSPIE_pegasus/CombinedPipeline/submit/poseidon/pegasus/somospie/run0173/00/00/compute_ID0000008.meta,/mnt/poseidon-data/poseidon/workflows/SOMOSPIE/SOMOSPIE_pegasus/CombinedPipeline/submit/poseidon/pegasus/somospie/run0173/00/00/compute_ID0000006.meta,/mnt/poseidon-data/poseidon/workflows/SOMOSPIE/SOMOSPIE_pegasus/CombinedPipeline/submit/poseidon/pegasus/somospie/run0173/00/00/compute_ID0000010.meta,/mnt/poseidon-data/poseidon/workflows/SOMOSPIE/SOMOSPIE_pegasus/CombinedPipeline/submit/poseidon/pegasus/somospie/run0173/00/00/compute_ID0000004.meta --insert /mnt/poseidon-data/poseidon/workflows/SOMOSPIE/SOMOSPIE_pegasus/CombinedPipeline/submit/poseidon/pegasus/somospie/run0173/00/00/register_condorpool_3_0.in",3.0,0,0,,,,,,,,,
generate_train_ID0000034,cpu_2,compute,0,1711772112.0,,,1711772117.0,1711772133.0,1711772160.0,120085397.3,1711772132.0,1711772182.0,1711772172.0,1711772175.0,394930.0,1711772182.0,1711772187.0,5.0,,15.0,50.0,5.0,27.0,2411404099.0,3.0,1275159.0,poseidon,condorpool,poseidon-worker-1-container-44-47,generate_train,/srv/generate_train,,0.8,0,0,,,,,,,,,
generate_eval_ID0000041,None,compute,0,1711772112.0,,,1711772117.0,1711772133.0,1711772157.0,149374461.0,1711772132.0,1711772202.0,1711772186.0,1711772194.0,70941493.0,1711772202.0,1711772207.0,5.0,,15.0,70.0,5.0,24.0,2410452250.0,8.0,561272484.0,poseidon,condorpool,poseidon-worker-2-container-36-39,generate_eval,/srv/generate_eval,,16.1,0,0,0.1,315716105.0,305871108.0,4457.0,9369.0,8.8,0.9,31571610.5,30587110.8
generate_eval_ID0000040,None,compute,0,1711772112.0,,,1711772117.0,1711772133.0,1711772167.0,91660806.0,1711772132.0,1711772197.0,1711772184.0,1711772188.0,2561060.0,1711772197.0,1711772202.0,5.0,,15.0,65.0,5.0,34.0,2410452250.0,4.0,8350187.0,poseidon,condorpool,poseidon-worker-1-container-32-35,generate_eval,/srv/generate_eval,,7.8,0,0,,,,,,,,,
generate_train_ID0000030,cpu_2,compute,0,1711772112.0,,,1711772117.0,1711772133.0,1711772166.0,95082244.5,1711772132.0,1711772187.0,1711772176.0,1711772180.0,301921.0,1711772187.0,1711772192.0,5.0,,15.0,55.0,5.0,33.0,2411167840.0,4.0,973028.0,poseidon,condorpool,poseidon-worker-2-container-24-27,generate_train,/srv/generate_train,,0.8,0,0,,,,,,,,,
generate_eval_ID0000039,None,compute,0,1711772112.0,,,1711772117.0,1711772133.0,1711772162.0,110965285.4,1711772132.0,1711772192.0,1711772180.0,1711772183.0,2766389.0,1711772192.0,1711772197.0,5.0,,15.0,60.0,5.0,29.0,2410452250.0,3.0,9068473.0,poseidon,condorpool,poseidon-worker-1-container-0-3,generate_eval,/srv/generate_eval,,8.0,0,0,,,,,,,,,
generate_eval_ID0000042,cpu_2,compute,0,1711772112.0,,,1711772117.0,1711772133.0,1711772158.0,140931501.5,1711772132.0,1711772192.0,1711772180.0,1711772186.0,45970978.0,1711772192.0,1711772197.0,5.0,,15.0,60.0,5.0,25.0,2410452250.0,6.0,240602325.0,poseidon,condorpool,poseidon-worker-1-container-16-19,generate_eval,/srv/generate_eval,,11.5,0,0,0.1,238575906.0,238303501.0,4133.0,7314.0,9.2,0.8,23857590.6,23830350.1
generate_train_ID0000032,cpu_2,compute,0,1711772112.0,,,1711772117.0,1711772133.0,1711772160.0,122351951.1,1711772132.0,1711772182.0,1711772170.0,1711772174.0,393607.0,1711772182.0,1711772187.0,5.0,,15.0,50.0,5.0,27.0,2411396929.0,4.0,1265871.0,poseidon,condorpool,poseidon-worker-2-container-32-35,generate_train,/srv/generate_train,,0.8,0,0,,,,,,,,,
generate_train_ID0000031,None,compute,0,1711772112.0,,,1711772117.0,1711772133.0,1711772161.0,116510996.1,1711772132.0,1711772182.0,1711772172.0,1711772175.0,363952.0,1711772182.0,1711772187.0,5.0,,15.0,50.0,5.0,28.0,2411324399.0,3.0,1175014.0,poseidon,condorpool,poseidon-worker-1-container-36-39,generate_train,/srv/generate_train,,0.8,0,0,,,,,,,,,
generate_train_ID0000036,None,compute,0,1711772112.0,,,1711772117.0,1711772133.0,1711772161.0,112372918.2,1711772132.0,1711772182.0,1711772172.0,1711772175.0,344802.0,1711772182.0,1711772187.0,5.0,,15.0,50.0,5.0,28.0,2411281478.0,3.0,1118721.0,poseidon,condorpool,poseidon-worker-2-container-40-43,generate_train,/srv/generate_train,,0.8,0,0,,,,,,,,,
generate_train_ID0000029,None,compute,0,1711772112.0,,,1711772117.0,1711772133.0,1711772161.0,117332259.0,1711772132.0,1711772182.0,1711772172.0,1711772175.0,260388.0,1711772182.0,1711772187.0,5.0,,15.0,50.0,5.0,28.0,2411064511.0,3.0,843408.0,poseidon,condorpool,poseidon-worker-1-container-40-43,generate_train,/srv/generate_train,,0.8,0,0,,,,,,,,,
generate_train_ID0000033,cpu_2,compute,0,1711772112.0,,,1711772117.0,1711772133.0,1711772166.0,92138493.8,1711772132.0,1711772187.0,1711772177.0,1711772180.0,399485.0,1711772187.0,1711772192.0,5.0,,15.0,55.0,5.0,33.0,2411402752.0,3.0,1274805.0,poseidon,condorpool,poseidon-worker-2-container-16-19,generate_train,/srv/generate_train,,0.8,0,0,,,,,,,,,
generate_train_ID0000028,cpu_2,compute,0,1711772112.0,,,1711772117.0,1711772133.0,1711772161.0,116252458.8,1711772132.0,1711772182.0,1711772172.0,1711772175.0,236118.0,1711772182.0,1711772187.0,5.0,,15.0,50.0,5.0,28.0,2411001737.0,3.0,762584.0,poseidon,condorpool,poseidon-worker-2-container-44-47,generate_train,/srv/generate_train,,0.8,0,0,,,,,,,,,
stage_out_local_condorpool_4_0,None,transfer,0,1711772112.0,,,1711772117.0,,,0.0,1711772117.0,1711772122.0,,,0.0,1711772122.0,1711772127.0,5.0,,0.0,5.0,5.0,,,,,poseidon,local,poseidon-submit,pegasus::transfer,/mnt/poseidon-data/poseidon/pegasus-5.1.0panorama/bin/pegasus-transfer,/home/poseidon/pegasus-5.1.0panorama/bin/../bin/pegasus-kickstart  -n pegasus::transfer -N null -i - -R local  -L somospie -T 2024-03-27T17:59:14+00:00 /home/poseidon/pegasus-5.1.0panorama/bin/../bin/pegasus-transfer  --threads 2,2.5,0,0,,,,,,,,,
generate_train_ID0000027,cpu_2,compute,0,1711772112.0,,,1711772117.0,1711772118.0,1711772144.0,130412782.4,1711772117.0,1711772167.0,1711772155.0,1711772159.0,231946.0,1711772167.0,1711772172.0,5.0,,0.0,50.0,5.0,26.0,2411002607.0,4.0,764017.0,poseidon,condorpool,poseidon-worker-2-container-16-19,generate_train,/srv/generate_train,,0.7,0,0,,,,,,,,,
generate_train_ID0000038,cpu_2,compute,0,1711772112.0,,,1711772117.0,1711772118.0,1711772142.0,146855798.1,1711772117.0,1711772162.0,1711772153.0,1711772156.0,242672.0,1711772162.0,1711772167.0,5.0,,0.0,45.0,5.0,24.0,2411059770.0,3.0,837547.0,poseidon,condorpool,poseidon-worker-2-container-44-47,generate_train,/srv/generate_train,,0.8,0,0,,,,,,,,,
generate_train_ID0000037,None,compute,0,1711772112.0,,,1711772117.0,1711772118.0,1711772146.0,113090406.8,1711772117.0,1711772167.0,1711772158.0,1711772161.0,294977.0,1711772167.0,1711772172.0,5.0,,0.0,50.0,5.0,28.0,2411164025.0,3.0,969901.0,poseidon,condorpool,poseidon-worker-1-container-40-43,generate_train,/srv/generate_train,,0.9,0,0,,,,,,,,,
generate_train_ID0000035,cpu_2,compute,0,1711772112.0,,,1711772117.0,1711772133.0,1711772158.0,137967537.6,1711772132.0,1711772177.0,1711772168.0,1711772172.0,393078.0,1711772177.0,1711772182.0,5.0,,15.0,45.0,5.0,25.0,2411394544.0,4.0,1261244.0,poseidon,condorpool,poseidon-worker-1-container-20-23,generate_train,/srv/generate_train,,0.8,0,0,,,,,,,,,
register_condorpool_4_0,None,auxiliary,0,1711772127.0,,,1711772132.0,,,0.0,1711772137.0,1711772142.0,,,0.0,1711772142.0,1711772147.0,5.0,,5.0,5.0,5.0,,,,,poseidon,local,poseidon-submit,pegasus::rc-client,/mnt/poseidon-data/poseidon/pegasus-5.1.0panorama/bin/pegasus-rc-client,"-n pegasus::rc-client -N null -R local  -L somospie -T 2024-03-27T17:59:14+00:00 /home/poseidon/pegasus-5.1.0panorama/bin/pegasus-rc-client --prefix pegasus.catalog.replica.output --conf /mnt/poseidon-data/poseidon/workflows/SOMOSPIE/SOMOSPIE_pegasus/CombinedPipeline/submit/poseidon/pegasus/somospie/run0173/pegasus.13221430167430341999.properties -v --meta /mnt/poseidon-data/poseidon/workflows/SOMOSPIE/SOMOSPIE_pegasus/CombinedPipeline/submit/poseidon/pegasus/somospie/run0173/00/00/merge_avg_ID0000013.meta,/mnt/poseidon-data/poseidon/workflows/SOMOSPIE/SOMOSPIE_pegasus/CombinedPipeline/submit/poseidon/pegasus/somospie/run0173/00/00/merge_avg_ID0000012.meta,/mnt/poseidon-data/poseidon/workflows/SOMOSPIE/SOMOSPIE_pegasus/CombinedPipeline/submit/poseidon/pegasus/somospie/run0173/00/00/merge_avg_ID0000014.meta --insert /mnt/poseidon-data/poseidon/workflows/SOMOSPIE/SOMOSPIE_pegasus/CombinedPipeline/submit/poseidon/pegasus/somospie/run0173/00/00/register_condorpool_4_0.in",2.9,0,0,,,,,,,,,
stage_out_local_condorpool_5_0,None,transfer,0,1711772207.0,,,1711772212.0,,,0.0,1711772212.0,1711772222.0,,,0.0,1711772222.0,1711772227.0,5.0,,0.0,10.0,5.0,,,,,poseidon,local,poseidon-submit,pegasus::transfer,/mnt/poseidon-data/poseidon/pegasus-5.1.0panorama/bin/pegasus-transfer,/home/poseidon/pegasus-5.1.0panorama/bin/../bin/pegasus-kickstart  -n pegasus::transfer -N null -i - -R local  -L somospie -T 2024-03-27T17:59:14+00:00 /home/poseidon/pegasus-5.1.0panorama/bin/../bin/pegasus-transfer  --threads 2,4.0,0,0,,,,,,,,,
stage_out_local_condorpool_5_1,None,transfer,0,1711772207.0,,,1711772212.0,,,0.0,1711772212.0,1711772217.0,,,0.0,1711772217.0,1711772222.0,5.0,,0.0,5.0,5.0,,,,,poseidon,local,poseidon-submit,pegasus::transfer,/mnt/poseidon-data/poseidon/pegasus-5.1.0panorama/bin/pegasus-transfer,/home/poseidon/pegasus-5.1.0panorama/bin/../bin/pegasus-kickstart  -n pegasus::transfer -N null -i - -R local  -L somospie -T 2024-03-27T17:59:14+00:00 /home/poseidon/pegasus-5.1.0panorama/bin/../bin/pegasus-transfer  --threads 2,1.6,0,0,,,,,,,,,
register_condorpool_5_1,None,auxiliary,0,1711772222.0,,,1711772227.0,,,0.0,1711772227.0,1711772232.0,,,0.0,1711772232.0,1711772237.0,5.0,,0.0,5.0,5.0,,,,,poseidon,local,poseidon-submit,pegasus::rc-client,/mnt/poseidon-data/poseidon/pegasus-5.1.0panorama/bin/pegasus-rc-client,"-n pegasus::rc-client -N null -R local  -L somospie -T 2024-03-27T17:59:14+00:00 /home/poseidon/pegasus-5.1.0panorama/bin/pegasus-rc-client --prefix pegasus.catalog.replica.output --conf /mnt/poseidon-data/poseidon/workflows/SOMOSPIE/SOMOSPIE_pegasus/CombinedPipeline/submit/poseidon/pegasus/somospie/run0173/pegasus.13221430167430341999.properties -v --meta /mnt/poseidon-data/poseidon/workflows/SOMOSPIE/SOMOSPIE_pegasus/CombinedPipeline/submit/poseidon/pegasus/somospie/run0173/00/00/generate_train_ID0000028.meta,/mnt/poseidon-data/poseidon/workflows/SOMOSPIE/SOMOSPIE_pegasus/CombinedPipeline/submit/poseidon/pegasus/somospie/run0173/00/00/generate_train_ID0000027.meta,/mnt/poseidon-data/poseidon/workflows/SOMOSPIE/SOMOSPIE_pegasus/CombinedPipeline/submit/poseidon/pegasus/somospie/run0173/00/00/generate_train_ID0000038.meta,/mnt/poseidon-data/poseidon/workflows/SOMOSPIE/SOMOSPIE_pegasus/CombinedPipeline/submit/poseidon/pegasus/somospie/run0173/00/00/generate_train_ID0000033.meta,/mnt/poseidon-data/poseidon/workflows/SOMOSPIE/SOMOSPIE_pegasus/CombinedPipeline/submit/poseidon/pegasus/somospie/run0173/00/01/generate_train_ID0000030.meta,/mnt/poseidon-data/poseidon/workflows/SOMOSPIE/SOMOSPIE_pegasus/CombinedPipeline/submit/poseidon/pegasus/somospie/run0173/00/01/generate_eval_ID0000041.meta,/mnt/poseidon-data/poseidon/workflows/SOMOSPIE/SOMOSPIE_pegasus/CombinedPipeline/submit/poseidon/pegasus/somospie/run0173/00/01/generate_train_ID0000031.meta,/mnt/poseidon-data/poseidon/workflows/SOMOSPIE/SOMOSPIE_pegasus/CombinedPipeline/submit/poseidon/pegasus/somospie/run0173/00/01/generate_train_ID0000032.meta,/mnt/poseidon-data/poseidon/workflows/SOMOSPIE/SOMOSPIE_pegasus/CombinedPipeline/submit/poseidon/pegasus/somospie/run0173/00/00/generate_train_ID0000037.meta,/mnt/poseidon-data/poseidon/workflows/SOMOSPIE/SOMOSPIE_pegasus/CombinedPipeline/submit/poseidon/pegasus/somospie/run0173/00/01/generate_eval_ID0000040.meta,/mnt/poseidon-data/poseidon/workflows/SOMOSPIE/SOMOSPIE_pegasus/CombinedPipeline/submit/poseidon/pegasus/somospie/run0173/00/01/generate_eval_ID0000039.meta,/mnt/poseidon-data/poseidon/workflows/SOMOSPIE/SOMOSPIE_pegasus/CombinedPipeline/submit/poseidon/pegasus/somospie/run0173/00/00/generate_train_ID0000034.meta,/mnt/poseidon-data/poseidon/workflows/SOMOSPIE/SOMOSPIE_pegasus/CombinedPipeline/submit/poseidon/pegasus/somospie/run0173/00/01/generate_train_ID0000035.meta,/mnt/poseidon-data/poseidon/workflows/SOMOSPIE/SOMOSPIE_pegasus/CombinedPipeline/submit/poseidon/pegasus/somospie/run0173/00/01/generate_train_ID0000036.meta,/mnt/poseidon-data/poseidon/workflows/SOMOSPIE/SOMOSPIE_pegasus/CombinedPipeline/submit/poseidon/pegasus/somospie/run0173/00/01/generate_eval_ID0000042.meta,/mnt/poseidon-data/poseidon/workflows/SOMOSPIE/SOMOSPIE_pegasus/CombinedPipeline/submit/poseidon/pegasus/somospie/run0173/00/00/generate_train_ID0000029.meta --insert /mnt/poseidon-data/poseidon/workflows/SOMOSPIE/SOMOSPIE_pegasus/CombinedPipeline/submit/poseidon/pegasus/somospie/run0173/00/01/register_condorpool_5_1.in",3.0,0,0,,,,,,,,,
register_condorpool_5_0,None,auxiliary,0,1711772227.0,,,1711772237.0,,,0.0,1711772237.0,1711772242.0,,,0.0,1711772242.0,1711772247.0,10.0,,0.0,5.0,5.0,,,,,poseidon,local,poseidon-submit,pegasus::rc-client,/mnt/poseidon-data/poseidon/pegasus-5.1.0panorama/bin/pegasus-rc-client,"-n pegasus::rc-client -N null -R local  -L somospie -T 2024-03-27T17:59:14+00:00 /home/poseidon/pegasus-5.1.0panorama/bin/pegasus-rc-client --prefix pegasus.catalog.replica.output --conf /mnt/poseidon-data/poseidon/workflows/SOMOSPIE/SOMOSPIE_pegasus/CombinedPipeline/submit/poseidon/pegasus/somospie/run0173/pegasus.13221430167430341999.properties -v --meta /mnt/poseidon-data/poseidon/workflows/SOMOSPIE/SOMOSPIE_pegasus/CombinedPipeline/submit/poseidon/pegasus/somospie/run0173/00/00/generate_train_ID0000028.meta,/mnt/poseidon-data/poseidon/workflows/SOMOSPIE/SOMOSPIE_pegasus/CombinedPipeline/submit/poseidon/pegasus/somospie/run0173/00/00/generate_train_ID0000027.meta,/mnt/poseidon-data/poseidon/workflows/SOMOSPIE/SOMOSPIE_pegasus/CombinedPipeline/submit/poseidon/pegasus/somospie/run0173/00/00/generate_train_ID0000038.meta,/mnt/poseidon-data/poseidon/workflows/SOMOSPIE/SOMOSPIE_pegasus/CombinedPipeline/submit/poseidon/pegasus/somospie/run0173/00/00/generate_train_ID0000033.meta,/mnt/poseidon-data/poseidon/workflows/SOMOSPIE/SOMOSPIE_pegasus/CombinedPipeline/submit/poseidon/pegasus/somospie/run0173/00/01/generate_train_ID0000030.meta,/mnt/poseidon-data/poseidon/workflows/SOMOSPIE/SOMOSPIE_pegasus/CombinedPipeline/submit/poseidon/pegasus/somospie/run0173/00/01/generate_eval_ID0000041.meta,/mnt/poseidon-data/poseidon/workflows/SOMOSPIE/SOMOSPIE_pegasus/CombinedPipeline/submit/poseidon/pegasus/somospie/run0173/00/01/generate_train_ID0000031.meta,/mnt/poseidon-data/poseidon/workflows/SOMOSPIE/SOMOSPIE_pegasus/CombinedPipeline/submit/poseidon/pegasus/somospie/run0173/00/01/generate_train_ID0000032.meta,/mnt/poseidon-data/poseidon/workflows/SOMOSPIE/SOMOSPIE_pegasus/CombinedPipeline/submit/poseidon/pegasus/somospie/run0173/00/00/generate_train_ID0000037.meta,/mnt/poseidon-data/poseidon/workflows/SOMOSPIE/SOMOSPIE_pegasus/CombinedPipeline/submit/poseidon/pegasus/somospie/run0173/00/01/generate_eval_ID0000040.meta,/mnt/poseidon-data/poseidon/workflows/SOMOSPIE/SOMOSPIE_pegasus/CombinedPipeline/submit/poseidon/pegasus/somospie/run0173/00/01/generate_eval_ID0000039.meta,/mnt/poseidon-data/poseidon/workflows/SOMOSPIE/SOMOSPIE_pegasus/CombinedPipeline/submit/poseidon/pegasus/somospie/run0173/00/00/generate_train_ID0000034.meta,/mnt/poseidon-data/poseidon/workflows/SOMOSPIE/SOMOSPIE_pegasus/CombinedPipeline/submit/poseidon/pegasus/somospie/run0173/00/01/generate_train_ID0000035.meta,/mnt/poseidon-data/poseidon/workflows/SOMOSPIE/SOMOSPIE_pegasus/CombinedPipeline/submit/poseidon/pegasus/somospie/run0173/00/01/generate_train_ID0000036.meta,/mnt/poseidon-data/poseidon/workflows/SOMOSPIE/SOMOSPIE_pegasus/CombinedPipeline/submit/poseidon/pegasus/somospie/run0173/00/01/generate_eval_ID0000042.meta,/mnt/poseidon-data/poseidon/workflows/SOMOSPIE/SOMOSPIE_pegasus/CombinedPipeline/submit/poseidon/pegasus/somospie/run0173/00/00/generate_train_ID0000029.meta --insert /mnt/poseidon-data/poseidon/workflows/SOMOSPIE/SOMOSPIE_pegasus/CombinedPipeline/submit/poseidon/pegasus/somospie/run0173/00/01/register_condorpool_5_0.in",3.0,0,0,,,,,,,,,
cleanup_somospie_0_condorpool,None,auxiliary,0,1711772227.0,,,1711772232.0,,,0.0,1711772232.0,1711772237.0,,,0.0,1711772237.0,1711772242.0,5.0,,0.0,5.0,5.0,,,,,poseidon,local,poseidon-submit,pegasus::cleanup,/mnt/poseidon-data/poseidon/pegasus-5.1.0panorama/bin/pegasus-transfer,pegasus-kickstart  -n pegasus::cleanup -N null -i - -R local  -L somospie -T 2024-03-27T17:59:14+00:00 pegasus-transfer,0.2,0,0,,,,,,,,,
