,anomaly_type,type,is_clustered,ready,pre_script_start,pre_script_end,submit,stage_in_start,stage_in_end,stage_in_effective_bytes_per_sec,execute_start,execute_end,stage_out_start,stage_out_end,stage_out_effective_bytes_per_sec,post_script_start,post_script_end,wms_delay,pre_script_delay,queue_delay,runtime,post_script_delay,stage_in_delay,stage_in_bytes,stage_out_delay,stage_out_bytes,kickstart_user,kickstart_site,kickstart_hostname,kickstart_transformations,kickstart_executables,kickstart_executables_argv,kickstart_executables_cpu_time,kickstart_status,kickstart_executables_exitcode,kickstart_online_iowait,kickstart_online_bytes_read,kickstart_online_bytes_written,kickstart_online_read_system_calls,kickstart_online_write_system_calls,kickstart_online_utime,kickstart_online_stime,kickstart_online_bytes_read_per_second,kickstart_online_bytes_written_per_second
create_dir_somospie_0_condorpool,None,auxiliary,0,1712117573.0,,,1712117574.0,,,0.0,1712117578.0,1712117584.0,,,0.0,1712117584.0,1712117589.0,1.0,,4.0,6.0,5.0,,,,,poseidon,local,poseidon-submit,pegasus::dirmanager,/mnt/poseidon-data/poseidon/pegasus-5.1.0panorama/bin/pegasus-transfer,pegasus-kickstart  -n pegasus::dirmanager -N null -i - -R local  -L somospie -T 2024-03-27T17:59:14+00:00 pegasus-transfer,0.2,0,0,,,,,,,,,
get_sm_ID0000020,None,compute,0,1712117589.0,,,1712117594.0,1712117605.0,1712117709.0,4422995.7,1712117605.0,1712118234.0,1712118221.0,1712118224.0,283250.0,1712118234.0,1712118239.0,5.0,,11.0,629.0,5.0,104.0,470635724.0,3.0,945682.0,poseidon,condorpool,poseidon-worker-1-container-44-47,get_sm,/srv/get_sm,,1.9,0,0,,,,,,,,,
get_sm_ID0000021,hdd_5,compute,0,1712117589.0,,,1712117594.0,1712117605.0,1712117714.0,4435088.1,1712117604.0,1712117754.0,1712117745.0,1712117748.0,292060.0,1712117754.0,1712117759.0,5.0,,10.0,150.0,5.0,109.0,475840244.0,3.0,951505.0,poseidon,condorpool,poseidon-worker-2-container-32-35,get_sm,/srv/get_sm,,1.9,0,0,0.0,33565822.0,979527.0,7058.0,44.0,0.2,0.4,3356582.2,97952.7
get_sm_ID0000022,hdd_5,compute,0,1712117589.0,,,1712117594.0,1712117605.0,1712117713.0,4857862.1,1712117605.0,1712117754.0,1712117745.0,1712117748.0,293237.0,1712117754.0,1712117759.0,5.0,,11.0,149.0,5.0,108.0,475800760.0,3.0,952852.0,poseidon,condorpool,poseidon-worker-2-container-24-27,get_sm,/srv/get_sm,,2.1,0,0,0.0,35030686.0,1933925.0,7272.0,83.0,0.2,0.5,3503068.6,193392.5
get_sm_ID0000023,hdd_5,compute,0,1712117589.0,,,1712117594.0,1712117605.0,1712117714.0,38391428.8,1712117605.0,1712117754.0,1712117744.0,1712117748.0,289584.0,1712117754.0,1712117759.0,5.0,,11.0,149.0,5.0,109.0,467398273.0,4.0,943297.0,poseidon,condorpool,poseidon-worker-2-container-40-43,get_sm,/srv/get_sm,,1.9,0,0,,,,,,,,,
get_sm_ID0000024,hdd_5,compute,0,1712117589.0,,,1712117594.0,1712117605.0,1712117714.0,45385973.2,1712117604.0,1712117754.0,1712117745.0,1712117748.0,256512.0,1712117754.0,1712117759.0,5.0,,10.0,150.0,5.0,109.0,457521962.0,3.0,830231.0,poseidon,condorpool,poseidon-worker-2-container-44-47,get_sm,/srv/get_sm,,2.0,0,0,0.0,27991701.0,858301.0,7048.0,40.0,0.2,0.5,2799170.1,85830.1
get_sm_ID0000025,hdd_5,compute,0,1712117589.0,,,1712117594.0,1712117605.0,1712117713.0,38574078.6,1712117604.0,1712117754.0,1712117742.0,1712117746.0,217817.0,1712117754.0,1712117759.0,5.0,,10.0,150.0,5.0,108.0,447555942.0,4.0,712778.0,poseidon,condorpool,poseidon-worker-2-container-36-39,get_sm,/srv/get_sm,,2.0,0,0,,,,,,,,,
get_sm_ID0000015,None,compute,0,1712117589.0,,,1712117594.0,1712117605.0,1712117624.0,38978846.4,1712117604.0,1712117719.0,1712117706.0,1712117709.0,167757.0,1712117719.0,1712117724.0,5.0,,10.0,115.0,5.0,19.0,440090843.0,3.0,551360.0,poseidon,condorpool,poseidon-worker-1-container-32-35,get_sm,/srv/get_sm,,1.9,0,0,,,,,,,,,
get_sm_ID0000026,None,compute,0,1712117589.0,,,1712117594.0,1712117605.0,1712117709.0,4150808.0,1712117605.0,1712117754.0,1712117742.0,1712117746.0,188055.0,1712117754.0,1712117759.0,5.0,,11.0,149.0,5.0,104.0,442257808.0,4.0,608523.0,poseidon,condorpool,poseidon-worker-2-container-16-19,get_sm,/srv/get_sm,,2.0,0,0,,,,,,,,,
get_sm_ID0000016,hdd_5,compute,0,1712117589.0,,,1712117594.0,1712117605.0,1712117713.0,30767205.6,1712117605.0,1712118234.0,1712118221.0,1712118224.0,164726.0,1712118234.0,1712118239.0,5.0,,11.0,629.0,5.0,108.0,436178789.0,3.0,550490.0,poseidon,condorpool,poseidon-worker-1-container-12-15,get_sm,/srv/get_sm,,1.9,0,0,0.0,22224192.0,575961.0,6472.0,32.0,0.2,0.5,2222419.2,57596.1
get_sm_ID0000017,hdd_5,compute,0,1712117589.0,,,1712117594.0,1712117605.0,1712117713.0,21508576.5,1712117605.0,1712118234.0,1712118221.0,1712118224.0,183927.0,1712118234.0,1712118239.0,5.0,,11.0,629.0,5.0,108.0,444771924.0,3.0,613264.0,poseidon,condorpool,poseidon-worker-1-container-40-43,get_sm,/srv/get_sm,,2.0,0,0,0.0,24788406.0,641292.0,7042.0,34.0,0.2,0.4,2478840.6,64129.2
get_sm_ID0000018,hdd_5,compute,0,1712117589.0,,,1712117594.0,1712117605.0,1712117716.0,39963772.2,1712117604.0,1712117754.0,1712117745.0,1712117748.0,220403.0,1712117754.0,1712117759.0,5.0,,10.0,150.0,5.0,111.0,449409643.0,3.0,716593.0,poseidon,condorpool,poseidon-worker-2-container-28-31,get_sm,/srv/get_sm,,1.9,0,0,0.0,25989585.0,743801.0,6869.0,36.0,0.2,0.4,1299479.2,74380.1
get_sm_ID0000019,None,compute,0,1712117589.0,,,1712117594.0,1712117605.0,1712117706.0,4777999.9,1712117604.0,1712118234.0,1712118221.0,1712118224.0,260374.0,1712118234.0,1712118239.0,5.0,,10.0,630.0,5.0,101.0,459739344.0,3.0,873152.0,poseidon,condorpool,poseidon-worker-1-container-28-31,get_sm,/srv/get_sm,,1.9,0,0,,,,,,,,,
merge_ID0000001,hdd_5,compute,0,1712117589.0,,,1712117594.0,1712117605.0,1712117713.0,132529145.0,1712117604.0,1712118244.0,1712118221.0,1712118235.0,90838099.0,1712118244.0,1712118249.0,5.0,,10.0,640.0,5.0,108.0,1726068480.0,14.0,1298102725.0,poseidon,condorpool,poseidon-worker-1-container-20-23,merge,/srv/merge,,40.7,0,0,0.0,979700956.0,1294859587.0,10779.0,39551.0,34.5,2.2,48985047.8,64742979.4
stage_out_local_condorpool_0_1,None,transfer,0,1712118239.0,,,1712118244.0,,,0.0,1712118244.0,1712118249.0,,,0.0,1712118249.0,1712118254.0,5.0,,0.0,5.0,5.0,,,,,poseidon,local,poseidon-submit,pegasus::transfer,/mnt/poseidon-data/poseidon/pegasus-5.1.0panorama/bin/pegasus-transfer,/home/poseidon/pegasus-5.1.0panorama/bin/../bin/pegasus-kickstart  -n pegasus::transfer -N null -i - -R local  -L somospie -T 2024-03-27T17:59:14+00:00 /home/poseidon/pegasus-5.1.0panorama/bin/../bin/pegasus-transfer  --threads 2,0.7,0,0,,,,,,,,,
stage_out_local_condorpool_0_0,None,transfer,0,1712118249.0,,,1712118254.0,,,0.0,1712118254.0,1712118264.0,,,0.0,1712118264.0,1712118269.0,5.0,,0.0,10.0,5.0,,,,,poseidon,local,poseidon-submit,pegasus::transfer,/mnt/poseidon-data/poseidon/pegasus-5.1.0panorama/bin/pegasus-transfer,/home/poseidon/pegasus-5.1.0panorama/bin/../bin/pegasus-kickstart  -n pegasus::transfer -N null -i - -R local  -L somospie -T 2024-03-27T17:59:14+00:00 /home/poseidon/pegasus-5.1.0panorama/bin/../bin/pegasus-transfer  --threads 2,3.8,0,0,,,,,,,,,
reproject_ID0000011,hdd_5,compute,0,1712118249.0,,,1712118254.0,1712118255.0,1712118282.0,140340991.9,1712118254.0,1712118880.0,1712118856.0,1712118870.0,91503587.0,1712118880.0,1712118885.0,5.0,,0.0,626.0,5.0,27.0,1696973136.0,14.0,1298118839.0,poseidon,condorpool,poseidon-worker-1-container-20-23,reproject,/srv/reproject,,59.3,0,0,0.0,1306067639.0,1290865982.0,16231.0,39426.0,44.4,3.6,21767794.0,21514433.0
reproject_ID0000002,None,compute,0,1712118249.0,,,1712118254.0,1712118265.0,1712118284.0,143303102.5,1712118264.0,1712118875.0,1712118856.0,1712118868.0,88165156.0,1712118875.0,1712118880.0,5.0,,10.0,611.0,5.0,19.0,1696973986.0,12.0,1125581407.0,poseidon,condorpool,poseidon-worker-1-container-44-47,reproject,/srv/reproject,,52.5,0,0,0.0,1443902956.0,927969983.0,47992.0,28350.0,40.9,4.3,72195147.8,46398499.1
register_condorpool_0_1,None,auxiliary,0,1712118254.0,,,1712118259.0,,,0.0,1712118259.0,1712118264.0,,,0.0,1712118264.0,1712118269.0,5.0,,0.0,5.0,5.0,,,,,poseidon,local,poseidon-submit,pegasus::rc-client,/mnt/poseidon-data/poseidon/pegasus-5.1.0panorama/bin/pegasus-rc-client,"-n pegasus::rc-client -N null -R local  -L somospie -T 2024-03-27T17:59:14+00:00 /home/poseidon/pegasus-5.1.0panorama/bin/pegasus-rc-client --prefix pegasus.catalog.replica.output --conf /mnt/poseidon-data/poseidon/workflows/SOMOSPIE/SOMOSPIE_pegasus/CombinedPipeline/submit/poseidon/pegasus/somospie/run0386/pegasus.779126548561917118.properties -v --meta /mnt/poseidon-data/poseidon/workflows/SOMOSPIE/SOMOSPIE_pegasus/CombinedPipeline/submit/poseidon/pegasus/somospie/run0386/00/00/get_sm_ID0000022.meta,/mnt/poseidon-data/poseidon/workflows/SOMOSPIE/SOMOSPIE_pegasus/CombinedPipeline/submit/poseidon/pegasus/somospie/run0386/00/00/get_sm_ID0000016.meta,/mnt/poseidon-data/poseidon/workflows/SOMOSPIE/SOMOSPIE_pegasus/CombinedPipeline/submit/poseidon/pegasus/somospie/run0386/00/00/get_sm_ID0000026.meta,/mnt/poseidon-data/poseidon/workflows/SOMOSPIE/SOMOSPIE_pegasus/CombinedPipeline/submit/poseidon/pegasus/somospie/run0386/00/00/get_sm_ID0000019.meta,/mnt/poseidon-data/poseidon/workflows/SOMOSPIE/SOMOSPIE_pegasus/CombinedPipeline/submit/poseidon/pegasus/somospie/run0386/00/00/get_sm_ID0000020.meta,/mnt/poseidon-data/poseidon/workflows/SOMOSPIE/SOMOSPIE_pegasus/CombinedPipeline/submit/poseidon/pegasus/somospie/run0386/00/00/get_sm_ID0000024.meta --insert /mnt/poseidon-data/poseidon/workflows/SOMOSPIE/SOMOSPIE_pegasus/CombinedPipeline/submit/poseidon/pegasus/somospie/run0386/00/00/register_condorpool_0_1.in",2.8,0,0,,,,,,,,,
register_condorpool_0_0,None,auxiliary,0,1712118269.0,,,1712118274.0,,,0.0,1712118274.0,1712118279.0,,,0.0,1712118279.0,1712118284.0,5.0,,0.0,5.0,5.0,,,,,poseidon,local,poseidon-submit,pegasus::rc-client,/mnt/poseidon-data/poseidon/pegasus-5.1.0panorama/bin/pegasus-rc-client,"-n pegasus::rc-client -N null -R local  -L somospie -T 2024-03-27T17:59:14+00:00 /home/poseidon/pegasus-5.1.0panorama/bin/pegasus-rc-client --prefix pegasus.catalog.replica.output --conf /mnt/poseidon-data/poseidon/workflows/SOMOSPIE/SOMOSPIE_pegasus/CombinedPipeline/submit/poseidon/pegasus/somospie/run0386/pegasus.779126548561917118.properties -v --meta /mnt/poseidon-data/poseidon/workflows/SOMOSPIE/SOMOSPIE_pegasus/CombinedPipeline/submit/poseidon/pegasus/somospie/run0386/00/00/get_sm_ID0000017.meta,/mnt/poseidon-data/poseidon/workflows/SOMOSPIE/SOMOSPIE_pegasus/CombinedPipeline/submit/poseidon/pegasus/somospie/run0386/00/00/get_sm_ID0000025.meta,/mnt/poseidon-data/poseidon/workflows/SOMOSPIE/SOMOSPIE_pegasus/CombinedPipeline/submit/poseidon/pegasus/somospie/run0386/00/00/get_sm_ID0000015.meta,/mnt/poseidon-data/poseidon/workflows/SOMOSPIE/SOMOSPIE_pegasus/CombinedPipeline/submit/poseidon/pegasus/somospie/run0386/00/00/merge_ID0000001.meta,/mnt/poseidon-data/poseidon/workflows/SOMOSPIE/SOMOSPIE_pegasus/CombinedPipeline/submit/poseidon/pegasus/somospie/run0386/00/00/get_sm_ID0000021.meta,/mnt/poseidon-data/poseidon/workflows/SOMOSPIE/SOMOSPIE_pegasus/CombinedPipeline/submit/poseidon/pegasus/somospie/run0386/00/00/get_sm_ID0000023.meta,/mnt/poseidon-data/poseidon/workflows/SOMOSPIE/SOMOSPIE_pegasus/CombinedPipeline/submit/poseidon/pegasus/somospie/run0386/00/00/get_sm_ID0000018.meta --insert /mnt/poseidon-data/poseidon/workflows/SOMOSPIE/SOMOSPIE_pegasus/CombinedPipeline/submit/poseidon/pegasus/somospie/run0386/00/00/register_condorpool_0_0.in",2.7,0,0,,,,,,,,,
crop_ID0000009,None,compute,0,1712118880.0,,,1712118885.0,1712118886.0,1712118905.0,134072554.4,1712118885.0,1712118925.0,1712118916.0,1712118920.0,24264273.0,1712118925.0,1712118930.0,5.0,,0.0,40.0,5.0,19.0,1524452582.0,4.0,99654844.0,poseidon,condorpool,poseidon-worker-1-container-44-47,crop,/srv/crop,,2.8,0,0,,,,,,,,,
crop_ID0000007,None,compute,0,1712118880.0,,,1712118885.0,1712118905.0,1712118923.0,144650908.0,1712118905.0,1712118950.0,1712118935.0,1712118940.0,39414543.0,1712118950.0,1712118955.0,5.0,,20.0,45.0,5.0,18.0,1524452582.0,5.0,194227221.0,poseidon,condorpool,poseidon-worker-1-container-44-47,crop,/srv/crop,,3.9,0,0,,,,,,,,,
crop_ID0000005,hdd_5,compute,0,1712118880.0,,,1712118885.0,1712118905.0,1712118932.0,136231970.2,1712118905.0,1712119235.0,1712119226.0,1712119230.0,1278775.0,1712119235.0,1712119240.0,5.0,,20.0,330.0,5.0,27.0,1524452582.0,4.0,4263385.0,poseidon,condorpool,poseidon-worker-2-container-32-35,crop,/srv/crop,,1.9,0,0,,,,,,,,,
crop_ID0000003,hdd_5,compute,0,1712118880.0,,,1712118885.0,1712118905.0,1712118932.0,136087843.8,1712118905.0,1712119235.0,1712119226.0,1712119230.0,767431.0,1712119235.0,1712119240.0,5.0,,20.0,330.0,5.0,27.0,1524452582.0,4.0,2530349.0,poseidon,condorpool,poseidon-worker-2-container-24-27,crop,/srv/crop,,1.8,0,0,,,,,,,,,
stage_out_local_condorpool_1_0,None,transfer,0,1712118885.0,,,1712118890.0,,,0.0,1712118891.0,1712118900.0,,,0.0,1712118900.0,1712118905.0,5.0,,1.0,9.0,5.0,,,,,poseidon,local,poseidon-submit,pegasus::transfer,/mnt/poseidon-data/poseidon/pegasus-5.1.0panorama/bin/pegasus-transfer,/home/poseidon/pegasus-5.1.0panorama/bin/../bin/pegasus-kickstart  -n pegasus::transfer -N null -i - -R local  -L somospie -T 2024-03-27T17:59:14+00:00 /home/poseidon/pegasus-5.1.0panorama/bin/../bin/pegasus-transfer  --threads 2,7.0,0,0,,,,,,,,,
register_condorpool_1_0,None,auxiliary,0,1712118905.0,,,1712118910.0,,,0.0,1712118910.0,1712118915.0,,,0.0,1712118915.0,1712118920.0,5.0,,0.0,5.0,5.0,,,,,poseidon,local,poseidon-submit,pegasus::rc-client,/mnt/poseidon-data/poseidon/pegasus-5.1.0panorama/bin/pegasus-rc-client,"-n pegasus::rc-client -N null -R local  -L somospie -T 2024-03-27T17:59:14+00:00 /home/poseidon/pegasus-5.1.0panorama/bin/pegasus-rc-client --prefix pegasus.catalog.replica.output --conf /mnt/poseidon-data/poseidon/workflows/SOMOSPIE/SOMOSPIE_pegasus/CombinedPipeline/submit/poseidon/pegasus/somospie/run0386/pegasus.779126548561917118.properties -v --meta /mnt/poseidon-data/poseidon/workflows/SOMOSPIE/SOMOSPIE_pegasus/CombinedPipeline/submit/poseidon/pegasus/somospie/run0386/00/00/reproject_ID0000002.meta,/mnt/poseidon-data/poseidon/workflows/SOMOSPIE/SOMOSPIE_pegasus/CombinedPipeline/submit/poseidon/pegasus/somospie/run0386/00/00/reproject_ID0000011.meta --insert /mnt/poseidon-data/poseidon/workflows/SOMOSPIE/SOMOSPIE_pegasus/CombinedPipeline/submit/poseidon/pegasus/somospie/run0386/00/00/register_condorpool_1_0.in",2.9,0,0,,,,,,,,,
compute_ID0000010,None,compute,0,1712118930.0,,,1712118935.0,1712118936.0,1712118950.0,65105007.0,1712118935.0,1712118980.0,1712118968.0,1712118973.0,46332414.0,1712118980.0,1712118985.0,5.0,,0.0,45.0,5.0,14.0,498525556.0,5.0,250017804.0,poseidon,condorpool,poseidon-worker-1-container-44-47,compute,/srv/compute,,11.8,0,0,0.0,303849090.0,241702629.0,4533.0,7402.0,9.1,0.8,30384909.0,24170262.9
compute_ID0000008,hdd_5,compute,0,1712118955.0,,,1712118960.0,1712119227.0,1712119241.0,79943653.0,1712119226.0,1712119505.0,1712119488.0,1712119495.0,66755859.0,1712119505.0,1712119510.0,5.0,,266.0,279.0,5.0,14.0,593097933.0,7.0,506706062.0,poseidon,condorpool,poseidon-worker-2-container-32-35,compute,/srv/compute,,17.4,0,0,0.0,332553766.0,359246946.0,4171.0,10980.0,9.2,0.7,33255376.6,35924694.6
stage_out_local_condorpool_2_0,None,transfer,0,1712119240.0,,,1712119245.0,,,0.0,1712119245.0,1712119250.0,,,0.0,1712119250.0,1712119255.0,5.0,,0.0,5.0,5.0,,,,,poseidon,local,poseidon-submit,pegasus::transfer,/mnt/poseidon-data/poseidon/pegasus-5.1.0panorama/bin/pegasus-transfer,/home/poseidon/pegasus-5.1.0panorama/bin/../bin/pegasus-kickstart  -n pegasus::transfer -N null -i - -R local  -L somospie -T 2024-03-27T17:59:14+00:00 /home/poseidon/pegasus-5.1.0panorama/bin/../bin/pegasus-transfer  --threads 2,1.3,0,0,,,,,,,,,
compute_ID0000004,None,compute,0,1712119240.0,,,1712119245.0,1712119246.0,1712119260.0,58453061.3,1712119245.0,1712119280.0,1712119269.0,1712119273.0,1583178.0,1712119280.0,1712119285.0,5.0,,0.0,35.0,5.0,14.0,401401061.0,4.0,5326886.0,poseidon,condorpool,poseidon-worker-1-container-44-47,compute,/srv/compute,,5.1,0,0,,,,,,,,,
compute_ID0000006,hdd_5,compute,0,1712119240.0,,,1712119245.0,1712119246.0,1712119265.0,66815503.7,1712119245.0,1712119500.0,1712119488.0,1712119491.0,2843408.0,1712119500.0,1712119505.0,5.0,,0.0,255.0,5.0,19.0,403134097.0,3.0,9696865.0,poseidon,condorpool,poseidon-worker-2-container-24-27,compute,/srv/compute,,5.3,0,0,,,,,,,,,
register_condorpool_2_0,None,auxiliary,0,1712119255.0,,,1712119260.0,,,0.0,1712119260.0,1712119265.0,,,0.0,1712119265.0,1712119270.0,5.0,,0.0,5.0,5.0,,,,,poseidon,local,poseidon-submit,pegasus::rc-client,/mnt/poseidon-data/poseidon/pegasus-5.1.0panorama/bin/pegasus-rc-client,"-n pegasus::rc-client -N null -R local  -L somospie -T 2024-03-27T17:59:14+00:00 /home/poseidon/pegasus-5.1.0panorama/bin/pegasus-rc-client --prefix pegasus.catalog.replica.output --conf /mnt/poseidon-data/poseidon/workflows/SOMOSPIE/SOMOSPIE_pegasus/CombinedPipeline/submit/poseidon/pegasus/somospie/run0386/pegasus.779126548561917118.properties -v --meta /mnt/poseidon-data/poseidon/workflows/SOMOSPIE/SOMOSPIE_pegasus/CombinedPipeline/submit/poseidon/pegasus/somospie/run0386/00/00/crop_ID0000003.meta,/mnt/poseidon-data/poseidon/workflows/SOMOSPIE/SOMOSPIE_pegasus/CombinedPipeline/submit/poseidon/pegasus/somospie/run0386/00/00/crop_ID0000009.meta,/mnt/poseidon-data/poseidon/workflows/SOMOSPIE/SOMOSPIE_pegasus/CombinedPipeline/submit/poseidon/pegasus/somospie/run0386/00/00/crop_ID0000005.meta,/mnt/poseidon-data/poseidon/workflows/SOMOSPIE/SOMOSPIE_pegasus/CombinedPipeline/submit/poseidon/pegasus/somospie/run0386/00/00/crop_ID0000007.meta --insert /mnt/poseidon-data/poseidon/workflows/SOMOSPIE/SOMOSPIE_pegasus/CombinedPipeline/submit/poseidon/pegasus/somospie/run0386/00/00/register_condorpool_2_0.in",2.7,0,0,,,,,,,,,
stage_out_local_condorpool_3_0,None,transfer,0,1712119510.0,,,1712119515.0,,,0.0,1712119515.0,1712119525.0,,,0.0,1712119525.0,1712119530.0,5.0,,0.0,10.0,5.0,,,,,poseidon,local,poseidon-submit,pegasus::transfer,/mnt/poseidon-data/poseidon/pegasus-5.1.0panorama/bin/pegasus-transfer,/home/poseidon/pegasus-5.1.0panorama/bin/../bin/pegasus-kickstart  -n pegasus::transfer -N null -i - -R local  -L somospie -T 2024-03-27T17:59:14+00:00 /home/poseidon/pegasus-5.1.0panorama/bin/../bin/pegasus-transfer  --threads 2,3.0,0,0,,,,,,,,,
merge_avg_ID0000014,hdd_5,compute,0,1712119510.0,,,1712119515.0,1712119516.0,1712119544.0,81232434.5,1712119515.0,1712119825.0,1712119813.0,1712119819.0,52624690.0,1712119825.0,1712119830.0,5.0,,0.0,310.0,5.0,28.0,737559838.0,6.0,309527239.0,poseidon,condorpool,poseidon-worker-2-container-32-35,merge_avg,/srv/merge_avg,,45.1,0,0,165.6,1164877744.0,965668677.0,50168.0,29595.0,33.1,7.5,5824388.7,19313373.5
merge_avg_ID0000012,None,compute,0,1712119510.0,,,1712119515.0,1712119516.0,1712119532.0,78258584.0,1712119515.0,1712119585.0,1712119571.0,1712119576.0,52427328.0,1712119585.0,1712119590.0,5.0,,0.0,70.0,5.0,16.0,731979063.0,5.0,304811410.0,poseidon,condorpool,poseidon-worker-1-container-44-47,merge_avg,/srv/merge_avg,,44.2,0,0,0.0,1153656495.0,830881630.0,48598.0,25484.0,31.0,7.5,38455216.5,27696054.3
merge_avg_ID0000013,hdd_5,compute,0,1712119510.0,,,1712119515.0,1712119516.0,1712119539.0,63157501.9,1712119515.0,1712119825.0,1712119813.0,1712119817.0,23369485.0,1712119825.0,1712119830.0,5.0,,0.0,310.0,5.0,23.0,498824437.0,4.0,98388765.0,poseidon,condorpool,poseidon-worker-2-container-24-27,merge_avg,/srv/merge_avg,,40.7,0,0,78.7,453268128.0,293384415.0,47392.0,9086.0,30.8,7.8,4120619.3,5867688.3
register_condorpool_3_0,None,auxiliary,0,1712119530.0,,,1712119535.0,,,0.0,1712119535.0,1712119540.0,,,0.0,1712119540.0,1712119545.0,5.0,,0.0,5.0,5.0,,,,,poseidon,local,poseidon-submit,pegasus::rc-client,/mnt/poseidon-data/poseidon/pegasus-5.1.0panorama/bin/pegasus-rc-client,"-n pegasus::rc-client -N null -R local  -L somospie -T 2024-03-27T17:59:14+00:00 /home/poseidon/pegasus-5.1.0panorama/bin/pegasus-rc-client --prefix pegasus.catalog.replica.output --conf /mnt/poseidon-data/poseidon/workflows/SOMOSPIE/SOMOSPIE_pegasus/CombinedPipeline/submit/poseidon/pegasus/somospie/run0386/pegasus.779126548561917118.properties -v --meta /mnt/poseidon-data/poseidon/workflows/SOMOSPIE/SOMOSPIE_pegasus/CombinedPipeline/submit/poseidon/pegasus/somospie/run0386/00/00/compute_ID0000008.meta,/mnt/poseidon-data/poseidon/workflows/SOMOSPIE/SOMOSPIE_pegasus/CombinedPipeline/submit/poseidon/pegasus/somospie/run0386/00/00/compute_ID0000006.meta,/mnt/poseidon-data/poseidon/workflows/SOMOSPIE/SOMOSPIE_pegasus/CombinedPipeline/submit/poseidon/pegasus/somospie/run0386/00/00/compute_ID0000010.meta,/mnt/poseidon-data/poseidon/workflows/SOMOSPIE/SOMOSPIE_pegasus/CombinedPipeline/submit/poseidon/pegasus/somospie/run0386/00/00/compute_ID0000004.meta --insert /mnt/poseidon-data/poseidon/workflows/SOMOSPIE/SOMOSPIE_pegasus/CombinedPipeline/submit/poseidon/pegasus/somospie/run0386/00/00/register_condorpool_3_0.in",2.8,0,0,,,,,,,,,
generate_eval_ID0000039,hdd_5,compute,0,1712119830.0,,,1712119835.0,1712119836.0,1712119943.0,146797288.6,1712119836.0,1712120346.0,1712120336.0,1712120340.0,2598305.0,1712120346.0,1712120351.0,5.0,,1.0,510.0,5.0,107.0,2410452250.0,4.0,9068473.0,poseidon,condorpool,poseidon-worker-1-container-20-23,generate_eval,/srv/generate_eval,,7.6,0,0,,,,,,,,,
generate_train_ID0000032,None,compute,0,1712119830.0,,,1712119835.0,1712119836.0,1712119942.0,128762693.2,1712119836.0,1712120346.0,1712120336.0,1712120340.0,363840.0,1712120346.0,1712120351.0,5.0,,1.0,510.0,5.0,106.0,2411396929.0,4.0,1265871.0,poseidon,condorpool,poseidon-worker-1-container-28-31,generate_train,/srv/generate_train,,0.8,0,0,,,,,,,,,
generate_eval_ID0000042,hdd_5,compute,0,1712119830.0,,,1712119835.0,1712119836.0,1712120055.0,146134551.1,1712119836.0,1712120852.0,1712120839.0,1712120844.0,44655221.0,1712120852.0,1712120857.0,5.0,,1.0,1016.0,5.0,219.0,2410452250.0,5.0,240602325.0,poseidon,condorpool,poseidon-worker-2-container-28-31,generate_eval,/srv/generate_eval,,11.3,0,0,0.0,238869782.0,238565648.0,4213.0,7324.0,9.2,0.7,23886978.2,23856564.8
generate_train_ID0000031,hdd_5,compute,0,1712119830.0,,,1712119835.0,1712119836.0,1712119943.0,138776835.0,1712119836.0,1712120346.0,1712120336.0,1712120340.0,342879.0,1712120346.0,1712120351.0,5.0,,1.0,510.0,5.0,107.0,2411324399.0,4.0,1175014.0,poseidon,condorpool,poseidon-worker-1-container-40-43,generate_train,/srv/generate_train,,0.9,0,0,,,,,,,,,
generate_train_ID0000030,hdd_5,compute,0,1712119830.0,,,1712119835.0,1712119836.0,1712119944.0,133730943.7,1712119836.0,1712120346.0,1712120336.0,1712120340.0,284099.0,1712120346.0,1712120351.0,5.0,,1.0,510.0,5.0,108.0,2411167840.0,4.0,973028.0,poseidon,condorpool,poseidon-worker-1-container-12-15,generate_train,/srv/generate_train,,0.9,0,0,,,,,,,,,
generate_eval_ID0000040,None,compute,0,1712119830.0,,,1712119835.0,1712119836.0,1712120043.0,12075112.1,1712119836.0,1712120852.0,1712120839.0,1712120842.0,2373269.0,1712120852.0,1712120857.0,5.0,,1.0,1016.0,5.0,207.0,2410452250.0,3.0,8350187.0,poseidon,condorpool,poseidon-worker-2-container-16-19,generate_eval,/srv/generate_eval,,8.0,0,0,,,,,,,,,
generate_eval_ID0000041,None,compute,0,1712119830.0,,,1712119835.0,1712119836.0,1712119938.0,25258655.6,1712119836.0,1712120351.0,1712120336.0,1712120344.0,69601508.0,1712120351.0,1712120356.0,5.0,,1.0,515.0,5.0,102.0,2410452250.0,8.0,561272484.0,poseidon,condorpool,poseidon-worker-1-container-32-35,generate_eval,/srv/generate_eval,,15.6,0,0,0.0,341510230.0,331430150.0,4704.0,10150.0,9.2,0.8,34151023.0,33143015.0
generate_train_ID0000036,hdd_5,compute,0,1712119830.0,,,1712119835.0,1712119836.0,1712120048.0,12064077.9,1712119836.0,1712120852.0,1712120839.0,1712120842.0,326179.0,1712120852.0,1712120857.0,5.0,,1.0,1016.0,5.0,212.0,2411281478.0,3.0,1118721.0,poseidon,condorpool,poseidon-worker-2-container-36-39,generate_train,/srv/generate_train,,0.8,0,0,,,,,,,,,
generate_train_ID0000034,hdd_5,compute,0,1712119830.0,,,1712119835.0,1712119836.0,1712120049.0,12089605.6,1712119836.0,1712120852.0,1712120839.0,1712120842.0,371316.0,1712120852.0,1712120857.0,5.0,,1.0,1016.0,5.0,213.0,2411404099.0,3.0,1275159.0,poseidon,condorpool,poseidon-worker-2-container-40-43,generate_train,/srv/generate_train,,0.9,0,0,,,,,,,,,
generate_train_ID0000033,hdd_5,compute,0,1712119830.0,,,1712119835.0,1712119837.0,1712120273.0,10017835.0,1712119836.0,1712120852.0,1712120839.0,1712120842.0,371977.0,1712120852.0,1712120857.0,5.0,,1.0,1016.0,5.0,436.0,2411402752.0,3.0,1274805.0,poseidon,condorpool,poseidon-worker-2-container-24-27,generate_train,/srv/generate_train,,0.8,0,0,,,,,,,,,
generate_train_ID0000029,hdd_5,compute,0,1712119830.0,,,1712119835.0,1712119836.0,1712120274.0,9994001.5,1712119836.0,1712120852.0,1712120839.0,1712120842.0,250219.0,1712120852.0,1712120857.0,5.0,,1.0,1016.0,5.0,438.0,2411064511.0,3.0,843408.0,poseidon,condorpool,poseidon-worker-2-container-32-35,generate_train,/srv/generate_train,,0.7,0,0,,,,,,,,,
generate_train_ID0000028,None,compute,0,1712119830.0,,,1712119835.0,1712119837.0,1712119938.0,25391951.7,1712119836.0,1712120346.0,1712120336.0,1712120340.0,225065.0,1712120346.0,1712120351.0,5.0,,1.0,510.0,5.0,101.0,2411001737.0,4.0,762584.0,poseidon,condorpool,poseidon-worker-1-container-44-47,generate_train,/srv/generate_train,,0.8,0,0,,,,,,,,,
stage_out_local_condorpool_4_0,None,transfer,0,1712119830.0,,,1712119835.0,,,0.0,1712119835.0,1712119840.0,,,0.0,1712119840.0,1712119845.0,5.0,,0.0,5.0,5.0,,,,,poseidon,local,poseidon-submit,pegasus::transfer,/mnt/poseidon-data/poseidon/pegasus-5.1.0panorama/bin/pegasus-transfer,/home/poseidon/pegasus-5.1.0panorama/bin/../bin/pegasus-kickstart  -n pegasus::transfer -N null -i - -R local  -L somospie -T 2024-03-27T17:59:14+00:00 /home/poseidon/pegasus-5.1.0panorama/bin/../bin/pegasus-transfer  --threads 2,2.3,0,0,,,,,,,,,
generate_train_ID0000027,hdd_5,compute,0,1712119830.0,,,1712119835.0,1712119836.0,1712120261.0,10674485.3,1712119835.0,1712120852.0,1712120839.0,1712120842.0,225132.0,1712120852.0,1712120857.0,5.0,,0.0,1017.0,5.0,425.0,2411002607.0,3.0,764017.0,poseidon,condorpool,poseidon-worker-2-container-24-27,generate_train,/srv/generate_train,,0.8,0,0,,,,,,,,,
generate_train_ID0000038,None,compute,0,1712119830.0,,,1712119835.0,1712119837.0,1712119932.0,26773626.6,1712119836.0,1712120346.0,1712120336.0,1712120340.0,240620.0,1712120346.0,1712120351.0,5.0,,1.0,510.0,5.0,95.0,2411059770.0,4.0,837547.0,poseidon,condorpool,poseidon-worker-1-container-44-47,generate_train,/srv/generate_train,,0.9,0,0,,,,,,,,,
generate_train_ID0000037,hdd_5,compute,0,1712119830.0,,,1712119835.0,1712119836.0,1712120236.0,11998049.0,1712119835.0,1712120852.0,1712120839.0,1712120842.0,282115.0,1712120852.0,1712120857.0,5.0,,0.0,1017.0,5.0,400.0,2411164025.0,3.0,969901.0,poseidon,condorpool,poseidon-worker-2-container-32-35,generate_train,/srv/generate_train,,0.9,0,0,,,,,,,,,
generate_train_ID0000035,hdd_5,compute,0,1712119830.0,,,1712119835.0,1712119836.0,1712120051.0,12096467.9,1712119836.0,1712120852.0,1712120839.0,1712120842.0,368865.0,1712120852.0,1712120857.0,5.0,,1.0,1016.0,5.0,215.0,2411394544.0,3.0,1261244.0,poseidon,condorpool,poseidon-worker-2-container-44-47,generate_train,/srv/generate_train,,0.7,0,0,,,,,,,,,
register_condorpool_4_0,None,auxiliary,0,1712119845.0,,,1712119850.0,,,0.0,1712119850.0,1712119855.0,,,0.0,1712119855.0,1712119860.0,5.0,,0.0,5.0,5.0,,,,,poseidon,local,poseidon-submit,pegasus::rc-client,/mnt/poseidon-data/poseidon/pegasus-5.1.0panorama/bin/pegasus-rc-client,"-n pegasus::rc-client -N null -R local  -L somospie -T 2024-03-27T17:59:14+00:00 /home/poseidon/pegasus-5.1.0panorama/bin/pegasus-rc-client --prefix pegasus.catalog.replica.output --conf /mnt/poseidon-data/poseidon/workflows/SOMOSPIE/SOMOSPIE_pegasus/CombinedPipeline/submit/poseidon/pegasus/somospie/run0386/pegasus.779126548561917118.properties -v --meta /mnt/poseidon-data/poseidon/workflows/SOMOSPIE/SOMOSPIE_pegasus/CombinedPipeline/submit/poseidon/pegasus/somospie/run0386/00/00/merge_avg_ID0000013.meta,/mnt/poseidon-data/poseidon/workflows/SOMOSPIE/SOMOSPIE_pegasus/CombinedPipeline/submit/poseidon/pegasus/somospie/run0386/00/00/merge_avg_ID0000012.meta,/mnt/poseidon-data/poseidon/workflows/SOMOSPIE/SOMOSPIE_pegasus/CombinedPipeline/submit/poseidon/pegasus/somospie/run0386/00/00/merge_avg_ID0000014.meta --insert /mnt/poseidon-data/poseidon/workflows/SOMOSPIE/SOMOSPIE_pegasus/CombinedPipeline/submit/poseidon/pegasus/somospie/run0386/00/00/register_condorpool_4_0.in",2.7,0,0,,,,,,,,,
stage_out_local_condorpool_5_0,None,transfer,0,1712120857.0,,,1712120862.0,,,0.0,1712120862.0,1712120872.0,,,0.0,1712120872.0,1712120878.0,5.0,,0.0,10.0,6.0,,,,,poseidon,local,poseidon-submit,pegasus::transfer,/mnt/poseidon-data/poseidon/pegasus-5.1.0panorama/bin/pegasus-transfer,/home/poseidon/pegasus-5.1.0panorama/bin/../bin/pegasus-kickstart  -n pegasus::transfer -N null -i - -R local  -L somospie -T 2024-03-27T17:59:14+00:00 /home/poseidon/pegasus-5.1.0panorama/bin/../bin/pegasus-transfer  --threads 2,3.6,0,0,,,,,,,,,
stage_out_local_condorpool_5_1,None,transfer,0,1712120857.0,,,1712120862.0,,,0.0,1712120862.0,1712120867.0,,,0.0,1712120867.0,1712120872.0,5.0,,0.0,5.0,5.0,,,,,poseidon,local,poseidon-submit,pegasus::transfer,/mnt/poseidon-data/poseidon/pegasus-5.1.0panorama/bin/pegasus-transfer,/home/poseidon/pegasus-5.1.0panorama/bin/../bin/pegasus-kickstart  -n pegasus::transfer -N null -i - -R local  -L somospie -T 2024-03-27T17:59:14+00:00 /home/poseidon/pegasus-5.1.0panorama/bin/../bin/pegasus-transfer  --threads 2,1.5,0,0,,,,,,,,,
register_condorpool_5_1,None,auxiliary,0,1712120872.0,,,1712120877.0,,,0.0,1712120878.0,1712120883.0,,,0.0,1712120883.0,1712120888.0,5.0,,1.0,5.0,5.0,,,,,poseidon,local,poseidon-submit,pegasus::rc-client,/mnt/poseidon-data/poseidon/pegasus-5.1.0panorama/bin/pegasus-rc-client,"-n pegasus::rc-client -N null -R local  -L somospie -T 2024-03-27T17:59:14+00:00 /home/poseidon/pegasus-5.1.0panorama/bin/pegasus-rc-client --prefix pegasus.catalog.replica.output --conf /mnt/poseidon-data/poseidon/workflows/SOMOSPIE/SOMOSPIE_pegasus/CombinedPipeline/submit/poseidon/pegasus/somospie/run0386/pegasus.779126548561917118.properties -v --meta /mnt/poseidon-data/poseidon/workflows/SOMOSPIE/SOMOSPIE_pegasus/CombinedPipeline/submit/poseidon/pegasus/somospie/run0386/00/00/generate_train_ID0000028.meta,/mnt/poseidon-data/poseidon/workflows/SOMOSPIE/SOMOSPIE_pegasus/CombinedPipeline/submit/poseidon/pegasus/somospie/run0386/00/00/generate_train_ID0000027.meta,/mnt/poseidon-data/poseidon/workflows/SOMOSPIE/SOMOSPIE_pegasus/CombinedPipeline/submit/poseidon/pegasus/somospie/run0386/00/00/generate_train_ID0000038.meta,/mnt/poseidon-data/poseidon/workflows/SOMOSPIE/SOMOSPIE_pegasus/CombinedPipeline/submit/poseidon/pegasus/somospie/run0386/00/00/generate_train_ID0000033.meta,/mnt/poseidon-data/poseidon/workflows/SOMOSPIE/SOMOSPIE_pegasus/CombinedPipeline/submit/poseidon/pegasus/somospie/run0386/00/01/generate_train_ID0000030.meta,/mnt/poseidon-data/poseidon/workflows/SOMOSPIE/SOMOSPIE_pegasus/CombinedPipeline/submit/poseidon/pegasus/somospie/run0386/00/01/generate_eval_ID0000041.meta,/mnt/poseidon-data/poseidon/workflows/SOMOSPIE/SOMOSPIE_pegasus/CombinedPipeline/submit/poseidon/pegasus/somospie/run0386/00/01/generate_train_ID0000031.meta,/mnt/poseidon-data/poseidon/workflows/SOMOSPIE/SOMOSPIE_pegasus/CombinedPipeline/submit/poseidon/pegasus/somospie/run0386/00/01/generate_train_ID0000032.meta,/mnt/poseidon-data/poseidon/workflows/SOMOSPIE/SOMOSPIE_pegasus/CombinedPipeline/submit/poseidon/pegasus/somospie/run0386/00/00/generate_train_ID0000037.meta,/mnt/poseidon-data/poseidon/workflows/SOMOSPIE/SOMOSPIE_pegasus/CombinedPipeline/submit/poseidon/pegasus/somospie/run0386/00/01/generate_eval_ID0000040.meta,/mnt/poseidon-data/poseidon/workflows/SOMOSPIE/SOMOSPIE_pegasus/CombinedPipeline/submit/poseidon/pegasus/somospie/run0386/00/01/generate_eval_ID0000039.meta,/mnt/poseidon-data/poseidon/workflows/SOMOSPIE/SOMOSPIE_pegasus/CombinedPipeline/submit/poseidon/pegasus/somospie/run0386/00/00/generate_train_ID0000034.meta,/mnt/poseidon-data/poseidon/workflows/SOMOSPIE/SOMOSPIE_pegasus/CombinedPipeline/submit/poseidon/pegasus/somospie/run0386/00/01/generate_train_ID0000035.meta,/mnt/poseidon-data/poseidon/workflows/SOMOSPIE/SOMOSPIE_pegasus/CombinedPipeline/submit/poseidon/pegasus/somospie/run0386/00/01/generate_train_ID0000036.meta,/mnt/poseidon-data/poseidon/workflows/SOMOSPIE/SOMOSPIE_pegasus/CombinedPipeline/submit/poseidon/pegasus/somospie/run0386/00/01/generate_eval_ID0000042.meta,/mnt/poseidon-data/poseidon/workflows/SOMOSPIE/SOMOSPIE_pegasus/CombinedPipeline/submit/poseidon/pegasus/somospie/run0386/00/00/generate_train_ID0000029.meta --insert /mnt/poseidon-data/poseidon/workflows/SOMOSPIE/SOMOSPIE_pegasus/CombinedPipeline/submit/poseidon/pegasus/somospie/run0386/00/01/register_condorpool_5_1.in",2.9,0,0,,,,,,,,,
register_condorpool_5_0,None,auxiliary,0,1712120878.0,,,1712120888.0,,,0.0,1712120888.0,1712120893.0,,,0.0,1712120893.0,1712120898.0,10.0,,0.0,5.0,5.0,,,,,poseidon,local,poseidon-submit,pegasus::rc-client,/mnt/poseidon-data/poseidon/pegasus-5.1.0panorama/bin/pegasus-rc-client,"-n pegasus::rc-client -N null -R local  -L somospie -T 2024-03-27T17:59:14+00:00 /home/poseidon/pegasus-5.1.0panorama/bin/pegasus-rc-client --prefix pegasus.catalog.replica.output --conf /mnt/poseidon-data/poseidon/workflows/SOMOSPIE/SOMOSPIE_pegasus/CombinedPipeline/submit/poseidon/pegasus/somospie/run0386/pegasus.779126548561917118.properties -v --meta /mnt/poseidon-data/poseidon/workflows/SOMOSPIE/SOMOSPIE_pegasus/CombinedPipeline/submit/poseidon/pegasus/somospie/run0386/00/00/generate_train_ID0000028.meta,/mnt/poseidon-data/poseidon/workflows/SOMOSPIE/SOMOSPIE_pegasus/CombinedPipeline/submit/poseidon/pegasus/somospie/run0386/00/00/generate_train_ID0000027.meta,/mnt/poseidon-data/poseidon/workflows/SOMOSPIE/SOMOSPIE_pegasus/CombinedPipeline/submit/poseidon/pegasus/somospie/run0386/00/00/generate_train_ID0000038.meta,/mnt/poseidon-data/poseidon/workflows/SOMOSPIE/SOMOSPIE_pegasus/CombinedPipeline/submit/poseidon/pegasus/somospie/run0386/00/00/generate_train_ID0000033.meta,/mnt/poseidon-data/poseidon/workflows/SOMOSPIE/SOMOSPIE_pegasus/CombinedPipeline/submit/poseidon/pegasus/somospie/run0386/00/01/generate_train_ID0000030.meta,/mnt/poseidon-data/poseidon/workflows/SOMOSPIE/SOMOSPIE_pegasus/CombinedPipeline/submit/poseidon/pegasus/somospie/run0386/00/01/generate_eval_ID0000041.meta,/mnt/poseidon-data/poseidon/workflows/SOMOSPIE/SOMOSPIE_pegasus/CombinedPipeline/submit/poseidon/pegasus/somospie/run0386/00/01/generate_train_ID0000031.meta,/mnt/poseidon-data/poseidon/workflows/SOMOSPIE/SOMOSPIE_pegasus/CombinedPipeline/submit/poseidon/pegasus/somospie/run0386/00/01/generate_train_ID0000032.meta,/mnt/poseidon-data/poseidon/workflows/SOMOSPIE/SOMOSPIE_pegasus/CombinedPipeline/submit/poseidon/pegasus/somospie/run0386/00/00/generate_train_ID0000037.meta,/mnt/poseidon-data/poseidon/workflows/SOMOSPIE/SOMOSPIE_pegasus/CombinedPipeline/submit/poseidon/pegasus/somospie/run0386/00/01/generate_eval_ID0000040.meta,/mnt/poseidon-data/poseidon/workflows/SOMOSPIE/SOMOSPIE_pegasus/CombinedPipeline/submit/poseidon/pegasus/somospie/run0386/00/01/generate_eval_ID0000039.meta,/mnt/poseidon-data/poseidon/workflows/SOMOSPIE/SOMOSPIE_pegasus/CombinedPipeline/submit/poseidon/pegasus/somospie/run0386/00/00/generate_train_ID0000034.meta,/mnt/poseidon-data/poseidon/workflows/SOMOSPIE/SOMOSPIE_pegasus/CombinedPipeline/submit/poseidon/pegasus/somospie/run0386/00/01/generate_train_ID0000035.meta,/mnt/poseidon-data/poseidon/workflows/SOMOSPIE/SOMOSPIE_pegasus/CombinedPipeline/submit/poseidon/pegasus/somospie/run0386/00/01/generate_train_ID0000036.meta,/mnt/poseidon-data/poseidon/workflows/SOMOSPIE/SOMOSPIE_pegasus/CombinedPipeline/submit/poseidon/pegasus/somospie/run0386/00/01/generate_eval_ID0000042.meta,/mnt/poseidon-data/poseidon/workflows/SOMOSPIE/SOMOSPIE_pegasus/CombinedPipeline/submit/poseidon/pegasus/somospie/run0386/00/00/generate_train_ID0000029.meta --insert /mnt/poseidon-data/poseidon/workflows/SOMOSPIE/SOMOSPIE_pegasus/CombinedPipeline/submit/poseidon/pegasus/somospie/run0386/00/01/register_condorpool_5_0.in",3.0,0,0,,,,,,,,,
cleanup_somospie_0_condorpool,None,auxiliary,0,1712120878.0,,,1712120883.0,,,0.0,1712120883.0,1712120888.0,,,0.0,1712120888.0,1712120893.0,5.0,,0.0,5.0,5.0,,,,,poseidon,local,poseidon-submit,pegasus::cleanup,/mnt/poseidon-data/poseidon/pegasus-5.1.0panorama/bin/pegasus-transfer,pegasus-kickstart  -n pegasus::cleanup -N null -i - -R local  -L somospie -T 2024-03-27T17:59:14+00:00 pegasus-transfer,0.2,0,0,,,,,,,,,
