,anomaly_type,type,is_clustered,ready,pre_script_start,pre_script_end,submit,stage_in_start,stage_in_end,stage_in_effective_bytes_per_sec,execute_start,execute_end,stage_out_start,stage_out_end,stage_out_effective_bytes_per_sec,post_script_start,post_script_end,wms_delay,pre_script_delay,queue_delay,runtime,post_script_delay,stage_in_delay,stage_in_bytes,stage_out_delay,stage_out_bytes,kickstart_user,kickstart_site,kickstart_hostname,kickstart_transformations,kickstart_executables,kickstart_executables_argv,kickstart_executables_cpu_time,kickstart_status,kickstart_executables_exitcode,kickstart_online_iowait,kickstart_online_bytes_read,kickstart_online_bytes_written,kickstart_online_read_system_calls,kickstart_online_write_system_calls,kickstart_online_utime,kickstart_online_stime,kickstart_online_bytes_read_per_second,kickstart_online_bytes_written_per_second
create_dir_somospie_0_condorpool,None,auxiliary,0,1711763418.0,,,1711763419.0,,,0.0,1711763424.0,1711763429.0,,,0.0,1711763429.0,1711763434.0,1.0,,5.0,5.0,5.0,,,,,poseidon,local,poseidon-submit,pegasus::dirmanager,/mnt/poseidon-data/poseidon/pegasus-5.1.0panorama/bin/pegasus-transfer,pegasus-kickstart  -n pegasus::dirmanager -N null -i - -R local  -L somospie -T 2024-03-27T17:59:14+00:00 pegasus-transfer,0.3,0,0,,,,,,,,,
get_sm_ID0000019,None,compute,0,1711763434.0,,,1711763439.0,1711763459.0,1711763485.0,24069087.1,1711763458.0,1711763504.0,1711763493.0,1711763496.0,274691.0,1711763504.0,1711763509.0,5.0,,19.0,46.0,5.0,26.0,459739344.0,3.0,873152.0,poseidon,condorpool,poseidon-worker-2-container-32-35,get_sm,/srv/get_sm,,1.9,0,0,,,,,,,,,
get_sm_ID0000018,cpu_2,compute,0,1711763434.0,,,1711763439.0,1711763459.0,1711763477.0,38501593.6,1711763458.0,1711763494.0,1711763484.0,1711763488.0,221925.0,1711763494.0,1711763499.0,5.0,,19.0,36.0,5.0,18.0,449409643.0,4.0,716593.0,poseidon,condorpool,poseidon-worker-2-container-24-27,get_sm,/srv/get_sm,,1.9,0,0,,,,,,,,,
get_sm_ID0000017,cpu_2,compute,0,1711763434.0,,,1711763439.0,1711763459.0,1711763480.0,29073033.2,1711763458.0,1711763499.0,1711763487.0,1711763490.0,191799.0,1711763499.0,1711763504.0,5.0,,19.0,41.0,5.0,21.0,444771924.0,3.0,613264.0,poseidon,condorpool,poseidon-worker-1-container-16-19,get_sm,/srv/get_sm,,1.9,0,0,,,,,,,,,
get_sm_ID0000016,cpu_2,compute,0,1711763434.0,,,1711763439.0,1711763459.0,1711763477.0,38135006.8,1711763458.0,1711763494.0,1711763484.0,1711763487.0,167703.0,1711763494.0,1711763499.0,5.0,,19.0,36.0,5.0,18.0,436178789.0,3.0,550490.0,poseidon,condorpool,poseidon-worker-1-container-28-31,get_sm,/srv/get_sm,,1.7,0,0,,,,,,,,,
get_sm_ID0000026,None,compute,0,1711763434.0,,,1711763439.0,1711763459.0,1711763479.0,35907681.3,1711763458.0,1711763499.0,1711763486.0,1711763489.0,190796.0,1711763499.0,1711763504.0,5.0,,19.0,41.0,5.0,20.0,442257808.0,3.0,608523.0,poseidon,condorpool,poseidon-worker-2-container-44-47,get_sm,/srv/get_sm,,1.8,0,0,,,,,,,,,
get_sm_ID0000015,None,compute,0,1711763434.0,,,1711763439.0,1711763459.0,1711763477.0,42461806.4,1711763458.0,1711763494.0,1711763484.0,1711763488.0,171368.0,1711763494.0,1711763499.0,5.0,,19.0,36.0,5.0,18.0,440090843.0,4.0,551360.0,poseidon,condorpool,poseidon-worker-2-container-40-43,get_sm,/srv/get_sm,,1.9,0,0,,,,,,,,,
merge_ID0000001,None,compute,0,1711763434.0,,,1711763439.0,1711763459.0,1711763479.0,131318311.2,1711763458.0,1711763534.0,1711763513.0,1711763527.0,91433296.0,1711763534.0,1711763539.0,5.0,,19.0,76.0,5.0,20.0,1726068480.0,14.0,1298102725.0,poseidon,condorpool,poseidon-worker-2-container-16-19,merge,/srv/merge,,41.2,0,0,0.0,979614933.0,1294531906.0,10758.0,39540.0,34.5,2.2,48980746.6,64726595.3
get_sm_ID0000024,None,compute,0,1711763434.0,,,1711763439.0,1711763459.0,1711763480.0,34387302.0,1711763458.0,1711763499.0,1711763487.0,1711763490.0,257083.0,1711763499.0,1711763504.0,5.0,,19.0,41.0,5.0,21.0,457521962.0,3.0,830231.0,poseidon,condorpool,poseidon-worker-1-container-44-47,get_sm,/srv/get_sm,,2.0,0,0,,,,,,,,,
get_sm_ID0000023,cpu_2,compute,0,1711763434.0,,,1711763439.0,1711763459.0,1711763478.0,38718118.3,1711763458.0,1711763499.0,1711763485.0,1711763489.0,292965.0,1711763499.0,1711763504.0,5.0,,19.0,41.0,5.0,19.0,467398273.0,4.0,943297.0,poseidon,condorpool,poseidon-worker-1-container-32-35,get_sm,/srv/get_sm,,1.9,0,0,,,,,,,,,
get_sm_ID0000022,None,compute,0,1711763434.0,,,1711763439.0,1711763459.0,1711763487.0,23483228.3,1711763458.0,1711763504.0,1711763494.0,1711763497.0,300585.0,1711763504.0,1711763509.0,5.0,,19.0,46.0,5.0,28.0,475800760.0,3.0,952852.0,poseidon,condorpool,poseidon-worker-2-container-36-39,get_sm,/srv/get_sm,,2.1,0,0,,,,,,,,,
get_sm_ID0000021,cpu_2,compute,0,1711763434.0,,,1711763439.0,1711763459.0,1711763480.0,34535196.3,1711763458.0,1711763499.0,1711763488.0,1711763491.0,294033.0,1711763499.0,1711763504.0,5.0,,19.0,41.0,5.0,21.0,475840244.0,3.0,951505.0,poseidon,condorpool,poseidon-worker-1-container-40-43,get_sm,/srv/get_sm,,2.0,0,0,,,,,,,,,
get_sm_ID0000020,cpu_2,compute,0,1711763434.0,,,1711763439.0,1711763459.0,1711763478.0,40920017.7,1711763458.0,1711763494.0,1711763485.0,1711763488.0,297062.0,1711763494.0,1711763499.0,5.0,,19.0,36.0,5.0,19.0,470635724.0,3.0,945682.0,poseidon,condorpool,poseidon-worker-1-container-36-39,get_sm,/srv/get_sm,,1.9,0,0,,,,,,,,,
get_sm_ID0000025,None,compute,0,1711763434.0,,,1711763439.0,1711763459.0,1711763479.0,34871125.0,1711763458.0,1711763499.0,1711763486.0,1711763489.0,220056.0,1711763499.0,1711763504.0,5.0,,19.0,41.0,5.0,20.0,447555942.0,3.0,712778.0,poseidon,condorpool,poseidon-worker-1-container-24-27,get_sm,/srv/get_sm,,2.0,0,0,,,,,,,,,
stage_out_local_condorpool_0_1,None,transfer,0,1711763509.0,,,1711763514.0,,,0.0,1711763514.0,1711763519.0,,,0.0,1711763519.0,1711763524.0,5.0,,0.0,5.0,5.0,,,,,poseidon,local,poseidon-submit,pegasus::transfer,/mnt/poseidon-data/poseidon/pegasus-5.1.0panorama/bin/pegasus-transfer,/home/poseidon/pegasus-5.1.0panorama/bin/../bin/pegasus-kickstart  -n pegasus::transfer -N null -i - -R local  -L somospie -T 2024-03-27T17:59:14+00:00 /home/poseidon/pegasus-5.1.0panorama/bin/../bin/pegasus-transfer  --threads 2,0.7,0,0,,,,,,,,,
register_condorpool_0_1,None,auxiliary,0,1711763524.0,,,1711763529.0,,,0.0,1711763529.0,1711763534.0,,,0.0,1711763534.0,1711763539.0,5.0,,0.0,5.0,5.0,,,,,poseidon,local,poseidon-submit,pegasus::rc-client,/mnt/poseidon-data/poseidon/pegasus-5.1.0panorama/bin/pegasus-rc-client,"-n pegasus::rc-client -N null -R local  -L somospie -T 2024-03-27T17:59:14+00:00 /home/poseidon/pegasus-5.1.0panorama/bin/pegasus-rc-client --prefix pegasus.catalog.replica.output --conf /mnt/poseidon-data/poseidon/workflows/SOMOSPIE/SOMOSPIE_pegasus/CombinedPipeline/submit/poseidon/pegasus/somospie/run0161/pegasus.18305057968869942526.properties -v --meta /mnt/poseidon-data/poseidon/workflows/SOMOSPIE/SOMOSPIE_pegasus/CombinedPipeline/submit/poseidon/pegasus/somospie/run0161/00/00/get_sm_ID0000020.meta,/mnt/poseidon-data/poseidon/workflows/SOMOSPIE/SOMOSPIE_pegasus/CombinedPipeline/submit/poseidon/pegasus/somospie/run0161/00/00/get_sm_ID0000026.meta,/mnt/poseidon-data/poseidon/workflows/SOMOSPIE/SOMOSPIE_pegasus/CombinedPipeline/submit/poseidon/pegasus/somospie/run0161/00/00/get_sm_ID0000016.meta,/mnt/poseidon-data/poseidon/workflows/SOMOSPIE/SOMOSPIE_pegasus/CombinedPipeline/submit/poseidon/pegasus/somospie/run0161/00/00/get_sm_ID0000022.meta,/mnt/poseidon-data/poseidon/workflows/SOMOSPIE/SOMOSPIE_pegasus/CombinedPipeline/submit/poseidon/pegasus/somospie/run0161/00/00/get_sm_ID0000024.meta,/mnt/poseidon-data/poseidon/workflows/SOMOSPIE/SOMOSPIE_pegasus/CombinedPipeline/submit/poseidon/pegasus/somospie/run0161/00/00/get_sm_ID0000019.meta --insert /mnt/poseidon-data/poseidon/workflows/SOMOSPIE/SOMOSPIE_pegasus/CombinedPipeline/submit/poseidon/pegasus/somospie/run0161/00/00/register_condorpool_0_1.in",3.1,0,0,,,,,,,,,
reproject_ID0000002,cpu_2,compute,0,1711763539.0,,,1711763544.0,1711763556.0,1711763575.0,142127654.4,1711763555.0,1711763639.0,1711763619.0,1711763632.0,88734501.0,1711763639.0,1711763644.0,5.0,,11.0,84.0,5.0,19.0,1696973986.0,13.0,1125581407.0,poseidon,condorpool,poseidon-worker-1-container-36-39,reproject,/srv/reproject,,49.2,0,0,0.0,1446304211.0,1115534015.0,48578.0,34074.0,43.3,4.4,48210140.4,37184467.2
stage_out_local_condorpool_0_0,None,transfer,0,1711763539.0,,,1711763544.0,,,0.0,1711763544.0,1711763554.0,,,0.0,1711763554.0,1711763559.0,5.0,,0.0,10.0,5.0,,,,,poseidon,local,poseidon-submit,pegasus::transfer,/mnt/poseidon-data/poseidon/pegasus-5.1.0panorama/bin/pegasus-transfer,/home/poseidon/pegasus-5.1.0panorama/bin/../bin/pegasus-kickstart  -n pegasus::transfer -N null -i - -R local  -L somospie -T 2024-03-27T17:59:14+00:00 /home/poseidon/pegasus-5.1.0panorama/bin/../bin/pegasus-transfer  --threads 2,4.4,0,0,,,,,,,,,
reproject_ID0000011,None,compute,0,1711763539.0,,,1711763544.0,1711763545.0,1711763565.0,138676910.7,1711763544.0,1711763624.0,1711763601.0,1711763615.0,91368500.0,1711763624.0,1711763629.0,5.0,,0.0,80.0,5.0,20.0,1696973136.0,14.0,1298118839.0,poseidon,condorpool,poseidon-worker-2-container-16-19,reproject,/srv/reproject,,54.6,0,0,0.0,1308965097.0,1295121733.0,17629.0,39560.0,44.6,3.6,65448254.9,64756086.7
register_condorpool_0_0,None,auxiliary,0,1711763559.0,,,1711763564.0,,,0.0,1711763564.0,1711763569.0,,,0.0,1711763569.0,1711763574.0,5.0,,0.0,5.0,5.0,,,,,poseidon,local,poseidon-submit,pegasus::rc-client,/mnt/poseidon-data/poseidon/pegasus-5.1.0panorama/bin/pegasus-rc-client,"-n pegasus::rc-client -N null -R local  -L somospie -T 2024-03-27T17:59:14+00:00 /home/poseidon/pegasus-5.1.0panorama/bin/pegasus-rc-client --prefix pegasus.catalog.replica.output --conf /mnt/poseidon-data/poseidon/workflows/SOMOSPIE/SOMOSPIE_pegasus/CombinedPipeline/submit/poseidon/pegasus/somospie/run0161/pegasus.18305057968869942526.properties -v --meta /mnt/poseidon-data/poseidon/workflows/SOMOSPIE/SOMOSPIE_pegasus/CombinedPipeline/submit/poseidon/pegasus/somospie/run0161/00/00/get_sm_ID0000023.meta,/mnt/poseidon-data/poseidon/workflows/SOMOSPIE/SOMOSPIE_pegasus/CombinedPipeline/submit/poseidon/pegasus/somospie/run0161/00/00/get_sm_ID0000017.meta,/mnt/poseidon-data/poseidon/workflows/SOMOSPIE/SOMOSPIE_pegasus/CombinedPipeline/submit/poseidon/pegasus/somospie/run0161/00/00/get_sm_ID0000018.meta,/mnt/poseidon-data/poseidon/workflows/SOMOSPIE/SOMOSPIE_pegasus/CombinedPipeline/submit/poseidon/pegasus/somospie/run0161/00/00/merge_ID0000001.meta,/mnt/poseidon-data/poseidon/workflows/SOMOSPIE/SOMOSPIE_pegasus/CombinedPipeline/submit/poseidon/pegasus/somospie/run0161/00/00/get_sm_ID0000015.meta,/mnt/poseidon-data/poseidon/workflows/SOMOSPIE/SOMOSPIE_pegasus/CombinedPipeline/submit/poseidon/pegasus/somospie/run0161/00/00/get_sm_ID0000021.meta,/mnt/poseidon-data/poseidon/workflows/SOMOSPIE/SOMOSPIE_pegasus/CombinedPipeline/submit/poseidon/pegasus/somospie/run0161/00/00/get_sm_ID0000025.meta --insert /mnt/poseidon-data/poseidon/workflows/SOMOSPIE/SOMOSPIE_pegasus/CombinedPipeline/submit/poseidon/pegasus/somospie/run0161/00/00/register_condorpool_0_0.in",2.9,0,0,,,,,,,,,
stage_out_local_condorpool_1_0,None,transfer,0,1711763644.0,,,1711763649.0,,,0.0,1711763649.0,1711763659.0,,,0.0,1711763659.0,1711763664.0,5.0,,0.0,10.0,5.0,,,,,poseidon,local,poseidon-submit,pegasus::transfer,/mnt/poseidon-data/poseidon/pegasus-5.1.0panorama/bin/pegasus-transfer,/home/poseidon/pegasus-5.1.0panorama/bin/../bin/pegasus-kickstart  -n pegasus::transfer -N null -i - -R local  -L somospie -T 2024-03-27T17:59:14+00:00 /home/poseidon/pegasus-5.1.0panorama/bin/../bin/pegasus-transfer  --threads 2,7.0,0,0,,,,,,,,,
crop_ID0000009,cpu_2,compute,0,1711763644.0,,,1711763649.0,1711763650.0,1711763669.0,132495088.8,1711763649.0,1711763689.0,1711763679.0,1711763684.0,24409555.0,1711763689.0,1711763694.0,5.0,,0.0,40.0,5.0,19.0,1524452582.0,5.0,99654844.0,poseidon,condorpool,poseidon-worker-1-container-36-39,crop,/srv/crop,,2.7,0,0,,,,,,,,,
crop_ID0000007,None,compute,0,1711763644.0,,,1711763649.0,1711763650.0,1711763669.0,132914080.2,1711763649.0,1711763694.0,1711763681.0,1711763686.0,40198857.0,1711763694.0,1711763699.0,5.0,,0.0,45.0,5.0,19.0,1524452582.0,5.0,194227221.0,poseidon,condorpool,poseidon-worker-2-container-16-19,crop,/srv/crop,,3.8,0,0,,,,,,,,,
crop_ID0000005,cpu_2,compute,0,1711763644.0,,,1711763649.0,1711763656.0,1711763674.0,143861333.0,1711763655.0,1711763694.0,1711763683.0,1711763687.0,1305871.0,1711763694.0,1711763699.0,5.0,,6.0,39.0,5.0,18.0,1524452582.0,4.0,4263385.0,poseidon,condorpool,poseidon-worker-1-container-36-39,crop,/srv/crop,,1.8,0,0,,,,,,,,,
crop_ID0000003,None,compute,0,1711763644.0,,,1711763649.0,1711763656.0,1711763674.0,138410416.8,1711763655.0,1711763694.0,1711763684.0,1711763687.0,777192.0,1711763694.0,1711763699.0,5.0,,6.0,39.0,5.0,18.0,1524452582.0,3.0,2530349.0,poseidon,condorpool,poseidon-worker-2-container-16-19,crop,/srv/crop,,1.9,0,0,,,,,,,,,
register_condorpool_1_0,None,auxiliary,0,1711763664.0,,,1711763669.0,,,0.0,1711763669.0,1711763674.0,,,0.0,1711763674.0,1711763679.0,5.0,,0.0,5.0,5.0,,,,,poseidon,local,poseidon-submit,pegasus::rc-client,/mnt/poseidon-data/poseidon/pegasus-5.1.0panorama/bin/pegasus-rc-client,"-n pegasus::rc-client -N null -R local  -L somospie -T 2024-03-27T17:59:14+00:00 /home/poseidon/pegasus-5.1.0panorama/bin/pegasus-rc-client --prefix pegasus.catalog.replica.output --conf /mnt/poseidon-data/poseidon/workflows/SOMOSPIE/SOMOSPIE_pegasus/CombinedPipeline/submit/poseidon/pegasus/somospie/run0161/pegasus.18305057968869942526.properties -v --meta /mnt/poseidon-data/poseidon/workflows/SOMOSPIE/SOMOSPIE_pegasus/CombinedPipeline/submit/poseidon/pegasus/somospie/run0161/00/00/reproject_ID0000002.meta,/mnt/poseidon-data/poseidon/workflows/SOMOSPIE/SOMOSPIE_pegasus/CombinedPipeline/submit/poseidon/pegasus/somospie/run0161/00/00/reproject_ID0000011.meta --insert /mnt/poseidon-data/poseidon/workflows/SOMOSPIE/SOMOSPIE_pegasus/CombinedPipeline/submit/poseidon/pegasus/somospie/run0161/00/00/register_condorpool_1_0.in",3.0,0,0,,,,,,,,,
compute_ID0000010,cpu_2,compute,0,1711763694.0,,,1711763699.0,1711763700.0,1711763714.0,70511634.0,1711763699.0,1711763744.0,1711763732.0,1711763737.0,47071729.0,1711763744.0,1711763749.0,5.0,,0.0,45.0,5.0,14.0,498525556.0,5.0,250017804.0,poseidon,condorpool,poseidon-worker-1-container-36-39,compute,/srv/compute,,11.9,0,0,0.0,303801278.0,241702629.0,4516.0,7402.0,9.3,0.7,30380127.8,24170262.9
stage_out_local_condorpool_2_0,None,transfer,0,1711763699.0,,,1711763704.0,,,0.0,1711763704.0,1711763709.0,,,0.0,1711763709.0,1711763714.0,5.0,,0.0,5.0,5.0,,,,,poseidon,local,poseidon-submit,pegasus::transfer,/mnt/poseidon-data/poseidon/pegasus-5.1.0panorama/bin/pegasus-transfer,/home/poseidon/pegasus-5.1.0panorama/bin/../bin/pegasus-kickstart  -n pegasus::transfer -N null -i - -R local  -L somospie -T 2024-03-27T17:59:14+00:00 /home/poseidon/pegasus-5.1.0panorama/bin/../bin/pegasus-transfer  --threads 2,1.4,0,0,,,,,,,,,
compute_ID0000004,None,compute,0,1711763699.0,,,1711763704.0,1711763720.0,1711763734.0,61584939.7,1711763719.0,1711763754.0,1711763744.0,1711763747.0,1622122.0,1711763754.0,1711763759.0,5.0,,15.0,35.0,5.0,14.0,401401061.0,3.0,5326886.0,poseidon,condorpool,poseidon-worker-2-container-36-39,compute,/srv/compute,,5.2,0,0,,,,,,,,,
compute_ID0000008,cpu_2,compute,0,1711763699.0,,,1711763704.0,1711763720.0,1711763735.0,83234461.7,1711763719.0,1711763774.0,1711763759.0,1711763766.0,66980704.0,1711763774.0,1711763779.0,5.0,,15.0,55.0,5.0,15.0,593097933.0,7.0,506706062.0,poseidon,condorpool,poseidon-worker-1-container-40-43,compute,/srv/compute,,17.3,0,0,0.0,337472944.0,359246946.0,4209.0,10980.0,9.2,0.7,33747294.4,35924694.6
compute_ID0000006,None,compute,0,1711763699.0,,,1711763704.0,1711763705.0,1711763718.0,63579101.2,1711763704.0,1711763739.0,1711763728.0,1711763732.0,2838054.0,1711763739.0,1711763744.0,5.0,,0.0,35.0,5.0,13.0,403134097.0,4.0,9696865.0,poseidon,condorpool,poseidon-worker-2-container-16-19,compute,/srv/compute,,5.5,0,0,,,,,,,,,
register_condorpool_2_0,None,auxiliary,0,1711763714.0,,,1711763719.0,,,0.0,1711763724.0,1711763729.0,,,0.0,1711763729.0,1711763734.0,5.0,,5.0,5.0,5.0,,,,,poseidon,local,poseidon-submit,pegasus::rc-client,/mnt/poseidon-data/poseidon/pegasus-5.1.0panorama/bin/pegasus-rc-client,"-n pegasus::rc-client -N null -R local  -L somospie -T 2024-03-27T17:59:14+00:00 /home/poseidon/pegasus-5.1.0panorama/bin/pegasus-rc-client --prefix pegasus.catalog.replica.output --conf /mnt/poseidon-data/poseidon/workflows/SOMOSPIE/SOMOSPIE_pegasus/CombinedPipeline/submit/poseidon/pegasus/somospie/run0161/pegasus.18305057968869942526.properties -v --meta /mnt/poseidon-data/poseidon/workflows/SOMOSPIE/SOMOSPIE_pegasus/CombinedPipeline/submit/poseidon/pegasus/somospie/run0161/00/00/crop_ID0000009.meta,/mnt/poseidon-data/poseidon/workflows/SOMOSPIE/SOMOSPIE_pegasus/CombinedPipeline/submit/poseidon/pegasus/somospie/run0161/00/00/crop_ID0000007.meta,/mnt/poseidon-data/poseidon/workflows/SOMOSPIE/SOMOSPIE_pegasus/CombinedPipeline/submit/poseidon/pegasus/somospie/run0161/00/00/crop_ID0000003.meta,/mnt/poseidon-data/poseidon/workflows/SOMOSPIE/SOMOSPIE_pegasus/CombinedPipeline/submit/poseidon/pegasus/somospie/run0161/00/00/crop_ID0000005.meta --insert /mnt/poseidon-data/poseidon/workflows/SOMOSPIE/SOMOSPIE_pegasus/CombinedPipeline/submit/poseidon/pegasus/somospie/run0161/00/00/register_condorpool_2_0.in",2.9,0,0,,,,,,,,,
stage_out_local_condorpool_3_0,None,transfer,0,1711763779.0,,,1711763784.0,,,0.0,1711763784.0,1711763794.0,,,0.0,1711763794.0,1711763799.0,5.0,,0.0,10.0,5.0,,,,,poseidon,local,poseidon-submit,pegasus::transfer,/mnt/poseidon-data/poseidon/pegasus-5.1.0panorama/bin/pegasus-transfer,/home/poseidon/pegasus-5.1.0panorama/bin/../bin/pegasus-kickstart  -n pegasus::transfer -N null -i - -R local  -L somospie -T 2024-03-27T17:59:14+00:00 /home/poseidon/pegasus-5.1.0panorama/bin/../bin/pegasus-transfer  --threads 2,3.3,0,0,,,,,,,,,
merge_avg_ID0000014,cpu_2,compute,0,1711763779.0,,,1711763784.0,1711763785.0,1711763801.0,84238053.0,1711763785.0,1711763859.0,1711763845.0,1711763851.0,53528579.0,1711763859.0,1711763864.0,5.0,,1.0,74.0,5.0,16.0,737559838.0,6.0,309527239.0,poseidon,condorpool,poseidon-worker-1-container-36-39,merge_avg,/srv/merge_avg,,42.8,0,0,0.0,1111814547.0,666570175.0,51065.0,20454.0,22.4,5.6,37060484.9,22219005.8
merge_avg_ID0000012,None,compute,0,1711763779.0,,,1711763784.0,1711763785.0,1711763801.0,84786466.0,1711763785.0,1711763854.0,1711763840.0,1711763845.0,52884304.0,1711763854.0,1711763859.0,5.0,,1.0,69.0,5.0,16.0,731979063.0,5.0,304811410.0,poseidon,condorpool,poseidon-worker-2-container-36-39,merge_avg,/srv/merge_avg,,44.8,0,0,0.0,1146487416.0,800603998.0,47287.0,24560.0,30.9,7.7,38216247.2,26686799.9
merge_avg_ID0000013,None,compute,0,1711763779.0,,,1711763784.0,1711763785.0,1711763800.0,63833378.6,1711763785.0,1711763849.0,1711763836.0,1711763841.0,24152089.0,1711763849.0,1711763854.0,5.0,,1.0,64.0,5.0,15.0,498824437.0,5.0,98388765.0,poseidon,condorpool,poseidon-worker-2-container-16-19,merge_avg,/srv/merge_avg,,40.4,0,0,0.0,459048540.0,287217424.0,48761.0,8894.0,29.8,7.0,15301618.0,9573914.1
register_condorpool_3_0,None,auxiliary,0,1711763799.0,,,1711763804.0,,,0.0,1711763804.0,1711763809.0,,,0.0,1711763809.0,1711763814.0,5.0,,0.0,5.0,5.0,,,,,poseidon,local,poseidon-submit,pegasus::rc-client,/mnt/poseidon-data/poseidon/pegasus-5.1.0panorama/bin/pegasus-rc-client,"-n pegasus::rc-client -N null -R local  -L somospie -T 2024-03-27T17:59:14+00:00 /home/poseidon/pegasus-5.1.0panorama/bin/pegasus-rc-client --prefix pegasus.catalog.replica.output --conf /mnt/poseidon-data/poseidon/workflows/SOMOSPIE/SOMOSPIE_pegasus/CombinedPipeline/submit/poseidon/pegasus/somospie/run0161/pegasus.18305057968869942526.properties -v --meta /mnt/poseidon-data/poseidon/workflows/SOMOSPIE/SOMOSPIE_pegasus/CombinedPipeline/submit/poseidon/pegasus/somospie/run0161/00/00/compute_ID0000010.meta,/mnt/poseidon-data/poseidon/workflows/SOMOSPIE/SOMOSPIE_pegasus/CombinedPipeline/submit/poseidon/pegasus/somospie/run0161/00/00/compute_ID0000006.meta,/mnt/poseidon-data/poseidon/workflows/SOMOSPIE/SOMOSPIE_pegasus/CombinedPipeline/submit/poseidon/pegasus/somospie/run0161/00/00/compute_ID0000004.meta,/mnt/poseidon-data/poseidon/workflows/SOMOSPIE/SOMOSPIE_pegasus/CombinedPipeline/submit/poseidon/pegasus/somospie/run0161/00/00/compute_ID0000008.meta --insert /mnt/poseidon-data/poseidon/workflows/SOMOSPIE/SOMOSPIE_pegasus/CombinedPipeline/submit/poseidon/pegasus/somospie/run0161/00/00/register_condorpool_3_0.in",3.0,0,0,,,,,,,,,
generate_train_ID0000034,cpu_2,compute,0,1711763864.0,,,1711763869.0,1711763885.0,1711763914.0,112465786.1,1711763884.0,1711763934.0,1711763925.0,1711763928.0,397594.0,1711763934.0,1711763939.0,5.0,,15.0,50.0,5.0,29.0,2411404099.0,3.0,1275159.0,poseidon,condorpool,poseidon-worker-1-container-40-43,generate_train,/srv/generate_train,,0.8,0,0,,,,,,,,,
generate_eval_ID0000041,None,compute,0,1711763864.0,,,1711763869.0,1711763885.0,1711763910.0,136497632.9,1711763884.0,1711763954.0,1711763938.0,1711763946.0,70876491.0,1711763954.0,1711763959.0,5.0,,15.0,70.0,5.0,25.0,2410452250.0,8.0,561272484.0,poseidon,condorpool,poseidon-worker-1-container-24-27,generate_eval,/srv/generate_eval,,15.7,0,0,0.1,341442336.0,325138694.0,4692.0,9958.0,9.1,0.8,34144233.6,32513869.4
generate_eval_ID0000040,None,compute,0,1711763864.0,,,1711763869.0,1711763885.0,1711763913.0,117528022.4,1711763884.0,1711763944.0,1711763931.0,1711763934.0,2547418.0,1711763944.0,1711763949.0,5.0,,15.0,60.0,5.0,28.0,2410452250.0,3.0,8350187.0,poseidon,condorpool,poseidon-worker-2-container-40-43,generate_eval,/srv/generate_eval,,8.1,0,0,,,,,,,,,
generate_train_ID0000030,None,compute,0,1711763864.0,,,1711763869.0,1711763885.0,1711763923.0,77699573.7,1711763884.0,1711763944.0,1711763934.0,1711763937.0,302373.0,1711763944.0,1711763949.0,5.0,,15.0,60.0,5.0,38.0,2411167840.0,3.0,973028.0,poseidon,condorpool,poseidon-worker-2-container-44-47,generate_train,/srv/generate_train,,0.8,0,0,,,,,,,,,
generate_eval_ID0000039,None,compute,0,1711763864.0,,,1711763869.0,1711763885.0,1711763910.0,138847097.0,1711763884.0,1711763939.0,1711763928.0,1711763931.0,2759295.0,1711763939.0,1711763944.0,5.0,,15.0,55.0,5.0,25.0,2410452250.0,3.0,9068473.0,poseidon,condorpool,poseidon-worker-2-container-32-35,generate_eval,/srv/generate_eval,,8.2,0,0,,,,,,,,,
generate_eval_ID0000042,cpu_2,compute,0,1711763864.0,,,1711763869.0,1711763885.0,1711763918.0,93813750.0,1711763884.0,1711763954.0,1711763940.0,1711763945.0,45380644.0,1711763954.0,1711763959.0,5.0,,15.0,70.0,5.0,33.0,2410452250.0,5.0,240602325.0,poseidon,condorpool,poseidon-worker-1-container-16-19,generate_eval,/srv/generate_eval,,11.5,0,0,0.0,238569634.0,238500109.0,4129.0,7320.0,9.1,0.8,23856963.4,23850010.9
generate_train_ID0000032,cpu_2,compute,0,1711763864.0,,,1711763869.0,1711763885.0,1711763913.0,117721340.1,1711763884.0,1711763934.0,1711763924.0,1711763927.0,395193.0,1711763934.0,1711763939.0,5.0,,15.0,50.0,5.0,28.0,2411396929.0,3.0,1265871.0,poseidon,condorpool,poseidon-worker-2-container-24-27,generate_train,/srv/generate_train,,0.8,0,0,,,,,,,,,
generate_train_ID0000031,cpu_2,compute,0,1711763864.0,,,1711763869.0,1711763885.0,1711763919.0,92313234.1,1711763884.0,1711763939.0,1711763929.0,1711763933.0,368822.0,1711763939.0,1711763944.0,5.0,,15.0,55.0,5.0,34.0,2411324399.0,4.0,1175014.0,poseidon,condorpool,poseidon-worker-1-container-28-31,generate_train,/srv/generate_train,,0.8,0,0,,,,,,,,,
generate_train_ID0000036,None,compute,0,1711763864.0,,,1711763869.0,1711763885.0,1711763911.0,125609888.4,1711763884.0,1711763934.0,1711763922.0,1711763925.0,349966.0,1711763934.0,1711763939.0,5.0,,15.0,50.0,5.0,26.0,2411281478.0,3.0,1118721.0,poseidon,condorpool,poseidon-worker-1-container-44-47,generate_train,/srv/generate_train,,0.8,0,0,,,,,,,,,
generate_train_ID0000029,None,compute,0,1711763864.0,,,1711763869.0,1711763885.0,1711763909.0,147640574.9,1711763884.0,1711763934.0,1711763920.0,1711763923.0,262655.0,1711763934.0,1711763939.0,5.0,,15.0,50.0,5.0,24.0,2411064511.0,3.0,843408.0,poseidon,condorpool,poseidon-worker-2-container-36-39,generate_train,/srv/generate_train,,0.9,0,0,,,,,,,,,
generate_train_ID0000033,None,compute,0,1711763864.0,,,1711763869.0,1711763885.0,1711763910.0,132031730.6,1711763884.0,1711763934.0,1711763922.0,1711763925.0,391625.0,1711763934.0,1711763939.0,5.0,,15.0,50.0,5.0,25.0,2411402752.0,3.0,1274805.0,poseidon,condorpool,poseidon-worker-2-container-16-19,generate_train,/srv/generate_train,,0.9,0,0,,,,,,,,,
generate_train_ID0000028,cpu_2,compute,0,1711763864.0,,,1711763869.0,1711763885.0,1711763911.0,126417085.8,1711763884.0,1711763934.0,1711763922.0,1711763925.0,236999.0,1711763934.0,1711763939.0,5.0,,15.0,50.0,5.0,26.0,2411001737.0,3.0,762584.0,poseidon,condorpool,poseidon-worker-1-container-36-39,generate_train,/srv/generate_train,,0.8,0,0,,,,,,,,,
stage_out_local_condorpool_4_0,None,transfer,0,1711763864.0,,,1711763869.0,,,0.0,1711763869.0,1711763874.0,,,0.0,1711763874.0,1711763879.0,5.0,,0.0,5.0,5.0,,,,,poseidon,local,poseidon-submit,pegasus::transfer,/mnt/poseidon-data/poseidon/pegasus-5.1.0panorama/bin/pegasus-transfer,/home/poseidon/pegasus-5.1.0panorama/bin/../bin/pegasus-kickstart  -n pegasus::transfer -N null -i - -R local  -L somospie -T 2024-03-27T17:59:14+00:00 /home/poseidon/pegasus-5.1.0panorama/bin/../bin/pegasus-transfer  --threads 2,2.4,0,0,,,,,,,,,
generate_train_ID0000027,None,compute,0,1711763864.0,,,1711763869.0,1711763871.0,1711763899.0,112191875.7,1711763870.0,1711763924.0,1711763911.0,1711763914.0,235379.0,1711763924.0,1711763929.0,5.0,,1.0,54.0,5.0,28.0,2411002607.0,3.0,764017.0,poseidon,condorpool,poseidon-worker-2-container-16-19,generate_train,/srv/generate_train,,0.8,0,0,,,,,,,,,
generate_train_ID0000038,None,compute,0,1711763864.0,,,1711763869.0,1711763871.0,1711763895.0,138641604.3,1711763870.0,1711763924.0,1711763906.0,1711763910.0,243425.0,1711763924.0,1711763929.0,5.0,,1.0,54.0,5.0,24.0,2411059770.0,4.0,837547.0,poseidon,condorpool,poseidon-worker-2-container-36-39,generate_train,/srv/generate_train,,0.9,0,0,,,,,,,,,
generate_train_ID0000037,cpu_2,compute,0,1711763864.0,,,1711763869.0,1711763871.0,1711763907.0,83470573.3,1711763870.0,1711763929.0,1711763917.0,1711763921.0,301477.0,1711763929.0,1711763934.0,5.0,,1.0,59.0,5.0,36.0,2411164025.0,4.0,969901.0,poseidon,condorpool,poseidon-worker-1-container-36-39,generate_train,/srv/generate_train,,0.8,0,0,,,,,,,,,
generate_train_ID0000035,cpu_2,compute,0,1711763864.0,,,1711763869.0,1711763885.0,1711763910.0,137316926.0,1711763884.0,1711763934.0,1711763920.0,1711763924.0,390823.0,1711763934.0,1711763939.0,5.0,,15.0,50.0,5.0,25.0,2411394544.0,4.0,1261244.0,poseidon,condorpool,poseidon-worker-1-container-32-35,generate_train,/srv/generate_train,,0.8,0,0,,,,,,,,,
register_condorpool_4_0,None,auxiliary,0,1711763879.0,,,1711763884.0,,,0.0,1711763884.0,1711763889.0,,,0.0,1711763889.0,1711763894.0,5.0,,0.0,5.0,5.0,,,,,poseidon,local,poseidon-submit,pegasus::rc-client,/mnt/poseidon-data/poseidon/pegasus-5.1.0panorama/bin/pegasus-rc-client,"-n pegasus::rc-client -N null -R local  -L somospie -T 2024-03-27T17:59:14+00:00 /home/poseidon/pegasus-5.1.0panorama/bin/pegasus-rc-client --prefix pegasus.catalog.replica.output --conf /mnt/poseidon-data/poseidon/workflows/SOMOSPIE/SOMOSPIE_pegasus/CombinedPipeline/submit/poseidon/pegasus/somospie/run0161/pegasus.18305057968869942526.properties -v --meta /mnt/poseidon-data/poseidon/workflows/SOMOSPIE/SOMOSPIE_pegasus/CombinedPipeline/submit/poseidon/pegasus/somospie/run0161/00/00/merge_avg_ID0000013.meta,/mnt/poseidon-data/poseidon/workflows/SOMOSPIE/SOMOSPIE_pegasus/CombinedPipeline/submit/poseidon/pegasus/somospie/run0161/00/00/merge_avg_ID0000012.meta,/mnt/poseidon-data/poseidon/workflows/SOMOSPIE/SOMOSPIE_pegasus/CombinedPipeline/submit/poseidon/pegasus/somospie/run0161/00/00/merge_avg_ID0000014.meta --insert /mnt/poseidon-data/poseidon/workflows/SOMOSPIE/SOMOSPIE_pegasus/CombinedPipeline/submit/poseidon/pegasus/somospie/run0161/00/00/register_condorpool_4_0.in",3.0,0,0,,,,,,,,,
stage_out_local_condorpool_5_0,None,transfer,0,1711763959.0,,,1711763964.0,,,0.0,1711763964.0,1711763974.0,,,0.0,1711763974.0,1711763979.0,5.0,,0.0,10.0,5.0,,,,,poseidon,local,poseidon-submit,pegasus::transfer,/mnt/poseidon-data/poseidon/pegasus-5.1.0panorama/bin/pegasus-transfer,/home/poseidon/pegasus-5.1.0panorama/bin/../bin/pegasus-kickstart  -n pegasus::transfer -N null -i - -R local  -L somospie -T 2024-03-27T17:59:14+00:00 /home/poseidon/pegasus-5.1.0panorama/bin/../bin/pegasus-transfer  --threads 2,3.9,0,0,,,,,,,,,
stage_out_local_condorpool_5_1,None,transfer,0,1711763959.0,,,1711763964.0,,,0.0,1711763964.0,1711763969.0,,,0.0,1711763969.0,1711763974.0,5.0,,0.0,5.0,5.0,,,,,poseidon,local,poseidon-submit,pegasus::transfer,/mnt/poseidon-data/poseidon/pegasus-5.1.0panorama/bin/pegasus-transfer,/home/poseidon/pegasus-5.1.0panorama/bin/../bin/pegasus-kickstart  -n pegasus::transfer -N null -i - -R local  -L somospie -T 2024-03-27T17:59:14+00:00 /home/poseidon/pegasus-5.1.0panorama/bin/../bin/pegasus-transfer  --threads 2,1.6,0,0,,,,,,,,,
register_condorpool_5_1,None,auxiliary,0,1711763974.0,,,1711763979.0,,,0.0,1711763979.0,1711763984.0,,,0.0,1711763984.0,1711763989.0,5.0,,0.0,5.0,5.0,,,,,poseidon,local,poseidon-submit,pegasus::rc-client,/mnt/poseidon-data/poseidon/pegasus-5.1.0panorama/bin/pegasus-rc-client,"-n pegasus::rc-client -N null -R local  -L somospie -T 2024-03-27T17:59:14+00:00 /home/poseidon/pegasus-5.1.0panorama/bin/pegasus-rc-client --prefix pegasus.catalog.replica.output --conf /mnt/poseidon-data/poseidon/workflows/SOMOSPIE/SOMOSPIE_pegasus/CombinedPipeline/submit/poseidon/pegasus/somospie/run0161/pegasus.18305057968869942526.properties -v --meta /mnt/poseidon-data/poseidon/workflows/SOMOSPIE/SOMOSPIE_pegasus/CombinedPipeline/submit/poseidon/pegasus/somospie/run0161/00/00/generate_train_ID0000029.meta,/mnt/poseidon-data/poseidon/workflows/SOMOSPIE/SOMOSPIE_pegasus/CombinedPipeline/submit/poseidon/pegasus/somospie/run0161/00/00/generate_train_ID0000037.meta,/mnt/poseidon-data/poseidon/workflows/SOMOSPIE/SOMOSPIE_pegasus/CombinedPipeline/submit/poseidon/pegasus/somospie/run0161/00/00/generate_train_ID0000028.meta,/mnt/poseidon-data/poseidon/workflows/SOMOSPIE/SOMOSPIE_pegasus/CombinedPipeline/submit/poseidon/pegasus/somospie/run0161/00/00/generate_train_ID0000027.meta,/mnt/poseidon-data/poseidon/workflows/SOMOSPIE/SOMOSPIE_pegasus/CombinedPipeline/submit/poseidon/pegasus/somospie/run0161/00/00/generate_train_ID0000034.meta,/mnt/poseidon-data/poseidon/workflows/SOMOSPIE/SOMOSPIE_pegasus/CombinedPipeline/submit/poseidon/pegasus/somospie/run0161/00/01/generate_train_ID0000031.meta,/mnt/poseidon-data/poseidon/workflows/SOMOSPIE/SOMOSPIE_pegasus/CombinedPipeline/submit/poseidon/pegasus/somospie/run0161/00/01/generate_eval_ID0000040.meta,/mnt/poseidon-data/poseidon/workflows/SOMOSPIE/SOMOSPIE_pegasus/CombinedPipeline/submit/poseidon/pegasus/somospie/run0161/00/01/generate_eval_ID0000042.meta,/mnt/poseidon-data/poseidon/workflows/SOMOSPIE/SOMOSPIE_pegasus/CombinedPipeline/submit/poseidon/pegasus/somospie/run0161/00/01/generate_eval_ID0000039.meta,/mnt/poseidon-data/poseidon/workflows/SOMOSPIE/SOMOSPIE_pegasus/CombinedPipeline/submit/poseidon/pegasus/somospie/run0161/00/00/generate_train_ID0000038.meta,/mnt/poseidon-data/poseidon/workflows/SOMOSPIE/SOMOSPIE_pegasus/CombinedPipeline/submit/poseidon/pegasus/somospie/run0161/00/01/generate_train_ID0000030.meta,/mnt/poseidon-data/poseidon/workflows/SOMOSPIE/SOMOSPIE_pegasus/CombinedPipeline/submit/poseidon/pegasus/somospie/run0161/00/01/generate_train_ID0000035.meta,/mnt/poseidon-data/poseidon/workflows/SOMOSPIE/SOMOSPIE_pegasus/CombinedPipeline/submit/poseidon/pegasus/somospie/run0161/00/01/generate_train_ID0000036.meta,/mnt/poseidon-data/poseidon/workflows/SOMOSPIE/SOMOSPIE_pegasus/CombinedPipeline/submit/poseidon/pegasus/somospie/run0161/00/01/generate_eval_ID0000041.meta,/mnt/poseidon-data/poseidon/workflows/SOMOSPIE/SOMOSPIE_pegasus/CombinedPipeline/submit/poseidon/pegasus/somospie/run0161/00/01/generate_train_ID0000032.meta,/mnt/poseidon-data/poseidon/workflows/SOMOSPIE/SOMOSPIE_pegasus/CombinedPipeline/submit/poseidon/pegasus/somospie/run0161/00/00/generate_train_ID0000033.meta --insert /mnt/poseidon-data/poseidon/workflows/SOMOSPIE/SOMOSPIE_pegasus/CombinedPipeline/submit/poseidon/pegasus/somospie/run0161/00/01/register_condorpool_5_1.in",3.2,0,0,,,,,,,,,
register_condorpool_5_0,None,auxiliary,0,1711763979.0,,,1711763989.0,,,0.0,1711763989.0,1711763994.0,,,0.0,1711763994.0,1711763999.0,10.0,,0.0,5.0,5.0,,,,,poseidon,local,poseidon-submit,pegasus::rc-client,/mnt/poseidon-data/poseidon/pegasus-5.1.0panorama/bin/pegasus-rc-client,"-n pegasus::rc-client -N null -R local  -L somospie -T 2024-03-27T17:59:14+00:00 /home/poseidon/pegasus-5.1.0panorama/bin/pegasus-rc-client --prefix pegasus.catalog.replica.output --conf /mnt/poseidon-data/poseidon/workflows/SOMOSPIE/SOMOSPIE_pegasus/CombinedPipeline/submit/poseidon/pegasus/somospie/run0161/pegasus.18305057968869942526.properties -v --meta /mnt/poseidon-data/poseidon/workflows/SOMOSPIE/SOMOSPIE_pegasus/CombinedPipeline/submit/poseidon/pegasus/somospie/run0161/00/00/generate_train_ID0000029.meta,/mnt/poseidon-data/poseidon/workflows/SOMOSPIE/SOMOSPIE_pegasus/CombinedPipeline/submit/poseidon/pegasus/somospie/run0161/00/00/generate_train_ID0000037.meta,/mnt/poseidon-data/poseidon/workflows/SOMOSPIE/SOMOSPIE_pegasus/CombinedPipeline/submit/poseidon/pegasus/somospie/run0161/00/00/generate_train_ID0000028.meta,/mnt/poseidon-data/poseidon/workflows/SOMOSPIE/SOMOSPIE_pegasus/CombinedPipeline/submit/poseidon/pegasus/somospie/run0161/00/00/generate_train_ID0000027.meta,/mnt/poseidon-data/poseidon/workflows/SOMOSPIE/SOMOSPIE_pegasus/CombinedPipeline/submit/poseidon/pegasus/somospie/run0161/00/00/generate_train_ID0000034.meta,/mnt/poseidon-data/poseidon/workflows/SOMOSPIE/SOMOSPIE_pegasus/CombinedPipeline/submit/poseidon/pegasus/somospie/run0161/00/01/generate_train_ID0000031.meta,/mnt/poseidon-data/poseidon/workflows/SOMOSPIE/SOMOSPIE_pegasus/CombinedPipeline/submit/poseidon/pegasus/somospie/run0161/00/01/generate_eval_ID0000040.meta,/mnt/poseidon-data/poseidon/workflows/SOMOSPIE/SOMOSPIE_pegasus/CombinedPipeline/submit/poseidon/pegasus/somospie/run0161/00/01/generate_eval_ID0000042.meta,/mnt/poseidon-data/poseidon/workflows/SOMOSPIE/SOMOSPIE_pegasus/CombinedPipeline/submit/poseidon/pegasus/somospie/run0161/00/01/generate_eval_ID0000039.meta,/mnt/poseidon-data/poseidon/workflows/SOMOSPIE/SOMOSPIE_pegasus/CombinedPipeline/submit/poseidon/pegasus/somospie/run0161/00/00/generate_train_ID0000038.meta,/mnt/poseidon-data/poseidon/workflows/SOMOSPIE/SOMOSPIE_pegasus/CombinedPipeline/submit/poseidon/pegasus/somospie/run0161/00/01/generate_train_ID0000030.meta,/mnt/poseidon-data/poseidon/workflows/SOMOSPIE/SOMOSPIE_pegasus/CombinedPipeline/submit/poseidon/pegasus/somospie/run0161/00/01/generate_train_ID0000035.meta,/mnt/poseidon-data/poseidon/workflows/SOMOSPIE/SOMOSPIE_pegasus/CombinedPipeline/submit/poseidon/pegasus/somospie/run0161/00/01/generate_train_ID0000036.meta,/mnt/poseidon-data/poseidon/workflows/SOMOSPIE/SOMOSPIE_pegasus/CombinedPipeline/submit/poseidon/pegasus/somospie/run0161/00/01/generate_eval_ID0000041.meta,/mnt/poseidon-data/poseidon/workflows/SOMOSPIE/SOMOSPIE_pegasus/CombinedPipeline/submit/poseidon/pegasus/somospie/run0161/00/01/generate_train_ID0000032.meta,/mnt/poseidon-data/poseidon/workflows/SOMOSPIE/SOMOSPIE_pegasus/CombinedPipeline/submit/poseidon/pegasus/somospie/run0161/00/00/generate_train_ID0000033.meta --insert /mnt/poseidon-data/poseidon/workflows/SOMOSPIE/SOMOSPIE_pegasus/CombinedPipeline/submit/poseidon/pegasus/somospie/run0161/00/01/register_condorpool_5_0.in",3.1,0,0,,,,,,,,,
cleanup_somospie_0_condorpool,None,auxiliary,0,1711763979.0,,,1711763984.0,,,0.0,1711763984.0,1711763989.0,,,0.0,1711763989.0,1711763994.0,5.0,,0.0,5.0,5.0,,,,,poseidon,local,poseidon-submit,pegasus::cleanup,/mnt/poseidon-data/poseidon/pegasus-5.1.0panorama/bin/pegasus-transfer,pegasus-kickstart  -n pegasus::cleanup -N null -i - -R local  -L somospie -T 2024-03-27T17:59:14+00:00 pegasus-transfer,0.2,0,0,,,,,,,,,
