,anomaly_type,type,is_clustered,ready,pre_script_start,pre_script_end,submit,stage_in_start,stage_in_end,stage_in_effective_bytes_per_sec,execute_start,execute_end,stage_out_start,stage_out_end,stage_out_effective_bytes_per_sec,post_script_start,post_script_end,wms_delay,pre_script_delay,queue_delay,runtime,post_script_delay,stage_in_delay,stage_in_bytes,stage_out_delay,stage_out_bytes,kickstart_user,kickstart_site,kickstart_hostname,kickstart_transformations,kickstart_executables,kickstart_executables_argv,kickstart_executables_cpu_time,kickstart_status,kickstart_executables_exitcode,kickstart_online_iowait,kickstart_online_bytes_read,kickstart_online_bytes_written,kickstart_online_read_system_calls,kickstart_online_write_system_calls,kickstart_online_utime,kickstart_online_stime,kickstart_online_bytes_read_per_second,kickstart_online_bytes_written_per_second
create_dir_somospie_0_condorpool,None,auxiliary,0,1711915839.0,,,1711915840.0,,,0.0,1711915845.0,1711915850.0,,,0.0,1711915850.0,1711915855.0,1.0,,5.0,5.0,5.0,,,,,poseidon,local,poseidon-submit,pegasus::dirmanager,/mnt/poseidon-data/poseidon/pegasus-5.1.0panorama/bin/pegasus-transfer,pegasus-kickstart  -n pegasus::dirmanager -N null -i - -R local  -L somospie -T 2024-03-27T17:59:14+00:00 pegasus-transfer,0.2,0,0,,,,,,,,,
get_sm_ID0000019,cpu_3,compute,0,1711915855.0,,,1711915860.0,1711915880.0,1711915898.0,40840885.6,1711915879.0,1711915915.0,1711915905.0,1711915909.0,269781.0,1711915915.0,1711915920.0,5.0,,19.0,36.0,5.0,18.0,459739344.0,4.0,873152.0,poseidon,condorpool,poseidon-worker-1-container-28-31,get_sm,/srv/get_sm,,1.9,0,0,,,,,,,,,
get_sm_ID0000018,cpu_3,compute,0,1711915855.0,,,1711915860.0,1711915880.0,1711915903.0,27107146.3,1711915879.0,1711915920.0,1711915910.0,1711915914.0,226130.0,1711915920.0,1711915925.0,5.0,,19.0,41.0,5.0,23.0,449409643.0,4.0,716593.0,poseidon,condorpool,poseidon-worker-1-container-24-27,get_sm,/srv/get_sm,,1.8,0,0,,,,,,,,,
get_sm_ID0000017,cpu_3,compute,0,1711915855.0,,,1711915860.0,1711915880.0,1711915898.0,39005013.7,1711915879.0,1711915915.0,1711915905.0,1711915908.0,192803.0,1711915915.0,1711915920.0,5.0,,19.0,36.0,5.0,18.0,444771924.0,3.0,613264.0,poseidon,condorpool,poseidon-worker-1-container-40-43,get_sm,/srv/get_sm,,1.9,0,0,,,,,,,,,
get_sm_ID0000016,cpu_3,compute,0,1711915855.0,,,1711915860.0,1711915880.0,1711915897.0,43489378.8,1711915879.0,1711915915.0,1711915904.0,1711915907.0,168508.0,1711915915.0,1711915920.0,5.0,,19.0,36.0,5.0,17.0,436178789.0,3.0,550490.0,poseidon,condorpool,poseidon-worker-2-container-40-43,get_sm,/srv/get_sm,,1.7,0,0,,,,,,,,,
get_sm_ID0000026,cpu_3,compute,0,1711915855.0,,,1711915860.0,1711915880.0,1711915900.0,31242939.5,1711915879.0,1711915920.0,1711915907.0,1711915910.0,192089.0,1711915920.0,1711915925.0,5.0,,19.0,41.0,5.0,20.0,442257808.0,3.0,608523.0,poseidon,condorpool,poseidon-worker-1-container-44-47,get_sm,/srv/get_sm,,1.9,0,0,,,,,,,,,
get_sm_ID0000015,cpu_3,compute,0,1711915855.0,,,1711915860.0,1711915880.0,1711915897.0,43263443.1,1711915879.0,1711915915.0,1711915904.0,1711915907.0,173652.0,1711915915.0,1711915920.0,5.0,,19.0,36.0,5.0,17.0,440090843.0,3.0,551360.0,poseidon,condorpool,poseidon-worker-2-container-36-39,get_sm,/srv/get_sm,,1.8,0,0,,,,,,,,,
merge_ID0000001,cpu_3,compute,0,1711915855.0,,,1711915860.0,1711915880.0,1711915901.0,131201860.7,1711915879.0,1711915970.0,1711915949.0,1711915963.0,91328836.0,1711915970.0,1711915975.0,5.0,,19.0,91.0,5.0,21.0,1726068480.0,14.0,1298102725.0,poseidon,condorpool,poseidon-worker-1-container-12-15,merge,/srv/merge,,37.7,0,0,0.0,947047005.0,1248263481.0,9781.0,38121.0,28.4,1.6,31568233.5,41608782.7
get_sm_ID0000024,cpu_3,compute,0,1711915855.0,,,1711915860.0,1711915880.0,1711915901.0,33306475.7,1711915879.0,1711915920.0,1711915908.0,1711915911.0,260808.0,1711915920.0,1711915925.0,5.0,,19.0,41.0,5.0,21.0,457521962.0,3.0,830231.0,poseidon,condorpool,poseidon-worker-1-container-36-39,get_sm,/srv/get_sm,,1.9,0,0,,,,,,,,,
get_sm_ID0000023,None,compute,0,1711915855.0,,,1711915860.0,1711915880.0,1711915897.0,41785042.7,1711915879.0,1711915915.0,1711915904.0,1711915908.0,291532.0,1711915915.0,1711915920.0,5.0,,19.0,36.0,5.0,17.0,467398273.0,4.0,943297.0,poseidon,condorpool,poseidon-worker-2-container-12-15,get_sm,/srv/get_sm,,1.9,0,0,,,,,,,,,
get_sm_ID0000022,None,compute,0,1711915855.0,,,1711915860.0,1711915880.0,1711915901.0,32282088.4,1711915879.0,1711915920.0,1711915908.0,1711915911.0,296020.0,1711915920.0,1711915925.0,5.0,,19.0,41.0,5.0,21.0,475800760.0,3.0,952852.0,poseidon,condorpool,poseidon-worker-2-container-0-3,get_sm,/srv/get_sm,,1.9,0,0,,,,,,,,,
get_sm_ID0000021,None,compute,0,1711915855.0,,,1711915860.0,1711915880.0,1711915909.0,22941731.8,1711915879.0,1711915925.0,1711915916.0,1711915919.0,298069.0,1711915925.0,1711915930.0,5.0,,19.0,46.0,5.0,29.0,475840244.0,3.0,951505.0,poseidon,condorpool,poseidon-worker-1-container-0-3,get_sm,/srv/get_sm,,1.9,0,0,,,,,,,,,
get_sm_ID0000020,None,compute,0,1711915855.0,,,1711915860.0,1711915880.0,1711915900.0,37724664.5,1711915879.0,1711915920.0,1711915907.0,1711915911.0,292886.0,1711915920.0,1711915925.0,5.0,,19.0,41.0,5.0,20.0,470635724.0,4.0,945682.0,poseidon,condorpool,poseidon-worker-1-container-20-23,get_sm,/srv/get_sm,,1.9,0,0,,,,,,,,,
get_sm_ID0000025,cpu_3,compute,0,1711915855.0,,,1711915860.0,1711915880.0,1711915899.0,38219109.2,1711915879.0,1711915915.0,1711915906.0,1711915909.0,221486.0,1711915915.0,1711915920.0,5.0,,19.0,36.0,5.0,19.0,447555942.0,3.0,712778.0,poseidon,condorpool,poseidon-worker-2-container-32-35,get_sm,/srv/get_sm,,1.8,0,0,,,,,,,,,
stage_out_local_condorpool_0_1,None,transfer,0,1711915925.0,,,1711915930.0,,,0.0,1711915930.0,1711915935.0,,,0.0,1711915935.0,1711915940.0,5.0,,0.0,5.0,5.0,,,,,poseidon,local,poseidon-submit,pegasus::transfer,/mnt/poseidon-data/poseidon/pegasus-5.1.0panorama/bin/pegasus-transfer,/home/poseidon/pegasus-5.1.0panorama/bin/../bin/pegasus-kickstart  -n pegasus::transfer -N null -i - -R local  -L somospie -T 2024-03-27T17:59:14+00:00 /home/poseidon/pegasus-5.1.0panorama/bin/../bin/pegasus-transfer  --threads 2,0.7,0,0,,,,,,,,,
register_condorpool_0_1,None,auxiliary,0,1711915940.0,,,1711915945.0,,,0.0,1711915945.0,1711915950.0,,,0.0,1711915950.0,1711915955.0,5.0,,0.0,5.0,5.0,,,,,poseidon,local,poseidon-submit,pegasus::rc-client,/mnt/poseidon-data/poseidon/pegasus-5.1.0panorama/bin/pegasus-rc-client,"-n pegasus::rc-client -N null -R local  -L somospie -T 2024-03-27T17:59:14+00:00 /home/poseidon/pegasus-5.1.0panorama/bin/pegasus-rc-client --prefix pegasus.catalog.replica.output --conf /mnt/poseidon-data/poseidon/workflows/SOMOSPIE/SOMOSPIE_pegasus/CombinedPipeline/submit/poseidon/pegasus/somospie/run0283/pegasus.1990183222431367279.properties -v --meta /mnt/poseidon-data/poseidon/workflows/SOMOSPIE/SOMOSPIE_pegasus/CombinedPipeline/submit/poseidon/pegasus/somospie/run0283/00/00/get_sm_ID0000020.meta,/mnt/poseidon-data/poseidon/workflows/SOMOSPIE/SOMOSPIE_pegasus/CombinedPipeline/submit/poseidon/pegasus/somospie/run0283/00/00/get_sm_ID0000024.meta,/mnt/poseidon-data/poseidon/workflows/SOMOSPIE/SOMOSPIE_pegasus/CombinedPipeline/submit/poseidon/pegasus/somospie/run0283/00/00/get_sm_ID0000026.meta,/mnt/poseidon-data/poseidon/workflows/SOMOSPIE/SOMOSPIE_pegasus/CombinedPipeline/submit/poseidon/pegasus/somospie/run0283/00/00/get_sm_ID0000019.meta,/mnt/poseidon-data/poseidon/workflows/SOMOSPIE/SOMOSPIE_pegasus/CombinedPipeline/submit/poseidon/pegasus/somospie/run0283/00/00/get_sm_ID0000016.meta,/mnt/poseidon-data/poseidon/workflows/SOMOSPIE/SOMOSPIE_pegasus/CombinedPipeline/submit/poseidon/pegasus/somospie/run0283/00/00/get_sm_ID0000022.meta --insert /mnt/poseidon-data/poseidon/workflows/SOMOSPIE/SOMOSPIE_pegasus/CombinedPipeline/submit/poseidon/pegasus/somospie/run0283/00/00/register_condorpool_0_1.in",2.7,0,0,,,,,,,,,
reproject_ID0000002,None,compute,0,1711915975.0,,,1711915980.0,1711915981.0,1711916001.0,136037158.3,1711915981.0,1711916056.0,1711916036.0,1711916049.0,88312575.0,1711916056.0,1711916061.0,5.0,,1.0,75.0,5.0,20.0,1696973986.0,13.0,1125581407.0,poseidon,condorpool,poseidon-worker-1-container-20-23,reproject,/srv/reproject,,51.9,0,0,0.0,1445883973.0,902017727.0,48521.0,27558.0,39.9,3.8,72294198.7,45100886.4
stage_out_local_condorpool_0_0,None,transfer,0,1711915975.0,,,1711915980.0,,,0.0,1711915980.0,1711915990.0,,,0.0,1711915990.0,1711915995.0,5.0,,0.0,10.0,5.0,,,,,poseidon,local,poseidon-submit,pegasus::transfer,/mnt/poseidon-data/poseidon/pegasus-5.1.0panorama/bin/pegasus-transfer,/home/poseidon/pegasus-5.1.0panorama/bin/../bin/pegasus-kickstart  -n pegasus::transfer -N null -i - -R local  -L somospie -T 2024-03-27T17:59:14+00:00 /home/poseidon/pegasus-5.1.0panorama/bin/../bin/pegasus-transfer  --threads 2,3.9,0,0,,,,,,,,,
reproject_ID0000011,cpu_3,compute,0,1711915975.0,,,1711915980.0,1711915981.0,1711916000.0,141978821.7,1711915981.0,1711916086.0,1711916063.0,1711916077.0,91596168.0,1711916086.0,1711916091.0,5.0,,1.0,105.0,5.0,19.0,1696973136.0,14.0,1298118839.0,poseidon,condorpool,poseidon-worker-1-container-12-15,reproject,/srv/reproject,,48.6,0,0,0.0,1306151910.0,1291517248.0,17486.0,39446.0,37.1,2.7,32653797.8,32287931.2
register_condorpool_0_0,None,auxiliary,0,1711915995.0,,,1711916000.0,,,0.0,1711916000.0,1711916005.0,,,0.0,1711916005.0,1711916010.0,5.0,,0.0,5.0,5.0,,,,,poseidon,local,poseidon-submit,pegasus::rc-client,/mnt/poseidon-data/poseidon/pegasus-5.1.0panorama/bin/pegasus-rc-client,"-n pegasus::rc-client -N null -R local  -L somospie -T 2024-03-27T17:59:14+00:00 /home/poseidon/pegasus-5.1.0panorama/bin/pegasus-rc-client --prefix pegasus.catalog.replica.output --conf /mnt/poseidon-data/poseidon/workflows/SOMOSPIE/SOMOSPIE_pegasus/CombinedPipeline/submit/poseidon/pegasus/somospie/run0283/pegasus.1990183222431367279.properties -v --meta /mnt/poseidon-data/poseidon/workflows/SOMOSPIE/SOMOSPIE_pegasus/CombinedPipeline/submit/poseidon/pegasus/somospie/run0283/00/00/get_sm_ID0000015.meta,/mnt/poseidon-data/poseidon/workflows/SOMOSPIE/SOMOSPIE_pegasus/CombinedPipeline/submit/poseidon/pegasus/somospie/run0283/00/00/get_sm_ID0000023.meta,/mnt/poseidon-data/poseidon/workflows/SOMOSPIE/SOMOSPIE_pegasus/CombinedPipeline/submit/poseidon/pegasus/somospie/run0283/00/00/get_sm_ID0000018.meta,/mnt/poseidon-data/poseidon/workflows/SOMOSPIE/SOMOSPIE_pegasus/CombinedPipeline/submit/poseidon/pegasus/somospie/run0283/00/00/get_sm_ID0000017.meta,/mnt/poseidon-data/poseidon/workflows/SOMOSPIE/SOMOSPIE_pegasus/CombinedPipeline/submit/poseidon/pegasus/somospie/run0283/00/00/merge_ID0000001.meta,/mnt/poseidon-data/poseidon/workflows/SOMOSPIE/SOMOSPIE_pegasus/CombinedPipeline/submit/poseidon/pegasus/somospie/run0283/00/00/get_sm_ID0000021.meta,/mnt/poseidon-data/poseidon/workflows/SOMOSPIE/SOMOSPIE_pegasus/CombinedPipeline/submit/poseidon/pegasus/somospie/run0283/00/00/get_sm_ID0000025.meta --insert /mnt/poseidon-data/poseidon/workflows/SOMOSPIE/SOMOSPIE_pegasus/CombinedPipeline/submit/poseidon/pegasus/somospie/run0283/00/00/register_condorpool_0_0.in",2.7,0,0,,,,,,,,,
crop_ID0000009,None,compute,0,1711916061.0,,,1711916066.0,1711916067.0,1711916086.0,129406088.1,1711916066.0,1711916111.0,1711916097.0,1711916101.0,24219412.0,1711916111.0,1711916116.0,5.0,,0.0,45.0,5.0,19.0,1524452582.0,4.0,99654844.0,poseidon,condorpool,poseidon-worker-1-container-20-23,crop,/srv/crop,,2.8,0,0,,,,,,,,,
crop_ID0000007,None,compute,0,1711916061.0,,,1711916066.0,1711916081.0,1711916099.0,145671657.3,1711916080.0,1711916126.0,1711916111.0,1711916116.0,40356529.0,1711916126.0,1711916131.0,5.0,,14.0,46.0,5.0,18.0,1524452582.0,5.0,194227221.0,poseidon,condorpool,poseidon-worker-1-container-20-23,crop,/srv/crop,,4.1,0,0,,,,,,,,,
crop_ID0000005,cpu_3,compute,0,1711916061.0,,,1711916066.0,1711916081.0,1711916100.0,133783536.5,1711916080.0,1711916121.0,1711916109.0,1711916113.0,1300713.0,1711916121.0,1711916126.0,5.0,,14.0,41.0,5.0,19.0,1524452582.0,4.0,4263385.0,poseidon,condorpool,poseidon-worker-1-container-12-15,crop,/srv/crop,,1.9,0,0,,,,,,,,,
crop_ID0000003,None,compute,0,1711916061.0,,,1711916066.0,1711916081.0,1711916100.0,135429325.2,1711916080.0,1711916121.0,1711916110.0,1711916113.0,786492.0,1711916121.0,1711916126.0,5.0,,14.0,41.0,5.0,19.0,1524452582.0,3.0,2530349.0,poseidon,condorpool,poseidon-worker-1-container-0-3,crop,/srv/crop,,2.0,0,0,,,,,,,,,
stage_out_local_condorpool_1_0,None,transfer,0,1711916091.0,,,1711916096.0,,,0.0,1711916096.0,1711916106.0,,,0.0,1711916106.0,1711916111.0,5.0,,0.0,10.0,5.0,,,,,poseidon,local,poseidon-submit,pegasus::transfer,/mnt/poseidon-data/poseidon/pegasus-5.1.0panorama/bin/pegasus-transfer,/home/poseidon/pegasus-5.1.0panorama/bin/../bin/pegasus-kickstart  -n pegasus::transfer -N null -i - -R local  -L somospie -T 2024-03-27T17:59:14+00:00 /home/poseidon/pegasus-5.1.0panorama/bin/../bin/pegasus-transfer  --threads 2,6.5,0,0,,,,,,,,,
register_condorpool_1_0,None,auxiliary,0,1711916111.0,,,1711916116.0,,,0.0,1711916116.0,1711916121.0,,,0.0,1711916121.0,1711916126.0,5.0,,0.0,5.0,5.0,,,,,poseidon,local,poseidon-submit,pegasus::rc-client,/mnt/poseidon-data/poseidon/pegasus-5.1.0panorama/bin/pegasus-rc-client,"-n pegasus::rc-client -N null -R local  -L somospie -T 2024-03-27T17:59:14+00:00 /home/poseidon/pegasus-5.1.0panorama/bin/pegasus-rc-client --prefix pegasus.catalog.replica.output --conf /mnt/poseidon-data/poseidon/workflows/SOMOSPIE/SOMOSPIE_pegasus/CombinedPipeline/submit/poseidon/pegasus/somospie/run0283/pegasus.1990183222431367279.properties -v --meta /mnt/poseidon-data/poseidon/workflows/SOMOSPIE/SOMOSPIE_pegasus/CombinedPipeline/submit/poseidon/pegasus/somospie/run0283/00/00/reproject_ID0000011.meta,/mnt/poseidon-data/poseidon/workflows/SOMOSPIE/SOMOSPIE_pegasus/CombinedPipeline/submit/poseidon/pegasus/somospie/run0283/00/00/reproject_ID0000002.meta --insert /mnt/poseidon-data/poseidon/workflows/SOMOSPIE/SOMOSPIE_pegasus/CombinedPipeline/submit/poseidon/pegasus/somospie/run0283/00/00/register_condorpool_1_0.in",2.8,0,0,,,,,,,,,
compute_ID0000010,None,compute,0,1711916116.0,,,1711916121.0,1711916123.0,1711916138.0,70355557.7,1711916122.0,1711916166.0,1711916155.0,1711916161.0,46427949.0,1711916166.0,1711916171.0,5.0,,1.0,44.0,5.0,15.0,498525556.0,6.0,250017804.0,poseidon,condorpool,poseidon-worker-1-container-20-23,compute,/srv/compute,,12.1,0,0,0.0,302864661.0,241309413.0,4422.0,7390.0,9.2,0.8,30286466.1,24130941.3
compute_ID0000006,None,compute,0,1711916126.0,,,1711916131.0,1711916141.0,1711916155.0,62299178.6,1711916140.0,1711916176.0,1711916165.0,1711916168.0,2912049.0,1711916176.0,1711916181.0,5.0,,9.0,36.0,5.0,14.0,403134097.0,3.0,9696865.0,poseidon,condorpool,poseidon-worker-1-container-0-3,compute,/srv/compute,,5.3,0,0,,,,,,,,,
compute_ID0000004,cpu_3,compute,0,1711916126.0,,,1711916131.0,1711916141.0,1711916155.0,58616979.0,1711916140.0,1711916176.0,1711916166.0,1711916169.0,1632222.0,1711916176.0,1711916181.0,5.0,,9.0,36.0,5.0,14.0,401401061.0,3.0,5326886.0,poseidon,condorpool,poseidon-worker-1-container-12-15,compute,/srv/compute,,5.0,0,0,,,,,,,,,
stage_out_local_condorpool_2_0,None,transfer,0,1711916131.0,,,1711916136.0,,,0.0,1711916136.0,1711916141.0,,,0.0,1711916141.0,1711916146.0,5.0,,0.0,5.0,5.0,,,,,poseidon,local,poseidon-submit,pegasus::transfer,/mnt/poseidon-data/poseidon/pegasus-5.1.0panorama/bin/pegasus-transfer,/home/poseidon/pegasus-5.1.0panorama/bin/../bin/pegasus-kickstart  -n pegasus::transfer -N null -i - -R local  -L somospie -T 2024-03-27T17:59:14+00:00 /home/poseidon/pegasus-5.1.0panorama/bin/../bin/pegasus-transfer  --threads 2,1.3,0,0,,,,,,,,,
compute_ID0000008,None,compute,0,1711916131.0,,,1711916136.0,1711916141.0,1711916156.0,78688081.0,1711916140.0,1711916196.0,1711916179.0,1711916187.0,67102600.0,1711916196.0,1711916201.0,5.0,,4.0,56.0,5.0,15.0,593097933.0,8.0,506706062.0,poseidon,condorpool,poseidon-worker-2-container-0-3,compute,/srv/compute,,17.4,0,0,0.0,334691694.0,359246946.0,4196.0,10980.0,9.2,0.8,33469169.4,35924694.6
register_condorpool_2_0,None,auxiliary,0,1711916146.0,,,1711916151.0,,,0.0,1711916151.0,1711916156.0,,,0.0,1711916156.0,1711916161.0,5.0,,0.0,5.0,5.0,,,,,poseidon,local,poseidon-submit,pegasus::rc-client,/mnt/poseidon-data/poseidon/pegasus-5.1.0panorama/bin/pegasus-rc-client,"-n pegasus::rc-client -N null -R local  -L somospie -T 2024-03-27T17:59:14+00:00 /home/poseidon/pegasus-5.1.0panorama/bin/pegasus-rc-client --prefix pegasus.catalog.replica.output --conf /mnt/poseidon-data/poseidon/workflows/SOMOSPIE/SOMOSPIE_pegasus/CombinedPipeline/submit/poseidon/pegasus/somospie/run0283/pegasus.1990183222431367279.properties -v --meta /mnt/poseidon-data/poseidon/workflows/SOMOSPIE/SOMOSPIE_pegasus/CombinedPipeline/submit/poseidon/pegasus/somospie/run0283/00/00/crop_ID0000007.meta,/mnt/poseidon-data/poseidon/workflows/SOMOSPIE/SOMOSPIE_pegasus/CombinedPipeline/submit/poseidon/pegasus/somospie/run0283/00/00/crop_ID0000009.meta,/mnt/poseidon-data/poseidon/workflows/SOMOSPIE/SOMOSPIE_pegasus/CombinedPipeline/submit/poseidon/pegasus/somospie/run0283/00/00/crop_ID0000003.meta,/mnt/poseidon-data/poseidon/workflows/SOMOSPIE/SOMOSPIE_pegasus/CombinedPipeline/submit/poseidon/pegasus/somospie/run0283/00/00/crop_ID0000005.meta --insert /mnt/poseidon-data/poseidon/workflows/SOMOSPIE/SOMOSPIE_pegasus/CombinedPipeline/submit/poseidon/pegasus/somospie/run0283/00/00/register_condorpool_2_0.in",2.7,0,0,,,,,,,,,
stage_out_local_condorpool_3_0,None,transfer,0,1711916201.0,,,1711916206.0,,,0.0,1711916206.0,1711916216.0,,,0.0,1711916216.0,1711916221.0,5.0,,0.0,10.0,5.0,,,,,poseidon,local,poseidon-submit,pegasus::transfer,/mnt/poseidon-data/poseidon/pegasus-5.1.0panorama/bin/pegasus-transfer,/home/poseidon/pegasus-5.1.0panorama/bin/../bin/pegasus-kickstart  -n pegasus::transfer -N null -i - -R local  -L somospie -T 2024-03-27T17:59:14+00:00 /home/poseidon/pegasus-5.1.0panorama/bin/../bin/pegasus-transfer  --threads 2,3.0,0,0,,,,,,,,,
merge_avg_ID0000014,None,compute,0,1711916201.0,,,1711916206.0,1711916207.0,1711916224.0,79343402.0,1711916206.0,1711916281.0,1711916267.0,1711916273.0,52672420.0,1711916281.0,1711916286.0,5.0,,0.0,75.0,5.0,17.0,737559838.0,6.0,309527239.0,poseidon,condorpool,poseidon-worker-1-container-0-3,merge_avg,/srv/merge_avg,,46.7,0,0,0.0,1072934557.0,668339642.0,47864.0,20504.0,22.7,6.6,35764485.2,22277988.1
merge_avg_ID0000012,None,compute,0,1711916201.0,,,1711916206.0,1711916207.0,1711916224.0,81553473.0,1711916206.0,1711916276.0,1711916263.0,1711916269.0,52531646.0,1711916276.0,1711916281.0,5.0,,0.0,70.0,5.0,17.0,731979063.0,6.0,304811410.0,poseidon,condorpool,poseidon-worker-1-container-20-23,merge_avg,/srv/merge_avg,,45.1,0,0,0.0,1152077691.0,663437146.0,48952.0,20371.0,27.8,6.9,38402589.7,22114571.5
merge_avg_ID0000013,cpu_3,compute,0,1711916201.0,,,1711916206.0,1711916207.0,1711916222.0,63118605.7,1711916206.0,1711916276.0,1711916267.0,1711916271.0,24589086.0,1711916276.0,1711916281.0,5.0,,0.0,70.0,5.0,15.0,498824437.0,4.0,98388765.0,poseidon,condorpool,poseidon-worker-1-container-12-15,merge_avg,/srv/merge_avg,,38.3,0,0,0.0,460847628.0,199526145.0,53257.0,6205.0,21.1,6.1,15361587.6,6650871.5
register_condorpool_3_0,None,auxiliary,0,1711916221.0,,,1711916226.0,,,0.0,1711916226.0,1711916231.0,,,0.0,1711916231.0,1711916236.0,5.0,,0.0,5.0,5.0,,,,,poseidon,local,poseidon-submit,pegasus::rc-client,/mnt/poseidon-data/poseidon/pegasus-5.1.0panorama/bin/pegasus-rc-client,"-n pegasus::rc-client -N null -R local  -L somospie -T 2024-03-27T17:59:14+00:00 /home/poseidon/pegasus-5.1.0panorama/bin/pegasus-rc-client --prefix pegasus.catalog.replica.output --conf /mnt/poseidon-data/poseidon/workflows/SOMOSPIE/SOMOSPIE_pegasus/CombinedPipeline/submit/poseidon/pegasus/somospie/run0283/pegasus.1990183222431367279.properties -v --meta /mnt/poseidon-data/poseidon/workflows/SOMOSPIE/SOMOSPIE_pegasus/CombinedPipeline/submit/poseidon/pegasus/somospie/run0283/00/00/compute_ID0000010.meta,/mnt/poseidon-data/poseidon/workflows/SOMOSPIE/SOMOSPIE_pegasus/CombinedPipeline/submit/poseidon/pegasus/somospie/run0283/00/00/compute_ID0000004.meta,/mnt/poseidon-data/poseidon/workflows/SOMOSPIE/SOMOSPIE_pegasus/CombinedPipeline/submit/poseidon/pegasus/somospie/run0283/00/00/compute_ID0000006.meta,/mnt/poseidon-data/poseidon/workflows/SOMOSPIE/SOMOSPIE_pegasus/CombinedPipeline/submit/poseidon/pegasus/somospie/run0283/00/00/compute_ID0000008.meta --insert /mnt/poseidon-data/poseidon/workflows/SOMOSPIE/SOMOSPIE_pegasus/CombinedPipeline/submit/poseidon/pegasus/somospie/run0283/00/00/register_condorpool_3_0.in",2.7,0,0,,,,,,,,,
generate_train_ID0000034,None,compute,0,1711916286.0,,,1711916291.0,1711916307.0,1711916338.0,102163788.7,1711916306.0,1711916362.0,1711916348.0,1711916352.0,397295.0,1711916362.0,1711916367.0,5.0,,15.0,56.0,5.0,31.0,2411404099.0,4.0,1275159.0,poseidon,condorpool,poseidon-worker-2-container-0-3,generate_train,/srv/generate_train,,0.8,0,0,,,,,,,,,
generate_eval_ID0000041,cpu_3,compute,0,1711916286.0,,,1711916291.0,1711916307.0,1711916343.0,83117842.6,1711916306.0,1711916388.0,1711916371.0,1711916379.0,71178062.0,1711916388.0,1711916393.0,5.0,,15.0,82.0,5.0,36.0,2410452250.0,8.0,561272484.0,poseidon,condorpool,poseidon-worker-2-container-32-35,generate_eval,/srv/generate_eval,,15.4,0,0,0.0,341445788.0,343750918.0,4690.0,10526.0,9.1,0.8,34144578.8,34375091.8
generate_eval_ID0000040,cpu_3,compute,0,1711916286.0,,,1711916291.0,1711916307.0,1711916336.0,114953597.6,1711916306.0,1711916367.0,1711916353.0,1711916356.0,2576081.0,1711916367.0,1711916372.0,5.0,,15.0,61.0,5.0,29.0,2410452250.0,3.0,8350187.0,poseidon,condorpool,poseidon-worker-2-container-36-39,generate_eval,/srv/generate_eval,,7.8,0,0,,,,,,,,,
generate_train_ID0000030,cpu_3,compute,0,1711916286.0,,,1711916291.0,1711916307.0,1711916336.0,112105512.2,1711916306.0,1711916357.0,1711916346.0,1711916350.0,301813.0,1711916357.0,1711916362.0,5.0,,15.0,51.0,5.0,29.0,2411167840.0,4.0,973028.0,poseidon,condorpool,poseidon-worker-1-container-44-47,generate_train,/srv/generate_train,,0.8,0,0,,,,,,,,,
generate_eval_ID0000039,cpu_3,compute,0,1711916286.0,,,1711916291.0,1711916307.0,1711916338.0,101623948.7,1711916306.0,1711916367.0,1711916357.0,1711916360.0,2791985.0,1711916367.0,1711916372.0,5.0,,15.0,61.0,5.0,31.0,2410452250.0,3.0,9068473.0,poseidon,condorpool,poseidon-worker-1-container-28-31,generate_eval,/srv/generate_eval,,8.1,0,0,,,,,,,,,
generate_eval_ID0000042,cpu_3,compute,0,1711916286.0,,,1711916291.0,1711916307.0,1711916343.0,84361046.9,1711916306.0,1711916377.0,1711916366.0,1711916371.0,45956058.0,1711916377.0,1711916382.0,5.0,,15.0,71.0,5.0,36.0,2410452250.0,5.0,240602325.0,poseidon,condorpool,poseidon-worker-1-container-40-43,generate_eval,/srv/generate_eval,,11.6,0,0,0.1,238329402.0,238106892.0,4077.0,7307.0,9.1,0.8,23832940.2,23810689.2
generate_train_ID0000032,cpu_3,compute,0,1711916286.0,,,1711916291.0,1711916307.0,1711916333.0,131414772.4,1711916306.0,1711916357.0,1711916344.0,1711916347.0,392499.0,1711916357.0,1711916362.0,5.0,,15.0,51.0,5.0,26.0,2411396929.0,3.0,1265871.0,poseidon,condorpool,poseidon-worker-1-container-24-27,generate_train,/srv/generate_train,,0.8,0,0,,,,,,,,,
generate_train_ID0000031,cpu_3,compute,0,1711916286.0,,,1711916291.0,1711916307.0,1711916331.0,143726467.0,1711916306.0,1711916351.0,1711916342.0,1711916345.0,364922.0,1711916351.0,1711916357.0,5.0,,15.0,45.0,6.0,24.0,2411324399.0,3.0,1175014.0,poseidon,condorpool,poseidon-worker-2-container-40-43,generate_train,/srv/generate_train,,0.8,0,0,,,,,,,,,
generate_train_ID0000036,cpu_3,compute,0,1711916286.0,,,1711916291.0,1711916307.0,1711916335.0,116922896.0,1711916306.0,1711916357.0,1711916346.0,1711916349.0,350024.0,1711916357.0,1711916362.0,5.0,,15.0,51.0,5.0,28.0,2411281478.0,3.0,1118721.0,poseidon,condorpool,poseidon-worker-1-container-36-39,generate_train,/srv/generate_train,,0.8,0,0,,,,,,,,,
generate_train_ID0000029,None,compute,0,1711916286.0,,,1711916291.0,1711916307.0,1711916334.0,124750857.0,1711916306.0,1711916357.0,1711916345.0,1711916348.0,262676.0,1711916357.0,1711916362.0,5.0,,15.0,51.0,5.0,27.0,2411064511.0,3.0,843408.0,poseidon,condorpool,poseidon-worker-1-container-0-3,generate_train,/srv/generate_train,,0.8,0,0,,,,,,,,,
generate_train_ID0000033,cpu_3,compute,0,1711916286.0,,,1711916291.0,1711916308.0,1711916331.0,154661336.1,1711916306.0,1711916352.0,1711916342.0,1711916345.0,397160.0,1711916352.0,1711916357.0,5.0,,15.0,46.0,5.0,23.0,2411402752.0,3.0,1274805.0,poseidon,condorpool,poseidon-worker-1-container-12-15,generate_train,/srv/generate_train,,0.8,0,0,,,,,,,,,
generate_train_ID0000028,None,compute,0,1711916286.0,,,1711916291.0,1711916307.0,1711916339.0,99382107.3,1711916306.0,1711916362.0,1711916349.0,1711916352.0,239020.0,1711916362.0,1711916367.0,5.0,,15.0,56.0,5.0,32.0,2411001737.0,3.0,762584.0,poseidon,condorpool,poseidon-worker-1-container-20-23,generate_train,/srv/generate_train,,0.8,0,0,,,,,,,,,
stage_out_local_condorpool_4_0,None,transfer,0,1711916286.0,,,1711916291.0,,,0.0,1711916291.0,1711916296.0,,,0.0,1711916296.0,1711916301.0,5.0,,0.0,5.0,5.0,,,,,poseidon,local,poseidon-submit,pegasus::transfer,/mnt/poseidon-data/poseidon/pegasus-5.1.0panorama/bin/pegasus-transfer,/home/poseidon/pegasus-5.1.0panorama/bin/../bin/pegasus-kickstart  -n pegasus::transfer -N null -i - -R local  -L somospie -T 2024-03-27T17:59:14+00:00 /home/poseidon/pegasus-5.1.0panorama/bin/../bin/pegasus-transfer  --threads 2,2.2,0,0,,,,,,,,,
generate_train_ID0000027,cpu_3,compute,0,1711916286.0,,,1711916291.0,1711916292.0,1711916316.0,148466053.5,1711916291.0,1711916341.0,1711916331.0,1711916334.0,231345.0,1711916341.0,1711916346.0,5.0,,0.0,50.0,5.0,24.0,2411002607.0,3.0,764017.0,poseidon,condorpool,poseidon-worker-1-container-12-15,generate_train,/srv/generate_train,,0.8,0,0,,,,,,,,,
generate_train_ID0000038,None,compute,0,1711916286.0,,,1711916291.0,1711916292.0,1711916318.0,131800308.9,1711916291.0,1711916341.0,1711916329.0,1711916333.0,254191.0,1711916341.0,1711916346.0,5.0,,0.0,50.0,5.0,26.0,2411059770.0,4.0,837547.0,poseidon,condorpool,poseidon-worker-1-container-20-23,generate_train,/srv/generate_train,,0.9,0,0,,,,,,,,,
generate_train_ID0000037,None,compute,0,1711916286.0,,,1711916291.0,1711916292.0,1711916317.0,138337080.2,1711916291.0,1711916341.0,1711916328.0,1711916332.0,286981.0,1711916341.0,1711916346.0,5.0,,0.0,50.0,5.0,25.0,2411164025.0,4.0,969901.0,poseidon,condorpool,poseidon-worker-1-container-0-3,generate_train,/srv/generate_train,,1.0,0,0,,,,,,,,,
generate_train_ID0000035,None,compute,0,1711916286.0,,,1711916291.0,1711916307.0,1711916334.0,122382254.7,1711916306.0,1711916357.0,1711916345.0,1711916348.0,388609.0,1711916357.0,1711916362.0,5.0,,15.0,51.0,5.0,27.0,2411394544.0,3.0,1261244.0,poseidon,condorpool,poseidon-worker-2-container-12-15,generate_train,/srv/generate_train,,0.8,0,0,,,,,,,,,
register_condorpool_4_0,None,auxiliary,0,1711916301.0,,,1711916306.0,,,0.0,1711916311.0,1711916316.0,,,0.0,1711916316.0,1711916321.0,5.0,,5.0,5.0,5.0,,,,,poseidon,local,poseidon-submit,pegasus::rc-client,/mnt/poseidon-data/poseidon/pegasus-5.1.0panorama/bin/pegasus-rc-client,"-n pegasus::rc-client -N null -R local  -L somospie -T 2024-03-27T17:59:14+00:00 /home/poseidon/pegasus-5.1.0panorama/bin/pegasus-rc-client --prefix pegasus.catalog.replica.output --conf /mnt/poseidon-data/poseidon/workflows/SOMOSPIE/SOMOSPIE_pegasus/CombinedPipeline/submit/poseidon/pegasus/somospie/run0283/pegasus.1990183222431367279.properties -v --meta /mnt/poseidon-data/poseidon/workflows/SOMOSPIE/SOMOSPIE_pegasus/CombinedPipeline/submit/poseidon/pegasus/somospie/run0283/00/00/merge_avg_ID0000012.meta,/mnt/poseidon-data/poseidon/workflows/SOMOSPIE/SOMOSPIE_pegasus/CombinedPipeline/submit/poseidon/pegasus/somospie/run0283/00/00/merge_avg_ID0000014.meta,/mnt/poseidon-data/poseidon/workflows/SOMOSPIE/SOMOSPIE_pegasus/CombinedPipeline/submit/poseidon/pegasus/somospie/run0283/00/00/merge_avg_ID0000013.meta --insert /mnt/poseidon-data/poseidon/workflows/SOMOSPIE/SOMOSPIE_pegasus/CombinedPipeline/submit/poseidon/pegasus/somospie/run0283/00/00/register_condorpool_4_0.in",2.7,0,0,,,,,,,,,
stage_out_local_condorpool_5_0,None,transfer,0,1711916393.0,,,1711916398.0,,,0.0,1711916398.0,1711916408.0,,,0.0,1711916408.0,1711916413.0,5.0,,0.0,10.0,5.0,,,,,poseidon,local,poseidon-submit,pegasus::transfer,/mnt/poseidon-data/poseidon/pegasus-5.1.0panorama/bin/pegasus-transfer,/home/poseidon/pegasus-5.1.0panorama/bin/../bin/pegasus-kickstart  -n pegasus::transfer -N null -i - -R local  -L somospie -T 2024-03-27T17:59:14+00:00 /home/poseidon/pegasus-5.1.0panorama/bin/../bin/pegasus-transfer  --threads 2,3.3,0,0,,,,,,,,,
stage_out_local_condorpool_5_1,None,transfer,0,1711916393.0,,,1711916398.0,,,0.0,1711916398.0,1711916403.0,,,0.0,1711916403.0,1711916408.0,5.0,,0.0,5.0,5.0,,,,,poseidon,local,poseidon-submit,pegasus::transfer,/mnt/poseidon-data/poseidon/pegasus-5.1.0panorama/bin/pegasus-transfer,/home/poseidon/pegasus-5.1.0panorama/bin/../bin/pegasus-kickstart  -n pegasus::transfer -N null -i - -R local  -L somospie -T 2024-03-27T17:59:14+00:00 /home/poseidon/pegasus-5.1.0panorama/bin/../bin/pegasus-transfer  --threads 2,1.5,0,0,,,,,,,,,
register_condorpool_5_1,None,auxiliary,0,1711916408.0,,,1711916413.0,,,0.0,1711916413.0,1711916418.0,,,0.0,1711916418.0,1711916423.0,5.0,,0.0,5.0,5.0,,,,,poseidon,local,poseidon-submit,pegasus::rc-client,/mnt/poseidon-data/poseidon/pegasus-5.1.0panorama/bin/pegasus-rc-client,"-n pegasus::rc-client -N null -R local  -L somospie -T 2024-03-27T17:59:14+00:00 /home/poseidon/pegasus-5.1.0panorama/bin/pegasus-rc-client --prefix pegasus.catalog.replica.output --conf /mnt/poseidon-data/poseidon/workflows/SOMOSPIE/SOMOSPIE_pegasus/CombinedPipeline/submit/poseidon/pegasus/somospie/run0283/pegasus.1990183222431367279.properties -v --meta /mnt/poseidon-data/poseidon/workflows/SOMOSPIE/SOMOSPIE_pegasus/CombinedPipeline/submit/poseidon/pegasus/somospie/run0283/00/00/generate_train_ID0000038.meta,/mnt/poseidon-data/poseidon/workflows/SOMOSPIE/SOMOSPIE_pegasus/CombinedPipeline/submit/poseidon/pegasus/somospie/run0283/00/00/generate_train_ID0000037.meta,/mnt/poseidon-data/poseidon/workflows/SOMOSPIE/SOMOSPIE_pegasus/CombinedPipeline/submit/poseidon/pegasus/somospie/run0283/00/00/generate_train_ID0000028.meta,/mnt/poseidon-data/poseidon/workflows/SOMOSPIE/SOMOSPIE_pegasus/CombinedPipeline/submit/poseidon/pegasus/somospie/run0283/00/01/generate_eval_ID0000041.meta,/mnt/poseidon-data/poseidon/workflows/SOMOSPIE/SOMOSPIE_pegasus/CombinedPipeline/submit/poseidon/pegasus/somospie/run0283/00/01/generate_train_ID0000032.meta,/mnt/poseidon-data/poseidon/workflows/SOMOSPIE/SOMOSPIE_pegasus/CombinedPipeline/submit/poseidon/pegasus/somospie/run0283/00/01/generate_train_ID0000035.meta,/mnt/poseidon-data/poseidon/workflows/SOMOSPIE/SOMOSPIE_pegasus/CombinedPipeline/submit/poseidon/pegasus/somospie/run0283/00/01/generate_eval_ID0000040.meta,/mnt/poseidon-data/poseidon/workflows/SOMOSPIE/SOMOSPIE_pegasus/CombinedPipeline/submit/poseidon/pegasus/somospie/run0283/00/01/generate_train_ID0000031.meta,/mnt/poseidon-data/poseidon/workflows/SOMOSPIE/SOMOSPIE_pegasus/CombinedPipeline/submit/poseidon/pegasus/somospie/run0283/00/01/generate_train_ID0000036.meta,/mnt/poseidon-data/poseidon/workflows/SOMOSPIE/SOMOSPIE_pegasus/CombinedPipeline/submit/poseidon/pegasus/somospie/run0283/00/01/generate_eval_ID0000042.meta,/mnt/poseidon-data/poseidon/workflows/SOMOSPIE/SOMOSPIE_pegasus/CombinedPipeline/submit/poseidon/pegasus/somospie/run0283/00/00/generate_train_ID0000029.meta,/mnt/poseidon-data/poseidon/workflows/SOMOSPIE/SOMOSPIE_pegasus/CombinedPipeline/submit/poseidon/pegasus/somospie/run0283/00/00/generate_train_ID0000033.meta,/mnt/poseidon-data/poseidon/workflows/SOMOSPIE/SOMOSPIE_pegasus/CombinedPipeline/submit/poseidon/pegasus/somospie/run0283/00/00/generate_train_ID0000034.meta,/mnt/poseidon-data/poseidon/workflows/SOMOSPIE/SOMOSPIE_pegasus/CombinedPipeline/submit/poseidon/pegasus/somospie/run0283/00/01/generate_train_ID0000030.meta,/mnt/poseidon-data/poseidon/workflows/SOMOSPIE/SOMOSPIE_pegasus/CombinedPipeline/submit/poseidon/pegasus/somospie/run0283/00/01/generate_eval_ID0000039.meta,/mnt/poseidon-data/poseidon/workflows/SOMOSPIE/SOMOSPIE_pegasus/CombinedPipeline/submit/poseidon/pegasus/somospie/run0283/00/00/generate_train_ID0000027.meta --insert /mnt/poseidon-data/poseidon/workflows/SOMOSPIE/SOMOSPIE_pegasus/CombinedPipeline/submit/poseidon/pegasus/somospie/run0283/00/01/register_condorpool_5_1.in",2.9,0,0,,,,,,,,,
register_condorpool_5_0,None,auxiliary,0,1711916413.0,,,1711916423.0,,,0.0,1711916423.0,1711916428.0,,,0.0,1711916428.0,1711916433.0,10.0,,0.0,5.0,5.0,,,,,poseidon,local,poseidon-submit,pegasus::rc-client,/mnt/poseidon-data/poseidon/pegasus-5.1.0panorama/bin/pegasus-rc-client,"-n pegasus::rc-client -N null -R local  -L somospie -T 2024-03-27T17:59:14+00:00 /home/poseidon/pegasus-5.1.0panorama/bin/pegasus-rc-client --prefix pegasus.catalog.replica.output --conf /mnt/poseidon-data/poseidon/workflows/SOMOSPIE/SOMOSPIE_pegasus/CombinedPipeline/submit/poseidon/pegasus/somospie/run0283/pegasus.1990183222431367279.properties -v --meta /mnt/poseidon-data/poseidon/workflows/SOMOSPIE/SOMOSPIE_pegasus/CombinedPipeline/submit/poseidon/pegasus/somospie/run0283/00/00/generate_train_ID0000038.meta,/mnt/poseidon-data/poseidon/workflows/SOMOSPIE/SOMOSPIE_pegasus/CombinedPipeline/submit/poseidon/pegasus/somospie/run0283/00/00/generate_train_ID0000037.meta,/mnt/poseidon-data/poseidon/workflows/SOMOSPIE/SOMOSPIE_pegasus/CombinedPipeline/submit/poseidon/pegasus/somospie/run0283/00/00/generate_train_ID0000028.meta,/mnt/poseidon-data/poseidon/workflows/SOMOSPIE/SOMOSPIE_pegasus/CombinedPipeline/submit/poseidon/pegasus/somospie/run0283/00/01/generate_eval_ID0000041.meta,/mnt/poseidon-data/poseidon/workflows/SOMOSPIE/SOMOSPIE_pegasus/CombinedPipeline/submit/poseidon/pegasus/somospie/run0283/00/01/generate_train_ID0000032.meta,/mnt/poseidon-data/poseidon/workflows/SOMOSPIE/SOMOSPIE_pegasus/CombinedPipeline/submit/poseidon/pegasus/somospie/run0283/00/01/generate_train_ID0000035.meta,/mnt/poseidon-data/poseidon/workflows/SOMOSPIE/SOMOSPIE_pegasus/CombinedPipeline/submit/poseidon/pegasus/somospie/run0283/00/01/generate_eval_ID0000040.meta,/mnt/poseidon-data/poseidon/workflows/SOMOSPIE/SOMOSPIE_pegasus/CombinedPipeline/submit/poseidon/pegasus/somospie/run0283/00/01/generate_train_ID0000031.meta,/mnt/poseidon-data/poseidon/workflows/SOMOSPIE/SOMOSPIE_pegasus/CombinedPipeline/submit/poseidon/pegasus/somospie/run0283/00/01/generate_train_ID0000036.meta,/mnt/poseidon-data/poseidon/workflows/SOMOSPIE/SOMOSPIE_pegasus/CombinedPipeline/submit/poseidon/pegasus/somospie/run0283/00/01/generate_eval_ID0000042.meta,/mnt/poseidon-data/poseidon/workflows/SOMOSPIE/SOMOSPIE_pegasus/CombinedPipeline/submit/poseidon/pegasus/somospie/run0283/00/00/generate_train_ID0000029.meta,/mnt/poseidon-data/poseidon/workflows/SOMOSPIE/SOMOSPIE_pegasus/CombinedPipeline/submit/poseidon/pegasus/somospie/run0283/00/00/generate_train_ID0000033.meta,/mnt/poseidon-data/poseidon/workflows/SOMOSPIE/SOMOSPIE_pegasus/CombinedPipeline/submit/poseidon/pegasus/somospie/run0283/00/00/generate_train_ID0000034.meta,/mnt/poseidon-data/poseidon/workflows/SOMOSPIE/SOMOSPIE_pegasus/CombinedPipeline/submit/poseidon/pegasus/somospie/run0283/00/01/generate_train_ID0000030.meta,/mnt/poseidon-data/poseidon/workflows/SOMOSPIE/SOMOSPIE_pegasus/CombinedPipeline/submit/poseidon/pegasus/somospie/run0283/00/01/generate_eval_ID0000039.meta,/mnt/poseidon-data/poseidon/workflows/SOMOSPIE/SOMOSPIE_pegasus/CombinedPipeline/submit/poseidon/pegasus/somospie/run0283/00/00/generate_train_ID0000027.meta --insert /mnt/poseidon-data/poseidon/workflows/SOMOSPIE/SOMOSPIE_pegasus/CombinedPipeline/submit/poseidon/pegasus/somospie/run0283/00/01/register_condorpool_5_0.in",2.9,0,0,,,,,,,,,
cleanup_somospie_0_condorpool,None,auxiliary,0,1711916413.0,,,1711916418.0,,,0.0,1711916418.0,1711916423.0,,,0.0,1711916423.0,1711916428.0,5.0,,0.0,5.0,5.0,,,,,poseidon,local,poseidon-submit,pegasus::cleanup,/mnt/poseidon-data/poseidon/pegasus-5.1.0panorama/bin/pegasus-transfer,pegasus-kickstart  -n pegasus::cleanup -N null -i - -R local  -L somospie -T 2024-03-27T17:59:14+00:00 pegasus-transfer,0.2,0,0,,,,,,,,,
