,anomaly_type,type,is_clustered,ready,pre_script_start,pre_script_end,submit,stage_in_start,stage_in_end,stage_in_effective_bytes_per_sec,execute_start,execute_end,stage_out_start,stage_out_end,stage_out_effective_bytes_per_sec,post_script_start,post_script_end,wms_delay,pre_script_delay,queue_delay,runtime,post_script_delay,stage_in_delay,stage_in_bytes,stage_out_delay,stage_out_bytes,kickstart_user,kickstart_site,kickstart_hostname,kickstart_transformations,kickstart_executables,kickstart_executables_argv,kickstart_executables_cpu_time,kickstart_status,kickstart_executables_exitcode,kickstart_online_iowait,kickstart_online_bytes_read,kickstart_online_bytes_written,kickstart_online_read_system_calls,kickstart_online_write_system_calls,kickstart_online_utime,kickstart_online_stime,kickstart_online_bytes_read_per_second,kickstart_online_bytes_written_per_second
create_dir_somospie_0_condorpool,None,auxiliary,0,1711957215.0,,,1711957216.0,,,0.0,1711957220.0,1711957226.0,,,0.0,1711957226.0,1711957231.0,1.0,,4.0,6.0,5.0,,,,,poseidon,local,poseidon-submit,pegasus::dirmanager,/mnt/poseidon-data/poseidon/pegasus-5.1.0panorama/bin/pegasus-transfer,pegasus-kickstart  -n pegasus::dirmanager -N null -i - -R local  -L somospie -T 2024-03-27T17:59:14+00:00 pegasus-transfer,0.2,0,0,,,,,,,,,
get_sm_ID0000020,None,compute,0,1711957231.0,,,1711957236.0,1711957255.0,1711957285.0,20468156.9,1711957254.0,1711957301.0,1711957292.0,1711957295.0,296795.0,1711957301.0,1711957306.0,5.0,,18.0,47.0,5.0,30.0,470635724.0,3.0,945682.0,poseidon,condorpool,poseidon-worker-2-container-40-43,get_sm,/srv/get_sm,,1.9,0,0,,,,,,,,,
get_sm_ID0000021,None,compute,0,1711957231.0,,,1711957236.0,1711957255.0,1711957278.0,29166129.3,1711957254.0,1711957296.0,1711957285.0,1711957288.0,291503.0,1711957296.0,1711957301.0,5.0,,18.0,42.0,5.0,23.0,475840244.0,3.0,951505.0,poseidon,condorpool,poseidon-worker-1-container-36-39,get_sm,/srv/get_sm,,2.1,0,0,,,,,,,,,
get_sm_ID0000022,None,compute,0,1711957231.0,,,1711957236.0,1711957255.0,1711957277.0,31642747.4,1711957254.0,1711957296.0,1711957285.0,1711957288.0,292883.0,1711957296.0,1711957301.0,5.0,,18.0,42.0,5.0,22.0,475800760.0,3.0,952852.0,poseidon,condorpool,poseidon-worker-1-container-40-43,get_sm,/srv/get_sm,,2.1,0,0,,,,,,,,,
get_sm_ID0000023,None,compute,0,1711957231.0,,,1711957236.0,1711957255.0,1711957273.0,41222811.6,1711957254.0,1711957291.0,1711957281.0,1711957284.0,286332.0,1711957291.0,1711957296.0,5.0,,18.0,37.0,5.0,18.0,467398273.0,3.0,943297.0,poseidon,condorpool,poseidon-worker-1-container-32-35,get_sm,/srv/get_sm,,1.8,0,0,,,,,,,,,
get_sm_ID0000024,None,compute,0,1711957231.0,,,1711957236.0,1711957255.0,1711957277.0,27953697.6,1711957254.0,1711957296.0,1711957284.0,1711957288.0,255875.0,1711957296.0,1711957301.0,5.0,,18.0,42.0,5.0,22.0,457521962.0,4.0,830231.0,poseidon,condorpool,poseidon-worker-2-container-32-35,get_sm,/srv/get_sm,,1.8,0,0,,,,,,,,,
get_sm_ID0000025,None,compute,0,1711957231.0,,,1711957236.0,1711957255.0,1711957276.0,34091581.5,1711957254.0,1711957296.0,1711957283.0,1711957286.0,223441.0,1711957296.0,1711957301.0,5.0,,18.0,42.0,5.0,21.0,447555942.0,3.0,712778.0,poseidon,condorpool,poseidon-worker-1-container-44-47,get_sm,/srv/get_sm,,1.9,0,0,,,,,,,,,
get_sm_ID0000015,None,compute,0,1711957231.0,,,1711957236.0,1711957255.0,1711957275.0,35149311.7,1711957254.0,1711957291.0,1711957282.0,1711957285.0,169944.0,1711957291.0,1711957296.0,5.0,,18.0,37.0,5.0,20.0,440090843.0,3.0,551360.0,poseidon,condorpool,poseidon-worker-2-container-0-3,get_sm,/srv/get_sm,,1.9,0,0,,,,,,,,,
get_sm_ID0000026,None,compute,0,1711957231.0,,,1711957236.0,1711957255.0,1711957275.0,34754638.1,1711957254.0,1711957291.0,1711957282.0,1711957285.0,185873.0,1711957291.0,1711957296.0,5.0,,18.0,37.0,5.0,20.0,442257808.0,3.0,608523.0,poseidon,condorpool,poseidon-worker-2-container-4-7,get_sm,/srv/get_sm,,1.9,0,0,,,,,,,,,
get_sm_ID0000016,None,compute,0,1711957231.0,,,1711957236.0,1711957255.0,1711957274.0,34700841.0,1711957254.0,1711957291.0,1711957282.0,1711957285.0,171400.0,1711957291.0,1711957296.0,5.0,,18.0,37.0,5.0,19.0,436178789.0,3.0,550490.0,poseidon,condorpool,poseidon-worker-2-container-44-47,get_sm,/srv/get_sm,,1.9,0,0,,,,,,,,,
get_sm_ID0000017,None,compute,0,1711957231.0,,,1711957236.0,1711957255.0,1711957274.0,35412381.8,1711957254.0,1711957291.0,1711957281.0,1711957284.0,189046.0,1711957291.0,1711957296.0,5.0,,18.0,37.0,5.0,19.0,444771924.0,3.0,613264.0,poseidon,condorpool,poseidon-worker-2-container-36-39,get_sm,/srv/get_sm,,2.0,0,0,,,,,,,,,
get_sm_ID0000018,None,compute,0,1711957231.0,,,1711957236.0,1711957255.0,1711957274.0,35151609.2,1711957254.0,1711957291.0,1711957281.0,1711957284.0,222672.0,1711957291.0,1711957296.0,5.0,,18.0,37.0,5.0,19.0,449409643.0,3.0,716593.0,poseidon,condorpool,poseidon-worker-1-container-4-7,get_sm,/srv/get_sm,,1.9,0,0,,,,,,,,,
get_sm_ID0000019,None,compute,0,1711957231.0,,,1711957236.0,1711957255.0,1711957278.0,29007021.2,1711957254.0,1711957296.0,1711957285.0,1711957288.0,267088.0,1711957296.0,1711957301.0,5.0,,18.0,42.0,5.0,23.0,459739344.0,3.0,873152.0,poseidon,condorpool,poseidon-worker-1-container-28-31,get_sm,/srv/get_sm,,2.1,0,0,,,,,,,,,
merge_ID0000001,None,compute,0,1711957231.0,,,1711957236.0,1711957255.0,1711957275.0,133303958.7,1711957254.0,1711957331.0,1711957308.0,1711957323.0,91484933.0,1711957331.0,1711957336.0,5.0,,18.0,77.0,5.0,20.0,1726068480.0,15.0,1298102725.0,poseidon,condorpool,poseidon-worker-1-container-12-15,merge,/srv/merge,,41.4,0,0,0.0,979694118.0,1294728515.0,10772.0,39547.0,34.8,2.3,48984705.9,64736425.8
stage_out_local_condorpool_0_1,None,transfer,0,1711957306.0,,,1711957311.0,,,0.0,1711957311.0,1711957316.0,,,0.0,1711957316.0,1711957321.0,5.0,,0.0,5.0,5.0,,,,,poseidon,local,poseidon-submit,pegasus::transfer,/mnt/poseidon-data/poseidon/pegasus-5.1.0panorama/bin/pegasus-transfer,/home/poseidon/pegasus-5.1.0panorama/bin/../bin/pegasus-kickstart  -n pegasus::transfer -N null -i - -R local  -L somospie -T 2024-03-27T17:59:14+00:00 /home/poseidon/pegasus-5.1.0panorama/bin/../bin/pegasus-transfer  --threads 2,0.7,0,0,,,,,,,,,
register_condorpool_0_1,None,auxiliary,0,1711957321.0,,,1711957326.0,,,0.0,1711957326.0,1711957331.0,,,0.0,1711957331.0,1711957336.0,5.0,,0.0,5.0,5.0,,,,,poseidon,local,poseidon-submit,pegasus::rc-client,/mnt/poseidon-data/poseidon/pegasus-5.1.0panorama/bin/pegasus-rc-client,"-n pegasus::rc-client -N null -R local  -L somospie -T 2024-03-27T17:59:14+00:00 /home/poseidon/pegasus-5.1.0panorama/bin/pegasus-rc-client --prefix pegasus.catalog.replica.output --conf /mnt/poseidon-data/poseidon/workflows/SOMOSPIE/SOMOSPIE_pegasus/CombinedPipeline/submit/poseidon/pegasus/somospie/run0327/pegasus.9917523938438366515.properties -v --meta /mnt/poseidon-data/poseidon/workflows/SOMOSPIE/SOMOSPIE_pegasus/CombinedPipeline/submit/poseidon/pegasus/somospie/run0327/00/00/get_sm_ID0000020.meta,/mnt/poseidon-data/poseidon/workflows/SOMOSPIE/SOMOSPIE_pegasus/CombinedPipeline/submit/poseidon/pegasus/somospie/run0327/00/00/get_sm_ID0000024.meta,/mnt/poseidon-data/poseidon/workflows/SOMOSPIE/SOMOSPIE_pegasus/CombinedPipeline/submit/poseidon/pegasus/somospie/run0327/00/00/get_sm_ID0000026.meta,/mnt/poseidon-data/poseidon/workflows/SOMOSPIE/SOMOSPIE_pegasus/CombinedPipeline/submit/poseidon/pegasus/somospie/run0327/00/00/get_sm_ID0000019.meta,/mnt/poseidon-data/poseidon/workflows/SOMOSPIE/SOMOSPIE_pegasus/CombinedPipeline/submit/poseidon/pegasus/somospie/run0327/00/00/get_sm_ID0000016.meta,/mnt/poseidon-data/poseidon/workflows/SOMOSPIE/SOMOSPIE_pegasus/CombinedPipeline/submit/poseidon/pegasus/somospie/run0327/00/00/get_sm_ID0000022.meta --insert /mnt/poseidon-data/poseidon/workflows/SOMOSPIE/SOMOSPIE_pegasus/CombinedPipeline/submit/poseidon/pegasus/somospie/run0327/00/00/register_condorpool_0_1.in",2.8,0,0,,,,,,,,,
stage_out_local_condorpool_0_0,None,transfer,0,1711957336.0,,,1711957341.0,,,0.0,1711957341.0,1711957351.0,,,0.0,1711957351.0,1711957356.0,5.0,,0.0,10.0,5.0,,,,,poseidon,local,poseidon-submit,pegasus::transfer,/mnt/poseidon-data/poseidon/pegasus-5.1.0panorama/bin/pegasus-transfer,/home/poseidon/pegasus-5.1.0panorama/bin/../bin/pegasus-kickstart  -n pegasus::transfer -N null -i - -R local  -L somospie -T 2024-03-27T17:59:14+00:00 /home/poseidon/pegasus-5.1.0panorama/bin/../bin/pegasus-transfer  --threads 2,3.7,0,0,,,,,,,,,
reproject_ID0000011,None,compute,0,1711957336.0,,,1711957341.0,1711957342.0,1711957361.0,140645963.5,1711957341.0,1711957421.0,1711957397.0,1711957412.0,91519397.0,1711957421.0,1711957426.0,5.0,,0.0,80.0,5.0,19.0,1696973136.0,15.0,1298118839.0,poseidon,condorpool,poseidon-worker-1-container-12-15,reproject,/srv/reproject,,54.4,0,0,0.0,1309188754.0,1295252805.0,18147.0,39564.0,44.7,3.6,65459437.7,64762640.2
reproject_ID0000002,None,compute,0,1711957336.0,,,1711957341.0,1711957352.0,1711957371.0,143416651.3,1711957351.0,1711957426.0,1711957406.0,1711957418.0,88463699.0,1711957426.0,1711957431.0,5.0,,10.0,75.0,5.0,19.0,1696973986.0,12.0,1125581407.0,poseidon,condorpool,poseidon-worker-2-container-40-43,reproject,/srv/reproject,,51.9,0,0,0.0,1443841041.0,936489663.0,47961.0,28610.0,41.9,4.3,72192052.0,46824483.1
register_condorpool_0_0,None,auxiliary,0,1711957356.0,,,1711957361.0,,,0.0,1711957361.0,1711957366.0,,,0.0,1711957366.0,1711957371.0,5.0,,0.0,5.0,5.0,,,,,poseidon,local,poseidon-submit,pegasus::rc-client,/mnt/poseidon-data/poseidon/pegasus-5.1.0panorama/bin/pegasus-rc-client,"-n pegasus::rc-client -N null -R local  -L somospie -T 2024-03-27T17:59:14+00:00 /home/poseidon/pegasus-5.1.0panorama/bin/pegasus-rc-client --prefix pegasus.catalog.replica.output --conf /mnt/poseidon-data/poseidon/workflows/SOMOSPIE/SOMOSPIE_pegasus/CombinedPipeline/submit/poseidon/pegasus/somospie/run0327/pegasus.9917523938438366515.properties -v --meta /mnt/poseidon-data/poseidon/workflows/SOMOSPIE/SOMOSPIE_pegasus/CombinedPipeline/submit/poseidon/pegasus/somospie/run0327/00/00/get_sm_ID0000015.meta,/mnt/poseidon-data/poseidon/workflows/SOMOSPIE/SOMOSPIE_pegasus/CombinedPipeline/submit/poseidon/pegasus/somospie/run0327/00/00/get_sm_ID0000023.meta,/mnt/poseidon-data/poseidon/workflows/SOMOSPIE/SOMOSPIE_pegasus/CombinedPipeline/submit/poseidon/pegasus/somospie/run0327/00/00/get_sm_ID0000018.meta,/mnt/poseidon-data/poseidon/workflows/SOMOSPIE/SOMOSPIE_pegasus/CombinedPipeline/submit/poseidon/pegasus/somospie/run0327/00/00/get_sm_ID0000017.meta,/mnt/poseidon-data/poseidon/workflows/SOMOSPIE/SOMOSPIE_pegasus/CombinedPipeline/submit/poseidon/pegasus/somospie/run0327/00/00/merge_ID0000001.meta,/mnt/poseidon-data/poseidon/workflows/SOMOSPIE/SOMOSPIE_pegasus/CombinedPipeline/submit/poseidon/pegasus/somospie/run0327/00/00/get_sm_ID0000021.meta,/mnt/poseidon-data/poseidon/workflows/SOMOSPIE/SOMOSPIE_pegasus/CombinedPipeline/submit/poseidon/pegasus/somospie/run0327/00/00/get_sm_ID0000025.meta --insert /mnt/poseidon-data/poseidon/workflows/SOMOSPIE/SOMOSPIE_pegasus/CombinedPipeline/submit/poseidon/pegasus/somospie/run0327/00/00/register_condorpool_0_0.in",2.6,0,0,,,,,,,,,
stage_out_local_condorpool_1_0,None,transfer,0,1711957431.0,,,1711957436.0,,,0.0,1711957436.0,1711957446.0,,,0.0,1711957446.0,1711957451.0,5.0,,0.0,10.0,5.0,,,,,poseidon,local,poseidon-submit,pegasus::transfer,/mnt/poseidon-data/poseidon/pegasus-5.1.0panorama/bin/pegasus-transfer,/home/poseidon/pegasus-5.1.0panorama/bin/../bin/pegasus-kickstart  -n pegasus::transfer -N null -i - -R local  -L somospie -T 2024-03-27T17:59:14+00:00 /home/poseidon/pegasus-5.1.0panorama/bin/../bin/pegasus-transfer  --threads 2,5.9,0,0,,,,,,,,,
crop_ID0000009,None,compute,0,1711957431.0,,,1711957436.0,1711957437.0,1711957455.0,134606200.2,1711957436.0,1711957476.0,1711957466.0,1711957471.0,24167815.0,1711957476.0,1711957481.0,5.0,,0.0,40.0,5.0,18.0,1524452582.0,5.0,99654844.0,poseidon,condorpool,poseidon-worker-2-container-40-43,crop,/srv/crop,,2.8,0,0,,,,,,,,,
crop_ID0000007,None,compute,0,1711957431.0,,,1711957436.0,1711957437.0,1711957456.0,134305463.8,1711957436.0,1711957481.0,1711957468.0,1711957473.0,40319384.0,1711957481.0,1711957486.0,5.0,,0.0,45.0,5.0,19.0,1524452582.0,5.0,194227221.0,poseidon,condorpool,poseidon-worker-1-container-12-15,crop,/srv/crop,,4.0,0,0,,,,,,,,,
crop_ID0000005,None,compute,0,1711957431.0,,,1711957436.0,1711957452.0,1711957470.0,145302827.0,1711957451.0,1711957491.0,1711957479.0,1711957483.0,1309530.0,1711957491.0,1711957496.0,5.0,,15.0,40.0,5.0,18.0,1524452582.0,4.0,4263385.0,poseidon,condorpool,poseidon-worker-2-container-40-43,crop,/srv/crop,,1.9,0,0,,,,,,,,,
crop_ID0000003,None,compute,0,1711957431.0,,,1711957436.0,1711957452.0,1711957471.0,145152961.7,1711957451.0,1711957491.0,1711957480.0,1711957483.0,782629.0,1711957491.0,1711957496.0,5.0,,15.0,40.0,5.0,19.0,1524452582.0,3.0,2530349.0,poseidon,condorpool,poseidon-worker-1-container-12-15,crop,/srv/crop,,1.9,0,0,,,,,,,,,
register_condorpool_1_0,None,auxiliary,0,1711957451.0,,,1711957456.0,,,0.0,1711957456.0,1711957461.0,,,0.0,1711957461.0,1711957466.0,5.0,,0.0,5.0,5.0,,,,,poseidon,local,poseidon-submit,pegasus::rc-client,/mnt/poseidon-data/poseidon/pegasus-5.1.0panorama/bin/pegasus-rc-client,"-n pegasus::rc-client -N null -R local  -L somospie -T 2024-03-27T17:59:14+00:00 /home/poseidon/pegasus-5.1.0panorama/bin/pegasus-rc-client --prefix pegasus.catalog.replica.output --conf /mnt/poseidon-data/poseidon/workflows/SOMOSPIE/SOMOSPIE_pegasus/CombinedPipeline/submit/poseidon/pegasus/somospie/run0327/pegasus.9917523938438366515.properties -v --meta /mnt/poseidon-data/poseidon/workflows/SOMOSPIE/SOMOSPIE_pegasus/CombinedPipeline/submit/poseidon/pegasus/somospie/run0327/00/00/reproject_ID0000011.meta,/mnt/poseidon-data/poseidon/workflows/SOMOSPIE/SOMOSPIE_pegasus/CombinedPipeline/submit/poseidon/pegasus/somospie/run0327/00/00/reproject_ID0000002.meta --insert /mnt/poseidon-data/poseidon/workflows/SOMOSPIE/SOMOSPIE_pegasus/CombinedPipeline/submit/poseidon/pegasus/somospie/run0327/00/00/register_condorpool_1_0.in",2.7,0,0,,,,,,,,,
compute_ID0000010,None,compute,0,1711957481.0,,,1711957486.0,1711957487.0,1711957501.0,69831942.3,1711957486.0,1711957531.0,1711957519.0,1711957524.0,46178525.0,1711957531.0,1711957536.0,5.0,,0.0,45.0,5.0,14.0,498525556.0,5.0,250017804.0,poseidon,condorpool,poseidon-worker-2-container-40-43,compute,/srv/compute,,11.8,0,0,0.0,304081175.0,241702629.0,4545.0,7402.0,9.2,0.8,30408117.5,24170262.9
compute_ID0000008,None,compute,0,1711957486.0,,,1711957491.0,1711957492.0,1711957507.0,76720649.7,1711957491.0,1711957546.0,1711957531.0,1711957538.0,67799039.0,1711957546.0,1711957551.0,5.0,,0.0,55.0,5.0,15.0,593097933.0,7.0,506706062.0,poseidon,condorpool,poseidon-worker-1-container-12-15,compute,/srv/compute,,17.7,0,0,0.0,325159156.0,350334050.0,4118.0,10708.0,9.2,0.7,32515915.6,35033405.0
stage_out_local_condorpool_2_0,None,transfer,0,1711957496.0,,,1711957501.0,,,0.0,1711957501.0,1711957506.0,,,0.0,1711957506.0,1711957511.0,5.0,,0.0,5.0,5.0,,,,,poseidon,local,poseidon-submit,pegasus::transfer,/mnt/poseidon-data/poseidon/pegasus-5.1.0panorama/bin/pegasus-transfer,/home/poseidon/pegasus-5.1.0panorama/bin/../bin/pegasus-kickstart  -n pegasus::transfer -N null -i - -R local  -L somospie -T 2024-03-27T17:59:14+00:00 /home/poseidon/pegasus-5.1.0panorama/bin/../bin/pegasus-transfer  --threads 2,1.2,0,0,,,,,,,,,
compute_ID0000004,None,compute,0,1711957496.0,,,1711957501.0,1711957512.0,1711957526.0,62052299.3,1711957511.0,1711957546.0,1711957536.0,1711957539.0,1607779.0,1711957546.0,1711957551.0,5.0,,10.0,35.0,5.0,14.0,401401061.0,3.0,5326886.0,poseidon,condorpool,poseidon-worker-1-container-40-43,compute,/srv/compute,,5.1,0,0,,,,,,,,,
compute_ID0000006,None,compute,0,1711957496.0,,,1711957501.0,1711957512.0,1711957526.0,62361419.3,1711957511.0,1711957546.0,1711957536.0,1711957539.0,2926855.0,1711957546.0,1711957551.0,5.0,,10.0,35.0,5.0,14.0,403134097.0,3.0,9696865.0,poseidon,condorpool,poseidon-worker-1-container-36-39,compute,/srv/compute,,5.5,0,0,,,,,,,,,
register_condorpool_2_0,None,auxiliary,0,1711957511.0,,,1711957516.0,,,0.0,1711957516.0,1711957521.0,,,0.0,1711957521.0,1711957526.0,5.0,,0.0,5.0,5.0,,,,,poseidon,local,poseidon-submit,pegasus::rc-client,/mnt/poseidon-data/poseidon/pegasus-5.1.0panorama/bin/pegasus-rc-client,"-n pegasus::rc-client -N null -R local  -L somospie -T 2024-03-27T17:59:14+00:00 /home/poseidon/pegasus-5.1.0panorama/bin/pegasus-rc-client --prefix pegasus.catalog.replica.output --conf /mnt/poseidon-data/poseidon/workflows/SOMOSPIE/SOMOSPIE_pegasus/CombinedPipeline/submit/poseidon/pegasus/somospie/run0327/pegasus.9917523938438366515.properties -v --meta /mnt/poseidon-data/poseidon/workflows/SOMOSPIE/SOMOSPIE_pegasus/CombinedPipeline/submit/poseidon/pegasus/somospie/run0327/00/00/crop_ID0000007.meta,/mnt/poseidon-data/poseidon/workflows/SOMOSPIE/SOMOSPIE_pegasus/CombinedPipeline/submit/poseidon/pegasus/somospie/run0327/00/00/crop_ID0000009.meta,/mnt/poseidon-data/poseidon/workflows/SOMOSPIE/SOMOSPIE_pegasus/CombinedPipeline/submit/poseidon/pegasus/somospie/run0327/00/00/crop_ID0000003.meta,/mnt/poseidon-data/poseidon/workflows/SOMOSPIE/SOMOSPIE_pegasus/CombinedPipeline/submit/poseidon/pegasus/somospie/run0327/00/00/crop_ID0000005.meta --insert /mnt/poseidon-data/poseidon/workflows/SOMOSPIE/SOMOSPIE_pegasus/CombinedPipeline/submit/poseidon/pegasus/somospie/run0327/00/00/register_condorpool_2_0.in",2.7,0,0,,,,,,,,,
stage_out_local_condorpool_3_0,None,transfer,0,1711957551.0,,,1711957556.0,,,0.0,1711957556.0,1711957566.0,,,0.0,1711957566.0,1711957571.0,5.0,,0.0,10.0,5.0,,,,,poseidon,local,poseidon-submit,pegasus::transfer,/mnt/poseidon-data/poseidon/pegasus-5.1.0panorama/bin/pegasus-transfer,/home/poseidon/pegasus-5.1.0panorama/bin/../bin/pegasus-kickstart  -n pegasus::transfer -N null -i - -R local  -L somospie -T 2024-03-27T17:59:14+00:00 /home/poseidon/pegasus-5.1.0panorama/bin/../bin/pegasus-transfer  --threads 2,2.9,0,0,,,,,,,,,
merge_avg_ID0000014,None,compute,0,1711957551.0,,,1711957556.0,1711957557.0,1711957573.0,82700008.0,1711957556.0,1711957626.0,1711957614.0,1711957620.0,53462496.0,1711957626.0,1711957631.0,5.0,,0.0,70.0,5.0,16.0,737559838.0,6.0,309527239.0,poseidon,condorpool,poseidon-worker-2-container-40-43,merge_avg,/srv/merge_avg,,45.2,0,0,0.0,1096634909.0,671157694.0,48841.0,20593.0,23.6,6.3,36554497.0,22371923.1
merge_avg_ID0000012,None,compute,0,1711957551.0,,,1711957556.0,1711957557.0,1711957573.0,82695967.0,1711957556.0,1711957626.0,1711957612.0,1711957617.0,53153284.0,1711957626.0,1711957631.0,5.0,,0.0,70.0,5.0,16.0,731979063.0,5.0,304811410.0,poseidon,condorpool,poseidon-worker-1-container-36-39,merge_avg,/srv/merge_avg,,45.0,0,0,0.0,1148624101.0,772030301.0,47088.0,23687.0,30.4,7.7,38287470.0,25734343.4
merge_avg_ID0000013,None,compute,0,1711957551.0,,,1711957556.0,1711957557.0,1711957572.0,62607354.1,1711957556.0,1711957621.0,1711957608.0,1711957612.0,24039879.0,1711957621.0,1711957626.0,5.0,,0.0,65.0,5.0,15.0,498824437.0,4.0,98388765.0,poseidon,condorpool,poseidon-worker-1-container-40-43,merge_avg,/srv/merge_avg,,41.1,0,0,0.0,453070490.0,287737616.0,47900.0,8909.0,30.1,7.6,15102349.7,9591253.9
register_condorpool_3_0,None,auxiliary,0,1711957571.0,,,1711957576.0,,,0.0,1711957576.0,1711957581.0,,,0.0,1711957581.0,1711957586.0,5.0,,0.0,5.0,5.0,,,,,poseidon,local,poseidon-submit,pegasus::rc-client,/mnt/poseidon-data/poseidon/pegasus-5.1.0panorama/bin/pegasus-rc-client,"-n pegasus::rc-client -N null -R local  -L somospie -T 2024-03-27T17:59:14+00:00 /home/poseidon/pegasus-5.1.0panorama/bin/pegasus-rc-client --prefix pegasus.catalog.replica.output --conf /mnt/poseidon-data/poseidon/workflows/SOMOSPIE/SOMOSPIE_pegasus/CombinedPipeline/submit/poseidon/pegasus/somospie/run0327/pegasus.9917523938438366515.properties -v --meta /mnt/poseidon-data/poseidon/workflows/SOMOSPIE/SOMOSPIE_pegasus/CombinedPipeline/submit/poseidon/pegasus/somospie/run0327/00/00/compute_ID0000010.meta,/mnt/poseidon-data/poseidon/workflows/SOMOSPIE/SOMOSPIE_pegasus/CombinedPipeline/submit/poseidon/pegasus/somospie/run0327/00/00/compute_ID0000004.meta,/mnt/poseidon-data/poseidon/workflows/SOMOSPIE/SOMOSPIE_pegasus/CombinedPipeline/submit/poseidon/pegasus/somospie/run0327/00/00/compute_ID0000006.meta,/mnt/poseidon-data/poseidon/workflows/SOMOSPIE/SOMOSPIE_pegasus/CombinedPipeline/submit/poseidon/pegasus/somospie/run0327/00/00/compute_ID0000008.meta --insert /mnt/poseidon-data/poseidon/workflows/SOMOSPIE/SOMOSPIE_pegasus/CombinedPipeline/submit/poseidon/pegasus/somospie/run0327/00/00/register_condorpool_3_0.in",2.9,0,0,,,,,,,,,
generate_eval_ID0000039,None,compute,0,1711957631.0,,,1711957636.0,1711957637.0,1711957666.0,112159144.0,1711957636.0,1711957696.0,1711957685.0,1711957689.0,2760645.0,1711957696.0,1711957701.0,5.0,,0.0,60.0,5.0,29.0,2410452250.0,4.0,9068473.0,poseidon,condorpool,poseidon-worker-1-container-12-15,generate_eval,/srv/generate_eval,,8.0,0,0,,,,,,,,,
generate_train_ID0000032,None,compute,0,1711957631.0,,,1711957636.0,1711957637.0,1711957663.0,130635541.8,1711957636.0,1711957686.0,1711957674.0,1711957678.0,393126.0,1711957686.0,1711957691.0,5.0,,0.0,50.0,5.0,26.0,2411396929.0,4.0,1265871.0,poseidon,condorpool,poseidon-worker-1-container-28-31,generate_train,/srv/generate_train,,0.8,0,0,,,,,,,,,
generate_eval_ID0000042,None,compute,0,1711957631.0,,,1711957636.0,1711957637.0,1711957664.0,121229646.9,1711957636.0,1711957701.0,1711957687.0,1711957693.0,45825998.0,1711957701.0,1711957706.0,5.0,,0.0,65.0,5.0,27.0,2410452250.0,6.0,240602325.0,poseidon,condorpool,poseidon-worker-1-container-4-7,generate_eval,/srv/generate_eval,,11.8,0,0,0.0,238329056.0,237975820.0,4074.0,7303.0,9.2,0.8,23832905.6,23797582.0
generate_train_ID0000031,None,compute,0,1711957631.0,,,1711957636.0,1711957637.0,1711957665.0,114156640.5,1711957636.0,1711957686.0,1711957676.0,1711957679.0,367632.0,1711957686.0,1711957691.0,5.0,,0.0,50.0,5.0,28.0,2411324399.0,3.0,1175014.0,poseidon,condorpool,poseidon-worker-2-container-36-39,generate_train,/srv/generate_train,,0.8,0,0,,,,,,,,,
generate_train_ID0000030,None,compute,0,1711957631.0,,,1711957636.0,1711957637.0,1711957666.0,109964564.7,1711957636.0,1711957686.0,1711957677.0,1711957680.0,303656.0,1711957686.0,1711957691.0,5.0,,0.0,50.0,5.0,29.0,2411167840.0,3.0,973028.0,poseidon,condorpool,poseidon-worker-2-container-44-47,generate_train,/srv/generate_train,,0.8,0,0,,,,,,,,,
generate_eval_ID0000040,None,compute,0,1711957631.0,,,1711957636.0,1711957637.0,1711957665.0,113667086.3,1711957636.0,1711957696.0,1711957683.0,1711957686.0,2559653.0,1711957696.0,1711957701.0,5.0,,0.0,60.0,5.0,28.0,2410452250.0,3.0,8350187.0,poseidon,condorpool,poseidon-worker-2-container-4-7,generate_eval,/srv/generate_eval,,7.7,0,0,,,,,,,,,
generate_eval_ID0000041,None,compute,0,1711957631.0,,,1711957636.0,1711957637.0,1711957661.0,147045462.8,1711957636.0,1711957706.0,1711957689.0,1711957697.0,70702338.0,1711957706.0,1711957711.0,5.0,,0.0,70.0,5.0,24.0,2410452250.0,8.0,561272484.0,poseidon,condorpool,poseidon-worker-2-container-0-3,generate_eval,/srv/generate_eval,,15.9,0,0,0.1,327986021.0,325138694.0,4562.0,9958.0,9.1,0.8,32798602.1,32513869.4
generate_train_ID0000036,None,compute,0,1711957631.0,,,1711957636.0,1711957637.0,1711957668.0,100563052.2,1711957636.0,1711957691.0,1711957679.0,1711957682.0,348538.0,1711957691.0,1711957696.0,5.0,,0.0,55.0,5.0,31.0,2411281478.0,3.0,1118721.0,poseidon,condorpool,poseidon-worker-1-container-44-47,generate_train,/srv/generate_train,,0.9,0,0,,,,,,,,,
generate_train_ID0000034,None,compute,0,1711957631.0,,,1711957636.0,1711957637.0,1711957672.0,87132894.5,1711957636.0,1711957696.0,1711957684.0,1711957687.0,397457.0,1711957696.0,1711957701.0,5.0,,0.0,60.0,5.0,35.0,2411404099.0,3.0,1275159.0,poseidon,condorpool,poseidon-worker-1-container-32-35,generate_train,/srv/generate_train,,0.8,0,0,,,,,,,,,
generate_train_ID0000033,None,compute,0,1711957631.0,,,1711957636.0,1711957637.0,1711957661.0,148894814.1,1711957636.0,1711957681.0,1711957672.0,1711957675.0,386403.0,1711957681.0,1711957686.0,5.0,,0.0,45.0,5.0,24.0,2411402752.0,3.0,1274805.0,poseidon,condorpool,poseidon-worker-1-container-40-43,generate_train,/srv/generate_train,,0.8,0,0,,,,,,,,,
generate_train_ID0000029,None,compute,0,1711957631.0,,,1711957636.0,1711957637.0,1711957675.0,77917743.4,1711957636.0,1711957696.0,1711957687.0,1711957690.0,257464.0,1711957696.0,1711957701.0,5.0,,0.0,60.0,5.0,38.0,2411064511.0,3.0,843408.0,poseidon,condorpool,poseidon-worker-1-container-36-39,generate_train,/srv/generate_train,,0.9,0,0,,,,,,,,,
generate_train_ID0000028,None,compute,0,1711957631.0,,,1711957636.0,1711957637.0,1711957679.0,70102353.8,1711957636.0,1711957701.0,1711957689.0,1711957693.0,236602.0,1711957701.0,1711957706.0,5.0,,0.0,65.0,5.0,42.0,2411001737.0,4.0,762584.0,poseidon,condorpool,poseidon-worker-2-container-40-43,generate_train,/srv/generate_train,,0.8,0,0,,,,,,,,,
stage_out_local_condorpool_4_0,None,transfer,0,1711957631.0,,,1711957636.0,,,0.0,1711957636.0,1711957641.0,,,0.0,1711957641.0,1711957646.0,5.0,,0.0,5.0,5.0,,,,,poseidon,local,poseidon-submit,pegasus::transfer,/mnt/poseidon-data/poseidon/pegasus-5.1.0panorama/bin/pegasus-transfer,/home/poseidon/pegasus-5.1.0panorama/bin/../bin/pegasus-kickstart  -n pegasus::transfer -N null -i - -R local  -L somospie -T 2024-03-27T17:59:14+00:00 /home/poseidon/pegasus-5.1.0panorama/bin/../bin/pegasus-transfer  --threads 2,2.2,0,0,,,,,,,,,
generate_train_ID0000027,None,compute,0,1711957631.0,,,1711957636.0,1711957637.0,1711957673.0,84428734.0,1711957636.0,1711957696.0,1711957685.0,1711957688.0,239193.0,1711957696.0,1711957701.0,5.0,,0.0,60.0,5.0,36.0,2411002607.0,3.0,764017.0,poseidon,condorpool,poseidon-worker-1-container-40-43,generate_train,/srv/generate_train,,0.8,0,0,,,,,,,,,
generate_train_ID0000038,None,compute,0,1711957631.0,,,1711957636.0,1711957637.0,1711957664.0,122037324.1,1711957636.0,1711957691.0,1711957675.0,1711957678.0,260952.0,1711957691.0,1711957696.0,5.0,,0.0,55.0,5.0,27.0,2411059770.0,3.0,837547.0,poseidon,condorpool,poseidon-worker-1-container-36-39,generate_train,/srv/generate_train,,0.8,0,0,,,,,,,,,
generate_train_ID0000037,None,compute,0,1711957631.0,,,1711957636.0,1711957637.0,1711957675.0,77587844.5,1711957636.0,1711957696.0,1711957686.0,1711957689.0,301733.0,1711957696.0,1711957701.0,5.0,,0.0,60.0,5.0,38.0,2411164025.0,3.0,969901.0,poseidon,condorpool,poseidon-worker-2-container-40-43,generate_train,/srv/generate_train,,0.8,0,0,,,,,,,,,
generate_train_ID0000035,None,compute,0,1711957631.0,,,1711957636.0,1711957637.0,1711957667.0,105789925.8,1711957636.0,1711957691.0,1711957678.0,1711957681.0,392669.0,1711957691.0,1711957696.0,5.0,,0.0,55.0,5.0,30.0,2411394544.0,3.0,1261244.0,poseidon,condorpool,poseidon-worker-2-container-32-35,generate_train,/srv/generate_train,,0.8,0,0,,,,,,,,,
register_condorpool_4_0,None,auxiliary,0,1711957646.0,,,1711957651.0,,,0.0,1711957651.0,1711957656.0,,,0.0,1711957656.0,1711957661.0,5.0,,0.0,5.0,5.0,,,,,poseidon,local,poseidon-submit,pegasus::rc-client,/mnt/poseidon-data/poseidon/pegasus-5.1.0panorama/bin/pegasus-rc-client,"-n pegasus::rc-client -N null -R local  -L somospie -T 2024-03-27T17:59:14+00:00 /home/poseidon/pegasus-5.1.0panorama/bin/pegasus-rc-client --prefix pegasus.catalog.replica.output --conf /mnt/poseidon-data/poseidon/workflows/SOMOSPIE/SOMOSPIE_pegasus/CombinedPipeline/submit/poseidon/pegasus/somospie/run0327/pegasus.9917523938438366515.properties -v --meta /mnt/poseidon-data/poseidon/workflows/SOMOSPIE/SOMOSPIE_pegasus/CombinedPipeline/submit/poseidon/pegasus/somospie/run0327/00/00/merge_avg_ID0000012.meta,/mnt/poseidon-data/poseidon/workflows/SOMOSPIE/SOMOSPIE_pegasus/CombinedPipeline/submit/poseidon/pegasus/somospie/run0327/00/00/merge_avg_ID0000014.meta,/mnt/poseidon-data/poseidon/workflows/SOMOSPIE/SOMOSPIE_pegasus/CombinedPipeline/submit/poseidon/pegasus/somospie/run0327/00/00/merge_avg_ID0000013.meta --insert /mnt/poseidon-data/poseidon/workflows/SOMOSPIE/SOMOSPIE_pegasus/CombinedPipeline/submit/poseidon/pegasus/somospie/run0327/00/00/register_condorpool_4_0.in",2.9,0,0,,,,,,,,,
stage_out_local_condorpool_5_0,None,transfer,0,1711957711.0,,,1711957716.0,,,0.0,1711957716.0,1711957726.0,,,0.0,1711957726.0,1711957731.0,5.0,,0.0,10.0,5.0,,,,,poseidon,local,poseidon-submit,pegasus::transfer,/mnt/poseidon-data/poseidon/pegasus-5.1.0panorama/bin/pegasus-transfer,/home/poseidon/pegasus-5.1.0panorama/bin/../bin/pegasus-kickstart  -n pegasus::transfer -N null -i - -R local  -L somospie -T 2024-03-27T17:59:14+00:00 /home/poseidon/pegasus-5.1.0panorama/bin/../bin/pegasus-transfer  --threads 2,3.4,0,0,,,,,,,,,
stage_out_local_condorpool_5_1,None,transfer,0,1711957711.0,,,1711957716.0,,,0.0,1711957716.0,1711957721.0,,,0.0,1711957721.0,1711957726.0,5.0,,0.0,5.0,5.0,,,,,poseidon,local,poseidon-submit,pegasus::transfer,/mnt/poseidon-data/poseidon/pegasus-5.1.0panorama/bin/pegasus-transfer,/home/poseidon/pegasus-5.1.0panorama/bin/../bin/pegasus-kickstart  -n pegasus::transfer -N null -i - -R local  -L somospie -T 2024-03-27T17:59:14+00:00 /home/poseidon/pegasus-5.1.0panorama/bin/../bin/pegasus-transfer  --threads 2,1.5,0,0,,,,,,,,,
register_condorpool_5_1,None,auxiliary,0,1711957726.0,,,1711957731.0,,,0.0,1711957731.0,1711957736.0,,,0.0,1711957736.0,1711957741.0,5.0,,0.0,5.0,5.0,,,,,poseidon,local,poseidon-submit,pegasus::rc-client,/mnt/poseidon-data/poseidon/pegasus-5.1.0panorama/bin/pegasus-rc-client,"-n pegasus::rc-client -N null -R local  -L somospie -T 2024-03-27T17:59:14+00:00 /home/poseidon/pegasus-5.1.0panorama/bin/pegasus-rc-client --prefix pegasus.catalog.replica.output --conf /mnt/poseidon-data/poseidon/workflows/SOMOSPIE/SOMOSPIE_pegasus/CombinedPipeline/submit/poseidon/pegasus/somospie/run0327/pegasus.9917523938438366515.properties -v --meta /mnt/poseidon-data/poseidon/workflows/SOMOSPIE/SOMOSPIE_pegasus/CombinedPipeline/submit/poseidon/pegasus/somospie/run0327/00/00/generate_train_ID0000038.meta,/mnt/poseidon-data/poseidon/workflows/SOMOSPIE/SOMOSPIE_pegasus/CombinedPipeline/submit/poseidon/pegasus/somospie/run0327/00/00/generate_train_ID0000037.meta,/mnt/poseidon-data/poseidon/workflows/SOMOSPIE/SOMOSPIE_pegasus/CombinedPipeline/submit/poseidon/pegasus/somospie/run0327/00/00/generate_train_ID0000028.meta,/mnt/poseidon-data/poseidon/workflows/SOMOSPIE/SOMOSPIE_pegasus/CombinedPipeline/submit/poseidon/pegasus/somospie/run0327/00/01/generate_eval_ID0000041.meta,/mnt/poseidon-data/poseidon/workflows/SOMOSPIE/SOMOSPIE_pegasus/CombinedPipeline/submit/poseidon/pegasus/somospie/run0327/00/01/generate_train_ID0000032.meta,/mnt/poseidon-data/poseidon/workflows/SOMOSPIE/SOMOSPIE_pegasus/CombinedPipeline/submit/poseidon/pegasus/somospie/run0327/00/01/generate_train_ID0000035.meta,/mnt/poseidon-data/poseidon/workflows/SOMOSPIE/SOMOSPIE_pegasus/CombinedPipeline/submit/poseidon/pegasus/somospie/run0327/00/01/generate_eval_ID0000040.meta,/mnt/poseidon-data/poseidon/workflows/SOMOSPIE/SOMOSPIE_pegasus/CombinedPipeline/submit/poseidon/pegasus/somospie/run0327/00/01/generate_train_ID0000031.meta,/mnt/poseidon-data/poseidon/workflows/SOMOSPIE/SOMOSPIE_pegasus/CombinedPipeline/submit/poseidon/pegasus/somospie/run0327/00/01/generate_train_ID0000036.meta,/mnt/poseidon-data/poseidon/workflows/SOMOSPIE/SOMOSPIE_pegasus/CombinedPipeline/submit/poseidon/pegasus/somospie/run0327/00/01/generate_eval_ID0000042.meta,/mnt/poseidon-data/poseidon/workflows/SOMOSPIE/SOMOSPIE_pegasus/CombinedPipeline/submit/poseidon/pegasus/somospie/run0327/00/00/generate_train_ID0000029.meta,/mnt/poseidon-data/poseidon/workflows/SOMOSPIE/SOMOSPIE_pegasus/CombinedPipeline/submit/poseidon/pegasus/somospie/run0327/00/00/generate_train_ID0000033.meta,/mnt/poseidon-data/poseidon/workflows/SOMOSPIE/SOMOSPIE_pegasus/CombinedPipeline/submit/poseidon/pegasus/somospie/run0327/00/00/generate_train_ID0000034.meta,/mnt/poseidon-data/poseidon/workflows/SOMOSPIE/SOMOSPIE_pegasus/CombinedPipeline/submit/poseidon/pegasus/somospie/run0327/00/01/generate_train_ID0000030.meta,/mnt/poseidon-data/poseidon/workflows/SOMOSPIE/SOMOSPIE_pegasus/CombinedPipeline/submit/poseidon/pegasus/somospie/run0327/00/01/generate_eval_ID0000039.meta,/mnt/poseidon-data/poseidon/workflows/SOMOSPIE/SOMOSPIE_pegasus/CombinedPipeline/submit/poseidon/pegasus/somospie/run0327/00/00/generate_train_ID0000027.meta --insert /mnt/poseidon-data/poseidon/workflows/SOMOSPIE/SOMOSPIE_pegasus/CombinedPipeline/submit/poseidon/pegasus/somospie/run0327/00/01/register_condorpool_5_1.in",2.9,0,0,,,,,,,,,
register_condorpool_5_0,None,auxiliary,0,1711957731.0,,,1711957741.0,,,0.0,1711957741.0,1711957746.0,,,0.0,1711957746.0,1711957751.0,10.0,,0.0,5.0,5.0,,,,,poseidon,local,poseidon-submit,pegasus::rc-client,/mnt/poseidon-data/poseidon/pegasus-5.1.0panorama/bin/pegasus-rc-client,"-n pegasus::rc-client -N null -R local  -L somospie -T 2024-03-27T17:59:14+00:00 /home/poseidon/pegasus-5.1.0panorama/bin/pegasus-rc-client --prefix pegasus.catalog.replica.output --conf /mnt/poseidon-data/poseidon/workflows/SOMOSPIE/SOMOSPIE_pegasus/CombinedPipeline/submit/poseidon/pegasus/somospie/run0327/pegasus.9917523938438366515.properties -v --meta /mnt/poseidon-data/poseidon/workflows/SOMOSPIE/SOMOSPIE_pegasus/CombinedPipeline/submit/poseidon/pegasus/somospie/run0327/00/00/generate_train_ID0000038.meta,/mnt/poseidon-data/poseidon/workflows/SOMOSPIE/SOMOSPIE_pegasus/CombinedPipeline/submit/poseidon/pegasus/somospie/run0327/00/00/generate_train_ID0000037.meta,/mnt/poseidon-data/poseidon/workflows/SOMOSPIE/SOMOSPIE_pegasus/CombinedPipeline/submit/poseidon/pegasus/somospie/run0327/00/00/generate_train_ID0000028.meta,/mnt/poseidon-data/poseidon/workflows/SOMOSPIE/SOMOSPIE_pegasus/CombinedPipeline/submit/poseidon/pegasus/somospie/run0327/00/01/generate_eval_ID0000041.meta,/mnt/poseidon-data/poseidon/workflows/SOMOSPIE/SOMOSPIE_pegasus/CombinedPipeline/submit/poseidon/pegasus/somospie/run0327/00/01/generate_train_ID0000032.meta,/mnt/poseidon-data/poseidon/workflows/SOMOSPIE/SOMOSPIE_pegasus/CombinedPipeline/submit/poseidon/pegasus/somospie/run0327/00/01/generate_train_ID0000035.meta,/mnt/poseidon-data/poseidon/workflows/SOMOSPIE/SOMOSPIE_pegasus/CombinedPipeline/submit/poseidon/pegasus/somospie/run0327/00/01/generate_eval_ID0000040.meta,/mnt/poseidon-data/poseidon/workflows/SOMOSPIE/SOMOSPIE_pegasus/CombinedPipeline/submit/poseidon/pegasus/somospie/run0327/00/01/generate_train_ID0000031.meta,/mnt/poseidon-data/poseidon/workflows/SOMOSPIE/SOMOSPIE_pegasus/CombinedPipeline/submit/poseidon/pegasus/somospie/run0327/00/01/generate_train_ID0000036.meta,/mnt/poseidon-data/poseidon/workflows/SOMOSPIE/SOMOSPIE_pegasus/CombinedPipeline/submit/poseidon/pegasus/somospie/run0327/00/01/generate_eval_ID0000042.meta,/mnt/poseidon-data/poseidon/workflows/SOMOSPIE/SOMOSPIE_pegasus/CombinedPipeline/submit/poseidon/pegasus/somospie/run0327/00/00/generate_train_ID0000029.meta,/mnt/poseidon-data/poseidon/workflows/SOMOSPIE/SOMOSPIE_pegasus/CombinedPipeline/submit/poseidon/pegasus/somospie/run0327/00/00/generate_train_ID0000033.meta,/mnt/poseidon-data/poseidon/workflows/SOMOSPIE/SOMOSPIE_pegasus/CombinedPipeline/submit/poseidon/pegasus/somospie/run0327/00/00/generate_train_ID0000034.meta,/mnt/poseidon-data/poseidon/workflows/SOMOSPIE/SOMOSPIE_pegasus/CombinedPipeline/submit/poseidon/pegasus/somospie/run0327/00/01/generate_train_ID0000030.meta,/mnt/poseidon-data/poseidon/workflows/SOMOSPIE/SOMOSPIE_pegasus/CombinedPipeline/submit/poseidon/pegasus/somospie/run0327/00/01/generate_eval_ID0000039.meta,/mnt/poseidon-data/poseidon/workflows/SOMOSPIE/SOMOSPIE_pegasus/CombinedPipeline/submit/poseidon/pegasus/somospie/run0327/00/00/generate_train_ID0000027.meta --insert /mnt/poseidon-data/poseidon/workflows/SOMOSPIE/SOMOSPIE_pegasus/CombinedPipeline/submit/poseidon/pegasus/somospie/run0327/00/01/register_condorpool_5_0.in",3.0,0,0,,,,,,,,,
cleanup_somospie_0_condorpool,None,auxiliary,0,1711957731.0,,,1711957736.0,,,0.0,1711957736.0,1711957741.0,,,0.0,1711957741.0,1711957746.0,5.0,,0.0,5.0,5.0,,,,,poseidon,local,poseidon-submit,pegasus::cleanup,/mnt/poseidon-data/poseidon/pegasus-5.1.0panorama/bin/pegasus-transfer,pegasus-kickstart  -n pegasus::cleanup -N null -i - -R local  -L somospie -T 2024-03-27T17:59:14+00:00 pegasus-transfer,0.2,0,0,,,,,,,,,
