,anomaly_type,type,is_clustered,ready,pre_script_start,pre_script_end,submit,stage_in_start,stage_in_end,stage_in_effective_bytes_per_sec,execute_start,execute_end,stage_out_start,stage_out_end,stage_out_effective_bytes_per_sec,post_script_start,post_script_end,wms_delay,pre_script_delay,queue_delay,runtime,post_script_delay,stage_in_delay,stage_in_bytes,stage_out_delay,stage_out_bytes,kickstart_user,kickstart_site,kickstart_hostname,kickstart_transformations,kickstart_executables,kickstart_executables_argv,kickstart_executables_cpu_time,kickstart_status,kickstart_executables_exitcode,kickstart_online_iowait,kickstart_online_bytes_read,kickstart_online_bytes_written,kickstart_online_read_system_calls,kickstart_online_write_system_calls,kickstart_online_utime,kickstart_online_stime,kickstart_online_bytes_read_per_second,kickstart_online_bytes_written_per_second
create_dir_somospie_0_condorpool,None,auxiliary,0,1711955409.0,,,1711955410.0,,,0.0,1711955414.0,1711955420.0,,,0.0,1711955420.0,1711955425.0,1.0,,4.0,6.0,5.0,,,,,poseidon,local,poseidon-submit,pegasus::dirmanager,/mnt/poseidon-data/poseidon/pegasus-5.1.0panorama/bin/pegasus-transfer,pegasus-kickstart  -n pegasus::dirmanager -N null -i - -R local  -L somospie -T 2024-03-27T17:59:14+00:00 pegasus-transfer,0.2,0,0,,,,,,,,,
get_sm_ID0000020,None,compute,0,1711955425.0,,,1711955430.0,1711955438.0,1711955539.0,36912345.7,1711955437.0,1711955570.0,1711955556.0,1711955559.0,281629.0,1711955570.0,1711955575.0,5.0,,7.0,133.0,5.0,101.0,470635724.0,3.0,945682.0,poseidon,condorpool,poseidon-worker-1-container-0-3,get_sm,/srv/get_sm,,1.9,0,0,,,,,,,,,
get_sm_ID0000021,None,compute,0,1711955425.0,,,1711955430.0,1711955438.0,1711955538.0,4218768.4,1711955437.0,1711955570.0,1711955556.0,1711955559.0,279071.0,1711955570.0,1711955575.0,5.0,,7.0,133.0,5.0,100.0,475840244.0,3.0,951505.0,poseidon,condorpool,poseidon-worker-1-container-40-43,get_sm,/srv/get_sm,,1.9,0,0,,,,,,,,,
get_sm_ID0000022,None,compute,0,1711955425.0,,,1711955430.0,1711955438.0,1711955458.0,34944069.3,1711955437.0,1711955475.0,1711955465.0,1711955468.0,296460.0,1711955475.0,1711955480.0,5.0,,7.0,38.0,5.0,20.0,475800760.0,3.0,952852.0,poseidon,condorpool,poseidon-worker-2-container-24-27,get_sm,/srv/get_sm,,1.9,0,0,,,,,,,,,
get_sm_ID0000023,None,compute,0,1711955425.0,,,1711955430.0,1711955438.0,1711955542.0,28989616.3,1711955437.0,1711955570.0,1711955556.0,1711955559.0,278671.0,1711955570.0,1711955575.0,5.0,,7.0,133.0,5.0,104.0,467398273.0,3.0,943297.0,poseidon,condorpool,poseidon-worker-1-container-36-39,get_sm,/srv/get_sm,,1.8,0,0,,,,,,,,,
get_sm_ID0000024,None,compute,0,1711955425.0,,,1711955430.0,1711955438.0,1711955459.0,34497851.8,1711955437.0,1711955475.0,1711955466.0,1711955469.0,260834.0,1711955475.0,1711955480.0,5.0,,7.0,38.0,5.0,21.0,457521962.0,3.0,830231.0,poseidon,condorpool,poseidon-worker-2-container-44-47,get_sm,/srv/get_sm,,1.9,0,0,,,,,,,,,
get_sm_ID0000025,None,compute,0,1711955425.0,,,1711955430.0,1711955438.0,1711955456.0,43983257.6,1711955437.0,1711955475.0,1711955463.0,1711955466.0,222082.0,1711955475.0,1711955480.0,5.0,,7.0,38.0,5.0,18.0,447555942.0,3.0,712778.0,poseidon,condorpool,poseidon-worker-2-container-32-35,get_sm,/srv/get_sm,,1.9,0,0,,,,,,,,,
get_sm_ID0000015,hdd_5,compute,0,1711955425.0,,,1711955430.0,1711955438.0,1711955542.0,30597225.1,1711955437.0,1711955570.0,1711955556.0,1711955559.0,164941.0,1711955570.0,1711955575.0,5.0,,7.0,133.0,5.0,104.0,440090843.0,3.0,551360.0,poseidon,condorpool,poseidon-worker-1-container-44-47,get_sm,/srv/get_sm,,1.9,0,0,,,,,,,,,
get_sm_ID0000026,None,compute,0,1711955425.0,,,1711955430.0,1711955438.0,1711955457.0,34467951.9,1711955437.0,1711955475.0,1711955464.0,1711955468.0,191194.0,1711955475.0,1711955480.0,5.0,,7.0,38.0,5.0,19.0,442257808.0,4.0,608523.0,poseidon,condorpool,poseidon-worker-2-container-0-3,get_sm,/srv/get_sm,,1.9,0,0,,,,,,,,,
get_sm_ID0000016,None,compute,0,1711955425.0,,,1711955430.0,1711955438.0,1711955455.0,41778586.2,1711955437.0,1711955475.0,1711955462.0,1711955465.0,168582.0,1711955475.0,1711955480.0,5.0,,7.0,38.0,5.0,17.0,436178789.0,3.0,550490.0,poseidon,condorpool,poseidon-worker-2-container-36-39,get_sm,/srv/get_sm,,1.8,0,0,,,,,,,,,
get_sm_ID0000017,None,compute,0,1711955425.0,,,1711955430.0,1711955438.0,1711955536.0,4137777.4,1711955437.0,1711955565.0,1711955556.0,1711955559.0,183762.0,1711955565.0,1711955570.0,5.0,,7.0,128.0,5.0,98.0,444771924.0,3.0,613264.0,poseidon,condorpool,poseidon-worker-1-container-28-31,get_sm,/srv/get_sm,,2.1,0,0,,,,,,,,,
get_sm_ID0000018,hdd_5,compute,0,1711955425.0,,,1711955430.0,1711955438.0,1711955542.0,32727414.9,1711955437.0,1711955570.0,1711955556.0,1711955559.0,217700.0,1711955570.0,1711955575.0,5.0,,7.0,133.0,5.0,104.0,449409643.0,3.0,716593.0,poseidon,condorpool,poseidon-worker-1-container-20-23,get_sm,/srv/get_sm,,1.9,0,0,,,,,,,,,
get_sm_ID0000019,None,compute,0,1711955425.0,,,1711955430.0,1711955438.0,1711955536.0,4450873.5,1711955437.0,1711955570.0,1711955556.0,1711955559.0,256925.0,1711955570.0,1711955575.0,5.0,,7.0,133.0,5.0,98.0,459739344.0,3.0,873152.0,poseidon,condorpool,poseidon-worker-1-container-32-35,get_sm,/srv/get_sm,,2.1,0,0,,,,,,,,,
merge_ID0000001,None,compute,0,1711955425.0,,,1711955430.0,1711955438.0,1711955458.0,128697430.7,1711955437.0,1711955515.0,1711955491.0,1711955506.0,91545913.0,1711955515.0,1711955520.0,5.0,,7.0,78.0,5.0,20.0,1726068480.0,15.0,1298102725.0,poseidon,condorpool,poseidon-worker-2-container-40-43,merge,/srv/merge,,41.0,0,0,0.0,979654516.0,1294597442.0,10765.0,39542.0,34.4,2.1,48982725.8,64729872.1
reproject_ID0000002,None,compute,0,1711955520.0,,,1711955525.0,1711955532.0,1711955552.0,145584733.6,1711955532.0,1711955610.0,1711955589.0,1711955601.0,88433769.0,1711955610.0,1711955615.0,5.0,,7.0,78.0,5.0,20.0,1696973986.0,12.0,1125581407.0,poseidon,condorpool,poseidon-worker-1-container-0-3,reproject,/srv/reproject,,52.4,0,0,0.0,1441586606.0,511685311.0,47456.0,15646.0,33.6,4.2,72079330.3,25584265.6
reproject_ID0000011,None,compute,0,1711955520.0,,,1711955525.0,1711955526.0,1711955545.0,142049292.3,1711955525.0,1711955605.0,1711955581.0,1711955595.0,91273254.0,1711955605.0,1711955610.0,5.0,,0.0,80.0,5.0,19.0,1696973136.0,14.0,1298118839.0,poseidon,condorpool,poseidon-worker-2-container-40-43,reproject,/srv/reproject,,54.6,0,0,0.0,1309044156.0,1295252805.0,17726.0,39564.0,44.6,3.8,65452207.8,64762640.2
stage_out_local_condorpool_0_1,None,transfer,0,1711955575.0,,,1711955580.0,,,0.0,1711955580.0,1711955585.0,,,0.0,1711955585.0,1711955590.0,5.0,,0.0,5.0,5.0,,,,,poseidon,local,poseidon-submit,pegasus::transfer,/mnt/poseidon-data/poseidon/pegasus-5.1.0panorama/bin/pegasus-transfer,/home/poseidon/pegasus-5.1.0panorama/bin/../bin/pegasus-kickstart  -n pegasus::transfer -N null -i - -R local  -L somospie -T 2024-03-27T17:59:14+00:00 /home/poseidon/pegasus-5.1.0panorama/bin/../bin/pegasus-transfer  --threads 2,0.7,0,0,,,,,,,,,
stage_out_local_condorpool_0_0,None,transfer,0,1711955575.0,,,1711955580.0,,,0.0,1711955580.0,1711955590.0,,,0.0,1711955590.0,1711955595.0,5.0,,0.0,10.0,5.0,,,,,poseidon,local,poseidon-submit,pegasus::transfer,/mnt/poseidon-data/poseidon/pegasus-5.1.0panorama/bin/pegasus-transfer,/home/poseidon/pegasus-5.1.0panorama/bin/../bin/pegasus-kickstart  -n pegasus::transfer -N null -i - -R local  -L somospie -T 2024-03-27T17:59:14+00:00 /home/poseidon/pegasus-5.1.0panorama/bin/../bin/pegasus-transfer  --threads 2,3.9,0,0,,,,,,,,,
register_condorpool_0_1,None,auxiliary,0,1711955590.0,,,1711955595.0,,,0.0,1711955595.0,1711955600.0,,,0.0,1711955600.0,1711955605.0,5.0,,0.0,5.0,5.0,,,,,poseidon,local,poseidon-submit,pegasus::rc-client,/mnt/poseidon-data/poseidon/pegasus-5.1.0panorama/bin/pegasus-rc-client,"-n pegasus::rc-client -N null -R local  -L somospie -T 2024-03-27T17:59:14+00:00 /home/poseidon/pegasus-5.1.0panorama/bin/pegasus-rc-client --prefix pegasus.catalog.replica.output --conf /mnt/poseidon-data/poseidon/workflows/SOMOSPIE/SOMOSPIE_pegasus/CombinedPipeline/submit/poseidon/pegasus/somospie/run0325/pegasus.1271535704132965283.properties -v --meta /mnt/poseidon-data/poseidon/workflows/SOMOSPIE/SOMOSPIE_pegasus/CombinedPipeline/submit/poseidon/pegasus/somospie/run0325/00/00/get_sm_ID0000020.meta,/mnt/poseidon-data/poseidon/workflows/SOMOSPIE/SOMOSPIE_pegasus/CombinedPipeline/submit/poseidon/pegasus/somospie/run0325/00/00/get_sm_ID0000024.meta,/mnt/poseidon-data/poseidon/workflows/SOMOSPIE/SOMOSPIE_pegasus/CombinedPipeline/submit/poseidon/pegasus/somospie/run0325/00/00/get_sm_ID0000026.meta,/mnt/poseidon-data/poseidon/workflows/SOMOSPIE/SOMOSPIE_pegasus/CombinedPipeline/submit/poseidon/pegasus/somospie/run0325/00/00/get_sm_ID0000019.meta,/mnt/poseidon-data/poseidon/workflows/SOMOSPIE/SOMOSPIE_pegasus/CombinedPipeline/submit/poseidon/pegasus/somospie/run0325/00/00/get_sm_ID0000016.meta,/mnt/poseidon-data/poseidon/workflows/SOMOSPIE/SOMOSPIE_pegasus/CombinedPipeline/submit/poseidon/pegasus/somospie/run0325/00/00/get_sm_ID0000022.meta --insert /mnt/poseidon-data/poseidon/workflows/SOMOSPIE/SOMOSPIE_pegasus/CombinedPipeline/submit/poseidon/pegasus/somospie/run0325/00/00/register_condorpool_0_1.in",2.8,0,0,,,,,,,,,
register_condorpool_0_0,None,auxiliary,0,1711955595.0,,,1711955605.0,,,0.0,1711955605.0,1711955610.0,,,0.0,1711955610.0,1711955615.0,10.0,,0.0,5.0,5.0,,,,,poseidon,local,poseidon-submit,pegasus::rc-client,/mnt/poseidon-data/poseidon/pegasus-5.1.0panorama/bin/pegasus-rc-client,"-n pegasus::rc-client -N null -R local  -L somospie -T 2024-03-27T17:59:14+00:00 /home/poseidon/pegasus-5.1.0panorama/bin/pegasus-rc-client --prefix pegasus.catalog.replica.output --conf /mnt/poseidon-data/poseidon/workflows/SOMOSPIE/SOMOSPIE_pegasus/CombinedPipeline/submit/poseidon/pegasus/somospie/run0325/pegasus.1271535704132965283.properties -v --meta /mnt/poseidon-data/poseidon/workflows/SOMOSPIE/SOMOSPIE_pegasus/CombinedPipeline/submit/poseidon/pegasus/somospie/run0325/00/00/get_sm_ID0000015.meta,/mnt/poseidon-data/poseidon/workflows/SOMOSPIE/SOMOSPIE_pegasus/CombinedPipeline/submit/poseidon/pegasus/somospie/run0325/00/00/get_sm_ID0000023.meta,/mnt/poseidon-data/poseidon/workflows/SOMOSPIE/SOMOSPIE_pegasus/CombinedPipeline/submit/poseidon/pegasus/somospie/run0325/00/00/get_sm_ID0000018.meta,/mnt/poseidon-data/poseidon/workflows/SOMOSPIE/SOMOSPIE_pegasus/CombinedPipeline/submit/poseidon/pegasus/somospie/run0325/00/00/get_sm_ID0000017.meta,/mnt/poseidon-data/poseidon/workflows/SOMOSPIE/SOMOSPIE_pegasus/CombinedPipeline/submit/poseidon/pegasus/somospie/run0325/00/00/merge_ID0000001.meta,/mnt/poseidon-data/poseidon/workflows/SOMOSPIE/SOMOSPIE_pegasus/CombinedPipeline/submit/poseidon/pegasus/somospie/run0325/00/00/get_sm_ID0000021.meta,/mnt/poseidon-data/poseidon/workflows/SOMOSPIE/SOMOSPIE_pegasus/CombinedPipeline/submit/poseidon/pegasus/somospie/run0325/00/00/get_sm_ID0000025.meta --insert /mnt/poseidon-data/poseidon/workflows/SOMOSPIE/SOMOSPIE_pegasus/CombinedPipeline/submit/poseidon/pegasus/somospie/run0325/00/00/register_condorpool_0_0.in",2.8,0,0,,,,,,,,,
stage_out_local_condorpool_1_0,None,transfer,0,1711955615.0,,,1711955620.0,,,0.0,1711955620.0,1711955630.0,,,0.0,1711955630.0,1711955635.0,5.0,,0.0,10.0,5.0,,,,,poseidon,local,poseidon-submit,pegasus::transfer,/mnt/poseidon-data/poseidon/pegasus-5.1.0panorama/bin/pegasus-transfer,/home/poseidon/pegasus-5.1.0panorama/bin/../bin/pegasus-kickstart  -n pegasus::transfer -N null -i - -R local  -L somospie -T 2024-03-27T17:59:14+00:00 /home/poseidon/pegasus-5.1.0panorama/bin/../bin/pegasus-transfer  --threads 2,6.2,0,0,,,,,,,,,
crop_ID0000009,None,compute,0,1711955615.0,,,1711955620.0,1711955621.0,1711955640.0,132479479.6,1711955621.0,1711955665.0,1711955651.0,1711955655.0,24392549.0,1711955665.0,1711955670.0,5.0,,1.0,44.0,5.0,19.0,1524452582.0,4.0,99654844.0,poseidon,condorpool,poseidon-worker-2-container-40-43,crop,/srv/crop,,2.8,0,0,,,,,,,,,
crop_ID0000007,None,compute,0,1711955615.0,,,1711955620.0,1711955621.0,1711955640.0,134258367.0,1711955621.0,1711955665.0,1711955652.0,1711955657.0,40209956.0,1711955665.0,1711955670.0,5.0,,1.0,44.0,5.0,19.0,1524452582.0,5.0,194227221.0,poseidon,condorpool,poseidon-worker-1-container-0-3,crop,/srv/crop,,3.9,0,0,,,,,,,,,
crop_ID0000005,None,compute,0,1711955615.0,,,1711955620.0,1711955641.0,1711955660.0,142770172.5,1711955641.0,1711955680.0,1711955669.0,1711955672.0,1325851.0,1711955680.0,1711955685.0,5.0,,21.0,39.0,5.0,19.0,1524452582.0,3.0,4263385.0,poseidon,condorpool,poseidon-worker-1-container-0-3,crop,/srv/crop,,1.8,0,0,,,,,,,,,
crop_ID0000003,None,compute,0,1711955615.0,,,1711955620.0,1711955641.0,1711955659.0,144155212.0,1711955641.0,1711955680.0,1711955669.0,1711955672.0,771485.0,1711955680.0,1711955685.0,5.0,,21.0,39.0,5.0,18.0,1524452582.0,3.0,2530349.0,poseidon,condorpool,poseidon-worker-2-container-40-43,crop,/srv/crop,,1.8,0,0,,,,,,,,,
register_condorpool_1_0,None,auxiliary,0,1711955635.0,,,1711955640.0,,,0.0,1711955646.0,1711955650.0,,,0.0,1711955650.0,1711955655.0,5.0,,6.0,4.0,5.0,,,,,poseidon,local,poseidon-submit,pegasus::rc-client,/mnt/poseidon-data/poseidon/pegasus-5.1.0panorama/bin/pegasus-rc-client,"-n pegasus::rc-client -N null -R local  -L somospie -T 2024-03-27T17:59:14+00:00 /home/poseidon/pegasus-5.1.0panorama/bin/pegasus-rc-client --prefix pegasus.catalog.replica.output --conf /mnt/poseidon-data/poseidon/workflows/SOMOSPIE/SOMOSPIE_pegasus/CombinedPipeline/submit/poseidon/pegasus/somospie/run0325/pegasus.1271535704132965283.properties -v --meta /mnt/poseidon-data/poseidon/workflows/SOMOSPIE/SOMOSPIE_pegasus/CombinedPipeline/submit/poseidon/pegasus/somospie/run0325/00/00/reproject_ID0000011.meta,/mnt/poseidon-data/poseidon/workflows/SOMOSPIE/SOMOSPIE_pegasus/CombinedPipeline/submit/poseidon/pegasus/somospie/run0325/00/00/reproject_ID0000002.meta --insert /mnt/poseidon-data/poseidon/workflows/SOMOSPIE/SOMOSPIE_pegasus/CombinedPipeline/submit/poseidon/pegasus/somospie/run0325/00/00/register_condorpool_1_0.in",2.7,0,0,,,,,,,,,
compute_ID0000008,None,compute,0,1711955670.0,,,1711955675.0,1711955676.0,1711955691.0,78645673.0,1711955675.0,1711955731.0,1711955714.0,1711955722.0,67779725.0,1711955731.0,1711955736.0,5.0,,0.0,56.0,5.0,15.0,593097933.0,8.0,506706062.0,poseidon,condorpool,poseidon-worker-1-container-0-3,compute,/srv/compute,,17.7,0,0,0.0,325156316.0,352562274.0,4112.0,10776.0,9.2,0.8,32515631.6,35256227.4
compute_ID0000010,None,compute,0,1711955670.0,,,1711955675.0,1711955676.0,1711955690.0,69815347.7,1711955675.0,1711955721.0,1711955708.0,1711955713.0,46195090.0,1711955721.0,1711955726.0,5.0,,0.0,46.0,5.0,14.0,498525556.0,5.0,250017804.0,poseidon,condorpool,poseidon-worker-2-container-40-43,compute,/srv/compute,,11.8,0,0,0.0,304744728.0,241833701.0,4565.0,7406.0,9.2,0.7,30474472.8,24183370.1
stage_out_local_condorpool_2_0,None,transfer,0,1711955685.0,,,1711955690.0,,,0.0,1711955690.0,1711955695.0,,,0.0,1711955695.0,1711955700.0,5.0,,0.0,5.0,5.0,,,,,poseidon,local,poseidon-submit,pegasus::transfer,/mnt/poseidon-data/poseidon/pegasus-5.1.0panorama/bin/pegasus-transfer,/home/poseidon/pegasus-5.1.0panorama/bin/../bin/pegasus-kickstart  -n pegasus::transfer -N null -i - -R local  -L somospie -T 2024-03-27T17:59:14+00:00 /home/poseidon/pegasus-5.1.0panorama/bin/../bin/pegasus-transfer  --threads 2,1.2,0,0,,,,,,,,,
compute_ID0000004,None,compute,0,1711955685.0,,,1711955690.0,1711955701.0,1711955715.0,61975551.7,1711955701.0,1711955736.0,1711955725.0,1711955728.0,1618980.0,1711955736.0,1711955741.0,5.0,,11.0,35.0,5.0,14.0,401401061.0,3.0,5326886.0,poseidon,condorpool,poseidon-worker-2-container-24-27,compute,/srv/compute,,5.2,0,0,,,,,,,,,
compute_ID0000006,None,compute,0,1711955685.0,,,1711955690.0,1711955701.0,1711955715.0,62254320.7,1711955701.0,1711955736.0,1711955725.0,1711955728.0,2929329.0,1711955736.0,1711955741.0,5.0,,11.0,35.0,5.0,14.0,403134097.0,3.0,9696865.0,poseidon,condorpool,poseidon-worker-1-container-40-43,compute,/srv/compute,,5.5,0,0,,,,,,,,,
register_condorpool_2_0,None,auxiliary,0,1711955700.0,,,1711955705.0,,,0.0,1711955706.0,1711955710.0,,,0.0,1711955710.0,1711955715.0,5.0,,1.0,4.0,5.0,,,,,poseidon,local,poseidon-submit,pegasus::rc-client,/mnt/poseidon-data/poseidon/pegasus-5.1.0panorama/bin/pegasus-rc-client,"-n pegasus::rc-client -N null -R local  -L somospie -T 2024-03-27T17:59:14+00:00 /home/poseidon/pegasus-5.1.0panorama/bin/pegasus-rc-client --prefix pegasus.catalog.replica.output --conf /mnt/poseidon-data/poseidon/workflows/SOMOSPIE/SOMOSPIE_pegasus/CombinedPipeline/submit/poseidon/pegasus/somospie/run0325/pegasus.1271535704132965283.properties -v --meta /mnt/poseidon-data/poseidon/workflows/SOMOSPIE/SOMOSPIE_pegasus/CombinedPipeline/submit/poseidon/pegasus/somospie/run0325/00/00/crop_ID0000007.meta,/mnt/poseidon-data/poseidon/workflows/SOMOSPIE/SOMOSPIE_pegasus/CombinedPipeline/submit/poseidon/pegasus/somospie/run0325/00/00/crop_ID0000009.meta,/mnt/poseidon-data/poseidon/workflows/SOMOSPIE/SOMOSPIE_pegasus/CombinedPipeline/submit/poseidon/pegasus/somospie/run0325/00/00/crop_ID0000003.meta,/mnt/poseidon-data/poseidon/workflows/SOMOSPIE/SOMOSPIE_pegasus/CombinedPipeline/submit/poseidon/pegasus/somospie/run0325/00/00/crop_ID0000005.meta --insert /mnt/poseidon-data/poseidon/workflows/SOMOSPIE/SOMOSPIE_pegasus/CombinedPipeline/submit/poseidon/pegasus/somospie/run0325/00/00/register_condorpool_2_0.in",2.7,0,0,,,,,,,,,
stage_out_local_condorpool_3_0,None,transfer,0,1711955741.0,,,1711955746.0,,,0.0,1711955746.0,1711955756.0,,,0.0,1711955756.0,1711955761.0,5.0,,0.0,10.0,5.0,,,,,poseidon,local,poseidon-submit,pegasus::transfer,/mnt/poseidon-data/poseidon/pegasus-5.1.0panorama/bin/pegasus-transfer,/home/poseidon/pegasus-5.1.0panorama/bin/../bin/pegasus-kickstart  -n pegasus::transfer -N null -i - -R local  -L somospie -T 2024-03-27T17:59:14+00:00 /home/poseidon/pegasus-5.1.0panorama/bin/../bin/pegasus-transfer  --threads 2,3.0,0,0,,,,,,,,,
merge_avg_ID0000014,None,compute,0,1711955741.0,,,1711955746.0,1711955747.0,1711955763.0,84609655.5,1711955747.0,1711955816.0,1711955804.0,1711955810.0,53104058.0,1711955816.0,1711955821.0,5.0,,1.0,69.0,5.0,16.0,737559838.0,6.0,309527239.0,poseidon,condorpool,poseidon-worker-1-container-40-43,merge_avg,/srv/merge_avg,,45.3,0,0,0.0,1095144912.0,671223230.0,48924.0,20595.0,23.2,6.7,36504830.4,22374107.7
merge_avg_ID0000012,None,compute,0,1711955741.0,,,1711955746.0,1711955747.0,1711955762.0,91602605.0,1711955747.0,1711955816.0,1711955802.0,1711955808.0,53435710.0,1711955816.0,1711955821.0,5.0,,1.0,69.0,5.0,15.0,731979063.0,6.0,304811410.0,poseidon,condorpool,poseidon-worker-2-container-24-27,merge_avg,/srv/merge_avg,,45.8,0,0,0.0,1150706357.0,671039321.0,48264.0,20602.0,27.8,7.6,38356878.6,22367977.4
merge_avg_ID0000013,None,compute,0,1711955741.0,,,1711955746.0,1711955747.0,1711955762.0,62495955.9,1711955747.0,1711955811.0,1711955799.0,1711955803.0,24097434.0,1711955811.0,1711955816.0,5.0,,1.0,64.0,5.0,15.0,498824437.0,4.0,98388765.0,poseidon,condorpool,poseidon-worker-2-container-40-43,merge_avg,/srv/merge_avg,,41.7,0,0,0.0,456095915.0,249595663.0,48005.0,7744.0,28.1,7.3,15203197.2,8319855.4
register_condorpool_3_0,None,auxiliary,0,1711955761.0,,,1711955766.0,,,0.0,1711955766.0,1711955771.0,,,0.0,1711955771.0,1711955776.0,5.0,,0.0,5.0,5.0,,,,,poseidon,local,poseidon-submit,pegasus::rc-client,/mnt/poseidon-data/poseidon/pegasus-5.1.0panorama/bin/pegasus-rc-client,"-n pegasus::rc-client -N null -R local  -L somospie -T 2024-03-27T17:59:14+00:00 /home/poseidon/pegasus-5.1.0panorama/bin/pegasus-rc-client --prefix pegasus.catalog.replica.output --conf /mnt/poseidon-data/poseidon/workflows/SOMOSPIE/SOMOSPIE_pegasus/CombinedPipeline/submit/poseidon/pegasus/somospie/run0325/pegasus.1271535704132965283.properties -v --meta /mnt/poseidon-data/poseidon/workflows/SOMOSPIE/SOMOSPIE_pegasus/CombinedPipeline/submit/poseidon/pegasus/somospie/run0325/00/00/compute_ID0000010.meta,/mnt/poseidon-data/poseidon/workflows/SOMOSPIE/SOMOSPIE_pegasus/CombinedPipeline/submit/poseidon/pegasus/somospie/run0325/00/00/compute_ID0000004.meta,/mnt/poseidon-data/poseidon/workflows/SOMOSPIE/SOMOSPIE_pegasus/CombinedPipeline/submit/poseidon/pegasus/somospie/run0325/00/00/compute_ID0000006.meta,/mnt/poseidon-data/poseidon/workflows/SOMOSPIE/SOMOSPIE_pegasus/CombinedPipeline/submit/poseidon/pegasus/somospie/run0325/00/00/compute_ID0000008.meta --insert /mnt/poseidon-data/poseidon/workflows/SOMOSPIE/SOMOSPIE_pegasus/CombinedPipeline/submit/poseidon/pegasus/somospie/run0325/00/00/register_condorpool_3_0.in",2.7,0,0,,,,,,,,,
generate_eval_ID0000039,None,compute,0,1711955821.0,,,1711955826.0,1711955827.0,1711955930.0,24974051.7,1711955827.0,1711956341.0,1711956329.0,1711956333.0,2587509.0,1711956341.0,1711956346.0,5.0,,1.0,514.0,5.0,103.0,2410452250.0,4.0,9068473.0,poseidon,condorpool,poseidon-worker-1-container-32-35,generate_eval,/srv/generate_eval,,8.2,0,0,,,,,,,,,
generate_train_ID0000032,hdd_5,compute,0,1711955821.0,,,1711955826.0,1711955827.0,1711955934.0,122397991.2,1711955827.0,1711956341.0,1711956329.0,1711956333.0,365361.0,1711956341.0,1711956346.0,5.0,,1.0,514.0,5.0,107.0,2411396929.0,4.0,1265871.0,poseidon,condorpool,poseidon-worker-1-container-20-23,generate_train,/srv/generate_train,,0.9,0,0,,,,,,,,,
generate_eval_ID0000042,None,compute,0,1711955821.0,,,1711955826.0,1711955827.0,1711955930.0,24930335.5,1711955827.0,1711956341.0,1711956329.0,1711956335.0,44558296.0,1711956341.0,1711956346.0,5.0,,1.0,514.0,5.0,103.0,2410452250.0,6.0,240602325.0,poseidon,condorpool,poseidon-worker-1-container-28-31,generate_eval,/srv/generate_eval,,11.9,0,0,0.0,238206624.0,237779212.0,4049.0,7297.0,9.1,0.9,23820662.4,23777921.2
generate_train_ID0000031,None,compute,0,1711955821.0,,,1711955826.0,1711955827.0,1711955850.0,152039704.2,1711955827.0,1711955871.0,1711955861.0,1711955864.0,355622.0,1711955871.0,1711955876.0,5.0,,1.0,44.0,5.0,23.0,2411324399.0,3.0,1175014.0,poseidon,condorpool,poseidon-worker-2-container-36-39,generate_train,/srv/generate_train,,0.8,0,0,,,,,,,,,
generate_train_ID0000030,None,compute,0,1711955821.0,,,1711955826.0,1711955827.0,1711955852.0,138005448.6,1711955827.0,1711955876.0,1711955863.0,1711955866.0,303351.0,1711955876.0,1711955881.0,5.0,,1.0,49.0,5.0,25.0,2411167840.0,3.0,973028.0,poseidon,condorpool,poseidon-worker-2-container-0-3,generate_train,/srv/generate_train,,0.8,0,0,,,,,,,,,
generate_eval_ID0000040,hdd_5,compute,0,1711955821.0,,,1711955826.0,1711955827.0,1711955933.0,147269157.6,1711955827.0,1711956341.0,1711956329.0,1711956333.0,2341218.0,1711956341.0,1711956346.0,5.0,,1.0,514.0,5.0,106.0,2410452250.0,4.0,8350187.0,poseidon,condorpool,poseidon-worker-1-container-44-47,generate_eval,/srv/generate_eval,,7.5,0,0,,,,,,,,,
generate_eval_ID0000041,None,compute,0,1711955821.0,,,1711955826.0,1711955827.0,1711955852.0,136151209.4,1711955827.0,1711955896.0,1711955880.0,1711955888.0,70779213.0,1711955896.0,1711955901.0,5.0,,1.0,69.0,5.0,25.0,2410452250.0,8.0,561272484.0,poseidon,condorpool,poseidon-worker-2-container-32-35,generate_eval,/srv/generate_eval,,15.8,0,0,0.0,341474020.0,328349958.0,4697.0,10056.0,9.1,0.8,34147402.0,32834995.8
generate_train_ID0000036,None,compute,0,1711955821.0,,,1711955826.0,1711955827.0,1711955851.0,146853553.0,1711955827.0,1711955871.0,1711955862.0,1711955865.0,342815.0,1711955871.0,1711955876.0,5.0,,1.0,44.0,5.0,24.0,2411281478.0,3.0,1118721.0,poseidon,condorpool,poseidon-worker-2-container-44-47,generate_train,/srv/generate_train,,0.8,0,0,,,,,,,,,
generate_train_ID0000034,None,compute,0,1711955821.0,,,1711955826.0,1711955827.0,1711955930.0,24843359.4,1711955827.0,1711956341.0,1711956329.0,1711956333.0,373862.0,1711956341.0,1711956346.0,5.0,,1.0,514.0,5.0,103.0,2411404099.0,4.0,1275159.0,poseidon,condorpool,poseidon-worker-1-container-0-3,generate_train,/srv/generate_train,,0.9,0,0,,,,,,,,,
generate_train_ID0000033,None,compute,0,1711955821.0,,,1711955826.0,1711955828.0,1711955866.0,79497680.5,1711955827.0,1711955886.0,1711955877.0,1711955880.0,388844.0,1711955886.0,1711955891.0,5.0,,1.0,59.0,5.0,38.0,2411402752.0,3.0,1274805.0,poseidon,condorpool,poseidon-worker-2-container-40-43,generate_train,/srv/generate_train,,0.9,0,0,,,,,,,,,
generate_train_ID0000029,None,compute,0,1711955821.0,,,1711955826.0,1711955828.0,1711955870.0,67555032.0,1711955827.0,1711955891.0,1711955881.0,1711955884.0,262818.0,1711955891.0,1711955896.0,5.0,,1.0,64.0,5.0,42.0,2411064511.0,3.0,843408.0,poseidon,condorpool,poseidon-worker-2-container-24-27,generate_train,/srv/generate_train,,0.8,0,0,,,,,,,,,
generate_train_ID0000028,None,compute,0,1711955821.0,,,1711955826.0,1711955828.0,1711955936.0,110422618.0,1711955827.0,1711956341.0,1711956329.0,1711956333.0,222265.0,1711956341.0,1711956346.0,5.0,,1.0,514.0,5.0,108.0,2411001737.0,4.0,762584.0,poseidon,condorpool,poseidon-worker-1-container-40-43,generate_train,/srv/generate_train,,0.8,0,0,,,,,,,,,
stage_out_local_condorpool_4_0,None,transfer,0,1711955821.0,,,1711955826.0,,,0.0,1711955826.0,1711955831.0,,,0.0,1711955831.0,1711955836.0,5.0,,0.0,5.0,5.0,,,,,poseidon,local,poseidon-submit,pegasus::transfer,/mnt/poseidon-data/poseidon/pegasus-5.1.0panorama/bin/pegasus-transfer,/home/poseidon/pegasus-5.1.0panorama/bin/../bin/pegasus-kickstart  -n pegasus::transfer -N null -i - -R local  -L somospie -T 2024-03-27T17:59:14+00:00 /home/poseidon/pegasus-5.1.0panorama/bin/../bin/pegasus-transfer  --threads 2,2.3,0,0,,,,,,,,,
generate_train_ID0000027,None,compute,0,1711955821.0,,,1711955826.0,1711955827.0,1711955869.0,70473493.8,1711955826.0,1711955891.0,1711955879.0,1711955882.0,239048.0,1711955891.0,1711955896.0,5.0,,0.0,65.0,5.0,42.0,2411002607.0,3.0,764017.0,poseidon,condorpool,poseidon-worker-2-container-40-43,generate_train,/srv/generate_train,,0.8,0,0,,,,,,,,,
generate_train_ID0000038,None,compute,0,1711955821.0,,,1711955826.0,1711955828.0,1711955872.0,64498158.3,1711955826.0,1711955896.0,1711955883.0,1711955886.0,262789.0,1711955896.0,1711955901.0,5.0,,0.0,70.0,5.0,44.0,2411059770.0,3.0,837547.0,poseidon,condorpool,poseidon-worker-2-container-24-27,generate_train,/srv/generate_train,,0.8,0,0,,,,,,,,,
generate_train_ID0000037,None,compute,0,1711955821.0,,,1711955826.0,1711955827.0,1711955935.0,114483785.5,1711955826.0,1711956341.0,1711956329.0,1711956333.0,282350.0,1711956341.0,1711956346.0,5.0,,0.0,515.0,5.0,108.0,2411164025.0,4.0,969901.0,poseidon,condorpool,poseidon-worker-1-container-40-43,generate_train,/srv/generate_train,,0.8,0,0,,,,,,,,,
generate_train_ID0000035,None,compute,0,1711955821.0,,,1711955826.0,1711955827.0,1711955933.0,123511956.6,1711955827.0,1711956341.0,1711956329.0,1711956333.0,369904.0,1711956341.0,1711956346.0,5.0,,1.0,514.0,5.0,106.0,2411394544.0,4.0,1261244.0,poseidon,condorpool,poseidon-worker-1-container-36-39,generate_train,/srv/generate_train,,0.9,0,0,,,,,,,,,
register_condorpool_4_0,None,auxiliary,0,1711955836.0,,,1711955841.0,,,0.0,1711955841.0,1711955846.0,,,0.0,1711955846.0,1711955851.0,5.0,,0.0,5.0,5.0,,,,,poseidon,local,poseidon-submit,pegasus::rc-client,/mnt/poseidon-data/poseidon/pegasus-5.1.0panorama/bin/pegasus-rc-client,"-n pegasus::rc-client -N null -R local  -L somospie -T 2024-03-27T17:59:14+00:00 /home/poseidon/pegasus-5.1.0panorama/bin/pegasus-rc-client --prefix pegasus.catalog.replica.output --conf /mnt/poseidon-data/poseidon/workflows/SOMOSPIE/SOMOSPIE_pegasus/CombinedPipeline/submit/poseidon/pegasus/somospie/run0325/pegasus.1271535704132965283.properties -v --meta /mnt/poseidon-data/poseidon/workflows/SOMOSPIE/SOMOSPIE_pegasus/CombinedPipeline/submit/poseidon/pegasus/somospie/run0325/00/00/merge_avg_ID0000012.meta,/mnt/poseidon-data/poseidon/workflows/SOMOSPIE/SOMOSPIE_pegasus/CombinedPipeline/submit/poseidon/pegasus/somospie/run0325/00/00/merge_avg_ID0000014.meta,/mnt/poseidon-data/poseidon/workflows/SOMOSPIE/SOMOSPIE_pegasus/CombinedPipeline/submit/poseidon/pegasus/somospie/run0325/00/00/merge_avg_ID0000013.meta --insert /mnt/poseidon-data/poseidon/workflows/SOMOSPIE/SOMOSPIE_pegasus/CombinedPipeline/submit/poseidon/pegasus/somospie/run0325/00/00/register_condorpool_4_0.in",2.7,0,0,,,,,,,,,
stage_out_local_condorpool_5_0,None,transfer,0,1711956346.0,,,1711956351.0,,,0.0,1711956351.0,1711956361.0,,,0.0,1711956361.0,1711956366.0,5.0,,0.0,10.0,5.0,,,,,poseidon,local,poseidon-submit,pegasus::transfer,/mnt/poseidon-data/poseidon/pegasus-5.1.0panorama/bin/pegasus-transfer,/home/poseidon/pegasus-5.1.0panorama/bin/../bin/pegasus-kickstart  -n pegasus::transfer -N null -i - -R local  -L somospie -T 2024-03-27T17:59:14+00:00 /home/poseidon/pegasus-5.1.0panorama/bin/../bin/pegasus-transfer  --threads 2,3.6,0,0,,,,,,,,,
stage_out_local_condorpool_5_1,None,transfer,0,1711956346.0,,,1711956351.0,,,0.0,1711956351.0,1711956356.0,,,0.0,1711956356.0,1711956361.0,5.0,,0.0,5.0,5.0,,,,,poseidon,local,poseidon-submit,pegasus::transfer,/mnt/poseidon-data/poseidon/pegasus-5.1.0panorama/bin/pegasus-transfer,/home/poseidon/pegasus-5.1.0panorama/bin/../bin/pegasus-kickstart  -n pegasus::transfer -N null -i - -R local  -L somospie -T 2024-03-27T17:59:14+00:00 /home/poseidon/pegasus-5.1.0panorama/bin/../bin/pegasus-transfer  --threads 2,1.5,0,0,,,,,,,,,
register_condorpool_5_1,None,auxiliary,0,1711956361.0,,,1711956366.0,,,0.0,1711956366.0,1711956371.0,,,0.0,1711956371.0,1711956376.0,5.0,,0.0,5.0,5.0,,,,,poseidon,local,poseidon-submit,pegasus::rc-client,/mnt/poseidon-data/poseidon/pegasus-5.1.0panorama/bin/pegasus-rc-client,"-n pegasus::rc-client -N null -R local  -L somospie -T 2024-03-27T17:59:14+00:00 /home/poseidon/pegasus-5.1.0panorama/bin/pegasus-rc-client --prefix pegasus.catalog.replica.output --conf /mnt/poseidon-data/poseidon/workflows/SOMOSPIE/SOMOSPIE_pegasus/CombinedPipeline/submit/poseidon/pegasus/somospie/run0325/pegasus.1271535704132965283.properties -v --meta /mnt/poseidon-data/poseidon/workflows/SOMOSPIE/SOMOSPIE_pegasus/CombinedPipeline/submit/poseidon/pegasus/somospie/run0325/00/00/generate_train_ID0000038.meta,/mnt/poseidon-data/poseidon/workflows/SOMOSPIE/SOMOSPIE_pegasus/CombinedPipeline/submit/poseidon/pegasus/somospie/run0325/00/00/generate_train_ID0000037.meta,/mnt/poseidon-data/poseidon/workflows/SOMOSPIE/SOMOSPIE_pegasus/CombinedPipeline/submit/poseidon/pegasus/somospie/run0325/00/00/generate_train_ID0000028.meta,/mnt/poseidon-data/poseidon/workflows/SOMOSPIE/SOMOSPIE_pegasus/CombinedPipeline/submit/poseidon/pegasus/somospie/run0325/00/01/generate_eval_ID0000041.meta,/mnt/poseidon-data/poseidon/workflows/SOMOSPIE/SOMOSPIE_pegasus/CombinedPipeline/submit/poseidon/pegasus/somospie/run0325/00/01/generate_train_ID0000032.meta,/mnt/poseidon-data/poseidon/workflows/SOMOSPIE/SOMOSPIE_pegasus/CombinedPipeline/submit/poseidon/pegasus/somospie/run0325/00/01/generate_train_ID0000035.meta,/mnt/poseidon-data/poseidon/workflows/SOMOSPIE/SOMOSPIE_pegasus/CombinedPipeline/submit/poseidon/pegasus/somospie/run0325/00/01/generate_eval_ID0000040.meta,/mnt/poseidon-data/poseidon/workflows/SOMOSPIE/SOMOSPIE_pegasus/CombinedPipeline/submit/poseidon/pegasus/somospie/run0325/00/01/generate_train_ID0000031.meta,/mnt/poseidon-data/poseidon/workflows/SOMOSPIE/SOMOSPIE_pegasus/CombinedPipeline/submit/poseidon/pegasus/somospie/run0325/00/01/generate_train_ID0000036.meta,/mnt/poseidon-data/poseidon/workflows/SOMOSPIE/SOMOSPIE_pegasus/CombinedPipeline/submit/poseidon/pegasus/somospie/run0325/00/01/generate_eval_ID0000042.meta,/mnt/poseidon-data/poseidon/workflows/SOMOSPIE/SOMOSPIE_pegasus/CombinedPipeline/submit/poseidon/pegasus/somospie/run0325/00/00/generate_train_ID0000029.meta,/mnt/poseidon-data/poseidon/workflows/SOMOSPIE/SOMOSPIE_pegasus/CombinedPipeline/submit/poseidon/pegasus/somospie/run0325/00/00/generate_train_ID0000033.meta,/mnt/poseidon-data/poseidon/workflows/SOMOSPIE/SOMOSPIE_pegasus/CombinedPipeline/submit/poseidon/pegasus/somospie/run0325/00/00/generate_train_ID0000034.meta,/mnt/poseidon-data/poseidon/workflows/SOMOSPIE/SOMOSPIE_pegasus/CombinedPipeline/submit/poseidon/pegasus/somospie/run0325/00/01/generate_train_ID0000030.meta,/mnt/poseidon-data/poseidon/workflows/SOMOSPIE/SOMOSPIE_pegasus/CombinedPipeline/submit/poseidon/pegasus/somospie/run0325/00/01/generate_eval_ID0000039.meta,/mnt/poseidon-data/poseidon/workflows/SOMOSPIE/SOMOSPIE_pegasus/CombinedPipeline/submit/poseidon/pegasus/somospie/run0325/00/00/generate_train_ID0000027.meta --insert /mnt/poseidon-data/poseidon/workflows/SOMOSPIE/SOMOSPIE_pegasus/CombinedPipeline/submit/poseidon/pegasus/somospie/run0325/00/01/register_condorpool_5_1.in",3.0,0,0,,,,,,,,,
register_condorpool_5_0,None,auxiliary,0,1711956366.0,,,1711956376.0,,,0.0,1711956376.0,1711956381.0,,,0.0,1711956381.0,1711956386.0,10.0,,0.0,5.0,5.0,,,,,poseidon,local,poseidon-submit,pegasus::rc-client,/mnt/poseidon-data/poseidon/pegasus-5.1.0panorama/bin/pegasus-rc-client,"-n pegasus::rc-client -N null -R local  -L somospie -T 2024-03-27T17:59:14+00:00 /home/poseidon/pegasus-5.1.0panorama/bin/pegasus-rc-client --prefix pegasus.catalog.replica.output --conf /mnt/poseidon-data/poseidon/workflows/SOMOSPIE/SOMOSPIE_pegasus/CombinedPipeline/submit/poseidon/pegasus/somospie/run0325/pegasus.1271535704132965283.properties -v --meta /mnt/poseidon-data/poseidon/workflows/SOMOSPIE/SOMOSPIE_pegasus/CombinedPipeline/submit/poseidon/pegasus/somospie/run0325/00/00/generate_train_ID0000038.meta,/mnt/poseidon-data/poseidon/workflows/SOMOSPIE/SOMOSPIE_pegasus/CombinedPipeline/submit/poseidon/pegasus/somospie/run0325/00/00/generate_train_ID0000037.meta,/mnt/poseidon-data/poseidon/workflows/SOMOSPIE/SOMOSPIE_pegasus/CombinedPipeline/submit/poseidon/pegasus/somospie/run0325/00/00/generate_train_ID0000028.meta,/mnt/poseidon-data/poseidon/workflows/SOMOSPIE/SOMOSPIE_pegasus/CombinedPipeline/submit/poseidon/pegasus/somospie/run0325/00/01/generate_eval_ID0000041.meta,/mnt/poseidon-data/poseidon/workflows/SOMOSPIE/SOMOSPIE_pegasus/CombinedPipeline/submit/poseidon/pegasus/somospie/run0325/00/01/generate_train_ID0000032.meta,/mnt/poseidon-data/poseidon/workflows/SOMOSPIE/SOMOSPIE_pegasus/CombinedPipeline/submit/poseidon/pegasus/somospie/run0325/00/01/generate_train_ID0000035.meta,/mnt/poseidon-data/poseidon/workflows/SOMOSPIE/SOMOSPIE_pegasus/CombinedPipeline/submit/poseidon/pegasus/somospie/run0325/00/01/generate_eval_ID0000040.meta,/mnt/poseidon-data/poseidon/workflows/SOMOSPIE/SOMOSPIE_pegasus/CombinedPipeline/submit/poseidon/pegasus/somospie/run0325/00/01/generate_train_ID0000031.meta,/mnt/poseidon-data/poseidon/workflows/SOMOSPIE/SOMOSPIE_pegasus/CombinedPipeline/submit/poseidon/pegasus/somospie/run0325/00/01/generate_train_ID0000036.meta,/mnt/poseidon-data/poseidon/workflows/SOMOSPIE/SOMOSPIE_pegasus/CombinedPipeline/submit/poseidon/pegasus/somospie/run0325/00/01/generate_eval_ID0000042.meta,/mnt/poseidon-data/poseidon/workflows/SOMOSPIE/SOMOSPIE_pegasus/CombinedPipeline/submit/poseidon/pegasus/somospie/run0325/00/00/generate_train_ID0000029.meta,/mnt/poseidon-data/poseidon/workflows/SOMOSPIE/SOMOSPIE_pegasus/CombinedPipeline/submit/poseidon/pegasus/somospie/run0325/00/00/generate_train_ID0000033.meta,/mnt/poseidon-data/poseidon/workflows/SOMOSPIE/SOMOSPIE_pegasus/CombinedPipeline/submit/poseidon/pegasus/somospie/run0325/00/00/generate_train_ID0000034.meta,/mnt/poseidon-data/poseidon/workflows/SOMOSPIE/SOMOSPIE_pegasus/CombinedPipeline/submit/poseidon/pegasus/somospie/run0325/00/01/generate_train_ID0000030.meta,/mnt/poseidon-data/poseidon/workflows/SOMOSPIE/SOMOSPIE_pegasus/CombinedPipeline/submit/poseidon/pegasus/somospie/run0325/00/01/generate_eval_ID0000039.meta,/mnt/poseidon-data/poseidon/workflows/SOMOSPIE/SOMOSPIE_pegasus/CombinedPipeline/submit/poseidon/pegasus/somospie/run0325/00/00/generate_train_ID0000027.meta --insert /mnt/poseidon-data/poseidon/workflows/SOMOSPIE/SOMOSPIE_pegasus/CombinedPipeline/submit/poseidon/pegasus/somospie/run0325/00/01/register_condorpool_5_0.in",3.0,0,0,,,,,,,,,
cleanup_somospie_0_condorpool,None,auxiliary,0,1711956366.0,,,1711956371.0,,,0.0,1711956371.0,1711956376.0,,,0.0,1711956376.0,1711956381.0,5.0,,0.0,5.0,5.0,,,,,poseidon,local,poseidon-submit,pegasus::cleanup,/mnt/poseidon-data/poseidon/pegasus-5.1.0panorama/bin/pegasus-transfer,pegasus-kickstart  -n pegasus::cleanup -N null -i - -R local  -L somospie -T 2024-03-27T17:59:14+00:00 pegasus-transfer,0.2,0,0,,,,,,,,,
