,anomaly_type,type,is_clustered,ready,pre_script_start,pre_script_end,submit,stage_in_start,stage_in_end,stage_in_effective_bytes_per_sec,execute_start,execute_end,stage_out_start,stage_out_end,stage_out_effective_bytes_per_sec,post_script_start,post_script_end,wms_delay,pre_script_delay,queue_delay,runtime,post_script_delay,stage_in_delay,stage_in_bytes,stage_out_delay,stage_out_bytes,kickstart_user,kickstart_site,kickstart_hostname,kickstart_transformations,kickstart_executables,kickstart_executables_argv,kickstart_executables_cpu_time,kickstart_status,kickstart_executables_exitcode,kickstart_online_iowait,kickstart_online_bytes_read,kickstart_online_bytes_written,kickstart_online_read_system_calls,kickstart_online_write_system_calls,kickstart_online_utime,kickstart_online_stime,kickstart_online_bytes_read_per_second,kickstart_online_bytes_written_per_second
create_dir_somospie_0_condorpool,None,auxiliary,0,1712270982.0,,,1712270983.0,,,0.0,1712270988.0,1712270993.0,,,0.0,1712270993.0,1712270998.0,1.0,,5.0,5.0,5.0,,,,,poseidon,local,poseidon-submit,pegasus::dirmanager,/mnt/poseidon-data/poseidon/pegasus-5.1.0panorama/bin/pegasus-transfer,pegasus-kickstart  -n pegasus::dirmanager -N null -i - -R local  -L somospie -T 2024-03-27T17:59:14+00:00 pegasus-transfer,0.2,0,0,,,,,,,,,
get_sm_ID0000020,None,compute,0,1712270998.0,,,1712271003.0,1712271012.0,1712271070.0,32715606.0,1712271011.0,1712271093.0,1712271082.0,1712271085.0,289261.0,1712271093.0,1712271098.0,5.0,,8.0,82.0,5.0,58.0,470635724.0,3.0,945682.0,poseidon,condorpool,poseidon-worker-1-container-44-47,get_sm,/srv/get_sm,,2.0,0,0,,,,,,,,,
get_sm_ID0000021,None,compute,0,1712270998.0,,,1712271003.0,1712271012.0,1712271065.0,9902275.2,1712271011.0,1712271093.0,1712271082.0,1712271085.0,281945.0,1712271093.0,1712271098.0,5.0,,8.0,82.0,5.0,53.0,475840244.0,3.0,951505.0,poseidon,condorpool,poseidon-worker-1-container-36-39,get_sm,/srv/get_sm,,2.1,0,0,,,,,,,,,
get_sm_ID0000022,hdd_10,compute,0,1712270998.0,,,1712271003.0,1712271012.0,1712271032.0,37438623.7,1712271011.0,1712271088.0,1712271077.0,1712271080.0,299265.0,1712271088.0,1712271093.0,5.0,,8.0,77.0,5.0,20.0,475800760.0,3.0,952852.0,poseidon,condorpool,poseidon-worker-2-container-40-43,get_sm,/srv/get_sm,,1.9,0,0,19.6,34035760.0,980872.0,7240.0,44.0,0.2,0.4,1134525.3,98087.2
get_sm_ID0000023,hdd_10,compute,0,1712270998.0,,,1712271003.0,1712271012.0,1712271034.0,35186666.5,1712271011.0,1712271088.0,1712271077.0,1712271080.0,287982.0,1712271088.0,1712271093.0,5.0,,8.0,77.0,5.0,22.0,467398273.0,3.0,943297.0,poseidon,condorpool,poseidon-worker-2-container-36-39,get_sm,/srv/get_sm,,2.0,0,0,15.8,32359118.0,1913999.0,7096.0,82.0,0.3,0.5,1078637.3,95700.0
get_sm_ID0000024,None,compute,0,1712270998.0,,,1712271003.0,1712271012.0,1712271066.0,8014377.6,1712271011.0,1712271093.0,1712271082.0,1712271085.0,249382.0,1712271093.0,1712271098.0,5.0,,8.0,82.0,5.0,54.0,457521962.0,3.0,830231.0,poseidon,condorpool,poseidon-worker-1-container-40-43,get_sm,/srv/get_sm,,2.0,0,0,,,,,,,,,
get_sm_ID0000025,hdd_10,compute,0,1712270998.0,,,1712271003.0,1712271012.0,1712271032.0,29970391.2,1712271011.0,1712271088.0,1712271077.0,1712271080.0,220612.0,1712271088.0,1712271093.0,5.0,,8.0,77.0,5.0,20.0,447555942.0,3.0,712778.0,poseidon,condorpool,poseidon-worker-2-container-44-47,get_sm,/srv/get_sm,,1.8,0,0,0.0,25118573.0,739969.0,6875.0,36.0,0.2,0.4,1255928.7,73996.9
get_sm_ID0000015,None,compute,0,1712270998.0,,,1712271003.0,1712271012.0,1712271065.0,9095710.7,1712271011.0,1712271093.0,1712271082.0,1712271085.0,163741.0,1712271093.0,1712271098.0,5.0,,8.0,82.0,5.0,53.0,440090843.0,3.0,551360.0,poseidon,condorpool,poseidon-worker-1-container-0-3,get_sm,/srv/get_sm,,1.9,0,0,,,,,,,,,
get_sm_ID0000026,hdd_10,compute,0,1712270998.0,,,1712271003.0,1712271012.0,1712271071.0,29590235.0,1712271011.0,1712271093.0,1712271082.0,1712271085.0,186231.0,1712271093.0,1712271098.0,5.0,,8.0,82.0,5.0,59.0,442257808.0,3.0,608523.0,poseidon,condorpool,poseidon-worker-1-container-24-27,get_sm,/srv/get_sm,,1.8,0,0,,,,,,,,,
get_sm_ID0000016,hdd_10,compute,0,1712270998.0,,,1712271003.0,1712271012.0,1712271070.0,36752273.5,1712271011.0,1712271093.0,1712271082.0,1712271085.0,165686.0,1712271093.0,1712271098.0,5.0,,8.0,82.0,5.0,58.0,436178789.0,3.0,550490.0,poseidon,condorpool,poseidon-worker-1-container-16-19,get_sm,/srv/get_sm,,1.8,0,0,,,,,,,,,
get_sm_ID0000017,hdd_10,compute,0,1712270998.0,,,1712271003.0,1712271012.0,1712271069.0,34870885.1,1712271011.0,1712271093.0,1712271082.0,1712271085.0,188317.0,1712271093.0,1712271098.0,5.0,,8.0,82.0,5.0,57.0,444771924.0,3.0,613264.0,poseidon,condorpool,poseidon-worker-1-container-32-35,get_sm,/srv/get_sm,,1.9,0,0,,,,,,,,,
get_sm_ID0000018,None,compute,0,1712270998.0,,,1712271003.0,1712271012.0,1712271036.0,27940274.9,1712271011.0,1712271083.0,1712271072.0,1712271075.0,218297.0,1712271083.0,1712271088.0,5.0,,8.0,72.0,5.0,24.0,449409643.0,3.0,716593.0,poseidon,condorpool,poseidon-worker-2-container-24-27,get_sm,/srv/get_sm,,1.8,0,0,,,,,,,,,
get_sm_ID0000019,None,compute,0,1712270998.0,,,1712271003.0,1712271012.0,1712271030.0,40520270.2,1712271011.0,1712271083.0,1712271072.0,1712271075.0,266386.0,1712271083.0,1712271088.0,5.0,,8.0,72.0,5.0,18.0,459739344.0,3.0,873152.0,poseidon,condorpool,poseidon-worker-2-container-32-35,get_sm,/srv/get_sm,,1.9,0,0,,,,,,,,,
merge_ID0000001,None,compute,0,1712270998.0,,,1712271003.0,1712271012.0,1712271035.0,131316521.7,1712271011.0,1712271103.0,1712271081.0,1712271095.0,91586083.0,1712271103.0,1712271108.0,5.0,,8.0,92.0,5.0,23.0,1726068480.0,14.0,1298102725.0,poseidon,condorpool,poseidon-worker-2-container-16-19,merge,/srv/merge,,41.0,0,0,0.0,978563342.0,1290927424.0,10677.0,39428.0,33.1,2.0,32618778.1,64546371.2
stage_out_local_condorpool_0_1,None,transfer,0,1712271098.0,,,1712271103.0,,,0.0,1712271103.0,1712271113.0,,,0.0,1712271113.0,1712271118.0,5.0,,0.0,10.0,5.0,,,,,poseidon,local,poseidon-submit,pegasus::transfer,/mnt/poseidon-data/poseidon/pegasus-5.1.0panorama/bin/pegasus-transfer,/home/poseidon/pegasus-5.1.0panorama/bin/../bin/pegasus-kickstart  -n pegasus::transfer -N null -i - -R local  -L somospie -T 2024-03-27T17:59:14+00:00 /home/poseidon/pegasus-5.1.0panorama/bin/../bin/pegasus-transfer  --threads 2,0.7,0,0,,,,,,,,,
stage_out_local_condorpool_0_0,None,transfer,0,1712271108.0,,,1712271113.0,,,0.0,1712271113.0,1712271123.0,,,0.0,1712271123.0,1712271128.0,5.0,,0.0,10.0,5.0,,,,,poseidon,local,poseidon-submit,pegasus::transfer,/mnt/poseidon-data/poseidon/pegasus-5.1.0panorama/bin/pegasus-transfer,/home/poseidon/pegasus-5.1.0panorama/bin/../bin/pegasus-kickstart  -n pegasus::transfer -N null -i - -R local  -L somospie -T 2024-03-27T17:59:14+00:00 /home/poseidon/pegasus-5.1.0panorama/bin/../bin/pegasus-transfer  --threads 2,4.0,0,0,,,,,,,,,
reproject_ID0000011,None,compute,0,1712271108.0,,,1712271113.0,1712271114.0,1712271134.0,126205994.7,1712271113.0,1712271194.0,1712271171.0,1712271185.0,91743446.0,1712271194.0,1712271199.0,5.0,,0.0,81.0,5.0,20.0,1696973136.0,14.0,1298118839.0,poseidon,condorpool,poseidon-worker-2-container-16-19,reproject,/srv/reproject,,54.5,0,0,0.0,1309025281.0,1295187269.0,16835.0,39562.0,44.5,3.7,65451264.0,64759363.5
reproject_ID0000002,None,compute,0,1712271108.0,,,1712271113.0,1712271124.0,1712271143.0,141873391.8,1712271123.0,1712271199.0,1712271177.0,1712271190.0,89126809.0,1712271199.0,1712271204.0,5.0,,10.0,76.0,5.0,19.0,1696973986.0,13.0,1125581407.0,poseidon,condorpool,poseidon-worker-1-container-44-47,reproject,/srv/reproject,,51.4,0,0,0.0,1442030551.0,936817343.0,47515.0,28620.0,42.2,4.3,72101527.5,46840867.1
register_condorpool_0_1,None,auxiliary,0,1712271118.0,,,1712271123.0,,,0.0,1712271128.0,1712271133.0,,,0.0,1712271133.0,1712271138.0,5.0,,5.0,5.0,5.0,,,,,poseidon,local,poseidon-submit,pegasus::rc-client,/mnt/poseidon-data/poseidon/pegasus-5.1.0panorama/bin/pegasus-rc-client,"-n pegasus::rc-client -N null -R local  -L somospie -T 2024-03-27T17:59:14+00:00 /home/poseidon/pegasus-5.1.0panorama/bin/pegasus-rc-client --prefix pegasus.catalog.replica.output --conf /mnt/poseidon-data/poseidon/workflows/SOMOSPIE/SOMOSPIE_pegasus/CombinedPipeline/submit/poseidon/pegasus/somospie/run0473/pegasus.8051319605801768683.properties -v --meta /mnt/poseidon-data/poseidon/workflows/SOMOSPIE/SOMOSPIE_pegasus/CombinedPipeline/submit/poseidon/pegasus/somospie/run0473/00/00/get_sm_ID0000020.meta,/mnt/poseidon-data/poseidon/workflows/SOMOSPIE/SOMOSPIE_pegasus/CombinedPipeline/submit/poseidon/pegasus/somospie/run0473/00/00/get_sm_ID0000024.meta,/mnt/poseidon-data/poseidon/workflows/SOMOSPIE/SOMOSPIE_pegasus/CombinedPipeline/submit/poseidon/pegasus/somospie/run0473/00/00/get_sm_ID0000026.meta,/mnt/poseidon-data/poseidon/workflows/SOMOSPIE/SOMOSPIE_pegasus/CombinedPipeline/submit/poseidon/pegasus/somospie/run0473/00/00/get_sm_ID0000019.meta,/mnt/poseidon-data/poseidon/workflows/SOMOSPIE/SOMOSPIE_pegasus/CombinedPipeline/submit/poseidon/pegasus/somospie/run0473/00/00/get_sm_ID0000016.meta,/mnt/poseidon-data/poseidon/workflows/SOMOSPIE/SOMOSPIE_pegasus/CombinedPipeline/submit/poseidon/pegasus/somospie/run0473/00/00/get_sm_ID0000022.meta --insert /mnt/poseidon-data/poseidon/workflows/SOMOSPIE/SOMOSPIE_pegasus/CombinedPipeline/submit/poseidon/pegasus/somospie/run0473/00/00/register_condorpool_0_1.in",2.8,0,0,,,,,,,,,
register_condorpool_0_0,None,auxiliary,0,1712271128.0,,,1712271138.0,,,0.0,1712271138.0,1712271143.0,,,0.0,1712271143.0,1712271149.0,10.0,,0.0,5.0,6.0,,,,,poseidon,local,poseidon-submit,pegasus::rc-client,/mnt/poseidon-data/poseidon/pegasus-5.1.0panorama/bin/pegasus-rc-client,"-n pegasus::rc-client -N null -R local  -L somospie -T 2024-03-27T17:59:14+00:00 /home/poseidon/pegasus-5.1.0panorama/bin/pegasus-rc-client --prefix pegasus.catalog.replica.output --conf /mnt/poseidon-data/poseidon/workflows/SOMOSPIE/SOMOSPIE_pegasus/CombinedPipeline/submit/poseidon/pegasus/somospie/run0473/pegasus.8051319605801768683.properties -v --meta /mnt/poseidon-data/poseidon/workflows/SOMOSPIE/SOMOSPIE_pegasus/CombinedPipeline/submit/poseidon/pegasus/somospie/run0473/00/00/get_sm_ID0000015.meta,/mnt/poseidon-data/poseidon/workflows/SOMOSPIE/SOMOSPIE_pegasus/CombinedPipeline/submit/poseidon/pegasus/somospie/run0473/00/00/get_sm_ID0000023.meta,/mnt/poseidon-data/poseidon/workflows/SOMOSPIE/SOMOSPIE_pegasus/CombinedPipeline/submit/poseidon/pegasus/somospie/run0473/00/00/get_sm_ID0000018.meta,/mnt/poseidon-data/poseidon/workflows/SOMOSPIE/SOMOSPIE_pegasus/CombinedPipeline/submit/poseidon/pegasus/somospie/run0473/00/00/get_sm_ID0000017.meta,/mnt/poseidon-data/poseidon/workflows/SOMOSPIE/SOMOSPIE_pegasus/CombinedPipeline/submit/poseidon/pegasus/somospie/run0473/00/00/merge_ID0000001.meta,/mnt/poseidon-data/poseidon/workflows/SOMOSPIE/SOMOSPIE_pegasus/CombinedPipeline/submit/poseidon/pegasus/somospie/run0473/00/00/get_sm_ID0000021.meta,/mnt/poseidon-data/poseidon/workflows/SOMOSPIE/SOMOSPIE_pegasus/CombinedPipeline/submit/poseidon/pegasus/somospie/run0473/00/00/get_sm_ID0000025.meta --insert /mnt/poseidon-data/poseidon/workflows/SOMOSPIE/SOMOSPIE_pegasus/CombinedPipeline/submit/poseidon/pegasus/somospie/run0473/00/00/register_condorpool_0_0.in",2.8,0,0,,,,,,,,,
stage_out_local_condorpool_1_0,None,transfer,0,1712271204.0,,,1712271209.0,,,0.0,1712271209.0,1712271219.0,,,0.0,1712271219.0,1712271224.0,5.0,,0.0,10.0,5.0,,,,,poseidon,local,poseidon-submit,pegasus::transfer,/mnt/poseidon-data/poseidon/pegasus-5.1.0panorama/bin/pegasus-transfer,/home/poseidon/pegasus-5.1.0panorama/bin/../bin/pegasus-kickstart  -n pegasus::transfer -N null -i - -R local  -L somospie -T 2024-03-27T17:59:14+00:00 /home/poseidon/pegasus-5.1.0panorama/bin/../bin/pegasus-transfer  --threads 2,6.1,0,0,,,,,,,,,
crop_ID0000009,None,compute,0,1712271204.0,,,1712271209.0,1712271210.0,1712271229.0,133711308.4,1712271209.0,1712271249.0,1712271240.0,1712271244.0,24394283.0,1712271249.0,1712271254.0,5.0,,0.0,40.0,5.0,19.0,1524452582.0,4.0,99654844.0,poseidon,condorpool,poseidon-worker-1-container-44-47,crop,/srv/crop,,2.9,0,0,,,,,,,,,
crop_ID0000007,None,compute,0,1712271204.0,,,1712271209.0,1712271210.0,1712271229.0,134223436.0,1712271209.0,1712271254.0,1712271241.0,1712271246.0,40346961.0,1712271254.0,1712271259.0,5.0,,0.0,45.0,5.0,19.0,1524452582.0,5.0,194227221.0,poseidon,condorpool,poseidon-worker-2-container-16-19,crop,/srv/crop,,4.1,0,0,,,,,,,,,
crop_ID0000005,None,compute,0,1712271204.0,,,1712271209.0,1712271224.0,1712271242.0,143177368.2,1712271224.0,1712271264.0,1712271252.0,1712271255.0,1308164.0,1712271264.0,1712271269.0,5.0,,15.0,40.0,5.0,18.0,1524452582.0,3.0,4263385.0,poseidon,condorpool,poseidon-worker-1-container-44-47,crop,/srv/crop,,1.9,0,0,,,,,,,,,
crop_ID0000003,None,compute,0,1712271204.0,,,1712271209.0,1712271224.0,1712271243.0,140875627.0,1712271224.0,1712271264.0,1712271252.0,1712271255.0,785432.0,1712271264.0,1712271269.0,5.0,,15.0,40.0,5.0,19.0,1524452582.0,3.0,2530349.0,poseidon,condorpool,poseidon-worker-2-container-16-19,crop,/srv/crop,,1.9,0,0,,,,,,,,,
register_condorpool_1_0,None,auxiliary,0,1712271224.0,,,1712271229.0,,,0.0,1712271229.0,1712271234.0,,,0.0,1712271234.0,1712271239.0,5.0,,0.0,5.0,5.0,,,,,poseidon,local,poseidon-submit,pegasus::rc-client,/mnt/poseidon-data/poseidon/pegasus-5.1.0panorama/bin/pegasus-rc-client,"-n pegasus::rc-client -N null -R local  -L somospie -T 2024-03-27T17:59:14+00:00 /home/poseidon/pegasus-5.1.0panorama/bin/pegasus-rc-client --prefix pegasus.catalog.replica.output --conf /mnt/poseidon-data/poseidon/workflows/SOMOSPIE/SOMOSPIE_pegasus/CombinedPipeline/submit/poseidon/pegasus/somospie/run0473/pegasus.8051319605801768683.properties -v --meta /mnt/poseidon-data/poseidon/workflows/SOMOSPIE/SOMOSPIE_pegasus/CombinedPipeline/submit/poseidon/pegasus/somospie/run0473/00/00/reproject_ID0000011.meta,/mnt/poseidon-data/poseidon/workflows/SOMOSPIE/SOMOSPIE_pegasus/CombinedPipeline/submit/poseidon/pegasus/somospie/run0473/00/00/reproject_ID0000002.meta --insert /mnt/poseidon-data/poseidon/workflows/SOMOSPIE/SOMOSPIE_pegasus/CombinedPipeline/submit/poseidon/pegasus/somospie/run0473/00/00/register_condorpool_1_0.in",2.7,0,0,,,,,,,,,
compute_ID0000010,None,compute,0,1712271254.0,,,1712271259.0,1712271260.0,1712271274.0,70285606.0,1712271259.0,1712271304.0,1712271292.0,1712271297.0,46150751.0,1712271304.0,1712271309.0,5.0,,0.0,45.0,5.0,14.0,498525556.0,5.0,250017804.0,poseidon,condorpool,poseidon-worker-1-container-44-47,compute,/srv/compute,,11.9,0,0,0.0,303659295.0,241702629.0,4484.0,7402.0,9.2,0.7,30365929.5,24170262.9
compute_ID0000008,None,compute,0,1712271259.0,,,1712271264.0,1712271265.0,1712271280.0,75578500.3,1712271264.0,1712271354.0,1712271339.0,1712271347.0,67001637.0,1712271354.0,1712271359.0,5.0,,0.0,90.0,5.0,15.0,593097933.0,8.0,506706062.0,poseidon,condorpool,poseidon-worker-2-container-16-19,compute,/srv/compute,,17.6,0,0,0.0,325160527.0,352562274.0,4121.0,10776.0,9.2,0.8,32516052.7,35256227.4
stage_out_local_condorpool_2_0,None,transfer,0,1712271269.0,,,1712271274.0,,,0.0,1712271274.0,1712271279.0,,,0.0,1712271279.0,1712271284.0,5.0,,0.0,5.0,5.0,,,,,poseidon,local,poseidon-submit,pegasus::transfer,/mnt/poseidon-data/poseidon/pegasus-5.1.0panorama/bin/pegasus-transfer,/home/poseidon/pegasus-5.1.0panorama/bin/../bin/pegasus-kickstart  -n pegasus::transfer -N null -i - -R local  -L somospie -T 2024-03-27T17:59:14+00:00 /home/poseidon/pegasus-5.1.0panorama/bin/../bin/pegasus-transfer  --threads 2,1.2,0,0,,,,,,,,,
compute_ID0000004,hdd_10,compute,0,1712271269.0,,,1712271274.0,1712271284.0,1712271299.0,61979367.3,1712271284.0,1712271349.0,1712271339.0,1712271342.0,1586611.0,1712271349.0,1712271354.0,5.0,,10.0,65.0,5.0,15.0,401401061.0,3.0,5326886.0,poseidon,condorpool,poseidon-worker-2-container-40-43,compute,/srv/compute,,5.1,0,0,,,,,,,,,
compute_ID0000006,None,compute,0,1712271269.0,,,1712271274.0,1712271284.0,1712271298.0,66531561.0,1712271284.0,1712271319.0,1712271308.0,1712271311.0,2843131.0,1712271319.0,1712271324.0,5.0,,10.0,35.0,5.0,14.0,403134097.0,3.0,9696865.0,poseidon,condorpool,poseidon-worker-1-container-36-39,compute,/srv/compute,,5.3,0,0,,,,,,,,,
register_condorpool_2_0,None,auxiliary,0,1712271284.0,,,1712271289.0,,,0.0,1712271289.0,1712271294.0,,,0.0,1712271294.0,1712271299.0,5.0,,0.0,5.0,5.0,,,,,poseidon,local,poseidon-submit,pegasus::rc-client,/mnt/poseidon-data/poseidon/pegasus-5.1.0panorama/bin/pegasus-rc-client,"-n pegasus::rc-client -N null -R local  -L somospie -T 2024-03-27T17:59:14+00:00 /home/poseidon/pegasus-5.1.0panorama/bin/pegasus-rc-client --prefix pegasus.catalog.replica.output --conf /mnt/poseidon-data/poseidon/workflows/SOMOSPIE/SOMOSPIE_pegasus/CombinedPipeline/submit/poseidon/pegasus/somospie/run0473/pegasus.8051319605801768683.properties -v --meta /mnt/poseidon-data/poseidon/workflows/SOMOSPIE/SOMOSPIE_pegasus/CombinedPipeline/submit/poseidon/pegasus/somospie/run0473/00/00/crop_ID0000007.meta,/mnt/poseidon-data/poseidon/workflows/SOMOSPIE/SOMOSPIE_pegasus/CombinedPipeline/submit/poseidon/pegasus/somospie/run0473/00/00/crop_ID0000009.meta,/mnt/poseidon-data/poseidon/workflows/SOMOSPIE/SOMOSPIE_pegasus/CombinedPipeline/submit/poseidon/pegasus/somospie/run0473/00/00/crop_ID0000003.meta,/mnt/poseidon-data/poseidon/workflows/SOMOSPIE/SOMOSPIE_pegasus/CombinedPipeline/submit/poseidon/pegasus/somospie/run0473/00/00/crop_ID0000005.meta --insert /mnt/poseidon-data/poseidon/workflows/SOMOSPIE/SOMOSPIE_pegasus/CombinedPipeline/submit/poseidon/pegasus/somospie/run0473/00/00/register_condorpool_2_0.in",2.8,0,0,,,,,,,,,
stage_out_local_condorpool_3_0,None,transfer,0,1712271359.0,,,1712271364.0,,,0.0,1712271364.0,1712271374.0,,,0.0,1712271374.0,1712271379.0,5.0,,0.0,10.0,5.0,,,,,poseidon,local,poseidon-submit,pegasus::transfer,/mnt/poseidon-data/poseidon/pegasus-5.1.0panorama/bin/pegasus-transfer,/home/poseidon/pegasus-5.1.0panorama/bin/../bin/pegasus-kickstart  -n pegasus::transfer -N null -i - -R local  -L somospie -T 2024-03-27T17:59:14+00:00 /home/poseidon/pegasus-5.1.0panorama/bin/../bin/pegasus-transfer  --threads 2,3.1,0,0,,,,,,,,,
merge_avg_ID0000014,None,compute,0,1712271359.0,,,1712271364.0,1712271365.0,1712271381.0,84357370.0,1712271365.0,1712271435.0,1712271423.0,1712271429.0,53548253.0,1712271435.0,1712271440.0,5.0,,1.0,70.0,5.0,16.0,737559838.0,6.0,309527239.0,poseidon,condorpool,poseidon-worker-1-container-44-47,merge_avg,/srv/merge_avg,,45.8,0,0,0.0,1082611799.0,671157694.0,46707.0,20593.0,23.6,6.3,36087060.0,22371923.1
merge_avg_ID0000012,None,compute,0,1712271359.0,,,1712271364.0,1712271365.0,1712271381.0,85054769.0,1712271365.0,1712271435.0,1712271420.0,1712271426.0,52522131.0,1712271435.0,1712271440.0,5.0,,1.0,70.0,5.0,16.0,731979063.0,6.0,304811410.0,poseidon,condorpool,poseidon-worker-1-container-36-39,merge_avg,/srv/merge_avg,,44.8,0,0,0.0,1154772007.0,675561308.0,48194.0,20742.0,28.2,7.3,38492400.2,22518710.3
merge_avg_ID0000013,hdd_10,compute,0,1712271359.0,,,1712271364.0,1712271365.0,1712271380.0,66864394.5,1712271365.0,1712271475.0,1712271463.0,1712271467.0,24073787.0,1712271475.0,1712271480.0,5.0,,1.0,110.0,5.0,15.0,498824437.0,4.0,98388765.0,poseidon,condorpool,poseidon-worker-2-container-40-43,merge_avg,/srv/merge_avg,,40.7,0,0,2.9,452561546.0,293318878.0,47966.0,9083.0,30.9,7.5,7542692.4,7332971.9
register_condorpool_3_0,None,auxiliary,0,1712271379.0,,,1712271384.0,,,0.0,1712271385.0,1712271390.0,,,0.0,1712271390.0,1712271395.0,5.0,,1.0,5.0,5.0,,,,,poseidon,local,poseidon-submit,pegasus::rc-client,/mnt/poseidon-data/poseidon/pegasus-5.1.0panorama/bin/pegasus-rc-client,"-n pegasus::rc-client -N null -R local  -L somospie -T 2024-03-27T17:59:14+00:00 /home/poseidon/pegasus-5.1.0panorama/bin/pegasus-rc-client --prefix pegasus.catalog.replica.output --conf /mnt/poseidon-data/poseidon/workflows/SOMOSPIE/SOMOSPIE_pegasus/CombinedPipeline/submit/poseidon/pegasus/somospie/run0473/pegasus.8051319605801768683.properties -v --meta /mnt/poseidon-data/poseidon/workflows/SOMOSPIE/SOMOSPIE_pegasus/CombinedPipeline/submit/poseidon/pegasus/somospie/run0473/00/00/compute_ID0000010.meta,/mnt/poseidon-data/poseidon/workflows/SOMOSPIE/SOMOSPIE_pegasus/CombinedPipeline/submit/poseidon/pegasus/somospie/run0473/00/00/compute_ID0000004.meta,/mnt/poseidon-data/poseidon/workflows/SOMOSPIE/SOMOSPIE_pegasus/CombinedPipeline/submit/poseidon/pegasus/somospie/run0473/00/00/compute_ID0000006.meta,/mnt/poseidon-data/poseidon/workflows/SOMOSPIE/SOMOSPIE_pegasus/CombinedPipeline/submit/poseidon/pegasus/somospie/run0473/00/00/compute_ID0000008.meta --insert /mnt/poseidon-data/poseidon/workflows/SOMOSPIE/SOMOSPIE_pegasus/CombinedPipeline/submit/poseidon/pegasus/somospie/run0473/00/00/register_condorpool_3_0.in",2.8,0,0,,,,,,,,,
generate_eval_ID0000039,None,compute,0,1712271480.0,,,1712271485.0,1712271487.0,1712271608.0,67723557.8,1712271486.0,1712272016.0,1712272002.0,1712272006.0,2501308.0,1712272016.0,1712272021.0,5.0,,1.0,530.0,5.0,121.0,2410452250.0,4.0,9068473.0,poseidon,condorpool,poseidon-worker-2-container-16-19,generate_eval,/srv/generate_eval,,7.8,0,0,,,,,,,,,
generate_train_ID0000032,None,compute,0,1712271480.0,,,1712271485.0,1712271487.0,1712271607.0,21357342.5,1712271486.0,1712272016.0,1712272002.0,1712272005.0,363760.0,1712272016.0,1712272021.0,5.0,,1.0,530.0,5.0,120.0,2411396929.0,3.0,1265871.0,poseidon,condorpool,poseidon-worker-2-container-32-35,generate_train,/srv/generate_train,,0.8,0,0,,,,,,,,,
generate_eval_ID0000042,None,compute,0,1712271480.0,,,1712271485.0,1712271487.0,1712271606.0,21172036.9,1712271486.0,1712272016.0,1712272002.0,1712272007.0,43661337.0,1712272016.0,1712272021.0,5.0,,1.0,530.0,5.0,119.0,2410452250.0,5.0,240602325.0,poseidon,condorpool,poseidon-worker-2-container-24-27,generate_eval,/srv/generate_eval,,11.8,0,0,0.0,238328134.0,237910284.0,4074.0,7301.0,8.9,1.0,23832813.4,23791028.4
generate_train_ID0000031,hdd_10,compute,0,1712271480.0,,,1712271485.0,1712271487.0,1712271549.0,133799518.2,1712271486.0,1712271755.0,1712271741.0,1712271744.0,335533.0,1712271755.0,1712271760.0,5.0,,1.0,269.0,5.0,62.0,2411324399.0,3.0,1175014.0,poseidon,condorpool,poseidon-worker-1-container-32-35,generate_train,/srv/generate_train,,0.8,0,0,,,,,,,,,
generate_train_ID0000030,hdd_10,compute,0,1712271480.0,,,1712271485.0,1712271487.0,1712271549.0,132923532.1,1712271486.0,1712271755.0,1712271741.0,1712271744.0,277497.0,1712271755.0,1712271760.0,5.0,,1.0,269.0,5.0,62.0,2411167840.0,3.0,973028.0,poseidon,condorpool,poseidon-worker-1-container-16-19,generate_train,/srv/generate_train,,0.8,0,0,,,,,,,,,
generate_eval_ID0000040,hdd_10,compute,0,1712271480.0,,,1712271485.0,1712271487.0,1712271549.0,135797142.9,1712271486.0,1712271755.0,1712271741.0,1712271744.0,2382510.0,1712271755.0,1712271760.0,5.0,,1.0,269.0,5.0,62.0,2410452250.0,3.0,8350187.0,poseidon,condorpool,poseidon-worker-1-container-24-27,generate_eval,/srv/generate_eval,,7.7,0,0,,,,,,,,,
generate_eval_ID0000041,None,compute,0,1712271480.0,,,1712271485.0,1712271487.0,1712271546.0,45835847.5,1712271486.0,1712271755.0,1712271741.0,1712271749.0,68322810.0,1712271755.0,1712271760.0,5.0,,1.0,269.0,5.0,59.0,2410452250.0,8.0,561272484.0,poseidon,condorpool,poseidon-worker-1-container-0-3,generate_eval,/srv/generate_eval,,15.7,0,0,0.0,341510158.0,325138694.0,4704.0,9958.0,9.1,0.9,34151015.8,32513869.4
generate_train_ID0000036,hdd_10,compute,0,1712271480.0,,,1712271485.0,1712271487.0,1712271606.0,21282351.9,1712271486.0,1712272016.0,1712272002.0,1712272006.0,312567.0,1712272016.0,1712272021.0,5.0,,1.0,530.0,5.0,119.0,2411281478.0,4.0,1118721.0,poseidon,condorpool,poseidon-worker-2-container-44-47,generate_train,/srv/generate_train,,0.9,0,0,,,,,,,,,
generate_train_ID0000034,hdd_10,compute,0,1712271480.0,,,1712271485.0,1712271487.0,1712271609.0,65930544.9,1712271486.0,1712272016.0,1712272002.0,1712272005.0,369100.0,1712272016.0,1712272021.0,5.0,,1.0,530.0,5.0,122.0,2411404099.0,3.0,1275159.0,poseidon,condorpool,poseidon-worker-2-container-36-39,generate_train,/srv/generate_train,,0.8,0,0,,,,,,,,,
generate_train_ID0000033,hdd_10,compute,0,1712271480.0,,,1712271485.0,1712271487.0,1712271715.0,17107160.6,1712271486.0,1712272016.0,1712272002.0,1712272005.0,367506.0,1712272016.0,1712272021.0,5.0,,1.0,530.0,5.0,228.0,2411402752.0,3.0,1274805.0,poseidon,condorpool,poseidon-worker-2-container-40-43,generate_train,/srv/generate_train,,0.8,0,0,,,,,,,,,
generate_train_ID0000029,None,compute,0,1712271480.0,,,1712271485.0,1712271487.0,1712271547.0,44790417.1,1712271486.0,1712271755.0,1712271741.0,1712271744.0,246431.0,1712271755.0,1712271760.0,5.0,,1.0,269.0,5.0,60.0,2411064511.0,3.0,843408.0,poseidon,condorpool,poseidon-worker-1-container-36-39,generate_train,/srv/generate_train,,0.8,0,0,,,,,,,,,
generate_train_ID0000028,None,compute,0,1712271480.0,,,1712271485.0,1712271487.0,1712271551.0,126352321.4,1712271486.0,1712271755.0,1712271741.0,1712271744.0,221861.0,1712271755.0,1712271760.0,5.0,,1.0,269.0,5.0,64.0,2411001737.0,3.0,762584.0,poseidon,condorpool,poseidon-worker-1-container-44-47,generate_train,/srv/generate_train,,0.8,0,0,,,,,,,,,
stage_out_local_condorpool_4_0,None,transfer,0,1712271480.0,,,1712271485.0,,,0.0,1712271485.0,1712271490.0,,,0.0,1712271490.0,1712271495.0,5.0,,0.0,5.0,5.0,,,,,poseidon,local,poseidon-submit,pegasus::transfer,/mnt/poseidon-data/poseidon/pegasus-5.1.0panorama/bin/pegasus-transfer,/home/poseidon/pegasus-5.1.0panorama/bin/../bin/pegasus-kickstart  -n pegasus::transfer -N null -i - -R local  -L somospie -T 2024-03-27T17:59:14+00:00 /home/poseidon/pegasus-5.1.0panorama/bin/../bin/pegasus-transfer  --threads 2,2.1,0,0,,,,,,,,,
generate_train_ID0000027,hdd_10,compute,0,1712271480.0,,,1712271485.0,1712271487.0,1712271716.0,16946889.7,1712271486.0,1712272016.0,1712272002.0,1712272005.0,219840.0,1712272016.0,1712272021.0,5.0,,1.0,530.0,5.0,229.0,2411002607.0,3.0,764017.0,poseidon,condorpool,poseidon-worker-2-container-40-43,generate_train,/srv/generate_train,,0.8,0,0,,,,,,,,,
generate_train_ID0000038,None,compute,0,1712271480.0,,,1712271485.0,1712271487.0,1712271546.0,45658667.6,1712271486.0,1712271750.0,1712271741.0,1712271744.0,248344.0,1712271750.0,1712271755.0,5.0,,1.0,264.0,5.0,59.0,2411059770.0,3.0,837547.0,poseidon,condorpool,poseidon-worker-1-container-36-39,generate_train,/srv/generate_train,,0.8,0,0,,,,,,,,,
generate_train_ID0000037,None,compute,0,1712271480.0,,,1712271485.0,1712271487.0,1712271551.0,118583919.1,1712271486.0,1712271750.0,1712271741.0,1712271744.0,284756.0,1712271750.0,1712271755.0,5.0,,1.0,264.0,5.0,64.0,2411164025.0,3.0,969901.0,poseidon,condorpool,poseidon-worker-1-container-44-47,generate_train,/srv/generate_train,,0.9,0,0,,,,,,,,,
generate_train_ID0000035,None,compute,0,1712271480.0,,,1712271485.0,1712271487.0,1712271553.0,110837170.9,1712271486.0,1712271755.0,1712271741.0,1712271744.0,367576.0,1712271755.0,1712271760.0,5.0,,1.0,269.0,5.0,66.0,2411394544.0,3.0,1261244.0,poseidon,condorpool,poseidon-worker-1-container-40-43,generate_train,/srv/generate_train,,0.8,0,0,,,,,,,,,
register_condorpool_4_0,None,auxiliary,0,1712271495.0,,,1712271500.0,,,0.0,1712271501.0,1712271505.0,,,0.0,1712271505.0,1712271510.0,5.0,,1.0,4.0,5.0,,,,,poseidon,local,poseidon-submit,pegasus::rc-client,/mnt/poseidon-data/poseidon/pegasus-5.1.0panorama/bin/pegasus-rc-client,"-n pegasus::rc-client -N null -R local  -L somospie -T 2024-03-27T17:59:14+00:00 /home/poseidon/pegasus-5.1.0panorama/bin/pegasus-rc-client --prefix pegasus.catalog.replica.output --conf /mnt/poseidon-data/poseidon/workflows/SOMOSPIE/SOMOSPIE_pegasus/CombinedPipeline/submit/poseidon/pegasus/somospie/run0473/pegasus.8051319605801768683.properties -v --meta /mnt/poseidon-data/poseidon/workflows/SOMOSPIE/SOMOSPIE_pegasus/CombinedPipeline/submit/poseidon/pegasus/somospie/run0473/00/00/merge_avg_ID0000012.meta,/mnt/poseidon-data/poseidon/workflows/SOMOSPIE/SOMOSPIE_pegasus/CombinedPipeline/submit/poseidon/pegasus/somospie/run0473/00/00/merge_avg_ID0000014.meta,/mnt/poseidon-data/poseidon/workflows/SOMOSPIE/SOMOSPIE_pegasus/CombinedPipeline/submit/poseidon/pegasus/somospie/run0473/00/00/merge_avg_ID0000013.meta --insert /mnt/poseidon-data/poseidon/workflows/SOMOSPIE/SOMOSPIE_pegasus/CombinedPipeline/submit/poseidon/pegasus/somospie/run0473/00/00/register_condorpool_4_0.in",2.8,0,0,,,,,,,,,
stage_out_local_condorpool_5_0,None,transfer,0,1712272021.0,,,1712272026.0,,,0.0,1712272026.0,1712272036.0,,,0.0,1712272036.0,1712272041.0,5.0,,0.0,10.0,5.0,,,,,poseidon,local,poseidon-submit,pegasus::transfer,/mnt/poseidon-data/poseidon/pegasus-5.1.0panorama/bin/pegasus-transfer,/home/poseidon/pegasus-5.1.0panorama/bin/../bin/pegasus-kickstart  -n pegasus::transfer -N null -i - -R local  -L somospie -T 2024-03-27T17:59:14+00:00 /home/poseidon/pegasus-5.1.0panorama/bin/../bin/pegasus-transfer  --threads 2,3.4,0,0,,,,,,,,,
stage_out_local_condorpool_5_1,None,transfer,0,1712272021.0,,,1712272026.0,,,0.0,1712272026.0,1712272031.0,,,0.0,1712272031.0,1712272036.0,5.0,,0.0,5.0,5.0,,,,,poseidon,local,poseidon-submit,pegasus::transfer,/mnt/poseidon-data/poseidon/pegasus-5.1.0panorama/bin/pegasus-transfer,/home/poseidon/pegasus-5.1.0panorama/bin/../bin/pegasus-kickstart  -n pegasus::transfer -N null -i - -R local  -L somospie -T 2024-03-27T17:59:14+00:00 /home/poseidon/pegasus-5.1.0panorama/bin/../bin/pegasus-transfer  --threads 2,1.5,0,0,,,,,,,,,
register_condorpool_5_1,None,auxiliary,0,1712272036.0,,,1712272041.0,,,0.0,1712272041.0,1712272046.0,,,0.0,1712272046.0,1712272051.0,5.0,,0.0,5.0,5.0,,,,,poseidon,local,poseidon-submit,pegasus::rc-client,/mnt/poseidon-data/poseidon/pegasus-5.1.0panorama/bin/pegasus-rc-client,"-n pegasus::rc-client -N null -R local  -L somospie -T 2024-03-27T17:59:14+00:00 /home/poseidon/pegasus-5.1.0panorama/bin/pegasus-rc-client --prefix pegasus.catalog.replica.output --conf /mnt/poseidon-data/poseidon/workflows/SOMOSPIE/SOMOSPIE_pegasus/CombinedPipeline/submit/poseidon/pegasus/somospie/run0473/pegasus.8051319605801768683.properties -v --meta /mnt/poseidon-data/poseidon/workflows/SOMOSPIE/SOMOSPIE_pegasus/CombinedPipeline/submit/poseidon/pegasus/somospie/run0473/00/00/generate_train_ID0000038.meta,/mnt/poseidon-data/poseidon/workflows/SOMOSPIE/SOMOSPIE_pegasus/CombinedPipeline/submit/poseidon/pegasus/somospie/run0473/00/00/generate_train_ID0000037.meta,/mnt/poseidon-data/poseidon/workflows/SOMOSPIE/SOMOSPIE_pegasus/CombinedPipeline/submit/poseidon/pegasus/somospie/run0473/00/00/generate_train_ID0000028.meta,/mnt/poseidon-data/poseidon/workflows/SOMOSPIE/SOMOSPIE_pegasus/CombinedPipeline/submit/poseidon/pegasus/somospie/run0473/00/01/generate_eval_ID0000041.meta,/mnt/poseidon-data/poseidon/workflows/SOMOSPIE/SOMOSPIE_pegasus/CombinedPipeline/submit/poseidon/pegasus/somospie/run0473/00/01/generate_train_ID0000032.meta,/mnt/poseidon-data/poseidon/workflows/SOMOSPIE/SOMOSPIE_pegasus/CombinedPipeline/submit/poseidon/pegasus/somospie/run0473/00/01/generate_train_ID0000035.meta,/mnt/poseidon-data/poseidon/workflows/SOMOSPIE/SOMOSPIE_pegasus/CombinedPipeline/submit/poseidon/pegasus/somospie/run0473/00/01/generate_eval_ID0000040.meta,/mnt/poseidon-data/poseidon/workflows/SOMOSPIE/SOMOSPIE_pegasus/CombinedPipeline/submit/poseidon/pegasus/somospie/run0473/00/01/generate_train_ID0000031.meta,/mnt/poseidon-data/poseidon/workflows/SOMOSPIE/SOMOSPIE_pegasus/CombinedPipeline/submit/poseidon/pegasus/somospie/run0473/00/01/generate_train_ID0000036.meta,/mnt/poseidon-data/poseidon/workflows/SOMOSPIE/SOMOSPIE_pegasus/CombinedPipeline/submit/poseidon/pegasus/somospie/run0473/00/01/generate_eval_ID0000042.meta,/mnt/poseidon-data/poseidon/workflows/SOMOSPIE/SOMOSPIE_pegasus/CombinedPipeline/submit/poseidon/pegasus/somospie/run0473/00/00/generate_train_ID0000029.meta,/mnt/poseidon-data/poseidon/workflows/SOMOSPIE/SOMOSPIE_pegasus/CombinedPipeline/submit/poseidon/pegasus/somospie/run0473/00/00/generate_train_ID0000033.meta,/mnt/poseidon-data/poseidon/workflows/SOMOSPIE/SOMOSPIE_pegasus/CombinedPipeline/submit/poseidon/pegasus/somospie/run0473/00/00/generate_train_ID0000034.meta,/mnt/poseidon-data/poseidon/workflows/SOMOSPIE/SOMOSPIE_pegasus/CombinedPipeline/submit/poseidon/pegasus/somospie/run0473/00/01/generate_train_ID0000030.meta,/mnt/poseidon-data/poseidon/workflows/SOMOSPIE/SOMOSPIE_pegasus/CombinedPipeline/submit/poseidon/pegasus/somospie/run0473/00/01/generate_eval_ID0000039.meta,/mnt/poseidon-data/poseidon/workflows/SOMOSPIE/SOMOSPIE_pegasus/CombinedPipeline/submit/poseidon/pegasus/somospie/run0473/00/00/generate_train_ID0000027.meta --insert /mnt/poseidon-data/poseidon/workflows/SOMOSPIE/SOMOSPIE_pegasus/CombinedPipeline/submit/poseidon/pegasus/somospie/run0473/00/01/register_condorpool_5_1.in",2.8,0,0,,,,,,,,,
register_condorpool_5_0,None,auxiliary,0,1712272041.0,,,1712272051.0,,,0.0,1712272051.0,1712272056.0,,,0.0,1712272056.0,1712272061.0,10.0,,0.0,5.0,5.0,,,,,poseidon,local,poseidon-submit,pegasus::rc-client,/mnt/poseidon-data/poseidon/pegasus-5.1.0panorama/bin/pegasus-rc-client,"-n pegasus::rc-client -N null -R local  -L somospie -T 2024-03-27T17:59:14+00:00 /home/poseidon/pegasus-5.1.0panorama/bin/pegasus-rc-client --prefix pegasus.catalog.replica.output --conf /mnt/poseidon-data/poseidon/workflows/SOMOSPIE/SOMOSPIE_pegasus/CombinedPipeline/submit/poseidon/pegasus/somospie/run0473/pegasus.8051319605801768683.properties -v --meta /mnt/poseidon-data/poseidon/workflows/SOMOSPIE/SOMOSPIE_pegasus/CombinedPipeline/submit/poseidon/pegasus/somospie/run0473/00/00/generate_train_ID0000038.meta,/mnt/poseidon-data/poseidon/workflows/SOMOSPIE/SOMOSPIE_pegasus/CombinedPipeline/submit/poseidon/pegasus/somospie/run0473/00/00/generate_train_ID0000037.meta,/mnt/poseidon-data/poseidon/workflows/SOMOSPIE/SOMOSPIE_pegasus/CombinedPipeline/submit/poseidon/pegasus/somospie/run0473/00/00/generate_train_ID0000028.meta,/mnt/poseidon-data/poseidon/workflows/SOMOSPIE/SOMOSPIE_pegasus/CombinedPipeline/submit/poseidon/pegasus/somospie/run0473/00/01/generate_eval_ID0000041.meta,/mnt/poseidon-data/poseidon/workflows/SOMOSPIE/SOMOSPIE_pegasus/CombinedPipeline/submit/poseidon/pegasus/somospie/run0473/00/01/generate_train_ID0000032.meta,/mnt/poseidon-data/poseidon/workflows/SOMOSPIE/SOMOSPIE_pegasus/CombinedPipeline/submit/poseidon/pegasus/somospie/run0473/00/01/generate_train_ID0000035.meta,/mnt/poseidon-data/poseidon/workflows/SOMOSPIE/SOMOSPIE_pegasus/CombinedPipeline/submit/poseidon/pegasus/somospie/run0473/00/01/generate_eval_ID0000040.meta,/mnt/poseidon-data/poseidon/workflows/SOMOSPIE/SOMOSPIE_pegasus/CombinedPipeline/submit/poseidon/pegasus/somospie/run0473/00/01/generate_train_ID0000031.meta,/mnt/poseidon-data/poseidon/workflows/SOMOSPIE/SOMOSPIE_pegasus/CombinedPipeline/submit/poseidon/pegasus/somospie/run0473/00/01/generate_train_ID0000036.meta,/mnt/poseidon-data/poseidon/workflows/SOMOSPIE/SOMOSPIE_pegasus/CombinedPipeline/submit/poseidon/pegasus/somospie/run0473/00/01/generate_eval_ID0000042.meta,/mnt/poseidon-data/poseidon/workflows/SOMOSPIE/SOMOSPIE_pegasus/CombinedPipeline/submit/poseidon/pegasus/somospie/run0473/00/00/generate_train_ID0000029.meta,/mnt/poseidon-data/poseidon/workflows/SOMOSPIE/SOMOSPIE_pegasus/CombinedPipeline/submit/poseidon/pegasus/somospie/run0473/00/00/generate_train_ID0000033.meta,/mnt/poseidon-data/poseidon/workflows/SOMOSPIE/SOMOSPIE_pegasus/CombinedPipeline/submit/poseidon/pegasus/somospie/run0473/00/00/generate_train_ID0000034.meta,/mnt/poseidon-data/poseidon/workflows/SOMOSPIE/SOMOSPIE_pegasus/CombinedPipeline/submit/poseidon/pegasus/somospie/run0473/00/01/generate_train_ID0000030.meta,/mnt/poseidon-data/poseidon/workflows/SOMOSPIE/SOMOSPIE_pegasus/CombinedPipeline/submit/poseidon/pegasus/somospie/run0473/00/01/generate_eval_ID0000039.meta,/mnt/poseidon-data/poseidon/workflows/SOMOSPIE/SOMOSPIE_pegasus/CombinedPipeline/submit/poseidon/pegasus/somospie/run0473/00/00/generate_train_ID0000027.meta --insert /mnt/poseidon-data/poseidon/workflows/SOMOSPIE/SOMOSPIE_pegasus/CombinedPipeline/submit/poseidon/pegasus/somospie/run0473/00/01/register_condorpool_5_0.in",2.8,0,0,,,,,,,,,
cleanup_somospie_0_condorpool,None,auxiliary,0,1712272041.0,,,1712272046.0,,,0.0,1712272046.0,1712272051.0,,,0.0,1712272051.0,1712272056.0,5.0,,0.0,5.0,5.0,,,,,poseidon,local,poseidon-submit,pegasus::cleanup,/mnt/poseidon-data/poseidon/pegasus-5.1.0panorama/bin/pegasus-transfer,pegasus-kickstart  -n pegasus::cleanup -N null -i - -R local  -L somospie -T 2024-03-27T17:59:14+00:00 pegasus-transfer,0.2,0,0,,,,,,,,,
