,anomaly_type,type,is_clustered,ready,pre_script_start,pre_script_end,submit,stage_in_start,stage_in_end,stage_in_effective_bytes_per_sec,execute_start,execute_end,stage_out_start,stage_out_end,stage_out_effective_bytes_per_sec,post_script_start,post_script_end,wms_delay,pre_script_delay,queue_delay,runtime,post_script_delay,stage_in_delay,stage_in_bytes,stage_out_delay,stage_out_bytes,kickstart_user,kickstart_site,kickstart_hostname,kickstart_transformations,kickstart_executables,kickstart_executables_argv,kickstart_executables_cpu_time,kickstart_status,kickstart_executables_exitcode,kickstart_online_iowait,kickstart_online_bytes_read,kickstart_online_bytes_written,kickstart_online_read_system_calls,kickstart_online_write_system_calls,kickstart_online_utime,kickstart_online_stime,kickstart_online_bytes_read_per_second,kickstart_online_bytes_written_per_second
create_dir_somospie_0_condorpool,None,auxiliary,0,1711663751.0,,,1711663752.0,,,0.0,1711663756.0,1711663762.0,,,0.0,1711663762.0,1711663767.0,1.0,,4.0,6.0,5.0,,,,,poseidon,local,poseidon-submit,pegasus::dirmanager,/mnt/poseidon-data/poseidon/pegasus-5.1.0panorama/bin/pegasus-transfer,pegasus-kickstart  -n pegasus::dirmanager -N null -i - -R local  -L somospie -T 2024-03-27T17:59:14+00:00 pegasus-transfer,0.3,0,0,,,,,,,,,
get_sm_ID0000020,None,compute,0,1711663767.0,,,1711663772.0,1711663791.0,1711663811.0,34518508.7,1711663790.0,1711663827.0,1711663818.0,1711663821.0,288910.0,1711663827.0,1711663832.0,5.0,,18.0,37.0,5.0,20.0,470635724.0,3.0,945682.0,poseidon,condorpool,poseidon-worker-2-container-24-27,get_sm,/srv/get_sm,,1.9,0,0,,,,,,,,,
get_sm_ID0000021,None,compute,0,1711663767.0,,,1711663772.0,1711663791.0,1711663812.0,33823577.0,1711663790.0,1711663832.0,1711663819.0,1711663823.0,296181.0,1711663832.0,1711663837.0,5.0,,18.0,42.0,5.0,21.0,475840244.0,4.0,951505.0,poseidon,condorpool,poseidon-worker-2-container-0-3,get_sm,/srv/get_sm,,2.0,0,0,,,,,,,,,
get_sm_ID0000022,None,compute,0,1711663767.0,,,1711663772.0,1711663791.0,1711663814.0,29966356.3,1711663790.0,1711663832.0,1711663821.0,1711663824.0,297693.0,1711663832.0,1711663837.0,5.0,,18.0,42.0,5.0,23.0,475800760.0,3.0,952852.0,poseidon,condorpool,poseidon-worker-1-container-44-47,get_sm,/srv/get_sm,,1.9,0,0,,,,,,,,,
get_sm_ID0000023,None,compute,0,1711663767.0,,,1711663772.0,1711663791.0,1711663811.0,32323606.3,1711663790.0,1711663832.0,1711663819.0,1711663822.0,290913.0,1711663832.0,1711663837.0,5.0,,18.0,42.0,5.0,20.0,467398273.0,3.0,943297.0,poseidon,condorpool,poseidon-worker-1-container-24-27,get_sm,/srv/get_sm,,1.9,0,0,,,,,,,,,
get_sm_ID0000024,None,compute,0,1711663767.0,,,1711663772.0,1711663791.0,1711663813.0,31533162.4,1711663790.0,1711663832.0,1711663820.0,1711663823.0,259484.0,1711663832.0,1711663837.0,5.0,,18.0,42.0,5.0,22.0,457521962.0,3.0,830231.0,poseidon,condorpool,poseidon-worker-1-container-36-39,get_sm,/srv/get_sm,,2.0,0,0,,,,,,,,,
get_sm_ID0000025,None,compute,0,1711663767.0,,,1711663772.0,1711663791.0,1711663811.0,34937851.8,1711663790.0,1711663827.0,1711663818.0,1711663821.0,223350.0,1711663827.0,1711663832.0,5.0,,18.0,37.0,5.0,20.0,447555942.0,3.0,712778.0,poseidon,condorpool,poseidon-worker-1-container-40-43,get_sm,/srv/get_sm,,1.8,0,0,,,,,,,,,
get_sm_ID0000015,None,compute,0,1711663767.0,,,1711663772.0,1711663791.0,1711663811.0,32017042.0,1711663790.0,1711663827.0,1711663818.0,1711663821.0,169809.0,1711663827.0,1711663832.0,5.0,,18.0,37.0,5.0,20.0,440090843.0,3.0,551360.0,poseidon,condorpool,poseidon-worker-2-container-44-47,get_sm,/srv/get_sm,,1.8,0,0,,,,,,,,,
get_sm_ID0000026,None,compute,0,1711663767.0,,,1711663772.0,1711663791.0,1711663808.0,44002849.9,1711663790.0,1711663827.0,1711663816.0,1711663819.0,186117.0,1711663827.0,1711663832.0,5.0,,18.0,37.0,5.0,17.0,442257808.0,3.0,608523.0,poseidon,condorpool,poseidon-worker-2-container-40-43,get_sm,/srv/get_sm,,1.9,0,0,,,,,,,,,
get_sm_ID0000016,None,compute,0,1711663767.0,,,1711663772.0,1711663791.0,1711663809.0,41934981.0,1711663790.0,1711663827.0,1711663816.0,1711663819.0,171433.0,1711663827.0,1711663832.0,5.0,,18.0,37.0,5.0,18.0,436178789.0,3.0,550490.0,poseidon,condorpool,poseidon-worker-2-container-36-39,get_sm,/srv/get_sm,,1.8,0,0,,,,,,,,,
get_sm_ID0000017,None,compute,0,1711663767.0,,,1711663772.0,1711663791.0,1711663810.0,38585019.8,1711663790.0,1711663827.0,1711663817.0,1711663820.0,192116.0,1711663827.0,1711663832.0,5.0,,18.0,37.0,5.0,19.0,444771924.0,3.0,613264.0,poseidon,condorpool,poseidon-worker-2-container-32-35,get_sm,/srv/get_sm,,2.0,0,0,,,,,,,,,
get_sm_ID0000018,None,compute,0,1711663767.0,,,1711663772.0,1711663791.0,1711663809.0,43549811.8,1711663790.0,1711663827.0,1711663816.0,1711663819.0,221728.0,1711663827.0,1711663832.0,5.0,,18.0,37.0,5.0,18.0,449409643.0,3.0,716593.0,poseidon,condorpool,poseidon-worker-1-container-28-31,get_sm,/srv/get_sm,,1.9,0,0,,,,,,,,,
get_sm_ID0000019,None,compute,0,1711663767.0,,,1711663772.0,1711663791.0,1711663813.0,31120715.3,1711663790.0,1711663832.0,1711663820.0,1711663823.0,273010.0,1711663832.0,1711663837.0,5.0,,18.0,42.0,5.0,22.0,459739344.0,3.0,873152.0,poseidon,condorpool,poseidon-worker-1-container-0-3,get_sm,/srv/get_sm,,1.9,0,0,,,,,,,,,
merge_ID0000001,None,compute,0,1711663767.0,,,1711663772.0,1711663791.0,1711663811.0,136999833.2,1711663790.0,1711663867.0,1711663844.0,1711663859.0,91375878.0,1711663867.0,1711663872.0,5.0,,18.0,77.0,5.0,20.0,1726068480.0,15.0,1298102725.0,poseidon,condorpool,poseidon-worker-1-container-20-23,merge,/srv/merge,,41.3,0,0,0.0,979617664.0,1294597442.0,10764.0,39542.0,34.5,2.3,48980883.2,64729872.1
stage_out_local_condorpool_0_1,None,transfer,0,1711663837.0,,,1711663842.0,,,0.0,1711663842.0,1711663847.0,,,0.0,1711663847.0,1711663852.0,5.0,,0.0,5.0,5.0,,,,,poseidon,local,poseidon-submit,pegasus::transfer,/mnt/poseidon-data/poseidon/pegasus-5.1.0panorama/bin/pegasus-transfer,/home/poseidon/pegasus-5.1.0panorama/bin/../bin/pegasus-kickstart  -n pegasus::transfer -N null -i - -R local  -L somospie -T 2024-03-27T17:59:14+00:00 /home/poseidon/pegasus-5.1.0panorama/bin/../bin/pegasus-transfer  --threads 2,0.8,0,0,,,,,,,,,
register_condorpool_0_1,None,auxiliary,0,1711663852.0,,,1711663857.0,,,0.0,1711663857.0,1711663862.0,,,0.0,1711663862.0,1711663867.0,5.0,,0.0,5.0,5.0,,,,,poseidon,local,poseidon-submit,pegasus::rc-client,/mnt/poseidon-data/poseidon/pegasus-5.1.0panorama/bin/pegasus-rc-client,"-n pegasus::rc-client -N null -R local  -L somospie -T 2024-03-27T17:59:14+00:00 /home/poseidon/pegasus-5.1.0panorama/bin/pegasus-rc-client --prefix pegasus.catalog.replica.output --conf /mnt/poseidon-data/poseidon/workflows/SOMOSPIE/SOMOSPIE_pegasus/CombinedPipeline/submit/poseidon/pegasus/somospie/run0014/pegasus.15644890093385042515.properties -v --meta /mnt/poseidon-data/poseidon/workflows/SOMOSPIE/SOMOSPIE_pegasus/CombinedPipeline/submit/poseidon/pegasus/somospie/run0014/00/00/get_sm_ID0000020.meta,/mnt/poseidon-data/poseidon/workflows/SOMOSPIE/SOMOSPIE_pegasus/CombinedPipeline/submit/poseidon/pegasus/somospie/run0014/00/00/get_sm_ID0000024.meta,/mnt/poseidon-data/poseidon/workflows/SOMOSPIE/SOMOSPIE_pegasus/CombinedPipeline/submit/poseidon/pegasus/somospie/run0014/00/00/get_sm_ID0000026.meta,/mnt/poseidon-data/poseidon/workflows/SOMOSPIE/SOMOSPIE_pegasus/CombinedPipeline/submit/poseidon/pegasus/somospie/run0014/00/00/get_sm_ID0000019.meta,/mnt/poseidon-data/poseidon/workflows/SOMOSPIE/SOMOSPIE_pegasus/CombinedPipeline/submit/poseidon/pegasus/somospie/run0014/00/00/get_sm_ID0000016.meta,/mnt/poseidon-data/poseidon/workflows/SOMOSPIE/SOMOSPIE_pegasus/CombinedPipeline/submit/poseidon/pegasus/somospie/run0014/00/00/get_sm_ID0000022.meta --insert /mnt/poseidon-data/poseidon/workflows/SOMOSPIE/SOMOSPIE_pegasus/CombinedPipeline/submit/poseidon/pegasus/somospie/run0014/00/00/register_condorpool_0_1.in",3.1,0,0,,,,,,,,,
stage_out_local_condorpool_0_0,None,transfer,0,1711663872.0,,,1711663877.0,,,0.0,1711663877.0,1711663887.0,,,0.0,1711663887.0,1711663892.0,5.0,,0.0,10.0,5.0,,,,,poseidon,local,poseidon-submit,pegasus::transfer,/mnt/poseidon-data/poseidon/pegasus-5.1.0panorama/bin/pegasus-transfer,/home/poseidon/pegasus-5.1.0panorama/bin/../bin/pegasus-kickstart  -n pegasus::transfer -N null -i - -R local  -L somospie -T 2024-03-27T17:59:14+00:00 /home/poseidon/pegasus-5.1.0panorama/bin/../bin/pegasus-transfer  --threads 2,4.5,0,0,,,,,,,,,
reproject_ID0000011,None,compute,0,1711663872.0,,,1711663877.0,1711663878.0,1711663898.0,140893815.5,1711663878.0,1711663957.0,1711663934.0,1711663948.0,91629585.0,1711663957.0,1711663962.0,5.0,,1.0,79.0,5.0,20.0,1696973136.0,14.0,1298118839.0,poseidon,condorpool,poseidon-worker-1-container-20-23,reproject,/srv/reproject,,54.6,0,0,0.0,1309039263.0,1295187269.0,16572.0,39562.0,44.5,3.8,65451963.1,64759363.4
reproject_ID0000002,None,compute,0,1711663872.0,,,1711663877.0,1711663883.0,1711663902.0,143271553.5,1711663883.0,1711663957.0,1711663937.0,1711663949.0,88893533.0,1711663957.0,1711663962.0,5.0,,6.0,74.0,5.0,19.0,1696973986.0,12.0,1125581407.0,poseidon,condorpool,poseidon-worker-2-container-24-27,reproject,/srv/reproject,,51.9,0,0,0.0,1441584255.0,935965375.0,47417.0,28594.0,41.5,4.5,72079212.8,46798268.8
register_condorpool_0_0,None,auxiliary,0,1711663892.0,,,1711663897.0,,,0.0,1711663897.0,1711663902.0,,,0.0,1711663902.0,1711663907.0,5.0,,0.0,5.0,5.0,,,,,poseidon,local,poseidon-submit,pegasus::rc-client,/mnt/poseidon-data/poseidon/pegasus-5.1.0panorama/bin/pegasus-rc-client,"-n pegasus::rc-client -N null -R local  -L somospie -T 2024-03-27T17:59:14+00:00 /home/poseidon/pegasus-5.1.0panorama/bin/pegasus-rc-client --prefix pegasus.catalog.replica.output --conf /mnt/poseidon-data/poseidon/workflows/SOMOSPIE/SOMOSPIE_pegasus/CombinedPipeline/submit/poseidon/pegasus/somospie/run0014/pegasus.15644890093385042515.properties -v --meta /mnt/poseidon-data/poseidon/workflows/SOMOSPIE/SOMOSPIE_pegasus/CombinedPipeline/submit/poseidon/pegasus/somospie/run0014/00/00/get_sm_ID0000015.meta,/mnt/poseidon-data/poseidon/workflows/SOMOSPIE/SOMOSPIE_pegasus/CombinedPipeline/submit/poseidon/pegasus/somospie/run0014/00/00/get_sm_ID0000023.meta,/mnt/poseidon-data/poseidon/workflows/SOMOSPIE/SOMOSPIE_pegasus/CombinedPipeline/submit/poseidon/pegasus/somospie/run0014/00/00/get_sm_ID0000018.meta,/mnt/poseidon-data/poseidon/workflows/SOMOSPIE/SOMOSPIE_pegasus/CombinedPipeline/submit/poseidon/pegasus/somospie/run0014/00/00/get_sm_ID0000017.meta,/mnt/poseidon-data/poseidon/workflows/SOMOSPIE/SOMOSPIE_pegasus/CombinedPipeline/submit/poseidon/pegasus/somospie/run0014/00/00/merge_ID0000001.meta,/mnt/poseidon-data/poseidon/workflows/SOMOSPIE/SOMOSPIE_pegasus/CombinedPipeline/submit/poseidon/pegasus/somospie/run0014/00/00/get_sm_ID0000021.meta,/mnt/poseidon-data/poseidon/workflows/SOMOSPIE/SOMOSPIE_pegasus/CombinedPipeline/submit/poseidon/pegasus/somospie/run0014/00/00/get_sm_ID0000025.meta --insert /mnt/poseidon-data/poseidon/workflows/SOMOSPIE/SOMOSPIE_pegasus/CombinedPipeline/submit/poseidon/pegasus/somospie/run0014/00/00/register_condorpool_0_0.in",3.1,0,0,,,,,,,,,
stage_out_local_condorpool_1_0,None,transfer,0,1711663962.0,,,1711663967.0,,,0.0,1711663967.0,1711663977.0,,,0.0,1711663977.0,1711663982.0,5.0,,0.0,10.0,5.0,,,,,poseidon,local,poseidon-submit,pegasus::transfer,/mnt/poseidon-data/poseidon/pegasus-5.1.0panorama/bin/pegasus-transfer,/home/poseidon/pegasus-5.1.0panorama/bin/../bin/pegasus-kickstart  -n pegasus::transfer -N null -i - -R local  -L somospie -T 2024-03-27T17:59:14+00:00 /home/poseidon/pegasus-5.1.0panorama/bin/../bin/pegasus-transfer  --threads 2,6.7,0,0,,,,,,,,,
crop_ID0000009,None,compute,0,1711663962.0,,,1711663967.0,1711663968.0,1711663987.0,131837888.2,1711663967.0,1711664012.0,1711663998.0,1711664002.0,23989632.0,1711664012.0,1711664017.0,5.0,,0.0,45.0,5.0,19.0,1524452582.0,4.0,99654844.0,poseidon,condorpool,poseidon-worker-1-container-20-23,crop,/srv/crop,,2.8,0,0,,,,,,,,,
crop_ID0000007,None,compute,0,1711663962.0,,,1711663967.0,1711663968.0,1711663987.0,134041093.6,1711663967.0,1711664012.0,1711663999.0,1711664004.0,40426104.0,1711664012.0,1711664017.0,5.0,,0.0,45.0,5.0,19.0,1524452582.0,5.0,194227221.0,poseidon,condorpool,poseidon-worker-2-container-24-27,crop,/srv/crop,,3.9,0,0,,,,,,,,,
crop_ID0000005,None,compute,0,1711663962.0,,,1711663967.0,1711663984.0,1711664002.0,144383547.7,1711663983.0,1711664022.0,1711664011.0,1711664015.0,1314422.0,1711664022.0,1711664027.0,5.0,,16.0,39.0,5.0,18.0,1524452582.0,4.0,4263385.0,poseidon,condorpool,poseidon-worker-2-container-24-27,crop,/srv/crop,,1.9,0,0,,,,,,,,,
crop_ID0000003,None,compute,0,1711663962.0,,,1711663967.0,1711663984.0,1711664002.0,143450563.6,1711663983.0,1711664022.0,1711664011.0,1711664015.0,786172.0,1711664022.0,1711664027.0,5.0,,16.0,39.0,5.0,18.0,1524452582.0,4.0,2530349.0,poseidon,condorpool,poseidon-worker-1-container-20-23,crop,/srv/crop,,1.9,0,0,,,,,,,,,
register_condorpool_1_0,None,auxiliary,0,1711663982.0,,,1711663987.0,,,0.0,1711663988.0,1711663992.0,,,0.0,1711663992.0,1711663997.0,5.0,,1.0,4.0,5.0,,,,,poseidon,local,poseidon-submit,pegasus::rc-client,/mnt/poseidon-data/poseidon/pegasus-5.1.0panorama/bin/pegasus-rc-client,"-n pegasus::rc-client -N null -R local  -L somospie -T 2024-03-27T17:59:14+00:00 /home/poseidon/pegasus-5.1.0panorama/bin/pegasus-rc-client --prefix pegasus.catalog.replica.output --conf /mnt/poseidon-data/poseidon/workflows/SOMOSPIE/SOMOSPIE_pegasus/CombinedPipeline/submit/poseidon/pegasus/somospie/run0014/pegasus.15644890093385042515.properties -v --meta /mnt/poseidon-data/poseidon/workflows/SOMOSPIE/SOMOSPIE_pegasus/CombinedPipeline/submit/poseidon/pegasus/somospie/run0014/00/00/reproject_ID0000011.meta,/mnt/poseidon-data/poseidon/workflows/SOMOSPIE/SOMOSPIE_pegasus/CombinedPipeline/submit/poseidon/pegasus/somospie/run0014/00/00/reproject_ID0000002.meta --insert /mnt/poseidon-data/poseidon/workflows/SOMOSPIE/SOMOSPIE_pegasus/CombinedPipeline/submit/poseidon/pegasus/somospie/run0014/00/00/register_condorpool_1_0.in",3.0,0,0,,,,,,,,,
compute_ID0000010,None,compute,0,1711664017.0,,,1711664022.0,1711664023.0,1711664036.0,78191334.0,1711664022.0,1711664067.0,1711664053.0,1711664059.0,46249928.0,1711664067.0,1711664072.0,5.0,,0.0,45.0,5.0,13.0,498525556.0,6.0,250017804.0,poseidon,condorpool,poseidon-worker-1-container-20-23,compute,/srv/compute,,11.9,0,0,0.0,303617006.0,241637093.0,4479.0,7400.0,9.3,0.7,30361700.6,24163709.3
compute_ID0000008,None,compute,0,1711664017.0,,,1711664022.0,1711664023.0,1711664037.0,75322617.6,1711664022.0,1711664077.0,1711664061.0,1711664069.0,67768428.0,1711664077.0,1711664082.0,5.0,,0.0,55.0,5.0,14.0,593097933.0,8.0,506706062.0,poseidon,condorpool,poseidon-worker-2-container-24-27,compute,/srv/compute,,17.7,0,0,0.0,325163269.0,352562274.0,4127.0,10776.0,9.1,0.8,32516326.9,35256227.4
stage_out_local_condorpool_2_0,None,transfer,0,1711664027.0,,,1711664032.0,,,0.0,1711664032.0,1711664037.0,,,0.0,1711664037.0,1711664042.0,5.0,,0.0,5.0,5.0,,,,,poseidon,local,poseidon-submit,pegasus::transfer,/mnt/poseidon-data/poseidon/pegasus-5.1.0panorama/bin/pegasus-transfer,/home/poseidon/pegasus-5.1.0panorama/bin/../bin/pegasus-kickstart  -n pegasus::transfer -N null -i - -R local  -L somospie -T 2024-03-27T17:59:14+00:00 /home/poseidon/pegasus-5.1.0panorama/bin/../bin/pegasus-transfer  --threads 2,1.4,0,0,,,,,,,,,
compute_ID0000004,None,compute,0,1711664027.0,,,1711664032.0,1711664044.0,1711664058.0,58524365.3,1711664043.0,1711664077.0,1711664068.0,1711664071.0,1615612.0,1711664077.0,1711664082.0,5.0,,11.0,34.0,5.0,14.0,401401061.0,3.0,5326886.0,poseidon,condorpool,poseidon-worker-2-container-0-3,compute,/srv/compute,,5.2,0,0,,,,,,,,,
compute_ID0000006,None,compute,0,1711664027.0,,,1711664032.0,1711664044.0,1711664057.0,62407148.0,1711664043.0,1711664077.0,1711664067.0,1711664071.0,2910396.0,1711664077.0,1711664082.0,5.0,,11.0,34.0,5.0,13.0,403134097.0,4.0,9696865.0,poseidon,condorpool,poseidon-worker-1-container-44-47,compute,/srv/compute,,5.3,0,0,,,,,,,,,
register_condorpool_2_0,None,auxiliary,0,1711664042.0,,,1711664047.0,,,0.0,1711664048.0,1711664052.0,,,0.0,1711664052.0,1711664057.0,5.0,,1.0,4.0,5.0,,,,,poseidon,local,poseidon-submit,pegasus::rc-client,/mnt/poseidon-data/poseidon/pegasus-5.1.0panorama/bin/pegasus-rc-client,"-n pegasus::rc-client -N null -R local  -L somospie -T 2024-03-27T17:59:14+00:00 /home/poseidon/pegasus-5.1.0panorama/bin/pegasus-rc-client --prefix pegasus.catalog.replica.output --conf /mnt/poseidon-data/poseidon/workflows/SOMOSPIE/SOMOSPIE_pegasus/CombinedPipeline/submit/poseidon/pegasus/somospie/run0014/pegasus.15644890093385042515.properties -v --meta /mnt/poseidon-data/poseidon/workflows/SOMOSPIE/SOMOSPIE_pegasus/CombinedPipeline/submit/poseidon/pegasus/somospie/run0014/00/00/crop_ID0000007.meta,/mnt/poseidon-data/poseidon/workflows/SOMOSPIE/SOMOSPIE_pegasus/CombinedPipeline/submit/poseidon/pegasus/somospie/run0014/00/00/crop_ID0000009.meta,/mnt/poseidon-data/poseidon/workflows/SOMOSPIE/SOMOSPIE_pegasus/CombinedPipeline/submit/poseidon/pegasus/somospie/run0014/00/00/crop_ID0000003.meta,/mnt/poseidon-data/poseidon/workflows/SOMOSPIE/SOMOSPIE_pegasus/CombinedPipeline/submit/poseidon/pegasus/somospie/run0014/00/00/crop_ID0000005.meta --insert /mnt/poseidon-data/poseidon/workflows/SOMOSPIE/SOMOSPIE_pegasus/CombinedPipeline/submit/poseidon/pegasus/somospie/run0014/00/00/register_condorpool_2_0.in",3.0,0,0,,,,,,,,,
stage_out_local_condorpool_3_0,None,transfer,0,1711664082.0,,,1711664087.0,,,0.0,1711664087.0,1711664097.0,,,0.0,1711664097.0,1711664102.0,5.0,,0.0,10.0,5.0,,,,,poseidon,local,poseidon-submit,pegasus::transfer,/mnt/poseidon-data/poseidon/pegasus-5.1.0panorama/bin/pegasus-transfer,/home/poseidon/pegasus-5.1.0panorama/bin/../bin/pegasus-kickstart  -n pegasus::transfer -N null -i - -R local  -L somospie -T 2024-03-27T17:59:14+00:00 /home/poseidon/pegasus-5.1.0panorama/bin/../bin/pegasus-transfer  --threads 2,3.3,0,0,,,,,,,,,
merge_avg_ID0000014,None,compute,0,1711664082.0,,,1711664087.0,1711664088.0,1711664104.0,80160331.5,1711664087.0,1711664157.0,1711664145.0,1711664151.0,52824026.0,1711664157.0,1711664162.0,5.0,,0.0,70.0,5.0,16.0,737559838.0,6.0,309527239.0,poseidon,condorpool,poseidon-worker-1-container-20-23,merge_avg,/srv/merge_avg,,44.9,0,0,0.0,1132541892.0,674106815.0,49473.0,20684.0,23.8,6.7,37751396.4,22470227.2
merge_avg_ID0000012,None,compute,0,1711664082.0,,,1711664087.0,1711664088.0,1711664104.0,79585117.5,1711664087.0,1711664157.0,1711664143.0,1711664149.0,52952719.0,1711664157.0,1711664162.0,5.0,,0.0,70.0,5.0,16.0,731979063.0,6.0,304811410.0,poseidon,condorpool,poseidon-worker-2-container-0-3,merge_avg,/srv/merge_avg,,45.7,0,0,0.0,1151123862.0,675561307.0,47645.0,20742.0,28.6,8.0,38370795.4,22518710.2
merge_avg_ID0000013,None,compute,0,1711664082.0,,,1711664087.0,1711664088.0,1711664103.0,63055696.6,1711664087.0,1711664152.0,1711664139.0,1711664143.0,24090029.0,1711664152.0,1711664157.0,5.0,,0.0,65.0,5.0,15.0,498824437.0,4.0,98388765.0,poseidon,condorpool,poseidon-worker-2-container-24-27,merge_avg,/srv/merge_avg,,39.9,0,0,0.0,452730596.0,293177105.0,47616.0,9076.0,30.5,7.3,15091019.9,9772570.2
register_condorpool_3_0,None,auxiliary,0,1711664102.0,,,1711664107.0,,,0.0,1711664107.0,1711664112.0,,,0.0,1711664112.0,1711664117.0,5.0,,0.0,5.0,5.0,,,,,poseidon,local,poseidon-submit,pegasus::rc-client,/mnt/poseidon-data/poseidon/pegasus-5.1.0panorama/bin/pegasus-rc-client,"-n pegasus::rc-client -N null -R local  -L somospie -T 2024-03-27T17:59:14+00:00 /home/poseidon/pegasus-5.1.0panorama/bin/pegasus-rc-client --prefix pegasus.catalog.replica.output --conf /mnt/poseidon-data/poseidon/workflows/SOMOSPIE/SOMOSPIE_pegasus/CombinedPipeline/submit/poseidon/pegasus/somospie/run0014/pegasus.15644890093385042515.properties -v --meta /mnt/poseidon-data/poseidon/workflows/SOMOSPIE/SOMOSPIE_pegasus/CombinedPipeline/submit/poseidon/pegasus/somospie/run0014/00/00/compute_ID0000010.meta,/mnt/poseidon-data/poseidon/workflows/SOMOSPIE/SOMOSPIE_pegasus/CombinedPipeline/submit/poseidon/pegasus/somospie/run0014/00/00/compute_ID0000004.meta,/mnt/poseidon-data/poseidon/workflows/SOMOSPIE/SOMOSPIE_pegasus/CombinedPipeline/submit/poseidon/pegasus/somospie/run0014/00/00/compute_ID0000006.meta,/mnt/poseidon-data/poseidon/workflows/SOMOSPIE/SOMOSPIE_pegasus/CombinedPipeline/submit/poseidon/pegasus/somospie/run0014/00/00/compute_ID0000008.meta --insert /mnt/poseidon-data/poseidon/workflows/SOMOSPIE/SOMOSPIE_pegasus/CombinedPipeline/submit/poseidon/pegasus/somospie/run0014/00/00/register_condorpool_3_0.in",3.0,0,0,,,,,,,,,
generate_eval_ID0000039,None,compute,0,1711664162.0,,,1711664167.0,1711664168.0,1711664199.0,103221176.8,1711664167.0,1711664227.0,1711664217.0,1711664220.0,2759138.0,1711664227.0,1711664232.0,5.0,,0.0,60.0,5.0,31.0,2410452250.0,3.0,9068473.0,poseidon,condorpool,poseidon-worker-1-container-0-3,generate_eval,/srv/generate_eval,,8.0,0,0,,,,,,,,,
generate_train_ID0000032,None,compute,0,1711664162.0,,,1711664167.0,1711664168.0,1711664198.0,104337503.4,1711664167.0,1711664222.0,1711664209.0,1711664212.0,394737.0,1711664222.0,1711664227.0,5.0,,0.0,55.0,5.0,30.0,2411396929.0,3.0,1265871.0,poseidon,condorpool,poseidon-worker-1-container-28-31,generate_train,/srv/generate_train,,0.9,0,0,,,,,,,,,
generate_eval_ID0000042,None,compute,0,1711664162.0,,,1711664167.0,1711664168.0,1711664196.0,118937356.4,1711664167.0,1711664232.0,1711664218.0,1711664223.0,45894710.0,1711664232.0,1711664237.0,5.0,,0.0,65.0,5.0,28.0,2410452250.0,5.0,240602325.0,poseidon,condorpool,poseidon-worker-2-container-32-35,generate_eval,/srv/generate_eval,,11.7,0,0,0.0,238318803.0,238041356.0,4073.0,7305.0,9.1,0.8,23831880.3,23804135.6
generate_train_ID0000031,None,compute,0,1711664162.0,,,1711664167.0,1711664168.0,1711664203.0,86665159.4,1711664167.0,1711664227.0,1711664214.0,1711664217.0,365349.0,1711664227.0,1711664232.0,5.0,,0.0,60.0,5.0,35.0,2411324399.0,3.0,1175014.0,poseidon,condorpool,poseidon-worker-2-container-36-39,generate_train,/srv/generate_train,,0.8,0,0,,,,,,,,,
generate_train_ID0000030,None,compute,0,1711664162.0,,,1711664167.0,1711664168.0,1711664200.0,96632126.4,1711664167.0,1711664222.0,1711664211.0,1711664214.0,303003.0,1711664222.0,1711664227.0,5.0,,0.0,55.0,5.0,32.0,2411167840.0,3.0,973028.0,poseidon,condorpool,poseidon-worker-2-container-40-43,generate_train,/srv/generate_train,,0.8,0,0,,,,,,,,,
generate_eval_ID0000040,None,compute,0,1711664162.0,,,1711664167.0,1711664168.0,1711664196.0,118506058.6,1711664167.0,1711664227.0,1711664214.0,1711664217.0,2523681.0,1711664227.0,1711664232.0,5.0,,0.0,60.0,5.0,28.0,2410452250.0,3.0,8350187.0,poseidon,condorpool,poseidon-worker-2-container-44-47,generate_eval,/srv/generate_eval,,7.9,0,0,,,,,,,,,
generate_eval_ID0000041,None,compute,0,1711664162.0,,,1711664167.0,1711664168.0,1711664197.0,111016565.0,1711664167.0,1711664242.0,1711664225.0,1711664233.0,70831993.0,1711664242.0,1711664247.0,5.0,,0.0,75.0,5.0,29.0,2410452250.0,8.0,561272484.0,poseidon,condorpool,poseidon-worker-1-container-40-43,generate_eval,/srv/generate_eval,,15.8,0,0,0.0,341511580.0,328349958.0,4707.0,10056.0,9.1,0.9,34151158.0,32834995.8
generate_train_ID0000036,None,compute,0,1711664162.0,,,1711664167.0,1711664168.0,1711664196.0,117396122.8,1711664167.0,1711664217.0,1711664207.0,1711664210.0,347464.0,1711664217.0,1711664222.0,5.0,,0.0,50.0,5.0,28.0,2411281478.0,3.0,1118721.0,poseidon,condorpool,poseidon-worker-1-container-36-39,generate_train,/srv/generate_train,,0.8,0,0,,,,,,,,,
generate_train_ID0000034,None,compute,0,1711664162.0,,,1711664167.0,1711664168.0,1711664192.0,146827051.2,1711664167.0,1711664212.0,1711664202.0,1711664206.0,389870.0,1711664212.0,1711664217.0,5.0,,0.0,45.0,5.0,24.0,2411404099.0,4.0,1275159.0,poseidon,condorpool,poseidon-worker-1-container-44-47,generate_train,/srv/generate_train,,0.8,0,0,,,,,,,,,
generate_train_ID0000033,None,compute,0,1711664162.0,,,1711664167.0,1711664168.0,1711664211.0,65862280.2,1711664167.0,1711664232.0,1711664222.0,1711664225.0,399970.0,1711664232.0,1711664237.0,5.0,,0.0,65.0,5.0,43.0,2411402752.0,3.0,1274805.0,poseidon,condorpool,poseidon-worker-1-container-20-23,generate_train,/srv/generate_train,,0.8,0,0,,,,,,,,,
generate_train_ID0000029,None,compute,0,1711664162.0,,,1711664167.0,1711664168.0,1711664196.0,116725929.0,1711664167.0,1711664217.0,1711664207.0,1711664210.0,261376.0,1711664217.0,1711664222.0,5.0,,0.0,50.0,5.0,28.0,2411064511.0,3.0,843408.0,poseidon,condorpool,poseidon-worker-2-container-0-3,generate_train,/srv/generate_train,,0.8,0,0,,,,,,,,,
generate_train_ID0000028,None,compute,0,1711664162.0,,,1711664167.0,1711664168.0,1711664196.0,118181193.0,1711664167.0,1711664217.0,1711664206.0,1711664210.0,239872.0,1711664217.0,1711664222.0,5.0,,0.0,50.0,5.0,28.0,2411001737.0,4.0,762584.0,poseidon,condorpool,poseidon-worker-2-container-24-27,generate_train,/srv/generate_train,,0.9,0,0,,,,,,,,,
stage_out_local_condorpool_4_0,None,transfer,0,1711664162.0,,,1711664167.0,,,0.0,1711664167.0,1711664172.0,,,0.0,1711664172.0,1711664177.0,5.0,,0.0,5.0,5.0,,,,,poseidon,local,poseidon-submit,pegasus::transfer,/mnt/poseidon-data/poseidon/pegasus-5.1.0panorama/bin/pegasus-transfer,/home/poseidon/pegasus-5.1.0panorama/bin/../bin/pegasus-kickstart  -n pegasus::transfer -N null -i - -R local  -L somospie -T 2024-03-27T17:59:14+00:00 /home/poseidon/pegasus-5.1.0panorama/bin/../bin/pegasus-transfer  --threads 2,2.4,0,0,,,,,,,,,
generate_train_ID0000027,None,compute,0,1711664162.0,,,1711664167.0,1711664168.0,1711664203.0,85977390.6,1711664167.0,1711664227.0,1711664214.0,1711664217.0,236823.0,1711664227.0,1711664232.0,5.0,,0.0,60.0,5.0,35.0,2411002607.0,3.0,764017.0,poseidon,condorpool,poseidon-worker-2-container-24-27,generate_train,/srv/generate_train,,0.8,0,0,,,,,,,,,
generate_train_ID0000038,None,compute,0,1711664162.0,,,1711664167.0,1711664168.0,1711664193.0,137429242.9,1711664167.0,1711664217.0,1711664204.0,1711664207.0,261937.0,1711664217.0,1711664222.0,5.0,,0.0,50.0,5.0,25.0,2411059770.0,3.0,837547.0,poseidon,condorpool,poseidon-worker-2-container-0-3,generate_train,/srv/generate_train,,0.8,0,0,,,,,,,,,
generate_train_ID0000037,None,compute,0,1711664162.0,,,1711664167.0,1711664168.0,1711664216.0,58002409.7,1711664167.0,1711664237.0,1711664227.0,1711664230.0,302542.0,1711664237.0,1711664242.0,5.0,,0.0,70.0,5.0,48.0,2411164025.0,3.0,969901.0,poseidon,condorpool,poseidon-worker-1-container-20-23,generate_train,/srv/generate_train,,0.7,0,0,,,,,,,,,
generate_train_ID0000035,None,compute,0,1711664162.0,,,1711664167.0,1711664168.0,1711664198.0,105369719.9,1711664167.0,1711664222.0,1711664209.0,1711664212.0,390884.0,1711664222.0,1711664227.0,5.0,,0.0,55.0,5.0,30.0,2411394544.0,3.0,1261244.0,poseidon,condorpool,poseidon-worker-1-container-24-27,generate_train,/srv/generate_train,,0.9,0,0,,,,,,,,,
register_condorpool_4_0,None,auxiliary,0,1711664177.0,,,1711664182.0,,,0.0,1711664182.0,1711664187.0,,,0.0,1711664187.0,1711664192.0,5.0,,0.0,5.0,5.0,,,,,poseidon,local,poseidon-submit,pegasus::rc-client,/mnt/poseidon-data/poseidon/pegasus-5.1.0panorama/bin/pegasus-rc-client,"-n pegasus::rc-client -N null -R local  -L somospie -T 2024-03-27T17:59:14+00:00 /home/poseidon/pegasus-5.1.0panorama/bin/pegasus-rc-client --prefix pegasus.catalog.replica.output --conf /mnt/poseidon-data/poseidon/workflows/SOMOSPIE/SOMOSPIE_pegasus/CombinedPipeline/submit/poseidon/pegasus/somospie/run0014/pegasus.15644890093385042515.properties -v --meta /mnt/poseidon-data/poseidon/workflows/SOMOSPIE/SOMOSPIE_pegasus/CombinedPipeline/submit/poseidon/pegasus/somospie/run0014/00/00/merge_avg_ID0000012.meta,/mnt/poseidon-data/poseidon/workflows/SOMOSPIE/SOMOSPIE_pegasus/CombinedPipeline/submit/poseidon/pegasus/somospie/run0014/00/00/merge_avg_ID0000014.meta,/mnt/poseidon-data/poseidon/workflows/SOMOSPIE/SOMOSPIE_pegasus/CombinedPipeline/submit/poseidon/pegasus/somospie/run0014/00/00/merge_avg_ID0000013.meta --insert /mnt/poseidon-data/poseidon/workflows/SOMOSPIE/SOMOSPIE_pegasus/CombinedPipeline/submit/poseidon/pegasus/somospie/run0014/00/00/register_condorpool_4_0.in",2.9,0,0,,,,,,,,,
stage_out_local_condorpool_5_0,None,transfer,0,1711664247.0,,,1711664252.0,,,0.0,1711664252.0,1711664262.0,,,0.0,1711664262.0,1711664267.0,5.0,,0.0,10.0,5.0,,,,,poseidon,local,poseidon-submit,pegasus::transfer,/mnt/poseidon-data/poseidon/pegasus-5.1.0panorama/bin/pegasus-transfer,/home/poseidon/pegasus-5.1.0panorama/bin/../bin/pegasus-kickstart  -n pegasus::transfer -N null -i - -R local  -L somospie -T 2024-03-27T17:59:14+00:00 /home/poseidon/pegasus-5.1.0panorama/bin/../bin/pegasus-transfer  --threads 2,3.8,0,0,,,,,,,,,
stage_out_local_condorpool_5_1,None,transfer,0,1711664247.0,,,1711664252.0,,,0.0,1711664252.0,1711664257.0,,,0.0,1711664257.0,1711664262.0,5.0,,0.0,5.0,5.0,,,,,poseidon,local,poseidon-submit,pegasus::transfer,/mnt/poseidon-data/poseidon/pegasus-5.1.0panorama/bin/pegasus-transfer,/home/poseidon/pegasus-5.1.0panorama/bin/../bin/pegasus-kickstart  -n pegasus::transfer -N null -i - -R local  -L somospie -T 2024-03-27T17:59:14+00:00 /home/poseidon/pegasus-5.1.0panorama/bin/../bin/pegasus-transfer  --threads 2,1.6,0,0,,,,,,,,,
register_condorpool_5_1,None,auxiliary,0,1711664262.0,,,1711664267.0,,,0.0,1711664267.0,1711664272.0,,,0.0,1711664272.0,1711664277.0,5.0,,0.0,5.0,5.0,,,,,poseidon,local,poseidon-submit,pegasus::rc-client,/mnt/poseidon-data/poseidon/pegasus-5.1.0panorama/bin/pegasus-rc-client,"-n pegasus::rc-client -N null -R local  -L somospie -T 2024-03-27T17:59:14+00:00 /home/poseidon/pegasus-5.1.0panorama/bin/pegasus-rc-client --prefix pegasus.catalog.replica.output --conf /mnt/poseidon-data/poseidon/workflows/SOMOSPIE/SOMOSPIE_pegasus/CombinedPipeline/submit/poseidon/pegasus/somospie/run0014/pegasus.15644890093385042515.properties -v --meta /mnt/poseidon-data/poseidon/workflows/SOMOSPIE/SOMOSPIE_pegasus/CombinedPipeline/submit/poseidon/pegasus/somospie/run0014/00/00/generate_train_ID0000038.meta,/mnt/poseidon-data/poseidon/workflows/SOMOSPIE/SOMOSPIE_pegasus/CombinedPipeline/submit/poseidon/pegasus/somospie/run0014/00/00/generate_train_ID0000037.meta,/mnt/poseidon-data/poseidon/workflows/SOMOSPIE/SOMOSPIE_pegasus/CombinedPipeline/submit/poseidon/pegasus/somospie/run0014/00/00/generate_train_ID0000028.meta,/mnt/poseidon-data/poseidon/workflows/SOMOSPIE/SOMOSPIE_pegasus/CombinedPipeline/submit/poseidon/pegasus/somospie/run0014/00/01/generate_eval_ID0000041.meta,/mnt/poseidon-data/poseidon/workflows/SOMOSPIE/SOMOSPIE_pegasus/CombinedPipeline/submit/poseidon/pegasus/somospie/run0014/00/01/generate_train_ID0000032.meta,/mnt/poseidon-data/poseidon/workflows/SOMOSPIE/SOMOSPIE_pegasus/CombinedPipeline/submit/poseidon/pegasus/somospie/run0014/00/01/generate_train_ID0000035.meta,/mnt/poseidon-data/poseidon/workflows/SOMOSPIE/SOMOSPIE_pegasus/CombinedPipeline/submit/poseidon/pegasus/somospie/run0014/00/01/generate_eval_ID0000040.meta,/mnt/poseidon-data/poseidon/workflows/SOMOSPIE/SOMOSPIE_pegasus/CombinedPipeline/submit/poseidon/pegasus/somospie/run0014/00/01/generate_train_ID0000031.meta,/mnt/poseidon-data/poseidon/workflows/SOMOSPIE/SOMOSPIE_pegasus/CombinedPipeline/submit/poseidon/pegasus/somospie/run0014/00/01/generate_train_ID0000036.meta,/mnt/poseidon-data/poseidon/workflows/SOMOSPIE/SOMOSPIE_pegasus/CombinedPipeline/submit/poseidon/pegasus/somospie/run0014/00/01/generate_eval_ID0000042.meta,/mnt/poseidon-data/poseidon/workflows/SOMOSPIE/SOMOSPIE_pegasus/CombinedPipeline/submit/poseidon/pegasus/somospie/run0014/00/00/generate_train_ID0000029.meta,/mnt/poseidon-data/poseidon/workflows/SOMOSPIE/SOMOSPIE_pegasus/CombinedPipeline/submit/poseidon/pegasus/somospie/run0014/00/00/generate_train_ID0000033.meta,/mnt/poseidon-data/poseidon/workflows/SOMOSPIE/SOMOSPIE_pegasus/CombinedPipeline/submit/poseidon/pegasus/somospie/run0014/00/00/generate_train_ID0000034.meta,/mnt/poseidon-data/poseidon/workflows/SOMOSPIE/SOMOSPIE_pegasus/CombinedPipeline/submit/poseidon/pegasus/somospie/run0014/00/01/generate_train_ID0000030.meta,/mnt/poseidon-data/poseidon/workflows/SOMOSPIE/SOMOSPIE_pegasus/CombinedPipeline/submit/poseidon/pegasus/somospie/run0014/00/01/generate_eval_ID0000039.meta,/mnt/poseidon-data/poseidon/workflows/SOMOSPIE/SOMOSPIE_pegasus/CombinedPipeline/submit/poseidon/pegasus/somospie/run0014/00/00/generate_train_ID0000027.meta --insert /mnt/poseidon-data/poseidon/workflows/SOMOSPIE/SOMOSPIE_pegasus/CombinedPipeline/submit/poseidon/pegasus/somospie/run0014/00/01/register_condorpool_5_1.in",3.0,0,0,,,,,,,,,
register_condorpool_5_0,None,auxiliary,0,1711664267.0,,,1711664277.0,,,0.0,1711664277.0,1711664282.0,,,0.0,1711664282.0,1711664287.0,10.0,,0.0,5.0,5.0,,,,,poseidon,local,poseidon-submit,pegasus::rc-client,/mnt/poseidon-data/poseidon/pegasus-5.1.0panorama/bin/pegasus-rc-client,"-n pegasus::rc-client -N null -R local  -L somospie -T 2024-03-27T17:59:14+00:00 /home/poseidon/pegasus-5.1.0panorama/bin/pegasus-rc-client --prefix pegasus.catalog.replica.output --conf /mnt/poseidon-data/poseidon/workflows/SOMOSPIE/SOMOSPIE_pegasus/CombinedPipeline/submit/poseidon/pegasus/somospie/run0014/pegasus.15644890093385042515.properties -v --meta /mnt/poseidon-data/poseidon/workflows/SOMOSPIE/SOMOSPIE_pegasus/CombinedPipeline/submit/poseidon/pegasus/somospie/run0014/00/00/generate_train_ID0000038.meta,/mnt/poseidon-data/poseidon/workflows/SOMOSPIE/SOMOSPIE_pegasus/CombinedPipeline/submit/poseidon/pegasus/somospie/run0014/00/00/generate_train_ID0000037.meta,/mnt/poseidon-data/poseidon/workflows/SOMOSPIE/SOMOSPIE_pegasus/CombinedPipeline/submit/poseidon/pegasus/somospie/run0014/00/00/generate_train_ID0000028.meta,/mnt/poseidon-data/poseidon/workflows/SOMOSPIE/SOMOSPIE_pegasus/CombinedPipeline/submit/poseidon/pegasus/somospie/run0014/00/01/generate_eval_ID0000041.meta,/mnt/poseidon-data/poseidon/workflows/SOMOSPIE/SOMOSPIE_pegasus/CombinedPipeline/submit/poseidon/pegasus/somospie/run0014/00/01/generate_train_ID0000032.meta,/mnt/poseidon-data/poseidon/workflows/SOMOSPIE/SOMOSPIE_pegasus/CombinedPipeline/submit/poseidon/pegasus/somospie/run0014/00/01/generate_train_ID0000035.meta,/mnt/poseidon-data/poseidon/workflows/SOMOSPIE/SOMOSPIE_pegasus/CombinedPipeline/submit/poseidon/pegasus/somospie/run0014/00/01/generate_eval_ID0000040.meta,/mnt/poseidon-data/poseidon/workflows/SOMOSPIE/SOMOSPIE_pegasus/CombinedPipeline/submit/poseidon/pegasus/somospie/run0014/00/01/generate_train_ID0000031.meta,/mnt/poseidon-data/poseidon/workflows/SOMOSPIE/SOMOSPIE_pegasus/CombinedPipeline/submit/poseidon/pegasus/somospie/run0014/00/01/generate_train_ID0000036.meta,/mnt/poseidon-data/poseidon/workflows/SOMOSPIE/SOMOSPIE_pegasus/CombinedPipeline/submit/poseidon/pegasus/somospie/run0014/00/01/generate_eval_ID0000042.meta,/mnt/poseidon-data/poseidon/workflows/SOMOSPIE/SOMOSPIE_pegasus/CombinedPipeline/submit/poseidon/pegasus/somospie/run0014/00/00/generate_train_ID0000029.meta,/mnt/poseidon-data/poseidon/workflows/SOMOSPIE/SOMOSPIE_pegasus/CombinedPipeline/submit/poseidon/pegasus/somospie/run0014/00/00/generate_train_ID0000033.meta,/mnt/poseidon-data/poseidon/workflows/SOMOSPIE/SOMOSPIE_pegasus/CombinedPipeline/submit/poseidon/pegasus/somospie/run0014/00/00/generate_train_ID0000034.meta,/mnt/poseidon-data/poseidon/workflows/SOMOSPIE/SOMOSPIE_pegasus/CombinedPipeline/submit/poseidon/pegasus/somospie/run0014/00/01/generate_train_ID0000030.meta,/mnt/poseidon-data/poseidon/workflows/SOMOSPIE/SOMOSPIE_pegasus/CombinedPipeline/submit/poseidon/pegasus/somospie/run0014/00/01/generate_eval_ID0000039.meta,/mnt/poseidon-data/poseidon/workflows/SOMOSPIE/SOMOSPIE_pegasus/CombinedPipeline/submit/poseidon/pegasus/somospie/run0014/00/00/generate_train_ID0000027.meta --insert /mnt/poseidon-data/poseidon/workflows/SOMOSPIE/SOMOSPIE_pegasus/CombinedPipeline/submit/poseidon/pegasus/somospie/run0014/00/01/register_condorpool_5_0.in",3.1,0,0,,,,,,,,,
cleanup_somospie_0_condorpool,None,auxiliary,0,1711664267.0,,,1711664272.0,,,0.0,1711664272.0,1711664277.0,,,0.0,1711664277.0,1711664282.0,5.0,,0.0,5.0,5.0,,,,,poseidon,local,poseidon-submit,pegasus::cleanup,/mnt/poseidon-data/poseidon/pegasus-5.1.0panorama/bin/pegasus-transfer,pegasus-kickstart  -n pegasus::cleanup -N null -i - -R local  -L somospie -T 2024-03-27T17:59:14+00:00 pegasus-transfer,0.3,0,0,,,,,,,,,
