,anomaly_type,type,is_clustered,ready,pre_script_start,pre_script_end,submit,stage_in_start,stage_in_end,stage_in_effective_bytes_per_sec,execute_start,execute_end,stage_out_start,stage_out_end,stage_out_effective_bytes_per_sec,post_script_start,post_script_end,wms_delay,pre_script_delay,queue_delay,runtime,post_script_delay,stage_in_delay,stage_in_bytes,stage_out_delay,stage_out_bytes,kickstart_user,kickstart_site,kickstart_hostname,kickstart_transformations,kickstart_executables,kickstart_executables_argv,kickstart_executables_cpu_time,kickstart_status,kickstart_executables_exitcode,kickstart_online_iowait,kickstart_online_bytes_read,kickstart_online_bytes_written,kickstart_online_read_system_calls,kickstart_online_write_system_calls,kickstart_online_utime,kickstart_online_stime,kickstart_online_bytes_read_per_second,kickstart_online_bytes_written_per_second
create_dir_1000-genome_0_condorpool,None,auxiliary,0,1660938198.0,,,1660938199.0,,,0.0,1660938203.0,1660938209.0,,,0.0,1660938209.0,1660938214.0,1.0,,4.0,6.0,5.0,,,,,poseidon,local,host-10-100-100-233.openstacklocal,pegasus::dirmanager,/home/poseidon/pegasus-5.1.0panorama/bin/pegasus-transfer,-n pegasus::dirmanager -N null -i - -R local  -L 1000-genome -T 2022-08-03T06:30:23+00:00 /home/poseidon/pegasus-5.1.0panorama/bin/../bin/pegasus-transfer,0.2,0,0,,,,,,,,,
individuals_ID0000047,None,compute,0,1660938214.0,,,1660938219.0,1660938348.0,1660938494.0,6937033.0,1660938239.0,1660939857.0,1660939890.0,1660939894.0,86106.0,1660939857.0,1660939862.0,5.0,,20.0,1618.0,5.0,146.0,1014283276.0,4.0,388133.0,poseidon,condorpool,worker1-container-24-27,individuals,/var/lib/condor/execute/dir_33328/pegasus.qdGzcZIYR/individuals,,932.4,0,0,0.1,1031984966.0,6237262.0,132518.0,2538.0,929.8,2.4,946775.2,6565.5
individuals_ID0000046,hdd_5,compute,0,1660938214.0,,,1660938219.0,1660938286.0,1660938691.0,2505534.0,1660938240.0,1660940217.0,1660940246.0,1660940251.0,80797.0,1660940217.0,1660940222.0,5.0,,21.0,1977.0,5.0,405.0,1014283276.0,5.0,357121.0,poseidon,condorpool,worker2-container-32-35,individuals,/var/lib/condor/execute/dir_21739/pegasus.VxoXMBinP/individuals,,896.8,0,0,4.3,1028743359.0,5945148.0,131208.0,2535.0,894.4,2.1,910392.4,6392.6
individuals_ID0000045,hdd_5,compute,0,1660938214.0,,,1660938219.0,1660938456.0,1660939389.0,1087476.0,1660938239.0,1660940287.0,1660940320.0,1660940324.0,75407.0,1660940287.0,1660940292.0,5.0,,20.0,2048.0,5.0,933.0,1014283276.0,4.0,337505.0,poseidon,condorpool,worker2-container-12-15,individuals,/var/lib/condor/execute/dir_22849/pegasus.PtVClB9hB/individuals,,917.0,0,0,4.0,1015508091.0,4775135.0,125615.0,2507.0,905.9,5.6,1103813.1,5190.4
individuals_ID0000044,None,compute,0,1660938214.0,,,1660938219.0,1660938348.0,1660938499.0,6731058.0,1660938239.0,1660939857.0,1660939890.0,1660939894.0,103450.0,1660939857.0,1660939862.0,5.0,,20.0,1618.0,5.0,151.0,1014283276.0,4.0,465597.0,poseidon,condorpool,worker1-container-16-19,individuals,/var/lib/condor/execute/dir_35031/pegasus.6niujXe5q/individuals,,928.0,0,0,0.1,1015583896.0,6946805.0,125895.0,2513.0,919.7,2.5,931728.3,7312.4
individuals_ID0000049,None,compute,0,1660938214.0,,,1660938219.0,1660938318.0,1660938538.0,4607168.0,1660938239.0,1660940102.0,1660940134.0,1660940139.0,91551.0,1660940102.0,1660940107.0,5.0,,20.0,1863.0,5.0,220.0,1014283276.0,5.0,409526.0,poseidon,condorpool,worker2-container-8-11,individuals,/var/lib/condor/execute/dir_25906/pegasus.alDYVOJ5f/individuals,,940.4,0,0,0.2,1015600622.0,6110307.0,125978.0,2512.0,937.4,2.0,875517.8,6364.9
individuals_ID0000048,None,compute,0,1660938214.0,,,1660938219.0,1660938466.0,1660938544.0,12995362.0,1660938241.0,1660940082.0,1660940112.0,1660940119.0,63769.0,1660940082.0,1660940087.0,5.0,,22.0,1841.0,5.0,78.0,1014283276.0,7.0,488846.0,poseidon,condorpool,worker2-container-0-3,individuals,/var/lib/condor/execute/dir_23082/pegasus.ebf1CdVnM/individuals,,914.9,0,0,0.2,1015590258.0,7056475.0,125936.0,2523.0,911.3,1.6,898752.4,7587.6
individuals_ID0000032,hdd_5,compute,0,1660938214.0,,,1660938219.0,1660938350.0,1660938677.0,3106583.0,1660938241.0,1660940342.0,1660940371.0,1660940375.0,74469.0,1660940342.0,1660940347.0,5.0,,22.0,2101.0,5.0,327.0,1014283276.0,4.0,325837.0,poseidon,condorpool,worker1-container-12-15,individuals,/var/lib/condor/execute/dir_20961/pegasus.ZkOeFaTPi/individuals,,916.5,0,0,2.7,1015688425.0,5139276.0,126318.0,2500.0,905.2,2.2,736006.1,5298.2
individuals_ID0000031,None,compute,0,1660938214.0,,,1660938219.0,1660938286.0,1660938502.0,4704673.0,1660938239.0,1660939942.0,1660939971.0,1660939978.0,36445.0,1660939942.0,1660939947.0,5.0,,20.0,1703.0,5.0,216.0,1014283276.0,7.0,260007.0,poseidon,condorpool,worker1-container-32-35,individuals,/var/lib/condor/execute/dir_39301/pegasus.fppeLV8Fw/individuals,,948.8,0,0,0.1,1015606608.0,4473111.0,125985.0,2524.0,945.6,1.8,883136.2,4518.3
individuals_ID0000030,None,compute,0,1660938214.0,,,1660938219.0,1660938466.0,1660938545.0,12932879.0,1660938241.0,1660940132.0,1660940165.0,1660940169.0,50271.0,1660940132.0,1660940137.0,5.0,,22.0,1891.0,5.0,79.0,1014283276.0,4.0,221493.0,poseidon,condorpool,worker2-container-24-27,individuals,/var/lib/condor/execute/dir_26550/pegasus.90TCwUCjy/individuals,,960.9,0,0,3.1,1015608895.0,3252889.0,126008.0,2514.0,954.3,2.2,860685.5,3319.3
individuals_ID0000036,hdd_5,compute,0,1660938214.0,,,1660938219.0,1660938286.0,1660938634.0,2918339.0,1660938239.0,1660940317.0,1660940348.0,1660940352.0,49901.0,1660940317.0,1660940322.0,5.0,,20.0,2078.0,5.0,348.0,1014283276.0,4.0,216379.0,poseidon,condorpool,worker1-container-8-11,individuals,/var/lib/condor/execute/dir_30538/pegasus.QRdy7TxJ4/individuals,,935.6,0,0,2.7,1015701012.0,3858918.0,126360.0,2502.0,925.4,1.8,725500.7,3937.7
sifting_ID0000104,hdd_5,compute,0,1660938214.0,,,1660938219.0,1660938285.0,1660939389.0,1548200.0,1660938239.0,1660939366.0,1660939399.0,1660939403.0,237023.0,1660939366.0,1660939371.0,5.0,,20.0,1127.0,5.0,1104.0,1708159164.0,4.0,1055195.0,poseidon,condorpool,worker2-container-36-39,sifting,/var/lib/condor/execute/dir_30201/pegasus.9RX31qc2K/sifting,,4.7,0,0,,,,,,,,,
individuals_ID0000035,None,compute,0,1660938214.0,,,1660938219.0,1660938348.0,1660938501.0,6622416.0,1660938239.0,1660939877.0,1660939901.0,1660939905.0,91894.0,1660939877.0,1660939882.0,5.0,,20.0,1638.0,5.0,153.0,1014283276.0,4.0,410018.0,poseidon,condorpool,worker1-container-36-39,individuals,/var/lib/condor/execute/dir_36910/pegasus.2VGIqeoUv/individuals,,936.4,0,0,0.0,1015587671.0,6807688.0,125910.0,2515.0,930.2,2.0,923261.5,7166.0
individuals_ID0000033,None,compute,0,1660938214.0,,,1660938219.0,1660938286.0,1660938532.0,4122032.0,1660938239.0,1660940087.0,1660940119.0,1660940123.0,92870.0,1660940087.0,1660940092.0,5.0,,20.0,1848.0,5.0,246.0,1014283276.0,4.0,416567.0,poseidon,condorpool,worker2-container-4-7,individuals,/var/lib/condor/execute/dir_30194/pegasus.OCjsF0sxW/individuals,,930.1,0,0,0.5,1030596938.0,6924576.0,131735.0,2537.0,927.6,2.2,888445.6,7213.1
individuals_ID0000039,None,compute,0,1660938214.0,,,1660938219.0,1660938286.0,1660938542.0,3963298.0,1660938239.0,1660940097.0,1660940129.0,1660940133.0,63845.0,1660940097.0,1660940102.0,5.0,,20.0,1858.0,5.0,256.0,1014283276.0,4.0,278767.0,poseidon,condorpool,worker2-container-20-23,individuals,/var/lib/condor/execute/dir_30488/pegasus.dkLhZmD73/individuals,,929.9,0,0,0.6,1015608189.0,4269449.0,125993.0,2525.0,926.3,2.7,875524.3,4447.3
individuals_ID0000038,hdd_5,compute,0,1660938214.0,,,1660938219.0,1660938286.0,1660938701.0,2442973.0,1660938239.0,1660940227.0,1660940259.0,1660940263.0,68807.0,1660940227.0,1660940232.0,5.0,,20.0,1988.0,5.0,415.0,1014283276.0,4.0,303184.0,poseidon,condorpool,worker2-container-36-39,individuals,/var/lib/condor/execute/dir_30198/pegasus.NxSzj7WSr/individuals,,897.6,0,0,5.0,1015600945.0,8039814.0,125957.0,2520.0,892.8,2.2,898761.9,8645.0
individuals_ID0000037,None,compute,0,1660938214.0,,,1660938219.0,1660938348.0,1660938494.0,6909276.0,1660938239.0,1660939862.0,1660939890.0,1660939895.0,62658.0,1660939862.0,1660939867.0,5.0,,20.0,1623.0,5.0,146.0,1014283276.0,5.0,276104.0,poseidon,condorpool,worker1-container-0-3,individuals,/var/lib/condor/execute/dir_41078/pegasus.4S9O4ACua/individuals,,932.7,0,0,0.0,1025985439.0,5971020.0,130055.0,2532.0,930.7,1.6,941271.0,6285.3
individuals_ID0000021,hdd_5,compute,0,1660938214.0,,,1660938219.0,1660938350.0,1660938675.0,3124665.0,1660938241.0,1660940327.0,1660940360.0,1660940364.0,133222.0,1660940327.0,1660940332.0,5.0,,22.0,2086.0,5.0,325.0,1014283276.0,4.0,609253.0,poseidon,condorpool,worker1-container-12-15,individuals,/var/lib/condor/execute/dir_20960/pegasus.HJk5cTGRP/individuals,,907.2,0,0,2.8,1015679179.0,9931112.0,126291.0,2499.0,894.5,3.0,741371.7,10453.8
individuals_ID0000020,None,compute,0,1660938214.0,,,1660938219.0,1660938466.0,1660938539.0,13952267.0,1660938241.0,1660940077.0,1660940104.0,1660940108.0,75873.0,1660940077.0,1660940082.0,5.0,,22.0,1836.0,5.0,73.0,1014283276.0,4.0,338164.0,poseidon,condorpool,worker2-container-28-31,individuals,/var/lib/condor/execute/dir_20566/pegasus.h4EYNnloM/individuals,,913.4,0,0,0.2,1015589865.0,5880469.0,125933.0,2502.0,894.4,9.3,898752.1,6323.1
individuals_ID0000025,None,compute,0,1660938214.0,,,1660938219.0,1660938348.0,1660938497.0,6775981.0,1660938239.0,1660939877.0,1660939897.0,1660939902.0,113846.0,1660939877.0,1660939882.0,5.0,,20.0,1638.0,5.0,149.0,1014283276.0,5.0,505467.0,poseidon,condorpool,worker1-container-20-23,individuals,/var/lib/condor/execute/dir_31102/pegasus.oG4edqrHU/individuals,,936.7,0,0,0.0,1015572742.0,7560640.0,125871.0,2516.0,930.4,1.9,931718.1,7958.6
individuals_ID0000024,None,compute,0,1660938214.0,,,1660938219.0,1660938348.0,1660938501.0,6612617.0,1660938239.0,1660939877.0,1660939901.0,1660939906.0,78425.0,1660939877.0,1660939882.0,5.0,,20.0,1638.0,5.0,153.0,1014283276.0,5.0,341159.0,poseidon,condorpool,worker1-container-24-27,individuals,/var/lib/condor/execute/dir_33325/pegasus.7UZKOkudh/individuals,,937.1,0,0,0.0,1015587555.0,6360409.0,125910.0,2513.0,930.4,1.8,923261.4,6695.2
individuals_ID0000023,hdd_5,compute,0,1660938214.0,,,1660938219.0,1660938357.0,1660938692.0,3026235.0,1660938239.0,1660940242.0,1660940274.0,1660940278.0,50447.0,1660940242.0,1660940247.0,5.0,,20.0,2003.0,5.0,335.0,1014283276.0,4.0,225127.0,poseidon,condorpool,worker2-container-32-35,individuals,/var/lib/condor/execute/dir_21736/pegasus.yyldFRw5a/individuals,,922.0,0,0,4.8,1015597436.0,3538035.0,125963.0,2509.0,914.3,2.0,883128.2,3763.9
individuals_ID0000022,None,compute,0,1660938214.0,,,1660938219.0,1660938284.0,1660938490.0,4920583.0,1660938239.0,1660939877.0,1660939900.0,1660939905.0,53925.0,1660939877.0,1660939882.0,5.0,,20.0,1638.0,5.0,206.0,1014283276.0,5.0,236310.0,poseidon,condorpool,worker1-container-16-19,individuals,/var/lib/condor/execute/dir_35028/pegasus.AxETLc9Hm/individuals,,946.9,0,0,0.0,1015585763.0,4063393.0,125913.0,2514.0,940.5,1.8,914942.1,4189.1
individuals_ID0000034,None,compute,0,1660938214.0,,,1660938219.0,1660938286.0,1660938501.0,4714409.0,1660938239.0,1660940212.0,1660940241.0,1660940245.0,65034.0,1660940212.0,1660940217.0,5.0,,20.0,1973.0,5.0,215.0,1014283276.0,4.0,286559.0,poseidon,condorpool,worker1-container-4-7,individuals,/var/lib/condor/execute/dir_35930/pegasus.pSUFXKDhf/individuals,,955.8,0,0,0.1,1033517088.0,5156448.0,133546.0,2538.0,953.6,2.2,875861.9,5105.4
individuals_ID0000029,hdd_5,compute,0,1660938214.0,,,1660938219.0,1660938466.0,1660938576.0,9188240.0,1660938239.0,1660940102.0,1660940132.0,1660940137.0,42915.0,1660940102.0,1660940107.0,5.0,,20.0,1863.0,5.0,110.0,1014283276.0,5.0,228273.0,poseidon,condorpool,worker2-container-12-15,individuals,/var/lib/condor/execute/dir_22846/pegasus.uPSLWU4a4/individuals,,900.2,0,0,0.2,1024335022.0,3776864.0,129861.0,2529.0,897.9,2.0,914584.8,4105.3
individuals_ID0000040,None,compute,0,1660938214.0,,,1660938219.0,1660938286.0,1660938502.0,4694546.0,1660938239.0,1660940202.0,1660939973.0,1660939979.0,36025.0,1660940202.0,1660940207.0,5.0,,20.0,1963.0,5.0,216.0,1014283276.0,6.0,237165.0,poseidon,condorpool,worker1-container-28-31,individuals,/var/lib/condor/execute/dir_32770/pegasus.NI1mhVEeB/individuals,,950.8,0,0,0.0,1015610345.0,3156292.0,126000.0,2523.0,948.0,1.4,875526.2,3156.3
individuals_ID0000042,None,compute,0,1660938214.0,,,1660938219.0,1660938466.0,1660938543.0,13142404.0,1660938241.0,1660940122.0,1660940152.0,1660940156.0,68567.0,1660940122.0,1660940127.0,5.0,,22.0,1881.0,5.0,77.0,1014283276.0,4.0,309039.0,poseidon,condorpool,worker2-container-28-31,individuals,/var/lib/condor/execute/dir_20568/pegasus.ID110294d/individuals,,949.2,0,0,2.4,1015614240.0,4738066.0,126020.0,2521.0,945.1,1.6,860690.0,4884.6
individuals_ID0000061,None,compute,0,1660938214.0,,,1660938225.0,1660939978.0,1660940248.0,3764245.0,1660939928.0,1660941008.0,1660941038.0,1660941042.0,87919.0,1660941008.0,1660941013.0,11.0,,1703.0,1080.0,5.0,270.0,1014254291.0,4.0,388467.0,poseidon,condorpool,worker1-container-36-39,individuals,/var/lib/condor/execute/dir_38299/pegasus.EuHRWcHcm/individuals,,784.7,0,0,0.0,1015389496.0,4817948.0,125325.0,2512.0,778.8,1.2,1301781.4,6176.9
individuals_ID0000060,None,compute,0,1660938214.0,,,1660938224.0,1660939974.0,1660940249.0,3694872.0,1660939928.0,1660941008.0,1660941040.0,1660941044.0,84926.0,1660941008.0,1660941013.0,10.0,,1704.0,1080.0,5.0,275.0,1014254291.0,4.0,369069.0,poseidon,condorpool,worker1-container-20-23,individuals,/var/lib/condor/execute/dir_32891/pegasus.W6POnGUm4/individuals,,785.5,0,0,0.0,1015408946.0,5013516.0,125367.0,2509.0,772.2,7.8,1301806.3,6427.6
individuals_ID0000065,None,compute,0,1660938214.0,,,1660938219.0,1660939973.0,1660940243.0,3760013.0,1660939928.0,1660941003.0,1660941036.0,1660941040.0,114208.0,1660941003.0,1660941008.0,5.0,,1709.0,1075.0,5.0,270.0,1014254291.0,4.0,496158.0,poseidon,condorpool,worker1-container-28-31,individuals,/var/lib/condor/execute/dir_34120/pegasus.YT2gxohHA/individuals,,788.0,0,0,0.0,1015388132.0,8187482.0,125322.0,2502.0,770.2,9.8,1301779.7,10496.8
individuals_ID0000064,None,compute,0,1660938214.0,,,1660938219.0,1660939975.0,1660940244.0,3769460.0,1660939928.0,1660941003.0,1660941033.0,1660941037.0,109630.0,1660941003.0,1660941008.0,5.0,,1709.0,1075.0,5.0,269.0,1014254291.0,4.0,473233.0,poseidon,condorpool,worker1-container-24-27,individuals,/var/lib/condor/execute/dir_35137/pegasus.SvNqdvyxn/individuals,,783.8,0,0,0.0,1015408948.0,7596972.0,125367.0,2515.0,770.4,9.7,1301806.3,9739.7
individuals_ID0000063,None,compute,0,1660938214.0,,,1660938219.0,1660939975.0,1660940246.0,3739871.0,1660939928.0,1660941008.0,1660941039.0,1660941043.0,145727.0,1660941008.0,1660941013.0,5.0,,1709.0,1080.0,5.0,271.0,1014254291.0,4.0,633653.0,poseidon,condorpool,worker1-container-4-7,individuals,/var/lib/condor/execute/dir_37501/pegasus.eyCHkMaV1/individuals,,787.3,0,0,0.0,1015393040.0,8114183.0,125334.0,2764.0,770.4,9.6,1301785.9,10402.8
individuals_ID0000062,None,compute,0,1660938214.0,,,1660938219.0,1660939973.0,1660940246.0,3710391.0,1660939928.0,1660941003.0,1660941036.0,1660941041.0,151151.0,1660941003.0,1660941008.0,5.0,,1709.0,1075.0,5.0,273.0,1014254291.0,5.0,665677.0,poseidon,condorpool,worker1-container-32-35,individuals,/var/lib/condor/execute/dir_40896/pegasus.utxQHht7Q/individuals,,784.3,0,0,0.0,1015393884.0,10675561.0,125334.0,2515.0,771.8,8.0,1301787.0,13686.6
individuals_ID0000102,None,compute,0,1660938214.0,,,1660938219.0,1660939981.0,1660940252.0,3737113.0,1660939931.0,1660941013.0,1660941047.0,1660941051.0,92266.0,1660941013.0,1660941018.0,5.0,,1712.0,1082.0,5.0,271.0,1014254291.0,4.0,395005.0,poseidon,condorpool,worker1-container-0-3,individuals,/var/lib/condor/execute/dir_42867/pegasus.Mxv3d7ZDS/individuals,,789.6,0,0,0.0,1015408260.0,6204933.0,125367.0,2495.0,778.1,2.0,1301805.5,7955.0
individuals_ID0000069,None,compute,0,1660938214.0,,,1660938219.0,1660939975.0,1660940248.0,3713166.0,1660939929.0,1660941008.0,1660941039.0,1660941043.0,108046.0,1660941008.0,1660941013.0,5.0,,1710.0,1079.0,5.0,273.0,1014254291.0,4.0,470342.0,poseidon,condorpool,worker1-container-16-19,individuals,/var/lib/condor/execute/dir_36782/pegasus.CHNJTMI1o/individuals,,785.6,0,0,0.0,1015408956.0,7211815.0,125367.0,2509.0,770.1,9.9,1301806.4,9245.9
individuals_ID0000101,hdd_5,compute,0,1660938214.0,,,1660938219.0,1660939975.0,1660940244.0,3766948.0,1660939928.0,1660941003.0,1660941033.0,1660941037.0,97810.0,1660941003.0,1660941008.0,5.0,,1709.0,1075.0,5.0,269.0,1014254291.0,4.0,426574.0,poseidon,condorpool,worker1-container-8-11,individuals,/var/lib/condor/execute/dir_32038/pegasus.b6DWzhPFz/individuals,,783.3,0,0,0.0,1015423852.0,7613828.0,125400.0,2516.0,770.0,9.9,1301825.5,9761.3
individuals_ID0000068,None,compute,0,1660938214.0,,,1660938219.0,1660939917.0,1660940242.0,3116584.0,1660939859.0,1660941038.0,1660941071.0,1660941076.0,111678.0,1660941038.0,1660941043.0,5.0,,1640.0,1179.0,5.0,325.0,1014254291.0,5.0,498416.0,poseidon,condorpool,worker1-container-20-23,individuals,/var/lib/condor/execute/dir_32470/pegasus.PVV2M0Vyf/individuals,,823.7,0,0,0.0,1015418588.0,7657669.0,125415.0,2570.0,809.9,10.2,1238315.4,9338.6
individuals_ID0000041,None,compute,0,1660938214.0,,,1660938219.0,1660938284.0,1660938496.0,4790623.0,1660938240.0,1660939862.0,1660939891.0,1660939896.0,72787.0,1660939862.0,1660939867.0,5.0,,21.0,1622.0,5.0,212.0,1014283276.0,5.0,315175.0,poseidon,condorpool,worker1-container-20-23,individuals,/var/lib/condor/execute/dir_31104/pegasus.fo36jBvNx/individuals,,932.0,0,0,0.0,1015568909.0,5141061.0,125856.0,2501.0,920.6,1.5,940341.6,5469.2
individuals_ID0000100,None,compute,0,1660938214.0,,,1660938219.0,1660939918.0,1660940241.0,3142861.0,1660939859.0,1660941003.0,1660941032.0,1660941036.0,90391.0,1660941003.0,1660941008.0,5.0,,1640.0,1144.0,5.0,323.0,1014254291.0,4.0,401648.0,poseidon,condorpool,worker1-container-16-19,individuals,/var/lib/condor/execute/dir_36396/pegasus.8eZY6YgRx/individuals,,785.7,0,0,0.0,1015408915.0,6331995.0,125367.0,2508.0,770.2,9.7,1301806.3,8117.9
individuals_ID0000066,None,compute,0,1660938214.0,,,1660938219.0,1660939906.0,1660940243.0,3011845.0,1660939859.0,1660941038.0,1660941068.0,1660941073.0,218670.0,1660941038.0,1660941043.0,5.0,,1640.0,1179.0,5.0,337.0,1014254291.0,5.0,989482.0,poseidon,condorpool,worker1-container-20-23,individuals,/var/lib/condor/execute/dir_32469/pegasus.bH2cUKCrd/individuals,,820.1,0,0,0.0,1041759533.0,14294397.0,134092.0,3177.0,812.1,7.9,1270438.5,17432.2
individuals_ID0000050,None,compute,0,1660938214.0,,,1660938219.0,1660939905.0,1660939979.0,13727240.0,1660939859.0,1660940993.0,1660941025.0,1660941029.0,100260.0,1660940993.0,1660940998.0,5.0,,1640.0,1134.0,5.0,74.0,1014283276.0,4.0,449663.0,poseidon,condorpool,worker1-container-16-19,individuals,/var/lib/condor/execute/dir_36393/pegasus.RPvYk8AZN/individuals,,785.2,0,0,0.0,1032363733.0,7198310.0,132705.0,2537.0,777.6,7.5,992657.4,9111.8
individuals_ID0000054,None,compute,0,1660938214.0,,,1660938219.0,1660939906.0,1660939983.0,13047041.0,1660939859.0,1660940998.0,1660941027.0,1660941032.0,63018.0,1660940998.0,1660941003.0,5.0,,1640.0,1139.0,5.0,77.0,1014254291.0,5.0,272613.0,poseidon,condorpool,worker1-container-0-3,individuals,/var/lib/condor/execute/dir_42472/pegasus.i7whsPiiG/individuals,,786.7,0,0,0.0,1015400528.0,3350794.0,125352.0,2504.0,777.7,2.2,1301795.5,4295.9
individuals_ID0000053,None,compute,0,1660938214.0,,,1660938219.0,1660939906.0,1660939974.0,14786605.0,1660939859.0,1660940893.0,1660940924.0,1660940929.0,50008.0,1660940893.0,1660940898.0,5.0,,1640.0,1034.0,5.0,68.0,1014254291.0,5.0,216834.0,poseidon,condorpool,worker1-container-24-27,individuals,/var/lib/condor/execute/dir_34918/pegasus.ieu3yZPDM/individuals,,689.1,0,0,0.0,1015469177.0,2240769.0,125607.0,2502.0,682.5,2.1,1080286.4,3247.5
individuals_ID0000058,None,compute,0,1660938214.0,,,1660938219.0,1660939917.0,1660939980.0,16073837.0,1660939859.0,1660941008.0,1660941038.0,1660941042.0,72669.0,1660941008.0,1660941013.0,5.0,,1640.0,1149.0,5.0,63.0,1014254291.0,4.0,312300.0,poseidon,condorpool,worker1-container-4-7,individuals,/var/lib/condor/execute/dir_37287/pegasus.MmCAyPSXY/individuals,,797.4,0,0,0.0,1015407840.0,4169722.0,125373.0,2503.0,780.6,9.4,1285326.4,5278.1
individuals_ID0000057,hdd_5,compute,0,1660938214.0,,,1660938219.0,1660939917.0,1660939980.0,16089944.0,1660939859.0,1660941023.0,1660941056.0,1660941060.0,63278.0,1660941023.0,1660941028.0,5.0,,1640.0,1164.0,5.0,63.0,1014254291.0,4.0,273176.0,poseidon,condorpool,worker1-container-8-11,individuals,/var/lib/condor/execute/dir_31824/pegasus.gqL74XnB8/individuals,,814.9,0,0,0.0,1015435193.0,5102225.0,125445.0,2510.0,800.3,9.7,1253623.7,6299.0
individuals_ID0000056,None,compute,0,1660938214.0,,,1660938219.0,1660939917.0,1660939980.0,16056571.0,1660939859.0,1660940998.0,1660941029.0,1660941033.0,65946.0,1660940998.0,1660941003.0,5.0,,1640.0,1139.0,5.0,63.0,1014254291.0,4.0,284034.0,poseidon,condorpool,worker1-container-32-35,individuals,/var/lib/condor/execute/dir_40656/pegasus.xbbzksaP9/individuals,,788.1,0,0,0.0,1015393673.0,4935716.0,125334.0,2500.0,771.5,8.4,1301786.8,6327.8
individuals_ID0000055,None,compute,0,1660938214.0,,,1660938219.0,1660939845.0,1660939859.0,76577098.0,1660939799.0,1660940928.0,1660940961.0,1660940966.0,93405.0,1660940928.0,1660940933.0,5.0,,1580.0,1129.0,5.0,14.0,1014254291.0,5.0,404925.0,poseidon,condorpool,worker1-container-24-27,individuals,/var/lib/condor/execute/dir_34593/pegasus.GyMslHjdL/individuals,,781.7,0,0,2.7,1015541742.0,7401983.0,125865.0,2503.0,770.8,3.7,931689.7,9026.8
individuals_ID0000059,hdd_5,compute,0,1660938214.0,,,1660938219.0,1660939413.0,1660939426.0,76485169.0,1660939366.0,1660940317.0,1660940347.0,1660940351.0,77235.0,1660940317.0,1660940322.0,5.0,,1147.0,951.0,5.0,13.0,1014254291.0,4.0,342522.0,poseidon,condorpool,worker2-container-36-39,individuals,/var/lib/condor/execute/dir_31140/pegasus.zdRibBlFd/individuals,,907.7,0,0,3.0,1015475312.0,4491867.0,125597.0,2507.0,900.8,1.5,1115906.9,4936.1
individuals_ID0000043,None,compute,0,1660938214.0,,,1660938219.0,1660939399.0,1660939413.0,71870517.0,1660939353.0,1660940297.0,1660940329.0,1660940334.0,85061.0,1660940297.0,1660940302.0,5.0,,1134.0,944.0,5.0,14.0,1014283276.0,5.0,385724.0,poseidon,condorpool,worker2-container-16-19,individuals,/var/lib/condor/execute/dir_26179/pegasus.v4HciiP57/individuals,,904.0,0,0,2.4,1015504272.0,7367041.0,125600.0,2523.0,894.7,8.2,1115938.8,8095.6
individuals_ID0000067,None,compute,0,1660938214.0,,,1660938219.0,1660939906.0,1660939984.0,13048382.0,1660939859.0,1660940993.0,1660941026.0,1660941031.0,111598.0,1660940993.0,1660940998.0,5.0,,1640.0,1134.0,5.0,78.0,1014254291.0,5.0,486929.0,poseidon,condorpool,worker1-container-0-3,individuals,/var/lib/condor/execute/dir_42473/pegasus.VMUVw13eU/individuals,,785.5,0,0,0.0,1015404091.0,6300738.0,125358.0,2509.0,772.6,7.4,1301800.1,8077.9
individuals_ID0000028,None,compute,0,1660938214.0,,,1660938219.0,1660938289.0,1660938496.0,4900465.0,1660938239.0,1660940212.0,1660940241.0,1660940245.0,104267.0,1660940212.0,1660940217.0,5.0,,20.0,1973.0,5.0,207.0,1014283276.0,4.0,466880.0,poseidon,condorpool,worker1-container-28-31,individuals,/var/lib/condor/execute/dir_32769/pegasus.ydQhknnA9/individuals,,962.0,0,0,0.0,1015608590.0,8199949.0,126003.0,2514.0,954.8,1.8,868041.5,8118.8
sifting_ID0000052,None,compute,0,1660938214.0,,,1660938219.0,1660938466.0,1660938551.0,18542152.0,1660938241.0,1660939351.0,1660939384.0,1660939388.0,354805.0,1660939351.0,1660939356.0,5.0,,22.0,1110.0,5.0,85.0,1580481751.0,4.0,1636846.0,poseidon,condorpool,worker2-container-16-19,sifting,/var/lib/condor/execute/dir_25203/pegasus.ASe6iBpO7/sifting,,4.1,0,0,,,,,,,,,
individuals_ID0000026,None,compute,0,1660938214.0,,,1660938219.0,1660938284.0,1660938496.0,4787339.0,1660938239.0,1660939857.0,1660939888.0,1660939892.0,86368.0,1660939857.0,1660939862.0,5.0,,20.0,1618.0,5.0,212.0,1014283276.0,4.0,386197.0,poseidon,condorpool,worker1-container-32-35,individuals,/var/lib/condor/execute/dir_39299/pegasus.W8LDJXeNr/individuals,,929.3,0,0,0.0,1015568903.0,6820572.0,125856.0,2510.0,921.0,1.5,940341.6,7255.9
individuals_ID0000085,None,compute,0,1660938214.0,,,1660938219.0,1660938286.0,1660938541.0,3968445.0,1660938239.0,1660940087.0,1660940118.0,1660940123.0,64269.0,1660940087.0,1660940092.0,5.0,,20.0,1848.0,5.0,255.0,1014254291.0,5.0,291638.0,poseidon,condorpool,worker2-container-4-7,individuals,/var/lib/condor/execute/dir_30190/pegasus.sXaKxLcpF/individuals,,920.9,0,0,0.5,1015569089.0,4228737.0,125957.0,2506.0,911.7,1.6,890850.1,4498.7
individuals_ID0000084,hdd_5,compute,0,1660938214.0,,,1660938219.0,1660938284.0,1660938677.0,2582068.0,1660938239.0,1660940227.0,1660940260.0,1660940264.0,105395.0,1660940227.0,1660940232.0,5.0,,20.0,1988.0,5.0,393.0,1014254291.0,4.0,486807.0,poseidon,condorpool,worker2-container-36-39,individuals,/var/lib/condor/execute/dir_30197/pegasus.f5JEeTjUG/individuals,,923.8,0,0,3.4,1015576179.0,9759665.0,125969.0,2506.0,914.8,1.7,890856.3,10382.6
individuals_ID0000009,None,compute,0,1660938214.0,,,1660938219.0,1660938345.0,1660938502.0,6481993.0,1660938239.0,1660939877.0,1660939901.0,1660939906.0,82031.0,1660939877.0,1660939882.0,5.0,,20.0,1638.0,5.0,157.0,1014283276.0,5.0,364796.0,poseidon,condorpool,worker1-container-0-3,individuals,/var/lib/condor/execute/dir_41074/pegasus.dCB3Snn9D/individuals,,936.7,0,0,0.0,1015582920.0,5117971.0,125895.0,2515.0,930.3,2.0,931727.4,5387.3
individuals_ID0000008,hdd_5,compute,0,1660938214.0,,,1660938219.0,1660938350.0,1660938673.0,3144092.0,1660938241.0,1660940332.0,1660940361.0,1660940365.0,82506.0,1660940332.0,1660940337.0,5.0,,22.0,2091.0,5.0,323.0,1014283276.0,4.0,353963.0,poseidon,condorpool,worker1-container-12-15,individuals,/var/lib/condor/execute/dir_20957/pegasus.7cubks4Nq/individuals,,910.3,0,0,2.8,1015677198.0,5658735.0,126294.0,2472.0,904.3,3.4,735998.0,5833.7
individuals_ID0000003,None,compute,0,1660938214.0,,,1660938219.0,1660938286.0,1660938533.0,4109095.0,1660938241.0,1660940102.0,1660940129.0,1660940134.0,81340.0,1660940102.0,1660940107.0,5.0,,22.0,1861.0,5.0,247.0,1014283276.0,5.0,373148.0,poseidon,condorpool,worker2-container-28-31,individuals,/var/lib/condor/execute/dir_20563/pegasus.fRVbQguei/individuals,,940.5,0,0,0.1,1023286981.0,4689502.0,129299.0,2523.0,937.3,2.3,874604.3,4884.9
individuals_ID0000002,None,compute,0,1660938214.0,,,1660938219.0,1660938345.0,1660938502.0,6461845.0,1660938239.0,1660939917.0,1660939903.0,1660939918.0,27527.0,1660939917.0,1660939922.0,5.0,,20.0,1678.0,5.0,157.0,1014283276.0,15.0,407864.0,poseidon,condorpool,worker1-container-20-23,individuals,/var/lib/condor/execute/dir_31099/pegasus.PX8xGVpdv/individuals,,938.1,0,0,0.0,1015583852.0,4329596.0,125895.0,2510.0,930.9,1.4,931728.3,4557.5
individuals_ID0000089,None,compute,0,1660938214.0,,,1660938219.0,1660938286.0,1660938498.0,4795658.0,1660938239.0,1660939862.0,1660939896.0,1660939900.0,55679.0,1660939862.0,1660939867.0,5.0,,20.0,1623.0,5.0,212.0,1014254291.0,4.0,244786.0,poseidon,condorpool,worker1-container-28-31,individuals,/var/lib/condor/execute/dir_32765/pegasus.fJytN0l7K/individuals,,934.5,0,0,0.0,1015549330.0,2668063.0,125880.0,2334.0,927.7,4.4,931696.6,2808.5
individuals_ID0000001,None,compute,0,1660938214.0,,,1660938219.0,1660938284.0,1660938495.0,4810292.0,1660938239.0,1660939767.0,1660939800.0,1660939804.0,64207.0,1660939767.0,1660939772.0,5.0,,20.0,1528.0,5.0,211.0,1014283276.0,4.0,279117.0,poseidon,condorpool,worker1-container-24-27,individuals,/var/lib/condor/execute/dir_33322/pegasus.9DYWPZf6g/individuals,,842.4,0,0,0.0,1015545923.0,2850099.0,125745.0,2498.0,823.8,8.8,1025804.0,3353.1
individuals_ID0000088,None,compute,0,1660938214.0,,,1660938219.0,1660938348.0,1660938506.0,6407562.0,1660938239.0,1660940202.0,1660939973.0,1660939979.0,31805.0,1660940202.0,1660940207.0,5.0,,20.0,1963.0,5.0,158.0,1014254291.0,6.0,214285.0,poseidon,condorpool,worker1-container-16-19,individuals,/var/lib/condor/execute/dir_35025/pegasus.8Ub1KcpKV/individuals,,946.7,0,0,0.1,1016159381.0,1722532.0,126281.0,2431.0,944.0,1.7,875999.5,1722.5
individuals_ID0000007,None,compute,0,1660938214.0,,,1660938219.0,1660938466.0,1660938544.0,12983908.0,1660938241.0,1660940112.0,1660940144.0,1660940149.0,79106.0,1660940112.0,1660940117.0,5.0,,22.0,1871.0,5.0,78.0,1014283276.0,5.0,360973.0,poseidon,condorpool,worker2-container-0-3,individuals,/var/lib/condor/execute/dir_23077/pegasus.oEOlJLvxX/individuals,,941.9,0,0,1.2,1015600112.0,4648505.0,125978.0,2519.0,936.8,1.9,875517.3,4842.2
individuals_ID0000006,hdd_5,compute,0,1660938214.0,,,1660938219.0,1660938357.0,1660938696.0,2998149.0,1660938239.0,1660940242.0,1660940273.0,1660940277.0,88958.0,1660940242.0,1660940247.0,5.0,,20.0,2003.0,5.0,339.0,1014283276.0,4.0,390993.0,poseidon,condorpool,worker2-container-32-35,individuals,/var/lib/condor/execute/dir_21733/pegasus.orTbFrW8F/individuals,,918.0,0,0,3.7,1015604823.0,5760966.0,125972.0,2522.0,914.3,2.1,890881.4,6128.7
individuals_ID0000005,hdd_5,compute,0,1660938214.0,,,1660938219.0,1660938286.0,1660938550.0,3851322.0,1660938239.0,1660940087.0,1660940118.0,1660940123.0,62126.0,1660940087.0,1660940092.0,5.0,,20.0,1848.0,5.0,264.0,1014283276.0,5.0,280444.0,poseidon,condorpool,worker2-container-12-15,individuals,/var/lib/condor/execute/dir_22843/pegasus.F6zvopdHd/individuals,,911.8,0,0,0.2,1015600918.0,3672069.0,125957.0,2502.0,901.2,1.9,898761.9,3948.5
individuals_ID0000004,None,compute,0,1660938214.0,,,1660938219.0,1660938286.0,1660938538.0,4017082.0,1660938239.0,1660940102.0,1660940131.0,1660940136.0,81633.0,1660940102.0,1660940107.0,5.0,,20.0,1863.0,5.0,252.0,1014283276.0,5.0,452590.0,poseidon,condorpool,worker2-container-8-11,individuals,/var/lib/condor/execute/dir_25900/pegasus.lLFZurLo0/individuals,,937.0,0,0,2.7,1015592620.0,6715941.0,125954.0,2495.0,927.8,1.8,883124.0,7069.4
individuals_ID0000072,None,compute,0,1660938214.0,,,1660938219.0,1660938466.0,1660938546.0,12746225.0,1660938241.0,1660940112.0,1660940141.0,1660940146.0,157348.0,1660940112.0,1660940117.0,5.0,,22.0,1871.0,5.0,80.0,1014254291.0,5.0,732556.0,poseidon,condorpool,worker2-container-16-19,individuals,/var/lib/condor/execute/dir_25198/pegasus.9G0JSlNO9/individuals,,937.9,0,0,0.7,1039474627.0,13246362.0,134173.0,3453.0,934.7,3.0,896098.8,13798.3
individuals_ID0000027,None,compute,0,1660938214.0,,,1660938219.0,1660938285.0,1660938543.0,3934997.0,1660938239.0,1660940087.0,1660940112.0,1660940120.0,47123.0,1660940087.0,1660940092.0,5.0,,20.0,1848.0,5.0,258.0,1014283276.0,8.0,389472.0,poseidon,condorpool,worker2-container-8-11,individuals,/var/lib/condor/execute/dir_25903/pegasus.zgJN1rQiA/individuals,,916.6,0,0,0.3,1015604052.0,5612276.0,125972.0,2519.0,911.9,1.5,890880.7,6034.7
individuals_ID0000070,None,compute,0,1660938214.0,,,1660938219.0,1660938466.0,1660938544.0,12962212.0,1660938241.0,1660940072.0,1660940102.0,1660940107.0,113849.0,1660940072.0,1660940077.0,5.0,,22.0,1831.0,5.0,78.0,1014254291.0,5.0,512748.0,poseidon,condorpool,worker2-container-24-27,individuals,/var/lib/condor/execute/dir_26545/pegasus.8b84Emdnh/individuals,,905.3,0,0,0.9,1015551852.0,7820358.0,125903.0,2523.0,900.9,1.9,906742.7,8500.4
individuals_ID0000076,hdd_5,compute,0,1660938214.0,,,1660938219.0,1660938289.0,1660938718.0,2364064.0,1660938239.0,1660940397.0,1660940428.0,1660940433.0,120654.0,1660940397.0,1660940402.0,5.0,,20.0,2158.0,5.0,429.0,1014254291.0,5.0,544372.0,poseidon,condorpool,worker1-container-8-11,individuals,/var/lib/condor/execute/dir_30533/pegasus.F2cpkGQGT/individuals,,933.0,0,0,2.8,1015675991.0,8687429.0,126372.0,2515.0,926.4,1.9,720337.6,8687.4
individuals_ID0000075,None,compute,0,1660938214.0,,,1660938219.0,1660938286.0,1660938500.0,4747744.0,1660938239.0,1660940307.0,1660940336.0,1660940341.0,125875.0,1660940307.0,1660940312.0,5.0,,20.0,2068.0,5.0,214.0,1014254291.0,5.0,552709.0,poseidon,condorpool,worker1-container-36-39,individuals,/var/lib/condor/execute/dir_36905/pegasus.FZYWAOqUf/individuals,,970.2,0,0,2.7,1015674792.0,8464207.0,126396.0,2675.0,965.5,1.8,700465.4,8217.7
individuals_ID0000074,None,compute,0,1660938214.0,,,1660938219.0,1660938285.0,1660938498.0,4761396.0,1660938239.0,1660939862.0,1660939895.0,1660939899.0,88150.0,1660939862.0,1660939867.0,5.0,,20.0,1623.0,5.0,213.0,1014254291.0,4.0,386395.0,poseidon,condorpool,worker1-container-32-35,individuals,/var/lib/condor/execute/dir_39296/pegasus.WKDUIxsJh/individuals,,934.0,0,0,0.0,1015553117.0,6822508.0,125895.0,2526.0,930.6,1.6,923230.1,7106.8
individuals_ID0000073,None,compute,0,1660938214.0,,,1660938219.0,1660938286.0,1660938533.0,4106835.0,1660938239.0,1660940087.0,1660940113.0,1660940120.0,69795.0,1660940087.0,1660940092.0,5.0,,20.0,1848.0,5.0,247.0,1014254291.0,7.0,538392.0,poseidon,condorpool,worker2-container-20-23,individuals,/var/lib/condor/execute/dir_30483/pegasus.y0ewrqulm/individuals,,927.3,0,0,0.6,1015573961.0,10553654.0,125972.0,3369.0,920.5,2.3,883107.8,11227.3
individuals_ID0000079,None,compute,0,1660938214.0,,,1660938219.0,1660938286.0,1660938541.0,3980467.0,1660938239.0,1660940102.0,1660940132.0,1660940136.0,170860.0,1660940102.0,1660940107.0,5.0,,20.0,1863.0,5.0,255.0,1014254291.0,4.0,751217.0,poseidon,condorpool,worker2-container-4-7,individuals,/var/lib/condor/execute/dir_30189/pegasus.OnzSEAtGS/individuals,,934.6,0,0,0.8,1015571625.0,9583927.0,125975.0,2592.0,926.8,2.1,875492.8,9983.3
individuals_ID0000078,hdd_5,compute,0,1660938214.0,,,1660938219.0,1660938285.0,1660938683.0,2549943.0,1660938239.0,1660940212.0,1660940243.0,1660940247.0,123213.0,1660940212.0,1660940217.0,5.0,,20.0,1973.0,5.0,398.0,1014254291.0,4.0,548001.0,poseidon,condorpool,worker2-container-36-39,individuals,/var/lib/condor/execute/dir_30195/pegasus.8pYDJW7QB/individuals,,898.9,0,0,5.1,1015572391.0,7826027.0,125954.0,2518.0,892.7,2.2,898736.6,8506.6
individuals_ID0000077,None,compute,0,1660938214.0,,,1660938219.0,1660938345.0,1660938495.0,6762600.0,1660938239.0,1660939857.0,1660939889.0,1660939893.0,124383.0,1660939857.0,1660939862.0,5.0,,20.0,1618.0,5.0,150.0,1014254291.0,4.0,571148.0,poseidon,condorpool,worker1-container-0-3,individuals,/var/lib/condor/execute/dir_41073/pegasus.TkasRUfsD/individuals,,929.8,0,0,0.0,1015544690.0,8564045.0,125865.0,2509.0,911.9,9.9,940319.2,9110.7
individuals_ID0000086,None,compute,0,1660938214.0,,,1660938219.0,1660938286.0,1660938536.0,4066549.0,1660938239.0,1660940102.0,1660940130.0,1660940134.0,85194.0,1660940102.0,1660940107.0,5.0,,20.0,1863.0,5.0,250.0,1014254291.0,4.0,378735.0,poseidon,condorpool,worker2-container-20-23,individuals,/var/lib/condor/execute/dir_30484/pegasus.egBoJFcfu/individuals,,938.1,0,0,0.6,1015579438.0,5678489.0,125984.0,2503.0,927.5,2.1,883112.6,5977.4
individuals_ID0000087,hdd_5,compute,0,1660938214.0,,,1660938219.0,1660938285.0,1660938489.0,4971931.0,1660938239.0,1660939877.0,1660939902.0,1660939906.0,49187.0,1660939877.0,1660939882.0,5.0,,20.0,1638.0,5.0,204.0,1014254291.0,4.0,208261.0,poseidon,condorpool,worker1-container-8-11,individuals,/var/lib/condor/execute/dir_30534/pegasus.V96kekuvv/individuals,,949.7,0,0,0.1,1015556176.0,1554624.0,125910.0,2432.0,932.9,9.6,914915.5,1602.7
individuals_ID0000071,None,compute,0,1660938214.0,,,1660938219.0,1660938283.0,1660938498.0,4717460.0,1660938239.0,1660939862.0,1660939895.0,1660939899.0,227839.0,1660939862.0,1660939867.0,5.0,,20.0,1623.0,5.0,215.0,1014254291.0,4.0,1041599.0,poseidon,condorpool,worker1-container-4-7,individuals,/var/lib/condor/execute/dir_35925/pegasus.sLs7SvGr9/individuals,,933.2,0,0,0.0,1034117632.0,15617012.0,132107.0,3035.0,930.5,1.8,940106.9,16267.7
individuals_ID0000081,None,compute,0,1660938214.0,,,1660938219.0,1660938466.0,1660938545.0,12914661.0,1660938241.0,1660940087.0,1660940118.0,1660940123.0,93769.0,1660940087.0,1660940092.0,5.0,,22.0,1846.0,5.0,79.0,1014254291.0,5.0,433829.0,poseidon,condorpool,worker2-container-24-27,individuals,/var/lib/condor/execute/dir_26546/pegasus.GbbsKlFBg/individuals,,916.7,0,0,1.4,1015571965.0,6606142.0,125954.0,2515.0,910.8,1.5,898736.3,7103.4
individuals_ID0000080,None,compute,0,1660938214.0,,,1660938219.0,1660938285.0,1660938500.0,4707168.0,1660938239.0,1660939862.0,1660939893.0,1660939897.0,135909.0,1660939862.0,1660939867.0,5.0,,20.0,1623.0,5.0,215.0,1014254291.0,4.0,586180.0,poseidon,condorpool,worker1-container-36-39,individuals,/var/lib/condor/execute/dir_36906/pegasus.Hu4wSTYeu/individuals,,929.5,0,0,0.0,1015549381.0,8369996.0,125880.0,2509.0,920.2,2.0,931696.7,8810.5
individuals_ID0000094,None,compute,0,1660938214.0,,,1660938219.0,1660938466.0,1660938544.0,13002968.0,1660938241.0,1660940082.0,1660940110.0,1660940118.0,56102.0,1660940082.0,1660940087.0,5.0,,22.0,1841.0,5.0,78.0,1014254291.0,8.0,446659.0,poseidon,condorpool,worker2-container-0-3,individuals,/var/lib/condor/execute/dir_23081/pegasus.fwpq9cHka/individuals,,913.8,0,0,0.1,1029855262.0,7114632.0,132054.0,2538.0,910.9,2.5,911376.3,7650.1
individuals_ID0000093,None,compute,0,1660938214.0,,,1660938219.0,1660938466.0,1660938546.0,12771721.0,1660938241.0,1660940072.0,1660940101.0,1660940106.0,92973.0,1660940072.0,1660940077.0,5.0,,22.0,1831.0,5.0,80.0,1014254291.0,5.0,424267.0,poseidon,condorpool,worker2-container-16-19,individuals,/var/lib/condor/execute/dir_25201/pegasus.tRMKvVuP3/individuals,,903.5,0,0,0.2,1034983717.0,6815190.0,133804.0,2543.0,901.9,1.6,924092.6,7407.8
individuals_ID0000092,None,compute,0,1660938214.0,,,1660938219.0,1660938285.0,1660938492.0,4902947.0,1660938239.0,1660939857.0,1660939888.0,1660939892.0,64468.0,1660939857.0,1660939862.0,5.0,,20.0,1618.0,5.0,207.0,1014254291.0,4.0,286292.0,poseidon,condorpool,worker1-container-4-7,individuals,/var/lib/condor/execute/dir_35928/pegasus.ubq66TDPo/individuals,,932.1,0,0,0.0,1015550068.0,4681470.0,125877.0,2498.0,911.2,11.1,940324.1,4980.3
individuals_ID0000091,None,compute,0,1660938214.0,,,1660938219.0,1660938466.0,1660938545.0,12920930.0,1660938241.0,1660940127.0,1660940157.0,1660940162.0,51266.0,1660940127.0,1660940132.0,5.0,,22.0,1886.0,5.0,79.0,1014254291.0,5.0,224423.0,poseidon,condorpool,worker2-container-24-27,individuals,/var/lib/condor/execute/dir_26548/pegasus.PPzj4LPGQ/individuals,,953.9,0,0,2.6,1015577346.0,2677510.0,125993.0,2506.0,945.5,1.4,868014.8,2760.3
individuals_ID0000098,None,compute,0,1660938214.0,,,1660938219.0,1660938284.0,1660938500.0,4693505.0,1660938239.0,1660939877.0,1660939900.0,1660939904.0,99460.0,1660939877.0,1660939882.0,5.0,,20.0,1638.0,5.0,216.0,1014254291.0,4.0,437428.0,poseidon,condorpool,worker1-container-36-39,individuals,/var/lib/condor/execute/dir_36909/pegasus.t3nzZKOCt/individuals,,936.0,0,0,0.0,1015547416.0,6113393.0,125883.0,2516.0,930.1,1.9,923224.9,6368.1
individuals_ID0000010,hdd_5,compute,0,1660938214.0,,,1660938219.0,1660938348.0,1660938490.0,7133516.0,1660938239.0,1660939847.0,1660939876.0,1660939880.0,90753.0,1660939847.0,1660939852.0,5.0,,20.0,1608.0,5.0,142.0,1014283276.0,4.0,393487.0,poseidon,condorpool,worker1-container-8-11,individuals,/var/lib/condor/execute/dir_30537/pegasus.jIO7xhomT/individuals,,923.5,0,0,0.1,1020878377.0,5708561.0,128084.0,2467.0,918.9,3.7,936585.7,6009.0
individuals_ID0000097,None,compute,0,1660938214.0,,,1660938219.0,1660938286.0,1660938542.0,3953433.0,1660938239.0,1660940077.0,1660940109.0,1660940113.0,106499.0,1660940077.0,1660940082.0,5.0,,20.0,1838.0,5.0,256.0,1014254291.0,4.0,469292.0,poseidon,condorpool,worker2-container-20-23,individuals,/var/lib/condor/execute/dir_30486/pegasus.9vh4FLWLL/individuals,,913.1,0,0,1.1,1016530796.0,7361489.0,126328.0,2526.0,910.2,1.8,891693.7,7831.4
individuals_ID0000095,None,compute,0,1660938214.0,,,1660938219.0,1660938284.0,1660938498.0,4738053.0,1660938239.0,1660939877.0,1660939898.0,1660939903.0,92174.0,1660939877.0,1660939882.0,5.0,,20.0,1638.0,5.0,214.0,1014254291.0,5.0,405475.0,poseidon,condorpool,worker1-container-0-3,individuals,/var/lib/condor/execute/dir_41076/pegasus.mVNsygv7X/individuals,,937.0,0,0,0.0,1015552152.0,6097989.0,125895.0,2516.0,930.5,1.7,923229.2,6352.1
individuals_ID0000090,hdd_5,compute,0,1660938214.0,,,1660938219.0,1660938350.0,1660938678.0,3095458.0,1660938241.0,1660940342.0,1660940373.0,1660940378.0,92625.0,1660940342.0,1660940347.0,5.0,,22.0,2101.0,5.0,328.0,1014254291.0,5.0,405916.0,poseidon,condorpool,worker1-container-12-15,individuals,/var/lib/condor/execute/dir_20958/pegasus.vVUSjeybT/individuals,,918.4,0,0,2.8,1034662352.0,6365424.0,133957.0,2542.0,915.0,3.5,739044.5,6429.7
individuals_ID0000019,None,compute,0,1660938214.0,,,1660938219.0,1660938286.0,1660938543.0,3941787.0,1660938241.0,1660940097.0,1660940126.0,1660940130.0,80354.0,1660940097.0,1660940102.0,5.0,,22.0,1856.0,5.0,257.0,1014283276.0,4.0,364948.0,poseidon,condorpool,worker2-container-28-31,individuals,/var/lib/condor/execute/dir_20564/pegasus.cbiHoYkel/individuals,,926.6,0,0,0.2,1015608486.0,5463364.0,125987.0,2506.0,918.0,1.6,883137.8,5812.1
individuals_ID0000096,None,compute,0,1660938214.0,,,1660938219.0,1660938466.0,1660938543.0,13268969.0,1660938239.0,1660940072.0,1660940104.0,1660940108.0,99392.0,1660940072.0,1660940077.0,5.0,,20.0,1833.0,5.0,77.0,1014254291.0,4.0,443121.0,poseidon,condorpool,worker2-container-4-7,individuals,/var/lib/condor/execute/dir_30192/pegasus.ogHUZRUb9/individuals,,908.1,0,0,0.9,1015570860.0,7819925.0,125954.0,2513.0,900.0,2.2,898735.3,8499.9
individuals_ID0000013,None,compute,0,1660938214.0,,,1660938219.0,1660938284.0,1660938496.0,4788967.0,1660938239.0,1660939917.0,1660939902.0,1660939917.0,14096.0,1660939917.0,1660939922.0,5.0,,20.0,1678.0,5.0,212.0,1014283276.0,15.0,203763.0,poseidon,condorpool,worker1-container-28-31,individuals,/var/lib/condor/execute/dir_32766/pegasus.uJPgWxb9y/individuals,,943.7,0,0,0.0,1015576461.0,2347554.0,125886.0,2451.0,940.9,1.6,923251.3,2445.4
individuals_ID0000082,None,compute,0,1660938214.0,,,1660938219.0,1660938285.0,1660938500.0,4720940.0,1660938239.0,1660939877.0,1660939899.0,1660939903.0,122971.0,1660939877.0,1660939882.0,5.0,,20.0,1638.0,5.0,215.0,1014254291.0,4.0,548056.0,poseidon,condorpool,worker1-container-4-7,individuals,/var/lib/condor/execute/dir_35926/pegasus.LSni1CAOu/individuals,,934.9,0,0,0.0,1015552045.0,8770274.0,125895.0,2525.0,930.1,1.8,923229.1,9135.7
individuals_ID0000083,None,compute,0,1660938214.0,,,1660938219.0,1660938466.0,1660938546.0,12792252.0,1660938241.0,1660940072.0,1660940102.0,1660940106.0,105765.0,1660940072.0,1660940077.0,5.0,,22.0,1831.0,5.0,80.0,1014254291.0,4.0,482742.0,poseidon,condorpool,worker2-container-16-19,individuals,/var/lib/condor/execute/dir_25199/pegasus.Kz9aanf3K/individuals,,904.4,0,0,0.1,1025831674.0,8057620.0,130132.0,2535.0,901.1,2.6,915921.1,8758.3
individuals_ID0000014,None,compute,0,1660938214.0,,,1660938219.0,1660938348.0,1660938498.0,6770695.0,1660938239.0,1660939852.0,1660939883.0,1660939888.0,104089.0,1660939852.0,1660939857.0,5.0,,20.0,1613.0,5.0,150.0,1014283276.0,5.0,457561.0,poseidon,condorpool,worker1-container-20-23,individuals,/var/lib/condor/execute/dir_31100/pegasus.Hbvhiu2HU/individuals,,922.5,0,0,0.0,1034219148.0,8611767.0,133590.0,2540.0,917.6,4.6,957610.3,9161.5
individuals_ID0000016,None,compute,0,1660938214.0,,,1660938219.0,1660938348.0,1660938497.0,6796362.0,1660938239.0,1660939877.0,1660939896.0,1660939901.0,73140.0,1660939877.0,1660939882.0,5.0,,20.0,1638.0,5.0,149.0,1014283276.0,5.0,318059.0,poseidon,condorpool,worker1-container-32-35,individuals,/var/lib/condor/execute/dir_39297/pegasus.isaNhff8e/individuals,,935.8,0,0,0.0,1015572710.0,5333693.0,125871.0,2477.0,930.4,1.6,931718.1,5614.4
individuals_ID0000017,None,compute,0,1660938214.0,,,1660938219.0,1660938285.0,1660938538.0,4012693.0,1660938239.0,1660940077.0,1660940108.0,1660940112.0,70421.0,1660940077.0,1660940082.0,5.0,,20.0,1838.0,5.0,253.0,1014283276.0,4.0,310286.0,poseidon,condorpool,worker2-container-8-11,individuals,/var/lib/condor/execute/dir_25901/pegasus.CGsYxXA8x/individuals,,917.3,0,0,0.6,1015594823.0,4165377.0,125945.0,2475.0,907.0,5.9,898756.5,4478.9
individuals_ID0000015,None,compute,0,1660938214.0,,,1660938219.0,1660938466.0,1660938539.0,13839479.0,1660938241.0,1660940092.0,1660940124.0,1660940128.0,86102.0,1660940092.0,1660940097.0,5.0,,22.0,1851.0,5.0,73.0,1014283276.0,4.0,378666.0,poseidon,condorpool,worker2-container-0-3,individuals,/var/lib/condor/execute/dir_23078/pegasus.nhJiTrTxt/individuals,,928.3,0,0,0.0,1015590629.0,6386871.0,125951.0,2407.0,920.6,2.5,883122.3,6723.0
individuals_ID0000011,hdd_5,compute,0,1660938214.0,,,1660938219.0,1660938285.0,1660938695.0,2476783.0,1660938239.0,1660940247.0,1660940280.0,1660940284.0,73132.0,1660940247.0,1660940252.0,5.0,,20.0,2008.0,5.0,410.0,1014283276.0,4.0,328609.0,poseidon,condorpool,worker2-container-32-35,individuals,/var/lib/condor/execute/dir_21734/pegasus.b3I9yjWYg/individuals,,925.7,0,0,3.2,1015599189.0,3997940.0,125960.0,2465.0,914.7,1.8,890876.5,4253.1
individuals_ID0000099,None,compute,0,1660938214.0,,,1660938219.0,1660938285.0,1660938493.0,4876430.0,1660938239.0,1660939857.0,1660939886.0,1660939891.0,98049.0,1660939857.0,1660939862.0,5.0,,20.0,1618.0,5.0,208.0,1014254291.0,5.0,424439.0,poseidon,condorpool,worker1-container-16-19,individuals,/var/lib/condor/execute/dir_35026/pegasus.zOJFT4GD8/individuals,,931.0,0,0,0.0,1015551083.0,6353397.0,125877.0,2507.0,913.8,9.2,940325.1,6758.9
individuals_ID0000012,None,compute,0,1660938214.0,,,1660938219.0,1660938284.0,1660938501.0,4676714.0,1660938239.0,1660939862.0,1660939895.0,1660939899.0,82646.0,1660939862.0,1660939867.0,5.0,,20.0,1623.0,5.0,217.0,1014283276.0,4.0,351647.0,poseidon,condorpool,worker1-container-24-27,individuals,/var/lib/condor/execute/dir_33323/pegasus.5FV1efG8x/individuals,,930.8,0,0,0.0,1015578263.0,4959636.0,125883.0,2395.0,920.0,2.1,931723.2,5276.2
individuals_ID0000018,hdd_5,compute,0,1660938214.0,,,1660938219.0,1660938284.0,1660938734.0,2253915.0,1660938239.0,1660940272.0,1660940303.0,1660940307.0,79703.0,1660940272.0,1660940277.0,5.0,,20.0,2033.0,5.0,450.0,1014283276.0,4.0,351293.0,poseidon,condorpool,worker2-container-12-15,individuals,/var/lib/condor/execute/dir_22844/pegasus.uRwfqrhGN/individuals,,912.2,0,0,3.1,1015504323.0,7730136.0,125600.0,2478.0,900.6,2.5,1115938.8,8494.7
individuals_merge_ID0000051,None,compute,0,1660940998.0,,,1660941003.0,1660941051.0,1660941063.0,1471919.0,1660941004.0,1660941149.0,1660941181.0,1660941186.0,12412736.0,1660941149.0,1660941154.0,5.0,,1.0,145.0,5.0,12.0,17588994.0,5.0,69093269.0,poseidon,condorpool,worker1-container-24-27,individuals_merge,/var/lib/condor/execute/dir_35763/pegasus.GblPEBHV8/individuals_merge,,112.3,0,0,0.0,563157536.0,605332038.0,279735.0,161065.0,104.0,5.9,5119614.0,5503018.5
individuals_merge_ID0000103,None,compute,0,1660941043.0,,,1660941048.0,1660941096.0,1660941109.0,1817947.0,1660941049.0,1660941264.0,1660941294.0,1660941300.0,14866255.0,1660941264.0,1660941269.0,5.0,,1.0,215.0,5.0,13.0,22824901.0,6.0,85677620.0,poseidon,condorpool,worker1-container-20-23,individuals_merge,/var/lib/condor/execute/dir_33508/pegasus.KqioIMjqF/individuals_merge,,138.1,0,0,0.0,687561752.0,754128540.0,287390.0,170049.0,123.4,6.6,5288936.6,5800988.8
mutation_overlap_ID0000113,hdd_5,compute,0,1660941154.0,,,1660941159.0,1660941210.0,1660941214.0,19057710.0,1660941160.0,1660941264.0,1660941296.0,1660941301.0,185325.0,1660941264.0,1660941269.0,5.0,,1.0,104.0,5.0,4.0,70772198.0,5.0,871992.0,poseidon,condorpool,worker2-container-32-35,mutation_overlap,/var/lib/condor/execute/dir_23181/pegasus.kk9MvGF4v/mutation_overlap,,6.6,0,0,,,,,,,,,
frequency_ID0000116,None,compute,0,1660941154.0,,,1660941159.0,1660941209.0,1660941213.0,15665183.0,1660941162.0,1660941424.0,1660941453.0,1660941458.0,3168639.0,1660941424.0,1660941429.0,5.0,,3.0,262.0,5.0,4.0,70788940.0,5.0,16090041.0,poseidon,condorpool,worker2-container-24-27,frequency,/var/lib/condor/execute/dir_27997/pegasus.3mTVFEVRH/frequency,,231.7,0,0,0.0,2867714847.0,294452379.0,670109.0,24051.0,221.2,6.6,12468325.4,1280227.7
frequency_ID0000108,hdd_5,compute,0,1660941154.0,,,1660941159.0,1660941208.0,1660941211.0,19696096.0,1660941160.0,1660941439.0,1660941471.0,1660941476.0,3572290.0,1660941439.0,1660941444.0,5.0,,1.0,279.0,5.0,3.0,70769028.0,5.0,18013696.0,poseidon,condorpool,worker2-container-12-15,frequency,/var/lib/condor/execute/dir_24241/pegasus.j8GTVNBTQ/frequency,,247.6,0,0,0.0,3080481548.0,295883639.0,740364.0,23924.0,230.7,7.2,12835339.8,1232848.5
frequency_ID0000118,None,compute,0,1660941154.0,,,1660941159.0,1660941206.0,1660941210.0,19603960.0,1660941160.0,1660941404.0,1660941432.0,1660941437.0,3109012.0,1660941404.0,1660941409.0,5.0,,1.0,244.0,5.0,4.0,70766188.0,5.0,15194655.0,poseidon,condorpool,worker2-container-8-11,frequency,/var/lib/condor/execute/dir_27350/pegasus.UAgy8QrYW/frequency,,214.4,0,0,0.0,2559877698.0,291870777.0,618970.0,23940.0,201.8,6.1,12189893.8,1389860.8
frequency_ID0000106,None,compute,0,1660941154.0,,,1660941159.0,1660941209.0,1660941214.0,15854766.0,1660941162.0,1660941399.0,1660941428.0,1660941433.0,2868118.0,1660941399.0,1660941404.0,5.0,,3.0,237.0,5.0,5.0,70761796.0,5.0,13942088.0,poseidon,condorpool,worker2-container-16-19,frequency,/var/lib/condor/execute/dir_26866/pegasus.Pz1wAXuRt/frequency,,187.8,0,0,0.0,2151363304.0,304831504.0,526432.0,24650.0,182.2,5.6,11322964.8,1604376.3
mutation_overlap_ID0000111,None,compute,0,1660941154.0,,,1660941159.0,1660941207.0,1660941211.0,19695912.0,1660941160.0,1660941264.0,1660941294.0,1660941298.0,191087.0,1660941264.0,1660941269.0,5.0,,1.0,104.0,5.0,4.0,70772614.0,4.0,849310.0,poseidon,condorpool,worker1-container-4-7,mutation_overlap,/var/lib/condor/execute/dir_38014/pegasus.RYpiXOTPQ/mutation_overlap,,6.0,0,0,,,,,,,,,
mutation_overlap_ID0000117,hdd_5,compute,0,1660941154.0,,,1660941159.0,1660941210.0,1660941214.0,19663400.0,1660941160.0,1660941264.0,1660941294.0,1660941298.0,199183.0,1660941264.0,1660941269.0,5.0,,1.0,104.0,5.0,4.0,70772550.0,4.0,878502.0,poseidon,condorpool,worker1-container-8-11,mutation_overlap,/var/lib/condor/execute/dir_32679/pegasus.FVVeG6GH0/mutation_overlap,,6.1,0,0,,,,,,,,,
frequency_ID0000114,hdd_5,compute,0,1660941154.0,,,1660941159.0,1660941207.0,1660941211.0,19587540.0,1660941160.0,1660941429.0,1660941458.0,1660941463.0,3297954.0,1660941429.0,1660941434.0,5.0,,1.0,269.0,5.0,4.0,70765836.0,5.0,15679420.0,poseidon,condorpool,worker2-container-36-39,frequency,/var/lib/condor/execute/dir_31863/pegasus.EHCt5xwRX/frequency,,228.3,0,0,0.0,2763778734.0,302766324.0,671145.0,24489.0,220.8,7.0,12016429.3,1316375.3
mutation_overlap_ID0000115,None,compute,0,1660941154.0,,,1660941159.0,1660941206.0,1660941210.0,19556661.0,1660941160.0,1660941264.0,1660941294.0,1660941299.0,652575.0,1660941264.0,1660941269.0,5.0,,1.0,104.0,5.0,4.0,70795302.0,5.0,2968211.0,poseidon,condorpool,worker1-container-32-35,mutation_overlap,/var/lib/condor/execute/dir_41380/pegasus.jgbxeFYQa/mutation_overlap,,34.6,0,0,0.0,360960204.0,287291189.0,26249.0,19480.0,29.4,0.6,12032006.8,14364559.5
mutation_overlap_ID0000105,None,compute,0,1660941154.0,,,1660941159.0,1660941207.0,1660941211.0,19441942.0,1660941160.0,1660941209.0,1660941242.0,1660941246.0,161720.0,1660941209.0,1660941214.0,5.0,,1.0,49.0,5.0,4.0,70768158.0,4.0,718381.0,poseidon,condorpool,worker2-container-20-23,mutation_overlap,/var/lib/condor/execute/dir_31935/pegasus.dEymjqKdt/mutation_overlap,,3.9,0,0,,,,,,,,,
frequency_ID0000110,None,compute,0,1660941154.0,,,1660941159.0,1660941208.0,1660941211.0,19586073.0,1660941160.0,1660941399.0,1660941428.0,1660941433.0,3199953.0,1660941399.0,1660941404.0,5.0,,1.0,239.0,5.0,3.0,70765188.0,5.0,15022995.0,poseidon,condorpool,worker2-container-4-7,frequency,/var/lib/condor/execute/dir_31640/pegasus.eYLOuF0aq/frequency,,204.5,0,0,0.0,2389273318.0,292105349.0,579051.0,23931.0,192.3,5.7,11946366.6,1460526.7
frequency_ID0000112,None,compute,0,1660941154.0,,,1660941159.0,1660941207.0,1660941211.0,19890590.0,1660941160.0,1660941494.0,1660941524.0,1660941529.0,2736357.0,1660941494.0,1660941499.0,5.0,,1.0,334.0,5.0,4.0,70766252.0,5.0,14274444.0,poseidon,condorpool,worker1-container-0-3,frequency,/var/lib/condor/execute/dir_43476/pegasus.AOYgLfgtX/frequency,,188.2,0,0,0.0,2169292230.0,290886707.0,524916.0,23912.0,175.8,5.0,7747472.3,1530982.7
mutation_overlap_ID0000109,None,compute,0,1660941154.0,,,1660941159.0,1660941208.0,1660941212.0,19751748.0,1660941160.0,1660941264.0,1660941294.0,1660941298.0,181167.0,1660941264.0,1660941269.0,5.0,,1.0,104.0,5.0,4.0,70771550.0,4.0,823732.0,poseidon,condorpool,worker1-container-20-23,mutation_overlap,/var/lib/condor/execute/dir_33998/pegasus.PmlwIwDmM/mutation_overlap,,5.4,0,0,,,,,,,,,
mutation_overlap_ID0000107,None,compute,0,1660941154.0,,,1660941159.0,1660941208.0,1660941212.0,19698611.0,1660941160.0,1660941264.0,1660941294.0,1660941298.0,226160.0,1660941264.0,1660941269.0,5.0,,1.0,104.0,5.0,4.0,70775390.0,4.0,1000210.0,poseidon,condorpool,worker1-container-36-39,mutation_overlap,/var/lib/condor/execute/dir_38696/pegasus.TXYzPlkMm/mutation_overlap,,8.4,0,0,,,,,,,,,
mutation_overlap_ID0000125,None,compute,0,1660941269.0,,,1660941274.0,1660941322.0,1660941326.0,20930379.0,1660941275.0,1660941419.0,1660941449.0,1660941454.0,150694.0,1660941419.0,1660941424.0,5.0,,1.0,144.0,5.0,4.0,86775314.0,5.0,672805.0,poseidon,condorpool,worker1-container-4-7,mutation_overlap,/var/lib/condor/execute/dir_38287/pegasus.VYTSQ6a5G/mutation_overlap,,6.3,0,0,,,,,,,,,
frequency_ID0000128,None,compute,0,1660941269.0,,,1660941274.0,1660941320.0,1660941324.0,22648648.0,1660941275.0,1660941454.0,1660941483.0,1660941489.0,2175206.0,1660941454.0,1660941459.0,5.0,,1.0,179.0,5.0,4.0,86768536.0,6.0,11873975.0,poseidon,condorpool,worker2-container-24-27,frequency,/var/lib/condor/execute/dir_28233/pegasus.81G1xkNsT/frequency,,151.9,0,0,1.2,1708324722.0,355499271.0,408858.0,28091.0,144.7,4.0,11388831.5,2369995.1
mutation_overlap_ID0000123,hdd_5,compute,0,1660941269.0,,,1660941274.0,1660941322.0,1660941326.0,23066741.0,1660941275.0,1660941484.0,1660941453.0,1660941458.0,139295.0,1660941484.0,1660941489.0,5.0,,1.0,209.0,5.0,4.0,86774250.0,5.0,615828.0,poseidon,condorpool,worker1-container-8-11,mutation_overlap,/var/lib/condor/execute/dir_32952/pegasus.tz9NH5yXN/mutation_overlap,,5.4,0,0,0.0,57591879.0,191969717.0,13177.0,12452.0,1.5,0.2,575918.8,19196971.7
mutation_overlap_ID0000129,None,compute,0,1660941269.0,,,1660941274.0,1660941322.0,1660941326.0,20346153.0,1660941275.0,1660941494.0,1660941524.0,1660941529.0,367573.0,1660941494.0,1660941499.0,5.0,,1.0,219.0,5.0,4.0,86798002.0,5.0,1723903.0,poseidon,condorpool,worker1-container-36-39,mutation_overlap,/var/lib/condor/execute/dir_38969/pegasus.u30iqwQL0/mutation_overlap,,30.2,0,0,0.0,448707207.0,354261741.0,30529.0,23553.0,22.4,0.7,3739226.7,11808724.7
mutation_overlap_ID0000127,None,compute,0,1660941269.0,,,1660941274.0,1660941323.0,1660941326.0,22990289.0,1660941275.0,1660941419.0,1660941449.0,1660941454.0,157392.0,1660941419.0,1660941424.0,5.0,,1.0,144.0,5.0,3.0,86774898.0,5.0,702363.0,poseidon,condorpool,worker1-container-32-35,mutation_overlap,/var/lib/condor/execute/dir_41656/pegasus.DVdvRhDR9/mutation_overlap,,6.4,0,0,,,,,,,,,
frequency_ID0000122,None,compute,0,1660941269.0,,,1660941274.0,1660941322.0,1660941326.0,22966807.0,1660941275.0,1660941469.0,1660941498.0,1660941503.0,2354907.0,1660941469.0,1660941474.0,5.0,,1.0,194.0,5.0,4.0,86771728.0,5.0,11251994.0,poseidon,condorpool,worker2-container-4-7,frequency,/var/lib/condor/execute/dir_31876/pegasus.3jK1rNwh0/frequency,,162.6,0,0,2.2,1679419900.0,354600128.0,396637.0,28061.0,153.6,4.3,10496374.4,2216250.8
frequency_ID0000132,hdd_5,compute,0,1660941269.0,,,1660941274.0,1660941322.0,1660941326.0,23188144.0,1660941275.0,1660941469.0,1660941498.0,1660941503.0,2858756.0,1660941469.0,1660941474.0,5.0,,1.0,194.0,5.0,4.0,86768888.0,5.0,13295570.0,poseidon,condorpool,worker2-container-36-39,frequency,/var/lib/condor/execute/dir_32099/pegasus.KQZJu9KuG/frequency,,155.0,0,0,0.6,1970134660.0,357265813.0,473380.0,28040.0,145.1,4.2,13134231.1,2381772.1
frequency_ID0000130,hdd_5,compute,0,1660941269.0,,,1660941274.0,1660941321.0,1660941325.0,23053294.0,1660941275.0,1660941555.0,1660941584.0,1660941589.0,2081878.0,1660941555.0,1660941560.0,5.0,,1.0,280.0,5.0,4.0,86791640.0,5.0,10759786.0,poseidon,condorpool,worker1-container-8-11,frequency,/var/lib/condor/execute/dir_32951/pegasus.CSPlO7qQs/frequency,,146.8,0,0,0.0,1732268122.0,353825482.0,384674.0,28017.0,136.6,3.5,7217783.8,2358836.5
frequency_ID0000126,None,compute,0,1660941269.0,,,1660941274.0,1660941322.0,1660941326.0,20667213.0,1660941275.0,1660941545.0,1660941575.0,1660941580.0,2547218.0,1660941545.0,1660941550.0,5.0,,1.0,270.0,5.0,4.0,86768952.0,5.0,11895317.0,poseidon,condorpool,worker1-container-36-39,frequency,/var/lib/condor/execute/dir_38968/pegasus.B42SDWzOG/frequency,,144.4,0,0,0.0,1696311657.0,355522706.0,407178.0,28079.0,137.2,3.7,7067965.2,2370151.4
mutation_overlap_ID0000131,None,compute,0,1660941269.0,,,1660941274.0,1660941322.0,1660941326.0,20843408.0,1660941275.0,1660941419.0,1660941449.0,1660941454.0,147667.0,1660941419.0,1660941424.0,5.0,,1.0,144.0,5.0,4.0,86775250.0,5.0,661216.0,poseidon,condorpool,worker1-container-4-7,mutation_overlap,/var/lib/condor/execute/dir_38286/pegasus.4QGTpz8zz/mutation_overlap,,6.3,0,0,,,,,,,,,
mutation_overlap_ID0000121,None,compute,0,1660941269.0,,,1660941274.0,1660941322.0,1660941326.0,22948127.0,1660941275.0,1660941419.0,1660941449.0,1660941454.0,161881.0,1660941419.0,1660941424.0,5.0,,1.0,144.0,5.0,4.0,86778090.0,5.0,739917.0,poseidon,condorpool,worker1-container-20-23,mutation_overlap,/var/lib/condor/execute/dir_34320/pegasus.ohz9URIWd/mutation_overlap,,7.8,0,0,,,,,,,,,
frequency_ID0000124,hdd_5,compute,0,1660941269.0,,,1660941274.0,1660941320.0,1660941324.0,22643588.0,1660941275.0,1660941454.0,1660941486.0,1660941491.0,2250214.0,1660941454.0,1660941459.0,5.0,,1.0,179.0,5.0,4.0,86767888.0,5.0,10699907.0,poseidon,condorpool,worker2-container-32-35,frequency,/var/lib/condor/execute/dir_23451/pegasus.jmyuO4cho/frequency,,149.8,0,0,0.2,1409900852.0,353402964.0,338657.0,27940.0,136.3,3.5,10070720.4,2524306.9
mutation_overlap_ID0000119,None,compute,0,1660941269.0,,,1660941274.0,1660941320.0,1660941323.0,23033940.0,1660941275.0,1660941419.0,1660941449.0,1660941454.0,122558.0,1660941419.0,1660941424.0,5.0,,1.0,144.0,5.0,3.0,86770858.0,5.0,557097.0,poseidon,condorpool,worker1-container-32-35,mutation_overlap,/var/lib/condor/execute/dir_41655/pegasus.zeXkgdCP0/mutation_overlap,,4.1,0,0,,,,,,,,,
frequency_ID0000120,None,compute,0,1660941269.0,,,1660941274.0,1660941322.0,1660941326.0,23164630.0,1660941275.0,1660941545.0,1660941574.0,1660941578.0,2452362.0,1660941545.0,1660941550.0,5.0,,1.0,270.0,5.0,4.0,86764496.0,4.0,11736487.0,poseidon,condorpool,worker1-container-0-3,frequency,/var/lib/condor/execute/dir_43713/pegasus.92SNX3FWq/frequency,,143.4,0,0,0.0,1645870287.0,355276681.0,399894.0,28082.0,136.8,4.2,6857792.9,2368511.2
stage_out_local_condorpool_2_0,None,transfer,0,1660941550.0,,,1660941555.0,,,0.0,1660941555.0,1660941560.0,,,0.0,1660941560.0,1660941565.0,5.0,,0.0,5.0,5.0,,,,,poseidon,local,host-10-100-100-233.openstacklocal,pegasus::transfer,/home/poseidon/pegasus-5.1.0panorama/bin/pegasus-transfer,/home/poseidon/pegasus-5.1.0panorama/bin/../bin/pegasus-kickstart  -n pegasus::transfer -N null -i - -R local  -L 1000-genome -T 2022-08-03T06:30:23+00:00 /home/poseidon/pegasus-5.1.0panorama/bin/../bin/pegasus-transfer  --threads 2,2.0,0,0,,,,,,,,,
stage_out_local_condorpool_2_2,None,transfer,0,1660941550.0,,,1660941555.0,,,0.0,1660941555.0,1660941560.0,,,0.0,1660941560.0,1660941565.0,5.0,,0.0,5.0,5.0,,,,,poseidon,local,host-10-100-100-233.openstacklocal,pegasus::transfer,/home/poseidon/pegasus-5.1.0panorama/bin/pegasus-transfer,/home/poseidon/pegasus-5.1.0panorama/bin/../bin/pegasus-kickstart  -n pegasus::transfer -N null -i - -R local  -L 1000-genome -T 2022-08-03T06:30:23+00:00 /home/poseidon/pegasus-5.1.0panorama/bin/../bin/pegasus-transfer  --threads 2,1.9,0,0,,,,,,,,,
stage_out_local_condorpool_2_1,None,transfer,0,1660941560.0,,,1660941565.0,,,0.0,1660941565.0,1660941570.0,,,0.0,1660941570.0,1660941575.0,5.0,,0.0,5.0,5.0,,,,,poseidon,local,host-10-100-100-233.openstacklocal,pegasus::transfer,/home/poseidon/pegasus-5.1.0panorama/bin/pegasus-transfer,/home/poseidon/pegasus-5.1.0panorama/bin/../bin/pegasus-kickstart  -n pegasus::transfer -N null -i - -R local  -L 1000-genome -T 2022-08-03T06:30:23+00:00 /home/poseidon/pegasus-5.1.0panorama/bin/../bin/pegasus-transfer  --threads 2,1.7,0,0,,,,,,,,,
cleanup_1000-genome_0_condorpool,None,auxiliary,0,1660941575.0,,,1660941580.0,,,0.0,1660941580.0,1660941585.0,,,0.0,1660941585.0,1660941590.0,5.0,,0.0,5.0,5.0,,,,,poseidon,local,host-10-100-100-233.openstacklocal,pegasus::cleanup,/home/poseidon/pegasus-5.1.0panorama/bin/pegasus-transfer,-n pegasus::cleanup -N null -i - -R local  -L 1000-genome -T 2022-08-03T06:30:23+00:00 /home/poseidon/pegasus-5.1.0panorama/bin/../bin/pegasus-transfer,0.2,0,0,,,,,,,,,
