,anomaly_type,type,is_clustered,ready,pre_script_start,pre_script_end,submit,stage_in_start,stage_in_end,stage_in_effective_bytes_per_sec,execute_start,execute_end,stage_out_start,stage_out_end,stage_out_effective_bytes_per_sec,post_script_start,post_script_end,wms_delay,pre_script_delay,queue_delay,runtime,post_script_delay,stage_in_delay,stage_in_bytes,stage_out_delay,stage_out_bytes,kickstart_user,kickstart_site,kickstart_hostname,kickstart_transformations,kickstart_executables,kickstart_executables_argv,kickstart_executables_cpu_time,kickstart_status,kickstart_executables_exitcode,kickstart_online_iowait,kickstart_online_bytes_read,kickstart_online_bytes_written,kickstart_online_read_system_calls,kickstart_online_write_system_calls,kickstart_online_utime,kickstart_online_stime,kickstart_online_bytes_read_per_second,kickstart_online_bytes_written_per_second
create_dir_eht-difmap_0_condorpool,None,auxiliary,0,1714177065.0,,,1714177066.0,,,0.0,1714177070.0,1714177076.0,,,0.0,1714177076.0,1714177081.0,1.0,,4.0,6.0,5.0,,,,,poseidon,local,poseidon-submit,pegasus::dirmanager,/mnt/poseidon-data/poseidon/pegasus-5.1.0panorama/bin/pegasus-transfer,pegasus-kickstart  -n pegasus::dirmanager -N null -i - -R local  -L eht-difmap -T 2024-04-11T00:03:48+00:00 pegasus-transfer,0.3,0,0,,,,,,,,,
difmapp_ID0000022,None,compute,0,1714177081.0,,,1714177086.0,1714177107.0,1714177123.0,130488725.0,1714177106.0,1714177192.0,1714177183.0,1714177186.0,786986.0,1714177192.0,1714177197.0,5.0,,20.0,86.0,5.0,16.0,1169710926.0,3.0,2656159.0,poseidon,condorpool,poseidon-worker-2-container-32-35,difmapp,/srv/difmapp,,0.8,0,0,0.0,924116.0,665558.0,15089.0,14614.0,0.2,0.5,9241.2,6655.6
difmapp_ID0000001,None,compute,0,1714177081.0,,,1714177086.0,1714177107.0,1714177123.0,126163553.5,1714177106.0,1714177162.0,1714177149.0,1714177152.0,849145.0,1714177162.0,1714177167.0,5.0,,20.0,56.0,5.0,16.0,1169846286.0,3.0,2777030.0,poseidon,condorpool,poseidon-worker-2-container-40-43,difmapp,/srv/difmapp,,0.4,0,0,0.0,552895.0,326271.0,7464.0,7112.0,0.1,0.2,13822.4,8156.8
difmapp_ID0000012,None,compute,0,1714177081.0,,,1714177086.0,1714177107.0,1714177125.0,104865799.7,1714177106.0,1714177177.0,1714177163.0,1714177167.0,867022.0,1714177177.0,1714177182.0,5.0,,20.0,71.0,5.0,18.0,1169929806.0,4.0,2864083.0,poseidon,condorpool,poseidon-worker-2-container-44-47,difmapp,/srv/difmapp,,0.6,0,0,0.0,635488.0,399136.0,8893.0,8502.0,0.2,0.3,10591.5,6652.3
difmapp_ID0000004,None,compute,0,1714177081.0,,,1714177087.0,1714177106.0,1714177122.0,131143562.2,1714177105.0,1714177157.0,1714177145.0,1714177149.0,827829.0,1714177157.0,1714177162.0,6.0,,18.0,52.0,5.0,16.0,1169794446.0,4.0,2730916.0,poseidon,condorpool,poseidon-worker-1-container-44-47,difmapp,/srv/difmapp,,0.4,0,0,0.0,501408.0,281681.0,6302.0,5974.0,0.1,0.2,16713.6,9389.4
difmapp_ID0000026,None,compute,0,1714177081.0,,,1714177087.0,1714177106.0,1714177123.0,126354206.0,1714177105.0,1714177197.0,1714177186.0,1714177190.0,791655.0,1714177197.0,1714177202.0,6.0,,18.0,92.0,5.0,17.0,1169710926.0,4.0,2657210.0,poseidon,condorpool,poseidon-worker-2-container-36-39,difmapp,/srv/difmapp,,0.9,0,0,0.0,988803.0,723339.0,16489.0,15990.0,0.3,0.5,8989.1,6575.8
difmapp_ID0000015,None,compute,0,1714177081.0,,,1714177087.0,1714177106.0,1714177123.0,124030377.1,1714177105.0,1714177152.0,1714177139.0,1714177142.0,700242.0,1714177152.0,1714177157.0,6.0,,18.0,47.0,5.0,17.0,1169368206.0,3.0,2345144.0,poseidon,condorpool,poseidon-worker-1-container-36-39,difmapp,/srv/difmapp,,0.2,0,0,0.0,465355.0,251180.0,5475.0,5168.0,0.1,0.1,23267.8,12559.0
difmapp_ID0000008,None,compute,0,1714177081.0,,,1714177087.0,1714177107.0,1714177125.0,105173211.7,1714177106.0,1714177172.0,1714177162.0,1714177165.0,843901.0,1714177172.0,1714177177.0,6.0,,19.0,66.0,5.0,18.0,1169895246.0,3.0,2830977.0,poseidon,condorpool,poseidon-worker-2-container-28-31,difmapp,/srv/difmapp,,0.5,0,0,0.0,655436.0,419082.0,9177.0,8786.0,0.2,0.3,10923.9,6984.7
difmapp_ID0000019,None,compute,0,1714177081.0,,,1714177087.0,1714177107.0,1714177125.0,105796779.8,1714177106.0,1714177152.0,1714177142.0,1714177145.0,717162.0,1714177152.0,1714177157.0,6.0,,19.0,46.0,5.0,18.0,1169388366.0,3.0,2363009.0,poseidon,condorpool,poseidon-worker-1-container-24-27,difmapp,/srv/difmapp,,0.2,0,0,0.0,453728.0,239551.0,5243.0,4936.0,0.1,0.1,22686.4,11977.5
difmap-postprocessing_ID0000021,None,compute,0,1714177157.0,,,1714177162.0,1714177163.0,1714177179.0,130778046.2,1714177162.0,1714177202.0,1714177191.0,1714177194.0,51131.0,1714177202.0,1714177207.0,5.0,,0.0,40.0,5.0,16.0,1170209787.0,3.0,158326.0,poseidon,condorpool,poseidon-worker-2-container-32-35,difmap-postprocessing,/srv/difmap-postprocessing,,5.9,0,0,0.1,57596294.0,53704.0,27850.0,11.0,3.2,1.6,5759629.4,5370.4
difmap-postprocessing_ID0000020,None,compute,0,1714177157.0,,,1714177162.0,1714177164.0,1714177180.0,121504637.4,1714177163.0,1714177202.0,1714177192.0,1714177195.0,59189.0,1714177202.0,1714177207.0,5.0,,1.0,39.0,5.0,16.0,1170209787.0,3.0,184500.0,poseidon,condorpool,poseidon-worker-2-container-40-43,difmap-postprocessing,/srv/difmap-postprocessing,,5.7,0,0,0.1,57571762.0,53704.0,27797.0,11.0,3.3,1.6,5757176.2,5370.4
difmap-imgsum_ID0000018,None,compute,0,1714177157.0,,,1714177162.0,1714177163.0,1714177180.0,121517628.6,1714177162.0,1714177222.0,1714177212.0,1714177216.0,78082.0,1714177222.0,1714177227.0,5.0,,0.0,60.0,5.0,17.0,1170436604.0,4.0,249617.0,poseidon,condorpool,poseidon-worker-1-container-44-47,difmap-imgsum,/srv/difmap-imgsum,,26.4,0,0,0.0,310494623.0,19693677.0,166152.0,6795.0,14.8,3.4,6209892.5,393873.5
difmap-postprocessing_ID0000016,None,compute,0,1714177157.0,,,1714177162.0,1714177164.0,1714177180.0,130477336.0,1714177163.0,1714177202.0,1714177191.0,1714177194.0,62451.0,1714177202.0,1714177207.0,5.0,,1.0,39.0,5.0,16.0,1170209787.0,3.0,192902.0,poseidon,condorpool,poseidon-worker-1-container-24-27,difmap-postprocessing,/srv/difmap-postprocessing,,5.8,0,0,0.0,57578591.0,53704.0,27796.0,11.0,3.3,1.6,5757859.1,5370.4
difmap-postprocessing_ID0000017,None,compute,0,1714177157.0,,,1714177162.0,1714177163.0,1714177179.0,131485540.5,1714177162.0,1714177202.0,1714177190.0,1714177193.0,55520.0,1714177202.0,1714177207.0,5.0,,0.0,40.0,5.0,16.0,1170209787.0,3.0,172536.0,poseidon,condorpool,poseidon-worker-1-container-36-39,difmap-postprocessing,/srv/difmap-postprocessing,,5.7,0,0,0.0,57588159.0,53704.0,27817.0,11.0,3.3,1.6,5758815.9,5370.4
difmap-imgsum_ID0000007,None,compute,0,1714177162.0,,,1714177167.0,1714177184.0,1714177200.0,128365790.5,1714177183.0,1714177247.0,1714177235.0,1714177238.0,87451.0,1714177247.0,1714177252.0,5.0,,16.0,64.0,5.0,16.0,1170862844.0,3.0,272131.0,poseidon,condorpool,poseidon-worker-2-container-32-35,difmap-imgsum,/srv/difmap-imgsum,,29.2,0,0,0.1,279696161.0,22972093.0,146136.0,5797.0,15.3,3.0,5593923.2,459441.9
difmap-postprocessing_ID0000005,None,compute,0,1714177162.0,,,1714177167.0,1714177174.0,1714177190.0,130847558.0,1714177173.0,1714177212.0,1714177202.0,1714177205.0,62262.0,1714177212.0,1714177217.0,5.0,,6.0,39.0,5.0,16.0,1170209787.0,3.0,194406.0,poseidon,condorpool,poseidon-worker-2-container-44-47,difmap-postprocessing,/srv/difmap-postprocessing,,5.9,0,0,0.1,57320537.0,53704.0,27585.0,11.0,3.2,1.7,5732053.7,5370.4
difmap-postprocessing_ID0000006,None,compute,0,1714177162.0,,,1714177167.0,1714177173.0,1714177189.0,128652434.9,1714177172.0,1714177212.0,1714177201.0,1714177204.0,53467.0,1714177212.0,1714177217.0,5.0,,5.0,40.0,5.0,16.0,1170209787.0,3.0,166357.0,poseidon,condorpool,poseidon-worker-2-container-28-31,difmap-postprocessing,/srv/difmap-postprocessing,,6.0,0,0,0.1,57310978.0,53704.0,27565.0,11.0,3.2,1.7,5731097.8,5370.4
difmap-postprocessing_ID0000003,None,compute,0,1714177167.0,,,1714177172.0,1714177184.0,1714177202.0,112638174.4,1714177183.0,1714177222.0,1714177213.0,1714177216.0,52835.0,1714177222.0,1714177227.0,5.0,,11.0,39.0,5.0,18.0,1170209787.0,3.0,165848.0,poseidon,condorpool,poseidon-worker-2-container-44-47,difmap-postprocessing,/srv/difmap-postprocessing,,5.8,0,0,0.1,57603291.0,53704.0,27849.0,11.0,3.3,1.6,5760329.1,5370.4
difmap-postprocessing_ID0000002,None,compute,0,1714177167.0,,,1714177172.0,1714177184.0,1714177200.0,126528634.4,1714177183.0,1714177222.0,1714177212.0,1714177215.0,61001.0,1714177222.0,1714177227.0,5.0,,11.0,39.0,5.0,16.0,1170209787.0,3.0,189013.0,poseidon,condorpool,poseidon-worker-2-container-40-43,difmap-postprocessing,/srv/difmap-postprocessing,,5.6,0,0,0.1,57574556.0,53704.0,27787.0,11.0,3.5,1.4,5757455.6,5370.4
difmap-postprocessing_ID0000010,None,compute,0,1714177177.0,,,1714177182.0,1714177184.0,1714177201.0,122469759.3,1714177183.0,1714177222.0,1714177212.0,1714177215.0,53014.0,1714177222.0,1714177227.0,5.0,,1.0,39.0,5.0,17.0,1170212667.0,3.0,166473.0,poseidon,condorpool,poseidon-worker-1-container-44-47,difmap-postprocessing,/srv/difmap-postprocessing,,5.7,0,0,0.0,57591027.0,53704.0,27837.0,11.0,3.3,1.6,5759102.7,5370.4
difmap-postprocessing_ID0000009,None,compute,0,1714177177.0,,,1714177182.0,1714177184.0,1714177200.0,130502676.5,1714177183.0,1714177222.0,1714177212.0,1714177215.0,58504.0,1714177222.0,1714177227.0,5.0,,1.0,39.0,5.0,16.0,1170212667.0,3.0,184905.0,poseidon,condorpool,poseidon-worker-2-container-36-39,difmap-postprocessing,/srv/difmap-postprocessing,,5.9,0,0,0.1,57320541.0,53704.0,27585.0,11.0,3.0,1.8,5732054.1,5370.4
difmap-imgsum_ID0000011,None,compute,0,1714177177.0,,,1714177182.0,1714177184.0,1714177200.0,130871034.5,1714177183.0,1714177247.0,1714177236.0,1714177239.0,89663.0,1714177247.0,1714177252.0,5.0,,1.0,64.0,5.0,16.0,1170966524.0,3.0,280917.0,poseidon,condorpool,poseidon-worker-1-container-36-39,difmap-imgsum,/srv/difmap-imgsum,,31.4,0,0,0.0,320110336.0,25010905.0,169067.0,7002.0,19.3,3.1,5335172.3,416848.4
difmap-postprocessing_ID0000014,None,compute,0,1714177182.0,,,1714177187.0,1714177196.0,1714177213.0,129771178.2,1714177196.0,1714177237.0,1714177224.0,1714177227.0,53056.0,1714177237.0,1714177242.0,5.0,,9.0,41.0,5.0,17.0,1170212667.0,3.0,164597.0,poseidon,condorpool,poseidon-worker-2-container-36-39,difmap-postprocessing,/srv/difmap-postprocessing,,5.8,0,0,0.0,57597792.0,53704.0,27838.0,11.0,3.2,1.7,5759779.2,5370.4
difmap-postprocessing_ID0000013,None,compute,0,1714177182.0,,,1714177187.0,1714177194.0,1714177210.0,129142641.2,1714177193.0,1714177232.0,1714177222.0,1714177225.0,58055.0,1714177232.0,1714177237.0,5.0,,6.0,39.0,5.0,16.0,1170212667.0,3.0,179954.0,poseidon,condorpool,poseidon-worker-2-container-32-35,difmap-postprocessing,/srv/difmap-postprocessing,,5.8,0,0,0.0,57511981.0,53704.0,27774.0,11.0,3.1,1.7,5751198.1,5370.4
difmap-imgsum_ID0000025,None,compute,0,1714177197.0,,,1714177202.0,1714177204.0,1714177221.0,126905300.9,1714177203.0,1714177262.0,1714177253.0,1714177256.0,82569.0,1714177262.0,1714177267.0,5.0,,1.0,59.0,5.0,17.0,1170779324.0,3.0,265099.0,poseidon,condorpool,poseidon-worker-1-container-24-27,difmap-imgsum,/srv/difmap-imgsum,,26.7,0,0,0.1,309054924.0,22071313.0,164316.0,6701.0,15.3,3.1,6181098.5,441426.3
difmap-postprocessing_ID0000023,None,compute,0,1714177197.0,,,1714177202.0,1714177204.0,1714177220.0,130695721.0,1714177203.0,1714177242.0,1714177231.0,1714177234.0,58915.0,1714177242.0,1714177247.0,5.0,,1.0,39.0,5.0,16.0,1170209787.0,3.0,183333.0,poseidon,condorpool,poseidon-worker-2-container-32-35,difmap-postprocessing,/srv/difmap-postprocessing,,5.5,0,0,0.0,57619964.0,53704.0,27902.0,11.0,3.4,1.5,5761996.4,5370.4
difmap-postprocessing_ID0000024,None,compute,0,1714177197.0,,,1714177202.0,1714177203.0,1714177220.0,131716445.2,1714177203.0,1714177242.0,1714177231.0,1714177234.0,52806.0,1714177242.0,1714177247.0,5.0,,1.0,39.0,5.0,17.0,1170209787.0,3.0,165508.0,poseidon,condorpool,poseidon-worker-1-container-36-39,difmap-postprocessing,/srv/difmap-postprocessing,,5.3,0,0,0.1,57591139.0,53704.0,27838.0,11.0,3.1,1.4,5759113.9,5370.4
difmap-postprocessing_ID0000028,None,compute,0,1714177202.0,,,1714177207.0,1714177209.0,1714177226.0,128744489.8,1714177209.0,1714177247.0,1714177237.0,1714177240.0,52343.0,1714177247.0,1714177252.0,5.0,,2.0,38.0,5.0,17.0,1170209787.0,3.0,165019.0,poseidon,condorpool,poseidon-worker-2-container-40-43,difmap-postprocessing,/srv/difmap-postprocessing,,5.6,0,0,0.0,57565100.0,53704.0,27781.0,11.0,3.2,1.7,5756510.0,5370.4
difmap-postprocessing_ID0000027,None,compute,0,1714177202.0,,,1714177207.0,1714177212.0,1714177228.0,126456756.1,1714177211.0,1714177252.0,1714177239.0,1714177242.0,59513.0,1714177252.0,1714177257.0,5.0,,4.0,41.0,5.0,16.0,1170209787.0,3.0,185534.0,poseidon,condorpool,poseidon-worker-2-container-28-31,difmap-postprocessing,/srv/difmap-postprocessing,,5.6,0,0,0.0,57560899.0,53704.0,27771.0,11.0,3.2,1.7,5756089.9,5370.4
stage_out_local_condorpool_0_0,None,transfer,0,1714177202.0,,,1714177207.0,,,0.0,1714177208.0,1714177222.0,1714177208.0,1714177214.0,3330940.0,1714177222.0,1714177227.0,5.0,,1.0,14.0,5.0,,,6.0,21224528.0,poseidon,local,poseidon-submit,pegasus::transfer,/mnt/poseidon-data/poseidon/pegasus-5.1.0panorama/bin/pegasus-transfer,/home/poseidon/pegasus-5.1.0panorama/bin/../bin/pegasus-kickstart  -n pegasus::transfer -N null -i - -R local  -L eht-difmap -T 2024-04-11T00:03:48+00:00 /home/poseidon/pegasus-5.1.0panorama/bin/../bin/pegasus-transfer  --threads 2,5.2,0,0,,,,,,,,,
stage_out_local_condorpool_1_0,None,transfer,0,1714177257.0,,,1714177262.0,,,0.0,1714177262.0,1714177272.0,1714177262.0,1714177266.0,485790.0,1714177272.0,1714177277.0,5.0,,0.0,10.0,5.0,,,4.0,1959583.0,poseidon,local,poseidon-submit,pegasus::transfer,/mnt/poseidon-data/poseidon/pegasus-5.1.0panorama/bin/pegasus-transfer,/home/poseidon/pegasus-5.1.0panorama/bin/../bin/pegasus-kickstart  -n pegasus::transfer -N null -i - -R local  -L eht-difmap -T 2024-04-11T00:03:48+00:00 /home/poseidon/pegasus-5.1.0panorama/bin/../bin/pegasus-transfer  --threads 2,1.2,0,0,,,,,,,,,
stage_out_local_condorpool_1_1,None,transfer,0,1714177267.0,,,1714177272.0,,,0.0,1714177272.0,1714177282.0,1714177273.0,1714177277.0,477973.0,1714177282.0,1714177287.0,5.0,,0.0,10.0,5.0,,,4.0,1927392.0,poseidon,local,poseidon-submit,pegasus::transfer,/mnt/poseidon-data/poseidon/pegasus-5.1.0panorama/bin/pegasus-transfer,/home/poseidon/pegasus-5.1.0panorama/bin/../bin/pegasus-kickstart  -n pegasus::transfer -N null -i - -R local  -L eht-difmap -T 2024-04-11T00:03:48+00:00 /home/poseidon/pegasus-5.1.0panorama/bin/../bin/pegasus-transfer  --threads 2,1.1,0,0,,,,,,,,,
cleanup_eht-difmap_0_condorpool,None,auxiliary,0,1714177287.0,,,1714177292.0,,,0.0,1714177292.0,1714177302.0,,,0.0,1714177302.0,1714177307.0,5.0,,0.0,10.0,5.0,,,,,poseidon,local,poseidon-submit,pegasus::cleanup,/mnt/poseidon-data/poseidon/pegasus-5.1.0panorama/bin/pegasus-transfer,pegasus-kickstart  -n pegasus::cleanup -N null -i - -R local  -L eht-difmap -T 2024-04-11T00:03:48+00:00 pegasus-transfer,0.3,0,0,,,,,,,,,
