,anomaly_type,type,is_clustered,ready,pre_script_start,pre_script_end,submit,stage_in_start,stage_in_end,stage_in_effective_bytes_per_sec,execute_start,execute_end,stage_out_start,stage_out_end,stage_out_effective_bytes_per_sec,post_script_start,post_script_end,wms_delay,pre_script_delay,queue_delay,runtime,post_script_delay,stage_in_delay,stage_in_bytes,stage_out_delay,stage_out_bytes,kickstart_user,kickstart_site,kickstart_hostname,kickstart_transformations,kickstart_executables,kickstart_executables_argv,kickstart_executables_cpu_time,kickstart_status,kickstart_executables_exitcode,kickstart_online_iowait,kickstart_online_bytes_read,kickstart_online_bytes_written,kickstart_online_read_system_calls,kickstart_online_write_system_calls,kickstart_online_utime,kickstart_online_stime,kickstart_online_bytes_read_per_second,kickstart_online_bytes_written_per_second
create_dir_eht-difmap_0_condorpool,None,auxiliary,0,1714409372.0,,,1714409373.0,,,0.0,1714409377.0,1714409383.0,,,0.0,1714409383.0,1714409388.0,1.0,,4.0,6.0,5.0,,,,,poseidon,local,poseidon-submit,pegasus::dirmanager,/mnt/poseidon-data/poseidon/pegasus-5.1.0panorama/bin/pegasus-transfer,pegasus-kickstart  -n pegasus::dirmanager -N null -i - -R local  -L eht-difmap -T 2024-04-11T00:03:48+00:00 pegasus-transfer,0.3,0,0,,,,,,,,,
difmapp_ID0000022,hdd_10,compute,0,1714409388.0,,,1714409393.0,1714409407.0,1714409424.0,125149843.3,1714409406.0,1714409548.0,1714409536.0,1714409539.0,793936.0,1714409548.0,1714409553.0,5.0,,13.0,142.0,5.0,17.0,1169710926.0,3.0,2656159.0,poseidon,condorpool,poseidon-worker-1-container-44-47,difmapp,/srv/difmapp,,0.8,0,0,0.0,1057182.0,734809.0,16664.0,15954.0,0.3,0.5,5034.2,6680.1
difmapp_ID0000001,None,compute,0,1714409388.0,,,1714409393.0,1714409407.0,1714409424.0,123105331.4,1714409406.0,1714409458.0,1714409449.0,1714409452.0,841455.0,1714409458.0,1714409463.0,5.0,,13.0,52.0,5.0,17.0,1169846286.0,3.0,2777030.0,poseidon,condorpool,poseidon-worker-2-container-40-43,difmapp,/srv/difmapp,,0.3,0,0,0.0,479624.0,258548.0,5901.0,5570.0,0.1,0.2,15987.5,8618.3
difmapp_ID0000012,None,compute,0,1714409388.0,,,1714409393.0,1714409407.0,1714409426.0,102008799.8,1714409406.0,1714409473.0,1714409463.0,1714409466.0,853152.0,1714409473.0,1714409478.0,5.0,,13.0,67.0,5.0,19.0,1169929806.0,3.0,2864083.0,poseidon,condorpool,poseidon-worker-2-container-36-39,difmapp,/srv/difmapp,,0.5,0,0,0.0,655742.0,416643.0,9275.0,8878.0,0.2,0.3,10929.0,6944.0
difmapp_ID0000004,None,compute,0,1714409388.0,,,1714409393.0,1714409407.0,1714409425.0,107646447.4,1714409406.0,1714409458.0,1714409448.0,1714409452.0,834662.0,1714409458.0,1714409463.0,5.0,,13.0,52.0,5.0,18.0,1169794446.0,4.0,2730916.0,poseidon,condorpool,poseidon-worker-2-container-44-47,difmapp,/srv/difmapp,,0.3,0,0,0.0,497625.0,277910.0,6154.0,5826.0,0.1,0.1,16587.5,9263.7
difmapp_ID0000026,None,compute,0,1714409388.0,,,1714409393.0,1714409407.0,1714409425.0,107939263.0,1714409406.0,1714409548.0,1714409536.0,1714409539.0,793345.0,1714409548.0,1714409553.0,5.0,,13.0,142.0,5.0,18.0,1169710926.0,3.0,2657210.0,poseidon,condorpool,poseidon-worker-1-container-28-31,difmapp,/srv/difmapp,,0.9,0,0,0.0,1086110.0,765119.0,17523.0,16816.0,0.4,0.5,5172.0,6376.0
difmapp_ID0000015,None,compute,0,1714409388.0,,,1714409393.0,1714409407.0,1714409426.0,99578566.2,1714409406.0,1714409453.0,1714409442.0,1714409445.0,703150.0,1714409453.0,1714409458.0,5.0,,13.0,47.0,5.0,19.0,1169368206.0,3.0,2345144.0,poseidon,condorpool,poseidon-worker-2-container-32-35,difmapp,/srv/difmapp,,0.2,0,0,0.0,468028.0,251120.0,5575.0,5262.0,0.1,0.1,23401.4,12556.0
difmapp_ID0000008,hdd_10,compute,0,1714409388.0,,,1714409393.0,1714409407.0,1714409423.0,128366065.0,1714409406.0,1714409548.0,1714409536.0,1714409539.0,839683.0,1714409548.0,1714409553.0,5.0,,13.0,142.0,5.0,16.0,1169895246.0,3.0,2830977.0,poseidon,condorpool,poseidon-worker-1-container-40-43,difmapp,/srv/difmapp,,0.5,0,0,0.0,670050.0,433681.0,9531.0,9140.0,0.2,0.3,11167.5,7228.0
difmapp_ID0000019,None,compute,0,1714409388.0,,,1714409393.0,1714409407.0,1714409423.0,126579665.1,1714409406.0,1714409548.0,1714409536.0,1714409539.0,704657.0,1714409548.0,1714409553.0,5.0,,13.0,142.0,5.0,16.0,1169388366.0,3.0,2363009.0,poseidon,condorpool,poseidon-worker-1-container-36-39,difmapp,/srv/difmapp,,0.2,0,0,0.0,450895.0,236716.0,5151.0,4844.0,0.1,0.1,22544.8,11835.8
difmap-imgsum_ID0000018,None,compute,0,1714409458.0,,,1714409463.0,1714409464.0,1714409480.0,130986698.8,1714409463.0,1714409523.0,1714409514.0,1714409517.0,79745.0,1714409523.0,1714409528.0,5.0,,0.0,60.0,5.0,16.0,1170436604.0,3.0,249617.0,poseidon,condorpool,poseidon-worker-2-container-44-47,difmap-imgsum,/srv/difmap-imgsum,,27.5,0,0,0.1,290369270.0,19468290.0,154508.0,6199.0,14.7,3.5,5807385.4,389365.8
difmap-postprocessing_ID0000016,None,compute,0,1714409458.0,,,1714409463.0,1714409464.0,1714409480.0,130466970.0,1714409463.0,1714409503.0,1714409491.0,1714409494.0,60584.0,1714409503.0,1714409508.0,5.0,,0.0,40.0,5.0,16.0,1170209787.0,3.0,192902.0,poseidon,condorpool,poseidon-worker-2-container-32-35,difmap-postprocessing,/srv/difmap-postprocessing,,5.6,0,0,0.0,57577231.0,53704.0,27792.0,11.0,3.3,1.6,5757723.1,5370.4
difmap-postprocessing_ID0000017,None,compute,0,1714409458.0,,,1714409463.0,1714409464.0,1714409480.0,130741372.8,1714409463.0,1714409503.0,1714409491.0,1714409494.0,55124.0,1714409503.0,1714409508.0,5.0,,0.0,40.0,5.0,16.0,1170209787.0,3.0,172536.0,poseidon,condorpool,poseidon-worker-2-container-40-43,difmap-postprocessing,/srv/difmap-postprocessing,,5.7,0,0,0.1,57585422.0,53704.0,27811.0,11.0,3.2,1.7,5758542.2,5370.4
difmap-imgsum_ID0000007,None,compute,0,1714409463.0,,,1714409468.0,1714409484.0,1714409501.0,125705946.0,1714409483.0,1714409543.0,1714409534.0,1714409538.0,87208.0,1714409543.0,1714409548.0,5.0,,15.0,60.0,5.0,17.0,1170862844.0,4.0,272131.0,poseidon,condorpool,poseidon-worker-2-container-40-43,difmap-imgsum,/srv/difmap-imgsum,,28.8,0,0,0.1,286998716.0,23062682.0,150498.0,6020.0,15.7,2.9,5739974.3,461253.6
difmap-postprocessing_ID0000005,hdd_10,compute,0,1714409463.0,,,1714409468.0,1714409536.0,1714409564.0,131315406.8,1714409536.0,1714409803.0,1714409793.0,1714409796.0,61145.0,1714409803.0,1714409808.0,5.0,,68.0,267.0,5.0,28.0,1170209787.0,3.0,194406.0,poseidon,condorpool,poseidon-worker-1-container-44-47,difmap-postprocessing,/srv/difmap-postprocessing,,5.7,0,0,0.1,57739429.0,53704.0,28448.0,11.0,3.1,1.7,131226.0,5370.4
difmap-postprocessing_ID0000006,None,compute,0,1714409463.0,,,1714409468.0,1714409473.0,1714409489.0,130479498.5,1714409472.0,1714409513.0,1714409500.0,1714409503.0,53692.0,1714409513.0,1714409518.0,5.0,,4.0,41.0,5.0,16.0,1170209787.0,3.0,166357.0,poseidon,condorpool,poseidon-worker-2-container-36-39,difmap-postprocessing,/srv/difmap-postprocessing,,5.4,0,0,0.1,57683787.0,53704.0,27910.0,11.0,3.5,1.4,5768378.7,5370.4
difmap-postprocessing_ID0000003,None,compute,0,1714409463.0,,,1714409468.0,1714409484.0,1714409500.0,131259324.5,1714409483.0,1714409523.0,1714409511.0,1714409514.0,51849.0,1714409523.0,1714409528.0,5.0,,15.0,40.0,5.0,16.0,1170209787.0,3.0,165848.0,poseidon,condorpool,poseidon-worker-2-container-44-47,difmap-postprocessing,/srv/difmap-postprocessing,,5.5,0,0,0.0,57608804.0,53704.0,27861.0,11.0,3.2,1.7,5760880.4,5370.4
difmap-postprocessing_ID0000002,None,compute,0,1714409463.0,,,1714409468.0,1714409484.0,1714409500.0,131114429.5,1714409483.0,1714409523.0,1714409511.0,1714409514.0,60902.0,1714409523.0,1714409528.0,5.0,,15.0,40.0,5.0,16.0,1170209787.0,3.0,189013.0,poseidon,condorpool,poseidon-worker-2-container-36-39,difmap-postprocessing,/srv/difmap-postprocessing,,5.7,0,0,0.1,57603277.0,53704.0,27850.0,11.0,3.3,1.5,5760327.7,5370.4
difmap-postprocessing_ID0000014,None,compute,0,1714409478.0,,,1714409483.0,1714409501.0,1714409517.0,129700887.2,1714409500.0,1714409538.0,1714409528.0,1714409531.0,53364.0,1714409538.0,1714409543.0,5.0,,17.0,38.0,5.0,16.0,1170212667.0,3.0,164597.0,poseidon,condorpool,poseidon-worker-2-container-40-43,difmap-postprocessing,/srv/difmap-postprocessing,,5.3,0,0,0.0,57610296.0,53704.0,27865.0,11.0,3.2,1.4,5761029.6,5370.4
difmap-postprocessing_ID0000013,None,compute,0,1714409478.0,,,1714409483.0,1714409501.0,1714409517.0,129658088.2,1714409500.0,1714409538.0,1714409528.0,1714409531.0,56073.0,1714409538.0,1714409543.0,5.0,,17.0,38.0,5.0,16.0,1170212667.0,3.0,179954.0,poseidon,condorpool,poseidon-worker-2-container-32-35,difmap-postprocessing,/srv/difmap-postprocessing,,5.3,0,0,0.1,59533569.0,57020.0,29642.0,12.0,3.5,1.4,5953356.9,5702.0
difmap-postprocessing_ID0000021,None,compute,0,1714409553.0,,,1714409558.0,1714409559.0,1714409576.0,127507936.8,1714409558.0,1714409598.0,1714409587.0,1714409590.0,50157.0,1714409598.0,1714409603.0,5.0,,0.0,40.0,5.0,17.0,1170209787.0,3.0,158326.0,poseidon,condorpool,poseidon-worker-2-container-44-47,difmap-postprocessing,/srv/difmap-postprocessing,,5.6,0,0,0.1,57591209.0,53704.0,27838.0,11.0,3.4,1.5,5759120.9,5370.4
stage_out_local_condorpool_0_0,None,transfer,0,1714409553.0,,,1714409558.0,,,0.0,1714409558.0,1714409573.0,1714409558.0,1714409565.0,3327403.0,1714409573.0,1714409578.0,5.0,,0.0,15.0,5.0,,,7.0,21224528.0,poseidon,local,poseidon-submit,pegasus::transfer,/mnt/poseidon-data/poseidon/pegasus-5.1.0panorama/bin/pegasus-transfer,/home/poseidon/pegasus-5.1.0panorama/bin/../bin/pegasus-kickstart  -n pegasus::transfer -N null -i - -R local  -L eht-difmap -T 2024-04-11T00:03:48+00:00 /home/poseidon/pegasus-5.1.0panorama/bin/../bin/pegasus-transfer  --threads 2,5.1,0,0,,,,,,,,,
difmap-postprocessing_ID0000020,None,compute,0,1714409553.0,,,1714409558.0,1714409559.0,1714409794.0,113074183.8,1714409558.0,1714409818.0,1714409805.0,1714409808.0,57965.0,1714409818.0,1714409823.0,5.0,,0.0,260.0,5.0,235.0,1170209787.0,3.0,184500.0,poseidon,condorpool,poseidon-worker-1-container-28-31,difmap-postprocessing,/srv/difmap-postprocessing,,5.2,0,0,0.1,59520511.0,64904.0,29626.0,14.0,3.4,1.5,5952051.1,6490.4
difmap-imgsum_ID0000011,None,compute,0,1714409553.0,,,1714409558.0,1714409559.0,1714409796.0,95516538.7,1714409558.0,1714409843.0,1714409833.0,1714409836.0,90761.0,1714409843.0,1714409848.0,5.0,,0.0,285.0,5.0,237.0,1170966524.0,3.0,280917.0,poseidon,condorpool,poseidon-worker-1-container-36-39,difmap-imgsum,/srv/difmap-imgsum,,32.1,0,0,0.0,317184012.0,24973321.0,167216.0,6912.0,19.4,3.4,5286400.2,416222.0
difmap-postprocessing_ID0000009,None,compute,0,1714409553.0,,,1714409558.0,1714409559.0,1714409579.0,93230074.3,1714409558.0,1714409603.0,1714409590.0,1714409593.0,59652.0,1714409603.0,1714409608.0,5.0,,0.0,45.0,5.0,20.0,1170212667.0,3.0,184905.0,poseidon,condorpool,poseidon-worker-2-container-40-43,difmap-postprocessing,/srv/difmap-postprocessing,,5.4,0,0,0.1,57591212.0,53704.0,27838.0,11.0,3.4,1.5,5759121.2,5370.4
difmap-postprocessing_ID0000024,None,compute,0,1714409553.0,,,1714409558.0,1714409559.0,1714409576.0,119841890.4,1714409558.0,1714409598.0,1714409587.0,1714409590.0,51476.0,1714409598.0,1714409603.0,5.0,,0.0,40.0,5.0,17.0,1170209787.0,3.0,165508.0,poseidon,condorpool,poseidon-worker-2-container-32-35,difmap-postprocessing,/srv/difmap-postprocessing,,5.5,0,0,0.1,57560962.0,53704.0,27772.0,11.0,3.4,1.5,5756096.2,5370.4
difmap-postprocessing_ID0000023,None,compute,0,1714409553.0,,,1714409558.0,1714409559.0,1714409578.0,103255463.5,1714409558.0,1714409598.0,1714409589.0,1714409592.0,58320.0,1714409598.0,1714409603.0,5.0,,0.0,40.0,5.0,19.0,1170209787.0,3.0,183333.0,poseidon,condorpool,poseidon-worker-2-container-44-47,difmap-postprocessing,/srv/difmap-postprocessing,,5.5,0,0,0.1,57598096.0,53704.0,27852.0,11.0,3.4,1.4,5759809.6,5370.4
difmap-imgsum_ID0000025,hdd_10,compute,0,1714409553.0,,,1714409558.0,1714409559.0,1714409796.0,125333347.8,1714409558.0,1714409838.0,1714409829.0,1714409832.0,83719.0,1714409838.0,1714409843.0,5.0,,0.0,280.0,5.0,237.0,1170779324.0,3.0,265099.0,poseidon,condorpool,poseidon-worker-1-container-44-47,difmap-imgsum,/srv/difmap-imgsum,,27.7,0,0,0.1,302595678.0,21993569.0,160056.0,6491.0,15.0,3.1,6051913.6,439871.4
difmap-postprocessing_ID0000027,hdd_10,compute,0,1714409553.0,,,1714409558.0,1714409559.0,1714409794.0,125408600.8,1714409558.0,1714409818.0,1714409805.0,1714409809.0,59611.0,1714409818.0,1714409823.0,5.0,,0.0,260.0,5.0,235.0,1170209787.0,4.0,185534.0,poseidon,condorpool,poseidon-worker-1-container-40-43,difmap-postprocessing,/srv/difmap-postprocessing,,5.8,0,0,0.0,57560831.0,53704.0,27772.0,11.0,3.2,1.7,5756083.1,5370.4
difmap-postprocessing_ID0000028,None,compute,0,1714409553.0,,,1714409558.0,1714409559.0,1714409578.0,107421894.4,1714409558.0,1714409598.0,1714409589.0,1714409592.0,52895.0,1714409598.0,1714409603.0,5.0,,0.0,40.0,5.0,19.0,1170209787.0,3.0,165019.0,poseidon,condorpool,poseidon-worker-2-container-40-43,difmap-postprocessing,/srv/difmap-postprocessing,,5.6,0,0,0.1,57584326.0,53704.0,27822.0,11.0,3.2,1.6,5758432.6,5370.4
difmap-postprocessing_ID0000010,None,compute,0,1714409553.0,,,1714409558.0,1714409559.0,1714409576.0,126873934.0,1714409558.0,1714409598.0,1714409587.0,1714409590.0,52370.0,1714409598.0,1714409603.0,5.0,,0.0,40.0,5.0,17.0,1170212667.0,3.0,166473.0,poseidon,condorpool,poseidon-worker-2-container-36-39,difmap-postprocessing,/srv/difmap-postprocessing,,5.6,0,0,0.1,57566475.0,53704.0,27784.0,11.0,3.5,1.4,5756647.5,5370.4
stage_out_local_condorpool_1_1,None,transfer,0,1714409843.0,,,1714409848.0,,,0.0,1714409848.0,1714409858.0,1714409848.0,1714409852.0,477801.0,1714409858.0,1714409863.0,5.0,,0.0,10.0,5.0,,,4.0,1927392.0,poseidon,local,poseidon-submit,pegasus::transfer,/mnt/poseidon-data/poseidon/pegasus-5.1.0panorama/bin/pegasus-transfer,/home/poseidon/pegasus-5.1.0panorama/bin/../bin/pegasus-kickstart  -n pegasus::transfer -N null -i - -R local  -L eht-difmap -T 2024-04-11T00:03:48+00:00 /home/poseidon/pegasus-5.1.0panorama/bin/../bin/pegasus-transfer  --threads 2,1.1,0,0,,,,,,,,,
stage_out_local_condorpool_1_0,None,transfer,0,1714409848.0,,,1714409853.0,,,0.0,1714409853.0,1714409863.0,1714409853.0,1714409857.0,485613.0,1714409863.0,1714409868.0,5.0,,0.0,10.0,5.0,,,4.0,1959583.0,poseidon,local,poseidon-submit,pegasus::transfer,/mnt/poseidon-data/poseidon/pegasus-5.1.0panorama/bin/pegasus-transfer,/home/poseidon/pegasus-5.1.0panorama/bin/../bin/pegasus-kickstart  -n pegasus::transfer -N null -i - -R local  -L eht-difmap -T 2024-04-11T00:03:48+00:00 /home/poseidon/pegasus-5.1.0panorama/bin/../bin/pegasus-transfer  --threads 2,1.1,0,0,,,,,,,,,
cleanup_eht-difmap_0_condorpool,None,auxiliary,0,1714409868.0,,,1714409873.0,,,0.0,1714409873.0,1714409883.0,,,0.0,1714409883.0,1714409888.0,5.0,,0.0,10.0,5.0,,,,,poseidon,local,poseidon-submit,pegasus::cleanup,/mnt/poseidon-data/poseidon/pegasus-5.1.0panorama/bin/pegasus-transfer,pegasus-kickstart  -n pegasus::cleanup -N null -i - -R local  -L eht-difmap -T 2024-04-11T00:03:48+00:00 pegasus-transfer,0.3,0,0,,,,,,,,,
