,anomaly_type,type,is_clustered,ready,pre_script_start,pre_script_end,submit,stage_in_start,stage_in_end,stage_in_effective_bytes_per_sec,execute_start,execute_end,stage_out_start,stage_out_end,stage_out_effective_bytes_per_sec,post_script_start,post_script_end,wms_delay,pre_script_delay,queue_delay,runtime,post_script_delay,stage_in_delay,stage_in_bytes,stage_out_delay,stage_out_bytes,kickstart_user,kickstart_site,kickstart_hostname,kickstart_transformations,kickstart_executables,kickstart_executables_argv,kickstart_executables_cpu_time,kickstart_status,kickstart_executables_exitcode,kickstart_online_iowait,kickstart_online_bytes_read,kickstart_online_bytes_written,kickstart_online_read_system_calls,kickstart_online_write_system_calls,kickstart_online_utime,kickstart_online_stime,kickstart_online_bytes_read_per_second,kickstart_online_bytes_written_per_second
create_dir_eht-difmap_0_condorpool,None,auxiliary,0,1714414388.0,,,1714414389.0,,,0.0,1714414393.0,1714414399.0,,,0.0,1714414399.0,1714414404.0,1.0,,4.0,6.0,5.0,,,,,poseidon,local,poseidon-submit,pegasus::dirmanager,/mnt/poseidon-data/poseidon/pegasus-5.1.0panorama/bin/pegasus-transfer,pegasus-kickstart  -n pegasus::dirmanager -N null -i - -R local  -L eht-difmap -T 2024-04-11T00:03:48+00:00 pegasus-transfer,0.3,0,0,,,,,,,,,
difmapp_ID0000008,hdd_10,compute,0,1714414404.0,,,1714414409.0,1714414416.0,1714414535.0,10351102.4,1714414415.0,1714414709.0,1714414695.0,1714414698.0,833881.0,1714414709.0,1714414714.0,5.0,,6.0,294.0,5.0,119.0,1169895246.0,3.0,2830977.0,poseidon,condorpool,poseidon-worker-2-container-32-35,difmapp,/srv/difmapp,,0.5,0,0,0.0,665777.0,429421.0,9363.0,8972.0,0.2,0.4,11096.3,7157.0
difmapp_ID0000015,hdd_10,compute,0,1714414404.0,,,1714414409.0,1714414415.0,1714414434.0,101208173.0,1714414415.0,1714414554.0,1714414544.0,1714414548.0,700146.0,1714414554.0,1714414559.0,5.0,,6.0,139.0,5.0,19.0,1169368206.0,4.0,2345144.0,poseidon,condorpool,poseidon-worker-1-container-36-39,difmapp,/srv/difmapp,,0.2,0,0,0.0,470625.0,253710.0,5567.0,5254.0,0.1,0.1,23531.2,12685.5
difmapp_ID0000026,hdd_10,compute,0,1714414404.0,,,1714414409.0,1714414416.0,1714414433.0,116204827.8,1714414415.0,1714414554.0,1714414544.0,1714414548.0,786101.0,1714414554.0,1714414559.0,5.0,,6.0,139.0,5.0,17.0,1169710926.0,4.0,2657210.0,poseidon,condorpool,poseidon-worker-1-container-40-43,difmapp,/srv/difmapp,,1.1,0,0,0.0,1085309.0,764323.0,15931.0,15224.0,0.5,0.7,5168.1,6369.4
difmapp_ID0000019,None,compute,0,1714414404.0,,,1714414409.0,1714414416.0,1714414432.0,130535575.0,1714414415.0,1714414554.0,1714414544.0,1714414548.0,699897.0,1714414554.0,1714414559.0,5.0,,6.0,139.0,5.0,16.0,1169388366.0,4.0,2363009.0,poseidon,condorpool,poseidon-worker-1-container-32-35,difmapp,/srv/difmapp,,0.2,0,0,0.0,456176.0,242000.0,5268.0,4962.0,0.1,0.1,22808.8,12100.0
difmapp_ID0000012,None,compute,0,1714414404.0,,,1714414409.0,1714414416.0,1714414537.0,101255148.4,1714414415.0,1714414704.0,1714414695.0,1714414698.0,844379.0,1714414704.0,1714414709.0,5.0,,6.0,289.0,5.0,121.0,1169929806.0,3.0,2864083.0,poseidon,condorpool,poseidon-worker-2-container-0-3,difmapp,/srv/difmapp,,0.5,0,0,0.0,649270.0,411673.0,9256.0,8862.0,0.2,0.3,10821.2,6861.2
difmapp_ID0000001,None,compute,0,1714414404.0,,,1714414409.0,1714414416.0,1714414535.0,10196804.3,1714414415.0,1714414574.0,1714414560.0,1714414563.0,847852.0,1714414574.0,1714414579.0,5.0,,6.0,159.0,5.0,119.0,1169846286.0,3.0,2777030.0,poseidon,condorpool,poseidon-worker-2-container-40-43,difmapp,/srv/difmapp,,0.4,0,0,0.0,554030.0,328767.0,7457.0,7108.0,0.1,0.2,13850.8,8219.2
difmapp_ID0000022,hdd_10,compute,0,1714414404.0,,,1714414409.0,1714414416.0,1714414535.0,10150190.6,1714414415.0,1714414824.0,1714414695.0,1714414698.0,804808.0,1714414824.0,1714414829.0,5.0,,6.0,409.0,5.0,119.0,1169710926.0,3.0,2656159.0,poseidon,condorpool,poseidon-worker-2-container-36-39,difmapp,/srv/difmapp,,0.9,0,0,0.0,1108254.0,733130.0,16344.0,15428.0,0.4,0.6,3575.0,6664.8
difmapp_ID0000004,None,compute,0,1714414404.0,,,1714414409.0,1714414416.0,1714414535.0,10392060.1,1714414415.0,1714414569.0,1714414558.0,1714414562.0,809609.0,1714414569.0,1714414574.0,5.0,,6.0,154.0,5.0,119.0,1169794446.0,4.0,2730916.0,poseidon,condorpool,poseidon-worker-2-container-44-47,difmapp,/srv/difmapp,,0.3,0,0,0.0,498886.0,276432.0,6200.0,5866.0,0.1,0.2,16629.5,9214.4
difmap-postprocessing_ID0000028,hdd_10,compute,0,1714414559.0,,,1714414564.0,1714414565.0,1714414695.0,8613376.5,1714414564.0,1714414834.0,1714414822.0,1714414826.0,50492.0,1714414834.0,1714414839.0,5.0,,0.0,270.0,5.0,130.0,1170209787.0,4.0,165019.0,poseidon,condorpool,poseidon-worker-2-container-36-39,difmap-postprocessing,/srv/difmap-postprocessing,,5.6,0,0,0.1,57605880.0,53704.0,27870.0,11.0,3.4,1.5,5760588.0,5370.4
difmap-postprocessing_ID0000021,None,compute,0,1714414559.0,,,1714414564.0,1714414565.0,1714414697.0,127660183.3,1714414565.0,1714414834.0,1714414822.0,1714414826.0,48268.0,1714414834.0,1714414839.0,5.0,,1.0,269.0,5.0,132.0,1170209787.0,4.0,158326.0,poseidon,condorpool,poseidon-worker-2-container-44-47,difmap-postprocessing,/srv/difmap-postprocessing,,5.7,0,0,0.0,57585448.0,53704.0,27826.0,11.0,3.3,1.6,5758544.8,5370.4
difmap-postprocessing_ID0000020,None,compute,0,1714414559.0,,,1714414564.0,1714414565.0,1714414695.0,8622627.9,1714414565.0,1714414834.0,1714414822.0,1714414826.0,57673.0,1714414834.0,1714414839.0,5.0,,1.0,269.0,5.0,130.0,1170209787.0,4.0,184500.0,poseidon,condorpool,poseidon-worker-2-container-0-3,difmap-postprocessing,/srv/difmap-postprocessing,,5.6,0,0,0.0,57607106.0,53704.0,27874.0,11.0,3.5,1.4,5760710.6,5370.4
difmap-imgsum_ID0000018,None,compute,0,1714414559.0,,,1714414564.0,1714414566.0,1714414582.0,130863281.8,1714414565.0,1714414709.0,1714414697.0,1714414701.0,75489.0,1714414709.0,1714414714.0,5.0,,1.0,144.0,5.0,16.0,1170436604.0,4.0,249617.0,poseidon,condorpool,poseidon-worker-1-container-32-35,difmap-imgsum,/srv/difmap-imgsum,,25.4,0,0,0.1,319273921.0,19798602.0,171586.0,7069.0,15.2,3.1,6385478.4,395972.0
difmap-postprocessing_ID0000016,hdd_10,compute,0,1714414559.0,,,1714414564.0,1714414565.0,1714414626.0,124382636.6,1714414564.0,1714414709.0,1714414697.0,1714414701.0,59442.0,1714414709.0,1714414714.0,5.0,,0.0,145.0,5.0,61.0,1170209787.0,4.0,192902.0,poseidon,condorpool,poseidon-worker-1-container-40-43,difmap-postprocessing,/srv/difmap-postprocessing,,5.1,0,0,0.1,59650073.0,64964.0,29669.0,14.0,3.5,1.4,5965007.3,6496.4
difmap-postprocessing_ID0000017,hdd_10,compute,0,1714414559.0,,,1714414564.0,1714414565.0,1714414584.0,130138880.8,1714414564.0,1714414709.0,1714414697.0,1714414701.0,52805.0,1714414709.0,1714414714.0,5.0,,0.0,145.0,5.0,19.0,1170209787.0,4.0,172536.0,poseidon,condorpool,poseidon-worker-1-container-36-39,difmap-postprocessing,/srv/difmap-postprocessing,,5.6,0,0,0.1,57573116.0,53704.0,27783.0,11.0,3.3,1.6,5757311.6,5370.4
difmap-postprocessing_ID0000027,None,compute,0,1714414559.0,,,1714414564.0,1714414565.0,1714414699.0,103609006.9,1714414564.0,1714414834.0,1714414822.0,1714414826.0,58085.0,1714414834.0,1714414839.0,5.0,,0.0,270.0,5.0,134.0,1170209787.0,4.0,185534.0,poseidon,condorpool,poseidon-worker-2-container-40-43,difmap-postprocessing,/srv/difmap-postprocessing,,5.6,0,0,0.0,57584112.0,53704.0,27823.0,11.0,3.2,1.6,5758411.2,5370.4
difmap-imgsum_ID0000007,hdd_10,compute,0,1714414574.0,,,1714414579.0,1714414696.0,1714414826.0,126430873.3,1714414695.0,1714414989.0,1714414975.0,1714414978.0,85224.0,1714414989.0,1714414994.0,5.0,,116.0,294.0,5.0,130.0,1170862844.0,3.0,272131.0,poseidon,condorpool,poseidon-worker-2-container-36-39,difmap-imgsum,/srv/difmap-imgsum,,30.1,0,0,0.1,335037594.0,23510466.0,174209.0,7208.0,18.8,3.5,1196562.8,391841.1
difmap-postprocessing_ID0000006,None,compute,0,1714414574.0,,,1714414579.0,1714414696.0,1714414822.0,9269661.7,1714414579.0,1714414964.0,1714414954.0,1714414957.0,50599.0,1714414964.0,1714414969.0,5.0,,0.0,385.0,5.0,126.0,1170209787.0,3.0,166357.0,poseidon,condorpool,poseidon-worker-2-container-44-47,difmap-postprocessing,/srv/difmap-postprocessing,,5.5,0,0,0.1,57592361.0,53704.0,27841.0,11.0,3.4,1.5,5759236.1,5370.4
difmap-postprocessing_ID0000005,None,compute,0,1714414574.0,,,1714414579.0,1714414696.0,1714414712.0,129833603.0,1714414579.0,1714414964.0,1714414954.0,1714414957.0,60820.0,1714414964.0,1714414969.0,5.0,,0.0,385.0,5.0,16.0,1170209787.0,3.0,194406.0,poseidon,condorpool,poseidon-worker-2-container-40-43,difmap-postprocessing,/srv/difmap-postprocessing,,5.2,0,0,0.1,59582226.0,64907.0,29761.0,14.0,3.5,1.4,5958222.6,6490.7
difmap-postprocessing_ID0000003,None,compute,0,1714414579.0,,,1714414584.0,1714414696.0,1714414822.0,8891469.0,1714414695.0,1714414964.0,1714414954.0,1714414957.0,51893.0,1714414964.0,1714414969.0,5.0,,111.0,269.0,5.0,126.0,1170209787.0,3.0,165848.0,poseidon,condorpool,poseidon-worker-2-container-0-3,difmap-postprocessing,/srv/difmap-postprocessing,,5.7,0,0,0.0,57603192.0,53704.0,27849.0,11.0,3.2,1.7,5760319.2,5370.4
difmap-postprocessing_ID0000002,None,compute,0,1714414579.0,,,1714414584.0,1714414696.0,1714414822.0,9508676.2,1714414695.0,1714414964.0,1714414954.0,1714414957.0,59229.0,1714414964.0,1714414969.0,5.0,,111.0,269.0,5.0,126.0,1170209787.0,3.0,189013.0,poseidon,condorpool,poseidon-worker-2-container-40-43,difmap-postprocessing,/srv/difmap-postprocessing,,5.8,0,0,0.0,57529763.0,53704.0,27813.0,11.0,3.2,1.6,5752976.3,5370.4
difmap-postprocessing_ID0000014,hdd_10,compute,0,1714414709.0,,,1714414714.0,1714414715.0,1714414733.0,123839762.3,1714414715.0,1714414864.0,1714414852.0,1714414855.0,51379.0,1714414864.0,1714414869.0,5.0,,1.0,149.0,5.0,18.0,1170212667.0,3.0,164597.0,poseidon,condorpool,poseidon-worker-1-container-36-39,difmap-postprocessing,/srv/difmap-postprocessing,,5.1,0,0,0.1,59648776.0,64951.0,29666.0,14.0,3.5,1.4,5964877.6,6495.1
difmap-postprocessing_ID0000013,hdd_10,compute,0,1714414709.0,,,1714414714.0,1714414824.0,1714414957.0,121156052.6,1714414823.0,1714414989.0,1714414975.0,1714414978.0,56353.0,1714414989.0,1714414994.0,5.0,,109.0,166.0,5.0,133.0,1170212667.0,3.0,179954.0,poseidon,condorpool,poseidon-worker-2-container-32-35,difmap-postprocessing,/srv/difmap-postprocessing,,5.5,0,0,0.1,57574494.0,53704.0,27787.0,11.0,3.4,1.5,5757449.4,5370.4
difmap-postprocessing_ID0000010,hdd_10,compute,0,1714414714.0,,,1714414719.0,1714414824.0,1714414959.0,130464643.0,1714414823.0,1714414989.0,1714414975.0,1714414978.0,52113.0,1714414989.0,1714414994.0,5.0,,104.0,166.0,5.0,135.0,1170212667.0,3.0,166473.0,poseidon,condorpool,poseidon-worker-2-container-36-39,difmap-postprocessing,/srv/difmap-postprocessing,,5.9,0,0,0.0,57593903.0,53704.0,27844.0,11.0,3.2,1.7,5759390.3,5370.4
difmap-postprocessing_ID0000009,hdd_10,compute,0,1714414714.0,,,1714414719.0,1714414720.0,1714414739.0,128733044.8,1714414720.0,1714414864.0,1714414852.0,1714414855.0,57424.0,1714414864.0,1714414869.0,5.0,,1.0,144.0,5.0,19.0,1170212667.0,3.0,184905.0,poseidon,condorpool,poseidon-worker-1-container-40-43,difmap-postprocessing,/srv/difmap-postprocessing,,5.1,0,0,0.1,59625668.0,64901.0,29650.0,14.0,3.5,1.4,5962566.8,6490.1
difmap-imgsum_ID0000011,None,compute,0,1714414714.0,,,1714414719.0,1714414721.0,1714414737.0,128883397.5,1714414720.0,1714414864.0,1714414852.0,1714414855.0,87075.0,1714414864.0,1714414869.0,5.0,,1.0,144.0,5.0,16.0,1170966524.0,3.0,280917.0,poseidon,condorpool,poseidon-worker-1-container-32-35,difmap-imgsum,/srv/difmap-imgsum,,30.6,0,0,0.1,333771651.0,25243889.0,174274.0,7279.0,19.4,3.2,5562860.9,420731.5
difmap-imgsum_ID0000025,None,compute,0,1714414829.0,,,1714414834.0,1714414835.0,1714414959.0,129154326.0,1714414834.0,1714415004.0,1714414992.0,1714414995.0,85198.0,1714415004.0,1714415009.0,5.0,,0.0,170.0,5.0,124.0,1170779324.0,3.0,265099.0,poseidon,condorpool,poseidon-worker-2-container-0-3,difmap-imgsum,/srv/difmap-imgsum,,27.8,0,0,0.1,289556780.0,21845745.0,152447.0,6114.0,15.5,3.0,5791135.6,436914.9
difmap-postprocessing_ID0000023,None,compute,0,1714414829.0,,,1714414834.0,1714414955.0,1714414971.0,129013029.2,1714414834.0,1714414994.0,1714414982.0,1714414985.0,58935.0,1714414994.0,1714414999.0,5.0,,0.0,160.0,5.0,16.0,1170209787.0,3.0,183333.0,poseidon,condorpool,poseidon-worker-2-container-40-43,difmap-postprocessing,/srv/difmap-postprocessing,,5.8,0,0,0.0,57560981.0,53704.0,27772.0,11.0,3.2,1.7,5756098.1,5370.4
stage_out_local_condorpool_0_0,None,transfer,0,1714414829.0,,,1714414834.0,,,0.0,1714414834.0,1714414849.0,1714414834.0,1714414840.0,3310808.0,1714414849.0,1714414854.0,5.0,,0.0,15.0,5.0,,,6.0,21224528.0,poseidon,local,poseidon-submit,pegasus::transfer,/mnt/poseidon-data/poseidon/pegasus-5.1.0panorama/bin/pegasus-transfer,/home/poseidon/pegasus-5.1.0panorama/bin/../bin/pegasus-kickstart  -n pegasus::transfer -N null -i - -R local  -L eht-difmap -T 2024-04-11T00:03:48+00:00 /home/poseidon/pegasus-5.1.0panorama/bin/../bin/pegasus-transfer  --threads 2,5.2,0,0,,,,,,,,,
difmap-postprocessing_ID0000024,None,compute,0,1714414829.0,,,1714414834.0,1714414955.0,1714414971.0,126590384.5,1714414834.0,1714414994.0,1714414982.0,1714414985.0,53154.0,1714414994.0,1714414999.0,5.0,,0.0,160.0,5.0,16.0,1170209787.0,3.0,165508.0,poseidon,condorpool,poseidon-worker-2-container-44-47,difmap-postprocessing,/srv/difmap-postprocessing,,5.7,0,0,0.0,57562351.0,53704.0,27775.0,11.0,3.2,1.6,5756235.1,5370.4
stage_out_local_condorpool_1_0,None,transfer,0,1714414999.0,,,1714415004.0,,,0.0,1714415004.0,1714415019.0,1714415005.0,1714415009.0,485765.0,1714415019.0,1714415024.0,5.0,,0.0,15.0,5.0,,,4.0,1959583.0,poseidon,local,poseidon-submit,pegasus::transfer,/mnt/poseidon-data/poseidon/pegasus-5.1.0panorama/bin/pegasus-transfer,/home/poseidon/pegasus-5.1.0panorama/bin/../bin/pegasus-kickstart  -n pegasus::transfer -N null -i - -R local  -L eht-difmap -T 2024-04-11T00:03:48+00:00 /home/poseidon/pegasus-5.1.0panorama/bin/../bin/pegasus-transfer  --threads 2,1.1,0,0,,,,,,,,,
stage_out_local_condorpool_1_1,None,transfer,0,1714415009.0,,,1714415014.0,,,0.0,1714415014.0,1714415024.0,1714415014.0,1714415018.0,477559.0,1714415024.0,1714415029.0,5.0,,0.0,10.0,5.0,,,4.0,1927392.0,poseidon,local,poseidon-submit,pegasus::transfer,/mnt/poseidon-data/poseidon/pegasus-5.1.0panorama/bin/pegasus-transfer,/home/poseidon/pegasus-5.1.0panorama/bin/../bin/pegasus-kickstart  -n pegasus::transfer -N null -i - -R local  -L eht-difmap -T 2024-04-11T00:03:48+00:00 /home/poseidon/pegasus-5.1.0panorama/bin/../bin/pegasus-transfer  --threads 2,1.1,0,0,,,,,,,,,
cleanup_eht-difmap_0_condorpool,None,auxiliary,0,1714415029.0,,,1714415034.0,,,0.0,1714415034.0,1714415044.0,,,0.0,1714415044.0,1714415049.0,5.0,,0.0,10.0,5.0,,,,,poseidon,local,poseidon-submit,pegasus::cleanup,/mnt/poseidon-data/poseidon/pegasus-5.1.0panorama/bin/pegasus-transfer,pegasus-kickstart  -n pegasus::cleanup -N null -i - -R local  -L eht-difmap -T 2024-04-11T00:03:48+00:00 pegasus-transfer,0.3,0,0,,,,,,,,,
