,anomaly_type,type,is_clustered,ready,pre_script_start,pre_script_end,submit,stage_in_start,stage_in_end,stage_in_effective_bytes_per_sec,execute_start,execute_end,stage_out_start,stage_out_end,stage_out_effective_bytes_per_sec,post_script_start,post_script_end,wms_delay,pre_script_delay,queue_delay,runtime,post_script_delay,stage_in_delay,stage_in_bytes,stage_out_delay,stage_out_bytes,kickstart_user,kickstart_site,kickstart_hostname,kickstart_transformations,kickstart_executables,kickstart_executables_argv,kickstart_executables_cpu_time,kickstart_status,kickstart_executables_exitcode,kickstart_online_iowait,kickstart_online_bytes_read,kickstart_online_bytes_written,kickstart_online_read_system_calls,kickstart_online_write_system_calls,kickstart_online_utime,kickstart_online_stime,kickstart_online_bytes_read_per_second,kickstart_online_bytes_written_per_second
create_dir_eht-difmap_0_condorpool,None,auxiliary,0,1714242776.0,,,1714242777.0,,,0.0,1714242782.0,1714242792.0,,,0.0,1714242792.0,1714242797.0,1.0,,5.0,10.0,5.0,,,,,poseidon,local,poseidon-submit,pegasus::dirmanager,/mnt/poseidon-data/poseidon/pegasus-5.1.0panorama/bin/pegasus-transfer,pegasus-kickstart  -n pegasus::dirmanager -N null -i - -R local  -L eht-difmap -T 2024-04-11T00:03:48+00:00 pegasus-transfer,0.3,0,0,,,,,,,,,
difmapp_ID0000022,None,compute,0,1714242797.0,,,1714242802.0,1714242816.0,1714242833.0,130431902.0,1714242815.0,1714242902.0,1714242891.0,1714242894.0,794247.0,1714242902.0,1714242907.0,5.0,,13.0,87.0,5.0,17.0,1169710926.0,3.0,2656159.0,poseidon,condorpool,poseidon-worker-1-container-44-47,difmapp,/srv/difmapp,,0.7,0,0,0.0,947152.0,687219.0,15652.0,15174.0,0.3,0.4,9471.5,6872.2
difmapp_ID0000001,cpu_3,compute,0,1714242797.0,,,1714242802.0,1714242816.0,1714242832.0,130067212.8,1714242815.0,1714242867.0,1714242858.0,1714242861.0,849593.0,1714242867.0,1714242872.0,5.0,,13.0,52.0,5.0,16.0,1169846286.0,3.0,2777030.0,poseidon,condorpool,poseidon-worker-2-container-36-39,difmapp,/srv/difmapp,,0.1,0,0,0.0,558026.0,331526.0,8714.0,8362.0,0.0,0.1,13950.6,8288.1
difmapp_ID0000012,None,compute,0,1714242797.0,,,1714242802.0,1714242817.0,1714242833.0,128120991.0,1714242816.0,1714242882.0,1714242870.0,1714242873.0,867473.0,1714242882.0,1714242887.0,5.0,,14.0,66.0,5.0,16.0,1169929806.0,3.0,2864083.0,poseidon,condorpool,poseidon-worker-2-container-44-47,difmapp,/srv/difmapp,,0.5,0,0,0.0,654633.0,415534.0,9227.0,8830.0,0.1,0.4,10910.5,6925.6
difmapp_ID0000004,None,compute,0,1714242797.0,,,1714242802.0,1714242816.0,1714242833.0,116603422.2,1714242815.0,1714242867.0,1714242856.0,1714242860.0,829527.0,1714242867.0,1714242872.0,5.0,,13.0,52.0,5.0,17.0,1169794446.0,4.0,2730916.0,poseidon,condorpool,poseidon-worker-2-container-40-43,difmapp,/srv/difmapp,,0.3,0,0,0.0,501753.0,277940.0,6223.0,5886.0,0.1,0.2,16725.1,9264.7
difmapp_ID0000026,None,compute,0,1714242797.0,,,1714242802.0,1714242816.0,1714242833.0,127806475.1,1714242815.0,1714242907.0,1714242894.0,1714242897.0,806666.0,1714242907.0,1714242912.0,5.0,,13.0,92.0,5.0,17.0,1169710926.0,3.0,2657210.0,poseidon,condorpool,poseidon-worker-1-container-40-43,difmapp,/srv/difmapp,,0.9,0,0,0.0,1023049.0,756193.0,17178.0,16676.0,0.3,0.5,9300.4,6874.5
difmapp_ID0000015,None,compute,0,1714242797.0,,,1714242802.0,1714242817.0,1714242833.0,129233597.8,1714242816.0,1714242862.0,1714242849.0,1714242852.0,699503.0,1714242862.0,1714242867.0,5.0,,14.0,46.0,5.0,16.0,1169368206.0,3.0,2345144.0,poseidon,condorpool,poseidon-worker-2-container-32-35,difmapp,/srv/difmapp,,0.2,0,0,0.0,468653.0,251747.0,5549.0,5236.0,0.1,0.1,23432.6,12587.3
difmapp_ID0000008,None,compute,0,1714242797.0,,,1714242802.0,1714242816.0,1714242834.0,111308087.0,1714242815.0,1714242882.0,1714242870.0,1714242873.0,843842.0,1714242882.0,1714242887.0,5.0,,13.0,67.0,5.0,18.0,1169895246.0,3.0,2830977.0,poseidon,condorpool,poseidon-worker-1-container-36-39,difmapp,/srv/difmapp,,0.5,0,0,0.0,668031.0,431661.0,9495.0,9104.0,0.2,0.3,11133.9,7194.3
difmapp_ID0000019,None,compute,0,1714242797.0,,,1714242802.0,1714242817.0,1714242833.0,130980475.8,1714242816.0,1714242862.0,1714242849.0,1714242853.0,721167.0,1714242862.0,1714242867.0,5.0,,14.0,46.0,5.0,16.0,1169388366.0,4.0,2363009.0,poseidon,condorpool,poseidon-worker-1-container-20-23,difmapp,/srv/difmapp,,0.2,0,0,0.0,457050.0,240134.0,5337.0,5024.0,0.1,0.1,22852.5,12006.7
difmap-postprocessing_ID0000021,None,compute,0,1714242867.0,,,1714242872.0,1714242873.0,1714242890.0,122963435.8,1714242872.0,1714242912.0,1714242901.0,1714242904.0,50824.0,1714242912.0,1714242917.0,5.0,,0.0,40.0,5.0,17.0,1170209787.0,3.0,158326.0,poseidon,condorpool,poseidon-worker-1-container-44-47,difmap-postprocessing,/srv/difmap-postprocessing,,5.6,0,0,0.1,57597666.0,53704.0,27852.0,11.0,3.5,1.4,5759766.6,5370.4
difmap-postprocessing_ID0000020,None,compute,0,1714242867.0,,,1714242872.0,1714242874.0,1714242890.0,130577874.2,1714242873.0,1714242912.0,1714242901.0,1714242904.0,59084.0,1714242912.0,1714242917.0,5.0,,1.0,39.0,5.0,16.0,1170209787.0,3.0,184500.0,poseidon,condorpool,poseidon-worker-2-container-32-35,difmap-postprocessing,/srv/difmap-postprocessing,,5.5,0,0,0.1,57563576.0,53704.0,27778.0,11.0,3.4,1.5,5756357.6,5370.4
difmap-imgsum_ID0000018,None,compute,0,1714242867.0,,,1714242872.0,1714242873.0,1714242890.0,126670555.5,1714242872.0,1714242932.0,1714242923.0,1714242926.0,79377.0,1714242932.0,1714242937.0,5.0,,0.0,60.0,5.0,17.0,1170436604.0,3.0,249617.0,poseidon,condorpool,poseidon-worker-2-container-40-43,difmap-imgsum,/srv/difmap-imgsum,,27.2,0,0,0.1,306537055.0,19639355.0,164098.0,6664.0,14.9,3.3,6130741.1,392787.1
difmap-postprocessing_ID0000016,None,compute,0,1714242867.0,,,1714242872.0,1714242874.0,1714242890.0,131644922.0,1714242873.0,1714242912.0,1714242901.0,1714242904.0,62393.0,1714242912.0,1714242917.0,5.0,,1.0,39.0,5.0,16.0,1170209787.0,3.0,192902.0,poseidon,condorpool,poseidon-worker-1-container-20-23,difmap-postprocessing,/srv/difmap-postprocessing,,5.6,0,0,0.1,57575858.0,53704.0,27789.0,11.0,3.4,1.4,5757585.8,5370.4
difmap-postprocessing_ID0000017,cpu_3,compute,0,1714242867.0,,,1714242872.0,1714242873.0,1714242890.0,129581084.8,1714242872.0,1714242912.0,1714242902.0,1714242905.0,55659.0,1714242912.0,1714242917.0,5.0,,0.0,40.0,5.0,17.0,1170209787.0,3.0,172536.0,poseidon,condorpool,poseidon-worker-2-container-36-39,difmap-postprocessing,/srv/difmap-postprocessing,,5.3,0,0,0.1,47169756.0,53704.0,26005.0,11.0,2.1,1.0,4716975.6,5370.4
difmap-imgsum_ID0000007,None,compute,0,1714242872.0,,,1714242877.0,1714242893.0,1714242911.0,109332486.0,1714242893.0,1714242957.0,1714242946.0,1714242949.0,87671.0,1714242957.0,1714242962.0,5.0,,16.0,64.0,5.0,18.0,1170862844.0,3.0,272129.0,poseidon,condorpool,poseidon-worker-1-container-44-47,difmap-imgsum,/srv/difmap-imgsum,,29.6,0,0,0.1,269866350.0,22856879.0,140543.0,5490.0,15.7,2.9,5397327.0,457137.6
difmap-postprocessing_ID0000005,None,compute,0,1714242872.0,,,1714242877.0,1714242881.0,1714242897.0,128722833.2,1714242880.0,1714242922.0,1714242908.0,1714242911.0,61898.0,1714242922.0,1714242927.0,5.0,,3.0,42.0,5.0,16.0,1170209787.0,3.0,194406.0,poseidon,condorpool,poseidon-worker-2-container-44-47,difmap-postprocessing,/srv/difmap-postprocessing,,5.5,0,0,0.1,57569031.0,53704.0,27790.0,11.0,3.3,1.5,5756903.1,5370.4
difmap-postprocessing_ID0000006,None,compute,0,1714242872.0,,,1714242877.0,1714242880.0,1714242897.0,118361234.8,1714242879.0,1714242917.0,1714242908.0,1714242911.0,52934.0,1714242917.0,1714242922.0,5.0,,2.0,38.0,5.0,17.0,1170209787.0,3.0,166357.0,poseidon,condorpool,poseidon-worker-1-container-36-39,difmap-postprocessing,/srv/difmap-postprocessing,,5.6,0,0,0.1,57560823.0,53704.0,27772.0,11.0,3.4,1.5,5756082.3,5370.4
difmap-postprocessing_ID0000003,None,compute,0,1714242872.0,,,1714242877.0,1714242894.0,1714242910.0,131264464.2,1714242893.0,1714242932.0,1714242921.0,1714242924.0,51431.0,1714242932.0,1714242937.0,5.0,,16.0,39.0,5.0,16.0,1170209787.0,3.0,165848.0,poseidon,condorpool,poseidon-worker-2-container-44-47,difmap-postprocessing,/srv/difmap-postprocessing,,6.0,0,0,0.1,57338413.0,53704.0,27623.0,11.0,3.2,1.6,5733841.3,5370.4
difmap-postprocessing_ID0000002,cpu_3,compute,0,1714242872.0,,,1714242877.0,1714242893.0,1714242910.0,127788066.8,1714242893.0,1714242932.0,1714242923.0,1714242926.0,60501.0,1714242932.0,1714242937.0,5.0,,16.0,39.0,5.0,17.0,1170209787.0,3.0,189013.0,poseidon,condorpool,poseidon-worker-2-container-36-39,difmap-postprocessing,/srv/difmap-postprocessing,,5.5,0,0,0.0,47578086.0,53704.0,26110.0,11.0,2.1,1.1,4757808.6,5370.4
difmap-postprocessing_ID0000014,None,compute,0,1714242887.0,,,1714242892.0,1714242911.0,1714242928.0,127698777.4,1714242910.0,1714242952.0,1714242939.0,1714242942.0,53090.0,1714242952.0,1714242957.0,5.0,,18.0,42.0,5.0,17.0,1170212667.0,3.0,164597.0,poseidon,condorpool,poseidon-worker-1-container-44-47,difmap-postprocessing,/srv/difmap-postprocessing,,5.5,0,0,0.0,57628158.0,53704.0,27903.0,11.0,3.4,1.5,5762815.8,5370.4
difmap-postprocessing_ID0000013,None,compute,0,1714242887.0,,,1714242892.0,1714242911.0,1714242928.0,128084675.9,1714242910.0,1714242952.0,1714242939.0,1714242942.0,57821.0,1714242952.0,1714242957.0,5.0,,18.0,42.0,5.0,17.0,1170212667.0,3.0,179954.0,poseidon,condorpool,poseidon-worker-1-container-20-23,difmap-postprocessing,/srv/difmap-postprocessing,,5.5,0,0,0.0,57575942.0,53704.0,27791.0,11.0,3.4,1.5,5757594.2,5370.4
difmap-postprocessing_ID0000010,None,compute,0,1714242887.0,,,1714242892.0,1714242902.0,1714242918.0,130361811.0,1714242900.0,1714242942.0,1714242929.0,1714242932.0,53917.0,1714242942.0,1714242947.0,5.0,,8.0,42.0,5.0,16.0,1170212667.0,3.0,166473.0,poseidon,condorpool,poseidon-worker-1-container-44-47,difmap-postprocessing,/srv/difmap-postprocessing,,5.6,0,0,0.0,57600732.0,53704.0,27859.0,11.0,3.2,1.6,5760073.2,5370.4
difmap-postprocessing_ID0000009,None,compute,0,1714242887.0,,,1714242892.0,1714242904.0,1714242921.0,125847306.2,1714242903.0,1714242942.0,1714242932.0,1714242935.0,59424.0,1714242942.0,1714242947.0,5.0,,11.0,39.0,5.0,17.0,1170212667.0,3.0,184905.0,poseidon,condorpool,poseidon-worker-1-container-40-43,difmap-postprocessing,/srv/difmap-postprocessing,,5.6,0,0,0.0,57563571.0,53704.0,27778.0,11.0,3.3,1.6,5756357.1,5370.4
difmap-imgsum_ID0000011,None,compute,0,1714242887.0,,,1714242892.0,1714242911.0,1714242928.0,129969542.1,1714242910.0,1714242977.0,1714242964.0,1714242968.0,90469.0,1714242977.0,1714242982.0,5.0,,18.0,67.0,5.0,17.0,1170966524.0,4.0,280917.0,poseidon,condorpool,poseidon-worker-2-container-32-35,difmap-imgsum,/srv/difmap-imgsum,,31.8,0,0,0.1,318521472.0,24978257.0,167951.0,6919.0,19.1,3.3,5308691.2,416304.3
difmap-imgsum_ID0000025,None,compute,0,1714242907.0,,,1714242912.0,1714242919.0,1714242935.0,131078195.8,1714242918.0,1714242977.0,1714242967.0,1714242970.0,85359.0,1714242977.0,1714242982.0,5.0,,6.0,59.0,5.0,16.0,1170779324.0,3.0,265099.0,poseidon,condorpool,poseidon-worker-2-container-44-47,difmap-imgsum,/srv/difmap-imgsum,,26.4,0,0,0.1,311465769.0,22114917.0,165537.0,6802.0,15.3,2.8,6229315.4,442298.3
difmap-postprocessing_ID0000023,None,compute,0,1714242907.0,,,1714242912.0,1714242917.0,1714242934.0,129194847.2,1714242917.0,1714242957.0,1714242945.0,1714242948.0,59796.0,1714242957.0,1714242962.0,5.0,,5.0,40.0,5.0,17.0,1170209787.0,3.0,183333.0,poseidon,condorpool,poseidon-worker-1-container-36-39,difmap-postprocessing,/srv/difmap-postprocessing,,5.4,0,0,0.1,57560901.0,53704.0,27772.0,11.0,3.4,1.5,5756090.1,5370.4
difmap-postprocessing_ID0000024,cpu_3,compute,0,1714242907.0,,,1714242912.0,1714242914.0,1714242930.0,129292935.5,1714242913.0,1714242952.0,1714242942.0,1714242946.0,53831.0,1714242952.0,1714242957.0,5.0,,1.0,39.0,5.0,16.0,1170209787.0,4.0,165508.0,poseidon,condorpool,poseidon-worker-2-container-36-39,difmap-postprocessing,/srv/difmap-postprocessing,,5.2,0,0,0.0,49188049.0,53704.0,26338.0,11.0,2.0,1.1,4918804.9,5370.4
difmap-postprocessing_ID0000028,None,compute,0,1714242912.0,,,1714242917.0,1714242931.0,1714242947.0,130991785.2,1714242930.0,1714242967.0,1714242958.0,1714242962.0,52315.0,1714242967.0,1714242972.0,5.0,,13.0,37.0,5.0,16.0,1170209787.0,4.0,165019.0,poseidon,condorpool,poseidon-worker-2-container-44-47,difmap-postprocessing,/srv/difmap-postprocessing,,5.7,0,0,0.0,57593979.0,53704.0,27843.0,11.0,3.3,1.6,5759397.9,5370.4
difmap-postprocessing_ID0000027,cpu_3,compute,0,1714242912.0,,,1714242917.0,1714242932.0,1714242949.0,130019378.0,1714242932.0,1714242972.0,1714242959.0,1714242962.0,60189.0,1714242972.0,1714242977.0,5.0,,15.0,40.0,5.0,17.0,1170209787.0,3.0,185534.0,poseidon,condorpool,poseidon-worker-2-container-36-39,difmap-postprocessing,/srv/difmap-postprocessing,,5.5,0,0,0.0,57562251.0,53704.0,27776.0,11.0,3.5,1.4,5756225.1,5370.4
stage_out_local_condorpool_0_0,None,transfer,0,1714242912.0,,,1714242917.0,,,0.0,1714242918.0,1714242932.0,1714242918.0,1714242924.0,3367886.0,1714242932.0,1714242937.0,5.0,,1.0,14.0,5.0,,,6.0,21224528.0,poseidon,local,poseidon-submit,pegasus::transfer,/mnt/poseidon-data/poseidon/pegasus-5.1.0panorama/bin/pegasus-transfer,/home/poseidon/pegasus-5.1.0panorama/bin/../bin/pegasus-kickstart  -n pegasus::transfer -N null -i - -R local  -L eht-difmap -T 2024-04-11T00:03:48+00:00 /home/poseidon/pegasus-5.1.0panorama/bin/../bin/pegasus-transfer  --threads 2,5.0,0,0,,,,,,,,,
stage_out_local_condorpool_1_1,None,transfer,0,1714242982.0,,,1714242987.0,,,0.0,1714242987.0,1714242997.0,1714242987.0,1714242991.0,477124.0,1714242997.0,1714243002.0,5.0,,0.0,10.0,5.0,,,4.0,1927392.0,poseidon,local,poseidon-submit,pegasus::transfer,/mnt/poseidon-data/poseidon/pegasus-5.1.0panorama/bin/pegasus-transfer,/home/poseidon/pegasus-5.1.0panorama/bin/../bin/pegasus-kickstart  -n pegasus::transfer -N null -i - -R local  -L eht-difmap -T 2024-04-11T00:03:48+00:00 /home/poseidon/pegasus-5.1.0panorama/bin/../bin/pegasus-transfer  --threads 2,1.1,0,0,,,,,,,,,
stage_out_local_condorpool_1_0,None,transfer,0,1714242982.0,,,1714242987.0,,,0.0,1714242987.0,1714242997.0,1714242987.0,1714242991.0,486209.0,1714242997.0,1714243002.0,5.0,,0.0,10.0,5.0,,,4.0,1959581.0,poseidon,local,poseidon-submit,pegasus::transfer,/mnt/poseidon-data/poseidon/pegasus-5.1.0panorama/bin/pegasus-transfer,/home/poseidon/pegasus-5.1.0panorama/bin/../bin/pegasus-kickstart  -n pegasus::transfer -N null -i - -R local  -L eht-difmap -T 2024-04-11T00:03:48+00:00 /home/poseidon/pegasus-5.1.0panorama/bin/../bin/pegasus-transfer  --threads 2,1.1,0,0,,,,,,,,,
cleanup_eht-difmap_0_condorpool,None,auxiliary,0,1714243002.0,,,1714243007.0,,,0.0,1714243007.0,1714243017.0,,,0.0,1714243017.0,1714243022.0,5.0,,0.0,10.0,5.0,,,,,poseidon,local,poseidon-submit,pegasus::cleanup,/mnt/poseidon-data/poseidon/pegasus-5.1.0panorama/bin/pegasus-transfer,pegasus-kickstart  -n pegasus::cleanup -N null -i - -R local  -L eht-difmap -T 2024-04-11T00:03:48+00:00 pegasus-transfer,0.3,0,0,,,,,,,,,
