,anomaly_type,type,is_clustered,ready,pre_script_start,pre_script_end,submit,stage_in_start,stage_in_end,stage_in_effective_bytes_per_sec,execute_start,execute_end,stage_out_start,stage_out_end,stage_out_effective_bytes_per_sec,post_script_start,post_script_end,wms_delay,pre_script_delay,queue_delay,runtime,post_script_delay,stage_in_delay,stage_in_bytes,stage_out_delay,stage_out_bytes,kickstart_user,kickstart_site,kickstart_hostname,kickstart_transformations,kickstart_executables,kickstart_executables_argv,kickstart_executables_cpu_time,kickstart_status,kickstart_executables_exitcode,kickstart_online_iowait,kickstart_online_bytes_read,kickstart_online_bytes_written,kickstart_online_read_system_calls,kickstart_online_write_system_calls,kickstart_online_utime,kickstart_online_stime,kickstart_online_bytes_read_per_second,kickstart_online_bytes_written_per_second
create_dir_eht-difmap_0_condorpool,None,auxiliary,0,1714167149.0,,,1714167150.0,,,0.0,1714167154.0,1714167160.0,,,0.0,1714167160.0,1714167165.0,1.0,,4.0,6.0,5.0,,,,,poseidon,local,poseidon-submit,pegasus::dirmanager,/mnt/poseidon-data/poseidon/pegasus-5.1.0panorama/bin/pegasus-transfer,pegasus-kickstart  -n pegasus::dirmanager -N null -i - -R local  -L eht-difmap -T 2024-04-11T00:03:48+00:00 pegasus-transfer,0.3,0,0,,,,,,,,,
difmapp_ID0000022,None,compute,0,1714167165.0,,,1714167170.0,1714167191.0,1714167208.0,110754213.4,1714167190.0,1714167280.0,1714167266.0,1714167270.0,730528.0,1714167280.0,1714167285.0,5.0,,20.0,90.0,5.0,17.0,1169710926.0,4.0,2656159.0,poseidon,condorpool,poseidon-worker-2-container-44-47,difmapp,/srv/difmapp,,0.8,0,0,0.0,964794.0,704878.0,15920.0,15442.0,0.4,0.4,9647.9,7048.8
difmapp_ID0000001,None,compute,0,1714167165.0,,,1714167170.0,1714167190.0,1714167206.0,129622156.8,1714167189.0,1714167245.0,1714167232.0,1714167235.0,849331.0,1714167245.0,1714167250.0,5.0,,19.0,56.0,5.0,16.0,1169846286.0,3.0,2777030.0,poseidon,condorpool,poseidon-worker-1-container-36-39,difmapp,/srv/difmapp,,0.4,0,0,0.0,554822.0,329553.0,7539.0,7190.0,0.1,0.2,13870.5,8238.8
difmapp_ID0000012,None,compute,0,1714167165.0,,,1714167170.0,1714167191.0,1714167209.0,102914612.5,1714167190.0,1714167255.0,1714167246.0,1714167249.0,868952.0,1714167255.0,1714167260.0,5.0,,20.0,65.0,5.0,18.0,1169929806.0,3.0,2864083.0,poseidon,condorpool,poseidon-worker-2-container-40-43,difmapp,/srv/difmapp,,0.5,0,0,0.0,657258.0,418162.0,9311.0,8914.0,0.2,0.3,10954.3,6969.4
difmapp_ID0000004,None,compute,0,1714167165.0,,,1714167170.0,1714167190.0,1714167206.0,128576285.5,1714167189.0,1714167240.0,1714167230.0,1714167233.0,839525.0,1714167240.0,1714167245.0,5.0,,19.0,51.0,5.0,16.0,1169794446.0,3.0,2730916.0,poseidon,condorpool,poseidon-worker-2-container-36-39,difmapp,/srv/difmapp,,0.3,0,0,0.0,496580.0,275503.0,6147.0,5816.0,0.1,0.2,16552.7,9183.4
difmapp_ID0000026,None,compute,0,1714167165.0,,,1714167170.0,1714167190.0,1714167209.0,97642051.9,1714167189.0,1714167285.0,1714167272.0,1714167275.0,803775.0,1714167285.0,1714167290.0,5.0,,19.0,96.0,5.0,19.0,1169710926.0,3.0,2657210.0,poseidon,condorpool,poseidon-worker-1-container-44-47,difmapp,/srv/difmapp,,0.8,0,0,0.0,1004859.0,738009.0,16702.0,16200.0,0.3,0.5,9135.1,6709.2
difmapp_ID0000015,None,compute,0,1714167165.0,,,1714167170.0,1714167191.0,1714167209.0,105351041.5,1714167190.0,1714167235.0,1714167225.0,1714167229.0,720113.0,1714167235.0,1714167240.0,5.0,,20.0,45.0,5.0,18.0,1169368206.0,4.0,2345144.0,poseidon,condorpool,poseidon-worker-1-container-40-43,difmapp,/srv/difmapp,,0.2,0,0,0.0,461980.0,242336.0,5313.0,4994.0,0.1,0.1,23099.0,12116.8
difmapp_ID0000008,None,compute,0,1714167165.0,,,1714167170.0,1714167191.0,1714167210.0,98382178.5,1714167190.0,1714167255.0,1714167245.0,1714167248.0,839912.0,1714167255.0,1714167260.0,5.0,,20.0,65.0,5.0,19.0,1169895246.0,3.0,2830977.0,poseidon,condorpool,poseidon-worker-2-container-32-35,difmapp,/srv/difmapp,,0.5,0,0,0.0,672987.0,436630.0,9607.0,9216.0,0.2,0.3,11216.4,7277.2
difmapp_ID0000019,None,compute,0,1714167165.0,,,1714167170.0,1714167190.0,1714167206.0,129896567.0,1714167189.0,1714167235.0,1714167223.0,1714167226.0,703484.0,1714167235.0,1714167240.0,5.0,,19.0,46.0,5.0,16.0,1169388366.0,3.0,2363009.0,poseidon,condorpool,poseidon-worker-1-container-28-31,difmapp,/srv/difmapp,,0.2,0,0,0.0,465079.0,248163.0,5381.0,5068.0,0.1,0.1,23253.9,12408.1
difmap-postprocessing_ID0000021,None,compute,0,1714167240.0,,,1714167245.0,1714167246.0,1714167265.0,105654385.8,1714167245.0,1714167285.0,1714167275.0,1714167278.0,51505.0,1714167285.0,1714167290.0,5.0,,0.0,40.0,5.0,19.0,1170209787.0,3.0,158326.0,poseidon,condorpool,poseidon-worker-1-container-36-39,difmap-postprocessing,/srv/difmap-postprocessing,,5.4,0,0,0.1,57581334.0,53704.0,27816.0,11.0,3.3,1.5,5758133.4,5370.4
difmap-postprocessing_ID0000020,None,compute,0,1714167240.0,,,1714167245.0,1714167246.0,1714167262.0,128742693.0,1714167245.0,1714167285.0,1714167273.0,1714167276.0,59020.0,1714167285.0,1714167290.0,5.0,,0.0,40.0,5.0,16.0,1170209787.0,3.0,184500.0,poseidon,condorpool,poseidon-worker-2-container-36-39,difmap-postprocessing,/srv/difmap-postprocessing,,5.6,0,0,0.0,57571763.0,53704.0,27795.0,11.0,3.4,1.5,5757176.3,5370.4
difmap-imgsum_ID0000018,None,compute,0,1714167240.0,,,1714167245.0,1714167246.0,1714167265.0,103741994.8,1714167245.0,1714167310.0,1714167297.0,1714167300.0,80035.0,1714167310.0,1714167315.0,5.0,,0.0,65.0,5.0,19.0,1170436604.0,3.0,249617.0,poseidon,condorpool,poseidon-worker-2-container-44-47,difmap-imgsum,/srv/difmap-imgsum,,26.4,0,0,0.1,309081575.0,19680134.0,165463.0,6760.0,14.8,3.3,6181631.5,393602.7
difmap-postprocessing_ID0000016,None,compute,0,1714167240.0,,,1714167245.0,1714167247.0,1714167263.0,130321208.2,1714167246.0,1714167285.0,1714167274.0,1714167277.0,62440.0,1714167285.0,1714167290.0,5.0,,1.0,39.0,5.0,16.0,1170209787.0,3.0,192902.0,poseidon,condorpool,poseidon-worker-1-container-40-43,difmap-postprocessing,/srv/difmap-postprocessing,,5.8,0,0,0.1,57586801.0,53704.0,27813.0,11.0,3.4,1.5,5758680.1,5370.4
difmap-postprocessing_ID0000017,None,compute,0,1714167240.0,,,1714167245.0,1714167246.0,1714167262.0,130615157.5,1714167245.0,1714167285.0,1714167273.0,1714167276.0,55351.0,1714167285.0,1714167290.0,5.0,,0.0,40.0,5.0,16.0,1170209787.0,3.0,172536.0,poseidon,condorpool,poseidon-worker-1-container-28-31,difmap-postprocessing,/srv/difmap-postprocessing,,5.4,0,0,0.1,57602824.0,53704.0,27828.0,11.0,3.4,1.5,5760282.4,5370.4
difmap-imgsum_ID0000007,None,compute,0,1714167245.0,,,1714167250.0,1714167266.0,1714167285.0,103736897.4,1714167265.0,1714167330.0,1714167319.0,1714167323.0,87627.0,1714167330.0,1714167335.0,5.0,,15.0,65.0,5.0,19.0,1170862844.0,4.0,272131.0,poseidon,condorpool,poseidon-worker-2-container-44-47,difmap-imgsum,/srv/difmap-imgsum,,29.5,0,0,0.1,281774233.0,22972522.0,147001.0,5801.0,15.6,3.0,5635484.7,459450.4
difmap-postprocessing_ID0000005,None,compute,0,1714167245.0,,,1714167250.0,1714167257.0,1714167274.0,122214013.9,1714167256.0,1714167295.0,1714167285.0,1714167288.0,63425.0,1714167295.0,1714167300.0,5.0,,6.0,39.0,5.0,17.0,1170209787.0,3.0,194406.0,poseidon,condorpool,poseidon-worker-2-container-40-43,difmap-postprocessing,/srv/difmap-postprocessing,,5.8,0,0,0.1,57480272.0,53704.0,27704.0,11.0,3.2,1.7,5748027.2,5370.4
difmap-postprocessing_ID0000006,None,compute,0,1714167245.0,,,1714167250.0,1714167256.0,1714167272.0,130513433.8,1714167255.0,1714167295.0,1714167283.0,1714167286.0,53735.0,1714167295.0,1714167300.0,5.0,,5.0,40.0,5.0,16.0,1170209787.0,3.0,166357.0,poseidon,condorpool,poseidon-worker-2-container-32-35,difmap-postprocessing,/srv/difmap-postprocessing,,5.6,0,0,0.1,57570386.0,53704.0,27793.0,11.0,3.2,1.7,5757038.6,5370.4
difmap-postprocessing_ID0000003,None,compute,0,1714167250.0,,,1714167255.0,1714167266.0,1714167285.0,106203972.8,1714167265.0,1714167305.0,1714167296.0,1714167299.0,53325.0,1714167305.0,1714167310.0,5.0,,10.0,40.0,5.0,19.0,1170209787.0,3.0,165848.0,poseidon,condorpool,poseidon-worker-2-container-40-43,difmap-postprocessing,/srv/difmap-postprocessing,,5.7,0,0,0.0,57600546.0,53704.0,27844.0,11.0,3.3,1.6,5760054.6,5370.4
difmap-postprocessing_ID0000002,None,compute,0,1714167250.0,,,1714167255.0,1714167266.0,1714167282.0,129741084.5,1714167265.0,1714167305.0,1714167293.0,1714167296.0,61029.0,1714167305.0,1714167310.0,5.0,,10.0,40.0,5.0,16.0,1170209787.0,3.0,189013.0,poseidon,condorpool,poseidon-worker-1-container-36-39,difmap-postprocessing,/srv/difmap-postprocessing,,5.4,0,0,0.1,57573185.0,53704.0,27783.0,11.0,3.3,1.5,5757318.5,5370.4
difmap-postprocessing_ID0000014,None,compute,0,1714167260.0,,,1714167265.0,1714167266.0,1714167288.0,82306098.0,1714167265.0,1714167310.0,1714167299.0,1714167302.0,53440.0,1714167310.0,1714167315.0,5.0,,0.0,45.0,5.0,22.0,1170212667.0,3.0,164597.0,poseidon,condorpool,poseidon-worker-1-container-28-31,difmap-postprocessing,/srv/difmap-postprocessing,,5.3,0,0,0.1,57766438.0,53704.0,27974.0,11.0,3.5,1.4,5776643.8,5370.4
difmap-postprocessing_ID0000013,None,compute,0,1714167260.0,,,1714167265.0,1714167266.0,1714167285.0,104654504.6,1714167265.0,1714167305.0,1714167296.0,1714167299.0,57458.0,1714167305.0,1714167310.0,5.0,,0.0,40.0,5.0,19.0,1170212667.0,3.0,179954.0,poseidon,condorpool,poseidon-worker-2-container-32-35,difmap-postprocessing,/srv/difmap-postprocessing,,5.5,0,0,0.1,57599164.0,53704.0,27841.0,11.0,3.4,1.4,5759916.4,5370.4
difmap-postprocessing_ID0000010,None,compute,0,1714167260.0,,,1714167265.0,1714167266.0,1714167283.0,130181008.5,1714167265.0,1714167305.0,1714167294.0,1714167297.0,53032.0,1714167305.0,1714167310.0,5.0,,0.0,40.0,5.0,17.0,1170212667.0,3.0,166473.0,poseidon,condorpool,poseidon-worker-2-container-36-39,difmap-postprocessing,/srv/difmap-postprocessing,,5.6,0,0,0.1,57560897.0,53704.0,27772.0,11.0,3.3,1.6,5756089.7,5370.4
difmap-postprocessing_ID0000009,None,compute,0,1714167260.0,,,1714167265.0,1714167266.0,1714167283.0,129053792.2,1714167265.0,1714167305.0,1714167294.0,1714167297.0,58501.0,1714167305.0,1714167310.0,5.0,,0.0,40.0,5.0,17.0,1170212667.0,3.0,184905.0,poseidon,condorpool,poseidon-worker-1-container-44-47,difmap-postprocessing,/srv/difmap-postprocessing,,5.8,0,0,0.0,57560828.0,53704.0,27771.0,11.0,3.2,1.7,5756082.8,5370.4
difmap-imgsum_ID0000011,None,compute,0,1714167260.0,,,1714167265.0,1714167266.0,1714167283.0,126032578.8,1714167265.0,1714167330.0,1714167320.0,1714167323.0,90500.0,1714167330.0,1714167335.0,5.0,,0.0,65.0,5.0,17.0,1170966524.0,3.0,280917.0,poseidon,condorpool,poseidon-worker-1-container-40-43,difmap-imgsum,/srv/difmap-imgsum,,32.1,0,0,0.0,317586550.0,24958041.0,167602.0,6877.0,19.4,3.4,5293109.2,415967.4
difmap-imgsum_ID0000025,None,compute,0,1714167285.0,,,1714167290.0,1714167291.0,1714167307.0,130096985.0,1714167290.0,1714167350.0,1714167340.0,1714167343.0,83182.0,1714167350.0,1714167355.0,5.0,,0.0,60.0,5.0,16.0,1170779324.0,3.0,265099.0,poseidon,condorpool,poseidon-worker-1-container-36-39,difmap-imgsum,/srv/difmap-imgsum,,26.4,0,0,0.1,311633324.0,22114917.0,165713.0,6802.0,15.0,3.0,6232666.5,442298.3
difmap-postprocessing_ID0000023,None,compute,0,1714167285.0,,,1714167290.0,1714167292.0,1714167308.0,129131063.0,1714167291.0,1714167330.0,1714167319.0,1714167322.0,58841.0,1714167330.0,1714167335.0,5.0,,1.0,39.0,5.0,16.0,1170209787.0,3.0,183333.0,poseidon,condorpool,poseidon-worker-2-container-44-47,difmap-postprocessing,/srv/difmap-postprocessing,,5.3,0,0,0.0,59550815.0,64922.0,29692.0,14.0,3.4,1.5,5955081.5,6492.2
difmap-postprocessing_ID0000024,None,compute,0,1714167285.0,,,1714167290.0,1714167291.0,1714167307.0,130306836.8,1714167290.0,1714167330.0,1714167318.0,1714167321.0,52259.0,1714167330.0,1714167335.0,5.0,,0.0,40.0,5.0,16.0,1170209787.0,3.0,165508.0,poseidon,condorpool,poseidon-worker-2-container-36-39,difmap-postprocessing,/srv/difmap-postprocessing,,5.4,0,0,0.1,58880635.0,56968.0,29028.0,12.0,3.5,1.4,5888063.5,5696.8
difmap-postprocessing_ID0000028,None,compute,0,1714167290.0,,,1714167295.0,1714167297.0,1714167313.0,129191343.2,1714167296.0,1714167335.0,1714167324.0,1714167327.0,53834.0,1714167335.0,1714167340.0,5.0,,1.0,39.0,5.0,16.0,1170209787.0,3.0,165019.0,poseidon,condorpool,poseidon-worker-2-container-32-35,difmap-postprocessing,/srv/difmap-postprocessing,,5.2,0,0,0.1,59520642.0,64891.0,29626.0,14.0,3.5,1.4,5952064.2,6489.1
difmap-postprocessing_ID0000027,None,compute,0,1714167290.0,,,1714167295.0,1714167296.0,1714167313.0,127702941.2,1714167295.0,1714167335.0,1714167324.0,1714167327.0,59528.0,1714167335.0,1714167340.0,5.0,,0.0,40.0,5.0,17.0,1170209787.0,3.0,185534.0,poseidon,condorpool,poseidon-worker-1-container-28-31,difmap-postprocessing,/srv/difmap-postprocessing,,5.3,0,0,0.1,59520637.0,64913.0,29627.0,14.0,3.5,1.4,5952063.7,6491.3
stage_out_local_condorpool_0_0,None,transfer,0,1714167290.0,,,1714167295.0,,,0.0,1714167295.0,1714167310.0,1714167295.0,1714167302.0,3312815.0,1714167310.0,1714167315.0,5.0,,0.0,15.0,5.0,,,7.0,21224528.0,poseidon,local,poseidon-submit,pegasus::transfer,/mnt/poseidon-data/poseidon/pegasus-5.1.0panorama/bin/pegasus-transfer,/home/poseidon/pegasus-5.1.0panorama/bin/../bin/pegasus-kickstart  -n pegasus::transfer -N null -i - -R local  -L eht-difmap -T 2024-04-11T00:03:48+00:00 /home/poseidon/pegasus-5.1.0panorama/bin/../bin/pegasus-transfer  --threads 2,5.3,0,0,,,,,,,,,
stage_out_local_condorpool_1_0,None,transfer,0,1714167340.0,,,1714167345.0,,,0.0,1714167345.0,1714167355.0,1714167345.0,1714167349.0,485574.0,1714167355.0,1714167360.0,5.0,,0.0,10.0,5.0,,,4.0,1959583.0,poseidon,local,poseidon-submit,pegasus::transfer,/mnt/poseidon-data/poseidon/pegasus-5.1.0panorama/bin/pegasus-transfer,/home/poseidon/pegasus-5.1.0panorama/bin/../bin/pegasus-kickstart  -n pegasus::transfer -N null -i - -R local  -L eht-difmap -T 2024-04-11T00:03:48+00:00 /home/poseidon/pegasus-5.1.0panorama/bin/../bin/pegasus-transfer  --threads 2,1.1,0,0,,,,,,,,,
stage_out_local_condorpool_1_1,None,transfer,0,1714167355.0,,,1714167360.0,,,0.0,1714167360.0,1714167370.0,1714167360.0,1714167364.0,477791.0,1714167370.0,1714167375.0,5.0,,0.0,10.0,5.0,,,4.0,1927392.0,poseidon,local,poseidon-submit,pegasus::transfer,/mnt/poseidon-data/poseidon/pegasus-5.1.0panorama/bin/pegasus-transfer,/home/poseidon/pegasus-5.1.0panorama/bin/../bin/pegasus-kickstart  -n pegasus::transfer -N null -i - -R local  -L eht-difmap -T 2024-04-11T00:03:48+00:00 /home/poseidon/pegasus-5.1.0panorama/bin/../bin/pegasus-transfer  --threads 2,1.1,0,0,,,,,,,,,
cleanup_eht-difmap_0_condorpool,None,auxiliary,0,1714167375.0,,,1714167380.0,,,0.0,1714167380.0,1714167390.0,,,0.0,1714167390.0,1714167395.0,5.0,,0.0,10.0,5.0,,,,,poseidon,local,poseidon-submit,pegasus::cleanup,/mnt/poseidon-data/poseidon/pegasus-5.1.0panorama/bin/pegasus-transfer,pegasus-kickstart  -n pegasus::cleanup -N null -i - -R local  -L eht-difmap -T 2024-04-11T00:03:48+00:00 pegasus-transfer,0.3,0,0,,,,,,,,,
