,anomaly_type,type,is_clustered,ready,pre_script_start,pre_script_end,submit,stage_in_start,stage_in_end,stage_in_effective_bytes_per_sec,execute_start,execute_end,stage_out_start,stage_out_end,stage_out_effective_bytes_per_sec,post_script_start,post_script_end,wms_delay,pre_script_delay,queue_delay,runtime,post_script_delay,stage_in_delay,stage_in_bytes,stage_out_delay,stage_out_bytes,kickstart_user,kickstart_site,kickstart_hostname,kickstart_transformations,kickstart_executables,kickstart_executables_argv,kickstart_executables_cpu_time,kickstart_status,kickstart_executables_exitcode,kickstart_online_iowait,kickstart_online_bytes_read,kickstart_online_bytes_written,kickstart_online_read_system_calls,kickstart_online_write_system_calls,kickstart_online_utime,kickstart_online_stime,kickstart_online_bytes_read_per_second,kickstart_online_bytes_written_per_second
create_dir_eht-difmap_0_condorpool,None,auxiliary,0,1714245383.0,,,1714245384.0,,,0.0,1714245388.0,1714245394.0,,,0.0,1714245394.0,1714245399.0,1.0,,4.0,6.0,5.0,,,,,poseidon,local,poseidon-submit,pegasus::dirmanager,/mnt/poseidon-data/poseidon/pegasus-5.1.0panorama/bin/pegasus-transfer,pegasus-kickstart  -n pegasus::dirmanager -N null -i - -R local  -L eht-difmap -T 2024-04-11T00:03:48+00:00 pegasus-transfer,0.3,0,0,,,,,,,,,
difmapp_ID0000022,None,compute,0,1714245399.0,,,1714245404.0,1714245409.0,1714245425.0,123128263.9,1714245408.0,1714245495.0,1714245484.0,1714245487.0,802628.0,1714245495.0,1714245500.0,5.0,,4.0,87.0,5.0,16.0,1169710926.0,3.0,2656159.0,poseidon,condorpool,poseidon-worker-1-container-36-39,difmapp,/srv/difmapp,,0.8,0,0,0.0,948237.0,689670.0,15345.0,14870.0,0.3,0.5,9482.4,6896.7
difmapp_ID0000001,None,compute,0,1714245399.0,,,1714245405.0,1714245409.0,1714245429.0,92798700.8,1714245408.0,1714245465.0,1714245454.0,1714245458.0,823219.0,1714245465.0,1714245470.0,6.0,,3.0,57.0,5.0,20.0,1169846286.0,4.0,2777030.0,poseidon,condorpool,poseidon-worker-2-container-36-39,difmapp,/srv/difmapp,,0.4,0,0,0.0,552034.0,326777.0,7473.0,7124.0,0.1,0.2,13800.8,8169.4
difmapp_ID0000012,None,compute,0,1714245399.0,,,1714245405.0,1714245409.0,1714245433.0,68754519.4,1714245408.0,1714245480.0,1714245470.0,1714245474.0,863341.0,1714245480.0,1714245485.0,6.0,,3.0,72.0,5.0,24.0,1169929806.0,4.0,2864083.0,poseidon,condorpool,poseidon-worker-1-container-44-47,difmapp,/srv/difmapp,,0.5,0,0,0.0,650122.0,413753.0,9205.0,8814.0,0.2,0.3,10835.4,6895.9
difmapp_ID0000004,None,compute,0,1714245399.0,,,1714245405.0,1714245410.0,1714245438.0,55779991.8,1714245409.0,1714245475.0,1714245462.0,1714245465.0,823480.0,1714245475.0,1714245480.0,6.0,,4.0,66.0,5.0,28.0,1169794446.0,3.0,2730916.0,poseidon,condorpool,poseidon-worker-2-container-32-35,difmapp,/srv/difmapp,,0.3,0,0,0.0,485761.0,266054.0,5960.0,5632.0,0.1,0.2,16192.0,8868.5
difmapp_ID0000026,None,compute,0,1714245399.0,,,1714245405.0,1714245410.0,1714245438.0,55141166.1,1714245409.0,1714245510.0,1714245502.0,1714245505.0,813449.0,1714245510.0,1714245515.0,6.0,,4.0,101.0,5.0,28.0,1169710926.0,3.0,2657210.0,poseidon,condorpool,poseidon-worker-2-container-44-47,difmapp,/srv/difmapp,,0.9,0,0,0.0,991727.0,724881.0,16554.0,16052.0,0.3,0.5,9015.7,6589.8
difmapp_ID0000015,None,compute,0,1714245399.0,,,1714245405.0,1714245409.0,1714245426.0,113822323.7,1714245408.0,1714245455.0,1714245443.0,1714245446.0,694417.0,1714245455.0,1714245460.0,6.0,,3.0,47.0,5.0,17.0,1169368206.0,3.0,2345144.0,poseidon,condorpool,poseidon-worker-2-container-28-31,difmapp,/srv/difmapp,,0.2,0,0,0.0,459192.0,242283.0,5279.0,4966.0,0.1,0.1,22959.6,12114.2
difmapp_ID0000008,None,compute,0,1714245399.0,,,1714245405.0,1714245409.0,1714245425.0,127056748.0,1714245408.0,1714245475.0,1714245462.0,1714245465.0,859231.0,1714245475.0,1714245480.0,6.0,,3.0,67.0,5.0,16.0,1169895246.0,3.0,2830977.0,poseidon,condorpool,poseidon-worker-2-container-40-43,difmapp,/srv/difmapp,,0.5,0,0,0.0,656876.0,420522.0,9239.0,8848.0,0.2,0.3,10947.9,7008.7
difmapp_ID0000019,None,compute,0,1714245399.0,,,1714245405.0,1714245409.0,1714245426.0,114587458.0,1714245408.0,1714245455.0,1714245443.0,1714245446.0,719898.0,1714245455.0,1714245460.0,6.0,,3.0,47.0,5.0,17.0,1169388366.0,3.0,2363009.0,poseidon,condorpool,poseidon-worker-2-container-0-3,difmapp,/srv/difmapp,,0.3,0,0,0.0,464342.0,247514.0,5371.0,5058.0,0.1,0.1,23217.1,12375.7
difmap-imgsum_ID0000018,None,compute,0,1714245460.0,,,1714245465.0,1714245467.0,1714245483.0,129532429.0,1714245466.0,1714245530.0,1714245517.0,1714245520.0,80435.0,1714245530.0,1714245535.0,5.0,,1.0,64.0,5.0,16.0,1170436604.0,3.0,249617.0,poseidon,condorpool,poseidon-worker-2-container-36-39,difmap-imgsum,/srv/difmap-imgsum,,27.3,0,0,0.1,286800386.0,19416757.0,152855.0,6068.0,14.9,3.2,5736007.7,388335.1
difmap-postprocessing_ID0000021,None,compute,0,1714245460.0,,,1714245465.0,1714245466.0,1714245483.0,131553959.8,1714245466.0,1714245505.0,1714245494.0,1714245497.0,49927.0,1714245505.0,1714245510.0,5.0,,1.0,39.0,5.0,17.0,1170209787.0,3.0,158326.0,poseidon,condorpool,poseidon-worker-2-container-28-31,difmap-postprocessing,/srv/difmap-postprocessing,,6.1,0,0,0.0,57216507.0,53704.0,27539.0,11.0,3.2,1.7,5721650.7,5370.4
difmap-postprocessing_ID0000016,None,compute,0,1714245460.0,,,1714245465.0,1714245466.0,1714245483.0,127423202.1,1714245466.0,1714245505.0,1714245494.0,1714245497.0,61566.0,1714245505.0,1714245510.0,5.0,,1.0,39.0,5.0,17.0,1170209787.0,3.0,192902.0,poseidon,condorpool,poseidon-worker-1-container-36-39,difmap-postprocessing,/srv/difmap-postprocessing,,5.6,0,0,0.1,57611330.0,53704.0,27868.0,11.0,3.3,1.5,5761133.0,5370.4
difmap-postprocessing_ID0000020,None,compute,0,1714245460.0,,,1714245465.0,1714245467.0,1714245483.0,128784955.2,1714245466.0,1714245505.0,1714245494.0,1714245497.0,59363.0,1714245505.0,1714245510.0,5.0,,1.0,39.0,5.0,16.0,1170209787.0,3.0,184500.0,poseidon,condorpool,poseidon-worker-2-container-36-39,difmap-postprocessing,/srv/difmap-postprocessing,,5.5,0,0,0.1,57597805.0,53704.0,27853.0,11.0,3.3,1.5,5759780.5,5370.4
difmap-postprocessing_ID0000017,None,compute,0,1714245460.0,,,1714245465.0,1714245466.0,1714245483.0,128831907.0,1714245466.0,1714245505.0,1714245494.0,1714245497.0,55717.0,1714245505.0,1714245510.0,5.0,,1.0,39.0,5.0,17.0,1170209787.0,3.0,172536.0,poseidon,condorpool,poseidon-worker-2-container-0-3,difmap-postprocessing,/srv/difmap-postprocessing,,6.2,0,0,0.1,57216436.0,53704.0,27540.0,11.0,3.0,1.8,5721643.6,5370.4
difmap-postprocessing_ID0000002,None,compute,0,1714245470.0,,,1714245475.0,1714245477.0,1714245493.0,128256978.0,1714245476.0,1714245515.0,1714245504.0,1714245507.0,60941.0,1714245515.0,1714245520.0,5.0,,1.0,39.0,5.0,16.0,1170209787.0,3.0,189013.0,poseidon,condorpool,poseidon-worker-2-container-32-35,difmap-postprocessing,/srv/difmap-postprocessing,,5.8,0,0,0.0,57608758.0,53704.0,27862.0,11.0,3.2,1.7,5760875.8,5370.4
difmap-postprocessing_ID0000003,None,compute,0,1714245470.0,,,1714245475.0,1714245476.0,1714245492.0,131918598.2,1714245475.0,1714245515.0,1714245503.0,1714245506.0,53325.0,1714245515.0,1714245520.0,5.0,,0.0,40.0,5.0,16.0,1170209787.0,3.0,165848.0,poseidon,condorpool,poseidon-worker-2-container-40-43,difmap-postprocessing,/srv/difmap-postprocessing,,5.3,0,0,0.1,59551919.0,64956.0,29659.0,14.0,3.4,1.4,5955191.9,6495.6
difmap-imgsum_ID0000011,None,compute,0,1714245480.0,,,1714245485.0,1714245486.0,1714245503.0,130071164.8,1714245485.0,1714245550.0,1714245540.0,1714245543.0,91576.0,1714245550.0,1714245555.0,5.0,,0.0,65.0,5.0,17.0,1170966524.0,3.0,280917.0,poseidon,condorpool,poseidon-worker-2-container-36-39,difmap-imgsum,/srv/difmap-imgsum,,32.8,0,0,0.1,307413519.0,24849667.0,161621.0,6603.0,19.1,3.1,5123558.6,414161.1
difmap-postprocessing_ID0000009,None,compute,0,1714245480.0,,,1714245485.0,1714245486.0,1714245502.0,128649076.8,1714245485.0,1714245525.0,1714245513.0,1714245516.0,59757.0,1714245525.0,1714245530.0,5.0,,0.0,40.0,5.0,16.0,1170212667.0,3.0,184905.0,poseidon,condorpool,poseidon-worker-1-container-36-39,difmap-postprocessing,/srv/difmap-postprocessing,,5.5,0,0,0.0,57602031.0,53704.0,27862.0,11.0,3.4,1.6,5760203.1,5370.4
difmap-postprocessing_ID0000010,None,compute,0,1714245480.0,,,1714245485.0,1714245486.0,1714245504.0,111807432.8,1714245485.0,1714245525.0,1714245514.0,1714245517.0,53781.0,1714245525.0,1714245530.0,5.0,,0.0,40.0,5.0,18.0,1170212667.0,3.0,166473.0,poseidon,condorpool,poseidon-worker-1-container-44-47,difmap-postprocessing,/srv/difmap-postprocessing,,5.3,0,0,0.1,59550691.0,64889.0,29692.0,14.0,3.5,1.4,5955069.1,6488.9
difmap-postprocessing_ID0000006,None,compute,0,1714245480.0,,,1714245485.0,1714245486.0,1714245503.0,116812529.8,1714245485.0,1714245525.0,1714245514.0,1714245517.0,53657.0,1714245525.0,1714245530.0,5.0,,0.0,40.0,5.0,17.0,1170209787.0,3.0,166357.0,poseidon,condorpool,poseidon-worker-1-container-44-47,difmap-postprocessing,/srv/difmap-postprocessing,,5.3,0,0,0.1,59541070.0,64891.0,29671.0,14.0,3.5,1.4,5954107.0,6489.1
difmap-imgsum_ID0000007,None,compute,0,1714245480.0,,,1714245485.0,1714245486.0,1714245503.0,128177274.2,1714245485.0,1714245550.0,1714245539.0,1714245542.0,88206.0,1714245550.0,1714245555.0,5.0,,0.0,65.0,5.0,17.0,1170862844.0,3.0,272131.0,poseidon,condorpool,poseidon-worker-2-container-44-47,difmap-imgsum,/srv/difmap-imgsum,,31.5,0,0,0.1,336485605.0,23504617.0,171698.0,7152.0,20.7,3.6,5608093.4,391743.6
difmap-postprocessing_ID0000005,None,compute,0,1714245480.0,,,1714245485.0,1714245486.0,1714245502.0,130262538.2,1714245485.0,1714245525.0,1714245513.0,1714245517.0,62699.0,1714245525.0,1714245530.0,5.0,,0.0,40.0,5.0,16.0,1170209787.0,4.0,194406.0,poseidon,condorpool,poseidon-worker-2-container-32-35,difmap-postprocessing,/srv/difmap-postprocessing,,5.4,0,0,0.1,57612872.0,53704.0,27854.0,11.0,3.4,1.5,5761287.2,5370.4
difmap-postprocessing_ID0000014,None,compute,0,1714245485.0,,,1714245490.0,1714245504.0,1714245520.0,128158927.0,1714245503.0,1714245540.0,1714245530.0,1714245533.0,53452.0,1714245540.0,1714245545.0,5.0,,13.0,37.0,5.0,16.0,1170212667.0,3.0,164597.0,poseidon,condorpool,poseidon-worker-1-container-36-39,difmap-postprocessing,/srv/difmap-postprocessing,,5.2,0,0,0.1,59576790.0,64951.0,29714.0,14.0,3.5,1.4,5957679.0,6495.1
difmap-postprocessing_ID0000013,None,compute,0,1714245485.0,,,1714245490.0,1714245494.0,1714245510.0,127293908.0,1714245493.0,1714245530.0,1714245521.0,1714245524.0,58426.0,1714245530.0,1714245535.0,5.0,,3.0,37.0,5.0,16.0,1170212667.0,3.0,179954.0,poseidon,condorpool,poseidon-worker-1-container-36-39,difmap-postprocessing,/srv/difmap-postprocessing,,5.3,0,0,0.1,59593132.0,64962.0,29750.0,14.0,3.4,1.4,5959313.2,6496.2
difmap-imgsum_ID0000025,None,compute,0,1714245500.0,,,1714245505.0,1714245507.0,1714245523.0,131094812.8,1714245506.0,1714245570.0,1714245557.0,1714245560.0,86137.0,1714245570.0,1714245575.0,5.0,,1.0,64.0,5.0,16.0,1170779324.0,3.0,265099.0,poseidon,condorpool,poseidon-worker-2-container-0-3,difmap-imgsum,/srv/difmap-imgsum,,28.2,0,0,0.0,283712784.0,21782927.0,148982.0,5950.0,15.1,3.5,5674255.7,435658.5
difmap-postprocessing_ID0000023,None,compute,0,1714245500.0,,,1714245505.0,1714245507.0,1714245523.0,127306336.5,1714245506.0,1714245545.0,1714245533.0,1714245537.0,59637.0,1714245545.0,1714245550.0,5.0,,1.0,39.0,5.0,16.0,1170209787.0,4.0,183333.0,poseidon,condorpool,poseidon-worker-2-container-28-31,difmap-postprocessing,/srv/difmap-postprocessing,,5.4,0,0,0.1,57563651.0,53704.0,27777.0,11.0,3.4,1.5,5756365.1,5370.4
difmap-postprocessing_ID0000024,None,compute,0,1714245500.0,,,1714245505.0,1714245507.0,1714245523.0,130775276.0,1714245506.0,1714245545.0,1714245534.0,1714245537.0,54694.0,1714245545.0,1714245550.0,5.0,,1.0,39.0,5.0,16.0,1170209787.0,3.0,165508.0,poseidon,condorpool,poseidon-worker-2-container-36-39,difmap-postprocessing,/srv/difmap-postprocessing,,5.6,0,0,0.1,57344097.0,53704.0,27636.0,11.0,3.2,1.4,5734409.7,5370.4
difmap-postprocessing_ID0000027,None,compute,0,1714245515.0,,,1714245520.0,1714245522.0,1714245539.0,128923377.3,1714245521.0,1714245560.0,1714245550.0,1714245553.0,60960.0,1714245560.0,1714245565.0,5.0,,1.0,39.0,5.0,17.0,1170209787.0,3.0,185534.0,poseidon,condorpool,poseidon-worker-2-container-32-35,difmap-postprocessing,/srv/difmap-postprocessing,,5.7,0,0,0.0,57562340.0,53704.0,27776.0,11.0,3.3,1.6,5756234.0,5370.4
stage_out_local_condorpool_0_0,None,transfer,0,1714245515.0,,,1714245520.0,,,0.0,1714245520.0,1714245535.0,1714245521.0,1714245527.0,3350714.0,1714245535.0,1714245540.0,5.0,,0.0,15.0,5.0,,,6.0,21224528.0,poseidon,local,poseidon-submit,pegasus::transfer,/mnt/poseidon-data/poseidon/pegasus-5.1.0panorama/bin/pegasus-transfer,/home/poseidon/pegasus-5.1.0panorama/bin/../bin/pegasus-kickstart  -n pegasus::transfer -N null -i - -R local  -L eht-difmap -T 2024-04-11T00:03:48+00:00 /home/poseidon/pegasus-5.1.0panorama/bin/../bin/pegasus-transfer  --threads 2,5.0,0,0,,,,,,,,,
difmap-postprocessing_ID0000028,None,compute,0,1714245515.0,,,1714245520.0,1714245522.0,1714245539.0,125583017.0,1714245521.0,1714245560.0,1714245550.0,1714245553.0,53652.0,1714245560.0,1714245565.0,5.0,,1.0,39.0,5.0,17.0,1170209787.0,3.0,165019.0,poseidon,condorpool,poseidon-worker-2-container-44-47,difmap-postprocessing,/srv/difmap-postprocessing,,5.7,0,0,0.0,57591007.0,53704.0,27838.0,11.0,3.2,1.7,5759100.7,5370.4
stage_out_local_condorpool_1_0,None,transfer,0,1714245565.0,,,1714245570.0,,,0.0,1714245570.0,1714245580.0,1714245570.0,1714245574.0,485815.0,1714245580.0,1714245585.0,5.0,,0.0,10.0,5.0,,,4.0,1959583.0,poseidon,local,poseidon-submit,pegasus::transfer,/mnt/poseidon-data/poseidon/pegasus-5.1.0panorama/bin/pegasus-transfer,/home/poseidon/pegasus-5.1.0panorama/bin/../bin/pegasus-kickstart  -n pegasus::transfer -N null -i - -R local  -L eht-difmap -T 2024-04-11T00:03:48+00:00 /home/poseidon/pegasus-5.1.0panorama/bin/../bin/pegasus-transfer  --threads 2,1.1,0,0,,,,,,,,,
stage_out_local_condorpool_1_1,None,transfer,0,1714245575.0,,,1714245580.0,,,0.0,1714245580.0,1714245590.0,1714245580.0,1714245584.0,477799.0,1714245590.0,1714245595.0,5.0,,0.0,10.0,5.0,,,4.0,1927392.0,poseidon,local,poseidon-submit,pegasus::transfer,/mnt/poseidon-data/poseidon/pegasus-5.1.0panorama/bin/pegasus-transfer,/home/poseidon/pegasus-5.1.0panorama/bin/../bin/pegasus-kickstart  -n pegasus::transfer -N null -i - -R local  -L eht-difmap -T 2024-04-11T00:03:48+00:00 /home/poseidon/pegasus-5.1.0panorama/bin/../bin/pegasus-transfer  --threads 2,1.1,0,0,,,,,,,,,
cleanup_eht-difmap_0_condorpool,None,auxiliary,0,1714245595.0,,,1714245600.0,,,0.0,1714245600.0,1714245610.0,,,0.0,1714245610.0,1714245615.0,5.0,,0.0,10.0,5.0,,,,,poseidon,local,poseidon-submit,pegasus::cleanup,/mnt/poseidon-data/poseidon/pegasus-5.1.0panorama/bin/pegasus-transfer,pegasus-kickstart  -n pegasus::cleanup -N null -i - -R local  -L eht-difmap -T 2024-04-11T00:03:48+00:00 pegasus-transfer,0.3,0,0,,,,,,,,,
