,anomaly_type,type,is_clustered,ready,pre_script_start,pre_script_end,submit,stage_in_start,stage_in_end,stage_in_effective_bytes_per_sec,execute_start,execute_end,stage_out_start,stage_out_end,stage_out_effective_bytes_per_sec,post_script_start,post_script_end,wms_delay,pre_script_delay,queue_delay,runtime,post_script_delay,stage_in_delay,stage_in_bytes,stage_out_delay,stage_out_bytes,kickstart_user,kickstart_site,kickstart_hostname,kickstart_transformations,kickstart_executables,kickstart_executables_argv,kickstart_executables_cpu_time,kickstart_status,kickstart_executables_exitcode,kickstart_online_iowait,kickstart_online_bytes_read,kickstart_online_bytes_written,kickstart_online_read_system_calls,kickstart_online_write_system_calls,kickstart_online_utime,kickstart_online_stime,kickstart_online_bytes_read_per_second,kickstart_online_bytes_written_per_second
create_dir_eht-difmap_0_condorpool,None,auxiliary,0,1714328475.0,,,1714328476.0,,,0.0,1714328481.0,1714328491.0,,,0.0,1714328491.0,1714328496.0,1.0,,5.0,10.0,5.0,,,,,poseidon,local,poseidon-submit,pegasus::dirmanager,/mnt/poseidon-data/poseidon/pegasus-5.1.0panorama/bin/pegasus-transfer,pegasus-kickstart  -n pegasus::dirmanager -N null -i - -R local  -L eht-difmap -T 2024-04-11T00:03:48+00:00 pegasus-transfer,0.2,0,0,,,,,,,,,
difmapp_ID0000022,None,compute,0,1714328496.0,,,1714328501.0,1714328521.0,1714328537.0,129230883.9,1714328520.0,1714328786.0,1714328775.0,1714328778.0,790720.0,1714328786.0,1714328791.0,5.0,,19.0,266.0,5.0,16.0,1169710926.0,3.0,2656159.0,poseidon,condorpool,poseidon-worker-2-container-24-27,difmapp,/srv/difmapp,,0.8,0,0,0.0,965943.0,707380.0,15903.0,15428.0,0.3,0.5,9659.4,7073.8
difmapp_ID0000001,hdd_5,compute,0,1714328496.0,,,1714328501.0,1714328521.0,1714328543.0,114592502.4,1714328520.0,1714329021.0,1714328775.0,1714328778.0,816610.0,1714329021.0,1714329026.0,5.0,,19.0,501.0,5.0,22.0,1169846286.0,3.0,2777030.0,poseidon,condorpool,poseidon-worker-2-container-0-3,difmapp,/srv/difmapp,,0.4,0,0,0.0,478104.0,258477.0,5942.0,5614.0,0.1,0.2,15936.8,8615.9
difmapp_ID0000012,None,compute,0,1714328496.0,,,1714328501.0,1714328522.0,1714328538.0,125731771.0,1714328521.0,1714328586.0,1714328576.0,1714328579.0,845746.0,1714328586.0,1714328591.0,5.0,,20.0,65.0,5.0,16.0,1169929806.0,3.0,2864083.0,poseidon,condorpool,poseidon-worker-1-container-16-19,difmapp,/srv/difmapp,,0.6,0,0,0.0,650776.0,411674.0,9153.0,8756.0,0.2,0.3,10846.3,6861.2
difmapp_ID0000004,None,compute,0,1714328496.0,,,1714328501.0,1714328521.0,1714328538.0,128175572.9,1714328520.0,1714328571.0,1714328562.0,1714328565.0,831597.0,1714328571.0,1714328576.0,5.0,,19.0,51.0,5.0,17.0,1169794446.0,3.0,2730916.0,poseidon,condorpool,poseidon-worker-1-container-44-47,difmapp,/srv/difmapp,,0.3,0,0,0.0,487240.0,267517.0,5990.0,5662.0,0.1,0.2,16241.3,8917.2
difmapp_ID0000026,None,compute,0,1714328496.0,,,1714328501.0,1714328521.0,1714328538.0,127512120.4,1714328520.0,1714328611.0,1714328599.0,1714328602.0,769435.0,1714328611.0,1714328616.0,5.0,,19.0,91.0,5.0,17.0,1169710926.0,3.0,2657210.0,poseidon,condorpool,poseidon-worker-1-container-0-3,difmapp,/srv/difmapp,,1.0,0,0,0.0,1026099.0,758065.0,16739.0,16234.0,0.4,0.5,9328.2,6891.5
difmapp_ID0000015,None,compute,0,1714328496.0,,,1714328501.0,1714328521.0,1714328540.0,102919108.1,1714328520.0,1714328566.0,1714328556.0,1714328559.0,700257.0,1714328566.0,1714328571.0,5.0,,19.0,46.0,5.0,19.0,1169368206.0,3.0,2345144.0,poseidon,condorpool,poseidon-worker-1-container-40-43,difmapp,/srv/difmapp,,0.2,0,0,0.0,466388.0,252210.0,5549.0,5242.0,0.1,0.1,23319.4,12610.5
difmapp_ID0000008,None,compute,0,1714328496.0,,,1714328501.0,1714328521.0,1714328538.0,128433414.8,1714328520.0,1714328786.0,1714328775.0,1714328778.0,836253.0,1714328786.0,1714328791.0,5.0,,19.0,266.0,5.0,17.0,1169895246.0,3.0,2830977.0,poseidon,condorpool,poseidon-worker-2-container-40-43,difmapp,/srv/difmapp,,0.5,0,0,0.0,600463.0,369659.0,8046.0,7676.0,0.2,0.3,12009.3,7393.2
difmapp_ID0000019,None,compute,0,1714328496.0,,,1714328501.0,1714328521.0,1714328541.0,89852698.1,1714328520.0,1714328571.0,1714328559.0,1714328562.0,720797.0,1714328571.0,1714328576.0,5.0,,19.0,51.0,5.0,20.0,1169388366.0,3.0,2363009.0,poseidon,condorpool,poseidon-worker-1-container-36-39,difmapp,/srv/difmapp,,0.2,0,0,0.0,444283.0,230106.0,5071.0,4764.0,0.1,0.1,22214.2,11505.3
difmap-imgsum_ID0000018,None,compute,0,1714328571.0,,,1714328576.0,1714328577.0,1714328594.0,128964295.0,1714328576.0,1714328636.0,1714328626.0,1714328630.0,80011.0,1714328636.0,1714328641.0,5.0,,0.0,60.0,5.0,17.0,1170436604.0,4.0,249617.0,poseidon,condorpool,poseidon-worker-1-container-36-39,difmap-imgsum,/srv/difmap-imgsum,,27.0,0,0,0.1,299475295.0,19561076.0,160072.0,6451.0,14.9,3.3,5989505.9,391221.5
difmap-postprocessing_ID0000016,None,compute,0,1714328571.0,,,1714328576.0,1714328577.0,1714328593.0,125505996.5,1714328576.0,1714328616.0,1714328605.0,1714328608.0,62275.0,1714328616.0,1714328621.0,5.0,,0.0,40.0,5.0,16.0,1170209787.0,3.0,192902.0,poseidon,condorpool,poseidon-worker-1-container-40-43,difmap-postprocessing,/srv/difmap-postprocessing,,6.1,0,0,0.0,57213753.0,53704.0,27534.0,11.0,2.9,1.9,5721375.3,5370.4
difmap-postprocessing_ID0000017,None,compute,0,1714328571.0,,,1714328576.0,1714328577.0,1714328593.0,131762028.5,1714328576.0,1714328616.0,1714328604.0,1714328608.0,55428.0,1714328616.0,1714328621.0,5.0,,0.0,40.0,5.0,16.0,1170209787.0,4.0,172536.0,poseidon,condorpool,poseidon-worker-1-container-44-47,difmap-postprocessing,/srv/difmap-postprocessing,,5.5,0,0,0.1,57585414.0,53704.0,27811.0,11.0,3.4,1.5,5758541.4,5370.4
difmap-postprocessing_ID0000021,None,compute,0,1714328576.0,,,1714328581.0,1714328597.0,1714328613.0,128977905.5,1714328596.0,1714328636.0,1714328625.0,1714328628.0,50016.0,1714328636.0,1714328641.0,5.0,,15.0,40.0,5.0,16.0,1170209787.0,3.0,158326.0,poseidon,condorpool,poseidon-worker-1-container-44-47,difmap-postprocessing,/srv/difmap-postprocessing,,5.8,0,0,0.0,57581439.0,53704.0,27816.0,11.0,3.2,1.7,5758143.9,5370.4
difmap-postprocessing_ID0000020,None,compute,0,1714328576.0,,,1714328581.0,1714328597.0,1714328613.0,129557252.5,1714328596.0,1714328636.0,1714328624.0,1714328627.0,57976.0,1714328636.0,1714328641.0,5.0,,15.0,40.0,5.0,16.0,1170209787.0,3.0,184500.0,poseidon,condorpool,poseidon-worker-1-container-16-19,difmap-postprocessing,/srv/difmap-postprocessing,,5.3,0,0,0.1,59549297.0,64904.0,29690.0,14.0,3.4,1.5,5954929.7,6490.4
difmap-imgsum_ID0000007,hdd_5,compute,0,1714328576.0,,,1714328581.0,1714328776.0,1714329018.0,4467815.8,1714328775.0,1714329546.0,1714329535.0,1714329538.0,84118.0,1714329546.0,1714329551.0,5.0,,194.0,771.0,5.0,242.0,1170862844.0,3.0,272131.0,poseidon,condorpool,poseidon-worker-2-container-0-3,difmap-imgsum,/srv/difmap-imgsum,,29.5,0,0,0.1,286646281.0,23061942.0,150694.0,6018.0,16.1,2.9,551242.8,329456.3
difmap-postprocessing_ID0000005,None,compute,0,1714328576.0,,,1714328581.0,1714328597.0,1714328777.0,129445038.8,1714328596.0,1714329276.0,1714329252.0,1714329268.0,12084.0,1714329276.0,1714329281.0,5.0,,15.0,680.0,5.0,180.0,1170209787.0,16.0,194406.0,poseidon,condorpool,poseidon-worker-2-container-24-27,difmap-postprocessing,/srv/difmap-postprocessing,,5.2,0,0,0.1,59545038.0,64907.0,29680.0,14.0,3.5,1.4,5954503.8,6490.7
difmap-postprocessing_ID0000006,None,compute,0,1714328576.0,,,1714328581.0,1714328586.0,1714328603.0,123831772.9,1714328586.0,1714328626.0,1714328614.0,1714328617.0,53498.0,1714328626.0,1714328631.0,5.0,,5.0,40.0,5.0,17.0,1170209787.0,3.0,166357.0,poseidon,condorpool,poseidon-worker-1-container-16-19,difmap-postprocessing,/srv/difmap-postprocessing,,5.3,0,0,0.1,59501380.0,56962.0,29619.0,12.0,3.4,1.5,5950138.0,5696.2
difmap-postprocessing_ID0000014,None,compute,0,1714328591.0,,,1714328596.0,1714328614.0,1714328630.0,130878167.5,1714328613.0,1714328651.0,1714328641.0,1714328644.0,52656.0,1714328651.0,1714328656.0,5.0,,17.0,38.0,5.0,16.0,1170212667.0,3.0,164597.0,poseidon,condorpool,poseidon-worker-1-container-44-47,difmap-postprocessing,/srv/difmap-postprocessing,,5.2,0,0,0.1,59552069.0,64951.0,29660.0,14.0,3.5,1.4,5955206.9,6495.1
difmap-postprocessing_ID0000013,None,compute,0,1714328591.0,,,1714328596.0,1714328609.0,1714328625.0,131533477.0,1714328608.0,1714328646.0,1714328636.0,1714328639.0,57665.0,1714328646.0,1714328651.0,5.0,,12.0,38.0,5.0,16.0,1170212667.0,3.0,179954.0,poseidon,condorpool,poseidon-worker-1-container-0-3,difmap-postprocessing,/srv/difmap-postprocessing,,5.7,0,0,0.1,57574417.0,53704.0,27787.0,11.0,3.2,1.6,5757441.7,5370.4
difmap-postprocessing_ID0000028,None,compute,0,1714328616.0,,,1714328621.0,1714328622.0,1714328638.0,130946347.0,1714328621.0,1714328661.0,1714328649.0,1714328652.0,53307.0,1714328661.0,1714328666.0,5.0,,0.0,40.0,5.0,16.0,1170209787.0,3.0,165019.0,poseidon,condorpool,poseidon-worker-1-container-40-43,difmap-postprocessing,/srv/difmap-postprocessing,,5.6,0,0,0.1,57562266.0,53704.0,27775.0,11.0,3.2,1.6,5756226.6,5370.4
difmap-postprocessing_ID0000027,None,compute,0,1714328616.0,,,1714328621.0,1714328625.0,1714328641.0,130884297.8,1714328624.0,1714328661.0,1714328652.0,1714328655.0,59683.0,1714328661.0,1714328666.0,5.0,,3.0,37.0,5.0,16.0,1170209787.0,3.0,185534.0,poseidon,condorpool,poseidon-worker-1-container-16-19,difmap-postprocessing,/srv/difmap-postprocessing,,5.4,0,0,0.1,57563724.0,53704.0,27778.0,11.0,3.3,1.6,5756372.4,5370.4
difmap-imgsum_ID0000025,None,compute,0,1714328791.0,,,1714328796.0,1714328798.0,1714328814.0,130928831.2,1714328797.0,1714328856.0,1714328846.0,1714328849.0,82763.0,1714328856.0,1714328861.0,5.0,,1.0,59.0,5.0,16.0,1170779324.0,3.0,265099.0,poseidon,condorpool,poseidon-worker-1-container-16-19,difmap-imgsum,/srv/difmap-imgsum,,26.3,0,0,0.1,313150671.0,22115514.0,166574.0,6812.0,15.1,3.2,6263013.4,442310.3
difmap-postprocessing_ID0000010,None,compute,0,1714328791.0,,,1714328796.0,1714329018.0,1714329269.0,130989105.0,1714328796.0,1714329291.0,1714329280.0,1714329283.0,51162.0,1714329291.0,1714329296.0,5.0,,0.0,495.0,5.0,251.0,1170212667.0,3.0,166473.0,poseidon,condorpool,poseidon-worker-2-container-40-43,difmap-postprocessing,/srv/difmap-postprocessing,,5.6,0,0,0.1,57584103.0,53704.0,27824.0,11.0,3.5,1.4,5758410.3,5370.4
difmap-postprocessing_ID0000009,None,compute,0,1714328791.0,,,1714328796.0,1714329018.0,1714329269.0,131062613.8,1714328796.0,1714329291.0,1714329280.0,1714329283.0,56531.0,1714329291.0,1714329296.0,5.0,,0.0,495.0,5.0,251.0,1170212667.0,3.0,184905.0,poseidon,condorpool,poseidon-worker-2-container-24-27,difmap-postprocessing,/srv/difmap-postprocessing,,5.5,0,0,0.1,57603467.0,53704.0,27865.0,11.0,3.5,1.4,5760346.7,5370.4
difmap-imgsum_ID0000011,None,compute,0,1714328791.0,,,1714328796.0,1714329018.0,1714329269.0,123514318.8,1714328796.0,1714329546.0,1714329535.0,1714329538.0,87390.0,1714329546.0,1714329551.0,5.0,,0.0,750.0,5.0,251.0,1170966524.0,3.0,280917.0,poseidon,condorpool,poseidon-worker-2-container-24-27,difmap-imgsum,/srv/difmap-imgsum,,31.7,0,0,0.0,317730328.0,24978465.0,167891.0,6915.0,19.7,3.2,5295505.5,416307.8
difmap-postprocessing_ID0000023,None,compute,0,1714328791.0,,,1714328796.0,1714329018.0,1714329269.0,130510969.8,1714328796.0,1714329291.0,1714329280.0,1714329283.0,57746.0,1714329291.0,1714329296.0,5.0,,0.0,495.0,5.0,251.0,1170209787.0,3.0,183333.0,poseidon,condorpool,poseidon-worker-2-container-40-43,difmap-postprocessing,/srv/difmap-postprocessing,,5.6,0,0,0.1,57590986.0,53704.0,27839.0,11.0,3.5,1.4,5759098.6,5370.4
difmap-postprocessing_ID0000024,hdd_5,compute,0,1714328791.0,,,1714328796.0,1714329019.0,1714329271.0,129152736.2,1714329018.0,1714329391.0,1714329282.0,1714329285.0,53981.0,1714329391.0,1714329396.0,5.0,,222.0,373.0,5.0,252.0,1170209787.0,3.0,165508.0,poseidon,condorpool,poseidon-worker-2-container-0-3,difmap-postprocessing,/srv/difmap-postprocessing,,5.5,0,0,0.1,57503556.0,53704.0,27757.0,11.0,3.3,1.3,5750355.6,5370.4
difmap-postprocessing_ID0000003,None,compute,0,1714329026.0,,,1714329031.0,1714329253.0,1714329281.0,56721626.3,1714329252.0,1714329546.0,1714329535.0,1714329538.0,51373.0,1714329546.0,1714329551.0,5.0,,221.0,294.0,5.0,28.0,1170209787.0,3.0,165848.0,poseidon,condorpool,poseidon-worker-2-container-24-27,difmap-postprocessing,/srv/difmap-postprocessing,,5.5,0,0,0.0,57636396.0,53704.0,27922.0,11.0,3.2,1.7,5763639.6,5370.4
difmap-postprocessing_ID0000002,hdd_5,compute,0,1714329026.0,,,1714329031.0,1714329279.0,1714329304.0,131162376.2,1714329278.0,1714329546.0,1714329535.0,1714329538.0,59133.0,1714329546.0,1714329551.0,5.0,,247.0,268.0,5.0,25.0,1170209787.0,3.0,189013.0,poseidon,condorpool,poseidon-worker-2-container-0-3,difmap-postprocessing,/srv/difmap-postprocessing,,5.4,0,0,0.1,57608692.0,53704.0,27862.0,11.0,3.4,1.5,5760869.2,5370.4
stage_out_local_condorpool_0_0,None,transfer,0,1714329026.0,,,1714329031.0,,,0.0,1714329031.0,1714329046.0,1714329031.0,1714329037.0,3388704.0,1714329046.0,1714329051.0,5.0,,0.0,15.0,5.0,,,6.0,21224528.0,poseidon,local,poseidon-submit,pegasus::transfer,/mnt/poseidon-data/poseidon/pegasus-5.1.0panorama/bin/pegasus-transfer,/home/poseidon/pegasus-5.1.0panorama/bin/../bin/pegasus-kickstart  -n pegasus::transfer -N null -i - -R local  -L eht-difmap -T 2024-04-11T00:03:48+00:00 /home/poseidon/pegasus-5.1.0panorama/bin/../bin/pegasus-transfer  --threads 2,4.9,0,0,,,,,,,,,
stage_out_local_condorpool_1_1,None,transfer,0,1714329551.0,,,1714329556.0,,,0.0,1714329556.0,1714329566.0,1714329557.0,1714329561.0,478016.0,1714329566.0,1714329571.0,5.0,,0.0,10.0,5.0,,,4.0,1927392.0,poseidon,local,poseidon-submit,pegasus::transfer,/mnt/poseidon-data/poseidon/pegasus-5.1.0panorama/bin/pegasus-transfer,/home/poseidon/pegasus-5.1.0panorama/bin/../bin/pegasus-kickstart  -n pegasus::transfer -N null -i - -R local  -L eht-difmap -T 2024-04-11T00:03:48+00:00 /home/poseidon/pegasus-5.1.0panorama/bin/../bin/pegasus-transfer  --threads 2,1.1,0,0,,,,,,,,,
stage_out_local_condorpool_1_0,None,transfer,0,1714329551.0,,,1714329556.0,,,0.0,1714329556.0,1714329566.0,1714329557.0,1714329561.0,485976.0,1714329566.0,1714329571.0,5.0,,0.0,10.0,5.0,,,4.0,1959583.0,poseidon,local,poseidon-submit,pegasus::transfer,/mnt/poseidon-data/poseidon/pegasus-5.1.0panorama/bin/pegasus-transfer,/home/poseidon/pegasus-5.1.0panorama/bin/../bin/pegasus-kickstart  -n pegasus::transfer -N null -i - -R local  -L eht-difmap -T 2024-04-11T00:03:48+00:00 /home/poseidon/pegasus-5.1.0panorama/bin/../bin/pegasus-transfer  --threads 2,1.1,0,0,,,,,,,,,
cleanup_eht-difmap_0_condorpool,None,auxiliary,0,1714329571.0,,,1714329576.0,,,0.0,1714329576.0,1714329586.0,,,0.0,1714329586.0,1714329591.0,5.0,,0.0,10.0,5.0,,,,,poseidon,local,poseidon-submit,pegasus::cleanup,/mnt/poseidon-data/poseidon/pegasus-5.1.0panorama/bin/pegasus-transfer,pegasus-kickstart  -n pegasus::cleanup -N null -i - -R local  -L eht-difmap -T 2024-04-11T00:03:48+00:00 pegasus-transfer,0.3,0,0,,,,,,,,,
