,anomaly_type,type,is_clustered,ready,pre_script_start,pre_script_end,submit,stage_in_start,stage_in_end,stage_in_effective_bytes_per_sec,execute_start,execute_end,stage_out_start,stage_out_end,stage_out_effective_bytes_per_sec,post_script_start,post_script_end,wms_delay,pre_script_delay,queue_delay,runtime,post_script_delay,stage_in_delay,stage_in_bytes,stage_out_delay,stage_out_bytes,kickstart_user,kickstart_site,kickstart_hostname,kickstart_transformations,kickstart_executables,kickstart_executables_argv,kickstart_executables_cpu_time,kickstart_status,kickstart_executables_exitcode,kickstart_online_iowait,kickstart_online_bytes_read,kickstart_online_bytes_written,kickstart_online_read_system_calls,kickstart_online_write_system_calls,kickstart_online_utime,kickstart_online_stime,kickstart_online_bytes_read_per_second,kickstart_online_bytes_written_per_second
create_dir_eht-imaging_0_condorpool,None,auxiliary,0,1714477312.0,,,1714477313.0,,,0.0,1714477317.0,1714477323.0,,,0.0,1714477323.0,1714477328.0,1.0,,4.0,6.0,5.0,,,,,poseidon,local,poseidon-submit,pegasus::dirmanager,/mnt/poseidon-data/poseidon/pegasus-5.1.0panorama/bin/pegasus-transfer,pegasus-kickstart  -n pegasus::dirmanager -N null -i - -R local  -L eht-imaging -T 2024-04-11T00:03:48+00:00 pegasus-transfer,0.3,0,0,,,,,,,,,
eht-imaging_pipeline_ID0000001,None,compute,0,1714477328.0,,,1714477333.0,1714477342.0,1714477359.0,130527653.8,1714477341.0,1714477438.0,1714477425.0,1714477428.0,160838.0,1714477438.0,1714477443.0,5.0,,8.0,97.0,5.0,17.0,1152496270.0,3.0,521049.0,poseidon,condorpool,poseidon-worker-2-container-44-47,eht-imaging_pipeline,/srv/eht-imaging_pipeline,,61.8,0,0,0.1,345814540.0,42018587.0,169691.0,7188.0,49.3,3.3,2881787.8,350154.9
eht-imaging_pipeline_ID0000003,None,compute,0,1714477328.0,,,1714477333.0,1714477342.0,1714477359.0,128164022.2,1714477341.0,1714477448.0,1714477438.0,1714477442.0,173520.0,1714477448.0,1714477453.0,5.0,,8.0,107.0,5.0,17.0,1152899470.0,4.0,553659.0,poseidon,condorpool,poseidon-worker-2-container-40-43,eht-imaging_pipeline,/srv/eht-imaging_pipeline,,76.2,0,0,0.1,292408609.0,39823716.0,144846.0,5992.0,59.7,3.3,2088632.9,284455.1
eht-imaging_pipeline_ID0000005,None,compute,0,1714477328.0,,,1714477333.0,1714477342.0,1714477359.0,127885187.1,1714477341.0,1714477423.0,1714477412.0,1714477415.0,158087.0,1714477423.0,1714477428.0,5.0,,8.0,82.0,5.0,17.0,1151830990.0,3.0,512010.0,poseidon,condorpool,poseidon-worker-2-container-28-31,eht-imaging_pipeline,/srv/eht-imaging_pipeline,,47.3,0,0,0.1,326437709.0,46887875.0,160864.0,6561.0,34.6,3.4,3627085.7,520976.4
eht-imaging_pipeline_ID0000007,None,compute,0,1714477328.0,,,1714477333.0,1714477342.0,1714477359.0,128289841.0,1714477341.0,1714477438.0,1714477429.0,1714477432.0,173410.0,1714477438.0,1714477443.0,5.0,,8.0,97.0,5.0,17.0,1152715150.0,3.0,546081.0,poseidon,condorpool,poseidon-worker-2-container-32-35,eht-imaging_pipeline,/srv/eht-imaging_pipeline,,65.8,0,0,0.1,357150067.0,47272148.0,179157.0,7690.0,53.2,3.9,2747308.2,363631.9
eht-imaging_postprocessing_ID0000006,None,compute,0,1714477428.0,,,1714477433.0,1714477434.0,1714477451.0,126355785.8,1714477434.0,1714477473.0,1714477461.0,1714477464.0,59590.0,1714477473.0,1714477478.0,5.0,,1.0,39.0,5.0,17.0,1151392645.0,3.0,192674.0,poseidon,condorpool,poseidon-worker-2-container-28-31,eht-imaging_postprocessing,/srv/eht-imaging_postprocessing,,5.0,0,0,0.1,58793414.0,246505.0,28681.0,17.0,3.5,1.4,5879341.4,24650.5
eht-imaging_postprocessing_ID0000002,None,compute,0,1714477443.0,,,1714477448.0,1714477449.0,1714477465.0,130217033.2,1714477448.0,1714477488.0,1714477476.0,1714477479.0,57838.0,1714477488.0,1714477493.0,5.0,,0.0,40.0,5.0,16.0,1151392645.0,3.0,179912.0,poseidon,condorpool,poseidon-worker-2-container-32-35,eht-imaging_postprocessing,/srv/eht-imaging_postprocessing,,5.3,0,0,0.0,58696628.0,61620.0,28675.0,13.0,3.3,1.6,5869662.8,6162.0
eht-imaging_postprocessing_ID0000008,None,compute,0,1714477443.0,,,1714477448.0,1714477449.0,1714477465.0,130628551.0,1714477448.0,1714477488.0,1714477475.0,1714477478.0,59519.0,1714477488.0,1714477493.0,5.0,,0.0,40.0,5.0,16.0,1151392645.0,3.0,190041.0,poseidon,condorpool,poseidon-worker-2-container-44-47,eht-imaging_postprocessing,/srv/eht-imaging_postprocessing,,5.0,0,0,0.1,58793416.0,243872.0,28681.0,17.0,3.5,1.4,5879341.6,24387.2
eht-imaging_postprocessing_ID0000004,None,compute,0,1714477453.0,,,1714477458.0,1714477459.0,1714477475.0,130220460.8,1714477458.0,1714477498.0,1714477486.0,1714477489.0,57297.0,1714477498.0,1714477503.0,5.0,,0.0,40.0,5.0,16.0,1151392645.0,3.0,179453.0,poseidon,condorpool,poseidon-worker-2-container-40-43,eht-imaging_postprocessing,/srv/eht-imaging_postprocessing,,5.2,0,0,0.1,58696628.0,61621.0,28676.0,13.0,3.4,1.5,5869662.8,6162.1
stage_out_local_condorpool_0_0,None,transfer,0,1714477453.0,,,1714477458.0,,,0.0,1714477458.0,1714477468.0,1714477458.0,1714477462.0,529344.0,1714477468.0,1714477473.0,5.0,,0.0,10.0,5.0,,,4.0,2132799.0,poseidon,local,poseidon-submit,pegasus::transfer,/mnt/poseidon-data/poseidon/pegasus-5.1.0panorama/bin/pegasus-transfer,/home/poseidon/pegasus-5.1.0panorama/bin/../bin/pegasus-kickstart  -n pegasus::transfer -N null -i - -R local  -L eht-imaging -T 2024-04-11T00:03:48+00:00 /home/poseidon/pegasus-5.1.0panorama/bin/../bin/pegasus-transfer  --threads 2,1.3,0,0,,,,,,,,,
stage_out_local_condorpool_1_0,None,transfer,0,1714477503.0,,,1714477508.0,,,0.0,1714477508.0,1714477518.0,1714477508.0,1714477512.0,183922.0,1714477518.0,1714477523.0,5.0,,0.0,10.0,5.0,,,4.0,742080.0,poseidon,local,poseidon-submit,pegasus::transfer,/mnt/poseidon-data/poseidon/pegasus-5.1.0panorama/bin/pegasus-transfer,/home/poseidon/pegasus-5.1.0panorama/bin/../bin/pegasus-kickstart  -n pegasus::transfer -N null -i - -R local  -L eht-imaging -T 2024-04-11T00:03:48+00:00 /home/poseidon/pegasus-5.1.0panorama/bin/../bin/pegasus-transfer  --threads 2,0.6,0,0,,,,,,,,,
cleanup_eht-imaging_0_condorpool,None,auxiliary,0,1714477523.0,,,1714477528.0,,,0.0,1714477528.0,1714477538.0,,,0.0,1714477538.0,1714477543.0,5.0,,0.0,10.0,5.0,,,,,poseidon,local,poseidon-submit,pegasus::cleanup,/mnt/poseidon-data/poseidon/pegasus-5.1.0panorama/bin/pegasus-transfer,pegasus-kickstart  -n pegasus::cleanup -N null -i - -R local  -L eht-imaging -T 2024-04-11T00:03:48+00:00 pegasus-transfer,0.3,0,0,,,,,,,,,
