,anomaly_type,type,is_clustered,ready,pre_script_start,pre_script_end,submit,stage_in_start,stage_in_end,stage_in_effective_bytes_per_sec,execute_start,execute_end,stage_out_start,stage_out_end,stage_out_effective_bytes_per_sec,post_script_start,post_script_end,wms_delay,pre_script_delay,queue_delay,runtime,post_script_delay,stage_in_delay,stage_in_bytes,stage_out_delay,stage_out_bytes,kickstart_user,kickstart_site,kickstart_hostname,kickstart_transformations,kickstart_executables,kickstart_executables_argv,kickstart_executables_cpu_time,kickstart_status,kickstart_executables_exitcode,kickstart_online_iowait,kickstart_online_bytes_read,kickstart_online_bytes_written,kickstart_online_read_system_calls,kickstart_online_write_system_calls,kickstart_online_utime,kickstart_online_stime,kickstart_online_bytes_read_per_second,kickstart_online_bytes_written_per_second
create_dir_eht-imaging_0_condorpool,None,auxiliary,0,1714625263.0,,,1714625264.0,,,0.0,1714625268.0,1714625274.0,,,0.0,1714625274.0,1714625279.0,1.0,,4.0,6.0,5.0,,,,,poseidon,local,poseidon-submit,pegasus::dirmanager,/mnt/poseidon-data/poseidon/pegasus-5.1.0panorama/bin/pegasus-transfer,pegasus-kickstart  -n pegasus::dirmanager -N null -i - -R local  -L eht-imaging -T 2024-04-11T00:03:48+00:00 pegasus-transfer,0.3,0,0,,,,,,,,,
eht-imaging_pipeline_ID0000001,hdd_5,compute,0,1714625279.0,,,1714625284.0,1714625287.0,1714625309.0,130148816.0,1714625286.0,1714625575.0,1714625563.0,1714625567.0,165415.0,1714625575.0,1714625580.0,5.0,,2.0,289.0,5.0,22.0,1152496270.0,4.0,521049.0,poseidon,condorpool,poseidon-worker-1-container-44-47,eht-imaging_pipeline,/srv/eht-imaging_pipeline,,59.4,0,0,190.5,291234024.0,41483709.0,143730.0,5812.0,45.4,2.9,594355.2,345697.6
eht-imaging_pipeline_ID0000003,hdd_5,compute,0,1714625279.0,,,1714625284.0,1714625287.0,1714625305.0,125794383.4,1714625286.0,1714625575.0,1714625566.0,1714625569.0,175001.0,1714625575.0,1714625580.0,5.0,,2.0,289.0,5.0,18.0,1152899470.0,3.0,553659.0,poseidon,condorpool,poseidon-worker-2-container-40-43,eht-imaging_pipeline,/srv/eht-imaging_pipeline,,73.9,0,0,183.1,372329346.0,40480005.0,176057.0,7633.0,62.9,3.4,730057.5,269866.7
eht-imaging_pipeline_ID0000005,hdd_5,compute,0,1714625279.0,,,1714625284.0,1714625287.0,1714625305.0,130580161.0,1714625286.0,1714625570.0,1714625559.0,1714625562.0,157989.0,1714625570.0,1714625575.0,5.0,,2.0,284.0,5.0,18.0,1151830990.0,3.0,512010.0,poseidon,condorpool,poseidon-worker-2-container-36-39,eht-imaging_pipeline,/srv/eht-imaging_pipeline,,46.7,0,0,189.2,316483622.0,46771820.0,155675.0,6253.0,33.5,3.6,645884.9,467718.2
eht-imaging_pipeline_ID0000007,None,compute,0,1714625279.0,,,1714625284.0,1714625287.0,1714625303.0,130580170.5,1714625286.0,1714625570.0,1714625561.0,1714625564.0,171617.0,1714625570.0,1714625575.0,5.0,,2.0,284.0,5.0,16.0,1152715150.0,3.0,546081.0,poseidon,condorpool,poseidon-worker-2-container-44-47,eht-imaging_pipeline,/srv/eht-imaging_pipeline,,62.2,0,0,0.1,322047633.0,46723471.0,159070.0,6640.0,48.8,3.0,644095.3,359411.3
eht-imaging_postprocessing_ID0000006,hdd_5,compute,0,1714625575.0,,,1714625580.0,1714625581.0,1714625599.0,130393976.0,1714625581.0,1714625836.0,1714625610.0,1714625613.0,60453.0,1714625836.0,1714625841.0,5.0,,1.0,255.0,5.0,18.0,1151392645.0,3.0,192674.0,poseidon,condorpool,poseidon-worker-1-container-44-47,eht-imaging_postprocessing,/srv/eht-imaging_postprocessing,,5.2,0,0,0.1,58693885.0,61625.0,28669.0,13.0,3.3,1.6,5869388.5,6162.5
eht-imaging_postprocessing_ID0000008,None,compute,0,1714625575.0,,,1714625580.0,1714625581.0,1714625598.0,125293160.0,1714625581.0,1714625846.0,1714625836.0,1714625839.0,59203.0,1714625846.0,1714625851.0,5.0,,1.0,265.0,5.0,17.0,1151392645.0,3.0,190041.0,poseidon,condorpool,poseidon-worker-2-container-44-47,eht-imaging_postprocessing,/srv/eht-imaging_postprocessing,,5.0,0,0,0.1,58793421.0,243872.0,28681.0,17.0,3.5,1.4,5879342.1,24387.2
eht-imaging_postprocessing_ID0000002,hdd_5,compute,0,1714625580.0,,,1714625585.0,1714625586.0,1714625608.0,130302357.0,1714625586.0,1714625846.0,1714625836.0,1714625839.0,56239.0,1714625846.0,1714625851.0,5.0,,1.0,260.0,5.0,22.0,1151392645.0,3.0,179912.0,poseidon,condorpool,poseidon-worker-2-container-40-43,eht-imaging_postprocessing,/srv/eht-imaging_postprocessing,,5.0,0,0,0.1,58796166.0,233743.0,28687.0,17.0,3.4,1.5,5879616.6,23374.3
eht-imaging_postprocessing_ID0000004,hdd_5,compute,0,1714625580.0,,,1714625585.0,1714625586.0,1714625608.0,130566019.5,1714625586.0,1714625846.0,1714625836.0,1714625839.0,56202.0,1714625846.0,1714625851.0,5.0,,1.0,260.0,5.0,22.0,1151392645.0,3.0,179453.0,poseidon,condorpool,poseidon-worker-2-container-36-39,eht-imaging_postprocessing,/srv/eht-imaging_postprocessing,,5.3,0,0,0.0,58696638.0,61621.0,28675.0,13.0,3.4,1.6,5869663.8,6162.1
stage_out_local_condorpool_0_0,None,transfer,0,1714625580.0,,,1714625585.0,,,0.0,1714625586.0,1714625595.0,1714625586.0,1714625590.0,528755.0,1714625595.0,1714625600.0,5.0,,1.0,9.0,5.0,,,4.0,2132799.0,poseidon,local,poseidon-submit,pegasus::transfer,/mnt/poseidon-data/poseidon/pegasus-5.1.0panorama/bin/pegasus-transfer,/home/poseidon/pegasus-5.1.0panorama/bin/../bin/pegasus-kickstart  -n pegasus::transfer -N null -i - -R local  -L eht-imaging -T 2024-04-11T00:03:48+00:00 /home/poseidon/pegasus-5.1.0panorama/bin/../bin/pegasus-transfer  --threads 2,1.3,0,0,,,,,,,,,
stage_out_local_condorpool_1_0,None,transfer,0,1714625851.0,,,1714625856.0,,,0.0,1714625856.0,1714625866.0,1714625856.0,1714625860.0,184077.0,1714625866.0,1714625871.0,5.0,,0.0,10.0,5.0,,,4.0,742080.0,poseidon,local,poseidon-submit,pegasus::transfer,/mnt/poseidon-data/poseidon/pegasus-5.1.0panorama/bin/pegasus-transfer,/home/poseidon/pegasus-5.1.0panorama/bin/../bin/pegasus-kickstart  -n pegasus::transfer -N null -i - -R local  -L eht-imaging -T 2024-04-11T00:03:48+00:00 /home/poseidon/pegasus-5.1.0panorama/bin/../bin/pegasus-transfer  --threads 2,0.6,0,0,,,,,,,,,
cleanup_eht-imaging_0_condorpool,None,auxiliary,0,1714625871.0,,,1714625876.0,,,0.0,1714625876.0,1714625886.0,,,0.0,1714625886.0,1714625891.0,5.0,,0.0,10.0,5.0,,,,,poseidon,local,poseidon-submit,pegasus::cleanup,/mnt/poseidon-data/poseidon/pegasus-5.1.0panorama/bin/pegasus-transfer,pegasus-kickstart  -n pegasus::cleanup -N null -i - -R local  -L eht-imaging -T 2024-04-11T00:03:48+00:00 pegasus-transfer,0.3,0,0,,,,,,,,,
