,anomaly_type,type,is_clustered,ready,pre_script_start,pre_script_end,submit,stage_in_start,stage_in_end,stage_in_effective_bytes_per_sec,execute_start,execute_end,stage_out_start,stage_out_end,stage_out_effective_bytes_per_sec,post_script_start,post_script_end,wms_delay,pre_script_delay,queue_delay,runtime,post_script_delay,stage_in_delay,stage_in_bytes,stage_out_delay,stage_out_bytes,kickstart_user,kickstart_site,kickstart_hostname,kickstart_transformations,kickstart_executables,kickstart_executables_argv,kickstart_executables_cpu_time,kickstart_status,kickstart_executables_exitcode,kickstart_online_iowait,kickstart_online_bytes_read,kickstart_online_bytes_written,kickstart_online_read_system_calls,kickstart_online_write_system_calls,kickstart_online_utime,kickstart_online_stime,kickstart_online_bytes_read_per_second,kickstart_online_bytes_written_per_second
create_dir_eht-imaging_0_condorpool,None,auxiliary,0,1714539564.0,,,1714539565.0,,,0.0,1714539569.0,1714539575.0,,,0.0,1714539575.0,1714539580.0,1.0,,4.0,6.0,5.0,,,,,poseidon,local,poseidon-submit,pegasus::dirmanager,/mnt/poseidon-data/poseidon/pegasus-5.1.0panorama/bin/pegasus-transfer,pegasus-kickstart  -n pegasus::dirmanager -N null -i - -R local  -L eht-imaging -T 2024-04-11T00:03:48+00:00 pegasus-transfer,0.2,0,0,,,,,,,,,
eht-imaging_pipeline_ID0000001,None,compute,0,1714539580.0,,,1714539585.0,1714539606.0,1714539622.0,130264534.0,1714539605.0,1714539696.0,1714539684.0,1714539688.0,160999.0,1714539696.0,1714539701.0,5.0,,20.0,91.0,5.0,16.0,1152496270.0,4.0,521049.0,poseidon,condorpool,poseidon-worker-1-container-44-47,eht-imaging_pipeline,/srv/eht-imaging_pipeline,,57.3,0,0,0.1,327508731.0,41889323.0,164536.0,6874.0,44.8,2.9,2977352.1,380812.0
eht-imaging_pipeline_ID0000003,cpu_3,compute,0,1714539580.0,,,1714539585.0,1714539606.0,1714539622.0,130709526.8,1714539605.0,1714539711.0,1714539700.0,1714539704.0,170172.0,1714539711.0,1714539716.0,5.0,,20.0,106.0,5.0,16.0,1152899470.0,4.0,553659.0,poseidon,condorpool,poseidon-worker-1-container-28-31,eht-imaging_pipeline,/srv/eht-imaging_pipeline,,71.6,0,0,0.0,320162344.0,40071035.0,155792.0,6598.0,58.1,2.6,2286873.9,286221.7
eht-imaging_pipeline_ID0000005,cpu_3,compute,0,1714539580.0,,,1714539585.0,1714539606.0,1714539622.0,130241277.0,1714539606.0,1714539686.0,1714539673.0,1714539676.0,159491.0,1714539686.0,1714539691.0,5.0,,21.0,80.0,5.0,16.0,1151830990.0,3.0,512010.0,poseidon,condorpool,poseidon-worker-1-container-24-27,eht-imaging_pipeline,/srv/eht-imaging_pipeline,,43.6,0,0,0.1,351523821.0,47366326.0,175879.0,7329.0,34.8,2.6,3905820.2,526292.5
eht-imaging_pipeline_ID0000007,None,compute,0,1714539580.0,,,1714539585.0,1714539606.0,1714539622.0,126453543.2,1714539605.0,1714539701.0,1714539688.0,1714539691.0,173723.0,1714539701.0,1714539706.0,5.0,,20.0,96.0,5.0,16.0,1152715150.0,3.0,546081.0,poseidon,condorpool,poseidon-worker-2-container-40-43,eht-imaging_pipeline,/srv/eht-imaging_pipeline,,61.7,0,0,0.1,348065298.0,47034165.0,173798.0,7406.0,49.7,3.1,2900544.1,391951.4
eht-imaging_postprocessing_ID0000006,cpu_3,compute,0,1714539691.0,,,1714539696.0,1714539698.0,1714539713.0,130718105.0,1714539697.0,1714539736.0,1714539724.0,1714539727.0,60397.0,1714539736.0,1714539741.0,5.0,,1.0,39.0,5.0,15.0,1151392645.0,3.0,192674.0,poseidon,condorpool,poseidon-worker-1-container-24-27,eht-imaging_postprocessing,/srv/eht-imaging_postprocessing,,5.0,0,0,0.0,58794685.0,246505.0,28685.0,17.0,3.5,1.4,5879468.5,24650.5
eht-imaging_postprocessing_ID0000002,None,compute,0,1714539701.0,,,1714539706.0,1714539707.0,1714539723.0,130380447.8,1714539707.0,1714539746.0,1714539733.0,1714539737.0,57634.0,1714539746.0,1714539751.0,5.0,,1.0,39.0,5.0,16.0,1151392645.0,4.0,179912.0,poseidon,condorpool,poseidon-worker-2-container-40-43,eht-imaging_postprocessing,/srv/eht-imaging_postprocessing,,5.0,0,0,0.1,58793412.0,233743.0,28681.0,17.0,3.5,1.4,5879341.2,23374.3
eht-imaging_postprocessing_ID0000008,cpu_3,compute,0,1714539706.0,,,1714539711.0,1714539712.0,1714539728.0,128996129.5,1714539712.0,1714539751.0,1714539739.0,1714539742.0,61162.0,1714539751.0,1714539756.0,5.0,,1.0,39.0,5.0,16.0,1151392645.0,3.0,190041.0,poseidon,condorpool,poseidon-worker-1-container-28-31,eht-imaging_postprocessing,/srv/eht-imaging_postprocessing,,5.0,0,0,0.0,58794686.0,243872.0,28685.0,17.0,3.4,1.5,5879468.6,24387.2
eht-imaging_postprocessing_ID0000004,None,compute,0,1714539716.0,,,1714539721.0,1714539723.0,1714539738.0,130210480.0,1714539722.0,1714539761.0,1714539749.0,1714539752.0,57851.0,1714539761.0,1714539767.0,5.0,,1.0,39.0,6.0,15.0,1151392645.0,3.0,179453.0,poseidon,condorpool,poseidon-worker-1-container-44-47,eht-imaging_postprocessing,/srv/eht-imaging_postprocessing,,4.9,0,0,0.1,58793412.0,233284.0,28681.0,17.0,3.5,1.4,5879341.2,23328.4
stage_out_local_condorpool_0_0,None,transfer,0,1714539716.0,,,1714539721.0,,,0.0,1714539721.0,1714539731.0,1714539722.0,1714539726.0,529117.0,1714539731.0,1714539736.0,5.0,,0.0,10.0,5.0,,,4.0,2132799.0,poseidon,local,poseidon-submit,pegasus::transfer,/mnt/poseidon-data/poseidon/pegasus-5.1.0panorama/bin/pegasus-transfer,/home/poseidon/pegasus-5.1.0panorama/bin/../bin/pegasus-kickstart  -n pegasus::transfer -N null -i - -R local  -L eht-imaging -T 2024-04-11T00:03:48+00:00 /home/poseidon/pegasus-5.1.0panorama/bin/../bin/pegasus-transfer  --threads 2,1.3,0,0,,,,,,,,,
stage_out_local_condorpool_1_0,None,transfer,0,1714539767.0,,,1714539772.0,,,0.0,1714539772.0,1714539782.0,1714539772.0,1714539776.0,183953.0,1714539782.0,1714539787.0,5.0,,0.0,10.0,5.0,,,4.0,742080.0,poseidon,local,poseidon-submit,pegasus::transfer,/mnt/poseidon-data/poseidon/pegasus-5.1.0panorama/bin/pegasus-transfer,/home/poseidon/pegasus-5.1.0panorama/bin/../bin/pegasus-kickstart  -n pegasus::transfer -N null -i - -R local  -L eht-imaging -T 2024-04-11T00:03:48+00:00 /home/poseidon/pegasus-5.1.0panorama/bin/../bin/pegasus-transfer  --threads 2,0.6,0,0,,,,,,,,,
cleanup_eht-imaging_0_condorpool,None,auxiliary,0,1714539787.0,,,1714539792.0,,,0.0,1714539792.0,1714539802.0,,,0.0,1714539802.0,1714539807.0,5.0,,0.0,10.0,5.0,,,,,poseidon,local,poseidon-submit,pegasus::cleanup,/mnt/poseidon-data/poseidon/pegasus-5.1.0panorama/bin/pegasus-transfer,pegasus-kickstart  -n pegasus::cleanup -N null -i - -R local  -L eht-imaging -T 2024-04-11T00:03:48+00:00 pegasus-transfer,0.3,0,0,,,,,,,,,
