,anomaly_type,type,is_clustered,ready,pre_script_start,pre_script_end,submit,stage_in_start,stage_in_end,stage_in_effective_bytes_per_sec,execute_start,execute_end,stage_out_start,stage_out_end,stage_out_effective_bytes_per_sec,post_script_start,post_script_end,wms_delay,pre_script_delay,queue_delay,runtime,post_script_delay,stage_in_delay,stage_in_bytes,stage_out_delay,stage_out_bytes,kickstart_user,kickstart_site,kickstart_hostname,kickstart_transformations,kickstart_executables,kickstart_executables_argv,kickstart_executables_cpu_time,kickstart_status,kickstart_executables_exitcode,kickstart_online_iowait,kickstart_online_bytes_read,kickstart_online_bytes_written,kickstart_online_read_system_calls,kickstart_online_write_system_calls,kickstart_online_utime,kickstart_online_stime,kickstart_online_bytes_read_per_second,kickstart_online_bytes_written_per_second
create_dir_eht-imaging_0_condorpool,None,auxiliary,0,1714622163.0,,,1714622164.0,,,0.0,1714622168.0,1714622174.0,,,0.0,1714622174.0,1714622179.0,1.0,,4.0,6.0,5.0,,,,,poseidon,local,poseidon-submit,pegasus::dirmanager,/mnt/poseidon-data/poseidon/pegasus-5.1.0panorama/bin/pegasus-transfer,pegasus-kickstart  -n pegasus::dirmanager -N null -i - -R local  -L eht-imaging -T 2024-04-11T00:03:48+00:00 pegasus-transfer,0.3,0,0,,,,,,,,,
eht-imaging_pipeline_ID0000001,hdd_5,compute,0,1714622179.0,,,1714622184.0,1714622193.0,1714622214.0,128571080.2,1714622192.0,1714622484.0,1714622470.0,1714622473.0,163717.0,1714622484.0,1714622489.0,5.0,,8.0,292.0,5.0,21.0,1152496270.0,3.0,521049.0,poseidon,condorpool,poseidon-worker-2-container-36-39,eht-imaging_pipeline,/srv/eht-imaging_pipeline,,58.9,0,0,191.2,377520008.0,42322702.0,177286.0,7585.0,49.2,3.1,755040.0,325559.2
eht-imaging_pipeline_ID0000003,hdd_5,compute,0,1714622179.0,,,1714622184.0,1714622193.0,1714622215.0,131037010.8,1714622192.0,1714622484.0,1714622475.0,1714622478.0,174350.0,1714622484.0,1714622489.0,5.0,,8.0,292.0,5.0,22.0,1152899470.0,3.0,553659.0,poseidon,condorpool,poseidon-worker-1-container-44-47,eht-imaging_pipeline,/srv/eht-imaging_pipeline,,71.9,0,0,184.3,289137401.0,39806006.0,143280.0,5923.0,56.5,2.6,578274.8,284328.6
eht-imaging_pipeline_ID0000005,None,compute,0,1714622179.0,,,1714622184.0,1714622193.0,1714622210.0,125600867.4,1714622192.0,1714622479.0,1714622469.0,1714622472.0,157976.0,1714622479.0,1714622484.0,5.0,,8.0,287.0,5.0,17.0,1151830990.0,3.0,512010.0,poseidon,condorpool,poseidon-worker-2-container-0-3,eht-imaging_pipeline,/srv/eht-imaging_pipeline,,46.3,0,0,0.1,312353723.0,46699508.0,153027.0,6080.0,32.9,3.4,624707.4,466995.1
eht-imaging_pipeline_ID0000007,hdd_5,compute,0,1714622179.0,,,1714622184.0,1714622194.0,1714622215.0,128981430.0,1714622193.0,1714622484.0,1714622472.0,1714622475.0,172072.0,1714622484.0,1714622489.0,5.0,,9.0,291.0,5.0,21.0,1152715150.0,3.0,546081.0,poseidon,condorpool,poseidon-worker-2-container-16-19,eht-imaging_pipeline,/srv/eht-imaging_pipeline,,63.0,0,0,188.8,342525799.0,46980694.0,171212.0,7278.0,50.5,3.2,685051.6,361390.0
eht-imaging_postprocessing_ID0000006,hdd_5,compute,0,1714622484.0,,,1714622489.0,1714622490.0,1714622507.0,126458492.2,1714622490.0,1714622769.0,1714622517.0,1714622520.0,60542.0,1714622769.0,1714622774.0,5.0,,1.0,279.0,5.0,17.0,1151392645.0,3.0,192674.0,poseidon,condorpool,poseidon-worker-2-container-16-19,eht-imaging_postprocessing,/srv/eht-imaging_postprocessing,,5.0,0,0,0.1,58798903.0,246505.0,28693.0,17.0,3.5,1.4,5879890.3,24650.5
eht-imaging_postprocessing_ID0000002,hdd_5,compute,0,1714622489.0,,,1714622494.0,1714622495.0,1714622514.0,130616805.2,1714622494.0,1714622764.0,1714622525.0,1714622759.0,768.0,1714622764.0,1714622769.0,5.0,,0.0,270.0,5.0,19.0,1151392645.0,234.0,179912.0,poseidon,condorpool,poseidon-worker-1-container-44-47,eht-imaging_postprocessing,/srv/eht-imaging_postprocessing,,5.0,0,0,0.1,58793419.0,233743.0,28681.0,17.0,3.5,1.4,5879341.9,23374.3
eht-imaging_postprocessing_ID0000004,None,compute,0,1714622489.0,,,1714622494.0,1714622495.0,1714622511.0,130504409.8,1714622494.0,1714622539.0,1714622529.0,1714622532.0,57805.0,1714622539.0,1714622544.0,5.0,,0.0,45.0,5.0,16.0,1151392645.0,3.0,179453.0,poseidon,condorpool,poseidon-worker-2-container-0-3,eht-imaging_postprocessing,/srv/eht-imaging_postprocessing,,5.0,0,0,0.1,58793355.0,229618.0,28681.0,15.0,3.4,1.5,5879335.5,22961.8
stage_out_local_condorpool_0_0,None,transfer,0,1714622489.0,,,1714622494.0,,,0.0,1714622494.0,1714622504.0,1714622494.0,1714622498.0,528908.0,1714622504.0,1714622509.0,5.0,,0.0,10.0,5.0,,,4.0,2132799.0,poseidon,local,poseidon-submit,pegasus::transfer,/mnt/poseidon-data/poseidon/pegasus-5.1.0panorama/bin/pegasus-transfer,/home/poseidon/pegasus-5.1.0panorama/bin/../bin/pegasus-kickstart  -n pegasus::transfer -N null -i - -R local  -L eht-imaging -T 2024-04-11T00:03:48+00:00 /home/poseidon/pegasus-5.1.0panorama/bin/../bin/pegasus-transfer  --threads 2,1.3,0,0,,,,,,,,,
eht-imaging_postprocessing_ID0000008,hdd_5,compute,0,1714622489.0,,,1714622494.0,1714622495.0,1714622511.0,130281254.5,1714622494.0,1714622779.0,1714622770.0,1714622773.0,59609.0,1714622779.0,1714622784.0,5.0,,0.0,285.0,5.0,16.0,1151392645.0,3.0,190041.0,poseidon,condorpool,poseidon-worker-2-container-36-39,eht-imaging_postprocessing,/srv/eht-imaging_postprocessing,,5.3,0,0,0.0,58695259.0,61622.0,28672.0,13.0,3.3,1.6,5869525.9,6162.2
stage_out_local_condorpool_1_0,None,transfer,0,1714622784.0,,,1714622789.0,,,0.0,1714622789.0,1714622799.0,1714622789.0,1714622793.0,184041.0,1714622799.0,1714622804.0,5.0,,0.0,10.0,5.0,,,4.0,742080.0,poseidon,local,poseidon-submit,pegasus::transfer,/mnt/poseidon-data/poseidon/pegasus-5.1.0panorama/bin/pegasus-transfer,/home/poseidon/pegasus-5.1.0panorama/bin/../bin/pegasus-kickstart  -n pegasus::transfer -N null -i - -R local  -L eht-imaging -T 2024-04-11T00:03:48+00:00 /home/poseidon/pegasus-5.1.0panorama/bin/../bin/pegasus-transfer  --threads 2,0.6,0,0,,,,,,,,,
cleanup_eht-imaging_0_condorpool,None,auxiliary,0,1714622804.0,,,1714622809.0,,,0.0,1714622809.0,1714622819.0,,,0.0,1714622819.0,1714622824.0,5.0,,0.0,10.0,5.0,,,,,poseidon,local,poseidon-submit,pegasus::cleanup,/mnt/poseidon-data/poseidon/pegasus-5.1.0panorama/bin/pegasus-transfer,pegasus-kickstart  -n pegasus::cleanup -N null -i - -R local  -L eht-imaging -T 2024-04-11T00:03:48+00:00 pegasus-transfer,0.3,0,0,,,,,,,,,
