,anomaly_type,type,is_clustered,ready,pre_script_start,pre_script_end,submit,stage_in_start,stage_in_end,stage_in_effective_bytes_per_sec,execute_start,execute_end,stage_out_start,stage_out_end,stage_out_effective_bytes_per_sec,post_script_start,post_script_end,wms_delay,pre_script_delay,queue_delay,runtime,post_script_delay,stage_in_delay,stage_in_bytes,stage_out_delay,stage_out_bytes,kickstart_user,kickstart_site,kickstart_hostname,kickstart_transformations,kickstart_executables,kickstart_executables_argv,kickstart_executables_cpu_time,kickstart_status,kickstart_executables_exitcode,kickstart_online_iowait,kickstart_online_bytes_read,kickstart_online_bytes_written,kickstart_online_read_system_calls,kickstart_online_write_system_calls,kickstart_online_utime,kickstart_online_stime,kickstart_online_bytes_read_per_second,kickstart_online_bytes_written_per_second
create_dir_eht-imaging_0_condorpool,None,auxiliary,0,1714642351.0,,,1714642352.0,,,0.0,1714642356.0,1714642362.0,,,0.0,1714642362.0,1714642367.0,1.0,,4.0,6.0,5.0,,,,,poseidon,local,poseidon-submit,pegasus::dirmanager,/mnt/poseidon-data/poseidon/pegasus-5.1.0panorama/bin/pegasus-transfer,pegasus-kickstart  -n pegasus::dirmanager -N null -i - -R local  -L eht-imaging -T 2024-04-11T00:03:48+00:00 pegasus-transfer,0.3,0,0,,,,,,,,,
eht-imaging_pipeline_ID0000001,None,compute,0,1714642367.0,,,1714642372.0,1714642392.0,1714642409.0,130415410.0,1714642392.0,1714642482.0,1714642472.0,1714642475.0,165269.0,1714642482.0,1714642487.0,5.0,,20.0,90.0,5.0,17.0,1152496270.0,3.0,521049.0,poseidon,condorpool,poseidon-worker-1-container-40-43,eht-imaging_pipeline,/srv/eht-imaging_pipeline,,58.4,0,0,0.1,313191859.0,41740838.0,156317.0,6475.0,45.3,3.0,2847198.7,379462.2
eht-imaging_pipeline_ID0000003,None,compute,0,1714642367.0,,,1714642372.0,1714642392.0,1714642409.0,130390394.8,1714642392.0,1714642497.0,1714642487.0,1714642491.0,174617.0,1714642497.0,1714642502.0,5.0,,20.0,105.0,5.0,17.0,1152899470.0,4.0,553659.0,poseidon,condorpool,poseidon-worker-2-container-36-39,eht-imaging_pipeline,/srv/eht-imaging_pipeline,,75.4,0,0,0.1,312302116.0,40066899.0,156472.0,6608.0,59.6,3.3,2230729.4,286192.1
eht-imaging_pipeline_ID0000005,None,compute,0,1714642367.0,,,1714642372.0,1714642392.0,1714642409.0,128600700.2,1714642392.0,1714642472.0,1714642461.0,1714642464.0,159248.0,1714642472.0,1714642477.0,5.0,,20.0,80.0,5.0,17.0,1151830990.0,3.0,512010.0,poseidon,condorpool,poseidon-worker-2-container-28-31,eht-imaging_pipeline,/srv/eht-imaging_pipeline,,46.3,0,0,0.1,336696158.0,46996075.0,166963.0,6853.0,34.8,3.2,3741068.4,522178.6
eht-imaging_pipeline_ID0000007,None,compute,0,1714642367.0,,,1714642372.0,1714642392.0,1714642409.0,130568903.8,1714642392.0,1714642492.0,1714642480.0,1714642483.0,172374.0,1714642492.0,1714642497.0,5.0,,20.0,100.0,5.0,17.0,1152715150.0,3.0,546081.0,poseidon,condorpool,poseidon-worker-2-container-40-43,eht-imaging_pipeline,/srv/eht-imaging_pipeline,,66.9,0,0,0.1,345307038.0,47019762.0,172346.0,7368.0,54.0,3.5,2656208.0,361690.5
eht-imaging_postprocessing_ID0000006,None,compute,0,1714642477.0,,,1714642482.0,1714642484.0,1714642500.0,130449212.5,1714642483.0,1714642522.0,1714642511.0,1714642514.0,60359.0,1714642522.0,1714642527.0,5.0,,1.0,39.0,5.0,16.0,1151392645.0,3.0,192674.0,poseidon,condorpool,poseidon-worker-2-container-28-31,eht-imaging_postprocessing,/srv/eht-imaging_postprocessing,,5.3,0,0,0.1,58696632.0,61625.0,28675.0,13.0,3.2,1.6,5869663.2,6162.5
eht-imaging_postprocessing_ID0000002,None,compute,0,1714642487.0,,,1714642492.0,1714642493.0,1714642509.0,130362685.2,1714642492.0,1714642532.0,1714642520.0,1714642523.0,57715.0,1714642532.0,1714642537.0,5.0,,0.0,40.0,5.0,16.0,1151392645.0,3.0,179912.0,poseidon,condorpool,poseidon-worker-2-container-40-43,eht-imaging_postprocessing,/srv/eht-imaging_postprocessing,,5.3,0,0,0.0,58695250.0,61620.0,28672.0,13.0,3.3,1.6,5869525.0,6162.0
eht-imaging_postprocessing_ID0000008,None,compute,0,1714642497.0,,,1714642502.0,1714642503.0,1714642519.0,130260740.5,1714642503.0,1714642542.0,1714642530.0,1714642533.0,61261.0,1714642542.0,1714642547.0,5.0,,1.0,39.0,5.0,16.0,1151392645.0,3.0,190041.0,poseidon,condorpool,poseidon-worker-2-container-36-39,eht-imaging_postprocessing,/srv/eht-imaging_postprocessing,,5.2,0,0,0.1,58696635.0,61622.0,28675.0,13.0,3.4,1.5,5869663.5,6162.2
eht-imaging_postprocessing_ID0000004,None,compute,0,1714642502.0,,,1714642507.0,1714642520.0,1714642537.0,126122595.2,1714642520.0,1714642557.0,1714642547.0,1714642550.0,56684.0,1714642557.0,1714642562.0,5.0,,13.0,37.0,5.0,17.0,1151392645.0,3.0,179453.0,poseidon,condorpool,poseidon-worker-2-container-28-31,eht-imaging_postprocessing,/srv/eht-imaging_postprocessing,,5.0,0,0,0.1,58793530.0,233284.0,28681.0,17.0,3.6,1.3,5879353.0,23328.4
stage_out_local_condorpool_0_0,None,transfer,0,1714642502.0,,,1714642507.0,,,0.0,1714642508.0,1714642522.0,1714642508.0,1714642513.0,528595.0,1714642522.0,1714642527.0,5.0,,1.0,14.0,5.0,,,5.0,2132799.0,poseidon,local,poseidon-submit,pegasus::transfer,/mnt/poseidon-data/poseidon/pegasus-5.1.0panorama/bin/pegasus-transfer,/home/poseidon/pegasus-5.1.0panorama/bin/../bin/pegasus-kickstart  -n pegasus::transfer -N null -i - -R local  -L eht-imaging -T 2024-04-11T00:03:48+00:00 /home/poseidon/pegasus-5.1.0panorama/bin/../bin/pegasus-transfer  --threads 2,1.3,0,0,,,,,,,,,
stage_out_local_condorpool_1_0,None,transfer,0,1714642562.0,,,1714642567.0,,,0.0,1714642567.0,1714642577.0,1714642567.0,1714642571.0,184098.0,1714642577.0,1714642582.0,5.0,,0.0,10.0,5.0,,,4.0,742080.0,poseidon,local,poseidon-submit,pegasus::transfer,/mnt/poseidon-data/poseidon/pegasus-5.1.0panorama/bin/pegasus-transfer,/home/poseidon/pegasus-5.1.0panorama/bin/../bin/pegasus-kickstart  -n pegasus::transfer -N null -i - -R local  -L eht-imaging -T 2024-04-11T00:03:48+00:00 /home/poseidon/pegasus-5.1.0panorama/bin/../bin/pegasus-transfer  --threads 2,0.6,0,0,,,,,,,,,
cleanup_eht-imaging_0_condorpool,None,auxiliary,0,1714642582.0,,,1714642587.0,,,0.0,1714642587.0,1714642597.0,,,0.0,1714642597.0,1714642602.0,5.0,,0.0,10.0,5.0,,,,,poseidon,local,poseidon-submit,pegasus::cleanup,/mnt/poseidon-data/poseidon/pegasus-5.1.0panorama/bin/pegasus-transfer,pegasus-kickstart  -n pegasus::cleanup -N null -i - -R local  -L eht-imaging -T 2024-04-11T00:03:48+00:00 pegasus-transfer,0.3,0,0,,,,,,,,,
