,anomaly_type,type,is_clustered,ready,pre_script_start,pre_script_end,submit,stage_in_start,stage_in_end,stage_in_effective_bytes_per_sec,execute_start,execute_end,stage_out_start,stage_out_end,stage_out_effective_bytes_per_sec,post_script_start,post_script_end,wms_delay,pre_script_delay,queue_delay,runtime,post_script_delay,stage_in_delay,stage_in_bytes,stage_out_delay,stage_out_bytes,kickstart_user,kickstart_site,kickstart_hostname,kickstart_transformations,kickstart_executables,kickstart_executables_argv,kickstart_executables_cpu_time,kickstart_status,kickstart_executables_exitcode,kickstart_online_iowait,kickstart_online_bytes_read,kickstart_online_bytes_written,kickstart_online_read_system_calls,kickstart_online_write_system_calls,kickstart_online_utime,kickstart_online_stime,kickstart_online_bytes_read_per_second,kickstart_online_bytes_written_per_second
create_dir_eht-imaging_0_condorpool,None,auxiliary,0,1714530054.0,,,1714530055.0,,,0.0,1714530060.0,1714530070.0,,,0.0,1714530070.0,1714530075.0,1.0,,5.0,10.0,5.0,,,,,poseidon,local,poseidon-submit,pegasus::dirmanager,/mnt/poseidon-data/poseidon/pegasus-5.1.0panorama/bin/pegasus-transfer,pegasus-kickstart  -n pegasus::dirmanager -N null -i - -R local  -L eht-imaging -T 2024-04-11T00:03:48+00:00 pegasus-transfer,0.3,0,0,,,,,,,,,
eht-imaging_pipeline_ID0000001,cpu_2,compute,0,1714530075.0,,,1714530080.0,1714530095.0,1714530111.0,130573200.2,1714530094.0,1714530185.0,1714530174.0,1714530177.0,160764.0,1714530185.0,1714530190.0,5.0,,14.0,91.0,5.0,16.0,1152496270.0,3.0,521049.0,poseidon,condorpool,poseidon-worker-1-container-40-43,eht-imaging_pipeline,/srv/eht-imaging_pipeline,,57.6,0,0,0.0,312219050.0,41717106.0,155909.0,6420.0,45.5,2.7,2838355.0,379246.4
eht-imaging_pipeline_ID0000003,None,compute,0,1714530075.0,,,1714530080.0,1714530095.0,1714530111.0,130371164.5,1714530094.0,1714530195.0,1714530185.0,1714530189.0,173202.0,1714530195.0,1714530200.0,5.0,,14.0,101.0,5.0,16.0,1152899470.0,4.0,553659.0,poseidon,condorpool,poseidon-worker-2-container-40-43,eht-imaging_pipeline,/srv/eht-imaging_pipeline,,71.2,0,0,0.1,297772856.0,39904720.0,147852.0,6186.0,55.5,2.9,2290560.4,306959.4
eht-imaging_pipeline_ID0000005,cpu_2,compute,0,1714530075.0,,,1714530080.0,1714530095.0,1714530111.0,130525193.2,1714530094.0,1714530170.0,1714530160.0,1714530163.0,159711.0,1714530170.0,1714530175.0,5.0,,14.0,76.0,5.0,16.0,1151830990.0,3.0,512010.0,poseidon,condorpool,poseidon-worker-1-container-44-47,eht-imaging_pipeline,/srv/eht-imaging_pipeline,,42.5,0,0,0.1,312288589.0,46474656.0,139458.0,5475.0,32.2,2.5,3903607.4,580933.2
eht-imaging_pipeline_ID0000007,cpu_2,compute,0,1714530075.0,,,1714530080.0,1714530096.0,1714530112.0,130813640.5,1714530095.0,1714530190.0,1714530178.0,1714530181.0,173745.0,1714530190.0,1714530195.0,5.0,,15.0,95.0,5.0,16.0,1152715150.0,3.0,546081.0,poseidon,condorpool,poseidon-worker-1-container-32-35,eht-imaging_pipeline,/srv/eht-imaging_pipeline,,61.4,0,0,0.1,342363459.0,46980694.0,170568.0,7278.0,49.9,2.7,2853028.8,391505.8
eht-imaging_postprocessing_ID0000006,cpu_2,compute,0,1714530175.0,,,1714530180.0,1714530181.0,1714530197.0,125352471.4,1714530180.0,1714530220.0,1714530208.0,1714530211.0,59848.0,1714530220.0,1714530225.0,5.0,,0.0,40.0,5.0,16.0,1151392645.0,3.0,192674.0,poseidon,condorpool,poseidon-worker-1-container-44-47,eht-imaging_postprocessing,/srv/eht-imaging_postprocessing,,5.3,0,0,0.0,58693884.0,61625.0,28670.0,13.0,3.4,1.5,5869388.4,6162.5
eht-imaging_postprocessing_ID0000002,cpu_2,compute,0,1714530190.0,,,1714530195.0,1714530197.0,1714530214.0,125642562.7,1714530197.0,1714530235.0,1714530224.0,1714530227.0,57084.0,1714530235.0,1714530240.0,5.0,,2.0,38.0,5.0,17.0,1151392645.0,3.0,179912.0,poseidon,condorpool,poseidon-worker-1-container-32-35,eht-imaging_postprocessing,/srv/eht-imaging_postprocessing,,5.0,0,0,0.1,58793416.0,233743.0,28682.0,17.0,3.4,1.5,5879341.6,23374.3
eht-imaging_postprocessing_ID0000008,cpu_2,compute,0,1714530195.0,,,1714530200.0,1714530201.0,1714530217.0,130465077.8,1714530200.0,1714530240.0,1714530227.0,1714530230.0,61608.0,1714530240.0,1714530245.0,5.0,,0.0,40.0,5.0,16.0,1151392645.0,3.0,190041.0,poseidon,condorpool,poseidon-worker-1-container-40-43,eht-imaging_postprocessing,/srv/eht-imaging_postprocessing,,5.0,0,0,0.1,58793416.0,243872.0,28682.0,17.0,3.4,1.5,5879341.6,24387.2
eht-imaging_postprocessing_ID0000004,None,compute,0,1714530200.0,,,1714530205.0,1714530206.0,1714530222.0,126511818.5,1714530205.0,1714530245.0,1714530232.0,1714530235.0,57779.0,1714530245.0,1714530250.0,5.0,,0.0,40.0,5.0,16.0,1151392645.0,3.0,179453.0,poseidon,condorpool,poseidon-worker-2-container-40-43,eht-imaging_postprocessing,/srv/eht-imaging_postprocessing,,5.0,0,0,0.1,58798893.0,233284.0,28694.0,17.0,3.5,1.4,5879889.3,23328.4
stage_out_local_condorpool_0_0,None,transfer,0,1714530200.0,,,1714530205.0,,,0.0,1714530207.0,1714530220.0,1714530208.0,1714530212.0,529110.0,1714530220.0,1714530225.0,5.0,,2.0,13.0,5.0,,,4.0,2132799.0,poseidon,local,poseidon-submit,pegasus::transfer,/mnt/poseidon-data/poseidon/pegasus-5.1.0panorama/bin/pegasus-transfer,/home/poseidon/pegasus-5.1.0panorama/bin/../bin/pegasus-kickstart  -n pegasus::transfer -N null -i - -R local  -L eht-imaging -T 2024-04-11T00:03:48+00:00 /home/poseidon/pegasus-5.1.0panorama/bin/../bin/pegasus-transfer  --threads 2,1.2,0,0,,,,,,,,,
stage_out_local_condorpool_1_0,None,transfer,0,1714530250.0,,,1714530255.0,,,0.0,1714530255.0,1714530265.0,1714530256.0,1714530260.0,184035.0,1714530265.0,1714530270.0,5.0,,0.0,10.0,5.0,,,4.0,742080.0,poseidon,local,poseidon-submit,pegasus::transfer,/mnt/poseidon-data/poseidon/pegasus-5.1.0panorama/bin/pegasus-transfer,/home/poseidon/pegasus-5.1.0panorama/bin/../bin/pegasus-kickstart  -n pegasus::transfer -N null -i - -R local  -L eht-imaging -T 2024-04-11T00:03:48+00:00 /home/poseidon/pegasus-5.1.0panorama/bin/../bin/pegasus-transfer  --threads 2,0.6,0,0,,,,,,,,,
cleanup_eht-imaging_0_condorpool,None,auxiliary,0,1714530270.0,,,1714530275.0,,,0.0,1714530275.0,1714530285.0,,,0.0,1714530285.0,1714530290.0,5.0,,0.0,10.0,5.0,,,,,poseidon,local,poseidon-submit,pegasus::cleanup,/mnt/poseidon-data/poseidon/pegasus-5.1.0panorama/bin/pegasus-transfer,pegasus-kickstart  -n pegasus::cleanup -N null -i - -R local  -L eht-imaging -T 2024-04-11T00:03:48+00:00 pegasus-transfer,0.2,0,0,,,,,,,,,
