,anomaly_type,type,is_clustered,ready,pre_script_start,pre_script_end,submit,stage_in_start,stage_in_end,stage_in_effective_bytes_per_sec,execute_start,execute_end,stage_out_start,stage_out_end,stage_out_effective_bytes_per_sec,post_script_start,post_script_end,wms_delay,pre_script_delay,queue_delay,runtime,post_script_delay,stage_in_delay,stage_in_bytes,stage_out_delay,stage_out_bytes,kickstart_user,kickstart_site,kickstart_hostname,kickstart_transformations,kickstart_executables,kickstart_executables_argv,kickstart_executables_cpu_time,kickstart_status,kickstart_executables_exitcode,kickstart_online_iowait,kickstart_online_bytes_read,kickstart_online_bytes_written,kickstart_online_read_system_calls,kickstart_online_write_system_calls,kickstart_online_utime,kickstart_online_stime,kickstart_online_bytes_read_per_second,kickstart_online_bytes_written_per_second
create_dir_eht-imaging_0_condorpool,None,auxiliary,0,1714566093.0,,,1714566094.0,,,0.0,1714566098.0,1714566104.0,,,0.0,1714566104.0,1714566109.0,1.0,,4.0,6.0,5.0,,,,,poseidon,local,poseidon-submit,pegasus::dirmanager,/mnt/poseidon-data/poseidon/pegasus-5.1.0panorama/bin/pegasus-transfer,pegasus-kickstart  -n pegasus::dirmanager -N null -i - -R local  -L eht-imaging -T 2024-04-11T00:03:48+00:00 pegasus-transfer,0.3,0,0,,,,,,,,,
eht-imaging_pipeline_ID0000001,None,compute,0,1714566109.0,,,1714566115.0,1714566134.0,1714566150.0,128585551.8,1714566133.0,1714566225.0,1714566213.0,1714566216.0,161512.0,1714566225.0,1714566230.0,6.0,,18.0,92.0,5.0,16.0,1152496270.0,3.0,521049.0,poseidon,condorpool,poseidon-worker-2-container-32-35,eht-imaging_pipeline,/srv/eht-imaging_pipeline,,58.5,0,0,0.0,314992921.0,41757391.0,157569.0,6519.0,45.0,3.3,2863572.0,379612.6
eht-imaging_pipeline_ID0000003,cpu_3,compute,0,1714566109.0,,,1714566115.0,1714566134.0,1714566150.0,130824811.2,1714566133.0,1714566240.0,1714566228.0,1714566231.0,175008.0,1714566240.0,1714566245.0,6.0,,18.0,107.0,5.0,16.0,1152899470.0,3.0,553659.0,poseidon,condorpool,poseidon-worker-2-container-44-47,eht-imaging_pipeline,/srv/eht-imaging_pipeline,,70.7,0,0,0.1,346941782.0,40281281.0,166089.0,7141.0,58.4,2.6,2478155.6,287723.4
eht-imaging_pipeline_ID0000005,None,compute,0,1714566109.0,,,1714566115.0,1714566134.0,1714566150.0,130892231.0,1714566133.0,1714566210.0,1714566199.0,1714566202.0,158620.0,1714566210.0,1714566215.0,6.0,,18.0,77.0,5.0,16.0,1151830990.0,3.0,512010.0,poseidon,condorpool,poseidon-worker-1-container-40-43,eht-imaging_pipeline,/srv/eht-imaging_pipeline,,43.7,0,0,0.1,291359350.0,46483999.0,140039.0,5504.0,31.4,2.9,3641991.9,581050.0
eht-imaging_pipeline_ID0000007,None,compute,0,1714566109.0,,,1714566115.0,1714566134.0,1714566150.0,127892805.1,1714566133.0,1714566230.0,1714566219.0,1714566222.0,171750.0,1714566230.0,1714566235.0,6.0,,18.0,97.0,5.0,16.0,1152715150.0,3.0,546081.0,poseidon,condorpool,poseidon-worker-2-container-12-15,eht-imaging_pipeline,/srv/eht-imaging_pipeline,,64.6,0,0,0.0,316640877.0,46672384.0,155536.0,6485.0,49.8,3.4,2638674.0,388936.5
eht-imaging_postprocessing_ID0000006,None,compute,0,1714566215.0,,,1714566220.0,1714566221.0,1714566237.0,130886114.0,1714566220.0,1714566260.0,1714566248.0,1714566251.0,60569.0,1714566260.0,1714566265.0,5.0,,0.0,40.0,5.0,16.0,1151392645.0,3.0,192674.0,poseidon,condorpool,poseidon-worker-1-container-40-43,eht-imaging_postprocessing,/srv/eht-imaging_postprocessing,,5.2,0,0,0.0,58693878.0,61625.0,28669.0,13.0,3.2,1.7,5869387.8,6162.5
eht-imaging_postprocessing_ID0000002,None,compute,0,1714566230.0,,,1714566235.0,1714566236.0,1714566253.0,128589998.0,1714566236.0,1714566275.0,1714566263.0,1714566266.0,56650.0,1714566275.0,1714566280.0,5.0,,1.0,39.0,5.0,17.0,1151392645.0,3.0,179912.0,poseidon,condorpool,poseidon-worker-2-container-12-15,eht-imaging_postprocessing,/srv/eht-imaging_postprocessing,,5.2,0,0,0.1,58697997.0,61620.0,28678.0,13.0,3.3,1.6,5869799.7,6162.0
eht-imaging_postprocessing_ID0000008,cpu_3,compute,0,1714566235.0,,,1714566240.0,1714566242.0,1714566258.0,130495547.8,1714566241.0,1714566280.0,1714566268.0,1714566271.0,61392.0,1714566280.0,1714566285.0,5.0,,1.0,39.0,5.0,16.0,1151392645.0,3.0,190041.0,poseidon,condorpool,poseidon-worker-2-container-44-47,eht-imaging_postprocessing,/srv/eht-imaging_postprocessing,,5.0,0,0,0.1,58794691.0,243872.0,28685.0,17.0,3.5,1.4,5879469.1,24387.2
eht-imaging_postprocessing_ID0000004,None,compute,0,1714566245.0,,,1714566250.0,1714566251.0,1714566267.0,126627031.5,1714566250.0,1714566290.0,1714566277.0,1714566280.0,57831.0,1714566290.0,1714566295.0,5.0,,0.0,40.0,5.0,16.0,1151392645.0,3.0,179453.0,poseidon,condorpool,poseidon-worker-2-container-32-35,eht-imaging_postprocessing,/srv/eht-imaging_postprocessing,,4.9,0,0,0.1,58793414.0,233284.0,28681.0,17.0,3.5,1.4,5879341.4,23328.4
stage_out_local_condorpool_0_0,None,transfer,0,1714566245.0,,,1714566250.0,,,0.0,1714566250.0,1714566260.0,1714566250.0,1714566254.0,528920.0,1714566260.0,1714566265.0,5.0,,0.0,10.0,5.0,,,4.0,2132799.0,poseidon,local,poseidon-submit,pegasus::transfer,/mnt/poseidon-data/poseidon/pegasus-5.1.0panorama/bin/pegasus-transfer,/home/poseidon/pegasus-5.1.0panorama/bin/../bin/pegasus-kickstart  -n pegasus::transfer -N null -i - -R local  -L eht-imaging -T 2024-04-11T00:03:48+00:00 /home/poseidon/pegasus-5.1.0panorama/bin/../bin/pegasus-transfer  --threads 2,1.3,0,0,,,,,,,,,
stage_out_local_condorpool_1_0,None,transfer,0,1714566295.0,,,1714566300.0,,,0.0,1714566301.0,1714566310.0,1714566301.0,1714566305.0,184032.0,1714566310.0,1714566315.0,5.0,,1.0,9.0,5.0,,,4.0,742080.0,poseidon,local,poseidon-submit,pegasus::transfer,/mnt/poseidon-data/poseidon/pegasus-5.1.0panorama/bin/pegasus-transfer,/home/poseidon/pegasus-5.1.0panorama/bin/../bin/pegasus-kickstart  -n pegasus::transfer -N null -i - -R local  -L eht-imaging -T 2024-04-11T00:03:48+00:00 /home/poseidon/pegasus-5.1.0panorama/bin/../bin/pegasus-transfer  --threads 2,0.6,0,0,,,,,,,,,
cleanup_eht-imaging_0_condorpool,None,auxiliary,0,1714566315.0,,,1714566320.0,,,0.0,1714566320.0,1714566330.0,,,0.0,1714566330.0,1714566335.0,5.0,,0.0,10.0,5.0,,,,,poseidon,local,poseidon-submit,pegasus::cleanup,/mnt/poseidon-data/poseidon/pegasus-5.1.0panorama/bin/pegasus-transfer,pegasus-kickstart  -n pegasus::cleanup -N null -i - -R local  -L eht-imaging -T 2024-04-11T00:03:48+00:00 pegasus-transfer,0.3,0,0,,,,,,,,,
