,anomaly_type,type,is_clustered,ready,pre_script_start,pre_script_end,submit,stage_in_start,stage_in_end,stage_in_effective_bytes_per_sec,execute_start,execute_end,stage_out_start,stage_out_end,stage_out_effective_bytes_per_sec,post_script_start,post_script_end,wms_delay,pre_script_delay,queue_delay,runtime,post_script_delay,stage_in_delay,stage_in_bytes,stage_out_delay,stage_out_bytes,kickstart_user,kickstart_site,kickstart_hostname,kickstart_transformations,kickstart_executables,kickstart_executables_argv,kickstart_executables_cpu_time,kickstart_status,kickstart_executables_exitcode,kickstart_online_iowait,kickstart_online_bytes_read,kickstart_online_bytes_written,kickstart_online_read_system_calls,kickstart_online_write_system_calls,kickstart_online_utime,kickstart_online_stime,kickstart_online_bytes_read_per_second,kickstart_online_bytes_written_per_second
create_dir_predict-future-sales_0_local,None,auxiliary,0,1677836757.0,,,1677836758.0,,,0.0,1677836762.0,1677836768.0,,,0.0,1677836768.0,1677836773.0,1.0,,4.0,6.0,5.0,,,,,poseidon,local,host-10-100-100-12.openstacklocal,pegasus::dirmanager,/home/poseidon/pegasus-5.1.0panorama/bin/pegasus-transfer,pegasus-kickstart  -n pegasus::dirmanager -N null -i - -R local  -L predict-future-sales -T 2023-02-17T19:59:06+00:00 pegasus-transfer,0.3,0,0,,,,,,,,,
create_dir_predict-future-sales_0_condorpool,None,auxiliary,0,1677836757.0,,,1677836758.0,,,0.0,1677836762.0,1677836768.0,,,0.0,1677836768.0,1677836773.0,1.0,,4.0,6.0,5.0,,,,,poseidon,local,host-10-100-100-12.openstacklocal,pegasus::dirmanager,/home/poseidon/pegasus-5.1.0panorama/bin/pegasus-transfer,pegasus-kickstart  -n pegasus::dirmanager -N null -i - -R local  -L predict-future-sales -T 2023-02-17T19:59:06+00:00 pegasus-transfer,0.3,0,0,,,,,,,,,
stage_in_local_local_4_0,None,transfer,0,1677836773.0,,,1677836778.0,1677836779.0,1677836781.0,5888.0,1677836778.0,1677836788.0,,,0.0,1677836788.0,1677836793.0,5.0,,0.0,10.0,5.0,2.0,12577.0,,,poseidon,local,host-10-100-100-12.openstacklocal,pegasus::transfer,/home/poseidon/pegasus-5.1.0panorama/bin/pegasus-transfer,pegasus-kickstart  -n pegasus::transfer -N null -i - -R local  -L predict-future-sales -T 2023-02-17T19:59:06+00:00 pegasus-transfer  --threads 2,0.4,0,0,,,,,,,,,
stage_in_local_condorpool_8_0,None,transfer,0,1677836773.0,,,1677836778.0,1677836779.0,1677836782.0,665.0,1677836778.0,1677836788.0,,,0.0,1677836788.0,1677836793.0,5.0,,0.0,10.0,5.0,3.0,2368.0,,,poseidon,local,host-10-100-100-12.openstacklocal,pegasus::transfer,/home/poseidon/pegasus-5.1.0panorama/bin/pegasus-transfer,pegasus-kickstart  -n pegasus::transfer -N null -i - -R local  -L predict-future-sales -T 2023-02-17T19:59:06+00:00 pegasus-transfer  --threads 2,0.4,0,0,,,,,,,,,
stage_in_local_condorpool_3_0,None,transfer,0,1677836773.0,,,1677836778.0,1677836779.0,1677836783.0,3001.0,1677836778.0,1677836788.0,,,0.0,1677836788.0,1677836793.0,5.0,,0.0,10.0,5.0,4.0,12704.0,,,poseidon,local,host-10-100-100-12.openstacklocal,pegasus::transfer,/home/poseidon/pegasus-5.1.0panorama/bin/pegasus-transfer,pegasus-kickstart  -n pegasus::transfer -N null -i - -R local  -L predict-future-sales -T 2023-02-17T19:59:06+00:00 pegasus-transfer  --threads 2,0.6,0,0,,,,,,,,,
stage_in_local_condorpool_2_0,None,transfer,0,1677836773.0,,,1677836778.0,1677836779.0,1677836785.0,9821.0,1677836778.0,1677836793.0,,,0.0,1677836793.0,1677836798.0,5.0,,0.0,15.0,5.0,6.0,55480.0,,,poseidon,local,host-10-100-100-12.openstacklocal,pegasus::transfer,/home/poseidon/pegasus-5.1.0panorama/bin/pegasus-transfer,pegasus-kickstart  -n pegasus::transfer -N null -i - -R local  -L predict-future-sales -T 2023-02-17T19:59:06+00:00 pegasus-transfer  --threads 2,1.0,0,0,,,,,,,,,
stage_in_local_condorpool_1_0,None,transfer,0,1677836773.0,,,1677836778.0,1677836779.0,1677836783.0,3619.0,1677836779.0,1677836788.0,,,0.0,1677836788.0,1677836793.0,5.0,,1.0,9.0,5.0,4.0,15640.0,,,poseidon,local,host-10-100-100-12.openstacklocal,pegasus::transfer,/home/poseidon/pegasus-5.1.0panorama/bin/pegasus-transfer,pegasus-kickstart  -n pegasus::transfer -N null -i - -R local  -L predict-future-sales -T 2023-02-17T19:59:06+00:00 pegasus-transfer  --threads 2,0.6,0,0,,,,,,,,,
stage_in_local_condorpool_0_0,None,transfer,0,1677836773.0,,,1677836778.0,1677836779.0,1677836789.0,96305627.0,1677836779.0,1677836798.0,,,0.0,1677836798.0,1677836803.0,5.0,,1.0,19.0,5.0,10.0,936801734.0,,,poseidon,local,host-10-100-100-12.openstacklocal,pegasus::transfer,/home/poseidon/pegasus-5.1.0panorama/bin/pegasus-transfer,pegasus-kickstart  -n pegasus::transfer -N null -i - -R local  -L predict-future-sales -T 2023-02-17T19:59:06+00:00 pegasus-transfer  --threads 2,5.7,0,0,,,,,,,,,
stage_in_local_condorpool_7_0,None,transfer,0,1677836773.0,,,1677836778.0,1677836779.0,1677836783.0,983.0,1677836779.0,1677836788.0,,,0.0,1677836788.0,1677836793.0,5.0,,1.0,9.0,5.0,4.0,3488.0,,,poseidon,local,host-10-100-100-12.openstacklocal,pegasus::transfer,/home/poseidon/pegasus-5.1.0panorama/bin/pegasus-transfer,pegasus-kickstart  -n pegasus::transfer -N null -i - -R local  -L predict-future-sales -T 2023-02-17T19:59:06+00:00 pegasus-transfer  --threads 2,0.4,0,0,,,,,,,,,
stage_in_local_condorpool_6_0,None,transfer,0,1677836773.0,,,1677836778.0,1677836779.0,1677836783.0,2220.0,1677836779.0,1677836788.0,,,0.0,1677836788.0,1677836793.0,5.0,,1.0,9.0,5.0,4.0,7870.0,,,poseidon,local,host-10-100-100-12.openstacklocal,pegasus::transfer,/home/poseidon/pegasus-5.1.0panorama/bin/pegasus-transfer,pegasus-kickstart  -n pegasus::transfer -N null -i - -R local  -L predict-future-sales -T 2023-02-17T19:59:06+00:00 pegasus-transfer  --threads 2,0.5,0,0,,,,,,,,,
preprocess_ID0000003,None,compute,0,1677836803.0,,,1677836808.0,1677836760.0,1677836780.0,42609885.6,1677836812.0,1677836858.0,1677836792.0,1677836799.0,22078982.0,1677836858.0,1677836863.0,5.0,,4.0,46.0,5.0,20.0,467356066.0,7.0,160257914.0,poseidon,condorpool,poseidon-worker-3-container-32-39,preprocess,/srv/preprocess,,4.6,0,0,,,,,,,,,
nlp_ID0000002,None,compute,0,1677836803.0,,,1677836808.0,1677836760.0,1677836777.0,41695104.8,1677836812.0,1677837073.0,1677837008.0,1677837012.0,579341.0,1677837073.0,1677837078.0,5.0,,4.0,261.0,5.0,17.0,369033604.0,4.0,2755872.0,poseidon,condorpool,poseidon-worker-1-container-32-39,nlp,/srv/nlp,,1366.3,0,0,0.1,21396990.0,8791.0,3046.0,5.0,1342.0,2.4,97259.0,879.1
eda_ID0000001,None,compute,0,1677836803.0,,,1677836808.0,1677836760.0,1677836778.0,45148939.7,1677836812.0,1677836883.0,1677836819.0,1677836824.0,271383.0,1677836883.0,1677836888.0,5.0,,4.0,71.0,5.0,18.0,464177772.0,5.0,1193501.0,poseidon,condorpool,poseidon-worker-3-container-0-7,eda,/srv/eda,,34.4,0,0,0.0,144952903.0,846917.0,27580.0,40.0,28.0,2.0,4831763.4,28230.6
feature_eng_1_ID0000005,None,compute,0,1677836863.0,,,1677836868.0,1677836819.0,1677836841.0,39413974.0,1677836870.0,1677836938.0,1677836866.0,1677836876.0,36024879.0,1677836938.0,1677836943.0,5.0,,2.0,68.0,5.0,22.0,528250191.0,10.0,393324463.0,poseidon,condorpool,poseidon-worker-3-container-32-39,feature_eng_1,/srv/feature_eng_1,,16.1,0,0,0.0,169638514.0,8.0,1787.0,1.0,7.8,2.1,16963851.4,0.8
feature_eng_0_ID0000004,None,compute,0,1677836863.0,,,1677836868.0,1677836818.0,1677836837.0,36943566.2,1677836870.0,1677836913.0,1677836848.0,1677836852.0,198475.0,1677836913.0,1677836918.0,5.0,,2.0,43.0,5.0,19.0,369949088.0,4.0,893320.0,poseidon,condorpool,poseidon-worker-3-container-32-39,feature_eng_0,/srv/feature_eng_0,,5.1,0,0,,,,,,,,,
feature_eng_5_ID0000009,None,compute,0,1677836943.0,,,1677836948.0,1677836899.0,1677836930.0,37053561.0,1677836950.0,1677837243.0,1677837166.0,1677837181.0,43120801.0,1677837243.0,1677837248.0,5.0,,2.0,293.0,5.0,31.0,856820455.0,15.0,655540227.0,poseidon,condorpool,poseidon-worker-3-container-32-39,feature_eng_5,/srv/feature_eng_5,,225.9,0,0,0.0,498324889.0,8.0,2093.0,1.0,199.4,20.5,2265113.1,0.8
stage_out_local_condorpool_1_0,None,transfer,0,1677836943.0,,,1677836948.0,,,0.0,1677836948.0,1677836958.0,1677836948.0,1677836953.0,92190961.0,1677836958.0,1677836963.0,5.0,,0.0,10.0,5.0,,,5.0,394217783.0,poseidon,local,host-10-100-100-12.openstacklocal,pegasus::transfer,/home/poseidon/pegasus-5.1.0panorama/bin/pegasus-transfer,pegasus-kickstart  -n pegasus::transfer -N null -i - -R local  -L predict-future-sales -T 2023-02-17T19:59:06+00:00 pegasus-transfer  --threads 2,2.1,0,0,,,,,,,,,
feature_eng_3_ID0000007,None,compute,0,1677836943.0,,,1677836948.0,1677836898.0,1677836920.0,54296505.1,1677836950.0,1677837123.0,1677837038.0,1677837062.0,49120701.0,1677837123.0,1677837128.0,5.0,,2.0,173.0,5.0,22.0,762217561.0,24.0,1179971921.0,poseidon,condorpool,poseidon-worker-3-container-0-7,feature_eng_3,/srv/feature_eng_3,,105.8,0,0,0.0,403616435.0,8.0,1418.0,1.0,68.3,31.7,4036164.4,0.8
feature_eng_4_ID0000008,None,compute,0,1677836943.0,,,1677836948.0,1677836898.0,1677836922.0,48532447.3,1677836950.0,1677837073.0,1677836988.0,1677837012.0,49332597.0,1677837073.0,1677837078.0,5.0,,2.0,123.0,5.0,24.0,761328752.0,24.0,1201824259.0,poseidon,condorpool,poseidon-worker-3-container-32-39,feature_eng_4,/srv/feature_eng_4,,54.0,0,0,0.0,402766558.0,8.0,1461.0,1.0,37.2,12.7,8055331.2,0.8
feature_eng_2_ID0000006,None,compute,0,1677836943.0,,,1677836948.0,1677836899.0,1677836925.0,41138366.0,1677836950.0,1677837323.0,1677837228.0,1677837261.0,52403261.0,1677837323.0,1677837328.0,5.0,,2.0,373.0,5.0,26.0,761320658.0,33.0,1748107178.0,poseidon,condorpool,poseidon-worker-3-container-32-39,feature_eng_2,/srv/feature_eng_2,,288.3,0,0,0.0,402839150.0,8.0,1796.0,1.0,213.5,66.5,1438711.3,0.8
register_condorpool_1_0,None,auxiliary,0,1677836963.0,,,1677836968.0,,,0.0,1677836968.0,1677836973.0,,,0.0,1677836973.0,1677836978.0,5.0,,0.0,5.0,5.0,,,,,poseidon,local,host-10-100-100-12.openstacklocal,pegasus::rc-client,/home/poseidon/pegasus-5.1.0panorama/bin/pegasus-rc-client,"pegasus-kickstart  -n pegasus::rc-client -N null -R local  -L predict-future-sales -T 2023-02-17T19:59:06+00:00 /home/poseidon/pegasus-5.1.0panorama/bin/pegasus-rc-client --prefix pegasus.catalog.replica.output --conf /home/poseidon/workflows/predict-future-sales-workflow/submit/poseidon/pegasus/predict-future-sales/run0391/pegasus.4389796742038468842.properties -v --meta /home/poseidon/workflows/predict-future-sales-workflow/submit/poseidon/pegasus/predict-future-sales/run0391/00/00/feature_eng_1_ID0000005.meta,/home/poseidon/workflows/predict-future-sales-workflow/submit/poseidon/pegasus/predict-future-sales/run0391/00/00/feature_eng_0_ID0000004.meta --insert /home/poseidon/workflows/predict-future-sales-workflow/submit/poseidon/pegasus/predict-future-sales/run0391/00/00/register_condorpool_1_0.in",3.0,0,0,,,,,,,,,
stage_out_local_condorpool_0_0,None,transfer,0,1677837078.0,,,1677837083.0,,,0.0,1677837083.0,1677837093.0,1677837083.0,1677837087.0,40767324.0,1677837093.0,1677837098.0,5.0,,0.0,10.0,5.0,,,4.0,164207287.0,poseidon,local,host-10-100-100-12.openstacklocal,pegasus::transfer,/home/poseidon/pegasus-5.1.0panorama/bin/pegasus-transfer,pegasus-kickstart  -n pegasus::transfer -N null -i - -R local  -L predict-future-sales -T 2023-02-17T19:59:06+00:00 pegasus-transfer  --threads 2,2.0,0,0,,,,,,,,,
register_condorpool_0_0,None,auxiliary,0,1677837098.0,,,1677837103.0,,,0.0,1677837103.0,1677837108.0,,,0.0,1677837108.0,1677837113.0,5.0,,0.0,5.0,5.0,,,,,poseidon,local,host-10-100-100-12.openstacklocal,pegasus::rc-client,/home/poseidon/pegasus-5.1.0panorama/bin/pegasus-rc-client,"pegasus-kickstart  -n pegasus::rc-client -N null -R local  -L predict-future-sales -T 2023-02-17T19:59:06+00:00 /home/poseidon/pegasus-5.1.0panorama/bin/pegasus-rc-client --prefix pegasus.catalog.replica.output --conf /home/poseidon/workflows/predict-future-sales-workflow/submit/poseidon/pegasus/predict-future-sales/run0391/pegasus.4389796742038468842.properties -v --meta /home/poseidon/workflows/predict-future-sales-workflow/submit/poseidon/pegasus/predict-future-sales/run0391/00/00/nlp_ID0000002.meta,/home/poseidon/workflows/predict-future-sales-workflow/submit/poseidon/pegasus/predict-future-sales/run0391/00/00/eda_ID0000001.meta,/home/poseidon/workflows/predict-future-sales-workflow/submit/poseidon/pegasus/predict-future-sales/run0391/00/00/preprocess_ID0000003.meta --insert /home/poseidon/workflows/predict-future-sales-workflow/submit/poseidon/pegasus/predict-future-sales/run0391/00/00/register_condorpool_0_0.in",3.0,0,0,,,,,,,,,
stage_out_local_condorpool_2_0,None,transfer,0,1677837328.0,,,1677837333.0,,,0.0,1677837333.0,1677837358.0,1677837333.0,1677837353.0,249598670.0,1677837358.0,1677837363.0,5.0,,0.0,25.0,5.0,,,20.0,4785443585.0,poseidon,local,host-10-100-100-12.openstacklocal,pegasus::transfer,/home/poseidon/pegasus-5.1.0panorama/bin/pegasus-transfer,pegasus-kickstart  -n pegasus::transfer -N null -i - -R local  -L predict-future-sales -T 2023-02-17T19:59:06+00:00 pegasus-transfer  --threads 2,20.8,0,0,,,,,,,,,
feature_merge_ID0000010,None,compute,0,1677837328.0,,,1677837333.0,1677837283.0,1677837358.0,78067284.8,1677837335.0,1677837563.0,1677837447.0,1677837502.0,54757377.0,1677837563.0,1677837568.0,5.0,,2.0,228.0,5.0,75.0,5155397110.0,55.0,2993643458.0,poseidon,condorpool,poseidon-worker-3-container-32-39,feature_merge,/srv/feature_merge,,60.2,0,0,0.0,4796859794.0,2600318202.0,1452.0,87.0,38.1,21.8,79947663.2,130015910.1
register_condorpool_2_0,None,auxiliary,0,1677837363.0,,,1677837368.0,,,0.0,1677837368.0,1677837373.0,,,0.0,1677837373.0,1677837378.0,5.0,,0.0,5.0,5.0,,,,,poseidon,local,host-10-100-100-12.openstacklocal,pegasus::rc-client,/home/poseidon/pegasus-5.1.0panorama/bin/pegasus-rc-client,"pegasus-kickstart  -n pegasus::rc-client -N null -R local  -L predict-future-sales -T 2023-02-17T19:59:06+00:00 /home/poseidon/pegasus-5.1.0panorama/bin/pegasus-rc-client --prefix pegasus.catalog.replica.output --conf /home/poseidon/workflows/predict-future-sales-workflow/submit/poseidon/pegasus/predict-future-sales/run0391/pegasus.4389796742038468842.properties -v --meta /home/poseidon/workflows/predict-future-sales-workflow/submit/poseidon/pegasus/predict-future-sales/run0391/00/00/feature_eng_5_ID0000009.meta,/home/poseidon/workflows/predict-future-sales-workflow/submit/poseidon/pegasus/predict-future-sales/run0391/00/00/feature_eng_2_ID0000006.meta,/home/poseidon/workflows/predict-future-sales-workflow/submit/poseidon/pegasus/predict-future-sales/run0391/00/00/feature_eng_3_ID0000007.meta,/home/poseidon/workflows/predict-future-sales-workflow/submit/poseidon/pegasus/predict-future-sales/run0391/00/00/feature_eng_4_ID0000008.meta --insert /home/poseidon/workflows/predict-future-sales-workflow/submit/poseidon/pegasus/predict-future-sales/run0391/00/00/register_condorpool_2_0.in",3.0,0,0,,,,,,,,,
stage_inter_local_xgboost_hp_tuning_workflow_ID0000015_0,None,transfer,0,1677837568.0,,,1677837573.0,1677837574.0,1677837576.0,401.0,1677837573.0,1677837583.0,,,0.0,1677837583.0,1677837588.0,5.0,,0.0,10.0,5.0,2.0,826.0,,,poseidon,local,host-10-100-100-12.openstacklocal,pegasus::transfer,/home/poseidon/pegasus-5.1.0panorama/bin/pegasus-transfer,pegasus-kickstart  -n pegasus::transfer -N null -i - -R local  -L predict-future-sales -T 2023-02-17T19:59:06+00:00 pegasus-transfer  --threads 2,0.3,0,0,,,,,,,,,
stage_inter_local_xgboost_model_ID0000021_0,None,transfer,0,1677837568.0,,,1677837573.0,1677837574.0,1677837607.0,79265937.0,1677837573.0,1677837613.0,,,0.0,1677837613.0,1677837618.0,5.0,,0.0,40.0,5.0,33.0,2646308508.0,,,poseidon,local,host-10-100-100-12.openstacklocal,pegasus::transfer,/home/poseidon/pegasus-5.1.0panorama/bin/pegasus-transfer,pegasus-kickstart  -n pegasus::transfer -N null -i - -R local  -L predict-future-sales -T 2023-02-17T19:59:06+00:00 pegasus-transfer  --threads 2,9.4,0,0,,,,,,,,,
stage_inter_local_model_predict_ID0000022_0,None,transfer,0,1677837568.0,,,1677837573.0,1677837574.0,1677837577.0,14463091.0,1677837573.0,1677837583.0,,,0.0,1677837583.0,1677837588.0,5.0,,0.0,10.0,5.0,3.0,54050130.0,,,poseidon,local,host-10-100-100-12.openstacklocal,pegasus::transfer,/home/poseidon/pegasus-5.1.0panorama/bin/pegasus-transfer,pegasus-kickstart  -n pegasus::transfer -N null -i - -R local  -L predict-future-sales -T 2023-02-17T19:59:06+00:00 pegasus-transfer  --threads 2,0.5,0,0,,,,,,,,,
stage_out_local_condorpool_3_0,None,transfer,0,1677837568.0,,,1677837573.0,,,0.0,1677837573.0,1677837603.0,1677837573.0,1677837597.0,126195129.0,1677837603.0,1677837608.0,5.0,,0.0,30.0,5.0,,,24.0,2993643458.0,poseidon,local,host-10-100-100-12.openstacklocal,pegasus::transfer,/home/poseidon/pegasus-5.1.0panorama/bin/pegasus-transfer,pegasus-kickstart  -n pegasus::transfer -N null -i - -R local  -L predict-future-sales -T 2023-02-17T19:59:06+00:00 pegasus-transfer  --threads 2,14.5,0,0,,,,,,,,,
stage_inter_local_xgboost_model_ID0000013_0,None,transfer,0,1677837568.0,,,1677837573.0,1677837573.0,1677837581.0,35530468.0,1677837573.0,1677837588.0,,,0.0,1677837588.0,1677837593.0,5.0,,0.0,15.0,5.0,8.0,269346726.0,,,poseidon,local,host-10-100-100-12.openstacklocal,pegasus::transfer,/home/poseidon/pegasus-5.1.0panorama/bin/pegasus-transfer,pegasus-kickstart  -n pegasus::transfer -N null -i - -R local  -L predict-future-sales -T 2023-02-17T19:59:06+00:00 pegasus-transfer  --threads 2,1.4,0,0,,,,,,,,,
stage_inter_local_model_predict_ID0000014_0,None,transfer,0,1677837568.0,,,1677837573.0,1677837574.0,1677837577.0,1253102.0,1677837573.0,1677837583.0,,,0.0,1677837583.0,1677837588.0,5.0,,0.0,10.0,5.0,3.0,4411696.0,,,poseidon,local,host-10-100-100-12.openstacklocal,pegasus::transfer,/home/poseidon/pegasus-5.1.0panorama/bin/pegasus-transfer,pegasus-kickstart  -n pegasus::transfer -N null -i - -R local  -L predict-future-sales -T 2023-02-17T19:59:06+00:00 pegasus-transfer  --threads 2,0.4,0,0,,,,,,,,,
xgboost_hp_tuning_workflow_ID0000015,None,compute,0,1677837588.0,,,1677837593.0,,,0.0,1677837593.0,1677837608.0,,,0.0,1677837608.0,1677837613.0,5.0,,0.0,15.0,5.0,,,,,poseidon,local,poseidon-submit.novalocal,xgboost_hp_tuning_workflow,/var/spool/condor/local_univ_execute/dir_2700735/xgboost_hp_tuning_workflow,/home/poseidon/workflows/predict-future-sales-workflow/submit/poseidon/pegasus/predict-future-sales/run0391/00/00/xgboost_hp_tuning_workflow_ID0000015.sh,0.1,0,0,,,,,,,,,
xgboost_hp_tuning_workflow_ID0000011,None,compute,0,1677837588.0,,,1677837593.0,,,0.0,1677837594.0,1677837608.0,,,0.0,1677837608.0,1677837613.0,5.0,,1.0,14.0,5.0,,,,,poseidon,local,poseidon-submit.novalocal,xgboost_hp_tuning_workflow,/var/spool/condor/local_univ_execute/dir_2700743/xgboost_hp_tuning_workflow,/home/poseidon/workflows/predict-future-sales-workflow/submit/poseidon/pegasus/predict-future-sales/run0391/00/00/xgboost_hp_tuning_workflow_ID0000011.sh,0.1,0,0,,,,,,,,,
xgboost_hp_tuning_workflow_ID0000019,None,compute,0,1677837588.0,,,1677837593.0,,,0.0,1677837594.0,1677837608.0,,,0.0,1677837608.0,1677837613.0,5.0,,1.0,14.0,5.0,,,,,poseidon,local,poseidon-submit.novalocal,xgboost_hp_tuning_workflow,/var/spool/condor/local_univ_execute/dir_2700751/xgboost_hp_tuning_workflow,/home/poseidon/workflows/predict-future-sales-workflow/submit/poseidon/pegasus/predict-future-sales/run0391/00/00/xgboost_hp_tuning_workflow_ID0000019.sh,0.1,0,0,,,,,,,,,
register_condorpool_3_0,None,auxiliary,0,1677837608.0,,,1677837613.0,,,0.0,1677837613.0,1677837618.0,,,0.0,1677837618.0,1677837623.0,5.0,,0.0,5.0,5.0,,,,,poseidon,local,host-10-100-100-12.openstacklocal,pegasus::rc-client,/home/poseidon/pegasus-5.1.0panorama/bin/pegasus-rc-client,pegasus-kickstart  -n pegasus::rc-client -N null -R local  -L predict-future-sales -T 2023-02-17T19:59:06+00:00 /home/poseidon/pegasus-5.1.0panorama/bin/pegasus-rc-client --prefix pegasus.catalog.replica.output --conf /home/poseidon/workflows/predict-future-sales-workflow/submit/poseidon/pegasus/predict-future-sales/run0391/pegasus.4389796742038468842.properties -v --meta /home/poseidon/workflows/predict-future-sales-workflow/submit/poseidon/pegasus/predict-future-sales/run0391/00/00/feature_merge_ID0000010.meta --insert /home/poseidon/workflows/predict-future-sales-workflow/submit/poseidon/pegasus/predict-future-sales/run0391/00/00/register_condorpool_3_0.in,2.9,0,0,,,,,,,,,
pegasus-plan_ID0000016,None,subwf,0,1677837613.0,1677837613.0,1677837619.0,1677837623.0,,,0.0,1677837624.0,1677838324.0,,,0.0,,,0.0,6.0,1.0,700.0,,,,,,poseidon,local,poseidon-submit,condor::dagman,/usr/bin/condor_dagman,-p 0  -f -l . -Notification never -Debug 3 -Lockfile xgboost_hp_tuning_group_1.dag.lock -Dag xgboost_hp_tuning_group_1.dag -AllowVersionMismatch  -AutoRescue 1 -DoRescueFrom 0,0.0,0,0,,,,,,,,,
pegasus-plan_ID0000012,None,subwf,0,1677837613.0,1677837613.0,1677837619.0,1677837623.0,,,0.0,1677837624.0,1677838369.0,,,0.0,,,0.0,6.0,1.0,745.0,,,,,,poseidon,local,poseidon-submit,condor::dagman,/usr/bin/condor_dagman,-p 0  -f -l . -Notification never -Debug 3 -Lockfile xgboost_hp_tuning_group_0.dag.lock -Dag xgboost_hp_tuning_group_0.dag -AllowVersionMismatch  -AutoRescue 1 -DoRescueFrom 0,0.0,0,0,,,,,,,,,
stage_out_local_local_4_0,None,transfer,0,1677837613.0,,,1677837618.0,,,0.0,1677837618.0,1677837628.0,1677837618.0,1677837622.0,21070.0,1677837628.0,1677837633.0,5.0,,0.0,10.0,5.0,,,4.0,85038.0,poseidon,local,host-10-100-100-12.openstacklocal,pegasus::transfer,/home/poseidon/pegasus-5.1.0panorama/bin/pegasus-transfer,pegasus-kickstart  -n pegasus::transfer -N null -i - -R local  -L predict-future-sales -T 2023-02-17T19:59:06+00:00 pegasus-transfer  --threads 2,0.6,0,0,,,,,,,,,
pegasus-plan_ID0000020,None,subwf,0,1677837613.0,1677837613.0,1677837619.0,1677837623.0,,,0.0,1677837624.0,1677838764.0,,,0.0,,,0.0,6.0,1.0,1140.0,,,,,,poseidon,local,poseidon-submit,condor::dagman,/usr/bin/condor_dagman,-p 0  -f -l . -Notification never -Debug 3 -Lockfile xgboost_hp_tuning_group_2.dag.lock -Dag xgboost_hp_tuning_group_2.dag -AllowVersionMismatch  -AutoRescue 1 -DoRescueFrom 0,0.0,0,0,,,,,,,,,
create_dir_predict-future-sales-hp-tuning_0_condorpool_pegasus-plan_ID0000016,None,auxiliary,0,1677837624.0,,,1677837625.0,,,0.0,1677837627.0,1677837635.0,,,0.0,1677837635.0,1677837640.0,1.0,,2.0,8.0,5.0,,,,,poseidon,local,host-10-100-100-12.openstacklocal,pegasus::dirmanager,/home/poseidon/pegasus-5.1.0panorama/bin/pegasus-transfer,pegasus-kickstart  -n pegasus::dirmanager -N null -i - -R local  -L xgboost_hp_tuning_group_1 -T 2023-03-03T10:00:16+00:00 pegasus-transfer,0.3,0,0,,,,,,,,,
create_dir_predict-future-sales-hp-tuning_0_condorpool_pegasus-plan_ID0000020,None,auxiliary,0,1677837624.0,,,1677837625.0,,,0.0,1677837627.0,1677837635.0,,,0.0,1677837635.0,1677837640.0,1.0,,2.0,8.0,5.0,,,,,poseidon,local,host-10-100-100-12.openstacklocal,pegasus::dirmanager,/home/poseidon/pegasus-5.1.0panorama/bin/pegasus-transfer,pegasus-kickstart  -n pegasus::dirmanager -N null -i - -R local  -L xgboost_hp_tuning_group_2 -T 2023-03-03T10:00:16+00:00 pegasus-transfer,0.3,0,0,,,,,,,,,
create_dir_predict-future-sales-hp-tuning_0_condorpool_pegasus-plan_ID0000012,None,auxiliary,0,1677837624.0,,,1677837625.0,,,0.0,1677837627.0,1677837635.0,,,0.0,1677837635.0,1677837640.0,1.0,,2.0,8.0,5.0,,,,,poseidon,local,host-10-100-100-12.openstacklocal,pegasus::dirmanager,/home/poseidon/pegasus-5.1.0panorama/bin/pegasus-transfer,pegasus-kickstart  -n pegasus::dirmanager -N null -i - -R local  -L xgboost_hp_tuning_group_0 -T 2023-03-03T10:00:16+00:00 pegasus-transfer,0.3,0,0,,,,,,,,,
register_local_4_0,None,auxiliary,0,1677837633.0,,,1677837638.0,,,0.0,1677837638.0,1677837643.0,,,0.0,1677837643.0,1677837648.0,5.0,,0.0,5.0,5.0,,,,,poseidon,local,host-10-100-100-12.openstacklocal,pegasus::rc-client,/home/poseidon/pegasus-5.1.0panorama/bin/pegasus-rc-client,"pegasus-kickstart  -n pegasus::rc-client -N null -R local  -L predict-future-sales -T 2023-02-17T19:59:06+00:00 /home/poseidon/pegasus-5.1.0panorama/bin/pegasus-rc-client --prefix pegasus.catalog.replica.output --conf /home/poseidon/workflows/predict-future-sales-workflow/submit/poseidon/pegasus/predict-future-sales/run0391/pegasus.4389796742038468842.properties -v --meta /home/poseidon/workflows/predict-future-sales-workflow/submit/poseidon/pegasus/predict-future-sales/run0391/00/00/xgboost_hp_tuning_workflow_ID0000011.meta,/home/poseidon/workflows/predict-future-sales-workflow/submit/poseidon/pegasus/predict-future-sales/run0391/00/00/xgboost_hp_tuning_workflow_ID0000019.meta,/home/poseidon/workflows/predict-future-sales-workflow/submit/poseidon/pegasus/predict-future-sales/run0391/00/00/xgboost_hp_tuning_workflow_ID0000015.meta --insert /home/poseidon/workflows/predict-future-sales-workflow/submit/poseidon/pegasus/predict-future-sales/run0391/00/00/register_local_4_0.in",3.1,0,0,,,,,,,,,
stage_in_local_condorpool_0_0_pegasus-plan_ID0000012,None,transfer,0,1677837640.0,,,1677837645.0,1677837646.0,1677837650.0,2791.0,1677837646.0,1677837660.0,,,0.0,1677837660.0,1677837665.0,5.0,,1.0,14.0,5.0,4.0,12142.0,,,poseidon,local,host-10-100-100-12.openstacklocal,pegasus::transfer,/home/poseidon/pegasus-5.1.0panorama/bin/pegasus-transfer,-n pegasus::transfer -N null -i - -R local  -L xgboost_hp_tuning_group_0 -T 2023-03-03T10:00:16+00:00 /home/poseidon/pegasus-5.1.0panorama/bin/../bin/pegasus-transfer  --threads 2,0.6,0,0,,,,,,,,,
stage_in_local_condorpool_1_0_pegasus-plan_ID0000012,None,transfer,0,1677837640.0,,,1677837645.0,1677837646.0,1677837649.0,805.0,1677837645.0,1677837655.0,,,0.0,1677837655.0,1677837660.0,5.0,,0.0,10.0,5.0,3.0,2874.0,,,poseidon,local,host-10-100-100-12.openstacklocal,pegasus::transfer,/home/poseidon/pegasus-5.1.0panorama/bin/pegasus-transfer,-n pegasus::transfer -N null -i - -R local  -L xgboost_hp_tuning_group_0 -T 2023-03-03T10:00:16+00:00 /home/poseidon/pegasus-5.1.0panorama/bin/../bin/pegasus-transfer  --threads 2,0.5,0,0,,,,,,,,,
stage_in_local_condorpool_0_1_pegasus-plan_ID0000012,None,transfer,0,1677837640.0,,,1677837645.0,1677837646.0,1677837652.0,42861936.0,1677837646.0,1677837660.0,,,0.0,1677837660.0,1677837665.0,5.0,,1.0,14.0,5.0,6.0,269346726.0,,,poseidon,local,host-10-100-100-12.openstacklocal,pegasus::transfer,/home/poseidon/pegasus-5.1.0panorama/bin/pegasus-transfer,-n pegasus::transfer -N null -i - -R local  -L xgboost_hp_tuning_group_0 -T 2023-03-03T10:00:16+00:00 /home/poseidon/pegasus-5.1.0panorama/bin/../bin/pegasus-transfer  --threads 2,1.9,0,0,,,,,,,,,
stage_in_local_condorpool_0_2_pegasus-plan_ID0000012,None,transfer,0,1677837640.0,,,1677837645.0,1677837646.0,1677837657.0,70186300.0,1677837646.0,1677837665.0,,,0.0,1677837665.0,1677837670.0,5.0,,1.0,19.0,5.0,11.0,735985664.0,,,poseidon,local,host-10-100-100-12.openstacklocal,pegasus::transfer,/home/poseidon/pegasus-5.1.0panorama/bin/pegasus-transfer,-n pegasus::transfer -N null -i - -R local  -L xgboost_hp_tuning_group_0 -T 2023-03-03T10:00:16+00:00 /home/poseidon/pegasus-5.1.0panorama/bin/../bin/pegasus-transfer  --threads 2,4.2,0,0,,,,,,,,,
stage_in_local_condorpool_1_0_pegasus-plan_ID0000020,None,transfer,0,1677837640.0,,,1677837645.0,1677837646.0,1677837649.0,821.0,1677837645.0,1677837655.0,,,0.0,1677837655.0,1677837660.0,5.0,,0.0,10.0,5.0,3.0,2874.0,,,poseidon,local,host-10-100-100-12.openstacklocal,pegasus::transfer,/home/poseidon/pegasus-5.1.0panorama/bin/pegasus-transfer,-n pegasus::transfer -N null -i - -R local  -L xgboost_hp_tuning_group_2 -T 2023-03-03T10:00:16+00:00 /home/poseidon/pegasus-5.1.0panorama/bin/../bin/pegasus-transfer  --threads 2,0.5,0,0,,,,,,,,,
stage_in_local_condorpool_0_1_pegasus-plan_ID0000020,None,transfer,0,1677837640.0,,,1677837645.0,1677837646.0,1677837663.0,152286513.0,1677837646.0,1677837670.0,,,0.0,1677837670.0,1677837675.0,5.0,,1.0,24.0,5.0,17.0,2646308508.0,,,poseidon,local,host-10-100-100-12.openstacklocal,pegasus::transfer,/home/poseidon/pegasus-5.1.0panorama/bin/pegasus-transfer,-n pegasus::transfer -N null -i - -R local  -L xgboost_hp_tuning_group_2 -T 2023-03-03T10:00:16+00:00 /home/poseidon/pegasus-5.1.0panorama/bin/../bin/pegasus-transfer  --threads 2,11.8,0,0,,,,,,,,,
stage_in_local_condorpool_0_0_pegasus-plan_ID0000016,None,transfer,0,1677837640.0,,,1677837645.0,1677837646.0,1677837650.0,2768.0,1677837645.0,1677837660.0,,,0.0,1677837660.0,1677837665.0,5.0,,0.0,15.0,5.0,4.0,12142.0,,,poseidon,local,host-10-100-100-12.openstacklocal,pegasus::transfer,/home/poseidon/pegasus-5.1.0panorama/bin/pegasus-transfer,-n pegasus::transfer -N null -i - -R local  -L xgboost_hp_tuning_group_1 -T 2023-03-03T10:00:16+00:00 /home/poseidon/pegasus-5.1.0panorama/bin/../bin/pegasus-transfer  --threads 2,0.6,0,0,,,,,,,,,
stage_in_local_condorpool_1_0_pegasus-plan_ID0000016,None,transfer,0,1677837640.0,,,1677837645.0,1677837646.0,1677837649.0,822.0,1677837645.0,1677837655.0,,,0.0,1677837655.0,1677837660.0,5.0,,0.0,10.0,5.0,3.0,2874.0,,,poseidon,local,host-10-100-100-12.openstacklocal,pegasus::transfer,/home/poseidon/pegasus-5.1.0panorama/bin/pegasus-transfer,-n pegasus::transfer -N null -i - -R local  -L xgboost_hp_tuning_group_1 -T 2023-03-03T10:00:16+00:00 /home/poseidon/pegasus-5.1.0panorama/bin/../bin/pegasus-transfer  --threads 2,0.5,0,0,,,,,,,,,
stage_in_local_condorpool_0_1_pegasus-plan_ID0000016,None,transfer,0,1677837640.0,,,1677837645.0,1677837646.0,1677837650.0,5178746.0,1677837646.0,1677837655.0,,,0.0,1677837655.0,1677837660.0,5.0,,1.0,9.0,5.0,4.0,19294600.0,,,poseidon,local,host-10-100-100-12.openstacklocal,pegasus::transfer,/home/poseidon/pegasus-5.1.0panorama/bin/pegasus-transfer,-n pegasus::transfer -N null -i - -R local  -L xgboost_hp_tuning_group_1 -T 2023-03-03T10:00:16+00:00 /home/poseidon/pegasus-5.1.0panorama/bin/../bin/pegasus-transfer  --threads 2,0.6,0,0,,,,,,,,,
stage_in_local_condorpool_0_0_pegasus-plan_ID0000020,None,transfer,0,1677837640.0,,,1677837645.0,1677837646.0,1677837650.0,2853.0,1677837645.0,1677837655.0,,,0.0,1677837655.0,1677837660.0,5.0,,0.0,10.0,5.0,4.0,12142.0,,,poseidon,local,host-10-100-100-12.openstacklocal,pegasus::transfer,/home/poseidon/pegasus-5.1.0panorama/bin/pegasus-transfer,-n pegasus::transfer -N null -i - -R local  -L xgboost_hp_tuning_group_2 -T 2023-03-03T10:00:16+00:00 /home/poseidon/pegasus-5.1.0panorama/bin/../bin/pegasus-transfer  --threads 2,0.6,0,0,,,,,,,,,
stage_in_local_condorpool_0_2_pegasus-plan_ID0000016,None,transfer,0,1677837640.0,,,1677837645.0,1677837646.0,1677837656.0,71334527.0,1677837646.0,1677837665.0,,,0.0,1677837665.0,1677837670.0,5.0,,1.0,19.0,5.0,10.0,735985664.0,,,poseidon,local,host-10-100-100-12.openstacklocal,pegasus::transfer,/home/poseidon/pegasus-5.1.0panorama/bin/pegasus-transfer,-n pegasus::transfer -N null -i - -R local  -L xgboost_hp_tuning_group_1 -T 2023-03-03T10:00:16+00:00 /home/poseidon/pegasus-5.1.0panorama/bin/../bin/pegasus-transfer  --threads 2,4.3,0,0,,,,,,,,,
stage_in_local_condorpool_0_2_pegasus-plan_ID0000020,None,transfer,0,1677837640.0,,,1677837645.0,1677837646.0,1677837657.0,69863308.0,1677837646.0,1677837665.0,,,0.0,1677837665.0,1677837670.0,5.0,,1.0,19.0,5.0,11.0,735985664.0,,,poseidon,local,host-10-100-100-12.openstacklocal,pegasus::transfer,/home/poseidon/pegasus-5.1.0panorama/bin/pegasus-transfer,-n pegasus::transfer -N null -i - -R local  -L xgboost_hp_tuning_group_2 -T 2023-03-03T10:00:16+00:00 /home/poseidon/pegasus-5.1.0panorama/bin/../bin/pegasus-transfer  --threads 2,4.3,0,0,,,,,,,,,
xgboost_hp_tuning_ID0000020_pegasus-plan_ID0000016,None,compute,0,1677837670.0,,,1677837675.0,1677837746.0,1677837762.0,42658892.5,1677837798.0,1677837926.0,1677837858.0,1677837862.0,251.0,1677837926.0,1677837931.0,5.0,,123.0,128.0,5.0,16.0,377646203.0,4.0,1061.0,poseidon,condorpool,poseidon-worker-3-container-40-47,xgboost_hp_tuning,/srv/xgboost_hp_tuning,,13.9,0,0,,,,,,,,,
xgboost_hp_tuning_ID0000023_pegasus-plan_ID0000012,None,compute,0,1677837670.0,,,1677837675.0,1677837746.0,1677837764.0,46661200.2,1677837798.0,1677837926.0,1677837858.0,1677837862.0,260.0,1677837926.0,1677837931.0,5.0,,123.0,128.0,5.0,18.0,502672266.0,4.0,1089.0,poseidon,condorpool,poseidon-worker-3-container-8-15,xgboost_hp_tuning,/srv/xgboost_hp_tuning,,116.8,0,0,0.1,157970630.0,40.0,3319.0,2.0,104.3,3.9,7898531.5,4.0
xgboost_hp_tuning_ID0000012_pegasus-plan_ID0000012,None,compute,0,1677837670.0,,,1677837675.0,1677837746.0,1677837764.0,46632279.6,1677837798.0,1677837926.0,1677837858.0,1677837862.0,249.0,1677837926.0,1677837931.0,5.0,,123.0,128.0,5.0,18.0,502672266.0,4.0,1051.0,poseidon,condorpool,poseidon-worker-3-container-0-7,xgboost_hp_tuning,/srv/xgboost_hp_tuning,,116.4,0,0,0.0,157970773.0,40.0,3319.0,2.0,105.4,3.6,7898538.6,4.0
xgboost_hp_tuning_ID0000001_pegasus-plan_ID0000012,None,compute,0,1677837670.0,,,1677837675.0,1677837726.0,1677837743.0,46391030.8,1677837777.0,1677837846.0,1677837778.0,1677837782.0,250.0,1677837846.0,1677837851.0,5.0,,102.0,69.0,5.0,17.0,502672266.0,4.0,1062.0,poseidon,condorpool,poseidon-worker-2-container-40-47,xgboost_hp_tuning,/srv/xgboost_hp_tuning,,157.8,0,0,0.1,157972630.0,40.0,3321.0,2.0,108.1,3.4,7898631.5,4.0
xgboost_hp_tuning_ID0000013_pegasus-plan_ID0000012,None,compute,0,1677837670.0,,,1677837675.0,1677837689.0,1677837706.0,46268778.2,1677837740.0,1677837801.0,1677837736.0,1677837741.0,248.0,1677837801.0,1677837806.0,5.0,,65.0,61.0,5.0,17.0,502672266.0,5.0,1054.0,poseidon,condorpool,poseidon-worker-2-container-0-7,xgboost_hp_tuning,/srv/xgboost_hp_tuning,,122.5,0,0,0.1,157972473.0,40.0,3321.0,2.0,100.7,3.4,7898623.7,4.0
xgboost_hp_tuning_ID0000002_pegasus-plan_ID0000012,None,compute,0,1677837670.0,,,1677837675.0,1677837686.0,1677837703.0,46414374.2,1677837737.0,1677837801.0,1677837735.0,1677837739.0,248.0,1677837801.0,1677837806.0,5.0,,62.0,64.0,5.0,17.0,502672266.0,4.0,1064.0,poseidon,condorpool,poseidon-worker-2-container-24-31,xgboost_hp_tuning,/srv/xgboost_hp_tuning,,125.8,0,0,0.0,157972532.0,40.0,3321.0,2.0,97.4,3.6,7898626.6,4.0
xgboost_hp_tuning_ID0000014_pegasus-plan_ID0000012,None,compute,0,1677837670.0,,,1677837675.0,1677837681.0,1677837699.0,46324809.2,1677837733.0,1677837831.0,1677837766.0,1677837770.0,249.0,1677837831.0,1677837836.0,5.0,,58.0,98.0,5.0,18.0,502672266.0,4.0,1053.0,poseidon,condorpool,poseidon-worker-2-container-32-39,xgboost_hp_tuning,/srv/xgboost_hp_tuning,,292.9,0,0,0.0,157987757.0,40.0,3381.0,2.0,288.6,3.9,2633129.3,4.0
xgboost_hp_tuning_ID0000003_pegasus-plan_ID0000012,None,compute,0,1677837670.0,,,1677837675.0,1677837626.0,1677837643.0,46765849.4,1677837677.0,1677837801.0,1677837733.0,1677837737.0,247.0,1677837801.0,1677837806.0,5.0,,2.0,124.0,5.0,17.0,502672266.0,4.0,1068.0,poseidon,condorpool,poseidon-worker-3-container-8-15,xgboost_hp_tuning,/srv/xgboost_hp_tuning,,96.7,0,0,0.0,157965929.0,40.0,3303.0,2.0,43.0,2.9,15796592.9,4.0
xgboost_hp_tuning_ID0000015_pegasus-plan_ID0000012,None,compute,0,1677837670.0,,,1677837675.0,1677837626.0,1677837643.0,46482136.6,1677837677.0,1677837736.0,1677837672.0,1677837676.0,249.0,1677837736.0,1677837741.0,5.0,,2.0,59.0,5.0,17.0,502672266.0,4.0,1055.0,poseidon,condorpool,poseidon-worker-2-container-16-23,xgboost_hp_tuning,/srv/xgboost_hp_tuning,,121.4,0,0,0.1,157972464.0,40.0,3321.0,2.0,104.3,3.2,7898623.2,4.0
xgboost_hp_tuning_ID0000004_pegasus-plan_ID0000012,None,compute,0,1677837670.0,,,1677837675.0,1677837626.0,1677837643.0,46580711.8,1677837677.0,1677837746.0,1677837678.0,1677837682.0,253.0,1677837746.0,1677837751.0,5.0,,2.0,69.0,5.0,17.0,502672266.0,4.0,1063.0,poseidon,condorpool,poseidon-worker-2-container-8-15,xgboost_hp_tuning,/srv/xgboost_hp_tuning,,160.9,0,0,0.1,157972431.0,40.0,3321.0,2.0,106.8,3.2,7898621.5,4.0
xgboost_hp_tuning_ID0000016_pegasus-plan_ID0000012,None,compute,0,1677837670.0,,,1677837675.0,1677837626.0,1677837643.0,46489175.2,1677837677.0,1677837741.0,1677837675.0,1677837680.0,248.0,1677837741.0,1677837746.0,5.0,,2.0,64.0,5.0,17.0,502672266.0,5.0,1056.0,poseidon,condorpool,poseidon-worker-2-container-0-7,xgboost_hp_tuning,/srv/xgboost_hp_tuning,,144.8,0,0,0.1,157972388.0,40.0,3321.0,2.0,107.4,3.2,7898619.4,4.0
xgboost_hp_tuning_ID0000005_pegasus-plan_ID0000012,hdd_5,compute,0,1677837670.0,,,1677837675.0,1677837626.0,1677837668.0,46549163.4,1677837677.0,1677837826.0,1677837759.0,1677837763.0,251.0,1677837826.0,1677837831.0,5.0,,2.0,149.0,5.0,42.0,502672266.0,4.0,1077.0,poseidon,condorpool,poseidon-worker-1-container-8-15,xgboost_hp_tuning,/srv/xgboost_hp_tuning,,141.0,0,0,0.1,157972441.0,40.0,3321.0,2.0,114.9,3.3,7898622.0,4.0
xgboost_hp_tuning_ID0000017_pegasus-plan_ID0000012,None,compute,0,1677837670.0,,,1677837675.0,1677837626.0,1677837643.0,46477909.2,1677837677.0,1677837826.0,1677837759.0,1677837763.0,246.0,1677837826.0,1677837831.0,5.0,,2.0,149.0,5.0,17.0,502672266.0,4.0,1053.0,poseidon,condorpool,poseidon-worker-1-container-16-23,xgboost_hp_tuning,/srv/xgboost_hp_tuning,,188.4,0,0,0.0,157976274.0,40.0,3336.0,2.0,142.6,3.5,5265875.8,4.0
xgboost_hp_tuning_ID0000006_pegasus-plan_ID0000012,None,compute,0,1677837670.0,,,1677837675.0,1677837625.0,1677837643.0,46704989.0,1677837677.0,1677837801.0,1677837733.0,1677837737.0,247.0,1677837801.0,1677837806.0,5.0,,2.0,124.0,5.0,18.0,502672266.0,4.0,1066.0,poseidon,condorpool,poseidon-worker-3-container-24-31,xgboost_hp_tuning,/srv/xgboost_hp_tuning,,110.7,0,0,0.0,157970593.0,40.0,3319.0,2.0,101.3,3.9,7898529.7,4.0
xgboost_hp_tuning_ID0000009_pegasus-plan_ID0000012,None,compute,0,1677837670.0,,,1677837675.0,1677837625.0,1677837643.0,46746537.8,1677837677.0,1677837801.0,1677837733.0,1677837737.0,246.0,1677837801.0,1677837806.0,5.0,,2.0,124.0,5.0,18.0,502672266.0,4.0,1060.0,poseidon,condorpool,poseidon-worker-3-container-32-39,xgboost_hp_tuning,/srv/xgboost_hp_tuning,,100.5,0,0,0.0,157966181.0,40.0,3303.0,2.0,41.2,3.0,15796618.1,4.0
xgboost_hp_tuning_ID0000011_pegasus-plan_ID0000012,None,compute,0,1677837670.0,,,1677837675.0,1677837626.0,1677837643.0,46482283.4,1677837677.0,1677837826.0,1677837759.0,1677837763.0,245.0,1677837826.0,1677837831.0,5.0,,2.0,149.0,5.0,17.0,502672266.0,4.0,1049.0,poseidon,condorpool,poseidon-worker-1-container-32-39,xgboost_hp_tuning,/srv/xgboost_hp_tuning,,181.5,0,0,0.1,157976419.0,40.0,3336.0,2.0,164.1,3.8,5265880.6,4.0
xgboost_hp_tuning_ID0000022_pegasus-plan_ID0000012,None,compute,0,1677837670.0,,,1677837675.0,1677837626.0,1677837643.0,46760781.6,1677837677.0,1677837801.0,1677837733.0,1677837737.0,246.0,1677837801.0,1677837806.0,5.0,,2.0,124.0,5.0,17.0,502672266.0,4.0,1063.0,poseidon,condorpool,poseidon-worker-3-container-0-7,xgboost_hp_tuning,/srv/xgboost_hp_tuning,,111.3,0,0,0.0,157970763.0,40.0,3319.0,2.0,97.6,3.7,7898538.2,4.0
xgboost_hp_tuning_ID0000010_pegasus-plan_ID0000012,None,compute,0,1677837670.0,,,1677837675.0,1677837626.0,1677837643.0,46479068.0,1677837677.0,1677837826.0,1677837759.0,1677837763.0,248.0,1677837826.0,1677837831.0,5.0,,2.0,149.0,5.0,17.0,502672266.0,4.0,1049.0,poseidon,condorpool,poseidon-worker-1-container-0-7,xgboost_hp_tuning,/srv/xgboost_hp_tuning,,148.8,0,0,0.0,157972387.0,40.0,3321.0,2.0,104.1,3.5,7898619.4,4.0
xgboost_hp_tuning_ID0000021_pegasus-plan_ID0000012,None,compute,0,1677837670.0,,,1677837675.0,1677837626.0,1677837643.0,46523991.6,1677837677.0,1677837741.0,1677837673.0,1677837677.0,250.0,1677837741.0,1677837746.0,5.0,,2.0,64.0,5.0,17.0,502672266.0,4.0,1061.0,poseidon,condorpool,poseidon-worker-2-container-40-47,xgboost_hp_tuning,/srv/xgboost_hp_tuning,,125.4,0,0,0.1,157972467.0,40.0,3321.0,2.0,104.8,3.3,7898623.4,4.0
xgboost_hp_tuning_ID0000020_pegasus-plan_ID0000012,None,compute,0,1677837670.0,,,1677837675.0,1677837626.0,1677837643.0,46490432.8,1677837677.0,1677837736.0,1677837668.0,1677837672.0,250.0,1677837736.0,1677837741.0,5.0,,2.0,59.0,5.0,17.0,502672266.0,4.0,1062.0,poseidon,condorpool,poseidon-worker-2-container-32-39,xgboost_hp_tuning,/srv/xgboost_hp_tuning,,97.3,0,0,0.1,157967830.0,40.0,3305.0,2.0,44.3,2.5,15796783.0,4.0
xgboost_hp_tuning_ID0000008_pegasus-plan_ID0000012,None,compute,0,1677837670.0,,,1677837675.0,1677837626.0,1677837643.0,46493910.0,1677837677.0,1677837741.0,1677837672.0,1677837676.0,250.0,1677837741.0,1677837746.0,5.0,,2.0,64.0,5.0,17.0,502672266.0,4.0,1058.0,poseidon,condorpool,poseidon-worker-2-container-24-31,xgboost_hp_tuning,/srv/xgboost_hp_tuning,,123.5,0,0,0.0,157972466.0,40.0,3321.0,2.0,105.1,3.5,7898623.3,4.0
xgboost_hp_tuning_ID0000019_pegasus-plan_ID0000012,None,compute,0,1677837670.0,,,1677837675.0,1677837625.0,1677837643.0,46784245.6,1677837677.0,1677837801.0,1677837733.0,1677837737.0,245.0,1677837801.0,1677837806.0,5.0,,2.0,124.0,5.0,18.0,502672266.0,4.0,1057.0,poseidon,condorpool,poseidon-worker-3-container-40-47,xgboost_hp_tuning,/srv/xgboost_hp_tuning,,120.6,0,0,0.0,157970584.0,40.0,3319.0,2.0,105.3,3.8,7898529.2,4.0
xgboost_hp_tuning_ID0000023_pegasus-plan_ID0000016,None,compute,0,1677837670.0,,,1677837676.0,1677837791.0,1677837807.0,42489508.5,1677837843.0,1677837881.0,1677837817.0,1677837822.0,256.0,1677837881.0,1677837886.0,6.0,,167.0,38.0,5.0,16.0,377646203.0,5.0,1089.0,poseidon,condorpool,poseidon-worker-2-container-40-47,xgboost_hp_tuning,/srv/xgboost_hp_tuning,,14.2,0,0,,,,,,,,,
xgboost_hp_tuning_ID0000007_pegasus-plan_ID0000012,None,compute,0,1677837670.0,,,1677837675.0,1677837626.0,1677837643.0,46537630.4,1677837677.0,1677837826.0,1677837759.0,1677837763.0,248.0,1677837826.0,1677837831.0,5.0,,2.0,149.0,5.0,17.0,502672266.0,4.0,1065.0,poseidon,condorpool,poseidon-worker-1-container-40-47,xgboost_hp_tuning,/srv/xgboost_hp_tuning,,146.5,0,0,0.1,157972469.0,40.0,3321.0,2.0,89.5,2.6,7898623.4,4.0
xgboost_hp_tuning_ID0000012_pegasus-plan_ID0000016,None,compute,0,1677837670.0,,,1677837676.0,1677837790.0,1677837806.0,42483164.8,1677837842.0,1677837881.0,1677837816.0,1677837820.0,248.0,1677837881.0,1677837886.0,6.0,,166.0,39.0,5.0,16.0,377646203.0,4.0,1051.0,poseidon,condorpool,poseidon-worker-2-container-16-23,xgboost_hp_tuning,/srv/xgboost_hp_tuning,,15.6,0,0,,,,,,,,,
xgboost_hp_tuning_ID0000013_pegasus-plan_ID0000016,None,compute,0,1677837670.0,,,1677837676.0,1677837788.0,1677837804.0,42499444.2,1677837839.0,1677837881.0,1677837814.0,1677837818.0,247.0,1677837881.0,1677837886.0,6.0,,163.0,42.0,5.0,16.0,377646203.0,4.0,1055.0,poseidon,condorpool,poseidon-worker-2-container-24-31,xgboost_hp_tuning,/srv/xgboost_hp_tuning,,15.4,0,0,,,,,,,,,
xgboost_hp_tuning_ID0000009_pegasus-plan_ID0000016,hdd_5,compute,0,1677837670.0,,,1677837675.0,1677837626.0,1677837667.0,42734630.2,1677837677.0,1677837801.0,1677837735.0,1677837739.0,248.0,1677837801.0,1677837806.0,5.0,,2.0,124.0,5.0,41.0,377646203.0,4.0,1060.0,poseidon,condorpool,poseidon-worker-3-container-16-23,xgboost_hp_tuning,/srv/xgboost_hp_tuning,,13.2,0,0,,,,,,,,,
xgboost_hp_tuning_ID0000011_pegasus-plan_ID0000016,None,compute,0,1677837670.0,,,1677837675.0,1677837685.0,1677837701.0,42548237.8,1677837737.0,1677837841.0,1677837777.0,1677837781.0,245.0,1677837841.0,1677837846.0,5.0,,62.0,104.0,5.0,16.0,377646203.0,4.0,1049.0,poseidon,condorpool,poseidon-worker-2-container-16-23,xgboost_hp_tuning,/srv/xgboost_hp_tuning,,382.0,0,0,0.1,32961706.0,40.0,3381.0,2.0,315.1,1.9,549361.8,4.0
xgboost_hp_tuning_ID0000022_pegasus-plan_ID0000016,None,compute,0,1677837670.0,,,1677837675.0,1677837686.0,1677837702.0,42496379.0,1677837738.0,1677837776.0,1677837712.0,1677837717.0,249.0,1677837776.0,1677837781.0,5.0,,63.0,38.0,5.0,16.0,377646203.0,5.0,1062.0,poseidon,condorpool,poseidon-worker-2-container-40-47,xgboost_hp_tuning,/srv/xgboost_hp_tuning,,15.4,0,0,,,,,,,,,
xgboost_hp_tuning_ID0000010_pegasus-plan_ID0000016,None,compute,0,1677837670.0,,,1677837675.0,1677837691.0,1677837708.0,42307719.0,1677837743.0,1677837786.0,1677837719.0,1677837723.0,246.0,1677837786.0,1677837791.0,5.0,,68.0,43.0,5.0,17.0,377646203.0,4.0,1049.0,poseidon,condorpool,poseidon-worker-2-container-8-15,xgboost_hp_tuning,/srv/xgboost_hp_tuning,,20.5,0,0,,,,,,,,,
xgboost_hp_tuning_ID0000021_pegasus-plan_ID0000016,None,compute,0,1677837670.0,,,1677837675.0,1677837732.0,1677837748.0,42505404.5,1677837784.0,1677837826.0,1677837758.0,1677837763.0,247.0,1677837826.0,1677837831.0,5.0,,109.0,42.0,5.0,16.0,377646203.0,5.0,1063.0,poseidon,condorpool,poseidon-worker-2-container-8-15,xgboost_hp_tuning,/srv/xgboost_hp_tuning,,16.8,0,0,,,,,,,,,
xgboost_hp_tuning_ID0000008_pegasus-plan_ID0000016,None,compute,0,1677837670.0,,,1677837675.0,1677837746.0,1677837762.0,42612058.0,1677837798.0,1677837926.0,1677837858.0,1677837862.0,253.0,1677837926.0,1677837931.0,5.0,,123.0,128.0,5.0,16.0,377646203.0,4.0,1059.0,poseidon,condorpool,poseidon-worker-3-container-24-31,xgboost_hp_tuning,/srv/xgboost_hp_tuning,,14.8,0,0,,,,,,,,,
xgboost_hp_tuning_ID0000019_pegasus-plan_ID0000016,None,compute,0,1677837670.0,,,1677837675.0,1677837746.0,1677837762.0,42611336.0,1677837798.0,1677837926.0,1677837858.0,1677837862.0,252.0,1677837926.0,1677837931.0,5.0,,123.0,128.0,5.0,16.0,377646203.0,4.0,1058.0,poseidon,condorpool,poseidon-worker-3-container-32-39,xgboost_hp_tuning,/srv/xgboost_hp_tuning,,16.3,0,0,,,,,,,,,
xgboost_hp_tuning_ID0000001_pegasus-plan_ID0000016,None,compute,0,1677837670.0,,,1677837676.0,1677837789.0,1677837805.0,42487692.5,1677837841.0,1677837881.0,1677837815.0,1677837819.0,255.0,1677837881.0,1677837886.0,6.0,,165.0,40.0,5.0,16.0,377646203.0,4.0,1063.0,poseidon,condorpool,poseidon-worker-2-container-0-7,xgboost_hp_tuning,/srv/xgboost_hp_tuning,,14.5,0,0,,,,,,,,,
xgboost_hp_tuning_ID0000018_pegasus-plan_ID0000016,None,compute,0,1677837670.0,,,1677837675.0,1677837748.0,1677837764.0,42577159.2,1677837800.0,1677837841.0,1677837775.0,1677837779.0,246.0,1677837841.0,1677837846.0,5.0,,125.0,41.0,5.0,16.0,377646203.0,4.0,1055.0,poseidon,condorpool,poseidon-worker-2-container-24-31,xgboost_hp_tuning,/srv/xgboost_hp_tuning,,16.4,0,0,,,,,,,,,
xgboost_hp_tuning_ID0000007_pegasus-plan_ID0000016,hdd_5,compute,0,1677837670.0,,,1677837675.0,1677837748.0,1677837789.0,42612017.8,1677837800.0,1677837926.0,1677837858.0,1677837862.0,254.0,1677837926.0,1677837931.0,5.0,,125.0,126.0,5.0,41.0,377646203.0,4.0,1066.0,poseidon,condorpool,poseidon-worker-3-container-16-23,xgboost_hp_tuning,/srv/xgboost_hp_tuning,,15.0,0,0,,,,,,,,,
xgboost_hp_tuning_ID0000017_pegasus-plan_ID0000016,None,compute,0,1677837670.0,,,1677837675.0,1677837772.0,1677837788.0,42470102.8,1677837823.0,1677837866.0,1677837798.0,1677837802.0,248.0,1677837866.0,1677837871.0,5.0,,148.0,43.0,5.0,16.0,377646203.0,4.0,1054.0,poseidon,condorpool,poseidon-worker-2-container-8-15,xgboost_hp_tuning,/srv/xgboost_hp_tuning,,16.2,0,0,,,,,,,,,
xgboost_hp_tuning_ID0000005_pegasus-plan_ID0000016,None,compute,0,1677837670.0,,,1677837675.0,1677837772.0,1677837788.0,42472346.2,1677837824.0,1677837946.0,1677837882.0,1677837886.0,250.0,1677837946.0,1677837951.0,5.0,,149.0,122.0,5.0,16.0,377646203.0,4.0,1078.0,poseidon,condorpool,poseidon-worker-1-container-0-7,xgboost_hp_tuning,/srv/xgboost_hp_tuning,,16.6,0,0,,,,,,,,,
xgboost_hp_tuning_ID0000016_pegasus-plan_ID0000016,hdd_5,compute,0,1677837670.0,,,1677837675.0,1677837772.0,1677837814.0,42531643.8,1677837824.0,1677837946.0,1677837882.0,1677837886.0,244.0,1677837946.0,1677837951.0,5.0,,149.0,122.0,5.0,42.0,377646203.0,4.0,1056.0,poseidon,condorpool,poseidon-worker-1-container-8-15,xgboost_hp_tuning,/srv/xgboost_hp_tuning,,14.3,0,0,,,,,,,,,
xgboost_hp_tuning_ID0000004_pegasus-plan_ID0000016,None,compute,0,1677837670.0,,,1677837675.0,1677837772.0,1677837789.0,42496246.8,1677837824.0,1677837946.0,1677837882.0,1677837886.0,246.0,1677837946.0,1677837951.0,5.0,,149.0,122.0,5.0,17.0,377646203.0,4.0,1059.0,poseidon,condorpool,poseidon-worker-1-container-16-23,xgboost_hp_tuning,/srv/xgboost_hp_tuning,,17.3,0,0,,,,,,,,,
xgboost_hp_tuning_ID0000015_pegasus-plan_ID0000016,None,compute,0,1677837670.0,,,1677837676.0,1677837772.0,1677837789.0,42523558.8,1677837824.0,1677837946.0,1677837882.0,1677837886.0,245.0,1677837946.0,1677837951.0,6.0,,148.0,122.0,5.0,17.0,377646203.0,4.0,1055.0,poseidon,condorpool,poseidon-worker-1-container-40-47,xgboost_hp_tuning,/srv/xgboost_hp_tuning,,14.8,0,0,,,,,,,,,
xgboost_hp_tuning_ID0000003_pegasus-plan_ID0000016,None,compute,0,1677837670.0,,,1677837676.0,1677837772.0,1677837789.0,42570289.8,1677837824.0,1677837946.0,1677837882.0,1677837886.0,247.0,1677837946.0,1677837951.0,6.0,,148.0,122.0,5.0,17.0,377646203.0,4.0,1067.0,poseidon,condorpool,poseidon-worker-1-container-32-39,xgboost_hp_tuning,/srv/xgboost_hp_tuning,,15.9,0,0,,,,,,,,,
xgboost_hp_tuning_ID0000014_pegasus-plan_ID0000016,None,compute,0,1677837670.0,,,1677837676.0,1677837772.0,1677837789.0,42474883.0,1677837824.0,1677837946.0,1677837882.0,1677837886.0,244.0,1677837946.0,1677837951.0,6.0,,148.0,122.0,5.0,17.0,377646203.0,4.0,1053.0,poseidon,condorpool,poseidon-worker-1-container-24-31,xgboost_hp_tuning,/srv/xgboost_hp_tuning,,14.7,0,0,,,,,,,,,
xgboost_hp_tuning_ID0000002_pegasus-plan_ID0000016,None,compute,0,1677837670.0,,,1677837676.0,1677837779.0,1677837795.0,42478473.2,1677837830.0,1677837871.0,1677837805.0,1677837809.0,249.0,1677837871.0,1677837876.0,6.0,,154.0,41.0,5.0,16.0,377646203.0,4.0,1061.0,poseidon,condorpool,poseidon-worker-2-container-32-39,xgboost_hp_tuning,/srv/xgboost_hp_tuning,,14.8,0,0,,,,,,,,,
xgboost_hp_tuning_ID0000006_pegasus-plan_ID0000016,None,compute,0,1677837670.0,,,1677837675.0,1677837750.0,1677837766.0,42531889.5,1677837801.0,1677837841.0,1677837776.0,1677837780.0,251.0,1677837841.0,1677837846.0,5.0,,126.0,40.0,5.0,16.0,377646203.0,4.0,1067.0,poseidon,condorpool,poseidon-worker-2-container-0-7,xgboost_hp_tuning,/srv/xgboost_hp_tuning,,16.2,0,0,,,,,,,,,
xgboost_hp_tuning_ID0000018_pegasus-plan_ID0000012,None,compute,0,1677837670.0,,,1677837675.0,1677837626.0,1677837643.0,46610839.6,1677837677.0,1677837826.0,1677837759.0,1677837763.0,246.0,1677837826.0,1677837831.0,5.0,,2.0,149.0,5.0,17.0,502672266.0,4.0,1055.0,poseidon,condorpool,poseidon-worker-1-container-24-31,xgboost_hp_tuning,/srv/xgboost_hp_tuning,,86.9,0,0,0.0,157967839.0,40.0,3305.0,2.0,42.5,2.7,15796783.9,4.0
xgboost_hp_tuning_ID0000001_pegasus-plan_ID0000020,None,compute,0,1677837675.0,,,1677837680.0,1677838211.0,1677838243.0,68940577.5,1677838263.0,1677838631.0,1677838567.0,1677838571.0,248.0,1677838631.0,1677838636.0,5.0,,583.0,368.0,5.0,32.0,1691153157.0,4.0,1063.0,poseidon,condorpool,poseidon-worker-2-container-32-39,xgboost_hp_tuning,/srv/xgboost_hp_tuning,,1741.1,0,0,0.0,1346564755.0,40.0,3756.0,2.0,1654.6,57.6,4343757.3,4.0
xgboost_hp_tuning_ID0000009_pegasus-plan_ID0000020,None,compute,0,1677837675.0,,,1677837680.0,1677837811.0,1677837842.0,68865057.9,1677837863.0,1677838251.0,1677838184.0,1677838188.0,244.0,1677838251.0,1677838256.0,5.0,,183.0,388.0,5.0,31.0,1691153157.0,4.0,1057.0,poseidon,condorpool,poseidon-worker-2-container-8-15,xgboost_hp_tuning,/srv/xgboost_hp_tuning,,1792.7,0,0,0.1,1346572231.0,40.0,3786.0,2.0,1720.6,60.9,4080521.9,4.0
xgboost_hp_tuning_ID0000012_pegasus-plan_ID0000020,None,compute,0,1677837675.0,,,1677837680.0,1677838227.0,1677838259.0,68847893.7,1677838279.0,1677838666.0,1677838599.0,1677838603.0,248.0,1677838666.0,1677838671.0,5.0,,599.0,387.0,5.0,32.0,1691153157.0,4.0,1047.0,poseidon,condorpool,poseidon-worker-2-container-16-23,xgboost_hp_tuning,/srv/xgboost_hp_tuning,,1825.5,0,0,0.0,1346572496.0,40.0,3786.0,2.0,1765.2,55.0,4080522.7,4.0
xgboost_hp_tuning_ID0000023_pegasus-plan_ID0000020,None,compute,0,1677837675.0,,,1677837680.0,1677838269.0,1677838300.0,68871563.0,1677838320.0,1677838666.0,1677838598.0,1677838602.0,254.0,1677838666.0,1677838671.0,5.0,,640.0,346.0,5.0,31.0,1691153157.0,4.0,1089.0,poseidon,condorpool,poseidon-worker-1-container-40-47,xgboost_hp_tuning,/srv/xgboost_hp_tuning,,1652.8,0,0,0.1,1346553266.0,40.0,3711.0,2.0,1553.3,45.9,4809118.8,4.0
xgboost_hp_tuning_ID0000017_pegasus-plan_ID0000020,None,compute,0,1677837675.0,,,1677837680.0,1677837872.0,1677837973.0,68982490.0,1677837923.0,1677838396.0,1677838329.0,1677838333.0,250.0,1677838396.0,1677838401.0,5.0,,243.0,473.0,5.0,101.0,1691153157.0,4.0,1056.0,poseidon,condorpool,poseidon-worker-3-container-0-7,xgboost_hp_tuning,/srv/xgboost_hp_tuning,,1907.6,0,0,0.0,1346574053.0,40.0,3799.0,2.0,1809.7,58.6,3960511.9,4.0
xgboost_hp_tuning_ID0000002_pegasus-plan_ID0000020,None,compute,0,1677837675.0,,,1677837680.0,1677838197.0,1677838229.0,68890856.3,1677838249.0,1677838671.0,1677838607.0,1677838611.0,249.0,1677838671.0,1677838676.0,5.0,,569.0,422.0,5.0,32.0,1691153157.0,4.0,1060.0,poseidon,condorpool,poseidon-worker-2-container-8-15,xgboost_hp_tuning,/srv/xgboost_hp_tuning,,2010.2,0,0,0.0,1346583736.0,40.0,3831.0,2.0,1887.2,60.0,3740510.4,4.0
xgboost_hp_tuning_ID0000005_pegasus-plan_ID0000020,None,compute,0,1677837675.0,,,1677837680.0,1677837895.0,1677837927.0,68828999.5,1677837947.0,1677838346.0,1677838280.0,1677838284.0,255.0,1677838346.0,1677838351.0,5.0,,267.0,399.0,5.0,32.0,1691153157.0,4.0,1077.0,poseidon,condorpool,poseidon-worker-1-container-16-23,xgboost_hp_tuning,/srv/xgboost_hp_tuning,,2000.8,0,0,0.0,1346576002.0,40.0,3801.0,2.0,1922.2,50.6,3960517.7,4.0
xgboost_hp_tuning_ID0000016_pegasus-plan_ID0000020,None,compute,0,1677837675.0,,,1677837680.0,1677837895.0,1677837927.0,68944423.7,1677837947.0,1677838401.0,1677838336.0,1677838341.0,248.0,1677838401.0,1677838406.0,5.0,,267.0,454.0,5.0,32.0,1691153157.0,5.0,1055.0,poseidon,condorpool,poseidon-worker-1-container-24-31,xgboost_hp_tuning,/srv/xgboost_hp_tuning,,1991.1,0,0,0.1,1346579880.0,40.0,3816.0,2.0,1915.2,59.9,3847371.1,4.0
xgboost_hp_tuning_ID0000004_pegasus-plan_ID0000020,None,compute,0,1677837675.0,,,1677837680.0,1677837895.0,1677837927.0,68877626.0,1677837947.0,1677838346.0,1677838282.0,1677838286.0,250.0,1677838346.0,1677838351.0,5.0,,267.0,399.0,5.0,32.0,1691153157.0,4.0,1063.0,poseidon,condorpool,poseidon-worker-1-container-32-39,xgboost_hp_tuning,/srv/xgboost_hp_tuning,,1904.5,0,0,0.1,1346576254.0,40.0,3801.0,2.0,1801.3,63.7,3960518.4,4.0
xgboost_hp_tuning_ID0000018_pegasus-plan_ID0000020,None,compute,0,1677837675.0,,,1677837680.0,1677837872.0,1677837973.0,69025891.5,1677837923.0,1677838366.0,1677838298.0,1677838302.0,249.0,1677838366.0,1677838371.0,5.0,,243.0,443.0,5.0,101.0,1691153157.0,4.0,1056.0,poseidon,condorpool,poseidon-worker-3-container-32-39,xgboost_hp_tuning,/srv/xgboost_hp_tuning,,1730.5,0,0,0.0,1346562854.0,40.0,3754.0,2.0,1639.5,55.3,4343751.1,4.0
xgboost_hp_tuning_ID0000013_pegasus-plan_ID0000020,None,compute,0,1677837675.0,,,1677837680.0,1677838197.0,1677838229.0,68771814.2,1677838249.0,1677838666.0,1677838600.0,1677838604.0,248.0,1677838666.0,1677838671.0,5.0,,569.0,417.0,5.0,32.0,1691153157.0,4.0,1056.0,poseidon,condorpool,poseidon-worker-2-container-40-47,xgboost_hp_tuning,/srv/xgboost_hp_tuning,,2111.1,0,0,0.0,1346583902.0,40.0,3831.0,2.0,2043.7,57.0,3740510.8,4.0
xgboost_hp_tuning_ID0000019_pegasus-plan_ID0000020,None,compute,0,1677837675.0,,,1677837680.0,1677837872.0,1677837974.0,68914494.9,1677837923.0,1677838586.0,1677838520.0,1677838524.0,252.0,1677838586.0,1677838591.0,5.0,,243.0,663.0,5.0,102.0,1691153157.0,4.0,1061.0,poseidon,condorpool,poseidon-worker-3-container-40-47,xgboost_hp_tuning,/srv/xgboost_hp_tuning,,3167.0,0,0,0.0,1346646940.0,40.0,4084.0,2.0,3049.9,73.0,2540843.3,4.0
xgboost_hp_tuning_ID0000008_pegasus-plan_ID0000020,None,compute,0,1677837675.0,,,1677837680.0,1677837871.0,1677837974.0,68948856.5,1677837923.0,1677838366.0,1677838302.0,1677838306.0,252.0,1677838366.0,1677838371.0,5.0,,243.0,443.0,5.0,103.0,1691153157.0,4.0,1058.0,poseidon,condorpool,poseidon-worker-3-container-8-15,xgboost_hp_tuning,/srv/xgboost_hp_tuning,,1758.6,0,0,0.0,1346562548.0,40.0,3754.0,2.0,1649.2,51.9,4343750.2,4.0
xgboost_hp_tuning_ID0000007_pegasus-plan_ID0000020,None,compute,0,1677837675.0,,,1677837680.0,1677837872.0,1677837973.0,68954800.7,1677837923.0,1677838386.0,1677838320.0,1677838324.0,252.0,1677838386.0,1677838391.0,5.0,,243.0,463.0,5.0,101.0,1691153157.0,4.0,1068.0,poseidon,condorpool,poseidon-worker-3-container-24-31,xgboost_hp_tuning,/srv/xgboost_hp_tuning,,1924.2,0,0,0.0,1346570345.0,40.0,3784.0,2.0,1820.1,56.0,4080516.2,4.0
xgboost_hp_tuning_ID0000021_pegasus-plan_ID0000020,None,compute,0,1677837675.0,,,1677837680.0,1677837829.0,1677837861.0,68850867.2,1677837881.0,1677838241.0,1677838176.0,1677838180.0,252.0,1677838241.0,1677838246.0,5.0,,201.0,360.0,5.0,32.0,1691153157.0,4.0,1063.0,poseidon,condorpool,poseidon-worker-2-container-16-23,xgboost_hp_tuning,/srv/xgboost_hp_tuning,,1699.9,0,0,0.0,1346560892.0,40.0,3741.0,2.0,1611.9,48.0,4488536.3,4.0
xgboost_hp_tuning_ID0000010_pegasus-plan_ID0000020,None,compute,0,1677837675.0,,,1677837680.0,1677837828.0,1677837860.0,68840655.8,1677837880.0,1677838356.0,1677838291.0,1677838295.0,245.0,1677838356.0,1677838361.0,5.0,,200.0,476.0,5.0,32.0,1691153157.0,4.0,1049.0,poseidon,condorpool,poseidon-worker-2-container-0-7,xgboost_hp_tuning,/srv/xgboost_hp_tuning,,2324.7,0,0,0.1,1346606591.0,40.0,3921.0,2.0,2256.0,61.2,3206206.2,4.0
xgboost_hp_tuning_ID0000022_pegasus-plan_ID0000020,None,compute,0,1677837675.0,,,1677837680.0,1677837827.0,1677837859.0,68878758.3,1677837879.0,1677838246.0,1677838183.0,1677838187.0,251.0,1677838246.0,1677838251.0,5.0,,199.0,367.0,5.0,32.0,1691153157.0,4.0,1062.0,poseidon,condorpool,poseidon-worker-2-container-24-31,xgboost_hp_tuning,/srv/xgboost_hp_tuning,,1766.8,0,0,0.1,1346564771.0,40.0,3756.0,2.0,1680.2,54.7,4343757.3,4.0
xgboost_hp_tuning_ID0000011_pegasus-plan_ID0000020,None,compute,0,1677837675.0,,,1677837680.0,1677837818.0,1677837849.0,68914757.0,1677837870.0,1677838266.0,1677838198.0,1677838202.0,248.0,1677838266.0,1677838271.0,5.0,,190.0,396.0,5.0,31.0,1691153157.0,4.0,1050.0,poseidon,condorpool,poseidon-worker-2-container-32-39,xgboost_hp_tuning,/srv/xgboost_hp_tuning,,1918.8,0,0,0.1,1346572436.0,40.0,3786.0,2.0,1796.6,61.2,4080522.5,4.0
xgboost_hp_tuning_ID0000015_pegasus-plan_ID0000020,hdd_5,compute,0,1677837675.0,,,1677837680.0,1677837895.0,1677837953.0,68911673.2,1677837947.0,1677838341.0,1677838276.0,1677838280.0,250.0,1677838341.0,1677838346.0,5.0,,267.0,394.0,5.0,58.0,1691153157.0,4.0,1055.0,poseidon,condorpool,poseidon-worker-1-container-8-15,xgboost_hp_tuning,/srv/xgboost_hp_tuning,,1730.7,0,0,0.1,1346564444.0,40.0,3756.0,2.0,1631.5,72.2,4343756.3,4.0
xgboost_hp_tuning_ID0000006_pegasus-plan_ID0000020,hdd_5,compute,0,1677837675.0,,,1677837680.0,1677837872.0,1677837973.0,68947311.5,1677837923.0,1677838436.0,1677838371.0,1677838375.0,256.0,1677838436.0,1677838441.0,5.0,,243.0,513.0,5.0,101.0,1691153157.0,4.0,1068.0,poseidon,condorpool,poseidon-worker-3-container-16-23,xgboost_hp_tuning,/srv/xgboost_hp_tuning,,2201.9,0,0,0.0,1346589522.0,40.0,3859.0,2.0,2084.4,62.3,3543656.6,4.0
xgboost_hp_tuning_ID0000014_pegasus-plan_ID0000020,None,compute,0,1677837675.0,,,1677837680.0,1677838196.0,1677838228.0,68892941.8,1677838248.0,1677838651.0,1677838585.0,1677838590.0,248.0,1677838651.0,1677838656.0,5.0,,568.0,403.0,5.0,32.0,1691153157.0,5.0,1055.0,poseidon,condorpool,poseidon-worker-2-container-24-31,xgboost_hp_tuning,/srv/xgboost_hp_tuning,,1969.1,0,0,0.0,1346576247.0,40.0,3801.0,2.0,1856.0,61.2,3960518.4,4.0
xgboost_hp_tuning_ID0000020_pegasus-plan_ID0000020,None,compute,0,1677837675.0,,,1677837680.0,1677837831.0,1677837862.0,68824739.7,1677837882.0,1677838251.0,1677838184.0,1677838188.0,252.0,1677838251.0,1677838256.0,5.0,,202.0,369.0,5.0,31.0,1691153157.0,4.0,1063.0,poseidon,condorpool,poseidon-worker-2-container-40-47,xgboost_hp_tuning,/srv/xgboost_hp_tuning,,1767.7,0,0,0.1,1346564742.0,40.0,3756.0,2.0,1701.5,49.6,4343757.2,4.0
xgboost_hp_tuning_ID0000003_pegasus-plan_ID0000020,None,compute,0,1677837675.0,,,1677837680.0,1677837895.0,1677837927.0,68959510.0,1677837947.0,1677838461.0,1677838396.0,1677838401.0,250.0,1677838461.0,1677838466.0,5.0,,267.0,514.0,5.0,32.0,1691153157.0,5.0,1068.0,poseidon,condorpool,poseidon-worker-1-container-0-7,xgboost_hp_tuning,/srv/xgboost_hp_tuning,,2123.6,0,0,0.1,1346587176.0,40.0,3846.0,2.0,2005.5,72.0,3639424.8,4.0
stage_out_local_condorpool_0_2_pegasus-plan_ID0000012,None,transfer,0,1677837851.0,,,1677837856.0,,,0.0,1677837856.0,1677837866.0,1677837857.0,1677837861.0,1841.0,1677837866.0,1677837871.0,5.0,,0.0,10.0,5.0,,,4.0,7421.0,poseidon,local,host-10-100-100-12.openstacklocal,pegasus::transfer,/home/poseidon/pegasus-5.1.0panorama/bin/pegasus-transfer,/home/poseidon/pegasus-5.1.0panorama/bin/../bin/pegasus-kickstart  -n pegasus::transfer -N null -i - -R local  -L xgboost_hp_tuning_group_0 -T 2023-03-03T10:00:16+00:00 /home/poseidon/pegasus-5.1.0panorama/bin/../bin/pegasus-transfer  --threads 2,0.9,0,0,,,,,,,,,
register_condorpool_0_2_pegasus-plan_ID0000012,None,auxiliary,0,1677837871.0,,,1677837876.0,,,0.0,1677837876.0,1677837881.0,,,0.0,1677837881.0,1677837886.0,5.0,,0.0,5.0,5.0,,,,,poseidon,local,host-10-100-100-12.openstacklocal,pegasus::rc-client,/home/poseidon/pegasus-5.1.0panorama/bin/pegasus-rc-client,"-n pegasus::rc-client -N null -R local  -L xgboost_hp_tuning_group_0 -T 2023-03-03T10:00:16+00:00 /home/poseidon/pegasus-5.1.0panorama/bin/pegasus-rc-client --prefix pegasus.catalog.replica.output --conf /home/poseidon/workflows/predict-future-sales-workflow/submit/poseidon/pegasus/predict-future-sales/run0391/00/00/./xgboost_hp_tuning_group_0.000/pegasus.4964386268725077361.properties -v --meta /home/poseidon/workflows/predict-future-sales-workflow/submit/poseidon/pegasus/predict-future-sales/run0391/00/00/./xgboost_hp_tuning_group_0.000/00/00/xgboost_hp_tuning_ID0000017.meta,/home/poseidon/workflows/predict-future-sales-workflow/submit/poseidon/pegasus/predict-future-sales/run0391/00/00/./xgboost_hp_tuning_group_0.000/00/00/xgboost_hp_tuning_ID0000022.meta,/home/poseidon/workflows/predict-future-sales-workflow/submit/poseidon/pegasus/predict-future-sales/run0391/00/00/./xgboost_hp_tuning_group_0.000/00/00/xgboost_hp_tuning_ID0000007.meta,/home/poseidon/workflows/predict-future-sales-workflow/submit/poseidon/pegasus/predict-future-sales/run0391/00/00/./xgboost_hp_tuning_group_0.000/00/00/xgboost_hp_tuning_ID0000020.meta,/home/poseidon/workflows/predict-future-sales-workflow/submit/poseidon/pegasus/predict-future-sales/run0391/00/00/./xgboost_hp_tuning_group_0.000/00/00/xgboost_hp_tuning_ID0000001.meta,/home/poseidon/workflows/predict-future-sales-workflow/submit/poseidon/pegasus/predict-future-sales/run0391/00/00/./xgboost_hp_tuning_group_0.000/00/00/xgboost_hp_tuning_ID0000004.meta,/home/poseidon/workflows/predict-future-sales-workflow/submit/poseidon/pegasus/predict-future-sales/run0391/00/00/./xgboost_hp_tuning_group_0.000/00/00/xgboost_hp_tuning_ID0000014.meta --insert /home/poseidon/workflows/predict-future-sales-workflow/submit/poseidon/pegasus/predict-future-sales/run0391/00/00/./xgboost_hp_tuning_group_0.000/00/00/register_condorpool_0_2.in",3.1,0,0,,,,,,,,,
stage_out_local_condorpool_0_0_pegasus-plan_ID0000012,None,transfer,0,1677837931.0,,,1677837936.0,,,0.0,1677837936.0,1677837946.0,1677837936.0,1677837940.0,2098.0,1677837946.0,1677837951.0,5.0,,0.0,10.0,5.0,,,4.0,8469.0,poseidon,local,host-10-100-100-12.openstacklocal,pegasus::transfer,/home/poseidon/pegasus-5.1.0panorama/bin/pegasus-transfer,/home/poseidon/pegasus-5.1.0panorama/bin/../bin/pegasus-kickstart  -n pegasus::transfer -N null -i - -R local  -L xgboost_hp_tuning_group_0 -T 2023-03-03T10:00:16+00:00 /home/poseidon/pegasus-5.1.0panorama/bin/../bin/pegasus-transfer  --threads 2,1.1,0,0,,,,,,,,,
stage_out_local_condorpool_0_1_pegasus-plan_ID0000012,None,transfer,0,1677837931.0,,,1677837936.0,,,0.0,1677837936.0,1677837946.0,1677837936.0,1677837940.0,2106.0,1677837946.0,1677837951.0,5.0,,0.0,10.0,5.0,,,4.0,8500.0,poseidon,local,host-10-100-100-12.openstacklocal,pegasus::transfer,/home/poseidon/pegasus-5.1.0panorama/bin/pegasus-transfer,/home/poseidon/pegasus-5.1.0panorama/bin/../bin/pegasus-kickstart  -n pegasus::transfer -N null -i - -R local  -L xgboost_hp_tuning_group_0 -T 2023-03-03T10:00:16+00:00 /home/poseidon/pegasus-5.1.0panorama/bin/../bin/pegasus-transfer  --threads 2,1.1,0,0,,,,,,,,,
xgboost_best_params_ID0000024_pegasus-plan_ID0000012,None,compute,0,1677837931.0,,,1677837936.0,1677837895.0,1677837913.0,33269425.6,1677837947.0,1677838321.0,1677838255.0,1677838259.0,251.0,1677838321.0,1677838326.0,5.0,,11.0,374.0,5.0,18.0,368018659.0,4.0,1062.0,poseidon,condorpool,poseidon-worker-1-container-40-47,xgboost_best_params,/srv/xgboost_best_params,,0.0,0,0,,,,,,,,,
stage_out_local_condorpool_0_2_pegasus-plan_ID0000016,None,transfer,0,1677837951.0,,,1677837956.0,,,0.0,1677837956.0,1677837966.0,1677837956.0,1677837960.0,1840.0,1677837966.0,1677837971.0,5.0,,0.0,10.0,5.0,,,4.0,7418.0,poseidon,local,host-10-100-100-12.openstacklocal,pegasus::transfer,/home/poseidon/pegasus-5.1.0panorama/bin/pegasus-transfer,/home/poseidon/pegasus-5.1.0panorama/bin/../bin/pegasus-kickstart  -n pegasus::transfer -N null -i - -R local  -L xgboost_hp_tuning_group_1 -T 2023-03-03T10:00:16+00:00 /home/poseidon/pegasus-5.1.0panorama/bin/../bin/pegasus-transfer  --threads 2,1.0,0,0,,,,,,,,,
register_condorpool_0_1_pegasus-plan_ID0000012,None,auxiliary,0,1677837951.0,,,1677837956.0,,,0.0,1677837961.0,1677837966.0,,,0.0,1677837966.0,1677837971.0,5.0,,5.0,5.0,5.0,,,,,poseidon,local,host-10-100-100-12.openstacklocal,pegasus::rc-client,/home/poseidon/pegasus-5.1.0panorama/bin/pegasus-rc-client,"-n pegasus::rc-client -N null -R local  -L xgboost_hp_tuning_group_0 -T 2023-03-03T10:00:16+00:00 /home/poseidon/pegasus-5.1.0panorama/bin/pegasus-rc-client --prefix pegasus.catalog.replica.output --conf /home/poseidon/workflows/predict-future-sales-workflow/submit/poseidon/pegasus/predict-future-sales/run0391/00/00/./xgboost_hp_tuning_group_0.000/pegasus.4964386268725077361.properties -v --meta /home/poseidon/workflows/predict-future-sales-workflow/submit/poseidon/pegasus/predict-future-sales/run0391/00/00/./xgboost_hp_tuning_group_0.000/00/00/xgboost_hp_tuning_ID0000013.meta,/home/poseidon/workflows/predict-future-sales-workflow/submit/poseidon/pegasus/predict-future-sales/run0391/00/00/./xgboost_hp_tuning_group_0.000/00/00/xgboost_hp_tuning_ID0000023.meta,/home/poseidon/workflows/predict-future-sales-workflow/submit/poseidon/pegasus/predict-future-sales/run0391/00/00/./xgboost_hp_tuning_group_0.000/00/00/xgboost_hp_tuning_ID0000011.meta,/home/poseidon/workflows/predict-future-sales-workflow/submit/poseidon/pegasus/predict-future-sales/run0391/00/00/./xgboost_hp_tuning_group_0.000/00/00/xgboost_hp_tuning_ID0000006.meta,/home/poseidon/workflows/predict-future-sales-workflow/submit/poseidon/pegasus/predict-future-sales/run0391/00/00/./xgboost_hp_tuning_group_0.000/00/00/xgboost_hp_tuning_ID0000003.meta,/home/poseidon/workflows/predict-future-sales-workflow/submit/poseidon/pegasus/predict-future-sales/run0391/00/00/./xgboost_hp_tuning_group_0.000/00/00/xgboost_hp_tuning_ID0000021.meta,/home/poseidon/workflows/predict-future-sales-workflow/submit/poseidon/pegasus/predict-future-sales/run0391/00/00/./xgboost_hp_tuning_group_0.000/00/00/xgboost_hp_tuning_ID0000019.meta,/home/poseidon/workflows/predict-future-sales-workflow/submit/poseidon/pegasus/predict-future-sales/run0391/00/00/./xgboost_hp_tuning_group_0.000/00/00/xgboost_hp_tuning_ID0000016.meta --insert /home/poseidon/workflows/predict-future-sales-workflow/submit/poseidon/pegasus/predict-future-sales/run0391/00/00/./xgboost_hp_tuning_group_0.000/00/00/register_condorpool_0_1.in",3.1,0,0,,,,,,,,,
register_condorpool_0_0_pegasus-plan_ID0000012,None,auxiliary,0,1677837951.0,,,1677837971.0,,,0.0,1677837971.0,1677837976.0,,,0.0,1677837976.0,1677837981.0,20.0,,0.0,5.0,5.0,,,,,poseidon,local,host-10-100-100-12.openstacklocal,pegasus::rc-client,/home/poseidon/pegasus-5.1.0panorama/bin/pegasus-rc-client,"-n pegasus::rc-client -N null -R local  -L xgboost_hp_tuning_group_0 -T 2023-03-03T10:00:16+00:00 /home/poseidon/pegasus-5.1.0panorama/bin/pegasus-rc-client --prefix pegasus.catalog.replica.output --conf /home/poseidon/workflows/predict-future-sales-workflow/submit/poseidon/pegasus/predict-future-sales/run0391/00/00/./xgboost_hp_tuning_group_0.000/pegasus.4964386268725077361.properties -v --meta /home/poseidon/workflows/predict-future-sales-workflow/submit/poseidon/pegasus/predict-future-sales/run0391/00/00/./xgboost_hp_tuning_group_0.000/00/00/xgboost_hp_tuning_ID0000018.meta,/home/poseidon/workflows/predict-future-sales-workflow/submit/poseidon/pegasus/predict-future-sales/run0391/00/00/./xgboost_hp_tuning_group_0.000/00/00/xgboost_hp_tuning_ID0000002.meta,/home/poseidon/workflows/predict-future-sales-workflow/submit/poseidon/pegasus/predict-future-sales/run0391/00/00/./xgboost_hp_tuning_group_0.000/00/00/xgboost_hp_tuning_ID0000005.meta,/home/poseidon/workflows/predict-future-sales-workflow/submit/poseidon/pegasus/predict-future-sales/run0391/00/00/./xgboost_hp_tuning_group_0.000/00/00/xgboost_hp_tuning_ID0000009.meta,/home/poseidon/workflows/predict-future-sales-workflow/submit/poseidon/pegasus/predict-future-sales/run0391/00/00/./xgboost_hp_tuning_group_0.000/00/00/xgboost_hp_tuning_ID0000015.meta,/home/poseidon/workflows/predict-future-sales-workflow/submit/poseidon/pegasus/predict-future-sales/run0391/00/00/./xgboost_hp_tuning_group_0.000/00/00/xgboost_hp_tuning_ID0000012.meta,/home/poseidon/workflows/predict-future-sales-workflow/submit/poseidon/pegasus/predict-future-sales/run0391/00/00/./xgboost_hp_tuning_group_0.000/00/00/xgboost_hp_tuning_ID0000010.meta,/home/poseidon/workflows/predict-future-sales-workflow/submit/poseidon/pegasus/predict-future-sales/run0391/00/00/./xgboost_hp_tuning_group_0.000/00/00/xgboost_hp_tuning_ID0000008.meta --insert /home/poseidon/workflows/predict-future-sales-workflow/submit/poseidon/pegasus/predict-future-sales/run0391/00/00/./xgboost_hp_tuning_group_0.000/00/00/register_condorpool_0_0.in",3.1,0,0,,,,,,,,,
xgboost_best_params_ID0000024_pegasus-plan_ID0000016,None,compute,0,1677837951.0,,,1677837956.0,1677838190.0,1677838207.0,33219790.4,1677838241.0,1677838281.0,1677838214.0,1677838218.0,248.0,1677838281.0,1677838286.0,5.0,,285.0,40.0,5.0,17.0,368018659.0,4.0,1058.0,poseidon,condorpool,poseidon-worker-2-container-16-23,xgboost_best_params,/srv/xgboost_best_params,,0.0,0,0,,,,,,,,,
stage_out_local_condorpool_0_1_pegasus-plan_ID0000016,None,transfer,0,1677837951.0,,,1677837956.0,,,0.0,1677837956.0,1677837966.0,1677837956.0,1677837960.0,2108.0,1677837966.0,1677837971.0,5.0,,0.0,10.0,5.0,,,4.0,8504.0,poseidon,local,host-10-100-100-12.openstacklocal,pegasus::transfer,/home/poseidon/pegasus-5.1.0panorama/bin/pegasus-transfer,/home/poseidon/pegasus-5.1.0panorama/bin/../bin/pegasus-kickstart  -n pegasus::transfer -N null -i - -R local  -L xgboost_hp_tuning_group_1 -T 2023-03-03T10:00:16+00:00 /home/poseidon/pegasus-5.1.0panorama/bin/../bin/pegasus-transfer  --threads 2,1.1,0,0,,,,,,,,,
stage_out_local_condorpool_0_0_pegasus-plan_ID0000016,None,transfer,0,1677837951.0,,,1677837956.0,,,0.0,1677837956.0,1677837966.0,1677837956.0,1677837960.0,2100.0,1677837966.0,1677837971.0,5.0,,0.0,10.0,5.0,,,4.0,8468.0,poseidon,local,host-10-100-100-12.openstacklocal,pegasus::transfer,/home/poseidon/pegasus-5.1.0panorama/bin/pegasus-transfer,/home/poseidon/pegasus-5.1.0panorama/bin/../bin/pegasus-kickstart  -n pegasus::transfer -N null -i - -R local  -L xgboost_hp_tuning_group_1 -T 2023-03-03T10:00:16+00:00 /home/poseidon/pegasus-5.1.0panorama/bin/../bin/pegasus-transfer  --threads 2,1.1,0,0,,,,,,,,,
register_condorpool_0_1_pegasus-plan_ID0000016,None,auxiliary,0,1677837971.0,,,1677837996.0,,,0.0,1677837996.0,1677838001.0,,,0.0,1677838001.0,1677838006.0,25.0,,0.0,5.0,5.0,,,,,poseidon,local,host-10-100-100-12.openstacklocal,pegasus::rc-client,/home/poseidon/pegasus-5.1.0panorama/bin/pegasus-rc-client,"-n pegasus::rc-client -N null -R local  -L xgboost_hp_tuning_group_1 -T 2023-03-03T10:00:16+00:00 /home/poseidon/pegasus-5.1.0panorama/bin/pegasus-rc-client --prefix pegasus.catalog.replica.output --conf /home/poseidon/workflows/predict-future-sales-workflow/submit/poseidon/pegasus/predict-future-sales/run0391/00/00/./xgboost_hp_tuning_group_1.000/pegasus.12638625255561250627.properties -v --meta /home/poseidon/workflows/predict-future-sales-workflow/submit/poseidon/pegasus/predict-future-sales/run0391/00/00/./xgboost_hp_tuning_group_1.000/00/00/xgboost_hp_tuning_ID0000019.meta,/home/poseidon/workflows/predict-future-sales-workflow/submit/poseidon/pegasus/predict-future-sales/run0391/00/00/./xgboost_hp_tuning_group_1.000/00/00/xgboost_hp_tuning_ID0000003.meta,/home/poseidon/workflows/predict-future-sales-workflow/submit/poseidon/pegasus/predict-future-sales/run0391/00/00/./xgboost_hp_tuning_group_1.000/00/00/xgboost_hp_tuning_ID0000006.meta,/home/poseidon/workflows/predict-future-sales-workflow/submit/poseidon/pegasus/predict-future-sales/run0391/00/00/./xgboost_hp_tuning_group_1.000/00/00/xgboost_hp_tuning_ID0000016.meta,/home/poseidon/workflows/predict-future-sales-workflow/submit/poseidon/pegasus/predict-future-sales/run0391/00/00/./xgboost_hp_tuning_group_1.000/00/00/xgboost_hp_tuning_ID0000013.meta,/home/poseidon/workflows/predict-future-sales-workflow/submit/poseidon/pegasus/predict-future-sales/run0391/00/00/./xgboost_hp_tuning_group_1.000/00/00/xgboost_hp_tuning_ID0000023.meta,/home/poseidon/workflows/predict-future-sales-workflow/submit/poseidon/pegasus/predict-future-sales/run0391/00/00/./xgboost_hp_tuning_group_1.000/00/00/xgboost_hp_tuning_ID0000011.meta,/home/poseidon/workflows/predict-future-sales-workflow/submit/poseidon/pegasus/predict-future-sales/run0391/00/00/./xgboost_hp_tuning_group_1.000/00/00/xgboost_hp_tuning_ID0000021.meta --insert /home/poseidon/workflows/predict-future-sales-workflow/submit/poseidon/pegasus/predict-future-sales/run0391/00/00/./xgboost_hp_tuning_group_1.000/00/00/register_condorpool_0_1.in",2.9,0,0,,,,,,,,,
register_condorpool_0_0_pegasus-plan_ID0000016,None,auxiliary,0,1677837971.0,,,1677837986.0,,,0.0,1677837987.0,1677837991.0,,,0.0,1677837991.0,1677837996.0,15.0,,1.0,4.0,5.0,,,,,poseidon,local,host-10-100-100-12.openstacklocal,pegasus::rc-client,/home/poseidon/pegasus-5.1.0panorama/bin/pegasus-rc-client,"-n pegasus::rc-client -N null -R local  -L xgboost_hp_tuning_group_1 -T 2023-03-03T10:00:16+00:00 /home/poseidon/pegasus-5.1.0panorama/bin/pegasus-rc-client --prefix pegasus.catalog.replica.output --conf /home/poseidon/workflows/predict-future-sales-workflow/submit/poseidon/pegasus/predict-future-sales/run0391/00/00/./xgboost_hp_tuning_group_1.000/pegasus.12638625255561250627.properties -v --meta /home/poseidon/workflows/predict-future-sales-workflow/submit/poseidon/pegasus/predict-future-sales/run0391/00/00/./xgboost_hp_tuning_group_1.000/00/00/xgboost_hp_tuning_ID0000018.meta,/home/poseidon/workflows/predict-future-sales-workflow/submit/poseidon/pegasus/predict-future-sales/run0391/00/00/./xgboost_hp_tuning_group_1.000/00/00/xgboost_hp_tuning_ID0000009.meta,/home/poseidon/workflows/predict-future-sales-workflow/submit/poseidon/pegasus/predict-future-sales/run0391/00/00/./xgboost_hp_tuning_group_1.000/00/00/xgboost_hp_tuning_ID0000012.meta,/home/poseidon/workflows/predict-future-sales-workflow/submit/poseidon/pegasus/predict-future-sales/run0391/00/00/./xgboost_hp_tuning_group_1.000/00/00/xgboost_hp_tuning_ID0000008.meta,/home/poseidon/workflows/predict-future-sales-workflow/submit/poseidon/pegasus/predict-future-sales/run0391/00/00/./xgboost_hp_tuning_group_1.000/00/00/xgboost_hp_tuning_ID0000010.meta,/home/poseidon/workflows/predict-future-sales-workflow/submit/poseidon/pegasus/predict-future-sales/run0391/00/00/./xgboost_hp_tuning_group_1.000/00/00/xgboost_hp_tuning_ID0000002.meta,/home/poseidon/workflows/predict-future-sales-workflow/submit/poseidon/pegasus/predict-future-sales/run0391/00/00/./xgboost_hp_tuning_group_1.000/00/00/xgboost_hp_tuning_ID0000005.meta,/home/poseidon/workflows/predict-future-sales-workflow/submit/poseidon/pegasus/predict-future-sales/run0391/00/00/./xgboost_hp_tuning_group_1.000/00/00/xgboost_hp_tuning_ID0000015.meta --insert /home/poseidon/workflows/predict-future-sales-workflow/submit/poseidon/pegasus/predict-future-sales/run0391/00/00/./xgboost_hp_tuning_group_1.000/00/00/register_condorpool_0_0.in",3.0,0,0,,,,,,,,,
register_condorpool_0_2_pegasus-plan_ID0000016,None,auxiliary,0,1677837971.0,,,1677837976.0,,,0.0,1677837976.0,1677837981.0,,,0.0,1677837981.0,1677837986.0,5.0,,0.0,5.0,5.0,,,,,poseidon,local,host-10-100-100-12.openstacklocal,pegasus::rc-client,/home/poseidon/pegasus-5.1.0panorama/bin/pegasus-rc-client,"-n pegasus::rc-client -N null -R local  -L xgboost_hp_tuning_group_1 -T 2023-03-03T10:00:16+00:00 /home/poseidon/pegasus-5.1.0panorama/bin/pegasus-rc-client --prefix pegasus.catalog.replica.output --conf /home/poseidon/workflows/predict-future-sales-workflow/submit/poseidon/pegasus/predict-future-sales/run0391/00/00/./xgboost_hp_tuning_group_1.000/pegasus.12638625255561250627.properties -v --meta /home/poseidon/workflows/predict-future-sales-workflow/submit/poseidon/pegasus/predict-future-sales/run0391/00/00/./xgboost_hp_tuning_group_1.000/00/00/xgboost_hp_tuning_ID0000014.meta,/home/poseidon/workflows/predict-future-sales-workflow/submit/poseidon/pegasus/predict-future-sales/run0391/00/00/./xgboost_hp_tuning_group_1.000/00/00/xgboost_hp_tuning_ID0000001.meta,/home/poseidon/workflows/predict-future-sales-workflow/submit/poseidon/pegasus/predict-future-sales/run0391/00/00/./xgboost_hp_tuning_group_1.000/00/00/xgboost_hp_tuning_ID0000007.meta,/home/poseidon/workflows/predict-future-sales-workflow/submit/poseidon/pegasus/predict-future-sales/run0391/00/00/./xgboost_hp_tuning_group_1.000/00/00/xgboost_hp_tuning_ID0000004.meta,/home/poseidon/workflows/predict-future-sales-workflow/submit/poseidon/pegasus/predict-future-sales/run0391/00/00/./xgboost_hp_tuning_group_1.000/00/00/xgboost_hp_tuning_ID0000022.meta,/home/poseidon/workflows/predict-future-sales-workflow/submit/poseidon/pegasus/predict-future-sales/run0391/00/00/./xgboost_hp_tuning_group_1.000/00/00/xgboost_hp_tuning_ID0000020.meta,/home/poseidon/workflows/predict-future-sales-workflow/submit/poseidon/pegasus/predict-future-sales/run0391/00/00/./xgboost_hp_tuning_group_1.000/00/00/xgboost_hp_tuning_ID0000017.meta --insert /home/poseidon/workflows/predict-future-sales-workflow/submit/poseidon/pegasus/predict-future-sales/run0391/00/00/./xgboost_hp_tuning_group_1.000/00/00/register_condorpool_0_2.in",2.9,0,0,,,,,,,,,
stage_out_local_condorpool_1_0_pegasus-plan_ID0000016,None,transfer,0,1677838286.0,,,1677838291.0,,,0.0,1677838291.0,1677838301.0,1677838292.0,1677838296.0,1229.0,1677838301.0,1677838306.0,5.0,,0.0,10.0,5.0,,,4.0,5290.0,poseidon,local,host-10-100-100-12.openstacklocal,pegasus::transfer,/home/poseidon/pegasus-5.1.0panorama/bin/pegasus-transfer,/home/poseidon/pegasus-5.1.0panorama/bin/../bin/pegasus-kickstart  -n pegasus::transfer -N null -i - -R local  -L xgboost_hp_tuning_group_1 -T 2023-03-03T10:00:16+00:00 /home/poseidon/pegasus-5.1.0panorama/bin/../bin/pegasus-transfer  --threads 2,0.7,0,0,,,,,,,,,
register_condorpool_1_0_pegasus-plan_ID0000016,None,auxiliary,0,1677838306.0,,,1677838311.0,,,0.0,1677838311.0,1677838316.0,,,0.0,1677838316.0,1677838321.0,5.0,,0.0,5.0,5.0,,,,,poseidon,local,host-10-100-100-12.openstacklocal,pegasus::rc-client,/home/poseidon/pegasus-5.1.0panorama/bin/pegasus-rc-client,-n pegasus::rc-client -N null -R local  -L xgboost_hp_tuning_group_1 -T 2023-03-03T10:00:16+00:00 /home/poseidon/pegasus-5.1.0panorama/bin/pegasus-rc-client --prefix pegasus.catalog.replica.output --conf /home/poseidon/workflows/predict-future-sales-workflow/submit/poseidon/pegasus/predict-future-sales/run0391/00/00/./xgboost_hp_tuning_group_1.000/pegasus.12638625255561250627.properties -v --meta /home/poseidon/workflows/predict-future-sales-workflow/submit/poseidon/pegasus/predict-future-sales/run0391/00/00/./xgboost_hp_tuning_group_1.000/00/00/xgboost_best_params_ID0000024.meta --insert /home/poseidon/workflows/predict-future-sales-workflow/submit/poseidon/pegasus/predict-future-sales/run0391/00/00/./xgboost_hp_tuning_group_1.000/00/00/register_condorpool_1_0.in,3.0,0,0,,,,,,,,,
xgboost_model_ID0000017,hdd_5,compute,0,1677838324.0,,,1677838329.0,1677838290.0,1677838339.0,42476491.0,1677838341.0,1677838474.0,1677838410.0,1677838415.0,171225.0,1677838474.0,1677838479.0,5.0,,12.0,133.0,5.0,49.0,377645125.0,5.0,763307.0,poseidon,condorpool,poseidon-worker-1-container-8-15,xgboost_model,/srv/xgboost_model,,8.0,0,0,,,,,,,,,
stage_out_local_condorpool_1_0_pegasus-plan_ID0000012,None,transfer,0,1677838326.0,,,1677838331.0,,,0.0,1677838335.0,1677838346.0,1677838336.0,1677838340.0,1232.0,1677838346.0,1677838351.0,5.0,,4.0,11.0,5.0,,,4.0,5310.0,poseidon,local,host-10-100-100-12.openstacklocal,pegasus::transfer,/home/poseidon/pegasus-5.1.0panorama/bin/pegasus-transfer,/home/poseidon/pegasus-5.1.0panorama/bin/../bin/pegasus-kickstart  -n pegasus::transfer -N null -i - -R local  -L xgboost_hp_tuning_group_0 -T 2023-03-03T10:00:16+00:00 /home/poseidon/pegasus-5.1.0panorama/bin/../bin/pegasus-transfer  --threads 2,0.7,0,0,,,,,,,,,
register_condorpool_1_0_pegasus-plan_ID0000012,None,auxiliary,0,1677838351.0,,,1677838356.0,,,0.0,1677838356.0,1677838361.0,,,0.0,1677838361.0,1677838366.0,5.0,,0.0,5.0,5.0,,,,,poseidon,local,host-10-100-100-12.openstacklocal,pegasus::rc-client,/home/poseidon/pegasus-5.1.0panorama/bin/pegasus-rc-client,-n pegasus::rc-client -N null -R local  -L xgboost_hp_tuning_group_0 -T 2023-03-03T10:00:16+00:00 /home/poseidon/pegasus-5.1.0panorama/bin/pegasus-rc-client --prefix pegasus.catalog.replica.output --conf /home/poseidon/workflows/predict-future-sales-workflow/submit/poseidon/pegasus/predict-future-sales/run0391/00/00/./xgboost_hp_tuning_group_0.000/pegasus.4964386268725077361.properties -v --meta /home/poseidon/workflows/predict-future-sales-workflow/submit/poseidon/pegasus/predict-future-sales/run0391/00/00/./xgboost_hp_tuning_group_0.000/00/00/xgboost_best_params_ID0000024.meta --insert /home/poseidon/workflows/predict-future-sales-workflow/submit/poseidon/pegasus/predict-future-sales/run0391/00/00/./xgboost_hp_tuning_group_0.000/00/00/register_condorpool_1_0.in,3.0,0,0,,,,,,,,,
xgboost_model_ID0000013,None,compute,0,1677838369.0,,,1677838374.0,1677838324.0,1677838344.0,46631878.8,1677838376.0,1677838424.0,1677838357.0,1677838361.0,213823.0,1677838424.0,1677838429.0,5.0,,2.0,48.0,5.0,20.0,502671192.0,4.0,950820.0,poseidon,condorpool,poseidon-worker-3-container-32-39,xgboost_model,/srv/xgboost_model,,26.0,0,0,,,,,,,,,
model_predict_ID0000014,None,compute,0,1677838429.0,,,1677838434.0,1677838384.0,1677838403.0,42006806.2,1677838436.0,1677838479.0,1677838411.0,1677838415.0,103865.0,1677838479.0,1677838484.0,5.0,,2.0,43.0,5.0,19.0,371138564.0,4.0,451213.0,poseidon,condorpool,poseidon-worker-3-container-32-39,model_predict,/srv/model_predict,,2.9,0,0,,,,,,,,,
model_predict_ID0000018,None,compute,0,1677838479.0,,,1677838484.0,1677838434.0,1677838452.0,41685542.0,1677838485.0,1677838524.0,1677838460.0,1677838464.0,5994.0,1677838524.0,1677838529.0,5.0,,1.0,39.0,5.0,18.0,368865364.0,4.0,25035.0,poseidon,condorpool,poseidon-worker-3-container-32-39,model_predict,/srv/model_predict,,2.3,0,0,,,,,,,,,
stage_out_local_condorpool_0_2_pegasus-plan_ID0000020,None,transfer,0,1677838656.0,,,1677838661.0,,,0.0,1677838661.0,1677838671.0,1677838661.0,1677838665.0,1841.0,1677838671.0,1677838676.0,5.0,,0.0,10.0,5.0,,,4.0,7430.0,poseidon,local,host-10-100-100-12.openstacklocal,pegasus::transfer,/home/poseidon/pegasus-5.1.0panorama/bin/pegasus-transfer,/home/poseidon/pegasus-5.1.0panorama/bin/../bin/pegasus-kickstart  -n pegasus::transfer -N null -i - -R local  -L xgboost_hp_tuning_group_2 -T 2023-03-03T10:00:16+00:00 /home/poseidon/pegasus-5.1.0panorama/bin/../bin/pegasus-transfer  --threads 2,1.0,0,0,,,,,,,,,
stage_out_local_condorpool_0_1_pegasus-plan_ID0000020,None,transfer,0,1677838671.0,,,1677838676.0,,,0.0,1677838676.0,1677838686.0,1677838677.0,1677838681.0,2110.0,1677838686.0,1677838691.0,5.0,,0.0,10.0,5.0,,,4.0,8510.0,poseidon,local,host-10-100-100-12.openstacklocal,pegasus::transfer,/home/poseidon/pegasus-5.1.0panorama/bin/pegasus-transfer,/home/poseidon/pegasus-5.1.0panorama/bin/../bin/pegasus-kickstart  -n pegasus::transfer -N null -i - -R local  -L xgboost_hp_tuning_group_2 -T 2023-03-03T10:00:16+00:00 /home/poseidon/pegasus-5.1.0panorama/bin/../bin/pegasus-transfer  --threads 2,1.1,0,0,,,,,,,,,
register_condorpool_0_2_pegasus-plan_ID0000020,None,auxiliary,0,1677838676.0,,,1677838681.0,,,0.0,1677838682.0,1677838686.0,,,0.0,1677838686.0,1677838691.0,5.0,,1.0,4.0,5.0,,,,,poseidon,local,host-10-100-100-12.openstacklocal,pegasus::rc-client,/home/poseidon/pegasus-5.1.0panorama/bin/pegasus-rc-client,"-n pegasus::rc-client -N null -R local  -L xgboost_hp_tuning_group_2 -T 2023-03-03T10:00:16+00:00 /home/poseidon/pegasus-5.1.0panorama/bin/pegasus-rc-client --prefix pegasus.catalog.replica.output --conf /home/poseidon/workflows/predict-future-sales-workflow/submit/poseidon/pegasus/predict-future-sales/run0391/00/00/./xgboost_hp_tuning_group_2.000/pegasus.13571544299844867819.properties -v --meta /home/poseidon/workflows/predict-future-sales-workflow/submit/poseidon/pegasus/predict-future-sales/run0391/00/00/./xgboost_hp_tuning_group_2.000/00/00/xgboost_hp_tuning_ID0000017.meta,/home/poseidon/workflows/predict-future-sales-workflow/submit/poseidon/pegasus/predict-future-sales/run0391/00/00/./xgboost_hp_tuning_group_2.000/00/00/xgboost_hp_tuning_ID0000022.meta,/home/poseidon/workflows/predict-future-sales-workflow/submit/poseidon/pegasus/predict-future-sales/run0391/00/00/./xgboost_hp_tuning_group_2.000/00/00/xgboost_hp_tuning_ID0000007.meta,/home/poseidon/workflows/predict-future-sales-workflow/submit/poseidon/pegasus/predict-future-sales/run0391/00/00/./xgboost_hp_tuning_group_2.000/00/00/xgboost_hp_tuning_ID0000020.meta,/home/poseidon/workflows/predict-future-sales-workflow/submit/poseidon/pegasus/predict-future-sales/run0391/00/00/./xgboost_hp_tuning_group_2.000/00/00/xgboost_hp_tuning_ID0000001.meta,/home/poseidon/workflows/predict-future-sales-workflow/submit/poseidon/pegasus/predict-future-sales/run0391/00/00/./xgboost_hp_tuning_group_2.000/00/00/xgboost_hp_tuning_ID0000004.meta,/home/poseidon/workflows/predict-future-sales-workflow/submit/poseidon/pegasus/predict-future-sales/run0391/00/00/./xgboost_hp_tuning_group_2.000/00/00/xgboost_hp_tuning_ID0000014.meta --insert /home/poseidon/workflows/predict-future-sales-workflow/submit/poseidon/pegasus/predict-future-sales/run0391/00/00/./xgboost_hp_tuning_group_2.000/00/00/register_condorpool_0_2.in",3.1,0,0,,,,,,,,,
xgboost_best_params_ID0000024_pegasus-plan_ID0000020,None,compute,0,1677838676.0,,,1677838681.0,1677838631.0,1677838649.0,33275334.2,1677838683.0,1677838721.0,1677838655.0,1677838659.0,251.0,1677838721.0,1677838726.0,5.0,,2.0,38.0,5.0,18.0,368018668.0,4.0,1061.0,poseidon,condorpool,poseidon-worker-2-container-40-47,xgboost_best_params,/srv/xgboost_best_params,,0.0,0,0,,,,,,,,,
stage_out_local_condorpool_0_0_pegasus-plan_ID0000020,None,transfer,0,1677838676.0,,,1677838681.0,,,0.0,1677838682.0,1677838691.0,1677838682.0,1677838686.0,2097.0,1677838691.0,1677838696.0,5.0,,1.0,9.0,5.0,,,4.0,8459.0,poseidon,local,host-10-100-100-12.openstacklocal,pegasus::transfer,/home/poseidon/pegasus-5.1.0panorama/bin/pegasus-transfer,/home/poseidon/pegasus-5.1.0panorama/bin/../bin/pegasus-kickstart  -n pegasus::transfer -N null -i - -R local  -L xgboost_hp_tuning_group_2 -T 2023-03-03T10:00:16+00:00 /home/poseidon/pegasus-5.1.0panorama/bin/../bin/pegasus-transfer  --threads 2,1.1,0,0,,,,,,,,,
register_condorpool_0_1_pegasus-plan_ID0000020,None,auxiliary,0,1677838691.0,,,1677838696.0,,,0.0,1677838696.0,1677838701.0,,,0.0,1677838701.0,1677838706.0,5.0,,0.0,5.0,5.0,,,,,poseidon,local,host-10-100-100-12.openstacklocal,pegasus::rc-client,/home/poseidon/pegasus-5.1.0panorama/bin/pegasus-rc-client,"-n pegasus::rc-client -N null -R local  -L xgboost_hp_tuning_group_2 -T 2023-03-03T10:00:16+00:00 /home/poseidon/pegasus-5.1.0panorama/bin/pegasus-rc-client --prefix pegasus.catalog.replica.output --conf /home/poseidon/workflows/predict-future-sales-workflow/submit/poseidon/pegasus/predict-future-sales/run0391/00/00/./xgboost_hp_tuning_group_2.000/pegasus.13571544299844867819.properties -v --meta /home/poseidon/workflows/predict-future-sales-workflow/submit/poseidon/pegasus/predict-future-sales/run0391/00/00/./xgboost_hp_tuning_group_2.000/00/00/xgboost_hp_tuning_ID0000013.meta,/home/poseidon/workflows/predict-future-sales-workflow/submit/poseidon/pegasus/predict-future-sales/run0391/00/00/./xgboost_hp_tuning_group_2.000/00/00/xgboost_hp_tuning_ID0000023.meta,/home/poseidon/workflows/predict-future-sales-workflow/submit/poseidon/pegasus/predict-future-sales/run0391/00/00/./xgboost_hp_tuning_group_2.000/00/00/xgboost_hp_tuning_ID0000011.meta,/home/poseidon/workflows/predict-future-sales-workflow/submit/poseidon/pegasus/predict-future-sales/run0391/00/00/./xgboost_hp_tuning_group_2.000/00/00/xgboost_hp_tuning_ID0000006.meta,/home/poseidon/workflows/predict-future-sales-workflow/submit/poseidon/pegasus/predict-future-sales/run0391/00/00/./xgboost_hp_tuning_group_2.000/00/00/xgboost_hp_tuning_ID0000003.meta,/home/poseidon/workflows/predict-future-sales-workflow/submit/poseidon/pegasus/predict-future-sales/run0391/00/00/./xgboost_hp_tuning_group_2.000/00/00/xgboost_hp_tuning_ID0000021.meta,/home/poseidon/workflows/predict-future-sales-workflow/submit/poseidon/pegasus/predict-future-sales/run0391/00/00/./xgboost_hp_tuning_group_2.000/00/00/xgboost_hp_tuning_ID0000019.meta,/home/poseidon/workflows/predict-future-sales-workflow/submit/poseidon/pegasus/predict-future-sales/run0391/00/00/./xgboost_hp_tuning_group_2.000/00/00/xgboost_hp_tuning_ID0000016.meta --insert /home/poseidon/workflows/predict-future-sales-workflow/submit/poseidon/pegasus/predict-future-sales/run0391/00/00/./xgboost_hp_tuning_group_2.000/00/00/register_condorpool_0_1.in",3.1,0,0,,,,,,,,,
register_condorpool_0_0_pegasus-plan_ID0000020,None,auxiliary,0,1677838696.0,,,1677838706.0,,,0.0,1677838706.0,1677838711.0,,,0.0,1677838711.0,1677838716.0,10.0,,0.0,5.0,5.0,,,,,poseidon,local,host-10-100-100-12.openstacklocal,pegasus::rc-client,/home/poseidon/pegasus-5.1.0panorama/bin/pegasus-rc-client,"-n pegasus::rc-client -N null -R local  -L xgboost_hp_tuning_group_2 -T 2023-03-03T10:00:16+00:00 /home/poseidon/pegasus-5.1.0panorama/bin/pegasus-rc-client --prefix pegasus.catalog.replica.output --conf /home/poseidon/workflows/predict-future-sales-workflow/submit/poseidon/pegasus/predict-future-sales/run0391/00/00/./xgboost_hp_tuning_group_2.000/pegasus.13571544299844867819.properties -v --meta /home/poseidon/workflows/predict-future-sales-workflow/submit/poseidon/pegasus/predict-future-sales/run0391/00/00/./xgboost_hp_tuning_group_2.000/00/00/xgboost_hp_tuning_ID0000018.meta,/home/poseidon/workflows/predict-future-sales-workflow/submit/poseidon/pegasus/predict-future-sales/run0391/00/00/./xgboost_hp_tuning_group_2.000/00/00/xgboost_hp_tuning_ID0000002.meta,/home/poseidon/workflows/predict-future-sales-workflow/submit/poseidon/pegasus/predict-future-sales/run0391/00/00/./xgboost_hp_tuning_group_2.000/00/00/xgboost_hp_tuning_ID0000005.meta,/home/poseidon/workflows/predict-future-sales-workflow/submit/poseidon/pegasus/predict-future-sales/run0391/00/00/./xgboost_hp_tuning_group_2.000/00/00/xgboost_hp_tuning_ID0000009.meta,/home/poseidon/workflows/predict-future-sales-workflow/submit/poseidon/pegasus/predict-future-sales/run0391/00/00/./xgboost_hp_tuning_group_2.000/00/00/xgboost_hp_tuning_ID0000015.meta,/home/poseidon/workflows/predict-future-sales-workflow/submit/poseidon/pegasus/predict-future-sales/run0391/00/00/./xgboost_hp_tuning_group_2.000/00/00/xgboost_hp_tuning_ID0000012.meta,/home/poseidon/workflows/predict-future-sales-workflow/submit/poseidon/pegasus/predict-future-sales/run0391/00/00/./xgboost_hp_tuning_group_2.000/00/00/xgboost_hp_tuning_ID0000010.meta,/home/poseidon/workflows/predict-future-sales-workflow/submit/poseidon/pegasus/predict-future-sales/run0391/00/00/./xgboost_hp_tuning_group_2.000/00/00/xgboost_hp_tuning_ID0000008.meta --insert /home/poseidon/workflows/predict-future-sales-workflow/submit/poseidon/pegasus/predict-future-sales/run0391/00/00/./xgboost_hp_tuning_group_2.000/00/00/register_condorpool_0_0.in",3.2,0,0,,,,,,,,,
stage_out_local_condorpool_1_0_pegasus-plan_ID0000020,None,transfer,0,1677838726.0,,,1677838731.0,,,0.0,1677838731.0,1677838741.0,1677838732.0,1677838736.0,1233.0,1677838741.0,1677838746.0,5.0,,0.0,10.0,5.0,,,4.0,5305.0,poseidon,local,host-10-100-100-12.openstacklocal,pegasus::transfer,/home/poseidon/pegasus-5.1.0panorama/bin/pegasus-transfer,/home/poseidon/pegasus-5.1.0panorama/bin/../bin/pegasus-kickstart  -n pegasus::transfer -N null -i - -R local  -L xgboost_hp_tuning_group_2 -T 2023-03-03T10:00:16+00:00 /home/poseidon/pegasus-5.1.0panorama/bin/../bin/pegasus-transfer  --threads 2,0.7,0,0,,,,,,,,,
register_condorpool_1_0_pegasus-plan_ID0000020,None,auxiliary,0,1677838746.0,,,1677838751.0,,,0.0,1677838752.0,1677838756.0,,,0.0,1677838756.0,1677838761.0,5.0,,1.0,4.0,5.0,,,,,poseidon,local,host-10-100-100-12.openstacklocal,pegasus::rc-client,/home/poseidon/pegasus-5.1.0panorama/bin/pegasus-rc-client,-n pegasus::rc-client -N null -R local  -L xgboost_hp_tuning_group_2 -T 2023-03-03T10:00:16+00:00 /home/poseidon/pegasus-5.1.0panorama/bin/pegasus-rc-client --prefix pegasus.catalog.replica.output --conf /home/poseidon/workflows/predict-future-sales-workflow/submit/poseidon/pegasus/predict-future-sales/run0391/00/00/./xgboost_hp_tuning_group_2.000/pegasus.13571544299844867819.properties -v --meta /home/poseidon/workflows/predict-future-sales-workflow/submit/poseidon/pegasus/predict-future-sales/run0391/00/00/./xgboost_hp_tuning_group_2.000/00/00/xgboost_best_params_ID0000024.meta --insert /home/poseidon/workflows/predict-future-sales-workflow/submit/poseidon/pegasus/predict-future-sales/run0391/00/00/./xgboost_hp_tuning_group_2.000/00/00/register_condorpool_1_0.in,3.0,0,0,,,,,,,,,
xgboost_model_ID0000021,None,compute,0,1677838764.0,,,1677838769.0,1677838731.0,1677838763.0,68979853.0,1677838783.0,1677838959.0,1677838891.0,1677838896.0,1525913.0,1677838959.0,1677838964.0,5.0,,14.0,176.0,5.0,32.0,1691152082.0,5.0,6969062.0,poseidon,condorpool,poseidon-worker-3-container-32-39,xgboost_model,/srv/xgboost_model,,729.4,0,0,0.0,1348833004.0,24449.0,5342.0,8.0,658.5,15.4,12262118.2,2444.9
stage_out_local_local_5_0,None,transfer,0,1677838764.0,,,1677838769.0,,,0.0,1677838769.0,1677838779.0,1677838770.0,1677838774.0,788.0,1677838779.0,1677838784.0,5.0,,0.0,10.0,5.0,,,4.0,3181.0,poseidon,local,host-10-100-100-12.openstacklocal,pegasus::transfer,/home/poseidon/pegasus-5.1.0panorama/bin/pegasus-transfer,pegasus-kickstart  -n pegasus::transfer -N null -i - -R local  -L predict-future-sales -T 2023-02-17T19:59:06+00:00 pegasus-transfer  --threads 2,0.3,0,0,,,,,,,,,
cleanup_predict-future-sales_0_local,None,auxiliary,0,1677838784.0,,,1677838789.0,,,0.0,1677838789.0,1677838799.0,,,0.0,1677838799.0,1677838804.0,5.0,,0.0,10.0,5.0,,,,,poseidon,local,host-10-100-100-12.openstacklocal,pegasus::cleanup,/home/poseidon/pegasus-5.1.0panorama/bin/pegasus-transfer,pegasus-kickstart  -n pegasus::cleanup -N null -i - -R local  -L predict-future-sales -T 2023-02-17T19:59:06+00:00 pegasus-transfer,0.3,0,0,,,,,,,,,
stage_out_local_condorpool_6_0,None,transfer,0,1677838964.0,,,1677838969.0,,,0.0,1677838969.0,1677838979.0,1677838969.0,1677838974.0,2152536.0,1677838979.0,1677838984.0,5.0,,0.0,10.0,5.0,,,5.0,8683189.0,poseidon,local,host-10-100-100-12.openstacklocal,pegasus::transfer,/home/poseidon/pegasus-5.1.0panorama/bin/pegasus-transfer,pegasus-kickstart  -n pegasus::transfer -N null -i - -R local  -L predict-future-sales -T 2023-02-17T19:59:06+00:00 pegasus-transfer  --threads 2,0.9,0,0,,,,,,,,,
model_predict_ID0000022,None,compute,0,1677838964.0,,,1677838969.0,1677838919.0,1677838936.0,40630571.3,1677838971.0,1677839009.0,1677838944.0,1677838949.0,1223814.0,1677839009.0,1677839014.0,5.0,,2.0,38.0,5.0,17.0,401973729.0,5.0,5523764.0,poseidon,condorpool,poseidon-worker-3-container-32-39,model_predict,/srv/model_predict,,3.8,0,0,,,,,,,,,
stage_out_local_condorpool_7_0,None,transfer,0,1677839014.0,,,1677839019.0,,,0.0,1677839019.0,1677839029.0,1677839019.0,1677839023.0,1488142.0,1677839029.0,1677839034.0,5.0,,0.0,10.0,5.0,,,4.0,6000012.0,poseidon,local,host-10-100-100-12.openstacklocal,pegasus::transfer,/home/poseidon/pegasus-5.1.0panorama/bin/pegasus-transfer,pegasus-kickstart  -n pegasus::transfer -N null -i - -R local  -L predict-future-sales -T 2023-02-17T19:59:06+00:00 pegasus-transfer  --threads 2,0.6,0,0,,,,,,,,,
predict_merge_ID0000023,None,compute,0,1677839014.0,,,1677839019.0,1677838968.0,1677838986.0,38023617.0,1677839020.0,1677839059.0,1677838993.0,1677838998.0,844176.0,1677839059.0,1677839064.0,5.0,,1.0,39.0,5.0,18.0,377176763.0,5.0,3762864.0,poseidon,condorpool,poseidon-worker-3-container-32-39,predict_merge,/srv/predict_merge,,1.4,0,0,,,,,,,,,
stage_out_local_condorpool_8_0,None,transfer,0,1677839064.0,,,1677839069.0,,,0.0,1677839069.0,1677839079.0,1677839069.0,1677839072.0,1742864.0,1677839079.0,1677839084.0,5.0,,0.0,10.0,5.0,,,3.0,3762864.0,poseidon,local,host-10-100-100-12.openstacklocal,pegasus::transfer,/home/poseidon/pegasus-5.1.0panorama/bin/pegasus-transfer,pegasus-kickstart  -n pegasus::transfer -N null -i - -R local  -L predict-future-sales -T 2023-02-17T19:59:06+00:00 pegasus-transfer  --threads 2,0.4,0,0,,,,,,,,,
cleanup_predict-future-sales_0_condorpool,None,auxiliary,0,1677839084.0,,,1677839089.0,,,0.0,1677839089.0,1677839099.0,,,0.0,1677839099.0,1677839104.0,5.0,,0.0,10.0,5.0,,,,,poseidon,local,host-10-100-100-12.openstacklocal,pegasus::cleanup,/home/poseidon/pegasus-5.1.0panorama/bin/pegasus-transfer,pegasus-kickstart  -n pegasus::cleanup -N null -i - -R local  -L predict-future-sales -T 2023-02-17T19:59:06+00:00 pegasus-transfer,0.3,0,0,,,,,,,,,
