,anomaly_type,type,is_clustered,ready,pre_script_start,pre_script_end,submit,stage_in_start,stage_in_end,stage_in_effective_bytes_per_sec,execute_start,execute_end,stage_out_start,stage_out_end,stage_out_effective_bytes_per_sec,post_script_start,post_script_end,wms_delay,pre_script_delay,queue_delay,runtime,post_script_delay,stage_in_delay,stage_in_bytes,stage_out_delay,stage_out_bytes,kickstart_user,kickstart_site,kickstart_hostname,kickstart_transformations,kickstart_executables,kickstart_executables_argv,kickstart_executables_cpu_time,kickstart_status,kickstart_executables_exitcode,kickstart_online_iowait,kickstart_online_bytes_read,kickstart_online_bytes_written,kickstart_online_read_system_calls,kickstart_online_write_system_calls,kickstart_online_utime,kickstart_online_stime,kickstart_online_bytes_read_per_second,kickstart_online_bytes_written_per_second
create_dir_predict-future-sales_0_local,None,auxiliary,0,1676989595.0,,,1676989596.0,,,0.0,1676989601.0,1676989611.0,,,0.0,1676989611.0,1676989616.0,1.0,,5.0,10.0,5.0,,,,,poseidon,local,host-10-100-100-12.openstacklocal,pegasus::dirmanager,/home/poseidon/pegasus-5.1.0panorama/bin/pegasus-transfer,pegasus-kickstart  -n pegasus::dirmanager -N null -i - -R local  -L predict-future-sales -T 2023-02-17T19:59:06+00:00 pegasus-transfer,0.3,0,0,,,,,,,,,
create_dir_predict-future-sales_0_condorpool,None,auxiliary,0,1676989595.0,,,1676989596.0,,,0.0,1676989601.0,1676989611.0,,,0.0,1676989611.0,1676989616.0,1.0,,5.0,10.0,5.0,,,,,poseidon,local,host-10-100-100-12.openstacklocal,pegasus::dirmanager,/home/poseidon/pegasus-5.1.0panorama/bin/pegasus-transfer,pegasus-kickstart  -n pegasus::dirmanager -N null -i - -R local  -L predict-future-sales -T 2023-02-17T19:59:06+00:00 pegasus-transfer,0.3,0,0,,,,,,,,,
stage_in_local_local_4_0,None,transfer,0,1676989616.0,,,1676989621.0,1676989622.0,1676989624.0,5877.0,1676989622.0,1676989631.0,,,0.0,1676989631.0,1676989636.0,5.0,,1.0,9.0,5.0,2.0,12577.0,,,poseidon,local,host-10-100-100-12.openstacklocal,pegasus::transfer,/home/poseidon/pegasus-5.1.0panorama/bin/pegasus-transfer,pegasus-kickstart  -n pegasus::transfer -N null -i - -R local  -L predict-future-sales -T 2023-02-17T19:59:06+00:00 pegasus-transfer  --threads 2,0.4,0,0,,,,,,,,,
stage_in_local_condorpool_8_0,None,transfer,0,1676989616.0,,,1676989621.0,1676989622.0,1676989626.0,663.0,1676989622.0,1676989631.0,,,0.0,1676989631.0,1676989636.0,5.0,,1.0,9.0,5.0,4.0,2368.0,,,poseidon,local,host-10-100-100-12.openstacklocal,pegasus::transfer,/home/poseidon/pegasus-5.1.0panorama/bin/pegasus-transfer,pegasus-kickstart  -n pegasus::transfer -N null -i - -R local  -L predict-future-sales -T 2023-02-17T19:59:06+00:00 pegasus-transfer  --threads 2,0.5,0,0,,,,,,,,,
stage_in_local_condorpool_3_0,None,transfer,0,1676989616.0,,,1676989621.0,1676989622.0,1676989626.0,2898.0,1676989622.0,1676989631.0,,,0.0,1676989631.0,1676989636.0,5.0,,1.0,9.0,5.0,4.0,12704.0,,,poseidon,local,host-10-100-100-12.openstacklocal,pegasus::transfer,/home/poseidon/pegasus-5.1.0panorama/bin/pegasus-transfer,pegasus-kickstart  -n pegasus::transfer -N null -i - -R local  -L predict-future-sales -T 2023-02-17T19:59:06+00:00 pegasus-transfer  --threads 2,0.6,0,0,,,,,,,,,
stage_in_local_condorpool_2_0,None,transfer,0,1676989616.0,,,1676989621.0,1676989622.0,1676989628.0,9644.0,1676989622.0,1676989636.0,,,0.0,1676989636.0,1676989641.0,5.0,,1.0,14.0,5.0,6.0,55480.0,,,poseidon,local,host-10-100-100-12.openstacklocal,pegasus::transfer,/home/poseidon/pegasus-5.1.0panorama/bin/pegasus-transfer,pegasus-kickstart  -n pegasus::transfer -N null -i - -R local  -L predict-future-sales -T 2023-02-17T19:59:06+00:00 pegasus-transfer  --threads 2,1.1,0,0,,,,,,,,,
stage_in_local_condorpool_1_0,None,transfer,0,1676989616.0,,,1676989621.0,1676989622.0,1676989626.0,3570.0,1676989622.0,1676989636.0,,,0.0,1676989636.0,1676989641.0,5.0,,1.0,14.0,5.0,4.0,15640.0,,,poseidon,local,host-10-100-100-12.openstacklocal,pegasus::transfer,/home/poseidon/pegasus-5.1.0panorama/bin/pegasus-transfer,pegasus-kickstart  -n pegasus::transfer -N null -i - -R local  -L predict-future-sales -T 2023-02-17T19:59:06+00:00 pegasus-transfer  --threads 2,0.6,0,0,,,,,,,,,
stage_in_local_condorpool_0_0,None,transfer,0,1676989616.0,,,1676989621.0,1676989622.0,1676989632.0,94918051.0,1676989622.0,1676989641.0,,,0.0,1676989641.0,1676989646.0,5.0,,1.0,19.0,5.0,10.0,936801734.0,,,poseidon,local,host-10-100-100-12.openstacklocal,pegasus::transfer,/home/poseidon/pegasus-5.1.0panorama/bin/pegasus-transfer,pegasus-kickstart  -n pegasus::transfer -N null -i - -R local  -L predict-future-sales -T 2023-02-17T19:59:06+00:00 pegasus-transfer  --threads 2,5.7,0,0,,,,,,,,,
stage_in_local_condorpool_7_0,None,transfer,0,1676989616.0,,,1676989621.0,1676989622.0,1676989626.0,975.0,1676989622.0,1676989631.0,,,0.0,1676989631.0,1676989636.0,5.0,,1.0,9.0,5.0,4.0,3488.0,,,poseidon,local,host-10-100-100-12.openstacklocal,pegasus::transfer,/home/poseidon/pegasus-5.1.0panorama/bin/pegasus-transfer,pegasus-kickstart  -n pegasus::transfer -N null -i - -R local  -L predict-future-sales -T 2023-02-17T19:59:06+00:00 pegasus-transfer  --threads 2,0.5,0,0,,,,,,,,,
stage_in_local_condorpool_6_0,None,transfer,0,1676989616.0,,,1676989621.0,1676989622.0,1676989626.0,2222.0,1676989622.0,1676989631.0,,,0.0,1676989631.0,1676989636.0,5.0,,1.0,9.0,5.0,4.0,7870.0,,,poseidon,local,host-10-100-100-12.openstacklocal,pegasus::transfer,/home/poseidon/pegasus-5.1.0panorama/bin/pegasus-transfer,pegasus-kickstart  -n pegasus::transfer -N null -i - -R local  -L predict-future-sales -T 2023-02-17T19:59:06+00:00 pegasus-transfer  --threads 2,0.5,0,0,,,,,,,,,
preprocess_ID0000003,None,compute,0,1676989646.0,,,1676989651.0,1676989618.0,1676989635.0,45508132.8,1676989657.0,1676989701.0,1676989647.0,1676989654.0,23310054.0,1676989701.0,1676989706.0,5.0,,6.0,44.0,5.0,17.0,467356066.0,7.0,160257914.0,poseidon,condorpool,poseidon-worker-1-container-40-47,preprocess,/srv/preprocess,,4.1,0,0,,,,,,,,,
nlp_ID0000002,None,compute,0,1676989646.0,,,1676989651.0,1676989617.0,1676989634.0,44986284.5,1676989657.0,1676989926.0,1676989871.0,1676989876.0,609844.0,1676989926.0,1676989931.0,5.0,,6.0,269.0,5.0,17.0,369033604.0,5.0,2755872.0,poseidon,condorpool,poseidon-worker-3-container-24-31,nlp,/srv/nlp,,1402.8,0,0,0.0,21398918.0,8791.0,3059.0,5.0,1394.0,2.5,93038.8,879.1
eda_ID0000001,cpu_3,compute,0,1676989646.0,,,1676989651.0,1676989618.0,1676989635.0,48274026.0,1676989657.0,1676989726.0,1676989675.0,1676989679.0,278388.0,1676989726.0,1676989731.0,5.0,,6.0,69.0,5.0,17.0,464177772.0,4.0,1196753.0,poseidon,condorpool,poseidon-worker-2-container-8-15,eda,/srv/eda,,33.2,0,0,0.1,144954814.0,904563.0,27583.0,43.0,28.1,1.8,4831827.1,30152.1
feature_eng_1_ID0000005,None,compute,0,1676989706.0,,,1676989711.0,1676989674.0,1676989698.0,39573524.7,1676989713.0,1676989781.0,1676989722.0,1676989732.0,38793582.0,1676989781.0,1676989786.0,5.0,,2.0,68.0,5.0,24.0,528250191.0,10.0,393324463.0,poseidon,condorpool,poseidon-worker-1-container-40-47,feature_eng_1,/srv/feature_eng_1,,16.0,0,0,0.0,169643061.0,8.0,1795.0,1.0,7.8,2.1,16964306.1,0.8
feature_eng_0_ID0000004,None,compute,0,1676989706.0,,,1676989711.0,1676989674.0,1676989691.0,39982585.5,1676989713.0,1676989756.0,1676989702.0,1676989707.0,204112.0,1676989756.0,1676989761.0,5.0,,2.0,43.0,5.0,17.0,369949088.0,5.0,893320.0,poseidon,condorpool,poseidon-worker-1-container-40-47,feature_eng_0,/srv/feature_eng_0,,4.9,0,0,,,,,,,,,
feature_eng_5_ID0000009,cpu_3,compute,0,1676989786.0,,,1676989791.0,1676989753.0,1676989775.0,59809795.6,1676989793.0,1676990066.0,1676990003.0,1676990017.0,46935854.0,1676990066.0,1676990071.0,5.0,,2.0,273.0,5.0,22.0,856820455.0,14.0,655540227.0,poseidon,condorpool,poseidon-worker-2-container-8-15,feature_eng_5,/srv/feature_eng_5,,217.3,0,0,0.0,498266306.0,8.0,1957.0,1.0,191.3,18.7,2372696.7,0.8
stage_out_local_condorpool_1_0,None,transfer,0,1676989786.0,,,1676989791.0,,,0.0,1676989791.0,1676989801.0,1676989792.0,1676989796.0,92202311.0,1676989801.0,1676989806.0,5.0,,0.0,10.0,5.0,,,4.0,394217783.0,poseidon,local,host-10-100-100-12.openstacklocal,pegasus::transfer,/home/poseidon/pegasus-5.1.0panorama/bin/pegasus-transfer,pegasus-kickstart  -n pegasus::transfer -N null -i - -R local  -L predict-future-sales -T 2023-02-17T19:59:06+00:00 pegasus-transfer  --threads 2,2.2,0,0,,,,,,,,,
feature_eng_3_ID0000007,None,compute,0,1676989786.0,,,1676989791.0,1676989755.0,1676989784.0,35719357.7,1676989794.0,1676989971.0,1676989901.0,1676989923.0,54081492.0,1676989971.0,1676989976.0,5.0,,3.0,177.0,5.0,29.0,762217561.0,22.0,1179971921.0,poseidon,condorpool,poseidon-worker-1-container-40-47,feature_eng_3,/srv/feature_eng_3,,105.3,0,0,0.0,403679071.0,8.0,1552.0,1.0,68.5,31.5,4036790.7,0.8
feature_eng_4_ID0000008,None,compute,0,1676989786.0,,,1676989791.0,1676989754.0,1676989778.0,49509733.2,1676989793.0,1676989911.0,1676989841.0,1676989863.0,54089869.0,1676989911.0,1676989916.0,5.0,,2.0,118.0,5.0,24.0,761328752.0,22.0,1201824259.0,poseidon,condorpool,poseidon-worker-1-container-40-47,feature_eng_4,/srv/feature_eng_4,,50.8,0,0,0.0,402760233.0,218513623.0,1445.0,8.0,36.9,13.1,8055204.7,10925681.2
feature_eng_2_ID0000006,None,compute,0,1676989786.0,,,1676989791.0,1676989754.0,1676989784.0,38241458.5,1676989793.0,1676990161.0,1676990080.0,1676990110.0,57867659.0,1676990161.0,1676990166.0,5.0,,2.0,368.0,5.0,30.0,761320658.0,30.0,1748107178.0,poseidon,condorpool,poseidon-worker-1-container-40-47,feature_eng_2,/srv/feature_eng_2,,281.6,0,0,0.0,402846493.0,8.0,1810.0,1.0,216.0,64.0,1438737.5,0.8
register_condorpool_1_0,None,auxiliary,0,1676989806.0,,,1676989811.0,,,0.0,1676989811.0,1676989816.0,,,0.0,1676989816.0,1676989821.0,5.0,,0.0,5.0,5.0,,,,,poseidon,local,host-10-100-100-12.openstacklocal,pegasus::rc-client,/home/poseidon/pegasus-5.1.0panorama/bin/pegasus-rc-client,"pegasus-kickstart  -n pegasus::rc-client -N null -R local  -L predict-future-sales -T 2023-02-17T19:59:06+00:00 /home/poseidon/pegasus-5.1.0panorama/bin/pegasus-rc-client --prefix pegasus.catalog.replica.output --conf /home/poseidon/workflows/predict-future-sales-workflow/submit/poseidon/pegasus/predict-future-sales/run0062/pegasus.15861498965230808337.properties -v --meta /home/poseidon/workflows/predict-future-sales-workflow/submit/poseidon/pegasus/predict-future-sales/run0062/00/00/feature_eng_0_ID0000004.meta,/home/poseidon/workflows/predict-future-sales-workflow/submit/poseidon/pegasus/predict-future-sales/run0062/00/00/feature_eng_1_ID0000005.meta --insert /home/poseidon/workflows/predict-future-sales-workflow/submit/poseidon/pegasus/predict-future-sales/run0062/00/00/register_condorpool_1_0.in",2.9,0,0,,,,,,,,,
stage_out_local_condorpool_0_0,None,transfer,0,1676989931.0,,,1676989936.0,,,0.0,1676989936.0,1676989946.0,1676989937.0,1676989941.0,40710709.0,1676989946.0,1676989951.0,5.0,,0.0,10.0,5.0,,,4.0,164210539.0,poseidon,local,host-10-100-100-12.openstacklocal,pegasus::transfer,/home/poseidon/pegasus-5.1.0panorama/bin/pegasus-transfer,pegasus-kickstart  -n pegasus::transfer -N null -i - -R local  -L predict-future-sales -T 2023-02-17T19:59:06+00:00 pegasus-transfer  --threads 2,2.0,0,0,,,,,,,,,
register_condorpool_0_0,None,auxiliary,0,1676989951.0,,,1676989956.0,,,0.0,1676989956.0,1676989961.0,,,0.0,1676989961.0,1676989966.0,5.0,,0.0,5.0,5.0,,,,,poseidon,local,host-10-100-100-12.openstacklocal,pegasus::rc-client,/home/poseidon/pegasus-5.1.0panorama/bin/pegasus-rc-client,"pegasus-kickstart  -n pegasus::rc-client -N null -R local  -L predict-future-sales -T 2023-02-17T19:59:06+00:00 /home/poseidon/pegasus-5.1.0panorama/bin/pegasus-rc-client --prefix pegasus.catalog.replica.output --conf /home/poseidon/workflows/predict-future-sales-workflow/submit/poseidon/pegasus/predict-future-sales/run0062/pegasus.15861498965230808337.properties -v --meta /home/poseidon/workflows/predict-future-sales-workflow/submit/poseidon/pegasus/predict-future-sales/run0062/00/00/eda_ID0000001.meta,/home/poseidon/workflows/predict-future-sales-workflow/submit/poseidon/pegasus/predict-future-sales/run0062/00/00/preprocess_ID0000003.meta,/home/poseidon/workflows/predict-future-sales-workflow/submit/poseidon/pegasus/predict-future-sales/run0062/00/00/nlp_ID0000002.meta --insert /home/poseidon/workflows/predict-future-sales-workflow/submit/poseidon/pegasus/predict-future-sales/run0062/00/00/register_condorpool_0_0.in",3.1,0,0,,,,,,,,,
stage_out_local_condorpool_2_0,None,transfer,0,1676990166.0,,,1676990171.0,,,0.0,1676990171.0,1676990196.0,1676990172.0,1676990191.0,251488987.0,1676990196.0,1676990201.0,5.0,,0.0,25.0,5.0,,,19.0,4785443585.0,poseidon,local,host-10-100-100-12.openstacklocal,pegasus::transfer,/home/poseidon/pegasus-5.1.0panorama/bin/pegasus-transfer,pegasus-kickstart  -n pegasus::transfer -N null -i - -R local  -L predict-future-sales -T 2023-02-17T19:59:06+00:00 pegasus-transfer  --threads 2,20.6,0,0,,,,,,,,,
feature_merge_ID0000010,cpu_3,compute,0,1676990166.0,,,1676990171.0,1676990134.0,1676990202.0,86089379.1,1676990173.0,1676990391.0,1676990292.0,1676990341.0,60866606.0,1676990391.0,1676990396.0,5.0,,2.0,218.0,5.0,68.0,5155397110.0,49.0,2993643458.0,poseidon,condorpool,poseidon-worker-2-container-8-15,feature_merge,/srv/feature_merge,,60.0,0,0,0.0,4796861610.0,2993646128.0,1454.0,93.0,37.8,22.1,79947693.5,149682306.4
register_condorpool_2_0,None,auxiliary,0,1676990201.0,,,1676990206.0,,,0.0,1676990206.0,1676990211.0,,,0.0,1676990211.0,1676990216.0,5.0,,0.0,5.0,5.0,,,,,poseidon,local,host-10-100-100-12.openstacklocal,pegasus::rc-client,/home/poseidon/pegasus-5.1.0panorama/bin/pegasus-rc-client,"pegasus-kickstart  -n pegasus::rc-client -N null -R local  -L predict-future-sales -T 2023-02-17T19:59:06+00:00 /home/poseidon/pegasus-5.1.0panorama/bin/pegasus-rc-client --prefix pegasus.catalog.replica.output --conf /home/poseidon/workflows/predict-future-sales-workflow/submit/poseidon/pegasus/predict-future-sales/run0062/pegasus.15861498965230808337.properties -v --meta /home/poseidon/workflows/predict-future-sales-workflow/submit/poseidon/pegasus/predict-future-sales/run0062/00/00/feature_eng_4_ID0000008.meta,/home/poseidon/workflows/predict-future-sales-workflow/submit/poseidon/pegasus/predict-future-sales/run0062/00/00/feature_eng_3_ID0000007.meta,/home/poseidon/workflows/predict-future-sales-workflow/submit/poseidon/pegasus/predict-future-sales/run0062/00/00/feature_eng_5_ID0000009.meta,/home/poseidon/workflows/predict-future-sales-workflow/submit/poseidon/pegasus/predict-future-sales/run0062/00/00/feature_eng_2_ID0000006.meta --insert /home/poseidon/workflows/predict-future-sales-workflow/submit/poseidon/pegasus/predict-future-sales/run0062/00/00/register_condorpool_2_0.in",3.0,0,0,,,,,,,,,
stage_inter_local_xgboost_hp_tuning_workflow_ID0000015_0,None,transfer,0,1676990396.0,,,1676990401.0,1676990402.0,1676990404.0,401.0,1676990401.0,1676990411.0,,,0.0,1676990411.0,1676990416.0,5.0,,0.0,10.0,5.0,2.0,826.0,,,poseidon,local,host-10-100-100-12.openstacklocal,pegasus::transfer,/home/poseidon/pegasus-5.1.0panorama/bin/pegasus-transfer,pegasus-kickstart  -n pegasus::transfer -N null -i - -R local  -L predict-future-sales -T 2023-02-17T19:59:06+00:00 pegasus-transfer  --threads 2,0.3,0,0,,,,,,,,,
stage_inter_local_xgboost_model_ID0000021_0,None,transfer,0,1676990396.0,,,1676990401.0,1676990402.0,1676990441.0,68212751.0,1676990401.0,1676990446.0,,,0.0,1676990446.0,1676990451.0,5.0,,0.0,45.0,5.0,39.0,2646308508.0,,,poseidon,local,host-10-100-100-12.openstacklocal,pegasus::transfer,/home/poseidon/pegasus-5.1.0panorama/bin/pegasus-transfer,pegasus-kickstart  -n pegasus::transfer -N null -i - -R local  -L predict-future-sales -T 2023-02-17T19:59:06+00:00 pegasus-transfer  --threads 2,9.6,0,0,,,,,,,,,
stage_inter_local_model_predict_ID0000022_0,None,transfer,0,1676990396.0,,,1676990401.0,1676990402.0,1676990405.0,14522017.0,1676990401.0,1676990411.0,,,0.0,1676990411.0,1676990416.0,5.0,,0.0,10.0,5.0,3.0,54050130.0,,,poseidon,local,host-10-100-100-12.openstacklocal,pegasus::transfer,/home/poseidon/pegasus-5.1.0panorama/bin/pegasus-transfer,pegasus-kickstart  -n pegasus::transfer -N null -i - -R local  -L predict-future-sales -T 2023-02-17T19:59:06+00:00 pegasus-transfer  --threads 2,0.6,0,0,,,,,,,,,
stage_out_local_condorpool_3_0,None,transfer,0,1676990396.0,,,1676990401.0,,,0.0,1676990401.0,1676990431.0,1676990402.0,1676990425.0,125992287.0,1676990431.0,1676990436.0,5.0,,0.0,30.0,5.0,,,23.0,2993643458.0,poseidon,local,host-10-100-100-12.openstacklocal,pegasus::transfer,/home/poseidon/pegasus-5.1.0panorama/bin/pegasus-transfer,pegasus-kickstart  -n pegasus::transfer -N null -i - -R local  -L predict-future-sales -T 2023-02-17T19:59:06+00:00 pegasus-transfer  --threads 2,14.8,0,0,,,,,,,,,
stage_inter_local_xgboost_model_ID0000013_0,None,transfer,0,1676990396.0,,,1676990401.0,1676990402.0,1676990409.0,35913445.0,1676990401.0,1676990416.0,,,0.0,1676990416.0,1676990421.0,5.0,,0.0,15.0,5.0,7.0,269346726.0,,,poseidon,local,host-10-100-100-12.openstacklocal,pegasus::transfer,/home/poseidon/pegasus-5.1.0panorama/bin/pegasus-transfer,pegasus-kickstart  -n pegasus::transfer -N null -i - -R local  -L predict-future-sales -T 2023-02-17T19:59:06+00:00 pegasus-transfer  --threads 2,1.4,0,0,,,,,,,,,
stage_inter_local_model_predict_ID0000014_0,None,transfer,0,1676990396.0,,,1676990401.0,1676990402.0,1676990405.0,1255052.0,1676990401.0,1676990411.0,,,0.0,1676990411.0,1676990416.0,5.0,,0.0,10.0,5.0,3.0,4411696.0,,,poseidon,local,host-10-100-100-12.openstacklocal,pegasus::transfer,/home/poseidon/pegasus-5.1.0panorama/bin/pegasus-transfer,pegasus-kickstart  -n pegasus::transfer -N null -i - -R local  -L predict-future-sales -T 2023-02-17T19:59:06+00:00 pegasus-transfer  --threads 2,0.4,0,0,,,,,,,,,
xgboost_hp_tuning_workflow_ID0000015,None,compute,0,1676990416.0,,,1676990421.0,,,0.0,1676990421.0,1676990436.0,,,0.0,1676990436.0,1676990441.0,5.0,,0.0,15.0,5.0,,,,,poseidon,local,poseidon-submit.novalocal,xgboost_hp_tuning_workflow,/var/spool/condor/local_univ_execute/dir_1125777/xgboost_hp_tuning_workflow,/home/poseidon/workflows/predict-future-sales-workflow/submit/poseidon/pegasus/predict-future-sales/run0062/00/00/xgboost_hp_tuning_workflow_ID0000015.sh,0.1,0,0,,,,,,,,,
xgboost_hp_tuning_workflow_ID0000011,None,compute,0,1676990416.0,,,1676990421.0,,,0.0,1676990422.0,1676990436.0,,,0.0,1676990436.0,1676990441.0,5.0,,1.0,14.0,5.0,,,,,poseidon,local,poseidon-submit.novalocal,xgboost_hp_tuning_workflow,/var/spool/condor/local_univ_execute/dir_1125778/xgboost_hp_tuning_workflow,/home/poseidon/workflows/predict-future-sales-workflow/submit/poseidon/pegasus/predict-future-sales/run0062/00/00/xgboost_hp_tuning_workflow_ID0000011.sh,0.1,0,0,,,,,,,,,
xgboost_hp_tuning_workflow_ID0000019,None,compute,0,1676990416.0,,,1676990421.0,,,0.0,1676990422.0,1676990436.0,,,0.0,1676990436.0,1676990441.0,5.0,,1.0,14.0,5.0,,,,,poseidon,local,poseidon-submit.novalocal,xgboost_hp_tuning_workflow,/var/spool/condor/local_univ_execute/dir_1125782/xgboost_hp_tuning_workflow,/home/poseidon/workflows/predict-future-sales-workflow/submit/poseidon/pegasus/predict-future-sales/run0062/00/00/xgboost_hp_tuning_workflow_ID0000019.sh,0.1,0,0,,,,,,,,,
register_condorpool_3_0,None,auxiliary,0,1676990436.0,,,1676990441.0,,,0.0,1676990441.0,1676990446.0,,,0.0,1676990446.0,1676990451.0,5.0,,0.0,5.0,5.0,,,,,poseidon,local,host-10-100-100-12.openstacklocal,pegasus::rc-client,/home/poseidon/pegasus-5.1.0panorama/bin/pegasus-rc-client,pegasus-kickstart  -n pegasus::rc-client -N null -R local  -L predict-future-sales -T 2023-02-17T19:59:06+00:00 /home/poseidon/pegasus-5.1.0panorama/bin/pegasus-rc-client --prefix pegasus.catalog.replica.output --conf /home/poseidon/workflows/predict-future-sales-workflow/submit/poseidon/pegasus/predict-future-sales/run0062/pegasus.15861498965230808337.properties -v --meta /home/poseidon/workflows/predict-future-sales-workflow/submit/poseidon/pegasus/predict-future-sales/run0062/00/00/feature_merge_ID0000010.meta --insert /home/poseidon/workflows/predict-future-sales-workflow/submit/poseidon/pegasus/predict-future-sales/run0062/00/00/register_condorpool_3_0.in,3.0,0,0,,,,,,,,,
pegasus-plan_ID0000016,None,subwf,0,1676990441.0,1676990441.0,1676990446.0,1676990451.0,,,0.0,1676990451.0,1676990767.0,,,0.0,,,0.0,5.0,0.0,316.0,,,,,,poseidon,local,poseidon-submit,condor::dagman,/usr/bin/condor_dagman,-p 0  -f -l . -Notification never -Debug 3 -Lockfile xgboost_hp_tuning_group_1.dag.lock -Dag xgboost_hp_tuning_group_1.dag -AllowVersionMismatch  -AutoRescue 1 -DoRescueFrom 0,0.0,0,0,,,,,,,,,
pegasus-plan_ID0000012,None,subwf,0,1676990441.0,1676990441.0,1676990446.0,1676990451.0,,,0.0,1676990451.0,1676990732.0,,,0.0,,,0.0,5.0,0.0,281.0,,,,,,poseidon,local,poseidon-submit,condor::dagman,/usr/bin/condor_dagman,-p 0  -f -l . -Notification never -Debug 3 -Lockfile xgboost_hp_tuning_group_0.dag.lock -Dag xgboost_hp_tuning_group_0.dag -AllowVersionMismatch  -AutoRescue 1 -DoRescueFrom 0,0.0,0,0,,,,,,,,,
stage_out_local_local_4_0,None,transfer,0,1676990441.0,,,1676990446.0,,,0.0,1676990446.0,1676990456.0,1676990446.0,1676990450.0,21102.0,1676990456.0,1676990461.0,5.0,,0.0,10.0,5.0,,,4.0,85038.0,poseidon,local,host-10-100-100-12.openstacklocal,pegasus::transfer,/home/poseidon/pegasus-5.1.0panorama/bin/pegasus-transfer,pegasus-kickstart  -n pegasus::transfer -N null -i - -R local  -L predict-future-sales -T 2023-02-17T19:59:06+00:00 pegasus-transfer  --threads 2,0.6,0,0,,,,,,,,,
pegasus-plan_ID0000020,None,subwf,0,1676990441.0,1676990441.0,1676990446.0,1676990451.0,,,0.0,1676990451.0,1676991522.0,,,0.0,,,0.0,5.0,0.0,1071.0,,,,,,poseidon,local,poseidon-submit,condor::dagman,/usr/bin/condor_dagman,-p 0  -f -l . -Notification never -Debug 3 -Lockfile xgboost_hp_tuning_group_2.dag.lock -Dag xgboost_hp_tuning_group_2.dag -AllowVersionMismatch  -AutoRescue 1 -DoRescueFrom 0,0.0,0,0,,,,,,,,,
create_dir_predict-future-sales-hp-tuning_0_condorpool_pegasus-plan_ID0000016,None,auxiliary,0,1676990451.0,,,1676990452.0,,,0.0,1676990455.0,1676990462.0,,,0.0,1676990462.0,1676990467.0,1.0,,3.0,7.0,5.0,,,,,poseidon,local,host-10-100-100-12.openstacklocal,pegasus::dirmanager,/home/poseidon/pegasus-5.1.0panorama/bin/pegasus-transfer,pegasus-kickstart  -n pegasus::dirmanager -N null -i - -R local  -L xgboost_hp_tuning_group_1 -T 2023-02-21T14:40:43+00:00 pegasus-transfer,0.3,0,0,,,,,,,,,
create_dir_predict-future-sales-hp-tuning_0_condorpool_pegasus-plan_ID0000020,None,auxiliary,0,1676990451.0,,,1676990452.0,,,0.0,1676990455.0,1676990462.0,,,0.0,1676990462.0,1676990467.0,1.0,,3.0,7.0,5.0,,,,,poseidon,local,host-10-100-100-12.openstacklocal,pegasus::dirmanager,/home/poseidon/pegasus-5.1.0panorama/bin/pegasus-transfer,pegasus-kickstart  -n pegasus::dirmanager -N null -i - -R local  -L xgboost_hp_tuning_group_2 -T 2023-02-21T14:40:43+00:00 pegasus-transfer,0.3,0,0,,,,,,,,,
create_dir_predict-future-sales-hp-tuning_0_condorpool_pegasus-plan_ID0000012,None,auxiliary,0,1676990451.0,,,1676990452.0,,,0.0,1676990455.0,1676990462.0,,,0.0,1676990462.0,1676990467.0,1.0,,3.0,7.0,5.0,,,,,poseidon,local,host-10-100-100-12.openstacklocal,pegasus::dirmanager,/home/poseidon/pegasus-5.1.0panorama/bin/pegasus-transfer,pegasus-kickstart  -n pegasus::dirmanager -N null -i - -R local  -L xgboost_hp_tuning_group_0 -T 2023-02-21T14:40:43+00:00 pegasus-transfer,0.3,0,0,,,,,,,,,
register_local_4_0,None,auxiliary,0,1676990461.0,,,1676990466.0,,,0.0,1676990466.0,1676990471.0,,,0.0,1676990471.0,1676990476.0,5.0,,0.0,5.0,5.0,,,,,poseidon,local,host-10-100-100-12.openstacklocal,pegasus::rc-client,/home/poseidon/pegasus-5.1.0panorama/bin/pegasus-rc-client,"pegasus-kickstart  -n pegasus::rc-client -N null -R local  -L predict-future-sales -T 2023-02-17T19:59:06+00:00 /home/poseidon/pegasus-5.1.0panorama/bin/pegasus-rc-client --prefix pegasus.catalog.replica.output --conf /home/poseidon/workflows/predict-future-sales-workflow/submit/poseidon/pegasus/predict-future-sales/run0062/pegasus.15861498965230808337.properties -v --meta /home/poseidon/workflows/predict-future-sales-workflow/submit/poseidon/pegasus/predict-future-sales/run0062/00/00/xgboost_hp_tuning_workflow_ID0000015.meta,/home/poseidon/workflows/predict-future-sales-workflow/submit/poseidon/pegasus/predict-future-sales/run0062/00/00/xgboost_hp_tuning_workflow_ID0000011.meta,/home/poseidon/workflows/predict-future-sales-workflow/submit/poseidon/pegasus/predict-future-sales/run0062/00/00/xgboost_hp_tuning_workflow_ID0000019.meta --insert /home/poseidon/workflows/predict-future-sales-workflow/submit/poseidon/pegasus/predict-future-sales/run0062/00/00/register_local_4_0.in",3.0,0,0,,,,,,,,,
stage_in_local_condorpool_0_0_pegasus-plan_ID0000012,None,transfer,0,1676990467.0,,,1676990472.0,1676990473.0,1676990477.0,2772.0,1676990472.0,1676990487.0,,,0.0,1676990487.0,1676990492.0,5.0,,0.0,15.0,5.0,4.0,12142.0,,,poseidon,local,host-10-100-100-12.openstacklocal,pegasus::transfer,/home/poseidon/pegasus-5.1.0panorama/bin/pegasus-transfer,-n pegasus::transfer -N null -i - -R local  -L xgboost_hp_tuning_group_0 -T 2023-02-21T14:40:43+00:00 /home/poseidon/pegasus-5.1.0panorama/bin/../bin/pegasus-transfer  --threads 2,0.6,0,0,,,,,,,,,
stage_in_local_condorpool_1_0_pegasus-plan_ID0000012,None,transfer,0,1676990467.0,,,1676990472.0,1676990473.0,1676990476.0,794.0,1676990472.0,1676990482.0,,,0.0,1676990482.0,1676990487.0,5.0,,0.0,10.0,5.0,3.0,2874.0,,,poseidon,local,host-10-100-100-12.openstacklocal,pegasus::transfer,/home/poseidon/pegasus-5.1.0panorama/bin/pegasus-transfer,-n pegasus::transfer -N null -i - -R local  -L xgboost_hp_tuning_group_0 -T 2023-02-21T14:40:43+00:00 /home/poseidon/pegasus-5.1.0panorama/bin/../bin/pegasus-transfer  --threads 2,0.4,0,0,,,,,,,,,
stage_in_local_condorpool_0_1_pegasus-plan_ID0000012,None,transfer,0,1676990467.0,,,1676990472.0,1676990473.0,1676990479.0,44475929.0,1676990473.0,1676990487.0,,,0.0,1676990487.0,1676990492.0,5.0,,1.0,14.0,5.0,6.0,269346726.0,,,poseidon,local,host-10-100-100-12.openstacklocal,pegasus::transfer,/home/poseidon/pegasus-5.1.0panorama/bin/pegasus-transfer,-n pegasus::transfer -N null -i - -R local  -L xgboost_hp_tuning_group_0 -T 2023-02-21T14:40:43+00:00 /home/poseidon/pegasus-5.1.0panorama/bin/../bin/pegasus-transfer  --threads 2,1.9,0,0,,,,,,,,,
stage_in_local_condorpool_0_2_pegasus-plan_ID0000012,None,transfer,0,1676990467.0,,,1676990472.0,1676990473.0,1676990483.0,71816789.0,1676990473.0,1676990492.0,,,0.0,1676990492.0,1676990497.0,5.0,,1.0,19.0,5.0,10.0,735985664.0,,,poseidon,local,host-10-100-100-12.openstacklocal,pegasus::transfer,/home/poseidon/pegasus-5.1.0panorama/bin/pegasus-transfer,-n pegasus::transfer -N null -i - -R local  -L xgboost_hp_tuning_group_0 -T 2023-02-21T14:40:43+00:00 /home/poseidon/pegasus-5.1.0panorama/bin/../bin/pegasus-transfer  --threads 2,4.2,0,0,,,,,,,,,
stage_in_local_condorpool_1_0_pegasus-plan_ID0000020,None,transfer,0,1676990467.0,,,1676990472.0,1676990473.0,1676990476.0,795.0,1676990472.0,1676990482.0,,,0.0,1676990482.0,1676990487.0,5.0,,0.0,10.0,5.0,3.0,2874.0,,,poseidon,local,host-10-100-100-12.openstacklocal,pegasus::transfer,/home/poseidon/pegasus-5.1.0panorama/bin/pegasus-transfer,-n pegasus::transfer -N null -i - -R local  -L xgboost_hp_tuning_group_2 -T 2023-02-21T14:40:43+00:00 /home/poseidon/pegasus-5.1.0panorama/bin/../bin/pegasus-transfer  --threads 2,0.4,0,0,,,,,,,,,
stage_in_local_condorpool_0_1_pegasus-plan_ID0000020,None,transfer,0,1676990467.0,,,1676990472.0,1676990473.0,1676990490.0,155397457.0,1676990473.0,1676990497.0,,,0.0,1676990497.0,1676990502.0,5.0,,1.0,24.0,5.0,17.0,2646308508.0,,,poseidon,local,host-10-100-100-12.openstacklocal,pegasus::transfer,/home/poseidon/pegasus-5.1.0panorama/bin/pegasus-transfer,-n pegasus::transfer -N null -i - -R local  -L xgboost_hp_tuning_group_2 -T 2023-02-21T14:40:43+00:00 /home/poseidon/pegasus-5.1.0panorama/bin/../bin/pegasus-transfer  --threads 2,11.7,0,0,,,,,,,,,
stage_in_local_condorpool_0_0_pegasus-plan_ID0000016,None,transfer,0,1676990467.0,,,1676990472.0,1676990473.0,1676990477.0,2751.0,1676990472.0,1676990487.0,,,0.0,1676990487.0,1676990492.0,5.0,,0.0,15.0,5.0,4.0,12142.0,,,poseidon,local,host-10-100-100-12.openstacklocal,pegasus::transfer,/home/poseidon/pegasus-5.1.0panorama/bin/pegasus-transfer,-n pegasus::transfer -N null -i - -R local  -L xgboost_hp_tuning_group_1 -T 2023-02-21T14:40:43+00:00 /home/poseidon/pegasus-5.1.0panorama/bin/../bin/pegasus-transfer  --threads 2,0.6,0,0,,,,,,,,,
stage_in_local_condorpool_1_0_pegasus-plan_ID0000016,None,transfer,0,1676990467.0,,,1676990472.0,1676990473.0,1676990476.0,806.0,1676990472.0,1676990482.0,,,0.0,1676990482.0,1676990487.0,5.0,,0.0,10.0,5.0,3.0,2874.0,,,poseidon,local,host-10-100-100-12.openstacklocal,pegasus::transfer,/home/poseidon/pegasus-5.1.0panorama/bin/pegasus-transfer,-n pegasus::transfer -N null -i - -R local  -L xgboost_hp_tuning_group_1 -T 2023-02-21T14:40:43+00:00 /home/poseidon/pegasus-5.1.0panorama/bin/../bin/pegasus-transfer  --threads 2,0.5,0,0,,,,,,,,,
stage_in_local_condorpool_0_1_pegasus-plan_ID0000016,None,transfer,0,1676990467.0,,,1676990472.0,1676990473.0,1676990477.0,5133008.0,1676990473.0,1676990482.0,,,0.0,1676990482.0,1676990487.0,5.0,,1.0,9.0,5.0,4.0,19294600.0,,,poseidon,local,host-10-100-100-12.openstacklocal,pegasus::transfer,/home/poseidon/pegasus-5.1.0panorama/bin/pegasus-transfer,-n pegasus::transfer -N null -i - -R local  -L xgboost_hp_tuning_group_1 -T 2023-02-21T14:40:43+00:00 /home/poseidon/pegasus-5.1.0panorama/bin/../bin/pegasus-transfer  --threads 2,0.6,0,0,,,,,,,,,
stage_in_local_condorpool_0_0_pegasus-plan_ID0000020,None,transfer,0,1676990467.0,,,1676990472.0,1676990473.0,1676990477.0,2773.0,1676990472.0,1676990487.0,,,0.0,1676990487.0,1676990492.0,5.0,,0.0,15.0,5.0,4.0,12142.0,,,poseidon,local,host-10-100-100-12.openstacklocal,pegasus::transfer,/home/poseidon/pegasus-5.1.0panorama/bin/pegasus-transfer,-n pegasus::transfer -N null -i - -R local  -L xgboost_hp_tuning_group_2 -T 2023-02-21T14:40:43+00:00 /home/poseidon/pegasus-5.1.0panorama/bin/../bin/pegasus-transfer  --threads 2,0.6,0,0,,,,,,,,,
stage_in_local_condorpool_0_2_pegasus-plan_ID0000016,None,transfer,0,1676990467.0,,,1676990472.0,1676990473.0,1676990483.0,70755849.0,1676990473.0,1676990492.0,,,0.0,1676990492.0,1676990497.0,5.0,,1.0,19.0,5.0,10.0,735985664.0,,,poseidon,local,host-10-100-100-12.openstacklocal,pegasus::transfer,/home/poseidon/pegasus-5.1.0panorama/bin/pegasus-transfer,-n pegasus::transfer -N null -i - -R local  -L xgboost_hp_tuning_group_1 -T 2023-02-21T14:40:43+00:00 /home/poseidon/pegasus-5.1.0panorama/bin/../bin/pegasus-transfer  --threads 2,4.2,0,0,,,,,,,,,
stage_in_local_condorpool_0_2_pegasus-plan_ID0000020,None,transfer,0,1676990467.0,,,1676990472.0,1676990473.0,1676990483.0,71054511.0,1676990473.0,1676990492.0,,,0.0,1676990492.0,1676990497.0,5.0,,1.0,19.0,5.0,10.0,735985664.0,,,poseidon,local,host-10-100-100-12.openstacklocal,pegasus::transfer,/home/poseidon/pegasus-5.1.0panorama/bin/pegasus-transfer,-n pegasus::transfer -N null -i - -R local  -L xgboost_hp_tuning_group_2 -T 2023-02-21T14:40:43+00:00 /home/poseidon/pegasus-5.1.0panorama/bin/../bin/pegasus-transfer  --threads 2,4.2,0,0,,,,,,,,,
xgboost_hp_tuning_ID0000020_pegasus-plan_ID0000016,cpu_3,compute,0,1676990497.0,,,1676990502.0,1676990527.0,1676990543.0,45749831.2,1676990566.0,1676990607.0,1676990553.0,1676990557.0,258.0,1676990607.0,1676990612.0,5.0,,64.0,41.0,5.0,16.0,377646203.0,4.0,1063.0,poseidon,condorpool,poseidon-worker-2-container-8-15,xgboost_hp_tuning,/srv/xgboost_hp_tuning,,10.9,0,0,,,,,,,,,
xgboost_hp_tuning_ID0000023_pegasus-plan_ID0000012,None,compute,0,1676990497.0,,,1676990502.0,1676990525.0,1676990542.0,51175481.7,1676990564.0,1676990637.0,1676990583.0,1676990587.0,262.0,1676990637.0,1676990642.0,5.0,,62.0,73.0,5.0,17.0,502672266.0,4.0,1091.0,poseidon,condorpool,poseidon-worker-1-container-0-7,xgboost_hp_tuning,/srv/xgboost_hp_tuning,,201.4,0,0,0.1,157976274.0,40.0,3336.0,2.0,171.2,3.5,5265875.8,4.0
xgboost_hp_tuning_ID0000012_pegasus-plan_ID0000012,None,compute,0,1676990497.0,,,1676990502.0,1676990525.0,1676990541.0,50792265.7,1676990564.0,1676990617.0,1676990565.0,1676990569.0,247.0,1676990617.0,1676990622.0,5.0,,62.0,53.0,5.0,16.0,502672266.0,4.0,1049.0,poseidon,condorpool,poseidon-worker-2-container-16-23,xgboost_hp_tuning,/srv/xgboost_hp_tuning,,90.4,0,0,0.1,157967897.0,40.0,3305.0,2.0,46.2,2.6,15796789.7,4.0
xgboost_hp_tuning_ID0000001_pegasus-plan_ID0000012,None,compute,0,1676990497.0,,,1676990502.0,1676990524.0,1676990541.0,51350719.3,1676990563.0,1676990637.0,1676990585.0,1676990590.0,256.0,1676990637.0,1676990642.0,5.0,,61.0,74.0,5.0,17.0,502672266.0,5.0,1063.0,poseidon,condorpool,poseidon-worker-1-container-8-15,xgboost_hp_tuning,/srv/xgboost_hp_tuning,,203.1,0,0,0.1,157976318.0,40.0,3336.0,2.0,150.2,2.9,5265877.3,4.0
xgboost_hp_tuning_ID0000013_pegasus-plan_ID0000012,None,compute,0,1676990497.0,,,1676990502.0,1676990523.0,1676990540.0,51243815.7,1676990562.0,1676990627.0,1676990572.0,1676990577.0,253.0,1676990627.0,1676990632.0,5.0,,60.0,65.0,5.0,17.0,502672266.0,5.0,1055.0,poseidon,condorpool,poseidon-worker-1-container-16-23,xgboost_hp_tuning,/srv/xgboost_hp_tuning,,147.1,0,0,0.1,157972548.0,40.0,3321.0,2.0,109.1,2.9,7898627.4,4.0
xgboost_hp_tuning_ID0000002_pegasus-plan_ID0000012,None,compute,0,1676990497.0,,,1676990502.0,1676990523.0,1676990540.0,51260878.0,1676990562.0,1676990617.0,1676990566.0,1676990571.0,256.0,1676990617.0,1676990622.0,5.0,,60.0,55.0,5.0,17.0,502672266.0,5.0,1062.0,poseidon,condorpool,poseidon-worker-2-container-40-47,xgboost_hp_tuning,/srv/xgboost_hp_tuning,,113.3,0,0,0.0,157972534.0,4037.0,3321.0,5.0,109.8,3.4,7898626.7,201.8
xgboost_hp_tuning_ID0000014_pegasus-plan_ID0000012,None,compute,0,1676990497.0,,,1676990502.0,1676990469.0,1676990486.0,51395033.0,1676990508.0,1676990562.0,1676990511.0,1676990515.0,248.0,1676990562.0,1676990567.0,5.0,,6.0,54.0,5.0,17.0,502672266.0,4.0,1056.0,poseidon,condorpool,poseidon-worker-1-container-8-15,xgboost_hp_tuning,/srv/xgboost_hp_tuning,,98.9,0,0,0.1,157967804.0,40.0,3305.0,2.0,42.1,2.9,15796780.4,4.0
xgboost_hp_tuning_ID0000003_pegasus-plan_ID0000012,None,compute,0,1676990497.0,,,1676990502.0,1676990469.0,1676990486.0,51274648.3,1676990508.0,1676990562.0,1676990510.0,1676990515.0,253.0,1676990562.0,1676990567.0,5.0,,6.0,54.0,5.0,17.0,502672266.0,5.0,1067.0,poseidon,condorpool,poseidon-worker-1-container-16-23,xgboost_hp_tuning,/srv/xgboost_hp_tuning,,93.8,0,0,0.1,157967839.0,40.0,3305.0,2.0,42.7,2.8,15796783.9,4.0
xgboost_hp_tuning_ID0000015_pegasus-plan_ID0000012,None,compute,0,1676990497.0,,,1676990502.0,1676990469.0,1676990485.0,51598681.3,1676990508.0,1676990577.0,1676990522.0,1676990526.0,250.0,1676990577.0,1676990582.0,5.0,,6.0,69.0,5.0,16.0,502672266.0,4.0,1053.0,poseidon,condorpool,poseidon-worker-3-container-8-15,xgboost_hp_tuning,/srv/xgboost_hp_tuning,,159.6,0,0,0.0,157974357.0,40.0,3334.0,2.0,155.5,3.7,5265811.9,4.0
xgboost_hp_tuning_ID0000004_pegasus-plan_ID0000012,cpu_3,compute,0,1676990497.0,,,1676990502.0,1676990469.0,1676990486.0,51396267.7,1676990508.0,1676990572.0,1676990517.0,1676990521.0,256.0,1676990572.0,1676990577.0,5.0,,6.0,64.0,5.0,17.0,502672266.0,4.0,1062.0,poseidon,condorpool,poseidon-worker-2-container-24-31,xgboost_hp_tuning,/srv/xgboost_hp_tuning,,94.1,0,0,0.0,157972459.0,40.0,3321.0,2.0,70.5,2.8,7898623.0,4.0
xgboost_hp_tuning_ID0000016_pegasus-plan_ID0000012,cpu_3,compute,0,1676990497.0,,,1676990502.0,1676990469.0,1676990485.0,51627802.7,1676990508.0,1676990572.0,1676990519.0,1676990523.0,255.0,1676990572.0,1676990577.0,5.0,,6.0,64.0,5.0,16.0,502672266.0,4.0,1052.0,poseidon,condorpool,poseidon-worker-3-container-16-23,xgboost_hp_tuning,/srv/xgboost_hp_tuning,,96.8,0,0,0.0,157971950.0,40.0,3322.0,2.0,65.4,2.9,7898597.5,4.0
xgboost_hp_tuning_ID0000005_pegasus-plan_ID0000012,None,compute,0,1676990497.0,,,1676990502.0,1676990469.0,1676990486.0,51334988.3,1676990508.0,1676990567.0,1676990514.0,1676990518.0,258.0,1676990567.0,1676990572.0,5.0,,6.0,59.0,5.0,17.0,502672266.0,4.0,1077.0,poseidon,condorpool,poseidon-worker-1-container-24-31,xgboost_hp_tuning,/srv/xgboost_hp_tuning,,120.1,0,0,0.1,157972470.0,40.0,3321.0,2.0,106.2,3.7,7898623.5,4.0
xgboost_hp_tuning_ID0000017_pegasus-plan_ID0000012,None,compute,0,1676990497.0,,,1676990502.0,1676990469.0,1676990486.0,50803163.7,1676990508.0,1676990567.0,1676990511.0,1676990516.0,247.0,1676990567.0,1676990572.0,5.0,,6.0,59.0,5.0,17.0,502672266.0,5.0,1054.0,poseidon,condorpool,poseidon-worker-2-container-16-23,xgboost_hp_tuning,/srv/xgboost_hp_tuning,,102.5,0,0,0.0,157967832.0,40.0,3305.0,2.0,43.5,2.6,15796783.2,4.0
xgboost_hp_tuning_ID0000006_pegasus-plan_ID0000012,None,compute,0,1676990497.0,,,1676990502.0,1676990469.0,1676990486.0,51247317.3,1676990508.0,1676990567.0,1676990513.0,1676990517.0,257.0,1676990567.0,1676990572.0,5.0,,6.0,59.0,5.0,17.0,502672266.0,4.0,1065.0,poseidon,condorpool,poseidon-worker-1-container-32-39,xgboost_hp_tuning,/srv/xgboost_hp_tuning,,113.1,0,0,0.1,157972471.0,40.0,3321.0,2.0,107.8,3.4,7898623.5,4.0
xgboost_hp_tuning_ID0000009_pegasus-plan_ID0000012,None,compute,0,1676990497.0,,,1676990502.0,1676990469.0,1676990485.0,51444888.0,1676990508.0,1676990567.0,1676990512.0,1676990516.0,252.0,1676990567.0,1676990572.0,5.0,,6.0,59.0,5.0,16.0,502672266.0,4.0,1059.0,poseidon,condorpool,poseidon-worker-1-container-40-47,xgboost_hp_tuning,/srv/xgboost_hp_tuning,,110.7,0,0,0.1,157972717.0,4034.0,3321.0,5.0,107.1,3.5,7898635.9,201.7
xgboost_hp_tuning_ID0000011_pegasus-plan_ID0000012,None,compute,0,1676990497.0,,,1676990502.0,1676990469.0,1676990485.0,51584740.0,1676990508.0,1676990577.0,1676990524.0,1676990528.0,251.0,1676990577.0,1676990582.0,5.0,,6.0,69.0,5.0,16.0,502672266.0,4.0,1048.0,poseidon,condorpool,poseidon-worker-3-container-24-31,xgboost_hp_tuning,/srv/xgboost_hp_tuning,,164.7,0,0,0.1,157974540.0,40.0,3334.0,2.0,146.9,3.4,5265818.0,4.0
xgboost_hp_tuning_ID0000022_pegasus-plan_ID0000012,cpu_3,compute,0,1676990497.0,,,1676990502.0,1676990469.0,1676990486.0,51449936.3,1676990508.0,1676990567.0,1676990514.0,1676990518.0,254.0,1676990567.0,1676990572.0,5.0,,6.0,59.0,5.0,17.0,502672266.0,4.0,1063.0,poseidon,condorpool,poseidon-worker-2-container-8-15,xgboost_hp_tuning,/srv/xgboost_hp_tuning,,78.1,0,0,0.1,157972669.0,40.0,3321.0,2.0,66.3,3.2,7898633.5,4.0
xgboost_hp_tuning_ID0000010_pegasus-plan_ID0000012,None,compute,0,1676990497.0,,,1676990502.0,1676990469.0,1676990486.0,51391242.7,1676990508.0,1676990567.0,1676990512.0,1676990516.0,251.0,1676990567.0,1676990572.0,5.0,,6.0,59.0,5.0,17.0,502672266.0,4.0,1050.0,poseidon,condorpool,poseidon-worker-1-container-0-7,xgboost_hp_tuning,/srv/xgboost_hp_tuning,,105.1,0,0,0.1,157967769.0,40.0,3305.0,2.0,47.1,2.3,15796776.9,4.0
xgboost_hp_tuning_ID0000021_pegasus-plan_ID0000012,cpu_3,compute,0,1676990497.0,,,1676990502.0,1676990468.0,1676990485.0,51636120.7,1676990508.0,1676990577.0,1676990524.0,1676990528.0,255.0,1676990577.0,1676990582.0,5.0,,6.0,69.0,5.0,17.0,502672266.0,4.0,1063.0,poseidon,condorpool,poseidon-worker-3-container-0-7,xgboost_hp_tuning,/srv/xgboost_hp_tuning,,107.8,0,0,0.0,157974301.0,40.0,3334.0,2.0,95.0,3.3,5265810.0,4.0
xgboost_hp_tuning_ID0000020_pegasus-plan_ID0000012,None,compute,0,1676990497.0,,,1676990502.0,1676990469.0,1676990486.0,51311027.3,1676990508.0,1676990567.0,1676990513.0,1676990517.0,249.0,1676990567.0,1676990572.0,5.0,,6.0,59.0,5.0,17.0,502672266.0,4.0,1062.0,poseidon,condorpool,poseidon-worker-2-container-0-7,xgboost_hp_tuning,/srv/xgboost_hp_tuning,,112.4,0,0,0.1,157972390.0,40.0,3321.0,2.0,106.5,3.3,7898619.5,4.0
xgboost_hp_tuning_ID0000008_pegasus-plan_ID0000012,None,compute,0,1676990497.0,,,1676990502.0,1676990469.0,1676990485.0,51559281.3,1676990508.0,1676990577.0,1676990522.0,1676990526.0,261.0,1676990577.0,1676990582.0,5.0,,6.0,69.0,5.0,16.0,502672266.0,4.0,1057.0,poseidon,condorpool,poseidon-worker-3-container-40-47,xgboost_hp_tuning,/srv/xgboost_hp_tuning,,167.3,0,0,0.0,157974398.0,40.0,3334.0,2.0,162.9,3.4,5265813.3,4.0
xgboost_hp_tuning_ID0000019_pegasus-plan_ID0000012,None,compute,0,1676990497.0,,,1676990502.0,1676990469.0,1676990486.0,51370584.0,1676990508.0,1676990562.0,1676990510.0,1676990514.0,252.0,1676990562.0,1676990567.0,5.0,,6.0,54.0,5.0,17.0,502672266.0,4.0,1060.0,poseidon,condorpool,poseidon-worker-2-container-40-47,xgboost_hp_tuning,/srv/xgboost_hp_tuning,,91.2,0,0,0.0,157967833.0,40.0,3305.0,2.0,43.2,2.7,15796783.3,4.0
xgboost_hp_tuning_ID0000023_pegasus-plan_ID0000016,None,compute,0,1676990497.0,,,1676990502.0,1676990574.0,1676990589.0,45729592.8,1676990613.0,1676990652.0,1676990599.0,1676990603.0,260.0,1676990652.0,1676990657.0,5.0,,111.0,39.0,5.0,15.0,377646203.0,4.0,1091.0,poseidon,condorpool,poseidon-worker-1-container-32-39,xgboost_hp_tuning,/srv/xgboost_hp_tuning,,14.7,0,0,,,,,,,,,
xgboost_hp_tuning_ID0000007_pegasus-plan_ID0000012,None,compute,0,1676990497.0,,,1676990502.0,1676990469.0,1676990486.0,51299070.7,1676990508.0,1676990572.0,1676990517.0,1676990521.0,260.0,1676990572.0,1676990577.0,5.0,,6.0,64.0,5.0,17.0,502672266.0,4.0,1067.0,poseidon,condorpool,poseidon-worker-2-container-32-39,xgboost_hp_tuning,/srv/xgboost_hp_tuning,,141.8,0,0,0.1,157972465.0,40.0,3321.0,2.0,106.3,3.2,7898623.2,4.0
xgboost_hp_tuning_ID0000012_pegasus-plan_ID0000016,None,compute,0,1676990497.0,,,1676990502.0,1676990573.0,1676990589.0,45791962.0,1676990613.0,1676990652.0,1676990599.0,1676990603.0,250.0,1676990652.0,1676990657.0,5.0,,111.0,39.0,5.0,16.0,377646203.0,4.0,1050.0,poseidon,condorpool,poseidon-worker-3-container-40-47,xgboost_hp_tuning,/srv/xgboost_hp_tuning,,16.7,0,0,,,,,,,,,
xgboost_hp_tuning_ID0000013_pegasus-plan_ID0000016,None,compute,0,1676990497.0,,,1676990502.0,1676990569.0,1676990584.0,45506560.2,1676990608.0,1676990647.0,1676990595.0,1676990599.0,251.0,1676990647.0,1676990652.0,5.0,,106.0,39.0,5.0,15.0,377646203.0,4.0,1054.0,poseidon,condorpool,poseidon-worker-2-container-32-39,xgboost_hp_tuning,/srv/xgboost_hp_tuning,,15.3,0,0,,,,,,,,,
xgboost_hp_tuning_ID0000009_pegasus-plan_ID0000016,None,compute,0,1676990497.0,,,1676990502.0,1676990525.0,1676990541.0,45647302.0,1676990564.0,1676990602.0,1676990551.0,1676990555.0,257.0,1676990602.0,1676990607.0,5.0,,62.0,38.0,5.0,16.0,377646203.0,4.0,1059.0,poseidon,condorpool,poseidon-worker-1-container-40-47,xgboost_hp_tuning,/srv/xgboost_hp_tuning,,14.8,0,0,,,,,,,,,
xgboost_hp_tuning_ID0000011_pegasus-plan_ID0000016,None,compute,0,1676990497.0,,,1676990502.0,1676990526.0,1676990541.0,45636378.0,1676990565.0,1676990612.0,1676990561.0,1676990565.0,253.0,1676990612.0,1676990617.0,5.0,,63.0,47.0,5.0,15.0,377646203.0,4.0,1050.0,poseidon,condorpool,poseidon-worker-1-container-32-39,xgboost_hp_tuning,/srv/xgboost_hp_tuning,,62.3,0,0,0.0,32941854.0,40.0,3305.0,2.0,37.7,1.7,3294185.4,4.0
xgboost_hp_tuning_ID0000022_pegasus-plan_ID0000016,None,compute,0,1676990497.0,,,1676990502.0,1676990526.0,1676990541.0,45743470.8,1676990565.0,1676990607.0,1676990553.0,1676990557.0,259.0,1676990607.0,1676990612.0,5.0,,63.0,42.0,5.0,15.0,377646203.0,4.0,1065.0,poseidon,condorpool,poseidon-worker-2-container-0-7,xgboost_hp_tuning,/srv/xgboost_hp_tuning,,22.4,0,0,,,,,,,,,
xgboost_hp_tuning_ID0000010_pegasus-plan_ID0000016,cpu_3,compute,0,1676990497.0,,,1676990502.0,1676990526.0,1676990542.0,45919636.8,1676990566.0,1676990602.0,1676990552.0,1676990556.0,258.0,1676990602.0,1676990607.0,5.0,,64.0,36.0,5.0,16.0,377646203.0,4.0,1048.0,poseidon,condorpool,poseidon-worker-3-container-32-39,xgboost_hp_tuning,/srv/xgboost_hp_tuning,,12.2,0,0,,,,,,,,,
xgboost_hp_tuning_ID0000021_pegasus-plan_ID0000016,None,compute,0,1676990497.0,,,1676990502.0,1676990527.0,1676990542.0,45495877.0,1676990566.0,1676990607.0,1676990553.0,1676990557.0,254.0,1676990607.0,1676990612.0,5.0,,64.0,41.0,5.0,15.0,377646203.0,4.0,1062.0,poseidon,condorpool,poseidon-worker-1-container-24-31,xgboost_hp_tuning,/srv/xgboost_hp_tuning,,16.3,0,0,,,,,,,,,
xgboost_hp_tuning_ID0000008_pegasus-plan_ID0000016,None,compute,0,1676990497.0,,,1676990502.0,1676990530.0,1676990546.0,45530879.5,1676990569.0,1676990607.0,1676990556.0,1676990560.0,255.0,1676990607.0,1676990612.0,5.0,,67.0,38.0,5.0,16.0,377646203.0,4.0,1059.0,poseidon,condorpool,poseidon-worker-2-container-32-39,xgboost_hp_tuning,/srv/xgboost_hp_tuning,,15.8,0,0,,,,,,,,,
xgboost_hp_tuning_ID0000019_pegasus-plan_ID0000016,cpu_3,compute,0,1676990497.0,,,1676990502.0,1676990530.0,1676990546.0,45602870.2,1676990570.0,1676990607.0,1676990556.0,1676990560.0,256.0,1676990607.0,1676990612.0,5.0,,68.0,37.0,5.0,16.0,377646203.0,4.0,1059.0,poseidon,condorpool,poseidon-worker-2-container-24-31,xgboost_hp_tuning,/srv/xgboost_hp_tuning,,10.6,0,0,,,,,,,,,
xgboost_hp_tuning_ID0000001_pegasus-plan_ID0000016,cpu_3,compute,0,1676990497.0,,,1676990502.0,1676990570.0,1676990585.0,45811224.2,1676990609.0,1676990647.0,1676990595.0,1676990599.0,258.0,1676990647.0,1676990652.0,5.0,,107.0,38.0,5.0,15.0,377646203.0,4.0,1063.0,poseidon,condorpool,poseidon-worker-3-container-16-23,xgboost_hp_tuning,/srv/xgboost_hp_tuning,,11.6,0,0,,,,,,,,,
xgboost_hp_tuning_ID0000018_pegasus-plan_ID0000016,None,compute,0,1676990497.0,,,1676990502.0,1676990535.0,1676990550.0,45592470.0,1676990574.0,1676990612.0,1676990560.0,1676990565.0,247.0,1676990612.0,1676990617.0,5.0,,72.0,38.0,5.0,15.0,377646203.0,5.0,1054.0,poseidon,condorpool,poseidon-worker-3-container-40-47,xgboost_hp_tuning,/srv/xgboost_hp_tuning,,15.6,0,0,,,,,,,,,
xgboost_hp_tuning_ID0000007_pegasus-plan_ID0000016,cpu_3,compute,0,1676990497.0,,,1676990502.0,1676990532.0,1676990547.0,45826421.2,1676990571.0,1676990612.0,1676990557.0,1676990561.0,258.0,1676990612.0,1676990617.0,5.0,,69.0,41.0,5.0,15.0,377646203.0,4.0,1065.0,poseidon,condorpool,poseidon-worker-3-container-16-23,xgboost_hp_tuning,/srv/xgboost_hp_tuning,,11.2,0,0,,,,,,,,,
xgboost_hp_tuning_ID0000017_pegasus-plan_ID0000016,cpu_3,compute,0,1676990497.0,,,1676990502.0,1676990536.0,1676990552.0,45600454.8,1676990576.0,1676990617.0,1676990562.0,1676990566.0,253.0,1676990617.0,1676990622.0,5.0,,74.0,41.0,5.0,16.0,377646203.0,4.0,1052.0,poseidon,condorpool,poseidon-worker-3-container-0-7,xgboost_hp_tuning,/srv/xgboost_hp_tuning,,10.2,0,0,,,,,,,,,
xgboost_hp_tuning_ID0000005_pegasus-plan_ID0000016,None,compute,0,1676990497.0,,,1676990502.0,1676990537.0,1676990552.0,45737853.2,1676990576.0,1676990617.0,1676990562.0,1676990566.0,258.0,1676990617.0,1676990622.0,5.0,,74.0,41.0,5.0,15.0,377646203.0,4.0,1074.0,poseidon,condorpool,poseidon-worker-3-container-24-31,xgboost_hp_tuning,/srv/xgboost_hp_tuning,,15.6,0,0,,,,,,,,,
xgboost_hp_tuning_ID0000016_pegasus-plan_ID0000016,None,compute,0,1676990497.0,,,1676990502.0,1676990564.0,1676990579.0,45712531.8,1676990603.0,1676990642.0,1676990589.0,1676990593.0,250.0,1676990642.0,1676990647.0,5.0,,101.0,39.0,5.0,15.0,377646203.0,4.0,1054.0,poseidon,condorpool,poseidon-worker-1-container-40-47,xgboost_hp_tuning,/srv/xgboost_hp_tuning,,15.0,0,0,,,,,,,,,
xgboost_hp_tuning_ID0000004_pegasus-plan_ID0000016,cpu_3,compute,0,1676990497.0,,,1676990502.0,1676990564.0,1676990580.0,45865140.8,1676990604.0,1676990642.0,1676990589.0,1676990594.0,259.0,1676990642.0,1676990647.0,5.0,,102.0,38.0,5.0,16.0,377646203.0,5.0,1064.0,poseidon,condorpool,poseidon-worker-3-container-32-39,xgboost_hp_tuning,/srv/xgboost_hp_tuning,,10.2,0,0,,,,,,,,,
xgboost_hp_tuning_ID0000015_pegasus-plan_ID0000016,cpu_3,compute,0,1676990497.0,,,1676990502.0,1676990566.0,1676990581.0,45737802.2,1676990605.0,1676990642.0,1676990591.0,1676990595.0,255.0,1676990642.0,1676990647.0,5.0,,103.0,37.0,5.0,15.0,377646203.0,4.0,1055.0,poseidon,condorpool,poseidon-worker-2-container-8-15,xgboost_hp_tuning,/srv/xgboost_hp_tuning,,11.1,0,0,,,,,,,,,
xgboost_hp_tuning_ID0000003_pegasus-plan_ID0000016,None,compute,0,1676990497.0,,,1676990502.0,1676990566.0,1676990581.0,45670262.5,1676990605.0,1676990642.0,1676990591.0,1676990595.0,254.0,1676990642.0,1676990647.0,5.0,,103.0,37.0,5.0,15.0,377646203.0,4.0,1067.0,poseidon,condorpool,poseidon-worker-1-container-24-31,xgboost_hp_tuning,/srv/xgboost_hp_tuning,,14.0,0,0,,,,,,,,,
xgboost_hp_tuning_ID0000014_pegasus-plan_ID0000016,None,compute,0,1676990497.0,,,1676990502.0,1676990566.0,1676990581.0,45717067.0,1676990605.0,1676990642.0,1676990591.0,1676990595.0,249.0,1676990642.0,1676990647.0,5.0,,103.0,37.0,5.0,15.0,377646203.0,4.0,1053.0,poseidon,condorpool,poseidon-worker-2-container-0-7,xgboost_hp_tuning,/srv/xgboost_hp_tuning,,15.6,0,0,,,,,,,,,
xgboost_hp_tuning_ID0000002_pegasus-plan_ID0000016,cpu_3,compute,0,1676990497.0,,,1676990502.0,1676990569.0,1676990584.0,45724749.0,1676990608.0,1676990647.0,1676990594.0,1676990599.0,255.0,1676990647.0,1676990652.0,5.0,,106.0,39.0,5.0,15.0,377646203.0,5.0,1063.0,poseidon,condorpool,poseidon-worker-2-container-24-31,xgboost_hp_tuning,/srv/xgboost_hp_tuning,,12.2,0,0,,,,,,,,,
xgboost_hp_tuning_ID0000006_pegasus-plan_ID0000016,None,compute,0,1676990497.0,,,1676990502.0,1676990535.0,1676990550.0,45566589.2,1676990574.0,1676990617.0,1676990562.0,1676990566.0,258.0,1676990617.0,1676990622.0,5.0,,72.0,43.0,5.0,15.0,377646203.0,4.0,1063.0,poseidon,condorpool,poseidon-worker-3-container-8-15,xgboost_hp_tuning,/srv/xgboost_hp_tuning,,27.6,0,0,,,,,,,,,
xgboost_hp_tuning_ID0000018_pegasus-plan_ID0000012,cpu_3,compute,0,1676990497.0,,,1676990502.0,1676990469.0,1676990485.0,51606307.7,1676990508.0,1676990567.0,1676990514.0,1676990518.0,257.0,1676990567.0,1676990572.0,5.0,,6.0,59.0,5.0,16.0,502672266.0,4.0,1052.0,poseidon,condorpool,poseidon-worker-3-container-32-39,xgboost_hp_tuning,/srv/xgboost_hp_tuning,,76.7,0,0,0.0,157970590.0,40.0,3319.0,2.0,65.1,3.0,7898529.5,4.0
xgboost_hp_tuning_ID0000001_pegasus-plan_ID0000020,None,compute,0,1676990502.0,,,1676990507.0,1676990969.0,1676990999.0,75161237.5,1676991008.0,1676991388.0,1676991332.0,1676991336.0,260.0,1676991388.0,1676991393.0,5.0,,501.0,380.0,5.0,30.0,1691153157.0,4.0,1064.0,poseidon,condorpool,poseidon-worker-1-container-40-47,xgboost_hp_tuning,/srv/xgboost_hp_tuning,,1839.4,0,0,0.1,1346568628.0,40.0,3771.0,2.0,1761.7,48.8,4208027.0,4.0
xgboost_hp_tuning_ID0000009_pegasus-plan_ID0000020,cpu_3,compute,0,1676990502.0,,,1676990507.0,1676990574.0,1676990603.0,75390729.5,1676990614.0,1676991123.0,1676991071.0,1676991075.0,257.0,1676991123.0,1676991128.0,5.0,,107.0,509.0,5.0,29.0,1691153157.0,4.0,1056.0,poseidon,condorpool,poseidon-worker-3-container-0-7,xgboost_hp_tuning,/srv/xgboost_hp_tuning,,1660.7,0,0,0.1,1346615832.0,40.0,3964.0,2.0,1538.6,86.5,2992479.6,4.0
xgboost_hp_tuning_ID0000012_pegasus-plan_ID0000020,None,compute,0,1676990502.0,,,1676990507.0,1676990974.0,1676991003.0,75129643.7,1676991013.0,1676991368.0,1676991315.0,1676991319.0,257.0,1676991368.0,1676991373.0,5.0,,506.0,355.0,5.0,29.0,1691153157.0,4.0,1050.0,poseidon,condorpool,poseidon-worker-1-container-24-31,xgboost_hp_tuning,/srv/xgboost_hp_tuning,,1682.7,0,0,0.1,1346560970.0,40.0,3741.0,2.0,1607.3,56.1,4488536.6,4.0
xgboost_hp_tuning_ID0000023_pegasus-plan_ID0000020,None,compute,0,1676990502.0,,,1676990507.0,1676990983.0,1676991013.0,75095179.1,1676991023.0,1676991373.0,1676991319.0,1676991323.0,267.0,1676991373.0,1676991378.0,5.0,,516.0,350.0,5.0,30.0,1691153157.0,4.0,1091.0,poseidon,condorpool,poseidon-worker-3-container-24-31,xgboost_hp_tuning,/srv/xgboost_hp_tuning,,1613.0,0,0,0.1,1346555236.0,40.0,3724.0,2.0,1514.8,50.6,4643293.9,4.0
xgboost_hp_tuning_ID0000017_pegasus-plan_ID0000020,cpu_3,compute,0,1676990502.0,,,1676990507.0,1676990604.0,1676990633.0,75244710.3,1676990643.0,1676991153.0,1676991098.0,1676991102.0,258.0,1676991153.0,1676991158.0,5.0,,136.0,510.0,5.0,29.0,1691153157.0,4.0,1056.0,poseidon,condorpool,poseidon-worker-2-container-8-15,xgboost_hp_tuning,/srv/xgboost_hp_tuning,,1728.4,0,0,0.0,1346618138.0,40.0,3966.0,2.0,1641.3,65.8,2992484.8,4.0
xgboost_hp_tuning_ID0000002_pegasus-plan_ID0000020,None,compute,0,1676990502.0,,,1676990507.0,1676990956.0,1676990985.0,75307531.2,1676990995.0,1676991408.0,1676991351.0,1676991360.0,116.0,1676991408.0,1676991413.0,5.0,,488.0,413.0,5.0,29.0,1691153157.0,9.0,1063.0,poseidon,condorpool,poseidon-worker-3-container-8-15,xgboost_hp_tuning,/srv/xgboost_hp_tuning,,2042.7,0,0,0.1,1346578119.0,40.0,3814.0,2.0,1947.2,50.4,3847366.1,4.0
xgboost_hp_tuning_ID0000005_pegasus-plan_ID0000020,None,compute,0,1676990502.0,,,1676990507.0,1676990604.0,1676990634.0,75290078.7,1676990643.0,1676991063.0,1676991010.0,1676991014.0,261.0,1676991063.0,1676991068.0,5.0,,136.0,420.0,5.0,30.0,1691153157.0,4.0,1077.0,poseidon,condorpool,poseidon-worker-2-container-0-7,xgboost_hp_tuning,/srv/xgboost_hp_tuning,,2011.5,0,0,0.0,1346583547.0,40.0,3831.0,2.0,1893.4,71.1,3740509.9,4.0
xgboost_hp_tuning_ID0000016_pegasus-plan_ID0000020,cpu_3,compute,0,1676990502.0,,,1676990507.0,1676990607.0,1676990637.0,75281938.1,1676990647.0,1676991103.0,1676991048.0,1676991052.0,257.0,1676991103.0,1676991108.0,5.0,,140.0,456.0,5.0,30.0,1691153157.0,4.0,1055.0,poseidon,condorpool,poseidon-worker-2-container-24-31,xgboost_hp_tuning,/srv/xgboost_hp_tuning,,1501.7,0,0,0.1,1346599196.0,40.0,3892.0,2.0,1423.7,69.7,3366498.0,4.0
xgboost_hp_tuning_ID0000004_pegasus-plan_ID0000020,None,compute,0,1676990502.0,,,1676990507.0,1676990608.0,1676990637.0,75016850.9,1676990647.0,1676991028.0,1676990973.0,1676990977.0,256.0,1676991028.0,1676991033.0,5.0,,140.0,381.0,5.0,29.0,1691153157.0,4.0,1063.0,poseidon,condorpool,poseidon-worker-2-container-32-39,xgboost_hp_tuning,/srv/xgboost_hp_tuning,,1789.5,0,0,0.0,1346568552.0,40.0,3771.0,2.0,1686.8,63.2,4208026.7,4.0
xgboost_hp_tuning_ID0000018_pegasus-plan_ID0000020,cpu_3,compute,0,1676990502.0,,,1676990507.0,1676990602.0,1676990631.0,75480683.2,1676990641.0,1676991108.0,1676991055.0,1676991059.0,258.0,1676991108.0,1676991113.0,5.0,,134.0,467.0,5.0,29.0,1691153157.0,4.0,1053.0,poseidon,condorpool,poseidon-worker-3-container-32-39,xgboost_hp_tuning,/srv/xgboost_hp_tuning,,1509.3,0,0,0.0,1346601103.0,40.0,3905.0,2.0,1425.3,64.7,3284392.9,4.0
xgboost_hp_tuning_ID0000013_pegasus-plan_ID0000020,None,compute,0,1676990502.0,,,1676990507.0,1676990961.0,1676990991.0,75129917.0,1676991000.0,1676991428.0,1676991373.0,1676991377.0,257.0,1676991428.0,1676991433.0,5.0,,493.0,428.0,5.0,30.0,1691153157.0,4.0,1054.0,poseidon,condorpool,poseidon-worker-1-container-0-7,xgboost_hp_tuning,/srv/xgboost_hp_tuning,,2203.2,0,0,0.0,1346587455.0,40.0,3846.0,2.0,2121.2,61.3,3639425.6,4.0
xgboost_hp_tuning_ID0000019_pegasus-plan_ID0000020,None,compute,0,1676990502.0,,,1676990507.0,1676990598.0,1676990628.0,74911466.1,1676990638.0,1676991318.0,1676991265.0,1676991270.0,257.0,1676991318.0,1676991323.0,5.0,,131.0,680.0,5.0,30.0,1691153157.0,5.0,1057.0,poseidon,condorpool,poseidon-worker-1-container-8-15,xgboost_hp_tuning,/srv/xgboost_hp_tuning,,3889.8,0,0,0.1,1346683152.0,40.0,4221.0,2.0,3751.2,87.0,2172069.6,4.0
xgboost_hp_tuning_ID0000008_pegasus-plan_ID0000020,None,compute,0,1676990502.0,,,1676990507.0,1676990596.0,1676990625.0,74690468.3,1676990635.0,1676991003.0,1676990948.0,1676990952.0,255.0,1676991003.0,1676991008.0,5.0,,128.0,368.0,5.0,29.0,1691153157.0,4.0,1059.0,poseidon,condorpool,poseidon-worker-1-container-0-7,xgboost_hp_tuning,/srv/xgboost_hp_tuning,,1778.8,0,0,0.0,1346564238.0,40.0,3756.0,2.0,1695.3,60.6,4343755.6,4.0
xgboost_hp_tuning_ID0000007_pegasus-plan_ID0000020,None,compute,0,1676990502.0,,,1676990507.0,1676990602.0,1676990631.0,75115602.5,1676990641.0,1676991008.0,1676990956.0,1676990960.0,257.0,1676991008.0,1676991013.0,5.0,,134.0,367.0,5.0,29.0,1691153157.0,4.0,1068.0,poseidon,condorpool,poseidon-worker-1-container-40-47,xgboost_hp_tuning,/srv/xgboost_hp_tuning,,1717.0,0,0,0.0,1346564753.0,40.0,3756.0,2.0,1628.5,56.0,4343757.3,4.0
xgboost_hp_tuning_ID0000021_pegasus-plan_ID0000020,None,compute,0,1676990502.0,,,1676990507.0,1676990579.0,1676990609.0,75243641.7,1676990618.0,1676991093.0,1676991042.0,1676991046.0,259.0,1676991093.0,1676991098.0,5.0,,111.0,475.0,5.0,30.0,1691153157.0,4.0,1063.0,poseidon,condorpool,poseidon-worker-2-container-40-47,xgboost_hp_tuning,/srv/xgboost_hp_tuning,,2483.3,0,0,0.1,1346606608.0,40.0,3921.0,2.0,2396.6,63.5,3206206.2,4.0
xgboost_hp_tuning_ID0000010_pegasus-plan_ID0000020,None,compute,0,1676990502.0,,,1676990507.0,1676990578.0,1676990608.0,74783656.1,1676990617.0,1676990988.0,1676990934.0,1676990938.0,255.0,1676990988.0,1676990993.0,5.0,,110.0,371.0,5.0,30.0,1691153157.0,4.0,1052.0,poseidon,condorpool,poseidon-worker-2-container-16-23,xgboost_hp_tuning,/srv/xgboost_hp_tuning,,1757.9,0,0,0.1,1346564548.0,40.0,3756.0,2.0,1658.5,54.3,4343756.6,4.0
xgboost_hp_tuning_ID0000022_pegasus-plan_ID0000020,None,compute,0,1676990502.0,,,1676990507.0,1676990575.0,1676990604.0,75259920.1,1676990614.0,1676991023.0,1676990970.0,1676990975.0,260.0,1676991023.0,1676991028.0,5.0,,107.0,409.0,5.0,29.0,1691153157.0,5.0,1064.0,poseidon,condorpool,poseidon-worker-3-container-24-31,xgboost_hp_tuning,/srv/xgboost_hp_tuning,,1965.4,0,0,0.1,1346578248.0,40.0,3814.0,2.0,1863.1,61.9,3847366.4,4.0
xgboost_hp_tuning_ID0000011_pegasus-plan_ID0000020,None,compute,0,1676990502.0,,,1676990507.0,1676990575.0,1676990604.0,75218272.7,1676990614.0,1676990998.0,1676990943.0,1676990947.0,259.0,1676990998.0,1676991003.0,5.0,,107.0,384.0,5.0,29.0,1691153157.0,4.0,1049.0,poseidon,condorpool,poseidon-worker-3-container-8-15,xgboost_hp_tuning,/srv/xgboost_hp_tuning,,1804.4,0,0,0.0,1346566363.0,40.0,3769.0,2.0,1687.8,53.0,4208019.9,4.0
xgboost_hp_tuning_ID0000015_pegasus-plan_ID0000020,cpu_3,compute,0,1676990502.0,,,1676990507.0,1676990608.0,1676990637.0,75457117.4,1676990647.0,1676991138.0,1676991086.0,1676991090.0,259.0,1676991138.0,1676991143.0,5.0,,140.0,491.0,5.0,29.0,1691153157.0,4.0,1053.0,poseidon,condorpool,poseidon-worker-3-container-16-23,xgboost_hp_tuning,/srv/xgboost_hp_tuning,,1648.4,0,0,0.1,1346608838.0,40.0,3934.0,2.0,1557.8,53.1,3131648.5,4.0
xgboost_hp_tuning_ID0000006_pegasus-plan_ID0000020,None,compute,0,1676990502.0,,,1676990507.0,1676990604.0,1676990633.0,75021402.3,1676990643.0,1676991013.0,1676990961.0,1676990965.0,260.0,1676991013.0,1676991018.0,5.0,,136.0,370.0,5.0,29.0,1691153157.0,4.0,1067.0,poseidon,condorpool,poseidon-worker-1-container-24-31,xgboost_hp_tuning,/srv/xgboost_hp_tuning,,1771.8,0,0,0.0,1346564761.0,40.0,3756.0,2.0,1663.4,55.0,4343757.3,4.0
xgboost_hp_tuning_ID0000014_pegasus-plan_ID0000020,None,compute,0,1676990502.0,,,1676990507.0,1676990683.0,1676990712.0,75278966.8,1676990723.0,1676991108.0,1676991054.0,1676991058.0,259.0,1676991108.0,1676991113.0,5.0,,216.0,385.0,5.0,29.0,1691153157.0,4.0,1054.0,poseidon,condorpool,poseidon-worker-3-container-40-47,xgboost_hp_tuning,/srv/xgboost_hp_tuning,,1785.6,0,0,0.0,1346570559.0,40.0,3784.0,2.0,1715.5,58.5,4080516.8,4.0
xgboost_hp_tuning_ID0000020_pegasus-plan_ID0000020,None,compute,0,1676990502.0,,,1676990507.0,1676990586.0,1676990615.0,75094721.5,1676990625.0,1676990983.0,1676990932.0,1676990936.0,256.0,1676990983.0,1676990988.0,5.0,,118.0,358.0,5.0,29.0,1691153157.0,4.0,1062.0,poseidon,condorpool,poseidon-worker-1-container-16-23,xgboost_hp_tuning,/srv/xgboost_hp_tuning,,1657.2,0,0,0.1,1346560760.0,40.0,3741.0,2.0,1544.9,62.7,4488535.9,4.0
xgboost_hp_tuning_ID0000003_pegasus-plan_ID0000020,None,compute,0,1676990502.0,,,1676990507.0,1676990612.0,1676990642.0,75078805.5,1676990651.0,1676991063.0,1676991009.0,1676991013.0,258.0,1676991063.0,1676991068.0,5.0,,144.0,412.0,5.0,30.0,1691153157.0,4.0,1065.0,poseidon,condorpool,poseidon-worker-1-container-32-39,xgboost_hp_tuning,/srv/xgboost_hp_tuning,,2087.6,0,0,0.0,1346580049.0,40.0,3816.0,2.0,1967.0,63.7,3847371.6,4.0
stage_out_local_condorpool_0_0_pegasus-plan_ID0000012,None,transfer,0,1676990622.0,,,1676990627.0,,,0.0,1676990628.0,1676990642.0,1676990628.0,1676990632.0,2096.0,1676990642.0,1676990647.0,5.0,,1.0,14.0,5.0,,,4.0,8459.0,poseidon,local,host-10-100-100-12.openstacklocal,pegasus::transfer,/home/poseidon/pegasus-5.1.0panorama/bin/pegasus-transfer,/home/poseidon/pegasus-5.1.0panorama/bin/../bin/pegasus-kickstart  -n pegasus::transfer -N null -i - -R local  -L xgboost_hp_tuning_group_0 -T 2023-02-21T14:40:43+00:00 /home/poseidon/pegasus-5.1.0panorama/bin/../bin/pegasus-transfer  --threads 2,1.1,0,0,,,,,,,,,
stage_out_local_condorpool_0_2_pegasus-plan_ID0000012,None,transfer,0,1676990642.0,,,1676990647.0,,,0.0,1676990647.0,1676990657.0,1676990648.0,1676990652.0,1839.0,1676990657.0,1676990662.0,5.0,,0.0,10.0,5.0,,,4.0,7427.0,poseidon,local,host-10-100-100-12.openstacklocal,pegasus::transfer,/home/poseidon/pegasus-5.1.0panorama/bin/pegasus-transfer,/home/poseidon/pegasus-5.1.0panorama/bin/../bin/pegasus-kickstart  -n pegasus::transfer -N null -i - -R local  -L xgboost_hp_tuning_group_0 -T 2023-02-21T14:40:43+00:00 /home/poseidon/pegasus-5.1.0panorama/bin/../bin/pegasus-transfer  --threads 2,1.0,0,0,,,,,,,,,
stage_out_local_condorpool_0_1_pegasus-plan_ID0000012,None,transfer,0,1676990642.0,,,1676990647.0,,,0.0,1676990647.0,1676990657.0,1676990648.0,1676990652.0,2107.0,1676990657.0,1676990662.0,5.0,,0.0,10.0,5.0,,,4.0,8501.0,poseidon,local,host-10-100-100-12.openstacklocal,pegasus::transfer,/home/poseidon/pegasus-5.1.0panorama/bin/pegasus-transfer,/home/poseidon/pegasus-5.1.0panorama/bin/../bin/pegasus-kickstart  -n pegasus::transfer -N null -i - -R local  -L xgboost_hp_tuning_group_0 -T 2023-02-21T14:40:43+00:00 /home/poseidon/pegasus-5.1.0panorama/bin/../bin/pegasus-transfer  --threads 2,1.1,0,0,,,,,,,,,
xgboost_best_params_ID0000024_pegasus-plan_ID0000012,None,compute,0,1676990642.0,,,1676990647.0,1676990612.0,1676990628.0,39893950.3,1676990651.0,1676990687.0,1676990635.0,1676990639.0,264.0,1676990687.0,1676990692.0,5.0,,4.0,36.0,5.0,16.0,368018656.0,4.0,1077.0,poseidon,condorpool,poseidon-worker-3-container-40-47,xgboost_best_params,/srv/xgboost_best_params,,0.0,0,0,,,,,,,,,
register_condorpool_0_0_pegasus-plan_ID0000012,None,auxiliary,0,1676990647.0,,,1676990652.0,,,0.0,1676990653.0,1676990657.0,,,0.0,1676990657.0,1676990662.0,5.0,,1.0,4.0,5.0,,,,,poseidon,local,host-10-100-100-12.openstacklocal,pegasus::rc-client,/home/poseidon/pegasus-5.1.0panorama/bin/pegasus-rc-client,"-n pegasus::rc-client -N null -R local  -L xgboost_hp_tuning_group_0 -T 2023-02-21T14:40:43+00:00 /home/poseidon/pegasus-5.1.0panorama/bin/pegasus-rc-client --prefix pegasus.catalog.replica.output --conf /home/poseidon/workflows/predict-future-sales-workflow/submit/poseidon/pegasus/predict-future-sales/run0062/00/00/./xgboost_hp_tuning_group_0.000/pegasus.4744791289289015547.properties -v --meta /home/poseidon/workflows/predict-future-sales-workflow/submit/poseidon/pegasus/predict-future-sales/run0062/00/00/./xgboost_hp_tuning_group_0.000/00/00/xgboost_hp_tuning_ID0000018.meta,/home/poseidon/workflows/predict-future-sales-workflow/submit/poseidon/pegasus/predict-future-sales/run0062/00/00/./xgboost_hp_tuning_group_0.000/00/00/xgboost_hp_tuning_ID0000002.meta,/home/poseidon/workflows/predict-future-sales-workflow/submit/poseidon/pegasus/predict-future-sales/run0062/00/00/./xgboost_hp_tuning_group_0.000/00/00/xgboost_hp_tuning_ID0000005.meta,/home/poseidon/workflows/predict-future-sales-workflow/submit/poseidon/pegasus/predict-future-sales/run0062/00/00/./xgboost_hp_tuning_group_0.000/00/00/xgboost_hp_tuning_ID0000009.meta,/home/poseidon/workflows/predict-future-sales-workflow/submit/poseidon/pegasus/predict-future-sales/run0062/00/00/./xgboost_hp_tuning_group_0.000/00/00/xgboost_hp_tuning_ID0000015.meta,/home/poseidon/workflows/predict-future-sales-workflow/submit/poseidon/pegasus/predict-future-sales/run0062/00/00/./xgboost_hp_tuning_group_0.000/00/00/xgboost_hp_tuning_ID0000012.meta,/home/poseidon/workflows/predict-future-sales-workflow/submit/poseidon/pegasus/predict-future-sales/run0062/00/00/./xgboost_hp_tuning_group_0.000/00/00/xgboost_hp_tuning_ID0000010.meta,/home/poseidon/workflows/predict-future-sales-workflow/submit/poseidon/pegasus/predict-future-sales/run0062/00/00/./xgboost_hp_tuning_group_0.000/00/00/xgboost_hp_tuning_ID0000008.meta --insert /home/poseidon/workflows/predict-future-sales-workflow/submit/poseidon/pegasus/predict-future-sales/run0062/00/00/./xgboost_hp_tuning_group_0.000/00/00/register_condorpool_0_0.in",3.0,0,0,,,,,,,,,
stage_out_local_condorpool_0_2_pegasus-plan_ID0000016,None,transfer,0,1676990652.0,,,1676990657.0,,,0.0,1676990657.0,1676990667.0,1676990658.0,1676990662.0,1842.0,1676990667.0,1676990672.0,5.0,,0.0,10.0,5.0,,,4.0,7425.0,poseidon,local,host-10-100-100-12.openstacklocal,pegasus::transfer,/home/poseidon/pegasus-5.1.0panorama/bin/pegasus-transfer,/home/poseidon/pegasus-5.1.0panorama/bin/../bin/pegasus-kickstart  -n pegasus::transfer -N null -i - -R local  -L xgboost_hp_tuning_group_1 -T 2023-02-21T14:40:43+00:00 /home/poseidon/pegasus-5.1.0panorama/bin/../bin/pegasus-transfer  --threads 2,1.1,0,0,,,,,,,,,
xgboost_best_params_ID0000024_pegasus-plan_ID0000016,None,compute,0,1676990657.0,,,1676990662.0,1676990648.0,1676990664.0,39886520.3,1676990687.0,1676990722.0,1676990671.0,1676990675.0,257.0,1676990722.0,1676990727.0,5.0,,25.0,35.0,5.0,16.0,368018656.0,4.0,1050.0,poseidon,condorpool,poseidon-worker-3-container-40-47,xgboost_best_params,/srv/xgboost_best_params,,0.0,0,0,,,,,,,,,
stage_out_local_condorpool_0_1_pegasus-plan_ID0000016,None,transfer,0,1676990657.0,,,1676990662.0,,,0.0,1676990665.0,1676990677.0,1676990666.0,1676990670.0,2102.0,1676990677.0,1676990682.0,5.0,,3.0,12.0,5.0,,,4.0,8500.0,poseidon,local,host-10-100-100-12.openstacklocal,pegasus::transfer,/home/poseidon/pegasus-5.1.0panorama/bin/pegasus-transfer,/home/poseidon/pegasus-5.1.0panorama/bin/../bin/pegasus-kickstart  -n pegasus::transfer -N null -i - -R local  -L xgboost_hp_tuning_group_1 -T 2023-02-21T14:40:43+00:00 /home/poseidon/pegasus-5.1.0panorama/bin/../bin/pegasus-transfer  --threads 2,1.1,0,0,,,,,,,,,
stage_out_local_condorpool_0_0_pegasus-plan_ID0000016,None,transfer,0,1676990657.0,,,1676990662.0,,,0.0,1676990665.0,1676990677.0,1676990666.0,1676990670.0,2098.0,1676990677.0,1676990682.0,5.0,,3.0,12.0,5.0,,,4.0,8462.0,poseidon,local,host-10-100-100-12.openstacklocal,pegasus::transfer,/home/poseidon/pegasus-5.1.0panorama/bin/pegasus-transfer,/home/poseidon/pegasus-5.1.0panorama/bin/../bin/pegasus-kickstart  -n pegasus::transfer -N null -i - -R local  -L xgboost_hp_tuning_group_1 -T 2023-02-21T14:40:43+00:00 /home/poseidon/pegasus-5.1.0panorama/bin/../bin/pegasus-transfer  --threads 2,1.1,0,0,,,,,,,,,
register_condorpool_0_1_pegasus-plan_ID0000012,None,auxiliary,0,1676990662.0,,,1676990677.0,,,0.0,1676990677.0,1676990682.0,,,0.0,1676990682.0,1676990687.0,15.0,,0.0,5.0,5.0,,,,,poseidon,local,host-10-100-100-12.openstacklocal,pegasus::rc-client,/home/poseidon/pegasus-5.1.0panorama/bin/pegasus-rc-client,"-n pegasus::rc-client -N null -R local  -L xgboost_hp_tuning_group_0 -T 2023-02-21T14:40:43+00:00 /home/poseidon/pegasus-5.1.0panorama/bin/pegasus-rc-client --prefix pegasus.catalog.replica.output --conf /home/poseidon/workflows/predict-future-sales-workflow/submit/poseidon/pegasus/predict-future-sales/run0062/00/00/./xgboost_hp_tuning_group_0.000/pegasus.4744791289289015547.properties -v --meta /home/poseidon/workflows/predict-future-sales-workflow/submit/poseidon/pegasus/predict-future-sales/run0062/00/00/./xgboost_hp_tuning_group_0.000/00/00/xgboost_hp_tuning_ID0000013.meta,/home/poseidon/workflows/predict-future-sales-workflow/submit/poseidon/pegasus/predict-future-sales/run0062/00/00/./xgboost_hp_tuning_group_0.000/00/00/xgboost_hp_tuning_ID0000023.meta,/home/poseidon/workflows/predict-future-sales-workflow/submit/poseidon/pegasus/predict-future-sales/run0062/00/00/./xgboost_hp_tuning_group_0.000/00/00/xgboost_hp_tuning_ID0000011.meta,/home/poseidon/workflows/predict-future-sales-workflow/submit/poseidon/pegasus/predict-future-sales/run0062/00/00/./xgboost_hp_tuning_group_0.000/00/00/xgboost_hp_tuning_ID0000006.meta,/home/poseidon/workflows/predict-future-sales-workflow/submit/poseidon/pegasus/predict-future-sales/run0062/00/00/./xgboost_hp_tuning_group_0.000/00/00/xgboost_hp_tuning_ID0000003.meta,/home/poseidon/workflows/predict-future-sales-workflow/submit/poseidon/pegasus/predict-future-sales/run0062/00/00/./xgboost_hp_tuning_group_0.000/00/00/xgboost_hp_tuning_ID0000021.meta,/home/poseidon/workflows/predict-future-sales-workflow/submit/poseidon/pegasus/predict-future-sales/run0062/00/00/./xgboost_hp_tuning_group_0.000/00/00/xgboost_hp_tuning_ID0000019.meta,/home/poseidon/workflows/predict-future-sales-workflow/submit/poseidon/pegasus/predict-future-sales/run0062/00/00/./xgboost_hp_tuning_group_0.000/00/00/xgboost_hp_tuning_ID0000016.meta --insert /home/poseidon/workflows/predict-future-sales-workflow/submit/poseidon/pegasus/predict-future-sales/run0062/00/00/./xgboost_hp_tuning_group_0.000/00/00/register_condorpool_0_1.in",3.0,0,0,,,,,,,,,
register_condorpool_0_2_pegasus-plan_ID0000012,None,auxiliary,0,1676990662.0,,,1676990667.0,,,0.0,1676990667.0,1676990672.0,,,0.0,1676990672.0,1676990677.0,5.0,,0.0,5.0,5.0,,,,,poseidon,local,host-10-100-100-12.openstacklocal,pegasus::rc-client,/home/poseidon/pegasus-5.1.0panorama/bin/pegasus-rc-client,"-n pegasus::rc-client -N null -R local  -L xgboost_hp_tuning_group_0 -T 2023-02-21T14:40:43+00:00 /home/poseidon/pegasus-5.1.0panorama/bin/pegasus-rc-client --prefix pegasus.catalog.replica.output --conf /home/poseidon/workflows/predict-future-sales-workflow/submit/poseidon/pegasus/predict-future-sales/run0062/00/00/./xgboost_hp_tuning_group_0.000/pegasus.4744791289289015547.properties -v --meta /home/poseidon/workflows/predict-future-sales-workflow/submit/poseidon/pegasus/predict-future-sales/run0062/00/00/./xgboost_hp_tuning_group_0.000/00/00/xgboost_hp_tuning_ID0000017.meta,/home/poseidon/workflows/predict-future-sales-workflow/submit/poseidon/pegasus/predict-future-sales/run0062/00/00/./xgboost_hp_tuning_group_0.000/00/00/xgboost_hp_tuning_ID0000022.meta,/home/poseidon/workflows/predict-future-sales-workflow/submit/poseidon/pegasus/predict-future-sales/run0062/00/00/./xgboost_hp_tuning_group_0.000/00/00/xgboost_hp_tuning_ID0000007.meta,/home/poseidon/workflows/predict-future-sales-workflow/submit/poseidon/pegasus/predict-future-sales/run0062/00/00/./xgboost_hp_tuning_group_0.000/00/00/xgboost_hp_tuning_ID0000020.meta,/home/poseidon/workflows/predict-future-sales-workflow/submit/poseidon/pegasus/predict-future-sales/run0062/00/00/./xgboost_hp_tuning_group_0.000/00/00/xgboost_hp_tuning_ID0000001.meta,/home/poseidon/workflows/predict-future-sales-workflow/submit/poseidon/pegasus/predict-future-sales/run0062/00/00/./xgboost_hp_tuning_group_0.000/00/00/xgboost_hp_tuning_ID0000004.meta,/home/poseidon/workflows/predict-future-sales-workflow/submit/poseidon/pegasus/predict-future-sales/run0062/00/00/./xgboost_hp_tuning_group_0.000/00/00/xgboost_hp_tuning_ID0000014.meta --insert /home/poseidon/workflows/predict-future-sales-workflow/submit/poseidon/pegasus/predict-future-sales/run0062/00/00/./xgboost_hp_tuning_group_0.000/00/00/register_condorpool_0_2.in",3.0,0,0,,,,,,,,,
register_condorpool_0_2_pegasus-plan_ID0000016,None,auxiliary,0,1676990672.0,,,1676990677.0,,,0.0,1676990678.0,1676990682.0,,,0.0,1676990682.0,1676990687.0,5.0,,1.0,4.0,5.0,,,,,poseidon,local,host-10-100-100-12.openstacklocal,pegasus::rc-client,/home/poseidon/pegasus-5.1.0panorama/bin/pegasus-rc-client,"-n pegasus::rc-client -N null -R local  -L xgboost_hp_tuning_group_1 -T 2023-02-21T14:40:43+00:00 /home/poseidon/pegasus-5.1.0panorama/bin/pegasus-rc-client --prefix pegasus.catalog.replica.output --conf /home/poseidon/workflows/predict-future-sales-workflow/submit/poseidon/pegasus/predict-future-sales/run0062/00/00/./xgboost_hp_tuning_group_1.000/pegasus.11957670354054332637.properties -v --meta /home/poseidon/workflows/predict-future-sales-workflow/submit/poseidon/pegasus/predict-future-sales/run0062/00/00/./xgboost_hp_tuning_group_1.000/00/00/xgboost_hp_tuning_ID0000014.meta,/home/poseidon/workflows/predict-future-sales-workflow/submit/poseidon/pegasus/predict-future-sales/run0062/00/00/./xgboost_hp_tuning_group_1.000/00/00/xgboost_hp_tuning_ID0000001.meta,/home/poseidon/workflows/predict-future-sales-workflow/submit/poseidon/pegasus/predict-future-sales/run0062/00/00/./xgboost_hp_tuning_group_1.000/00/00/xgboost_hp_tuning_ID0000007.meta,/home/poseidon/workflows/predict-future-sales-workflow/submit/poseidon/pegasus/predict-future-sales/run0062/00/00/./xgboost_hp_tuning_group_1.000/00/00/xgboost_hp_tuning_ID0000004.meta,/home/poseidon/workflows/predict-future-sales-workflow/submit/poseidon/pegasus/predict-future-sales/run0062/00/00/./xgboost_hp_tuning_group_1.000/00/00/xgboost_hp_tuning_ID0000022.meta,/home/poseidon/workflows/predict-future-sales-workflow/submit/poseidon/pegasus/predict-future-sales/run0062/00/00/./xgboost_hp_tuning_group_1.000/00/00/xgboost_hp_tuning_ID0000020.meta,/home/poseidon/workflows/predict-future-sales-workflow/submit/poseidon/pegasus/predict-future-sales/run0062/00/00/./xgboost_hp_tuning_group_1.000/00/00/xgboost_hp_tuning_ID0000017.meta --insert /home/poseidon/workflows/predict-future-sales-workflow/submit/poseidon/pegasus/predict-future-sales/run0062/00/00/./xgboost_hp_tuning_group_1.000/00/00/register_condorpool_0_2.in",3.0,0,0,,,,,,,,,
register_condorpool_0_1_pegasus-plan_ID0000016,None,auxiliary,0,1676990682.0,,,1676990697.0,,,0.0,1676990697.0,1676990702.0,,,0.0,1676990702.0,1676990707.0,15.0,,0.0,5.0,5.0,,,,,poseidon,local,host-10-100-100-12.openstacklocal,pegasus::rc-client,/home/poseidon/pegasus-5.1.0panorama/bin/pegasus-rc-client,"-n pegasus::rc-client -N null -R local  -L xgboost_hp_tuning_group_1 -T 2023-02-21T14:40:43+00:00 /home/poseidon/pegasus-5.1.0panorama/bin/pegasus-rc-client --prefix pegasus.catalog.replica.output --conf /home/poseidon/workflows/predict-future-sales-workflow/submit/poseidon/pegasus/predict-future-sales/run0062/00/00/./xgboost_hp_tuning_group_1.000/pegasus.11957670354054332637.properties -v --meta /home/poseidon/workflows/predict-future-sales-workflow/submit/poseidon/pegasus/predict-future-sales/run0062/00/00/./xgboost_hp_tuning_group_1.000/00/00/xgboost_hp_tuning_ID0000019.meta,/home/poseidon/workflows/predict-future-sales-workflow/submit/poseidon/pegasus/predict-future-sales/run0062/00/00/./xgboost_hp_tuning_group_1.000/00/00/xgboost_hp_tuning_ID0000003.meta,/home/poseidon/workflows/predict-future-sales-workflow/submit/poseidon/pegasus/predict-future-sales/run0062/00/00/./xgboost_hp_tuning_group_1.000/00/00/xgboost_hp_tuning_ID0000006.meta,/home/poseidon/workflows/predict-future-sales-workflow/submit/poseidon/pegasus/predict-future-sales/run0062/00/00/./xgboost_hp_tuning_group_1.000/00/00/xgboost_hp_tuning_ID0000016.meta,/home/poseidon/workflows/predict-future-sales-workflow/submit/poseidon/pegasus/predict-future-sales/run0062/00/00/./xgboost_hp_tuning_group_1.000/00/00/xgboost_hp_tuning_ID0000013.meta,/home/poseidon/workflows/predict-future-sales-workflow/submit/poseidon/pegasus/predict-future-sales/run0062/00/00/./xgboost_hp_tuning_group_1.000/00/00/xgboost_hp_tuning_ID0000023.meta,/home/poseidon/workflows/predict-future-sales-workflow/submit/poseidon/pegasus/predict-future-sales/run0062/00/00/./xgboost_hp_tuning_group_1.000/00/00/xgboost_hp_tuning_ID0000011.meta,/home/poseidon/workflows/predict-future-sales-workflow/submit/poseidon/pegasus/predict-future-sales/run0062/00/00/./xgboost_hp_tuning_group_1.000/00/00/xgboost_hp_tuning_ID0000021.meta --insert /home/poseidon/workflows/predict-future-sales-workflow/submit/poseidon/pegasus/predict-future-sales/run0062/00/00/./xgboost_hp_tuning_group_1.000/00/00/register_condorpool_0_1.in",3.1,0,0,,,,,,,,,
register_condorpool_0_0_pegasus-plan_ID0000016,None,auxiliary,0,1676990682.0,,,1676990687.0,,,0.0,1676990687.0,1676990692.0,,,0.0,1676990692.0,1676990697.0,5.0,,0.0,5.0,5.0,,,,,poseidon,local,host-10-100-100-12.openstacklocal,pegasus::rc-client,/home/poseidon/pegasus-5.1.0panorama/bin/pegasus-rc-client,"-n pegasus::rc-client -N null -R local  -L xgboost_hp_tuning_group_1 -T 2023-02-21T14:40:43+00:00 /home/poseidon/pegasus-5.1.0panorama/bin/pegasus-rc-client --prefix pegasus.catalog.replica.output --conf /home/poseidon/workflows/predict-future-sales-workflow/submit/poseidon/pegasus/predict-future-sales/run0062/00/00/./xgboost_hp_tuning_group_1.000/pegasus.11957670354054332637.properties -v --meta /home/poseidon/workflows/predict-future-sales-workflow/submit/poseidon/pegasus/predict-future-sales/run0062/00/00/./xgboost_hp_tuning_group_1.000/00/00/xgboost_hp_tuning_ID0000018.meta,/home/poseidon/workflows/predict-future-sales-workflow/submit/poseidon/pegasus/predict-future-sales/run0062/00/00/./xgboost_hp_tuning_group_1.000/00/00/xgboost_hp_tuning_ID0000009.meta,/home/poseidon/workflows/predict-future-sales-workflow/submit/poseidon/pegasus/predict-future-sales/run0062/00/00/./xgboost_hp_tuning_group_1.000/00/00/xgboost_hp_tuning_ID0000012.meta,/home/poseidon/workflows/predict-future-sales-workflow/submit/poseidon/pegasus/predict-future-sales/run0062/00/00/./xgboost_hp_tuning_group_1.000/00/00/xgboost_hp_tuning_ID0000008.meta,/home/poseidon/workflows/predict-future-sales-workflow/submit/poseidon/pegasus/predict-future-sales/run0062/00/00/./xgboost_hp_tuning_group_1.000/00/00/xgboost_hp_tuning_ID0000010.meta,/home/poseidon/workflows/predict-future-sales-workflow/submit/poseidon/pegasus/predict-future-sales/run0062/00/00/./xgboost_hp_tuning_group_1.000/00/00/xgboost_hp_tuning_ID0000002.meta,/home/poseidon/workflows/predict-future-sales-workflow/submit/poseidon/pegasus/predict-future-sales/run0062/00/00/./xgboost_hp_tuning_group_1.000/00/00/xgboost_hp_tuning_ID0000005.meta,/home/poseidon/workflows/predict-future-sales-workflow/submit/poseidon/pegasus/predict-future-sales/run0062/00/00/./xgboost_hp_tuning_group_1.000/00/00/xgboost_hp_tuning_ID0000015.meta --insert /home/poseidon/workflows/predict-future-sales-workflow/submit/poseidon/pegasus/predict-future-sales/run0062/00/00/./xgboost_hp_tuning_group_1.000/00/00/register_condorpool_0_0.in",3.0,0,0,,,,,,,,,
stage_out_local_condorpool_1_0_pegasus-plan_ID0000012,None,transfer,0,1676990692.0,,,1676990697.0,,,0.0,1676990699.0,1676990712.0,1676990699.0,1676990703.0,1240.0,1676990712.0,1676990717.0,5.0,,2.0,13.0,5.0,,,4.0,5385.0,poseidon,local,host-10-100-100-12.openstacklocal,pegasus::transfer,/home/poseidon/pegasus-5.1.0panorama/bin/pegasus-transfer,/home/poseidon/pegasus-5.1.0panorama/bin/../bin/pegasus-kickstart  -n pegasus::transfer -N null -i - -R local  -L xgboost_hp_tuning_group_0 -T 2023-02-21T14:40:43+00:00 /home/poseidon/pegasus-5.1.0panorama/bin/../bin/pegasus-transfer  --threads 2,0.7,0,0,,,,,,,,,
register_condorpool_1_0_pegasus-plan_ID0000012,None,auxiliary,0,1676990717.0,,,1676990722.0,,,0.0,1676990722.0,1676990727.0,,,0.0,1676990727.0,1676990732.0,5.0,,0.0,5.0,5.0,,,,,poseidon,local,host-10-100-100-12.openstacklocal,pegasus::rc-client,/home/poseidon/pegasus-5.1.0panorama/bin/pegasus-rc-client,-n pegasus::rc-client -N null -R local  -L xgboost_hp_tuning_group_0 -T 2023-02-21T14:40:43+00:00 /home/poseidon/pegasus-5.1.0panorama/bin/pegasus-rc-client --prefix pegasus.catalog.replica.output --conf /home/poseidon/workflows/predict-future-sales-workflow/submit/poseidon/pegasus/predict-future-sales/run0062/00/00/./xgboost_hp_tuning_group_0.000/pegasus.4744791289289015547.properties -v --meta /home/poseidon/workflows/predict-future-sales-workflow/submit/poseidon/pegasus/predict-future-sales/run0062/00/00/./xgboost_hp_tuning_group_0.000/00/00/xgboost_best_params_ID0000024.meta --insert /home/poseidon/workflows/predict-future-sales-workflow/submit/poseidon/pegasus/predict-future-sales/run0062/00/00/./xgboost_hp_tuning_group_0.000/00/00/register_condorpool_1_0.in,2.9,0,0,,,,,,,,,
stage_out_local_condorpool_1_0_pegasus-plan_ID0000016,None,transfer,0,1676990727.0,,,1676990732.0,,,0.0,1676990733.0,1676990743.0,1676990733.0,1676990737.0,1222.0,1676990743.0,1676990748.0,5.0,,1.0,10.0,5.0,,,4.0,5250.0,poseidon,local,host-10-100-100-12.openstacklocal,pegasus::transfer,/home/poseidon/pegasus-5.1.0panorama/bin/pegasus-transfer,/home/poseidon/pegasus-5.1.0panorama/bin/../bin/pegasus-kickstart  -n pegasus::transfer -N null -i - -R local  -L xgboost_hp_tuning_group_1 -T 2023-02-21T14:40:43+00:00 /home/poseidon/pegasus-5.1.0panorama/bin/../bin/pegasus-transfer  --threads 2,0.8,0,0,,,,,,,,,
xgboost_model_ID0000013,None,compute,0,1676990732.0,,,1676990737.0,1676990945.0,1676990963.0,51295102.7,1676990984.0,1676991032.0,1676990977.0,1676990981.0,403030.0,1676991032.0,1676991037.0,5.0,,247.0,48.0,5.0,18.0,502671207.0,4.0,1760742.0,poseidon,condorpool,poseidon-worker-1-container-16-23,xgboost_model,/srv/xgboost_model,,30.5,0,0,,,,,,,,,
register_condorpool_1_0_pegasus-plan_ID0000016,None,auxiliary,0,1676990748.0,,,1676990753.0,,,0.0,1676990753.0,1676990758.0,,,0.0,1676990758.0,1676990763.0,5.0,,0.0,5.0,5.0,,,,,poseidon,local,host-10-100-100-12.openstacklocal,pegasus::rc-client,/home/poseidon/pegasus-5.1.0panorama/bin/pegasus-rc-client,-n pegasus::rc-client -N null -R local  -L xgboost_hp_tuning_group_1 -T 2023-02-21T14:40:43+00:00 /home/poseidon/pegasus-5.1.0panorama/bin/pegasus-rc-client --prefix pegasus.catalog.replica.output --conf /home/poseidon/workflows/predict-future-sales-workflow/submit/poseidon/pegasus/predict-future-sales/run0062/00/00/./xgboost_hp_tuning_group_1.000/pegasus.11957670354054332637.properties -v --meta /home/poseidon/workflows/predict-future-sales-workflow/submit/poseidon/pegasus/predict-future-sales/run0062/00/00/./xgboost_hp_tuning_group_1.000/00/00/xgboost_best_params_ID0000024.meta --insert /home/poseidon/workflows/predict-future-sales-workflow/submit/poseidon/pegasus/predict-future-sales/run0062/00/00/./xgboost_hp_tuning_group_1.000/00/00/register_condorpool_1_0.in,2.9,0,0,,,,,,,,,
xgboost_model_ID0000017,None,compute,0,1676990767.0,,,1676990772.0,1676990947.0,1676990964.0,45205709.8,1676990986.0,1676991027.0,1676990974.0,1676990978.0,58276.0,1676991027.0,1676991032.0,5.0,,214.0,41.0,5.0,17.0,377645117.0,4.0,249402.0,poseidon,condorpool,poseidon-worker-2-container-16-23,xgboost_model,/srv/xgboost_model,,8.5,0,0,,,,,,,,,
model_predict_ID0000018,None,compute,0,1676991032.0,,,1676991037.0,1676991000.0,1676991016.0,44653489.2,1676991039.0,1676991077.0,1676991024.0,1676991028.0,6001.0,1676991077.0,1676991082.0,5.0,,2.0,38.0,5.0,16.0,368351430.0,4.0,25035.0,poseidon,condorpool,poseidon-worker-2-container-32-39,model_predict,/srv/model_predict,,2.7,0,0,,,,,,,,,
model_predict_ID0000014,None,compute,0,1676991037.0,,,1676991042.0,1676991005.0,1676991023.0,45078765.0,1676991044.0,1676991087.0,1676991031.0,1676991035.0,106052.0,1676991087.0,1676991092.0,5.0,,2.0,43.0,5.0,18.0,371948147.0,4.0,451213.0,poseidon,condorpool,poseidon-worker-1-container-16-23,model_predict,/srv/model_predict,,3.0,0,0,,,,,,,,,
stage_out_local_condorpool_0_2_pegasus-plan_ID0000020,None,transfer,0,1676991393.0,,,1676991398.0,,,0.0,1676991398.0,1676991408.0,1676991399.0,1676991403.0,1843.0,1676991408.0,1676991413.0,5.0,,0.0,10.0,5.0,,,4.0,7431.0,poseidon,local,host-10-100-100-12.openstacklocal,pegasus::transfer,/home/poseidon/pegasus-5.1.0panorama/bin/pegasus-transfer,/home/poseidon/pegasus-5.1.0panorama/bin/../bin/pegasus-kickstart  -n pegasus::transfer -N null -i - -R local  -L xgboost_hp_tuning_group_2 -T 2023-02-21T14:40:43+00:00 /home/poseidon/pegasus-5.1.0panorama/bin/../bin/pegasus-transfer  --threads 2,0.9,0,0,,,,,,,,,
register_condorpool_0_2_pegasus-plan_ID0000020,None,auxiliary,0,1676991413.0,,,1676991418.0,,,0.0,1676991418.0,1676991423.0,,,0.0,1676991423.0,1676991428.0,5.0,,0.0,5.0,5.0,,,,,poseidon,local,host-10-100-100-12.openstacklocal,pegasus::rc-client,/home/poseidon/pegasus-5.1.0panorama/bin/pegasus-rc-client,"-n pegasus::rc-client -N null -R local  -L xgboost_hp_tuning_group_2 -T 2023-02-21T14:40:43+00:00 /home/poseidon/pegasus-5.1.0panorama/bin/pegasus-rc-client --prefix pegasus.catalog.replica.output --conf /home/poseidon/workflows/predict-future-sales-workflow/submit/poseidon/pegasus/predict-future-sales/run0062/00/00/./xgboost_hp_tuning_group_2.000/pegasus.5514732278586721576.properties -v --meta /home/poseidon/workflows/predict-future-sales-workflow/submit/poseidon/pegasus/predict-future-sales/run0062/00/00/./xgboost_hp_tuning_group_2.000/00/00/xgboost_hp_tuning_ID0000014.meta,/home/poseidon/workflows/predict-future-sales-workflow/submit/poseidon/pegasus/predict-future-sales/run0062/00/00/./xgboost_hp_tuning_group_2.000/00/00/xgboost_hp_tuning_ID0000001.meta,/home/poseidon/workflows/predict-future-sales-workflow/submit/poseidon/pegasus/predict-future-sales/run0062/00/00/./xgboost_hp_tuning_group_2.000/00/00/xgboost_hp_tuning_ID0000007.meta,/home/poseidon/workflows/predict-future-sales-workflow/submit/poseidon/pegasus/predict-future-sales/run0062/00/00/./xgboost_hp_tuning_group_2.000/00/00/xgboost_hp_tuning_ID0000004.meta,/home/poseidon/workflows/predict-future-sales-workflow/submit/poseidon/pegasus/predict-future-sales/run0062/00/00/./xgboost_hp_tuning_group_2.000/00/00/xgboost_hp_tuning_ID0000022.meta,/home/poseidon/workflows/predict-future-sales-workflow/submit/poseidon/pegasus/predict-future-sales/run0062/00/00/./xgboost_hp_tuning_group_2.000/00/00/xgboost_hp_tuning_ID0000020.meta,/home/poseidon/workflows/predict-future-sales-workflow/submit/poseidon/pegasus/predict-future-sales/run0062/00/00/./xgboost_hp_tuning_group_2.000/00/00/xgboost_hp_tuning_ID0000017.meta --insert /home/poseidon/workflows/predict-future-sales-workflow/submit/poseidon/pegasus/predict-future-sales/run0062/00/00/./xgboost_hp_tuning_group_2.000/00/00/register_condorpool_0_2.in",2.9,0,0,,,,,,,,,
stage_out_local_condorpool_0_0_pegasus-plan_ID0000020,None,transfer,0,1676991413.0,,,1676991418.0,,,0.0,1676991418.0,1676991433.0,1676991419.0,1676991423.0,2098.0,1676991433.0,1676991438.0,5.0,,0.0,15.0,5.0,,,4.0,8463.0,poseidon,local,host-10-100-100-12.openstacklocal,pegasus::transfer,/home/poseidon/pegasus-5.1.0panorama/bin/pegasus-transfer,/home/poseidon/pegasus-5.1.0panorama/bin/../bin/pegasus-kickstart  -n pegasus::transfer -N null -i - -R local  -L xgboost_hp_tuning_group_2 -T 2023-02-21T14:40:43+00:00 /home/poseidon/pegasus-5.1.0panorama/bin/../bin/pegasus-transfer  --threads 2,1.0,0,0,,,,,,,,,
xgboost_best_params_ID0000024_pegasus-plan_ID0000020,None,compute,0,1676991433.0,,,1676991438.0,1676991400.0,1676991417.0,39724044.0,1676991439.0,1676991479.0,1676991424.0,1676991428.0,258.0,1676991479.0,1676991484.0,5.0,,1.0,40.0,5.0,17.0,368018664.0,4.0,1057.0,poseidon,condorpool,poseidon-worker-1-container-0-7,xgboost_best_params,/srv/xgboost_best_params,,0.0,0,0,,,,,,,,,
stage_out_local_condorpool_0_1_pegasus-plan_ID0000020,None,transfer,0,1676991433.0,,,1676991438.0,,,0.0,1676991438.0,1676991448.0,1676991438.0,1676991442.0,2106.0,1676991448.0,1676991453.0,5.0,,0.0,10.0,5.0,,,4.0,8501.0,poseidon,local,host-10-100-100-12.openstacklocal,pegasus::transfer,/home/poseidon/pegasus-5.1.0panorama/bin/pegasus-transfer,/home/poseidon/pegasus-5.1.0panorama/bin/../bin/pegasus-kickstart  -n pegasus::transfer -N null -i - -R local  -L xgboost_hp_tuning_group_2 -T 2023-02-21T14:40:43+00:00 /home/poseidon/pegasus-5.1.0panorama/bin/../bin/pegasus-transfer  --threads 2,1.0,0,0,,,,,,,,,
register_condorpool_0_0_pegasus-plan_ID0000020,None,auxiliary,0,1676991438.0,,,1676991443.0,,,0.0,1676991444.0,1676991448.0,,,0.0,1676991448.0,1676991453.0,5.0,,1.0,4.0,5.0,,,,,poseidon,local,host-10-100-100-12.openstacklocal,pegasus::rc-client,/home/poseidon/pegasus-5.1.0panorama/bin/pegasus-rc-client,"-n pegasus::rc-client -N null -R local  -L xgboost_hp_tuning_group_2 -T 2023-02-21T14:40:43+00:00 /home/poseidon/pegasus-5.1.0panorama/bin/pegasus-rc-client --prefix pegasus.catalog.replica.output --conf /home/poseidon/workflows/predict-future-sales-workflow/submit/poseidon/pegasus/predict-future-sales/run0062/00/00/./xgboost_hp_tuning_group_2.000/pegasus.5514732278586721576.properties -v --meta /home/poseidon/workflows/predict-future-sales-workflow/submit/poseidon/pegasus/predict-future-sales/run0062/00/00/./xgboost_hp_tuning_group_2.000/00/00/xgboost_hp_tuning_ID0000018.meta,/home/poseidon/workflows/predict-future-sales-workflow/submit/poseidon/pegasus/predict-future-sales/run0062/00/00/./xgboost_hp_tuning_group_2.000/00/00/xgboost_hp_tuning_ID0000009.meta,/home/poseidon/workflows/predict-future-sales-workflow/submit/poseidon/pegasus/predict-future-sales/run0062/00/00/./xgboost_hp_tuning_group_2.000/00/00/xgboost_hp_tuning_ID0000012.meta,/home/poseidon/workflows/predict-future-sales-workflow/submit/poseidon/pegasus/predict-future-sales/run0062/00/00/./xgboost_hp_tuning_group_2.000/00/00/xgboost_hp_tuning_ID0000008.meta,/home/poseidon/workflows/predict-future-sales-workflow/submit/poseidon/pegasus/predict-future-sales/run0062/00/00/./xgboost_hp_tuning_group_2.000/00/00/xgboost_hp_tuning_ID0000010.meta,/home/poseidon/workflows/predict-future-sales-workflow/submit/poseidon/pegasus/predict-future-sales/run0062/00/00/./xgboost_hp_tuning_group_2.000/00/00/xgboost_hp_tuning_ID0000002.meta,/home/poseidon/workflows/predict-future-sales-workflow/submit/poseidon/pegasus/predict-future-sales/run0062/00/00/./xgboost_hp_tuning_group_2.000/00/00/xgboost_hp_tuning_ID0000005.meta,/home/poseidon/workflows/predict-future-sales-workflow/submit/poseidon/pegasus/predict-future-sales/run0062/00/00/./xgboost_hp_tuning_group_2.000/00/00/xgboost_hp_tuning_ID0000015.meta --insert /home/poseidon/workflows/predict-future-sales-workflow/submit/poseidon/pegasus/predict-future-sales/run0062/00/00/./xgboost_hp_tuning_group_2.000/00/00/register_condorpool_0_0.in",3.1,0,0,,,,,,,,,
register_condorpool_0_1_pegasus-plan_ID0000020,None,auxiliary,0,1676991453.0,,,1676991458.0,,,0.0,1676991458.0,1676991463.0,,,0.0,1676991463.0,1676991468.0,5.0,,0.0,5.0,5.0,,,,,poseidon,local,host-10-100-100-12.openstacklocal,pegasus::rc-client,/home/poseidon/pegasus-5.1.0panorama/bin/pegasus-rc-client,"-n pegasus::rc-client -N null -R local  -L xgboost_hp_tuning_group_2 -T 2023-02-21T14:40:43+00:00 /home/poseidon/pegasus-5.1.0panorama/bin/pegasus-rc-client --prefix pegasus.catalog.replica.output --conf /home/poseidon/workflows/predict-future-sales-workflow/submit/poseidon/pegasus/predict-future-sales/run0062/00/00/./xgboost_hp_tuning_group_2.000/pegasus.5514732278586721576.properties -v --meta /home/poseidon/workflows/predict-future-sales-workflow/submit/poseidon/pegasus/predict-future-sales/run0062/00/00/./xgboost_hp_tuning_group_2.000/00/00/xgboost_hp_tuning_ID0000019.meta,/home/poseidon/workflows/predict-future-sales-workflow/submit/poseidon/pegasus/predict-future-sales/run0062/00/00/./xgboost_hp_tuning_group_2.000/00/00/xgboost_hp_tuning_ID0000003.meta,/home/poseidon/workflows/predict-future-sales-workflow/submit/poseidon/pegasus/predict-future-sales/run0062/00/00/./xgboost_hp_tuning_group_2.000/00/00/xgboost_hp_tuning_ID0000006.meta,/home/poseidon/workflows/predict-future-sales-workflow/submit/poseidon/pegasus/predict-future-sales/run0062/00/00/./xgboost_hp_tuning_group_2.000/00/00/xgboost_hp_tuning_ID0000016.meta,/home/poseidon/workflows/predict-future-sales-workflow/submit/poseidon/pegasus/predict-future-sales/run0062/00/00/./xgboost_hp_tuning_group_2.000/00/00/xgboost_hp_tuning_ID0000013.meta,/home/poseidon/workflows/predict-future-sales-workflow/submit/poseidon/pegasus/predict-future-sales/run0062/00/00/./xgboost_hp_tuning_group_2.000/00/00/xgboost_hp_tuning_ID0000023.meta,/home/poseidon/workflows/predict-future-sales-workflow/submit/poseidon/pegasus/predict-future-sales/run0062/00/00/./xgboost_hp_tuning_group_2.000/00/00/xgboost_hp_tuning_ID0000011.meta,/home/poseidon/workflows/predict-future-sales-workflow/submit/poseidon/pegasus/predict-future-sales/run0062/00/00/./xgboost_hp_tuning_group_2.000/00/00/xgboost_hp_tuning_ID0000021.meta --insert /home/poseidon/workflows/predict-future-sales-workflow/submit/poseidon/pegasus/predict-future-sales/run0062/00/00/./xgboost_hp_tuning_group_2.000/00/00/register_condorpool_0_1.in",3.0,0,0,,,,,,,,,
stage_out_local_condorpool_1_0_pegasus-plan_ID0000020,None,transfer,0,1676991484.0,,,1676991489.0,,,0.0,1676991489.0,1676991499.0,1676991489.0,1676991493.0,1239.0,1676991499.0,1676991504.0,5.0,,0.0,10.0,5.0,,,4.0,5285.0,poseidon,local,host-10-100-100-12.openstacklocal,pegasus::transfer,/home/poseidon/pegasus-5.1.0panorama/bin/pegasus-transfer,/home/poseidon/pegasus-5.1.0panorama/bin/../bin/pegasus-kickstart  -n pegasus::transfer -N null -i - -R local  -L xgboost_hp_tuning_group_2 -T 2023-02-21T14:40:43+00:00 /home/poseidon/pegasus-5.1.0panorama/bin/../bin/pegasus-transfer  --threads 2,0.7,0,0,,,,,,,,,
register_condorpool_1_0_pegasus-plan_ID0000020,None,auxiliary,0,1676991504.0,,,1676991509.0,,,0.0,1676991509.0,1676991514.0,,,0.0,1676991514.0,1676991519.0,5.0,,0.0,5.0,5.0,,,,,poseidon,local,host-10-100-100-12.openstacklocal,pegasus::rc-client,/home/poseidon/pegasus-5.1.0panorama/bin/pegasus-rc-client,-n pegasus::rc-client -N null -R local  -L xgboost_hp_tuning_group_2 -T 2023-02-21T14:40:43+00:00 /home/poseidon/pegasus-5.1.0panorama/bin/pegasus-rc-client --prefix pegasus.catalog.replica.output --conf /home/poseidon/workflows/predict-future-sales-workflow/submit/poseidon/pegasus/predict-future-sales/run0062/00/00/./xgboost_hp_tuning_group_2.000/pegasus.5514732278586721576.properties -v --meta /home/poseidon/workflows/predict-future-sales-workflow/submit/poseidon/pegasus/predict-future-sales/run0062/00/00/./xgboost_hp_tuning_group_2.000/00/00/xgboost_best_params_ID0000024.meta --insert /home/poseidon/workflows/predict-future-sales-workflow/submit/poseidon/pegasus/predict-future-sales/run0062/00/00/./xgboost_hp_tuning_group_2.000/00/00/register_condorpool_1_0.in,2.9,0,0,,,,,,,,,
xgboost_model_ID0000021,None,compute,0,1676991522.0,,,1676991527.0,1676991501.0,1676991532.0,75153988.4,1676991540.0,1676991732.0,1676991676.0,1676991680.0,3065096.0,1676991732.0,1676991737.0,5.0,,13.0,192.0,5.0,31.0,1691152078.0,4.0,13994538.0,poseidon,condorpool,poseidon-worker-1-container-40-47,xgboost_model,/srv/xgboost_model,,825.9,0,0,0.1,1348842542.0,24449.0,5373.0,8.0,779.8,17.0,10375711.9,2444.9
stage_out_local_local_5_0,None,transfer,0,1676991522.0,,,1676991527.0,,,0.0,1676991527.0,1676991537.0,1676991528.0,1676991532.0,789.0,1676991537.0,1676991542.0,5.0,,0.0,10.0,5.0,,,4.0,3184.0,poseidon,local,host-10-100-100-12.openstacklocal,pegasus::transfer,/home/poseidon/pegasus-5.1.0panorama/bin/pegasus-transfer,pegasus-kickstart  -n pegasus::transfer -N null -i - -R local  -L predict-future-sales -T 2023-02-17T19:59:06+00:00 pegasus-transfer  --threads 2,0.3,0,0,,,,,,,,,
cleanup_predict-future-sales_0_local,None,auxiliary,0,1676991542.0,,,1676991547.0,,,0.0,1676991548.0,1676991557.0,,,0.0,1676991557.0,1676991562.0,5.0,,1.0,9.0,5.0,,,,,poseidon,local,host-10-100-100-12.openstacklocal,pegasus::cleanup,/home/poseidon/pegasus-5.1.0panorama/bin/pegasus-transfer,pegasus-kickstart  -n pegasus::cleanup -N null -i - -R local  -L predict-future-sales -T 2023-02-17T19:59:06+00:00 pegasus-transfer,0.3,0,0,,,,,,,,,
stage_out_local_condorpool_6_0,None,transfer,0,1676991737.0,,,1676991742.0,,,0.0,1676991742.0,1676991752.0,1676991742.0,1676991746.0,3969296.0,1676991752.0,1676991757.0,5.0,,0.0,10.0,5.0,,,4.0,16004682.0,poseidon,local,host-10-100-100-12.openstacklocal,pegasus::transfer,/home/poseidon/pegasus-5.1.0panorama/bin/pegasus-transfer,pegasus-kickstart  -n pegasus::transfer -N null -i - -R local  -L predict-future-sales -T 2023-02-17T19:59:06+00:00 pegasus-transfer  --threads 2,0.9,0,0,,,,,,,,,
model_predict_ID0000022,None,compute,0,1676991737.0,,,1676991742.0,1676991704.0,1676991723.0,44078601.7,1676991743.0,1676991787.0,1676991732.0,1676991736.0,1281167.0,1676991787.0,1676991792.0,5.0,,1.0,44.0,5.0,19.0,408999099.0,4.0,5523764.0,poseidon,condorpool,poseidon-worker-1-container-40-47,model_predict,/srv/model_predict,,4.3,0,0,,,,,,,,,
stage_out_local_condorpool_7_0,None,transfer,0,1676991792.0,,,1676991797.0,,,0.0,1676991797.0,1676991807.0,1676991797.0,1676991801.0,1487471.0,1676991807.0,1676991812.0,5.0,,0.0,10.0,5.0,,,4.0,6000012.0,poseidon,local,host-10-100-100-12.openstacklocal,pegasus::transfer,/home/poseidon/pegasus-5.1.0panorama/bin/pegasus-transfer,pegasus-kickstart  -n pegasus::transfer -N null -i - -R local  -L predict-future-sales -T 2023-02-17T19:59:06+00:00 pegasus-transfer  --threads 2,0.6,0,0,,,,,,,,,
predict_merge_ID0000023,None,compute,0,1676991792.0,,,1676991797.0,1676991759.0,1676991776.0,40773671.0,1676991798.0,1676991837.0,1676991783.0,1676991787.0,858410.0,1676991837.0,1676991842.0,5.0,,1.0,39.0,5.0,17.0,377176763.0,4.0,3699434.0,poseidon,condorpool,poseidon-worker-1-container-40-47,predict_merge,/srv/predict_merge,,1.3,0,0,,,,,,,,,
stage_out_local_condorpool_8_0,None,transfer,0,1676991842.0,,,1676991847.0,,,0.0,1676991847.0,1676991857.0,1676991847.0,1676991850.0,1716426.0,1676991857.0,1676991862.0,5.0,,0.0,10.0,5.0,,,3.0,3699434.0,poseidon,local,host-10-100-100-12.openstacklocal,pegasus::transfer,/home/poseidon/pegasus-5.1.0panorama/bin/pegasus-transfer,pegasus-kickstart  -n pegasus::transfer -N null -i - -R local  -L predict-future-sales -T 2023-02-17T19:59:06+00:00 pegasus-transfer  --threads 2,0.4,0,0,,,,,,,,,
cleanup_predict-future-sales_0_condorpool,None,auxiliary,0,1676991862.0,,,1676991867.0,,,0.0,1676991867.0,1676991877.0,,,0.0,1676991877.0,1676991882.0,5.0,,0.0,10.0,5.0,,,,,poseidon,local,host-10-100-100-12.openstacklocal,pegasus::cleanup,/home/poseidon/pegasus-5.1.0panorama/bin/pegasus-transfer,pegasus-kickstart  -n pegasus::cleanup -N null -i - -R local  -L predict-future-sales -T 2023-02-17T19:59:06+00:00 pegasus-transfer,0.3,0,0,,,,,,,,,
