,anomaly_type,type,is_clustered,ready,pre_script_start,pre_script_end,submit,stage_in_start,stage_in_end,stage_in_effective_bytes_per_sec,execute_start,execute_end,stage_out_start,stage_out_end,stage_out_effective_bytes_per_sec,post_script_start,post_script_end,wms_delay,pre_script_delay,queue_delay,runtime,post_script_delay,stage_in_delay,stage_in_bytes,stage_out_delay,stage_out_bytes,kickstart_user,kickstart_site,kickstart_hostname,kickstart_transformations,kickstart_executables,kickstart_executables_argv,kickstart_executables_cpu_time,kickstart_status,kickstart_executables_exitcode,kickstart_online_iowait,kickstart_online_bytes_read,kickstart_online_bytes_written,kickstart_online_read_system_calls,kickstart_online_write_system_calls,kickstart_online_utime,kickstart_online_stime,kickstart_online_bytes_read_per_second,kickstart_online_bytes_written_per_second
create_dir_predict-future-sales_0_local,None,auxiliary,0,1678188516.0,,,1678188517.0,,,0.0,1678188521.0,1678188527.0,,,0.0,1678188527.0,1678188532.0,1.0,,4.0,6.0,5.0,,,,,poseidon,local,host-10-100-100-12.openstacklocal,pegasus::dirmanager,/home/poseidon/pegasus-5.1.0panorama/bin/pegasus-transfer,pegasus-kickstart  -n pegasus::dirmanager -N null -i - -R local  -L predict-future-sales -T 2023-02-17T19:59:06+00:00 pegasus-transfer,0.3,0,0,,,,,,,,,
create_dir_predict-future-sales_0_condorpool,None,auxiliary,0,1678188516.0,,,1678188517.0,,,0.0,1678188521.0,1678188527.0,,,0.0,1678188527.0,1678188532.0,1.0,,4.0,6.0,5.0,,,,,poseidon,local,host-10-100-100-12.openstacklocal,pegasus::dirmanager,/home/poseidon/pegasus-5.1.0panorama/bin/pegasus-transfer,pegasus-kickstart  -n pegasus::dirmanager -N null -i - -R local  -L predict-future-sales -T 2023-02-17T19:59:06+00:00 pegasus-transfer,0.3,0,0,,,,,,,,,
stage_in_local_condorpool_6_0,None,transfer,0,1678188532.0,,,1678188537.0,1678188538.0,1678188541.0,2281.0,1678188537.0,1678188547.0,,,0.0,1678188547.0,1678188552.0,5.0,,0.0,10.0,5.0,3.0,7870.0,,,poseidon,local,host-10-100-100-12.openstacklocal,pegasus::transfer,/home/poseidon/pegasus-5.1.0panorama/bin/pegasus-transfer,pegasus-kickstart  -n pegasus::transfer -N null -i - -R local  -L predict-future-sales -T 2023-02-17T19:59:06+00:00 pegasus-transfer  --threads 2,0.4,0,0,,,,,,,,,
stage_in_local_condorpool_0_0,None,transfer,0,1678188532.0,,,1678188537.0,1678188538.0,1678188547.0,95792409.0,1678188537.0,1678188557.0,,,0.0,1678188557.0,1678188562.0,5.0,,0.0,20.0,5.0,9.0,936801734.0,,,poseidon,local,host-10-100-100-12.openstacklocal,pegasus::transfer,/home/poseidon/pegasus-5.1.0panorama/bin/pegasus-transfer,pegasus-kickstart  -n pegasus::transfer -N null -i - -R local  -L predict-future-sales -T 2023-02-17T19:59:06+00:00 pegasus-transfer  --threads 2,5.8,0,0,,,,,,,,,
stage_in_local_condorpool_1_0,None,transfer,0,1678188532.0,,,1678188537.0,1678188537.0,1678188542.0,3662.0,1678188537.0,1678188547.0,,,0.0,1678188547.0,1678188552.0,5.0,,0.0,10.0,5.0,5.0,15640.0,,,poseidon,local,host-10-100-100-12.openstacklocal,pegasus::transfer,/home/poseidon/pegasus-5.1.0panorama/bin/pegasus-transfer,pegasus-kickstart  -n pegasus::transfer -N null -i - -R local  -L predict-future-sales -T 2023-02-17T19:59:06+00:00 pegasus-transfer  --threads 2,0.6,0,0,,,,,,,,,
stage_in_local_condorpool_7_0,None,transfer,0,1678188532.0,,,1678188537.0,1678188538.0,1678188541.0,1020.0,1678188537.0,1678188547.0,,,0.0,1678188547.0,1678188552.0,5.0,,0.0,10.0,5.0,3.0,3488.0,,,poseidon,local,host-10-100-100-12.openstacklocal,pegasus::transfer,/home/poseidon/pegasus-5.1.0panorama/bin/pegasus-transfer,pegasus-kickstart  -n pegasus::transfer -N null -i - -R local  -L predict-future-sales -T 2023-02-17T19:59:06+00:00 pegasus-transfer  --threads 2,0.4,0,0,,,,,,,,,
stage_in_local_condorpool_3_0,None,transfer,0,1678188532.0,,,1678188537.0,1678188537.0,1678188542.0,2961.0,1678188537.0,1678188547.0,,,0.0,1678188547.0,1678188552.0,5.0,,0.0,10.0,5.0,5.0,12704.0,,,poseidon,local,host-10-100-100-12.openstacklocal,pegasus::transfer,/home/poseidon/pegasus-5.1.0panorama/bin/pegasus-transfer,pegasus-kickstart  -n pegasus::transfer -N null -i - -R local  -L predict-future-sales -T 2023-02-17T19:59:06+00:00 pegasus-transfer  --threads 2,0.6,0,0,,,,,,,,,
stage_in_local_condorpool_8_0,None,transfer,0,1678188532.0,,,1678188537.0,1678188537.0,1678188541.0,673.0,1678188537.0,1678188547.0,,,0.0,1678188547.0,1678188552.0,5.0,,0.0,10.0,5.0,4.0,2368.0,,,poseidon,local,host-10-100-100-12.openstacklocal,pegasus::transfer,/home/poseidon/pegasus-5.1.0panorama/bin/pegasus-transfer,pegasus-kickstart  -n pegasus::transfer -N null -i - -R local  -L predict-future-sales -T 2023-02-17T19:59:06+00:00 pegasus-transfer  --threads 2,0.4,0,0,,,,,,,,,
stage_in_local_local_4_0,None,transfer,0,1678188532.0,,,1678188537.0,1678188538.0,1678188540.0,5891.0,1678188537.0,1678188547.0,,,0.0,1678188547.0,1678188552.0,5.0,,0.0,10.0,5.0,2.0,12577.0,,,poseidon,local,host-10-100-100-12.openstacklocal,pegasus::transfer,/home/poseidon/pegasus-5.1.0panorama/bin/pegasus-transfer,pegasus-kickstart  -n pegasus::transfer -N null -i - -R local  -L predict-future-sales -T 2023-02-17T19:59:06+00:00 pegasus-transfer  --threads 2,0.4,0,0,,,,,,,,,
stage_in_local_condorpool_2_0,None,transfer,0,1678188532.0,,,1678188537.0,1678188537.0,1678188543.0,9737.0,1678188537.0,1678188552.0,,,0.0,1678188552.0,1678188557.0,5.0,,0.0,15.0,5.0,6.0,55480.0,,,poseidon,local,host-10-100-100-12.openstacklocal,pegasus::transfer,/home/poseidon/pegasus-5.1.0panorama/bin/pegasus-transfer,pegasus-kickstart  -n pegasus::transfer -N null -i - -R local  -L predict-future-sales -T 2023-02-17T19:59:06+00:00 pegasus-transfer  --threads 2,1.0,0,0,,,,,,,,,
preprocess_ID0000003,None,compute,0,1678188562.0,,,1678188567.0,1678188520.0,1678188539.0,42615936.2,1678188577.0,1678188627.0,1678188551.0,1678188558.0,21952880.0,1678188627.0,1678188632.0,5.0,,10.0,50.0,5.0,19.0,467356066.0,7.0,160257914.0,poseidon,condorpool,poseidon-worker-3-container-24-31,preprocess,/srv/preprocess,,4.3,0,0,,,,,,,,,
nlp_ID0000002,None,compute,0,1678188562.0,,,1678188567.0,1678188520.0,1678188537.0,41795311.0,1678188577.0,1678188877.0,1678188805.0,1678188809.0,583801.0,1678188877.0,1678188882.0,5.0,,10.0,300.0,5.0,17.0,369033604.0,4.0,2755872.0,poseidon,condorpool,poseidon-worker-3-container-0-7,nlp,/srv/nlp,,1552.0,0,0,0.0,21410054.0,8791.0,3104.0,5.0,1544.9,2.8,82346.4,879.1
eda_ID0000001,None,compute,0,1678188562.0,,,1678188567.0,1678188521.0,1678188539.0,45014423.0,1678188577.0,1678188652.0,1678188579.0,1678188583.0,270505.0,1678188652.0,1678188657.0,5.0,,10.0,75.0,5.0,18.0,464177772.0,4.0,1194946.0,poseidon,condorpool,poseidon-worker-1-container-32-39,eda,/srv/eda,,33.3,0,0,0.1,144954858.0,902756.0,27583.0,43.0,28.1,1.9,4831828.6,30091.9
feature_eng_0_ID0000004,None,compute,0,1678188632.0,,,1678188637.0,1678188582.0,1678188600.0,41957109.5,1678188638.0,1678188682.0,1678188612.0,1678188617.0,197788.0,1678188682.0,1678188687.0,5.0,,1.0,44.0,5.0,18.0,369949088.0,5.0,893320.0,poseidon,condorpool,poseidon-worker-3-container-24-31,feature_eng_0,/srv/feature_eng_0,,5.3,0,0,,,,,,,,,
feature_eng_1_ID0000005,None,compute,0,1678188632.0,,,1678188637.0,1678188592.0,1678188612.0,46133453.0,1678188649.0,1678188712.0,1678188636.0,1678188647.0,35900620.0,1678188712.0,1678188717.0,5.0,,12.0,63.0,5.0,20.0,528250191.0,11.0,393324463.0,poseidon,condorpool,poseidon-worker-1-container-32-39,feature_eng_1,/srv/feature_eng_1,,15.9,0,0,0.0,169610220.0,8.0,1723.0,1.0,8.0,1.9,16961022.0,0.8
feature_eng_4_ID0000008,None,compute,0,1678188717.0,,,1678188722.0,1678188681.0,1678188704.0,54526384.6,1678188737.0,1678188862.0,1678188771.0,1678188795.0,49448232.0,1678188862.0,1678188867.0,5.0,,15.0,125.0,5.0,23.0,761328752.0,24.0,1201824259.0,poseidon,condorpool,poseidon-worker-3-container-24-31,feature_eng_4,/srv/feature_eng_4,,53.6,0,0,0.0,402739161.0,8.0,1401.0,1.0,37.3,12.7,8054783.2,0.8
feature_eng_3_ID0000007,None,compute,0,1678188717.0,,,1678188722.0,1678188666.0,1678188691.0,51370128.9,1678188723.0,1678188907.0,1678188814.0,1678188838.0,49040676.0,1678188907.0,1678188912.0,5.0,,1.0,184.0,5.0,25.0,762217561.0,24.0,1179971921.0,poseidon,condorpool,poseidon-worker-3-container-24-31,feature_eng_3,/srv/feature_eng_3,,110.7,0,0,0.0,403646617.0,480729223.0,1490.0,9.0,75.6,34.4,3669514.7,24036461.1
feature_eng_2_ID0000006,None,compute,0,1678188717.0,,,1678188722.0,1678188681.0,1678188704.0,54752896.9,1678188737.0,1678189102.0,1678188999.0,1678189032.0,52114993.0,1678189102.0,1678189107.0,5.0,,15.0,365.0,5.0,23.0,761320658.0,33.0,1748107178.0,poseidon,condorpool,poseidon-worker-1-container-32-39,feature_eng_2,/srv/feature_eng_2,,280.0,0,0,0.0,402816325.0,1748107186.0,1744.0,36.0,213.1,66.9,1438629.7,87405359.3
feature_eng_5_ID0000009,None,compute,0,1678188717.0,,,1678188722.0,1678188666.0,1678188692.0,47836556.1,1678188723.0,1678189002.0,1678188919.0,1678188934.0,42857725.0,1678189002.0,1678189007.0,5.0,,1.0,279.0,5.0,26.0,856820455.0,15.0,655540227.0,poseidon,condorpool,poseidon-worker-1-container-32-39,feature_eng_5,/srv/feature_eng_5,,216.2,0,0,0.0,498295430.0,8.0,2020.0,1.0,191.4,18.6,2372835.4,0.8
stage_out_local_condorpool_1_0,None,transfer,0,1678188717.0,,,1678188722.0,,,0.0,1678188722.0,1678188732.0,1678188722.0,1678188726.0,92033825.0,1678188732.0,1678188737.0,5.0,,0.0,10.0,5.0,,,4.0,394217783.0,poseidon,local,host-10-100-100-12.openstacklocal,pegasus::transfer,/home/poseidon/pegasus-5.1.0panorama/bin/pegasus-transfer,pegasus-kickstart  -n pegasus::transfer -N null -i - -R local  -L predict-future-sales -T 2023-02-17T19:59:06+00:00 pegasus-transfer  --threads 2,2.2,0,0,,,,,,,,,
register_condorpool_1_0,None,auxiliary,0,1678188737.0,,,1678188742.0,,,0.0,1678188742.0,1678188747.0,,,0.0,1678188747.0,1678188752.0,5.0,,0.0,5.0,5.0,,,,,poseidon,local,host-10-100-100-12.openstacklocal,pegasus::rc-client,/home/poseidon/pegasus-5.1.0panorama/bin/pegasus-rc-client,"pegasus-kickstart  -n pegasus::rc-client -N null -R local  -L predict-future-sales -T 2023-02-17T19:59:06+00:00 /home/poseidon/pegasus-5.1.0panorama/bin/pegasus-rc-client --prefix pegasus.catalog.replica.output --conf /home/poseidon/workflows/predict-future-sales-workflow/submit/poseidon/pegasus/predict-future-sales/run0480/pegasus.4670454157073376941.properties -v --meta /home/poseidon/workflows/predict-future-sales-workflow/submit/poseidon/pegasus/predict-future-sales/run0480/00/00/feature_eng_1_ID0000005.meta,/home/poseidon/workflows/predict-future-sales-workflow/submit/poseidon/pegasus/predict-future-sales/run0480/00/00/feature_eng_0_ID0000004.meta --insert /home/poseidon/workflows/predict-future-sales-workflow/submit/poseidon/pegasus/predict-future-sales/run0480/00/00/register_condorpool_1_0.in",3.0,0,0,,,,,,,,,
stage_out_local_condorpool_0_0,None,transfer,0,1678188882.0,,,1678188887.0,,,0.0,1678188887.0,1678188897.0,1678188887.0,1678188891.0,40721940.0,1678188897.0,1678188902.0,5.0,,0.0,10.0,5.0,,,4.0,164208732.0,poseidon,local,host-10-100-100-12.openstacklocal,pegasus::transfer,/home/poseidon/pegasus-5.1.0panorama/bin/pegasus-transfer,pegasus-kickstart  -n pegasus::transfer -N null -i - -R local  -L predict-future-sales -T 2023-02-17T19:59:06+00:00 pegasus-transfer  --threads 2,2.0,0,0,,,,,,,,,
register_condorpool_0_0,None,auxiliary,0,1678188902.0,,,1678188907.0,,,0.0,1678188907.0,1678188912.0,,,0.0,1678188912.0,1678188917.0,5.0,,0.0,5.0,5.0,,,,,poseidon,local,host-10-100-100-12.openstacklocal,pegasus::rc-client,/home/poseidon/pegasus-5.1.0panorama/bin/pegasus-rc-client,"pegasus-kickstart  -n pegasus::rc-client -N null -R local  -L predict-future-sales -T 2023-02-17T19:59:06+00:00 /home/poseidon/pegasus-5.1.0panorama/bin/pegasus-rc-client --prefix pegasus.catalog.replica.output --conf /home/poseidon/workflows/predict-future-sales-workflow/submit/poseidon/pegasus/predict-future-sales/run0480/pegasus.4670454157073376941.properties -v --meta /home/poseidon/workflows/predict-future-sales-workflow/submit/poseidon/pegasus/predict-future-sales/run0480/00/00/nlp_ID0000002.meta,/home/poseidon/workflows/predict-future-sales-workflow/submit/poseidon/pegasus/predict-future-sales/run0480/00/00/eda_ID0000001.meta,/home/poseidon/workflows/predict-future-sales-workflow/submit/poseidon/pegasus/predict-future-sales/run0480/00/00/preprocess_ID0000003.meta --insert /home/poseidon/workflows/predict-future-sales-workflow/submit/poseidon/pegasus/predict-future-sales/run0480/00/00/register_condorpool_0_0.in",3.0,0,0,,,,,,,,,
stage_out_local_condorpool_2_0,None,transfer,0,1678189107.0,,,1678189112.0,,,0.0,1678189112.0,1678189137.0,1678189112.0,1678189131.0,251271148.0,1678189137.0,1678189142.0,5.0,,0.0,25.0,5.0,,,19.0,4785443585.0,poseidon,local,host-10-100-100-12.openstacklocal,pegasus::transfer,/home/poseidon/pegasus-5.1.0panorama/bin/pegasus-transfer,pegasus-kickstart  -n pegasus::transfer -N null -i - -R local  -L predict-future-sales -T 2023-02-17T19:59:06+00:00 pegasus-transfer  --threads 2,20.8,0,0,,,,,,,,,
feature_merge_ID0000010,None,compute,0,1678189107.0,,,1678189112.0,1678189057.0,1678189133.0,78075664.7,1678189113.0,1678189347.0,1678189222.0,1678189277.0,54754748.0,1678189347.0,1678189352.0,5.0,,1.0,234.0,5.0,76.0,5155397110.0,55.0,2993643458.0,poseidon,condorpool,poseidon-worker-1-container-32-39,feature_merge,/srv/feature_merge,,60.4,0,0,0.0,4796861675.0,2600318082.0,1454.0,86.0,37.8,22.1,79947694.6,130015904.1
register_condorpool_2_0,None,auxiliary,0,1678189142.0,,,1678189147.0,,,0.0,1678189147.0,1678189152.0,,,0.0,1678189152.0,1678189157.0,5.0,,0.0,5.0,5.0,,,,,poseidon,local,host-10-100-100-12.openstacklocal,pegasus::rc-client,/home/poseidon/pegasus-5.1.0panorama/bin/pegasus-rc-client,"pegasus-kickstart  -n pegasus::rc-client -N null -R local  -L predict-future-sales -T 2023-02-17T19:59:06+00:00 /home/poseidon/pegasus-5.1.0panorama/bin/pegasus-rc-client --prefix pegasus.catalog.replica.output --conf /home/poseidon/workflows/predict-future-sales-workflow/submit/poseidon/pegasus/predict-future-sales/run0480/pegasus.4670454157073376941.properties -v --meta /home/poseidon/workflows/predict-future-sales-workflow/submit/poseidon/pegasus/predict-future-sales/run0480/00/00/feature_eng_5_ID0000009.meta,/home/poseidon/workflows/predict-future-sales-workflow/submit/poseidon/pegasus/predict-future-sales/run0480/00/00/feature_eng_2_ID0000006.meta,/home/poseidon/workflows/predict-future-sales-workflow/submit/poseidon/pegasus/predict-future-sales/run0480/00/00/feature_eng_3_ID0000007.meta,/home/poseidon/workflows/predict-future-sales-workflow/submit/poseidon/pegasus/predict-future-sales/run0480/00/00/feature_eng_4_ID0000008.meta --insert /home/poseidon/workflows/predict-future-sales-workflow/submit/poseidon/pegasus/predict-future-sales/run0480/00/00/register_condorpool_2_0.in",3.0,0,0,,,,,,,,,
stage_inter_local_xgboost_model_ID0000021_0,None,transfer,0,1678189352.0,,,1678189357.0,1678189357.0,1678189390.0,81000784.0,1678189357.0,1678189398.0,,,0.0,1678189398.0,1678189403.0,5.0,,0.0,41.0,5.0,33.0,2646308508.0,,,poseidon,local,host-10-100-100-12.openstacklocal,pegasus::transfer,/home/poseidon/pegasus-5.1.0panorama/bin/pegasus-transfer,pegasus-kickstart  -n pegasus::transfer -N null -i - -R local  -L predict-future-sales -T 2023-02-17T19:59:06+00:00 pegasus-transfer  --threads 2,9.3,0,0,,,,,,,,,
stage_inter_local_xgboost_hp_tuning_workflow_ID0000015_0,None,transfer,0,1678189352.0,,,1678189357.0,1678189357.0,1678189359.0,401.0,1678189357.0,1678189367.0,,,0.0,1678189367.0,1678189372.0,5.0,,0.0,10.0,5.0,2.0,826.0,,,poseidon,local,host-10-100-100-12.openstacklocal,pegasus::transfer,/home/poseidon/pegasus-5.1.0panorama/bin/pegasus-transfer,pegasus-kickstart  -n pegasus::transfer -N null -i - -R local  -L predict-future-sales -T 2023-02-17T19:59:06+00:00 pegasus-transfer  --threads 2,0.3,0,0,,,,,,,,,
stage_inter_local_model_predict_ID0000022_0,None,transfer,0,1678189352.0,,,1678189357.0,1678189357.0,1678189361.0,14246523.0,1678189357.0,1678189367.0,,,0.0,1678189367.0,1678189372.0,5.0,,0.0,10.0,5.0,4.0,54050130.0,,,poseidon,local,host-10-100-100-12.openstacklocal,pegasus::transfer,/home/poseidon/pegasus-5.1.0panorama/bin/pegasus-transfer,pegasus-kickstart  -n pegasus::transfer -N null -i - -R local  -L predict-future-sales -T 2023-02-17T19:59:06+00:00 pegasus-transfer  --threads 2,0.6,0,0,,,,,,,,,
stage_out_local_condorpool_3_0,None,transfer,0,1678189352.0,,,1678189357.0,,,0.0,1678189357.0,1678189388.0,1678189357.0,1678189380.0,130303004.0,1678189388.0,1678189393.0,5.0,,0.0,31.0,5.0,,,23.0,2993643458.0,poseidon,local,host-10-100-100-12.openstacklocal,pegasus::transfer,/home/poseidon/pegasus-5.1.0panorama/bin/pegasus-transfer,pegasus-kickstart  -n pegasus::transfer -N null -i - -R local  -L predict-future-sales -T 2023-02-17T19:59:06+00:00 pegasus-transfer  --threads 2,14.6,0,0,,,,,,,,,
stage_inter_local_xgboost_model_ID0000013_0,None,transfer,0,1678189352.0,,,1678189357.0,1678189357.0,1678189365.0,35830739.0,1678189357.0,1678189372.0,,,0.0,1678189372.0,1678189378.0,5.0,,0.0,15.0,6.0,8.0,269346726.0,,,poseidon,local,host-10-100-100-12.openstacklocal,pegasus::transfer,/home/poseidon/pegasus-5.1.0panorama/bin/pegasus-transfer,pegasus-kickstart  -n pegasus::transfer -N null -i - -R local  -L predict-future-sales -T 2023-02-17T19:59:06+00:00 pegasus-transfer  --threads 2,1.4,0,0,,,,,,,,,
stage_inter_local_model_predict_ID0000014_0,None,transfer,0,1678189352.0,,,1678189357.0,1678189357.0,1678189361.0,1226560.0,1678189357.0,1678189367.0,,,0.0,1678189367.0,1678189372.0,5.0,,0.0,10.0,5.0,4.0,4411696.0,,,poseidon,local,host-10-100-100-12.openstacklocal,pegasus::transfer,/home/poseidon/pegasus-5.1.0panorama/bin/pegasus-transfer,pegasus-kickstart  -n pegasus::transfer -N null -i - -R local  -L predict-future-sales -T 2023-02-17T19:59:06+00:00 pegasus-transfer  --threads 2,0.4,0,0,,,,,,,,,
xgboost_hp_tuning_workflow_ID0000015,None,compute,0,1678189372.0,,,1678189377.0,,,0.0,1678189378.0,1678189393.0,,,0.0,1678189393.0,1678189398.0,5.0,,1.0,15.0,5.0,,,,,poseidon,local,poseidon-submit.novalocal,xgboost_hp_tuning_workflow,/var/spool/condor/local_univ_execute/dir_2925488/xgboost_hp_tuning_workflow,/home/poseidon/workflows/predict-future-sales-workflow/submit/poseidon/pegasus/predict-future-sales/run0480/00/00/xgboost_hp_tuning_workflow_ID0000015.sh,0.1,0,0,,,,,,,,,
xgboost_hp_tuning_workflow_ID0000011,None,compute,0,1678189372.0,,,1678189378.0,,,0.0,1678189378.0,1678189393.0,,,0.0,1678189393.0,1678189398.0,6.0,,0.0,15.0,5.0,,,,,poseidon,local,poseidon-submit.novalocal,xgboost_hp_tuning_workflow,/var/spool/condor/local_univ_execute/dir_2925490/xgboost_hp_tuning_workflow,/home/poseidon/workflows/predict-future-sales-workflow/submit/poseidon/pegasus/predict-future-sales/run0480/00/00/xgboost_hp_tuning_workflow_ID0000011.sh,0.1,0,0,,,,,,,,,
xgboost_hp_tuning_workflow_ID0000019,None,compute,0,1678189372.0,,,1678189378.0,,,0.0,1678189379.0,1678189393.0,,,0.0,1678189393.0,1678189398.0,6.0,,1.0,14.0,5.0,,,,,poseidon,local,poseidon-submit.novalocal,xgboost_hp_tuning_workflow,/var/spool/condor/local_univ_execute/dir_2925492/xgboost_hp_tuning_workflow,/home/poseidon/workflows/predict-future-sales-workflow/submit/poseidon/pegasus/predict-future-sales/run0480/00/00/xgboost_hp_tuning_workflow_ID0000019.sh,0.1,0,0,,,,,,,,,
register_condorpool_3_0,None,auxiliary,0,1678189393.0,,,1678189398.0,,,0.0,1678189398.0,1678189403.0,,,0.0,1678189403.0,1678189408.0,5.0,,0.0,5.0,5.0,,,,,poseidon,local,host-10-100-100-12.openstacklocal,pegasus::rc-client,/home/poseidon/pegasus-5.1.0panorama/bin/pegasus-rc-client,pegasus-kickstart  -n pegasus::rc-client -N null -R local  -L predict-future-sales -T 2023-02-17T19:59:06+00:00 /home/poseidon/pegasus-5.1.0panorama/bin/pegasus-rc-client --prefix pegasus.catalog.replica.output --conf /home/poseidon/workflows/predict-future-sales-workflow/submit/poseidon/pegasus/predict-future-sales/run0480/pegasus.4670454157073376941.properties -v --meta /home/poseidon/workflows/predict-future-sales-workflow/submit/poseidon/pegasus/predict-future-sales/run0480/00/00/feature_merge_ID0000010.meta --insert /home/poseidon/workflows/predict-future-sales-workflow/submit/poseidon/pegasus/predict-future-sales/run0480/00/00/register_condorpool_3_0.in,3.0,0,0,,,,,,,,,
pegasus-plan_ID0000016,None,subwf,0,1678189398.0,1678189398.0,1678189403.0,1678189408.0,,,0.0,1678189408.0,1678189743.0,,,0.0,,,0.0,5.0,0.0,335.0,,,,,,poseidon,local,poseidon-submit,condor::dagman,/usr/bin/condor_dagman,-p 0  -f -l . -Notification never -Debug 3 -Lockfile xgboost_hp_tuning_group_1.dag.lock -Dag xgboost_hp_tuning_group_1.dag -AllowVersionMismatch  -AutoRescue 1 -DoRescueFrom 0,0.0,0,0,,,,,,,,,
pegasus-plan_ID0000012,None,subwf,0,1678189398.0,1678189398.0,1678189403.0,1678189408.0,,,0.0,1678189408.0,1678189778.0,,,0.0,,,0.0,5.0,0.0,370.0,,,,,,poseidon,local,poseidon-submit,condor::dagman,/usr/bin/condor_dagman,-p 0  -f -l . -Notification never -Debug 3 -Lockfile xgboost_hp_tuning_group_0.dag.lock -Dag xgboost_hp_tuning_group_0.dag -AllowVersionMismatch  -AutoRescue 1 -DoRescueFrom 0,0.0,0,0,,,,,,,,,
stage_out_local_local_4_0,None,transfer,0,1678189398.0,,,1678189403.0,,,0.0,1678189403.0,1678189413.0,1678189403.0,1678189407.0,21089.0,1678189413.0,1678189418.0,5.0,,0.0,10.0,5.0,,,4.0,85038.0,poseidon,local,host-10-100-100-12.openstacklocal,pegasus::transfer,/home/poseidon/pegasus-5.1.0panorama/bin/pegasus-transfer,pegasus-kickstart  -n pegasus::transfer -N null -i - -R local  -L predict-future-sales -T 2023-02-17T19:59:06+00:00 pegasus-transfer  --threads 2,0.6,0,0,,,,,,,,,
pegasus-plan_ID0000020,None,subwf,0,1678189398.0,1678189398.0,1678189403.0,1678189408.0,,,0.0,1678189408.0,1678190515.0,,,0.0,,,0.0,5.0,0.0,1107.0,,,,,,poseidon,local,poseidon-submit,condor::dagman,/usr/bin/condor_dagman,-p 0  -f -l . -Notification never -Debug 3 -Lockfile xgboost_hp_tuning_group_2.dag.lock -Dag xgboost_hp_tuning_group_2.dag -AllowVersionMismatch  -AutoRescue 1 -DoRescueFrom 0,0.0,0,0,,,,,,,,,
create_dir_predict-future-sales-hp-tuning_0_condorpool_pegasus-plan_ID0000012,None,auxiliary,0,1678189408.0,,,1678189409.0,,,0.0,1678189413.0,1678189419.0,,,0.0,1678189419.0,1678189424.0,1.0,,4.0,6.0,5.0,,,,,poseidon,local,host-10-100-100-12.openstacklocal,pegasus::dirmanager,/home/poseidon/pegasus-5.1.0panorama/bin/pegasus-transfer,pegasus-kickstart  -n pegasus::dirmanager -N null -i - -R local  -L xgboost_hp_tuning_group_0 -T 2023-03-07T11:43:20+00:00 pegasus-transfer,0.3,0,0,,,,,,,,,
create_dir_predict-future-sales-hp-tuning_0_condorpool_pegasus-plan_ID0000016,None,auxiliary,0,1678189408.0,,,1678189409.0,,,0.0,1678189413.0,1678189419.0,,,0.0,1678189419.0,1678189424.0,1.0,,4.0,6.0,5.0,,,,,poseidon,local,host-10-100-100-12.openstacklocal,pegasus::dirmanager,/home/poseidon/pegasus-5.1.0panorama/bin/pegasus-transfer,pegasus-kickstart  -n pegasus::dirmanager -N null -i - -R local  -L xgboost_hp_tuning_group_1 -T 2023-03-07T11:43:20+00:00 pegasus-transfer,0.3,0,0,,,,,,,,,
create_dir_predict-future-sales-hp-tuning_0_condorpool_pegasus-plan_ID0000020,None,auxiliary,0,1678189408.0,,,1678189409.0,,,0.0,1678189413.0,1678189419.0,,,0.0,1678189419.0,1678189424.0,1.0,,4.0,6.0,5.0,,,,,poseidon,local,host-10-100-100-12.openstacklocal,pegasus::dirmanager,/home/poseidon/pegasus-5.1.0panorama/bin/pegasus-transfer,pegasus-kickstart  -n pegasus::dirmanager -N null -i - -R local  -L xgboost_hp_tuning_group_2 -T 2023-03-07T11:43:20+00:00 pegasus-transfer,0.3,0,0,,,,,,,,,
register_local_4_0,None,auxiliary,0,1678189418.0,,,1678189423.0,,,0.0,1678189423.0,1678189428.0,,,0.0,1678189428.0,1678189433.0,5.0,,0.0,5.0,5.0,,,,,poseidon,local,host-10-100-100-12.openstacklocal,pegasus::rc-client,/home/poseidon/pegasus-5.1.0panorama/bin/pegasus-rc-client,"pegasus-kickstart  -n pegasus::rc-client -N null -R local  -L predict-future-sales -T 2023-02-17T19:59:06+00:00 /home/poseidon/pegasus-5.1.0panorama/bin/pegasus-rc-client --prefix pegasus.catalog.replica.output --conf /home/poseidon/workflows/predict-future-sales-workflow/submit/poseidon/pegasus/predict-future-sales/run0480/pegasus.4670454157073376941.properties -v --meta /home/poseidon/workflows/predict-future-sales-workflow/submit/poseidon/pegasus/predict-future-sales/run0480/00/00/xgboost_hp_tuning_workflow_ID0000011.meta,/home/poseidon/workflows/predict-future-sales-workflow/submit/poseidon/pegasus/predict-future-sales/run0480/00/00/xgboost_hp_tuning_workflow_ID0000019.meta,/home/poseidon/workflows/predict-future-sales-workflow/submit/poseidon/pegasus/predict-future-sales/run0480/00/00/xgboost_hp_tuning_workflow_ID0000015.meta --insert /home/poseidon/workflows/predict-future-sales-workflow/submit/poseidon/pegasus/predict-future-sales/run0480/00/00/register_local_4_0.in",3.1,0,0,,,,,,,,,
stage_in_local_condorpool_0_0_pegasus-plan_ID0000016,None,transfer,0,1678189424.0,,,1678189429.0,1678189429.0,1678189434.0,2752.0,1678189429.0,1678189444.0,,,0.0,1678189444.0,1678189449.0,5.0,,0.0,15.0,5.0,5.0,12142.0,,,poseidon,local,host-10-100-100-12.openstacklocal,pegasus::transfer,/home/poseidon/pegasus-5.1.0panorama/bin/pegasus-transfer,-n pegasus::transfer -N null -i - -R local  -L xgboost_hp_tuning_group_1 -T 2023-03-07T11:43:20+00:00 /home/poseidon/pegasus-5.1.0panorama/bin/../bin/pegasus-transfer  --threads 2,0.6,0,0,,,,,,,,,
stage_in_local_condorpool_1_0_pegasus-plan_ID0000016,None,transfer,0,1678189424.0,,,1678189429.0,1678189429.0,1678189433.0,797.0,1678189429.0,1678189439.0,,,0.0,1678189439.0,1678189444.0,5.0,,0.0,10.0,5.0,4.0,2874.0,,,poseidon,local,host-10-100-100-12.openstacklocal,pegasus::transfer,/home/poseidon/pegasus-5.1.0panorama/bin/pegasus-transfer,-n pegasus::transfer -N null -i - -R local  -L xgboost_hp_tuning_group_1 -T 2023-03-07T11:43:20+00:00 /home/poseidon/pegasus-5.1.0panorama/bin/../bin/pegasus-transfer  --threads 2,0.5,0,0,,,,,,,,,
stage_in_local_condorpool_0_1_pegasus-plan_ID0000016,None,transfer,0,1678189424.0,,,1678189429.0,1678189429.0,1678189433.0,5143903.0,1678189429.0,1678189439.0,,,0.0,1678189439.0,1678189444.0,5.0,,0.0,10.0,5.0,4.0,19294600.0,,,poseidon,local,host-10-100-100-12.openstacklocal,pegasus::transfer,/home/poseidon/pegasus-5.1.0panorama/bin/pegasus-transfer,-n pegasus::transfer -N null -i - -R local  -L xgboost_hp_tuning_group_1 -T 2023-03-07T11:43:20+00:00 /home/poseidon/pegasus-5.1.0panorama/bin/../bin/pegasus-transfer  --threads 2,0.6,0,0,,,,,,,,,
stage_in_local_condorpool_0_2_pegasus-plan_ID0000020,None,transfer,0,1678189424.0,,,1678189429.0,1678189429.0,1678189438.0,81232425.0,1678189429.0,1678189444.0,,,0.0,1678189444.0,1678189449.0,5.0,,0.0,15.0,5.0,9.0,735985664.0,,,poseidon,local,host-10-100-100-12.openstacklocal,pegasus::transfer,/home/poseidon/pegasus-5.1.0panorama/bin/pegasus-transfer,-n pegasus::transfer -N null -i - -R local  -L xgboost_hp_tuning_group_2 -T 2023-03-07T11:43:20+00:00 /home/poseidon/pegasus-5.1.0panorama/bin/../bin/pegasus-transfer  --threads 2,4.1,0,0,,,,,,,,,
stage_in_local_condorpool_0_2_pegasus-plan_ID0000012,None,transfer,0,1678189424.0,,,1678189430.0,1678189434.0,1678189443.0,91512850.0,1678189434.0,1678189450.0,,,0.0,1678189450.0,1678189455.0,6.0,,4.0,16.0,5.0,9.0,735985664.0,,,poseidon,local,host-10-100-100-12.openstacklocal,pegasus::transfer,/home/poseidon/pegasus-5.1.0panorama/bin/pegasus-transfer,-n pegasus::transfer -N null -i - -R local  -L xgboost_hp_tuning_group_0 -T 2023-03-07T11:43:20+00:00 /home/poseidon/pegasus-5.1.0panorama/bin/../bin/pegasus-transfer  --threads 2,3.8,0,0,,,,,,,,,
stage_in_local_condorpool_0_2_pegasus-plan_ID0000016,None,transfer,0,1678189424.0,,,1678189429.0,1678189429.0,1678189438.0,80579024.0,1678189429.0,1678189444.0,,,0.0,1678189444.0,1678189449.0,5.0,,0.0,15.0,5.0,9.0,735985664.0,,,poseidon,local,host-10-100-100-12.openstacklocal,pegasus::transfer,/home/poseidon/pegasus-5.1.0panorama/bin/pegasus-transfer,-n pegasus::transfer -N null -i - -R local  -L xgboost_hp_tuning_group_1 -T 2023-03-07T11:43:20+00:00 /home/poseidon/pegasus-5.1.0panorama/bin/../bin/pegasus-transfer  --threads 2,4.1,0,0,,,,,,,,,
stage_in_local_condorpool_1_0_pegasus-plan_ID0000012,None,transfer,0,1678189424.0,,,1678189430.0,1678189434.0,1678189438.0,806.0,1678189434.0,1678189445.0,,,0.0,1678189445.0,1678189450.0,6.0,,4.0,11.0,5.0,4.0,2874.0,,,poseidon,local,host-10-100-100-12.openstacklocal,pegasus::transfer,/home/poseidon/pegasus-5.1.0panorama/bin/pegasus-transfer,-n pegasus::transfer -N null -i - -R local  -L xgboost_hp_tuning_group_0 -T 2023-03-07T11:43:20+00:00 /home/poseidon/pegasus-5.1.0panorama/bin/../bin/pegasus-transfer  --threads 2,0.5,0,0,,,,,,,,,
stage_in_local_condorpool_0_0_pegasus-plan_ID0000012,None,transfer,0,1678189424.0,,,1678189430.0,1678189434.0,1678189439.0,2806.0,1678189434.0,1678189445.0,,,0.0,1678189445.0,1678189450.0,6.0,,4.0,11.0,5.0,5.0,12142.0,,,poseidon,local,host-10-100-100-12.openstacklocal,pegasus::transfer,/home/poseidon/pegasus-5.1.0panorama/bin/pegasus-transfer,-n pegasus::transfer -N null -i - -R local  -L xgboost_hp_tuning_group_0 -T 2023-03-07T11:43:20+00:00 /home/poseidon/pegasus-5.1.0panorama/bin/../bin/pegasus-transfer  --threads 2,0.6,0,0,,,,,,,,,
stage_in_local_condorpool_0_0_pegasus-plan_ID0000020,None,transfer,0,1678189424.0,,,1678189429.0,1678189429.0,1678189433.0,2777.0,1678189429.0,1678189439.0,,,0.0,1678189439.0,1678189444.0,5.0,,0.0,10.0,5.0,4.0,12142.0,,,poseidon,local,host-10-100-100-12.openstacklocal,pegasus::transfer,/home/poseidon/pegasus-5.1.0panorama/bin/pegasus-transfer,-n pegasus::transfer -N null -i - -R local  -L xgboost_hp_tuning_group_2 -T 2023-03-07T11:43:20+00:00 /home/poseidon/pegasus-5.1.0panorama/bin/../bin/pegasus-transfer  --threads 2,0.6,0,0,,,,,,,,,
stage_in_local_condorpool_1_0_pegasus-plan_ID0000020,None,transfer,0,1678189424.0,,,1678189429.0,1678189429.0,1678189433.0,807.0,1678189429.0,1678189439.0,,,0.0,1678189439.0,1678189444.0,5.0,,0.0,10.0,5.0,4.0,2874.0,,,poseidon,local,host-10-100-100-12.openstacklocal,pegasus::transfer,/home/poseidon/pegasus-5.1.0panorama/bin/pegasus-transfer,-n pegasus::transfer -N null -i - -R local  -L xgboost_hp_tuning_group_2 -T 2023-03-07T11:43:20+00:00 /home/poseidon/pegasus-5.1.0panorama/bin/../bin/pegasus-transfer  --threads 2,0.5,0,0,,,,,,,,,
stage_in_local_condorpool_0_1_pegasus-plan_ID0000020,None,transfer,0,1678189424.0,,,1678189429.0,1678189429.0,1678189445.0,165493957.0,1678189429.0,1678189454.0,,,0.0,1678189454.0,1678189459.0,5.0,,0.0,25.0,5.0,16.0,2646308508.0,,,poseidon,local,host-10-100-100-12.openstacklocal,pegasus::transfer,/home/poseidon/pegasus-5.1.0panorama/bin/pegasus-transfer,-n pegasus::transfer -N null -i - -R local  -L xgboost_hp_tuning_group_2 -T 2023-03-07T11:43:20+00:00 /home/poseidon/pegasus-5.1.0panorama/bin/../bin/pegasus-transfer  --threads 2,11.6,0,0,,,,,,,,,
stage_in_local_condorpool_0_1_pegasus-plan_ID0000012,None,transfer,0,1678189424.0,,,1678189430.0,1678189434.0,1678189440.0,46844324.0,1678189434.0,1678189450.0,,,0.0,1678189450.0,1678189455.0,6.0,,4.0,16.0,5.0,6.0,269346726.0,,,poseidon,local,host-10-100-100-12.openstacklocal,pegasus::transfer,/home/poseidon/pegasus-5.1.0panorama/bin/pegasus-transfer,-n pegasus::transfer -N null -i - -R local  -L xgboost_hp_tuning_group_0 -T 2023-03-07T11:43:20+00:00 /home/poseidon/pegasus-5.1.0panorama/bin/../bin/pegasus-transfer  --threads 2,1.7,0,0,,,,,,,,,
xgboost_hp_tuning_ID0000003_pegasus-plan_ID0000016,None,compute,0,1678189449.0,,,1678189454.0,1678189403.0,1678189419.0,42688409.5,1678189460.0,1678189499.0,1678189429.0,1678189433.0,246.0,1678189499.0,1678189504.0,5.0,,6.0,39.0,5.0,16.0,377646203.0,4.0,1068.0,poseidon,condorpool,poseidon-worker-3-container-16-23,xgboost_hp_tuning,/srv/xgboost_hp_tuning,,15.8,0,0,,,,,,,,,
xgboost_hp_tuning_ID0000005_pegasus-plan_ID0000016,None,compute,0,1678189449.0,,,1678189454.0,1678189403.0,1678189419.0,42751688.0,1678189460.0,1678189499.0,1678189429.0,1678189434.0,248.0,1678189499.0,1678189504.0,5.0,,6.0,39.0,5.0,16.0,377646203.0,5.0,1078.0,poseidon,condorpool,poseidon-worker-3-container-40-47,xgboost_hp_tuning,/srv/xgboost_hp_tuning,,16.3,0,0,,,,,,,,,
xgboost_hp_tuning_ID0000016_pegasus-plan_ID0000016,None,compute,0,1678189449.0,,,1678189454.0,1678189403.0,1678189419.0,42540641.2,1678189460.0,1678189499.0,1678189430.0,1678189434.0,245.0,1678189499.0,1678189504.0,5.0,,6.0,39.0,5.0,16.0,377646203.0,4.0,1055.0,poseidon,condorpool,poseidon-worker-1-container-16-23,xgboost_hp_tuning,/srv/xgboost_hp_tuning,,15.6,0,0,,,,,,,,,
xgboost_hp_tuning_ID0000004_pegasus-plan_ID0000016,None,compute,0,1678189449.0,,,1678189454.0,1678189403.0,1678189419.0,42627515.8,1678189460.0,1678189504.0,1678189431.0,1678189436.0,249.0,1678189504.0,1678189509.0,5.0,,6.0,44.0,5.0,16.0,377646203.0,5.0,1061.0,poseidon,condorpool,poseidon-worker-1-container-8-15,xgboost_hp_tuning,/srv/xgboost_hp_tuning,,33.5,0,0,,,,,,,,,
xgboost_hp_tuning_ID0000014_pegasus-plan_ID0000016,None,compute,0,1678189449.0,,,1678189454.0,1678189403.0,1678189419.0,42647308.0,1678189460.0,1678189499.0,1678189429.0,1678189433.0,239.0,1678189499.0,1678189504.0,5.0,,6.0,39.0,5.0,16.0,377646203.0,4.0,1055.0,poseidon,condorpool,poseidon-worker-3-container-8-15,xgboost_hp_tuning,/srv/xgboost_hp_tuning,,14.8,0,0,,,,,,,,,
xgboost_hp_tuning_ID0000020_pegasus-plan_ID0000016,None,compute,0,1678189449.0,,,1678189454.0,1678189403.0,1678189419.0,42572298.8,1678189460.0,1678189529.0,1678189459.0,1678189463.0,247.0,1678189529.0,1678189534.0,5.0,,6.0,69.0,5.0,16.0,377646203.0,4.0,1063.0,poseidon,condorpool,poseidon-worker-2-container-32-39,xgboost_hp_tuning,/srv/xgboost_hp_tuning,,16.5,0,0,,,,,,,,,
xgboost_hp_tuning_ID0000013_pegasus-plan_ID0000016,None,compute,0,1678189449.0,,,1678189454.0,1678189442.0,1678189458.0,42579170.8,1678189499.0,1678189539.0,1678189469.0,1678189473.0,252.0,1678189539.0,1678189544.0,5.0,,45.0,40.0,5.0,16.0,377646203.0,4.0,1055.0,poseidon,condorpool,poseidon-worker-3-container-8-15,xgboost_hp_tuning,/srv/xgboost_hp_tuning,,15.4,0,0,,,,,,,,,
xgboost_hp_tuning_ID0000017_pegasus-plan_ID0000016,None,compute,0,1678189449.0,,,1678189454.0,1678189403.0,1678189419.0,42731283.2,1678189460.0,1678189499.0,1678189429.0,1678189434.0,246.0,1678189499.0,1678189504.0,5.0,,6.0,39.0,5.0,16.0,377646203.0,5.0,1054.0,poseidon,condorpool,poseidon-worker-3-container-32-39,xgboost_hp_tuning,/srv/xgboost_hp_tuning,,17.5,0,0,,,,,,,,,
xgboost_hp_tuning_ID0000001_pegasus-plan_ID0000016,None,compute,0,1678189449.0,,,1678189454.0,1678189472.0,1678189499.0,18018389.0,1678189499.0,1678189629.0,1678189559.0,1678189563.0,247.0,1678189629.0,1678189634.0,5.0,,45.0,130.0,5.0,27.0,377646203.0,4.0,1064.0,poseidon,condorpool,poseidon-worker-1-container-0-7,xgboost_hp_tuning,/srv/xgboost_hp_tuning,,18.0,0,0,,,,,,,,,
xgboost_hp_tuning_ID0000012_pegasus-plan_ID0000016,None,compute,0,1678189449.0,,,1678189454.0,1678189442.0,1678189458.0,42683834.0,1678189499.0,1678189539.0,1678189469.0,1678189473.0,248.0,1678189539.0,1678189544.0,5.0,,45.0,40.0,5.0,16.0,377646203.0,4.0,1050.0,poseidon,condorpool,poseidon-worker-3-container-24-31,xgboost_hp_tuning,/srv/xgboost_hp_tuning,,19.9,0,0,,,,,,,,,
xgboost_hp_tuning_ID0000023_pegasus-plan_ID0000016,None,compute,0,1678189449.0,,,1678189454.0,1678189443.0,1678189459.0,42684276.5,1678189499.0,1678189539.0,1678189469.0,1678189473.0,254.0,1678189539.0,1678189544.0,5.0,,45.0,40.0,5.0,16.0,377646203.0,4.0,1089.0,poseidon,condorpool,poseidon-worker-3-container-0-7,xgboost_hp_tuning,/srv/xgboost_hp_tuning,,16.5,0,0,,,,,,,,,
xgboost_hp_tuning_ID0000002_pegasus-plan_ID0000016,None,compute,0,1678189449.0,,,1678189454.0,1678189442.0,1678189458.0,42664109.2,1678189499.0,1678189539.0,1678189468.0,1678189473.0,250.0,1678189539.0,1678189544.0,5.0,,45.0,40.0,5.0,16.0,377646203.0,5.0,1064.0,poseidon,condorpool,poseidon-worker-3-container-16-23,xgboost_hp_tuning,/srv/xgboost_hp_tuning,,15.7,0,0,,,,,,,,,
xgboost_hp_tuning_ID0000006_pegasus-plan_ID0000016,None,compute,0,1678189449.0,,,1678189454.0,1678189403.0,1678189419.0,42553596.8,1678189460.0,1678189529.0,1678189459.0,1678189463.0,248.0,1678189529.0,1678189534.0,5.0,,6.0,69.0,5.0,16.0,377646203.0,4.0,1068.0,poseidon,condorpool,poseidon-worker-2-container-8-15,xgboost_hp_tuning,/srv/xgboost_hp_tuning,,14.3,0,0,,,,,,,,,
xgboost_hp_tuning_ID0000015_pegasus-plan_ID0000016,None,compute,0,1678189449.0,,,1678189454.0,1678189403.0,1678189419.0,42624161.0,1678189460.0,1678189529.0,1678189459.0,1678189463.0,244.0,1678189529.0,1678189534.0,5.0,,6.0,69.0,5.0,16.0,377646203.0,4.0,1053.0,poseidon,condorpool,poseidon-worker-2-container-0-7,xgboost_hp_tuning,/srv/xgboost_hp_tuning,,16.9,0,0,,,,,,,,,
xgboost_hp_tuning_ID0000007_pegasus-plan_ID0000016,None,compute,0,1678189449.0,,,1678189454.0,1678189403.0,1678189419.0,42581359.0,1678189460.0,1678189529.0,1678189459.0,1678189463.0,249.0,1678189529.0,1678189534.0,5.0,,6.0,69.0,5.0,16.0,377646203.0,4.0,1069.0,poseidon,condorpool,poseidon-worker-2-container-16-23,xgboost_hp_tuning,/srv/xgboost_hp_tuning,,18.1,0,0,,,,,,,,,
xgboost_hp_tuning_ID0000019_pegasus-plan_ID0000016,None,compute,0,1678189449.0,,,1678189454.0,1678189403.0,1678189419.0,42576613.8,1678189460.0,1678189499.0,1678189430.0,1678189434.0,251.0,1678189499.0,1678189504.0,5.0,,6.0,39.0,5.0,16.0,377646203.0,4.0,1059.0,poseidon,condorpool,poseidon-worker-1-container-24-31,xgboost_hp_tuning,/srv/xgboost_hp_tuning,,17.4,0,0,,,,,,,,,
xgboost_hp_tuning_ID0000008_pegasus-plan_ID0000016,hdd_10,compute,0,1678189449.0,,,1678189454.0,1678189403.0,1678189427.0,42518920.5,1678189460.0,1678189544.0,1678189472.0,1678189477.0,245.0,1678189544.0,1678189549.0,5.0,,6.0,84.0,5.0,24.0,377646203.0,5.0,1058.0,poseidon,condorpool,poseidon-worker-1-container-40-47,xgboost_hp_tuning,/srv/xgboost_hp_tuning,,15.3,0,0,,,,,,,,,
xgboost_hp_tuning_ID0000021_pegasus-plan_ID0000016,hdd_10,compute,0,1678189449.0,,,1678189454.0,1678189403.0,1678189428.0,42566664.2,1678189460.0,1678189529.0,1678189459.0,1678189463.0,247.0,1678189529.0,1678189534.0,5.0,,6.0,69.0,5.0,25.0,377646203.0,4.0,1061.0,poseidon,condorpool,poseidon-worker-2-container-24-31,xgboost_hp_tuning,/srv/xgboost_hp_tuning,,15.0,0,0,,,,,,,,,
xgboost_hp_tuning_ID0000010_pegasus-plan_ID0000016,None,compute,0,1678189449.0,,,1678189454.0,1678189403.0,1678189419.0,42589793.5,1678189460.0,1678189529.0,1678189459.0,1678189463.0,244.0,1678189529.0,1678189534.0,5.0,,6.0,69.0,5.0,16.0,377646203.0,4.0,1050.0,poseidon,condorpool,poseidon-worker-2-container-40-47,xgboost_hp_tuning,/srv/xgboost_hp_tuning,,18.3,0,0,,,,,,,,,
xgboost_hp_tuning_ID0000022_pegasus-plan_ID0000016,None,compute,0,1678189449.0,,,1678189454.0,1678189403.0,1678189419.0,42640818.8,1678189460.0,1678189499.0,1678189429.0,1678189434.0,247.0,1678189499.0,1678189504.0,5.0,,6.0,39.0,5.0,16.0,377646203.0,5.0,1064.0,poseidon,condorpool,poseidon-worker-1-container-32-39,xgboost_hp_tuning,/srv/xgboost_hp_tuning,,16.2,0,0,,,,,,,,,
xgboost_hp_tuning_ID0000011_pegasus-plan_ID0000016,None,compute,0,1678189449.0,,,1678189454.0,1678189403.0,1678189419.0,42748437.0,1678189460.0,1678189499.0,1678189429.0,1678189434.0,245.0,1678189499.0,1678189504.0,5.0,,6.0,39.0,5.0,16.0,377646203.0,5.0,1050.0,poseidon,condorpool,poseidon-worker-3-container-0-7,xgboost_hp_tuning,/srv/xgboost_hp_tuning,,19.6,0,0,,,,,,,,,
xgboost_hp_tuning_ID0000009_pegasus-plan_ID0000016,None,compute,0,1678189449.0,,,1678189454.0,1678189403.0,1678189419.0,42788027.0,1678189460.0,1678189499.0,1678189429.0,1678189433.0,243.0,1678189499.0,1678189504.0,5.0,,6.0,39.0,5.0,16.0,377646203.0,4.0,1058.0,poseidon,condorpool,poseidon-worker-3-container-24-31,xgboost_hp_tuning,/srv/xgboost_hp_tuning,,14.6,0,0,,,,,,,,,
xgboost_hp_tuning_ID0000018_pegasus-plan_ID0000016,None,compute,0,1678189449.0,,,1678189454.0,1678189403.0,1678189419.0,42538411.8,1678189460.0,1678189499.0,1678189429.0,1678189434.0,248.0,1678189499.0,1678189504.0,5.0,,6.0,39.0,5.0,16.0,377646203.0,5.0,1055.0,poseidon,condorpool,poseidon-worker-1-container-0-7,xgboost_hp_tuning,/srv/xgboost_hp_tuning,,14.3,0,0,,,,,,,,,
xgboost_hp_tuning_ID0000017_pegasus-plan_ID0000012,None,compute,0,1678189455.0,,,1678189460.0,1678189473.0,1678189490.0,46540768.6,1678189529.0,1678189615.0,1678189544.0,1678189548.0,248.0,1678189615.0,1678189620.0,5.0,,69.0,86.0,5.0,17.0,502672266.0,4.0,1055.0,poseidon,condorpool,poseidon-worker-2-container-0-7,xgboost_hp_tuning,/srv/xgboost_hp_tuning,,183.5,0,0,0.1,157976252.0,40.0,3336.0,2.0,168.6,3.5,5265875.1,4.0
xgboost_hp_tuning_ID0000009_pegasus-plan_ID0000012,None,compute,0,1678189455.0,,,1678189460.0,1678189443.0,1678189460.0,46666197.0,1678189499.0,1678189555.0,1678189484.0,1678189489.0,248.0,1678189555.0,1678189560.0,5.0,,39.0,56.0,5.0,17.0,502672266.0,5.0,1055.0,poseidon,condorpool,poseidon-worker-3-container-40-47,xgboost_hp_tuning,/srv/xgboost_hp_tuning,,90.6,0,0,0.0,157966027.0,40.0,3303.0,2.0,41.1,3.3,15796602.7,4.0
xgboost_hp_tuning_ID0000011_pegasus-plan_ID0000012,None,compute,0,1678189455.0,,,1678189460.0,1678189443.0,1678189460.0,46586359.4,1678189499.0,1678189555.0,1678189484.0,1678189488.0,249.0,1678189555.0,1678189560.0,5.0,,39.0,56.0,5.0,17.0,502672266.0,4.0,1049.0,poseidon,condorpool,poseidon-worker-3-container-32-39,xgboost_hp_tuning,/srv/xgboost_hp_tuning,,89.0,0,0,0.0,157966031.0,40.0,3303.0,2.0,41.5,3.3,15796603.1,4.0
xgboost_hp_tuning_ID0000022_pegasus-plan_ID0000012,None,compute,0,1678189455.0,,,1678189460.0,1678189473.0,1678189500.0,23187269.4,1678189500.0,1678189630.0,1678189559.0,1678189563.0,245.0,1678189630.0,1678189635.0,5.0,,40.0,130.0,5.0,27.0,502672266.0,4.0,1063.0,poseidon,condorpool,poseidon-worker-1-container-16-23,xgboost_hp_tuning,/srv/xgboost_hp_tuning,,93.9,0,0,0.0,157967908.0,40.0,3305.0,2.0,38.0,2.9,15796790.8,4.0
xgboost_hp_tuning_ID0000019_pegasus-plan_ID0000012,None,compute,0,1678189455.0,,,1678189460.0,1678189473.0,1678189490.0,46402609.4,1678189529.0,1678189615.0,1678189544.0,1678189548.0,250.0,1678189615.0,1678189620.0,5.0,,69.0,86.0,5.0,17.0,502672266.0,4.0,1060.0,poseidon,condorpool,poseidon-worker-2-container-40-47,xgboost_hp_tuning,/srv/xgboost_hp_tuning,,173.9,0,0,0.1,157976346.0,40.0,3336.0,2.0,129.4,3.4,5265878.2,4.0
xgboost_hp_tuning_ID0000021_pegasus-plan_ID0000012,None,compute,0,1678189455.0,,,1678189460.0,1678189473.0,1678189500.0,23348048.8,1678189500.0,1678189630.0,1678189559.0,1678189563.0,247.0,1678189630.0,1678189635.0,5.0,,40.0,130.0,5.0,27.0,502672266.0,4.0,1062.0,poseidon,condorpool,poseidon-worker-1-container-24-31,xgboost_hp_tuning,/srv/xgboost_hp_tuning,,128.5,0,0,0.0,157972543.0,40.0,3321.0,2.0,104.7,3.9,7898627.1,4.0
xgboost_hp_tuning_ID0000020_pegasus-plan_ID0000012,None,compute,0,1678189455.0,,,1678189460.0,1678189474.0,1678189503.0,46507796.8,1678189531.0,1678189630.0,1678189559.0,1678189563.0,248.0,1678189630.0,1678189635.0,5.0,,71.0,99.0,5.0,29.0,502672266.0,4.0,1064.0,poseidon,condorpool,poseidon-worker-1-container-8-15,xgboost_hp_tuning,/srv/xgboost_hp_tuning,,87.3,0,0,0.0,157967872.0,40.0,3305.0,2.0,41.9,2.5,15796787.2,4.0
xgboost_hp_tuning_ID0000008_pegasus-plan_ID0000012,hdd_10,compute,0,1678189455.0,,,1678189460.0,1678189473.0,1678189501.0,46500471.2,1678189529.0,1678189620.0,1678189549.0,1678189553.0,246.0,1678189620.0,1678189625.0,5.0,,69.0,91.0,5.0,28.0,502672266.0,4.0,1058.0,poseidon,condorpool,poseidon-worker-2-container-24-31,xgboost_hp_tuning,/srv/xgboost_hp_tuning,,89.5,0,0,0.0,157967899.0,40.0,3305.0,2.0,47.2,2.7,15796789.9,4.0
xgboost_hp_tuning_ID0000007_pegasus-plan_ID0000012,None,compute,0,1678189455.0,,,1678189460.0,1678189473.0,1678189490.0,46528673.6,1678189529.0,1678189615.0,1678189544.0,1678189548.0,250.0,1678189615.0,1678189620.0,5.0,,69.0,86.0,5.0,17.0,502672266.0,4.0,1065.0,poseidon,condorpool,poseidon-worker-2-container-32-39,xgboost_hp_tuning,/srv/xgboost_hp_tuning,,141.0,0,0,0.1,157976347.0,40.0,3336.0,2.0,137.5,3.4,5265878.2,4.0
xgboost_hp_tuning_ID0000010_pegasus-plan_ID0000012,None,compute,0,1678189455.0,,,1678189460.0,1678189473.0,1678189500.0,23248657.3,1678189500.0,1678189630.0,1678189559.0,1678189563.0,243.0,1678189630.0,1678189635.0,5.0,,40.0,130.0,5.0,27.0,502672266.0,4.0,1049.0,poseidon,condorpool,poseidon-worker-1-container-32-39,xgboost_hp_tuning,/srv/xgboost_hp_tuning,,84.9,0,0,0.0,157968056.0,40.0,3305.0,2.0,43.3,2.7,15796805.6,4.0
xgboost_hp_tuning_ID0000005_pegasus-plan_ID0000012,None,compute,0,1678189455.0,,,1678189460.0,1678189482.0,1678189499.0,46625217.0,1678189538.0,1678189615.0,1678189542.0,1678189546.0,257.0,1678189615.0,1678189620.0,5.0,,78.0,77.0,5.0,17.0,502672266.0,4.0,1078.0,poseidon,condorpool,poseidon-worker-3-container-16-23,xgboost_hp_tuning,/srv/xgboost_hp_tuning,,189.4,0,0,0.0,157974585.0,40.0,3334.0,2.0,145.5,3.2,5265819.5,4.0
xgboost_hp_tuning_ID0000004_pegasus-plan_ID0000012,None,compute,0,1678189455.0,,,1678189460.0,1678189482.0,1678189499.0,46590159.4,1678189539.0,1678189595.0,1678189523.0,1678189527.0,253.0,1678189595.0,1678189600.0,5.0,,79.0,56.0,5.0,17.0,502672266.0,4.0,1062.0,poseidon,condorpool,poseidon-worker-3-container-0-7,xgboost_hp_tuning,/srv/xgboost_hp_tuning,,89.4,0,0,0.1,157966111.0,40.0,3303.0,2.0,42.0,2.8,15796611.1,4.0
xgboost_hp_tuning_ID0000015_pegasus-plan_ID0000012,None,compute,0,1678189455.0,,,1678189460.0,1678189482.0,1678189500.0,46628447.8,1678189539.0,1678189605.0,1678189535.0,1678189539.0,250.0,1678189605.0,1678189610.0,5.0,,79.0,66.0,5.0,18.0,502672266.0,4.0,1054.0,poseidon,condorpool,poseidon-worker-3-container-24-31,xgboost_hp_tuning,/srv/xgboost_hp_tuning,,157.1,0,0,0.0,157970842.0,40.0,3319.0,2.0,108.2,3.2,7898542.1,4.0
xgboost_hp_tuning_ID0000003_pegasus-plan_ID0000012,hdd_10,compute,0,1678189455.0,,,1678189460.0,1678189486.0,1678189516.0,23539869.5,1678189542.0,1678189630.0,1678189559.0,1678189563.0,248.0,1678189630.0,1678189635.0,5.0,,82.0,88.0,5.0,30.0,502672266.0,4.0,1066.0,poseidon,condorpool,poseidon-worker-1-container-40-47,xgboost_hp_tuning,/srv/xgboost_hp_tuning,,92.2,0,0,0.0,157967914.0,40.0,3305.0,2.0,41.8,3.0,15796791.4,4.0
xgboost_hp_tuning_ID0000014_pegasus-plan_ID0000012,None,compute,0,1678189455.0,,,1678189460.0,1678189497.0,1678189514.0,46528891.0,1678189554.0,1678189610.0,1678189539.0,1678189544.0,250.0,1678189610.0,1678189615.0,5.0,,94.0,56.0,5.0,17.0,502672266.0,5.0,1056.0,poseidon,condorpool,poseidon-worker-3-container-32-39,xgboost_hp_tuning,/srv/xgboost_hp_tuning,,97.7,0,0,0.1,157966106.0,40.0,3303.0,2.0,43.6,2.7,15796610.6,4.0
xgboost_hp_tuning_ID0000002_pegasus-plan_ID0000012,None,compute,0,1678189455.0,,,1678189460.0,1678189497.0,1678189515.0,46592009.6,1678189554.0,1678189610.0,1678189541.0,1678189546.0,253.0,1678189610.0,1678189615.0,5.0,,94.0,56.0,5.0,18.0,502672266.0,5.0,1063.0,poseidon,condorpool,poseidon-worker-3-container-40-47,xgboost_hp_tuning,/srv/xgboost_hp_tuning,,111.2,0,0,0.1,157970760.0,4038.0,3319.0,5.0,107.4,3.7,7898538.0,201.9
xgboost_hp_tuning_ID0000013_pegasus-plan_ID0000012,None,compute,0,1678189455.0,,,1678189460.0,1678189536.0,1678189554.0,46583204.6,1678189593.0,1678189660.0,1678189591.0,1678189595.0,246.0,1678189660.0,1678189665.0,5.0,,133.0,67.0,5.0,18.0,502672266.0,4.0,1055.0,poseidon,condorpool,poseidon-worker-3-container-0-7,xgboost_hp_tuning,/srv/xgboost_hp_tuning,,160.5,0,0,0.0,157974583.0,40.0,3334.0,2.0,154.9,3.4,5265819.4,4.0
xgboost_hp_tuning_ID0000023_pegasus-plan_ID0000012,None,compute,0,1678189455.0,,,1678189460.0,1678189552.0,1678189570.0,46615118.4,1678189609.0,1678189665.0,1678189596.0,1678189600.0,256.0,1678189665.0,1678189670.0,5.0,,149.0,56.0,5.0,18.0,502672266.0,4.0,1091.0,poseidon,condorpool,poseidon-worker-3-container-32-39,xgboost_hp_tuning,/srv/xgboost_hp_tuning,,99.9,0,0,0.0,157966177.0,40.0,3303.0,2.0,42.5,3.1,15796617.7,4.0
xgboost_hp_tuning_ID0000012_pegasus-plan_ID0000012,None,compute,0,1678189455.0,,,1678189460.0,1678189548.0,1678189565.0,46594489.4,1678189604.0,1678189665.0,1678189592.0,1678189596.0,248.0,1678189665.0,1678189670.0,5.0,,144.0,61.0,5.0,17.0,502672266.0,4.0,1049.0,poseidon,condorpool,poseidon-worker-3-container-24-31,xgboost_hp_tuning,/srv/xgboost_hp_tuning,,106.7,0,0,0.0,157970835.0,40.0,3319.0,2.0,99.5,3.7,7898541.8,4.0
xgboost_hp_tuning_ID0000001_pegasus-plan_ID0000012,None,compute,0,1678189455.0,,,1678189460.0,1678189547.0,1678189564.0,46536629.4,1678189604.0,1678189670.0,1678189601.0,1678189605.0,249.0,1678189670.0,1678189675.0,5.0,,144.0,66.0,5.0,17.0,502672266.0,4.0,1065.0,poseidon,condorpool,poseidon-worker-3-container-8-15,xgboost_hp_tuning,/srv/xgboost_hp_tuning,,165.9,0,0,0.0,157970795.0,40.0,3319.0,2.0,101.9,3.8,7898539.8,4.0
xgboost_hp_tuning_ID0000018_pegasus-plan_ID0000012,None,compute,0,1678189455.0,,,1678189460.0,1678189473.0,1678189490.0,46516292.0,1678189529.0,1678189615.0,1678189544.0,1678189548.0,248.0,1678189615.0,1678189620.0,5.0,,69.0,86.0,5.0,17.0,502672266.0,4.0,1054.0,poseidon,condorpool,poseidon-worker-2-container-16-23,xgboost_hp_tuning,/srv/xgboost_hp_tuning,,185.1,0,0,0.0,157976342.0,40.0,3336.0,2.0,157.5,3.5,5265878.1,4.0
xgboost_hp_tuning_ID0000016_pegasus-plan_ID0000012,None,compute,0,1678189455.0,,,1678189460.0,1678189482.0,1678189499.0,46586396.8,1678189539.0,1678189605.0,1678189534.0,1678189538.0,252.0,1678189605.0,1678189610.0,5.0,,79.0,66.0,5.0,17.0,502672266.0,4.0,1054.0,poseidon,condorpool,poseidon-worker-3-container-8-15,xgboost_hp_tuning,/srv/xgboost_hp_tuning,,156.9,0,0,0.0,157970726.0,40.0,3319.0,2.0,105.1,2.9,7898536.3,4.0
xgboost_hp_tuning_ID0000006_pegasus-plan_ID0000012,None,compute,0,1678189455.0,,,1678189460.0,1678189473.0,1678189490.0,46478684.2,1678189529.0,1678189615.0,1678189544.0,1678189548.0,252.0,1678189615.0,1678189620.0,5.0,,69.0,86.0,5.0,17.0,502672266.0,4.0,1066.0,poseidon,condorpool,poseidon-worker-2-container-8-15,xgboost_hp_tuning,/srv/xgboost_hp_tuning,,126.8,0,0,0.1,157976306.0,40.0,3336.0,2.0,123.1,3.5,5265876.9,4.0
xgboost_hp_tuning_ID0000010_pegasus-plan_ID0000020,None,compute,0,1678189459.0,,,1678189464.0,1678189557.0,1678189617.0,31745831.1,1678189614.0,1678190055.0,1678189986.0,1678189990.0,246.0,1678190055.0,1678190060.0,5.0,,150.0,441.0,5.0,60.0,1691153157.0,4.0,1050.0,poseidon,condorpool,poseidon-worker-2-container-40-47,xgboost_hp_tuning,/srv/xgboost_hp_tuning,,2112.2,0,0,0.1,1346579924.0,40.0,3816.0,2.0,1987.7,59.6,3847371.2,4.0
xgboost_hp_tuning_ID0000022_pegasus-plan_ID0000020,None,compute,0,1678189459.0,,,1678189464.0,1678189557.0,1678189617.0,31625895.0,1678189614.0,1678190025.0,1678189953.0,1678189957.0,251.0,1678190025.0,1678190030.0,5.0,,150.0,411.0,5.0,60.0,1691153157.0,4.0,1062.0,poseidon,condorpool,poseidon-worker-2-container-8-15,xgboost_hp_tuning,/srv/xgboost_hp_tuning,,1861.9,0,0,0.1,1346568278.0,40.0,3771.0,2.0,1770.8,52.2,4208025.9,4.0
xgboost_hp_tuning_ID0000011_pegasus-plan_ID0000020,None,compute,0,1678189459.0,,,1678189464.0,1678189555.0,1678189586.0,69077221.7,1678189612.0,1678190015.0,1678189944.0,1678189949.0,245.0,1678190015.0,1678190020.0,5.0,,148.0,403.0,5.0,31.0,1691153157.0,5.0,1049.0,poseidon,condorpool,poseidon-worker-3-container-16-23,xgboost_hp_tuning,/srv/xgboost_hp_tuning,,1974.9,0,0,0.0,1346574339.0,40.0,3799.0,2.0,1869.4,48.8,3960512.8,4.0
xgboost_hp_tuning_ID0000009_pegasus-plan_ID0000020,None,compute,0,1678189459.0,,,1678189464.0,1678189554.0,1678189586.0,69000939.3,1678189611.0,1678190015.0,1678189942.0,1678189946.0,251.0,1678190015.0,1678190020.0,5.0,,147.0,404.0,5.0,32.0,1691153157.0,4.0,1058.0,poseidon,condorpool,poseidon-worker-3-container-40-47,xgboost_hp_tuning,/srv/xgboost_hp_tuning,,1915.4,0,0,0.0,1346574349.0,40.0,3799.0,2.0,1826.6,51.5,3960512.8,4.0
xgboost_hp_tuning_ID0000021_pegasus-plan_ID0000020,None,compute,0,1678189459.0,,,1678189464.0,1678189557.0,1678189617.0,31741702.2,1678189614.0,1678190035.0,1678189961.0,1678189966.0,250.0,1678190035.0,1678190040.0,5.0,,150.0,421.0,5.0,60.0,1691153157.0,5.0,1064.0,poseidon,condorpool,poseidon-worker-2-container-32-39,xgboost_hp_tuning,/srv/xgboost_hp_tuning,,1902.5,0,0,0.0,1346572207.0,40.0,3786.0,2.0,1812.6,57.2,4080521.8,4.0
xgboost_hp_tuning_ID0000001_pegasus-plan_ID0000020,None,compute,0,1678189459.0,,,1678189464.0,1678189965.0,1678189996.0,68928205.4,1678190021.0,1678190411.0,1678190339.0,1678190343.0,251.0,1678190411.0,1678190416.0,5.0,,557.0,390.0,5.0,31.0,1691153157.0,4.0,1061.0,poseidon,condorpool,poseidon-worker-1-container-24-31,xgboost_hp_tuning,/srv/xgboost_hp_tuning,,1962.0,0,0,0.0,1346572435.0,40.0,3786.0,2.0,1896.5,41.0,4080522.5,4.0
xgboost_hp_tuning_ID0000020_pegasus-plan_ID0000020,None,compute,0,1678189459.0,,,1678189464.0,1678189557.0,1678189617.0,31716748.5,1678189614.0,1678190065.0,1678189993.0,1678189997.0,252.0,1678190065.0,1678190070.0,5.0,,150.0,451.0,5.0,60.0,1691153157.0,4.0,1061.0,poseidon,condorpool,poseidon-worker-2-container-16-23,xgboost_hp_tuning,/srv/xgboost_hp_tuning,,2080.1,0,0,0.1,1346583700.0,40.0,3831.0,2.0,1982.4,58.6,3740510.3,4.0
xgboost_hp_tuning_ID0000013_pegasus-plan_ID0000020,None,compute,0,1678189459.0,,,1678189464.0,1678189962.0,1678189993.0,68908167.7,1678190018.0,1678190421.0,1678190352.0,1678190356.0,249.0,1678190421.0,1678190426.0,5.0,,554.0,403.0,5.0,31.0,1691153157.0,4.0,1056.0,poseidon,condorpool,poseidon-worker-1-container-16-23,xgboost_hp_tuning,/srv/xgboost_hp_tuning,,2054.4,0,0,0.1,1346576291.0,40.0,3801.0,2.0,1933.0,56.5,3960518.5,4.0
xgboost_hp_tuning_ID0000002_pegasus-plan_ID0000020,None,compute,0,1678189459.0,,,1678189464.0,1678189958.0,1678189989.0,69044829.3,1678190014.0,1678190346.0,1678190273.0,1678190277.0,252.0,1678190346.0,1678190351.0,5.0,,550.0,332.0,5.0,31.0,1691153157.0,4.0,1062.0,poseidon,condorpool,poseidon-worker-3-container-16-23,xgboost_hp_tuning,/srv/xgboost_hp_tuning,,1551.6,0,0,0.0,1346547509.0,40.0,3694.0,2.0,1480.4,42.5,4987213.0,4.0
xgboost_hp_tuning_ID0000014_pegasus-plan_ID0000020,None,compute,0,1678189459.0,,,1678189464.0,1678189678.0,1678189710.0,68983302.4,1678189735.0,1678190110.0,1678190038.0,1678190042.0,251.0,1678190110.0,1678190115.0,5.0,,271.0,375.0,5.0,32.0,1691153157.0,4.0,1055.0,poseidon,condorpool,poseidon-worker-3-container-0-7,xgboost_hp_tuning,/srv/xgboost_hp_tuning,,1709.1,0,0,0.1,1346562620.0,40.0,3754.0,2.0,1588.2,67.9,4343750.4,4.0
xgboost_hp_tuning_ID0000003_pegasus-plan_ID0000020,None,compute,0,1678189459.0,,,1678189464.0,1678189614.0,1678189645.0,68909200.3,1678189671.0,1678190080.0,1678190008.0,1678190013.0,254.0,1678190080.0,1678190085.0,5.0,,207.0,409.0,5.0,31.0,1691153157.0,5.0,1068.0,poseidon,condorpool,poseidon-worker-3-container-8-15,xgboost_hp_tuning,/srv/xgboost_hp_tuning,,2002.2,0,0,0.0,1346578051.0,40.0,3814.0,2.0,1909.2,71.7,3847365.9,4.0
xgboost_hp_tuning_ID0000015_pegasus-plan_ID0000020,None,compute,0,1678189459.0,,,1678189464.0,1678189609.0,1678189640.0,68988643.0,1678189666.0,1678190095.0,1678190025.0,1678190029.0,253.0,1678190095.0,1678190100.0,5.0,,202.0,429.0,5.0,31.0,1691153157.0,4.0,1055.0,poseidon,condorpool,poseidon-worker-3-container-32-39,xgboost_hp_tuning,/srv/xgboost_hp_tuning,,2082.7,0,0,0.0,1346585865.0,40.0,3844.0,2.0,1968.3,77.2,3639421.3,4.0
xgboost_hp_tuning_ID0000004_pegasus-plan_ID0000020,None,compute,0,1678189459.0,,,1678189464.0,1678189605.0,1678189636.0,69059467.0,1678189662.0,1678190070.0,1678190001.0,1678190005.0,252.0,1678190070.0,1678190075.0,5.0,,198.0,408.0,5.0,31.0,1691153157.0,4.0,1063.0,poseidon,condorpool,poseidon-worker-3-container-24-31,xgboost_hp_tuning,/srv/xgboost_hp_tuning,,1972.4,0,0,0.0,1346578199.0,40.0,3814.0,2.0,1877.3,60.8,3847366.3,4.0
xgboost_hp_tuning_ID0000016_pegasus-plan_ID0000020,None,compute,0,1678189459.0,,,1678189464.0,1678189573.0,1678189604.0,68891177.3,1678189629.0,1678190060.0,1678189989.0,1678189993.0,246.0,1678190060.0,1678190065.0,5.0,,165.0,431.0,5.0,31.0,1691153157.0,4.0,1053.0,poseidon,condorpool,poseidon-worker-1-container-32-39,xgboost_hp_tuning,/srv/xgboost_hp_tuning,,2147.1,0,0,0.1,1346587769.0,40.0,3846.0,2.0,2050.0,64.3,3639426.4,4.0
xgboost_hp_tuning_ID0000005_pegasus-plan_ID0000020,None,compute,0,1678189459.0,,,1678189464.0,1678189573.0,1678189604.0,68967141.3,1678189629.0,1678190055.0,1678189986.0,1678189991.0,254.0,1678190055.0,1678190060.0,5.0,,165.0,426.0,5.0,31.0,1691153157.0,5.0,1077.0,poseidon,condorpool,poseidon-worker-1-container-0-7,xgboost_hp_tuning,/srv/xgboost_hp_tuning,,2090.1,0,0,0.1,1346587244.0,40.0,3846.0,2.0,2004.0,65.6,3639425.0,4.0
xgboost_hp_tuning_ID0000023_pegasus-plan_ID0000020,None,compute,0,1678189459.0,,,1678189464.0,1678189975.0,1678190006.0,68908811.9,1678190032.0,1678190401.0,1678190328.0,1678190332.0,259.0,1678190401.0,1678190406.0,5.0,,568.0,369.0,5.0,31.0,1691153157.0,4.0,1090.0,poseidon,condorpool,poseidon-worker-2-container-32-39,xgboost_hp_tuning,/srv/xgboost_hp_tuning,,1728.1,0,0,0.0,1346564763.0,40.0,3756.0,2.0,1668.7,44.5,4343757.3,4.0
xgboost_hp_tuning_ID0000017_pegasus-plan_ID0000020,None,compute,0,1678189459.0,,,1678189464.0,1678189573.0,1678189604.0,68920064.1,1678189629.0,1678190020.0,1678189948.0,1678189953.0,249.0,1678190020.0,1678190025.0,5.0,,165.0,391.0,5.0,31.0,1691153157.0,5.0,1054.0,poseidon,condorpool,poseidon-worker-1-container-16-23,xgboost_hp_tuning,/srv/xgboost_hp_tuning,,1822.8,0,0,0.0,1346572229.0,40.0,3786.0,2.0,1742.6,49.3,4080521.9,4.0
xgboost_hp_tuning_ID0000012_pegasus-plan_ID0000020,None,compute,0,1678189459.0,,,1678189464.0,1678189966.0,1678189998.0,68864157.2,1678190023.0,1678190401.0,1678190329.0,1678190333.0,250.0,1678190401.0,1678190406.0,5.0,,559.0,378.0,5.0,32.0,1691153157.0,4.0,1050.0,poseidon,condorpool,poseidon-worker-2-container-8-15,xgboost_hp_tuning,/srv/xgboost_hp_tuning,,1852.3,0,0,0.0,1346568435.0,40.0,3771.0,2.0,1791.7,46.8,4208026.4,4.0
xgboost_hp_tuning_ID0000018_pegasus-plan_ID0000020,hdd_10,compute,0,1678189459.0,,,1678189464.0,1678189573.0,1678189608.0,69010994.8,1678189629.0,1678190060.0,1678189991.0,1678189995.0,247.0,1678190060.0,1678190065.0,5.0,,165.0,431.0,5.0,35.0,1691153157.0,4.0,1053.0,poseidon,condorpool,poseidon-worker-1-container-40-47,xgboost_hp_tuning,/srv/xgboost_hp_tuning,,2090.9,0,0,0.1,1346587571.0,40.0,3846.0,2.0,2010.5,60.7,3639425.9,4.0
xgboost_hp_tuning_ID0000019_pegasus-plan_ID0000020,hdd_10,compute,0,1678189459.0,,,1678189464.0,1678189562.0,1678189621.0,68964479.7,1678189619.0,1678190356.0,1678190283.0,1678190288.0,250.0,1678190356.0,1678190361.0,5.0,,155.0,737.0,5.0,59.0,1691153157.0,5.0,1060.0,poseidon,condorpool,poseidon-worker-2-container-24-31,xgboost_hp_tuning,/srv/xgboost_hp_tuning,,3967.0,0,0,0.0,1346694762.0,40.0,4266.0,2.0,3860.7,87.4,2071838.1,4.0
xgboost_hp_tuning_ID0000008_pegasus-plan_ID0000020,None,compute,0,1678189459.0,,,1678189464.0,1678189557.0,1678189617.0,31751423.4,1678189614.0,1678190065.0,1678189997.0,1678190001.0,248.0,1678190065.0,1678190070.0,5.0,,150.0,451.0,5.0,60.0,1691153157.0,4.0,1056.0,poseidon,condorpool,poseidon-worker-2-container-0-7,xgboost_hp_tuning,/srv/xgboost_hp_tuning,,2064.3,0,0,0.0,1346587139.0,40.0,3846.0,2.0,2002.2,60.7,3639424.7,4.0
xgboost_hp_tuning_ID0000006_pegasus-plan_ID0000020,None,compute,0,1678189459.0,,,1678189464.0,1678189573.0,1678189604.0,68880491.5,1678189629.0,1678190020.0,1678189951.0,1678189955.0,250.0,1678190020.0,1678190025.0,5.0,,165.0,391.0,5.0,31.0,1691153157.0,4.0,1067.0,poseidon,condorpool,poseidon-worker-1-container-24-31,xgboost_hp_tuning,/srv/xgboost_hp_tuning,,1841.2,0,0,0.1,1346572245.0,40.0,3786.0,2.0,1733.9,58.1,4080522.0,4.0
xgboost_hp_tuning_ID0000007_pegasus-plan_ID0000020,None,compute,0,1678189459.0,,,1678189464.0,1678189572.0,1678189604.0,68940842.9,1678189629.0,1678190000.0,1678189929.0,1678189933.0,253.0,1678190000.0,1678190005.0,5.0,,165.0,371.0,5.0,32.0,1691153157.0,4.0,1067.0,poseidon,condorpool,poseidon-worker-1-container-8-15,xgboost_hp_tuning,/srv/xgboost_hp_tuning,,1671.9,0,0,0.1,1346564435.0,40.0,3756.0,2.0,1573.5,62.8,4343756.2,4.0
stage_out_local_condorpool_0_1_pegasus-plan_ID0000016,None,transfer,0,1678189544.0,,,1678189549.0,,,0.0,1678189550.0,1678189559.0,1678189550.0,1678189554.0,2110.0,1678189559.0,1678189564.0,5.0,,1.0,9.0,5.0,,,4.0,8505.0,poseidon,local,host-10-100-100-12.openstacklocal,pegasus::transfer,/home/poseidon/pegasus-5.1.0panorama/bin/pegasus-transfer,/home/poseidon/pegasus-5.1.0panorama/bin/../bin/pegasus-kickstart  -n pegasus::transfer -N null -i - -R local  -L xgboost_hp_tuning_group_1 -T 2023-03-07T11:43:20+00:00 /home/poseidon/pegasus-5.1.0panorama/bin/../bin/pegasus-transfer  --threads 2,1.0,0,0,,,,,,,,,
stage_out_local_condorpool_0_0_pegasus-plan_ID0000016,None,transfer,0,1678189549.0,,,1678189554.0,,,0.0,1678189556.0,1678189569.0,1678189556.0,1678189560.0,2099.0,1678189569.0,1678189574.0,5.0,,2.0,13.0,5.0,,,4.0,8466.0,poseidon,local,host-10-100-100-12.openstacklocal,pegasus::transfer,/home/poseidon/pegasus-5.1.0panorama/bin/pegasus-transfer,/home/poseidon/pegasus-5.1.0panorama/bin/../bin/pegasus-kickstart  -n pegasus::transfer -N null -i - -R local  -L xgboost_hp_tuning_group_1 -T 2023-03-07T11:43:20+00:00 /home/poseidon/pegasus-5.1.0panorama/bin/../bin/pegasus-transfer  --threads 2,1.1,0,0,,,,,,,,,
register_condorpool_0_1_pegasus-plan_ID0000016,None,auxiliary,0,1678189564.0,,,1678189569.0,,,0.0,1678189569.0,1678189574.0,,,0.0,1678189574.0,1678189579.0,5.0,,0.0,5.0,5.0,,,,,poseidon,local,host-10-100-100-12.openstacklocal,pegasus::rc-client,/home/poseidon/pegasus-5.1.0panorama/bin/pegasus-rc-client,"-n pegasus::rc-client -N null -R local  -L xgboost_hp_tuning_group_1 -T 2023-03-07T11:43:20+00:00 /home/poseidon/pegasus-5.1.0panorama/bin/pegasus-rc-client --prefix pegasus.catalog.replica.output --conf /home/poseidon/workflows/predict-future-sales-workflow/submit/poseidon/pegasus/predict-future-sales/run0480/00/00/./xgboost_hp_tuning_group_1.000/pegasus.9905194367662828255.properties -v --meta /home/poseidon/workflows/predict-future-sales-workflow/submit/poseidon/pegasus/predict-future-sales/run0480/00/00/./xgboost_hp_tuning_group_1.000/00/00/xgboost_hp_tuning_ID0000013.meta,/home/poseidon/workflows/predict-future-sales-workflow/submit/poseidon/pegasus/predict-future-sales/run0480/00/00/./xgboost_hp_tuning_group_1.000/00/00/xgboost_hp_tuning_ID0000023.meta,/home/poseidon/workflows/predict-future-sales-workflow/submit/poseidon/pegasus/predict-future-sales/run0480/00/00/./xgboost_hp_tuning_group_1.000/00/00/xgboost_hp_tuning_ID0000011.meta,/home/poseidon/workflows/predict-future-sales-workflow/submit/poseidon/pegasus/predict-future-sales/run0480/00/00/./xgboost_hp_tuning_group_1.000/00/00/xgboost_hp_tuning_ID0000006.meta,/home/poseidon/workflows/predict-future-sales-workflow/submit/poseidon/pegasus/predict-future-sales/run0480/00/00/./xgboost_hp_tuning_group_1.000/00/00/xgboost_hp_tuning_ID0000003.meta,/home/poseidon/workflows/predict-future-sales-workflow/submit/poseidon/pegasus/predict-future-sales/run0480/00/00/./xgboost_hp_tuning_group_1.000/00/00/xgboost_hp_tuning_ID0000021.meta,/home/poseidon/workflows/predict-future-sales-workflow/submit/poseidon/pegasus/predict-future-sales/run0480/00/00/./xgboost_hp_tuning_group_1.000/00/00/xgboost_hp_tuning_ID0000019.meta,/home/poseidon/workflows/predict-future-sales-workflow/submit/poseidon/pegasus/predict-future-sales/run0480/00/00/./xgboost_hp_tuning_group_1.000/00/00/xgboost_hp_tuning_ID0000016.meta --insert /home/poseidon/workflows/predict-future-sales-workflow/submit/poseidon/pegasus/predict-future-sales/run0480/00/00/./xgboost_hp_tuning_group_1.000/00/00/register_condorpool_0_1.in",3.0,0,0,,,,,,,,,
register_condorpool_0_0_pegasus-plan_ID0000016,None,auxiliary,0,1678189574.0,,,1678189579.0,,,0.0,1678189579.0,1678189584.0,,,0.0,1678189584.0,1678189589.0,5.0,,0.0,5.0,5.0,,,,,poseidon,local,host-10-100-100-12.openstacklocal,pegasus::rc-client,/home/poseidon/pegasus-5.1.0panorama/bin/pegasus-rc-client,"-n pegasus::rc-client -N null -R local  -L xgboost_hp_tuning_group_1 -T 2023-03-07T11:43:20+00:00 /home/poseidon/pegasus-5.1.0panorama/bin/pegasus-rc-client --prefix pegasus.catalog.replica.output --conf /home/poseidon/workflows/predict-future-sales-workflow/submit/poseidon/pegasus/predict-future-sales/run0480/00/00/./xgboost_hp_tuning_group_1.000/pegasus.9905194367662828255.properties -v --meta /home/poseidon/workflows/predict-future-sales-workflow/submit/poseidon/pegasus/predict-future-sales/run0480/00/00/./xgboost_hp_tuning_group_1.000/00/00/xgboost_hp_tuning_ID0000018.meta,/home/poseidon/workflows/predict-future-sales-workflow/submit/poseidon/pegasus/predict-future-sales/run0480/00/00/./xgboost_hp_tuning_group_1.000/00/00/xgboost_hp_tuning_ID0000002.meta,/home/poseidon/workflows/predict-future-sales-workflow/submit/poseidon/pegasus/predict-future-sales/run0480/00/00/./xgboost_hp_tuning_group_1.000/00/00/xgboost_hp_tuning_ID0000005.meta,/home/poseidon/workflows/predict-future-sales-workflow/submit/poseidon/pegasus/predict-future-sales/run0480/00/00/./xgboost_hp_tuning_group_1.000/00/00/xgboost_hp_tuning_ID0000009.meta,/home/poseidon/workflows/predict-future-sales-workflow/submit/poseidon/pegasus/predict-future-sales/run0480/00/00/./xgboost_hp_tuning_group_1.000/00/00/xgboost_hp_tuning_ID0000015.meta,/home/poseidon/workflows/predict-future-sales-workflow/submit/poseidon/pegasus/predict-future-sales/run0480/00/00/./xgboost_hp_tuning_group_1.000/00/00/xgboost_hp_tuning_ID0000012.meta,/home/poseidon/workflows/predict-future-sales-workflow/submit/poseidon/pegasus/predict-future-sales/run0480/00/00/./xgboost_hp_tuning_group_1.000/00/00/xgboost_hp_tuning_ID0000010.meta,/home/poseidon/workflows/predict-future-sales-workflow/submit/poseidon/pegasus/predict-future-sales/run0480/00/00/./xgboost_hp_tuning_group_1.000/00/00/xgboost_hp_tuning_ID0000008.meta --insert /home/poseidon/workflows/predict-future-sales-workflow/submit/poseidon/pegasus/predict-future-sales/run0480/00/00/./xgboost_hp_tuning_group_1.000/00/00/register_condorpool_0_0.in",3.0,0,0,,,,,,,,,
stage_out_local_condorpool_0_2_pegasus-plan_ID0000016,None,transfer,0,1678189634.0,,,1678189639.0,,,0.0,1678189639.0,1678189649.0,1678189639.0,1678189643.0,1839.0,1678189649.0,1678189654.0,5.0,,0.0,10.0,5.0,,,4.0,7430.0,poseidon,local,host-10-100-100-12.openstacklocal,pegasus::transfer,/home/poseidon/pegasus-5.1.0panorama/bin/pegasus-transfer,/home/poseidon/pegasus-5.1.0panorama/bin/../bin/pegasus-kickstart  -n pegasus::transfer -N null -i - -R local  -L xgboost_hp_tuning_group_1 -T 2023-03-07T11:43:20+00:00 /home/poseidon/pegasus-5.1.0panorama/bin/../bin/pegasus-transfer  --threads 2,0.9,0,0,,,,,,,,,
xgboost_best_params_ID0000024_pegasus-plan_ID0000016,None,compute,0,1678189634.0,,,1678189639.0,1678189604.0,1678189621.0,37110597.7,1678189661.0,1678189699.0,1678189628.0,1678189632.0,251.0,1678189699.0,1678189704.0,5.0,,22.0,38.0,5.0,17.0,368018670.0,4.0,1050.0,poseidon,condorpool,poseidon-worker-3-container-0-7,xgboost_best_params,/srv/xgboost_best_params,,0.0,0,0,,,,,,,,,
register_condorpool_0_2_pegasus-plan_ID0000016,None,auxiliary,0,1678189654.0,,,1678189659.0,,,0.0,1678189659.0,1678189664.0,,,0.0,1678189664.0,1678189669.0,5.0,,0.0,5.0,5.0,,,,,poseidon,local,host-10-100-100-12.openstacklocal,pegasus::rc-client,/home/poseidon/pegasus-5.1.0panorama/bin/pegasus-rc-client,"-n pegasus::rc-client -N null -R local  -L xgboost_hp_tuning_group_1 -T 2023-03-07T11:43:20+00:00 /home/poseidon/pegasus-5.1.0panorama/bin/pegasus-rc-client --prefix pegasus.catalog.replica.output --conf /home/poseidon/workflows/predict-future-sales-workflow/submit/poseidon/pegasus/predict-future-sales/run0480/00/00/./xgboost_hp_tuning_group_1.000/pegasus.9905194367662828255.properties -v --meta /home/poseidon/workflows/predict-future-sales-workflow/submit/poseidon/pegasus/predict-future-sales/run0480/00/00/./xgboost_hp_tuning_group_1.000/00/00/xgboost_hp_tuning_ID0000017.meta,/home/poseidon/workflows/predict-future-sales-workflow/submit/poseidon/pegasus/predict-future-sales/run0480/00/00/./xgboost_hp_tuning_group_1.000/00/00/xgboost_hp_tuning_ID0000022.meta,/home/poseidon/workflows/predict-future-sales-workflow/submit/poseidon/pegasus/predict-future-sales/run0480/00/00/./xgboost_hp_tuning_group_1.000/00/00/xgboost_hp_tuning_ID0000007.meta,/home/poseidon/workflows/predict-future-sales-workflow/submit/poseidon/pegasus/predict-future-sales/run0480/00/00/./xgboost_hp_tuning_group_1.000/00/00/xgboost_hp_tuning_ID0000020.meta,/home/poseidon/workflows/predict-future-sales-workflow/submit/poseidon/pegasus/predict-future-sales/run0480/00/00/./xgboost_hp_tuning_group_1.000/00/00/xgboost_hp_tuning_ID0000001.meta,/home/poseidon/workflows/predict-future-sales-workflow/submit/poseidon/pegasus/predict-future-sales/run0480/00/00/./xgboost_hp_tuning_group_1.000/00/00/xgboost_hp_tuning_ID0000004.meta,/home/poseidon/workflows/predict-future-sales-workflow/submit/poseidon/pegasus/predict-future-sales/run0480/00/00/./xgboost_hp_tuning_group_1.000/00/00/xgboost_hp_tuning_ID0000014.meta --insert /home/poseidon/workflows/predict-future-sales-workflow/submit/poseidon/pegasus/predict-future-sales/run0480/00/00/./xgboost_hp_tuning_group_1.000/00/00/register_condorpool_0_2.in",3.2,0,0,,,,,,,,,
stage_out_local_condorpool_0_1_pegasus-plan_ID0000012,None,transfer,0,1678189670.0,,,1678189675.0,,,0.0,1678189676.0,1678189686.0,1678189676.0,1678189680.0,2109.0,1678189686.0,1678189691.0,5.0,,1.0,10.0,5.0,,,4.0,8503.0,poseidon,local,host-10-100-100-12.openstacklocal,pegasus::transfer,/home/poseidon/pegasus-5.1.0panorama/bin/pegasus-transfer,/home/poseidon/pegasus-5.1.0panorama/bin/../bin/pegasus-kickstart  -n pegasus::transfer -N null -i - -R local  -L xgboost_hp_tuning_group_0 -T 2023-03-07T11:43:20+00:00 /home/poseidon/pegasus-5.1.0panorama/bin/../bin/pegasus-transfer  --threads 2,1.1,0,0,,,,,,,,,
stage_out_local_condorpool_0_0_pegasus-plan_ID0000012,None,transfer,0,1678189670.0,,,1678189675.0,,,0.0,1678189676.0,1678189686.0,1678189676.0,1678189680.0,2097.0,1678189686.0,1678189691.0,5.0,,1.0,10.0,5.0,,,4.0,8460.0,poseidon,local,host-10-100-100-12.openstacklocal,pegasus::transfer,/home/poseidon/pegasus-5.1.0panorama/bin/pegasus-transfer,/home/poseidon/pegasus-5.1.0panorama/bin/../bin/pegasus-kickstart  -n pegasus::transfer -N null -i - -R local  -L xgboost_hp_tuning_group_0 -T 2023-03-07T11:43:20+00:00 /home/poseidon/pegasus-5.1.0panorama/bin/../bin/pegasus-transfer  --threads 2,1.1,0,0,,,,,,,,,
xgboost_best_params_ID0000024_pegasus-plan_ID0000012,None,compute,0,1678189675.0,,,1678189681.0,1678189641.0,1678189659.0,37090602.3,1678189698.0,1678189736.0,1678189665.0,1678189669.0,257.0,1678189736.0,1678189741.0,6.0,,17.0,38.0,5.0,18.0,368018662.0,4.0,1078.0,poseidon,condorpool,poseidon-worker-3-container-0-7,xgboost_best_params,/srv/xgboost_best_params,,0.0,0,0,,,,,,,,,
stage_out_local_condorpool_0_2_pegasus-plan_ID0000012,None,transfer,0,1678189675.0,,,1678189681.0,,,0.0,1678189681.0,1678189691.0,1678189681.0,1678189685.0,1842.0,1678189691.0,1678189696.0,6.0,,0.0,10.0,5.0,,,4.0,7430.0,poseidon,local,host-10-100-100-12.openstacklocal,pegasus::transfer,/home/poseidon/pegasus-5.1.0panorama/bin/pegasus-transfer,/home/poseidon/pegasus-5.1.0panorama/bin/../bin/pegasus-kickstart  -n pegasus::transfer -N null -i - -R local  -L xgboost_hp_tuning_group_0 -T 2023-03-07T11:43:20+00:00 /home/poseidon/pegasus-5.1.0panorama/bin/../bin/pegasus-transfer  --threads 2,1.0,0,0,,,,,,,,,
register_condorpool_0_1_pegasus-plan_ID0000012,None,auxiliary,0,1678189691.0,,,1678189706.0,,,0.0,1678189706.0,1678189711.0,,,0.0,1678189711.0,1678189716.0,15.0,,0.0,5.0,5.0,,,,,poseidon,local,host-10-100-100-12.openstacklocal,pegasus::rc-client,/home/poseidon/pegasus-5.1.0panorama/bin/pegasus-rc-client,"-n pegasus::rc-client -N null -R local  -L xgboost_hp_tuning_group_0 -T 2023-03-07T11:43:20+00:00 /home/poseidon/pegasus-5.1.0panorama/bin/pegasus-rc-client --prefix pegasus.catalog.replica.output --conf /home/poseidon/workflows/predict-future-sales-workflow/submit/poseidon/pegasus/predict-future-sales/run0480/00/00/./xgboost_hp_tuning_group_0.000/pegasus.5776666205285419801.properties -v --meta /home/poseidon/workflows/predict-future-sales-workflow/submit/poseidon/pegasus/predict-future-sales/run0480/00/00/./xgboost_hp_tuning_group_0.000/00/00/xgboost_hp_tuning_ID0000013.meta,/home/poseidon/workflows/predict-future-sales-workflow/submit/poseidon/pegasus/predict-future-sales/run0480/00/00/./xgboost_hp_tuning_group_0.000/00/00/xgboost_hp_tuning_ID0000023.meta,/home/poseidon/workflows/predict-future-sales-workflow/submit/poseidon/pegasus/predict-future-sales/run0480/00/00/./xgboost_hp_tuning_group_0.000/00/00/xgboost_hp_tuning_ID0000011.meta,/home/poseidon/workflows/predict-future-sales-workflow/submit/poseidon/pegasus/predict-future-sales/run0480/00/00/./xgboost_hp_tuning_group_0.000/00/00/xgboost_hp_tuning_ID0000006.meta,/home/poseidon/workflows/predict-future-sales-workflow/submit/poseidon/pegasus/predict-future-sales/run0480/00/00/./xgboost_hp_tuning_group_0.000/00/00/xgboost_hp_tuning_ID0000003.meta,/home/poseidon/workflows/predict-future-sales-workflow/submit/poseidon/pegasus/predict-future-sales/run0480/00/00/./xgboost_hp_tuning_group_0.000/00/00/xgboost_hp_tuning_ID0000021.meta,/home/poseidon/workflows/predict-future-sales-workflow/submit/poseidon/pegasus/predict-future-sales/run0480/00/00/./xgboost_hp_tuning_group_0.000/00/00/xgboost_hp_tuning_ID0000019.meta,/home/poseidon/workflows/predict-future-sales-workflow/submit/poseidon/pegasus/predict-future-sales/run0480/00/00/./xgboost_hp_tuning_group_0.000/00/00/xgboost_hp_tuning_ID0000016.meta --insert /home/poseidon/workflows/predict-future-sales-workflow/submit/poseidon/pegasus/predict-future-sales/run0480/00/00/./xgboost_hp_tuning_group_0.000/00/00/register_condorpool_0_1.in",3.1,0,0,,,,,,,,,
register_condorpool_0_0_pegasus-plan_ID0000012,None,auxiliary,0,1678189691.0,,,1678189696.0,,,0.0,1678189696.0,1678189701.0,,,0.0,1678189701.0,1678189706.0,5.0,,0.0,5.0,5.0,,,,,poseidon,local,host-10-100-100-12.openstacklocal,pegasus::rc-client,/home/poseidon/pegasus-5.1.0panorama/bin/pegasus-rc-client,"-n pegasus::rc-client -N null -R local  -L xgboost_hp_tuning_group_0 -T 2023-03-07T11:43:20+00:00 /home/poseidon/pegasus-5.1.0panorama/bin/pegasus-rc-client --prefix pegasus.catalog.replica.output --conf /home/poseidon/workflows/predict-future-sales-workflow/submit/poseidon/pegasus/predict-future-sales/run0480/00/00/./xgboost_hp_tuning_group_0.000/pegasus.5776666205285419801.properties -v --meta /home/poseidon/workflows/predict-future-sales-workflow/submit/poseidon/pegasus/predict-future-sales/run0480/00/00/./xgboost_hp_tuning_group_0.000/00/00/xgboost_hp_tuning_ID0000018.meta,/home/poseidon/workflows/predict-future-sales-workflow/submit/poseidon/pegasus/predict-future-sales/run0480/00/00/./xgboost_hp_tuning_group_0.000/00/00/xgboost_hp_tuning_ID0000002.meta,/home/poseidon/workflows/predict-future-sales-workflow/submit/poseidon/pegasus/predict-future-sales/run0480/00/00/./xgboost_hp_tuning_group_0.000/00/00/xgboost_hp_tuning_ID0000005.meta,/home/poseidon/workflows/predict-future-sales-workflow/submit/poseidon/pegasus/predict-future-sales/run0480/00/00/./xgboost_hp_tuning_group_0.000/00/00/xgboost_hp_tuning_ID0000009.meta,/home/poseidon/workflows/predict-future-sales-workflow/submit/poseidon/pegasus/predict-future-sales/run0480/00/00/./xgboost_hp_tuning_group_0.000/00/00/xgboost_hp_tuning_ID0000015.meta,/home/poseidon/workflows/predict-future-sales-workflow/submit/poseidon/pegasus/predict-future-sales/run0480/00/00/./xgboost_hp_tuning_group_0.000/00/00/xgboost_hp_tuning_ID0000012.meta,/home/poseidon/workflows/predict-future-sales-workflow/submit/poseidon/pegasus/predict-future-sales/run0480/00/00/./xgboost_hp_tuning_group_0.000/00/00/xgboost_hp_tuning_ID0000010.meta,/home/poseidon/workflows/predict-future-sales-workflow/submit/poseidon/pegasus/predict-future-sales/run0480/00/00/./xgboost_hp_tuning_group_0.000/00/00/xgboost_hp_tuning_ID0000008.meta --insert /home/poseidon/workflows/predict-future-sales-workflow/submit/poseidon/pegasus/predict-future-sales/run0480/00/00/./xgboost_hp_tuning_group_0.000/00/00/register_condorpool_0_0.in",3.0,0,0,,,,,,,,,
register_condorpool_0_2_pegasus-plan_ID0000012,None,auxiliary,0,1678189696.0,,,1678189716.0,,,0.0,1678189718.0,1678189721.0,,,0.0,1678189721.0,1678189726.0,20.0,,2.0,3.0,5.0,,,,,poseidon,local,host-10-100-100-12.openstacklocal,pegasus::rc-client,/home/poseidon/pegasus-5.1.0panorama/bin/pegasus-rc-client,"-n pegasus::rc-client -N null -R local  -L xgboost_hp_tuning_group_0 -T 2023-03-07T11:43:20+00:00 /home/poseidon/pegasus-5.1.0panorama/bin/pegasus-rc-client --prefix pegasus.catalog.replica.output --conf /home/poseidon/workflows/predict-future-sales-workflow/submit/poseidon/pegasus/predict-future-sales/run0480/00/00/./xgboost_hp_tuning_group_0.000/pegasus.5776666205285419801.properties -v --meta /home/poseidon/workflows/predict-future-sales-workflow/submit/poseidon/pegasus/predict-future-sales/run0480/00/00/./xgboost_hp_tuning_group_0.000/00/00/xgboost_hp_tuning_ID0000017.meta,/home/poseidon/workflows/predict-future-sales-workflow/submit/poseidon/pegasus/predict-future-sales/run0480/00/00/./xgboost_hp_tuning_group_0.000/00/00/xgboost_hp_tuning_ID0000022.meta,/home/poseidon/workflows/predict-future-sales-workflow/submit/poseidon/pegasus/predict-future-sales/run0480/00/00/./xgboost_hp_tuning_group_0.000/00/00/xgboost_hp_tuning_ID0000007.meta,/home/poseidon/workflows/predict-future-sales-workflow/submit/poseidon/pegasus/predict-future-sales/run0480/00/00/./xgboost_hp_tuning_group_0.000/00/00/xgboost_hp_tuning_ID0000020.meta,/home/poseidon/workflows/predict-future-sales-workflow/submit/poseidon/pegasus/predict-future-sales/run0480/00/00/./xgboost_hp_tuning_group_0.000/00/00/xgboost_hp_tuning_ID0000001.meta,/home/poseidon/workflows/predict-future-sales-workflow/submit/poseidon/pegasus/predict-future-sales/run0480/00/00/./xgboost_hp_tuning_group_0.000/00/00/xgboost_hp_tuning_ID0000004.meta,/home/poseidon/workflows/predict-future-sales-workflow/submit/poseidon/pegasus/predict-future-sales/run0480/00/00/./xgboost_hp_tuning_group_0.000/00/00/xgboost_hp_tuning_ID0000014.meta --insert /home/poseidon/workflows/predict-future-sales-workflow/submit/poseidon/pegasus/predict-future-sales/run0480/00/00/./xgboost_hp_tuning_group_0.000/00/00/register_condorpool_0_2.in",2.9,0,0,,,,,,,,,
stage_out_local_condorpool_1_0_pegasus-plan_ID0000016,None,transfer,0,1678189704.0,,,1678189709.0,,,0.0,1678189709.0,1678189719.0,1678189710.0,1678189714.0,1224.0,1678189719.0,1678189724.0,5.0,,0.0,10.0,5.0,,,4.0,5250.0,poseidon,local,host-10-100-100-12.openstacklocal,pegasus::transfer,/home/poseidon/pegasus-5.1.0panorama/bin/pegasus-transfer,/home/poseidon/pegasus-5.1.0panorama/bin/../bin/pegasus-kickstart  -n pegasus::transfer -N null -i - -R local  -L xgboost_hp_tuning_group_1 -T 2023-03-07T11:43:20+00:00 /home/poseidon/pegasus-5.1.0panorama/bin/../bin/pegasus-transfer  --threads 2,0.7,0,0,,,,,,,,,
register_condorpool_1_0_pegasus-plan_ID0000016,None,auxiliary,0,1678189724.0,,,1678189729.0,,,0.0,1678189729.0,1678189734.0,,,0.0,1678189734.0,1678189739.0,5.0,,0.0,5.0,5.0,,,,,poseidon,local,host-10-100-100-12.openstacklocal,pegasus::rc-client,/home/poseidon/pegasus-5.1.0panorama/bin/pegasus-rc-client,-n pegasus::rc-client -N null -R local  -L xgboost_hp_tuning_group_1 -T 2023-03-07T11:43:20+00:00 /home/poseidon/pegasus-5.1.0panorama/bin/pegasus-rc-client --prefix pegasus.catalog.replica.output --conf /home/poseidon/workflows/predict-future-sales-workflow/submit/poseidon/pegasus/predict-future-sales/run0480/00/00/./xgboost_hp_tuning_group_1.000/pegasus.9905194367662828255.properties -v --meta /home/poseidon/workflows/predict-future-sales-workflow/submit/poseidon/pegasus/predict-future-sales/run0480/00/00/./xgboost_hp_tuning_group_1.000/00/00/xgboost_best_params_ID0000024.meta --insert /home/poseidon/workflows/predict-future-sales-workflow/submit/poseidon/pegasus/predict-future-sales/run0480/00/00/./xgboost_hp_tuning_group_1.000/00/00/register_condorpool_1_0.in,2.9,0,0,,,,,,,,,
stage_out_local_condorpool_1_0_pegasus-plan_ID0000012,None,transfer,0,1678189741.0,,,1678189746.0,,,0.0,1678189746.0,1678189756.0,1678189746.0,1678189750.0,1263.0,1678189756.0,1678189761.0,5.0,,0.0,10.0,5.0,,,4.0,5390.0,poseidon,local,host-10-100-100-12.openstacklocal,pegasus::transfer,/home/poseidon/pegasus-5.1.0panorama/bin/pegasus-transfer,/home/poseidon/pegasus-5.1.0panorama/bin/../bin/pegasus-kickstart  -n pegasus::transfer -N null -i - -R local  -L xgboost_hp_tuning_group_0 -T 2023-03-07T11:43:20+00:00 /home/poseidon/pegasus-5.1.0panorama/bin/../bin/pegasus-transfer  --threads 2,0.7,0,0,,,,,,,,,
xgboost_model_ID0000017,None,compute,0,1678189743.0,,,1678189748.0,1678189942.0,1678189961.0,42458262.0,1678189999.0,1678190043.0,1678189971.0,1678189975.0,104114.0,1678190043.0,1678190048.0,5.0,,251.0,44.0,5.0,19.0,377645117.0,4.0,468233.0,poseidon,condorpool,poseidon-worker-1-container-8-15,xgboost_model,/srv/xgboost_model,,8.5,0,0,,,,,,,,,
register_condorpool_1_0_pegasus-plan_ID0000012,None,auxiliary,0,1678189761.0,,,1678189766.0,,,0.0,1678189766.0,1678189771.0,,,0.0,1678189771.0,1678189776.0,5.0,,0.0,5.0,5.0,,,,,poseidon,local,host-10-100-100-12.openstacklocal,pegasus::rc-client,/home/poseidon/pegasus-5.1.0panorama/bin/pegasus-rc-client,-n pegasus::rc-client -N null -R local  -L xgboost_hp_tuning_group_0 -T 2023-03-07T11:43:20+00:00 /home/poseidon/pegasus-5.1.0panorama/bin/pegasus-rc-client --prefix pegasus.catalog.replica.output --conf /home/poseidon/workflows/predict-future-sales-workflow/submit/poseidon/pegasus/predict-future-sales/run0480/00/00/./xgboost_hp_tuning_group_0.000/pegasus.5776666205285419801.properties -v --meta /home/poseidon/workflows/predict-future-sales-workflow/submit/poseidon/pegasus/predict-future-sales/run0480/00/00/./xgboost_hp_tuning_group_0.000/00/00/xgboost_best_params_ID0000024.meta --insert /home/poseidon/workflows/predict-future-sales-workflow/submit/poseidon/pegasus/predict-future-sales/run0480/00/00/./xgboost_hp_tuning_group_0.000/00/00/register_condorpool_1_0.in,3.0,0,0,,,,,,,,,
xgboost_model_ID0000013,None,compute,0,1678189778.0,,,1678189783.0,1678189955.0,1678189974.0,46583131.8,1678190012.0,1678190059.0,1678189989.0,1678189993.0,326355.0,1678190059.0,1678190064.0,5.0,,229.0,47.0,5.0,19.0,502671208.0,4.0,1449987.0,poseidon,condorpool,poseidon-worker-3-container-40-47,xgboost_model,/srv/xgboost_model,,37.3,0,0,,,,,,,,,
model_predict_ID0000018,None,compute,0,1678190048.0,,,1678190054.0,1678189998.0,1678190016.0,41668272.0,1678190055.0,1678190094.0,1678190023.0,1678190028.0,5865.0,1678190094.0,1678190099.0,6.0,,1.0,39.0,5.0,18.0,368570293.0,5.0,25035.0,poseidon,condorpool,poseidon-worker-1-container-8-15,model_predict,/srv/model_predict,,2.4,0,0,,,,,,,,,
model_predict_ID0000014,None,compute,0,1678190064.0,,,1678190069.0,1678190014.0,1678190031.0,41883877.0,1678190070.0,1678190109.0,1678190039.0,1678190044.0,102276.0,1678190109.0,1678190114.0,5.0,,1.0,39.0,5.0,17.0,371637427.0,5.0,451213.0,poseidon,condorpool,poseidon-worker-1-container-0-7,model_predict,/srv/model_predict,,2.9,0,0,,,,,,,,,
stage_out_local_condorpool_0_0_pegasus-plan_ID0000020,None,transfer,0,1678190406.0,,,1678190411.0,,,0.0,1678190411.0,1678190426.0,1678190412.0,1678190416.0,2098.0,1678190426.0,1678190431.0,5.0,,0.0,15.0,5.0,,,4.0,8461.0,poseidon,local,host-10-100-100-12.openstacklocal,pegasus::transfer,/home/poseidon/pegasus-5.1.0panorama/bin/pegasus-transfer,/home/poseidon/pegasus-5.1.0panorama/bin/../bin/pegasus-kickstart  -n pegasus::transfer -N null -i - -R local  -L xgboost_hp_tuning_group_2 -T 2023-03-07T11:43:20+00:00 /home/poseidon/pegasus-5.1.0panorama/bin/../bin/pegasus-transfer  --threads 2,1.1,0,0,,,,,,,,,
stage_out_local_condorpool_0_2_pegasus-plan_ID0000020,None,transfer,0,1678190416.0,,,1678190421.0,,,0.0,1678190421.0,1678190431.0,1678190421.0,1678190425.0,1840.0,1678190431.0,1678190436.0,5.0,,0.0,10.0,5.0,,,4.0,7423.0,poseidon,local,host-10-100-100-12.openstacklocal,pegasus::transfer,/home/poseidon/pegasus-5.1.0panorama/bin/pegasus-transfer,/home/poseidon/pegasus-5.1.0panorama/bin/../bin/pegasus-kickstart  -n pegasus::transfer -N null -i - -R local  -L xgboost_hp_tuning_group_2 -T 2023-03-07T11:43:20+00:00 /home/poseidon/pegasus-5.1.0panorama/bin/../bin/pegasus-transfer  --threads 2,0.9,0,0,,,,,,,,,
xgboost_best_params_ID0000024_pegasus-plan_ID0000020,None,compute,0,1678190426.0,,,1678190431.0,1678190376.0,1678190393.0,33251394.4,1678190433.0,1678190471.0,1678190400.0,1678190404.0,251.0,1678190471.0,1678190476.0,5.0,,2.0,38.0,5.0,17.0,368018660.0,4.0,1060.0,poseidon,condorpool,poseidon-worker-1-container-16-23,xgboost_best_params,/srv/xgboost_best_params,,0.0,0,0,,,,,,,,,
stage_out_local_condorpool_0_1_pegasus-plan_ID0000020,None,transfer,0,1678190426.0,,,1678190431.0,,,0.0,1678190431.0,1678190441.0,1678190431.0,1678190435.0,2110.0,1678190441.0,1678190446.0,5.0,,0.0,10.0,5.0,,,4.0,8507.0,poseidon,local,host-10-100-100-12.openstacklocal,pegasus::transfer,/home/poseidon/pegasus-5.1.0panorama/bin/pegasus-transfer,/home/poseidon/pegasus-5.1.0panorama/bin/../bin/pegasus-kickstart  -n pegasus::transfer -N null -i - -R local  -L xgboost_hp_tuning_group_2 -T 2023-03-07T11:43:20+00:00 /home/poseidon/pegasus-5.1.0panorama/bin/../bin/pegasus-transfer  --threads 2,1.0,0,0,,,,,,,,,
register_condorpool_0_0_pegasus-plan_ID0000020,None,auxiliary,0,1678190431.0,,,1678190436.0,,,0.0,1678190437.0,1678190441.0,,,0.0,1678190441.0,1678190446.0,5.0,,1.0,4.0,5.0,,,,,poseidon,local,host-10-100-100-12.openstacklocal,pegasus::rc-client,/home/poseidon/pegasus-5.1.0panorama/bin/pegasus-rc-client,"-n pegasus::rc-client -N null -R local  -L xgboost_hp_tuning_group_2 -T 2023-03-07T11:43:20+00:00 /home/poseidon/pegasus-5.1.0panorama/bin/pegasus-rc-client --prefix pegasus.catalog.replica.output --conf /home/poseidon/workflows/predict-future-sales-workflow/submit/poseidon/pegasus/predict-future-sales/run0480/00/00/./xgboost_hp_tuning_group_2.000/pegasus.8820035973170234837.properties -v --meta /home/poseidon/workflows/predict-future-sales-workflow/submit/poseidon/pegasus/predict-future-sales/run0480/00/00/./xgboost_hp_tuning_group_2.000/00/00/xgboost_hp_tuning_ID0000018.meta,/home/poseidon/workflows/predict-future-sales-workflow/submit/poseidon/pegasus/predict-future-sales/run0480/00/00/./xgboost_hp_tuning_group_2.000/00/00/xgboost_hp_tuning_ID0000002.meta,/home/poseidon/workflows/predict-future-sales-workflow/submit/poseidon/pegasus/predict-future-sales/run0480/00/00/./xgboost_hp_tuning_group_2.000/00/00/xgboost_hp_tuning_ID0000005.meta,/home/poseidon/workflows/predict-future-sales-workflow/submit/poseidon/pegasus/predict-future-sales/run0480/00/00/./xgboost_hp_tuning_group_2.000/00/00/xgboost_hp_tuning_ID0000009.meta,/home/poseidon/workflows/predict-future-sales-workflow/submit/poseidon/pegasus/predict-future-sales/run0480/00/00/./xgboost_hp_tuning_group_2.000/00/00/xgboost_hp_tuning_ID0000015.meta,/home/poseidon/workflows/predict-future-sales-workflow/submit/poseidon/pegasus/predict-future-sales/run0480/00/00/./xgboost_hp_tuning_group_2.000/00/00/xgboost_hp_tuning_ID0000012.meta,/home/poseidon/workflows/predict-future-sales-workflow/submit/poseidon/pegasus/predict-future-sales/run0480/00/00/./xgboost_hp_tuning_group_2.000/00/00/xgboost_hp_tuning_ID0000010.meta,/home/poseidon/workflows/predict-future-sales-workflow/submit/poseidon/pegasus/predict-future-sales/run0480/00/00/./xgboost_hp_tuning_group_2.000/00/00/xgboost_hp_tuning_ID0000008.meta --insert /home/poseidon/workflows/predict-future-sales-workflow/submit/poseidon/pegasus/predict-future-sales/run0480/00/00/./xgboost_hp_tuning_group_2.000/00/00/register_condorpool_0_0.in",3.0,0,0,,,,,,,,,
register_condorpool_0_2_pegasus-plan_ID0000020,None,auxiliary,0,1678190436.0,,,1678190446.0,,,0.0,1678190447.0,1678190451.0,,,0.0,1678190451.0,1678190456.0,10.0,,1.0,4.0,5.0,,,,,poseidon,local,host-10-100-100-12.openstacklocal,pegasus::rc-client,/home/poseidon/pegasus-5.1.0panorama/bin/pegasus-rc-client,"-n pegasus::rc-client -N null -R local  -L xgboost_hp_tuning_group_2 -T 2023-03-07T11:43:20+00:00 /home/poseidon/pegasus-5.1.0panorama/bin/pegasus-rc-client --prefix pegasus.catalog.replica.output --conf /home/poseidon/workflows/predict-future-sales-workflow/submit/poseidon/pegasus/predict-future-sales/run0480/00/00/./xgboost_hp_tuning_group_2.000/pegasus.8820035973170234837.properties -v --meta /home/poseidon/workflows/predict-future-sales-workflow/submit/poseidon/pegasus/predict-future-sales/run0480/00/00/./xgboost_hp_tuning_group_2.000/00/00/xgboost_hp_tuning_ID0000017.meta,/home/poseidon/workflows/predict-future-sales-workflow/submit/poseidon/pegasus/predict-future-sales/run0480/00/00/./xgboost_hp_tuning_group_2.000/00/00/xgboost_hp_tuning_ID0000022.meta,/home/poseidon/workflows/predict-future-sales-workflow/submit/poseidon/pegasus/predict-future-sales/run0480/00/00/./xgboost_hp_tuning_group_2.000/00/00/xgboost_hp_tuning_ID0000007.meta,/home/poseidon/workflows/predict-future-sales-workflow/submit/poseidon/pegasus/predict-future-sales/run0480/00/00/./xgboost_hp_tuning_group_2.000/00/00/xgboost_hp_tuning_ID0000020.meta,/home/poseidon/workflows/predict-future-sales-workflow/submit/poseidon/pegasus/predict-future-sales/run0480/00/00/./xgboost_hp_tuning_group_2.000/00/00/xgboost_hp_tuning_ID0000001.meta,/home/poseidon/workflows/predict-future-sales-workflow/submit/poseidon/pegasus/predict-future-sales/run0480/00/00/./xgboost_hp_tuning_group_2.000/00/00/xgboost_hp_tuning_ID0000004.meta,/home/poseidon/workflows/predict-future-sales-workflow/submit/poseidon/pegasus/predict-future-sales/run0480/00/00/./xgboost_hp_tuning_group_2.000/00/00/xgboost_hp_tuning_ID0000014.meta --insert /home/poseidon/workflows/predict-future-sales-workflow/submit/poseidon/pegasus/predict-future-sales/run0480/00/00/./xgboost_hp_tuning_group_2.000/00/00/register_condorpool_0_2.in",3.0,0,0,,,,,,,,,
register_condorpool_0_1_pegasus-plan_ID0000020,None,auxiliary,0,1678190446.0,,,1678190456.0,,,0.0,1678190456.0,1678190461.0,,,0.0,1678190461.0,1678190466.0,10.0,,0.0,5.0,5.0,,,,,poseidon,local,host-10-100-100-12.openstacklocal,pegasus::rc-client,/home/poseidon/pegasus-5.1.0panorama/bin/pegasus-rc-client,"-n pegasus::rc-client -N null -R local  -L xgboost_hp_tuning_group_2 -T 2023-03-07T11:43:20+00:00 /home/poseidon/pegasus-5.1.0panorama/bin/pegasus-rc-client --prefix pegasus.catalog.replica.output --conf /home/poseidon/workflows/predict-future-sales-workflow/submit/poseidon/pegasus/predict-future-sales/run0480/00/00/./xgboost_hp_tuning_group_2.000/pegasus.8820035973170234837.properties -v --meta /home/poseidon/workflows/predict-future-sales-workflow/submit/poseidon/pegasus/predict-future-sales/run0480/00/00/./xgboost_hp_tuning_group_2.000/00/00/xgboost_hp_tuning_ID0000013.meta,/home/poseidon/workflows/predict-future-sales-workflow/submit/poseidon/pegasus/predict-future-sales/run0480/00/00/./xgboost_hp_tuning_group_2.000/00/00/xgboost_hp_tuning_ID0000023.meta,/home/poseidon/workflows/predict-future-sales-workflow/submit/poseidon/pegasus/predict-future-sales/run0480/00/00/./xgboost_hp_tuning_group_2.000/00/00/xgboost_hp_tuning_ID0000011.meta,/home/poseidon/workflows/predict-future-sales-workflow/submit/poseidon/pegasus/predict-future-sales/run0480/00/00/./xgboost_hp_tuning_group_2.000/00/00/xgboost_hp_tuning_ID0000006.meta,/home/poseidon/workflows/predict-future-sales-workflow/submit/poseidon/pegasus/predict-future-sales/run0480/00/00/./xgboost_hp_tuning_group_2.000/00/00/xgboost_hp_tuning_ID0000003.meta,/home/poseidon/workflows/predict-future-sales-workflow/submit/poseidon/pegasus/predict-future-sales/run0480/00/00/./xgboost_hp_tuning_group_2.000/00/00/xgboost_hp_tuning_ID0000021.meta,/home/poseidon/workflows/predict-future-sales-workflow/submit/poseidon/pegasus/predict-future-sales/run0480/00/00/./xgboost_hp_tuning_group_2.000/00/00/xgboost_hp_tuning_ID0000019.meta,/home/poseidon/workflows/predict-future-sales-workflow/submit/poseidon/pegasus/predict-future-sales/run0480/00/00/./xgboost_hp_tuning_group_2.000/00/00/xgboost_hp_tuning_ID0000016.meta --insert /home/poseidon/workflows/predict-future-sales-workflow/submit/poseidon/pegasus/predict-future-sales/run0480/00/00/./xgboost_hp_tuning_group_2.000/00/00/register_condorpool_0_1.in",3.1,0,0,,,,,,,,,
stage_out_local_condorpool_1_0_pegasus-plan_ID0000020,None,transfer,0,1678190476.0,,,1678190481.0,,,0.0,1678190481.0,1678190491.0,1678190482.0,1678190486.0,1250.0,1678190491.0,1678190496.0,5.0,,0.0,10.0,5.0,,,4.0,5300.0,poseidon,local,host-10-100-100-12.openstacklocal,pegasus::transfer,/home/poseidon/pegasus-5.1.0panorama/bin/pegasus-transfer,/home/poseidon/pegasus-5.1.0panorama/bin/../bin/pegasus-kickstart  -n pegasus::transfer -N null -i - -R local  -L xgboost_hp_tuning_group_2 -T 2023-03-07T11:43:20+00:00 /home/poseidon/pegasus-5.1.0panorama/bin/../bin/pegasus-transfer  --threads 2,0.7,0,0,,,,,,,,,
register_condorpool_1_0_pegasus-plan_ID0000020,None,auxiliary,0,1678190496.0,,,1678190501.0,,,0.0,1678190501.0,1678190506.0,,,0.0,1678190506.0,1678190511.0,5.0,,0.0,5.0,5.0,,,,,poseidon,local,host-10-100-100-12.openstacklocal,pegasus::rc-client,/home/poseidon/pegasus-5.1.0panorama/bin/pegasus-rc-client,-n pegasus::rc-client -N null -R local  -L xgboost_hp_tuning_group_2 -T 2023-03-07T11:43:20+00:00 /home/poseidon/pegasus-5.1.0panorama/bin/pegasus-rc-client --prefix pegasus.catalog.replica.output --conf /home/poseidon/workflows/predict-future-sales-workflow/submit/poseidon/pegasus/predict-future-sales/run0480/00/00/./xgboost_hp_tuning_group_2.000/pegasus.8820035973170234837.properties -v --meta /home/poseidon/workflows/predict-future-sales-workflow/submit/poseidon/pegasus/predict-future-sales/run0480/00/00/./xgboost_hp_tuning_group_2.000/00/00/xgboost_best_params_ID0000024.meta --insert /home/poseidon/workflows/predict-future-sales-workflow/submit/poseidon/pegasus/predict-future-sales/run0480/00/00/./xgboost_hp_tuning_group_2.000/00/00/register_condorpool_1_0.in,2.8,0,0,,,,,,,,,
xgboost_model_ID0000021,None,compute,0,1678190515.0,,,1678190520.0,1678190475.0,1678190508.0,68997035.2,1678190532.0,1678190720.0,1678190650.0,1678190655.0,2620773.0,1678190720.0,1678190725.0,5.0,,12.0,188.0,5.0,33.0,1691152081.0,5.0,12253314.0,poseidon,condorpool,poseidon-worker-3-container-24-31,xgboost_model,/srv/xgboost_model,,811.6,0,0,0.1,1348840682.0,24449.0,5371.0,8.0,773.2,19.3,10375697.6,2444.9
stage_out_local_local_5_0,None,transfer,0,1678190515.0,,,1678190520.0,,,0.0,1678190520.0,1678190530.0,1678190520.0,1678190524.0,790.0,1678190530.0,1678190535.0,5.0,,0.0,10.0,5.0,,,4.0,3188.0,poseidon,local,host-10-100-100-12.openstacklocal,pegasus::transfer,/home/poseidon/pegasus-5.1.0panorama/bin/pegasus-transfer,pegasus-kickstart  -n pegasus::transfer -N null -i - -R local  -L predict-future-sales -T 2023-02-17T19:59:06+00:00 pegasus-transfer  --threads 2,0.3,0,0,,,,,,,,,
cleanup_predict-future-sales_0_local,None,auxiliary,0,1678190535.0,,,1678190540.0,,,0.0,1678190540.0,1678190550.0,,,0.0,1678190550.0,1678190555.0,5.0,,0.0,10.0,5.0,,,,,poseidon,local,host-10-100-100-12.openstacklocal,pegasus::cleanup,/home/poseidon/pegasus-5.1.0panorama/bin/pegasus-transfer,pegasus-kickstart  -n pegasus::cleanup -N null -i - -R local  -L predict-future-sales -T 2023-02-17T19:59:06+00:00 pegasus-transfer,0.3,0,0,,,,,,,,,
stage_out_local_condorpool_6_0,None,transfer,0,1678190725.0,,,1678190730.0,,,0.0,1678190731.0,1678190740.0,1678190731.0,1678190735.0,3514480.0,1678190740.0,1678190745.0,5.0,,1.0,9.0,5.0,,,4.0,14171534.0,poseidon,local,host-10-100-100-12.openstacklocal,pegasus::transfer,/home/poseidon/pegasus-5.1.0panorama/bin/pegasus-transfer,pegasus-kickstart  -n pegasus::transfer -N null -i - -R local  -L predict-future-sales -T 2023-02-17T19:59:06+00:00 pegasus-transfer  --threads 2,0.9,0,0,,,,,,,,,
model_predict_ID0000022,None,compute,0,1678190725.0,,,1678190730.0,1678190675.0,1678190693.0,41067208.0,1678190732.0,1678190775.0,1678190701.0,1678190706.0,1223591.0,1678190775.0,1678190780.0,5.0,,2.0,43.0,5.0,18.0,407257862.0,5.0,5523764.0,poseidon,condorpool,poseidon-worker-3-container-24-31,model_predict,/srv/model_predict,,4.3,0,0,,,,,,,,,
stage_out_local_condorpool_7_0,None,transfer,0,1678190780.0,,,1678190785.0,,,0.0,1678190785.0,1678190795.0,1678190785.0,1678190789.0,1488287.0,1678190795.0,1678190800.0,5.0,,0.0,10.0,5.0,,,4.0,6000012.0,poseidon,local,host-10-100-100-12.openstacklocal,pegasus::transfer,/home/poseidon/pegasus-5.1.0panorama/bin/pegasus-transfer,pegasus-kickstart  -n pegasus::transfer -N null -i - -R local  -L predict-future-sales -T 2023-02-17T19:59:06+00:00 pegasus-transfer  --threads 2,0.6,0,0,,,,,,,,,
predict_merge_ID0000023,None,compute,0,1678190780.0,,,1678190785.0,1678190730.0,1678190747.0,37997981.3,1678190786.0,1678190825.0,1678190754.0,1678190759.0,833487.0,1678190825.0,1678190830.0,5.0,,1.0,39.0,5.0,17.0,377176763.0,5.0,3717751.0,poseidon,condorpool,poseidon-worker-3-container-24-31,predict_merge,/srv/predict_merge,,1.4,0,0,,,,,,,,,
stage_out_local_condorpool_8_0,None,transfer,0,1678190830.0,,,1678190835.0,,,0.0,1678190835.0,1678190845.0,1678190836.0,1678190838.0,1716664.0,1678190845.0,1678190850.0,5.0,,0.0,10.0,5.0,,,2.0,3717751.0,poseidon,local,host-10-100-100-12.openstacklocal,pegasus::transfer,/home/poseidon/pegasus-5.1.0panorama/bin/pegasus-transfer,pegasus-kickstart  -n pegasus::transfer -N null -i - -R local  -L predict-future-sales -T 2023-02-17T19:59:06+00:00 pegasus-transfer  --threads 2,0.4,0,0,,,,,,,,,
cleanup_predict-future-sales_0_condorpool,None,auxiliary,0,1678190850.0,,,1678190855.0,,,0.0,1678190855.0,1678190865.0,,,0.0,1678190865.0,1678190870.0,5.0,,0.0,10.0,5.0,,,,,poseidon,local,poseidon-submit,pegasus::cleanup,/home/poseidon/pegasus-5.1.0panorama/bin/pegasus-transfer,pegasus-kickstart  -n pegasus::cleanup -N null -i - -R local  -L predict-future-sales -T 2023-02-17T19:59:06+00:00 pegasus-transfer,0.3,0,0,,,,,,,,,
