,anomaly_type,type,is_clustered,ready,pre_script_start,pre_script_end,submit,stage_in_start,stage_in_end,stage_in_effective_bytes_per_sec,execute_start,execute_end,stage_out_start,stage_out_end,stage_out_effective_bytes_per_sec,post_script_start,post_script_end,wms_delay,pre_script_delay,queue_delay,runtime,post_script_delay,stage_in_delay,stage_in_bytes,stage_out_delay,stage_out_bytes,kickstart_user,kickstart_site,kickstart_hostname,kickstart_transformations,kickstart_executables,kickstart_executables_argv,kickstart_executables_cpu_time,kickstart_status,kickstart_executables_exitcode,kickstart_online_iowait,kickstart_online_bytes_read,kickstart_online_bytes_written,kickstart_online_read_system_calls,kickstart_online_write_system_calls,kickstart_online_utime,kickstart_online_stime,kickstart_online_bytes_read_per_second,kickstart_online_bytes_written_per_second
create_dir_predict-future-sales_0_local,None,auxiliary,0,1677345017.0,,,1677345018.0,,,0.0,1677345022.0,1677345028.0,,,0.0,1677345028.0,1677345033.0,1.0,,4.0,6.0,5.0,,,,,poseidon,local,host-10-100-100-12.openstacklocal,pegasus::dirmanager,/home/poseidon/pegasus-5.1.0panorama/bin/pegasus-transfer,pegasus-kickstart  -n pegasus::dirmanager -N null -i - -R local  -L predict-future-sales -T 2023-02-17T19:59:06+00:00 pegasus-transfer,0.3,0,0,,,,,,,,,
create_dir_predict-future-sales_0_condorpool,None,auxiliary,0,1677345017.0,,,1677345018.0,,,0.0,1677345022.0,1677345028.0,,,0.0,1677345028.0,1677345033.0,1.0,,4.0,6.0,5.0,,,,,poseidon,local,host-10-100-100-12.openstacklocal,pegasus::dirmanager,/home/poseidon/pegasus-5.1.0panorama/bin/pegasus-transfer,pegasus-kickstart  -n pegasus::dirmanager -N null -i - -R local  -L predict-future-sales -T 2023-02-17T19:59:06+00:00 pegasus-transfer,0.3,0,0,,,,,,,,,
stage_in_local_local_4_0,None,transfer,0,1677345033.0,,,1677345038.0,1677345038.0,1677345041.0,5880.0,1677345038.0,1677345048.0,,,0.0,1677345048.0,1677345053.0,5.0,,0.0,10.0,5.0,3.0,12577.0,,,poseidon,local,host-10-100-100-12.openstacklocal,pegasus::transfer,/home/poseidon/pegasus-5.1.0panorama/bin/pegasus-transfer,pegasus-kickstart  -n pegasus::transfer -N null -i - -R local  -L predict-future-sales -T 2023-02-17T19:59:06+00:00 pegasus-transfer  --threads 2,0.4,0,0,,,,,,,,,
stage_in_local_condorpool_8_0,None,transfer,0,1677345033.0,,,1677345038.0,1677345038.0,1677345042.0,673.0,1677345038.0,1677345048.0,,,0.0,1677345048.0,1677345053.0,5.0,,0.0,10.0,5.0,4.0,2368.0,,,poseidon,local,host-10-100-100-12.openstacklocal,pegasus::transfer,/home/poseidon/pegasus-5.1.0panorama/bin/pegasus-transfer,pegasus-kickstart  -n pegasus::transfer -N null -i - -R local  -L predict-future-sales -T 2023-02-17T19:59:06+00:00 pegasus-transfer  --threads 2,0.5,0,0,,,,,,,,,
stage_in_local_condorpool_3_0,None,transfer,0,1677345033.0,,,1677345038.0,1677345038.0,1677345043.0,2944.0,1677345038.0,1677345048.0,,,0.0,1677345048.0,1677345053.0,5.0,,0.0,10.0,5.0,5.0,12704.0,,,poseidon,local,host-10-100-100-12.openstacklocal,pegasus::transfer,/home/poseidon/pegasus-5.1.0panorama/bin/pegasus-transfer,pegasus-kickstart  -n pegasus::transfer -N null -i - -R local  -L predict-future-sales -T 2023-02-17T19:59:06+00:00 pegasus-transfer  --threads 2,0.6,0,0,,,,,,,,,
stage_in_local_condorpool_2_0,None,transfer,0,1677345033.0,,,1677345038.0,1677345038.0,1677345044.0,9638.0,1677345038.0,1677345053.0,,,0.0,1677345053.0,1677345058.0,5.0,,0.0,15.0,5.0,6.0,55480.0,,,poseidon,local,host-10-100-100-12.openstacklocal,pegasus::transfer,/home/poseidon/pegasus-5.1.0panorama/bin/pegasus-transfer,pegasus-kickstart  -n pegasus::transfer -N null -i - -R local  -L predict-future-sales -T 2023-02-17T19:59:06+00:00 pegasus-transfer  --threads 2,1.0,0,0,,,,,,,,,
stage_in_local_condorpool_1_0,None,transfer,0,1677345033.0,,,1677345038.0,1677345039.0,1677345043.0,3572.0,1677345038.0,1677345048.0,,,0.0,1677345048.0,1677345053.0,5.0,,0.0,10.0,5.0,4.0,15640.0,,,poseidon,local,host-10-100-100-12.openstacklocal,pegasus::transfer,/home/poseidon/pegasus-5.1.0panorama/bin/pegasus-transfer,pegasus-kickstart  -n pegasus::transfer -N null -i - -R local  -L predict-future-sales -T 2023-02-17T19:59:06+00:00 pegasus-transfer  --threads 2,0.6,0,0,,,,,,,,,
stage_in_local_condorpool_0_0,None,transfer,0,1677345033.0,,,1677345038.0,1677345039.0,1677345048.0,95576835.0,1677345038.0,1677345058.0,,,0.0,1677345058.0,1677345063.0,5.0,,0.0,20.0,5.0,9.0,936801734.0,,,poseidon,local,host-10-100-100-12.openstacklocal,pegasus::transfer,/home/poseidon/pegasus-5.1.0panorama/bin/pegasus-transfer,pegasus-kickstart  -n pegasus::transfer -N null -i - -R local  -L predict-future-sales -T 2023-02-17T19:59:06+00:00 pegasus-transfer  --threads 2,5.7,0,0,,,,,,,,,
stage_in_local_condorpool_7_0,None,transfer,0,1677345033.0,,,1677345038.0,1677345039.0,1677345042.0,1006.0,1677345038.0,1677345048.0,,,0.0,1677345048.0,1677345053.0,5.0,,0.0,10.0,5.0,3.0,3488.0,,,poseidon,local,host-10-100-100-12.openstacklocal,pegasus::transfer,/home/poseidon/pegasus-5.1.0panorama/bin/pegasus-transfer,pegasus-kickstart  -n pegasus::transfer -N null -i - -R local  -L predict-future-sales -T 2023-02-17T19:59:06+00:00 pegasus-transfer  --threads 2,0.5,0,0,,,,,,,,,
stage_in_local_condorpool_6_0,None,transfer,0,1677345033.0,,,1677345038.0,1677345039.0,1677345042.0,2238.0,1677345038.0,1677345048.0,,,0.0,1677345048.0,1677345053.0,5.0,,0.0,10.0,5.0,3.0,7870.0,,,poseidon,local,host-10-100-100-12.openstacklocal,pegasus::transfer,/home/poseidon/pegasus-5.1.0panorama/bin/pegasus-transfer,pegasus-kickstart  -n pegasus::transfer -N null -i - -R local  -L predict-future-sales -T 2023-02-17T19:59:06+00:00 pegasus-transfer  --threads 2,0.5,0,0,,,,,,,,,
preprocess_ID0000003,cpu_2,compute,0,1677345063.0,,,1677345068.0,1677345027.0,1677345045.0,45530208.0,1677345071.0,1677345118.0,1677345056.0,1677345063.0,23259376.0,1677345118.0,1677345123.0,5.0,,3.0,47.0,5.0,18.0,467356066.0,7.0,160257914.0,poseidon,condorpool,poseidon-worker-1-container-16-23,preprocess,/srv/preprocess,,4.1,0,0,,,,,,,,,
nlp_ID0000002,None,compute,0,1677345063.0,,,1677345068.0,1677345027.0,1677345044.0,44891070.2,1677345071.0,1677345328.0,1677345270.0,1677345275.0,605490.0,1677345328.0,1677345333.0,5.0,,3.0,257.0,5.0,17.0,369033604.0,5.0,2755872.0,poseidon,condorpool,poseidon-worker-2-container-32-39,nlp,/srv/nlp,,1330.7,0,0,0.1,21393203.0,8791.0,3031.0,5.0,1274.4,2.3,101872.4,879.1
eda_ID0000001,None,compute,0,1677345063.0,,,1677345068.0,1677345027.0,1677345044.0,48410397.0,1677345071.0,1677345143.0,1677345084.0,1677345088.0,277545.0,1677345143.0,1677345148.0,5.0,,3.0,72.0,5.0,17.0,464177772.0,4.0,1194708.0,poseidon,condorpool,poseidon-worker-3-container-32-39,eda,/srv/eda,,33.6,0,0,0.0,144952980.0,875402.0,27581.0,42.0,28.1,1.8,4831766.0,29180.1
feature_eng_1_ID0000005,cpu_2,compute,0,1677345123.0,,,1677345128.0,1677345086.0,1677345108.0,40003296.0,1677345130.0,1677345198.0,1677345132.0,1677345142.0,39011588.0,1677345198.0,1677345203.0,5.0,,2.0,68.0,5.0,22.0,528250191.0,10.0,393324463.0,poseidon,condorpool,poseidon-worker-1-container-16-23,feature_eng_1,/srv/feature_eng_1,,15.9,0,0,0.0,169640401.0,8.0,1789.0,1.0,7.9,2.0,16964040.1,0.8
feature_eng_0_ID0000004,cpu_2,compute,0,1677345123.0,,,1677345128.0,1677345085.0,1677345103.0,40202584.0,1677345130.0,1677345173.0,1677345115.0,1677345119.0,202647.0,1677345173.0,1677345178.0,5.0,,2.0,43.0,5.0,18.0,369949088.0,4.0,893320.0,poseidon,condorpool,poseidon-worker-1-container-16-23,feature_eng_0,/srv/feature_eng_0,,4.9,0,0,,,,,,,,,
feature_eng_5_ID0000009,cpu_2,compute,0,1677345203.0,,,1677345208.0,1677345165.0,1677345193.0,44563783.1,1677345209.0,1677345488.0,1677345422.0,1677345436.0,47070860.0,1677345488.0,1677345493.0,5.0,,1.0,279.0,5.0,28.0,856820455.0,14.0,655540227.0,poseidon,condorpool,poseidon-worker-1-container-16-23,feature_eng_5,/srv/feature_eng_5,,219.1,0,0,0.0,498317409.0,8.0,2068.0,1.0,192.0,18.0,2372940.0,0.8
stage_out_local_condorpool_1_0,None,transfer,0,1677345203.0,,,1677345208.0,,,0.0,1677345208.0,1677345218.0,1677345208.0,1677345212.0,93631767.0,1677345218.0,1677345223.0,5.0,,0.0,10.0,5.0,,,4.0,394217783.0,poseidon,local,host-10-100-100-12.openstacklocal,pegasus::transfer,/home/poseidon/pegasus-5.1.0panorama/bin/pegasus-transfer,pegasus-kickstart  -n pegasus::transfer -N null -i - -R local  -L predict-future-sales -T 2023-02-17T19:59:06+00:00 pegasus-transfer  --threads 2,2.2,0,0,,,,,,,,,
feature_eng_3_ID0000007,cpu_2,compute,0,1677345203.0,,,1677345208.0,1677345166.0,1677345196.0,34458289.0,1677345210.0,1677345393.0,1677345319.0,1677345341.0,53976521.0,1677345393.0,1677345398.0,5.0,,2.0,183.0,5.0,30.0,762217561.0,22.0,1179971921.0,poseidon,condorpool,poseidon-worker-1-container-16-23,feature_eng_3,/srv/feature_eng_3,,110.0,0,0,0.0,403682892.0,8.0,1567.0,1.0,75.2,34.8,3669844.5,0.8
feature_eng_4_ID0000008,None,compute,0,1677345203.0,,,1677345208.0,1677345164.0,1677345186.0,59829307.0,1677345209.0,1677345323.0,1677345247.0,1677345270.0,54348413.0,1677345323.0,1677345328.0,5.0,,1.0,114.0,5.0,22.0,761328752.0,23.0,1201824259.0,poseidon,condorpool,poseidon-worker-3-container-32-39,feature_eng_4,/srv/feature_eng_4,,49.1,0,0,0.0,402704909.0,8.0,1320.0,1.0,27.8,12.2,10067622.7,0.8
feature_eng_2_ID0000006,cpu_2,compute,0,1677345203.0,,,1677345208.0,1677345166.0,1677345194.0,37391403.8,1677345210.0,1677345578.0,1677345492.0,1677345522.0,57725516.0,1677345578.0,1677345583.0,5.0,,2.0,368.0,5.0,28.0,761320658.0,30.0,1748107178.0,poseidon,condorpool,poseidon-worker-1-container-16-23,feature_eng_2,/srv/feature_eng_2,,283.3,0,0,0.0,402841039.0,8.0,1798.0,1.0,214.9,65.1,1438718.0,0.8
register_condorpool_1_0,None,auxiliary,0,1677345223.0,,,1677345228.0,,,0.0,1677345228.0,1677345233.0,,,0.0,1677345233.0,1677345238.0,5.0,,0.0,5.0,5.0,,,,,poseidon,local,host-10-100-100-12.openstacklocal,pegasus::rc-client,/home/poseidon/pegasus-5.1.0panorama/bin/pegasus-rc-client,"pegasus-kickstart  -n pegasus::rc-client -N null -R local  -L predict-future-sales -T 2023-02-17T19:59:06+00:00 /home/poseidon/pegasus-5.1.0panorama/bin/pegasus-rc-client --prefix pegasus.catalog.replica.output --conf /home/poseidon/workflows/predict-future-sales-workflow/submit/poseidon/pegasus/predict-future-sales/run0194/pegasus.2117675219869967125.properties -v --meta /home/poseidon/workflows/predict-future-sales-workflow/submit/poseidon/pegasus/predict-future-sales/run0194/00/00/feature_eng_1_ID0000005.meta,/home/poseidon/workflows/predict-future-sales-workflow/submit/poseidon/pegasus/predict-future-sales/run0194/00/00/feature_eng_0_ID0000004.meta --insert /home/poseidon/workflows/predict-future-sales-workflow/submit/poseidon/pegasus/predict-future-sales/run0194/00/00/register_condorpool_1_0.in",3.1,0,0,,,,,,,,,
stage_out_local_condorpool_0_0,None,transfer,0,1677345333.0,,,1677345338.0,,,0.0,1677345338.0,1677345348.0,1677345338.0,1677345342.0,40697400.0,1677345348.0,1677345353.0,5.0,,0.0,10.0,5.0,,,4.0,164208494.0,poseidon,local,host-10-100-100-12.openstacklocal,pegasus::transfer,/home/poseidon/pegasus-5.1.0panorama/bin/pegasus-transfer,pegasus-kickstart  -n pegasus::transfer -N null -i - -R local  -L predict-future-sales -T 2023-02-17T19:59:06+00:00 pegasus-transfer  --threads 2,2.1,0,0,,,,,,,,,
register_condorpool_0_0,None,auxiliary,0,1677345353.0,,,1677345358.0,,,0.0,1677345358.0,1677345363.0,,,0.0,1677345363.0,1677345368.0,5.0,,0.0,5.0,5.0,,,,,poseidon,local,host-10-100-100-12.openstacklocal,pegasus::rc-client,/home/poseidon/pegasus-5.1.0panorama/bin/pegasus-rc-client,"pegasus-kickstart  -n pegasus::rc-client -N null -R local  -L predict-future-sales -T 2023-02-17T19:59:06+00:00 /home/poseidon/pegasus-5.1.0panorama/bin/pegasus-rc-client --prefix pegasus.catalog.replica.output --conf /home/poseidon/workflows/predict-future-sales-workflow/submit/poseidon/pegasus/predict-future-sales/run0194/pegasus.2117675219869967125.properties -v --meta /home/poseidon/workflows/predict-future-sales-workflow/submit/poseidon/pegasus/predict-future-sales/run0194/00/00/nlp_ID0000002.meta,/home/poseidon/workflows/predict-future-sales-workflow/submit/poseidon/pegasus/predict-future-sales/run0194/00/00/eda_ID0000001.meta,/home/poseidon/workflows/predict-future-sales-workflow/submit/poseidon/pegasus/predict-future-sales/run0194/00/00/preprocess_ID0000003.meta --insert /home/poseidon/workflows/predict-future-sales-workflow/submit/poseidon/pegasus/predict-future-sales/run0194/00/00/register_condorpool_0_0.in",3.0,0,0,,,,,,,,,
stage_out_local_condorpool_2_0,None,transfer,0,1677345583.0,,,1677345588.0,,,0.0,1677345588.0,1677345613.0,1677345588.0,1677345607.0,249133268.0,1677345613.0,1677345618.0,5.0,,0.0,25.0,5.0,,,19.0,4785443585.0,poseidon,local,host-10-100-100-12.openstacklocal,pegasus::transfer,/home/poseidon/pegasus-5.1.0panorama/bin/pegasus-transfer,pegasus-kickstart  -n pegasus::transfer -N null -i - -R local  -L predict-future-sales -T 2023-02-17T19:59:06+00:00 pegasus-transfer  --threads 2,21.1,0,0,,,,,,,,,
feature_merge_ID0000010,cpu_2,compute,0,1677345583.0,,,1677345588.0,1677345545.0,1677345613.0,85986119.4,1677345589.0,1677345809.0,1677345702.0,1677345752.0,60880245.0,1677345809.0,1677345814.0,5.0,,1.0,220.0,5.0,68.0,5155397110.0,50.0,2993643458.0,poseidon,condorpool,poseidon-worker-1-container-16-23,feature_merge,/srv/feature_merge,,60.4,0,0,0.0,4796861669.0,2589392432.0,1454.0,85.0,37.9,22.0,79947694.5,129469621.6
register_condorpool_2_0,None,auxiliary,0,1677345618.0,,,1677345623.0,,,0.0,1677345623.0,1677345628.0,,,0.0,1677345628.0,1677345633.0,5.0,,0.0,5.0,5.0,,,,,poseidon,local,host-10-100-100-12.openstacklocal,pegasus::rc-client,/home/poseidon/pegasus-5.1.0panorama/bin/pegasus-rc-client,"pegasus-kickstart  -n pegasus::rc-client -N null -R local  -L predict-future-sales -T 2023-02-17T19:59:06+00:00 /home/poseidon/pegasus-5.1.0panorama/bin/pegasus-rc-client --prefix pegasus.catalog.replica.output --conf /home/poseidon/workflows/predict-future-sales-workflow/submit/poseidon/pegasus/predict-future-sales/run0194/pegasus.2117675219869967125.properties -v --meta /home/poseidon/workflows/predict-future-sales-workflow/submit/poseidon/pegasus/predict-future-sales/run0194/00/00/feature_eng_5_ID0000009.meta,/home/poseidon/workflows/predict-future-sales-workflow/submit/poseidon/pegasus/predict-future-sales/run0194/00/00/feature_eng_2_ID0000006.meta,/home/poseidon/workflows/predict-future-sales-workflow/submit/poseidon/pegasus/predict-future-sales/run0194/00/00/feature_eng_3_ID0000007.meta,/home/poseidon/workflows/predict-future-sales-workflow/submit/poseidon/pegasus/predict-future-sales/run0194/00/00/feature_eng_4_ID0000008.meta --insert /home/poseidon/workflows/predict-future-sales-workflow/submit/poseidon/pegasus/predict-future-sales/run0194/00/00/register_condorpool_2_0.in",3.0,0,0,,,,,,,,,
stage_inter_local_xgboost_hp_tuning_workflow_ID0000015_0,None,transfer,0,1677345814.0,,,1677345819.0,1677345819.0,1677345821.0,402.0,1677345819.0,1677345829.0,,,0.0,1677345829.0,1677345834.0,5.0,,0.0,10.0,5.0,2.0,826.0,,,poseidon,local,host-10-100-100-12.openstacklocal,pegasus::transfer,/home/poseidon/pegasus-5.1.0panorama/bin/pegasus-transfer,pegasus-kickstart  -n pegasus::transfer -N null -i - -R local  -L predict-future-sales -T 2023-02-17T19:59:06+00:00 pegasus-transfer  --threads 2,0.3,0,0,,,,,,,,,
stage_inter_local_xgboost_model_ID0000021_0,None,transfer,0,1677345814.0,,,1677345819.0,1677345819.0,1677345852.0,80302619.0,1677345819.0,1677345860.0,,,0.0,1677345860.0,1677345865.0,5.0,,0.0,41.0,5.0,33.0,2646308508.0,,,poseidon,local,host-10-100-100-12.openstacklocal,pegasus::transfer,/home/poseidon/pegasus-5.1.0panorama/bin/pegasus-transfer,pegasus-kickstart  -n pegasus::transfer -N null -i - -R local  -L predict-future-sales -T 2023-02-17T19:59:06+00:00 pegasus-transfer  --threads 2,9.1,0,0,,,,,,,,,
stage_inter_local_model_predict_ID0000022_0,None,transfer,0,1677345814.0,,,1677345819.0,1677345819.0,1677345823.0,14414046.0,1677345819.0,1677345829.0,,,0.0,1677345829.0,1677345834.0,5.0,,0.0,10.0,5.0,4.0,54050130.0,,,poseidon,local,host-10-100-100-12.openstacklocal,pegasus::transfer,/home/poseidon/pegasus-5.1.0panorama/bin/pegasus-transfer,pegasus-kickstart  -n pegasus::transfer -N null -i - -R local  -L predict-future-sales -T 2023-02-17T19:59:06+00:00 pegasus-transfer  --threads 2,0.5,0,0,,,,,,,,,
stage_out_local_condorpool_3_0,None,transfer,0,1677345814.0,,,1677345819.0,,,0.0,1677345819.0,1677345849.0,1677345819.0,1677345842.0,129845267.0,1677345850.0,1677345855.0,5.0,,0.0,30.0,5.0,,,23.0,2993643458.0,poseidon,local,host-10-100-100-12.openstacklocal,pegasus::transfer,/home/poseidon/pegasus-5.1.0panorama/bin/pegasus-transfer,pegasus-kickstart  -n pegasus::transfer -N null -i - -R local  -L predict-future-sales -T 2023-02-17T19:59:06+00:00 pegasus-transfer  --threads 2,14.2,0,0,,,,,,,,,
stage_inter_local_xgboost_model_ID0000013_0,None,transfer,0,1677345814.0,,,1677345819.0,1677345819.0,1677345827.0,35905308.0,1677345819.0,1677345834.0,,,0.0,1677345834.0,1677345839.0,5.0,,0.0,15.0,5.0,8.0,269346726.0,,,poseidon,local,host-10-100-100-12.openstacklocal,pegasus::transfer,/home/poseidon/pegasus-5.1.0panorama/bin/pegasus-transfer,pegasus-kickstart  -n pegasus::transfer -N null -i - -R local  -L predict-future-sales -T 2023-02-17T19:59:06+00:00 pegasus-transfer  --threads 2,1.3,0,0,,,,,,,,,
stage_inter_local_model_predict_ID0000014_0,None,transfer,0,1677345814.0,,,1677345819.0,1677345819.0,1677345823.0,1262358.0,1677345819.0,1677345829.0,,,0.0,1677345829.0,1677345834.0,5.0,,0.0,10.0,5.0,4.0,4411696.0,,,poseidon,local,host-10-100-100-12.openstacklocal,pegasus::transfer,/home/poseidon/pegasus-5.1.0panorama/bin/pegasus-transfer,pegasus-kickstart  -n pegasus::transfer -N null -i - -R local  -L predict-future-sales -T 2023-02-17T19:59:06+00:00 pegasus-transfer  --threads 2,0.4,0,0,,,,,,,,,
xgboost_hp_tuning_workflow_ID0000015,None,compute,0,1677345834.0,,,1677345839.0,,,0.0,1677345840.0,1677345855.0,,,0.0,1677345855.0,1677345860.0,5.0,,1.0,15.0,5.0,,,,,poseidon,local,poseidon-submit.novalocal,xgboost_hp_tuning_workflow,/var/spool/condor/local_univ_execute/dir_2686838/xgboost_hp_tuning_workflow,/home/poseidon/workflows/predict-future-sales-workflow/submit/poseidon/pegasus/predict-future-sales/run0194/00/00/xgboost_hp_tuning_workflow_ID0000015.sh,0.1,0,0,,,,,,,,,
xgboost_hp_tuning_workflow_ID0000011,None,compute,0,1677345834.0,,,1677345839.0,,,0.0,1677345840.0,1677345855.0,,,0.0,1677345855.0,1677345860.0,5.0,,1.0,15.0,5.0,,,,,poseidon,local,poseidon-submit.novalocal,xgboost_hp_tuning_workflow,/var/spool/condor/local_univ_execute/dir_2686839/xgboost_hp_tuning_workflow,/home/poseidon/workflows/predict-future-sales-workflow/submit/poseidon/pegasus/predict-future-sales/run0194/00/00/xgboost_hp_tuning_workflow_ID0000011.sh,0.1,0,0,,,,,,,,,
xgboost_hp_tuning_workflow_ID0000019,None,compute,0,1677345834.0,,,1677345839.0,,,0.0,1677345840.0,1677345855.0,,,0.0,1677345855.0,1677345860.0,5.0,,1.0,15.0,5.0,,,,,poseidon,local,poseidon-submit.novalocal,xgboost_hp_tuning_workflow,/var/spool/condor/local_univ_execute/dir_2686840/xgboost_hp_tuning_workflow,/home/poseidon/workflows/predict-future-sales-workflow/submit/poseidon/pegasus/predict-future-sales/run0194/00/00/xgboost_hp_tuning_workflow_ID0000019.sh,0.1,0,0,,,,,,,,,
register_condorpool_3_0,None,auxiliary,0,1677345855.0,,,1677345860.0,,,0.0,1677345860.0,1677345865.0,,,0.0,1677345865.0,1677345870.0,5.0,,0.0,5.0,5.0,,,,,poseidon,local,host-10-100-100-12.openstacklocal,pegasus::rc-client,/home/poseidon/pegasus-5.1.0panorama/bin/pegasus-rc-client,pegasus-kickstart  -n pegasus::rc-client -N null -R local  -L predict-future-sales -T 2023-02-17T19:59:06+00:00 /home/poseidon/pegasus-5.1.0panorama/bin/pegasus-rc-client --prefix pegasus.catalog.replica.output --conf /home/poseidon/workflows/predict-future-sales-workflow/submit/poseidon/pegasus/predict-future-sales/run0194/pegasus.2117675219869967125.properties -v --meta /home/poseidon/workflows/predict-future-sales-workflow/submit/poseidon/pegasus/predict-future-sales/run0194/00/00/feature_merge_ID0000010.meta --insert /home/poseidon/workflows/predict-future-sales-workflow/submit/poseidon/pegasus/predict-future-sales/run0194/00/00/register_condorpool_3_0.in,3.0,0,0,,,,,,,,,
pegasus-plan_ID0000016,None,subwf,0,1677345860.0,1677345860.0,1677345865.0,1677345870.0,,,0.0,1677345872.0,1677346501.0,,,0.0,,,0.0,5.0,2.0,629.0,,,,,,poseidon,local,poseidon-submit,condor::dagman,/usr/bin/condor_dagman,-p 0  -f -l . -Notification never -Debug 3 -Lockfile xgboost_hp_tuning_group_1.dag.lock -Dag xgboost_hp_tuning_group_1.dag -AllowVersionMismatch  -AutoRescue 1 -DoRescueFrom 0,0.0,0,0,,,,,,,,,
pegasus-plan_ID0000012,None,subwf,0,1677345860.0,1677345860.0,1677345865.0,1677345870.0,,,0.0,1677345872.0,1677346486.0,,,0.0,,,0.0,5.0,2.0,614.0,,,,,,poseidon,local,poseidon-submit,condor::dagman,/usr/bin/condor_dagman,-p 0  -f -l . -Notification never -Debug 3 -Lockfile xgboost_hp_tuning_group_0.dag.lock -Dag xgboost_hp_tuning_group_0.dag -AllowVersionMismatch  -AutoRescue 1 -DoRescueFrom 0,0.0,0,0,,,,,,,,,
stage_out_local_local_4_0,None,transfer,0,1677345860.0,,,1677345865.0,,,0.0,1677345865.0,1677345880.0,1677345866.0,1677345870.0,21101.0,1677345880.0,1677345885.0,5.0,,0.0,15.0,5.0,,,4.0,85038.0,poseidon,local,host-10-100-100-12.openstacklocal,pegasus::transfer,/home/poseidon/pegasus-5.1.0panorama/bin/pegasus-transfer,pegasus-kickstart  -n pegasus::transfer -N null -i - -R local  -L predict-future-sales -T 2023-02-17T19:59:06+00:00 pegasus-transfer  --threads 2,0.5,0,0,,,,,,,,,
pegasus-plan_ID0000020,None,subwf,0,1677345860.0,1677345860.0,1677345865.0,1677345870.0,,,0.0,1677345872.0,1677346951.0,,,0.0,,,0.0,5.0,2.0,1079.0,,,,,,poseidon,local,poseidon-submit,condor::dagman,/usr/bin/condor_dagman,-p 0  -f -l . -Notification never -Debug 3 -Lockfile xgboost_hp_tuning_group_2.dag.lock -Dag xgboost_hp_tuning_group_2.dag -AllowVersionMismatch  -AutoRescue 1 -DoRescueFrom 0,0.0,0,0,,,,,,,,,
create_dir_predict-future-sales-hp-tuning_0_condorpool_pegasus-plan_ID0000016,None,auxiliary,0,1677345872.0,,,1677345873.0,,,0.0,1677345875.0,1677345883.0,,,0.0,1677345883.0,1677345888.0,1.0,,2.0,8.0,5.0,,,,,poseidon,local,host-10-100-100-12.openstacklocal,pegasus::dirmanager,/home/poseidon/pegasus-5.1.0panorama/bin/pegasus-transfer,pegasus-kickstart  -n pegasus::dirmanager -N null -i - -R local  -L xgboost_hp_tuning_group_1 -T 2023-02-25T17:24:23+00:00 pegasus-transfer,0.3,0,0,,,,,,,,,
create_dir_predict-future-sales-hp-tuning_0_condorpool_pegasus-plan_ID0000020,None,auxiliary,0,1677345872.0,,,1677345873.0,,,0.0,1677345875.0,1677345883.0,,,0.0,1677345883.0,1677345888.0,1.0,,2.0,8.0,5.0,,,,,poseidon,local,host-10-100-100-12.openstacklocal,pegasus::dirmanager,/home/poseidon/pegasus-5.1.0panorama/bin/pegasus-transfer,pegasus-kickstart  -n pegasus::dirmanager -N null -i - -R local  -L xgboost_hp_tuning_group_2 -T 2023-02-25T17:24:23+00:00 pegasus-transfer,0.3,0,0,,,,,,,,,
create_dir_predict-future-sales-hp-tuning_0_condorpool_pegasus-plan_ID0000012,None,auxiliary,0,1677345872.0,,,1677345873.0,,,0.0,1677345875.0,1677345883.0,,,0.0,1677345883.0,1677345888.0,1.0,,2.0,8.0,5.0,,,,,poseidon,local,host-10-100-100-12.openstacklocal,pegasus::dirmanager,/home/poseidon/pegasus-5.1.0panorama/bin/pegasus-transfer,pegasus-kickstart  -n pegasus::dirmanager -N null -i - -R local  -L xgboost_hp_tuning_group_0 -T 2023-02-25T17:24:23+00:00 pegasus-transfer,0.3,0,0,,,,,,,,,
register_local_4_0,None,auxiliary,0,1677345885.0,,,1677345890.0,,,0.0,1677345890.0,1677345895.0,,,0.0,1677345895.0,1677345900.0,5.0,,0.0,5.0,5.0,,,,,poseidon,local,host-10-100-100-12.openstacklocal,pegasus::rc-client,/home/poseidon/pegasus-5.1.0panorama/bin/pegasus-rc-client,"pegasus-kickstart  -n pegasus::rc-client -N null -R local  -L predict-future-sales -T 2023-02-17T19:59:06+00:00 /home/poseidon/pegasus-5.1.0panorama/bin/pegasus-rc-client --prefix pegasus.catalog.replica.output --conf /home/poseidon/workflows/predict-future-sales-workflow/submit/poseidon/pegasus/predict-future-sales/run0194/pegasus.2117675219869967125.properties -v --meta /home/poseidon/workflows/predict-future-sales-workflow/submit/poseidon/pegasus/predict-future-sales/run0194/00/00/xgboost_hp_tuning_workflow_ID0000011.meta,/home/poseidon/workflows/predict-future-sales-workflow/submit/poseidon/pegasus/predict-future-sales/run0194/00/00/xgboost_hp_tuning_workflow_ID0000019.meta,/home/poseidon/workflows/predict-future-sales-workflow/submit/poseidon/pegasus/predict-future-sales/run0194/00/00/xgboost_hp_tuning_workflow_ID0000015.meta --insert /home/poseidon/workflows/predict-future-sales-workflow/submit/poseidon/pegasus/predict-future-sales/run0194/00/00/register_local_4_0.in",3.0,0,0,,,,,,,,,
stage_in_local_condorpool_0_0_pegasus-plan_ID0000012,None,transfer,0,1677345888.0,,,1677345893.0,1677345893.0,1677345898.0,2791.0,1677345893.0,1677345908.0,,,0.0,1677345908.0,1677345913.0,5.0,,0.0,15.0,5.0,5.0,12142.0,,,poseidon,local,host-10-100-100-12.openstacklocal,pegasus::transfer,/home/poseidon/pegasus-5.1.0panorama/bin/pegasus-transfer,-n pegasus::transfer -N null -i - -R local  -L xgboost_hp_tuning_group_0 -T 2023-02-25T17:24:23+00:00 /home/poseidon/pegasus-5.1.0panorama/bin/../bin/pegasus-transfer  --threads 2,0.6,0,0,,,,,,,,,
stage_in_local_condorpool_1_0_pegasus-plan_ID0000012,None,transfer,0,1677345888.0,,,1677345893.0,1677345893.0,1677345897.0,813.0,1677345893.0,1677345903.0,,,0.0,1677345903.0,1677345908.0,5.0,,0.0,10.0,5.0,4.0,2874.0,,,poseidon,local,host-10-100-100-12.openstacklocal,pegasus::transfer,/home/poseidon/pegasus-5.1.0panorama/bin/pegasus-transfer,-n pegasus::transfer -N null -i - -R local  -L xgboost_hp_tuning_group_0 -T 2023-02-25T17:24:23+00:00 /home/poseidon/pegasus-5.1.0panorama/bin/../bin/pegasus-transfer  --threads 2,0.4,0,0,,,,,,,,,
stage_in_local_condorpool_0_1_pegasus-plan_ID0000012,None,transfer,0,1677345888.0,,,1677345893.0,1677345894.0,1677345900.0,43734968.0,1677345893.0,1677345908.0,,,0.0,1677345908.0,1677345913.0,5.0,,0.0,15.0,5.0,6.0,269346726.0,,,poseidon,local,host-10-100-100-12.openstacklocal,pegasus::transfer,/home/poseidon/pegasus-5.1.0panorama/bin/pegasus-transfer,-n pegasus::transfer -N null -i - -R local  -L xgboost_hp_tuning_group_0 -T 2023-02-25T17:24:23+00:00 /home/poseidon/pegasus-5.1.0panorama/bin/../bin/pegasus-transfer  --threads 2,1.9,0,0,,,,,,,,,
stage_in_local_condorpool_0_2_pegasus-plan_ID0000012,None,transfer,0,1677345888.0,,,1677345893.0,1677345894.0,1677345904.0,72917983.0,1677345893.0,1677345913.0,,,0.0,1677345913.0,1677345918.0,5.0,,0.0,20.0,5.0,10.0,735985664.0,,,poseidon,local,host-10-100-100-12.openstacklocal,pegasus::transfer,/home/poseidon/pegasus-5.1.0panorama/bin/pegasus-transfer,-n pegasus::transfer -N null -i - -R local  -L xgboost_hp_tuning_group_0 -T 2023-02-25T17:24:23+00:00 /home/poseidon/pegasus-5.1.0panorama/bin/../bin/pegasus-transfer  --threads 2,4.3,0,0,,,,,,,,,
stage_in_local_condorpool_1_0_pegasus-plan_ID0000020,None,transfer,0,1677345888.0,,,1677345893.0,1677345893.0,1677345897.0,824.0,1677345893.0,1677345903.0,,,0.0,1677345903.0,1677345908.0,5.0,,0.0,10.0,5.0,4.0,2874.0,,,poseidon,local,host-10-100-100-12.openstacklocal,pegasus::transfer,/home/poseidon/pegasus-5.1.0panorama/bin/pegasus-transfer,-n pegasus::transfer -N null -i - -R local  -L xgboost_hp_tuning_group_2 -T 2023-02-25T17:24:23+00:00 /home/poseidon/pegasus-5.1.0panorama/bin/../bin/pegasus-transfer  --threads 2,0.4,0,0,,,,,,,,,
stage_in_local_condorpool_0_1_pegasus-plan_ID0000020,None,transfer,0,1677345888.0,,,1677345893.0,1677345894.0,1677345912.0,143698612.0,1677345893.0,1677345918.0,,,0.0,1677345918.0,1677345923.0,5.0,,0.0,25.0,5.0,18.0,2646308508.0,,,poseidon,local,host-10-100-100-12.openstacklocal,pegasus::transfer,/home/poseidon/pegasus-5.1.0panorama/bin/pegasus-transfer,-n pegasus::transfer -N null -i - -R local  -L xgboost_hp_tuning_group_2 -T 2023-02-25T17:24:23+00:00 /home/poseidon/pegasus-5.1.0panorama/bin/../bin/pegasus-transfer  --threads 2,12.1,0,0,,,,,,,,,
stage_in_local_condorpool_0_0_pegasus-plan_ID0000016,None,transfer,0,1677345888.0,,,1677345893.0,1677345894.0,1677345898.0,2705.0,1677345893.0,1677345908.0,,,0.0,1677345908.0,1677345913.0,5.0,,0.0,15.0,5.0,4.0,12142.0,,,poseidon,local,host-10-100-100-12.openstacklocal,pegasus::transfer,/home/poseidon/pegasus-5.1.0panorama/bin/pegasus-transfer,-n pegasus::transfer -N null -i - -R local  -L xgboost_hp_tuning_group_1 -T 2023-02-25T17:24:23+00:00 /home/poseidon/pegasus-5.1.0panorama/bin/../bin/pegasus-transfer  --threads 2,0.7,0,0,,,,,,,,,
stage_in_local_condorpool_1_0_pegasus-plan_ID0000016,None,transfer,0,1677345888.0,,,1677345893.0,1677345893.0,1677345897.0,823.0,1677345893.0,1677345903.0,,,0.0,1677345903.0,1677345908.0,5.0,,0.0,10.0,5.0,4.0,2874.0,,,poseidon,local,host-10-100-100-12.openstacklocal,pegasus::transfer,/home/poseidon/pegasus-5.1.0panorama/bin/pegasus-transfer,-n pegasus::transfer -N null -i - -R local  -L xgboost_hp_tuning_group_1 -T 2023-02-25T17:24:23+00:00 /home/poseidon/pegasus-5.1.0panorama/bin/../bin/pegasus-transfer  --threads 2,0.4,0,0,,,,,,,,,
stage_in_local_condorpool_0_1_pegasus-plan_ID0000016,None,transfer,0,1677345888.0,,,1677345893.0,1677345894.0,1677345897.0,5126560.0,1677345893.0,1677345903.0,,,0.0,1677345903.0,1677345908.0,5.0,,0.0,10.0,5.0,3.0,19294600.0,,,poseidon,local,host-10-100-100-12.openstacklocal,pegasus::transfer,/home/poseidon/pegasus-5.1.0panorama/bin/pegasus-transfer,-n pegasus::transfer -N null -i - -R local  -L xgboost_hp_tuning_group_1 -T 2023-02-25T17:24:23+00:00 /home/poseidon/pegasus-5.1.0panorama/bin/../bin/pegasus-transfer  --threads 2,0.6,0,0,,,,,,,,,
stage_in_local_condorpool_0_0_pegasus-plan_ID0000020,None,transfer,0,1677345888.0,,,1677345893.0,1677345893.0,1677345898.0,2799.0,1677345893.0,1677345908.0,,,0.0,1677345908.0,1677345913.0,5.0,,0.0,15.0,5.0,5.0,12142.0,,,poseidon,local,host-10-100-100-12.openstacklocal,pegasus::transfer,/home/poseidon/pegasus-5.1.0panorama/bin/pegasus-transfer,-n pegasus::transfer -N null -i - -R local  -L xgboost_hp_tuning_group_2 -T 2023-02-25T17:24:23+00:00 /home/poseidon/pegasus-5.1.0panorama/bin/../bin/pegasus-transfer  --threads 2,0.6,0,0,,,,,,,,,
stage_in_local_condorpool_0_2_pegasus-plan_ID0000016,None,transfer,0,1677345888.0,,,1677345893.0,1677345896.0,1677345905.0,81497598.0,1677345895.0,1677345913.0,,,0.0,1677345913.0,1677345918.0,5.0,,2.0,18.0,5.0,9.0,735985664.0,,,poseidon,local,host-10-100-100-12.openstacklocal,pegasus::transfer,/home/poseidon/pegasus-5.1.0panorama/bin/pegasus-transfer,-n pegasus::transfer -N null -i - -R local  -L xgboost_hp_tuning_group_1 -T 2023-02-25T17:24:23+00:00 /home/poseidon/pegasus-5.1.0panorama/bin/../bin/pegasus-transfer  --threads 2,4.1,0,0,,,,,,,,,
stage_in_local_condorpool_0_2_pegasus-plan_ID0000020,None,transfer,0,1677345888.0,,,1677345893.0,1677345894.0,1677345904.0,73448721.0,1677345893.0,1677345913.0,,,0.0,1677345913.0,1677345918.0,5.0,,0.0,20.0,5.0,10.0,735985664.0,,,poseidon,local,host-10-100-100-12.openstacklocal,pegasus::transfer,/home/poseidon/pegasus-5.1.0panorama/bin/pegasus-transfer,-n pegasus::transfer -N null -i - -R local  -L xgboost_hp_tuning_group_2 -T 2023-02-25T17:24:23+00:00 /home/poseidon/pegasus-5.1.0panorama/bin/../bin/pegasus-transfer  --threads 2,4.2,0,0,,,,,,,,,
xgboost_hp_tuning_ID0000020_pegasus-plan_ID0000016,cpu_2,compute,0,1677345918.0,,,1677345923.0,1677345945.0,1677345961.0,45342334.5,1677345989.0,1677346028.0,1677345971.0,1677345975.0,256.0,1677346028.0,1677346033.0,5.0,,66.0,39.0,5.0,16.0,377646203.0,4.0,1060.0,poseidon,condorpool,poseidon-worker-2-container-24-31,xgboost_hp_tuning,/srv/xgboost_hp_tuning,,11.9,0,0,,,,,,,,,
xgboost_hp_tuning_ID0000023_pegasus-plan_ID0000012,cpu_2,compute,0,1677345918.0,,,1677345923.0,1677345939.0,1677345956.0,51316387.7,1677345984.0,1677346063.0,1677346003.0,1677346007.0,263.0,1677346063.0,1677346068.0,5.0,,61.0,79.0,5.0,17.0,502672266.0,4.0,1089.0,poseidon,condorpool,poseidon-worker-1-container-24-31,xgboost_hp_tuning,/srv/xgboost_hp_tuning,,172.9,0,0,0.1,157980158.0,40.0,3351.0,2.0,168.2,3.4,3949503.9,4.0
xgboost_hp_tuning_ID0000012_pegasus-plan_ID0000012,None,compute,0,1677345918.0,,,1677345923.0,1677345939.0,1677345955.0,51580494.7,1677345983.0,1677346043.0,1677345983.0,1677345987.0,254.0,1677346043.0,1677346048.0,5.0,,60.0,60.0,5.0,16.0,502672266.0,4.0,1050.0,poseidon,condorpool,poseidon-worker-3-container-0-7,xgboost_hp_tuning,/srv/xgboost_hp_tuning,,112.0,0,0,0.0,157970585.0,40.0,3319.0,2.0,103.2,3.4,7898529.2,4.0
xgboost_hp_tuning_ID0000001_pegasus-plan_ID0000012,None,compute,0,1677345918.0,,,1677345923.0,1677345938.0,1677345955.0,51255129.3,1677345982.0,1677346048.0,1677345989.0,1677345993.0,255.0,1677346048.0,1677346053.0,5.0,,59.0,66.0,5.0,17.0,502672266.0,4.0,1062.0,poseidon,condorpool,poseidon-worker-2-container-32-39,xgboost_hp_tuning,/srv/xgboost_hp_tuning,,144.5,0,0,0.1,157972721.0,40.0,3321.0,2.0,93.8,2.9,7898636.0,4.0
xgboost_hp_tuning_ID0000013_pegasus-plan_ID0000012,cpu_2,compute,0,1677345918.0,,,1677345923.0,1677345938.0,1677345954.0,51579755.7,1677345982.0,1677346038.0,1677345979.0,1677345983.0,257.0,1677346038.0,1677346043.0,5.0,,59.0,56.0,5.0,16.0,502672266.0,4.0,1053.0,poseidon,condorpool,poseidon-worker-3-container-8-15,xgboost_hp_tuning,/srv/xgboost_hp_tuning,,70.1,0,0,0.0,157965994.0,40.0,3303.0,2.0,30.5,2.9,15796599.4,4.0
xgboost_hp_tuning_ID0000002_pegasus-plan_ID0000012,cpu_2,compute,0,1677345918.0,,,1677345923.0,1677345938.0,1677345955.0,51162777.3,1677345982.0,1677346063.0,1677346006.0,1677346010.0,252.0,1677346063.0,1677346068.0,5.0,,59.0,81.0,5.0,17.0,502672266.0,4.0,1061.0,poseidon,condorpool,poseidon-worker-1-container-0-7,xgboost_hp_tuning,/srv/xgboost_hp_tuning,,181.0,0,0,0.0,157980070.0,40.0,3351.0,2.0,155.3,3.3,3949501.8,4.0
xgboost_hp_tuning_ID0000014_pegasus-plan_ID0000012,None,compute,0,1677345918.0,,,1677345923.0,1677345881.0,1677345898.0,51592346.7,1677345926.0,1677345983.0,1677345926.0,1677345930.0,253.0,1677345983.0,1677345988.0,5.0,,3.0,57.0,5.0,17.0,502672266.0,4.0,1055.0,poseidon,condorpool,poseidon-worker-3-container-0-7,xgboost_hp_tuning,/srv/xgboost_hp_tuning,,107.8,0,0,0.1,157970518.0,40.0,3319.0,2.0,94.7,3.8,7898525.9,4.0
xgboost_hp_tuning_ID0000003_pegasus-plan_ID0000012,None,compute,0,1677345918.0,,,1677345923.0,1677345881.0,1677345898.0,51323605.0,1677345926.0,1677345988.0,1677345930.0,1677345934.0,251.0,1677345988.0,1677345993.0,5.0,,3.0,62.0,5.0,17.0,502672266.0,4.0,1067.0,poseidon,condorpool,poseidon-worker-1-container-8-15,xgboost_hp_tuning,/srv/xgboost_hp_tuning,,142.1,0,0,0.0,157972425.0,40.0,3321.0,2.0,106.8,3.5,7898621.2,4.0
xgboost_hp_tuning_ID0000015_pegasus-plan_ID0000012,cpu_2,compute,0,1677345918.0,,,1677345923.0,1677345881.0,1677345898.0,51393871.3,1677345926.0,1677345983.0,1677345927.0,1677345931.0,254.0,1677345983.0,1677345988.0,5.0,,3.0,57.0,5.0,17.0,502672266.0,4.0,1056.0,poseidon,condorpool,poseidon-worker-2-container-0-7,xgboost_hp_tuning,/srv/xgboost_hp_tuning,,89.6,0,0,0.0,157972388.0,40.0,3321.0,2.0,76.6,3.6,7898619.4,4.0
xgboost_hp_tuning_ID0000004_pegasus-plan_ID0000012,None,compute,0,1677345918.0,,,1677345923.0,1677345881.0,1677345898.0,51293931.7,1677345926.0,1677345988.0,1677345930.0,1677345934.0,258.0,1677345988.0,1677345993.0,5.0,,3.0,62.0,5.0,17.0,502672266.0,4.0,1062.0,poseidon,condorpool,poseidon-worker-2-container-8-15,xgboost_hp_tuning,/srv/xgboost_hp_tuning,,142.8,0,0,0.1,157972409.0,40.0,3321.0,2.0,108.2,3.1,7898620.5,4.0
xgboost_hp_tuning_ID0000016_pegasus-plan_ID0000012,cpu_2,compute,0,1677345918.0,,,1677345923.0,1677345881.0,1677345898.0,51375508.3,1677345926.0,1677345983.0,1677345926.0,1677345930.0,253.0,1677345983.0,1677345988.0,5.0,,3.0,57.0,5.0,17.0,502672266.0,4.0,1055.0,poseidon,condorpool,poseidon-worker-1-container-24-31,xgboost_hp_tuning,/srv/xgboost_hp_tuning,,88.5,0,0,0.1,157972468.0,40.0,3321.0,2.0,77.5,3.2,7898623.4,4.0
xgboost_hp_tuning_ID0000005_pegasus-plan_ID0000012,cpu_2,compute,0,1677345918.0,,,1677345923.0,1677345881.0,1677345898.0,51265331.7,1677345926.0,1677345988.0,1677345932.0,1677345936.0,261.0,1677345988.0,1677345993.0,5.0,,3.0,62.0,5.0,17.0,502672266.0,4.0,1076.0,poseidon,condorpool,poseidon-worker-2-container-24-31,xgboost_hp_tuning,/srv/xgboost_hp_tuning,,106.3,0,0,0.1,157972467.0,40.0,3321.0,2.0,70.4,2.4,7898623.4,4.0
xgboost_hp_tuning_ID0000017_pegasus-plan_ID0000012,cpu_2,compute,0,1677345918.0,,,1677345923.0,1677345881.0,1677345898.0,51579226.3,1677345926.0,1677345983.0,1677345925.0,1677345929.0,256.0,1677345983.0,1677345988.0,5.0,,3.0,57.0,5.0,17.0,502672266.0,4.0,1055.0,poseidon,condorpool,poseidon-worker-3-container-8-15,xgboost_hp_tuning,/srv/xgboost_hp_tuning,,84.0,0,0,0.0,157970557.0,40.0,3319.0,2.0,76.5,3.5,7898527.9,4.0
xgboost_hp_tuning_ID0000006_pegasus-plan_ID0000012,cpu_2,compute,0,1677345918.0,,,1677345923.0,1677345881.0,1677345898.0,51570103.3,1677345926.0,1677345988.0,1677345931.0,1677345935.0,257.0,1677345988.0,1677345993.0,5.0,,3.0,62.0,5.0,17.0,502672266.0,4.0,1066.0,poseidon,condorpool,poseidon-worker-3-container-16-23,xgboost_hp_tuning,/srv/xgboost_hp_tuning,,114.1,0,0,0.0,157970593.0,40.0,3319.0,2.0,80.2,2.6,7898529.7,4.0
xgboost_hp_tuning_ID0000009_pegasus-plan_ID0000012,cpu_2,compute,0,1677345918.0,,,1677345923.0,1677345881.0,1677345898.0,51395663.7,1677345926.0,1677345993.0,1677345934.0,1677345938.0,257.0,1677345993.0,1677345998.0,5.0,,3.0,67.0,5.0,17.0,502672266.0,4.0,1060.0,poseidon,condorpool,poseidon-worker-1-container-16-23,xgboost_hp_tuning,/srv/xgboost_hp_tuning,,118.2,0,0,0.1,157972713.0,40.0,3321.0,2.0,69.9,2.4,7898635.6,4.0
xgboost_hp_tuning_ID0000011_pegasus-plan_ID0000012,None,compute,0,1677345918.0,,,1677345923.0,1677345881.0,1677345898.0,51354317.0,1677345926.0,1677345983.0,1677345925.0,1677345929.0,252.0,1677345983.0,1677345988.0,5.0,,3.0,57.0,5.0,17.0,502672266.0,4.0,1050.0,poseidon,condorpool,poseidon-worker-2-container-32-39,xgboost_hp_tuning,/srv/xgboost_hp_tuning,,107.6,0,0,0.1,157972589.0,40.0,3321.0,2.0,103.2,3.6,7898629.5,4.0
xgboost_hp_tuning_ID0000022_pegasus-plan_ID0000012,None,compute,0,1677345918.0,,,1677345923.0,1677345881.0,1677345898.0,51551200.3,1677345926.0,1677345998.0,1677345940.0,1677345944.0,255.0,1677345998.0,1677346003.0,5.0,,3.0,72.0,5.0,17.0,502672266.0,4.0,1062.0,poseidon,condorpool,poseidon-worker-3-container-32-39,xgboost_hp_tuning,/srv/xgboost_hp_tuning,,197.1,0,0,0.0,157974665.0,40.0,3334.0,2.0,156.8,3.4,5265822.2,4.0
xgboost_hp_tuning_ID0000010_pegasus-plan_ID0000012,cpu_2,compute,0,1677345918.0,,,1677345923.0,1677345881.0,1677345898.0,51175072.7,1677345926.0,1677345983.0,1677345925.0,1677345929.0,247.0,1677345983.0,1677345988.0,5.0,,3.0,57.0,5.0,17.0,502672266.0,4.0,1049.0,poseidon,condorpool,poseidon-worker-1-container-0-7,xgboost_hp_tuning,/srv/xgboost_hp_tuning,,82.4,0,0,0.0,157967771.0,40.0,3305.0,2.0,32.6,2.5,15796777.1,4.0
xgboost_hp_tuning_ID0000021_pegasus-plan_ID0000012,None,compute,0,1677345918.0,,,1677345923.0,1677345881.0,1677345898.0,51569800.7,1677345926.0,1677345988.0,1677345931.0,1677345935.0,257.0,1677345988.0,1677345993.0,5.0,,3.0,62.0,5.0,17.0,502672266.0,4.0,1063.0,poseidon,condorpool,poseidon-worker-3-container-40-47,xgboost_hp_tuning,/srv/xgboost_hp_tuning,,143.9,0,0,0.0,157970597.0,40.0,3319.0,2.0,99.1,3.0,7898529.8,4.0
xgboost_hp_tuning_ID0000020_pegasus-plan_ID0000012,cpu_2,compute,0,1677345918.0,,,1677345923.0,1677345881.0,1677345898.0,51413831.0,1677345926.0,1677345993.0,1677345935.0,1677345940.0,255.0,1677345993.0,1677345998.0,5.0,,3.0,67.0,5.0,17.0,502672266.0,5.0,1063.0,poseidon,condorpool,poseidon-worker-2-container-16-23,xgboost_hp_tuning,/srv/xgboost_hp_tuning,,119.7,0,0,0.1,157976270.0,40.0,3336.0,2.0,113.0,3.3,5265875.7,4.0
xgboost_hp_tuning_ID0000008_pegasus-plan_ID0000012,cpu_2,compute,0,1677345918.0,,,1677345923.0,1677345881.0,1677345898.0,51431936.3,1677345926.0,1677345988.0,1677345932.0,1677345936.0,254.0,1677345988.0,1677345993.0,5.0,,3.0,62.0,5.0,17.0,502672266.0,4.0,1059.0,poseidon,condorpool,poseidon-worker-2-container-40-47,xgboost_hp_tuning,/srv/xgboost_hp_tuning,,112.4,0,0,0.1,157972467.0,40.0,3321.0,2.0,75.8,2.7,7898623.3,4.0
xgboost_hp_tuning_ID0000019_pegasus-plan_ID0000012,None,compute,0,1677345918.0,,,1677345923.0,1677345881.0,1677345898.0,51293317.0,1677345926.0,1677345993.0,1677345933.0,1677345937.0,258.0,1677345993.0,1677345998.0,5.0,,3.0,67.0,5.0,17.0,502672266.0,4.0,1060.0,poseidon,condorpool,poseidon-worker-1-container-32-39,xgboost_hp_tuning,/srv/xgboost_hp_tuning,,152.7,0,0,0.1,157972475.0,40.0,3321.0,2.0,93.1,3.2,7898623.8,4.0
xgboost_hp_tuning_ID0000023_pegasus-plan_ID0000016,cpu_2,compute,0,1677345918.0,,,1677345923.0,1677345988.0,1677346003.0,45699325.5,1677346032.0,1677346073.0,1677346014.0,1677346018.0,262.0,1677346073.0,1677346078.0,5.0,,109.0,41.0,5.0,15.0,377646203.0,4.0,1089.0,poseidon,condorpool,poseidon-worker-2-container-16-23,xgboost_hp_tuning,/srv/xgboost_hp_tuning,,13.8,0,0,,,,,,,,,
xgboost_hp_tuning_ID0000007_pegasus-plan_ID0000012,None,compute,0,1677345918.0,,,1677345923.0,1677345881.0,1677345898.0,51343056.0,1677345926.0,1677345998.0,1677345937.0,1677345941.0,257.0,1677345998.0,1677346003.0,5.0,,3.0,72.0,5.0,17.0,502672266.0,4.0,1068.0,poseidon,condorpool,poseidon-worker-1-container-40-47,xgboost_hp_tuning,/srv/xgboost_hp_tuning,,190.1,0,0,0.1,157976276.0,40.0,3336.0,2.0,174.6,3.5,5265875.9,4.0
xgboost_hp_tuning_ID0000012_pegasus-plan_ID0000016,cpu_2,compute,0,1677345918.0,,,1677345923.0,1677345987.0,1677346003.0,45650675.2,1677346032.0,1677346073.0,1677346013.0,1677346017.0,252.0,1677346073.0,1677346078.0,5.0,,109.0,41.0,5.0,16.0,377646203.0,4.0,1048.0,poseidon,condorpool,poseidon-worker-1-container-16-23,xgboost_hp_tuning,/srv/xgboost_hp_tuning,,12.2,0,0,,,,,,,,,
xgboost_hp_tuning_ID0000013_pegasus-plan_ID0000016,cpu_2,compute,0,1677345918.0,,,1677345923.0,1677345985.0,1677346000.0,45720047.5,1677346029.0,1677346068.0,1677346010.0,1677346015.0,250.0,1677346068.0,1677346073.0,5.0,,106.0,39.0,5.0,15.0,377646203.0,5.0,1056.0,poseidon,condorpool,poseidon-worker-2-container-40-47,xgboost_hp_tuning,/srv/xgboost_hp_tuning,,13.4,0,0,,,,,,,,,
xgboost_hp_tuning_ID0000009_pegasus-plan_ID0000016,cpu_2,compute,0,1677345918.0,,,1677345923.0,1677345940.0,1677345955.0,45758351.5,1677345984.0,1677346023.0,1677345965.0,1677345970.0,256.0,1677346023.0,1677346028.0,5.0,,61.0,39.0,5.0,15.0,377646203.0,5.0,1058.0,poseidon,condorpool,poseidon-worker-2-container-0-7,xgboost_hp_tuning,/srv/xgboost_hp_tuning,,14.4,0,0,,,,,,,,,
xgboost_hp_tuning_ID0000011_pegasus-plan_ID0000016,None,compute,0,1677345918.0,,,1677345923.0,1677345943.0,1677345958.0,45713843.0,1677345987.0,1677346028.0,1677345968.0,1677345973.0,245.0,1677346028.0,1677346033.0,5.0,,64.0,41.0,5.0,15.0,377646203.0,5.0,1051.0,poseidon,condorpool,poseidon-worker-1-container-8-15,xgboost_hp_tuning,/srv/xgboost_hp_tuning,,17.4,0,0,,,,,,,,,
xgboost_hp_tuning_ID0000022_pegasus-plan_ID0000016,None,compute,0,1677345918.0,,,1677345923.0,1677345943.0,1677345958.0,45445976.2,1677345987.0,1677346028.0,1677345969.0,1677345973.0,253.0,1677346028.0,1677346033.0,5.0,,64.0,41.0,5.0,15.0,377646203.0,4.0,1062.0,poseidon,condorpool,poseidon-worker-2-container-8-15,xgboost_hp_tuning,/srv/xgboost_hp_tuning,,17.3,0,0,,,,,,,,,
xgboost_hp_tuning_ID0000010_pegasus-plan_ID0000016,None,compute,0,1677345918.0,,,1677345923.0,1677345944.0,1677345959.0,45564243.8,1677345988.0,1677346028.0,1677345969.0,1677345973.0,252.0,1677346028.0,1677346033.0,5.0,,65.0,40.0,5.0,15.0,377646203.0,4.0,1049.0,poseidon,condorpool,poseidon-worker-3-container-40-47,xgboost_hp_tuning,/srv/xgboost_hp_tuning,,14.0,0,0,,,,,,,,,
xgboost_hp_tuning_ID0000021_pegasus-plan_ID0000016,cpu_2,compute,0,1677345918.0,,,1677345923.0,1677345944.0,1677345959.0,45596410.0,1677345988.0,1677346028.0,1677345970.0,1677345974.0,255.0,1677346028.0,1677346033.0,5.0,,65.0,40.0,5.0,15.0,377646203.0,4.0,1062.0,poseidon,condorpool,poseidon-worker-3-container-16-23,xgboost_hp_tuning,/srv/xgboost_hp_tuning,,15.1,0,0,,,,,,,,,
xgboost_hp_tuning_ID0000008_pegasus-plan_ID0000016,cpu_2,compute,0,1677345918.0,,,1677345923.0,1677345945.0,1677345961.0,45404955.0,1677345990.0,1677346028.0,1677345972.0,1677345976.0,253.0,1677346028.0,1677346033.0,5.0,,67.0,38.0,5.0,16.0,377646203.0,4.0,1056.0,poseidon,condorpool,poseidon-worker-2-container-40-47,xgboost_hp_tuning,/srv/xgboost_hp_tuning,,16.9,0,0,,,,,,,,,
xgboost_hp_tuning_ID0000019_pegasus-plan_ID0000016,None,compute,0,1677345918.0,,,1677345923.0,1677345946.0,1677345962.0,45386856.2,1677345991.0,1677346033.0,1677345972.0,1677345976.0,254.0,1677346033.0,1677346038.0,5.0,,68.0,42.0,5.0,16.0,377646203.0,4.0,1058.0,poseidon,condorpool,poseidon-worker-1-container-32-39,xgboost_hp_tuning,/srv/xgboost_hp_tuning,,18.1,0,0,,,,,,,,,
xgboost_hp_tuning_ID0000001_pegasus-plan_ID0000016,None,compute,0,1677345918.0,,,1677345923.0,1677345985.0,1677346001.0,45564913.5,1677346030.0,1677346073.0,1677346014.0,1677346018.0,256.0,1677346073.0,1677346078.0,5.0,,107.0,43.0,5.0,16.0,377646203.0,4.0,1063.0,poseidon,condorpool,poseidon-worker-1-container-32-39,xgboost_hp_tuning,/srv/xgboost_hp_tuning,,33.8,0,0,,,,,,,,,
xgboost_hp_tuning_ID0000018_pegasus-plan_ID0000016,cpu_2,compute,0,1677345918.0,,,1677345923.0,1677345948.0,1677345964.0,45436440.8,1677345993.0,1677346033.0,1677345975.0,1677345979.0,250.0,1677346033.0,1677346038.0,5.0,,70.0,40.0,5.0,16.0,377646203.0,4.0,1054.0,poseidon,condorpool,poseidon-worker-2-container-16-23,xgboost_hp_tuning,/srv/xgboost_hp_tuning,,16.3,0,0,,,,,,,,,
xgboost_hp_tuning_ID0000007_pegasus-plan_ID0000016,cpu_2,compute,0,1677345918.0,,,1677345923.0,1677345947.0,1677345963.0,45486849.2,1677345991.0,1677346033.0,1677345974.0,1677345978.0,258.0,1677346033.0,1677346038.0,5.0,,68.0,42.0,5.0,16.0,377646203.0,4.0,1066.0,poseidon,condorpool,poseidon-worker-1-container-16-23,xgboost_hp_tuning,/srv/xgboost_hp_tuning,,18.0,0,0,,,,,,,,,
xgboost_hp_tuning_ID0000017_pegasus-plan_ID0000016,cpu_2,compute,0,1677345918.0,,,1677345923.0,1677345952.0,1677345968.0,45840394.8,1677345997.0,1677346038.0,1677345978.0,1677345982.0,259.0,1677346038.0,1677346043.0,5.0,,74.0,41.0,5.0,16.0,377646203.0,4.0,1055.0,poseidon,condorpool,poseidon-worker-3-container-24-31,xgboost_hp_tuning,/srv/xgboost_hp_tuning,,12.5,0,0,,,,,,,,,
xgboost_hp_tuning_ID0000005_pegasus-plan_ID0000016,None,compute,0,1677345918.0,,,1677345923.0,1677345953.0,1677345968.0,45764105.5,1677345997.0,1677346038.0,1677345978.0,1677345982.0,259.0,1677346038.0,1677346043.0,5.0,,74.0,41.0,5.0,15.0,377646203.0,4.0,1079.0,poseidon,condorpool,poseidon-worker-3-container-32-39,xgboost_hp_tuning,/srv/xgboost_hp_tuning,,14.6,0,0,,,,,,,,,
xgboost_hp_tuning_ID0000016_pegasus-plan_ID0000016,cpu_2,compute,0,1677345918.0,,,1677345923.0,1677345978.0,1677345994.0,45663281.8,1677346023.0,1677346063.0,1677346004.0,1677346008.0,251.0,1677346063.0,1677346068.0,5.0,,100.0,40.0,5.0,16.0,377646203.0,4.0,1053.0,poseidon,condorpool,poseidon-worker-2-container-0-7,xgboost_hp_tuning,/srv/xgboost_hp_tuning,,14.1,0,0,,,,,,,,,
xgboost_hp_tuning_ID0000004_pegasus-plan_ID0000016,None,compute,0,1677345918.0,,,1677345923.0,1677345982.0,1677345997.0,45611328.8,1677346026.0,1677346068.0,1677346007.0,1677346012.0,252.0,1677346068.0,1677346073.0,5.0,,103.0,42.0,5.0,15.0,377646203.0,5.0,1061.0,poseidon,condorpool,poseidon-worker-1-container-8-15,xgboost_hp_tuning,/srv/xgboost_hp_tuning,,14.9,0,0,,,,,,,,,
xgboost_hp_tuning_ID0000015_pegasus-plan_ID0000016,None,compute,0,1677345918.0,,,1677345923.0,1677345982.0,1677345997.0,45807775.0,1677346026.0,1677346063.0,1677346007.0,1677346011.0,249.0,1677346063.0,1677346068.0,5.0,,103.0,37.0,5.0,15.0,377646203.0,4.0,1054.0,poseidon,condorpool,poseidon-worker-3-container-40-47,xgboost_hp_tuning,/srv/xgboost_hp_tuning,,16.0,0,0,,,,,,,,,
xgboost_hp_tuning_ID0000003_pegasus-plan_ID0000016,None,compute,0,1677345918.0,,,1677345923.0,1677345982.0,1677345997.0,45608411.8,1677346026.0,1677346068.0,1677346011.0,1677346015.0,254.0,1677346068.0,1677346073.0,5.0,,103.0,42.0,5.0,15.0,377646203.0,4.0,1065.0,poseidon,condorpool,poseidon-worker-2-container-8-15,xgboost_hp_tuning,/srv/xgboost_hp_tuning,,37.5,0,0,,,,,,,,,
xgboost_hp_tuning_ID0000014_pegasus-plan_ID0000016,cpu_2,compute,0,1677345918.0,,,1677345923.0,1677345982.0,1677345998.0,45851007.5,1677346027.0,1677346068.0,1677346008.0,1677346012.0,253.0,1677346068.0,1677346073.0,5.0,,104.0,41.0,5.0,16.0,377646203.0,4.0,1053.0,poseidon,condorpool,poseidon-worker-3-container-16-23,xgboost_hp_tuning,/srv/xgboost_hp_tuning,,13.5,0,0,,,,,,,,,
xgboost_hp_tuning_ID0000002_pegasus-plan_ID0000016,cpu_2,compute,0,1677345918.0,,,1677345923.0,1677345984.0,1677345999.0,45615908.0,1677346028.0,1677346068.0,1677346009.0,1677346013.0,252.0,1677346068.0,1677346073.0,5.0,,105.0,40.0,5.0,15.0,377646203.0,4.0,1063.0,poseidon,condorpool,poseidon-worker-2-container-24-31,xgboost_hp_tuning,/srv/xgboost_hp_tuning,,12.3,0,0,,,,,,,,,
xgboost_hp_tuning_ID0000006_pegasus-plan_ID0000016,None,compute,0,1677345918.0,,,1677345923.0,1677345950.0,1677345965.0,45694663.2,1677345994.0,1677346033.0,1677345975.0,1677345979.0,257.0,1677346033.0,1677346038.0,5.0,,71.0,39.0,5.0,15.0,377646203.0,4.0,1065.0,poseidon,condorpool,poseidon-worker-1-container-40-47,xgboost_hp_tuning,/srv/xgboost_hp_tuning,,15.2,0,0,,,,,,,,,
xgboost_hp_tuning_ID0000018_pegasus-plan_ID0000012,cpu_2,compute,0,1677345918.0,,,1677345923.0,1677345881.0,1677345898.0,51599793.3,1677345926.0,1677345998.0,1677345939.0,1677345944.0,252.0,1677345998.0,1677346003.0,5.0,,3.0,72.0,5.0,17.0,502672266.0,5.0,1054.0,poseidon,condorpool,poseidon-worker-3-container-24-31,xgboost_hp_tuning,/srv/xgboost_hp_tuning,,140.3,0,0,0.0,157974392.0,40.0,3334.0,2.0,117.2,3.7,5265813.1,4.0
xgboost_hp_tuning_ID0000001_pegasus-plan_ID0000020,None,compute,0,1677345923.0,,,1677345928.0,1677346403.0,1677346433.0,75045138.2,1677346448.0,1677346810.0,1677346752.0,1677346756.0,261.0,1677346810.0,1677346815.0,5.0,,520.0,362.0,5.0,30.0,1691153157.0,4.0,1062.0,poseidon,condorpool,poseidon-worker-3-container-32-39,xgboost_hp_tuning,/srv/xgboost_hp_tuning,,1817.8,0,0,0.0,1346562848.0,40.0,3754.0,2.0,1772.0,43.6,4343751.1,4.0
xgboost_hp_tuning_ID0000009_pegasus-plan_ID0000020,None,compute,0,1677345923.0,,,1677345928.0,1677345988.0,1677346018.0,75171553.3,1677346033.0,1677346409.0,1677346349.0,1677346354.0,254.0,1677346409.0,1677346414.0,5.0,,105.0,376.0,5.0,30.0,1691153157.0,5.0,1059.0,poseidon,condorpool,poseidon-worker-1-container-40-47,xgboost_hp_tuning,/srv/xgboost_hp_tuning,,1798.2,0,0,0.1,1346568353.0,40.0,3771.0,2.0,1726.5,55.6,4208026.1,4.0
xgboost_hp_tuning_ID0000012_pegasus-plan_ID0000020,None,compute,0,1677345923.0,,,1677345928.0,1677346408.0,1677346437.0,75280671.7,1677346453.0,1677346860.0,1677346801.0,1677346805.0,259.0,1677346860.0,1677346865.0,5.0,,525.0,407.0,5.0,29.0,1691153157.0,4.0,1050.0,poseidon,condorpool,poseidon-worker-3-container-0-7,xgboost_hp_tuning,/srv/xgboost_hp_tuning,,2072.5,0,0,0.0,1346577879.0,40.0,3814.0,2.0,1993.7,52.5,3847365.4,4.0
xgboost_hp_tuning_ID0000023_pegasus-plan_ID0000020,None,compute,0,1677345923.0,,,1677345928.0,1677346413.0,1677346442.0,75061272.0,1677346457.0,1677346805.0,1677346748.0,1677346752.0,265.0,1677346805.0,1677346810.0,5.0,,529.0,348.0,5.0,29.0,1691153157.0,4.0,1089.0,poseidon,condorpool,poseidon-worker-2-container-32-39,xgboost_hp_tuning,/srv/xgboost_hp_tuning,,1612.4,0,0,0.1,1346557073.0,40.0,3726.0,2.0,1518.3,50.6,4643300.3,4.0
xgboost_hp_tuning_ID0000017_pegasus-plan_ID0000020,cpu_2,compute,0,1677345923.0,,,1677345928.0,1677346021.0,1677346050.0,75413745.8,1677346065.0,1677346489.0,1677346430.0,1677346434.0,256.0,1677346489.0,1677346494.0,5.0,,137.0,424.0,5.0,29.0,1691153157.0,4.0,1054.0,poseidon,condorpool,poseidon-worker-3-container-16-23,xgboost_hp_tuning,/srv/xgboost_hp_tuning,,1604.2,0,0,0.1,1346585884.0,40.0,3844.0,2.0,1536.8,62.9,3639421.3,4.0
xgboost_hp_tuning_ID0000002_pegasus-plan_ID0000020,None,compute,0,1677345923.0,,,1677345928.0,1677346396.0,1677346425.0,75056305.9,1677346440.0,1677346800.0,1677346742.0,1677346746.0,258.0,1677346800.0,1677346805.0,5.0,,512.0,360.0,5.0,29.0,1691153157.0,4.0,1061.0,poseidon,condorpool,poseidon-worker-2-container-8-15,xgboost_hp_tuning,/srv/xgboost_hp_tuning,,1707.3,0,0,0.1,1346560828.0,40.0,3741.0,2.0,1606.3,48.5,4488536.1,4.0
xgboost_hp_tuning_ID0000005_pegasus-plan_ID0000020,cpu_2,compute,0,1677345923.0,,,1677345928.0,1677346022.0,1677346052.0,75084499.8,1677346066.0,1677346489.0,1677346429.0,1677346433.0,258.0,1677346489.0,1677346494.0,5.0,,138.0,423.0,5.0,30.0,1691153157.0,4.0,1078.0,poseidon,condorpool,poseidon-worker-2-container-24-31,xgboost_hp_tuning,/srv/xgboost_hp_tuning,,1572.8,0,0,0.1,1346583941.0,40.0,3831.0,2.0,1461.6,72.3,3740510.9,4.0
xgboost_hp_tuning_ID0000016_pegasus-plan_ID0000020,cpu_2,compute,0,1677345923.0,,,1677345928.0,1677346024.0,1677346053.0,75066046.1,1677346068.0,1677346554.0,1677346498.0,1677346502.0,254.0,1677346554.0,1677346560.0,5.0,,140.0,486.0,6.0,29.0,1691153157.0,4.0,1055.0,poseidon,condorpool,poseidon-worker-2-container-40-47,xgboost_hp_tuning,/srv/xgboost_hp_tuning,,1932.9,0,0,0.0,1346610761.0,40.0,3936.0,2.0,1835.8,70.3,3131652.9,4.0
xgboost_hp_tuning_ID0000004_pegasus-plan_ID0000020,None,compute,0,1677345923.0,,,1677345928.0,1677346024.0,1677346053.0,75088486.3,1677346068.0,1677346439.0,1677346382.0,1677346387.0,256.0,1677346439.0,1677346444.0,5.0,,140.0,371.0,5.0,29.0,1691153157.0,5.0,1063.0,poseidon,condorpool,poseidon-worker-2-container-8-15,xgboost_hp_tuning,/srv/xgboost_hp_tuning,,1770.1,0,0,0.0,1346568453.0,40.0,3771.0,2.0,1722.0,47.6,4208026.4,4.0
xgboost_hp_tuning_ID0000018_pegasus-plan_ID0000020,None,compute,0,1677345923.0,,,1677345928.0,1677346020.0,1677346049.0,75431099.5,1677346064.0,1677346484.0,1677346425.0,1677346429.0,252.0,1677346484.0,1677346489.0,5.0,,136.0,420.0,5.0,29.0,1691153157.0,4.0,1054.0,poseidon,condorpool,poseidon-worker-3-container-40-47,xgboost_hp_tuning,/srv/xgboost_hp_tuning,,2097.0,0,0,0.0,1346582074.0,40.0,3829.0,2.0,2000.3,49.8,3740505.8,4.0
xgboost_hp_tuning_ID0000013_pegasus-plan_ID0000020,None,compute,0,1677345923.0,,,1677345928.0,1677346400.0,1677346429.0,75126945.4,1677346444.0,1677346775.0,1677346718.0,1677346722.0,255.0,1677346775.0,1677346780.0,5.0,,516.0,331.0,5.0,29.0,1691153157.0,4.0,1054.0,poseidon,condorpool,poseidon-worker-1-container-40-47,xgboost_hp_tuning,/srv/xgboost_hp_tuning,,1560.3,0,0,0.1,1346549423.0,40.0,3696.0,2.0,1460.3,39.3,4987220.1,4.0
xgboost_hp_tuning_ID0000019_pegasus-plan_ID0000020,cpu_2,compute,0,1677345923.0,,,1677345928.0,1677346017.0,1677346046.0,75262090.2,1677346062.0,1677346830.0,1677346773.0,1677346777.0,256.0,1677346830.0,1677346835.0,5.0,,134.0,768.0,5.0,29.0,1691153157.0,4.0,1060.0,poseidon,condorpool,poseidon-worker-2-container-0-7,xgboost_hp_tuning,/srv/xgboost_hp_tuning,,3331.6,0,0,0.1,1346717594.0,40.0,4356.0,2.0,3178.6,113.2,1896785.3,4.0
xgboost_hp_tuning_ID0000008_pegasus-plan_ID0000020,cpu_2,compute,0,1677345923.0,,,1677345928.0,1677346016.0,1677346045.0,74935163.8,1677346060.0,1677346499.0,1677346442.0,1677346446.0,253.0,1677346499.0,1677346504.0,5.0,,132.0,439.0,5.0,29.0,1691153157.0,4.0,1058.0,poseidon,condorpool,poseidon-worker-1-container-24-31,xgboost_hp_tuning,/srv/xgboost_hp_tuning,,1695.8,0,0,0.0,1346591333.0,40.0,3861.0,2.0,1600.3,59.3,3543661.4,4.0
xgboost_hp_tuning_ID0000007_pegasus-plan_ID0000020,cpu_2,compute,0,1677345923.0,,,1677345928.0,1677346019.0,1677346048.0,75181886.3,1677346063.0,1677346489.0,1677346428.0,1677346432.0,255.0,1677346489.0,1677346494.0,5.0,,135.0,426.0,5.0,29.0,1691153157.0,4.0,1066.0,poseidon,condorpool,poseidon-worker-1-container-0-7,xgboost_hp_tuning,/srv/xgboost_hp_tuning,,1646.5,0,0,0.1,1346587224.0,40.0,3847.0,2.0,1574.6,69.9,3639424.9,4.0
xgboost_hp_tuning_ID0000021_pegasus-plan_ID0000020,None,compute,0,1677345923.0,,,1677345928.0,1677345996.0,1677346025.0,75137508.9,1677346040.0,1677346454.0,1677346395.0,1677346399.0,258.0,1677346454.0,1677346459.0,5.0,,112.0,414.0,5.0,29.0,1691153157.0,4.0,1062.0,poseidon,condorpool,poseidon-worker-3-container-0-7,xgboost_hp_tuning,/srv/xgboost_hp_tuning,,1948.2,0,0,0.1,1346581523.0,40.0,3829.0,2.0,1884.3,59.1,3740504.2,4.0
xgboost_hp_tuning_ID0000010_pegasus-plan_ID0000020,cpu_2,compute,0,1677345923.0,,,1677345928.0,1677345991.0,1677346021.0,75090320.6,1677346036.0,1677346539.0,1677346479.0,1677346483.0,251.0,1677346539.0,1677346544.0,5.0,,108.0,503.0,5.0,30.0,1691153157.0,4.0,1049.0,poseidon,condorpool,poseidon-worker-3-container-8-15,xgboost_hp_tuning,/srv/xgboost_hp_tuning,,1992.7,0,0,0.0,1346612267.0,40.0,3949.0,2.0,1887.6,60.2,3060482.4,4.0
xgboost_hp_tuning_ID0000022_pegasus-plan_ID0000020,cpu_2,compute,0,1677345923.0,,,1677345928.0,1677345991.0,1677346020.0,75214752.4,1677346035.0,1677346524.0,1677346465.0,1677346469.0,260.0,1677346524.0,1677346529.0,5.0,,107.0,489.0,5.0,29.0,1691153157.0,4.0,1064.0,poseidon,condorpool,poseidon-worker-3-container-24-31,xgboost_hp_tuning,/srv/xgboost_hp_tuning,,1927.3,0,0,0.0,1346608620.0,40.0,3935.0,2.0,1831.2,69.0,3131648.0,4.0
xgboost_hp_tuning_ID0000011_pegasus-plan_ID0000020,None,compute,0,1677345923.0,,,1677345928.0,1677345991.0,1677346020.0,74939228.9,1677346035.0,1677346449.0,1677346390.0,1677346394.0,253.0,1677346449.0,1677346454.0,5.0,,107.0,414.0,5.0,29.0,1691153157.0,4.0,1051.0,poseidon,condorpool,poseidon-worker-3-container-32-39,xgboost_hp_tuning,/srv/xgboost_hp_tuning,,2052.8,0,0,0.0,1346582058.0,40.0,3829.0,2.0,1979.0,66.0,3740505.7,4.0
xgboost_hp_tuning_ID0000015_pegasus-plan_ID0000020,cpu_2,compute,0,1677345923.0,,,1677345928.0,1677346026.0,1677346055.0,74987010.5,1677346070.0,1677346524.0,1677346464.0,1677346468.0,249.0,1677346524.0,1677346529.0,5.0,,142.0,454.0,5.0,29.0,1691153157.0,4.0,1055.0,poseidon,condorpool,poseidon-worker-1-container-16-23,xgboost_hp_tuning,/srv/xgboost_hp_tuning,,1762.1,0,0,0.1,1346595452.0,40.0,3876.0,2.0,1642.8,71.1,3452808.9,4.0
xgboost_hp_tuning_ID0000006_pegasus-plan_ID0000020,None,compute,0,1677345923.0,,,1677345928.0,1677346020.0,1677346050.0,75201858.6,1677346065.0,1677346479.0,1677346418.0,1677346423.0,255.0,1677346479.0,1677346484.0,5.0,,137.0,414.0,5.0,30.0,1691153157.0,5.0,1066.0,poseidon,condorpool,poseidon-worker-1-container-8-15,xgboost_hp_tuning,/srv/xgboost_hp_tuning,,2021.9,0,0,0.1,1346579968.0,40.0,3816.0,2.0,1906.4,51.8,3847371.3,4.0
xgboost_hp_tuning_ID0000014_pegasus-plan_ID0000020,None,compute,0,1677345923.0,,,1677345928.0,1677346027.0,1677346056.0,75091995.3,1677346071.0,1677346494.0,1677346436.0,1677346441.0,252.0,1677346494.0,1677346499.0,5.0,,143.0,423.0,5.0,29.0,1691153157.0,5.0,1054.0,poseidon,condorpool,poseidon-worker-1-container-32-39,xgboost_hp_tuning,/srv/xgboost_hp_tuning,,2104.1,0,0,0.0,1346587750.0,40.0,3846.0,2.0,2038.2,62.7,3639426.4,4.0
xgboost_hp_tuning_ID0000020_pegasus-plan_ID0000020,None,compute,0,1677345923.0,,,1677345928.0,1677346002.0,1677346031.0,75198987.3,1677346047.0,1677346419.0,1677346362.0,1677346367.0,252.0,1677346419.0,1677346424.0,5.0,,119.0,372.0,5.0,29.0,1691153157.0,5.0,1061.0,poseidon,condorpool,poseidon-worker-2-container-32-39,xgboost_hp_tuning,/srv/xgboost_hp_tuning,,1819.1,0,0,0.1,1346568561.0,40.0,3771.0,2.0,1755.0,54.0,4208026.8,4.0
xgboost_hp_tuning_ID0000003_pegasus-plan_ID0000020,cpu_2,compute,0,1677345923.0,,,1677345928.0,1677346027.0,1677346056.0,75067600.3,1677346071.0,1677346489.0,1677346432.0,1677346437.0,254.0,1677346489.0,1677346494.0,5.0,,143.0,418.0,5.0,29.0,1691153157.0,5.0,1068.0,poseidon,condorpool,poseidon-worker-2-container-16-23,xgboost_hp_tuning,/srv/xgboost_hp_tuning,,1596.2,0,0,0.1,1346583908.0,40.0,3831.0,2.0,1495.3,65.1,3740510.9,4.0
stage_out_local_condorpool_0_2_pegasus-plan_ID0000012,None,transfer,0,1677346053.0,,,1677346058.0,,,0.0,1677346058.0,1677346068.0,1677346058.0,1677346062.0,1841.0,1677346068.0,1677346073.0,5.0,,0.0,10.0,5.0,,,4.0,7427.0,poseidon,local,host-10-100-100-12.openstacklocal,pegasus::transfer,/home/poseidon/pegasus-5.1.0panorama/bin/pegasus-transfer,/home/poseidon/pegasus-5.1.0panorama/bin/../bin/pegasus-kickstart  -n pegasus::transfer -N null -i - -R local  -L xgboost_hp_tuning_group_0 -T 2023-02-25T17:24:23+00:00 /home/poseidon/pegasus-5.1.0panorama/bin/../bin/pegasus-transfer  --threads 2,1.0,0,0,,,,,,,,,
stage_out_local_condorpool_0_0_pegasus-plan_ID0000012,None,transfer,0,1677346068.0,,,1677346073.0,,,0.0,1677346073.0,1677346083.0,1677346074.0,1677346078.0,2098.0,1677346083.0,1677346088.0,5.0,,0.0,10.0,5.0,,,4.0,8465.0,poseidon,local,host-10-100-100-12.openstacklocal,pegasus::transfer,/home/poseidon/pegasus-5.1.0panorama/bin/pegasus-transfer,/home/poseidon/pegasus-5.1.0panorama/bin/../bin/pegasus-kickstart  -n pegasus::transfer -N null -i - -R local  -L xgboost_hp_tuning_group_0 -T 2023-02-25T17:24:23+00:00 /home/poseidon/pegasus-5.1.0panorama/bin/../bin/pegasus-transfer  --threads 2,1.1,0,0,,,,,,,,,
stage_out_local_condorpool_0_1_pegasus-plan_ID0000012,None,transfer,0,1677346068.0,,,1677346073.0,,,0.0,1677346073.0,1677346083.0,1677346074.0,1677346078.0,2108.0,1677346083.0,1677346088.0,5.0,,0.0,10.0,5.0,,,4.0,8503.0,poseidon,local,host-10-100-100-12.openstacklocal,pegasus::transfer,/home/poseidon/pegasus-5.1.0panorama/bin/pegasus-transfer,/home/poseidon/pegasus-5.1.0panorama/bin/../bin/pegasus-kickstart  -n pegasus::transfer -N null -i - -R local  -L xgboost_hp_tuning_group_0 -T 2023-02-25T17:24:23+00:00 /home/poseidon/pegasus-5.1.0panorama/bin/../bin/pegasus-transfer  --threads 2,1.1,0,0,,,,,,,,,
xgboost_best_params_ID0000024_pegasus-plan_ID0000012,None,compute,0,1677346068.0,,,1677346073.0,1677346363.0,1677346380.0,39725324.0,1677346407.0,1677346444.0,1677346386.0,1677346391.0,255.0,1677346444.0,1677346449.0,5.0,,334.0,37.0,5.0,17.0,368018664.0,5.0,1063.0,poseidon,condorpool,poseidon-worker-1-container-40-47,xgboost_best_params,/srv/xgboost_best_params,,0.0,0,0,,,,,,,,,
register_condorpool_0_2_pegasus-plan_ID0000012,None,auxiliary,0,1677346073.0,,,1677346078.0,,,0.0,1677346079.0,1677346083.0,,,0.0,1677346083.0,1677346088.0,5.0,,1.0,4.0,5.0,,,,,poseidon,local,host-10-100-100-12.openstacklocal,pegasus::rc-client,/home/poseidon/pegasus-5.1.0panorama/bin/pegasus-rc-client,"-n pegasus::rc-client -N null -R local  -L xgboost_hp_tuning_group_0 -T 2023-02-25T17:24:23+00:00 /home/poseidon/pegasus-5.1.0panorama/bin/pegasus-rc-client --prefix pegasus.catalog.replica.output --conf /home/poseidon/workflows/predict-future-sales-workflow/submit/poseidon/pegasus/predict-future-sales/run0194/00/00/./xgboost_hp_tuning_group_0.000/pegasus.4360328107347004121.properties -v --meta /home/poseidon/workflows/predict-future-sales-workflow/submit/poseidon/pegasus/predict-future-sales/run0194/00/00/./xgboost_hp_tuning_group_0.000/00/00/xgboost_hp_tuning_ID0000014.meta,/home/poseidon/workflows/predict-future-sales-workflow/submit/poseidon/pegasus/predict-future-sales/run0194/00/00/./xgboost_hp_tuning_group_0.000/00/00/xgboost_hp_tuning_ID0000001.meta,/home/poseidon/workflows/predict-future-sales-workflow/submit/poseidon/pegasus/predict-future-sales/run0194/00/00/./xgboost_hp_tuning_group_0.000/00/00/xgboost_hp_tuning_ID0000007.meta,/home/poseidon/workflows/predict-future-sales-workflow/submit/poseidon/pegasus/predict-future-sales/run0194/00/00/./xgboost_hp_tuning_group_0.000/00/00/xgboost_hp_tuning_ID0000004.meta,/home/poseidon/workflows/predict-future-sales-workflow/submit/poseidon/pegasus/predict-future-sales/run0194/00/00/./xgboost_hp_tuning_group_0.000/00/00/xgboost_hp_tuning_ID0000022.meta,/home/poseidon/workflows/predict-future-sales-workflow/submit/poseidon/pegasus/predict-future-sales/run0194/00/00/./xgboost_hp_tuning_group_0.000/00/00/xgboost_hp_tuning_ID0000020.meta,/home/poseidon/workflows/predict-future-sales-workflow/submit/poseidon/pegasus/predict-future-sales/run0194/00/00/./xgboost_hp_tuning_group_0.000/00/00/xgboost_hp_tuning_ID0000017.meta --insert /home/poseidon/workflows/predict-future-sales-workflow/submit/poseidon/pegasus/predict-future-sales/run0194/00/00/./xgboost_hp_tuning_group_0.000/00/00/register_condorpool_0_2.in",3.1,0,0,,,,,,,,,
stage_out_local_condorpool_0_2_pegasus-plan_ID0000016,None,transfer,0,1677346078.0,,,1677346083.0,,,0.0,1677346083.0,1677346093.0,1677346084.0,1677346088.0,1841.0,1677346093.0,1677346098.0,5.0,,0.0,10.0,5.0,,,4.0,7420.0,poseidon,local,host-10-100-100-12.openstacklocal,pegasus::transfer,/home/poseidon/pegasus-5.1.0panorama/bin/pegasus-transfer,/home/poseidon/pegasus-5.1.0panorama/bin/../bin/pegasus-kickstart  -n pegasus::transfer -N null -i - -R local  -L xgboost_hp_tuning_group_1 -T 2023-02-25T17:24:23+00:00 /home/poseidon/pegasus-5.1.0panorama/bin/../bin/pegasus-transfer  --threads 2,1.0,0,0,,,,,,,,,
xgboost_best_params_ID0000024_pegasus-plan_ID0000016,None,compute,0,1677346078.0,,,1677346083.0,1677346376.0,1677346393.0,39692656.0,1677346420.0,1677346458.0,1677346400.0,1677346404.0,252.0,1677346458.0,1677346463.0,5.0,,337.0,38.0,5.0,17.0,368018649.0,4.0,1062.0,poseidon,condorpool,poseidon-worker-2-container-32-39,xgboost_best_params,/srv/xgboost_best_params,,0.0,0,0,,,,,,,,,
stage_out_local_condorpool_0_1_pegasus-plan_ID0000016,None,transfer,0,1677346078.0,,,1677346083.0,,,0.0,1677346083.0,1677346093.0,1677346084.0,1677346088.0,2104.0,1677346093.0,1677346098.0,5.0,,0.0,10.0,5.0,,,4.0,8499.0,poseidon,local,host-10-100-100-12.openstacklocal,pegasus::transfer,/home/poseidon/pegasus-5.1.0panorama/bin/pegasus-transfer,/home/poseidon/pegasus-5.1.0panorama/bin/../bin/pegasus-kickstart  -n pegasus::transfer -N null -i - -R local  -L xgboost_hp_tuning_group_1 -T 2023-02-25T17:24:23+00:00 /home/poseidon/pegasus-5.1.0panorama/bin/../bin/pegasus-transfer  --threads 2,1.2,0,0,,,,,,,,,
stage_out_local_condorpool_0_0_pegasus-plan_ID0000016,None,transfer,0,1677346078.0,,,1677346083.0,,,0.0,1677346083.0,1677346093.0,1677346084.0,1677346088.0,2097.0,1677346093.0,1677346098.0,5.0,,0.0,10.0,5.0,,,4.0,8461.0,poseidon,local,host-10-100-100-12.openstacklocal,pegasus::transfer,/home/poseidon/pegasus-5.1.0panorama/bin/pegasus-transfer,/home/poseidon/pegasus-5.1.0panorama/bin/../bin/pegasus-kickstart  -n pegasus::transfer -N null -i - -R local  -L xgboost_hp_tuning_group_1 -T 2023-02-25T17:24:23+00:00 /home/poseidon/pegasus-5.1.0panorama/bin/../bin/pegasus-transfer  --threads 2,1.1,0,0,,,,,,,,,
register_condorpool_0_1_pegasus-plan_ID0000012,None,auxiliary,0,1677346088.0,,,1677346093.0,,,0.0,1677346094.0,1677346099.0,,,0.0,1677346099.0,1677346104.0,5.0,,1.0,5.0,5.0,,,,,poseidon,local,host-10-100-100-12.openstacklocal,pegasus::rc-client,/home/poseidon/pegasus-5.1.0panorama/bin/pegasus-rc-client,"-n pegasus::rc-client -N null -R local  -L xgboost_hp_tuning_group_0 -T 2023-02-25T17:24:23+00:00 /home/poseidon/pegasus-5.1.0panorama/bin/pegasus-rc-client --prefix pegasus.catalog.replica.output --conf /home/poseidon/workflows/predict-future-sales-workflow/submit/poseidon/pegasus/predict-future-sales/run0194/00/00/./xgboost_hp_tuning_group_0.000/pegasus.4360328107347004121.properties -v --meta /home/poseidon/workflows/predict-future-sales-workflow/submit/poseidon/pegasus/predict-future-sales/run0194/00/00/./xgboost_hp_tuning_group_0.000/00/00/xgboost_hp_tuning_ID0000019.meta,/home/poseidon/workflows/predict-future-sales-workflow/submit/poseidon/pegasus/predict-future-sales/run0194/00/00/./xgboost_hp_tuning_group_0.000/00/00/xgboost_hp_tuning_ID0000003.meta,/home/poseidon/workflows/predict-future-sales-workflow/submit/poseidon/pegasus/predict-future-sales/run0194/00/00/./xgboost_hp_tuning_group_0.000/00/00/xgboost_hp_tuning_ID0000006.meta,/home/poseidon/workflows/predict-future-sales-workflow/submit/poseidon/pegasus/predict-future-sales/run0194/00/00/./xgboost_hp_tuning_group_0.000/00/00/xgboost_hp_tuning_ID0000016.meta,/home/poseidon/workflows/predict-future-sales-workflow/submit/poseidon/pegasus/predict-future-sales/run0194/00/00/./xgboost_hp_tuning_group_0.000/00/00/xgboost_hp_tuning_ID0000013.meta,/home/poseidon/workflows/predict-future-sales-workflow/submit/poseidon/pegasus/predict-future-sales/run0194/00/00/./xgboost_hp_tuning_group_0.000/00/00/xgboost_hp_tuning_ID0000023.meta,/home/poseidon/workflows/predict-future-sales-workflow/submit/poseidon/pegasus/predict-future-sales/run0194/00/00/./xgboost_hp_tuning_group_0.000/00/00/xgboost_hp_tuning_ID0000011.meta,/home/poseidon/workflows/predict-future-sales-workflow/submit/poseidon/pegasus/predict-future-sales/run0194/00/00/./xgboost_hp_tuning_group_0.000/00/00/xgboost_hp_tuning_ID0000021.meta --insert /home/poseidon/workflows/predict-future-sales-workflow/submit/poseidon/pegasus/predict-future-sales/run0194/00/00/./xgboost_hp_tuning_group_0.000/00/00/register_condorpool_0_1.in",3.2,0,0,,,,,,,,,
register_condorpool_0_0_pegasus-plan_ID0000012,None,auxiliary,0,1677346088.0,,,1677346104.0,,,0.0,1677346105.0,1677346109.0,,,0.0,1677346109.0,1677346114.0,16.0,,1.0,4.0,5.0,,,,,poseidon,local,host-10-100-100-12.openstacklocal,pegasus::rc-client,/home/poseidon/pegasus-5.1.0panorama/bin/pegasus-rc-client,"-n pegasus::rc-client -N null -R local  -L xgboost_hp_tuning_group_0 -T 2023-02-25T17:24:23+00:00 /home/poseidon/pegasus-5.1.0panorama/bin/pegasus-rc-client --prefix pegasus.catalog.replica.output --conf /home/poseidon/workflows/predict-future-sales-workflow/submit/poseidon/pegasus/predict-future-sales/run0194/00/00/./xgboost_hp_tuning_group_0.000/pegasus.4360328107347004121.properties -v --meta /home/poseidon/workflows/predict-future-sales-workflow/submit/poseidon/pegasus/predict-future-sales/run0194/00/00/./xgboost_hp_tuning_group_0.000/00/00/xgboost_hp_tuning_ID0000018.meta,/home/poseidon/workflows/predict-future-sales-workflow/submit/poseidon/pegasus/predict-future-sales/run0194/00/00/./xgboost_hp_tuning_group_0.000/00/00/xgboost_hp_tuning_ID0000009.meta,/home/poseidon/workflows/predict-future-sales-workflow/submit/poseidon/pegasus/predict-future-sales/run0194/00/00/./xgboost_hp_tuning_group_0.000/00/00/xgboost_hp_tuning_ID0000012.meta,/home/poseidon/workflows/predict-future-sales-workflow/submit/poseidon/pegasus/predict-future-sales/run0194/00/00/./xgboost_hp_tuning_group_0.000/00/00/xgboost_hp_tuning_ID0000008.meta,/home/poseidon/workflows/predict-future-sales-workflow/submit/poseidon/pegasus/predict-future-sales/run0194/00/00/./xgboost_hp_tuning_group_0.000/00/00/xgboost_hp_tuning_ID0000010.meta,/home/poseidon/workflows/predict-future-sales-workflow/submit/poseidon/pegasus/predict-future-sales/run0194/00/00/./xgboost_hp_tuning_group_0.000/00/00/xgboost_hp_tuning_ID0000002.meta,/home/poseidon/workflows/predict-future-sales-workflow/submit/poseidon/pegasus/predict-future-sales/run0194/00/00/./xgboost_hp_tuning_group_0.000/00/00/xgboost_hp_tuning_ID0000005.meta,/home/poseidon/workflows/predict-future-sales-workflow/submit/poseidon/pegasus/predict-future-sales/run0194/00/00/./xgboost_hp_tuning_group_0.000/00/00/xgboost_hp_tuning_ID0000015.meta --insert /home/poseidon/workflows/predict-future-sales-workflow/submit/poseidon/pegasus/predict-future-sales/run0194/00/00/./xgboost_hp_tuning_group_0.000/00/00/register_condorpool_0_0.in",3.0,0,0,,,,,,,,,
register_condorpool_0_1_pegasus-plan_ID0000016,None,auxiliary,0,1677346098.0,,,1677346113.0,,,0.0,1677346114.0,1677346118.0,,,0.0,1677346118.0,1677346123.0,15.0,,1.0,4.0,5.0,,,,,poseidon,local,host-10-100-100-12.openstacklocal,pegasus::rc-client,/home/poseidon/pegasus-5.1.0panorama/bin/pegasus-rc-client,"-n pegasus::rc-client -N null -R local  -L xgboost_hp_tuning_group_1 -T 2023-02-25T17:24:23+00:00 /home/poseidon/pegasus-5.1.0panorama/bin/pegasus-rc-client --prefix pegasus.catalog.replica.output --conf /home/poseidon/workflows/predict-future-sales-workflow/submit/poseidon/pegasus/predict-future-sales/run0194/00/00/./xgboost_hp_tuning_group_1.000/pegasus.14559770924246917869.properties -v --meta /home/poseidon/workflows/predict-future-sales-workflow/submit/poseidon/pegasus/predict-future-sales/run0194/00/00/./xgboost_hp_tuning_group_1.000/00/00/xgboost_hp_tuning_ID0000013.meta,/home/poseidon/workflows/predict-future-sales-workflow/submit/poseidon/pegasus/predict-future-sales/run0194/00/00/./xgboost_hp_tuning_group_1.000/00/00/xgboost_hp_tuning_ID0000023.meta,/home/poseidon/workflows/predict-future-sales-workflow/submit/poseidon/pegasus/predict-future-sales/run0194/00/00/./xgboost_hp_tuning_group_1.000/00/00/xgboost_hp_tuning_ID0000011.meta,/home/poseidon/workflows/predict-future-sales-workflow/submit/poseidon/pegasus/predict-future-sales/run0194/00/00/./xgboost_hp_tuning_group_1.000/00/00/xgboost_hp_tuning_ID0000006.meta,/home/poseidon/workflows/predict-future-sales-workflow/submit/poseidon/pegasus/predict-future-sales/run0194/00/00/./xgboost_hp_tuning_group_1.000/00/00/xgboost_hp_tuning_ID0000003.meta,/home/poseidon/workflows/predict-future-sales-workflow/submit/poseidon/pegasus/predict-future-sales/run0194/00/00/./xgboost_hp_tuning_group_1.000/00/00/xgboost_hp_tuning_ID0000021.meta,/home/poseidon/workflows/predict-future-sales-workflow/submit/poseidon/pegasus/predict-future-sales/run0194/00/00/./xgboost_hp_tuning_group_1.000/00/00/xgboost_hp_tuning_ID0000019.meta,/home/poseidon/workflows/predict-future-sales-workflow/submit/poseidon/pegasus/predict-future-sales/run0194/00/00/./xgboost_hp_tuning_group_1.000/00/00/xgboost_hp_tuning_ID0000016.meta --insert /home/poseidon/workflows/predict-future-sales-workflow/submit/poseidon/pegasus/predict-future-sales/run0194/00/00/./xgboost_hp_tuning_group_1.000/00/00/register_condorpool_0_1.in",3.0,0,0,,,,,,,,,
register_condorpool_0_0_pegasus-plan_ID0000016,None,auxiliary,0,1677346098.0,,,1677346123.0,,,0.0,1677346123.0,1677346128.0,,,0.0,1677346128.0,1677346133.0,25.0,,0.0,5.0,5.0,,,,,poseidon,local,host-10-100-100-12.openstacklocal,pegasus::rc-client,/home/poseidon/pegasus-5.1.0panorama/bin/pegasus-rc-client,"-n pegasus::rc-client -N null -R local  -L xgboost_hp_tuning_group_1 -T 2023-02-25T17:24:23+00:00 /home/poseidon/pegasus-5.1.0panorama/bin/pegasus-rc-client --prefix pegasus.catalog.replica.output --conf /home/poseidon/workflows/predict-future-sales-workflow/submit/poseidon/pegasus/predict-future-sales/run0194/00/00/./xgboost_hp_tuning_group_1.000/pegasus.14559770924246917869.properties -v --meta /home/poseidon/workflows/predict-future-sales-workflow/submit/poseidon/pegasus/predict-future-sales/run0194/00/00/./xgboost_hp_tuning_group_1.000/00/00/xgboost_hp_tuning_ID0000018.meta,/home/poseidon/workflows/predict-future-sales-workflow/submit/poseidon/pegasus/predict-future-sales/run0194/00/00/./xgboost_hp_tuning_group_1.000/00/00/xgboost_hp_tuning_ID0000002.meta,/home/poseidon/workflows/predict-future-sales-workflow/submit/poseidon/pegasus/predict-future-sales/run0194/00/00/./xgboost_hp_tuning_group_1.000/00/00/xgboost_hp_tuning_ID0000005.meta,/home/poseidon/workflows/predict-future-sales-workflow/submit/poseidon/pegasus/predict-future-sales/run0194/00/00/./xgboost_hp_tuning_group_1.000/00/00/xgboost_hp_tuning_ID0000009.meta,/home/poseidon/workflows/predict-future-sales-workflow/submit/poseidon/pegasus/predict-future-sales/run0194/00/00/./xgboost_hp_tuning_group_1.000/00/00/xgboost_hp_tuning_ID0000015.meta,/home/poseidon/workflows/predict-future-sales-workflow/submit/poseidon/pegasus/predict-future-sales/run0194/00/00/./xgboost_hp_tuning_group_1.000/00/00/xgboost_hp_tuning_ID0000012.meta,/home/poseidon/workflows/predict-future-sales-workflow/submit/poseidon/pegasus/predict-future-sales/run0194/00/00/./xgboost_hp_tuning_group_1.000/00/00/xgboost_hp_tuning_ID0000010.meta,/home/poseidon/workflows/predict-future-sales-workflow/submit/poseidon/pegasus/predict-future-sales/run0194/00/00/./xgboost_hp_tuning_group_1.000/00/00/xgboost_hp_tuning_ID0000008.meta --insert /home/poseidon/workflows/predict-future-sales-workflow/submit/poseidon/pegasus/predict-future-sales/run0194/00/00/./xgboost_hp_tuning_group_1.000/00/00/register_condorpool_0_0.in",3.1,0,0,,,,,,,,,
register_condorpool_0_2_pegasus-plan_ID0000016,None,auxiliary,0,1677346098.0,,,1677346103.0,,,0.0,1677346103.0,1677346108.0,,,0.0,1677346108.0,1677346113.0,5.0,,0.0,5.0,5.0,,,,,poseidon,local,host-10-100-100-12.openstacklocal,pegasus::rc-client,/home/poseidon/pegasus-5.1.0panorama/bin/pegasus-rc-client,"-n pegasus::rc-client -N null -R local  -L xgboost_hp_tuning_group_1 -T 2023-02-25T17:24:23+00:00 /home/poseidon/pegasus-5.1.0panorama/bin/pegasus-rc-client --prefix pegasus.catalog.replica.output --conf /home/poseidon/workflows/predict-future-sales-workflow/submit/poseidon/pegasus/predict-future-sales/run0194/00/00/./xgboost_hp_tuning_group_1.000/pegasus.14559770924246917869.properties -v --meta /home/poseidon/workflows/predict-future-sales-workflow/submit/poseidon/pegasus/predict-future-sales/run0194/00/00/./xgboost_hp_tuning_group_1.000/00/00/xgboost_hp_tuning_ID0000017.meta,/home/poseidon/workflows/predict-future-sales-workflow/submit/poseidon/pegasus/predict-future-sales/run0194/00/00/./xgboost_hp_tuning_group_1.000/00/00/xgboost_hp_tuning_ID0000022.meta,/home/poseidon/workflows/predict-future-sales-workflow/submit/poseidon/pegasus/predict-future-sales/run0194/00/00/./xgboost_hp_tuning_group_1.000/00/00/xgboost_hp_tuning_ID0000007.meta,/home/poseidon/workflows/predict-future-sales-workflow/submit/poseidon/pegasus/predict-future-sales/run0194/00/00/./xgboost_hp_tuning_group_1.000/00/00/xgboost_hp_tuning_ID0000020.meta,/home/poseidon/workflows/predict-future-sales-workflow/submit/poseidon/pegasus/predict-future-sales/run0194/00/00/./xgboost_hp_tuning_group_1.000/00/00/xgboost_hp_tuning_ID0000001.meta,/home/poseidon/workflows/predict-future-sales-workflow/submit/poseidon/pegasus/predict-future-sales/run0194/00/00/./xgboost_hp_tuning_group_1.000/00/00/xgboost_hp_tuning_ID0000004.meta,/home/poseidon/workflows/predict-future-sales-workflow/submit/poseidon/pegasus/predict-future-sales/run0194/00/00/./xgboost_hp_tuning_group_1.000/00/00/xgboost_hp_tuning_ID0000014.meta --insert /home/poseidon/workflows/predict-future-sales-workflow/submit/poseidon/pegasus/predict-future-sales/run0194/00/00/./xgboost_hp_tuning_group_1.000/00/00/register_condorpool_0_2.in",3.0,0,0,,,,,,,,,
stage_out_local_condorpool_1_0_pegasus-plan_ID0000012,None,transfer,0,1677346449.0,,,1677346454.0,,,0.0,1677346455.0,1677346464.0,1677346455.0,1677346459.0,1228.0,1677346464.0,1677346469.0,5.0,,1.0,9.0,5.0,,,4.0,5315.0,poseidon,local,host-10-100-100-12.openstacklocal,pegasus::transfer,/home/poseidon/pegasus-5.1.0panorama/bin/pegasus-transfer,/home/poseidon/pegasus-5.1.0panorama/bin/../bin/pegasus-kickstart  -n pegasus::transfer -N null -i - -R local  -L xgboost_hp_tuning_group_0 -T 2023-02-25T17:24:23+00:00 /home/poseidon/pegasus-5.1.0panorama/bin/../bin/pegasus-transfer  --threads 2,0.7,0,0,,,,,,,,,
stage_out_local_condorpool_1_0_pegasus-plan_ID0000016,None,transfer,0,1677346463.0,,,1677346468.0,,,0.0,1677346468.0,1677346478.0,1677346468.0,1677346472.0,1233.0,1677346478.0,1677346483.0,5.0,,0.0,10.0,5.0,,,4.0,5310.0,poseidon,local,host-10-100-100-12.openstacklocal,pegasus::transfer,/home/poseidon/pegasus-5.1.0panorama/bin/pegasus-transfer,/home/poseidon/pegasus-5.1.0panorama/bin/../bin/pegasus-kickstart  -n pegasus::transfer -N null -i - -R local  -L xgboost_hp_tuning_group_1 -T 2023-02-25T17:24:23+00:00 /home/poseidon/pegasus-5.1.0panorama/bin/../bin/pegasus-transfer  --threads 2,0.7,0,0,,,,,,,,,
register_condorpool_1_0_pegasus-plan_ID0000012,None,auxiliary,0,1677346469.0,,,1677346474.0,,,0.0,1677346474.0,1677346479.0,,,0.0,1677346479.0,1677346484.0,5.0,,0.0,5.0,5.0,,,,,poseidon,local,host-10-100-100-12.openstacklocal,pegasus::rc-client,/home/poseidon/pegasus-5.1.0panorama/bin/pegasus-rc-client,-n pegasus::rc-client -N null -R local  -L xgboost_hp_tuning_group_0 -T 2023-02-25T17:24:23+00:00 /home/poseidon/pegasus-5.1.0panorama/bin/pegasus-rc-client --prefix pegasus.catalog.replica.output --conf /home/poseidon/workflows/predict-future-sales-workflow/submit/poseidon/pegasus/predict-future-sales/run0194/00/00/./xgboost_hp_tuning_group_0.000/pegasus.4360328107347004121.properties -v --meta /home/poseidon/workflows/predict-future-sales-workflow/submit/poseidon/pegasus/predict-future-sales/run0194/00/00/./xgboost_hp_tuning_group_0.000/00/00/xgboost_best_params_ID0000024.meta --insert /home/poseidon/workflows/predict-future-sales-workflow/submit/poseidon/pegasus/predict-future-sales/run0194/00/00/./xgboost_hp_tuning_group_0.000/00/00/register_condorpool_1_0.in,2.9,0,0,,,,,,,,,
register_condorpool_1_0_pegasus-plan_ID0000016,None,auxiliary,0,1677346483.0,,,1677346488.0,,,0.0,1677346488.0,1677346493.0,,,0.0,1677346493.0,1677346498.0,5.0,,0.0,5.0,5.0,,,,,poseidon,local,host-10-100-100-12.openstacklocal,pegasus::rc-client,/home/poseidon/pegasus-5.1.0panorama/bin/pegasus-rc-client,-n pegasus::rc-client -N null -R local  -L xgboost_hp_tuning_group_1 -T 2023-02-25T17:24:23+00:00 /home/poseidon/pegasus-5.1.0panorama/bin/pegasus-rc-client --prefix pegasus.catalog.replica.output --conf /home/poseidon/workflows/predict-future-sales-workflow/submit/poseidon/pegasus/predict-future-sales/run0194/00/00/./xgboost_hp_tuning_group_1.000/pegasus.14559770924246917869.properties -v --meta /home/poseidon/workflows/predict-future-sales-workflow/submit/poseidon/pegasus/predict-future-sales/run0194/00/00/./xgboost_hp_tuning_group_1.000/00/00/xgboost_best_params_ID0000024.meta --insert /home/poseidon/workflows/predict-future-sales-workflow/submit/poseidon/pegasus/predict-future-sales/run0194/00/00/./xgboost_hp_tuning_group_1.000/00/00/register_condorpool_1_0.in,3.0,0,0,,,,,,,,,
xgboost_model_ID0000013,cpu_2,compute,0,1677346486.0,,,1677346491.0,1677346448.0,1677346466.0,51216994.7,1677346492.0,1677346541.0,1677346480.0,1677346485.0,373483.0,1677346541.0,1677346546.0,5.0,,1.0,49.0,5.0,18.0,502671193.0,5.0,1642619.0,poseidon,condorpool,poseidon-worker-2-container-24-31,xgboost_model,/srv/xgboost_model,,29.4,0,0,,,,,,,,,
xgboost_model_ID0000017,None,compute,0,1677346501.0,,,1677346506.0,1677346463.0,1677346479.0,45656301.5,1677346507.0,1677346546.0,1677346489.0,1677346493.0,110098.0,1677346546.0,1677346551.0,5.0,,1.0,39.0,5.0,16.0,377645129.0,4.0,484666.0,poseidon,condorpool,poseidon-worker-1-container-32-39,xgboost_model,/srv/xgboost_model,,10.6,0,0,,,,,,,,,
model_predict_ID0000014,cpu_2,compute,0,1677346546.0,,,1677346551.0,1677346508.0,1677346526.0,45211307.0,1677346552.0,1677346591.0,1677346534.0,1677346538.0,105611.0,1677346591.0,1677346596.0,5.0,,1.0,39.0,5.0,18.0,371829809.0,4.0,451213.0,poseidon,condorpool,poseidon-worker-3-container-8-15,model_predict,/srv/model_predict,,2.1,0,0,,,,,,,,,
model_predict_ID0000018,None,compute,0,1677346551.0,,,1677346556.0,1677346513.0,1677346530.0,44725356.0,1677346558.0,1677346596.0,1677346538.0,1677346542.0,6022.0,1677346596.0,1677346601.0,5.0,,2.0,38.0,5.0,17.0,368586735.0,4.0,25035.0,poseidon,condorpool,poseidon-worker-1-container-32-39,model_predict,/srv/model_predict,,2.5,0,0,,,,,,,,,
stage_out_local_condorpool_0_2_pegasus-plan_ID0000020,None,transfer,0,1677346815.0,,,1677346820.0,,,0.0,1677346820.0,1677346830.0,1677346820.0,1677346824.0,1840.0,1677346830.0,1677346835.0,5.0,,0.0,10.0,5.0,,,4.0,7424.0,poseidon,local,host-10-100-100-12.openstacklocal,pegasus::transfer,/home/poseidon/pegasus-5.1.0panorama/bin/pegasus-transfer,/home/poseidon/pegasus-5.1.0panorama/bin/../bin/pegasus-kickstart  -n pegasus::transfer -N null -i - -R local  -L xgboost_hp_tuning_group_2 -T 2023-02-25T17:24:23+00:00 /home/poseidon/pegasus-5.1.0panorama/bin/../bin/pegasus-transfer  --threads 2,0.9,0,0,,,,,,,,,
register_condorpool_0_2_pegasus-plan_ID0000020,None,auxiliary,0,1677346835.0,,,1677346840.0,,,0.0,1677346840.0,1677346845.0,,,0.0,1677346845.0,1677346850.0,5.0,,0.0,5.0,5.0,,,,,poseidon,local,host-10-100-100-12.openstacklocal,pegasus::rc-client,/home/poseidon/pegasus-5.1.0panorama/bin/pegasus-rc-client,"-n pegasus::rc-client -N null -R local  -L xgboost_hp_tuning_group_2 -T 2023-02-25T17:24:23+00:00 /home/poseidon/pegasus-5.1.0panorama/bin/pegasus-rc-client --prefix pegasus.catalog.replica.output --conf /home/poseidon/workflows/predict-future-sales-workflow/submit/poseidon/pegasus/predict-future-sales/run0194/00/00/./xgboost_hp_tuning_group_2.000/pegasus.18216105990872871068.properties -v --meta /home/poseidon/workflows/predict-future-sales-workflow/submit/poseidon/pegasus/predict-future-sales/run0194/00/00/./xgboost_hp_tuning_group_2.000/00/00/xgboost_hp_tuning_ID0000017.meta,/home/poseidon/workflows/predict-future-sales-workflow/submit/poseidon/pegasus/predict-future-sales/run0194/00/00/./xgboost_hp_tuning_group_2.000/00/00/xgboost_hp_tuning_ID0000022.meta,/home/poseidon/workflows/predict-future-sales-workflow/submit/poseidon/pegasus/predict-future-sales/run0194/00/00/./xgboost_hp_tuning_group_2.000/00/00/xgboost_hp_tuning_ID0000007.meta,/home/poseidon/workflows/predict-future-sales-workflow/submit/poseidon/pegasus/predict-future-sales/run0194/00/00/./xgboost_hp_tuning_group_2.000/00/00/xgboost_hp_tuning_ID0000020.meta,/home/poseidon/workflows/predict-future-sales-workflow/submit/poseidon/pegasus/predict-future-sales/run0194/00/00/./xgboost_hp_tuning_group_2.000/00/00/xgboost_hp_tuning_ID0000001.meta,/home/poseidon/workflows/predict-future-sales-workflow/submit/poseidon/pegasus/predict-future-sales/run0194/00/00/./xgboost_hp_tuning_group_2.000/00/00/xgboost_hp_tuning_ID0000004.meta,/home/poseidon/workflows/predict-future-sales-workflow/submit/poseidon/pegasus/predict-future-sales/run0194/00/00/./xgboost_hp_tuning_group_2.000/00/00/xgboost_hp_tuning_ID0000014.meta --insert /home/poseidon/workflows/predict-future-sales-workflow/submit/poseidon/pegasus/predict-future-sales/run0194/00/00/./xgboost_hp_tuning_group_2.000/00/00/register_condorpool_0_2.in",3.1,0,0,,,,,,,,,
stage_out_local_condorpool_0_1_pegasus-plan_ID0000020,None,transfer,0,1677346835.0,,,1677346840.0,,,0.0,1677346840.0,1677346850.0,1677346840.0,1677346844.0,2109.0,1677346850.0,1677346855.0,5.0,,0.0,10.0,5.0,,,4.0,8505.0,poseidon,local,host-10-100-100-12.openstacklocal,pegasus::transfer,/home/poseidon/pegasus-5.1.0panorama/bin/pegasus-transfer,/home/poseidon/pegasus-5.1.0panorama/bin/../bin/pegasus-kickstart  -n pegasus::transfer -N null -i - -R local  -L xgboost_hp_tuning_group_2 -T 2023-02-25T17:24:23+00:00 /home/poseidon/pegasus-5.1.0panorama/bin/../bin/pegasus-transfer  --threads 2,1.0,0,0,,,,,,,,,
register_condorpool_0_1_pegasus-plan_ID0000020,None,auxiliary,0,1677346855.0,,,1677346860.0,,,0.0,1677346860.0,1677346865.0,,,0.0,1677346865.0,1677346870.0,5.0,,0.0,5.0,5.0,,,,,poseidon,local,host-10-100-100-12.openstacklocal,pegasus::rc-client,/home/poseidon/pegasus-5.1.0panorama/bin/pegasus-rc-client,"-n pegasus::rc-client -N null -R local  -L xgboost_hp_tuning_group_2 -T 2023-02-25T17:24:23+00:00 /home/poseidon/pegasus-5.1.0panorama/bin/pegasus-rc-client --prefix pegasus.catalog.replica.output --conf /home/poseidon/workflows/predict-future-sales-workflow/submit/poseidon/pegasus/predict-future-sales/run0194/00/00/./xgboost_hp_tuning_group_2.000/pegasus.18216105990872871068.properties -v --meta /home/poseidon/workflows/predict-future-sales-workflow/submit/poseidon/pegasus/predict-future-sales/run0194/00/00/./xgboost_hp_tuning_group_2.000/00/00/xgboost_hp_tuning_ID0000013.meta,/home/poseidon/workflows/predict-future-sales-workflow/submit/poseidon/pegasus/predict-future-sales/run0194/00/00/./xgboost_hp_tuning_group_2.000/00/00/xgboost_hp_tuning_ID0000023.meta,/home/poseidon/workflows/predict-future-sales-workflow/submit/poseidon/pegasus/predict-future-sales/run0194/00/00/./xgboost_hp_tuning_group_2.000/00/00/xgboost_hp_tuning_ID0000011.meta,/home/poseidon/workflows/predict-future-sales-workflow/submit/poseidon/pegasus/predict-future-sales/run0194/00/00/./xgboost_hp_tuning_group_2.000/00/00/xgboost_hp_tuning_ID0000006.meta,/home/poseidon/workflows/predict-future-sales-workflow/submit/poseidon/pegasus/predict-future-sales/run0194/00/00/./xgboost_hp_tuning_group_2.000/00/00/xgboost_hp_tuning_ID0000003.meta,/home/poseidon/workflows/predict-future-sales-workflow/submit/poseidon/pegasus/predict-future-sales/run0194/00/00/./xgboost_hp_tuning_group_2.000/00/00/xgboost_hp_tuning_ID0000021.meta,/home/poseidon/workflows/predict-future-sales-workflow/submit/poseidon/pegasus/predict-future-sales/run0194/00/00/./xgboost_hp_tuning_group_2.000/00/00/xgboost_hp_tuning_ID0000019.meta,/home/poseidon/workflows/predict-future-sales-workflow/submit/poseidon/pegasus/predict-future-sales/run0194/00/00/./xgboost_hp_tuning_group_2.000/00/00/xgboost_hp_tuning_ID0000016.meta --insert /home/poseidon/workflows/predict-future-sales-workflow/submit/poseidon/pegasus/predict-future-sales/run0194/00/00/./xgboost_hp_tuning_group_2.000/00/00/register_condorpool_0_1.in",3.0,0,0,,,,,,,,,
xgboost_best_params_ID0000024_pegasus-plan_ID0000020,None,compute,0,1677346865.0,,,1677346870.0,1677346826.0,1677346843.0,39834569.7,1677346871.0,1677346910.0,1677346849.0,1677346853.0,262.0,1677346910.0,1677346915.0,5.0,,1.0,39.0,5.0,17.0,368018662.0,4.0,1060.0,poseidon,condorpool,poseidon-worker-3-container-0-7,xgboost_best_params,/srv/xgboost_best_params,,0.0,0,0,,,,,,,,,
stage_out_local_condorpool_0_0_pegasus-plan_ID0000020,None,transfer,0,1677346865.0,,,1677346870.0,,,0.0,1677346870.0,1677346880.0,1677346870.0,1677346874.0,2099.0,1677346880.0,1677346885.0,5.0,,0.0,10.0,5.0,,,4.0,8464.0,poseidon,local,host-10-100-100-12.openstacklocal,pegasus::transfer,/home/poseidon/pegasus-5.1.0panorama/bin/pegasus-transfer,/home/poseidon/pegasus-5.1.0panorama/bin/../bin/pegasus-kickstart  -n pegasus::transfer -N null -i - -R local  -L xgboost_hp_tuning_group_2 -T 2023-02-25T17:24:23+00:00 /home/poseidon/pegasus-5.1.0panorama/bin/../bin/pegasus-transfer  --threads 2,1.0,0,0,,,,,,,,,
register_condorpool_0_0_pegasus-plan_ID0000020,None,auxiliary,0,1677346885.0,,,1677346890.0,,,0.0,1677346890.0,1677346895.0,,,0.0,1677346895.0,1677346900.0,5.0,,0.0,5.0,5.0,,,,,poseidon,local,host-10-100-100-12.openstacklocal,pegasus::rc-client,/home/poseidon/pegasus-5.1.0panorama/bin/pegasus-rc-client,"-n pegasus::rc-client -N null -R local  -L xgboost_hp_tuning_group_2 -T 2023-02-25T17:24:23+00:00 /home/poseidon/pegasus-5.1.0panorama/bin/pegasus-rc-client --prefix pegasus.catalog.replica.output --conf /home/poseidon/workflows/predict-future-sales-workflow/submit/poseidon/pegasus/predict-future-sales/run0194/00/00/./xgboost_hp_tuning_group_2.000/pegasus.18216105990872871068.properties -v --meta /home/poseidon/workflows/predict-future-sales-workflow/submit/poseidon/pegasus/predict-future-sales/run0194/00/00/./xgboost_hp_tuning_group_2.000/00/00/xgboost_hp_tuning_ID0000018.meta,/home/poseidon/workflows/predict-future-sales-workflow/submit/poseidon/pegasus/predict-future-sales/run0194/00/00/./xgboost_hp_tuning_group_2.000/00/00/xgboost_hp_tuning_ID0000002.meta,/home/poseidon/workflows/predict-future-sales-workflow/submit/poseidon/pegasus/predict-future-sales/run0194/00/00/./xgboost_hp_tuning_group_2.000/00/00/xgboost_hp_tuning_ID0000005.meta,/home/poseidon/workflows/predict-future-sales-workflow/submit/poseidon/pegasus/predict-future-sales/run0194/00/00/./xgboost_hp_tuning_group_2.000/00/00/xgboost_hp_tuning_ID0000009.meta,/home/poseidon/workflows/predict-future-sales-workflow/submit/poseidon/pegasus/predict-future-sales/run0194/00/00/./xgboost_hp_tuning_group_2.000/00/00/xgboost_hp_tuning_ID0000015.meta,/home/poseidon/workflows/predict-future-sales-workflow/submit/poseidon/pegasus/predict-future-sales/run0194/00/00/./xgboost_hp_tuning_group_2.000/00/00/xgboost_hp_tuning_ID0000012.meta,/home/poseidon/workflows/predict-future-sales-workflow/submit/poseidon/pegasus/predict-future-sales/run0194/00/00/./xgboost_hp_tuning_group_2.000/00/00/xgboost_hp_tuning_ID0000010.meta,/home/poseidon/workflows/predict-future-sales-workflow/submit/poseidon/pegasus/predict-future-sales/run0194/00/00/./xgboost_hp_tuning_group_2.000/00/00/xgboost_hp_tuning_ID0000008.meta --insert /home/poseidon/workflows/predict-future-sales-workflow/submit/poseidon/pegasus/predict-future-sales/run0194/00/00/./xgboost_hp_tuning_group_2.000/00/00/register_condorpool_0_0.in",3.1,0,0,,,,,,,,,
stage_out_local_condorpool_1_0_pegasus-plan_ID0000020,None,transfer,0,1677346915.0,,,1677346920.0,,,0.0,1677346920.0,1677346930.0,1677346921.0,1677346925.0,1258.0,1677346930.0,1677346935.0,5.0,,0.0,10.0,5.0,,,4.0,5300.0,poseidon,local,host-10-100-100-12.openstacklocal,pegasus::transfer,/home/poseidon/pegasus-5.1.0panorama/bin/pegasus-transfer,/home/poseidon/pegasus-5.1.0panorama/bin/../bin/pegasus-kickstart  -n pegasus::transfer -N null -i - -R local  -L xgboost_hp_tuning_group_2 -T 2023-02-25T17:24:23+00:00 /home/poseidon/pegasus-5.1.0panorama/bin/../bin/pegasus-transfer  --threads 2,0.7,0,0,,,,,,,,,
register_condorpool_1_0_pegasus-plan_ID0000020,None,auxiliary,0,1677346935.0,,,1677346940.0,,,0.0,1677346940.0,1677346945.0,,,0.0,1677346945.0,1677346950.0,5.0,,0.0,5.0,5.0,,,,,poseidon,local,host-10-100-100-12.openstacklocal,pegasus::rc-client,/home/poseidon/pegasus-5.1.0panorama/bin/pegasus-rc-client,-n pegasus::rc-client -N null -R local  -L xgboost_hp_tuning_group_2 -T 2023-02-25T17:24:23+00:00 /home/poseidon/pegasus-5.1.0panorama/bin/pegasus-rc-client --prefix pegasus.catalog.replica.output --conf /home/poseidon/workflows/predict-future-sales-workflow/submit/poseidon/pegasus/predict-future-sales/run0194/00/00/./xgboost_hp_tuning_group_2.000/pegasus.18216105990872871068.properties -v --meta /home/poseidon/workflows/predict-future-sales-workflow/submit/poseidon/pegasus/predict-future-sales/run0194/00/00/./xgboost_hp_tuning_group_2.000/00/00/xgboost_best_params_ID0000024.meta --insert /home/poseidon/workflows/predict-future-sales-workflow/submit/poseidon/pegasus/predict-future-sales/run0194/00/00/./xgboost_hp_tuning_group_2.000/00/00/register_condorpool_1_0.in,3.0,0,0,,,,,,,,,
xgboost_model_ID0000021,cpu_2,compute,0,1677346951.0,,,1677346956.0,1677346917.0,1677346947.0,75081201.2,1677346962.0,1677347167.0,1677347108.0,1677347113.0,2929023.0,1677347167.0,1677347172.0,5.0,,6.0,205.0,5.0,30.0,1691152081.0,5.0,13210777.0,poseidon,condorpool,poseidon-worker-1-container-16-23,xgboost_model,/srv/xgboost_model,,726.3,0,0,0.1,1348850211.0,24449.0,5404.0,8.0,703.9,14.0,8992334.7,2444.9
stage_out_local_local_5_0,None,transfer,0,1677346951.0,,,1677346956.0,,,0.0,1677346956.0,1677346966.0,1677346956.0,1677346960.0,789.0,1677346966.0,1677346971.0,5.0,,0.0,10.0,5.0,,,4.0,3185.0,poseidon,local,host-10-100-100-12.openstacklocal,pegasus::transfer,/home/poseidon/pegasus-5.1.0panorama/bin/pegasus-transfer,pegasus-kickstart  -n pegasus::transfer -N null -i - -R local  -L predict-future-sales -T 2023-02-17T19:59:06+00:00 pegasus-transfer  --threads 2,0.3,0,0,,,,,,,,,
cleanup_predict-future-sales_0_local,None,auxiliary,0,1677346971.0,,,1677346976.0,,,0.0,1677346976.0,1677346986.0,,,0.0,1677346986.0,1677346991.0,5.0,,0.0,10.0,5.0,,,,,poseidon,local,host-10-100-100-12.openstacklocal,pegasus::cleanup,/home/poseidon/pegasus-5.1.0panorama/bin/pegasus-transfer,pegasus-kickstart  -n pegasus::cleanup -N null -i - -R local  -L predict-future-sales -T 2023-02-17T19:59:06+00:00 pegasus-transfer,0.3,0,0,,,,,,,,,
stage_out_local_condorpool_6_0,None,transfer,0,1677347172.0,,,1677347177.0,,,0.0,1677347177.0,1677347187.0,1677347177.0,1677347181.0,3804666.0,1677347187.0,1677347192.0,5.0,,0.0,10.0,5.0,,,4.0,15338062.0,poseidon,local,host-10-100-100-12.openstacklocal,pegasus::transfer,/home/poseidon/pegasus-5.1.0panorama/bin/pegasus-transfer,pegasus-kickstart  -n pegasus::transfer -N null -i - -R local  -L predict-future-sales -T 2023-02-17T19:59:06+00:00 pegasus-transfer  --threads 2,0.9,0,0,,,,,,,,,
model_predict_ID0000022,cpu_2,compute,0,1677347172.0,,,1677347177.0,1677347134.0,1677347152.0,44031769.7,1677347178.0,1677347217.0,1677347160.0,1677347165.0,1273383.0,1677347217.0,1677347222.0,5.0,,1.0,39.0,5.0,18.0,408215335.0,5.0,5523764.0,poseidon,condorpool,poseidon-worker-1-container-16-23,model_predict,/srv/model_predict,,4.0,0,0,,,,,,,,,
stage_out_local_condorpool_7_0,None,transfer,0,1677347222.0,,,1677347227.0,,,0.0,1677347227.0,1677347237.0,1677347228.0,1677347232.0,1488494.0,1677347237.0,1677347242.0,5.0,,0.0,10.0,5.0,,,4.0,6000012.0,poseidon,local,host-10-100-100-12.openstacklocal,pegasus::transfer,/home/poseidon/pegasus-5.1.0panorama/bin/pegasus-transfer,pegasus-kickstart  -n pegasus::transfer -N null -i - -R local  -L predict-future-sales -T 2023-02-17T19:59:06+00:00 pegasus-transfer  --threads 2,0.6,0,0,,,,,,,,,
predict_merge_ID0000023,cpu_2,compute,0,1677347222.0,,,1677347227.0,1677347184.0,1677347201.0,40770784.3,1677347229.0,1677347267.0,1677347208.0,1677347213.0,855238.0,1677347267.0,1677347272.0,5.0,,2.0,38.0,5.0,17.0,377176763.0,5.0,3698636.0,poseidon,condorpool,poseidon-worker-1-container-16-23,predict_merge,/srv/predict_merge,,1.3,0,0,,,,,,,,,
stage_out_local_condorpool_8_0,None,transfer,0,1677347272.0,,,1677347277.0,,,0.0,1677347277.0,1677347287.0,1677347277.0,1677347279.0,1713234.0,1677347287.0,1677347292.0,5.0,,0.0,10.0,5.0,,,2.0,3698636.0,poseidon,local,host-10-100-100-12.openstacklocal,pegasus::transfer,/home/poseidon/pegasus-5.1.0panorama/bin/pegasus-transfer,pegasus-kickstart  -n pegasus::transfer -N null -i - -R local  -L predict-future-sales -T 2023-02-17T19:59:06+00:00 pegasus-transfer  --threads 2,0.4,0,0,,,,,,,,,
cleanup_predict-future-sales_0_condorpool,None,auxiliary,0,1677347292.0,,,1677347297.0,,,0.0,1677347297.0,1677347307.0,,,0.0,1677347307.0,1677347312.0,5.0,,0.0,10.0,5.0,,,,,poseidon,local,host-10-100-100-12.openstacklocal,pegasus::cleanup,/home/poseidon/pegasus-5.1.0panorama/bin/pegasus-transfer,pegasus-kickstart  -n pegasus::cleanup -N null -i - -R local  -L predict-future-sales -T 2023-02-17T19:59:06+00:00 pegasus-transfer,0.3,0,0,,,,,,,,,
