,anomaly_type,type,is_clustered,ready,pre_script_start,pre_script_end,submit,stage_in_start,stage_in_end,stage_in_effective_bytes_per_sec,execute_start,execute_end,stage_out_start,stage_out_end,stage_out_effective_bytes_per_sec,post_script_start,post_script_end,wms_delay,pre_script_delay,queue_delay,runtime,post_script_delay,stage_in_delay,stage_in_bytes,stage_out_delay,stage_out_bytes,kickstart_user,kickstart_site,kickstart_hostname,kickstart_transformations,kickstart_executables,kickstart_executables_argv,kickstart_executables_cpu_time,kickstart_status,kickstart_executables_exitcode,kickstart_online_iowait,kickstart_online_bytes_read,kickstart_online_bytes_written,kickstart_online_read_system_calls,kickstart_online_write_system_calls,kickstart_online_utime,kickstart_online_stime,kickstart_online_bytes_read_per_second,kickstart_online_bytes_written_per_second
create_dir_predict-future-sales_0_local,None,auxiliary,0,1678025599.0,,,1678025600.0,,,0.0,1678025601.0,1678025611.0,,,0.0,1678025611.0,1678025616.0,1.0,,1.0,10.0,5.0,,,,,poseidon,local,poseidon-submit,pegasus::dirmanager,/home/poseidon/pegasus-5.1.0panorama/bin/pegasus-transfer,pegasus-kickstart  -n pegasus::dirmanager -N null -i - -R local  -L predict-future-sales -T 2023-02-17T19:59:06+00:00 pegasus-transfer,0.3,0,0,,,,,,,,,
create_dir_predict-future-sales_0_condorpool,None,auxiliary,0,1678025599.0,,,1678025600.0,,,0.0,1678025601.0,1678025611.0,,,0.0,1678025611.0,1678025616.0,1.0,,1.0,10.0,5.0,,,,,poseidon,local,poseidon-submit,pegasus::dirmanager,/home/poseidon/pegasus-5.1.0panorama/bin/pegasus-transfer,pegasus-kickstart  -n pegasus::dirmanager -N null -i - -R local  -L predict-future-sales -T 2023-02-17T19:59:06+00:00 pegasus-transfer,0.3,0,0,,,,,,,,,
stage_in_local_local_4_0,None,transfer,0,1678025616.0,,,1678025621.0,1678025621.0,1678025623.0,5793.0,1678025621.0,1678025646.0,,,0.0,1678025646.0,1678025651.0,5.0,,0.0,25.0,5.0,2.0,12577.0,,,poseidon,local,poseidon-submit,pegasus::transfer,/home/poseidon/pegasus-5.1.0panorama/bin/pegasus-transfer,pegasus-kickstart  -n pegasus::transfer -N null -i - -R local  -L predict-future-sales -T 2023-02-17T19:59:06+00:00 pegasus-transfer  --threads 2,0.4,0,0,,,,,,,,,
stage_in_local_condorpool_8_0,None,transfer,0,1678025616.0,,,1678025621.0,1678025621.0,1678025625.0,682.0,1678025621.0,1678025646.0,,,0.0,1678025646.0,1678025651.0,5.0,,0.0,25.0,5.0,4.0,2368.0,,,poseidon,local,poseidon-submit,pegasus::transfer,/home/poseidon/pegasus-5.1.0panorama/bin/pegasus-transfer,pegasus-kickstart  -n pegasus::transfer -N null -i - -R local  -L predict-future-sales -T 2023-02-17T19:59:06+00:00 pegasus-transfer  --threads 2,0.5,0,0,,,,,,,,,
stage_in_local_condorpool_3_0,None,transfer,0,1678025616.0,,,1678025621.0,1678025621.0,1678025625.0,2952.0,1678025621.0,1678025646.0,,,0.0,1678025646.0,1678025651.0,5.0,,0.0,25.0,5.0,4.0,12704.0,,,poseidon,local,poseidon-submit,pegasus::transfer,/home/poseidon/pegasus-5.1.0panorama/bin/pegasus-transfer,pegasus-kickstart  -n pegasus::transfer -N null -i - -R local  -L predict-future-sales -T 2023-02-17T19:59:06+00:00 pegasus-transfer  --threads 2,0.6,0,0,,,,,,,,,
stage_in_local_condorpool_2_0,None,transfer,0,1678025616.0,,,1678025621.0,1678025621.0,1678025627.0,9983.0,1678025621.0,1678025651.0,,,0.0,1678025651.0,1678025656.0,5.0,,0.0,30.0,5.0,6.0,55480.0,,,poseidon,local,poseidon-submit,pegasus::transfer,/home/poseidon/pegasus-5.1.0panorama/bin/pegasus-transfer,pegasus-kickstart  -n pegasus::transfer -N null -i - -R local  -L predict-future-sales -T 2023-02-17T19:59:06+00:00 pegasus-transfer  --threads 2,1.0,0,0,,,,,,,,,
stage_in_local_condorpool_1_0,None,transfer,0,1678025616.0,,,1678025621.0,1678025621.0,1678025625.0,3677.0,1678025621.0,1678025646.0,,,0.0,1678025646.0,1678025651.0,5.0,,0.0,25.0,5.0,4.0,15640.0,,,poseidon,local,poseidon-submit,pegasus::transfer,/home/poseidon/pegasus-5.1.0panorama/bin/pegasus-transfer,pegasus-kickstart  -n pegasus::transfer -N null -i - -R local  -L predict-future-sales -T 2023-02-17T19:59:06+00:00 pegasus-transfer  --threads 2,0.6,0,0,,,,,,,,,
stage_in_local_condorpool_0_0,None,transfer,0,1678025616.0,,,1678025621.0,1678025621.0,1678025631.0,97739807.0,1678025621.0,1678025651.0,,,0.0,1678025651.0,1678025656.0,5.0,,0.0,30.0,5.0,10.0,936801734.0,,,poseidon,local,poseidon-submit,pegasus::transfer,/home/poseidon/pegasus-5.1.0panorama/bin/pegasus-transfer,pegasus-kickstart  -n pegasus::transfer -N null -i - -R local  -L predict-future-sales -T 2023-02-17T19:59:06+00:00 pegasus-transfer  --threads 2,5.6,0,0,,,,,,,,,
stage_in_local_condorpool_7_0,None,transfer,0,1678025616.0,,,1678025621.0,1678025621.0,1678025625.0,1007.0,1678025621.0,1678025646.0,,,0.0,1678025646.0,1678025651.0,5.0,,0.0,25.0,5.0,4.0,3488.0,,,poseidon,local,poseidon-submit,pegasus::transfer,/home/poseidon/pegasus-5.1.0panorama/bin/pegasus-transfer,pegasus-kickstart  -n pegasus::transfer -N null -i - -R local  -L predict-future-sales -T 2023-02-17T19:59:06+00:00 pegasus-transfer  --threads 2,0.4,0,0,,,,,,,,,
stage_in_local_condorpool_6_0,None,transfer,0,1678025616.0,,,1678025621.0,1678025621.0,1678025625.0,2296.0,1678025621.0,1678025646.0,,,0.0,1678025646.0,1678025651.0,5.0,,0.0,25.0,5.0,4.0,7870.0,,,poseidon,local,poseidon-submit,pegasus::transfer,/home/poseidon/pegasus-5.1.0panorama/bin/pegasus-transfer,pegasus-kickstart  -n pegasus::transfer -N null -i - -R local  -L predict-future-sales -T 2023-02-17T19:59:06+00:00 pegasus-transfer  --threads 2,0.5,0,0,,,,,,,,,
preprocess_ID0000003,hdd_5,compute,0,1678025656.0,,,1678025661.0,1678025608.0,1678025654.0,42654525.2,1678025663.0,1678025851.0,1678025780.0,1678025787.0,22089985.0,1678025851.0,1678025856.0,5.0,,2.0,188.0,5.0,46.0,467356066.0,7.0,160257914.0,poseidon,condorpool,poseidon-worker-3-container-0-7,preprocess,/srv/preprocess,,4.1,0,0,,,,,,,,,
nlp_ID0000002,hdd_5,compute,0,1678025656.0,,,1678025661.0,1678025609.0,1678025653.0,41664737.8,1678025663.0,1678026107.0,1678026040.0,1678026045.0,582824.0,1678026107.0,1678026112.0,5.0,,2.0,444.0,5.0,44.0,369033604.0,5.0,2755872.0,poseidon,condorpool,poseidon-worker-2-container-16-23,nlp,/srv/nlp,,2348.7,0,0,0.1,21457816.0,8791.0,3285.0,5.0,2342.5,3.0,56467.9,879.1
eda_ID0000001,None,compute,0,1678025656.0,,,1678025661.0,1678025609.0,1678025627.0,45098262.3,1678025663.0,1678025801.0,1678025730.0,1678025735.0,269131.0,1678025801.0,1678025806.0,5.0,,2.0,138.0,5.0,18.0,464177772.0,5.0,1197465.0,poseidon,condorpool,poseidon-worker-2-container-0-7,eda,/srv/eda,,33.6,0,0,0.1,144954772.0,878159.0,27583.0,42.0,28.0,1.9,4831825.7,29272.0
feature_eng_0_ID0000004,hdd_5,compute,0,1678025856.0,,,1678025861.0,1678025808.0,1678025826.0,41920880.5,1678025862.0,1678026016.0,1678025848.0,1678025852.0,198908.0,1678026016.0,1678026021.0,5.0,,1.0,154.0,5.0,18.0,369949088.0,4.0,893320.0,poseidon,condorpool,poseidon-worker-3-container-0-7,feature_eng_0,/srv/feature_eng_0,,5.1,0,0,,,,,,,,,
feature_eng_1_ID0000005,None,compute,0,1678025856.0,,,1678025861.0,1678025808.0,1678025829.0,46128967.0,1678025862.0,1678025931.0,1678025854.0,1678025864.0,35974609.0,1678025931.0,1678025936.0,5.0,,1.0,69.0,5.0,21.0,528250191.0,10.0,393324463.0,poseidon,condorpool,poseidon-worker-2-container-0-7,feature_eng_1,/srv/feature_eng_1,,16.4,0,0,0.0,169610158.0,8.0,1723.0,1.0,8.1,1.9,16961015.8,0.8
feature_eng_4_ID0000008,None,compute,0,1678025936.0,,,1678025941.0,1678025888.0,1678025910.0,55409118.5,1678025943.0,1678026062.0,1678025974.0,1678025998.0,49227834.0,1678026062.0,1678026067.0,5.0,,2.0,119.0,5.0,22.0,761328752.0,24.0,1201824259.0,poseidon,condorpool,poseidon-worker-2-container-0-7,feature_eng_4,/srv/feature_eng_4,,51.0,0,0,0.0,402710702.0,218513522.0,1337.0,7.0,37.3,12.7,8054214.0,10925676.1
feature_eng_2_ID0000006,hdd_5,compute,0,1678025936.0,,,1678025941.0,1678025959.0,1678025982.0,49948295.1,1678026013.0,1678027368.0,1678027265.0,1678027304.0,44576584.0,1678027368.0,1678027373.0,5.0,,72.0,1355.0,5.0,23.0,761320658.0,39.0,1748107178.0,poseidon,condorpool,poseidon-worker-3-container-0-7,feature_eng_2,/srv/feature_eng_2,,283.0,0,0,47.0,402822221.0,1660701872.0,1793.0,34.0,215.7,67.2,1220673.4,55356729.1
stage_out_local_condorpool_1_0,None,transfer,0,1678026021.0,,,1678026027.0,,,0.0,1678026027.0,1678026037.0,1678026027.0,1678026031.0,91355878.0,1678026037.0,1678026042.0,6.0,,0.0,10.0,5.0,,,4.0,394217783.0,poseidon,local,host-10-100-100-12.openstacklocal,pegasus::transfer,/home/poseidon/pegasus-5.1.0panorama/bin/pegasus-transfer,pegasus-kickstart  -n pegasus::transfer -N null -i - -R local  -L predict-future-sales -T 2023-02-17T19:59:06+00:00 pegasus-transfer  --threads 2,2.1,0,0,,,,,,,,,
feature_eng_3_ID0000007,hdd_5,compute,0,1678026021.0,,,1678026027.0,1678025974.0,1678026122.0,38983792.9,1678026028.0,1678027358.0,1678027265.0,1678027295.0,39564314.0,1678027358.0,1678027363.0,6.0,,1.0,1330.0,5.0,148.0,762217561.0,30.0,1179971921.0,poseidon,condorpool,poseidon-worker-3-container-0-7,feature_eng_3,/srv/feature_eng_3,,106.8,0,0,0.0,403671474.0,8.0,1538.0,1.0,68.0,31.9,4036714.7,0.8
feature_eng_5_ID0000009,hdd_5,compute,0,1678026021.0,,,1678026027.0,1678025974.0,1678026126.0,39132869.5,1678026028.0,1678027348.0,1678027265.0,1678027286.0,31427943.0,1678027348.0,1678027353.0,6.0,,1.0,1320.0,5.0,152.0,856820455.0,21.0,655540227.0,poseidon,condorpool,poseidon-worker-3-container-0-7,feature_eng_5,/srv/feature_eng_5,,230.5,0,0,0.0,498328393.0,21851721.0,2108.0,4.0,208.7,21.3,2166645.2,1092586.0
register_condorpool_1_0,None,auxiliary,0,1678026042.0,,,1678026047.0,,,0.0,1678026047.0,1678026052.0,,,0.0,1678026052.0,1678026057.0,5.0,,0.0,5.0,5.0,,,,,poseidon,local,host-10-100-100-12.openstacklocal,pegasus::rc-client,/home/poseidon/pegasus-5.1.0panorama/bin/pegasus-rc-client,"pegasus-kickstart  -n pegasus::rc-client -N null -R local  -L predict-future-sales -T 2023-02-17T19:59:06+00:00 /home/poseidon/pegasus-5.1.0panorama/bin/pegasus-rc-client --prefix pegasus.catalog.replica.output --conf /home/poseidon/workflows/predict-future-sales-workflow/submit/poseidon/pegasus/predict-future-sales/run0440/pegasus.15569341073287679990.properties -v --meta /home/poseidon/workflows/predict-future-sales-workflow/submit/poseidon/pegasus/predict-future-sales/run0440/00/00/feature_eng_1_ID0000005.meta,/home/poseidon/workflows/predict-future-sales-workflow/submit/poseidon/pegasus/predict-future-sales/run0440/00/00/feature_eng_0_ID0000004.meta --insert /home/poseidon/workflows/predict-future-sales-workflow/submit/poseidon/pegasus/predict-future-sales/run0440/00/00/register_condorpool_1_0.in",3.0,0,0,,,,,,,,,
stage_out_local_condorpool_0_0,None,transfer,0,1678026112.0,,,1678026117.0,,,0.0,1678026118.0,1678026127.0,1678026118.0,1678026122.0,40710323.0,1678026127.0,1678026132.0,5.0,,1.0,9.0,5.0,,,4.0,164211251.0,poseidon,local,host-10-100-100-12.openstacklocal,pegasus::transfer,/home/poseidon/pegasus-5.1.0panorama/bin/pegasus-transfer,pegasus-kickstart  -n pegasus::transfer -N null -i - -R local  -L predict-future-sales -T 2023-02-17T19:59:06+00:00 pegasus-transfer  --threads 2,2.0,0,0,,,,,,,,,
register_condorpool_0_0,None,auxiliary,0,1678026132.0,,,1678026137.0,,,0.0,1678026137.0,1678026142.0,,,0.0,1678026142.0,1678026147.0,5.0,,0.0,5.0,5.0,,,,,poseidon,local,host-10-100-100-12.openstacklocal,pegasus::rc-client,/home/poseidon/pegasus-5.1.0panorama/bin/pegasus-rc-client,"pegasus-kickstart  -n pegasus::rc-client -N null -R local  -L predict-future-sales -T 2023-02-17T19:59:06+00:00 /home/poseidon/pegasus-5.1.0panorama/bin/pegasus-rc-client --prefix pegasus.catalog.replica.output --conf /home/poseidon/workflows/predict-future-sales-workflow/submit/poseidon/pegasus/predict-future-sales/run0440/pegasus.15569341073287679990.properties -v --meta /home/poseidon/workflows/predict-future-sales-workflow/submit/poseidon/pegasus/predict-future-sales/run0440/00/00/nlp_ID0000002.meta,/home/poseidon/workflows/predict-future-sales-workflow/submit/poseidon/pegasus/predict-future-sales/run0440/00/00/eda_ID0000001.meta,/home/poseidon/workflows/predict-future-sales-workflow/submit/poseidon/pegasus/predict-future-sales/run0440/00/00/preprocess_ID0000003.meta --insert /home/poseidon/workflows/predict-future-sales-workflow/submit/poseidon/pegasus/predict-future-sales/run0440/00/00/register_condorpool_0_0.in",2.8,0,0,,,,,,,,,
stage_out_local_condorpool_2_0,None,transfer,0,1678027373.0,,,1678027378.0,,,0.0,1678027378.0,1678027403.0,1678027378.0,1678027397.0,249915582.0,1678027403.0,1678027408.0,5.0,,0.0,25.0,5.0,,,19.0,4785443585.0,poseidon,local,host-10-100-100-12.openstacklocal,pegasus::transfer,/home/poseidon/pegasus-5.1.0panorama/bin/pegasus-transfer,pegasus-kickstart  -n pegasus::transfer -N null -i - -R local  -L predict-future-sales -T 2023-02-17T19:59:06+00:00 pegasus-transfer  --threads 2,21.1,0,0,,,,,,,,,
feature_merge_ID0000010,hdd_5,compute,0,1678027373.0,,,1678027378.0,1678027325.0,1678027465.0,38929658.4,1678027379.0,1678029045.0,1678028406.0,1678028461.0,54905725.0,1678029045.0,1678029050.0,5.0,,1.0,1666.0,5.0,140.0,5155397110.0,55.0,2993643458.0,poseidon,condorpool,poseidon-worker-3-container-0-7,feature_merge,/srv/feature_merge,,61.2,0,0,851.1,4797024039.0,1496837404.0,2099.0,162.0,38.4,21.7,79950400.7,74841870.2
register_condorpool_2_0,None,auxiliary,0,1678027408.0,,,1678027413.0,,,0.0,1678027413.0,1678027418.0,,,0.0,1678027418.0,1678027423.0,5.0,,0.0,5.0,5.0,,,,,poseidon,local,host-10-100-100-12.openstacklocal,pegasus::rc-client,/home/poseidon/pegasus-5.1.0panorama/bin/pegasus-rc-client,"pegasus-kickstart  -n pegasus::rc-client -N null -R local  -L predict-future-sales -T 2023-02-17T19:59:06+00:00 /home/poseidon/pegasus-5.1.0panorama/bin/pegasus-rc-client --prefix pegasus.catalog.replica.output --conf /home/poseidon/workflows/predict-future-sales-workflow/submit/poseidon/pegasus/predict-future-sales/run0440/pegasus.15569341073287679990.properties -v --meta /home/poseidon/workflows/predict-future-sales-workflow/submit/poseidon/pegasus/predict-future-sales/run0440/00/00/feature_eng_5_ID0000009.meta,/home/poseidon/workflows/predict-future-sales-workflow/submit/poseidon/pegasus/predict-future-sales/run0440/00/00/feature_eng_2_ID0000006.meta,/home/poseidon/workflows/predict-future-sales-workflow/submit/poseidon/pegasus/predict-future-sales/run0440/00/00/feature_eng_3_ID0000007.meta,/home/poseidon/workflows/predict-future-sales-workflow/submit/poseidon/pegasus/predict-future-sales/run0440/00/00/feature_eng_4_ID0000008.meta --insert /home/poseidon/workflows/predict-future-sales-workflow/submit/poseidon/pegasus/predict-future-sales/run0440/00/00/register_condorpool_2_0.in",2.9,0,0,,,,,,,,,
stage_inter_local_xgboost_model_ID0000021_0,None,transfer,0,1678029050.0,,,1678029055.0,1678029056.0,1678029094.0,69418220.0,1678029055.0,1678029100.0,,,0.0,1678029100.0,1678029105.0,5.0,,0.0,45.0,5.0,38.0,2646308508.0,,,poseidon,local,host-10-100-100-12.openstacklocal,pegasus::transfer,/home/poseidon/pegasus-5.1.0panorama/bin/pegasus-transfer,pegasus-kickstart  -n pegasus::transfer -N null -i - -R local  -L predict-future-sales -T 2023-02-17T19:59:06+00:00 pegasus-transfer  --threads 2,9.5,0,0,,,,,,,,,
stage_inter_local_xgboost_hp_tuning_workflow_ID0000015_0,None,transfer,0,1678029050.0,,,1678029055.0,1678029056.0,1678029058.0,401.0,1678029055.0,1678029065.0,,,0.0,1678029065.0,1678029070.0,5.0,,0.0,10.0,5.0,2.0,826.0,,,poseidon,local,host-10-100-100-12.openstacklocal,pegasus::transfer,/home/poseidon/pegasus-5.1.0panorama/bin/pegasus-transfer,pegasus-kickstart  -n pegasus::transfer -N null -i - -R local  -L predict-future-sales -T 2023-02-17T19:59:06+00:00 pegasus-transfer  --threads 2,0.3,0,0,,,,,,,,,
stage_inter_local_model_predict_ID0000022_0,None,transfer,0,1678029050.0,,,1678029055.0,1678029056.0,1678029059.0,14476751.0,1678029055.0,1678029065.0,,,0.0,1678029065.0,1678029070.0,5.0,,0.0,10.0,5.0,3.0,54050130.0,,,poseidon,local,host-10-100-100-12.openstacklocal,pegasus::transfer,/home/poseidon/pegasus-5.1.0panorama/bin/pegasus-transfer,pegasus-kickstart  -n pegasus::transfer -N null -i - -R local  -L predict-future-sales -T 2023-02-17T19:59:06+00:00 pegasus-transfer  --threads 2,0.6,0,0,,,,,,,,,
stage_out_local_condorpool_3_0,None,transfer,0,1678029050.0,,,1678029055.0,,,0.0,1678029055.0,1678029085.0,1678029056.0,1678029079.0,128165448.0,1678029085.0,1678029090.0,5.0,,0.0,30.0,5.0,,,23.0,2993643458.0,poseidon,local,host-10-100-100-12.openstacklocal,pegasus::transfer,/home/poseidon/pegasus-5.1.0panorama/bin/pegasus-transfer,pegasus-kickstart  -n pegasus::transfer -N null -i - -R local  -L predict-future-sales -T 2023-02-17T19:59:06+00:00 pegasus-transfer  --threads 2,14.6,0,0,,,,,,,,,
stage_inter_local_xgboost_model_ID0000013_0,None,transfer,0,1678029050.0,,,1678029055.0,1678029056.0,1678029063.0,35767595.0,1678029055.0,1678029070.0,,,0.0,1678029070.0,1678029075.0,5.0,,0.0,15.0,5.0,7.0,269346726.0,,,poseidon,local,host-10-100-100-12.openstacklocal,pegasus::transfer,/home/poseidon/pegasus-5.1.0panorama/bin/pegasus-transfer,pegasus-kickstart  -n pegasus::transfer -N null -i - -R local  -L predict-future-sales -T 2023-02-17T19:59:06+00:00 pegasus-transfer  --threads 2,1.3,0,0,,,,,,,,,
stage_inter_local_model_predict_ID0000014_0,None,transfer,0,1678029050.0,,,1678029055.0,1678029056.0,1678029059.0,1240437.0,1678029055.0,1678029065.0,,,0.0,1678029065.0,1678029070.0,5.0,,0.0,10.0,5.0,3.0,4411696.0,,,poseidon,local,host-10-100-100-12.openstacklocal,pegasus::transfer,/home/poseidon/pegasus-5.1.0panorama/bin/pegasus-transfer,pegasus-kickstart  -n pegasus::transfer -N null -i - -R local  -L predict-future-sales -T 2023-02-17T19:59:06+00:00 pegasus-transfer  --threads 2,0.4,0,0,,,,,,,,,
xgboost_hp_tuning_workflow_ID0000015,None,compute,0,1678029070.0,,,1678029075.0,,,0.0,1678029075.0,1678029090.0,,,0.0,1678029090.0,1678029095.0,5.0,,0.0,15.0,5.0,,,,,poseidon,local,poseidon-submit.novalocal,xgboost_hp_tuning_workflow,/var/spool/condor/local_univ_execute/dir_936202/xgboost_hp_tuning_workflow,/home/poseidon/workflows/predict-future-sales-workflow/submit/poseidon/pegasus/predict-future-sales/run0440/00/00/xgboost_hp_tuning_workflow_ID0000015.sh,0.1,0,0,,,,,,,,,
xgboost_hp_tuning_workflow_ID0000011,None,compute,0,1678029070.0,,,1678029075.0,,,0.0,1678029075.0,1678029090.0,,,0.0,1678029090.0,1678029095.0,5.0,,0.0,15.0,5.0,,,,,poseidon,local,poseidon-submit.novalocal,xgboost_hp_tuning_workflow,/var/spool/condor/local_univ_execute/dir_936214/xgboost_hp_tuning_workflow,/home/poseidon/workflows/predict-future-sales-workflow/submit/poseidon/pegasus/predict-future-sales/run0440/00/00/xgboost_hp_tuning_workflow_ID0000011.sh,0.1,0,0,,,,,,,,,
xgboost_hp_tuning_workflow_ID0000019,None,compute,0,1678029070.0,,,1678029075.0,,,0.0,1678029075.0,1678029090.0,,,0.0,1678029090.0,1678029095.0,5.0,,0.0,15.0,5.0,,,,,poseidon,local,poseidon-submit.novalocal,xgboost_hp_tuning_workflow,/var/spool/condor/local_univ_execute/dir_936218/xgboost_hp_tuning_workflow,/home/poseidon/workflows/predict-future-sales-workflow/submit/poseidon/pegasus/predict-future-sales/run0440/00/00/xgboost_hp_tuning_workflow_ID0000019.sh,0.1,0,0,,,,,,,,,
register_condorpool_3_0,None,auxiliary,0,1678029090.0,,,1678029095.0,,,0.0,1678029095.0,1678029100.0,,,0.0,1678029100.0,1678029105.0,5.0,,0.0,5.0,5.0,,,,,poseidon,local,host-10-100-100-12.openstacklocal,pegasus::rc-client,/home/poseidon/pegasus-5.1.0panorama/bin/pegasus-rc-client,pegasus-kickstart  -n pegasus::rc-client -N null -R local  -L predict-future-sales -T 2023-02-17T19:59:06+00:00 /home/poseidon/pegasus-5.1.0panorama/bin/pegasus-rc-client --prefix pegasus.catalog.replica.output --conf /home/poseidon/workflows/predict-future-sales-workflow/submit/poseidon/pegasus/predict-future-sales/run0440/pegasus.15569341073287679990.properties -v --meta /home/poseidon/workflows/predict-future-sales-workflow/submit/poseidon/pegasus/predict-future-sales/run0440/00/00/feature_merge_ID0000010.meta --insert /home/poseidon/workflows/predict-future-sales-workflow/submit/poseidon/pegasus/predict-future-sales/run0440/00/00/register_condorpool_3_0.in,3.0,0,0,,,,,,,,,
pegasus-plan_ID0000016,None,subwf,0,1678029095.0,1678029095.0,1678029101.0,1678029105.0,,,0.0,1678029107.0,1678030086.0,,,0.0,,,0.0,6.0,2.0,979.0,,,,,,poseidon,local,poseidon-submit,condor::dagman,/usr/bin/condor_dagman,-p 0  -f -l . -Notification never -Debug 3 -Lockfile xgboost_hp_tuning_group_1.dag.lock -Dag xgboost_hp_tuning_group_1.dag -AllowVersionMismatch  -AutoRescue 1 -DoRescueFrom 0,0.0,0,0,,,,,,,,,
pegasus-plan_ID0000012,None,subwf,0,1678029095.0,1678029095.0,1678029101.0,1678029105.0,,,0.0,1678029107.0,1678029901.0,,,0.0,,,0.0,6.0,2.0,794.0,,,,,,poseidon,local,poseidon-submit,condor::dagman,/usr/bin/condor_dagman,-p 0  -f -l . -Notification never -Debug 3 -Lockfile xgboost_hp_tuning_group_0.dag.lock -Dag xgboost_hp_tuning_group_0.dag -AllowVersionMismatch  -AutoRescue 1 -DoRescueFrom 0,0.0,0,0,,,,,,,,,
stage_out_local_local_4_0,None,transfer,0,1678029095.0,,,1678029100.0,,,0.0,1678029100.0,1678029115.0,1678029101.0,1678029105.0,21085.0,1678029115.0,1678029120.0,5.0,,0.0,15.0,5.0,,,4.0,85038.0,poseidon,local,host-10-100-100-12.openstacklocal,pegasus::transfer,/home/poseidon/pegasus-5.1.0panorama/bin/pegasus-transfer,pegasus-kickstart  -n pegasus::transfer -N null -i - -R local  -L predict-future-sales -T 2023-02-17T19:59:06+00:00 pegasus-transfer  --threads 2,0.5,0,0,,,,,,,,,
pegasus-plan_ID0000020,None,subwf,0,1678029095.0,1678029095.0,1678029101.0,1678029105.0,,,0.0,1678029107.0,1678030598.0,,,0.0,,,0.0,6.0,2.0,1491.0,,,,,,poseidon,local,poseidon-submit,condor::dagman,/usr/bin/condor_dagman,-p 0  -f -l . -Notification never -Debug 3 -Lockfile xgboost_hp_tuning_group_2.dag.lock -Dag xgboost_hp_tuning_group_2.dag -AllowVersionMismatch  -AutoRescue 1 -DoRescueFrom 0,0.0,0,0,,,,,,,,,
create_dir_predict-future-sales-hp-tuning_0_condorpool_pegasus-plan_ID0000012,None,auxiliary,0,1678029107.0,,,1678029108.0,,,0.0,1678029110.0,1678029118.0,,,0.0,1678029118.0,1678029123.0,1.0,,2.0,8.0,5.0,,,,,poseidon,local,host-10-100-100-12.openstacklocal,pegasus::dirmanager,/home/poseidon/pegasus-5.1.0panorama/bin/pegasus-transfer,pegasus-kickstart  -n pegasus::dirmanager -N null -i - -R local  -L xgboost_hp_tuning_group_0 -T 2023-03-05T15:11:38+00:00 pegasus-transfer,0.3,0,0,,,,,,,,,
create_dir_predict-future-sales-hp-tuning_0_condorpool_pegasus-plan_ID0000016,None,auxiliary,0,1678029107.0,,,1678029108.0,,,0.0,1678029110.0,1678029118.0,,,0.0,1678029118.0,1678029123.0,1.0,,2.0,8.0,5.0,,,,,poseidon,local,host-10-100-100-12.openstacklocal,pegasus::dirmanager,/home/poseidon/pegasus-5.1.0panorama/bin/pegasus-transfer,pegasus-kickstart  -n pegasus::dirmanager -N null -i - -R local  -L xgboost_hp_tuning_group_1 -T 2023-03-05T15:11:38+00:00 pegasus-transfer,0.3,0,0,,,,,,,,,
create_dir_predict-future-sales-hp-tuning_0_condorpool_pegasus-plan_ID0000020,None,auxiliary,0,1678029107.0,,,1678029108.0,,,0.0,1678029110.0,1678029118.0,,,0.0,1678029118.0,1678029123.0,1.0,,2.0,8.0,5.0,,,,,poseidon,local,host-10-100-100-12.openstacklocal,pegasus::dirmanager,/home/poseidon/pegasus-5.1.0panorama/bin/pegasus-transfer,pegasus-kickstart  -n pegasus::dirmanager -N null -i - -R local  -L xgboost_hp_tuning_group_2 -T 2023-03-05T15:11:38+00:00 pegasus-transfer,0.3,0,0,,,,,,,,,
register_local_4_0,None,auxiliary,0,1678029120.0,,,1678029125.0,,,0.0,1678029125.0,1678029130.0,,,0.0,1678029130.0,1678029135.0,5.0,,0.0,5.0,5.0,,,,,poseidon,local,host-10-100-100-12.openstacklocal,pegasus::rc-client,/home/poseidon/pegasus-5.1.0panorama/bin/pegasus-rc-client,"pegasus-kickstart  -n pegasus::rc-client -N null -R local  -L predict-future-sales -T 2023-02-17T19:59:06+00:00 /home/poseidon/pegasus-5.1.0panorama/bin/pegasus-rc-client --prefix pegasus.catalog.replica.output --conf /home/poseidon/workflows/predict-future-sales-workflow/submit/poseidon/pegasus/predict-future-sales/run0440/pegasus.15569341073287679990.properties -v --meta /home/poseidon/workflows/predict-future-sales-workflow/submit/poseidon/pegasus/predict-future-sales/run0440/00/00/xgboost_hp_tuning_workflow_ID0000011.meta,/home/poseidon/workflows/predict-future-sales-workflow/submit/poseidon/pegasus/predict-future-sales/run0440/00/00/xgboost_hp_tuning_workflow_ID0000019.meta,/home/poseidon/workflows/predict-future-sales-workflow/submit/poseidon/pegasus/predict-future-sales/run0440/00/00/xgboost_hp_tuning_workflow_ID0000015.meta --insert /home/poseidon/workflows/predict-future-sales-workflow/submit/poseidon/pegasus/predict-future-sales/run0440/00/00/register_local_4_0.in",2.9,0,0,,,,,,,,,
stage_in_local_condorpool_0_2_pegasus-plan_ID0000012,None,transfer,0,1678029123.0,,,1678029128.0,1678029129.0,1678029139.0,74842668.0,1678029129.0,1678029148.0,,,0.0,1678029148.0,1678029153.0,5.0,,1.0,19.0,5.0,10.0,735985664.0,,,poseidon,local,host-10-100-100-12.openstacklocal,pegasus::transfer,/home/poseidon/pegasus-5.1.0panorama/bin/pegasus-transfer,-n pegasus::transfer -N null -i - -R local  -L xgboost_hp_tuning_group_0 -T 2023-03-05T15:11:38+00:00 /home/poseidon/pegasus-5.1.0panorama/bin/../bin/pegasus-transfer  --threads 2,4.2,0,0,,,,,,,,,
stage_in_local_condorpool_0_0_pegasus-plan_ID0000016,None,transfer,0,1678029123.0,,,1678029128.0,1678029129.0,1678029133.0,2833.0,1678029128.0,1678029138.0,,,0.0,1678029138.0,1678029143.0,5.0,,0.0,10.0,5.0,4.0,12142.0,,,poseidon,local,host-10-100-100-12.openstacklocal,pegasus::transfer,/home/poseidon/pegasus-5.1.0panorama/bin/pegasus-transfer,-n pegasus::transfer -N null -i - -R local  -L xgboost_hp_tuning_group_1 -T 2023-03-05T15:11:38+00:00 /home/poseidon/pegasus-5.1.0panorama/bin/../bin/pegasus-transfer  --threads 2,0.6,0,0,,,,,,,,,
stage_in_local_condorpool_1_0_pegasus-plan_ID0000016,None,transfer,0,1678029123.0,,,1678029128.0,1678029129.0,1678029132.0,822.0,1678029128.0,1678029138.0,,,0.0,1678029138.0,1678029143.0,5.0,,0.0,10.0,5.0,3.0,2874.0,,,poseidon,local,host-10-100-100-12.openstacklocal,pegasus::transfer,/home/poseidon/pegasus-5.1.0panorama/bin/pegasus-transfer,-n pegasus::transfer -N null -i - -R local  -L xgboost_hp_tuning_group_1 -T 2023-03-05T15:11:38+00:00 /home/poseidon/pegasus-5.1.0panorama/bin/../bin/pegasus-transfer  --threads 2,0.5,0,0,,,,,,,,,
stage_in_local_condorpool_0_1_pegasus-plan_ID0000016,None,transfer,0,1678029123.0,,,1678029128.0,1678029129.0,1678029132.0,5191911.0,1678029128.0,1678029138.0,,,0.0,1678029138.0,1678029143.0,5.0,,0.0,10.0,5.0,3.0,19294600.0,,,poseidon,local,host-10-100-100-12.openstacklocal,pegasus::transfer,/home/poseidon/pegasus-5.1.0panorama/bin/pegasus-transfer,-n pegasus::transfer -N null -i - -R local  -L xgboost_hp_tuning_group_1 -T 2023-03-05T15:11:38+00:00 /home/poseidon/pegasus-5.1.0panorama/bin/../bin/pegasus-transfer  --threads 2,0.6,0,0,,,,,,,,,
stage_in_local_condorpool_0_2_pegasus-plan_ID0000016,None,transfer,0,1678029123.0,,,1678029128.0,1678029129.0,1678029139.0,74160695.0,1678029129.0,1678029148.0,,,0.0,1678029148.0,1678029153.0,5.0,,1.0,19.0,5.0,10.0,735985664.0,,,poseidon,local,host-10-100-100-12.openstacklocal,pegasus::transfer,/home/poseidon/pegasus-5.1.0panorama/bin/pegasus-transfer,-n pegasus::transfer -N null -i - -R local  -L xgboost_hp_tuning_group_1 -T 2023-03-05T15:11:38+00:00 /home/poseidon/pegasus-5.1.0panorama/bin/../bin/pegasus-transfer  --threads 2,4.2,0,0,,,,,,,,,
stage_in_local_condorpool_0_1_pegasus-plan_ID0000012,None,transfer,0,1678029123.0,,,1678029128.0,1678029129.0,1678029135.0,45139349.0,1678029128.0,1678029143.0,,,0.0,1678029143.0,1678029148.0,5.0,,0.0,15.0,5.0,6.0,269346726.0,,,poseidon,local,host-10-100-100-12.openstacklocal,pegasus::transfer,/home/poseidon/pegasus-5.1.0panorama/bin/pegasus-transfer,-n pegasus::transfer -N null -i - -R local  -L xgboost_hp_tuning_group_0 -T 2023-03-05T15:11:38+00:00 /home/poseidon/pegasus-5.1.0panorama/bin/../bin/pegasus-transfer  --threads 2,1.9,0,0,,,,,,,,,
stage_in_local_condorpool_0_2_pegasus-plan_ID0000020,None,transfer,0,1678029123.0,,,1678029128.0,1678029131.0,1678029140.0,85519597.0,1678029131.0,1678029148.0,,,0.0,1678029148.0,1678029153.0,5.0,,3.0,17.0,5.0,9.0,735985664.0,,,poseidon,local,host-10-100-100-12.openstacklocal,pegasus::transfer,/home/poseidon/pegasus-5.1.0panorama/bin/pegasus-transfer,-n pegasus::transfer -N null -i - -R local  -L xgboost_hp_tuning_group_2 -T 2023-03-05T15:11:38+00:00 /home/poseidon/pegasus-5.1.0panorama/bin/../bin/pegasus-transfer  --threads 2,3.9,0,0,,,,,,,,,
stage_in_local_condorpool_0_0_pegasus-plan_ID0000012,None,transfer,0,1678029123.0,,,1678029128.0,1678029129.0,1678029133.0,2850.0,1678029128.0,1678029143.0,,,0.0,1678029143.0,1678029148.0,5.0,,0.0,15.0,5.0,4.0,12142.0,,,poseidon,local,host-10-100-100-12.openstacklocal,pegasus::transfer,/home/poseidon/pegasus-5.1.0panorama/bin/pegasus-transfer,-n pegasus::transfer -N null -i - -R local  -L xgboost_hp_tuning_group_0 -T 2023-03-05T15:11:38+00:00 /home/poseidon/pegasus-5.1.0panorama/bin/../bin/pegasus-transfer  --threads 2,0.6,0,0,,,,,,,,,
stage_in_local_condorpool_1_0_pegasus-plan_ID0000012,None,transfer,0,1678029123.0,,,1678029128.0,1678029129.0,1678029132.0,820.0,1678029128.0,1678029138.0,,,0.0,1678029138.0,1678029143.0,5.0,,0.0,10.0,5.0,3.0,2874.0,,,poseidon,local,host-10-100-100-12.openstacklocal,pegasus::transfer,/home/poseidon/pegasus-5.1.0panorama/bin/pegasus-transfer,-n pegasus::transfer -N null -i - -R local  -L xgboost_hp_tuning_group_0 -T 2023-03-05T15:11:38+00:00 /home/poseidon/pegasus-5.1.0panorama/bin/../bin/pegasus-transfer  --threads 2,0.5,0,0,,,,,,,,,
stage_in_local_condorpool_0_0_pegasus-plan_ID0000020,None,transfer,0,1678029123.0,,,1678029128.0,1678029129.0,1678029133.0,2858.0,1678029128.0,1678029143.0,,,0.0,1678029143.0,1678029148.0,5.0,,0.0,15.0,5.0,4.0,12142.0,,,poseidon,local,host-10-100-100-12.openstacklocal,pegasus::transfer,/home/poseidon/pegasus-5.1.0panorama/bin/pegasus-transfer,-n pegasus::transfer -N null -i - -R local  -L xgboost_hp_tuning_group_2 -T 2023-03-05T15:11:38+00:00 /home/poseidon/pegasus-5.1.0panorama/bin/../bin/pegasus-transfer  --threads 2,0.6,0,0,,,,,,,,,
stage_in_local_condorpool_1_0_pegasus-plan_ID0000020,None,transfer,0,1678029123.0,,,1678029128.0,1678029129.0,1678029132.0,824.0,1678029128.0,1678029138.0,,,0.0,1678029138.0,1678029143.0,5.0,,0.0,10.0,5.0,3.0,2874.0,,,poseidon,local,host-10-100-100-12.openstacklocal,pegasus::transfer,/home/poseidon/pegasus-5.1.0panorama/bin/pegasus-transfer,-n pegasus::transfer -N null -i - -R local  -L xgboost_hp_tuning_group_2 -T 2023-03-05T15:11:38+00:00 /home/poseidon/pegasus-5.1.0panorama/bin/../bin/pegasus-transfer  --threads 2,0.5,0,0,,,,,,,,,
stage_in_local_condorpool_0_1_pegasus-plan_ID0000020,None,transfer,0,1678029123.0,,,1678029128.0,1678029129.0,1678029147.0,147676878.0,1678029128.0,1678029153.0,,,0.0,1678029153.0,1678029158.0,5.0,,0.0,25.0,5.0,18.0,2646308508.0,,,poseidon,local,host-10-100-100-12.openstacklocal,pegasus::transfer,/home/poseidon/pegasus-5.1.0panorama/bin/pegasus-transfer,-n pegasus::transfer -N null -i - -R local  -L xgboost_hp_tuning_group_2 -T 2023-03-05T15:11:38+00:00 /home/poseidon/pegasus-5.1.0panorama/bin/../bin/pegasus-transfer  --threads 2,12.0,0,0,,,,,,,,,
xgboost_hp_tuning_ID0000023_pegasus-plan_ID0000016,hdd_5,compute,0,1678029153.0,,,1678029158.0,1678029234.0,1678029276.0,42701556.2,1678029289.0,1678029438.0,1678029369.0,1678029373.0,253.0,1678029438.0,1678029443.0,5.0,,131.0,149.0,5.0,42.0,377646203.0,4.0,1089.0,poseidon,condorpool,poseidon-worker-3-container-8-15,xgboost_hp_tuning,/srv/xgboost_hp_tuning,,18.9,0,0,,,,,,,,,
xgboost_hp_tuning_ID0000012_pegasus-plan_ID0000016,hdd_5,compute,0,1678029153.0,,,1678029158.0,1678029234.0,1678029276.0,42780732.5,1678029289.0,1678029438.0,1678029369.0,1678029373.0,240.0,1678029438.0,1678029443.0,5.0,,131.0,149.0,5.0,42.0,377646203.0,4.0,1049.0,poseidon,condorpool,poseidon-worker-3-container-0-7,xgboost_hp_tuning,/srv/xgboost_hp_tuning,,16.7,0,0,,,,,,,,,
xgboost_hp_tuning_ID0000001_pegasus-plan_ID0000016,None,compute,0,1678029153.0,,,1678029158.0,1678029234.0,1678029250.0,42634180.2,1678029288.0,1678029438.0,1678029371.0,1678029375.0,247.0,1678029438.0,1678029443.0,5.0,,130.0,150.0,5.0,16.0,377646203.0,4.0,1063.0,poseidon,condorpool,poseidon-worker-2-container-0-7,xgboost_hp_tuning,/srv/xgboost_hp_tuning,,14.2,0,0,,,,,,,,,
xgboost_hp_tuning_ID0000004_pegasus-plan_ID0000012,hdd_5,compute,0,1678029153.0,,,1678029158.0,1678029382.0,1678029426.0,46498778.4,1678029437.0,1678029588.0,1678029518.0,1678029522.0,250.0,1678029588.0,1678029593.0,5.0,,279.0,151.0,5.0,44.0,502672266.0,4.0,1062.0,poseidon,condorpool,poseidon-worker-1-container-16-23,xgboost_hp_tuning,/srv/xgboost_hp_tuning,,138.4,0,0,0.1,157972654.0,40.0,3321.0,2.0,97.1,2.8,7898632.7,4.0
xgboost_hp_tuning_ID0000016_pegasus-plan_ID0000012,None,compute,0,1678029153.0,,,1678029158.0,1678029382.0,1678029441.0,9547171.2,1678029437.0,1678029593.0,1678029524.0,1678029528.0,248.0,1678029593.0,1678029598.0,5.0,,279.0,156.0,5.0,59.0,502672266.0,4.0,1053.0,poseidon,condorpool,poseidon-worker-3-container-40-47,xgboost_hp_tuning,/srv/xgboost_hp_tuning,,134.3,0,0,0.0,157970775.0,40.0,3319.0,2.0,84.8,2.9,7898538.8,4.0
xgboost_hp_tuning_ID0000005_pegasus-plan_ID0000012,hdd_5,compute,0,1678029153.0,,,1678029158.0,1678029236.0,1678029280.0,46494115.8,1678029290.0,1678029438.0,1678029371.0,1678029375.0,252.0,1678029438.0,1678029443.0,5.0,,132.0,148.0,5.0,44.0,502672266.0,4.0,1077.0,poseidon,condorpool,poseidon-worker-2-container-16-23,xgboost_hp_tuning,/srv/xgboost_hp_tuning,,161.7,0,0,0.0,157972711.0,40.0,3321.0,2.0,105.4,3.1,7898635.6,4.0
xgboost_hp_tuning_ID0000015_pegasus-plan_ID0000012,hdd_5,compute,0,1678029153.0,,,1678029158.0,1678029382.0,1678029442.0,9546053.3,1678029437.0,1678029593.0,1678029524.0,1678029528.0,249.0,1678029593.0,1678029598.0,5.0,,279.0,156.0,5.0,60.0,502672266.0,4.0,1054.0,poseidon,condorpool,poseidon-worker-3-container-8-15,xgboost_hp_tuning,/srv/xgboost_hp_tuning,,187.9,0,0,0.1,157974561.0,40.0,3334.0,2.0,161.6,3.4,5265818.7,4.0
xgboost_hp_tuning_ID0000017_pegasus-plan_ID0000012,hdd_5,compute,0,1678029153.0,,,1678029158.0,1678029236.0,1678029280.0,46496067.0,1678029290.0,1678029438.0,1678029371.0,1678029375.0,245.0,1678029438.0,1678029443.0,5.0,,132.0,148.0,5.0,44.0,502672266.0,4.0,1052.0,poseidon,condorpool,poseidon-worker-2-container-32-39,xgboost_hp_tuning,/srv/xgboost_hp_tuning,,131.2,0,0,0.0,157972546.0,40.0,3321.0,2.0,99.9,3.1,7898627.3,4.0
xgboost_hp_tuning_ID0000010_pegasus-plan_ID0000016,hdd_5,compute,0,1678029153.0,,,1678029158.0,1678029105.0,1678029148.0,42613542.8,1678029160.0,1678029288.0,1678029217.0,1678029221.0,243.0,1678029288.0,1678029293.0,5.0,,2.0,128.0,5.0,43.0,377646203.0,4.0,1048.0,poseidon,condorpool,poseidon-worker-1-container-32-39,xgboost_hp_tuning,/srv/xgboost_hp_tuning,,14.2,0,0,,,,,,,,,
xgboost_hp_tuning_ID0000018_pegasus-plan_ID0000012,hdd_5,compute,0,1678029153.0,,,1678029158.0,1678029235.0,1678029280.0,46475045.0,1678029290.0,1678029438.0,1678029371.0,1678029375.0,246.0,1678029438.0,1678029443.0,5.0,,132.0,148.0,5.0,45.0,502672266.0,4.0,1055.0,poseidon,condorpool,poseidon-worker-2-container-8-15,xgboost_hp_tuning,/srv/xgboost_hp_tuning,,143.2,0,0,0.1,157972509.0,40.0,3321.0,2.0,102.7,3.1,7898625.5,4.0
xgboost_hp_tuning_ID0000007_pegasus-plan_ID0000012,None,compute,0,1678029153.0,,,1678029158.0,1678029234.0,1678029252.0,46618341.6,1678029289.0,1678029438.0,1678029369.0,1678029373.0,246.0,1678029438.0,1678029443.0,5.0,,131.0,149.0,5.0,18.0,502672266.0,4.0,1067.0,poseidon,condorpool,poseidon-worker-3-container-16-23,xgboost_hp_tuning,/srv/xgboost_hp_tuning,,83.8,0,0,0.0,157966036.0,40.0,3303.0,2.0,44.3,2.5,15796603.6,4.0
xgboost_hp_tuning_ID0000019_pegasus-plan_ID0000012,hdd_5,compute,0,1678029153.0,,,1678029158.0,1678029234.0,1678029277.0,46629180.8,1678029289.0,1678029438.0,1678029369.0,1678029373.0,245.0,1678029438.0,1678029443.0,5.0,,131.0,149.0,5.0,43.0,502672266.0,4.0,1060.0,poseidon,condorpool,poseidon-worker-3-container-32-39,xgboost_hp_tuning,/srv/xgboost_hp_tuning,,80.0,0,0,0.1,157966037.0,40.0,3303.0,2.0,43.9,3.0,15796603.7,4.0
xgboost_hp_tuning_ID0000013_pegasus-plan_ID0000016,hdd_5,compute,0,1678029153.0,,,1678029158.0,1678029231.0,1678029276.0,42469955.0,1678029285.0,1678029438.0,1678029369.0,1678029373.0,244.0,1678029438.0,1678029443.0,5.0,,127.0,153.0,5.0,45.0,377646203.0,4.0,1053.0,poseidon,condorpool,poseidon-worker-1-container-32-39,xgboost_hp_tuning,/srv/xgboost_hp_tuning,,15.4,0,0,,,,,,,,,
xgboost_hp_tuning_ID0000009_pegasus-plan_ID0000012,None,compute,0,1678029153.0,,,1678029158.0,1678029105.0,1678029123.0,46687685.6,1678029160.0,1678029288.0,1678029221.0,1678029225.0,242.0,1678029288.0,1678029293.0,5.0,,2.0,128.0,5.0,18.0,502672266.0,4.0,1057.0,poseidon,condorpool,poseidon-worker-3-container-16-23,xgboost_hp_tuning,/srv/xgboost_hp_tuning,,122.9,0,0,0.0,157970598.0,40.0,3319.0,2.0,103.6,3.5,7898529.9,4.0
xgboost_hp_tuning_ID0000011_pegasus-plan_ID0000012,hdd_5,compute,0,1678029153.0,,,1678029158.0,1678029230.0,1678029277.0,46551082.6,1678029285.0,1678029573.0,1678029369.0,1678029510.0,14.0,1678029573.0,1678029578.0,5.0,,127.0,288.0,5.0,47.0,502672266.0,141.0,2100.0,poseidon,condorpool,poseidon-worker-1-container-40-47,xgboost_hp_tuning,/srv/xgboost_hp_tuning,,95.3,0,0,0.1,157967915.0,40.0,3305.0,2.0,43.6,3.0,15796791.5,4.0
xgboost_hp_tuning_ID0000022_pegasus-plan_ID0000012,hdd_5,compute,0,1678029153.0,,,1678029158.0,1678029231.0,1678029277.0,46546308.8,1678029285.0,1678029438.0,1678029369.0,1678029373.0,247.0,1678029438.0,1678029443.0,5.0,,127.0,153.0,5.0,46.0,502672266.0,4.0,1062.0,poseidon,condorpool,poseidon-worker-1-container-16-23,xgboost_hp_tuning,/srv/xgboost_hp_tuning,,108.3,0,0,0.0,157967914.0,40.0,3305.0,2.0,43.5,2.6,15796791.4,4.0
xgboost_hp_tuning_ID0000010_pegasus-plan_ID0000012,None,compute,0,1678029153.0,,,1678029158.0,1678029231.0,1678029248.0,46507451.2,1678029285.0,1678029438.0,1678029369.0,1678029373.0,242.0,1678029438.0,1678029443.0,5.0,,127.0,153.0,5.0,17.0,502672266.0,4.0,1049.0,poseidon,condorpool,poseidon-worker-1-container-0-7,xgboost_hp_tuning,/srv/xgboost_hp_tuning,,84.2,0,0,0.0,157967844.0,40.0,3305.0,2.0,44.1,2.5,15796784.4,4.0
xgboost_hp_tuning_ID0000021_pegasus-plan_ID0000012,None,compute,0,1678029153.0,,,1678029158.0,1678029234.0,1678029251.0,46497557.2,1678029288.0,1678029438.0,1678029371.0,1678029375.0,248.0,1678029438.0,1678029443.0,5.0,,130.0,150.0,5.0,17.0,502672266.0,4.0,1062.0,poseidon,condorpool,poseidon-worker-2-container-40-47,xgboost_hp_tuning,/srv/xgboost_hp_tuning,,100.5,0,0,0.0,157967909.0,40.0,3305.0,2.0,44.9,2.8,15796790.9,4.0
xgboost_hp_tuning_ID0000006_pegasus-plan_ID0000012,hdd_5,compute,0,1678029153.0,,,1678029158.0,1678029236.0,1678029280.0,46529361.2,1678029290.0,1678029438.0,1678029371.0,1678029375.0,249.0,1678029438.0,1678029443.0,5.0,,132.0,148.0,5.0,44.0,502672266.0,4.0,1066.0,poseidon,condorpool,poseidon-worker-2-container-24-31,xgboost_hp_tuning,/srv/xgboost_hp_tuning,,96.9,0,0,0.0,157967907.0,40.0,3305.0,2.0,43.1,2.7,15796790.7,4.0
xgboost_hp_tuning_ID0000002_pegasus-plan_ID0000016,None,compute,0,1678029153.0,,,1678029158.0,1678029231.0,1678029247.0,42596443.0,1678029285.0,1678029438.0,1678029369.0,1678029373.0,244.0,1678029438.0,1678029443.0,5.0,,127.0,153.0,5.0,16.0,377646203.0,4.0,1060.0,poseidon,condorpool,poseidon-worker-1-container-24-31,xgboost_hp_tuning,/srv/xgboost_hp_tuning,,14.7,0,0,,,,,,,,,
xgboost_hp_tuning_ID0000016_pegasus-plan_ID0000016,hdd_5,compute,0,1678029153.0,,,1678029158.0,1678029105.0,1678029148.0,42848053.0,1678029160.0,1678029288.0,1678029221.0,1678029225.0,242.0,1678029288.0,1678029293.0,5.0,,2.0,128.0,5.0,43.0,377646203.0,4.0,1055.0,poseidon,condorpool,poseidon-worker-3-container-32-39,xgboost_hp_tuning,/srv/xgboost_hp_tuning,,15.2,0,0,,,,,,,,,
xgboost_hp_tuning_ID0000003_pegasus-plan_ID0000016,hdd_5,compute,0,1678029153.0,,,1678029158.0,1678029105.0,1678029148.0,42849127.5,1678029160.0,1678029288.0,1678029221.0,1678029225.0,246.0,1678029288.0,1678029293.0,5.0,,2.0,128.0,5.0,43.0,377646203.0,4.0,1068.0,poseidon,condorpool,poseidon-worker-3-container-8-15,xgboost_hp_tuning,/srv/xgboost_hp_tuning,,14.8,0,0,,,,,,,,,
xgboost_hp_tuning_ID0000023_pegasus-plan_ID0000012,None,compute,0,1678029153.0,,,1678029158.0,1678029383.0,1678029400.0,46580196.8,1678029437.0,1678029588.0,1678029518.0,1678029522.0,256.0,1678029588.0,1678029593.0,5.0,,279.0,151.0,5.0,17.0,502672266.0,4.0,1089.0,poseidon,condorpool,poseidon-worker-1-container-8-15,xgboost_hp_tuning,/srv/xgboost_hp_tuning,,147.3,0,0,0.1,157976432.0,40.0,3336.0,2.0,142.5,4.0,5265881.1,4.0
xgboost_hp_tuning_ID0000012_pegasus-plan_ID0000012,None,compute,0,1678029153.0,,,1678029158.0,1678029383.0,1678029400.0,46539143.6,1678029437.0,1678029588.0,1678029518.0,1678029522.0,247.0,1678029588.0,1678029593.0,5.0,,279.0,151.0,5.0,17.0,502672266.0,4.0,1048.0,poseidon,condorpool,poseidon-worker-1-container-24-31,xgboost_hp_tuning,/srv/xgboost_hp_tuning,,170.5,0,0,0.1,157976470.0,40.0,3336.0,2.0,126.0,3.5,5265882.3,4.0
xgboost_hp_tuning_ID0000001_pegasus-plan_ID0000012,hdd_5,compute,0,1678029153.0,,,1678029158.0,1678029383.0,1678029426.0,46540009.0,1678029437.0,1678029588.0,1678029518.0,1678029522.0,251.0,1678029588.0,1678029593.0,5.0,,279.0,151.0,5.0,43.0,502672266.0,4.0,1062.0,poseidon,condorpool,poseidon-worker-1-container-32-39,xgboost_hp_tuning,/srv/xgboost_hp_tuning,,129.6,0,0,0.1,157972650.0,40.0,3321.0,2.0,100.1,3.4,7898632.5,4.0
xgboost_hp_tuning_ID0000013_pegasus-plan_ID0000012,hdd_5,compute,0,1678029153.0,,,1678029158.0,1678029382.0,1678029442.0,9546497.8,1678029437.0,1678029593.0,1678029524.0,1678029528.0,247.0,1678029593.0,1678029598.0,5.0,,279.0,156.0,5.0,60.0,502672266.0,4.0,1055.0,poseidon,condorpool,poseidon-worker-3-container-32-39,xgboost_hp_tuning,/srv/xgboost_hp_tuning,,113.0,0,0,0.0,157970780.0,40.0,3319.0,2.0,107.4,3.4,7898539.0,4.0
xgboost_hp_tuning_ID0000002_pegasus-plan_ID0000012,None,compute,0,1678029153.0,,,1678029158.0,1678029382.0,1678029442.0,9546179.7,1678029437.0,1678029593.0,1678029524.0,1678029528.0,251.0,1678029593.0,1678029598.0,5.0,,279.0,156.0,5.0,60.0,502672266.0,4.0,1062.0,poseidon,condorpool,poseidon-worker-3-container-24-31,xgboost_hp_tuning,/srv/xgboost_hp_tuning,,100.0,0,0,0.0,157966119.0,40.0,3303.0,2.0,44.8,2.6,15796611.9,4.0
xgboost_hp_tuning_ID0000014_pegasus-plan_ID0000012,None,compute,0,1678029153.0,,,1678029158.0,1678029382.0,1678029442.0,9536526.5,1678029437.0,1678029593.0,1678029524.0,1678029528.0,249.0,1678029593.0,1678029598.0,5.0,,279.0,156.0,5.0,60.0,502672266.0,4.0,1055.0,poseidon,condorpool,poseidon-worker-3-container-16-23,xgboost_hp_tuning,/srv/xgboost_hp_tuning,,101.2,0,0,0.0,157966117.0,40.0,3303.0,2.0,46.1,2.7,15796611.7,4.0
xgboost_hp_tuning_ID0000003_pegasus-plan_ID0000012,hdd_5,compute,0,1678029153.0,,,1678029158.0,1678029382.0,1678029442.0,9542920.6,1678029437.0,1678029593.0,1678029524.0,1678029528.0,253.0,1678029593.0,1678029598.0,5.0,,279.0,156.0,5.0,60.0,502672266.0,4.0,1069.0,poseidon,condorpool,poseidon-worker-3-container-0-7,xgboost_hp_tuning,/srv/xgboost_hp_tuning,,173.9,0,0,0.0,157974597.0,40.0,3334.0,2.0,159.0,3.5,5265819.9,4.0
xgboost_hp_tuning_ID0000009_pegasus-plan_ID0000016,hdd_5,compute,0,1678029153.0,,,1678029158.0,1678029105.0,1678029141.0,42773560.5,1678029160.0,1678029288.0,1678029221.0,1678029225.0,242.0,1678029288.0,1678029293.0,5.0,,2.0,128.0,5.0,36.0,377646203.0,4.0,1057.0,poseidon,condorpool,poseidon-worker-3-container-0-7,xgboost_hp_tuning,/srv/xgboost_hp_tuning,,14.5,0,0,,,,,,,,,
xgboost_hp_tuning_ID0000011_pegasus-plan_ID0000016,hdd_5,compute,0,1678029153.0,,,1678029158.0,1678029106.0,1678029148.0,29769402.3,1678029160.0,1678029293.0,1678029222.0,1678029226.0,244.0,1678029293.0,1678029298.0,5.0,,2.0,133.0,5.0,42.0,377646203.0,4.0,1050.0,poseidon,condorpool,poseidon-worker-2-container-16-23,xgboost_hp_tuning,/srv/xgboost_hp_tuning,,19.0,0,0,,,,,,,,,
xgboost_hp_tuning_ID0000022_pegasus-plan_ID0000016,None,compute,0,1678029153.0,,,1678029158.0,1678029106.0,1678029125.0,29918332.2,1678029160.0,1678029288.0,1678029220.0,1678029225.0,246.0,1678029288.0,1678029293.0,5.0,,2.0,128.0,5.0,19.0,377646203.0,5.0,1062.0,poseidon,condorpool,poseidon-worker-2-container-0-7,xgboost_hp_tuning,/srv/xgboost_hp_tuning,,15.5,0,0,,,,,,,,,
xgboost_hp_tuning_ID0000014_pegasus-plan_ID0000016,None,compute,0,1678029153.0,,,1678029158.0,1678029231.0,1678029247.0,42543404.2,1678029285.0,1678029438.0,1678029369.0,1678029373.0,244.0,1678029438.0,1678029443.0,5.0,,127.0,153.0,5.0,16.0,377646203.0,4.0,1052.0,poseidon,condorpool,poseidon-worker-1-container-8-15,xgboost_hp_tuning,/srv/xgboost_hp_tuning,,14.3,0,0,,,,,,,,,
xgboost_hp_tuning_ID0000021_pegasus-plan_ID0000016,hdd_5,compute,0,1678029153.0,,,1678029158.0,1678029106.0,1678029147.0,42562083.0,1678029160.0,1678029283.0,1678029217.0,1678029221.0,246.0,1678029283.0,1678029288.0,5.0,,2.0,123.0,5.0,41.0,377646203.0,4.0,1064.0,poseidon,condorpool,poseidon-worker-1-container-40-47,xgboost_hp_tuning,/srv/xgboost_hp_tuning,,13.8,0,0,,,,,,,,,
xgboost_hp_tuning_ID0000008_pegasus-plan_ID0000016,None,compute,0,1678029153.0,,,1678029158.0,1678029105.0,1678029122.0,42695066.2,1678029160.0,1678029288.0,1678029217.0,1678029221.0,244.0,1678029288.0,1678029293.0,5.0,,2.0,128.0,5.0,17.0,377646203.0,4.0,1058.0,poseidon,condorpool,poseidon-worker-1-container-8-15,xgboost_hp_tuning,/srv/xgboost_hp_tuning,,14.3,0,0,,,,,,,,,
xgboost_hp_tuning_ID0000019_pegasus-plan_ID0000016,hdd_5,compute,0,1678029153.0,,,1678029158.0,1678029106.0,1678029148.0,42543743.0,1678029160.0,1678029288.0,1678029217.0,1678029221.0,245.0,1678029288.0,1678029293.0,5.0,,2.0,128.0,5.0,42.0,377646203.0,4.0,1060.0,poseidon,condorpool,poseidon-worker-1-container-16-23,xgboost_hp_tuning,/srv/xgboost_hp_tuning,,14.1,0,0,,,,,,,,,
xgboost_hp_tuning_ID0000007_pegasus-plan_ID0000016,hdd_5,compute,0,1678029153.0,,,1678029158.0,1678029106.0,1678029148.0,29807513.0,1678029160.0,1678029293.0,1678029222.0,1678029226.0,249.0,1678029293.0,1678029298.0,5.0,,2.0,133.0,5.0,42.0,377646203.0,4.0,1066.0,poseidon,condorpool,poseidon-worker-2-container-32-39,xgboost_hp_tuning,/srv/xgboost_hp_tuning,,21.7,0,0,,,,,,,,,
xgboost_hp_tuning_ID0000018_pegasus-plan_ID0000016,None,compute,0,1678029153.0,,,1678029158.0,1678029106.0,1678029125.0,29823383.3,1678029160.0,1678029288.0,1678029220.0,1678029225.0,246.0,1678029288.0,1678029293.0,5.0,,2.0,128.0,5.0,19.0,377646203.0,5.0,1054.0,poseidon,condorpool,poseidon-worker-2-container-40-47,xgboost_hp_tuning,/srv/xgboost_hp_tuning,,14.4,0,0,,,,,,,,,
xgboost_hp_tuning_ID0000006_pegasus-plan_ID0000016,hdd_5,compute,0,1678029153.0,,,1678029158.0,1678029106.0,1678029125.0,29776987.5,1678029160.0,1678029293.0,1678029222.0,1678029226.0,249.0,1678029293.0,1678029298.0,5.0,,2.0,133.0,5.0,19.0,377646203.0,4.0,1066.0,poseidon,condorpool,poseidon-worker-2-container-24-31,xgboost_hp_tuning,/srv/xgboost_hp_tuning,,14.2,0,0,,,,,,,,,
xgboost_hp_tuning_ID0000017_pegasus-plan_ID0000016,None,compute,0,1678029153.0,,,1678029158.0,1678029106.0,1678029121.0,42591135.8,1678029160.0,1678029288.0,1678029217.0,1678029221.0,243.0,1678029288.0,1678029293.0,5.0,,2.0,128.0,5.0,15.0,377646203.0,4.0,1055.0,poseidon,condorpool,poseidon-worker-1-container-0-7,xgboost_hp_tuning,/srv/xgboost_hp_tuning,,13.9,0,0,,,,,,,,,
xgboost_hp_tuning_ID0000005_pegasus-plan_ID0000016,None,compute,0,1678029153.0,,,1678029158.0,1678029105.0,1678029121.0,42754340.5,1678029160.0,1678029288.0,1678029221.0,1678029225.0,245.0,1678029288.0,1678029293.0,5.0,,2.0,128.0,5.0,16.0,377646203.0,4.0,1077.0,poseidon,condorpool,poseidon-worker-3-container-40-47,xgboost_hp_tuning,/srv/xgboost_hp_tuning,,18.5,0,0,,,,,,,,,
xgboost_hp_tuning_ID0000020_pegasus-plan_ID0000012,None,compute,0,1678029153.0,,,1678029158.0,1678029234.0,1678029252.0,46619086.6,1678029289.0,1678029438.0,1678029369.0,1678029373.0,245.0,1678029438.0,1678029443.0,5.0,,131.0,149.0,5.0,18.0,502672266.0,4.0,1059.0,poseidon,condorpool,poseidon-worker-3-container-24-31,xgboost_hp_tuning,/srv/xgboost_hp_tuning,,135.0,0,0,0.0,157970670.0,40.0,3319.0,2.0,109.8,3.1,7898533.5,4.0
xgboost_hp_tuning_ID0000004_pegasus-plan_ID0000016,None,compute,0,1678029153.0,,,1678029158.0,1678029105.0,1678029121.0,42627120.0,1678029160.0,1678029288.0,1678029221.0,1678029225.0,245.0,1678029288.0,1678029293.0,5.0,,2.0,128.0,5.0,16.0,377646203.0,4.0,1063.0,poseidon,condorpool,poseidon-worker-3-container-24-31,xgboost_hp_tuning,/srv/xgboost_hp_tuning,,15.3,0,0,,,,,,,,,
xgboost_hp_tuning_ID0000015_pegasus-plan_ID0000016,hdd_5,compute,0,1678029153.0,,,1678029158.0,1678029106.0,1678029147.0,29892030.2,1678029160.0,1678029288.0,1678029222.0,1678029226.0,247.0,1678029288.0,1678029293.0,5.0,,2.0,128.0,5.0,41.0,377646203.0,4.0,1056.0,poseidon,condorpool,poseidon-worker-2-container-8-15,xgboost_hp_tuning,/srv/xgboost_hp_tuning,,14.3,0,0,,,,,,,,,
xgboost_hp_tuning_ID0000020_pegasus-plan_ID0000016,None,compute,0,1678029153.0,,,1678029158.0,1678029106.0,1678029122.0,42586877.8,1678029160.0,1678029288.0,1678029217.0,1678029221.0,245.0,1678029288.0,1678029293.0,5.0,,2.0,128.0,5.0,16.0,377646203.0,4.0,1060.0,poseidon,condorpool,poseidon-worker-1-container-24-31,xgboost_hp_tuning,/srv/xgboost_hp_tuning,,14.5,0,0,,,,,,,,,
xgboost_hp_tuning_ID0000008_pegasus-plan_ID0000012,None,compute,0,1678029153.0,,,1678029158.0,1678029234.0,1678029252.0,46705165.2,1678029289.0,1678029438.0,1678029369.0,1678029373.0,245.0,1678029438.0,1678029443.0,5.0,,131.0,149.0,5.0,18.0,502672266.0,4.0,1055.0,poseidon,condorpool,poseidon-worker-3-container-40-47,xgboost_hp_tuning,/srv/xgboost_hp_tuning,,88.9,0,0,0.0,157966036.0,40.0,3303.0,2.0,45.4,2.6,15796603.6,4.0
xgboost_hp_tuning_ID0000009_pegasus-plan_ID0000020,None,compute,0,1678029158.0,,,1678029163.0,1678029383.0,1678029414.0,69020855.3,1678029437.0,1678030044.0,1678029974.0,1678029979.0,250.0,1678030044.0,1678030049.0,5.0,,274.0,607.0,5.0,31.0,1691153157.0,5.0,1058.0,poseidon,condorpool,poseidon-worker-1-container-0-7,xgboost_hp_tuning,/srv/xgboost_hp_tuning,,1676.2,0,0,0.1,1346560474.0,40.0,3741.0,2.0,1618.3,53.1,4488534.9,4.0
xgboost_hp_tuning_ID0000001_pegasus-plan_ID0000020,hdd_5,compute,0,1678029158.0,,,1678029163.0,1678029827.0,1678029884.0,68884819.6,1678029881.0,1678030299.0,1678030232.0,1678030237.0,254.0,1678030299.0,1678030304.0,5.0,,718.0,418.0,5.0,57.0,1691153157.0,5.0,1065.0,poseidon,condorpool,poseidon-worker-2-container-24-31,xgboost_hp_tuning,/srv/xgboost_hp_tuning,,1922.8,0,0,0.0,1346572400.0,40.0,3786.0,2.0,1806.2,51.8,4080522.4,4.0
xgboost_hp_tuning_ID0000011_pegasus-plan_ID0000020,hdd_5,compute,0,1678029158.0,,,1678029163.0,1678029384.0,1678029442.0,69115307.8,1678029439.0,1678030254.0,1678030188.0,1678030192.0,246.0,1678030254.0,1678030259.0,5.0,,276.0,815.0,5.0,58.0,1691153157.0,4.0,1048.0,poseidon,condorpool,poseidon-worker-2-container-16-23,xgboost_hp_tuning,/srv/xgboost_hp_tuning,,2243.7,0,0,0.1,1346584140.0,289.0,3833.0,4.0,2138.4,61.3,3847383.3,14.4
xgboost_hp_tuning_ID0000013_pegasus-plan_ID0000020,hdd_5,compute,0,1678029158.0,,,1678029163.0,1678029822.0,1678029879.0,68881722.6,1678029877.0,1678030299.0,1678030232.0,1678030236.0,250.0,1678030299.0,1678030304.0,5.0,,714.0,422.0,5.0,57.0,1691153157.0,4.0,1053.0,poseidon,condorpool,poseidon-worker-2-container-8-15,xgboost_hp_tuning,/srv/xgboost_hp_tuning,,1967.4,0,0,0.1,1346576122.0,40.0,3801.0,2.0,1886.8,54.5,3960518.0,4.0
xgboost_hp_tuning_ID0000002_pegasus-plan_ID0000020,None,compute,0,1678029158.0,,,1678029163.0,1678029803.0,1678029834.0,68945452.4,1678029857.0,1678030259.0,1678030188.0,1678030192.0,249.0,1678030259.0,1678030264.0,5.0,,694.0,402.0,5.0,31.0,1691153157.0,4.0,1062.0,poseidon,condorpool,poseidon-worker-2-container-40-47,xgboost_hp_tuning,/srv/xgboost_hp_tuning,,1973.6,0,0,0.1,1346572465.0,40.0,3786.0,2.0,1862.9,49.6,4080522.6,4.0
xgboost_hp_tuning_ID0000014_pegasus-plan_ID0000020,None,compute,0,1678029158.0,,,1678029163.0,1678029774.0,1678029806.0,68857476.1,1678029829.0,1678030259.0,1678030188.0,1678030192.0,247.0,1678030259.0,1678030264.0,5.0,,666.0,430.0,5.0,32.0,1691153157.0,4.0,1055.0,poseidon,condorpool,poseidon-worker-2-container-0-7,xgboost_hp_tuning,/srv/xgboost_hp_tuning,,1504.2,0,0,0.0,1346552957.0,40.0,3711.0,2.0,1449.5,48.3,4809117.7,4.0
xgboost_hp_tuning_ID0000003_pegasus-plan_ID0000020,hdd_5,compute,0,1678029158.0,,,1678029163.0,1678029537.0,1678029597.0,55475720.1,1678029592.0,1678030104.0,1678030033.0,1678030037.0,252.0,1678030104.0,1678030109.0,5.0,,429.0,512.0,5.0,60.0,1691153157.0,4.0,1064.0,poseidon,condorpool,poseidon-worker-3-container-8-15,xgboost_hp_tuning,/srv/xgboost_hp_tuning,,2008.3,0,0,0.0,1346578070.0,40.0,3814.0,2.0,1909.8,64.6,3847365.9,4.0
xgboost_hp_tuning_ID0000015_pegasus-plan_ID0000020,None,compute,0,1678029158.0,,,1678029163.0,1678029537.0,1678029571.0,61762634.0,1678029592.0,1678030104.0,1678030033.0,1678030037.0,249.0,1678030104.0,1678030109.0,5.0,,429.0,512.0,5.0,34.0,1691153157.0,4.0,1053.0,poseidon,condorpool,poseidon-worker-3-container-16-23,xgboost_hp_tuning,/srv/xgboost_hp_tuning,,2013.9,0,0,0.1,1346582099.0,40.0,3829.0,2.0,1930.6,60.1,3740505.8,4.0
xgboost_hp_tuning_ID0000004_pegasus-plan_ID0000020,None,compute,0,1678029158.0,,,1678029163.0,1678029537.0,1678029571.0,61725873.8,1678029592.0,1678029979.0,1678029909.0,1678029913.0,253.0,1678029979.0,1678029984.0,5.0,,429.0,387.0,5.0,34.0,1691153157.0,4.0,1063.0,poseidon,condorpool,poseidon-worker-3-container-24-31,xgboost_hp_tuning,/srv/xgboost_hp_tuning,,1866.7,0,0,0.0,1346566672.0,40.0,3769.0,2.0,1764.0,49.0,4208020.8,4.0
xgboost_hp_tuning_ID0000016_pegasus-plan_ID0000020,hdd_5,compute,0,1678029158.0,,,1678029163.0,1678029537.0,1678029597.0,61749252.7,1678029592.0,1678030104.0,1678030033.0,1678030037.0,251.0,1678030104.0,1678030109.0,5.0,,429.0,512.0,5.0,60.0,1691153157.0,4.0,1054.0,poseidon,condorpool,poseidon-worker-3-container-32-39,xgboost_hp_tuning,/srv/xgboost_hp_tuning,,1784.7,0,0,0.1,1346566770.0,40.0,3769.0,2.0,1719.2,59.2,4208021.2,4.0
xgboost_hp_tuning_ID0000005_pegasus-plan_ID0000020,None,compute,0,1678029158.0,,,1678029163.0,1678029537.0,1678029571.0,61755391.0,1678029592.0,1678029989.0,1678029922.0,1678029926.0,259.0,1678029989.0,1678029994.0,5.0,,429.0,397.0,5.0,34.0,1691153157.0,4.0,1079.0,poseidon,condorpool,poseidon-worker-3-container-40-47,xgboost_hp_tuning,/srv/xgboost_hp_tuning,,1939.2,0,0,0.0,1346574337.0,40.0,3799.0,2.0,1873.9,57.6,3960512.8,4.0
xgboost_hp_tuning_ID0000023_pegasus-plan_ID0000020,None,compute,0,1678029158.0,,,1678029163.0,1678029935.0,1678029966.0,68997522.7,1678029989.0,1678030409.0,1678030339.0,1678030344.0,260.0,1678030409.0,1678030414.0,5.0,,826.0,420.0,5.0,31.0,1691153157.0,5.0,1092.0,poseidon,condorpool,poseidon-worker-3-container-40-47,xgboost_hp_tuning,/srv/xgboost_hp_tuning,,2072.2,0,0,0.1,1346570825.0,787.0,3786.0,8.0,1985.0,62.1,4488569.4,39.4
xgboost_hp_tuning_ID0000017_pegasus-plan_ID0000020,hdd_5,compute,0,1678029158.0,,,1678029163.0,1678029537.0,1678029590.0,61983063.6,1678029591.0,1678029979.0,1678029910.0,1678029914.0,252.0,1678029979.0,1678029984.0,5.0,,428.0,388.0,5.0,53.0,1691153157.0,4.0,1056.0,poseidon,condorpool,poseidon-worker-3-container-0-7,xgboost_hp_tuning,/srv/xgboost_hp_tuning,,1716.8,0,0,0.0,1346562586.0,40.0,3754.0,2.0,1655.8,55.1,4343750.3,4.0
xgboost_hp_tuning_ID0000012_pegasus-plan_ID0000020,hdd_5,compute,0,1678029158.0,,,1678029163.0,1678029923.0,1678029982.0,68970573.8,1678029977.0,1678030379.0,1678030310.0,1678030314.0,251.0,1678030379.0,1678030384.0,5.0,,814.0,402.0,5.0,59.0,1691153157.0,4.0,1050.0,poseidon,condorpool,poseidon-worker-3-container-0-7,xgboost_hp_tuning,/srv/xgboost_hp_tuning,,1745.7,0,0,0.0,1346547468.0,787.0,3696.0,8.0,1630.3,53.8,5610614.5,39.4
xgboost_hp_tuning_ID0000018_pegasus-plan_ID0000020,None,compute,0,1678029158.0,,,1678029163.0,1678029629.0,1678029660.0,68962482.7,1678029586.0,1678030064.0,1678029996.0,1678030000.0,250.0,1678030064.0,1678030069.0,5.0,,423.0,478.0,5.0,31.0,1691153157.0,4.0,1055.0,poseidon,condorpool,poseidon-worker-1-container-8-15,xgboost_hp_tuning,/srv/xgboost_hp_tuning,,1858.2,0,0,0.0,1346568409.0,40.0,3771.0,2.0,1767.2,46.2,4208026.3,4.0
xgboost_hp_tuning_ID0000019_pegasus-plan_ID0000020,None,compute,0,1678029158.0,,,1678029163.0,1678029629.0,1678029660.0,68906909.6,1678029585.0,1678030244.0,1678030178.0,1678030182.0,251.0,1678030244.0,1678030249.0,5.0,,422.0,659.0,5.0,31.0,1691153157.0,4.0,1060.0,poseidon,condorpool,poseidon-worker-1-container-24-31,xgboost_hp_tuning,/srv/xgboost_hp_tuning,,3074.0,0,0,0.0,1346637603.0,40.0,4041.0,2.0,2949.5,71.8,2693275.2,4.0
xgboost_hp_tuning_ID0000008_pegasus-plan_ID0000020,hdd_5,compute,0,1678029158.0,,,1678029163.0,1678029385.0,1678029442.0,68958525.6,1678029439.0,1678029879.0,1678029809.0,1678029813.0,251.0,1678029879.0,1678029884.0,5.0,,276.0,440.0,5.0,57.0,1691153157.0,4.0,1060.0,poseidon,condorpool,poseidon-worker-2-container-8-15,xgboost_hp_tuning,/srv/xgboost_hp_tuning,,1980.0,0,0,0.0,1346572310.0,289.0,3788.0,4.0,1872.2,57.1,4208038.5,14.4
xgboost_hp_tuning_ID0000020_pegasus-plan_ID0000020,None,compute,0,1678029158.0,,,1678029163.0,1678029385.0,1678029416.0,69168755.7,1678029439.0,1678029819.0,1678029752.0,1678029756.0,252.0,1678029819.0,1678029824.0,5.0,,276.0,380.0,5.0,31.0,1691153157.0,4.0,1064.0,poseidon,condorpool,poseidon-worker-2-container-40-47,xgboost_hp_tuning,/srv/xgboost_hp_tuning,,1799.5,0,0,0.0,1346560881.0,289.0,3743.0,4.0,1734.6,54.8,4643313.4,14.4
xgboost_hp_tuning_ID0000021_pegasus-plan_ID0000020,hdd_5,compute,0,1678029158.0,,,1678029163.0,1678029385.0,1678029442.0,68962512.5,1678029439.0,1678029879.0,1678029813.0,1678029817.0,248.0,1678029879.0,1678029884.0,5.0,,276.0,440.0,5.0,57.0,1691153157.0,4.0,1063.0,poseidon,condorpool,poseidon-worker-2-container-24-31,xgboost_hp_tuning,/srv/xgboost_hp_tuning,,2022.1,0,0,0.0,1346576250.0,289.0,3803.0,4.0,1943.2,69.6,4080534.1,14.4
xgboost_hp_tuning_ID0000010_pegasus-plan_ID0000020,hdd_5,compute,0,1678029158.0,,,1678029163.0,1678029385.0,1678029442.0,69149612.9,1678029439.0,1678030259.0,1678030188.0,1678030192.0,248.0,1678030259.0,1678030264.0,5.0,,276.0,820.0,5.0,57.0,1691153157.0,4.0,1051.0,poseidon,condorpool,poseidon-worker-2-container-32-39,xgboost_hp_tuning,/srv/xgboost_hp_tuning,,2144.2,0,0,0.3,1346580173.0,289.0,3818.0,4.0,2042.9,64.0,3960529.9,14.4
xgboost_hp_tuning_ID0000022_pegasus-plan_ID0000020,None,compute,0,1678029158.0,,,1678029163.0,1678029385.0,1678029416.0,68968315.1,1678029439.0,1678029829.0,1678029761.0,1678029765.0,250.0,1678029829.0,1678029834.0,5.0,,276.0,390.0,5.0,31.0,1691153157.0,4.0,1062.0,poseidon,condorpool,poseidon-worker-2-container-0-7,xgboost_hp_tuning,/srv/xgboost_hp_tuning,,1818.3,0,0,0.1,1346564634.0,289.0,3758.0,4.0,1729.3,52.6,4488548.8,14.4
xgboost_hp_tuning_ID0000006_pegasus-plan_ID0000020,hdd_5,compute,0,1678029158.0,,,1678029163.0,1678029629.0,1678029671.0,68953063.5,1678029586.0,1678030104.0,1678030033.0,1678030037.0,248.0,1678030104.0,1678030109.0,5.0,,423.0,518.0,5.0,42.0,1691153157.0,4.0,1066.0,poseidon,condorpool,poseidon-worker-1-container-16-23,xgboost_hp_tuning,/srv/xgboost_hp_tuning,,2001.8,0,0,0.0,1346580056.0,40.0,3816.0,2.0,1931.3,53.5,3847371.6,4.0
xgboost_hp_tuning_ID0000007_pegasus-plan_ID0000020,hdd_5,compute,0,1678029158.0,,,1678029163.0,1678029629.0,1678029671.0,68986929.5,1678029586.0,1678030084.0,1678030012.0,1678030017.0,252.0,1678030084.0,1678030089.0,5.0,,423.0,498.0,5.0,42.0,1691153157.0,5.0,1067.0,poseidon,condorpool,poseidon-worker-1-container-32-39,xgboost_hp_tuning,/srv/xgboost_hp_tuning,,1848.4,0,0,0.1,1346572442.0,40.0,3786.0,2.0,1781.2,52.4,4080522.6,4.0
stage_out_local_condorpool_0_2_pegasus-plan_ID0000016,None,transfer,0,1678029443.0,,,1678029448.0,,,0.0,1678029449.0,1678029458.0,1678029449.0,1678029453.0,1840.0,1678029458.0,1678029463.0,5.0,,1.0,9.0,5.0,,,4.0,7421.0,poseidon,local,host-10-100-100-12.openstacklocal,pegasus::transfer,/home/poseidon/pegasus-5.1.0panorama/bin/pegasus-transfer,/home/poseidon/pegasus-5.1.0panorama/bin/../bin/pegasus-kickstart  -n pegasus::transfer -N null -i - -R local  -L xgboost_hp_tuning_group_1 -T 2023-03-05T15:11:38+00:00 /home/poseidon/pegasus-5.1.0panorama/bin/../bin/pegasus-transfer  --threads 2,1.0,0,0,,,,,,,,,
stage_out_local_condorpool_0_1_pegasus-plan_ID0000016,None,transfer,0,1678029443.0,,,1678029448.0,,,0.0,1678029448.0,1678029458.0,1678029449.0,1678029453.0,2107.0,1678029458.0,1678029463.0,5.0,,0.0,10.0,5.0,,,4.0,8505.0,poseidon,local,host-10-100-100-12.openstacklocal,pegasus::transfer,/home/poseidon/pegasus-5.1.0panorama/bin/pegasus-transfer,/home/poseidon/pegasus-5.1.0panorama/bin/../bin/pegasus-kickstart  -n pegasus::transfer -N null -i - -R local  -L xgboost_hp_tuning_group_1 -T 2023-03-05T15:11:38+00:00 /home/poseidon/pegasus-5.1.0panorama/bin/../bin/pegasus-transfer  --threads 2,1.1,0,0,,,,,,,,,
stage_out_local_condorpool_0_0_pegasus-plan_ID0000016,None,transfer,0,1678029443.0,,,1678029448.0,,,0.0,1678029448.0,1678029458.0,1678029449.0,1678029453.0,2097.0,1678029458.0,1678029463.0,5.0,,0.0,10.0,5.0,,,4.0,8459.0,poseidon,local,host-10-100-100-12.openstacklocal,pegasus::transfer,/home/poseidon/pegasus-5.1.0panorama/bin/pegasus-transfer,/home/poseidon/pegasus-5.1.0panorama/bin/../bin/pegasus-kickstart  -n pegasus::transfer -N null -i - -R local  -L xgboost_hp_tuning_group_1 -T 2023-03-05T15:11:38+00:00 /home/poseidon/pegasus-5.1.0panorama/bin/../bin/pegasus-transfer  --threads 2,1.1,0,0,,,,,,,,,
xgboost_best_params_ID0000024_pegasus-plan_ID0000016,hdd_5,compute,0,1678029443.0,,,1678029448.0,1678029519.0,1678029633.0,33232074.8,1678029573.0,1678030044.0,1678029974.0,1678029979.0,251.0,1678030044.0,1678030049.0,5.0,,125.0,471.0,5.0,114.0,368018654.0,5.0,1062.0,poseidon,condorpool,poseidon-worker-1-container-40-47,xgboost_best_params,/srv/xgboost_best_params,,0.0,0,0,,,,,,,,,
register_condorpool_0_1_pegasus-plan_ID0000016,None,auxiliary,0,1678029463.0,,,1678029488.0,,,0.0,1678029488.0,1678029493.0,,,0.0,1678029493.0,1678029498.0,25.0,,0.0,5.0,5.0,,,,,poseidon,local,host-10-100-100-12.openstacklocal,pegasus::rc-client,/home/poseidon/pegasus-5.1.0panorama/bin/pegasus-rc-client,"-n pegasus::rc-client -N null -R local  -L xgboost_hp_tuning_group_1 -T 2023-03-05T15:11:38+00:00 /home/poseidon/pegasus-5.1.0panorama/bin/pegasus-rc-client --prefix pegasus.catalog.replica.output --conf /home/poseidon/workflows/predict-future-sales-workflow/submit/poseidon/pegasus/predict-future-sales/run0440/00/00/./xgboost_hp_tuning_group_1.000/pegasus.9091392038926312370.properties -v --meta /home/poseidon/workflows/predict-future-sales-workflow/submit/poseidon/pegasus/predict-future-sales/run0440/00/00/./xgboost_hp_tuning_group_1.000/00/00/xgboost_hp_tuning_ID0000019.meta,/home/poseidon/workflows/predict-future-sales-workflow/submit/poseidon/pegasus/predict-future-sales/run0440/00/00/./xgboost_hp_tuning_group_1.000/00/00/xgboost_hp_tuning_ID0000003.meta,/home/poseidon/workflows/predict-future-sales-workflow/submit/poseidon/pegasus/predict-future-sales/run0440/00/00/./xgboost_hp_tuning_group_1.000/00/00/xgboost_hp_tuning_ID0000006.meta,/home/poseidon/workflows/predict-future-sales-workflow/submit/poseidon/pegasus/predict-future-sales/run0440/00/00/./xgboost_hp_tuning_group_1.000/00/00/xgboost_hp_tuning_ID0000016.meta,/home/poseidon/workflows/predict-future-sales-workflow/submit/poseidon/pegasus/predict-future-sales/run0440/00/00/./xgboost_hp_tuning_group_1.000/00/00/xgboost_hp_tuning_ID0000013.meta,/home/poseidon/workflows/predict-future-sales-workflow/submit/poseidon/pegasus/predict-future-sales/run0440/00/00/./xgboost_hp_tuning_group_1.000/00/00/xgboost_hp_tuning_ID0000023.meta,/home/poseidon/workflows/predict-future-sales-workflow/submit/poseidon/pegasus/predict-future-sales/run0440/00/00/./xgboost_hp_tuning_group_1.000/00/00/xgboost_hp_tuning_ID0000011.meta,/home/poseidon/workflows/predict-future-sales-workflow/submit/poseidon/pegasus/predict-future-sales/run0440/00/00/./xgboost_hp_tuning_group_1.000/00/00/xgboost_hp_tuning_ID0000021.meta --insert /home/poseidon/workflows/predict-future-sales-workflow/submit/poseidon/pegasus/predict-future-sales/run0440/00/00/./xgboost_hp_tuning_group_1.000/00/00/register_condorpool_0_1.in",3.1,0,0,,,,,,,,,
register_condorpool_0_0_pegasus-plan_ID0000016,None,auxiliary,0,1678029463.0,,,1678029478.0,,,0.0,1678029478.0,1678029483.0,,,0.0,1678029483.0,1678029488.0,15.0,,0.0,5.0,5.0,,,,,poseidon,local,host-10-100-100-12.openstacklocal,pegasus::rc-client,/home/poseidon/pegasus-5.1.0panorama/bin/pegasus-rc-client,"-n pegasus::rc-client -N null -R local  -L xgboost_hp_tuning_group_1 -T 2023-03-05T15:11:38+00:00 /home/poseidon/pegasus-5.1.0panorama/bin/pegasus-rc-client --prefix pegasus.catalog.replica.output --conf /home/poseidon/workflows/predict-future-sales-workflow/submit/poseidon/pegasus/predict-future-sales/run0440/00/00/./xgboost_hp_tuning_group_1.000/pegasus.9091392038926312370.properties -v --meta /home/poseidon/workflows/predict-future-sales-workflow/submit/poseidon/pegasus/predict-future-sales/run0440/00/00/./xgboost_hp_tuning_group_1.000/00/00/xgboost_hp_tuning_ID0000018.meta,/home/poseidon/workflows/predict-future-sales-workflow/submit/poseidon/pegasus/predict-future-sales/run0440/00/00/./xgboost_hp_tuning_group_1.000/00/00/xgboost_hp_tuning_ID0000009.meta,/home/poseidon/workflows/predict-future-sales-workflow/submit/poseidon/pegasus/predict-future-sales/run0440/00/00/./xgboost_hp_tuning_group_1.000/00/00/xgboost_hp_tuning_ID0000012.meta,/home/poseidon/workflows/predict-future-sales-workflow/submit/poseidon/pegasus/predict-future-sales/run0440/00/00/./xgboost_hp_tuning_group_1.000/00/00/xgboost_hp_tuning_ID0000008.meta,/home/poseidon/workflows/predict-future-sales-workflow/submit/poseidon/pegasus/predict-future-sales/run0440/00/00/./xgboost_hp_tuning_group_1.000/00/00/xgboost_hp_tuning_ID0000010.meta,/home/poseidon/workflows/predict-future-sales-workflow/submit/poseidon/pegasus/predict-future-sales/run0440/00/00/./xgboost_hp_tuning_group_1.000/00/00/xgboost_hp_tuning_ID0000002.meta,/home/poseidon/workflows/predict-future-sales-workflow/submit/poseidon/pegasus/predict-future-sales/run0440/00/00/./xgboost_hp_tuning_group_1.000/00/00/xgboost_hp_tuning_ID0000005.meta,/home/poseidon/workflows/predict-future-sales-workflow/submit/poseidon/pegasus/predict-future-sales/run0440/00/00/./xgboost_hp_tuning_group_1.000/00/00/xgboost_hp_tuning_ID0000015.meta --insert /home/poseidon/workflows/predict-future-sales-workflow/submit/poseidon/pegasus/predict-future-sales/run0440/00/00/./xgboost_hp_tuning_group_1.000/00/00/register_condorpool_0_0.in",3.1,0,0,,,,,,,,,
register_condorpool_0_2_pegasus-plan_ID0000016,None,auxiliary,0,1678029463.0,,,1678029468.0,,,0.0,1678029468.0,1678029473.0,,,0.0,1678029473.0,1678029478.0,5.0,,0.0,5.0,5.0,,,,,poseidon,local,host-10-100-100-12.openstacklocal,pegasus::rc-client,/home/poseidon/pegasus-5.1.0panorama/bin/pegasus-rc-client,"-n pegasus::rc-client -N null -R local  -L xgboost_hp_tuning_group_1 -T 2023-03-05T15:11:38+00:00 /home/poseidon/pegasus-5.1.0panorama/bin/pegasus-rc-client --prefix pegasus.catalog.replica.output --conf /home/poseidon/workflows/predict-future-sales-workflow/submit/poseidon/pegasus/predict-future-sales/run0440/00/00/./xgboost_hp_tuning_group_1.000/pegasus.9091392038926312370.properties -v --meta /home/poseidon/workflows/predict-future-sales-workflow/submit/poseidon/pegasus/predict-future-sales/run0440/00/00/./xgboost_hp_tuning_group_1.000/00/00/xgboost_hp_tuning_ID0000014.meta,/home/poseidon/workflows/predict-future-sales-workflow/submit/poseidon/pegasus/predict-future-sales/run0440/00/00/./xgboost_hp_tuning_group_1.000/00/00/xgboost_hp_tuning_ID0000001.meta,/home/poseidon/workflows/predict-future-sales-workflow/submit/poseidon/pegasus/predict-future-sales/run0440/00/00/./xgboost_hp_tuning_group_1.000/00/00/xgboost_hp_tuning_ID0000007.meta,/home/poseidon/workflows/predict-future-sales-workflow/submit/poseidon/pegasus/predict-future-sales/run0440/00/00/./xgboost_hp_tuning_group_1.000/00/00/xgboost_hp_tuning_ID0000004.meta,/home/poseidon/workflows/predict-future-sales-workflow/submit/poseidon/pegasus/predict-future-sales/run0440/00/00/./xgboost_hp_tuning_group_1.000/00/00/xgboost_hp_tuning_ID0000022.meta,/home/poseidon/workflows/predict-future-sales-workflow/submit/poseidon/pegasus/predict-future-sales/run0440/00/00/./xgboost_hp_tuning_group_1.000/00/00/xgboost_hp_tuning_ID0000020.meta,/home/poseidon/workflows/predict-future-sales-workflow/submit/poseidon/pegasus/predict-future-sales/run0440/00/00/./xgboost_hp_tuning_group_1.000/00/00/xgboost_hp_tuning_ID0000017.meta --insert /home/poseidon/workflows/predict-future-sales-workflow/submit/poseidon/pegasus/predict-future-sales/run0440/00/00/./xgboost_hp_tuning_group_1.000/00/00/register_condorpool_0_2.in",2.9,0,0,,,,,,,,,
xgboost_best_params_ID0000024_pegasus-plan_ID0000012,None,compute,0,1678029598.0,,,1678029603.0,1678029765.0,1678029783.0,33328508.2,1678029819.0,1678029859.0,1678029789.0,1678029794.0,252.0,1678029859.0,1678029864.0,5.0,,216.0,40.0,5.0,18.0,368018649.0,5.0,1077.0,poseidon,condorpool,poseidon-worker-2-container-40-47,xgboost_best_params,/srv/xgboost_best_params,,0.0,0,0,,,,,,,,,
stage_out_local_condorpool_0_1_pegasus-plan_ID0000012,None,transfer,0,1678029598.0,,,1678029603.0,,,0.0,1678029603.0,1678029613.0,1678029603.0,1678029607.0,2107.0,1678029613.0,1678029618.0,5.0,,0.0,10.0,5.0,,,4.0,8504.0,poseidon,local,host-10-100-100-12.openstacklocal,pegasus::transfer,/home/poseidon/pegasus-5.1.0panorama/bin/pegasus-transfer,/home/poseidon/pegasus-5.1.0panorama/bin/../bin/pegasus-kickstart  -n pegasus::transfer -N null -i - -R local  -L xgboost_hp_tuning_group_0 -T 2023-03-05T15:11:38+00:00 /home/poseidon/pegasus-5.1.0panorama/bin/../bin/pegasus-transfer  --threads 2,1.1,0,0,,,,,,,,,
stage_out_local_condorpool_0_0_pegasus-plan_ID0000012,None,transfer,0,1678029598.0,,,1678029603.0,,,0.0,1678029603.0,1678029613.0,1678029603.0,1678029607.0,2096.0,1678029613.0,1678029618.0,5.0,,0.0,10.0,5.0,,,4.0,8457.0,poseidon,local,host-10-100-100-12.openstacklocal,pegasus::transfer,/home/poseidon/pegasus-5.1.0panorama/bin/pegasus-transfer,/home/poseidon/pegasus-5.1.0panorama/bin/../bin/pegasus-kickstart  -n pegasus::transfer -N null -i - -R local  -L xgboost_hp_tuning_group_0 -T 2023-03-05T15:11:38+00:00 /home/poseidon/pegasus-5.1.0panorama/bin/../bin/pegasus-transfer  --threads 2,1.1,0,0,,,,,,,,,
stage_out_local_condorpool_0_2_pegasus-plan_ID0000012,None,transfer,0,1678029598.0,,,1678029603.0,,,0.0,1678029603.0,1678029613.0,1678029603.0,1678029607.0,1839.0,1678029613.0,1678029618.0,5.0,,0.0,10.0,5.0,,,4.0,7419.0,poseidon,local,host-10-100-100-12.openstacklocal,pegasus::transfer,/home/poseidon/pegasus-5.1.0panorama/bin/pegasus-transfer,/home/poseidon/pegasus-5.1.0panorama/bin/../bin/pegasus-kickstart  -n pegasus::transfer -N null -i - -R local  -L xgboost_hp_tuning_group_0 -T 2023-03-05T15:11:38+00:00 /home/poseidon/pegasus-5.1.0panorama/bin/../bin/pegasus-transfer  --threads 2,1.0,0,0,,,,,,,,,
register_condorpool_0_1_pegasus-plan_ID0000012,None,auxiliary,0,1678029618.0,,,1678029633.0,,,0.0,1678029633.0,1678029638.0,,,0.0,1678029638.0,1678029644.0,15.0,,0.0,5.0,6.0,,,,,poseidon,local,host-10-100-100-12.openstacklocal,pegasus::rc-client,/home/poseidon/pegasus-5.1.0panorama/bin/pegasus-rc-client,"-n pegasus::rc-client -N null -R local  -L xgboost_hp_tuning_group_0 -T 2023-03-05T15:11:38+00:00 /home/poseidon/pegasus-5.1.0panorama/bin/pegasus-rc-client --prefix pegasus.catalog.replica.output --conf /home/poseidon/workflows/predict-future-sales-workflow/submit/poseidon/pegasus/predict-future-sales/run0440/00/00/./xgboost_hp_tuning_group_0.000/pegasus.16220733617503446401.properties -v --meta /home/poseidon/workflows/predict-future-sales-workflow/submit/poseidon/pegasus/predict-future-sales/run0440/00/00/./xgboost_hp_tuning_group_0.000/00/00/xgboost_hp_tuning_ID0000013.meta,/home/poseidon/workflows/predict-future-sales-workflow/submit/poseidon/pegasus/predict-future-sales/run0440/00/00/./xgboost_hp_tuning_group_0.000/00/00/xgboost_hp_tuning_ID0000023.meta,/home/poseidon/workflows/predict-future-sales-workflow/submit/poseidon/pegasus/predict-future-sales/run0440/00/00/./xgboost_hp_tuning_group_0.000/00/00/xgboost_hp_tuning_ID0000011.meta,/home/poseidon/workflows/predict-future-sales-workflow/submit/poseidon/pegasus/predict-future-sales/run0440/00/00/./xgboost_hp_tuning_group_0.000/00/00/xgboost_hp_tuning_ID0000006.meta,/home/poseidon/workflows/predict-future-sales-workflow/submit/poseidon/pegasus/predict-future-sales/run0440/00/00/./xgboost_hp_tuning_group_0.000/00/00/xgboost_hp_tuning_ID0000003.meta,/home/poseidon/workflows/predict-future-sales-workflow/submit/poseidon/pegasus/predict-future-sales/run0440/00/00/./xgboost_hp_tuning_group_0.000/00/00/xgboost_hp_tuning_ID0000021.meta,/home/poseidon/workflows/predict-future-sales-workflow/submit/poseidon/pegasus/predict-future-sales/run0440/00/00/./xgboost_hp_tuning_group_0.000/00/00/xgboost_hp_tuning_ID0000019.meta,/home/poseidon/workflows/predict-future-sales-workflow/submit/poseidon/pegasus/predict-future-sales/run0440/00/00/./xgboost_hp_tuning_group_0.000/00/00/xgboost_hp_tuning_ID0000016.meta --insert /home/poseidon/workflows/predict-future-sales-workflow/submit/poseidon/pegasus/predict-future-sales/run0440/00/00/./xgboost_hp_tuning_group_0.000/00/00/register_condorpool_0_1.in",3.0,0,0,,,,,,,,,
register_condorpool_0_0_pegasus-plan_ID0000012,None,auxiliary,0,1678029618.0,,,1678029644.0,,,0.0,1678029644.0,1678029649.0,,,0.0,1678029649.0,1678029654.0,26.0,,0.0,5.0,5.0,,,,,poseidon,local,host-10-100-100-12.openstacklocal,pegasus::rc-client,/home/poseidon/pegasus-5.1.0panorama/bin/pegasus-rc-client,"-n pegasus::rc-client -N null -R local  -L xgboost_hp_tuning_group_0 -T 2023-03-05T15:11:38+00:00 /home/poseidon/pegasus-5.1.0panorama/bin/pegasus-rc-client --prefix pegasus.catalog.replica.output --conf /home/poseidon/workflows/predict-future-sales-workflow/submit/poseidon/pegasus/predict-future-sales/run0440/00/00/./xgboost_hp_tuning_group_0.000/pegasus.16220733617503446401.properties -v --meta /home/poseidon/workflows/predict-future-sales-workflow/submit/poseidon/pegasus/predict-future-sales/run0440/00/00/./xgboost_hp_tuning_group_0.000/00/00/xgboost_hp_tuning_ID0000018.meta,/home/poseidon/workflows/predict-future-sales-workflow/submit/poseidon/pegasus/predict-future-sales/run0440/00/00/./xgboost_hp_tuning_group_0.000/00/00/xgboost_hp_tuning_ID0000002.meta,/home/poseidon/workflows/predict-future-sales-workflow/submit/poseidon/pegasus/predict-future-sales/run0440/00/00/./xgboost_hp_tuning_group_0.000/00/00/xgboost_hp_tuning_ID0000005.meta,/home/poseidon/workflows/predict-future-sales-workflow/submit/poseidon/pegasus/predict-future-sales/run0440/00/00/./xgboost_hp_tuning_group_0.000/00/00/xgboost_hp_tuning_ID0000009.meta,/home/poseidon/workflows/predict-future-sales-workflow/submit/poseidon/pegasus/predict-future-sales/run0440/00/00/./xgboost_hp_tuning_group_0.000/00/00/xgboost_hp_tuning_ID0000015.meta,/home/poseidon/workflows/predict-future-sales-workflow/submit/poseidon/pegasus/predict-future-sales/run0440/00/00/./xgboost_hp_tuning_group_0.000/00/00/xgboost_hp_tuning_ID0000012.meta,/home/poseidon/workflows/predict-future-sales-workflow/submit/poseidon/pegasus/predict-future-sales/run0440/00/00/./xgboost_hp_tuning_group_0.000/00/00/xgboost_hp_tuning_ID0000010.meta,/home/poseidon/workflows/predict-future-sales-workflow/submit/poseidon/pegasus/predict-future-sales/run0440/00/00/./xgboost_hp_tuning_group_0.000/00/00/xgboost_hp_tuning_ID0000008.meta --insert /home/poseidon/workflows/predict-future-sales-workflow/submit/poseidon/pegasus/predict-future-sales/run0440/00/00/./xgboost_hp_tuning_group_0.000/00/00/register_condorpool_0_0.in",3.1,0,0,,,,,,,,,
register_condorpool_0_2_pegasus-plan_ID0000012,None,auxiliary,0,1678029618.0,,,1678029623.0,,,0.0,1678029623.0,1678029628.0,,,0.0,1678029628.0,1678029633.0,5.0,,0.0,5.0,5.0,,,,,poseidon,local,host-10-100-100-12.openstacklocal,pegasus::rc-client,/home/poseidon/pegasus-5.1.0panorama/bin/pegasus-rc-client,"-n pegasus::rc-client -N null -R local  -L xgboost_hp_tuning_group_0 -T 2023-03-05T15:11:38+00:00 /home/poseidon/pegasus-5.1.0panorama/bin/pegasus-rc-client --prefix pegasus.catalog.replica.output --conf /home/poseidon/workflows/predict-future-sales-workflow/submit/poseidon/pegasus/predict-future-sales/run0440/00/00/./xgboost_hp_tuning_group_0.000/pegasus.16220733617503446401.properties -v --meta /home/poseidon/workflows/predict-future-sales-workflow/submit/poseidon/pegasus/predict-future-sales/run0440/00/00/./xgboost_hp_tuning_group_0.000/00/00/xgboost_hp_tuning_ID0000017.meta,/home/poseidon/workflows/predict-future-sales-workflow/submit/poseidon/pegasus/predict-future-sales/run0440/00/00/./xgboost_hp_tuning_group_0.000/00/00/xgboost_hp_tuning_ID0000022.meta,/home/poseidon/workflows/predict-future-sales-workflow/submit/poseidon/pegasus/predict-future-sales/run0440/00/00/./xgboost_hp_tuning_group_0.000/00/00/xgboost_hp_tuning_ID0000007.meta,/home/poseidon/workflows/predict-future-sales-workflow/submit/poseidon/pegasus/predict-future-sales/run0440/00/00/./xgboost_hp_tuning_group_0.000/00/00/xgboost_hp_tuning_ID0000020.meta,/home/poseidon/workflows/predict-future-sales-workflow/submit/poseidon/pegasus/predict-future-sales/run0440/00/00/./xgboost_hp_tuning_group_0.000/00/00/xgboost_hp_tuning_ID0000001.meta,/home/poseidon/workflows/predict-future-sales-workflow/submit/poseidon/pegasus/predict-future-sales/run0440/00/00/./xgboost_hp_tuning_group_0.000/00/00/xgboost_hp_tuning_ID0000004.meta,/home/poseidon/workflows/predict-future-sales-workflow/submit/poseidon/pegasus/predict-future-sales/run0440/00/00/./xgboost_hp_tuning_group_0.000/00/00/xgboost_hp_tuning_ID0000014.meta --insert /home/poseidon/workflows/predict-future-sales-workflow/submit/poseidon/pegasus/predict-future-sales/run0440/00/00/./xgboost_hp_tuning_group_0.000/00/00/register_condorpool_0_2.in",3.0,0,0,,,,,,,,,
stage_out_local_condorpool_1_0_pegasus-plan_ID0000012,None,transfer,0,1678029864.0,,,1678029869.0,,,0.0,1678029869.0,1678029879.0,1678029869.0,1678029874.0,1258.0,1678029879.0,1678029884.0,5.0,,0.0,10.0,5.0,,,5.0,5385.0,poseidon,local,host-10-100-100-12.openstacklocal,pegasus::transfer,/home/poseidon/pegasus-5.1.0panorama/bin/pegasus-transfer,/home/poseidon/pegasus-5.1.0panorama/bin/../bin/pegasus-kickstart  -n pegasus::transfer -N null -i - -R local  -L xgboost_hp_tuning_group_0 -T 2023-03-05T15:11:38+00:00 /home/poseidon/pegasus-5.1.0panorama/bin/../bin/pegasus-transfer  --threads 2,0.7,0,0,,,,,,,,,
register_condorpool_1_0_pegasus-plan_ID0000012,None,auxiliary,0,1678029884.0,,,1678029889.0,,,0.0,1678029889.0,1678029894.0,,,0.0,1678029894.0,1678029899.0,5.0,,0.0,5.0,5.0,,,,,poseidon,local,host-10-100-100-12.openstacklocal,pegasus::rc-client,/home/poseidon/pegasus-5.1.0panorama/bin/pegasus-rc-client,-n pegasus::rc-client -N null -R local  -L xgboost_hp_tuning_group_0 -T 2023-03-05T15:11:38+00:00 /home/poseidon/pegasus-5.1.0panorama/bin/pegasus-rc-client --prefix pegasus.catalog.replica.output --conf /home/poseidon/workflows/predict-future-sales-workflow/submit/poseidon/pegasus/predict-future-sales/run0440/00/00/./xgboost_hp_tuning_group_0.000/pegasus.16220733617503446401.properties -v --meta /home/poseidon/workflows/predict-future-sales-workflow/submit/poseidon/pegasus/predict-future-sales/run0440/00/00/./xgboost_hp_tuning_group_0.000/00/00/xgboost_best_params_ID0000024.meta --insert /home/poseidon/workflows/predict-future-sales-workflow/submit/poseidon/pegasus/predict-future-sales/run0440/00/00/./xgboost_hp_tuning_group_0.000/00/00/register_condorpool_1_0.in,3.0,0,0,,,,,,,,,
xgboost_model_ID0000013,None,compute,0,1678029901.0,,,1678029906.0,1678029922.0,1678029942.0,46616143.0,1678029976.0,1678030101.0,1678030033.0,1678030038.0,177780.0,1678030101.0,1678030106.0,5.0,,70.0,125.0,5.0,20.0,502671207.0,5.0,789602.0,poseidon,condorpool,poseidon-worker-3-container-24-31,xgboost_model,/srv/xgboost_model,,35.1,0,0,,,,,,,,,
stage_out_local_condorpool_1_0_pegasus-plan_ID0000016,None,transfer,0,1678030049.0,,,1678030054.0,,,0.0,1678030054.0,1678030064.0,1678030054.0,1678030059.0,1250.0,1678030064.0,1678030069.0,5.0,,0.0,10.0,5.0,,,5.0,5310.0,poseidon,local,host-10-100-100-12.openstacklocal,pegasus::transfer,/home/poseidon/pegasus-5.1.0panorama/bin/pegasus-transfer,/home/poseidon/pegasus-5.1.0panorama/bin/../bin/pegasus-kickstart  -n pegasus::transfer -N null -i - -R local  -L xgboost_hp_tuning_group_1 -T 2023-03-05T15:11:38+00:00 /home/poseidon/pegasus-5.1.0panorama/bin/../bin/pegasus-transfer  --threads 2,0.7,0,0,,,,,,,,,
register_condorpool_1_0_pegasus-plan_ID0000016,None,auxiliary,0,1678030069.0,,,1678030074.0,,,0.0,1678030074.0,1678030079.0,,,0.0,1678030079.0,1678030084.0,5.0,,0.0,5.0,5.0,,,,,poseidon,local,host-10-100-100-12.openstacklocal,pegasus::rc-client,/home/poseidon/pegasus-5.1.0panorama/bin/pegasus-rc-client,-n pegasus::rc-client -N null -R local  -L xgboost_hp_tuning_group_1 -T 2023-03-05T15:11:38+00:00 /home/poseidon/pegasus-5.1.0panorama/bin/pegasus-rc-client --prefix pegasus.catalog.replica.output --conf /home/poseidon/workflows/predict-future-sales-workflow/submit/poseidon/pegasus/predict-future-sales/run0440/00/00/./xgboost_hp_tuning_group_1.000/pegasus.9091392038926312370.properties -v --meta /home/poseidon/workflows/predict-future-sales-workflow/submit/poseidon/pegasus/predict-future-sales/run0440/00/00/./xgboost_hp_tuning_group_1.000/00/00/xgboost_best_params_ID0000024.meta --insert /home/poseidon/workflows/predict-future-sales-workflow/submit/poseidon/pegasus/predict-future-sales/run0440/00/00/./xgboost_hp_tuning_group_1.000/00/00/register_condorpool_1_0.in,3.1,0,0,,,,,,,,,
xgboost_model_ID0000017,hdd_5,compute,0,1678030086.0,,,1678030091.0,1678030038.0,1678030057.0,42560154.5,1678030093.0,1678030237.0,1678030067.0,1678030071.0,78975.0,1678030237.0,1678030242.0,5.0,,2.0,144.0,5.0,19.0,377645129.0,4.0,349595.0,poseidon,condorpool,poseidon-worker-1-container-32-39,xgboost_model,/srv/xgboost_model,,10.1,0,0,,,,,,,,,
model_predict_ID0000014,hdd_5,compute,0,1678030106.0,,,1678030111.0,1678030058.0,1678030102.0,41989479.0,1678030113.0,1678030352.0,1678030286.0,1678030290.0,103971.0,1678030352.0,1678030357.0,5.0,,2.0,239.0,5.0,44.0,370976945.0,4.0,451213.0,poseidon,condorpool,poseidon-worker-3-container-32-39,model_predict,/srv/model_predict,,2.7,0,0,,,,,,,,,
model_predict_ID0000018,hdd_5,compute,0,1678030242.0,,,1678030247.0,1678030287.0,1678030304.0,41707005.5,1678030248.0,1678030382.0,1678030311.0,1678030316.0,6042.0,1678030382.0,1678030387.0,5.0,,1.0,134.0,5.0,17.0,368451698.0,5.0,25035.0,poseidon,condorpool,poseidon-worker-3-container-8-15,model_predict,/srv/model_predict,,2.3,0,0,,,,,,,,,
stage_out_local_condorpool_0_2_pegasus-plan_ID0000020,None,transfer,0,1678030304.0,,,1678030309.0,,,0.0,1678030309.0,1678030319.0,1678030310.0,1678030314.0,1843.0,1678030319.0,1678030324.0,5.0,,0.0,10.0,5.0,,,4.0,7432.0,poseidon,local,host-10-100-100-12.openstacklocal,pegasus::transfer,/home/poseidon/pegasus-5.1.0panorama/bin/pegasus-transfer,/home/poseidon/pegasus-5.1.0panorama/bin/../bin/pegasus-kickstart  -n pegasus::transfer -N null -i - -R local  -L xgboost_hp_tuning_group_2 -T 2023-03-05T15:11:38+00:00 /home/poseidon/pegasus-5.1.0panorama/bin/../bin/pegasus-transfer  --threads 2,0.9,0,0,,,,,,,,,
register_condorpool_0_2_pegasus-plan_ID0000020,None,auxiliary,0,1678030324.0,,,1678030329.0,,,0.0,1678030329.0,1678030334.0,,,0.0,1678030334.0,1678030339.0,5.0,,0.0,5.0,5.0,,,,,poseidon,local,host-10-100-100-12.openstacklocal,pegasus::rc-client,/home/poseidon/pegasus-5.1.0panorama/bin/pegasus-rc-client,"-n pegasus::rc-client -N null -R local  -L xgboost_hp_tuning_group_2 -T 2023-03-05T15:11:38+00:00 /home/poseidon/pegasus-5.1.0panorama/bin/pegasus-rc-client --prefix pegasus.catalog.replica.output --conf /home/poseidon/workflows/predict-future-sales-workflow/submit/poseidon/pegasus/predict-future-sales/run0440/00/00/./xgboost_hp_tuning_group_2.000/pegasus.14308150066997025586.properties -v --meta /home/poseidon/workflows/predict-future-sales-workflow/submit/poseidon/pegasus/predict-future-sales/run0440/00/00/./xgboost_hp_tuning_group_2.000/00/00/xgboost_hp_tuning_ID0000017.meta,/home/poseidon/workflows/predict-future-sales-workflow/submit/poseidon/pegasus/predict-future-sales/run0440/00/00/./xgboost_hp_tuning_group_2.000/00/00/xgboost_hp_tuning_ID0000022.meta,/home/poseidon/workflows/predict-future-sales-workflow/submit/poseidon/pegasus/predict-future-sales/run0440/00/00/./xgboost_hp_tuning_group_2.000/00/00/xgboost_hp_tuning_ID0000007.meta,/home/poseidon/workflows/predict-future-sales-workflow/submit/poseidon/pegasus/predict-future-sales/run0440/00/00/./xgboost_hp_tuning_group_2.000/00/00/xgboost_hp_tuning_ID0000020.meta,/home/poseidon/workflows/predict-future-sales-workflow/submit/poseidon/pegasus/predict-future-sales/run0440/00/00/./xgboost_hp_tuning_group_2.000/00/00/xgboost_hp_tuning_ID0000001.meta,/home/poseidon/workflows/predict-future-sales-workflow/submit/poseidon/pegasus/predict-future-sales/run0440/00/00/./xgboost_hp_tuning_group_2.000/00/00/xgboost_hp_tuning_ID0000004.meta,/home/poseidon/workflows/predict-future-sales-workflow/submit/poseidon/pegasus/predict-future-sales/run0440/00/00/./xgboost_hp_tuning_group_2.000/00/00/xgboost_hp_tuning_ID0000014.meta --insert /home/poseidon/workflows/predict-future-sales-workflow/submit/poseidon/pegasus/predict-future-sales/run0440/00/00/./xgboost_hp_tuning_group_2.000/00/00/register_condorpool_0_2.in",2.9,0,0,,,,,,,,,
stage_out_local_condorpool_0_0_pegasus-plan_ID0000020,None,transfer,0,1678030384.0,,,1678030389.0,,,0.0,1678030389.0,1678030399.0,1678030389.0,1678030393.0,2099.0,1678030399.0,1678030404.0,5.0,,0.0,10.0,5.0,,,4.0,8468.0,poseidon,local,host-10-100-100-12.openstacklocal,pegasus::transfer,/home/poseidon/pegasus-5.1.0panorama/bin/pegasus-transfer,/home/poseidon/pegasus-5.1.0panorama/bin/../bin/pegasus-kickstart  -n pegasus::transfer -N null -i - -R local  -L xgboost_hp_tuning_group_2 -T 2023-03-05T15:11:38+00:00 /home/poseidon/pegasus-5.1.0panorama/bin/../bin/pegasus-transfer  --threads 2,1.0,0,0,,,,,,,,,
register_condorpool_0_0_pegasus-plan_ID0000020,None,auxiliary,0,1678030404.0,,,1678030409.0,,,0.0,1678030409.0,1678030414.0,,,0.0,1678030414.0,1678030419.0,5.0,,0.0,5.0,5.0,,,,,poseidon,local,host-10-100-100-12.openstacklocal,pegasus::rc-client,/home/poseidon/pegasus-5.1.0panorama/bin/pegasus-rc-client,"-n pegasus::rc-client -N null -R local  -L xgboost_hp_tuning_group_2 -T 2023-03-05T15:11:38+00:00 /home/poseidon/pegasus-5.1.0panorama/bin/pegasus-rc-client --prefix pegasus.catalog.replica.output --conf /home/poseidon/workflows/predict-future-sales-workflow/submit/poseidon/pegasus/predict-future-sales/run0440/00/00/./xgboost_hp_tuning_group_2.000/pegasus.14308150066997025586.properties -v --meta /home/poseidon/workflows/predict-future-sales-workflow/submit/poseidon/pegasus/predict-future-sales/run0440/00/00/./xgboost_hp_tuning_group_2.000/00/00/xgboost_hp_tuning_ID0000018.meta,/home/poseidon/workflows/predict-future-sales-workflow/submit/poseidon/pegasus/predict-future-sales/run0440/00/00/./xgboost_hp_tuning_group_2.000/00/00/xgboost_hp_tuning_ID0000002.meta,/home/poseidon/workflows/predict-future-sales-workflow/submit/poseidon/pegasus/predict-future-sales/run0440/00/00/./xgboost_hp_tuning_group_2.000/00/00/xgboost_hp_tuning_ID0000005.meta,/home/poseidon/workflows/predict-future-sales-workflow/submit/poseidon/pegasus/predict-future-sales/run0440/00/00/./xgboost_hp_tuning_group_2.000/00/00/xgboost_hp_tuning_ID0000009.meta,/home/poseidon/workflows/predict-future-sales-workflow/submit/poseidon/pegasus/predict-future-sales/run0440/00/00/./xgboost_hp_tuning_group_2.000/00/00/xgboost_hp_tuning_ID0000015.meta,/home/poseidon/workflows/predict-future-sales-workflow/submit/poseidon/pegasus/predict-future-sales/run0440/00/00/./xgboost_hp_tuning_group_2.000/00/00/xgboost_hp_tuning_ID0000012.meta,/home/poseidon/workflows/predict-future-sales-workflow/submit/poseidon/pegasus/predict-future-sales/run0440/00/00/./xgboost_hp_tuning_group_2.000/00/00/xgboost_hp_tuning_ID0000010.meta,/home/poseidon/workflows/predict-future-sales-workflow/submit/poseidon/pegasus/predict-future-sales/run0440/00/00/./xgboost_hp_tuning_group_2.000/00/00/xgboost_hp_tuning_ID0000008.meta --insert /home/poseidon/workflows/predict-future-sales-workflow/submit/poseidon/pegasus/predict-future-sales/run0440/00/00/./xgboost_hp_tuning_group_2.000/00/00/register_condorpool_0_0.in",3.1,0,0,,,,,,,,,
xgboost_best_params_ID0000024_pegasus-plan_ID0000020,hdd_5,compute,0,1678030414.0,,,1678030419.0,1678030376.0,1678030409.0,37095616.3,1678030430.0,1678030554.0,1678030485.0,1678030490.0,256.0,1678030554.0,1678030559.0,5.0,,11.0,124.0,5.0,33.0,368018669.0,5.0,1060.0,poseidon,condorpool,poseidon-worker-3-container-0-7,xgboost_best_params,/srv/xgboost_best_params,,0.0,0,0,,,,,,,,,
stage_out_local_condorpool_0_1_pegasus-plan_ID0000020,None,transfer,0,1678030414.0,,,1678030419.0,,,0.0,1678030419.0,1678030429.0,1678030419.0,1678030423.0,2107.0,1678030429.0,1678030434.0,5.0,,0.0,10.0,5.0,,,4.0,8500.0,poseidon,local,host-10-100-100-12.openstacklocal,pegasus::transfer,/home/poseidon/pegasus-5.1.0panorama/bin/pegasus-transfer,/home/poseidon/pegasus-5.1.0panorama/bin/../bin/pegasus-kickstart  -n pegasus::transfer -N null -i - -R local  -L xgboost_hp_tuning_group_2 -T 2023-03-05T15:11:38+00:00 /home/poseidon/pegasus-5.1.0panorama/bin/../bin/pegasus-transfer  --threads 2,1.0,0,0,,,,,,,,,
register_condorpool_0_1_pegasus-plan_ID0000020,None,auxiliary,0,1678030434.0,,,1678030439.0,,,0.0,1678030439.0,1678030444.0,,,0.0,1678030444.0,1678030449.0,5.0,,0.0,5.0,5.0,,,,,poseidon,local,host-10-100-100-12.openstacklocal,pegasus::rc-client,/home/poseidon/pegasus-5.1.0panorama/bin/pegasus-rc-client,"-n pegasus::rc-client -N null -R local  -L xgboost_hp_tuning_group_2 -T 2023-03-05T15:11:38+00:00 /home/poseidon/pegasus-5.1.0panorama/bin/pegasus-rc-client --prefix pegasus.catalog.replica.output --conf /home/poseidon/workflows/predict-future-sales-workflow/submit/poseidon/pegasus/predict-future-sales/run0440/00/00/./xgboost_hp_tuning_group_2.000/pegasus.14308150066997025586.properties -v --meta /home/poseidon/workflows/predict-future-sales-workflow/submit/poseidon/pegasus/predict-future-sales/run0440/00/00/./xgboost_hp_tuning_group_2.000/00/00/xgboost_hp_tuning_ID0000013.meta,/home/poseidon/workflows/predict-future-sales-workflow/submit/poseidon/pegasus/predict-future-sales/run0440/00/00/./xgboost_hp_tuning_group_2.000/00/00/xgboost_hp_tuning_ID0000023.meta,/home/poseidon/workflows/predict-future-sales-workflow/submit/poseidon/pegasus/predict-future-sales/run0440/00/00/./xgboost_hp_tuning_group_2.000/00/00/xgboost_hp_tuning_ID0000011.meta,/home/poseidon/workflows/predict-future-sales-workflow/submit/poseidon/pegasus/predict-future-sales/run0440/00/00/./xgboost_hp_tuning_group_2.000/00/00/xgboost_hp_tuning_ID0000006.meta,/home/poseidon/workflows/predict-future-sales-workflow/submit/poseidon/pegasus/predict-future-sales/run0440/00/00/./xgboost_hp_tuning_group_2.000/00/00/xgboost_hp_tuning_ID0000003.meta,/home/poseidon/workflows/predict-future-sales-workflow/submit/poseidon/pegasus/predict-future-sales/run0440/00/00/./xgboost_hp_tuning_group_2.000/00/00/xgboost_hp_tuning_ID0000021.meta,/home/poseidon/workflows/predict-future-sales-workflow/submit/poseidon/pegasus/predict-future-sales/run0440/00/00/./xgboost_hp_tuning_group_2.000/00/00/xgboost_hp_tuning_ID0000019.meta,/home/poseidon/workflows/predict-future-sales-workflow/submit/poseidon/pegasus/predict-future-sales/run0440/00/00/./xgboost_hp_tuning_group_2.000/00/00/xgboost_hp_tuning_ID0000016.meta --insert /home/poseidon/workflows/predict-future-sales-workflow/submit/poseidon/pegasus/predict-future-sales/run0440/00/00/./xgboost_hp_tuning_group_2.000/00/00/register_condorpool_0_1.in",3.0,0,0,,,,,,,,,
stage_out_local_condorpool_1_0_pegasus-plan_ID0000020,None,transfer,0,1678030559.0,,,1678030564.0,,,0.0,1678030564.0,1678030574.0,1678030565.0,1678030569.0,1239.0,1678030574.0,1678030579.0,5.0,,0.0,10.0,5.0,,,4.0,5300.0,poseidon,local,host-10-100-100-12.openstacklocal,pegasus::transfer,/home/poseidon/pegasus-5.1.0panorama/bin/pegasus-transfer,/home/poseidon/pegasus-5.1.0panorama/bin/../bin/pegasus-kickstart  -n pegasus::transfer -N null -i - -R local  -L xgboost_hp_tuning_group_2 -T 2023-03-05T15:11:38+00:00 /home/poseidon/pegasus-5.1.0panorama/bin/../bin/pegasus-transfer  --threads 2,0.7,0,0,,,,,,,,,
register_condorpool_1_0_pegasus-plan_ID0000020,None,auxiliary,0,1678030579.0,,,1678030584.0,,,0.0,1678030584.0,1678030589.0,,,0.0,1678030589.0,1678030594.0,5.0,,0.0,5.0,5.0,,,,,poseidon,local,host-10-100-100-12.openstacklocal,pegasus::rc-client,/home/poseidon/pegasus-5.1.0panorama/bin/pegasus-rc-client,-n pegasus::rc-client -N null -R local  -L xgboost_hp_tuning_group_2 -T 2023-03-05T15:11:38+00:00 /home/poseidon/pegasus-5.1.0panorama/bin/pegasus-rc-client --prefix pegasus.catalog.replica.output --conf /home/poseidon/workflows/predict-future-sales-workflow/submit/poseidon/pegasus/predict-future-sales/run0440/00/00/./xgboost_hp_tuning_group_2.000/pegasus.14308150066997025586.properties -v --meta /home/poseidon/workflows/predict-future-sales-workflow/submit/poseidon/pegasus/predict-future-sales/run0440/00/00/./xgboost_hp_tuning_group_2.000/00/00/xgboost_best_params_ID0000024.meta --insert /home/poseidon/workflows/predict-future-sales-workflow/submit/poseidon/pegasus/predict-future-sales/run0440/00/00/./xgboost_hp_tuning_group_2.000/00/00/register_condorpool_1_0.in,3.0,0,0,,,,,,,,,
xgboost_model_ID0000021,hdd_5,compute,0,1678030598.0,,,1678030603.0,1678030551.0,1678030600.0,69022613.3,1678030605.0,1678030998.0,1678030927.0,1678030932.0,2590561.0,1678030998.0,1678031003.0,5.0,,2.0,393.0,5.0,49.0,1691152081.0,5.0,12031938.0,poseidon,condorpool,poseidon-worker-3-container-0-7,xgboost_model,/srv/xgboost_model,,757.2,0,0,0.0,1348836702.0,24449.0,5357.0,8.0,707.7,16.9,11240305.9,2444.9
stage_out_local_local_5_0,None,transfer,0,1678030598.0,,,1678030603.0,,,0.0,1678030603.0,1678030613.0,1678030603.0,1678030607.0,792.0,1678030613.0,1678030618.0,5.0,,0.0,10.0,5.0,,,4.0,3199.0,poseidon,local,host-10-100-100-12.openstacklocal,pegasus::transfer,/home/poseidon/pegasus-5.1.0panorama/bin/pegasus-transfer,pegasus-kickstart  -n pegasus::transfer -N null -i - -R local  -L predict-future-sales -T 2023-02-17T19:59:06+00:00 pegasus-transfer  --threads 2,0.3,0,0,,,,,,,,,
cleanup_predict-future-sales_0_local,None,auxiliary,0,1678030618.0,,,1678030623.0,,,0.0,1678030623.0,1678030633.0,,,0.0,1678030633.0,1678030638.0,5.0,,0.0,10.0,5.0,,,,,poseidon,local,host-10-100-100-12.openstacklocal,pegasus::cleanup,/home/poseidon/pegasus-5.1.0panorama/bin/pegasus-transfer,pegasus-kickstart  -n pegasus::cleanup -N null -i - -R local  -L predict-future-sales -T 2023-02-17T19:59:06+00:00 pegasus-transfer,0.3,0,0,,,,,,,,,
stage_out_local_condorpool_6_0,None,transfer,0,1678031003.0,,,1678031008.0,,,0.0,1678031008.0,1678031018.0,1678031008.0,1678031012.0,3268958.0,1678031018.0,1678031023.0,5.0,,0.0,10.0,5.0,,,4.0,13171135.0,poseidon,local,host-10-100-100-12.openstacklocal,pegasus::transfer,/home/poseidon/pegasus-5.1.0panorama/bin/pegasus-transfer,pegasus-kickstart  -n pegasus::transfer -N null -i - -R local  -L predict-future-sales -T 2023-02-17T19:59:06+00:00 pegasus-transfer  --threads 2,0.9,0,0,,,,,,,,,
model_predict_ID0000022,hdd_5,compute,0,1678031003.0,,,1678031008.0,1678030955.0,1678030988.0,41070595.0,1678031009.0,1678031153.0,1678031085.0,1678031089.0,1240196.0,1678031153.0,1678031158.0,5.0,,1.0,144.0,5.0,33.0,407036493.0,4.0,5523764.0,poseidon,condorpool,poseidon-worker-3-container-0-7,model_predict,/srv/model_predict,,4.3,0,0,,,,,,,,,
stage_out_local_condorpool_7_0,None,transfer,0,1678031158.0,,,1678031163.0,,,0.0,1678031163.0,1678031173.0,1678031164.0,1678031168.0,1487232.0,1678031173.0,1678031178.0,5.0,,0.0,10.0,5.0,,,4.0,6000012.0,poseidon,local,host-10-100-100-12.openstacklocal,pegasus::transfer,/home/poseidon/pegasus-5.1.0panorama/bin/pegasus-transfer,pegasus-kickstart  -n pegasus::transfer -N null -i - -R local  -L predict-future-sales -T 2023-02-17T19:59:06+00:00 pegasus-transfer  --threads 2,0.6,0,0,,,,,,,,,
predict_merge_ID0000023,hdd_5,compute,0,1678031158.0,,,1678031163.0,1678031110.0,1678031143.0,38040499.3,1678031165.0,1678031304.0,1678031234.0,1678031239.0,845193.0,1678031304.0,1678031309.0,5.0,,2.0,139.0,5.0,33.0,377176763.0,5.0,3746391.0,poseidon,condorpool,poseidon-worker-3-container-0-7,predict_merge,/srv/predict_merge,,1.4,0,0,,,,,,,,,
stage_out_local_condorpool_8_0,None,transfer,0,1678031309.0,,,1678031314.0,,,0.0,1678031314.0,1678031324.0,1678031314.0,1678031316.0,1737468.0,1678031324.0,1678031329.0,5.0,,0.0,10.0,5.0,,,2.0,3746391.0,poseidon,local,host-10-100-100-12.openstacklocal,pegasus::transfer,/home/poseidon/pegasus-5.1.0panorama/bin/pegasus-transfer,pegasus-kickstart  -n pegasus::transfer -N null -i - -R local  -L predict-future-sales -T 2023-02-17T19:59:06+00:00 pegasus-transfer  --threads 2,0.4,0,0,,,,,,,,,
cleanup_predict-future-sales_0_condorpool,None,auxiliary,0,1678031329.0,,,1678031334.0,,,0.0,1678031334.0,1678031344.0,,,0.0,1678031344.0,1678031349.0,5.0,,0.0,10.0,5.0,,,,,poseidon,local,host-10-100-100-12.openstacklocal,pegasus::cleanup,/home/poseidon/pegasus-5.1.0panorama/bin/pegasus-transfer,pegasus-kickstart  -n pegasus::cleanup -N null -i - -R local  -L predict-future-sales -T 2023-02-17T19:59:06+00:00 pegasus-transfer,0.3,0,0,,,,,,,,,
