,anomaly_type,type,is_clustered,ready,pre_script_start,pre_script_end,submit,stage_in_start,stage_in_end,stage_in_effective_bytes_per_sec,execute_start,execute_end,stage_out_start,stage_out_end,stage_out_effective_bytes_per_sec,post_script_start,post_script_end,wms_delay,pre_script_delay,queue_delay,runtime,post_script_delay,stage_in_delay,stage_in_bytes,stage_out_delay,stage_out_bytes,kickstart_user,kickstart_site,kickstart_hostname,kickstart_transformations,kickstart_executables,kickstart_executables_argv,kickstart_executables_cpu_time,kickstart_status,kickstart_executables_exitcode,kickstart_online_iowait,kickstart_online_bytes_read,kickstart_online_bytes_written,kickstart_online_read_system_calls,kickstart_online_write_system_calls,kickstart_online_utime,kickstart_online_stime,kickstart_online_bytes_read_per_second,kickstart_online_bytes_written_per_second
create_dir_predict-future-sales_0_local,None,auxiliary,0,1677750144.0,,,1677750145.0,,,0.0,1677750150.0,1677750160.0,,,0.0,1677750160.0,1677750165.0,1.0,,5.0,10.0,5.0,,,,,poseidon,local,host-10-100-100-12.openstacklocal,pegasus::dirmanager,/home/poseidon/pegasus-5.1.0panorama/bin/pegasus-transfer,pegasus-kickstart  -n pegasus::dirmanager -N null -i - -R local  -L predict-future-sales -T 2023-02-17T19:59:06+00:00 pegasus-transfer,0.3,0,0,,,,,,,,,
create_dir_predict-future-sales_0_condorpool,None,auxiliary,0,1677750144.0,,,1677750145.0,,,0.0,1677750150.0,1677750160.0,,,0.0,1677750160.0,1677750165.0,1.0,,5.0,10.0,5.0,,,,,poseidon,local,host-10-100-100-12.openstacklocal,pegasus::dirmanager,/home/poseidon/pegasus-5.1.0panorama/bin/pegasus-transfer,pegasus-kickstart  -n pegasus::dirmanager -N null -i - -R local  -L predict-future-sales -T 2023-02-17T19:59:06+00:00 pegasus-transfer,0.3,0,0,,,,,,,,,
stage_in_local_local_4_0,None,transfer,0,1677750165.0,,,1677750170.0,1677750171.0,1677750173.0,5798.0,1677750171.0,1677750180.0,,,0.0,1677750180.0,1677750185.0,5.0,,1.0,9.0,5.0,2.0,12577.0,,,poseidon,local,host-10-100-100-12.openstacklocal,pegasus::transfer,/home/poseidon/pegasus-5.1.0panorama/bin/pegasus-transfer,pegasus-kickstart  -n pegasus::transfer -N null -i - -R local  -L predict-future-sales -T 2023-02-17T19:59:06+00:00 pegasus-transfer  --threads 2,0.4,0,0,,,,,,,,,
stage_in_local_condorpool_8_0,None,transfer,0,1677750165.0,,,1677750170.0,1677750171.0,1677750174.0,679.0,1677750171.0,1677750180.0,,,0.0,1677750180.0,1677750185.0,5.0,,1.0,9.0,5.0,3.0,2368.0,,,poseidon,local,host-10-100-100-12.openstacklocal,pegasus::transfer,/home/poseidon/pegasus-5.1.0panorama/bin/pegasus-transfer,pegasus-kickstart  -n pegasus::transfer -N null -i - -R local  -L predict-future-sales -T 2023-02-17T19:59:06+00:00 pegasus-transfer  --threads 2,0.5,0,0,,,,,,,,,
stage_in_local_condorpool_3_0,None,transfer,0,1677750165.0,,,1677750170.0,1677750171.0,1677750175.0,3000.0,1677750171.0,1677750180.0,,,0.0,1677750180.0,1677750185.0,5.0,,1.0,9.0,5.0,4.0,12704.0,,,poseidon,local,host-10-100-100-12.openstacklocal,pegasus::transfer,/home/poseidon/pegasus-5.1.0panorama/bin/pegasus-transfer,pegasus-kickstart  -n pegasus::transfer -N null -i - -R local  -L predict-future-sales -T 2023-02-17T19:59:06+00:00 pegasus-transfer  --threads 2,0.6,0,0,,,,,,,,,
stage_in_local_condorpool_2_0,None,transfer,0,1677750165.0,,,1677750170.0,1677750171.0,1677750177.0,9778.0,1677750171.0,1677750185.0,,,0.0,1677750185.0,1677750190.0,5.0,,1.0,14.0,5.0,6.0,55480.0,,,poseidon,local,host-10-100-100-12.openstacklocal,pegasus::transfer,/home/poseidon/pegasus-5.1.0panorama/bin/pegasus-transfer,pegasus-kickstart  -n pegasus::transfer -N null -i - -R local  -L predict-future-sales -T 2023-02-17T19:59:06+00:00 pegasus-transfer  --threads 2,1.1,0,0,,,,,,,,,
stage_in_local_condorpool_1_0,None,transfer,0,1677750165.0,,,1677750170.0,1677750171.0,1677750175.0,3758.0,1677750171.0,1677750180.0,,,0.0,1677750180.0,1677750185.0,5.0,,1.0,9.0,5.0,4.0,15640.0,,,poseidon,local,host-10-100-100-12.openstacklocal,pegasus::transfer,/home/poseidon/pegasus-5.1.0panorama/bin/pegasus-transfer,pegasus-kickstart  -n pegasus::transfer -N null -i - -R local  -L predict-future-sales -T 2023-02-17T19:59:06+00:00 pegasus-transfer  --threads 2,0.6,0,0,,,,,,,,,
stage_in_local_condorpool_0_0,None,transfer,0,1677750165.0,,,1677750170.0,1677750171.0,1677750181.0,96165728.0,1677750171.0,1677750190.0,,,0.0,1677750190.0,1677750195.0,5.0,,1.0,19.0,5.0,10.0,936801734.0,,,poseidon,local,host-10-100-100-12.openstacklocal,pegasus::transfer,/home/poseidon/pegasus-5.1.0panorama/bin/pegasus-transfer,pegasus-kickstart  -n pegasus::transfer -N null -i - -R local  -L predict-future-sales -T 2023-02-17T19:59:06+00:00 pegasus-transfer  --threads 2,5.8,0,0,,,,,,,,,
stage_in_local_condorpool_7_0,None,transfer,0,1677750165.0,,,1677750170.0,1677750171.0,1677750174.0,998.0,1677750171.0,1677750180.0,,,0.0,1677750180.0,1677750185.0,5.0,,1.0,9.0,5.0,3.0,3488.0,,,poseidon,local,host-10-100-100-12.openstacklocal,pegasus::transfer,/home/poseidon/pegasus-5.1.0panorama/bin/pegasus-transfer,pegasus-kickstart  -n pegasus::transfer -N null -i - -R local  -L predict-future-sales -T 2023-02-17T19:59:06+00:00 pegasus-transfer  --threads 2,0.5,0,0,,,,,,,,,
stage_in_local_condorpool_6_0,None,transfer,0,1677750165.0,,,1677750170.0,1677750171.0,1677750174.0,2264.0,1677750171.0,1677750180.0,,,0.0,1677750180.0,1677750185.0,5.0,,1.0,9.0,5.0,3.0,7870.0,,,poseidon,local,host-10-100-100-12.openstacklocal,pegasus::transfer,/home/poseidon/pegasus-5.1.0panorama/bin/pegasus-transfer,pegasus-kickstart  -n pegasus::transfer -N null -i - -R local  -L predict-future-sales -T 2023-02-17T19:59:06+00:00 pegasus-transfer  --threads 2,0.5,0,0,,,,,,,,,
preprocess_ID0000003,None,compute,0,1677750195.0,,,1677750200.0,1677750161.0,1677750180.0,42473644.2,1677750212.0,1677750260.0,1677750192.0,1677750199.0,21719173.0,1677750260.0,1677750265.0,5.0,,12.0,48.0,5.0,19.0,467356066.0,7.0,160257914.0,poseidon,condorpool,poseidon-worker-2-container-40-47,preprocess,/srv/preprocess,,4.3,0,0,,,,,,,,,
nlp_ID0000002,None,compute,0,1677750195.0,,,1677750200.0,1677750162.0,1677750178.0,41668064.0,1677750212.0,1677750726.0,1677750660.0,1677750665.0,575873.0,1677750726.0,1677750731.0,5.0,,12.0,514.0,5.0,16.0,369033604.0,5.0,2755872.0,poseidon,condorpool,poseidon-worker-2-container-32-39,nlp,/srv/nlp,,2927.2,0,0,0.1,21491947.0,8791.0,3420.0,5.0,2892.7,2.8,45727.5,879.1
eda_ID0000001,cpu_4,compute,0,1677750195.0,,,1677750200.0,1677750161.0,1677750179.0,45184754.0,1677750212.0,1677750285.0,1677750219.0,1677750224.0,270542.0,1677750285.0,1677750290.0,5.0,,12.0,73.0,5.0,18.0,464177772.0,5.0,1198338.0,poseidon,condorpool,poseidon-worker-3-container-40-47,eda,/srv/eda,,33.7,0,0,0.0,144952984.0,879032.0,27581.0,42.0,28.2,1.7,4831766.1,29301.1
feature_eng_1_ID0000005,cpu_4,compute,0,1677750265.0,,,1677750270.0,1677750233.0,1677750251.0,46326245.6,1677750283.0,1677750345.0,1677750276.0,1677750286.0,35898696.0,1677750345.0,1677750350.0,5.0,,13.0,62.0,5.0,18.0,528250191.0,10.0,393324463.0,poseidon,condorpool,poseidon-worker-3-container-40-47,feature_eng_1,/srv/feature_eng_1,,15.9,0,0,0.0,169608346.0,8.0,1721.0,1.0,8.0,1.9,16960834.6,0.8
feature_eng_0_ID0000004,None,compute,0,1677750265.0,,,1677750270.0,1677750222.0,1677750240.0,41805280.8,1677750272.0,1677750315.0,1677750251.0,1677750256.0,193900.0,1677750315.0,1677750320.0,5.0,,2.0,43.0,5.0,18.0,369949088.0,5.0,893320.0,poseidon,condorpool,poseidon-worker-2-container-40-47,feature_eng_0,/srv/feature_eng_0,,5.2,0,0,,,,,,,,,
feature_eng_5_ID0000009,None,compute,0,1677750350.0,,,1677750355.0,1677750306.0,1677750331.0,49526896.2,1677750357.0,1677750650.0,1677750574.0,1677750589.0,42746520.0,1677750650.0,1677750655.0,5.0,,2.0,293.0,5.0,25.0,856820455.0,15.0,655540227.0,poseidon,condorpool,poseidon-worker-2-container-40-47,feature_eng_5,/srv/feature_eng_5,,232.2,0,0,0.0,498296204.0,8.0,2035.0,1.0,209.5,20.5,2166505.2,0.8
stage_out_local_condorpool_1_0,None,transfer,0,1677750350.0,,,1677750355.0,,,0.0,1677750355.0,1677750365.0,1677750356.0,1677750360.0,92132107.0,1677750365.0,1677750370.0,5.0,,0.0,10.0,5.0,,,4.0,394217783.0,poseidon,local,host-10-100-100-12.openstacklocal,pegasus::transfer,/home/poseidon/pegasus-5.1.0panorama/bin/pegasus-transfer,pegasus-kickstart  -n pegasus::transfer -N null -i - -R local  -L predict-future-sales -T 2023-02-17T19:59:06+00:00 pegasus-transfer  --threads 2,2.2,0,0,,,,,,,,,
feature_eng_3_ID0000007,cpu_4,compute,0,1677750350.0,,,1677750355.0,1677750306.0,1677750328.0,53196882.4,1677750357.0,1677750530.0,1677750447.0,1677750471.0,49007637.0,1677750530.0,1677750535.0,5.0,,2.0,173.0,5.0,22.0,762217561.0,24.0,1179971921.0,poseidon,condorpool,poseidon-worker-3-container-40-47,feature_eng_3,/srv/feature_eng_3,,106.9,0,0,0.0,403626315.0,8.0,1439.0,1.0,68.0,32.0,4036263.1,0.8
feature_eng_4_ID0000008,None,compute,0,1677750350.0,,,1677750355.0,1677750322.0,1677750346.0,49029141.0,1677750372.0,1677750495.0,1677750410.0,1677750435.0,49108188.0,1677750495.0,1677750500.0,5.0,,17.0,123.0,5.0,24.0,761328752.0,25.0,1201824259.0,poseidon,condorpool,poseidon-worker-2-container-40-47,feature_eng_4,/srv/feature_eng_4,,51.3,0,0,0.0,402741042.0,8.0,1403.0,1.0,37.8,12.2,8054820.8,0.8
feature_eng_2_ID0000006,cpu_4,compute,0,1677750350.0,,,1677750355.0,1677750321.0,1677750347.0,47996118.9,1677750372.0,1677750736.0,1677750639.0,1677750673.0,52210379.0,1677750736.0,1677750741.0,5.0,,17.0,364.0,5.0,26.0,761320658.0,34.0,1748107178.0,poseidon,condorpool,poseidon-worker-3-container-40-47,feature_eng_2,/srv/feature_eng_2,,278.4,0,0,0.0,402810631.0,8.0,1727.0,1.0,205.7,64.3,1491891.2,0.8
register_condorpool_1_0,None,auxiliary,0,1677750370.0,,,1677750375.0,,,0.0,1677750376.0,1677750380.0,,,0.0,1677750380.0,1677750385.0,5.0,,1.0,4.0,5.0,,,,,poseidon,local,host-10-100-100-12.openstacklocal,pegasus::rc-client,/home/poseidon/pegasus-5.1.0panorama/bin/pegasus-rc-client,"pegasus-kickstart  -n pegasus::rc-client -N null -R local  -L predict-future-sales -T 2023-02-17T19:59:06+00:00 /home/poseidon/pegasus-5.1.0panorama/bin/pegasus-rc-client --prefix pegasus.catalog.replica.output --conf /home/poseidon/workflows/predict-future-sales-workflow/submit/poseidon/pegasus/predict-future-sales/run0360/pegasus.17256498167391709602.properties -v --meta /home/poseidon/workflows/predict-future-sales-workflow/submit/poseidon/pegasus/predict-future-sales/run0360/00/00/feature_eng_0_ID0000004.meta,/home/poseidon/workflows/predict-future-sales-workflow/submit/poseidon/pegasus/predict-future-sales/run0360/00/00/feature_eng_1_ID0000005.meta --insert /home/poseidon/workflows/predict-future-sales-workflow/submit/poseidon/pegasus/predict-future-sales/run0360/00/00/register_condorpool_1_0.in",3.0,0,0,,,,,,,,,
stage_out_local_condorpool_0_0,None,transfer,0,1677750731.0,,,1677750736.0,,,0.0,1677750736.0,1677750746.0,1677750736.0,1677750740.0,40789385.0,1677750746.0,1677750751.0,5.0,,0.0,10.0,5.0,,,4.0,164212124.0,poseidon,local,host-10-100-100-12.openstacklocal,pegasus::transfer,/home/poseidon/pegasus-5.1.0panorama/bin/pegasus-transfer,pegasus-kickstart  -n pegasus::transfer -N null -i - -R local  -L predict-future-sales -T 2023-02-17T19:59:06+00:00 pegasus-transfer  --threads 2,2.1,0,0,,,,,,,,,
stage_out_local_condorpool_2_0,None,transfer,0,1677750741.0,,,1677750746.0,,,0.0,1677750746.0,1677750772.0,1677750746.0,1677750766.0,248932002.0,1677750772.0,1677750777.0,5.0,,0.0,26.0,5.0,,,20.0,4785443585.0,poseidon,local,host-10-100-100-12.openstacklocal,pegasus::transfer,/home/poseidon/pegasus-5.1.0panorama/bin/pegasus-transfer,pegasus-kickstart  -n pegasus::transfer -N null -i - -R local  -L predict-future-sales -T 2023-02-17T19:59:06+00:00 pegasus-transfer  --threads 2,21.0,0,0,,,,,,,,,
feature_merge_ID0000010,cpu_4,compute,0,1677750741.0,,,1677750746.0,1677750697.0,1677750772.0,78122628.0,1677750747.0,1677750977.0,1677750862.0,1677750916.0,54790149.0,1677750977.0,1677750982.0,5.0,,1.0,230.0,5.0,75.0,5155397110.0,54.0,2993643458.0,poseidon,condorpool,poseidon-worker-3-container-40-47,feature_merge,/srv/feature_merge,,61.0,0,0,0.0,4796859793.0,1912001788.0,1452.0,81.0,38.2,21.8,79947663.2,95600089.4
register_condorpool_0_0,None,auxiliary,0,1677750751.0,,,1677750756.0,,,0.0,1677750756.0,1677750761.0,,,0.0,1677750761.0,1677750767.0,5.0,,0.0,5.0,6.0,,,,,poseidon,local,host-10-100-100-12.openstacklocal,pegasus::rc-client,/home/poseidon/pegasus-5.1.0panorama/bin/pegasus-rc-client,"pegasus-kickstart  -n pegasus::rc-client -N null -R local  -L predict-future-sales -T 2023-02-17T19:59:06+00:00 /home/poseidon/pegasus-5.1.0panorama/bin/pegasus-rc-client --prefix pegasus.catalog.replica.output --conf /home/poseidon/workflows/predict-future-sales-workflow/submit/poseidon/pegasus/predict-future-sales/run0360/pegasus.17256498167391709602.properties -v --meta /home/poseidon/workflows/predict-future-sales-workflow/submit/poseidon/pegasus/predict-future-sales/run0360/00/00/eda_ID0000001.meta,/home/poseidon/workflows/predict-future-sales-workflow/submit/poseidon/pegasus/predict-future-sales/run0360/00/00/preprocess_ID0000003.meta,/home/poseidon/workflows/predict-future-sales-workflow/submit/poseidon/pegasus/predict-future-sales/run0360/00/00/nlp_ID0000002.meta --insert /home/poseidon/workflows/predict-future-sales-workflow/submit/poseidon/pegasus/predict-future-sales/run0360/00/00/register_condorpool_0_0.in",3.0,0,0,,,,,,,,,
register_condorpool_2_0,None,auxiliary,0,1677750777.0,,,1677750782.0,,,0.0,1677750782.0,1677750787.0,,,0.0,1677750787.0,1677750792.0,5.0,,0.0,5.0,5.0,,,,,poseidon,local,host-10-100-100-12.openstacklocal,pegasus::rc-client,/home/poseidon/pegasus-5.1.0panorama/bin/pegasus-rc-client,"pegasus-kickstart  -n pegasus::rc-client -N null -R local  -L predict-future-sales -T 2023-02-17T19:59:06+00:00 /home/poseidon/pegasus-5.1.0panorama/bin/pegasus-rc-client --prefix pegasus.catalog.replica.output --conf /home/poseidon/workflows/predict-future-sales-workflow/submit/poseidon/pegasus/predict-future-sales/run0360/pegasus.17256498167391709602.properties -v --meta /home/poseidon/workflows/predict-future-sales-workflow/submit/poseidon/pegasus/predict-future-sales/run0360/00/00/feature_eng_4_ID0000008.meta,/home/poseidon/workflows/predict-future-sales-workflow/submit/poseidon/pegasus/predict-future-sales/run0360/00/00/feature_eng_3_ID0000007.meta,/home/poseidon/workflows/predict-future-sales-workflow/submit/poseidon/pegasus/predict-future-sales/run0360/00/00/feature_eng_5_ID0000009.meta,/home/poseidon/workflows/predict-future-sales-workflow/submit/poseidon/pegasus/predict-future-sales/run0360/00/00/feature_eng_2_ID0000006.meta --insert /home/poseidon/workflows/predict-future-sales-workflow/submit/poseidon/pegasus/predict-future-sales/run0360/00/00/register_condorpool_2_0.in",3.1,0,0,,,,,,,,,
stage_inter_local_xgboost_hp_tuning_workflow_ID0000015_0,None,transfer,0,1677750982.0,,,1677750987.0,1677750988.0,1677750990.0,401.0,1677750988.0,1677750997.0,,,0.0,1677750997.0,1677751002.0,5.0,,1.0,9.0,5.0,2.0,826.0,,,poseidon,local,host-10-100-100-12.openstacklocal,pegasus::transfer,/home/poseidon/pegasus-5.1.0panorama/bin/pegasus-transfer,pegasus-kickstart  -n pegasus::transfer -N null -i - -R local  -L predict-future-sales -T 2023-02-17T19:59:06+00:00 pegasus-transfer  --threads 2,0.3,0,0,,,,,,,,,
stage_inter_local_xgboost_model_ID0000021_0,None,transfer,0,1677750982.0,,,1677750987.0,1677750988.0,1677751026.0,69529236.0,1677750988.0,1677751032.0,,,0.0,1677751032.0,1677751037.0,5.0,,1.0,44.0,5.0,38.0,2646308508.0,,,poseidon,local,host-10-100-100-12.openstacklocal,pegasus::transfer,/home/poseidon/pegasus-5.1.0panorama/bin/pegasus-transfer,pegasus-kickstart  -n pegasus::transfer -N null -i - -R local  -L predict-future-sales -T 2023-02-17T19:59:06+00:00 pegasus-transfer  --threads 2,9.5,0,0,,,,,,,,,
stage_inter_local_model_predict_ID0000022_0,None,transfer,0,1677750982.0,,,1677750987.0,1677750988.0,1677750992.0,14290810.0,1677750987.0,1677750997.0,,,0.0,1677750997.0,1677751002.0,5.0,,0.0,10.0,5.0,4.0,54050130.0,,,poseidon,local,host-10-100-100-12.openstacklocal,pegasus::transfer,/home/poseidon/pegasus-5.1.0panorama/bin/pegasus-transfer,pegasus-kickstart  -n pegasus::transfer -N null -i - -R local  -L predict-future-sales -T 2023-02-17T19:59:06+00:00 pegasus-transfer  --threads 2,0.6,0,0,,,,,,,,,
stage_out_local_condorpool_3_0,None,transfer,0,1677750982.0,,,1677750987.0,,,0.0,1677750987.0,1677751017.0,1677750988.0,1677751011.0,129894066.0,1677751017.0,1677751022.0,5.0,,0.0,30.0,5.0,,,23.0,2993643458.0,poseidon,local,host-10-100-100-12.openstacklocal,pegasus::transfer,/home/poseidon/pegasus-5.1.0panorama/bin/pegasus-transfer,pegasus-kickstart  -n pegasus::transfer -N null -i - -R local  -L predict-future-sales -T 2023-02-17T19:59:06+00:00 pegasus-transfer  --threads 2,14.5,0,0,,,,,,,,,
stage_inter_local_xgboost_model_ID0000013_0,None,transfer,0,1677750982.0,,,1677750987.0,1677750988.0,1677750995.0,35294835.0,1677750987.0,1677751002.0,,,0.0,1677751002.0,1677751007.0,5.0,,0.0,15.0,5.0,7.0,269346726.0,,,poseidon,local,host-10-100-100-12.openstacklocal,pegasus::transfer,/home/poseidon/pegasus-5.1.0panorama/bin/pegasus-transfer,pegasus-kickstart  -n pegasus::transfer -N null -i - -R local  -L predict-future-sales -T 2023-02-17T19:59:06+00:00 pegasus-transfer  --threads 2,1.3,0,0,,,,,,,,,
stage_inter_local_model_predict_ID0000014_0,None,transfer,0,1677750982.0,,,1677750987.0,1677750988.0,1677750991.0,1236077.0,1677750987.0,1677750997.0,,,0.0,1677750997.0,1677751002.0,5.0,,0.0,10.0,5.0,3.0,4411696.0,,,poseidon,local,host-10-100-100-12.openstacklocal,pegasus::transfer,/home/poseidon/pegasus-5.1.0panorama/bin/pegasus-transfer,pegasus-kickstart  -n pegasus::transfer -N null -i - -R local  -L predict-future-sales -T 2023-02-17T19:59:06+00:00 pegasus-transfer  --threads 2,0.4,0,0,,,,,,,,,
xgboost_hp_tuning_workflow_ID0000015,None,compute,0,1677751002.0,,,1677751007.0,,,0.0,1677751008.0,1677751027.0,,,0.0,1677751027.0,1677751032.0,5.0,,1.0,19.0,5.0,,,,,poseidon,local,poseidon-submit.novalocal,xgboost_hp_tuning_workflow,/var/spool/condor/local_univ_execute/dir_1336944/xgboost_hp_tuning_workflow,/home/poseidon/workflows/predict-future-sales-workflow/submit/poseidon/pegasus/predict-future-sales/run0360/00/00/xgboost_hp_tuning_workflow_ID0000015.sh,0.1,0,0,,,,,,,,,
xgboost_hp_tuning_workflow_ID0000011,None,compute,0,1677751002.0,,,1677751007.0,,,0.0,1677751008.0,1677751022.0,,,0.0,1677751022.0,1677751027.0,5.0,,1.0,14.0,5.0,,,,,poseidon,local,poseidon-submit.novalocal,xgboost_hp_tuning_workflow,/var/spool/condor/local_univ_execute/dir_1336945/xgboost_hp_tuning_workflow,/home/poseidon/workflows/predict-future-sales-workflow/submit/poseidon/pegasus/predict-future-sales/run0360/00/00/xgboost_hp_tuning_workflow_ID0000011.sh,0.1,0,0,,,,,,,,,
xgboost_hp_tuning_workflow_ID0000019,None,compute,0,1677751002.0,,,1677751007.0,,,0.0,1677751008.0,1677751027.0,,,0.0,1677751027.0,1677751032.0,5.0,,1.0,19.0,5.0,,,,,poseidon,local,poseidon-submit.novalocal,xgboost_hp_tuning_workflow,/var/spool/condor/local_univ_execute/dir_1336946/xgboost_hp_tuning_workflow,/home/poseidon/workflows/predict-future-sales-workflow/submit/poseidon/pegasus/predict-future-sales/run0360/00/00/xgboost_hp_tuning_workflow_ID0000019.sh,0.1,0,0,,,,,,,,,
register_condorpool_3_0,None,auxiliary,0,1677751022.0,,,1677751027.0,,,0.0,1677751027.0,1677751032.0,,,0.0,1677751032.0,1677751037.0,5.0,,0.0,5.0,5.0,,,,,poseidon,local,host-10-100-100-12.openstacklocal,pegasus::rc-client,/home/poseidon/pegasus-5.1.0panorama/bin/pegasus-rc-client,pegasus-kickstart  -n pegasus::rc-client -N null -R local  -L predict-future-sales -T 2023-02-17T19:59:06+00:00 /home/poseidon/pegasus-5.1.0panorama/bin/pegasus-rc-client --prefix pegasus.catalog.replica.output --conf /home/poseidon/workflows/predict-future-sales-workflow/submit/poseidon/pegasus/predict-future-sales/run0360/pegasus.17256498167391709602.properties -v --meta /home/poseidon/workflows/predict-future-sales-workflow/submit/poseidon/pegasus/predict-future-sales/run0360/00/00/feature_merge_ID0000010.meta --insert /home/poseidon/workflows/predict-future-sales-workflow/submit/poseidon/pegasus/predict-future-sales/run0360/00/00/register_condorpool_3_0.in,3.0,0,0,,,,,,,,,
pegasus-plan_ID0000012,None,subwf,0,1677751027.0,1677751027.0,1677751032.0,1677751037.0,,,0.0,1677751037.0,1677751322.0,,,0.0,,,0.0,5.0,0.0,285.0,,,,,,poseidon,local,poseidon-submit,condor::dagman,/usr/bin/condor_dagman,-p 0  -f -l . -Notification never -Debug 3 -Lockfile xgboost_hp_tuning_group_0.dag.lock -Dag xgboost_hp_tuning_group_0.dag -AllowVersionMismatch  -AutoRescue 1 -DoRescueFrom 0,0.0,0,0,,,,,,,,,
pegasus-plan_ID0000016,None,subwf,0,1677751032.0,1677751032.0,1677751037.0,1677751042.0,,,0.0,1677751043.0,1677751357.0,,,0.0,,,0.0,5.0,1.0,314.0,,,,,,poseidon,local,poseidon-submit,condor::dagman,/usr/bin/condor_dagman,-p 0  -f -l . -Notification never -Debug 3 -Lockfile xgboost_hp_tuning_group_1.dag.lock -Dag xgboost_hp_tuning_group_1.dag -AllowVersionMismatch  -AutoRescue 1 -DoRescueFrom 0,0.0,0,0,,,,,,,,,
stage_out_local_local_4_0,None,transfer,0,1677751032.0,,,1677751037.0,,,0.0,1677751037.0,1677751047.0,1677751038.0,1677751042.0,21090.0,1677751047.0,1677751052.0,5.0,,0.0,10.0,5.0,,,4.0,85038.0,poseidon,local,host-10-100-100-12.openstacklocal,pegasus::transfer,/home/poseidon/pegasus-5.1.0panorama/bin/pegasus-transfer,pegasus-kickstart  -n pegasus::transfer -N null -i - -R local  -L predict-future-sales -T 2023-02-17T19:59:06+00:00 pegasus-transfer  --threads 2,0.6,0,0,,,,,,,,,
pegasus-plan_ID0000020,None,subwf,0,1677751032.0,1677751032.0,1677751037.0,1677751042.0,,,0.0,1677751043.0,1677752122.0,,,0.0,,,0.0,5.0,1.0,1079.0,,,,,,poseidon,local,poseidon-submit,condor::dagman,/usr/bin/condor_dagman,-p 0  -f -l . -Notification never -Debug 3 -Lockfile xgboost_hp_tuning_group_2.dag.lock -Dag xgboost_hp_tuning_group_2.dag -AllowVersionMismatch  -AutoRescue 1 -DoRescueFrom 0,0.0,0,0,,,,,,,,,
create_dir_predict-future-sales-hp-tuning_0_condorpool_pegasus-plan_ID0000012,None,auxiliary,0,1677751037.0,,,1677751038.0,,,0.0,1677751043.0,1677751053.0,,,0.0,1677751053.0,1677751058.0,1.0,,5.0,10.0,5.0,,,,,poseidon,local,host-10-100-100-12.openstacklocal,pegasus::dirmanager,/home/poseidon/pegasus-5.1.0panorama/bin/pegasus-transfer,pegasus-kickstart  -n pegasus::dirmanager -N null -i - -R local  -L xgboost_hp_tuning_group_0 -T 2023-03-02T09:57:09+00:00 pegasus-transfer,0.3,0,0,,,,,,,,,
create_dir_predict-future-sales-hp-tuning_0_condorpool_pegasus-plan_ID0000016,None,auxiliary,0,1677751043.0,,,1677751044.0,,,0.0,1677751047.0,1677751054.0,,,0.0,1677751054.0,1677751059.0,1.0,,3.0,7.0,5.0,,,,,poseidon,local,host-10-100-100-12.openstacklocal,pegasus::dirmanager,/home/poseidon/pegasus-5.1.0panorama/bin/pegasus-transfer,pegasus-kickstart  -n pegasus::dirmanager -N null -i - -R local  -L xgboost_hp_tuning_group_1 -T 2023-03-02T09:57:15+00:00 pegasus-transfer,0.3,0,0,,,,,,,,,
create_dir_predict-future-sales-hp-tuning_0_condorpool_pegasus-plan_ID0000020,None,auxiliary,0,1677751043.0,,,1677751044.0,,,0.0,1677751047.0,1677751054.0,,,0.0,1677751054.0,1677751059.0,1.0,,3.0,7.0,5.0,,,,,poseidon,local,host-10-100-100-12.openstacklocal,pegasus::dirmanager,/home/poseidon/pegasus-5.1.0panorama/bin/pegasus-transfer,pegasus-kickstart  -n pegasus::dirmanager -N null -i - -R local  -L xgboost_hp_tuning_group_2 -T 2023-03-02T09:57:15+00:00 pegasus-transfer,0.3,0,0,,,,,,,,,
register_local_4_0,None,auxiliary,0,1677751052.0,,,1677751057.0,,,0.0,1677751057.0,1677751062.0,,,0.0,1677751062.0,1677751067.0,5.0,,0.0,5.0,5.0,,,,,poseidon,local,host-10-100-100-12.openstacklocal,pegasus::rc-client,/home/poseidon/pegasus-5.1.0panorama/bin/pegasus-rc-client,"pegasus-kickstart  -n pegasus::rc-client -N null -R local  -L predict-future-sales -T 2023-02-17T19:59:06+00:00 /home/poseidon/pegasus-5.1.0panorama/bin/pegasus-rc-client --prefix pegasus.catalog.replica.output --conf /home/poseidon/workflows/predict-future-sales-workflow/submit/poseidon/pegasus/predict-future-sales/run0360/pegasus.17256498167391709602.properties -v --meta /home/poseidon/workflows/predict-future-sales-workflow/submit/poseidon/pegasus/predict-future-sales/run0360/00/00/xgboost_hp_tuning_workflow_ID0000015.meta,/home/poseidon/workflows/predict-future-sales-workflow/submit/poseidon/pegasus/predict-future-sales/run0360/00/00/xgboost_hp_tuning_workflow_ID0000011.meta,/home/poseidon/workflows/predict-future-sales-workflow/submit/poseidon/pegasus/predict-future-sales/run0360/00/00/xgboost_hp_tuning_workflow_ID0000019.meta --insert /home/poseidon/workflows/predict-future-sales-workflow/submit/poseidon/pegasus/predict-future-sales/run0360/00/00/register_local_4_0.in",3.0,0,0,,,,,,,,,
stage_in_local_condorpool_0_0_pegasus-plan_ID0000012,None,transfer,0,1677751058.0,,,1677751063.0,1677751063.0,1677751067.0,2824.0,1677751063.0,1677751073.0,,,0.0,1677751073.0,1677751078.0,5.0,,0.0,10.0,5.0,4.0,12142.0,,,poseidon,local,host-10-100-100-12.openstacklocal,pegasus::transfer,/home/poseidon/pegasus-5.1.0panorama/bin/pegasus-transfer,-n pegasus::transfer -N null -i - -R local  -L xgboost_hp_tuning_group_0 -T 2023-03-02T09:57:09+00:00 /home/poseidon/pegasus-5.1.0panorama/bin/../bin/pegasus-transfer  --threads 2,0.6,0,0,,,,,,,,,
stage_in_local_condorpool_1_0_pegasus-plan_ID0000012,None,transfer,0,1677751058.0,,,1677751063.0,1677751063.0,1677751067.0,820.0,1677751063.0,1677751073.0,,,0.0,1677751073.0,1677751078.0,5.0,,0.0,10.0,5.0,4.0,2874.0,,,poseidon,local,host-10-100-100-12.openstacklocal,pegasus::transfer,/home/poseidon/pegasus-5.1.0panorama/bin/pegasus-transfer,-n pegasus::transfer -N null -i - -R local  -L xgboost_hp_tuning_group_0 -T 2023-03-02T09:57:09+00:00 /home/poseidon/pegasus-5.1.0panorama/bin/../bin/pegasus-transfer  --threads 2,0.5,0,0,,,,,,,,,
stage_in_local_condorpool_0_1_pegasus-plan_ID0000012,None,transfer,0,1677751058.0,,,1677751063.0,1677751063.0,1677751068.0,56109478.0,1677751063.0,1677751078.0,,,0.0,1677751078.0,1677751083.0,5.0,,0.0,15.0,5.0,5.0,269346726.0,,,poseidon,local,host-10-100-100-12.openstacklocal,pegasus::transfer,/home/poseidon/pegasus-5.1.0panorama/bin/pegasus-transfer,-n pegasus::transfer -N null -i - -R local  -L xgboost_hp_tuning_group_0 -T 2023-03-02T09:57:09+00:00 /home/poseidon/pegasus-5.1.0panorama/bin/../bin/pegasus-transfer  --threads 2,1.6,0,0,,,,,,,,,
stage_in_local_condorpool_0_2_pegasus-plan_ID0000012,None,transfer,0,1677751058.0,,,1677751063.0,1677751063.0,1677751070.0,108370189.0,1677751063.0,1677751078.0,,,0.0,1677751078.0,1677751083.0,5.0,,0.0,15.0,5.0,7.0,735985664.0,,,poseidon,local,host-10-100-100-12.openstacklocal,pegasus::transfer,/home/poseidon/pegasus-5.1.0panorama/bin/pegasus-transfer,-n pegasus::transfer -N null -i - -R local  -L xgboost_hp_tuning_group_0 -T 2023-03-02T09:57:09+00:00 /home/poseidon/pegasus-5.1.0panorama/bin/../bin/pegasus-transfer  --threads 2,3.5,0,0,,,,,,,,,
stage_in_local_condorpool_1_0_pegasus-plan_ID0000020,None,transfer,0,1677751059.0,,,1677751064.0,1677751068.0,1677751072.0,796.0,1677751068.0,1677751079.0,,,0.0,1677751079.0,1677751084.0,5.0,,4.0,11.0,5.0,4.0,2874.0,,,poseidon,local,host-10-100-100-12.openstacklocal,pegasus::transfer,/home/poseidon/pegasus-5.1.0panorama/bin/pegasus-transfer,-n pegasus::transfer -N null -i - -R local  -L xgboost_hp_tuning_group_2 -T 2023-03-02T09:57:15+00:00 /home/poseidon/pegasus-5.1.0panorama/bin/../bin/pegasus-transfer  --threads 2,0.5,0,0,,,,,,,,,
stage_in_local_condorpool_0_1_pegasus-plan_ID0000020,None,transfer,0,1677751059.0,,,1677751064.0,1677751068.0,1677751084.0,168168540.0,1677751068.0,1677751094.0,,,0.0,1677751094.0,1677751099.0,5.0,,4.0,26.0,5.0,16.0,2646308508.0,,,poseidon,local,host-10-100-100-12.openstacklocal,pegasus::transfer,/home/poseidon/pegasus-5.1.0panorama/bin/pegasus-transfer,-n pegasus::transfer -N null -i - -R local  -L xgboost_hp_tuning_group_2 -T 2023-03-02T09:57:15+00:00 /home/poseidon/pegasus-5.1.0panorama/bin/../bin/pegasus-transfer  --threads 2,11.5,0,0,,,,,,,,,
stage_in_local_condorpool_0_0_pegasus-plan_ID0000016,None,transfer,0,1677751059.0,,,1677751064.0,1677751068.0,1677751073.0,2693.0,1677751068.0,1677751079.0,,,0.0,1677751079.0,1677751084.0,5.0,,4.0,11.0,5.0,5.0,12142.0,,,poseidon,local,host-10-100-100-12.openstacklocal,pegasus::transfer,/home/poseidon/pegasus-5.1.0panorama/bin/pegasus-transfer,-n pegasus::transfer -N null -i - -R local  -L xgboost_hp_tuning_group_1 -T 2023-03-02T09:57:15+00:00 /home/poseidon/pegasus-5.1.0panorama/bin/../bin/pegasus-transfer  --threads 2,0.6,0,0,,,,,,,,,
stage_in_local_condorpool_1_0_pegasus-plan_ID0000016,None,transfer,0,1677751059.0,,,1677751064.0,1677751068.0,1677751072.0,810.0,1677751068.0,1677751079.0,,,0.0,1677751079.0,1677751084.0,5.0,,4.0,11.0,5.0,4.0,2874.0,,,poseidon,local,host-10-100-100-12.openstacklocal,pegasus::transfer,/home/poseidon/pegasus-5.1.0panorama/bin/pegasus-transfer,-n pegasus::transfer -N null -i - -R local  -L xgboost_hp_tuning_group_1 -T 2023-03-02T09:57:15+00:00 /home/poseidon/pegasus-5.1.0panorama/bin/../bin/pegasus-transfer  --threads 2,0.5,0,0,,,,,,,,,
stage_in_local_condorpool_0_1_pegasus-plan_ID0000016,None,transfer,0,1677751059.0,,,1677751064.0,1677751068.0,1677751072.0,5002814.0,1677751068.0,1677751079.0,,,0.0,1677751079.0,1677751084.0,5.0,,4.0,11.0,5.0,4.0,19294600.0,,,poseidon,local,host-10-100-100-12.openstacklocal,pegasus::transfer,/home/poseidon/pegasus-5.1.0panorama/bin/pegasus-transfer,-n pegasus::transfer -N null -i - -R local  -L xgboost_hp_tuning_group_1 -T 2023-03-02T09:57:15+00:00 /home/poseidon/pegasus-5.1.0panorama/bin/../bin/pegasus-transfer  --threads 2,0.6,0,0,,,,,,,,,
stage_in_local_condorpool_0_0_pegasus-plan_ID0000020,None,transfer,0,1677751059.0,,,1677751064.0,1677751068.0,1677751073.0,2741.0,1677751068.0,1677751079.0,,,0.0,1677751079.0,1677751084.0,5.0,,4.0,11.0,5.0,5.0,12142.0,,,poseidon,local,host-10-100-100-12.openstacklocal,pegasus::transfer,/home/poseidon/pegasus-5.1.0panorama/bin/pegasus-transfer,-n pegasus::transfer -N null -i - -R local  -L xgboost_hp_tuning_group_2 -T 2023-03-02T09:57:15+00:00 /home/poseidon/pegasus-5.1.0panorama/bin/../bin/pegasus-transfer  --threads 2,0.6,0,0,,,,,,,,,
stage_in_local_condorpool_0_2_pegasus-plan_ID0000016,None,transfer,0,1677751059.0,,,1677751064.0,1677751068.0,1677751077.0,87647772.0,1677751068.0,1677751084.0,,,0.0,1677751084.0,1677751089.0,5.0,,4.0,16.0,5.0,9.0,735985664.0,,,poseidon,local,host-10-100-100-12.openstacklocal,pegasus::transfer,/home/poseidon/pegasus-5.1.0panorama/bin/pegasus-transfer,-n pegasus::transfer -N null -i - -R local  -L xgboost_hp_tuning_group_1 -T 2023-03-02T09:57:15+00:00 /home/poseidon/pegasus-5.1.0panorama/bin/../bin/pegasus-transfer  --threads 2,3.9,0,0,,,,,,,,,
stage_in_local_condorpool_0_2_pegasus-plan_ID0000020,None,transfer,0,1677751059.0,,,1677751064.0,1677751068.0,1677751077.0,87352185.0,1677751068.0,1677751084.0,,,0.0,1677751084.0,1677751089.0,5.0,,4.0,16.0,5.0,9.0,735985664.0,,,poseidon,local,host-10-100-100-12.openstacklocal,pegasus::transfer,/home/poseidon/pegasus-5.1.0panorama/bin/pegasus-transfer,-n pegasus::transfer -N null -i - -R local  -L xgboost_hp_tuning_group_2 -T 2023-03-02T09:57:15+00:00 /home/poseidon/pegasus-5.1.0panorama/bin/../bin/pegasus-transfer  --threads 2,3.8,0,0,,,,,,,,,
xgboost_hp_tuning_ID0000018_pegasus-plan_ID0000012,None,compute,0,1677751083.0,,,1677751088.0,1677751048.0,1677751065.0,46687245.8,1677751098.0,1677751168.0,1677751106.0,1677751110.0,249.0,1677751168.0,1677751173.0,5.0,,10.0,70.0,5.0,17.0,502672266.0,4.0,1055.0,poseidon,condorpool,poseidon-worker-3-container-16-23,xgboost_hp_tuning,/srv/xgboost_hp_tuning,,169.5,0,0,0.0,157974392.0,40.0,3334.0,2.0,139.3,3.2,5265813.1,4.0
xgboost_hp_tuning_ID0000023_pegasus-plan_ID0000012,cpu_4,compute,0,1677751083.0,,,1677751088.0,1677751108.0,1677751126.0,46502980.8,1677751158.0,1677751223.0,1677751159.0,1677751164.0,256.0,1677751223.0,1677751228.0,5.0,,70.0,65.0,5.0,18.0,502672266.0,5.0,1090.0,poseidon,condorpool,poseidon-worker-2-container-24-31,xgboost_hp_tuning,/srv/xgboost_hp_tuning,,72.6,0,0,0.1,157972531.0,40.0,3321.0,2.0,47.6,2.2,7898626.5,4.0
xgboost_hp_tuning_ID0000012_pegasus-plan_ID0000012,cpu_4,compute,0,1677751083.0,,,1677751088.0,1677751108.0,1677751125.0,46655477.4,1677751158.0,1677751223.0,1677751160.0,1677751164.0,246.0,1677751223.0,1677751228.0,5.0,,70.0,65.0,5.0,17.0,502672266.0,4.0,1048.0,poseidon,condorpool,poseidon-worker-3-container-32-39,xgboost_hp_tuning,/srv/xgboost_hp_tuning,,74.5,0,0,0.0,157970671.0,40.0,3319.0,2.0,44.8,2.2,7898533.6,4.0
xgboost_hp_tuning_ID0000001_pegasus-plan_ID0000012,None,compute,0,1677751083.0,,,1677751088.0,1677751107.0,1677751125.0,46448566.0,1677751157.0,1677751218.0,1677751155.0,1677751159.0,249.0,1677751218.0,1677751223.0,5.0,,69.0,61.0,5.0,18.0,502672266.0,4.0,1064.0,poseidon,condorpool,poseidon-worker-1-container-8-15,xgboost_hp_tuning,/srv/xgboost_hp_tuning,,125.7,0,0,0.1,157972509.0,40.0,3321.0,2.0,100.6,3.1,7898625.4,4.0
xgboost_hp_tuning_ID0000013_pegasus-plan_ID0000012,cpu_4,compute,0,1677751083.0,,,1677751088.0,1677751107.0,1677751124.0,46472247.8,1677751157.0,1677751218.0,1677751153.0,1677751158.0,245.0,1677751218.0,1677751223.0,5.0,,69.0,61.0,5.0,17.0,502672266.0,5.0,1056.0,poseidon,condorpool,poseidon-worker-1-container-24-31,xgboost_hp_tuning,/srv/xgboost_hp_tuning,,63.6,0,0,0.1,157972546.0,40.0,3321.0,2.0,51.7,2.8,7898627.3,4.0
xgboost_hp_tuning_ID0000002_pegasus-plan_ID0000012,cpu_4,compute,0,1677751083.0,,,1677751088.0,1677751104.0,1677751121.0,46497831.8,1677751155.0,1677751228.0,1677751162.0,1677751166.0,252.0,1677751228.0,1677751233.0,5.0,,67.0,73.0,5.0,17.0,502672266.0,4.0,1063.0,poseidon,condorpool,poseidon-worker-3-container-40-47,xgboost_hp_tuning,/srv/xgboost_hp_tuning,,91.4,0,0,0.0,157977418.0,40.0,3340.0,2.0,75.5,2.7,5265913.9,4.0
xgboost_hp_tuning_ID0000014_pegasus-plan_ID0000012,cpu_4,compute,0,1677751083.0,,,1677751088.0,1677751048.0,1677751065.0,46617155.2,1677751098.0,1677751163.0,1677751097.0,1677751102.0,245.0,1677751163.0,1677751168.0,5.0,,10.0,65.0,5.0,17.0,502672266.0,5.0,1054.0,poseidon,condorpool,poseidon-worker-2-container-8-15,xgboost_hp_tuning,/srv/xgboost_hp_tuning,,73.7,0,0,0.1,157975163.0,40.0,3327.0,2.0,51.5,2.7,7898758.1,4.0
xgboost_hp_tuning_ID0000003_pegasus-plan_ID0000012,cpu_4,compute,0,1677751083.0,,,1677751088.0,1677751048.0,1677751065.0,46694608.4,1677751098.0,1677751168.0,1677751105.0,1677751109.0,258.0,1677751168.0,1677751173.0,5.0,,10.0,70.0,5.0,17.0,502672266.0,4.0,1068.0,poseidon,condorpool,poseidon-worker-3-container-8-15,xgboost_hp_tuning,/srv/xgboost_hp_tuning,,76.9,0,0,0.0,157977099.0,40.0,3340.0,2.0,62.3,2.3,5265903.3,4.0
xgboost_hp_tuning_ID0000015_pegasus-plan_ID0000012,None,compute,0,1677751083.0,,,1677751088.0,1677751048.0,1677751065.0,46476233.8,1677751098.0,1677751158.0,1677751094.0,1677751098.0,250.0,1677751158.0,1677751163.0,5.0,,10.0,60.0,5.0,17.0,502672266.0,4.0,1053.0,poseidon,condorpool,poseidon-worker-1-container-8-15,xgboost_hp_tuning,/srv/xgboost_hp_tuning,,118.9,0,0,0.1,157972431.0,40.0,3321.0,2.0,105.7,3.4,7898621.6,4.0
xgboost_hp_tuning_ID0000004_pegasus-plan_ID0000012,cpu_4,compute,0,1677751083.0,,,1677751088.0,1677751048.0,1677751065.0,46596887.0,1677751098.0,1677751158.0,1677751093.0,1677751098.0,243.0,1677751158.0,1677751163.0,5.0,,10.0,60.0,5.0,17.0,502672266.0,5.0,1063.0,poseidon,condorpool,poseidon-worker-1-container-24-31,xgboost_hp_tuning,/srv/xgboost_hp_tuning,,63.7,0,0,0.0,157973834.0,40.0,3324.0,2.0,54.4,3.0,7898691.7,4.0
xgboost_hp_tuning_ID0000016_pegasus-plan_ID0000012,cpu_4,compute,0,1677751083.0,,,1677751088.0,1677751048.0,1677751065.0,46653965.4,1677751098.0,1677751173.0,1677751110.0,1677751114.0,248.0,1677751173.0,1677751178.0,5.0,,10.0,75.0,5.0,17.0,502672266.0,4.0,1054.0,poseidon,condorpool,poseidon-worker-3-container-0-7,xgboost_hp_tuning,/srv/xgboost_hp_tuning,,97.3,0,0,0.1,157975673.0,40.0,3337.0,2.0,66.5,2.4,5265855.8,4.0
xgboost_hp_tuning_ID0000005_pegasus-plan_ID0000012,None,compute,0,1677751083.0,,,1677751088.0,1677751048.0,1677751065.0,46495071.0,1677751098.0,1677751158.0,1677751095.0,1677751099.0,251.0,1677751158.0,1677751163.0,5.0,,10.0,60.0,5.0,17.0,502672266.0,4.0,1078.0,poseidon,condorpool,poseidon-worker-2-container-16-23,xgboost_hp_tuning,/srv/xgboost_hp_tuning,,132.3,0,0,0.0,157972464.0,40.0,3321.0,2.0,106.4,3.6,7898623.2,4.0
xgboost_hp_tuning_ID0000017_pegasus-plan_ID0000012,None,compute,0,1677751083.0,,,1677751088.0,1677751048.0,1677751065.0,46309032.0,1677751098.0,1677751163.0,1677751100.0,1677751105.0,248.0,1677751163.0,1677751168.0,5.0,,10.0,65.0,5.0,17.0,502672266.0,5.0,1055.0,poseidon,condorpool,poseidon-worker-1-container-0-7,xgboost_hp_tuning,/srv/xgboost_hp_tuning,,163.3,0,0,0.1,157972396.0,40.0,3321.0,2.0,110.7,2.7,7898619.8,4.0
xgboost_hp_tuning_ID0000006_pegasus-plan_ID0000012,None,compute,0,1677751083.0,,,1677751088.0,1677751048.0,1677751065.0,46511319.6,1677751098.0,1677751168.0,1677751102.0,1677751106.0,250.0,1677751168.0,1677751173.0,5.0,,10.0,70.0,5.0,17.0,502672266.0,4.0,1067.0,poseidon,condorpool,poseidon-worker-1-container-16-23,xgboost_hp_tuning,/srv/xgboost_hp_tuning,,169.6,0,0,0.1,157976275.0,4042.0,3336.0,5.0,165.9,3.7,5265875.8,202.1
xgboost_hp_tuning_ID0000009_pegasus-plan_ID0000012,None,compute,0,1677751083.0,,,1677751088.0,1677751048.0,1677751065.0,46516164.2,1677751098.0,1677751168.0,1677751102.0,1677751106.0,247.0,1677751168.0,1677751173.0,5.0,,10.0,70.0,5.0,17.0,502672266.0,4.0,1057.0,poseidon,condorpool,poseidon-worker-2-container-40-47,xgboost_hp_tuning,/srv/xgboost_hp_tuning,,175.9,0,0,0.0,157972703.0,40.0,3321.0,2.0,105.8,3.4,7898635.1,4.0
xgboost_hp_tuning_ID0000011_pegasus-plan_ID0000012,None,compute,0,1677751083.0,,,1677751088.0,1677751048.0,1677751065.0,46465609.6,1677751098.0,1677751158.0,1677751095.0,1677751099.0,247.0,1677751158.0,1677751163.0,5.0,,10.0,60.0,5.0,17.0,502672266.0,4.0,1050.0,poseidon,condorpool,poseidon-worker-2-container-32-39,xgboost_hp_tuning,/srv/xgboost_hp_tuning,,124.1,0,0,0.1,157972581.0,40.0,3321.0,2.0,100.0,3.4,7898629.1,4.0
xgboost_hp_tuning_ID0000022_pegasus-plan_ID0000012,cpu_4,compute,0,1677751083.0,,,1677751088.0,1677751048.0,1677751065.0,46746622.8,1677751098.0,1677751153.0,1677751091.0,1677751095.0,252.0,1677751153.0,1677751158.0,5.0,,10.0,55.0,5.0,17.0,502672266.0,4.0,1062.0,poseidon,condorpool,poseidon-worker-3-container-40-47,xgboost_hp_tuning,/srv/xgboost_hp_tuning,,58.5,0,0,0.0,157966182.0,40.0,3303.0,2.0,23.6,2.2,15796618.2,4.0
xgboost_hp_tuning_ID0000010_pegasus-plan_ID0000012,cpu_4,compute,0,1677751083.0,,,1677751088.0,1677751048.0,1677751065.0,46575790.8,1677751098.0,1677751158.0,1677751095.0,1677751099.0,251.0,1677751158.0,1677751163.0,5.0,,10.0,60.0,5.0,17.0,502672266.0,4.0,1051.0,poseidon,condorpool,poseidon-worker-1-container-32-39,xgboost_hp_tuning,/srv/xgboost_hp_tuning,,63.2,0,0,0.1,157972471.0,40.0,3321.0,2.0,50.3,2.9,7898623.5,4.0
xgboost_hp_tuning_ID0000021_pegasus-plan_ID0000012,cpu_4,compute,0,1677751083.0,,,1677751088.0,1677751048.0,1677751065.0,46767036.8,1677751098.0,1677751158.0,1677751095.0,1677751099.0,251.0,1677751158.0,1677751163.0,5.0,,10.0,60.0,5.0,17.0,502672266.0,4.0,1063.0,poseidon,condorpool,poseidon-worker-3-container-32-39,xgboost_hp_tuning,/srv/xgboost_hp_tuning,,70.2,0,0,0.0,157971960.0,40.0,3322.0,2.0,54.5,3.1,7898598.0,4.0
xgboost_hp_tuning_ID0000020_pegasus-plan_ID0000012,cpu_4,compute,0,1677751083.0,,,1677751088.0,1677751048.0,1677751065.0,46817065.0,1677751098.0,1677751163.0,1677751098.0,1677751102.0,252.0,1677751163.0,1677751168.0,5.0,,10.0,65.0,5.0,17.0,502672266.0,4.0,1060.0,poseidon,condorpool,poseidon-worker-3-container-24-31,xgboost_hp_tuning,/srv/xgboost_hp_tuning,,77.4,0,0,0.1,157970595.0,40.0,3319.0,2.0,56.6,2.6,7898529.8,4.0
xgboost_hp_tuning_ID0000008_pegasus-plan_ID0000012,None,compute,0,1677751083.0,,,1677751088.0,1677751048.0,1677751065.0,46538783.8,1677751098.0,1677751168.0,1677751104.0,1677751108.0,249.0,1677751168.0,1677751173.0,5.0,,10.0,70.0,5.0,17.0,502672266.0,4.0,1058.0,poseidon,condorpool,poseidon-worker-2-container-0-7,xgboost_hp_tuning,/srv/xgboost_hp_tuning,,159.5,0,0,0.1,157976190.0,40.0,3336.0,2.0,140.3,3.7,5265873.0,4.0
xgboost_hp_tuning_ID0000019_pegasus-plan_ID0000012,cpu_4,compute,0,1677751083.0,,,1677751088.0,1677751048.0,1677751065.0,46582473.2,1677751098.0,1677751163.0,1677751099.0,1677751103.0,248.0,1677751163.0,1677751168.0,5.0,,10.0,65.0,5.0,17.0,502672266.0,4.0,1060.0,poseidon,condorpool,poseidon-worker-1-container-40-47,xgboost_hp_tuning,/srv/xgboost_hp_tuning,,79.6,0,0,0.1,157972472.0,40.0,3321.0,2.0,54.4,2.9,7898623.6,4.0
xgboost_hp_tuning_ID0000007_pegasus-plan_ID0000012,cpu_4,compute,0,1677751083.0,,,1677751088.0,1677751048.0,1677751065.0,46610678.8,1677751098.0,1677751158.0,1677751095.0,1677751099.0,255.0,1677751158.0,1677751163.0,5.0,,10.0,60.0,5.0,17.0,502672266.0,4.0,1066.0,poseidon,condorpool,poseidon-worker-2-container-24-31,xgboost_hp_tuning,/srv/xgboost_hp_tuning,,71.6,0,0,0.1,157972457.0,40.0,3321.0,2.0,57.7,2.9,7898622.9,4.0
xgboost_hp_tuning_ID0000023_pegasus-plan_ID0000016,None,compute,0,1677751089.0,,,1677751094.0,1677751158.0,1677751173.0,42587110.0,1677751208.0,1677751249.0,1677751183.0,1677751188.0,255.0,1677751249.0,1677751254.0,5.0,,114.0,41.0,5.0,15.0,377646203.0,5.0,1088.0,poseidon,condorpool,poseidon-worker-3-container-16-23,xgboost_hp_tuning,/srv/xgboost_hp_tuning,,16.8,0,0,,,,,,,,,
xgboost_hp_tuning_ID0000020_pegasus-plan_ID0000016,cpu_4,compute,0,1677751089.0,,,1677751094.0,1677751112.0,1677751128.0,42169011.8,1677751162.0,1677751204.0,1677751138.0,1677751142.0,248.0,1677751204.0,1677751209.0,5.0,,68.0,42.0,5.0,16.0,377646203.0,4.0,1062.0,poseidon,condorpool,poseidon-worker-1-container-40-47,xgboost_hp_tuning,/srv/xgboost_hp_tuning,,9.6,0,0,,,,,,,,,
xgboost_hp_tuning_ID0000013_pegasus-plan_ID0000016,None,compute,0,1677751089.0,,,1677751094.0,1677751155.0,1677751171.0,42505190.8,1677751205.0,1677751244.0,1677751181.0,1677751185.0,245.0,1677751244.0,1677751249.0,5.0,,111.0,39.0,5.0,16.0,377646203.0,4.0,1055.0,poseidon,condorpool,poseidon-worker-2-container-40-47,xgboost_hp_tuning,/srv/xgboost_hp_tuning,,14.4,0,0,,,,,,,,,
xgboost_hp_tuning_ID0000009_pegasus-plan_ID0000016,cpu_4,compute,0,1677751089.0,,,1677751094.0,1677751108.0,1677751124.0,42273638.2,1677751158.0,1677751199.0,1677751136.0,1677751140.0,249.0,1677751199.0,1677751204.0,5.0,,64.0,41.0,5.0,16.0,377646203.0,4.0,1060.0,poseidon,condorpool,poseidon-worker-1-container-32-39,xgboost_hp_tuning,/srv/xgboost_hp_tuning,,13.0,0,0,,,,,,,,,
xgboost_hp_tuning_ID0000011_pegasus-plan_ID0000016,None,compute,0,1677751089.0,,,1677751094.0,1677751108.0,1677751124.0,42555103.8,1677751158.0,1677751199.0,1677751134.0,1677751138.0,246.0,1677751199.0,1677751204.0,5.0,,64.0,41.0,5.0,16.0,377646203.0,4.0,1048.0,poseidon,condorpool,poseidon-worker-2-container-32-39,xgboost_hp_tuning,/srv/xgboost_hp_tuning,,14.2,0,0,,,,,,,,,
xgboost_hp_tuning_ID0000022_pegasus-plan_ID0000016,None,compute,0,1677751089.0,,,1677751094.0,1677751108.0,1677751125.0,42617050.8,1677751159.0,1677751214.0,1677751149.0,1677751154.0,251.0,1677751214.0,1677751219.0,5.0,,65.0,55.0,5.0,17.0,377646203.0,5.0,1062.0,poseidon,condorpool,poseidon-worker-2-container-16-23,xgboost_hp_tuning,/srv/xgboost_hp_tuning,,107.1,0,0,0.1,32941835.0,40.0,3305.0,2.0,48.6,1.6,3294183.5,4.0
xgboost_hp_tuning_ID0000010_pegasus-plan_ID0000016,cpu_4,compute,0,1677751089.0,,,1677751094.0,1677751111.0,1677751127.0,42624398.8,1677751161.0,1677751199.0,1677751137.0,1677751141.0,251.0,1677751199.0,1677751204.0,5.0,,67.0,38.0,5.0,16.0,377646203.0,4.0,1050.0,poseidon,condorpool,poseidon-worker-2-container-8-15,xgboost_hp_tuning,/srv/xgboost_hp_tuning,,9.8,0,0,,,,,,,,,
xgboost_hp_tuning_ID0000021_pegasus-plan_ID0000016,cpu_4,compute,0,1677751089.0,,,1677751094.0,1677751111.0,1677751127.0,42658253.8,1677751161.0,1677751204.0,1677751137.0,1677751142.0,254.0,1677751204.0,1677751209.0,5.0,,67.0,43.0,5.0,16.0,377646203.0,5.0,1061.0,poseidon,condorpool,poseidon-worker-3-container-24-31,xgboost_hp_tuning,/srv/xgboost_hp_tuning,,12.2,0,0,,,,,,,,,
xgboost_hp_tuning_ID0000008_pegasus-plan_ID0000016,None,compute,0,1677751089.0,,,1677751094.0,1677751114.0,1677751130.0,42338936.5,1677751164.0,1677751204.0,1677751140.0,1677751144.0,248.0,1677751204.0,1677751209.0,5.0,,70.0,40.0,5.0,16.0,377646203.0,4.0,1055.0,poseidon,condorpool,poseidon-worker-1-container-0-7,xgboost_hp_tuning,/srv/xgboost_hp_tuning,,15.5,0,0,,,,,,,,,
xgboost_hp_tuning_ID0000019_pegasus-plan_ID0000016,None,compute,0,1677751089.0,,,1677751094.0,1677751115.0,1677751131.0,42438286.0,1677751165.0,1677751204.0,1677751141.0,1677751146.0,250.0,1677751204.0,1677751209.0,5.0,,71.0,39.0,5.0,16.0,377646203.0,5.0,1057.0,poseidon,condorpool,poseidon-worker-2-container-40-47,xgboost_hp_tuning,/srv/xgboost_hp_tuning,,17.2,0,0,,,,,,,,,
xgboost_hp_tuning_ID0000001_pegasus-plan_ID0000016,None,compute,0,1677751089.0,,,1677751094.0,1677751157.0,1677751173.0,42503937.0,1677751207.0,1677751249.0,1677751183.0,1677751187.0,249.0,1677751249.0,1677751254.0,5.0,,113.0,42.0,5.0,16.0,377646203.0,4.0,1063.0,poseidon,condorpool,poseidon-worker-2-container-0-7,xgboost_hp_tuning,/srv/xgboost_hp_tuning,,15.6,0,0,,,,,,,,,
xgboost_hp_tuning_ID0000018_pegasus-plan_ID0000016,None,compute,0,1677751089.0,,,1677751094.0,1677751117.0,1677751133.0,42445270.8,1677751168.0,1677751209.0,1677751143.0,1677751148.0,248.0,1677751209.0,1677751214.0,5.0,,74.0,41.0,5.0,16.0,377646203.0,5.0,1054.0,poseidon,condorpool,poseidon-worker-2-container-0-7,xgboost_hp_tuning,/srv/xgboost_hp_tuning,,14.5,0,0,,,,,,,,,
xgboost_hp_tuning_ID0000007_pegasus-plan_ID0000016,None,compute,0,1677751089.0,,,1677751094.0,1677751115.0,1677751131.0,42535614.5,1677751166.0,1677751209.0,1677751145.0,1677751149.0,252.0,1677751209.0,1677751214.0,5.0,,72.0,43.0,5.0,16.0,377646203.0,4.0,1067.0,poseidon,condorpool,poseidon-worker-1-container-16-23,xgboost_hp_tuning,/srv/xgboost_hp_tuning,,42.1,0,0,,,,,,,,,
xgboost_hp_tuning_ID0000017_pegasus-plan_ID0000016,None,compute,0,1677751089.0,,,1677751094.0,1677751119.0,1677751135.0,42463690.2,1677751169.0,1677751209.0,1677751145.0,1677751149.0,249.0,1677751209.0,1677751214.0,5.0,,75.0,40.0,5.0,16.0,377646203.0,4.0,1056.0,poseidon,condorpool,poseidon-worker-3-container-16-23,xgboost_hp_tuning,/srv/xgboost_hp_tuning,,14.0,0,0,,,,,,,,,
xgboost_hp_tuning_ID0000005_pegasus-plan_ID0000016,cpu_4,compute,0,1677751089.0,,,1677751094.0,1677751123.0,1677751139.0,42570734.8,1677751173.0,1677751214.0,1677751150.0,1677751154.0,255.0,1677751214.0,1677751219.0,5.0,,79.0,41.0,5.0,16.0,377646203.0,4.0,1075.0,poseidon,condorpool,poseidon-worker-3-container-0-7,xgboost_hp_tuning,/srv/xgboost_hp_tuning,,12.4,0,0,,,,,,,,,
xgboost_hp_tuning_ID0000016_pegasus-plan_ID0000016,None,compute,0,1677751089.0,,,1677751094.0,1677751147.0,1677751163.0,42534325.0,1677751198.0,1677751239.0,1677751175.0,1677751179.0,245.0,1677751239.0,1677751244.0,5.0,,104.0,41.0,5.0,16.0,377646203.0,4.0,1052.0,poseidon,condorpool,poseidon-worker-2-container-32-39,xgboost_hp_tuning,/srv/xgboost_hp_tuning,,23.0,0,0,,,,,,,,,
xgboost_hp_tuning_ID0000004_pegasus-plan_ID0000016,cpu_4,compute,0,1677751089.0,,,1677751094.0,1677751150.0,1677751166.0,42586961.5,1677751200.0,1677751239.0,1677751176.0,1677751180.0,252.0,1677751239.0,1677751244.0,5.0,,106.0,39.0,5.0,16.0,377646203.0,4.0,1061.0,poseidon,condorpool,poseidon-worker-1-container-32-39,xgboost_hp_tuning,/srv/xgboost_hp_tuning,,10.6,0,0,,,,,,,,,
xgboost_hp_tuning_ID0000015_pegasus-plan_ID0000016,cpu_4,compute,0,1677751089.0,,,1677751094.0,1677751150.0,1677751166.0,42509726.5,1677751200.0,1677751239.0,1677751176.0,1677751181.0,244.0,1677751239.0,1677751244.0,5.0,,106.0,39.0,5.0,16.0,377646203.0,5.0,1052.0,poseidon,condorpool,poseidon-worker-2-container-8-15,xgboost_hp_tuning,/srv/xgboost_hp_tuning,,9.7,0,0,,,,,,,,,
xgboost_hp_tuning_ID0000003_pegasus-plan_ID0000016,cpu_4,compute,0,1677751089.0,,,1677751094.0,1677751150.0,1677751166.0,42673022.2,1677751201.0,1677751244.0,1677751178.0,1677751182.0,255.0,1677751244.0,1677751249.0,5.0,,107.0,43.0,5.0,16.0,377646203.0,4.0,1066.0,poseidon,condorpool,poseidon-worker-3-container-24-31,xgboost_hp_tuning,/srv/xgboost_hp_tuning,,12.0,0,0,,,,,,,,,
xgboost_hp_tuning_ID0000014_pegasus-plan_ID0000016,cpu_4,compute,0,1677751089.0,,,1677751094.0,1677751152.0,1677751167.0,42575177.8,1677751202.0,1677751244.0,1677751177.0,1677751182.0,250.0,1677751244.0,1677751249.0,5.0,,108.0,42.0,5.0,15.0,377646203.0,5.0,1053.0,poseidon,condorpool,poseidon-worker-1-container-40-47,xgboost_hp_tuning,/srv/xgboost_hp_tuning,,8.6,0,0,,,,,,,,,
xgboost_hp_tuning_ID0000002_pegasus-plan_ID0000016,None,compute,0,1677751089.0,,,1677751094.0,1677751153.0,1677751169.0,42382061.0,1677751204.0,1677751244.0,1677751180.0,1677751184.0,248.0,1677751244.0,1677751249.0,5.0,,110.0,40.0,5.0,16.0,377646203.0,4.0,1063.0,poseidon,condorpool,poseidon-worker-1-container-0-7,xgboost_hp_tuning,/srv/xgboost_hp_tuning,,15.6,0,0,,,,,,,,,
xgboost_hp_tuning_ID0000006_pegasus-plan_ID0000016,cpu_4,compute,0,1677751089.0,,,1677751094.0,1677751118.0,1677751134.0,42661917.2,1677751169.0,1677751209.0,1677751144.0,1677751148.0,257.0,1677751209.0,1677751214.0,5.0,,75.0,40.0,5.0,16.0,377646203.0,4.0,1067.0,poseidon,condorpool,poseidon-worker-3-container-8-15,xgboost_hp_tuning,/srv/xgboost_hp_tuning,,9.4,0,0,,,,,,,,,
xgboost_hp_tuning_ID0000012_pegasus-plan_ID0000016,cpu_4,compute,0,1677751089.0,,,1677751094.0,1677751157.0,1677751173.0,42682417.0,1677751207.0,1677751249.0,1677751183.0,1677751187.0,244.0,1677751249.0,1677751254.0,5.0,,113.0,42.0,5.0,16.0,377646203.0,4.0,1048.0,poseidon,condorpool,poseidon-worker-3-container-8-15,xgboost_hp_tuning,/srv/xgboost_hp_tuning,,9.9,0,0,,,,,,,,,
xgboost_hp_tuning_ID0000001_pegasus-plan_ID0000020,None,compute,0,1677751099.0,,,1677751104.0,1677751569.0,1677751601.0,68790193.2,1677751620.0,1677751982.0,1677751919.0,1677751924.0,251.0,1677751982.0,1677751987.0,5.0,,516.0,362.0,5.0,32.0,1691153157.0,5.0,1064.0,poseidon,condorpool,poseidon-worker-2-container-16-23,xgboost_hp_tuning,/srv/xgboost_hp_tuning,,1766.7,0,0,0.1,1346560868.0,40.0,3741.0,2.0,1653.5,55.3,4488536.2,4.0
xgboost_hp_tuning_ID0000009_pegasus-plan_ID0000020,None,compute,0,1677751099.0,,,1677751104.0,1677751158.0,1677751190.0,68929059.8,1677751208.0,1677751585.0,1677751520.0,1677751524.0,247.0,1677751585.0,1677751590.0,5.0,,104.0,377.0,5.0,32.0,1691153157.0,4.0,1059.0,poseidon,condorpool,poseidon-worker-1-container-16-23,xgboost_hp_tuning,/srv/xgboost_hp_tuning,,1707.8,0,0,0.1,1346568371.0,40.0,3771.0,2.0,1650.3,52.0,4208026.2,4.0
xgboost_hp_tuning_ID0000012_pegasus-plan_ID0000020,None,compute,0,1677751099.0,,,1677751104.0,1677751574.0,1677751605.0,68850762.1,1677751624.0,1677751977.0,1677751912.0,1677751916.0,247.0,1677751977.0,1677751982.0,5.0,,520.0,353.0,5.0,31.0,1691153157.0,4.0,1049.0,poseidon,condorpool,poseidon-worker-1-container-16-23,xgboost_hp_tuning,/srv/xgboost_hp_tuning,,1692.4,0,0,0.1,1346557100.0,40.0,3726.0,2.0,1588.4,52.0,4643300.3,4.0
xgboost_hp_tuning_ID0000023_pegasus-plan_ID0000020,None,compute,0,1677751099.0,,,1677751104.0,1677751633.0,1677751664.0,68806897.5,1677751683.0,1677752032.0,1677751965.0,1677751969.0,259.0,1677752032.0,1677752037.0,5.0,,579.0,349.0,5.0,31.0,1691153157.0,4.0,1090.0,poseidon,condorpool,poseidon-worker-2-container-0-7,xgboost_hp_tuning,/srv/xgboost_hp_tuning,,1590.1,0,0,0.1,1346556813.0,40.0,3726.0,2.0,1530.0,51.3,4643299.4,4.0
xgboost_hp_tuning_ID0000017_pegasus-plan_ID0000020,cpu_4,compute,0,1677751099.0,,,1677751104.0,1677751191.0,1677751222.0,69186382.1,1677751241.0,1677751756.0,1677751692.0,1677751696.0,253.0,1677751756.0,1677751761.0,5.0,,137.0,515.0,5.0,31.0,1691153157.0,4.0,1056.0,poseidon,condorpool,poseidon-worker-3-container-24-31,xgboost_hp_tuning,/srv/xgboost_hp_tuning,,1424.6,0,0,0.0,1346620214.0,40.0,3979.0,2.0,1362.6,60.1,2927435.2,4.0
xgboost_hp_tuning_ID0000002_pegasus-plan_ID0000020,None,compute,0,1677751099.0,,,1677751104.0,1677751537.0,1677751569.0,68987983.8,1677751588.0,1677752002.0,1677751939.0,1677751943.0,257.0,1677752002.0,1677752007.0,5.0,,484.0,414.0,5.0,32.0,1691153157.0,4.0,1063.0,poseidon,condorpool,poseidon-worker-3-container-16-23,xgboost_hp_tuning,/srv/xgboost_hp_tuning,,2043.8,0,0,0.1,1346582058.0,40.0,3829.0,2.0,1985.9,53.1,3740505.7,4.0
xgboost_hp_tuning_ID0000005_pegasus-plan_ID0000020,None,compute,0,1677751099.0,,,1677751104.0,1677751193.0,1677751224.0,68809822.1,1677751243.0,1677751715.0,1677751651.0,1677751656.0,252.0,1677751715.0,1677751720.0,5.0,,139.0,472.0,5.0,31.0,1691153157.0,5.0,1077.0,poseidon,condorpool,poseidon-worker-1-container-0-7,xgboost_hp_tuning,/srv/xgboost_hp_tuning,,2417.7,0,0,0.1,1346602652.0,40.0,3906.0,2.0,2300.6,67.7,3284396.7,4.0
xgboost_hp_tuning_ID0000016_pegasus-plan_ID0000020,None,compute,0,1677751099.0,,,1677751104.0,1677751194.0,1677751226.0,68859534.7,1677751244.0,1677751680.0,1677751613.0,1677751617.0,246.0,1677751680.0,1677751685.0,5.0,,140.0,436.0,5.0,32.0,1691153157.0,4.0,1053.0,poseidon,condorpool,poseidon-worker-2-container-40-47,xgboost_hp_tuning,/srv/xgboost_hp_tuning,,2133.7,0,0,0.0,1346587746.0,40.0,3846.0,2.0,2020.2,64.7,3639426.3,4.0
xgboost_hp_tuning_ID0000004_pegasus-plan_ID0000020,cpu_4,compute,0,1677751099.0,,,1677751104.0,1677751196.0,1677751227.0,69147919.4,1677751247.0,1677751735.0,1677751671.0,1677751675.0,257.0,1677751735.0,1677751740.0,5.0,,143.0,488.0,5.0,31.0,1691153157.0,4.0,1063.0,poseidon,condorpool,poseidon-worker-3-container-8-15,xgboost_hp_tuning,/srv/xgboost_hp_tuning,,1330.0,0,0,0.0,1346611288.0,40.0,3941.0,2.0,1243.1,71.4,3131654.2,4.0
xgboost_hp_tuning_ID0000018_pegasus-plan_ID0000020,cpu_4,compute,0,1677751099.0,,,1677751104.0,1677751189.0,1677751221.0,69022552.1,1677751240.0,1677751746.0,1677751683.0,1677751687.0,248.0,1677751746.0,1677751751.0,5.0,,136.0,506.0,5.0,32.0,1691153157.0,4.0,1056.0,poseidon,condorpool,poseidon-worker-2-container-8-15,xgboost_hp_tuning,/srv/xgboost_hp_tuning,,1401.9,0,0,0.4,1346620879.0,40.0,3973.0,2.0,1322.1,70.3,2992490.8,4.0
xgboost_hp_tuning_ID0000013_pegasus-plan_ID0000020,None,compute,0,1677751099.0,,,1677751104.0,1677751543.0,1677751574.0,68872078.5,1677751593.0,1677751982.0,1677751915.0,1677751919.0,247.0,1677751982.0,1677751987.0,5.0,,489.0,389.0,5.0,31.0,1691153157.0,4.0,1053.0,poseidon,condorpool,poseidon-worker-1-container-8-15,xgboost_hp_tuning,/srv/xgboost_hp_tuning,,1868.9,0,0,0.0,1346572277.0,40.0,3786.0,2.0,1811.6,52.6,4080522.1,4.0
xgboost_hp_tuning_ID0000019_pegasus-plan_ID0000020,cpu_4,compute,0,1677751099.0,,,1677751104.0,1677751175.0,1677751206.0,69156558.0,1677751225.0,1677752027.0,1677751962.0,1677751967.0,251.0,1677752027.0,1677752032.0,5.0,,121.0,802.0,5.0,31.0,1691153157.0,5.0,1059.0,poseidon,condorpool,poseidon-worker-3-container-40-47,xgboost_hp_tuning,/srv/xgboost_hp_tuning,,2468.1,0,0,0.1,1346727592.0,40.0,4399.0,2.0,2334.2,108.4,1819902.2,4.0
xgboost_hp_tuning_ID0000008_pegasus-plan_ID0000020,cpu_4,compute,0,1677751099.0,,,1677751104.0,1677751173.0,1677751204.0,69103817.6,1677751223.0,1677751796.0,1677751733.0,1677751737.0,254.0,1677751796.0,1677751801.0,5.0,,119.0,573.0,5.0,31.0,1691153157.0,4.0,1057.0,poseidon,condorpool,poseidon-worker-3-container-32-39,xgboost_hp_tuning,/srv/xgboost_hp_tuning,,1608.8,0,0,0.0,1346643315.0,40.0,4064.0,2.0,1513.6,62.3,2640477.1,4.0
xgboost_hp_tuning_ID0000007_pegasus-plan_ID0000020,None,compute,0,1677751099.0,,,1677751104.0,1677751188.0,1677751220.0,68969471.0,1677751239.0,1677751695.0,1677751633.0,1677751637.0,248.0,1677751695.0,1677751700.0,5.0,,135.0,456.0,5.0,32.0,1691153157.0,4.0,1066.0,poseidon,condorpool,poseidon-worker-2-container-32-39,xgboost_hp_tuning,/srv/xgboost_hp_tuning,,2327.8,0,0,0.0,1346599202.0,40.0,3891.0,2.0,2237.3,68.9,3366498.0,4.0
xgboost_hp_tuning_ID0000021_pegasus-plan_ID0000020,None,compute,0,1677751099.0,,,1677751104.0,1677751168.0,1677751199.0,68889982.4,1677751218.0,1677751595.0,1677751529.0,1677751534.0,249.0,1677751595.0,1677751600.0,5.0,,114.0,377.0,5.0,31.0,1691153157.0,5.0,1063.0,poseidon,condorpool,poseidon-worker-1-container-8-15,xgboost_hp_tuning,/srv/xgboost_hp_tuning,,1694.2,0,0,0.0,1346568221.0,40.0,3771.0,2.0,1626.7,63.4,4208025.7,4.0
xgboost_hp_tuning_ID0000010_pegasus-plan_ID0000020,cpu_4,compute,0,1677751099.0,,,1677751104.0,1677751167.0,1677751198.0,68954326.6,1677751217.0,1677751690.0,1677751623.0,1677751628.0,246.0,1677751690.0,1677751695.0,5.0,,113.0,473.0,5.0,31.0,1691153157.0,5.0,1048.0,poseidon,condorpool,poseidon-worker-1-container-24-31,xgboost_hp_tuning,/srv/xgboost_hp_tuning,,1289.5,0,0,0.0,1346602705.0,40.0,3906.0,2.0,1203.4,64.2,3284396.8,4.0
xgboost_hp_tuning_ID0000022_pegasus-plan_ID0000020,cpu_4,compute,0,1677751099.0,,,1677751104.0,1677751163.0,1677751194.0,69090459.8,1677751214.0,1677751715.0,1677751651.0,1677751655.0,254.0,1677751715.0,1677751720.0,5.0,,110.0,501.0,5.0,31.0,1691153157.0,4.0,1063.0,poseidon,condorpool,poseidon-worker-3-container-0-7,xgboost_hp_tuning,/srv/xgboost_hp_tuning,,1354.2,0,0,0.0,1346611909.0,40.0,3949.0,2.0,1263.6,64.7,3060481.6,4.0
xgboost_hp_tuning_ID0000011_pegasus-plan_ID0000020,None,compute,0,1677751099.0,,,1677751104.0,1677751163.0,1677751194.0,69078325.6,1677751213.0,1677751575.0,1677751508.0,1677751513.0,246.0,1677751575.0,1677751580.0,5.0,,109.0,362.0,5.0,31.0,1691153157.0,5.0,1053.0,poseidon,condorpool,poseidon-worker-2-container-16-23,xgboost_hp_tuning,/srv/xgboost_hp_tuning,,1687.5,0,0,0.1,1346560654.0,40.0,3741.0,2.0,1603.3,53.5,4488535.5,4.0
xgboost_hp_tuning_ID0000015_pegasus-plan_ID0000020,None,compute,0,1677751099.0,,,1677751104.0,1677751196.0,1677751228.0,68897691.4,1677751247.0,1677751645.0,1677751578.0,1677751583.0,247.0,1677751645.0,1677751650.0,5.0,,143.0,398.0,5.0,32.0,1691153157.0,5.0,1053.0,poseidon,condorpool,poseidon-worker-2-container-0-7,xgboost_hp_tuning,/srv/xgboost_hp_tuning,,1894.6,0,0,0.1,1346575886.0,40.0,3801.0,2.0,1830.3,59.0,3960517.3,4.0
xgboost_hp_tuning_ID0000006_pegasus-plan_ID0000020,cpu_4,compute,0,1677751099.0,,,1677751104.0,1677751191.0,1677751222.0,68974571.9,1677751241.0,1677751740.0,1677751674.0,1677751679.0,250.0,1677751740.0,1677751746.0,5.0,,137.0,499.0,6.0,31.0,1691153157.0,5.0,1066.0,poseidon,condorpool,poseidon-worker-1-container-40-47,xgboost_hp_tuning,/srv/xgboost_hp_tuning,,1381.1,0,0,0.1,1346615892.0,40.0,3954.0,2.0,1310.2,60.0,3060490.7,4.0
xgboost_hp_tuning_ID0000014_pegasus-plan_ID0000020,cpu_4,compute,0,1677751099.0,,,1677751104.0,1677751264.0,1677751296.0,68858504.2,1677751314.0,1677751866.0,1677751801.0,1677751806.0,250.0,1677751866.0,1677751871.0,5.0,,210.0,552.0,5.0,32.0,1691153157.0,5.0,1054.0,poseidon,condorpool,poseidon-worker-1-container-32-39,xgboost_hp_tuning,/srv/xgboost_hp_tuning,,1543.7,0,0,0.0,1346634924.0,40.0,4030.0,2.0,1454.5,66.9,2748234.5,4.0
xgboost_hp_tuning_ID0000020_pegasus-plan_ID0000020,cpu_4,compute,0,1677751099.0,,,1677751104.0,1677751173.0,1677751204.0,69057095.0,1677751223.0,1677751710.0,1677751644.0,1677751649.0,247.0,1677751710.0,1677751715.0,5.0,,119.0,487.0,5.0,31.0,1691153157.0,5.0,1063.0,poseidon,condorpool,poseidon-worker-2-container-24-31,xgboost_hp_tuning,/srv/xgboost_hp_tuning,,1339.9,0,0,0.1,1346613111.0,40.0,3942.0,2.0,1270.9,65.1,3131658.4,4.0
xgboost_hp_tuning_ID0000003_pegasus-plan_ID0000020,None,compute,0,1677751099.0,,,1677751104.0,1677751196.0,1677751228.0,69161547.0,1677751247.0,1677751590.0,1677751524.0,1677751528.0,250.0,1677751590.0,1677751595.0,5.0,,143.0,343.0,5.0,32.0,1691153157.0,4.0,1069.0,poseidon,condorpool,poseidon-worker-3-container-16-23,xgboost_hp_tuning,/srv/xgboost_hp_tuning,,1574.4,0,0,0.1,1346551347.0,40.0,3709.0,2.0,1483.2,41.5,4809112.0,4.0
stage_out_local_condorpool_0_2_pegasus-plan_ID0000012,None,transfer,0,1677751223.0,,,1677751228.0,,,0.0,1677751228.0,1677751238.0,1677751228.0,1677751232.0,1840.0,1677751238.0,1677751244.0,5.0,,0.0,10.0,6.0,,,4.0,7424.0,poseidon,local,host-10-100-100-12.openstacklocal,pegasus::transfer,/home/poseidon/pegasus-5.1.0panorama/bin/pegasus-transfer,/home/poseidon/pegasus-5.1.0panorama/bin/../bin/pegasus-kickstart  -n pegasus::transfer -N null -i - -R local  -L xgboost_hp_tuning_group_0 -T 2023-03-02T09:57:09+00:00 /home/poseidon/pegasus-5.1.0panorama/bin/../bin/pegasus-transfer  --threads 2,1.0,0,0,,,,,,,,,
stage_out_local_condorpool_0_1_pegasus-plan_ID0000012,None,transfer,0,1677751228.0,,,1677751233.0,,,0.0,1677751234.0,1677751249.0,1677751234.0,1677751238.0,2110.0,1677751249.0,1677751254.0,5.0,,1.0,15.0,5.0,,,4.0,8508.0,poseidon,local,host-10-100-100-12.openstacklocal,pegasus::transfer,/home/poseidon/pegasus-5.1.0panorama/bin/pegasus-transfer,/home/poseidon/pegasus-5.1.0panorama/bin/../bin/pegasus-kickstart  -n pegasus::transfer -N null -i - -R local  -L xgboost_hp_tuning_group_0 -T 2023-03-02T09:57:09+00:00 /home/poseidon/pegasus-5.1.0panorama/bin/../bin/pegasus-transfer  --threads 2,1.1,0,0,,,,,,,,,
stage_out_local_condorpool_0_0_pegasus-plan_ID0000012,None,transfer,0,1677751233.0,,,1677751238.0,,,0.0,1677751238.0,1677751249.0,1677751239.0,1677751243.0,2098.0,1677751249.0,1677751254.0,5.0,,0.0,11.0,5.0,,,4.0,8463.0,poseidon,local,host-10-100-100-12.openstacklocal,pegasus::transfer,/home/poseidon/pegasus-5.1.0panorama/bin/pegasus-transfer,/home/poseidon/pegasus-5.1.0panorama/bin/../bin/pegasus-kickstart  -n pegasus::transfer -N null -i - -R local  -L xgboost_hp_tuning_group_0 -T 2023-03-02T09:57:09+00:00 /home/poseidon/pegasus-5.1.0panorama/bin/../bin/pegasus-transfer  --threads 2,1.1,0,0,,,,,,,,,
xgboost_best_params_ID0000024_pegasus-plan_ID0000012,cpu_4,compute,0,1677751233.0,,,1677751238.0,1677751190.0,1677751207.0,33257118.8,1677751240.0,1677751279.0,1677751214.0,1677751218.0,254.0,1677751279.0,1677751284.0,5.0,,2.0,39.0,5.0,17.0,368018664.0,4.0,1090.0,poseidon,condorpool,poseidon-worker-1-container-32-39,xgboost_best_params,/srv/xgboost_best_params,,0.0,0,0,,,,,,,,,
register_condorpool_0_2_pegasus-plan_ID0000012,None,auxiliary,0,1677751244.0,,,1677751249.0,,,0.0,1677751249.0,1677751254.0,,,0.0,1677751254.0,1677751259.0,5.0,,0.0,5.0,5.0,,,,,poseidon,local,host-10-100-100-12.openstacklocal,pegasus::rc-client,/home/poseidon/pegasus-5.1.0panorama/bin/pegasus-rc-client,"-n pegasus::rc-client -N null -R local  -L xgboost_hp_tuning_group_0 -T 2023-03-02T09:57:09+00:00 /home/poseidon/pegasus-5.1.0panorama/bin/pegasus-rc-client --prefix pegasus.catalog.replica.output --conf /home/poseidon/workflows/predict-future-sales-workflow/submit/poseidon/pegasus/predict-future-sales/run0360/00/00/./xgboost_hp_tuning_group_0.000/pegasus.1928278408019232517.properties -v --meta /home/poseidon/workflows/predict-future-sales-workflow/submit/poseidon/pegasus/predict-future-sales/run0360/00/00/./xgboost_hp_tuning_group_0.000/00/00/xgboost_hp_tuning_ID0000017.meta,/home/poseidon/workflows/predict-future-sales-workflow/submit/poseidon/pegasus/predict-future-sales/run0360/00/00/./xgboost_hp_tuning_group_0.000/00/00/xgboost_hp_tuning_ID0000022.meta,/home/poseidon/workflows/predict-future-sales-workflow/submit/poseidon/pegasus/predict-future-sales/run0360/00/00/./xgboost_hp_tuning_group_0.000/00/00/xgboost_hp_tuning_ID0000007.meta,/home/poseidon/workflows/predict-future-sales-workflow/submit/poseidon/pegasus/predict-future-sales/run0360/00/00/./xgboost_hp_tuning_group_0.000/00/00/xgboost_hp_tuning_ID0000020.meta,/home/poseidon/workflows/predict-future-sales-workflow/submit/poseidon/pegasus/predict-future-sales/run0360/00/00/./xgboost_hp_tuning_group_0.000/00/00/xgboost_hp_tuning_ID0000001.meta,/home/poseidon/workflows/predict-future-sales-workflow/submit/poseidon/pegasus/predict-future-sales/run0360/00/00/./xgboost_hp_tuning_group_0.000/00/00/xgboost_hp_tuning_ID0000004.meta,/home/poseidon/workflows/predict-future-sales-workflow/submit/poseidon/pegasus/predict-future-sales/run0360/00/00/./xgboost_hp_tuning_group_0.000/00/00/xgboost_hp_tuning_ID0000014.meta --insert /home/poseidon/workflows/predict-future-sales-workflow/submit/poseidon/pegasus/predict-future-sales/run0360/00/00/./xgboost_hp_tuning_group_0.000/00/00/register_condorpool_0_2.in",3.1,0,0,,,,,,,,,
stage_out_local_condorpool_0_2_pegasus-plan_ID0000016,None,transfer,0,1677751254.0,,,1677751259.0,,,0.0,1677751261.0,1677751274.0,1677751261.0,1677751265.0,1840.0,1677751274.0,1677751279.0,5.0,,2.0,13.0,5.0,,,4.0,7424.0,poseidon,local,host-10-100-100-12.openstacklocal,pegasus::transfer,/home/poseidon/pegasus-5.1.0panorama/bin/pegasus-transfer,/home/poseidon/pegasus-5.1.0panorama/bin/../bin/pegasus-kickstart  -n pegasus::transfer -N null -i - -R local  -L xgboost_hp_tuning_group_1 -T 2023-03-02T09:57:15+00:00 /home/poseidon/pegasus-5.1.0panorama/bin/../bin/pegasus-transfer  --threads 2,1.0,0,0,,,,,,,,,
register_condorpool_0_1_pegasus-plan_ID0000012,None,auxiliary,0,1677751254.0,,,1677751259.0,,,0.0,1677751259.0,1677751264.0,,,0.0,1677751264.0,1677751269.0,5.0,,0.0,5.0,5.0,,,,,poseidon,local,host-10-100-100-12.openstacklocal,pegasus::rc-client,/home/poseidon/pegasus-5.1.0panorama/bin/pegasus-rc-client,"-n pegasus::rc-client -N null -R local  -L xgboost_hp_tuning_group_0 -T 2023-03-02T09:57:09+00:00 /home/poseidon/pegasus-5.1.0panorama/bin/pegasus-rc-client --prefix pegasus.catalog.replica.output --conf /home/poseidon/workflows/predict-future-sales-workflow/submit/poseidon/pegasus/predict-future-sales/run0360/00/00/./xgboost_hp_tuning_group_0.000/pegasus.1928278408019232517.properties -v --meta /home/poseidon/workflows/predict-future-sales-workflow/submit/poseidon/pegasus/predict-future-sales/run0360/00/00/./xgboost_hp_tuning_group_0.000/00/00/xgboost_hp_tuning_ID0000013.meta,/home/poseidon/workflows/predict-future-sales-workflow/submit/poseidon/pegasus/predict-future-sales/run0360/00/00/./xgboost_hp_tuning_group_0.000/00/00/xgboost_hp_tuning_ID0000023.meta,/home/poseidon/workflows/predict-future-sales-workflow/submit/poseidon/pegasus/predict-future-sales/run0360/00/00/./xgboost_hp_tuning_group_0.000/00/00/xgboost_hp_tuning_ID0000011.meta,/home/poseidon/workflows/predict-future-sales-workflow/submit/poseidon/pegasus/predict-future-sales/run0360/00/00/./xgboost_hp_tuning_group_0.000/00/00/xgboost_hp_tuning_ID0000006.meta,/home/poseidon/workflows/predict-future-sales-workflow/submit/poseidon/pegasus/predict-future-sales/run0360/00/00/./xgboost_hp_tuning_group_0.000/00/00/xgboost_hp_tuning_ID0000003.meta,/home/poseidon/workflows/predict-future-sales-workflow/submit/poseidon/pegasus/predict-future-sales/run0360/00/00/./xgboost_hp_tuning_group_0.000/00/00/xgboost_hp_tuning_ID0000021.meta,/home/poseidon/workflows/predict-future-sales-workflow/submit/poseidon/pegasus/predict-future-sales/run0360/00/00/./xgboost_hp_tuning_group_0.000/00/00/xgboost_hp_tuning_ID0000019.meta,/home/poseidon/workflows/predict-future-sales-workflow/submit/poseidon/pegasus/predict-future-sales/run0360/00/00/./xgboost_hp_tuning_group_0.000/00/00/xgboost_hp_tuning_ID0000016.meta --insert /home/poseidon/workflows/predict-future-sales-workflow/submit/poseidon/pegasus/predict-future-sales/run0360/00/00/./xgboost_hp_tuning_group_0.000/00/00/register_condorpool_0_1.in",3.2,0,0,,,,,,,,,
register_condorpool_0_0_pegasus-plan_ID0000012,None,auxiliary,0,1677751254.0,,,1677751269.0,,,0.0,1677751269.0,1677751274.0,,,0.0,1677751274.0,1677751279.0,15.0,,0.0,5.0,5.0,,,,,poseidon,local,host-10-100-100-12.openstacklocal,pegasus::rc-client,/home/poseidon/pegasus-5.1.0panorama/bin/pegasus-rc-client,"-n pegasus::rc-client -N null -R local  -L xgboost_hp_tuning_group_0 -T 2023-03-02T09:57:09+00:00 /home/poseidon/pegasus-5.1.0panorama/bin/pegasus-rc-client --prefix pegasus.catalog.replica.output --conf /home/poseidon/workflows/predict-future-sales-workflow/submit/poseidon/pegasus/predict-future-sales/run0360/00/00/./xgboost_hp_tuning_group_0.000/pegasus.1928278408019232517.properties -v --meta /home/poseidon/workflows/predict-future-sales-workflow/submit/poseidon/pegasus/predict-future-sales/run0360/00/00/./xgboost_hp_tuning_group_0.000/00/00/xgboost_hp_tuning_ID0000018.meta,/home/poseidon/workflows/predict-future-sales-workflow/submit/poseidon/pegasus/predict-future-sales/run0360/00/00/./xgboost_hp_tuning_group_0.000/00/00/xgboost_hp_tuning_ID0000002.meta,/home/poseidon/workflows/predict-future-sales-workflow/submit/poseidon/pegasus/predict-future-sales/run0360/00/00/./xgboost_hp_tuning_group_0.000/00/00/xgboost_hp_tuning_ID0000005.meta,/home/poseidon/workflows/predict-future-sales-workflow/submit/poseidon/pegasus/predict-future-sales/run0360/00/00/./xgboost_hp_tuning_group_0.000/00/00/xgboost_hp_tuning_ID0000009.meta,/home/poseidon/workflows/predict-future-sales-workflow/submit/poseidon/pegasus/predict-future-sales/run0360/00/00/./xgboost_hp_tuning_group_0.000/00/00/xgboost_hp_tuning_ID0000015.meta,/home/poseidon/workflows/predict-future-sales-workflow/submit/poseidon/pegasus/predict-future-sales/run0360/00/00/./xgboost_hp_tuning_group_0.000/00/00/xgboost_hp_tuning_ID0000012.meta,/home/poseidon/workflows/predict-future-sales-workflow/submit/poseidon/pegasus/predict-future-sales/run0360/00/00/./xgboost_hp_tuning_group_0.000/00/00/xgboost_hp_tuning_ID0000010.meta,/home/poseidon/workflows/predict-future-sales-workflow/submit/poseidon/pegasus/predict-future-sales/run0360/00/00/./xgboost_hp_tuning_group_0.000/00/00/xgboost_hp_tuning_ID0000008.meta --insert /home/poseidon/workflows/predict-future-sales-workflow/submit/poseidon/pegasus/predict-future-sales/run0360/00/00/./xgboost_hp_tuning_group_0.000/00/00/register_condorpool_0_0.in",3.1,0,0,,,,,,,,,
xgboost_best_params_ID0000024_pegasus-plan_ID0000016,cpu_4,compute,0,1677751254.0,,,1677751259.0,1677751227.0,1677751244.0,33307963.8,1677751277.0,1677751315.0,1677751251.0,1677751255.0,252.0,1677751315.0,1677751320.0,5.0,,18.0,38.0,5.0,17.0,368018644.0,4.0,1075.0,poseidon,condorpool,poseidon-worker-1-container-32-39,xgboost_best_params,/srv/xgboost_best_params,,0.0,0,0,,,,,,,,,
stage_out_local_condorpool_0_1_pegasus-plan_ID0000016,None,transfer,0,1677751254.0,,,1677751259.0,,,0.0,1677751261.0,1677751274.0,1677751261.0,1677751265.0,2105.0,1677751274.0,1677751279.0,5.0,,2.0,13.0,5.0,,,4.0,8494.0,poseidon,local,host-10-100-100-12.openstacklocal,pegasus::transfer,/home/poseidon/pegasus-5.1.0panorama/bin/pegasus-transfer,/home/poseidon/pegasus-5.1.0panorama/bin/../bin/pegasus-kickstart  -n pegasus::transfer -N null -i - -R local  -L xgboost_hp_tuning_group_1 -T 2023-03-02T09:57:15+00:00 /home/poseidon/pegasus-5.1.0panorama/bin/../bin/pegasus-transfer  --threads 2,1.2,0,0,,,,,,,,,
stage_out_local_condorpool_0_0_pegasus-plan_ID0000016,None,transfer,0,1677751254.0,,,1677751259.0,,,0.0,1677751261.0,1677751274.0,1677751261.0,1677751265.0,2096.0,1677751274.0,1677751279.0,5.0,,2.0,13.0,5.0,,,4.0,8457.0,poseidon,local,host-10-100-100-12.openstacklocal,pegasus::transfer,/home/poseidon/pegasus-5.1.0panorama/bin/pegasus-transfer,/home/poseidon/pegasus-5.1.0panorama/bin/../bin/pegasus-kickstart  -n pegasus::transfer -N null -i - -R local  -L xgboost_hp_tuning_group_1 -T 2023-03-02T09:57:15+00:00 /home/poseidon/pegasus-5.1.0panorama/bin/../bin/pegasus-transfer  --threads 2,1.1,0,0,,,,,,,,,
register_condorpool_0_1_pegasus-plan_ID0000016,None,auxiliary,0,1677751279.0,,,1677751305.0,,,0.0,1677751305.0,1677751310.0,,,0.0,1677751310.0,1677751315.0,26.0,,0.0,5.0,5.0,,,,,poseidon,local,host-10-100-100-12.openstacklocal,pegasus::rc-client,/home/poseidon/pegasus-5.1.0panorama/bin/pegasus-rc-client,"-n pegasus::rc-client -N null -R local  -L xgboost_hp_tuning_group_1 -T 2023-03-02T09:57:15+00:00 /home/poseidon/pegasus-5.1.0panorama/bin/pegasus-rc-client --prefix pegasus.catalog.replica.output --conf /home/poseidon/workflows/predict-future-sales-workflow/submit/poseidon/pegasus/predict-future-sales/run0360/00/00/./xgboost_hp_tuning_group_1.000/pegasus.8790956920948435663.properties -v --meta /home/poseidon/workflows/predict-future-sales-workflow/submit/poseidon/pegasus/predict-future-sales/run0360/00/00/./xgboost_hp_tuning_group_1.000/00/00/xgboost_hp_tuning_ID0000013.meta,/home/poseidon/workflows/predict-future-sales-workflow/submit/poseidon/pegasus/predict-future-sales/run0360/00/00/./xgboost_hp_tuning_group_1.000/00/00/xgboost_hp_tuning_ID0000023.meta,/home/poseidon/workflows/predict-future-sales-workflow/submit/poseidon/pegasus/predict-future-sales/run0360/00/00/./xgboost_hp_tuning_group_1.000/00/00/xgboost_hp_tuning_ID0000011.meta,/home/poseidon/workflows/predict-future-sales-workflow/submit/poseidon/pegasus/predict-future-sales/run0360/00/00/./xgboost_hp_tuning_group_1.000/00/00/xgboost_hp_tuning_ID0000006.meta,/home/poseidon/workflows/predict-future-sales-workflow/submit/poseidon/pegasus/predict-future-sales/run0360/00/00/./xgboost_hp_tuning_group_1.000/00/00/xgboost_hp_tuning_ID0000003.meta,/home/poseidon/workflows/predict-future-sales-workflow/submit/poseidon/pegasus/predict-future-sales/run0360/00/00/./xgboost_hp_tuning_group_1.000/00/00/xgboost_hp_tuning_ID0000021.meta,/home/poseidon/workflows/predict-future-sales-workflow/submit/poseidon/pegasus/predict-future-sales/run0360/00/00/./xgboost_hp_tuning_group_1.000/00/00/xgboost_hp_tuning_ID0000019.meta,/home/poseidon/workflows/predict-future-sales-workflow/submit/poseidon/pegasus/predict-future-sales/run0360/00/00/./xgboost_hp_tuning_group_1.000/00/00/xgboost_hp_tuning_ID0000016.meta --insert /home/poseidon/workflows/predict-future-sales-workflow/submit/poseidon/pegasus/predict-future-sales/run0360/00/00/./xgboost_hp_tuning_group_1.000/00/00/register_condorpool_0_1.in",3.0,0,0,,,,,,,,,
register_condorpool_0_0_pegasus-plan_ID0000016,None,auxiliary,0,1677751279.0,,,1677751295.0,,,0.0,1677751295.0,1677751300.0,,,0.0,1677751300.0,1677751305.0,16.0,,0.0,5.0,5.0,,,,,poseidon,local,host-10-100-100-12.openstacklocal,pegasus::rc-client,/home/poseidon/pegasus-5.1.0panorama/bin/pegasus-rc-client,"-n pegasus::rc-client -N null -R local  -L xgboost_hp_tuning_group_1 -T 2023-03-02T09:57:15+00:00 /home/poseidon/pegasus-5.1.0panorama/bin/pegasus-rc-client --prefix pegasus.catalog.replica.output --conf /home/poseidon/workflows/predict-future-sales-workflow/submit/poseidon/pegasus/predict-future-sales/run0360/00/00/./xgboost_hp_tuning_group_1.000/pegasus.8790956920948435663.properties -v --meta /home/poseidon/workflows/predict-future-sales-workflow/submit/poseidon/pegasus/predict-future-sales/run0360/00/00/./xgboost_hp_tuning_group_1.000/00/00/xgboost_hp_tuning_ID0000018.meta,/home/poseidon/workflows/predict-future-sales-workflow/submit/poseidon/pegasus/predict-future-sales/run0360/00/00/./xgboost_hp_tuning_group_1.000/00/00/xgboost_hp_tuning_ID0000002.meta,/home/poseidon/workflows/predict-future-sales-workflow/submit/poseidon/pegasus/predict-future-sales/run0360/00/00/./xgboost_hp_tuning_group_1.000/00/00/xgboost_hp_tuning_ID0000005.meta,/home/poseidon/workflows/predict-future-sales-workflow/submit/poseidon/pegasus/predict-future-sales/run0360/00/00/./xgboost_hp_tuning_group_1.000/00/00/xgboost_hp_tuning_ID0000009.meta,/home/poseidon/workflows/predict-future-sales-workflow/submit/poseidon/pegasus/predict-future-sales/run0360/00/00/./xgboost_hp_tuning_group_1.000/00/00/xgboost_hp_tuning_ID0000015.meta,/home/poseidon/workflows/predict-future-sales-workflow/submit/poseidon/pegasus/predict-future-sales/run0360/00/00/./xgboost_hp_tuning_group_1.000/00/00/xgboost_hp_tuning_ID0000012.meta,/home/poseidon/workflows/predict-future-sales-workflow/submit/poseidon/pegasus/predict-future-sales/run0360/00/00/./xgboost_hp_tuning_group_1.000/00/00/xgboost_hp_tuning_ID0000010.meta,/home/poseidon/workflows/predict-future-sales-workflow/submit/poseidon/pegasus/predict-future-sales/run0360/00/00/./xgboost_hp_tuning_group_1.000/00/00/xgboost_hp_tuning_ID0000008.meta --insert /home/poseidon/workflows/predict-future-sales-workflow/submit/poseidon/pegasus/predict-future-sales/run0360/00/00/./xgboost_hp_tuning_group_1.000/00/00/register_condorpool_0_0.in",3.0,0,0,,,,,,,,,
register_condorpool_0_2_pegasus-plan_ID0000016,None,auxiliary,0,1677751279.0,,,1677751284.0,,,0.0,1677751284.0,1677751289.0,,,0.0,1677751289.0,1677751295.0,5.0,,0.0,5.0,6.0,,,,,poseidon,local,host-10-100-100-12.openstacklocal,pegasus::rc-client,/home/poseidon/pegasus-5.1.0panorama/bin/pegasus-rc-client,"-n pegasus::rc-client -N null -R local  -L xgboost_hp_tuning_group_1 -T 2023-03-02T09:57:15+00:00 /home/poseidon/pegasus-5.1.0panorama/bin/pegasus-rc-client --prefix pegasus.catalog.replica.output --conf /home/poseidon/workflows/predict-future-sales-workflow/submit/poseidon/pegasus/predict-future-sales/run0360/00/00/./xgboost_hp_tuning_group_1.000/pegasus.8790956920948435663.properties -v --meta /home/poseidon/workflows/predict-future-sales-workflow/submit/poseidon/pegasus/predict-future-sales/run0360/00/00/./xgboost_hp_tuning_group_1.000/00/00/xgboost_hp_tuning_ID0000017.meta,/home/poseidon/workflows/predict-future-sales-workflow/submit/poseidon/pegasus/predict-future-sales/run0360/00/00/./xgboost_hp_tuning_group_1.000/00/00/xgboost_hp_tuning_ID0000022.meta,/home/poseidon/workflows/predict-future-sales-workflow/submit/poseidon/pegasus/predict-future-sales/run0360/00/00/./xgboost_hp_tuning_group_1.000/00/00/xgboost_hp_tuning_ID0000007.meta,/home/poseidon/workflows/predict-future-sales-workflow/submit/poseidon/pegasus/predict-future-sales/run0360/00/00/./xgboost_hp_tuning_group_1.000/00/00/xgboost_hp_tuning_ID0000020.meta,/home/poseidon/workflows/predict-future-sales-workflow/submit/poseidon/pegasus/predict-future-sales/run0360/00/00/./xgboost_hp_tuning_group_1.000/00/00/xgboost_hp_tuning_ID0000001.meta,/home/poseidon/workflows/predict-future-sales-workflow/submit/poseidon/pegasus/predict-future-sales/run0360/00/00/./xgboost_hp_tuning_group_1.000/00/00/xgboost_hp_tuning_ID0000004.meta,/home/poseidon/workflows/predict-future-sales-workflow/submit/poseidon/pegasus/predict-future-sales/run0360/00/00/./xgboost_hp_tuning_group_1.000/00/00/xgboost_hp_tuning_ID0000014.meta --insert /home/poseidon/workflows/predict-future-sales-workflow/submit/poseidon/pegasus/predict-future-sales/run0360/00/00/./xgboost_hp_tuning_group_1.000/00/00/register_condorpool_0_2.in",3.0,0,0,,,,,,,,,
stage_out_local_condorpool_1_0_pegasus-plan_ID0000012,None,transfer,0,1677751284.0,,,1677751289.0,,,0.0,1677751289.0,1677751299.0,1677751289.0,1677751293.0,1255.0,1677751299.0,1677751304.0,5.0,,0.0,10.0,5.0,,,4.0,5450.0,poseidon,local,host-10-100-100-12.openstacklocal,pegasus::transfer,/home/poseidon/pegasus-5.1.0panorama/bin/pegasus-transfer,/home/poseidon/pegasus-5.1.0panorama/bin/../bin/pegasus-kickstart  -n pegasus::transfer -N null -i - -R local  -L xgboost_hp_tuning_group_0 -T 2023-03-02T09:57:09+00:00 /home/poseidon/pegasus-5.1.0panorama/bin/../bin/pegasus-transfer  --threads 2,0.7,0,0,,,,,,,,,
register_condorpool_1_0_pegasus-plan_ID0000012,None,auxiliary,0,1677751304.0,,,1677751309.0,,,0.0,1677751309.0,1677751314.0,,,0.0,1677751314.0,1677751319.0,5.0,,0.0,5.0,5.0,,,,,poseidon,local,host-10-100-100-12.openstacklocal,pegasus::rc-client,/home/poseidon/pegasus-5.1.0panorama/bin/pegasus-rc-client,-n pegasus::rc-client -N null -R local  -L xgboost_hp_tuning_group_0 -T 2023-03-02T09:57:09+00:00 /home/poseidon/pegasus-5.1.0panorama/bin/pegasus-rc-client --prefix pegasus.catalog.replica.output --conf /home/poseidon/workflows/predict-future-sales-workflow/submit/poseidon/pegasus/predict-future-sales/run0360/00/00/./xgboost_hp_tuning_group_0.000/pegasus.1928278408019232517.properties -v --meta /home/poseidon/workflows/predict-future-sales-workflow/submit/poseidon/pegasus/predict-future-sales/run0360/00/00/./xgboost_hp_tuning_group_0.000/00/00/xgboost_best_params_ID0000024.meta --insert /home/poseidon/workflows/predict-future-sales-workflow/submit/poseidon/pegasus/predict-future-sales/run0360/00/00/./xgboost_hp_tuning_group_0.000/00/00/register_condorpool_1_0.in,3.0,0,0,,,,,,,,,
stage_out_local_condorpool_1_0_pegasus-plan_ID0000016,None,transfer,0,1677751320.0,,,1677751325.0,,,0.0,1677751325.0,1677751335.0,1677751326.0,1677751330.0,1228.0,1677751335.0,1677751340.0,5.0,,0.0,10.0,5.0,,,4.0,5375.0,poseidon,local,host-10-100-100-12.openstacklocal,pegasus::transfer,/home/poseidon/pegasus-5.1.0panorama/bin/pegasus-transfer,/home/poseidon/pegasus-5.1.0panorama/bin/../bin/pegasus-kickstart  -n pegasus::transfer -N null -i - -R local  -L xgboost_hp_tuning_group_1 -T 2023-03-02T09:57:15+00:00 /home/poseidon/pegasus-5.1.0panorama/bin/../bin/pegasus-transfer  --threads 2,0.7,0,0,,,,,,,,,
xgboost_model_ID0000013,None,compute,0,1677751322.0,,,1677751327.0,1677751522.0,1677751541.0,46384056.8,1677751572.0,1677751622.0,1677751556.0,1677751560.0,396412.0,1677751622.0,1677751627.0,5.0,,245.0,50.0,5.0,19.0,502671220.0,4.0,1820120.0,poseidon,condorpool,poseidon-worker-2-container-16-23,xgboost_model,/srv/xgboost_model,,32.2,0,0,,,,,,,,,
register_condorpool_1_0_pegasus-plan_ID0000016,None,auxiliary,0,1677751340.0,,,1677751345.0,,,0.0,1677751345.0,1677751350.0,,,0.0,1677751350.0,1677751355.0,5.0,,0.0,5.0,5.0,,,,,poseidon,local,host-10-100-100-12.openstacklocal,pegasus::rc-client,/home/poseidon/pegasus-5.1.0panorama/bin/pegasus-rc-client,-n pegasus::rc-client -N null -R local  -L xgboost_hp_tuning_group_1 -T 2023-03-02T09:57:15+00:00 /home/poseidon/pegasus-5.1.0panorama/bin/pegasus-rc-client --prefix pegasus.catalog.replica.output --conf /home/poseidon/workflows/predict-future-sales-workflow/submit/poseidon/pegasus/predict-future-sales/run0360/00/00/./xgboost_hp_tuning_group_1.000/pegasus.8790956920948435663.properties -v --meta /home/poseidon/workflows/predict-future-sales-workflow/submit/poseidon/pegasus/predict-future-sales/run0360/00/00/./xgboost_hp_tuning_group_1.000/00/00/xgboost_best_params_ID0000024.meta --insert /home/poseidon/workflows/predict-future-sales-workflow/submit/poseidon/pegasus/predict-future-sales/run0360/00/00/./xgboost_hp_tuning_group_1.000/00/00/register_condorpool_1_0.in,3.0,0,0,,,,,,,,,
xgboost_model_ID0000017,None,compute,0,1677751357.0,,,1677751362.0,1677751533.0,1677751551.0,42481972.8,1677751584.0,1677751622.0,1677751560.0,1677751564.0,115343.0,1677751622.0,1677751627.0,5.0,,222.0,38.0,5.0,18.0,377645142.0,4.0,517791.0,poseidon,condorpool,poseidon-worker-1-container-16-23,xgboost_model,/srv/xgboost_model,,7.2,0,0,,,,,,,,,
model_predict_ID0000014,None,compute,0,1677751627.0,,,1677751632.0,1677751592.0,1677751611.0,41943868.0,1677751642.0,1677751682.0,1677751619.0,1677751623.0,102021.0,1677751682.0,1677751687.0,5.0,,10.0,40.0,5.0,19.0,372007366.0,4.0,451213.0,poseidon,condorpool,poseidon-worker-2-container-0-7,model_predict,/srv/model_predict,,3.1,0,0,,,,,,,,,
model_predict_ID0000018,None,compute,0,1677751627.0,,,1677751632.0,1677751626.0,1677751643.0,41648965.2,1677751677.0,1677751717.0,1677751652.0,1677751656.0,5796.0,1677751717.0,1677751722.0,5.0,,45.0,40.0,5.0,17.0,368620427.0,4.0,25035.0,poseidon,condorpool,poseidon-worker-2-container-40-47,model_predict,/srv/model_predict,,2.5,0,0,,,,,,,,,
stage_out_local_condorpool_0_2_pegasus-plan_ID0000020,None,transfer,0,1677751987.0,,,1677751992.0,,,0.0,1677751992.0,1677752002.0,1677751992.0,1677751996.0,1841.0,1677752002.0,1677752007.0,5.0,,0.0,10.0,5.0,,,4.0,7429.0,poseidon,local,host-10-100-100-12.openstacklocal,pegasus::transfer,/home/poseidon/pegasus-5.1.0panorama/bin/pegasus-transfer,/home/poseidon/pegasus-5.1.0panorama/bin/../bin/pegasus-kickstart  -n pegasus::transfer -N null -i - -R local  -L xgboost_hp_tuning_group_2 -T 2023-03-02T09:57:15+00:00 /home/poseidon/pegasus-5.1.0panorama/bin/../bin/pegasus-transfer  --threads 2,1.0,0,0,,,,,,,,,
register_condorpool_0_2_pegasus-plan_ID0000020,None,auxiliary,0,1677752007.0,,,1677752012.0,,,0.0,1677752012.0,1677752017.0,,,0.0,1677752017.0,1677752022.0,5.0,,0.0,5.0,5.0,,,,,poseidon,local,host-10-100-100-12.openstacklocal,pegasus::rc-client,/home/poseidon/pegasus-5.1.0panorama/bin/pegasus-rc-client,"-n pegasus::rc-client -N null -R local  -L xgboost_hp_tuning_group_2 -T 2023-03-02T09:57:15+00:00 /home/poseidon/pegasus-5.1.0panorama/bin/pegasus-rc-client --prefix pegasus.catalog.replica.output --conf /home/poseidon/workflows/predict-future-sales-workflow/submit/poseidon/pegasus/predict-future-sales/run0360/00/00/./xgboost_hp_tuning_group_2.000/pegasus.4474763801777327788.properties -v --meta /home/poseidon/workflows/predict-future-sales-workflow/submit/poseidon/pegasus/predict-future-sales/run0360/00/00/./xgboost_hp_tuning_group_2.000/00/00/xgboost_hp_tuning_ID0000017.meta,/home/poseidon/workflows/predict-future-sales-workflow/submit/poseidon/pegasus/predict-future-sales/run0360/00/00/./xgboost_hp_tuning_group_2.000/00/00/xgboost_hp_tuning_ID0000022.meta,/home/poseidon/workflows/predict-future-sales-workflow/submit/poseidon/pegasus/predict-future-sales/run0360/00/00/./xgboost_hp_tuning_group_2.000/00/00/xgboost_hp_tuning_ID0000007.meta,/home/poseidon/workflows/predict-future-sales-workflow/submit/poseidon/pegasus/predict-future-sales/run0360/00/00/./xgboost_hp_tuning_group_2.000/00/00/xgboost_hp_tuning_ID0000020.meta,/home/poseidon/workflows/predict-future-sales-workflow/submit/poseidon/pegasus/predict-future-sales/run0360/00/00/./xgboost_hp_tuning_group_2.000/00/00/xgboost_hp_tuning_ID0000001.meta,/home/poseidon/workflows/predict-future-sales-workflow/submit/poseidon/pegasus/predict-future-sales/run0360/00/00/./xgboost_hp_tuning_group_2.000/00/00/xgboost_hp_tuning_ID0000004.meta,/home/poseidon/workflows/predict-future-sales-workflow/submit/poseidon/pegasus/predict-future-sales/run0360/00/00/./xgboost_hp_tuning_group_2.000/00/00/xgboost_hp_tuning_ID0000014.meta --insert /home/poseidon/workflows/predict-future-sales-workflow/submit/poseidon/pegasus/predict-future-sales/run0360/00/00/./xgboost_hp_tuning_group_2.000/00/00/register_condorpool_0_2.in",3.0,0,0,,,,,,,,,
stage_out_local_condorpool_0_0_pegasus-plan_ID0000020,None,transfer,0,1677752007.0,,,1677752012.0,,,0.0,1677752012.0,1677752022.0,1677752013.0,1677752017.0,2097.0,1677752022.0,1677752027.0,5.0,,0.0,10.0,5.0,,,4.0,8462.0,poseidon,local,host-10-100-100-12.openstacklocal,pegasus::transfer,/home/poseidon/pegasus-5.1.0panorama/bin/pegasus-transfer,/home/poseidon/pegasus-5.1.0panorama/bin/../bin/pegasus-kickstart  -n pegasus::transfer -N null -i - -R local  -L xgboost_hp_tuning_group_2 -T 2023-03-02T09:57:15+00:00 /home/poseidon/pegasus-5.1.0panorama/bin/../bin/pegasus-transfer  --threads 2,1.1,0,0,,,,,,,,,
register_condorpool_0_0_pegasus-plan_ID0000020,None,auxiliary,0,1677752027.0,,,1677752032.0,,,0.0,1677752032.0,1677752037.0,,,0.0,1677752037.0,1677752042.0,5.0,,0.0,5.0,5.0,,,,,poseidon,local,host-10-100-100-12.openstacklocal,pegasus::rc-client,/home/poseidon/pegasus-5.1.0panorama/bin/pegasus-rc-client,"-n pegasus::rc-client -N null -R local  -L xgboost_hp_tuning_group_2 -T 2023-03-02T09:57:15+00:00 /home/poseidon/pegasus-5.1.0panorama/bin/pegasus-rc-client --prefix pegasus.catalog.replica.output --conf /home/poseidon/workflows/predict-future-sales-workflow/submit/poseidon/pegasus/predict-future-sales/run0360/00/00/./xgboost_hp_tuning_group_2.000/pegasus.4474763801777327788.properties -v --meta /home/poseidon/workflows/predict-future-sales-workflow/submit/poseidon/pegasus/predict-future-sales/run0360/00/00/./xgboost_hp_tuning_group_2.000/00/00/xgboost_hp_tuning_ID0000018.meta,/home/poseidon/workflows/predict-future-sales-workflow/submit/poseidon/pegasus/predict-future-sales/run0360/00/00/./xgboost_hp_tuning_group_2.000/00/00/xgboost_hp_tuning_ID0000002.meta,/home/poseidon/workflows/predict-future-sales-workflow/submit/poseidon/pegasus/predict-future-sales/run0360/00/00/./xgboost_hp_tuning_group_2.000/00/00/xgboost_hp_tuning_ID0000005.meta,/home/poseidon/workflows/predict-future-sales-workflow/submit/poseidon/pegasus/predict-future-sales/run0360/00/00/./xgboost_hp_tuning_group_2.000/00/00/xgboost_hp_tuning_ID0000009.meta,/home/poseidon/workflows/predict-future-sales-workflow/submit/poseidon/pegasus/predict-future-sales/run0360/00/00/./xgboost_hp_tuning_group_2.000/00/00/xgboost_hp_tuning_ID0000015.meta,/home/poseidon/workflows/predict-future-sales-workflow/submit/poseidon/pegasus/predict-future-sales/run0360/00/00/./xgboost_hp_tuning_group_2.000/00/00/xgboost_hp_tuning_ID0000012.meta,/home/poseidon/workflows/predict-future-sales-workflow/submit/poseidon/pegasus/predict-future-sales/run0360/00/00/./xgboost_hp_tuning_group_2.000/00/00/xgboost_hp_tuning_ID0000010.meta,/home/poseidon/workflows/predict-future-sales-workflow/submit/poseidon/pegasus/predict-future-sales/run0360/00/00/./xgboost_hp_tuning_group_2.000/00/00/xgboost_hp_tuning_ID0000008.meta --insert /home/poseidon/workflows/predict-future-sales-workflow/submit/poseidon/pegasus/predict-future-sales/run0360/00/00/./xgboost_hp_tuning_group_2.000/00/00/register_condorpool_0_0.in",3.0,0,0,,,,,,,,,
xgboost_best_params_ID0000024_pegasus-plan_ID0000020,cpu_4,compute,0,1677752037.0,,,1677752042.0,1677751993.0,1677752010.0,37025051.0,1677752044.0,1677752082.0,1677752017.0,1677752021.0,252.0,1677752082.0,1677752087.0,5.0,,2.0,38.0,5.0,17.0,368018666.0,4.0,1059.0,poseidon,condorpool,poseidon-worker-3-container-40-47,xgboost_best_params,/srv/xgboost_best_params,,0.0,0,0,,,,,,,,,
stage_out_local_condorpool_0_1_pegasus-plan_ID0000020,None,transfer,0,1677752037.0,,,1677752042.0,,,0.0,1677752042.0,1677752052.0,1677752043.0,1677752047.0,2109.0,1677752052.0,1677752057.0,5.0,,0.0,10.0,5.0,,,4.0,8506.0,poseidon,local,host-10-100-100-12.openstacklocal,pegasus::transfer,/home/poseidon/pegasus-5.1.0panorama/bin/pegasus-transfer,/home/poseidon/pegasus-5.1.0panorama/bin/../bin/pegasus-kickstart  -n pegasus::transfer -N null -i - -R local  -L xgboost_hp_tuning_group_2 -T 2023-03-02T09:57:15+00:00 /home/poseidon/pegasus-5.1.0panorama/bin/../bin/pegasus-transfer  --threads 2,1.1,0,0,,,,,,,,,
register_condorpool_0_1_pegasus-plan_ID0000020,None,auxiliary,0,1677752057.0,,,1677752062.0,,,0.0,1677752062.0,1677752067.0,,,0.0,1677752067.0,1677752072.0,5.0,,0.0,5.0,5.0,,,,,poseidon,local,host-10-100-100-12.openstacklocal,pegasus::rc-client,/home/poseidon/pegasus-5.1.0panorama/bin/pegasus-rc-client,"-n pegasus::rc-client -N null -R local  -L xgboost_hp_tuning_group_2 -T 2023-03-02T09:57:15+00:00 /home/poseidon/pegasus-5.1.0panorama/bin/pegasus-rc-client --prefix pegasus.catalog.replica.output --conf /home/poseidon/workflows/predict-future-sales-workflow/submit/poseidon/pegasus/predict-future-sales/run0360/00/00/./xgboost_hp_tuning_group_2.000/pegasus.4474763801777327788.properties -v --meta /home/poseidon/workflows/predict-future-sales-workflow/submit/poseidon/pegasus/predict-future-sales/run0360/00/00/./xgboost_hp_tuning_group_2.000/00/00/xgboost_hp_tuning_ID0000013.meta,/home/poseidon/workflows/predict-future-sales-workflow/submit/poseidon/pegasus/predict-future-sales/run0360/00/00/./xgboost_hp_tuning_group_2.000/00/00/xgboost_hp_tuning_ID0000023.meta,/home/poseidon/workflows/predict-future-sales-workflow/submit/poseidon/pegasus/predict-future-sales/run0360/00/00/./xgboost_hp_tuning_group_2.000/00/00/xgboost_hp_tuning_ID0000011.meta,/home/poseidon/workflows/predict-future-sales-workflow/submit/poseidon/pegasus/predict-future-sales/run0360/00/00/./xgboost_hp_tuning_group_2.000/00/00/xgboost_hp_tuning_ID0000006.meta,/home/poseidon/workflows/predict-future-sales-workflow/submit/poseidon/pegasus/predict-future-sales/run0360/00/00/./xgboost_hp_tuning_group_2.000/00/00/xgboost_hp_tuning_ID0000003.meta,/home/poseidon/workflows/predict-future-sales-workflow/submit/poseidon/pegasus/predict-future-sales/run0360/00/00/./xgboost_hp_tuning_group_2.000/00/00/xgboost_hp_tuning_ID0000021.meta,/home/poseidon/workflows/predict-future-sales-workflow/submit/poseidon/pegasus/predict-future-sales/run0360/00/00/./xgboost_hp_tuning_group_2.000/00/00/xgboost_hp_tuning_ID0000019.meta,/home/poseidon/workflows/predict-future-sales-workflow/submit/poseidon/pegasus/predict-future-sales/run0360/00/00/./xgboost_hp_tuning_group_2.000/00/00/xgboost_hp_tuning_ID0000016.meta --insert /home/poseidon/workflows/predict-future-sales-workflow/submit/poseidon/pegasus/predict-future-sales/run0360/00/00/./xgboost_hp_tuning_group_2.000/00/00/register_condorpool_0_1.in",3.0,0,0,,,,,,,,,
stage_out_local_condorpool_1_0_pegasus-plan_ID0000020,None,transfer,0,1677752087.0,,,1677752092.0,,,0.0,1677752092.0,1677752102.0,1677752092.0,1677752097.0,1248.0,1677752102.0,1677752107.0,5.0,,0.0,10.0,5.0,,,5.0,5295.0,poseidon,local,host-10-100-100-12.openstacklocal,pegasus::transfer,/home/poseidon/pegasus-5.1.0panorama/bin/pegasus-transfer,/home/poseidon/pegasus-5.1.0panorama/bin/../bin/pegasus-kickstart  -n pegasus::transfer -N null -i - -R local  -L xgboost_hp_tuning_group_2 -T 2023-03-02T09:57:15+00:00 /home/poseidon/pegasus-5.1.0panorama/bin/../bin/pegasus-transfer  --threads 2,0.7,0,0,,,,,,,,,
register_condorpool_1_0_pegasus-plan_ID0000020,None,auxiliary,0,1677752107.0,,,1677752112.0,,,0.0,1677752112.0,1677752117.0,,,0.0,1677752117.0,1677752122.0,5.0,,0.0,5.0,5.0,,,,,poseidon,local,host-10-100-100-12.openstacklocal,pegasus::rc-client,/home/poseidon/pegasus-5.1.0panorama/bin/pegasus-rc-client,-n pegasus::rc-client -N null -R local  -L xgboost_hp_tuning_group_2 -T 2023-03-02T09:57:15+00:00 /home/poseidon/pegasus-5.1.0panorama/bin/pegasus-rc-client --prefix pegasus.catalog.replica.output --conf /home/poseidon/workflows/predict-future-sales-workflow/submit/poseidon/pegasus/predict-future-sales/run0360/00/00/./xgboost_hp_tuning_group_2.000/pegasus.4474763801777327788.properties -v --meta /home/poseidon/workflows/predict-future-sales-workflow/submit/poseidon/pegasus/predict-future-sales/run0360/00/00/./xgboost_hp_tuning_group_2.000/00/00/xgboost_best_params_ID0000024.meta --insert /home/poseidon/workflows/predict-future-sales-workflow/submit/poseidon/pegasus/predict-future-sales/run0360/00/00/./xgboost_hp_tuning_group_2.000/00/00/register_condorpool_1_0.in,3.0,0,0,,,,,,,,,
xgboost_model_ID0000021,None,compute,0,1677752122.0,,,1677752127.0,1677752083.0,1677752115.0,68906664.7,1677752133.0,1677752297.0,1677752232.0,1677752236.0,1320338.0,1677752297.0,1677752302.0,5.0,,6.0,164.0,5.0,32.0,1691152080.0,4.0,6031627.0,poseidon,condorpool,poseidon-worker-2-container-40-47,xgboost_model,/srv/xgboost_model,,640.1,0,0,0.1,1348831055.0,24449.0,5328.0,8.0,575.0,16.3,13488310.5,2444.9
stage_out_local_local_5_0,None,transfer,0,1677752122.0,,,1677752127.0,,,0.0,1677752128.0,1677752137.0,1677752128.0,1677752132.0,798.0,1677752137.0,1677752142.0,5.0,,1.0,9.0,5.0,,,4.0,3224.0,poseidon,local,host-10-100-100-12.openstacklocal,pegasus::transfer,/home/poseidon/pegasus-5.1.0panorama/bin/pegasus-transfer,pegasus-kickstart  -n pegasus::transfer -N null -i - -R local  -L predict-future-sales -T 2023-02-17T19:59:06+00:00 pegasus-transfer  --threads 2,0.3,0,0,,,,,,,,,
cleanup_predict-future-sales_0_local,None,auxiliary,0,1677752142.0,,,1677752147.0,,,0.0,1677752147.0,1677752157.0,,,0.0,1677752157.0,1677752162.0,5.0,,0.0,10.0,5.0,,,,,poseidon,local,host-10-100-100-12.openstacklocal,pegasus::cleanup,/home/poseidon/pegasus-5.1.0panorama/bin/pegasus-transfer,pegasus-kickstart  -n pegasus::cleanup -N null -i - -R local  -L predict-future-sales -T 2023-02-17T19:59:06+00:00 pegasus-transfer,0.3,0,0,,,,,,,,,
stage_out_local_condorpool_6_0,None,transfer,0,1677752302.0,,,1677752307.0,,,0.0,1677752307.0,1677752317.0,1677752308.0,1677752312.0,2076197.0,1677752317.0,1677752322.0,5.0,,0.0,10.0,5.0,,,4.0,8369538.0,poseidon,local,host-10-100-100-12.openstacklocal,pegasus::transfer,/home/poseidon/pegasus-5.1.0panorama/bin/pegasus-transfer,pegasus-kickstart  -n pegasus::transfer -N null -i - -R local  -L predict-future-sales -T 2023-02-17T19:59:06+00:00 pegasus-transfer  --threads 2,0.9,0,0,,,,,,,,,
model_predict_ID0000022,None,compute,0,1677752302.0,,,1677752307.0,1677752258.0,1677752276.0,40376360.3,1677752309.0,1677752352.0,1677752284.0,1677752289.0,1233795.0,1677752352.0,1677752357.0,5.0,,2.0,43.0,5.0,18.0,401036194.0,5.0,5523764.0,poseidon,condorpool,poseidon-worker-2-container-40-47,model_predict,/srv/model_predict,,3.6,0,0,,,,,,,,,
stage_out_local_condorpool_7_0,None,transfer,0,1677752357.0,,,1677752362.0,,,0.0,1677752362.0,1677752372.0,1677752362.0,1677752366.0,1488578.0,1677752372.0,1677752377.0,5.0,,0.0,10.0,5.0,,,4.0,6000012.0,poseidon,local,host-10-100-100-12.openstacklocal,pegasus::transfer,/home/poseidon/pegasus-5.1.0panorama/bin/pegasus-transfer,pegasus-kickstart  -n pegasus::transfer -N null -i - -R local  -L predict-future-sales -T 2023-02-17T19:59:06+00:00 pegasus-transfer  --threads 2,0.6,0,0,,,,,,,,,
predict_merge_ID0000023,None,compute,0,1677752357.0,,,1677752362.0,1677752313.0,1677752332.0,37890479.3,1677752363.0,1677752402.0,1677752339.0,1677752343.0,838255.0,1677752402.0,1677752407.0,5.0,,1.0,39.0,5.0,19.0,377176763.0,4.0,3762915.0,poseidon,condorpool,poseidon-worker-2-container-40-47,predict_merge,/srv/predict_merge,,1.3,0,0,,,,,,,,,
stage_out_local_condorpool_8_0,None,transfer,0,1677752407.0,,,1677752412.0,,,0.0,1677752412.0,1677752422.0,1677752413.0,1677752415.0,1739539.0,1677752422.0,1677752427.0,5.0,,0.0,10.0,5.0,,,2.0,3762915.0,poseidon,local,host-10-100-100-12.openstacklocal,pegasus::transfer,/home/poseidon/pegasus-5.1.0panorama/bin/pegasus-transfer,pegasus-kickstart  -n pegasus::transfer -N null -i - -R local  -L predict-future-sales -T 2023-02-17T19:59:06+00:00 pegasus-transfer  --threads 2,0.4,0,0,,,,,,,,,
cleanup_predict-future-sales_0_condorpool,None,auxiliary,0,1677752427.0,,,1677752432.0,,,0.0,1677752433.0,1677752442.0,,,0.0,1677752442.0,1677752447.0,5.0,,1.0,9.0,5.0,,,,,poseidon,local,host-10-100-100-12.openstacklocal,pegasus::cleanup,/home/poseidon/pegasus-5.1.0panorama/bin/pegasus-transfer,pegasus-kickstart  -n pegasus::cleanup -N null -i - -R local  -L predict-future-sales -T 2023-02-17T19:59:06+00:00 pegasus-transfer,0.3,0,0,,,,,,,,,
