,anomaly_type,type,is_clustered,ready,pre_script_start,pre_script_end,submit,stage_in_start,stage_in_end,stage_in_effective_bytes_per_sec,execute_start,execute_end,stage_out_start,stage_out_end,stage_out_effective_bytes_per_sec,post_script_start,post_script_end,wms_delay,pre_script_delay,queue_delay,runtime,post_script_delay,stage_in_delay,stage_in_bytes,stage_out_delay,stage_out_bytes,kickstart_user,kickstart_site,kickstart_hostname,kickstart_transformations,kickstart_executables,kickstart_executables_argv,kickstart_executables_cpu_time,kickstart_status,kickstart_executables_exitcode,kickstart_online_iowait,kickstart_online_bytes_read,kickstart_online_bytes_written,kickstart_online_read_system_calls,kickstart_online_write_system_calls,kickstart_online_utime,kickstart_online_stime,kickstart_online_bytes_read_per_second,kickstart_online_bytes_written_per_second
create_dir_predict-future-sales_0_local,None,auxiliary,0,1676676456.0,,,1676676457.0,,,0.0,1676676461.0,1676676467.0,,,0.0,1676676467.0,1676676472.0,1.0,,4.0,6.0,5.0,,,,,poseidon,local,host-10-100-100-12.openstacklocal,pegasus::dirmanager,/home/poseidon/pegasus-5.1.0panorama/bin/pegasus-transfer,pegasus-kickstart  -n pegasus::dirmanager -N null -i - -R local  -L predict-future-sales -T 2023-02-17T19:59:06+00:00 pegasus-transfer,0.3,0,0,,,,,,,,,
create_dir_predict-future-sales_0_condorpool,None,auxiliary,0,1676676456.0,,,1676676457.0,,,0.0,1676676461.0,1676676467.0,,,0.0,1676676467.0,1676676472.0,1.0,,4.0,6.0,5.0,,,,,poseidon,local,host-10-100-100-12.openstacklocal,pegasus::dirmanager,/home/poseidon/pegasus-5.1.0panorama/bin/pegasus-transfer,pegasus-kickstart  -n pegasus::dirmanager -N null -i - -R local  -L predict-future-sales -T 2023-02-17T19:59:06+00:00 pegasus-transfer,0.3,0,0,,,,,,,,,
stage_in_local_condorpool_6_0,None,transfer,0,1676676472.0,,,1676676477.0,1676676478.0,1676676481.0,2309.0,1676676477.0,1676676487.0,,,0.0,1676676487.0,1676676492.0,5.0,,0.0,10.0,5.0,3.0,7870.0,,,poseidon,local,host-10-100-100-12.openstacklocal,pegasus::transfer,/home/poseidon/pegasus-5.1.0panorama/bin/pegasus-transfer,pegasus-kickstart  -n pegasus::transfer -N null -i - -R local  -L predict-future-sales -T 2023-02-17T19:59:06+00:00 pegasus-transfer  --threads 2,0.4,0,0,,,,,,,,,
stage_in_local_condorpool_0_0,None,transfer,0,1676676472.0,,,1676676477.0,1676676478.0,1676676492.0,64637011.0,1676676477.0,1676676497.0,,,0.0,1676676497.0,1676676502.0,5.0,,0.0,20.0,5.0,14.0,936801734.0,,,poseidon,local,host-10-100-100-12.openstacklocal,pegasus::transfer,/home/poseidon/pegasus-5.1.0panorama/bin/pegasus-transfer,pegasus-kickstart  -n pegasus::transfer -N null -i - -R local  -L predict-future-sales -T 2023-02-17T19:59:06+00:00 pegasus-transfer  --threads 2,5.7,0,0,,,,,,,,,
stage_in_local_condorpool_1_0,None,transfer,0,1676676472.0,,,1676676477.0,1676676478.0,1676676482.0,3699.0,1676676477.0,1676676492.0,,,0.0,1676676492.0,1676676497.0,5.0,,0.0,15.0,5.0,4.0,15640.0,,,poseidon,local,host-10-100-100-12.openstacklocal,pegasus::transfer,/home/poseidon/pegasus-5.1.0panorama/bin/pegasus-transfer,pegasus-kickstart  -n pegasus::transfer -N null -i - -R local  -L predict-future-sales -T 2023-02-17T19:59:06+00:00 pegasus-transfer  --threads 2,0.6,0,0,,,,,,,,,
stage_in_local_condorpool_7_0,None,transfer,0,1676676472.0,,,1676676477.0,1676676478.0,1676676481.0,1013.0,1676676477.0,1676676487.0,,,0.0,1676676487.0,1676676492.0,5.0,,0.0,10.0,5.0,3.0,3488.0,,,poseidon,local,host-10-100-100-12.openstacklocal,pegasus::transfer,/home/poseidon/pegasus-5.1.0panorama/bin/pegasus-transfer,pegasus-kickstart  -n pegasus::transfer -N null -i - -R local  -L predict-future-sales -T 2023-02-17T19:59:06+00:00 pegasus-transfer  --threads 2,0.4,0,0,,,,,,,,,
stage_in_local_condorpool_3_0,None,transfer,0,1676676472.0,,,1676676477.0,1676676477.0,1676676482.0,2981.0,1676676477.0,1676676487.0,,,0.0,1676676487.0,1676676492.0,5.0,,0.0,10.0,5.0,5.0,12704.0,,,poseidon,local,host-10-100-100-12.openstacklocal,pegasus::transfer,/home/poseidon/pegasus-5.1.0panorama/bin/pegasus-transfer,pegasus-kickstart  -n pegasus::transfer -N null -i - -R local  -L predict-future-sales -T 2023-02-17T19:59:06+00:00 pegasus-transfer  --threads 2,0.6,0,0,,,,,,,,,
stage_in_local_condorpool_8_0,None,transfer,0,1676676472.0,,,1676676477.0,1676676477.0,1676676481.0,689.0,1676676477.0,1676676487.0,,,0.0,1676676487.0,1676676492.0,5.0,,0.0,10.0,5.0,4.0,2368.0,,,poseidon,local,host-10-100-100-12.openstacklocal,pegasus::transfer,/home/poseidon/pegasus-5.1.0panorama/bin/pegasus-transfer,pegasus-kickstart  -n pegasus::transfer -N null -i - -R local  -L predict-future-sales -T 2023-02-17T19:59:06+00:00 pegasus-transfer  --threads 2,0.4,0,0,,,,,,,,,
stage_in_local_local_4_0,None,transfer,0,1676676472.0,,,1676676477.0,1676676478.0,1676676480.0,5904.0,1676676477.0,1676676487.0,,,0.0,1676676487.0,1676676492.0,5.0,,0.0,10.0,5.0,2.0,12577.0,,,poseidon,local,host-10-100-100-12.openstacklocal,pegasus::transfer,/home/poseidon/pegasus-5.1.0panorama/bin/pegasus-transfer,pegasus-kickstart  -n pegasus::transfer -N null -i - -R local  -L predict-future-sales -T 2023-02-17T19:59:06+00:00 pegasus-transfer  --threads 2,0.4,0,0,,,,,,,,,
stage_in_local_condorpool_2_0,None,transfer,0,1676676472.0,,,1676676477.0,1676676477.0,1676676483.0,9808.0,1676676477.0,1676676492.0,,,0.0,1676676492.0,1676676497.0,5.0,,0.0,15.0,5.0,6.0,55480.0,,,poseidon,local,host-10-100-100-12.openstacklocal,pegasus::transfer,/home/poseidon/pegasus-5.1.0panorama/bin/pegasus-transfer,pegasus-kickstart  -n pegasus::transfer -N null -i - -R local  -L predict-future-sales -T 2023-02-17T19:59:06+00:00 pegasus-transfer  --threads 2,1.0,0,0,,,,,,,,,
preprocess_ID0000003,None,compute,0,1676676502.0,,,1676676507.0,1676676483.0,1676676502.0,42501455.8,1676676517.0,1676676567.0,1676676513.0,1676676524.0,15203539.0,1676676567.0,1676676572.0,5.0,,10.0,50.0,5.0,19.0,467356066.0,11.0,160257914.0,poseidon,condorpool,poseidon-worker-1-container-40-47,preprocess,/srv/preprocess,,4.3,0,0,,,,,,,,,
nlp_ID0000002,None,compute,0,1676676502.0,,,1676676507.0,1676676483.0,1676676501.0,41721532.0,1676676517.0,1676676757.0,1676676706.0,1676676711.0,586589.0,1676676757.0,1676676762.0,5.0,,10.0,240.0,5.0,18.0,369033604.0,5.0,2755872.0,poseidon,condorpool,poseidon-worker-2-container-24-31,nlp,/srv/nlp,,1223.2,0,0,0.1,21385596.0,8791.0,3001.0,5.0,1166.3,2.6,112555.8,879.1
eda_ID0000001,None,compute,0,1676676502.0,,,1676676507.0,1676676483.0,1676676501.0,45168823.0,1676676517.0,1676676592.0,1676676543.0,1676676547.0,269560.0,1676676592.0,1676676597.0,5.0,,10.0,75.0,5.0,18.0,464177772.0,4.0,1195672.0,poseidon,condorpool,poseidon-worker-1-container-0-7,eda,/srv/eda,,35.1,0,0,0.1,144679323.0,783330.0,27314.0,38.0,28.1,1.8,4822644.1,26111.0
feature_eng_0_ID0000004,None,compute,0,1676676572.0,,,1676676577.0,1676676544.0,1676676562.0,41832254.0,1676676579.0,1676676622.0,1676676573.0,1676676578.0,197828.0,1676676622.0,1676676627.0,5.0,,2.0,43.0,5.0,18.0,369949088.0,5.0,893320.0,poseidon,condorpool,poseidon-worker-1-container-40-47,feature_eng_0,/srv/feature_eng_0,,4.8,0,0,,,,,,,,,
feature_eng_1_ID0000005,None,compute,0,1676676572.0,,,1676676577.0,1676676556.0,1676676576.0,46111535.8,1676676591.0,1676676657.0,1676676600.0,1676676614.0,27622007.0,1676676657.0,1676676662.0,5.0,,14.0,66.0,5.0,20.0,528250191.0,14.0,393324463.0,poseidon,condorpool,poseidon-worker-1-container-0-7,feature_eng_1,/srv/feature_eng_1,,15.9,0,0,0.0,169610162.0,8.0,1723.0,1.0,7.9,2.0,16961016.2,0.8
feature_eng_4_ID0000008,None,compute,0,1676676662.0,,,1676676667.0,1676676643.0,1676676666.0,55433403.8,1676676677.0,1676676802.0,1676676730.0,1676676757.0,43543038.0,1676676802.0,1676676807.0,5.0,,10.0,125.0,5.0,23.0,761328752.0,27.0,1201824259.0,poseidon,condorpool,poseidon-worker-1-container-40-47,feature_eng_4,/srv/feature_eng_4,,51.7,0,0,0.0,402741044.0,8.0,1403.0,1.0,37.4,12.5,8054820.9,0.8
feature_eng_3_ID0000007,None,compute,0,1676676662.0,,,1676676667.0,1676676634.0,1676676658.0,54187720.3,1676676668.0,1676676852.0,1676676778.0,1676676805.0,42993958.0,1676676852.0,1676676857.0,5.0,,1.0,184.0,5.0,24.0,762217561.0,27.0,1179971921.0,poseidon,condorpool,poseidon-worker-1-container-40-47,feature_eng_3,/srv/feature_eng_3,,107.9,0,0,0.0,403651528.0,8.0,1492.0,1.0,68.2,31.8,4036515.3,0.8
feature_eng_2_ID0000006,None,compute,0,1676676662.0,,,1676676667.0,1676676643.0,1676676664.0,55728153.3,1676676677.0,1676677037.0,1676676955.0,1676676992.0,47491983.0,1676677037.0,1676677042.0,5.0,,10.0,360.0,5.0,21.0,761320658.0,37.0,1748107178.0,poseidon,condorpool,poseidon-worker-1-container-0-7,feature_eng_2,/srv/feature_eng_2,,276.4,0,0,0.0,402812187.0,8.0,1729.0,1.0,205.5,64.5,1491897.0,0.8
feature_eng_5_ID0000009,None,compute,0,1676676662.0,,,1676676667.0,1676676634.0,1676676658.0,55400982.3,1676676668.0,1676676957.0,1676676893.0,1676676911.0,35193108.0,1676676957.0,1676676962.0,5.0,,1.0,289.0,5.0,24.0,856820455.0,18.0,655540227.0,poseidon,condorpool,poseidon-worker-1-container-0-7,feature_eng_5,/srv/feature_eng_5,,223.9,0,0,0.0,498290775.0,8.0,2017.0,1.0,199.1,20.9,2264958.1,0.8
stage_out_local_condorpool_1_0,None,transfer,0,1676676662.0,,,1676676667.0,,,0.0,1676676667.0,1676676677.0,1676676667.0,1676676671.0,91256071.0,1676676677.0,1676676682.0,5.0,,0.0,10.0,5.0,,,4.0,394217783.0,poseidon,local,host-10-100-100-12.openstacklocal,pegasus::transfer,/home/poseidon/pegasus-5.1.0panorama/bin/pegasus-transfer,pegasus-kickstart  -n pegasus::transfer -N null -i - -R local  -L predict-future-sales -T 2023-02-17T19:59:06+00:00 pegasus-transfer  --threads 2,2.2,0,0,,,,,,,,,
register_condorpool_1_0,None,auxiliary,0,1676676682.0,,,1676676687.0,,,0.0,1676676687.0,1676676692.0,,,0.0,1676676692.0,1676676697.0,5.0,,0.0,5.0,5.0,,,,,poseidon,local,host-10-100-100-12.openstacklocal,pegasus::rc-client,/home/poseidon/pegasus-5.1.0panorama/bin/pegasus-rc-client,"pegasus-kickstart  -n pegasus::rc-client -N null -R local  -L predict-future-sales -T 2023-02-17T19:59:06+00:00 /home/poseidon/pegasus-5.1.0panorama/bin/pegasus-rc-client --prefix pegasus.catalog.replica.output --conf /home/poseidon/workflows/predict-future-sales-workflow/submit/poseidon/pegasus/predict-future-sales/run0006/pegasus.10547613328774939296.properties -v --meta /home/poseidon/workflows/predict-future-sales-workflow/submit/poseidon/pegasus/predict-future-sales/run0006/00/00/feature_eng_1_ID0000005.meta,/home/poseidon/workflows/predict-future-sales-workflow/submit/poseidon/pegasus/predict-future-sales/run0006/00/00/feature_eng_0_ID0000004.meta --insert /home/poseidon/workflows/predict-future-sales-workflow/submit/poseidon/pegasus/predict-future-sales/run0006/00/00/register_condorpool_1_0.in",3.0,0,0,,,,,,,,,
stage_out_local_condorpool_0_0,None,transfer,0,1676676762.0,,,1676676767.0,,,0.0,1676676768.0,1676676777.0,1676676768.0,1676676772.0,40739610.0,1676676777.0,1676676782.0,5.0,,1.0,9.0,5.0,,,4.0,164209458.0,poseidon,local,host-10-100-100-12.openstacklocal,pegasus::transfer,/home/poseidon/pegasus-5.1.0panorama/bin/pegasus-transfer,pegasus-kickstart  -n pegasus::transfer -N null -i - -R local  -L predict-future-sales -T 2023-02-17T19:59:06+00:00 pegasus-transfer  --threads 2,2.0,0,0,,,,,,,,,
register_condorpool_0_0,None,auxiliary,0,1676676782.0,,,1676676787.0,,,0.0,1676676787.0,1676676792.0,,,0.0,1676676792.0,1676676797.0,5.0,,0.0,5.0,5.0,,,,,poseidon,local,host-10-100-100-12.openstacklocal,pegasus::rc-client,/home/poseidon/pegasus-5.1.0panorama/bin/pegasus-rc-client,"pegasus-kickstart  -n pegasus::rc-client -N null -R local  -L predict-future-sales -T 2023-02-17T19:59:06+00:00 /home/poseidon/pegasus-5.1.0panorama/bin/pegasus-rc-client --prefix pegasus.catalog.replica.output --conf /home/poseidon/workflows/predict-future-sales-workflow/submit/poseidon/pegasus/predict-future-sales/run0006/pegasus.10547613328774939296.properties -v --meta /home/poseidon/workflows/predict-future-sales-workflow/submit/poseidon/pegasus/predict-future-sales/run0006/00/00/nlp_ID0000002.meta,/home/poseidon/workflows/predict-future-sales-workflow/submit/poseidon/pegasus/predict-future-sales/run0006/00/00/eda_ID0000001.meta,/home/poseidon/workflows/predict-future-sales-workflow/submit/poseidon/pegasus/predict-future-sales/run0006/00/00/preprocess_ID0000003.meta --insert /home/poseidon/workflows/predict-future-sales-workflow/submit/poseidon/pegasus/predict-future-sales/run0006/00/00/register_condorpool_0_0.in",3.0,0,0,,,,,,,,,
stage_out_local_condorpool_2_0,None,transfer,0,1676677042.0,,,1676677047.0,,,0.0,1676677047.0,1676677072.0,1676677047.0,1676677067.0,246310088.0,1676677072.0,1676677077.0,5.0,,0.0,25.0,5.0,,,20.0,4785443585.0,poseidon,local,host-10-100-100-12.openstacklocal,pegasus::transfer,/home/poseidon/pegasus-5.1.0panorama/bin/pegasus-transfer,pegasus-kickstart  -n pegasus::transfer -N null -i - -R local  -L predict-future-sales -T 2023-02-17T19:59:06+00:00 pegasus-transfer  --threads 2,21.2,0,0,,,,,,,,,
feature_merge_ID0000010,None,compute,0,1676677042.0,,,1676677047.0,1676677014.0,1676677088.0,78066949.7,1676677048.0,1676677298.0,1676677177.0,1676677250.0,40669870.0,1676677298.0,1676677303.0,5.0,,1.0,250.0,5.0,74.0,5155397110.0,73.0,2993643458.0,poseidon,condorpool,poseidon-worker-1-container-0-7,feature_merge,/srv/feature_merge,,59.7,0,0,0.0,4796856932.0,8.0,1437.0,1.0,33.3,16.7,95937138.6,0.8
register_condorpool_2_0,None,auxiliary,0,1676677077.0,,,1676677082.0,,,0.0,1676677082.0,1676677087.0,,,0.0,1676677087.0,1676677092.0,5.0,,0.0,5.0,5.0,,,,,poseidon,local,host-10-100-100-12.openstacklocal,pegasus::rc-client,/home/poseidon/pegasus-5.1.0panorama/bin/pegasus-rc-client,"pegasus-kickstart  -n pegasus::rc-client -N null -R local  -L predict-future-sales -T 2023-02-17T19:59:06+00:00 /home/poseidon/pegasus-5.1.0panorama/bin/pegasus-rc-client --prefix pegasus.catalog.replica.output --conf /home/poseidon/workflows/predict-future-sales-workflow/submit/poseidon/pegasus/predict-future-sales/run0006/pegasus.10547613328774939296.properties -v --meta /home/poseidon/workflows/predict-future-sales-workflow/submit/poseidon/pegasus/predict-future-sales/run0006/00/00/feature_eng_5_ID0000009.meta,/home/poseidon/workflows/predict-future-sales-workflow/submit/poseidon/pegasus/predict-future-sales/run0006/00/00/feature_eng_2_ID0000006.meta,/home/poseidon/workflows/predict-future-sales-workflow/submit/poseidon/pegasus/predict-future-sales/run0006/00/00/feature_eng_3_ID0000007.meta,/home/poseidon/workflows/predict-future-sales-workflow/submit/poseidon/pegasus/predict-future-sales/run0006/00/00/feature_eng_4_ID0000008.meta --insert /home/poseidon/workflows/predict-future-sales-workflow/submit/poseidon/pegasus/predict-future-sales/run0006/00/00/register_condorpool_2_0.in",3.0,0,0,,,,,,,,,
stage_inter_local_xgboost_model_ID0000021_0,None,transfer,0,1676677303.0,,,1676677308.0,1676677308.0,1676677351.0,61315710.0,1676677308.0,1676677359.0,,,0.0,1676677359.0,1676677364.0,5.0,,0.0,51.0,5.0,43.0,2646308508.0,,,poseidon,local,host-10-100-100-12.openstacklocal,pegasus::transfer,/home/poseidon/pegasus-5.1.0panorama/bin/pegasus-transfer,pegasus-kickstart  -n pegasus::transfer -N null -i - -R local  -L predict-future-sales -T 2023-02-17T19:59:06+00:00 pegasus-transfer  --threads 2,9.4,0,0,,,,,,,,,
stage_inter_local_xgboost_hp_tuning_workflow_ID0000015_0,None,transfer,0,1676677303.0,,,1676677308.0,1676677308.0,1676677310.0,401.0,1676677308.0,1676677318.0,,,0.0,1676677318.0,1676677323.0,5.0,,0.0,10.0,5.0,2.0,826.0,,,poseidon,local,host-10-100-100-12.openstacklocal,pegasus::transfer,/home/poseidon/pegasus-5.1.0panorama/bin/pegasus-transfer,pegasus-kickstart  -n pegasus::transfer -N null -i - -R local  -L predict-future-sales -T 2023-02-17T19:59:06+00:00 pegasus-transfer  --threads 2,0.3,0,0,,,,,,,,,
stage_inter_local_model_predict_ID0000022_0,None,transfer,0,1676677303.0,,,1676677308.0,1676677308.0,1676677312.0,14493935.0,1676677308.0,1676677318.0,,,0.0,1676677318.0,1676677323.0,5.0,,0.0,10.0,5.0,4.0,54050130.0,,,poseidon,local,host-10-100-100-12.openstacklocal,pegasus::transfer,/home/poseidon/pegasus-5.1.0panorama/bin/pegasus-transfer,pegasus-kickstart  -n pegasus::transfer -N null -i - -R local  -L predict-future-sales -T 2023-02-17T19:59:06+00:00 pegasus-transfer  --threads 2,0.6,0,0,,,,,,,,,
stage_out_local_condorpool_3_0,None,transfer,0,1676677303.0,,,1676677308.0,,,0.0,1676677308.0,1676677339.0,1676677308.0,1676677332.0,124362310.0,1676677339.0,1676677344.0,5.0,,0.0,31.0,5.0,,,24.0,2993643458.0,poseidon,local,host-10-100-100-12.openstacklocal,pegasus::transfer,/home/poseidon/pegasus-5.1.0panorama/bin/pegasus-transfer,pegasus-kickstart  -n pegasus::transfer -N null -i - -R local  -L predict-future-sales -T 2023-02-17T19:59:06+00:00 pegasus-transfer  --threads 2,14.5,0,0,,,,,,,,,
stage_inter_local_xgboost_model_ID0000013_0,None,transfer,0,1676677303.0,,,1676677308.0,1676677308.0,1676677316.0,35292595.0,1676677308.0,1676677323.0,,,0.0,1676677323.0,1676677329.0,5.0,,0.0,15.0,6.0,8.0,269346726.0,,,poseidon,local,host-10-100-100-12.openstacklocal,pegasus::transfer,/home/poseidon/pegasus-5.1.0panorama/bin/pegasus-transfer,pegasus-kickstart  -n pegasus::transfer -N null -i - -R local  -L predict-future-sales -T 2023-02-17T19:59:06+00:00 pegasus-transfer  --threads 2,1.3,0,0,,,,,,,,,
stage_inter_local_model_predict_ID0000014_0,None,transfer,0,1676677303.0,,,1676677308.0,1676677308.0,1676677312.0,1233614.0,1676677308.0,1676677318.0,,,0.0,1676677318.0,1676677323.0,5.0,,0.0,10.0,5.0,4.0,4411696.0,,,poseidon,local,host-10-100-100-12.openstacklocal,pegasus::transfer,/home/poseidon/pegasus-5.1.0panorama/bin/pegasus-transfer,pegasus-kickstart  -n pegasus::transfer -N null -i - -R local  -L predict-future-sales -T 2023-02-17T19:59:06+00:00 pegasus-transfer  --threads 2,0.4,0,0,,,,,,,,,
xgboost_hp_tuning_workflow_ID0000015,None,compute,0,1676677323.0,,,1676677328.0,,,0.0,1676677329.0,1676677354.0,,,0.0,1676677354.0,1676677359.0,5.0,,1.0,25.0,5.0,,,,,poseidon,local,poseidon-submit.novalocal,xgboost_hp_tuning_workflow,/var/spool/condor/local_univ_execute/dir_2124567/xgboost_hp_tuning_workflow,/home/poseidon/workflows/predict-future-sales-workflow/submit/poseidon/pegasus/predict-future-sales/run0006/00/00/xgboost_hp_tuning_workflow_ID0000015.sh,0.1,0,0,,,,,,,,,
xgboost_hp_tuning_workflow_ID0000011,None,compute,0,1676677323.0,,,1676677329.0,,,0.0,1676677329.0,1676677354.0,,,0.0,1676677354.0,1676677359.0,6.0,,0.0,25.0,5.0,,,,,poseidon,local,poseidon-submit.novalocal,xgboost_hp_tuning_workflow,/var/spool/condor/local_univ_execute/dir_2124568/xgboost_hp_tuning_workflow,/home/poseidon/workflows/predict-future-sales-workflow/submit/poseidon/pegasus/predict-future-sales/run0006/00/00/xgboost_hp_tuning_workflow_ID0000011.sh,0.1,0,0,,,,,,,,,
xgboost_hp_tuning_workflow_ID0000019,None,compute,0,1676677323.0,,,1676677329.0,,,0.0,1676677329.0,1676677354.0,,,0.0,1676677354.0,1676677359.0,6.0,,0.0,25.0,5.0,,,,,poseidon,local,poseidon-submit.novalocal,xgboost_hp_tuning_workflow,/var/spool/condor/local_univ_execute/dir_2124578/xgboost_hp_tuning_workflow,/home/poseidon/workflows/predict-future-sales-workflow/submit/poseidon/pegasus/predict-future-sales/run0006/00/00/xgboost_hp_tuning_workflow_ID0000019.sh,0.1,0,0,,,,,,,,,
register_condorpool_3_0,None,auxiliary,0,1676677344.0,,,1676677349.0,,,0.0,1676677349.0,1676677354.0,,,0.0,1676677354.0,1676677359.0,5.0,,0.0,5.0,5.0,,,,,poseidon,local,host-10-100-100-12.openstacklocal,pegasus::rc-client,/home/poseidon/pegasus-5.1.0panorama/bin/pegasus-rc-client,pegasus-kickstart  -n pegasus::rc-client -N null -R local  -L predict-future-sales -T 2023-02-17T19:59:06+00:00 /home/poseidon/pegasus-5.1.0panorama/bin/pegasus-rc-client --prefix pegasus.catalog.replica.output --conf /home/poseidon/workflows/predict-future-sales-workflow/submit/poseidon/pegasus/predict-future-sales/run0006/pegasus.10547613328774939296.properties -v --meta /home/poseidon/workflows/predict-future-sales-workflow/submit/poseidon/pegasus/predict-future-sales/run0006/00/00/feature_merge_ID0000010.meta --insert /home/poseidon/workflows/predict-future-sales-workflow/submit/poseidon/pegasus/predict-future-sales/run0006/00/00/register_condorpool_3_0.in,3.0,0,0,,,,,,,,,
pegasus-plan_ID0000016,None,subwf,0,1676677359.0,1676677359.0,1676677364.0,1676677369.0,,,0.0,1676677371.0,1676677694.0,,,0.0,,,0.0,5.0,2.0,323.0,,,,,,poseidon,local,poseidon-submit,condor::dagman,/usr/bin/condor_dagman,-p 0  -f -l . -Notification never -Debug 3 -Lockfile xgboost_hp_tuning_group_1.dag.lock -Dag xgboost_hp_tuning_group_1.dag -AllowVersionMismatch  -AutoRescue 1 -DoRescueFrom 0,0.0,0,0,,,,,,,,,
pegasus-plan_ID0000012,None,subwf,0,1676677359.0,1676677359.0,1676677364.0,1676677369.0,,,0.0,1676677371.0,1676677659.0,,,0.0,,,0.0,5.0,2.0,288.0,,,,,,poseidon,local,poseidon-submit,condor::dagman,/usr/bin/condor_dagman,-p 0  -f -l . -Notification never -Debug 3 -Lockfile xgboost_hp_tuning_group_0.dag.lock -Dag xgboost_hp_tuning_group_0.dag -AllowVersionMismatch  -AutoRescue 1 -DoRescueFrom 0,0.0,0,0,,,,,,,,,
stage_out_local_local_4_0,None,transfer,0,1676677359.0,,,1676677364.0,,,0.0,1676677364.0,1676677374.0,1676677365.0,1676677369.0,21090.0,1676677374.0,1676677379.0,5.0,,0.0,10.0,5.0,,,4.0,85038.0,poseidon,local,host-10-100-100-12.openstacklocal,pegasus::transfer,/home/poseidon/pegasus-5.1.0panorama/bin/pegasus-transfer,pegasus-kickstart  -n pegasus::transfer -N null -i - -R local  -L predict-future-sales -T 2023-02-17T19:59:06+00:00 pegasus-transfer  --threads 2,0.5,0,0,,,,,,,,,
pegasus-plan_ID0000020,None,subwf,0,1676677359.0,1676677359.0,1676677364.0,1676677369.0,,,0.0,1676677370.0,1676678445.0,,,0.0,,,0.0,5.0,1.0,1075.0,,,,,,poseidon,local,poseidon-submit,condor::dagman,/usr/bin/condor_dagman,-p 0  -f -l . -Notification never -Debug 3 -Lockfile xgboost_hp_tuning_group_2.dag.lock -Dag xgboost_hp_tuning_group_2.dag -AllowVersionMismatch  -AutoRescue 1 -DoRescueFrom 0,0.0,0,0,,,,,,,,,
create_dir_predict-future-sales-hp-tuning_0_condorpool_pegasus-plan_ID0000012,None,auxiliary,0,1676677371.0,,,1676677372.0,,,0.0,1676677374.0,1676677382.0,,,0.0,1676677382.0,1676677387.0,1.0,,2.0,8.0,5.0,,,,,poseidon,local,host-10-100-100-12.openstacklocal,pegasus::dirmanager,/home/poseidon/pegasus-5.1.0panorama/bin/pegasus-transfer,pegasus-kickstart  -n pegasus::dirmanager -N null -i - -R local  -L xgboost_hp_tuning_group_0 -T 2023-02-17T23:42:42+00:00 pegasus-transfer,0.3,0,0,,,,,,,,,
create_dir_predict-future-sales-hp-tuning_0_condorpool_pegasus-plan_ID0000016,None,auxiliary,0,1676677371.0,,,1676677372.0,,,0.0,1676677374.0,1676677382.0,,,0.0,1676677382.0,1676677387.0,1.0,,2.0,8.0,5.0,,,,,poseidon,local,host-10-100-100-12.openstacklocal,pegasus::dirmanager,/home/poseidon/pegasus-5.1.0panorama/bin/pegasus-transfer,pegasus-kickstart  -n pegasus::dirmanager -N null -i - -R local  -L xgboost_hp_tuning_group_1 -T 2023-02-17T23:42:42+00:00 pegasus-transfer,0.3,0,0,,,,,,,,,
create_dir_predict-future-sales-hp-tuning_0_condorpool_pegasus-plan_ID0000020,None,auxiliary,0,1676677371.0,,,1676677372.0,,,0.0,1676677374.0,1676677382.0,,,0.0,1676677382.0,1676677387.0,1.0,,2.0,8.0,5.0,,,,,poseidon,local,host-10-100-100-12.openstacklocal,pegasus::dirmanager,/home/poseidon/pegasus-5.1.0panorama/bin/pegasus-transfer,pegasus-kickstart  -n pegasus::dirmanager -N null -i - -R local  -L xgboost_hp_tuning_group_2 -T 2023-02-17T23:42:42+00:00 pegasus-transfer,0.3,0,0,,,,,,,,,
register_local_4_0,None,auxiliary,0,1676677379.0,,,1676677384.0,,,0.0,1676677384.0,1676677389.0,,,0.0,1676677389.0,1676677394.0,5.0,,0.0,5.0,5.0,,,,,poseidon,local,host-10-100-100-12.openstacklocal,pegasus::rc-client,/home/poseidon/pegasus-5.1.0panorama/bin/pegasus-rc-client,"pegasus-kickstart  -n pegasus::rc-client -N null -R local  -L predict-future-sales -T 2023-02-17T19:59:06+00:00 /home/poseidon/pegasus-5.1.0panorama/bin/pegasus-rc-client --prefix pegasus.catalog.replica.output --conf /home/poseidon/workflows/predict-future-sales-workflow/submit/poseidon/pegasus/predict-future-sales/run0006/pegasus.10547613328774939296.properties -v --meta /home/poseidon/workflows/predict-future-sales-workflow/submit/poseidon/pegasus/predict-future-sales/run0006/00/00/xgboost_hp_tuning_workflow_ID0000011.meta,/home/poseidon/workflows/predict-future-sales-workflow/submit/poseidon/pegasus/predict-future-sales/run0006/00/00/xgboost_hp_tuning_workflow_ID0000019.meta,/home/poseidon/workflows/predict-future-sales-workflow/submit/poseidon/pegasus/predict-future-sales/run0006/00/00/xgboost_hp_tuning_workflow_ID0000015.meta --insert /home/poseidon/workflows/predict-future-sales-workflow/submit/poseidon/pegasus/predict-future-sales/run0006/00/00/register_local_4_0.in",2.9,0,0,,,,,,,,,
stage_in_local_condorpool_0_2_pegasus-plan_ID0000012,None,transfer,0,1676677387.0,,,1676677392.0,1676677393.0,1676677403.0,72346210.0,1676677392.0,1676677412.0,,,0.0,1676677412.0,1676677417.0,5.0,,0.0,20.0,5.0,10.0,735985664.0,,,poseidon,local,host-10-100-100-12.openstacklocal,pegasus::transfer,/home/poseidon/pegasus-5.1.0panorama/bin/pegasus-transfer,-n pegasus::transfer -N null -i - -R local  -L xgboost_hp_tuning_group_0 -T 2023-02-17T23:42:42+00:00 /home/poseidon/pegasus-5.1.0panorama/bin/../bin/pegasus-transfer  --threads 2,4.2,0,0,,,,,,,,,
stage_in_local_condorpool_0_0_pegasus-plan_ID0000016,None,transfer,0,1676677387.0,,,1676677392.0,1676677392.0,1676677397.0,2817.0,1676677392.0,1676677407.0,,,0.0,1676677407.0,1676677412.0,5.0,,0.0,15.0,5.0,5.0,12142.0,,,poseidon,local,host-10-100-100-12.openstacklocal,pegasus::transfer,/home/poseidon/pegasus-5.1.0panorama/bin/pegasus-transfer,-n pegasus::transfer -N null -i - -R local  -L xgboost_hp_tuning_group_1 -T 2023-02-17T23:42:42+00:00 /home/poseidon/pegasus-5.1.0panorama/bin/../bin/pegasus-transfer  --threads 2,0.6,0,0,,,,,,,,,
stage_in_local_condorpool_1_0_pegasus-plan_ID0000016,None,transfer,0,1676677387.0,,,1676677392.0,1676677392.0,1676677396.0,801.0,1676677392.0,1676677402.0,,,0.0,1676677402.0,1676677407.0,5.0,,0.0,10.0,5.0,4.0,2874.0,,,poseidon,local,host-10-100-100-12.openstacklocal,pegasus::transfer,/home/poseidon/pegasus-5.1.0panorama/bin/pegasus-transfer,-n pegasus::transfer -N null -i - -R local  -L xgboost_hp_tuning_group_1 -T 2023-02-17T23:42:42+00:00 /home/poseidon/pegasus-5.1.0panorama/bin/../bin/pegasus-transfer  --threads 2,0.5,0,0,,,,,,,,,
stage_in_local_condorpool_0_1_pegasus-plan_ID0000016,None,transfer,0,1676677387.0,,,1676677392.0,1676677393.0,1676677396.0,5148783.0,1676677392.0,1676677402.0,,,0.0,1676677402.0,1676677407.0,5.0,,0.0,10.0,5.0,3.0,19294600.0,,,poseidon,local,host-10-100-100-12.openstacklocal,pegasus::transfer,/home/poseidon/pegasus-5.1.0panorama/bin/pegasus-transfer,-n pegasus::transfer -N null -i - -R local  -L xgboost_hp_tuning_group_1 -T 2023-02-17T23:42:42+00:00 /home/poseidon/pegasus-5.1.0panorama/bin/../bin/pegasus-transfer  --threads 2,0.6,0,0,,,,,,,,,
stage_in_local_condorpool_0_2_pegasus-plan_ID0000016,None,transfer,0,1676677387.0,,,1676677392.0,1676677393.0,1676677403.0,72985937.0,1676677392.0,1676677412.0,,,0.0,1676677412.0,1676677417.0,5.0,,0.0,20.0,5.0,10.0,735985664.0,,,poseidon,local,host-10-100-100-12.openstacklocal,pegasus::transfer,/home/poseidon/pegasus-5.1.0panorama/bin/pegasus-transfer,-n pegasus::transfer -N null -i - -R local  -L xgboost_hp_tuning_group_1 -T 2023-02-17T23:42:42+00:00 /home/poseidon/pegasus-5.1.0panorama/bin/../bin/pegasus-transfer  --threads 2,4.3,0,0,,,,,,,,,
stage_in_local_condorpool_0_1_pegasus-plan_ID0000012,None,transfer,0,1676677387.0,,,1676677392.0,1676677393.0,1676677399.0,44295557.0,1676677392.0,1676677407.0,,,0.0,1676677407.0,1676677412.0,5.0,,0.0,15.0,5.0,6.0,269346726.0,,,poseidon,local,host-10-100-100-12.openstacklocal,pegasus::transfer,/home/poseidon/pegasus-5.1.0panorama/bin/pegasus-transfer,-n pegasus::transfer -N null -i - -R local  -L xgboost_hp_tuning_group_0 -T 2023-02-17T23:42:42+00:00 /home/poseidon/pegasus-5.1.0panorama/bin/../bin/pegasus-transfer  --threads 2,2.0,0,0,,,,,,,,,
stage_in_local_condorpool_0_0_pegasus-plan_ID0000012,None,transfer,0,1676677387.0,,,1676677392.0,1676677392.0,1676677397.0,2817.0,1676677392.0,1676677407.0,,,0.0,1676677407.0,1676677412.0,5.0,,0.0,15.0,5.0,5.0,12142.0,,,poseidon,local,host-10-100-100-12.openstacklocal,pegasus::transfer,/home/poseidon/pegasus-5.1.0panorama/bin/pegasus-transfer,-n pegasus::transfer -N null -i - -R local  -L xgboost_hp_tuning_group_0 -T 2023-02-17T23:42:42+00:00 /home/poseidon/pegasus-5.1.0panorama/bin/../bin/pegasus-transfer  --threads 2,0.6,0,0,,,,,,,,,
stage_in_local_condorpool_1_0_pegasus-plan_ID0000012,None,transfer,0,1676677387.0,,,1676677392.0,1676677392.0,1676677396.0,807.0,1676677392.0,1676677402.0,,,0.0,1676677402.0,1676677407.0,5.0,,0.0,10.0,5.0,4.0,2874.0,,,poseidon,local,host-10-100-100-12.openstacklocal,pegasus::transfer,/home/poseidon/pegasus-5.1.0panorama/bin/pegasus-transfer,-n pegasus::transfer -N null -i - -R local  -L xgboost_hp_tuning_group_0 -T 2023-02-17T23:42:42+00:00 /home/poseidon/pegasus-5.1.0panorama/bin/../bin/pegasus-transfer  --threads 2,0.5,0,0,,,,,,,,,
stage_in_local_condorpool_0_0_pegasus-plan_ID0000020,None,transfer,0,1676677387.0,,,1676677392.0,1676677392.0,1676677397.0,2778.0,1676677392.0,1676677407.0,,,0.0,1676677407.0,1676677412.0,5.0,,0.0,15.0,5.0,5.0,12142.0,,,poseidon,local,host-10-100-100-12.openstacklocal,pegasus::transfer,/home/poseidon/pegasus-5.1.0panorama/bin/pegasus-transfer,-n pegasus::transfer -N null -i - -R local  -L xgboost_hp_tuning_group_2 -T 2023-02-17T23:42:42+00:00 /home/poseidon/pegasus-5.1.0panorama/bin/../bin/pegasus-transfer  --threads 2,0.6,0,0,,,,,,,,,
stage_in_local_condorpool_1_0_pegasus-plan_ID0000020,None,transfer,0,1676677387.0,,,1676677392.0,1676677392.0,1676677396.0,803.0,1676677392.0,1676677402.0,,,0.0,1676677402.0,1676677407.0,5.0,,0.0,10.0,5.0,4.0,2874.0,,,poseidon,local,host-10-100-100-12.openstacklocal,pegasus::transfer,/home/poseidon/pegasus-5.1.0panorama/bin/pegasus-transfer,-n pegasus::transfer -N null -i - -R local  -L xgboost_hp_tuning_group_2 -T 2023-02-17T23:42:42+00:00 /home/poseidon/pegasus-5.1.0panorama/bin/../bin/pegasus-transfer  --threads 2,0.5,0,0,,,,,,,,,
stage_in_local_condorpool_0_1_pegasus-plan_ID0000020,None,transfer,0,1676677387.0,,,1676677392.0,1676677392.0,1676677410.0,154610773.0,1676677392.0,1676677417.0,,,0.0,1676677417.0,1676677422.0,5.0,,0.0,25.0,5.0,18.0,2646308508.0,,,poseidon,local,host-10-100-100-12.openstacklocal,pegasus::transfer,/home/poseidon/pegasus-5.1.0panorama/bin/pegasus-transfer,-n pegasus::transfer -N null -i - -R local  -L xgboost_hp_tuning_group_2 -T 2023-02-17T23:42:42+00:00 /home/poseidon/pegasus-5.1.0panorama/bin/../bin/pegasus-transfer  --threads 2,11.8,0,0,,,,,,,,,
stage_in_local_condorpool_0_2_pegasus-plan_ID0000020,None,transfer,0,1676677387.0,,,1676677392.0,1676677393.0,1676677402.0,79030050.0,1676677392.0,1676677407.0,,,0.0,1676677407.0,1676677412.0,5.0,,0.0,15.0,5.0,9.0,735985664.0,,,poseidon,local,host-10-100-100-12.openstacklocal,pegasus::transfer,/home/poseidon/pegasus-5.1.0panorama/bin/pegasus-transfer,-n pegasus::transfer -N null -i - -R local  -L xgboost_hp_tuning_group_2 -T 2023-02-17T23:42:42+00:00 /home/poseidon/pegasus-5.1.0panorama/bin/../bin/pegasus-transfer  --threads 2,4.1,0,0,,,,,,,,,
xgboost_hp_tuning_ID0000015_pegasus-plan_ID0000012,None,compute,0,1676677417.0,,,1676677422.0,1676677397.0,1676677414.0,46688200.4,1676677431.0,1676677492.0,1676677444.0,1676677448.0,249.0,1676677492.0,1676677497.0,5.0,,9.0,61.0,5.0,17.0,502672266.0,4.0,1051.0,poseidon,condorpool,poseidon-worker-3-container-24-31,xgboost_hp_tuning,/srv/xgboost_hp_tuning,,122.1,0,0,0.0,157970587.0,40.0,3319.0,2.0,101.8,3.6,7898529.3,4.0
xgboost_hp_tuning_ID0000017_pegasus-plan_ID0000012,None,compute,0,1676677417.0,,,1676677422.0,1676677397.0,1676677414.0,46563370.4,1676677431.0,1676677492.0,1676677444.0,1676677448.0,244.0,1676677492.0,1676677497.0,5.0,,9.0,61.0,5.0,17.0,502672266.0,4.0,1054.0,poseidon,condorpool,poseidon-worker-1-container-24-31,xgboost_hp_tuning,/srv/xgboost_hp_tuning,,119.1,0,0,0.1,157972472.0,40.0,3321.0,2.0,100.7,3.2,7898623.6,4.0
xgboost_hp_tuning_ID0000023_pegasus-plan_ID0000016,None,compute,0,1676677417.0,,,1676677422.0,1676677499.0,1676677515.0,42692196.8,1676677533.0,1676677572.0,1676677525.0,1676677529.0,254.0,1676677572.0,1676677577.0,5.0,,111.0,39.0,5.0,16.0,377646203.0,4.0,1090.0,poseidon,condorpool,poseidon-worker-1-container-8-15,xgboost_hp_tuning,/srv/xgboost_hp_tuning,,17.1,0,0,,,,,,,,,
xgboost_hp_tuning_ID0000012_pegasus-plan_ID0000016,None,compute,0,1676677417.0,,,1676677422.0,1676677498.0,1676677514.0,42580407.0,1676677533.0,1676677577.0,1676677526.0,1676677530.0,245.0,1676677577.0,1676677582.0,5.0,,111.0,44.0,5.0,16.0,377646203.0,4.0,1049.0,poseidon,condorpool,poseidon-worker-2-container-8-15,xgboost_hp_tuning,/srv/xgboost_hp_tuning,,26.5,0,0,,,,,,,,,
xgboost_hp_tuning_ID0000001_pegasus-plan_ID0000016,None,compute,0,1676677417.0,,,1676677422.0,1676677497.0,1676677513.0,42684403.0,1676677532.0,1676677572.0,1676677524.0,1676677528.0,252.0,1676677572.0,1676677577.0,5.0,,110.0,40.0,5.0,16.0,377646203.0,4.0,1063.0,poseidon,condorpool,poseidon-worker-1-container-0-7,xgboost_hp_tuning,/srv/xgboost_hp_tuning,,18.2,0,0,,,,,,,,,
xgboost_hp_tuning_ID0000016_pegasus-plan_ID0000012,None,compute,0,1676677417.0,,,1676677422.0,1676677397.0,1676677414.0,46738895.4,1676677431.0,1676677487.0,1676677439.0,1676677444.0,254.0,1676677487.0,1676677492.0,5.0,,9.0,56.0,5.0,17.0,502672266.0,5.0,1055.0,poseidon,condorpool,poseidon-worker-3-container-0-7,xgboost_hp_tuning,/srv/xgboost_hp_tuning,,101.5,0,0,0.0,157965892.0,40.0,3303.0,2.0,43.2,3.2,15796589.2,4.0
xgboost_hp_tuning_ID0000005_pegasus-plan_ID0000012,None,compute,0,1676677417.0,,,1676677422.0,1676677397.0,1676677414.0,46811366.2,1676677431.0,1676677497.0,1676677447.0,1676677451.0,255.0,1676677497.0,1676677502.0,5.0,,9.0,66.0,5.0,17.0,502672266.0,4.0,1075.0,poseidon,condorpool,poseidon-worker-3-container-8-15,xgboost_hp_tuning,/srv/xgboost_hp_tuning,,153.8,0,0,0.0,157970552.0,40.0,3319.0,2.0,108.8,3.4,7898527.6,4.0
xgboost_hp_tuning_ID0000004_pegasus-plan_ID0000012,None,compute,0,1676677417.0,,,1676677422.0,1676677397.0,1676677415.0,45864932.8,1676677431.0,1676677492.0,1676677442.0,1676677446.0,253.0,1676677492.0,1676677497.0,5.0,,9.0,61.0,5.0,18.0,502672266.0,4.0,1061.0,poseidon,condorpool,poseidon-worker-2-container-16-23,xgboost_hp_tuning,/srv/xgboost_hp_tuning,,112.8,0,0,0.0,157972466.0,40.0,3321.0,2.0,106.0,3.5,7898623.3,4.0
xgboost_hp_tuning_ID0000020_pegasus-plan_ID0000016,None,compute,0,1676677417.0,,,1676677422.0,1676677457.0,1676677473.0,42471511.0,1676677492.0,1676677532.0,1676677483.0,1676677487.0,249.0,1676677532.0,1676677537.0,5.0,,70.0,40.0,5.0,16.0,377646203.0,4.0,1062.0,poseidon,condorpool,poseidon-worker-1-container-24-31,xgboost_hp_tuning,/srv/xgboost_hp_tuning,,14.8,0,0,,,,,,,,,
xgboost_hp_tuning_ID0000018_pegasus-plan_ID0000012,None,compute,0,1676677417.0,,,1676677422.0,1676677397.0,1676677414.0,46568493.4,1676677431.0,1676677487.0,1676677440.0,1676677444.0,246.0,1676677487.0,1676677492.0,5.0,,9.0,56.0,5.0,17.0,502672266.0,4.0,1053.0,poseidon,condorpool,poseidon-worker-2-container-40-47,xgboost_hp_tuning,/srv/xgboost_hp_tuning,,97.1,0,0,0.0,157967830.0,40.0,3305.0,2.0,42.8,2.7,15796783.0,4.0
xgboost_hp_tuning_ID0000007_pegasus-plan_ID0000012,None,compute,0,1676677417.0,,,1676677422.0,1676677397.0,1676677414.0,46600509.8,1676677431.0,1676677487.0,1676677440.0,1676677445.0,250.0,1676677487.0,1676677492.0,5.0,,9.0,56.0,5.0,17.0,502672266.0,5.0,1064.0,poseidon,condorpool,poseidon-worker-2-container-32-39,xgboost_hp_tuning,/srv/xgboost_hp_tuning,,103.8,0,0,0.0,157967831.0,40.0,3305.0,2.0,42.7,2.6,15796783.1,4.0
xgboost_hp_tuning_ID0000019_pegasus-plan_ID0000012,None,compute,0,1676677417.0,,,1676677422.0,1676677397.0,1676677414.0,46667560.2,1676677431.0,1676677487.0,1676677439.0,1676677443.0,248.0,1676677487.0,1676677492.0,5.0,,9.0,56.0,5.0,17.0,502672266.0,4.0,1061.0,poseidon,condorpool,poseidon-worker-3-container-16-23,xgboost_hp_tuning,/srv/xgboost_hp_tuning,,100.0,0,0,0.0,157965959.0,40.0,3303.0,2.0,44.8,2.6,15796595.9,4.0
xgboost_hp_tuning_ID0000013_pegasus-plan_ID0000016,None,compute,0,1676677417.0,,,1676677422.0,1676677497.0,1676677513.0,42631169.5,1676677532.0,1676677572.0,1676677525.0,1676677530.0,246.0,1676677572.0,1676677577.0,5.0,,110.0,40.0,5.0,16.0,377646203.0,5.0,1055.0,poseidon,condorpool,poseidon-worker-2-container-32-39,xgboost_hp_tuning,/srv/xgboost_hp_tuning,,22.8,0,0,,,,,,,,,
xgboost_hp_tuning_ID0000009_pegasus-plan_ID0000012,None,compute,0,1676677417.0,,,1676677422.0,1676677397.0,1676677414.0,46588919.4,1676677431.0,1676677492.0,1676677441.0,1676677445.0,248.0,1676677492.0,1676677497.0,5.0,,9.0,61.0,5.0,17.0,502672266.0,4.0,1056.0,poseidon,condorpool,poseidon-worker-1-container-40-47,xgboost_hp_tuning,/srv/xgboost_hp_tuning,,104.0,0,0,0.1,157972714.0,4031.0,3321.0,5.0,100.1,3.8,7898635.7,201.6
xgboost_hp_tuning_ID0000011_pegasus-plan_ID0000012,None,compute,0,1676677417.0,,,1676677422.0,1676677397.0,1676677414.0,46556017.6,1676677431.0,1676677487.0,1676677439.0,1676677443.0,240.0,1676677487.0,1676677492.0,5.0,,9.0,56.0,5.0,17.0,502672266.0,4.0,1047.0,poseidon,condorpool,poseidon-worker-2-container-24-31,xgboost_hp_tuning,/srv/xgboost_hp_tuning,,91.0,0,0,0.0,157967930.0,40.0,3305.0,2.0,42.3,2.8,15796793.0,4.0
xgboost_hp_tuning_ID0000022_pegasus-plan_ID0000012,None,compute,0,1676677417.0,,,1676677422.0,1676677397.0,1676677414.0,46617986.0,1676677431.0,1676677492.0,1676677444.0,1676677449.0,249.0,1676677492.0,1676677497.0,5.0,,9.0,61.0,5.0,17.0,502672266.0,5.0,1063.0,poseidon,condorpool,poseidon-worker-1-container-0-7,xgboost_hp_tuning,/srv/xgboost_hp_tuning,,132.8,0,0,0.0,157972638.0,40.0,3321.0,2.0,105.6,3.3,7898631.9,4.0
xgboost_hp_tuning_ID0000010_pegasus-plan_ID0000012,None,compute,0,1676677417.0,,,1676677422.0,1676677397.0,1676677414.0,46576726.8,1676677431.0,1676677487.0,1676677438.0,1676677443.0,245.0,1676677487.0,1676677492.0,5.0,,9.0,56.0,5.0,17.0,502672266.0,5.0,1045.0,poseidon,condorpool,poseidon-worker-2-container-0-7,xgboost_hp_tuning,/srv/xgboost_hp_tuning,,91.1,0,0,0.0,157967762.0,40.0,3305.0,2.0,44.1,2.6,15796776.2,4.0
xgboost_hp_tuning_ID0000021_pegasus-plan_ID0000012,None,compute,0,1676677417.0,,,1676677422.0,1676677397.0,1676677414.0,46735612.2,1676677431.0,1676677492.0,1676677445.0,1676677449.0,252.0,1676677492.0,1676677497.0,5.0,,9.0,61.0,5.0,17.0,502672266.0,4.0,1062.0,poseidon,condorpool,poseidon-worker-3-container-40-47,xgboost_hp_tuning,/srv/xgboost_hp_tuning,,125.4,0,0,0.0,157970596.0,40.0,3319.0,2.0,97.8,3.9,7898529.8,4.0
xgboost_hp_tuning_ID0000006_pegasus-plan_ID0000012,None,compute,0,1676677417.0,,,1676677422.0,1676677397.0,1676677414.0,46623848.8,1676677431.0,1676677497.0,1676677449.0,1676677454.0,249.0,1676677497.0,1676677502.0,5.0,,9.0,66.0,5.0,17.0,502672266.0,5.0,1067.0,poseidon,condorpool,poseidon-worker-1-container-32-39,xgboost_hp_tuning,/srv/xgboost_hp_tuning,,153.7,0,0,0.1,157972471.0,40.0,3321.0,2.0,102.6,3.2,7898623.5,4.0
xgboost_hp_tuning_ID0000002_pegasus-plan_ID0000016,None,compute,0,1676677417.0,,,1676677422.0,1676677497.0,1676677513.0,42829969.2,1676677532.0,1676677572.0,1676677523.0,1676677527.0,253.0,1676677572.0,1676677577.0,5.0,,110.0,40.0,5.0,16.0,377646203.0,4.0,1061.0,poseidon,condorpool,poseidon-worker-3-container-40-47,xgboost_hp_tuning,/srv/xgboost_hp_tuning,,15.2,0,0,,,,,,,,,
xgboost_hp_tuning_ID0000016_pegasus-plan_ID0000016,None,compute,0,1676677417.0,,,1676677422.0,1676677491.0,1676677507.0,42649818.5,1676677526.0,1676677567.0,1676677517.0,1676677521.0,248.0,1676677567.0,1676677572.0,5.0,,104.0,41.0,5.0,16.0,377646203.0,4.0,1054.0,poseidon,condorpool,poseidon-worker-3-container-0-7,xgboost_hp_tuning,/srv/xgboost_hp_tuning,,15.3,0,0,,,,,,,,,
xgboost_hp_tuning_ID0000003_pegasus-plan_ID0000016,None,compute,0,1676677417.0,,,1676677422.0,1676677496.0,1676677512.0,42743809.0,1676677531.0,1676677572.0,1676677523.0,1676677527.0,247.0,1676677572.0,1676677577.0,5.0,,109.0,41.0,5.0,16.0,377646203.0,4.0,1066.0,poseidon,condorpool,poseidon-worker-3-container-24-31,xgboost_hp_tuning,/srv/xgboost_hp_tuning,,18.3,0,0,,,,,,,,,
xgboost_hp_tuning_ID0000023_pegasus-plan_ID0000012,None,compute,0,1676677417.0,,,1676677422.0,1676677454.0,1676677472.0,46617550.8,1676677489.0,1676677547.0,1676677500.0,1676677504.0,253.0,1676677547.0,1676677552.0,5.0,,67.0,58.0,5.0,18.0,502672266.0,4.0,1090.0,poseidon,condorpool,poseidon-worker-1-container-40-47,xgboost_hp_tuning,/srv/xgboost_hp_tuning,,113.2,0,0,0.1,157972722.0,40.0,3321.0,2.0,101.4,3.6,7898636.1,4.0
xgboost_hp_tuning_ID0000012_pegasus-plan_ID0000012,None,compute,0,1676677417.0,,,1676677422.0,1676677453.0,1676677471.0,46607448.6,1676677487.0,1676677547.0,1676677497.0,1676677502.0,244.0,1676677547.0,1676677552.0,5.0,,65.0,60.0,5.0,18.0,502672266.0,5.0,1048.0,poseidon,condorpool,poseidon-worker-2-container-40-47,xgboost_hp_tuning,/srv/xgboost_hp_tuning,,105.9,0,0,0.1,157972536.0,4023.0,3321.0,5.0,102.2,3.7,7898626.8,201.2
xgboost_hp_tuning_ID0000001_pegasus-plan_ID0000012,None,compute,0,1676677417.0,,,1676677422.0,1676677452.0,1676677470.0,46755918.8,1676677487.0,1676677552.0,1676677503.0,1676677508.0,253.0,1676677552.0,1676677557.0,5.0,,65.0,65.0,5.0,18.0,502672266.0,5.0,1062.0,poseidon,condorpool,poseidon-worker-3-container-16-23,xgboost_hp_tuning,/srv/xgboost_hp_tuning,,153.5,0,0,0.0,157970667.0,40.0,3319.0,2.0,106.4,3.7,7898533.3,4.0
xgboost_hp_tuning_ID0000013_pegasus-plan_ID0000012,None,compute,0,1676677417.0,,,1676677422.0,1676677452.0,1676677470.0,46546552.6,1676677487.0,1676677557.0,1676677507.0,1676677511.0,248.0,1676677557.0,1676677562.0,5.0,,65.0,70.0,5.0,18.0,502672266.0,4.0,1055.0,poseidon,condorpool,poseidon-worker-2-container-24-31,xgboost_hp_tuning,/srv/xgboost_hp_tuning,,164.5,0,0,0.0,157976535.0,40.0,3336.0,2.0,155.7,3.3,5265884.5,4.0
xgboost_hp_tuning_ID0000002_pegasus-plan_ID0000012,None,compute,0,1676677417.0,,,1676677422.0,1676677452.0,1676677469.0,46597309.4,1676677486.0,1676677562.0,1676677515.0,1676677520.0,249.0,1676677562.0,1676677567.0,5.0,,64.0,76.0,5.0,17.0,502672266.0,5.0,1063.0,poseidon,condorpool,poseidon-worker-2-container-0-7,xgboost_hp_tuning,/srv/xgboost_hp_tuning,,223.8,0,0,0.1,157976259.0,40.0,3336.0,2.0,161.7,2.8,5265875.3,4.0
xgboost_hp_tuning_ID0000014_pegasus-plan_ID0000012,None,compute,0,1676677417.0,,,1676677422.0,1676677397.0,1676677415.0,46549266.4,1676677431.0,1676677492.0,1676677442.0,1676677446.0,253.0,1676677492.0,1676677497.0,5.0,,9.0,61.0,5.0,18.0,502672266.0,4.0,1055.0,poseidon,condorpool,poseidon-worker-1-container-16-23,xgboost_hp_tuning,/srv/xgboost_hp_tuning,,111.3,0,0,0.1,157972473.0,40.0,3321.0,2.0,103.1,3.5,7898623.6,4.0
xgboost_hp_tuning_ID0000003_pegasus-plan_ID0000012,None,compute,0,1676677417.0,,,1676677422.0,1676677397.0,1676677414.0,46547229.6,1676677431.0,1676677497.0,1676677446.0,1676677450.0,250.0,1676677497.0,1676677502.0,5.0,,9.0,66.0,5.0,17.0,502672266.0,4.0,1068.0,poseidon,condorpool,poseidon-worker-1-container-8-15,xgboost_hp_tuning,/srv/xgboost_hp_tuning,,139.9,0,0,0.1,157972433.0,40.0,3321.0,2.0,106.4,2.9,7898621.7,4.0
xgboost_hp_tuning_ID0000009_pegasus-plan_ID0000016,None,compute,0,1676677417.0,,,1676677422.0,1676677452.0,1676677468.0,42749423.5,1676677487.0,1676677527.0,1676677478.0,1676677482.0,251.0,1676677527.0,1676677532.0,5.0,,65.0,40.0,5.0,16.0,377646203.0,4.0,1058.0,poseidon,condorpool,poseidon-worker-3-container-0-7,xgboost_hp_tuning,/srv/xgboost_hp_tuning,,14.3,0,0,,,,,,,,,
xgboost_hp_tuning_ID0000011_pegasus-plan_ID0000016,None,compute,0,1676677417.0,,,1676677422.0,1676677454.0,1676677470.0,42707591.5,1676677488.0,1676677532.0,1676677484.0,1676677488.0,241.0,1676677532.0,1676677537.0,5.0,,66.0,44.0,5.0,16.0,377646203.0,4.0,1049.0,poseidon,condorpool,poseidon-worker-2-container-32-39,xgboost_hp_tuning,/srv/xgboost_hp_tuning,,40.2,0,0,,,,,,,,,
xgboost_hp_tuning_ID0000022_pegasus-plan_ID0000016,None,compute,0,1676677417.0,,,1676677422.0,1676677455.0,1676677471.0,42014544.0,1676677490.0,1676677532.0,1676677481.0,1676677486.0,252.0,1676677532.0,1676677537.0,5.0,,68.0,42.0,5.0,16.0,377646203.0,5.0,1061.0,poseidon,condorpool,poseidon-worker-2-container-16-23,xgboost_hp_tuning,/srv/xgboost_hp_tuning,,14.7,0,0,,,,,,,,,
xgboost_hp_tuning_ID0000014_pegasus-plan_ID0000016,None,compute,0,1676677417.0,,,1676677422.0,1676677496.0,1676677513.0,42585003.8,1676677531.0,1676677572.0,1676677522.0,1676677527.0,244.0,1676677572.0,1676677577.0,5.0,,109.0,41.0,5.0,17.0,377646203.0,5.0,1053.0,poseidon,condorpool,poseidon-worker-1-container-24-31,xgboost_hp_tuning,/srv/xgboost_hp_tuning,,15.5,0,0,,,,,,,,,
xgboost_hp_tuning_ID0000010_pegasus-plan_ID0000016,None,compute,0,1676677417.0,,,1676677422.0,1676677455.0,1676677471.0,42585536.0,1676677490.0,1676677532.0,1676677481.0,1676677486.0,247.0,1676677532.0,1676677537.0,5.0,,68.0,42.0,5.0,16.0,377646203.0,5.0,1051.0,poseidon,condorpool,poseidon-worker-1-container-16-23,xgboost_hp_tuning,/srv/xgboost_hp_tuning,,16.2,0,0,,,,,,,,,
xgboost_hp_tuning_ID0000008_pegasus-plan_ID0000016,None,compute,0,1676677417.0,,,1676677422.0,1676677457.0,1676677473.0,42404958.0,1676677492.0,1676677532.0,1676677484.0,1676677488.0,248.0,1676677532.0,1676677537.0,5.0,,70.0,40.0,5.0,16.0,377646203.0,4.0,1058.0,poseidon,condorpool,poseidon-worker-1-container-0-7,xgboost_hp_tuning,/srv/xgboost_hp_tuning,,18.5,0,0,,,,,,,,,
xgboost_hp_tuning_ID0000019_pegasus-plan_ID0000016,None,compute,0,1676677417.0,,,1676677422.0,1676677458.0,1676677474.0,42571871.2,1676677492.0,1676677532.0,1676677484.0,1676677488.0,243.0,1676677532.0,1676677537.0,5.0,,70.0,40.0,5.0,16.0,377646203.0,4.0,1058.0,poseidon,condorpool,poseidon-worker-3-container-40-47,xgboost_hp_tuning,/srv/xgboost_hp_tuning,,14.9,0,0,,,,,,,,,
xgboost_hp_tuning_ID0000007_pegasus-plan_ID0000016,None,compute,0,1676677417.0,,,1676677422.0,1676677459.0,1676677475.0,42388139.2,1676677493.0,1676677532.0,1676677485.0,1676677489.0,251.0,1676677532.0,1676677537.0,5.0,,71.0,39.0,5.0,16.0,377646203.0,4.0,1066.0,poseidon,condorpool,poseidon-worker-2-container-8-15,xgboost_hp_tuning,/srv/xgboost_hp_tuning,,14.6,0,0,,,,,,,,,
xgboost_hp_tuning_ID0000018_pegasus-plan_ID0000016,None,compute,0,1676677417.0,,,1676677422.0,1676677459.0,1676677475.0,42329553.2,1676677494.0,1676677532.0,1676677485.0,1676677490.0,247.0,1676677532.0,1676677537.0,5.0,,72.0,38.0,5.0,16.0,377646203.0,5.0,1053.0,poseidon,condorpool,poseidon-worker-1-container-8-15,xgboost_hp_tuning,/srv/xgboost_hp_tuning,,15.4,0,0,,,,,,,,,
xgboost_hp_tuning_ID0000006_pegasus-plan_ID0000016,None,compute,0,1676677417.0,,,1676677422.0,1676677460.0,1676677476.0,42444514.8,1676677495.0,1676677537.0,1676677487.0,1676677491.0,253.0,1676677537.0,1676677542.0,5.0,,73.0,42.0,5.0,16.0,377646203.0,4.0,1064.0,poseidon,condorpool,poseidon-worker-3-container-8-15,xgboost_hp_tuning,/srv/xgboost_hp_tuning,,22.2,0,0,,,,,,,,,
xgboost_hp_tuning_ID0000017_pegasus-plan_ID0000016,None,compute,0,1676677417.0,,,1676677422.0,1676677463.0,1676677479.0,42339377.2,1676677497.0,1676677537.0,1676677489.0,1676677493.0,249.0,1676677537.0,1676677542.0,5.0,,75.0,40.0,5.0,16.0,377646203.0,4.0,1054.0,poseidon,condorpool,poseidon-worker-1-container-32-39,xgboost_hp_tuning,/srv/xgboost_hp_tuning,,16.1,0,0,,,,,,,,,
xgboost_hp_tuning_ID0000005_pegasus-plan_ID0000016,None,compute,0,1676677417.0,,,1676677422.0,1676677464.0,1676677480.0,42586243.8,1676677499.0,1676677542.0,1676677492.0,1676677496.0,255.0,1676677542.0,1676677547.0,5.0,,77.0,43.0,5.0,16.0,377646203.0,4.0,1079.0,poseidon,condorpool,poseidon-worker-3-container-32-39,xgboost_hp_tuning,/srv/xgboost_hp_tuning,,31.1,0,0,,,,,,,,,
xgboost_hp_tuning_ID0000020_pegasus-plan_ID0000012,None,compute,0,1676677417.0,,,1676677422.0,1676677397.0,1676677414.0,46799047.4,1676677431.0,1676677497.0,1676677451.0,1676677455.0,250.0,1676677497.0,1676677502.0,5.0,,9.0,66.0,5.0,17.0,502672266.0,4.0,1062.0,poseidon,condorpool,poseidon-worker-3-container-32-39,xgboost_hp_tuning,/srv/xgboost_hp_tuning,,173.9,0,0,0.0,157974395.0,40.0,3334.0,2.0,169.3,3.7,5265813.2,4.0
xgboost_hp_tuning_ID0000004_pegasus-plan_ID0000016,None,compute,0,1676677417.0,,,1676677422.0,1676677495.0,1676677511.0,42506101.0,1676677529.0,1676677572.0,1676677523.0,1676677528.0,245.0,1676677572.0,1676677577.0,5.0,,107.0,43.0,5.0,16.0,377646203.0,5.0,1063.0,poseidon,condorpool,poseidon-worker-1-container-16-23,xgboost_hp_tuning,/srv/xgboost_hp_tuning,,33.7,0,0,,,,,,,,,
xgboost_hp_tuning_ID0000015_pegasus-plan_ID0000016,None,compute,0,1676677417.0,,,1676677422.0,1676677495.0,1676677511.0,41970295.0,1676677529.0,1676677577.0,1676677528.0,1676677532.0,245.0,1676677577.0,1676677582.0,5.0,,107.0,48.0,5.0,16.0,377646203.0,4.0,1052.0,poseidon,condorpool,poseidon-worker-2-container-16-23,xgboost_hp_tuning,/srv/xgboost_hp_tuning,,44.1,0,0,0.1,32941926.0,4027.0,3305.0,5.0,42.3,1.8,3294192.6,402.7
xgboost_hp_tuning_ID0000021_pegasus-plan_ID0000016,None,compute,0,1676677417.0,,,1676677422.0,1676677457.0,1676677472.0,42682136.8,1676677491.0,1676677532.0,1676677483.0,1676677487.0,252.0,1676677532.0,1676677537.0,5.0,,69.0,41.0,5.0,15.0,377646203.0,4.0,1062.0,poseidon,condorpool,poseidon-worker-3-container-24-31,xgboost_hp_tuning,/srv/xgboost_hp_tuning,,17.2,0,0,,,,,,,,,
xgboost_hp_tuning_ID0000008_pegasus-plan_ID0000012,None,compute,0,1676677417.0,,,1676677422.0,1676677397.0,1676677414.0,46510905.0,1676677431.0,1676677492.0,1676677446.0,1676677450.0,250.0,1676677492.0,1676677497.0,5.0,,9.0,61.0,5.0,17.0,502672266.0,4.0,1060.0,poseidon,condorpool,poseidon-worker-2-container-8-15,xgboost_hp_tuning,/srv/xgboost_hp_tuning,,128.3,0,0,0.1,157972429.0,40.0,3321.0,2.0,95.7,3.3,7898621.5,4.0
xgboost_hp_tuning_ID0000009_pegasus-plan_ID0000020,None,compute,0,1676677422.0,,,1676677427.0,1676677500.0,1676677531.0,69130973.2,1676677534.0,1676677927.0,1676677878.0,1676677882.0,251.0,1676677927.0,1676677932.0,5.0,,107.0,393.0,5.0,31.0,1691153157.0,4.0,1059.0,poseidon,condorpool,poseidon-worker-3-container-8-15,xgboost_hp_tuning,/srv/xgboost_hp_tuning,,1892.2,0,0,0.0,1346570193.0,40.0,3784.0,2.0,1782.3,58.7,4080515.7,4.0
xgboost_hp_tuning_ID0000001_pegasus-plan_ID0000020,None,compute,0,1676677422.0,,,1676677427.0,1676677915.0,1676677947.0,69051313.2,1676677950.0,1676678327.0,1676678277.0,1676678281.0,256.0,1676678327.0,1676678332.0,5.0,,523.0,377.0,5.0,32.0,1691153157.0,4.0,1064.0,poseidon,condorpool,poseidon-worker-3-container-40-47,xgboost_hp_tuning,/srv/xgboost_hp_tuning,,1780.7,0,0,0.0,1346566732.0,40.0,3769.0,2.0,1725.6,46.1,4208021.0,4.0
xgboost_hp_tuning_ID0000011_pegasus-plan_ID0000020,None,compute,0,1676677422.0,,,1676677427.0,1676677502.0,1676677533.0,69119641.0,1676677537.0,1676677962.0,1676677915.0,1676677919.0,245.0,1676677962.0,1676677967.0,5.0,,110.0,425.0,5.0,31.0,1691153157.0,4.0,1048.0,poseidon,condorpool,poseidon-worker-1-container-32-39,xgboost_hp_tuning,/srv/xgboost_hp_tuning,,1984.3,0,0,0.1,1346587562.0,40.0,3846.0,2.0,1916.1,53.1,3639425.8,4.0
xgboost_hp_tuning_ID0000013_pegasus-plan_ID0000020,None,compute,0,1676677422.0,,,1676677427.0,1676677901.0,1676677932.0,68967296.2,1676677935.0,1676678322.0,1676678275.0,1676678279.0,253.0,1676678322.0,1676678327.0,5.0,,508.0,387.0,5.0,31.0,1691153157.0,4.0,1053.0,poseidon,condorpool,poseidon-worker-3-container-0-7,xgboost_hp_tuning,/srv/xgboost_hp_tuning,,1849.9,0,0,0.0,1346570253.0,40.0,3784.0,2.0,1767.7,57.9,4080515.9,4.0
xgboost_hp_tuning_ID0000002_pegasus-plan_ID0000020,None,compute,0,1676677422.0,,,1676677427.0,1676677901.0,1676677932.0,69145333.3,1676677935.0,1676678287.0,1676678237.0,1676678241.0,253.0,1676678287.0,1676678292.0,5.0,,508.0,352.0,5.0,31.0,1691153157.0,4.0,1062.0,poseidon,condorpool,poseidon-worker-3-container-32-39,xgboost_hp_tuning,/srv/xgboost_hp_tuning,,1621.6,0,0,0.0,1346555232.0,40.0,3724.0,2.0,1546.2,41.1,4643293.9,4.0
xgboost_hp_tuning_ID0000014_pegasus-plan_ID0000020,None,compute,0,1676677422.0,,,1676677427.0,1676677617.0,1676677649.0,68649510.8,1676677652.0,1676678027.0,1676677978.0,1676677983.0,249.0,1676678027.0,1676678032.0,5.0,,225.0,375.0,5.0,32.0,1691153157.0,5.0,1055.0,poseidon,condorpool,poseidon-worker-2-container-16-23,xgboost_hp_tuning,/srv/xgboost_hp_tuning,,1786.0,0,0,0.0,1346564771.0,40.0,3756.0,2.0,1669.8,53.1,4343757.3,4.0
xgboost_hp_tuning_ID0000003_pegasus-plan_ID0000020,None,compute,0,1676677422.0,,,1676677427.0,1676677539.0,1676677570.0,69145994.2,1676677574.0,1676678022.0,1676677971.0,1676677975.0,256.0,1676678022.0,1676678027.0,5.0,,147.0,448.0,5.0,31.0,1691153157.0,4.0,1068.0,poseidon,condorpool,poseidon-worker-2-container-8-15,xgboost_hp_tuning,/srv/xgboost_hp_tuning,,2294.7,0,0,0.1,1346595343.0,40.0,3876.0,2.0,2218.9,67.7,3452808.6,4.0
xgboost_hp_tuning_ID0000015_pegasus-plan_ID0000020,None,compute,0,1676677422.0,,,1676677427.0,1676677539.0,1676677570.0,69123578.6,1676677573.0,1676677997.0,1676677949.0,1676677953.0,246.0,1676677997.0,1676678002.0,5.0,,146.0,424.0,5.0,31.0,1691153157.0,4.0,1056.0,poseidon,condorpool,poseidon-worker-2-container-32-39,xgboost_hp_tuning,/srv/xgboost_hp_tuning,,2098.1,0,0,0.0,1346583899.0,40.0,3831.0,2.0,1971.1,66.1,3740510.8,4.0
xgboost_hp_tuning_ID0000004_pegasus-plan_ID0000020,None,compute,0,1676677422.0,,,1676677427.0,1676677538.0,1676677569.0,69291569.6,1676677573.0,1676677997.0,1676677949.0,1676677953.0,249.0,1676677997.0,1676678002.0,5.0,,146.0,424.0,5.0,31.0,1691153157.0,4.0,1064.0,poseidon,condorpool,poseidon-worker-1-container-8-15,xgboost_hp_tuning,/srv/xgboost_hp_tuning,,2131.6,0,0,0.1,1346587661.0,40.0,3846.0,2.0,2052.3,77.7,3639426.1,4.0
xgboost_hp_tuning_ID0000023_pegasus-plan_ID0000020,None,compute,0,1676677422.0,,,1676677427.0,1676677925.0,1676677956.0,69012900.1,1676677960.0,1676678312.0,1676678262.0,1676678266.0,259.0,1676678312.0,1676678317.0,5.0,,533.0,352.0,5.0,31.0,1691153157.0,4.0,1091.0,poseidon,condorpool,poseidon-worker-1-container-24-31,xgboost_hp_tuning,/srv/xgboost_hp_tuning,,1680.6,0,0,0.1,1346557148.0,40.0,3726.0,2.0,1593.9,48.4,4643300.5,4.0
xgboost_hp_tuning_ID0000005_pegasus-plan_ID0000020,None,compute,0,1676677422.0,,,1676677427.0,1676677537.0,1676677568.0,69204603.8,1676677571.0,1676677967.0,1676677919.0,1676677923.0,251.0,1676677967.0,1676677972.0,5.0,,144.0,396.0,5.0,31.0,1691153157.0,4.0,1078.0,poseidon,condorpool,poseidon-worker-1-container-16-23,xgboost_hp_tuning,/srv/xgboost_hp_tuning,,1919.2,0,0,0.1,1346576265.0,40.0,3801.0,2.0,1852.3,59.0,3960518.4,4.0
xgboost_hp_tuning_ID0000017_pegasus-plan_ID0000020,None,compute,0,1676677422.0,,,1676677427.0,1676677536.0,1676677567.0,69379743.1,1676677571.0,1676677952.0,1676677902.0,1676677906.0,251.0,1676677952.0,1676677957.0,5.0,,144.0,381.0,5.0,31.0,1691153157.0,4.0,1054.0,poseidon,condorpool,poseidon-worker-3-container-40-47,xgboost_hp_tuning,/srv/xgboost_hp_tuning,,1780.0,0,0,0.0,1346566668.0,40.0,3769.0,2.0,1681.5,62.5,4208020.8,4.0
xgboost_hp_tuning_ID0000016_pegasus-plan_ID0000020,None,compute,0,1676677422.0,,,1676677427.0,1676677537.0,1676677568.0,69285097.6,1676677572.0,1676678002.0,1676677952.0,1676677957.0,247.0,1676678002.0,1676678007.0,5.0,,145.0,430.0,5.0,31.0,1691153157.0,5.0,1054.0,poseidon,condorpool,poseidon-worker-1-container-0-7,xgboost_hp_tuning,/srv/xgboost_hp_tuning,,2113.7,0,0,0.1,1346587471.0,40.0,3846.0,2.0,1999.8,82.5,3639425.6,4.0
xgboost_hp_tuning_ID0000012_pegasus-plan_ID0000020,None,compute,0,1676677422.0,,,1676677427.0,1676677919.0,1676677950.0,69165332.5,1676677953.0,1676678352.0,1676678303.0,1676678307.0,247.0,1676678352.0,1676678357.0,5.0,,526.0,399.0,5.0,31.0,1691153157.0,4.0,1048.0,poseidon,condorpool,poseidon-worker-3-container-16-23,xgboost_hp_tuning,/srv/xgboost_hp_tuning,,1938.4,0,0,0.0,1346574379.0,40.0,3799.0,2.0,1862.7,57.4,3960512.9,4.0
xgboost_hp_tuning_ID0000018_pegasus-plan_ID0000020,None,compute,0,1676677422.0,,,1676677427.0,1676677536.0,1676677567.0,69208134.2,1676677570.0,1676677962.0,1676677912.0,1676677916.0,248.0,1676677962.0,1676677967.0,5.0,,143.0,392.0,5.0,31.0,1691153157.0,4.0,1054.0,poseidon,condorpool,poseidon-worker-1-container-24-31,xgboost_hp_tuning,/srv/xgboost_hp_tuning,,1823.4,0,0,0.0,1346572387.0,40.0,3786.0,2.0,1739.1,53.8,4080522.4,4.0
xgboost_hp_tuning_ID0000007_pegasus-plan_ID0000020,None,compute,0,1676677422.0,,,1676677427.0,1676677530.0,1676677561.0,69382571.5,1676677564.0,1676677937.0,1676677887.0,1676677892.0,256.0,1676677937.0,1676677942.0,5.0,,137.0,373.0,5.0,31.0,1691153157.0,5.0,1066.0,poseidon,condorpool,poseidon-worker-3-container-0-7,xgboost_hp_tuning,/srv/xgboost_hp_tuning,,1673.1,0,0,0.0,1346562548.0,40.0,3754.0,2.0,1561.0,66.3,4343750.2,4.0
xgboost_hp_tuning_ID0000019_pegasus-plan_ID0000020,None,compute,0,1676677422.0,,,1676677427.0,1676677528.0,1676677560.0,69263699.0,1676677563.0,1676678137.0,1676678089.0,1676678093.0,251.0,1676678137.0,1676678142.0,5.0,,136.0,574.0,5.0,32.0,1691153157.0,4.0,1063.0,poseidon,condorpool,poseidon-worker-2-container-0-7,xgboost_hp_tuning,/srv/xgboost_hp_tuning,,3136.9,0,0,0.1,1346640753.0,40.0,4056.0,2.0,3005.2,68.2,2640472.1,4.0
xgboost_hp_tuning_ID0000020_pegasus-plan_ID0000020,None,compute,0,1676677422.0,,,1676677427.0,1676677516.0,1676677548.0,69157279.5,1676677551.0,1676677957.0,1676677906.0,1676677910.0,252.0,1676677957.0,1676677962.0,5.0,,124.0,406.0,5.0,32.0,1691153157.0,4.0,1063.0,poseidon,condorpool,poseidon-worker-3-container-16-23,xgboost_hp_tuning,/srv/xgboost_hp_tuning,,1905.4,0,0,0.0,1346574152.0,40.0,3799.0,2.0,1790.7,59.9,3960512.2,4.0
xgboost_hp_tuning_ID0000021_pegasus-plan_ID0000020,None,compute,0,1676677422.0,,,1676677427.0,1676677513.0,1676677545.0,69050594.1,1676677548.0,1676677977.0,1676677927.0,1676677931.0,251.0,1676677977.0,1676677982.0,5.0,,121.0,429.0,5.0,32.0,1691153157.0,4.0,1064.0,poseidon,condorpool,poseidon-worker-1-container-40-47,xgboost_hp_tuning,/srv/xgboost_hp_tuning,,2121.8,0,0,0.0,1346587769.0,40.0,3846.0,2.0,2046.0,58.7,3639426.4,4.0
xgboost_hp_tuning_ID0000010_pegasus-plan_ID0000020,None,compute,0,1676677422.0,,,1676677427.0,1676677511.0,1676677542.0,69085479.2,1676677545.0,1676678007.0,1676677958.0,1676677962.0,246.0,1676678007.0,1676678012.0,5.0,,118.0,462.0,5.0,31.0,1691153157.0,4.0,1049.0,poseidon,condorpool,poseidon-worker-2-container-40-47,xgboost_hp_tuning,/srv/xgboost_hp_tuning,,2341.6,0,0,0.1,1346599020.0,40.0,3891.0,2.0,2229.5,65.5,3366497.6,4.0
xgboost_hp_tuning_ID0000022_pegasus-plan_ID0000020,None,compute,0,1676677422.0,,,1676677427.0,1676677505.0,1676677536.0,69120241.1,1676677539.0,1676677887.0,1676677838.0,1676677842.0,253.0,1676677887.0,1676677892.0,5.0,,112.0,348.0,5.0,31.0,1691153157.0,4.0,1061.0,poseidon,condorpool,poseidon-worker-3-container-32-39,xgboost_hp_tuning,/srv/xgboost_hp_tuning,,1586.1,0,0,0.0,1346555010.0,40.0,3724.0,2.0,1515.7,55.8,4643293.1,4.0
xgboost_hp_tuning_ID0000006_pegasus-plan_ID0000020,None,compute,0,1676677422.0,,,1676677427.0,1676677536.0,1676677567.0,69330365.2,1676677570.0,1676677952.0,1676677902.0,1676677906.0,252.0,1676677952.0,1676677957.0,5.0,,143.0,382.0,5.0,31.0,1691153157.0,4.0,1066.0,poseidon,condorpool,poseidon-worker-3-container-24-31,xgboost_hp_tuning,/srv/xgboost_hp_tuning,,1840.7,0,0,0.0,1346566673.0,40.0,3769.0,2.0,1755.0,50.5,4208020.9,4.0
xgboost_hp_tuning_ID0000008_pegasus-plan_ID0000020,None,compute,0,1676677422.0,,,1676677427.0,1676677520.0,1676677552.0,68952935.3,1676677555.0,1676678017.0,1676677965.0,1676677970.0,250.0,1676678017.0,1676678022.0,5.0,,128.0,462.0,5.0,32.0,1691153157.0,5.0,1060.0,poseidon,condorpool,poseidon-worker-2-container-24-31,xgboost_hp_tuning,/srv/xgboost_hp_tuning,,2368.2,0,0,0.0,1346599267.0,40.0,3891.0,2.0,2274.1,66.4,3366498.2,4.0
stage_out_local_condorpool_0_2_pegasus-plan_ID0000012,None,transfer,0,1676677557.0,,,1676677562.0,,,0.0,1676677562.0,1676677572.0,1676677563.0,1676677567.0,1840.0,1676677572.0,1676677577.0,5.0,,0.0,10.0,5.0,,,4.0,7421.0,poseidon,local,host-10-100-100-12.openstacklocal,pegasus::transfer,/home/poseidon/pegasus-5.1.0panorama/bin/pegasus-transfer,/home/poseidon/pegasus-5.1.0panorama/bin/../bin/pegasus-kickstart  -n pegasus::transfer -N null -i - -R local  -L xgboost_hp_tuning_group_0 -T 2023-02-17T23:42:42+00:00 /home/poseidon/pegasus-5.1.0panorama/bin/../bin/pegasus-transfer  --threads 2,1.0,0,0,,,,,,,,,
stage_out_local_condorpool_0_1_pegasus-plan_ID0000012,None,transfer,0,1676677562.0,,,1676677567.0,,,0.0,1676677568.0,1676677582.0,1676677569.0,1676677573.0,2108.0,1676677582.0,1676677587.0,5.0,,1.0,14.0,5.0,,,4.0,8505.0,poseidon,local,host-10-100-100-12.openstacklocal,pegasus::transfer,/home/poseidon/pegasus-5.1.0panorama/bin/pegasus-transfer,/home/poseidon/pegasus-5.1.0panorama/bin/../bin/pegasus-kickstart  -n pegasus::transfer -N null -i - -R local  -L xgboost_hp_tuning_group_0 -T 2023-02-17T23:42:42+00:00 /home/poseidon/pegasus-5.1.0panorama/bin/../bin/pegasus-transfer  --threads 2,1.1,0,0,,,,,,,,,
stage_out_local_condorpool_0_0_pegasus-plan_ID0000012,None,transfer,0,1676677567.0,,,1676677572.0,,,0.0,1676677573.0,1676677587.0,1676677573.0,1676677577.0,2094.0,1676677587.0,1676677592.0,5.0,,1.0,14.0,5.0,,,4.0,8451.0,poseidon,local,host-10-100-100-12.openstacklocal,pegasus::transfer,/home/poseidon/pegasus-5.1.0panorama/bin/pegasus-transfer,/home/poseidon/pegasus-5.1.0panorama/bin/../bin/pegasus-kickstart  -n pegasus::transfer -N null -i - -R local  -L xgboost_hp_tuning_group_0 -T 2023-02-17T23:42:42+00:00 /home/poseidon/pegasus-5.1.0panorama/bin/../bin/pegasus-transfer  --threads 2,1.1,0,0,,,,,,,,,
xgboost_best_params_ID0000024_pegasus-plan_ID0000012,None,compute,0,1676677567.0,,,1676677572.0,1676677541.0,1676677559.0,32934191.4,1676677576.0,1676677612.0,1676677566.0,1676677570.0,249.0,1676677612.0,1676677617.0,5.0,,4.0,36.0,5.0,18.0,368018646.0,4.0,1063.0,poseidon,condorpool,poseidon-worker-2-container-16-23,xgboost_best_params,/srv/xgboost_best_params,,0.0,0,0,,,,,,,,,
stage_out_local_condorpool_0_2_pegasus-plan_ID0000016,None,transfer,0,1676677577.0,,,1676677582.0,,,0.0,1676677582.0,1676677592.0,1676677582.0,1676677586.0,1839.0,1676677592.0,1676677597.0,5.0,,0.0,10.0,5.0,,,4.0,7422.0,poseidon,local,host-10-100-100-12.openstacklocal,pegasus::transfer,/home/poseidon/pegasus-5.1.0panorama/bin/pegasus-transfer,/home/poseidon/pegasus-5.1.0panorama/bin/../bin/pegasus-kickstart  -n pegasus::transfer -N null -i - -R local  -L xgboost_hp_tuning_group_1 -T 2023-02-17T23:42:42+00:00 /home/poseidon/pegasus-5.1.0panorama/bin/../bin/pegasus-transfer  --threads 2,1.0,0,0,,,,,,,,,
register_condorpool_0_2_pegasus-plan_ID0000012,None,auxiliary,0,1676677577.0,,,1676677582.0,,,0.0,1676677582.0,1676677587.0,,,0.0,1676677587.0,1676677592.0,5.0,,0.0,5.0,5.0,,,,,poseidon,local,host-10-100-100-12.openstacklocal,pegasus::rc-client,/home/poseidon/pegasus-5.1.0panorama/bin/pegasus-rc-client,"-n pegasus::rc-client -N null -R local  -L xgboost_hp_tuning_group_0 -T 2023-02-17T23:42:42+00:00 /home/poseidon/pegasus-5.1.0panorama/bin/pegasus-rc-client --prefix pegasus.catalog.replica.output --conf /home/poseidon/workflows/predict-future-sales-workflow/submit/poseidon/pegasus/predict-future-sales/run0006/00/00/./xgboost_hp_tuning_group_0.000/pegasus.15815836840901891170.properties -v --meta /home/poseidon/workflows/predict-future-sales-workflow/submit/poseidon/pegasus/predict-future-sales/run0006/00/00/./xgboost_hp_tuning_group_0.000/00/00/xgboost_hp_tuning_ID0000014.meta,/home/poseidon/workflows/predict-future-sales-workflow/submit/poseidon/pegasus/predict-future-sales/run0006/00/00/./xgboost_hp_tuning_group_0.000/00/00/xgboost_hp_tuning_ID0000001.meta,/home/poseidon/workflows/predict-future-sales-workflow/submit/poseidon/pegasus/predict-future-sales/run0006/00/00/./xgboost_hp_tuning_group_0.000/00/00/xgboost_hp_tuning_ID0000007.meta,/home/poseidon/workflows/predict-future-sales-workflow/submit/poseidon/pegasus/predict-future-sales/run0006/00/00/./xgboost_hp_tuning_group_0.000/00/00/xgboost_hp_tuning_ID0000004.meta,/home/poseidon/workflows/predict-future-sales-workflow/submit/poseidon/pegasus/predict-future-sales/run0006/00/00/./xgboost_hp_tuning_group_0.000/00/00/xgboost_hp_tuning_ID0000022.meta,/home/poseidon/workflows/predict-future-sales-workflow/submit/poseidon/pegasus/predict-future-sales/run0006/00/00/./xgboost_hp_tuning_group_0.000/00/00/xgboost_hp_tuning_ID0000020.meta,/home/poseidon/workflows/predict-future-sales-workflow/submit/poseidon/pegasus/predict-future-sales/run0006/00/00/./xgboost_hp_tuning_group_0.000/00/00/xgboost_hp_tuning_ID0000017.meta --insert /home/poseidon/workflows/predict-future-sales-workflow/submit/poseidon/pegasus/predict-future-sales/run0006/00/00/./xgboost_hp_tuning_group_0.000/00/00/register_condorpool_0_2.in",3.1,0,0,,,,,,,,,
stage_out_local_condorpool_0_1_pegasus-plan_ID0000016,None,transfer,0,1676677577.0,,,1676677582.0,,,0.0,1676677582.0,1676677592.0,1676677582.0,1676677586.0,2106.0,1676677592.0,1676677597.0,5.0,,0.0,10.0,5.0,,,4.0,8498.0,poseidon,local,host-10-100-100-12.openstacklocal,pegasus::transfer,/home/poseidon/pegasus-5.1.0panorama/bin/pegasus-transfer,/home/poseidon/pegasus-5.1.0panorama/bin/../bin/pegasus-kickstart  -n pegasus::transfer -N null -i - -R local  -L xgboost_hp_tuning_group_1 -T 2023-02-17T23:42:42+00:00 /home/poseidon/pegasus-5.1.0panorama/bin/../bin/pegasus-transfer  --threads 2,1.1,0,0,,,,,,,,,
xgboost_best_params_ID0000024_pegasus-plan_ID0000016,None,compute,0,1676677582.0,,,1676677587.0,1676677579.0,1676677597.0,32837979.4,1676677614.0,1676677652.0,1676677604.0,1676677608.0,248.0,1676677652.0,1676677657.0,5.0,,27.0,38.0,5.0,18.0,368018650.0,4.0,1063.0,poseidon,condorpool,poseidon-worker-2-container-16-23,xgboost_best_params,/srv/xgboost_best_params,,0.1,0,0,,,,,,,,,
stage_out_local_condorpool_0_0_pegasus-plan_ID0000016,None,transfer,0,1676677582.0,,,1676677587.0,,,0.0,1676677591.0,1676677602.0,1676677591.0,1676677596.0,2099.0,1676677602.0,1676677607.0,5.0,,4.0,11.0,5.0,,,5.0,8461.0,poseidon,local,host-10-100-100-12.openstacklocal,pegasus::transfer,/home/poseidon/pegasus-5.1.0panorama/bin/pegasus-transfer,/home/poseidon/pegasus-5.1.0panorama/bin/../bin/pegasus-kickstart  -n pegasus::transfer -N null -i - -R local  -L xgboost_hp_tuning_group_1 -T 2023-02-17T23:42:42+00:00 /home/poseidon/pegasus-5.1.0panorama/bin/../bin/pegasus-transfer  --threads 2,1.1,0,0,,,,,,,,,
register_condorpool_0_1_pegasus-plan_ID0000012,None,auxiliary,0,1676677587.0,,,1676677592.0,,,0.0,1676677598.0,1676677602.0,,,0.0,1676677602.0,1676677607.0,5.0,,6.0,4.0,5.0,,,,,poseidon,local,host-10-100-100-12.openstacklocal,pegasus::rc-client,/home/poseidon/pegasus-5.1.0panorama/bin/pegasus-rc-client,"-n pegasus::rc-client -N null -R local  -L xgboost_hp_tuning_group_0 -T 2023-02-17T23:42:42+00:00 /home/poseidon/pegasus-5.1.0panorama/bin/pegasus-rc-client --prefix pegasus.catalog.replica.output --conf /home/poseidon/workflows/predict-future-sales-workflow/submit/poseidon/pegasus/predict-future-sales/run0006/00/00/./xgboost_hp_tuning_group_0.000/pegasus.15815836840901891170.properties -v --meta /home/poseidon/workflows/predict-future-sales-workflow/submit/poseidon/pegasus/predict-future-sales/run0006/00/00/./xgboost_hp_tuning_group_0.000/00/00/xgboost_hp_tuning_ID0000019.meta,/home/poseidon/workflows/predict-future-sales-workflow/submit/poseidon/pegasus/predict-future-sales/run0006/00/00/./xgboost_hp_tuning_group_0.000/00/00/xgboost_hp_tuning_ID0000003.meta,/home/poseidon/workflows/predict-future-sales-workflow/submit/poseidon/pegasus/predict-future-sales/run0006/00/00/./xgboost_hp_tuning_group_0.000/00/00/xgboost_hp_tuning_ID0000006.meta,/home/poseidon/workflows/predict-future-sales-workflow/submit/poseidon/pegasus/predict-future-sales/run0006/00/00/./xgboost_hp_tuning_group_0.000/00/00/xgboost_hp_tuning_ID0000016.meta,/home/poseidon/workflows/predict-future-sales-workflow/submit/poseidon/pegasus/predict-future-sales/run0006/00/00/./xgboost_hp_tuning_group_0.000/00/00/xgboost_hp_tuning_ID0000013.meta,/home/poseidon/workflows/predict-future-sales-workflow/submit/poseidon/pegasus/predict-future-sales/run0006/00/00/./xgboost_hp_tuning_group_0.000/00/00/xgboost_hp_tuning_ID0000023.meta,/home/poseidon/workflows/predict-future-sales-workflow/submit/poseidon/pegasus/predict-future-sales/run0006/00/00/./xgboost_hp_tuning_group_0.000/00/00/xgboost_hp_tuning_ID0000011.meta,/home/poseidon/workflows/predict-future-sales-workflow/submit/poseidon/pegasus/predict-future-sales/run0006/00/00/./xgboost_hp_tuning_group_0.000/00/00/xgboost_hp_tuning_ID0000021.meta --insert /home/poseidon/workflows/predict-future-sales-workflow/submit/poseidon/pegasus/predict-future-sales/run0006/00/00/./xgboost_hp_tuning_group_0.000/00/00/register_condorpool_0_1.in",3.1,0,0,,,,,,,,,
register_condorpool_0_0_pegasus-plan_ID0000012,None,auxiliary,0,1676677592.0,,,1676677607.0,,,0.0,1676677607.0,1676677612.0,,,0.0,1676677612.0,1676677617.0,15.0,,0.0,5.0,5.0,,,,,poseidon,local,host-10-100-100-12.openstacklocal,pegasus::rc-client,/home/poseidon/pegasus-5.1.0panorama/bin/pegasus-rc-client,"-n pegasus::rc-client -N null -R local  -L xgboost_hp_tuning_group_0 -T 2023-02-17T23:42:42+00:00 /home/poseidon/pegasus-5.1.0panorama/bin/pegasus-rc-client --prefix pegasus.catalog.replica.output --conf /home/poseidon/workflows/predict-future-sales-workflow/submit/poseidon/pegasus/predict-future-sales/run0006/00/00/./xgboost_hp_tuning_group_0.000/pegasus.15815836840901891170.properties -v --meta /home/poseidon/workflows/predict-future-sales-workflow/submit/poseidon/pegasus/predict-future-sales/run0006/00/00/./xgboost_hp_tuning_group_0.000/00/00/xgboost_hp_tuning_ID0000018.meta,/home/poseidon/workflows/predict-future-sales-workflow/submit/poseidon/pegasus/predict-future-sales/run0006/00/00/./xgboost_hp_tuning_group_0.000/00/00/xgboost_hp_tuning_ID0000009.meta,/home/poseidon/workflows/predict-future-sales-workflow/submit/poseidon/pegasus/predict-future-sales/run0006/00/00/./xgboost_hp_tuning_group_0.000/00/00/xgboost_hp_tuning_ID0000012.meta,/home/poseidon/workflows/predict-future-sales-workflow/submit/poseidon/pegasus/predict-future-sales/run0006/00/00/./xgboost_hp_tuning_group_0.000/00/00/xgboost_hp_tuning_ID0000008.meta,/home/poseidon/workflows/predict-future-sales-workflow/submit/poseidon/pegasus/predict-future-sales/run0006/00/00/./xgboost_hp_tuning_group_0.000/00/00/xgboost_hp_tuning_ID0000010.meta,/home/poseidon/workflows/predict-future-sales-workflow/submit/poseidon/pegasus/predict-future-sales/run0006/00/00/./xgboost_hp_tuning_group_0.000/00/00/xgboost_hp_tuning_ID0000002.meta,/home/poseidon/workflows/predict-future-sales-workflow/submit/poseidon/pegasus/predict-future-sales/run0006/00/00/./xgboost_hp_tuning_group_0.000/00/00/xgboost_hp_tuning_ID0000005.meta,/home/poseidon/workflows/predict-future-sales-workflow/submit/poseidon/pegasus/predict-future-sales/run0006/00/00/./xgboost_hp_tuning_group_0.000/00/00/xgboost_hp_tuning_ID0000015.meta --insert /home/poseidon/workflows/predict-future-sales-workflow/submit/poseidon/pegasus/predict-future-sales/run0006/00/00/./xgboost_hp_tuning_group_0.000/00/00/register_condorpool_0_0.in",3.0,0,0,,,,,,,,,
register_condorpool_0_1_pegasus-plan_ID0000016,None,auxiliary,0,1676677597.0,,,1676677612.0,,,0.0,1676677612.0,1676677617.0,,,0.0,1676677617.0,1676677622.0,15.0,,0.0,5.0,5.0,,,,,poseidon,local,host-10-100-100-12.openstacklocal,pegasus::rc-client,/home/poseidon/pegasus-5.1.0panorama/bin/pegasus-rc-client,"-n pegasus::rc-client -N null -R local  -L xgboost_hp_tuning_group_1 -T 2023-02-17T23:42:42+00:00 /home/poseidon/pegasus-5.1.0panorama/bin/pegasus-rc-client --prefix pegasus.catalog.replica.output --conf /home/poseidon/workflows/predict-future-sales-workflow/submit/poseidon/pegasus/predict-future-sales/run0006/00/00/./xgboost_hp_tuning_group_1.000/pegasus.10310618700286904862.properties -v --meta /home/poseidon/workflows/predict-future-sales-workflow/submit/poseidon/pegasus/predict-future-sales/run0006/00/00/./xgboost_hp_tuning_group_1.000/00/00/xgboost_hp_tuning_ID0000019.meta,/home/poseidon/workflows/predict-future-sales-workflow/submit/poseidon/pegasus/predict-future-sales/run0006/00/00/./xgboost_hp_tuning_group_1.000/00/00/xgboost_hp_tuning_ID0000003.meta,/home/poseidon/workflows/predict-future-sales-workflow/submit/poseidon/pegasus/predict-future-sales/run0006/00/00/./xgboost_hp_tuning_group_1.000/00/00/xgboost_hp_tuning_ID0000006.meta,/home/poseidon/workflows/predict-future-sales-workflow/submit/poseidon/pegasus/predict-future-sales/run0006/00/00/./xgboost_hp_tuning_group_1.000/00/00/xgboost_hp_tuning_ID0000016.meta,/home/poseidon/workflows/predict-future-sales-workflow/submit/poseidon/pegasus/predict-future-sales/run0006/00/00/./xgboost_hp_tuning_group_1.000/00/00/xgboost_hp_tuning_ID0000013.meta,/home/poseidon/workflows/predict-future-sales-workflow/submit/poseidon/pegasus/predict-future-sales/run0006/00/00/./xgboost_hp_tuning_group_1.000/00/00/xgboost_hp_tuning_ID0000023.meta,/home/poseidon/workflows/predict-future-sales-workflow/submit/poseidon/pegasus/predict-future-sales/run0006/00/00/./xgboost_hp_tuning_group_1.000/00/00/xgboost_hp_tuning_ID0000011.meta,/home/poseidon/workflows/predict-future-sales-workflow/submit/poseidon/pegasus/predict-future-sales/run0006/00/00/./xgboost_hp_tuning_group_1.000/00/00/xgboost_hp_tuning_ID0000021.meta --insert /home/poseidon/workflows/predict-future-sales-workflow/submit/poseidon/pegasus/predict-future-sales/run0006/00/00/./xgboost_hp_tuning_group_1.000/00/00/register_condorpool_0_1.in",3.1,0,0,,,,,,,,,
register_condorpool_0_2_pegasus-plan_ID0000016,None,auxiliary,0,1676677597.0,,,1676677602.0,,,0.0,1676677602.0,1676677607.0,,,0.0,1676677607.0,1676677612.0,5.0,,0.0,5.0,5.0,,,,,poseidon,local,host-10-100-100-12.openstacklocal,pegasus::rc-client,/home/poseidon/pegasus-5.1.0panorama/bin/pegasus-rc-client,"-n pegasus::rc-client -N null -R local  -L xgboost_hp_tuning_group_1 -T 2023-02-17T23:42:42+00:00 /home/poseidon/pegasus-5.1.0panorama/bin/pegasus-rc-client --prefix pegasus.catalog.replica.output --conf /home/poseidon/workflows/predict-future-sales-workflow/submit/poseidon/pegasus/predict-future-sales/run0006/00/00/./xgboost_hp_tuning_group_1.000/pegasus.10310618700286904862.properties -v --meta /home/poseidon/workflows/predict-future-sales-workflow/submit/poseidon/pegasus/predict-future-sales/run0006/00/00/./xgboost_hp_tuning_group_1.000/00/00/xgboost_hp_tuning_ID0000014.meta,/home/poseidon/workflows/predict-future-sales-workflow/submit/poseidon/pegasus/predict-future-sales/run0006/00/00/./xgboost_hp_tuning_group_1.000/00/00/xgboost_hp_tuning_ID0000001.meta,/home/poseidon/workflows/predict-future-sales-workflow/submit/poseidon/pegasus/predict-future-sales/run0006/00/00/./xgboost_hp_tuning_group_1.000/00/00/xgboost_hp_tuning_ID0000007.meta,/home/poseidon/workflows/predict-future-sales-workflow/submit/poseidon/pegasus/predict-future-sales/run0006/00/00/./xgboost_hp_tuning_group_1.000/00/00/xgboost_hp_tuning_ID0000004.meta,/home/poseidon/workflows/predict-future-sales-workflow/submit/poseidon/pegasus/predict-future-sales/run0006/00/00/./xgboost_hp_tuning_group_1.000/00/00/xgboost_hp_tuning_ID0000022.meta,/home/poseidon/workflows/predict-future-sales-workflow/submit/poseidon/pegasus/predict-future-sales/run0006/00/00/./xgboost_hp_tuning_group_1.000/00/00/xgboost_hp_tuning_ID0000020.meta,/home/poseidon/workflows/predict-future-sales-workflow/submit/poseidon/pegasus/predict-future-sales/run0006/00/00/./xgboost_hp_tuning_group_1.000/00/00/xgboost_hp_tuning_ID0000017.meta --insert /home/poseidon/workflows/predict-future-sales-workflow/submit/poseidon/pegasus/predict-future-sales/run0006/00/00/./xgboost_hp_tuning_group_1.000/00/00/register_condorpool_0_2.in",3.1,0,0,,,,,,,,,
register_condorpool_0_0_pegasus-plan_ID0000016,None,auxiliary,0,1676677607.0,,,1676677622.0,,,0.0,1676677622.0,1676677627.0,,,0.0,1676677627.0,1676677632.0,15.0,,0.0,5.0,5.0,,,,,poseidon,local,host-10-100-100-12.openstacklocal,pegasus::rc-client,/home/poseidon/pegasus-5.1.0panorama/bin/pegasus-rc-client,"-n pegasus::rc-client -N null -R local  -L xgboost_hp_tuning_group_1 -T 2023-02-17T23:42:42+00:00 /home/poseidon/pegasus-5.1.0panorama/bin/pegasus-rc-client --prefix pegasus.catalog.replica.output --conf /home/poseidon/workflows/predict-future-sales-workflow/submit/poseidon/pegasus/predict-future-sales/run0006/00/00/./xgboost_hp_tuning_group_1.000/pegasus.10310618700286904862.properties -v --meta /home/poseidon/workflows/predict-future-sales-workflow/submit/poseidon/pegasus/predict-future-sales/run0006/00/00/./xgboost_hp_tuning_group_1.000/00/00/xgboost_hp_tuning_ID0000018.meta,/home/poseidon/workflows/predict-future-sales-workflow/submit/poseidon/pegasus/predict-future-sales/run0006/00/00/./xgboost_hp_tuning_group_1.000/00/00/xgboost_hp_tuning_ID0000009.meta,/home/poseidon/workflows/predict-future-sales-workflow/submit/poseidon/pegasus/predict-future-sales/run0006/00/00/./xgboost_hp_tuning_group_1.000/00/00/xgboost_hp_tuning_ID0000012.meta,/home/poseidon/workflows/predict-future-sales-workflow/submit/poseidon/pegasus/predict-future-sales/run0006/00/00/./xgboost_hp_tuning_group_1.000/00/00/xgboost_hp_tuning_ID0000008.meta,/home/poseidon/workflows/predict-future-sales-workflow/submit/poseidon/pegasus/predict-future-sales/run0006/00/00/./xgboost_hp_tuning_group_1.000/00/00/xgboost_hp_tuning_ID0000010.meta,/home/poseidon/workflows/predict-future-sales-workflow/submit/poseidon/pegasus/predict-future-sales/run0006/00/00/./xgboost_hp_tuning_group_1.000/00/00/xgboost_hp_tuning_ID0000002.meta,/home/poseidon/workflows/predict-future-sales-workflow/submit/poseidon/pegasus/predict-future-sales/run0006/00/00/./xgboost_hp_tuning_group_1.000/00/00/xgboost_hp_tuning_ID0000005.meta,/home/poseidon/workflows/predict-future-sales-workflow/submit/poseidon/pegasus/predict-future-sales/run0006/00/00/./xgboost_hp_tuning_group_1.000/00/00/xgboost_hp_tuning_ID0000015.meta --insert /home/poseidon/workflows/predict-future-sales-workflow/submit/poseidon/pegasus/predict-future-sales/run0006/00/00/./xgboost_hp_tuning_group_1.000/00/00/register_condorpool_0_0.in",3.1,0,0,,,,,,,,,
stage_out_local_condorpool_1_0_pegasus-plan_ID0000012,None,transfer,0,1676677617.0,,,1676677622.0,,,0.0,1676677623.0,1676677637.0,1676677624.0,1676677628.0,1235.0,1676677637.0,1676677642.0,5.0,,1.0,14.0,5.0,,,4.0,5315.0,poseidon,local,host-10-100-100-12.openstacklocal,pegasus::transfer,/home/poseidon/pegasus-5.1.0panorama/bin/pegasus-transfer,/home/poseidon/pegasus-5.1.0panorama/bin/../bin/pegasus-kickstart  -n pegasus::transfer -N null -i - -R local  -L xgboost_hp_tuning_group_0 -T 2023-02-17T23:42:42+00:00 /home/poseidon/pegasus-5.1.0panorama/bin/../bin/pegasus-transfer  --threads 2,0.7,0,0,,,,,,,,,
register_condorpool_1_0_pegasus-plan_ID0000012,None,auxiliary,0,1676677642.0,,,1676677647.0,,,0.0,1676677647.0,1676677652.0,,,0.0,1676677652.0,1676677657.0,5.0,,0.0,5.0,5.0,,,,,poseidon,local,host-10-100-100-12.openstacklocal,pegasus::rc-client,/home/poseidon/pegasus-5.1.0panorama/bin/pegasus-rc-client,-n pegasus::rc-client -N null -R local  -L xgboost_hp_tuning_group_0 -T 2023-02-17T23:42:42+00:00 /home/poseidon/pegasus-5.1.0panorama/bin/pegasus-rc-client --prefix pegasus.catalog.replica.output --conf /home/poseidon/workflows/predict-future-sales-workflow/submit/poseidon/pegasus/predict-future-sales/run0006/00/00/./xgboost_hp_tuning_group_0.000/pegasus.15815836840901891170.properties -v --meta /home/poseidon/workflows/predict-future-sales-workflow/submit/poseidon/pegasus/predict-future-sales/run0006/00/00/./xgboost_hp_tuning_group_0.000/00/00/xgboost_best_params_ID0000024.meta --insert /home/poseidon/workflows/predict-future-sales-workflow/submit/poseidon/pegasus/predict-future-sales/run0006/00/00/./xgboost_hp_tuning_group_0.000/00/00/register_condorpool_1_0.in,3.0,0,0,,,,,,,,,
stage_out_local_condorpool_1_0_pegasus-plan_ID0000016,None,transfer,0,1676677657.0,,,1676677662.0,,,0.0,1676677662.0,1676677672.0,1676677662.0,1676677667.0,1231.0,1676677672.0,1676677677.0,5.0,,0.0,10.0,5.0,,,5.0,5315.0,poseidon,local,host-10-100-100-12.openstacklocal,pegasus::transfer,/home/poseidon/pegasus-5.1.0panorama/bin/pegasus-transfer,/home/poseidon/pegasus-5.1.0panorama/bin/../bin/pegasus-kickstart  -n pegasus::transfer -N null -i - -R local  -L xgboost_hp_tuning_group_1 -T 2023-02-17T23:42:42+00:00 /home/poseidon/pegasus-5.1.0panorama/bin/../bin/pegasus-transfer  --threads 2,0.7,0,0,,,,,,,,,
xgboost_model_ID0000013,None,compute,0,1676677659.0,,,1676677664.0,1676677851.0,1676677872.0,46603208.2,1676677886.0,1676677934.0,1676677887.0,1676677892.0,236082.0,1676677934.0,1676677939.0,5.0,,222.0,48.0,5.0,21.0,502671193.0,5.0,1056862.0,poseidon,condorpool,poseidon-worker-3-container-32-39,xgboost_model,/srv/xgboost_model,,39.4,0,0,,,,,,,,,
register_condorpool_1_0_pegasus-plan_ID0000016,None,auxiliary,0,1676677677.0,,,1676677682.0,,,0.0,1676677682.0,1676677687.0,,,0.0,1676677687.0,1676677692.0,5.0,,0.0,5.0,5.0,,,,,poseidon,local,host-10-100-100-12.openstacklocal,pegasus::rc-client,/home/poseidon/pegasus-5.1.0panorama/bin/pegasus-rc-client,-n pegasus::rc-client -N null -R local  -L xgboost_hp_tuning_group_1 -T 2023-02-17T23:42:42+00:00 /home/poseidon/pegasus-5.1.0panorama/bin/pegasus-rc-client --prefix pegasus.catalog.replica.output --conf /home/poseidon/workflows/predict-future-sales-workflow/submit/poseidon/pegasus/predict-future-sales/run0006/00/00/./xgboost_hp_tuning_group_1.000/pegasus.10310618700286904862.properties -v --meta /home/poseidon/workflows/predict-future-sales-workflow/submit/poseidon/pegasus/predict-future-sales/run0006/00/00/./xgboost_hp_tuning_group_1.000/00/00/xgboost_best_params_ID0000024.meta --insert /home/poseidon/workflows/predict-future-sales-workflow/submit/poseidon/pegasus/predict-future-sales/run0006/00/00/./xgboost_hp_tuning_group_1.000/00/00/register_condorpool_1_0.in,3.0,0,0,,,,,,,,,
xgboost_model_ID0000017,None,compute,0,1676677694.0,,,1676677699.0,1676677891.0,1676677909.0,42636953.2,1676677926.0,1676677969.0,1676677919.0,1676677924.0,85560.0,1676677969.0,1676677974.0,5.0,,227.0,43.0,5.0,18.0,377645130.0,5.0,377241.0,poseidon,condorpool,poseidon-worker-3-container-8-15,xgboost_model,/srv/xgboost_model,,9.4,0,0,,,,,,,,,
model_predict_ID0000014,None,compute,0,1676677939.0,,,1676677944.0,1676677915.0,1676677932.0,41730452.8,1676677950.0,1676677989.0,1676677940.0,1676677944.0,103138.0,1676677989.0,1676677994.0,5.0,,6.0,39.0,5.0,17.0,371244179.0,4.0,451213.0,poseidon,condorpool,poseidon-worker-3-container-24-31,model_predict,/srv/model_predict,,2.5,0,0,,,,,,,,,
model_predict_ID0000018,None,compute,0,1676677974.0,,,1676677979.0,1676677946.0,1676677963.0,41759244.8,1676677980.0,1676678019.0,1676677971.0,1676677975.0,5833.0,1676678019.0,1676678024.0,5.0,,1.0,39.0,5.0,17.0,368479851.0,4.0,25035.0,poseidon,condorpool,poseidon-worker-1-container-40-47,model_predict,/srv/model_predict,,2.4,0,0,,,,,,,,,
stage_out_local_condorpool_0_1_pegasus-plan_ID0000020,None,transfer,0,1676678327.0,,,1676678332.0,,,0.0,1676678332.0,1676678342.0,1676678333.0,1676678337.0,2108.0,1676678342.0,1676678347.0,5.0,,0.0,10.0,5.0,,,4.0,8507.0,poseidon,local,host-10-100-100-12.openstacklocal,pegasus::transfer,/home/poseidon/pegasus-5.1.0panorama/bin/pegasus-transfer,/home/poseidon/pegasus-5.1.0panorama/bin/../bin/pegasus-kickstart  -n pegasus::transfer -N null -i - -R local  -L xgboost_hp_tuning_group_2 -T 2023-02-17T23:42:42+00:00 /home/poseidon/pegasus-5.1.0panorama/bin/../bin/pegasus-transfer  --threads 2,1.0,0,0,,,,,,,,,
stage_out_local_condorpool_0_2_pegasus-plan_ID0000020,None,transfer,0,1676678332.0,,,1676678337.0,,,0.0,1676678339.0,1676678352.0,1676678339.0,1676678343.0,1841.0,1676678352.0,1676678357.0,5.0,,2.0,13.0,5.0,,,4.0,7427.0,poseidon,local,host-10-100-100-12.openstacklocal,pegasus::transfer,/home/poseidon/pegasus-5.1.0panorama/bin/pegasus-transfer,/home/poseidon/pegasus-5.1.0panorama/bin/../bin/pegasus-kickstart  -n pegasus::transfer -N null -i - -R local  -L xgboost_hp_tuning_group_2 -T 2023-02-17T23:42:42+00:00 /home/poseidon/pegasus-5.1.0panorama/bin/../bin/pegasus-transfer  --threads 2,1.0,0,0,,,,,,,,,
register_condorpool_0_1_pegasus-plan_ID0000020,None,auxiliary,0,1676678347.0,,,1676678352.0,,,0.0,1676678352.0,1676678357.0,,,0.0,1676678357.0,1676678362.0,5.0,,0.0,5.0,5.0,,,,,poseidon,local,host-10-100-100-12.openstacklocal,pegasus::rc-client,/home/poseidon/pegasus-5.1.0panorama/bin/pegasus-rc-client,"-n pegasus::rc-client -N null -R local  -L xgboost_hp_tuning_group_2 -T 2023-02-17T23:42:42+00:00 /home/poseidon/pegasus-5.1.0panorama/bin/pegasus-rc-client --prefix pegasus.catalog.replica.output --conf /home/poseidon/workflows/predict-future-sales-workflow/submit/poseidon/pegasus/predict-future-sales/run0006/00/00/./xgboost_hp_tuning_group_2.000/pegasus.6478672692014186935.properties -v --meta /home/poseidon/workflows/predict-future-sales-workflow/submit/poseidon/pegasus/predict-future-sales/run0006/00/00/./xgboost_hp_tuning_group_2.000/00/00/xgboost_hp_tuning_ID0000013.meta,/home/poseidon/workflows/predict-future-sales-workflow/submit/poseidon/pegasus/predict-future-sales/run0006/00/00/./xgboost_hp_tuning_group_2.000/00/00/xgboost_hp_tuning_ID0000023.meta,/home/poseidon/workflows/predict-future-sales-workflow/submit/poseidon/pegasus/predict-future-sales/run0006/00/00/./xgboost_hp_tuning_group_2.000/00/00/xgboost_hp_tuning_ID0000011.meta,/home/poseidon/workflows/predict-future-sales-workflow/submit/poseidon/pegasus/predict-future-sales/run0006/00/00/./xgboost_hp_tuning_group_2.000/00/00/xgboost_hp_tuning_ID0000006.meta,/home/poseidon/workflows/predict-future-sales-workflow/submit/poseidon/pegasus/predict-future-sales/run0006/00/00/./xgboost_hp_tuning_group_2.000/00/00/xgboost_hp_tuning_ID0000003.meta,/home/poseidon/workflows/predict-future-sales-workflow/submit/poseidon/pegasus/predict-future-sales/run0006/00/00/./xgboost_hp_tuning_group_2.000/00/00/xgboost_hp_tuning_ID0000021.meta,/home/poseidon/workflows/predict-future-sales-workflow/submit/poseidon/pegasus/predict-future-sales/run0006/00/00/./xgboost_hp_tuning_group_2.000/00/00/xgboost_hp_tuning_ID0000019.meta,/home/poseidon/workflows/predict-future-sales-workflow/submit/poseidon/pegasus/predict-future-sales/run0006/00/00/./xgboost_hp_tuning_group_2.000/00/00/xgboost_hp_tuning_ID0000016.meta --insert /home/poseidon/workflows/predict-future-sales-workflow/submit/poseidon/pegasus/predict-future-sales/run0006/00/00/./xgboost_hp_tuning_group_2.000/00/00/register_condorpool_0_1.in",3.0,0,0,,,,,,,,,
register_condorpool_0_2_pegasus-plan_ID0000020,None,auxiliary,0,1676678357.0,,,1676678362.0,,,0.0,1676678362.0,1676678367.0,,,0.0,1676678367.0,1676678372.0,5.0,,0.0,5.0,5.0,,,,,poseidon,local,host-10-100-100-12.openstacklocal,pegasus::rc-client,/home/poseidon/pegasus-5.1.0panorama/bin/pegasus-rc-client,"-n pegasus::rc-client -N null -R local  -L xgboost_hp_tuning_group_2 -T 2023-02-17T23:42:42+00:00 /home/poseidon/pegasus-5.1.0panorama/bin/pegasus-rc-client --prefix pegasus.catalog.replica.output --conf /home/poseidon/workflows/predict-future-sales-workflow/submit/poseidon/pegasus/predict-future-sales/run0006/00/00/./xgboost_hp_tuning_group_2.000/pegasus.6478672692014186935.properties -v --meta /home/poseidon/workflows/predict-future-sales-workflow/submit/poseidon/pegasus/predict-future-sales/run0006/00/00/./xgboost_hp_tuning_group_2.000/00/00/xgboost_hp_tuning_ID0000017.meta,/home/poseidon/workflows/predict-future-sales-workflow/submit/poseidon/pegasus/predict-future-sales/run0006/00/00/./xgboost_hp_tuning_group_2.000/00/00/xgboost_hp_tuning_ID0000022.meta,/home/poseidon/workflows/predict-future-sales-workflow/submit/poseidon/pegasus/predict-future-sales/run0006/00/00/./xgboost_hp_tuning_group_2.000/00/00/xgboost_hp_tuning_ID0000007.meta,/home/poseidon/workflows/predict-future-sales-workflow/submit/poseidon/pegasus/predict-future-sales/run0006/00/00/./xgboost_hp_tuning_group_2.000/00/00/xgboost_hp_tuning_ID0000020.meta,/home/poseidon/workflows/predict-future-sales-workflow/submit/poseidon/pegasus/predict-future-sales/run0006/00/00/./xgboost_hp_tuning_group_2.000/00/00/xgboost_hp_tuning_ID0000001.meta,/home/poseidon/workflows/predict-future-sales-workflow/submit/poseidon/pegasus/predict-future-sales/run0006/00/00/./xgboost_hp_tuning_group_2.000/00/00/xgboost_hp_tuning_ID0000004.meta,/home/poseidon/workflows/predict-future-sales-workflow/submit/poseidon/pegasus/predict-future-sales/run0006/00/00/./xgboost_hp_tuning_group_2.000/00/00/xgboost_hp_tuning_ID0000014.meta --insert /home/poseidon/workflows/predict-future-sales-workflow/submit/poseidon/pegasus/predict-future-sales/run0006/00/00/./xgboost_hp_tuning_group_2.000/00/00/register_condorpool_0_2.in",3.1,0,0,,,,,,,,,
xgboost_best_params_ID0000024_pegasus-plan_ID0000020,None,compute,0,1676678357.0,,,1676678362.0,1676678329.0,1676678346.0,37053388.0,1676678364.0,1676678402.0,1676678352.0,1676678357.0,256.0,1676678402.0,1676678407.0,5.0,,2.0,38.0,5.0,17.0,368018669.0,5.0,1063.0,poseidon,condorpool,poseidon-worker-3-container-16-23,xgboost_best_params,/srv/xgboost_best_params,,0.0,0,0,,,,,,,,,
stage_out_local_condorpool_0_0_pegasus-plan_ID0000020,None,transfer,0,1676678357.0,,,1676678362.0,,,0.0,1676678362.0,1676678372.0,1676678362.0,1676678367.0,2099.0,1676678372.0,1676678377.0,5.0,,0.0,10.0,5.0,,,5.0,8466.0,poseidon,local,host-10-100-100-12.openstacklocal,pegasus::transfer,/home/poseidon/pegasus-5.1.0panorama/bin/pegasus-transfer,/home/poseidon/pegasus-5.1.0panorama/bin/../bin/pegasus-kickstart  -n pegasus::transfer -N null -i - -R local  -L xgboost_hp_tuning_group_2 -T 2023-02-17T23:42:42+00:00 /home/poseidon/pegasus-5.1.0panorama/bin/../bin/pegasus-transfer  --threads 2,1.0,0,0,,,,,,,,,
register_condorpool_0_0_pegasus-plan_ID0000020,None,auxiliary,0,1676678377.0,,,1676678382.0,,,0.0,1676678382.0,1676678387.0,,,0.0,1676678387.0,1676678392.0,5.0,,0.0,5.0,5.0,,,,,poseidon,local,host-10-100-100-12.openstacklocal,pegasus::rc-client,/home/poseidon/pegasus-5.1.0panorama/bin/pegasus-rc-client,"-n pegasus::rc-client -N null -R local  -L xgboost_hp_tuning_group_2 -T 2023-02-17T23:42:42+00:00 /home/poseidon/pegasus-5.1.0panorama/bin/pegasus-rc-client --prefix pegasus.catalog.replica.output --conf /home/poseidon/workflows/predict-future-sales-workflow/submit/poseidon/pegasus/predict-future-sales/run0006/00/00/./xgboost_hp_tuning_group_2.000/pegasus.6478672692014186935.properties -v --meta /home/poseidon/workflows/predict-future-sales-workflow/submit/poseidon/pegasus/predict-future-sales/run0006/00/00/./xgboost_hp_tuning_group_2.000/00/00/xgboost_hp_tuning_ID0000018.meta,/home/poseidon/workflows/predict-future-sales-workflow/submit/poseidon/pegasus/predict-future-sales/run0006/00/00/./xgboost_hp_tuning_group_2.000/00/00/xgboost_hp_tuning_ID0000002.meta,/home/poseidon/workflows/predict-future-sales-workflow/submit/poseidon/pegasus/predict-future-sales/run0006/00/00/./xgboost_hp_tuning_group_2.000/00/00/xgboost_hp_tuning_ID0000005.meta,/home/poseidon/workflows/predict-future-sales-workflow/submit/poseidon/pegasus/predict-future-sales/run0006/00/00/./xgboost_hp_tuning_group_2.000/00/00/xgboost_hp_tuning_ID0000009.meta,/home/poseidon/workflows/predict-future-sales-workflow/submit/poseidon/pegasus/predict-future-sales/run0006/00/00/./xgboost_hp_tuning_group_2.000/00/00/xgboost_hp_tuning_ID0000015.meta,/home/poseidon/workflows/predict-future-sales-workflow/submit/poseidon/pegasus/predict-future-sales/run0006/00/00/./xgboost_hp_tuning_group_2.000/00/00/xgboost_hp_tuning_ID0000012.meta,/home/poseidon/workflows/predict-future-sales-workflow/submit/poseidon/pegasus/predict-future-sales/run0006/00/00/./xgboost_hp_tuning_group_2.000/00/00/xgboost_hp_tuning_ID0000010.meta,/home/poseidon/workflows/predict-future-sales-workflow/submit/poseidon/pegasus/predict-future-sales/run0006/00/00/./xgboost_hp_tuning_group_2.000/00/00/xgboost_hp_tuning_ID0000008.meta --insert /home/poseidon/workflows/predict-future-sales-workflow/submit/poseidon/pegasus/predict-future-sales/run0006/00/00/./xgboost_hp_tuning_group_2.000/00/00/register_condorpool_0_0.in",3.0,0,0,,,,,,,,,
stage_out_local_condorpool_1_0_pegasus-plan_ID0000020,None,transfer,0,1676678407.0,,,1676678412.0,,,0.0,1676678412.0,1676678422.0,1676678412.0,1676678417.0,1242.0,1676678422.0,1676678427.0,5.0,,0.0,10.0,5.0,,,5.0,5315.0,poseidon,local,host-10-100-100-12.openstacklocal,pegasus::transfer,/home/poseidon/pegasus-5.1.0panorama/bin/pegasus-transfer,/home/poseidon/pegasus-5.1.0panorama/bin/../bin/pegasus-kickstart  -n pegasus::transfer -N null -i - -R local  -L xgboost_hp_tuning_group_2 -T 2023-02-17T23:42:42+00:00 /home/poseidon/pegasus-5.1.0panorama/bin/../bin/pegasus-transfer  --threads 2,0.7,0,0,,,,,,,,,
register_condorpool_1_0_pegasus-plan_ID0000020,None,auxiliary,0,1676678427.0,,,1676678432.0,,,0.0,1676678432.0,1676678437.0,,,0.0,1676678437.0,1676678442.0,5.0,,0.0,5.0,5.0,,,,,poseidon,local,host-10-100-100-12.openstacklocal,pegasus::rc-client,/home/poseidon/pegasus-5.1.0panorama/bin/pegasus-rc-client,-n pegasus::rc-client -N null -R local  -L xgboost_hp_tuning_group_2 -T 2023-02-17T23:42:42+00:00 /home/poseidon/pegasus-5.1.0panorama/bin/pegasus-rc-client --prefix pegasus.catalog.replica.output --conf /home/poseidon/workflows/predict-future-sales-workflow/submit/poseidon/pegasus/predict-future-sales/run0006/00/00/./xgboost_hp_tuning_group_2.000/pegasus.6478672692014186935.properties -v --meta /home/poseidon/workflows/predict-future-sales-workflow/submit/poseidon/pegasus/predict-future-sales/run0006/00/00/./xgboost_hp_tuning_group_2.000/00/00/xgboost_best_params_ID0000024.meta --insert /home/poseidon/workflows/predict-future-sales-workflow/submit/poseidon/pegasus/predict-future-sales/run0006/00/00/./xgboost_hp_tuning_group_2.000/00/00/register_condorpool_1_0.in,3.0,0,0,,,,,,,,,
xgboost_model_ID0000021,None,compute,0,1676678445.0,,,1676678450.0,1676678419.0,1676678452.0,68906709.0,1676678454.0,1676678615.0,1676678565.0,1676678570.0,1901402.0,1676678615.0,1676678620.0,5.0,,4.0,161.0,5.0,33.0,1691152084.0,5.0,8756093.0,poseidon,condorpool,poseidon-worker-1-container-40-47,xgboost_model,/srv/xgboost_model,,617.6,0,0,0.1,1348831053.0,24449.0,5328.0,8.0,582.3,12.0,13488310.5,2444.9
stage_out_local_local_5_0,None,transfer,0,1676678445.0,,,1676678450.0,,,0.0,1676678450.0,1676678460.0,1676678450.0,1676678454.0,790.0,1676678460.0,1676678465.0,5.0,,0.0,10.0,5.0,,,4.0,3189.0,poseidon,local,host-10-100-100-12.openstacklocal,pegasus::transfer,/home/poseidon/pegasus-5.1.0panorama/bin/pegasus-transfer,pegasus-kickstart  -n pegasus::transfer -N null -i - -R local  -L predict-future-sales -T 2023-02-17T19:59:06+00:00 pegasus-transfer  --threads 2,0.3,0,0,,,,,,,,,
cleanup_predict-future-sales_0_local,None,auxiliary,0,1676678465.0,,,1676678470.0,,,0.0,1676678470.0,1676678480.0,,,0.0,1676678480.0,1676678485.0,5.0,,0.0,10.0,5.0,,,,,poseidon,local,host-10-100-100-12.openstacklocal,pegasus::cleanup,/home/poseidon/pegasus-5.1.0panorama/bin/pegasus-transfer,pegasus-kickstart  -n pegasus::cleanup -N null -i - -R local  -L predict-future-sales -T 2023-02-17T19:59:06+00:00 pegasus-transfer,0.3,0,0,,,,,,,,,
stage_out_local_condorpool_6_0,None,transfer,0,1676678620.0,,,1676678625.0,,,0.0,1676678625.0,1676678635.0,1676678625.0,1676678629.0,2526486.0,1676678635.0,1676678640.0,5.0,,0.0,10.0,5.0,,,4.0,10190196.0,poseidon,local,host-10-100-100-12.openstacklocal,pegasus::transfer,/home/poseidon/pegasus-5.1.0panorama/bin/pegasus-transfer,pegasus-kickstart  -n pegasus::transfer -N null -i - -R local  -L predict-future-sales -T 2023-02-17T19:59:06+00:00 pegasus-transfer  --threads 2,0.9,0,0,,,,,,,,,
model_predict_ID0000022,None,compute,0,1676678620.0,,,1676678625.0,1676678592.0,1676678610.0,40658915.7,1676678626.0,1676678670.0,1676678619.0,1676678623.0,1230847.0,1676678670.0,1676678675.0,5.0,,1.0,44.0,5.0,18.0,403760735.0,4.0,5523764.0,poseidon,condorpool,poseidon-worker-1-container-40-47,model_predict,/srv/model_predict,,3.5,0,0,,,,,,,,,
stage_out_local_condorpool_7_0,None,transfer,0,1676678675.0,,,1676678680.0,,,0.0,1676678680.0,1676678690.0,1676678680.0,1676678684.0,1486865.0,1676678690.0,1676678695.0,5.0,,0.0,10.0,5.0,,,4.0,6000012.0,poseidon,local,host-10-100-100-12.openstacklocal,pegasus::transfer,/home/poseidon/pegasus-5.1.0panorama/bin/pegasus-transfer,pegasus-kickstart  -n pegasus::transfer -N null -i - -R local  -L predict-future-sales -T 2023-02-17T19:59:06+00:00 pegasus-transfer  --threads 2,0.6,0,0,,,,,,,,,
predict_merge_ID0000023,None,compute,0,1676678675.0,,,1676678680.0,1676678647.0,1676678666.0,37921318.7,1676678682.0,1676678720.0,1676678673.0,1676678678.0,834169.0,1676678720.0,1676678726.0,5.0,,2.0,38.0,6.0,19.0,377176763.0,5.0,3742310.0,poseidon,condorpool,poseidon-worker-1-container-40-47,predict_merge,/srv/predict_merge,,1.3,0,0,,,,,,,,,
stage_out_local_condorpool_8_0,None,transfer,0,1676678726.0,,,1676678731.0,,,0.0,1676678731.0,1676678741.0,1676678731.0,1676678733.0,1731590.0,1676678741.0,1676678746.0,5.0,,0.0,10.0,5.0,,,2.0,3742310.0,poseidon,local,host-10-100-100-12.openstacklocal,pegasus::transfer,/home/poseidon/pegasus-5.1.0panorama/bin/pegasus-transfer,pegasus-kickstart  -n pegasus::transfer -N null -i - -R local  -L predict-future-sales -T 2023-02-17T19:59:06+00:00 pegasus-transfer  --threads 2,0.4,0,0,,,,,,,,,
cleanup_predict-future-sales_0_condorpool,None,auxiliary,0,1676678746.0,,,1676678751.0,,,0.0,1676678751.0,1676678761.0,,,0.0,1676678761.0,1676678766.0,5.0,,0.0,10.0,5.0,,,,,poseidon,local,host-10-100-100-12.openstacklocal,pegasus::cleanup,/home/poseidon/pegasus-5.1.0panorama/bin/pegasus-transfer,pegasus-kickstart  -n pegasus::cleanup -N null -i - -R local  -L predict-future-sales -T 2023-02-17T19:59:06+00:00 pegasus-transfer,0.3,0,0,,,,,,,,,
