,anomaly_type,type,is_clustered,ready,pre_script_start,pre_script_end,submit,stage_in_start,stage_in_end,stage_in_effective_bytes_per_sec,execute_start,execute_end,stage_out_start,stage_out_end,stage_out_effective_bytes_per_sec,post_script_start,post_script_end,wms_delay,pre_script_delay,queue_delay,runtime,post_script_delay,stage_in_delay,stage_in_bytes,stage_out_delay,stage_out_bytes,kickstart_user,kickstart_site,kickstart_hostname,kickstart_transformations,kickstart_executables,kickstart_executables_argv,kickstart_executables_cpu_time,kickstart_status,kickstart_executables_exitcode,kickstart_online_iowait,kickstart_online_bytes_read,kickstart_online_bytes_written,kickstart_online_read_system_calls,kickstart_online_write_system_calls,kickstart_online_utime,kickstart_online_stime,kickstart_online_bytes_read_per_second,kickstart_online_bytes_written_per_second
create_dir_predict-future-sales_0_local,None,auxiliary,0,1677762865.0,,,1677762866.0,,,0.0,1677762870.0,1677762876.0,,,0.0,1677762876.0,1677762881.0,1.0,,4.0,6.0,5.0,,,,,poseidon,local,host-10-100-100-12.openstacklocal,pegasus::dirmanager,/home/poseidon/pegasus-5.1.0panorama/bin/pegasus-transfer,pegasus-kickstart  -n pegasus::dirmanager -N null -i - -R local  -L predict-future-sales -T 2023-02-17T19:59:06+00:00 pegasus-transfer,0.3,0,0,,,,,,,,,
create_dir_predict-future-sales_0_condorpool,None,auxiliary,0,1677762865.0,,,1677762866.0,,,0.0,1677762870.0,1677762876.0,,,0.0,1677762876.0,1677762881.0,1.0,,4.0,6.0,5.0,,,,,poseidon,local,host-10-100-100-12.openstacklocal,pegasus::dirmanager,/home/poseidon/pegasus-5.1.0panorama/bin/pegasus-transfer,pegasus-kickstart  -n pegasus::dirmanager -N null -i - -R local  -L predict-future-sales -T 2023-02-17T19:59:06+00:00 pegasus-transfer,0.3,0,0,,,,,,,,,
stage_in_local_condorpool_6_0,None,transfer,0,1677762881.0,,,1677762886.0,1677762886.0,1677762890.0,2216.0,1677762886.0,1677762896.0,,,0.0,1677762896.0,1677762901.0,5.0,,0.0,10.0,5.0,4.0,7870.0,,,poseidon,local,host-10-100-100-12.openstacklocal,pegasus::transfer,/home/poseidon/pegasus-5.1.0panorama/bin/pegasus-transfer,pegasus-kickstart  -n pegasus::transfer -N null -i - -R local  -L predict-future-sales -T 2023-02-17T19:59:06+00:00 pegasus-transfer  --threads 2,0.5,0,0,,,,,,,,,
stage_in_local_condorpool_0_0,None,transfer,0,1677762881.0,,,1677762886.0,1677762886.0,1677762896.0,95642913.0,1677762886.0,1677762906.0,,,0.0,1677762906.0,1677762911.0,5.0,,0.0,20.0,5.0,10.0,936801734.0,,,poseidon,local,host-10-100-100-12.openstacklocal,pegasus::transfer,/home/poseidon/pegasus-5.1.0panorama/bin/pegasus-transfer,pegasus-kickstart  -n pegasus::transfer -N null -i - -R local  -L predict-future-sales -T 2023-02-17T19:59:06+00:00 pegasus-transfer  --threads 2,5.7,0,0,,,,,,,,,
stage_in_local_condorpool_1_0,None,transfer,0,1677762881.0,,,1677762886.0,1677762886.0,1677762891.0,3568.0,1677762886.0,1677762896.0,,,0.0,1677762896.0,1677762901.0,5.0,,0.0,10.0,5.0,5.0,15640.0,,,poseidon,local,host-10-100-100-12.openstacklocal,pegasus::transfer,/home/poseidon/pegasus-5.1.0panorama/bin/pegasus-transfer,pegasus-kickstart  -n pegasus::transfer -N null -i - -R local  -L predict-future-sales -T 2023-02-17T19:59:06+00:00 pegasus-transfer  --threads 2,0.6,0,0,,,,,,,,,
stage_in_local_condorpool_7_0,None,transfer,0,1677762881.0,,,1677762886.0,1677762886.0,1677762890.0,982.0,1677762886.0,1677762896.0,,,0.0,1677762896.0,1677762901.0,5.0,,0.0,10.0,5.0,4.0,3488.0,,,poseidon,local,host-10-100-100-12.openstacklocal,pegasus::transfer,/home/poseidon/pegasus-5.1.0panorama/bin/pegasus-transfer,pegasus-kickstart  -n pegasus::transfer -N null -i - -R local  -L predict-future-sales -T 2023-02-17T19:59:06+00:00 pegasus-transfer  --threads 2,0.4,0,0,,,,,,,,,
stage_in_local_condorpool_3_0,None,transfer,0,1677762881.0,,,1677762886.0,1677762886.0,1677762891.0,2917.0,1677762886.0,1677762896.0,,,0.0,1677762896.0,1677762901.0,5.0,,0.0,10.0,5.0,5.0,12704.0,,,poseidon,local,host-10-100-100-12.openstacklocal,pegasus::transfer,/home/poseidon/pegasus-5.1.0panorama/bin/pegasus-transfer,pegasus-kickstart  -n pegasus::transfer -N null -i - -R local  -L predict-future-sales -T 2023-02-17T19:59:06+00:00 pegasus-transfer  --threads 2,0.6,0,0,,,,,,,,,
stage_in_local_condorpool_8_0,None,transfer,0,1677762881.0,,,1677762886.0,1677762886.0,1677762890.0,669.0,1677762886.0,1677762896.0,,,0.0,1677762896.0,1677762901.0,5.0,,0.0,10.0,5.0,4.0,2368.0,,,poseidon,local,host-10-100-100-12.openstacklocal,pegasus::transfer,/home/poseidon/pegasus-5.1.0panorama/bin/pegasus-transfer,pegasus-kickstart  -n pegasus::transfer -N null -i - -R local  -L predict-future-sales -T 2023-02-17T19:59:06+00:00 pegasus-transfer  --threads 2,0.5,0,0,,,,,,,,,
stage_in_local_local_4_0,None,transfer,0,1677762881.0,,,1677762886.0,1677762886.0,1677762888.0,5825.0,1677762886.0,1677762896.0,,,0.0,1677762896.0,1677762901.0,5.0,,0.0,10.0,5.0,2.0,12577.0,,,poseidon,local,host-10-100-100-12.openstacklocal,pegasus::transfer,/home/poseidon/pegasus-5.1.0panorama/bin/pegasus-transfer,pegasus-kickstart  -n pegasus::transfer -N null -i - -R local  -L predict-future-sales -T 2023-02-17T19:59:06+00:00 pegasus-transfer  --threads 2,0.4,0,0,,,,,,,,,
stage_in_local_condorpool_2_0,None,transfer,0,1677762881.0,,,1677762886.0,1677762886.0,1677762892.0,9784.0,1677762886.0,1677762901.0,,,0.0,1677762901.0,1677762906.0,5.0,,0.0,15.0,5.0,6.0,55480.0,,,poseidon,local,host-10-100-100-12.openstacklocal,pegasus::transfer,/home/poseidon/pegasus-5.1.0panorama/bin/pegasus-transfer,pegasus-kickstart  -n pegasus::transfer -N null -i - -R local  -L predict-future-sales -T 2023-02-17T19:59:06+00:00 pegasus-transfer  --threads 2,1.0,0,0,,,,,,,,,
preprocess_ID0000003,cpu_4,compute,0,1677762911.0,,,1677762916.0,1677762867.0,1677762885.0,42476424.4,1677762917.0,1677762966.0,1677762896.0,1677762904.0,21940844.0,1677762966.0,1677762971.0,5.0,,1.0,49.0,5.0,18.0,467356066.0,8.0,160257914.0,poseidon,condorpool,poseidon-worker-1-container-32-39,preprocess,/srv/preprocess,,4.1,0,0,,,,,,,,,
nlp_ID0000002,cpu_4,compute,0,1677762911.0,,,1677762916.0,1677762867.0,1677762883.0,41802841.0,1677762917.0,1677763537.0,1677763471.0,1677763475.0,581773.0,1677763537.0,1677763542.0,5.0,,1.0,620.0,5.0,16.0,369033604.0,4.0,2755872.0,poseidon,condorpool,poseidon-worker-2-container-16-23,nlp,/srv/nlp,,2026.1,0,0,0.1,21618247.0,8791.0,3607.0,5.0,2019.0,5.0,37272.8,879.1
eda_ID0000001,None,compute,0,1677762911.0,,,1677762916.0,1677762867.0,1677762885.0,45193662.0,1677762917.0,1677762991.0,1677762925.0,1677762930.0,273565.0,1677762991.0,1677762996.0,5.0,,1.0,74.0,5.0,18.0,464177772.0,5.0,1197853.0,poseidon,condorpool,poseidon-worker-3-container-8-15,eda,/srv/eda,,34.1,0,0,0.0,144727665.0,851269.0,27362.0,40.0,27.9,2.0,4824255.5,28375.6
feature_eng_0_ID0000004,cpu_4,compute,0,1677762971.0,,,1677762976.0,1677762927.0,1677762945.0,41822546.8,1677762977.0,1677763021.0,1677762956.0,1677762960.0,195355.0,1677763021.0,1677763026.0,5.0,,1.0,44.0,5.0,18.0,369949088.0,4.0,893320.0,poseidon,condorpool,poseidon-worker-1-container-32-39,feature_eng_0,/srv/feature_eng_0,,4.8,0,0,,,,,,,,,
feature_eng_1_ID0000005,None,compute,0,1677762971.0,,,1677762976.0,1677762938.0,1677762959.0,46284988.6,1677762989.0,1677763056.0,1677762983.0,1677762994.0,36246901.0,1677763056.0,1677763062.0,5.0,,13.0,67.0,6.0,21.0,528250191.0,11.0,393324463.0,poseidon,condorpool,poseidon-worker-3-container-8-15,feature_eng_1,/srv/feature_eng_1,,16.0,0,0,0.0,169608314.0,8.0,1721.0,1.0,7.9,2.1,16960831.4,0.8
feature_eng_4_ID0000008,cpu_4,compute,0,1677763062.0,,,1677763067.0,1677763027.0,1677763049.0,55486802.4,1677763077.0,1677763197.0,1677763110.0,1677763135.0,49242849.0,1677763197.0,1677763202.0,5.0,,10.0,120.0,5.0,22.0,761328752.0,25.0,1201824259.0,poseidon,condorpool,poseidon-worker-1-container-32-39,feature_eng_4,/srv/feature_eng_4,,49.0,0,0,0.0,402737227.0,8.0,1388.0,1.0,27.7,12.2,10068430.7,0.8
feature_eng_3_ID0000007,cpu_4,compute,0,1677763062.0,,,1677763067.0,1677763017.0,1677763044.0,39615892.0,1677763068.0,1677763247.0,1677763163.0,1677763187.0,49079278.0,1677763247.0,1677763252.0,5.0,,1.0,179.0,5.0,27.0,762217561.0,24.0,1179971921.0,poseidon,condorpool,poseidon-worker-1-container-32-39,feature_eng_3,/srv/feature_eng_3,,106.2,0,0,0.0,403643326.0,8.0,1474.0,1.0,68.2,31.8,4036433.3,0.8
feature_eng_2_ID0000006,None,compute,0,1677763062.0,,,1677763067.0,1677763027.0,1677763049.0,55889694.7,1677763077.0,1677763442.0,1677763350.0,1677763383.0,52287917.0,1677763442.0,1677763447.0,5.0,,10.0,365.0,5.0,22.0,761320658.0,33.0,1748107178.0,poseidon,condorpool,poseidon-worker-3-container-8-15,feature_eng_2,/srv/feature_eng_2,,286.0,0,0,0.0,402814305.0,8.0,1742.0,1.0,213.1,66.9,1438622.5,0.8
feature_eng_5_ID0000009,None,compute,0,1677763062.0,,,1677763067.0,1677763017.0,1677763040.0,55549248.1,1677763068.0,1677763352.0,1677763275.0,1677763290.0,42975949.0,1677763352.0,1677763357.0,5.0,,1.0,284.0,5.0,23.0,856820455.0,15.0,655540227.0,poseidon,condorpool,poseidon-worker-3-container-8-15,feature_eng_5,/srv/feature_eng_5,,224.5,0,0,0.0,498297208.0,8.0,2033.0,1.0,200.2,19.8,2264987.3,0.8
stage_out_local_condorpool_1_0,None,transfer,0,1677763062.0,,,1677763067.0,,,0.0,1677763067.0,1677763077.0,1677763067.0,1677763071.0,93217796.0,1677763077.0,1677763082.0,5.0,,0.0,10.0,5.0,,,4.0,394217783.0,poseidon,local,host-10-100-100-12.openstacklocal,pegasus::transfer,/home/poseidon/pegasus-5.1.0panorama/bin/pegasus-transfer,pegasus-kickstart  -n pegasus::transfer -N null -i - -R local  -L predict-future-sales -T 2023-02-17T19:59:06+00:00 pegasus-transfer  --threads 2,2.1,0,0,,,,,,,,,
register_condorpool_1_0,None,auxiliary,0,1677763082.0,,,1677763087.0,,,0.0,1677763087.0,1677763092.0,,,0.0,1677763092.0,1677763097.0,5.0,,0.0,5.0,5.0,,,,,poseidon,local,host-10-100-100-12.openstacklocal,pegasus::rc-client,/home/poseidon/pegasus-5.1.0panorama/bin/pegasus-rc-client,"pegasus-kickstart  -n pegasus::rc-client -N null -R local  -L predict-future-sales -T 2023-02-17T19:59:06+00:00 /home/poseidon/pegasus-5.1.0panorama/bin/pegasus-rc-client --prefix pegasus.catalog.replica.output --conf /home/poseidon/workflows/predict-future-sales-workflow/submit/poseidon/pegasus/predict-future-sales/run0365/pegasus.5972558174950706896.properties -v --meta /home/poseidon/workflows/predict-future-sales-workflow/submit/poseidon/pegasus/predict-future-sales/run0365/00/00/feature_eng_1_ID0000005.meta,/home/poseidon/workflows/predict-future-sales-workflow/submit/poseidon/pegasus/predict-future-sales/run0365/00/00/feature_eng_0_ID0000004.meta --insert /home/poseidon/workflows/predict-future-sales-workflow/submit/poseidon/pegasus/predict-future-sales/run0365/00/00/register_condorpool_1_0.in",3.0,0,0,,,,,,,,,
stage_out_local_condorpool_2_0,None,transfer,0,1677763447.0,,,1677763452.0,,,0.0,1677763452.0,1677763477.0,1677763453.0,1677763472.0,252041655.0,1677763477.0,1677763482.0,5.0,,0.0,25.0,5.0,,,19.0,4785443585.0,poseidon,local,host-10-100-100-12.openstacklocal,pegasus::transfer,/home/poseidon/pegasus-5.1.0panorama/bin/pegasus-transfer,pegasus-kickstart  -n pegasus::transfer -N null -i - -R local  -L predict-future-sales -T 2023-02-17T19:59:06+00:00 pegasus-transfer  --threads 2,21.1,0,0,,,,,,,,,
register_condorpool_2_0,None,auxiliary,0,1677763482.0,,,1677763487.0,,,0.0,1677763487.0,1677763492.0,,,0.0,1677763492.0,1677763497.0,5.0,,0.0,5.0,5.0,,,,,poseidon,local,host-10-100-100-12.openstacklocal,pegasus::rc-client,/home/poseidon/pegasus-5.1.0panorama/bin/pegasus-rc-client,"pegasus-kickstart  -n pegasus::rc-client -N null -R local  -L predict-future-sales -T 2023-02-17T19:59:06+00:00 /home/poseidon/pegasus-5.1.0panorama/bin/pegasus-rc-client --prefix pegasus.catalog.replica.output --conf /home/poseidon/workflows/predict-future-sales-workflow/submit/poseidon/pegasus/predict-future-sales/run0365/pegasus.5972558174950706896.properties -v --meta /home/poseidon/workflows/predict-future-sales-workflow/submit/poseidon/pegasus/predict-future-sales/run0365/00/00/feature_eng_5_ID0000009.meta,/home/poseidon/workflows/predict-future-sales-workflow/submit/poseidon/pegasus/predict-future-sales/run0365/00/00/feature_eng_2_ID0000006.meta,/home/poseidon/workflows/predict-future-sales-workflow/submit/poseidon/pegasus/predict-future-sales/run0365/00/00/feature_eng_3_ID0000007.meta,/home/poseidon/workflows/predict-future-sales-workflow/submit/poseidon/pegasus/predict-future-sales/run0365/00/00/feature_eng_4_ID0000008.meta --insert /home/poseidon/workflows/predict-future-sales-workflow/submit/poseidon/pegasus/predict-future-sales/run0365/00/00/register_condorpool_2_0.in",3.0,0,0,,,,,,,,,
stage_out_local_condorpool_0_0,None,transfer,0,1677763542.0,,,1677763547.0,,,0.0,1677763547.0,1677763557.0,1677763547.0,1677763551.0,40718561.0,1677763557.0,1677763562.0,5.0,,0.0,10.0,5.0,,,4.0,164211639.0,poseidon,local,host-10-100-100-12.openstacklocal,pegasus::transfer,/home/poseidon/pegasus-5.1.0panorama/bin/pegasus-transfer,pegasus-kickstart  -n pegasus::transfer -N null -i - -R local  -L predict-future-sales -T 2023-02-17T19:59:06+00:00 pegasus-transfer  --threads 2,2.0,0,0,,,,,,,,,
feature_merge_ID0000010,cpu_4,compute,0,1677763542.0,,,1677763547.0,1677763498.0,1677763572.0,78087081.8,1677763548.0,1677763778.0,1677763662.0,1677763717.0,54795745.0,1677763778.0,1677763783.0,5.0,,1.0,230.0,5.0,74.0,5155397110.0,55.0,2993643458.0,poseidon,condorpool,poseidon-worker-2-container-16-23,feature_merge,/srv/feature_merge,,61.4,0,0,0.0,4796861526.0,1562380837.0,1454.0,79.0,38.4,21.7,79947692.1,78119041.9
register_condorpool_0_0,None,auxiliary,0,1677763562.0,,,1677763567.0,,,0.0,1677763567.0,1677763572.0,,,0.0,1677763572.0,1677763577.0,5.0,,0.0,5.0,5.0,,,,,poseidon,local,host-10-100-100-12.openstacklocal,pegasus::rc-client,/home/poseidon/pegasus-5.1.0panorama/bin/pegasus-rc-client,"pegasus-kickstart  -n pegasus::rc-client -N null -R local  -L predict-future-sales -T 2023-02-17T19:59:06+00:00 /home/poseidon/pegasus-5.1.0panorama/bin/pegasus-rc-client --prefix pegasus.catalog.replica.output --conf /home/poseidon/workflows/predict-future-sales-workflow/submit/poseidon/pegasus/predict-future-sales/run0365/pegasus.5972558174950706896.properties -v --meta /home/poseidon/workflows/predict-future-sales-workflow/submit/poseidon/pegasus/predict-future-sales/run0365/00/00/nlp_ID0000002.meta,/home/poseidon/workflows/predict-future-sales-workflow/submit/poseidon/pegasus/predict-future-sales/run0365/00/00/eda_ID0000001.meta,/home/poseidon/workflows/predict-future-sales-workflow/submit/poseidon/pegasus/predict-future-sales/run0365/00/00/preprocess_ID0000003.meta --insert /home/poseidon/workflows/predict-future-sales-workflow/submit/poseidon/pegasus/predict-future-sales/run0365/00/00/register_condorpool_0_0.in",3.0,0,0,,,,,,,,,
stage_inter_local_xgboost_model_ID0000021_0,None,transfer,0,1677763783.0,,,1677763788.0,1677763788.0,1677763817.0,92413437.0,1677763788.0,1677763824.0,,,0.0,1677763824.0,1677763829.0,5.0,,0.0,36.0,5.0,29.0,2646308508.0,,,poseidon,local,host-10-100-100-12.openstacklocal,pegasus::transfer,/home/poseidon/pegasus-5.1.0panorama/bin/pegasus-transfer,pegasus-kickstart  -n pegasus::transfer -N null -i - -R local  -L predict-future-sales -T 2023-02-17T19:59:06+00:00 pegasus-transfer  --threads 2,9.4,0,0,,,,,,,,,
stage_inter_local_xgboost_hp_tuning_workflow_ID0000015_0,None,transfer,0,1677763783.0,,,1677763788.0,1677763788.0,1677763790.0,402.0,1677763788.0,1677763798.0,,,0.0,1677763798.0,1677763803.0,5.0,,0.0,10.0,5.0,2.0,826.0,,,poseidon,local,host-10-100-100-12.openstacklocal,pegasus::transfer,/home/poseidon/pegasus-5.1.0panorama/bin/pegasus-transfer,pegasus-kickstart  -n pegasus::transfer -N null -i - -R local  -L predict-future-sales -T 2023-02-17T19:59:06+00:00 pegasus-transfer  --threads 2,0.3,0,0,,,,,,,,,
stage_inter_local_model_predict_ID0000022_0,None,transfer,0,1677763783.0,,,1677763788.0,1677763788.0,1677763792.0,14637724.0,1677763788.0,1677763798.0,,,0.0,1677763798.0,1677763803.0,5.0,,0.0,10.0,5.0,4.0,54050130.0,,,poseidon,local,host-10-100-100-12.openstacklocal,pegasus::transfer,/home/poseidon/pegasus-5.1.0panorama/bin/pegasus-transfer,pegasus-kickstart  -n pegasus::transfer -N null -i - -R local  -L predict-future-sales -T 2023-02-17T19:59:06+00:00 pegasus-transfer  --threads 2,0.5,0,0,,,,,,,,,
stage_out_local_condorpool_3_0,None,transfer,0,1677763783.0,,,1677763788.0,,,0.0,1677763788.0,1677763819.0,1677763788.0,1677763813.0,123301283.0,1677763819.0,1677763824.0,5.0,,0.0,31.0,5.0,,,25.0,2993643458.0,poseidon,local,host-10-100-100-12.openstacklocal,pegasus::transfer,/home/poseidon/pegasus-5.1.0panorama/bin/pegasus-transfer,pegasus-kickstart  -n pegasus::transfer -N null -i - -R local  -L predict-future-sales -T 2023-02-17T19:59:06+00:00 pegasus-transfer  --threads 2,14.8,0,0,,,,,,,,,
stage_inter_local_xgboost_model_ID0000013_0,None,transfer,0,1677763783.0,,,1677763788.0,1677763788.0,1677763796.0,36314070.0,1677763788.0,1677763803.0,,,0.0,1677763803.0,1677763809.0,5.0,,0.0,15.0,6.0,8.0,269346726.0,,,poseidon,local,host-10-100-100-12.openstacklocal,pegasus::transfer,/home/poseidon/pegasus-5.1.0panorama/bin/pegasus-transfer,pegasus-kickstart  -n pegasus::transfer -N null -i - -R local  -L predict-future-sales -T 2023-02-17T19:59:06+00:00 pegasus-transfer  --threads 2,1.3,0,0,,,,,,,,,
stage_inter_local_model_predict_ID0000014_0,None,transfer,0,1677763783.0,,,1677763788.0,1677763788.0,1677763792.0,1276772.0,1677763788.0,1677763798.0,,,0.0,1677763798.0,1677763803.0,5.0,,0.0,10.0,5.0,4.0,4411696.0,,,poseidon,local,host-10-100-100-12.openstacklocal,pegasus::transfer,/home/poseidon/pegasus-5.1.0panorama/bin/pegasus-transfer,pegasus-kickstart  -n pegasus::transfer -N null -i - -R local  -L predict-future-sales -T 2023-02-17T19:59:06+00:00 pegasus-transfer  --threads 2,0.4,0,0,,,,,,,,,
xgboost_hp_tuning_workflow_ID0000015,None,compute,0,1677763803.0,,,1677763809.0,,,0.0,1677763809.0,1677763819.0,,,0.0,1677763819.0,1677763824.0,6.0,,0.0,10.0,5.0,,,,,poseidon,local,poseidon-submit.novalocal,xgboost_hp_tuning_workflow,/var/spool/condor/local_univ_execute/dir_1550818/xgboost_hp_tuning_workflow,/home/poseidon/workflows/predict-future-sales-workflow/submit/poseidon/pegasus/predict-future-sales/run0365/00/00/xgboost_hp_tuning_workflow_ID0000015.sh,0.1,0,0,,,,,,,,,
xgboost_hp_tuning_workflow_ID0000011,None,compute,0,1677763803.0,,,1677763809.0,,,0.0,1677763809.0,1677763819.0,,,0.0,1677763819.0,1677763824.0,6.0,,0.0,10.0,5.0,,,,,poseidon,local,poseidon-submit.novalocal,xgboost_hp_tuning_workflow,/var/spool/condor/local_univ_execute/dir_1550819/xgboost_hp_tuning_workflow,/home/poseidon/workflows/predict-future-sales-workflow/submit/poseidon/pegasus/predict-future-sales/run0365/00/00/xgboost_hp_tuning_workflow_ID0000011.sh,0.1,0,0,,,,,,,,,
xgboost_hp_tuning_workflow_ID0000019,None,compute,0,1677763803.0,,,1677763809.0,,,0.0,1677763809.0,1677763819.0,,,0.0,1677763819.0,1677763824.0,6.0,,0.0,10.0,5.0,,,,,poseidon,local,poseidon-submit.novalocal,xgboost_hp_tuning_workflow,/var/spool/condor/local_univ_execute/dir_1550822/xgboost_hp_tuning_workflow,/home/poseidon/workflows/predict-future-sales-workflow/submit/poseidon/pegasus/predict-future-sales/run0365/00/00/xgboost_hp_tuning_workflow_ID0000019.sh,0.1,0,0,,,,,,,,,
register_condorpool_3_0,None,auxiliary,0,1677763824.0,,,1677763829.0,,,0.0,1677763830.0,1677763834.0,,,0.0,1677763834.0,1677763839.0,5.0,,1.0,4.0,5.0,,,,,poseidon,local,host-10-100-100-12.openstacklocal,pegasus::rc-client,/home/poseidon/pegasus-5.1.0panorama/bin/pegasus-rc-client,pegasus-kickstart  -n pegasus::rc-client -N null -R local  -L predict-future-sales -T 2023-02-17T19:59:06+00:00 /home/poseidon/pegasus-5.1.0panorama/bin/pegasus-rc-client --prefix pegasus.catalog.replica.output --conf /home/poseidon/workflows/predict-future-sales-workflow/submit/poseidon/pegasus/predict-future-sales/run0365/pegasus.5972558174950706896.properties -v --meta /home/poseidon/workflows/predict-future-sales-workflow/submit/poseidon/pegasus/predict-future-sales/run0365/00/00/feature_merge_ID0000010.meta --insert /home/poseidon/workflows/predict-future-sales-workflow/submit/poseidon/pegasus/predict-future-sales/run0365/00/00/register_condorpool_3_0.in,3.1,0,0,,,,,,,,,
pegasus-plan_ID0000016,None,subwf,0,1677763824.0,1677763824.0,1677763830.0,1677763834.0,,,0.0,1677763834.0,1677764470.0,,,0.0,,,0.0,6.0,0.0,636.0,,,,,,poseidon,local,poseidon-submit,condor::dagman,/usr/bin/condor_dagman,-p 0  -f -l . -Notification never -Debug 3 -Lockfile xgboost_hp_tuning_group_1.dag.lock -Dag xgboost_hp_tuning_group_1.dag -AllowVersionMismatch  -AutoRescue 1 -DoRescueFrom 0,0.0,0,0,,,,,,,,,
pegasus-plan_ID0000012,None,subwf,0,1677763824.0,1677763824.0,1677763830.0,1677763834.0,,,0.0,1677763834.0,1677764480.0,,,0.0,,,0.0,6.0,0.0,646.0,,,,,,poseidon,local,poseidon-submit,condor::dagman,/usr/bin/condor_dagman,-p 0  -f -l . -Notification never -Debug 3 -Lockfile xgboost_hp_tuning_group_0.dag.lock -Dag xgboost_hp_tuning_group_0.dag -AllowVersionMismatch  -AutoRescue 1 -DoRescueFrom 0,0.0,0,0,,,,,,,,,
stage_out_local_local_4_0,None,transfer,0,1677763824.0,,,1677763829.0,,,0.0,1677763830.0,1677763844.0,1677763830.0,1677763834.0,21111.0,1677763844.0,1677763849.0,5.0,,1.0,14.0,5.0,,,4.0,85038.0,poseidon,local,host-10-100-100-12.openstacklocal,pegasus::transfer,/home/poseidon/pegasus-5.1.0panorama/bin/pegasus-transfer,pegasus-kickstart  -n pegasus::transfer -N null -i - -R local  -L predict-future-sales -T 2023-02-17T19:59:06+00:00 pegasus-transfer  --threads 2,0.5,0,0,,,,,,,,,
pegasus-plan_ID0000020,None,subwf,0,1677763824.0,1677763824.0,1677763830.0,1677763834.0,,,0.0,1677763834.0,1677764985.0,,,0.0,,,0.0,6.0,0.0,1151.0,,,,,,poseidon,local,poseidon-submit,condor::dagman,/usr/bin/condor_dagman,-p 0  -f -l . -Notification never -Debug 3 -Lockfile xgboost_hp_tuning_group_2.dag.lock -Dag xgboost_hp_tuning_group_2.dag -AllowVersionMismatch  -AutoRescue 1 -DoRescueFrom 0,0.0,0,0,,,,,,,,,
create_dir_predict-future-sales-hp-tuning_0_condorpool_pegasus-plan_ID0000012,None,auxiliary,0,1677763834.0,,,1677763835.0,,,0.0,1677763839.0,1677763845.0,,,0.0,1677763845.0,1677763850.0,1.0,,4.0,6.0,5.0,,,,,poseidon,local,host-10-100-100-12.openstacklocal,pegasus::dirmanager,/home/poseidon/pegasus-5.1.0panorama/bin/pegasus-transfer,pegasus-kickstart  -n pegasus::dirmanager -N null -i - -R local  -L xgboost_hp_tuning_group_0 -T 2023-03-02T13:30:27+00:00 pegasus-transfer,0.3,0,0,,,,,,,,,
create_dir_predict-future-sales-hp-tuning_0_condorpool_pegasus-plan_ID0000016,None,auxiliary,0,1677763834.0,,,1677763835.0,,,0.0,1677763839.0,1677763845.0,,,0.0,1677763845.0,1677763850.0,1.0,,4.0,6.0,5.0,,,,,poseidon,local,host-10-100-100-12.openstacklocal,pegasus::dirmanager,/home/poseidon/pegasus-5.1.0panorama/bin/pegasus-transfer,pegasus-kickstart  -n pegasus::dirmanager -N null -i - -R local  -L xgboost_hp_tuning_group_1 -T 2023-03-02T13:30:27+00:00 pegasus-transfer,0.3,0,0,,,,,,,,,
create_dir_predict-future-sales-hp-tuning_0_condorpool_pegasus-plan_ID0000020,None,auxiliary,0,1677763834.0,,,1677763835.0,,,0.0,1677763839.0,1677763845.0,,,0.0,1677763845.0,1677763850.0,1.0,,4.0,6.0,5.0,,,,,poseidon,local,host-10-100-100-12.openstacklocal,pegasus::dirmanager,/home/poseidon/pegasus-5.1.0panorama/bin/pegasus-transfer,pegasus-kickstart  -n pegasus::dirmanager -N null -i - -R local  -L xgboost_hp_tuning_group_2 -T 2023-03-02T13:30:27+00:00 pegasus-transfer,0.3,0,0,,,,,,,,,
register_local_4_0,None,auxiliary,0,1677763849.0,,,1677763854.0,,,0.0,1677763854.0,1677763859.0,,,0.0,1677763859.0,1677763864.0,5.0,,0.0,5.0,5.0,,,,,poseidon,local,host-10-100-100-12.openstacklocal,pegasus::rc-client,/home/poseidon/pegasus-5.1.0panorama/bin/pegasus-rc-client,"pegasus-kickstart  -n pegasus::rc-client -N null -R local  -L predict-future-sales -T 2023-02-17T19:59:06+00:00 /home/poseidon/pegasus-5.1.0panorama/bin/pegasus-rc-client --prefix pegasus.catalog.replica.output --conf /home/poseidon/workflows/predict-future-sales-workflow/submit/poseidon/pegasus/predict-future-sales/run0365/pegasus.5972558174950706896.properties -v --meta /home/poseidon/workflows/predict-future-sales-workflow/submit/poseidon/pegasus/predict-future-sales/run0365/00/00/xgboost_hp_tuning_workflow_ID0000011.meta,/home/poseidon/workflows/predict-future-sales-workflow/submit/poseidon/pegasus/predict-future-sales/run0365/00/00/xgboost_hp_tuning_workflow_ID0000019.meta,/home/poseidon/workflows/predict-future-sales-workflow/submit/poseidon/pegasus/predict-future-sales/run0365/00/00/xgboost_hp_tuning_workflow_ID0000015.meta --insert /home/poseidon/workflows/predict-future-sales-workflow/submit/poseidon/pegasus/predict-future-sales/run0365/00/00/register_local_4_0.in",3.0,0,0,,,,,,,,,
stage_in_local_condorpool_0_2_pegasus-plan_ID0000012,None,transfer,0,1677763850.0,,,1677763855.0,1677763856.0,1677763867.0,72020265.0,1677763856.0,1677763875.0,,,0.0,1677763875.0,1677763880.0,5.0,,1.0,19.0,5.0,11.0,735985664.0,,,poseidon,local,host-10-100-100-12.openstacklocal,pegasus::transfer,/home/poseidon/pegasus-5.1.0panorama/bin/pegasus-transfer,-n pegasus::transfer -N null -i - -R local  -L xgboost_hp_tuning_group_0 -T 2023-03-02T13:30:27+00:00 /home/poseidon/pegasus-5.1.0panorama/bin/../bin/pegasus-transfer  --threads 2,4.1,0,0,,,,,,,,,
stage_in_local_condorpool_0_0_pegasus-plan_ID0000016,None,transfer,0,1677763850.0,,,1677763855.0,1677763856.0,1677763860.0,2838.0,1677763856.0,1677763870.0,,,0.0,1677763870.0,1677763875.0,5.0,,1.0,14.0,5.0,4.0,12142.0,,,poseidon,local,host-10-100-100-12.openstacklocal,pegasus::transfer,/home/poseidon/pegasus-5.1.0panorama/bin/pegasus-transfer,-n pegasus::transfer -N null -i - -R local  -L xgboost_hp_tuning_group_1 -T 2023-03-02T13:30:27+00:00 /home/poseidon/pegasus-5.1.0panorama/bin/../bin/pegasus-transfer  --threads 2,0.6,0,0,,,,,,,,,
stage_in_local_condorpool_1_0_pegasus-plan_ID0000016,None,transfer,0,1677763850.0,,,1677763855.0,1677763856.0,1677763860.0,814.0,1677763856.0,1677763865.0,,,0.0,1677763865.0,1677763870.0,5.0,,1.0,9.0,5.0,4.0,2874.0,,,poseidon,local,host-10-100-100-12.openstacklocal,pegasus::transfer,/home/poseidon/pegasus-5.1.0panorama/bin/pegasus-transfer,-n pegasus::transfer -N null -i - -R local  -L xgboost_hp_tuning_group_1 -T 2023-03-02T13:30:27+00:00 /home/poseidon/pegasus-5.1.0panorama/bin/../bin/pegasus-transfer  --threads 2,0.5,0,0,,,,,,,,,
stage_in_local_condorpool_0_1_pegasus-plan_ID0000016,None,transfer,0,1677763850.0,,,1677763855.0,1677763856.0,1677763860.0,5266840.0,1677763856.0,1677763870.0,,,0.0,1677763870.0,1677763875.0,5.0,,1.0,14.0,5.0,4.0,19294600.0,,,poseidon,local,host-10-100-100-12.openstacklocal,pegasus::transfer,/home/poseidon/pegasus-5.1.0panorama/bin/pegasus-transfer,-n pegasus::transfer -N null -i - -R local  -L xgboost_hp_tuning_group_1 -T 2023-03-02T13:30:27+00:00 /home/poseidon/pegasus-5.1.0panorama/bin/../bin/pegasus-transfer  --threads 2,0.6,0,0,,,,,,,,,
stage_in_local_condorpool_0_2_pegasus-plan_ID0000016,None,transfer,0,1677763850.0,,,1677763855.0,1677763856.0,1677763867.0,70995889.0,1677763856.0,1677763875.0,,,0.0,1677763875.0,1677763880.0,5.0,,1.0,19.0,5.0,11.0,735985664.0,,,poseidon,local,host-10-100-100-12.openstacklocal,pegasus::transfer,/home/poseidon/pegasus-5.1.0panorama/bin/pegasus-transfer,-n pegasus::transfer -N null -i - -R local  -L xgboost_hp_tuning_group_1 -T 2023-03-02T13:30:27+00:00 /home/poseidon/pegasus-5.1.0panorama/bin/../bin/pegasus-transfer  --threads 2,4.2,0,0,,,,,,,,,
stage_in_local_condorpool_0_1_pegasus-plan_ID0000012,None,transfer,0,1677763850.0,,,1677763855.0,1677763856.0,1677763862.0,43942221.0,1677763856.0,1677763870.0,,,0.0,1677763870.0,1677763875.0,5.0,,1.0,14.0,5.0,6.0,269346726.0,,,poseidon,local,host-10-100-100-12.openstacklocal,pegasus::transfer,/home/poseidon/pegasus-5.1.0panorama/bin/pegasus-transfer,-n pegasus::transfer -N null -i - -R local  -L xgboost_hp_tuning_group_0 -T 2023-03-02T13:30:27+00:00 /home/poseidon/pegasus-5.1.0panorama/bin/../bin/pegasus-transfer  --threads 2,1.8,0,0,,,,,,,,,
stage_in_local_condorpool_0_0_pegasus-plan_ID0000012,None,transfer,0,1677763850.0,,,1677763855.0,1677763856.0,1677763860.0,2857.0,1677763856.0,1677763870.0,,,0.0,1677763870.0,1677763875.0,5.0,,1.0,14.0,5.0,4.0,12142.0,,,poseidon,local,host-10-100-100-12.openstacklocal,pegasus::transfer,/home/poseidon/pegasus-5.1.0panorama/bin/pegasus-transfer,-n pegasus::transfer -N null -i - -R local  -L xgboost_hp_tuning_group_0 -T 2023-03-02T13:30:27+00:00 /home/poseidon/pegasus-5.1.0panorama/bin/../bin/pegasus-transfer  --threads 2,0.6,0,0,,,,,,,,,
stage_in_local_condorpool_1_0_pegasus-plan_ID0000012,None,transfer,0,1677763850.0,,,1677763855.0,1677763856.0,1677763860.0,814.0,1677763856.0,1677763865.0,,,0.0,1677763865.0,1677763870.0,5.0,,1.0,9.0,5.0,4.0,2874.0,,,poseidon,local,host-10-100-100-12.openstacklocal,pegasus::transfer,/home/poseidon/pegasus-5.1.0panorama/bin/pegasus-transfer,-n pegasus::transfer -N null -i - -R local  -L xgboost_hp_tuning_group_0 -T 2023-03-02T13:30:27+00:00 /home/poseidon/pegasus-5.1.0panorama/bin/../bin/pegasus-transfer  --threads 2,0.5,0,0,,,,,,,,,
stage_in_local_condorpool_0_0_pegasus-plan_ID0000020,None,transfer,0,1677763850.0,,,1677763855.0,1677763856.0,1677763861.0,2809.0,1677763856.0,1677763870.0,,,0.0,1677763870.0,1677763875.0,5.0,,1.0,14.0,5.0,5.0,12142.0,,,poseidon,local,host-10-100-100-12.openstacklocal,pegasus::transfer,/home/poseidon/pegasus-5.1.0panorama/bin/pegasus-transfer,-n pegasus::transfer -N null -i - -R local  -L xgboost_hp_tuning_group_2 -T 2023-03-02T13:30:27+00:00 /home/poseidon/pegasus-5.1.0panorama/bin/../bin/pegasus-transfer  --threads 2,0.6,0,0,,,,,,,,,
stage_in_local_condorpool_1_0_pegasus-plan_ID0000020,None,transfer,0,1677763850.0,,,1677763855.0,1677763856.0,1677763860.0,818.0,1677763856.0,1677763865.0,,,0.0,1677763865.0,1677763870.0,5.0,,1.0,9.0,5.0,4.0,2874.0,,,poseidon,local,host-10-100-100-12.openstacklocal,pegasus::transfer,/home/poseidon/pegasus-5.1.0panorama/bin/pegasus-transfer,-n pegasus::transfer -N null -i - -R local  -L xgboost_hp_tuning_group_2 -T 2023-03-02T13:30:27+00:00 /home/poseidon/pegasus-5.1.0panorama/bin/../bin/pegasus-transfer  --threads 2,0.5,0,0,,,,,,,,,
stage_in_local_condorpool_0_1_pegasus-plan_ID0000020,None,transfer,0,1677763850.0,,,1677763855.0,1677763856.0,1677763874.0,152842026.0,1677763856.0,1677763880.0,,,0.0,1677763880.0,1677763885.0,5.0,,1.0,24.0,5.0,18.0,2646308508.0,,,poseidon,local,host-10-100-100-12.openstacklocal,pegasus::transfer,/home/poseidon/pegasus-5.1.0panorama/bin/pegasus-transfer,-n pegasus::transfer -N null -i - -R local  -L xgboost_hp_tuning_group_2 -T 2023-03-02T13:30:27+00:00 /home/poseidon/pegasus-5.1.0panorama/bin/../bin/pegasus-transfer  --threads 2,11.8,0,0,,,,,,,,,
stage_in_local_condorpool_0_2_pegasus-plan_ID0000020,None,transfer,0,1677763850.0,,,1677763855.0,1677763856.0,1677763866.0,73931909.0,1677763856.0,1677763875.0,,,0.0,1677763875.0,1677763880.0,5.0,,1.0,19.0,5.0,10.0,735985664.0,,,poseidon,local,host-10-100-100-12.openstacklocal,pegasus::transfer,/home/poseidon/pegasus-5.1.0panorama/bin/pegasus-transfer,-n pegasus::transfer -N null -i - -R local  -L xgboost_hp_tuning_group_2 -T 2023-03-02T13:30:27+00:00 /home/poseidon/pegasus-5.1.0panorama/bin/../bin/pegasus-transfer  --threads 2,4.2,0,0,,,,,,,,,
xgboost_hp_tuning_ID0000015_pegasus-plan_ID0000012,None,compute,0,1677763880.0,,,1677763885.0,1677763897.0,1677763914.0,46265846.8,1677763947.0,1677764005.0,1677763942.0,1677763946.0,248.0,1677764005.0,1677764010.0,5.0,,62.0,58.0,5.0,17.0,502672266.0,4.0,1051.0,poseidon,condorpool,poseidon-worker-2-container-24-31,xgboost_hp_tuning,/srv/xgboost_hp_tuning,,111.0,0,0,0.1,157972548.0,40.0,3321.0,2.0,103.8,3.6,7898627.4,4.0
xgboost_hp_tuning_ID0000017_pegasus-plan_ID0000012,cpu_4,compute,0,1677763880.0,,,1677763885.0,1677763881.0,1677763898.0,46492305.4,1677763931.0,1677763990.0,1677763925.0,1677763929.0,248.0,1677763990.0,1677763995.0,5.0,,46.0,59.0,5.0,17.0,502672266.0,4.0,1054.0,poseidon,condorpool,poseidon-worker-1-container-24-31,xgboost_hp_tuning,/srv/xgboost_hp_tuning,,62.0,0,0,0.0,157972539.0,40.0,3321.0,2.0,57.7,3.0,7898627.0,4.0
xgboost_hp_tuning_ID0000023_pegasus-plan_ID0000016,cpu_4,compute,0,1677763880.0,,,1677763885.0,1677763946.0,1677763962.0,42539306.0,1677763996.0,1677764041.0,1677763974.0,1677763978.0,254.0,1677764041.0,1677764046.0,5.0,,111.0,45.0,5.0,16.0,377646203.0,4.0,1091.0,poseidon,condorpool,poseidon-worker-1-container-8-15,xgboost_hp_tuning,/srv/xgboost_hp_tuning,,15.7,0,0,,,,,,,,,
xgboost_hp_tuning_ID0000012_pegasus-plan_ID0000016,None,compute,0,1677763880.0,,,1677763885.0,1677763946.0,1677763962.0,42608549.0,1677763996.0,1677764036.0,1677763971.0,1677763976.0,248.0,1677764036.0,1677764041.0,5.0,,111.0,40.0,5.0,16.0,377646203.0,5.0,1050.0,poseidon,condorpool,poseidon-worker-3-container-8-15,xgboost_hp_tuning,/srv/xgboost_hp_tuning,,15.4,0,0,,,,,,,,,
xgboost_hp_tuning_ID0000001_pegasus-plan_ID0000016,cpu_4,compute,0,1677763880.0,,,1677763885.0,1677763945.0,1677763960.0,42548728.8,1677763995.0,1677764036.0,1677763971.0,1677763975.0,247.0,1677764036.0,1677764041.0,5.0,,110.0,41.0,5.0,15.0,377646203.0,4.0,1064.0,poseidon,condorpool,poseidon-worker-2-container-32-39,xgboost_hp_tuning,/srv/xgboost_hp_tuning,,9.6,0,0,,,,,,,,,
xgboost_hp_tuning_ID0000016_pegasus-plan_ID0000012,cpu_4,compute,0,1677763880.0,,,1677763885.0,1677763881.0,1677763899.0,46501310.4,1677763932.0,1677763995.0,1677763931.0,1677763936.0,246.0,1677763995.0,1677764000.0,5.0,,47.0,63.0,5.0,18.0,502672266.0,5.0,1053.0,poseidon,condorpool,poseidon-worker-2-container-32-39,xgboost_hp_tuning,/srv/xgboost_hp_tuning,,74.8,0,0,0.0,157972532.0,40.0,3321.0,2.0,53.7,3.2,7898626.6,4.0
xgboost_hp_tuning_ID0000005_pegasus-plan_ID0000012,cpu_4,compute,0,1677763880.0,,,1677763885.0,1677763881.0,1677763898.0,46541453.8,1677763931.0,1677764005.0,1677763941.0,1677763945.0,253.0,1677764005.0,1677764010.0,5.0,,46.0,74.0,5.0,17.0,502672266.0,4.0,1078.0,poseidon,condorpool,poseidon-worker-3-container-32-39,xgboost_hp_tuning,/srv/xgboost_hp_tuning,,104.2,0,0,0.0,157975832.0,40.0,3337.0,2.0,79.6,2.9,5265861.1,4.0
xgboost_hp_tuning_ID0000004_pegasus-plan_ID0000012,cpu_4,compute,0,1677763880.0,,,1677763885.0,1677763888.0,1677763905.0,46546354.8,1677763938.0,1677763995.0,1677763933.0,1677763937.0,248.0,1677763995.0,1677764000.0,5.0,,53.0,57.0,5.0,17.0,502672266.0,4.0,1058.0,poseidon,condorpool,poseidon-worker-1-container-8-15,xgboost_hp_tuning,/srv/xgboost_hp_tuning,,63.4,0,0,0.0,157973867.0,40.0,3324.0,2.0,57.2,3.0,7898693.4,4.0
xgboost_hp_tuning_ID0000021_pegasus-plan_ID0000016,cpu_4,compute,0,1677763880.0,,,1677763885.0,1677763841.0,1677763857.0,42648501.2,1677763892.0,1677763930.0,1677763867.0,1677763872.0,244.0,1677763930.0,1677763935.0,5.0,,7.0,38.0,5.0,16.0,377646203.0,5.0,1063.0,poseidon,condorpool,poseidon-worker-1-container-24-31,xgboost_hp_tuning,/srv/xgboost_hp_tuning,,9.2,0,0,,,,,,,,,
xgboost_hp_tuning_ID0000018_pegasus-plan_ID0000012,cpu_4,compute,0,1677763880.0,,,1677763885.0,1677763841.0,1677763859.0,46536523.0,1677763892.0,1677763965.0,1677763897.0,1677763902.0,247.0,1677763965.0,1677763970.0,5.0,,7.0,73.0,5.0,18.0,502672266.0,5.0,1053.0,poseidon,condorpool,poseidon-worker-1-container-16-23,xgboost_hp_tuning,/srv/xgboost_hp_tuning,,89.1,0,0,0.1,157977633.0,40.0,3339.0,2.0,78.3,3.1,5265921.1,4.0
xgboost_hp_tuning_ID0000007_pegasus-plan_ID0000012,cpu_4,compute,0,1677763880.0,,,1677763885.0,1677763841.0,1677763859.0,46569654.0,1677763892.0,1677763960.0,1677763897.0,1677763901.0,244.0,1677763960.0,1677763965.0,5.0,,7.0,68.0,5.0,18.0,502672266.0,4.0,1068.0,poseidon,condorpool,poseidon-worker-1-container-40-47,xgboost_hp_tuning,/srv/xgboost_hp_tuning,,91.6,0,0,0.1,157976269.0,40.0,3336.0,2.0,82.4,3.4,5265875.6,4.0
xgboost_hp_tuning_ID0000019_pegasus-plan_ID0000012,None,compute,0,1677763880.0,,,1677763885.0,1677763841.0,1677763859.0,46550524.4,1677763892.0,1677763950.0,1677763884.0,1677763888.0,247.0,1677763950.0,1677763955.0,5.0,,7.0,58.0,5.0,18.0,502672266.0,4.0,1060.0,poseidon,condorpool,poseidon-worker-2-container-24-31,xgboost_hp_tuning,/srv/xgboost_hp_tuning,,95.9,0,0,0.1,157967837.0,40.0,3305.0,2.0,44.9,2.7,15796783.7,4.0
xgboost_hp_tuning_ID0000013_pegasus-plan_ID0000016,cpu_4,compute,0,1677763880.0,,,1677763885.0,1677763940.0,1677763956.0,42605577.5,1677763991.0,1677764031.0,1677763966.0,1677763970.0,250.0,1677764031.0,1677764036.0,5.0,,106.0,40.0,5.0,16.0,377646203.0,4.0,1052.0,poseidon,condorpool,poseidon-worker-3-container-0-7,xgboost_hp_tuning,/srv/xgboost_hp_tuning,,9.0,0,0,,,,,,,,,
xgboost_hp_tuning_ID0000009_pegasus-plan_ID0000012,cpu_4,compute,0,1677763880.0,,,1677763885.0,1677763841.0,1677763858.0,46637865.2,1677763892.0,1677763955.0,1677763890.0,1677763894.0,249.0,1677763955.0,1677763960.0,5.0,,7.0,63.0,5.0,17.0,502672266.0,4.0,1059.0,poseidon,condorpool,poseidon-worker-1-container-32-39,xgboost_hp_tuning,/srv/xgboost_hp_tuning,,75.7,0,0,0.1,157972719.0,40.0,3321.0,2.0,57.4,3.0,7898636.0,4.0
xgboost_hp_tuning_ID0000011_pegasus-plan_ID0000012,cpu_4,compute,0,1677763880.0,,,1677763885.0,1677763841.0,1677763859.0,46638606.0,1677763892.0,1677763950.0,1677763887.0,1677763891.0,249.0,1677763950.0,1677763955.0,5.0,,7.0,58.0,5.0,18.0,502672266.0,4.0,1049.0,poseidon,condorpool,poseidon-worker-2-container-16-23,xgboost_hp_tuning,/srv/xgboost_hp_tuning,,64.2,0,0,0.0,157974080.0,40.0,3324.0,2.0,56.8,3.3,7898704.0,4.0
xgboost_hp_tuning_ID0000022_pegasus-plan_ID0000012,None,compute,0,1677763880.0,,,1677763885.0,1677763841.0,1677763858.0,46679330.8,1677763892.0,1677763950.0,1677763884.0,1677763888.0,248.0,1677763950.0,1677763955.0,5.0,,7.0,58.0,5.0,17.0,502672266.0,4.0,1061.0,poseidon,condorpool,poseidon-worker-3-container-8-15,xgboost_hp_tuning,/srv/xgboost_hp_tuning,,98.8,0,0,0.0,157966149.0,40.0,3303.0,2.0,43.0,2.7,15796614.9,4.0
xgboost_hp_tuning_ID0000010_pegasus-plan_ID0000012,cpu_4,compute,0,1677763880.0,,,1677763885.0,1677763841.0,1677763859.0,46593897.8,1677763892.0,1677763950.0,1677763888.0,1677763892.0,249.0,1677763950.0,1677763955.0,5.0,,7.0,58.0,5.0,18.0,502672266.0,4.0,1048.0,poseidon,condorpool,poseidon-worker-2-container-8-15,xgboost_hp_tuning,/srv/xgboost_hp_tuning,,67.7,0,0,0.1,157975169.0,40.0,3327.0,2.0,57.8,2.8,7898758.4,4.0
xgboost_hp_tuning_ID0000021_pegasus-plan_ID0000012,cpu_4,compute,0,1677763880.0,,,1677763885.0,1677763841.0,1677763858.0,46728621.2,1677763892.0,1677763950.0,1677763884.0,1677763889.0,248.0,1677763950.0,1677763955.0,5.0,,7.0,58.0,5.0,17.0,502672266.0,5.0,1060.0,poseidon,condorpool,poseidon-worker-3-container-40-47,xgboost_hp_tuning,/srv/xgboost_hp_tuning,,57.8,0,0,0.0,157967326.0,40.0,3306.0,2.0,23.7,2.3,15796732.6,4.0
xgboost_hp_tuning_ID0000006_pegasus-plan_ID0000012,cpu_4,compute,0,1677763880.0,,,1677763885.0,1677763841.0,1677763858.0,46749141.8,1677763892.0,1677763955.0,1677763889.0,1677763893.0,251.0,1677763955.0,1677763960.0,5.0,,7.0,63.0,5.0,17.0,502672266.0,4.0,1068.0,poseidon,condorpool,poseidon-worker-3-container-0-7,xgboost_hp_tuning,/srv/xgboost_hp_tuning,,71.8,0,0,0.1,157973254.0,40.0,3325.0,2.0,56.3,2.9,7898662.7,4.0
xgboost_hp_tuning_ID0000002_pegasus-plan_ID0000016,cpu_4,compute,0,1677763880.0,,,1677763885.0,1677763940.0,1677763956.0,42513174.5,1677763991.0,1677764031.0,1677763966.0,1677763970.0,251.0,1677764031.0,1677764036.0,5.0,,106.0,40.0,5.0,16.0,377646203.0,4.0,1061.0,poseidon,condorpool,poseidon-worker-2-container-8-15,xgboost_hp_tuning,/srv/xgboost_hp_tuning,,8.9,0,0,,,,,,,,,
xgboost_hp_tuning_ID0000016_pegasus-plan_ID0000016,cpu_4,compute,0,1677763880.0,,,1677763885.0,1677763902.0,1677763917.0,42692465.2,1677763952.0,1677763991.0,1677763927.0,1677763932.0,253.0,1677763991.0,1677763996.0,5.0,,67.0,39.0,5.0,15.0,377646203.0,5.0,1054.0,poseidon,condorpool,poseidon-worker-3-container-0-7,xgboost_hp_tuning,/srv/xgboost_hp_tuning,,9.7,0,0,,,,,,,,,
xgboost_hp_tuning_ID0000003_pegasus-plan_ID0000016,cpu_4,compute,0,1677763880.0,,,1677763885.0,1677763921.0,1677763937.0,42327267.2,1677763971.0,1677764011.0,1677763947.0,1677763951.0,251.0,1677764011.0,1677764016.0,5.0,,86.0,40.0,5.0,16.0,377646203.0,4.0,1068.0,poseidon,condorpool,poseidon-worker-2-container-0-7,xgboost_hp_tuning,/srv/xgboost_hp_tuning,,9.6,0,0,,,,,,,,,
xgboost_hp_tuning_ID0000023_pegasus-plan_ID0000012,cpu_4,compute,0,1677763880.0,,,1677763885.0,1677763938.0,1677763956.0,46553629.6,1677763989.0,1677764050.0,1677763987.0,1677763991.0,255.0,1677764050.0,1677764055.0,5.0,,104.0,61.0,5.0,18.0,502672266.0,4.0,1091.0,poseidon,condorpool,poseidon-worker-1-container-24-31,xgboost_hp_tuning,/srv/xgboost_hp_tuning,,77.6,0,0,0.1,157972642.0,40.0,3321.0,2.0,60.7,2.6,7898632.1,4.0
xgboost_hp_tuning_ID0000012_pegasus-plan_ID0000012,None,compute,0,1677763880.0,,,1677763885.0,1677763922.0,1677763939.0,46413760.4,1677763972.0,1677764025.0,1677763962.0,1677763967.0,246.0,1677764025.0,1677764030.0,5.0,,87.0,53.0,5.0,17.0,502672266.0,5.0,1051.0,poseidon,condorpool,poseidon-worker-2-container-40-47,xgboost_hp_tuning,/srv/xgboost_hp_tuning,,85.7,0,0,0.0,157967977.0,40.0,3305.0,2.0,44.3,2.5,15796797.7,4.0
xgboost_hp_tuning_ID0000001_pegasus-plan_ID0000012,cpu_4,compute,0,1677763880.0,,,1677763885.0,1677763920.0,1677763937.0,46622734.2,1677763970.0,1677764030.0,1677763963.0,1677763967.0,249.0,1677764030.0,1677764035.0,5.0,,85.0,60.0,5.0,17.0,502672266.0,4.0,1063.0,poseidon,condorpool,poseidon-worker-3-container-16-23,xgboost_hp_tuning,/srv/xgboost_hp_tuning,,59.4,0,0,0.0,157967478.0,40.0,3306.0,2.0,24.3,2.3,15796747.8,4.0
xgboost_hp_tuning_ID0000013_pegasus-plan_ID0000012,cpu_4,compute,0,1677763880.0,,,1677763885.0,1677763910.0,1677763928.0,46404071.2,1677763961.0,1677764025.0,1677763959.0,1677763963.0,249.0,1677764025.0,1677764030.0,5.0,,76.0,64.0,5.0,18.0,502672266.0,4.0,1055.0,poseidon,condorpool,poseidon-worker-1-container-40-47,xgboost_hp_tuning,/srv/xgboost_hp_tuning,,74.6,0,0,0.1,157972542.0,40.0,3321.0,2.0,56.8,2.7,7898627.1,4.0
xgboost_hp_tuning_ID0000002_pegasus-plan_ID0000012,cpu_4,compute,0,1677763880.0,,,1677763885.0,1677763903.0,1677763920.0,46538944.4,1677763953.0,1677764015.0,1677763949.0,1677763953.0,249.0,1677764015.0,1677764020.0,5.0,,68.0,62.0,5.0,17.0,502672266.0,4.0,1062.0,poseidon,condorpool,poseidon-worker-1-container-32-39,xgboost_hp_tuning,/srv/xgboost_hp_tuning,,68.5,0,0,0.0,157972722.0,40.0,3321.0,2.0,58.1,2.9,7898636.1,4.0
xgboost_hp_tuning_ID0000014_pegasus-plan_ID0000012,cpu_4,compute,0,1677763880.0,,,1677763885.0,1677763901.0,1677763918.0,46636344.0,1677763952.0,1677764015.0,1677763952.0,1677763957.0,251.0,1677764015.0,1677764020.0,5.0,,67.0,63.0,5.0,17.0,502672266.0,5.0,1056.0,poseidon,condorpool,poseidon-worker-3-container-24-31,xgboost_hp_tuning,/srv/xgboost_hp_tuning,,79.3,0,0,0.0,157972031.0,40.0,3322.0,2.0,57.5,3.0,7898601.5,4.0
xgboost_hp_tuning_ID0000003_pegasus-plan_ID0000012,cpu_4,compute,0,1677763880.0,,,1677763885.0,1677763900.0,1677763917.0,46404302.2,1677763950.0,1677764010.0,1677763945.0,1677763950.0,251.0,1677764010.0,1677764015.0,5.0,,65.0,60.0,5.0,17.0,502672266.0,5.0,1068.0,poseidon,condorpool,poseidon-worker-2-container-16-23,xgboost_hp_tuning,/srv/xgboost_hp_tuning,,66.0,0,0,0.0,157972705.0,40.0,3321.0,2.0,57.9,2.9,7898635.2,4.0
xgboost_hp_tuning_ID0000009_pegasus-plan_ID0000016,cpu_4,compute,0,1677763880.0,,,1677763885.0,1677763841.0,1677763857.0,42861567.8,1677763892.0,1677763930.0,1677763868.0,1677763872.0,245.0,1677763930.0,1677763935.0,5.0,,7.0,38.0,5.0,16.0,377646203.0,4.0,1058.0,poseidon,condorpool,poseidon-worker-3-container-32-39,xgboost_hp_tuning,/srv/xgboost_hp_tuning,,10.5,0,0,,,,,,,,,
xgboost_hp_tuning_ID0000011_pegasus-plan_ID0000016,None,compute,0,1677763880.0,,,1677763885.0,1677763841.0,1677763858.0,42576726.0,1677763892.0,1677763930.0,1677763868.0,1677763872.0,243.0,1677763930.0,1677763935.0,5.0,,7.0,38.0,5.0,17.0,377646203.0,4.0,1050.0,poseidon,condorpool,poseidon-worker-2-container-40-47,xgboost_hp_tuning,/srv/xgboost_hp_tuning,,14.7,0,0,,,,,,,,,
xgboost_hp_tuning_ID0000022_pegasus-plan_ID0000016,cpu_4,compute,0,1677763880.0,,,1677763885.0,1677763841.0,1677763858.0,42678564.5,1677763892.0,1677763935.0,1677763868.0,1677763872.0,244.0,1677763935.0,1677763941.0,5.0,,7.0,43.0,6.0,17.0,377646203.0,4.0,1063.0,poseidon,condorpool,poseidon-worker-2-container-32-39,xgboost_hp_tuning,/srv/xgboost_hp_tuning,,10.0,0,0,,,,,,,,,
xgboost_hp_tuning_ID0000014_pegasus-plan_ID0000016,cpu_4,compute,0,1677763880.0,,,1677763885.0,1677763937.0,1677763953.0,42637453.5,1677763987.0,1677764026.0,1677763963.0,1677763967.0,248.0,1677764026.0,1677764031.0,5.0,,102.0,39.0,5.0,16.0,377646203.0,4.0,1053.0,poseidon,condorpool,poseidon-worker-3-container-40-47,xgboost_hp_tuning,/srv/xgboost_hp_tuning,,9.3,0,0,,,,,,,,,
xgboost_hp_tuning_ID0000010_pegasus-plan_ID0000016,cpu_4,compute,0,1677763880.0,,,1677763885.0,1677763841.0,1677763857.0,42791139.0,1677763892.0,1677763930.0,1677763868.0,1677763872.0,245.0,1677763930.0,1677763935.0,5.0,,7.0,38.0,5.0,16.0,377646203.0,4.0,1048.0,poseidon,condorpool,poseidon-worker-3-container-16-23,xgboost_hp_tuning,/srv/xgboost_hp_tuning,,10.5,0,0,,,,,,,,,
xgboost_hp_tuning_ID0000008_pegasus-plan_ID0000016,cpu_4,compute,0,1677763880.0,,,1677763885.0,1677763841.0,1677763857.0,42636310.2,1677763892.0,1677763941.0,1677763874.0,1677763879.0,248.0,1677763941.0,1677763946.0,5.0,,7.0,49.0,5.0,16.0,377646203.0,5.0,1059.0,poseidon,condorpool,poseidon-worker-1-container-8-15,xgboost_hp_tuning,/srv/xgboost_hp_tuning,,30.0,0,0,0.1,32941741.0,40.0,3305.0,2.0,25.7,1.2,3294174.1,4.0
xgboost_hp_tuning_ID0000019_pegasus-plan_ID0000016,cpu_4,compute,0,1677763880.0,,,1677763885.0,1677763881.0,1677763896.0,42445401.8,1677763931.0,1677763971.0,1677763907.0,1677763911.0,252.0,1677763971.0,1677763976.0,5.0,,46.0,40.0,5.0,15.0,377646203.0,4.0,1060.0,poseidon,condorpool,poseidon-worker-3-container-16-23,xgboost_hp_tuning,/srv/xgboost_hp_tuning,,9.5,0,0,,,,,,,,,
xgboost_hp_tuning_ID0000007_pegasus-plan_ID0000016,None,compute,0,1677763880.0,,,1677763885.0,1677763881.0,1677763897.0,42474820.8,1677763931.0,1677763971.0,1677763908.0,1677763913.0,252.0,1677763971.0,1677763976.0,5.0,,46.0,40.0,5.0,16.0,377646203.0,5.0,1064.0,poseidon,condorpool,poseidon-worker-2-container-40-47,xgboost_hp_tuning,/srv/xgboost_hp_tuning,,24.8,0,0,,,,,,,,,
xgboost_hp_tuning_ID0000018_pegasus-plan_ID0000016,cpu_4,compute,0,1677763880.0,,,1677763885.0,1677763882.0,1677763897.0,42518823.5,1677763932.0,1677763971.0,1677763908.0,1677763912.0,250.0,1677763971.0,1677763976.0,5.0,,47.0,39.0,5.0,15.0,377646203.0,4.0,1053.0,poseidon,condorpool,poseidon-worker-2-container-0-7,xgboost_hp_tuning,/srv/xgboost_hp_tuning,,9.8,0,0,,,,,,,,,
xgboost_hp_tuning_ID0000006_pegasus-plan_ID0000016,None,compute,0,1677763880.0,,,1677763885.0,1677763897.0,1677763913.0,42609195.5,1677763947.0,1677763996.0,1677763933.0,1677763937.0,254.0,1677763996.0,1677764001.0,5.0,,62.0,49.0,5.0,16.0,377646203.0,4.0,1065.0,poseidon,condorpool,poseidon-worker-3-container-8-15,xgboost_hp_tuning,/srv/xgboost_hp_tuning,,79.9,0,0,0.0,32940083.0,40.0,3303.0,2.0,53.6,1.7,3294008.3,4.0
xgboost_hp_tuning_ID0000017_pegasus-plan_ID0000016,cpu_4,compute,0,1677763880.0,,,1677763885.0,1677763897.0,1677763913.0,42666190.2,1677763948.0,1677763986.0,1677763924.0,1677763928.0,247.0,1677763986.0,1677763991.0,5.0,,63.0,38.0,5.0,16.0,377646203.0,4.0,1053.0,poseidon,condorpool,poseidon-worker-3-container-40-47,xgboost_hp_tuning,/srv/xgboost_hp_tuning,,11.2,0,0,,,,,,,,,
xgboost_hp_tuning_ID0000005_pegasus-plan_ID0000016,cpu_4,compute,0,1677763880.0,,,1677763885.0,1677763901.0,1677763917.0,42543667.2,1677763951.0,1677763991.0,1677763927.0,1677763931.0,252.0,1677763991.0,1677763996.0,5.0,,66.0,40.0,5.0,16.0,377646203.0,4.0,1078.0,poseidon,condorpool,poseidon-worker-2-container-8-15,xgboost_hp_tuning,/srv/xgboost_hp_tuning,,9.3,0,0,,,,,,,,,
xgboost_hp_tuning_ID0000020_pegasus-plan_ID0000012,cpu_4,compute,0,1677763880.0,,,1677763885.0,1677763841.0,1677763859.0,46412356.0,1677763892.0,1677763955.0,1677763892.0,1677763897.0,248.0,1677763955.0,1677763960.0,5.0,,7.0,63.0,5.0,18.0,502672266.0,5.0,1061.0,poseidon,condorpool,poseidon-worker-1-container-0-7,xgboost_hp_tuning,/srv/xgboost_hp_tuning,,78.4,0,0,0.1,157972397.0,40.0,3321.0,2.0,50.8,2.6,7898619.9,4.0
xgboost_hp_tuning_ID0000004_pegasus-plan_ID0000016,cpu_4,compute,0,1677763880.0,,,1677763885.0,1677763906.0,1677763922.0,42395599.0,1677763956.0,1677763996.0,1677763933.0,1677763937.0,250.0,1677763996.0,1677764001.0,5.0,,71.0,40.0,5.0,16.0,377646203.0,4.0,1062.0,poseidon,condorpool,poseidon-worker-1-container-0-7,xgboost_hp_tuning,/srv/xgboost_hp_tuning,,11.6,0,0,,,,,,,,,
xgboost_hp_tuning_ID0000015_pegasus-plan_ID0000016,cpu_4,compute,0,1677763880.0,,,1677763885.0,1677763911.0,1677763927.0,42475953.2,1677763961.0,1677764001.0,1677763938.0,1677763942.0,247.0,1677764001.0,1677764006.0,5.0,,76.0,40.0,5.0,16.0,377646203.0,4.0,1055.0,poseidon,condorpool,poseidon-worker-1-container-16-23,xgboost_hp_tuning,/srv/xgboost_hp_tuning,,13.0,0,0,,,,,,,,,
xgboost_hp_tuning_ID0000020_pegasus-plan_ID0000016,cpu_4,compute,0,1677763880.0,,,1677763885.0,1677763841.0,1677763858.0,42691685.5,1677763892.0,1677763935.0,1677763868.0,1677763873.0,251.0,1677763935.0,1677763941.0,5.0,,7.0,43.0,6.0,17.0,377646203.0,5.0,1064.0,poseidon,condorpool,poseidon-worker-2-container-0-7,xgboost_hp_tuning,/srv/xgboost_hp_tuning,,11.2,0,0,,,,,,,,,
xgboost_hp_tuning_ID0000008_pegasus-plan_ID0000012,cpu_4,compute,0,1677763880.0,,,1677763885.0,1677763841.0,1677763858.0,46815460.4,1677763892.0,1677763955.0,1677763888.0,1677763892.0,249.0,1677763955.0,1677763960.0,5.0,,7.0,63.0,5.0,17.0,502672266.0,4.0,1057.0,poseidon,condorpool,poseidon-worker-3-container-24-31,xgboost_hp_tuning,/srv/xgboost_hp_tuning,,69.4,0,0,0.1,157971958.0,40.0,3322.0,2.0,55.6,3.1,7898597.9,4.0
xgboost_hp_tuning_ID0000009_pegasus-plan_ID0000020,cpu_4,compute,0,1677763885.0,,,1677763890.0,1677763946.0,1677763977.0,68782971.9,1677763996.0,1677764462.0,1677764394.0,1677764398.0,249.0,1677764462.0,1677764467.0,5.0,,106.0,466.0,5.0,31.0,1691153157.0,4.0,1059.0,poseidon,condorpool,poseidon-worker-1-container-0-7,xgboost_hp_tuning,/srv/xgboost_hp_tuning,,1203.6,0,0,0.1,1346598525.0,40.0,3891.0,2.0,1118.8,58.0,3366496.3,4.0
xgboost_hp_tuning_ID0000001_pegasus-plan_ID0000020,cpu_4,compute,0,1677763885.0,,,1677763890.0,1677764384.0,1677764415.0,68900437.9,1677764434.0,1677764872.0,1677764809.0,1677764813.0,254.0,1677764872.0,1677764877.0,5.0,,544.0,438.0,5.0,31.0,1691153157.0,4.0,1064.0,poseidon,condorpool,poseidon-worker-2-container-0-7,xgboost_hp_tuning,/srv/xgboost_hp_tuning,,1164.1,0,0,0.1,1346591114.0,40.0,3862.0,2.0,1082.1,67.5,3543660.8,4.0
xgboost_hp_tuning_ID0000011_pegasus-plan_ID0000020,cpu_4,compute,0,1677763885.0,,,1677763890.0,1677763951.0,1677763982.0,69016400.1,1677764001.0,1677764467.0,1677764401.0,1677764406.0,248.0,1677764467.0,1677764472.0,5.0,,111.0,466.0,5.0,31.0,1691153157.0,5.0,1051.0,poseidon,condorpool,poseidon-worker-1-container-16-23,xgboost_hp_tuning,/srv/xgboost_hp_tuning,,1309.8,0,0,0.0,1346598839.0,40.0,3892.0,2.0,1225.1,48.9,3366497.1,4.0
xgboost_hp_tuning_ID0000013_pegasus-plan_ID0000020,None,compute,0,1677763885.0,,,1677763890.0,1677764373.0,1677764405.0,68901608.9,1677764424.0,1677764817.0,1677764750.0,1677764754.0,249.0,1677764817.0,1677764822.0,5.0,,534.0,393.0,5.0,32.0,1691153157.0,4.0,1055.0,poseidon,condorpool,poseidon-worker-2-container-24-31,xgboost_hp_tuning,/srv/xgboost_hp_tuning,,1892.9,0,0,0.1,1346572415.0,40.0,3786.0,2.0,1799.2,55.0,4080522.5,4.0
xgboost_hp_tuning_ID0000002_pegasus-plan_ID0000020,None,compute,0,1677763885.0,,,1677763890.0,1677764354.0,1677764385.0,69029081.6,1677764404.0,1677764737.0,1677764673.0,1677764677.0,254.0,1677764737.0,1677764742.0,5.0,,514.0,333.0,5.0,31.0,1691153157.0,4.0,1063.0,poseidon,condorpool,poseidon-worker-3-container-8-15,xgboost_hp_tuning,/srv/xgboost_hp_tuning,,1538.6,0,0,0.1,1346547412.0,40.0,3694.0,2.0,1432.3,50.6,4987212.6,4.0
xgboost_hp_tuning_ID0000014_pegasus-plan_ID0000020,cpu_4,compute,0,1677763885.0,,,1677763890.0,1677764000.0,1677764031.0,68986040.6,1677764051.0,1677764572.0,1677764509.0,1677764513.0,250.0,1677764572.0,1677764577.0,5.0,,161.0,521.0,5.0,31.0,1691153157.0,4.0,1053.0,poseidon,condorpool,poseidon-worker-1-container-24-31,xgboost_hp_tuning,/srv/xgboost_hp_tuning,,1517.9,0,0,0.1,1346628994.0,40.0,3997.0,2.0,1431.7,57.6,2927454.3,4.0
xgboost_hp_tuning_ID0000003_pegasus-plan_ID0000020,cpu_4,compute,0,1677763885.0,,,1677763890.0,1677763987.0,1677764018.0,69012344.1,1677764037.0,1677764562.0,1677764495.0,1677764499.0,252.0,1677764562.0,1677764567.0,5.0,,147.0,525.0,5.0,31.0,1691153157.0,4.0,1068.0,poseidon,condorpool,poseidon-worker-1-container-8-15,xgboost_hp_tuning,/srv/xgboost_hp_tuning,,1478.3,0,0,0.0,1346621879.0,40.0,3981.0,2.0,1363.7,86.1,2927438.9,4.0
xgboost_hp_tuning_ID0000015_pegasus-plan_ID0000020,None,compute,0,1677763885.0,,,1677763890.0,1677763984.0,1677764016.0,68997388.9,1677764035.0,1677764406.0,1677764341.0,1677764345.0,253.0,1677764406.0,1677764411.0,5.0,,145.0,371.0,5.0,32.0,1691153157.0,4.0,1056.0,poseidon,condorpool,poseidon-worker-3-container-8-15,xgboost_hp_tuning,/srv/xgboost_hp_tuning,,1779.1,0,0,0.1,1346562728.0,40.0,3754.0,2.0,1687.5,54.9,4343750.7,4.0
xgboost_hp_tuning_ID0000004_pegasus-plan_ID0000020,cpu_4,compute,0,1677763885.0,,,1677763890.0,1677763984.0,1677764016.0,68934443.0,1677764035.0,1677764532.0,1677764468.0,1677764473.0,250.0,1677764532.0,1677764537.0,5.0,,145.0,497.0,5.0,32.0,1691153157.0,5.0,1063.0,poseidon,condorpool,poseidon-worker-2-container-32-39,xgboost_hp_tuning,/srv/xgboost_hp_tuning,,1418.0,0,0,0.1,1346614456.0,40.0,3952.0,2.0,1347.8,58.8,3060487.4,4.0
xgboost_hp_tuning_ID0000016_pegasus-plan_ID0000020,cpu_4,compute,0,1677763885.0,,,1677763890.0,1677763979.0,1677764010.0,68991533.9,1677764030.0,1677764552.0,1677764486.0,1677764490.0,249.0,1677764552.0,1677764557.0,5.0,,140.0,522.0,5.0,31.0,1691153157.0,4.0,1052.0,poseidon,condorpool,poseidon-worker-2-container-8-15,xgboost_hp_tuning,/srv/xgboost_hp_tuning,,1389.0,0,0,0.1,1346621988.0,40.0,3981.0,2.0,1292.6,73.9,2927439.1,4.0
xgboost_hp_tuning_ID0000023_pegasus-plan_ID0000020,cpu_4,compute,0,1677763885.0,,,1677763890.0,1677764404.0,1677764435.0,68933512.8,1677764454.0,1677764892.0,1677764825.0,1677764829.0,260.0,1677764892.0,1677764897.0,5.0,,564.0,438.0,5.0,31.0,1691153157.0,4.0,1092.0,poseidon,condorpool,poseidon-worker-1-container-32-39,xgboost_hp_tuning,/srv/xgboost_hp_tuning,,1197.4,0,0,0.0,1346591522.0,40.0,3861.0,2.0,1142.6,52.6,3543661.9,4.0
xgboost_hp_tuning_ID0000017_pegasus-plan_ID0000020,cpu_4,compute,0,1677763885.0,,,1677763890.0,1677763976.0,1677764007.0,69184311.5,1677764027.0,1677764507.0,1677764442.0,1677764446.0,253.0,1677764507.0,1677764512.0,5.0,,137.0,480.0,5.0,31.0,1691153157.0,4.0,1053.0,poseidon,condorpool,poseidon-worker-3-container-16-23,xgboost_hp_tuning,/srv/xgboost_hp_tuning,,1319.1,0,0,0.1,1346604956.0,40.0,3920.0,2.0,1231.4,67.5,3206202.3,4.0
xgboost_hp_tuning_ID0000005_pegasus-plan_ID0000020,cpu_4,compute,0,1677763885.0,,,1677763890.0,1677763979.0,1677764011.0,69127303.2,1677764030.0,1677764532.0,1677764469.0,1677764473.0,259.0,1677764532.0,1677764537.0,5.0,,140.0,502.0,5.0,32.0,1691153157.0,4.0,1077.0,poseidon,condorpool,poseidon-worker-3-container-0-7,xgboost_hp_tuning,/srv/xgboost_hp_tuning,,1386.5,0,0,0.1,1346613556.0,40.0,3952.0,2.0,1296.1,59.0,3060485.4,4.0
xgboost_hp_tuning_ID0000012_pegasus-plan_ID0000020,None,compute,0,1677763885.0,,,1677763890.0,1677764390.0,1677764422.0,68909247.6,1677764441.0,1677764772.0,1677764708.0,1677764712.0,247.0,1677764772.0,1677764777.0,5.0,,551.0,331.0,5.0,32.0,1691153157.0,4.0,1050.0,poseidon,condorpool,poseidon-worker-2-container-40-47,xgboost_hp_tuning,/srv/xgboost_hp_tuning,,1518.8,0,0,0.1,1346549408.0,40.0,3696.0,2.0,1426.2,45.3,4987220.0,4.0
xgboost_hp_tuning_ID0000018_pegasus-plan_ID0000020,None,compute,0,1677763885.0,,,1677763890.0,1677763976.0,1677764007.0,68974051.3,1677764026.0,1677764406.0,1677764340.0,1677764344.0,252.0,1677764406.0,1677764411.0,5.0,,136.0,380.0,5.0,31.0,1691153157.0,4.0,1054.0,poseidon,condorpool,poseidon-worker-2-container-40-47,xgboost_hp_tuning,/srv/xgboost_hp_tuning,,1731.4,0,0,0.0,1346568530.0,40.0,3771.0,2.0,1656.8,56.3,4208026.7,4.0
xgboost_hp_tuning_ID0000007_pegasus-plan_ID0000020,cpu_4,compute,0,1677763885.0,,,1677763890.0,1677763972.0,1677764004.0,69033734.8,1677764023.0,1677764517.0,1677764450.0,1677764455.0,253.0,1677764517.0,1677764522.0,5.0,,133.0,494.0,5.0,32.0,1691153157.0,5.0,1067.0,poseidon,condorpool,poseidon-worker-1-container-40-47,xgboost_hp_tuning,/srv/xgboost_hp_tuning,,1353.9,0,0,0.1,1346610410.0,40.0,3936.0,2.0,1264.7,63.0,3131652.1,4.0
xgboost_hp_tuning_ID0000008_pegasus-plan_ID0000020,cpu_4,compute,0,1677763885.0,,,1677763890.0,1677763962.0,1677763993.0,69017948.9,1677764013.0,1677764456.0,1677764390.0,1677764395.0,248.0,1677764456.0,1677764462.0,5.0,,123.0,443.0,6.0,31.0,1691153157.0,5.0,1059.0,poseidon,condorpool,poseidon-worker-1-container-32-39,xgboost_hp_tuning,/srv/xgboost_hp_tuning,,1215.1,0,0,0.1,1346591511.0,40.0,3862.0,2.0,1133.7,54.7,3543661.9,4.0
xgboost_hp_tuning_ID0000020_pegasus-plan_ID0000020,cpu_4,compute,0,1677763885.0,,,1677763890.0,1677763960.0,1677763991.0,68996507.9,1677764011.0,1677764436.0,1677764370.0,1677764375.0,250.0,1677764436.0,1677764441.0,5.0,,121.0,425.0,5.0,31.0,1691153157.0,5.0,1062.0,poseidon,condorpool,poseidon-worker-2-container-0-7,xgboost_hp_tuning,/srv/xgboost_hp_tuning,,1099.1,0,0,0.1,1346583487.0,40.0,3832.0,2.0,1004.3,60.6,3740509.7,4.0
xgboost_hp_tuning_ID0000021_pegasus-plan_ID0000020,cpu_4,compute,0,1677763885.0,,,1677763890.0,1677763959.0,1677763990.0,69017008.7,1677764009.0,1677764517.0,1677764450.0,1677764454.0,250.0,1677764517.0,1677764522.0,5.0,,119.0,508.0,5.0,31.0,1691153157.0,4.0,1062.0,poseidon,condorpool,poseidon-worker-2-container-16-23,xgboost_hp_tuning,/srv/xgboost_hp_tuning,,1405.5,0,0,0.0,1346618244.0,40.0,3966.0,2.0,1331.5,72.3,2992485.0,4.0
xgboost_hp_tuning_ID0000010_pegasus-plan_ID0000020,None,compute,0,1677763885.0,,,1677763890.0,1677763955.0,1677763986.0,68942037.6,1677764005.0,1677764386.0,1677764322.0,1677764326.0,246.0,1677764386.0,1677764391.0,5.0,,115.0,381.0,5.0,31.0,1691153157.0,4.0,1048.0,poseidon,condorpool,poseidon-worker-2-container-24-31,xgboost_hp_tuning,/srv/xgboost_hp_tuning,,1821.5,0,0,0.1,1346568353.0,40.0,3771.0,2.0,1722.0,56.1,4208026.1,4.0
xgboost_hp_tuning_ID0000022_pegasus-plan_ID0000020,cpu_4,compute,0,1677763885.0,,,1677763890.0,1677763954.0,1677763985.0,69244080.0,1677764004.0,1677764557.0,1677764492.0,1677764496.0,255.0,1677764557.0,1677764562.0,5.0,,114.0,553.0,5.0,31.0,1691153157.0,4.0,1064.0,poseidon,condorpool,poseidon-worker-3-container-32-39,xgboost_hp_tuning,/srv/xgboost_hp_tuning,,1550.0,0,0,0.0,1346631453.0,40.0,4024.0,2.0,1443.0,78.6,2748227.5,4.0
xgboost_hp_tuning_ID0000006_pegasus-plan_ID0000020,cpu_4,compute,0,1677763885.0,,,1677763890.0,1677763976.0,1677764007.0,69179515.6,1677764026.0,1677764482.0,1677764416.0,1677764421.0,254.0,1677764482.0,1677764487.0,5.0,,136.0,456.0,5.0,31.0,1691153157.0,5.0,1067.0,poseidon,condorpool,poseidon-worker-3-container-40-47,xgboost_hp_tuning,/srv/xgboost_hp_tuning,,1212.2,0,0,0.0,1346599992.0,40.0,3895.0,2.0,1148.2,63.3,3366500.0,4.0
xgboost_hp_tuning_ID0000019_pegasus-plan_ID0000020,cpu_4,compute,0,1677763885.0,,,1677763890.0,1677763965.0,1677763997.0,69057370.3,1677764016.0,1677764772.0,1677764706.0,1677764710.0,254.0,1677764772.0,1677764777.0,5.0,,126.0,756.0,5.0,32.0,1691153157.0,4.0,1060.0,poseidon,condorpool,poseidon-worker-3-container-24-31,xgboost_hp_tuning,/srv/xgboost_hp_tuning,,2285.1,0,0,0.0,1346711814.0,40.0,4339.0,2.0,2196.3,88.9,1923874.0,4.0
stage_out_local_condorpool_0_0_pegasus-plan_ID0000012,None,transfer,0,1677764030.0,,,1677764035.0,,,0.0,1677764035.0,1677764045.0,1677764035.0,1677764039.0,2096.0,1677764045.0,1677764050.0,5.0,,0.0,10.0,5.0,,,4.0,8459.0,poseidon,local,host-10-100-100-12.openstacklocal,pegasus::transfer,/home/poseidon/pegasus-5.1.0panorama/bin/pegasus-transfer,/home/poseidon/pegasus-5.1.0panorama/bin/../bin/pegasus-kickstart  -n pegasus::transfer -N null -i - -R local  -L xgboost_hp_tuning_group_0 -T 2023-03-02T13:30:27+00:00 /home/poseidon/pegasus-5.1.0panorama/bin/../bin/pegasus-transfer  --threads 2,1.1,0,0,,,,,,,,,
stage_out_local_condorpool_0_2_pegasus-plan_ID0000012,None,transfer,0,1677764035.0,,,1677764040.0,,,0.0,1677764040.0,1677764050.0,1677764040.0,1677764044.0,1840.0,1677764050.0,1677764055.0,5.0,,0.0,10.0,5.0,,,4.0,7421.0,poseidon,local,host-10-100-100-12.openstacklocal,pegasus::transfer,/home/poseidon/pegasus-5.1.0panorama/bin/pegasus-transfer,/home/poseidon/pegasus-5.1.0panorama/bin/../bin/pegasus-kickstart  -n pegasus::transfer -N null -i - -R local  -L xgboost_hp_tuning_group_0 -T 2023-03-02T13:30:27+00:00 /home/poseidon/pegasus-5.1.0panorama/bin/../bin/pegasus-transfer  --threads 2,1.0,0,0,,,,,,,,,
stage_out_local_condorpool_0_2_pegasus-plan_ID0000016,None,transfer,0,1677764041.0,,,1677764046.0,,,0.0,1677764046.0,1677764056.0,1677764046.0,1677764050.0,1841.0,1677764056.0,1677764061.0,5.0,,0.0,10.0,5.0,,,4.0,7423.0,poseidon,local,host-10-100-100-12.openstacklocal,pegasus::transfer,/home/poseidon/pegasus-5.1.0panorama/bin/pegasus-transfer,/home/poseidon/pegasus-5.1.0panorama/bin/../bin/pegasus-kickstart  -n pegasus::transfer -N null -i - -R local  -L xgboost_hp_tuning_group_1 -T 2023-03-02T13:30:27+00:00 /home/poseidon/pegasus-5.1.0panorama/bin/../bin/pegasus-transfer  --threads 2,1.0,0,0,,,,,,,,,
stage_out_local_condorpool_0_0_pegasus-plan_ID0000016,None,transfer,0,1677764041.0,,,1677764046.0,,,0.0,1677764046.0,1677764056.0,1677764046.0,1677764050.0,2098.0,1677764056.0,1677764061.0,5.0,,0.0,10.0,5.0,,,4.0,8462.0,poseidon,local,host-10-100-100-12.openstacklocal,pegasus::transfer,/home/poseidon/pegasus-5.1.0panorama/bin/pegasus-transfer,/home/poseidon/pegasus-5.1.0panorama/bin/../bin/pegasus-kickstart  -n pegasus::transfer -N null -i - -R local  -L xgboost_hp_tuning_group_1 -T 2023-03-02T13:30:27+00:00 /home/poseidon/pegasus-5.1.0panorama/bin/../bin/pegasus-transfer  --threads 2,1.1,0,0,,,,,,,,,
stage_out_local_condorpool_0_1_pegasus-plan_ID0000016,None,transfer,0,1677764046.0,,,1677764051.0,,,0.0,1677764051.0,1677764061.0,1677764051.0,1677764055.0,2108.0,1677764061.0,1677764066.0,5.0,,0.0,10.0,5.0,,,4.0,8503.0,poseidon,local,host-10-100-100-12.openstacklocal,pegasus::transfer,/home/poseidon/pegasus-5.1.0panorama/bin/pegasus-transfer,/home/poseidon/pegasus-5.1.0panorama/bin/../bin/pegasus-kickstart  -n pegasus::transfer -N null -i - -R local  -L xgboost_hp_tuning_group_1 -T 2023-03-02T13:30:27+00:00 /home/poseidon/pegasus-5.1.0panorama/bin/../bin/pegasus-transfer  --threads 2,1.1,0,0,,,,,,,,,
xgboost_best_params_ID0000024_pegasus-plan_ID0000016,None,compute,0,1677764046.0,,,1677764051.0,1677764336.0,1677764353.0,33236357.0,1677764386.0,1677764422.0,1677764360.0,1677764364.0,246.0,1677764422.0,1677764427.0,5.0,,335.0,36.0,5.0,17.0,368018657.0,4.0,1048.0,poseidon,condorpool,poseidon-worker-2-container-24-31,xgboost_best_params,/srv/xgboost_best_params,,0.0,0,0,,,,,,,,,
register_condorpool_0_0_pegasus-plan_ID0000012,None,auxiliary,0,1677764050.0,,,1677764055.0,,,0.0,1677764056.0,1677764060.0,,,0.0,1677764060.0,1677764065.0,5.0,,1.0,4.0,5.0,,,,,poseidon,local,host-10-100-100-12.openstacklocal,pegasus::rc-client,/home/poseidon/pegasus-5.1.0panorama/bin/pegasus-rc-client,"-n pegasus::rc-client -N null -R local  -L xgboost_hp_tuning_group_0 -T 2023-03-02T13:30:27+00:00 /home/poseidon/pegasus-5.1.0panorama/bin/pegasus-rc-client --prefix pegasus.catalog.replica.output --conf /home/poseidon/workflows/predict-future-sales-workflow/submit/poseidon/pegasus/predict-future-sales/run0365/00/00/./xgboost_hp_tuning_group_0.000/pegasus.18044267523722367173.properties -v --meta /home/poseidon/workflows/predict-future-sales-workflow/submit/poseidon/pegasus/predict-future-sales/run0365/00/00/./xgboost_hp_tuning_group_0.000/00/00/xgboost_hp_tuning_ID0000018.meta,/home/poseidon/workflows/predict-future-sales-workflow/submit/poseidon/pegasus/predict-future-sales/run0365/00/00/./xgboost_hp_tuning_group_0.000/00/00/xgboost_hp_tuning_ID0000009.meta,/home/poseidon/workflows/predict-future-sales-workflow/submit/poseidon/pegasus/predict-future-sales/run0365/00/00/./xgboost_hp_tuning_group_0.000/00/00/xgboost_hp_tuning_ID0000012.meta,/home/poseidon/workflows/predict-future-sales-workflow/submit/poseidon/pegasus/predict-future-sales/run0365/00/00/./xgboost_hp_tuning_group_0.000/00/00/xgboost_hp_tuning_ID0000008.meta,/home/poseidon/workflows/predict-future-sales-workflow/submit/poseidon/pegasus/predict-future-sales/run0365/00/00/./xgboost_hp_tuning_group_0.000/00/00/xgboost_hp_tuning_ID0000010.meta,/home/poseidon/workflows/predict-future-sales-workflow/submit/poseidon/pegasus/predict-future-sales/run0365/00/00/./xgboost_hp_tuning_group_0.000/00/00/xgboost_hp_tuning_ID0000002.meta,/home/poseidon/workflows/predict-future-sales-workflow/submit/poseidon/pegasus/predict-future-sales/run0365/00/00/./xgboost_hp_tuning_group_0.000/00/00/xgboost_hp_tuning_ID0000005.meta,/home/poseidon/workflows/predict-future-sales-workflow/submit/poseidon/pegasus/predict-future-sales/run0365/00/00/./xgboost_hp_tuning_group_0.000/00/00/xgboost_hp_tuning_ID0000015.meta --insert /home/poseidon/workflows/predict-future-sales-workflow/submit/poseidon/pegasus/predict-future-sales/run0365/00/00/./xgboost_hp_tuning_group_0.000/00/00/register_condorpool_0_0.in",3.2,0,0,,,,,,,,,
register_condorpool_0_2_pegasus-plan_ID0000012,None,auxiliary,0,1677764055.0,,,1677764065.0,,,0.0,1677764067.0,1677764070.0,,,0.0,1677764070.0,1677764075.0,10.0,,2.0,3.0,5.0,,,,,poseidon,local,host-10-100-100-12.openstacklocal,pegasus::rc-client,/home/poseidon/pegasus-5.1.0panorama/bin/pegasus-rc-client,"-n pegasus::rc-client -N null -R local  -L xgboost_hp_tuning_group_0 -T 2023-03-02T13:30:27+00:00 /home/poseidon/pegasus-5.1.0panorama/bin/pegasus-rc-client --prefix pegasus.catalog.replica.output --conf /home/poseidon/workflows/predict-future-sales-workflow/submit/poseidon/pegasus/predict-future-sales/run0365/00/00/./xgboost_hp_tuning_group_0.000/pegasus.18044267523722367173.properties -v --meta /home/poseidon/workflows/predict-future-sales-workflow/submit/poseidon/pegasus/predict-future-sales/run0365/00/00/./xgboost_hp_tuning_group_0.000/00/00/xgboost_hp_tuning_ID0000014.meta,/home/poseidon/workflows/predict-future-sales-workflow/submit/poseidon/pegasus/predict-future-sales/run0365/00/00/./xgboost_hp_tuning_group_0.000/00/00/xgboost_hp_tuning_ID0000001.meta,/home/poseidon/workflows/predict-future-sales-workflow/submit/poseidon/pegasus/predict-future-sales/run0365/00/00/./xgboost_hp_tuning_group_0.000/00/00/xgboost_hp_tuning_ID0000007.meta,/home/poseidon/workflows/predict-future-sales-workflow/submit/poseidon/pegasus/predict-future-sales/run0365/00/00/./xgboost_hp_tuning_group_0.000/00/00/xgboost_hp_tuning_ID0000004.meta,/home/poseidon/workflows/predict-future-sales-workflow/submit/poseidon/pegasus/predict-future-sales/run0365/00/00/./xgboost_hp_tuning_group_0.000/00/00/xgboost_hp_tuning_ID0000022.meta,/home/poseidon/workflows/predict-future-sales-workflow/submit/poseidon/pegasus/predict-future-sales/run0365/00/00/./xgboost_hp_tuning_group_0.000/00/00/xgboost_hp_tuning_ID0000020.meta,/home/poseidon/workflows/predict-future-sales-workflow/submit/poseidon/pegasus/predict-future-sales/run0365/00/00/./xgboost_hp_tuning_group_0.000/00/00/xgboost_hp_tuning_ID0000017.meta --insert /home/poseidon/workflows/predict-future-sales-workflow/submit/poseidon/pegasus/predict-future-sales/run0365/00/00/./xgboost_hp_tuning_group_0.000/00/00/register_condorpool_0_2.in",2.9,0,0,,,,,,,,,
xgboost_best_params_ID0000024_pegasus-plan_ID0000012,None,compute,0,1677764055.0,,,1677764060.0,1677764353.0,1677764371.0,33255590.4,1677764403.0,1677764440.0,1677764377.0,1677764381.0,254.0,1677764440.0,1677764445.0,5.0,,343.0,37.0,5.0,18.0,368018653.0,4.0,1078.0,poseidon,condorpool,poseidon-worker-2-container-40-47,xgboost_best_params,/srv/xgboost_best_params,,0.0,0,0,,,,,,,,,
stage_out_local_condorpool_0_1_pegasus-plan_ID0000012,None,transfer,0,1677764055.0,,,1677764060.0,,,0.0,1677764060.0,1677764070.0,1677764060.0,1677764064.0,2107.0,1677764070.0,1677764075.0,5.0,,0.0,10.0,5.0,,,4.0,8504.0,poseidon,local,host-10-100-100-12.openstacklocal,pegasus::transfer,/home/poseidon/pegasus-5.1.0panorama/bin/pegasus-transfer,/home/poseidon/pegasus-5.1.0panorama/bin/../bin/pegasus-kickstart  -n pegasus::transfer -N null -i - -R local  -L xgboost_hp_tuning_group_0 -T 2023-03-02T13:30:27+00:00 /home/poseidon/pegasus-5.1.0panorama/bin/../bin/pegasus-transfer  --threads 2,1.1,0,0,,,,,,,,,
register_condorpool_0_0_pegasus-plan_ID0000016,None,auxiliary,0,1677764061.0,,,1677764077.0,,,0.0,1677764077.0,1677764082.0,,,0.0,1677764082.0,1677764087.0,16.0,,0.0,5.0,5.0,,,,,poseidon,local,host-10-100-100-12.openstacklocal,pegasus::rc-client,/home/poseidon/pegasus-5.1.0panorama/bin/pegasus-rc-client,"-n pegasus::rc-client -N null -R local  -L xgboost_hp_tuning_group_1 -T 2023-03-02T13:30:27+00:00 /home/poseidon/pegasus-5.1.0panorama/bin/pegasus-rc-client --prefix pegasus.catalog.replica.output --conf /home/poseidon/workflows/predict-future-sales-workflow/submit/poseidon/pegasus/predict-future-sales/run0365/00/00/./xgboost_hp_tuning_group_1.000/pegasus.6675965680147164553.properties -v --meta /home/poseidon/workflows/predict-future-sales-workflow/submit/poseidon/pegasus/predict-future-sales/run0365/00/00/./xgboost_hp_tuning_group_1.000/00/00/xgboost_hp_tuning_ID0000018.meta,/home/poseidon/workflows/predict-future-sales-workflow/submit/poseidon/pegasus/predict-future-sales/run0365/00/00/./xgboost_hp_tuning_group_1.000/00/00/xgboost_hp_tuning_ID0000002.meta,/home/poseidon/workflows/predict-future-sales-workflow/submit/poseidon/pegasus/predict-future-sales/run0365/00/00/./xgboost_hp_tuning_group_1.000/00/00/xgboost_hp_tuning_ID0000005.meta,/home/poseidon/workflows/predict-future-sales-workflow/submit/poseidon/pegasus/predict-future-sales/run0365/00/00/./xgboost_hp_tuning_group_1.000/00/00/xgboost_hp_tuning_ID0000009.meta,/home/poseidon/workflows/predict-future-sales-workflow/submit/poseidon/pegasus/predict-future-sales/run0365/00/00/./xgboost_hp_tuning_group_1.000/00/00/xgboost_hp_tuning_ID0000015.meta,/home/poseidon/workflows/predict-future-sales-workflow/submit/poseidon/pegasus/predict-future-sales/run0365/00/00/./xgboost_hp_tuning_group_1.000/00/00/xgboost_hp_tuning_ID0000012.meta,/home/poseidon/workflows/predict-future-sales-workflow/submit/poseidon/pegasus/predict-future-sales/run0365/00/00/./xgboost_hp_tuning_group_1.000/00/00/xgboost_hp_tuning_ID0000010.meta,/home/poseidon/workflows/predict-future-sales-workflow/submit/poseidon/pegasus/predict-future-sales/run0365/00/00/./xgboost_hp_tuning_group_1.000/00/00/xgboost_hp_tuning_ID0000008.meta --insert /home/poseidon/workflows/predict-future-sales-workflow/submit/poseidon/pegasus/predict-future-sales/run0365/00/00/./xgboost_hp_tuning_group_1.000/00/00/register_condorpool_0_0.in",3.0,0,0,,,,,,,,,
register_condorpool_0_2_pegasus-plan_ID0000016,None,auxiliary,0,1677764061.0,,,1677764066.0,,,0.0,1677764067.0,1677764072.0,,,0.0,1677764072.0,1677764077.0,5.0,,1.0,5.0,5.0,,,,,poseidon,local,host-10-100-100-12.openstacklocal,pegasus::rc-client,/home/poseidon/pegasus-5.1.0panorama/bin/pegasus-rc-client,"-n pegasus::rc-client -N null -R local  -L xgboost_hp_tuning_group_1 -T 2023-03-02T13:30:27+00:00 /home/poseidon/pegasus-5.1.0panorama/bin/pegasus-rc-client --prefix pegasus.catalog.replica.output --conf /home/poseidon/workflows/predict-future-sales-workflow/submit/poseidon/pegasus/predict-future-sales/run0365/00/00/./xgboost_hp_tuning_group_1.000/pegasus.6675965680147164553.properties -v --meta /home/poseidon/workflows/predict-future-sales-workflow/submit/poseidon/pegasus/predict-future-sales/run0365/00/00/./xgboost_hp_tuning_group_1.000/00/00/xgboost_hp_tuning_ID0000017.meta,/home/poseidon/workflows/predict-future-sales-workflow/submit/poseidon/pegasus/predict-future-sales/run0365/00/00/./xgboost_hp_tuning_group_1.000/00/00/xgboost_hp_tuning_ID0000022.meta,/home/poseidon/workflows/predict-future-sales-workflow/submit/poseidon/pegasus/predict-future-sales/run0365/00/00/./xgboost_hp_tuning_group_1.000/00/00/xgboost_hp_tuning_ID0000007.meta,/home/poseidon/workflows/predict-future-sales-workflow/submit/poseidon/pegasus/predict-future-sales/run0365/00/00/./xgboost_hp_tuning_group_1.000/00/00/xgboost_hp_tuning_ID0000020.meta,/home/poseidon/workflows/predict-future-sales-workflow/submit/poseidon/pegasus/predict-future-sales/run0365/00/00/./xgboost_hp_tuning_group_1.000/00/00/xgboost_hp_tuning_ID0000001.meta,/home/poseidon/workflows/predict-future-sales-workflow/submit/poseidon/pegasus/predict-future-sales/run0365/00/00/./xgboost_hp_tuning_group_1.000/00/00/xgboost_hp_tuning_ID0000004.meta,/home/poseidon/workflows/predict-future-sales-workflow/submit/poseidon/pegasus/predict-future-sales/run0365/00/00/./xgboost_hp_tuning_group_1.000/00/00/xgboost_hp_tuning_ID0000014.meta --insert /home/poseidon/workflows/predict-future-sales-workflow/submit/poseidon/pegasus/predict-future-sales/run0365/00/00/./xgboost_hp_tuning_group_1.000/00/00/register_condorpool_0_2.in",3.1,0,0,,,,,,,,,
register_condorpool_0_1_pegasus-plan_ID0000016,None,auxiliary,0,1677764066.0,,,1677764087.0,,,0.0,1677764088.0,1677764092.0,,,0.0,1677764092.0,1677764097.0,21.0,,1.0,4.0,5.0,,,,,poseidon,local,host-10-100-100-12.openstacklocal,pegasus::rc-client,/home/poseidon/pegasus-5.1.0panorama/bin/pegasus-rc-client,"-n pegasus::rc-client -N null -R local  -L xgboost_hp_tuning_group_1 -T 2023-03-02T13:30:27+00:00 /home/poseidon/pegasus-5.1.0panorama/bin/pegasus-rc-client --prefix pegasus.catalog.replica.output --conf /home/poseidon/workflows/predict-future-sales-workflow/submit/poseidon/pegasus/predict-future-sales/run0365/00/00/./xgboost_hp_tuning_group_1.000/pegasus.6675965680147164553.properties -v --meta /home/poseidon/workflows/predict-future-sales-workflow/submit/poseidon/pegasus/predict-future-sales/run0365/00/00/./xgboost_hp_tuning_group_1.000/00/00/xgboost_hp_tuning_ID0000013.meta,/home/poseidon/workflows/predict-future-sales-workflow/submit/poseidon/pegasus/predict-future-sales/run0365/00/00/./xgboost_hp_tuning_group_1.000/00/00/xgboost_hp_tuning_ID0000023.meta,/home/poseidon/workflows/predict-future-sales-workflow/submit/poseidon/pegasus/predict-future-sales/run0365/00/00/./xgboost_hp_tuning_group_1.000/00/00/xgboost_hp_tuning_ID0000011.meta,/home/poseidon/workflows/predict-future-sales-workflow/submit/poseidon/pegasus/predict-future-sales/run0365/00/00/./xgboost_hp_tuning_group_1.000/00/00/xgboost_hp_tuning_ID0000006.meta,/home/poseidon/workflows/predict-future-sales-workflow/submit/poseidon/pegasus/predict-future-sales/run0365/00/00/./xgboost_hp_tuning_group_1.000/00/00/xgboost_hp_tuning_ID0000003.meta,/home/poseidon/workflows/predict-future-sales-workflow/submit/poseidon/pegasus/predict-future-sales/run0365/00/00/./xgboost_hp_tuning_group_1.000/00/00/xgboost_hp_tuning_ID0000021.meta,/home/poseidon/workflows/predict-future-sales-workflow/submit/poseidon/pegasus/predict-future-sales/run0365/00/00/./xgboost_hp_tuning_group_1.000/00/00/xgboost_hp_tuning_ID0000019.meta,/home/poseidon/workflows/predict-future-sales-workflow/submit/poseidon/pegasus/predict-future-sales/run0365/00/00/./xgboost_hp_tuning_group_1.000/00/00/xgboost_hp_tuning_ID0000016.meta --insert /home/poseidon/workflows/predict-future-sales-workflow/submit/poseidon/pegasus/predict-future-sales/run0365/00/00/./xgboost_hp_tuning_group_1.000/00/00/register_condorpool_0_1.in",3.0,0,0,,,,,,,,,
register_condorpool_0_1_pegasus-plan_ID0000012,None,auxiliary,0,1677764075.0,,,1677764080.0,,,0.0,1677764080.0,1677764085.0,,,0.0,1677764085.0,1677764090.0,5.0,,0.0,5.0,5.0,,,,,poseidon,local,host-10-100-100-12.openstacklocal,pegasus::rc-client,/home/poseidon/pegasus-5.1.0panorama/bin/pegasus-rc-client,"-n pegasus::rc-client -N null -R local  -L xgboost_hp_tuning_group_0 -T 2023-03-02T13:30:27+00:00 /home/poseidon/pegasus-5.1.0panorama/bin/pegasus-rc-client --prefix pegasus.catalog.replica.output --conf /home/poseidon/workflows/predict-future-sales-workflow/submit/poseidon/pegasus/predict-future-sales/run0365/00/00/./xgboost_hp_tuning_group_0.000/pegasus.18044267523722367173.properties -v --meta /home/poseidon/workflows/predict-future-sales-workflow/submit/poseidon/pegasus/predict-future-sales/run0365/00/00/./xgboost_hp_tuning_group_0.000/00/00/xgboost_hp_tuning_ID0000019.meta,/home/poseidon/workflows/predict-future-sales-workflow/submit/poseidon/pegasus/predict-future-sales/run0365/00/00/./xgboost_hp_tuning_group_0.000/00/00/xgboost_hp_tuning_ID0000003.meta,/home/poseidon/workflows/predict-future-sales-workflow/submit/poseidon/pegasus/predict-future-sales/run0365/00/00/./xgboost_hp_tuning_group_0.000/00/00/xgboost_hp_tuning_ID0000006.meta,/home/poseidon/workflows/predict-future-sales-workflow/submit/poseidon/pegasus/predict-future-sales/run0365/00/00/./xgboost_hp_tuning_group_0.000/00/00/xgboost_hp_tuning_ID0000016.meta,/home/poseidon/workflows/predict-future-sales-workflow/submit/poseidon/pegasus/predict-future-sales/run0365/00/00/./xgboost_hp_tuning_group_0.000/00/00/xgboost_hp_tuning_ID0000013.meta,/home/poseidon/workflows/predict-future-sales-workflow/submit/poseidon/pegasus/predict-future-sales/run0365/00/00/./xgboost_hp_tuning_group_0.000/00/00/xgboost_hp_tuning_ID0000023.meta,/home/poseidon/workflows/predict-future-sales-workflow/submit/poseidon/pegasus/predict-future-sales/run0365/00/00/./xgboost_hp_tuning_group_0.000/00/00/xgboost_hp_tuning_ID0000011.meta,/home/poseidon/workflows/predict-future-sales-workflow/submit/poseidon/pegasus/predict-future-sales/run0365/00/00/./xgboost_hp_tuning_group_0.000/00/00/xgboost_hp_tuning_ID0000021.meta --insert /home/poseidon/workflows/predict-future-sales-workflow/submit/poseidon/pegasus/predict-future-sales/run0365/00/00/./xgboost_hp_tuning_group_0.000/00/00/register_condorpool_0_1.in",3.1,0,0,,,,,,,,,
stage_out_local_condorpool_1_0_pegasus-plan_ID0000016,None,transfer,0,1677764427.0,,,1677764432.0,,,0.0,1677764432.0,1677764442.0,1677764432.0,1677764436.0,1230.0,1677764442.0,1677764447.0,5.0,,0.0,10.0,5.0,,,4.0,5240.0,poseidon,local,host-10-100-100-12.openstacklocal,pegasus::transfer,/home/poseidon/pegasus-5.1.0panorama/bin/pegasus-transfer,/home/poseidon/pegasus-5.1.0panorama/bin/../bin/pegasus-kickstart  -n pegasus::transfer -N null -i - -R local  -L xgboost_hp_tuning_group_1 -T 2023-03-02T13:30:27+00:00 /home/poseidon/pegasus-5.1.0panorama/bin/../bin/pegasus-transfer  --threads 2,0.7,0,0,,,,,,,,,
stage_out_local_condorpool_1_0_pegasus-plan_ID0000012,None,transfer,0,1677764445.0,,,1677764450.0,,,0.0,1677764450.0,1677764460.0,1677764451.0,1677764455.0,1246.0,1677764460.0,1677764465.0,5.0,,0.0,10.0,5.0,,,4.0,5390.0,poseidon,local,host-10-100-100-12.openstacklocal,pegasus::transfer,/home/poseidon/pegasus-5.1.0panorama/bin/pegasus-transfer,/home/poseidon/pegasus-5.1.0panorama/bin/../bin/pegasus-kickstart  -n pegasus::transfer -N null -i - -R local  -L xgboost_hp_tuning_group_0 -T 2023-03-02T13:30:27+00:00 /home/poseidon/pegasus-5.1.0panorama/bin/../bin/pegasus-transfer  --threads 2,0.7,0,0,,,,,,,,,
register_condorpool_1_0_pegasus-plan_ID0000016,None,auxiliary,0,1677764447.0,,,1677764452.0,,,0.0,1677764456.0,1677764462.0,,,0.0,1677764462.0,1677764467.0,5.0,,4.0,6.0,5.0,,,,,poseidon,local,host-10-100-100-12.openstacklocal,pegasus::rc-client,/home/poseidon/pegasus-5.1.0panorama/bin/pegasus-rc-client,-n pegasus::rc-client -N null -R local  -L xgboost_hp_tuning_group_1 -T 2023-03-02T13:30:27+00:00 /home/poseidon/pegasus-5.1.0panorama/bin/pegasus-rc-client --prefix pegasus.catalog.replica.output --conf /home/poseidon/workflows/predict-future-sales-workflow/submit/poseidon/pegasus/predict-future-sales/run0365/00/00/./xgboost_hp_tuning_group_1.000/pegasus.6675965680147164553.properties -v --meta /home/poseidon/workflows/predict-future-sales-workflow/submit/poseidon/pegasus/predict-future-sales/run0365/00/00/./xgboost_hp_tuning_group_1.000/00/00/xgboost_best_params_ID0000024.meta --insert /home/poseidon/workflows/predict-future-sales-workflow/submit/poseidon/pegasus/predict-future-sales/run0365/00/00/./xgboost_hp_tuning_group_1.000/00/00/register_condorpool_1_0.in,3.1,0,0,,,,,,,,,
register_condorpool_1_0_pegasus-plan_ID0000012,None,auxiliary,0,1677764465.0,,,1677764470.0,,,0.0,1677764470.0,1677764475.0,,,0.0,1677764475.0,1677764480.0,5.0,,0.0,5.0,5.0,,,,,poseidon,local,host-10-100-100-12.openstacklocal,pegasus::rc-client,/home/poseidon/pegasus-5.1.0panorama/bin/pegasus-rc-client,-n pegasus::rc-client -N null -R local  -L xgboost_hp_tuning_group_0 -T 2023-03-02T13:30:27+00:00 /home/poseidon/pegasus-5.1.0panorama/bin/pegasus-rc-client --prefix pegasus.catalog.replica.output --conf /home/poseidon/workflows/predict-future-sales-workflow/submit/poseidon/pegasus/predict-future-sales/run0365/00/00/./xgboost_hp_tuning_group_0.000/pegasus.18044267523722367173.properties -v --meta /home/poseidon/workflows/predict-future-sales-workflow/submit/poseidon/pegasus/predict-future-sales/run0365/00/00/./xgboost_hp_tuning_group_0.000/00/00/xgboost_best_params_ID0000024.meta --insert /home/poseidon/workflows/predict-future-sales-workflow/submit/poseidon/pegasus/predict-future-sales/run0365/00/00/./xgboost_hp_tuning_group_0.000/00/00/register_condorpool_1_0.in,3.0,0,0,,,,,,,,,
xgboost_model_ID0000017,cpu_4,compute,0,1677764470.0,,,1677764475.0,1677764426.0,1677764445.0,42340409.0,1677764476.0,1677764520.0,1677764455.0,1677764459.0,44393.0,1677764520.0,1677764525.0,5.0,,1.0,44.0,5.0,19.0,377645115.0,4.0,195468.0,poseidon,condorpool,poseidon-worker-1-container-0-7,xgboost_model,/srv/xgboost_model,,5.6,0,0,,,,,,,,,
xgboost_model_ID0000013,cpu_4,compute,0,1677764480.0,,,1677764485.0,1677764436.0,1677764455.0,46439247.8,1677764486.0,1677764535.0,1677764471.0,1677764475.0,127331.0,1677764535.0,1677764540.0,5.0,,1.0,49.0,5.0,19.0,502671208.0,4.0,563057.0,poseidon,condorpool,poseidon-worker-1-container-16-23,xgboost_model,/srv/xgboost_model,,21.6,0,0,,,,,,,,,
model_predict_ID0000018,cpu_4,compute,0,1677764525.0,,,1677764530.0,1677764481.0,1677764500.0,41615802.5,1677764532.0,1677764570.0,1677764507.0,1677764512.0,5860.0,1677764570.0,1677764575.0,5.0,,2.0,38.0,5.0,19.0,368297478.0,5.0,25035.0,poseidon,condorpool,poseidon-worker-2-container-16-23,model_predict,/srv/model_predict,,1.8,0,0,,,,,,,,,
model_predict_ID0000014,cpu_4,compute,0,1677764540.0,,,1677764545.0,1677764496.0,1677764513.0,41687711.8,1677764547.0,1677764585.0,1677764521.0,1677764526.0,103381.0,1677764585.0,1677764590.0,5.0,,2.0,38.0,5.0,17.0,370750362.0,5.0,451213.0,poseidon,condorpool,poseidon-worker-1-container-0-7,model_predict,/srv/model_predict,,1.8,0,0,,,,,,,,,
stage_out_local_condorpool_0_0_pegasus-plan_ID0000020,None,transfer,0,1677764777.0,,,1677764782.0,,,0.0,1677764782.0,1677764792.0,1677764783.0,1677764787.0,2099.0,1677764792.0,1677764797.0,5.0,,0.0,10.0,5.0,,,4.0,8466.0,poseidon,local,host-10-100-100-12.openstacklocal,pegasus::transfer,/home/poseidon/pegasus-5.1.0panorama/bin/pegasus-transfer,/home/poseidon/pegasus-5.1.0panorama/bin/../bin/pegasus-kickstart  -n pegasus::transfer -N null -i - -R local  -L xgboost_hp_tuning_group_2 -T 2023-03-02T13:30:27+00:00 /home/poseidon/pegasus-5.1.0panorama/bin/../bin/pegasus-transfer  --threads 2,1.0,0,0,,,,,,,,,
register_condorpool_0_0_pegasus-plan_ID0000020,None,auxiliary,0,1677764797.0,,,1677764802.0,,,0.0,1677764802.0,1677764807.0,,,0.0,1677764807.0,1677764812.0,5.0,,0.0,5.0,5.0,,,,,poseidon,local,host-10-100-100-12.openstacklocal,pegasus::rc-client,/home/poseidon/pegasus-5.1.0panorama/bin/pegasus-rc-client,"-n pegasus::rc-client -N null -R local  -L xgboost_hp_tuning_group_2 -T 2023-03-02T13:30:27+00:00 /home/poseidon/pegasus-5.1.0panorama/bin/pegasus-rc-client --prefix pegasus.catalog.replica.output --conf /home/poseidon/workflows/predict-future-sales-workflow/submit/poseidon/pegasus/predict-future-sales/run0365/00/00/./xgboost_hp_tuning_group_2.000/pegasus.5056201700726005174.properties -v --meta /home/poseidon/workflows/predict-future-sales-workflow/submit/poseidon/pegasus/predict-future-sales/run0365/00/00/./xgboost_hp_tuning_group_2.000/00/00/xgboost_hp_tuning_ID0000018.meta,/home/poseidon/workflows/predict-future-sales-workflow/submit/poseidon/pegasus/predict-future-sales/run0365/00/00/./xgboost_hp_tuning_group_2.000/00/00/xgboost_hp_tuning_ID0000009.meta,/home/poseidon/workflows/predict-future-sales-workflow/submit/poseidon/pegasus/predict-future-sales/run0365/00/00/./xgboost_hp_tuning_group_2.000/00/00/xgboost_hp_tuning_ID0000012.meta,/home/poseidon/workflows/predict-future-sales-workflow/submit/poseidon/pegasus/predict-future-sales/run0365/00/00/./xgboost_hp_tuning_group_2.000/00/00/xgboost_hp_tuning_ID0000008.meta,/home/poseidon/workflows/predict-future-sales-workflow/submit/poseidon/pegasus/predict-future-sales/run0365/00/00/./xgboost_hp_tuning_group_2.000/00/00/xgboost_hp_tuning_ID0000010.meta,/home/poseidon/workflows/predict-future-sales-workflow/submit/poseidon/pegasus/predict-future-sales/run0365/00/00/./xgboost_hp_tuning_group_2.000/00/00/xgboost_hp_tuning_ID0000002.meta,/home/poseidon/workflows/predict-future-sales-workflow/submit/poseidon/pegasus/predict-future-sales/run0365/00/00/./xgboost_hp_tuning_group_2.000/00/00/xgboost_hp_tuning_ID0000005.meta,/home/poseidon/workflows/predict-future-sales-workflow/submit/poseidon/pegasus/predict-future-sales/run0365/00/00/./xgboost_hp_tuning_group_2.000/00/00/xgboost_hp_tuning_ID0000015.meta --insert /home/poseidon/workflows/predict-future-sales-workflow/submit/poseidon/pegasus/predict-future-sales/run0365/00/00/./xgboost_hp_tuning_group_2.000/00/00/register_condorpool_0_0.in",2.9,0,0,,,,,,,,,
stage_out_local_condorpool_0_2_pegasus-plan_ID0000020,None,transfer,0,1677764877.0,,,1677764882.0,,,0.0,1677764882.0,1677764892.0,1677764883.0,1677764887.0,1841.0,1677764892.0,1677764897.0,5.0,,0.0,10.0,5.0,,,4.0,7426.0,poseidon,local,host-10-100-100-12.openstacklocal,pegasus::transfer,/home/poseidon/pegasus-5.1.0panorama/bin/pegasus-transfer,/home/poseidon/pegasus-5.1.0panorama/bin/../bin/pegasus-kickstart  -n pegasus::transfer -N null -i - -R local  -L xgboost_hp_tuning_group_2 -T 2023-03-02T13:30:27+00:00 /home/poseidon/pegasus-5.1.0panorama/bin/../bin/pegasus-transfer  --threads 2,0.9,0,0,,,,,,,,,
register_condorpool_0_2_pegasus-plan_ID0000020,None,auxiliary,0,1677764897.0,,,1677764902.0,,,0.0,1677764903.0,1677764907.0,,,0.0,1677764907.0,1677764912.0,5.0,,1.0,4.0,5.0,,,,,poseidon,local,host-10-100-100-12.openstacklocal,pegasus::rc-client,/home/poseidon/pegasus-5.1.0panorama/bin/pegasus-rc-client,"-n pegasus::rc-client -N null -R local  -L xgboost_hp_tuning_group_2 -T 2023-03-02T13:30:27+00:00 /home/poseidon/pegasus-5.1.0panorama/bin/pegasus-rc-client --prefix pegasus.catalog.replica.output --conf /home/poseidon/workflows/predict-future-sales-workflow/submit/poseidon/pegasus/predict-future-sales/run0365/00/00/./xgboost_hp_tuning_group_2.000/pegasus.5056201700726005174.properties -v --meta /home/poseidon/workflows/predict-future-sales-workflow/submit/poseidon/pegasus/predict-future-sales/run0365/00/00/./xgboost_hp_tuning_group_2.000/00/00/xgboost_hp_tuning_ID0000014.meta,/home/poseidon/workflows/predict-future-sales-workflow/submit/poseidon/pegasus/predict-future-sales/run0365/00/00/./xgboost_hp_tuning_group_2.000/00/00/xgboost_hp_tuning_ID0000001.meta,/home/poseidon/workflows/predict-future-sales-workflow/submit/poseidon/pegasus/predict-future-sales/run0365/00/00/./xgboost_hp_tuning_group_2.000/00/00/xgboost_hp_tuning_ID0000007.meta,/home/poseidon/workflows/predict-future-sales-workflow/submit/poseidon/pegasus/predict-future-sales/run0365/00/00/./xgboost_hp_tuning_group_2.000/00/00/xgboost_hp_tuning_ID0000004.meta,/home/poseidon/workflows/predict-future-sales-workflow/submit/poseidon/pegasus/predict-future-sales/run0365/00/00/./xgboost_hp_tuning_group_2.000/00/00/xgboost_hp_tuning_ID0000022.meta,/home/poseidon/workflows/predict-future-sales-workflow/submit/poseidon/pegasus/predict-future-sales/run0365/00/00/./xgboost_hp_tuning_group_2.000/00/00/xgboost_hp_tuning_ID0000020.meta,/home/poseidon/workflows/predict-future-sales-workflow/submit/poseidon/pegasus/predict-future-sales/run0365/00/00/./xgboost_hp_tuning_group_2.000/00/00/xgboost_hp_tuning_ID0000017.meta --insert /home/poseidon/workflows/predict-future-sales-workflow/submit/poseidon/pegasus/predict-future-sales/run0365/00/00/./xgboost_hp_tuning_group_2.000/00/00/register_condorpool_0_2.in",2.9,0,0,,,,,,,,,
xgboost_best_params_ID0000024_pegasus-plan_ID0000020,cpu_4,compute,0,1677764897.0,,,1677764902.0,1677764853.0,1677764871.0,33289855.8,1677764904.0,1677764942.0,1677764877.0,1677764881.0,253.0,1677764942.0,1677764947.0,5.0,,2.0,38.0,5.0,18.0,368018668.0,4.0,1060.0,poseidon,condorpool,poseidon-worker-1-container-32-39,xgboost_best_params,/srv/xgboost_best_params,,0.0,0,0,,,,,,,,,
stage_out_local_condorpool_0_1_pegasus-plan_ID0000020,None,transfer,0,1677764897.0,,,1677764902.0,,,0.0,1677764903.0,1677764917.0,1677764903.0,1677764907.0,2105.0,1677764917.0,1677764922.0,5.0,,1.0,14.0,5.0,,,4.0,8507.0,poseidon,local,host-10-100-100-12.openstacklocal,pegasus::transfer,/home/poseidon/pegasus-5.1.0panorama/bin/pegasus-transfer,/home/poseidon/pegasus-5.1.0panorama/bin/../bin/pegasus-kickstart  -n pegasus::transfer -N null -i - -R local  -L xgboost_hp_tuning_group_2 -T 2023-03-02T13:30:27+00:00 /home/poseidon/pegasus-5.1.0panorama/bin/../bin/pegasus-transfer  --threads 2,1.1,0,0,,,,,,,,,
register_condorpool_0_1_pegasus-plan_ID0000020,None,auxiliary,0,1677764922.0,,,1677764927.0,,,0.0,1677764927.0,1677764932.0,,,0.0,1677764932.0,1677764937.0,5.0,,0.0,5.0,5.0,,,,,poseidon,local,host-10-100-100-12.openstacklocal,pegasus::rc-client,/home/poseidon/pegasus-5.1.0panorama/bin/pegasus-rc-client,"-n pegasus::rc-client -N null -R local  -L xgboost_hp_tuning_group_2 -T 2023-03-02T13:30:27+00:00 /home/poseidon/pegasus-5.1.0panorama/bin/pegasus-rc-client --prefix pegasus.catalog.replica.output --conf /home/poseidon/workflows/predict-future-sales-workflow/submit/poseidon/pegasus/predict-future-sales/run0365/00/00/./xgboost_hp_tuning_group_2.000/pegasus.5056201700726005174.properties -v --meta /home/poseidon/workflows/predict-future-sales-workflow/submit/poseidon/pegasus/predict-future-sales/run0365/00/00/./xgboost_hp_tuning_group_2.000/00/00/xgboost_hp_tuning_ID0000019.meta,/home/poseidon/workflows/predict-future-sales-workflow/submit/poseidon/pegasus/predict-future-sales/run0365/00/00/./xgboost_hp_tuning_group_2.000/00/00/xgboost_hp_tuning_ID0000003.meta,/home/poseidon/workflows/predict-future-sales-workflow/submit/poseidon/pegasus/predict-future-sales/run0365/00/00/./xgboost_hp_tuning_group_2.000/00/00/xgboost_hp_tuning_ID0000006.meta,/home/poseidon/workflows/predict-future-sales-workflow/submit/poseidon/pegasus/predict-future-sales/run0365/00/00/./xgboost_hp_tuning_group_2.000/00/00/xgboost_hp_tuning_ID0000016.meta,/home/poseidon/workflows/predict-future-sales-workflow/submit/poseidon/pegasus/predict-future-sales/run0365/00/00/./xgboost_hp_tuning_group_2.000/00/00/xgboost_hp_tuning_ID0000013.meta,/home/poseidon/workflows/predict-future-sales-workflow/submit/poseidon/pegasus/predict-future-sales/run0365/00/00/./xgboost_hp_tuning_group_2.000/00/00/xgboost_hp_tuning_ID0000023.meta,/home/poseidon/workflows/predict-future-sales-workflow/submit/poseidon/pegasus/predict-future-sales/run0365/00/00/./xgboost_hp_tuning_group_2.000/00/00/xgboost_hp_tuning_ID0000011.meta,/home/poseidon/workflows/predict-future-sales-workflow/submit/poseidon/pegasus/predict-future-sales/run0365/00/00/./xgboost_hp_tuning_group_2.000/00/00/xgboost_hp_tuning_ID0000021.meta --insert /home/poseidon/workflows/predict-future-sales-workflow/submit/poseidon/pegasus/predict-future-sales/run0365/00/00/./xgboost_hp_tuning_group_2.000/00/00/register_condorpool_0_1.in",2.9,0,0,,,,,,,,,
stage_out_local_condorpool_1_0_pegasus-plan_ID0000020,None,transfer,0,1677764947.0,,,1677764952.0,,,0.0,1677764952.0,1677764962.0,1677764953.0,1677764957.0,1240.0,1677764962.0,1677764967.0,5.0,,0.0,10.0,5.0,,,4.0,5300.0,poseidon,local,host-10-100-100-12.openstacklocal,pegasus::transfer,/home/poseidon/pegasus-5.1.0panorama/bin/pegasus-transfer,/home/poseidon/pegasus-5.1.0panorama/bin/../bin/pegasus-kickstart  -n pegasus::transfer -N null -i - -R local  -L xgboost_hp_tuning_group_2 -T 2023-03-02T13:30:27+00:00 /home/poseidon/pegasus-5.1.0panorama/bin/../bin/pegasus-transfer  --threads 2,0.7,0,0,,,,,,,,,
register_condorpool_1_0_pegasus-plan_ID0000020,None,auxiliary,0,1677764967.0,,,1677764972.0,,,0.0,1677764972.0,1677764977.0,,,0.0,1677764977.0,1677764982.0,5.0,,0.0,5.0,5.0,,,,,poseidon,local,host-10-100-100-12.openstacklocal,pegasus::rc-client,/home/poseidon/pegasus-5.1.0panorama/bin/pegasus-rc-client,-n pegasus::rc-client -N null -R local  -L xgboost_hp_tuning_group_2 -T 2023-03-02T13:30:27+00:00 /home/poseidon/pegasus-5.1.0panorama/bin/pegasus-rc-client --prefix pegasus.catalog.replica.output --conf /home/poseidon/workflows/predict-future-sales-workflow/submit/poseidon/pegasus/predict-future-sales/run0365/00/00/./xgboost_hp_tuning_group_2.000/pegasus.5056201700726005174.properties -v --meta /home/poseidon/workflows/predict-future-sales-workflow/submit/poseidon/pegasus/predict-future-sales/run0365/00/00/./xgboost_hp_tuning_group_2.000/00/00/xgboost_best_params_ID0000024.meta --insert /home/poseidon/workflows/predict-future-sales-workflow/submit/poseidon/pegasus/predict-future-sales/run0365/00/00/./xgboost_hp_tuning_group_2.000/00/00/register_condorpool_1_0.in,2.9,0,0,,,,,,,,,
xgboost_model_ID0000021,cpu_4,compute,0,1677764985.0,,,1677764990.0,1677764943.0,1677764977.0,68946101.2,1677764994.0,1677765216.0,1677765152.0,1677765156.0,523204.0,1677765216.0,1677765221.0,5.0,,4.0,222.0,5.0,34.0,1691152081.0,4.0,2354971.0,poseidon,condorpool,poseidon-worker-1-container-32-39,xgboost_model,/srv/xgboost_model,,554.5,0,0,0.1,1348854019.0,24449.0,5418.0,8.0,516.8,17.8,8430337.6,2444.9
stage_out_local_local_5_0,None,transfer,0,1677764985.0,,,1677764990.0,,,0.0,1677764990.0,1677765000.0,1677764991.0,1677764995.0,789.0,1677765000.0,1677765005.0,5.0,,0.0,10.0,5.0,,,4.0,3186.0,poseidon,local,host-10-100-100-12.openstacklocal,pegasus::transfer,/home/poseidon/pegasus-5.1.0panorama/bin/pegasus-transfer,pegasus-kickstart  -n pegasus::transfer -N null -i - -R local  -L predict-future-sales -T 2023-02-17T19:59:06+00:00 pegasus-transfer  --threads 2,0.3,0,0,,,,,,,,,
cleanup_predict-future-sales_0_local,None,auxiliary,0,1677765005.0,,,1677765011.0,,,0.0,1677765011.0,1677765021.0,,,0.0,1677765021.0,1677765026.0,6.0,,0.0,10.0,5.0,,,,,poseidon,local,host-10-100-100-12.openstacklocal,pegasus::cleanup,/home/poseidon/pegasus-5.1.0panorama/bin/pegasus-transfer,pegasus-kickstart  -n pegasus::cleanup -N null -i - -R local  -L predict-future-sales -T 2023-02-17T19:59:06+00:00 pegasus-transfer,0.3,0,0,,,,,,,,,
stage_out_local_condorpool_6_0,None,transfer,0,1677765221.0,,,1677765226.0,,,0.0,1677765226.0,1677765236.0,1677765226.0,1677765231.0,771933.0,1677765236.0,1677765241.0,5.0,,0.0,10.0,5.0,,,5.0,3113496.0,poseidon,local,host-10-100-100-12.openstacklocal,pegasus::transfer,/home/poseidon/pegasus-5.1.0panorama/bin/pegasus-transfer,pegasus-kickstart  -n pegasus::transfer -N null -i - -R local  -L predict-future-sales -T 2023-02-17T19:59:06+00:00 pegasus-transfer  --threads 2,0.9,0,0,,,,,,,,,
model_predict_ID0000022,cpu_4,compute,0,1677765221.0,,,1677765226.0,1677765177.0,1677765195.0,40110129.3,1677765228.0,1677765266.0,1677765204.0,1677765208.0,1226145.0,1677765266.0,1677765271.0,5.0,,2.0,38.0,5.0,18.0,397359635.0,4.0,5523764.0,poseidon,condorpool,poseidon-worker-1-container-32-39,model_predict,/srv/model_predict,,2.7,0,0,,,,,,,,,
predict_merge_ID0000023,cpu_4,compute,0,1677765271.0,,,1677765276.0,1677765226.0,1677765244.0,37944094.0,1677765277.0,1677765316.0,1677765251.0,1677765256.0,831660.0,1677765316.0,1677765321.0,5.0,,1.0,39.0,5.0,18.0,377176763.0,5.0,3745055.0,poseidon,condorpool,poseidon-worker-1-container-32-39,predict_merge,/srv/predict_merge,,1.1,0,0,,,,,,,,,
stage_out_local_condorpool_7_0,None,transfer,0,1677765271.0,,,1677765276.0,,,0.0,1677765276.0,1677765286.0,1677765276.0,1677765280.0,1486354.0,1677765286.0,1677765291.0,5.0,,0.0,10.0,5.0,,,4.0,6000012.0,poseidon,local,host-10-100-100-12.openstacklocal,pegasus::transfer,/home/poseidon/pegasus-5.1.0panorama/bin/pegasus-transfer,pegasus-kickstart  -n pegasus::transfer -N null -i - -R local  -L predict-future-sales -T 2023-02-17T19:59:06+00:00 pegasus-transfer  --threads 2,0.6,0,0,,,,,,,,,
stage_out_local_condorpool_8_0,None,transfer,0,1677765321.0,,,1677765326.0,,,0.0,1677765326.0,1677765336.0,1677765326.0,1677765329.0,1713903.0,1677765336.0,1677765341.0,5.0,,0.0,10.0,5.0,,,3.0,3745055.0,poseidon,local,host-10-100-100-12.openstacklocal,pegasus::transfer,/home/poseidon/pegasus-5.1.0panorama/bin/pegasus-transfer,pegasus-kickstart  -n pegasus::transfer -N null -i - -R local  -L predict-future-sales -T 2023-02-17T19:59:06+00:00 pegasus-transfer  --threads 2,0.4,0,0,,,,,,,,,
cleanup_predict-future-sales_0_condorpool,None,auxiliary,0,1677765341.0,,,1677765346.0,,,0.0,1677765346.0,1677765356.0,,,0.0,1677765356.0,1677765362.0,5.0,,0.0,10.0,6.0,,,,,poseidon,local,host-10-100-100-12.openstacklocal,pegasus::cleanup,/home/poseidon/pegasus-5.1.0panorama/bin/pegasus-transfer,pegasus-kickstart  -n pegasus::cleanup -N null -i - -R local  -L predict-future-sales -T 2023-02-17T19:59:06+00:00 pegasus-transfer,0.3,0,0,,,,,,,,,
