,anomaly_type,type,is_clustered,ready,pre_script_start,pre_script_end,submit,stage_in_start,stage_in_end,stage_in_effective_bytes_per_sec,execute_start,execute_end,stage_out_start,stage_out_end,stage_out_effective_bytes_per_sec,post_script_start,post_script_end,wms_delay,pre_script_delay,queue_delay,runtime,post_script_delay,stage_in_delay,stage_in_bytes,stage_out_delay,stage_out_bytes,kickstart_user,kickstart_site,kickstart_hostname,kickstart_transformations,kickstart_executables,kickstart_executables_argv,kickstart_executables_cpu_time,kickstart_status,kickstart_executables_exitcode,kickstart_online_iowait,kickstart_online_bytes_read,kickstart_online_bytes_written,kickstart_online_read_system_calls,kickstart_online_write_system_calls,kickstart_online_utime,kickstart_online_stime,kickstart_online_bytes_read_per_second,kickstart_online_bytes_written_per_second
create_dir_predict-future-sales_0_local,None,auxiliary,0,1677200933.0,,,1677200934.0,,,0.0,1677200939.0,1677200949.0,,,0.0,1677200949.0,1677200954.0,1.0,,5.0,10.0,5.0,,,,,poseidon,local,host-10-100-100-12.openstacklocal,pegasus::dirmanager,/home/poseidon/pegasus-5.1.0panorama/bin/pegasus-transfer,pegasus-kickstart  -n pegasus::dirmanager -N null -i - -R local  -L predict-future-sales -T 2023-02-17T19:59:06+00:00 pegasus-transfer,0.3,0,0,,,,,,,,,
create_dir_predict-future-sales_0_condorpool,None,auxiliary,0,1677200933.0,,,1677200934.0,,,0.0,1677200939.0,1677200949.0,,,0.0,1677200949.0,1677200954.0,1.0,,5.0,10.0,5.0,,,,,poseidon,local,host-10-100-100-12.openstacklocal,pegasus::dirmanager,/home/poseidon/pegasus-5.1.0panorama/bin/pegasus-transfer,pegasus-kickstart  -n pegasus::dirmanager -N null -i - -R local  -L predict-future-sales -T 2023-02-17T19:59:06+00:00 pegasus-transfer,0.3,0,0,,,,,,,,,
stage_in_local_condorpool_6_0,None,transfer,0,1677200954.0,,,1677200959.0,1677200960.0,1677200964.0,2159.0,1677200960.0,1677200969.0,,,0.0,1677200969.0,1677200974.0,5.0,,1.0,9.0,5.0,4.0,7870.0,,,poseidon,local,host-10-100-100-12.openstacklocal,pegasus::transfer,/home/poseidon/pegasus-5.1.0panorama/bin/pegasus-transfer,pegasus-kickstart  -n pegasus::transfer -N null -i - -R local  -L predict-future-sales -T 2023-02-17T19:59:06+00:00 pegasus-transfer  --threads 2,0.4,0,0,,,,,,,,,
stage_in_local_condorpool_0_0,None,transfer,0,1677200954.0,,,1677200959.0,1677200960.0,1677200970.0,94851355.0,1677200960.0,1677200979.0,,,0.0,1677200979.0,1677200984.0,5.0,,1.0,19.0,5.0,10.0,936801734.0,,,poseidon,local,host-10-100-100-12.openstacklocal,pegasus::transfer,/home/poseidon/pegasus-5.1.0panorama/bin/pegasus-transfer,pegasus-kickstart  -n pegasus::transfer -N null -i - -R local  -L predict-future-sales -T 2023-02-17T19:59:06+00:00 pegasus-transfer  --threads 2,5.7,0,0,,,,,,,,,
stage_in_local_condorpool_1_0,None,transfer,0,1677200954.0,,,1677200959.0,1677200960.0,1677200964.0,3537.0,1677200960.0,1677200974.0,,,0.0,1677200974.0,1677200979.0,5.0,,1.0,14.0,5.0,4.0,15640.0,,,poseidon,local,host-10-100-100-12.openstacklocal,pegasus::transfer,/home/poseidon/pegasus-5.1.0panorama/bin/pegasus-transfer,pegasus-kickstart  -n pegasus::transfer -N null -i - -R local  -L predict-future-sales -T 2023-02-17T19:59:06+00:00 pegasus-transfer  --threads 2,0.6,0,0,,,,,,,,,
stage_in_local_condorpool_7_0,None,transfer,0,1677200954.0,,,1677200959.0,1677200960.0,1677200964.0,972.0,1677200960.0,1677200969.0,,,0.0,1677200969.0,1677200974.0,5.0,,1.0,9.0,5.0,4.0,3488.0,,,poseidon,local,host-10-100-100-12.openstacklocal,pegasus::transfer,/home/poseidon/pegasus-5.1.0panorama/bin/pegasus-transfer,pegasus-kickstart  -n pegasus::transfer -N null -i - -R local  -L predict-future-sales -T 2023-02-17T19:59:06+00:00 pegasus-transfer  --threads 2,0.4,0,0,,,,,,,,,
stage_in_local_condorpool_3_0,None,transfer,0,1677200954.0,,,1677200959.0,1677200960.0,1677200964.0,2938.0,1677200960.0,1677200969.0,,,0.0,1677200969.0,1677200974.0,5.0,,1.0,9.0,5.0,4.0,12704.0,,,poseidon,local,host-10-100-100-12.openstacklocal,pegasus::transfer,/home/poseidon/pegasus-5.1.0panorama/bin/pegasus-transfer,pegasus-kickstart  -n pegasus::transfer -N null -i - -R local  -L predict-future-sales -T 2023-02-17T19:59:06+00:00 pegasus-transfer  --threads 2,0.6,0,0,,,,,,,,,
stage_in_local_condorpool_8_0,None,transfer,0,1677200954.0,,,1677200959.0,1677200960.0,1677200963.0,667.0,1677200960.0,1677200969.0,,,0.0,1677200969.0,1677200974.0,5.0,,1.0,9.0,5.0,3.0,2368.0,,,poseidon,local,host-10-100-100-12.openstacklocal,pegasus::transfer,/home/poseidon/pegasus-5.1.0panorama/bin/pegasus-transfer,pegasus-kickstart  -n pegasus::transfer -N null -i - -R local  -L predict-future-sales -T 2023-02-17T19:59:06+00:00 pegasus-transfer  --threads 2,0.4,0,0,,,,,,,,,
stage_in_local_local_4_0,None,transfer,0,1677200954.0,,,1677200959.0,1677200960.0,1677200962.0,5880.0,1677200960.0,1677200969.0,,,0.0,1677200969.0,1677200974.0,5.0,,1.0,9.0,5.0,2.0,12577.0,,,poseidon,local,host-10-100-100-12.openstacklocal,pegasus::transfer,/home/poseidon/pegasus-5.1.0panorama/bin/pegasus-transfer,pegasus-kickstart  -n pegasus::transfer -N null -i - -R local  -L predict-future-sales -T 2023-02-17T19:59:06+00:00 pegasus-transfer  --threads 2,0.4,0,0,,,,,,,,,
stage_in_local_condorpool_2_0,None,transfer,0,1677200954.0,,,1677200959.0,1677200960.0,1677200966.0,9709.0,1677200960.0,1677200974.0,,,0.0,1677200974.0,1677200979.0,5.0,,1.0,14.0,5.0,6.0,55480.0,,,poseidon,local,host-10-100-100-12.openstacklocal,pegasus::transfer,/home/poseidon/pegasus-5.1.0panorama/bin/pegasus-transfer,pegasus-kickstart  -n pegasus::transfer -N null -i - -R local  -L predict-future-sales -T 2023-02-17T19:59:06+00:00 pegasus-transfer  --threads 2,1.0,0,0,,,,,,,,,
preprocess_ID0000003,None,compute,0,1677200984.0,,,1677200989.0,1677200951.0,1677200969.0,45436583.6,1677200994.0,1677201039.0,1677200981.0,1677200988.0,23015825.0,1677201039.0,1677201044.0,5.0,,5.0,45.0,5.0,18.0,467356066.0,7.0,160257914.0,poseidon,condorpool,poseidon-worker-2-container-24-31,preprocess,/srv/preprocess,,4.4,0,0,,,,,,,,,
nlp_ID0000002,None,compute,0,1677200984.0,,,1677200989.0,1677200951.0,1677200968.0,44831463.0,1677200994.0,1677201269.0,1677201212.0,1677201217.0,595654.0,1677201269.0,1677201274.0,5.0,,5.0,275.0,5.0,17.0,369033604.0,5.0,2755872.0,poseidon,condorpool,poseidon-worker-2-container-40-47,nlp,/srv/nlp,,1194.4,0,0,0.1,21400792.0,8791.0,3060.0,5.0,1155.3,2.6,93046.9,879.1
eda_ID0000001,None,compute,0,1677200984.0,,,1677200989.0,1677200951.0,1677200971.0,48181534.0,1677200994.0,1677201069.0,1677201012.0,1677201017.0,271555.0,1677201069.0,1677201074.0,5.0,,5.0,75.0,5.0,20.0,464177772.0,5.0,1195895.0,poseidon,condorpool,poseidon-worker-2-container-32-39,eda,/srv/eda,,34.8,0,0,0.1,144679400.0,783553.0,27314.0,38.0,28.0,1.9,4822646.7,26118.4
feature_eng_0_ID0000004,None,compute,0,1677201044.0,,,1677201049.0,1677201009.0,1677201027.0,40055752.8,1677201051.0,1677201094.0,1677201039.0,1677201043.0,203116.0,1677201094.0,1677201099.0,5.0,,2.0,43.0,5.0,18.0,369949088.0,4.0,893320.0,poseidon,condorpool,poseidon-worker-2-container-24-31,feature_eng_0,/srv/feature_eng_0,,5.3,0,0,,,,,,,,,
feature_eng_1_ID0000005,None,compute,0,1677201044.0,,,1677201049.0,1677201009.0,1677201032.0,39602919.3,1677201051.0,1677201119.0,1677201057.0,1677201067.0,38640875.0,1677201119.0,1677201124.0,5.0,,2.0,68.0,5.0,23.0,528250191.0,10.0,393324463.0,poseidon,condorpool,poseidon-worker-2-container-24-31,feature_eng_1,/srv/feature_eng_1,,16.3,0,0,0.0,169640389.0,8.0,1789.0,1.0,8.1,1.9,16964038.9,0.8
feature_eng_4_ID0000008,None,compute,0,1677201124.0,,,1677201129.0,1677201088.0,1677201110.0,59663249.0,1677201130.0,1677201254.0,1677201177.0,1677201200.0,54140718.0,1677201254.0,1677201259.0,5.0,,1.0,124.0,5.0,22.0,761328752.0,23.0,1201824259.0,poseidon,condorpool,poseidon-worker-2-container-32-39,feature_eng_4,/srv/feature_eng_4,,54.7,0,0,0.0,402710572.0,8.0,1337.0,1.0,37.4,12.6,8054211.4,0.8
feature_eng_3_ID0000007,None,compute,0,1677201124.0,,,1677201129.0,1677201089.0,1677201113.0,46008213.6,1677201131.0,1677201314.0,1677201238.0,1677201260.0,53849232.0,1677201314.0,1677201319.0,5.0,,2.0,183.0,5.0,24.0,762217561.0,22.0,1179971921.0,poseidon,condorpool,poseidon-worker-2-container-24-31,feature_eng_3,/srv/feature_eng_3,,112.0,0,0,0.0,403680052.0,8.0,1561.0,1.0,76.2,33.7,3669818.7,0.8
feature_eng_2_ID0000006,None,compute,0,1677201124.0,,,1677201129.0,1677201089.0,1677201117.0,40585372.4,1677201131.0,1677201499.0,1677201418.0,1677201448.0,57728535.0,1677201499.0,1677201504.0,5.0,,2.0,368.0,5.0,28.0,761320658.0,30.0,1748107178.0,poseidon,condorpool,poseidon-worker-2-container-24-31,feature_eng_2,/srv/feature_eng_2,,286.2,0,0,0.0,402841006.0,8.0,1798.0,1.0,215.0,65.0,1438717.9,0.8
feature_eng_5_ID0000009,None,compute,0,1677201124.0,,,1677201129.0,1677201089.0,1677201121.0,35695522.0,1677201131.0,1677201429.0,1677201361.0,1677201375.0,46697835.0,1677201429.0,1677201434.0,5.0,,2.0,298.0,5.0,32.0,856820455.0,14.0,655540227.0,poseidon,condorpool,poseidon-worker-2-container-24-31,feature_eng_5,/srv/feature_eng_5,,229.6,0,0,0.0,498326767.0,8.0,2095.0,1.0,200.6,19.4,2265121.7,0.8
stage_out_local_condorpool_1_0,None,transfer,0,1677201124.0,,,1677201129.0,,,0.0,1677201129.0,1677201139.0,1677201129.0,1677201134.0,93547761.0,1677201139.0,1677201144.0,5.0,,0.0,10.0,5.0,,,5.0,394217783.0,poseidon,local,host-10-100-100-12.openstacklocal,pegasus::transfer,/home/poseidon/pegasus-5.1.0panorama/bin/pegasus-transfer,pegasus-kickstart  -n pegasus::transfer -N null -i - -R local  -L predict-future-sales -T 2023-02-17T19:59:06+00:00 pegasus-transfer  --threads 2,2.2,0,0,,,,,,,,,
register_condorpool_1_0,None,auxiliary,0,1677201144.0,,,1677201149.0,,,0.0,1677201149.0,1677201154.0,,,0.0,1677201154.0,1677201159.0,5.0,,0.0,5.0,5.0,,,,,poseidon,local,host-10-100-100-12.openstacklocal,pegasus::rc-client,/home/poseidon/pegasus-5.1.0panorama/bin/pegasus-rc-client,"pegasus-kickstart  -n pegasus::rc-client -N null -R local  -L predict-future-sales -T 2023-02-17T19:59:06+00:00 /home/poseidon/pegasus-5.1.0panorama/bin/pegasus-rc-client --prefix pegasus.catalog.replica.output --conf /home/poseidon/workflows/predict-future-sales-workflow/submit/poseidon/pegasus/predict-future-sales/run0134/pegasus.11802399587686147861.properties -v --meta /home/poseidon/workflows/predict-future-sales-workflow/submit/poseidon/pegasus/predict-future-sales/run0134/00/00/feature_eng_1_ID0000005.meta,/home/poseidon/workflows/predict-future-sales-workflow/submit/poseidon/pegasus/predict-future-sales/run0134/00/00/feature_eng_0_ID0000004.meta --insert /home/poseidon/workflows/predict-future-sales-workflow/submit/poseidon/pegasus/predict-future-sales/run0134/00/00/register_condorpool_1_0.in",2.9,0,0,,,,,,,,,
stage_out_local_condorpool_0_0,None,transfer,0,1677201274.0,,,1677201279.0,,,0.0,1677201279.0,1677201289.0,1677201279.0,1677201284.0,40714287.0,1677201289.0,1677201294.0,5.0,,0.0,10.0,5.0,,,5.0,164209681.0,poseidon,local,host-10-100-100-12.openstacklocal,pegasus::transfer,/home/poseidon/pegasus-5.1.0panorama/bin/pegasus-transfer,pegasus-kickstart  -n pegasus::transfer -N null -i - -R local  -L predict-future-sales -T 2023-02-17T19:59:06+00:00 pegasus-transfer  --threads 2,2.0,0,0,,,,,,,,,
register_condorpool_0_0,None,auxiliary,0,1677201294.0,,,1677201299.0,,,0.0,1677201299.0,1677201304.0,,,0.0,1677201304.0,1677201309.0,5.0,,0.0,5.0,5.0,,,,,poseidon,local,host-10-100-100-12.openstacklocal,pegasus::rc-client,/home/poseidon/pegasus-5.1.0panorama/bin/pegasus-rc-client,"pegasus-kickstart  -n pegasus::rc-client -N null -R local  -L predict-future-sales -T 2023-02-17T19:59:06+00:00 /home/poseidon/pegasus-5.1.0panorama/bin/pegasus-rc-client --prefix pegasus.catalog.replica.output --conf /home/poseidon/workflows/predict-future-sales-workflow/submit/poseidon/pegasus/predict-future-sales/run0134/pegasus.11802399587686147861.properties -v --meta /home/poseidon/workflows/predict-future-sales-workflow/submit/poseidon/pegasus/predict-future-sales/run0134/00/00/nlp_ID0000002.meta,/home/poseidon/workflows/predict-future-sales-workflow/submit/poseidon/pegasus/predict-future-sales/run0134/00/00/eda_ID0000001.meta,/home/poseidon/workflows/predict-future-sales-workflow/submit/poseidon/pegasus/predict-future-sales/run0134/00/00/preprocess_ID0000003.meta --insert /home/poseidon/workflows/predict-future-sales-workflow/submit/poseidon/pegasus/predict-future-sales/run0134/00/00/register_condorpool_0_0.in",3.0,0,0,,,,,,,,,
stage_out_local_condorpool_2_0,None,transfer,0,1677201504.0,,,1677201509.0,,,0.0,1677201509.0,1677201534.0,1677201510.0,1677201529.0,249877413.0,1677201534.0,1677201539.0,5.0,,0.0,25.0,5.0,,,19.0,4785443585.0,poseidon,local,host-10-100-100-12.openstacklocal,pegasus::transfer,/home/poseidon/pegasus-5.1.0panorama/bin/pegasus-transfer,pegasus-kickstart  -n pegasus::transfer -N null -i - -R local  -L predict-future-sales -T 2023-02-17T19:59:06+00:00 pegasus-transfer  --threads 2,20.7,0,0,,,,,,,,,
feature_merge_ID0000010,None,compute,0,1677201504.0,,,1677201509.0,1677201469.0,1677201537.0,86027422.4,1677201511.0,1677201729.0,1677201628.0,1677201677.0,60815862.0,1677201729.0,1677201734.0,5.0,,2.0,218.0,5.0,68.0,5155397110.0,49.0,2993643458.0,poseidon,condorpool,poseidon-worker-2-container-24-31,feature_merge,/srv/feature_merge,,61.0,0,0,0.0,4796861662.0,1912001788.0,1454.0,81.0,38.5,21.4,79947694.4,95600089.4
register_condorpool_2_0,None,auxiliary,0,1677201539.0,,,1677201544.0,,,0.0,1677201544.0,1677201549.0,,,0.0,1677201549.0,1677201554.0,5.0,,0.0,5.0,5.0,,,,,poseidon,local,host-10-100-100-12.openstacklocal,pegasus::rc-client,/home/poseidon/pegasus-5.1.0panorama/bin/pegasus-rc-client,"pegasus-kickstart  -n pegasus::rc-client -N null -R local  -L predict-future-sales -T 2023-02-17T19:59:06+00:00 /home/poseidon/pegasus-5.1.0panorama/bin/pegasus-rc-client --prefix pegasus.catalog.replica.output --conf /home/poseidon/workflows/predict-future-sales-workflow/submit/poseidon/pegasus/predict-future-sales/run0134/pegasus.11802399587686147861.properties -v --meta /home/poseidon/workflows/predict-future-sales-workflow/submit/poseidon/pegasus/predict-future-sales/run0134/00/00/feature_eng_5_ID0000009.meta,/home/poseidon/workflows/predict-future-sales-workflow/submit/poseidon/pegasus/predict-future-sales/run0134/00/00/feature_eng_2_ID0000006.meta,/home/poseidon/workflows/predict-future-sales-workflow/submit/poseidon/pegasus/predict-future-sales/run0134/00/00/feature_eng_3_ID0000007.meta,/home/poseidon/workflows/predict-future-sales-workflow/submit/poseidon/pegasus/predict-future-sales/run0134/00/00/feature_eng_4_ID0000008.meta --insert /home/poseidon/workflows/predict-future-sales-workflow/submit/poseidon/pegasus/predict-future-sales/run0134/00/00/register_condorpool_2_0.in",3.0,0,0,,,,,,,,,
stage_inter_local_xgboost_model_ID0000021_0,None,transfer,0,1677201734.0,,,1677201739.0,1677201740.0,1677201778.0,69666885.0,1677201739.0,1677201784.0,,,0.0,1677201784.0,1677201789.0,5.0,,0.0,45.0,5.0,38.0,2646308508.0,,,poseidon,local,host-10-100-100-12.openstacklocal,pegasus::transfer,/home/poseidon/pegasus-5.1.0panorama/bin/pegasus-transfer,pegasus-kickstart  -n pegasus::transfer -N null -i - -R local  -L predict-future-sales -T 2023-02-17T19:59:06+00:00 pegasus-transfer  --threads 2,9.4,0,0,,,,,,,,,
stage_inter_local_xgboost_hp_tuning_workflow_ID0000015_0,None,transfer,0,1677201734.0,,,1677201739.0,1677201740.0,1677201742.0,401.0,1677201739.0,1677201749.0,,,0.0,1677201749.0,1677201754.0,5.0,,0.0,10.0,5.0,2.0,826.0,,,poseidon,local,host-10-100-100-12.openstacklocal,pegasus::transfer,/home/poseidon/pegasus-5.1.0panorama/bin/pegasus-transfer,pegasus-kickstart  -n pegasus::transfer -N null -i - -R local  -L predict-future-sales -T 2023-02-17T19:59:06+00:00 pegasus-transfer  --threads 2,0.3,0,0,,,,,,,,,
stage_inter_local_model_predict_ID0000022_0,None,transfer,0,1677201734.0,,,1677201739.0,1677201740.0,1677201744.0,14179747.0,1677201739.0,1677201749.0,,,0.0,1677201749.0,1677201754.0,5.0,,0.0,10.0,5.0,4.0,54050130.0,,,poseidon,local,host-10-100-100-12.openstacklocal,pegasus::transfer,/home/poseidon/pegasus-5.1.0panorama/bin/pegasus-transfer,pegasus-kickstart  -n pegasus::transfer -N null -i - -R local  -L predict-future-sales -T 2023-02-17T19:59:06+00:00 pegasus-transfer  --threads 2,0.6,0,0,,,,,,,,,
stage_out_local_condorpool_3_0,None,transfer,0,1677201734.0,,,1677201739.0,,,0.0,1677201739.0,1677201769.0,1677201740.0,1677201763.0,127564902.0,1677201769.0,1677201774.0,5.0,,0.0,30.0,5.0,,,23.0,2993643458.0,poseidon,local,host-10-100-100-12.openstacklocal,pegasus::transfer,/home/poseidon/pegasus-5.1.0panorama/bin/pegasus-transfer,pegasus-kickstart  -n pegasus::transfer -N null -i - -R local  -L predict-future-sales -T 2023-02-17T19:59:06+00:00 pegasus-transfer  --threads 2,14.5,0,0,,,,,,,,,
stage_inter_local_xgboost_model_ID0000013_0,None,transfer,0,1677201734.0,,,1677201739.0,1677201740.0,1677201747.0,36244965.0,1677201739.0,1677201754.0,,,0.0,1677201754.0,1677201759.0,5.0,,0.0,15.0,5.0,7.0,269346726.0,,,poseidon,local,host-10-100-100-12.openstacklocal,pegasus::transfer,/home/poseidon/pegasus-5.1.0panorama/bin/pegasus-transfer,pegasus-kickstart  -n pegasus::transfer -N null -i - -R local  -L predict-future-sales -T 2023-02-17T19:59:06+00:00 pegasus-transfer  --threads 2,1.4,0,0,,,,,,,,,
stage_inter_local_model_predict_ID0000014_0,None,transfer,0,1677201734.0,,,1677201739.0,1677201740.0,1677201743.0,1214379.0,1677201739.0,1677201749.0,,,0.0,1677201749.0,1677201754.0,5.0,,0.0,10.0,5.0,3.0,4411696.0,,,poseidon,local,host-10-100-100-12.openstacklocal,pegasus::transfer,/home/poseidon/pegasus-5.1.0panorama/bin/pegasus-transfer,pegasus-kickstart  -n pegasus::transfer -N null -i - -R local  -L predict-future-sales -T 2023-02-17T19:59:06+00:00 pegasus-transfer  --threads 2,0.4,0,0,,,,,,,,,
xgboost_hp_tuning_workflow_ID0000015,None,compute,0,1677201754.0,,,1677201759.0,,,0.0,1677201760.0,1677201784.0,,,0.0,1677201784.0,1677201789.0,5.0,,1.0,24.0,5.0,,,,,poseidon,local,poseidon-submit.novalocal,xgboost_hp_tuning_workflow,/var/spool/condor/local_univ_execute/dir_159447/xgboost_hp_tuning_workflow,/home/poseidon/workflows/predict-future-sales-workflow/submit/poseidon/pegasus/predict-future-sales/run0134/00/00/xgboost_hp_tuning_workflow_ID0000015.sh,0.1,0,0,,,,,,,,,
xgboost_hp_tuning_workflow_ID0000011,None,compute,0,1677201754.0,,,1677201759.0,,,0.0,1677201760.0,1677201784.0,,,0.0,1677201784.0,1677201789.0,5.0,,1.0,24.0,5.0,,,,,poseidon,local,poseidon-submit.novalocal,xgboost_hp_tuning_workflow,/var/spool/condor/local_univ_execute/dir_159448/xgboost_hp_tuning_workflow,/home/poseidon/workflows/predict-future-sales-workflow/submit/poseidon/pegasus/predict-future-sales/run0134/00/00/xgboost_hp_tuning_workflow_ID0000011.sh,0.1,0,0,,,,,,,,,
xgboost_hp_tuning_workflow_ID0000019,None,compute,0,1677201754.0,,,1677201759.0,,,0.0,1677201760.0,1677201784.0,,,0.0,1677201784.0,1677201789.0,5.0,,1.0,24.0,5.0,,,,,poseidon,local,poseidon-submit.novalocal,xgboost_hp_tuning_workflow,/var/spool/condor/local_univ_execute/dir_159449/xgboost_hp_tuning_workflow,/home/poseidon/workflows/predict-future-sales-workflow/submit/poseidon/pegasus/predict-future-sales/run0134/00/00/xgboost_hp_tuning_workflow_ID0000019.sh,0.1,0,0,,,,,,,,,
register_condorpool_3_0,None,auxiliary,0,1677201774.0,,,1677201779.0,,,0.0,1677201779.0,1677201784.0,,,0.0,1677201784.0,1677201789.0,5.0,,0.0,5.0,5.0,,,,,poseidon,local,host-10-100-100-12.openstacklocal,pegasus::rc-client,/home/poseidon/pegasus-5.1.0panorama/bin/pegasus-rc-client,pegasus-kickstart  -n pegasus::rc-client -N null -R local  -L predict-future-sales -T 2023-02-17T19:59:06+00:00 /home/poseidon/pegasus-5.1.0panorama/bin/pegasus-rc-client --prefix pegasus.catalog.replica.output --conf /home/poseidon/workflows/predict-future-sales-workflow/submit/poseidon/pegasus/predict-future-sales/run0134/pegasus.11802399587686147861.properties -v --meta /home/poseidon/workflows/predict-future-sales-workflow/submit/poseidon/pegasus/predict-future-sales/run0134/00/00/feature_merge_ID0000010.meta --insert /home/poseidon/workflows/predict-future-sales-workflow/submit/poseidon/pegasus/predict-future-sales/run0134/00/00/register_condorpool_3_0.in,3.0,0,0,,,,,,,,,
pegasus-plan_ID0000016,None,subwf,0,1677201789.0,1677201789.0,1677201794.0,1677201799.0,,,0.0,1677201799.0,1677202409.0,,,0.0,,,0.0,5.0,0.0,610.0,,,,,,poseidon,local,poseidon-submit,condor::dagman,/usr/bin/condor_dagman,-p 0  -f -l . -Notification never -Debug 3 -Lockfile xgboost_hp_tuning_group_1.dag.lock -Dag xgboost_hp_tuning_group_1.dag -AllowVersionMismatch  -AutoRescue 1 -DoRescueFrom 0,0.0,0,0,,,,,,,,,
pegasus-plan_ID0000012,None,subwf,0,1677201789.0,1677201789.0,1677201794.0,1677201799.0,,,0.0,1677201799.0,1677202419.0,,,0.0,,,0.0,5.0,0.0,620.0,,,,,,poseidon,local,poseidon-submit,condor::dagman,/usr/bin/condor_dagman,-p 0  -f -l . -Notification never -Debug 3 -Lockfile xgboost_hp_tuning_group_0.dag.lock -Dag xgboost_hp_tuning_group_0.dag -AllowVersionMismatch  -AutoRescue 1 -DoRescueFrom 0,0.0,0,0,,,,,,,,,
stage_out_local_local_4_0,None,transfer,0,1677201789.0,,,1677201794.0,,,0.0,1677201794.0,1677201804.0,1677201794.0,1677201798.0,21117.0,1677201804.0,1677201809.0,5.0,,0.0,10.0,5.0,,,4.0,85038.0,poseidon,local,host-10-100-100-12.openstacklocal,pegasus::transfer,/home/poseidon/pegasus-5.1.0panorama/bin/pegasus-transfer,pegasus-kickstart  -n pegasus::transfer -N null -i - -R local  -L predict-future-sales -T 2023-02-17T19:59:06+00:00 pegasus-transfer  --threads 2,0.5,0,0,,,,,,,,,
pegasus-plan_ID0000020,None,subwf,0,1677201789.0,1677201789.0,1677201794.0,1677201799.0,,,0.0,1677201799.0,1677202840.0,,,0.0,,,0.0,5.0,0.0,1041.0,,,,,,poseidon,local,poseidon-submit,condor::dagman,/usr/bin/condor_dagman,-p 0  -f -l . -Notification never -Debug 3 -Lockfile xgboost_hp_tuning_group_2.dag.lock -Dag xgboost_hp_tuning_group_2.dag -AllowVersionMismatch  -AutoRescue 1 -DoRescueFrom 0,0.0,0,0,,,,,,,,,
create_dir_predict-future-sales-hp-tuning_0_condorpool_pegasus-plan_ID0000012,None,auxiliary,0,1677201799.0,,,1677201800.0,,,0.0,1677201803.0,1677201810.0,,,0.0,1677201810.0,1677201815.0,1.0,,3.0,7.0,5.0,,,,,poseidon,local,host-10-100-100-12.openstacklocal,pegasus::dirmanager,/home/poseidon/pegasus-5.1.0panorama/bin/pegasus-transfer,pegasus-kickstart  -n pegasus::dirmanager -N null -i - -R local  -L xgboost_hp_tuning_group_0 -T 2023-02-24T01:23:11+00:00 pegasus-transfer,0.3,0,0,,,,,,,,,
create_dir_predict-future-sales-hp-tuning_0_condorpool_pegasus-plan_ID0000016,None,auxiliary,0,1677201799.0,,,1677201800.0,,,0.0,1677201803.0,1677201810.0,,,0.0,1677201810.0,1677201815.0,1.0,,3.0,7.0,5.0,,,,,poseidon,local,host-10-100-100-12.openstacklocal,pegasus::dirmanager,/home/poseidon/pegasus-5.1.0panorama/bin/pegasus-transfer,pegasus-kickstart  -n pegasus::dirmanager -N null -i - -R local  -L xgboost_hp_tuning_group_1 -T 2023-02-24T01:23:11+00:00 pegasus-transfer,0.3,0,0,,,,,,,,,
create_dir_predict-future-sales-hp-tuning_0_condorpool_pegasus-plan_ID0000020,None,auxiliary,0,1677201799.0,,,1677201800.0,,,0.0,1677201803.0,1677201810.0,,,0.0,1677201810.0,1677201815.0,1.0,,3.0,7.0,5.0,,,,,poseidon,local,host-10-100-100-12.openstacklocal,pegasus::dirmanager,/home/poseidon/pegasus-5.1.0panorama/bin/pegasus-transfer,pegasus-kickstart  -n pegasus::dirmanager -N null -i - -R local  -L xgboost_hp_tuning_group_2 -T 2023-02-24T01:23:11+00:00 pegasus-transfer,0.3,0,0,,,,,,,,,
register_local_4_0,None,auxiliary,0,1677201809.0,,,1677201814.0,,,0.0,1677201815.0,1677201819.0,,,0.0,1677201819.0,1677201824.0,5.0,,1.0,4.0,5.0,,,,,poseidon,local,host-10-100-100-12.openstacklocal,pegasus::rc-client,/home/poseidon/pegasus-5.1.0panorama/bin/pegasus-rc-client,"pegasus-kickstart  -n pegasus::rc-client -N null -R local  -L predict-future-sales -T 2023-02-17T19:59:06+00:00 /home/poseidon/pegasus-5.1.0panorama/bin/pegasus-rc-client --prefix pegasus.catalog.replica.output --conf /home/poseidon/workflows/predict-future-sales-workflow/submit/poseidon/pegasus/predict-future-sales/run0134/pegasus.11802399587686147861.properties -v --meta /home/poseidon/workflows/predict-future-sales-workflow/submit/poseidon/pegasus/predict-future-sales/run0134/00/00/xgboost_hp_tuning_workflow_ID0000011.meta,/home/poseidon/workflows/predict-future-sales-workflow/submit/poseidon/pegasus/predict-future-sales/run0134/00/00/xgboost_hp_tuning_workflow_ID0000019.meta,/home/poseidon/workflows/predict-future-sales-workflow/submit/poseidon/pegasus/predict-future-sales/run0134/00/00/xgboost_hp_tuning_workflow_ID0000015.meta --insert /home/poseidon/workflows/predict-future-sales-workflow/submit/poseidon/pegasus/predict-future-sales/run0134/00/00/register_local_4_0.in",3.0,0,0,,,,,,,,,
stage_in_local_condorpool_0_2_pegasus-plan_ID0000012,None,transfer,0,1677201815.0,,,1677201820.0,1677201820.0,1677201831.0,69503945.0,1677201820.0,1677201840.0,,,0.0,1677201840.0,1677201845.0,5.0,,0.0,20.0,5.0,11.0,735985664.0,,,poseidon,local,host-10-100-100-12.openstacklocal,pegasus::transfer,/home/poseidon/pegasus-5.1.0panorama/bin/pegasus-transfer,-n pegasus::transfer -N null -i - -R local  -L xgboost_hp_tuning_group_0 -T 2023-02-24T01:23:11+00:00 /home/poseidon/pegasus-5.1.0panorama/bin/../bin/pegasus-transfer  --threads 2,4.2,0,0,,,,,,,,,
stage_in_local_condorpool_0_0_pegasus-plan_ID0000016,None,transfer,0,1677201815.0,,,1677201820.0,1677201820.0,1677201825.0,2746.0,1677201820.0,1677201835.0,,,0.0,1677201835.0,1677201840.0,5.0,,0.0,15.0,5.0,5.0,12142.0,,,poseidon,local,host-10-100-100-12.openstacklocal,pegasus::transfer,/home/poseidon/pegasus-5.1.0panorama/bin/pegasus-transfer,-n pegasus::transfer -N null -i - -R local  -L xgboost_hp_tuning_group_1 -T 2023-02-24T01:23:11+00:00 /home/poseidon/pegasus-5.1.0panorama/bin/../bin/pegasus-transfer  --threads 2,0.7,0,0,,,,,,,,,
stage_in_local_condorpool_1_0_pegasus-plan_ID0000016,None,transfer,0,1677201815.0,,,1677201820.0,1677201820.0,1677201824.0,804.0,1677201820.0,1677201830.0,,,0.0,1677201830.0,1677201835.0,5.0,,0.0,10.0,5.0,4.0,2874.0,,,poseidon,local,host-10-100-100-12.openstacklocal,pegasus::transfer,/home/poseidon/pegasus-5.1.0panorama/bin/pegasus-transfer,-n pegasus::transfer -N null -i - -R local  -L xgboost_hp_tuning_group_1 -T 2023-02-24T01:23:11+00:00 /home/poseidon/pegasus-5.1.0panorama/bin/../bin/pegasus-transfer  --threads 2,0.4,0,0,,,,,,,,,
stage_in_local_condorpool_0_1_pegasus-plan_ID0000016,None,transfer,0,1677201815.0,,,1677201820.0,1677201820.0,1677201824.0,5068003.0,1677201820.0,1677201830.0,,,0.0,1677201830.0,1677201835.0,5.0,,0.0,10.0,5.0,4.0,19294600.0,,,poseidon,local,host-10-100-100-12.openstacklocal,pegasus::transfer,/home/poseidon/pegasus-5.1.0panorama/bin/pegasus-transfer,-n pegasus::transfer -N null -i - -R local  -L xgboost_hp_tuning_group_1 -T 2023-02-24T01:23:11+00:00 /home/poseidon/pegasus-5.1.0panorama/bin/../bin/pegasus-transfer  --threads 2,0.6,0,0,,,,,,,,,
stage_in_local_condorpool_0_2_pegasus-plan_ID0000016,None,transfer,0,1677201815.0,,,1677201820.0,1677201820.0,1677201831.0,68281492.0,1677201820.0,1677201840.0,,,0.0,1677201840.0,1677201845.0,5.0,,0.0,20.0,5.0,11.0,735985664.0,,,poseidon,local,host-10-100-100-12.openstacklocal,pegasus::transfer,/home/poseidon/pegasus-5.1.0panorama/bin/pegasus-transfer,-n pegasus::transfer -N null -i - -R local  -L xgboost_hp_tuning_group_1 -T 2023-02-24T01:23:11+00:00 /home/poseidon/pegasus-5.1.0panorama/bin/../bin/pegasus-transfer  --threads 2,4.3,0,0,,,,,,,,,
stage_in_local_condorpool_0_1_pegasus-plan_ID0000012,None,transfer,0,1677201815.0,,,1677201820.0,1677201820.0,1677201826.0,45112753.0,1677201820.0,1677201835.0,,,0.0,1677201835.0,1677201840.0,5.0,,0.0,15.0,5.0,6.0,269346726.0,,,poseidon,local,host-10-100-100-12.openstacklocal,pegasus::transfer,/home/poseidon/pegasus-5.1.0panorama/bin/pegasus-transfer,-n pegasus::transfer -N null -i - -R local  -L xgboost_hp_tuning_group_0 -T 2023-02-24T01:23:11+00:00 /home/poseidon/pegasus-5.1.0panorama/bin/../bin/pegasus-transfer  --threads 2,1.9,0,0,,,,,,,,,
stage_in_local_condorpool_0_2_pegasus-plan_ID0000020,None,transfer,0,1677201815.0,,,1677201820.0,1677201820.0,1677201831.0,69901009.0,1677201820.0,1677201840.0,,,0.0,1677201840.0,1677201845.0,5.0,,0.0,20.0,5.0,11.0,735985664.0,,,poseidon,local,host-10-100-100-12.openstacklocal,pegasus::transfer,/home/poseidon/pegasus-5.1.0panorama/bin/pegasus-transfer,-n pegasus::transfer -N null -i - -R local  -L xgboost_hp_tuning_group_2 -T 2023-02-24T01:23:11+00:00 /home/poseidon/pegasus-5.1.0panorama/bin/../bin/pegasus-transfer  --threads 2,4.2,0,0,,,,,,,,,
stage_in_local_condorpool_0_0_pegasus-plan_ID0000012,None,transfer,0,1677201815.0,,,1677201820.0,1677201820.0,1677201825.0,2740.0,1677201820.0,1677201835.0,,,0.0,1677201835.0,1677201840.0,5.0,,0.0,15.0,5.0,5.0,12142.0,,,poseidon,local,host-10-100-100-12.openstacklocal,pegasus::transfer,/home/poseidon/pegasus-5.1.0panorama/bin/pegasus-transfer,-n pegasus::transfer -N null -i - -R local  -L xgboost_hp_tuning_group_0 -T 2023-02-24T01:23:11+00:00 /home/poseidon/pegasus-5.1.0panorama/bin/../bin/pegasus-transfer  --threads 2,0.6,0,0,,,,,,,,,
stage_in_local_condorpool_1_0_pegasus-plan_ID0000012,None,transfer,0,1677201815.0,,,1677201820.0,1677201820.0,1677201824.0,794.0,1677201820.0,1677201830.0,,,0.0,1677201830.0,1677201835.0,5.0,,0.0,10.0,5.0,4.0,2874.0,,,poseidon,local,host-10-100-100-12.openstacklocal,pegasus::transfer,/home/poseidon/pegasus-5.1.0panorama/bin/pegasus-transfer,-n pegasus::transfer -N null -i - -R local  -L xgboost_hp_tuning_group_0 -T 2023-02-24T01:23:11+00:00 /home/poseidon/pegasus-5.1.0panorama/bin/../bin/pegasus-transfer  --threads 2,0.5,0,0,,,,,,,,,
stage_in_local_condorpool_0_0_pegasus-plan_ID0000020,None,transfer,0,1677201815.0,,,1677201820.0,1677201820.0,1677201825.0,2733.0,1677201820.0,1677201835.0,,,0.0,1677201835.0,1677201840.0,5.0,,0.0,15.0,5.0,5.0,12142.0,,,poseidon,local,host-10-100-100-12.openstacklocal,pegasus::transfer,/home/poseidon/pegasus-5.1.0panorama/bin/pegasus-transfer,-n pegasus::transfer -N null -i - -R local  -L xgboost_hp_tuning_group_2 -T 2023-02-24T01:23:11+00:00 /home/poseidon/pegasus-5.1.0panorama/bin/../bin/pegasus-transfer  --threads 2,0.6,0,0,,,,,,,,,
stage_in_local_condorpool_1_0_pegasus-plan_ID0000020,None,transfer,0,1677201815.0,,,1677201820.0,1677201820.0,1677201824.0,807.0,1677201820.0,1677201830.0,,,0.0,1677201830.0,1677201835.0,5.0,,0.0,10.0,5.0,4.0,2874.0,,,poseidon,local,host-10-100-100-12.openstacklocal,pegasus::transfer,/home/poseidon/pegasus-5.1.0panorama/bin/pegasus-transfer,-n pegasus::transfer -N null -i - -R local  -L xgboost_hp_tuning_group_2 -T 2023-02-24T01:23:11+00:00 /home/poseidon/pegasus-5.1.0panorama/bin/../bin/pegasus-transfer  --threads 2,0.5,0,0,,,,,,,,,
stage_in_local_condorpool_0_1_pegasus-plan_ID0000020,None,transfer,0,1677201815.0,,,1677201820.0,1677201820.0,1677201838.0,152466693.0,1677201820.0,1677201845.0,,,0.0,1677201845.0,1677201850.0,5.0,,0.0,25.0,5.0,18.0,2646308508.0,,,poseidon,local,host-10-100-100-12.openstacklocal,pegasus::transfer,/home/poseidon/pegasus-5.1.0panorama/bin/pegasus-transfer,-n pegasus::transfer -N null -i - -R local  -L xgboost_hp_tuning_group_2 -T 2023-02-24T01:23:11+00:00 /home/poseidon/pegasus-5.1.0panorama/bin/../bin/pegasus-transfer  --threads 2,11.8,0,0,,,,,,,,,
xgboost_hp_tuning_ID0000023_pegasus-plan_ID0000016,None,compute,0,1677201845.0,,,1677201851.0,1677201923.0,1677201938.0,45790187.2,1677201965.0,1677202006.0,1677201950.0,1677201955.0,263.0,1677202006.0,1677202011.0,6.0,,114.0,41.0,5.0,15.0,377646203.0,5.0,1087.0,poseidon,condorpool,poseidon-worker-3-container-8-15,xgboost_hp_tuning,/srv/xgboost_hp_tuning,,29.2,0,0,,,,,,,,,
xgboost_hp_tuning_ID0000012_pegasus-plan_ID0000016,None,compute,0,1677201845.0,,,1677201851.0,1677201920.0,1677201935.0,45576429.2,1677201962.0,1677202001.0,1677201945.0,1677201949.0,250.0,1677202001.0,1677202006.0,6.0,,111.0,39.0,5.0,15.0,377646203.0,4.0,1050.0,poseidon,condorpool,poseidon-worker-2-container-24-31,xgboost_hp_tuning,/srv/xgboost_hp_tuning,,15.8,0,0,,,,,,,,,
xgboost_hp_tuning_ID0000001_pegasus-plan_ID0000016,None,compute,0,1677201845.0,,,1677201851.0,1677201917.0,1677201933.0,45702624.5,1677201959.0,1677202001.0,1677201943.0,1677201947.0,259.0,1677202001.0,1677202006.0,6.0,,108.0,42.0,5.0,16.0,377646203.0,4.0,1063.0,poseidon,condorpool,poseidon-worker-1-container-32-39,xgboost_hp_tuning,/srv/xgboost_hp_tuning,,17.6,0,0,,,,,,,,,
xgboost_hp_tuning_ID0000004_pegasus-plan_ID0000012,None,compute,0,1677201845.0,,,1677201851.0,1677201878.0,1677201894.0,51279825.0,1677201920.0,1677201976.0,1677201918.0,1677201922.0,257.0,1677201976.0,1677201981.0,6.0,,69.0,56.0,5.0,16.0,502672266.0,4.0,1063.0,poseidon,condorpool,poseidon-worker-2-container-40-47,xgboost_hp_tuning,/srv/xgboost_hp_tuning,,86.6,0,0,0.0,157968050.0,40.0,3305.0,2.0,43.3,2.7,15796805.0,4.0
xgboost_hp_tuning_ID0000016_pegasus-plan_ID0000012,None,compute,0,1677201845.0,,,1677201850.0,1677201862.0,1677201879.0,51307324.3,1677201904.0,1677201976.0,1677201921.0,1677201926.0,253.0,1677201976.0,1677201981.0,5.0,,54.0,72.0,5.0,17.0,502672266.0,5.0,1055.0,poseidon,condorpool,poseidon-worker-1-container-8-15,xgboost_hp_tuning,/srv/xgboost_hp_tuning,,201.3,0,0,0.0,157976301.0,40.0,3336.0,2.0,159.6,3.4,5265876.7,4.0
xgboost_hp_tuning_ID0000005_pegasus-plan_ID0000012,None,compute,0,1677201845.0,,,1677201850.0,1677201862.0,1677201879.0,51285373.3,1677201904.0,1677201961.0,1677201903.0,1677201907.0,259.0,1677201961.0,1677201966.0,5.0,,54.0,57.0,5.0,17.0,502672266.0,4.0,1076.0,poseidon,condorpool,poseidon-worker-2-container-16-23,xgboost_hp_tuning,/srv/xgboost_hp_tuning,,92.5,0,0,0.0,157967892.0,40.0,3305.0,2.0,45.0,2.8,15796789.2,4.0
xgboost_hp_tuning_ID0000015_pegasus-plan_ID0000012,None,compute,0,1677201845.0,,,1677201851.0,1677201878.0,1677201895.0,51385637.7,1677201920.0,1677201976.0,1677201920.0,1677201924.0,254.0,1677201976.0,1677201981.0,6.0,,69.0,56.0,5.0,17.0,502672266.0,4.0,1056.0,poseidon,condorpool,poseidon-worker-2-container-32-39,xgboost_hp_tuning,/srv/xgboost_hp_tuning,,92.3,0,0,0.1,157968048.0,40.0,3305.0,2.0,40.8,2.8,15796804.8,4.0
xgboost_hp_tuning_ID0000017_pegasus-plan_ID0000012,None,compute,0,1677201845.0,,,1677201850.0,1677201862.0,1677201879.0,51386347.3,1677201904.0,1677201981.0,1677201927.0,1677201931.0,253.0,1677201981.0,1677201986.0,5.0,,54.0,77.0,5.0,17.0,502672266.0,4.0,1054.0,poseidon,condorpool,poseidon-worker-1-container-40-47,xgboost_hp_tuning,/srv/xgboost_hp_tuning,,214.1,0,0,0.1,157980158.0,40.0,3351.0,2.0,201.6,4.0,3949503.9,4.0
xgboost_hp_tuning_ID0000010_pegasus-plan_ID0000016,None,compute,0,1677201845.0,,,1677201850.0,1677201823.0,1677201839.0,45711490.2,1677201865.0,1677201906.0,1677201849.0,1677201853.0,249.0,1677201906.0,1677201911.0,5.0,,15.0,41.0,5.0,16.0,377646203.0,4.0,1051.0,poseidon,condorpool,poseidon-worker-2-container-0-7,xgboost_hp_tuning,/srv/xgboost_hp_tuning,,15.8,0,0,,,,,,,,,
xgboost_hp_tuning_ID0000018_pegasus-plan_ID0000012,None,compute,0,1677201845.0,,,1677201850.0,1677201823.0,1677201840.0,51302616.0,1677201865.0,1677201921.0,1677201866.0,1677201870.0,257.0,1677201921.0,1677201926.0,5.0,,15.0,56.0,5.0,17.0,502672266.0,4.0,1054.0,poseidon,condorpool,poseidon-worker-1-container-16-23,xgboost_hp_tuning,/srv/xgboost_hp_tuning,,97.7,0,0,0.1,157967841.0,40.0,3305.0,2.0,42.4,2.6,15796784.1,4.0
xgboost_hp_tuning_ID0000007_pegasus-plan_ID0000012,None,compute,0,1677201845.0,,,1677201850.0,1677201823.0,1677201840.0,50693625.0,1677201865.0,1677201931.0,1677201873.0,1677201877.0,258.0,1677201931.0,1677201936.0,5.0,,15.0,66.0,5.0,17.0,502672266.0,4.0,1067.0,poseidon,condorpool,poseidon-worker-1-container-0-7,xgboost_hp_tuning,/srv/xgboost_hp_tuning,,141.8,0,0,0.0,157972394.0,40.0,3321.0,2.0,97.4,3.5,7898619.7,4.0
xgboost_hp_tuning_ID0000019_pegasus-plan_ID0000012,None,compute,0,1677201845.0,,,1677201850.0,1677201823.0,1677201840.0,51563854.3,1677201865.0,1677201931.0,1677201874.0,1677201878.0,253.0,1677201931.0,1677201936.0,5.0,,15.0,66.0,5.0,17.0,502672266.0,4.0,1061.0,poseidon,condorpool,poseidon-worker-3-container-16-23,xgboost_hp_tuning,/srv/xgboost_hp_tuning,,158.9,0,0,0.1,157970592.0,40.0,3319.0,2.0,106.9,3.3,7898529.6,4.0
xgboost_hp_tuning_ID0000013_pegasus-plan_ID0000016,None,compute,0,1677201845.0,,,1677201851.0,1677201916.0,1677201932.0,45676251.5,1677201958.0,1677202001.0,1677201943.0,1677201947.0,252.0,1677202001.0,1677202006.0,6.0,,107.0,43.0,5.0,16.0,377646203.0,4.0,1055.0,poseidon,condorpool,poseidon-worker-2-container-16-23,xgboost_hp_tuning,/srv/xgboost_hp_tuning,,24.7,0,0,,,,,,,,,
xgboost_hp_tuning_ID0000009_pegasus-plan_ID0000012,None,compute,0,1677201845.0,,,1677201850.0,1677201823.0,1677201840.0,51377834.0,1677201865.0,1677201926.0,1677201868.0,1677201872.0,251.0,1677201926.0,1677201931.0,5.0,,15.0,61.0,5.0,17.0,502672266.0,4.0,1059.0,poseidon,condorpool,poseidon-worker-2-container-24-31,xgboost_hp_tuning,/srv/xgboost_hp_tuning,,115.9,0,0,0.0,157972709.0,40.0,3321.0,2.0,103.8,3.9,7898635.4,4.0
xgboost_hp_tuning_ID0000011_pegasus-plan_ID0000012,None,compute,0,1677201845.0,,,1677201850.0,1677201823.0,1677201840.0,51335281.3,1677201865.0,1677201921.0,1677201865.0,1677201869.0,252.0,1677201921.0,1677201926.0,5.0,,15.0,56.0,5.0,17.0,502672266.0,4.0,1048.0,poseidon,condorpool,poseidon-worker-2-container-40-47,xgboost_hp_tuning,/srv/xgboost_hp_tuning,,91.8,0,0,0.0,157967933.0,40.0,3305.0,2.0,41.2,2.9,15796793.3,4.0
xgboost_hp_tuning_ID0000022_pegasus-plan_ID0000012,None,compute,0,1677201845.0,,,1677201850.0,1677201823.0,1677201840.0,51400008.0,1677201865.0,1677201921.0,1677201865.0,1677201869.0,255.0,1677201921.0,1677201926.0,5.0,,15.0,56.0,5.0,17.0,502672266.0,4.0,1063.0,poseidon,condorpool,poseidon-worker-2-container-32-39,xgboost_hp_tuning,/srv/xgboost_hp_tuning,,98.0,0,0,0.0,157968048.0,40.0,3305.0,2.0,41.1,3.0,15796804.8,4.0
xgboost_hp_tuning_ID0000010_pegasus-plan_ID0000012,None,compute,0,1677201845.0,,,1677201850.0,1677201823.0,1677201840.0,51543487.3,1677201865.0,1677201921.0,1677201866.0,1677201870.0,257.0,1677201921.0,1677201926.0,5.0,,15.0,56.0,5.0,17.0,502672266.0,4.0,1050.0,poseidon,condorpool,poseidon-worker-3-container-40-47,xgboost_hp_tuning,/srv/xgboost_hp_tuning,,104.8,0,0,0.0,157965957.0,40.0,3303.0,2.0,47.9,2.3,15796595.7,4.0
xgboost_hp_tuning_ID0000021_pegasus-plan_ID0000012,None,compute,0,1677201845.0,,,1677201850.0,1677201823.0,1677201840.0,51309759.7,1677201865.0,1677201921.0,1677201865.0,1677201869.0,257.0,1677201921.0,1677201926.0,5.0,,15.0,56.0,5.0,17.0,502672266.0,4.0,1061.0,poseidon,condorpool,poseidon-worker-1-container-32-39,xgboost_hp_tuning,/srv/xgboost_hp_tuning,,94.8,0,0,0.1,157967840.0,40.0,3305.0,2.0,43.5,2.8,15796784.0,4.0
xgboost_hp_tuning_ID0000006_pegasus-plan_ID0000012,None,compute,0,1677201845.0,,,1677201850.0,1677201861.0,1677201878.0,51497640.7,1677201903.0,1677201961.0,1677201903.0,1677201907.0,261.0,1677201961.0,1677201966.0,5.0,,53.0,58.0,5.0,17.0,502672266.0,4.0,1067.0,poseidon,condorpool,poseidon-worker-3-container-32-39,xgboost_hp_tuning,/srv/xgboost_hp_tuning,,104.2,0,0,0.0,157966028.0,40.0,3303.0,2.0,43.4,3.0,15796602.8,4.0
xgboost_hp_tuning_ID0000002_pegasus-plan_ID0000016,None,compute,0,1677201845.0,,,1677201851.0,1677201906.0,1677201922.0,45792016.8,1677201949.0,1677201986.0,1677201932.0,1677201936.0,259.0,1677201986.0,1677201991.0,6.0,,98.0,37.0,5.0,16.0,377646203.0,4.0,1062.0,poseidon,condorpool,poseidon-worker-3-container-0-7,xgboost_hp_tuning,/srv/xgboost_hp_tuning,,18.3,0,0,,,,,,,,,
xgboost_hp_tuning_ID0000016_pegasus-plan_ID0000016,None,compute,0,1677201845.0,,,1677201851.0,1677201878.0,1677201894.0,45652694.2,1677201921.0,1677201961.0,1677201904.0,1677201908.0,253.0,1677201961.0,1677201966.0,6.0,,70.0,40.0,5.0,16.0,377646203.0,4.0,1053.0,poseidon,condorpool,poseidon-worker-1-container-16-23,xgboost_hp_tuning,/srv/xgboost_hp_tuning,,14.0,0,0,,,,,,,,,
xgboost_hp_tuning_ID0000003_pegasus-plan_ID0000016,None,compute,0,1677201845.0,,,1677201851.0,1677201887.0,1677201902.0,45788000.0,1677201929.0,1677201971.0,1677201912.0,1677201916.0,260.0,1677201971.0,1677201976.0,6.0,,78.0,42.0,5.0,15.0,377646203.0,4.0,1066.0,poseidon,condorpool,poseidon-worker-3-container-16-23,xgboost_hp_tuning,/srv/xgboost_hp_tuning,,15.5,0,0,,,,,,,,,
xgboost_hp_tuning_ID0000023_pegasus-plan_ID0000012,None,compute,0,1677201845.0,,,1677201851.0,1677201917.0,1677201934.0,51310831.3,1677201959.0,1677202016.0,1677201961.0,1677201965.0,258.0,1677202016.0,1677202021.0,6.0,,108.0,57.0,5.0,17.0,502672266.0,4.0,1089.0,poseidon,condorpool,poseidon-worker-1-container-16-23,xgboost_hp_tuning,/srv/xgboost_hp_tuning,,107.3,0,0,0.1,157972649.0,4064.0,3321.0,5.0,103.6,3.6,7898632.5,203.2
xgboost_hp_tuning_ID0000012_pegasus-plan_ID0000012,None,compute,0,1677201845.0,,,1677201851.0,1677201916.0,1677201932.0,51497831.3,1677201958.0,1677202011.0,1677201955.0,1677201959.0,253.0,1677202011.0,1677202016.0,6.0,,107.0,53.0,5.0,16.0,502672266.0,4.0,1050.0,poseidon,condorpool,poseidon-worker-3-container-32-39,xgboost_hp_tuning,/srv/xgboost_hp_tuning,,81.2,0,0,0.0,157966108.0,40.0,3303.0,2.0,44.5,3.1,15796610.8,4.0
xgboost_hp_tuning_ID0000001_pegasus-plan_ID0000012,None,compute,0,1677201845.0,,,1677201851.0,1677201904.0,1677201921.0,51433230.3,1677201946.0,1677202016.0,1677201957.0,1677201961.0,251.0,1677202016.0,1677202021.0,6.0,,95.0,70.0,5.0,17.0,502672266.0,4.0,1058.0,poseidon,condorpool,poseidon-worker-3-container-24-31,xgboost_hp_tuning,/srv/xgboost_hp_tuning,,169.4,0,0,0.0,157974576.0,40.0,3334.0,2.0,165.9,3.5,5265819.2,4.0
xgboost_hp_tuning_ID0000013_pegasus-plan_ID0000012,None,compute,0,1677201845.0,,,1677201851.0,1677201900.0,1677201917.0,51106696.0,1677201942.0,1677201996.0,1677201942.0,1677201946.0,253.0,1677201996.0,1677202001.0,6.0,,91.0,54.0,5.0,17.0,502672266.0,4.0,1053.0,poseidon,condorpool,poseidon-worker-2-container-0-7,xgboost_hp_tuning,/srv/xgboost_hp_tuning,,97.1,0,0,0.0,157967909.0,40.0,3305.0,2.0,46.8,2.7,15796790.9,4.0
xgboost_hp_tuning_ID0000002_pegasus-plan_ID0000012,None,compute,0,1677201845.0,,,1677201851.0,1677201886.0,1677201903.0,50669959.7,1677201929.0,1677201986.0,1677201932.0,1677201936.0,255.0,1677201986.0,1677201991.0,6.0,,78.0,57.0,5.0,17.0,502672266.0,4.0,1064.0,poseidon,condorpool,poseidon-worker-1-container-0-7,xgboost_hp_tuning,/srv/xgboost_hp_tuning,,119.6,0,0,0.0,157972468.0,40.0,3321.0,2.0,105.0,3.5,7898623.4,4.0
xgboost_hp_tuning_ID0000014_pegasus-plan_ID0000012,None,compute,0,1677201845.0,,,1677201851.0,1677201884.0,1677201901.0,51119269.7,1677201926.0,1677201991.0,1677201933.0,1677201937.0,253.0,1677201991.0,1677201996.0,6.0,,75.0,65.0,5.0,17.0,502672266.0,4.0,1053.0,poseidon,condorpool,poseidon-worker-1-container-24-31,xgboost_hp_tuning,/srv/xgboost_hp_tuning,,136.2,0,0,0.1,157972543.0,40.0,3321.0,2.0,98.3,3.2,7898627.1,4.0
xgboost_hp_tuning_ID0000003_pegasus-plan_ID0000012,None,compute,0,1677201845.0,,,1677201851.0,1677201878.0,1677201895.0,51320945.3,1677201921.0,1677201976.0,1677201918.0,1677201922.0,254.0,1677201976.0,1677201981.0,6.0,,70.0,55.0,5.0,17.0,502672266.0,4.0,1067.0,poseidon,condorpool,poseidon-worker-3-container-40-47,xgboost_hp_tuning,/srv/xgboost_hp_tuning,,80.9,0,0,0.0,157966029.0,40.0,3303.0,2.0,42.9,2.8,15796602.9,4.0
xgboost_hp_tuning_ID0000009_pegasus-plan_ID0000016,None,compute,0,1677201845.0,,,1677201850.0,1677201823.0,1677201838.0,45838510.0,1677201865.0,1677201906.0,1677201848.0,1677201853.0,253.0,1677201906.0,1677201911.0,5.0,,15.0,41.0,5.0,15.0,377646203.0,5.0,1058.0,poseidon,condorpool,poseidon-worker-3-container-24-31,xgboost_hp_tuning,/srv/xgboost_hp_tuning,,14.9,0,0,,,,,,,,,
xgboost_hp_tuning_ID0000011_pegasus-plan_ID0000016,None,compute,0,1677201845.0,,,1677201850.0,1677201823.0,1677201839.0,45720449.5,1677201865.0,1677201906.0,1677201849.0,1677201853.0,247.0,1677201906.0,1677201911.0,5.0,,15.0,41.0,5.0,16.0,377646203.0,4.0,1048.0,poseidon,condorpool,poseidon-worker-1-container-40-47,xgboost_hp_tuning,/srv/xgboost_hp_tuning,,15.0,0,0,,,,,,,,,
xgboost_hp_tuning_ID0000022_pegasus-plan_ID0000016,None,compute,0,1677201845.0,,,1677201850.0,1677201823.0,1677201838.0,45865075.8,1677201865.0,1677201906.0,1677201848.0,1677201852.0,252.0,1677201906.0,1677201911.0,5.0,,15.0,41.0,5.0,15.0,377646203.0,4.0,1063.0,poseidon,condorpool,poseidon-worker-3-container-32-39,xgboost_hp_tuning,/srv/xgboost_hp_tuning,,14.0,0,0,,,,,,,,,
xgboost_hp_tuning_ID0000014_pegasus-plan_ID0000016,None,compute,0,1677201845.0,,,1677201851.0,1677201902.0,1677201917.0,45700155.5,1677201944.0,1677201986.0,1677201929.0,1677201933.0,251.0,1677201986.0,1677201991.0,6.0,,93.0,42.0,5.0,15.0,377646203.0,4.0,1054.0,poseidon,condorpool,poseidon-worker-2-container-8-15,xgboost_hp_tuning,/srv/xgboost_hp_tuning,,27.6,0,0,,,,,,,,,
xgboost_hp_tuning_ID0000021_pegasus-plan_ID0000016,None,compute,0,1677201845.0,,,1677201850.0,1677201823.0,1677201838.0,45882740.8,1677201865.0,1677201906.0,1677201851.0,1677201855.0,258.0,1677201906.0,1677201911.0,5.0,,15.0,41.0,5.0,15.0,377646203.0,4.0,1059.0,poseidon,condorpool,poseidon-worker-3-container-0-7,xgboost_hp_tuning,/srv/xgboost_hp_tuning,,36.2,0,0,,,,,,,,,
xgboost_hp_tuning_ID0000008_pegasus-plan_ID0000016,None,compute,0,1677201845.0,,,1677201850.0,1677201823.0,1677201839.0,45794285.2,1677201865.0,1677201906.0,1677201849.0,1677201853.0,253.0,1677201906.0,1677201911.0,5.0,,15.0,41.0,5.0,16.0,377646203.0,4.0,1056.0,poseidon,condorpool,poseidon-worker-2-container-16-23,xgboost_hp_tuning,/srv/xgboost_hp_tuning,,15.0,0,0,,,,,,,,,
xgboost_hp_tuning_ID0000019_pegasus-plan_ID0000016,None,compute,0,1677201845.0,,,1677201850.0,1677201823.0,1677201839.0,45702174.8,1677201865.0,1677201906.0,1677201849.0,1677201853.0,253.0,1677201906.0,1677201911.0,5.0,,15.0,41.0,5.0,16.0,377646203.0,4.0,1058.0,poseidon,condorpool,poseidon-worker-2-container-8-15,xgboost_hp_tuning,/srv/xgboost_hp_tuning,,15.1,0,0,,,,,,,,,
xgboost_hp_tuning_ID0000007_pegasus-plan_ID0000016,None,compute,0,1677201845.0,,,1677201850.0,1677201861.0,1677201877.0,45819072.5,1677201903.0,1677201946.0,1677201891.0,1677201895.0,257.0,1677201946.0,1677201951.0,5.0,,53.0,43.0,5.0,16.0,377646203.0,4.0,1067.0,poseidon,condorpool,poseidon-worker-3-container-24-31,xgboost_hp_tuning,/srv/xgboost_hp_tuning,,39.3,0,0,,,,,,,,,
xgboost_hp_tuning_ID0000018_pegasus-plan_ID0000016,None,compute,0,1677201845.0,,,1677201850.0,1677201862.0,1677201877.0,45722795.8,1677201904.0,1677201946.0,1677201887.0,1677201891.0,254.0,1677201946.0,1677201951.0,5.0,,54.0,42.0,5.0,15.0,377646203.0,4.0,1054.0,poseidon,condorpool,poseidon-worker-2-container-0-7,xgboost_hp_tuning,/srv/xgboost_hp_tuning,,14.8,0,0,,,,,,,,,
xgboost_hp_tuning_ID0000006_pegasus-plan_ID0000016,None,compute,0,1677201845.0,,,1677201850.0,1677201862.0,1677201877.0,45650935.2,1677201904.0,1677201946.0,1677201889.0,1677201893.0,256.0,1677201946.0,1677201951.0,5.0,,54.0,42.0,5.0,15.0,377646203.0,4.0,1066.0,poseidon,condorpool,poseidon-worker-2-container-8-15,xgboost_hp_tuning,/srv/xgboost_hp_tuning,,25.8,0,0,,,,,,,,,
xgboost_hp_tuning_ID0000017_pegasus-plan_ID0000016,None,compute,0,1677201845.0,,,1677201851.0,1677201864.0,1677201879.0,45794657.0,1677201906.0,1677201951.0,1677201894.0,1677201898.0,253.0,1677201951.0,1677201956.0,6.0,,55.0,45.0,5.0,15.0,377646203.0,4.0,1051.0,poseidon,condorpool,poseidon-worker-3-container-0-7,xgboost_hp_tuning,/srv/xgboost_hp_tuning,,39.8,0,0,,,,,,,,,
xgboost_hp_tuning_ID0000005_pegasus-plan_ID0000016,None,compute,0,1677201845.0,,,1677201851.0,1677201878.0,1677201893.0,45701019.5,1677201920.0,1677201961.0,1677201904.0,1677201908.0,260.0,1677201961.0,1677201966.0,6.0,,69.0,41.0,5.0,15.0,377646203.0,4.0,1079.0,poseidon,condorpool,poseidon-worker-1-container-32-39,xgboost_hp_tuning,/srv/xgboost_hp_tuning,,18.2,0,0,,,,,,,,,
xgboost_hp_tuning_ID0000020_pegasus-plan_ID0000012,None,compute,0,1677201845.0,,,1677201850.0,1677201823.0,1677201840.0,51399557.0,1677201865.0,1677201926.0,1677201871.0,1677201875.0,254.0,1677201926.0,1677201931.0,5.0,,15.0,61.0,5.0,17.0,502672266.0,4.0,1063.0,poseidon,condorpool,poseidon-worker-1-container-24-31,xgboost_hp_tuning,/srv/xgboost_hp_tuning,,131.5,0,0,0.0,157972465.0,40.0,3321.0,2.0,103.3,3.6,7898623.2,4.0
xgboost_hp_tuning_ID0000004_pegasus-plan_ID0000016,None,compute,0,1677201845.0,,,1677201851.0,1677201881.0,1677201896.0,45524683.5,1677201923.0,1677201961.0,1677201907.0,1677201911.0,255.0,1677201961.0,1677201966.0,6.0,,72.0,38.0,5.0,15.0,377646203.0,4.0,1061.0,poseidon,condorpool,poseidon-worker-2-container-24-31,xgboost_hp_tuning,/srv/xgboost_hp_tuning,,16.9,0,0,,,,,,,,,
xgboost_hp_tuning_ID0000015_pegasus-plan_ID0000016,None,compute,0,1677201845.0,,,1677201851.0,1677201884.0,1677201900.0,45576577.0,1677201927.0,1677201966.0,1677201910.0,1677201914.0,258.0,1677201966.0,1677201971.0,6.0,,76.0,39.0,5.0,16.0,377646203.0,4.0,1055.0,poseidon,condorpool,poseidon-worker-3-container-8-15,xgboost_hp_tuning,/srv/xgboost_hp_tuning,,16.2,0,0,,,,,,,,,
xgboost_hp_tuning_ID0000020_pegasus-plan_ID0000016,None,compute,0,1677201845.0,,,1677201850.0,1677201823.0,1677201839.0,45726594.2,1677201865.0,1677201906.0,1677201849.0,1677201853.0,254.0,1677201906.0,1677201911.0,5.0,,15.0,41.0,5.0,16.0,377646203.0,4.0,1063.0,poseidon,condorpool,poseidon-worker-1-container-8-15,xgboost_hp_tuning,/srv/xgboost_hp_tuning,,17.5,0,0,,,,,,,,,
xgboost_hp_tuning_ID0000008_pegasus-plan_ID0000012,None,compute,0,1677201845.0,,,1677201850.0,1677201823.0,1677201840.0,51562194.7,1677201865.0,1677201926.0,1677201871.0,1677201876.0,256.0,1677201926.0,1677201931.0,5.0,,15.0,61.0,5.0,17.0,502672266.0,5.0,1058.0,poseidon,condorpool,poseidon-worker-3-container-8-15,xgboost_hp_tuning,/srv/xgboost_hp_tuning,,138.6,0,0,0.0,157970554.0,40.0,3319.0,2.0,103.4,3.5,7898527.7,4.0
xgboost_hp_tuning_ID0000009_pegasus-plan_ID0000020,None,compute,0,1677201850.0,,,1677201855.0,1677201925.0,1677201954.0,75249058.9,1677201967.0,1677202385.0,1677202331.0,1677202335.0,261.0,1677202385.0,1677202390.0,5.0,,112.0,418.0,5.0,29.0,1691153157.0,4.0,1058.0,poseidon,condorpool,poseidon-worker-3-container-16-23,xgboost_hp_tuning,/srv/xgboost_hp_tuning,,2162.0,0,0,0.0,1346581776.0,40.0,3829.0,2.0,2050.6,62.5,3740504.9,4.0
xgboost_hp_tuning_ID0000001_pegasus-plan_ID0000020,None,compute,0,1677201850.0,,,1677201855.0,1677202331.0,1677202361.0,75093769.7,1677202374.0,1677202745.0,1677202688.0,1677202693.0,253.0,1677202745.0,1677202750.0,5.0,,519.0,371.0,5.0,30.0,1691153157.0,5.0,1064.0,poseidon,condorpool,poseidon-worker-1-container-8-15,xgboost_hp_tuning,/srv/xgboost_hp_tuning,,1802.5,0,0,0.0,1346564589.0,40.0,3756.0,2.0,1705.9,44.5,4343756.7,4.0
xgboost_hp_tuning_ID0000011_pegasus-plan_ID0000020,None,compute,0,1677201850.0,,,1677201855.0,1677201931.0,1677201960.0,75357843.2,1677201973.0,1677202360.0,1677202306.0,1677202310.0,259.0,1677202360.0,1677202365.0,5.0,,118.0,387.0,5.0,29.0,1691153157.0,4.0,1051.0,poseidon,condorpool,poseidon-worker-3-container-40-47,xgboost_hp_tuning,/srv/xgboost_hp_tuning,,1886.8,0,0,0.0,1346570317.0,40.0,3784.0,2.0,1795.2,49.0,4080516.1,4.0
xgboost_hp_tuning_ID0000013_pegasus-plan_ID0000020,None,compute,0,1677201850.0,,,1677201855.0,1677202321.0,1677202350.0,75165895.0,1677202363.0,1677202730.0,1677202672.0,1677202676.0,253.0,1677202730.0,1677202735.0,5.0,,508.0,367.0,5.0,29.0,1691153157.0,4.0,1056.0,poseidon,condorpool,poseidon-worker-2-container-40-47,xgboost_hp_tuning,/srv/xgboost_hp_tuning,,1832.9,0,0,0.1,1346564765.0,40.0,3757.0,2.0,1775.1,41.7,4343757.3,4.0
xgboost_hp_tuning_ID0000002_pegasus-plan_ID0000020,None,compute,0,1677201850.0,,,1677201855.0,1677202319.0,1677202348.0,75297693.3,1677202361.0,1677202720.0,1677202665.0,1677202669.0,256.0,1677202720.0,1677202725.0,5.0,,506.0,359.0,5.0,29.0,1691153157.0,4.0,1063.0,poseidon,condorpool,poseidon-worker-3-container-40-47,xgboost_hp_tuning,/srv/xgboost_hp_tuning,,1744.0,0,0,0.1,1346559050.0,40.0,3739.0,2.0,1650.4,41.3,4488530.2,4.0
xgboost_hp_tuning_ID0000014_pegasus-plan_ID0000020,None,compute,0,1677201850.0,,,1677201855.0,1677201974.0,1677202003.0,74949235.2,1677202016.0,1677202410.0,1677202353.0,1677202358.0,251.0,1677202410.0,1677202415.0,5.0,,161.0,394.0,5.0,29.0,1691153157.0,5.0,1052.0,poseidon,condorpool,poseidon-worker-1-container-16-23,xgboost_hp_tuning,/srv/xgboost_hp_tuning,,1930.4,0,0,0.1,1346576248.0,40.0,3801.0,2.0,1865.2,59.8,3960518.4,4.0
xgboost_hp_tuning_ID0000003_pegasus-plan_ID0000020,None,compute,0,1677201850.0,,,1677201855.0,1677201970.0,1677201999.0,75315426.9,1677202012.0,1677202415.0,1677202358.0,1677202362.0,259.0,1677202415.0,1677202420.0,5.0,,157.0,403.0,5.0,29.0,1691153157.0,4.0,1068.0,poseidon,condorpool,poseidon-worker-3-container-24-31,xgboost_hp_tuning,/srv/xgboost_hp_tuning,,1981.3,0,0,0.0,1346574385.0,40.0,3799.0,2.0,1860.1,57.1,3960512.9,4.0
xgboost_hp_tuning_ID0000015_pegasus-plan_ID0000020,None,compute,0,1677201850.0,,,1677201855.0,1677201968.0,1677201997.0,75047798.0,1677202010.0,1677202440.0,1677202384.0,1677202388.0,254.0,1677202440.0,1677202445.0,5.0,,155.0,430.0,5.0,29.0,1691153157.0,4.0,1053.0,poseidon,condorpool,poseidon-worker-3-container-32-39,xgboost_hp_tuning,/srv/xgboost_hp_tuning,,2091.2,0,0,0.1,1346585871.0,40.0,3844.0,2.0,1988.4,55.5,3639421.3,4.0
xgboost_hp_tuning_ID0000004_pegasus-plan_ID0000020,None,compute,0,1677201850.0,,,1677201855.0,1677201963.0,1677201992.0,75357139.8,1677202005.0,1677202375.0,1677202321.0,1677202325.0,258.0,1677202375.0,1677202380.0,5.0,,150.0,370.0,5.0,29.0,1691153157.0,4.0,1061.0,poseidon,condorpool,poseidon-worker-3-container-8-15,xgboost_hp_tuning,/srv/xgboost_hp_tuning,,1791.1,0,0,0.0,1346562694.0,40.0,3754.0,2.0,1678.7,48.9,4343750.6,4.0
xgboost_hp_tuning_ID0000016_pegasus-plan_ID0000020,None,compute,0,1677201850.0,,,1677201855.0,1677201958.0,1677201988.0,74634181.5,1677202001.0,1677202435.0,1677202379.0,1677202383.0,253.0,1677202435.0,1677202440.0,5.0,,146.0,434.0,5.0,30.0,1691153157.0,4.0,1056.0,poseidon,condorpool,poseidon-worker-2-container-24-31,xgboost_hp_tuning,/srv/xgboost_hp_tuning,,2161.8,0,0,0.0,1346591597.0,40.0,3861.0,2.0,2082.9,70.7,3543662.1,4.0
xgboost_hp_tuning_ID0000005_pegasus-plan_ID0000020,None,compute,0,1677201850.0,,,1677201855.0,1677201956.0,1677201986.0,74845771.9,1677201998.0,1677202415.0,1677202358.0,1677202362.0,260.0,1677202415.0,1677202420.0,5.0,,143.0,417.0,5.0,30.0,1691153157.0,4.0,1078.0,poseidon,condorpool,poseidon-worker-2-container-16-23,xgboost_hp_tuning,/srv/xgboost_hp_tuning,,2063.9,0,0,0.0,1346583842.0,40.0,3831.0,2.0,1977.8,64.9,3740510.7,4.0
xgboost_hp_tuning_ID0000023_pegasus-plan_ID0000020,None,compute,0,1677201850.0,,,1677201855.0,1677202338.0,1677202368.0,74977039.2,1677202380.0,1677202735.0,1677202676.0,1677202680.0,260.0,1677202735.0,1677202740.0,5.0,,525.0,355.0,5.0,30.0,1691153157.0,4.0,1090.0,poseidon,condorpool,poseidon-worker-1-container-32-39,xgboost_hp_tuning,/srv/xgboost_hp_tuning,,1711.4,0,0,0.1,1346557082.0,40.0,3726.0,2.0,1612.9,39.5,4643300.3,4.0
xgboost_hp_tuning_ID0000017_pegasus-plan_ID0000020,None,compute,0,1677201850.0,,,1677201855.0,1677201956.0,1677201985.0,74734967.2,1677201998.0,1677202380.0,1677202325.0,1677202329.0,256.0,1677202380.0,1677202385.0,5.0,,143.0,382.0,5.0,29.0,1691153157.0,4.0,1052.0,poseidon,condorpool,poseidon-worker-1-container-32-39,xgboost_hp_tuning,/srv/xgboost_hp_tuning,,1849.4,0,0,0.0,1346572362.0,40.0,3786.0,2.0,1791.4,57.2,4080522.3,4.0
xgboost_hp_tuning_ID0000012_pegasus-plan_ID0000020,None,compute,0,1677201850.0,,,1677201855.0,1677202334.0,1677202363.0,75213380.0,1677202376.0,1677202730.0,1677202674.0,1677202678.0,254.0,1677202730.0,1677202735.0,5.0,,521.0,354.0,5.0,29.0,1691153157.0,4.0,1051.0,poseidon,condorpool,poseidon-worker-3-container-8-15,xgboost_hp_tuning,/srv/xgboost_hp_tuning,,1693.9,0,0,0.0,1346558839.0,40.0,3739.0,2.0,1636.5,46.8,4488529.5,4.0
xgboost_hp_tuning_ID0000018_pegasus-plan_ID0000020,None,compute,0,1677201850.0,,,1677201855.0,1677201946.0,1677201975.0,74977056.3,1677201988.0,1677202390.0,1677202335.0,1677202339.0,252.0,1677202390.0,1677202395.0,5.0,,133.0,402.0,5.0,29.0,1691153157.0,4.0,1053.0,poseidon,condorpool,poseidon-worker-1-container-24-31,xgboost_hp_tuning,/srv/xgboost_hp_tuning,,1939.4,0,0,0.0,1346576007.0,40.0,3801.0,2.0,1820.4,50.8,3960517.7,4.0
xgboost_hp_tuning_ID0000019_pegasus-plan_ID0000020,None,compute,0,1677201850.0,,,1677201855.0,1677201945.0,1677201974.0,74658121.2,1677201987.0,1677202535.0,1677202477.0,1677202481.0,255.0,1677202535.0,1677202540.0,5.0,,132.0,548.0,5.0,29.0,1691153157.0,4.0,1060.0,poseidon,condorpool,poseidon-worker-1-container-0-7,xgboost_hp_tuning,/srv/xgboost_hp_tuning,,2796.7,0,0,0.1,1346633067.0,40.0,4026.0,2.0,2696.5,80.1,2748230.7,4.0
xgboost_hp_tuning_ID0000008_pegasus-plan_ID0000020,None,compute,0,1677201850.0,,,1677201855.0,1677201942.0,1677201971.0,74953920.0,1677201984.0,1677202400.0,1677202343.0,1677202347.0,255.0,1677202400.0,1677202405.0,5.0,,129.0,416.0,5.0,29.0,1691153157.0,4.0,1058.0,poseidon,condorpool,poseidon-worker-2-container-8-15,xgboost_hp_tuning,/srv/xgboost_hp_tuning,,2085.9,0,0,0.1,1346583750.0,40.0,3831.0,2.0,2015.4,56.8,3740510.4,4.0
xgboost_hp_tuning_ID0000020_pegasus-plan_ID0000020,None,compute,0,1677201850.0,,,1677201855.0,1677201940.0,1677201969.0,75162954.8,1677201982.0,1677202410.0,1677202351.0,1677202355.0,258.0,1677202410.0,1677202415.0,5.0,,127.0,428.0,5.0,29.0,1691153157.0,4.0,1063.0,poseidon,condorpool,poseidon-worker-1-container-40-47,xgboost_hp_tuning,/srv/xgboost_hp_tuning,,2190.9,0,0,0.0,1346587490.0,40.0,3846.0,2.0,2116.4,59.2,3639425.6,4.0
xgboost_hp_tuning_ID0000021_pegasus-plan_ID0000020,None,compute,0,1677201850.0,,,1677201855.0,1677201934.0,1677201964.0,75189671.5,1677201977.0,1677202335.0,1677202281.0,1677202285.0,259.0,1677202335.0,1677202340.0,5.0,,122.0,358.0,5.0,30.0,1691153157.0,4.0,1063.0,poseidon,condorpool,poseidon-worker-1-container-8-15,xgboost_hp_tuning,/srv/xgboost_hp_tuning,,1641.5,0,0,0.1,1346560580.0,40.0,3741.0,2.0,1530.7,58.8,4488535.3,4.0
xgboost_hp_tuning_ID0000010_pegasus-plan_ID0000020,None,compute,0,1677201850.0,,,1677201855.0,1677201933.0,1677201962.0,75085434.9,1677201975.0,1677202405.0,1677202348.0,1677202352.0,252.0,1677202405.0,1677202410.0,5.0,,120.0,430.0,5.0,29.0,1691153157.0,4.0,1049.0,poseidon,condorpool,poseidon-worker-2-container-32-39,xgboost_hp_tuning,/srv/xgboost_hp_tuning,,2151.6,0,0,0.1,1346587759.0,40.0,3846.0,2.0,2022.9,84.9,3639426.4,4.0
xgboost_hp_tuning_ID0000022_pegasus-plan_ID0000020,None,compute,0,1677201850.0,,,1677201855.0,1677201931.0,1677201960.0,75209236.9,1677201973.0,1677202325.0,1677202270.0,1677202274.0,257.0,1677202325.0,1677202330.0,5.0,,118.0,352.0,5.0,29.0,1691153157.0,4.0,1062.0,poseidon,condorpool,poseidon-worker-2-container-40-47,xgboost_hp_tuning,/srv/xgboost_hp_tuning,,1676.5,0,0,0.0,1346560849.0,40.0,3741.0,2.0,1624.4,47.8,4488536.2,4.0
xgboost_hp_tuning_ID0000006_pegasus-plan_ID0000020,None,compute,0,1677201850.0,,,1677201855.0,1677201955.0,1677201984.0,74905371.0,1677201997.0,1677202400.0,1677202344.0,1677202348.0,257.0,1677202400.0,1677202405.0,5.0,,142.0,403.0,5.0,29.0,1691153157.0,4.0,1066.0,poseidon,condorpool,poseidon-worker-2-container-0-7,xgboost_hp_tuning,/srv/xgboost_hp_tuning,,1960.2,0,0,0.0,1346579707.0,40.0,3816.0,2.0,1891.1,68.5,3847370.6,4.0
xgboost_hp_tuning_ID0000007_pegasus-plan_ID0000020,None,compute,0,1677201850.0,,,1677201855.0,1677201945.0,1677201974.0,75291677.3,1677201987.0,1677202390.0,1677202335.0,1677202339.0,260.0,1677202390.0,1677202395.0,5.0,,132.0,403.0,5.0,29.0,1691153157.0,4.0,1066.0,poseidon,condorpool,poseidon-worker-3-container-0-7,xgboost_hp_tuning,/srv/xgboost_hp_tuning,,1938.7,0,0,0.0,1346577881.0,40.0,3814.0,2.0,1865.5,64.0,3847365.4,4.0
stage_out_local_condorpool_0_2_pegasus-plan_ID0000016,None,transfer,0,1677202006.0,,,1677202011.0,,,0.0,1677202011.0,1677202021.0,1677202011.0,1677202015.0,1839.0,1677202021.0,1677202026.0,5.0,,0.0,10.0,5.0,,,4.0,7422.0,poseidon,local,host-10-100-100-12.openstacklocal,pegasus::transfer,/home/poseidon/pegasus-5.1.0panorama/bin/pegasus-transfer,/home/poseidon/pegasus-5.1.0panorama/bin/../bin/pegasus-kickstart  -n pegasus::transfer -N null -i - -R local  -L xgboost_hp_tuning_group_1 -T 2023-02-24T01:23:11+00:00 /home/poseidon/pegasus-5.1.0panorama/bin/../bin/pegasus-transfer  --threads 2,1.0,0,0,,,,,,,,,
stage_out_local_condorpool_0_0_pegasus-plan_ID0000016,None,transfer,0,1677202006.0,,,1677202011.0,,,0.0,1677202011.0,1677202021.0,1677202011.0,1677202015.0,2101.0,1677202021.0,1677202026.0,5.0,,0.0,10.0,5.0,,,4.0,8465.0,poseidon,local,host-10-100-100-12.openstacklocal,pegasus::transfer,/home/poseidon/pegasus-5.1.0panorama/bin/pegasus-transfer,/home/poseidon/pegasus-5.1.0panorama/bin/../bin/pegasus-kickstart  -n pegasus::transfer -N null -i - -R local  -L xgboost_hp_tuning_group_1 -T 2023-02-24T01:23:11+00:00 /home/poseidon/pegasus-5.1.0panorama/bin/../bin/pegasus-transfer  --threads 2,1.1,0,0,,,,,,,,,
stage_out_local_condorpool_0_1_pegasus-plan_ID0000016,None,transfer,0,1677202011.0,,,1677202016.0,,,0.0,1677202016.0,1677202026.0,1677202016.0,1677202020.0,2103.0,1677202026.0,1677202031.0,5.0,,0.0,10.0,5.0,,,4.0,8492.0,poseidon,local,host-10-100-100-12.openstacklocal,pegasus::transfer,/home/poseidon/pegasus-5.1.0panorama/bin/pegasus-transfer,/home/poseidon/pegasus-5.1.0panorama/bin/../bin/pegasus-kickstart  -n pegasus::transfer -N null -i - -R local  -L xgboost_hp_tuning_group_1 -T 2023-02-24T01:23:11+00:00 /home/poseidon/pegasus-5.1.0panorama/bin/../bin/pegasus-transfer  --threads 2,1.1,0,0,,,,,,,,,
xgboost_best_params_ID0000024_pegasus-plan_ID0000016,None,compute,0,1677202011.0,,,1677202016.0,1677202284.0,1677202301.0,39738584.0,1677202326.0,1677202366.0,1677202307.0,1677202312.0,255.0,1677202366.0,1677202371.0,5.0,,310.0,40.0,5.0,17.0,368018648.0,5.0,1059.0,poseidon,condorpool,poseidon-worker-2-container-40-47,xgboost_best_params,/srv/xgboost_best_params,,0.0,0,0,,,,,,,,,
stage_out_local_condorpool_0_0_pegasus-plan_ID0000012,None,transfer,0,1677202016.0,,,1677202021.0,,,0.0,1677202021.0,1677202031.0,1677202021.0,1677202026.0,2100.0,1677202031.0,1677202036.0,5.0,,0.0,10.0,5.0,,,5.0,8467.0,poseidon,local,host-10-100-100-12.openstacklocal,pegasus::transfer,/home/poseidon/pegasus-5.1.0panorama/bin/pegasus-transfer,/home/poseidon/pegasus-5.1.0panorama/bin/../bin/pegasus-kickstart  -n pegasus::transfer -N null -i - -R local  -L xgboost_hp_tuning_group_0 -T 2023-02-24T01:23:11+00:00 /home/poseidon/pegasus-5.1.0panorama/bin/../bin/pegasus-transfer  --threads 2,1.1,0,0,,,,,,,,,
xgboost_best_params_ID0000024_pegasus-plan_ID0000012,None,compute,0,1677202021.0,,,1677202026.0,1677202294.0,1677202312.0,39682476.7,1677202337.0,1677202376.0,1677202318.0,1677202322.0,258.0,1677202376.0,1677202381.0,5.0,,311.0,39.0,5.0,18.0,368018658.0,4.0,1064.0,poseidon,condorpool,poseidon-worker-1-container-8-15,xgboost_best_params,/srv/xgboost_best_params,,0.0,0,0,,,,,,,,,
stage_out_local_condorpool_0_1_pegasus-plan_ID0000012,None,transfer,0,1677202021.0,,,1677202026.0,,,0.0,1677202026.0,1677202036.0,1677202027.0,1677202031.0,2106.0,1677202036.0,1677202041.0,5.0,,0.0,10.0,5.0,,,4.0,8501.0,poseidon,local,host-10-100-100-12.openstacklocal,pegasus::transfer,/home/poseidon/pegasus-5.1.0panorama/bin/pegasus-transfer,/home/poseidon/pegasus-5.1.0panorama/bin/../bin/pegasus-kickstart  -n pegasus::transfer -N null -i - -R local  -L xgboost_hp_tuning_group_0 -T 2023-02-24T01:23:11+00:00 /home/poseidon/pegasus-5.1.0panorama/bin/../bin/pegasus-transfer  --threads 2,1.1,0,0,,,,,,,,,
stage_out_local_condorpool_0_2_pegasus-plan_ID0000012,None,transfer,0,1677202021.0,,,1677202026.0,,,0.0,1677202026.0,1677202036.0,1677202027.0,1677202031.0,1839.0,1677202036.0,1677202041.0,5.0,,0.0,10.0,5.0,,,4.0,7421.0,poseidon,local,host-10-100-100-12.openstacklocal,pegasus::transfer,/home/poseidon/pegasus-5.1.0panorama/bin/pegasus-transfer,/home/poseidon/pegasus-5.1.0panorama/bin/../bin/pegasus-kickstart  -n pegasus::transfer -N null -i - -R local  -L xgboost_hp_tuning_group_0 -T 2023-02-24T01:23:11+00:00 /home/poseidon/pegasus-5.1.0panorama/bin/../bin/pegasus-transfer  --threads 2,1.0,0,0,,,,,,,,,
register_condorpool_0_0_pegasus-plan_ID0000016,None,auxiliary,0,1677202026.0,,,1677202031.0,,,0.0,1677202031.0,1677202036.0,,,0.0,1677202036.0,1677202041.0,5.0,,0.0,5.0,5.0,,,,,poseidon,local,host-10-100-100-12.openstacklocal,pegasus::rc-client,/home/poseidon/pegasus-5.1.0panorama/bin/pegasus-rc-client,"-n pegasus::rc-client -N null -R local  -L xgboost_hp_tuning_group_1 -T 2023-02-24T01:23:11+00:00 /home/poseidon/pegasus-5.1.0panorama/bin/pegasus-rc-client --prefix pegasus.catalog.replica.output --conf /home/poseidon/workflows/predict-future-sales-workflow/submit/poseidon/pegasus/predict-future-sales/run0134/00/00/./xgboost_hp_tuning_group_1.000/pegasus.14064650528209663078.properties -v --meta /home/poseidon/workflows/predict-future-sales-workflow/submit/poseidon/pegasus/predict-future-sales/run0134/00/00/./xgboost_hp_tuning_group_1.000/00/00/xgboost_hp_tuning_ID0000018.meta,/home/poseidon/workflows/predict-future-sales-workflow/submit/poseidon/pegasus/predict-future-sales/run0134/00/00/./xgboost_hp_tuning_group_1.000/00/00/xgboost_hp_tuning_ID0000002.meta,/home/poseidon/workflows/predict-future-sales-workflow/submit/poseidon/pegasus/predict-future-sales/run0134/00/00/./xgboost_hp_tuning_group_1.000/00/00/xgboost_hp_tuning_ID0000005.meta,/home/poseidon/workflows/predict-future-sales-workflow/submit/poseidon/pegasus/predict-future-sales/run0134/00/00/./xgboost_hp_tuning_group_1.000/00/00/xgboost_hp_tuning_ID0000009.meta,/home/poseidon/workflows/predict-future-sales-workflow/submit/poseidon/pegasus/predict-future-sales/run0134/00/00/./xgboost_hp_tuning_group_1.000/00/00/xgboost_hp_tuning_ID0000015.meta,/home/poseidon/workflows/predict-future-sales-workflow/submit/poseidon/pegasus/predict-future-sales/run0134/00/00/./xgboost_hp_tuning_group_1.000/00/00/xgboost_hp_tuning_ID0000012.meta,/home/poseidon/workflows/predict-future-sales-workflow/submit/poseidon/pegasus/predict-future-sales/run0134/00/00/./xgboost_hp_tuning_group_1.000/00/00/xgboost_hp_tuning_ID0000010.meta,/home/poseidon/workflows/predict-future-sales-workflow/submit/poseidon/pegasus/predict-future-sales/run0134/00/00/./xgboost_hp_tuning_group_1.000/00/00/xgboost_hp_tuning_ID0000008.meta --insert /home/poseidon/workflows/predict-future-sales-workflow/submit/poseidon/pegasus/predict-future-sales/run0134/00/00/./xgboost_hp_tuning_group_1.000/00/00/register_condorpool_0_0.in",3.0,0,0,,,,,,,,,
register_condorpool_0_2_pegasus-plan_ID0000016,None,auxiliary,0,1677202026.0,,,1677202041.0,,,0.0,1677202042.0,1677202046.0,,,0.0,1677202046.0,1677202051.0,15.0,,1.0,4.0,5.0,,,,,poseidon,local,host-10-100-100-12.openstacklocal,pegasus::rc-client,/home/poseidon/pegasus-5.1.0panorama/bin/pegasus-rc-client,"-n pegasus::rc-client -N null -R local  -L xgboost_hp_tuning_group_1 -T 2023-02-24T01:23:11+00:00 /home/poseidon/pegasus-5.1.0panorama/bin/pegasus-rc-client --prefix pegasus.catalog.replica.output --conf /home/poseidon/workflows/predict-future-sales-workflow/submit/poseidon/pegasus/predict-future-sales/run0134/00/00/./xgboost_hp_tuning_group_1.000/pegasus.14064650528209663078.properties -v --meta /home/poseidon/workflows/predict-future-sales-workflow/submit/poseidon/pegasus/predict-future-sales/run0134/00/00/./xgboost_hp_tuning_group_1.000/00/00/xgboost_hp_tuning_ID0000017.meta,/home/poseidon/workflows/predict-future-sales-workflow/submit/poseidon/pegasus/predict-future-sales/run0134/00/00/./xgboost_hp_tuning_group_1.000/00/00/xgboost_hp_tuning_ID0000022.meta,/home/poseidon/workflows/predict-future-sales-workflow/submit/poseidon/pegasus/predict-future-sales/run0134/00/00/./xgboost_hp_tuning_group_1.000/00/00/xgboost_hp_tuning_ID0000007.meta,/home/poseidon/workflows/predict-future-sales-workflow/submit/poseidon/pegasus/predict-future-sales/run0134/00/00/./xgboost_hp_tuning_group_1.000/00/00/xgboost_hp_tuning_ID0000020.meta,/home/poseidon/workflows/predict-future-sales-workflow/submit/poseidon/pegasus/predict-future-sales/run0134/00/00/./xgboost_hp_tuning_group_1.000/00/00/xgboost_hp_tuning_ID0000001.meta,/home/poseidon/workflows/predict-future-sales-workflow/submit/poseidon/pegasus/predict-future-sales/run0134/00/00/./xgboost_hp_tuning_group_1.000/00/00/xgboost_hp_tuning_ID0000004.meta,/home/poseidon/workflows/predict-future-sales-workflow/submit/poseidon/pegasus/predict-future-sales/run0134/00/00/./xgboost_hp_tuning_group_1.000/00/00/xgboost_hp_tuning_ID0000014.meta --insert /home/poseidon/workflows/predict-future-sales-workflow/submit/poseidon/pegasus/predict-future-sales/run0134/00/00/./xgboost_hp_tuning_group_1.000/00/00/register_condorpool_0_2.in",2.8,0,0,,,,,,,,,
register_condorpool_0_1_pegasus-plan_ID0000016,None,auxiliary,0,1677202031.0,,,1677202051.0,,,0.0,1677202051.0,1677202056.0,,,0.0,1677202056.0,1677202061.0,20.0,,0.0,5.0,5.0,,,,,poseidon,local,host-10-100-100-12.openstacklocal,pegasus::rc-client,/home/poseidon/pegasus-5.1.0panorama/bin/pegasus-rc-client,"-n pegasus::rc-client -N null -R local  -L xgboost_hp_tuning_group_1 -T 2023-02-24T01:23:11+00:00 /home/poseidon/pegasus-5.1.0panorama/bin/pegasus-rc-client --prefix pegasus.catalog.replica.output --conf /home/poseidon/workflows/predict-future-sales-workflow/submit/poseidon/pegasus/predict-future-sales/run0134/00/00/./xgboost_hp_tuning_group_1.000/pegasus.14064650528209663078.properties -v --meta /home/poseidon/workflows/predict-future-sales-workflow/submit/poseidon/pegasus/predict-future-sales/run0134/00/00/./xgboost_hp_tuning_group_1.000/00/00/xgboost_hp_tuning_ID0000013.meta,/home/poseidon/workflows/predict-future-sales-workflow/submit/poseidon/pegasus/predict-future-sales/run0134/00/00/./xgboost_hp_tuning_group_1.000/00/00/xgboost_hp_tuning_ID0000023.meta,/home/poseidon/workflows/predict-future-sales-workflow/submit/poseidon/pegasus/predict-future-sales/run0134/00/00/./xgboost_hp_tuning_group_1.000/00/00/xgboost_hp_tuning_ID0000011.meta,/home/poseidon/workflows/predict-future-sales-workflow/submit/poseidon/pegasus/predict-future-sales/run0134/00/00/./xgboost_hp_tuning_group_1.000/00/00/xgboost_hp_tuning_ID0000006.meta,/home/poseidon/workflows/predict-future-sales-workflow/submit/poseidon/pegasus/predict-future-sales/run0134/00/00/./xgboost_hp_tuning_group_1.000/00/00/xgboost_hp_tuning_ID0000003.meta,/home/poseidon/workflows/predict-future-sales-workflow/submit/poseidon/pegasus/predict-future-sales/run0134/00/00/./xgboost_hp_tuning_group_1.000/00/00/xgboost_hp_tuning_ID0000021.meta,/home/poseidon/workflows/predict-future-sales-workflow/submit/poseidon/pegasus/predict-future-sales/run0134/00/00/./xgboost_hp_tuning_group_1.000/00/00/xgboost_hp_tuning_ID0000019.meta,/home/poseidon/workflows/predict-future-sales-workflow/submit/poseidon/pegasus/predict-future-sales/run0134/00/00/./xgboost_hp_tuning_group_1.000/00/00/xgboost_hp_tuning_ID0000016.meta --insert /home/poseidon/workflows/predict-future-sales-workflow/submit/poseidon/pegasus/predict-future-sales/run0134/00/00/./xgboost_hp_tuning_group_1.000/00/00/register_condorpool_0_1.in",3.1,0,0,,,,,,,,,
register_condorpool_0_0_pegasus-plan_ID0000012,None,auxiliary,0,1677202036.0,,,1677202041.0,,,0.0,1677202041.0,1677202046.0,,,0.0,1677202046.0,1677202051.0,5.0,,0.0,5.0,5.0,,,,,poseidon,local,host-10-100-100-12.openstacklocal,pegasus::rc-client,/home/poseidon/pegasus-5.1.0panorama/bin/pegasus-rc-client,"-n pegasus::rc-client -N null -R local  -L xgboost_hp_tuning_group_0 -T 2023-02-24T01:23:11+00:00 /home/poseidon/pegasus-5.1.0panorama/bin/pegasus-rc-client --prefix pegasus.catalog.replica.output --conf /home/poseidon/workflows/predict-future-sales-workflow/submit/poseidon/pegasus/predict-future-sales/run0134/00/00/./xgboost_hp_tuning_group_0.000/pegasus.836454801936982970.properties -v --meta /home/poseidon/workflows/predict-future-sales-workflow/submit/poseidon/pegasus/predict-future-sales/run0134/00/00/./xgboost_hp_tuning_group_0.000/00/00/xgboost_hp_tuning_ID0000018.meta,/home/poseidon/workflows/predict-future-sales-workflow/submit/poseidon/pegasus/predict-future-sales/run0134/00/00/./xgboost_hp_tuning_group_0.000/00/00/xgboost_hp_tuning_ID0000002.meta,/home/poseidon/workflows/predict-future-sales-workflow/submit/poseidon/pegasus/predict-future-sales/run0134/00/00/./xgboost_hp_tuning_group_0.000/00/00/xgboost_hp_tuning_ID0000005.meta,/home/poseidon/workflows/predict-future-sales-workflow/submit/poseidon/pegasus/predict-future-sales/run0134/00/00/./xgboost_hp_tuning_group_0.000/00/00/xgboost_hp_tuning_ID0000009.meta,/home/poseidon/workflows/predict-future-sales-workflow/submit/poseidon/pegasus/predict-future-sales/run0134/00/00/./xgboost_hp_tuning_group_0.000/00/00/xgboost_hp_tuning_ID0000015.meta,/home/poseidon/workflows/predict-future-sales-workflow/submit/poseidon/pegasus/predict-future-sales/run0134/00/00/./xgboost_hp_tuning_group_0.000/00/00/xgboost_hp_tuning_ID0000012.meta,/home/poseidon/workflows/predict-future-sales-workflow/submit/poseidon/pegasus/predict-future-sales/run0134/00/00/./xgboost_hp_tuning_group_0.000/00/00/xgboost_hp_tuning_ID0000010.meta,/home/poseidon/workflows/predict-future-sales-workflow/submit/poseidon/pegasus/predict-future-sales/run0134/00/00/./xgboost_hp_tuning_group_0.000/00/00/xgboost_hp_tuning_ID0000008.meta --insert /home/poseidon/workflows/predict-future-sales-workflow/submit/poseidon/pegasus/predict-future-sales/run0134/00/00/./xgboost_hp_tuning_group_0.000/00/00/register_condorpool_0_0.in",3.0,0,0,,,,,,,,,
register_condorpool_0_1_pegasus-plan_ID0000012,None,auxiliary,0,1677202041.0,,,1677202051.0,,,0.0,1677202052.0,1677202056.0,,,0.0,1677202056.0,1677202061.0,10.0,,1.0,4.0,5.0,,,,,poseidon,local,host-10-100-100-12.openstacklocal,pegasus::rc-client,/home/poseidon/pegasus-5.1.0panorama/bin/pegasus-rc-client,"-n pegasus::rc-client -N null -R local  -L xgboost_hp_tuning_group_0 -T 2023-02-24T01:23:11+00:00 /home/poseidon/pegasus-5.1.0panorama/bin/pegasus-rc-client --prefix pegasus.catalog.replica.output --conf /home/poseidon/workflows/predict-future-sales-workflow/submit/poseidon/pegasus/predict-future-sales/run0134/00/00/./xgboost_hp_tuning_group_0.000/pegasus.836454801936982970.properties -v --meta /home/poseidon/workflows/predict-future-sales-workflow/submit/poseidon/pegasus/predict-future-sales/run0134/00/00/./xgboost_hp_tuning_group_0.000/00/00/xgboost_hp_tuning_ID0000013.meta,/home/poseidon/workflows/predict-future-sales-workflow/submit/poseidon/pegasus/predict-future-sales/run0134/00/00/./xgboost_hp_tuning_group_0.000/00/00/xgboost_hp_tuning_ID0000023.meta,/home/poseidon/workflows/predict-future-sales-workflow/submit/poseidon/pegasus/predict-future-sales/run0134/00/00/./xgboost_hp_tuning_group_0.000/00/00/xgboost_hp_tuning_ID0000011.meta,/home/poseidon/workflows/predict-future-sales-workflow/submit/poseidon/pegasus/predict-future-sales/run0134/00/00/./xgboost_hp_tuning_group_0.000/00/00/xgboost_hp_tuning_ID0000006.meta,/home/poseidon/workflows/predict-future-sales-workflow/submit/poseidon/pegasus/predict-future-sales/run0134/00/00/./xgboost_hp_tuning_group_0.000/00/00/xgboost_hp_tuning_ID0000003.meta,/home/poseidon/workflows/predict-future-sales-workflow/submit/poseidon/pegasus/predict-future-sales/run0134/00/00/./xgboost_hp_tuning_group_0.000/00/00/xgboost_hp_tuning_ID0000021.meta,/home/poseidon/workflows/predict-future-sales-workflow/submit/poseidon/pegasus/predict-future-sales/run0134/00/00/./xgboost_hp_tuning_group_0.000/00/00/xgboost_hp_tuning_ID0000019.meta,/home/poseidon/workflows/predict-future-sales-workflow/submit/poseidon/pegasus/predict-future-sales/run0134/00/00/./xgboost_hp_tuning_group_0.000/00/00/xgboost_hp_tuning_ID0000016.meta --insert /home/poseidon/workflows/predict-future-sales-workflow/submit/poseidon/pegasus/predict-future-sales/run0134/00/00/./xgboost_hp_tuning_group_0.000/00/00/register_condorpool_0_1.in",3.1,0,0,,,,,,,,,
register_condorpool_0_2_pegasus-plan_ID0000012,None,auxiliary,0,1677202041.0,,,1677202061.0,,,0.0,1677202061.0,1677202066.0,,,0.0,1677202066.0,1677202071.0,20.0,,0.0,5.0,5.0,,,,,poseidon,local,host-10-100-100-12.openstacklocal,pegasus::rc-client,/home/poseidon/pegasus-5.1.0panorama/bin/pegasus-rc-client,"-n pegasus::rc-client -N null -R local  -L xgboost_hp_tuning_group_0 -T 2023-02-24T01:23:11+00:00 /home/poseidon/pegasus-5.1.0panorama/bin/pegasus-rc-client --prefix pegasus.catalog.replica.output --conf /home/poseidon/workflows/predict-future-sales-workflow/submit/poseidon/pegasus/predict-future-sales/run0134/00/00/./xgboost_hp_tuning_group_0.000/pegasus.836454801936982970.properties -v --meta /home/poseidon/workflows/predict-future-sales-workflow/submit/poseidon/pegasus/predict-future-sales/run0134/00/00/./xgboost_hp_tuning_group_0.000/00/00/xgboost_hp_tuning_ID0000017.meta,/home/poseidon/workflows/predict-future-sales-workflow/submit/poseidon/pegasus/predict-future-sales/run0134/00/00/./xgboost_hp_tuning_group_0.000/00/00/xgboost_hp_tuning_ID0000022.meta,/home/poseidon/workflows/predict-future-sales-workflow/submit/poseidon/pegasus/predict-future-sales/run0134/00/00/./xgboost_hp_tuning_group_0.000/00/00/xgboost_hp_tuning_ID0000007.meta,/home/poseidon/workflows/predict-future-sales-workflow/submit/poseidon/pegasus/predict-future-sales/run0134/00/00/./xgboost_hp_tuning_group_0.000/00/00/xgboost_hp_tuning_ID0000020.meta,/home/poseidon/workflows/predict-future-sales-workflow/submit/poseidon/pegasus/predict-future-sales/run0134/00/00/./xgboost_hp_tuning_group_0.000/00/00/xgboost_hp_tuning_ID0000001.meta,/home/poseidon/workflows/predict-future-sales-workflow/submit/poseidon/pegasus/predict-future-sales/run0134/00/00/./xgboost_hp_tuning_group_0.000/00/00/xgboost_hp_tuning_ID0000004.meta,/home/poseidon/workflows/predict-future-sales-workflow/submit/poseidon/pegasus/predict-future-sales/run0134/00/00/./xgboost_hp_tuning_group_0.000/00/00/xgboost_hp_tuning_ID0000014.meta --insert /home/poseidon/workflows/predict-future-sales-workflow/submit/poseidon/pegasus/predict-future-sales/run0134/00/00/./xgboost_hp_tuning_group_0.000/00/00/register_condorpool_0_2.in",3.1,0,0,,,,,,,,,
stage_out_local_condorpool_1_0_pegasus-plan_ID0000016,None,transfer,0,1677202371.0,,,1677202376.0,,,0.0,1677202376.0,1677202386.0,1677202377.0,1677202381.0,1230.0,1677202386.0,1677202391.0,5.0,,0.0,10.0,5.0,,,4.0,5295.0,poseidon,local,host-10-100-100-12.openstacklocal,pegasus::transfer,/home/poseidon/pegasus-5.1.0panorama/bin/pegasus-transfer,/home/poseidon/pegasus-5.1.0panorama/bin/../bin/pegasus-kickstart  -n pegasus::transfer -N null -i - -R local  -L xgboost_hp_tuning_group_1 -T 2023-02-24T01:23:11+00:00 /home/poseidon/pegasus-5.1.0panorama/bin/../bin/pegasus-transfer  --threads 2,0.7,0,0,,,,,,,,,
stage_out_local_condorpool_1_0_pegasus-plan_ID0000012,None,transfer,0,1677202381.0,,,1677202386.0,,,0.0,1677202386.0,1677202396.0,1677202386.0,1677202390.0,1225.0,1677202396.0,1677202401.0,5.0,,0.0,10.0,5.0,,,4.0,5320.0,poseidon,local,host-10-100-100-12.openstacklocal,pegasus::transfer,/home/poseidon/pegasus-5.1.0panorama/bin/pegasus-transfer,/home/poseidon/pegasus-5.1.0panorama/bin/../bin/pegasus-kickstart  -n pegasus::transfer -N null -i - -R local  -L xgboost_hp_tuning_group_0 -T 2023-02-24T01:23:11+00:00 /home/poseidon/pegasus-5.1.0panorama/bin/../bin/pegasus-transfer  --threads 2,0.7,0,0,,,,,,,,,
register_condorpool_1_0_pegasus-plan_ID0000016,None,auxiliary,0,1677202391.0,,,1677202396.0,,,0.0,1677202397.0,1677202402.0,,,0.0,1677202402.0,1677202407.0,5.0,,1.0,5.0,5.0,,,,,poseidon,local,host-10-100-100-12.openstacklocal,pegasus::rc-client,/home/poseidon/pegasus-5.1.0panorama/bin/pegasus-rc-client,-n pegasus::rc-client -N null -R local  -L xgboost_hp_tuning_group_1 -T 2023-02-24T01:23:11+00:00 /home/poseidon/pegasus-5.1.0panorama/bin/pegasus-rc-client --prefix pegasus.catalog.replica.output --conf /home/poseidon/workflows/predict-future-sales-workflow/submit/poseidon/pegasus/predict-future-sales/run0134/00/00/./xgboost_hp_tuning_group_1.000/pegasus.14064650528209663078.properties -v --meta /home/poseidon/workflows/predict-future-sales-workflow/submit/poseidon/pegasus/predict-future-sales/run0134/00/00/./xgboost_hp_tuning_group_1.000/00/00/xgboost_best_params_ID0000024.meta --insert /home/poseidon/workflows/predict-future-sales-workflow/submit/poseidon/pegasus/predict-future-sales/run0134/00/00/./xgboost_hp_tuning_group_1.000/00/00/register_condorpool_1_0.in,3.1,0,0,,,,,,,,,
register_condorpool_1_0_pegasus-plan_ID0000012,None,auxiliary,0,1677202401.0,,,1677202406.0,,,0.0,1677202406.0,1677202411.0,,,0.0,1677202411.0,1677202416.0,5.0,,0.0,5.0,5.0,,,,,poseidon,local,host-10-100-100-12.openstacklocal,pegasus::rc-client,/home/poseidon/pegasus-5.1.0panorama/bin/pegasus-rc-client,-n pegasus::rc-client -N null -R local  -L xgboost_hp_tuning_group_0 -T 2023-02-24T01:23:11+00:00 /home/poseidon/pegasus-5.1.0panorama/bin/pegasus-rc-client --prefix pegasus.catalog.replica.output --conf /home/poseidon/workflows/predict-future-sales-workflow/submit/poseidon/pegasus/predict-future-sales/run0134/00/00/./xgboost_hp_tuning_group_0.000/pegasus.836454801936982970.properties -v --meta /home/poseidon/workflows/predict-future-sales-workflow/submit/poseidon/pegasus/predict-future-sales/run0134/00/00/./xgboost_hp_tuning_group_0.000/00/00/xgboost_best_params_ID0000024.meta --insert /home/poseidon/workflows/predict-future-sales-workflow/submit/poseidon/pegasus/predict-future-sales/run0134/00/00/./xgboost_hp_tuning_group_0.000/00/00/register_condorpool_1_0.in,3.0,0,0,,,,,,,,,
xgboost_model_ID0000017,None,compute,0,1677202409.0,,,1677202414.0,1677202373.0,1677202391.0,45648479.0,1677202416.0,1677202459.0,1677202402.0,1677202406.0,187253.0,1677202459.0,1677202464.0,5.0,,2.0,43.0,5.0,18.0,377645126.0,4.0,816906.0,poseidon,condorpool,poseidon-worker-2-container-8-15,xgboost_model,/srv/xgboost_model,,12.3,0,0,,,,,,,,,
xgboost_model_ID0000013,None,compute,0,1677202419.0,,,1677202424.0,1677202383.0,1677202403.0,51240755.7,1677202426.0,1677202474.0,1677202415.0,1677202420.0,153504.0,1677202474.0,1677202479.0,5.0,,2.0,48.0,5.0,20.0,502671194.0,5.0,667552.0,poseidon,condorpool,poseidon-worker-2-container-32-39,xgboost_model,/srv/xgboost_model,,24.0,0,0,,,,,,,,,
model_predict_ID0000018,None,compute,0,1677202464.0,,,1677202469.0,1677202428.0,1677202444.0,44856088.5,1677202470.0,1677202509.0,1677202452.0,1677202456.0,6055.0,1677202509.0,1677202514.0,5.0,,1.0,39.0,5.0,16.0,368919002.0,4.0,25035.0,poseidon,condorpool,poseidon-worker-2-container-8-15,model_predict,/srv/model_predict,,2.5,0,0,,,,,,,,,
model_predict_ID0000014,None,compute,0,1677202479.0,,,1677202484.0,1677202443.0,1677202460.0,45021649.8,1677202485.0,1677202524.0,1677202468.0,1677202472.0,105024.0,1677202524.0,1677202529.0,5.0,,1.0,39.0,5.0,17.0,370855258.0,4.0,451213.0,poseidon,condorpool,poseidon-worker-2-container-32-39,model_predict,/srv/model_predict,,2.6,0,0,,,,,,,,,
stage_out_local_condorpool_0_0_pegasus-plan_ID0000020,None,transfer,0,1677202735.0,,,1677202740.0,,,0.0,1677202740.0,1677202750.0,1677202740.0,1677202745.0,2098.0,1677202750.0,1677202755.0,5.0,,0.0,10.0,5.0,,,5.0,8463.0,poseidon,local,host-10-100-100-12.openstacklocal,pegasus::transfer,/home/poseidon/pegasus-5.1.0panorama/bin/pegasus-transfer,/home/poseidon/pegasus-5.1.0panorama/bin/../bin/pegasus-kickstart  -n pegasus::transfer -N null -i - -R local  -L xgboost_hp_tuning_group_2 -T 2023-02-24T01:23:11+00:00 /home/poseidon/pegasus-5.1.0panorama/bin/../bin/pegasus-transfer  --threads 2,1.1,0,0,,,,,,,,,
stage_out_local_condorpool_0_1_pegasus-plan_ID0000020,None,transfer,0,1677202740.0,,,1677202745.0,,,0.0,1677202746.0,1677202760.0,1677202747.0,1677202751.0,2111.0,1677202760.0,1677202765.0,5.0,,1.0,14.0,5.0,,,4.0,8510.0,poseidon,local,host-10-100-100-12.openstacklocal,pegasus::transfer,/home/poseidon/pegasus-5.1.0panorama/bin/pegasus-transfer,/home/poseidon/pegasus-5.1.0panorama/bin/../bin/pegasus-kickstart  -n pegasus::transfer -N null -i - -R local  -L xgboost_hp_tuning_group_2 -T 2023-02-24T01:23:11+00:00 /home/poseidon/pegasus-5.1.0panorama/bin/../bin/pegasus-transfer  --threads 2,1.0,0,0,,,,,,,,,
xgboost_best_params_ID0000024_pegasus-plan_ID0000020,None,compute,0,1677202750.0,,,1677202755.0,1677202714.0,1677202730.0,39745047.7,1677202756.0,1677202795.0,1677202737.0,1677202741.0,252.0,1677202795.0,1677202800.0,5.0,,1.0,39.0,5.0,16.0,368018662.0,4.0,1060.0,poseidon,condorpool,poseidon-worker-1-container-8-15,xgboost_best_params,/srv/xgboost_best_params,,0.0,0,0,,,,,,,,,
stage_out_local_condorpool_0_2_pegasus-plan_ID0000020,None,transfer,0,1677202750.0,,,1677202755.0,,,0.0,1677202755.0,1677202765.0,1677202755.0,1677202759.0,1841.0,1677202765.0,1677202770.0,5.0,,0.0,10.0,5.0,,,4.0,7420.0,poseidon,local,host-10-100-100-12.openstacklocal,pegasus::transfer,/home/poseidon/pegasus-5.1.0panorama/bin/pegasus-transfer,/home/poseidon/pegasus-5.1.0panorama/bin/../bin/pegasus-kickstart  -n pegasus::transfer -N null -i - -R local  -L xgboost_hp_tuning_group_2 -T 2023-02-24T01:23:11+00:00 /home/poseidon/pegasus-5.1.0panorama/bin/../bin/pegasus-transfer  --threads 2,0.9,0,0,,,,,,,,,
register_condorpool_0_0_pegasus-plan_ID0000020,None,auxiliary,0,1677202755.0,,,1677202760.0,,,0.0,1677202760.0,1677202765.0,,,0.0,1677202765.0,1677202770.0,5.0,,0.0,5.0,5.0,,,,,poseidon,local,host-10-100-100-12.openstacklocal,pegasus::rc-client,/home/poseidon/pegasus-5.1.0panorama/bin/pegasus-rc-client,"-n pegasus::rc-client -N null -R local  -L xgboost_hp_tuning_group_2 -T 2023-02-24T01:23:11+00:00 /home/poseidon/pegasus-5.1.0panorama/bin/pegasus-rc-client --prefix pegasus.catalog.replica.output --conf /home/poseidon/workflows/predict-future-sales-workflow/submit/poseidon/pegasus/predict-future-sales/run0134/00/00/./xgboost_hp_tuning_group_2.000/pegasus.6519435882736079040.properties -v --meta /home/poseidon/workflows/predict-future-sales-workflow/submit/poseidon/pegasus/predict-future-sales/run0134/00/00/./xgboost_hp_tuning_group_2.000/00/00/xgboost_hp_tuning_ID0000018.meta,/home/poseidon/workflows/predict-future-sales-workflow/submit/poseidon/pegasus/predict-future-sales/run0134/00/00/./xgboost_hp_tuning_group_2.000/00/00/xgboost_hp_tuning_ID0000002.meta,/home/poseidon/workflows/predict-future-sales-workflow/submit/poseidon/pegasus/predict-future-sales/run0134/00/00/./xgboost_hp_tuning_group_2.000/00/00/xgboost_hp_tuning_ID0000005.meta,/home/poseidon/workflows/predict-future-sales-workflow/submit/poseidon/pegasus/predict-future-sales/run0134/00/00/./xgboost_hp_tuning_group_2.000/00/00/xgboost_hp_tuning_ID0000009.meta,/home/poseidon/workflows/predict-future-sales-workflow/submit/poseidon/pegasus/predict-future-sales/run0134/00/00/./xgboost_hp_tuning_group_2.000/00/00/xgboost_hp_tuning_ID0000015.meta,/home/poseidon/workflows/predict-future-sales-workflow/submit/poseidon/pegasus/predict-future-sales/run0134/00/00/./xgboost_hp_tuning_group_2.000/00/00/xgboost_hp_tuning_ID0000012.meta,/home/poseidon/workflows/predict-future-sales-workflow/submit/poseidon/pegasus/predict-future-sales/run0134/00/00/./xgboost_hp_tuning_group_2.000/00/00/xgboost_hp_tuning_ID0000010.meta,/home/poseidon/workflows/predict-future-sales-workflow/submit/poseidon/pegasus/predict-future-sales/run0134/00/00/./xgboost_hp_tuning_group_2.000/00/00/xgboost_hp_tuning_ID0000008.meta --insert /home/poseidon/workflows/predict-future-sales-workflow/submit/poseidon/pegasus/predict-future-sales/run0134/00/00/./xgboost_hp_tuning_group_2.000/00/00/register_condorpool_0_0.in",3.0,0,0,,,,,,,,,
register_condorpool_0_1_pegasus-plan_ID0000020,None,auxiliary,0,1677202765.0,,,1677202770.0,,,0.0,1677202770.0,1677202775.0,,,0.0,1677202775.0,1677202780.0,5.0,,0.0,5.0,5.0,,,,,poseidon,local,host-10-100-100-12.openstacklocal,pegasus::rc-client,/home/poseidon/pegasus-5.1.0panorama/bin/pegasus-rc-client,"-n pegasus::rc-client -N null -R local  -L xgboost_hp_tuning_group_2 -T 2023-02-24T01:23:11+00:00 /home/poseidon/pegasus-5.1.0panorama/bin/pegasus-rc-client --prefix pegasus.catalog.replica.output --conf /home/poseidon/workflows/predict-future-sales-workflow/submit/poseidon/pegasus/predict-future-sales/run0134/00/00/./xgboost_hp_tuning_group_2.000/pegasus.6519435882736079040.properties -v --meta /home/poseidon/workflows/predict-future-sales-workflow/submit/poseidon/pegasus/predict-future-sales/run0134/00/00/./xgboost_hp_tuning_group_2.000/00/00/xgboost_hp_tuning_ID0000013.meta,/home/poseidon/workflows/predict-future-sales-workflow/submit/poseidon/pegasus/predict-future-sales/run0134/00/00/./xgboost_hp_tuning_group_2.000/00/00/xgboost_hp_tuning_ID0000023.meta,/home/poseidon/workflows/predict-future-sales-workflow/submit/poseidon/pegasus/predict-future-sales/run0134/00/00/./xgboost_hp_tuning_group_2.000/00/00/xgboost_hp_tuning_ID0000011.meta,/home/poseidon/workflows/predict-future-sales-workflow/submit/poseidon/pegasus/predict-future-sales/run0134/00/00/./xgboost_hp_tuning_group_2.000/00/00/xgboost_hp_tuning_ID0000006.meta,/home/poseidon/workflows/predict-future-sales-workflow/submit/poseidon/pegasus/predict-future-sales/run0134/00/00/./xgboost_hp_tuning_group_2.000/00/00/xgboost_hp_tuning_ID0000003.meta,/home/poseidon/workflows/predict-future-sales-workflow/submit/poseidon/pegasus/predict-future-sales/run0134/00/00/./xgboost_hp_tuning_group_2.000/00/00/xgboost_hp_tuning_ID0000021.meta,/home/poseidon/workflows/predict-future-sales-workflow/submit/poseidon/pegasus/predict-future-sales/run0134/00/00/./xgboost_hp_tuning_group_2.000/00/00/xgboost_hp_tuning_ID0000019.meta,/home/poseidon/workflows/predict-future-sales-workflow/submit/poseidon/pegasus/predict-future-sales/run0134/00/00/./xgboost_hp_tuning_group_2.000/00/00/xgboost_hp_tuning_ID0000016.meta --insert /home/poseidon/workflows/predict-future-sales-workflow/submit/poseidon/pegasus/predict-future-sales/run0134/00/00/./xgboost_hp_tuning_group_2.000/00/00/register_condorpool_0_1.in",3.0,0,0,,,,,,,,,
register_condorpool_0_2_pegasus-plan_ID0000020,None,auxiliary,0,1677202770.0,,,1677202780.0,,,0.0,1677202780.0,1677202785.0,,,0.0,1677202785.0,1677202790.0,10.0,,0.0,5.0,5.0,,,,,poseidon,local,host-10-100-100-12.openstacklocal,pegasus::rc-client,/home/poseidon/pegasus-5.1.0panorama/bin/pegasus-rc-client,"-n pegasus::rc-client -N null -R local  -L xgboost_hp_tuning_group_2 -T 2023-02-24T01:23:11+00:00 /home/poseidon/pegasus-5.1.0panorama/bin/pegasus-rc-client --prefix pegasus.catalog.replica.output --conf /home/poseidon/workflows/predict-future-sales-workflow/submit/poseidon/pegasus/predict-future-sales/run0134/00/00/./xgboost_hp_tuning_group_2.000/pegasus.6519435882736079040.properties -v --meta /home/poseidon/workflows/predict-future-sales-workflow/submit/poseidon/pegasus/predict-future-sales/run0134/00/00/./xgboost_hp_tuning_group_2.000/00/00/xgboost_hp_tuning_ID0000017.meta,/home/poseidon/workflows/predict-future-sales-workflow/submit/poseidon/pegasus/predict-future-sales/run0134/00/00/./xgboost_hp_tuning_group_2.000/00/00/xgboost_hp_tuning_ID0000022.meta,/home/poseidon/workflows/predict-future-sales-workflow/submit/poseidon/pegasus/predict-future-sales/run0134/00/00/./xgboost_hp_tuning_group_2.000/00/00/xgboost_hp_tuning_ID0000007.meta,/home/poseidon/workflows/predict-future-sales-workflow/submit/poseidon/pegasus/predict-future-sales/run0134/00/00/./xgboost_hp_tuning_group_2.000/00/00/xgboost_hp_tuning_ID0000020.meta,/home/poseidon/workflows/predict-future-sales-workflow/submit/poseidon/pegasus/predict-future-sales/run0134/00/00/./xgboost_hp_tuning_group_2.000/00/00/xgboost_hp_tuning_ID0000001.meta,/home/poseidon/workflows/predict-future-sales-workflow/submit/poseidon/pegasus/predict-future-sales/run0134/00/00/./xgboost_hp_tuning_group_2.000/00/00/xgboost_hp_tuning_ID0000004.meta,/home/poseidon/workflows/predict-future-sales-workflow/submit/poseidon/pegasus/predict-future-sales/run0134/00/00/./xgboost_hp_tuning_group_2.000/00/00/xgboost_hp_tuning_ID0000014.meta --insert /home/poseidon/workflows/predict-future-sales-workflow/submit/poseidon/pegasus/predict-future-sales/run0134/00/00/./xgboost_hp_tuning_group_2.000/00/00/register_condorpool_0_2.in",3.0,0,0,,,,,,,,,
stage_out_local_condorpool_1_0_pegasus-plan_ID0000020,None,transfer,0,1677202800.0,,,1677202805.0,,,0.0,1677202805.0,1677202815.0,1677202805.0,1677202809.0,1218.0,1677202815.0,1677202820.0,5.0,,0.0,10.0,5.0,,,4.0,5300.0,poseidon,local,host-10-100-100-12.openstacklocal,pegasus::transfer,/home/poseidon/pegasus-5.1.0panorama/bin/pegasus-transfer,/home/poseidon/pegasus-5.1.0panorama/bin/../bin/pegasus-kickstart  -n pegasus::transfer -N null -i - -R local  -L xgboost_hp_tuning_group_2 -T 2023-02-24T01:23:11+00:00 /home/poseidon/pegasus-5.1.0panorama/bin/../bin/pegasus-transfer  --threads 2,0.7,0,0,,,,,,,,,
register_condorpool_1_0_pegasus-plan_ID0000020,None,auxiliary,0,1677202820.0,,,1677202825.0,,,0.0,1677202825.0,1677202830.0,,,0.0,1677202830.0,1677202835.0,5.0,,0.0,5.0,5.0,,,,,poseidon,local,host-10-100-100-12.openstacklocal,pegasus::rc-client,/home/poseidon/pegasus-5.1.0panorama/bin/pegasus-rc-client,-n pegasus::rc-client -N null -R local  -L xgboost_hp_tuning_group_2 -T 2023-02-24T01:23:11+00:00 /home/poseidon/pegasus-5.1.0panorama/bin/pegasus-rc-client --prefix pegasus.catalog.replica.output --conf /home/poseidon/workflows/predict-future-sales-workflow/submit/poseidon/pegasus/predict-future-sales/run0134/00/00/./xgboost_hp_tuning_group_2.000/pegasus.6519435882736079040.properties -v --meta /home/poseidon/workflows/predict-future-sales-workflow/submit/poseidon/pegasus/predict-future-sales/run0134/00/00/./xgboost_hp_tuning_group_2.000/00/00/xgboost_best_params_ID0000024.meta --insert /home/poseidon/workflows/predict-future-sales-workflow/submit/poseidon/pegasus/predict-future-sales/run0134/00/00/./xgboost_hp_tuning_group_2.000/00/00/register_condorpool_1_0.in,3.1,0,0,,,,,,,,,
xgboost_model_ID0000021,None,compute,0,1677202840.0,,,1677202845.0,1677202808.0,1677202839.0,75107826.7,1677202850.0,1677203025.0,1677202971.0,1677202975.0,1217706.0,1677203025.0,1677203030.0,5.0,,5.0,175.0,5.0,31.0,1691152081.0,4.0,5455051.0,poseidon,condorpool,poseidon-worker-2-container-24-31,xgboost_model,/srv/xgboost_model,,755.3,0,0,0.1,1348838691.0,24449.0,5358.0,8.0,729.1,12.3,11240322.4,2444.9
stage_out_local_local_5_0,None,transfer,0,1677202840.0,,,1677202845.0,,,0.0,1677202845.0,1677202855.0,1677202845.0,1677202849.0,789.0,1677202855.0,1677202860.0,5.0,,0.0,10.0,5.0,,,4.0,3183.0,poseidon,local,host-10-100-100-12.openstacklocal,pegasus::transfer,/home/poseidon/pegasus-5.1.0panorama/bin/pegasus-transfer,pegasus-kickstart  -n pegasus::transfer -N null -i - -R local  -L predict-future-sales -T 2023-02-17T19:59:06+00:00 pegasus-transfer  --threads 2,0.3,0,0,,,,,,,,,
cleanup_predict-future-sales_0_local,None,auxiliary,0,1677202860.0,,,1677202865.0,,,0.0,1677202865.0,1677202875.0,,,0.0,1677202875.0,1677202880.0,5.0,,0.0,10.0,5.0,,,,,poseidon,local,host-10-100-100-12.openstacklocal,pegasus::cleanup,/home/poseidon/pegasus-5.1.0panorama/bin/pegasus-transfer,pegasus-kickstart  -n pegasus::cleanup -N null -i - -R local  -L predict-future-sales -T 2023-02-17T19:59:06+00:00 pegasus-transfer,0.3,0,0,,,,,,,,,
stage_out_local_condorpool_6_0,None,transfer,0,1677203030.0,,,1677203035.0,,,0.0,1677203035.0,1677203045.0,1677203036.0,1677203040.0,1721092.0,1677203045.0,1677203050.0,5.0,,0.0,10.0,5.0,,,4.0,6939509.0,poseidon,local,host-10-100-100-12.openstacklocal,pegasus::transfer,/home/poseidon/pegasus-5.1.0panorama/bin/pegasus-transfer,pegasus-kickstart  -n pegasus::transfer -N null -i - -R local  -L predict-future-sales -T 2023-02-17T19:59:06+00:00 pegasus-transfer  --threads 2,0.9,0,0,,,,,,,,,
model_predict_ID0000022,None,compute,0,1677203030.0,,,1677203035.0,1677202994.0,1677203011.0,43307907.3,1677203037.0,1677203075.0,1677203020.0,1677203024.0,1257684.0,1677203075.0,1677203080.0,5.0,,2.0,38.0,5.0,17.0,400459680.0,4.0,5523764.0,poseidon,condorpool,poseidon-worker-2-container-24-31,model_predict,/srv/model_predict,,3.9,0,0,,,,,,,,,
stage_out_local_condorpool_7_0,None,transfer,0,1677203080.0,,,1677203085.0,,,0.0,1677203085.0,1677203095.0,1677203085.0,1677203089.0,1486950.0,1677203095.0,1677203100.0,5.0,,0.0,10.0,5.0,,,4.0,6000012.0,poseidon,local,host-10-100-100-12.openstacklocal,pegasus::transfer,/home/poseidon/pegasus-5.1.0panorama/bin/pegasus-transfer,pegasus-kickstart  -n pegasus::transfer -N null -i - -R local  -L predict-future-sales -T 2023-02-17T19:59:06+00:00 pegasus-transfer  --threads 2,0.6,0,0,,,,,,,,,
predict_merge_ID0000023,None,compute,0,1677203080.0,,,1677203085.0,1677203044.0,1677203062.0,40798484.7,1677203086.0,1677203125.0,1677203069.0,1677203074.0,857909.0,1677203125.0,1677203130.0,5.0,,1.0,39.0,5.0,18.0,377176763.0,5.0,3744092.0,poseidon,condorpool,poseidon-worker-2-container-24-31,predict_merge,/srv/predict_merge,,1.3,0,0,,,,,,,,,
stage_out_local_condorpool_8_0,None,transfer,0,1677203130.0,,,1677203135.0,,,0.0,1677203135.0,1677203145.0,1677203136.0,1677203138.0,1726811.0,1677203145.0,1677203150.0,5.0,,0.0,10.0,5.0,,,2.0,3744092.0,poseidon,local,host-10-100-100-12.openstacklocal,pegasus::transfer,/home/poseidon/pegasus-5.1.0panorama/bin/pegasus-transfer,pegasus-kickstart  -n pegasus::transfer -N null -i - -R local  -L predict-future-sales -T 2023-02-17T19:59:06+00:00 pegasus-transfer  --threads 2,0.4,0,0,,,,,,,,,
cleanup_predict-future-sales_0_condorpool,None,auxiliary,0,1677203150.0,,,1677203156.0,,,0.0,1677203156.0,1677203166.0,,,0.0,1677203166.0,1677203171.0,6.0,,0.0,10.0,5.0,,,,,poseidon,local,host-10-100-100-12.openstacklocal,pegasus::cleanup,/home/poseidon/pegasus-5.1.0panorama/bin/pegasus-transfer,pegasus-kickstart  -n pegasus::cleanup -N null -i - -R local  -L predict-future-sales -T 2023-02-17T19:59:06+00:00 pegasus-transfer,0.3,0,0,,,,,,,,,
