,anomaly_type,type,is_clustered,ready,pre_script_start,pre_script_end,submit,stage_in_start,stage_in_end,stage_in_effective_bytes_per_sec,execute_start,execute_end,stage_out_start,stage_out_end,stage_out_effective_bytes_per_sec,post_script_start,post_script_end,wms_delay,pre_script_delay,queue_delay,runtime,post_script_delay,stage_in_delay,stage_in_bytes,stage_out_delay,stage_out_bytes,kickstart_user,kickstart_site,kickstart_hostname,kickstart_transformations,kickstart_executables,kickstart_executables_argv,kickstart_executables_cpu_time,kickstart_status,kickstart_executables_exitcode,kickstart_online_iowait,kickstart_online_bytes_read,kickstart_online_bytes_written,kickstart_online_read_system_calls,kickstart_online_write_system_calls,kickstart_online_utime,kickstart_online_stime,kickstart_online_bytes_read_per_second,kickstart_online_bytes_written_per_second
create_dir_predict-future-sales_0_local,None,auxiliary,0,1677374390.0,,,1677374391.0,,,0.0,1677374395.0,1677374401.0,,,0.0,1677374401.0,1677374406.0,1.0,,4.0,6.0,5.0,,,,,poseidon,local,host-10-100-100-12.openstacklocal,pegasus::dirmanager,/home/poseidon/pegasus-5.1.0panorama/bin/pegasus-transfer,pegasus-kickstart  -n pegasus::dirmanager -N null -i - -R local  -L predict-future-sales -T 2023-02-17T19:59:06+00:00 pegasus-transfer,0.3,0,0,,,,,,,,,
create_dir_predict-future-sales_0_condorpool,None,auxiliary,0,1677374390.0,,,1677374391.0,,,0.0,1677374395.0,1677374401.0,,,0.0,1677374401.0,1677374406.0,1.0,,4.0,6.0,5.0,,,,,poseidon,local,host-10-100-100-12.openstacklocal,pegasus::dirmanager,/home/poseidon/pegasus-5.1.0panorama/bin/pegasus-transfer,pegasus-kickstart  -n pegasus::dirmanager -N null -i - -R local  -L predict-future-sales -T 2023-02-17T19:59:06+00:00 pegasus-transfer,0.3,0,0,,,,,,,,,
stage_in_local_local_4_0,None,transfer,0,1677374406.0,,,1677374411.0,1677374412.0,1677374414.0,5854.0,1677374411.0,1677374421.0,,,0.0,1677374421.0,1677374426.0,5.0,,0.0,10.0,5.0,2.0,12577.0,,,poseidon,local,host-10-100-100-12.openstacklocal,pegasus::transfer,/home/poseidon/pegasus-5.1.0panorama/bin/pegasus-transfer,pegasus-kickstart  -n pegasus::transfer -N null -i - -R local  -L predict-future-sales -T 2023-02-17T19:59:06+00:00 pegasus-transfer  --threads 2,0.4,0,0,,,,,,,,,
stage_in_local_condorpool_8_0,None,transfer,0,1677374406.0,,,1677374411.0,1677374412.0,1677374415.0,673.0,1677374411.0,1677374421.0,,,0.0,1677374421.0,1677374426.0,5.0,,0.0,10.0,5.0,3.0,2368.0,,,poseidon,local,host-10-100-100-12.openstacklocal,pegasus::transfer,/home/poseidon/pegasus-5.1.0panorama/bin/pegasus-transfer,pegasus-kickstart  -n pegasus::transfer -N null -i - -R local  -L predict-future-sales -T 2023-02-17T19:59:06+00:00 pegasus-transfer  --threads 2,0.5,0,0,,,,,,,,,
stage_in_local_condorpool_3_0,None,transfer,0,1677374406.0,,,1677374411.0,1677374412.0,1677374416.0,2912.0,1677374411.0,1677374421.0,,,0.0,1677374421.0,1677374426.0,5.0,,0.0,10.0,5.0,4.0,12704.0,,,poseidon,local,host-10-100-100-12.openstacklocal,pegasus::transfer,/home/poseidon/pegasus-5.1.0panorama/bin/pegasus-transfer,pegasus-kickstart  -n pegasus::transfer -N null -i - -R local  -L predict-future-sales -T 2023-02-17T19:59:06+00:00 pegasus-transfer  --threads 2,0.6,0,0,,,,,,,,,
stage_in_local_condorpool_2_0,None,transfer,0,1677374406.0,,,1677374411.0,1677374412.0,1677374417.0,9791.0,1677374411.0,1677374426.0,,,0.0,1677374426.0,1677374431.0,5.0,,0.0,15.0,5.0,5.0,55480.0,,,poseidon,local,host-10-100-100-12.openstacklocal,pegasus::transfer,/home/poseidon/pegasus-5.1.0panorama/bin/pegasus-transfer,pegasus-kickstart  -n pegasus::transfer -N null -i - -R local  -L predict-future-sales -T 2023-02-17T19:59:06+00:00 pegasus-transfer  --threads 2,1.1,0,0,,,,,,,,,
stage_in_local_condorpool_1_0,None,transfer,0,1677374406.0,,,1677374411.0,1677374412.0,1677374416.0,3651.0,1677374411.0,1677374421.0,,,0.0,1677374421.0,1677374426.0,5.0,,0.0,10.0,5.0,4.0,15640.0,,,poseidon,local,host-10-100-100-12.openstacklocal,pegasus::transfer,/home/poseidon/pegasus-5.1.0panorama/bin/pegasus-transfer,pegasus-kickstart  -n pegasus::transfer -N null -i - -R local  -L predict-future-sales -T 2023-02-17T19:59:06+00:00 pegasus-transfer  --threads 2,0.6,0,0,,,,,,,,,
stage_in_local_condorpool_0_0,None,transfer,0,1677374406.0,,,1677374411.0,1677374412.0,1677374422.0,95966762.0,1677374411.0,1677374431.0,,,0.0,1677374431.0,1677374436.0,5.0,,0.0,20.0,5.0,10.0,936801734.0,,,poseidon,local,host-10-100-100-12.openstacklocal,pegasus::transfer,/home/poseidon/pegasus-5.1.0panorama/bin/pegasus-transfer,pegasus-kickstart  -n pegasus::transfer -N null -i - -R local  -L predict-future-sales -T 2023-02-17T19:59:06+00:00 pegasus-transfer  --threads 2,5.7,0,0,,,,,,,,,
stage_in_local_condorpool_7_0,None,transfer,0,1677374406.0,,,1677374411.0,1677374412.0,1677374415.0,994.0,1677374411.0,1677374421.0,,,0.0,1677374421.0,1677374426.0,5.0,,0.0,10.0,5.0,3.0,3488.0,,,poseidon,local,host-10-100-100-12.openstacklocal,pegasus::transfer,/home/poseidon/pegasus-5.1.0panorama/bin/pegasus-transfer,pegasus-kickstart  -n pegasus::transfer -N null -i - -R local  -L predict-future-sales -T 2023-02-17T19:59:06+00:00 pegasus-transfer  --threads 2,0.5,0,0,,,,,,,,,
stage_in_local_condorpool_6_0,None,transfer,0,1677374406.0,,,1677374411.0,1677374412.0,1677374415.0,2236.0,1677374411.0,1677374421.0,,,0.0,1677374421.0,1677374426.0,5.0,,0.0,10.0,5.0,3.0,7870.0,,,poseidon,local,host-10-100-100-12.openstacklocal,pegasus::transfer,/home/poseidon/pegasus-5.1.0panorama/bin/pegasus-transfer,pegasus-kickstart  -n pegasus::transfer -N null -i - -R local  -L predict-future-sales -T 2023-02-17T19:59:06+00:00 pegasus-transfer  --threads 2,0.5,0,0,,,,,,,,,
preprocess_ID0000003,cpu_2,compute,0,1677374436.0,,,1677374441.0,1677374398.0,1677374417.0,45559510.4,1677374442.0,1677374491.0,1677374428.0,1677374435.0,23161098.0,1677374491.0,1677374496.0,5.0,,1.0,49.0,5.0,19.0,467356066.0,7.0,160257914.0,poseidon,condorpool,poseidon-worker-1-container-40-47,preprocess,/srv/preprocess,,4.3,0,0,,,,,,,,,
nlp_ID0000002,cpu_2,compute,0,1677374436.0,,,1677374441.0,1677374397.0,1677374414.0,44982553.0,1677374442.0,1677374891.0,1677374829.0,1677374834.0,604943.0,1677374891.0,1677374896.0,5.0,,1.0,449.0,5.0,17.0,369033604.0,5.0,2755872.0,poseidon,condorpool,poseidon-worker-3-container-0-7,nlp,/srv/nlp,,1884.3,0,0,0.0,21463197.0,8791.0,3313.0,5.0,1840.0,4.2,53658.0,879.1
eda_ID0000001,cpu_2,compute,0,1677374436.0,,,1677374441.0,1677374398.0,1677374415.0,48076948.7,1677374442.0,1677374516.0,1677374455.0,1677374460.0,273640.0,1677374516.0,1677374521.0,5.0,,1.0,74.0,5.0,17.0,464177772.0,5.0,1194148.0,poseidon,condorpool,poseidon-worker-1-container-0-7,eda,/srv/eda,,33.4,0,0,0.1,144954775.0,874842.0,27583.0,42.0,28.1,1.8,4831825.8,29161.4
feature_eng_1_ID0000005,cpu_2,compute,0,1677374496.0,,,1677374501.0,1677374468.0,1677374487.0,49246426.4,1677374513.0,1677374576.0,1677374511.0,1677374521.0,38690479.0,1677374576.0,1677374581.0,5.0,,12.0,63.0,5.0,19.0,528250191.0,10.0,393324463.0,poseidon,condorpool,poseidon-worker-1-container-0-7,feature_eng_1,/srv/feature_eng_1,,15.8,0,0,0.0,169610157.0,8.0,1723.0,1.0,8.0,2.0,16961015.7,0.8
feature_eng_0_ID0000004,cpu_2,compute,0,1677374496.0,,,1677374501.0,1677374458.0,1677374474.0,44929416.8,1677374503.0,1677374546.0,1677374485.0,1677374490.0,198707.0,1677374546.0,1677374551.0,5.0,,2.0,43.0,5.0,16.0,369949088.0,5.0,893320.0,poseidon,condorpool,poseidon-worker-1-container-40-47,feature_eng_0,/srv/feature_eng_0,,4.9,0,0,,,,,,,,,
feature_eng_5_ID0000009,cpu_2,compute,0,1677374581.0,,,1677374586.0,1677374543.0,1677374567.0,51683073.9,1677374587.0,1677374866.0,1677374797.0,1677374811.0,46866078.0,1677374866.0,1677374871.0,5.0,,1.0,279.0,5.0,24.0,856820455.0,14.0,655540227.0,poseidon,condorpool,poseidon-worker-1-container-40-47,feature_eng_5,/srv/feature_eng_5,,219.9,0,0,0.0,498287228.0,8.0,2002.0,1.0,191.6,18.4,2372796.3,0.8
stage_out_local_condorpool_1_0,None,transfer,0,1677374581.0,,,1677374586.0,,,0.0,1677374586.0,1677374596.0,1677374586.0,1677374590.0,94333663.0,1677374596.0,1677374601.0,5.0,,0.0,10.0,5.0,,,4.0,394217783.0,poseidon,local,host-10-100-100-12.openstacklocal,pegasus::transfer,/home/poseidon/pegasus-5.1.0panorama/bin/pegasus-transfer,pegasus-kickstart  -n pegasus::transfer -N null -i - -R local  -L predict-future-sales -T 2023-02-17T19:59:06+00:00 pegasus-transfer  --threads 2,2.1,0,0,,,,,,,,,
feature_eng_3_ID0000007,cpu_2,compute,0,1677374581.0,,,1677374586.0,1677374543.0,1677374565.0,50856723.4,1677374587.0,1677374766.0,1677374688.0,1677374709.0,53959591.0,1677374766.0,1677374771.0,5.0,,1.0,179.0,5.0,22.0,762217561.0,21.0,1179971921.0,poseidon,condorpool,poseidon-worker-1-container-0-7,feature_eng_3,/srv/feature_eng_3,,109.8,0,0,0.0,403641776.0,8.0,1471.0,1.0,68.8,31.1,4036417.8,0.8
feature_eng_4_ID0000008,cpu_2,compute,0,1677374581.0,,,1677374586.0,1677374558.0,1677374582.0,50937804.6,1677374602.0,1677374721.0,1677374645.0,1677374668.0,54080585.0,1677374721.0,1677374726.0,5.0,,16.0,119.0,5.0,24.0,761328752.0,23.0,1201824259.0,poseidon,condorpool,poseidon-worker-1-container-40-47,feature_eng_4,/srv/feature_eng_4,,50.7,0,0,0.0,402742423.0,218513623.0,1406.0,8.0,36.7,13.2,8054848.5,10925681.2
feature_eng_2_ID0000006,cpu_2,compute,0,1677374581.0,,,1677374586.0,1677374558.0,1677374582.0,51322377.9,1677374603.0,1677374966.0,1677374880.0,1677374910.0,57752267.0,1677374966.0,1677374971.0,5.0,,17.0,363.0,5.0,24.0,761320658.0,30.0,1748107178.0,poseidon,condorpool,poseidon-worker-1-container-0-7,feature_eng_2,/srv/feature_eng_2,,283.0,0,0,0.0,402815988.0,8.0,1744.0,1.0,212.7,67.3,1438628.5,0.8
register_condorpool_1_0,None,auxiliary,0,1677374601.0,,,1677374606.0,,,0.0,1677374607.0,1677374611.0,,,0.0,1677374611.0,1677374616.0,5.0,,1.0,4.0,5.0,,,,,poseidon,local,host-10-100-100-12.openstacklocal,pegasus::rc-client,/home/poseidon/pegasus-5.1.0panorama/bin/pegasus-rc-client,"pegasus-kickstart  -n pegasus::rc-client -N null -R local  -L predict-future-sales -T 2023-02-17T19:59:06+00:00 /home/poseidon/pegasus-5.1.0panorama/bin/pegasus-rc-client --prefix pegasus.catalog.replica.output --conf /home/poseidon/workflows/predict-future-sales-workflow/submit/poseidon/pegasus/predict-future-sales/run0206/pegasus.13237354121484207711.properties -v --meta /home/poseidon/workflows/predict-future-sales-workflow/submit/poseidon/pegasus/predict-future-sales/run0206/00/00/feature_eng_1_ID0000005.meta,/home/poseidon/workflows/predict-future-sales-workflow/submit/poseidon/pegasus/predict-future-sales/run0206/00/00/feature_eng_0_ID0000004.meta --insert /home/poseidon/workflows/predict-future-sales-workflow/submit/poseidon/pegasus/predict-future-sales/run0206/00/00/register_condorpool_1_0.in",3.0,0,0,,,,,,,,,
stage_out_local_condorpool_0_0,None,transfer,0,1677374896.0,,,1677374901.0,,,0.0,1677374902.0,1677374911.0,1677374902.0,1677374906.0,40727498.0,1677374911.0,1677374916.0,5.0,,1.0,9.0,5.0,,,4.0,164207934.0,poseidon,local,host-10-100-100-12.openstacklocal,pegasus::transfer,/home/poseidon/pegasus-5.1.0panorama/bin/pegasus-transfer,pegasus-kickstart  -n pegasus::transfer -N null -i - -R local  -L predict-future-sales -T 2023-02-17T19:59:06+00:00 pegasus-transfer  --threads 2,2.0,0,0,,,,,,,,,
register_condorpool_0_0,None,auxiliary,0,1677374916.0,,,1677374921.0,,,0.0,1677374921.0,1677374926.0,,,0.0,1677374926.0,1677374931.0,5.0,,0.0,5.0,5.0,,,,,poseidon,local,host-10-100-100-12.openstacklocal,pegasus::rc-client,/home/poseidon/pegasus-5.1.0panorama/bin/pegasus-rc-client,"pegasus-kickstart  -n pegasus::rc-client -N null -R local  -L predict-future-sales -T 2023-02-17T19:59:06+00:00 /home/poseidon/pegasus-5.1.0panorama/bin/pegasus-rc-client --prefix pegasus.catalog.replica.output --conf /home/poseidon/workflows/predict-future-sales-workflow/submit/poseidon/pegasus/predict-future-sales/run0206/pegasus.13237354121484207711.properties -v --meta /home/poseidon/workflows/predict-future-sales-workflow/submit/poseidon/pegasus/predict-future-sales/run0206/00/00/nlp_ID0000002.meta,/home/poseidon/workflows/predict-future-sales-workflow/submit/poseidon/pegasus/predict-future-sales/run0206/00/00/eda_ID0000001.meta,/home/poseidon/workflows/predict-future-sales-workflow/submit/poseidon/pegasus/predict-future-sales/run0206/00/00/preprocess_ID0000003.meta --insert /home/poseidon/workflows/predict-future-sales-workflow/submit/poseidon/pegasus/predict-future-sales/run0206/00/00/register_condorpool_0_0.in",3.0,0,0,,,,,,,,,
stage_out_local_condorpool_2_0,None,transfer,0,1677374971.0,,,1677374976.0,,,0.0,1677374976.0,1677375006.0,1677374977.0,1677374997.0,229196711.0,1677375006.0,1677375011.0,5.0,,0.0,30.0,5.0,,,20.0,4785443585.0,poseidon,local,host-10-100-100-12.openstacklocal,pegasus::transfer,/home/poseidon/pegasus-5.1.0panorama/bin/pegasus-transfer,pegasus-kickstart  -n pegasus::transfer -N null -i - -R local  -L predict-future-sales -T 2023-02-17T19:59:06+00:00 pegasus-transfer  --threads 2,21.5,0,0,,,,,,,,,
feature_merge_ID0000010,cpu_2,compute,0,1677374971.0,,,1677374976.0,1677374933.0,1677375002.0,85952846.7,1677374978.0,1677375196.0,1677375092.0,1677375141.0,60858356.0,1677375196.0,1677375201.0,5.0,,2.0,218.0,5.0,69.0,5155397110.0,49.0,2993643458.0,poseidon,condorpool,poseidon-worker-1-container-0-7,feature_merge,/srv/feature_merge,,61.0,0,0,0.0,4796861567.0,1912001788.0,1454.0,81.0,38.4,21.6,79947692.8,95600089.4
register_condorpool_2_0,None,auxiliary,0,1677375011.0,,,1677375016.0,,,0.0,1677375017.0,1677375021.0,,,0.0,1677375021.0,1677375026.0,5.0,,1.0,4.0,5.0,,,,,poseidon,local,host-10-100-100-12.openstacklocal,pegasus::rc-client,/home/poseidon/pegasus-5.1.0panorama/bin/pegasus-rc-client,"pegasus-kickstart  -n pegasus::rc-client -N null -R local  -L predict-future-sales -T 2023-02-17T19:59:06+00:00 /home/poseidon/pegasus-5.1.0panorama/bin/pegasus-rc-client --prefix pegasus.catalog.replica.output --conf /home/poseidon/workflows/predict-future-sales-workflow/submit/poseidon/pegasus/predict-future-sales/run0206/pegasus.13237354121484207711.properties -v --meta /home/poseidon/workflows/predict-future-sales-workflow/submit/poseidon/pegasus/predict-future-sales/run0206/00/00/feature_eng_5_ID0000009.meta,/home/poseidon/workflows/predict-future-sales-workflow/submit/poseidon/pegasus/predict-future-sales/run0206/00/00/feature_eng_2_ID0000006.meta,/home/poseidon/workflows/predict-future-sales-workflow/submit/poseidon/pegasus/predict-future-sales/run0206/00/00/feature_eng_3_ID0000007.meta,/home/poseidon/workflows/predict-future-sales-workflow/submit/poseidon/pegasus/predict-future-sales/run0206/00/00/feature_eng_4_ID0000008.meta --insert /home/poseidon/workflows/predict-future-sales-workflow/submit/poseidon/pegasus/predict-future-sales/run0206/00/00/register_condorpool_2_0.in",3.0,0,0,,,,,,,,,
stage_inter_local_xgboost_hp_tuning_workflow_ID0000015_0,None,transfer,0,1677375201.0,,,1677375206.0,1677375207.0,1677375209.0,400.0,1677375206.0,1677375216.0,,,0.0,1677375216.0,1677375221.0,5.0,,0.0,10.0,5.0,2.0,826.0,,,poseidon,local,host-10-100-100-12.openstacklocal,pegasus::transfer,/home/poseidon/pegasus-5.1.0panorama/bin/pegasus-transfer,pegasus-kickstart  -n pegasus::transfer -N null -i - -R local  -L predict-future-sales -T 2023-02-17T19:59:06+00:00 pegasus-transfer  --threads 2,0.3,0,0,,,,,,,,,
stage_inter_local_xgboost_model_ID0000021_0,None,transfer,0,1677375201.0,,,1677375206.0,1677375207.0,1677375244.0,70432932.0,1677375206.0,1677375251.0,,,0.0,1677375251.0,1677375256.0,5.0,,0.0,45.0,5.0,37.0,2646308508.0,,,poseidon,local,host-10-100-100-12.openstacklocal,pegasus::transfer,/home/poseidon/pegasus-5.1.0panorama/bin/pegasus-transfer,pegasus-kickstart  -n pegasus::transfer -N null -i - -R local  -L predict-future-sales -T 2023-02-17T19:59:06+00:00 pegasus-transfer  --threads 2,9.5,0,0,,,,,,,,,
stage_inter_local_model_predict_ID0000022_0,None,transfer,0,1677375201.0,,,1677375206.0,1677375207.0,1677375210.0,14685796.0,1677375206.0,1677375216.0,,,0.0,1677375216.0,1677375221.0,5.0,,0.0,10.0,5.0,3.0,54050130.0,,,poseidon,local,host-10-100-100-12.openstacklocal,pegasus::transfer,/home/poseidon/pegasus-5.1.0panorama/bin/pegasus-transfer,pegasus-kickstart  -n pegasus::transfer -N null -i - -R local  -L predict-future-sales -T 2023-02-17T19:59:06+00:00 pegasus-transfer  --threads 2,0.5,0,0,,,,,,,,,
stage_out_local_condorpool_3_0,None,transfer,0,1677375201.0,,,1677375206.0,,,0.0,1677375206.0,1677375236.0,1677375206.0,1677375230.0,129534517.0,1677375236.0,1677375241.0,5.0,,0.0,30.0,5.0,,,24.0,2993643458.0,poseidon,local,host-10-100-100-12.openstacklocal,pegasus::transfer,/home/poseidon/pegasus-5.1.0panorama/bin/pegasus-transfer,pegasus-kickstart  -n pegasus::transfer -N null -i - -R local  -L predict-future-sales -T 2023-02-17T19:59:06+00:00 pegasus-transfer  --threads 2,14.7,0,0,,,,,,,,,
stage_inter_local_xgboost_model_ID0000013_0,None,transfer,0,1677375201.0,,,1677375206.0,1677375207.0,1677375214.0,35937786.0,1677375206.0,1677375221.0,,,0.0,1677375221.0,1677375226.0,5.0,,0.0,15.0,5.0,7.0,269346726.0,,,poseidon,local,host-10-100-100-12.openstacklocal,pegasus::transfer,/home/poseidon/pegasus-5.1.0panorama/bin/pegasus-transfer,pegasus-kickstart  -n pegasus::transfer -N null -i - -R local  -L predict-future-sales -T 2023-02-17T19:59:06+00:00 pegasus-transfer  --threads 2,1.3,0,0,,,,,,,,,
stage_inter_local_model_predict_ID0000014_0,None,transfer,0,1677375201.0,,,1677375206.0,1677375207.0,1677375210.0,1276445.0,1677375206.0,1677375216.0,,,0.0,1677375216.0,1677375221.0,5.0,,0.0,10.0,5.0,3.0,4411696.0,,,poseidon,local,host-10-100-100-12.openstacklocal,pegasus::transfer,/home/poseidon/pegasus-5.1.0panorama/bin/pegasus-transfer,pegasus-kickstart  -n pegasus::transfer -N null -i - -R local  -L predict-future-sales -T 2023-02-17T19:59:06+00:00 pegasus-transfer  --threads 2,0.4,0,0,,,,,,,,,
xgboost_hp_tuning_workflow_ID0000015,None,compute,0,1677375221.0,,,1677375226.0,,,0.0,1677375226.0,1677375246.0,,,0.0,1677375246.0,1677375251.0,5.0,,0.0,20.0,5.0,,,,,poseidon,local,poseidon-submit.novalocal,xgboost_hp_tuning_workflow,/var/spool/condor/local_univ_execute/dir_3195075/xgboost_hp_tuning_workflow,/home/poseidon/workflows/predict-future-sales-workflow/submit/poseidon/pegasus/predict-future-sales/run0206/00/00/xgboost_hp_tuning_workflow_ID0000015.sh,0.1,0,0,,,,,,,,,
xgboost_hp_tuning_workflow_ID0000011,None,compute,0,1677375221.0,,,1677375226.0,,,0.0,1677375226.0,1677375241.0,,,0.0,1677375241.0,1677375246.0,5.0,,0.0,15.0,5.0,,,,,poseidon,local,poseidon-submit.novalocal,xgboost_hp_tuning_workflow,/var/spool/condor/local_univ_execute/dir_3195076/xgboost_hp_tuning_workflow,/home/poseidon/workflows/predict-future-sales-workflow/submit/poseidon/pegasus/predict-future-sales/run0206/00/00/xgboost_hp_tuning_workflow_ID0000011.sh,0.1,0,0,,,,,,,,,
xgboost_hp_tuning_workflow_ID0000019,None,compute,0,1677375221.0,,,1677375226.0,,,0.0,1677375226.0,1677375246.0,,,0.0,1677375246.0,1677375251.0,5.0,,0.0,20.0,5.0,,,,,poseidon,local,poseidon-submit.novalocal,xgboost_hp_tuning_workflow,/var/spool/condor/local_univ_execute/dir_3195077/xgboost_hp_tuning_workflow,/home/poseidon/workflows/predict-future-sales-workflow/submit/poseidon/pegasus/predict-future-sales/run0206/00/00/xgboost_hp_tuning_workflow_ID0000019.sh,0.1,0,0,,,,,,,,,
register_condorpool_3_0,None,auxiliary,0,1677375241.0,,,1677375246.0,,,0.0,1677375246.0,1677375251.0,,,0.0,1677375251.0,1677375256.0,5.0,,0.0,5.0,5.0,,,,,poseidon,local,host-10-100-100-12.openstacklocal,pegasus::rc-client,/home/poseidon/pegasus-5.1.0panorama/bin/pegasus-rc-client,pegasus-kickstart  -n pegasus::rc-client -N null -R local  -L predict-future-sales -T 2023-02-17T19:59:06+00:00 /home/poseidon/pegasus-5.1.0panorama/bin/pegasus-rc-client --prefix pegasus.catalog.replica.output --conf /home/poseidon/workflows/predict-future-sales-workflow/submit/poseidon/pegasus/predict-future-sales/run0206/pegasus.13237354121484207711.properties -v --meta /home/poseidon/workflows/predict-future-sales-workflow/submit/poseidon/pegasus/predict-future-sales/run0206/00/00/feature_merge_ID0000010.meta --insert /home/poseidon/workflows/predict-future-sales-workflow/submit/poseidon/pegasus/predict-future-sales/run0206/00/00/register_condorpool_3_0.in,3.1,0,0,,,,,,,,,
pegasus-plan_ID0000012,None,subwf,0,1677375246.0,1677375246.0,1677375251.0,1677375256.0,,,0.0,1677375256.0,1677375867.0,,,0.0,,,0.0,5.0,0.0,611.0,,,,,,poseidon,local,poseidon-submit,condor::dagman,/usr/bin/condor_dagman,-p 0  -f -l . -Notification never -Debug 3 -Lockfile xgboost_hp_tuning_group_0.dag.lock -Dag xgboost_hp_tuning_group_0.dag -AllowVersionMismatch  -AutoRescue 1 -DoRescueFrom 0,0.0,0,0,,,,,,,,,
pegasus-plan_ID0000016,None,subwf,0,1677375251.0,1677375251.0,1677375256.0,1677375261.0,,,0.0,1677375265.0,1677375902.0,,,0.0,,,0.0,5.0,4.0,637.0,,,,,,poseidon,local,poseidon-submit,condor::dagman,/usr/bin/condor_dagman,-p 0  -f -l . -Notification never -Debug 3 -Lockfile xgboost_hp_tuning_group_1.dag.lock -Dag xgboost_hp_tuning_group_1.dag -AllowVersionMismatch  -AutoRescue 1 -DoRescueFrom 0,0.0,0,0,,,,,,,,,
stage_out_local_local_4_0,None,transfer,0,1677375251.0,,,1677375256.0,,,0.0,1677375256.0,1677375266.0,1677375256.0,1677375260.0,21094.0,1677375266.0,1677375271.0,5.0,,0.0,10.0,5.0,,,4.0,85038.0,poseidon,local,host-10-100-100-12.openstacklocal,pegasus::transfer,/home/poseidon/pegasus-5.1.0panorama/bin/pegasus-transfer,pegasus-kickstart  -n pegasus::transfer -N null -i - -R local  -L predict-future-sales -T 2023-02-17T19:59:06+00:00 pegasus-transfer  --threads 2,0.6,0,0,,,,,,,,,
pegasus-plan_ID0000020,None,subwf,0,1677375251.0,1677375251.0,1677375256.0,1677375261.0,,,0.0,1677375265.0,1677376367.0,,,0.0,,,0.0,5.0,4.0,1102.0,,,,,,poseidon,local,poseidon-submit,condor::dagman,/usr/bin/condor_dagman,-p 0  -f -l . -Notification never -Debug 3 -Lockfile xgboost_hp_tuning_group_2.dag.lock -Dag xgboost_hp_tuning_group_2.dag -AllowVersionMismatch  -AutoRescue 1 -DoRescueFrom 0,0.0,0,0,,,,,,,,,
create_dir_predict-future-sales-hp-tuning_0_condorpool_pegasus-plan_ID0000012,None,auxiliary,0,1677375256.0,,,1677375257.0,,,0.0,1677375261.0,1677375267.0,,,0.0,1677375267.0,1677375272.0,1.0,,4.0,6.0,5.0,,,,,poseidon,local,host-10-100-100-12.openstacklocal,pegasus::dirmanager,/home/poseidon/pegasus-5.1.0panorama/bin/pegasus-transfer,pegasus-kickstart  -n pegasus::dirmanager -N null -i - -R local  -L xgboost_hp_tuning_group_0 -T 2023-02-26T01:34:08+00:00 pegasus-transfer,0.3,0,0,,,,,,,,,
create_dir_predict-future-sales-hp-tuning_0_condorpool_pegasus-plan_ID0000016,None,auxiliary,0,1677375265.0,,,1677375266.0,,,0.0,1677375266.0,1677375276.0,,,0.0,1677375276.0,1677375281.0,1.0,,0.0,10.0,5.0,,,,,poseidon,local,host-10-100-100-12.openstacklocal,pegasus::dirmanager,/home/poseidon/pegasus-5.1.0panorama/bin/pegasus-transfer,pegasus-kickstart  -n pegasus::dirmanager -N null -i - -R local  -L xgboost_hp_tuning_group_1 -T 2023-02-26T01:34:13+00:00 pegasus-transfer,0.3,0,0,,,,,,,,,
create_dir_predict-future-sales-hp-tuning_0_condorpool_pegasus-plan_ID0000020,None,auxiliary,0,1677375265.0,,,1677375266.0,,,0.0,1677375266.0,1677375276.0,,,0.0,1677375276.0,1677375281.0,1.0,,0.0,10.0,5.0,,,,,poseidon,local,host-10-100-100-12.openstacklocal,pegasus::dirmanager,/home/poseidon/pegasus-5.1.0panorama/bin/pegasus-transfer,pegasus-kickstart  -n pegasus::dirmanager -N null -i - -R local  -L xgboost_hp_tuning_group_2 -T 2023-02-26T01:34:13+00:00 pegasus-transfer,0.3,0,0,,,,,,,,,
register_local_4_0,None,auxiliary,0,1677375271.0,,,1677375276.0,,,0.0,1677375276.0,1677375281.0,,,0.0,1677375281.0,1677375286.0,5.0,,0.0,5.0,5.0,,,,,poseidon,local,host-10-100-100-12.openstacklocal,pegasus::rc-client,/home/poseidon/pegasus-5.1.0panorama/bin/pegasus-rc-client,"pegasus-kickstart  -n pegasus::rc-client -N null -R local  -L predict-future-sales -T 2023-02-17T19:59:06+00:00 /home/poseidon/pegasus-5.1.0panorama/bin/pegasus-rc-client --prefix pegasus.catalog.replica.output --conf /home/poseidon/workflows/predict-future-sales-workflow/submit/poseidon/pegasus/predict-future-sales/run0206/pegasus.13237354121484207711.properties -v --meta /home/poseidon/workflows/predict-future-sales-workflow/submit/poseidon/pegasus/predict-future-sales/run0206/00/00/xgboost_hp_tuning_workflow_ID0000011.meta,/home/poseidon/workflows/predict-future-sales-workflow/submit/poseidon/pegasus/predict-future-sales/run0206/00/00/xgboost_hp_tuning_workflow_ID0000019.meta,/home/poseidon/workflows/predict-future-sales-workflow/submit/poseidon/pegasus/predict-future-sales/run0206/00/00/xgboost_hp_tuning_workflow_ID0000015.meta --insert /home/poseidon/workflows/predict-future-sales-workflow/submit/poseidon/pegasus/predict-future-sales/run0206/00/00/register_local_4_0.in",2.9,0,0,,,,,,,,,
stage_in_local_condorpool_0_0_pegasus-plan_ID0000012,None,transfer,0,1677375272.0,,,1677375277.0,1677375278.0,1677375282.0,2863.0,1677375278.0,1677375292.0,,,0.0,1677375292.0,1677375297.0,5.0,,1.0,14.0,5.0,4.0,12142.0,,,poseidon,local,host-10-100-100-12.openstacklocal,pegasus::transfer,/home/poseidon/pegasus-5.1.0panorama/bin/pegasus-transfer,-n pegasus::transfer -N null -i - -R local  -L xgboost_hp_tuning_group_0 -T 2023-02-26T01:34:08+00:00 /home/poseidon/pegasus-5.1.0panorama/bin/../bin/pegasus-transfer  --threads 2,0.6,0,0,,,,,,,,,
stage_in_local_condorpool_1_0_pegasus-plan_ID0000012,None,transfer,0,1677375272.0,,,1677375277.0,1677375278.0,1677375282.0,830.0,1677375278.0,1677375287.0,,,0.0,1677375287.0,1677375292.0,5.0,,1.0,9.0,5.0,4.0,2874.0,,,poseidon,local,host-10-100-100-12.openstacklocal,pegasus::transfer,/home/poseidon/pegasus-5.1.0panorama/bin/pegasus-transfer,-n pegasus::transfer -N null -i - -R local  -L xgboost_hp_tuning_group_0 -T 2023-02-26T01:34:08+00:00 /home/poseidon/pegasus-5.1.0panorama/bin/../bin/pegasus-transfer  --threads 2,0.5,0,0,,,,,,,,,
stage_in_local_condorpool_0_1_pegasus-plan_ID0000012,None,transfer,0,1677375272.0,,,1677375277.0,1677375278.0,1677375283.0,55771606.0,1677375278.0,1677375292.0,,,0.0,1677375292.0,1677375297.0,5.0,,1.0,14.0,5.0,5.0,269346726.0,,,poseidon,local,host-10-100-100-12.openstacklocal,pegasus::transfer,/home/poseidon/pegasus-5.1.0panorama/bin/pegasus-transfer,-n pegasus::transfer -N null -i - -R local  -L xgboost_hp_tuning_group_0 -T 2023-02-26T01:34:08+00:00 /home/poseidon/pegasus-5.1.0panorama/bin/../bin/pegasus-transfer  --threads 2,1.6,0,0,,,,,,,,,
stage_in_local_condorpool_0_2_pegasus-plan_ID0000012,None,transfer,0,1677375272.0,,,1677375277.0,1677375278.0,1677375285.0,110333890.0,1677375278.0,1677375292.0,,,0.0,1677375292.0,1677375297.0,5.0,,1.0,14.0,5.0,7.0,735985664.0,,,poseidon,local,host-10-100-100-12.openstacklocal,pegasus::transfer,/home/poseidon/pegasus-5.1.0panorama/bin/pegasus-transfer,-n pegasus::transfer -N null -i - -R local  -L xgboost_hp_tuning_group_0 -T 2023-02-26T01:34:08+00:00 /home/poseidon/pegasus-5.1.0panorama/bin/../bin/pegasus-transfer  --threads 2,3.5,0,0,,,,,,,,,
stage_in_local_condorpool_1_0_pegasus-plan_ID0000020,None,transfer,0,1677375281.0,,,1677375286.0,1677375287.0,1677375291.0,799.0,1677375287.0,1677375301.0,,,0.0,1677375301.0,1677375306.0,5.0,,1.0,14.0,5.0,4.0,2874.0,,,poseidon,local,host-10-100-100-12.openstacklocal,pegasus::transfer,/home/poseidon/pegasus-5.1.0panorama/bin/pegasus-transfer,-n pegasus::transfer -N null -i - -R local  -L xgboost_hp_tuning_group_2 -T 2023-02-26T01:34:13+00:00 /home/poseidon/pegasus-5.1.0panorama/bin/../bin/pegasus-transfer  --threads 2,0.5,0,0,,,,,,,,,
stage_in_local_condorpool_0_2_pegasus-plan_ID0000020,None,transfer,0,1677375281.0,,,1677375286.0,1677375287.0,1677375296.0,88735895.0,1677375287.0,1677375306.0,,,0.0,1677375306.0,1677375311.0,5.0,,1.0,19.0,5.0,9.0,735985664.0,,,poseidon,local,host-10-100-100-12.openstacklocal,pegasus::transfer,/home/poseidon/pegasus-5.1.0panorama/bin/pegasus-transfer,-n pegasus::transfer -N null -i - -R local  -L xgboost_hp_tuning_group_2 -T 2023-02-26T01:34:13+00:00 /home/poseidon/pegasus-5.1.0panorama/bin/../bin/pegasus-transfer  --threads 2,4.0,0,0,,,,,,,,,
stage_in_local_condorpool_0_0_pegasus-plan_ID0000016,None,transfer,0,1677375281.0,,,1677375286.0,1677375287.0,1677375291.0,2806.0,1677375287.0,1677375301.0,,,0.0,1677375301.0,1677375306.0,5.0,,1.0,14.0,5.0,4.0,12142.0,,,poseidon,local,host-10-100-100-12.openstacklocal,pegasus::transfer,/home/poseidon/pegasus-5.1.0panorama/bin/pegasus-transfer,-n pegasus::transfer -N null -i - -R local  -L xgboost_hp_tuning_group_1 -T 2023-02-26T01:34:13+00:00 /home/poseidon/pegasus-5.1.0panorama/bin/../bin/pegasus-transfer  --threads 2,0.6,0,0,,,,,,,,,
stage_in_local_condorpool_1_0_pegasus-plan_ID0000016,None,transfer,0,1677375281.0,,,1677375286.0,1677375287.0,1677375291.0,808.0,1677375287.0,1677375301.0,,,0.0,1677375301.0,1677375306.0,5.0,,1.0,14.0,5.0,4.0,2874.0,,,poseidon,local,host-10-100-100-12.openstacklocal,pegasus::transfer,/home/poseidon/pegasus-5.1.0panorama/bin/pegasus-transfer,-n pegasus::transfer -N null -i - -R local  -L xgboost_hp_tuning_group_1 -T 2023-02-26T01:34:13+00:00 /home/poseidon/pegasus-5.1.0panorama/bin/../bin/pegasus-transfer  --threads 2,0.5,0,0,,,,,,,,,
stage_in_local_condorpool_0_1_pegasus-plan_ID0000016,None,transfer,0,1677375281.0,,,1677375286.0,1677375287.0,1677375291.0,5194111.0,1677375287.0,1677375301.0,,,0.0,1677375301.0,1677375306.0,5.0,,1.0,14.0,5.0,4.0,19294600.0,,,poseidon,local,host-10-100-100-12.openstacklocal,pegasus::transfer,/home/poseidon/pegasus-5.1.0panorama/bin/pegasus-transfer,-n pegasus::transfer -N null -i - -R local  -L xgboost_hp_tuning_group_1 -T 2023-02-26T01:34:13+00:00 /home/poseidon/pegasus-5.1.0panorama/bin/../bin/pegasus-transfer  --threads 2,0.6,0,0,,,,,,,,,
stage_in_local_condorpool_0_0_pegasus-plan_ID0000020,None,transfer,0,1677375281.0,,,1677375286.0,1677375287.0,1677375291.0,2820.0,1677375287.0,1677375301.0,,,0.0,1677375301.0,1677375306.0,5.0,,1.0,14.0,5.0,4.0,12142.0,,,poseidon,local,host-10-100-100-12.openstacklocal,pegasus::transfer,/home/poseidon/pegasus-5.1.0panorama/bin/pegasus-transfer,-n pegasus::transfer -N null -i - -R local  -L xgboost_hp_tuning_group_2 -T 2023-02-26T01:34:13+00:00 /home/poseidon/pegasus-5.1.0panorama/bin/../bin/pegasus-transfer  --threads 2,0.6,0,0,,,,,,,,,
stage_in_local_condorpool_0_2_pegasus-plan_ID0000016,None,transfer,0,1677375281.0,,,1677375286.0,1677375287.0,1677375295.0,89167040.0,1677375287.0,1677375301.0,,,0.0,1677375301.0,1677375306.0,5.0,,1.0,14.0,5.0,8.0,735985664.0,,,poseidon,local,host-10-100-100-12.openstacklocal,pegasus::transfer,/home/poseidon/pegasus-5.1.0panorama/bin/pegasus-transfer,-n pegasus::transfer -N null -i - -R local  -L xgboost_hp_tuning_group_1 -T 2023-02-26T01:34:13+00:00 /home/poseidon/pegasus-5.1.0panorama/bin/../bin/pegasus-transfer  --threads 2,3.9,0,0,,,,,,,,,
stage_in_local_condorpool_0_1_pegasus-plan_ID0000020,None,transfer,0,1677375281.0,,,1677375286.0,1677375287.0,1677375303.0,167003203.0,1677375287.0,1677375311.0,,,0.0,1677375311.0,1677375316.0,5.0,,1.0,24.0,5.0,16.0,2646308508.0,,,poseidon,local,host-10-100-100-12.openstacklocal,pegasus::transfer,/home/poseidon/pegasus-5.1.0panorama/bin/pegasus-transfer,-n pegasus::transfer -N null -i - -R local  -L xgboost_hp_tuning_group_2 -T 2023-02-26T01:34:13+00:00 /home/poseidon/pegasus-5.1.0panorama/bin/../bin/pegasus-transfer  --threads 2,11.7,0,0,,,,,,,,,
xgboost_hp_tuning_ID0000018_pegasus-plan_ID0000012,cpu_2,compute,0,1677375297.0,,,1677375302.0,1677375274.0,1677375290.0,51571900.7,1677375319.0,1677375377.0,1677375316.0,1677375320.0,255.0,1677375377.0,1677375382.0,5.0,,17.0,58.0,5.0,16.0,502672266.0,4.0,1052.0,poseidon,condorpool,poseidon-worker-3-container-32-39,xgboost_hp_tuning,/srv/xgboost_hp_tuning,,78.0,0,0,0.0,157965961.0,40.0,3303.0,2.0,32.2,2.7,15796596.1,4.0
xgboost_hp_tuning_ID0000023_pegasus-plan_ID0000012,cpu_2,compute,0,1677375297.0,,,1677375302.0,1677375330.0,1677375346.0,51270819.3,1677375375.0,1677375437.0,1677375378.0,1677375383.0,262.0,1677375437.0,1677375442.0,5.0,,73.0,62.0,5.0,16.0,502672266.0,5.0,1091.0,poseidon,condorpool,poseidon-worker-3-container-0-7,xgboost_hp_tuning,/srv/xgboost_hp_tuning,,109.7,0,0,0.0,157970774.0,40.0,3319.0,2.0,78.9,2.9,7898538.7,4.0
xgboost_hp_tuning_ID0000012_pegasus-plan_ID0000012,cpu_2,compute,0,1677375297.0,,,1677375302.0,1677375329.0,1677375346.0,51400652.0,1677375374.0,1677375427.0,1677375370.0,1677375374.0,253.0,1677375427.0,1677375432.0,5.0,,72.0,53.0,5.0,17.0,502672266.0,4.0,1050.0,poseidon,condorpool,poseidon-worker-1-container-8-15,xgboost_hp_tuning,/srv/xgboost_hp_tuning,,70.1,0,0,0.0,157967872.0,40.0,3305.0,2.0,33.2,2.7,15796787.2,4.0
xgboost_hp_tuning_ID0000001_pegasus-plan_ID0000012,cpu_2,compute,0,1677375297.0,,,1677375302.0,1677375329.0,1677375345.0,51207214.0,1677375374.0,1677375432.0,1677375372.0,1677375376.0,258.0,1677375432.0,1677375437.0,5.0,,72.0,58.0,5.0,16.0,502672266.0,4.0,1063.0,poseidon,condorpool,poseidon-worker-3-container-32-39,xgboost_hp_tuning,/srv/xgboost_hp_tuning,,79.8,0,0,0.0,157970662.0,40.0,3319.0,2.0,75.0,3.2,7898533.1,4.0
xgboost_hp_tuning_ID0000013_pegasus-plan_ID0000012,cpu_2,compute,0,1677375297.0,,,1677375302.0,1677375329.0,1677375346.0,51408886.3,1677375374.0,1677375432.0,1677375372.0,1677375376.0,251.0,1677375432.0,1677375437.0,5.0,,72.0,58.0,5.0,17.0,502672266.0,4.0,1054.0,poseidon,condorpool,poseidon-worker-1-container-32-39,xgboost_hp_tuning,/srv/xgboost_hp_tuning,,82.9,0,0,0.1,157967906.0,40.0,3305.0,2.0,36.7,2.0,15796790.6,4.0
xgboost_hp_tuning_ID0000002_pegasus-plan_ID0000012,cpu_2,compute,0,1677375297.0,,,1677375302.0,1677375328.0,1677375345.0,51346027.3,1677375373.0,1677375457.0,1677375395.0,1677375400.0,256.0,1677375457.0,1677375462.0,5.0,,71.0,84.0,5.0,17.0,502672266.0,5.0,1064.0,poseidon,condorpool,poseidon-worker-2-container-40-47,xgboost_hp_tuning,/srv/xgboost_hp_tuning,,185.8,0,0,0.0,157980146.0,40.0,3351.0,2.0,167.6,2.8,3949503.6,4.0
xgboost_hp_tuning_ID0000014_pegasus-plan_ID0000012,cpu_2,compute,0,1677375297.0,,,1677375302.0,1677375274.0,1677375291.0,51335196.7,1677375319.0,1677375377.0,1677375316.0,1677375321.0,247.0,1677375377.0,1677375382.0,5.0,,17.0,58.0,5.0,17.0,502672266.0,5.0,1054.0,poseidon,condorpool,poseidon-worker-1-container-8-15,xgboost_hp_tuning,/srv/xgboost_hp_tuning,,78.5,0,0,0.1,157967806.0,40.0,3305.0,2.0,33.3,2.4,15796780.6,4.0
xgboost_hp_tuning_ID0000003_pegasus-plan_ID0000012,cpu_2,compute,0,1677375297.0,,,1677375302.0,1677375274.0,1677375291.0,51312976.0,1677375319.0,1677375387.0,1677375326.0,1677375330.0,256.0,1677375387.0,1677375392.0,5.0,,17.0,68.0,5.0,17.0,502672266.0,4.0,1067.0,poseidon,condorpool,poseidon-worker-1-container-16-23,xgboost_hp_tuning,/srv/xgboost_hp_tuning,,123.8,0,0,0.0,157972472.0,40.0,3321.0,2.0,76.5,3.0,7898623.6,4.0
xgboost_hp_tuning_ID0000015_pegasus-plan_ID0000012,cpu_2,compute,0,1677375297.0,,,1677375302.0,1677375274.0,1677375290.0,51522727.7,1677375319.0,1677375382.0,1677375322.0,1677375326.0,257.0,1677375382.0,1677375387.0,5.0,,17.0,63.0,5.0,16.0,502672266.0,4.0,1054.0,poseidon,condorpool,poseidon-worker-3-container-8-15,xgboost_hp_tuning,/srv/xgboost_hp_tuning,,99.3,0,0,0.0,157970561.0,40.0,3319.0,2.0,73.5,3.6,7898528.0,4.0
xgboost_hp_tuning_ID0000004_pegasus-plan_ID0000012,cpu_2,compute,0,1677375297.0,,,1677375302.0,1677375274.0,1677375290.0,51573815.0,1677375319.0,1677375377.0,1677375318.0,1677375322.0,262.0,1677375377.0,1677375382.0,5.0,,17.0,58.0,5.0,16.0,502672266.0,4.0,1062.0,poseidon,condorpool,poseidon-worker-3-container-16-23,xgboost_hp_tuning,/srv/xgboost_hp_tuning,,89.6,0,0,0.0,157970592.0,40.0,3319.0,2.0,80.6,3.2,7898529.6,4.0
xgboost_hp_tuning_ID0000016_pegasus-plan_ID0000012,cpu_2,compute,0,1677375297.0,,,1677375302.0,1677375274.0,1677375291.0,51353937.3,1677375319.0,1677375387.0,1677375327.0,1677375331.0,252.0,1677375387.0,1677375392.0,5.0,,17.0,68.0,5.0,17.0,502672266.0,4.0,1054.0,poseidon,condorpool,poseidon-worker-2-container-16-23,xgboost_hp_tuning,/srv/xgboost_hp_tuning,,120.2,0,0,0.1,157972464.0,40.0,3321.0,2.0,79.3,3.0,7898623.2,4.0
xgboost_hp_tuning_ID0000005_pegasus-plan_ID0000012,cpu_2,compute,0,1677375297.0,,,1677375302.0,1677375274.0,1677375291.0,51398797.0,1677375319.0,1677375377.0,1677375320.0,1677375325.0,255.0,1677375377.0,1677375382.0,5.0,,17.0,58.0,5.0,17.0,502672266.0,5.0,1078.0,poseidon,condorpool,poseidon-worker-1-container-24-31,xgboost_hp_tuning,/srv/xgboost_hp_tuning,,101.6,0,0,0.0,157972474.0,40.0,3321.0,2.0,85.2,2.9,7898623.7,4.0
xgboost_hp_tuning_ID0000017_pegasus-plan_ID0000012,cpu_2,compute,0,1677375297.0,,,1677375302.0,1677375274.0,1677375291.0,51380245.0,1677375319.0,1677375377.0,1677375316.0,1677375320.0,253.0,1677375377.0,1677375382.0,5.0,,17.0,58.0,5.0,17.0,502672266.0,4.0,1055.0,poseidon,condorpool,poseidon-worker-1-container-32-39,xgboost_hp_tuning,/srv/xgboost_hp_tuning,,75.7,0,0,0.0,157967838.0,40.0,3305.0,2.0,33.4,2.5,15796783.8,4.0
xgboost_hp_tuning_ID0000006_pegasus-plan_ID0000012,cpu_2,compute,0,1677375297.0,,,1677375302.0,1677375274.0,1677375290.0,51647125.0,1677375319.0,1677375382.0,1677375322.0,1677375326.0,255.0,1677375382.0,1677375387.0,5.0,,17.0,63.0,5.0,16.0,502672266.0,4.0,1069.0,poseidon,condorpool,poseidon-worker-3-container-24-31,xgboost_hp_tuning,/srv/xgboost_hp_tuning,,104.5,0,0,0.1,157970595.0,40.0,3319.0,2.0,79.9,3.1,7898529.8,4.0
xgboost_hp_tuning_ID0000009_pegasus-plan_ID0000012,cpu_2,compute,0,1677375297.0,,,1677375302.0,1677375274.0,1677375291.0,51441185.0,1677375319.0,1677375377.0,1677375321.0,1677375325.0,256.0,1677375377.0,1677375382.0,5.0,,17.0,58.0,5.0,17.0,502672266.0,4.0,1058.0,poseidon,condorpool,poseidon-worker-1-container-40-47,xgboost_hp_tuning,/srv/xgboost_hp_tuning,,102.3,0,0,0.0,157972719.0,40.0,3321.0,2.0,81.3,3.4,7898636.0,4.0
xgboost_hp_tuning_ID0000011_pegasus-plan_ID0000012,cpu_2,compute,0,1677375297.0,,,1677375302.0,1677375274.0,1677375290.0,51584706.7,1677375319.0,1677375377.0,1677375317.0,1677375321.0,256.0,1677375377.0,1677375382.0,5.0,,17.0,58.0,5.0,16.0,502672266.0,4.0,1046.0,poseidon,condorpool,poseidon-worker-3-container-0-7,xgboost_hp_tuning,/srv/xgboost_hp_tuning,,82.9,0,0,0.0,157970643.0,4021.0,3319.0,5.0,79.4,3.3,7898532.1,201.1
xgboost_hp_tuning_ID0000022_pegasus-plan_ID0000012,cpu_2,compute,0,1677375297.0,,,1677375302.0,1677375274.0,1677375291.0,51310896.7,1677375319.0,1677375377.0,1677375320.0,1677375324.0,260.0,1677375377.0,1677375382.0,5.0,,17.0,58.0,5.0,17.0,502672266.0,4.0,1065.0,poseidon,condorpool,poseidon-worker-1-container-0-7,xgboost_hp_tuning,/srv/xgboost_hp_tuning,,96.6,0,0,0.0,157972639.0,40.0,3321.0,2.0,81.0,3.5,7898632.0,4.0
xgboost_hp_tuning_ID0000010_pegasus-plan_ID0000012,cpu_2,compute,0,1677375297.0,,,1677375302.0,1677375274.0,1677375291.0,51336654.3,1677375319.0,1677375372.0,1677375315.0,1677375320.0,249.0,1677375372.0,1677375377.0,5.0,,17.0,53.0,5.0,17.0,502672266.0,5.0,1049.0,poseidon,condorpool,poseidon-worker-2-container-40-47,xgboost_hp_tuning,/srv/xgboost_hp_tuning,,69.9,0,0,0.0,157967830.0,40.0,3305.0,2.0,31.9,2.7,15796783.0,4.0
xgboost_hp_tuning_ID0000021_pegasus-plan_ID0000012,cpu_2,compute,0,1677375297.0,,,1677375302.0,1677375274.0,1677375291.0,51297519.7,1677375319.0,1677375382.0,1677375324.0,1677375329.0,257.0,1677375382.0,1677375387.0,5.0,,17.0,63.0,5.0,17.0,502672266.0,5.0,1062.0,poseidon,condorpool,poseidon-worker-2-container-32-39,xgboost_hp_tuning,/srv/xgboost_hp_tuning,,116.1,0,0,0.0,157972469.0,40.0,3321.0,2.0,80.2,3.4,7898623.5,4.0
xgboost_hp_tuning_ID0000020_pegasus-plan_ID0000012,cpu_2,compute,0,1677375297.0,,,1677375302.0,1677375274.0,1677375290.0,51556899.0,1677375319.0,1677375382.0,1677375323.0,1677375327.0,256.0,1677375382.0,1677375387.0,5.0,,17.0,63.0,5.0,16.0,502672266.0,4.0,1063.0,poseidon,condorpool,poseidon-worker-3-container-40-47,xgboost_hp_tuning,/srv/xgboost_hp_tuning,,113.4,0,0,0.1,157970592.0,40.0,3319.0,2.0,80.4,2.9,7898529.6,4.0
xgboost_hp_tuning_ID0000008_pegasus-plan_ID0000012,None,compute,0,1677375297.0,,,1677375302.0,1677375274.0,1677375291.0,51360486.7,1677375319.0,1677375392.0,1677375330.0,1677375335.0,251.0,1677375392.0,1677375397.0,5.0,,17.0,73.0,5.0,17.0,502672266.0,5.0,1058.0,poseidon,condorpool,poseidon-worker-2-container-8-15,xgboost_hp_tuning,/srv/xgboost_hp_tuning,,165.7,0,0,0.1,157976229.0,40.0,3336.0,2.0,141.1,3.5,5265874.3,4.0
xgboost_hp_tuning_ID0000019_pegasus-plan_ID0000012,None,compute,0,1677375297.0,,,1677375302.0,1677375274.0,1677375291.0,51315137.3,1677375319.0,1677375382.0,1677375325.0,1677375329.0,256.0,1677375382.0,1677375387.0,5.0,,17.0,63.0,5.0,17.0,502672266.0,4.0,1060.0,poseidon,condorpool,poseidon-worker-2-container-24-31,xgboost_hp_tuning,/srv/xgboost_hp_tuning,,119.9,0,0,0.1,157972471.0,40.0,3321.0,2.0,74.0,2.7,7898623.5,4.0
xgboost_hp_tuning_ID0000007_pegasus-plan_ID0000012,None,compute,0,1677375297.0,,,1677375302.0,1677375274.0,1677375291.0,51283730.0,1677375319.0,1677375387.0,1677375327.0,1677375332.0,253.0,1677375387.0,1677375392.0,5.0,,17.0,68.0,5.0,17.0,502672266.0,5.0,1066.0,poseidon,condorpool,poseidon-worker-2-container-0-7,xgboost_hp_tuning,/srv/xgboost_hp_tuning,,150.1,0,0,0.0,157972393.0,40.0,3321.0,2.0,97.6,3.2,7898619.7,4.0
xgboost_hp_tuning_ID0000023_pegasus-plan_ID0000016,cpu_2,compute,0,1677375306.0,,,1677375311.0,1677375378.0,1677375394.0,45634378.2,1677375423.0,1677375461.0,1677375404.0,1677375408.0,260.0,1677375461.0,1677375466.0,5.0,,112.0,38.0,5.0,16.0,377646203.0,4.0,1091.0,poseidon,condorpool,poseidon-worker-1-container-16-23,xgboost_hp_tuning,/srv/xgboost_hp_tuning,,13.3,0,0,,,,,,,,,
xgboost_hp_tuning_ID0000008_pegasus-plan_ID0000016,cpu_2,compute,0,1677375306.0,,,1677375311.0,1677375336.0,1677375351.0,45786012.2,1677375381.0,1677375421.0,1677375361.0,1677375365.0,260.0,1677375421.0,1677375426.0,5.0,,70.0,40.0,5.0,15.0,377646203.0,4.0,1059.0,poseidon,condorpool,poseidon-worker-3-container-40-47,xgboost_hp_tuning,/srv/xgboost_hp_tuning,,12.4,0,0,,,,,,,,,
xgboost_hp_tuning_ID0000013_pegasus-plan_ID0000016,cpu_2,compute,0,1677375306.0,,,1677375311.0,1677375376.0,1677375392.0,45530802.0,1677375421.0,1677375461.0,1677375402.0,1677375406.0,254.0,1677375461.0,1677375466.0,5.0,,110.0,40.0,5.0,16.0,377646203.0,4.0,1055.0,poseidon,condorpool,poseidon-worker-1-container-0-7,xgboost_hp_tuning,/srv/xgboost_hp_tuning,,11.5,0,0,,,,,,,,,
xgboost_hp_tuning_ID0000009_pegasus-plan_ID0000016,cpu_2,compute,0,1677375306.0,,,1677375311.0,1677375331.0,1677375346.0,45586556.8,1677375376.0,1677375416.0,1677375356.0,1677375360.0,260.0,1677375416.0,1677375421.0,5.0,,65.0,40.0,5.0,15.0,377646203.0,4.0,1060.0,poseidon,condorpool,poseidon-worker-3-container-16-23,xgboost_hp_tuning,/srv/xgboost_hp_tuning,,12.0,0,0,,,,,,,,,
xgboost_hp_tuning_ID0000011_pegasus-plan_ID0000016,cpu_2,compute,0,1677375306.0,,,1677375311.0,1677375333.0,1677375348.0,45505479.5,1677375377.0,1677375421.0,1677375363.0,1677375367.0,253.0,1677375421.0,1677375426.0,5.0,,66.0,44.0,5.0,15.0,377646203.0,4.0,1049.0,poseidon,condorpool,poseidon-worker-1-container-0-7,xgboost_hp_tuning,/srv/xgboost_hp_tuning,,33.5,0,0,,,,,,,,,
xgboost_hp_tuning_ID0000022_pegasus-plan_ID0000016,cpu_2,compute,0,1677375306.0,,,1677375311.0,1677375333.0,1677375349.0,45733351.0,1677375378.0,1677375416.0,1677375359.0,1677375363.0,256.0,1677375416.0,1677375421.0,5.0,,67.0,38.0,5.0,16.0,377646203.0,4.0,1061.0,poseidon,condorpool,poseidon-worker-1-container-24-31,xgboost_hp_tuning,/srv/xgboost_hp_tuning,,11.9,0,0,,,,,,,,,
xgboost_hp_tuning_ID0000010_pegasus-plan_ID0000016,cpu_2,compute,0,1677375306.0,,,1677375311.0,1677375334.0,1677375349.0,45666974.8,1677375378.0,1677375416.0,1677375360.0,1677375364.0,253.0,1677375416.0,1677375421.0,5.0,,67.0,38.0,5.0,15.0,377646203.0,4.0,1049.0,poseidon,condorpool,poseidon-worker-1-container-40-47,xgboost_hp_tuning,/srv/xgboost_hp_tuning,,14.6,0,0,,,,,,,,,
xgboost_hp_tuning_ID0000021_pegasus-plan_ID0000016,cpu_2,compute,0,1677375306.0,,,1677375311.0,1677375334.0,1677375350.0,45861546.2,1677375379.0,1677375421.0,1677375360.0,1677375364.0,256.0,1677375421.0,1677375426.0,5.0,,68.0,42.0,5.0,16.0,377646203.0,4.0,1064.0,poseidon,condorpool,poseidon-worker-3-container-24-31,xgboost_hp_tuning,/srv/xgboost_hp_tuning,,11.9,0,0,,,,,,,,,
xgboost_hp_tuning_ID0000020_pegasus-plan_ID0000016,cpu_2,compute,0,1677375306.0,,,1677375311.0,1677375334.0,1677375350.0,45826377.5,1677375379.0,1677375421.0,1677375360.0,1677375364.0,257.0,1677375421.0,1677375426.0,5.0,,68.0,42.0,5.0,16.0,377646203.0,4.0,1061.0,poseidon,condorpool,poseidon-worker-3-container-8-15,xgboost_hp_tuning,/srv/xgboost_hp_tuning,,12.6,0,0,,,,,,,,,
xgboost_hp_tuning_ID0000019_pegasus-plan_ID0000016,cpu_2,compute,0,1677375306.0,,,1677375311.0,1677375337.0,1677375353.0,45450574.2,1677375382.0,1677375421.0,1677375363.0,1677375367.0,255.0,1677375421.0,1677375426.0,5.0,,71.0,39.0,5.0,16.0,377646203.0,4.0,1058.0,poseidon,condorpool,poseidon-worker-2-container-32-39,xgboost_hp_tuning,/srv/xgboost_hp_tuning,,13.1,0,0,,,,,,,,,
xgboost_hp_tuning_ID0000001_pegasus-plan_ID0000016,cpu_2,compute,0,1677375306.0,,,1677375311.0,1677375376.0,1677375392.0,45682821.0,1677375421.0,1677375461.0,1677375402.0,1677375406.0,253.0,1677375461.0,1677375466.0,5.0,,110.0,40.0,5.0,16.0,377646203.0,4.0,1061.0,poseidon,condorpool,poseidon-worker-2-container-32-39,xgboost_hp_tuning,/srv/xgboost_hp_tuning,,14.5,0,0,,,,,,,,,
xgboost_hp_tuning_ID0000018_pegasus-plan_ID0000016,cpu_2,compute,0,1677375306.0,,,1677375311.0,1677375339.0,1677375355.0,45594825.0,1677375384.0,1677375426.0,1677375365.0,1677375369.0,252.0,1677375426.0,1677375431.0,5.0,,73.0,42.0,5.0,16.0,377646203.0,4.0,1054.0,poseidon,condorpool,poseidon-worker-1-container-16-23,xgboost_hp_tuning,/srv/xgboost_hp_tuning,,12.0,0,0,,,,,,,,,
xgboost_hp_tuning_ID0000007_pegasus-plan_ID0000016,None,compute,0,1677375306.0,,,1677375311.0,1677375338.0,1677375353.0,45427567.8,1677375382.0,1677375421.0,1677375363.0,1677375367.0,257.0,1677375421.0,1677375426.0,5.0,,71.0,39.0,5.0,15.0,377646203.0,4.0,1067.0,poseidon,condorpool,poseidon-worker-2-container-24-31,xgboost_hp_tuning,/srv/xgboost_hp_tuning,,15.7,0,0,,,,,,,,,
xgboost_hp_tuning_ID0000017_pegasus-plan_ID0000016,None,compute,0,1677375306.0,,,1677375311.0,1677375340.0,1677375356.0,45620635.8,1677375385.0,1677375451.0,1677375393.0,1677375397.0,255.0,1677375451.0,1677375456.0,5.0,,74.0,66.0,5.0,16.0,377646203.0,4.0,1056.0,poseidon,condorpool,poseidon-worker-2-container-0-7,xgboost_hp_tuning,/srv/xgboost_hp_tuning,,169.8,0,0,0.0,32950191.0,40.0,3336.0,2.0,165.5,2.0,1098339.7,4.0
xgboost_hp_tuning_ID0000005_pegasus-plan_ID0000016,None,compute,0,1677375306.0,,,1677375311.0,1677375343.0,1677375359.0,45492053.2,1677375388.0,1677375431.0,1677375369.0,1677375373.0,259.0,1677375431.0,1677375436.0,5.0,,77.0,43.0,5.0,16.0,377646203.0,4.0,1076.0,poseidon,condorpool,poseidon-worker-2-container-8-15,xgboost_hp_tuning,/srv/xgboost_hp_tuning,,17.2,0,0,,,,,,,,,
xgboost_hp_tuning_ID0000016_pegasus-plan_ID0000016,cpu_2,compute,0,1677375306.0,,,1677375311.0,1677375369.0,1677375384.0,45769836.5,1677375413.0,1677375451.0,1677375394.0,1677375398.0,256.0,1677375451.0,1677375456.0,5.0,,102.0,38.0,5.0,15.0,377646203.0,4.0,1055.0,poseidon,condorpool,poseidon-worker-3-container-16-23,xgboost_hp_tuning,/srv/xgboost_hp_tuning,,11.4,0,0,,,,,,,,,
xgboost_hp_tuning_ID0000004_pegasus-plan_ID0000016,cpu_2,compute,0,1677375306.0,,,1677375311.0,1677375372.0,1677375387.0,45531530.8,1677375416.0,1677375456.0,1677375398.0,1677375402.0,249.0,1677375456.0,1677375461.0,5.0,,105.0,40.0,5.0,15.0,377646203.0,4.0,1061.0,poseidon,condorpool,poseidon-worker-1-container-24-31,xgboost_hp_tuning,/srv/xgboost_hp_tuning,,13.3,0,0,,,,,,,,,
xgboost_hp_tuning_ID0000015_pegasus-plan_ID0000016,cpu_2,compute,0,1677375306.0,,,1677375311.0,1677375373.0,1677375388.0,45700500.5,1677375417.0,1677375456.0,1677375399.0,1677375403.0,249.0,1677375456.0,1677375461.0,5.0,,106.0,39.0,5.0,15.0,377646203.0,4.0,1053.0,poseidon,condorpool,poseidon-worker-1-container-40-47,xgboost_hp_tuning,/srv/xgboost_hp_tuning,,14.3,0,0,,,,,,,,,
xgboost_hp_tuning_ID0000003_pegasus-plan_ID0000016,cpu_2,compute,0,1677375306.0,,,1677375311.0,1677375373.0,1677375388.0,45870474.8,1677375417.0,1677375456.0,1677375398.0,1677375402.0,258.0,1677375456.0,1677375461.0,5.0,,106.0,39.0,5.0,15.0,377646203.0,4.0,1066.0,poseidon,condorpool,poseidon-worker-3-container-24-31,xgboost_hp_tuning,/srv/xgboost_hp_tuning,,12.6,0,0,,,,,,,,,
xgboost_hp_tuning_ID0000014_pegasus-plan_ID0000016,cpu_2,compute,0,1677375306.0,,,1677375311.0,1677375373.0,1677375388.0,45814192.5,1677375418.0,1677375456.0,1677375398.0,1677375402.0,253.0,1677375456.0,1677375461.0,5.0,,107.0,38.0,5.0,15.0,377646203.0,4.0,1053.0,poseidon,condorpool,poseidon-worker-3-container-8-15,xgboost_hp_tuning,/srv/xgboost_hp_tuning,,13.4,0,0,,,,,,,,,
xgboost_hp_tuning_ID0000002_pegasus-plan_ID0000016,cpu_2,compute,0,1677375306.0,,,1677375311.0,1677375374.0,1677375389.0,45775357.5,1677375419.0,1677375456.0,1677375399.0,1677375403.0,256.0,1677375456.0,1677375461.0,5.0,,108.0,37.0,5.0,15.0,377646203.0,4.0,1062.0,poseidon,condorpool,poseidon-worker-3-container-40-47,xgboost_hp_tuning,/srv/xgboost_hp_tuning,,11.7,0,0,,,,,,,,,
xgboost_hp_tuning_ID0000006_pegasus-plan_ID0000016,cpu_2,compute,0,1677375306.0,,,1677375311.0,1677375340.0,1677375355.0,45441169.0,1677375384.0,1677375426.0,1677375365.0,1677375369.0,259.0,1677375426.0,1677375431.0,5.0,,73.0,42.0,5.0,15.0,377646203.0,4.0,1065.0,poseidon,condorpool,poseidon-worker-2-container-16-23,xgboost_hp_tuning,/srv/xgboost_hp_tuning,,12.7,0,0,,,,,,,,,
xgboost_hp_tuning_ID0000012_pegasus-plan_ID0000016,None,compute,0,1677375306.0,,,1677375311.0,1677375376.0,1677375392.0,45562164.5,1677375421.0,1677375461.0,1677375402.0,1677375406.0,250.0,1677375461.0,1677375466.0,5.0,,110.0,40.0,5.0,16.0,377646203.0,4.0,1047.0,poseidon,condorpool,poseidon-worker-2-container-24-31,xgboost_hp_tuning,/srv/xgboost_hp_tuning,,14.9,0,0,,,,,,,,,
xgboost_hp_tuning_ID0000001_pegasus-plan_ID0000020,None,compute,0,1677375316.0,,,1677375321.0,1677375815.0,1677375845.0,75087166.3,1677375860.0,1677376261.0,1677376202.0,1677376207.0,261.0,1677376261.0,1677376266.0,5.0,,539.0,401.0,5.0,30.0,1691153157.0,5.0,1065.0,poseidon,condorpool,poseidon-worker-2-container-24-31,xgboost_hp_tuning,/srv/xgboost_hp_tuning,,1976.3,0,0,0.1,1346576319.0,40.0,3801.0,2.0,1866.6,55.8,3960518.6,4.0
xgboost_hp_tuning_ID0000009_pegasus-plan_ID0000020,cpu_2,compute,0,1677375316.0,,,1677375321.0,1677375378.0,1677375407.0,75029848.7,1677375423.0,1677375866.0,1677375808.0,1677375813.0,256.0,1677375866.0,1677375871.0,5.0,,102.0,443.0,5.0,29.0,1691153157.0,5.0,1058.0,poseidon,condorpool,poseidon-worker-2-container-16-23,xgboost_hp_tuning,/srv/xgboost_hp_tuning,,1709.1,0,0,0.0,1346595248.0,40.0,3876.0,2.0,1643.2,57.7,3452808.3,4.0
xgboost_hp_tuning_ID0000012_pegasus-plan_ID0000020,cpu_2,compute,0,1677375316.0,,,1677375321.0,1677375819.0,1677375848.0,75262965.3,1677375864.0,1677376261.0,1677376202.0,1677376206.0,258.0,1677376261.0,1677376266.0,5.0,,543.0,397.0,5.0,29.0,1691153157.0,4.0,1049.0,poseidon,condorpool,poseidon-worker-3-container-40-47,xgboost_hp_tuning,/srv/xgboost_hp_tuning,,1547.2,0,0,0.0,1346574391.0,40.0,3799.0,2.0,1479.8,48.1,3960512.9,4.0
xgboost_hp_tuning_ID0000023_pegasus-plan_ID0000020,None,compute,0,1677375316.0,,,1677375321.0,1677375820.0,1677375849.0,74903295.4,1677375865.0,1677376221.0,1677376162.0,1677376166.0,266.0,1677376221.0,1677376226.0,5.0,,544.0,356.0,5.0,29.0,1691153157.0,4.0,1089.0,poseidon,condorpool,poseidon-worker-2-container-0-7,xgboost_hp_tuning,/srv/xgboost_hp_tuning,,1665.9,0,0,0.1,1346560666.0,40.0,3741.0,2.0,1585.3,58.8,4488535.6,4.0
xgboost_hp_tuning_ID0000017_pegasus-plan_ID0000020,cpu_2,compute,0,1677375316.0,,,1677375321.0,1677375411.0,1677375440.0,75444489.7,1677375456.0,1677375891.0,1677375833.0,1677375837.0,256.0,1677375891.0,1677375896.0,5.0,,135.0,435.0,5.0,29.0,1691153157.0,4.0,1055.0,poseidon,condorpool,poseidon-worker-3-container-8-15,xgboost_hp_tuning,/srv/xgboost_hp_tuning,,1660.7,0,0,0.0,1346589475.0,40.0,3859.0,2.0,1588.2,53.5,3543656.5,4.0
xgboost_hp_tuning_ID0000002_pegasus-plan_ID0000020,None,compute,0,1677375316.0,,,1677375321.0,1677375801.0,1677375830.0,75156586.4,1677375845.0,1677376181.0,1677376124.0,1677376128.0,256.0,1677376181.0,1677376186.0,5.0,,524.0,336.0,5.0,29.0,1691153157.0,4.0,1062.0,poseidon,condorpool,poseidon-worker-2-container-8-15,xgboost_hp_tuning,/srv/xgboost_hp_tuning,,1534.3,0,0,0.1,1346553109.0,40.0,3711.0,2.0,1467.4,40.6,4809118.2,4.0
xgboost_hp_tuning_ID0000005_pegasus-plan_ID0000020,cpu_2,compute,0,1677375316.0,,,1677375321.0,1677375412.0,1677375441.0,75216138.3,1677375456.0,1677375871.0,1677375812.0,1677375816.0,262.0,1677375871.0,1677375876.0,5.0,,135.0,415.0,5.0,29.0,1691153157.0,4.0,1078.0,poseidon,condorpool,poseidon-worker-1-container-40-47,xgboost_hp_tuning,/srv/xgboost_hp_tuning,,1578.0,0,0,0.0,1346583928.0,40.0,3831.0,2.0,1509.8,60.5,3740510.9,4.0
xgboost_hp_tuning_ID0000016_pegasus-plan_ID0000020,cpu_2,compute,0,1677375316.0,,,1677375321.0,1677375412.0,1677375441.0,75455354.1,1677375457.0,1677375866.0,1677375806.0,1677375811.0,252.0,1677375866.0,1677375871.0,5.0,,136.0,409.0,5.0,29.0,1691153157.0,5.0,1054.0,poseidon,condorpool,poseidon-worker-3-container-40-47,xgboost_hp_tuning,/srv/xgboost_hp_tuning,,1572.3,0,0,0.0,1346578155.0,40.0,3815.0,2.0,1485.3,55.6,3847366.2,4.0
xgboost_hp_tuning_ID0000004_pegasus-plan_ID0000020,None,compute,0,1677375316.0,,,1677375321.0,1677375415.0,1677375444.0,74864204.8,1677375459.0,1677375861.0,1677375802.0,1677375806.0,256.0,1677375861.0,1677375866.0,5.0,,138.0,402.0,5.0,29.0,1691153157.0,4.0,1065.0,poseidon,condorpool,poseidon-worker-2-container-24-31,xgboost_hp_tuning,/srv/xgboost_hp_tuning,,2033.1,0,0,0.1,1346576233.0,40.0,3801.0,2.0,1918.8,55.5,3960518.3,4.0
xgboost_hp_tuning_ID0000018_pegasus-plan_ID0000020,cpu_2,compute,0,1677375316.0,,,1677375321.0,1677375411.0,1677375440.0,75197944.0,1677375455.0,1677375906.0,1677375849.0,1677375853.0,257.0,1677375906.0,1677375911.0,5.0,,134.0,451.0,5.0,29.0,1691153157.0,4.0,1055.0,poseidon,condorpool,poseidon-worker-1-container-24-31,xgboost_hp_tuning,/srv/xgboost_hp_tuning,,1779.5,0,0,0.1,1346595436.0,40.0,3877.0,2.0,1664.7,66.0,3452808.8,4.0
xgboost_hp_tuning_ID0000013_pegasus-plan_ID0000020,cpu_2,compute,0,1677375316.0,,,1677375321.0,1677375815.0,1677375845.0,75131532.4,1677375860.0,1677376276.0,1677376220.0,1677376224.0,256.0,1677376276.0,1677376281.0,5.0,,539.0,416.0,5.0,30.0,1691153157.0,4.0,1055.0,poseidon,condorpool,poseidon-worker-1-container-8-15,xgboost_hp_tuning,/srv/xgboost_hp_tuning,,1661.7,0,0,0.0,1346583777.0,40.0,3831.0,2.0,1588.1,44.0,3740510.5,4.0
xgboost_hp_tuning_ID0000019_pegasus-plan_ID0000020,cpu_2,compute,0,1677375316.0,,,1677375321.0,1677375406.0,1677375435.0,75358069.4,1677375451.0,1677376101.0,1677376043.0,1677376047.0,261.0,1677376101.0,1677376106.0,5.0,,130.0,650.0,5.0,29.0,1691153157.0,4.0,1059.0,poseidon,condorpool,poseidon-worker-3-container-16-23,xgboost_hp_tuning,/srv/xgboost_hp_tuning,,2822.6,0,0,0.0,1346670167.0,40.0,4174.0,2.0,2699.0,79.3,2282491.8,4.0
xgboost_hp_tuning_ID0000008_pegasus-plan_ID0000020,None,compute,0,1677375316.0,,,1677375321.0,1677375406.0,1677375435.0,75202824.3,1677375450.0,1677375866.0,1677375807.0,1677375811.0,251.0,1677375866.0,1677375871.0,5.0,,129.0,416.0,5.0,29.0,1691153157.0,4.0,1058.0,poseidon,condorpool,poseidon-worker-2-container-0-7,xgboost_hp_tuning,/srv/xgboost_hp_tuning,,2022.9,0,0,0.0,1346583367.0,40.0,3831.0,2.0,1950.4,59.6,3740509.4,4.0
xgboost_hp_tuning_ID0000007_pegasus-plan_ID0000020,cpu_2,compute,0,1677375316.0,,,1677375321.0,1677375409.0,1677375438.0,75031976.3,1677375453.0,1677375881.0,1677375822.0,1677375827.0,256.0,1677375881.0,1677375886.0,5.0,,132.0,428.0,5.0,29.0,1691153157.0,5.0,1066.0,poseidon,condorpool,poseidon-worker-2-container-40-47,xgboost_hp_tuning,/srv/xgboost_hp_tuning,,1599.1,0,0,0.0,1346587547.0,40.0,3846.0,2.0,1511.0,61.1,3639425.8,4.0
xgboost_hp_tuning_ID0000021_pegasus-plan_ID0000020,cpu_2,compute,0,1677375316.0,,,1677375321.0,1677375385.0,1677375414.0,75271504.2,1677375430.0,1677375876.0,1677375816.0,1677375820.0,258.0,1677375876.0,1677375881.0,5.0,,109.0,446.0,5.0,29.0,1691153157.0,4.0,1062.0,poseidon,condorpool,poseidon-worker-3-container-32-39,xgboost_hp_tuning,/srv/xgboost_hp_tuning,,1657.6,0,0,0.0,1346593350.0,40.0,3875.0,2.0,1590.6,52.6,3452803.5,4.0
xgboost_hp_tuning_ID0000010_pegasus-plan_ID0000020,cpu_2,compute,0,1677375316.0,,,1677375321.0,1677375385.0,1677375414.0,75160187.6,1677375430.0,1677375881.0,1677375820.0,1677375824.0,253.0,1677375881.0,1677375886.0,5.0,,109.0,451.0,5.0,29.0,1691153157.0,4.0,1048.0,poseidon,condorpool,poseidon-worker-1-container-32-39,xgboost_hp_tuning,/srv/xgboost_hp_tuning,,1738.1,0,0,0.1,1346595225.0,40.0,3877.0,2.0,1646.9,57.9,3452808.3,4.0
xgboost_hp_tuning_ID0000022_pegasus-plan_ID0000020,cpu_2,compute,0,1677375316.0,,,1677375321.0,1677375383.0,1677375412.0,75130597.7,1677375428.0,1677375786.0,1677375728.0,1677375732.0,257.0,1677375786.0,1677375791.0,5.0,,107.0,358.0,5.0,29.0,1691153157.0,4.0,1062.0,poseidon,condorpool,poseidon-worker-1-container-8-15,xgboost_hp_tuning,/srv/xgboost_hp_tuning,,1304.6,0,0,0.1,1346560598.0,40.0,3742.0,2.0,1226.8,46.4,4488535.3,4.0
xgboost_hp_tuning_ID0000011_pegasus-plan_ID0000020,None,compute,0,1677375316.0,,,1677375321.0,1677375382.0,1677375412.0,75147115.3,1677375427.0,1677375846.0,1677375788.0,1677375792.0,257.0,1677375846.0,1677375851.0,5.0,,106.0,419.0,5.0,30.0,1691153157.0,4.0,1048.0,poseidon,condorpool,poseidon-worker-2-container-8-15,xgboost_hp_tuning,/srv/xgboost_hp_tuning,,2057.2,0,0,0.1,1346583598.0,40.0,3831.0,2.0,1964.6,50.1,3740510.0,4.0
xgboost_hp_tuning_ID0000015_pegasus-plan_ID0000020,cpu_2,compute,0,1677375316.0,,,1677375321.0,1677375415.0,1677375444.0,74922121.7,1677375459.0,1677375896.0,1677375836.0,1677375840.0,254.0,1677375896.0,1677375901.0,5.0,,138.0,437.0,5.0,29.0,1691153157.0,4.0,1055.0,poseidon,condorpool,poseidon-worker-1-container-0-7,xgboost_hp_tuning,/srv/xgboost_hp_tuning,,1680.7,0,0,0.1,1346591253.0,40.0,3861.0,2.0,1603.4,66.7,3543661.2,4.0
xgboost_hp_tuning_ID0000003_pegasus-plan_ID0000020,cpu_2,compute,0,1677375316.0,,,1677375321.0,1677375415.0,1677375444.0,75126837.7,1677375460.0,1677375886.0,1677375826.0,1677375830.0,261.0,1677375886.0,1677375891.0,5.0,,139.0,426.0,5.0,29.0,1691153157.0,4.0,1068.0,poseidon,condorpool,poseidon-worker-2-container-32-39,xgboost_hp_tuning,/srv/xgboost_hp_tuning,,1574.1,0,0,0.0,1346587742.0,40.0,3846.0,2.0,1511.1,52.7,3639426.3,4.0
xgboost_hp_tuning_ID0000006_pegasus-plan_ID0000020,cpu_2,compute,0,1677375316.0,,,1677375321.0,1677375411.0,1677375440.0,75439131.7,1677375456.0,1677375866.0,1677375808.0,1677375812.0,257.0,1677375866.0,1677375871.0,5.0,,135.0,410.0,5.0,29.0,1691153157.0,4.0,1067.0,poseidon,condorpool,poseidon-worker-3-container-24-31,xgboost_hp_tuning,/srv/xgboost_hp_tuning,,1560.1,0,0,0.0,1346578179.0,40.0,3815.0,2.0,1462.5,53.9,3847366.2,4.0
xgboost_hp_tuning_ID0000020_pegasus-plan_ID0000020,cpu_2,compute,0,1677375316.0,,,1677375321.0,1677375391.0,1677375420.0,75287816.5,1677375436.0,1677375876.0,1677375815.0,1677375819.0,258.0,1677375876.0,1677375881.0,5.0,,115.0,440.0,5.0,29.0,1691153157.0,4.0,1064.0,poseidon,condorpool,poseidon-worker-3-container-0-7,xgboost_hp_tuning,/srv/xgboost_hp_tuning,,1666.5,0,0,0.0,1346589363.0,40.0,3859.0,2.0,1586.9,54.4,3543656.2,4.0
xgboost_hp_tuning_ID0000014_pegasus-plan_ID0000020,cpu_2,compute,0,1677375316.0,,,1677375321.0,1677375417.0,1677375446.0,75036579.4,1677375462.0,1677375876.0,1677375818.0,1677375822.0,254.0,1677375876.0,1677375881.0,5.0,,141.0,414.0,5.0,29.0,1691153157.0,4.0,1056.0,poseidon,condorpool,poseidon-worker-1-container-16-23,xgboost_hp_tuning,/srv/xgboost_hp_tuning,,1543.9,0,0,0.0,1346583902.0,40.0,3831.0,2.0,1467.8,66.2,3740510.8,4.0
stage_out_local_condorpool_0_2_pegasus-plan_ID0000012,None,transfer,0,1677375437.0,,,1677375442.0,,,0.0,1677375442.0,1677375452.0,1677375442.0,1677375446.0,1841.0,1677375452.0,1677375457.0,5.0,,0.0,10.0,5.0,,,4.0,7428.0,poseidon,local,host-10-100-100-12.openstacklocal,pegasus::transfer,/home/poseidon/pegasus-5.1.0panorama/bin/pegasus-transfer,/home/poseidon/pegasus-5.1.0panorama/bin/../bin/pegasus-kickstart  -n pegasus::transfer -N null -i - -R local  -L xgboost_hp_tuning_group_0 -T 2023-02-26T01:34:08+00:00 /home/poseidon/pegasus-5.1.0panorama/bin/../bin/pegasus-transfer  --threads 2,1.0,0,0,,,,,,,,,
stage_out_local_condorpool_0_1_pegasus-plan_ID0000012,None,transfer,0,1677375442.0,,,1677375447.0,,,0.0,1677375447.0,1677375457.0,1677375447.0,1677375451.0,2107.0,1677375457.0,1677375462.0,5.0,,0.0,10.0,5.0,,,4.0,8503.0,poseidon,local,host-10-100-100-12.openstacklocal,pegasus::transfer,/home/poseidon/pegasus-5.1.0panorama/bin/pegasus-transfer,/home/poseidon/pegasus-5.1.0panorama/bin/../bin/pegasus-kickstart  -n pegasus::transfer -N null -i - -R local  -L xgboost_hp_tuning_group_0 -T 2023-02-26T01:34:08+00:00 /home/poseidon/pegasus-5.1.0panorama/bin/../bin/pegasus-transfer  --threads 2,1.1,0,0,,,,,,,,,
register_condorpool_0_2_pegasus-plan_ID0000012,None,auxiliary,0,1677375457.0,,,1677375462.0,,,0.0,1677375462.0,1677375467.0,,,0.0,1677375467.0,1677375472.0,5.0,,0.0,5.0,5.0,,,,,poseidon,local,host-10-100-100-12.openstacklocal,pegasus::rc-client,/home/poseidon/pegasus-5.1.0panorama/bin/pegasus-rc-client,"-n pegasus::rc-client -N null -R local  -L xgboost_hp_tuning_group_0 -T 2023-02-26T01:34:08+00:00 /home/poseidon/pegasus-5.1.0panorama/bin/pegasus-rc-client --prefix pegasus.catalog.replica.output --conf /home/poseidon/workflows/predict-future-sales-workflow/submit/poseidon/pegasus/predict-future-sales/run0206/00/00/./xgboost_hp_tuning_group_0.000/pegasus.9655971560737438805.properties -v --meta /home/poseidon/workflows/predict-future-sales-workflow/submit/poseidon/pegasus/predict-future-sales/run0206/00/00/./xgboost_hp_tuning_group_0.000/00/00/xgboost_hp_tuning_ID0000017.meta,/home/poseidon/workflows/predict-future-sales-workflow/submit/poseidon/pegasus/predict-future-sales/run0206/00/00/./xgboost_hp_tuning_group_0.000/00/00/xgboost_hp_tuning_ID0000022.meta,/home/poseidon/workflows/predict-future-sales-workflow/submit/poseidon/pegasus/predict-future-sales/run0206/00/00/./xgboost_hp_tuning_group_0.000/00/00/xgboost_hp_tuning_ID0000007.meta,/home/poseidon/workflows/predict-future-sales-workflow/submit/poseidon/pegasus/predict-future-sales/run0206/00/00/./xgboost_hp_tuning_group_0.000/00/00/xgboost_hp_tuning_ID0000020.meta,/home/poseidon/workflows/predict-future-sales-workflow/submit/poseidon/pegasus/predict-future-sales/run0206/00/00/./xgboost_hp_tuning_group_0.000/00/00/xgboost_hp_tuning_ID0000001.meta,/home/poseidon/workflows/predict-future-sales-workflow/submit/poseidon/pegasus/predict-future-sales/run0206/00/00/./xgboost_hp_tuning_group_0.000/00/00/xgboost_hp_tuning_ID0000004.meta,/home/poseidon/workflows/predict-future-sales-workflow/submit/poseidon/pegasus/predict-future-sales/run0206/00/00/./xgboost_hp_tuning_group_0.000/00/00/xgboost_hp_tuning_ID0000014.meta --insert /home/poseidon/workflows/predict-future-sales-workflow/submit/poseidon/pegasus/predict-future-sales/run0206/00/00/./xgboost_hp_tuning_group_0.000/00/00/register_condorpool_0_2.in",3.2,0,0,,,,,,,,,
stage_out_local_condorpool_0_0_pegasus-plan_ID0000012,None,transfer,0,1677375462.0,,,1677375467.0,,,0.0,1677375467.0,1677375477.0,1677375468.0,1677375472.0,2097.0,1677375477.0,1677375482.0,5.0,,0.0,10.0,5.0,,,4.0,8463.0,poseidon,local,host-10-100-100-12.openstacklocal,pegasus::transfer,/home/poseidon/pegasus-5.1.0panorama/bin/pegasus-transfer,/home/poseidon/pegasus-5.1.0panorama/bin/../bin/pegasus-kickstart  -n pegasus::transfer -N null -i - -R local  -L xgboost_hp_tuning_group_0 -T 2023-02-26T01:34:08+00:00 /home/poseidon/pegasus-5.1.0panorama/bin/../bin/pegasus-transfer  --threads 2,1.1,0,0,,,,,,,,,
xgboost_best_params_ID0000024_pegasus-plan_ID0000012,cpu_2,compute,0,1677375462.0,,,1677375467.0,1677375741.0,1677375758.0,39716772.7,1677375786.0,1677375822.0,1677375765.0,1677375769.0,260.0,1677375822.0,1677375827.0,5.0,,319.0,36.0,5.0,17.0,368018663.0,4.0,1078.0,poseidon,condorpool,poseidon-worker-1-container-8-15,xgboost_best_params,/srv/xgboost_best_params,,0.0,0,0,,,,,,,,,
register_condorpool_0_1_pegasus-plan_ID0000012,None,auxiliary,0,1677375462.0,,,1677375472.0,,,0.0,1677375475.0,1677375477.0,,,0.0,1677375477.0,1677375482.0,10.0,,3.0,2.0,5.0,,,,,poseidon,local,host-10-100-100-12.openstacklocal,pegasus::rc-client,/home/poseidon/pegasus-5.1.0panorama/bin/pegasus-rc-client,"-n pegasus::rc-client -N null -R local  -L xgboost_hp_tuning_group_0 -T 2023-02-26T01:34:08+00:00 /home/poseidon/pegasus-5.1.0panorama/bin/pegasus-rc-client --prefix pegasus.catalog.replica.output --conf /home/poseidon/workflows/predict-future-sales-workflow/submit/poseidon/pegasus/predict-future-sales/run0206/00/00/./xgboost_hp_tuning_group_0.000/pegasus.9655971560737438805.properties -v --meta /home/poseidon/workflows/predict-future-sales-workflow/submit/poseidon/pegasus/predict-future-sales/run0206/00/00/./xgboost_hp_tuning_group_0.000/00/00/xgboost_hp_tuning_ID0000013.meta,/home/poseidon/workflows/predict-future-sales-workflow/submit/poseidon/pegasus/predict-future-sales/run0206/00/00/./xgboost_hp_tuning_group_0.000/00/00/xgboost_hp_tuning_ID0000023.meta,/home/poseidon/workflows/predict-future-sales-workflow/submit/poseidon/pegasus/predict-future-sales/run0206/00/00/./xgboost_hp_tuning_group_0.000/00/00/xgboost_hp_tuning_ID0000011.meta,/home/poseidon/workflows/predict-future-sales-workflow/submit/poseidon/pegasus/predict-future-sales/run0206/00/00/./xgboost_hp_tuning_group_0.000/00/00/xgboost_hp_tuning_ID0000006.meta,/home/poseidon/workflows/predict-future-sales-workflow/submit/poseidon/pegasus/predict-future-sales/run0206/00/00/./xgboost_hp_tuning_group_0.000/00/00/xgboost_hp_tuning_ID0000003.meta,/home/poseidon/workflows/predict-future-sales-workflow/submit/poseidon/pegasus/predict-future-sales/run0206/00/00/./xgboost_hp_tuning_group_0.000/00/00/xgboost_hp_tuning_ID0000021.meta,/home/poseidon/workflows/predict-future-sales-workflow/submit/poseidon/pegasus/predict-future-sales/run0206/00/00/./xgboost_hp_tuning_group_0.000/00/00/xgboost_hp_tuning_ID0000019.meta,/home/poseidon/workflows/predict-future-sales-workflow/submit/poseidon/pegasus/predict-future-sales/run0206/00/00/./xgboost_hp_tuning_group_0.000/00/00/xgboost_hp_tuning_ID0000016.meta --insert /home/poseidon/workflows/predict-future-sales-workflow/submit/poseidon/pegasus/predict-future-sales/run0206/00/00/./xgboost_hp_tuning_group_0.000/00/00/register_condorpool_0_1.in",3.3,0,0,,,,,,,,,
stage_out_local_condorpool_0_2_pegasus-plan_ID0000016,None,transfer,0,1677375466.0,,,1677375471.0,,,0.0,1677375475.0,1677375486.0,1677375475.0,1677375479.0,1840.0,1677375486.0,1677375491.0,5.0,,4.0,11.0,5.0,,,4.0,7420.0,poseidon,local,host-10-100-100-12.openstacklocal,pegasus::transfer,/home/poseidon/pegasus-5.1.0panorama/bin/pegasus-transfer,/home/poseidon/pegasus-5.1.0panorama/bin/../bin/pegasus-kickstart  -n pegasus::transfer -N null -i - -R local  -L xgboost_hp_tuning_group_1 -T 2023-02-26T01:34:13+00:00 /home/poseidon/pegasus-5.1.0panorama/bin/../bin/pegasus-transfer  --threads 2,1.0,0,0,,,,,,,,,
xgboost_best_params_ID0000024_pegasus-plan_ID0000016,cpu_2,compute,0,1677375466.0,,,1677375471.0,1677375778.0,1677375795.0,39733799.0,1677375823.0,1677375861.0,1677375802.0,1677375806.0,254.0,1677375861.0,1677375866.0,5.0,,352.0,38.0,5.0,17.0,368018652.0,4.0,1065.0,poseidon,condorpool,poseidon-worker-1-container-8-15,xgboost_best_params,/srv/xgboost_best_params,,0.1,0,0,,,,,,,,,
stage_out_local_condorpool_0_1_pegasus-plan_ID0000016,None,transfer,0,1677375466.0,,,1677375471.0,,,0.0,1677375475.0,1677375486.0,1677375475.0,1677375479.0,2110.0,1677375486.0,1677375491.0,5.0,,4.0,11.0,5.0,,,4.0,8503.0,poseidon,local,host-10-100-100-12.openstacklocal,pegasus::transfer,/home/poseidon/pegasus-5.1.0panorama/bin/pegasus-transfer,/home/poseidon/pegasus-5.1.0panorama/bin/../bin/pegasus-kickstart  -n pegasus::transfer -N null -i - -R local  -L xgboost_hp_tuning_group_1 -T 2023-02-26T01:34:13+00:00 /home/poseidon/pegasus-5.1.0panorama/bin/../bin/pegasus-transfer  --threads 2,1.1,0,0,,,,,,,,,
stage_out_local_condorpool_0_0_pegasus-plan_ID0000016,None,transfer,0,1677375466.0,,,1677375471.0,,,0.0,1677375475.0,1677375486.0,1677375475.0,1677375479.0,2097.0,1677375486.0,1677375491.0,5.0,,4.0,11.0,5.0,,,4.0,8460.0,poseidon,local,host-10-100-100-12.openstacklocal,pegasus::transfer,/home/poseidon/pegasus-5.1.0panorama/bin/pegasus-transfer,/home/poseidon/pegasus-5.1.0panorama/bin/../bin/pegasus-kickstart  -n pegasus::transfer -N null -i - -R local  -L xgboost_hp_tuning_group_1 -T 2023-02-26T01:34:13+00:00 /home/poseidon/pegasus-5.1.0panorama/bin/../bin/pegasus-transfer  --threads 2,1.1,0,0,,,,,,,,,
register_condorpool_0_0_pegasus-plan_ID0000012,None,auxiliary,0,1677375482.0,,,1677375487.0,,,0.0,1677375487.0,1677375492.0,,,0.0,1677375492.0,1677375497.0,5.0,,0.0,5.0,5.0,,,,,poseidon,local,host-10-100-100-12.openstacklocal,pegasus::rc-client,/home/poseidon/pegasus-5.1.0panorama/bin/pegasus-rc-client,"-n pegasus::rc-client -N null -R local  -L xgboost_hp_tuning_group_0 -T 2023-02-26T01:34:08+00:00 /home/poseidon/pegasus-5.1.0panorama/bin/pegasus-rc-client --prefix pegasus.catalog.replica.output --conf /home/poseidon/workflows/predict-future-sales-workflow/submit/poseidon/pegasus/predict-future-sales/run0206/00/00/./xgboost_hp_tuning_group_0.000/pegasus.9655971560737438805.properties -v --meta /home/poseidon/workflows/predict-future-sales-workflow/submit/poseidon/pegasus/predict-future-sales/run0206/00/00/./xgboost_hp_tuning_group_0.000/00/00/xgboost_hp_tuning_ID0000018.meta,/home/poseidon/workflows/predict-future-sales-workflow/submit/poseidon/pegasus/predict-future-sales/run0206/00/00/./xgboost_hp_tuning_group_0.000/00/00/xgboost_hp_tuning_ID0000002.meta,/home/poseidon/workflows/predict-future-sales-workflow/submit/poseidon/pegasus/predict-future-sales/run0206/00/00/./xgboost_hp_tuning_group_0.000/00/00/xgboost_hp_tuning_ID0000005.meta,/home/poseidon/workflows/predict-future-sales-workflow/submit/poseidon/pegasus/predict-future-sales/run0206/00/00/./xgboost_hp_tuning_group_0.000/00/00/xgboost_hp_tuning_ID0000009.meta,/home/poseidon/workflows/predict-future-sales-workflow/submit/poseidon/pegasus/predict-future-sales/run0206/00/00/./xgboost_hp_tuning_group_0.000/00/00/xgboost_hp_tuning_ID0000015.meta,/home/poseidon/workflows/predict-future-sales-workflow/submit/poseidon/pegasus/predict-future-sales/run0206/00/00/./xgboost_hp_tuning_group_0.000/00/00/xgboost_hp_tuning_ID0000012.meta,/home/poseidon/workflows/predict-future-sales-workflow/submit/poseidon/pegasus/predict-future-sales/run0206/00/00/./xgboost_hp_tuning_group_0.000/00/00/xgboost_hp_tuning_ID0000010.meta,/home/poseidon/workflows/predict-future-sales-workflow/submit/poseidon/pegasus/predict-future-sales/run0206/00/00/./xgboost_hp_tuning_group_0.000/00/00/xgboost_hp_tuning_ID0000008.meta --insert /home/poseidon/workflows/predict-future-sales-workflow/submit/poseidon/pegasus/predict-future-sales/run0206/00/00/./xgboost_hp_tuning_group_0.000/00/00/register_condorpool_0_0.in",3.2,0,0,,,,,,,,,
register_condorpool_0_1_pegasus-plan_ID0000016,None,auxiliary,0,1677375491.0,,,1677375516.0,,,0.0,1677375516.0,1677375521.0,,,0.0,1677375521.0,1677375526.0,25.0,,0.0,5.0,5.0,,,,,poseidon,local,host-10-100-100-12.openstacklocal,pegasus::rc-client,/home/poseidon/pegasus-5.1.0panorama/bin/pegasus-rc-client,"-n pegasus::rc-client -N null -R local  -L xgboost_hp_tuning_group_1 -T 2023-02-26T01:34:13+00:00 /home/poseidon/pegasus-5.1.0panorama/bin/pegasus-rc-client --prefix pegasus.catalog.replica.output --conf /home/poseidon/workflows/predict-future-sales-workflow/submit/poseidon/pegasus/predict-future-sales/run0206/00/00/./xgboost_hp_tuning_group_1.000/pegasus.13825822042306427371.properties -v --meta /home/poseidon/workflows/predict-future-sales-workflow/submit/poseidon/pegasus/predict-future-sales/run0206/00/00/./xgboost_hp_tuning_group_1.000/00/00/xgboost_hp_tuning_ID0000013.meta,/home/poseidon/workflows/predict-future-sales-workflow/submit/poseidon/pegasus/predict-future-sales/run0206/00/00/./xgboost_hp_tuning_group_1.000/00/00/xgboost_hp_tuning_ID0000023.meta,/home/poseidon/workflows/predict-future-sales-workflow/submit/poseidon/pegasus/predict-future-sales/run0206/00/00/./xgboost_hp_tuning_group_1.000/00/00/xgboost_hp_tuning_ID0000011.meta,/home/poseidon/workflows/predict-future-sales-workflow/submit/poseidon/pegasus/predict-future-sales/run0206/00/00/./xgboost_hp_tuning_group_1.000/00/00/xgboost_hp_tuning_ID0000006.meta,/home/poseidon/workflows/predict-future-sales-workflow/submit/poseidon/pegasus/predict-future-sales/run0206/00/00/./xgboost_hp_tuning_group_1.000/00/00/xgboost_hp_tuning_ID0000003.meta,/home/poseidon/workflows/predict-future-sales-workflow/submit/poseidon/pegasus/predict-future-sales/run0206/00/00/./xgboost_hp_tuning_group_1.000/00/00/xgboost_hp_tuning_ID0000021.meta,/home/poseidon/workflows/predict-future-sales-workflow/submit/poseidon/pegasus/predict-future-sales/run0206/00/00/./xgboost_hp_tuning_group_1.000/00/00/xgboost_hp_tuning_ID0000019.meta,/home/poseidon/workflows/predict-future-sales-workflow/submit/poseidon/pegasus/predict-future-sales/run0206/00/00/./xgboost_hp_tuning_group_1.000/00/00/xgboost_hp_tuning_ID0000016.meta --insert /home/poseidon/workflows/predict-future-sales-workflow/submit/poseidon/pegasus/predict-future-sales/run0206/00/00/./xgboost_hp_tuning_group_1.000/00/00/register_condorpool_0_1.in",2.9,0,0,,,,,,,,,
register_condorpool_0_0_pegasus-plan_ID0000016,None,auxiliary,0,1677375491.0,,,1677375506.0,,,0.0,1677375506.0,1677375511.0,,,0.0,1677375511.0,1677375516.0,15.0,,0.0,5.0,5.0,,,,,poseidon,local,host-10-100-100-12.openstacklocal,pegasus::rc-client,/home/poseidon/pegasus-5.1.0panorama/bin/pegasus-rc-client,"-n pegasus::rc-client -N null -R local  -L xgboost_hp_tuning_group_1 -T 2023-02-26T01:34:13+00:00 /home/poseidon/pegasus-5.1.0panorama/bin/pegasus-rc-client --prefix pegasus.catalog.replica.output --conf /home/poseidon/workflows/predict-future-sales-workflow/submit/poseidon/pegasus/predict-future-sales/run0206/00/00/./xgboost_hp_tuning_group_1.000/pegasus.13825822042306427371.properties -v --meta /home/poseidon/workflows/predict-future-sales-workflow/submit/poseidon/pegasus/predict-future-sales/run0206/00/00/./xgboost_hp_tuning_group_1.000/00/00/xgboost_hp_tuning_ID0000018.meta,/home/poseidon/workflows/predict-future-sales-workflow/submit/poseidon/pegasus/predict-future-sales/run0206/00/00/./xgboost_hp_tuning_group_1.000/00/00/xgboost_hp_tuning_ID0000002.meta,/home/poseidon/workflows/predict-future-sales-workflow/submit/poseidon/pegasus/predict-future-sales/run0206/00/00/./xgboost_hp_tuning_group_1.000/00/00/xgboost_hp_tuning_ID0000005.meta,/home/poseidon/workflows/predict-future-sales-workflow/submit/poseidon/pegasus/predict-future-sales/run0206/00/00/./xgboost_hp_tuning_group_1.000/00/00/xgboost_hp_tuning_ID0000009.meta,/home/poseidon/workflows/predict-future-sales-workflow/submit/poseidon/pegasus/predict-future-sales/run0206/00/00/./xgboost_hp_tuning_group_1.000/00/00/xgboost_hp_tuning_ID0000015.meta,/home/poseidon/workflows/predict-future-sales-workflow/submit/poseidon/pegasus/predict-future-sales/run0206/00/00/./xgboost_hp_tuning_group_1.000/00/00/xgboost_hp_tuning_ID0000012.meta,/home/poseidon/workflows/predict-future-sales-workflow/submit/poseidon/pegasus/predict-future-sales/run0206/00/00/./xgboost_hp_tuning_group_1.000/00/00/xgboost_hp_tuning_ID0000010.meta,/home/poseidon/workflows/predict-future-sales-workflow/submit/poseidon/pegasus/predict-future-sales/run0206/00/00/./xgboost_hp_tuning_group_1.000/00/00/xgboost_hp_tuning_ID0000008.meta --insert /home/poseidon/workflows/predict-future-sales-workflow/submit/poseidon/pegasus/predict-future-sales/run0206/00/00/./xgboost_hp_tuning_group_1.000/00/00/register_condorpool_0_0.in",3.1,0,0,,,,,,,,,
register_condorpool_0_2_pegasus-plan_ID0000016,None,auxiliary,0,1677375491.0,,,1677375496.0,,,0.0,1677375496.0,1677375501.0,,,0.0,1677375501.0,1677375506.0,5.0,,0.0,5.0,5.0,,,,,poseidon,local,host-10-100-100-12.openstacklocal,pegasus::rc-client,/home/poseidon/pegasus-5.1.0panorama/bin/pegasus-rc-client,"-n pegasus::rc-client -N null -R local  -L xgboost_hp_tuning_group_1 -T 2023-02-26T01:34:13+00:00 /home/poseidon/pegasus-5.1.0panorama/bin/pegasus-rc-client --prefix pegasus.catalog.replica.output --conf /home/poseidon/workflows/predict-future-sales-workflow/submit/poseidon/pegasus/predict-future-sales/run0206/00/00/./xgboost_hp_tuning_group_1.000/pegasus.13825822042306427371.properties -v --meta /home/poseidon/workflows/predict-future-sales-workflow/submit/poseidon/pegasus/predict-future-sales/run0206/00/00/./xgboost_hp_tuning_group_1.000/00/00/xgboost_hp_tuning_ID0000017.meta,/home/poseidon/workflows/predict-future-sales-workflow/submit/poseidon/pegasus/predict-future-sales/run0206/00/00/./xgboost_hp_tuning_group_1.000/00/00/xgboost_hp_tuning_ID0000022.meta,/home/poseidon/workflows/predict-future-sales-workflow/submit/poseidon/pegasus/predict-future-sales/run0206/00/00/./xgboost_hp_tuning_group_1.000/00/00/xgboost_hp_tuning_ID0000007.meta,/home/poseidon/workflows/predict-future-sales-workflow/submit/poseidon/pegasus/predict-future-sales/run0206/00/00/./xgboost_hp_tuning_group_1.000/00/00/xgboost_hp_tuning_ID0000020.meta,/home/poseidon/workflows/predict-future-sales-workflow/submit/poseidon/pegasus/predict-future-sales/run0206/00/00/./xgboost_hp_tuning_group_1.000/00/00/xgboost_hp_tuning_ID0000001.meta,/home/poseidon/workflows/predict-future-sales-workflow/submit/poseidon/pegasus/predict-future-sales/run0206/00/00/./xgboost_hp_tuning_group_1.000/00/00/xgboost_hp_tuning_ID0000004.meta,/home/poseidon/workflows/predict-future-sales-workflow/submit/poseidon/pegasus/predict-future-sales/run0206/00/00/./xgboost_hp_tuning_group_1.000/00/00/xgboost_hp_tuning_ID0000014.meta --insert /home/poseidon/workflows/predict-future-sales-workflow/submit/poseidon/pegasus/predict-future-sales/run0206/00/00/./xgboost_hp_tuning_group_1.000/00/00/register_condorpool_0_2.in",3.1,0,0,,,,,,,,,
stage_out_local_condorpool_1_0_pegasus-plan_ID0000012,None,transfer,0,1677375827.0,,,1677375832.0,,,0.0,1677375833.0,1677375842.0,1677375833.0,1677375837.0,1263.0,1677375842.0,1677375847.0,5.0,,1.0,9.0,5.0,,,4.0,5390.0,poseidon,local,host-10-100-100-12.openstacklocal,pegasus::transfer,/home/poseidon/pegasus-5.1.0panorama/bin/pegasus-transfer,/home/poseidon/pegasus-5.1.0panorama/bin/../bin/pegasus-kickstart  -n pegasus::transfer -N null -i - -R local  -L xgboost_hp_tuning_group_0 -T 2023-02-26T01:34:08+00:00 /home/poseidon/pegasus-5.1.0panorama/bin/../bin/pegasus-transfer  --threads 2,0.7,0,0,,,,,,,,,
register_condorpool_1_0_pegasus-plan_ID0000012,None,auxiliary,0,1677375847.0,,,1677375852.0,,,0.0,1677375852.0,1677375857.0,,,0.0,1677375857.0,1677375862.0,5.0,,0.0,5.0,5.0,,,,,poseidon,local,host-10-100-100-12.openstacklocal,pegasus::rc-client,/home/poseidon/pegasus-5.1.0panorama/bin/pegasus-rc-client,-n pegasus::rc-client -N null -R local  -L xgboost_hp_tuning_group_0 -T 2023-02-26T01:34:08+00:00 /home/poseidon/pegasus-5.1.0panorama/bin/pegasus-rc-client --prefix pegasus.catalog.replica.output --conf /home/poseidon/workflows/predict-future-sales-workflow/submit/poseidon/pegasus/predict-future-sales/run0206/00/00/./xgboost_hp_tuning_group_0.000/pegasus.9655971560737438805.properties -v --meta /home/poseidon/workflows/predict-future-sales-workflow/submit/poseidon/pegasus/predict-future-sales/run0206/00/00/./xgboost_hp_tuning_group_0.000/00/00/xgboost_best_params_ID0000024.meta --insert /home/poseidon/workflows/predict-future-sales-workflow/submit/poseidon/pegasus/predict-future-sales/run0206/00/00/./xgboost_hp_tuning_group_0.000/00/00/register_condorpool_1_0.in,3.1,0,0,,,,,,,,,
stage_out_local_condorpool_1_0_pegasus-plan_ID0000016,None,transfer,0,1677375866.0,,,1677375871.0,,,0.0,1677375871.0,1677375881.0,1677375872.0,1677375876.0,1244.0,1677375881.0,1677375886.0,5.0,,0.0,10.0,5.0,,,4.0,5325.0,poseidon,local,host-10-100-100-12.openstacklocal,pegasus::transfer,/home/poseidon/pegasus-5.1.0panorama/bin/pegasus-transfer,/home/poseidon/pegasus-5.1.0panorama/bin/../bin/pegasus-kickstart  -n pegasus::transfer -N null -i - -R local  -L xgboost_hp_tuning_group_1 -T 2023-02-26T01:34:13+00:00 /home/poseidon/pegasus-5.1.0panorama/bin/../bin/pegasus-transfer  --threads 2,0.7,0,0,,,,,,,,,
xgboost_model_ID0000013,cpu_2,compute,0,1677375867.0,,,1677375872.0,1677375828.0,1677375846.0,51309840.3,1677375873.0,1677375922.0,1677375864.0,1677375868.0,246982.0,1677375922.0,1677375927.0,5.0,,1.0,49.0,5.0,18.0,502671208.0,4.0,1079678.0,poseidon,condorpool,poseidon-worker-1-container-40-47,xgboost_model,/srv/xgboost_model,,36.9,0,0,0.1,160314891.0,24449.0,5192.0,8.0,33.7,1.8,16031489.1,2444.9
register_condorpool_1_0_pegasus-plan_ID0000016,None,auxiliary,0,1677375886.0,,,1677375891.0,,,0.0,1677375891.0,1677375896.0,,,0.0,1677375896.0,1677375901.0,5.0,,0.0,5.0,5.0,,,,,poseidon,local,host-10-100-100-12.openstacklocal,pegasus::rc-client,/home/poseidon/pegasus-5.1.0panorama/bin/pegasus-rc-client,-n pegasus::rc-client -N null -R local  -L xgboost_hp_tuning_group_1 -T 2023-02-26T01:34:13+00:00 /home/poseidon/pegasus-5.1.0panorama/bin/pegasus-rc-client --prefix pegasus.catalog.replica.output --conf /home/poseidon/workflows/predict-future-sales-workflow/submit/poseidon/pegasus/predict-future-sales/run0206/00/00/./xgboost_hp_tuning_group_1.000/pegasus.13825822042306427371.properties -v --meta /home/poseidon/workflows/predict-future-sales-workflow/submit/poseidon/pegasus/predict-future-sales/run0206/00/00/./xgboost_hp_tuning_group_1.000/00/00/xgboost_best_params_ID0000024.meta --insert /home/poseidon/workflows/predict-future-sales-workflow/submit/poseidon/pegasus/predict-future-sales/run0206/00/00/./xgboost_hp_tuning_group_1.000/00/00/register_condorpool_1_0.in,3.0,0,0,,,,,,,,,
xgboost_model_ID0000017,cpu_2,compute,0,1677375902.0,,,1677375907.0,1677375864.0,1677375882.0,45664470.5,1677375908.0,1677375952.0,1677375892.0,1677375896.0,51599.0,1677375952.0,1677375957.0,5.0,,1.0,44.0,5.0,18.0,377645132.0,4.0,220744.0,poseidon,condorpool,poseidon-worker-1-container-24-31,xgboost_model,/srv/xgboost_model,,6.5,0,0,,,,,,,,,
model_predict_ID0000014,cpu_2,compute,0,1677375927.0,,,1677375932.0,1677375889.0,1677375907.0,44963857.2,1677375934.0,1677375972.0,1677375915.0,1677375919.0,105794.0,1677375972.0,1677375977.0,5.0,,2.0,38.0,5.0,18.0,371267505.0,4.0,451213.0,poseidon,condorpool,poseidon-worker-1-container-40-47,model_predict,/srv/model_predict,,2.3,0,0,,,,,,,,,
model_predict_ID0000018,cpu_2,compute,0,1677375957.0,,,1677375962.0,1677375919.0,1677375937.0,44766036.2,1677375964.0,1677376002.0,1677375945.0,1677375949.0,6027.0,1677376002.0,1677376007.0,5.0,,2.0,38.0,5.0,18.0,368323325.0,4.0,25035.0,poseidon,condorpool,poseidon-worker-1-container-24-31,model_predict,/srv/model_predict,,2.2,0,0,,,,,,,,,
stage_out_local_condorpool_0_0_pegasus-plan_ID0000020,None,transfer,0,1677376266.0,,,1677376271.0,,,0.0,1677376272.0,1677376286.0,1677376272.0,1677376276.0,2098.0,1677376286.0,1677376291.0,5.0,,1.0,14.0,5.0,,,4.0,8463.0,poseidon,local,host-10-100-100-12.openstacklocal,pegasus::transfer,/home/poseidon/pegasus-5.1.0panorama/bin/pegasus-transfer,/home/poseidon/pegasus-5.1.0panorama/bin/../bin/pegasus-kickstart  -n pegasus::transfer -N null -i - -R local  -L xgboost_hp_tuning_group_2 -T 2023-02-26T01:34:13+00:00 /home/poseidon/pegasus-5.1.0panorama/bin/../bin/pegasus-transfer  --threads 2,1.1,0,0,,,,,,,,,
stage_out_local_condorpool_0_2_pegasus-plan_ID0000020,None,transfer,0,1677376266.0,,,1677376271.0,,,0.0,1677376271.0,1677376286.0,1677376272.0,1677376276.0,1842.0,1677376286.0,1677376291.0,5.0,,0.0,15.0,5.0,,,4.0,7433.0,poseidon,local,host-10-100-100-12.openstacklocal,pegasus::transfer,/home/poseidon/pegasus-5.1.0panorama/bin/pegasus-transfer,/home/poseidon/pegasus-5.1.0panorama/bin/../bin/pegasus-kickstart  -n pegasus::transfer -N null -i - -R local  -L xgboost_hp_tuning_group_2 -T 2023-02-26T01:34:13+00:00 /home/poseidon/pegasus-5.1.0panorama/bin/../bin/pegasus-transfer  --threads 2,1.0,0,0,,,,,,,,,
xgboost_best_params_ID0000024_pegasus-plan_ID0000020,cpu_2,compute,0,1677376281.0,,,1677376286.0,1677376242.0,1677376259.0,39760895.3,1677376287.0,1677376326.0,1677376266.0,1677376270.0,256.0,1677376326.0,1677376331.0,5.0,,1.0,39.0,5.0,17.0,368018667.0,4.0,1059.0,poseidon,condorpool,poseidon-worker-1-container-8-15,xgboost_best_params,/srv/xgboost_best_params,,0.0,0,0,,,,,,,,,
stage_out_local_condorpool_0_1_pegasus-plan_ID0000020,None,transfer,0,1677376281.0,,,1677376286.0,,,0.0,1677376286.0,1677376296.0,1677376286.0,1677376290.0,2109.0,1677376296.0,1677376301.0,5.0,,0.0,10.0,5.0,,,4.0,8502.0,poseidon,local,host-10-100-100-12.openstacklocal,pegasus::transfer,/home/poseidon/pegasus-5.1.0panorama/bin/pegasus-transfer,/home/poseidon/pegasus-5.1.0panorama/bin/../bin/pegasus-kickstart  -n pegasus::transfer -N null -i - -R local  -L xgboost_hp_tuning_group_2 -T 2023-02-26T01:34:13+00:00 /home/poseidon/pegasus-5.1.0panorama/bin/../bin/pegasus-transfer  --threads 2,1.0,0,0,,,,,,,,,
register_condorpool_0_0_pegasus-plan_ID0000020,None,auxiliary,0,1677376291.0,,,1677376306.0,,,0.0,1677376306.0,1677376311.0,,,0.0,1677376311.0,1677376316.0,15.0,,0.0,5.0,5.0,,,,,poseidon,local,host-10-100-100-12.openstacklocal,pegasus::rc-client,/home/poseidon/pegasus-5.1.0panorama/bin/pegasus-rc-client,"-n pegasus::rc-client -N null -R local  -L xgboost_hp_tuning_group_2 -T 2023-02-26T01:34:13+00:00 /home/poseidon/pegasus-5.1.0panorama/bin/pegasus-rc-client --prefix pegasus.catalog.replica.output --conf /home/poseidon/workflows/predict-future-sales-workflow/submit/poseidon/pegasus/predict-future-sales/run0206/00/00/./xgboost_hp_tuning_group_2.000/pegasus.5540100751390077916.properties -v --meta /home/poseidon/workflows/predict-future-sales-workflow/submit/poseidon/pegasus/predict-future-sales/run0206/00/00/./xgboost_hp_tuning_group_2.000/00/00/xgboost_hp_tuning_ID0000018.meta,/home/poseidon/workflows/predict-future-sales-workflow/submit/poseidon/pegasus/predict-future-sales/run0206/00/00/./xgboost_hp_tuning_group_2.000/00/00/xgboost_hp_tuning_ID0000002.meta,/home/poseidon/workflows/predict-future-sales-workflow/submit/poseidon/pegasus/predict-future-sales/run0206/00/00/./xgboost_hp_tuning_group_2.000/00/00/xgboost_hp_tuning_ID0000005.meta,/home/poseidon/workflows/predict-future-sales-workflow/submit/poseidon/pegasus/predict-future-sales/run0206/00/00/./xgboost_hp_tuning_group_2.000/00/00/xgboost_hp_tuning_ID0000009.meta,/home/poseidon/workflows/predict-future-sales-workflow/submit/poseidon/pegasus/predict-future-sales/run0206/00/00/./xgboost_hp_tuning_group_2.000/00/00/xgboost_hp_tuning_ID0000015.meta,/home/poseidon/workflows/predict-future-sales-workflow/submit/poseidon/pegasus/predict-future-sales/run0206/00/00/./xgboost_hp_tuning_group_2.000/00/00/xgboost_hp_tuning_ID0000012.meta,/home/poseidon/workflows/predict-future-sales-workflow/submit/poseidon/pegasus/predict-future-sales/run0206/00/00/./xgboost_hp_tuning_group_2.000/00/00/xgboost_hp_tuning_ID0000010.meta,/home/poseidon/workflows/predict-future-sales-workflow/submit/poseidon/pegasus/predict-future-sales/run0206/00/00/./xgboost_hp_tuning_group_2.000/00/00/xgboost_hp_tuning_ID0000008.meta --insert /home/poseidon/workflows/predict-future-sales-workflow/submit/poseidon/pegasus/predict-future-sales/run0206/00/00/./xgboost_hp_tuning_group_2.000/00/00/register_condorpool_0_0.in",3.0,0,0,,,,,,,,,
register_condorpool_0_2_pegasus-plan_ID0000020,None,auxiliary,0,1677376291.0,,,1677376296.0,,,0.0,1677376296.0,1677376301.0,,,0.0,1677376301.0,1677376306.0,5.0,,0.0,5.0,5.0,,,,,poseidon,local,host-10-100-100-12.openstacklocal,pegasus::rc-client,/home/poseidon/pegasus-5.1.0panorama/bin/pegasus-rc-client,"-n pegasus::rc-client -N null -R local  -L xgboost_hp_tuning_group_2 -T 2023-02-26T01:34:13+00:00 /home/poseidon/pegasus-5.1.0panorama/bin/pegasus-rc-client --prefix pegasus.catalog.replica.output --conf /home/poseidon/workflows/predict-future-sales-workflow/submit/poseidon/pegasus/predict-future-sales/run0206/00/00/./xgboost_hp_tuning_group_2.000/pegasus.5540100751390077916.properties -v --meta /home/poseidon/workflows/predict-future-sales-workflow/submit/poseidon/pegasus/predict-future-sales/run0206/00/00/./xgboost_hp_tuning_group_2.000/00/00/xgboost_hp_tuning_ID0000017.meta,/home/poseidon/workflows/predict-future-sales-workflow/submit/poseidon/pegasus/predict-future-sales/run0206/00/00/./xgboost_hp_tuning_group_2.000/00/00/xgboost_hp_tuning_ID0000022.meta,/home/poseidon/workflows/predict-future-sales-workflow/submit/poseidon/pegasus/predict-future-sales/run0206/00/00/./xgboost_hp_tuning_group_2.000/00/00/xgboost_hp_tuning_ID0000007.meta,/home/poseidon/workflows/predict-future-sales-workflow/submit/poseidon/pegasus/predict-future-sales/run0206/00/00/./xgboost_hp_tuning_group_2.000/00/00/xgboost_hp_tuning_ID0000020.meta,/home/poseidon/workflows/predict-future-sales-workflow/submit/poseidon/pegasus/predict-future-sales/run0206/00/00/./xgboost_hp_tuning_group_2.000/00/00/xgboost_hp_tuning_ID0000001.meta,/home/poseidon/workflows/predict-future-sales-workflow/submit/poseidon/pegasus/predict-future-sales/run0206/00/00/./xgboost_hp_tuning_group_2.000/00/00/xgboost_hp_tuning_ID0000004.meta,/home/poseidon/workflows/predict-future-sales-workflow/submit/poseidon/pegasus/predict-future-sales/run0206/00/00/./xgboost_hp_tuning_group_2.000/00/00/xgboost_hp_tuning_ID0000014.meta --insert /home/poseidon/workflows/predict-future-sales-workflow/submit/poseidon/pegasus/predict-future-sales/run0206/00/00/./xgboost_hp_tuning_group_2.000/00/00/register_condorpool_0_2.in",3.1,0,0,,,,,,,,,
register_condorpool_0_1_pegasus-plan_ID0000020,None,auxiliary,0,1677376301.0,,,1677376316.0,,,0.0,1677376316.0,1677376321.0,,,0.0,1677376321.0,1677376326.0,15.0,,0.0,5.0,5.0,,,,,poseidon,local,host-10-100-100-12.openstacklocal,pegasus::rc-client,/home/poseidon/pegasus-5.1.0panorama/bin/pegasus-rc-client,"-n pegasus::rc-client -N null -R local  -L xgboost_hp_tuning_group_2 -T 2023-02-26T01:34:13+00:00 /home/poseidon/pegasus-5.1.0panorama/bin/pegasus-rc-client --prefix pegasus.catalog.replica.output --conf /home/poseidon/workflows/predict-future-sales-workflow/submit/poseidon/pegasus/predict-future-sales/run0206/00/00/./xgboost_hp_tuning_group_2.000/pegasus.5540100751390077916.properties -v --meta /home/poseidon/workflows/predict-future-sales-workflow/submit/poseidon/pegasus/predict-future-sales/run0206/00/00/./xgboost_hp_tuning_group_2.000/00/00/xgboost_hp_tuning_ID0000013.meta,/home/poseidon/workflows/predict-future-sales-workflow/submit/poseidon/pegasus/predict-future-sales/run0206/00/00/./xgboost_hp_tuning_group_2.000/00/00/xgboost_hp_tuning_ID0000023.meta,/home/poseidon/workflows/predict-future-sales-workflow/submit/poseidon/pegasus/predict-future-sales/run0206/00/00/./xgboost_hp_tuning_group_2.000/00/00/xgboost_hp_tuning_ID0000011.meta,/home/poseidon/workflows/predict-future-sales-workflow/submit/poseidon/pegasus/predict-future-sales/run0206/00/00/./xgboost_hp_tuning_group_2.000/00/00/xgboost_hp_tuning_ID0000006.meta,/home/poseidon/workflows/predict-future-sales-workflow/submit/poseidon/pegasus/predict-future-sales/run0206/00/00/./xgboost_hp_tuning_group_2.000/00/00/xgboost_hp_tuning_ID0000003.meta,/home/poseidon/workflows/predict-future-sales-workflow/submit/poseidon/pegasus/predict-future-sales/run0206/00/00/./xgboost_hp_tuning_group_2.000/00/00/xgboost_hp_tuning_ID0000021.meta,/home/poseidon/workflows/predict-future-sales-workflow/submit/poseidon/pegasus/predict-future-sales/run0206/00/00/./xgboost_hp_tuning_group_2.000/00/00/xgboost_hp_tuning_ID0000019.meta,/home/poseidon/workflows/predict-future-sales-workflow/submit/poseidon/pegasus/predict-future-sales/run0206/00/00/./xgboost_hp_tuning_group_2.000/00/00/xgboost_hp_tuning_ID0000016.meta --insert /home/poseidon/workflows/predict-future-sales-workflow/submit/poseidon/pegasus/predict-future-sales/run0206/00/00/./xgboost_hp_tuning_group_2.000/00/00/register_condorpool_0_1.in",3.1,0,0,,,,,,,,,
stage_out_local_condorpool_1_0_pegasus-plan_ID0000020,None,transfer,0,1677376331.0,,,1677376336.0,,,0.0,1677376336.0,1677376346.0,1677376336.0,1677376341.0,1235.0,1677376346.0,1677376351.0,5.0,,0.0,10.0,5.0,,,5.0,5295.0,poseidon,local,host-10-100-100-12.openstacklocal,pegasus::transfer,/home/poseidon/pegasus-5.1.0panorama/bin/pegasus-transfer,/home/poseidon/pegasus-5.1.0panorama/bin/../bin/pegasus-kickstart  -n pegasus::transfer -N null -i - -R local  -L xgboost_hp_tuning_group_2 -T 2023-02-26T01:34:13+00:00 /home/poseidon/pegasus-5.1.0panorama/bin/../bin/pegasus-transfer  --threads 2,0.7,0,0,,,,,,,,,
register_condorpool_1_0_pegasus-plan_ID0000020,None,auxiliary,0,1677376351.0,,,1677376356.0,,,0.0,1677376356.0,1677376361.0,,,0.0,1677376361.0,1677376366.0,5.0,,0.0,5.0,5.0,,,,,poseidon,local,host-10-100-100-12.openstacklocal,pegasus::rc-client,/home/poseidon/pegasus-5.1.0panorama/bin/pegasus-rc-client,-n pegasus::rc-client -N null -R local  -L xgboost_hp_tuning_group_2 -T 2023-02-26T01:34:13+00:00 /home/poseidon/pegasus-5.1.0panorama/bin/pegasus-rc-client --prefix pegasus.catalog.replica.output --conf /home/poseidon/workflows/predict-future-sales-workflow/submit/poseidon/pegasus/predict-future-sales/run0206/00/00/./xgboost_hp_tuning_group_2.000/pegasus.5540100751390077916.properties -v --meta /home/poseidon/workflows/predict-future-sales-workflow/submit/poseidon/pegasus/predict-future-sales/run0206/00/00/./xgboost_hp_tuning_group_2.000/00/00/xgboost_best_params_ID0000024.meta --insert /home/poseidon/workflows/predict-future-sales-workflow/submit/poseidon/pegasus/predict-future-sales/run0206/00/00/./xgboost_hp_tuning_group_2.000/00/00/register_condorpool_1_0.in,3.1,0,0,,,,,,,,,
xgboost_model_ID0000021,cpu_2,compute,0,1677376367.0,,,1677376372.0,1677376340.0,1677376370.0,75073730.7,1677376385.0,1677376597.0,1677376538.0,1677376543.0,2420777.0,1677376597.0,1677376602.0,5.0,,13.0,212.0,5.0,30.0,1691152080.0,5.0,10845947.0,poseidon,condorpool,poseidon-worker-1-container-40-47,xgboost_model,/srv/xgboost_model,,771.8,0,0,0.1,1348850207.0,24449.0,5403.0,8.0,712.2,14.1,8992334.7,2444.9
stage_out_local_local_5_0,None,transfer,0,1677376367.0,,,1677376372.0,,,0.0,1677376372.0,1677376382.0,1677376373.0,1677376377.0,793.0,1677376382.0,1677376387.0,5.0,,0.0,10.0,5.0,,,4.0,3202.0,poseidon,local,host-10-100-100-12.openstacklocal,pegasus::transfer,/home/poseidon/pegasus-5.1.0panorama/bin/pegasus-transfer,pegasus-kickstart  -n pegasus::transfer -N null -i - -R local  -L predict-future-sales -T 2023-02-17T19:59:06+00:00 pegasus-transfer  --threads 2,0.3,0,0,,,,,,,,,
cleanup_predict-future-sales_0_local,None,auxiliary,0,1677376387.0,,,1677376392.0,,,0.0,1677376393.0,1677376402.0,,,0.0,1677376402.0,1677376407.0,5.0,,1.0,9.0,5.0,,,,,poseidon,local,host-10-100-100-12.openstacklocal,pegasus::cleanup,/home/poseidon/pegasus-5.1.0panorama/bin/pegasus-transfer,pegasus-kickstart  -n pegasus::cleanup -N null -i - -R local  -L predict-future-sales -T 2023-02-17T19:59:06+00:00 pegasus-transfer,0.3,0,0,,,,,,,,,
model_predict_ID0000022,cpu_2,compute,0,1677376602.0,,,1677376607.0,1677376564.0,1677376581.0,43806357.7,1677376608.0,1677376647.0,1677376589.0,1677376593.0,1264335.0,1677376647.0,1677376652.0,5.0,,1.0,39.0,5.0,17.0,405850528.0,4.0,5523764.0,poseidon,condorpool,poseidon-worker-1-container-40-47,model_predict,/srv/model_predict,,4.2,0,0,,,,,,,,,
stage_out_local_condorpool_6_0,None,transfer,0,1677376602.0,,,1677376607.0,,,0.0,1677376607.0,1677376617.0,1677376607.0,1677376611.0,3012554.0,1677376617.0,1677376622.0,5.0,,0.0,10.0,5.0,,,4.0,12146369.0,poseidon,local,host-10-100-100-12.openstacklocal,pegasus::transfer,/home/poseidon/pegasus-5.1.0panorama/bin/pegasus-transfer,pegasus-kickstart  -n pegasus::transfer -N null -i - -R local  -L predict-future-sales -T 2023-02-17T19:59:06+00:00 pegasus-transfer  --threads 2,0.9,0,0,,,,,,,,,
stage_out_local_condorpool_7_0,None,transfer,0,1677376652.0,,,1677376657.0,,,0.0,1677376657.0,1677376667.0,1677376657.0,1677376661.0,1486973.0,1677376667.0,1677376672.0,5.0,,0.0,10.0,5.0,,,4.0,6000012.0,poseidon,local,host-10-100-100-12.openstacklocal,pegasus::transfer,/home/poseidon/pegasus-5.1.0panorama/bin/pegasus-transfer,pegasus-kickstart  -n pegasus::transfer -N null -i - -R local  -L predict-future-sales -T 2023-02-17T19:59:06+00:00 pegasus-transfer  --threads 2,0.6,0,0,,,,,,,,,
predict_merge_ID0000023,cpu_2,compute,0,1677376652.0,,,1677376657.0,1677376613.0,1677376631.0,40768928.3,1677376658.0,1677376697.0,1677376638.0,1677376643.0,866714.0,1677376697.0,1677376702.0,5.0,,1.0,39.0,5.0,18.0,377176763.0,5.0,3740804.0,poseidon,condorpool,poseidon-worker-1-container-40-47,predict_merge,/srv/predict_merge,,1.2,0,0,,,,,,,,,
stage_out_local_condorpool_8_0,None,transfer,0,1677376702.0,,,1677376707.0,,,0.0,1677376707.0,1677376717.0,1677376707.0,1677376710.0,1724866.0,1677376717.0,1677376722.0,5.0,,0.0,10.0,5.0,,,3.0,3740804.0,poseidon,local,host-10-100-100-12.openstacklocal,pegasus::transfer,/home/poseidon/pegasus-5.1.0panorama/bin/pegasus-transfer,pegasus-kickstart  -n pegasus::transfer -N null -i - -R local  -L predict-future-sales -T 2023-02-17T19:59:06+00:00 pegasus-transfer  --threads 2,0.4,0,0,,,,,,,,,
cleanup_predict-future-sales_0_condorpool,None,auxiliary,0,1677376722.0,,,1677376727.0,,,0.0,1677376727.0,1677376737.0,,,0.0,1677376737.0,1677376742.0,5.0,,0.0,10.0,5.0,,,,,poseidon,local,host-10-100-100-12.openstacklocal,pegasus::cleanup,/home/poseidon/pegasus-5.1.0panorama/bin/pegasus-transfer,pegasus-kickstart  -n pegasus::cleanup -N null -i - -R local  -L predict-future-sales -T 2023-02-17T19:59:06+00:00 pegasus-transfer,0.3,0,0,,,,,,,,,
