,anomaly_type,type,is_clustered,ready,pre_script_start,pre_script_end,submit,stage_in_start,stage_in_end,stage_in_effective_bytes_per_sec,execute_start,execute_end,stage_out_start,stage_out_end,stage_out_effective_bytes_per_sec,post_script_start,post_script_end,wms_delay,pre_script_delay,queue_delay,runtime,post_script_delay,stage_in_delay,stage_in_bytes,stage_out_delay,stage_out_bytes,kickstart_user,kickstart_site,kickstart_hostname,kickstart_transformations,kickstart_executables,kickstart_executables_argv,kickstart_executables_cpu_time,kickstart_status,kickstart_executables_exitcode,kickstart_online_iowait,kickstart_online_bytes_read,kickstart_online_bytes_written,kickstart_online_read_system_calls,kickstart_online_write_system_calls,kickstart_online_utime,kickstart_online_stime,kickstart_online_bytes_read_per_second,kickstart_online_bytes_written_per_second
create_dir_predict-future-sales_0_local,None,auxiliary,0,1677177586.0,,,1677177587.0,,,0.0,1677177593.0,1677177602.0,,,0.0,1677177602.0,1677177607.0,1.0,,6.0,9.0,5.0,,,,,poseidon,local,host-10-100-100-12.openstacklocal,pegasus::dirmanager,/home/poseidon/pegasus-5.1.0panorama/bin/pegasus-transfer,pegasus-kickstart  -n pegasus::dirmanager -N null -i - -R local  -L predict-future-sales -T 2023-02-17T19:59:06+00:00 pegasus-transfer,0.3,0,0,,,,,,,,,
create_dir_predict-future-sales_0_condorpool,None,auxiliary,0,1677177586.0,,,1677177587.0,,,0.0,1677177593.0,1677177602.0,,,0.0,1677177602.0,1677177607.0,1.0,,6.0,9.0,5.0,,,,,poseidon,local,host-10-100-100-12.openstacklocal,pegasus::dirmanager,/home/poseidon/pegasus-5.1.0panorama/bin/pegasus-transfer,pegasus-kickstart  -n pegasus::dirmanager -N null -i - -R local  -L predict-future-sales -T 2023-02-17T19:59:06+00:00 pegasus-transfer,0.3,0,0,,,,,,,,,
stage_in_local_condorpool_6_0,None,transfer,0,1677177607.0,,,1677177612.0,1677177612.0,1677177616.0,2304.0,1677177612.0,1677177622.0,,,0.0,1677177622.0,1677177627.0,5.0,,0.0,10.0,5.0,4.0,7870.0,,,poseidon,local,host-10-100-100-12.openstacklocal,pegasus::transfer,/home/poseidon/pegasus-5.1.0panorama/bin/pegasus-transfer,pegasus-kickstart  -n pegasus::transfer -N null -i - -R local  -L predict-future-sales -T 2023-02-17T19:59:06+00:00 pegasus-transfer  --threads 2,0.4,0,0,,,,,,,,,
stage_in_local_condorpool_0_0,None,transfer,0,1677177607.0,,,1677177612.0,1677177612.0,1677177622.0,97351292.0,1677177612.0,1677177627.0,,,0.0,1677177627.0,1677177632.0,5.0,,0.0,15.0,5.0,10.0,936801734.0,,,poseidon,local,host-10-100-100-12.openstacklocal,pegasus::transfer,/home/poseidon/pegasus-5.1.0panorama/bin/pegasus-transfer,pegasus-kickstart  -n pegasus::transfer -N null -i - -R local  -L predict-future-sales -T 2023-02-17T19:59:06+00:00 pegasus-transfer  --threads 2,5.7,0,0,,,,,,,,,
stage_in_local_condorpool_1_0,None,transfer,0,1677177607.0,,,1677177612.0,1677177612.0,1677177616.0,3757.0,1677177612.0,1677177622.0,,,0.0,1677177622.0,1677177627.0,5.0,,0.0,10.0,5.0,4.0,15640.0,,,poseidon,local,host-10-100-100-12.openstacklocal,pegasus::transfer,/home/poseidon/pegasus-5.1.0panorama/bin/pegasus-transfer,pegasus-kickstart  -n pegasus::transfer -N null -i - -R local  -L predict-future-sales -T 2023-02-17T19:59:06+00:00 pegasus-transfer  --threads 2,0.6,0,0,,,,,,,,,
stage_in_local_condorpool_7_0,None,transfer,0,1677177607.0,,,1677177612.0,1677177612.0,1677177616.0,1025.0,1677177612.0,1677177622.0,,,0.0,1677177622.0,1677177627.0,5.0,,0.0,10.0,5.0,4.0,3488.0,,,poseidon,local,host-10-100-100-12.openstacklocal,pegasus::transfer,/home/poseidon/pegasus-5.1.0panorama/bin/pegasus-transfer,pegasus-kickstart  -n pegasus::transfer -N null -i - -R local  -L predict-future-sales -T 2023-02-17T19:59:06+00:00 pegasus-transfer  --threads 2,0.4,0,0,,,,,,,,,
stage_in_local_condorpool_3_0,None,transfer,0,1677177607.0,,,1677177612.0,1677177612.0,1677177616.0,3025.0,1677177612.0,1677177622.0,,,0.0,1677177622.0,1677177627.0,5.0,,0.0,10.0,5.0,4.0,12704.0,,,poseidon,local,host-10-100-100-12.openstacklocal,pegasus::transfer,/home/poseidon/pegasus-5.1.0panorama/bin/pegasus-transfer,pegasus-kickstart  -n pegasus::transfer -N null -i - -R local  -L predict-future-sales -T 2023-02-17T19:59:06+00:00 pegasus-transfer  --threads 2,0.6,0,0,,,,,,,,,
stage_in_local_condorpool_8_0,None,transfer,0,1677177607.0,,,1677177612.0,1677177612.0,1677177616.0,678.0,1677177612.0,1677177622.0,,,0.0,1677177622.0,1677177627.0,5.0,,0.0,10.0,5.0,4.0,2368.0,,,poseidon,local,host-10-100-100-12.openstacklocal,pegasus::transfer,/home/poseidon/pegasus-5.1.0panorama/bin/pegasus-transfer,pegasus-kickstart  -n pegasus::transfer -N null -i - -R local  -L predict-future-sales -T 2023-02-17T19:59:06+00:00 pegasus-transfer  --threads 2,0.4,0,0,,,,,,,,,
stage_in_local_local_4_0,None,transfer,0,1677177607.0,,,1677177612.0,1677177612.0,1677177614.0,5903.0,1677177612.0,1677177622.0,,,0.0,1677177622.0,1677177627.0,5.0,,0.0,10.0,5.0,2.0,12577.0,,,poseidon,local,host-10-100-100-12.openstacklocal,pegasus::transfer,/home/poseidon/pegasus-5.1.0panorama/bin/pegasus-transfer,pegasus-kickstart  -n pegasus::transfer -N null -i - -R local  -L predict-future-sales -T 2023-02-17T19:59:06+00:00 pegasus-transfer  --threads 2,0.4,0,0,,,,,,,,,
stage_in_local_condorpool_2_0,None,transfer,0,1677177607.0,,,1677177612.0,1677177612.0,1677177618.0,9798.0,1677177612.0,1677177627.0,,,0.0,1677177627.0,1677177632.0,5.0,,0.0,15.0,5.0,6.0,55480.0,,,poseidon,local,host-10-100-100-12.openstacklocal,pegasus::transfer,/home/poseidon/pegasus-5.1.0panorama/bin/pegasus-transfer,pegasus-kickstart  -n pegasus::transfer -N null -i - -R local  -L predict-future-sales -T 2023-02-17T19:59:06+00:00 pegasus-transfer  --threads 2,1.0,0,0,,,,,,,,,
preprocess_ID0000003,None,compute,0,1677177632.0,,,1677177637.0,1677177597.0,1677177616.0,45512252.0,1677177639.0,1677177687.0,1677177627.0,1677177634.0,23231959.0,1677177687.0,1677177692.0,5.0,,2.0,48.0,5.0,19.0,467356066.0,7.0,160257914.0,poseidon,condorpool,poseidon-worker-2-container-40-47,preprocess,/srv/preprocess,,4.1,0,0,,,,,,,,,
nlp_ID0000002,None,compute,0,1677177632.0,,,1677177637.0,1677177597.0,1677177613.0,44995254.5,1677177639.0,1677177913.0,1677177855.0,1677177859.0,606835.0,1677177913.0,1677177918.0,5.0,,2.0,274.0,5.0,16.0,369033604.0,4.0,2755872.0,poseidon,condorpool,poseidon-worker-3-container-40-47,nlp,/srv/nlp,,1386.1,0,0,0.0,21398916.0,8791.0,3059.0,5.0,1349.3,2.5,93038.8,879.1
eda_ID0000001,None,compute,0,1677177632.0,,,1677177637.0,1677177597.0,1677177614.0,48359363.7,1677177639.0,1677177713.0,1677177656.0,1677177660.0,280975.0,1677177713.0,1677177718.0,5.0,,2.0,74.0,5.0,17.0,464177772.0,4.0,1194914.0,poseidon,condorpool,poseidon-worker-3-container-32-39,eda,/srv/eda,,35.0,0,0,0.0,144677525.0,782572.0,27312.0,38.0,28.0,1.9,4822584.2,26085.7
feature_eng_0_ID0000004,None,compute,0,1677177692.0,,,1677177697.0,1677177657.0,1677177674.0,44893609.0,1677177699.0,1677177743.0,1677177686.0,1677177690.0,205085.0,1677177743.0,1677177748.0,5.0,,2.0,44.0,5.0,17.0,369949088.0,4.0,893320.0,poseidon,condorpool,poseidon-worker-2-container-40-47,feature_eng_0,/srv/feature_eng_0,,4.9,0,0,,,,,,,,,
feature_eng_1_ID0000005,None,compute,0,1677177692.0,,,1677177697.0,1677177669.0,1677177688.0,49706450.4,1677177711.0,1677177773.0,1677177713.0,1677177723.0,39112367.0,1677177773.0,1677177778.0,5.0,,14.0,62.0,5.0,19.0,528250191.0,10.0,393324463.0,poseidon,condorpool,poseidon-worker-3-container-32-39,feature_eng_1,/srv/feature_eng_1,,16.2,0,0,0.0,169608345.0,8.0,1721.0,1.0,8.0,2.0,16960834.5,0.8
feature_eng_4_ID0000008,None,compute,0,1677177778.0,,,1677177783.0,1677177757.0,1677177779.0,58318288.0,1677177799.0,1677177918.0,1677177843.0,1677177865.0,54308274.0,1677177918.0,1677177923.0,5.0,,16.0,119.0,5.0,22.0,761328752.0,22.0,1201824259.0,poseidon,condorpool,poseidon-worker-2-container-40-47,feature_eng_4,/srv/feature_eng_4,,51.9,0,0,0.0,402741028.0,8.0,1403.0,1.0,37.1,12.8,8054820.6,0.8
feature_eng_3_ID0000007,None,compute,0,1677177778.0,,,1677177783.0,1677177743.0,1677177767.0,52573309.3,1677177785.0,1677177963.0,1677177888.0,1677177910.0,54082333.0,1677177963.0,1677177968.0,5.0,,2.0,178.0,5.0,24.0,762217561.0,22.0,1179971921.0,poseidon,condorpool,poseidon-worker-2-container-40-47,feature_eng_3,/srv/feature_eng_3,,109.1,0,0,0.0,403644680.0,8.0,1477.0,1.0,69.3,30.6,4036446.8,0.8
feature_eng_2_ID0000006,None,compute,0,1677177778.0,,,1677177783.0,1677177757.0,1677177780.0,50876024.0,1677177799.0,1677178163.0,1677178080.0,1677178110.0,57980693.0,1677178163.0,1677178168.0,5.0,,16.0,364.0,5.0,23.0,761320658.0,30.0,1748107178.0,poseidon,condorpool,poseidon-worker-3-container-32-39,feature_eng_2,/srv/feature_eng_2,,285.1,0,0,0.0,402814412.0,8.0,1742.0,1.0,212.8,67.2,1438622.9,0.8
feature_eng_5_ID0000009,None,compute,0,1677177778.0,,,1677177783.0,1677177743.0,1677177767.0,51842660.8,1677177785.0,1677178068.0,1677178004.0,1677178018.0,47009034.0,1677178068.0,1677178073.0,5.0,,2.0,283.0,5.0,24.0,856820455.0,14.0,655540227.0,poseidon,condorpool,poseidon-worker-3-container-32-39,feature_eng_5,/srv/feature_eng_5,,226.9,0,0,0.0,498290507.0,8.0,2018.0,1.0,200.6,19.4,2264956.8,0.8
stage_out_local_condorpool_1_0,None,transfer,0,1677177778.0,,,1677177783.0,,,0.0,1677177783.0,1677177793.0,1677177784.0,1677177788.0,91167631.0,1677177793.0,1677177798.0,5.0,,0.0,10.0,5.0,,,4.0,394217783.0,poseidon,local,host-10-100-100-12.openstacklocal,pegasus::transfer,/home/poseidon/pegasus-5.1.0panorama/bin/pegasus-transfer,pegasus-kickstart  -n pegasus::transfer -N null -i - -R local  -L predict-future-sales -T 2023-02-17T19:59:06+00:00 pegasus-transfer  --threads 2,2.2,0,0,,,,,,,,,
register_condorpool_1_0,None,auxiliary,0,1677177798.0,,,1677177803.0,,,0.0,1677177804.0,1677177808.0,,,0.0,1677177808.0,1677177813.0,5.0,,1.0,4.0,5.0,,,,,poseidon,local,host-10-100-100-12.openstacklocal,pegasus::rc-client,/home/poseidon/pegasus-5.1.0panorama/bin/pegasus-rc-client,"pegasus-kickstart  -n pegasus::rc-client -N null -R local  -L predict-future-sales -T 2023-02-17T19:59:06+00:00 /home/poseidon/pegasus-5.1.0panorama/bin/pegasus-rc-client --prefix pegasus.catalog.replica.output --conf /home/poseidon/workflows/predict-future-sales-workflow/submit/poseidon/pegasus/predict-future-sales/run0124/pegasus.10752891019714930256.properties -v --meta /home/poseidon/workflows/predict-future-sales-workflow/submit/poseidon/pegasus/predict-future-sales/run0124/00/00/feature_eng_0_ID0000004.meta,/home/poseidon/workflows/predict-future-sales-workflow/submit/poseidon/pegasus/predict-future-sales/run0124/00/00/feature_eng_1_ID0000005.meta --insert /home/poseidon/workflows/predict-future-sales-workflow/submit/poseidon/pegasus/predict-future-sales/run0124/00/00/register_condorpool_1_0.in",3.0,0,0,,,,,,,,,
stage_out_local_condorpool_0_0,None,transfer,0,1677177918.0,,,1677177923.0,,,0.0,1677177923.0,1677177933.0,1677177924.0,1677177928.0,40710831.0,1677177933.0,1677177938.0,5.0,,0.0,10.0,5.0,,,4.0,164208700.0,poseidon,local,host-10-100-100-12.openstacklocal,pegasus::transfer,/home/poseidon/pegasus-5.1.0panorama/bin/pegasus-transfer,pegasus-kickstart  -n pegasus::transfer -N null -i - -R local  -L predict-future-sales -T 2023-02-17T19:59:06+00:00 pegasus-transfer  --threads 2,2.0,0,0,,,,,,,,,
register_condorpool_0_0,None,auxiliary,0,1677177938.0,,,1677177943.0,,,0.0,1677177943.0,1677177948.0,,,0.0,1677177948.0,1677177953.0,5.0,,0.0,5.0,5.0,,,,,poseidon,local,host-10-100-100-12.openstacklocal,pegasus::rc-client,/home/poseidon/pegasus-5.1.0panorama/bin/pegasus-rc-client,"pegasus-kickstart  -n pegasus::rc-client -N null -R local  -L predict-future-sales -T 2023-02-17T19:59:06+00:00 /home/poseidon/pegasus-5.1.0panorama/bin/pegasus-rc-client --prefix pegasus.catalog.replica.output --conf /home/poseidon/workflows/predict-future-sales-workflow/submit/poseidon/pegasus/predict-future-sales/run0124/pegasus.10752891019714930256.properties -v --meta /home/poseidon/workflows/predict-future-sales-workflow/submit/poseidon/pegasus/predict-future-sales/run0124/00/00/eda_ID0000001.meta,/home/poseidon/workflows/predict-future-sales-workflow/submit/poseidon/pegasus/predict-future-sales/run0124/00/00/preprocess_ID0000003.meta,/home/poseidon/workflows/predict-future-sales-workflow/submit/poseidon/pegasus/predict-future-sales/run0124/00/00/nlp_ID0000002.meta --insert /home/poseidon/workflows/predict-future-sales-workflow/submit/poseidon/pegasus/predict-future-sales/run0124/00/00/register_condorpool_0_0.in",3.0,0,0,,,,,,,,,
stage_out_local_condorpool_2_0,None,transfer,0,1677178168.0,,,1677178173.0,,,0.0,1677178173.0,1677178203.0,1677178174.0,1677178194.0,238786093.0,1677178203.0,1677178208.0,5.0,,0.0,30.0,5.0,,,20.0,4785443585.0,poseidon,local,host-10-100-100-12.openstacklocal,pegasus::transfer,/home/poseidon/pegasus-5.1.0panorama/bin/pegasus-transfer,pegasus-kickstart  -n pegasus::transfer -N null -i - -R local  -L predict-future-sales -T 2023-02-17T19:59:06+00:00 pegasus-transfer  --threads 2,21.2,0,0,,,,,,,,,
feature_merge_ID0000010,None,compute,0,1677178168.0,,,1677178173.0,1677178133.0,1677178200.0,86079035.4,1677178175.0,1677178393.0,1677178290.0,1677178339.0,60905103.0,1677178393.0,1677178398.0,5.0,,2.0,218.0,5.0,67.0,5155397110.0,49.0,2993643458.0,poseidon,condorpool,poseidon-worker-3-container-32-39,feature_merge,/srv/feature_merge,,60.5,0,0,0.0,4796859792.0,2064961063.0,1452.0,83.0,38.0,22.0,79947663.2,103248053.2
register_condorpool_2_0,None,auxiliary,0,1677178208.0,,,1677178213.0,,,0.0,1677178213.0,1677178218.0,,,0.0,1677178218.0,1677178223.0,5.0,,0.0,5.0,5.0,,,,,poseidon,local,host-10-100-100-12.openstacklocal,pegasus::rc-client,/home/poseidon/pegasus-5.1.0panorama/bin/pegasus-rc-client,"pegasus-kickstart  -n pegasus::rc-client -N null -R local  -L predict-future-sales -T 2023-02-17T19:59:06+00:00 /home/poseidon/pegasus-5.1.0panorama/bin/pegasus-rc-client --prefix pegasus.catalog.replica.output --conf /home/poseidon/workflows/predict-future-sales-workflow/submit/poseidon/pegasus/predict-future-sales/run0124/pegasus.10752891019714930256.properties -v --meta /home/poseidon/workflows/predict-future-sales-workflow/submit/poseidon/pegasus/predict-future-sales/run0124/00/00/feature_eng_4_ID0000008.meta,/home/poseidon/workflows/predict-future-sales-workflow/submit/poseidon/pegasus/predict-future-sales/run0124/00/00/feature_eng_3_ID0000007.meta,/home/poseidon/workflows/predict-future-sales-workflow/submit/poseidon/pegasus/predict-future-sales/run0124/00/00/feature_eng_5_ID0000009.meta,/home/poseidon/workflows/predict-future-sales-workflow/submit/poseidon/pegasus/predict-future-sales/run0124/00/00/feature_eng_2_ID0000006.meta --insert /home/poseidon/workflows/predict-future-sales-workflow/submit/poseidon/pegasus/predict-future-sales/run0124/00/00/register_condorpool_2_0.in",3.1,0,0,,,,,,,,,
stage_inter_local_xgboost_model_ID0000021_0,None,transfer,0,1677178398.0,,,1677178403.0,1677178404.0,1677178447.0,61924089.0,1677178403.0,1677178454.0,,,0.0,1677178454.0,1677178459.0,5.0,,0.0,51.0,5.0,43.0,2646308508.0,,,poseidon,local,host-10-100-100-12.openstacklocal,pegasus::transfer,/home/poseidon/pegasus-5.1.0panorama/bin/pegasus-transfer,pegasus-kickstart  -n pegasus::transfer -N null -i - -R local  -L predict-future-sales -T 2023-02-17T19:59:06+00:00 pegasus-transfer  --threads 2,9.4,0,0,,,,,,,,,
stage_inter_local_xgboost_hp_tuning_workflow_ID0000015_0,None,transfer,0,1677178398.0,,,1677178403.0,1677178404.0,1677178406.0,403.0,1677178403.0,1677178413.0,,,0.0,1677178413.0,1677178418.0,5.0,,0.0,10.0,5.0,2.0,826.0,,,poseidon,local,host-10-100-100-12.openstacklocal,pegasus::transfer,/home/poseidon/pegasus-5.1.0panorama/bin/pegasus-transfer,pegasus-kickstart  -n pegasus::transfer -N null -i - -R local  -L predict-future-sales -T 2023-02-17T19:59:06+00:00 pegasus-transfer  --threads 2,0.3,0,0,,,,,,,,,
stage_inter_local_model_predict_ID0000022_0,None,transfer,0,1677178398.0,,,1677178403.0,1677178404.0,1677178408.0,14329248.0,1677178403.0,1677178413.0,,,0.0,1677178413.0,1677178418.0,5.0,,0.0,10.0,5.0,4.0,54050130.0,,,poseidon,local,host-10-100-100-12.openstacklocal,pegasus::transfer,/home/poseidon/pegasus-5.1.0panorama/bin/pegasus-transfer,pegasus-kickstart  -n pegasus::transfer -N null -i - -R local  -L predict-future-sales -T 2023-02-17T19:59:06+00:00 pegasus-transfer  --threads 2,0.6,0,0,,,,,,,,,
stage_out_local_condorpool_3_0,None,transfer,0,1677178398.0,,,1677178403.0,,,0.0,1677178403.0,1677178433.0,1677178404.0,1677178427.0,130345875.0,1677178433.0,1677178438.0,5.0,,0.0,30.0,5.0,,,23.0,2993643458.0,poseidon,local,host-10-100-100-12.openstacklocal,pegasus::transfer,/home/poseidon/pegasus-5.1.0panorama/bin/pegasus-transfer,pegasus-kickstart  -n pegasus::transfer -N null -i - -R local  -L predict-future-sales -T 2023-02-17T19:59:06+00:00 pegasus-transfer  --threads 2,14.3,0,0,,,,,,,,,
stage_inter_local_xgboost_model_ID0000013_0,None,transfer,0,1677178398.0,,,1677178403.0,1677178404.0,1677178411.0,36029843.0,1677178403.0,1677178418.0,,,0.0,1677178418.0,1677178423.0,5.0,,0.0,15.0,5.0,7.0,269346726.0,,,poseidon,local,host-10-100-100-12.openstacklocal,pegasus::transfer,/home/poseidon/pegasus-5.1.0panorama/bin/pegasus-transfer,pegasus-kickstart  -n pegasus::transfer -N null -i - -R local  -L predict-future-sales -T 2023-02-17T19:59:06+00:00 pegasus-transfer  --threads 2,1.5,0,0,,,,,,,,,
stage_inter_local_model_predict_ID0000014_0,None,transfer,0,1677178398.0,,,1677178403.0,1677178404.0,1677178407.0,1239753.0,1677178403.0,1677178413.0,,,0.0,1677178413.0,1677178418.0,5.0,,0.0,10.0,5.0,3.0,4411696.0,,,poseidon,local,host-10-100-100-12.openstacklocal,pegasus::transfer,/home/poseidon/pegasus-5.1.0panorama/bin/pegasus-transfer,pegasus-kickstart  -n pegasus::transfer -N null -i - -R local  -L predict-future-sales -T 2023-02-17T19:59:06+00:00 pegasus-transfer  --threads 2,0.4,0,0,,,,,,,,,
xgboost_hp_tuning_workflow_ID0000015,None,compute,0,1677178418.0,,,1677178423.0,,,0.0,1677178423.0,1677178438.0,,,0.0,1677178438.0,1677178444.0,5.0,,0.0,15.0,6.0,,,,,poseidon,local,poseidon-submit.novalocal,xgboost_hp_tuning_workflow,/var/spool/condor/local_univ_execute/dir_3933527/xgboost_hp_tuning_workflow,/home/poseidon/workflows/predict-future-sales-workflow/submit/poseidon/pegasus/predict-future-sales/run0124/00/00/xgboost_hp_tuning_workflow_ID0000015.sh,0.1,0,0,,,,,,,,,
xgboost_hp_tuning_workflow_ID0000011,None,compute,0,1677178418.0,,,1677178423.0,,,0.0,1677178423.0,1677178444.0,,,0.0,1677178444.0,1677178449.0,5.0,,0.0,21.0,5.0,,,,,poseidon,local,poseidon-submit.novalocal,xgboost_hp_tuning_workflow,/var/spool/condor/local_univ_execute/dir_3933528/xgboost_hp_tuning_workflow,/home/poseidon/workflows/predict-future-sales-workflow/submit/poseidon/pegasus/predict-future-sales/run0124/00/00/xgboost_hp_tuning_workflow_ID0000011.sh,0.1,0,0,,,,,,,,,
xgboost_hp_tuning_workflow_ID0000019,None,compute,0,1677178418.0,,,1677178423.0,,,0.0,1677178423.0,1677178438.0,,,0.0,1677178438.0,1677178444.0,5.0,,0.0,15.0,6.0,,,,,poseidon,local,poseidon-submit.novalocal,xgboost_hp_tuning_workflow,/var/spool/condor/local_univ_execute/dir_3933529/xgboost_hp_tuning_workflow,/home/poseidon/workflows/predict-future-sales-workflow/submit/poseidon/pegasus/predict-future-sales/run0124/00/00/xgboost_hp_tuning_workflow_ID0000019.sh,0.1,0,0,,,,,,,,,
register_condorpool_3_0,None,auxiliary,0,1677178438.0,,,1677178444.0,,,0.0,1677178444.0,1677178449.0,,,0.0,1677178449.0,1677178454.0,6.0,,0.0,5.0,5.0,,,,,poseidon,local,host-10-100-100-12.openstacklocal,pegasus::rc-client,/home/poseidon/pegasus-5.1.0panorama/bin/pegasus-rc-client,pegasus-kickstart  -n pegasus::rc-client -N null -R local  -L predict-future-sales -T 2023-02-17T19:59:06+00:00 /home/poseidon/pegasus-5.1.0panorama/bin/pegasus-rc-client --prefix pegasus.catalog.replica.output --conf /home/poseidon/workflows/predict-future-sales-workflow/submit/poseidon/pegasus/predict-future-sales/run0124/pegasus.10752891019714930256.properties -v --meta /home/poseidon/workflows/predict-future-sales-workflow/submit/poseidon/pegasus/predict-future-sales/run0124/00/00/feature_merge_ID0000010.meta --insert /home/poseidon/workflows/predict-future-sales-workflow/submit/poseidon/pegasus/predict-future-sales/run0124/00/00/register_condorpool_3_0.in,3.2,0,0,,,,,,,,,
pegasus-plan_ID0000020,None,subwf,0,1677178444.0,1677178444.0,1677178449.0,1677178454.0,,,0.0,1677178454.0,1677179445.0,,,0.0,,,0.0,5.0,0.0,991.0,,,,,,poseidon,local,poseidon-submit,condor::dagman,/usr/bin/condor_dagman,-p 0  -f -l . -Notification never -Debug 3 -Lockfile xgboost_hp_tuning_group_2.dag.lock -Dag xgboost_hp_tuning_group_2.dag -AllowVersionMismatch  -AutoRescue 1 -DoRescueFrom 0,0.0,0,0,,,,,,,,,
pegasus-plan_ID0000016,None,subwf,0,1677178444.0,1677178444.0,1677178449.0,1677178454.0,,,0.0,1677178454.0,1677179004.0,,,0.0,,,0.0,5.0,0.0,550.0,,,,,,poseidon,local,poseidon-submit,condor::dagman,/usr/bin/condor_dagman,-p 0  -f -l . -Notification never -Debug 3 -Lockfile xgboost_hp_tuning_group_1.dag.lock -Dag xgboost_hp_tuning_group_1.dag -AllowVersionMismatch  -AutoRescue 1 -DoRescueFrom 0,0.0,0,0,,,,,,,,,
pegasus-plan_ID0000012,None,subwf,0,1677178449.0,1677178449.0,1677178454.0,1677178459.0,,,0.0,1677178463.0,1677179214.0,,,0.0,,,0.0,5.0,4.0,751.0,,,,,,poseidon,local,poseidon-submit,condor::dagman,/usr/bin/condor_dagman,-p 0  -f -l . -Notification never -Debug 3 -Lockfile xgboost_hp_tuning_group_0.dag.lock -Dag xgboost_hp_tuning_group_0.dag -AllowVersionMismatch  -AutoRescue 1 -DoRescueFrom 0,0.0,0,0,,,,,,,,,
stage_out_local_local_4_0,None,transfer,0,1677178449.0,,,1677178454.0,,,0.0,1677178454.0,1677178464.0,1677178454.0,1677178458.0,21093.0,1677178464.0,1677178469.0,5.0,,0.0,10.0,5.0,,,4.0,85038.0,poseidon,local,host-10-100-100-12.openstacklocal,pegasus::transfer,/home/poseidon/pegasus-5.1.0panorama/bin/pegasus-transfer,pegasus-kickstart  -n pegasus::transfer -N null -i - -R local  -L predict-future-sales -T 2023-02-17T19:59:06+00:00 pegasus-transfer  --threads 2,0.6,0,0,,,,,,,,,
create_dir_predict-future-sales-hp-tuning_0_condorpool_pegasus-plan_ID0000016,None,auxiliary,0,1677178454.0,,,1677178455.0,,,0.0,1677178459.0,1677178465.0,,,0.0,1677178465.0,1677178470.0,1.0,,4.0,6.0,5.0,,,,,poseidon,local,host-10-100-100-12.openstacklocal,pegasus::dirmanager,/home/poseidon/pegasus-5.1.0panorama/bin/pegasus-transfer,pegasus-kickstart  -n pegasus::dirmanager -N null -i - -R local  -L xgboost_hp_tuning_group_1 -T 2023-02-23T18:54:06+00:00 pegasus-transfer,0.3,0,0,,,,,,,,,
create_dir_predict-future-sales-hp-tuning_0_condorpool_pegasus-plan_ID0000020,None,auxiliary,0,1677178454.0,,,1677178455.0,,,0.0,1677178459.0,1677178465.0,,,0.0,1677178465.0,1677178470.0,1.0,,4.0,6.0,5.0,,,,,poseidon,local,host-10-100-100-12.openstacklocal,pegasus::dirmanager,/home/poseidon/pegasus-5.1.0panorama/bin/pegasus-transfer,pegasus-kickstart  -n pegasus::dirmanager -N null -i - -R local  -L xgboost_hp_tuning_group_2 -T 2023-02-23T18:54:06+00:00 pegasus-transfer,0.3,0,0,,,,,,,,,
create_dir_predict-future-sales-hp-tuning_0_condorpool_pegasus-plan_ID0000012,None,auxiliary,0,1677178464.0,,,1677178465.0,,,0.0,1677178465.0,1677178475.0,,,0.0,1677178475.0,1677178480.0,1.0,,0.0,10.0,5.0,,,,,poseidon,local,host-10-100-100-12.openstacklocal,pegasus::dirmanager,/home/poseidon/pegasus-5.1.0panorama/bin/pegasus-transfer,pegasus-kickstart  -n pegasus::dirmanager -N null -i - -R local  -L xgboost_hp_tuning_group_0 -T 2023-02-23T18:54:11+00:00 pegasus-transfer,0.3,0,0,,,,,,,,,
register_local_4_0,None,auxiliary,0,1677178469.0,,,1677178474.0,,,0.0,1677178474.0,1677178479.0,,,0.0,1677178479.0,1677178484.0,5.0,,0.0,5.0,5.0,,,,,poseidon,local,host-10-100-100-12.openstacklocal,pegasus::rc-client,/home/poseidon/pegasus-5.1.0panorama/bin/pegasus-rc-client,"pegasus-kickstart  -n pegasus::rc-client -N null -R local  -L predict-future-sales -T 2023-02-17T19:59:06+00:00 /home/poseidon/pegasus-5.1.0panorama/bin/pegasus-rc-client --prefix pegasus.catalog.replica.output --conf /home/poseidon/workflows/predict-future-sales-workflow/submit/poseidon/pegasus/predict-future-sales/run0124/pegasus.10752891019714930256.properties -v --meta /home/poseidon/workflows/predict-future-sales-workflow/submit/poseidon/pegasus/predict-future-sales/run0124/00/00/xgboost_hp_tuning_workflow_ID0000015.meta,/home/poseidon/workflows/predict-future-sales-workflow/submit/poseidon/pegasus/predict-future-sales/run0124/00/00/xgboost_hp_tuning_workflow_ID0000011.meta,/home/poseidon/workflows/predict-future-sales-workflow/submit/poseidon/pegasus/predict-future-sales/run0124/00/00/xgboost_hp_tuning_workflow_ID0000019.meta --insert /home/poseidon/workflows/predict-future-sales-workflow/submit/poseidon/pegasus/predict-future-sales/run0124/00/00/register_local_4_0.in",3.0,0,0,,,,,,,,,
stage_in_local_condorpool_0_2_pegasus-plan_ID0000020,None,transfer,0,1677178470.0,,,1677178475.0,1677178477.0,1677178485.0,88362668.0,1677178476.0,1677178495.0,,,0.0,1677178495.0,1677178500.0,5.0,,1.0,19.0,5.0,8.0,735985664.0,,,poseidon,local,host-10-100-100-12.openstacklocal,pegasus::transfer,/home/poseidon/pegasus-5.1.0panorama/bin/pegasus-transfer,-n pegasus::transfer -N null -i - -R local  -L xgboost_hp_tuning_group_2 -T 2023-02-23T18:54:06+00:00 /home/poseidon/pegasus-5.1.0panorama/bin/../bin/pegasus-transfer  --threads 2,3.9,0,0,,,,,,,,,
stage_in_local_condorpool_0_0_pegasus-plan_ID0000016,None,transfer,0,1677178470.0,,,1677178475.0,1677178476.0,1677178481.0,2721.0,1677178476.0,1677178490.0,,,0.0,1677178490.0,1677178495.0,5.0,,1.0,14.0,5.0,5.0,12142.0,,,poseidon,local,host-10-100-100-12.openstacklocal,pegasus::transfer,/home/poseidon/pegasus-5.1.0panorama/bin/pegasus-transfer,-n pegasus::transfer -N null -i - -R local  -L xgboost_hp_tuning_group_1 -T 2023-02-23T18:54:06+00:00 /home/poseidon/pegasus-5.1.0panorama/bin/../bin/pegasus-transfer  --threads 2,0.6,0,0,,,,,,,,,
stage_in_local_condorpool_1_0_pegasus-plan_ID0000016,None,transfer,0,1677178470.0,,,1677178475.0,1677178476.0,1677178480.0,803.0,1677178476.0,1677178485.0,,,0.0,1677178485.0,1677178490.0,5.0,,1.0,9.0,5.0,4.0,2874.0,,,poseidon,local,host-10-100-100-12.openstacklocal,pegasus::transfer,/home/poseidon/pegasus-5.1.0panorama/bin/pegasus-transfer,-n pegasus::transfer -N null -i - -R local  -L xgboost_hp_tuning_group_1 -T 2023-02-23T18:54:06+00:00 /home/poseidon/pegasus-5.1.0panorama/bin/../bin/pegasus-transfer  --threads 2,0.5,0,0,,,,,,,,,
stage_in_local_condorpool_0_1_pegasus-plan_ID0000016,None,transfer,0,1677178470.0,,,1677178475.0,1677178477.0,1677178480.0,5190907.0,1677178476.0,1677178485.0,,,0.0,1677178485.0,1677178490.0,5.0,,1.0,9.0,5.0,3.0,19294600.0,,,poseidon,local,host-10-100-100-12.openstacklocal,pegasus::transfer,/home/poseidon/pegasus-5.1.0panorama/bin/pegasus-transfer,-n pegasus::transfer -N null -i - -R local  -L xgboost_hp_tuning_group_1 -T 2023-02-23T18:54:06+00:00 /home/poseidon/pegasus-5.1.0panorama/bin/../bin/pegasus-transfer  --threads 2,0.6,0,0,,,,,,,,,
stage_in_local_condorpool_0_2_pegasus-plan_ID0000016,None,transfer,0,1677178470.0,,,1677178475.0,1677178477.0,1677178485.0,87257569.0,1677178476.0,1677178495.0,,,0.0,1677178495.0,1677178500.0,5.0,,1.0,19.0,5.0,8.0,735985664.0,,,poseidon,local,host-10-100-100-12.openstacklocal,pegasus::transfer,/home/poseidon/pegasus-5.1.0panorama/bin/pegasus-transfer,-n pegasus::transfer -N null -i - -R local  -L xgboost_hp_tuning_group_1 -T 2023-02-23T18:54:06+00:00 /home/poseidon/pegasus-5.1.0panorama/bin/../bin/pegasus-transfer  --threads 2,4.0,0,0,,,,,,,,,
stage_in_local_condorpool_1_0_pegasus-plan_ID0000020,None,transfer,0,1677178470.0,,,1677178475.0,1677178476.0,1677178480.0,812.0,1677178476.0,1677178485.0,,,0.0,1677178485.0,1677178490.0,5.0,,1.0,9.0,5.0,4.0,2874.0,,,poseidon,local,host-10-100-100-12.openstacklocal,pegasus::transfer,/home/poseidon/pegasus-5.1.0panorama/bin/pegasus-transfer,-n pegasus::transfer -N null -i - -R local  -L xgboost_hp_tuning_group_2 -T 2023-02-23T18:54:06+00:00 /home/poseidon/pegasus-5.1.0panorama/bin/../bin/pegasus-transfer  --threads 2,0.4,0,0,,,,,,,,,
stage_in_local_condorpool_0_1_pegasus-plan_ID0000020,None,transfer,0,1677178470.0,,,1677178475.0,1677178477.0,1677178493.0,161472014.0,1677178476.0,1677178500.0,,,0.0,1677178500.0,1677178505.0,5.0,,1.0,24.0,5.0,16.0,2646308508.0,,,poseidon,local,host-10-100-100-12.openstacklocal,pegasus::transfer,/home/poseidon/pegasus-5.1.0panorama/bin/pegasus-transfer,-n pegasus::transfer -N null -i - -R local  -L xgboost_hp_tuning_group_2 -T 2023-02-23T18:54:06+00:00 /home/poseidon/pegasus-5.1.0panorama/bin/../bin/pegasus-transfer  --threads 2,11.9,0,0,,,,,,,,,
stage_in_local_condorpool_0_0_pegasus-plan_ID0000020,None,transfer,0,1677178470.0,,,1677178475.0,1677178476.0,1677178481.0,2815.0,1677178476.0,1677178490.0,,,0.0,1677178490.0,1677178495.0,5.0,,1.0,14.0,5.0,5.0,12142.0,,,poseidon,local,host-10-100-100-12.openstacklocal,pegasus::transfer,/home/poseidon/pegasus-5.1.0panorama/bin/pegasus-transfer,-n pegasus::transfer -N null -i - -R local  -L xgboost_hp_tuning_group_2 -T 2023-02-23T18:54:06+00:00 /home/poseidon/pegasus-5.1.0panorama/bin/../bin/pegasus-transfer  --threads 2,0.6,0,0,,,,,,,,,
stage_in_local_condorpool_0_1_pegasus-plan_ID0000012,None,transfer,0,1677178480.0,,,1677178485.0,1677178486.0,1677178491.0,49742808.0,1677178485.0,1677178500.0,,,0.0,1677178500.0,1677178505.0,5.0,,0.0,15.0,5.0,5.0,269346726.0,,,poseidon,local,host-10-100-100-12.openstacklocal,pegasus::transfer,/home/poseidon/pegasus-5.1.0panorama/bin/pegasus-transfer,-n pegasus::transfer -N null -i - -R local  -L xgboost_hp_tuning_group_0 -T 2023-02-23T18:54:11+00:00 /home/poseidon/pegasus-5.1.0panorama/bin/../bin/pegasus-transfer  --threads 2,1.8,0,0,,,,,,,,,
stage_in_local_condorpool_0_0_pegasus-plan_ID0000012,None,transfer,0,1677178480.0,,,1677178485.0,1677178486.0,1677178490.0,2803.0,1677178485.0,1677178495.0,,,0.0,1677178495.0,1677178500.0,5.0,,0.0,10.0,5.0,4.0,12142.0,,,poseidon,local,host-10-100-100-12.openstacklocal,pegasus::transfer,/home/poseidon/pegasus-5.1.0panorama/bin/pegasus-transfer,-n pegasus::transfer -N null -i - -R local  -L xgboost_hp_tuning_group_0 -T 2023-02-23T18:54:11+00:00 /home/poseidon/pegasus-5.1.0panorama/bin/../bin/pegasus-transfer  --threads 2,0.6,0,0,,,,,,,,,
stage_in_local_condorpool_0_2_pegasus-plan_ID0000012,None,transfer,0,1677178480.0,,,1677178485.0,1677178486.0,1677178493.0,93762125.0,1677178485.0,1677178500.0,,,0.0,1677178500.0,1677178505.0,5.0,,0.0,15.0,5.0,7.0,735985664.0,,,poseidon,local,host-10-100-100-12.openstacklocal,pegasus::transfer,/home/poseidon/pegasus-5.1.0panorama/bin/pegasus-transfer,-n pegasus::transfer -N null -i - -R local  -L xgboost_hp_tuning_group_0 -T 2023-02-23T18:54:11+00:00 /home/poseidon/pegasus-5.1.0panorama/bin/../bin/pegasus-transfer  --threads 2,3.8,0,0,,,,,,,,,
stage_in_local_condorpool_1_0_pegasus-plan_ID0000012,None,transfer,0,1677178480.0,,,1677178485.0,1677178485.0,1677178489.0,821.0,1677178485.0,1677178495.0,,,0.0,1677178495.0,1677178500.0,5.0,,0.0,10.0,5.0,4.0,2874.0,,,poseidon,local,host-10-100-100-12.openstacklocal,pegasus::transfer,/home/poseidon/pegasus-5.1.0panorama/bin/pegasus-transfer,-n pegasus::transfer -N null -i - -R local  -L xgboost_hp_tuning_group_0 -T 2023-02-23T18:54:11+00:00 /home/poseidon/pegasus-5.1.0panorama/bin/../bin/pegasus-transfer  --threads 2,0.5,0,0,,,,,,,,,
xgboost_hp_tuning_ID0000017_pegasus-plan_ID0000016,None,compute,0,1677178500.0,,,1677178505.0,1677178472.0,1677178488.0,45927070.5,1677178514.0,1677178555.0,1677178498.0,1677178502.0,250.0,1677178555.0,1677178560.0,5.0,,9.0,41.0,5.0,16.0,377646203.0,4.0,1056.0,poseidon,condorpool,poseidon-worker-3-container-8-15,xgboost_hp_tuning,/srv/xgboost_hp_tuning,,17.0,0,0,,,,,,,,,
xgboost_hp_tuning_ID0000001_pegasus-plan_ID0000016,None,compute,0,1677178500.0,,,1677178505.0,1677178510.0,1677178526.0,45904035.5,1677178552.0,1677178590.0,1677178536.0,1677178540.0,254.0,1677178590.0,1677178595.0,5.0,,47.0,38.0,5.0,16.0,377646203.0,4.0,1063.0,poseidon,condorpool,poseidon-worker-3-container-24-31,xgboost_hp_tuning,/srv/xgboost_hp_tuning,,19.1,0,0,,,,,,,,,
xgboost_hp_tuning_ID0000012_pegasus-plan_ID0000016,None,compute,0,1677178500.0,,,1677178505.0,1677178511.0,1677178526.0,45861771.5,1677178553.0,1677178595.0,1677178538.0,1677178542.0,254.0,1677178595.0,1677178600.0,5.0,,48.0,42.0,5.0,15.0,377646203.0,4.0,1050.0,poseidon,condorpool,poseidon-worker-3-container-32-39,xgboost_hp_tuning,/srv/xgboost_hp_tuning,,29.3,0,0,,,,,,,,,
xgboost_hp_tuning_ID0000023_pegasus-plan_ID0000016,None,compute,0,1677178500.0,,,1677178505.0,1677178511.0,1677178526.0,45736165.2,1677178553.0,1677178590.0,1677178537.0,1677178541.0,256.0,1677178590.0,1677178595.0,5.0,,48.0,37.0,5.0,15.0,377646203.0,4.0,1090.0,poseidon,condorpool,poseidon-worker-1-container-32-39,xgboost_hp_tuning,/srv/xgboost_hp_tuning,,15.4,0,0,,,,,,,,,
xgboost_hp_tuning_ID0000002_pegasus-plan_ID0000016,None,compute,0,1677178500.0,,,1677178505.0,1677178510.0,1677178525.0,45882345.5,1677178552.0,1677178590.0,1677178535.0,1677178539.0,249.0,1677178590.0,1677178595.0,5.0,,47.0,38.0,5.0,15.0,377646203.0,4.0,1061.0,poseidon,condorpool,poseidon-worker-3-container-16-23,xgboost_hp_tuning,/srv/xgboost_hp_tuning,,15.5,0,0,,,,,,,,,
xgboost_hp_tuning_ID0000014_pegasus-plan_ID0000016,None,compute,0,1677178500.0,,,1677178505.0,1677178472.0,1677178487.0,45918175.8,1677178514.0,1677178555.0,1677178497.0,1677178502.0,246.0,1677178555.0,1677178560.0,5.0,,9.0,41.0,5.0,15.0,377646203.0,5.0,1053.0,poseidon,condorpool,poseidon-worker-3-container-0-7,xgboost_hp_tuning,/srv/xgboost_hp_tuning,,15.9,0,0,,,,,,,,,
xgboost_hp_tuning_ID0000003_pegasus-plan_ID0000016,None,compute,0,1677178500.0,,,1677178505.0,1677178472.0,1677178488.0,45727315.8,1677178514.0,1677178555.0,1677178498.0,1677178502.0,251.0,1677178555.0,1677178560.0,5.0,,9.0,41.0,5.0,16.0,377646203.0,4.0,1067.0,poseidon,condorpool,poseidon-worker-1-container-16-23,xgboost_hp_tuning,/srv/xgboost_hp_tuning,,15.9,0,0,,,,,,,,,
xgboost_hp_tuning_ID0000015_pegasus-plan_ID0000016,None,compute,0,1677178500.0,,,1677178505.0,1677178472.0,1677178488.0,45611605.8,1677178514.0,1677178555.0,1677178498.0,1677178502.0,245.0,1677178555.0,1677178560.0,5.0,,9.0,41.0,5.0,16.0,377646203.0,4.0,1054.0,poseidon,condorpool,poseidon-worker-1-container-24-31,xgboost_hp_tuning,/srv/xgboost_hp_tuning,,15.7,0,0,,,,,,,,,
xgboost_hp_tuning_ID0000004_pegasus-plan_ID0000016,None,compute,0,1677178500.0,,,1677178505.0,1677178472.0,1677178488.0,45282861.2,1677178514.0,1677178555.0,1677178498.0,1677178502.0,254.0,1677178555.0,1677178560.0,5.0,,9.0,41.0,5.0,16.0,377646203.0,4.0,1063.0,poseidon,condorpool,poseidon-worker-1-container-0-7,xgboost_hp_tuning,/srv/xgboost_hp_tuning,,15.9,0,0,,,,,,,,,
xgboost_hp_tuning_ID0000016_pegasus-plan_ID0000016,None,compute,0,1677178500.0,,,1677178505.0,1677178472.0,1677178488.0,45707300.0,1677178514.0,1677178555.0,1677178498.0,1677178502.0,246.0,1677178555.0,1677178560.0,5.0,,9.0,41.0,5.0,16.0,377646203.0,4.0,1054.0,poseidon,condorpool,poseidon-worker-2-container-8-15,xgboost_hp_tuning,/srv/xgboost_hp_tuning,,16.2,0,0,,,,,,,,,
xgboost_hp_tuning_ID0000005_pegasus-plan_ID0000016,None,compute,0,1677178500.0,,,1677178505.0,1677178472.0,1677178488.0,45797718.8,1677178514.0,1677178555.0,1677178498.0,1677178502.0,255.0,1677178555.0,1677178560.0,5.0,,9.0,41.0,5.0,16.0,377646203.0,4.0,1076.0,poseidon,condorpool,poseidon-worker-1-container-8-15,xgboost_hp_tuning,/srv/xgboost_hp_tuning,,15.2,0,0,,,,,,,,,
xgboost_hp_tuning_ID0000013_pegasus-plan_ID0000016,None,compute,0,1677178500.0,,,1677178505.0,1677178510.0,1677178526.0,45911296.0,1677178552.0,1677178590.0,1677178536.0,1677178540.0,251.0,1677178590.0,1677178595.0,5.0,,47.0,38.0,5.0,16.0,377646203.0,4.0,1056.0,poseidon,condorpool,poseidon-worker-3-container-0-7,xgboost_hp_tuning,/srv/xgboost_hp_tuning,,17.8,0,0,,,,,,,,,
xgboost_hp_tuning_ID0000006_pegasus-plan_ID0000016,None,compute,0,1677178500.0,,,1677178505.0,1677178472.0,1677178488.0,45732896.0,1677178514.0,1677178555.0,1677178498.0,1677178502.0,253.0,1677178555.0,1677178560.0,5.0,,9.0,41.0,5.0,16.0,377646203.0,4.0,1068.0,poseidon,condorpool,poseidon-worker-2-container-24-31,xgboost_hp_tuning,/srv/xgboost_hp_tuning,,17.6,0,0,,,,,,,,,
xgboost_hp_tuning_ID0000010_pegasus-plan_ID0000016,None,compute,0,1677178500.0,,,1677178505.0,1677178472.0,1677178488.0,45625805.0,1677178514.0,1677178555.0,1677178498.0,1677178502.0,250.0,1677178555.0,1677178560.0,5.0,,9.0,41.0,5.0,16.0,377646203.0,4.0,1048.0,poseidon,condorpool,poseidon-worker-1-container-32-39,xgboost_hp_tuning,/srv/xgboost_hp_tuning,,16.2,0,0,,,,,,,,,
xgboost_hp_tuning_ID0000007_pegasus-plan_ID0000016,None,compute,0,1677178500.0,,,1677178505.0,1677178472.0,1677178488.0,45754586.8,1677178514.0,1677178555.0,1677178498.0,1677178502.0,251.0,1677178555.0,1677178560.0,5.0,,9.0,41.0,5.0,16.0,377646203.0,4.0,1067.0,poseidon,condorpool,poseidon-worker-2-container-0-7,xgboost_hp_tuning,/srv/xgboost_hp_tuning,,15.6,0,0,,,,,,,,,
xgboost_hp_tuning_ID0000019_pegasus-plan_ID0000016,None,compute,0,1677178500.0,,,1677178505.0,1677178472.0,1677178488.0,45908391.5,1677178514.0,1677178555.0,1677178498.0,1677178502.0,253.0,1677178555.0,1677178560.0,5.0,,9.0,41.0,5.0,16.0,377646203.0,4.0,1059.0,poseidon,condorpool,poseidon-worker-3-container-24-31,xgboost_hp_tuning,/srv/xgboost_hp_tuning,,15.3,0,0,,,,,,,,,
xgboost_hp_tuning_ID0000008_pegasus-plan_ID0000016,None,compute,0,1677178500.0,,,1677178505.0,1677178472.0,1677178488.0,45716551.0,1677178514.0,1677178555.0,1677178498.0,1677178502.0,253.0,1677178555.0,1677178560.0,5.0,,9.0,41.0,5.0,16.0,377646203.0,4.0,1058.0,poseidon,condorpool,poseidon-worker-2-container-32-39,xgboost_hp_tuning,/srv/xgboost_hp_tuning,,17.6,0,0,,,,,,,,,
xgboost_hp_tuning_ID0000020_pegasus-plan_ID0000016,None,compute,0,1677178500.0,,,1677178505.0,1677178472.0,1677178488.0,45695900.8,1677178514.0,1677178555.0,1677178498.0,1677178502.0,253.0,1677178555.0,1677178560.0,5.0,,9.0,41.0,5.0,16.0,377646203.0,4.0,1063.0,poseidon,condorpool,poseidon-worker-1-container-40-47,xgboost_hp_tuning,/srv/xgboost_hp_tuning,,15.3,0,0,,,,,,,,,
xgboost_hp_tuning_ID0000021_pegasus-plan_ID0000016,None,compute,0,1677178500.0,,,1677178505.0,1677178472.0,1677178488.0,45712219.5,1677178514.0,1677178555.0,1677178498.0,1677178502.0,249.0,1677178555.0,1677178560.0,5.0,,9.0,41.0,5.0,16.0,377646203.0,4.0,1065.0,poseidon,condorpool,poseidon-worker-2-container-16-23,xgboost_hp_tuning,/srv/xgboost_hp_tuning,,15.4,0,0,,,,,,,,,
xgboost_hp_tuning_ID0000022_pegasus-plan_ID0000016,None,compute,0,1677178500.0,,,1677178505.0,1677178472.0,1677178488.0,45870299.8,1677178514.0,1677178555.0,1677178498.0,1677178502.0,244.0,1677178555.0,1677178560.0,5.0,,9.0,41.0,5.0,16.0,377646203.0,4.0,1061.0,poseidon,condorpool,poseidon-worker-3-container-32-39,xgboost_hp_tuning,/srv/xgboost_hp_tuning,,15.6,0,0,,,,,,,,,
xgboost_hp_tuning_ID0000011_pegasus-plan_ID0000016,None,compute,0,1677178500.0,,,1677178505.0,1677178472.0,1677178487.0,45921671.5,1677178514.0,1677178555.0,1677178499.0,1677178503.0,252.0,1677178555.0,1677178560.0,5.0,,9.0,41.0,5.0,15.0,377646203.0,4.0,1048.0,poseidon,condorpool,poseidon-worker-3-container-40-47,xgboost_hp_tuning,/srv/xgboost_hp_tuning,,26.5,0,0,,,,,,,,,
xgboost_hp_tuning_ID0000009_pegasus-plan_ID0000016,None,compute,0,1677178500.0,,,1677178505.0,1677178472.0,1677178488.0,45731067.0,1677178514.0,1677178555.0,1677178498.0,1677178502.0,244.0,1677178555.0,1677178560.0,5.0,,9.0,41.0,5.0,16.0,377646203.0,4.0,1059.0,poseidon,condorpool,poseidon-worker-2-container-40-47,xgboost_hp_tuning,/srv/xgboost_hp_tuning,,14.7,0,0,,,,,,,,,
xgboost_hp_tuning_ID0000018_pegasus-plan_ID0000016,None,compute,0,1677178500.0,,,1677178505.0,1677178472.0,1677178488.0,45834011.5,1677178514.0,1677178555.0,1677178497.0,1677178501.0,246.0,1677178555.0,1677178560.0,5.0,,9.0,41.0,5.0,16.0,377646203.0,4.0,1052.0,poseidon,condorpool,poseidon-worker-3-container-16-23,xgboost_hp_tuning,/srv/xgboost_hp_tuning,,13.7,0,0,,,,,,,,,
xgboost_hp_tuning_ID0000016_pegasus-plan_ID0000012,None,compute,0,1677178505.0,,,1677178511.0,1677178995.0,1677179012.0,51498339.0,1677179037.0,1677179101.0,1677179046.0,1677179050.0,256.0,1677179101.0,1677179106.0,6.0,,526.0,64.0,5.0,17.0,502672266.0,4.0,1054.0,poseidon,condorpool,poseidon-worker-3-container-32-39,xgboost_hp_tuning,/srv/xgboost_hp_tuning,,148.9,0,0,0.0,157970853.0,40.0,3319.0,2.0,99.8,3.0,7898542.7,4.0
xgboost_hp_tuning_ID0000005_pegasus-plan_ID0000012,None,compute,0,1677178505.0,,,1677178511.0,1677178989.0,1677179006.0,51339828.0,1677179031.0,1677179091.0,1677179034.0,1677179038.0,263.0,1677179091.0,1677179096.0,6.0,,520.0,60.0,5.0,17.0,502672266.0,4.0,1077.0,poseidon,condorpool,poseidon-worker-1-container-16-23,xgboost_hp_tuning,/srv/xgboost_hp_tuning,,114.6,0,0,0.1,157972732.0,40.0,3321.0,2.0,104.1,3.3,7898636.6,4.0
xgboost_hp_tuning_ID0000017_pegasus-plan_ID0000012,None,compute,0,1677178505.0,,,1677178511.0,1677178989.0,1677179006.0,51309880.7,1677179031.0,1677179091.0,1677179037.0,1677179041.0,255.0,1677179091.0,1677179096.0,6.0,,520.0,60.0,5.0,17.0,502672266.0,4.0,1054.0,poseidon,condorpool,poseidon-worker-2-container-16-23,xgboost_hp_tuning,/srv/xgboost_hp_tuning,,138.3,0,0,0.1,157972719.0,40.0,3321.0,2.0,108.9,3.3,7898636.0,4.0
xgboost_hp_tuning_ID0000019_pegasus-plan_ID0000012,None,compute,0,1677178505.0,,,1677178511.0,1677178942.0,1677178959.0,51477736.3,1677178984.0,1677179036.0,1677178982.0,1677178986.0,257.0,1677179036.0,1677179041.0,6.0,,473.0,52.0,5.0,17.0,502672266.0,4.0,1060.0,poseidon,condorpool,poseidon-worker-3-container-32-39,xgboost_hp_tuning,/srv/xgboost_hp_tuning,,83.6,0,0,0.0,157966196.0,40.0,3303.0,2.0,41.6,2.8,15796619.6,4.0
xgboost_hp_tuning_ID0000018_pegasus-plan_ID0000012,None,compute,0,1677178505.0,,,1677178511.0,1677178950.0,1677178967.0,51406783.0,1677178992.0,1677179046.0,1677178992.0,1677178996.0,257.0,1677179046.0,1677179051.0,6.0,,481.0,54.0,5.0,17.0,502672266.0,4.0,1056.0,poseidon,condorpool,poseidon-worker-3-container-24-31,xgboost_hp_tuning,/srv/xgboost_hp_tuning,,95.7,0,0,0.0,157966194.0,40.0,3303.0,2.0,43.2,2.6,15796619.4,4.0
xgboost_hp_tuning_ID0000007_pegasus-plan_ID0000012,None,compute,0,1677178505.0,,,1677178511.0,1677178949.0,1677178966.0,51473783.0,1677178992.0,1677179046.0,1677178990.0,1677178995.0,258.0,1677179046.0,1677179051.0,6.0,,481.0,54.0,5.0,17.0,502672266.0,5.0,1066.0,poseidon,condorpool,poseidon-worker-3-container-16-23,xgboost_hp_tuning,/srv/xgboost_hp_tuning,,92.2,0,0,0.0,157966192.0,40.0,3303.0,2.0,43.3,2.5,15796619.2,4.0
xgboost_hp_tuning_ID0000004_pegasus-plan_ID0000012,None,compute,0,1677178505.0,,,1677178511.0,1677178996.0,1677179013.0,51293182.3,1677179037.0,1677179096.0,1677179041.0,1677179045.0,253.0,1677179096.0,1677179101.0,6.0,,526.0,59.0,5.0,17.0,502672266.0,4.0,1060.0,poseidon,condorpool,poseidon-worker-2-container-40-47,xgboost_hp_tuning,/srv/xgboost_hp_tuning,,121.2,0,0,0.1,157972721.0,40.0,3321.0,2.0,105.0,3.2,7898636.1,4.0
xgboost_hp_tuning_ID0000006_pegasus-plan_ID0000012,None,compute,0,1677178505.0,,,1677178511.0,1677178954.0,1677178971.0,51505177.0,1677178996.0,1677179051.0,1677178997.0,1677179001.0,261.0,1677179051.0,1677179056.0,6.0,,485.0,55.0,5.0,17.0,502672266.0,4.0,1066.0,poseidon,condorpool,poseidon-worker-3-container-8-15,xgboost_hp_tuning,/srv/xgboost_hp_tuning,,101.7,0,0,0.0,157966158.0,40.0,3303.0,2.0,40.8,2.9,15796615.8,4.0
xgboost_hp_tuning_ID0000015_pegasus-plan_ID0000012,None,compute,0,1677178505.0,,,1677178511.0,1677178997.0,1677179014.0,51363209.3,1677179039.0,1677179096.0,1677179039.0,1677179043.0,257.0,1677179096.0,1677179101.0,6.0,,528.0,57.0,5.0,17.0,502672266.0,4.0,1053.0,poseidon,condorpool,poseidon-worker-2-container-0-7,xgboost_hp_tuning,/srv/xgboost_hp_tuning,,90.6,0,0,0.1,157967996.0,40.0,3305.0,2.0,42.9,2.6,15796799.6,4.0
xgboost_hp_tuning_ID0000013_pegasus-plan_ID0000012,None,compute,0,1677178505.0,,,1677178511.0,1677179005.0,1677179021.0,51529335.3,1677179047.0,1677179111.0,1677179057.0,1677179061.0,257.0,1677179111.0,1677179116.0,6.0,,536.0,64.0,5.0,16.0,502672266.0,4.0,1056.0,poseidon,condorpool,poseidon-worker-3-container-24-31,xgboost_hp_tuning,/srv/xgboost_hp_tuning,,150.8,0,0,0.0,157970851.0,40.0,3319.0,2.0,94.6,3.1,7898542.5,4.0
xgboost_hp_tuning_ID0000014_pegasus-plan_ID0000012,None,compute,0,1677178505.0,,,1677178511.0,1677179003.0,1677179020.0,51535553.7,1677179045.0,1677179101.0,1677179043.0,1677179047.0,259.0,1677179101.0,1677179106.0,6.0,,534.0,56.0,5.0,17.0,502672266.0,4.0,1055.0,poseidon,condorpool,poseidon-worker-3-container-16-23,xgboost_hp_tuning,/srv/xgboost_hp_tuning,,85.8,0,0,0.0,157966192.0,40.0,3303.0,2.0,45.2,2.5,15796619.2,4.0
xgboost_hp_tuning_ID0000002_pegasus-plan_ID0000012,None,compute,0,1677178505.0,,,1677178511.0,1677179004.0,1677179021.0,51339541.0,1677179046.0,1677179106.0,1677179052.0,1677179056.0,258.0,1677179106.0,1677179111.0,6.0,,535.0,60.0,5.0,17.0,502672266.0,4.0,1064.0,poseidon,condorpool,poseidon-worker-2-container-8-15,xgboost_hp_tuning,/srv/xgboost_hp_tuning,,136.2,0,0,0.0,157972682.0,40.0,3321.0,2.0,109.6,3.5,7898634.1,4.0
xgboost_hp_tuning_ID0000008_pegasus-plan_ID0000012,None,compute,0,1677178505.0,,,1677178511.0,1677178938.0,1677178955.0,51197333.7,1677178980.0,1677179046.0,1677178987.0,1677178992.0,256.0,1677179046.0,1677179051.0,6.0,,469.0,66.0,5.0,17.0,502672266.0,5.0,1057.0,poseidon,condorpool,poseidon-worker-2-container-24-31,xgboost_hp_tuning,/srv/xgboost_hp_tuning,,143.8,0,0,0.0,157972718.0,40.0,3321.0,2.0,103.9,3.5,7898635.9,4.0
xgboost_hp_tuning_ID0000001_pegasus-plan_ID0000012,None,compute,0,1677178505.0,,,1677178511.0,1677179009.0,1677179026.0,51500061.0,1677179051.0,1677179116.0,1677179059.0,1677179063.0,261.0,1677179116.0,1677179122.0,6.0,,540.0,65.0,6.0,17.0,502672266.0,4.0,1061.0,poseidon,condorpool,poseidon-worker-3-container-8-15,xgboost_hp_tuning,/srv/xgboost_hp_tuning,,143.0,0,0,0.1,157970817.0,40.0,3319.0,2.0,98.2,3.3,7898540.8,4.0
xgboost_hp_tuning_ID0000012_pegasus-plan_ID0000012,None,compute,0,1677178505.0,,,1677178511.0,1677179010.0,1677179027.0,50665567.7,1677179052.0,1677179111.0,1677179057.0,1677179061.0,253.0,1677179111.0,1677179116.0,6.0,,541.0,59.0,5.0,17.0,502672266.0,4.0,1050.0,poseidon,condorpool,poseidon-worker-1-container-0-7,xgboost_hp_tuning,/srv/xgboost_hp_tuning,,128.7,0,0,0.1,157972658.0,40.0,3321.0,2.0,107.3,3.8,7898632.9,4.0
xgboost_hp_tuning_ID0000023_pegasus-plan_ID0000012,None,compute,0,1677178505.0,,,1677178511.0,1677179016.0,1677179033.0,51499313.0,1677179058.0,1677179122.0,1677179064.0,1677179068.0,267.0,1677179122.0,1677179127.0,6.0,,547.0,64.0,5.0,17.0,502672266.0,4.0,1091.0,poseidon,condorpool,poseidon-worker-3-container-0-7,xgboost_hp_tuning,/srv/xgboost_hp_tuning,,136.2,0,0,0.0,157970775.0,40.0,3319.0,2.0,102.2,3.5,7898538.8,4.0
xgboost_hp_tuning_ID0000009_pegasus-plan_ID0000020,None,compute,0,1677178505.0,,,1677178510.0,1677178511.0,1677178541.0,75136844.5,1677178553.0,1677178966.0,1677178909.0,1677178913.0,257.0,1677178966.0,1677178971.0,5.0,,43.0,413.0,5.0,30.0,1691153157.0,4.0,1056.0,poseidon,condorpool,poseidon-worker-2-container-40-47,xgboost_hp_tuning,/srv/xgboost_hp_tuning,,2080.1,0,0,0.0,1346580019.0,40.0,3816.0,2.0,1962.2,59.4,3847371.5,4.0
xgboost_hp_tuning_ID0000002_pegasus-plan_ID0000020,None,compute,0,1677178505.0,,,1677178510.0,1677178889.0,1677178918.0,75114921.7,1677178930.0,1677179316.0,1677179258.0,1677179262.0,258.0,1677179316.0,1677179321.0,5.0,,420.0,386.0,5.0,29.0,1691153157.0,4.0,1063.0,poseidon,condorpool,poseidon-worker-1-container-8-15,xgboost_hp_tuning,/srv/xgboost_hp_tuning,,1769.0,0,0,0.1,1346572290.0,40.0,3786.0,2.0,1711.2,53.6,4080522.1,4.0
xgboost_hp_tuning_ID0000013_pegasus-plan_ID0000020,None,compute,0,1677178505.0,,,1677178510.0,1677178894.0,1677178923.0,74978995.6,1677178935.0,1677179351.0,1677179295.0,1677179299.0,258.0,1677179351.0,1677179356.0,5.0,,425.0,416.0,5.0,29.0,1691153157.0,4.0,1054.0,poseidon,condorpool,poseidon-worker-1-container-32-39,xgboost_hp_tuning,/srv/xgboost_hp_tuning,,2089.5,0,0,0.1,1346583912.0,40.0,3831.0,2.0,2012.8,59.7,3740510.9,4.0
xgboost_hp_tuning_ID0000001_pegasus-plan_ID0000020,None,compute,0,1677178505.0,,,1677178510.0,1677178911.0,1677178941.0,75089173.5,1677178953.0,1677179291.0,1677179234.0,1677179239.0,257.0,1677179291.0,1677179296.0,5.0,,443.0,338.0,5.0,30.0,1691153157.0,5.0,1062.0,poseidon,condorpool,poseidon-worker-2-container-32-39,xgboost_hp_tuning,/srv/xgboost_hp_tuning,,1605.4,0,0,0.1,1346553227.0,40.0,3711.0,2.0,1534.6,42.0,4809118.7,4.0
xgboost_hp_tuning_ID0000003_pegasus-plan_ID0000012,None,compute,0,1677178505.0,,,1677178511.0,1677179000.0,1677179017.0,51310120.3,1677179042.0,1677179096.0,1677179041.0,1677179046.0,255.0,1677179096.0,1677179101.0,6.0,,531.0,54.0,5.0,17.0,502672266.0,5.0,1067.0,poseidon,condorpool,poseidon-worker-2-container-24-31,xgboost_hp_tuning,/srv/xgboost_hp_tuning,,91.9,0,0,0.0,157968069.0,40.0,3305.0,2.0,43.1,2.8,15796806.9,4.0
xgboost_hp_tuning_ID0000020_pegasus-plan_ID0000012,None,compute,0,1677178505.0,,,1677178511.0,1677178934.0,1677178951.0,50656735.7,1677178976.0,1677179051.0,1677178997.0,1677179001.0,257.0,1677179051.0,1677179056.0,6.0,,465.0,75.0,5.0,17.0,502672266.0,4.0,1063.0,poseidon,condorpool,poseidon-worker-1-container-0-7,xgboost_hp_tuning,/srv/xgboost_hp_tuning,,202.0,0,0,0.0,157976473.0,40.0,3336.0,2.0,154.3,3.7,5265882.4,4.0
xgboost_hp_tuning_ID0000011_pegasus-plan_ID0000012,None,compute,0,1677178505.0,,,1677178511.0,1677178922.0,1677178939.0,51391952.3,1677178964.0,1677179036.0,1677178983.0,1677178987.0,257.0,1677179036.0,1677179041.0,6.0,,453.0,72.0,5.0,17.0,502672266.0,4.0,1050.0,poseidon,condorpool,poseidon-worker-2-container-40-47,xgboost_hp_tuning,/srv/xgboost_hp_tuning,,169.4,0,0,0.1,157976551.0,40.0,3336.0,2.0,125.0,2.7,5265885.0,4.0
xgboost_hp_tuning_ID0000010_pegasus-plan_ID0000012,None,compute,0,1677178505.0,,,1677178511.0,1677178926.0,1677178943.0,51285830.3,1677178968.0,1677179041.0,1677178984.0,1677178989.0,255.0,1677179041.0,1677179046.0,6.0,,457.0,73.0,5.0,17.0,502672266.0,5.0,1050.0,poseidon,condorpool,poseidon-worker-2-container-0-7,xgboost_hp_tuning,/srv/xgboost_hp_tuning,,186.6,0,0,0.1,157976468.0,40.0,3336.0,2.0,155.1,3.1,5265882.3,4.0
xgboost_hp_tuning_ID0000023_pegasus-plan_ID0000020,None,compute,0,1677178505.0,,,1677178510.0,1677178919.0,1677178948.0,75297941.7,1677178961.0,1677179326.0,1677179267.0,1677179271.0,266.0,1677179326.0,1677179331.0,5.0,,451.0,365.0,5.0,29.0,1691153157.0,4.0,1090.0,poseidon,condorpool,poseidon-worker-3-container-40-47,xgboost_hp_tuning,/srv/xgboost_hp_tuning,,1697.3,0,0,0.0,1346559036.0,40.0,3739.0,2.0,1585.5,48.5,4488530.1,4.0
xgboost_hp_tuning_ID0000006_pegasus-plan_ID0000020,None,compute,0,1677178505.0,,,1677178510.0,1677178511.0,1677178541.0,74624398.8,1677178553.0,1677178976.0,1677178921.0,1677178925.0,258.0,1677178976.0,1677178981.0,5.0,,43.0,423.0,5.0,30.0,1691153157.0,4.0,1066.0,poseidon,condorpool,poseidon-worker-1-container-0-7,xgboost_hp_tuning,/srv/xgboost_hp_tuning,,2103.9,0,0,0.1,1346586396.0,40.0,3846.0,2.0,2029.9,69.5,3639422.7,4.0
xgboost_hp_tuning_ID0000017_pegasus-plan_ID0000020,None,compute,0,1677178505.0,,,1677178510.0,1677178511.0,1677178541.0,75146707.0,1677178553.0,1677178956.0,1677178898.0,1677178902.0,251.0,1677178956.0,1677178961.0,5.0,,43.0,403.0,5.0,30.0,1691153157.0,4.0,1054.0,poseidon,condorpool,poseidon-worker-2-container-32-39,xgboost_hp_tuning,/srv/xgboost_hp_tuning,,1984.0,0,0,0.1,1346575368.0,40.0,3801.0,2.0,1874.9,58.8,3960515.8,4.0
xgboost_hp_tuning_ID0000005_pegasus-plan_ID0000020,None,compute,0,1677178505.0,,,1677178510.0,1677178512.0,1677178541.0,75224754.1,1677178554.0,1677178926.0,1677178870.0,1677178874.0,265.0,1677178926.0,1677178931.0,5.0,,44.0,372.0,5.0,29.0,1691153157.0,4.0,1078.0,poseidon,condorpool,poseidon-worker-3-container-40-47,xgboost_hp_tuning,/srv/xgboost_hp_tuning,,1726.7,0,0,0.1,1346562881.0,40.0,3754.0,2.0,1608.1,52.7,4343751.2,4.0
xgboost_hp_tuning_ID0000018_pegasus-plan_ID0000020,None,compute,0,1677178505.0,,,1677178510.0,1677178511.0,1677178541.0,75117833.5,1677178553.0,1677178971.0,1677178913.0,1677178917.0,251.0,1677178971.0,1677178976.0,5.0,,43.0,418.0,5.0,30.0,1691153157.0,4.0,1055.0,poseidon,condorpool,poseidon-worker-2-container-0-7,xgboost_hp_tuning,/srv/xgboost_hp_tuning,,2053.8,0,0,0.1,1346582632.0,40.0,3831.0,2.0,1966.0,69.2,3740507.3,4.0
xgboost_hp_tuning_ID0000012_pegasus-plan_ID0000020,None,compute,0,1677178505.0,,,1677178510.0,1677178912.0,1677178941.0,75192570.1,1677178953.0,1677179266.0,1677179208.0,1677179212.0,255.0,1677179266.0,1677179271.0,5.0,,443.0,313.0,5.0,29.0,1691153157.0,4.0,1049.0,poseidon,condorpool,poseidon-worker-1-container-40-47,xgboost_hp_tuning,/srv/xgboost_hp_tuning,,1343.8,0,0,0.1,1346541723.0,40.0,3666.0,2.0,1255.2,41.2,5386166.9,4.0
xgboost_hp_tuning_ID0000019_pegasus-plan_ID0000020,None,compute,0,1677178505.0,,,1677178510.0,1677178511.0,1677178541.0,74828642.4,1677178553.0,1677179111.0,1677179057.0,1677179061.0,259.0,1677179111.0,1677179116.0,5.0,,43.0,558.0,5.0,30.0,1691153157.0,4.0,1061.0,poseidon,condorpool,poseidon-worker-1-container-24-31,xgboost_hp_tuning,/srv/xgboost_hp_tuning,,3038.5,0,0,0.1,1346636363.0,40.0,4041.0,2.0,2930.1,62.9,2693272.7,4.0
xgboost_hp_tuning_ID0000008_pegasus-plan_ID0000020,None,compute,0,1677178505.0,,,1677178510.0,1677178511.0,1677178541.0,75047581.2,1677178553.0,1677178956.0,1677178898.0,1677178903.0,256.0,1677178956.0,1677178961.0,5.0,,43.0,403.0,5.0,30.0,1691153157.0,5.0,1060.0,poseidon,condorpool,poseidon-worker-1-container-40-47,xgboost_hp_tuning,/srv/xgboost_hp_tuning,,1930.9,0,0,0.0,1346575305.0,40.0,3801.0,2.0,1816.4,65.1,3960515.6,4.0
xgboost_hp_tuning_ID0000020_pegasus-plan_ID0000020,None,compute,0,1677178505.0,,,1677178510.0,1677178511.0,1677178540.0,74926154.4,1677178553.0,1677178971.0,1677178913.0,1677178917.0,257.0,1677178971.0,1677178976.0,5.0,,43.0,418.0,5.0,29.0,1691153157.0,4.0,1063.0,poseidon,condorpool,poseidon-worker-1-container-16-23,xgboost_hp_tuning,/srv/xgboost_hp_tuning,,2053.8,0,0,0.1,1346582985.0,40.0,3831.0,2.0,1966.9,65.2,3740508.3,4.0
xgboost_hp_tuning_ID0000021_pegasus-plan_ID0000012,None,compute,0,1677178505.0,,,1677178511.0,1677178926.0,1677178943.0,51383868.3,1677178968.0,1677179031.0,1677178976.0,1677178980.0,256.0,1677179031.0,1677179036.0,6.0,,457.0,63.0,5.0,17.0,502672266.0,4.0,1062.0,poseidon,condorpool,poseidon-worker-1-container-16-23,xgboost_hp_tuning,/srv/xgboost_hp_tuning,,142.5,0,0,0.0,157972727.0,40.0,3321.0,2.0,98.7,3.3,7898636.3,4.0
xgboost_hp_tuning_ID0000021_pegasus-plan_ID0000020,None,compute,0,1677178505.0,,,1677178510.0,1677178511.0,1677178541.0,75222112.8,1677178553.0,1677178981.0,1677178925.0,1677178929.0,253.0,1677178981.0,1677178986.0,5.0,,43.0,428.0,5.0,30.0,1691153157.0,4.0,1064.0,poseidon,condorpool,poseidon-worker-2-container-24-31,xgboost_hp_tuning,/srv/xgboost_hp_tuning,,2134.4,0,0,0.1,1346586812.0,40.0,3846.0,2.0,2040.9,63.3,3639423.8,4.0
xgboost_hp_tuning_ID0000022_pegasus-plan_ID0000020,None,compute,0,1677178505.0,,,1677178510.0,1677178511.0,1677178540.0,75225784.5,1677178553.0,1677178931.0,1677178875.0,1677178880.0,259.0,1677178931.0,1677178936.0,5.0,,43.0,378.0,5.0,29.0,1691153157.0,5.0,1063.0,poseidon,condorpool,poseidon-worker-1-container-8-15,xgboost_hp_tuning,/srv/xgboost_hp_tuning,,1736.7,0,0,0.1,1346567580.0,40.0,3771.0,2.0,1641.7,57.7,4208023.7,4.0
xgboost_hp_tuning_ID0000011_pegasus-plan_ID0000020,None,compute,0,1677178505.0,,,1677178510.0,1677178511.0,1677178545.0,61530226.8,1677178553.0,1677178996.0,1677178941.0,1677178945.0,256.0,1677178996.0,1677179001.0,5.0,,43.0,443.0,5.0,34.0,1691153157.0,4.0,1051.0,poseidon,condorpool,poseidon-worker-3-container-8-15,xgboost_hp_tuning,/srv/xgboost_hp_tuning,,2182.3,0,0,0.1,1346588548.0,40.0,3859.0,2.0,2072.3,65.2,3543654.1,4.0
xgboost_hp_tuning_ID0000016_pegasus-plan_ID0000020,None,compute,0,1677178505.0,,,1677178510.0,1677178548.0,1677178577.0,75280161.7,1677178590.0,1677178991.0,1677178937.0,1677178941.0,254.0,1677178991.0,1677178996.0,5.0,,80.0,401.0,5.0,29.0,1691153157.0,4.0,1053.0,poseidon,condorpool,poseidon-worker-3-container-16-23,xgboost_hp_tuning,/srv/xgboost_hp_tuning,,2020.2,0,0,0.0,1346574168.0,40.0,3799.0,2.0,1891.0,63.3,3960512.3,4.0
xgboost_hp_tuning_ID0000004_pegasus-plan_ID0000020,None,compute,0,1677178505.0,,,1677178510.0,1677178549.0,1677178578.0,75323843.8,1677178591.0,1677179016.0,1677178962.0,1677178966.0,260.0,1677179016.0,1677179021.0,5.0,,81.0,425.0,5.0,29.0,1691153157.0,4.0,1060.0,poseidon,condorpool,poseidon-worker-3-container-0-7,xgboost_hp_tuning,/srv/xgboost_hp_tuning,,2106.3,0,0,0.0,1346585294.0,40.0,3844.0,2.0,2013.1,58.0,3639419.7,4.0
xgboost_hp_tuning_ID0000015_pegasus-plan_ID0000020,None,compute,0,1677178505.0,,,1677178510.0,1677178549.0,1677178578.0,75351323.5,1677178591.0,1677178996.0,1677178938.0,1677178942.0,255.0,1677178996.0,1677179001.0,5.0,,81.0,405.0,5.0,29.0,1691153157.0,4.0,1051.0,poseidon,condorpool,poseidon-worker-3-container-24-31,xgboost_hp_tuning,/srv/xgboost_hp_tuning,,2011.7,0,0,0.0,1346577941.0,40.0,3814.0,2.0,1949.3,62.2,3847365.5,4.0
xgboost_hp_tuning_ID0000003_pegasus-plan_ID0000020,None,compute,0,1677178505.0,,,1677178510.0,1677178550.0,1677178579.0,75218124.4,1677178592.0,1677178936.0,1677178880.0,1677178884.0,255.0,1677178936.0,1677178941.0,5.0,,82.0,344.0,5.0,29.0,1691153157.0,4.0,1070.0,poseidon,condorpool,poseidon-worker-1-container-32-39,xgboost_hp_tuning,/srv/xgboost_hp_tuning,,1588.5,0,0,0.0,1346556865.0,40.0,3726.0,2.0,1526.0,52.5,4643299.5,4.0
xgboost_hp_tuning_ID0000014_pegasus-plan_ID0000020,None,compute,0,1677178505.0,,,1677178510.0,1677178551.0,1677178580.0,75348818.5,1677178593.0,1677178986.0,1677178929.0,1677178933.0,256.0,1677178986.0,1677178991.0,5.0,,83.0,393.0,5.0,29.0,1691153157.0,4.0,1055.0,poseidon,condorpool,poseidon-worker-3-container-32-39,xgboost_hp_tuning,/srv/xgboost_hp_tuning,,1911.7,0,0,0.0,1346570533.0,40.0,3784.0,2.0,1794.7,55.8,4080516.8,4.0
xgboost_hp_tuning_ID0000009_pegasus-plan_ID0000012,None,compute,0,1677178505.0,,,1677178510.0,1677178922.0,1677178939.0,51292833.0,1677178964.0,1677179031.0,1677178976.0,1677178980.0,255.0,1677179031.0,1677179036.0,5.0,,454.0,67.0,5.0,17.0,502672266.0,4.0,1060.0,poseidon,condorpool,poseidon-worker-2-container-16-23,xgboost_hp_tuning,/srv/xgboost_hp_tuning,,142.0,0,0,0.1,157976552.0,40.0,3336.0,2.0,133.8,3.2,5265885.1,4.0
xgboost_hp_tuning_ID0000022_pegasus-plan_ID0000012,None,compute,0,1677178505.0,,,1677178511.0,1677178923.0,1677178939.0,51296195.3,1677178964.0,1677179046.0,1677178991.0,1677178995.0,256.0,1677179046.0,1677179051.0,6.0,,453.0,82.0,5.0,16.0,502672266.0,4.0,1063.0,poseidon,condorpool,poseidon-worker-2-container-8-15,xgboost_hp_tuning,/srv/xgboost_hp_tuning,,206.6,0,0,0.1,157980339.0,40.0,3351.0,2.0,172.2,3.3,3949508.5,4.0
xgboost_hp_tuning_ID0000010_pegasus-plan_ID0000020,None,compute,0,1677178505.0,,,1677178510.0,1677178511.0,1677178541.0,75112720.4,1677178553.0,1677178966.0,1677178909.0,1677178913.0,252.0,1677178966.0,1677178971.0,5.0,,43.0,413.0,5.0,30.0,1691153157.0,4.0,1050.0,poseidon,condorpool,poseidon-worker-2-container-16-23,xgboost_hp_tuning,/srv/xgboost_hp_tuning,,2082.2,0,0,0.0,1346579149.0,40.0,3816.0,2.0,1972.6,53.0,3847369.0,4.0
xgboost_hp_tuning_ID0000007_pegasus-plan_ID0000020,None,compute,0,1677178505.0,,,1677178510.0,1677178511.0,1677178541.0,75150228.0,1677178553.0,1677178966.0,1677178909.0,1677178914.0,256.0,1677178966.0,1677178971.0,5.0,,43.0,413.0,5.0,30.0,1691153157.0,5.0,1065.0,poseidon,condorpool,poseidon-worker-2-container-8-15,xgboost_hp_tuning,/srv/xgboost_hp_tuning,,2042.5,0,0,0.0,1346578946.0,40.0,3816.0,2.0,1907.1,74.7,3847368.4,4.0
stage_out_local_condorpool_0_2_pegasus-plan_ID0000016,None,transfer,0,1677178595.0,,,1677178600.0,,,0.0,1677178600.0,1677178610.0,1677178600.0,1677178604.0,1840.0,1677178610.0,1677178615.0,5.0,,0.0,10.0,5.0,,,4.0,7426.0,poseidon,local,host-10-100-100-12.openstacklocal,pegasus::transfer,/home/poseidon/pegasus-5.1.0panorama/bin/pegasus-transfer,/home/poseidon/pegasus-5.1.0panorama/bin/../bin/pegasus-kickstart  -n pegasus::transfer -N null -i - -R local  -L xgboost_hp_tuning_group_1 -T 2023-02-23T18:54:06+00:00 /home/poseidon/pegasus-5.1.0panorama/bin/../bin/pegasus-transfer  --threads 2,1.0,0,0,,,,,,,,,
stage_out_local_condorpool_0_1_pegasus-plan_ID0000016,None,transfer,0,1677178595.0,,,1677178600.0,,,0.0,1677178600.0,1677178610.0,1677178600.0,1677178604.0,2110.0,1677178610.0,1677178615.0,5.0,,0.0,10.0,5.0,,,4.0,8507.0,poseidon,local,host-10-100-100-12.openstacklocal,pegasus::transfer,/home/poseidon/pegasus-5.1.0panorama/bin/pegasus-transfer,/home/poseidon/pegasus-5.1.0panorama/bin/../bin/pegasus-kickstart  -n pegasus::transfer -N null -i - -R local  -L xgboost_hp_tuning_group_1 -T 2023-02-23T18:54:06+00:00 /home/poseidon/pegasus-5.1.0panorama/bin/../bin/pegasus-transfer  --threads 2,1.1,0,0,,,,,,,,,
xgboost_best_params_ID0000024_pegasus-plan_ID0000016,None,compute,0,1677178600.0,,,1677178605.0,1677178883.0,1677178899.0,39903090.7,1677178925.0,1677178960.0,1677178906.0,1677178910.0,256.0,1677178960.0,1677178965.0,5.0,,320.0,35.0,5.0,16.0,368018660.0,4.0,1048.0,poseidon,condorpool,poseidon-worker-3-container-40-47,xgboost_best_params,/srv/xgboost_best_params,,0.0,0,0,,,,,,,,,
stage_out_local_condorpool_0_0_pegasus-plan_ID0000016,None,transfer,0,1677178600.0,,,1677178605.0,,,0.0,1677178605.0,1677178615.0,1677178605.0,1677178609.0,2096.0,1677178615.0,1677178620.0,5.0,,0.0,10.0,5.0,,,4.0,8458.0,poseidon,local,host-10-100-100-12.openstacklocal,pegasus::transfer,/home/poseidon/pegasus-5.1.0panorama/bin/pegasus-transfer,/home/poseidon/pegasus-5.1.0panorama/bin/../bin/pegasus-kickstart  -n pegasus::transfer -N null -i - -R local  -L xgboost_hp_tuning_group_1 -T 2023-02-23T18:54:06+00:00 /home/poseidon/pegasus-5.1.0panorama/bin/../bin/pegasus-transfer  --threads 2,1.1,0,0,,,,,,,,,
register_condorpool_0_2_pegasus-plan_ID0000016,None,auxiliary,0,1677178615.0,,,1677178620.0,,,0.0,1677178620.0,1677178625.0,,,0.0,1677178625.0,1677178630.0,5.0,,0.0,5.0,5.0,,,,,poseidon,local,host-10-100-100-12.openstacklocal,pegasus::rc-client,/home/poseidon/pegasus-5.1.0panorama/bin/pegasus-rc-client,"-n pegasus::rc-client -N null -R local  -L xgboost_hp_tuning_group_1 -T 2023-02-23T18:54:06+00:00 /home/poseidon/pegasus-5.1.0panorama/bin/pegasus-rc-client --prefix pegasus.catalog.replica.output --conf /home/poseidon/workflows/predict-future-sales-workflow/submit/poseidon/pegasus/predict-future-sales/run0124/00/00/./xgboost_hp_tuning_group_1.000/pegasus.14856925430253269445.properties -v --meta /home/poseidon/workflows/predict-future-sales-workflow/submit/poseidon/pegasus/predict-future-sales/run0124/00/00/./xgboost_hp_tuning_group_1.000/00/00/xgboost_hp_tuning_ID0000014.meta,/home/poseidon/workflows/predict-future-sales-workflow/submit/poseidon/pegasus/predict-future-sales/run0124/00/00/./xgboost_hp_tuning_group_1.000/00/00/xgboost_hp_tuning_ID0000001.meta,/home/poseidon/workflows/predict-future-sales-workflow/submit/poseidon/pegasus/predict-future-sales/run0124/00/00/./xgboost_hp_tuning_group_1.000/00/00/xgboost_hp_tuning_ID0000007.meta,/home/poseidon/workflows/predict-future-sales-workflow/submit/poseidon/pegasus/predict-future-sales/run0124/00/00/./xgboost_hp_tuning_group_1.000/00/00/xgboost_hp_tuning_ID0000004.meta,/home/poseidon/workflows/predict-future-sales-workflow/submit/poseidon/pegasus/predict-future-sales/run0124/00/00/./xgboost_hp_tuning_group_1.000/00/00/xgboost_hp_tuning_ID0000022.meta,/home/poseidon/workflows/predict-future-sales-workflow/submit/poseidon/pegasus/predict-future-sales/run0124/00/00/./xgboost_hp_tuning_group_1.000/00/00/xgboost_hp_tuning_ID0000020.meta,/home/poseidon/workflows/predict-future-sales-workflow/submit/poseidon/pegasus/predict-future-sales/run0124/00/00/./xgboost_hp_tuning_group_1.000/00/00/xgboost_hp_tuning_ID0000017.meta --insert /home/poseidon/workflows/predict-future-sales-workflow/submit/poseidon/pegasus/predict-future-sales/run0124/00/00/./xgboost_hp_tuning_group_1.000/00/00/register_condorpool_0_2.in",3.1,0,0,,,,,,,,,
register_condorpool_0_1_pegasus-plan_ID0000016,None,auxiliary,0,1677178615.0,,,1677178630.0,,,0.0,1677178630.0,1677178635.0,,,0.0,1677178635.0,1677178640.0,15.0,,0.0,5.0,5.0,,,,,poseidon,local,host-10-100-100-12.openstacklocal,pegasus::rc-client,/home/poseidon/pegasus-5.1.0panorama/bin/pegasus-rc-client,"-n pegasus::rc-client -N null -R local  -L xgboost_hp_tuning_group_1 -T 2023-02-23T18:54:06+00:00 /home/poseidon/pegasus-5.1.0panorama/bin/pegasus-rc-client --prefix pegasus.catalog.replica.output --conf /home/poseidon/workflows/predict-future-sales-workflow/submit/poseidon/pegasus/predict-future-sales/run0124/00/00/./xgboost_hp_tuning_group_1.000/pegasus.14856925430253269445.properties -v --meta /home/poseidon/workflows/predict-future-sales-workflow/submit/poseidon/pegasus/predict-future-sales/run0124/00/00/./xgboost_hp_tuning_group_1.000/00/00/xgboost_hp_tuning_ID0000019.meta,/home/poseidon/workflows/predict-future-sales-workflow/submit/poseidon/pegasus/predict-future-sales/run0124/00/00/./xgboost_hp_tuning_group_1.000/00/00/xgboost_hp_tuning_ID0000003.meta,/home/poseidon/workflows/predict-future-sales-workflow/submit/poseidon/pegasus/predict-future-sales/run0124/00/00/./xgboost_hp_tuning_group_1.000/00/00/xgboost_hp_tuning_ID0000006.meta,/home/poseidon/workflows/predict-future-sales-workflow/submit/poseidon/pegasus/predict-future-sales/run0124/00/00/./xgboost_hp_tuning_group_1.000/00/00/xgboost_hp_tuning_ID0000016.meta,/home/poseidon/workflows/predict-future-sales-workflow/submit/poseidon/pegasus/predict-future-sales/run0124/00/00/./xgboost_hp_tuning_group_1.000/00/00/xgboost_hp_tuning_ID0000013.meta,/home/poseidon/workflows/predict-future-sales-workflow/submit/poseidon/pegasus/predict-future-sales/run0124/00/00/./xgboost_hp_tuning_group_1.000/00/00/xgboost_hp_tuning_ID0000023.meta,/home/poseidon/workflows/predict-future-sales-workflow/submit/poseidon/pegasus/predict-future-sales/run0124/00/00/./xgboost_hp_tuning_group_1.000/00/00/xgboost_hp_tuning_ID0000011.meta,/home/poseidon/workflows/predict-future-sales-workflow/submit/poseidon/pegasus/predict-future-sales/run0124/00/00/./xgboost_hp_tuning_group_1.000/00/00/xgboost_hp_tuning_ID0000021.meta --insert /home/poseidon/workflows/predict-future-sales-workflow/submit/poseidon/pegasus/predict-future-sales/run0124/00/00/./xgboost_hp_tuning_group_1.000/00/00/register_condorpool_0_1.in",3.0,0,0,,,,,,,,,
register_condorpool_0_0_pegasus-plan_ID0000016,None,auxiliary,0,1677178620.0,,,1677178640.0,,,0.0,1677178640.0,1677178645.0,,,0.0,1677178645.0,1677178650.0,20.0,,0.0,5.0,5.0,,,,,poseidon,local,host-10-100-100-12.openstacklocal,pegasus::rc-client,/home/poseidon/pegasus-5.1.0panorama/bin/pegasus-rc-client,"-n pegasus::rc-client -N null -R local  -L xgboost_hp_tuning_group_1 -T 2023-02-23T18:54:06+00:00 /home/poseidon/pegasus-5.1.0panorama/bin/pegasus-rc-client --prefix pegasus.catalog.replica.output --conf /home/poseidon/workflows/predict-future-sales-workflow/submit/poseidon/pegasus/predict-future-sales/run0124/00/00/./xgboost_hp_tuning_group_1.000/pegasus.14856925430253269445.properties -v --meta /home/poseidon/workflows/predict-future-sales-workflow/submit/poseidon/pegasus/predict-future-sales/run0124/00/00/./xgboost_hp_tuning_group_1.000/00/00/xgboost_hp_tuning_ID0000018.meta,/home/poseidon/workflows/predict-future-sales-workflow/submit/poseidon/pegasus/predict-future-sales/run0124/00/00/./xgboost_hp_tuning_group_1.000/00/00/xgboost_hp_tuning_ID0000009.meta,/home/poseidon/workflows/predict-future-sales-workflow/submit/poseidon/pegasus/predict-future-sales/run0124/00/00/./xgboost_hp_tuning_group_1.000/00/00/xgboost_hp_tuning_ID0000012.meta,/home/poseidon/workflows/predict-future-sales-workflow/submit/poseidon/pegasus/predict-future-sales/run0124/00/00/./xgboost_hp_tuning_group_1.000/00/00/xgboost_hp_tuning_ID0000008.meta,/home/poseidon/workflows/predict-future-sales-workflow/submit/poseidon/pegasus/predict-future-sales/run0124/00/00/./xgboost_hp_tuning_group_1.000/00/00/xgboost_hp_tuning_ID0000010.meta,/home/poseidon/workflows/predict-future-sales-workflow/submit/poseidon/pegasus/predict-future-sales/run0124/00/00/./xgboost_hp_tuning_group_1.000/00/00/xgboost_hp_tuning_ID0000002.meta,/home/poseidon/workflows/predict-future-sales-workflow/submit/poseidon/pegasus/predict-future-sales/run0124/00/00/./xgboost_hp_tuning_group_1.000/00/00/xgboost_hp_tuning_ID0000005.meta,/home/poseidon/workflows/predict-future-sales-workflow/submit/poseidon/pegasus/predict-future-sales/run0124/00/00/./xgboost_hp_tuning_group_1.000/00/00/xgboost_hp_tuning_ID0000015.meta --insert /home/poseidon/workflows/predict-future-sales-workflow/submit/poseidon/pegasus/predict-future-sales/run0124/00/00/./xgboost_hp_tuning_group_1.000/00/00/register_condorpool_0_0.in",3.1,0,0,,,,,,,,,
stage_out_local_condorpool_1_0_pegasus-plan_ID0000016,None,transfer,0,1677178965.0,,,1677178970.0,,,0.0,1677178970.0,1677178980.0,1677178970.0,1677178974.0,1210.0,1677178980.0,1677178985.0,5.0,,0.0,10.0,5.0,,,4.0,5240.0,poseidon,local,host-10-100-100-12.openstacklocal,pegasus::transfer,/home/poseidon/pegasus-5.1.0panorama/bin/pegasus-transfer,/home/poseidon/pegasus-5.1.0panorama/bin/../bin/pegasus-kickstart  -n pegasus::transfer -N null -i - -R local  -L xgboost_hp_tuning_group_1 -T 2023-02-23T18:54:06+00:00 /home/poseidon/pegasus-5.1.0panorama/bin/../bin/pegasus-transfer  --threads 2,0.7,0,0,,,,,,,,,
register_condorpool_1_0_pegasus-plan_ID0000016,None,auxiliary,0,1677178985.0,,,1677178990.0,,,0.0,1677178990.0,1677178995.0,,,0.0,1677178995.0,1677179000.0,5.0,,0.0,5.0,5.0,,,,,poseidon,local,host-10-100-100-12.openstacklocal,pegasus::rc-client,/home/poseidon/pegasus-5.1.0panorama/bin/pegasus-rc-client,-n pegasus::rc-client -N null -R local  -L xgboost_hp_tuning_group_1 -T 2023-02-23T18:54:06+00:00 /home/poseidon/pegasus-5.1.0panorama/bin/pegasus-rc-client --prefix pegasus.catalog.replica.output --conf /home/poseidon/workflows/predict-future-sales-workflow/submit/poseidon/pegasus/predict-future-sales/run0124/00/00/./xgboost_hp_tuning_group_1.000/pegasus.14856925430253269445.properties -v --meta /home/poseidon/workflows/predict-future-sales-workflow/submit/poseidon/pegasus/predict-future-sales/run0124/00/00/./xgboost_hp_tuning_group_1.000/00/00/xgboost_best_params_ID0000024.meta --insert /home/poseidon/workflows/predict-future-sales-workflow/submit/poseidon/pegasus/predict-future-sales/run0124/00/00/./xgboost_hp_tuning_group_1.000/00/00/register_condorpool_1_0.in,3.0,0,0,,,,,,,,,
xgboost_model_ID0000017,None,compute,0,1677179004.0,,,1677179009.0,1677178975.0,1677178993.0,45841971.5,1677179017.0,1677179059.0,1677179003.0,1677179008.0,168827.0,1677179059.0,1677179064.0,5.0,,8.0,42.0,5.0,18.0,377645115.0,5.0,729098.0,poseidon,condorpool,poseidon-worker-3-container-0-7,xgboost_model,/srv/xgboost_model,,17.7,0,0,,,,,,,,,
model_predict_ID0000018,None,compute,0,1677179064.0,,,1677179069.0,1677179047.0,1677179065.0,44775133.0,1677179089.0,1677179129.0,1677179073.0,1677179077.0,6069.0,1677179129.0,1677179134.0,5.0,,20.0,40.0,5.0,18.0,368831148.0,4.0,25035.0,poseidon,condorpool,poseidon-worker-1-container-16-23,model_predict,/srv/model_predict,,2.6,0,0,,,,,,,,,
stage_out_local_condorpool_0_0_pegasus-plan_ID0000012,None,transfer,0,1677179116.0,,,1677179122.0,,,0.0,1677179122.0,1677179132.0,1677179122.0,1677179126.0,2098.0,1677179132.0,1677179137.0,6.0,,0.0,10.0,5.0,,,4.0,8467.0,poseidon,local,host-10-100-100-12.openstacklocal,pegasus::transfer,/home/poseidon/pegasus-5.1.0panorama/bin/pegasus-transfer,/home/poseidon/pegasus-5.1.0panorama/bin/../bin/pegasus-kickstart  -n pegasus::transfer -N null -i - -R local  -L xgboost_hp_tuning_group_0 -T 2023-02-23T18:54:11+00:00 /home/poseidon/pegasus-5.1.0panorama/bin/../bin/pegasus-transfer  --threads 2,1.0,0,0,,,,,,,,,
stage_out_local_condorpool_0_2_pegasus-plan_ID0000012,None,transfer,0,1677179122.0,,,1677179127.0,,,0.0,1677179127.0,1677179137.0,1677179127.0,1677179131.0,1840.0,1677179137.0,1677179142.0,5.0,,0.0,10.0,5.0,,,4.0,7422.0,poseidon,local,host-10-100-100-12.openstacklocal,pegasus::transfer,/home/poseidon/pegasus-5.1.0panorama/bin/pegasus-transfer,/home/poseidon/pegasus-5.1.0panorama/bin/../bin/pegasus-kickstart  -n pegasus::transfer -N null -i - -R local  -L xgboost_hp_tuning_group_0 -T 2023-02-23T18:54:11+00:00 /home/poseidon/pegasus-5.1.0panorama/bin/../bin/pegasus-transfer  --threads 2,1.0,0,0,,,,,,,,,
stage_out_local_condorpool_0_1_pegasus-plan_ID0000012,None,transfer,0,1677179127.0,,,1677179132.0,,,0.0,1677179132.0,1677179142.0,1677179132.0,1677179136.0,2109.0,1677179142.0,1677179147.0,5.0,,0.0,10.0,5.0,,,4.0,8506.0,poseidon,local,host-10-100-100-12.openstacklocal,pegasus::transfer,/home/poseidon/pegasus-5.1.0panorama/bin/pegasus-transfer,/home/poseidon/pegasus-5.1.0panorama/bin/../bin/pegasus-kickstart  -n pegasus::transfer -N null -i - -R local  -L xgboost_hp_tuning_group_0 -T 2023-02-23T18:54:11+00:00 /home/poseidon/pegasus-5.1.0panorama/bin/../bin/pegasus-transfer  --threads 2,1.0,0,0,,,,,,,,,
xgboost_best_params_ID0000024_pegasus-plan_ID0000012,None,compute,0,1677179127.0,,,1677179132.0,1677179091.0,1677179108.0,39702843.7,1677179133.0,1677179172.0,1677179115.0,1677179119.0,255.0,1677179172.0,1677179177.0,5.0,,1.0,39.0,5.0,17.0,368018664.0,4.0,1050.0,poseidon,condorpool,poseidon-worker-1-container-16-23,xgboost_best_params,/srv/xgboost_best_params,,0.0,0,0,,,,,,,,,
register_condorpool_0_0_pegasus-plan_ID0000012,None,auxiliary,0,1677179137.0,,,1677179142.0,,,0.0,1677179142.0,1677179147.0,,,0.0,1677179147.0,1677179152.0,5.0,,0.0,5.0,5.0,,,,,poseidon,local,host-10-100-100-12.openstacklocal,pegasus::rc-client,/home/poseidon/pegasus-5.1.0panorama/bin/pegasus-rc-client,"-n pegasus::rc-client -N null -R local  -L xgboost_hp_tuning_group_0 -T 2023-02-23T18:54:11+00:00 /home/poseidon/pegasus-5.1.0panorama/bin/pegasus-rc-client --prefix pegasus.catalog.replica.output --conf /home/poseidon/workflows/predict-future-sales-workflow/submit/poseidon/pegasus/predict-future-sales/run0124/00/00/./xgboost_hp_tuning_group_0.000/pegasus.7482906890745184639.properties -v --meta /home/poseidon/workflows/predict-future-sales-workflow/submit/poseidon/pegasus/predict-future-sales/run0124/00/00/./xgboost_hp_tuning_group_0.000/00/00/xgboost_hp_tuning_ID0000018.meta,/home/poseidon/workflows/predict-future-sales-workflow/submit/poseidon/pegasus/predict-future-sales/run0124/00/00/./xgboost_hp_tuning_group_0.000/00/00/xgboost_hp_tuning_ID0000002.meta,/home/poseidon/workflows/predict-future-sales-workflow/submit/poseidon/pegasus/predict-future-sales/run0124/00/00/./xgboost_hp_tuning_group_0.000/00/00/xgboost_hp_tuning_ID0000005.meta,/home/poseidon/workflows/predict-future-sales-workflow/submit/poseidon/pegasus/predict-future-sales/run0124/00/00/./xgboost_hp_tuning_group_0.000/00/00/xgboost_hp_tuning_ID0000009.meta,/home/poseidon/workflows/predict-future-sales-workflow/submit/poseidon/pegasus/predict-future-sales/run0124/00/00/./xgboost_hp_tuning_group_0.000/00/00/xgboost_hp_tuning_ID0000015.meta,/home/poseidon/workflows/predict-future-sales-workflow/submit/poseidon/pegasus/predict-future-sales/run0124/00/00/./xgboost_hp_tuning_group_0.000/00/00/xgboost_hp_tuning_ID0000012.meta,/home/poseidon/workflows/predict-future-sales-workflow/submit/poseidon/pegasus/predict-future-sales/run0124/00/00/./xgboost_hp_tuning_group_0.000/00/00/xgboost_hp_tuning_ID0000010.meta,/home/poseidon/workflows/predict-future-sales-workflow/submit/poseidon/pegasus/predict-future-sales/run0124/00/00/./xgboost_hp_tuning_group_0.000/00/00/xgboost_hp_tuning_ID0000008.meta --insert /home/poseidon/workflows/predict-future-sales-workflow/submit/poseidon/pegasus/predict-future-sales/run0124/00/00/./xgboost_hp_tuning_group_0.000/00/00/register_condorpool_0_0.in",3.0,0,0,,,,,,,,,
register_condorpool_0_2_pegasus-plan_ID0000012,None,auxiliary,0,1677179142.0,,,1677179152.0,,,0.0,1677179152.0,1677179157.0,,,0.0,1677179157.0,1677179162.0,10.0,,0.0,5.0,5.0,,,,,poseidon,local,host-10-100-100-12.openstacklocal,pegasus::rc-client,/home/poseidon/pegasus-5.1.0panorama/bin/pegasus-rc-client,"-n pegasus::rc-client -N null -R local  -L xgboost_hp_tuning_group_0 -T 2023-02-23T18:54:11+00:00 /home/poseidon/pegasus-5.1.0panorama/bin/pegasus-rc-client --prefix pegasus.catalog.replica.output --conf /home/poseidon/workflows/predict-future-sales-workflow/submit/poseidon/pegasus/predict-future-sales/run0124/00/00/./xgboost_hp_tuning_group_0.000/pegasus.7482906890745184639.properties -v --meta /home/poseidon/workflows/predict-future-sales-workflow/submit/poseidon/pegasus/predict-future-sales/run0124/00/00/./xgboost_hp_tuning_group_0.000/00/00/xgboost_hp_tuning_ID0000017.meta,/home/poseidon/workflows/predict-future-sales-workflow/submit/poseidon/pegasus/predict-future-sales/run0124/00/00/./xgboost_hp_tuning_group_0.000/00/00/xgboost_hp_tuning_ID0000022.meta,/home/poseidon/workflows/predict-future-sales-workflow/submit/poseidon/pegasus/predict-future-sales/run0124/00/00/./xgboost_hp_tuning_group_0.000/00/00/xgboost_hp_tuning_ID0000007.meta,/home/poseidon/workflows/predict-future-sales-workflow/submit/poseidon/pegasus/predict-future-sales/run0124/00/00/./xgboost_hp_tuning_group_0.000/00/00/xgboost_hp_tuning_ID0000020.meta,/home/poseidon/workflows/predict-future-sales-workflow/submit/poseidon/pegasus/predict-future-sales/run0124/00/00/./xgboost_hp_tuning_group_0.000/00/00/xgboost_hp_tuning_ID0000001.meta,/home/poseidon/workflows/predict-future-sales-workflow/submit/poseidon/pegasus/predict-future-sales/run0124/00/00/./xgboost_hp_tuning_group_0.000/00/00/xgboost_hp_tuning_ID0000004.meta,/home/poseidon/workflows/predict-future-sales-workflow/submit/poseidon/pegasus/predict-future-sales/run0124/00/00/./xgboost_hp_tuning_group_0.000/00/00/xgboost_hp_tuning_ID0000014.meta --insert /home/poseidon/workflows/predict-future-sales-workflow/submit/poseidon/pegasus/predict-future-sales/run0124/00/00/./xgboost_hp_tuning_group_0.000/00/00/register_condorpool_0_2.in",2.9,0,0,,,,,,,,,
register_condorpool_0_1_pegasus-plan_ID0000012,None,auxiliary,0,1677179147.0,,,1677179162.0,,,0.0,1677179162.0,1677179167.0,,,0.0,1677179167.0,1677179172.0,15.0,,0.0,5.0,5.0,,,,,poseidon,local,host-10-100-100-12.openstacklocal,pegasus::rc-client,/home/poseidon/pegasus-5.1.0panorama/bin/pegasus-rc-client,"-n pegasus::rc-client -N null -R local  -L xgboost_hp_tuning_group_0 -T 2023-02-23T18:54:11+00:00 /home/poseidon/pegasus-5.1.0panorama/bin/pegasus-rc-client --prefix pegasus.catalog.replica.output --conf /home/poseidon/workflows/predict-future-sales-workflow/submit/poseidon/pegasus/predict-future-sales/run0124/00/00/./xgboost_hp_tuning_group_0.000/pegasus.7482906890745184639.properties -v --meta /home/poseidon/workflows/predict-future-sales-workflow/submit/poseidon/pegasus/predict-future-sales/run0124/00/00/./xgboost_hp_tuning_group_0.000/00/00/xgboost_hp_tuning_ID0000013.meta,/home/poseidon/workflows/predict-future-sales-workflow/submit/poseidon/pegasus/predict-future-sales/run0124/00/00/./xgboost_hp_tuning_group_0.000/00/00/xgboost_hp_tuning_ID0000023.meta,/home/poseidon/workflows/predict-future-sales-workflow/submit/poseidon/pegasus/predict-future-sales/run0124/00/00/./xgboost_hp_tuning_group_0.000/00/00/xgboost_hp_tuning_ID0000011.meta,/home/poseidon/workflows/predict-future-sales-workflow/submit/poseidon/pegasus/predict-future-sales/run0124/00/00/./xgboost_hp_tuning_group_0.000/00/00/xgboost_hp_tuning_ID0000006.meta,/home/poseidon/workflows/predict-future-sales-workflow/submit/poseidon/pegasus/predict-future-sales/run0124/00/00/./xgboost_hp_tuning_group_0.000/00/00/xgboost_hp_tuning_ID0000003.meta,/home/poseidon/workflows/predict-future-sales-workflow/submit/poseidon/pegasus/predict-future-sales/run0124/00/00/./xgboost_hp_tuning_group_0.000/00/00/xgboost_hp_tuning_ID0000021.meta,/home/poseidon/workflows/predict-future-sales-workflow/submit/poseidon/pegasus/predict-future-sales/run0124/00/00/./xgboost_hp_tuning_group_0.000/00/00/xgboost_hp_tuning_ID0000019.meta,/home/poseidon/workflows/predict-future-sales-workflow/submit/poseidon/pegasus/predict-future-sales/run0124/00/00/./xgboost_hp_tuning_group_0.000/00/00/xgboost_hp_tuning_ID0000016.meta --insert /home/poseidon/workflows/predict-future-sales-workflow/submit/poseidon/pegasus/predict-future-sales/run0124/00/00/./xgboost_hp_tuning_group_0.000/00/00/register_condorpool_0_1.in",3.1,0,0,,,,,,,,,
stage_out_local_condorpool_1_0_pegasus-plan_ID0000012,None,transfer,0,1677179177.0,,,1677179182.0,,,0.0,1677179182.0,1677179192.0,1677179183.0,1677179187.0,1234.0,1677179192.0,1677179197.0,5.0,,0.0,10.0,5.0,,,4.0,5250.0,poseidon,local,host-10-100-100-12.openstacklocal,pegasus::transfer,/home/poseidon/pegasus-5.1.0panorama/bin/pegasus-transfer,/home/poseidon/pegasus-5.1.0panorama/bin/../bin/pegasus-kickstart  -n pegasus::transfer -N null -i - -R local  -L xgboost_hp_tuning_group_0 -T 2023-02-23T18:54:11+00:00 /home/poseidon/pegasus-5.1.0panorama/bin/../bin/pegasus-transfer  --threads 2,0.7,0,0,,,,,,,,,
register_condorpool_1_0_pegasus-plan_ID0000012,None,auxiliary,0,1677179197.0,,,1677179202.0,,,0.0,1677179203.0,1677179207.0,,,0.0,1677179207.0,1677179212.0,5.0,,1.0,4.0,5.0,,,,,poseidon,local,host-10-100-100-12.openstacklocal,pegasus::rc-client,/home/poseidon/pegasus-5.1.0panorama/bin/pegasus-rc-client,-n pegasus::rc-client -N null -R local  -L xgboost_hp_tuning_group_0 -T 2023-02-23T18:54:11+00:00 /home/poseidon/pegasus-5.1.0panorama/bin/pegasus-rc-client --prefix pegasus.catalog.replica.output --conf /home/poseidon/workflows/predict-future-sales-workflow/submit/poseidon/pegasus/predict-future-sales/run0124/00/00/./xgboost_hp_tuning_group_0.000/pegasus.7482906890745184639.properties -v --meta /home/poseidon/workflows/predict-future-sales-workflow/submit/poseidon/pegasus/predict-future-sales/run0124/00/00/./xgboost_hp_tuning_group_0.000/00/00/xgboost_best_params_ID0000024.meta --insert /home/poseidon/workflows/predict-future-sales-workflow/submit/poseidon/pegasus/predict-future-sales/run0124/00/00/./xgboost_hp_tuning_group_0.000/00/00/register_condorpool_1_0.in,2.9,0,0,,,,,,,,,
xgboost_model_ID0000013,None,compute,0,1677179214.0,,,1677179219.0,1677179182.0,1677179199.0,51333800.0,1677179223.0,1677179269.0,1677179213.0,1677179218.0,371410.0,1677179269.0,1677179274.0,5.0,,4.0,46.0,5.0,17.0,502671180.0,5.0,1617716.0,poseidon,condorpool,poseidon-worker-2-container-40-47,xgboost_model,/srv/xgboost_model,,31.5,0,0,,,,,,,,,
model_predict_ID0000014,None,compute,0,1677179274.0,,,1677179279.0,1677179239.0,1677179256.0,45097281.2,1677179281.0,1677179319.0,1677179264.0,1677179268.0,106144.0,1677179319.0,1677179324.0,5.0,,2.0,38.0,5.0,17.0,371804900.0,4.0,451213.0,poseidon,condorpool,poseidon-worker-2-container-40-47,model_predict,/srv/model_predict,,2.4,0,0,,,,,,,,,
stage_out_local_condorpool_0_2_pegasus-plan_ID0000020,None,transfer,0,1677179296.0,,,1677179301.0,,,0.0,1677179301.0,1677179311.0,1677179302.0,1677179306.0,1840.0,1677179311.0,1677179316.0,5.0,,0.0,10.0,5.0,,,4.0,7422.0,poseidon,local,host-10-100-100-12.openstacklocal,pegasus::transfer,/home/poseidon/pegasus-5.1.0panorama/bin/pegasus-transfer,/home/poseidon/pegasus-5.1.0panorama/bin/../bin/pegasus-kickstart  -n pegasus::transfer -N null -i - -R local  -L xgboost_hp_tuning_group_2 -T 2023-02-23T18:54:06+00:00 /home/poseidon/pegasus-5.1.0panorama/bin/../bin/pegasus-transfer  --threads 2,0.9,0,0,,,,,,,,,
register_condorpool_0_2_pegasus-plan_ID0000020,None,auxiliary,0,1677179316.0,,,1677179321.0,,,0.0,1677179321.0,1677179326.0,,,0.0,1677179326.0,1677179331.0,5.0,,0.0,5.0,5.0,,,,,poseidon,local,host-10-100-100-12.openstacklocal,pegasus::rc-client,/home/poseidon/pegasus-5.1.0panorama/bin/pegasus-rc-client,"-n pegasus::rc-client -N null -R local  -L xgboost_hp_tuning_group_2 -T 2023-02-23T18:54:06+00:00 /home/poseidon/pegasus-5.1.0panorama/bin/pegasus-rc-client --prefix pegasus.catalog.replica.output --conf /home/poseidon/workflows/predict-future-sales-workflow/submit/poseidon/pegasus/predict-future-sales/run0124/00/00/./xgboost_hp_tuning_group_2.000/pegasus.9257081575973136540.properties -v --meta /home/poseidon/workflows/predict-future-sales-workflow/submit/poseidon/pegasus/predict-future-sales/run0124/00/00/./xgboost_hp_tuning_group_2.000/00/00/xgboost_hp_tuning_ID0000014.meta,/home/poseidon/workflows/predict-future-sales-workflow/submit/poseidon/pegasus/predict-future-sales/run0124/00/00/./xgboost_hp_tuning_group_2.000/00/00/xgboost_hp_tuning_ID0000001.meta,/home/poseidon/workflows/predict-future-sales-workflow/submit/poseidon/pegasus/predict-future-sales/run0124/00/00/./xgboost_hp_tuning_group_2.000/00/00/xgboost_hp_tuning_ID0000007.meta,/home/poseidon/workflows/predict-future-sales-workflow/submit/poseidon/pegasus/predict-future-sales/run0124/00/00/./xgboost_hp_tuning_group_2.000/00/00/xgboost_hp_tuning_ID0000004.meta,/home/poseidon/workflows/predict-future-sales-workflow/submit/poseidon/pegasus/predict-future-sales/run0124/00/00/./xgboost_hp_tuning_group_2.000/00/00/xgboost_hp_tuning_ID0000022.meta,/home/poseidon/workflows/predict-future-sales-workflow/submit/poseidon/pegasus/predict-future-sales/run0124/00/00/./xgboost_hp_tuning_group_2.000/00/00/xgboost_hp_tuning_ID0000020.meta,/home/poseidon/workflows/predict-future-sales-workflow/submit/poseidon/pegasus/predict-future-sales/run0124/00/00/./xgboost_hp_tuning_group_2.000/00/00/xgboost_hp_tuning_ID0000017.meta --insert /home/poseidon/workflows/predict-future-sales-workflow/submit/poseidon/pegasus/predict-future-sales/run0124/00/00/./xgboost_hp_tuning_group_2.000/00/00/register_condorpool_0_2.in",3.0,0,0,,,,,,,,,
stage_out_local_condorpool_0_0_pegasus-plan_ID0000020,None,transfer,0,1677179321.0,,,1677179326.0,,,0.0,1677179326.0,1677179336.0,1677179326.0,1677179330.0,2096.0,1677179336.0,1677179341.0,5.0,,0.0,10.0,5.0,,,4.0,8462.0,poseidon,local,host-10-100-100-12.openstacklocal,pegasus::transfer,/home/poseidon/pegasus-5.1.0panorama/bin/pegasus-transfer,/home/poseidon/pegasus-5.1.0panorama/bin/../bin/pegasus-kickstart  -n pegasus::transfer -N null -i - -R local  -L xgboost_hp_tuning_group_2 -T 2023-02-23T18:54:06+00:00 /home/poseidon/pegasus-5.1.0panorama/bin/../bin/pegasus-transfer  --threads 2,1.0,0,0,,,,,,,,,
register_condorpool_0_0_pegasus-plan_ID0000020,None,auxiliary,0,1677179341.0,,,1677179346.0,,,0.0,1677179346.0,1677179351.0,,,0.0,1677179351.0,1677179356.0,5.0,,0.0,5.0,5.0,,,,,poseidon,local,host-10-100-100-12.openstacklocal,pegasus::rc-client,/home/poseidon/pegasus-5.1.0panorama/bin/pegasus-rc-client,"-n pegasus::rc-client -N null -R local  -L xgboost_hp_tuning_group_2 -T 2023-02-23T18:54:06+00:00 /home/poseidon/pegasus-5.1.0panorama/bin/pegasus-rc-client --prefix pegasus.catalog.replica.output --conf /home/poseidon/workflows/predict-future-sales-workflow/submit/poseidon/pegasus/predict-future-sales/run0124/00/00/./xgboost_hp_tuning_group_2.000/pegasus.9257081575973136540.properties -v --meta /home/poseidon/workflows/predict-future-sales-workflow/submit/poseidon/pegasus/predict-future-sales/run0124/00/00/./xgboost_hp_tuning_group_2.000/00/00/xgboost_hp_tuning_ID0000018.meta,/home/poseidon/workflows/predict-future-sales-workflow/submit/poseidon/pegasus/predict-future-sales/run0124/00/00/./xgboost_hp_tuning_group_2.000/00/00/xgboost_hp_tuning_ID0000009.meta,/home/poseidon/workflows/predict-future-sales-workflow/submit/poseidon/pegasus/predict-future-sales/run0124/00/00/./xgboost_hp_tuning_group_2.000/00/00/xgboost_hp_tuning_ID0000012.meta,/home/poseidon/workflows/predict-future-sales-workflow/submit/poseidon/pegasus/predict-future-sales/run0124/00/00/./xgboost_hp_tuning_group_2.000/00/00/xgboost_hp_tuning_ID0000008.meta,/home/poseidon/workflows/predict-future-sales-workflow/submit/poseidon/pegasus/predict-future-sales/run0124/00/00/./xgboost_hp_tuning_group_2.000/00/00/xgboost_hp_tuning_ID0000010.meta,/home/poseidon/workflows/predict-future-sales-workflow/submit/poseidon/pegasus/predict-future-sales/run0124/00/00/./xgboost_hp_tuning_group_2.000/00/00/xgboost_hp_tuning_ID0000002.meta,/home/poseidon/workflows/predict-future-sales-workflow/submit/poseidon/pegasus/predict-future-sales/run0124/00/00/./xgboost_hp_tuning_group_2.000/00/00/xgboost_hp_tuning_ID0000005.meta,/home/poseidon/workflows/predict-future-sales-workflow/submit/poseidon/pegasus/predict-future-sales/run0124/00/00/./xgboost_hp_tuning_group_2.000/00/00/xgboost_hp_tuning_ID0000015.meta --insert /home/poseidon/workflows/predict-future-sales-workflow/submit/poseidon/pegasus/predict-future-sales/run0124/00/00/./xgboost_hp_tuning_group_2.000/00/00/register_condorpool_0_0.in",3.0,0,0,,,,,,,,,
xgboost_best_params_ID0000024_pegasus-plan_ID0000020,None,compute,0,1677179356.0,,,1677179361.0,1677179321.0,1677179338.0,39790827.3,1677179363.0,1677179401.0,1677179344.0,1677179348.0,259.0,1677179401.0,1677179406.0,5.0,,2.0,38.0,5.0,17.0,368018662.0,4.0,1061.0,poseidon,condorpool,poseidon-worker-1-container-32-39,xgboost_best_params,/srv/xgboost_best_params,,0.0,0,0,,,,,,,,,
stage_out_local_condorpool_0_1_pegasus-plan_ID0000020,None,transfer,0,1677179356.0,,,1677179361.0,,,0.0,1677179361.0,1677179371.0,1677179362.0,1677179366.0,2109.0,1677179371.0,1677179376.0,5.0,,0.0,10.0,5.0,,,4.0,8509.0,poseidon,local,host-10-100-100-12.openstacklocal,pegasus::transfer,/home/poseidon/pegasus-5.1.0panorama/bin/pegasus-transfer,/home/poseidon/pegasus-5.1.0panorama/bin/../bin/pegasus-kickstart  -n pegasus::transfer -N null -i - -R local  -L xgboost_hp_tuning_group_2 -T 2023-02-23T18:54:06+00:00 /home/poseidon/pegasus-5.1.0panorama/bin/../bin/pegasus-transfer  --threads 2,1.0,0,0,,,,,,,,,
register_condorpool_0_1_pegasus-plan_ID0000020,None,auxiliary,0,1677179376.0,,,1677179381.0,,,0.0,1677179381.0,1677179386.0,,,0.0,1677179386.0,1677179391.0,5.0,,0.0,5.0,5.0,,,,,poseidon,local,host-10-100-100-12.openstacklocal,pegasus::rc-client,/home/poseidon/pegasus-5.1.0panorama/bin/pegasus-rc-client,"-n pegasus::rc-client -N null -R local  -L xgboost_hp_tuning_group_2 -T 2023-02-23T18:54:06+00:00 /home/poseidon/pegasus-5.1.0panorama/bin/pegasus-rc-client --prefix pegasus.catalog.replica.output --conf /home/poseidon/workflows/predict-future-sales-workflow/submit/poseidon/pegasus/predict-future-sales/run0124/00/00/./xgboost_hp_tuning_group_2.000/pegasus.9257081575973136540.properties -v --meta /home/poseidon/workflows/predict-future-sales-workflow/submit/poseidon/pegasus/predict-future-sales/run0124/00/00/./xgboost_hp_tuning_group_2.000/00/00/xgboost_hp_tuning_ID0000019.meta,/home/poseidon/workflows/predict-future-sales-workflow/submit/poseidon/pegasus/predict-future-sales/run0124/00/00/./xgboost_hp_tuning_group_2.000/00/00/xgboost_hp_tuning_ID0000003.meta,/home/poseidon/workflows/predict-future-sales-workflow/submit/poseidon/pegasus/predict-future-sales/run0124/00/00/./xgboost_hp_tuning_group_2.000/00/00/xgboost_hp_tuning_ID0000006.meta,/home/poseidon/workflows/predict-future-sales-workflow/submit/poseidon/pegasus/predict-future-sales/run0124/00/00/./xgboost_hp_tuning_group_2.000/00/00/xgboost_hp_tuning_ID0000016.meta,/home/poseidon/workflows/predict-future-sales-workflow/submit/poseidon/pegasus/predict-future-sales/run0124/00/00/./xgboost_hp_tuning_group_2.000/00/00/xgboost_hp_tuning_ID0000013.meta,/home/poseidon/workflows/predict-future-sales-workflow/submit/poseidon/pegasus/predict-future-sales/run0124/00/00/./xgboost_hp_tuning_group_2.000/00/00/xgboost_hp_tuning_ID0000023.meta,/home/poseidon/workflows/predict-future-sales-workflow/submit/poseidon/pegasus/predict-future-sales/run0124/00/00/./xgboost_hp_tuning_group_2.000/00/00/xgboost_hp_tuning_ID0000011.meta,/home/poseidon/workflows/predict-future-sales-workflow/submit/poseidon/pegasus/predict-future-sales/run0124/00/00/./xgboost_hp_tuning_group_2.000/00/00/xgboost_hp_tuning_ID0000021.meta --insert /home/poseidon/workflows/predict-future-sales-workflow/submit/poseidon/pegasus/predict-future-sales/run0124/00/00/./xgboost_hp_tuning_group_2.000/00/00/register_condorpool_0_1.in",3.0,0,0,,,,,,,,,
stage_out_local_condorpool_1_0_pegasus-plan_ID0000020,None,transfer,0,1677179406.0,,,1677179411.0,,,0.0,1677179411.0,1677179421.0,1677179411.0,1677179416.0,1257.0,1677179421.0,1677179426.0,5.0,,0.0,10.0,5.0,,,5.0,5305.0,poseidon,local,host-10-100-100-12.openstacklocal,pegasus::transfer,/home/poseidon/pegasus-5.1.0panorama/bin/pegasus-transfer,/home/poseidon/pegasus-5.1.0panorama/bin/../bin/pegasus-kickstart  -n pegasus::transfer -N null -i - -R local  -L xgboost_hp_tuning_group_2 -T 2023-02-23T18:54:06+00:00 /home/poseidon/pegasus-5.1.0panorama/bin/../bin/pegasus-transfer  --threads 2,0.7,0,0,,,,,,,,,
register_condorpool_1_0_pegasus-plan_ID0000020,None,auxiliary,0,1677179426.0,,,1677179431.0,,,0.0,1677179431.0,1677179436.0,,,0.0,1677179436.0,1677179441.0,5.0,,0.0,5.0,5.0,,,,,poseidon,local,host-10-100-100-12.openstacklocal,pegasus::rc-client,/home/poseidon/pegasus-5.1.0panorama/bin/pegasus-rc-client,-n pegasus::rc-client -N null -R local  -L xgboost_hp_tuning_group_2 -T 2023-02-23T18:54:06+00:00 /home/poseidon/pegasus-5.1.0panorama/bin/pegasus-rc-client --prefix pegasus.catalog.replica.output --conf /home/poseidon/workflows/predict-future-sales-workflow/submit/poseidon/pegasus/predict-future-sales/run0124/00/00/./xgboost_hp_tuning_group_2.000/pegasus.9257081575973136540.properties -v --meta /home/poseidon/workflows/predict-future-sales-workflow/submit/poseidon/pegasus/predict-future-sales/run0124/00/00/./xgboost_hp_tuning_group_2.000/00/00/xgboost_best_params_ID0000024.meta --insert /home/poseidon/workflows/predict-future-sales-workflow/submit/poseidon/pegasus/predict-future-sales/run0124/00/00/./xgboost_hp_tuning_group_2.000/00/00/register_condorpool_1_0.in,2.9,0,0,,,,,,,,,
xgboost_model_ID0000021,None,compute,0,1677179445.0,,,1677179450.0,1677179410.0,1677179442.0,75099549.7,1677179452.0,1677179625.0,1677179569.0,1677179574.0,3495834.0,1677179625.0,1677179630.0,5.0,,2.0,173.0,5.0,32.0,1691152082.0,5.0,15899909.0,poseidon,condorpool,poseidon-worker-2-container-40-47,xgboost_model,/srv/xgboost_model,,737.5,0,0,0.1,1348834870.0,24449.0,5343.0,8.0,668.7,12.4,12262135.2,2444.9
stage_out_local_local_5_0,None,transfer,0,1677179445.0,,,1677179450.0,,,0.0,1677179450.0,1677179460.0,1677179450.0,1677179454.0,782.0,1677179460.0,1677179465.0,5.0,,0.0,10.0,5.0,,,4.0,3159.0,poseidon,local,host-10-100-100-12.openstacklocal,pegasus::transfer,/home/poseidon/pegasus-5.1.0panorama/bin/pegasus-transfer,pegasus-kickstart  -n pegasus::transfer -N null -i - -R local  -L predict-future-sales -T 2023-02-17T19:59:06+00:00 pegasus-transfer  --threads 2,0.3,0,0,,,,,,,,,
cleanup_predict-future-sales_0_local,None,auxiliary,0,1677179465.0,,,1677179470.0,,,0.0,1677179470.0,1677179480.0,,,0.0,1677179480.0,1677179485.0,5.0,,0.0,10.0,5.0,,,,,poseidon,local,host-10-100-100-12.openstacklocal,pegasus::cleanup,/home/poseidon/pegasus-5.1.0panorama/bin/pegasus-transfer,pegasus-kickstart  -n pegasus::cleanup -N null -i - -R local  -L predict-future-sales -T 2023-02-17T19:59:06+00:00 pegasus-transfer,0.3,0,0,,,,,,,,,
stage_out_local_condorpool_6_0,None,transfer,0,1677179630.0,,,1677179635.0,,,0.0,1677179635.0,1677179645.0,1677179636.0,1677179640.0,4522219.0,1677179645.0,1677179650.0,5.0,,0.0,10.0,5.0,,,4.0,18246723.0,poseidon,local,host-10-100-100-12.openstacklocal,pegasus::transfer,/home/poseidon/pegasus-5.1.0panorama/bin/pegasus-transfer,pegasus-kickstart  -n pegasus::transfer -N null -i - -R local  -L predict-future-sales -T 2023-02-17T19:59:06+00:00 pegasus-transfer  --threads 2,1.0,0,0,,,,,,,,,
model_predict_ID0000022,None,compute,0,1677179630.0,,,1677179635.0,1677179595.0,1677179613.0,44256633.3,1677179637.0,1677179680.0,1677179621.0,1677179626.0,1273436.0,1677179680.0,1677179685.0,5.0,,2.0,43.0,5.0,18.0,410904585.0,5.0,5523764.0,poseidon,condorpool,poseidon-worker-2-container-40-47,model_predict,/srv/model_predict,,4.2,0,0,,,,,,,,,
stage_out_local_condorpool_7_0,None,transfer,0,1677179685.0,,,1677179690.0,,,0.0,1677179690.0,1677179700.0,1677179690.0,1677179694.0,1487377.0,1677179700.0,1677179705.0,5.0,,0.0,10.0,5.0,,,4.0,6000012.0,poseidon,local,host-10-100-100-12.openstacklocal,pegasus::transfer,/home/poseidon/pegasus-5.1.0panorama/bin/pegasus-transfer,pegasus-kickstart  -n pegasus::transfer -N null -i - -R local  -L predict-future-sales -T 2023-02-17T19:59:06+00:00 pegasus-transfer  --threads 2,0.6,0,0,,,,,,,,,
predict_merge_ID0000023,None,compute,0,1677179685.0,,,1677179690.0,1677179649.0,1677179668.0,40766837.7,1677179691.0,1677179730.0,1677179675.0,1677179680.0,857851.0,1677179730.0,1677179735.0,5.0,,1.0,39.0,5.0,19.0,377176763.0,5.0,3713819.0,poseidon,condorpool,poseidon-worker-2-container-40-47,predict_merge,/srv/predict_merge,,1.4,0,0,,,,,,,,,
stage_out_local_condorpool_8_0,None,transfer,0,1677179735.0,,,1677179740.0,,,0.0,1677179740.0,1677179750.0,1677179741.0,1677179743.0,1719253.0,1677179750.0,1677179755.0,5.0,,0.0,10.0,5.0,,,2.0,3713819.0,poseidon,local,host-10-100-100-12.openstacklocal,pegasus::transfer,/home/poseidon/pegasus-5.1.0panorama/bin/pegasus-transfer,pegasus-kickstart  -n pegasus::transfer -N null -i - -R local  -L predict-future-sales -T 2023-02-17T19:59:06+00:00 pegasus-transfer  --threads 2,0.4,0,0,,,,,,,,,
cleanup_predict-future-sales_0_condorpool,None,auxiliary,0,1677179755.0,,,1677179760.0,,,0.0,1677179760.0,1677179770.0,,,0.0,1677179770.0,1677179775.0,5.0,,0.0,10.0,5.0,,,,,poseidon,local,host-10-100-100-12.openstacklocal,pegasus::cleanup,/home/poseidon/pegasus-5.1.0panorama/bin/pegasus-transfer,pegasus-kickstart  -n pegasus::cleanup -N null -i - -R local  -L predict-future-sales -T 2023-02-17T19:59:06+00:00 pegasus-transfer,0.3,0,0,,,,,,,,,
