,anomaly_type,type,is_clustered,ready,pre_script_start,pre_script_end,submit,stage_in_start,stage_in_end,stage_in_effective_bytes_per_sec,execute_start,execute_end,stage_out_start,stage_out_end,stage_out_effective_bytes_per_sec,post_script_start,post_script_end,wms_delay,pre_script_delay,queue_delay,runtime,post_script_delay,stage_in_delay,stage_in_bytes,stage_out_delay,stage_out_bytes,kickstart_user,kickstart_site,kickstart_hostname,kickstart_transformations,kickstart_executables,kickstart_executables_argv,kickstart_executables_cpu_time,kickstart_status,kickstart_executables_exitcode,kickstart_online_iowait,kickstart_online_bytes_read,kickstart_online_bytes_written,kickstart_online_read_system_calls,kickstart_online_write_system_calls,kickstart_online_utime,kickstart_online_stime,kickstart_online_bytes_read_per_second,kickstart_online_bytes_written_per_second
create_dir_predict-future-sales_0_local,None,auxiliary,0,1677522771.0,,,1677522772.0,,,0.0,1677522776.0,1677522782.0,,,0.0,1677522782.0,1677522787.0,1.0,,4.0,6.0,5.0,,,,,poseidon,local,host-10-100-100-12.openstacklocal,pegasus::dirmanager,/home/poseidon/pegasus-5.1.0panorama/bin/pegasus-transfer,pegasus-kickstart  -n pegasus::dirmanager -N null -i - -R local  -L predict-future-sales -T 2023-02-17T19:59:06+00:00 pegasus-transfer,0.3,0,0,,,,,,,,,
create_dir_predict-future-sales_0_condorpool,None,auxiliary,0,1677522771.0,,,1677522772.0,,,0.0,1677522776.0,1677522782.0,,,0.0,1677522782.0,1677522787.0,1.0,,4.0,6.0,5.0,,,,,poseidon,local,host-10-100-100-12.openstacklocal,pegasus::dirmanager,/home/poseidon/pegasus-5.1.0panorama/bin/pegasus-transfer,pegasus-kickstart  -n pegasus::dirmanager -N null -i - -R local  -L predict-future-sales -T 2023-02-17T19:59:06+00:00 pegasus-transfer,0.3,0,0,,,,,,,,,
stage_in_local_local_4_0,None,transfer,0,1677522787.0,,,1677522792.0,1677522793.0,1677522795.0,5868.0,1677522792.0,1677522802.0,,,0.0,1677522802.0,1677522807.0,5.0,,0.0,10.0,5.0,2.0,12577.0,,,poseidon,local,host-10-100-100-12.openstacklocal,pegasus::transfer,/home/poseidon/pegasus-5.1.0panorama/bin/pegasus-transfer,pegasus-kickstart  -n pegasus::transfer -N null -i - -R local  -L predict-future-sales -T 2023-02-17T19:59:06+00:00 pegasus-transfer  --threads 2,0.4,0,0,,,,,,,,,
stage_in_local_condorpool_8_0,None,transfer,0,1677522787.0,,,1677522792.0,1677522793.0,1677522796.0,681.0,1677522792.0,1677522802.0,,,0.0,1677522802.0,1677522807.0,5.0,,0.0,10.0,5.0,3.0,2368.0,,,poseidon,local,host-10-100-100-12.openstacklocal,pegasus::transfer,/home/poseidon/pegasus-5.1.0panorama/bin/pegasus-transfer,pegasus-kickstart  -n pegasus::transfer -N null -i - -R local  -L predict-future-sales -T 2023-02-17T19:59:06+00:00 pegasus-transfer  --threads 2,0.5,0,0,,,,,,,,,
stage_in_local_condorpool_3_0,None,transfer,0,1677522787.0,,,1677522792.0,1677522793.0,1677522797.0,2965.0,1677522792.0,1677522802.0,,,0.0,1677522802.0,1677522807.0,5.0,,0.0,10.0,5.0,4.0,12704.0,,,poseidon,local,host-10-100-100-12.openstacklocal,pegasus::transfer,/home/poseidon/pegasus-5.1.0panorama/bin/pegasus-transfer,pegasus-kickstart  -n pegasus::transfer -N null -i - -R local  -L predict-future-sales -T 2023-02-17T19:59:06+00:00 pegasus-transfer  --threads 2,0.6,0,0,,,,,,,,,
stage_in_local_condorpool_2_0,None,transfer,0,1677522787.0,,,1677522792.0,1677522793.0,1677522798.0,9780.0,1677522792.0,1677522807.0,,,0.0,1677522807.0,1677522812.0,5.0,,0.0,15.0,5.0,5.0,55480.0,,,poseidon,local,host-10-100-100-12.openstacklocal,pegasus::transfer,/home/poseidon/pegasus-5.1.0panorama/bin/pegasus-transfer,pegasus-kickstart  -n pegasus::transfer -N null -i - -R local  -L predict-future-sales -T 2023-02-17T19:59:06+00:00 pegasus-transfer  --threads 2,1.0,0,0,,,,,,,,,
stage_in_local_condorpool_1_0,None,transfer,0,1677522787.0,,,1677522792.0,1677522793.0,1677522797.0,3640.0,1677522792.0,1677522802.0,,,0.0,1677522802.0,1677522807.0,5.0,,0.0,10.0,5.0,4.0,15640.0,,,poseidon,local,host-10-100-100-12.openstacklocal,pegasus::transfer,/home/poseidon/pegasus-5.1.0panorama/bin/pegasus-transfer,pegasus-kickstart  -n pegasus::transfer -N null -i - -R local  -L predict-future-sales -T 2023-02-17T19:59:06+00:00 pegasus-transfer  --threads 2,0.6,0,0,,,,,,,,,
stage_in_local_condorpool_0_0,None,transfer,0,1677522787.0,,,1677522792.0,1677522793.0,1677522802.0,97455370.0,1677522792.0,1677522807.0,,,0.0,1677522807.0,1677522812.0,5.0,,0.0,15.0,5.0,9.0,936801734.0,,,poseidon,local,host-10-100-100-12.openstacklocal,pegasus::transfer,/home/poseidon/pegasus-5.1.0panorama/bin/pegasus-transfer,pegasus-kickstart  -n pegasus::transfer -N null -i - -R local  -L predict-future-sales -T 2023-02-17T19:59:06+00:00 pegasus-transfer  --threads 2,5.6,0,0,,,,,,,,,
stage_in_local_condorpool_7_0,None,transfer,0,1677522787.0,,,1677522792.0,1677522793.0,1677522796.0,1010.0,1677522792.0,1677522802.0,,,0.0,1677522802.0,1677522807.0,5.0,,0.0,10.0,5.0,3.0,3488.0,,,poseidon,local,host-10-100-100-12.openstacklocal,pegasus::transfer,/home/poseidon/pegasus-5.1.0panorama/bin/pegasus-transfer,pegasus-kickstart  -n pegasus::transfer -N null -i - -R local  -L predict-future-sales -T 2023-02-17T19:59:06+00:00 pegasus-transfer  --threads 2,0.4,0,0,,,,,,,,,
stage_in_local_condorpool_6_0,None,transfer,0,1677522787.0,,,1677522792.0,1677522793.0,1677522796.0,2246.0,1677522792.0,1677522802.0,,,0.0,1677522802.0,1677522807.0,5.0,,0.0,10.0,5.0,3.0,7870.0,,,poseidon,local,host-10-100-100-12.openstacklocal,pegasus::transfer,/home/poseidon/pegasus-5.1.0panorama/bin/pegasus-transfer,pegasus-kickstart  -n pegasus::transfer -N null -i - -R local  -L predict-future-sales -T 2023-02-17T19:59:06+00:00 pegasus-transfer  --threads 2,0.4,0,0,,,,,,,,,
preprocess_ID0000003,cpu_3,compute,0,1677522812.0,,,1677522817.0,1677522772.0,1677522790.0,45691723.8,1677522819.0,1677522867.0,1677522801.0,1677522808.0,23415076.0,1677522867.0,1677522872.0,5.0,,2.0,48.0,5.0,18.0,467356066.0,7.0,160257914.0,poseidon,condorpool,poseidon-worker-3-container-8-15,preprocess,/srv/preprocess,,4.1,0,0,,,,,,,,,
nlp_ID0000002,cpu_3,compute,0,1677522812.0,,,1677522817.0,1677522772.0,1677522788.0,44904286.5,1677522819.0,1677523137.0,1677523075.0,1677523080.0,605582.0,1677523137.0,1677523142.0,5.0,,2.0,318.0,5.0,16.0,369033604.0,5.0,2755872.0,poseidon,condorpool,poseidon-worker-2-container-32-39,nlp,/srv/nlp,,917.9,0,0,0.0,21500120.0,8791.0,3147.0,5.0,912.9,3.8,76786.1,879.1
eda_ID0000001,None,compute,0,1677522812.0,,,1677522817.0,1677522772.0,1677522790.0,48189371.7,1677522819.0,1677522892.0,1677522831.0,1677522835.0,278392.0,1677522892.0,1677522897.0,5.0,,2.0,73.0,5.0,18.0,464177772.0,4.0,1196608.0,poseidon,condorpool,poseidon-worker-2-container-0-7,eda,/srv/eda,,34.0,0,0,0.1,144954771.0,850024.0,27583.0,40.0,28.0,1.9,4831825.7,28334.1
feature_eng_1_ID0000005,cpu_3,compute,0,1677522872.0,,,1677522877.0,1677522832.0,1677522854.0,38946675.7,1677522879.0,1677522947.0,1677522878.0,1677522888.0,38974797.0,1677522947.0,1677522952.0,5.0,,2.0,68.0,5.0,22.0,528250191.0,10.0,393324463.0,poseidon,condorpool,poseidon-worker-3-container-8-15,feature_eng_1,/srv/feature_eng_1,,15.8,0,0,0.0,169643956.0,8.0,1799.0,1.0,7.8,2.1,16964395.6,0.8
feature_eng_0_ID0000004,cpu_3,compute,0,1677522872.0,,,1677522877.0,1677522831.0,1677522850.0,40161704.5,1677522879.0,1677522922.0,1677522861.0,1677522865.0,205923.0,1677522922.0,1677522927.0,5.0,,2.0,43.0,5.0,19.0,369949088.0,4.0,893320.0,poseidon,condorpool,poseidon-worker-3-container-8-15,feature_eng_0,/srv/feature_eng_0,,5.0,0,0,,,,,,,,,
feature_eng_5_ID0000009,cpu_3,compute,0,1677522952.0,,,1677522957.0,1677522912.0,1677522944.0,35353745.8,1677522959.0,1677523247.0,1677523174.0,1677523188.0,47075846.0,1677523247.0,1677523252.0,5.0,,2.0,288.0,5.0,32.0,856820455.0,14.0,655540227.0,poseidon,condorpool,poseidon-worker-3-container-8-15,feature_eng_5,/srv/feature_eng_5,,220.3,0,0,0.0,498327508.0,218513623.0,2099.0,8.0,199.1,20.9,2265125.0,10925681.2
stage_out_local_condorpool_1_0,None,transfer,0,1677522952.0,,,1677522957.0,,,0.0,1677522957.0,1677522967.0,1677522957.0,1677522961.0,91556233.0,1677522967.0,1677522972.0,5.0,,0.0,10.0,5.0,,,4.0,394217783.0,poseidon,local,host-10-100-100-12.openstacklocal,pegasus::transfer,/home/poseidon/pegasus-5.1.0panorama/bin/pegasus-transfer,pegasus-kickstart  -n pegasus::transfer -N null -i - -R local  -L predict-future-sales -T 2023-02-17T19:59:06+00:00 pegasus-transfer  --threads 2,2.2,0,0,,,,,,,,,
feature_eng_3_ID0000007,None,compute,0,1677522952.0,,,1677522957.0,1677522911.0,1677522932.0,58446199.0,1677522958.0,1677523132.0,1677523053.0,1677523075.0,54169941.0,1677523132.0,1677523137.0,5.0,,1.0,174.0,5.0,21.0,762217561.0,22.0,1179971921.0,poseidon,condorpool,poseidon-worker-2-container-0-7,feature_eng_3,/srv/feature_eng_3,,109.0,0,0,0.0,403618313.0,8.0,1420.0,1.0,68.8,31.1,4036183.1,0.8
feature_eng_4_ID0000008,cpu_3,compute,0,1677522952.0,,,1677522957.0,1677522911.0,1677522944.0,40345042.2,1677522958.0,1677523087.0,1677523007.0,1677523029.0,54518081.0,1677523087.0,1677523092.0,5.0,,1.0,129.0,5.0,33.0,761328752.0,22.0,1201824259.0,poseidon,condorpool,poseidon-worker-3-container-8-15,feature_eng_4,/srv/feature_eng_4,,50.8,0,0,0.0,402772007.0,218513623.0,1473.0,8.0,36.8,13.2,8055440.1,10925681.2
feature_eng_2_ID0000006,cpu_3,compute,0,1677522952.0,,,1677522957.0,1677522912.0,1677522938.0,39306365.4,1677522959.0,1677523322.0,1677523233.0,1677523264.0,57923561.0,1677523322.0,1677523327.0,5.0,,2.0,363.0,5.0,26.0,761320658.0,31.0,1748107178.0,poseidon,condorpool,poseidon-worker-3-container-8-15,feature_eng_2,/srv/feature_eng_2,,280.7,0,0,0.0,402836191.0,524431991.0,1790.0,12.0,212.8,67.2,1438700.7,26221599.5
register_condorpool_1_0,None,auxiliary,0,1677522972.0,,,1677522977.0,,,0.0,1677522977.0,1677522982.0,,,0.0,1677522982.0,1677522987.0,5.0,,0.0,5.0,5.0,,,,,poseidon,local,host-10-100-100-12.openstacklocal,pegasus::rc-client,/home/poseidon/pegasus-5.1.0panorama/bin/pegasus-rc-client,"pegasus-kickstart  -n pegasus::rc-client -N null -R local  -L predict-future-sales -T 2023-02-17T19:59:06+00:00 /home/poseidon/pegasus-5.1.0panorama/bin/pegasus-rc-client --prefix pegasus.catalog.replica.output --conf /home/poseidon/workflows/predict-future-sales-workflow/submit/poseidon/pegasus/predict-future-sales/run0267/pegasus.8263668492780195532.properties -v --meta /home/poseidon/workflows/predict-future-sales-workflow/submit/poseidon/pegasus/predict-future-sales/run0267/00/00/feature_eng_1_ID0000005.meta,/home/poseidon/workflows/predict-future-sales-workflow/submit/poseidon/pegasus/predict-future-sales/run0267/00/00/feature_eng_0_ID0000004.meta --insert /home/poseidon/workflows/predict-future-sales-workflow/submit/poseidon/pegasus/predict-future-sales/run0267/00/00/register_condorpool_1_0.in",3.0,0,0,,,,,,,,,
stage_out_local_condorpool_0_0,None,transfer,0,1677523142.0,,,1677523147.0,,,0.0,1677523147.0,1677523157.0,1677523147.0,1677523151.0,40661439.0,1677523157.0,1677523162.0,5.0,,0.0,10.0,5.0,,,4.0,164210394.0,poseidon,local,host-10-100-100-12.openstacklocal,pegasus::transfer,/home/poseidon/pegasus-5.1.0panorama/bin/pegasus-transfer,pegasus-kickstart  -n pegasus::transfer -N null -i - -R local  -L predict-future-sales -T 2023-02-17T19:59:06+00:00 pegasus-transfer  --threads 2,2.1,0,0,,,,,,,,,
register_condorpool_0_0,None,auxiliary,0,1677523162.0,,,1677523167.0,,,0.0,1677523167.0,1677523172.0,,,0.0,1677523172.0,1677523177.0,5.0,,0.0,5.0,5.0,,,,,poseidon,local,host-10-100-100-12.openstacklocal,pegasus::rc-client,/home/poseidon/pegasus-5.1.0panorama/bin/pegasus-rc-client,"pegasus-kickstart  -n pegasus::rc-client -N null -R local  -L predict-future-sales -T 2023-02-17T19:59:06+00:00 /home/poseidon/pegasus-5.1.0panorama/bin/pegasus-rc-client --prefix pegasus.catalog.replica.output --conf /home/poseidon/workflows/predict-future-sales-workflow/submit/poseidon/pegasus/predict-future-sales/run0267/pegasus.8263668492780195532.properties -v --meta /home/poseidon/workflows/predict-future-sales-workflow/submit/poseidon/pegasus/predict-future-sales/run0267/00/00/nlp_ID0000002.meta,/home/poseidon/workflows/predict-future-sales-workflow/submit/poseidon/pegasus/predict-future-sales/run0267/00/00/eda_ID0000001.meta,/home/poseidon/workflows/predict-future-sales-workflow/submit/poseidon/pegasus/predict-future-sales/run0267/00/00/preprocess_ID0000003.meta --insert /home/poseidon/workflows/predict-future-sales-workflow/submit/poseidon/pegasus/predict-future-sales/run0267/00/00/register_condorpool_0_0.in",2.9,0,0,,,,,,,,,
stage_out_local_condorpool_2_0,None,transfer,0,1677523327.0,,,1677523332.0,,,0.0,1677523332.0,1677523357.0,1677523332.0,1677523351.0,250739227.0,1677523357.0,1677523362.0,5.0,,0.0,25.0,5.0,,,19.0,4785443585.0,poseidon,local,host-10-100-100-12.openstacklocal,pegasus::transfer,/home/poseidon/pegasus-5.1.0panorama/bin/pegasus-transfer,pegasus-kickstart  -n pegasus::transfer -N null -i - -R local  -L predict-future-sales -T 2023-02-17T19:59:06+00:00 pegasus-transfer  --threads 2,20.8,0,0,,,,,,,,,
feature_merge_ID0000010,cpu_3,compute,0,1677523327.0,,,1677523332.0,1677523286.0,1677523353.0,86108276.5,1677523333.0,1677523547.0,1677523443.0,1677523492.0,60937452.0,1677523547.0,1677523552.0,5.0,,1.0,214.0,5.0,67.0,5155397110.0,49.0,2993643458.0,poseidon,condorpool,poseidon-worker-3-container-8-15,feature_merge,/srv/feature_merge,,60.7,0,0,0.0,4796859744.0,2064961063.0,1452.0,83.0,38.2,21.7,79947662.4,103248053.2
register_condorpool_2_0,None,auxiliary,0,1677523362.0,,,1677523367.0,,,0.0,1677523367.0,1677523372.0,,,0.0,1677523372.0,1677523377.0,5.0,,0.0,5.0,5.0,,,,,poseidon,local,host-10-100-100-12.openstacklocal,pegasus::rc-client,/home/poseidon/pegasus-5.1.0panorama/bin/pegasus-rc-client,"pegasus-kickstart  -n pegasus::rc-client -N null -R local  -L predict-future-sales -T 2023-02-17T19:59:06+00:00 /home/poseidon/pegasus-5.1.0panorama/bin/pegasus-rc-client --prefix pegasus.catalog.replica.output --conf /home/poseidon/workflows/predict-future-sales-workflow/submit/poseidon/pegasus/predict-future-sales/run0267/pegasus.8263668492780195532.properties -v --meta /home/poseidon/workflows/predict-future-sales-workflow/submit/poseidon/pegasus/predict-future-sales/run0267/00/00/feature_eng_5_ID0000009.meta,/home/poseidon/workflows/predict-future-sales-workflow/submit/poseidon/pegasus/predict-future-sales/run0267/00/00/feature_eng_2_ID0000006.meta,/home/poseidon/workflows/predict-future-sales-workflow/submit/poseidon/pegasus/predict-future-sales/run0267/00/00/feature_eng_3_ID0000007.meta,/home/poseidon/workflows/predict-future-sales-workflow/submit/poseidon/pegasus/predict-future-sales/run0267/00/00/feature_eng_4_ID0000008.meta --insert /home/poseidon/workflows/predict-future-sales-workflow/submit/poseidon/pegasus/predict-future-sales/run0267/00/00/register_condorpool_2_0.in",2.9,0,0,,,,,,,,,
stage_inter_local_xgboost_hp_tuning_workflow_ID0000015_0,None,transfer,0,1677523552.0,,,1677523557.0,1677523557.0,1677523559.0,401.0,1677523557.0,1677523567.0,,,0.0,1677523567.0,1677523572.0,5.0,,0.0,10.0,5.0,2.0,826.0,,,poseidon,local,host-10-100-100-12.openstacklocal,pegasus::transfer,/home/poseidon/pegasus-5.1.0panorama/bin/pegasus-transfer,pegasus-kickstart  -n pegasus::transfer -N null -i - -R local  -L predict-future-sales -T 2023-02-17T19:59:06+00:00 pegasus-transfer  --threads 2,0.3,0,0,,,,,,,,,
stage_inter_local_xgboost_model_ID0000021_0,None,transfer,0,1677523552.0,,,1677523557.0,1677523557.0,1677523590.0,80590573.0,1677523557.0,1677523598.0,,,0.0,1677523598.0,1677523603.0,5.0,,0.0,41.0,5.0,33.0,2646308508.0,,,poseidon,local,host-10-100-100-12.openstacklocal,pegasus::transfer,/home/poseidon/pegasus-5.1.0panorama/bin/pegasus-transfer,pegasus-kickstart  -n pegasus::transfer -N null -i - -R local  -L predict-future-sales -T 2023-02-17T19:59:06+00:00 pegasus-transfer  --threads 2,9.3,0,0,,,,,,,,,
stage_inter_local_model_predict_ID0000022_0,None,transfer,0,1677523552.0,,,1677523557.0,1677523557.0,1677523561.0,14377005.0,1677523557.0,1677523567.0,,,0.0,1677523567.0,1677523572.0,5.0,,0.0,10.0,5.0,4.0,54050130.0,,,poseidon,local,host-10-100-100-12.openstacklocal,pegasus::transfer,/home/poseidon/pegasus-5.1.0panorama/bin/pegasus-transfer,pegasus-kickstart  -n pegasus::transfer -N null -i - -R local  -L predict-future-sales -T 2023-02-17T19:59:06+00:00 pegasus-transfer  --threads 2,0.6,0,0,,,,,,,,,
stage_out_local_condorpool_3_0,None,transfer,0,1677523552.0,,,1677523557.0,,,0.0,1677523557.0,1677523588.0,1677523557.0,1677523580.0,129982108.0,1677523588.0,1677523593.0,5.0,,0.0,31.0,5.0,,,23.0,2993643458.0,poseidon,local,host-10-100-100-12.openstacklocal,pegasus::transfer,/home/poseidon/pegasus-5.1.0panorama/bin/pegasus-transfer,pegasus-kickstart  -n pegasus::transfer -N null -i - -R local  -L predict-future-sales -T 2023-02-17T19:59:06+00:00 pegasus-transfer  --threads 2,14.4,0,0,,,,,,,,,
stage_inter_local_xgboost_model_ID0000013_0,None,transfer,0,1677523552.0,,,1677523557.0,1677523557.0,1677523565.0,36308733.0,1677523557.0,1677523572.0,,,0.0,1677523572.0,1677523578.0,5.0,,0.0,15.0,6.0,8.0,269346726.0,,,poseidon,local,host-10-100-100-12.openstacklocal,pegasus::transfer,/home/poseidon/pegasus-5.1.0panorama/bin/pegasus-transfer,pegasus-kickstart  -n pegasus::transfer -N null -i - -R local  -L predict-future-sales -T 2023-02-17T19:59:06+00:00 pegasus-transfer  --threads 2,1.3,0,0,,,,,,,,,
stage_inter_local_model_predict_ID0000014_0,None,transfer,0,1677523552.0,,,1677523557.0,1677523557.0,1677523561.0,1277022.0,1677523557.0,1677523567.0,,,0.0,1677523567.0,1677523572.0,5.0,,0.0,10.0,5.0,4.0,4411696.0,,,poseidon,local,host-10-100-100-12.openstacklocal,pegasus::transfer,/home/poseidon/pegasus-5.1.0panorama/bin/pegasus-transfer,pegasus-kickstart  -n pegasus::transfer -N null -i - -R local  -L predict-future-sales -T 2023-02-17T19:59:06+00:00 pegasus-transfer  --threads 2,0.4,0,0,,,,,,,,,
xgboost_hp_tuning_workflow_ID0000015,None,compute,0,1677523572.0,,,1677523577.0,,,0.0,1677523578.0,1677523593.0,,,0.0,1677523593.0,1677523598.0,5.0,,1.0,15.0,5.0,,,,,poseidon,local,poseidon-submit.novalocal,xgboost_hp_tuning_workflow,/var/spool/condor/local_univ_execute/dir_1580358/xgboost_hp_tuning_workflow,/home/poseidon/workflows/predict-future-sales-workflow/submit/poseidon/pegasus/predict-future-sales/run0267/00/00/xgboost_hp_tuning_workflow_ID0000015.sh,0.1,0,0,,,,,,,,,
xgboost_hp_tuning_workflow_ID0000011,None,compute,0,1677523572.0,,,1677523577.0,,,0.0,1677523579.0,1677523593.0,,,0.0,1677523593.0,1677523598.0,5.0,,2.0,14.0,5.0,,,,,poseidon,local,poseidon-submit.novalocal,xgboost_hp_tuning_workflow,/var/spool/condor/local_univ_execute/dir_1580360/xgboost_hp_tuning_workflow,/home/poseidon/workflows/predict-future-sales-workflow/submit/poseidon/pegasus/predict-future-sales/run0267/00/00/xgboost_hp_tuning_workflow_ID0000011.sh,0.1,0,0,,,,,,,,,
xgboost_hp_tuning_workflow_ID0000019,None,compute,0,1677523572.0,,,1677523578.0,,,0.0,1677523579.0,1677523593.0,,,0.0,1677523593.0,1677523598.0,6.0,,1.0,14.0,5.0,,,,,poseidon,local,poseidon-submit.novalocal,xgboost_hp_tuning_workflow,/var/spool/condor/local_univ_execute/dir_1580362/xgboost_hp_tuning_workflow,/home/poseidon/workflows/predict-future-sales-workflow/submit/poseidon/pegasus/predict-future-sales/run0267/00/00/xgboost_hp_tuning_workflow_ID0000019.sh,0.1,0,0,,,,,,,,,
register_condorpool_3_0,None,auxiliary,0,1677523593.0,,,1677523598.0,,,0.0,1677523598.0,1677523603.0,,,0.0,1677523603.0,1677523608.0,5.0,,0.0,5.0,5.0,,,,,poseidon,local,host-10-100-100-12.openstacklocal,pegasus::rc-client,/home/poseidon/pegasus-5.1.0panorama/bin/pegasus-rc-client,pegasus-kickstart  -n pegasus::rc-client -N null -R local  -L predict-future-sales -T 2023-02-17T19:59:06+00:00 /home/poseidon/pegasus-5.1.0panorama/bin/pegasus-rc-client --prefix pegasus.catalog.replica.output --conf /home/poseidon/workflows/predict-future-sales-workflow/submit/poseidon/pegasus/predict-future-sales/run0267/pegasus.8263668492780195532.properties -v --meta /home/poseidon/workflows/predict-future-sales-workflow/submit/poseidon/pegasus/predict-future-sales/run0267/00/00/feature_merge_ID0000010.meta --insert /home/poseidon/workflows/predict-future-sales-workflow/submit/poseidon/pegasus/predict-future-sales/run0267/00/00/register_condorpool_3_0.in,3.0,0,0,,,,,,,,,
pegasus-plan_ID0000016,None,subwf,0,1677523598.0,1677523598.0,1677523604.0,1677523608.0,,,0.0,1677523609.0,1677523929.0,,,0.0,,,0.0,6.0,1.0,320.0,,,,,,poseidon,local,poseidon-submit,condor::dagman,/usr/bin/condor_dagman,-p 0  -f -l . -Notification never -Debug 3 -Lockfile xgboost_hp_tuning_group_1.dag.lock -Dag xgboost_hp_tuning_group_1.dag -AllowVersionMismatch  -AutoRescue 1 -DoRescueFrom 0,0.0,0,0,,,,,,,,,
pegasus-plan_ID0000012,None,subwf,0,1677523598.0,1677523598.0,1677523604.0,1677523608.0,,,0.0,1677523609.0,1677523883.0,,,0.0,,,0.0,6.0,1.0,274.0,,,,,,poseidon,local,poseidon-submit,condor::dagman,/usr/bin/condor_dagman,-p 0  -f -l . -Notification never -Debug 3 -Lockfile xgboost_hp_tuning_group_0.dag.lock -Dag xgboost_hp_tuning_group_0.dag -AllowVersionMismatch  -AutoRescue 1 -DoRescueFrom 0,0.0,0,0,,,,,,,,,
stage_out_local_local_4_0,None,transfer,0,1677523598.0,,,1677523603.0,,,0.0,1677523603.0,1677523613.0,1677523603.0,1677523607.0,21095.0,1677523613.0,1677523618.0,5.0,,0.0,10.0,5.0,,,4.0,85038.0,poseidon,local,host-10-100-100-12.openstacklocal,pegasus::transfer,/home/poseidon/pegasus-5.1.0panorama/bin/pegasus-transfer,pegasus-kickstart  -n pegasus::transfer -N null -i - -R local  -L predict-future-sales -T 2023-02-17T19:59:06+00:00 pegasus-transfer  --threads 2,0.5,0,0,,,,,,,,,
pegasus-plan_ID0000020,None,subwf,0,1677523598.0,1677523598.0,1677523604.0,1677523608.0,,,0.0,1677523609.0,1677524785.0,,,0.0,,,0.0,6.0,1.0,1176.0,,,,,,poseidon,local,poseidon-submit,condor::dagman,/usr/bin/condor_dagman,-p 0  -f -l . -Notification never -Debug 3 -Lockfile xgboost_hp_tuning_group_2.dag.lock -Dag xgboost_hp_tuning_group_2.dag -AllowVersionMismatch  -AutoRescue 1 -DoRescueFrom 0,0.0,0,0,,,,,,,,,
create_dir_predict-future-sales-hp-tuning_0_condorpool_pegasus-plan_ID0000016,None,auxiliary,0,1677523609.0,,,1677523610.0,,,0.0,1677523612.0,1677523620.0,,,0.0,1677523620.0,1677523625.0,1.0,,2.0,8.0,5.0,,,,,poseidon,local,host-10-100-100-12.openstacklocal,pegasus::dirmanager,/home/poseidon/pegasus-5.1.0panorama/bin/pegasus-transfer,pegasus-kickstart  -n pegasus::dirmanager -N null -i - -R local  -L xgboost_hp_tuning_group_1 -T 2023-02-27T18:46:41+00:00 pegasus-transfer,0.3,0,0,,,,,,,,,
create_dir_predict-future-sales-hp-tuning_0_condorpool_pegasus-plan_ID0000012,None,auxiliary,0,1677523609.0,,,1677523610.0,,,0.0,1677523612.0,1677523620.0,,,0.0,1677523620.0,1677523625.0,1.0,,2.0,8.0,5.0,,,,,poseidon,local,host-10-100-100-12.openstacklocal,pegasus::dirmanager,/home/poseidon/pegasus-5.1.0panorama/bin/pegasus-transfer,pegasus-kickstart  -n pegasus::dirmanager -N null -i - -R local  -L xgboost_hp_tuning_group_0 -T 2023-02-27T18:46:41+00:00 pegasus-transfer,0.3,0,0,,,,,,,,,
create_dir_predict-future-sales-hp-tuning_0_condorpool_pegasus-plan_ID0000020,None,auxiliary,0,1677523609.0,,,1677523610.0,,,0.0,1677523612.0,1677523620.0,,,0.0,1677523620.0,1677523625.0,1.0,,2.0,8.0,5.0,,,,,poseidon,local,host-10-100-100-12.openstacklocal,pegasus::dirmanager,/home/poseidon/pegasus-5.1.0panorama/bin/pegasus-transfer,pegasus-kickstart  -n pegasus::dirmanager -N null -i - -R local  -L xgboost_hp_tuning_group_2 -T 2023-02-27T18:46:41+00:00 pegasus-transfer,0.3,0,0,,,,,,,,,
register_local_4_0,None,auxiliary,0,1677523618.0,,,1677523623.0,,,0.0,1677523623.0,1677523628.0,,,0.0,1677523628.0,1677523633.0,5.0,,0.0,5.0,5.0,,,,,poseidon,local,host-10-100-100-12.openstacklocal,pegasus::rc-client,/home/poseidon/pegasus-5.1.0panorama/bin/pegasus-rc-client,"pegasus-kickstart  -n pegasus::rc-client -N null -R local  -L predict-future-sales -T 2023-02-17T19:59:06+00:00 /home/poseidon/pegasus-5.1.0panorama/bin/pegasus-rc-client --prefix pegasus.catalog.replica.output --conf /home/poseidon/workflows/predict-future-sales-workflow/submit/poseidon/pegasus/predict-future-sales/run0267/pegasus.8263668492780195532.properties -v --meta /home/poseidon/workflows/predict-future-sales-workflow/submit/poseidon/pegasus/predict-future-sales/run0267/00/00/xgboost_hp_tuning_workflow_ID0000011.meta,/home/poseidon/workflows/predict-future-sales-workflow/submit/poseidon/pegasus/predict-future-sales/run0267/00/00/xgboost_hp_tuning_workflow_ID0000019.meta,/home/poseidon/workflows/predict-future-sales-workflow/submit/poseidon/pegasus/predict-future-sales/run0267/00/00/xgboost_hp_tuning_workflow_ID0000015.meta --insert /home/poseidon/workflows/predict-future-sales-workflow/submit/poseidon/pegasus/predict-future-sales/run0267/00/00/register_local_4_0.in",2.9,0,0,,,,,,,,,
stage_in_local_condorpool_0_0_pegasus-plan_ID0000012,None,transfer,0,1677523625.0,,,1677523630.0,1677523631.0,1677523635.0,2827.0,1677523630.0,1677523645.0,,,0.0,1677523645.0,1677523650.0,5.0,,0.0,15.0,5.0,4.0,12142.0,,,poseidon,local,host-10-100-100-12.openstacklocal,pegasus::transfer,/home/poseidon/pegasus-5.1.0panorama/bin/pegasus-transfer,-n pegasus::transfer -N null -i - -R local  -L xgboost_hp_tuning_group_0 -T 2023-02-27T18:46:41+00:00 /home/poseidon/pegasus-5.1.0panorama/bin/../bin/pegasus-transfer  --threads 2,0.6,0,0,,,,,,,,,
stage_in_local_condorpool_1_0_pegasus-plan_ID0000012,None,transfer,0,1677523625.0,,,1677523630.0,1677523631.0,1677523634.0,817.0,1677523630.0,1677523640.0,,,0.0,1677523640.0,1677523645.0,5.0,,0.0,10.0,5.0,3.0,2874.0,,,poseidon,local,host-10-100-100-12.openstacklocal,pegasus::transfer,/home/poseidon/pegasus-5.1.0panorama/bin/pegasus-transfer,-n pegasus::transfer -N null -i - -R local  -L xgboost_hp_tuning_group_0 -T 2023-02-27T18:46:41+00:00 /home/poseidon/pegasus-5.1.0panorama/bin/../bin/pegasus-transfer  --threads 2,0.5,0,0,,,,,,,,,
stage_in_local_condorpool_0_1_pegasus-plan_ID0000012,None,transfer,0,1677523625.0,,,1677523630.0,1677523631.0,1677523637.0,44296821.0,1677523630.0,1677523645.0,,,0.0,1677523645.0,1677523650.0,5.0,,0.0,15.0,5.0,6.0,269346726.0,,,poseidon,local,host-10-100-100-12.openstacklocal,pegasus::transfer,/home/poseidon/pegasus-5.1.0panorama/bin/pegasus-transfer,-n pegasus::transfer -N null -i - -R local  -L xgboost_hp_tuning_group_0 -T 2023-02-27T18:46:41+00:00 /home/poseidon/pegasus-5.1.0panorama/bin/../bin/pegasus-transfer  --threads 2,1.9,0,0,,,,,,,,,
stage_in_local_condorpool_0_2_pegasus-plan_ID0000012,None,transfer,0,1677523625.0,,,1677523630.0,1677523631.0,1677523641.0,73064841.0,1677523631.0,1677523650.0,,,0.0,1677523650.0,1677523655.0,5.0,,1.0,19.0,5.0,10.0,735985664.0,,,poseidon,local,host-10-100-100-12.openstacklocal,pegasus::transfer,/home/poseidon/pegasus-5.1.0panorama/bin/pegasus-transfer,-n pegasus::transfer -N null -i - -R local  -L xgboost_hp_tuning_group_0 -T 2023-02-27T18:46:41+00:00 /home/poseidon/pegasus-5.1.0panorama/bin/../bin/pegasus-transfer  --threads 2,4.2,0,0,,,,,,,,,
stage_in_local_condorpool_0_2_pegasus-plan_ID0000020,None,transfer,0,1677523625.0,,,1677523630.0,1677523631.0,1677523641.0,71581437.0,1677523631.0,1677523650.0,,,0.0,1677523650.0,1677523655.0,5.0,,1.0,19.0,5.0,10.0,735985664.0,,,poseidon,local,host-10-100-100-12.openstacklocal,pegasus::transfer,/home/poseidon/pegasus-5.1.0panorama/bin/pegasus-transfer,-n pegasus::transfer -N null -i - -R local  -L xgboost_hp_tuning_group_2 -T 2023-02-27T18:46:41+00:00 /home/poseidon/pegasus-5.1.0panorama/bin/../bin/pegasus-transfer  --threads 2,4.2,0,0,,,,,,,,,
stage_in_local_condorpool_0_1_pegasus-plan_ID0000020,None,transfer,0,1677523625.0,,,1677523630.0,1677523631.0,1677523648.0,154993081.0,1677523630.0,1677523655.0,,,0.0,1677523655.0,1677523660.0,5.0,,0.0,25.0,5.0,17.0,2646308508.0,,,poseidon,local,host-10-100-100-12.openstacklocal,pegasus::transfer,/home/poseidon/pegasus-5.1.0panorama/bin/pegasus-transfer,-n pegasus::transfer -N null -i - -R local  -L xgboost_hp_tuning_group_2 -T 2023-02-27T18:46:41+00:00 /home/poseidon/pegasus-5.1.0panorama/bin/../bin/pegasus-transfer  --threads 2,11.7,0,0,,,,,,,,,
stage_in_local_condorpool_0_0_pegasus-plan_ID0000016,None,transfer,0,1677523625.0,,,1677523630.0,1677523631.0,1677523635.0,2842.0,1677523630.0,1677523645.0,,,0.0,1677523645.0,1677523650.0,5.0,,0.0,15.0,5.0,4.0,12142.0,,,poseidon,local,host-10-100-100-12.openstacklocal,pegasus::transfer,/home/poseidon/pegasus-5.1.0panorama/bin/pegasus-transfer,-n pegasus::transfer -N null -i - -R local  -L xgboost_hp_tuning_group_1 -T 2023-02-27T18:46:41+00:00 /home/poseidon/pegasus-5.1.0panorama/bin/../bin/pegasus-transfer  --threads 2,0.6,0,0,,,,,,,,,
stage_in_local_condorpool_1_0_pegasus-plan_ID0000016,None,transfer,0,1677523625.0,,,1677523630.0,1677523631.0,1677523634.0,821.0,1677523630.0,1677523640.0,,,0.0,1677523640.0,1677523645.0,5.0,,0.0,10.0,5.0,3.0,2874.0,,,poseidon,local,host-10-100-100-12.openstacklocal,pegasus::transfer,/home/poseidon/pegasus-5.1.0panorama/bin/pegasus-transfer,-n pegasus::transfer -N null -i - -R local  -L xgboost_hp_tuning_group_1 -T 2023-02-27T18:46:41+00:00 /home/poseidon/pegasus-5.1.0panorama/bin/../bin/pegasus-transfer  --threads 2,0.5,0,0,,,,,,,,,
stage_in_local_condorpool_0_1_pegasus-plan_ID0000016,None,transfer,0,1677523625.0,,,1677523630.0,1677523631.0,1677523635.0,5063089.0,1677523630.0,1677523640.0,,,0.0,1677523640.0,1677523645.0,5.0,,0.0,10.0,5.0,4.0,19294600.0,,,poseidon,local,host-10-100-100-12.openstacklocal,pegasus::transfer,/home/poseidon/pegasus-5.1.0panorama/bin/pegasus-transfer,-n pegasus::transfer -N null -i - -R local  -L xgboost_hp_tuning_group_1 -T 2023-02-27T18:46:41+00:00 /home/poseidon/pegasus-5.1.0panorama/bin/../bin/pegasus-transfer  --threads 2,0.6,0,0,,,,,,,,,
stage_in_local_condorpool_0_0_pegasus-plan_ID0000020,None,transfer,0,1677523625.0,,,1677523630.0,1677523631.0,1677523635.0,2782.0,1677523630.0,1677523645.0,,,0.0,1677523645.0,1677523650.0,5.0,,0.0,15.0,5.0,4.0,12142.0,,,poseidon,local,host-10-100-100-12.openstacklocal,pegasus::transfer,/home/poseidon/pegasus-5.1.0panorama/bin/pegasus-transfer,-n pegasus::transfer -N null -i - -R local  -L xgboost_hp_tuning_group_2 -T 2023-02-27T18:46:41+00:00 /home/poseidon/pegasus-5.1.0panorama/bin/../bin/pegasus-transfer  --threads 2,0.6,0,0,,,,,,,,,
stage_in_local_condorpool_0_2_pegasus-plan_ID0000016,None,transfer,0,1677523625.0,,,1677523630.0,1677523631.0,1677523641.0,70959138.0,1677523631.0,1677523650.0,,,0.0,1677523650.0,1677523655.0,5.0,,1.0,19.0,5.0,10.0,735985664.0,,,poseidon,local,host-10-100-100-12.openstacklocal,pegasus::transfer,/home/poseidon/pegasus-5.1.0panorama/bin/pegasus-transfer,-n pegasus::transfer -N null -i - -R local  -L xgboost_hp_tuning_group_1 -T 2023-02-27T18:46:41+00:00 /home/poseidon/pegasus-5.1.0panorama/bin/../bin/pegasus-transfer  --threads 2,4.2,0,0,,,,,,,,,
stage_in_local_condorpool_1_0_pegasus-plan_ID0000020,None,transfer,0,1677523625.0,,,1677523630.0,1677523631.0,1677523634.0,814.0,1677523630.0,1677523640.0,,,0.0,1677523640.0,1677523645.0,5.0,,0.0,10.0,5.0,3.0,2874.0,,,poseidon,local,host-10-100-100-12.openstacklocal,pegasus::transfer,/home/poseidon/pegasus-5.1.0panorama/bin/pegasus-transfer,-n pegasus::transfer -N null -i - -R local  -L xgboost_hp_tuning_group_2 -T 2023-02-27T18:46:41+00:00 /home/poseidon/pegasus-5.1.0panorama/bin/../bin/pegasus-transfer  --threads 2,0.5,0,0,,,,,,,,,
xgboost_hp_tuning_ID0000008_pegasus-plan_ID0000016,None,compute,0,1677523655.0,,,1677523660.0,1677523685.0,1677523700.0,45430054.0,1677523732.0,1677523775.0,1677523716.0,1677523720.0,255.0,1677523775.0,1677523780.0,5.0,,72.0,43.0,5.0,15.0,377646203.0,4.0,1057.0,poseidon,condorpool,poseidon-worker-1-container-8-15,xgboost_hp_tuning,/srv/xgboost_hp_tuning,,51.8,0,0,,,,,,,,,
xgboost_hp_tuning_ID0000023_pegasus-plan_ID0000012,None,compute,0,1677523655.0,,,1677523660.0,1677523679.0,1677523695.0,51330888.0,1677523726.0,1677523780.0,1677523719.0,1677523724.0,262.0,1677523780.0,1677523785.0,5.0,,66.0,54.0,5.0,16.0,502672266.0,5.0,1089.0,poseidon,condorpool,poseidon-worker-2-container-40-47,xgboost_hp_tuning,/srv/xgboost_hp_tuning,,90.0,0,0,0.0,157967899.0,40.0,3305.0,2.0,42.4,2.7,15796789.9,4.0
xgboost_hp_tuning_ID0000012_pegasus-plan_ID0000012,None,compute,0,1677523655.0,,,1677523660.0,1677523677.0,1677523694.0,51223499.0,1677523724.0,1677523780.0,1677523717.0,1677523722.0,251.0,1677523780.0,1677523785.0,5.0,,64.0,56.0,5.0,17.0,502672266.0,5.0,1050.0,poseidon,condorpool,poseidon-worker-1-container-24-31,xgboost_hp_tuning,/srv/xgboost_hp_tuning,,89.4,0,0,0.1,157967908.0,40.0,3305.0,2.0,42.6,2.7,15796790.8,4.0
xgboost_hp_tuning_ID0000001_pegasus-plan_ID0000012,None,compute,0,1677523655.0,,,1677523660.0,1677523677.0,1677523693.0,51124440.3,1677523724.0,1677523785.0,1677523725.0,1677523729.0,256.0,1677523785.0,1677523790.0,5.0,,64.0,61.0,5.0,16.0,502672266.0,4.0,1064.0,poseidon,condorpool,poseidon-worker-1-container-0-7,xgboost_hp_tuning,/srv/xgboost_hp_tuning,,130.9,0,0,0.1,157972467.0,40.0,3321.0,2.0,98.4,3.0,7898623.4,4.0
xgboost_hp_tuning_ID0000013_pegasus-plan_ID0000012,cpu_3,compute,0,1677523655.0,,,1677523660.0,1677523676.0,1677523693.0,51402527.0,1677523723.0,1677523780.0,1677523718.0,1677523722.0,247.0,1677523780.0,1677523785.0,5.0,,63.0,57.0,5.0,17.0,502672266.0,4.0,1056.0,poseidon,condorpool,poseidon-worker-1-container-16-23,xgboost_hp_tuning,/srv/xgboost_hp_tuning,,65.2,0,0,0.0,157967907.0,40.0,3305.0,2.0,29.7,2.3,15796790.7,4.0
xgboost_hp_tuning_ID0000002_pegasus-plan_ID0000012,cpu_3,compute,0,1677523655.0,,,1677523660.0,1677523676.0,1677523692.0,51529713.0,1677523723.0,1677523780.0,1677523718.0,1677523722.0,252.0,1677523780.0,1677523785.0,5.0,,63.0,57.0,5.0,16.0,502672266.0,4.0,1061.0,poseidon,condorpool,poseidon-worker-3-container-40-47,xgboost_hp_tuning,/srv/xgboost_hp_tuning,,67.1,0,0,0.0,157966028.0,40.0,3303.0,2.0,30.2,2.3,15796602.8,4.0
xgboost_hp_tuning_ID0000014_pegasus-plan_ID0000012,cpu_3,compute,0,1677523655.0,,,1677523660.0,1677523622.0,1677523639.0,51412019.0,1677523669.0,1677523725.0,1677523666.0,1677523670.0,252.0,1677523725.0,1677523730.0,5.0,,9.0,56.0,5.0,17.0,502672266.0,4.0,1055.0,poseidon,condorpool,poseidon-worker-2-container-16-23,xgboost_hp_tuning,/srv/xgboost_hp_tuning,,71.8,0,0,0.0,157972465.0,40.0,3321.0,2.0,67.9,2.9,7898623.2,4.0
xgboost_hp_tuning_ID0000003_pegasus-plan_ID0000012,None,compute,0,1677523655.0,,,1677523660.0,1677523622.0,1677523639.0,51542152.0,1677523669.0,1677523735.0,1677523676.0,1677523680.0,258.0,1677523735.0,1677523740.0,5.0,,9.0,66.0,5.0,17.0,502672266.0,4.0,1069.0,poseidon,condorpool,poseidon-worker-3-container-16-23,xgboost_hp_tuning,/srv/xgboost_hp_tuning,,159.3,0,0,0.0,157974396.0,40.0,3334.0,2.0,149.7,3.8,5265813.2,4.0
xgboost_hp_tuning_ID0000015_pegasus-plan_ID0000012,None,compute,0,1677523655.0,,,1677523660.0,1677523622.0,1677523639.0,51414465.0,1677523669.0,1677523725.0,1677523664.0,1677523668.0,253.0,1677523725.0,1677523730.0,5.0,,9.0,56.0,5.0,17.0,502672266.0,4.0,1054.0,poseidon,condorpool,poseidon-worker-1-container-24-31,xgboost_hp_tuning,/srv/xgboost_hp_tuning,,96.9,0,0,0.0,157967838.0,40.0,3305.0,2.0,42.7,2.7,15796783.8,4.0
xgboost_hp_tuning_ID0000004_pegasus-plan_ID0000012,cpu_3,compute,0,1677523655.0,,,1677523660.0,1677523622.0,1677523639.0,51610175.0,1677523669.0,1677523730.0,1677523669.0,1677523673.0,260.0,1677523730.0,1677523735.0,5.0,,9.0,61.0,5.0,17.0,502672266.0,4.0,1062.0,poseidon,condorpool,poseidon-worker-3-container-24-31,xgboost_hp_tuning,/srv/xgboost_hp_tuning,,85.3,0,0,0.0,157970589.0,40.0,3319.0,2.0,67.2,2.9,7898529.5,4.0
xgboost_hp_tuning_ID0000016_pegasus-plan_ID0000012,cpu_3,compute,0,1677523655.0,,,1677523660.0,1677523622.0,1677523639.0,51433397.7,1677523669.0,1677523730.0,1677523671.0,1677523675.0,247.0,1677523730.0,1677523735.0,5.0,,9.0,61.0,5.0,17.0,502672266.0,4.0,1056.0,poseidon,condorpool,poseidon-worker-2-container-8-15,xgboost_hp_tuning,/srv/xgboost_hp_tuning,,92.3,0,0,0.1,157976526.0,40.0,3330.0,2.0,66.5,2.8,7898826.3,4.0
xgboost_hp_tuning_ID0000005_pegasus-plan_ID0000012,cpu_3,compute,0,1677523655.0,,,1677523660.0,1677523622.0,1677523639.0,51613472.0,1677523669.0,1677523745.0,1677523686.0,1677523691.0,261.0,1677523745.0,1677523750.0,5.0,,9.0,76.0,5.0,17.0,502672266.0,5.0,1077.0,poseidon,condorpool,poseidon-worker-3-container-32-39,xgboost_hp_tuning,/srv/xgboost_hp_tuning,,146.2,0,0,0.0,157978195.0,40.0,3349.0,2.0,137.2,2.9,3949454.9,4.0
xgboost_hp_tuning_ID0000017_pegasus-plan_ID0000012,None,compute,0,1677523655.0,,,1677523660.0,1677523622.0,1677523639.0,51422614.3,1677523669.0,1677523735.0,1677523672.0,1677523676.0,248.0,1677523735.0,1677523740.0,5.0,,9.0,66.0,5.0,17.0,502672266.0,4.0,1056.0,poseidon,condorpool,poseidon-worker-1-container-8-15,xgboost_hp_tuning,/srv/xgboost_hp_tuning,,142.8,0,0,0.0,157972437.0,40.0,3321.0,2.0,98.0,3.3,7898621.8,4.0
xgboost_hp_tuning_ID0000006_pegasus-plan_ID0000012,None,compute,0,1677523655.0,,,1677523660.0,1677523622.0,1677523639.0,51319872.3,1677523669.0,1677523725.0,1677523666.0,1677523671.0,253.0,1677523725.0,1677523730.0,5.0,,9.0,56.0,5.0,17.0,502672266.0,5.0,1065.0,poseidon,condorpool,poseidon-worker-2-container-24-31,xgboost_hp_tuning,/srv/xgboost_hp_tuning,,111.5,0,0,0.0,157972467.0,40.0,3321.0,2.0,102.5,3.6,7898623.3,4.0
xgboost_hp_tuning_ID0000009_pegasus-plan_ID0000012,cpu_3,compute,0,1677523655.0,,,1677523660.0,1677523622.0,1677523639.0,51537029.7,1677523669.0,1677523735.0,1677523675.0,1677523680.0,258.0,1677523735.0,1677523740.0,5.0,,9.0,66.0,5.0,17.0,502672266.0,5.0,1058.0,poseidon,condorpool,poseidon-worker-3-container-8-15,xgboost_hp_tuning,/srv/xgboost_hp_tuning,,101.9,0,0,0.0,157974629.0,40.0,3334.0,2.0,96.9,3.2,5265821.0,4.0
xgboost_hp_tuning_ID0000011_pegasus-plan_ID0000012,cpu_3,compute,0,1677523655.0,,,1677523660.0,1677523622.0,1677523639.0,51375730.7,1677523669.0,1677523735.0,1677523675.0,1677523679.0,250.0,1677523735.0,1677523740.0,5.0,,9.0,66.0,5.0,17.0,502672266.0,4.0,1049.0,poseidon,condorpool,poseidon-worker-2-container-32-39,xgboost_hp_tuning,/srv/xgboost_hp_tuning,,93.6,0,0,0.1,157972588.0,40.0,3321.0,2.0,54.3,2.4,7898629.4,4.0
xgboost_hp_tuning_ID0000022_pegasus-plan_ID0000012,None,compute,0,1677523655.0,,,1677523660.0,1677523622.0,1677523639.0,51398066.0,1677523669.0,1677523730.0,1677523672.0,1677523676.0,253.0,1677523730.0,1677523735.0,5.0,,9.0,61.0,5.0,17.0,502672266.0,4.0,1064.0,poseidon,condorpool,poseidon-worker-2-container-0-7,xgboost_hp_tuning,/srv/xgboost_hp_tuning,,127.0,0,0,0.1,157972642.0,40.0,3321.0,2.0,87.3,3.0,7898632.1,4.0
xgboost_hp_tuning_ID0000010_pegasus-plan_ID0000012,None,compute,0,1677523655.0,,,1677523660.0,1677523622.0,1677523639.0,51530544.7,1677523669.0,1677523740.0,1677523676.0,1677523681.0,254.0,1677523740.0,1677523745.0,5.0,,9.0,71.0,5.0,17.0,502672266.0,5.0,1051.0,poseidon,condorpool,poseidon-worker-3-container-0-7,xgboost_hp_tuning,/srv/xgboost_hp_tuning,,157.1,0,0,0.0,157974309.0,40.0,3334.0,2.0,144.5,4.0,5265810.3,4.0
xgboost_hp_tuning_ID0000021_pegasus-plan_ID0000012,cpu_3,compute,0,1677523655.0,,,1677523660.0,1677523622.0,1677523639.0,51291201.3,1677523669.0,1677523725.0,1677523663.0,1677523667.0,254.0,1677523725.0,1677523730.0,5.0,,9.0,56.0,5.0,17.0,502672266.0,4.0,1062.0,poseidon,condorpool,poseidon-worker-1-container-16-23,xgboost_hp_tuning,/srv/xgboost_hp_tuning,,61.8,0,0,0.1,157967839.0,40.0,3305.0,2.0,29.6,2.3,15796783.9,4.0
xgboost_hp_tuning_ID0000020_pegasus-plan_ID0000012,cpu_3,compute,0,1677523655.0,,,1677523660.0,1677523622.0,1677523639.0,51440769.0,1677523669.0,1677523730.0,1677523667.0,1677523671.0,255.0,1677523730.0,1677523735.0,5.0,,9.0,61.0,5.0,17.0,502672266.0,4.0,1062.0,poseidon,condorpool,poseidon-worker-1-container-40-47,xgboost_hp_tuning,/srv/xgboost_hp_tuning,,71.8,0,0,0.1,157972474.0,40.0,3321.0,2.0,62.5,3.1,7898623.7,4.0
xgboost_hp_tuning_ID0000008_pegasus-plan_ID0000012,None,compute,0,1677523655.0,,,1677523660.0,1677523622.0,1677523639.0,51377665.7,1677523669.0,1677523725.0,1677523666.0,1677523670.0,252.0,1677523725.0,1677523730.0,5.0,,9.0,56.0,5.0,17.0,502672266.0,4.0,1060.0,poseidon,condorpool,poseidon-worker-2-container-40-47,xgboost_hp_tuning,/srv/xgboost_hp_tuning,,109.0,0,0,0.0,157972463.0,4035.0,3321.0,5.0,105.7,3.2,7898623.1,201.8
xgboost_hp_tuning_ID0000019_pegasus-plan_ID0000012,cpu_3,compute,0,1677523655.0,,,1677523660.0,1677523622.0,1677523639.0,51321743.0,1677523669.0,1677523735.0,1677523674.0,1677523679.0,258.0,1677523735.0,1677523740.0,5.0,,9.0,66.0,5.0,17.0,502672266.0,5.0,1060.0,poseidon,condorpool,poseidon-worker-1-container-32-39,xgboost_hp_tuning,/srv/xgboost_hp_tuning,,98.9,0,0,0.1,157972469.0,40.0,3321.0,2.0,58.7,2.6,7898623.5,4.0
xgboost_hp_tuning_ID0000023_pegasus-plan_ID0000016,None,compute,0,1677523655.0,,,1677523660.0,1677523727.0,1677523742.0,45841070.5,1677523774.0,1677523815.0,1677523753.0,1677523757.0,262.0,1677523815.0,1677523820.0,5.0,,114.0,41.0,5.0,15.0,377646203.0,4.0,1089.0,poseidon,condorpool,poseidon-worker-3-container-16-23,xgboost_hp_tuning,/srv/xgboost_hp_tuning,,17.6,0,0,,,,,,,,,
xgboost_hp_tuning_ID0000007_pegasus-plan_ID0000012,cpu_3,compute,0,1677523655.0,,,1677523660.0,1677523622.0,1677523639.0,51588834.7,1677523669.0,1677523725.0,1677523663.0,1677523667.0,259.0,1677523725.0,1677523730.0,5.0,,9.0,56.0,5.0,17.0,502672266.0,4.0,1066.0,poseidon,condorpool,poseidon-worker-3-container-40-47,xgboost_hp_tuning,/srv/xgboost_hp_tuning,,60.6,0,0,0.0,157965960.0,40.0,3303.0,2.0,27.1,2.7,15796596.0,4.0
xgboost_hp_tuning_ID0000012_pegasus-plan_ID0000016,cpu_3,compute,0,1677523655.0,,,1677523660.0,1677523727.0,1677523742.0,45903071.8,1677523774.0,1677523815.0,1677523753.0,1677523757.0,252.0,1677523815.0,1677523820.0,5.0,,114.0,41.0,5.0,15.0,377646203.0,4.0,1048.0,poseidon,condorpool,poseidon-worker-3-container-8-15,xgboost_hp_tuning,/srv/xgboost_hp_tuning,,11.9,0,0,,,,,,,,,
xgboost_hp_tuning_ID0000013_pegasus-plan_ID0000016,cpu_3,compute,0,1677523655.0,,,1677523660.0,1677523726.0,1677523742.0,45743813.0,1677523773.0,1677523815.0,1677523752.0,1677523756.0,248.0,1677523815.0,1677523820.0,5.0,,113.0,42.0,5.0,16.0,377646203.0,4.0,1051.0,poseidon,condorpool,poseidon-worker-1-container-32-39,xgboost_hp_tuning,/srv/xgboost_hp_tuning,,11.9,0,0,,,,,,,,,
xgboost_hp_tuning_ID0000009_pegasus-plan_ID0000016,cpu_3,compute,0,1677523655.0,,,1677523660.0,1677523679.0,1677523694.0,45654537.8,1677523726.0,1677523765.0,1677523705.0,1677523709.0,258.0,1677523765.0,1677523770.0,5.0,,66.0,39.0,5.0,15.0,377646203.0,4.0,1059.0,poseidon,condorpool,poseidon-worker-2-container-16-23,xgboost_hp_tuning,/srv/xgboost_hp_tuning,,13.6,0,0,,,,,,,,,
xgboost_hp_tuning_ID0000011_pegasus-plan_ID0000016,None,compute,0,1677523655.0,,,1677523660.0,1677523679.0,1677523695.0,45756165.8,1677523726.0,1677523765.0,1677523705.0,1677523709.0,253.0,1677523765.0,1677523770.0,5.0,,66.0,39.0,5.0,16.0,377646203.0,4.0,1050.0,poseidon,condorpool,poseidon-worker-2-container-24-31,xgboost_hp_tuning,/srv/xgboost_hp_tuning,,14.6,0,0,,,,,,,,,
xgboost_hp_tuning_ID0000022_pegasus-plan_ID0000016,cpu_3,compute,0,1677523655.0,,,1677523660.0,1677523680.0,1677523695.0,45703582.0,1677523727.0,1677523765.0,1677523706.0,1677523710.0,257.0,1677523765.0,1677523770.0,5.0,,67.0,38.0,5.0,15.0,377646203.0,4.0,1062.0,poseidon,condorpool,poseidon-worker-1-container-40-47,xgboost_hp_tuning,/srv/xgboost_hp_tuning,,11.9,0,0,,,,,,,,,
xgboost_hp_tuning_ID0000010_pegasus-plan_ID0000016,cpu_3,compute,0,1677523655.0,,,1677523660.0,1677523682.0,1677523698.0,45858224.8,1677523729.0,1677523770.0,1677523710.0,1677523714.0,251.0,1677523770.0,1677523775.0,5.0,,69.0,41.0,5.0,16.0,377646203.0,4.0,1051.0,poseidon,condorpool,poseidon-worker-3-container-24-31,xgboost_hp_tuning,/srv/xgboost_hp_tuning,,22.5,0,0,,,,,,,,,
xgboost_hp_tuning_ID0000021_pegasus-plan_ID0000016,cpu_3,compute,0,1677523655.0,,,1677523660.0,1677523684.0,1677523700.0,45664219.2,1677523731.0,1677523770.0,1677523710.0,1677523714.0,255.0,1677523770.0,1677523775.0,5.0,,71.0,39.0,5.0,16.0,377646203.0,4.0,1063.0,poseidon,condorpool,poseidon-worker-2-container-8-15,xgboost_hp_tuning,/srv/xgboost_hp_tuning,,11.1,0,0,,,,,,,,,
xgboost_hp_tuning_ID0000020_pegasus-plan_ID0000016,None,compute,0,1677523655.0,,,1677523660.0,1677523685.0,1677523700.0,45676896.0,1677523732.0,1677523770.0,1677523711.0,1677523715.0,254.0,1677523770.0,1677523775.0,5.0,,72.0,38.0,5.0,15.0,377646203.0,4.0,1062.0,poseidon,condorpool,poseidon-worker-2-container-0-7,xgboost_hp_tuning,/srv/xgboost_hp_tuning,,16.3,0,0,,,,,,,,,
xgboost_hp_tuning_ID0000019_pegasus-plan_ID0000016,cpu_3,compute,0,1677523655.0,,,1677523660.0,1677523687.0,1677523703.0,45491554.2,1677523734.0,1677523775.0,1677523713.0,1677523717.0,251.0,1677523775.0,1677523780.0,5.0,,74.0,41.0,5.0,16.0,377646203.0,4.0,1062.0,poseidon,condorpool,poseidon-worker-1-container-32-39,xgboost_hp_tuning,/srv/xgboost_hp_tuning,,10.9,0,0,,,,,,,,,
xgboost_hp_tuning_ID0000001_pegasus-plan_ID0000016,cpu_3,compute,0,1677523655.0,,,1677523660.0,1677523726.0,1677523742.0,45729203.8,1677523773.0,1677523815.0,1677523752.0,1677523756.0,248.0,1677523815.0,1677523820.0,5.0,,113.0,42.0,5.0,16.0,377646203.0,4.0,1063.0,poseidon,condorpool,poseidon-worker-2-container-32-39,xgboost_hp_tuning,/srv/xgboost_hp_tuning,,11.2,0,0,,,,,,,,,
xgboost_hp_tuning_ID0000018_pegasus-plan_ID0000016,cpu_3,compute,0,1677523655.0,,,1677523660.0,1677523688.0,1677523704.0,45844402.0,1677523735.0,1677523775.0,1677523714.0,1677523718.0,255.0,1677523775.0,1677523780.0,5.0,,75.0,40.0,5.0,16.0,377646203.0,4.0,1054.0,poseidon,condorpool,poseidon-worker-3-container-8-15,xgboost_hp_tuning,/srv/xgboost_hp_tuning,,12.1,0,0,,,,,,,,,
xgboost_hp_tuning_ID0000007_pegasus-plan_ID0000016,cpu_3,compute,0,1677523655.0,,,1677523660.0,1677523688.0,1677523703.0,45429688.8,1677523735.0,1677523775.0,1677523713.0,1677523717.0,257.0,1677523775.0,1677523780.0,5.0,,75.0,40.0,5.0,15.0,377646203.0,4.0,1066.0,poseidon,condorpool,poseidon-worker-2-container-32-39,xgboost_hp_tuning,/srv/xgboost_hp_tuning,,10.4,0,0,,,,,,,,,
xgboost_hp_tuning_ID0000017_pegasus-plan_ID0000016,None,compute,0,1677523655.0,,,1677523660.0,1677523689.0,1677523704.0,45824644.0,1677523736.0,1677523775.0,1677523715.0,1677523719.0,255.0,1677523775.0,1677523780.0,5.0,,76.0,39.0,5.0,15.0,377646203.0,4.0,1053.0,poseidon,condorpool,poseidon-worker-3-container-0-7,xgboost_hp_tuning,/srv/xgboost_hp_tuning,,17.8,0,0,,,,,,,,,
xgboost_hp_tuning_ID0000005_pegasus-plan_ID0000016,cpu_3,compute,0,1677523655.0,,,1677523660.0,1677523699.0,1677523715.0,45800814.5,1677523746.0,1677523785.0,1677523725.0,1677523729.0,263.0,1677523785.0,1677523790.0,5.0,,86.0,39.0,5.0,16.0,377646203.0,4.0,1079.0,poseidon,condorpool,poseidon-worker-3-container-32-39,xgboost_hp_tuning,/srv/xgboost_hp_tuning,,13.2,0,0,,,,,,,,,
xgboost_hp_tuning_ID0000016_pegasus-plan_ID0000016,cpu_3,compute,0,1677523655.0,,,1677523660.0,1677523718.0,1677523733.0,45713922.8,1677523765.0,1677523805.0,1677523744.0,1677523748.0,250.0,1677523805.0,1677523810.0,5.0,,105.0,40.0,5.0,15.0,377646203.0,4.0,1053.0,poseidon,condorpool,poseidon-worker-2-container-16-23,xgboost_hp_tuning,/srv/xgboost_hp_tuning,,11.6,0,0,,,,,,,,,
xgboost_hp_tuning_ID0000004_pegasus-plan_ID0000016,None,compute,0,1677523655.0,,,1677523660.0,1677523718.0,1677523734.0,45668713.8,1677523765.0,1677523805.0,1677523743.0,1677523748.0,253.0,1677523805.0,1677523810.0,5.0,,105.0,40.0,5.0,16.0,377646203.0,5.0,1062.0,poseidon,condorpool,poseidon-worker-2-container-24-31,xgboost_hp_tuning,/srv/xgboost_hp_tuning,,14.6,0,0,,,,,,,,,
xgboost_hp_tuning_ID0000015_pegasus-plan_ID0000016,cpu_3,compute,0,1677523655.0,,,1677523660.0,1677523719.0,1677523734.0,45732178.8,1677523766.0,1677523805.0,1677523744.0,1677523749.0,256.0,1677523805.0,1677523810.0,5.0,,106.0,39.0,5.0,15.0,377646203.0,5.0,1053.0,poseidon,condorpool,poseidon-worker-1-container-40-47,xgboost_hp_tuning,/srv/xgboost_hp_tuning,,11.7,0,0,,,,,,,,,
xgboost_hp_tuning_ID0000003_pegasus-plan_ID0000016,cpu_3,compute,0,1677523655.0,,,1677523660.0,1677523723.0,1677523738.0,45646206.2,1677523770.0,1677523810.0,1677523748.0,1677523752.0,252.0,1677523810.0,1677523815.0,5.0,,110.0,40.0,5.0,15.0,377646203.0,4.0,1067.0,poseidon,condorpool,poseidon-worker-2-container-8-15,xgboost_hp_tuning,/srv/xgboost_hp_tuning,,10.4,0,0,,,,,,,,,
xgboost_hp_tuning_ID0000014_pegasus-plan_ID0000016,cpu_3,compute,0,1677523655.0,,,1677523660.0,1677523723.0,1677523738.0,45815125.2,1677523770.0,1677523810.0,1677523748.0,1677523753.0,252.0,1677523810.0,1677523815.0,5.0,,110.0,40.0,5.0,15.0,377646203.0,5.0,1056.0,poseidon,condorpool,poseidon-worker-3-container-24-31,xgboost_hp_tuning,/srv/xgboost_hp_tuning,,12.8,0,0,,,,,,,,,
xgboost_hp_tuning_ID0000002_pegasus-plan_ID0000016,None,compute,0,1677523655.0,,,1677523660.0,1677523724.0,1677523739.0,45687413.8,1677523770.0,1677523810.0,1677523749.0,1677523753.0,254.0,1677523810.0,1677523815.0,5.0,,110.0,40.0,5.0,15.0,377646203.0,4.0,1064.0,poseidon,condorpool,poseidon-worker-2-container-0-7,xgboost_hp_tuning,/srv/xgboost_hp_tuning,,14.2,0,0,,,,,,,,,
xgboost_hp_tuning_ID0000006_pegasus-plan_ID0000016,None,compute,0,1677523655.0,,,1677523660.0,1677523689.0,1677523704.0,45848597.5,1677523736.0,1677523775.0,1677523714.0,1677523718.0,257.0,1677523775.0,1677523780.0,5.0,,76.0,39.0,5.0,15.0,377646203.0,4.0,1066.0,poseidon,condorpool,poseidon-worker-3-container-16-23,xgboost_hp_tuning,/srv/xgboost_hp_tuning,,14.4,0,0,,,,,,,,,
xgboost_hp_tuning_ID0000018_pegasus-plan_ID0000012,None,compute,0,1677523655.0,,,1677523660.0,1677523622.0,1677523639.0,51277852.3,1677523669.0,1677523725.0,1677523664.0,1677523668.0,255.0,1677523725.0,1677523730.0,5.0,,9.0,56.0,5.0,17.0,502672266.0,4.0,1057.0,poseidon,condorpool,poseidon-worker-1-container-0-7,xgboost_hp_tuning,/srv/xgboost_hp_tuning,,93.9,0,0,0.1,157967770.0,40.0,3305.0,2.0,42.6,2.9,15796777.0,4.0
xgboost_hp_tuning_ID0000001_pegasus-plan_ID0000020,None,compute,0,1677523660.0,,,1677523665.0,1677524148.0,1677524177.0,75320555.3,1677524195.0,1677524561.0,1677524498.0,1677524502.0,263.0,1677524561.0,1677524566.0,5.0,,530.0,366.0,5.0,29.0,1691153157.0,4.0,1064.0,poseidon,condorpool,poseidon-worker-3-container-16-23,xgboost_hp_tuning,/srv/xgboost_hp_tuning,,1736.6,0,0,0.1,1346562925.0,40.0,3754.0,2.0,1670.9,57.7,4343751.4,4.0
xgboost_hp_tuning_ID0000009_pegasus-plan_ID0000020,None,compute,0,1677523660.0,,,1677523665.0,1677523727.0,1677523757.0,75386293.9,1677523775.0,1677524211.0,1677524149.0,1677524154.0,259.0,1677524211.0,1677524216.0,5.0,,110.0,436.0,5.0,30.0,1691153157.0,5.0,1058.0,poseidon,condorpool,poseidon-worker-3-container-0-7,xgboost_hp_tuning,/srv/xgboost_hp_tuning,,1963.2,0,0,0.0,1346589165.0,40.0,3859.0,2.0,1882.8,58.0,3543655.7,4.0
xgboost_hp_tuning_ID0000012_pegasus-plan_ID0000020,None,compute,0,1677523660.0,,,1677523665.0,1677524154.0,1677524183.0,75022319.8,1677524200.0,1677524566.0,1677524503.0,1677524507.0,255.0,1677524566.0,1677524571.0,5.0,,535.0,366.0,5.0,29.0,1691153157.0,4.0,1050.0,poseidon,condorpool,poseidon-worker-1-container-24-31,xgboost_hp_tuning,/srv/xgboost_hp_tuning,,1740.3,0,0,0.1,1346564784.0,40.0,3756.0,2.0,1684.6,53.7,4343757.4,4.0
xgboost_hp_tuning_ID0000023_pegasus-plan_ID0000020,None,compute,0,1677523660.0,,,1677523665.0,1677524155.0,1677524184.0,75029565.8,1677524202.0,1677524601.0,1677524539.0,1677524544.0,264.0,1677524601.0,1677524606.0,5.0,,537.0,399.0,5.0,29.0,1691153157.0,5.0,1089.0,poseidon,condorpool,poseidon-worker-1-container-8-15,xgboost_hp_tuning,/srv/xgboost_hp_tuning,,1955.4,0,0,0.1,1346576153.0,40.0,3801.0,2.0,1858.5,57.8,3960518.1,4.0
xgboost_hp_tuning_ID0000017_pegasus-plan_ID0000020,cpu_3,compute,0,1677523660.0,,,1677523665.0,1677523761.0,1677523790.0,75387001.1,1677523808.0,1677524241.0,1677524182.0,1677524186.0,258.0,1677524241.0,1677524246.0,5.0,,143.0,433.0,5.0,29.0,1691153157.0,4.0,1056.0,poseidon,condorpool,poseidon-worker-3-container-24-31,xgboost_hp_tuning,/srv/xgboost_hp_tuning,,1450.2,0,0,0.0,1346589633.0,40.0,3859.0,2.0,1384.2,58.5,3543656.9,4.0
xgboost_hp_tuning_ID0000002_pegasus-plan_ID0000020,None,compute,0,1677523660.0,,,1677523665.0,1677524117.0,1677524147.0,74984132.2,1677524164.0,1677524551.0,1677524492.0,1677524496.0,258.0,1677524551.0,1677524556.0,5.0,,499.0,387.0,5.0,30.0,1691153157.0,4.0,1061.0,poseidon,condorpool,poseidon-worker-1-container-0-7,xgboost_hp_tuning,/srv/xgboost_hp_tuning,,1924.8,0,0,0.0,1346572088.0,40.0,3786.0,2.0,1833.9,53.1,4080521.5,4.0
xgboost_hp_tuning_ID0000005_pegasus-plan_ID0000020,None,compute,0,1677523660.0,,,1677523665.0,1677523762.0,1677523791.0,75159170.3,1677523809.0,1677524211.0,1677524150.0,1677524154.0,261.0,1677524211.0,1677524216.0,5.0,,144.0,402.0,5.0,29.0,1691153157.0,4.0,1078.0,poseidon,condorpool,poseidon-worker-2-container-0-7,xgboost_hp_tuning,/srv/xgboost_hp_tuning,,1810.4,0,0,0.1,1346575983.0,40.0,3801.0,2.0,1688.1,64.2,3960517.6,4.0
xgboost_hp_tuning_ID0000016_pegasus-plan_ID0000020,cpu_3,compute,0,1677523660.0,,,1677523665.0,1677523765.0,1677523794.0,75194537.3,1677523812.0,1677524251.0,1677524191.0,1677524195.0,258.0,1677524251.0,1677524256.0,5.0,,147.0,439.0,5.0,29.0,1691153157.0,4.0,1055.0,poseidon,condorpool,poseidon-worker-2-container-32-39,xgboost_hp_tuning,/srv/xgboost_hp_tuning,,1393.8,0,0,0.1,1346591504.0,40.0,3861.0,2.0,1301.9,59.9,3543661.9,4.0
xgboost_hp_tuning_ID0000004_pegasus-plan_ID0000020,cpu_3,compute,0,1677523660.0,,,1677523665.0,1677523765.0,1677523794.0,75239534.8,1677523812.0,1677524276.0,1677524217.0,1677524221.0,259.0,1677524276.0,1677524281.0,5.0,,147.0,464.0,5.0,29.0,1691153157.0,4.0,1063.0,poseidon,condorpool,poseidon-worker-1-container-32-39,xgboost_hp_tuning,/srv/xgboost_hp_tuning,,1529.8,0,0,0.0,1346603014.0,40.0,3906.0,2.0,1447.5,66.5,3284397.6,4.0
xgboost_hp_tuning_ID0000018_pegasus-plan_ID0000020,cpu_3,compute,0,1677523660.0,,,1677523665.0,1677523757.0,1677523787.0,75285960.2,1677523804.0,1677524256.0,1677524193.0,1677524197.0,255.0,1677524256.0,1677524261.0,5.0,,139.0,452.0,5.0,30.0,1691153157.0,4.0,1054.0,poseidon,condorpool,poseidon-worker-1-container-40-47,xgboost_hp_tuning,/srv/xgboost_hp_tuning,,1485.5,0,0,0.0,1346595326.0,40.0,3876.0,2.0,1399.8,58.2,3452808.5,4.0
xgboost_hp_tuning_ID0000013_pegasus-plan_ID0000020,cpu_3,compute,0,1677523660.0,,,1677523665.0,1677524138.0,1677524167.0,75110032.6,1677524185.0,1677524631.0,1677524569.0,1677524573.0,257.0,1677524631.0,1677524636.0,5.0,,520.0,446.0,5.0,29.0,1691153157.0,4.0,1054.0,poseidon,condorpool,poseidon-worker-2-container-16-23,xgboost_hp_tuning,/srv/xgboost_hp_tuning,,1538.7,0,0,0.1,1346596735.0,40.0,3879.0,2.0,1490.2,40.3,3452812.1,4.0
xgboost_hp_tuning_ID0000007_pegasus-plan_ID0000020,cpu_3,compute,0,1677523660.0,,,1677523665.0,1677523757.0,1677523786.0,75158784.8,1677523804.0,1677524186.0,1677524125.0,1677524129.0,258.0,1677524186.0,1677524191.0,5.0,,139.0,382.0,5.0,29.0,1691153157.0,4.0,1066.0,poseidon,condorpool,poseidon-worker-2-container-16-23,xgboost_hp_tuning,/srv/xgboost_hp_tuning,,1175.3,0,0,0.1,1346571254.0,40.0,3778.0,2.0,1074.6,62.7,4208035.2,4.0
xgboost_hp_tuning_ID0000019_pegasus-plan_ID0000020,cpu_3,compute,0,1677523660.0,,,1677523665.0,1677523738.0,1677523767.0,75049720.4,1677523785.0,1677524691.0,1677524629.0,1677524633.0,260.0,1677524691.0,1677524696.0,5.0,,120.0,906.0,5.0,29.0,1691153157.0,4.0,1058.0,poseidon,condorpool,poseidon-worker-3-container-32-39,xgboost_hp_tuning,/srv/xgboost_hp_tuning,,3608.3,0,0,0.0,1346769285.0,40.0,4564.0,2.0,3517.2,80.6,1584434.5,4.0
xgboost_hp_tuning_ID0000008_pegasus-plan_ID0000020,None,compute,0,1677523660.0,,,1677523665.0,1677523738.0,1677523767.0,74746361.2,1677523785.0,1677524166.0,1677524104.0,1677524108.0,257.0,1677524166.0,1677524171.0,5.0,,120.0,381.0,5.0,29.0,1691153157.0,4.0,1059.0,poseidon,condorpool,poseidon-worker-1-container-0-7,xgboost_hp_tuning,/srv/xgboost_hp_tuning,,1748.9,0,0,0.1,1346568103.0,40.0,3771.0,2.0,1638.3,58.3,4208025.3,4.0
xgboost_hp_tuning_ID0000014_pegasus-plan_ID0000020,None,compute,0,1677523660.0,,,1677523665.0,1677523830.0,1677523859.0,74866865.6,1677523877.0,1677524266.0,1677524204.0,1677524208.0,258.0,1677524266.0,1677524271.0,5.0,,212.0,389.0,5.0,29.0,1691153157.0,4.0,1052.0,poseidon,condorpool,poseidon-worker-2-container-24-31,xgboost_hp_tuning,/srv/xgboost_hp_tuning,,1793.9,0,0,0.0,1346572440.0,40.0,3786.0,2.0,1709.1,56.5,4080522.5,4.0
xgboost_hp_tuning_ID0000021_pegasus-plan_ID0000020,cpu_3,compute,0,1677523660.0,,,1677523665.0,1677523731.0,1677523760.0,74983872.6,1677523778.0,1677524206.0,1677524145.0,1677524149.0,259.0,1677524206.0,1677524211.0,5.0,,113.0,428.0,5.0,29.0,1691153157.0,4.0,1062.0,poseidon,condorpool,poseidon-worker-1-container-16-23,xgboost_hp_tuning,/srv/xgboost_hp_tuning,,1416.4,0,0,0.1,1346587433.0,40.0,3846.0,2.0,1337.7,56.5,3639425.5,4.0
xgboost_hp_tuning_ID0000010_pegasus-plan_ID0000020,cpu_3,compute,0,1677523660.0,,,1677523665.0,1677523730.0,1677523760.0,75295050.7,1677523778.0,1677524301.0,1677524240.0,1677524244.0,258.0,1677524301.0,1677524306.0,5.0,,113.0,523.0,5.0,30.0,1691153157.0,4.0,1051.0,poseidon,condorpool,poseidon-worker-3-container-40-47,xgboost_hp_tuning,/srv/xgboost_hp_tuning,,1801.7,0,0,0.0,1346623812.0,40.0,3994.0,2.0,1720.3,77.5,2865157.0,4.0
xgboost_hp_tuning_ID0000022_pegasus-plan_ID0000020,None,compute,0,1677523660.0,,,1677523665.0,1677523730.0,1677523760.0,75129706.0,1677523777.0,1677524161.0,1677524101.0,1677524105.0,258.0,1677524161.0,1677524166.0,5.0,,112.0,384.0,5.0,30.0,1691153157.0,4.0,1062.0,poseidon,condorpool,poseidon-worker-1-container-24-31,xgboost_hp_tuning,/srv/xgboost_hp_tuning,,1711.6,0,0,0.0,1346572204.0,40.0,3786.0,2.0,1630.6,71.9,4080521.8,4.0
xgboost_hp_tuning_ID0000011_pegasus-plan_ID0000020,None,compute,0,1677523660.0,,,1677523665.0,1677523729.0,1677523758.0,75146668.5,1677523776.0,1677524156.0,1677524095.0,1677524099.0,255.0,1677524156.0,1677524161.0,5.0,,111.0,380.0,5.0,29.0,1691153157.0,4.0,1049.0,poseidon,condorpool,poseidon-worker-1-container-8-15,xgboost_hp_tuning,/srv/xgboost_hp_tuning,,1740.7,0,0,0.1,1346568283.0,40.0,3771.0,2.0,1639.6,53.0,4208025.9,4.0
xgboost_hp_tuning_ID0000015_pegasus-plan_ID0000020,cpu_3,compute,0,1677523660.0,,,1677523665.0,1677523766.0,1677523795.0,75394234.5,1677523813.0,1677524301.0,1677524237.0,1677524241.0,261.0,1677524301.0,1677524306.0,5.0,,148.0,488.0,5.0,29.0,1691153157.0,4.0,1055.0,poseidon,condorpool,poseidon-worker-3-container-8-15,xgboost_hp_tuning,/srv/xgboost_hp_tuning,,1566.2,0,0,0.0,1346608599.0,40.0,3934.0,2.0,1480.5,72.4,3131647.9,4.0
xgboost_hp_tuning_ID0000003_pegasus-plan_ID0000020,None,compute,0,1677523660.0,,,1677523665.0,1677523766.0,1677523795.0,75264946.5,1677523813.0,1677524196.0,1677524135.0,1677524139.0,260.0,1677524196.0,1677524201.0,5.0,,148.0,383.0,5.0,29.0,1691153157.0,4.0,1067.0,poseidon,condorpool,poseidon-worker-3-container-16-23,xgboost_hp_tuning,/srv/xgboost_hp_tuning,,1845.1,0,0,0.0,1346570517.0,40.0,3784.0,2.0,1789.8,53.1,4080516.7,4.0
xgboost_hp_tuning_ID0000006_pegasus-plan_ID0000020,cpu_3,compute,0,1677523660.0,,,1677523665.0,1677523761.0,1677523790.0,75124863.4,1677523808.0,1677524246.0,1677524183.0,1677524188.0,261.0,1677524246.0,1677524251.0,5.0,,143.0,438.0,5.0,29.0,1691153157.0,5.0,1065.0,poseidon,condorpool,poseidon-worker-2-container-8-15,xgboost_hp_tuning,/srv/xgboost_hp_tuning,,1333.5,0,0,0.1,1346591348.0,40.0,3862.0,2.0,1251.5,66.7,3543661.4,4.0
xgboost_hp_tuning_ID0000020_pegasus-plan_ID0000020,None,compute,0,1677523660.0,,,1677523665.0,1677523732.0,1677523762.0,75068182.9,1677523779.0,1677524206.0,1677524144.0,1677524148.0,256.0,1677524206.0,1677524211.0,5.0,,114.0,427.0,5.0,30.0,1691153157.0,4.0,1063.0,poseidon,condorpool,poseidon-worker-2-container-40-47,xgboost_hp_tuning,/srv/xgboost_hp_tuning,,2064.8,0,0,0.1,1346587580.0,40.0,3846.0,2.0,1981.5,63.1,3639425.9,4.0
stage_out_local_condorpool_0_0_pegasus-plan_ID0000012,None,transfer,0,1677523785.0,,,1677523790.0,,,0.0,1677523790.0,1677523800.0,1677523790.0,1677523794.0,2100.0,1677523800.0,1677523805.0,5.0,,0.0,10.0,5.0,,,4.0,8468.0,poseidon,local,host-10-100-100-12.openstacklocal,pegasus::transfer,/home/poseidon/pegasus-5.1.0panorama/bin/pegasus-transfer,/home/poseidon/pegasus-5.1.0panorama/bin/../bin/pegasus-kickstart  -n pegasus::transfer -N null -i - -R local  -L xgboost_hp_tuning_group_0 -T 2023-02-27T18:46:41+00:00 /home/poseidon/pegasus-5.1.0panorama/bin/../bin/pegasus-transfer  --threads 2,1.0,0,0,,,,,,,,,
stage_out_local_condorpool_0_1_pegasus-plan_ID0000012,None,transfer,0,1677523785.0,,,1677523790.0,,,0.0,1677523790.0,1677523800.0,1677523790.0,1677523794.0,2110.0,1677523800.0,1677523805.0,5.0,,0.0,10.0,5.0,,,4.0,8506.0,poseidon,local,host-10-100-100-12.openstacklocal,pegasus::transfer,/home/poseidon/pegasus-5.1.0panorama/bin/pegasus-transfer,/home/poseidon/pegasus-5.1.0panorama/bin/../bin/pegasus-kickstart  -n pegasus::transfer -N null -i - -R local  -L xgboost_hp_tuning_group_0 -T 2023-02-27T18:46:41+00:00 /home/poseidon/pegasus-5.1.0panorama/bin/../bin/pegasus-transfer  --threads 2,1.1,0,0,,,,,,,,,
xgboost_best_params_ID0000024_pegasus-plan_ID0000012,None,compute,0,1677523790.0,,,1677523795.0,1677523756.0,1677523773.0,39719169.3,1677523803.0,1677523840.0,1677523780.0,1677523784.0,255.0,1677523840.0,1677523845.0,5.0,,8.0,37.0,5.0,17.0,368018672.0,4.0,1077.0,poseidon,condorpool,poseidon-worker-2-container-24-31,xgboost_best_params,/srv/xgboost_best_params,,0.0,0,0,,,,,,,,,
stage_out_local_condorpool_0_2_pegasus-plan_ID0000012,None,transfer,0,1677523790.0,,,1677523795.0,,,0.0,1677523795.0,1677523805.0,1677523795.0,1677523799.0,1841.0,1677523805.0,1677523810.0,5.0,,0.0,10.0,5.0,,,4.0,7429.0,poseidon,local,host-10-100-100-12.openstacklocal,pegasus::transfer,/home/poseidon/pegasus-5.1.0panorama/bin/pegasus-transfer,/home/poseidon/pegasus-5.1.0panorama/bin/../bin/pegasus-kickstart  -n pegasus::transfer -N null -i - -R local  -L xgboost_hp_tuning_group_0 -T 2023-02-27T18:46:41+00:00 /home/poseidon/pegasus-5.1.0panorama/bin/../bin/pegasus-transfer  --threads 2,1.0,0,0,,,,,,,,,
register_condorpool_0_0_pegasus-plan_ID0000012,None,auxiliary,0,1677523805.0,,,1677523810.0,,,0.0,1677523811.0,1677523815.0,,,0.0,1677523815.0,1677523820.0,5.0,,1.0,4.0,5.0,,,,,poseidon,local,host-10-100-100-12.openstacklocal,pegasus::rc-client,/home/poseidon/pegasus-5.1.0panorama/bin/pegasus-rc-client,"-n pegasus::rc-client -N null -R local  -L xgboost_hp_tuning_group_0 -T 2023-02-27T18:46:41+00:00 /home/poseidon/pegasus-5.1.0panorama/bin/pegasus-rc-client --prefix pegasus.catalog.replica.output --conf /home/poseidon/workflows/predict-future-sales-workflow/submit/poseidon/pegasus/predict-future-sales/run0267/00/00/./xgboost_hp_tuning_group_0.000/pegasus.6413811703792926983.properties -v --meta /home/poseidon/workflows/predict-future-sales-workflow/submit/poseidon/pegasus/predict-future-sales/run0267/00/00/./xgboost_hp_tuning_group_0.000/00/00/xgboost_hp_tuning_ID0000018.meta,/home/poseidon/workflows/predict-future-sales-workflow/submit/poseidon/pegasus/predict-future-sales/run0267/00/00/./xgboost_hp_tuning_group_0.000/00/00/xgboost_hp_tuning_ID0000009.meta,/home/poseidon/workflows/predict-future-sales-workflow/submit/poseidon/pegasus/predict-future-sales/run0267/00/00/./xgboost_hp_tuning_group_0.000/00/00/xgboost_hp_tuning_ID0000012.meta,/home/poseidon/workflows/predict-future-sales-workflow/submit/poseidon/pegasus/predict-future-sales/run0267/00/00/./xgboost_hp_tuning_group_0.000/00/00/xgboost_hp_tuning_ID0000008.meta,/home/poseidon/workflows/predict-future-sales-workflow/submit/poseidon/pegasus/predict-future-sales/run0267/00/00/./xgboost_hp_tuning_group_0.000/00/00/xgboost_hp_tuning_ID0000010.meta,/home/poseidon/workflows/predict-future-sales-workflow/submit/poseidon/pegasus/predict-future-sales/run0267/00/00/./xgboost_hp_tuning_group_0.000/00/00/xgboost_hp_tuning_ID0000002.meta,/home/poseidon/workflows/predict-future-sales-workflow/submit/poseidon/pegasus/predict-future-sales/run0267/00/00/./xgboost_hp_tuning_group_0.000/00/00/xgboost_hp_tuning_ID0000005.meta,/home/poseidon/workflows/predict-future-sales-workflow/submit/poseidon/pegasus/predict-future-sales/run0267/00/00/./xgboost_hp_tuning_group_0.000/00/00/xgboost_hp_tuning_ID0000015.meta --insert /home/poseidon/workflows/predict-future-sales-workflow/submit/poseidon/pegasus/predict-future-sales/run0267/00/00/./xgboost_hp_tuning_group_0.000/00/00/register_condorpool_0_0.in",3.2,0,0,,,,,,,,,
register_condorpool_0_1_pegasus-plan_ID0000012,None,auxiliary,0,1677523805.0,,,1677523820.0,,,0.0,1677523820.0,1677523825.0,,,0.0,1677523825.0,1677523830.0,15.0,,0.0,5.0,5.0,,,,,poseidon,local,host-10-100-100-12.openstacklocal,pegasus::rc-client,/home/poseidon/pegasus-5.1.0panorama/bin/pegasus-rc-client,"-n pegasus::rc-client -N null -R local  -L xgboost_hp_tuning_group_0 -T 2023-02-27T18:46:41+00:00 /home/poseidon/pegasus-5.1.0panorama/bin/pegasus-rc-client --prefix pegasus.catalog.replica.output --conf /home/poseidon/workflows/predict-future-sales-workflow/submit/poseidon/pegasus/predict-future-sales/run0267/00/00/./xgboost_hp_tuning_group_0.000/pegasus.6413811703792926983.properties -v --meta /home/poseidon/workflows/predict-future-sales-workflow/submit/poseidon/pegasus/predict-future-sales/run0267/00/00/./xgboost_hp_tuning_group_0.000/00/00/xgboost_hp_tuning_ID0000019.meta,/home/poseidon/workflows/predict-future-sales-workflow/submit/poseidon/pegasus/predict-future-sales/run0267/00/00/./xgboost_hp_tuning_group_0.000/00/00/xgboost_hp_tuning_ID0000003.meta,/home/poseidon/workflows/predict-future-sales-workflow/submit/poseidon/pegasus/predict-future-sales/run0267/00/00/./xgboost_hp_tuning_group_0.000/00/00/xgboost_hp_tuning_ID0000006.meta,/home/poseidon/workflows/predict-future-sales-workflow/submit/poseidon/pegasus/predict-future-sales/run0267/00/00/./xgboost_hp_tuning_group_0.000/00/00/xgboost_hp_tuning_ID0000016.meta,/home/poseidon/workflows/predict-future-sales-workflow/submit/poseidon/pegasus/predict-future-sales/run0267/00/00/./xgboost_hp_tuning_group_0.000/00/00/xgboost_hp_tuning_ID0000013.meta,/home/poseidon/workflows/predict-future-sales-workflow/submit/poseidon/pegasus/predict-future-sales/run0267/00/00/./xgboost_hp_tuning_group_0.000/00/00/xgboost_hp_tuning_ID0000023.meta,/home/poseidon/workflows/predict-future-sales-workflow/submit/poseidon/pegasus/predict-future-sales/run0267/00/00/./xgboost_hp_tuning_group_0.000/00/00/xgboost_hp_tuning_ID0000011.meta,/home/poseidon/workflows/predict-future-sales-workflow/submit/poseidon/pegasus/predict-future-sales/run0267/00/00/./xgboost_hp_tuning_group_0.000/00/00/xgboost_hp_tuning_ID0000021.meta --insert /home/poseidon/workflows/predict-future-sales-workflow/submit/poseidon/pegasus/predict-future-sales/run0267/00/00/./xgboost_hp_tuning_group_0.000/00/00/register_condorpool_0_1.in",3.1,0,0,,,,,,,,,
register_condorpool_0_2_pegasus-plan_ID0000012,None,auxiliary,0,1677523810.0,,,1677523830.0,,,0.0,1677523831.0,1677523835.0,,,0.0,1677523835.0,1677523840.0,20.0,,1.0,4.0,5.0,,,,,poseidon,local,host-10-100-100-12.openstacklocal,pegasus::rc-client,/home/poseidon/pegasus-5.1.0panorama/bin/pegasus-rc-client,"-n pegasus::rc-client -N null -R local  -L xgboost_hp_tuning_group_0 -T 2023-02-27T18:46:41+00:00 /home/poseidon/pegasus-5.1.0panorama/bin/pegasus-rc-client --prefix pegasus.catalog.replica.output --conf /home/poseidon/workflows/predict-future-sales-workflow/submit/poseidon/pegasus/predict-future-sales/run0267/00/00/./xgboost_hp_tuning_group_0.000/pegasus.6413811703792926983.properties -v --meta /home/poseidon/workflows/predict-future-sales-workflow/submit/poseidon/pegasus/predict-future-sales/run0267/00/00/./xgboost_hp_tuning_group_0.000/00/00/xgboost_hp_tuning_ID0000014.meta,/home/poseidon/workflows/predict-future-sales-workflow/submit/poseidon/pegasus/predict-future-sales/run0267/00/00/./xgboost_hp_tuning_group_0.000/00/00/xgboost_hp_tuning_ID0000001.meta,/home/poseidon/workflows/predict-future-sales-workflow/submit/poseidon/pegasus/predict-future-sales/run0267/00/00/./xgboost_hp_tuning_group_0.000/00/00/xgboost_hp_tuning_ID0000007.meta,/home/poseidon/workflows/predict-future-sales-workflow/submit/poseidon/pegasus/predict-future-sales/run0267/00/00/./xgboost_hp_tuning_group_0.000/00/00/xgboost_hp_tuning_ID0000004.meta,/home/poseidon/workflows/predict-future-sales-workflow/submit/poseidon/pegasus/predict-future-sales/run0267/00/00/./xgboost_hp_tuning_group_0.000/00/00/xgboost_hp_tuning_ID0000022.meta,/home/poseidon/workflows/predict-future-sales-workflow/submit/poseidon/pegasus/predict-future-sales/run0267/00/00/./xgboost_hp_tuning_group_0.000/00/00/xgboost_hp_tuning_ID0000020.meta,/home/poseidon/workflows/predict-future-sales-workflow/submit/poseidon/pegasus/predict-future-sales/run0267/00/00/./xgboost_hp_tuning_group_0.000/00/00/xgboost_hp_tuning_ID0000017.meta --insert /home/poseidon/workflows/predict-future-sales-workflow/submit/poseidon/pegasus/predict-future-sales/run0267/00/00/./xgboost_hp_tuning_group_0.000/00/00/register_condorpool_0_2.in",3.2,0,0,,,,,,,,,
stage_out_local_condorpool_0_2_pegasus-plan_ID0000016,None,transfer,0,1677523820.0,,,1677523825.0,,,0.0,1677523825.0,1677523835.0,1677523826.0,1677523830.0,1842.0,1677523835.0,1677523840.0,5.0,,0.0,10.0,5.0,,,4.0,7424.0,poseidon,local,host-10-100-100-12.openstacklocal,pegasus::transfer,/home/poseidon/pegasus-5.1.0panorama/bin/pegasus-transfer,/home/poseidon/pegasus-5.1.0panorama/bin/../bin/pegasus-kickstart  -n pegasus::transfer -N null -i - -R local  -L xgboost_hp_tuning_group_1 -T 2023-02-27T18:46:41+00:00 /home/poseidon/pegasus-5.1.0panorama/bin/../bin/pegasus-transfer  --threads 2,1.0,0,0,,,,,,,,,
stage_out_local_condorpool_0_0_pegasus-plan_ID0000016,None,transfer,0,1677523820.0,,,1677523825.0,,,0.0,1677523825.0,1677523835.0,1677523826.0,1677523830.0,2099.0,1677523835.0,1677523840.0,5.0,,0.0,10.0,5.0,,,4.0,8465.0,poseidon,local,host-10-100-100-12.openstacklocal,pegasus::transfer,/home/poseidon/pegasus-5.1.0panorama/bin/pegasus-transfer,/home/poseidon/pegasus-5.1.0panorama/bin/../bin/pegasus-kickstart  -n pegasus::transfer -N null -i - -R local  -L xgboost_hp_tuning_group_1 -T 2023-02-27T18:46:41+00:00 /home/poseidon/pegasus-5.1.0panorama/bin/../bin/pegasus-transfer  --threads 2,1.1,0,0,,,,,,,,,
xgboost_best_params_ID0000024_pegasus-plan_ID0000016,None,compute,0,1677523820.0,,,1677523825.0,1677523793.0,1677523810.0,39721790.3,1677523840.0,1677523880.0,1677523817.0,1677523821.0,257.0,1677523880.0,1677523885.0,5.0,,15.0,40.0,5.0,17.0,368018659.0,4.0,1051.0,poseidon,condorpool,poseidon-worker-2-container-24-31,xgboost_best_params,/srv/xgboost_best_params,,0.0,0,0,,,,,,,,,
stage_out_local_condorpool_0_1_pegasus-plan_ID0000016,None,transfer,0,1677523820.0,,,1677523825.0,,,0.0,1677523825.0,1677523835.0,1677523826.0,1677523830.0,2108.0,1677523835.0,1677523840.0,5.0,,0.0,10.0,5.0,,,4.0,8501.0,poseidon,local,host-10-100-100-12.openstacklocal,pegasus::transfer,/home/poseidon/pegasus-5.1.0panorama/bin/pegasus-transfer,/home/poseidon/pegasus-5.1.0panorama/bin/../bin/pegasus-kickstart  -n pegasus::transfer -N null -i - -R local  -L xgboost_hp_tuning_group_1 -T 2023-02-27T18:46:41+00:00 /home/poseidon/pegasus-5.1.0panorama/bin/../bin/pegasus-transfer  --threads 2,1.1,0,0,,,,,,,,,
register_condorpool_0_1_pegasus-plan_ID0000016,None,auxiliary,0,1677523840.0,,,1677523855.0,,,0.0,1677523857.0,1677523860.0,,,0.0,1677523860.0,1677523865.0,15.0,,2.0,3.0,5.0,,,,,poseidon,local,host-10-100-100-12.openstacklocal,pegasus::rc-client,/home/poseidon/pegasus-5.1.0panorama/bin/pegasus-rc-client,"-n pegasus::rc-client -N null -R local  -L xgboost_hp_tuning_group_1 -T 2023-02-27T18:46:41+00:00 /home/poseidon/pegasus-5.1.0panorama/bin/pegasus-rc-client --prefix pegasus.catalog.replica.output --conf /home/poseidon/workflows/predict-future-sales-workflow/submit/poseidon/pegasus/predict-future-sales/run0267/00/00/./xgboost_hp_tuning_group_1.000/pegasus.17155708980178990614.properties -v --meta /home/poseidon/workflows/predict-future-sales-workflow/submit/poseidon/pegasus/predict-future-sales/run0267/00/00/./xgboost_hp_tuning_group_1.000/00/00/xgboost_hp_tuning_ID0000013.meta,/home/poseidon/workflows/predict-future-sales-workflow/submit/poseidon/pegasus/predict-future-sales/run0267/00/00/./xgboost_hp_tuning_group_1.000/00/00/xgboost_hp_tuning_ID0000023.meta,/home/poseidon/workflows/predict-future-sales-workflow/submit/poseidon/pegasus/predict-future-sales/run0267/00/00/./xgboost_hp_tuning_group_1.000/00/00/xgboost_hp_tuning_ID0000011.meta,/home/poseidon/workflows/predict-future-sales-workflow/submit/poseidon/pegasus/predict-future-sales/run0267/00/00/./xgboost_hp_tuning_group_1.000/00/00/xgboost_hp_tuning_ID0000006.meta,/home/poseidon/workflows/predict-future-sales-workflow/submit/poseidon/pegasus/predict-future-sales/run0267/00/00/./xgboost_hp_tuning_group_1.000/00/00/xgboost_hp_tuning_ID0000003.meta,/home/poseidon/workflows/predict-future-sales-workflow/submit/poseidon/pegasus/predict-future-sales/run0267/00/00/./xgboost_hp_tuning_group_1.000/00/00/xgboost_hp_tuning_ID0000021.meta,/home/poseidon/workflows/predict-future-sales-workflow/submit/poseidon/pegasus/predict-future-sales/run0267/00/00/./xgboost_hp_tuning_group_1.000/00/00/xgboost_hp_tuning_ID0000019.meta,/home/poseidon/workflows/predict-future-sales-workflow/submit/poseidon/pegasus/predict-future-sales/run0267/00/00/./xgboost_hp_tuning_group_1.000/00/00/xgboost_hp_tuning_ID0000016.meta --insert /home/poseidon/workflows/predict-future-sales-workflow/submit/poseidon/pegasus/predict-future-sales/run0267/00/00/./xgboost_hp_tuning_group_1.000/00/00/register_condorpool_0_1.in",2.9,0,0,,,,,,,,,
register_condorpool_0_0_pegasus-plan_ID0000016,None,auxiliary,0,1677523840.0,,,1677523865.0,,,0.0,1677523865.0,1677523870.0,,,0.0,1677523870.0,1677523875.0,25.0,,0.0,5.0,5.0,,,,,poseidon,local,host-10-100-100-12.openstacklocal,pegasus::rc-client,/home/poseidon/pegasus-5.1.0panorama/bin/pegasus-rc-client,"-n pegasus::rc-client -N null -R local  -L xgboost_hp_tuning_group_1 -T 2023-02-27T18:46:41+00:00 /home/poseidon/pegasus-5.1.0panorama/bin/pegasus-rc-client --prefix pegasus.catalog.replica.output --conf /home/poseidon/workflows/predict-future-sales-workflow/submit/poseidon/pegasus/predict-future-sales/run0267/00/00/./xgboost_hp_tuning_group_1.000/pegasus.17155708980178990614.properties -v --meta /home/poseidon/workflows/predict-future-sales-workflow/submit/poseidon/pegasus/predict-future-sales/run0267/00/00/./xgboost_hp_tuning_group_1.000/00/00/xgboost_hp_tuning_ID0000018.meta,/home/poseidon/workflows/predict-future-sales-workflow/submit/poseidon/pegasus/predict-future-sales/run0267/00/00/./xgboost_hp_tuning_group_1.000/00/00/xgboost_hp_tuning_ID0000002.meta,/home/poseidon/workflows/predict-future-sales-workflow/submit/poseidon/pegasus/predict-future-sales/run0267/00/00/./xgboost_hp_tuning_group_1.000/00/00/xgboost_hp_tuning_ID0000005.meta,/home/poseidon/workflows/predict-future-sales-workflow/submit/poseidon/pegasus/predict-future-sales/run0267/00/00/./xgboost_hp_tuning_group_1.000/00/00/xgboost_hp_tuning_ID0000009.meta,/home/poseidon/workflows/predict-future-sales-workflow/submit/poseidon/pegasus/predict-future-sales/run0267/00/00/./xgboost_hp_tuning_group_1.000/00/00/xgboost_hp_tuning_ID0000015.meta,/home/poseidon/workflows/predict-future-sales-workflow/submit/poseidon/pegasus/predict-future-sales/run0267/00/00/./xgboost_hp_tuning_group_1.000/00/00/xgboost_hp_tuning_ID0000012.meta,/home/poseidon/workflows/predict-future-sales-workflow/submit/poseidon/pegasus/predict-future-sales/run0267/00/00/./xgboost_hp_tuning_group_1.000/00/00/xgboost_hp_tuning_ID0000010.meta,/home/poseidon/workflows/predict-future-sales-workflow/submit/poseidon/pegasus/predict-future-sales/run0267/00/00/./xgboost_hp_tuning_group_1.000/00/00/xgboost_hp_tuning_ID0000008.meta --insert /home/poseidon/workflows/predict-future-sales-workflow/submit/poseidon/pegasus/predict-future-sales/run0267/00/00/./xgboost_hp_tuning_group_1.000/00/00/register_condorpool_0_0.in",3.1,0,0,,,,,,,,,
register_condorpool_0_2_pegasus-plan_ID0000016,None,auxiliary,0,1677523840.0,,,1677523845.0,,,0.0,1677523845.0,1677523850.0,,,0.0,1677523850.0,1677523855.0,5.0,,0.0,5.0,5.0,,,,,poseidon,local,host-10-100-100-12.openstacklocal,pegasus::rc-client,/home/poseidon/pegasus-5.1.0panorama/bin/pegasus-rc-client,"-n pegasus::rc-client -N null -R local  -L xgboost_hp_tuning_group_1 -T 2023-02-27T18:46:41+00:00 /home/poseidon/pegasus-5.1.0panorama/bin/pegasus-rc-client --prefix pegasus.catalog.replica.output --conf /home/poseidon/workflows/predict-future-sales-workflow/submit/poseidon/pegasus/predict-future-sales/run0267/00/00/./xgboost_hp_tuning_group_1.000/pegasus.17155708980178990614.properties -v --meta /home/poseidon/workflows/predict-future-sales-workflow/submit/poseidon/pegasus/predict-future-sales/run0267/00/00/./xgboost_hp_tuning_group_1.000/00/00/xgboost_hp_tuning_ID0000017.meta,/home/poseidon/workflows/predict-future-sales-workflow/submit/poseidon/pegasus/predict-future-sales/run0267/00/00/./xgboost_hp_tuning_group_1.000/00/00/xgboost_hp_tuning_ID0000022.meta,/home/poseidon/workflows/predict-future-sales-workflow/submit/poseidon/pegasus/predict-future-sales/run0267/00/00/./xgboost_hp_tuning_group_1.000/00/00/xgboost_hp_tuning_ID0000007.meta,/home/poseidon/workflows/predict-future-sales-workflow/submit/poseidon/pegasus/predict-future-sales/run0267/00/00/./xgboost_hp_tuning_group_1.000/00/00/xgboost_hp_tuning_ID0000020.meta,/home/poseidon/workflows/predict-future-sales-workflow/submit/poseidon/pegasus/predict-future-sales/run0267/00/00/./xgboost_hp_tuning_group_1.000/00/00/xgboost_hp_tuning_ID0000001.meta,/home/poseidon/workflows/predict-future-sales-workflow/submit/poseidon/pegasus/predict-future-sales/run0267/00/00/./xgboost_hp_tuning_group_1.000/00/00/xgboost_hp_tuning_ID0000004.meta,/home/poseidon/workflows/predict-future-sales-workflow/submit/poseidon/pegasus/predict-future-sales/run0267/00/00/./xgboost_hp_tuning_group_1.000/00/00/xgboost_hp_tuning_ID0000014.meta --insert /home/poseidon/workflows/predict-future-sales-workflow/submit/poseidon/pegasus/predict-future-sales/run0267/00/00/./xgboost_hp_tuning_group_1.000/00/00/register_condorpool_0_2.in",3.1,0,0,,,,,,,,,
stage_out_local_condorpool_1_0_pegasus-plan_ID0000012,None,transfer,0,1677523845.0,,,1677523850.0,,,0.0,1677523850.0,1677523860.0,1677523851.0,1677523855.0,1260.0,1677523860.0,1677523865.0,5.0,,0.0,10.0,5.0,,,4.0,5385.0,poseidon,local,host-10-100-100-12.openstacklocal,pegasus::transfer,/home/poseidon/pegasus-5.1.0panorama/bin/pegasus-transfer,/home/poseidon/pegasus-5.1.0panorama/bin/../bin/pegasus-kickstart  -n pegasus::transfer -N null -i - -R local  -L xgboost_hp_tuning_group_0 -T 2023-02-27T18:46:41+00:00 /home/poseidon/pegasus-5.1.0panorama/bin/../bin/pegasus-transfer  --threads 2,0.7,0,0,,,,,,,,,
register_condorpool_1_0_pegasus-plan_ID0000012,None,auxiliary,0,1677523865.0,,,1677523870.0,,,0.0,1677523870.0,1677523875.0,,,0.0,1677523875.0,1677523880.0,5.0,,0.0,5.0,5.0,,,,,poseidon,local,host-10-100-100-12.openstacklocal,pegasus::rc-client,/home/poseidon/pegasus-5.1.0panorama/bin/pegasus-rc-client,-n pegasus::rc-client -N null -R local  -L xgboost_hp_tuning_group_0 -T 2023-02-27T18:46:41+00:00 /home/poseidon/pegasus-5.1.0panorama/bin/pegasus-rc-client --prefix pegasus.catalog.replica.output --conf /home/poseidon/workflows/predict-future-sales-workflow/submit/poseidon/pegasus/predict-future-sales/run0267/00/00/./xgboost_hp_tuning_group_0.000/pegasus.6413811703792926983.properties -v --meta /home/poseidon/workflows/predict-future-sales-workflow/submit/poseidon/pegasus/predict-future-sales/run0267/00/00/./xgboost_hp_tuning_group_0.000/00/00/xgboost_best_params_ID0000024.meta --insert /home/poseidon/workflows/predict-future-sales-workflow/submit/poseidon/pegasus/predict-future-sales/run0267/00/00/./xgboost_hp_tuning_group_0.000/00/00/register_condorpool_1_0.in,3.0,0,0,,,,,,,,,
xgboost_model_ID0000013,None,compute,0,1677523883.0,,,1677523889.0,1677524108.0,1677524126.0,51264856.0,1677524155.0,1677524204.0,1677524142.0,1677524146.0,525172.0,1677524204.0,1677524209.0,6.0,,266.0,49.0,5.0,18.0,502671207.0,4.0,2312739.0,poseidon,condorpool,poseidon-worker-1-container-8-15,xgboost_model,/srv/xgboost_model,,41.7,0,0,,,,,,,,,
stage_out_local_condorpool_1_0_pegasus-plan_ID0000016,None,transfer,0,1677523885.0,,,1677523890.0,,,0.0,1677523894.0,1677523905.0,1677523894.0,1677523898.0,1231.0,1677523905.0,1677523911.0,5.0,,4.0,11.0,6.0,,,4.0,5255.0,poseidon,local,host-10-100-100-12.openstacklocal,pegasus::transfer,/home/poseidon/pegasus-5.1.0panorama/bin/pegasus-transfer,/home/poseidon/pegasus-5.1.0panorama/bin/../bin/pegasus-kickstart  -n pegasus::transfer -N null -i - -R local  -L xgboost_hp_tuning_group_1 -T 2023-02-27T18:46:41+00:00 /home/poseidon/pegasus-5.1.0panorama/bin/../bin/pegasus-transfer  --threads 2,0.7,0,0,,,,,,,,,
register_condorpool_1_0_pegasus-plan_ID0000016,None,auxiliary,0,1677523911.0,,,1677523916.0,,,0.0,1677523916.0,1677523921.0,,,0.0,1677523921.0,1677523926.0,5.0,,0.0,5.0,5.0,,,,,poseidon,local,host-10-100-100-12.openstacklocal,pegasus::rc-client,/home/poseidon/pegasus-5.1.0panorama/bin/pegasus-rc-client,-n pegasus::rc-client -N null -R local  -L xgboost_hp_tuning_group_1 -T 2023-02-27T18:46:41+00:00 /home/poseidon/pegasus-5.1.0panorama/bin/pegasus-rc-client --prefix pegasus.catalog.replica.output --conf /home/poseidon/workflows/predict-future-sales-workflow/submit/poseidon/pegasus/predict-future-sales/run0267/00/00/./xgboost_hp_tuning_group_1.000/pegasus.17155708980178990614.properties -v --meta /home/poseidon/workflows/predict-future-sales-workflow/submit/poseidon/pegasus/predict-future-sales/run0267/00/00/./xgboost_hp_tuning_group_1.000/00/00/xgboost_best_params_ID0000024.meta --insert /home/poseidon/workflows/predict-future-sales-workflow/submit/poseidon/pegasus/predict-future-sales/run0267/00/00/./xgboost_hp_tuning_group_1.000/00/00/register_condorpool_1_0.in,3.0,0,0,,,,,,,,,
xgboost_model_ID0000017,None,compute,0,1677523929.0,,,1677523934.0,1677524114.0,1677524130.0,45680669.5,1677524161.0,1677524204.0,1677524140.0,1677524145.0,68214.0,1677524204.0,1677524209.0,5.0,,227.0,43.0,5.0,16.0,377645118.0,5.0,296410.0,poseidon,condorpool,poseidon-worker-1-container-24-31,xgboost_model,/srv/xgboost_model,,8.6,0,0,,,,,,,,,
model_predict_ID0000014,cpu_3,compute,0,1677524209.0,,,1677524214.0,1677524169.0,1677524187.0,45210701.8,1677524215.0,1677524254.0,1677524195.0,1677524199.0,106329.0,1677524254.0,1677524259.0,5.0,,1.0,39.0,5.0,18.0,372500114.0,4.0,451213.0,poseidon,condorpool,poseidon-worker-1-container-16-23,model_predict,/srv/model_predict,,2.6,0,0,,,,,,,,,
model_predict_ID0000018,None,compute,0,1677524209.0,,,1677524214.0,1677524169.0,1677524185.0,44805879.0,1677524215.0,1677524254.0,1677524193.0,1677524197.0,5987.0,1677524254.0,1677524259.0,5.0,,1.0,39.0,5.0,16.0,368398834.0,4.0,25035.0,poseidon,condorpool,poseidon-worker-2-container-0-7,model_predict,/srv/model_predict,,2.5,0,0,,,,,,,,,
stage_out_local_condorpool_0_2_pegasus-plan_ID0000020,None,transfer,0,1677524566.0,,,1677524571.0,,,0.0,1677524571.0,1677524581.0,1677524571.0,1677524575.0,1841.0,1677524581.0,1677524586.0,5.0,,0.0,10.0,5.0,,,4.0,7426.0,poseidon,local,host-10-100-100-12.openstacklocal,pegasus::transfer,/home/poseidon/pegasus-5.1.0panorama/bin/pegasus-transfer,/home/poseidon/pegasus-5.1.0panorama/bin/../bin/pegasus-kickstart  -n pegasus::transfer -N null -i - -R local  -L xgboost_hp_tuning_group_2 -T 2023-02-27T18:46:41+00:00 /home/poseidon/pegasus-5.1.0panorama/bin/../bin/pegasus-transfer  --threads 2,1.0,0,0,,,,,,,,,
stage_out_local_condorpool_0_0_pegasus-plan_ID0000020,None,transfer,0,1677524571.0,,,1677524576.0,,,0.0,1677524576.0,1677524586.0,1677524576.0,1677524580.0,2100.0,1677524586.0,1677524591.0,5.0,,0.0,10.0,5.0,,,4.0,8466.0,poseidon,local,host-10-100-100-12.openstacklocal,pegasus::transfer,/home/poseidon/pegasus-5.1.0panorama/bin/pegasus-transfer,/home/poseidon/pegasus-5.1.0panorama/bin/../bin/pegasus-kickstart  -n pegasus::transfer -N null -i - -R local  -L xgboost_hp_tuning_group_2 -T 2023-02-27T18:46:41+00:00 /home/poseidon/pegasus-5.1.0panorama/bin/../bin/pegasus-transfer  --threads 2,1.0,0,0,,,,,,,,,
register_condorpool_0_2_pegasus-plan_ID0000020,None,auxiliary,0,1677524586.0,,,1677524591.0,,,0.0,1677524591.0,1677524596.0,,,0.0,1677524596.0,1677524601.0,5.0,,0.0,5.0,5.0,,,,,poseidon,local,host-10-100-100-12.openstacklocal,pegasus::rc-client,/home/poseidon/pegasus-5.1.0panorama/bin/pegasus-rc-client,"-n pegasus::rc-client -N null -R local  -L xgboost_hp_tuning_group_2 -T 2023-02-27T18:46:41+00:00 /home/poseidon/pegasus-5.1.0panorama/bin/pegasus-rc-client --prefix pegasus.catalog.replica.output --conf /home/poseidon/workflows/predict-future-sales-workflow/submit/poseidon/pegasus/predict-future-sales/run0267/00/00/./xgboost_hp_tuning_group_2.000/pegasus.1544247831074683409.properties -v --meta /home/poseidon/workflows/predict-future-sales-workflow/submit/poseidon/pegasus/predict-future-sales/run0267/00/00/./xgboost_hp_tuning_group_2.000/00/00/xgboost_hp_tuning_ID0000014.meta,/home/poseidon/workflows/predict-future-sales-workflow/submit/poseidon/pegasus/predict-future-sales/run0267/00/00/./xgboost_hp_tuning_group_2.000/00/00/xgboost_hp_tuning_ID0000001.meta,/home/poseidon/workflows/predict-future-sales-workflow/submit/poseidon/pegasus/predict-future-sales/run0267/00/00/./xgboost_hp_tuning_group_2.000/00/00/xgboost_hp_tuning_ID0000007.meta,/home/poseidon/workflows/predict-future-sales-workflow/submit/poseidon/pegasus/predict-future-sales/run0267/00/00/./xgboost_hp_tuning_group_2.000/00/00/xgboost_hp_tuning_ID0000004.meta,/home/poseidon/workflows/predict-future-sales-workflow/submit/poseidon/pegasus/predict-future-sales/run0267/00/00/./xgboost_hp_tuning_group_2.000/00/00/xgboost_hp_tuning_ID0000022.meta,/home/poseidon/workflows/predict-future-sales-workflow/submit/poseidon/pegasus/predict-future-sales/run0267/00/00/./xgboost_hp_tuning_group_2.000/00/00/xgboost_hp_tuning_ID0000020.meta,/home/poseidon/workflows/predict-future-sales-workflow/submit/poseidon/pegasus/predict-future-sales/run0267/00/00/./xgboost_hp_tuning_group_2.000/00/00/xgboost_hp_tuning_ID0000017.meta --insert /home/poseidon/workflows/predict-future-sales-workflow/submit/poseidon/pegasus/predict-future-sales/run0267/00/00/./xgboost_hp_tuning_group_2.000/00/00/register_condorpool_0_2.in",3.1,0,0,,,,,,,,,
register_condorpool_0_0_pegasus-plan_ID0000020,None,auxiliary,0,1677524591.0,,,1677524601.0,,,0.0,1677524601.0,1677524606.0,,,0.0,1677524606.0,1677524611.0,10.0,,0.0,5.0,5.0,,,,,poseidon,local,host-10-100-100-12.openstacklocal,pegasus::rc-client,/home/poseidon/pegasus-5.1.0panorama/bin/pegasus-rc-client,"-n pegasus::rc-client -N null -R local  -L xgboost_hp_tuning_group_2 -T 2023-02-27T18:46:41+00:00 /home/poseidon/pegasus-5.1.0panorama/bin/pegasus-rc-client --prefix pegasus.catalog.replica.output --conf /home/poseidon/workflows/predict-future-sales-workflow/submit/poseidon/pegasus/predict-future-sales/run0267/00/00/./xgboost_hp_tuning_group_2.000/pegasus.1544247831074683409.properties -v --meta /home/poseidon/workflows/predict-future-sales-workflow/submit/poseidon/pegasus/predict-future-sales/run0267/00/00/./xgboost_hp_tuning_group_2.000/00/00/xgboost_hp_tuning_ID0000018.meta,/home/poseidon/workflows/predict-future-sales-workflow/submit/poseidon/pegasus/predict-future-sales/run0267/00/00/./xgboost_hp_tuning_group_2.000/00/00/xgboost_hp_tuning_ID0000009.meta,/home/poseidon/workflows/predict-future-sales-workflow/submit/poseidon/pegasus/predict-future-sales/run0267/00/00/./xgboost_hp_tuning_group_2.000/00/00/xgboost_hp_tuning_ID0000012.meta,/home/poseidon/workflows/predict-future-sales-workflow/submit/poseidon/pegasus/predict-future-sales/run0267/00/00/./xgboost_hp_tuning_group_2.000/00/00/xgboost_hp_tuning_ID0000008.meta,/home/poseidon/workflows/predict-future-sales-workflow/submit/poseidon/pegasus/predict-future-sales/run0267/00/00/./xgboost_hp_tuning_group_2.000/00/00/xgboost_hp_tuning_ID0000010.meta,/home/poseidon/workflows/predict-future-sales-workflow/submit/poseidon/pegasus/predict-future-sales/run0267/00/00/./xgboost_hp_tuning_group_2.000/00/00/xgboost_hp_tuning_ID0000002.meta,/home/poseidon/workflows/predict-future-sales-workflow/submit/poseidon/pegasus/predict-future-sales/run0267/00/00/./xgboost_hp_tuning_group_2.000/00/00/xgboost_hp_tuning_ID0000005.meta,/home/poseidon/workflows/predict-future-sales-workflow/submit/poseidon/pegasus/predict-future-sales/run0267/00/00/./xgboost_hp_tuning_group_2.000/00/00/xgboost_hp_tuning_ID0000015.meta --insert /home/poseidon/workflows/predict-future-sales-workflow/submit/poseidon/pegasus/predict-future-sales/run0267/00/00/./xgboost_hp_tuning_group_2.000/00/00/register_condorpool_0_0.in",3.0,0,0,,,,,,,,,
xgboost_best_params_ID0000024_pegasus-plan_ID0000020,None,compute,0,1677524696.0,,,1677524701.0,1677524656.0,1677524672.0,39775125.0,1677524703.0,1677524741.0,1677524679.0,1677524683.0,259.0,1677524741.0,1677524746.0,5.0,,2.0,38.0,5.0,16.0,368018660.0,4.0,1058.0,poseidon,condorpool,poseidon-worker-1-container-8-15,xgboost_best_params,/srv/xgboost_best_params,,0.0,0,0,,,,,,,,,
stage_out_local_condorpool_0_1_pegasus-plan_ID0000020,None,transfer,0,1677524696.0,,,1677524701.0,,,0.0,1677524701.0,1677524711.0,1677524702.0,1677524706.0,2107.0,1677524711.0,1677524716.0,5.0,,0.0,10.0,5.0,,,4.0,8499.0,poseidon,local,host-10-100-100-12.openstacklocal,pegasus::transfer,/home/poseidon/pegasus-5.1.0panorama/bin/pegasus-transfer,/home/poseidon/pegasus-5.1.0panorama/bin/../bin/pegasus-kickstart  -n pegasus::transfer -N null -i - -R local  -L xgboost_hp_tuning_group_2 -T 2023-02-27T18:46:41+00:00 /home/poseidon/pegasus-5.1.0panorama/bin/../bin/pegasus-transfer  --threads 2,1.0,0,0,,,,,,,,,
register_condorpool_0_1_pegasus-plan_ID0000020,None,auxiliary,0,1677524716.0,,,1677524721.0,,,0.0,1677524721.0,1677524726.0,,,0.0,1677524726.0,1677524731.0,5.0,,0.0,5.0,5.0,,,,,poseidon,local,host-10-100-100-12.openstacklocal,pegasus::rc-client,/home/poseidon/pegasus-5.1.0panorama/bin/pegasus-rc-client,"-n pegasus::rc-client -N null -R local  -L xgboost_hp_tuning_group_2 -T 2023-02-27T18:46:41+00:00 /home/poseidon/pegasus-5.1.0panorama/bin/pegasus-rc-client --prefix pegasus.catalog.replica.output --conf /home/poseidon/workflows/predict-future-sales-workflow/submit/poseidon/pegasus/predict-future-sales/run0267/00/00/./xgboost_hp_tuning_group_2.000/pegasus.1544247831074683409.properties -v --meta /home/poseidon/workflows/predict-future-sales-workflow/submit/poseidon/pegasus/predict-future-sales/run0267/00/00/./xgboost_hp_tuning_group_2.000/00/00/xgboost_hp_tuning_ID0000019.meta,/home/poseidon/workflows/predict-future-sales-workflow/submit/poseidon/pegasus/predict-future-sales/run0267/00/00/./xgboost_hp_tuning_group_2.000/00/00/xgboost_hp_tuning_ID0000003.meta,/home/poseidon/workflows/predict-future-sales-workflow/submit/poseidon/pegasus/predict-future-sales/run0267/00/00/./xgboost_hp_tuning_group_2.000/00/00/xgboost_hp_tuning_ID0000006.meta,/home/poseidon/workflows/predict-future-sales-workflow/submit/poseidon/pegasus/predict-future-sales/run0267/00/00/./xgboost_hp_tuning_group_2.000/00/00/xgboost_hp_tuning_ID0000016.meta,/home/poseidon/workflows/predict-future-sales-workflow/submit/poseidon/pegasus/predict-future-sales/run0267/00/00/./xgboost_hp_tuning_group_2.000/00/00/xgboost_hp_tuning_ID0000013.meta,/home/poseidon/workflows/predict-future-sales-workflow/submit/poseidon/pegasus/predict-future-sales/run0267/00/00/./xgboost_hp_tuning_group_2.000/00/00/xgboost_hp_tuning_ID0000023.meta,/home/poseidon/workflows/predict-future-sales-workflow/submit/poseidon/pegasus/predict-future-sales/run0267/00/00/./xgboost_hp_tuning_group_2.000/00/00/xgboost_hp_tuning_ID0000011.meta,/home/poseidon/workflows/predict-future-sales-workflow/submit/poseidon/pegasus/predict-future-sales/run0267/00/00/./xgboost_hp_tuning_group_2.000/00/00/xgboost_hp_tuning_ID0000021.meta --insert /home/poseidon/workflows/predict-future-sales-workflow/submit/poseidon/pegasus/predict-future-sales/run0267/00/00/./xgboost_hp_tuning_group_2.000/00/00/register_condorpool_0_1.in",3.0,0,0,,,,,,,,,
stage_out_local_condorpool_1_0_pegasus-plan_ID0000020,None,transfer,0,1677524746.0,,,1677524751.0,,,0.0,1677524751.0,1677524761.0,1677524751.0,1677524756.0,1252.0,1677524761.0,1677524766.0,5.0,,0.0,10.0,5.0,,,5.0,5290.0,poseidon,local,host-10-100-100-12.openstacklocal,pegasus::transfer,/home/poseidon/pegasus-5.1.0panorama/bin/pegasus-transfer,/home/poseidon/pegasus-5.1.0panorama/bin/../bin/pegasus-kickstart  -n pegasus::transfer -N null -i - -R local  -L xgboost_hp_tuning_group_2 -T 2023-02-27T18:46:41+00:00 /home/poseidon/pegasus-5.1.0panorama/bin/../bin/pegasus-transfer  --threads 2,0.7,0,0,,,,,,,,,
register_condorpool_1_0_pegasus-plan_ID0000020,None,auxiliary,0,1677524766.0,,,1677524771.0,,,0.0,1677524771.0,1677524776.0,,,0.0,1677524776.0,1677524781.0,5.0,,0.0,5.0,5.0,,,,,poseidon,local,host-10-100-100-12.openstacklocal,pegasus::rc-client,/home/poseidon/pegasus-5.1.0panorama/bin/pegasus-rc-client,-n pegasus::rc-client -N null -R local  -L xgboost_hp_tuning_group_2 -T 2023-02-27T18:46:41+00:00 /home/poseidon/pegasus-5.1.0panorama/bin/pegasus-rc-client --prefix pegasus.catalog.replica.output --conf /home/poseidon/workflows/predict-future-sales-workflow/submit/poseidon/pegasus/predict-future-sales/run0267/00/00/./xgboost_hp_tuning_group_2.000/pegasus.1544247831074683409.properties -v --meta /home/poseidon/workflows/predict-future-sales-workflow/submit/poseidon/pegasus/predict-future-sales/run0267/00/00/./xgboost_hp_tuning_group_2.000/00/00/xgboost_best_params_ID0000024.meta --insert /home/poseidon/workflows/predict-future-sales-workflow/submit/poseidon/pegasus/predict-future-sales/run0267/00/00/./xgboost_hp_tuning_group_2.000/00/00/register_condorpool_1_0.in,2.9,0,0,,,,,,,,,
xgboost_model_ID0000021,cpu_3,compute,0,1677524785.0,,,1677524790.0,1677524745.0,1677524777.0,75213420.4,1677524792.0,1677524955.0,1677524892.0,1677524897.0,2833543.0,1677524955.0,1677524960.0,5.0,,2.0,163.0,5.0,32.0,1691152079.0,5.0,12783924.0,poseidon,condorpool,poseidon-worker-3-container-8-15,xgboost_model,/srv/xgboost_model,,409.3,0,0,0.0,1348829102.0,24449.0,5326.0,8.0,367.2,13.6,13488291.0,2444.9
stage_out_local_local_5_0,None,transfer,0,1677524785.0,,,1677524790.0,,,0.0,1677524790.0,1677524800.0,1677524790.0,1677524794.0,790.0,1677524800.0,1677524805.0,5.0,,0.0,10.0,5.0,,,4.0,3186.0,poseidon,local,host-10-100-100-12.openstacklocal,pegasus::transfer,/home/poseidon/pegasus-5.1.0panorama/bin/pegasus-transfer,pegasus-kickstart  -n pegasus::transfer -N null -i - -R local  -L predict-future-sales -T 2023-02-17T19:59:06+00:00 pegasus-transfer  --threads 2,0.3,0,0,,,,,,,,,
cleanup_predict-future-sales_0_local,None,auxiliary,0,1677524805.0,,,1677524810.0,,,0.0,1677524810.0,1677524820.0,,,0.0,1677524820.0,1677524825.0,5.0,,0.0,10.0,5.0,,,,,poseidon,local,host-10-100-100-12.openstacklocal,pegasus::cleanup,/home/poseidon/pegasus-5.1.0panorama/bin/pegasus-transfer,pegasus-kickstart  -n pegasus::cleanup -N null -i - -R local  -L predict-future-sales -T 2023-02-17T19:59:06+00:00 pegasus-transfer,0.3,0,0,,,,,,,,,
model_predict_ID0000022,cpu_3,compute,0,1677524960.0,,,1677524965.0,1677524919.0,1677524937.0,44096829.3,1677524966.0,1677525005.0,1677524945.0,1677524949.0,1281930.0,1677525005.0,1677525010.0,5.0,,1.0,39.0,5.0,18.0,407788514.0,4.0,5523764.0,poseidon,condorpool,poseidon-worker-3-container-8-15,model_predict,/srv/model_predict,,3.3,0,0,,,,,,,,,
stage_out_local_condorpool_6_0,None,transfer,0,1677524960.0,,,1677524965.0,,,0.0,1677524965.0,1677524975.0,1677524965.0,1677524969.0,3815973.0,1677524975.0,1677524980.0,5.0,,0.0,10.0,5.0,,,4.0,15393073.0,poseidon,local,host-10-100-100-12.openstacklocal,pegasus::transfer,/home/poseidon/pegasus-5.1.0panorama/bin/pegasus-transfer,pegasus-kickstart  -n pegasus::transfer -N null -i - -R local  -L predict-future-sales -T 2023-02-17T19:59:06+00:00 pegasus-transfer  --threads 2,0.9,0,0,,,,,,,,,
stage_out_local_condorpool_7_0,None,transfer,0,1677525010.0,,,1677525015.0,,,0.0,1677525015.0,1677525025.0,1677525015.0,1677525020.0,1488292.0,1677525025.0,1677525030.0,5.0,,0.0,10.0,5.0,,,5.0,6000012.0,poseidon,local,host-10-100-100-12.openstacklocal,pegasus::transfer,/home/poseidon/pegasus-5.1.0panorama/bin/pegasus-transfer,pegasus-kickstart  -n pegasus::transfer -N null -i - -R local  -L predict-future-sales -T 2023-02-17T19:59:06+00:00 pegasus-transfer  --threads 2,0.6,0,0,,,,,,,,,
predict_merge_ID0000023,cpu_3,compute,0,1677525010.0,,,1677525015.0,1677524969.0,1677524987.0,40850259.7,1677525017.0,1677525055.0,1677524995.0,1677524999.0,866540.0,1677525055.0,1677525060.0,5.0,,2.0,38.0,5.0,18.0,377176763.0,4.0,3759274.0,poseidon,condorpool,poseidon-worker-3-container-8-15,predict_merge,/srv/predict_merge,,1.3,0,0,,,,,,,,,
stage_out_local_condorpool_8_0,None,transfer,0,1677525060.0,,,1677525065.0,,,0.0,1677525065.0,1677525075.0,1677525065.0,1677525067.0,1743123.0,1677525075.0,1677525080.0,5.0,,0.0,10.0,5.0,,,2.0,3759274.0,poseidon,local,host-10-100-100-12.openstacklocal,pegasus::transfer,/home/poseidon/pegasus-5.1.0panorama/bin/pegasus-transfer,pegasus-kickstart  -n pegasus::transfer -N null -i - -R local  -L predict-future-sales -T 2023-02-17T19:59:06+00:00 pegasus-transfer  --threads 2,0.4,0,0,,,,,,,,,
cleanup_predict-future-sales_0_condorpool,None,auxiliary,0,1677525080.0,,,1677525085.0,,,0.0,1677525085.0,1677525095.0,,,0.0,1677525095.0,1677525100.0,5.0,,0.0,10.0,5.0,,,,,poseidon,local,host-10-100-100-12.openstacklocal,pegasus::cleanup,/home/poseidon/pegasus-5.1.0panorama/bin/pegasus-transfer,pegasus-kickstart  -n pegasus::cleanup -N null -i - -R local  -L predict-future-sales -T 2023-02-17T19:59:06+00:00 pegasus-transfer,0.3,0,0,,,,,,,,,
