,anomaly_type,type,is_clustered,ready,pre_script_start,pre_script_end,submit,stage_in_start,stage_in_end,stage_in_effective_bytes_per_sec,execute_start,execute_end,stage_out_start,stage_out_end,stage_out_effective_bytes_per_sec,post_script_start,post_script_end,wms_delay,pre_script_delay,queue_delay,runtime,post_script_delay,stage_in_delay,stage_in_bytes,stage_out_delay,stage_out_bytes,kickstart_user,kickstart_site,kickstart_hostname,kickstart_transformations,kickstart_executables,kickstart_executables_argv,kickstart_executables_cpu_time,kickstart_status,kickstart_executables_exitcode,kickstart_online_iowait,kickstart_online_bytes_read,kickstart_online_bytes_written,kickstart_online_read_system_calls,kickstart_online_write_system_calls,kickstart_online_utime,kickstart_online_stime,kickstart_online_bytes_read_per_second,kickstart_online_bytes_written_per_second
create_dir_predict-future-sales_0_local,None,auxiliary,0,1677241572.0,,,1677241573.0,,,0.0,1677241578.0,1677241588.0,,,0.0,1677241588.0,1677241593.0,1.0,,5.0,10.0,5.0,,,,,poseidon,local,host-10-100-100-12.openstacklocal,pegasus::dirmanager,/home/poseidon/pegasus-5.1.0panorama/bin/pegasus-transfer,pegasus-kickstart  -n pegasus::dirmanager -N null -i - -R local  -L predict-future-sales -T 2023-02-17T19:59:06+00:00 pegasus-transfer,0.3,0,0,,,,,,,,,
create_dir_predict-future-sales_0_condorpool,None,auxiliary,0,1677241572.0,,,1677241573.0,,,0.0,1677241578.0,1677241588.0,,,0.0,1677241588.0,1677241593.0,1.0,,5.0,10.0,5.0,,,,,poseidon,local,host-10-100-100-12.openstacklocal,pegasus::dirmanager,/home/poseidon/pegasus-5.1.0panorama/bin/pegasus-transfer,pegasus-kickstart  -n pegasus::dirmanager -N null -i - -R local  -L predict-future-sales -T 2023-02-17T19:59:06+00:00 pegasus-transfer,0.3,0,0,,,,,,,,,
stage_in_local_condorpool_6_0,None,transfer,0,1677241593.0,,,1677241599.0,1677241599.0,1677241603.0,2248.0,1677241599.0,1677241609.0,,,0.0,1677241609.0,1677241614.0,6.0,,0.0,10.0,5.0,4.0,7870.0,,,poseidon,local,host-10-100-100-12.openstacklocal,pegasus::transfer,/home/poseidon/pegasus-5.1.0panorama/bin/pegasus-transfer,pegasus-kickstart  -n pegasus::transfer -N null -i - -R local  -L predict-future-sales -T 2023-02-17T19:59:06+00:00 pegasus-transfer  --threads 2,0.5,0,0,,,,,,,,,
stage_in_local_condorpool_0_0,None,transfer,0,1677241593.0,,,1677241599.0,1677241599.0,1677241609.0,95149290.0,1677241599.0,1677241619.0,,,0.0,1677241619.0,1677241624.0,6.0,,0.0,20.0,5.0,10.0,936801734.0,,,poseidon,local,host-10-100-100-12.openstacklocal,pegasus::transfer,/home/poseidon/pegasus-5.1.0panorama/bin/pegasus-transfer,pegasus-kickstart  -n pegasus::transfer -N null -i - -R local  -L predict-future-sales -T 2023-02-17T19:59:06+00:00 pegasus-transfer  --threads 2,5.8,0,0,,,,,,,,,
stage_in_local_condorpool_1_0,None,transfer,0,1677241593.0,,,1677241599.0,1677241599.0,1677241603.0,3619.0,1677241599.0,1677241609.0,,,0.0,1677241609.0,1677241614.0,6.0,,0.0,10.0,5.0,4.0,15640.0,,,poseidon,local,host-10-100-100-12.openstacklocal,pegasus::transfer,/home/poseidon/pegasus-5.1.0panorama/bin/pegasus-transfer,pegasus-kickstart  -n pegasus::transfer -N null -i - -R local  -L predict-future-sales -T 2023-02-17T19:59:06+00:00 pegasus-transfer  --threads 2,0.6,0,0,,,,,,,,,
stage_in_local_condorpool_7_0,None,transfer,0,1677241593.0,,,1677241599.0,1677241599.0,1677241603.0,1004.0,1677241599.0,1677241609.0,,,0.0,1677241609.0,1677241614.0,6.0,,0.0,10.0,5.0,4.0,3488.0,,,poseidon,local,host-10-100-100-12.openstacklocal,pegasus::transfer,/home/poseidon/pegasus-5.1.0panorama/bin/pegasus-transfer,pegasus-kickstart  -n pegasus::transfer -N null -i - -R local  -L predict-future-sales -T 2023-02-17T19:59:06+00:00 pegasus-transfer  --threads 2,0.5,0,0,,,,,,,,,
stage_in_local_condorpool_3_0,None,transfer,0,1677241593.0,,,1677241599.0,1677241599.0,1677241603.0,2948.0,1677241599.0,1677241609.0,,,0.0,1677241609.0,1677241614.0,6.0,,0.0,10.0,5.0,4.0,12704.0,,,poseidon,local,host-10-100-100-12.openstacklocal,pegasus::transfer,/home/poseidon/pegasus-5.1.0panorama/bin/pegasus-transfer,pegasus-kickstart  -n pegasus::transfer -N null -i - -R local  -L predict-future-sales -T 2023-02-17T19:59:06+00:00 pegasus-transfer  --threads 2,0.6,0,0,,,,,,,,,
stage_in_local_condorpool_8_0,None,transfer,0,1677241593.0,,,1677241599.0,1677241599.0,1677241603.0,673.0,1677241599.0,1677241609.0,,,0.0,1677241609.0,1677241614.0,6.0,,0.0,10.0,5.0,4.0,2368.0,,,poseidon,local,host-10-100-100-12.openstacklocal,pegasus::transfer,/home/poseidon/pegasus-5.1.0panorama/bin/pegasus-transfer,pegasus-kickstart  -n pegasus::transfer -N null -i - -R local  -L predict-future-sales -T 2023-02-17T19:59:06+00:00 pegasus-transfer  --threads 2,0.4,0,0,,,,,,,,,
stage_in_local_local_4_0,None,transfer,0,1677241593.0,,,1677241599.0,1677241599.0,1677241601.0,5826.0,1677241599.0,1677241609.0,,,0.0,1677241609.0,1677241614.0,6.0,,0.0,10.0,5.0,2.0,12577.0,,,poseidon,local,host-10-100-100-12.openstacklocal,pegasus::transfer,/home/poseidon/pegasus-5.1.0panorama/bin/pegasus-transfer,pegasus-kickstart  -n pegasus::transfer -N null -i - -R local  -L predict-future-sales -T 2023-02-17T19:59:06+00:00 pegasus-transfer  --threads 2,0.4,0,0,,,,,,,,,
stage_in_local_condorpool_2_0,None,transfer,0,1677241593.0,,,1677241599.0,1677241599.0,1677241605.0,9717.0,1677241599.0,1677241614.0,,,0.0,1677241614.0,1677241619.0,6.0,,0.0,15.0,5.0,6.0,55480.0,,,poseidon,local,host-10-100-100-12.openstacklocal,pegasus::transfer,/home/poseidon/pegasus-5.1.0panorama/bin/pegasus-transfer,pegasus-kickstart  -n pegasus::transfer -N null -i - -R local  -L predict-future-sales -T 2023-02-17T19:59:06+00:00 pegasus-transfer  --threads 2,1.1,0,0,,,,,,,,,
preprocess_ID0000003,None,compute,0,1677241624.0,,,1677241629.0,1677241594.0,1677241613.0,45450355.6,1677241637.0,1677241684.0,1677241625.0,1677241631.0,23196535.0,1677241684.0,1677241690.0,5.0,,8.0,47.0,6.0,19.0,467356066.0,6.0,160257914.0,poseidon,condorpool,poseidon-worker-1-container-16-23,preprocess,/srv/preprocess,,4.3,0,0,,,,,,,,,
nlp_ID0000002,None,compute,0,1677241624.0,,,1677241629.0,1677241594.0,1677241610.0,44973750.2,1677241637.0,1677241860.0,1677241800.0,1677241805.0,601850.0,1677241860.0,1677241865.0,5.0,,8.0,223.0,5.0,16.0,369033604.0,5.0,2755872.0,poseidon,condorpool,poseidon-worker-3-container-16-23,nlp,/srv/nlp,,1062.0,0,0,0.0,21379908.0,8791.0,2983.0,5.0,1039.9,2.5,118777.3,879.1
eda_ID0000001,None,compute,0,1677241624.0,,,1677241629.0,1677241594.0,1677241612.0,48400971.0,1677241637.0,1677241710.0,1677241655.0,1677241659.0,281367.0,1677241710.0,1677241715.0,5.0,,8.0,73.0,5.0,18.0,464177772.0,4.0,1195523.0,poseidon,condorpool,poseidon-worker-3-container-8-15,eda,/srv/eda,,35.8,0,0,0.0,144677491.0,743365.0,27312.0,37.0,27.8,2.1,4822583.0,24778.8
feature_eng_0_ID0000004,None,compute,0,1677241690.0,,,1677241695.0,1677241653.0,1677241670.0,39899987.8,1677241696.0,1677241740.0,1677241682.0,1677241686.0,201999.0,1677241740.0,1677241745.0,5.0,,1.0,44.0,5.0,17.0,369949088.0,4.0,893320.0,poseidon,condorpool,poseidon-worker-1-container-16-23,feature_eng_0,/srv/feature_eng_0,,4.9,0,0,,,,,,,,,
feature_eng_1_ID0000005,None,compute,0,1677241690.0,,,1677241695.0,1677241654.0,1677241676.0,39273986.0,1677241697.0,1677241765.0,1677241700.0,1677241710.0,38904984.0,1677241765.0,1677241770.0,5.0,,2.0,68.0,5.0,22.0,528250191.0,10.0,393324463.0,poseidon,condorpool,poseidon-worker-1-container-16-23,feature_eng_1,/srv/feature_eng_1,,15.8,0,0,0.0,169636239.0,8.0,1780.0,1.0,7.9,2.0,16963623.9,0.8
feature_eng_4_ID0000008,None,compute,0,1677241770.0,,,1677241775.0,1677241734.0,1677241759.0,43951971.8,1677241777.0,1677241900.0,1677241824.0,1677241846.0,54101488.0,1677241900.0,1677241905.0,5.0,,2.0,123.0,5.0,25.0,761328752.0,22.0,1201824259.0,poseidon,condorpool,poseidon-worker-1-container-16-23,feature_eng_4,/srv/feature_eng_4,,51.8,0,0,0.0,402760241.0,8.0,1445.0,1.0,37.5,12.5,8055204.8,0.8
feature_eng_3_ID0000007,None,compute,0,1677241770.0,,,1677241775.0,1677241735.0,1677241765.0,36992527.9,1677241778.0,1677241960.0,1677241884.0,1677241906.0,53926145.0,1677241960.0,1677241965.0,5.0,,3.0,182.0,5.0,30.0,762217561.0,22.0,1179971921.0,poseidon,condorpool,poseidon-worker-1-container-16-23,feature_eng_3,/srv/feature_eng_3,,106.9,0,0,0.0,403679076.0,8.0,1552.0,1.0,68.2,31.7,4036790.8,0.8
feature_eng_2_ID0000006,None,compute,0,1677241770.0,,,1677241775.0,1677241735.0,1677241763.0,37271854.1,1677241778.0,1677242140.0,1677242058.0,1677242088.0,57664160.0,1677242140.0,1677242145.0,5.0,,3.0,362.0,5.0,28.0,761320658.0,30.0,1748107178.0,poseidon,condorpool,poseidon-worker-1-container-16-23,feature_eng_2,/srv/feature_eng_2,,280.7,0,0,0.0,402842408.0,524431991.0,1801.0,12.0,214.1,65.9,1438722.9,26221599.5
feature_eng_5_ID0000009,None,compute,0,1677241770.0,,,1677241775.0,1677241734.0,1677241757.0,60048969.7,1677241777.0,1677242060.0,1677241994.0,1677242008.0,46753460.0,1677242060.0,1677242065.0,5.0,,2.0,283.0,5.0,23.0,856820455.0,14.0,655540227.0,poseidon,condorpool,poseidon-worker-3-container-8-15,feature_eng_5,/srv/feature_eng_5,,226.9,0,0,0.0,498264112.0,8.0,1961.0,1.0,200.6,19.4,2264836.9,0.8
stage_out_local_condorpool_1_0,None,transfer,0,1677241770.0,,,1677241775.0,,,0.0,1677241775.0,1677241785.0,1677241776.0,1677241780.0,91359951.0,1677241785.0,1677241790.0,5.0,,0.0,10.0,5.0,,,4.0,394217783.0,poseidon,local,host-10-100-100-12.openstacklocal,pegasus::transfer,/home/poseidon/pegasus-5.1.0panorama/bin/pegasus-transfer,pegasus-kickstart  -n pegasus::transfer -N null -i - -R local  -L predict-future-sales -T 2023-02-17T19:59:06+00:00 pegasus-transfer  --threads 2,2.3,0,0,,,,,,,,,
register_condorpool_1_0,None,auxiliary,0,1677241790.0,,,1677241795.0,,,0.0,1677241796.0,1677241800.0,,,0.0,1677241800.0,1677241805.0,5.0,,1.0,4.0,5.0,,,,,poseidon,local,host-10-100-100-12.openstacklocal,pegasus::rc-client,/home/poseidon/pegasus-5.1.0panorama/bin/pegasus-rc-client,"pegasus-kickstart  -n pegasus::rc-client -N null -R local  -L predict-future-sales -T 2023-02-17T19:59:06+00:00 /home/poseidon/pegasus-5.1.0panorama/bin/pegasus-rc-client --prefix pegasus.catalog.replica.output --conf /home/poseidon/workflows/predict-future-sales-workflow/submit/poseidon/pegasus/predict-future-sales/run0151/pegasus.16828267460791076315.properties -v --meta /home/poseidon/workflows/predict-future-sales-workflow/submit/poseidon/pegasus/predict-future-sales/run0151/00/00/feature_eng_1_ID0000005.meta,/home/poseidon/workflows/predict-future-sales-workflow/submit/poseidon/pegasus/predict-future-sales/run0151/00/00/feature_eng_0_ID0000004.meta --insert /home/poseidon/workflows/predict-future-sales-workflow/submit/poseidon/pegasus/predict-future-sales/run0151/00/00/register_condorpool_1_0.in",3.0,0,0,,,,,,,,,
stage_out_local_condorpool_0_0,None,transfer,0,1677241865.0,,,1677241870.0,,,0.0,1677241870.0,1677241880.0,1677241870.0,1677241874.0,40003071.0,1677241880.0,1677241885.0,5.0,,0.0,10.0,5.0,,,4.0,164209309.0,poseidon,local,host-10-100-100-12.openstacklocal,pegasus::transfer,/home/poseidon/pegasus-5.1.0panorama/bin/pegasus-transfer,pegasus-kickstart  -n pegasus::transfer -N null -i - -R local  -L predict-future-sales -T 2023-02-17T19:59:06+00:00 pegasus-transfer  --threads 2,2.2,0,0,,,,,,,,,
register_condorpool_0_0,None,auxiliary,0,1677241885.0,,,1677241890.0,,,0.0,1677241890.0,1677241895.0,,,0.0,1677241895.0,1677241900.0,5.0,,0.0,5.0,5.0,,,,,poseidon,local,host-10-100-100-12.openstacklocal,pegasus::rc-client,/home/poseidon/pegasus-5.1.0panorama/bin/pegasus-rc-client,"pegasus-kickstart  -n pegasus::rc-client -N null -R local  -L predict-future-sales -T 2023-02-17T19:59:06+00:00 /home/poseidon/pegasus-5.1.0panorama/bin/pegasus-rc-client --prefix pegasus.catalog.replica.output --conf /home/poseidon/workflows/predict-future-sales-workflow/submit/poseidon/pegasus/predict-future-sales/run0151/pegasus.16828267460791076315.properties -v --meta /home/poseidon/workflows/predict-future-sales-workflow/submit/poseidon/pegasus/predict-future-sales/run0151/00/00/nlp_ID0000002.meta,/home/poseidon/workflows/predict-future-sales-workflow/submit/poseidon/pegasus/predict-future-sales/run0151/00/00/eda_ID0000001.meta,/home/poseidon/workflows/predict-future-sales-workflow/submit/poseidon/pegasus/predict-future-sales/run0151/00/00/preprocess_ID0000003.meta --insert /home/poseidon/workflows/predict-future-sales-workflow/submit/poseidon/pegasus/predict-future-sales/run0151/00/00/register_condorpool_0_0.in",3.0,0,0,,,,,,,,,
stage_out_local_condorpool_2_0,None,transfer,0,1677242145.0,,,1677242150.0,,,0.0,1677242151.0,1677242176.0,1677242151.0,1677242170.0,249919273.0,1677242176.0,1677242181.0,5.0,,1.0,25.0,5.0,,,19.0,4785443585.0,poseidon,local,host-10-100-100-12.openstacklocal,pegasus::transfer,/home/poseidon/pegasus-5.1.0panorama/bin/pegasus-transfer,pegasus-kickstart  -n pegasus::transfer -N null -i - -R local  -L predict-future-sales -T 2023-02-17T19:59:06+00:00 pegasus-transfer  --threads 2,20.8,0,0,,,,,,,,,
feature_merge_ID0000010,None,compute,0,1677242145.0,,,1677242151.0,1677242109.0,1677242176.0,86118830.1,1677242152.0,1677242371.0,1677242266.0,1677242315.0,60990515.0,1677242371.0,1677242376.0,6.0,,1.0,219.0,5.0,67.0,5155397110.0,49.0,2993643458.0,poseidon,condorpool,poseidon-worker-3-container-8-15,feature_merge,/srv/feature_merge,,61.0,0,0,0.0,4796859726.0,2064960888.0,1452.0,82.0,38.1,21.8,79947662.1,103248044.4
register_condorpool_2_0,None,auxiliary,0,1677242181.0,,,1677242186.0,,,0.0,1677242186.0,1677242191.0,,,0.0,1677242191.0,1677242196.0,5.0,,0.0,5.0,5.0,,,,,poseidon,local,host-10-100-100-12.openstacklocal,pegasus::rc-client,/home/poseidon/pegasus-5.1.0panorama/bin/pegasus-rc-client,"pegasus-kickstart  -n pegasus::rc-client -N null -R local  -L predict-future-sales -T 2023-02-17T19:59:06+00:00 /home/poseidon/pegasus-5.1.0panorama/bin/pegasus-rc-client --prefix pegasus.catalog.replica.output --conf /home/poseidon/workflows/predict-future-sales-workflow/submit/poseidon/pegasus/predict-future-sales/run0151/pegasus.16828267460791076315.properties -v --meta /home/poseidon/workflows/predict-future-sales-workflow/submit/poseidon/pegasus/predict-future-sales/run0151/00/00/feature_eng_5_ID0000009.meta,/home/poseidon/workflows/predict-future-sales-workflow/submit/poseidon/pegasus/predict-future-sales/run0151/00/00/feature_eng_2_ID0000006.meta,/home/poseidon/workflows/predict-future-sales-workflow/submit/poseidon/pegasus/predict-future-sales/run0151/00/00/feature_eng_3_ID0000007.meta,/home/poseidon/workflows/predict-future-sales-workflow/submit/poseidon/pegasus/predict-future-sales/run0151/00/00/feature_eng_4_ID0000008.meta --insert /home/poseidon/workflows/predict-future-sales-workflow/submit/poseidon/pegasus/predict-future-sales/run0151/00/00/register_condorpool_2_0.in",3.0,0,0,,,,,,,,,
stage_inter_local_xgboost_model_ID0000021_0,None,transfer,0,1677242376.0,,,1677242381.0,1677242382.0,1677242420.0,69652616.0,1677242382.0,1677242427.0,,,0.0,1677242427.0,1677242432.0,5.0,,1.0,45.0,5.0,38.0,2646308508.0,,,poseidon,local,host-10-100-100-12.openstacklocal,pegasus::transfer,/home/poseidon/pegasus-5.1.0panorama/bin/pegasus-transfer,pegasus-kickstart  -n pegasus::transfer -N null -i - -R local  -L predict-future-sales -T 2023-02-17T19:59:06+00:00 pegasus-transfer  --threads 2,9.5,0,0,,,,,,,,,
stage_inter_local_xgboost_hp_tuning_workflow_ID0000015_0,None,transfer,0,1677242376.0,,,1677242381.0,1677242382.0,1677242384.0,402.0,1677242382.0,1677242391.0,,,0.0,1677242391.0,1677242396.0,5.0,,1.0,9.0,5.0,2.0,826.0,,,poseidon,local,host-10-100-100-12.openstacklocal,pegasus::transfer,/home/poseidon/pegasus-5.1.0panorama/bin/pegasus-transfer,pegasus-kickstart  -n pegasus::transfer -N null -i - -R local  -L predict-future-sales -T 2023-02-17T19:59:06+00:00 pegasus-transfer  --threads 2,0.3,0,0,,,,,,,,,
stage_inter_local_model_predict_ID0000022_0,None,transfer,0,1677242376.0,,,1677242381.0,1677242382.0,1677242386.0,14305081.0,1677242382.0,1677242391.0,,,0.0,1677242391.0,1677242396.0,5.0,,1.0,9.0,5.0,4.0,54050130.0,,,poseidon,local,host-10-100-100-12.openstacklocal,pegasus::transfer,/home/poseidon/pegasus-5.1.0panorama/bin/pegasus-transfer,pegasus-kickstart  -n pegasus::transfer -N null -i - -R local  -L predict-future-sales -T 2023-02-17T19:59:06+00:00 pegasus-transfer  --threads 2,0.6,0,0,,,,,,,,,
stage_out_local_condorpool_3_0,None,transfer,0,1677242376.0,,,1677242381.0,,,0.0,1677242381.0,1677242411.0,1677242382.0,1677242405.0,128214001.0,1677242411.0,1677242417.0,5.0,,0.0,30.0,6.0,,,23.0,2993643458.0,poseidon,local,host-10-100-100-12.openstacklocal,pegasus::transfer,/home/poseidon/pegasus-5.1.0panorama/bin/pegasus-transfer,pegasus-kickstart  -n pegasus::transfer -N null -i - -R local  -L predict-future-sales -T 2023-02-17T19:59:06+00:00 pegasus-transfer  --threads 2,14.4,0,0,,,,,,,,,
stage_inter_local_xgboost_model_ID0000013_0,None,transfer,0,1677242376.0,,,1677242381.0,1677242382.0,1677242389.0,35371774.0,1677242381.0,1677242396.0,,,0.0,1677242396.0,1677242401.0,5.0,,0.0,15.0,5.0,7.0,269346726.0,,,poseidon,local,host-10-100-100-12.openstacklocal,pegasus::transfer,/home/poseidon/pegasus-5.1.0panorama/bin/pegasus-transfer,pegasus-kickstart  -n pegasus::transfer -N null -i - -R local  -L predict-future-sales -T 2023-02-17T19:59:06+00:00 pegasus-transfer  --threads 2,1.3,0,0,,,,,,,,,
stage_inter_local_model_predict_ID0000014_0,None,transfer,0,1677242376.0,,,1677242381.0,1677242382.0,1677242385.0,1228017.0,1677242382.0,1677242391.0,,,0.0,1677242391.0,1677242396.0,5.0,,1.0,9.0,5.0,3.0,4411696.0,,,poseidon,local,host-10-100-100-12.openstacklocal,pegasus::transfer,/home/poseidon/pegasus-5.1.0panorama/bin/pegasus-transfer,pegasus-kickstart  -n pegasus::transfer -N null -i - -R local  -L predict-future-sales -T 2023-02-17T19:59:06+00:00 pegasus-transfer  --threads 2,0.4,0,0,,,,,,,,,
xgboost_hp_tuning_workflow_ID0000015,None,compute,0,1677242396.0,,,1677242401.0,,,0.0,1677242402.0,1677242417.0,,,0.0,1677242417.0,1677242422.0,5.0,,1.0,15.0,5.0,,,,,poseidon,local,poseidon-submit.novalocal,xgboost_hp_tuning_workflow,/var/spool/condor/local_univ_execute/dir_873657/xgboost_hp_tuning_workflow,/home/poseidon/workflows/predict-future-sales-workflow/submit/poseidon/pegasus/predict-future-sales/run0151/00/00/xgboost_hp_tuning_workflow_ID0000015.sh,0.1,0,0,,,,,,,,,
xgboost_hp_tuning_workflow_ID0000011,None,compute,0,1677242396.0,,,1677242401.0,,,0.0,1677242402.0,1677242422.0,,,0.0,1677242422.0,1677242427.0,5.0,,1.0,20.0,5.0,,,,,poseidon,local,poseidon-submit.novalocal,xgboost_hp_tuning_workflow,/var/spool/condor/local_univ_execute/dir_873658/xgboost_hp_tuning_workflow,/home/poseidon/workflows/predict-future-sales-workflow/submit/poseidon/pegasus/predict-future-sales/run0151/00/00/xgboost_hp_tuning_workflow_ID0000011.sh,0.1,0,0,,,,,,,,,
xgboost_hp_tuning_workflow_ID0000019,None,compute,0,1677242396.0,,,1677242401.0,,,0.0,1677242402.0,1677242422.0,,,0.0,1677242422.0,1677242427.0,5.0,,1.0,20.0,5.0,,,,,poseidon,local,poseidon-submit.novalocal,xgboost_hp_tuning_workflow,/var/spool/condor/local_univ_execute/dir_873659/xgboost_hp_tuning_workflow,/home/poseidon/workflows/predict-future-sales-workflow/submit/poseidon/pegasus/predict-future-sales/run0151/00/00/xgboost_hp_tuning_workflow_ID0000019.sh,0.1,0,0,,,,,,,,,
register_condorpool_3_0,None,auxiliary,0,1677242417.0,,,1677242422.0,,,0.0,1677242422.0,1677242427.0,,,0.0,1677242427.0,1677242432.0,5.0,,0.0,5.0,5.0,,,,,poseidon,local,host-10-100-100-12.openstacklocal,pegasus::rc-client,/home/poseidon/pegasus-5.1.0panorama/bin/pegasus-rc-client,pegasus-kickstart  -n pegasus::rc-client -N null -R local  -L predict-future-sales -T 2023-02-17T19:59:06+00:00 /home/poseidon/pegasus-5.1.0panorama/bin/pegasus-rc-client --prefix pegasus.catalog.replica.output --conf /home/poseidon/workflows/predict-future-sales-workflow/submit/poseidon/pegasus/predict-future-sales/run0151/pegasus.16828267460791076315.properties -v --meta /home/poseidon/workflows/predict-future-sales-workflow/submit/poseidon/pegasus/predict-future-sales/run0151/00/00/feature_merge_ID0000010.meta --insert /home/poseidon/workflows/predict-future-sales-workflow/submit/poseidon/pegasus/predict-future-sales/run0151/00/00/register_condorpool_3_0.in,3.0,0,0,,,,,,,,,
pegasus-plan_ID0000016,None,subwf,0,1677242422.0,1677242422.0,1677242427.0,1677242432.0,,,0.0,1677242432.0,1677242682.0,,,0.0,,,0.0,5.0,0.0,250.0,,,,,,poseidon,local,poseidon-submit,condor::dagman,/usr/bin/condor_dagman,-p 0  -f -l . -Notification never -Debug 3 -Lockfile xgboost_hp_tuning_group_1.dag.lock -Dag xgboost_hp_tuning_group_1.dag -AllowVersionMismatch  -AutoRescue 1 -DoRescueFrom 0,0.0,0,0,,,,,,,,,
pegasus-plan_ID0000012,None,subwf,0,1677242427.0,1677242427.0,1677242432.0,1677242437.0,,,0.0,1677242438.0,1677243062.0,,,0.0,,,0.0,5.0,1.0,624.0,,,,,,poseidon,local,poseidon-submit,condor::dagman,/usr/bin/condor_dagman,-p 0  -f -l . -Notification never -Debug 3 -Lockfile xgboost_hp_tuning_group_0.dag.lock -Dag xgboost_hp_tuning_group_0.dag -AllowVersionMismatch  -AutoRescue 1 -DoRescueFrom 0,0.0,0,0,,,,,,,,,
stage_out_local_local_4_0,None,transfer,0,1677242427.0,,,1677242432.0,,,0.0,1677242432.0,1677242442.0,1677242433.0,1677242437.0,21080.0,1677242442.0,1677242447.0,5.0,,0.0,10.0,5.0,,,4.0,85038.0,poseidon,local,host-10-100-100-12.openstacklocal,pegasus::transfer,/home/poseidon/pegasus-5.1.0panorama/bin/pegasus-transfer,pegasus-kickstart  -n pegasus::transfer -N null -i - -R local  -L predict-future-sales -T 2023-02-17T19:59:06+00:00 pegasus-transfer  --threads 2,0.6,0,0,,,,,,,,,
pegasus-plan_ID0000020,None,subwf,0,1677242427.0,1677242427.0,1677242432.0,1677242437.0,,,0.0,1677242438.0,1677243533.0,,,0.0,,,0.0,5.0,1.0,1095.0,,,,,,poseidon,local,poseidon-submit,condor::dagman,/usr/bin/condor_dagman,-p 0  -f -l . -Notification never -Debug 3 -Lockfile xgboost_hp_tuning_group_2.dag.lock -Dag xgboost_hp_tuning_group_2.dag -AllowVersionMismatch  -AutoRescue 1 -DoRescueFrom 0,0.0,0,0,,,,,,,,,
create_dir_predict-future-sales-hp-tuning_0_condorpool_pegasus-plan_ID0000016,None,auxiliary,0,1677242432.0,,,1677242433.0,,,0.0,1677242438.0,1677242448.0,,,0.0,1677242448.0,1677242453.0,1.0,,5.0,10.0,5.0,,,,,poseidon,local,host-10-100-100-12.openstacklocal,pegasus::dirmanager,/home/poseidon/pegasus-5.1.0panorama/bin/pegasus-transfer,pegasus-kickstart  -n pegasus::dirmanager -N null -i - -R local  -L xgboost_hp_tuning_group_1 -T 2023-02-24T12:40:24+00:00 pegasus-transfer,0.3,0,0,,,,,,,,,
create_dir_predict-future-sales-hp-tuning_0_condorpool_pegasus-plan_ID0000012,None,auxiliary,0,1677242438.0,,,1677242439.0,,,0.0,1677242442.0,1677242449.0,,,0.0,1677242449.0,1677242454.0,1.0,,3.0,7.0,5.0,,,,,poseidon,local,host-10-100-100-12.openstacklocal,pegasus::dirmanager,/home/poseidon/pegasus-5.1.0panorama/bin/pegasus-transfer,pegasus-kickstart  -n pegasus::dirmanager -N null -i - -R local  -L xgboost_hp_tuning_group_0 -T 2023-02-24T12:40:29+00:00 pegasus-transfer,0.3,0,0,,,,,,,,,
create_dir_predict-future-sales-hp-tuning_0_condorpool_pegasus-plan_ID0000020,None,auxiliary,0,1677242438.0,,,1677242439.0,,,0.0,1677242442.0,1677242449.0,,,0.0,1677242449.0,1677242454.0,1.0,,3.0,7.0,5.0,,,,,poseidon,local,host-10-100-100-12.openstacklocal,pegasus::dirmanager,/home/poseidon/pegasus-5.1.0panorama/bin/pegasus-transfer,pegasus-kickstart  -n pegasus::dirmanager -N null -i - -R local  -L xgboost_hp_tuning_group_2 -T 2023-02-24T12:40:29+00:00 pegasus-transfer,0.3,0,0,,,,,,,,,
register_local_4_0,None,auxiliary,0,1677242447.0,,,1677242452.0,,,0.0,1677242452.0,1677242457.0,,,0.0,1677242457.0,1677242462.0,5.0,,0.0,5.0,5.0,,,,,poseidon,local,host-10-100-100-12.openstacklocal,pegasus::rc-client,/home/poseidon/pegasus-5.1.0panorama/bin/pegasus-rc-client,"pegasus-kickstart  -n pegasus::rc-client -N null -R local  -L predict-future-sales -T 2023-02-17T19:59:06+00:00 /home/poseidon/pegasus-5.1.0panorama/bin/pegasus-rc-client --prefix pegasus.catalog.replica.output --conf /home/poseidon/workflows/predict-future-sales-workflow/submit/poseidon/pegasus/predict-future-sales/run0151/pegasus.16828267460791076315.properties -v --meta /home/poseidon/workflows/predict-future-sales-workflow/submit/poseidon/pegasus/predict-future-sales/run0151/00/00/xgboost_hp_tuning_workflow_ID0000011.meta,/home/poseidon/workflows/predict-future-sales-workflow/submit/poseidon/pegasus/predict-future-sales/run0151/00/00/xgboost_hp_tuning_workflow_ID0000019.meta,/home/poseidon/workflows/predict-future-sales-workflow/submit/poseidon/pegasus/predict-future-sales/run0151/00/00/xgboost_hp_tuning_workflow_ID0000015.meta --insert /home/poseidon/workflows/predict-future-sales-workflow/submit/poseidon/pegasus/predict-future-sales/run0151/00/00/register_local_4_0.in",3.0,0,0,,,,,,,,,
stage_in_local_condorpool_0_0_pegasus-plan_ID0000016,None,transfer,0,1677242453.0,,,1677242458.0,1677242459.0,1677242463.0,2847.0,1677242459.0,1677242468.0,,,0.0,1677242468.0,1677242473.0,5.0,,1.0,9.0,5.0,4.0,12142.0,,,poseidon,local,host-10-100-100-12.openstacklocal,pegasus::transfer,/home/poseidon/pegasus-5.1.0panorama/bin/pegasus-transfer,-n pegasus::transfer -N null -i - -R local  -L xgboost_hp_tuning_group_1 -T 2023-02-24T12:40:24+00:00 /home/poseidon/pegasus-5.1.0panorama/bin/../bin/pegasus-transfer  --threads 2,0.6,0,0,,,,,,,,,
stage_in_local_condorpool_1_0_pegasus-plan_ID0000016,None,transfer,0,1677242453.0,,,1677242458.0,1677242459.0,1677242462.0,817.0,1677242459.0,1677242468.0,,,0.0,1677242468.0,1677242473.0,5.0,,1.0,9.0,5.0,3.0,2874.0,,,poseidon,local,host-10-100-100-12.openstacklocal,pegasus::transfer,/home/poseidon/pegasus-5.1.0panorama/bin/pegasus-transfer,-n pegasus::transfer -N null -i - -R local  -L xgboost_hp_tuning_group_1 -T 2023-02-24T12:40:24+00:00 /home/poseidon/pegasus-5.1.0panorama/bin/../bin/pegasus-transfer  --threads 2,0.5,0,0,,,,,,,,,
stage_in_local_condorpool_0_1_pegasus-plan_ID0000016,None,transfer,0,1677242453.0,,,1677242458.0,1677242459.0,1677242462.0,5425462.0,1677242459.0,1677242468.0,,,0.0,1677242468.0,1677242473.0,5.0,,1.0,9.0,5.0,3.0,19294600.0,,,poseidon,local,host-10-100-100-12.openstacklocal,pegasus::transfer,/home/poseidon/pegasus-5.1.0panorama/bin/pegasus-transfer,-n pegasus::transfer -N null -i - -R local  -L xgboost_hp_tuning_group_1 -T 2023-02-24T12:40:24+00:00 /home/poseidon/pegasus-5.1.0panorama/bin/../bin/pegasus-transfer  --threads 2,0.6,0,0,,,,,,,,,
stage_in_local_condorpool_0_2_pegasus-plan_ID0000016,None,transfer,0,1677242453.0,,,1677242458.0,1677242459.0,1677242465.0,113929702.0,1677242459.0,1677242473.0,,,0.0,1677242473.0,1677242478.0,5.0,,1.0,14.0,5.0,6.0,735985664.0,,,poseidon,local,host-10-100-100-12.openstacklocal,pegasus::transfer,/home/poseidon/pegasus-5.1.0panorama/bin/pegasus-transfer,-n pegasus::transfer -N null -i - -R local  -L xgboost_hp_tuning_group_1 -T 2023-02-24T12:40:24+00:00 /home/poseidon/pegasus-5.1.0panorama/bin/../bin/pegasus-transfer  --threads 2,3.5,0,0,,,,,,,,,
stage_in_local_condorpool_1_0_pegasus-plan_ID0000012,None,transfer,0,1677242454.0,,,1677242459.0,1677242464.0,1677242468.0,813.0,1677242464.0,1677242474.0,,,0.0,1677242474.0,1677242479.0,5.0,,5.0,10.0,5.0,4.0,2874.0,,,poseidon,local,host-10-100-100-12.openstacklocal,pegasus::transfer,/home/poseidon/pegasus-5.1.0panorama/bin/pegasus-transfer,-n pegasus::transfer -N null -i - -R local  -L xgboost_hp_tuning_group_0 -T 2023-02-24T12:40:29+00:00 /home/poseidon/pegasus-5.1.0panorama/bin/../bin/pegasus-transfer  --threads 2,0.5,0,0,,,,,,,,,
stage_in_local_condorpool_0_1_pegasus-plan_ID0000012,None,transfer,0,1677242454.0,,,1677242459.0,1677242464.0,1677242470.0,47891872.0,1677242464.0,1677242479.0,,,0.0,1677242479.0,1677242484.0,5.0,,5.0,15.0,5.0,6.0,269346726.0,,,poseidon,local,host-10-100-100-12.openstacklocal,pegasus::transfer,/home/poseidon/pegasus-5.1.0panorama/bin/pegasus-transfer,-n pegasus::transfer -N null -i - -R local  -L xgboost_hp_tuning_group_0 -T 2023-02-24T12:40:29+00:00 /home/poseidon/pegasus-5.1.0panorama/bin/../bin/pegasus-transfer  --threads 2,1.8,0,0,,,,,,,,,
stage_in_local_condorpool_0_2_pegasus-plan_ID0000012,None,transfer,0,1677242454.0,,,1677242459.0,1677242464.0,1677242473.0,84552511.0,1677242464.0,1677242479.0,,,0.0,1677242479.0,1677242484.0,5.0,,5.0,15.0,5.0,9.0,735985664.0,,,poseidon,local,host-10-100-100-12.openstacklocal,pegasus::transfer,/home/poseidon/pegasus-5.1.0panorama/bin/pegasus-transfer,-n pegasus::transfer -N null -i - -R local  -L xgboost_hp_tuning_group_0 -T 2023-02-24T12:40:29+00:00 /home/poseidon/pegasus-5.1.0panorama/bin/../bin/pegasus-transfer  --threads 2,3.9,0,0,,,,,,,,,
stage_in_local_condorpool_0_2_pegasus-plan_ID0000020,None,transfer,0,1677242454.0,,,1677242459.0,1677242464.0,1677242473.0,85057017.0,1677242464.0,1677242479.0,,,0.0,1677242479.0,1677242484.0,5.0,,5.0,15.0,5.0,9.0,735985664.0,,,poseidon,local,host-10-100-100-12.openstacklocal,pegasus::transfer,/home/poseidon/pegasus-5.1.0panorama/bin/pegasus-transfer,-n pegasus::transfer -N null -i - -R local  -L xgboost_hp_tuning_group_2 -T 2023-02-24T12:40:29+00:00 /home/poseidon/pegasus-5.1.0panorama/bin/../bin/pegasus-transfer  --threads 2,3.8,0,0,,,,,,,,,
stage_in_local_condorpool_0_0_pegasus-plan_ID0000020,None,transfer,0,1677242454.0,,,1677242459.0,1677242464.0,1677242468.0,2816.0,1677242464.0,1677242474.0,,,0.0,1677242474.0,1677242479.0,5.0,,5.0,10.0,5.0,4.0,12142.0,,,poseidon,local,host-10-100-100-12.openstacklocal,pegasus::transfer,/home/poseidon/pegasus-5.1.0panorama/bin/pegasus-transfer,-n pegasus::transfer -N null -i - -R local  -L xgboost_hp_tuning_group_2 -T 2023-02-24T12:40:29+00:00 /home/poseidon/pegasus-5.1.0panorama/bin/../bin/pegasus-transfer  --threads 2,0.6,0,0,,,,,,,,,
stage_in_local_condorpool_1_0_pegasus-plan_ID0000020,None,transfer,0,1677242454.0,,,1677242459.0,1677242464.0,1677242468.0,822.0,1677242464.0,1677242474.0,,,0.0,1677242474.0,1677242479.0,5.0,,5.0,10.0,5.0,4.0,2874.0,,,poseidon,local,host-10-100-100-12.openstacklocal,pegasus::transfer,/home/poseidon/pegasus-5.1.0panorama/bin/pegasus-transfer,-n pegasus::transfer -N null -i - -R local  -L xgboost_hp_tuning_group_2 -T 2023-02-24T12:40:29+00:00 /home/poseidon/pegasus-5.1.0panorama/bin/../bin/pegasus-transfer  --threads 2,0.5,0,0,,,,,,,,,
stage_in_local_condorpool_0_1_pegasus-plan_ID0000020,None,transfer,0,1677242454.0,,,1677242459.0,1677242464.0,1677242481.0,161236037.0,1677242464.0,1677242489.0,,,0.0,1677242489.0,1677242494.0,5.0,,5.0,25.0,5.0,17.0,2646308508.0,,,poseidon,local,host-10-100-100-12.openstacklocal,pegasus::transfer,/home/poseidon/pegasus-5.1.0panorama/bin/pegasus-transfer,-n pegasus::transfer -N null -i - -R local  -L xgboost_hp_tuning_group_2 -T 2023-02-24T12:40:29+00:00 /home/poseidon/pegasus-5.1.0panorama/bin/../bin/pegasus-transfer  --threads 2,11.5,0,0,,,,,,,,,
stage_in_local_condorpool_0_0_pegasus-plan_ID0000012,None,transfer,0,1677242454.0,,,1677242459.0,1677242464.0,1677242468.0,2804.0,1677242464.0,1677242474.0,,,0.0,1677242474.0,1677242479.0,5.0,,5.0,10.0,5.0,4.0,12142.0,,,poseidon,local,host-10-100-100-12.openstacklocal,pegasus::transfer,/home/poseidon/pegasus-5.1.0panorama/bin/pegasus-transfer,-n pegasus::transfer -N null -i - -R local  -L xgboost_hp_tuning_group_0 -T 2023-02-24T12:40:29+00:00 /home/poseidon/pegasus-5.1.0panorama/bin/../bin/pegasus-transfer  --threads 2,0.6,0,0,,,,,,,,,
xgboost_hp_tuning_ID0000003_pegasus-plan_ID0000016,None,compute,0,1677242478.0,,,1677242483.0,1677242445.0,1677242461.0,45716536.0,1677242488.0,1677242528.0,1677242471.0,1677242475.0,250.0,1677242528.0,1677242533.0,5.0,,5.0,40.0,5.0,16.0,377646203.0,4.0,1067.0,poseidon,condorpool,poseidon-worker-1-container-8-15,xgboost_hp_tuning,/srv/xgboost_hp_tuning,,16.6,0,0,,,,,,,,,
xgboost_hp_tuning_ID0000005_pegasus-plan_ID0000016,None,compute,0,1677242478.0,,,1677242483.0,1677242445.0,1677242461.0,45755121.8,1677242488.0,1677242528.0,1677242471.0,1677242475.0,250.0,1677242528.0,1677242533.0,5.0,,5.0,40.0,5.0,16.0,377646203.0,4.0,1075.0,poseidon,condorpool,poseidon-worker-1-container-40-47,xgboost_hp_tuning,/srv/xgboost_hp_tuning,,15.6,0,0,,,,,,,,,
xgboost_hp_tuning_ID0000016_pegasus-plan_ID0000016,None,compute,0,1677242478.0,,,1677242483.0,1677242445.0,1677242460.0,45839472.0,1677242488.0,1677242528.0,1677242470.0,1677242475.0,248.0,1677242528.0,1677242533.0,5.0,,5.0,40.0,5.0,15.0,377646203.0,5.0,1056.0,poseidon,condorpool,poseidon-worker-3-container-24-31,xgboost_hp_tuning,/srv/xgboost_hp_tuning,,16.4,0,0,,,,,,,,,
xgboost_hp_tuning_ID0000015_pegasus-plan_ID0000016,cpu_2,compute,0,1677242478.0,,,1677242483.0,1677242445.0,1677242460.0,45886922.2,1677242488.0,1677242528.0,1677242470.0,1677242475.0,249.0,1677242528.0,1677242533.0,5.0,,5.0,40.0,5.0,15.0,377646203.0,5.0,1054.0,poseidon,condorpool,poseidon-worker-3-container-0-7,xgboost_hp_tuning,/srv/xgboost_hp_tuning,,14.2,0,0,,,,,,,,,
xgboost_hp_tuning_ID0000014_pegasus-plan_ID0000016,None,compute,0,1677242478.0,,,1677242483.0,1677242445.0,1677242461.0,45747926.8,1677242488.0,1677242528.0,1677242471.0,1677242476.0,250.0,1677242528.0,1677242533.0,5.0,,5.0,40.0,5.0,16.0,377646203.0,5.0,1054.0,poseidon,condorpool,poseidon-worker-1-container-24-31,xgboost_hp_tuning,/srv/xgboost_hp_tuning,,20.2,0,0,,,,,,,,,
xgboost_hp_tuning_ID0000021_pegasus-plan_ID0000016,None,compute,0,1677242478.0,,,1677242483.0,1677242445.0,1677242461.0,45703805.8,1677242488.0,1677242528.0,1677242471.0,1677242475.0,251.0,1677242528.0,1677242533.0,5.0,,5.0,40.0,5.0,16.0,377646203.0,4.0,1062.0,poseidon,condorpool,poseidon-worker-2-container-40-47,xgboost_hp_tuning,/srv/xgboost_hp_tuning,,15.7,0,0,,,,,,,,,
xgboost_hp_tuning_ID0000013_pegasus-plan_ID0000016,None,compute,0,1677242478.0,,,1677242483.0,1677242483.0,1677242499.0,45908089.0,1677242526.0,1677242568.0,1677242510.0,1677242515.0,253.0,1677242568.0,1677242573.0,5.0,,43.0,42.0,5.0,16.0,377646203.0,5.0,1054.0,poseidon,condorpool,poseidon-worker-3-container-24-31,xgboost_hp_tuning,/srv/xgboost_hp_tuning,,26.3,0,0,,,,,,,,,
xgboost_hp_tuning_ID0000017_pegasus-plan_ID0000016,None,compute,0,1677242478.0,,,1677242483.0,1677242445.0,1677242461.0,45767997.2,1677242488.0,1677242528.0,1677242470.0,1677242475.0,250.0,1677242528.0,1677242533.0,5.0,,5.0,40.0,5.0,16.0,377646203.0,5.0,1055.0,poseidon,condorpool,poseidon-worker-2-container-8-15,xgboost_hp_tuning,/srv/xgboost_hp_tuning,,15.3,0,0,,,,,,,,,
xgboost_hp_tuning_ID0000001_pegasus-plan_ID0000016,None,compute,0,1677242478.0,,,1677242483.0,1677242484.0,1677242499.0,45672997.5,1677242526.0,1677242578.0,1677242519.0,1677242523.0,254.0,1677242578.0,1677242583.0,5.0,,43.0,52.0,5.0,15.0,377646203.0,4.0,1064.0,poseidon,condorpool,poseidon-worker-2-container-8-15,xgboost_hp_tuning,/srv/xgboost_hp_tuning,,70.6,0,0,0.0,32941804.0,40.0,3305.0,2.0,47.5,1.8,3294180.4,4.0
xgboost_hp_tuning_ID0000012_pegasus-plan_ID0000016,None,compute,0,1677242478.0,,,1677242483.0,1677242483.0,1677242499.0,45925040.8,1677242526.0,1677242568.0,1677242509.0,1677242513.0,252.0,1677242568.0,1677242573.0,5.0,,43.0,42.0,5.0,16.0,377646203.0,4.0,1048.0,poseidon,condorpool,poseidon-worker-3-container-16-23,xgboost_hp_tuning,/srv/xgboost_hp_tuning,,16.7,0,0,,,,,,,,,
xgboost_hp_tuning_ID0000023_pegasus-plan_ID0000016,None,compute,0,1677242478.0,,,1677242483.0,1677242484.0,1677242499.0,45893162.5,1677242526.0,1677242568.0,1677242509.0,1677242514.0,261.0,1677242568.0,1677242573.0,5.0,,43.0,42.0,5.0,15.0,377646203.0,5.0,1091.0,poseidon,condorpool,poseidon-worker-3-container-8-15,xgboost_hp_tuning,/srv/xgboost_hp_tuning,,16.2,0,0,,,,,,,,,
xgboost_hp_tuning_ID0000002_pegasus-plan_ID0000016,None,compute,0,1677242478.0,,,1677242483.0,1677242483.0,1677242499.0,45887202.5,1677242526.0,1677242568.0,1677242509.0,1677242513.0,257.0,1677242568.0,1677242573.0,5.0,,43.0,42.0,5.0,16.0,377646203.0,4.0,1061.0,poseidon,condorpool,poseidon-worker-3-container-32-39,xgboost_hp_tuning,/srv/xgboost_hp_tuning,,17.0,0,0,,,,,,,,,
xgboost_hp_tuning_ID0000006_pegasus-plan_ID0000016,None,compute,0,1677242478.0,,,1677242483.0,1677242445.0,1677242461.0,45757007.2,1677242488.0,1677242528.0,1677242471.0,1677242475.0,250.0,1677242528.0,1677242533.0,5.0,,5.0,40.0,5.0,16.0,377646203.0,4.0,1068.0,poseidon,condorpool,poseidon-worker-1-container-32-39,xgboost_hp_tuning,/srv/xgboost_hp_tuning,,15.0,0,0,,,,,,,,,
xgboost_hp_tuning_ID0000004_pegasus-plan_ID0000016,None,compute,0,1677242478.0,,,1677242483.0,1677242445.0,1677242461.0,45791707.0,1677242488.0,1677242528.0,1677242471.0,1677242475.0,254.0,1677242528.0,1677242533.0,5.0,,5.0,40.0,5.0,16.0,377646203.0,4.0,1062.0,poseidon,condorpool,poseidon-worker-2-container-0-7,xgboost_hp_tuning,/srv/xgboost_hp_tuning,,16.1,0,0,,,,,,,,,
xgboost_hp_tuning_ID0000007_pegasus-plan_ID0000016,None,compute,0,1677242478.0,,,1677242483.0,1677242445.0,1677242460.0,45893038.2,1677242488.0,1677242528.0,1677242470.0,1677242474.0,248.0,1677242528.0,1677242533.0,5.0,,5.0,40.0,5.0,15.0,377646203.0,4.0,1064.0,poseidon,condorpool,poseidon-worker-3-container-32-39,xgboost_hp_tuning,/srv/xgboost_hp_tuning,,16.0,0,0,,,,,,,,,
xgboost_hp_tuning_ID0000019_pegasus-plan_ID0000016,cpu_2,compute,0,1677242478.0,,,1677242483.0,1677242445.0,1677242461.0,45669502.0,1677242488.0,1677242528.0,1677242471.0,1677242475.0,252.0,1677242528.0,1677242533.0,5.0,,5.0,40.0,5.0,16.0,377646203.0,4.0,1059.0,poseidon,condorpool,poseidon-worker-2-container-24-31,xgboost_hp_tuning,/srv/xgboost_hp_tuning,,13.1,0,0,,,,,,,,,
xgboost_hp_tuning_ID0000008_pegasus-plan_ID0000016,None,compute,0,1677242478.0,,,1677242483.0,1677242445.0,1677242461.0,45706624.5,1677242488.0,1677242528.0,1677242472.0,1677242476.0,257.0,1677242528.0,1677242533.0,5.0,,5.0,40.0,5.0,16.0,377646203.0,4.0,1058.0,poseidon,condorpool,poseidon-worker-2-container-32-39,xgboost_hp_tuning,/srv/xgboost_hp_tuning,,28.2,0,0,,,,,,,,,
xgboost_hp_tuning_ID0000020_pegasus-plan_ID0000016,None,compute,0,1677242478.0,,,1677242483.0,1677242445.0,1677242460.0,45824649.8,1677242488.0,1677242528.0,1677242470.0,1677242475.0,252.0,1677242528.0,1677242533.0,5.0,,5.0,40.0,5.0,15.0,377646203.0,5.0,1063.0,poseidon,condorpool,poseidon-worker-3-container-40-47,xgboost_hp_tuning,/srv/xgboost_hp_tuning,,16.1,0,0,,,,,,,,,
xgboost_hp_tuning_ID0000010_pegasus-plan_ID0000016,None,compute,0,1677242478.0,,,1677242483.0,1677242445.0,1677242460.0,45589305.8,1677242488.0,1677242528.0,1677242471.0,1677242475.0,248.0,1677242528.0,1677242533.0,5.0,,5.0,40.0,5.0,15.0,377646203.0,4.0,1049.0,poseidon,condorpool,poseidon-worker-1-container-0-7,xgboost_hp_tuning,/srv/xgboost_hp_tuning,,16.6,0,0,,,,,,,,,
xgboost_hp_tuning_ID0000022_pegasus-plan_ID0000016,None,compute,0,1677242478.0,,,1677242483.0,1677242445.0,1677242460.0,45965741.2,1677242488.0,1677242528.0,1677242470.0,1677242475.0,249.0,1677242528.0,1677242533.0,5.0,,5.0,40.0,5.0,15.0,377646203.0,5.0,1061.0,poseidon,condorpool,poseidon-worker-3-container-8-15,xgboost_hp_tuning,/srv/xgboost_hp_tuning,,15.5,0,0,,,,,,,,,
xgboost_hp_tuning_ID0000011_pegasus-plan_ID0000016,None,compute,0,1677242478.0,,,1677242483.0,1677242445.0,1677242460.0,45872255.8,1677242488.0,1677242528.0,1677242470.0,1677242475.0,249.0,1677242528.0,1677242533.0,5.0,,5.0,40.0,5.0,15.0,377646203.0,5.0,1047.0,poseidon,condorpool,poseidon-worker-3-container-16-23,xgboost_hp_tuning,/srv/xgboost_hp_tuning,,15.7,0,0,,,,,,,,,
xgboost_hp_tuning_ID0000009_pegasus-plan_ID0000016,None,compute,0,1677242478.0,,,1677242483.0,1677242445.0,1677242461.0,45673632.5,1677242488.0,1677242528.0,1677242471.0,1677242475.0,245.0,1677242528.0,1677242533.0,5.0,,5.0,40.0,5.0,16.0,377646203.0,4.0,1057.0,poseidon,condorpool,poseidon-worker-1-container-16-23,xgboost_hp_tuning,/srv/xgboost_hp_tuning,,15.2,0,0,,,,,,,,,
xgboost_hp_tuning_ID0000018_pegasus-plan_ID0000016,None,compute,0,1677242478.0,,,1677242483.0,1677242445.0,1677242461.0,45633174.8,1677242488.0,1677242528.0,1677242471.0,1677242475.0,246.0,1677242528.0,1677242533.0,5.0,,5.0,40.0,5.0,16.0,377646203.0,4.0,1053.0,poseidon,condorpool,poseidon-worker-2-container-16-23,xgboost_hp_tuning,/srv/xgboost_hp_tuning,,15.6,0,0,,,,,,,,,
xgboost_hp_tuning_ID0000018_pegasus-plan_ID0000012,None,compute,0,1677242484.0,,,1677242489.0,1677242484.0,1677242501.0,51268712.7,1677242527.0,1677242589.0,1677242531.0,1677242535.0,250.0,1677242589.0,1677242595.0,5.0,,38.0,62.0,6.0,17.0,502672266.0,4.0,1053.0,poseidon,condorpool,poseidon-worker-1-container-40-47,xgboost_hp_tuning,/srv/xgboost_hp_tuning,,120.9,0,0,0.1,157972539.0,40.0,3321.0,2.0,98.3,3.2,7898627.0,4.0
xgboost_hp_tuning_ID0000023_pegasus-plan_ID0000012,None,compute,0,1677242484.0,,,1677242489.0,1677242541.0,1677242558.0,51295341.0,1677242584.0,1677242655.0,1677242600.0,1677242604.0,260.0,1677242655.0,1677242660.0,5.0,,95.0,71.0,5.0,17.0,502672266.0,4.0,1090.0,poseidon,condorpool,poseidon-worker-2-container-16-23,xgboost_hp_tuning,/srv/xgboost_hp_tuning,,205.8,0,0,0.1,157976450.0,40.0,3336.0,2.0,168.2,3.9,5265881.7,4.0
xgboost_hp_tuning_ID0000009_pegasus-plan_ID0000012,None,compute,0,1677242484.0,,,1677242489.0,1677242484.0,1677242500.0,51591672.7,1677242526.0,1677242584.0,1677242528.0,1677242532.0,252.0,1677242584.0,1677242589.0,5.0,,37.0,58.0,5.0,16.0,502672266.0,4.0,1058.0,poseidon,condorpool,poseidon-worker-3-container-40-47,xgboost_hp_tuning,/srv/xgboost_hp_tuning,,117.7,0,0,0.0,157970662.0,40.0,3319.0,2.0,106.9,3.1,7898533.1,4.0
xgboost_hp_tuning_ID0000011_pegasus-plan_ID0000012,cpu_2,compute,0,1677242484.0,,,1677242489.0,1677242484.0,1677242500.0,51617902.0,1677242526.0,1677242584.0,1677242527.0,1677242532.0,248.0,1677242584.0,1677242589.0,5.0,,37.0,58.0,5.0,16.0,502672266.0,5.0,1051.0,poseidon,condorpool,poseidon-worker-3-container-0-7,xgboost_hp_tuning,/srv/xgboost_hp_tuning,,83.7,0,0,0.0,157970587.0,40.0,3319.0,2.0,78.0,3.8,7898529.4,4.0
xgboost_hp_tuning_ID0000020_pegasus-plan_ID0000012,None,compute,0,1677242484.0,,,1677242489.0,1677242484.0,1677242501.0,51258226.0,1677242527.0,1677242584.0,1677242526.0,1677242530.0,254.0,1677242584.0,1677242589.0,5.0,,38.0,57.0,5.0,17.0,502672266.0,4.0,1063.0,poseidon,condorpool,poseidon-worker-1-container-16-23,xgboost_hp_tuning,/srv/xgboost_hp_tuning,,98.1,0,0,0.0,157968058.0,40.0,3305.0,2.0,43.7,2.6,15796805.8,4.0
xgboost_hp_tuning_ID0000010_pegasus-plan_ID0000012,None,compute,0,1677242484.0,,,1677242489.0,1677242484.0,1677242501.0,51420352.0,1677242527.0,1677242589.0,1677242531.0,1677242535.0,254.0,1677242589.0,1677242595.0,5.0,,38.0,62.0,6.0,17.0,502672266.0,4.0,1050.0,poseidon,condorpool,poseidon-worker-2-container-40-47,xgboost_hp_tuning,/srv/xgboost_hp_tuning,,125.8,0,0,0.1,157972536.0,40.0,3321.0,2.0,97.4,3.5,7898626.8,4.0
xgboost_hp_tuning_ID0000021_pegasus-plan_ID0000012,cpu_2,compute,0,1677242484.0,,,1677242489.0,1677242484.0,1677242501.0,51340826.3,1677242527.0,1677242584.0,1677242528.0,1677242532.0,248.0,1677242584.0,1677242589.0,5.0,,38.0,57.0,5.0,17.0,502672266.0,4.0,1063.0,poseidon,condorpool,poseidon-worker-2-container-24-31,xgboost_hp_tuning,/srv/xgboost_hp_tuning,,86.5,0,0,0.0,157972535.0,40.0,3321.0,2.0,80.0,3.2,7898626.8,4.0
xgboost_hp_tuning_ID0000008_pegasus-plan_ID0000012,None,compute,0,1677242484.0,,,1677242489.0,1677242484.0,1677242501.0,51405337.3,1677242527.0,1677242584.0,1677242528.0,1677242532.0,248.0,1677242584.0,1677242589.0,5.0,,38.0,57.0,5.0,17.0,502672266.0,4.0,1060.0,poseidon,condorpool,poseidon-worker-2-container-16-23,xgboost_hp_tuning,/srv/xgboost_hp_tuning,,106.2,0,0,0.0,157972534.0,40.0,3321.0,2.0,101.5,3.6,7898626.7,4.0
xgboost_hp_tuning_ID0000022_pegasus-plan_ID0000012,None,compute,0,1677242484.0,,,1677242489.0,1677242484.0,1677242501.0,51294760.0,1677242527.0,1677242584.0,1677242529.0,1677242533.0,257.0,1677242584.0,1677242589.0,5.0,,38.0,57.0,5.0,17.0,502672266.0,4.0,1061.0,poseidon,condorpool,poseidon-worker-1-container-32-39,xgboost_hp_tuning,/srv/xgboost_hp_tuning,,122.5,0,0,0.0,157972541.0,40.0,3321.0,2.0,108.8,3.3,7898627.0,4.0
xgboost_hp_tuning_ID0000006_pegasus-plan_ID0000012,None,compute,0,1677242484.0,,,1677242489.0,1677242484.0,1677242501.0,51305985.7,1677242527.0,1677242584.0,1677242529.0,1677242533.0,253.0,1677242584.0,1677242589.0,5.0,,38.0,57.0,5.0,17.0,502672266.0,4.0,1066.0,poseidon,condorpool,poseidon-worker-1-container-8-15,xgboost_hp_tuning,/srv/xgboost_hp_tuning,,112.2,0,0,0.1,157972503.0,40.0,3321.0,2.0,103.3,3.6,7898625.1,4.0
xgboost_hp_tuning_ID0000016_pegasus-plan_ID0000012,None,compute,0,1677242484.0,,,1677242489.0,1677242522.0,1677242539.0,51486587.3,1677242565.0,1677242630.0,1677242571.0,1677242575.0,257.0,1677242630.0,1677242635.0,5.0,,76.0,65.0,5.0,17.0,502672266.0,4.0,1055.0,poseidon,condorpool,poseidon-worker-3-container-16-23,xgboost_hp_tuning,/srv/xgboost_hp_tuning,,133.5,0,0,0.0,157970837.0,40.0,3319.0,2.0,95.2,3.4,7898541.9,4.0
xgboost_hp_tuning_ID0000005_pegasus-plan_ID0000012,None,compute,0,1677242484.0,,,1677242489.0,1677242485.0,1677242502.0,51368735.0,1677242528.0,1677242600.0,1677242542.0,1677242547.0,253.0,1677242600.0,1677242605.0,5.0,,39.0,72.0,5.0,17.0,502672266.0,5.0,1077.0,poseidon,condorpool,poseidon-worker-2-container-32-39,xgboost_hp_tuning,/srv/xgboost_hp_tuning,,195.7,0,0,0.1,157976341.0,40.0,3336.0,2.0,167.6,3.5,5265878.0,4.0
xgboost_hp_tuning_ID0000004_pegasus-plan_ID0000012,None,compute,0,1677242484.0,,,1677242489.0,1677242522.0,1677242539.0,51456819.7,1677242565.0,1677242625.0,1677242566.0,1677242570.0,254.0,1677242625.0,1677242630.0,5.0,,76.0,60.0,5.0,17.0,502672266.0,4.0,1063.0,poseidon,condorpool,poseidon-worker-3-container-32-39,xgboost_hp_tuning,/srv/xgboost_hp_tuning,,114.6,0,0,0.0,157970760.0,40.0,3319.0,2.0,108.1,3.8,7898538.0,4.0
xgboost_hp_tuning_ID0000015_pegasus-plan_ID0000012,None,compute,0,1677242484.0,,,1677242489.0,1677242522.0,1677242539.0,51461242.0,1677242565.0,1677242620.0,1677242563.0,1677242567.0,256.0,1677242620.0,1677242625.0,5.0,,76.0,55.0,5.0,17.0,502672266.0,4.0,1051.0,poseidon,condorpool,poseidon-worker-3-container-8-15,xgboost_hp_tuning,/srv/xgboost_hp_tuning,,89.8,0,0,0.0,157966145.0,40.0,3303.0,2.0,41.8,2.8,15796614.5,4.0
xgboost_hp_tuning_ID0000012_pegasus-plan_ID0000012,cpu_2,compute,0,1677242484.0,,,1677242489.0,1677242540.0,1677242557.0,51503410.3,1677242583.0,1677242640.0,1677242581.0,1677242585.0,258.0,1677242640.0,1677242645.0,5.0,,94.0,57.0,5.0,17.0,502672266.0,4.0,1050.0,poseidon,condorpool,poseidon-worker-3-container-0-7,xgboost_hp_tuning,/srv/xgboost_hp_tuning,,67.9,0,0,0.1,157966038.0,40.0,3303.0,2.0,33.4,2.4,15796603.8,4.0
xgboost_hp_tuning_ID0000003_pegasus-plan_ID0000012,None,compute,0,1677242484.0,,,1677242489.0,1677242523.0,1677242540.0,51551836.0,1677242566.0,1677242625.0,1677242566.0,1677242570.0,256.0,1677242625.0,1677242630.0,5.0,,77.0,59.0,5.0,17.0,502672266.0,4.0,1067.0,poseidon,condorpool,poseidon-worker-3-container-24-31,xgboost_hp_tuning,/srv/xgboost_hp_tuning,,109.3,0,0,0.0,157966104.0,40.0,3303.0,2.0,48.3,2.4,15796610.4,4.0
xgboost_hp_tuning_ID0000014_pegasus-plan_ID0000012,None,compute,0,1677242484.0,,,1677242489.0,1677242532.0,1677242549.0,51324639.3,1677242575.0,1677242640.0,1677242583.0,1677242587.0,252.0,1677242640.0,1677242645.0,5.0,,86.0,65.0,5.0,17.0,502672266.0,4.0,1054.0,poseidon,condorpool,poseidon-worker-2-container-8-15,xgboost_hp_tuning,/srv/xgboost_hp_tuning,,155.1,0,0,0.0,157972589.0,40.0,3321.0,2.0,105.1,3.1,7898629.5,4.0
xgboost_hp_tuning_ID0000001_pegasus-plan_ID0000012,None,compute,0,1677242484.0,,,1677242489.0,1677242539.0,1677242556.0,51358638.0,1677242582.0,1677242650.0,1677242595.0,1677242599.0,253.0,1677242650.0,1677242655.0,5.0,,93.0,68.0,5.0,17.0,502672266.0,4.0,1064.0,poseidon,condorpool,poseidon-worker-1-container-16-23,xgboost_hp_tuning,/srv/xgboost_hp_tuning,,183.2,0,0,0.1,157976543.0,40.0,3336.0,2.0,162.4,3.7,5265884.8,4.0
xgboost_hp_tuning_ID0000013_pegasus-plan_ID0000012,None,compute,0,1677242484.0,,,1677242489.0,1677242539.0,1677242556.0,51354485.7,1677242582.0,1677242655.0,1677242599.0,1677242603.0,247.0,1677242655.0,1677242660.0,5.0,,93.0,73.0,5.0,17.0,502672266.0,4.0,1053.0,poseidon,condorpool,poseidon-worker-1-container-24-31,xgboost_hp_tuning,/srv/xgboost_hp_tuning,,171.8,0,0,0.1,157976464.0,40.0,3336.0,2.0,137.7,4.5,5265882.1,4.0
xgboost_hp_tuning_ID0000002_pegasus-plan_ID0000012,None,compute,0,1677242484.0,,,1677242489.0,1677242538.0,1677242555.0,51380037.0,1677242581.0,1677242655.0,1677242596.0,1677242601.0,253.0,1677242655.0,1677242660.0,5.0,,92.0,74.0,5.0,17.0,502672266.0,5.0,1063.0,poseidon,condorpool,poseidon-worker-2-container-0-7,xgboost_hp_tuning,/srv/xgboost_hp_tuning,,186.0,0,0,0.0,157976368.0,40.0,3336.0,2.0,149.3,3.4,5265878.9,4.0
xgboost_hp_tuning_ID0000019_pegasus-plan_ID0000012,None,compute,0,1677242484.0,,,1677242489.0,1677242484.0,1677242501.0,51331456.7,1677242527.0,1677242584.0,1677242525.0,1677242529.0,254.0,1677242584.0,1677242589.0,5.0,,38.0,57.0,5.0,17.0,502672266.0,4.0,1060.0,poseidon,condorpool,poseidon-worker-2-container-0-7,xgboost_hp_tuning,/srv/xgboost_hp_tuning,,89.4,0,0,0.1,157967833.0,40.0,3305.0,2.0,43.4,2.8,15796783.3,4.0
xgboost_hp_tuning_ID0000017_pegasus-plan_ID0000012,None,compute,0,1677242484.0,,,1677242489.0,1677242484.0,1677242501.0,51313125.7,1677242527.0,1677242584.0,1677242526.0,1677242530.0,248.0,1677242584.0,1677242589.0,5.0,,38.0,57.0,5.0,17.0,502672266.0,4.0,1056.0,poseidon,condorpool,poseidon-worker-1-container-24-31,xgboost_hp_tuning,/srv/xgboost_hp_tuning,,93.2,0,0,0.1,157967905.0,40.0,3305.0,2.0,43.9,2.7,15796790.5,4.0
xgboost_hp_tuning_ID0000007_pegasus-plan_ID0000012,None,compute,0,1677242484.0,,,1677242489.0,1677242484.0,1677242501.0,51078135.0,1677242527.0,1677242590.0,1677242531.0,1677242535.0,254.0,1677242590.0,1677242595.0,5.0,,38.0,63.0,5.0,17.0,502672266.0,4.0,1064.0,poseidon,condorpool,poseidon-worker-1-container-0-7,xgboost_hp_tuning,/srv/xgboost_hp_tuning,,127.9,0,0,0.1,157972465.0,40.0,3321.0,2.0,101.7,3.7,7898623.2,4.0
xgboost_hp_tuning_ID0000022_pegasus-plan_ID0000020,None,compute,0,1677242494.0,,,1677242499.0,1677242542.0,1677242571.0,75072919.4,1677242584.0,1677242980.0,1677242922.0,1677242927.0,254.0,1677242980.0,1677242985.0,5.0,,85.0,396.0,5.0,29.0,1691153157.0,5.0,1061.0,poseidon,condorpool,poseidon-worker-1-container-8-15,xgboost_hp_tuning,/srv/xgboost_hp_tuning,,1934.6,0,0,0.1,1346575893.0,40.0,3801.0,2.0,1860.8,63.8,3960517.3,4.0
xgboost_hp_tuning_ID0000011_pegasus-plan_ID0000020,cpu_2,compute,0,1677242494.0,,,1677242499.0,1677242541.0,1677242570.0,75262567.8,1677242584.0,1677243035.0,1677242980.0,1677242984.0,250.0,1677243035.0,1677243040.0,5.0,,85.0,451.0,5.0,29.0,1691153157.0,4.0,1047.0,poseidon,condorpool,poseidon-worker-2-container-24-31,xgboost_hp_tuning,/srv/xgboost_hp_tuning,,1759.4,0,0,0.1,1346598983.0,40.0,3891.0,2.0,1695.1,63.0,3366497.5,4.0
xgboost_hp_tuning_ID0000009_pegasus-plan_ID0000020,None,compute,0,1677242494.0,,,1677242499.0,1677242541.0,1677242570.0,75409730.6,1677242584.0,1677242955.0,1677242897.0,1677242901.0,260.0,1677242955.0,1677242960.0,5.0,,85.0,371.0,5.0,29.0,1691153157.0,4.0,1058.0,poseidon,condorpool,poseidon-worker-3-container-40-47,xgboost_hp_tuning,/srv/xgboost_hp_tuning,,1753.5,0,0,0.0,1346562690.0,40.0,3754.0,2.0,1645.1,60.1,4343750.6,4.0
xgboost_hp_tuning_ID0000001_pegasus-plan_ID0000020,None,compute,0,1677242494.0,,,1677242499.0,1677242951.0,1677242980.0,75140874.5,1677242994.0,1677243350.0,1677243293.0,1677243298.0,259.0,1677243350.0,1677243355.0,5.0,,495.0,356.0,5.0,29.0,1691153157.0,5.0,1066.0,poseidon,condorpool,poseidon-worker-1-container-32-39,xgboost_hp_tuning,/srv/xgboost_hp_tuning,,1716.7,0,0,0.1,1346560933.0,40.0,3741.0,2.0,1645.3,47.2,4488536.4,4.0
xgboost_hp_tuning_ID0000010_pegasus-plan_ID0000020,None,compute,0,1677242494.0,,,1677242499.0,1677242542.0,1677242571.0,75028381.0,1677242585.0,1677242995.0,1677242938.0,1677242942.0,254.0,1677242995.0,1677243000.0,5.0,,86.0,410.0,5.0,29.0,1691153157.0,4.0,1050.0,poseidon,condorpool,poseidon-worker-1-container-32-39,xgboost_hp_tuning,/srv/xgboost_hp_tuning,,2032.0,0,0,0.1,1346579881.0,40.0,3816.0,2.0,1934.2,52.2,3847371.1,4.0
xgboost_hp_tuning_ID0000013_pegasus-plan_ID0000020,None,compute,0,1677242494.0,,,1677242499.0,1677242950.0,1677242980.0,75327542.1,1677242993.0,1677243345.0,1677243288.0,1677243293.0,255.0,1677243345.0,1677243350.0,5.0,,494.0,352.0,5.0,30.0,1691153157.0,5.0,1056.0,poseidon,condorpool,poseidon-worker-3-container-40-47,xgboost_hp_tuning,/srv/xgboost_hp_tuning,,1681.3,0,0,0.0,1346555167.0,40.0,3724.0,2.0,1565.8,48.6,4643293.7,4.0
xgboost_hp_tuning_ID0000002_pegasus-plan_ID0000020,None,compute,0,1677242494.0,,,1677242499.0,1677242943.0,1677242972.0,75089617.5,1677242986.0,1677243320.0,1677243264.0,1677243269.0,255.0,1677243320.0,1677243325.0,5.0,,487.0,334.0,5.0,29.0,1691153157.0,5.0,1064.0,poseidon,condorpool,poseidon-worker-2-container-40-47,xgboost_hp_tuning,/srv/xgboost_hp_tuning,,1601.3,0,0,0.1,1346553228.0,40.0,3711.0,2.0,1539.9,44.0,4809118.7,4.0
xgboost_hp_tuning_ID0000014_pegasus-plan_ID0000020,None,compute,0,1677242494.0,,,1677242499.0,1677242613.0,1677242643.0,75131452.1,1677242656.0,1677243080.0,1677243022.0,1677243026.0,254.0,1677243080.0,1677243085.0,5.0,,157.0,424.0,5.0,30.0,1691153157.0,4.0,1053.0,poseidon,condorpool,poseidon-worker-2-container-16-23,xgboost_hp_tuning,/srv/xgboost_hp_tuning,,2088.6,0,0,0.1,1346587709.0,40.0,3846.0,2.0,2011.5,76.0,3639426.2,4.0
xgboost_hp_tuning_ID0000003_pegasus-plan_ID0000020,None,compute,0,1677242494.0,,,1677242499.0,1677242612.0,1677242641.0,75091812.0,1677242654.0,1677243040.0,1677242985.0,1677242989.0,257.0,1677243040.0,1677243045.0,5.0,,155.0,386.0,5.0,29.0,1691153157.0,4.0,1067.0,poseidon,condorpool,poseidon-worker-1-container-24-31,xgboost_hp_tuning,/srv/xgboost_hp_tuning,,1894.3,0,0,0.1,1346572416.0,40.0,3786.0,2.0,1813.6,55.5,4080522.5,4.0
xgboost_hp_tuning_ID0000015_pegasus-plan_ID0000020,None,compute,0,1677242494.0,,,1677242499.0,1677242610.0,1677242639.0,75125551.2,1677242652.0,1677243110.0,1677243050.0,1677243055.0,252.0,1677243110.0,1677243115.0,5.0,,153.0,458.0,5.0,29.0,1691153157.0,5.0,1055.0,poseidon,condorpool,poseidon-worker-2-container-0-7,xgboost_hp_tuning,/srv/xgboost_hp_tuning,,2286.1,0,0,0.1,1346598870.0,40.0,3891.0,2.0,2211.8,61.6,3366497.2,4.0
xgboost_hp_tuning_ID0000004_pegasus-plan_ID0000020,None,compute,0,1677242494.0,,,1677242499.0,1677242608.0,1677242637.0,75051813.1,1677242651.0,1677243090.0,1677243032.0,1677243036.0,258.0,1677243090.0,1677243095.0,5.0,,152.0,439.0,5.0,29.0,1691153157.0,4.0,1064.0,poseidon,condorpool,poseidon-worker-1-container-16-23,xgboost_hp_tuning,/srv/xgboost_hp_tuning,,2121.9,0,0,0.2,1346591585.0,40.0,3861.0,2.0,2023.9,65.2,3543662.1,4.0
xgboost_hp_tuning_ID0000016_pegasus-plan_ID0000020,None,compute,0,1677242494.0,,,1677242499.0,1677242596.0,1677242625.0,74965770.2,1677242639.0,1677243070.0,1677243012.0,1677243016.0,254.0,1677243070.0,1677243075.0,5.0,,140.0,431.0,5.0,29.0,1691153157.0,4.0,1055.0,poseidon,condorpool,poseidon-worker-2-container-8-15,xgboost_hp_tuning,/srv/xgboost_hp_tuning,,2084.8,0,0,0.0,1346587498.0,40.0,3846.0,2.0,1975.9,57.2,3639425.7,4.0
xgboost_hp_tuning_ID0000005_pegasus-plan_ID0000020,cpu_2,compute,0,1677242494.0,,,1677242499.0,1677242593.0,1677242623.0,75252337.6,1677242636.0,1677243140.0,1677243082.0,1677243086.0,264.0,1677243140.0,1677243145.0,5.0,,137.0,504.0,5.0,30.0,1691153157.0,4.0,1077.0,poseidon,condorpool,poseidon-worker-3-container-0-7,xgboost_hp_tuning,/srv/xgboost_hp_tuning,,1983.7,0,0,0.0,1346612307.0,40.0,3949.0,2.0,1855.6,76.9,3060482.5,4.0
xgboost_hp_tuning_ID0000023_pegasus-plan_ID0000020,None,compute,0,1677242494.0,,,1677242499.0,1677242969.0,1677242998.0,75135423.8,1677243012.0,1677243440.0,1677243385.0,1677243389.0,265.0,1677243440.0,1677243445.0,5.0,,513.0,428.0,5.0,29.0,1691153157.0,4.0,1091.0,poseidon,condorpool,poseidon-worker-1-container-40-47,xgboost_hp_tuning,/srv/xgboost_hp_tuning,,2195.8,0,0,0.0,1346587692.0,40.0,3846.0,2.0,2095.7,54.9,3639426.2,4.0
xgboost_hp_tuning_ID0000017_pegasus-plan_ID0000020,None,compute,0,1677242494.0,,,1677242499.0,1677242592.0,1677242622.0,75151351.7,1677242635.0,1677243060.0,1677243002.0,1677243006.0,252.0,1677243060.0,1677243065.0,5.0,,136.0,425.0,5.0,30.0,1691153157.0,4.0,1055.0,poseidon,condorpool,poseidon-worker-2-container-32-39,xgboost_hp_tuning,/srv/xgboost_hp_tuning,,2101.3,0,0,0.0,1346587663.0,40.0,3846.0,2.0,2038.5,60.8,3639426.1,4.0
xgboost_hp_tuning_ID0000012_pegasus-plan_ID0000020,None,compute,0,1677242494.0,,,1677242499.0,1677242961.0,1677242990.0,74850241.1,1677243004.0,1677243345.0,1677243286.0,1677243290.0,250.0,1677243345.0,1677243350.0,5.0,,505.0,341.0,5.0,29.0,1691153157.0,4.0,1047.0,poseidon,condorpool,poseidon-worker-1-container-0-7,xgboost_hp_tuning,/srv/xgboost_hp_tuning,,1610.6,0,0,0.0,1346552914.0,40.0,3711.0,2.0,1521.2,48.2,4809117.5,4.0
xgboost_hp_tuning_ID0000018_pegasus-plan_ID0000020,None,compute,0,1677242494.0,,,1677242499.0,1677242579.0,1677242608.0,75314620.1,1677242622.0,1677243055.0,1677242997.0,1677243001.0,256.0,1677243055.0,1677243060.0,5.0,,123.0,433.0,5.0,29.0,1691153157.0,4.0,1055.0,poseidon,condorpool,poseidon-worker-3-container-24-31,xgboost_hp_tuning,/srv/xgboost_hp_tuning,,2154.0,0,0,0.0,1346585815.0,40.0,3844.0,2.0,2028.2,64.9,3639421.1,4.0
xgboost_hp_tuning_ID0000007_pegasus-plan_ID0000020,None,compute,0,1677242494.0,,,1677242499.0,1677242579.0,1677242608.0,75006642.3,1677242622.0,1677243020.0,1677242963.0,1677242967.0,256.0,1677243020.0,1677243025.0,5.0,,123.0,398.0,5.0,29.0,1691153157.0,4.0,1067.0,poseidon,condorpool,poseidon-worker-3-container-32-39,xgboost_hp_tuning,/srv/xgboost_hp_tuning,,1991.5,0,0,0.0,1346574317.0,40.0,3799.0,2.0,1896.5,60.2,3960512.7,4.0
xgboost_hp_tuning_ID0000019_pegasus-plan_ID0000020,None,compute,0,1677242494.0,,,1677242499.0,1677242576.0,1677242605.0,75329267.7,1677242619.0,1677243295.0,1677243239.0,1677243243.0,260.0,1677243295.0,1677243300.0,5.0,,120.0,676.0,5.0,29.0,1691153157.0,4.0,1059.0,poseidon,condorpool,poseidon-worker-3-container-8-15,xgboost_hp_tuning,/srv/xgboost_hp_tuning,,3828.8,0,0,0.0,1346681398.0,40.0,4219.0,2.0,3701.6,100.0,2172066.8,4.0
xgboost_hp_tuning_ID0000008_pegasus-plan_ID0000020,None,compute,0,1677242494.0,,,1677242499.0,1677242544.0,1677242574.0,74827771.4,1677242587.0,1677243005.0,1677242948.0,1677242952.0,256.0,1677243005.0,1677243010.0,5.0,,88.0,418.0,5.0,30.0,1691153157.0,4.0,1057.0,poseidon,condorpool,poseidon-worker-1-container-0-7,xgboost_hp_tuning,/srv/xgboost_hp_tuning,,2070.9,0,0,0.1,1346583328.0,40.0,3831.0,2.0,1978.9,64.3,3740509.2,4.0
xgboost_hp_tuning_ID0000020_pegasus-plan_ID0000020,None,compute,0,1677242494.0,,,1677242499.0,1677242544.0,1677242574.0,75126221.4,1677242587.0,1677242985.0,1677242930.0,1677242934.0,255.0,1677242985.0,1677242990.0,5.0,,88.0,398.0,5.0,30.0,1691153157.0,4.0,1064.0,poseidon,condorpool,poseidon-worker-2-container-40-47,xgboost_hp_tuning,/srv/xgboost_hp_tuning,,1873.2,0,0,0.0,1346576020.0,40.0,3801.0,2.0,1769.7,61.8,3960517.7,4.0
xgboost_hp_tuning_ID0000021_pegasus-plan_ID0000020,None,compute,0,1677242494.0,,,1677242499.0,1677242544.0,1677242574.0,75125090.5,1677242587.0,1677243015.0,1677242956.0,1677242960.0,255.0,1677243015.0,1677243020.0,5.0,,88.0,428.0,5.0,30.0,1691153157.0,4.0,1062.0,poseidon,condorpool,poseidon-worker-1-container-40-47,xgboost_hp_tuning,/srv/xgboost_hp_tuning,,2137.0,0,0,0.0,1346587505.0,40.0,3846.0,2.0,2042.7,77.3,3639425.7,4.0
xgboost_hp_tuning_ID0000006_pegasus-plan_ID0000020,None,compute,0,1677242494.0,,,1677242499.0,1677242584.0,1677242613.0,75164796.2,1677242627.0,1677243005.0,1677242948.0,1677242952.0,262.0,1677243005.0,1677243010.0,5.0,,128.0,378.0,5.0,29.0,1691153157.0,4.0,1067.0,poseidon,condorpool,poseidon-worker-3-container-16-23,xgboost_hp_tuning,/srv/xgboost_hp_tuning,,1799.9,0,0,0.0,1346566673.0,40.0,3769.0,2.0,1705.8,60.0,4208020.9,4.0
stage_out_local_condorpool_0_0_pegasus-plan_ID0000016,None,transfer,0,1677242573.0,,,1677242578.0,,,0.0,1677242578.0,1677242588.0,1677242578.0,1677242582.0,2096.0,1677242588.0,1677242593.0,5.0,,0.0,10.0,5.0,,,4.0,8455.0,poseidon,local,host-10-100-100-12.openstacklocal,pegasus::transfer,/home/poseidon/pegasus-5.1.0panorama/bin/pegasus-transfer,/home/poseidon/pegasus-5.1.0panorama/bin/../bin/pegasus-kickstart  -n pegasus::transfer -N null -i - -R local  -L xgboost_hp_tuning_group_1 -T 2023-02-24T12:40:24+00:00 /home/poseidon/pegasus-5.1.0panorama/bin/../bin/pegasus-transfer  --threads 2,1.1,0,0,,,,,,,,,
stage_out_local_condorpool_0_1_pegasus-plan_ID0000016,None,transfer,0,1677242573.0,,,1677242578.0,,,0.0,1677242578.0,1677242588.0,1677242578.0,1677242582.0,2109.0,1677242588.0,1677242593.0,5.0,,0.0,10.0,5.0,,,4.0,8504.0,poseidon,local,host-10-100-100-12.openstacklocal,pegasus::transfer,/home/poseidon/pegasus-5.1.0panorama/bin/pegasus-transfer,/home/poseidon/pegasus-5.1.0panorama/bin/../bin/pegasus-kickstart  -n pegasus::transfer -N null -i - -R local  -L xgboost_hp_tuning_group_1 -T 2023-02-24T12:40:24+00:00 /home/poseidon/pegasus-5.1.0panorama/bin/../bin/pegasus-transfer  --threads 2,1.1,0,0,,,,,,,,,
stage_out_local_condorpool_0_2_pegasus-plan_ID0000016,None,transfer,0,1677242583.0,,,1677242588.0,,,0.0,1677242588.0,1677242598.0,1677242589.0,1677242593.0,1838.0,1677242598.0,1677242603.0,5.0,,0.0,10.0,5.0,,,4.0,7423.0,poseidon,local,host-10-100-100-12.openstacklocal,pegasus::transfer,/home/poseidon/pegasus-5.1.0panorama/bin/pegasus-transfer,/home/poseidon/pegasus-5.1.0panorama/bin/../bin/pegasus-kickstart  -n pegasus::transfer -N null -i - -R local  -L xgboost_hp_tuning_group_1 -T 2023-02-24T12:40:24+00:00 /home/poseidon/pegasus-5.1.0panorama/bin/../bin/pegasus-transfer  --threads 2,1.0,0,0,,,,,,,,,
xgboost_best_params_ID0000024_pegasus-plan_ID0000016,None,compute,0,1677242583.0,,,1677242588.0,1677242556.0,1677242573.0,39763217.0,1677242598.0,1677242638.0,1677242579.0,1677242583.0,248.0,1677242638.0,1677242643.0,5.0,,10.0,40.0,5.0,17.0,368018651.0,4.0,1047.0,poseidon,condorpool,poseidon-worker-2-container-32-39,xgboost_best_params,/srv/xgboost_best_params,,0.0,0,0,,,,,,,,,
register_condorpool_0_1_pegasus-plan_ID0000016,None,auxiliary,0,1677242593.0,,,1677242608.0,,,0.0,1677242608.0,1677242613.0,,,0.0,1677242613.0,1677242618.0,15.0,,0.0,5.0,5.0,,,,,poseidon,local,host-10-100-100-12.openstacklocal,pegasus::rc-client,/home/poseidon/pegasus-5.1.0panorama/bin/pegasus-rc-client,"-n pegasus::rc-client -N null -R local  -L xgboost_hp_tuning_group_1 -T 2023-02-24T12:40:24+00:00 /home/poseidon/pegasus-5.1.0panorama/bin/pegasus-rc-client --prefix pegasus.catalog.replica.output --conf /home/poseidon/workflows/predict-future-sales-workflow/submit/poseidon/pegasus/predict-future-sales/run0151/00/00/./xgboost_hp_tuning_group_1.000/pegasus.7798542155962252057.properties -v --meta /home/poseidon/workflows/predict-future-sales-workflow/submit/poseidon/pegasus/predict-future-sales/run0151/00/00/./xgboost_hp_tuning_group_1.000/00/00/xgboost_hp_tuning_ID0000013.meta,/home/poseidon/workflows/predict-future-sales-workflow/submit/poseidon/pegasus/predict-future-sales/run0151/00/00/./xgboost_hp_tuning_group_1.000/00/00/xgboost_hp_tuning_ID0000023.meta,/home/poseidon/workflows/predict-future-sales-workflow/submit/poseidon/pegasus/predict-future-sales/run0151/00/00/./xgboost_hp_tuning_group_1.000/00/00/xgboost_hp_tuning_ID0000011.meta,/home/poseidon/workflows/predict-future-sales-workflow/submit/poseidon/pegasus/predict-future-sales/run0151/00/00/./xgboost_hp_tuning_group_1.000/00/00/xgboost_hp_tuning_ID0000006.meta,/home/poseidon/workflows/predict-future-sales-workflow/submit/poseidon/pegasus/predict-future-sales/run0151/00/00/./xgboost_hp_tuning_group_1.000/00/00/xgboost_hp_tuning_ID0000003.meta,/home/poseidon/workflows/predict-future-sales-workflow/submit/poseidon/pegasus/predict-future-sales/run0151/00/00/./xgboost_hp_tuning_group_1.000/00/00/xgboost_hp_tuning_ID0000021.meta,/home/poseidon/workflows/predict-future-sales-workflow/submit/poseidon/pegasus/predict-future-sales/run0151/00/00/./xgboost_hp_tuning_group_1.000/00/00/xgboost_hp_tuning_ID0000019.meta,/home/poseidon/workflows/predict-future-sales-workflow/submit/poseidon/pegasus/predict-future-sales/run0151/00/00/./xgboost_hp_tuning_group_1.000/00/00/xgboost_hp_tuning_ID0000016.meta --insert /home/poseidon/workflows/predict-future-sales-workflow/submit/poseidon/pegasus/predict-future-sales/run0151/00/00/./xgboost_hp_tuning_group_1.000/00/00/register_condorpool_0_1.in",3.2,0,0,,,,,,,,,
register_condorpool_0_0_pegasus-plan_ID0000016,None,auxiliary,0,1677242593.0,,,1677242598.0,,,0.0,1677242598.0,1677242603.0,,,0.0,1677242603.0,1677242608.0,5.0,,0.0,5.0,5.0,,,,,poseidon,local,host-10-100-100-12.openstacklocal,pegasus::rc-client,/home/poseidon/pegasus-5.1.0panorama/bin/pegasus-rc-client,"-n pegasus::rc-client -N null -R local  -L xgboost_hp_tuning_group_1 -T 2023-02-24T12:40:24+00:00 /home/poseidon/pegasus-5.1.0panorama/bin/pegasus-rc-client --prefix pegasus.catalog.replica.output --conf /home/poseidon/workflows/predict-future-sales-workflow/submit/poseidon/pegasus/predict-future-sales/run0151/00/00/./xgboost_hp_tuning_group_1.000/pegasus.7798542155962252057.properties -v --meta /home/poseidon/workflows/predict-future-sales-workflow/submit/poseidon/pegasus/predict-future-sales/run0151/00/00/./xgboost_hp_tuning_group_1.000/00/00/xgboost_hp_tuning_ID0000018.meta,/home/poseidon/workflows/predict-future-sales-workflow/submit/poseidon/pegasus/predict-future-sales/run0151/00/00/./xgboost_hp_tuning_group_1.000/00/00/xgboost_hp_tuning_ID0000002.meta,/home/poseidon/workflows/predict-future-sales-workflow/submit/poseidon/pegasus/predict-future-sales/run0151/00/00/./xgboost_hp_tuning_group_1.000/00/00/xgboost_hp_tuning_ID0000005.meta,/home/poseidon/workflows/predict-future-sales-workflow/submit/poseidon/pegasus/predict-future-sales/run0151/00/00/./xgboost_hp_tuning_group_1.000/00/00/xgboost_hp_tuning_ID0000009.meta,/home/poseidon/workflows/predict-future-sales-workflow/submit/poseidon/pegasus/predict-future-sales/run0151/00/00/./xgboost_hp_tuning_group_1.000/00/00/xgboost_hp_tuning_ID0000015.meta,/home/poseidon/workflows/predict-future-sales-workflow/submit/poseidon/pegasus/predict-future-sales/run0151/00/00/./xgboost_hp_tuning_group_1.000/00/00/xgboost_hp_tuning_ID0000012.meta,/home/poseidon/workflows/predict-future-sales-workflow/submit/poseidon/pegasus/predict-future-sales/run0151/00/00/./xgboost_hp_tuning_group_1.000/00/00/xgboost_hp_tuning_ID0000010.meta,/home/poseidon/workflows/predict-future-sales-workflow/submit/poseidon/pegasus/predict-future-sales/run0151/00/00/./xgboost_hp_tuning_group_1.000/00/00/xgboost_hp_tuning_ID0000008.meta --insert /home/poseidon/workflows/predict-future-sales-workflow/submit/poseidon/pegasus/predict-future-sales/run0151/00/00/./xgboost_hp_tuning_group_1.000/00/00/register_condorpool_0_0.in",3.1,0,0,,,,,,,,,
register_condorpool_0_2_pegasus-plan_ID0000016,None,auxiliary,0,1677242603.0,,,1677242618.0,,,0.0,1677242618.0,1677242623.0,,,0.0,1677242623.0,1677242628.0,15.0,,0.0,5.0,5.0,,,,,poseidon,local,host-10-100-100-12.openstacklocal,pegasus::rc-client,/home/poseidon/pegasus-5.1.0panorama/bin/pegasus-rc-client,"-n pegasus::rc-client -N null -R local  -L xgboost_hp_tuning_group_1 -T 2023-02-24T12:40:24+00:00 /home/poseidon/pegasus-5.1.0panorama/bin/pegasus-rc-client --prefix pegasus.catalog.replica.output --conf /home/poseidon/workflows/predict-future-sales-workflow/submit/poseidon/pegasus/predict-future-sales/run0151/00/00/./xgboost_hp_tuning_group_1.000/pegasus.7798542155962252057.properties -v --meta /home/poseidon/workflows/predict-future-sales-workflow/submit/poseidon/pegasus/predict-future-sales/run0151/00/00/./xgboost_hp_tuning_group_1.000/00/00/xgboost_hp_tuning_ID0000017.meta,/home/poseidon/workflows/predict-future-sales-workflow/submit/poseidon/pegasus/predict-future-sales/run0151/00/00/./xgboost_hp_tuning_group_1.000/00/00/xgboost_hp_tuning_ID0000022.meta,/home/poseidon/workflows/predict-future-sales-workflow/submit/poseidon/pegasus/predict-future-sales/run0151/00/00/./xgboost_hp_tuning_group_1.000/00/00/xgboost_hp_tuning_ID0000007.meta,/home/poseidon/workflows/predict-future-sales-workflow/submit/poseidon/pegasus/predict-future-sales/run0151/00/00/./xgboost_hp_tuning_group_1.000/00/00/xgboost_hp_tuning_ID0000020.meta,/home/poseidon/workflows/predict-future-sales-workflow/submit/poseidon/pegasus/predict-future-sales/run0151/00/00/./xgboost_hp_tuning_group_1.000/00/00/xgboost_hp_tuning_ID0000001.meta,/home/poseidon/workflows/predict-future-sales-workflow/submit/poseidon/pegasus/predict-future-sales/run0151/00/00/./xgboost_hp_tuning_group_1.000/00/00/xgboost_hp_tuning_ID0000004.meta,/home/poseidon/workflows/predict-future-sales-workflow/submit/poseidon/pegasus/predict-future-sales/run0151/00/00/./xgboost_hp_tuning_group_1.000/00/00/xgboost_hp_tuning_ID0000014.meta --insert /home/poseidon/workflows/predict-future-sales-workflow/submit/poseidon/pegasus/predict-future-sales/run0151/00/00/./xgboost_hp_tuning_group_1.000/00/00/register_condorpool_0_2.in",3.1,0,0,,,,,,,,,
stage_out_local_condorpool_1_0_pegasus-plan_ID0000016,None,transfer,0,1677242643.0,,,1677242648.0,,,0.0,1677242649.0,1677242658.0,1677242649.0,1677242653.0,1188.0,1677242658.0,1677242663.0,5.0,,1.0,9.0,5.0,,,4.0,5235.0,poseidon,local,host-10-100-100-12.openstacklocal,pegasus::transfer,/home/poseidon/pegasus-5.1.0panorama/bin/pegasus-transfer,/home/poseidon/pegasus-5.1.0panorama/bin/../bin/pegasus-kickstart  -n pegasus::transfer -N null -i - -R local  -L xgboost_hp_tuning_group_1 -T 2023-02-24T12:40:24+00:00 /home/poseidon/pegasus-5.1.0panorama/bin/../bin/pegasus-transfer  --threads 2,0.7,0,0,,,,,,,,,
stage_out_local_condorpool_0_2_pegasus-plan_ID0000012,None,transfer,0,1677242655.0,,,1677242660.0,,,0.0,1677242660.0,1677242670.0,1677242661.0,1677242665.0,1839.0,1677242670.0,1677242675.0,5.0,,0.0,10.0,5.0,,,4.0,7425.0,poseidon,local,host-10-100-100-12.openstacklocal,pegasus::transfer,/home/poseidon/pegasus-5.1.0panorama/bin/pegasus-transfer,/home/poseidon/pegasus-5.1.0panorama/bin/../bin/pegasus-kickstart  -n pegasus::transfer -N null -i - -R local  -L xgboost_hp_tuning_group_0 -T 2023-02-24T12:40:29+00:00 /home/poseidon/pegasus-5.1.0panorama/bin/../bin/pegasus-transfer  --threads 2,1.0,0,0,,,,,,,,,
xgboost_best_params_ID0000024_pegasus-plan_ID0000012,None,compute,0,1677242660.0,,,1677242665.0,1677242936.0,1677242953.0,39704218.3,1677242978.0,1677243017.0,1677242959.0,1677242964.0,257.0,1677243017.0,1677243022.0,5.0,,313.0,39.0,5.0,17.0,368018661.0,5.0,1064.0,poseidon,condorpool,poseidon-worker-1-container-8-15,xgboost_best_params,/srv/xgboost_best_params,,0.0,0,0,,,,,,,,,
stage_out_local_condorpool_0_1_pegasus-plan_ID0000012,None,transfer,0,1677242660.0,,,1677242665.0,,,0.0,1677242666.0,1677242681.0,1677242667.0,1677242671.0,2107.0,1677242681.0,1677242686.0,5.0,,1.0,15.0,5.0,,,4.0,8505.0,poseidon,local,host-10-100-100-12.openstacklocal,pegasus::transfer,/home/poseidon/pegasus-5.1.0panorama/bin/pegasus-transfer,/home/poseidon/pegasus-5.1.0panorama/bin/../bin/pegasus-kickstart  -n pegasus::transfer -N null -i - -R local  -L xgboost_hp_tuning_group_0 -T 2023-02-24T12:40:29+00:00 /home/poseidon/pegasus-5.1.0panorama/bin/../bin/pegasus-transfer  --threads 2,1.1,0,0,,,,,,,,,
stage_out_local_condorpool_0_0_pegasus-plan_ID0000012,None,transfer,0,1677242660.0,,,1677242665.0,,,0.0,1677242666.0,1677242681.0,1677242667.0,1677242671.0,2097.0,1677242681.0,1677242686.0,5.0,,1.0,15.0,5.0,,,4.0,8462.0,poseidon,local,host-10-100-100-12.openstacklocal,pegasus::transfer,/home/poseidon/pegasus-5.1.0panorama/bin/pegasus-transfer,/home/poseidon/pegasus-5.1.0panorama/bin/../bin/pegasus-kickstart  -n pegasus::transfer -N null -i - -R local  -L xgboost_hp_tuning_group_0 -T 2023-02-24T12:40:29+00:00 /home/poseidon/pegasus-5.1.0panorama/bin/../bin/pegasus-transfer  --threads 2,1.1,0,0,,,,,,,,,
register_condorpool_1_0_pegasus-plan_ID0000016,None,auxiliary,0,1677242663.0,,,1677242668.0,,,0.0,1677242670.0,1677242673.0,,,0.0,1677242673.0,1677242678.0,5.0,,2.0,3.0,5.0,,,,,poseidon,local,host-10-100-100-12.openstacklocal,pegasus::rc-client,/home/poseidon/pegasus-5.1.0panorama/bin/pegasus-rc-client,-n pegasus::rc-client -N null -R local  -L xgboost_hp_tuning_group_1 -T 2023-02-24T12:40:24+00:00 /home/poseidon/pegasus-5.1.0panorama/bin/pegasus-rc-client --prefix pegasus.catalog.replica.output --conf /home/poseidon/workflows/predict-future-sales-workflow/submit/poseidon/pegasus/predict-future-sales/run0151/00/00/./xgboost_hp_tuning_group_1.000/pegasus.7798542155962252057.properties -v --meta /home/poseidon/workflows/predict-future-sales-workflow/submit/poseidon/pegasus/predict-future-sales/run0151/00/00/./xgboost_hp_tuning_group_1.000/00/00/xgboost_best_params_ID0000024.meta --insert /home/poseidon/workflows/predict-future-sales-workflow/submit/poseidon/pegasus/predict-future-sales/run0151/00/00/./xgboost_hp_tuning_group_1.000/00/00/register_condorpool_1_0.in,3.1,0,0,,,,,,,,,
register_condorpool_0_2_pegasus-plan_ID0000012,None,auxiliary,0,1677242675.0,,,1677242681.0,,,0.0,1677242681.0,1677242686.0,,,0.0,1677242686.0,1677242691.0,6.0,,0.0,5.0,5.0,,,,,poseidon,local,host-10-100-100-12.openstacklocal,pegasus::rc-client,/home/poseidon/pegasus-5.1.0panorama/bin/pegasus-rc-client,"-n pegasus::rc-client -N null -R local  -L xgboost_hp_tuning_group_0 -T 2023-02-24T12:40:29+00:00 /home/poseidon/pegasus-5.1.0panorama/bin/pegasus-rc-client --prefix pegasus.catalog.replica.output --conf /home/poseidon/workflows/predict-future-sales-workflow/submit/poseidon/pegasus/predict-future-sales/run0151/00/00/./xgboost_hp_tuning_group_0.000/pegasus.3762288355224938948.properties -v --meta /home/poseidon/workflows/predict-future-sales-workflow/submit/poseidon/pegasus/predict-future-sales/run0151/00/00/./xgboost_hp_tuning_group_0.000/00/00/xgboost_hp_tuning_ID0000017.meta,/home/poseidon/workflows/predict-future-sales-workflow/submit/poseidon/pegasus/predict-future-sales/run0151/00/00/./xgboost_hp_tuning_group_0.000/00/00/xgboost_hp_tuning_ID0000022.meta,/home/poseidon/workflows/predict-future-sales-workflow/submit/poseidon/pegasus/predict-future-sales/run0151/00/00/./xgboost_hp_tuning_group_0.000/00/00/xgboost_hp_tuning_ID0000007.meta,/home/poseidon/workflows/predict-future-sales-workflow/submit/poseidon/pegasus/predict-future-sales/run0151/00/00/./xgboost_hp_tuning_group_0.000/00/00/xgboost_hp_tuning_ID0000020.meta,/home/poseidon/workflows/predict-future-sales-workflow/submit/poseidon/pegasus/predict-future-sales/run0151/00/00/./xgboost_hp_tuning_group_0.000/00/00/xgboost_hp_tuning_ID0000001.meta,/home/poseidon/workflows/predict-future-sales-workflow/submit/poseidon/pegasus/predict-future-sales/run0151/00/00/./xgboost_hp_tuning_group_0.000/00/00/xgboost_hp_tuning_ID0000004.meta,/home/poseidon/workflows/predict-future-sales-workflow/submit/poseidon/pegasus/predict-future-sales/run0151/00/00/./xgboost_hp_tuning_group_0.000/00/00/xgboost_hp_tuning_ID0000014.meta --insert /home/poseidon/workflows/predict-future-sales-workflow/submit/poseidon/pegasus/predict-future-sales/run0151/00/00/./xgboost_hp_tuning_group_0.000/00/00/register_condorpool_0_2.in",3.1,0,0,,,,,,,,,
xgboost_model_ID0000017,None,compute,0,1677242682.0,,,1677242687.0,1677242909.0,1677242927.0,45771971.8,1677242952.0,1677242992.0,1677242937.0,1677242942.0,68212.0,1677242992.0,1677242997.0,5.0,,265.0,40.0,5.0,18.0,377645114.0,5.0,294161.0,poseidon,condorpool,poseidon-worker-3-container-40-47,xgboost_model,/srv/xgboost_model,,9.0,0,0,,,,,,,,,
register_condorpool_0_1_pegasus-plan_ID0000012,None,auxiliary,0,1677242686.0,,,1677242701.0,,,0.0,1677242701.0,1677242706.0,,,0.0,1677242706.0,1677242711.0,15.0,,0.0,5.0,5.0,,,,,poseidon,local,host-10-100-100-12.openstacklocal,pegasus::rc-client,/home/poseidon/pegasus-5.1.0panorama/bin/pegasus-rc-client,"-n pegasus::rc-client -N null -R local  -L xgboost_hp_tuning_group_0 -T 2023-02-24T12:40:29+00:00 /home/poseidon/pegasus-5.1.0panorama/bin/pegasus-rc-client --prefix pegasus.catalog.replica.output --conf /home/poseidon/workflows/predict-future-sales-workflow/submit/poseidon/pegasus/predict-future-sales/run0151/00/00/./xgboost_hp_tuning_group_0.000/pegasus.3762288355224938948.properties -v --meta /home/poseidon/workflows/predict-future-sales-workflow/submit/poseidon/pegasus/predict-future-sales/run0151/00/00/./xgboost_hp_tuning_group_0.000/00/00/xgboost_hp_tuning_ID0000013.meta,/home/poseidon/workflows/predict-future-sales-workflow/submit/poseidon/pegasus/predict-future-sales/run0151/00/00/./xgboost_hp_tuning_group_0.000/00/00/xgboost_hp_tuning_ID0000023.meta,/home/poseidon/workflows/predict-future-sales-workflow/submit/poseidon/pegasus/predict-future-sales/run0151/00/00/./xgboost_hp_tuning_group_0.000/00/00/xgboost_hp_tuning_ID0000011.meta,/home/poseidon/workflows/predict-future-sales-workflow/submit/poseidon/pegasus/predict-future-sales/run0151/00/00/./xgboost_hp_tuning_group_0.000/00/00/xgboost_hp_tuning_ID0000006.meta,/home/poseidon/workflows/predict-future-sales-workflow/submit/poseidon/pegasus/predict-future-sales/run0151/00/00/./xgboost_hp_tuning_group_0.000/00/00/xgboost_hp_tuning_ID0000003.meta,/home/poseidon/workflows/predict-future-sales-workflow/submit/poseidon/pegasus/predict-future-sales/run0151/00/00/./xgboost_hp_tuning_group_0.000/00/00/xgboost_hp_tuning_ID0000021.meta,/home/poseidon/workflows/predict-future-sales-workflow/submit/poseidon/pegasus/predict-future-sales/run0151/00/00/./xgboost_hp_tuning_group_0.000/00/00/xgboost_hp_tuning_ID0000019.meta,/home/poseidon/workflows/predict-future-sales-workflow/submit/poseidon/pegasus/predict-future-sales/run0151/00/00/./xgboost_hp_tuning_group_0.000/00/00/xgboost_hp_tuning_ID0000016.meta --insert /home/poseidon/workflows/predict-future-sales-workflow/submit/poseidon/pegasus/predict-future-sales/run0151/00/00/./xgboost_hp_tuning_group_0.000/00/00/register_condorpool_0_1.in",3.1,0,0,,,,,,,,,
register_condorpool_0_0_pegasus-plan_ID0000012,None,auxiliary,0,1677242686.0,,,1677242691.0,,,0.0,1677242692.0,1677242696.0,,,0.0,1677242696.0,1677242701.0,5.0,,1.0,4.0,5.0,,,,,poseidon,local,host-10-100-100-12.openstacklocal,pegasus::rc-client,/home/poseidon/pegasus-5.1.0panorama/bin/pegasus-rc-client,"-n pegasus::rc-client -N null -R local  -L xgboost_hp_tuning_group_0 -T 2023-02-24T12:40:29+00:00 /home/poseidon/pegasus-5.1.0panorama/bin/pegasus-rc-client --prefix pegasus.catalog.replica.output --conf /home/poseidon/workflows/predict-future-sales-workflow/submit/poseidon/pegasus/predict-future-sales/run0151/00/00/./xgboost_hp_tuning_group_0.000/pegasus.3762288355224938948.properties -v --meta /home/poseidon/workflows/predict-future-sales-workflow/submit/poseidon/pegasus/predict-future-sales/run0151/00/00/./xgboost_hp_tuning_group_0.000/00/00/xgboost_hp_tuning_ID0000018.meta,/home/poseidon/workflows/predict-future-sales-workflow/submit/poseidon/pegasus/predict-future-sales/run0151/00/00/./xgboost_hp_tuning_group_0.000/00/00/xgboost_hp_tuning_ID0000002.meta,/home/poseidon/workflows/predict-future-sales-workflow/submit/poseidon/pegasus/predict-future-sales/run0151/00/00/./xgboost_hp_tuning_group_0.000/00/00/xgboost_hp_tuning_ID0000005.meta,/home/poseidon/workflows/predict-future-sales-workflow/submit/poseidon/pegasus/predict-future-sales/run0151/00/00/./xgboost_hp_tuning_group_0.000/00/00/xgboost_hp_tuning_ID0000009.meta,/home/poseidon/workflows/predict-future-sales-workflow/submit/poseidon/pegasus/predict-future-sales/run0151/00/00/./xgboost_hp_tuning_group_0.000/00/00/xgboost_hp_tuning_ID0000015.meta,/home/poseidon/workflows/predict-future-sales-workflow/submit/poseidon/pegasus/predict-future-sales/run0151/00/00/./xgboost_hp_tuning_group_0.000/00/00/xgboost_hp_tuning_ID0000012.meta,/home/poseidon/workflows/predict-future-sales-workflow/submit/poseidon/pegasus/predict-future-sales/run0151/00/00/./xgboost_hp_tuning_group_0.000/00/00/xgboost_hp_tuning_ID0000010.meta,/home/poseidon/workflows/predict-future-sales-workflow/submit/poseidon/pegasus/predict-future-sales/run0151/00/00/./xgboost_hp_tuning_group_0.000/00/00/xgboost_hp_tuning_ID0000008.meta --insert /home/poseidon/workflows/predict-future-sales-workflow/submit/poseidon/pegasus/predict-future-sales/run0151/00/00/./xgboost_hp_tuning_group_0.000/00/00/register_condorpool_0_0.in",2.9,0,0,,,,,,,,,
model_predict_ID0000018,None,compute,0,1677242997.0,,,1677243002.0,1677242961.0,1677242978.0,44912739.0,1677243004.0,1677243042.0,1677242986.0,1677242990.0,6089.0,1677243042.0,1677243047.0,5.0,,2.0,38.0,5.0,17.0,368396150.0,4.0,25035.0,poseidon,condorpool,poseidon-worker-3-container-16-23,model_predict,/srv/model_predict,,2.7,0,0,,,,,,,,,
stage_out_local_condorpool_1_0_pegasus-plan_ID0000012,None,transfer,0,1677243022.0,,,1677243027.0,,,0.0,1677243027.0,1677243037.0,1677243027.0,1677243032.0,1223.0,1677243037.0,1677243042.0,5.0,,0.0,10.0,5.0,,,5.0,5320.0,poseidon,local,host-10-100-100-12.openstacklocal,pegasus::transfer,/home/poseidon/pegasus-5.1.0panorama/bin/pegasus-transfer,/home/poseidon/pegasus-5.1.0panorama/bin/../bin/pegasus-kickstart  -n pegasus::transfer -N null -i - -R local  -L xgboost_hp_tuning_group_0 -T 2023-02-24T12:40:29+00:00 /home/poseidon/pegasus-5.1.0panorama/bin/../bin/pegasus-transfer  --threads 2,0.7,0,0,,,,,,,,,
register_condorpool_1_0_pegasus-plan_ID0000012,None,auxiliary,0,1677243042.0,,,1677243047.0,,,0.0,1677243047.0,1677243052.0,,,0.0,1677243052.0,1677243057.0,5.0,,0.0,5.0,5.0,,,,,poseidon,local,host-10-100-100-12.openstacklocal,pegasus::rc-client,/home/poseidon/pegasus-5.1.0panorama/bin/pegasus-rc-client,-n pegasus::rc-client -N null -R local  -L xgboost_hp_tuning_group_0 -T 2023-02-24T12:40:29+00:00 /home/poseidon/pegasus-5.1.0panorama/bin/pegasus-rc-client --prefix pegasus.catalog.replica.output --conf /home/poseidon/workflows/predict-future-sales-workflow/submit/poseidon/pegasus/predict-future-sales/run0151/00/00/./xgboost_hp_tuning_group_0.000/pegasus.3762288355224938948.properties -v --meta /home/poseidon/workflows/predict-future-sales-workflow/submit/poseidon/pegasus/predict-future-sales/run0151/00/00/./xgboost_hp_tuning_group_0.000/00/00/xgboost_best_params_ID0000024.meta --insert /home/poseidon/workflows/predict-future-sales-workflow/submit/poseidon/pegasus/predict-future-sales/run0151/00/00/./xgboost_hp_tuning_group_0.000/00/00/register_condorpool_1_0.in,3.1,0,0,,,,,,,,,
xgboost_model_ID0000013,None,compute,0,1677243062.0,,,1677243067.0,1677243025.0,1677243043.0,51285517.3,1677243068.0,1677243117.0,1677243059.0,1677243063.0,289630.0,1677243117.0,1677243122.0,5.0,,1.0,49.0,5.0,18.0,502671194.0,4.0,1280120.0,poseidon,condorpool,poseidon-worker-1-container-24-31,xgboost_model,/srv/xgboost_model,,43.5,0,0,,,,,,,,,
model_predict_ID0000014,None,compute,0,1677243122.0,,,1677243127.0,1677243086.0,1677243102.0,45028708.5,1677243128.0,1677243167.0,1677243110.0,1677243115.0,105554.0,1677243167.0,1677243172.0,5.0,,1.0,39.0,5.0,16.0,371467401.0,5.0,451213.0,poseidon,condorpool,poseidon-worker-1-container-24-31,model_predict,/srv/model_predict,,2.6,0,0,,,,,,,,,
stage_out_local_condorpool_0_0_pegasus-plan_ID0000020,None,transfer,0,1677243350.0,,,1677243355.0,,,0.0,1677243355.0,1677243365.0,1677243356.0,1677243360.0,2097.0,1677243365.0,1677243370.0,5.0,,0.0,10.0,5.0,,,4.0,8463.0,poseidon,local,host-10-100-100-12.openstacklocal,pegasus::transfer,/home/poseidon/pegasus-5.1.0panorama/bin/pegasus-transfer,/home/poseidon/pegasus-5.1.0panorama/bin/../bin/pegasus-kickstart  -n pegasus::transfer -N null -i - -R local  -L xgboost_hp_tuning_group_2 -T 2023-02-24T12:40:29+00:00 /home/poseidon/pegasus-5.1.0panorama/bin/../bin/pegasus-transfer  --threads 2,1.1,0,0,,,,,,,,,
stage_out_local_condorpool_0_2_pegasus-plan_ID0000020,None,transfer,0,1677243355.0,,,1677243360.0,,,0.0,1677243361.0,1677243375.0,1677243362.0,1677243366.0,1841.0,1677243375.0,1677243380.0,5.0,,1.0,14.0,5.0,,,4.0,7430.0,poseidon,local,host-10-100-100-12.openstacklocal,pegasus::transfer,/home/poseidon/pegasus-5.1.0panorama/bin/pegasus-transfer,/home/poseidon/pegasus-5.1.0panorama/bin/../bin/pegasus-kickstart  -n pegasus::transfer -N null -i - -R local  -L xgboost_hp_tuning_group_2 -T 2023-02-24T12:40:29+00:00 /home/poseidon/pegasus-5.1.0panorama/bin/../bin/pegasus-transfer  --threads 2,1.0,0,0,,,,,,,,,
register_condorpool_0_0_pegasus-plan_ID0000020,None,auxiliary,0,1677243370.0,,,1677243375.0,,,0.0,1677243375.0,1677243380.0,,,0.0,1677243380.0,1677243385.0,5.0,,0.0,5.0,5.0,,,,,poseidon,local,host-10-100-100-12.openstacklocal,pegasus::rc-client,/home/poseidon/pegasus-5.1.0panorama/bin/pegasus-rc-client,"-n pegasus::rc-client -N null -R local  -L xgboost_hp_tuning_group_2 -T 2023-02-24T12:40:29+00:00 /home/poseidon/pegasus-5.1.0panorama/bin/pegasus-rc-client --prefix pegasus.catalog.replica.output --conf /home/poseidon/workflows/predict-future-sales-workflow/submit/poseidon/pegasus/predict-future-sales/run0151/00/00/./xgboost_hp_tuning_group_2.000/pegasus.16606447601051619053.properties -v --meta /home/poseidon/workflows/predict-future-sales-workflow/submit/poseidon/pegasus/predict-future-sales/run0151/00/00/./xgboost_hp_tuning_group_2.000/00/00/xgboost_hp_tuning_ID0000018.meta,/home/poseidon/workflows/predict-future-sales-workflow/submit/poseidon/pegasus/predict-future-sales/run0151/00/00/./xgboost_hp_tuning_group_2.000/00/00/xgboost_hp_tuning_ID0000002.meta,/home/poseidon/workflows/predict-future-sales-workflow/submit/poseidon/pegasus/predict-future-sales/run0151/00/00/./xgboost_hp_tuning_group_2.000/00/00/xgboost_hp_tuning_ID0000005.meta,/home/poseidon/workflows/predict-future-sales-workflow/submit/poseidon/pegasus/predict-future-sales/run0151/00/00/./xgboost_hp_tuning_group_2.000/00/00/xgboost_hp_tuning_ID0000009.meta,/home/poseidon/workflows/predict-future-sales-workflow/submit/poseidon/pegasus/predict-future-sales/run0151/00/00/./xgboost_hp_tuning_group_2.000/00/00/xgboost_hp_tuning_ID0000015.meta,/home/poseidon/workflows/predict-future-sales-workflow/submit/poseidon/pegasus/predict-future-sales/run0151/00/00/./xgboost_hp_tuning_group_2.000/00/00/xgboost_hp_tuning_ID0000012.meta,/home/poseidon/workflows/predict-future-sales-workflow/submit/poseidon/pegasus/predict-future-sales/run0151/00/00/./xgboost_hp_tuning_group_2.000/00/00/xgboost_hp_tuning_ID0000010.meta,/home/poseidon/workflows/predict-future-sales-workflow/submit/poseidon/pegasus/predict-future-sales/run0151/00/00/./xgboost_hp_tuning_group_2.000/00/00/xgboost_hp_tuning_ID0000008.meta --insert /home/poseidon/workflows/predict-future-sales-workflow/submit/poseidon/pegasus/predict-future-sales/run0151/00/00/./xgboost_hp_tuning_group_2.000/00/00/register_condorpool_0_0.in",3.0,0,0,,,,,,,,,
register_condorpool_0_2_pegasus-plan_ID0000020,None,auxiliary,0,1677243380.0,,,1677243385.0,,,0.0,1677243385.0,1677243390.0,,,0.0,1677243390.0,1677243395.0,5.0,,0.0,5.0,5.0,,,,,poseidon,local,host-10-100-100-12.openstacklocal,pegasus::rc-client,/home/poseidon/pegasus-5.1.0panorama/bin/pegasus-rc-client,"-n pegasus::rc-client -N null -R local  -L xgboost_hp_tuning_group_2 -T 2023-02-24T12:40:29+00:00 /home/poseidon/pegasus-5.1.0panorama/bin/pegasus-rc-client --prefix pegasus.catalog.replica.output --conf /home/poseidon/workflows/predict-future-sales-workflow/submit/poseidon/pegasus/predict-future-sales/run0151/00/00/./xgboost_hp_tuning_group_2.000/pegasus.16606447601051619053.properties -v --meta /home/poseidon/workflows/predict-future-sales-workflow/submit/poseidon/pegasus/predict-future-sales/run0151/00/00/./xgboost_hp_tuning_group_2.000/00/00/xgboost_hp_tuning_ID0000017.meta,/home/poseidon/workflows/predict-future-sales-workflow/submit/poseidon/pegasus/predict-future-sales/run0151/00/00/./xgboost_hp_tuning_group_2.000/00/00/xgboost_hp_tuning_ID0000022.meta,/home/poseidon/workflows/predict-future-sales-workflow/submit/poseidon/pegasus/predict-future-sales/run0151/00/00/./xgboost_hp_tuning_group_2.000/00/00/xgboost_hp_tuning_ID0000007.meta,/home/poseidon/workflows/predict-future-sales-workflow/submit/poseidon/pegasus/predict-future-sales/run0151/00/00/./xgboost_hp_tuning_group_2.000/00/00/xgboost_hp_tuning_ID0000020.meta,/home/poseidon/workflows/predict-future-sales-workflow/submit/poseidon/pegasus/predict-future-sales/run0151/00/00/./xgboost_hp_tuning_group_2.000/00/00/xgboost_hp_tuning_ID0000001.meta,/home/poseidon/workflows/predict-future-sales-workflow/submit/poseidon/pegasus/predict-future-sales/run0151/00/00/./xgboost_hp_tuning_group_2.000/00/00/xgboost_hp_tuning_ID0000004.meta,/home/poseidon/workflows/predict-future-sales-workflow/submit/poseidon/pegasus/predict-future-sales/run0151/00/00/./xgboost_hp_tuning_group_2.000/00/00/xgboost_hp_tuning_ID0000014.meta --insert /home/poseidon/workflows/predict-future-sales-workflow/submit/poseidon/pegasus/predict-future-sales/run0151/00/00/./xgboost_hp_tuning_group_2.000/00/00/register_condorpool_0_2.in",3.0,0,0,,,,,,,,,
xgboost_best_params_ID0000024_pegasus-plan_ID0000020,None,compute,0,1677243445.0,,,1677243450.0,1677243409.0,1677243426.0,39745410.7,1677243452.0,1677243490.0,1677243432.0,1677243436.0,258.0,1677243490.0,1677243495.0,5.0,,2.0,38.0,5.0,17.0,368018666.0,4.0,1059.0,poseidon,condorpool,poseidon-worker-1-container-40-47,xgboost_best_params,/srv/xgboost_best_params,,0.0,0,0,,,,,,,,,
stage_out_local_condorpool_0_1_pegasus-plan_ID0000020,None,transfer,0,1677243445.0,,,1677243450.0,,,0.0,1677243451.0,1677243460.0,1677243451.0,1677243455.0,2108.0,1677243460.0,1677243465.0,5.0,,1.0,9.0,5.0,,,4.0,8504.0,poseidon,local,host-10-100-100-12.openstacklocal,pegasus::transfer,/home/poseidon/pegasus-5.1.0panorama/bin/pegasus-transfer,/home/poseidon/pegasus-5.1.0panorama/bin/../bin/pegasus-kickstart  -n pegasus::transfer -N null -i - -R local  -L xgboost_hp_tuning_group_2 -T 2023-02-24T12:40:29+00:00 /home/poseidon/pegasus-5.1.0panorama/bin/../bin/pegasus-transfer  --threads 2,1.0,0,0,,,,,,,,,
register_condorpool_0_1_pegasus-plan_ID0000020,None,auxiliary,0,1677243465.0,,,1677243470.0,,,0.0,1677243470.0,1677243475.0,,,0.0,1677243475.0,1677243480.0,5.0,,0.0,5.0,5.0,,,,,poseidon,local,host-10-100-100-12.openstacklocal,pegasus::rc-client,/home/poseidon/pegasus-5.1.0panorama/bin/pegasus-rc-client,"-n pegasus::rc-client -N null -R local  -L xgboost_hp_tuning_group_2 -T 2023-02-24T12:40:29+00:00 /home/poseidon/pegasus-5.1.0panorama/bin/pegasus-rc-client --prefix pegasus.catalog.replica.output --conf /home/poseidon/workflows/predict-future-sales-workflow/submit/poseidon/pegasus/predict-future-sales/run0151/00/00/./xgboost_hp_tuning_group_2.000/pegasus.16606447601051619053.properties -v --meta /home/poseidon/workflows/predict-future-sales-workflow/submit/poseidon/pegasus/predict-future-sales/run0151/00/00/./xgboost_hp_tuning_group_2.000/00/00/xgboost_hp_tuning_ID0000013.meta,/home/poseidon/workflows/predict-future-sales-workflow/submit/poseidon/pegasus/predict-future-sales/run0151/00/00/./xgboost_hp_tuning_group_2.000/00/00/xgboost_hp_tuning_ID0000023.meta,/home/poseidon/workflows/predict-future-sales-workflow/submit/poseidon/pegasus/predict-future-sales/run0151/00/00/./xgboost_hp_tuning_group_2.000/00/00/xgboost_hp_tuning_ID0000011.meta,/home/poseidon/workflows/predict-future-sales-workflow/submit/poseidon/pegasus/predict-future-sales/run0151/00/00/./xgboost_hp_tuning_group_2.000/00/00/xgboost_hp_tuning_ID0000006.meta,/home/poseidon/workflows/predict-future-sales-workflow/submit/poseidon/pegasus/predict-future-sales/run0151/00/00/./xgboost_hp_tuning_group_2.000/00/00/xgboost_hp_tuning_ID0000003.meta,/home/poseidon/workflows/predict-future-sales-workflow/submit/poseidon/pegasus/predict-future-sales/run0151/00/00/./xgboost_hp_tuning_group_2.000/00/00/xgboost_hp_tuning_ID0000021.meta,/home/poseidon/workflows/predict-future-sales-workflow/submit/poseidon/pegasus/predict-future-sales/run0151/00/00/./xgboost_hp_tuning_group_2.000/00/00/xgboost_hp_tuning_ID0000019.meta,/home/poseidon/workflows/predict-future-sales-workflow/submit/poseidon/pegasus/predict-future-sales/run0151/00/00/./xgboost_hp_tuning_group_2.000/00/00/xgboost_hp_tuning_ID0000016.meta --insert /home/poseidon/workflows/predict-future-sales-workflow/submit/poseidon/pegasus/predict-future-sales/run0151/00/00/./xgboost_hp_tuning_group_2.000/00/00/register_condorpool_0_1.in",3.1,0,0,,,,,,,,,
stage_out_local_condorpool_1_0_pegasus-plan_ID0000020,None,transfer,0,1677243495.0,,,1677243500.0,,,0.0,1677243500.0,1677243510.0,1677243501.0,1677243505.0,1242.0,1677243510.0,1677243515.0,5.0,,0.0,10.0,5.0,,,4.0,5295.0,poseidon,local,host-10-100-100-12.openstacklocal,pegasus::transfer,/home/poseidon/pegasus-5.1.0panorama/bin/pegasus-transfer,/home/poseidon/pegasus-5.1.0panorama/bin/../bin/pegasus-kickstart  -n pegasus::transfer -N null -i - -R local  -L xgboost_hp_tuning_group_2 -T 2023-02-24T12:40:29+00:00 /home/poseidon/pegasus-5.1.0panorama/bin/../bin/pegasus-transfer  --threads 2,0.7,0,0,,,,,,,,,
register_condorpool_1_0_pegasus-plan_ID0000020,None,auxiliary,0,1677243515.0,,,1677243520.0,,,0.0,1677243520.0,1677243525.0,,,0.0,1677243525.0,1677243530.0,5.0,,0.0,5.0,5.0,,,,,poseidon,local,host-10-100-100-12.openstacklocal,pegasus::rc-client,/home/poseidon/pegasus-5.1.0panorama/bin/pegasus-rc-client,-n pegasus::rc-client -N null -R local  -L xgboost_hp_tuning_group_2 -T 2023-02-24T12:40:29+00:00 /home/poseidon/pegasus-5.1.0panorama/bin/pegasus-rc-client --prefix pegasus.catalog.replica.output --conf /home/poseidon/workflows/predict-future-sales-workflow/submit/poseidon/pegasus/predict-future-sales/run0151/00/00/./xgboost_hp_tuning_group_2.000/pegasus.16606447601051619053.properties -v --meta /home/poseidon/workflows/predict-future-sales-workflow/submit/poseidon/pegasus/predict-future-sales/run0151/00/00/./xgboost_hp_tuning_group_2.000/00/00/xgboost_best_params_ID0000024.meta --insert /home/poseidon/workflows/predict-future-sales-workflow/submit/poseidon/pegasus/predict-future-sales/run0151/00/00/./xgboost_hp_tuning_group_2.000/00/00/register_condorpool_1_0.in,2.8,0,0,,,,,,,,,
xgboost_model_ID0000021,None,compute,0,1677243533.0,,,1677243538.0,1677243498.0,1677243528.0,75073160.6,1677243541.0,1677243698.0,1677243643.0,1677243647.0,1601535.0,1677243698.0,1677243703.0,5.0,,3.0,157.0,5.0,30.0,1691152080.0,4.0,7141018.0,poseidon,condorpool,poseidon-worker-1-container-16-23,xgboost_model,/srv/xgboost_model,,641.6,0,0,0.1,1348831044.0,24449.0,5328.0,8.0,594.4,12.1,13488310.4,2444.9
stage_out_local_local_5_0,None,transfer,0,1677243533.0,,,1677243538.0,,,0.0,1677243538.0,1677243548.0,1677243538.0,1677243542.0,786.0,1677243548.0,1677243553.0,5.0,,0.0,10.0,5.0,,,4.0,3170.0,poseidon,local,host-10-100-100-12.openstacklocal,pegasus::transfer,/home/poseidon/pegasus-5.1.0panorama/bin/pegasus-transfer,pegasus-kickstart  -n pegasus::transfer -N null -i - -R local  -L predict-future-sales -T 2023-02-17T19:59:06+00:00 pegasus-transfer  --threads 2,0.3,0,0,,,,,,,,,
cleanup_predict-future-sales_0_local,None,auxiliary,0,1677243553.0,,,1677243558.0,,,0.0,1677243558.0,1677243568.0,,,0.0,1677243568.0,1677243573.0,5.0,,0.0,10.0,5.0,,,,,poseidon,local,host-10-100-100-12.openstacklocal,pegasus::cleanup,/home/poseidon/pegasus-5.1.0panorama/bin/pegasus-transfer,pegasus-kickstart  -n pegasus::cleanup -N null -i - -R local  -L predict-future-sales -T 2023-02-17T19:59:06+00:00 pegasus-transfer,0.3,0,0,,,,,,,,,
stage_out_local_condorpool_6_0,None,transfer,0,1677243703.0,,,1677243708.0,,,0.0,1677243708.0,1677243718.0,1677243709.0,1677243713.0,2159269.0,1677243718.0,1677243723.0,5.0,,0.0,10.0,5.0,,,4.0,8715299.0,poseidon,local,host-10-100-100-12.openstacklocal,pegasus::transfer,/home/poseidon/pegasus-5.1.0panorama/bin/pegasus-transfer,pegasus-kickstart  -n pegasus::transfer -N null -i - -R local  -L predict-future-sales -T 2023-02-17T19:59:06+00:00 pegasus-transfer  --threads 2,0.9,0,0,,,,,,,,,
model_predict_ID0000022,None,compute,0,1677243703.0,,,1677243708.0,1677243667.0,1677243685.0,43467533.0,1677243710.0,1677243753.0,1677243693.0,1677243698.0,1253184.0,1677243753.0,1677243758.0,5.0,,2.0,43.0,5.0,18.0,402145704.0,5.0,5523764.0,poseidon,condorpool,poseidon-worker-1-container-16-23,model_predict,/srv/model_predict,,3.6,0,0,,,,,,,,,
predict_merge_ID0000023,None,compute,0,1677243758.0,,,1677243763.0,1677243721.0,1677243740.0,40767033.3,1677243764.0,1677243803.0,1677243747.0,1677243751.0,862379.0,1677243803.0,1677243808.0,5.0,,1.0,39.0,5.0,19.0,377176763.0,4.0,3744646.0,poseidon,condorpool,poseidon-worker-1-container-16-23,predict_merge,/srv/predict_merge,,1.4,0,0,,,,,,,,,
stage_out_local_condorpool_7_0,None,transfer,0,1677243758.0,,,1677243763.0,,,0.0,1677243763.0,1677243773.0,1677243763.0,1677243767.0,1487645.0,1677243773.0,1677243778.0,5.0,,0.0,10.0,5.0,,,4.0,6000012.0,poseidon,local,host-10-100-100-12.openstacklocal,pegasus::transfer,/home/poseidon/pegasus-5.1.0panorama/bin/pegasus-transfer,pegasus-kickstart  -n pegasus::transfer -N null -i - -R local  -L predict-future-sales -T 2023-02-17T19:59:06+00:00 pegasus-transfer  --threads 2,0.6,0,0,,,,,,,,,
stage_out_local_condorpool_8_0,None,transfer,0,1677243808.0,,,1677243813.0,,,0.0,1677243813.0,1677243823.0,1677243814.0,1677243816.0,1730987.0,1677243823.0,1677243828.0,5.0,,0.0,10.0,5.0,,,2.0,3744646.0,poseidon,local,host-10-100-100-12.openstacklocal,pegasus::transfer,/home/poseidon/pegasus-5.1.0panorama/bin/pegasus-transfer,pegasus-kickstart  -n pegasus::transfer -N null -i - -R local  -L predict-future-sales -T 2023-02-17T19:59:06+00:00 pegasus-transfer  --threads 2,0.4,0,0,,,,,,,,,
cleanup_predict-future-sales_0_condorpool,None,auxiliary,0,1677243828.0,,,1677243833.0,,,0.0,1677243833.0,1677243843.0,,,0.0,1677243843.0,1677243848.0,5.0,,0.0,10.0,5.0,,,,,poseidon,local,host-10-100-100-12.openstacklocal,pegasus::cleanup,/home/poseidon/pegasus-5.1.0panorama/bin/pegasus-transfer,pegasus-kickstart  -n pegasus::cleanup -N null -i - -R local  -L predict-future-sales -T 2023-02-17T19:59:06+00:00 pegasus-transfer,0.3,0,0,,,,,,,,,
