,anomaly_type,type,is_clustered,ready,pre_script_start,pre_script_end,submit,stage_in_start,stage_in_end,stage_in_effective_bytes_per_sec,execute_start,execute_end,stage_out_start,stage_out_end,stage_out_effective_bytes_per_sec,post_script_start,post_script_end,wms_delay,pre_script_delay,queue_delay,runtime,post_script_delay,stage_in_delay,stage_in_bytes,stage_out_delay,stage_out_bytes,kickstart_user,kickstart_site,kickstart_hostname,kickstart_transformations,kickstart_executables,kickstart_executables_argv,kickstart_executables_cpu_time,kickstart_status,kickstart_executables_exitcode,kickstart_online_iowait,kickstart_online_bytes_read,kickstart_online_bytes_written,kickstart_online_read_system_calls,kickstart_online_write_system_calls,kickstart_online_utime,kickstart_online_stime,kickstart_online_bytes_read_per_second,kickstart_online_bytes_written_per_second
create_dir_predict-future-sales_0_local,None,auxiliary,0,1676980115.0,,,1676980116.0,,,0.0,1676980122.0,1676980132.0,,,0.0,1676980132.0,1676980137.0,1.0,,6.0,10.0,5.0,,,,,poseidon,local,host-10-100-100-12.openstacklocal,pegasus::dirmanager,/home/poseidon/pegasus-5.1.0panorama/bin/pegasus-transfer,pegasus-kickstart  -n pegasus::dirmanager -N null -i - -R local  -L predict-future-sales -T 2023-02-17T19:59:06+00:00 pegasus-transfer,0.3,0,0,,,,,,,,,
create_dir_predict-future-sales_0_condorpool,None,auxiliary,0,1676980115.0,,,1676980116.0,,,0.0,1676980122.0,1676980132.0,,,0.0,1676980132.0,1676980137.0,1.0,,6.0,10.0,5.0,,,,,poseidon,local,host-10-100-100-12.openstacklocal,pegasus::dirmanager,/home/poseidon/pegasus-5.1.0panorama/bin/pegasus-transfer,pegasus-kickstart  -n pegasus::dirmanager -N null -i - -R local  -L predict-future-sales -T 2023-02-17T19:59:06+00:00 pegasus-transfer,0.3,0,0,,,,,,,,,
stage_in_local_condorpool_6_0,None,transfer,0,1676980137.0,,,1676980142.0,1676980142.0,1676980146.0,2305.0,1676980142.0,1676980152.0,,,0.0,1676980152.0,1676980157.0,5.0,,0.0,10.0,5.0,4.0,7870.0,,,poseidon,local,host-10-100-100-12.openstacklocal,pegasus::transfer,/home/poseidon/pegasus-5.1.0panorama/bin/pegasus-transfer,pegasus-kickstart  -n pegasus::transfer -N null -i - -R local  -L predict-future-sales -T 2023-02-17T19:59:06+00:00 pegasus-transfer  --threads 2,0.5,0,0,,,,,,,,,
stage_in_local_condorpool_0_0,None,transfer,0,1676980137.0,,,1676980142.0,1676980142.0,1676980152.0,95779842.0,1676980142.0,1676980162.0,,,0.0,1676980162.0,1676980167.0,5.0,,0.0,20.0,5.0,10.0,936801734.0,,,poseidon,local,host-10-100-100-12.openstacklocal,pegasus::transfer,/home/poseidon/pegasus-5.1.0panorama/bin/pegasus-transfer,pegasus-kickstart  -n pegasus::transfer -N null -i - -R local  -L predict-future-sales -T 2023-02-17T19:59:06+00:00 pegasus-transfer  --threads 2,5.7,0,0,,,,,,,,,
stage_in_local_condorpool_1_0,None,transfer,0,1676980137.0,,,1676980142.0,1676980142.0,1676980147.0,3726.0,1676980142.0,1676980152.0,,,0.0,1676980152.0,1676980157.0,5.0,,0.0,10.0,5.0,5.0,15640.0,,,poseidon,local,host-10-100-100-12.openstacklocal,pegasus::transfer,/home/poseidon/pegasus-5.1.0panorama/bin/pegasus-transfer,pegasus-kickstart  -n pegasus::transfer -N null -i - -R local  -L predict-future-sales -T 2023-02-17T19:59:06+00:00 pegasus-transfer  --threads 2,0.6,0,0,,,,,,,,,
stage_in_local_condorpool_7_0,None,transfer,0,1676980137.0,,,1676980142.0,1676980142.0,1676980146.0,1024.0,1676980142.0,1676980152.0,,,0.0,1676980152.0,1676980157.0,5.0,,0.0,10.0,5.0,4.0,3488.0,,,poseidon,local,host-10-100-100-12.openstacklocal,pegasus::transfer,/home/poseidon/pegasus-5.1.0panorama/bin/pegasus-transfer,pegasus-kickstart  -n pegasus::transfer -N null -i - -R local  -L predict-future-sales -T 2023-02-17T19:59:06+00:00 pegasus-transfer  --threads 2,0.5,0,0,,,,,,,,,
stage_in_local_condorpool_3_0,None,transfer,0,1676980137.0,,,1676980142.0,1676980142.0,1676980147.0,2971.0,1676980142.0,1676980152.0,,,0.0,1676980152.0,1676980157.0,5.0,,0.0,10.0,5.0,5.0,12704.0,,,poseidon,local,host-10-100-100-12.openstacklocal,pegasus::transfer,/home/poseidon/pegasus-5.1.0panorama/bin/pegasus-transfer,pegasus-kickstart  -n pegasus::transfer -N null -i - -R local  -L predict-future-sales -T 2023-02-17T19:59:06+00:00 pegasus-transfer  --threads 2,0.6,0,0,,,,,,,,,
stage_in_local_condorpool_8_0,None,transfer,0,1676980137.0,,,1676980142.0,1676980142.0,1676980146.0,668.0,1676980142.0,1676980152.0,,,0.0,1676980152.0,1676980157.0,5.0,,0.0,10.0,5.0,4.0,2368.0,,,poseidon,local,host-10-100-100-12.openstacklocal,pegasus::transfer,/home/poseidon/pegasus-5.1.0panorama/bin/pegasus-transfer,pegasus-kickstart  -n pegasus::transfer -N null -i - -R local  -L predict-future-sales -T 2023-02-17T19:59:06+00:00 pegasus-transfer  --threads 2,0.5,0,0,,,,,,,,,
stage_in_local_local_4_0,None,transfer,0,1676980137.0,,,1676980142.0,1676980142.0,1676980144.0,5835.0,1676980142.0,1676980152.0,,,0.0,1676980152.0,1676980157.0,5.0,,0.0,10.0,5.0,2.0,12577.0,,,poseidon,local,host-10-100-100-12.openstacklocal,pegasus::transfer,/home/poseidon/pegasus-5.1.0panorama/bin/pegasus-transfer,pegasus-kickstart  -n pegasus::transfer -N null -i - -R local  -L predict-future-sales -T 2023-02-17T19:59:06+00:00 pegasus-transfer  --threads 2,0.4,0,0,,,,,,,,,
stage_in_local_condorpool_2_0,None,transfer,0,1676980137.0,,,1676980142.0,1676980142.0,1676980148.0,9687.0,1676980142.0,1676980157.0,,,0.0,1676980157.0,1676980162.0,5.0,,0.0,15.0,5.0,6.0,55480.0,,,poseidon,local,host-10-100-100-12.openstacklocal,pegasus::transfer,/home/poseidon/pegasus-5.1.0panorama/bin/pegasus-transfer,pegasus-kickstart  -n pegasus::transfer -N null -i - -R local  -L predict-future-sales -T 2023-02-17T19:59:06+00:00 pegasus-transfer  --threads 2,1.1,0,0,,,,,,,,,
preprocess_ID0000003,cpu_2,compute,0,1676980167.0,,,1676980172.0,1676980138.0,1676980155.0,45677506.8,1676980177.0,1676980223.0,1676980167.0,1676980174.0,23317249.0,1676980223.0,1676980228.0,5.0,,5.0,46.0,5.0,17.0,467356066.0,7.0,160257914.0,poseidon,condorpool,poseidon-worker-3-container-16-23,preprocess,/srv/preprocess,,4.6,0,0,,,,,,,,,
nlp_ID0000002,cpu_2,compute,0,1676980167.0,,,1676980172.0,1676980138.0,1676980154.0,44976277.2,1676980177.0,1676980468.0,1676980414.0,1676980419.0,606334.0,1676980468.0,1676980473.0,5.0,,5.0,291.0,5.0,16.0,369033604.0,5.0,2755872.0,poseidon,condorpool,poseidon-worker-3-container-0-7,nlp,/srv/nlp,,1083.4,0,0,0.0,21406284.0,8791.0,3088.0,5.0,1065.5,3.8,85625.1,879.1
eda_ID0000001,cpu_2,compute,0,1676980167.0,,,1676980172.0,1676980138.0,1676980155.0,48221093.7,1676980177.0,1676980248.0,1676980196.0,1676980200.0,276670.0,1676980248.0,1676980253.0,5.0,,5.0,71.0,5.0,17.0,464177772.0,4.0,1195935.0,poseidon,condorpool,poseidon-worker-2-container-24-31,eda,/srv/eda,,33.7,0,0,0.1,144954852.0,849351.0,27583.0,40.0,28.1,1.8,4831828.4,28311.7
feature_eng_0_ID0000004,cpu_2,compute,0,1676980228.0,,,1676980233.0,1676980195.0,1676980214.0,39907419.2,1676980234.0,1676980278.0,1676980225.0,1676980230.0,203341.0,1676980278.0,1676980283.0,5.0,,1.0,44.0,5.0,19.0,369949088.0,5.0,893320.0,poseidon,condorpool,poseidon-worker-3-container-16-23,feature_eng_0,/srv/feature_eng_0,,5.4,0,0,,,,,,,,,
feature_eng_1_ID0000005,cpu_2,compute,0,1676980228.0,,,1676980233.0,1676980196.0,1676980218.0,39506126.7,1676980235.0,1676980303.0,1676980242.0,1676980252.0,38937855.0,1676980303.0,1676980308.0,5.0,,2.0,68.0,5.0,22.0,528250191.0,10.0,393324463.0,poseidon,condorpool,poseidon-worker-3-container-16-23,feature_eng_1,/srv/feature_eng_1,,16.3,0,0,0.0,169638518.0,8.0,1787.0,1.0,8.0,2.0,16963851.8,0.8
feature_eng_4_ID0000008,cpu_2,compute,0,1676980308.0,,,1676980313.0,1676980276.0,1676980297.0,59703333.0,1676980315.0,1676980428.0,1676980358.0,1676980381.0,54089482.0,1676980428.0,1676980433.0,5.0,,2.0,113.0,5.0,21.0,761328752.0,23.0,1201824259.0,poseidon,condorpool,poseidon-worker-2-container-24-31,feature_eng_4,/srv/feature_eng_4,,48.8,0,0,0.0,402706783.0,8.0,1322.0,1.0,28.0,11.9,10067669.6,0.8
feature_eng_3_ID0000007,cpu_2,compute,0,1676980308.0,,,1676980313.0,1676980277.0,1676980307.0,34106255.1,1676980316.0,1676980498.0,1676980429.0,1676980451.0,53969216.0,1676980498.0,1676980503.0,5.0,,3.0,182.0,5.0,30.0,762217561.0,22.0,1179971921.0,poseidon,condorpool,poseidon-worker-3-container-16-23,feature_eng_3,/srv/feature_eng_3,,109.8,0,0,0.0,403677128.0,8.0,1550.0,1.0,69.4,30.6,4036771.3,0.8
feature_eng_2_ID0000006,cpu_2,compute,0,1676980308.0,,,1676980313.0,1676980277.0,1676980307.0,34161570.0,1676980316.0,1676980689.0,1676980607.0,1676980637.0,57804358.0,1676980689.0,1676980694.0,5.0,,3.0,373.0,5.0,30.0,761320658.0,30.0,1748107178.0,poseidon,condorpool,poseidon-worker-3-container-16-23,feature_eng_2,/srv/feature_eng_2,,285.4,0,0,0.0,402844642.0,8.0,1808.0,1.0,213.2,66.8,1438730.9,0.8
feature_eng_5_ID0000009,cpu_2,compute,0,1676980308.0,,,1676980313.0,1676980276.0,1676980305.0,41427336.0,1676980315.0,1676980598.0,1676980537.0,1676980551.0,46914680.0,1676980598.0,1676980603.0,5.0,,2.0,283.0,5.0,29.0,856820455.0,14.0,655540227.0,poseidon,condorpool,poseidon-worker-3-container-16-23,feature_eng_5,/srv/feature_eng_5,,221.9,0,0,0.0,498324796.0,8.0,2093.0,1.0,199.3,20.7,2265112.7,0.8
stage_out_local_condorpool_1_0,None,transfer,0,1676980308.0,,,1676980313.0,,,0.0,1676980314.0,1676980323.0,1676980314.0,1676980318.0,93483268.0,1676980323.0,1676980328.0,5.0,,1.0,9.0,5.0,,,4.0,394217783.0,poseidon,local,host-10-100-100-12.openstacklocal,pegasus::transfer,/home/poseidon/pegasus-5.1.0panorama/bin/pegasus-transfer,pegasus-kickstart  -n pegasus::transfer -N null -i - -R local  -L predict-future-sales -T 2023-02-17T19:59:06+00:00 pegasus-transfer  --threads 2,2.2,0,0,,,,,,,,,
register_condorpool_1_0,None,auxiliary,0,1676980328.0,,,1676980333.0,,,0.0,1676980333.0,1676980338.0,,,0.0,1676980338.0,1676980343.0,5.0,,0.0,5.0,5.0,,,,,poseidon,local,host-10-100-100-12.openstacklocal,pegasus::rc-client,/home/poseidon/pegasus-5.1.0panorama/bin/pegasus-rc-client,"pegasus-kickstart  -n pegasus::rc-client -N null -R local  -L predict-future-sales -T 2023-02-17T19:59:06+00:00 /home/poseidon/pegasus-5.1.0panorama/bin/pegasus-rc-client --prefix pegasus.catalog.replica.output --conf /home/poseidon/workflows/predict-future-sales-workflow/submit/poseidon/pegasus/predict-future-sales/run0058/pegasus.1454441880104309829.properties -v --meta /home/poseidon/workflows/predict-future-sales-workflow/submit/poseidon/pegasus/predict-future-sales/run0058/00/00/feature_eng_1_ID0000005.meta,/home/poseidon/workflows/predict-future-sales-workflow/submit/poseidon/pegasus/predict-future-sales/run0058/00/00/feature_eng_0_ID0000004.meta --insert /home/poseidon/workflows/predict-future-sales-workflow/submit/poseidon/pegasus/predict-future-sales/run0058/00/00/register_condorpool_1_0.in",2.9,0,0,,,,,,,,,
stage_out_local_condorpool_0_0,None,transfer,0,1676980473.0,,,1676980478.0,,,0.0,1676980479.0,1676980488.0,1676980479.0,1676980483.0,40407157.0,1676980488.0,1676980493.0,5.0,,1.0,9.0,5.0,,,4.0,164209721.0,poseidon,local,host-10-100-100-12.openstacklocal,pegasus::transfer,/home/poseidon/pegasus-5.1.0panorama/bin/pegasus-transfer,pegasus-kickstart  -n pegasus::transfer -N null -i - -R local  -L predict-future-sales -T 2023-02-17T19:59:06+00:00 pegasus-transfer  --threads 2,2.1,0,0,,,,,,,,,
register_condorpool_0_0,None,auxiliary,0,1676980493.0,,,1676980498.0,,,0.0,1676980498.0,1676980503.0,,,0.0,1676980503.0,1676980508.0,5.0,,0.0,5.0,5.0,,,,,poseidon,local,host-10-100-100-12.openstacklocal,pegasus::rc-client,/home/poseidon/pegasus-5.1.0panorama/bin/pegasus-rc-client,"pegasus-kickstart  -n pegasus::rc-client -N null -R local  -L predict-future-sales -T 2023-02-17T19:59:06+00:00 /home/poseidon/pegasus-5.1.0panorama/bin/pegasus-rc-client --prefix pegasus.catalog.replica.output --conf /home/poseidon/workflows/predict-future-sales-workflow/submit/poseidon/pegasus/predict-future-sales/run0058/pegasus.1454441880104309829.properties -v --meta /home/poseidon/workflows/predict-future-sales-workflow/submit/poseidon/pegasus/predict-future-sales/run0058/00/00/nlp_ID0000002.meta,/home/poseidon/workflows/predict-future-sales-workflow/submit/poseidon/pegasus/predict-future-sales/run0058/00/00/eda_ID0000001.meta,/home/poseidon/workflows/predict-future-sales-workflow/submit/poseidon/pegasus/predict-future-sales/run0058/00/00/preprocess_ID0000003.meta --insert /home/poseidon/workflows/predict-future-sales-workflow/submit/poseidon/pegasus/predict-future-sales/run0058/00/00/register_condorpool_0_0.in",3.0,0,0,,,,,,,,,
stage_out_local_condorpool_2_0,None,transfer,0,1676980694.0,,,1676980699.0,,,0.0,1676980699.0,1676980724.0,1676980699.0,1676980718.0,252419952.0,1676980724.0,1676980729.0,5.0,,0.0,25.0,5.0,,,19.0,4785443585.0,poseidon,local,host-10-100-100-12.openstacklocal,pegasus::transfer,/home/poseidon/pegasus-5.1.0panorama/bin/pegasus-transfer,pegasus-kickstart  -n pegasus::transfer -N null -i - -R local  -L predict-future-sales -T 2023-02-17T19:59:06+00:00 pegasus-transfer  --threads 2,20.8,0,0,,,,,,,,,
feature_merge_ID0000010,cpu_2,compute,0,1676980694.0,,,1676980699.0,1676980661.0,1676980728.0,86127738.8,1676980700.0,1676980914.0,1676980818.0,1676980867.0,60965726.0,1676980914.0,1676980919.0,5.0,,1.0,214.0,5.0,67.0,5155397110.0,49.0,2993643458.0,poseidon,condorpool,poseidon-worker-3-container-16-23,feature_merge,/srv/feature_merge,,60.4,0,0,0.0,4796859792.0,2600318082.0,1452.0,86.0,38.1,21.9,79947663.2,130015904.1
register_condorpool_2_0,None,auxiliary,0,1676980729.0,,,1676980734.0,,,0.0,1676980734.0,1676980739.0,,,0.0,1676980739.0,1676980744.0,5.0,,0.0,5.0,5.0,,,,,poseidon,local,host-10-100-100-12.openstacklocal,pegasus::rc-client,/home/poseidon/pegasus-5.1.0panorama/bin/pegasus-rc-client,"pegasus-kickstart  -n pegasus::rc-client -N null -R local  -L predict-future-sales -T 2023-02-17T19:59:06+00:00 /home/poseidon/pegasus-5.1.0panorama/bin/pegasus-rc-client --prefix pegasus.catalog.replica.output --conf /home/poseidon/workflows/predict-future-sales-workflow/submit/poseidon/pegasus/predict-future-sales/run0058/pegasus.1454441880104309829.properties -v --meta /home/poseidon/workflows/predict-future-sales-workflow/submit/poseidon/pegasus/predict-future-sales/run0058/00/00/feature_eng_5_ID0000009.meta,/home/poseidon/workflows/predict-future-sales-workflow/submit/poseidon/pegasus/predict-future-sales/run0058/00/00/feature_eng_2_ID0000006.meta,/home/poseidon/workflows/predict-future-sales-workflow/submit/poseidon/pegasus/predict-future-sales/run0058/00/00/feature_eng_3_ID0000007.meta,/home/poseidon/workflows/predict-future-sales-workflow/submit/poseidon/pegasus/predict-future-sales/run0058/00/00/feature_eng_4_ID0000008.meta --insert /home/poseidon/workflows/predict-future-sales-workflow/submit/poseidon/pegasus/predict-future-sales/run0058/00/00/register_condorpool_2_0.in",3.0,0,0,,,,,,,,,
stage_inter_local_xgboost_model_ID0000021_0,None,transfer,0,1676980919.0,,,1676980924.0,1676980924.0,1676980962.0,70438060.0,1676980924.0,1676980970.0,,,0.0,1676980970.0,1676980975.0,5.0,,0.0,46.0,5.0,38.0,2646308508.0,,,poseidon,local,host-10-100-100-12.openstacklocal,pegasus::transfer,/home/poseidon/pegasus-5.1.0panorama/bin/pegasus-transfer,pegasus-kickstart  -n pegasus::transfer -N null -i - -R local  -L predict-future-sales -T 2023-02-17T19:59:06+00:00 pegasus-transfer  --threads 2,9.5,0,0,,,,,,,,,
stage_inter_local_xgboost_hp_tuning_workflow_ID0000015_0,None,transfer,0,1676980919.0,,,1676980924.0,1676980924.0,1676980926.0,401.0,1676980924.0,1676980934.0,,,0.0,1676980934.0,1676980939.0,5.0,,0.0,10.0,5.0,2.0,826.0,,,poseidon,local,host-10-100-100-12.openstacklocal,pegasus::transfer,/home/poseidon/pegasus-5.1.0panorama/bin/pegasus-transfer,pegasus-kickstart  -n pegasus::transfer -N null -i - -R local  -L predict-future-sales -T 2023-02-17T19:59:06+00:00 pegasus-transfer  --threads 2,0.3,0,0,,,,,,,,,
stage_inter_local_model_predict_ID0000022_0,None,transfer,0,1676980919.0,,,1676980924.0,1676980924.0,1676980928.0,14047797.0,1676980924.0,1676980934.0,,,0.0,1676980934.0,1676980939.0,5.0,,0.0,10.0,5.0,4.0,54050130.0,,,poseidon,local,host-10-100-100-12.openstacklocal,pegasus::transfer,/home/poseidon/pegasus-5.1.0panorama/bin/pegasus-transfer,pegasus-kickstart  -n pegasus::transfer -N null -i - -R local  -L predict-future-sales -T 2023-02-17T19:59:06+00:00 pegasus-transfer  --threads 2,0.6,0,0,,,,,,,,,
stage_out_local_condorpool_3_0,None,transfer,0,1676980919.0,,,1676980924.0,,,0.0,1676980924.0,1676980949.0,1676980924.0,1676980942.0,163992724.0,1676980949.0,1676980954.0,5.0,,0.0,25.0,5.0,,,18.0,2993643458.0,poseidon,local,host-10-100-100-12.openstacklocal,pegasus::transfer,/home/poseidon/pegasus-5.1.0panorama/bin/pegasus-transfer,pegasus-kickstart  -n pegasus::transfer -N null -i - -R local  -L predict-future-sales -T 2023-02-17T19:59:06+00:00 pegasus-transfer  --threads 2,14.2,0,0,,,,,,,,,
stage_inter_local_xgboost_model_ID0000013_0,None,transfer,0,1676980919.0,,,1676980924.0,1676980924.0,1676980932.0,35831240.0,1676980924.0,1676980939.0,,,0.0,1676980939.0,1676980944.0,5.0,,0.0,15.0,5.0,8.0,269346726.0,,,poseidon,local,host-10-100-100-12.openstacklocal,pegasus::transfer,/home/poseidon/pegasus-5.1.0panorama/bin/pegasus-transfer,pegasus-kickstart  -n pegasus::transfer -N null -i - -R local  -L predict-future-sales -T 2023-02-17T19:59:06+00:00 pegasus-transfer  --threads 2,1.3,0,0,,,,,,,,,
stage_inter_local_model_predict_ID0000014_0,None,transfer,0,1676980919.0,,,1676980924.0,1676980924.0,1676980928.0,1234948.0,1676980924.0,1676980934.0,,,0.0,1676980934.0,1676980939.0,5.0,,0.0,10.0,5.0,4.0,4411696.0,,,poseidon,local,host-10-100-100-12.openstacklocal,pegasus::transfer,/home/poseidon/pegasus-5.1.0panorama/bin/pegasus-transfer,pegasus-kickstart  -n pegasus::transfer -N null -i - -R local  -L predict-future-sales -T 2023-02-17T19:59:06+00:00 pegasus-transfer  --threads 2,0.4,0,0,,,,,,,,,
xgboost_hp_tuning_workflow_ID0000015,None,compute,0,1676980939.0,,,1676980944.0,,,0.0,1676980945.0,1676980960.0,,,0.0,1676980960.0,1676980965.0,5.0,,1.0,15.0,5.0,,,,,poseidon,local,poseidon-submit.novalocal,xgboost_hp_tuning_workflow,/var/spool/condor/local_univ_execute/dir_957054/xgboost_hp_tuning_workflow,/home/poseidon/workflows/predict-future-sales-workflow/submit/poseidon/pegasus/predict-future-sales/run0058/00/00/xgboost_hp_tuning_workflow_ID0000015.sh,0.1,0,0,,,,,,,,,
xgboost_hp_tuning_workflow_ID0000011,None,compute,0,1676980939.0,,,1676980944.0,,,0.0,1676980945.0,1676980965.0,,,0.0,1676980965.0,1676980970.0,5.0,,1.0,20.0,5.0,,,,,poseidon,local,poseidon-submit.novalocal,xgboost_hp_tuning_workflow,/var/spool/condor/local_univ_execute/dir_957055/xgboost_hp_tuning_workflow,/home/poseidon/workflows/predict-future-sales-workflow/submit/poseidon/pegasus/predict-future-sales/run0058/00/00/xgboost_hp_tuning_workflow_ID0000011.sh,0.1,0,0,,,,,,,,,
xgboost_hp_tuning_workflow_ID0000019,None,compute,0,1676980939.0,,,1676980944.0,,,0.0,1676980945.0,1676980960.0,,,0.0,1676980960.0,1676980965.0,5.0,,1.0,15.0,5.0,,,,,poseidon,local,poseidon-submit.novalocal,xgboost_hp_tuning_workflow,/var/spool/condor/local_univ_execute/dir_957056/xgboost_hp_tuning_workflow,/home/poseidon/workflows/predict-future-sales-workflow/submit/poseidon/pegasus/predict-future-sales/run0058/00/00/xgboost_hp_tuning_workflow_ID0000019.sh,0.1,0,0,,,,,,,,,
register_condorpool_3_0,None,auxiliary,0,1676980954.0,,,1676980959.0,,,0.0,1676980960.0,1676980965.0,,,0.0,1676980965.0,1676980970.0,5.0,,1.0,5.0,5.0,,,,,poseidon,local,host-10-100-100-12.openstacklocal,pegasus::rc-client,/home/poseidon/pegasus-5.1.0panorama/bin/pegasus-rc-client,pegasus-kickstart  -n pegasus::rc-client -N null -R local  -L predict-future-sales -T 2023-02-17T19:59:06+00:00 /home/poseidon/pegasus-5.1.0panorama/bin/pegasus-rc-client --prefix pegasus.catalog.replica.output --conf /home/poseidon/workflows/predict-future-sales-workflow/submit/poseidon/pegasus/predict-future-sales/run0058/pegasus.1454441880104309829.properties -v --meta /home/poseidon/workflows/predict-future-sales-workflow/submit/poseidon/pegasus/predict-future-sales/run0058/00/00/feature_merge_ID0000010.meta --insert /home/poseidon/workflows/predict-future-sales-workflow/submit/poseidon/pegasus/predict-future-sales/run0058/00/00/register_condorpool_3_0.in,3.0,0,0,,,,,,,,,
pegasus-plan_ID0000020,None,subwf,0,1676980965.0,1676980965.0,1676980970.0,1676980975.0,,,0.0,1676980975.0,1676982061.0,,,0.0,,,0.0,5.0,0.0,1086.0,,,,,,poseidon,local,poseidon-submit,condor::dagman,/usr/bin/condor_dagman,-p 0  -f -l . -Notification never -Debug 3 -Lockfile xgboost_hp_tuning_group_2.dag.lock -Dag xgboost_hp_tuning_group_2.dag -AllowVersionMismatch  -AutoRescue 1 -DoRescueFrom 0,0.0,0,0,,,,,,,,,
pegasus-plan_ID0000016,None,subwf,0,1676980965.0,1676980965.0,1676980970.0,1676980975.0,,,0.0,1676980975.0,1676981210.0,,,0.0,,,0.0,5.0,0.0,235.0,,,,,,poseidon,local,poseidon-submit,condor::dagman,/usr/bin/condor_dagman,-p 0  -f -l . -Notification never -Debug 3 -Lockfile xgboost_hp_tuning_group_1.dag.lock -Dag xgboost_hp_tuning_group_1.dag -AllowVersionMismatch  -AutoRescue 1 -DoRescueFrom 0,0.0,0,0,,,,,,,,,
pegasus-plan_ID0000012,None,subwf,0,1676980970.0,1676980970.0,1676980975.0,1676980980.0,,,0.0,1676980984.0,1676981616.0,,,0.0,,,0.0,5.0,4.0,632.0,,,,,,poseidon,local,poseidon-submit,condor::dagman,/usr/bin/condor_dagman,-p 0  -f -l . -Notification never -Debug 3 -Lockfile xgboost_hp_tuning_group_0.dag.lock -Dag xgboost_hp_tuning_group_0.dag -AllowVersionMismatch  -AutoRescue 1 -DoRescueFrom 0,0.0,0,0,,,,,,,,,
stage_out_local_local_4_0,None,transfer,0,1676980970.0,,,1676980975.0,,,0.0,1676980975.0,1676980985.0,1676980975.0,1676980979.0,21069.0,1676980985.0,1676980990.0,5.0,,0.0,10.0,5.0,,,4.0,85038.0,poseidon,local,host-10-100-100-12.openstacklocal,pegasus::transfer,/home/poseidon/pegasus-5.1.0panorama/bin/pegasus-transfer,pegasus-kickstart  -n pegasus::transfer -N null -i - -R local  -L predict-future-sales -T 2023-02-17T19:59:06+00:00 pegasus-transfer  --threads 2,0.6,0,0,,,,,,,,,
create_dir_predict-future-sales-hp-tuning_0_condorpool_pegasus-plan_ID0000016,None,auxiliary,0,1676980975.0,,,1676980976.0,,,0.0,1676980980.0,1676980986.0,,,0.0,1676980986.0,1676980991.0,1.0,,4.0,6.0,5.0,,,,,poseidon,local,host-10-100-100-12.openstacklocal,pegasus::dirmanager,/home/poseidon/pegasus-5.1.0panorama/bin/pegasus-transfer,pegasus-kickstart  -n pegasus::dirmanager -N null -i - -R local  -L xgboost_hp_tuning_group_1 -T 2023-02-21T12:02:47+00:00 pegasus-transfer,0.3,0,0,,,,,,,,,
create_dir_predict-future-sales-hp-tuning_0_condorpool_pegasus-plan_ID0000020,None,auxiliary,0,1676980975.0,,,1676980976.0,,,0.0,1676980980.0,1676980986.0,,,0.0,1676980986.0,1676980991.0,1.0,,4.0,6.0,5.0,,,,,poseidon,local,host-10-100-100-12.openstacklocal,pegasus::dirmanager,/home/poseidon/pegasus-5.1.0panorama/bin/pegasus-transfer,pegasus-kickstart  -n pegasus::dirmanager -N null -i - -R local  -L xgboost_hp_tuning_group_2 -T 2023-02-21T12:02:47+00:00 pegasus-transfer,0.3,0,0,,,,,,,,,
create_dir_predict-future-sales-hp-tuning_0_condorpool_pegasus-plan_ID0000012,None,auxiliary,0,1676980984.0,,,1676980985.0,,,0.0,1676980985.0,1676980995.0,,,0.0,1676980995.0,1676981000.0,1.0,,0.0,10.0,5.0,,,,,poseidon,local,host-10-100-100-12.openstacklocal,pegasus::dirmanager,/home/poseidon/pegasus-5.1.0panorama/bin/pegasus-transfer,pegasus-kickstart  -n pegasus::dirmanager -N null -i - -R local  -L xgboost_hp_tuning_group_0 -T 2023-02-21T12:02:52+00:00 pegasus-transfer,0.3,0,0,,,,,,,,,
register_local_4_0,None,auxiliary,0,1676980990.0,,,1676980995.0,,,0.0,1676980995.0,1676981000.0,,,0.0,1676981000.0,1676981005.0,5.0,,0.0,5.0,5.0,,,,,poseidon,local,host-10-100-100-12.openstacklocal,pegasus::rc-client,/home/poseidon/pegasus-5.1.0panorama/bin/pegasus-rc-client,"pegasus-kickstart  -n pegasus::rc-client -N null -R local  -L predict-future-sales -T 2023-02-17T19:59:06+00:00 /home/poseidon/pegasus-5.1.0panorama/bin/pegasus-rc-client --prefix pegasus.catalog.replica.output --conf /home/poseidon/workflows/predict-future-sales-workflow/submit/poseidon/pegasus/predict-future-sales/run0058/pegasus.1454441880104309829.properties -v --meta /home/poseidon/workflows/predict-future-sales-workflow/submit/poseidon/pegasus/predict-future-sales/run0058/00/00/xgboost_hp_tuning_workflow_ID0000011.meta,/home/poseidon/workflows/predict-future-sales-workflow/submit/poseidon/pegasus/predict-future-sales/run0058/00/00/xgboost_hp_tuning_workflow_ID0000019.meta,/home/poseidon/workflows/predict-future-sales-workflow/submit/poseidon/pegasus/predict-future-sales/run0058/00/00/xgboost_hp_tuning_workflow_ID0000015.meta --insert /home/poseidon/workflows/predict-future-sales-workflow/submit/poseidon/pegasus/predict-future-sales/run0058/00/00/register_local_4_0.in",2.9,0,0,,,,,,,,,
stage_in_local_condorpool_0_2_pegasus-plan_ID0000020,None,transfer,0,1676980991.0,,,1676980996.0,1676980997.0,1676981006.0,88283086.0,1676980997.0,1676981011.0,,,0.0,1676981011.0,1676981016.0,5.0,,1.0,14.0,5.0,9.0,735985664.0,,,poseidon,local,host-10-100-100-12.openstacklocal,pegasus::transfer,/home/poseidon/pegasus-5.1.0panorama/bin/pegasus-transfer,-n pegasus::transfer -N null -i - -R local  -L xgboost_hp_tuning_group_2 -T 2023-02-21T12:02:47+00:00 /home/poseidon/pegasus-5.1.0panorama/bin/../bin/pegasus-transfer  --threads 2,3.9,0,0,,,,,,,,,
stage_in_local_condorpool_0_0_pegasus-plan_ID0000016,None,transfer,0,1676980991.0,,,1676980996.0,1676980997.0,1676981001.0,2816.0,1676980997.0,1676981011.0,,,0.0,1676981011.0,1676981016.0,5.0,,1.0,14.0,5.0,4.0,12142.0,,,poseidon,local,host-10-100-100-12.openstacklocal,pegasus::transfer,/home/poseidon/pegasus-5.1.0panorama/bin/pegasus-transfer,-n pegasus::transfer -N null -i - -R local  -L xgboost_hp_tuning_group_1 -T 2023-02-21T12:02:47+00:00 /home/poseidon/pegasus-5.1.0panorama/bin/../bin/pegasus-transfer  --threads 2,0.6,0,0,,,,,,,,,
stage_in_local_condorpool_1_0_pegasus-plan_ID0000016,None,transfer,0,1676980991.0,,,1676980996.0,1676980997.0,1676981001.0,814.0,1676980997.0,1676981006.0,,,0.0,1676981006.0,1676981011.0,5.0,,1.0,9.0,5.0,4.0,2874.0,,,poseidon,local,host-10-100-100-12.openstacklocal,pegasus::transfer,/home/poseidon/pegasus-5.1.0panorama/bin/pegasus-transfer,-n pegasus::transfer -N null -i - -R local  -L xgboost_hp_tuning_group_1 -T 2023-02-21T12:02:47+00:00 /home/poseidon/pegasus-5.1.0panorama/bin/../bin/pegasus-transfer  --threads 2,0.5,0,0,,,,,,,,,
stage_in_local_condorpool_0_1_pegasus-plan_ID0000016,None,transfer,0,1676980991.0,,,1676980996.0,1676980997.0,1676981001.0,5237119.0,1676980997.0,1676981006.0,,,0.0,1676981006.0,1676981011.0,5.0,,1.0,9.0,5.0,4.0,19294600.0,,,poseidon,local,host-10-100-100-12.openstacklocal,pegasus::transfer,/home/poseidon/pegasus-5.1.0panorama/bin/pegasus-transfer,-n pegasus::transfer -N null -i - -R local  -L xgboost_hp_tuning_group_1 -T 2023-02-21T12:02:47+00:00 /home/poseidon/pegasus-5.1.0panorama/bin/../bin/pegasus-transfer  --threads 2,0.6,0,0,,,,,,,,,
stage_in_local_condorpool_0_2_pegasus-plan_ID0000016,None,transfer,0,1676980991.0,,,1676980996.0,1676980997.0,1676981006.0,87747573.0,1676980997.0,1676981011.0,,,0.0,1676981011.0,1676981016.0,5.0,,1.0,14.0,5.0,9.0,735985664.0,,,poseidon,local,host-10-100-100-12.openstacklocal,pegasus::transfer,/home/poseidon/pegasus-5.1.0panorama/bin/pegasus-transfer,-n pegasus::transfer -N null -i - -R local  -L xgboost_hp_tuning_group_1 -T 2023-02-21T12:02:47+00:00 /home/poseidon/pegasus-5.1.0panorama/bin/../bin/pegasus-transfer  --threads 2,3.8,0,0,,,,,,,,,
stage_in_local_condorpool_1_0_pegasus-plan_ID0000020,None,transfer,0,1676980991.0,,,1676980996.0,1676980997.0,1676981001.0,815.0,1676980997.0,1676981006.0,,,0.0,1676981006.0,1676981011.0,5.0,,1.0,9.0,5.0,4.0,2874.0,,,poseidon,local,host-10-100-100-12.openstacklocal,pegasus::transfer,/home/poseidon/pegasus-5.1.0panorama/bin/pegasus-transfer,-n pegasus::transfer -N null -i - -R local  -L xgboost_hp_tuning_group_2 -T 2023-02-21T12:02:47+00:00 /home/poseidon/pegasus-5.1.0panorama/bin/../bin/pegasus-transfer  --threads 2,0.4,0,0,,,,,,,,,
stage_in_local_condorpool_0_1_pegasus-plan_ID0000020,None,transfer,0,1676980991.0,,,1676980996.0,1676980997.0,1676981014.0,160498467.0,1676980997.0,1676981021.0,,,0.0,1676981021.0,1676981026.0,5.0,,1.0,24.0,5.0,17.0,2646308508.0,,,poseidon,local,host-10-100-100-12.openstacklocal,pegasus::transfer,/home/poseidon/pegasus-5.1.0panorama/bin/pegasus-transfer,-n pegasus::transfer -N null -i - -R local  -L xgboost_hp_tuning_group_2 -T 2023-02-21T12:02:47+00:00 /home/poseidon/pegasus-5.1.0panorama/bin/../bin/pegasus-transfer  --threads 2,11.7,0,0,,,,,,,,,
stage_in_local_condorpool_0_0_pegasus-plan_ID0000020,None,transfer,0,1676980991.0,,,1676980996.0,1676980997.0,1676981001.0,2813.0,1676980997.0,1676981011.0,,,0.0,1676981011.0,1676981016.0,5.0,,1.0,14.0,5.0,4.0,12142.0,,,poseidon,local,host-10-100-100-12.openstacklocal,pegasus::transfer,/home/poseidon/pegasus-5.1.0panorama/bin/pegasus-transfer,-n pegasus::transfer -N null -i - -R local  -L xgboost_hp_tuning_group_2 -T 2023-02-21T12:02:47+00:00 /home/poseidon/pegasus-5.1.0panorama/bin/../bin/pegasus-transfer  --threads 2,0.6,0,0,,,,,,,,,
stage_in_local_condorpool_0_1_pegasus-plan_ID0000012,None,transfer,0,1676981000.0,,,1676981005.0,1676981006.0,1676981012.0,49087717.0,1676981006.0,1676981020.0,,,0.0,1676981020.0,1676981025.0,5.0,,1.0,14.0,5.0,6.0,269346726.0,,,poseidon,local,host-10-100-100-12.openstacklocal,pegasus::transfer,/home/poseidon/pegasus-5.1.0panorama/bin/pegasus-transfer,-n pegasus::transfer -N null -i - -R local  -L xgboost_hp_tuning_group_0 -T 2023-02-21T12:02:52+00:00 /home/poseidon/pegasus-5.1.0panorama/bin/../bin/pegasus-transfer  --threads 2,1.8,0,0,,,,,,,,,
stage_in_local_condorpool_0_0_pegasus-plan_ID0000012,None,transfer,0,1676981000.0,,,1676981005.0,1676981006.0,1676981011.0,2794.0,1676981006.0,1676981020.0,,,0.0,1676981020.0,1676981025.0,5.0,,1.0,14.0,5.0,5.0,12142.0,,,poseidon,local,host-10-100-100-12.openstacklocal,pegasus::transfer,/home/poseidon/pegasus-5.1.0panorama/bin/pegasus-transfer,-n pegasus::transfer -N null -i - -R local  -L xgboost_hp_tuning_group_0 -T 2023-02-21T12:02:52+00:00 /home/poseidon/pegasus-5.1.0panorama/bin/../bin/pegasus-transfer  --threads 2,0.6,0,0,,,,,,,,,
stage_in_local_condorpool_0_2_pegasus-plan_ID0000012,None,transfer,0,1676981000.0,,,1676981005.0,1676981006.0,1676981014.0,95000413.0,1676981006.0,1676981020.0,,,0.0,1676981020.0,1676981025.0,5.0,,1.0,14.0,5.0,8.0,735985664.0,,,poseidon,local,host-10-100-100-12.openstacklocal,pegasus::transfer,/home/poseidon/pegasus-5.1.0panorama/bin/pegasus-transfer,-n pegasus::transfer -N null -i - -R local  -L xgboost_hp_tuning_group_0 -T 2023-02-21T12:02:52+00:00 /home/poseidon/pegasus-5.1.0panorama/bin/../bin/pegasus-transfer  --threads 2,3.7,0,0,,,,,,,,,
stage_in_local_condorpool_1_0_pegasus-plan_ID0000012,None,transfer,0,1676981000.0,,,1676981005.0,1676981006.0,1676981010.0,822.0,1676981006.0,1676981015.0,,,0.0,1676981015.0,1676981020.0,5.0,,1.0,9.0,5.0,4.0,2874.0,,,poseidon,local,host-10-100-100-12.openstacklocal,pegasus::transfer,/home/poseidon/pegasus-5.1.0panorama/bin/pegasus-transfer,-n pegasus::transfer -N null -i - -R local  -L xgboost_hp_tuning_group_0 -T 2023-02-21T12:02:52+00:00 /home/poseidon/pegasus-5.1.0panorama/bin/../bin/pegasus-transfer  --threads 2,0.5,0,0,,,,,,,,,
xgboost_hp_tuning_ID0000017_pegasus-plan_ID0000016,cpu_2,compute,0,1676981016.0,,,1676981021.0,1676980997.0,1676981013.0,45754321.2,1676981036.0,1676981076.0,1676981023.0,1676981027.0,245.0,1676981076.0,1676981081.0,5.0,,15.0,40.0,5.0,16.0,377646203.0,4.0,1054.0,poseidon,condorpool,poseidon-worker-1-container-8-15,xgboost_hp_tuning,/srv/xgboost_hp_tuning,,14.1,0,0,,,,,,,,,
xgboost_hp_tuning_ID0000001_pegasus-plan_ID0000016,None,compute,0,1676981016.0,,,1676981021.0,1676981035.0,1676981051.0,45873657.2,1676981074.0,1676981111.0,1676981060.0,1676981065.0,254.0,1676981111.0,1676981116.0,5.0,,53.0,37.0,5.0,16.0,377646203.0,5.0,1065.0,poseidon,condorpool,poseidon-worker-3-container-32-39,xgboost_hp_tuning,/srv/xgboost_hp_tuning,,15.0,0,0,,,,,,,,,
xgboost_hp_tuning_ID0000012_pegasus-plan_ID0000016,cpu_2,compute,0,1676981016.0,,,1676981021.0,1676981035.0,1676981051.0,45809076.2,1676981074.0,1676981116.0,1676981061.0,1676981065.0,255.0,1676981116.0,1676981121.0,5.0,,53.0,42.0,5.0,16.0,377646203.0,4.0,1049.0,poseidon,condorpool,poseidon-worker-3-container-0-7,xgboost_hp_tuning,/srv/xgboost_hp_tuning,,13.1,0,0,,,,,,,,,
xgboost_hp_tuning_ID0000023_pegasus-plan_ID0000016,None,compute,0,1676981016.0,,,1676981021.0,1676981035.0,1676981051.0,45859799.5,1676981074.0,1676981111.0,1676981061.0,1676981065.0,267.0,1676981111.0,1676981116.0,5.0,,53.0,37.0,5.0,16.0,377646203.0,4.0,1088.0,poseidon,condorpool,poseidon-worker-3-container-8-15,xgboost_hp_tuning,/srv/xgboost_hp_tuning,,15.5,0,0,,,,,,,,,
xgboost_hp_tuning_ID0000002_pegasus-plan_ID0000016,cpu_2,compute,0,1676981016.0,,,1676981021.0,1676981035.0,1676981050.0,45904826.5,1676981074.0,1676981116.0,1676981061.0,1676981065.0,254.0,1676981116.0,1676981121.0,5.0,,53.0,42.0,5.0,15.0,377646203.0,4.0,1062.0,poseidon,condorpool,poseidon-worker-3-container-16-23,xgboost_hp_tuning,/srv/xgboost_hp_tuning,,13.0,0,0,,,,,,,,,
xgboost_hp_tuning_ID0000014_pegasus-plan_ID0000016,None,compute,0,1676981016.0,,,1676981021.0,1676980997.0,1676981012.0,45883634.0,1676981036.0,1676981076.0,1676981022.0,1676981027.0,247.0,1676981076.0,1676981081.0,5.0,,15.0,40.0,5.0,15.0,377646203.0,5.0,1051.0,poseidon,condorpool,poseidon-worker-3-container-8-15,xgboost_hp_tuning,/srv/xgboost_hp_tuning,,15.4,0,0,,,,,,,,,
xgboost_hp_tuning_ID0000003_pegasus-plan_ID0000016,cpu_2,compute,0,1676981016.0,,,1676981021.0,1676980997.0,1676981012.0,45889380.5,1676981036.0,1676981076.0,1676981023.0,1676981027.0,260.0,1676981076.0,1676981081.0,5.0,,15.0,40.0,5.0,15.0,377646203.0,4.0,1068.0,poseidon,condorpool,poseidon-worker-3-container-24-31,xgboost_hp_tuning,/srv/xgboost_hp_tuning,,12.8,0,0,,,,,,,,,
xgboost_hp_tuning_ID0000015_pegasus-plan_ID0000016,None,compute,0,1676981016.0,,,1676981021.0,1676980997.0,1676981013.0,45698362.2,1676981036.0,1676981076.0,1676981023.0,1676981027.0,250.0,1676981076.0,1676981081.0,5.0,,15.0,40.0,5.0,16.0,377646203.0,4.0,1055.0,poseidon,condorpool,poseidon-worker-2-container-0-7,xgboost_hp_tuning,/srv/xgboost_hp_tuning,,15.7,0,0,,,,,,,,,
xgboost_hp_tuning_ID0000004_pegasus-plan_ID0000016,cpu_2,compute,0,1676981016.0,,,1676981021.0,1676980997.0,1676981013.0,45735578.8,1676981036.0,1676981076.0,1676981023.0,1676981028.0,250.0,1676981076.0,1676981081.0,5.0,,15.0,40.0,5.0,16.0,377646203.0,5.0,1061.0,poseidon,condorpool,poseidon-worker-1-container-16-23,xgboost_hp_tuning,/srv/xgboost_hp_tuning,,14.2,0,0,,,,,,,,,
xgboost_hp_tuning_ID0000016_pegasus-plan_ID0000016,cpu_2,compute,0,1676981016.0,,,1676981021.0,1676980997.0,1676981013.0,45787783.0,1676981036.0,1676981076.0,1676981023.0,1676981028.0,247.0,1676981076.0,1676981081.0,5.0,,15.0,40.0,5.0,16.0,377646203.0,5.0,1054.0,poseidon,condorpool,poseidon-worker-1-container-0-7,xgboost_hp_tuning,/srv/xgboost_hp_tuning,,13.1,0,0,,,,,,,,,
xgboost_hp_tuning_ID0000005_pegasus-plan_ID0000016,None,compute,0,1676981016.0,,,1676981021.0,1676980997.0,1676981012.0,45860455.8,1676981036.0,1676981076.0,1676981022.0,1676981027.0,256.0,1676981076.0,1676981081.0,5.0,,15.0,40.0,5.0,15.0,377646203.0,5.0,1078.0,poseidon,condorpool,poseidon-worker-3-container-32-39,xgboost_hp_tuning,/srv/xgboost_hp_tuning,,16.9,0,0,,,,,,,,,
xgboost_hp_tuning_ID0000013_pegasus-plan_ID0000016,cpu_2,compute,0,1676981016.0,,,1676981021.0,1676981035.0,1676981050.0,45921491.2,1676981074.0,1676981116.0,1676981061.0,1676981066.0,253.0,1676981116.0,1676981121.0,5.0,,53.0,42.0,5.0,15.0,377646203.0,5.0,1055.0,poseidon,condorpool,poseidon-worker-3-container-40-47,xgboost_hp_tuning,/srv/xgboost_hp_tuning,,18.4,0,0,,,,,,,,,
xgboost_hp_tuning_ID0000006_pegasus-plan_ID0000016,cpu_2,compute,0,1676981016.0,,,1676981021.0,1676980997.0,1676981013.0,45765823.8,1676981036.0,1676981076.0,1676981023.0,1676981027.0,247.0,1676981076.0,1676981081.0,5.0,,15.0,40.0,5.0,16.0,377646203.0,4.0,1064.0,poseidon,condorpool,poseidon-worker-1-container-24-31,xgboost_hp_tuning,/srv/xgboost_hp_tuning,,14.3,0,0,,,,,,,,,
xgboost_hp_tuning_ID0000010_pegasus-plan_ID0000016,cpu_2,compute,0,1676981016.0,,,1676981021.0,1676980997.0,1676981013.0,45765370.5,1676981036.0,1676981076.0,1676981023.0,1676981027.0,248.0,1676981076.0,1676981081.0,5.0,,15.0,40.0,5.0,16.0,377646203.0,4.0,1049.0,poseidon,condorpool,poseidon-worker-2-container-40-47,xgboost_hp_tuning,/srv/xgboost_hp_tuning,,12.8,0,0,,,,,,,,,
xgboost_hp_tuning_ID0000007_pegasus-plan_ID0000016,cpu_2,compute,0,1676981016.0,,,1676981021.0,1676980997.0,1676981013.0,45787108.5,1676981036.0,1676981076.0,1676981023.0,1676981027.0,251.0,1676981076.0,1676981081.0,5.0,,15.0,40.0,5.0,16.0,377646203.0,4.0,1067.0,poseidon,condorpool,poseidon-worker-2-container-8-15,xgboost_hp_tuning,/srv/xgboost_hp_tuning,,12.7,0,0,,,,,,,,,
xgboost_hp_tuning_ID0000019_pegasus-plan_ID0000016,cpu_2,compute,0,1676981016.0,,,1676981021.0,1676980997.0,1676981013.0,45250954.8,1676981036.0,1676981076.0,1676981024.0,1676981028.0,247.0,1676981076.0,1676981081.0,5.0,,15.0,40.0,5.0,16.0,377646203.0,4.0,1060.0,poseidon,condorpool,poseidon-worker-2-container-16-23,xgboost_hp_tuning,/srv/xgboost_hp_tuning,,16.6,0,0,,,,,,,,,
xgboost_hp_tuning_ID0000008_pegasus-plan_ID0000016,cpu_2,compute,0,1676981016.0,,,1676981021.0,1676980997.0,1676981013.0,45735545.0,1676981036.0,1676981076.0,1676981023.0,1676981027.0,250.0,1676981076.0,1676981081.0,5.0,,15.0,40.0,5.0,16.0,377646203.0,4.0,1057.0,poseidon,condorpool,poseidon-worker-1-container-40-47,xgboost_hp_tuning,/srv/xgboost_hp_tuning,,13.6,0,0,,,,,,,,,
xgboost_hp_tuning_ID0000020_pegasus-plan_ID0000016,cpu_2,compute,0,1676981016.0,,,1676981021.0,1676980997.0,1676981013.0,45748149.2,1676981036.0,1676981076.0,1676981023.0,1676981027.0,251.0,1676981076.0,1676981081.0,5.0,,15.0,40.0,5.0,16.0,377646203.0,4.0,1061.0,poseidon,condorpool,poseidon-worker-1-container-32-39,xgboost_hp_tuning,/srv/xgboost_hp_tuning,,14.4,0,0,,,,,,,,,
xgboost_hp_tuning_ID0000021_pegasus-plan_ID0000016,cpu_2,compute,0,1676981016.0,,,1676981021.0,1676980997.0,1676981013.0,45719285.0,1676981036.0,1676981076.0,1676981023.0,1676981028.0,253.0,1676981076.0,1676981081.0,5.0,,15.0,40.0,5.0,16.0,377646203.0,5.0,1061.0,poseidon,condorpool,poseidon-worker-2-container-32-39,xgboost_hp_tuning,/srv/xgboost_hp_tuning,,14.6,0,0,,,,,,,,,
xgboost_hp_tuning_ID0000022_pegasus-plan_ID0000016,cpu_2,compute,0,1676981016.0,,,1676981021.0,1676980997.0,1676981013.0,45647959.2,1676981036.0,1676981076.0,1676981023.0,1676981028.0,252.0,1676981076.0,1676981081.0,5.0,,15.0,40.0,5.0,16.0,377646203.0,5.0,1062.0,poseidon,condorpool,poseidon-worker-2-container-24-31,xgboost_hp_tuning,/srv/xgboost_hp_tuning,,15.2,0,0,,,,,,,,,
xgboost_hp_tuning_ID0000011_pegasus-plan_ID0000016,cpu_2,compute,0,1676981016.0,,,1676981021.0,1676980997.0,1676981012.0,45890235.5,1676981036.0,1676981076.0,1676981022.0,1676981027.0,249.0,1676981076.0,1676981081.0,5.0,,15.0,40.0,5.0,15.0,377646203.0,5.0,1049.0,poseidon,condorpool,poseidon-worker-3-container-0-7,xgboost_hp_tuning,/srv/xgboost_hp_tuning,,12.9,0,0,,,,,,,,,
xgboost_hp_tuning_ID0000009_pegasus-plan_ID0000016,cpu_2,compute,0,1676981016.0,,,1676981021.0,1676980997.0,1676981012.0,45792993.2,1676981036.0,1676981076.0,1676981022.0,1676981026.0,254.0,1676981076.0,1676981081.0,5.0,,15.0,40.0,5.0,15.0,377646203.0,4.0,1059.0,poseidon,condorpool,poseidon-worker-3-container-16-23,xgboost_hp_tuning,/srv/xgboost_hp_tuning,,12.4,0,0,,,,,,,,,
xgboost_hp_tuning_ID0000018_pegasus-plan_ID0000016,cpu_2,compute,0,1676981016.0,,,1676981021.0,1676980997.0,1676981012.0,45986959.2,1676981036.0,1676981076.0,1676981022.0,1676981026.0,252.0,1676981076.0,1676981081.0,5.0,,15.0,40.0,5.0,15.0,377646203.0,4.0,1051.0,poseidon,condorpool,poseidon-worker-3-container-40-47,xgboost_hp_tuning,/srv/xgboost_hp_tuning,,13.0,0,0,,,,,,,,,
xgboost_hp_tuning_ID0000006_pegasus-plan_ID0000012,cpu_2,compute,0,1676981025.0,,,1676981031.0,1676981037.0,1676981053.0,51390840.7,1676981076.0,1676981136.0,1676981084.0,1676981088.0,254.0,1676981136.0,1676981141.0,6.0,,45.0,60.0,5.0,16.0,502672266.0,4.0,1066.0,poseidon,condorpool,poseidon-worker-1-container-8-15,xgboost_hp_tuning,/srv/xgboost_hp_tuning,,103.3,0,0,0.1,157972506.0,40.0,3321.0,2.0,82.1,3.0,7898625.3,4.0
xgboost_hp_tuning_ID0000018_pegasus-plan_ID0000012,cpu_2,compute,0,1676981025.0,,,1676981031.0,1676981037.0,1676981053.0,51379422.3,1676981076.0,1676981136.0,1676981082.0,1676981086.0,254.0,1676981136.0,1676981141.0,6.0,,45.0,60.0,5.0,16.0,502672266.0,4.0,1056.0,poseidon,condorpool,poseidon-worker-1-container-0-7,xgboost_hp_tuning,/srv/xgboost_hp_tuning,,88.8,0,0,0.0,157972468.0,40.0,3321.0,2.0,77.9,3.5,7898623.4,4.0
xgboost_hp_tuning_ID0000007_pegasus-plan_ID0000012,cpu_2,compute,0,1676981025.0,,,1676981031.0,1676981037.0,1676981053.0,51388655.3,1676981076.0,1676981146.0,1676981091.0,1676981095.0,252.0,1676981146.0,1676981151.0,6.0,,45.0,70.0,5.0,16.0,502672266.0,4.0,1064.0,poseidon,condorpool,poseidon-worker-2-container-24-31,xgboost_hp_tuning,/srv/xgboost_hp_tuning,,134.0,0,0,0.1,157976540.0,40.0,3336.0,2.0,124.5,3.2,5265884.7,4.0
xgboost_hp_tuning_ID0000021_pegasus-plan_ID0000012,cpu_2,compute,0,1676981025.0,,,1676981030.0,1676981036.0,1676981053.0,51237492.3,1676981075.0,1676981131.0,1676981077.0,1676981081.0,252.0,1676981131.0,1676981136.0,5.0,,45.0,56.0,5.0,17.0,502672266.0,4.0,1063.0,poseidon,condorpool,poseidon-worker-1-container-40-47,xgboost_hp_tuning,/srv/xgboost_hp_tuning,,68.2,0,0,0.0,157967904.0,40.0,3305.0,2.0,32.7,2.4,15796790.4,4.0
xgboost_hp_tuning_ID0000008_pegasus-plan_ID0000012,cpu_2,compute,0,1676981025.0,,,1676981030.0,1676981036.0,1676981053.0,51234290.7,1676981075.0,1676981146.0,1676981093.0,1676981097.0,251.0,1676981146.0,1676981151.0,5.0,,45.0,71.0,5.0,17.0,502672266.0,4.0,1059.0,poseidon,condorpool,poseidon-worker-1-container-24-31,xgboost_hp_tuning,/srv/xgboost_hp_tuning,,139.8,0,0,0.0,157976339.0,40.0,3336.0,2.0,121.9,3.2,5265878.0,4.0
xgboost_hp_tuning_ID0000020_pegasus-plan_ID0000012,cpu_2,compute,0,1676981025.0,,,1676981030.0,1676981036.0,1676981053.0,51222585.3,1676981075.0,1676981136.0,1676981083.0,1676981087.0,257.0,1676981136.0,1676981141.0,5.0,,45.0,61.0,5.0,17.0,502672266.0,4.0,1062.0,poseidon,condorpool,poseidon-worker-2-container-32-39,xgboost_hp_tuning,/srv/xgboost_hp_tuning,,97.8,0,0,0.1,157972536.0,40.0,3321.0,2.0,79.5,3.0,7898626.8,4.0
xgboost_hp_tuning_ID0000017_pegasus-plan_ID0000012,cpu_2,compute,0,1676981025.0,,,1676981031.0,1676981037.0,1676981053.0,51367681.3,1676981076.0,1676981141.0,1676981087.0,1676981091.0,254.0,1676981141.0,1676981146.0,6.0,,45.0,65.0,5.0,16.0,502672266.0,4.0,1054.0,poseidon,condorpool,poseidon-worker-1-container-16-23,xgboost_hp_tuning,/srv/xgboost_hp_tuning,,107.9,0,0,0.0,157972535.0,40.0,3321.0,2.0,76.8,2.9,7898626.8,4.0
xgboost_hp_tuning_ID0000019_pegasus-plan_ID0000012,cpu_2,compute,0,1676981025.0,,,1676981030.0,1676981036.0,1676981053.0,51380847.0,1676981075.0,1676981151.0,1676981100.0,1676981104.0,257.0,1676981151.0,1676981156.0,5.0,,45.0,76.0,5.0,17.0,502672266.0,4.0,1059.0,poseidon,condorpool,poseidon-worker-1-container-32-39,xgboost_hp_tuning,/srv/xgboost_hp_tuning,,163.1,0,0,0.1,157976351.0,40.0,3336.0,2.0,118.0,2.7,5265878.4,4.0
xgboost_hp_tuning_ID0000005_pegasus-plan_ID0000012,cpu_2,compute,0,1676981025.0,,,1676981031.0,1676981037.0,1676981054.0,50767017.7,1676981076.0,1676981136.0,1676981081.0,1676981085.0,260.0,1676981136.0,1676981141.0,6.0,,45.0,60.0,5.0,17.0,502672266.0,4.0,1077.0,poseidon,condorpool,poseidon-worker-2-container-16-23,xgboost_hp_tuning,/srv/xgboost_hp_tuning,,90.5,0,0,0.0,157972532.0,40.0,3321.0,2.0,81.8,3.7,7898626.6,4.0
xgboost_hp_tuning_ID0000003_pegasus-plan_ID0000012,cpu_2,compute,0,1676981025.0,,,1676981031.0,1676981074.0,1676981090.0,51583581.3,1676981113.0,1676981171.0,1676981118.0,1676981122.0,257.0,1676981171.0,1676981176.0,6.0,,82.0,58.0,5.0,16.0,502672266.0,4.0,1065.0,poseidon,condorpool,poseidon-worker-3-container-0-7,xgboost_hp_tuning,/srv/xgboost_hp_tuning,,90.2,0,0,0.1,157970764.0,40.0,3319.0,2.0,81.3,3.5,7898538.2,4.0
xgboost_hp_tuning_ID0000004_pegasus-plan_ID0000012,None,compute,0,1676981025.0,,,1676981031.0,1676981073.0,1676981090.0,51565299.0,1676981112.0,1676981181.0,1676981127.0,1676981131.0,258.0,1676981181.0,1676981186.0,6.0,,81.0,69.0,5.0,17.0,502672266.0,4.0,1062.0,poseidon,condorpool,poseidon-worker-3-container-8-15,xgboost_hp_tuning,/srv/xgboost_hp_tuning,,162.4,0,0,0.0,157974543.0,40.0,3334.0,2.0,155.7,3.7,5265818.1,4.0
xgboost_hp_tuning_ID0000015_pegasus-plan_ID0000012,cpu_2,compute,0,1676981025.0,,,1676981031.0,1676981074.0,1676981090.0,51426569.0,1676981113.0,1676981186.0,1676981134.0,1676981138.0,256.0,1676981186.0,1676981191.0,6.0,,82.0,73.0,5.0,16.0,502672266.0,4.0,1053.0,poseidon,condorpool,poseidon-worker-3-container-16-23,xgboost_hp_tuning,/srv/xgboost_hp_tuning,,139.2,0,0,0.0,157974660.0,40.0,3334.0,2.0,105.7,3.2,5265822.0,4.0
xgboost_hp_tuning_ID0000014_pegasus-plan_ID0000012,cpu_2,compute,0,1676981025.0,,,1676981031.0,1676981074.0,1676981091.0,51559559.0,1676981113.0,1676981176.0,1676981124.0,1676981128.0,256.0,1676981176.0,1676981181.0,6.0,,82.0,63.0,5.0,17.0,502672266.0,4.0,1055.0,poseidon,condorpool,poseidon-worker-3-container-40-47,xgboost_hp_tuning,/srv/xgboost_hp_tuning,,94.0,0,0,0.0,157970755.0,40.0,3319.0,2.0,72.5,3.2,7898537.8,4.0
xgboost_hp_tuning_ID0000002_pegasus-plan_ID0000012,cpu_2,compute,0,1676981025.0,,,1676981031.0,1676981090.0,1676981107.0,51205855.0,1676981129.0,1676981186.0,1676981133.0,1676981137.0,254.0,1676981186.0,1676981191.0,6.0,,98.0,57.0,5.0,17.0,502672266.0,4.0,1062.0,poseidon,condorpool,poseidon-worker-1-container-40-47,xgboost_hp_tuning,/srv/xgboost_hp_tuning,,82.6,0,0,0.1,157967978.0,40.0,3305.0,2.0,35.9,2.7,15796797.8,4.0
xgboost_hp_tuning_ID0000013_pegasus-plan_ID0000012,cpu_2,compute,0,1676981025.0,,,1676981031.0,1676981090.0,1676981107.0,51155136.3,1676981129.0,1676981201.0,1676981148.0,1676981152.0,250.0,1676981201.0,1676981206.0,6.0,,98.0,72.0,5.0,17.0,502672266.0,4.0,1054.0,poseidon,condorpool,poseidon-worker-2-container-40-47,xgboost_hp_tuning,/srv/xgboost_hp_tuning,,137.7,0,0,0.1,157976454.0,40.0,3336.0,2.0,117.3,3.0,5265881.8,4.0
xgboost_hp_tuning_ID0000001_pegasus-plan_ID0000012,None,compute,0,1676981025.0,,,1676981031.0,1676981092.0,1676981108.0,51275129.3,1676981131.0,1676981211.0,1676981156.0,1676981160.0,256.0,1676981211.0,1676981216.0,6.0,,100.0,80.0,5.0,16.0,502672266.0,4.0,1063.0,poseidon,condorpool,poseidon-worker-2-container-0-7,xgboost_hp_tuning,/srv/xgboost_hp_tuning,,196.4,0,0,0.1,157980190.0,40.0,3351.0,2.0,186.0,3.3,3949504.7,4.0
xgboost_hp_tuning_ID0000012_pegasus-plan_ID0000012,cpu_2,compute,0,1676981025.0,,,1676981031.0,1676981092.0,1676981108.0,51545909.7,1676981131.0,1676981191.0,1676981139.0,1676981143.0,256.0,1676981191.0,1676981196.0,6.0,,100.0,60.0,5.0,16.0,502672266.0,4.0,1051.0,poseidon,condorpool,poseidon-worker-3-container-24-31,xgboost_hp_tuning,/srv/xgboost_hp_tuning,,101.5,0,0,0.0,157970760.0,40.0,3319.0,2.0,79.8,3.1,7898538.0,4.0
xgboost_hp_tuning_ID0000023_pegasus-plan_ID0000012,cpu_2,compute,0,1676981025.0,,,1676981031.0,1676981094.0,1676981111.0,50695193.3,1676981133.0,1676981206.0,1676981152.0,1676981156.0,261.0,1676981206.0,1676981211.0,6.0,,102.0,73.0,5.0,17.0,502672266.0,4.0,1090.0,poseidon,condorpool,poseidon-worker-2-container-16-23,xgboost_hp_tuning,/srv/xgboost_hp_tuning,,127.2,0,0,0.0,157976448.0,40.0,3336.0,2.0,106.4,3.3,5265881.6,4.0
xgboost_hp_tuning_ID0000016_pegasus-plan_ID0000012,None,compute,0,1676981025.0,,,1676981031.0,1676981073.0,1676981090.0,51532677.7,1676981112.0,1676981186.0,1676981132.0,1676981136.0,256.0,1676981186.0,1676981191.0,6.0,,81.0,74.0,5.0,17.0,502672266.0,4.0,1055.0,poseidon,condorpool,poseidon-worker-3-container-32-39,xgboost_hp_tuning,/srv/xgboost_hp_tuning,,203.8,0,0,0.0,157974580.0,40.0,3334.0,2.0,163.4,3.4,5265819.3,4.0
xgboost_hp_tuning_ID0000010_pegasus-plan_ID0000012,None,compute,0,1676981025.0,,,1676981030.0,1676981036.0,1676981053.0,51400589.3,1676981075.0,1676981131.0,1676981079.0,1676981083.0,253.0,1676981131.0,1676981136.0,5.0,,45.0,56.0,5.0,17.0,502672266.0,4.0,1050.0,poseidon,condorpool,poseidon-worker-2-container-0-7,xgboost_hp_tuning,/srv/xgboost_hp_tuning,,100.0,0,0,0.0,157967837.0,40.0,3305.0,2.0,43.6,2.7,15796783.7,4.0
xgboost_hp_tuning_ID0000011_pegasus-plan_ID0000012,cpu_2,compute,0,1676981025.0,,,1676981030.0,1676981036.0,1676981053.0,51341375.3,1676981075.0,1676981131.0,1676981077.0,1676981082.0,251.0,1676981131.0,1676981136.0,5.0,,45.0,56.0,5.0,17.0,502672266.0,5.0,1050.0,poseidon,condorpool,poseidon-worker-2-container-40-47,xgboost_hp_tuning,/srv/xgboost_hp_tuning,,72.7,0,0,0.0,157967900.0,40.0,3305.0,2.0,32.8,2.5,15796790.0,4.0
xgboost_hp_tuning_ID0000009_pegasus-plan_ID0000012,cpu_2,compute,0,1676981025.0,,,1676981030.0,1676981035.0,1676981052.0,51452130.7,1676981075.0,1676981131.0,1676981079.0,1676981083.0,257.0,1676981131.0,1676981136.0,5.0,,45.0,56.0,5.0,17.0,502672266.0,4.0,1057.0,poseidon,condorpool,poseidon-worker-3-container-24-31,xgboost_hp_tuning,/srv/xgboost_hp_tuning,,84.2,0,0,0.0,157970665.0,4032.0,3319.0,5.0,80.9,3.2,7898533.2,201.6
xgboost_hp_tuning_ID0000022_pegasus-plan_ID0000012,cpu_2,compute,0,1676981025.0,,,1676981030.0,1676981036.0,1676981053.0,51408535.7,1676981075.0,1676981131.0,1676981077.0,1676981081.0,251.0,1676981131.0,1676981136.0,5.0,,45.0,56.0,5.0,17.0,502672266.0,4.0,1062.0,poseidon,condorpool,poseidon-worker-2-container-8-15,xgboost_hp_tuning,/srv/xgboost_hp_tuning,,67.8,0,0,0.0,157967862.0,40.0,3305.0,2.0,32.3,2.5,15796786.2,4.0
xgboost_hp_tuning_ID0000001_pegasus-plan_ID0000020,None,compute,0,1676981026.0,,,1676981031.0,1676981519.0,1676981548.0,75243502.6,1676981558.0,1676981937.0,1676981881.0,1676981885.0,261.0,1676981937.0,1676981942.0,5.0,,527.0,379.0,5.0,29.0,1691153157.0,4.0,1064.0,poseidon,condorpool,poseidon-worker-3-container-8-15,xgboost_hp_tuning,/srv/xgboost_hp_tuning,,1855.4,0,0,0.0,1346566573.0,40.0,3769.0,2.0,1769.3,60.7,4208020.5,4.0
xgboost_hp_tuning_ID0000013_pegasus-plan_ID0000020,None,compute,0,1676981026.0,,,1676981031.0,1676981509.0,1676981538.0,75258371.1,1676981548.0,1676981937.0,1676981883.0,1676981887.0,259.0,1676981937.0,1676981942.0,5.0,,517.0,389.0,5.0,29.0,1691153157.0,4.0,1053.0,poseidon,condorpool,poseidon-worker-3-container-32-39,xgboost_hp_tuning,/srv/xgboost_hp_tuning,,1912.4,0,0,0.0,1346570522.0,40.0,3784.0,2.0,1814.4,59.8,4080516.7,4.0
xgboost_hp_tuning_ID0000002_pegasus-plan_ID0000020,cpu_2,compute,0,1676981026.0,,,1676981031.0,1676981501.0,1676981531.0,74905755.8,1676981540.0,1676981957.0,1676981903.0,1676981907.0,258.0,1676981957.0,1676981962.0,5.0,,509.0,417.0,5.0,30.0,1691153157.0,4.0,1063.0,poseidon,condorpool,poseidon-worker-2-container-24-31,xgboost_hp_tuning,/srv/xgboost_hp_tuning,,1648.8,0,0,0.1,1346583901.0,40.0,3832.0,2.0,1582.7,51.5,3740510.8,4.0
xgboost_hp_tuning_ID0000009_pegasus-plan_ID0000020,cpu_2,compute,0,1676981026.0,,,1676981031.0,1676981095.0,1676981124.0,75057582.9,1676981134.0,1676981601.0,1676981550.0,1676981554.0,255.0,1676981601.0,1676981606.0,5.0,,103.0,467.0,5.0,29.0,1691153157.0,4.0,1058.0,poseidon,condorpool,poseidon-worker-1-container-0-7,xgboost_hp_tuning,/srv/xgboost_hp_tuning,,1747.9,0,0,0.1,1346602505.0,40.0,3906.0,2.0,1651.8,66.6,3284396.4,4.0
xgboost_hp_tuning_ID0000023_pegasus-plan_ID0000020,cpu_2,compute,0,1676981026.0,,,1676981031.0,1676981555.0,1676981584.0,75045927.7,1676981594.0,1676981967.0,1676981911.0,1676981915.0,268.0,1676981967.0,1676981972.0,5.0,,563.0,373.0,5.0,29.0,1691153157.0,4.0,1090.0,poseidon,condorpool,poseidon-worker-1-container-32-39,xgboost_hp_tuning,/srv/xgboost_hp_tuning,,1373.0,0,0,0.0,1346564751.0,40.0,3757.0,2.0,1277.2,56.2,4343757.3,4.0
xgboost_hp_tuning_ID0000006_pegasus-plan_ID0000020,None,compute,0,1676981026.0,,,1676981031.0,1676981140.0,1676981169.0,75251063.1,1676981179.0,1676981561.0,1676981506.0,1676981510.0,262.0,1676981561.0,1676981566.0,5.0,,148.0,382.0,5.0,29.0,1691153157.0,4.0,1066.0,poseidon,condorpool,poseidon-worker-3-container-8-15,xgboost_hp_tuning,/srv/xgboost_hp_tuning,,1783.2,0,0,0.1,1346566569.0,40.0,3769.0,2.0,1679.7,53.2,4208020.5,4.0
xgboost_hp_tuning_ID0000017_pegasus-plan_ID0000020,None,compute,0,1676981026.0,,,1676981031.0,1676981145.0,1676981174.0,75153532.1,1676981184.0,1676981551.0,1676981496.0,1676981500.0,257.0,1676981551.0,1676981556.0,5.0,,153.0,367.0,5.0,29.0,1691153157.0,4.0,1051.0,poseidon,condorpool,poseidon-worker-3-container-32-39,xgboost_hp_tuning,/srv/xgboost_hp_tuning,,1708.0,0,0,0.1,1346562895.0,40.0,3754.0,2.0,1631.8,61.7,4343751.3,4.0
xgboost_hp_tuning_ID0000005_pegasus-plan_ID0000020,cpu_2,compute,0,1676981026.0,,,1676981031.0,1676981146.0,1676981175.0,75209785.8,1676981185.0,1676981651.0,1676981597.0,1676981601.0,260.0,1676981651.0,1676981656.0,5.0,,154.0,466.0,5.0,29.0,1691153157.0,4.0,1077.0,poseidon,condorpool,poseidon-worker-1-container-40-47,xgboost_hp_tuning,/srv/xgboost_hp_tuning,,1842.1,0,0,0.1,1346603106.0,40.0,3906.0,2.0,1758.1,71.2,3284397.8,4.0
xgboost_hp_tuning_ID0000018_pegasus-plan_ID0000020,cpu_2,compute,0,1676981026.0,,,1676981031.0,1676981136.0,1676981166.0,75122275.5,1676981176.0,1676981626.0,1676981574.0,1676981578.0,259.0,1676981626.0,1676981631.0,5.0,,145.0,450.0,5.0,30.0,1691153157.0,4.0,1054.0,poseidon,condorpool,poseidon-worker-3-container-40-47,xgboost_hp_tuning,/srv/xgboost_hp_tuning,,1674.3,0,0,0.0,1346593527.0,40.0,3875.0,2.0,1561.4,70.6,3452803.9,4.0
xgboost_hp_tuning_ID0000012_pegasus-plan_ID0000020,cpu_2,compute,0,1676981026.0,,,1676981031.0,1676981536.0,1676981565.0,75148582.5,1676981575.0,1676981942.0,1676981888.0,1676981892.0,254.0,1676981942.0,1676981947.0,5.0,,544.0,367.0,5.0,29.0,1691153157.0,4.0,1048.0,poseidon,condorpool,poseidon-worker-1-container-8-15,xgboost_hp_tuning,/srv/xgboost_hp_tuning,,1336.0,0,0,0.1,1346564638.0,40.0,3756.0,2.0,1268.9,52.2,4343756.9,4.0
xgboost_hp_tuning_ID0000019_pegasus-plan_ID0000020,cpu_2,compute,0,1676981026.0,,,1676981031.0,1676981126.0,1676981156.0,75151486.9,1676981165.0,1676981822.0,1676981768.0,1676981772.0,259.0,1676981822.0,1676981827.0,5.0,,134.0,657.0,5.0,30.0,1691153157.0,4.0,1059.0,poseidon,condorpool,poseidon-worker-2-container-8-15,xgboost_hp_tuning,/srv/xgboost_hp_tuning,,2805.3,0,0,0.1,1346675756.0,40.0,4191.0,2.0,2721.7,70.5,2244459.6,4.0
xgboost_hp_tuning_ID0000020_pegasus-plan_ID0000020,cpu_2,compute,0,1676981026.0,,,1676981031.0,1676981106.0,1676981135.0,75065484.2,1676981145.0,1676981636.0,1676981581.0,1676981586.0,258.0,1676981636.0,1676981641.0,5.0,,114.0,491.0,5.0,29.0,1691153157.0,5.0,1062.0,poseidon,condorpool,poseidon-worker-1-container-24-31,xgboost_hp_tuning,/srv/xgboost_hp_tuning,,1926.5,0,0,0.1,1346610545.0,40.0,3936.0,2.0,1833.5,58.0,3131652.4,4.0
xgboost_hp_tuning_ID0000021_pegasus-plan_ID0000020,cpu_2,compute,0,1676981026.0,,,1676981031.0,1676981104.0,1676981133.0,75102579.0,1676981143.0,1676981541.0,1676981488.0,1676981492.0,259.0,1676981541.0,1676981546.0,5.0,,112.0,398.0,5.0,29.0,1691153157.0,4.0,1062.0,poseidon,condorpool,poseidon-worker-2-container-24-31,xgboost_hp_tuning,/srv/xgboost_hp_tuning,,1458.2,0,0,0.0,1346576263.0,40.0,3802.0,2.0,1385.9,45.6,3960518.4,4.0
xgboost_hp_tuning_ID0000010_pegasus-plan_ID0000020,cpu_2,compute,0,1676981026.0,,,1676981031.0,1676981100.0,1676981129.0,75162224.5,1676981139.0,1676981606.0,1676981554.0,1676981559.0,250.0,1676981606.0,1676981611.0,5.0,,108.0,467.0,5.0,29.0,1691153157.0,5.0,1046.0,poseidon,condorpool,poseidon-worker-1-container-16-23,xgboost_hp_tuning,/srv/xgboost_hp_tuning,,1858.4,0,0,0.0,1346602798.0,40.0,3907.0,2.0,1771.7,56.9,3284397.1,4.0
xgboost_hp_tuning_ID0000022_pegasus-plan_ID0000020,cpu_2,compute,0,1676981026.0,,,1676981031.0,1676981097.0,1676981126.0,75134200.0,1676981136.0,1676981496.0,1676981446.0,1676981450.0,259.0,1676981496.0,1676981501.0,5.0,,105.0,360.0,5.0,29.0,1691153157.0,4.0,1061.0,poseidon,condorpool,poseidon-worker-1-container-8-15,xgboost_hp_tuning,/srv/xgboost_hp_tuning,,1327.7,0,0,0.1,1346560548.0,40.0,3741.0,2.0,1236.2,44.8,4488535.2,4.0
xgboost_hp_tuning_ID0000011_pegasus-plan_ID0000020,cpu_2,compute,0,1676981026.0,,,1676981031.0,1676981096.0,1676981125.0,74933341.5,1676981135.0,1676981621.0,1676981570.0,1676981574.0,254.0,1676981621.0,1676981626.0,5.0,,104.0,486.0,5.0,29.0,1691153157.0,4.0,1049.0,poseidon,condorpool,poseidon-worker-2-container-32-39,xgboost_hp_tuning,/srv/xgboost_hp_tuning,,1826.5,0,0,0.1,1346610557.0,40.0,3936.0,2.0,1744.1,58.8,3131652.5,4.0
xgboost_hp_tuning_ID0000016_pegasus-plan_ID0000020,cpu_2,compute,0,1676981026.0,,,1676981031.0,1676981146.0,1676981176.0,74964768.4,1676981186.0,1676981636.0,1676981584.0,1676981588.0,258.0,1676981636.0,1676981641.0,5.0,,155.0,450.0,5.0,30.0,1691153157.0,4.0,1055.0,poseidon,condorpool,poseidon-worker-3-container-16-23,xgboost_hp_tuning,/srv/xgboost_hp_tuning,,1769.1,0,0,0.1,1346593574.0,40.0,3875.0,2.0,1662.5,62.6,3452804.0,4.0
xgboost_hp_tuning_ID0000004_pegasus-plan_ID0000020,cpu_2,compute,0,1676981026.0,,,1676981031.0,1676981152.0,1676981181.0,74884603.6,1676981191.0,1676981656.0,1676981605.0,1676981609.0,263.0,1676981656.0,1676981661.0,5.0,,160.0,465.0,5.0,29.0,1691153157.0,4.0,1062.0,poseidon,condorpool,poseidon-worker-3-container-24-31,xgboost_hp_tuning,/srv/xgboost_hp_tuning,,1778.6,0,0,0.0,1346601184.0,40.0,3904.0,2.0,1700.5,54.7,3284393.1,4.0
xgboost_hp_tuning_ID0000015_pegasus-plan_ID0000020,cpu_2,compute,0,1676981026.0,,,1676981031.0,1676981161.0,1676981190.0,75031472.1,1676981200.0,1676981661.0,1676981609.0,1676981613.0,257.0,1676981661.0,1676981666.0,5.0,,169.0,461.0,5.0,29.0,1691153157.0,4.0,1056.0,poseidon,condorpool,poseidon-worker-2-container-40-47,xgboost_hp_tuning,/srv/xgboost_hp_tuning,,1838.2,0,0,0.0,1346599208.0,40.0,3891.0,2.0,1719.3,66.8,3366498.0,4.0
xgboost_hp_tuning_ID0000003_pegasus-plan_ID0000020,cpu_2,compute,0,1676981026.0,,,1676981031.0,1676981165.0,1676981194.0,74614011.5,1676981204.0,1676981601.0,1676981549.0,1676981553.0,257.0,1676981601.0,1676981606.0,5.0,,173.0,397.0,5.0,29.0,1691153157.0,4.0,1067.0,poseidon,condorpool,poseidon-worker-2-container-16-23,xgboost_hp_tuning,/srv/xgboost_hp_tuning,,1459.3,0,0,0.0,1346576236.0,40.0,3801.0,2.0,1371.5,61.9,3960518.3,4.0
xgboost_hp_tuning_ID0000014_pegasus-plan_ID0000020,None,compute,0,1676981026.0,,,1676981031.0,1676981169.0,1676981199.0,75007022.5,1676981208.0,1676981596.0,1676981543.0,1676981547.0,257.0,1676981596.0,1676981601.0,5.0,,177.0,388.0,5.0,30.0,1691153157.0,4.0,1054.0,poseidon,condorpool,poseidon-worker-2-container-0-7,xgboost_hp_tuning,/srv/xgboost_hp_tuning,,1909.3,0,0,0.1,1346572118.0,40.0,3786.0,2.0,1815.6,63.2,4080521.6,4.0
xgboost_hp_tuning_ID0000008_pegasus-plan_ID0000020,cpu_2,compute,0,1676981026.0,,,1676981031.0,1676981113.0,1676981142.0,75032174.2,1676981152.0,1676981556.0,1676981503.0,1676981507.0,254.0,1676981556.0,1676981561.0,5.0,,121.0,404.0,5.0,29.0,1691153157.0,4.0,1059.0,poseidon,condorpool,poseidon-worker-1-container-32-39,xgboost_hp_tuning,/srv/xgboost_hp_tuning,,1543.8,0,0,0.0,1346579830.0,40.0,3817.0,2.0,1488.5,50.0,3847370.9,4.0
xgboost_hp_tuning_ID0000007_pegasus-plan_ID0000020,cpu_2,compute,0,1676981026.0,,,1676981031.0,1676981131.0,1676981160.0,75228450.8,1676981170.0,1676981601.0,1676981546.0,1676981550.0,255.0,1676981601.0,1676981606.0,5.0,,139.0,431.0,5.0,29.0,1691153157.0,4.0,1067.0,poseidon,condorpool,poseidon-worker-3-container-0-7,xgboost_hp_tuning,/srv/xgboost_hp_tuning,,1618.7,0,0,0.0,1346585499.0,40.0,3844.0,2.0,1519.9,62.7,3639420.3,4.0
stage_out_local_condorpool_0_2_pegasus-plan_ID0000016,None,transfer,0,1676981116.0,,,1676981121.0,,,0.0,1676981121.0,1676981131.0,1676981121.0,1676981125.0,1841.0,1676981131.0,1676981136.0,5.0,,0.0,10.0,5.0,,,4.0,7421.0,poseidon,local,host-10-100-100-12.openstacklocal,pegasus::transfer,/home/poseidon/pegasus-5.1.0panorama/bin/pegasus-transfer,/home/poseidon/pegasus-5.1.0panorama/bin/../bin/pegasus-kickstart  -n pegasus::transfer -N null -i - -R local  -L xgboost_hp_tuning_group_1 -T 2023-02-21T12:02:47+00:00 /home/poseidon/pegasus-5.1.0panorama/bin/../bin/pegasus-transfer  --threads 2,1.0,0,0,,,,,,,,,
stage_out_local_condorpool_0_1_pegasus-plan_ID0000016,None,transfer,0,1676981121.0,,,1676981126.0,,,0.0,1676981126.0,1676981136.0,1676981126.0,1676981130.0,2106.0,1676981136.0,1676981141.0,5.0,,0.0,10.0,5.0,,,4.0,8499.0,poseidon,local,host-10-100-100-12.openstacklocal,pegasus::transfer,/home/poseidon/pegasus-5.1.0panorama/bin/pegasus-transfer,/home/poseidon/pegasus-5.1.0panorama/bin/../bin/pegasus-kickstart  -n pegasus::transfer -N null -i - -R local  -L xgboost_hp_tuning_group_1 -T 2023-02-21T12:02:47+00:00 /home/poseidon/pegasus-5.1.0panorama/bin/../bin/pegasus-transfer  --threads 2,1.1,0,0,,,,,,,,,
xgboost_best_params_ID0000024_pegasus-plan_ID0000016,cpu_2,compute,0,1676981121.0,,,1676981126.0,1676981090.0,1676981107.0,39791186.0,1676981129.0,1676981166.0,1676981113.0,1676981117.0,253.0,1676981166.0,1676981171.0,5.0,,3.0,37.0,5.0,17.0,368018649.0,4.0,1055.0,poseidon,condorpool,poseidon-worker-2-container-8-15,xgboost_best_params,/srv/xgboost_best_params,,0.0,0,0,,,,,,,,,
stage_out_local_condorpool_0_0_pegasus-plan_ID0000016,None,transfer,0,1676981121.0,,,1676981126.0,,,0.0,1676981126.0,1676981136.0,1676981126.0,1676981130.0,2097.0,1676981136.0,1676981141.0,5.0,,0.0,10.0,5.0,,,4.0,8460.0,poseidon,local,host-10-100-100-12.openstacklocal,pegasus::transfer,/home/poseidon/pegasus-5.1.0panorama/bin/pegasus-transfer,/home/poseidon/pegasus-5.1.0panorama/bin/../bin/pegasus-kickstart  -n pegasus::transfer -N null -i - -R local  -L xgboost_hp_tuning_group_1 -T 2023-02-21T12:02:47+00:00 /home/poseidon/pegasus-5.1.0panorama/bin/../bin/pegasus-transfer  --threads 2,1.0,0,0,,,,,,,,,
register_condorpool_0_2_pegasus-plan_ID0000016,None,auxiliary,0,1676981136.0,,,1676981141.0,,,0.0,1676981141.0,1676981146.0,,,0.0,1676981146.0,1676981151.0,5.0,,0.0,5.0,5.0,,,,,poseidon,local,host-10-100-100-12.openstacklocal,pegasus::rc-client,/home/poseidon/pegasus-5.1.0panorama/bin/pegasus-rc-client,"-n pegasus::rc-client -N null -R local  -L xgboost_hp_tuning_group_1 -T 2023-02-21T12:02:47+00:00 /home/poseidon/pegasus-5.1.0panorama/bin/pegasus-rc-client --prefix pegasus.catalog.replica.output --conf /home/poseidon/workflows/predict-future-sales-workflow/submit/poseidon/pegasus/predict-future-sales/run0058/00/00/./xgboost_hp_tuning_group_1.000/pegasus.10227428727646929890.properties -v --meta /home/poseidon/workflows/predict-future-sales-workflow/submit/poseidon/pegasus/predict-future-sales/run0058/00/00/./xgboost_hp_tuning_group_1.000/00/00/xgboost_hp_tuning_ID0000014.meta,/home/poseidon/workflows/predict-future-sales-workflow/submit/poseidon/pegasus/predict-future-sales/run0058/00/00/./xgboost_hp_tuning_group_1.000/00/00/xgboost_hp_tuning_ID0000001.meta,/home/poseidon/workflows/predict-future-sales-workflow/submit/poseidon/pegasus/predict-future-sales/run0058/00/00/./xgboost_hp_tuning_group_1.000/00/00/xgboost_hp_tuning_ID0000007.meta,/home/poseidon/workflows/predict-future-sales-workflow/submit/poseidon/pegasus/predict-future-sales/run0058/00/00/./xgboost_hp_tuning_group_1.000/00/00/xgboost_hp_tuning_ID0000004.meta,/home/poseidon/workflows/predict-future-sales-workflow/submit/poseidon/pegasus/predict-future-sales/run0058/00/00/./xgboost_hp_tuning_group_1.000/00/00/xgboost_hp_tuning_ID0000022.meta,/home/poseidon/workflows/predict-future-sales-workflow/submit/poseidon/pegasus/predict-future-sales/run0058/00/00/./xgboost_hp_tuning_group_1.000/00/00/xgboost_hp_tuning_ID0000020.meta,/home/poseidon/workflows/predict-future-sales-workflow/submit/poseidon/pegasus/predict-future-sales/run0058/00/00/./xgboost_hp_tuning_group_1.000/00/00/xgboost_hp_tuning_ID0000017.meta --insert /home/poseidon/workflows/predict-future-sales-workflow/submit/poseidon/pegasus/predict-future-sales/run0058/00/00/./xgboost_hp_tuning_group_1.000/00/00/register_condorpool_0_2.in",3.0,0,0,,,,,,,,,
register_condorpool_0_0_pegasus-plan_ID0000016,None,auxiliary,0,1676981141.0,,,1676981161.0,,,0.0,1676981161.0,1676981166.0,,,0.0,1676981166.0,1676981171.0,20.0,,0.0,5.0,5.0,,,,,poseidon,local,host-10-100-100-12.openstacklocal,pegasus::rc-client,/home/poseidon/pegasus-5.1.0panorama/bin/pegasus-rc-client,"-n pegasus::rc-client -N null -R local  -L xgboost_hp_tuning_group_1 -T 2023-02-21T12:02:47+00:00 /home/poseidon/pegasus-5.1.0panorama/bin/pegasus-rc-client --prefix pegasus.catalog.replica.output --conf /home/poseidon/workflows/predict-future-sales-workflow/submit/poseidon/pegasus/predict-future-sales/run0058/00/00/./xgboost_hp_tuning_group_1.000/pegasus.10227428727646929890.properties -v --meta /home/poseidon/workflows/predict-future-sales-workflow/submit/poseidon/pegasus/predict-future-sales/run0058/00/00/./xgboost_hp_tuning_group_1.000/00/00/xgboost_hp_tuning_ID0000018.meta,/home/poseidon/workflows/predict-future-sales-workflow/submit/poseidon/pegasus/predict-future-sales/run0058/00/00/./xgboost_hp_tuning_group_1.000/00/00/xgboost_hp_tuning_ID0000009.meta,/home/poseidon/workflows/predict-future-sales-workflow/submit/poseidon/pegasus/predict-future-sales/run0058/00/00/./xgboost_hp_tuning_group_1.000/00/00/xgboost_hp_tuning_ID0000012.meta,/home/poseidon/workflows/predict-future-sales-workflow/submit/poseidon/pegasus/predict-future-sales/run0058/00/00/./xgboost_hp_tuning_group_1.000/00/00/xgboost_hp_tuning_ID0000008.meta,/home/poseidon/workflows/predict-future-sales-workflow/submit/poseidon/pegasus/predict-future-sales/run0058/00/00/./xgboost_hp_tuning_group_1.000/00/00/xgboost_hp_tuning_ID0000010.meta,/home/poseidon/workflows/predict-future-sales-workflow/submit/poseidon/pegasus/predict-future-sales/run0058/00/00/./xgboost_hp_tuning_group_1.000/00/00/xgboost_hp_tuning_ID0000002.meta,/home/poseidon/workflows/predict-future-sales-workflow/submit/poseidon/pegasus/predict-future-sales/run0058/00/00/./xgboost_hp_tuning_group_1.000/00/00/xgboost_hp_tuning_ID0000005.meta,/home/poseidon/workflows/predict-future-sales-workflow/submit/poseidon/pegasus/predict-future-sales/run0058/00/00/./xgboost_hp_tuning_group_1.000/00/00/xgboost_hp_tuning_ID0000015.meta --insert /home/poseidon/workflows/predict-future-sales-workflow/submit/poseidon/pegasus/predict-future-sales/run0058/00/00/./xgboost_hp_tuning_group_1.000/00/00/register_condorpool_0_0.in",3.1,0,0,,,,,,,,,
register_condorpool_0_1_pegasus-plan_ID0000016,None,auxiliary,0,1676981141.0,,,1676981151.0,,,0.0,1676981151.0,1676981156.0,,,0.0,1676981156.0,1676981161.0,10.0,,0.0,5.0,5.0,,,,,poseidon,local,host-10-100-100-12.openstacklocal,pegasus::rc-client,/home/poseidon/pegasus-5.1.0panorama/bin/pegasus-rc-client,"-n pegasus::rc-client -N null -R local  -L xgboost_hp_tuning_group_1 -T 2023-02-21T12:02:47+00:00 /home/poseidon/pegasus-5.1.0panorama/bin/pegasus-rc-client --prefix pegasus.catalog.replica.output --conf /home/poseidon/workflows/predict-future-sales-workflow/submit/poseidon/pegasus/predict-future-sales/run0058/00/00/./xgboost_hp_tuning_group_1.000/pegasus.10227428727646929890.properties -v --meta /home/poseidon/workflows/predict-future-sales-workflow/submit/poseidon/pegasus/predict-future-sales/run0058/00/00/./xgboost_hp_tuning_group_1.000/00/00/xgboost_hp_tuning_ID0000019.meta,/home/poseidon/workflows/predict-future-sales-workflow/submit/poseidon/pegasus/predict-future-sales/run0058/00/00/./xgboost_hp_tuning_group_1.000/00/00/xgboost_hp_tuning_ID0000003.meta,/home/poseidon/workflows/predict-future-sales-workflow/submit/poseidon/pegasus/predict-future-sales/run0058/00/00/./xgboost_hp_tuning_group_1.000/00/00/xgboost_hp_tuning_ID0000006.meta,/home/poseidon/workflows/predict-future-sales-workflow/submit/poseidon/pegasus/predict-future-sales/run0058/00/00/./xgboost_hp_tuning_group_1.000/00/00/xgboost_hp_tuning_ID0000016.meta,/home/poseidon/workflows/predict-future-sales-workflow/submit/poseidon/pegasus/predict-future-sales/run0058/00/00/./xgboost_hp_tuning_group_1.000/00/00/xgboost_hp_tuning_ID0000013.meta,/home/poseidon/workflows/predict-future-sales-workflow/submit/poseidon/pegasus/predict-future-sales/run0058/00/00/./xgboost_hp_tuning_group_1.000/00/00/xgboost_hp_tuning_ID0000023.meta,/home/poseidon/workflows/predict-future-sales-workflow/submit/poseidon/pegasus/predict-future-sales/run0058/00/00/./xgboost_hp_tuning_group_1.000/00/00/xgboost_hp_tuning_ID0000011.meta,/home/poseidon/workflows/predict-future-sales-workflow/submit/poseidon/pegasus/predict-future-sales/run0058/00/00/./xgboost_hp_tuning_group_1.000/00/00/xgboost_hp_tuning_ID0000021.meta --insert /home/poseidon/workflows/predict-future-sales-workflow/submit/poseidon/pegasus/predict-future-sales/run0058/00/00/./xgboost_hp_tuning_group_1.000/00/00/register_condorpool_0_1.in",3.0,0,0,,,,,,,,,
stage_out_local_condorpool_1_0_pegasus-plan_ID0000016,None,transfer,0,1676981171.0,,,1676981176.0,,,0.0,1676981176.0,1676981186.0,1676981176.0,1676981181.0,1212.0,1676981186.0,1676981191.0,5.0,,0.0,10.0,5.0,,,5.0,5275.0,poseidon,local,host-10-100-100-12.openstacklocal,pegasus::transfer,/home/poseidon/pegasus-5.1.0panorama/bin/pegasus-transfer,/home/poseidon/pegasus-5.1.0panorama/bin/../bin/pegasus-kickstart  -n pegasus::transfer -N null -i - -R local  -L xgboost_hp_tuning_group_1 -T 2023-02-21T12:02:47+00:00 /home/poseidon/pegasus-5.1.0panorama/bin/../bin/pegasus-transfer  --threads 2,0.7,0,0,,,,,,,,,
register_condorpool_1_0_pegasus-plan_ID0000016,None,auxiliary,0,1676981191.0,,,1676981196.0,,,0.0,1676981196.0,1676981201.0,,,0.0,1676981201.0,1676981206.0,5.0,,0.0,5.0,5.0,,,,,poseidon,local,host-10-100-100-12.openstacklocal,pegasus::rc-client,/home/poseidon/pegasus-5.1.0panorama/bin/pegasus-rc-client,-n pegasus::rc-client -N null -R local  -L xgboost_hp_tuning_group_1 -T 2023-02-21T12:02:47+00:00 /home/poseidon/pegasus-5.1.0panorama/bin/pegasus-rc-client --prefix pegasus.catalog.replica.output --conf /home/poseidon/workflows/predict-future-sales-workflow/submit/poseidon/pegasus/predict-future-sales/run0058/00/00/./xgboost_hp_tuning_group_1.000/pegasus.10227428727646929890.properties -v --meta /home/poseidon/workflows/predict-future-sales-workflow/submit/poseidon/pegasus/predict-future-sales/run0058/00/00/./xgboost_hp_tuning_group_1.000/00/00/xgboost_best_params_ID0000024.meta --insert /home/poseidon/workflows/predict-future-sales-workflow/submit/poseidon/pegasus/predict-future-sales/run0058/00/00/./xgboost_hp_tuning_group_1.000/00/00/register_condorpool_1_0.in,3.0,0,0,,,,,,,,,
stage_out_local_condorpool_0_0_pegasus-plan_ID0000012,None,transfer,0,1676981196.0,,,1676981201.0,,,0.0,1676981201.0,1676981211.0,1676981201.0,1676981205.0,2099.0,1676981211.0,1676981216.0,5.0,,0.0,10.0,5.0,,,4.0,8465.0,poseidon,local,host-10-100-100-12.openstacklocal,pegasus::transfer,/home/poseidon/pegasus-5.1.0panorama/bin/pegasus-transfer,/home/poseidon/pegasus-5.1.0panorama/bin/../bin/pegasus-kickstart  -n pegasus::transfer -N null -i - -R local  -L xgboost_hp_tuning_group_0 -T 2023-02-21T12:02:52+00:00 /home/poseidon/pegasus-5.1.0panorama/bin/../bin/pegasus-transfer  --threads 2,1.1,0,0,,,,,,,,,
xgboost_model_ID0000017,cpu_2,compute,0,1676981210.0,,,1676981215.0,1676981459.0,1676981475.0,45628635.8,1676981498.0,1676981541.0,1676981486.0,1676981490.0,143790.0,1676981541.0,1676981546.0,5.0,,283.0,43.0,5.0,16.0,377645122.0,4.0,620445.0,poseidon,condorpool,poseidon-worker-1-container-8-15,xgboost_model,/srv/xgboost_model,,12.4,0,0,,,,,,,,,
stage_out_local_condorpool_0_1_pegasus-plan_ID0000012,None,transfer,0,1676981211.0,,,1676981216.0,,,0.0,1676981221.0,1676981231.0,1676981221.0,1676981225.0,2107.0,1676981231.0,1676981236.0,5.0,,5.0,10.0,5.0,,,4.0,8502.0,poseidon,local,host-10-100-100-12.openstacklocal,pegasus::transfer,/home/poseidon/pegasus-5.1.0panorama/bin/pegasus-transfer,/home/poseidon/pegasus-5.1.0panorama/bin/../bin/pegasus-kickstart  -n pegasus::transfer -N null -i - -R local  -L xgboost_hp_tuning_group_0 -T 2023-02-21T12:02:52+00:00 /home/poseidon/pegasus-5.1.0panorama/bin/../bin/pegasus-transfer  --threads 2,1.0,0,0,,,,,,,,,
xgboost_best_params_ID0000024_pegasus-plan_ID0000012,cpu_2,compute,0,1676981216.0,,,1676981221.0,1676981499.0,1676981516.0,39748648.7,1676981538.0,1676981576.0,1676981523.0,1676981527.0,264.0,1676981576.0,1676981581.0,5.0,,317.0,38.0,5.0,17.0,368018658.0,4.0,1090.0,poseidon,condorpool,poseidon-worker-1-container-8-15,xgboost_best_params,/srv/xgboost_best_params,,0.1,0,0,,,,,,,,,
register_condorpool_0_0_pegasus-plan_ID0000012,None,auxiliary,0,1676981216.0,,,1676981221.0,,,0.0,1676981226.0,1676981231.0,,,0.0,1676981231.0,1676981236.0,5.0,,5.0,5.0,5.0,,,,,poseidon,local,host-10-100-100-12.openstacklocal,pegasus::rc-client,/home/poseidon/pegasus-5.1.0panorama/bin/pegasus-rc-client,"-n pegasus::rc-client -N null -R local  -L xgboost_hp_tuning_group_0 -T 2023-02-21T12:02:52+00:00 /home/poseidon/pegasus-5.1.0panorama/bin/pegasus-rc-client --prefix pegasus.catalog.replica.output --conf /home/poseidon/workflows/predict-future-sales-workflow/submit/poseidon/pegasus/predict-future-sales/run0058/00/00/./xgboost_hp_tuning_group_0.000/pegasus.10905119363763125979.properties -v --meta /home/poseidon/workflows/predict-future-sales-workflow/submit/poseidon/pegasus/predict-future-sales/run0058/00/00/./xgboost_hp_tuning_group_0.000/00/00/xgboost_hp_tuning_ID0000018.meta,/home/poseidon/workflows/predict-future-sales-workflow/submit/poseidon/pegasus/predict-future-sales/run0058/00/00/./xgboost_hp_tuning_group_0.000/00/00/xgboost_hp_tuning_ID0000002.meta,/home/poseidon/workflows/predict-future-sales-workflow/submit/poseidon/pegasus/predict-future-sales/run0058/00/00/./xgboost_hp_tuning_group_0.000/00/00/xgboost_hp_tuning_ID0000005.meta,/home/poseidon/workflows/predict-future-sales-workflow/submit/poseidon/pegasus/predict-future-sales/run0058/00/00/./xgboost_hp_tuning_group_0.000/00/00/xgboost_hp_tuning_ID0000009.meta,/home/poseidon/workflows/predict-future-sales-workflow/submit/poseidon/pegasus/predict-future-sales/run0058/00/00/./xgboost_hp_tuning_group_0.000/00/00/xgboost_hp_tuning_ID0000015.meta,/home/poseidon/workflows/predict-future-sales-workflow/submit/poseidon/pegasus/predict-future-sales/run0058/00/00/./xgboost_hp_tuning_group_0.000/00/00/xgboost_hp_tuning_ID0000012.meta,/home/poseidon/workflows/predict-future-sales-workflow/submit/poseidon/pegasus/predict-future-sales/run0058/00/00/./xgboost_hp_tuning_group_0.000/00/00/xgboost_hp_tuning_ID0000010.meta,/home/poseidon/workflows/predict-future-sales-workflow/submit/poseidon/pegasus/predict-future-sales/run0058/00/00/./xgboost_hp_tuning_group_0.000/00/00/xgboost_hp_tuning_ID0000008.meta --insert /home/poseidon/workflows/predict-future-sales-workflow/submit/poseidon/pegasus/predict-future-sales/run0058/00/00/./xgboost_hp_tuning_group_0.000/00/00/register_condorpool_0_0.in",2.9,0,0,,,,,,,,,
stage_out_local_condorpool_0_2_pegasus-plan_ID0000012,None,transfer,0,1676981216.0,,,1676981221.0,,,0.0,1676981226.0,1676981236.0,1676981226.0,1676981230.0,1840.0,1676981236.0,1676981241.0,5.0,,5.0,10.0,5.0,,,4.0,7422.0,poseidon,local,host-10-100-100-12.openstacklocal,pegasus::transfer,/home/poseidon/pegasus-5.1.0panorama/bin/pegasus-transfer,/home/poseidon/pegasus-5.1.0panorama/bin/../bin/pegasus-kickstart  -n pegasus::transfer -N null -i - -R local  -L xgboost_hp_tuning_group_0 -T 2023-02-21T12:02:52+00:00 /home/poseidon/pegasus-5.1.0panorama/bin/../bin/pegasus-transfer  --threads 2,1.0,0,0,,,,,,,,,
register_condorpool_0_1_pegasus-plan_ID0000012,None,auxiliary,0,1676981236.0,,,1676981241.0,,,0.0,1676981241.0,1676981246.0,,,0.0,1676981246.0,1676981251.0,5.0,,0.0,5.0,5.0,,,,,poseidon,local,host-10-100-100-12.openstacklocal,pegasus::rc-client,/home/poseidon/pegasus-5.1.0panorama/bin/pegasus-rc-client,"-n pegasus::rc-client -N null -R local  -L xgboost_hp_tuning_group_0 -T 2023-02-21T12:02:52+00:00 /home/poseidon/pegasus-5.1.0panorama/bin/pegasus-rc-client --prefix pegasus.catalog.replica.output --conf /home/poseidon/workflows/predict-future-sales-workflow/submit/poseidon/pegasus/predict-future-sales/run0058/00/00/./xgboost_hp_tuning_group_0.000/pegasus.10905119363763125979.properties -v --meta /home/poseidon/workflows/predict-future-sales-workflow/submit/poseidon/pegasus/predict-future-sales/run0058/00/00/./xgboost_hp_tuning_group_0.000/00/00/xgboost_hp_tuning_ID0000013.meta,/home/poseidon/workflows/predict-future-sales-workflow/submit/poseidon/pegasus/predict-future-sales/run0058/00/00/./xgboost_hp_tuning_group_0.000/00/00/xgboost_hp_tuning_ID0000023.meta,/home/poseidon/workflows/predict-future-sales-workflow/submit/poseidon/pegasus/predict-future-sales/run0058/00/00/./xgboost_hp_tuning_group_0.000/00/00/xgboost_hp_tuning_ID0000011.meta,/home/poseidon/workflows/predict-future-sales-workflow/submit/poseidon/pegasus/predict-future-sales/run0058/00/00/./xgboost_hp_tuning_group_0.000/00/00/xgboost_hp_tuning_ID0000006.meta,/home/poseidon/workflows/predict-future-sales-workflow/submit/poseidon/pegasus/predict-future-sales/run0058/00/00/./xgboost_hp_tuning_group_0.000/00/00/xgboost_hp_tuning_ID0000003.meta,/home/poseidon/workflows/predict-future-sales-workflow/submit/poseidon/pegasus/predict-future-sales/run0058/00/00/./xgboost_hp_tuning_group_0.000/00/00/xgboost_hp_tuning_ID0000021.meta,/home/poseidon/workflows/predict-future-sales-workflow/submit/poseidon/pegasus/predict-future-sales/run0058/00/00/./xgboost_hp_tuning_group_0.000/00/00/xgboost_hp_tuning_ID0000019.meta,/home/poseidon/workflows/predict-future-sales-workflow/submit/poseidon/pegasus/predict-future-sales/run0058/00/00/./xgboost_hp_tuning_group_0.000/00/00/xgboost_hp_tuning_ID0000016.meta --insert /home/poseidon/workflows/predict-future-sales-workflow/submit/poseidon/pegasus/predict-future-sales/run0058/00/00/./xgboost_hp_tuning_group_0.000/00/00/register_condorpool_0_1.in",2.9,0,0,,,,,,,,,
register_condorpool_0_2_pegasus-plan_ID0000012,None,auxiliary,0,1676981241.0,,,1676981251.0,,,0.0,1676981251.0,1676981256.0,,,0.0,1676981256.0,1676981261.0,10.0,,0.0,5.0,5.0,,,,,poseidon,local,host-10-100-100-12.openstacklocal,pegasus::rc-client,/home/poseidon/pegasus-5.1.0panorama/bin/pegasus-rc-client,"-n pegasus::rc-client -N null -R local  -L xgboost_hp_tuning_group_0 -T 2023-02-21T12:02:52+00:00 /home/poseidon/pegasus-5.1.0panorama/bin/pegasus-rc-client --prefix pegasus.catalog.replica.output --conf /home/poseidon/workflows/predict-future-sales-workflow/submit/poseidon/pegasus/predict-future-sales/run0058/00/00/./xgboost_hp_tuning_group_0.000/pegasus.10905119363763125979.properties -v --meta /home/poseidon/workflows/predict-future-sales-workflow/submit/poseidon/pegasus/predict-future-sales/run0058/00/00/./xgboost_hp_tuning_group_0.000/00/00/xgboost_hp_tuning_ID0000017.meta,/home/poseidon/workflows/predict-future-sales-workflow/submit/poseidon/pegasus/predict-future-sales/run0058/00/00/./xgboost_hp_tuning_group_0.000/00/00/xgboost_hp_tuning_ID0000022.meta,/home/poseidon/workflows/predict-future-sales-workflow/submit/poseidon/pegasus/predict-future-sales/run0058/00/00/./xgboost_hp_tuning_group_0.000/00/00/xgboost_hp_tuning_ID0000007.meta,/home/poseidon/workflows/predict-future-sales-workflow/submit/poseidon/pegasus/predict-future-sales/run0058/00/00/./xgboost_hp_tuning_group_0.000/00/00/xgboost_hp_tuning_ID0000020.meta,/home/poseidon/workflows/predict-future-sales-workflow/submit/poseidon/pegasus/predict-future-sales/run0058/00/00/./xgboost_hp_tuning_group_0.000/00/00/xgboost_hp_tuning_ID0000001.meta,/home/poseidon/workflows/predict-future-sales-workflow/submit/poseidon/pegasus/predict-future-sales/run0058/00/00/./xgboost_hp_tuning_group_0.000/00/00/xgboost_hp_tuning_ID0000004.meta,/home/poseidon/workflows/predict-future-sales-workflow/submit/poseidon/pegasus/predict-future-sales/run0058/00/00/./xgboost_hp_tuning_group_0.000/00/00/xgboost_hp_tuning_ID0000014.meta --insert /home/poseidon/workflows/predict-future-sales-workflow/submit/poseidon/pegasus/predict-future-sales/run0058/00/00/./xgboost_hp_tuning_group_0.000/00/00/register_condorpool_0_2.in",2.8,0,0,,,,,,,,,
model_predict_ID0000018,cpu_2,compute,0,1676981546.0,,,1676981551.0,1676981516.0,1676981534.0,44681259.0,1676981555.0,1676981596.0,1676981542.0,1676981546.0,6011.0,1676981596.0,1676981601.0,5.0,,4.0,41.0,5.0,18.0,368722932.0,4.0,25035.0,poseidon,condorpool,poseidon-worker-1-container-32-39,model_predict,/srv/model_predict,,2.2,0,0,,,,,,,,,
stage_out_local_condorpool_1_0_pegasus-plan_ID0000012,None,transfer,0,1676981581.0,,,1676981586.0,,,0.0,1676981586.0,1676981596.0,1676981586.0,1676981591.0,1264.0,1676981596.0,1676981601.0,5.0,,0.0,10.0,5.0,,,5.0,5450.0,poseidon,local,host-10-100-100-12.openstacklocal,pegasus::transfer,/home/poseidon/pegasus-5.1.0panorama/bin/pegasus-transfer,/home/poseidon/pegasus-5.1.0panorama/bin/../bin/pegasus-kickstart  -n pegasus::transfer -N null -i - -R local  -L xgboost_hp_tuning_group_0 -T 2023-02-21T12:02:52+00:00 /home/poseidon/pegasus-5.1.0panorama/bin/../bin/pegasus-transfer  --threads 2,0.7,0,0,,,,,,,,,
register_condorpool_1_0_pegasus-plan_ID0000012,None,auxiliary,0,1676981601.0,,,1676981606.0,,,0.0,1676981606.0,1676981611.0,,,0.0,1676981611.0,1676981616.0,5.0,,0.0,5.0,5.0,,,,,poseidon,local,host-10-100-100-12.openstacklocal,pegasus::rc-client,/home/poseidon/pegasus-5.1.0panorama/bin/pegasus-rc-client,-n pegasus::rc-client -N null -R local  -L xgboost_hp_tuning_group_0 -T 2023-02-21T12:02:52+00:00 /home/poseidon/pegasus-5.1.0panorama/bin/pegasus-rc-client --prefix pegasus.catalog.replica.output --conf /home/poseidon/workflows/predict-future-sales-workflow/submit/poseidon/pegasus/predict-future-sales/run0058/00/00/./xgboost_hp_tuning_group_0.000/pegasus.10905119363763125979.properties -v --meta /home/poseidon/workflows/predict-future-sales-workflow/submit/poseidon/pegasus/predict-future-sales/run0058/00/00/./xgboost_hp_tuning_group_0.000/00/00/xgboost_best_params_ID0000024.meta --insert /home/poseidon/workflows/predict-future-sales-workflow/submit/poseidon/pegasus/predict-future-sales/run0058/00/00/./xgboost_hp_tuning_group_0.000/00/00/register_condorpool_1_0.in,2.9,0,0,,,,,,,,,
xgboost_model_ID0000013,cpu_2,compute,0,1676981616.0,,,1676981621.0,1676981584.0,1676981603.0,51268988.7,1676981623.0,1676981671.0,1676981616.0,1676981621.0,473369.0,1676981671.0,1676981676.0,5.0,,2.0,48.0,5.0,19.0,502671220.0,5.0,2043601.0,poseidon,condorpool,poseidon-worker-2-container-32-39,xgboost_model,/srv/xgboost_model,,22.7,0,0,,,,,,,,,
model_predict_ID0000014,cpu_2,compute,0,1676981676.0,,,1676981681.0,1676981643.0,1676981659.0,45190605.8,1676981682.0,1676981721.0,1676981667.0,1676981672.0,103533.0,1676981721.0,1676981726.0,5.0,,1.0,39.0,5.0,16.0,372230814.0,5.0,451213.0,poseidon,condorpool,poseidon-worker-3-container-24-31,model_predict,/srv/model_predict,,2.4,0,0,,,,,,,,,
stage_out_local_condorpool_0_2_pegasus-plan_ID0000020,None,transfer,0,1676981942.0,,,1676981947.0,,,0.0,1676981947.0,1676981957.0,1676981948.0,1676981952.0,1839.0,1676981957.0,1676981962.0,5.0,,0.0,10.0,5.0,,,4.0,7421.0,poseidon,local,host-10-100-100-12.openstacklocal,pegasus::transfer,/home/poseidon/pegasus-5.1.0panorama/bin/pegasus-transfer,/home/poseidon/pegasus-5.1.0panorama/bin/../bin/pegasus-kickstart  -n pegasus::transfer -N null -i - -R local  -L xgboost_hp_tuning_group_2 -T 2023-02-21T12:02:47+00:00 /home/poseidon/pegasus-5.1.0panorama/bin/../bin/pegasus-transfer  --threads 2,0.9,0,0,,,,,,,,,
register_condorpool_0_2_pegasus-plan_ID0000020,None,auxiliary,0,1676981962.0,,,1676981967.0,,,0.0,1676981967.0,1676981972.0,,,0.0,1676981972.0,1676981977.0,5.0,,0.0,5.0,5.0,,,,,poseidon,local,host-10-100-100-12.openstacklocal,pegasus::rc-client,/home/poseidon/pegasus-5.1.0panorama/bin/pegasus-rc-client,"-n pegasus::rc-client -N null -R local  -L xgboost_hp_tuning_group_2 -T 2023-02-21T12:02:47+00:00 /home/poseidon/pegasus-5.1.0panorama/bin/pegasus-rc-client --prefix pegasus.catalog.replica.output --conf /home/poseidon/workflows/predict-future-sales-workflow/submit/poseidon/pegasus/predict-future-sales/run0058/00/00/./xgboost_hp_tuning_group_2.000/pegasus.16858826458245349966.properties -v --meta /home/poseidon/workflows/predict-future-sales-workflow/submit/poseidon/pegasus/predict-future-sales/run0058/00/00/./xgboost_hp_tuning_group_2.000/00/00/xgboost_hp_tuning_ID0000014.meta,/home/poseidon/workflows/predict-future-sales-workflow/submit/poseidon/pegasus/predict-future-sales/run0058/00/00/./xgboost_hp_tuning_group_2.000/00/00/xgboost_hp_tuning_ID0000001.meta,/home/poseidon/workflows/predict-future-sales-workflow/submit/poseidon/pegasus/predict-future-sales/run0058/00/00/./xgboost_hp_tuning_group_2.000/00/00/xgboost_hp_tuning_ID0000007.meta,/home/poseidon/workflows/predict-future-sales-workflow/submit/poseidon/pegasus/predict-future-sales/run0058/00/00/./xgboost_hp_tuning_group_2.000/00/00/xgboost_hp_tuning_ID0000004.meta,/home/poseidon/workflows/predict-future-sales-workflow/submit/poseidon/pegasus/predict-future-sales/run0058/00/00/./xgboost_hp_tuning_group_2.000/00/00/xgboost_hp_tuning_ID0000022.meta,/home/poseidon/workflows/predict-future-sales-workflow/submit/poseidon/pegasus/predict-future-sales/run0058/00/00/./xgboost_hp_tuning_group_2.000/00/00/xgboost_hp_tuning_ID0000020.meta,/home/poseidon/workflows/predict-future-sales-workflow/submit/poseidon/pegasus/predict-future-sales/run0058/00/00/./xgboost_hp_tuning_group_2.000/00/00/xgboost_hp_tuning_ID0000017.meta --insert /home/poseidon/workflows/predict-future-sales-workflow/submit/poseidon/pegasus/predict-future-sales/run0058/00/00/./xgboost_hp_tuning_group_2.000/00/00/register_condorpool_0_2.in",2.9,0,0,,,,,,,,,
stage_out_local_condorpool_0_0_pegasus-plan_ID0000020,None,transfer,0,1676981962.0,,,1676981967.0,,,0.0,1676981967.0,1676981977.0,1676981967.0,1676981971.0,2099.0,1676981977.0,1676981982.0,5.0,,0.0,10.0,5.0,,,4.0,8461.0,poseidon,local,host-10-100-100-12.openstacklocal,pegasus::transfer,/home/poseidon/pegasus-5.1.0panorama/bin/pegasus-transfer,/home/poseidon/pegasus-5.1.0panorama/bin/../bin/pegasus-kickstart  -n pegasus::transfer -N null -i - -R local  -L xgboost_hp_tuning_group_2 -T 2023-02-21T12:02:47+00:00 /home/poseidon/pegasus-5.1.0panorama/bin/../bin/pegasus-transfer  --threads 2,1.0,0,0,,,,,,,,,
xgboost_best_params_ID0000024_pegasus-plan_ID0000020,cpu_2,compute,0,1676981972.0,,,1676981977.0,1676981940.0,1676981956.0,39635004.7,1676981978.0,1676982018.0,1676981963.0,1676981967.0,259.0,1676982018.0,1676982023.0,5.0,,1.0,40.0,5.0,16.0,368018652.0,4.0,1059.0,poseidon,condorpool,poseidon-worker-1-container-32-39,xgboost_best_params,/srv/xgboost_best_params,,0.0,0,0,,,,,,,,,
stage_out_local_condorpool_0_1_pegasus-plan_ID0000020,None,transfer,0,1676981972.0,,,1676981977.0,,,0.0,1676981977.0,1676981987.0,1676981977.0,1676981981.0,2108.0,1676981987.0,1676981993.0,5.0,,0.0,10.0,6.0,,,4.0,8501.0,poseidon,local,host-10-100-100-12.openstacklocal,pegasus::transfer,/home/poseidon/pegasus-5.1.0panorama/bin/pegasus-transfer,/home/poseidon/pegasus-5.1.0panorama/bin/../bin/pegasus-kickstart  -n pegasus::transfer -N null -i - -R local  -L xgboost_hp_tuning_group_2 -T 2023-02-21T12:02:47+00:00 /home/poseidon/pegasus-5.1.0panorama/bin/../bin/pegasus-transfer  --threads 2,1.0,0,0,,,,,,,,,
register_condorpool_0_0_pegasus-plan_ID0000020,None,auxiliary,0,1676981982.0,,,1676981987.0,,,0.0,1676981987.0,1676981993.0,,,0.0,1676981993.0,1676981998.0,5.0,,0.0,6.0,5.0,,,,,poseidon,local,host-10-100-100-12.openstacklocal,pegasus::rc-client,/home/poseidon/pegasus-5.1.0panorama/bin/pegasus-rc-client,"-n pegasus::rc-client -N null -R local  -L xgboost_hp_tuning_group_2 -T 2023-02-21T12:02:47+00:00 /home/poseidon/pegasus-5.1.0panorama/bin/pegasus-rc-client --prefix pegasus.catalog.replica.output --conf /home/poseidon/workflows/predict-future-sales-workflow/submit/poseidon/pegasus/predict-future-sales/run0058/00/00/./xgboost_hp_tuning_group_2.000/pegasus.16858826458245349966.properties -v --meta /home/poseidon/workflows/predict-future-sales-workflow/submit/poseidon/pegasus/predict-future-sales/run0058/00/00/./xgboost_hp_tuning_group_2.000/00/00/xgboost_hp_tuning_ID0000018.meta,/home/poseidon/workflows/predict-future-sales-workflow/submit/poseidon/pegasus/predict-future-sales/run0058/00/00/./xgboost_hp_tuning_group_2.000/00/00/xgboost_hp_tuning_ID0000009.meta,/home/poseidon/workflows/predict-future-sales-workflow/submit/poseidon/pegasus/predict-future-sales/run0058/00/00/./xgboost_hp_tuning_group_2.000/00/00/xgboost_hp_tuning_ID0000012.meta,/home/poseidon/workflows/predict-future-sales-workflow/submit/poseidon/pegasus/predict-future-sales/run0058/00/00/./xgboost_hp_tuning_group_2.000/00/00/xgboost_hp_tuning_ID0000008.meta,/home/poseidon/workflows/predict-future-sales-workflow/submit/poseidon/pegasus/predict-future-sales/run0058/00/00/./xgboost_hp_tuning_group_2.000/00/00/xgboost_hp_tuning_ID0000010.meta,/home/poseidon/workflows/predict-future-sales-workflow/submit/poseidon/pegasus/predict-future-sales/run0058/00/00/./xgboost_hp_tuning_group_2.000/00/00/xgboost_hp_tuning_ID0000002.meta,/home/poseidon/workflows/predict-future-sales-workflow/submit/poseidon/pegasus/predict-future-sales/run0058/00/00/./xgboost_hp_tuning_group_2.000/00/00/xgboost_hp_tuning_ID0000005.meta,/home/poseidon/workflows/predict-future-sales-workflow/submit/poseidon/pegasus/predict-future-sales/run0058/00/00/./xgboost_hp_tuning_group_2.000/00/00/xgboost_hp_tuning_ID0000015.meta --insert /home/poseidon/workflows/predict-future-sales-workflow/submit/poseidon/pegasus/predict-future-sales/run0058/00/00/./xgboost_hp_tuning_group_2.000/00/00/register_condorpool_0_0.in",3.1,0,0,,,,,,,,,
register_condorpool_0_1_pegasus-plan_ID0000020,None,auxiliary,0,1676981993.0,,,1676981998.0,,,0.0,1676981998.0,1676982003.0,,,0.0,1676982003.0,1676982008.0,5.0,,0.0,5.0,5.0,,,,,poseidon,local,host-10-100-100-12.openstacklocal,pegasus::rc-client,/home/poseidon/pegasus-5.1.0panorama/bin/pegasus-rc-client,"-n pegasus::rc-client -N null -R local  -L xgboost_hp_tuning_group_2 -T 2023-02-21T12:02:47+00:00 /home/poseidon/pegasus-5.1.0panorama/bin/pegasus-rc-client --prefix pegasus.catalog.replica.output --conf /home/poseidon/workflows/predict-future-sales-workflow/submit/poseidon/pegasus/predict-future-sales/run0058/00/00/./xgboost_hp_tuning_group_2.000/pegasus.16858826458245349966.properties -v --meta /home/poseidon/workflows/predict-future-sales-workflow/submit/poseidon/pegasus/predict-future-sales/run0058/00/00/./xgboost_hp_tuning_group_2.000/00/00/xgboost_hp_tuning_ID0000019.meta,/home/poseidon/workflows/predict-future-sales-workflow/submit/poseidon/pegasus/predict-future-sales/run0058/00/00/./xgboost_hp_tuning_group_2.000/00/00/xgboost_hp_tuning_ID0000003.meta,/home/poseidon/workflows/predict-future-sales-workflow/submit/poseidon/pegasus/predict-future-sales/run0058/00/00/./xgboost_hp_tuning_group_2.000/00/00/xgboost_hp_tuning_ID0000006.meta,/home/poseidon/workflows/predict-future-sales-workflow/submit/poseidon/pegasus/predict-future-sales/run0058/00/00/./xgboost_hp_tuning_group_2.000/00/00/xgboost_hp_tuning_ID0000016.meta,/home/poseidon/workflows/predict-future-sales-workflow/submit/poseidon/pegasus/predict-future-sales/run0058/00/00/./xgboost_hp_tuning_group_2.000/00/00/xgboost_hp_tuning_ID0000013.meta,/home/poseidon/workflows/predict-future-sales-workflow/submit/poseidon/pegasus/predict-future-sales/run0058/00/00/./xgboost_hp_tuning_group_2.000/00/00/xgboost_hp_tuning_ID0000023.meta,/home/poseidon/workflows/predict-future-sales-workflow/submit/poseidon/pegasus/predict-future-sales/run0058/00/00/./xgboost_hp_tuning_group_2.000/00/00/xgboost_hp_tuning_ID0000011.meta,/home/poseidon/workflows/predict-future-sales-workflow/submit/poseidon/pegasus/predict-future-sales/run0058/00/00/./xgboost_hp_tuning_group_2.000/00/00/xgboost_hp_tuning_ID0000021.meta --insert /home/poseidon/workflows/predict-future-sales-workflow/submit/poseidon/pegasus/predict-future-sales/run0058/00/00/./xgboost_hp_tuning_group_2.000/00/00/register_condorpool_0_1.in",3.0,0,0,,,,,,,,,
stage_out_local_condorpool_1_0_pegasus-plan_ID0000020,None,transfer,0,1676982023.0,,,1676982028.0,,,0.0,1676982028.0,1676982038.0,1676982029.0,1676982033.0,1251.0,1676982038.0,1676982043.0,5.0,,0.0,10.0,5.0,,,4.0,5295.0,poseidon,local,host-10-100-100-12.openstacklocal,pegasus::transfer,/home/poseidon/pegasus-5.1.0panorama/bin/pegasus-transfer,/home/poseidon/pegasus-5.1.0panorama/bin/../bin/pegasus-kickstart  -n pegasus::transfer -N null -i - -R local  -L xgboost_hp_tuning_group_2 -T 2023-02-21T12:02:47+00:00 /home/poseidon/pegasus-5.1.0panorama/bin/../bin/pegasus-transfer  --threads 2,0.7,0,0,,,,,,,,,
register_condorpool_1_0_pegasus-plan_ID0000020,None,auxiliary,0,1676982043.0,,,1676982048.0,,,0.0,1676982048.0,1676982053.0,,,0.0,1676982053.0,1676982058.0,5.0,,0.0,5.0,5.0,,,,,poseidon,local,host-10-100-100-12.openstacklocal,pegasus::rc-client,/home/poseidon/pegasus-5.1.0panorama/bin/pegasus-rc-client,-n pegasus::rc-client -N null -R local  -L xgboost_hp_tuning_group_2 -T 2023-02-21T12:02:47+00:00 /home/poseidon/pegasus-5.1.0panorama/bin/pegasus-rc-client --prefix pegasus.catalog.replica.output --conf /home/poseidon/workflows/predict-future-sales-workflow/submit/poseidon/pegasus/predict-future-sales/run0058/00/00/./xgboost_hp_tuning_group_2.000/pegasus.16858826458245349966.properties -v --meta /home/poseidon/workflows/predict-future-sales-workflow/submit/poseidon/pegasus/predict-future-sales/run0058/00/00/./xgboost_hp_tuning_group_2.000/00/00/xgboost_best_params_ID0000024.meta --insert /home/poseidon/workflows/predict-future-sales-workflow/submit/poseidon/pegasus/predict-future-sales/run0058/00/00/./xgboost_hp_tuning_group_2.000/00/00/register_condorpool_1_0.in,2.9,0,0,,,,,,,,,
xgboost_model_ID0000021,cpu_2,compute,0,1676982061.0,,,1676982066.0,1676982030.0,1676982060.0,75286821.0,1676982070.0,1676982276.0,1676982222.0,1676982227.0,4012438.0,1676982276.0,1676982281.0,5.0,,4.0,206.0,5.0,30.0,1691152080.0,5.0,18427419.0,poseidon,condorpool,poseidon-worker-3-container-16-23,xgboost_model,/srv/xgboost_model,,729.6,0,0,0.0,1348848338.0,24449.0,5401.0,8.0,698.0,20.4,8992322.3,2444.9
stage_out_local_local_5_0,None,transfer,0,1676982061.0,,,1676982066.0,,,0.0,1676982066.0,1676982076.0,1676982066.0,1676982070.0,794.0,1676982076.0,1676982081.0,5.0,,0.0,10.0,5.0,,,4.0,3204.0,poseidon,local,host-10-100-100-12.openstacklocal,pegasus::transfer,/home/poseidon/pegasus-5.1.0panorama/bin/pegasus-transfer,pegasus-kickstart  -n pegasus::transfer -N null -i - -R local  -L predict-future-sales -T 2023-02-17T19:59:06+00:00 pegasus-transfer  --threads 2,0.3,0,0,,,,,,,,,
cleanup_predict-future-sales_0_local,None,auxiliary,0,1676982081.0,,,1676982086.0,,,0.0,1676982086.0,1676982096.0,,,0.0,1676982096.0,1676982101.0,5.0,,0.0,10.0,5.0,,,,,poseidon,local,host-10-100-100-12.openstacklocal,pegasus::cleanup,/home/poseidon/pegasus-5.1.0panorama/bin/pegasus-transfer,pegasus-kickstart  -n pegasus::cleanup -N null -i - -R local  -L predict-future-sales -T 2023-02-17T19:59:06+00:00 pegasus-transfer,0.3,0,0,,,,,,,,,
stage_out_local_condorpool_6_0,None,transfer,0,1676982281.0,,,1676982286.0,,,0.0,1676982286.0,1676982296.0,1676982286.0,1676982290.0,5225489.0,1676982296.0,1676982301.0,5.0,,0.0,10.0,5.0,,,4.0,21091465.0,poseidon,local,host-10-100-100-12.openstacklocal,pegasus::transfer,/home/poseidon/pegasus-5.1.0panorama/bin/pegasus-transfer,pegasus-kickstart  -n pegasus::transfer -N null -i - -R local  -L predict-future-sales -T 2023-02-17T19:59:06+00:00 pegasus-transfer  --threads 2,1.0,0,0,,,,,,,,,
model_predict_ID0000022,cpu_2,compute,0,1676982281.0,,,1676982286.0,1676982248.0,1676982265.0,44626752.7,1676982287.0,1676982326.0,1676982273.0,1676982278.0,1261979.0,1676982326.0,1676982331.0,5.0,,1.0,39.0,5.0,17.0,413432065.0,5.0,5523764.0,poseidon,condorpool,poseidon-worker-3-container-16-23,model_predict,/srv/model_predict,,4.3,0,0,,,,,,,,,
stage_out_local_condorpool_7_0,None,transfer,0,1676982331.0,,,1676982336.0,,,0.0,1676982336.0,1676982346.0,1676982337.0,1676982341.0,1488986.0,1676982346.0,1676982351.0,5.0,,0.0,10.0,5.0,,,4.0,6000012.0,poseidon,local,host-10-100-100-12.openstacklocal,pegasus::transfer,/home/poseidon/pegasus-5.1.0panorama/bin/pegasus-transfer,pegasus-kickstart  -n pegasus::transfer -N null -i - -R local  -L predict-future-sales -T 2023-02-17T19:59:06+00:00 pegasus-transfer  --threads 2,0.6,0,0,,,,,,,,,
predict_merge_ID0000023,cpu_2,compute,0,1676982331.0,,,1676982336.0,1676982299.0,1676982315.0,40884513.3,1676982338.0,1676982376.0,1676982322.0,1676982327.0,857764.0,1676982376.0,1676982381.0,5.0,,2.0,38.0,5.0,16.0,377176763.0,5.0,3734781.0,poseidon,condorpool,poseidon-worker-3-container-16-23,predict_merge,/srv/predict_merge,,1.4,0,0,,,,,,,,,
stage_out_local_condorpool_8_0,None,transfer,0,1676982381.0,,,1676982386.0,,,0.0,1676982386.0,1676982396.0,1676982386.0,1676982388.0,1725425.0,1676982396.0,1676982401.0,5.0,,0.0,10.0,5.0,,,2.0,3734781.0,poseidon,local,host-10-100-100-12.openstacklocal,pegasus::transfer,/home/poseidon/pegasus-5.1.0panorama/bin/pegasus-transfer,pegasus-kickstart  -n pegasus::transfer -N null -i - -R local  -L predict-future-sales -T 2023-02-17T19:59:06+00:00 pegasus-transfer  --threads 2,0.4,0,0,,,,,,,,,
cleanup_predict-future-sales_0_condorpool,None,auxiliary,0,1676982401.0,,,1676982406.0,,,0.0,1676982406.0,1676982416.0,,,0.0,1676982416.0,1676982421.0,5.0,,0.0,10.0,5.0,,,,,poseidon,local,host-10-100-100-12.openstacklocal,pegasus::cleanup,/home/poseidon/pegasus-5.1.0panorama/bin/pegasus-transfer,pegasus-kickstart  -n pegasus::cleanup -N null -i - -R local  -L predict-future-sales -T 2023-02-17T19:59:06+00:00 pegasus-transfer,0.3,0,0,,,,,,,,,
