,anomaly_type,type,is_clustered,ready,pre_script_start,pre_script_end,submit,stage_in_start,stage_in_end,stage_in_effective_bytes_per_sec,execute_start,execute_end,stage_out_start,stage_out_end,stage_out_effective_bytes_per_sec,post_script_start,post_script_end,wms_delay,pre_script_delay,queue_delay,runtime,post_script_delay,stage_in_delay,stage_in_bytes,stage_out_delay,stage_out_bytes,kickstart_user,kickstart_site,kickstart_hostname,kickstart_transformations,kickstart_executables,kickstart_executables_argv,kickstart_executables_cpu_time,kickstart_status,kickstart_executables_exitcode,kickstart_online_iowait,kickstart_online_bytes_read,kickstart_online_bytes_written,kickstart_online_read_system_calls,kickstart_online_write_system_calls,kickstart_online_utime,kickstart_online_stime,kickstart_online_bytes_read_per_second,kickstart_online_bytes_written_per_second
create_dir_predict-future-sales_0_local,None,auxiliary,0,1677287389.0,,,1677287390.0,,,0.0,1677287394.0,1677287400.0,,,0.0,1677287400.0,1677287405.0,1.0,,4.0,6.0,5.0,,,,,poseidon,local,host-10-100-100-12.openstacklocal,pegasus::dirmanager,/home/poseidon/pegasus-5.1.0panorama/bin/pegasus-transfer,pegasus-kickstart  -n pegasus::dirmanager -N null -i - -R local  -L predict-future-sales -T 2023-02-17T19:59:06+00:00 pegasus-transfer,0.3,0,0,,,,,,,,,
create_dir_predict-future-sales_0_condorpool,None,auxiliary,0,1677287389.0,,,1677287390.0,,,0.0,1677287394.0,1677287400.0,,,0.0,1677287400.0,1677287405.0,1.0,,4.0,6.0,5.0,,,,,poseidon,local,host-10-100-100-12.openstacklocal,pegasus::dirmanager,/home/poseidon/pegasus-5.1.0panorama/bin/pegasus-transfer,pegasus-kickstart  -n pegasus::dirmanager -N null -i - -R local  -L predict-future-sales -T 2023-02-17T19:59:06+00:00 pegasus-transfer,0.3,0,0,,,,,,,,,
stage_in_local_condorpool_6_0,None,transfer,0,1677287405.0,,,1677287410.0,1677287411.0,1677287414.0,2214.0,1677287410.0,1677287420.0,,,0.0,1677287420.0,1677287425.0,5.0,,0.0,10.0,5.0,3.0,7870.0,,,poseidon,local,host-10-100-100-12.openstacklocal,pegasus::transfer,/home/poseidon/pegasus-5.1.0panorama/bin/pegasus-transfer,pegasus-kickstart  -n pegasus::transfer -N null -i - -R local  -L predict-future-sales -T 2023-02-17T19:59:06+00:00 pegasus-transfer  --threads 2,0.5,0,0,,,,,,,,,
stage_in_local_condorpool_0_0,None,transfer,0,1677287405.0,,,1677287410.0,1677287411.0,1677287421.0,95314685.0,1677287410.0,1677287430.0,,,0.0,1677287430.0,1677287435.0,5.0,,0.0,20.0,5.0,10.0,936801734.0,,,poseidon,local,host-10-100-100-12.openstacklocal,pegasus::transfer,/home/poseidon/pegasus-5.1.0panorama/bin/pegasus-transfer,pegasus-kickstart  -n pegasus::transfer -N null -i - -R local  -L predict-future-sales -T 2023-02-17T19:59:06+00:00 pegasus-transfer  --threads 2,5.8,0,0,,,,,,,,,
stage_in_local_condorpool_1_0,None,transfer,0,1677287405.0,,,1677287410.0,1677287411.0,1677287415.0,3584.0,1677287410.0,1677287420.0,,,0.0,1677287420.0,1677287425.0,5.0,,0.0,10.0,5.0,4.0,15640.0,,,poseidon,local,host-10-100-100-12.openstacklocal,pegasus::transfer,/home/poseidon/pegasus-5.1.0panorama/bin/pegasus-transfer,pegasus-kickstart  -n pegasus::transfer -N null -i - -R local  -L predict-future-sales -T 2023-02-17T19:59:06+00:00 pegasus-transfer  --threads 2,0.6,0,0,,,,,,,,,
stage_in_local_condorpool_7_0,None,transfer,0,1677287405.0,,,1677287410.0,1677287411.0,1677287414.0,979.0,1677287410.0,1677287420.0,,,0.0,1677287420.0,1677287425.0,5.0,,0.0,10.0,5.0,3.0,3488.0,,,poseidon,local,host-10-100-100-12.openstacklocal,pegasus::transfer,/home/poseidon/pegasus-5.1.0panorama/bin/pegasus-transfer,pegasus-kickstart  -n pegasus::transfer -N null -i - -R local  -L predict-future-sales -T 2023-02-17T19:59:06+00:00 pegasus-transfer  --threads 2,0.5,0,0,,,,,,,,,
stage_in_local_condorpool_3_0,None,transfer,0,1677287405.0,,,1677287410.0,1677287411.0,1677287415.0,2944.0,1677287410.0,1677287420.0,,,0.0,1677287420.0,1677287425.0,5.0,,0.0,10.0,5.0,4.0,12704.0,,,poseidon,local,host-10-100-100-12.openstacklocal,pegasus::transfer,/home/poseidon/pegasus-5.1.0panorama/bin/pegasus-transfer,pegasus-kickstart  -n pegasus::transfer -N null -i - -R local  -L predict-future-sales -T 2023-02-17T19:59:06+00:00 pegasus-transfer  --threads 2,0.6,0,0,,,,,,,,,
stage_in_local_condorpool_8_0,None,transfer,0,1677287405.0,,,1677287410.0,1677287411.0,1677287414.0,672.0,1677287410.0,1677287420.0,,,0.0,1677287420.0,1677287425.0,5.0,,0.0,10.0,5.0,3.0,2368.0,,,poseidon,local,host-10-100-100-12.openstacklocal,pegasus::transfer,/home/poseidon/pegasus-5.1.0panorama/bin/pegasus-transfer,pegasus-kickstart  -n pegasus::transfer -N null -i - -R local  -L predict-future-sales -T 2023-02-17T19:59:06+00:00 pegasus-transfer  --threads 2,0.5,0,0,,,,,,,,,
stage_in_local_local_4_0,None,transfer,0,1677287405.0,,,1677287410.0,1677287411.0,1677287413.0,5876.0,1677287410.0,1677287420.0,,,0.0,1677287420.0,1677287425.0,5.0,,0.0,10.0,5.0,2.0,12577.0,,,poseidon,local,host-10-100-100-12.openstacklocal,pegasus::transfer,/home/poseidon/pegasus-5.1.0panorama/bin/pegasus-transfer,pegasus-kickstart  -n pegasus::transfer -N null -i - -R local  -L predict-future-sales -T 2023-02-17T19:59:06+00:00 pegasus-transfer  --threads 2,0.4,0,0,,,,,,,,,
stage_in_local_condorpool_2_0,None,transfer,0,1677287405.0,,,1677287410.0,1677287411.0,1677287416.0,9869.0,1677287410.0,1677287425.0,,,0.0,1677287425.0,1677287430.0,5.0,,0.0,15.0,5.0,5.0,55480.0,,,poseidon,local,host-10-100-100-12.openstacklocal,pegasus::transfer,/home/poseidon/pegasus-5.1.0panorama/bin/pegasus-transfer,pegasus-kickstart  -n pegasus::transfer -N null -i - -R local  -L predict-future-sales -T 2023-02-17T19:59:06+00:00 pegasus-transfer  --threads 2,1.0,0,0,,,,,,,,,
preprocess_ID0000003,cpu_2,compute,0,1677287435.0,,,1677287440.0,1677287404.0,1677287422.0,45393711.2,1677287447.0,1677287495.0,1677287433.0,1677287440.0,23210447.0,1677287495.0,1677287500.0,5.0,,7.0,48.0,5.0,18.0,467356066.0,7.0,160257914.0,poseidon,condorpool,poseidon-worker-1-container-0-7,preprocess,/srv/preprocess,,4.2,0,0,,,,,,,,,
nlp_ID0000002,None,compute,0,1677287435.0,,,1677287440.0,1677287404.0,1677287420.0,44822239.2,1677287447.0,1677287790.0,1677287730.0,1677287734.0,598566.0,1677287790.0,1677287795.0,5.0,,7.0,343.0,5.0,16.0,369033604.0,4.0,2755872.0,poseidon,condorpool,poseidon-worker-2-container-40-47,nlp,/srv/nlp,,1817.7,0,0,0.1,21427412.0,8791.0,3165.0,5.0,1799.1,3.1,71424.7,879.1
eda_ID0000001,cpu_2,compute,0,1677287435.0,,,1677287440.0,1677287404.0,1677287424.0,48255817.7,1677287447.0,1677287520.0,1677287465.0,1677287469.0,276787.0,1677287520.0,1677287525.0,5.0,,7.0,73.0,5.0,20.0,464177772.0,4.0,1194572.0,poseidon,condorpool,poseidon-worker-2-container-32-39,eda,/srv/eda,,34.5,0,0,0.1,144679398.0,821800.0,27314.0,39.0,28.0,1.9,4822646.6,27393.3
feature_eng_0_ID0000004,cpu_2,compute,0,1677287500.0,,,1677287505.0,1677287463.0,1677287481.0,39787661.8,1677287507.0,1677287550.0,1677287493.0,1677287497.0,202706.0,1677287550.0,1677287555.0,5.0,,2.0,43.0,5.0,18.0,369949088.0,4.0,893320.0,poseidon,condorpool,poseidon-worker-1-container-0-7,feature_eng_0,/srv/feature_eng_0,,4.9,0,0,,,,,,,,,
feature_eng_1_ID0000005,cpu_2,compute,0,1677287500.0,,,1677287505.0,1677287464.0,1677287486.0,39269971.3,1677287507.0,1677287575.0,1677287510.0,1677287520.0,38664441.0,1677287575.0,1677287580.0,5.0,,2.0,68.0,5.0,22.0,528250191.0,10.0,393324463.0,poseidon,condorpool,poseidon-worker-1-container-0-7,feature_eng_1,/srv/feature_eng_1,,15.8,0,0,0.0,169636170.0,8.0,1780.0,1.0,8.0,2.0,16963617.0,0.8
feature_eng_4_ID0000008,cpu_2,compute,0,1677287580.0,,,1677287585.0,1677287543.0,1677287563.0,59727768.0,1677287586.0,1677287700.0,1677287626.0,1677287648.0,54096239.0,1677287700.0,1677287705.0,5.0,,1.0,114.0,5.0,20.0,761328752.0,22.0,1201824259.0,poseidon,condorpool,poseidon-worker-2-container-32-39,feature_eng_4,/srv/feature_eng_4,,50.1,0,0,0.0,402710569.0,1201824153.0,1337.0,41.0,36.4,13.6,8054211.4,60091207.6
feature_eng_3_ID0000007,cpu_2,compute,0,1677287580.0,,,1677287585.0,1677287543.0,1677287566.0,49844086.5,1677287587.0,1677287760.0,1677287684.0,1677287706.0,53832574.0,1677287760.0,1677287765.0,5.0,,2.0,173.0,5.0,23.0,762217561.0,22.0,1179971921.0,poseidon,condorpool,poseidon-worker-1-container-0-7,feature_eng_3,/srv/feature_eng_3,,105.8,0,0,0.0,403676025.0,8.0,1546.0,1.0,67.7,32.3,4036760.3,0.8
feature_eng_2_ID0000006,cpu_2,compute,0,1677287580.0,,,1677287585.0,1677287544.0,1677287570.0,40629162.0,1677287587.0,1677287950.0,1677287863.0,1677287894.0,57587645.0,1677287950.0,1677287955.0,5.0,,2.0,363.0,5.0,26.0,761320658.0,31.0,1748107178.0,poseidon,condorpool,poseidon-worker-1-container-0-7,feature_eng_2,/srv/feature_eng_2,,278.3,0,0,0.0,402836869.0,8.0,1783.0,1.0,204.8,65.2,1491988.4,0.8
feature_eng_5_ID0000009,cpu_2,compute,0,1677287580.0,,,1677287585.0,1677287544.0,1677287574.0,39871005.0,1677287587.0,1677287870.0,1677287803.0,1677287817.0,46701374.0,1677287870.0,1677287875.0,5.0,,2.0,283.0,5.0,30.0,856820455.0,14.0,655540227.0,poseidon,condorpool,poseidon-worker-1-container-0-7,feature_eng_5,/srv/feature_eng_5,,218.9,0,0,0.0,498322670.0,8.0,2080.0,1.0,191.0,19.0,2372965.1,0.8
stage_out_local_condorpool_1_0,None,transfer,0,1677287580.0,,,1677287585.0,,,0.0,1677287585.0,1677287595.0,1677287585.0,1677287589.0,94169086.0,1677287595.0,1677287600.0,5.0,,0.0,10.0,5.0,,,4.0,394217783.0,poseidon,local,host-10-100-100-12.openstacklocal,pegasus::transfer,/home/poseidon/pegasus-5.1.0panorama/bin/pegasus-transfer,pegasus-kickstart  -n pegasus::transfer -N null -i - -R local  -L predict-future-sales -T 2023-02-17T19:59:06+00:00 pegasus-transfer  --threads 2,2.1,0,0,,,,,,,,,
register_condorpool_1_0,None,auxiliary,0,1677287600.0,,,1677287605.0,,,0.0,1677287605.0,1677287610.0,,,0.0,1677287610.0,1677287615.0,5.0,,0.0,5.0,5.0,,,,,poseidon,local,host-10-100-100-12.openstacklocal,pegasus::rc-client,/home/poseidon/pegasus-5.1.0panorama/bin/pegasus-rc-client,"pegasus-kickstart  -n pegasus::rc-client -N null -R local  -L predict-future-sales -T 2023-02-17T19:59:06+00:00 /home/poseidon/pegasus-5.1.0panorama/bin/pegasus-rc-client --prefix pegasus.catalog.replica.output --conf /home/poseidon/workflows/predict-future-sales-workflow/submit/poseidon/pegasus/predict-future-sales/run0170/pegasus.4276552258963697916.properties -v --meta /home/poseidon/workflows/predict-future-sales-workflow/submit/poseidon/pegasus/predict-future-sales/run0170/00/00/feature_eng_1_ID0000005.meta,/home/poseidon/workflows/predict-future-sales-workflow/submit/poseidon/pegasus/predict-future-sales/run0170/00/00/feature_eng_0_ID0000004.meta --insert /home/poseidon/workflows/predict-future-sales-workflow/submit/poseidon/pegasus/predict-future-sales/run0170/00/00/register_condorpool_1_0.in",3.0,0,0,,,,,,,,,
stage_out_local_condorpool_0_0,None,transfer,0,1677287795.0,,,1677287800.0,,,0.0,1677287800.0,1677287810.0,1677287800.0,1677287805.0,40729151.0,1677287810.0,1677287815.0,5.0,,0.0,10.0,5.0,,,5.0,164208358.0,poseidon,local,host-10-100-100-12.openstacklocal,pegasus::transfer,/home/poseidon/pegasus-5.1.0panorama/bin/pegasus-transfer,pegasus-kickstart  -n pegasus::transfer -N null -i - -R local  -L predict-future-sales -T 2023-02-17T19:59:06+00:00 pegasus-transfer  --threads 2,2.0,0,0,,,,,,,,,
register_condorpool_0_0,None,auxiliary,0,1677287815.0,,,1677287820.0,,,0.0,1677287820.0,1677287825.0,,,0.0,1677287825.0,1677287830.0,5.0,,0.0,5.0,5.0,,,,,poseidon,local,host-10-100-100-12.openstacklocal,pegasus::rc-client,/home/poseidon/pegasus-5.1.0panorama/bin/pegasus-rc-client,"pegasus-kickstart  -n pegasus::rc-client -N null -R local  -L predict-future-sales -T 2023-02-17T19:59:06+00:00 /home/poseidon/pegasus-5.1.0panorama/bin/pegasus-rc-client --prefix pegasus.catalog.replica.output --conf /home/poseidon/workflows/predict-future-sales-workflow/submit/poseidon/pegasus/predict-future-sales/run0170/pegasus.4276552258963697916.properties -v --meta /home/poseidon/workflows/predict-future-sales-workflow/submit/poseidon/pegasus/predict-future-sales/run0170/00/00/nlp_ID0000002.meta,/home/poseidon/workflows/predict-future-sales-workflow/submit/poseidon/pegasus/predict-future-sales/run0170/00/00/eda_ID0000001.meta,/home/poseidon/workflows/predict-future-sales-workflow/submit/poseidon/pegasus/predict-future-sales/run0170/00/00/preprocess_ID0000003.meta --insert /home/poseidon/workflows/predict-future-sales-workflow/submit/poseidon/pegasus/predict-future-sales/run0170/00/00/register_condorpool_0_0.in",3.0,0,0,,,,,,,,,
stage_out_local_condorpool_2_0,None,transfer,0,1677287955.0,,,1677287960.0,,,0.0,1677287960.0,1677287985.0,1677287960.0,1677287980.0,249081007.0,1677287985.0,1677287990.0,5.0,,0.0,25.0,5.0,,,20.0,4785443585.0,poseidon,local,host-10-100-100-12.openstacklocal,pegasus::transfer,/home/poseidon/pegasus-5.1.0panorama/bin/pegasus-transfer,pegasus-kickstart  -n pegasus::transfer -N null -i - -R local  -L predict-future-sales -T 2023-02-17T19:59:06+00:00 pegasus-transfer  --threads 2,21.0,0,0,,,,,,,,,
feature_merge_ID0000010,cpu_2,compute,0,1677287955.0,,,1677287960.0,1677287918.0,1677287986.0,85916617.9,1677287961.0,1677288180.0,1677288076.0,1677288125.0,60823105.0,1677288180.0,1677288185.0,5.0,,1.0,219.0,5.0,68.0,5155397110.0,49.0,2993643458.0,poseidon,condorpool,poseidon-worker-1-container-0-7,feature_merge,/srv/feature_merge,,61.1,0,0,0.0,4796861562.0,1562380837.0,1454.0,79.0,38.3,21.7,79947692.7,78119041.9
register_condorpool_2_0,None,auxiliary,0,1677287990.0,,,1677287995.0,,,0.0,1677287995.0,1677288000.0,,,0.0,1677288000.0,1677288005.0,5.0,,0.0,5.0,5.0,,,,,poseidon,local,host-10-100-100-12.openstacklocal,pegasus::rc-client,/home/poseidon/pegasus-5.1.0panorama/bin/pegasus-rc-client,"pegasus-kickstart  -n pegasus::rc-client -N null -R local  -L predict-future-sales -T 2023-02-17T19:59:06+00:00 /home/poseidon/pegasus-5.1.0panorama/bin/pegasus-rc-client --prefix pegasus.catalog.replica.output --conf /home/poseidon/workflows/predict-future-sales-workflow/submit/poseidon/pegasus/predict-future-sales/run0170/pegasus.4276552258963697916.properties -v --meta /home/poseidon/workflows/predict-future-sales-workflow/submit/poseidon/pegasus/predict-future-sales/run0170/00/00/feature_eng_5_ID0000009.meta,/home/poseidon/workflows/predict-future-sales-workflow/submit/poseidon/pegasus/predict-future-sales/run0170/00/00/feature_eng_2_ID0000006.meta,/home/poseidon/workflows/predict-future-sales-workflow/submit/poseidon/pegasus/predict-future-sales/run0170/00/00/feature_eng_3_ID0000007.meta,/home/poseidon/workflows/predict-future-sales-workflow/submit/poseidon/pegasus/predict-future-sales/run0170/00/00/feature_eng_4_ID0000008.meta --insert /home/poseidon/workflows/predict-future-sales-workflow/submit/poseidon/pegasus/predict-future-sales/run0170/00/00/register_condorpool_2_0.in",3.1,0,0,,,,,,,,,
stage_inter_local_xgboost_model_ID0000021_0,None,transfer,0,1677288185.0,,,1677288190.0,1677288191.0,1677288224.0,79247494.0,1677288190.0,1677288231.0,,,0.0,1677288231.0,1677288236.0,5.0,,0.0,41.0,5.0,33.0,2646308508.0,,,poseidon,local,host-10-100-100-12.openstacklocal,pegasus::transfer,/home/poseidon/pegasus-5.1.0panorama/bin/pegasus-transfer,pegasus-kickstart  -n pegasus::transfer -N null -i - -R local  -L predict-future-sales -T 2023-02-17T19:59:06+00:00 pegasus-transfer  --threads 2,9.5,0,0,,,,,,,,,
stage_inter_local_xgboost_hp_tuning_workflow_ID0000015_0,None,transfer,0,1677288185.0,,,1677288190.0,1677288190.0,1677288193.0,402.0,1677288190.0,1677288200.0,,,0.0,1677288200.0,1677288205.0,5.0,,0.0,10.0,5.0,3.0,826.0,,,poseidon,local,host-10-100-100-12.openstacklocal,pegasus::transfer,/home/poseidon/pegasus-5.1.0panorama/bin/pegasus-transfer,pegasus-kickstart  -n pegasus::transfer -N null -i - -R local  -L predict-future-sales -T 2023-02-17T19:59:06+00:00 pegasus-transfer  --threads 2,0.3,0,0,,,,,,,,,
stage_inter_local_model_predict_ID0000022_0,None,transfer,0,1677288185.0,,,1677288190.0,1677288190.0,1677288194.0,14590998.0,1677288190.0,1677288200.0,,,0.0,1677288200.0,1677288205.0,5.0,,0.0,10.0,5.0,4.0,54050130.0,,,poseidon,local,host-10-100-100-12.openstacklocal,pegasus::transfer,/home/poseidon/pegasus-5.1.0panorama/bin/pegasus-transfer,pegasus-kickstart  -n pegasus::transfer -N null -i - -R local  -L predict-future-sales -T 2023-02-17T19:59:06+00:00 pegasus-transfer  --threads 2,0.6,0,0,,,,,,,,,
stage_out_local_condorpool_3_0,None,transfer,0,1677288185.0,,,1677288190.0,,,0.0,1677288190.0,1677288220.0,1677288190.0,1677288215.0,123904023.0,1677288220.0,1677288226.0,5.0,,0.0,30.0,6.0,,,25.0,2993643458.0,poseidon,local,host-10-100-100-12.openstacklocal,pegasus::transfer,/home/poseidon/pegasus-5.1.0panorama/bin/pegasus-transfer,pegasus-kickstart  -n pegasus::transfer -N null -i - -R local  -L predict-future-sales -T 2023-02-17T19:59:06+00:00 pegasus-transfer  --threads 2,14.9,0,0,,,,,,,,,
stage_inter_local_xgboost_model_ID0000013_0,None,transfer,0,1677288185.0,,,1677288190.0,1677288190.0,1677288198.0,36266193.0,1677288190.0,1677288205.0,,,0.0,1677288205.0,1677288210.0,5.0,,0.0,15.0,5.0,8.0,269346726.0,,,poseidon,local,host-10-100-100-12.openstacklocal,pegasus::transfer,/home/poseidon/pegasus-5.1.0panorama/bin/pegasus-transfer,pegasus-kickstart  -n pegasus::transfer -N null -i - -R local  -L predict-future-sales -T 2023-02-17T19:59:06+00:00 pegasus-transfer  --threads 2,1.4,0,0,,,,,,,,,
stage_inter_local_model_predict_ID0000014_0,None,transfer,0,1677288185.0,,,1677288190.0,1677288190.0,1677288194.0,1298328.0,1677288190.0,1677288200.0,,,0.0,1677288200.0,1677288205.0,5.0,,0.0,10.0,5.0,4.0,4411696.0,,,poseidon,local,host-10-100-100-12.openstacklocal,pegasus::transfer,/home/poseidon/pegasus-5.1.0panorama/bin/pegasus-transfer,pegasus-kickstart  -n pegasus::transfer -N null -i - -R local  -L predict-future-sales -T 2023-02-17T19:59:06+00:00 pegasus-transfer  --threads 2,0.4,0,0,,,,,,,,,
xgboost_hp_tuning_workflow_ID0000015,None,compute,0,1677288205.0,,,1677288210.0,,,0.0,1677288211.0,1677288220.0,,,0.0,1677288220.0,1677288226.0,5.0,,1.0,9.0,6.0,,,,,poseidon,local,poseidon-submit.novalocal,xgboost_hp_tuning_workflow,/var/spool/condor/local_univ_execute/dir_1676290/xgboost_hp_tuning_workflow,/home/poseidon/workflows/predict-future-sales-workflow/submit/poseidon/pegasus/predict-future-sales/run0170/00/00/xgboost_hp_tuning_workflow_ID0000015.sh,0.1,0,0,,,,,,,,,
xgboost_hp_tuning_workflow_ID0000011,None,compute,0,1677288205.0,,,1677288210.0,,,0.0,1677288211.0,1677288226.0,,,0.0,1677288226.0,1677288231.0,5.0,,1.0,15.0,5.0,,,,,poseidon,local,poseidon-submit.novalocal,xgboost_hp_tuning_workflow,/var/spool/condor/local_univ_execute/dir_1676291/xgboost_hp_tuning_workflow,/home/poseidon/workflows/predict-future-sales-workflow/submit/poseidon/pegasus/predict-future-sales/run0170/00/00/xgboost_hp_tuning_workflow_ID0000011.sh,0.1,0,0,,,,,,,,,
xgboost_hp_tuning_workflow_ID0000019,None,compute,0,1677288205.0,,,1677288210.0,,,0.0,1677288211.0,1677288226.0,,,0.0,1677288226.0,1677288231.0,5.0,,1.0,15.0,5.0,,,,,poseidon,local,poseidon-submit.novalocal,xgboost_hp_tuning_workflow,/var/spool/condor/local_univ_execute/dir_1676294/xgboost_hp_tuning_workflow,/home/poseidon/workflows/predict-future-sales-workflow/submit/poseidon/pegasus/predict-future-sales/run0170/00/00/xgboost_hp_tuning_workflow_ID0000019.sh,0.1,0,0,,,,,,,,,
register_condorpool_3_0,None,auxiliary,0,1677288226.0,,,1677288231.0,,,0.0,1677288231.0,1677288236.0,,,0.0,1677288236.0,1677288241.0,5.0,,0.0,5.0,5.0,,,,,poseidon,local,host-10-100-100-12.openstacklocal,pegasus::rc-client,/home/poseidon/pegasus-5.1.0panorama/bin/pegasus-rc-client,pegasus-kickstart  -n pegasus::rc-client -N null -R local  -L predict-future-sales -T 2023-02-17T19:59:06+00:00 /home/poseidon/pegasus-5.1.0panorama/bin/pegasus-rc-client --prefix pegasus.catalog.replica.output --conf /home/poseidon/workflows/predict-future-sales-workflow/submit/poseidon/pegasus/predict-future-sales/run0170/pegasus.4276552258963697916.properties -v --meta /home/poseidon/workflows/predict-future-sales-workflow/submit/poseidon/pegasus/predict-future-sales/run0170/00/00/feature_merge_ID0000010.meta --insert /home/poseidon/workflows/predict-future-sales-workflow/submit/poseidon/pegasus/predict-future-sales/run0170/00/00/register_condorpool_3_0.in,2.9,0,0,,,,,,,,,
pegasus-plan_ID0000016,None,subwf,0,1677288226.0,1677288226.0,1677288231.0,1677288236.0,,,0.0,1677288236.0,1677288477.0,,,0.0,,,0.0,5.0,0.0,241.0,,,,,,poseidon,local,poseidon-submit,condor::dagman,/usr/bin/condor_dagman,-p 0  -f -l . -Notification never -Debug 3 -Lockfile xgboost_hp_tuning_group_1.dag.lock -Dag xgboost_hp_tuning_group_1.dag -AllowVersionMismatch  -AutoRescue 1 -DoRescueFrom 0,0.0,0,0,,,,,,,,,
pegasus-plan_ID0000012,None,subwf,0,1677288231.0,1677288231.0,1677288236.0,1677288241.0,,,0.0,1677288245.0,1677288862.0,,,0.0,,,0.0,5.0,4.0,617.0,,,,,,poseidon,local,poseidon-submit,condor::dagman,/usr/bin/condor_dagman,-p 0  -f -l . -Notification never -Debug 3 -Lockfile xgboost_hp_tuning_group_0.dag.lock -Dag xgboost_hp_tuning_group_0.dag -AllowVersionMismatch  -AutoRescue 1 -DoRescueFrom 0,0.0,0,0,,,,,,,,,
stage_out_local_local_4_0,None,transfer,0,1677288231.0,,,1677288236.0,,,0.0,1677288236.0,1677288246.0,1677288236.0,1677288240.0,21082.0,1677288246.0,1677288251.0,5.0,,0.0,10.0,5.0,,,4.0,85038.0,poseidon,local,host-10-100-100-12.openstacklocal,pegasus::transfer,/home/poseidon/pegasus-5.1.0panorama/bin/pegasus-transfer,pegasus-kickstart  -n pegasus::transfer -N null -i - -R local  -L predict-future-sales -T 2023-02-17T19:59:06+00:00 pegasus-transfer  --threads 2,0.6,0,0,,,,,,,,,
pegasus-plan_ID0000020,None,subwf,0,1677288231.0,1677288231.0,1677288236.0,1677288241.0,,,0.0,1677288245.0,1677289313.0,,,0.0,,,0.0,5.0,4.0,1068.0,,,,,,poseidon,local,poseidon-submit,condor::dagman,/usr/bin/condor_dagman,-p 0  -f -l . -Notification never -Debug 3 -Lockfile xgboost_hp_tuning_group_2.dag.lock -Dag xgboost_hp_tuning_group_2.dag -AllowVersionMismatch  -AutoRescue 1 -DoRescueFrom 0,0.0,0,0,,,,,,,,,
create_dir_predict-future-sales-hp-tuning_0_condorpool_pegasus-plan_ID0000016,None,auxiliary,0,1677288236.0,,,1677288237.0,,,0.0,1677288241.0,1677288247.0,,,0.0,1677288247.0,1677288252.0,1.0,,4.0,6.0,5.0,,,,,poseidon,local,host-10-100-100-12.openstacklocal,pegasus::dirmanager,/home/poseidon/pegasus-5.1.0panorama/bin/pegasus-transfer,pegasus-kickstart  -n pegasus::dirmanager -N null -i - -R local  -L xgboost_hp_tuning_group_1 -T 2023-02-25T01:23:48+00:00 pegasus-transfer,0.3,0,0,,,,,,,,,
create_dir_predict-future-sales-hp-tuning_0_condorpool_pegasus-plan_ID0000012,None,auxiliary,0,1677288245.0,,,1677288246.0,,,0.0,1677288246.0,1677288256.0,,,0.0,1677288256.0,1677288261.0,1.0,,0.0,10.0,5.0,,,,,poseidon,local,host-10-100-100-12.openstacklocal,pegasus::dirmanager,/home/poseidon/pegasus-5.1.0panorama/bin/pegasus-transfer,pegasus-kickstart  -n pegasus::dirmanager -N null -i - -R local  -L xgboost_hp_tuning_group_0 -T 2023-02-25T01:23:53+00:00 pegasus-transfer,0.3,0,0,,,,,,,,,
create_dir_predict-future-sales-hp-tuning_0_condorpool_pegasus-plan_ID0000020,None,auxiliary,0,1677288245.0,,,1677288246.0,,,0.0,1677288246.0,1677288256.0,,,0.0,1677288256.0,1677288261.0,1.0,,0.0,10.0,5.0,,,,,poseidon,local,host-10-100-100-12.openstacklocal,pegasus::dirmanager,/home/poseidon/pegasus-5.1.0panorama/bin/pegasus-transfer,pegasus-kickstart  -n pegasus::dirmanager -N null -i - -R local  -L xgboost_hp_tuning_group_2 -T 2023-02-25T01:23:53+00:00 pegasus-transfer,0.3,0,0,,,,,,,,,
register_local_4_0,None,auxiliary,0,1677288251.0,,,1677288256.0,,,0.0,1677288256.0,1677288261.0,,,0.0,1677288261.0,1677288266.0,5.0,,0.0,5.0,5.0,,,,,poseidon,local,host-10-100-100-12.openstacklocal,pegasus::rc-client,/home/poseidon/pegasus-5.1.0panorama/bin/pegasus-rc-client,"pegasus-kickstart  -n pegasus::rc-client -N null -R local  -L predict-future-sales -T 2023-02-17T19:59:06+00:00 /home/poseidon/pegasus-5.1.0panorama/bin/pegasus-rc-client --prefix pegasus.catalog.replica.output --conf /home/poseidon/workflows/predict-future-sales-workflow/submit/poseidon/pegasus/predict-future-sales/run0170/pegasus.4276552258963697916.properties -v --meta /home/poseidon/workflows/predict-future-sales-workflow/submit/poseidon/pegasus/predict-future-sales/run0170/00/00/xgboost_hp_tuning_workflow_ID0000011.meta,/home/poseidon/workflows/predict-future-sales-workflow/submit/poseidon/pegasus/predict-future-sales/run0170/00/00/xgboost_hp_tuning_workflow_ID0000019.meta,/home/poseidon/workflows/predict-future-sales-workflow/submit/poseidon/pegasus/predict-future-sales/run0170/00/00/xgboost_hp_tuning_workflow_ID0000015.meta --insert /home/poseidon/workflows/predict-future-sales-workflow/submit/poseidon/pegasus/predict-future-sales/run0170/00/00/register_local_4_0.in",3.0,0,0,,,,,,,,,
stage_in_local_condorpool_0_0_pegasus-plan_ID0000016,None,transfer,0,1677288252.0,,,1677288257.0,1677288258.0,1677288263.0,2818.0,1677288258.0,1677288272.0,,,0.0,1677288272.0,1677288277.0,5.0,,1.0,14.0,5.0,5.0,12142.0,,,poseidon,local,host-10-100-100-12.openstacklocal,pegasus::transfer,/home/poseidon/pegasus-5.1.0panorama/bin/pegasus-transfer,-n pegasus::transfer -N null -i - -R local  -L xgboost_hp_tuning_group_1 -T 2023-02-25T01:23:48+00:00 /home/poseidon/pegasus-5.1.0panorama/bin/../bin/pegasus-transfer  --threads 2,0.6,0,0,,,,,,,,,
stage_in_local_condorpool_1_0_pegasus-plan_ID0000016,None,transfer,0,1677288252.0,,,1677288257.0,1677288258.0,1677288262.0,816.0,1677288258.0,1677288267.0,,,0.0,1677288267.0,1677288272.0,5.0,,1.0,9.0,5.0,4.0,2874.0,,,poseidon,local,host-10-100-100-12.openstacklocal,pegasus::transfer,/home/poseidon/pegasus-5.1.0panorama/bin/pegasus-transfer,-n pegasus::transfer -N null -i - -R local  -L xgboost_hp_tuning_group_1 -T 2023-02-25T01:23:48+00:00 /home/poseidon/pegasus-5.1.0panorama/bin/../bin/pegasus-transfer  --threads 2,0.5,0,0,,,,,,,,,
stage_in_local_condorpool_0_1_pegasus-plan_ID0000016,None,transfer,0,1677288252.0,,,1677288257.0,1677288258.0,1677288262.0,5401249.0,1677288258.0,1677288267.0,,,0.0,1677288267.0,1677288272.0,5.0,,1.0,9.0,5.0,4.0,19294600.0,,,poseidon,local,host-10-100-100-12.openstacklocal,pegasus::transfer,/home/poseidon/pegasus-5.1.0panorama/bin/pegasus-transfer,-n pegasus::transfer -N null -i - -R local  -L xgboost_hp_tuning_group_1 -T 2023-02-25T01:23:48+00:00 /home/poseidon/pegasus-5.1.0panorama/bin/../bin/pegasus-transfer  --threads 2,0.6,0,0,,,,,,,,,
stage_in_local_condorpool_0_2_pegasus-plan_ID0000016,None,transfer,0,1677288252.0,,,1677288257.0,1677288258.0,1677288265.0,114047596.0,1677288258.0,1677288272.0,,,0.0,1677288272.0,1677288277.0,5.0,,1.0,14.0,5.0,7.0,735985664.0,,,poseidon,local,host-10-100-100-12.openstacklocal,pegasus::transfer,/home/poseidon/pegasus-5.1.0panorama/bin/pegasus-transfer,-n pegasus::transfer -N null -i - -R local  -L xgboost_hp_tuning_group_1 -T 2023-02-25T01:23:48+00:00 /home/poseidon/pegasus-5.1.0panorama/bin/../bin/pegasus-transfer  --threads 2,3.4,0,0,,,,,,,,,
stage_in_local_condorpool_1_0_pegasus-plan_ID0000012,None,transfer,0,1677288261.0,,,1677288266.0,1677288267.0,1677288271.0,821.0,1677288267.0,1677288281.0,,,0.0,1677288281.0,1677288286.0,5.0,,1.0,14.0,5.0,4.0,2874.0,,,poseidon,local,host-10-100-100-12.openstacklocal,pegasus::transfer,/home/poseidon/pegasus-5.1.0panorama/bin/pegasus-transfer,-n pegasus::transfer -N null -i - -R local  -L xgboost_hp_tuning_group_0 -T 2023-02-25T01:23:53+00:00 /home/poseidon/pegasus-5.1.0panorama/bin/../bin/pegasus-transfer  --threads 2,0.5,0,0,,,,,,,,,
stage_in_local_condorpool_0_1_pegasus-plan_ID0000012,None,transfer,0,1677288261.0,,,1677288266.0,1677288268.0,1677288273.0,46192011.0,1677288267.0,1677288281.0,,,0.0,1677288281.0,1677288286.0,5.0,,1.0,14.0,5.0,5.0,269346726.0,,,poseidon,local,host-10-100-100-12.openstacklocal,pegasus::transfer,/home/poseidon/pegasus-5.1.0panorama/bin/pegasus-transfer,-n pegasus::transfer -N null -i - -R local  -L xgboost_hp_tuning_group_0 -T 2023-02-25T01:23:53+00:00 /home/poseidon/pegasus-5.1.0panorama/bin/../bin/pegasus-transfer  --threads 2,1.9,0,0,,,,,,,,,
stage_in_local_condorpool_0_2_pegasus-plan_ID0000012,None,transfer,0,1677288261.0,,,1677288266.0,1677288268.0,1677288276.0,83612953.0,1677288267.0,1677288286.0,,,0.0,1677288286.0,1677288291.0,5.0,,1.0,19.0,5.0,8.0,735985664.0,,,poseidon,local,host-10-100-100-12.openstacklocal,pegasus::transfer,/home/poseidon/pegasus-5.1.0panorama/bin/pegasus-transfer,-n pegasus::transfer -N null -i - -R local  -L xgboost_hp_tuning_group_0 -T 2023-02-25T01:23:53+00:00 /home/poseidon/pegasus-5.1.0panorama/bin/../bin/pegasus-transfer  --threads 2,3.9,0,0,,,,,,,,,
stage_in_local_condorpool_0_2_pegasus-plan_ID0000020,None,transfer,0,1677288261.0,,,1677288266.0,1677288268.0,1677288276.0,84048990.0,1677288267.0,1677288286.0,,,0.0,1677288286.0,1677288291.0,5.0,,1.0,19.0,5.0,8.0,735985664.0,,,poseidon,local,host-10-100-100-12.openstacklocal,pegasus::transfer,/home/poseidon/pegasus-5.1.0panorama/bin/pegasus-transfer,-n pegasus::transfer -N null -i - -R local  -L xgboost_hp_tuning_group_2 -T 2023-02-25T01:23:53+00:00 /home/poseidon/pegasus-5.1.0panorama/bin/../bin/pegasus-transfer  --threads 2,3.9,0,0,,,,,,,,,
stage_in_local_condorpool_0_0_pegasus-plan_ID0000020,None,transfer,0,1677288261.0,,,1677288266.0,1677288267.0,1677288272.0,2789.0,1677288267.0,1677288281.0,,,0.0,1677288281.0,1677288286.0,5.0,,1.0,14.0,5.0,5.0,12142.0,,,poseidon,local,host-10-100-100-12.openstacklocal,pegasus::transfer,/home/poseidon/pegasus-5.1.0panorama/bin/pegasus-transfer,-n pegasus::transfer -N null -i - -R local  -L xgboost_hp_tuning_group_2 -T 2023-02-25T01:23:53+00:00 /home/poseidon/pegasus-5.1.0panorama/bin/../bin/pegasus-transfer  --threads 2,0.6,0,0,,,,,,,,,
stage_in_local_condorpool_1_0_pegasus-plan_ID0000020,None,transfer,0,1677288261.0,,,1677288266.0,1677288267.0,1677288271.0,803.0,1677288267.0,1677288281.0,,,0.0,1677288281.0,1677288286.0,5.0,,1.0,14.0,5.0,4.0,2874.0,,,poseidon,local,host-10-100-100-12.openstacklocal,pegasus::transfer,/home/poseidon/pegasus-5.1.0panorama/bin/pegasus-transfer,-n pegasus::transfer -N null -i - -R local  -L xgboost_hp_tuning_group_2 -T 2023-02-25T01:23:53+00:00 /home/poseidon/pegasus-5.1.0panorama/bin/../bin/pegasus-transfer  --threads 2,0.5,0,0,,,,,,,,,
stage_in_local_condorpool_0_1_pegasus-plan_ID0000020,None,transfer,0,1677288261.0,,,1677288266.0,1677288268.0,1677288284.0,163230632.0,1677288267.0,1677288291.0,,,0.0,1677288291.0,1677288296.0,5.0,,1.0,24.0,5.0,16.0,2646308508.0,,,poseidon,local,host-10-100-100-12.openstacklocal,pegasus::transfer,/home/poseidon/pegasus-5.1.0panorama/bin/pegasus-transfer,-n pegasus::transfer -N null -i - -R local  -L xgboost_hp_tuning_group_2 -T 2023-02-25T01:23:53+00:00 /home/poseidon/pegasus-5.1.0panorama/bin/../bin/pegasus-transfer  --threads 2,11.6,0,0,,,,,,,,,
stage_in_local_condorpool_0_0_pegasus-plan_ID0000012,None,transfer,0,1677288261.0,,,1677288266.0,1677288268.0,1677288272.0,2759.0,1677288267.0,1677288281.0,,,0.0,1677288281.0,1677288286.0,5.0,,1.0,14.0,5.0,4.0,12142.0,,,poseidon,local,host-10-100-100-12.openstacklocal,pegasus::transfer,/home/poseidon/pegasus-5.1.0panorama/bin/pegasus-transfer,-n pegasus::transfer -N null -i - -R local  -L xgboost_hp_tuning_group_0 -T 2023-02-25T01:23:53+00:00 /home/poseidon/pegasus-5.1.0panorama/bin/../bin/pegasus-transfer  --threads 2,0.6,0,0,,,,,,,,,
xgboost_hp_tuning_ID0000003_pegasus-plan_ID0000016,None,compute,0,1677288277.0,,,1677288282.0,1677288253.0,1677288269.0,45742102.8,1677288296.0,1677288337.0,1677288279.0,1677288283.0,255.0,1677288337.0,1677288342.0,5.0,,14.0,41.0,5.0,16.0,377646203.0,4.0,1064.0,poseidon,condorpool,poseidon-worker-1-container-16-23,xgboost_hp_tuning,/srv/xgboost_hp_tuning,,15.2,0,0,,,,,,,,,
xgboost_hp_tuning_ID0000005_pegasus-plan_ID0000016,None,compute,0,1677288277.0,,,1677288282.0,1677288253.0,1677288269.0,45595217.8,1677288296.0,1677288337.0,1677288279.0,1677288283.0,253.0,1677288337.0,1677288342.0,5.0,,14.0,41.0,5.0,16.0,377646203.0,4.0,1078.0,poseidon,condorpool,poseidon-worker-1-container-32-39,xgboost_hp_tuning,/srv/xgboost_hp_tuning,,15.5,0,0,,,,,,,,,
xgboost_hp_tuning_ID0000016_pegasus-plan_ID0000016,None,compute,0,1677288277.0,,,1677288282.0,1677288253.0,1677288269.0,45746374.5,1677288296.0,1677288337.0,1677288280.0,1677288284.0,252.0,1677288337.0,1677288342.0,5.0,,14.0,41.0,5.0,16.0,377646203.0,4.0,1055.0,poseidon,condorpool,poseidon-worker-1-container-40-47,xgboost_hp_tuning,/srv/xgboost_hp_tuning,,22.2,0,0,,,,,,,,,
xgboost_hp_tuning_ID0000015_pegasus-plan_ID0000016,None,compute,0,1677288277.0,,,1677288282.0,1677288253.0,1677288269.0,45706511.8,1677288296.0,1677288337.0,1677288279.0,1677288283.0,247.0,1677288337.0,1677288342.0,5.0,,14.0,41.0,5.0,16.0,377646203.0,4.0,1052.0,poseidon,condorpool,poseidon-worker-1-container-24-31,xgboost_hp_tuning,/srv/xgboost_hp_tuning,,15.8,0,0,,,,,,,,,
xgboost_hp_tuning_ID0000014_pegasus-plan_ID0000016,cpu_2,compute,0,1677288277.0,,,1677288282.0,1677288253.0,1677288268.0,45796344.2,1677288296.0,1677288337.0,1677288279.0,1677288283.0,245.0,1677288337.0,1677288342.0,5.0,,14.0,41.0,5.0,15.0,377646203.0,4.0,1056.0,poseidon,condorpool,poseidon-worker-1-container-8-15,xgboost_hp_tuning,/srv/xgboost_hp_tuning,,13.6,0,0,,,,,,,,,
xgboost_hp_tuning_ID0000021_pegasus-plan_ID0000016,None,compute,0,1677288277.0,,,1677288282.0,1677288253.0,1677288268.0,45809948.0,1677288296.0,1677288337.0,1677288278.0,1677288282.0,244.0,1677288337.0,1677288342.0,5.0,,14.0,41.0,5.0,15.0,377646203.0,4.0,1063.0,poseidon,condorpool,poseidon-worker-3-container-32-39,xgboost_hp_tuning,/srv/xgboost_hp_tuning,,14.6,0,0,,,,,,,,,
xgboost_hp_tuning_ID0000013_pegasus-plan_ID0000016,None,compute,0,1677288277.0,,,1677288282.0,1677288291.0,1677288306.0,45799912.0,1677288335.0,1677288372.0,1677288317.0,1677288321.0,256.0,1677288372.0,1677288377.0,5.0,,53.0,37.0,5.0,15.0,377646203.0,4.0,1054.0,poseidon,condorpool,poseidon-worker-3-container-32-39,xgboost_hp_tuning,/srv/xgboost_hp_tuning,,17.8,0,0,,,,,,,,,
xgboost_hp_tuning_ID0000017_pegasus-plan_ID0000016,None,compute,0,1677288277.0,,,1677288282.0,1677288253.0,1677288268.0,45904534.0,1677288296.0,1677288337.0,1677288278.0,1677288283.0,248.0,1677288337.0,1677288342.0,5.0,,14.0,41.0,5.0,15.0,377646203.0,5.0,1054.0,poseidon,condorpool,poseidon-worker-3-container-0-7,xgboost_hp_tuning,/srv/xgboost_hp_tuning,,17.3,0,0,,,,,,,,,
xgboost_hp_tuning_ID0000001_pegasus-plan_ID0000016,None,compute,0,1677288277.0,,,1677288282.0,1677288291.0,1677288307.0,45913097.8,1677288335.0,1677288383.0,1677288323.0,1677288327.0,259.0,1677288383.0,1677288388.0,5.0,,53.0,48.0,5.0,16.0,377646203.0,4.0,1063.0,poseidon,condorpool,poseidon-worker-3-container-24-31,xgboost_hp_tuning,/srv/xgboost_hp_tuning,,63.3,0,0,0.0,32939965.0,40.0,3303.0,2.0,58.0,1.7,3293996.5,4.0
xgboost_hp_tuning_ID0000012_pegasus-plan_ID0000016,None,compute,0,1677288277.0,,,1677288282.0,1677288291.0,1677288307.0,45944348.2,1677288335.0,1677288372.0,1677288316.0,1677288321.0,247.0,1677288372.0,1677288377.0,5.0,,53.0,37.0,5.0,16.0,377646203.0,5.0,1048.0,poseidon,condorpool,poseidon-worker-3-container-16-23,xgboost_hp_tuning,/srv/xgboost_hp_tuning,,14.6,0,0,,,,,,,,,
xgboost_hp_tuning_ID0000023_pegasus-plan_ID0000016,None,compute,0,1677288277.0,,,1677288282.0,1677288291.0,1677288307.0,45950793.2,1677288335.0,1677288372.0,1677288317.0,1677288321.0,266.0,1677288372.0,1677288377.0,5.0,,53.0,37.0,5.0,16.0,377646203.0,4.0,1092.0,poseidon,condorpool,poseidon-worker-3-container-0-7,xgboost_hp_tuning,/srv/xgboost_hp_tuning,,15.2,0,0,,,,,,,,,
xgboost_hp_tuning_ID0000002_pegasus-plan_ID0000016,None,compute,0,1677288277.0,,,1677288282.0,1677288291.0,1677288306.0,45915349.0,1677288335.0,1677288372.0,1677288317.0,1677288321.0,256.0,1677288372.0,1677288377.0,5.0,,53.0,37.0,5.0,15.0,377646203.0,4.0,1062.0,poseidon,condorpool,poseidon-worker-3-container-40-47,xgboost_hp_tuning,/srv/xgboost_hp_tuning,,16.3,0,0,,,,,,,,,
xgboost_hp_tuning_ID0000006_pegasus-plan_ID0000016,None,compute,0,1677288277.0,,,1677288282.0,1677288253.0,1677288268.0,45794669.0,1677288296.0,1677288337.0,1677288280.0,1677288285.0,254.0,1677288337.0,1677288342.0,5.0,,14.0,41.0,5.0,15.0,377646203.0,5.0,1066.0,poseidon,condorpool,poseidon-worker-2-container-0-7,xgboost_hp_tuning,/srv/xgboost_hp_tuning,,32.1,0,0,,,,,,,,,
xgboost_hp_tuning_ID0000004_pegasus-plan_ID0000016,None,compute,0,1677288277.0,,,1677288282.0,1677288253.0,1677288269.0,45671765.0,1677288296.0,1677288337.0,1677288279.0,1677288283.0,247.0,1677288337.0,1677288342.0,5.0,,14.0,41.0,5.0,16.0,377646203.0,4.0,1065.0,poseidon,condorpool,poseidon-worker-2-container-8-15,xgboost_hp_tuning,/srv/xgboost_hp_tuning,,15.8,0,0,,,,,,,,,
xgboost_hp_tuning_ID0000007_pegasus-plan_ID0000016,None,compute,0,1677288277.0,,,1677288282.0,1677288253.0,1677288268.0,45946691.5,1677288296.0,1677288337.0,1677288278.0,1677288283.0,250.0,1677288337.0,1677288342.0,5.0,,14.0,41.0,5.0,15.0,377646203.0,5.0,1065.0,poseidon,condorpool,poseidon-worker-3-container-24-31,xgboost_hp_tuning,/srv/xgboost_hp_tuning,,16.9,0,0,,,,,,,,,
xgboost_hp_tuning_ID0000019_pegasus-plan_ID0000016,None,compute,0,1677288277.0,,,1677288282.0,1677288253.0,1677288268.0,45926351.5,1677288296.0,1677288337.0,1677288278.0,1677288283.0,254.0,1677288337.0,1677288342.0,5.0,,14.0,41.0,5.0,15.0,377646203.0,5.0,1060.0,poseidon,condorpool,poseidon-worker-3-container-8-15,xgboost_hp_tuning,/srv/xgboost_hp_tuning,,17.6,0,0,,,,,,,,,
xgboost_hp_tuning_ID0000008_pegasus-plan_ID0000016,None,compute,0,1677288277.0,,,1677288282.0,1677288253.0,1677288268.0,45883149.8,1677288296.0,1677288337.0,1677288278.0,1677288283.0,246.0,1677288337.0,1677288342.0,5.0,,14.0,41.0,5.0,15.0,377646203.0,5.0,1055.0,poseidon,condorpool,poseidon-worker-3-container-16-23,xgboost_hp_tuning,/srv/xgboost_hp_tuning,,16.3,0,0,,,,,,,,,
xgboost_hp_tuning_ID0000020_pegasus-plan_ID0000016,cpu_2,compute,0,1677288277.0,,,1677288282.0,1677288253.0,1677288268.0,45727793.2,1677288296.0,1677288337.0,1677288279.0,1677288283.0,254.0,1677288337.0,1677288342.0,5.0,,14.0,41.0,5.0,15.0,377646203.0,4.0,1062.0,poseidon,condorpool,poseidon-worker-2-container-24-31,xgboost_hp_tuning,/srv/xgboost_hp_tuning,,13.5,0,0,,,,,,,,,
xgboost_hp_tuning_ID0000010_pegasus-plan_ID0000016,None,compute,0,1677288277.0,,,1677288282.0,1677288253.0,1677288268.0,45876677.2,1677288296.0,1677288337.0,1677288278.0,1677288282.0,248.0,1677288337.0,1677288342.0,5.0,,14.0,41.0,5.0,15.0,377646203.0,4.0,1049.0,poseidon,condorpool,poseidon-worker-3-container-40-47,xgboost_hp_tuning,/srv/xgboost_hp_tuning,,15.0,0,0,,,,,,,,,
xgboost_hp_tuning_ID0000022_pegasus-plan_ID0000016,cpu_2,compute,0,1677288277.0,,,1677288282.0,1677288253.0,1677288269.0,45713860.8,1677288296.0,1677288337.0,1677288279.0,1677288283.0,251.0,1677288337.0,1677288342.0,5.0,,14.0,41.0,5.0,16.0,377646203.0,4.0,1062.0,poseidon,condorpool,poseidon-worker-2-container-32-39,xgboost_hp_tuning,/srv/xgboost_hp_tuning,,14.9,0,0,,,,,,,,,
xgboost_hp_tuning_ID0000011_pegasus-plan_ID0000016,None,compute,0,1677288277.0,,,1677288282.0,1677288253.0,1677288269.0,45705079.5,1677288296.0,1677288337.0,1677288279.0,1677288283.0,247.0,1677288337.0,1677288342.0,5.0,,14.0,41.0,5.0,16.0,377646203.0,4.0,1047.0,poseidon,condorpool,poseidon-worker-2-container-40-47,xgboost_hp_tuning,/srv/xgboost_hp_tuning,,16.1,0,0,,,,,,,,,
xgboost_hp_tuning_ID0000009_pegasus-plan_ID0000016,cpu_2,compute,0,1677288277.0,,,1677288282.0,1677288253.0,1677288268.0,45587410.8,1677288296.0,1677288337.0,1677288279.0,1677288283.0,245.0,1677288337.0,1677288342.0,5.0,,14.0,41.0,5.0,15.0,377646203.0,4.0,1059.0,poseidon,condorpool,poseidon-worker-1-container-0-7,xgboost_hp_tuning,/srv/xgboost_hp_tuning,,13.0,0,0,,,,,,,,,
xgboost_hp_tuning_ID0000018_pegasus-plan_ID0000016,cpu_2,compute,0,1677288277.0,,,1677288282.0,1677288253.0,1677288269.0,45731808.5,1677288296.0,1677288337.0,1677288279.0,1677288283.0,246.0,1677288337.0,1677288342.0,5.0,,14.0,41.0,5.0,16.0,377646203.0,4.0,1053.0,poseidon,condorpool,poseidon-worker-2-container-16-23,xgboost_hp_tuning,/srv/xgboost_hp_tuning,,13.5,0,0,,,,,,,,,
xgboost_hp_tuning_ID0000018_pegasus-plan_ID0000012,cpu_2,compute,0,1677288291.0,,,1677288296.0,1677288292.0,1677288309.0,51323276.7,1677288336.0,1677288391.0,1677288336.0,1677288340.0,252.0,1677288391.0,1677288396.0,5.0,,40.0,55.0,5.0,17.0,502672266.0,4.0,1054.0,poseidon,condorpool,poseidon-worker-1-container-8-15,xgboost_hp_tuning,/srv/xgboost_hp_tuning,,85.1,0,0,0.1,157972509.0,40.0,3321.0,2.0,80.0,3.2,7898625.5,4.0
xgboost_hp_tuning_ID0000023_pegasus-plan_ID0000012,cpu_2,compute,0,1677288291.0,,,1677288296.0,1677288349.0,1677288366.0,51411672.7,1677288393.0,1677288461.0,1677288404.0,1677288408.0,257.0,1677288461.0,1677288466.0,5.0,,97.0,68.0,5.0,17.0,502672266.0,4.0,1091.0,poseidon,condorpool,poseidon-worker-1-container-8-15,xgboost_hp_tuning,/srv/xgboost_hp_tuning,,128.5,0,0,0.0,157976410.0,40.0,3336.0,2.0,118.7,3.3,5265880.3,4.0
xgboost_hp_tuning_ID0000009_pegasus-plan_ID0000012,None,compute,0,1677288291.0,,,1677288296.0,1677288291.0,1677288308.0,51605439.7,1677288335.0,1677288396.0,1677288337.0,1677288341.0,255.0,1677288396.0,1677288401.0,5.0,,39.0,61.0,5.0,17.0,502672266.0,4.0,1060.0,poseidon,condorpool,poseidon-worker-3-container-8-15,xgboost_hp_tuning,/srv/xgboost_hp_tuning,,124.5,0,0,0.0,157970629.0,40.0,3319.0,2.0,105.2,3.9,7898531.5,4.0
xgboost_hp_tuning_ID0000011_pegasus-plan_ID0000012,None,compute,0,1677288291.0,,,1677288296.0,1677288292.0,1677288309.0,51342361.3,1677288335.0,1677288396.0,1677288338.0,1677288343.0,253.0,1677288396.0,1677288401.0,5.0,,39.0,61.0,5.0,17.0,502672266.0,5.0,1051.0,poseidon,condorpool,poseidon-worker-1-container-32-39,xgboost_hp_tuning,/srv/xgboost_hp_tuning,,125.4,0,0,0.1,157972538.0,40.0,3321.0,2.0,101.2,3.6,7898626.9,4.0
xgboost_hp_tuning_ID0000020_pegasus-plan_ID0000012,None,compute,0,1677288291.0,,,1677288296.0,1677288292.0,1677288309.0,51410851.0,1677288335.0,1677288391.0,1677288334.0,1677288338.0,255.0,1677288391.0,1677288396.0,5.0,,39.0,56.0,5.0,17.0,502672266.0,4.0,1060.0,poseidon,condorpool,poseidon-worker-2-container-40-47,xgboost_hp_tuning,/srv/xgboost_hp_tuning,,98.7,0,0,0.0,157968050.0,40.0,3305.0,2.0,42.6,2.7,15796805.0,4.0
xgboost_hp_tuning_ID0000010_pegasus-plan_ID0000012,cpu_2,compute,0,1677288291.0,,,1677288296.0,1677288292.0,1677288309.0,51269085.3,1677288335.0,1677288401.0,1677288345.0,1677288349.0,252.0,1677288401.0,1677288406.0,5.0,,39.0,66.0,5.0,17.0,502672266.0,4.0,1051.0,poseidon,condorpool,poseidon-worker-2-container-24-31,xgboost_hp_tuning,/srv/xgboost_hp_tuning,,115.5,0,0,0.1,157972539.0,40.0,3321.0,2.0,68.8,2.2,7898627.0,4.0
xgboost_hp_tuning_ID0000021_pegasus-plan_ID0000012,None,compute,0,1677288291.0,,,1677288296.0,1677288292.0,1677288309.0,51250935.3,1677288335.0,1677288391.0,1677288333.0,1677288337.0,249.0,1677288391.0,1677288396.0,5.0,,39.0,56.0,5.0,17.0,502672266.0,4.0,1063.0,poseidon,condorpool,poseidon-worker-1-container-24-31,xgboost_hp_tuning,/srv/xgboost_hp_tuning,,87.7,0,0,0.1,157967906.0,40.0,3305.0,2.0,41.0,2.6,15796790.6,4.0
xgboost_hp_tuning_ID0000008_pegasus-plan_ID0000012,None,compute,0,1677288291.0,,,1677288296.0,1677288292.0,1677288309.0,51232269.7,1677288335.0,1677288391.0,1677288335.0,1677288339.0,251.0,1677288391.0,1677288396.0,5.0,,39.0,56.0,5.0,17.0,502672266.0,4.0,1057.0,poseidon,condorpool,poseidon-worker-1-container-16-23,xgboost_hp_tuning,/srv/xgboost_hp_tuning,,103.1,0,0,0.1,157967905.0,40.0,3305.0,2.0,46.8,2.4,15796790.5,4.0
xgboost_hp_tuning_ID0000022_pegasus-plan_ID0000012,None,compute,0,1677288291.0,,,1677288296.0,1677288292.0,1677288309.0,51421208.7,1677288335.0,1677288391.0,1677288334.0,1677288338.0,253.0,1677288391.0,1677288396.0,5.0,,39.0,56.0,5.0,17.0,502672266.0,4.0,1063.0,poseidon,condorpool,poseidon-worker-2-container-8-15,xgboost_hp_tuning,/srv/xgboost_hp_tuning,,96.3,0,0,0.0,157967864.0,40.0,3305.0,2.0,41.2,2.6,15796786.4,4.0
xgboost_hp_tuning_ID0000006_pegasus-plan_ID0000012,cpu_2,compute,0,1677288291.0,,,1677288296.0,1677288292.0,1677288309.0,51388550.7,1677288336.0,1677288396.0,1677288337.0,1677288341.0,252.0,1677288396.0,1677288401.0,5.0,,40.0,60.0,5.0,17.0,502672266.0,4.0,1066.0,poseidon,condorpool,poseidon-worker-2-container-32-39,xgboost_hp_tuning,/srv/xgboost_hp_tuning,,88.2,0,0,0.0,157972704.0,40.0,3321.0,2.0,79.5,3.5,7898635.2,4.0
xgboost_hp_tuning_ID0000016_pegasus-plan_ID0000012,None,compute,0,1677288291.0,,,1677288296.0,1677288329.0,1677288346.0,51518014.7,1677288373.0,1677288431.0,1677288373.0,1677288377.0,255.0,1677288431.0,1677288436.0,5.0,,77.0,58.0,5.0,17.0,502672266.0,4.0,1051.0,poseidon,condorpool,poseidon-worker-3-container-16-23,xgboost_hp_tuning,/srv/xgboost_hp_tuning,,106.5,0,0,0.0,157970759.0,40.0,3319.0,2.0,102.4,3.8,7898538.0,4.0
xgboost_hp_tuning_ID0000005_pegasus-plan_ID0000012,None,compute,0,1677288291.0,,,1677288296.0,1677288293.0,1677288310.0,51297285.3,1677288337.0,1677288401.0,1677288343.0,1677288347.0,259.0,1677288401.0,1677288406.0,5.0,,41.0,64.0,5.0,17.0,502672266.0,4.0,1079.0,poseidon,condorpool,poseidon-worker-2-container-0-7,xgboost_hp_tuning,/srv/xgboost_hp_tuning,,151.4,0,0,0.0,157972461.0,40.0,3321.0,2.0,109.4,3.1,7898623.0,4.0
xgboost_hp_tuning_ID0000004_pegasus-plan_ID0000012,None,compute,0,1677288291.0,,,1677288296.0,1677288329.0,1677288346.0,51523756.7,1677288373.0,1677288431.0,1677288372.0,1677288377.0,254.0,1677288431.0,1677288436.0,5.0,,77.0,58.0,5.0,17.0,502672266.0,5.0,1062.0,poseidon,condorpool,poseidon-worker-3-container-40-47,xgboost_hp_tuning,/srv/xgboost_hp_tuning,,103.7,0,0,0.1,157966108.0,40.0,3303.0,2.0,41.5,3.0,15796610.8,4.0
xgboost_hp_tuning_ID0000015_pegasus-plan_ID0000012,None,compute,0,1677288291.0,,,1677288296.0,1677288330.0,1677288346.0,51553795.0,1677288373.0,1677288431.0,1677288372.0,1677288377.0,257.0,1677288431.0,1677288436.0,5.0,,77.0,58.0,5.0,16.0,502672266.0,5.0,1053.0,poseidon,condorpool,poseidon-worker-3-container-0-7,xgboost_hp_tuning,/srv/xgboost_hp_tuning,,104.7,0,0,0.0,157966039.0,40.0,3303.0,2.0,41.6,2.8,15796603.9,4.0
xgboost_hp_tuning_ID0000012_pegasus-plan_ID0000012,None,compute,0,1677288291.0,,,1677288296.0,1677288348.0,1677288365.0,51326946.0,1677288391.0,1677288466.0,1677288408.0,1677288413.0,250.0,1677288466.0,1677288471.0,5.0,,95.0,75.0,5.0,17.0,502672266.0,5.0,1050.0,poseidon,condorpool,poseidon-worker-1-container-16-23,xgboost_hp_tuning,/srv/xgboost_hp_tuning,,202.5,0,0,0.1,157976463.0,40.0,3336.0,2.0,156.2,2.8,5265882.1,4.0
xgboost_hp_tuning_ID0000003_pegasus-plan_ID0000012,None,compute,0,1677288291.0,,,1677288296.0,1677288330.0,1677288346.0,51434538.7,1677288373.0,1677288431.0,1677288372.0,1677288376.0,256.0,1677288431.0,1677288436.0,5.0,,77.0,58.0,5.0,16.0,502672266.0,4.0,1066.0,poseidon,condorpool,poseidon-worker-3-container-32-39,xgboost_hp_tuning,/srv/xgboost_hp_tuning,,101.2,0,0,0.0,157966105.0,40.0,3303.0,2.0,42.6,2.6,15796610.5,4.0
xgboost_hp_tuning_ID0000014_pegasus-plan_ID0000012,None,compute,0,1677288291.0,,,1677288296.0,1677288336.0,1677288353.0,51559241.3,1677288380.0,1677288436.0,1677288376.0,1677288380.0,255.0,1677288436.0,1677288441.0,5.0,,84.0,56.0,5.0,17.0,502672266.0,4.0,1055.0,poseidon,condorpool,poseidon-worker-3-container-24-31,xgboost_hp_tuning,/srv/xgboost_hp_tuning,,85.6,0,0,0.0,157966105.0,40.0,3303.0,2.0,41.0,2.8,15796610.5,4.0
xgboost_hp_tuning_ID0000001_pegasus-plan_ID0000012,None,compute,0,1677288291.0,,,1677288296.0,1677288347.0,1677288364.0,51380447.3,1677288391.0,1677288456.0,1677288399.0,1677288403.0,252.0,1677288456.0,1677288461.0,5.0,,95.0,65.0,5.0,17.0,502672266.0,4.0,1063.0,poseidon,condorpool,poseidon-worker-2-container-40-47,xgboost_hp_tuning,/srv/xgboost_hp_tuning,,158.4,0,0,0.1,157972709.0,40.0,3321.0,2.0,102.2,3.7,7898635.5,4.0
xgboost_hp_tuning_ID0000013_pegasus-plan_ID0000012,None,compute,0,1677288291.0,,,1677288296.0,1677288347.0,1677288364.0,51311989.0,1677288391.0,1677288456.0,1677288398.0,1677288402.0,252.0,1677288456.0,1677288461.0,5.0,,95.0,65.0,5.0,17.0,502672266.0,4.0,1053.0,poseidon,condorpool,poseidon-worker-2-container-8-15,xgboost_hp_tuning,/srv/xgboost_hp_tuning,,143.4,0,0,0.1,157972592.0,40.0,3321.0,2.0,104.1,3.8,7898629.6,4.0
xgboost_hp_tuning_ID0000002_pegasus-plan_ID0000012,None,compute,0,1677288291.0,,,1677288296.0,1677288346.0,1677288363.0,51235555.0,1677288389.0,1677288451.0,1677288392.0,1677288396.0,255.0,1677288451.0,1677288456.0,5.0,,93.0,62.0,5.0,17.0,502672266.0,4.0,1062.0,poseidon,condorpool,poseidon-worker-1-container-24-31,xgboost_hp_tuning,/srv/xgboost_hp_tuning,,123.5,0,0,0.0,157972634.0,40.0,3321.0,2.0,103.5,3.8,7898631.7,4.0
xgboost_hp_tuning_ID0000019_pegasus-plan_ID0000012,cpu_2,compute,0,1677288291.0,,,1677288296.0,1677288292.0,1677288309.0,51067393.3,1677288336.0,1677288396.0,1677288340.0,1677288344.0,254.0,1677288396.0,1677288401.0,5.0,,40.0,60.0,5.0,17.0,502672266.0,4.0,1060.0,poseidon,condorpool,poseidon-worker-1-container-0-7,xgboost_hp_tuning,/srv/xgboost_hp_tuning,,100.7,0,0,0.1,157972644.0,40.0,3321.0,2.0,75.4,2.8,7898632.2,4.0
xgboost_hp_tuning_ID0000017_pegasus-plan_ID0000012,None,compute,0,1677288291.0,,,1677288296.0,1677288293.0,1677288309.0,51242651.7,1677288336.0,1677288396.0,1677288339.0,1677288343.0,256.0,1677288396.0,1677288401.0,5.0,,40.0,60.0,5.0,16.0,502672266.0,4.0,1056.0,poseidon,condorpool,poseidon-worker-1-container-40-47,xgboost_hp_tuning,/srv/xgboost_hp_tuning,,125.2,0,0,0.0,157972544.0,40.0,3321.0,2.0,105.9,3.5,7898627.2,4.0
xgboost_hp_tuning_ID0000007_pegasus-plan_ID0000012,cpu_2,compute,0,1677288291.0,,,1677288296.0,1677288292.0,1677288309.0,51442118.3,1677288336.0,1677288406.0,1677288349.0,1677288354.0,256.0,1677288406.0,1677288411.0,5.0,,40.0,70.0,5.0,17.0,502672266.0,5.0,1067.0,poseidon,condorpool,poseidon-worker-2-container-16-23,xgboost_hp_tuning,/srv/xgboost_hp_tuning,,135.5,0,0,0.0,157976338.0,40.0,3336.0,2.0,115.2,3.0,5265877.9,4.0
xgboost_hp_tuning_ID0000022_pegasus-plan_ID0000020,None,compute,0,1677288296.0,,,1677288301.0,1677288352.0,1677288381.0,75270072.6,1677288395.0,1677288796.0,1677288739.0,1677288744.0,256.0,1677288796.0,1677288801.0,5.0,,94.0,401.0,5.0,29.0,1691153157.0,5.0,1063.0,poseidon,condorpool,poseidon-worker-1-container-40-47,xgboost_hp_tuning,/srv/xgboost_hp_tuning,,1925.3,0,0,0.0,1346576037.0,40.0,3801.0,2.0,1814.3,52.4,3960517.8,4.0
xgboost_hp_tuning_ID0000011_pegasus-plan_ID0000020,None,compute,0,1677288296.0,,,1677288301.0,1677288350.0,1677288379.0,75511126.4,1677288394.0,1677288836.0,1677288779.0,1677288783.0,254.0,1677288836.0,1677288841.0,5.0,,93.0,442.0,5.0,29.0,1691153157.0,4.0,1049.0,poseidon,condorpool,poseidon-worker-3-container-8-15,xgboost_hp_tuning,/srv/xgboost_hp_tuning,,2298.3,0,0,0.1,1346593209.0,40.0,3874.0,2.0,2231.3,62.7,3452803.1,4.0
xgboost_hp_tuning_ID0000009_pegasus-plan_ID0000020,cpu_2,compute,0,1677288296.0,,,1677288301.0,1677288350.0,1677288379.0,75092807.1,1677288393.0,1677288866.0,1677288810.0,1677288814.0,253.0,1677288866.0,1677288871.0,5.0,,92.0,473.0,5.0,29.0,1691153157.0,4.0,1058.0,poseidon,condorpool,poseidon-worker-2-container-32-39,xgboost_hp_tuning,/srv/xgboost_hp_tuning,,1855.5,0,0,0.0,1346606895.0,40.0,3921.0,2.0,1786.5,61.9,3206206.9,4.0
xgboost_hp_tuning_ID0000001_pegasus-plan_ID0000020,None,compute,0,1677288296.0,,,1677288301.0,1677288753.0,1677288782.0,75084955.3,1677288796.0,1677289217.0,1677289161.0,1677289166.0,255.0,1677289217.0,1677289222.0,5.0,,495.0,421.0,5.0,29.0,1691153157.0,5.0,1065.0,poseidon,condorpool,poseidon-worker-1-container-40-47,xgboost_hp_tuning,/srv/xgboost_hp_tuning,,2194.7,0,0,0.1,1346583919.0,40.0,3831.0,2.0,2083.3,45.5,3740510.9,4.0
xgboost_hp_tuning_ID0000010_pegasus-plan_ID0000020,cpu_2,compute,0,1677288296.0,,,1677288301.0,1677288353.0,1677288382.0,75056289.1,1677288397.0,1677288846.0,1677288788.0,1677288793.0,251.0,1677288846.0,1677288851.0,5.0,,96.0,449.0,5.0,29.0,1691153157.0,5.0,1049.0,poseidon,condorpool,poseidon-worker-1-container-0-7,xgboost_hp_tuning,/srv/xgboost_hp_tuning,,1684.6,0,0,0.1,1346595050.0,40.0,3876.0,2.0,1584.4,65.1,3452807.8,4.0
xgboost_hp_tuning_ID0000013_pegasus-plan_ID0000020,None,compute,0,1677288296.0,,,1677288301.0,1677288752.0,1677288781.0,75178753.0,1677288795.0,1677289172.0,1677289114.0,1677289118.0,257.0,1677289172.0,1677289177.0,5.0,,494.0,377.0,5.0,29.0,1691153157.0,4.0,1055.0,poseidon,condorpool,poseidon-worker-2-container-0-7,xgboost_hp_tuning,/srv/xgboost_hp_tuning,,1835.5,0,0,0.0,1346568246.0,40.0,3771.0,2.0,1764.3,51.9,4208025.8,4.0
xgboost_hp_tuning_ID0000002_pegasus-plan_ID0000020,None,compute,0,1677288296.0,,,1677288301.0,1677288748.0,1677288777.0,74877740.1,1677288791.0,1677289147.0,1677289091.0,1677289095.0,257.0,1677289147.0,1677289152.0,5.0,,490.0,356.0,5.0,29.0,1691153157.0,4.0,1063.0,poseidon,condorpool,poseidon-worker-1-container-32-39,xgboost_hp_tuning,/srv/xgboost_hp_tuning,,1679.7,0,0,0.1,1346560912.0,40.0,3741.0,2.0,1602.2,51.2,4488536.4,4.0
xgboost_hp_tuning_ID0000014_pegasus-plan_ID0000020,None,compute,0,1677288296.0,,,1677288301.0,1677288421.0,1677288451.0,75130605.0,1677288465.0,1677288821.0,1677288761.0,1677288765.0,254.0,1677288821.0,1677288826.0,5.0,,164.0,356.0,5.0,30.0,1691153157.0,4.0,1051.0,poseidon,condorpool,poseidon-worker-1-container-16-23,xgboost_hp_tuning,/srv/xgboost_hp_tuning,,1629.4,0,0,0.0,1346560853.0,40.0,3741.0,2.0,1572.4,51.4,4488536.2,4.0
xgboost_hp_tuning_ID0000003_pegasus-plan_ID0000020,cpu_2,compute,0,1677288296.0,,,1677288301.0,1677288417.0,1677288446.0,75118569.1,1677288460.0,1677288911.0,1677288855.0,1677288859.0,258.0,1677288911.0,1677288916.0,5.0,,159.0,451.0,5.0,29.0,1691153157.0,4.0,1069.0,poseidon,condorpool,poseidon-worker-1-container-8-15,xgboost_hp_tuning,/srv/xgboost_hp_tuning,,1760.8,0,0,0.1,1346595224.0,40.0,3877.0,2.0,1649.5,66.2,3452808.3,4.0
xgboost_hp_tuning_ID0000015_pegasus-plan_ID0000020,None,compute,0,1677288296.0,,,1677288301.0,1677288412.0,1677288441.0,75154458.7,1677288455.0,1677288891.0,1677288831.0,1677288835.0,253.0,1677288891.0,1677288896.0,5.0,,154.0,436.0,5.0,29.0,1691153157.0,4.0,1055.0,poseidon,condorpool,poseidon-worker-2-container-40-47,xgboost_hp_tuning,/srv/xgboost_hp_tuning,,2186.3,0,0,0.1,1346591599.0,40.0,3861.0,2.0,2125.2,60.3,3543662.1,4.0
xgboost_hp_tuning_ID0000004_pegasus-plan_ID0000020,None,compute,0,1677288296.0,,,1677288301.0,1677288411.0,1677288441.0,75192830.5,1677288455.0,1677288876.0,1677288816.0,1677288820.0,256.0,1677288876.0,1677288881.0,5.0,,154.0,421.0,5.0,30.0,1691153157.0,4.0,1061.0,poseidon,condorpool,poseidon-worker-2-container-8-15,xgboost_hp_tuning,/srv/xgboost_hp_tuning,,2082.8,0,0,0.0,1346583733.0,40.0,3831.0,2.0,1989.7,53.0,3740510.4,4.0
xgboost_hp_tuning_ID0000016_pegasus-plan_ID0000020,None,compute,0,1677288296.0,,,1677288301.0,1677288405.0,1677288435.0,75024534.3,1677288449.0,1677288861.0,1677288801.0,1677288805.0,250.0,1677288861.0,1677288866.0,5.0,,148.0,412.0,5.0,30.0,1691153157.0,4.0,1053.0,poseidon,condorpool,poseidon-worker-1-container-24-31,xgboost_hp_tuning,/srv/xgboost_hp_tuning,,2034.1,0,0,0.0,1346580019.0,40.0,3816.0,2.0,1942.2,44.4,3847371.5,4.0
xgboost_hp_tuning_ID0000005_pegasus-plan_ID0000020,None,compute,0,1677288296.0,,,1677288301.0,1677288389.0,1677288419.0,75215187.0,1677288433.0,1677288841.0,1677288782.0,1677288786.0,261.0,1677288841.0,1677288846.0,5.0,,132.0,408.0,5.0,30.0,1691153157.0,4.0,1079.0,poseidon,condorpool,poseidon-worker-3-container-24-31,xgboost_hp_tuning,/srv/xgboost_hp_tuning,,2017.3,0,0,0.0,1346578169.0,40.0,3814.0,2.0,1914.7,72.5,3847366.2,4.0
xgboost_hp_tuning_ID0000023_pegasus-plan_ID0000020,None,compute,0,1677288296.0,,,1677288302.0,1677288777.0,1677288806.0,75289533.2,1677288821.0,1677289222.0,1677289162.0,1677289166.0,269.0,1677289222.0,1677289227.0,6.0,,519.0,401.0,5.0,29.0,1691153157.0,4.0,1091.0,poseidon,condorpool,poseidon-worker-3-container-16-23,xgboost_hp_tuning,/srv/xgboost_hp_tuning,,1976.1,0,0,0.0,1346574364.0,40.0,3799.0,2.0,1863.5,72.5,3960512.8,4.0
xgboost_hp_tuning_ID0000017_pegasus-plan_ID0000020,None,compute,0,1677288296.0,,,1677288301.0,1677288388.0,1677288418.0,74983431.6,1677288432.0,1677288791.0,1677288735.0,1677288739.0,256.0,1677288791.0,1677288796.0,5.0,,131.0,359.0,5.0,30.0,1691153157.0,4.0,1052.0,poseidon,condorpool,poseidon-worker-1-container-32-39,xgboost_hp_tuning,/srv/xgboost_hp_tuning,,1700.8,0,0,0.1,1346560878.0,40.0,3741.0,2.0,1598.5,51.8,4488536.3,4.0
xgboost_hp_tuning_ID0000012_pegasus-plan_ID0000020,None,compute,0,1677288296.0,,,1677288302.0,1677288774.0,1677288804.0,74964823.5,1677288818.0,1677289192.0,1677289135.0,1677289139.0,257.0,1677289192.0,1677289197.0,6.0,,516.0,374.0,5.0,30.0,1691153157.0,4.0,1049.0,poseidon,condorpool,poseidon-worker-1-container-16-23,xgboost_hp_tuning,/srv/xgboost_hp_tuning,,1808.9,0,0,0.1,1346568598.0,40.0,3771.0,2.0,1741.0,61.0,4208026.9,4.0
xgboost_hp_tuning_ID0000018_pegasus-plan_ID0000020,None,compute,0,1677288296.0,,,1677288301.0,1677288385.0,1677288414.0,75397232.1,1677288429.0,1677288826.0,1677288767.0,1677288771.0,256.0,1677288826.0,1677288831.0,5.0,,128.0,397.0,5.0,29.0,1691153157.0,4.0,1055.0,poseidon,condorpool,poseidon-worker-3-container-0-7,xgboost_hp_tuning,/srv/xgboost_hp_tuning,,1880.1,0,0,0.0,1346574074.0,40.0,3799.0,2.0,1811.4,50.2,3960512.0,4.0
xgboost_hp_tuning_ID0000007_pegasus-plan_ID0000020,None,compute,0,1677288296.0,,,1677288301.0,1677288385.0,1677288414.0,75383382.3,1677288429.0,1677288816.0,1677288756.0,1677288760.0,255.0,1677288816.0,1677288821.0,5.0,,128.0,387.0,5.0,29.0,1691153157.0,4.0,1065.0,poseidon,condorpool,poseidon-worker-3-container-40-47,xgboost_hp_tuning,/srv/xgboost_hp_tuning,,1860.9,0,0,0.1,1346570553.0,40.0,3784.0,2.0,1777.5,70.7,4080516.8,4.0
xgboost_hp_tuning_ID0000019_pegasus-plan_ID0000020,None,compute,0,1677288296.0,,,1677288301.0,1677288385.0,1677288414.0,75084750.5,1677288428.0,1677289067.0,1677289007.0,1677289011.0,263.0,1677289067.0,1677289072.0,5.0,,127.0,639.0,5.0,29.0,1691153157.0,4.0,1062.0,poseidon,condorpool,poseidon-worker-3-container-32-39,xgboost_hp_tuning,/srv/xgboost_hp_tuning,,3583.3,0,0,0.0,1346666336.0,40.0,4159.0,2.0,3476.3,83.6,2321838.5,4.0
xgboost_hp_tuning_ID0000008_pegasus-plan_ID0000020,cpu_2,compute,0,1677288296.0,,,1677288301.0,1677288362.0,1677288392.0,74934301.4,1677288406.0,1677288886.0,1677288827.0,1677288831.0,256.0,1677288886.0,1677288891.0,5.0,,105.0,480.0,5.0,30.0,1691153157.0,4.0,1058.0,poseidon,condorpool,poseidon-worker-2-container-16-23,xgboost_hp_tuning,/srv/xgboost_hp_tuning,,1841.7,0,0,0.1,1346606717.0,40.0,3921.0,2.0,1735.9,78.3,3206206.5,4.0
xgboost_hp_tuning_ID0000020_pegasus-plan_ID0000020,cpu_2,compute,0,1677288296.0,,,1677288301.0,1677288358.0,1677288387.0,74829782.0,1677288401.0,1677288826.0,1677288767.0,1677288771.0,255.0,1677288826.0,1677288831.0,5.0,,100.0,425.0,5.0,29.0,1691153157.0,4.0,1064.0,poseidon,condorpool,poseidon-worker-2-container-24-31,xgboost_hp_tuning,/srv/xgboost_hp_tuning,,1593.2,0,0,0.1,1346587561.0,40.0,3846.0,2.0,1519.9,72.8,3639425.8,4.0
xgboost_hp_tuning_ID0000021_pegasus-plan_ID0000020,None,compute,0,1677288296.0,,,1677288301.0,1677288356.0,1677288385.0,75096037.5,1677288399.0,1677288756.0,1677288696.0,1677288700.0,252.0,1677288756.0,1677288761.0,5.0,,98.0,357.0,5.0,29.0,1691153157.0,4.0,1061.0,poseidon,condorpool,poseidon-worker-2-container-0-7,xgboost_hp_tuning,/srv/xgboost_hp_tuning,,1664.8,0,0,0.0,1346560397.0,40.0,3741.0,2.0,1604.4,49.6,4488534.7,4.0
xgboost_hp_tuning_ID0000006_pegasus-plan_ID0000020,None,compute,0,1677288296.0,,,1677288301.0,1677288386.0,1677288415.0,75306537.1,1677288429.0,1677288786.0,1677288728.0,1677288732.0,259.0,1677288786.0,1677288791.0,5.0,,128.0,357.0,5.0,29.0,1691153157.0,4.0,1066.0,poseidon,condorpool,poseidon-worker-3-container-16-23,xgboost_hp_tuning,/srv/xgboost_hp_tuning,,1645.4,0,0,0.1,1346559051.0,40.0,3739.0,2.0,1564.0,55.0,4488530.2,4.0
stage_out_local_condorpool_0_0_pegasus-plan_ID0000016,None,transfer,0,1677288377.0,,,1677288383.0,,,0.0,1677288383.0,1677288393.0,1677288383.0,1677288387.0,2098.0,1677288393.0,1677288398.0,6.0,,0.0,10.0,5.0,,,4.0,8456.0,poseidon,local,host-10-100-100-12.openstacklocal,pegasus::transfer,/home/poseidon/pegasus-5.1.0panorama/bin/pegasus-transfer,/home/poseidon/pegasus-5.1.0panorama/bin/../bin/pegasus-kickstart  -n pegasus::transfer -N null -i - -R local  -L xgboost_hp_tuning_group_1 -T 2023-02-25T01:23:48+00:00 /home/poseidon/pegasus-5.1.0panorama/bin/../bin/pegasus-transfer  --threads 2,1.1,0,0,,,,,,,,,
stage_out_local_condorpool_0_1_pegasus-plan_ID0000016,None,transfer,0,1677288377.0,,,1677288383.0,,,0.0,1677288383.0,1677288393.0,1677288383.0,1677288387.0,2106.0,1677288393.0,1677288398.0,6.0,,0.0,10.0,5.0,,,4.0,8501.0,poseidon,local,host-10-100-100-12.openstacklocal,pegasus::transfer,/home/poseidon/pegasus-5.1.0panorama/bin/pegasus-transfer,/home/poseidon/pegasus-5.1.0panorama/bin/../bin/pegasus-kickstart  -n pegasus::transfer -N null -i - -R local  -L xgboost_hp_tuning_group_1 -T 2023-02-25T01:23:48+00:00 /home/poseidon/pegasus-5.1.0panorama/bin/../bin/pegasus-transfer  --threads 2,1.1,0,0,,,,,,,,,
stage_out_local_condorpool_0_2_pegasus-plan_ID0000016,None,transfer,0,1677288388.0,,,1677288393.0,,,0.0,1677288393.0,1677288403.0,1677288393.0,1677288397.0,1841.0,1677288403.0,1677288408.0,5.0,,0.0,10.0,5.0,,,4.0,7427.0,poseidon,local,host-10-100-100-12.openstacklocal,pegasus::transfer,/home/poseidon/pegasus-5.1.0panorama/bin/pegasus-transfer,/home/poseidon/pegasus-5.1.0panorama/bin/../bin/pegasus-kickstart  -n pegasus::transfer -N null -i - -R local  -L xgboost_hp_tuning_group_1 -T 2023-02-25T01:23:48+00:00 /home/poseidon/pegasus-5.1.0panorama/bin/../bin/pegasus-transfer  --threads 2,1.0,0,0,,,,,,,,,
xgboost_best_params_ID0000024_pegasus-plan_ID0000016,None,compute,0,1677288388.0,,,1677288393.0,1677288352.0,1677288369.0,39731611.3,1677288395.0,1677288433.0,1677288375.0,1677288379.0,254.0,1677288433.0,1677288438.0,5.0,,2.0,38.0,5.0,17.0,368018653.0,4.0,1066.0,poseidon,condorpool,poseidon-worker-1-container-32-39,xgboost_best_params,/srv/xgboost_best_params,,0.0,0,0,,,,,,,,,
register_condorpool_0_1_pegasus-plan_ID0000016,None,auxiliary,0,1677288398.0,,,1677288413.0,,,0.0,1677288414.0,1677288418.0,,,0.0,1677288418.0,1677288423.0,15.0,,1.0,4.0,5.0,,,,,poseidon,local,host-10-100-100-12.openstacklocal,pegasus::rc-client,/home/poseidon/pegasus-5.1.0panorama/bin/pegasus-rc-client,"-n pegasus::rc-client -N null -R local  -L xgboost_hp_tuning_group_1 -T 2023-02-25T01:23:48+00:00 /home/poseidon/pegasus-5.1.0panorama/bin/pegasus-rc-client --prefix pegasus.catalog.replica.output --conf /home/poseidon/workflows/predict-future-sales-workflow/submit/poseidon/pegasus/predict-future-sales/run0170/00/00/./xgboost_hp_tuning_group_1.000/pegasus.6399354722417307385.properties -v --meta /home/poseidon/workflows/predict-future-sales-workflow/submit/poseidon/pegasus/predict-future-sales/run0170/00/00/./xgboost_hp_tuning_group_1.000/00/00/xgboost_hp_tuning_ID0000013.meta,/home/poseidon/workflows/predict-future-sales-workflow/submit/poseidon/pegasus/predict-future-sales/run0170/00/00/./xgboost_hp_tuning_group_1.000/00/00/xgboost_hp_tuning_ID0000023.meta,/home/poseidon/workflows/predict-future-sales-workflow/submit/poseidon/pegasus/predict-future-sales/run0170/00/00/./xgboost_hp_tuning_group_1.000/00/00/xgboost_hp_tuning_ID0000011.meta,/home/poseidon/workflows/predict-future-sales-workflow/submit/poseidon/pegasus/predict-future-sales/run0170/00/00/./xgboost_hp_tuning_group_1.000/00/00/xgboost_hp_tuning_ID0000006.meta,/home/poseidon/workflows/predict-future-sales-workflow/submit/poseidon/pegasus/predict-future-sales/run0170/00/00/./xgboost_hp_tuning_group_1.000/00/00/xgboost_hp_tuning_ID0000003.meta,/home/poseidon/workflows/predict-future-sales-workflow/submit/poseidon/pegasus/predict-future-sales/run0170/00/00/./xgboost_hp_tuning_group_1.000/00/00/xgboost_hp_tuning_ID0000021.meta,/home/poseidon/workflows/predict-future-sales-workflow/submit/poseidon/pegasus/predict-future-sales/run0170/00/00/./xgboost_hp_tuning_group_1.000/00/00/xgboost_hp_tuning_ID0000019.meta,/home/poseidon/workflows/predict-future-sales-workflow/submit/poseidon/pegasus/predict-future-sales/run0170/00/00/./xgboost_hp_tuning_group_1.000/00/00/xgboost_hp_tuning_ID0000016.meta --insert /home/poseidon/workflows/predict-future-sales-workflow/submit/poseidon/pegasus/predict-future-sales/run0170/00/00/./xgboost_hp_tuning_group_1.000/00/00/register_condorpool_0_1.in",3.1,0,0,,,,,,,,,
register_condorpool_0_0_pegasus-plan_ID0000016,None,auxiliary,0,1677288398.0,,,1677288403.0,,,0.0,1677288403.0,1677288408.0,,,0.0,1677288408.0,1677288413.0,5.0,,0.0,5.0,5.0,,,,,poseidon,local,host-10-100-100-12.openstacklocal,pegasus::rc-client,/home/poseidon/pegasus-5.1.0panorama/bin/pegasus-rc-client,"-n pegasus::rc-client -N null -R local  -L xgboost_hp_tuning_group_1 -T 2023-02-25T01:23:48+00:00 /home/poseidon/pegasus-5.1.0panorama/bin/pegasus-rc-client --prefix pegasus.catalog.replica.output --conf /home/poseidon/workflows/predict-future-sales-workflow/submit/poseidon/pegasus/predict-future-sales/run0170/00/00/./xgboost_hp_tuning_group_1.000/pegasus.6399354722417307385.properties -v --meta /home/poseidon/workflows/predict-future-sales-workflow/submit/poseidon/pegasus/predict-future-sales/run0170/00/00/./xgboost_hp_tuning_group_1.000/00/00/xgboost_hp_tuning_ID0000018.meta,/home/poseidon/workflows/predict-future-sales-workflow/submit/poseidon/pegasus/predict-future-sales/run0170/00/00/./xgboost_hp_tuning_group_1.000/00/00/xgboost_hp_tuning_ID0000002.meta,/home/poseidon/workflows/predict-future-sales-workflow/submit/poseidon/pegasus/predict-future-sales/run0170/00/00/./xgboost_hp_tuning_group_1.000/00/00/xgboost_hp_tuning_ID0000005.meta,/home/poseidon/workflows/predict-future-sales-workflow/submit/poseidon/pegasus/predict-future-sales/run0170/00/00/./xgboost_hp_tuning_group_1.000/00/00/xgboost_hp_tuning_ID0000009.meta,/home/poseidon/workflows/predict-future-sales-workflow/submit/poseidon/pegasus/predict-future-sales/run0170/00/00/./xgboost_hp_tuning_group_1.000/00/00/xgboost_hp_tuning_ID0000015.meta,/home/poseidon/workflows/predict-future-sales-workflow/submit/poseidon/pegasus/predict-future-sales/run0170/00/00/./xgboost_hp_tuning_group_1.000/00/00/xgboost_hp_tuning_ID0000012.meta,/home/poseidon/workflows/predict-future-sales-workflow/submit/poseidon/pegasus/predict-future-sales/run0170/00/00/./xgboost_hp_tuning_group_1.000/00/00/xgboost_hp_tuning_ID0000010.meta,/home/poseidon/workflows/predict-future-sales-workflow/submit/poseidon/pegasus/predict-future-sales/run0170/00/00/./xgboost_hp_tuning_group_1.000/00/00/xgboost_hp_tuning_ID0000008.meta --insert /home/poseidon/workflows/predict-future-sales-workflow/submit/poseidon/pegasus/predict-future-sales/run0170/00/00/./xgboost_hp_tuning_group_1.000/00/00/register_condorpool_0_0.in",3.1,0,0,,,,,,,,,
register_condorpool_0_2_pegasus-plan_ID0000016,None,auxiliary,0,1677288408.0,,,1677288423.0,,,0.0,1677288423.0,1677288428.0,,,0.0,1677288428.0,1677288433.0,15.0,,0.0,5.0,5.0,,,,,poseidon,local,host-10-100-100-12.openstacklocal,pegasus::rc-client,/home/poseidon/pegasus-5.1.0panorama/bin/pegasus-rc-client,"-n pegasus::rc-client -N null -R local  -L xgboost_hp_tuning_group_1 -T 2023-02-25T01:23:48+00:00 /home/poseidon/pegasus-5.1.0panorama/bin/pegasus-rc-client --prefix pegasus.catalog.replica.output --conf /home/poseidon/workflows/predict-future-sales-workflow/submit/poseidon/pegasus/predict-future-sales/run0170/00/00/./xgboost_hp_tuning_group_1.000/pegasus.6399354722417307385.properties -v --meta /home/poseidon/workflows/predict-future-sales-workflow/submit/poseidon/pegasus/predict-future-sales/run0170/00/00/./xgboost_hp_tuning_group_1.000/00/00/xgboost_hp_tuning_ID0000017.meta,/home/poseidon/workflows/predict-future-sales-workflow/submit/poseidon/pegasus/predict-future-sales/run0170/00/00/./xgboost_hp_tuning_group_1.000/00/00/xgboost_hp_tuning_ID0000022.meta,/home/poseidon/workflows/predict-future-sales-workflow/submit/poseidon/pegasus/predict-future-sales/run0170/00/00/./xgboost_hp_tuning_group_1.000/00/00/xgboost_hp_tuning_ID0000007.meta,/home/poseidon/workflows/predict-future-sales-workflow/submit/poseidon/pegasus/predict-future-sales/run0170/00/00/./xgboost_hp_tuning_group_1.000/00/00/xgboost_hp_tuning_ID0000020.meta,/home/poseidon/workflows/predict-future-sales-workflow/submit/poseidon/pegasus/predict-future-sales/run0170/00/00/./xgboost_hp_tuning_group_1.000/00/00/xgboost_hp_tuning_ID0000001.meta,/home/poseidon/workflows/predict-future-sales-workflow/submit/poseidon/pegasus/predict-future-sales/run0170/00/00/./xgboost_hp_tuning_group_1.000/00/00/xgboost_hp_tuning_ID0000004.meta,/home/poseidon/workflows/predict-future-sales-workflow/submit/poseidon/pegasus/predict-future-sales/run0170/00/00/./xgboost_hp_tuning_group_1.000/00/00/xgboost_hp_tuning_ID0000014.meta --insert /home/poseidon/workflows/predict-future-sales-workflow/submit/poseidon/pegasus/predict-future-sales/run0170/00/00/./xgboost_hp_tuning_group_1.000/00/00/register_condorpool_0_2.in",3.2,0,0,,,,,,,,,
stage_out_local_condorpool_1_0_pegasus-plan_ID0000016,None,transfer,0,1677288438.0,,,1677288443.0,,,0.0,1677288443.0,1677288453.0,1677288444.0,1677288448.0,1213.0,1677288453.0,1677288458.0,5.0,,0.0,10.0,5.0,,,4.0,5330.0,poseidon,local,host-10-100-100-12.openstacklocal,pegasus::transfer,/home/poseidon/pegasus-5.1.0panorama/bin/pegasus-transfer,/home/poseidon/pegasus-5.1.0panorama/bin/../bin/pegasus-kickstart  -n pegasus::transfer -N null -i - -R local  -L xgboost_hp_tuning_group_1 -T 2023-02-25T01:23:48+00:00 /home/poseidon/pegasus-5.1.0panorama/bin/../bin/pegasus-transfer  --threads 2,0.7,0,0,,,,,,,,,
register_condorpool_1_0_pegasus-plan_ID0000016,None,auxiliary,0,1677288458.0,,,1677288463.0,,,0.0,1677288463.0,1677288468.0,,,0.0,1677288468.0,1677288473.0,5.0,,0.0,5.0,5.0,,,,,poseidon,local,host-10-100-100-12.openstacklocal,pegasus::rc-client,/home/poseidon/pegasus-5.1.0panorama/bin/pegasus-rc-client,-n pegasus::rc-client -N null -R local  -L xgboost_hp_tuning_group_1 -T 2023-02-25T01:23:48+00:00 /home/poseidon/pegasus-5.1.0panorama/bin/pegasus-rc-client --prefix pegasus.catalog.replica.output --conf /home/poseidon/workflows/predict-future-sales-workflow/submit/poseidon/pegasus/predict-future-sales/run0170/00/00/./xgboost_hp_tuning_group_1.000/pegasus.6399354722417307385.properties -v --meta /home/poseidon/workflows/predict-future-sales-workflow/submit/poseidon/pegasus/predict-future-sales/run0170/00/00/./xgboost_hp_tuning_group_1.000/00/00/xgboost_best_params_ID0000024.meta --insert /home/poseidon/workflows/predict-future-sales-workflow/submit/poseidon/pegasus/predict-future-sales/run0170/00/00/./xgboost_hp_tuning_group_1.000/00/00/register_condorpool_1_0.in,3.0,0,0,,,,,,,,,
stage_out_local_condorpool_0_2_pegasus-plan_ID0000012,None,transfer,0,1677288461.0,,,1677288466.0,,,0.0,1677288466.0,1677288481.0,1677288467.0,1677288471.0,1839.0,1677288481.0,1677288486.0,5.0,,0.0,15.0,5.0,,,4.0,7426.0,poseidon,local,host-10-100-100-12.openstacklocal,pegasus::transfer,/home/poseidon/pegasus-5.1.0panorama/bin/pegasus-transfer,/home/poseidon/pegasus-5.1.0panorama/bin/../bin/pegasus-kickstart  -n pegasus::transfer -N null -i - -R local  -L xgboost_hp_tuning_group_0 -T 2023-02-25T01:23:53+00:00 /home/poseidon/pegasus-5.1.0panorama/bin/../bin/pegasus-transfer  --threads 2,1.0,0,0,,,,,,,,,
stage_out_local_condorpool_0_1_pegasus-plan_ID0000012,None,transfer,0,1677288466.0,,,1677288471.0,,,0.0,1677288475.0,1677288486.0,1677288475.0,1677288479.0,2109.0,1677288486.0,1677288491.0,5.0,,4.0,11.0,5.0,,,4.0,8501.0,poseidon,local,host-10-100-100-12.openstacklocal,pegasus::transfer,/home/poseidon/pegasus-5.1.0panorama/bin/pegasus-transfer,/home/poseidon/pegasus-5.1.0panorama/bin/../bin/pegasus-kickstart  -n pegasus::transfer -N null -i - -R local  -L xgboost_hp_tuning_group_0 -T 2023-02-25T01:23:53+00:00 /home/poseidon/pegasus-5.1.0panorama/bin/../bin/pegasus-transfer  --threads 2,1.1,0,0,,,,,,,,,
xgboost_best_params_ID0000024_pegasus-plan_ID0000012,None,compute,0,1677288471.0,,,1677288476.0,1677288741.0,1677288758.0,39770887.3,1677288785.0,1677288821.0,1677288764.0,1677288769.0,262.0,1677288821.0,1677288826.0,5.0,,309.0,36.0,5.0,17.0,368018662.0,5.0,1079.0,poseidon,condorpool,poseidon-worker-3-container-16-23,xgboost_best_params,/srv/xgboost_best_params,,0.0,0,0,,,,,,,,,
stage_out_local_condorpool_0_0_pegasus-plan_ID0000012,None,transfer,0,1677288471.0,,,1677288476.0,,,0.0,1677288476.0,1677288486.0,1677288476.0,1677288480.0,2097.0,1677288486.0,1677288491.0,5.0,,0.0,10.0,5.0,,,4.0,8466.0,poseidon,local,host-10-100-100-12.openstacklocal,pegasus::transfer,/home/poseidon/pegasus-5.1.0panorama/bin/pegasus-transfer,/home/poseidon/pegasus-5.1.0panorama/bin/../bin/pegasus-kickstart  -n pegasus::transfer -N null -i - -R local  -L xgboost_hp_tuning_group_0 -T 2023-02-25T01:23:53+00:00 /home/poseidon/pegasus-5.1.0panorama/bin/../bin/pegasus-transfer  --threads 2,1.2,0,0,,,,,,,,,
xgboost_model_ID0000017,None,compute,0,1677288477.0,,,1677288482.0,1677288709.0,1677288727.0,45653004.0,1677288753.0,1677288797.0,1677288739.0,1677288743.0,139624.0,1677288797.0,1677288802.0,5.0,,271.0,44.0,5.0,18.0,377645133.0,4.0,613468.0,poseidon,condorpool,poseidon-worker-2-container-0-7,xgboost_model,/srv/xgboost_model,,18.7,0,0,,,,,,,,,
register_condorpool_0_2_pegasus-plan_ID0000012,None,auxiliary,0,1677288486.0,,,1677288491.0,,,0.0,1677288491.0,1677288496.0,,,0.0,1677288496.0,1677288501.0,5.0,,0.0,5.0,5.0,,,,,poseidon,local,host-10-100-100-12.openstacklocal,pegasus::rc-client,/home/poseidon/pegasus-5.1.0panorama/bin/pegasus-rc-client,"-n pegasus::rc-client -N null -R local  -L xgboost_hp_tuning_group_0 -T 2023-02-25T01:23:53+00:00 /home/poseidon/pegasus-5.1.0panorama/bin/pegasus-rc-client --prefix pegasus.catalog.replica.output --conf /home/poseidon/workflows/predict-future-sales-workflow/submit/poseidon/pegasus/predict-future-sales/run0170/00/00/./xgboost_hp_tuning_group_0.000/pegasus.11582619455531640843.properties -v --meta /home/poseidon/workflows/predict-future-sales-workflow/submit/poseidon/pegasus/predict-future-sales/run0170/00/00/./xgboost_hp_tuning_group_0.000/00/00/xgboost_hp_tuning_ID0000017.meta,/home/poseidon/workflows/predict-future-sales-workflow/submit/poseidon/pegasus/predict-future-sales/run0170/00/00/./xgboost_hp_tuning_group_0.000/00/00/xgboost_hp_tuning_ID0000022.meta,/home/poseidon/workflows/predict-future-sales-workflow/submit/poseidon/pegasus/predict-future-sales/run0170/00/00/./xgboost_hp_tuning_group_0.000/00/00/xgboost_hp_tuning_ID0000007.meta,/home/poseidon/workflows/predict-future-sales-workflow/submit/poseidon/pegasus/predict-future-sales/run0170/00/00/./xgboost_hp_tuning_group_0.000/00/00/xgboost_hp_tuning_ID0000020.meta,/home/poseidon/workflows/predict-future-sales-workflow/submit/poseidon/pegasus/predict-future-sales/run0170/00/00/./xgboost_hp_tuning_group_0.000/00/00/xgboost_hp_tuning_ID0000001.meta,/home/poseidon/workflows/predict-future-sales-workflow/submit/poseidon/pegasus/predict-future-sales/run0170/00/00/./xgboost_hp_tuning_group_0.000/00/00/xgboost_hp_tuning_ID0000004.meta,/home/poseidon/workflows/predict-future-sales-workflow/submit/poseidon/pegasus/predict-future-sales/run0170/00/00/./xgboost_hp_tuning_group_0.000/00/00/xgboost_hp_tuning_ID0000014.meta --insert /home/poseidon/workflows/predict-future-sales-workflow/submit/poseidon/pegasus/predict-future-sales/run0170/00/00/./xgboost_hp_tuning_group_0.000/00/00/register_condorpool_0_2.in",3.0,0,0,,,,,,,,,
register_condorpool_0_1_pegasus-plan_ID0000012,None,auxiliary,0,1677288491.0,,,1677288501.0,,,0.0,1677288501.0,1677288506.0,,,0.0,1677288506.0,1677288511.0,10.0,,0.0,5.0,5.0,,,,,poseidon,local,host-10-100-100-12.openstacklocal,pegasus::rc-client,/home/poseidon/pegasus-5.1.0panorama/bin/pegasus-rc-client,"-n pegasus::rc-client -N null -R local  -L xgboost_hp_tuning_group_0 -T 2023-02-25T01:23:53+00:00 /home/poseidon/pegasus-5.1.0panorama/bin/pegasus-rc-client --prefix pegasus.catalog.replica.output --conf /home/poseidon/workflows/predict-future-sales-workflow/submit/poseidon/pegasus/predict-future-sales/run0170/00/00/./xgboost_hp_tuning_group_0.000/pegasus.11582619455531640843.properties -v --meta /home/poseidon/workflows/predict-future-sales-workflow/submit/poseidon/pegasus/predict-future-sales/run0170/00/00/./xgboost_hp_tuning_group_0.000/00/00/xgboost_hp_tuning_ID0000013.meta,/home/poseidon/workflows/predict-future-sales-workflow/submit/poseidon/pegasus/predict-future-sales/run0170/00/00/./xgboost_hp_tuning_group_0.000/00/00/xgboost_hp_tuning_ID0000023.meta,/home/poseidon/workflows/predict-future-sales-workflow/submit/poseidon/pegasus/predict-future-sales/run0170/00/00/./xgboost_hp_tuning_group_0.000/00/00/xgboost_hp_tuning_ID0000011.meta,/home/poseidon/workflows/predict-future-sales-workflow/submit/poseidon/pegasus/predict-future-sales/run0170/00/00/./xgboost_hp_tuning_group_0.000/00/00/xgboost_hp_tuning_ID0000006.meta,/home/poseidon/workflows/predict-future-sales-workflow/submit/poseidon/pegasus/predict-future-sales/run0170/00/00/./xgboost_hp_tuning_group_0.000/00/00/xgboost_hp_tuning_ID0000003.meta,/home/poseidon/workflows/predict-future-sales-workflow/submit/poseidon/pegasus/predict-future-sales/run0170/00/00/./xgboost_hp_tuning_group_0.000/00/00/xgboost_hp_tuning_ID0000021.meta,/home/poseidon/workflows/predict-future-sales-workflow/submit/poseidon/pegasus/predict-future-sales/run0170/00/00/./xgboost_hp_tuning_group_0.000/00/00/xgboost_hp_tuning_ID0000019.meta,/home/poseidon/workflows/predict-future-sales-workflow/submit/poseidon/pegasus/predict-future-sales/run0170/00/00/./xgboost_hp_tuning_group_0.000/00/00/xgboost_hp_tuning_ID0000016.meta --insert /home/poseidon/workflows/predict-future-sales-workflow/submit/poseidon/pegasus/predict-future-sales/run0170/00/00/./xgboost_hp_tuning_group_0.000/00/00/register_condorpool_0_1.in",3.0,0,0,,,,,,,,,
register_condorpool_0_0_pegasus-plan_ID0000012,None,auxiliary,0,1677288491.0,,,1677288511.0,,,0.0,1677288511.0,1677288516.0,,,0.0,1677288516.0,1677288521.0,20.0,,0.0,5.0,5.0,,,,,poseidon,local,host-10-100-100-12.openstacklocal,pegasus::rc-client,/home/poseidon/pegasus-5.1.0panorama/bin/pegasus-rc-client,"-n pegasus::rc-client -N null -R local  -L xgboost_hp_tuning_group_0 -T 2023-02-25T01:23:53+00:00 /home/poseidon/pegasus-5.1.0panorama/bin/pegasus-rc-client --prefix pegasus.catalog.replica.output --conf /home/poseidon/workflows/predict-future-sales-workflow/submit/poseidon/pegasus/predict-future-sales/run0170/00/00/./xgboost_hp_tuning_group_0.000/pegasus.11582619455531640843.properties -v --meta /home/poseidon/workflows/predict-future-sales-workflow/submit/poseidon/pegasus/predict-future-sales/run0170/00/00/./xgboost_hp_tuning_group_0.000/00/00/xgboost_hp_tuning_ID0000018.meta,/home/poseidon/workflows/predict-future-sales-workflow/submit/poseidon/pegasus/predict-future-sales/run0170/00/00/./xgboost_hp_tuning_group_0.000/00/00/xgboost_hp_tuning_ID0000002.meta,/home/poseidon/workflows/predict-future-sales-workflow/submit/poseidon/pegasus/predict-future-sales/run0170/00/00/./xgboost_hp_tuning_group_0.000/00/00/xgboost_hp_tuning_ID0000005.meta,/home/poseidon/workflows/predict-future-sales-workflow/submit/poseidon/pegasus/predict-future-sales/run0170/00/00/./xgboost_hp_tuning_group_0.000/00/00/xgboost_hp_tuning_ID0000009.meta,/home/poseidon/workflows/predict-future-sales-workflow/submit/poseidon/pegasus/predict-future-sales/run0170/00/00/./xgboost_hp_tuning_group_0.000/00/00/xgboost_hp_tuning_ID0000015.meta,/home/poseidon/workflows/predict-future-sales-workflow/submit/poseidon/pegasus/predict-future-sales/run0170/00/00/./xgboost_hp_tuning_group_0.000/00/00/xgboost_hp_tuning_ID0000012.meta,/home/poseidon/workflows/predict-future-sales-workflow/submit/poseidon/pegasus/predict-future-sales/run0170/00/00/./xgboost_hp_tuning_group_0.000/00/00/xgboost_hp_tuning_ID0000010.meta,/home/poseidon/workflows/predict-future-sales-workflow/submit/poseidon/pegasus/predict-future-sales/run0170/00/00/./xgboost_hp_tuning_group_0.000/00/00/xgboost_hp_tuning_ID0000008.meta --insert /home/poseidon/workflows/predict-future-sales-workflow/submit/poseidon/pegasus/predict-future-sales/run0170/00/00/./xgboost_hp_tuning_group_0.000/00/00/register_condorpool_0_0.in",3.0,0,0,,,,,,,,,
model_predict_ID0000018,None,compute,0,1677288802.0,,,1677288807.0,1677288769.0,1677288786.0,44818968.8,1677288813.0,1677288852.0,1677288794.0,1677288798.0,6000.0,1677288852.0,1677288857.0,5.0,,6.0,39.0,5.0,17.0,368716109.0,4.0,25035.0,poseidon,condorpool,poseidon-worker-3-container-40-47,model_predict,/srv/model_predict,,2.8,0,0,,,,,,,,,
stage_out_local_condorpool_1_0_pegasus-plan_ID0000012,None,transfer,0,1677288826.0,,,1677288831.0,,,0.0,1677288831.0,1677288841.0,1677288832.0,1677288836.0,1243.0,1677288841.0,1677288846.0,5.0,,0.0,10.0,5.0,,,4.0,5395.0,poseidon,local,host-10-100-100-12.openstacklocal,pegasus::transfer,/home/poseidon/pegasus-5.1.0panorama/bin/pegasus-transfer,/home/poseidon/pegasus-5.1.0panorama/bin/../bin/pegasus-kickstart  -n pegasus::transfer -N null -i - -R local  -L xgboost_hp_tuning_group_0 -T 2023-02-25T01:23:53+00:00 /home/poseidon/pegasus-5.1.0panorama/bin/../bin/pegasus-transfer  --threads 2,0.7,0,0,,,,,,,,,
register_condorpool_1_0_pegasus-plan_ID0000012,None,auxiliary,0,1677288846.0,,,1677288852.0,,,0.0,1677288852.0,1677288857.0,,,0.0,1677288857.0,1677288862.0,6.0,,0.0,5.0,5.0,,,,,poseidon,local,host-10-100-100-12.openstacklocal,pegasus::rc-client,/home/poseidon/pegasus-5.1.0panorama/bin/pegasus-rc-client,-n pegasus::rc-client -N null -R local  -L xgboost_hp_tuning_group_0 -T 2023-02-25T01:23:53+00:00 /home/poseidon/pegasus-5.1.0panorama/bin/pegasus-rc-client --prefix pegasus.catalog.replica.output --conf /home/poseidon/workflows/predict-future-sales-workflow/submit/poseidon/pegasus/predict-future-sales/run0170/00/00/./xgboost_hp_tuning_group_0.000/pegasus.11582619455531640843.properties -v --meta /home/poseidon/workflows/predict-future-sales-workflow/submit/poseidon/pegasus/predict-future-sales/run0170/00/00/./xgboost_hp_tuning_group_0.000/00/00/xgboost_best_params_ID0000024.meta --insert /home/poseidon/workflows/predict-future-sales-workflow/submit/poseidon/pegasus/predict-future-sales/run0170/00/00/./xgboost_hp_tuning_group_0.000/00/00/register_condorpool_1_0.in,3.0,0,0,,,,,,,,,
xgboost_model_ID0000013,cpu_2,compute,0,1677288862.0,,,1677288867.0,1677288825.0,1677288844.0,51288698.7,1677288869.0,1677288918.0,1677288859.0,1677288863.0,468151.0,1677288918.0,1677288923.0,5.0,,2.0,49.0,5.0,19.0,502671209.0,4.0,2050930.0,poseidon,condorpool,poseidon-worker-2-container-32-39,xgboost_model,/srv/xgboost_model,,26.2,0,0,,,,,,,,,
model_predict_ID0000014,cpu_2,compute,0,1677288923.0,,,1677288928.0,1677288886.0,1677288904.0,45114221.8,1677288929.0,1677288968.0,1677288911.0,1677288916.0,105837.0,1677288968.0,1677288973.0,5.0,,1.0,39.0,5.0,18.0,372238304.0,5.0,451213.0,poseidon,condorpool,poseidon-worker-2-container-32-39,model_predict,/srv/model_predict,,2.2,0,0,,,,,,,,,
stage_out_local_condorpool_0_0_pegasus-plan_ID0000020,None,transfer,0,1677289197.0,,,1677289202.0,,,0.0,1677289203.0,1677289212.0,1677289203.0,1677289207.0,2097.0,1677289212.0,1677289217.0,5.0,,1.0,9.0,5.0,,,4.0,8466.0,poseidon,local,host-10-100-100-12.openstacklocal,pegasus::transfer,/home/poseidon/pegasus-5.1.0panorama/bin/pegasus-transfer,/home/poseidon/pegasus-5.1.0panorama/bin/../bin/pegasus-kickstart  -n pegasus::transfer -N null -i - -R local  -L xgboost_hp_tuning_group_2 -T 2023-02-25T01:23:53+00:00 /home/poseidon/pegasus-5.1.0panorama/bin/../bin/pegasus-transfer  --threads 2,1.0,0,0,,,,,,,,,
register_condorpool_0_0_pegasus-plan_ID0000020,None,auxiliary,0,1677289217.0,,,1677289222.0,,,0.0,1677289222.0,1677289227.0,,,0.0,1677289227.0,1677289232.0,5.0,,0.0,5.0,5.0,,,,,poseidon,local,host-10-100-100-12.openstacklocal,pegasus::rc-client,/home/poseidon/pegasus-5.1.0panorama/bin/pegasus-rc-client,"-n pegasus::rc-client -N null -R local  -L xgboost_hp_tuning_group_2 -T 2023-02-25T01:23:53+00:00 /home/poseidon/pegasus-5.1.0panorama/bin/pegasus-rc-client --prefix pegasus.catalog.replica.output --conf /home/poseidon/workflows/predict-future-sales-workflow/submit/poseidon/pegasus/predict-future-sales/run0170/00/00/./xgboost_hp_tuning_group_2.000/pegasus.488432879126307700.properties -v --meta /home/poseidon/workflows/predict-future-sales-workflow/submit/poseidon/pegasus/predict-future-sales/run0170/00/00/./xgboost_hp_tuning_group_2.000/00/00/xgboost_hp_tuning_ID0000018.meta,/home/poseidon/workflows/predict-future-sales-workflow/submit/poseidon/pegasus/predict-future-sales/run0170/00/00/./xgboost_hp_tuning_group_2.000/00/00/xgboost_hp_tuning_ID0000002.meta,/home/poseidon/workflows/predict-future-sales-workflow/submit/poseidon/pegasus/predict-future-sales/run0170/00/00/./xgboost_hp_tuning_group_2.000/00/00/xgboost_hp_tuning_ID0000005.meta,/home/poseidon/workflows/predict-future-sales-workflow/submit/poseidon/pegasus/predict-future-sales/run0170/00/00/./xgboost_hp_tuning_group_2.000/00/00/xgboost_hp_tuning_ID0000009.meta,/home/poseidon/workflows/predict-future-sales-workflow/submit/poseidon/pegasus/predict-future-sales/run0170/00/00/./xgboost_hp_tuning_group_2.000/00/00/xgboost_hp_tuning_ID0000015.meta,/home/poseidon/workflows/predict-future-sales-workflow/submit/poseidon/pegasus/predict-future-sales/run0170/00/00/./xgboost_hp_tuning_group_2.000/00/00/xgboost_hp_tuning_ID0000012.meta,/home/poseidon/workflows/predict-future-sales-workflow/submit/poseidon/pegasus/predict-future-sales/run0170/00/00/./xgboost_hp_tuning_group_2.000/00/00/xgboost_hp_tuning_ID0000010.meta,/home/poseidon/workflows/predict-future-sales-workflow/submit/poseidon/pegasus/predict-future-sales/run0170/00/00/./xgboost_hp_tuning_group_2.000/00/00/xgboost_hp_tuning_ID0000008.meta --insert /home/poseidon/workflows/predict-future-sales-workflow/submit/poseidon/pegasus/predict-future-sales/run0170/00/00/./xgboost_hp_tuning_group_2.000/00/00/register_condorpool_0_0.in",3.0,0,0,,,,,,,,,
stage_out_local_condorpool_0_2_pegasus-plan_ID0000020,None,transfer,0,1677289222.0,,,1677289227.0,,,0.0,1677289227.0,1677289237.0,1677289228.0,1677289232.0,1841.0,1677289237.0,1677289242.0,5.0,,0.0,10.0,5.0,,,4.0,7421.0,poseidon,local,host-10-100-100-12.openstacklocal,pegasus::transfer,/home/poseidon/pegasus-5.1.0panorama/bin/pegasus-transfer,/home/poseidon/pegasus-5.1.0panorama/bin/../bin/pegasus-kickstart  -n pegasus::transfer -N null -i - -R local  -L xgboost_hp_tuning_group_2 -T 2023-02-25T01:23:53+00:00 /home/poseidon/pegasus-5.1.0panorama/bin/../bin/pegasus-transfer  --threads 2,1.0,0,0,,,,,,,,,
xgboost_best_params_ID0000024_pegasus-plan_ID0000020,None,compute,0,1677289227.0,,,1677289232.0,1677289190.0,1677289207.0,39776299.3,1677289234.0,1677289272.0,1677289214.0,1677289218.0,260.0,1677289272.0,1677289277.0,5.0,,2.0,38.0,5.0,17.0,368018662.0,4.0,1062.0,poseidon,condorpool,poseidon-worker-1-container-40-47,xgboost_best_params,/srv/xgboost_best_params,,0.0,0,0,,,,,,,,,
stage_out_local_condorpool_0_1_pegasus-plan_ID0000020,None,transfer,0,1677289227.0,,,1677289232.0,,,0.0,1677289233.0,1677289247.0,1677289233.0,1677289237.0,2109.0,1677289247.0,1677289252.0,5.0,,1.0,14.0,5.0,,,4.0,8506.0,poseidon,local,host-10-100-100-12.openstacklocal,pegasus::transfer,/home/poseidon/pegasus-5.1.0panorama/bin/pegasus-transfer,/home/poseidon/pegasus-5.1.0panorama/bin/../bin/pegasus-kickstart  -n pegasus::transfer -N null -i - -R local  -L xgboost_hp_tuning_group_2 -T 2023-02-25T01:23:53+00:00 /home/poseidon/pegasus-5.1.0panorama/bin/../bin/pegasus-transfer  --threads 2,1.1,0,0,,,,,,,,,
register_condorpool_0_2_pegasus-plan_ID0000020,None,auxiliary,0,1677289242.0,,,1677289247.0,,,0.0,1677289247.0,1677289252.0,,,0.0,1677289252.0,1677289257.0,5.0,,0.0,5.0,5.0,,,,,poseidon,local,host-10-100-100-12.openstacklocal,pegasus::rc-client,/home/poseidon/pegasus-5.1.0panorama/bin/pegasus-rc-client,"-n pegasus::rc-client -N null -R local  -L xgboost_hp_tuning_group_2 -T 2023-02-25T01:23:53+00:00 /home/poseidon/pegasus-5.1.0panorama/bin/pegasus-rc-client --prefix pegasus.catalog.replica.output --conf /home/poseidon/workflows/predict-future-sales-workflow/submit/poseidon/pegasus/predict-future-sales/run0170/00/00/./xgboost_hp_tuning_group_2.000/pegasus.488432879126307700.properties -v --meta /home/poseidon/workflows/predict-future-sales-workflow/submit/poseidon/pegasus/predict-future-sales/run0170/00/00/./xgboost_hp_tuning_group_2.000/00/00/xgboost_hp_tuning_ID0000017.meta,/home/poseidon/workflows/predict-future-sales-workflow/submit/poseidon/pegasus/predict-future-sales/run0170/00/00/./xgboost_hp_tuning_group_2.000/00/00/xgboost_hp_tuning_ID0000022.meta,/home/poseidon/workflows/predict-future-sales-workflow/submit/poseidon/pegasus/predict-future-sales/run0170/00/00/./xgboost_hp_tuning_group_2.000/00/00/xgboost_hp_tuning_ID0000007.meta,/home/poseidon/workflows/predict-future-sales-workflow/submit/poseidon/pegasus/predict-future-sales/run0170/00/00/./xgboost_hp_tuning_group_2.000/00/00/xgboost_hp_tuning_ID0000020.meta,/home/poseidon/workflows/predict-future-sales-workflow/submit/poseidon/pegasus/predict-future-sales/run0170/00/00/./xgboost_hp_tuning_group_2.000/00/00/xgboost_hp_tuning_ID0000001.meta,/home/poseidon/workflows/predict-future-sales-workflow/submit/poseidon/pegasus/predict-future-sales/run0170/00/00/./xgboost_hp_tuning_group_2.000/00/00/xgboost_hp_tuning_ID0000004.meta,/home/poseidon/workflows/predict-future-sales-workflow/submit/poseidon/pegasus/predict-future-sales/run0170/00/00/./xgboost_hp_tuning_group_2.000/00/00/xgboost_hp_tuning_ID0000014.meta --insert /home/poseidon/workflows/predict-future-sales-workflow/submit/poseidon/pegasus/predict-future-sales/run0170/00/00/./xgboost_hp_tuning_group_2.000/00/00/register_condorpool_0_2.in",3.1,0,0,,,,,,,,,
register_condorpool_0_1_pegasus-plan_ID0000020,None,auxiliary,0,1677289252.0,,,1677289257.0,,,0.0,1677289257.0,1677289262.0,,,0.0,1677289262.0,1677289267.0,5.0,,0.0,5.0,5.0,,,,,poseidon,local,host-10-100-100-12.openstacklocal,pegasus::rc-client,/home/poseidon/pegasus-5.1.0panorama/bin/pegasus-rc-client,"-n pegasus::rc-client -N null -R local  -L xgboost_hp_tuning_group_2 -T 2023-02-25T01:23:53+00:00 /home/poseidon/pegasus-5.1.0panorama/bin/pegasus-rc-client --prefix pegasus.catalog.replica.output --conf /home/poseidon/workflows/predict-future-sales-workflow/submit/poseidon/pegasus/predict-future-sales/run0170/00/00/./xgboost_hp_tuning_group_2.000/pegasus.488432879126307700.properties -v --meta /home/poseidon/workflows/predict-future-sales-workflow/submit/poseidon/pegasus/predict-future-sales/run0170/00/00/./xgboost_hp_tuning_group_2.000/00/00/xgboost_hp_tuning_ID0000013.meta,/home/poseidon/workflows/predict-future-sales-workflow/submit/poseidon/pegasus/predict-future-sales/run0170/00/00/./xgboost_hp_tuning_group_2.000/00/00/xgboost_hp_tuning_ID0000023.meta,/home/poseidon/workflows/predict-future-sales-workflow/submit/poseidon/pegasus/predict-future-sales/run0170/00/00/./xgboost_hp_tuning_group_2.000/00/00/xgboost_hp_tuning_ID0000011.meta,/home/poseidon/workflows/predict-future-sales-workflow/submit/poseidon/pegasus/predict-future-sales/run0170/00/00/./xgboost_hp_tuning_group_2.000/00/00/xgboost_hp_tuning_ID0000006.meta,/home/poseidon/workflows/predict-future-sales-workflow/submit/poseidon/pegasus/predict-future-sales/run0170/00/00/./xgboost_hp_tuning_group_2.000/00/00/xgboost_hp_tuning_ID0000003.meta,/home/poseidon/workflows/predict-future-sales-workflow/submit/poseidon/pegasus/predict-future-sales/run0170/00/00/./xgboost_hp_tuning_group_2.000/00/00/xgboost_hp_tuning_ID0000021.meta,/home/poseidon/workflows/predict-future-sales-workflow/submit/poseidon/pegasus/predict-future-sales/run0170/00/00/./xgboost_hp_tuning_group_2.000/00/00/xgboost_hp_tuning_ID0000019.meta,/home/poseidon/workflows/predict-future-sales-workflow/submit/poseidon/pegasus/predict-future-sales/run0170/00/00/./xgboost_hp_tuning_group_2.000/00/00/xgboost_hp_tuning_ID0000016.meta --insert /home/poseidon/workflows/predict-future-sales-workflow/submit/poseidon/pegasus/predict-future-sales/run0170/00/00/./xgboost_hp_tuning_group_2.000/00/00/register_condorpool_0_1.in",2.9,0,0,,,,,,,,,
stage_out_local_condorpool_1_0_pegasus-plan_ID0000020,None,transfer,0,1677289277.0,,,1677289282.0,,,0.0,1677289283.0,1677289292.0,1677289283.0,1677289287.0,1240.0,1677289292.0,1677289297.0,5.0,,1.0,9.0,5.0,,,4.0,5310.0,poseidon,local,host-10-100-100-12.openstacklocal,pegasus::transfer,/home/poseidon/pegasus-5.1.0panorama/bin/pegasus-transfer,/home/poseidon/pegasus-5.1.0panorama/bin/../bin/pegasus-kickstart  -n pegasus::transfer -N null -i - -R local  -L xgboost_hp_tuning_group_2 -T 2023-02-25T01:23:53+00:00 /home/poseidon/pegasus-5.1.0panorama/bin/../bin/pegasus-transfer  --threads 2,0.7,0,0,,,,,,,,,
register_condorpool_1_0_pegasus-plan_ID0000020,None,auxiliary,0,1677289297.0,,,1677289302.0,,,0.0,1677289302.0,1677289307.0,,,0.0,1677289307.0,1677289312.0,5.0,,0.0,5.0,5.0,,,,,poseidon,local,host-10-100-100-12.openstacklocal,pegasus::rc-client,/home/poseidon/pegasus-5.1.0panorama/bin/pegasus-rc-client,-n pegasus::rc-client -N null -R local  -L xgboost_hp_tuning_group_2 -T 2023-02-25T01:23:53+00:00 /home/poseidon/pegasus-5.1.0panorama/bin/pegasus-rc-client --prefix pegasus.catalog.replica.output --conf /home/poseidon/workflows/predict-future-sales-workflow/submit/poseidon/pegasus/predict-future-sales/run0170/00/00/./xgboost_hp_tuning_group_2.000/pegasus.488432879126307700.properties -v --meta /home/poseidon/workflows/predict-future-sales-workflow/submit/poseidon/pegasus/predict-future-sales/run0170/00/00/./xgboost_hp_tuning_group_2.000/00/00/xgboost_best_params_ID0000024.meta --insert /home/poseidon/workflows/predict-future-sales-workflow/submit/poseidon/pegasus/predict-future-sales/run0170/00/00/./xgboost_hp_tuning_group_2.000/00/00/register_condorpool_1_0.in,2.9,0,0,,,,,,,,,
xgboost_model_ID0000021,cpu_2,compute,0,1677289313.0,,,1677289318.0,1677289281.0,1677289314.0,75037386.8,1677289325.0,1677289498.0,1677289438.0,1677289442.0,450386.0,1677289498.0,1677289503.0,5.0,,7.0,173.0,5.0,33.0,1691152083.0,4.0,1977866.0,poseidon,condorpool,poseidon-worker-1-container-0-7,xgboost_model,/srv/xgboost_model,,516.2,0,0,0.1,1348834735.0,24449.0,5343.0,8.0,478.3,14.6,12262134.0,2444.9
stage_out_local_local_5_0,None,transfer,0,1677289313.0,,,1677289318.0,,,0.0,1677289318.0,1677289328.0,1677289319.0,1677289323.0,795.0,1677289328.0,1677289333.0,5.0,,0.0,10.0,5.0,,,4.0,3207.0,poseidon,local,host-10-100-100-12.openstacklocal,pegasus::transfer,/home/poseidon/pegasus-5.1.0panorama/bin/pegasus-transfer,pegasus-kickstart  -n pegasus::transfer -N null -i - -R local  -L predict-future-sales -T 2023-02-17T19:59:06+00:00 pegasus-transfer  --threads 2,0.3,0,0,,,,,,,,,
cleanup_predict-future-sales_0_local,None,auxiliary,0,1677289333.0,,,1677289338.0,,,0.0,1677289338.0,1677289348.0,,,0.0,1677289348.0,1677289353.0,5.0,,0.0,10.0,5.0,,,,,poseidon,local,host-10-100-100-12.openstacklocal,pegasus::cleanup,/home/poseidon/pegasus-5.1.0panorama/bin/pegasus-transfer,pegasus-kickstart  -n pegasus::cleanup -N null -i - -R local  -L predict-future-sales -T 2023-02-17T19:59:06+00:00 pegasus-transfer,0.3,0,0,,,,,,,,,
stage_out_local_condorpool_6_0,None,transfer,0,1677289503.0,,,1677289508.0,,,0.0,1677289508.0,1677289518.0,1677289509.0,1677289513.0,1151036.0,1677289518.0,1677289523.0,5.0,,0.0,10.0,5.0,,,4.0,4642264.0,poseidon,local,host-10-100-100-12.openstacklocal,pegasus::transfer,/home/poseidon/pegasus-5.1.0panorama/bin/pegasus-transfer,pegasus-kickstart  -n pegasus::transfer -N null -i - -R local  -L predict-future-sales -T 2023-02-17T19:59:06+00:00 pegasus-transfer  --threads 2,0.9,0,0,,,,,,,,,
model_predict_ID0000022,cpu_2,compute,0,1677289503.0,,,1677289508.0,1677289466.0,1677289484.0,42750978.3,1677289510.0,1677289548.0,1677289492.0,1677289497.0,1270549.0,1677289548.0,1677289553.0,5.0,,2.0,38.0,5.0,18.0,396982568.0,5.0,5523764.0,poseidon,condorpool,poseidon-worker-1-container-0-7,model_predict,/srv/model_predict,,3.2,0,0,,,,,,,,,
predict_merge_ID0000023,cpu_2,compute,0,1677289553.0,,,1677289558.0,1677289515.0,1677289532.0,40656766.3,1677289559.0,1677289598.0,1677289540.0,1677289544.0,866891.0,1677289598.0,1677289603.0,5.0,,1.0,39.0,5.0,17.0,377176763.0,4.0,3778534.0,poseidon,condorpool,poseidon-worker-1-container-0-7,predict_merge,/srv/predict_merge,,1.3,0,0,,,,,,,,,
stage_out_local_condorpool_7_0,None,transfer,0,1677289553.0,,,1677289558.0,,,0.0,1677289558.0,1677289568.0,1677289558.0,1677289562.0,1487435.0,1677289568.0,1677289573.0,5.0,,0.0,10.0,5.0,,,4.0,6000012.0,poseidon,local,host-10-100-100-12.openstacklocal,pegasus::transfer,/home/poseidon/pegasus-5.1.0panorama/bin/pegasus-transfer,pegasus-kickstart  -n pegasus::transfer -N null -i - -R local  -L predict-future-sales -T 2023-02-17T19:59:06+00:00 pegasus-transfer  --threads 2,0.6,0,0,,,,,,,,,
stage_out_local_condorpool_8_0,None,transfer,0,1677289603.0,,,1677289608.0,,,0.0,1677289608.0,1677289618.0,1677289608.0,1677289611.0,1747801.0,1677289618.0,1677289623.0,5.0,,0.0,10.0,5.0,,,3.0,3778534.0,poseidon,local,host-10-100-100-12.openstacklocal,pegasus::transfer,/home/poseidon/pegasus-5.1.0panorama/bin/pegasus-transfer,pegasus-kickstart  -n pegasus::transfer -N null -i - -R local  -L predict-future-sales -T 2023-02-17T19:59:06+00:00 pegasus-transfer  --threads 2,0.4,0,0,,,,,,,,,
cleanup_predict-future-sales_0_condorpool,None,auxiliary,0,1677289623.0,,,1677289628.0,,,0.0,1677289628.0,1677289638.0,,,0.0,1677289638.0,1677289643.0,5.0,,0.0,10.0,5.0,,,,,poseidon,local,host-10-100-100-12.openstacklocal,pegasus::cleanup,/home/poseidon/pegasus-5.1.0panorama/bin/pegasus-transfer,pegasus-kickstart  -n pegasus::cleanup -N null -i - -R local  -L predict-future-sales -T 2023-02-17T19:59:06+00:00 pegasus-transfer,0.3,0,0,,,,,,,,,
