,anomaly_type,type,is_clustered,ready,pre_script_start,pre_script_end,submit,stage_in_start,stage_in_end,stage_in_effective_bytes_per_sec,execute_start,execute_end,stage_out_start,stage_out_end,stage_out_effective_bytes_per_sec,post_script_start,post_script_end,wms_delay,pre_script_delay,queue_delay,runtime,post_script_delay,stage_in_delay,stage_in_bytes,stage_out_delay,stage_out_bytes,kickstart_user,kickstart_site,kickstart_hostname,kickstart_transformations,kickstart_executables,kickstart_executables_argv,kickstart_executables_cpu_time,kickstart_status,kickstart_executables_exitcode,kickstart_online_iowait,kickstart_online_bytes_read,kickstart_online_bytes_written,kickstart_online_read_system_calls,kickstart_online_write_system_calls,kickstart_online_utime,kickstart_online_stime,kickstart_online_bytes_read_per_second,kickstart_online_bytes_written_per_second
create_dir_predict-future-sales_0_local,None,auxiliary,0,1677052483.0,,,1677052484.0,,,0.0,1677052489.0,1677052495.0,,,0.0,1677052495.0,1677052500.0,1.0,,5.0,6.0,5.0,,,,,poseidon,local,host-10-100-100-12.openstacklocal,pegasus::dirmanager,/home/poseidon/pegasus-5.1.0panorama/bin/pegasus-transfer,pegasus-kickstart  -n pegasus::dirmanager -N null -i - -R local  -L predict-future-sales -T 2023-02-17T19:59:06+00:00 pegasus-transfer,0.3,0,0,,,,,,,,,
create_dir_predict-future-sales_0_condorpool,None,auxiliary,0,1677052483.0,,,1677052485.0,,,0.0,1677052489.0,1677052495.0,,,0.0,1677052495.0,1677052500.0,2.0,,4.0,6.0,5.0,,,,,poseidon,local,host-10-100-100-12.openstacklocal,pegasus::dirmanager,/home/poseidon/pegasus-5.1.0panorama/bin/pegasus-transfer,pegasus-kickstart  -n pegasus::dirmanager -N null -i - -R local  -L predict-future-sales -T 2023-02-17T19:59:06+00:00 pegasus-transfer,0.3,0,0,,,,,,,,,
stage_in_local_condorpool_6_0,None,transfer,0,1677052500.0,,,1677052505.0,1677052505.0,1677052509.0,2243.0,1677052505.0,1677052515.0,,,0.0,1677052515.0,1677052520.0,5.0,,0.0,10.0,5.0,4.0,7870.0,,,poseidon,local,host-10-100-100-12.openstacklocal,pegasus::transfer,/home/poseidon/pegasus-5.1.0panorama/bin/pegasus-transfer,pegasus-kickstart  -n pegasus::transfer -N null -i - -R local  -L predict-future-sales -T 2023-02-17T19:59:06+00:00 pegasus-transfer  --threads 2,0.5,0,0,,,,,,,,,
stage_in_local_condorpool_0_0,None,transfer,0,1677052500.0,,,1677052505.0,1677052505.0,1677052515.0,96140937.0,1677052505.0,1677052525.0,,,0.0,1677052525.0,1677052530.0,5.0,,0.0,20.0,5.0,10.0,936801734.0,,,poseidon,local,host-10-100-100-12.openstacklocal,pegasus::transfer,/home/poseidon/pegasus-5.1.0panorama/bin/pegasus-transfer,pegasus-kickstart  -n pegasus::transfer -N null -i - -R local  -L predict-future-sales -T 2023-02-17T19:59:06+00:00 pegasus-transfer  --threads 2,5.7,0,0,,,,,,,,,
stage_in_local_condorpool_1_0,None,transfer,0,1677052500.0,,,1677052505.0,1677052505.0,1677052510.0,3623.0,1677052505.0,1677052515.0,,,0.0,1677052515.0,1677052520.0,5.0,,0.0,10.0,5.0,5.0,15640.0,,,poseidon,local,host-10-100-100-12.openstacklocal,pegasus::transfer,/home/poseidon/pegasus-5.1.0panorama/bin/pegasus-transfer,pegasus-kickstart  -n pegasus::transfer -N null -i - -R local  -L predict-future-sales -T 2023-02-17T19:59:06+00:00 pegasus-transfer  --threads 2,0.6,0,0,,,,,,,,,
stage_in_local_condorpool_7_0,None,transfer,0,1677052500.0,,,1677052505.0,1677052505.0,1677052509.0,989.0,1677052505.0,1677052515.0,,,0.0,1677052515.0,1677052520.0,5.0,,0.0,10.0,5.0,4.0,3488.0,,,poseidon,local,host-10-100-100-12.openstacklocal,pegasus::transfer,/home/poseidon/pegasus-5.1.0panorama/bin/pegasus-transfer,pegasus-kickstart  -n pegasus::transfer -N null -i - -R local  -L predict-future-sales -T 2023-02-17T19:59:06+00:00 pegasus-transfer  --threads 2,0.5,0,0,,,,,,,,,
stage_in_local_condorpool_3_0,None,transfer,0,1677052500.0,,,1677052505.0,1677052505.0,1677052510.0,2932.0,1677052505.0,1677052515.0,,,0.0,1677052515.0,1677052520.0,5.0,,0.0,10.0,5.0,5.0,12704.0,,,poseidon,local,host-10-100-100-12.openstacklocal,pegasus::transfer,/home/poseidon/pegasus-5.1.0panorama/bin/pegasus-transfer,pegasus-kickstart  -n pegasus::transfer -N null -i - -R local  -L predict-future-sales -T 2023-02-17T19:59:06+00:00 pegasus-transfer  --threads 2,0.6,0,0,,,,,,,,,
stage_in_local_condorpool_8_0,None,transfer,0,1677052500.0,,,1677052505.0,1677052505.0,1677052509.0,656.0,1677052505.0,1677052515.0,,,0.0,1677052515.0,1677052520.0,5.0,,0.0,10.0,5.0,4.0,2368.0,,,poseidon,local,host-10-100-100-12.openstacklocal,pegasus::transfer,/home/poseidon/pegasus-5.1.0panorama/bin/pegasus-transfer,pegasus-kickstart  -n pegasus::transfer -N null -i - -R local  -L predict-future-sales -T 2023-02-17T19:59:06+00:00 pegasus-transfer  --threads 2,0.5,0,0,,,,,,,,,
stage_in_local_local_4_0,None,transfer,0,1677052500.0,,,1677052505.0,1677052505.0,1677052507.0,5872.0,1677052505.0,1677052515.0,,,0.0,1677052515.0,1677052520.0,5.0,,0.0,10.0,5.0,2.0,12577.0,,,poseidon,local,host-10-100-100-12.openstacklocal,pegasus::transfer,/home/poseidon/pegasus-5.1.0panorama/bin/pegasus-transfer,pegasus-kickstart  -n pegasus::transfer -N null -i - -R local  -L predict-future-sales -T 2023-02-17T19:59:06+00:00 pegasus-transfer  --threads 2,0.4,0,0,,,,,,,,,
stage_in_local_condorpool_2_0,None,transfer,0,1677052500.0,,,1677052505.0,1677052505.0,1677052511.0,9715.0,1677052505.0,1677052520.0,,,0.0,1677052520.0,1677052525.0,5.0,,0.0,15.0,5.0,6.0,55480.0,,,poseidon,local,host-10-100-100-12.openstacklocal,pegasus::transfer,/home/poseidon/pegasus-5.1.0panorama/bin/pegasus-transfer,pegasus-kickstart  -n pegasus::transfer -N null -i - -R local  -L predict-future-sales -T 2023-02-17T19:59:06+00:00 pegasus-transfer  --threads 2,1.1,0,0,,,,,,,,,
preprocess_ID0000003,hdd_5,compute,0,1677052530.0,,,1677052535.0,1677052497.0,1677052543.0,45489494.0,1677052537.0,1677052726.0,1677052668.0,1677052675.0,23340455.0,1677052726.0,1677052731.0,5.0,,2.0,189.0,5.0,46.0,467356066.0,7.0,160257914.0,poseidon,condorpool,poseidon-worker-2-container-40-47,preprocess,/srv/preprocess,,4.3,0,0,,,,,,,,,
nlp_ID0000002,None,compute,0,1677052530.0,,,1677052535.0,1677052497.0,1677052514.0,44967995.5,1677052537.0,1677052786.0,1677052732.0,1677052736.0,606066.0,1677052786.0,1677052791.0,5.0,,2.0,249.0,5.0,17.0,369033604.0,4.0,2755872.0,poseidon,condorpool,poseidon-worker-3-container-32-39,nlp,/srv/nlp,,1296.7,0,0,0.0,21391320.0,8791.0,3028.0,5.0,1290.0,2.5,101863.4,879.1
eda_ID0000001,hdd_5,compute,0,1677052530.0,,,1677052535.0,1677052497.0,1677052542.0,48164227.3,1677052537.0,1677052721.0,1677052668.0,1677052672.0,279940.0,1677052721.0,1677052726.0,5.0,,2.0,184.0,5.0,45.0,464177772.0,4.0,1196919.0,poseidon,condorpool,poseidon-worker-2-container-0-7,eda,/srv/eda,,33.9,0,0,0.1,144954770.0,850335.0,27583.0,40.0,28.2,1.7,4831825.7,28344.5
feature_eng_0_ID0000004,hdd_5,compute,0,1677052731.0,,,1677052736.0,1677052697.0,1677052740.0,44917180.8,1677052737.0,1677052981.0,1677052929.0,1677052933.0,204095.0,1677052981.0,1677052986.0,5.0,,1.0,244.0,5.0,43.0,369949088.0,4.0,893320.0,poseidon,condorpool,poseidon-worker-2-container-40-47,feature_eng_0,/srv/feature_eng_0,,4.8,0,0,,,,,,,,,
feature_eng_1_ID0000005,hdd_5,compute,0,1677052731.0,,,1677052736.0,1677052697.0,1677052747.0,49413890.2,1677052737.0,1677052991.0,1677052929.0,1677052939.0,39026877.0,1677052991.0,1677052996.0,5.0,,1.0,254.0,5.0,50.0,528250191.0,10.0,393324463.0,poseidon,condorpool,poseidon-worker-2-container-0-7,feature_eng_1,/srv/feature_eng_1,,15.8,0,0,0.0,169610155.0,8.0,1723.0,1.0,8.0,1.9,16961015.5,0.8
stage_out_local_condorpool_0_0,None,transfer,0,1677052791.0,,,1677052796.0,,,0.0,1677052796.0,1677052806.0,1677052797.0,1677052801.0,40734267.0,1677052806.0,1677052811.0,5.0,,0.0,10.0,5.0,,,4.0,164210705.0,poseidon,local,host-10-100-100-12.openstacklocal,pegasus::transfer,/home/poseidon/pegasus-5.1.0panorama/bin/pegasus-transfer,pegasus-kickstart  -n pegasus::transfer -N null -i - -R local  -L predict-future-sales -T 2023-02-17T19:59:06+00:00 pegasus-transfer  --threads 2,2.0,0,0,,,,,,,,,
register_condorpool_0_0,None,auxiliary,0,1677052811.0,,,1677052816.0,,,0.0,1677052816.0,1677052821.0,,,0.0,1677052821.0,1677052826.0,5.0,,0.0,5.0,5.0,,,,,poseidon,local,host-10-100-100-12.openstacklocal,pegasus::rc-client,/home/poseidon/pegasus-5.1.0panorama/bin/pegasus-rc-client,"pegasus-kickstart  -n pegasus::rc-client -N null -R local  -L predict-future-sales -T 2023-02-17T19:59:06+00:00 /home/poseidon/pegasus-5.1.0panorama/bin/pegasus-rc-client --prefix pegasus.catalog.replica.output --conf /home/poseidon/workflows/predict-future-sales-workflow/submit/poseidon/pegasus/predict-future-sales/run0082/pegasus.7203001665935924392.properties -v --meta /home/poseidon/workflows/predict-future-sales-workflow/submit/poseidon/pegasus/predict-future-sales/run0082/00/00/nlp_ID0000002.meta,/home/poseidon/workflows/predict-future-sales-workflow/submit/poseidon/pegasus/predict-future-sales/run0082/00/00/eda_ID0000001.meta,/home/poseidon/workflows/predict-future-sales-workflow/submit/poseidon/pegasus/predict-future-sales/run0082/00/00/preprocess_ID0000003.meta --insert /home/poseidon/workflows/predict-future-sales-workflow/submit/poseidon/pegasus/predict-future-sales/run0082/00/00/register_condorpool_0_0.in",3.1,0,0,,,,,,,,,
feature_eng_4_ID0000008,hdd_5,compute,0,1677052996.0,,,1677053001.0,1677052978.0,1677053000.0,59636910.0,1677053018.0,1677053807.0,1677053734.0,1677053757.0,51353827.0,1677053807.0,1677053812.0,5.0,,17.0,789.0,5.0,22.0,761328752.0,23.0,1201824259.0,poseidon,condorpool,poseidon-worker-2-container-40-47,feature_eng_4,/srv/feature_eng_4,,49.9,0,0,0.0,402733078.0,8.0,1379.0,1.0,27.7,12.2,10068327.0,0.8
feature_eng_2_ID0000006,hdd_5,compute,0,1677052996.0,,,1677053001.0,1677053101.0,1677053155.0,54693482.1,1677053141.0,1677054152.0,1677054073.0,1677054103.0,57704623.0,1677054152.0,1677054157.0,5.0,,140.0,1011.0,5.0,54.0,761320658.0,30.0,1748107178.0,poseidon,condorpool,poseidon-worker-2-container-0-7,feature_eng_2,/srv/feature_eng_2,,281.7,0,0,291.1,402892431.0,258.0,2046.0,3.0,213.4,66.7,857217.9,12.9
stage_out_local_condorpool_1_0,None,transfer,0,1677052996.0,,,1677053001.0,,,0.0,1677053001.0,1677053011.0,1677053002.0,1677053006.0,94596092.0,1677053011.0,1677053016.0,5.0,,0.0,10.0,5.0,,,4.0,394217783.0,poseidon,local,host-10-100-100-12.openstacklocal,pegasus::transfer,/home/poseidon/pegasus-5.1.0panorama/bin/pegasus-transfer,pegasus-kickstart  -n pegasus::transfer -N null -i - -R local  -L predict-future-sales -T 2023-02-17T19:59:06+00:00 pegasus-transfer  --threads 2,2.1,0,0,,,,,,,,,
feature_eng_5_ID0000009,hdd_5,compute,0,1677052996.0,,,1677053001.0,1677052963.0,1677053107.0,59720927.0,1677053003.0,1677053802.0,1677053734.0,1677053749.0,42920107.0,1677053802.0,1677053807.0,5.0,,2.0,799.0,5.0,144.0,856820455.0,15.0,655540227.0,poseidon,condorpool,poseidon-worker-2-container-40-47,feature_eng_5,/srv/feature_eng_5,,215.0,0,0,0.0,498292744.0,8.0,2014.0,1.0,191.0,19.0,2372822.6,0.8
feature_eng_3_ID0000007,hdd_5,compute,0,1677052996.0,,,1677053001.0,1677052963.0,1677053107.0,53386970.7,1677053003.0,1677053807.0,1677053734.0,1677053756.0,54063374.0,1677053807.0,1677053812.0,5.0,,2.0,804.0,5.0,144.0,762217561.0,22.0,1179971921.0,poseidon,condorpool,poseidon-worker-2-container-0-7,feature_eng_3,/srv/feature_eng_3,,109.7,0,0,0.0,403625937.0,8.0,1436.0,1.0,69.1,30.9,4036259.4,0.8
register_condorpool_1_0,None,auxiliary,0,1677053016.0,,,1677053021.0,,,0.0,1677053022.0,1677053026.0,,,0.0,1677053026.0,1677053031.0,5.0,,1.0,4.0,5.0,,,,,poseidon,local,host-10-100-100-12.openstacklocal,pegasus::rc-client,/home/poseidon/pegasus-5.1.0panorama/bin/pegasus-rc-client,"pegasus-kickstart  -n pegasus::rc-client -N null -R local  -L predict-future-sales -T 2023-02-17T19:59:06+00:00 /home/poseidon/pegasus-5.1.0panorama/bin/pegasus-rc-client --prefix pegasus.catalog.replica.output --conf /home/poseidon/workflows/predict-future-sales-workflow/submit/poseidon/pegasus/predict-future-sales/run0082/pegasus.7203001665935924392.properties -v --meta /home/poseidon/workflows/predict-future-sales-workflow/submit/poseidon/pegasus/predict-future-sales/run0082/00/00/feature_eng_1_ID0000005.meta,/home/poseidon/workflows/predict-future-sales-workflow/submit/poseidon/pegasus/predict-future-sales/run0082/00/00/feature_eng_0_ID0000004.meta --insert /home/poseidon/workflows/predict-future-sales-workflow/submit/poseidon/pegasus/predict-future-sales/run0082/00/00/register_condorpool_1_0.in",2.9,0,0,,,,,,,,,
stage_out_local_condorpool_2_0,None,transfer,0,1677054157.0,,,1677054162.0,,,0.0,1677054162.0,1677054187.0,1677054162.0,1677054181.0,253420981.0,1677054187.0,1677054192.0,5.0,,0.0,25.0,5.0,,,19.0,4785443585.0,poseidon,local,host-10-100-100-12.openstacklocal,pegasus::transfer,/home/poseidon/pegasus-5.1.0panorama/bin/pegasus-transfer,pegasus-kickstart  -n pegasus::transfer -N null -i - -R local  -L predict-future-sales -T 2023-02-17T19:59:06+00:00 pegasus-transfer  --threads 2,20.8,0,0,,,,,,,,,
feature_merge_ID0000010,hdd_5,compute,0,1677054157.0,,,1677054162.0,1677054123.0,1677054218.0,85946308.8,1677054163.0,1677055829.0,1677055729.0,1677055778.0,60842426.0,1677055829.0,1677055834.0,5.0,,1.0,1666.0,5.0,95.0,5155397110.0,49.0,2993643458.0,poseidon,condorpool,poseidon-worker-2-container-0-7,feature_merge,/srv/feature_merge,,64.6,0,0,445.4,4797034087.0,2906237329.0,2129.0,89.0,41.2,23.3,9405949.2,24218644.4
register_condorpool_2_0,None,auxiliary,0,1677054192.0,,,1677054197.0,,,0.0,1677054197.0,1677054202.0,,,0.0,1677054202.0,1677054207.0,5.0,,0.0,5.0,5.0,,,,,poseidon,local,host-10-100-100-12.openstacklocal,pegasus::rc-client,/home/poseidon/pegasus-5.1.0panorama/bin/pegasus-rc-client,"pegasus-kickstart  -n pegasus::rc-client -N null -R local  -L predict-future-sales -T 2023-02-17T19:59:06+00:00 /home/poseidon/pegasus-5.1.0panorama/bin/pegasus-rc-client --prefix pegasus.catalog.replica.output --conf /home/poseidon/workflows/predict-future-sales-workflow/submit/poseidon/pegasus/predict-future-sales/run0082/pegasus.7203001665935924392.properties -v --meta /home/poseidon/workflows/predict-future-sales-workflow/submit/poseidon/pegasus/predict-future-sales/run0082/00/00/feature_eng_5_ID0000009.meta,/home/poseidon/workflows/predict-future-sales-workflow/submit/poseidon/pegasus/predict-future-sales/run0082/00/00/feature_eng_2_ID0000006.meta,/home/poseidon/workflows/predict-future-sales-workflow/submit/poseidon/pegasus/predict-future-sales/run0082/00/00/feature_eng_3_ID0000007.meta,/home/poseidon/workflows/predict-future-sales-workflow/submit/poseidon/pegasus/predict-future-sales/run0082/00/00/feature_eng_4_ID0000008.meta --insert /home/poseidon/workflows/predict-future-sales-workflow/submit/poseidon/pegasus/predict-future-sales/run0082/00/00/register_condorpool_2_0.in",3.0,0,0,,,,,,,,,
stage_inter_local_xgboost_model_ID0000021_0,None,transfer,0,1677055834.0,,,1677055839.0,1677055839.0,1677055877.0,69586973.0,1677055839.0,1677055885.0,,,0.0,1677055885.0,1677055890.0,5.0,,0.0,46.0,5.0,38.0,2646308508.0,,,poseidon,local,host-10-100-100-12.openstacklocal,pegasus::transfer,/home/poseidon/pegasus-5.1.0panorama/bin/pegasus-transfer,pegasus-kickstart  -n pegasus::transfer -N null -i - -R local  -L predict-future-sales -T 2023-02-17T19:59:06+00:00 pegasus-transfer  --threads 2,9.6,0,0,,,,,,,,,
stage_inter_local_model_predict_ID0000022_0,None,transfer,0,1677055834.0,,,1677055839.0,1677055839.0,1677055843.0,14220437.0,1677055839.0,1677055849.0,,,0.0,1677055849.0,1677055854.0,5.0,,0.0,10.0,5.0,4.0,54050130.0,,,poseidon,local,host-10-100-100-12.openstacklocal,pegasus::transfer,/home/poseidon/pegasus-5.1.0panorama/bin/pegasus-transfer,pegasus-kickstart  -n pegasus::transfer -N null -i - -R local  -L predict-future-sales -T 2023-02-17T19:59:06+00:00 pegasus-transfer  --threads 2,0.6,0,0,,,,,,,,,
stage_inter_local_xgboost_hp_tuning_workflow_ID0000015_0,None,transfer,0,1677055834.0,,,1677055839.0,1677055839.0,1677055841.0,402.0,1677055839.0,1677055849.0,,,0.0,1677055849.0,1677055854.0,5.0,,0.0,10.0,5.0,2.0,826.0,,,poseidon,local,host-10-100-100-12.openstacklocal,pegasus::transfer,/home/poseidon/pegasus-5.1.0panorama/bin/pegasus-transfer,pegasus-kickstart  -n pegasus::transfer -N null -i - -R local  -L predict-future-sales -T 2023-02-17T19:59:06+00:00 pegasus-transfer  --threads 2,0.3,0,0,,,,,,,,,
stage_out_local_condorpool_3_0,None,transfer,0,1677055834.0,,,1677055839.0,,,0.0,1677055839.0,1677055869.0,1677055839.0,1677055863.0,129678227.0,1677055869.0,1677055874.0,5.0,,0.0,30.0,5.0,,,24.0,2993643458.0,poseidon,local,host-10-100-100-12.openstacklocal,pegasus::transfer,/home/poseidon/pegasus-5.1.0panorama/bin/pegasus-transfer,pegasus-kickstart  -n pegasus::transfer -N null -i - -R local  -L predict-future-sales -T 2023-02-17T19:59:06+00:00 pegasus-transfer  --threads 2,14.6,0,0,,,,,,,,,
stage_inter_local_xgboost_model_ID0000013_0,None,transfer,0,1677055834.0,,,1677055839.0,1677055839.0,1677055847.0,35966329.0,1677055839.0,1677055854.0,,,0.0,1677055854.0,1677055859.0,5.0,,0.0,15.0,5.0,8.0,269346726.0,,,poseidon,local,host-10-100-100-12.openstacklocal,pegasus::transfer,/home/poseidon/pegasus-5.1.0panorama/bin/pegasus-transfer,pegasus-kickstart  -n pegasus::transfer -N null -i - -R local  -L predict-future-sales -T 2023-02-17T19:59:06+00:00 pegasus-transfer  --threads 2,1.3,0,0,,,,,,,,,
stage_inter_local_model_predict_ID0000014_0,None,transfer,0,1677055834.0,,,1677055839.0,1677055839.0,1677055843.0,1228569.0,1677055839.0,1677055849.0,,,0.0,1677055849.0,1677055854.0,5.0,,0.0,10.0,5.0,4.0,4411696.0,,,poseidon,local,host-10-100-100-12.openstacklocal,pegasus::transfer,/home/poseidon/pegasus-5.1.0panorama/bin/pegasus-transfer,pegasus-kickstart  -n pegasus::transfer -N null -i - -R local  -L predict-future-sales -T 2023-02-17T19:59:06+00:00 pegasus-transfer  --threads 2,0.4,0,0,,,,,,,,,
xgboost_hp_tuning_workflow_ID0000015,None,compute,0,1677055854.0,,,1677055859.0,,,0.0,1677055859.0,1677055874.0,,,0.0,1677055874.0,1677055879.0,5.0,,0.0,15.0,5.0,,,,,poseidon,local,poseidon-submit.novalocal,xgboost_hp_tuning_workflow,/var/spool/condor/local_univ_execute/dir_2050331/xgboost_hp_tuning_workflow,/home/poseidon/workflows/predict-future-sales-workflow/submit/poseidon/pegasus/predict-future-sales/run0082/00/00/xgboost_hp_tuning_workflow_ID0000015.sh,0.1,0,0,,,,,,,,,
xgboost_hp_tuning_workflow_ID0000011,None,compute,0,1677055854.0,,,1677055859.0,,,0.0,1677055859.0,1677055874.0,,,0.0,1677055874.0,1677055879.0,5.0,,0.0,15.0,5.0,,,,,poseidon,local,poseidon-submit.novalocal,xgboost_hp_tuning_workflow,/var/spool/condor/local_univ_execute/dir_2050332/xgboost_hp_tuning_workflow,/home/poseidon/workflows/predict-future-sales-workflow/submit/poseidon/pegasus/predict-future-sales/run0082/00/00/xgboost_hp_tuning_workflow_ID0000011.sh,0.1,0,0,,,,,,,,,
xgboost_hp_tuning_workflow_ID0000019,None,compute,0,1677055854.0,,,1677055859.0,,,0.0,1677055859.0,1677055874.0,,,0.0,1677055874.0,1677055879.0,5.0,,0.0,15.0,5.0,,,,,poseidon,local,poseidon-submit.novalocal,xgboost_hp_tuning_workflow,/var/spool/condor/local_univ_execute/dir_2050335/xgboost_hp_tuning_workflow,/home/poseidon/workflows/predict-future-sales-workflow/submit/poseidon/pegasus/predict-future-sales/run0082/00/00/xgboost_hp_tuning_workflow_ID0000019.sh,0.1,0,0,,,,,,,,,
register_condorpool_3_0,None,auxiliary,0,1677055874.0,,,1677055879.0,,,0.0,1677055880.0,1677055885.0,,,0.0,1677055885.0,1677055890.0,5.0,,1.0,5.0,5.0,,,,,poseidon,local,host-10-100-100-12.openstacklocal,pegasus::rc-client,/home/poseidon/pegasus-5.1.0panorama/bin/pegasus-rc-client,pegasus-kickstart  -n pegasus::rc-client -N null -R local  -L predict-future-sales -T 2023-02-17T19:59:06+00:00 /home/poseidon/pegasus-5.1.0panorama/bin/pegasus-rc-client --prefix pegasus.catalog.replica.output --conf /home/poseidon/workflows/predict-future-sales-workflow/submit/poseidon/pegasus/predict-future-sales/run0082/pegasus.7203001665935924392.properties -v --meta /home/poseidon/workflows/predict-future-sales-workflow/submit/poseidon/pegasus/predict-future-sales/run0082/00/00/feature_merge_ID0000010.meta --insert /home/poseidon/workflows/predict-future-sales-workflow/submit/poseidon/pegasus/predict-future-sales/run0082/00/00/register_condorpool_3_0.in,2.9,0,0,,,,,,,,,
pegasus-plan_ID0000016,None,subwf,0,1677055879.0,1677055879.0,1677055885.0,1677055890.0,,,0.0,1677055890.0,1677056641.0,,,0.0,,,0.0,6.0,0.0,751.0,,,,,,poseidon,local,poseidon-submit,condor::dagman,/usr/bin/condor_dagman,-p 0  -f -l . -Notification never -Debug 3 -Lockfile xgboost_hp_tuning_group_1.dag.lock -Dag xgboost_hp_tuning_group_1.dag -AllowVersionMismatch  -AutoRescue 1 -DoRescueFrom 0,0.0,0,0,,,,,,,,,
pegasus-plan_ID0000012,None,subwf,0,1677055879.0,1677055879.0,1677055885.0,1677055890.0,,,0.0,1677055890.0,1677057382.0,,,0.0,,,0.0,6.0,0.0,1492.0,,,,,,poseidon,local,poseidon-submit,condor::dagman,/usr/bin/condor_dagman,-p 0  -f -l . -Notification never -Debug 3 -Lockfile xgboost_hp_tuning_group_0.dag.lock -Dag xgboost_hp_tuning_group_0.dag -AllowVersionMismatch  -AutoRescue 1 -DoRescueFrom 0,0.0,0,0,,,,,,,,,
stage_out_local_local_4_0,None,transfer,0,1677055879.0,,,1677055885.0,,,0.0,1677055885.0,1677055895.0,1677055885.0,1677055889.0,21092.0,1677055895.0,1677055900.0,6.0,,0.0,10.0,5.0,,,4.0,85038.0,poseidon,local,host-10-100-100-12.openstacklocal,pegasus::transfer,/home/poseidon/pegasus-5.1.0panorama/bin/pegasus-transfer,pegasus-kickstart  -n pegasus::transfer -N null -i - -R local  -L predict-future-sales -T 2023-02-17T19:59:06+00:00 pegasus-transfer  --threads 2,0.5,0,0,,,,,,,,,
pegasus-plan_ID0000020,None,subwf,0,1677055879.0,1677055879.0,1677055885.0,1677055890.0,,,0.0,1677055890.0,1677057257.0,,,0.0,,,0.0,6.0,0.0,1367.0,,,,,,poseidon,local,poseidon-submit,condor::dagman,/usr/bin/condor_dagman,-p 0  -f -l . -Notification never -Debug 3 -Lockfile xgboost_hp_tuning_group_2.dag.lock -Dag xgboost_hp_tuning_group_2.dag -AllowVersionMismatch  -AutoRescue 1 -DoRescueFrom 0,0.0,0,0,,,,,,,,,
create_dir_predict-future-sales-hp-tuning_0_condorpool_pegasus-plan_ID0000012,None,auxiliary,0,1677055890.0,,,1677055891.0,,,0.0,1677055894.0,1677055901.0,,,0.0,1677055901.0,1677055906.0,1.0,,3.0,7.0,5.0,,,,,poseidon,local,host-10-100-100-12.openstacklocal,pegasus::dirmanager,/home/poseidon/pegasus-5.1.0panorama/bin/pegasus-transfer,pegasus-kickstart  -n pegasus::dirmanager -N null -i - -R local  -L xgboost_hp_tuning_group_0 -T 2023-02-22T08:51:22+00:00 pegasus-transfer,0.3,0,0,,,,,,,,,
create_dir_predict-future-sales-hp-tuning_0_condorpool_pegasus-plan_ID0000016,None,auxiliary,0,1677055890.0,,,1677055891.0,,,0.0,1677055894.0,1677055901.0,,,0.0,1677055901.0,1677055906.0,1.0,,3.0,7.0,5.0,,,,,poseidon,local,host-10-100-100-12.openstacklocal,pegasus::dirmanager,/home/poseidon/pegasus-5.1.0panorama/bin/pegasus-transfer,pegasus-kickstart  -n pegasus::dirmanager -N null -i - -R local  -L xgboost_hp_tuning_group_1 -T 2023-02-22T08:51:22+00:00 pegasus-transfer,0.3,0,0,,,,,,,,,
create_dir_predict-future-sales-hp-tuning_0_condorpool_pegasus-plan_ID0000020,None,auxiliary,0,1677055890.0,,,1677055891.0,,,0.0,1677055894.0,1677055901.0,,,0.0,1677055901.0,1677055906.0,1.0,,3.0,7.0,5.0,,,,,poseidon,local,host-10-100-100-12.openstacklocal,pegasus::dirmanager,/home/poseidon/pegasus-5.1.0panorama/bin/pegasus-transfer,pegasus-kickstart  -n pegasus::dirmanager -N null -i - -R local  -L xgboost_hp_tuning_group_2 -T 2023-02-22T08:51:22+00:00 pegasus-transfer,0.3,0,0,,,,,,,,,
register_local_4_0,None,auxiliary,0,1677055900.0,,,1677055905.0,,,0.0,1677055905.0,1677055910.0,,,0.0,1677055910.0,1677055915.0,5.0,,0.0,5.0,5.0,,,,,poseidon,local,host-10-100-100-12.openstacklocal,pegasus::rc-client,/home/poseidon/pegasus-5.1.0panorama/bin/pegasus-rc-client,"pegasus-kickstart  -n pegasus::rc-client -N null -R local  -L predict-future-sales -T 2023-02-17T19:59:06+00:00 /home/poseidon/pegasus-5.1.0panorama/bin/pegasus-rc-client --prefix pegasus.catalog.replica.output --conf /home/poseidon/workflows/predict-future-sales-workflow/submit/poseidon/pegasus/predict-future-sales/run0082/pegasus.7203001665935924392.properties -v --meta /home/poseidon/workflows/predict-future-sales-workflow/submit/poseidon/pegasus/predict-future-sales/run0082/00/00/xgboost_hp_tuning_workflow_ID0000011.meta,/home/poseidon/workflows/predict-future-sales-workflow/submit/poseidon/pegasus/predict-future-sales/run0082/00/00/xgboost_hp_tuning_workflow_ID0000019.meta,/home/poseidon/workflows/predict-future-sales-workflow/submit/poseidon/pegasus/predict-future-sales/run0082/00/00/xgboost_hp_tuning_workflow_ID0000015.meta --insert /home/poseidon/workflows/predict-future-sales-workflow/submit/poseidon/pegasus/predict-future-sales/run0082/00/00/register_local_4_0.in",3.0,0,0,,,,,,,,,
stage_in_local_condorpool_0_2_pegasus-plan_ID0000016,None,transfer,0,1677055906.0,,,1677055911.0,1677055918.0,1677055926.0,89795699.0,1677055917.0,1677055936.0,,,0.0,1677055936.0,1677055941.0,5.0,,6.0,19.0,5.0,8.0,735985664.0,,,poseidon,local,host-10-100-100-12.openstacklocal,pegasus::transfer,/home/poseidon/pegasus-5.1.0panorama/bin/pegasus-transfer,-n pegasus::transfer -N null -i - -R local  -L xgboost_hp_tuning_group_1 -T 2023-02-22T08:51:22+00:00 /home/poseidon/pegasus-5.1.0panorama/bin/../bin/pegasus-transfer  --threads 2,3.9,0,0,,,,,,,,,
stage_in_local_condorpool_1_0_pegasus-plan_ID0000016,None,transfer,0,1677055906.0,,,1677055911.0,1677055912.0,1677055915.0,827.0,1677055911.0,1677055921.0,,,0.0,1677055921.0,1677055926.0,5.0,,0.0,10.0,5.0,3.0,2874.0,,,poseidon,local,host-10-100-100-12.openstacklocal,pegasus::transfer,/home/poseidon/pegasus-5.1.0panorama/bin/pegasus-transfer,-n pegasus::transfer -N null -i - -R local  -L xgboost_hp_tuning_group_1 -T 2023-02-22T08:51:22+00:00 /home/poseidon/pegasus-5.1.0panorama/bin/../bin/pegasus-transfer  --threads 2,0.4,0,0,,,,,,,,,
stage_in_local_condorpool_0_1_pegasus-plan_ID0000016,None,transfer,0,1677055906.0,,,1677055911.0,1677055912.0,1677055916.0,5107384.0,1677055912.0,1677055921.0,,,0.0,1677055921.0,1677055926.0,5.0,,1.0,9.0,5.0,4.0,19294600.0,,,poseidon,local,host-10-100-100-12.openstacklocal,pegasus::transfer,/home/poseidon/pegasus-5.1.0panorama/bin/pegasus-transfer,-n pegasus::transfer -N null -i - -R local  -L xgboost_hp_tuning_group_1 -T 2023-02-22T08:51:22+00:00 /home/poseidon/pegasus-5.1.0panorama/bin/../bin/pegasus-transfer  --threads 2,0.6,0,0,,,,,,,,,
stage_in_local_condorpool_0_2_pegasus-plan_ID0000020,None,transfer,0,1677055906.0,,,1677055911.0,1677055912.0,1677055919.0,96837947.0,1677055912.0,1677055926.0,,,0.0,1677055926.0,1677055931.0,5.0,,1.0,14.0,5.0,7.0,735985664.0,,,poseidon,local,host-10-100-100-12.openstacklocal,pegasus::transfer,/home/poseidon/pegasus-5.1.0panorama/bin/pegasus-transfer,-n pegasus::transfer -N null -i - -R local  -L xgboost_hp_tuning_group_2 -T 2023-02-22T08:51:22+00:00 /home/poseidon/pegasus-5.1.0panorama/bin/../bin/pegasus-transfer  --threads 2,3.7,0,0,,,,,,,,,
stage_in_local_condorpool_0_0_pegasus-plan_ID0000012,None,transfer,0,1677055906.0,,,1677055911.0,1677055912.0,1677055916.0,2786.0,1677055911.0,1677055921.0,,,0.0,1677055921.0,1677055926.0,5.0,,0.0,10.0,5.0,4.0,12142.0,,,poseidon,local,host-10-100-100-12.openstacklocal,pegasus::transfer,/home/poseidon/pegasus-5.1.0panorama/bin/pegasus-transfer,-n pegasus::transfer -N null -i - -R local  -L xgboost_hp_tuning_group_0 -T 2023-02-22T08:51:22+00:00 /home/poseidon/pegasus-5.1.0panorama/bin/../bin/pegasus-transfer  --threads 2,0.6,0,0,,,,,,,,,
stage_in_local_condorpool_1_0_pegasus-plan_ID0000012,None,transfer,0,1677055906.0,,,1677055911.0,1677055912.0,1677055915.0,816.0,1677055911.0,1677055921.0,,,0.0,1677055921.0,1677055926.0,5.0,,0.0,10.0,5.0,3.0,2874.0,,,poseidon,local,host-10-100-100-12.openstacklocal,pegasus::transfer,/home/poseidon/pegasus-5.1.0panorama/bin/pegasus-transfer,-n pegasus::transfer -N null -i - -R local  -L xgboost_hp_tuning_group_0 -T 2023-02-22T08:51:22+00:00 /home/poseidon/pegasus-5.1.0panorama/bin/../bin/pegasus-transfer  --threads 2,0.5,0,0,,,,,,,,,
stage_in_local_condorpool_0_1_pegasus-plan_ID0000012,None,transfer,0,1677055906.0,,,1677055911.0,1677055912.0,1677055917.0,49032443.0,1677055911.0,1677055926.0,,,0.0,1677055926.0,1677055931.0,5.0,,0.0,15.0,5.0,5.0,269346726.0,,,poseidon,local,host-10-100-100-12.openstacklocal,pegasus::transfer,/home/poseidon/pegasus-5.1.0panorama/bin/pegasus-transfer,-n pegasus::transfer -N null -i - -R local  -L xgboost_hp_tuning_group_0 -T 2023-02-22T08:51:22+00:00 /home/poseidon/pegasus-5.1.0panorama/bin/../bin/pegasus-transfer  --threads 2,1.8,0,0,,,,,,,,,
stage_in_local_condorpool_0_2_pegasus-plan_ID0000012,None,transfer,0,1677055906.0,,,1677055911.0,1677055918.0,1677055926.0,87607351.0,1677055917.0,1677055936.0,,,0.0,1677055936.0,1677055941.0,5.0,,6.0,19.0,5.0,8.0,735985664.0,,,poseidon,local,host-10-100-100-12.openstacklocal,pegasus::transfer,/home/poseidon/pegasus-5.1.0panorama/bin/pegasus-transfer,-n pegasus::transfer -N null -i - -R local  -L xgboost_hp_tuning_group_0 -T 2023-02-22T08:51:22+00:00 /home/poseidon/pegasus-5.1.0panorama/bin/../bin/pegasus-transfer  --threads 2,4.0,0,0,,,,,,,,,
stage_in_local_condorpool_0_0_pegasus-plan_ID0000020,None,transfer,0,1677055906.0,,,1677055911.0,1677055912.0,1677055916.0,2819.0,1677055911.0,1677055921.0,,,0.0,1677055921.0,1677055926.0,5.0,,0.0,10.0,5.0,4.0,12142.0,,,poseidon,local,host-10-100-100-12.openstacklocal,pegasus::transfer,/home/poseidon/pegasus-5.1.0panorama/bin/pegasus-transfer,-n pegasus::transfer -N null -i - -R local  -L xgboost_hp_tuning_group_2 -T 2023-02-22T08:51:22+00:00 /home/poseidon/pegasus-5.1.0panorama/bin/../bin/pegasus-transfer  --threads 2,0.7,0,0,,,,,,,,,
stage_in_local_condorpool_1_0_pegasus-plan_ID0000020,None,transfer,0,1677055906.0,,,1677055911.0,1677055912.0,1677055915.0,810.0,1677055911.0,1677055921.0,,,0.0,1677055921.0,1677055926.0,5.0,,0.0,10.0,5.0,3.0,2874.0,,,poseidon,local,host-10-100-100-12.openstacklocal,pegasus::transfer,/home/poseidon/pegasus-5.1.0panorama/bin/pegasus-transfer,-n pegasus::transfer -N null -i - -R local  -L xgboost_hp_tuning_group_2 -T 2023-02-22T08:51:22+00:00 /home/poseidon/pegasus-5.1.0panorama/bin/../bin/pegasus-transfer  --threads 2,0.5,0,0,,,,,,,,,
stage_in_local_condorpool_0_1_pegasus-plan_ID0000020,None,transfer,0,1677055906.0,,,1677055911.0,1677055912.0,1677055928.0,161375638.0,1677055911.0,1677055936.0,,,0.0,1677055936.0,1677055941.0,5.0,,0.0,25.0,5.0,16.0,2646308508.0,,,poseidon,local,host-10-100-100-12.openstacklocal,pegasus::transfer,/home/poseidon/pegasus-5.1.0panorama/bin/pegasus-transfer,-n pegasus::transfer -N null -i - -R local  -L xgboost_hp_tuning_group_2 -T 2023-02-22T08:51:22+00:00 /home/poseidon/pegasus-5.1.0panorama/bin/../bin/pegasus-transfer  --threads 2,11.7,0,0,,,,,,,,,
stage_in_local_condorpool_0_0_pegasus-plan_ID0000016,None,transfer,0,1677055906.0,,,1677055911.0,1677055912.0,1677055916.0,2798.0,1677055911.0,1677055921.0,,,0.0,1677055921.0,1677055926.0,5.0,,0.0,10.0,5.0,4.0,12142.0,,,poseidon,local,host-10-100-100-12.openstacklocal,pegasus::transfer,/home/poseidon/pegasus-5.1.0panorama/bin/pegasus-transfer,-n pegasus::transfer -N null -i - -R local  -L xgboost_hp_tuning_group_1 -T 2023-02-22T08:51:22+00:00 /home/poseidon/pegasus-5.1.0panorama/bin/../bin/pegasus-transfer  --threads 2,0.6,0,0,,,,,,,,,
xgboost_hp_tuning_ID0000010_pegasus-plan_ID0000012,None,compute,0,1677055941.0,,,1677055946.0,1677056808.0,1677056825.0,51394871.0,1677056848.0,1677056997.0,1677056943.0,1677056948.0,253.0,1677056997.0,1677057002.0,5.0,,902.0,149.0,5.0,17.0,502672266.0,5.0,1049.0,poseidon,condorpool,poseidon-worker-3-container-8-15,xgboost_hp_tuning,/srv/xgboost_hp_tuning,,73.6,0,0,0.0,157966162.0,40.0,3303.0,2.0,42.7,2.9,15796616.2,4.0
xgboost_hp_tuning_ID0000021_pegasus-plan_ID0000012,hdd_5,compute,0,1677055941.0,,,1677055946.0,1677056827.0,1677056887.0,10347775.7,1677056867.0,1677057052.0,1677056999.0,1677057003.0,253.0,1677057052.0,1677057057.0,5.0,,921.0,185.0,5.0,60.0,502672266.0,4.0,1064.0,poseidon,condorpool,poseidon-worker-2-container-40-47,xgboost_hp_tuning,/srv/xgboost_hp_tuning,,146.3,0,0,0.1,157972737.0,40.0,3321.0,2.0,100.0,3.2,7898636.8,4.0
xgboost_hp_tuning_ID0000020_pegasus-plan_ID0000012,hdd_5,compute,0,1677055941.0,,,1677055946.0,1677056827.0,1677056897.0,10413871.5,1677056867.0,1677057052.0,1677056999.0,1677057003.0,253.0,1677057052.0,1677057057.0,5.0,,921.0,185.0,5.0,70.0,502672266.0,4.0,1063.0,poseidon,condorpool,poseidon-worker-2-container-16-23,xgboost_hp_tuning,/srv/xgboost_hp_tuning,,108.5,0,0,0.1,157972733.0,40.0,3321.0,2.0,94.5,3.7,7898636.6,4.0
xgboost_hp_tuning_ID0000022_pegasus-plan_ID0000012,hdd_5,compute,0,1677055941.0,,,1677055946.0,1677056808.0,1677056853.0,51421934.3,1677056848.0,1677056997.0,1677056943.0,1677056948.0,257.0,1677056997.0,1677057002.0,5.0,,902.0,149.0,5.0,45.0,502672266.0,5.0,1063.0,poseidon,condorpool,poseidon-worker-3-container-24-31,xgboost_hp_tuning,/srv/xgboost_hp_tuning,,93.6,0,0,0.0,157966202.0,40.0,3303.0,2.0,44.3,2.8,15796620.2,4.0
xgboost_hp_tuning_ID0000001_pegasus-plan_ID0000020,hdd_5,compute,0,1677055941.0,,,1677055946.0,1677056437.0,1677056494.0,75036244.3,1677056477.0,1677056868.0,1677056814.0,1677056818.0,258.0,1677056868.0,1677056873.0,5.0,,531.0,391.0,5.0,57.0,1691153157.0,4.0,1063.0,poseidon,condorpool,poseidon-worker-2-container-32-39,xgboost_hp_tuning,/srv/xgboost_hp_tuning,,1608.1,0,0,0.1,1346553255.0,40.0,3711.0,2.0,1548.7,41.8,4809118.8,4.0
xgboost_hp_tuning_ID0000009_pegasus-plan_ID0000012,hdd_5,compute,0,1677055941.0,,,1677055946.0,1677056556.0,1677056599.0,51469503.7,1677056596.0,1677056847.0,1677056795.0,1677056799.0,263.0,1677056847.0,1677056852.0,5.0,,650.0,251.0,5.0,43.0,502672266.0,4.0,1061.0,poseidon,condorpool,poseidon-worker-3-container-24-31,xgboost_hp_tuning,/srv/xgboost_hp_tuning,,117.2,0,0,0.0,157970853.0,40.0,3319.0,2.0,105.5,3.6,7898542.7,4.0
xgboost_hp_tuning_ID0000008_pegasus-plan_ID0000012,hdd_5,compute,0,1677055941.0,,,1677055946.0,1677056827.0,1677056891.0,10422316.4,1677056867.0,1677057052.0,1677056999.0,1677057003.0,251.0,1677057052.0,1677057057.0,5.0,,921.0,185.0,5.0,64.0,502672266.0,4.0,1058.0,poseidon,condorpool,poseidon-worker-2-container-24-31,xgboost_hp_tuning,/srv/xgboost_hp_tuning,,172.2,0,0,0.1,157976560.0,40.0,3336.0,2.0,151.7,3.7,5265885.3,4.0
xgboost_hp_tuning_ID0000023_pegasus-plan_ID0000020,None,compute,0,1677055941.0,,,1677055946.0,1677056555.0,1677056585.0,75181694.4,1677056596.0,1677056998.0,1677056943.0,1677056948.0,263.0,1677056998.0,1677057003.0,5.0,,650.0,402.0,5.0,30.0,1691153157.0,5.0,1090.0,poseidon,condorpool,poseidon-worker-3-container-32-39,xgboost_hp_tuning,/srv/xgboost_hp_tuning,,1645.0,0,0,0.0,1346559036.0,40.0,3739.0,2.0,1575.8,52.1,4488530.1,4.0
xgboost_hp_tuning_ID0000011_pegasus-plan_ID0000020,hdd_5,compute,0,1677055941.0,,,1677055946.0,1677056034.0,1677056097.0,75175941.3,1677056074.0,1677056487.0,1677056433.0,1677056437.0,254.0,1677056487.0,1677056492.0,5.0,,128.0,413.0,5.0,63.0,1691153157.0,4.0,1051.0,poseidon,condorpool,poseidon-worker-2-container-8-15,xgboost_hp_tuning,/srv/xgboost_hp_tuning,,1811.7,0,0,0.0,1346567594.0,40.0,3771.0,2.0,1714.8,58.8,4208023.7,4.0
xgboost_hp_tuning_ID0000022_pegasus-plan_ID0000020,hdd_5,compute,0,1677055941.0,,,1677055946.0,1677056034.0,1677056097.0,75199199.5,1677056074.0,1677056477.0,1677056424.0,1677056428.0,258.0,1677056477.0,1677056482.0,5.0,,128.0,403.0,5.0,63.0,1691153157.0,4.0,1064.0,poseidon,condorpool,poseidon-worker-2-container-32-39,xgboost_hp_tuning,/srv/xgboost_hp_tuning,,1807.2,0,0,0.1,1346563960.0,40.0,3756.0,2.0,1707.9,53.3,4343754.7,4.0
xgboost_hp_tuning_ID0000011_pegasus-plan_ID0000012,hdd_5,compute,0,1677055941.0,,,1677055946.0,1677056808.0,1677056850.0,51483741.3,1677056848.0,1677056997.0,1677056943.0,1677056948.0,254.0,1677056997.0,1677057002.0,5.0,,902.0,149.0,5.0,42.0,502672266.0,5.0,1051.0,poseidon,condorpool,poseidon-worker-3-container-0-7,xgboost_hp_tuning,/srv/xgboost_hp_tuning,,98.9,0,0,0.0,157966130.0,40.0,3303.0,2.0,47.3,2.5,15796613.0,4.0
xgboost_hp_tuning_ID0000019_pegasus-plan_ID0000012,hdd_5,compute,0,1677055941.0,,,1677055946.0,1677056827.0,1677056936.0,10422558.3,1677056867.0,1677057052.0,1677056999.0,1677057003.0,253.0,1677057052.0,1677057057.0,5.0,,921.0,185.0,5.0,109.0,502672266.0,4.0,1059.0,poseidon,condorpool,poseidon-worker-2-container-0-7,xgboost_hp_tuning,/srv/xgboost_hp_tuning,,91.4,0,0,0.1,157968009.0,40.0,3305.0,2.0,46.0,2.5,15796800.9,4.0
xgboost_hp_tuning_ID0000017_pegasus-plan_ID0000012,hdd_5,compute,0,1677055941.0,,,1677055946.0,1677056918.0,1677056961.0,51336738.0,1677056958.0,1677057112.0,1677057056.0,1677057060.0,253.0,1677057112.0,1677057117.0,5.0,,1012.0,154.0,5.0,43.0,502672266.0,4.0,1053.0,poseidon,condorpool,poseidon-worker-1-container-0-7,xgboost_hp_tuning,/srv/xgboost_hp_tuning,,182.2,0,0,0.1,157976486.0,40.0,3336.0,2.0,154.6,3.1,5265882.9,4.0
xgboost_hp_tuning_ID0000018_pegasus-plan_ID0000012,hdd_5,compute,0,1677055941.0,,,1677055946.0,1677056827.0,1677056907.0,10434282.2,1677056867.0,1677057052.0,1677056999.0,1677057003.0,252.0,1677057052.0,1677057057.0,5.0,,921.0,185.0,5.0,80.0,502672266.0,4.0,1056.0,poseidon,condorpool,poseidon-worker-2-container-8-15,xgboost_hp_tuning,/srv/xgboost_hp_tuning,,121.1,0,0,0.1,157972692.0,40.0,3321.0,2.0,88.9,3.2,7898634.6,4.0
xgboost_hp_tuning_ID0000009_pegasus-plan_ID0000020,hdd_5,compute,0,1677055941.0,,,1677055946.0,1677056032.0,1677056094.0,30660435.7,1677056072.0,1677056823.0,1677056769.0,1677056773.0,257.0,1677056823.0,1677056828.0,5.0,,126.0,751.0,5.0,62.0,1691153157.0,4.0,1058.0,poseidon,condorpool,poseidon-worker-1-container-40-47,xgboost_hp_tuning,/srv/xgboost_hp_tuning,,1943.4,0,0,0.1,1346567723.0,40.0,3771.0,2.0,1839.1,52.8,4208024.1,4.0
xgboost_hp_tuning_ID0000023_pegasus-plan_ID0000012,hdd_5,compute,0,1677055941.0,,,1677055946.0,1677057012.0,1677057061.0,51270586.0,1677057053.0,1677057207.0,1677057153.0,1677057157.0,262.0,1677057207.0,1677057212.0,5.0,,1107.0,154.0,5.0,49.0,502672266.0,4.0,1092.0,poseidon,condorpool,poseidon-worker-2-container-32-39,xgboost_hp_tuning,/srv/xgboost_hp_tuning,,104.2,0,0,0.1,157968070.0,40.0,3305.0,2.0,42.9,2.9,15796807.0,4.0
xgboost_hp_tuning_ID0000012_pegasus-plan_ID0000012,hdd_5,compute,0,1677055941.0,,,1677055946.0,1677057012.0,1677057050.0,51177261.7,1677057053.0,1677057207.0,1677057153.0,1677057157.0,253.0,1677057207.0,1677057212.0,5.0,,1107.0,154.0,5.0,38.0,502672266.0,4.0,1051.0,poseidon,condorpool,poseidon-worker-2-container-16-23,xgboost_hp_tuning,/srv/xgboost_hp_tuning,,132.4,0,0,0.1,157972727.0,40.0,3321.0,2.0,112.7,3.9,7898636.4,4.0
xgboost_hp_tuning_ID0000001_pegasus-plan_ID0000012,hdd_5,compute,0,1677055941.0,,,1677055946.0,1677056957.0,1677057000.0,51386512.0,1677056997.0,1677057147.0,1677057093.0,1677057097.0,256.0,1677057147.0,1677057152.0,5.0,,1051.0,150.0,5.0,43.0,502672266.0,4.0,1063.0,poseidon,condorpool,poseidon-worker-3-container-16-23,xgboost_hp_tuning,/srv/xgboost_hp_tuning,,117.1,0,0,0.0,157970858.0,40.0,3319.0,2.0,100.9,3.8,7898542.9,4.0
xgboost_hp_tuning_ID0000013_pegasus-plan_ID0000012,None,compute,0,1677055941.0,,,1677055946.0,1677056957.0,1677056973.0,51553797.7,1677056997.0,1677057147.0,1677057093.0,1677057097.0,254.0,1677057147.0,1677057152.0,5.0,,1051.0,150.0,5.0,16.0,502672266.0,4.0,1055.0,poseidon,condorpool,poseidon-worker-3-container-32-39,xgboost_hp_tuning,/srv/xgboost_hp_tuning,,81.1,0,0,0.0,157966196.0,40.0,3303.0,2.0,42.1,2.8,15796619.6,4.0
xgboost_hp_tuning_ID0000002_pegasus-plan_ID0000012,hdd_5,compute,0,1677055941.0,,,1677055946.0,1677056957.0,1677057000.0,51452835.3,1677056997.0,1677057147.0,1677057093.0,1677057097.0,255.0,1677057147.0,1677057152.0,5.0,,1051.0,150.0,5.0,43.0,502672266.0,4.0,1060.0,poseidon,condorpool,poseidon-worker-3-container-0-7,xgboost_hp_tuning,/srv/xgboost_hp_tuning,,98.4,0,0,0.0,157966130.0,40.0,3303.0,2.0,43.6,3.0,15796613.0,4.0
xgboost_hp_tuning_ID0000007_pegasus-plan_ID0000012,hdd_5,compute,0,1677055941.0,,,1677055946.0,1677056827.0,1677056907.0,10440428.9,1677056867.0,1677057052.0,1677056999.0,1677057003.0,254.0,1677057052.0,1677057057.0,5.0,,921.0,185.0,5.0,80.0,502672266.0,4.0,1066.0,poseidon,condorpool,poseidon-worker-2-container-32-39,xgboost_hp_tuning,/srv/xgboost_hp_tuning,,121.7,0,0,0.1,157972724.0,40.0,3321.0,2.0,95.6,2.9,7898636.2,4.0
xgboost_hp_tuning_ID0000014_pegasus-plan_ID0000012,None,compute,0,1677055941.0,,,1677055946.0,1677056957.0,1677056973.0,51537945.3,1677056997.0,1677057147.0,1677057093.0,1677057097.0,254.0,1677057147.0,1677057152.0,5.0,,1051.0,150.0,5.0,16.0,502672266.0,4.0,1051.0,poseidon,condorpool,poseidon-worker-3-container-8-15,xgboost_hp_tuning,/srv/xgboost_hp_tuning,,107.3,0,0,0.0,157966165.0,40.0,3303.0,2.0,44.7,2.8,15796616.5,4.0
xgboost_hp_tuning_ID0000015_pegasus-plan_ID0000012,hdd_5,compute,0,1677055941.0,,,1677055946.0,1677056918.0,1677056961.0,51305490.3,1677056958.0,1677057112.0,1677057056.0,1677057060.0,252.0,1677057112.0,1677057117.0,5.0,,1012.0,154.0,5.0,43.0,502672266.0,4.0,1052.0,poseidon,condorpool,poseidon-worker-1-container-8-15,xgboost_hp_tuning,/srv/xgboost_hp_tuning,,169.5,0,0,0.0,157976522.0,40.0,3336.0,2.0,137.0,3.8,5265884.1,4.0
xgboost_hp_tuning_ID0000004_pegasus-plan_ID0000012,hdd_5,compute,0,1677055941.0,,,1677055946.0,1677056918.0,1677056961.0,51291304.3,1677056958.0,1677057112.0,1677057056.0,1677057060.0,254.0,1677057112.0,1677057117.0,5.0,,1012.0,154.0,5.0,43.0,502672266.0,4.0,1062.0,poseidon,condorpool,poseidon-worker-1-container-24-31,xgboost_hp_tuning,/srv/xgboost_hp_tuning,,145.0,0,0,0.1,157972736.0,40.0,3321.0,2.0,94.4,2.8,7898636.8,4.0
xgboost_hp_tuning_ID0000016_pegasus-plan_ID0000012,None,compute,0,1677055941.0,,,1677055946.0,1677056918.0,1677056935.0,51292514.3,1677056958.0,1677057112.0,1677057056.0,1677057060.0,253.0,1677057112.0,1677057117.0,5.0,,1012.0,154.0,5.0,17.0,502672266.0,4.0,1055.0,poseidon,condorpool,poseidon-worker-1-container-16-23,xgboost_hp_tuning,/srv/xgboost_hp_tuning,,106.2,0,0,0.1,157968071.0,40.0,3305.0,2.0,44.1,3.1,15796807.1,4.0
xgboost_hp_tuning_ID0000005_pegasus-plan_ID0000012,hdd_5,compute,0,1677055941.0,,,1677055946.0,1677056918.0,1677056964.0,51132259.3,1677056958.0,1677057112.0,1677057056.0,1677057060.0,256.0,1677057112.0,1677057117.0,5.0,,1012.0,154.0,5.0,46.0,502672266.0,4.0,1076.0,poseidon,condorpool,poseidon-worker-1-container-40-47,xgboost_hp_tuning,/srv/xgboost_hp_tuning,,135.5,0,0,0.1,157972731.0,40.0,3321.0,2.0,105.9,3.2,7898636.5,4.0
xgboost_hp_tuning_ID0000010_pegasus-plan_ID0000020,hdd_5,compute,0,1677055941.0,,,1677055946.0,1677056034.0,1677056098.0,74930659.1,1677056074.0,1677056868.0,1677056814.0,1677056818.0,254.0,1677056868.0,1677056873.0,5.0,,128.0,794.0,5.0,64.0,1691153157.0,4.0,1048.0,poseidon,condorpool,poseidon-worker-2-container-24-31,xgboost_hp_tuning,/srv/xgboost_hp_tuning,,2163.0,0,0,0.0,1346590597.0,40.0,3861.0,2.0,2082.2,62.4,3543659.5,4.0
xgboost_hp_tuning_ID0000006_pegasus-plan_ID0000012,hdd_5,compute,0,1677055941.0,,,1677055946.0,1677056918.0,1677056961.0,51325522.0,1677056958.0,1677057112.0,1677057056.0,1677057060.0,254.0,1677057112.0,1677057117.0,5.0,,1012.0,154.0,5.0,43.0,502672266.0,4.0,1064.0,poseidon,condorpool,poseidon-worker-1-container-32-39,xgboost_hp_tuning,/srv/xgboost_hp_tuning,,204.4,0,0,0.1,157976565.0,40.0,3336.0,2.0,164.4,3.0,5265885.5,4.0
xgboost_hp_tuning_ID0000003_pegasus-plan_ID0000012,hdd_5,compute,0,1677055941.0,,,1677055946.0,1677056957.0,1677057001.0,51359732.3,1677056997.0,1677057147.0,1677057093.0,1677057097.0,257.0,1677057147.0,1677057152.0,5.0,,1051.0,150.0,5.0,44.0,502672266.0,4.0,1067.0,poseidon,condorpool,poseidon-worker-3-container-24-31,xgboost_hp_tuning,/srv/xgboost_hp_tuning,,113.1,0,0,0.0,157970852.0,40.0,3319.0,2.0,106.8,3.3,7898542.6,4.0
xgboost_hp_tuning_ID0000021_pegasus-plan_ID0000020,hdd_5,compute,0,1677055941.0,,,1677055946.0,1677056034.0,1677056097.0,75133261.5,1677056074.0,1677056868.0,1677056814.0,1677056818.0,256.0,1677056868.0,1677056873.0,5.0,,128.0,794.0,5.0,63.0,1691153157.0,4.0,1063.0,poseidon,condorpool,poseidon-worker-2-container-16-23,xgboost_hp_tuning,/srv/xgboost_hp_tuning,,2162.5,0,0,0.0,1346590575.0,40.0,3861.0,2.0,2093.3,63.9,3543659.4,4.0
xgboost_hp_tuning_ID0000007_pegasus-plan_ID0000020,None,compute,0,1677055941.0,,,1677055946.0,1677056038.0,1677056067.0,75228669.7,1677056078.0,1677056467.0,1677056413.0,1677056417.0,265.0,1677056467.0,1677056472.0,5.0,,132.0,389.0,5.0,29.0,1691153157.0,4.0,1069.0,poseidon,condorpool,poseidon-worker-3-container-32-39,xgboost_hp_tuning,/srv/xgboost_hp_tuning,,1828.1,0,0,0.1,1346555428.0,289.0,3726.0,4.0,1731.3,53.2,4809126.5,14.4
xgboost_hp_tuning_ID0000008_pegasus-plan_ID0000020,hdd_5,compute,0,1677055941.0,,,1677055946.0,1677056034.0,1677056098.0,75177414.5,1677056074.0,1677056868.0,1677056814.0,1677056818.0,257.0,1677056868.0,1677056873.0,5.0,,128.0,794.0,5.0,64.0,1691153157.0,4.0,1058.0,poseidon,condorpool,poseidon-worker-2-container-40-47,xgboost_hp_tuning,/srv/xgboost_hp_tuning,,2230.9,0,0,0.0,1346591550.0,40.0,3861.0,2.0,2113.8,73.0,3543662.0,4.0
xgboost_hp_tuning_ID0000021_pegasus-plan_ID0000016,hdd_5,compute,0,1677055941.0,,,1677055946.0,1677055907.0,1677055950.0,45717442.2,1677055947.0,1677056076.0,1677056019.0,1677056023.0,256.0,1677056076.0,1677056081.0,5.0,,1.0,129.0,5.0,43.0,377646203.0,4.0,1061.0,poseidon,condorpool,poseidon-worker-1-container-40-47,xgboost_hp_tuning,/srv/xgboost_hp_tuning,,15.5,0,0,,,,,,,,,
xgboost_hp_tuning_ID0000022_pegasus-plan_ID0000016,hdd_5,compute,0,1677055941.0,,,1677055946.0,1677055907.0,1677055938.0,45552770.2,1677055947.0,1677056076.0,1677056021.0,1677056025.0,252.0,1677056076.0,1677056081.0,5.0,,1.0,129.0,5.0,31.0,377646203.0,4.0,1062.0,poseidon,condorpool,poseidon-worker-2-container-0-7,xgboost_hp_tuning,/srv/xgboost_hp_tuning,,16.3,0,0,,,,,,,,,
xgboost_hp_tuning_ID0000011_pegasus-plan_ID0000016,None,compute,0,1677055941.0,,,1677055946.0,1677055907.0,1677055927.0,31037219.2,1677055947.0,1677056081.0,1677056025.0,1677056029.0,254.0,1677056081.0,1677056086.0,5.0,,1.0,134.0,5.0,20.0,377646203.0,4.0,1050.0,poseidon,condorpool,poseidon-worker-3-container-32-39,xgboost_hp_tuning,/srv/xgboost_hp_tuning,,13.8,0,0,,,,,,,,,
xgboost_hp_tuning_ID0000009_pegasus-plan_ID0000016,hdd_5,compute,0,1677055941.0,,,1677055946.0,1677055907.0,1677055953.0,44999157.8,1677055947.0,1677056076.0,1677056021.0,1677056025.0,252.0,1677056076.0,1677056081.0,5.0,,1.0,129.0,5.0,46.0,377646203.0,4.0,1059.0,poseidon,condorpool,poseidon-worker-2-container-40-47,xgboost_hp_tuning,/srv/xgboost_hp_tuning,,13.8,0,0,,,,,,,,,
xgboost_hp_tuning_ID0000012_pegasus-plan_ID0000020,hdd_5,compute,0,1677055941.0,,,1677055946.0,1677056446.0,1677056476.0,75057632.1,1677056486.0,1677056868.0,1677056814.0,1677056818.0,254.0,1677056868.0,1677056873.0,5.0,,540.0,382.0,5.0,30.0,1691153157.0,4.0,1048.0,poseidon,condorpool,poseidon-worker-2-container-8-15,xgboost_hp_tuning,/srv/xgboost_hp_tuning,,1839.6,0,0,0.1,1346564600.0,40.0,3756.0,2.0,1763.5,43.6,4343756.8,4.0
xgboost_hp_tuning_ID0000006_pegasus-plan_ID0000020,hdd_5,compute,0,1677055941.0,,,1677055946.0,1677056040.0,1677056100.0,75295516.5,1677056080.0,1677056467.0,1677056415.0,1677056419.0,262.0,1677056467.0,1677056472.0,5.0,,134.0,387.0,5.0,60.0,1691153157.0,4.0,1067.0,poseidon,condorpool,poseidon-worker-3-container-16-23,xgboost_hp_tuning,/srv/xgboost_hp_tuning,,1697.4,0,0,0.0,1346543185.0,287.0,3681.0,4.0,1603.1,58.9,5386172.7,14.3
xgboost_hp_tuning_ID0000017_pegasus-plan_ID0000020,hdd_5,compute,0,1677055941.0,,,1677055946.0,1677056040.0,1677056084.0,75211784.7,1677056080.0,1677056477.0,1677056423.0,1677056427.0,256.0,1677056477.0,1677056482.0,5.0,,134.0,397.0,5.0,44.0,1691153157.0,4.0,1056.0,poseidon,condorpool,poseidon-worker-3-container-40-47,xgboost_hp_tuning,/srv/xgboost_hp_tuning,,1858.7,0,0,0.0,1346554603.0,287.0,3726.0,4.0,1745.0,51.8,4809123.6,14.3
xgboost_hp_tuning_ID0000005_pegasus-plan_ID0000020,hdd_5,compute,0,1677055941.0,,,1677055946.0,1677056040.0,1677056094.0,75297545.7,1677056080.0,1677056848.0,1677056795.0,1677056799.0,263.0,1677056848.0,1677056853.0,5.0,,134.0,768.0,5.0,54.0,1691153157.0,4.0,1075.0,poseidon,condorpool,poseidon-worker-3-container-0-7,xgboost_hp_tuning,/srv/xgboost_hp_tuning,,2175.7,0,0,0.0,1346577216.0,287.0,3816.0,4.0,2084.3,58.5,3960521.2,14.3
xgboost_hp_tuning_ID0000016_pegasus-plan_ID0000020,hdd_5,compute,0,1677055941.0,,,1677055946.0,1677056406.0,1677056462.0,75120022.1,1677056446.0,1677056958.0,1677056905.0,1677056909.0,253.0,1677056958.0,1677056963.0,5.0,,500.0,512.0,5.0,56.0,1691153157.0,4.0,1055.0,poseidon,condorpool,poseidon-worker-1-container-24-31,xgboost_hp_tuning,/srv/xgboost_hp_tuning,,1760.0,0,0,0.1,1346564586.0,40.0,3756.0,2.0,1680.2,54.0,4343756.7,4.0
xgboost_hp_tuning_ID0000004_pegasus-plan_ID0000020,None,compute,0,1677055941.0,,,1677055946.0,1677056406.0,1677056436.0,75024615.1,1677056446.0,1677056958.0,1677056905.0,1677056909.0,255.0,1677056958.0,1677056963.0,5.0,,500.0,512.0,5.0,30.0,1691153157.0,4.0,1062.0,poseidon,condorpool,poseidon-worker-1-container-16-23,xgboost_hp_tuning,/srv/xgboost_hp_tuning,,1952.6,0,0,0.0,1346576046.0,40.0,3801.0,2.0,1828.7,57.5,3960517.8,4.0
xgboost_hp_tuning_ID0000015_pegasus-plan_ID0000020,hdd_5,compute,0,1677055941.0,,,1677055946.0,1677056406.0,1677056461.0,75056703.6,1677056446.0,1677056958.0,1677056905.0,1677056909.0,254.0,1677056958.0,1677056963.0,5.0,,500.0,512.0,5.0,55.0,1691153157.0,4.0,1053.0,poseidon,condorpool,poseidon-worker-1-container-0-7,xgboost_hp_tuning,/srv/xgboost_hp_tuning,,1877.8,0,0,0.1,1346571938.0,40.0,3786.0,2.0,1759.0,71.9,4080521.0,4.0
xgboost_hp_tuning_ID0000003_pegasus-plan_ID0000020,hdd_5,compute,0,1677055941.0,,,1677055946.0,1677056406.0,1677056460.0,75095756.5,1677056446.0,1677056958.0,1677056905.0,1677056909.0,254.0,1677056958.0,1677056963.0,5.0,,500.0,512.0,5.0,54.0,1691153157.0,4.0,1068.0,poseidon,condorpool,poseidon-worker-1-container-8-15,xgboost_hp_tuning,/srv/xgboost_hp_tuning,,1881.9,0,0,0.1,1346572102.0,40.0,3786.0,2.0,1832.7,49.1,4080521.5,4.0
xgboost_hp_tuning_ID0000014_pegasus-plan_ID0000020,hdd_5,compute,0,1677055941.0,,,1677055946.0,1677056406.0,1677056463.0,74825608.5,1677056446.0,1677056958.0,1677056905.0,1677056909.0,254.0,1677056958.0,1677056963.0,5.0,,500.0,512.0,5.0,57.0,1691153157.0,4.0,1056.0,poseidon,condorpool,poseidon-worker-1-container-32-39,xgboost_hp_tuning,/srv/xgboost_hp_tuning,,1966.4,0,0,0.0,1346576035.0,40.0,3801.0,2.0,1878.3,50.8,3960517.8,4.0
xgboost_hp_tuning_ID0000002_pegasus-plan_ID0000020,hdd_5,compute,0,1677055941.0,,,1677055946.0,1677056428.0,1677056484.0,75248344.2,1677056468.0,1677056998.0,1677056943.0,1677056948.0,256.0,1677056998.0,1677057003.0,5.0,,522.0,530.0,5.0,56.0,1691153157.0,5.0,1062.0,poseidon,condorpool,poseidon-worker-3-container-16-23,xgboost_hp_tuning,/srv/xgboost_hp_tuning,,1744.6,0,0,0.1,1346566755.0,40.0,3769.0,2.0,1672.4,58.4,4208021.1,4.0
xgboost_hp_tuning_ID0000013_pegasus-plan_ID0000020,hdd_5,compute,0,1677055941.0,,,1677055946.0,1677056436.0,1677056490.0,75247089.9,1677056476.0,1677056998.0,1677056943.0,1677056948.0,256.0,1677056998.0,1677057003.0,5.0,,530.0,522.0,5.0,54.0,1691153157.0,5.0,1055.0,poseidon,condorpool,poseidon-worker-3-container-40-47,xgboost_hp_tuning,/srv/xgboost_hp_tuning,,1737.8,0,0,0.0,1346562889.0,40.0,3754.0,2.0,1647.1,47.2,4343751.3,4.0
xgboost_hp_tuning_ID0000020_pegasus-plan_ID0000016,hdd_5,compute,0,1677055941.0,,,1677055946.0,1677055907.0,1677055950.0,45723173.5,1677055947.0,1677056076.0,1677056019.0,1677056023.0,256.0,1677056076.0,1677056081.0,5.0,,1.0,129.0,5.0,43.0,377646203.0,4.0,1063.0,poseidon,condorpool,poseidon-worker-1-container-32-39,xgboost_hp_tuning,/srv/xgboost_hp_tuning,,15.1,0,0,,,,,,,,,
xgboost_hp_tuning_ID0000008_pegasus-plan_ID0000016,hdd_5,compute,0,1677055941.0,,,1677055946.0,1677055907.0,1677055930.0,23524114.0,1677055947.0,1677056081.0,1677056025.0,1677056029.0,257.0,1677056081.0,1677056086.0,5.0,,1.0,134.0,5.0,23.0,377646203.0,4.0,1059.0,poseidon,condorpool,poseidon-worker-3-container-24-31,xgboost_hp_tuning,/srv/xgboost_hp_tuning,,13.9,0,0,,,,,,,,,
xgboost_hp_tuning_ID0000019_pegasus-plan_ID0000016,hdd_5,compute,0,1677055941.0,,,1677055946.0,1677055907.0,1677055958.0,31056600.0,1677055947.0,1677056081.0,1677056027.0,1677056031.0,255.0,1677056081.0,1677056086.0,5.0,,1.0,134.0,5.0,51.0,377646203.0,4.0,1057.0,poseidon,condorpool,poseidon-worker-3-container-16-23,xgboost_hp_tuning,/srv/xgboost_hp_tuning,,13.0,0,0,,,,,,,,,
xgboost_hp_tuning_ID0000007_pegasus-plan_ID0000016,None,compute,0,1677055941.0,,,1677055946.0,1677055907.0,1677055923.0,45605157.5,1677055947.0,1677056071.0,1677056017.0,1677056021.0,259.0,1677056071.0,1677056076.0,5.0,,1.0,124.0,5.0,16.0,377646203.0,4.0,1066.0,poseidon,condorpool,poseidon-worker-1-container-16-23,xgboost_hp_tuning,/srv/xgboost_hp_tuning,,15.5,0,0,,,,,,,,,
xgboost_hp_tuning_ID0000019_pegasus-plan_ID0000020,None,compute,0,1677055941.0,,,1677055946.0,1677056038.0,1677056067.0,75226370.2,1677056078.0,1677056848.0,1677056795.0,1677056799.0,261.0,1677056848.0,1677056853.0,5.0,,132.0,770.0,5.0,29.0,1691153157.0,4.0,1059.0,poseidon,condorpool,poseidon-worker-3-container-8-15,xgboost_hp_tuning,/srv/xgboost_hp_tuning,,3572.8,0,0,0.0,1346646020.0,287.0,4086.0,4.0,3424.2,93.8,2589703.9,14.3
xgboost_hp_tuning_ID0000018_pegasus-plan_ID0000020,hdd_5,compute,0,1677055941.0,,,1677055946.0,1677056038.0,1677056100.0,75071967.1,1677056078.0,1677056597.0,1677056543.0,1677056547.0,258.0,1677056597.0,1677056602.0,5.0,,132.0,519.0,5.0,62.0,1691153157.0,4.0,1055.0,poseidon,condorpool,poseidon-worker-3-container-24-31,xgboost_hp_tuning,/srv/xgboost_hp_tuning,,1783.3,0,0,0.0,1346550868.0,287.0,3711.0,4.0,1675.2,62.8,4987225.4,14.3
xgboost_hp_tuning_ID0000023_pegasus-plan_ID0000016,hdd_5,compute,0,1677055941.0,,,1677055946.0,1677056032.0,1677056087.0,9160375.9,1677056072.0,1677056446.0,1677056393.0,1677056397.0,261.0,1677056446.0,1677056451.0,5.0,,126.0,374.0,5.0,55.0,377646203.0,4.0,1092.0,poseidon,condorpool,poseidon-worker-1-container-24-31,xgboost_hp_tuning,/srv/xgboost_hp_tuning,,19.2,0,0,,,,,,,,,
xgboost_hp_tuning_ID0000012_pegasus-plan_ID0000016,hdd_5,compute,0,1677055941.0,,,1677055946.0,1677056032.0,1677056087.0,9161704.7,1677056072.0,1677056446.0,1677056393.0,1677056397.0,249.0,1677056446.0,1677056451.0,5.0,,126.0,374.0,5.0,55.0,377646203.0,4.0,1048.0,poseidon,condorpool,poseidon-worker-1-container-32-39,xgboost_hp_tuning,/srv/xgboost_hp_tuning,,16.7,0,0,,,,,,,,,
xgboost_hp_tuning_ID0000001_pegasus-plan_ID0000016,hdd_5,compute,0,1677055941.0,,,1677055946.0,1677056032.0,1677056081.0,9161533.9,1677056072.0,1677056446.0,1677056393.0,1677056397.0,253.0,1677056446.0,1677056451.0,5.0,,126.0,374.0,5.0,49.0,377646203.0,4.0,1062.0,poseidon,condorpool,poseidon-worker-1-container-0-7,xgboost_hp_tuning,/srv/xgboost_hp_tuning,,22.0,0,0,,,,,,,,,
xgboost_hp_tuning_ID0000013_pegasus-plan_ID0000016,hdd_5,compute,0,1677055941.0,,,1677055946.0,1677056032.0,1677056086.0,9165449.0,1677056072.0,1677056446.0,1677056393.0,1677056397.0,251.0,1677056446.0,1677056451.0,5.0,,126.0,374.0,5.0,54.0,377646203.0,4.0,1054.0,poseidon,condorpool,poseidon-worker-1-container-8-15,xgboost_hp_tuning,/srv/xgboost_hp_tuning,,24.5,0,0,,,,,,,,,
xgboost_hp_tuning_ID0000002_pegasus-plan_ID0000016,None,compute,0,1677055941.0,,,1677055946.0,1677056030.0,1677056078.0,9163199.0,1677056070.0,1677056446.0,1677056393.0,1677056397.0,253.0,1677056446.0,1677056451.0,5.0,,124.0,376.0,5.0,48.0,377646203.0,4.0,1061.0,poseidon,condorpool,poseidon-worker-1-container-16-23,xgboost_hp_tuning,/srv/xgboost_hp_tuning,,20.1,0,0,,,,,,,,,
xgboost_hp_tuning_ID0000020_pegasus-plan_ID0000020,hdd_5,compute,0,1677055941.0,,,1677055946.0,1677056034.0,1677056081.0,75078158.5,1677056074.0,1677056868.0,1677056814.0,1677056818.0,257.0,1677056868.0,1677056873.0,5.0,,128.0,794.0,5.0,47.0,1691153157.0,4.0,1060.0,poseidon,condorpool,poseidon-worker-2-container-0-7,xgboost_hp_tuning,/srv/xgboost_hp_tuning,,2120.2,0,0,0.1,1346591247.0,40.0,3861.0,2.0,2063.4,47.9,3543661.2,4.0
xgboost_hp_tuning_ID0000014_pegasus-plan_ID0000016,hdd_5,compute,0,1677055941.0,,,1677055946.0,1677055907.0,1677055951.0,45678694.0,1677055947.0,1677056076.0,1677056021.0,1677056025.0,252.0,1677056076.0,1677056081.0,5.0,,1.0,129.0,5.0,44.0,377646203.0,4.0,1055.0,poseidon,condorpool,poseidon-worker-2-container-8-15,xgboost_hp_tuning,/srv/xgboost_hp_tuning,,17.7,0,0,,,,,,,,,
xgboost_hp_tuning_ID0000015_pegasus-plan_ID0000016,hdd_5,compute,0,1677055941.0,,,1677055946.0,1677055907.0,1677055951.0,45538582.2,1677055947.0,1677056076.0,1677056021.0,1677056025.0,251.0,1677056076.0,1677056081.0,5.0,,1.0,129.0,5.0,44.0,377646203.0,4.0,1055.0,poseidon,condorpool,poseidon-worker-2-container-24-31,xgboost_hp_tuning,/srv/xgboost_hp_tuning,,15.4,0,0,,,,,,,,,
xgboost_hp_tuning_ID0000004_pegasus-plan_ID0000016,hdd_5,compute,0,1677055941.0,,,1677055946.0,1677055907.0,1677055950.0,45737186.0,1677055947.0,1677056076.0,1677056019.0,1677056023.0,254.0,1677056076.0,1677056081.0,5.0,,1.0,129.0,5.0,43.0,377646203.0,4.0,1065.0,poseidon,condorpool,poseidon-worker-1-container-0-7,xgboost_hp_tuning,/srv/xgboost_hp_tuning,,16.7,0,0,,,,,,,,,
xgboost_hp_tuning_ID0000016_pegasus-plan_ID0000016,hdd_5,compute,0,1677055941.0,,,1677055946.0,1677055907.0,1677055951.0,45492696.8,1677055947.0,1677056076.0,1677056021.0,1677056025.0,250.0,1677056076.0,1677056081.0,5.0,,1.0,129.0,5.0,44.0,377646203.0,4.0,1053.0,poseidon,condorpool,poseidon-worker-2-container-32-39,xgboost_hp_tuning,/srv/xgboost_hp_tuning,,15.5,0,0,,,,,,,,,
xgboost_hp_tuning_ID0000005_pegasus-plan_ID0000016,None,compute,0,1677055941.0,,,1677055946.0,1677055907.0,1677055927.0,31054649.2,1677055947.0,1677056081.0,1677056025.0,1677056029.0,264.0,1677056081.0,1677056086.0,5.0,,1.0,134.0,5.0,20.0,377646203.0,4.0,1081.0,poseidon,condorpool,poseidon-worker-3-container-8-15,xgboost_hp_tuning,/srv/xgboost_hp_tuning,,14.1,0,0,,,,,,,,,
xgboost_hp_tuning_ID0000017_pegasus-plan_ID0000016,hdd_5,compute,0,1677055941.0,,,1677055946.0,1677055907.0,1677055950.0,45606346.2,1677055947.0,1677056076.0,1677056019.0,1677056023.0,254.0,1677056076.0,1677056081.0,5.0,,1.0,129.0,5.0,43.0,377646203.0,4.0,1053.0,poseidon,condorpool,poseidon-worker-1-container-24-31,xgboost_hp_tuning,/srv/xgboost_hp_tuning,,25.0,0,0,,,,,,,,,
xgboost_hp_tuning_ID0000006_pegasus-plan_ID0000016,hdd_5,compute,0,1677055941.0,,,1677055946.0,1677055907.0,1677055951.0,30973893.0,1677055947.0,1677056081.0,1677056027.0,1677056031.0,255.0,1677056081.0,1677056086.0,5.0,,1.0,134.0,5.0,44.0,377646203.0,4.0,1066.0,poseidon,condorpool,poseidon-worker-3-container-0-7,xgboost_hp_tuning,/srv/xgboost_hp_tuning,,14.8,0,0,,,,,,,,,
xgboost_hp_tuning_ID0000018_pegasus-plan_ID0000016,hdd_5,compute,0,1677055941.0,,,1677055946.0,1677055907.0,1677055950.0,45615766.0,1677055947.0,1677056071.0,1677056019.0,1677056023.0,255.0,1677056071.0,1677056076.0,5.0,,1.0,124.0,5.0,43.0,377646203.0,4.0,1054.0,poseidon,condorpool,poseidon-worker-1-container-8-15,xgboost_hp_tuning,/srv/xgboost_hp_tuning,,15.0,0,0,,,,,,,,,
xgboost_hp_tuning_ID0000003_pegasus-plan_ID0000016,hdd_5,compute,0,1677055941.0,,,1677055946.0,1677055907.0,1677055949.0,45547953.8,1677055947.0,1677056076.0,1677056021.0,1677056025.0,253.0,1677056076.0,1677056081.0,5.0,,1.0,129.0,5.0,42.0,377646203.0,4.0,1066.0,poseidon,condorpool,poseidon-worker-2-container-16-23,xgboost_hp_tuning,/srv/xgboost_hp_tuning,,16.1,0,0,,,,,,,,,
xgboost_hp_tuning_ID0000010_pegasus-plan_ID0000016,hdd_5,compute,0,1677055941.0,,,1677055946.0,1677055907.0,1677055948.0,30930302.2,1677055947.0,1677056081.0,1677056027.0,1677056031.0,253.0,1677056081.0,1677056086.0,5.0,,1.0,134.0,5.0,41.0,377646203.0,4.0,1051.0,poseidon,condorpool,poseidon-worker-3-container-40-47,xgboost_hp_tuning,/srv/xgboost_hp_tuning,,18.4,0,0,,,,,,,,,
stage_out_local_condorpool_0_2_pegasus-plan_ID0000016,None,transfer,0,1677056451.0,,,1677056456.0,,,0.0,1677056456.0,1677056466.0,1677056457.0,1677056461.0,1842.0,1677056466.0,1677056471.0,5.0,,0.0,10.0,5.0,,,4.0,7426.0,poseidon,local,host-10-100-100-12.openstacklocal,pegasus::transfer,/home/poseidon/pegasus-5.1.0panorama/bin/pegasus-transfer,/home/poseidon/pegasus-5.1.0panorama/bin/../bin/pegasus-kickstart  -n pegasus::transfer -N null -i - -R local  -L xgboost_hp_tuning_group_1 -T 2023-02-22T08:51:22+00:00 /home/poseidon/pegasus-5.1.0panorama/bin/../bin/pegasus-transfer  --threads 2,1.0,0,0,,,,,,,,,
xgboost_best_params_ID0000024_pegasus-plan_ID0000016,None,compute,0,1677056451.0,,,1677056456.0,1677056426.0,1677056443.0,39853782.0,1677056466.0,1677056596.0,1677056543.0,1677056547.0,257.0,1677056596.0,1677056601.0,5.0,,10.0,130.0,5.0,17.0,368018662.0,4.0,1053.0,poseidon,condorpool,poseidon-worker-3-container-32-39,xgboost_best_params,/srv/xgboost_best_params,,0.0,0,0,,,,,,,,,
stage_out_local_condorpool_0_0_pegasus-plan_ID0000016,None,transfer,0,1677056451.0,,,1677056456.0,,,0.0,1677056456.0,1677056466.0,1677056457.0,1677056461.0,2099.0,1677056466.0,1677056471.0,5.0,,0.0,10.0,5.0,,,4.0,8468.0,poseidon,local,host-10-100-100-12.openstacklocal,pegasus::transfer,/home/poseidon/pegasus-5.1.0panorama/bin/pegasus-transfer,/home/poseidon/pegasus-5.1.0panorama/bin/../bin/pegasus-kickstart  -n pegasus::transfer -N null -i - -R local  -L xgboost_hp_tuning_group_1 -T 2023-02-22T08:51:22+00:00 /home/poseidon/pegasus-5.1.0panorama/bin/../bin/pegasus-transfer  --threads 2,1.1,0,0,,,,,,,,,
stage_out_local_condorpool_0_1_pegasus-plan_ID0000016,None,transfer,0,1677056451.0,,,1677056456.0,,,0.0,1677056456.0,1677056466.0,1677056457.0,1677056461.0,2108.0,1677056466.0,1677056471.0,5.0,,0.0,10.0,5.0,,,4.0,8499.0,poseidon,local,host-10-100-100-12.openstacklocal,pegasus::transfer,/home/poseidon/pegasus-5.1.0panorama/bin/pegasus-transfer,/home/poseidon/pegasus-5.1.0panorama/bin/../bin/pegasus-kickstart  -n pegasus::transfer -N null -i - -R local  -L xgboost_hp_tuning_group_1 -T 2023-02-22T08:51:22+00:00 /home/poseidon/pegasus-5.1.0panorama/bin/../bin/pegasus-transfer  --threads 2,1.1,0,0,,,,,,,,,
register_condorpool_0_0_pegasus-plan_ID0000016,None,auxiliary,0,1677056471.0,,,1677056476.0,,,0.0,1677056476.0,1677056481.0,,,0.0,1677056481.0,1677056486.0,5.0,,0.0,5.0,5.0,,,,,poseidon,local,host-10-100-100-12.openstacklocal,pegasus::rc-client,/home/poseidon/pegasus-5.1.0panorama/bin/pegasus-rc-client,"-n pegasus::rc-client -N null -R local  -L xgboost_hp_tuning_group_1 -T 2023-02-22T08:51:22+00:00 /home/poseidon/pegasus-5.1.0panorama/bin/pegasus-rc-client --prefix pegasus.catalog.replica.output --conf /home/poseidon/workflows/predict-future-sales-workflow/submit/poseidon/pegasus/predict-future-sales/run0082/00/00/./xgboost_hp_tuning_group_1.000/pegasus.2317123321707253298.properties -v --meta /home/poseidon/workflows/predict-future-sales-workflow/submit/poseidon/pegasus/predict-future-sales/run0082/00/00/./xgboost_hp_tuning_group_1.000/00/00/xgboost_hp_tuning_ID0000018.meta,/home/poseidon/workflows/predict-future-sales-workflow/submit/poseidon/pegasus/predict-future-sales/run0082/00/00/./xgboost_hp_tuning_group_1.000/00/00/xgboost_hp_tuning_ID0000009.meta,/home/poseidon/workflows/predict-future-sales-workflow/submit/poseidon/pegasus/predict-future-sales/run0082/00/00/./xgboost_hp_tuning_group_1.000/00/00/xgboost_hp_tuning_ID0000012.meta,/home/poseidon/workflows/predict-future-sales-workflow/submit/poseidon/pegasus/predict-future-sales/run0082/00/00/./xgboost_hp_tuning_group_1.000/00/00/xgboost_hp_tuning_ID0000008.meta,/home/poseidon/workflows/predict-future-sales-workflow/submit/poseidon/pegasus/predict-future-sales/run0082/00/00/./xgboost_hp_tuning_group_1.000/00/00/xgboost_hp_tuning_ID0000010.meta,/home/poseidon/workflows/predict-future-sales-workflow/submit/poseidon/pegasus/predict-future-sales/run0082/00/00/./xgboost_hp_tuning_group_1.000/00/00/xgboost_hp_tuning_ID0000002.meta,/home/poseidon/workflows/predict-future-sales-workflow/submit/poseidon/pegasus/predict-future-sales/run0082/00/00/./xgboost_hp_tuning_group_1.000/00/00/xgboost_hp_tuning_ID0000005.meta,/home/poseidon/workflows/predict-future-sales-workflow/submit/poseidon/pegasus/predict-future-sales/run0082/00/00/./xgboost_hp_tuning_group_1.000/00/00/xgboost_hp_tuning_ID0000015.meta --insert /home/poseidon/workflows/predict-future-sales-workflow/submit/poseidon/pegasus/predict-future-sales/run0082/00/00/./xgboost_hp_tuning_group_1.000/00/00/register_condorpool_0_0.in",3.1,0,0,,,,,,,,,
register_condorpool_0_1_pegasus-plan_ID0000016,None,auxiliary,0,1677056471.0,,,1677056496.0,,,0.0,1677056496.0,1677056501.0,,,0.0,1677056501.0,1677056506.0,25.0,,0.0,5.0,5.0,,,,,poseidon,local,host-10-100-100-12.openstacklocal,pegasus::rc-client,/home/poseidon/pegasus-5.1.0panorama/bin/pegasus-rc-client,"-n pegasus::rc-client -N null -R local  -L xgboost_hp_tuning_group_1 -T 2023-02-22T08:51:22+00:00 /home/poseidon/pegasus-5.1.0panorama/bin/pegasus-rc-client --prefix pegasus.catalog.replica.output --conf /home/poseidon/workflows/predict-future-sales-workflow/submit/poseidon/pegasus/predict-future-sales/run0082/00/00/./xgboost_hp_tuning_group_1.000/pegasus.2317123321707253298.properties -v --meta /home/poseidon/workflows/predict-future-sales-workflow/submit/poseidon/pegasus/predict-future-sales/run0082/00/00/./xgboost_hp_tuning_group_1.000/00/00/xgboost_hp_tuning_ID0000019.meta,/home/poseidon/workflows/predict-future-sales-workflow/submit/poseidon/pegasus/predict-future-sales/run0082/00/00/./xgboost_hp_tuning_group_1.000/00/00/xgboost_hp_tuning_ID0000003.meta,/home/poseidon/workflows/predict-future-sales-workflow/submit/poseidon/pegasus/predict-future-sales/run0082/00/00/./xgboost_hp_tuning_group_1.000/00/00/xgboost_hp_tuning_ID0000006.meta,/home/poseidon/workflows/predict-future-sales-workflow/submit/poseidon/pegasus/predict-future-sales/run0082/00/00/./xgboost_hp_tuning_group_1.000/00/00/xgboost_hp_tuning_ID0000016.meta,/home/poseidon/workflows/predict-future-sales-workflow/submit/poseidon/pegasus/predict-future-sales/run0082/00/00/./xgboost_hp_tuning_group_1.000/00/00/xgboost_hp_tuning_ID0000013.meta,/home/poseidon/workflows/predict-future-sales-workflow/submit/poseidon/pegasus/predict-future-sales/run0082/00/00/./xgboost_hp_tuning_group_1.000/00/00/xgboost_hp_tuning_ID0000023.meta,/home/poseidon/workflows/predict-future-sales-workflow/submit/poseidon/pegasus/predict-future-sales/run0082/00/00/./xgboost_hp_tuning_group_1.000/00/00/xgboost_hp_tuning_ID0000011.meta,/home/poseidon/workflows/predict-future-sales-workflow/submit/poseidon/pegasus/predict-future-sales/run0082/00/00/./xgboost_hp_tuning_group_1.000/00/00/xgboost_hp_tuning_ID0000021.meta --insert /home/poseidon/workflows/predict-future-sales-workflow/submit/poseidon/pegasus/predict-future-sales/run0082/00/00/./xgboost_hp_tuning_group_1.000/00/00/register_condorpool_0_1.in",3.1,0,0,,,,,,,,,
register_condorpool_0_2_pegasus-plan_ID0000016,None,auxiliary,0,1677056471.0,,,1677056486.0,,,0.0,1677056486.0,1677056491.0,,,0.0,1677056491.0,1677056496.0,15.0,,0.0,5.0,5.0,,,,,poseidon,local,host-10-100-100-12.openstacklocal,pegasus::rc-client,/home/poseidon/pegasus-5.1.0panorama/bin/pegasus-rc-client,"-n pegasus::rc-client -N null -R local  -L xgboost_hp_tuning_group_1 -T 2023-02-22T08:51:22+00:00 /home/poseidon/pegasus-5.1.0panorama/bin/pegasus-rc-client --prefix pegasus.catalog.replica.output --conf /home/poseidon/workflows/predict-future-sales-workflow/submit/poseidon/pegasus/predict-future-sales/run0082/00/00/./xgboost_hp_tuning_group_1.000/pegasus.2317123321707253298.properties -v --meta /home/poseidon/workflows/predict-future-sales-workflow/submit/poseidon/pegasus/predict-future-sales/run0082/00/00/./xgboost_hp_tuning_group_1.000/00/00/xgboost_hp_tuning_ID0000014.meta,/home/poseidon/workflows/predict-future-sales-workflow/submit/poseidon/pegasus/predict-future-sales/run0082/00/00/./xgboost_hp_tuning_group_1.000/00/00/xgboost_hp_tuning_ID0000001.meta,/home/poseidon/workflows/predict-future-sales-workflow/submit/poseidon/pegasus/predict-future-sales/run0082/00/00/./xgboost_hp_tuning_group_1.000/00/00/xgboost_hp_tuning_ID0000007.meta,/home/poseidon/workflows/predict-future-sales-workflow/submit/poseidon/pegasus/predict-future-sales/run0082/00/00/./xgboost_hp_tuning_group_1.000/00/00/xgboost_hp_tuning_ID0000004.meta,/home/poseidon/workflows/predict-future-sales-workflow/submit/poseidon/pegasus/predict-future-sales/run0082/00/00/./xgboost_hp_tuning_group_1.000/00/00/xgboost_hp_tuning_ID0000022.meta,/home/poseidon/workflows/predict-future-sales-workflow/submit/poseidon/pegasus/predict-future-sales/run0082/00/00/./xgboost_hp_tuning_group_1.000/00/00/xgboost_hp_tuning_ID0000020.meta,/home/poseidon/workflows/predict-future-sales-workflow/submit/poseidon/pegasus/predict-future-sales/run0082/00/00/./xgboost_hp_tuning_group_1.000/00/00/xgboost_hp_tuning_ID0000017.meta --insert /home/poseidon/workflows/predict-future-sales-workflow/submit/poseidon/pegasus/predict-future-sales/run0082/00/00/./xgboost_hp_tuning_group_1.000/00/00/register_condorpool_0_2.in",3.0,0,0,,,,,,,,,
stage_out_local_condorpool_1_0_pegasus-plan_ID0000016,None,transfer,0,1677056601.0,,,1677056606.0,,,0.0,1677056606.0,1677056616.0,1677056606.0,1677056610.0,1238.0,1677056616.0,1677056621.0,5.0,,0.0,10.0,5.0,,,4.0,5265.0,poseidon,local,host-10-100-100-12.openstacklocal,pegasus::transfer,/home/poseidon/pegasus-5.1.0panorama/bin/pegasus-transfer,/home/poseidon/pegasus-5.1.0panorama/bin/../bin/pegasus-kickstart  -n pegasus::transfer -N null -i - -R local  -L xgboost_hp_tuning_group_1 -T 2023-02-22T08:51:22+00:00 /home/poseidon/pegasus-5.1.0panorama/bin/../bin/pegasus-transfer  --threads 2,0.7,0,0,,,,,,,,,
register_condorpool_1_0_pegasus-plan_ID0000016,None,auxiliary,0,1677056621.0,,,1677056626.0,,,0.0,1677056626.0,1677056631.0,,,0.0,1677056631.0,1677056636.0,5.0,,0.0,5.0,5.0,,,,,poseidon,local,host-10-100-100-12.openstacklocal,pegasus::rc-client,/home/poseidon/pegasus-5.1.0panorama/bin/pegasus-rc-client,-n pegasus::rc-client -N null -R local  -L xgboost_hp_tuning_group_1 -T 2023-02-22T08:51:22+00:00 /home/poseidon/pegasus-5.1.0panorama/bin/pegasus-rc-client --prefix pegasus.catalog.replica.output --conf /home/poseidon/workflows/predict-future-sales-workflow/submit/poseidon/pegasus/predict-future-sales/run0082/00/00/./xgboost_hp_tuning_group_1.000/pegasus.2317123321707253298.properties -v --meta /home/poseidon/workflows/predict-future-sales-workflow/submit/poseidon/pegasus/predict-future-sales/run0082/00/00/./xgboost_hp_tuning_group_1.000/00/00/xgboost_best_params_ID0000024.meta --insert /home/poseidon/workflows/predict-future-sales-workflow/submit/poseidon/pegasus/predict-future-sales/run0082/00/00/./xgboost_hp_tuning_group_1.000/00/00/register_condorpool_1_0.in,3.0,0,0,,,,,,,,,
xgboost_model_ID0000017,hdd_5,compute,0,1677056641.0,,,1677056646.0,1677056782.0,1677056826.0,45540779.0,1677056822.0,1677056961.0,1677056905.0,1677056909.0,23954.0,1677056961.0,1677056966.0,5.0,,176.0,139.0,5.0,44.0,377645120.0,4.0,102035.0,poseidon,condorpool,poseidon-worker-1-container-40-47,xgboost_model,/srv/xgboost_model,,6.5,0,0,,,,,,,,,
stage_out_local_condorpool_0_2_pegasus-plan_ID0000020,None,transfer,0,1677056963.0,,,1677056968.0,,,0.0,1677056968.0,1677056978.0,1677056968.0,1677056972.0,1842.0,1677056978.0,1677056983.0,5.0,,0.0,10.0,5.0,,,4.0,7430.0,poseidon,local,host-10-100-100-12.openstacklocal,pegasus::transfer,/home/poseidon/pegasus-5.1.0panorama/bin/pegasus-transfer,/home/poseidon/pegasus-5.1.0panorama/bin/../bin/pegasus-kickstart  -n pegasus::transfer -N null -i - -R local  -L xgboost_hp_tuning_group_2 -T 2023-02-22T08:51:22+00:00 /home/poseidon/pegasus-5.1.0panorama/bin/../bin/pegasus-transfer  --threads 2,0.9,0,0,,,,,,,,,
model_predict_ID0000018,hdd_5,compute,0,1677056966.0,,,1677056972.0,1677056956.0,1677056990.0,44859465.5,1677056997.0,1677057147.0,1677057093.0,1677057097.0,5964.0,1677057147.0,1677057152.0,6.0,,25.0,150.0,5.0,34.0,368204597.0,4.0,25035.0,poseidon,condorpool,poseidon-worker-3-container-40-47,model_predict,/srv/model_predict,,2.7,0,0,,,,,,,,,
register_condorpool_0_2_pegasus-plan_ID0000020,None,auxiliary,0,1677056983.0,,,1677056988.0,,,0.0,1677056988.0,1677056993.0,,,0.0,1677056993.0,1677056998.0,5.0,,0.0,5.0,5.0,,,,,poseidon,local,host-10-100-100-12.openstacklocal,pegasus::rc-client,/home/poseidon/pegasus-5.1.0panorama/bin/pegasus-rc-client,"-n pegasus::rc-client -N null -R local  -L xgboost_hp_tuning_group_2 -T 2023-02-22T08:51:22+00:00 /home/poseidon/pegasus-5.1.0panorama/bin/pegasus-rc-client --prefix pegasus.catalog.replica.output --conf /home/poseidon/workflows/predict-future-sales-workflow/submit/poseidon/pegasus/predict-future-sales/run0082/00/00/./xgboost_hp_tuning_group_2.000/pegasus.16516766650396196548.properties -v --meta /home/poseidon/workflows/predict-future-sales-workflow/submit/poseidon/pegasus/predict-future-sales/run0082/00/00/./xgboost_hp_tuning_group_2.000/00/00/xgboost_hp_tuning_ID0000017.meta,/home/poseidon/workflows/predict-future-sales-workflow/submit/poseidon/pegasus/predict-future-sales/run0082/00/00/./xgboost_hp_tuning_group_2.000/00/00/xgboost_hp_tuning_ID0000022.meta,/home/poseidon/workflows/predict-future-sales-workflow/submit/poseidon/pegasus/predict-future-sales/run0082/00/00/./xgboost_hp_tuning_group_2.000/00/00/xgboost_hp_tuning_ID0000007.meta,/home/poseidon/workflows/predict-future-sales-workflow/submit/poseidon/pegasus/predict-future-sales/run0082/00/00/./xgboost_hp_tuning_group_2.000/00/00/xgboost_hp_tuning_ID0000020.meta,/home/poseidon/workflows/predict-future-sales-workflow/submit/poseidon/pegasus/predict-future-sales/run0082/00/00/./xgboost_hp_tuning_group_2.000/00/00/xgboost_hp_tuning_ID0000001.meta,/home/poseidon/workflows/predict-future-sales-workflow/submit/poseidon/pegasus/predict-future-sales/run0082/00/00/./xgboost_hp_tuning_group_2.000/00/00/xgboost_hp_tuning_ID0000004.meta,/home/poseidon/workflows/predict-future-sales-workflow/submit/poseidon/pegasus/predict-future-sales/run0082/00/00/./xgboost_hp_tuning_group_2.000/00/00/xgboost_hp_tuning_ID0000014.meta --insert /home/poseidon/workflows/predict-future-sales-workflow/submit/poseidon/pegasus/predict-future-sales/run0082/00/00/./xgboost_hp_tuning_group_2.000/00/00/register_condorpool_0_2.in",3.0,0,0,,,,,,,,,
stage_out_local_condorpool_0_0_pegasus-plan_ID0000020,None,transfer,0,1677057003.0,,,1677057008.0,,,0.0,1677057008.0,1677057018.0,1677057009.0,1677057013.0,2097.0,1677057018.0,1677057023.0,5.0,,0.0,10.0,5.0,,,4.0,8457.0,poseidon,local,host-10-100-100-12.openstacklocal,pegasus::transfer,/home/poseidon/pegasus-5.1.0panorama/bin/pegasus-transfer,/home/poseidon/pegasus-5.1.0panorama/bin/../bin/pegasus-kickstart  -n pegasus::transfer -N null -i - -R local  -L xgboost_hp_tuning_group_2 -T 2023-02-22T08:51:22+00:00 /home/poseidon/pegasus-5.1.0panorama/bin/../bin/pegasus-transfer  --threads 2,1.0,0,0,,,,,,,,,
stage_out_local_condorpool_0_1_pegasus-plan_ID0000020,None,transfer,0,1677057003.0,,,1677057008.0,,,0.0,1677057008.0,1677057018.0,1677057009.0,1677057013.0,2111.0,1677057018.0,1677057023.0,5.0,,0.0,10.0,5.0,,,4.0,8508.0,poseidon,local,host-10-100-100-12.openstacklocal,pegasus::transfer,/home/poseidon/pegasus-5.1.0panorama/bin/pegasus-transfer,/home/poseidon/pegasus-5.1.0panorama/bin/../bin/pegasus-kickstart  -n pegasus::transfer -N null -i - -R local  -L xgboost_hp_tuning_group_2 -T 2023-02-22T08:51:22+00:00 /home/poseidon/pegasus-5.1.0panorama/bin/../bin/pegasus-transfer  --threads 2,1.1,0,0,,,,,,,,,
xgboost_best_params_ID0000024_pegasus-plan_ID0000020,hdd_5,compute,0,1677057003.0,,,1677057008.0,1677057012.0,1677057076.0,39742183.3,1677057052.0,1677057208.0,1677057153.0,1677057157.0,255.0,1677057208.0,1677057213.0,5.0,,44.0,156.0,5.0,64.0,368018664.0,4.0,1059.0,poseidon,condorpool,poseidon-worker-2-container-8-15,xgboost_best_params,/srv/xgboost_best_params,,0.0,0,0,,,,,,,,,
register_condorpool_0_0_pegasus-plan_ID0000020,None,auxiliary,0,1677057023.0,,,1677057038.0,,,0.0,1677057038.0,1677057043.0,,,0.0,1677057043.0,1677057048.0,15.0,,0.0,5.0,5.0,,,,,poseidon,local,host-10-100-100-12.openstacklocal,pegasus::rc-client,/home/poseidon/pegasus-5.1.0panorama/bin/pegasus-rc-client,"-n pegasus::rc-client -N null -R local  -L xgboost_hp_tuning_group_2 -T 2023-02-22T08:51:22+00:00 /home/poseidon/pegasus-5.1.0panorama/bin/pegasus-rc-client --prefix pegasus.catalog.replica.output --conf /home/poseidon/workflows/predict-future-sales-workflow/submit/poseidon/pegasus/predict-future-sales/run0082/00/00/./xgboost_hp_tuning_group_2.000/pegasus.16516766650396196548.properties -v --meta /home/poseidon/workflows/predict-future-sales-workflow/submit/poseidon/pegasus/predict-future-sales/run0082/00/00/./xgboost_hp_tuning_group_2.000/00/00/xgboost_hp_tuning_ID0000018.meta,/home/poseidon/workflows/predict-future-sales-workflow/submit/poseidon/pegasus/predict-future-sales/run0082/00/00/./xgboost_hp_tuning_group_2.000/00/00/xgboost_hp_tuning_ID0000002.meta,/home/poseidon/workflows/predict-future-sales-workflow/submit/poseidon/pegasus/predict-future-sales/run0082/00/00/./xgboost_hp_tuning_group_2.000/00/00/xgboost_hp_tuning_ID0000005.meta,/home/poseidon/workflows/predict-future-sales-workflow/submit/poseidon/pegasus/predict-future-sales/run0082/00/00/./xgboost_hp_tuning_group_2.000/00/00/xgboost_hp_tuning_ID0000009.meta,/home/poseidon/workflows/predict-future-sales-workflow/submit/poseidon/pegasus/predict-future-sales/run0082/00/00/./xgboost_hp_tuning_group_2.000/00/00/xgboost_hp_tuning_ID0000015.meta,/home/poseidon/workflows/predict-future-sales-workflow/submit/poseidon/pegasus/predict-future-sales/run0082/00/00/./xgboost_hp_tuning_group_2.000/00/00/xgboost_hp_tuning_ID0000012.meta,/home/poseidon/workflows/predict-future-sales-workflow/submit/poseidon/pegasus/predict-future-sales/run0082/00/00/./xgboost_hp_tuning_group_2.000/00/00/xgboost_hp_tuning_ID0000010.meta,/home/poseidon/workflows/predict-future-sales-workflow/submit/poseidon/pegasus/predict-future-sales/run0082/00/00/./xgboost_hp_tuning_group_2.000/00/00/xgboost_hp_tuning_ID0000008.meta --insert /home/poseidon/workflows/predict-future-sales-workflow/submit/poseidon/pegasus/predict-future-sales/run0082/00/00/./xgboost_hp_tuning_group_2.000/00/00/register_condorpool_0_0.in",3.0,0,0,,,,,,,,,
register_condorpool_0_1_pegasus-plan_ID0000020,None,auxiliary,0,1677057023.0,,,1677057028.0,,,0.0,1677057028.0,1677057033.0,,,0.0,1677057033.0,1677057038.0,5.0,,0.0,5.0,5.0,,,,,poseidon,local,host-10-100-100-12.openstacklocal,pegasus::rc-client,/home/poseidon/pegasus-5.1.0panorama/bin/pegasus-rc-client,"-n pegasus::rc-client -N null -R local  -L xgboost_hp_tuning_group_2 -T 2023-02-22T08:51:22+00:00 /home/poseidon/pegasus-5.1.0panorama/bin/pegasus-rc-client --prefix pegasus.catalog.replica.output --conf /home/poseidon/workflows/predict-future-sales-workflow/submit/poseidon/pegasus/predict-future-sales/run0082/00/00/./xgboost_hp_tuning_group_2.000/pegasus.16516766650396196548.properties -v --meta /home/poseidon/workflows/predict-future-sales-workflow/submit/poseidon/pegasus/predict-future-sales/run0082/00/00/./xgboost_hp_tuning_group_2.000/00/00/xgboost_hp_tuning_ID0000013.meta,/home/poseidon/workflows/predict-future-sales-workflow/submit/poseidon/pegasus/predict-future-sales/run0082/00/00/./xgboost_hp_tuning_group_2.000/00/00/xgboost_hp_tuning_ID0000023.meta,/home/poseidon/workflows/predict-future-sales-workflow/submit/poseidon/pegasus/predict-future-sales/run0082/00/00/./xgboost_hp_tuning_group_2.000/00/00/xgboost_hp_tuning_ID0000011.meta,/home/poseidon/workflows/predict-future-sales-workflow/submit/poseidon/pegasus/predict-future-sales/run0082/00/00/./xgboost_hp_tuning_group_2.000/00/00/xgboost_hp_tuning_ID0000006.meta,/home/poseidon/workflows/predict-future-sales-workflow/submit/poseidon/pegasus/predict-future-sales/run0082/00/00/./xgboost_hp_tuning_group_2.000/00/00/xgboost_hp_tuning_ID0000003.meta,/home/poseidon/workflows/predict-future-sales-workflow/submit/poseidon/pegasus/predict-future-sales/run0082/00/00/./xgboost_hp_tuning_group_2.000/00/00/xgboost_hp_tuning_ID0000021.meta,/home/poseidon/workflows/predict-future-sales-workflow/submit/poseidon/pegasus/predict-future-sales/run0082/00/00/./xgboost_hp_tuning_group_2.000/00/00/xgboost_hp_tuning_ID0000019.meta,/home/poseidon/workflows/predict-future-sales-workflow/submit/poseidon/pegasus/predict-future-sales/run0082/00/00/./xgboost_hp_tuning_group_2.000/00/00/xgboost_hp_tuning_ID0000016.meta --insert /home/poseidon/workflows/predict-future-sales-workflow/submit/poseidon/pegasus/predict-future-sales/run0082/00/00/./xgboost_hp_tuning_group_2.000/00/00/register_condorpool_0_1.in",3.0,0,0,,,,,,,,,
stage_out_local_condorpool_0_2_pegasus-plan_ID0000012,None,transfer,0,1677057152.0,,,1677057157.0,,,0.0,1677057157.0,1677057167.0,1677057157.0,1677057161.0,1840.0,1677057167.0,1677057172.0,5.0,,0.0,10.0,5.0,,,4.0,7421.0,poseidon,local,host-10-100-100-12.openstacklocal,pegasus::transfer,/home/poseidon/pegasus-5.1.0panorama/bin/pegasus-transfer,/home/poseidon/pegasus-5.1.0panorama/bin/../bin/pegasus-kickstart  -n pegasus::transfer -N null -i - -R local  -L xgboost_hp_tuning_group_0 -T 2023-02-22T08:51:22+00:00 /home/poseidon/pegasus-5.1.0panorama/bin/../bin/pegasus-transfer  --threads 2,0.9,0,0,,,,,,,,,
register_condorpool_0_2_pegasus-plan_ID0000012,None,auxiliary,0,1677057172.0,,,1677057177.0,,,0.0,1677057177.0,1677057182.0,,,0.0,1677057182.0,1677057187.0,5.0,,0.0,5.0,5.0,,,,,poseidon,local,host-10-100-100-12.openstacklocal,pegasus::rc-client,/home/poseidon/pegasus-5.1.0panorama/bin/pegasus-rc-client,"-n pegasus::rc-client -N null -R local  -L xgboost_hp_tuning_group_0 -T 2023-02-22T08:51:22+00:00 /home/poseidon/pegasus-5.1.0panorama/bin/pegasus-rc-client --prefix pegasus.catalog.replica.output --conf /home/poseidon/workflows/predict-future-sales-workflow/submit/poseidon/pegasus/predict-future-sales/run0082/00/00/./xgboost_hp_tuning_group_0.000/pegasus.142617972990849799.properties -v --meta /home/poseidon/workflows/predict-future-sales-workflow/submit/poseidon/pegasus/predict-future-sales/run0082/00/00/./xgboost_hp_tuning_group_0.000/00/00/xgboost_hp_tuning_ID0000014.meta,/home/poseidon/workflows/predict-future-sales-workflow/submit/poseidon/pegasus/predict-future-sales/run0082/00/00/./xgboost_hp_tuning_group_0.000/00/00/xgboost_hp_tuning_ID0000001.meta,/home/poseidon/workflows/predict-future-sales-workflow/submit/poseidon/pegasus/predict-future-sales/run0082/00/00/./xgboost_hp_tuning_group_0.000/00/00/xgboost_hp_tuning_ID0000007.meta,/home/poseidon/workflows/predict-future-sales-workflow/submit/poseidon/pegasus/predict-future-sales/run0082/00/00/./xgboost_hp_tuning_group_0.000/00/00/xgboost_hp_tuning_ID0000004.meta,/home/poseidon/workflows/predict-future-sales-workflow/submit/poseidon/pegasus/predict-future-sales/run0082/00/00/./xgboost_hp_tuning_group_0.000/00/00/xgboost_hp_tuning_ID0000022.meta,/home/poseidon/workflows/predict-future-sales-workflow/submit/poseidon/pegasus/predict-future-sales/run0082/00/00/./xgboost_hp_tuning_group_0.000/00/00/xgboost_hp_tuning_ID0000020.meta,/home/poseidon/workflows/predict-future-sales-workflow/submit/poseidon/pegasus/predict-future-sales/run0082/00/00/./xgboost_hp_tuning_group_0.000/00/00/xgboost_hp_tuning_ID0000017.meta --insert /home/poseidon/workflows/predict-future-sales-workflow/submit/poseidon/pegasus/predict-future-sales/run0082/00/00/./xgboost_hp_tuning_group_0.000/00/00/register_condorpool_0_2.in",3.0,0,0,,,,,,,,,
stage_out_local_condorpool_0_1_pegasus-plan_ID0000012,None,transfer,0,1677057212.0,,,1677057217.0,,,0.0,1677057217.0,1677057227.0,1677057218.0,1677057222.0,2108.0,1677057227.0,1677057232.0,5.0,,0.0,10.0,5.0,,,4.0,8507.0,poseidon,local,host-10-100-100-12.openstacklocal,pegasus::transfer,/home/poseidon/pegasus-5.1.0panorama/bin/pegasus-transfer,/home/poseidon/pegasus-5.1.0panorama/bin/../bin/pegasus-kickstart  -n pegasus::transfer -N null -i - -R local  -L xgboost_hp_tuning_group_0 -T 2023-02-22T08:51:22+00:00 /home/poseidon/pegasus-5.1.0panorama/bin/../bin/pegasus-transfer  --threads 2,1.1,0,0,,,,,,,,,
xgboost_best_params_ID0000024_pegasus-plan_ID0000012,hdd_5,compute,0,1677057212.0,,,1677057217.0,1677057179.0,1677057211.0,39751658.7,1677057219.0,1677057342.0,1677057289.0,1677057293.0,259.0,1677057342.0,1677057347.0,5.0,,2.0,123.0,5.0,32.0,368018660.0,4.0,1061.0,poseidon,condorpool,poseidon-worker-2-container-40-47,xgboost_best_params,/srv/xgboost_best_params,,0.0,0,0,,,,,,,,,
stage_out_local_condorpool_0_0_pegasus-plan_ID0000012,None,transfer,0,1677057212.0,,,1677057217.0,,,0.0,1677057217.0,1677057227.0,1677057218.0,1677057222.0,2097.0,1677057227.0,1677057232.0,5.0,,0.0,10.0,5.0,,,4.0,8463.0,poseidon,local,host-10-100-100-12.openstacklocal,pegasus::transfer,/home/poseidon/pegasus-5.1.0panorama/bin/pegasus-transfer,/home/poseidon/pegasus-5.1.0panorama/bin/../bin/pegasus-kickstart  -n pegasus::transfer -N null -i - -R local  -L xgboost_hp_tuning_group_0 -T 2023-02-22T08:51:22+00:00 /home/poseidon/pegasus-5.1.0panorama/bin/../bin/pegasus-transfer  --threads 2,1.1,0,0,,,,,,,,,
stage_out_local_condorpool_1_0_pegasus-plan_ID0000020,None,transfer,0,1677057213.0,,,1677057218.0,,,0.0,1677057223.0,1677057233.0,1677057223.0,1677057227.0,1250.0,1677057233.0,1677057238.0,5.0,,5.0,10.0,5.0,,,4.0,5295.0,poseidon,local,host-10-100-100-12.openstacklocal,pegasus::transfer,/home/poseidon/pegasus-5.1.0panorama/bin/pegasus-transfer,/home/poseidon/pegasus-5.1.0panorama/bin/../bin/pegasus-kickstart  -n pegasus::transfer -N null -i - -R local  -L xgboost_hp_tuning_group_2 -T 2023-02-22T08:51:22+00:00 /home/poseidon/pegasus-5.1.0panorama/bin/../bin/pegasus-transfer  --threads 2,0.7,0,0,,,,,,,,,
register_condorpool_0_0_pegasus-plan_ID0000012,None,auxiliary,0,1677057232.0,,,1677057237.0,,,0.0,1677057238.0,1677057242.0,,,0.0,1677057242.0,1677057247.0,5.0,,1.0,4.0,5.0,,,,,poseidon,local,host-10-100-100-12.openstacklocal,pegasus::rc-client,/home/poseidon/pegasus-5.1.0panorama/bin/pegasus-rc-client,"-n pegasus::rc-client -N null -R local  -L xgboost_hp_tuning_group_0 -T 2023-02-22T08:51:22+00:00 /home/poseidon/pegasus-5.1.0panorama/bin/pegasus-rc-client --prefix pegasus.catalog.replica.output --conf /home/poseidon/workflows/predict-future-sales-workflow/submit/poseidon/pegasus/predict-future-sales/run0082/00/00/./xgboost_hp_tuning_group_0.000/pegasus.142617972990849799.properties -v --meta /home/poseidon/workflows/predict-future-sales-workflow/submit/poseidon/pegasus/predict-future-sales/run0082/00/00/./xgboost_hp_tuning_group_0.000/00/00/xgboost_hp_tuning_ID0000018.meta,/home/poseidon/workflows/predict-future-sales-workflow/submit/poseidon/pegasus/predict-future-sales/run0082/00/00/./xgboost_hp_tuning_group_0.000/00/00/xgboost_hp_tuning_ID0000009.meta,/home/poseidon/workflows/predict-future-sales-workflow/submit/poseidon/pegasus/predict-future-sales/run0082/00/00/./xgboost_hp_tuning_group_0.000/00/00/xgboost_hp_tuning_ID0000012.meta,/home/poseidon/workflows/predict-future-sales-workflow/submit/poseidon/pegasus/predict-future-sales/run0082/00/00/./xgboost_hp_tuning_group_0.000/00/00/xgboost_hp_tuning_ID0000008.meta,/home/poseidon/workflows/predict-future-sales-workflow/submit/poseidon/pegasus/predict-future-sales/run0082/00/00/./xgboost_hp_tuning_group_0.000/00/00/xgboost_hp_tuning_ID0000010.meta,/home/poseidon/workflows/predict-future-sales-workflow/submit/poseidon/pegasus/predict-future-sales/run0082/00/00/./xgboost_hp_tuning_group_0.000/00/00/xgboost_hp_tuning_ID0000002.meta,/home/poseidon/workflows/predict-future-sales-workflow/submit/poseidon/pegasus/predict-future-sales/run0082/00/00/./xgboost_hp_tuning_group_0.000/00/00/xgboost_hp_tuning_ID0000005.meta,/home/poseidon/workflows/predict-future-sales-workflow/submit/poseidon/pegasus/predict-future-sales/run0082/00/00/./xgboost_hp_tuning_group_0.000/00/00/xgboost_hp_tuning_ID0000015.meta --insert /home/poseidon/workflows/predict-future-sales-workflow/submit/poseidon/pegasus/predict-future-sales/run0082/00/00/./xgboost_hp_tuning_group_0.000/00/00/register_condorpool_0_0.in",3.0,0,0,,,,,,,,,
register_condorpool_0_1_pegasus-plan_ID0000012,None,auxiliary,0,1677057232.0,,,1677057247.0,,,0.0,1677057247.0,1677057252.0,,,0.0,1677057252.0,1677057257.0,15.0,,0.0,5.0,5.0,,,,,poseidon,local,host-10-100-100-12.openstacklocal,pegasus::rc-client,/home/poseidon/pegasus-5.1.0panorama/bin/pegasus-rc-client,"-n pegasus::rc-client -N null -R local  -L xgboost_hp_tuning_group_0 -T 2023-02-22T08:51:22+00:00 /home/poseidon/pegasus-5.1.0panorama/bin/pegasus-rc-client --prefix pegasus.catalog.replica.output --conf /home/poseidon/workflows/predict-future-sales-workflow/submit/poseidon/pegasus/predict-future-sales/run0082/00/00/./xgboost_hp_tuning_group_0.000/pegasus.142617972990849799.properties -v --meta /home/poseidon/workflows/predict-future-sales-workflow/submit/poseidon/pegasus/predict-future-sales/run0082/00/00/./xgboost_hp_tuning_group_0.000/00/00/xgboost_hp_tuning_ID0000019.meta,/home/poseidon/workflows/predict-future-sales-workflow/submit/poseidon/pegasus/predict-future-sales/run0082/00/00/./xgboost_hp_tuning_group_0.000/00/00/xgboost_hp_tuning_ID0000003.meta,/home/poseidon/workflows/predict-future-sales-workflow/submit/poseidon/pegasus/predict-future-sales/run0082/00/00/./xgboost_hp_tuning_group_0.000/00/00/xgboost_hp_tuning_ID0000006.meta,/home/poseidon/workflows/predict-future-sales-workflow/submit/poseidon/pegasus/predict-future-sales/run0082/00/00/./xgboost_hp_tuning_group_0.000/00/00/xgboost_hp_tuning_ID0000016.meta,/home/poseidon/workflows/predict-future-sales-workflow/submit/poseidon/pegasus/predict-future-sales/run0082/00/00/./xgboost_hp_tuning_group_0.000/00/00/xgboost_hp_tuning_ID0000013.meta,/home/poseidon/workflows/predict-future-sales-workflow/submit/poseidon/pegasus/predict-future-sales/run0082/00/00/./xgboost_hp_tuning_group_0.000/00/00/xgboost_hp_tuning_ID0000023.meta,/home/poseidon/workflows/predict-future-sales-workflow/submit/poseidon/pegasus/predict-future-sales/run0082/00/00/./xgboost_hp_tuning_group_0.000/00/00/xgboost_hp_tuning_ID0000011.meta,/home/poseidon/workflows/predict-future-sales-workflow/submit/poseidon/pegasus/predict-future-sales/run0082/00/00/./xgboost_hp_tuning_group_0.000/00/00/xgboost_hp_tuning_ID0000021.meta --insert /home/poseidon/workflows/predict-future-sales-workflow/submit/poseidon/pegasus/predict-future-sales/run0082/00/00/./xgboost_hp_tuning_group_0.000/00/00/register_condorpool_0_1.in",3.0,0,0,,,,,,,,,
register_condorpool_1_0_pegasus-plan_ID0000020,None,auxiliary,0,1677057238.0,,,1677057243.0,,,0.0,1677057243.0,1677057248.0,,,0.0,1677057248.0,1677057253.0,5.0,,0.0,5.0,5.0,,,,,poseidon,local,host-10-100-100-12.openstacklocal,pegasus::rc-client,/home/poseidon/pegasus-5.1.0panorama/bin/pegasus-rc-client,-n pegasus::rc-client -N null -R local  -L xgboost_hp_tuning_group_2 -T 2023-02-22T08:51:22+00:00 /home/poseidon/pegasus-5.1.0panorama/bin/pegasus-rc-client --prefix pegasus.catalog.replica.output --conf /home/poseidon/workflows/predict-future-sales-workflow/submit/poseidon/pegasus/predict-future-sales/run0082/00/00/./xgboost_hp_tuning_group_2.000/pegasus.16516766650396196548.properties -v --meta /home/poseidon/workflows/predict-future-sales-workflow/submit/poseidon/pegasus/predict-future-sales/run0082/00/00/./xgboost_hp_tuning_group_2.000/00/00/xgboost_best_params_ID0000024.meta --insert /home/poseidon/workflows/predict-future-sales-workflow/submit/poseidon/pegasus/predict-future-sales/run0082/00/00/./xgboost_hp_tuning_group_2.000/00/00/register_condorpool_1_0.in,3.0,0,0,,,,,,,,,
xgboost_model_ID0000021,None,compute,0,1677057257.0,,,1677057262.0,1677057238.0,1677057268.0,75136606.0,1677057279.0,1677057437.0,1677057384.0,1677057389.0,814883.0,1677057437.0,1677057442.0,5.0,,17.0,158.0,5.0,30.0,1691152080.0,5.0,3583201.0,poseidon,condorpool,poseidon-worker-3-container-32-39,xgboost_model,/srv/xgboost_model,,658.8,0,0,0.0,1348829166.0,24449.0,5326.0,8.0,600.1,11.1,13488291.7,2444.9
stage_out_local_condorpool_1_0_pegasus-plan_ID0000012,None,transfer,0,1677057347.0,,,1677057352.0,,,0.0,1677057352.0,1677057362.0,1677057353.0,1677057357.0,1257.0,1677057362.0,1677057367.0,5.0,,0.0,10.0,5.0,,,4.0,5305.0,poseidon,local,host-10-100-100-12.openstacklocal,pegasus::transfer,/home/poseidon/pegasus-5.1.0panorama/bin/pegasus-transfer,/home/poseidon/pegasus-5.1.0panorama/bin/../bin/pegasus-kickstart  -n pegasus::transfer -N null -i - -R local  -L xgboost_hp_tuning_group_0 -T 2023-02-22T08:51:22+00:00 /home/poseidon/pegasus-5.1.0panorama/bin/../bin/pegasus-transfer  --threads 2,0.7,0,0,,,,,,,,,
register_condorpool_1_0_pegasus-plan_ID0000012,None,auxiliary,0,1677057367.0,,,1677057372.0,,,0.0,1677057373.0,1677057377.0,,,0.0,1677057377.0,1677057382.0,5.0,,1.0,4.0,5.0,,,,,poseidon,local,host-10-100-100-12.openstacklocal,pegasus::rc-client,/home/poseidon/pegasus-5.1.0panorama/bin/pegasus-rc-client,-n pegasus::rc-client -N null -R local  -L xgboost_hp_tuning_group_0 -T 2023-02-22T08:51:22+00:00 /home/poseidon/pegasus-5.1.0panorama/bin/pegasus-rc-client --prefix pegasus.catalog.replica.output --conf /home/poseidon/workflows/predict-future-sales-workflow/submit/poseidon/pegasus/predict-future-sales/run0082/00/00/./xgboost_hp_tuning_group_0.000/pegasus.142617972990849799.properties -v --meta /home/poseidon/workflows/predict-future-sales-workflow/submit/poseidon/pegasus/predict-future-sales/run0082/00/00/./xgboost_hp_tuning_group_0.000/00/00/xgboost_best_params_ID0000024.meta --insert /home/poseidon/workflows/predict-future-sales-workflow/submit/poseidon/pegasus/predict-future-sales/run0082/00/00/./xgboost_hp_tuning_group_0.000/00/00/register_condorpool_1_0.in,2.9,0,0,,,,,,,,,
xgboost_model_ID0000013,hdd_5,compute,0,1677057382.0,,,1677057387.0,1677057359.0,1677057392.0,51328722.3,1677057399.0,1677057562.0,1677057506.0,1677057510.0,423469.0,1677057562.0,1677057567.0,5.0,,12.0,163.0,5.0,33.0,502671191.0,4.0,1836147.0,poseidon,condorpool,poseidon-worker-2-container-40-47,xgboost_model,/srv/xgboost_model,,31.7,0,0,,,,,,,,,
stage_out_local_local_5_0,None,transfer,0,1677057382.0,,,1677057387.0,,,0.0,1677057387.0,1677057397.0,1677057388.0,1677057392.0,787.0,1677057397.0,1677057402.0,5.0,,0.0,10.0,5.0,,,4.0,3173.0,poseidon,local,host-10-100-100-12.openstacklocal,pegasus::transfer,/home/poseidon/pegasus-5.1.0panorama/bin/pegasus-transfer,pegasus-kickstart  -n pegasus::transfer -N null -i - -R local  -L predict-future-sales -T 2023-02-17T19:59:06+00:00 pegasus-transfer  --threads 2,0.3,0,0,,,,,,,,,
cleanup_predict-future-sales_0_local,None,auxiliary,0,1677057402.0,,,1677057407.0,,,0.0,1677057407.0,1677057417.0,,,0.0,1677057417.0,1677057422.0,5.0,,0.0,10.0,5.0,,,,,poseidon,local,host-10-100-100-12.openstacklocal,pegasus::cleanup,/home/poseidon/pegasus-5.1.0panorama/bin/pegasus-transfer,pegasus-kickstart  -n pegasus::cleanup -N null -i - -R local  -L predict-future-sales -T 2023-02-17T19:59:06+00:00 pegasus-transfer,0.3,0,0,,,,,,,,,
model_predict_ID0000022,None,compute,0,1677057442.0,,,1677057447.0,1677057408.0,1677057425.0,43210591.0,1677057448.0,1677057487.0,1677057433.0,1677057437.0,1279857.0,1677057487.0,1677057492.0,5.0,,1.0,39.0,5.0,17.0,398587751.0,4.0,5523764.0,poseidon,condorpool,poseidon-worker-3-container-32-39,model_predict,/srv/model_predict,,3.6,0,0,,,,,,,,,
model_predict_ID0000014,hdd_5,compute,0,1677057567.0,,,1677057572.0,1677057534.0,1677057568.0,45122716.8,1677057574.0,1677057712.0,1677057656.0,1677057661.0,106659.0,1677057712.0,1677057717.0,5.0,,2.0,138.0,5.0,34.0,372023718.0,5.0,451213.0,poseidon,condorpool,poseidon-worker-2-container-40-47,model_predict,/srv/model_predict,,2.5,0,0,,,,,,,,,
stage_out_local_condorpool_6_0,None,transfer,0,1677057567.0,,,1677057572.0,,,0.0,1677057572.0,1677057582.0,1677057573.0,1677057577.0,1368940.0,1677057582.0,1677057587.0,5.0,,0.0,10.0,5.0,,,4.0,5521383.0,poseidon,local,host-10-100-100-12.openstacklocal,pegasus::transfer,/home/poseidon/pegasus-5.1.0panorama/bin/pegasus-transfer,pegasus-kickstart  -n pegasus::transfer -N null -i - -R local  -L predict-future-sales -T 2023-02-17T19:59:06+00:00 pegasus-transfer  --threads 2,0.9,0,0,,,,,,,,,
stage_out_local_condorpool_7_0,None,transfer,0,1677057717.0,,,1677057722.0,,,0.0,1677057722.0,1677057732.0,1677057722.0,1677057726.0,1488261.0,1677057732.0,1677057737.0,5.0,,0.0,10.0,5.0,,,4.0,6000012.0,poseidon,local,host-10-100-100-12.openstacklocal,pegasus::transfer,/home/poseidon/pegasus-5.1.0panorama/bin/pegasus-transfer,pegasus-kickstart  -n pegasus::transfer -N null -i - -R local  -L predict-future-sales -T 2023-02-17T19:59:06+00:00 pegasus-transfer  --threads 2,0.6,0,0,,,,,,,,,
predict_merge_ID0000023,hdd_5,compute,0,1677057717.0,,,1677057722.0,1677057683.0,1677057717.0,40747805.3,1677057723.0,1677057862.0,1677057807.0,1677057812.0,873637.0,1677057862.0,1677057868.0,5.0,,1.0,139.0,6.0,34.0,377176763.0,5.0,3770931.0,poseidon,condorpool,poseidon-worker-2-container-40-47,predict_merge,/srv/predict_merge,,1.4,0,0,,,,,,,,,
stage_out_local_condorpool_8_0,None,transfer,0,1677057868.0,,,1677057873.0,,,0.0,1677057873.0,1677057883.0,1677057873.0,1677057875.0,1748324.0,1677057883.0,1677057888.0,5.0,,0.0,10.0,5.0,,,2.0,3770931.0,poseidon,local,host-10-100-100-12.openstacklocal,pegasus::transfer,/home/poseidon/pegasus-5.1.0panorama/bin/pegasus-transfer,pegasus-kickstart  -n pegasus::transfer -N null -i - -R local  -L predict-future-sales -T 2023-02-17T19:59:06+00:00 pegasus-transfer  --threads 2,0.4,0,0,,,,,,,,,
cleanup_predict-future-sales_0_condorpool,None,auxiliary,0,1677057888.0,,,1677057893.0,,,0.0,1677057893.0,1677057903.0,,,0.0,1677057903.0,1677057908.0,5.0,,0.0,10.0,5.0,,,,,poseidon,local,host-10-100-100-12.openstacklocal,pegasus::cleanup,/home/poseidon/pegasus-5.1.0panorama/bin/pegasus-transfer,pegasus-kickstart  -n pegasus::cleanup -N null -i - -R local  -L predict-future-sales -T 2023-02-17T19:59:06+00:00 pegasus-transfer,0.3,0,0,,,,,,,,,
