,anomaly_type,type,is_clustered,ready,pre_script_start,pre_script_end,submit,stage_in_start,stage_in_end,stage_in_effective_bytes_per_sec,execute_start,execute_end,stage_out_start,stage_out_end,stage_out_effective_bytes_per_sec,post_script_start,post_script_end,wms_delay,pre_script_delay,queue_delay,runtime,post_script_delay,stage_in_delay,stage_in_bytes,stage_out_delay,stage_out_bytes,kickstart_user,kickstart_site,kickstart_hostname,kickstart_transformations,kickstart_executables,kickstart_executables_argv,kickstart_executables_cpu_time,kickstart_status,kickstart_executables_exitcode,kickstart_online_iowait,kickstart_online_bytes_read,kickstart_online_bytes_written,kickstart_online_read_system_calls,kickstart_online_write_system_calls,kickstart_online_utime,kickstart_online_stime,kickstart_online_bytes_read_per_second,kickstart_online_bytes_written_per_second
create_dir_predict-future-sales_0_local,None,auxiliary,0,1677467447.0,,,1677467448.0,,,0.0,1677467452.0,1677467458.0,,,0.0,1677467458.0,1677467463.0,1.0,,4.0,6.0,5.0,,,,,poseidon,local,host-10-100-100-12.openstacklocal,pegasus::dirmanager,/home/poseidon/pegasus-5.1.0panorama/bin/pegasus-transfer,pegasus-kickstart  -n pegasus::dirmanager -N null -i - -R local  -L predict-future-sales -T 2023-02-17T19:59:06+00:00 pegasus-transfer,0.3,0,0,,,,,,,,,
create_dir_predict-future-sales_0_condorpool,None,auxiliary,0,1677467447.0,,,1677467448.0,,,0.0,1677467452.0,1677467458.0,,,0.0,1677467458.0,1677467463.0,1.0,,4.0,6.0,5.0,,,,,poseidon,local,host-10-100-100-12.openstacklocal,pegasus::dirmanager,/home/poseidon/pegasus-5.1.0panorama/bin/pegasus-transfer,pegasus-kickstart  -n pegasus::dirmanager -N null -i - -R local  -L predict-future-sales -T 2023-02-17T19:59:06+00:00 pegasus-transfer,0.3,0,0,,,,,,,,,
stage_in_local_condorpool_6_0,None,transfer,0,1677467463.0,,,1677467468.0,1677467468.0,1677467472.0,2304.0,1677467468.0,1677467478.0,,,0.0,1677467478.0,1677467483.0,5.0,,0.0,10.0,5.0,4.0,7870.0,,,poseidon,local,host-10-100-100-12.openstacklocal,pegasus::transfer,/home/poseidon/pegasus-5.1.0panorama/bin/pegasus-transfer,pegasus-kickstart  -n pegasus::transfer -N null -i - -R local  -L predict-future-sales -T 2023-02-17T19:59:06+00:00 pegasus-transfer  --threads 2,0.4,0,0,,,,,,,,,
stage_in_local_condorpool_0_0,None,transfer,0,1677467463.0,,,1677467468.0,1677467468.0,1677467478.0,97394856.0,1677467468.0,1677467483.0,,,0.0,1677467483.0,1677467488.0,5.0,,0.0,15.0,5.0,10.0,936801734.0,,,poseidon,local,host-10-100-100-12.openstacklocal,pegasus::transfer,/home/poseidon/pegasus-5.1.0panorama/bin/pegasus-transfer,pegasus-kickstart  -n pegasus::transfer -N null -i - -R local  -L predict-future-sales -T 2023-02-17T19:59:06+00:00 pegasus-transfer  --threads 2,5.7,0,0,,,,,,,,,
stage_in_local_condorpool_1_0,None,transfer,0,1677467463.0,,,1677467468.0,1677467468.0,1677467473.0,3577.0,1677467468.0,1677467478.0,,,0.0,1677467478.0,1677467483.0,5.0,,0.0,10.0,5.0,5.0,15640.0,,,poseidon,local,host-10-100-100-12.openstacklocal,pegasus::transfer,/home/poseidon/pegasus-5.1.0panorama/bin/pegasus-transfer,pegasus-kickstart  -n pegasus::transfer -N null -i - -R local  -L predict-future-sales -T 2023-02-17T19:59:06+00:00 pegasus-transfer  --threads 2,0.6,0,0,,,,,,,,,
stage_in_local_condorpool_7_0,None,transfer,0,1677467463.0,,,1677467468.0,1677467468.0,1677467472.0,1014.0,1677467468.0,1677467478.0,,,0.0,1677467478.0,1677467483.0,5.0,,0.0,10.0,5.0,4.0,3488.0,,,poseidon,local,host-10-100-100-12.openstacklocal,pegasus::transfer,/home/poseidon/pegasus-5.1.0panorama/bin/pegasus-transfer,pegasus-kickstart  -n pegasus::transfer -N null -i - -R local  -L predict-future-sales -T 2023-02-17T19:59:06+00:00 pegasus-transfer  --threads 2,0.4,0,0,,,,,,,,,
stage_in_local_condorpool_3_0,None,transfer,0,1677467463.0,,,1677467468.0,1677467468.0,1677467473.0,3011.0,1677467468.0,1677467478.0,,,0.0,1677467478.0,1677467483.0,5.0,,0.0,10.0,5.0,5.0,12704.0,,,poseidon,local,host-10-100-100-12.openstacklocal,pegasus::transfer,/home/poseidon/pegasus-5.1.0panorama/bin/pegasus-transfer,pegasus-kickstart  -n pegasus::transfer -N null -i - -R local  -L predict-future-sales -T 2023-02-17T19:59:06+00:00 pegasus-transfer  --threads 2,0.6,0,0,,,,,,,,,
stage_in_local_condorpool_8_0,None,transfer,0,1677467463.0,,,1677467468.0,1677467468.0,1677467472.0,682.0,1677467468.0,1677467478.0,,,0.0,1677467478.0,1677467483.0,5.0,,0.0,10.0,5.0,4.0,2368.0,,,poseidon,local,host-10-100-100-12.openstacklocal,pegasus::transfer,/home/poseidon/pegasus-5.1.0panorama/bin/pegasus-transfer,pegasus-kickstart  -n pegasus::transfer -N null -i - -R local  -L predict-future-sales -T 2023-02-17T19:59:06+00:00 pegasus-transfer  --threads 2,0.4,0,0,,,,,,,,,
stage_in_local_local_4_0,None,transfer,0,1677467463.0,,,1677467468.0,1677467468.0,1677467471.0,5883.0,1677467468.0,1677467478.0,,,0.0,1677467478.0,1677467483.0,5.0,,0.0,10.0,5.0,3.0,12577.0,,,poseidon,local,host-10-100-100-12.openstacklocal,pegasus::transfer,/home/poseidon/pegasus-5.1.0panorama/bin/pegasus-transfer,pegasus-kickstart  -n pegasus::transfer -N null -i - -R local  -L predict-future-sales -T 2023-02-17T19:59:06+00:00 pegasus-transfer  --threads 2,0.4,0,0,,,,,,,,,
stage_in_local_condorpool_2_0,None,transfer,0,1677467463.0,,,1677467468.0,1677467468.0,1677467474.0,9891.0,1677467468.0,1677467483.0,,,0.0,1677467483.0,1677467488.0,5.0,,0.0,15.0,5.0,6.0,55480.0,,,poseidon,local,host-10-100-100-12.openstacklocal,pegasus::transfer,/home/poseidon/pegasus-5.1.0panorama/bin/pegasus-transfer,pegasus-kickstart  -n pegasus::transfer -N null -i - -R local  -L predict-future-sales -T 2023-02-17T19:59:06+00:00 pegasus-transfer  --threads 2,1.0,0,0,,,,,,,,,
preprocess_ID0000003,cpu_3,compute,0,1677467488.0,,,1677467493.0,1677467449.0,1677467467.0,45621112.0,1677467495.0,1677467543.0,1677467478.0,1677467485.0,23242497.0,1677467543.0,1677467548.0,5.0,,2.0,48.0,5.0,18.0,467356066.0,7.0,160257914.0,poseidon,condorpool,poseidon-worker-2-container-16-23,preprocess,/srv/preprocess,,4.3,0,0,,,,,,,,,
nlp_ID0000002,None,compute,0,1677467488.0,,,1677467493.0,1677467449.0,1677467466.0,44967695.5,1677467495.0,1677467728.0,1677467666.0,1677467671.0,604779.0,1677467728.0,1677467733.0,5.0,,2.0,233.0,5.0,17.0,369033604.0,5.0,2755872.0,poseidon,condorpool,poseidon-worker-3-container-0-7,nlp,/srv/nlp,,1183.8,0,0,0.0,21383509.0,8791.0,2999.0,5.0,1161.2,2.8,112544.8,879.1
eda_ID0000001,None,compute,0,1677467488.0,,,1677467493.0,1677467449.0,1677467466.0,48222954.0,1677467495.0,1677467568.0,1677467507.0,1677467511.0,280329.0,1677467568.0,1677467573.0,5.0,,2.0,73.0,5.0,17.0,464177772.0,4.0,1196507.0,poseidon,condorpool,poseidon-worker-1-container-40-47,eda,/srv/eda,,33.7,0,0,0.1,144954860.0,877201.0,27583.0,42.0,28.1,1.8,4831828.7,29240.0
feature_eng_0_ID0000004,cpu_3,compute,0,1677467548.0,,,1677467553.0,1677467508.0,1677467526.0,44904627.5,1677467554.0,1677467598.0,1677467537.0,1677467541.0,204699.0,1677467598.0,1677467603.0,5.0,,1.0,44.0,5.0,18.0,369949088.0,4.0,893320.0,poseidon,condorpool,poseidon-worker-2-container-16-23,feature_eng_0,/srv/feature_eng_0,,4.9,0,0,,,,,,,,,
feature_eng_1_ID0000005,None,compute,0,1677467548.0,,,1677467553.0,1677467520.0,1677467538.0,49470349.6,1677467566.0,1677467628.0,1677467562.0,1677467572.0,38843709.0,1677467628.0,1677467633.0,5.0,,13.0,62.0,5.0,18.0,528250191.0,10.0,393324463.0,poseidon,condorpool,poseidon-worker-1-container-40-47,feature_eng_1,/srv/feature_eng_1,,15.7,0,0,0.0,169610227.0,8.0,1723.0,1.0,7.8,2.1,16961022.7,0.8
feature_eng_4_ID0000008,cpu_3,compute,0,1677467633.0,,,1677467638.0,1677467609.0,1677467631.0,51171736.7,1677467655.0,1677467773.0,1677467693.0,1677467715.0,54254071.0,1677467773.0,1677467778.0,5.0,,17.0,118.0,5.0,22.0,761328752.0,22.0,1201824259.0,poseidon,condorpool,poseidon-worker-2-container-16-23,feature_eng_4,/srv/feature_eng_4,,49.4,0,0,0.0,402737214.0,8.0,1388.0,1.0,27.5,12.5,10068430.4,0.8
feature_eng_3_ID0000007,cpu_3,compute,0,1677467633.0,,,1677467638.0,1677467594.0,1677467616.0,51017416.4,1677467640.0,1677467813.0,1677467735.0,1677467757.0,53984174.0,1677467813.0,1677467818.0,5.0,,2.0,173.0,5.0,22.0,762217561.0,22.0,1179971921.0,poseidon,condorpool,poseidon-worker-2-container-16-23,feature_eng_3,/srv/feature_eng_3,,106.4,0,0,0.0,403641942.0,8.0,1471.0,1.0,68.5,31.4,4036419.4,0.8
feature_eng_2_ID0000006,None,compute,0,1677467633.0,,,1677467638.0,1677467609.0,1677467632.0,51142744.3,1677467655.0,1677468018.0,1677467932.0,1677467962.0,57848397.0,1677468018.0,1677468023.0,5.0,,17.0,363.0,5.0,23.0,761320658.0,30.0,1748107178.0,poseidon,condorpool,poseidon-worker-1-container-40-47,feature_eng_2,/srv/feature_eng_2,,285.1,0,0,0.0,402816328.0,8.0,1744.0,1.0,213.3,66.7,1438629.7,0.8
feature_eng_5_ID0000009,None,compute,0,1677467633.0,,,1677467638.0,1677467594.0,1677467619.0,52027917.8,1677467640.0,1677467923.0,1677467852.0,1677467866.0,46890585.0,1677467923.0,1677467928.0,5.0,,2.0,283.0,5.0,25.0,856820455.0,14.0,655540227.0,poseidon,condorpool,poseidon-worker-1-container-40-47,feature_eng_5,/srv/feature_eng_5,,222.8,0,0,0.0,498292411.0,8.0,2020.0,1.0,200.0,20.0,2264965.5,0.8
stage_out_local_condorpool_1_0,None,transfer,0,1677467633.0,,,1677467638.0,,,0.0,1677467638.0,1677467648.0,1677467639.0,1677467643.0,93218059.0,1677467648.0,1677467653.0,5.0,,0.0,10.0,5.0,,,4.0,394217783.0,poseidon,local,host-10-100-100-12.openstacklocal,pegasus::transfer,/home/poseidon/pegasus-5.1.0panorama/bin/pegasus-transfer,pegasus-kickstart  -n pegasus::transfer -N null -i - -R local  -L predict-future-sales -T 2023-02-17T19:59:06+00:00 pegasus-transfer  --threads 2,2.2,0,0,,,,,,,,,
register_condorpool_1_0,None,auxiliary,0,1677467653.0,,,1677467658.0,,,0.0,1677467660.0,1677467663.0,,,0.0,1677467663.0,1677467668.0,5.0,,2.0,3.0,5.0,,,,,poseidon,local,host-10-100-100-12.openstacklocal,pegasus::rc-client,/home/poseidon/pegasus-5.1.0panorama/bin/pegasus-rc-client,"pegasus-kickstart  -n pegasus::rc-client -N null -R local  -L predict-future-sales -T 2023-02-17T19:59:06+00:00 /home/poseidon/pegasus-5.1.0panorama/bin/pegasus-rc-client --prefix pegasus.catalog.replica.output --conf /home/poseidon/workflows/predict-future-sales-workflow/submit/poseidon/pegasus/predict-future-sales/run0244/pegasus.17951679481849592821.properties -v --meta /home/poseidon/workflows/predict-future-sales-workflow/submit/poseidon/pegasus/predict-future-sales/run0244/00/00/feature_eng_1_ID0000005.meta,/home/poseidon/workflows/predict-future-sales-workflow/submit/poseidon/pegasus/predict-future-sales/run0244/00/00/feature_eng_0_ID0000004.meta --insert /home/poseidon/workflows/predict-future-sales-workflow/submit/poseidon/pegasus/predict-future-sales/run0244/00/00/register_condorpool_1_0.in",3.0,0,0,,,,,,,,,
stage_out_local_condorpool_0_0,None,transfer,0,1677467733.0,,,1677467738.0,,,0.0,1677467738.0,1677467748.0,1677467739.0,1677467743.0,40696547.0,1677467748.0,1677467753.0,5.0,,0.0,10.0,5.0,,,4.0,164210293.0,poseidon,local,host-10-100-100-12.openstacklocal,pegasus::transfer,/home/poseidon/pegasus-5.1.0panorama/bin/pegasus-transfer,pegasus-kickstart  -n pegasus::transfer -N null -i - -R local  -L predict-future-sales -T 2023-02-17T19:59:06+00:00 pegasus-transfer  --threads 2,2.0,0,0,,,,,,,,,
register_condorpool_0_0,None,auxiliary,0,1677467753.0,,,1677467758.0,,,0.0,1677467758.0,1677467763.0,,,0.0,1677467763.0,1677467768.0,5.0,,0.0,5.0,5.0,,,,,poseidon,local,host-10-100-100-12.openstacklocal,pegasus::rc-client,/home/poseidon/pegasus-5.1.0panorama/bin/pegasus-rc-client,"pegasus-kickstart  -n pegasus::rc-client -N null -R local  -L predict-future-sales -T 2023-02-17T19:59:06+00:00 /home/poseidon/pegasus-5.1.0panorama/bin/pegasus-rc-client --prefix pegasus.catalog.replica.output --conf /home/poseidon/workflows/predict-future-sales-workflow/submit/poseidon/pegasus/predict-future-sales/run0244/pegasus.17951679481849592821.properties -v --meta /home/poseidon/workflows/predict-future-sales-workflow/submit/poseidon/pegasus/predict-future-sales/run0244/00/00/nlp_ID0000002.meta,/home/poseidon/workflows/predict-future-sales-workflow/submit/poseidon/pegasus/predict-future-sales/run0244/00/00/eda_ID0000001.meta,/home/poseidon/workflows/predict-future-sales-workflow/submit/poseidon/pegasus/predict-future-sales/run0244/00/00/preprocess_ID0000003.meta --insert /home/poseidon/workflows/predict-future-sales-workflow/submit/poseidon/pegasus/predict-future-sales/run0244/00/00/register_condorpool_0_0.in",3.0,0,0,,,,,,,,,
stage_out_local_condorpool_2_0,None,transfer,0,1677468023.0,,,1677468028.0,,,0.0,1677468028.0,1677468053.0,1677468028.0,1677468047.0,251227919.0,1677468053.0,1677468058.0,5.0,,0.0,25.0,5.0,,,19.0,4785443585.0,poseidon,local,host-10-100-100-12.openstacklocal,pegasus::transfer,/home/poseidon/pegasus-5.1.0panorama/bin/pegasus-transfer,pegasus-kickstart  -n pegasus::transfer -N null -i - -R local  -L predict-future-sales -T 2023-02-17T19:59:06+00:00 pegasus-transfer  --threads 2,21.1,0,0,,,,,,,,,
feature_merge_ID0000010,None,compute,0,1677468023.0,,,1677468028.0,1677467983.0,1677468050.0,86064898.1,1677468029.0,1677468243.0,1677468140.0,1677468189.0,60857146.0,1677468243.0,1677468248.0,5.0,,1.0,214.0,5.0,67.0,5155397110.0,49.0,2993643458.0,poseidon,condorpool,poseidon-worker-1-container-40-47,feature_merge,/srv/feature_merge,,59.9,0,0,0.0,4796857032.0,8.0,1437.0,1.0,33.6,16.4,95937140.6,0.8
register_condorpool_2_0,None,auxiliary,0,1677468058.0,,,1677468063.0,,,0.0,1677468063.0,1677468068.0,,,0.0,1677468068.0,1677468073.0,5.0,,0.0,5.0,5.0,,,,,poseidon,local,host-10-100-100-12.openstacklocal,pegasus::rc-client,/home/poseidon/pegasus-5.1.0panorama/bin/pegasus-rc-client,"pegasus-kickstart  -n pegasus::rc-client -N null -R local  -L predict-future-sales -T 2023-02-17T19:59:06+00:00 /home/poseidon/pegasus-5.1.0panorama/bin/pegasus-rc-client --prefix pegasus.catalog.replica.output --conf /home/poseidon/workflows/predict-future-sales-workflow/submit/poseidon/pegasus/predict-future-sales/run0244/pegasus.17951679481849592821.properties -v --meta /home/poseidon/workflows/predict-future-sales-workflow/submit/poseidon/pegasus/predict-future-sales/run0244/00/00/feature_eng_5_ID0000009.meta,/home/poseidon/workflows/predict-future-sales-workflow/submit/poseidon/pegasus/predict-future-sales/run0244/00/00/feature_eng_2_ID0000006.meta,/home/poseidon/workflows/predict-future-sales-workflow/submit/poseidon/pegasus/predict-future-sales/run0244/00/00/feature_eng_3_ID0000007.meta,/home/poseidon/workflows/predict-future-sales-workflow/submit/poseidon/pegasus/predict-future-sales/run0244/00/00/feature_eng_4_ID0000008.meta --insert /home/poseidon/workflows/predict-future-sales-workflow/submit/poseidon/pegasus/predict-future-sales/run0244/00/00/register_condorpool_2_0.in",2.9,0,0,,,,,,,,,
stage_inter_local_xgboost_model_ID0000021_0,None,transfer,0,1677468248.0,,,1677468253.0,1677468253.0,1677468285.0,81699822.0,1677468253.0,1677468293.0,,,0.0,1677468293.0,1677468298.0,5.0,,0.0,40.0,5.0,32.0,2646308508.0,,,poseidon,local,host-10-100-100-12.openstacklocal,pegasus::transfer,/home/poseidon/pegasus-5.1.0panorama/bin/pegasus-transfer,pegasus-kickstart  -n pegasus::transfer -N null -i - -R local  -L predict-future-sales -T 2023-02-17T19:59:06+00:00 pegasus-transfer  --threads 2,9.1,0,0,,,,,,,,,
stage_inter_local_xgboost_hp_tuning_workflow_ID0000015_0,None,transfer,0,1677468248.0,,,1677468253.0,1677468253.0,1677468255.0,402.0,1677468253.0,1677468263.0,,,0.0,1677468263.0,1677468268.0,5.0,,0.0,10.0,5.0,2.0,826.0,,,poseidon,local,host-10-100-100-12.openstacklocal,pegasus::transfer,/home/poseidon/pegasus-5.1.0panorama/bin/pegasus-transfer,pegasus-kickstart  -n pegasus::transfer -N null -i - -R local  -L predict-future-sales -T 2023-02-17T19:59:06+00:00 pegasus-transfer  --threads 2,0.3,0,0,,,,,,,,,
stage_inter_local_model_predict_ID0000022_0,None,transfer,0,1677468248.0,,,1677468253.0,1677468253.0,1677468257.0,14557239.0,1677468253.0,1677468263.0,,,0.0,1677468263.0,1677468268.0,5.0,,0.0,10.0,5.0,4.0,54050130.0,,,poseidon,local,host-10-100-100-12.openstacklocal,pegasus::transfer,/home/poseidon/pegasus-5.1.0panorama/bin/pegasus-transfer,pegasus-kickstart  -n pegasus::transfer -N null -i - -R local  -L predict-future-sales -T 2023-02-17T19:59:06+00:00 pegasus-transfer  --threads 2,0.6,0,0,,,,,,,,,
stage_out_local_condorpool_3_0,None,transfer,0,1677468248.0,,,1677468253.0,,,0.0,1677468253.0,1677468283.0,1677468253.0,1677468276.0,132060470.0,1677468283.0,1677468288.0,5.0,,0.0,30.0,5.0,,,23.0,2993643458.0,poseidon,local,host-10-100-100-12.openstacklocal,pegasus::transfer,/home/poseidon/pegasus-5.1.0panorama/bin/pegasus-transfer,pegasus-kickstart  -n pegasus::transfer -N null -i - -R local  -L predict-future-sales -T 2023-02-17T19:59:06+00:00 pegasus-transfer  --threads 2,14.2,0,0,,,,,,,,,
stage_inter_local_xgboost_model_ID0000013_0,None,transfer,0,1677468248.0,,,1677468253.0,1677468253.0,1677468261.0,35446085.0,1677468253.0,1677468268.0,,,0.0,1677468268.0,1677468273.0,5.0,,0.0,15.0,5.0,8.0,269346726.0,,,poseidon,local,host-10-100-100-12.openstacklocal,pegasus::transfer,/home/poseidon/pegasus-5.1.0panorama/bin/pegasus-transfer,pegasus-kickstart  -n pegasus::transfer -N null -i - -R local  -L predict-future-sales -T 2023-02-17T19:59:06+00:00 pegasus-transfer  --threads 2,1.4,0,0,,,,,,,,,
stage_inter_local_model_predict_ID0000014_0,None,transfer,0,1677468248.0,,,1677468253.0,1677468253.0,1677468256.0,1268938.0,1677468253.0,1677468263.0,,,0.0,1677468263.0,1677468268.0,5.0,,0.0,10.0,5.0,3.0,4411696.0,,,poseidon,local,host-10-100-100-12.openstacklocal,pegasus::transfer,/home/poseidon/pegasus-5.1.0panorama/bin/pegasus-transfer,pegasus-kickstart  -n pegasus::transfer -N null -i - -R local  -L predict-future-sales -T 2023-02-17T19:59:06+00:00 pegasus-transfer  --threads 2,0.4,0,0,,,,,,,,,
xgboost_hp_tuning_workflow_ID0000015,None,compute,0,1677468268.0,,,1677468273.0,,,0.0,1677468273.0,1677468288.0,,,0.0,1677468288.0,1677468293.0,5.0,,0.0,15.0,5.0,,,,,poseidon,local,poseidon-submit.novalocal,xgboost_hp_tuning_workflow,/var/spool/condor/local_univ_execute/dir_610628/xgboost_hp_tuning_workflow,/home/poseidon/workflows/predict-future-sales-workflow/submit/poseidon/pegasus/predict-future-sales/run0244/00/00/xgboost_hp_tuning_workflow_ID0000015.sh,0.1,0,0,,,,,,,,,
xgboost_hp_tuning_workflow_ID0000011,None,compute,0,1677468268.0,,,1677468273.0,,,0.0,1677468273.0,1677468288.0,,,0.0,1677468288.0,1677468293.0,5.0,,0.0,15.0,5.0,,,,,poseidon,local,poseidon-submit.novalocal,xgboost_hp_tuning_workflow,/var/spool/condor/local_univ_execute/dir_610629/xgboost_hp_tuning_workflow,/home/poseidon/workflows/predict-future-sales-workflow/submit/poseidon/pegasus/predict-future-sales/run0244/00/00/xgboost_hp_tuning_workflow_ID0000011.sh,0.1,0,0,,,,,,,,,
xgboost_hp_tuning_workflow_ID0000019,None,compute,0,1677468268.0,,,1677468273.0,,,0.0,1677468273.0,1677468288.0,,,0.0,1677468288.0,1677468293.0,5.0,,0.0,15.0,5.0,,,,,poseidon,local,poseidon-submit.novalocal,xgboost_hp_tuning_workflow,/var/spool/condor/local_univ_execute/dir_610630/xgboost_hp_tuning_workflow,/home/poseidon/workflows/predict-future-sales-workflow/submit/poseidon/pegasus/predict-future-sales/run0244/00/00/xgboost_hp_tuning_workflow_ID0000019.sh,0.1,0,0,,,,,,,,,
register_condorpool_3_0,None,auxiliary,0,1677468288.0,,,1677468293.0,,,0.0,1677468293.0,1677468298.0,,,0.0,1677468298.0,1677468303.0,5.0,,0.0,5.0,5.0,,,,,poseidon,local,host-10-100-100-12.openstacklocal,pegasus::rc-client,/home/poseidon/pegasus-5.1.0panorama/bin/pegasus-rc-client,pegasus-kickstart  -n pegasus::rc-client -N null -R local  -L predict-future-sales -T 2023-02-17T19:59:06+00:00 /home/poseidon/pegasus-5.1.0panorama/bin/pegasus-rc-client --prefix pegasus.catalog.replica.output --conf /home/poseidon/workflows/predict-future-sales-workflow/submit/poseidon/pegasus/predict-future-sales/run0244/pegasus.17951679481849592821.properties -v --meta /home/poseidon/workflows/predict-future-sales-workflow/submit/poseidon/pegasus/predict-future-sales/run0244/00/00/feature_merge_ID0000010.meta --insert /home/poseidon/workflows/predict-future-sales-workflow/submit/poseidon/pegasus/predict-future-sales/run0244/00/00/register_condorpool_3_0.in,3.0,0,0,,,,,,,,,
pegasus-plan_ID0000016,None,subwf,0,1677468293.0,1677468293.0,1677468298.0,1677468303.0,,,0.0,1677468303.0,1677468548.0,,,0.0,,,0.0,5.0,0.0,245.0,,,,,,poseidon,local,poseidon-submit,condor::dagman,/usr/bin/condor_dagman,-p 0  -f -l . -Notification never -Debug 3 -Lockfile xgboost_hp_tuning_group_1.dag.lock -Dag xgboost_hp_tuning_group_1.dag -AllowVersionMismatch  -AutoRescue 1 -DoRescueFrom 0,0.0,0,0,,,,,,,,,
pegasus-plan_ID0000012,None,subwf,0,1677468293.0,1677468293.0,1677468298.0,1677468303.0,,,0.0,1677468303.0,1677468928.0,,,0.0,,,0.0,5.0,0.0,625.0,,,,,,poseidon,local,poseidon-submit,condor::dagman,/usr/bin/condor_dagman,-p 0  -f -l . -Notification never -Debug 3 -Lockfile xgboost_hp_tuning_group_0.dag.lock -Dag xgboost_hp_tuning_group_0.dag -AllowVersionMismatch  -AutoRescue 1 -DoRescueFrom 0,0.0,0,0,,,,,,,,,
stage_out_local_local_4_0,None,transfer,0,1677468293.0,,,1677468298.0,,,0.0,1677468298.0,1677468308.0,1677468298.0,1677468302.0,21081.0,1677468308.0,1677468313.0,5.0,,0.0,10.0,5.0,,,4.0,85038.0,poseidon,local,host-10-100-100-12.openstacklocal,pegasus::transfer,/home/poseidon/pegasus-5.1.0panorama/bin/pegasus-transfer,pegasus-kickstart  -n pegasus::transfer -N null -i - -R local  -L predict-future-sales -T 2023-02-17T19:59:06+00:00 pegasus-transfer  --threads 2,0.5,0,0,,,,,,,,,
pegasus-plan_ID0000020,None,subwf,0,1677468293.0,1677468293.0,1677468298.0,1677468303.0,,,0.0,1677468303.0,1677469379.0,,,0.0,,,0.0,5.0,0.0,1076.0,,,,,,poseidon,local,poseidon-submit,condor::dagman,/usr/bin/condor_dagman,-p 0  -f -l . -Notification never -Debug 3 -Lockfile xgboost_hp_tuning_group_2.dag.lock -Dag xgboost_hp_tuning_group_2.dag -AllowVersionMismatch  -AutoRescue 1 -DoRescueFrom 0,0.0,0,0,,,,,,,,,
create_dir_predict-future-sales-hp-tuning_0_condorpool_pegasus-plan_ID0000012,None,auxiliary,0,1677468303.0,,,1677468304.0,,,0.0,1677468307.0,1677468314.0,,,0.0,1677468314.0,1677468319.0,1.0,,3.0,7.0,5.0,,,,,poseidon,local,host-10-100-100-12.openstacklocal,pegasus::dirmanager,/home/poseidon/pegasus-5.1.0panorama/bin/pegasus-transfer,pegasus-kickstart  -n pegasus::dirmanager -N null -i - -R local  -L xgboost_hp_tuning_group_0 -T 2023-02-27T03:24:55+00:00 pegasus-transfer,0.3,0,0,,,,,,,,,
create_dir_predict-future-sales-hp-tuning_0_condorpool_pegasus-plan_ID0000016,None,auxiliary,0,1677468303.0,,,1677468304.0,,,0.0,1677468307.0,1677468314.0,,,0.0,1677468314.0,1677468319.0,1.0,,3.0,7.0,5.0,,,,,poseidon,local,host-10-100-100-12.openstacklocal,pegasus::dirmanager,/home/poseidon/pegasus-5.1.0panorama/bin/pegasus-transfer,pegasus-kickstart  -n pegasus::dirmanager -N null -i - -R local  -L xgboost_hp_tuning_group_1 -T 2023-02-27T03:24:55+00:00 pegasus-transfer,0.3,0,0,,,,,,,,,
create_dir_predict-future-sales-hp-tuning_0_condorpool_pegasus-plan_ID0000020,None,auxiliary,0,1677468303.0,,,1677468304.0,,,0.0,1677468307.0,1677468314.0,,,0.0,1677468314.0,1677468319.0,1.0,,3.0,7.0,5.0,,,,,poseidon,local,host-10-100-100-12.openstacklocal,pegasus::dirmanager,/home/poseidon/pegasus-5.1.0panorama/bin/pegasus-transfer,pegasus-kickstart  -n pegasus::dirmanager -N null -i - -R local  -L xgboost_hp_tuning_group_2 -T 2023-02-27T03:24:55+00:00 pegasus-transfer,0.3,0,0,,,,,,,,,
register_local_4_0,None,auxiliary,0,1677468313.0,,,1677468318.0,,,0.0,1677468318.0,1677468323.0,,,0.0,1677468323.0,1677468328.0,5.0,,0.0,5.0,5.0,,,,,poseidon,local,host-10-100-100-12.openstacklocal,pegasus::rc-client,/home/poseidon/pegasus-5.1.0panorama/bin/pegasus-rc-client,"pegasus-kickstart  -n pegasus::rc-client -N null -R local  -L predict-future-sales -T 2023-02-17T19:59:06+00:00 /home/poseidon/pegasus-5.1.0panorama/bin/pegasus-rc-client --prefix pegasus.catalog.replica.output --conf /home/poseidon/workflows/predict-future-sales-workflow/submit/poseidon/pegasus/predict-future-sales/run0244/pegasus.17951679481849592821.properties -v --meta /home/poseidon/workflows/predict-future-sales-workflow/submit/poseidon/pegasus/predict-future-sales/run0244/00/00/xgboost_hp_tuning_workflow_ID0000011.meta,/home/poseidon/workflows/predict-future-sales-workflow/submit/poseidon/pegasus/predict-future-sales/run0244/00/00/xgboost_hp_tuning_workflow_ID0000019.meta,/home/poseidon/workflows/predict-future-sales-workflow/submit/poseidon/pegasus/predict-future-sales/run0244/00/00/xgboost_hp_tuning_workflow_ID0000015.meta --insert /home/poseidon/workflows/predict-future-sales-workflow/submit/poseidon/pegasus/predict-future-sales/run0244/00/00/register_local_4_0.in",2.9,0,0,,,,,,,,,
stage_in_local_condorpool_0_2_pegasus-plan_ID0000012,None,transfer,0,1677468319.0,,,1677468324.0,1677468325.0,1677468335.0,71204568.0,1677468325.0,1677468344.0,,,0.0,1677468344.0,1677468349.0,5.0,,1.0,19.0,5.0,10.0,735985664.0,,,poseidon,local,host-10-100-100-12.openstacklocal,pegasus::transfer,/home/poseidon/pegasus-5.1.0panorama/bin/pegasus-transfer,-n pegasus::transfer -N null -i - -R local  -L xgboost_hp_tuning_group_0 -T 2023-02-27T03:24:55+00:00 /home/poseidon/pegasus-5.1.0panorama/bin/../bin/pegasus-transfer  --threads 2,4.2,0,0,,,,,,,,,
stage_in_local_condorpool_0_0_pegasus-plan_ID0000016,None,transfer,0,1677468319.0,,,1677468324.0,1677468325.0,1677468329.0,2743.0,1677468325.0,1677468339.0,,,0.0,1677468339.0,1677468344.0,5.0,,1.0,14.0,5.0,4.0,12142.0,,,poseidon,local,host-10-100-100-12.openstacklocal,pegasus::transfer,/home/poseidon/pegasus-5.1.0panorama/bin/pegasus-transfer,-n pegasus::transfer -N null -i - -R local  -L xgboost_hp_tuning_group_1 -T 2023-02-27T03:24:55+00:00 /home/poseidon/pegasus-5.1.0panorama/bin/../bin/pegasus-transfer  --threads 2,0.6,0,0,,,,,,,,,
stage_in_local_condorpool_1_0_pegasus-plan_ID0000016,None,transfer,0,1677468319.0,,,1677468324.0,1677468325.0,1677468328.0,813.0,1677468325.0,1677468334.0,,,0.0,1677468334.0,1677468339.0,5.0,,1.0,9.0,5.0,3.0,2874.0,,,poseidon,local,host-10-100-100-12.openstacklocal,pegasus::transfer,/home/poseidon/pegasus-5.1.0panorama/bin/pegasus-transfer,-n pegasus::transfer -N null -i - -R local  -L xgboost_hp_tuning_group_1 -T 2023-02-27T03:24:55+00:00 /home/poseidon/pegasus-5.1.0panorama/bin/../bin/pegasus-transfer  --threads 2,0.5,0,0,,,,,,,,,
stage_in_local_condorpool_0_1_pegasus-plan_ID0000016,None,transfer,0,1677468319.0,,,1677468324.0,1677468325.0,1677468329.0,5066187.0,1677468325.0,1677468334.0,,,0.0,1677468334.0,1677468339.0,5.0,,1.0,9.0,5.0,4.0,19294600.0,,,poseidon,local,host-10-100-100-12.openstacklocal,pegasus::transfer,/home/poseidon/pegasus-5.1.0panorama/bin/pegasus-transfer,-n pegasus::transfer -N null -i - -R local  -L xgboost_hp_tuning_group_1 -T 2023-02-27T03:24:55+00:00 /home/poseidon/pegasus-5.1.0panorama/bin/../bin/pegasus-transfer  --threads 2,0.6,0,0,,,,,,,,,
stage_in_local_condorpool_0_2_pegasus-plan_ID0000016,None,transfer,0,1677468319.0,,,1677468324.0,1677468325.0,1677468335.0,71245605.0,1677468325.0,1677468344.0,,,0.0,1677468344.0,1677468349.0,5.0,,1.0,19.0,5.0,10.0,735985664.0,,,poseidon,local,host-10-100-100-12.openstacklocal,pegasus::transfer,/home/poseidon/pegasus-5.1.0panorama/bin/pegasus-transfer,-n pegasus::transfer -N null -i - -R local  -L xgboost_hp_tuning_group_1 -T 2023-02-27T03:24:55+00:00 /home/poseidon/pegasus-5.1.0panorama/bin/../bin/pegasus-transfer  --threads 2,4.2,0,0,,,,,,,,,
stage_in_local_condorpool_0_1_pegasus-plan_ID0000012,None,transfer,0,1677468319.0,,,1677468324.0,1677468325.0,1677468331.0,46206839.0,1677468325.0,1677468339.0,,,0.0,1677468339.0,1677468344.0,5.0,,1.0,14.0,5.0,6.0,269346726.0,,,poseidon,local,host-10-100-100-12.openstacklocal,pegasus::transfer,/home/poseidon/pegasus-5.1.0panorama/bin/pegasus-transfer,-n pegasus::transfer -N null -i - -R local  -L xgboost_hp_tuning_group_0 -T 2023-02-27T03:24:55+00:00 /home/poseidon/pegasus-5.1.0panorama/bin/../bin/pegasus-transfer  --threads 2,1.9,0,0,,,,,,,,,
stage_in_local_condorpool_0_2_pegasus-plan_ID0000020,None,transfer,0,1677468319.0,,,1677468324.0,1677468325.0,1677468335.0,72407112.0,1677468325.0,1677468345.0,,,0.0,1677468345.0,1677468350.0,5.0,,1.0,20.0,5.0,10.0,735985664.0,,,poseidon,local,host-10-100-100-12.openstacklocal,pegasus::transfer,/home/poseidon/pegasus-5.1.0panorama/bin/pegasus-transfer,-n pegasus::transfer -N null -i - -R local  -L xgboost_hp_tuning_group_2 -T 2023-02-27T03:24:55+00:00 /home/poseidon/pegasus-5.1.0panorama/bin/../bin/pegasus-transfer  --threads 2,4.2,0,0,,,,,,,,,
stage_in_local_condorpool_0_0_pegasus-plan_ID0000012,None,transfer,0,1677468319.0,,,1677468324.0,1677468325.0,1677468329.0,2758.0,1677468325.0,1677468339.0,,,0.0,1677468339.0,1677468344.0,5.0,,1.0,14.0,5.0,4.0,12142.0,,,poseidon,local,host-10-100-100-12.openstacklocal,pegasus::transfer,/home/poseidon/pegasus-5.1.0panorama/bin/pegasus-transfer,-n pegasus::transfer -N null -i - -R local  -L xgboost_hp_tuning_group_0 -T 2023-02-27T03:24:55+00:00 /home/poseidon/pegasus-5.1.0panorama/bin/../bin/pegasus-transfer  --threads 2,0.6,0,0,,,,,,,,,
stage_in_local_condorpool_1_0_pegasus-plan_ID0000012,None,transfer,0,1677468319.0,,,1677468324.0,1677468325.0,1677468328.0,813.0,1677468325.0,1677468334.0,,,0.0,1677468334.0,1677468339.0,5.0,,1.0,9.0,5.0,3.0,2874.0,,,poseidon,local,host-10-100-100-12.openstacklocal,pegasus::transfer,/home/poseidon/pegasus-5.1.0panorama/bin/pegasus-transfer,-n pegasus::transfer -N null -i - -R local  -L xgboost_hp_tuning_group_0 -T 2023-02-27T03:24:55+00:00 /home/poseidon/pegasus-5.1.0panorama/bin/../bin/pegasus-transfer  --threads 2,0.4,0,0,,,,,,,,,
stage_in_local_condorpool_0_0_pegasus-plan_ID0000020,None,transfer,0,1677468319.0,,,1677468324.0,1677468325.0,1677468329.0,2792.0,1677468325.0,1677468340.0,,,0.0,1677468340.0,1677468345.0,5.0,,1.0,15.0,5.0,4.0,12142.0,,,poseidon,local,host-10-100-100-12.openstacklocal,pegasus::transfer,/home/poseidon/pegasus-5.1.0panorama/bin/pegasus-transfer,-n pegasus::transfer -N null -i - -R local  -L xgboost_hp_tuning_group_2 -T 2023-02-27T03:24:55+00:00 /home/poseidon/pegasus-5.1.0panorama/bin/../bin/pegasus-transfer  --threads 2,0.6,0,0,,,,,,,,,
stage_in_local_condorpool_1_0_pegasus-plan_ID0000020,None,transfer,0,1677468319.0,,,1677468324.0,1677468325.0,1677468329.0,813.0,1677468325.0,1677468334.0,,,0.0,1677468334.0,1677468340.0,5.0,,1.0,9.0,6.0,4.0,2874.0,,,poseidon,local,host-10-100-100-12.openstacklocal,pegasus::transfer,/home/poseidon/pegasus-5.1.0panorama/bin/pegasus-transfer,-n pegasus::transfer -N null -i - -R local  -L xgboost_hp_tuning_group_2 -T 2023-02-27T03:24:55+00:00 /home/poseidon/pegasus-5.1.0panorama/bin/../bin/pegasus-transfer  --threads 2,0.5,0,0,,,,,,,,,
stage_in_local_condorpool_0_1_pegasus-plan_ID0000020,None,transfer,0,1677468319.0,,,1677468324.0,1677468325.0,1677468342.0,155423192.0,1677468325.0,1677468350.0,,,0.0,1677468350.0,1677468355.0,5.0,,1.0,25.0,5.0,17.0,2646308508.0,,,poseidon,local,host-10-100-100-12.openstacklocal,pegasus::transfer,/home/poseidon/pegasus-5.1.0panorama/bin/pegasus-transfer,-n pegasus::transfer -N null -i - -R local  -L xgboost_hp_tuning_group_2 -T 2023-02-27T03:24:55+00:00 /home/poseidon/pegasus-5.1.0panorama/bin/../bin/pegasus-transfer  --threads 2,11.7,0,0,,,,,,,,,
xgboost_hp_tuning_ID0000023_pegasus-plan_ID0000016,None,compute,0,1677468349.0,,,1677468354.0,1677468357.0,1677468372.0,45876969.2,1677468403.0,1677468444.0,1677468383.0,1677468387.0,266.0,1677468444.0,1677468449.0,5.0,,49.0,41.0,5.0,15.0,377646203.0,4.0,1090.0,poseidon,condorpool,poseidon-worker-3-container-40-47,xgboost_hp_tuning,/srv/xgboost_hp_tuning,,18.4,0,0,,,,,,,,,
xgboost_hp_tuning_ID0000012_pegasus-plan_ID0000016,cpu_3,compute,0,1677468349.0,,,1677468354.0,1677468357.0,1677468372.0,45945865.8,1677468403.0,1677468444.0,1677468382.0,1677468387.0,251.0,1677468444.0,1677468449.0,5.0,,49.0,41.0,5.0,15.0,377646203.0,5.0,1049.0,poseidon,condorpool,poseidon-worker-3-container-24-31,xgboost_hp_tuning,/srv/xgboost_hp_tuning,,11.8,0,0,,,,,,,,,
xgboost_hp_tuning_ID0000001_pegasus-plan_ID0000016,None,compute,0,1677468349.0,,,1677468354.0,1677468357.0,1677468372.0,45730492.5,1677468403.0,1677468444.0,1677468384.0,1677468388.0,257.0,1677468444.0,1677468449.0,5.0,,49.0,41.0,5.0,15.0,377646203.0,4.0,1061.0,poseidon,condorpool,poseidon-worker-2-container-8-15,xgboost_hp_tuning,/srv/xgboost_hp_tuning,,24.5,0,0,,,,,,,,,
xgboost_hp_tuning_ID0000004_pegasus-plan_ID0000012,None,compute,0,1677468349.0,,,1677468354.0,1677468396.0,1677468412.0,51492531.0,1677468442.0,1677468495.0,1677468437.0,1677468441.0,253.0,1677468495.0,1677468500.0,5.0,,88.0,53.0,5.0,16.0,502672266.0,4.0,1062.0,poseidon,condorpool,poseidon-worker-3-container-40-47,xgboost_hp_tuning,/srv/xgboost_hp_tuning,,95.3,0,0,0.0,157966104.0,40.0,3303.0,2.0,42.8,3.0,15796610.4,4.0
xgboost_hp_tuning_ID0000016_pegasus-plan_ID0000012,cpu_3,compute,0,1677468349.0,,,1677468354.0,1677468395.0,1677468412.0,51460522.3,1677468442.0,1677468500.0,1677468441.0,1677468445.0,252.0,1677468500.0,1677468505.0,5.0,,88.0,58.0,5.0,17.0,502672266.0,4.0,1054.0,poseidon,condorpool,poseidon-worker-3-container-24-31,xgboost_hp_tuning,/srv/xgboost_hp_tuning,,78.3,0,0,0.0,157970754.0,40.0,3319.0,2.0,63.8,3.4,7898537.7,4.0
xgboost_hp_tuning_ID0000005_pegasus-plan_ID0000012,cpu_3,compute,0,1677468349.0,,,1677468354.0,1677468357.0,1677468374.0,51283132.3,1677468403.0,1677468470.0,1677468408.0,1677468412.0,256.0,1677468470.0,1677468475.0,5.0,,49.0,67.0,5.0,17.0,502672266.0,4.0,1078.0,poseidon,condorpool,poseidon-worker-1-container-32-39,xgboost_hp_tuning,/srv/xgboost_hp_tuning,,100.1,0,0,0.0,157972525.0,40.0,3321.0,2.0,68.3,3.0,7898626.2,4.0
xgboost_hp_tuning_ID0000015_pegasus-plan_ID0000012,None,compute,0,1677468349.0,,,1677468354.0,1677468397.0,1677468414.0,51285679.0,1677468443.0,1677468500.0,1677468438.0,1677468442.0,253.0,1677468500.0,1677468505.0,5.0,,89.0,57.0,5.0,17.0,502672266.0,4.0,1053.0,poseidon,condorpool,poseidon-worker-2-container-8-15,xgboost_hp_tuning,/srv/xgboost_hp_tuning,,94.4,0,0,0.1,157967940.0,40.0,3305.0,2.0,45.5,2.5,15796794.0,4.0
xgboost_hp_tuning_ID0000017_pegasus-plan_ID0000012,None,compute,0,1677468349.0,,,1677468354.0,1677468357.0,1677468374.0,51398226.0,1677468403.0,1677468460.0,1677468400.0,1677468404.0,254.0,1677468460.0,1677468465.0,5.0,,49.0,57.0,5.0,17.0,502672266.0,4.0,1055.0,poseidon,condorpool,poseidon-worker-1-container-8-15,xgboost_hp_tuning,/srv/xgboost_hp_tuning,,103.6,0,0,0.0,157967878.0,40.0,3305.0,2.0,42.9,2.8,15796787.8,4.0
xgboost_hp_tuning_ID0000010_pegasus-plan_ID0000016,None,compute,0,1677468349.0,,,1677468354.0,1677468318.0,1677468334.0,45670540.0,1677468364.0,1677468404.0,1677468344.0,1677468348.0,246.0,1677468404.0,1677468409.0,5.0,,10.0,40.0,5.0,16.0,377646203.0,4.0,1048.0,poseidon,condorpool,poseidon-worker-2-container-0-7,xgboost_hp_tuning,/srv/xgboost_hp_tuning,,17.1,0,0,,,,,,,,,
xgboost_hp_tuning_ID0000018_pegasus-plan_ID0000012,None,compute,0,1677468349.0,,,1677468354.0,1677468357.0,1677468374.0,51289982.3,1677468403.0,1677468465.0,1677468402.0,1677468407.0,249.0,1677468465.0,1677468470.0,5.0,,49.0,62.0,5.0,17.0,502672266.0,5.0,1054.0,poseidon,condorpool,poseidon-worker-2-container-24-31,xgboost_hp_tuning,/srv/xgboost_hp_tuning,,118.2,0,0,0.1,157972540.0,40.0,3321.0,2.0,103.6,3.9,7898627.0,4.0
xgboost_hp_tuning_ID0000007_pegasus-plan_ID0000012,cpu_3,compute,0,1677468349.0,,,1677468354.0,1677468357.0,1677468374.0,51465350.3,1677468403.0,1677468465.0,1677468403.0,1677468408.0,258.0,1677468465.0,1677468470.0,5.0,,49.0,62.0,5.0,17.0,502672266.0,5.0,1063.0,poseidon,condorpool,poseidon-worker-2-container-32-39,xgboost_hp_tuning,/srv/xgboost_hp_tuning,,76.0,0,0,0.1,157972535.0,40.0,3321.0,2.0,63.7,2.6,7898626.8,4.0
xgboost_hp_tuning_ID0000019_pegasus-plan_ID0000012,None,compute,0,1677468349.0,,,1677468354.0,1677468357.0,1677468374.0,51394034.7,1677468403.0,1677468465.0,1677468402.0,1677468406.0,252.0,1677468465.0,1677468470.0,5.0,,49.0,62.0,5.0,17.0,502672266.0,4.0,1058.0,poseidon,condorpool,poseidon-worker-1-container-40-47,xgboost_hp_tuning,/srv/xgboost_hp_tuning,,113.4,0,0,0.1,157972713.0,40.0,3321.0,2.0,101.0,3.7,7898635.7,4.0
xgboost_hp_tuning_ID0000013_pegasus-plan_ID0000016,None,compute,0,1677468349.0,,,1677468354.0,1677468356.0,1677468372.0,45842648.0,1677468403.0,1677468449.0,1677468391.0,1677468395.0,257.0,1677468449.0,1677468454.0,5.0,,49.0,46.0,5.0,16.0,377646203.0,4.0,1055.0,poseidon,condorpool,poseidon-worker-3-container-16-23,xgboost_hp_tuning,/srv/xgboost_hp_tuning,,71.0,0,0,0.0,32939964.0,40.0,3303.0,2.0,51.6,1.9,3293996.4,4.0
xgboost_hp_tuning_ID0000009_pegasus-plan_ID0000012,None,compute,0,1677468349.0,,,1677468354.0,1677468357.0,1677468374.0,51432084.0,1677468403.0,1677468465.0,1677468405.0,1677468409.0,256.0,1677468465.0,1677468470.0,5.0,,49.0,62.0,5.0,17.0,502672266.0,4.0,1058.0,poseidon,condorpool,poseidon-worker-1-container-16-23,xgboost_hp_tuning,/srv/xgboost_hp_tuning,,143.5,0,0,0.1,157972542.0,40.0,3321.0,2.0,113.2,3.0,7898627.1,4.0
xgboost_hp_tuning_ID0000011_pegasus-plan_ID0000012,cpu_3,compute,0,1677468349.0,,,1677468354.0,1677468357.0,1677468373.0,51592394.3,1677468403.0,1677468460.0,1677468400.0,1677468404.0,256.0,1677468460.0,1677468465.0,5.0,,49.0,57.0,5.0,16.0,502672266.0,4.0,1050.0,poseidon,condorpool,poseidon-worker-3-container-8-15,xgboost_hp_tuning,/srv/xgboost_hp_tuning,,71.9,0,0,0.0,157973374.0,40.0,3325.0,2.0,67.1,3.5,7898668.7,4.0
xgboost_hp_tuning_ID0000022_pegasus-plan_ID0000012,None,compute,0,1677468349.0,,,1677468354.0,1677468357.0,1677468373.0,51633294.7,1677468403.0,1677468460.0,1677468400.0,1677468404.0,256.0,1677468460.0,1677468465.0,5.0,,49.0,57.0,5.0,16.0,502672266.0,4.0,1064.0,poseidon,condorpool,poseidon-worker-3-container-32-39,xgboost_hp_tuning,/srv/xgboost_hp_tuning,,105.9,0,0,0.0,157970670.0,4039.0,3319.0,5.0,101.6,4.3,7898533.5,201.9
xgboost_hp_tuning_ID0000010_pegasus-plan_ID0000012,None,compute,0,1677468349.0,,,1677468354.0,1677468357.0,1677468374.0,51418174.7,1677468403.0,1677468465.0,1677468403.0,1677468407.0,250.0,1677468465.0,1677468470.0,5.0,,49.0,62.0,5.0,17.0,502672266.0,4.0,1050.0,poseidon,condorpool,poseidon-worker-2-container-0-7,xgboost_hp_tuning,/srv/xgboost_hp_tuning,,112.5,0,0,0.1,157972464.0,40.0,3321.0,2.0,94.3,3.7,7898623.2,4.0
xgboost_hp_tuning_ID0000021_pegasus-plan_ID0000012,None,compute,0,1677468349.0,,,1677468354.0,1677468357.0,1677468374.0,51210555.3,1677468403.0,1677468460.0,1677468397.0,1677468402.0,253.0,1677468460.0,1677468465.0,5.0,,49.0,57.0,5.0,17.0,502672266.0,5.0,1063.0,poseidon,condorpool,poseidon-worker-1-container-0-7,xgboost_hp_tuning,/srv/xgboost_hp_tuning,,86.8,0,0,0.0,157967841.0,40.0,3305.0,2.0,43.3,2.8,15796784.1,4.0
xgboost_hp_tuning_ID0000006_pegasus-plan_ID0000012,cpu_3,compute,0,1677468349.0,,,1677468354.0,1677468357.0,1677468374.0,51434327.3,1677468403.0,1677468460.0,1677468402.0,1677468406.0,254.0,1677468460.0,1677468465.0,5.0,,49.0,57.0,5.0,17.0,502672266.0,4.0,1067.0,poseidon,condorpool,poseidon-worker-2-container-16-23,xgboost_hp_tuning,/srv/xgboost_hp_tuning,,76.4,0,0,0.1,157972713.0,40.0,3321.0,2.0,69.5,3.0,7898635.6,4.0
xgboost_hp_tuning_ID0000002_pegasus-plan_ID0000016,None,compute,0,1677468349.0,,,1677468354.0,1677468356.0,1677468372.0,45904466.8,1677468403.0,1677468449.0,1677468390.0,1677468395.0,255.0,1677468449.0,1677468454.0,5.0,,49.0,46.0,5.0,16.0,377646203.0,5.0,1063.0,poseidon,condorpool,poseidon-worker-3-container-0-7,xgboost_hp_tuning,/srv/xgboost_hp_tuning,,64.7,0,0,0.0,32940048.0,40.0,3303.0,2.0,48.9,1.8,3294004.8,4.0
xgboost_hp_tuning_ID0000016_pegasus-plan_ID0000016,None,compute,0,1677468349.0,,,1677468354.0,1677468318.0,1677468333.0,45905010.0,1677468364.0,1677468404.0,1677468344.0,1677468348.0,248.0,1677468404.0,1677468409.0,5.0,,10.0,40.0,5.0,15.0,377646203.0,4.0,1053.0,poseidon,condorpool,poseidon-worker-3-container-32-39,xgboost_hp_tuning,/srv/xgboost_hp_tuning,,18.1,0,0,,,,,,,,,
xgboost_hp_tuning_ID0000003_pegasus-plan_ID0000016,None,compute,0,1677468349.0,,,1677468354.0,1677468318.0,1677468333.0,45902104.0,1677468364.0,1677468404.0,1677468343.0,1677468348.0,249.0,1677468404.0,1677468409.0,5.0,,10.0,40.0,5.0,15.0,377646203.0,5.0,1066.0,poseidon,condorpool,poseidon-worker-3-container-16-23,xgboost_hp_tuning,/srv/xgboost_hp_tuning,,16.2,0,0,,,,,,,,,
xgboost_hp_tuning_ID0000023_pegasus-plan_ID0000012,None,compute,0,1677468349.0,,,1677468354.0,1677468415.0,1677468432.0,51380410.3,1677468461.0,1677468520.0,1677468460.0,1677468464.0,260.0,1677468520.0,1677468525.0,5.0,,107.0,59.0,5.0,17.0,502672266.0,4.0,1090.0,poseidon,condorpool,poseidon-worker-1-container-40-47,xgboost_hp_tuning,/srv/xgboost_hp_tuning,,117.5,0,0,0.1,157972718.0,40.0,3321.0,2.0,103.6,3.6,7898635.9,4.0
xgboost_hp_tuning_ID0000012_pegasus-plan_ID0000012,cpu_3,compute,0,1677468349.0,,,1677468354.0,1677468413.0,1677468430.0,51513195.3,1677468459.0,1677468520.0,1677468458.0,1677468462.0,255.0,1677468520.0,1677468525.0,5.0,,105.0,61.0,5.0,17.0,502672266.0,4.0,1050.0,poseidon,condorpool,poseidon-worker-3-container-8-15,xgboost_hp_tuning,/srv/xgboost_hp_tuning,,76.4,0,0,0.1,157970717.0,40.0,3319.0,2.0,65.5,3.1,7898535.9,4.0
xgboost_hp_tuning_ID0000001_pegasus-plan_ID0000012,None,compute,0,1677468349.0,,,1677468354.0,1677468413.0,1677468430.0,51372499.3,1677468459.0,1677468525.0,1677468464.0,1677468469.0,253.0,1677468525.0,1677468530.0,5.0,,105.0,66.0,5.0,17.0,502672266.0,5.0,1062.0,poseidon,condorpool,poseidon-worker-1-container-8-15,xgboost_hp_tuning,/srv/xgboost_hp_tuning,,159.3,0,0,0.1,157972602.0,40.0,3321.0,2.0,108.5,3.6,7898630.1,4.0
xgboost_hp_tuning_ID0000013_pegasus-plan_ID0000012,None,compute,0,1677468349.0,,,1677468354.0,1677468413.0,1677468430.0,51493619.0,1677468459.0,1677468515.0,1677468455.0,1677468459.0,254.0,1677468515.0,1677468520.0,5.0,,105.0,56.0,5.0,17.0,502672266.0,4.0,1056.0,poseidon,condorpool,poseidon-worker-3-container-32-39,xgboost_hp_tuning,/srv/xgboost_hp_tuning,,100.2,0,0,0.0,157966108.0,40.0,3303.0,2.0,41.6,3.0,15796610.8,4.0
xgboost_hp_tuning_ID0000002_pegasus-plan_ID0000012,None,compute,0,1677468349.0,,,1677468354.0,1677468410.0,1677468427.0,51158080.7,1677468457.0,1677468535.0,1677468473.0,1677468477.0,254.0,1677468535.0,1677468540.0,5.0,,103.0,78.0,5.0,17.0,502672266.0,4.0,1062.0,poseidon,condorpool,poseidon-worker-1-container-0-7,xgboost_hp_tuning,/srv/xgboost_hp_tuning,,211.9,0,0,0.1,157976377.0,40.0,3336.0,2.0,153.1,3.2,5265879.2,4.0
xgboost_hp_tuning_ID0000014_pegasus-plan_ID0000012,None,compute,0,1677468349.0,,,1677468354.0,1677468404.0,1677468420.0,51462578.0,1677468450.0,1677468505.0,1677468444.0,1677468448.0,253.0,1677468505.0,1677468510.0,5.0,,96.0,55.0,5.0,16.0,502672266.0,4.0,1055.0,poseidon,condorpool,poseidon-worker-3-container-16-23,xgboost_hp_tuning,/srv/xgboost_hp_tuning,,88.2,0,0,0.0,157966106.0,40.0,3303.0,2.0,41.3,2.8,15796610.6,4.0
xgboost_hp_tuning_ID0000003_pegasus-plan_ID0000012,None,compute,0,1677468349.0,,,1677468354.0,1677468403.0,1677468420.0,51450122.0,1677468449.0,1677468515.0,1677468457.0,1677468461.0,258.0,1677468515.0,1677468520.0,5.0,,95.0,66.0,5.0,17.0,502672266.0,4.0,1067.0,poseidon,condorpool,poseidon-worker-3-container-0-7,xgboost_hp_tuning,/srv/xgboost_hp_tuning,,160.7,0,0,0.0,157974580.0,40.0,3335.0,2.0,155.8,3.5,5265819.3,4.0
xgboost_hp_tuning_ID0000009_pegasus-plan_ID0000016,cpu_3,compute,0,1677468349.0,,,1677468354.0,1677468318.0,1677468334.0,45750604.8,1677468364.0,1677468404.0,1677468344.0,1677468348.0,252.0,1677468404.0,1677468409.0,5.0,,10.0,40.0,5.0,16.0,377646203.0,4.0,1058.0,poseidon,condorpool,poseidon-worker-2-container-16-23,xgboost_hp_tuning,/srv/xgboost_hp_tuning,,11.5,0,0,,,,,,,,,
xgboost_hp_tuning_ID0000011_pegasus-plan_ID0000016,None,compute,0,1677468349.0,,,1677468354.0,1677468318.0,1677468333.0,45822852.2,1677468364.0,1677468404.0,1677468343.0,1677468348.0,240.0,1677468404.0,1677468409.0,5.0,,10.0,40.0,5.0,15.0,377646203.0,5.0,1050.0,poseidon,condorpool,poseidon-worker-3-container-0-7,xgboost_hp_tuning,/srv/xgboost_hp_tuning,,16.9,0,0,,,,,,,,,
xgboost_hp_tuning_ID0000022_pegasus-plan_ID0000016,None,compute,0,1677468349.0,,,1677468354.0,1677468318.0,1677468334.0,45707955.8,1677468364.0,1677468404.0,1677468344.0,1677468348.0,251.0,1677468404.0,1677468409.0,5.0,,10.0,40.0,5.0,16.0,377646203.0,4.0,1064.0,poseidon,condorpool,poseidon-worker-1-container-40-47,xgboost_hp_tuning,/srv/xgboost_hp_tuning,,16.0,0,0,,,,,,,,,
xgboost_hp_tuning_ID0000014_pegasus-plan_ID0000016,cpu_3,compute,0,1677468349.0,,,1677468354.0,1677468318.0,1677468333.0,45952761.2,1677468364.0,1677468404.0,1677468344.0,1677468348.0,249.0,1677468404.0,1677468409.0,5.0,,10.0,40.0,5.0,15.0,377646203.0,4.0,1054.0,poseidon,condorpool,poseidon-worker-3-container-8-15,xgboost_hp_tuning,/srv/xgboost_hp_tuning,,11.8,0,0,,,,,,,,,
xgboost_hp_tuning_ID0000021_pegasus-plan_ID0000016,cpu_3,compute,0,1677468349.0,,,1677468354.0,1677468318.0,1677468334.0,45797490.2,1677468364.0,1677468404.0,1677468344.0,1677468348.0,249.0,1677468404.0,1677468409.0,5.0,,10.0,40.0,5.0,16.0,377646203.0,4.0,1061.0,poseidon,condorpool,poseidon-worker-1-container-32-39,xgboost_hp_tuning,/srv/xgboost_hp_tuning,,11.5,0,0,,,,,,,,,
xgboost_hp_tuning_ID0000008_pegasus-plan_ID0000016,None,compute,0,1677468349.0,,,1677468354.0,1677468318.0,1677468333.0,45632037.2,1677468364.0,1677468404.0,1677468344.0,1677468348.0,249.0,1677468404.0,1677468409.0,5.0,,10.0,40.0,5.0,15.0,377646203.0,4.0,1058.0,poseidon,condorpool,poseidon-worker-1-container-0-7,xgboost_hp_tuning,/srv/xgboost_hp_tuning,,16.9,0,0,,,,,,,,,
xgboost_hp_tuning_ID0000019_pegasus-plan_ID0000016,None,compute,0,1677468349.0,,,1677468354.0,1677468318.0,1677468334.0,45730316.8,1677468364.0,1677468404.0,1677468344.0,1677468348.0,254.0,1677468404.0,1677468409.0,5.0,,10.0,40.0,5.0,16.0,377646203.0,4.0,1060.0,poseidon,condorpool,poseidon-worker-2-container-40-47,xgboost_hp_tuning,/srv/xgboost_hp_tuning,,17.4,0,0,,,,,,,,,
xgboost_hp_tuning_ID0000007_pegasus-plan_ID0000016,None,compute,0,1677468349.0,,,1677468354.0,1677468318.0,1677468334.0,45602809.8,1677468364.0,1677468404.0,1677468344.0,1677468348.0,250.0,1677468404.0,1677468409.0,5.0,,10.0,40.0,5.0,16.0,377646203.0,4.0,1067.0,poseidon,condorpool,poseidon-worker-2-container-24-31,xgboost_hp_tuning,/srv/xgboost_hp_tuning,,18.0,0,0,,,,,,,,,
xgboost_hp_tuning_ID0000018_pegasus-plan_ID0000016,cpu_3,compute,0,1677468349.0,,,1677468354.0,1677468318.0,1677468334.0,45805218.2,1677468364.0,1677468404.0,1677468344.0,1677468348.0,248.0,1677468404.0,1677468409.0,5.0,,10.0,40.0,5.0,16.0,377646203.0,4.0,1052.0,poseidon,condorpool,poseidon-worker-2-container-32-39,xgboost_hp_tuning,/srv/xgboost_hp_tuning,,11.8,0,0,,,,,,,,,
xgboost_hp_tuning_ID0000006_pegasus-plan_ID0000016,None,compute,0,1677468349.0,,,1677468354.0,1677468318.0,1677468334.0,45751305.2,1677468364.0,1677468404.0,1677468344.0,1677468348.0,251.0,1677468404.0,1677468409.0,5.0,,10.0,40.0,5.0,16.0,377646203.0,4.0,1065.0,poseidon,condorpool,poseidon-worker-1-container-24-31,xgboost_hp_tuning,/srv/xgboost_hp_tuning,,16.7,0,0,,,,,,,,,
xgboost_hp_tuning_ID0000017_pegasus-plan_ID0000016,None,compute,0,1677468349.0,,,1677468354.0,1677468318.0,1677468334.0,45751782.5,1677468364.0,1677468404.0,1677468344.0,1677468348.0,251.0,1677468404.0,1677468409.0,5.0,,10.0,40.0,5.0,16.0,377646203.0,4.0,1054.0,poseidon,condorpool,poseidon-worker-1-container-8-15,xgboost_hp_tuning,/srv/xgboost_hp_tuning,,18.7,0,0,,,,,,,,,
xgboost_hp_tuning_ID0000005_pegasus-plan_ID0000016,None,compute,0,1677468349.0,,,1677468354.0,1677468318.0,1677468333.0,45850993.2,1677468364.0,1677468404.0,1677468344.0,1677468348.0,256.0,1677468404.0,1677468409.0,5.0,,10.0,40.0,5.0,15.0,377646203.0,4.0,1076.0,poseidon,condorpool,poseidon-worker-3-container-40-47,xgboost_hp_tuning,/srv/xgboost_hp_tuning,,16.2,0,0,,,,,,,,,
xgboost_hp_tuning_ID0000020_pegasus-plan_ID0000012,None,compute,0,1677468349.0,,,1677468354.0,1677468357.0,1677468374.0,51341593.0,1677468403.0,1677468465.0,1677468406.0,1677468410.0,255.0,1677468465.0,1677468470.0,5.0,,49.0,62.0,5.0,17.0,502672266.0,4.0,1061.0,poseidon,condorpool,poseidon-worker-2-container-40-47,xgboost_hp_tuning,/srv/xgboost_hp_tuning,,135.8,0,0,0.0,157972542.0,40.0,3321.0,2.0,100.8,3.0,7898627.1,4.0
xgboost_hp_tuning_ID0000004_pegasus-plan_ID0000016,None,compute,0,1677468349.0,,,1677468354.0,1677468318.0,1677468334.0,45753871.2,1677468364.0,1677468404.0,1677468344.0,1677468348.0,247.0,1677468404.0,1677468409.0,5.0,,10.0,40.0,5.0,16.0,377646203.0,4.0,1060.0,poseidon,condorpool,poseidon-worker-2-container-8-15,xgboost_hp_tuning,/srv/xgboost_hp_tuning,,15.5,0,0,,,,,,,,,
xgboost_hp_tuning_ID0000015_pegasus-plan_ID0000016,cpu_3,compute,0,1677468349.0,,,1677468354.0,1677468318.0,1677468333.0,45880057.2,1677468364.0,1677468404.0,1677468344.0,1677468348.0,251.0,1677468404.0,1677468409.0,5.0,,10.0,40.0,5.0,15.0,377646203.0,4.0,1055.0,poseidon,condorpool,poseidon-worker-3-container-24-31,xgboost_hp_tuning,/srv/xgboost_hp_tuning,,12.2,0,0,,,,,,,,,
xgboost_hp_tuning_ID0000020_pegasus-plan_ID0000016,None,compute,0,1677468349.0,,,1677468354.0,1677468318.0,1677468334.0,45759631.0,1677468364.0,1677468404.0,1677468344.0,1677468348.0,252.0,1677468404.0,1677468409.0,5.0,,10.0,40.0,5.0,16.0,377646203.0,4.0,1062.0,poseidon,condorpool,poseidon-worker-1-container-16-23,xgboost_hp_tuning,/srv/xgboost_hp_tuning,,14.8,0,0,,,,,,,,,
xgboost_hp_tuning_ID0000008_pegasus-plan_ID0000012,None,compute,0,1677468349.0,,,1677468354.0,1677468357.0,1677468374.0,51323552.0,1677468403.0,1677468465.0,1677468407.0,1677468411.0,251.0,1677468465.0,1677468470.0,5.0,,49.0,62.0,5.0,17.0,502672266.0,4.0,1057.0,poseidon,condorpool,poseidon-worker-1-container-24-31,xgboost_hp_tuning,/srv/xgboost_hp_tuning,,137.5,0,0,0.1,157972539.0,40.0,3321.0,2.0,100.5,3.0,7898626.9,4.0
xgboost_hp_tuning_ID0000009_pegasus-plan_ID0000020,None,compute,0,1677468355.0,,,1677468360.0,1677468415.0,1677468445.0,74941293.5,1677468462.0,1677468865.0,1677468804.0,1677468808.0,258.0,1677468865.0,1677468870.0,5.0,,102.0,403.0,5.0,30.0,1691153157.0,4.0,1059.0,poseidon,condorpool,poseidon-worker-2-container-24-31,xgboost_hp_tuning,/srv/xgboost_hp_tuning,,1929.8,0,0,0.1,1346579842.0,40.0,3816.0,2.0,1879.1,49.8,3847371.0,4.0
xgboost_hp_tuning_ID0000001_pegasus-plan_ID0000020,None,compute,0,1677468355.0,,,1677468360.0,1677468825.0,1677468854.0,75105473.8,1677468871.0,1677469285.0,1677469224.0,1677469229.0,260.0,1677469285.0,1677469290.0,5.0,,511.0,414.0,5.0,29.0,1691153157.0,5.0,1060.0,poseidon,condorpool,poseidon-worker-2-container-8-15,xgboost_hp_tuning,/srv/xgboost_hp_tuning,,2090.2,0,0,0.1,1346583799.0,40.0,3831.0,2.0,2031.2,55.0,3740510.6,4.0
xgboost_hp_tuning_ID0000011_pegasus-plan_ID0000020,None,compute,0,1677468355.0,,,1677468360.0,1677468416.0,1677468445.0,75277490.3,1677468462.0,1677468850.0,1677468792.0,1677468797.0,254.0,1677468850.0,1677468855.0,5.0,,102.0,388.0,5.0,29.0,1691153157.0,5.0,1048.0,poseidon,condorpool,poseidon-worker-2-container-0-7,xgboost_hp_tuning,/srv/xgboost_hp_tuning,,1776.6,0,0,0.1,1346571911.0,40.0,3786.0,2.0,1667.8,55.3,4080520.9,4.0
xgboost_hp_tuning_ID0000013_pegasus-plan_ID0000020,None,compute,0,1677468355.0,,,1677468360.0,1677468817.0,1677468847.0,75029460.6,1677468864.0,1677469210.0,1677469149.0,1677469153.0,257.0,1677469210.0,1677469215.0,5.0,,504.0,346.0,5.0,30.0,1691153157.0,4.0,1053.0,poseidon,condorpool,poseidon-worker-2-container-24-31,xgboost_hp_tuning,/srv/xgboost_hp_tuning,,1605.7,0,0,0.0,1346557061.0,40.0,3726.0,2.0,1540.6,46.4,4643300.2,4.0
xgboost_hp_tuning_ID0000002_pegasus-plan_ID0000020,None,compute,0,1677468355.0,,,1677468360.0,1677468806.0,1677468835.0,75002946.8,1677468852.0,1677469235.0,1677469175.0,1677469179.0,260.0,1677469235.0,1677469240.0,5.0,,492.0,383.0,5.0,29.0,1691153157.0,4.0,1062.0,poseidon,condorpool,poseidon-worker-2-container-0-7,xgboost_hp_tuning,/srv/xgboost_hp_tuning,,1776.9,0,0,0.0,1346572120.0,40.0,3786.0,2.0,1718.0,58.6,4080521.6,4.0
xgboost_hp_tuning_ID0000014_pegasus-plan_ID0000020,None,compute,0,1677468355.0,,,1677468360.0,1677468486.0,1677468516.0,74900380.7,1677468532.0,1677468935.0,1677468875.0,1677468879.0,255.0,1677468935.0,1677468940.0,5.0,,172.0,403.0,5.0,30.0,1691153157.0,4.0,1054.0,poseidon,condorpool,poseidon-worker-1-container-0-7,xgboost_hp_tuning,/srv/xgboost_hp_tuning,,1953.9,0,0,0.0,1346575951.0,40.0,3801.0,2.0,1829.0,60.9,3960517.5,4.0
xgboost_hp_tuning_ID0000003_pegasus-plan_ID0000020,None,compute,0,1677468355.0,,,1677468360.0,1677468478.0,1677468507.0,75076962.3,1677468524.0,1677468895.0,1677468837.0,1677468841.0,258.0,1677468895.0,1677468900.0,5.0,,164.0,371.0,5.0,29.0,1691153157.0,4.0,1068.0,poseidon,condorpool,poseidon-worker-1-container-8-15,xgboost_hp_tuning,/srv/xgboost_hp_tuning,,1760.5,0,0,0.1,1346568465.0,40.0,3771.0,2.0,1703.5,55.0,4208026.5,4.0
xgboost_hp_tuning_ID0000015_pegasus-plan_ID0000020,None,compute,0,1677468355.0,,,1677468360.0,1677468473.0,1677468502.0,75081418.8,1677468519.0,1677468955.0,1677468895.0,1677468899.0,257.0,1677468955.0,1677468960.0,5.0,,159.0,436.0,5.0,29.0,1691153157.0,4.0,1053.0,poseidon,condorpool,poseidon-worker-1-container-40-47,xgboost_hp_tuning,/srv/xgboost_hp_tuning,,2151.9,0,0,0.0,1346591574.0,40.0,3861.0,2.0,2070.1,63.6,3543662.0,4.0
xgboost_hp_tuning_ID0000004_pegasus-plan_ID0000020,cpu_3,compute,0,1677468355.0,,,1677468360.0,1677468471.0,1677468500.0,75198250.9,1677468517.0,1677469035.0,1677468974.0,1677468978.0,260.0,1677469035.0,1677469040.0,5.0,,157.0,518.0,5.0,29.0,1691153157.0,4.0,1061.0,poseidon,condorpool,poseidon-worker-3-container-8-15,xgboost_hp_tuning,/srv/xgboost_hp_tuning,,1752.9,0,0,0.1,1346620123.0,40.0,3979.0,2.0,1650.9,82.6,2927435.0,4.0
xgboost_hp_tuning_ID0000016_pegasus-plan_ID0000020,None,compute,0,1677468355.0,,,1677468360.0,1677468469.0,1677468499.0,75154252.7,1677468516.0,1677468925.0,1677468864.0,1677468868.0,255.0,1677468925.0,1677468930.0,5.0,,156.0,409.0,5.0,30.0,1691153157.0,4.0,1055.0,poseidon,condorpool,poseidon-worker-3-container-0-7,xgboost_hp_tuning,/srv/xgboost_hp_tuning,,1954.6,0,0,0.0,1346577836.0,40.0,3814.0,2.0,1851.1,67.9,3847365.2,4.0
xgboost_hp_tuning_ID0000005_pegasus-plan_ID0000020,None,compute,0,1677468355.0,,,1677468360.0,1677468468.0,1677468497.0,75068804.2,1677468514.0,1677468910.0,1677468848.0,1677468852.0,259.0,1677468910.0,1677468915.0,5.0,,154.0,396.0,5.0,29.0,1691153157.0,4.0,1075.0,poseidon,condorpool,poseidon-worker-3-container-32-39,xgboost_hp_tuning,/srv/xgboost_hp_tuning,,1982.1,0,0,0.1,1346574393.0,40.0,3799.0,2.0,1920.7,53.5,3960512.9,4.0
xgboost_hp_tuning_ID0000023_pegasus-plan_ID0000020,None,compute,0,1677468355.0,,,1677468360.0,1677468833.0,1677468862.0,75121923.5,1677468879.0,1677469245.0,1677469185.0,1677469189.0,265.0,1677469245.0,1677469250.0,5.0,,519.0,366.0,5.0,29.0,1691153157.0,4.0,1088.0,poseidon,condorpool,poseidon-worker-2-container-40-47,xgboost_hp_tuning,/srv/xgboost_hp_tuning,,1771.8,0,0,0.1,1346564788.0,40.0,3756.0,2.0,1704.5,48.5,4343757.4,4.0
xgboost_hp_tuning_ID0000017_pegasus-plan_ID0000020,None,compute,0,1677468355.0,,,1677468360.0,1677468457.0,1677468486.0,75140377.8,1677468503.0,1677468880.0,1677468820.0,1677468825.0,257.0,1677468880.0,1677468885.0,5.0,,143.0,377.0,5.0,29.0,1691153157.0,5.0,1056.0,poseidon,condorpool,poseidon-worker-3-container-16-23,xgboost_hp_tuning,/srv/xgboost_hp_tuning,,1850.7,0,0,0.0,1346566649.0,40.0,3769.0,2.0,1774.4,42.6,4208020.8,4.0
xgboost_hp_tuning_ID0000012_pegasus-plan_ID0000020,None,compute,0,1677468355.0,,,1677468360.0,1677468831.0,1677468860.0,75101314.2,1677468877.0,1677469205.0,1677469145.0,1677469149.0,257.0,1677469205.0,1677469210.0,5.0,,517.0,328.0,5.0,29.0,1691153157.0,4.0,1049.0,poseidon,condorpool,poseidon-worker-1-container-24-31,xgboost_hp_tuning,/srv/xgboost_hp_tuning,,1556.7,0,0,0.1,1346549433.0,40.0,3696.0,2.0,1468.7,49.3,4987220.1,4.0
xgboost_hp_tuning_ID0000018_pegasus-plan_ID0000020,cpu_3,compute,0,1677468355.0,,,1677468360.0,1677468452.0,1677468481.0,75195561.5,1677468498.0,1677468945.0,1677468886.0,1677468891.0,250.0,1677468945.0,1677468950.0,5.0,,138.0,447.0,5.0,29.0,1691153157.0,5.0,1055.0,poseidon,condorpool,poseidon-worker-2-container-16-23,xgboost_hp_tuning,/srv/xgboost_hp_tuning,,1496.9,0,0,0.0,1346595320.0,40.0,3876.0,2.0,1415.3,59.0,3452808.5,4.0
xgboost_hp_tuning_ID0000019_pegasus-plan_ID0000020,None,compute,0,1677468355.0,,,1677468360.0,1677468450.0,1677468479.0,75316307.5,1677468496.0,1677469065.0,1677469006.0,1677469010.0,259.0,1677469065.0,1677469070.0,5.0,,136.0,569.0,5.0,29.0,1691153157.0,4.0,1062.0,poseidon,condorpool,poseidon-worker-3-container-40-47,xgboost_hp_tuning,/srv/xgboost_hp_tuning,,3107.5,0,0,0.0,1346639557.0,40.0,4054.0,2.0,2983.7,77.8,2640469.7,4.0
xgboost_hp_tuning_ID0000008_pegasus-plan_ID0000020,cpu_3,compute,0,1677468355.0,,,1677468360.0,1677468421.0,1677468450.0,75036664.0,1677468467.0,1677468990.0,1677468930.0,1677468934.0,254.0,1677468990.0,1677468995.0,5.0,,107.0,523.0,5.0,29.0,1691153157.0,4.0,1059.0,poseidon,condorpool,poseidon-worker-1-container-32-39,xgboost_hp_tuning,/srv/xgboost_hp_tuning,,1779.1,0,0,0.0,1346621951.0,40.0,3981.0,2.0,1672.9,65.9,2927439.0,4.0
xgboost_hp_tuning_ID0000020_pegasus-plan_ID0000020,None,compute,0,1677468355.0,,,1677468360.0,1677468420.0,1677468449.0,74964135.2,1677468466.0,1677468840.0,1677468780.0,1677468785.0,259.0,1677468840.0,1677468845.0,5.0,,106.0,374.0,5.0,29.0,1691153157.0,5.0,1060.0,poseidon,condorpool,poseidon-worker-1-container-24-31,xgboost_hp_tuning,/srv/xgboost_hp_tuning,,1733.5,0,0,0.0,1346568422.0,40.0,3771.0,2.0,1667.7,55.2,4208026.3,4.0
xgboost_hp_tuning_ID0000021_pegasus-plan_ID0000020,None,compute,0,1677468355.0,,,1677468360.0,1677468419.0,1677468448.0,75095105.2,1677468465.0,1677468840.0,1677468778.0,1677468782.0,257.0,1677468840.0,1677468845.0,5.0,,105.0,375.0,5.0,29.0,1691153157.0,4.0,1060.0,poseidon,condorpool,poseidon-worker-2-container-40-47,xgboost_hp_tuning,/srv/xgboost_hp_tuning,,1778.6,0,0,0.0,1346568390.0,40.0,3771.0,2.0,1725.0,49.9,4208026.2,4.0
xgboost_hp_tuning_ID0000010_pegasus-plan_ID0000020,None,compute,0,1677468355.0,,,1677468360.0,1677468418.0,1677468447.0,75068383.8,1677468464.0,1677468965.0,1677468905.0,1677468909.0,251.0,1677468965.0,1677468970.0,5.0,,104.0,501.0,5.0,29.0,1691153157.0,4.0,1049.0,poseidon,condorpool,poseidon-worker-1-container-16-23,xgboost_hp_tuning,/srv/xgboost_hp_tuning,,2659.6,0,0,0.1,1346614387.0,40.0,3951.0,2.0,2540.5,64.3,3060487.2,4.0
xgboost_hp_tuning_ID0000022_pegasus-plan_ID0000020,cpu_3,compute,0,1677468355.0,,,1677468360.0,1677468416.0,1677468445.0,75189977.6,1677468463.0,1677468900.0,1677468840.0,1677468844.0,254.0,1677468900.0,1677468905.0,5.0,,103.0,437.0,5.0,29.0,1691153157.0,4.0,1062.0,poseidon,condorpool,poseidon-worker-2-container-32-39,xgboost_hp_tuning,/srv/xgboost_hp_tuning,,1432.0,0,0,0.1,1346591220.0,40.0,3861.0,2.0,1346.8,63.1,3543661.1,4.0
xgboost_hp_tuning_ID0000006_pegasus-plan_ID0000020,cpu_3,compute,0,1677468355.0,,,1677468360.0,1677468454.0,1677468483.0,75279668.3,1677468500.0,1677468975.0,1677468917.0,1677468921.0,259.0,1677468975.0,1677468980.0,5.0,,140.0,475.0,5.0,29.0,1691153157.0,4.0,1067.0,poseidon,condorpool,poseidon-worker-3-container-24-31,xgboost_hp_tuning,/srv/xgboost_hp_tuning,,1607.4,0,0,0.1,1346604977.0,40.0,3920.0,2.0,1522.4,67.8,3206202.3,4.0
xgboost_hp_tuning_ID0000007_pegasus-plan_ID0000020,None,compute,0,1677468355.0,,,1677468360.0,1677468451.0,1677468480.0,75016887.8,1677468497.0,1677468870.0,1677468812.0,1677468816.0,258.0,1677468870.0,1677468875.0,5.0,,137.0,373.0,5.0,29.0,1691153157.0,4.0,1067.0,poseidon,condorpool,poseidon-worker-2-container-8-15,xgboost_hp_tuning,/srv/xgboost_hp_tuning,,1725.6,0,0,0.0,1346568431.0,40.0,3771.0,2.0,1654.2,60.4,4208026.3,4.0
stage_out_local_condorpool_0_2_pegasus-plan_ID0000016,None,transfer,0,1677468449.0,,,1677468454.0,,,0.0,1677468455.0,1677468465.0,1677468455.0,1677468459.0,1839.0,1677468465.0,1677468470.0,5.0,,1.0,10.0,5.0,,,4.0,7422.0,poseidon,local,host-10-100-100-12.openstacklocal,pegasus::transfer,/home/poseidon/pegasus-5.1.0panorama/bin/pegasus-transfer,/home/poseidon/pegasus-5.1.0panorama/bin/../bin/pegasus-kickstart  -n pegasus::transfer -N null -i - -R local  -L xgboost_hp_tuning_group_1 -T 2023-02-27T03:24:55+00:00 /home/poseidon/pegasus-5.1.0panorama/bin/../bin/pegasus-transfer  --threads 2,1.0,0,0,,,,,,,,,
stage_out_local_condorpool_0_1_pegasus-plan_ID0000016,None,transfer,0,1677468454.0,,,1677468460.0,,,0.0,1677468460.0,1677468470.0,1677468460.0,1677468464.0,2108.0,1677468470.0,1677468475.0,6.0,,0.0,10.0,5.0,,,4.0,8500.0,poseidon,local,host-10-100-100-12.openstacklocal,pegasus::transfer,/home/poseidon/pegasus-5.1.0panorama/bin/pegasus-transfer,/home/poseidon/pegasus-5.1.0panorama/bin/../bin/pegasus-kickstart  -n pegasus::transfer -N null -i - -R local  -L xgboost_hp_tuning_group_1 -T 2023-02-27T03:24:55+00:00 /home/poseidon/pegasus-5.1.0panorama/bin/../bin/pegasus-transfer  --threads 2,1.1,0,0,,,,,,,,,
xgboost_best_params_ID0000024_pegasus-plan_ID0000016,cpu_3,compute,0,1677468454.0,,,1677468460.0,1677468415.0,1677468432.0,39770251.0,1677468461.0,1677468500.0,1677468439.0,1677468443.0,253.0,1677468500.0,1677468505.0,6.0,,1.0,39.0,5.0,17.0,368018650.0,4.0,1055.0,poseidon,condorpool,poseidon-worker-2-container-16-23,xgboost_best_params,/srv/xgboost_best_params,,0.0,0,0,,,,,,,,,
stage_out_local_condorpool_0_0_pegasus-plan_ID0000016,None,transfer,0,1677468454.0,,,1677468460.0,,,0.0,1677468460.0,1677468470.0,1677468460.0,1677468464.0,2097.0,1677468470.0,1677468475.0,6.0,,0.0,10.0,5.0,,,4.0,8459.0,poseidon,local,host-10-100-100-12.openstacklocal,pegasus::transfer,/home/poseidon/pegasus-5.1.0panorama/bin/pegasus-transfer,/home/poseidon/pegasus-5.1.0panorama/bin/../bin/pegasus-kickstart  -n pegasus::transfer -N null -i - -R local  -L xgboost_hp_tuning_group_1 -T 2023-02-27T03:24:55+00:00 /home/poseidon/pegasus-5.1.0panorama/bin/../bin/pegasus-transfer  --threads 2,1.1,0,0,,,,,,,,,
register_condorpool_0_2_pegasus-plan_ID0000016,None,auxiliary,0,1677468470.0,,,1677468475.0,,,0.0,1677468475.0,1677468480.0,,,0.0,1677468480.0,1677468485.0,5.0,,0.0,5.0,5.0,,,,,poseidon,local,host-10-100-100-12.openstacklocal,pegasus::rc-client,/home/poseidon/pegasus-5.1.0panorama/bin/pegasus-rc-client,"-n pegasus::rc-client -N null -R local  -L xgboost_hp_tuning_group_1 -T 2023-02-27T03:24:55+00:00 /home/poseidon/pegasus-5.1.0panorama/bin/pegasus-rc-client --prefix pegasus.catalog.replica.output --conf /home/poseidon/workflows/predict-future-sales-workflow/submit/poseidon/pegasus/predict-future-sales/run0244/00/00/./xgboost_hp_tuning_group_1.000/pegasus.4790143177254310203.properties -v --meta /home/poseidon/workflows/predict-future-sales-workflow/submit/poseidon/pegasus/predict-future-sales/run0244/00/00/./xgboost_hp_tuning_group_1.000/00/00/xgboost_hp_tuning_ID0000017.meta,/home/poseidon/workflows/predict-future-sales-workflow/submit/poseidon/pegasus/predict-future-sales/run0244/00/00/./xgboost_hp_tuning_group_1.000/00/00/xgboost_hp_tuning_ID0000022.meta,/home/poseidon/workflows/predict-future-sales-workflow/submit/poseidon/pegasus/predict-future-sales/run0244/00/00/./xgboost_hp_tuning_group_1.000/00/00/xgboost_hp_tuning_ID0000007.meta,/home/poseidon/workflows/predict-future-sales-workflow/submit/poseidon/pegasus/predict-future-sales/run0244/00/00/./xgboost_hp_tuning_group_1.000/00/00/xgboost_hp_tuning_ID0000020.meta,/home/poseidon/workflows/predict-future-sales-workflow/submit/poseidon/pegasus/predict-future-sales/run0244/00/00/./xgboost_hp_tuning_group_1.000/00/00/xgboost_hp_tuning_ID0000001.meta,/home/poseidon/workflows/predict-future-sales-workflow/submit/poseidon/pegasus/predict-future-sales/run0244/00/00/./xgboost_hp_tuning_group_1.000/00/00/xgboost_hp_tuning_ID0000004.meta,/home/poseidon/workflows/predict-future-sales-workflow/submit/poseidon/pegasus/predict-future-sales/run0244/00/00/./xgboost_hp_tuning_group_1.000/00/00/xgboost_hp_tuning_ID0000014.meta --insert /home/poseidon/workflows/predict-future-sales-workflow/submit/poseidon/pegasus/predict-future-sales/run0244/00/00/./xgboost_hp_tuning_group_1.000/00/00/register_condorpool_0_2.in",3.2,0,0,,,,,,,,,
register_condorpool_0_0_pegasus-plan_ID0000016,None,auxiliary,0,1677468475.0,,,1677468495.0,,,0.0,1677468495.0,1677468500.0,,,0.0,1677468500.0,1677468505.0,20.0,,0.0,5.0,5.0,,,,,poseidon,local,host-10-100-100-12.openstacklocal,pegasus::rc-client,/home/poseidon/pegasus-5.1.0panorama/bin/pegasus-rc-client,"-n pegasus::rc-client -N null -R local  -L xgboost_hp_tuning_group_1 -T 2023-02-27T03:24:55+00:00 /home/poseidon/pegasus-5.1.0panorama/bin/pegasus-rc-client --prefix pegasus.catalog.replica.output --conf /home/poseidon/workflows/predict-future-sales-workflow/submit/poseidon/pegasus/predict-future-sales/run0244/00/00/./xgboost_hp_tuning_group_1.000/pegasus.4790143177254310203.properties -v --meta /home/poseidon/workflows/predict-future-sales-workflow/submit/poseidon/pegasus/predict-future-sales/run0244/00/00/./xgboost_hp_tuning_group_1.000/00/00/xgboost_hp_tuning_ID0000018.meta,/home/poseidon/workflows/predict-future-sales-workflow/submit/poseidon/pegasus/predict-future-sales/run0244/00/00/./xgboost_hp_tuning_group_1.000/00/00/xgboost_hp_tuning_ID0000002.meta,/home/poseidon/workflows/predict-future-sales-workflow/submit/poseidon/pegasus/predict-future-sales/run0244/00/00/./xgboost_hp_tuning_group_1.000/00/00/xgboost_hp_tuning_ID0000005.meta,/home/poseidon/workflows/predict-future-sales-workflow/submit/poseidon/pegasus/predict-future-sales/run0244/00/00/./xgboost_hp_tuning_group_1.000/00/00/xgboost_hp_tuning_ID0000009.meta,/home/poseidon/workflows/predict-future-sales-workflow/submit/poseidon/pegasus/predict-future-sales/run0244/00/00/./xgboost_hp_tuning_group_1.000/00/00/xgboost_hp_tuning_ID0000015.meta,/home/poseidon/workflows/predict-future-sales-workflow/submit/poseidon/pegasus/predict-future-sales/run0244/00/00/./xgboost_hp_tuning_group_1.000/00/00/xgboost_hp_tuning_ID0000012.meta,/home/poseidon/workflows/predict-future-sales-workflow/submit/poseidon/pegasus/predict-future-sales/run0244/00/00/./xgboost_hp_tuning_group_1.000/00/00/xgboost_hp_tuning_ID0000010.meta,/home/poseidon/workflows/predict-future-sales-workflow/submit/poseidon/pegasus/predict-future-sales/run0244/00/00/./xgboost_hp_tuning_group_1.000/00/00/xgboost_hp_tuning_ID0000008.meta --insert /home/poseidon/workflows/predict-future-sales-workflow/submit/poseidon/pegasus/predict-future-sales/run0244/00/00/./xgboost_hp_tuning_group_1.000/00/00/register_condorpool_0_0.in",3.1,0,0,,,,,,,,,
register_condorpool_0_1_pegasus-plan_ID0000016,None,auxiliary,0,1677468475.0,,,1677468485.0,,,0.0,1677468485.0,1677468490.0,,,0.0,1677468490.0,1677468495.0,10.0,,0.0,5.0,5.0,,,,,poseidon,local,host-10-100-100-12.openstacklocal,pegasus::rc-client,/home/poseidon/pegasus-5.1.0panorama/bin/pegasus-rc-client,"-n pegasus::rc-client -N null -R local  -L xgboost_hp_tuning_group_1 -T 2023-02-27T03:24:55+00:00 /home/poseidon/pegasus-5.1.0panorama/bin/pegasus-rc-client --prefix pegasus.catalog.replica.output --conf /home/poseidon/workflows/predict-future-sales-workflow/submit/poseidon/pegasus/predict-future-sales/run0244/00/00/./xgboost_hp_tuning_group_1.000/pegasus.4790143177254310203.properties -v --meta /home/poseidon/workflows/predict-future-sales-workflow/submit/poseidon/pegasus/predict-future-sales/run0244/00/00/./xgboost_hp_tuning_group_1.000/00/00/xgboost_hp_tuning_ID0000013.meta,/home/poseidon/workflows/predict-future-sales-workflow/submit/poseidon/pegasus/predict-future-sales/run0244/00/00/./xgboost_hp_tuning_group_1.000/00/00/xgboost_hp_tuning_ID0000023.meta,/home/poseidon/workflows/predict-future-sales-workflow/submit/poseidon/pegasus/predict-future-sales/run0244/00/00/./xgboost_hp_tuning_group_1.000/00/00/xgboost_hp_tuning_ID0000011.meta,/home/poseidon/workflows/predict-future-sales-workflow/submit/poseidon/pegasus/predict-future-sales/run0244/00/00/./xgboost_hp_tuning_group_1.000/00/00/xgboost_hp_tuning_ID0000006.meta,/home/poseidon/workflows/predict-future-sales-workflow/submit/poseidon/pegasus/predict-future-sales/run0244/00/00/./xgboost_hp_tuning_group_1.000/00/00/xgboost_hp_tuning_ID0000003.meta,/home/poseidon/workflows/predict-future-sales-workflow/submit/poseidon/pegasus/predict-future-sales/run0244/00/00/./xgboost_hp_tuning_group_1.000/00/00/xgboost_hp_tuning_ID0000021.meta,/home/poseidon/workflows/predict-future-sales-workflow/submit/poseidon/pegasus/predict-future-sales/run0244/00/00/./xgboost_hp_tuning_group_1.000/00/00/xgboost_hp_tuning_ID0000019.meta,/home/poseidon/workflows/predict-future-sales-workflow/submit/poseidon/pegasus/predict-future-sales/run0244/00/00/./xgboost_hp_tuning_group_1.000/00/00/xgboost_hp_tuning_ID0000016.meta --insert /home/poseidon/workflows/predict-future-sales-workflow/submit/poseidon/pegasus/predict-future-sales/run0244/00/00/./xgboost_hp_tuning_group_1.000/00/00/register_condorpool_0_1.in",3.1,0,0,,,,,,,,,
stage_out_local_condorpool_1_0_pegasus-plan_ID0000016,None,transfer,0,1677468505.0,,,1677468510.0,,,0.0,1677468510.0,1677468520.0,1677468510.0,1677468514.0,1213.0,1677468520.0,1677468525.0,5.0,,0.0,10.0,5.0,,,4.0,5275.0,poseidon,local,host-10-100-100-12.openstacklocal,pegasus::transfer,/home/poseidon/pegasus-5.1.0panorama/bin/pegasus-transfer,/home/poseidon/pegasus-5.1.0panorama/bin/../bin/pegasus-kickstart  -n pegasus::transfer -N null -i - -R local  -L xgboost_hp_tuning_group_1 -T 2023-02-27T03:24:55+00:00 /home/poseidon/pegasus-5.1.0panorama/bin/../bin/pegasus-transfer  --threads 2,0.7,0,0,,,,,,,,,
register_condorpool_1_0_pegasus-plan_ID0000016,None,auxiliary,0,1677468525.0,,,1677468530.0,,,0.0,1677468535.0,1677468540.0,,,0.0,1677468540.0,1677468545.0,5.0,,5.0,5.0,5.0,,,,,poseidon,local,host-10-100-100-12.openstacklocal,pegasus::rc-client,/home/poseidon/pegasus-5.1.0panorama/bin/pegasus-rc-client,-n pegasus::rc-client -N null -R local  -L xgboost_hp_tuning_group_1 -T 2023-02-27T03:24:55+00:00 /home/poseidon/pegasus-5.1.0panorama/bin/pegasus-rc-client --prefix pegasus.catalog.replica.output --conf /home/poseidon/workflows/predict-future-sales-workflow/submit/poseidon/pegasus/predict-future-sales/run0244/00/00/./xgboost_hp_tuning_group_1.000/pegasus.4790143177254310203.properties -v --meta /home/poseidon/workflows/predict-future-sales-workflow/submit/poseidon/pegasus/predict-future-sales/run0244/00/00/./xgboost_hp_tuning_group_1.000/00/00/xgboost_best_params_ID0000024.meta --insert /home/poseidon/workflows/predict-future-sales-workflow/submit/poseidon/pegasus/predict-future-sales/run0244/00/00/./xgboost_hp_tuning_group_1.000/00/00/register_condorpool_1_0.in,3.0,0,0,,,,,,,,,
stage_out_local_condorpool_0_1_pegasus-plan_ID0000012,None,transfer,0,1677468525.0,,,1677468530.0,,,0.0,1677468530.0,1677468540.0,1677468530.0,1677468534.0,2107.0,1677468540.0,1677468545.0,5.0,,0.0,10.0,5.0,,,4.0,8505.0,poseidon,local,host-10-100-100-12.openstacklocal,pegasus::transfer,/home/poseidon/pegasus-5.1.0panorama/bin/pegasus-transfer,/home/poseidon/pegasus-5.1.0panorama/bin/../bin/pegasus-kickstart  -n pegasus::transfer -N null -i - -R local  -L xgboost_hp_tuning_group_0 -T 2023-02-27T03:24:55+00:00 /home/poseidon/pegasus-5.1.0panorama/bin/../bin/pegasus-transfer  --threads 2,1.1,0,0,,,,,,,,,
stage_out_local_condorpool_0_2_pegasus-plan_ID0000012,None,transfer,0,1677468530.0,,,1677468535.0,,,0.0,1677468536.0,1677468550.0,1677468537.0,1677468541.0,1837.0,1677468550.0,1677468555.0,5.0,,1.0,14.0,5.0,,,4.0,7422.0,poseidon,local,host-10-100-100-12.openstacklocal,pegasus::transfer,/home/poseidon/pegasus-5.1.0panorama/bin/pegasus-transfer,/home/poseidon/pegasus-5.1.0panorama/bin/../bin/pegasus-kickstart  -n pegasus::transfer -N null -i - -R local  -L xgboost_hp_tuning_group_0 -T 2023-02-27T03:24:55+00:00 /home/poseidon/pegasus-5.1.0panorama/bin/../bin/pegasus-transfer  --threads 2,1.0,0,0,,,,,,,,,
stage_out_local_condorpool_0_0_pegasus-plan_ID0000012,None,transfer,0,1677468540.0,,,1677468545.0,,,0.0,1677468546.0,1677468555.0,1677468546.0,1677468550.0,2096.0,1677468555.0,1677468560.0,5.0,,1.0,9.0,5.0,,,4.0,8462.0,poseidon,local,host-10-100-100-12.openstacklocal,pegasus::transfer,/home/poseidon/pegasus-5.1.0panorama/bin/pegasus-transfer,/home/poseidon/pegasus-5.1.0panorama/bin/../bin/pegasus-kickstart  -n pegasus::transfer -N null -i - -R local  -L xgboost_hp_tuning_group_0 -T 2023-02-27T03:24:55+00:00 /home/poseidon/pegasus-5.1.0panorama/bin/../bin/pegasus-transfer  --threads 2,1.1,0,0,,,,,,,,,
xgboost_best_params_ID0000024_pegasus-plan_ID0000012,None,compute,0,1677468540.0,,,1677468545.0,1677468794.0,1677468811.0,39755486.7,1677468840.0,1677468880.0,1677468818.0,1677468822.0,260.0,1677468880.0,1677468885.0,5.0,,295.0,40.0,5.0,17.0,368018658.0,4.0,1078.0,poseidon,condorpool,poseidon-worker-1-container-24-31,xgboost_best_params,/srv/xgboost_best_params,,0.0,0,0,,,,,,,,,
register_condorpool_0_1_pegasus-plan_ID0000012,None,auxiliary,0,1677468545.0,,,1677468550.0,,,0.0,1677468550.0,1677468555.0,,,0.0,1677468555.0,1677468560.0,5.0,,0.0,5.0,5.0,,,,,poseidon,local,host-10-100-100-12.openstacklocal,pegasus::rc-client,/home/poseidon/pegasus-5.1.0panorama/bin/pegasus-rc-client,"-n pegasus::rc-client -N null -R local  -L xgboost_hp_tuning_group_0 -T 2023-02-27T03:24:55+00:00 /home/poseidon/pegasus-5.1.0panorama/bin/pegasus-rc-client --prefix pegasus.catalog.replica.output --conf /home/poseidon/workflows/predict-future-sales-workflow/submit/poseidon/pegasus/predict-future-sales/run0244/00/00/./xgboost_hp_tuning_group_0.000/pegasus.4143986589995992941.properties -v --meta /home/poseidon/workflows/predict-future-sales-workflow/submit/poseidon/pegasus/predict-future-sales/run0244/00/00/./xgboost_hp_tuning_group_0.000/00/00/xgboost_hp_tuning_ID0000013.meta,/home/poseidon/workflows/predict-future-sales-workflow/submit/poseidon/pegasus/predict-future-sales/run0244/00/00/./xgboost_hp_tuning_group_0.000/00/00/xgboost_hp_tuning_ID0000023.meta,/home/poseidon/workflows/predict-future-sales-workflow/submit/poseidon/pegasus/predict-future-sales/run0244/00/00/./xgboost_hp_tuning_group_0.000/00/00/xgboost_hp_tuning_ID0000011.meta,/home/poseidon/workflows/predict-future-sales-workflow/submit/poseidon/pegasus/predict-future-sales/run0244/00/00/./xgboost_hp_tuning_group_0.000/00/00/xgboost_hp_tuning_ID0000006.meta,/home/poseidon/workflows/predict-future-sales-workflow/submit/poseidon/pegasus/predict-future-sales/run0244/00/00/./xgboost_hp_tuning_group_0.000/00/00/xgboost_hp_tuning_ID0000003.meta,/home/poseidon/workflows/predict-future-sales-workflow/submit/poseidon/pegasus/predict-future-sales/run0244/00/00/./xgboost_hp_tuning_group_0.000/00/00/xgboost_hp_tuning_ID0000021.meta,/home/poseidon/workflows/predict-future-sales-workflow/submit/poseidon/pegasus/predict-future-sales/run0244/00/00/./xgboost_hp_tuning_group_0.000/00/00/xgboost_hp_tuning_ID0000019.meta,/home/poseidon/workflows/predict-future-sales-workflow/submit/poseidon/pegasus/predict-future-sales/run0244/00/00/./xgboost_hp_tuning_group_0.000/00/00/xgboost_hp_tuning_ID0000016.meta --insert /home/poseidon/workflows/predict-future-sales-workflow/submit/poseidon/pegasus/predict-future-sales/run0244/00/00/./xgboost_hp_tuning_group_0.000/00/00/register_condorpool_0_1.in",3.1,0,0,,,,,,,,,
xgboost_model_ID0000017,None,compute,0,1677468548.0,,,1677468553.0,1677468791.0,1677468808.0,45666240.0,1677468837.0,1677468878.0,1677468820.0,1677468824.0,189967.0,1677468878.0,1677468883.0,5.0,,284.0,41.0,5.0,17.0,377645122.0,4.0,817560.0,poseidon,condorpool,poseidon-worker-2-container-40-47,xgboost_model,/srv/xgboost_model,,21.7,0,0,,,,,,,,,
register_condorpool_0_2_pegasus-plan_ID0000012,None,auxiliary,0,1677468555.0,,,1677468560.0,,,0.0,1677468563.0,1677468565.0,,,0.0,1677468565.0,1677468570.0,5.0,,3.0,2.0,5.0,,,,,poseidon,local,host-10-100-100-12.openstacklocal,pegasus::rc-client,/home/poseidon/pegasus-5.1.0panorama/bin/pegasus-rc-client,"-n pegasus::rc-client -N null -R local  -L xgboost_hp_tuning_group_0 -T 2023-02-27T03:24:55+00:00 /home/poseidon/pegasus-5.1.0panorama/bin/pegasus-rc-client --prefix pegasus.catalog.replica.output --conf /home/poseidon/workflows/predict-future-sales-workflow/submit/poseidon/pegasus/predict-future-sales/run0244/00/00/./xgboost_hp_tuning_group_0.000/pegasus.4143986589995992941.properties -v --meta /home/poseidon/workflows/predict-future-sales-workflow/submit/poseidon/pegasus/predict-future-sales/run0244/00/00/./xgboost_hp_tuning_group_0.000/00/00/xgboost_hp_tuning_ID0000017.meta,/home/poseidon/workflows/predict-future-sales-workflow/submit/poseidon/pegasus/predict-future-sales/run0244/00/00/./xgboost_hp_tuning_group_0.000/00/00/xgboost_hp_tuning_ID0000022.meta,/home/poseidon/workflows/predict-future-sales-workflow/submit/poseidon/pegasus/predict-future-sales/run0244/00/00/./xgboost_hp_tuning_group_0.000/00/00/xgboost_hp_tuning_ID0000007.meta,/home/poseidon/workflows/predict-future-sales-workflow/submit/poseidon/pegasus/predict-future-sales/run0244/00/00/./xgboost_hp_tuning_group_0.000/00/00/xgboost_hp_tuning_ID0000020.meta,/home/poseidon/workflows/predict-future-sales-workflow/submit/poseidon/pegasus/predict-future-sales/run0244/00/00/./xgboost_hp_tuning_group_0.000/00/00/xgboost_hp_tuning_ID0000001.meta,/home/poseidon/workflows/predict-future-sales-workflow/submit/poseidon/pegasus/predict-future-sales/run0244/00/00/./xgboost_hp_tuning_group_0.000/00/00/xgboost_hp_tuning_ID0000004.meta,/home/poseidon/workflows/predict-future-sales-workflow/submit/poseidon/pegasus/predict-future-sales/run0244/00/00/./xgboost_hp_tuning_group_0.000/00/00/xgboost_hp_tuning_ID0000014.meta --insert /home/poseidon/workflows/predict-future-sales-workflow/submit/poseidon/pegasus/predict-future-sales/run0244/00/00/./xgboost_hp_tuning_group_0.000/00/00/register_condorpool_0_2.in",3.0,0,0,,,,,,,,,
register_condorpool_0_0_pegasus-plan_ID0000012,None,auxiliary,0,1677468560.0,,,1677468570.0,,,0.0,1677468570.0,1677468575.0,,,0.0,1677468575.0,1677468580.0,10.0,,0.0,5.0,5.0,,,,,poseidon,local,host-10-100-100-12.openstacklocal,pegasus::rc-client,/home/poseidon/pegasus-5.1.0panorama/bin/pegasus-rc-client,"-n pegasus::rc-client -N null -R local  -L xgboost_hp_tuning_group_0 -T 2023-02-27T03:24:55+00:00 /home/poseidon/pegasus-5.1.0panorama/bin/pegasus-rc-client --prefix pegasus.catalog.replica.output --conf /home/poseidon/workflows/predict-future-sales-workflow/submit/poseidon/pegasus/predict-future-sales/run0244/00/00/./xgboost_hp_tuning_group_0.000/pegasus.4143986589995992941.properties -v --meta /home/poseidon/workflows/predict-future-sales-workflow/submit/poseidon/pegasus/predict-future-sales/run0244/00/00/./xgboost_hp_tuning_group_0.000/00/00/xgboost_hp_tuning_ID0000018.meta,/home/poseidon/workflows/predict-future-sales-workflow/submit/poseidon/pegasus/predict-future-sales/run0244/00/00/./xgboost_hp_tuning_group_0.000/00/00/xgboost_hp_tuning_ID0000002.meta,/home/poseidon/workflows/predict-future-sales-workflow/submit/poseidon/pegasus/predict-future-sales/run0244/00/00/./xgboost_hp_tuning_group_0.000/00/00/xgboost_hp_tuning_ID0000005.meta,/home/poseidon/workflows/predict-future-sales-workflow/submit/poseidon/pegasus/predict-future-sales/run0244/00/00/./xgboost_hp_tuning_group_0.000/00/00/xgboost_hp_tuning_ID0000009.meta,/home/poseidon/workflows/predict-future-sales-workflow/submit/poseidon/pegasus/predict-future-sales/run0244/00/00/./xgboost_hp_tuning_group_0.000/00/00/xgboost_hp_tuning_ID0000015.meta,/home/poseidon/workflows/predict-future-sales-workflow/submit/poseidon/pegasus/predict-future-sales/run0244/00/00/./xgboost_hp_tuning_group_0.000/00/00/xgboost_hp_tuning_ID0000012.meta,/home/poseidon/workflows/predict-future-sales-workflow/submit/poseidon/pegasus/predict-future-sales/run0244/00/00/./xgboost_hp_tuning_group_0.000/00/00/xgboost_hp_tuning_ID0000010.meta,/home/poseidon/workflows/predict-future-sales-workflow/submit/poseidon/pegasus/predict-future-sales/run0244/00/00/./xgboost_hp_tuning_group_0.000/00/00/xgboost_hp_tuning_ID0000008.meta --insert /home/poseidon/workflows/predict-future-sales-workflow/submit/poseidon/pegasus/predict-future-sales/run0244/00/00/./xgboost_hp_tuning_group_0.000/00/00/register_condorpool_0_0.in",2.9,0,0,,,,,,,,,
model_predict_ID0000018,None,compute,0,1677468883.0,,,1677468888.0,1677468843.0,1677468861.0,44990477.0,1677468890.0,1677468928.0,1677468869.0,1677468873.0,6072.0,1677468928.0,1677468933.0,5.0,,2.0,38.0,5.0,18.0,368920093.0,4.0,25035.0,poseidon,condorpool,poseidon-worker-3-container-16-23,model_predict,/srv/model_predict,,2.8,0,0,,,,,,,,,
stage_out_local_condorpool_1_0_pegasus-plan_ID0000012,None,transfer,0,1677468885.0,,,1677468890.0,,,0.0,1677468894.0,1677468905.0,1677468894.0,1677468898.0,1220.0,1677468905.0,1677468910.0,5.0,,4.0,11.0,5.0,,,4.0,5390.0,poseidon,local,host-10-100-100-12.openstacklocal,pegasus::transfer,/home/poseidon/pegasus-5.1.0panorama/bin/pegasus-transfer,/home/poseidon/pegasus-5.1.0panorama/bin/../bin/pegasus-kickstart  -n pegasus::transfer -N null -i - -R local  -L xgboost_hp_tuning_group_0 -T 2023-02-27T03:24:55+00:00 /home/poseidon/pegasus-5.1.0panorama/bin/../bin/pegasus-transfer  --threads 2,0.7,0,0,,,,,,,,,
register_condorpool_1_0_pegasus-plan_ID0000012,None,auxiliary,0,1677468910.0,,,1677468915.0,,,0.0,1677468915.0,1677468920.0,,,0.0,1677468920.0,1677468925.0,5.0,,0.0,5.0,5.0,,,,,poseidon,local,host-10-100-100-12.openstacklocal,pegasus::rc-client,/home/poseidon/pegasus-5.1.0panorama/bin/pegasus-rc-client,-n pegasus::rc-client -N null -R local  -L xgboost_hp_tuning_group_0 -T 2023-02-27T03:24:55+00:00 /home/poseidon/pegasus-5.1.0panorama/bin/pegasus-rc-client --prefix pegasus.catalog.replica.output --conf /home/poseidon/workflows/predict-future-sales-workflow/submit/poseidon/pegasus/predict-future-sales/run0244/00/00/./xgboost_hp_tuning_group_0.000/pegasus.4143986589995992941.properties -v --meta /home/poseidon/workflows/predict-future-sales-workflow/submit/poseidon/pegasus/predict-future-sales/run0244/00/00/./xgboost_hp_tuning_group_0.000/00/00/xgboost_best_params_ID0000024.meta --insert /home/poseidon/workflows/predict-future-sales-workflow/submit/poseidon/pegasus/predict-future-sales/run0244/00/00/./xgboost_hp_tuning_group_0.000/00/00/register_condorpool_1_0.in,3.0,0,0,,,,,,,,,
xgboost_model_ID0000013,None,compute,0,1677468928.0,,,1677468934.0,1677468889.0,1677468907.0,51414151.7,1677468935.0,1677468984.0,1677468921.0,1677468926.0,477620.0,1677468984.0,1677468989.0,6.0,,1.0,49.0,5.0,18.0,502671208.0,5.0,2091281.0,poseidon,condorpool,poseidon-worker-3-container-32-39,xgboost_model,/srv/xgboost_model,,29.5,0,0,,,,,,,,,
model_predict_ID0000014,None,compute,0,1677468989.0,,,1677468994.0,1677468949.0,1677468967.0,45259492.8,1677468995.0,1677469034.0,1677468975.0,1677468979.0,107059.0,1677469034.0,1677469039.0,5.0,,1.0,39.0,5.0,18.0,372278835.0,4.0,451213.0,poseidon,condorpool,poseidon-worker-3-container-32-39,model_predict,/srv/model_predict,,2.6,0,0,,,,,,,,,
stage_out_local_condorpool_0_0_pegasus-plan_ID0000020,None,transfer,0,1677469240.0,,,1677469245.0,,,0.0,1677469245.0,1677469255.0,1677469245.0,1677469249.0,2097.0,1677469255.0,1677469260.0,5.0,,0.0,10.0,5.0,,,4.0,8461.0,poseidon,local,host-10-100-100-12.openstacklocal,pegasus::transfer,/home/poseidon/pegasus-5.1.0panorama/bin/pegasus-transfer,/home/poseidon/pegasus-5.1.0panorama/bin/../bin/pegasus-kickstart  -n pegasus::transfer -N null -i - -R local  -L xgboost_hp_tuning_group_2 -T 2023-02-27T03:24:55+00:00 /home/poseidon/pegasus-5.1.0panorama/bin/../bin/pegasus-transfer  --threads 2,1.1,0,0,,,,,,,,,
stage_out_local_condorpool_0_1_pegasus-plan_ID0000020,None,transfer,0,1677469250.0,,,1677469255.0,,,0.0,1677469255.0,1677469265.0,1677469255.0,1677469259.0,2108.0,1677469265.0,1677469270.0,5.0,,0.0,10.0,5.0,,,4.0,8501.0,poseidon,local,host-10-100-100-12.openstacklocal,pegasus::transfer,/home/poseidon/pegasus-5.1.0panorama/bin/pegasus-transfer,/home/poseidon/pegasus-5.1.0panorama/bin/../bin/pegasus-kickstart  -n pegasus::transfer -N null -i - -R local  -L xgboost_hp_tuning_group_2 -T 2023-02-27T03:24:55+00:00 /home/poseidon/pegasus-5.1.0panorama/bin/../bin/pegasus-transfer  --threads 2,1.0,0,0,,,,,,,,,
register_condorpool_0_0_pegasus-plan_ID0000020,None,auxiliary,0,1677469260.0,,,1677469265.0,,,0.0,1677469265.0,1677469270.0,,,0.0,1677469270.0,1677469275.0,5.0,,0.0,5.0,5.0,,,,,poseidon,local,host-10-100-100-12.openstacklocal,pegasus::rc-client,/home/poseidon/pegasus-5.1.0panorama/bin/pegasus-rc-client,"-n pegasus::rc-client -N null -R local  -L xgboost_hp_tuning_group_2 -T 2023-02-27T03:24:55+00:00 /home/poseidon/pegasus-5.1.0panorama/bin/pegasus-rc-client --prefix pegasus.catalog.replica.output --conf /home/poseidon/workflows/predict-future-sales-workflow/submit/poseidon/pegasus/predict-future-sales/run0244/00/00/./xgboost_hp_tuning_group_2.000/pegasus.8613093623648073993.properties -v --meta /home/poseidon/workflows/predict-future-sales-workflow/submit/poseidon/pegasus/predict-future-sales/run0244/00/00/./xgboost_hp_tuning_group_2.000/00/00/xgboost_hp_tuning_ID0000018.meta,/home/poseidon/workflows/predict-future-sales-workflow/submit/poseidon/pegasus/predict-future-sales/run0244/00/00/./xgboost_hp_tuning_group_2.000/00/00/xgboost_hp_tuning_ID0000009.meta,/home/poseidon/workflows/predict-future-sales-workflow/submit/poseidon/pegasus/predict-future-sales/run0244/00/00/./xgboost_hp_tuning_group_2.000/00/00/xgboost_hp_tuning_ID0000012.meta,/home/poseidon/workflows/predict-future-sales-workflow/submit/poseidon/pegasus/predict-future-sales/run0244/00/00/./xgboost_hp_tuning_group_2.000/00/00/xgboost_hp_tuning_ID0000008.meta,/home/poseidon/workflows/predict-future-sales-workflow/submit/poseidon/pegasus/predict-future-sales/run0244/00/00/./xgboost_hp_tuning_group_2.000/00/00/xgboost_hp_tuning_ID0000010.meta,/home/poseidon/workflows/predict-future-sales-workflow/submit/poseidon/pegasus/predict-future-sales/run0244/00/00/./xgboost_hp_tuning_group_2.000/00/00/xgboost_hp_tuning_ID0000002.meta,/home/poseidon/workflows/predict-future-sales-workflow/submit/poseidon/pegasus/predict-future-sales/run0244/00/00/./xgboost_hp_tuning_group_2.000/00/00/xgboost_hp_tuning_ID0000005.meta,/home/poseidon/workflows/predict-future-sales-workflow/submit/poseidon/pegasus/predict-future-sales/run0244/00/00/./xgboost_hp_tuning_group_2.000/00/00/xgboost_hp_tuning_ID0000015.meta --insert /home/poseidon/workflows/predict-future-sales-workflow/submit/poseidon/pegasus/predict-future-sales/run0244/00/00/./xgboost_hp_tuning_group_2.000/00/00/register_condorpool_0_0.in",3.1,0,0,,,,,,,,,
register_condorpool_0_1_pegasus-plan_ID0000020,None,auxiliary,0,1677469270.0,,,1677469275.0,,,0.0,1677469275.0,1677469280.0,,,0.0,1677469280.0,1677469285.0,5.0,,0.0,5.0,5.0,,,,,poseidon,local,host-10-100-100-12.openstacklocal,pegasus::rc-client,/home/poseidon/pegasus-5.1.0panorama/bin/pegasus-rc-client,"-n pegasus::rc-client -N null -R local  -L xgboost_hp_tuning_group_2 -T 2023-02-27T03:24:55+00:00 /home/poseidon/pegasus-5.1.0panorama/bin/pegasus-rc-client --prefix pegasus.catalog.replica.output --conf /home/poseidon/workflows/predict-future-sales-workflow/submit/poseidon/pegasus/predict-future-sales/run0244/00/00/./xgboost_hp_tuning_group_2.000/pegasus.8613093623648073993.properties -v --meta /home/poseidon/workflows/predict-future-sales-workflow/submit/poseidon/pegasus/predict-future-sales/run0244/00/00/./xgboost_hp_tuning_group_2.000/00/00/xgboost_hp_tuning_ID0000019.meta,/home/poseidon/workflows/predict-future-sales-workflow/submit/poseidon/pegasus/predict-future-sales/run0244/00/00/./xgboost_hp_tuning_group_2.000/00/00/xgboost_hp_tuning_ID0000003.meta,/home/poseidon/workflows/predict-future-sales-workflow/submit/poseidon/pegasus/predict-future-sales/run0244/00/00/./xgboost_hp_tuning_group_2.000/00/00/xgboost_hp_tuning_ID0000006.meta,/home/poseidon/workflows/predict-future-sales-workflow/submit/poseidon/pegasus/predict-future-sales/run0244/00/00/./xgboost_hp_tuning_group_2.000/00/00/xgboost_hp_tuning_ID0000016.meta,/home/poseidon/workflows/predict-future-sales-workflow/submit/poseidon/pegasus/predict-future-sales/run0244/00/00/./xgboost_hp_tuning_group_2.000/00/00/xgboost_hp_tuning_ID0000013.meta,/home/poseidon/workflows/predict-future-sales-workflow/submit/poseidon/pegasus/predict-future-sales/run0244/00/00/./xgboost_hp_tuning_group_2.000/00/00/xgboost_hp_tuning_ID0000023.meta,/home/poseidon/workflows/predict-future-sales-workflow/submit/poseidon/pegasus/predict-future-sales/run0244/00/00/./xgboost_hp_tuning_group_2.000/00/00/xgboost_hp_tuning_ID0000011.meta,/home/poseidon/workflows/predict-future-sales-workflow/submit/poseidon/pegasus/predict-future-sales/run0244/00/00/./xgboost_hp_tuning_group_2.000/00/00/xgboost_hp_tuning_ID0000021.meta --insert /home/poseidon/workflows/predict-future-sales-workflow/submit/poseidon/pegasus/predict-future-sales/run0244/00/00/./xgboost_hp_tuning_group_2.000/00/00/register_condorpool_0_1.in",3.2,0,0,,,,,,,,,
xgboost_best_params_ID0000024_pegasus-plan_ID0000020,None,compute,0,1677469290.0,,,1677469295.0,1677469250.0,1677469267.0,39757125.0,1677469296.0,1677469335.0,1677469274.0,1677469278.0,260.0,1677469335.0,1677469340.0,5.0,,1.0,39.0,5.0,17.0,368018651.0,4.0,1062.0,poseidon,condorpool,poseidon-worker-2-container-8-15,xgboost_best_params,/srv/xgboost_best_params,,0.0,0,0,,,,,,,,,
stage_out_local_condorpool_0_2_pegasus-plan_ID0000020,None,transfer,0,1677469290.0,,,1677469295.0,,,0.0,1677469295.0,1677469305.0,1677469295.0,1677469299.0,1839.0,1677469305.0,1677469310.0,5.0,,0.0,10.0,5.0,,,4.0,7420.0,poseidon,local,host-10-100-100-12.openstacklocal,pegasus::transfer,/home/poseidon/pegasus-5.1.0panorama/bin/pegasus-transfer,/home/poseidon/pegasus-5.1.0panorama/bin/../bin/pegasus-kickstart  -n pegasus::transfer -N null -i - -R local  -L xgboost_hp_tuning_group_2 -T 2023-02-27T03:24:55+00:00 /home/poseidon/pegasus-5.1.0panorama/bin/../bin/pegasus-transfer  --threads 2,1.0,0,0,,,,,,,,,
register_condorpool_0_2_pegasus-plan_ID0000020,None,auxiliary,0,1677469310.0,,,1677469315.0,,,0.0,1677469315.0,1677469320.0,,,0.0,1677469320.0,1677469325.0,5.0,,0.0,5.0,5.0,,,,,poseidon,local,host-10-100-100-12.openstacklocal,pegasus::rc-client,/home/poseidon/pegasus-5.1.0panorama/bin/pegasus-rc-client,"-n pegasus::rc-client -N null -R local  -L xgboost_hp_tuning_group_2 -T 2023-02-27T03:24:55+00:00 /home/poseidon/pegasus-5.1.0panorama/bin/pegasus-rc-client --prefix pegasus.catalog.replica.output --conf /home/poseidon/workflows/predict-future-sales-workflow/submit/poseidon/pegasus/predict-future-sales/run0244/00/00/./xgboost_hp_tuning_group_2.000/pegasus.8613093623648073993.properties -v --meta /home/poseidon/workflows/predict-future-sales-workflow/submit/poseidon/pegasus/predict-future-sales/run0244/00/00/./xgboost_hp_tuning_group_2.000/00/00/xgboost_hp_tuning_ID0000014.meta,/home/poseidon/workflows/predict-future-sales-workflow/submit/poseidon/pegasus/predict-future-sales/run0244/00/00/./xgboost_hp_tuning_group_2.000/00/00/xgboost_hp_tuning_ID0000001.meta,/home/poseidon/workflows/predict-future-sales-workflow/submit/poseidon/pegasus/predict-future-sales/run0244/00/00/./xgboost_hp_tuning_group_2.000/00/00/xgboost_hp_tuning_ID0000007.meta,/home/poseidon/workflows/predict-future-sales-workflow/submit/poseidon/pegasus/predict-future-sales/run0244/00/00/./xgboost_hp_tuning_group_2.000/00/00/xgboost_hp_tuning_ID0000004.meta,/home/poseidon/workflows/predict-future-sales-workflow/submit/poseidon/pegasus/predict-future-sales/run0244/00/00/./xgboost_hp_tuning_group_2.000/00/00/xgboost_hp_tuning_ID0000022.meta,/home/poseidon/workflows/predict-future-sales-workflow/submit/poseidon/pegasus/predict-future-sales/run0244/00/00/./xgboost_hp_tuning_group_2.000/00/00/xgboost_hp_tuning_ID0000020.meta,/home/poseidon/workflows/predict-future-sales-workflow/submit/poseidon/pegasus/predict-future-sales/run0244/00/00/./xgboost_hp_tuning_group_2.000/00/00/xgboost_hp_tuning_ID0000017.meta --insert /home/poseidon/workflows/predict-future-sales-workflow/submit/poseidon/pegasus/predict-future-sales/run0244/00/00/./xgboost_hp_tuning_group_2.000/00/00/register_condorpool_0_2.in",2.9,0,0,,,,,,,,,
stage_out_local_condorpool_1_0_pegasus-plan_ID0000020,None,transfer,0,1677469340.0,,,1677469345.0,,,0.0,1677469345.0,1677469355.0,1677469345.0,1677469349.0,1240.0,1677469355.0,1677469360.0,5.0,,0.0,10.0,5.0,,,4.0,5310.0,poseidon,local,host-10-100-100-12.openstacklocal,pegasus::transfer,/home/poseidon/pegasus-5.1.0panorama/bin/pegasus-transfer,/home/poseidon/pegasus-5.1.0panorama/bin/../bin/pegasus-kickstart  -n pegasus::transfer -N null -i - -R local  -L xgboost_hp_tuning_group_2 -T 2023-02-27T03:24:55+00:00 /home/poseidon/pegasus-5.1.0panorama/bin/../bin/pegasus-transfer  --threads 2,0.7,0,0,,,,,,,,,
register_condorpool_1_0_pegasus-plan_ID0000020,None,auxiliary,0,1677469360.0,,,1677469365.0,,,0.0,1677469365.0,1677469370.0,,,0.0,1677469370.0,1677469375.0,5.0,,0.0,5.0,5.0,,,,,poseidon,local,host-10-100-100-12.openstacklocal,pegasus::rc-client,/home/poseidon/pegasus-5.1.0panorama/bin/pegasus-rc-client,-n pegasus::rc-client -N null -R local  -L xgboost_hp_tuning_group_2 -T 2023-02-27T03:24:55+00:00 /home/poseidon/pegasus-5.1.0panorama/bin/pegasus-rc-client --prefix pegasus.catalog.replica.output --conf /home/poseidon/workflows/predict-future-sales-workflow/submit/poseidon/pegasus/predict-future-sales/run0244/00/00/./xgboost_hp_tuning_group_2.000/pegasus.8613093623648073993.properties -v --meta /home/poseidon/workflows/predict-future-sales-workflow/submit/poseidon/pegasus/predict-future-sales/run0244/00/00/./xgboost_hp_tuning_group_2.000/00/00/xgboost_best_params_ID0000024.meta --insert /home/poseidon/workflows/predict-future-sales-workflow/submit/poseidon/pegasus/predict-future-sales/run0244/00/00/./xgboost_hp_tuning_group_2.000/00/00/register_condorpool_1_0.in,3.0,0,0,,,,,,,,,
xgboost_model_ID0000021,cpu_3,compute,0,1677469379.0,,,1677469384.0,1677469350.0,1677469380.0,75075014.3,1677469396.0,1677469549.0,1677469488.0,1677469492.0,3825943.0,1677469549.0,1677469554.0,5.0,,12.0,153.0,5.0,30.0,1691152083.0,4.0,17631210.0,poseidon,condorpool,poseidon-worker-2-container-16-23,xgboost_model,/srv/xgboost_model,,354.3,0,0,0.1,1348827217.0,24449.0,5314.0,8.0,309.7,11.5,14986969.1,2444.9
stage_out_local_local_5_0,None,transfer,0,1677469379.0,,,1677469384.0,,,0.0,1677469384.0,1677469394.0,1677469385.0,1677469389.0,792.0,1677469394.0,1677469399.0,5.0,,0.0,10.0,5.0,,,4.0,3195.0,poseidon,local,host-10-100-100-12.openstacklocal,pegasus::transfer,/home/poseidon/pegasus-5.1.0panorama/bin/pegasus-transfer,pegasus-kickstart  -n pegasus::transfer -N null -i - -R local  -L predict-future-sales -T 2023-02-17T19:59:06+00:00 pegasus-transfer  --threads 2,0.3,0,0,,,,,,,,,
cleanup_predict-future-sales_0_local,None,auxiliary,0,1677469399.0,,,1677469404.0,,,0.0,1677469404.0,1677469414.0,,,0.0,1677469414.0,1677469419.0,5.0,,0.0,10.0,5.0,,,,,poseidon,local,host-10-100-100-12.openstacklocal,pegasus::cleanup,/home/poseidon/pegasus-5.1.0panorama/bin/pegasus-transfer,pegasus-kickstart  -n pegasus::cleanup -N null -i - -R local  -L predict-future-sales -T 2023-02-17T19:59:06+00:00 pegasus-transfer,0.3,0,0,,,,,,,,,
stage_out_local_condorpool_6_0,None,transfer,0,1677469554.0,,,1677469559.0,,,0.0,1677469559.0,1677469569.0,1677469560.0,1677469564.0,5092774.0,1677469569.0,1677469574.0,5.0,,0.0,10.0,5.0,,,4.0,20540051.0,poseidon,local,host-10-100-100-12.openstacklocal,pegasus::transfer,/home/poseidon/pegasus-5.1.0panorama/bin/pegasus-transfer,pegasus-kickstart  -n pegasus::transfer -N null -i - -R local  -L predict-future-sales -T 2023-02-17T19:59:06+00:00 pegasus-transfer  --threads 2,0.9,0,0,,,,,,,,,
model_predict_ID0000022,cpu_3,compute,0,1677469554.0,,,1677469559.0,1677469514.0,1677469531.0,44397604.3,1677469561.0,1677469599.0,1677469540.0,1677469544.0,1282292.0,1677469599.0,1677469604.0,5.0,,2.0,38.0,5.0,17.0,412635861.0,4.0,5523764.0,poseidon,condorpool,poseidon-worker-2-container-16-23,model_predict,/srv/model_predict,,3.0,0,0,,,,,,,,,
stage_out_local_condorpool_7_0,None,transfer,0,1677469604.0,,,1677469609.0,,,0.0,1677469609.0,1677469619.0,1677469609.0,1677469613.0,1487252.0,1677469619.0,1677469624.0,5.0,,0.0,10.0,5.0,,,4.0,6000012.0,poseidon,local,host-10-100-100-12.openstacklocal,pegasus::transfer,/home/poseidon/pegasus-5.1.0panorama/bin/pegasus-transfer,pegasus-kickstart  -n pegasus::transfer -N null -i - -R local  -L predict-future-sales -T 2023-02-17T19:59:06+00:00 pegasus-transfer  --threads 2,0.6,0,0,,,,,,,,,
predict_merge_ID0000023,cpu_3,compute,0,1677469604.0,,,1677469609.0,1677469564.0,1677469582.0,40789103.7,1677469610.0,1677469649.0,1677469589.0,1677469594.0,871174.0,1677469649.0,1677469654.0,5.0,,1.0,39.0,5.0,18.0,377176763.0,5.0,3768061.0,poseidon,condorpool,poseidon-worker-2-container-16-23,predict_merge,/srv/predict_merge,,1.2,0,0,,,,,,,,,
stage_out_local_condorpool_8_0,None,transfer,0,1677469654.0,,,1677469659.0,,,0.0,1677469659.0,1677469669.0,1677469659.0,1677469662.0,1747341.0,1677469669.0,1677469674.0,5.0,,0.0,10.0,5.0,,,3.0,3768061.0,poseidon,local,host-10-100-100-12.openstacklocal,pegasus::transfer,/home/poseidon/pegasus-5.1.0panorama/bin/pegasus-transfer,pegasus-kickstart  -n pegasus::transfer -N null -i - -R local  -L predict-future-sales -T 2023-02-17T19:59:06+00:00 pegasus-transfer  --threads 2,0.4,0,0,,,,,,,,,
cleanup_predict-future-sales_0_condorpool,None,auxiliary,0,1677469674.0,,,1677469679.0,,,0.0,1677469679.0,1677469689.0,,,0.0,1677469689.0,1677469694.0,5.0,,0.0,10.0,5.0,,,,,poseidon,local,host-10-100-100-12.openstacklocal,pegasus::cleanup,/home/poseidon/pegasus-5.1.0panorama/bin/pegasus-transfer,pegasus-kickstart  -n pegasus::cleanup -N null -i - -R local  -L predict-future-sales -T 2023-02-17T19:59:06+00:00 pegasus-transfer,0.3,0,0,,,,,,,,,
