,anomaly_type,type,is_clustered,ready,pre_script_start,pre_script_end,submit,stage_in_start,stage_in_end,stage_in_effective_bytes_per_sec,execute_start,execute_end,stage_out_start,stage_out_end,stage_out_effective_bytes_per_sec,post_script_start,post_script_end,wms_delay,pre_script_delay,queue_delay,runtime,post_script_delay,stage_in_delay,stage_in_bytes,stage_out_delay,stage_out_bytes,kickstart_user,kickstart_site,kickstart_hostname,kickstart_transformations,kickstart_executables,kickstart_executables_argv,kickstart_executables_cpu_time,kickstart_status,kickstart_executables_exitcode,kickstart_online_iowait,kickstart_online_bytes_read,kickstart_online_bytes_written,kickstart_online_read_system_calls,kickstart_online_write_system_calls,kickstart_online_utime,kickstart_online_stime,kickstart_online_bytes_read_per_second,kickstart_online_bytes_written_per_second
create_dir_predict-future-sales_0_local,None,auxiliary,0,1677072315.0,,,1677072316.0,,,0.0,1677072320.0,1677072326.0,,,0.0,1677072326.0,1677072331.0,1.0,,4.0,6.0,5.0,,,,,poseidon,local,host-10-100-100-12.openstacklocal,pegasus::dirmanager,/home/poseidon/pegasus-5.1.0panorama/bin/pegasus-transfer,pegasus-kickstart  -n pegasus::dirmanager -N null -i - -R local  -L predict-future-sales -T 2023-02-17T19:59:06+00:00 pegasus-transfer,0.3,0,0,,,,,,,,,
create_dir_predict-future-sales_0_condorpool,None,auxiliary,0,1677072315.0,,,1677072316.0,,,0.0,1677072320.0,1677072326.0,,,0.0,1677072326.0,1677072331.0,1.0,,4.0,6.0,5.0,,,,,poseidon,local,host-10-100-100-12.openstacklocal,pegasus::dirmanager,/home/poseidon/pegasus-5.1.0panorama/bin/pegasus-transfer,pegasus-kickstart  -n pegasus::dirmanager -N null -i - -R local  -L predict-future-sales -T 2023-02-17T19:59:06+00:00 pegasus-transfer,0.3,0,0,,,,,,,,,
stage_in_local_condorpool_6_0,None,transfer,0,1677072331.0,,,1677072336.0,1677072337.0,1677072340.0,2250.0,1677072336.0,1677072346.0,,,0.0,1677072346.0,1677072351.0,5.0,,0.0,10.0,5.0,3.0,7870.0,,,poseidon,local,host-10-100-100-12.openstacklocal,pegasus::transfer,/home/poseidon/pegasus-5.1.0panorama/bin/pegasus-transfer,pegasus-kickstart  -n pegasus::transfer -N null -i - -R local  -L predict-future-sales -T 2023-02-17T19:59:06+00:00 pegasus-transfer  --threads 2,0.4,0,0,,,,,,,,,
stage_in_local_condorpool_0_0,None,transfer,0,1677072331.0,,,1677072336.0,1677072337.0,1677072346.0,96453831.0,1677072336.0,1677072356.0,,,0.0,1677072356.0,1677072361.0,5.0,,0.0,20.0,5.0,9.0,936801734.0,,,poseidon,local,host-10-100-100-12.openstacklocal,pegasus::transfer,/home/poseidon/pegasus-5.1.0panorama/bin/pegasus-transfer,pegasus-kickstart  -n pegasus::transfer -N null -i - -R local  -L predict-future-sales -T 2023-02-17T19:59:06+00:00 pegasus-transfer  --threads 2,5.7,0,0,,,,,,,,,
stage_in_local_condorpool_1_0,None,transfer,0,1677072331.0,,,1677072336.0,1677072337.0,1677072341.0,3679.0,1677072336.0,1677072346.0,,,0.0,1677072346.0,1677072351.0,5.0,,0.0,10.0,5.0,4.0,15640.0,,,poseidon,local,host-10-100-100-12.openstacklocal,pegasus::transfer,/home/poseidon/pegasus-5.1.0panorama/bin/pegasus-transfer,pegasus-kickstart  -n pegasus::transfer -N null -i - -R local  -L predict-future-sales -T 2023-02-17T19:59:06+00:00 pegasus-transfer  --threads 2,0.6,0,0,,,,,,,,,
stage_in_local_condorpool_7_0,None,transfer,0,1677072331.0,,,1677072336.0,1677072337.0,1677072340.0,1002.0,1677072336.0,1677072346.0,,,0.0,1677072346.0,1677072351.0,5.0,,0.0,10.0,5.0,3.0,3488.0,,,poseidon,local,host-10-100-100-12.openstacklocal,pegasus::transfer,/home/poseidon/pegasus-5.1.0panorama/bin/pegasus-transfer,pegasus-kickstart  -n pegasus::transfer -N null -i - -R local  -L predict-future-sales -T 2023-02-17T19:59:06+00:00 pegasus-transfer  --threads 2,0.4,0,0,,,,,,,,,
stage_in_local_condorpool_3_0,None,transfer,0,1677072331.0,,,1677072336.0,1677072337.0,1677072341.0,3030.0,1677072336.0,1677072346.0,,,0.0,1677072346.0,1677072351.0,5.0,,0.0,10.0,5.0,4.0,12704.0,,,poseidon,local,host-10-100-100-12.openstacklocal,pegasus::transfer,/home/poseidon/pegasus-5.1.0panorama/bin/pegasus-transfer,pegasus-kickstart  -n pegasus::transfer -N null -i - -R local  -L predict-future-sales -T 2023-02-17T19:59:06+00:00 pegasus-transfer  --threads 2,0.6,0,0,,,,,,,,,
stage_in_local_condorpool_8_0,None,transfer,0,1677072331.0,,,1677072336.0,1677072337.0,1677072340.0,680.0,1677072336.0,1677072346.0,,,0.0,1677072346.0,1677072351.0,5.0,,0.0,10.0,5.0,3.0,2368.0,,,poseidon,local,host-10-100-100-12.openstacklocal,pegasus::transfer,/home/poseidon/pegasus-5.1.0panorama/bin/pegasus-transfer,pegasus-kickstart  -n pegasus::transfer -N null -i - -R local  -L predict-future-sales -T 2023-02-17T19:59:06+00:00 pegasus-transfer  --threads 2,0.5,0,0,,,,,,,,,
stage_in_local_local_4_0,None,transfer,0,1677072331.0,,,1677072336.0,1677072337.0,1677072339.0,5878.0,1677072336.0,1677072346.0,,,0.0,1677072346.0,1677072351.0,5.0,,0.0,10.0,5.0,2.0,12577.0,,,poseidon,local,host-10-100-100-12.openstacklocal,pegasus::transfer,/home/poseidon/pegasus-5.1.0panorama/bin/pegasus-transfer,pegasus-kickstart  -n pegasus::transfer -N null -i - -R local  -L predict-future-sales -T 2023-02-17T19:59:06+00:00 pegasus-transfer  --threads 2,0.4,0,0,,,,,,,,,
stage_in_local_condorpool_2_0,None,transfer,0,1677072331.0,,,1677072336.0,1677072337.0,1677072342.0,9767.0,1677072336.0,1677072351.0,,,0.0,1677072351.0,1677072356.0,5.0,,0.0,15.0,5.0,5.0,55480.0,,,poseidon,local,host-10-100-100-12.openstacklocal,pegasus::transfer,/home/poseidon/pegasus-5.1.0panorama/bin/pegasus-transfer,pegasus-kickstart  -n pegasus::transfer -N null -i - -R local  -L predict-future-sales -T 2023-02-17T19:59:06+00:00 pegasus-transfer  --threads 2,1.0,0,0,,,,,,,,,
preprocess_ID0000003,hdd_10,compute,0,1677072361.0,,,1677072366.0,1677072336.0,1677072364.0,45646326.8,1677072376.0,1677072481.0,1677072419.0,1677072426.0,23209823.0,1677072481.0,1677072486.0,5.0,,10.0,105.0,5.0,28.0,467356066.0,7.0,160257914.0,poseidon,condorpool,poseidon-worker-3-container-32-39,preprocess,/srv/preprocess,,4.3,0,0,,,,,,,,,
nlp_ID0000002,hdd_10,compute,0,1677072361.0,,,1677072366.0,1677072336.0,1677072362.0,44805203.5,1677072377.0,1677072762.0,1677072706.0,1677072711.0,603829.0,1677072762.0,1677072767.0,5.0,,11.0,385.0,5.0,26.0,369033604.0,5.0,2755872.0,poseidon,condorpool,poseidon-worker-2-container-24-31,nlp,/srv/nlp,,2057.3,0,0,0.1,21438773.0,8791.0,3210.0,5.0,2013.4,2.4,64966.0,879.1
eda_ID0000001,hdd_10,compute,0,1677072361.0,,,1677072366.0,1677072336.0,1677072362.0,48224473.0,1677072376.0,1677072476.0,1677072419.0,1677072424.0,277605.0,1677072476.0,1677072481.0,5.0,,10.0,100.0,5.0,26.0,464177772.0,5.0,1196078.0,poseidon,condorpool,poseidon-worker-3-container-0-7,eda,/srv/eda,,34.4,0,0,0.0,144677445.0,823306.0,27312.0,39.0,27.9,2.0,4822581.5,27443.5
feature_eng_0_ID0000004,hdd_10,compute,0,1677072486.0,,,1677072491.0,1677072452.0,1677072469.0,44995449.5,1677072493.0,1677072587.0,1677072480.0,1677072484.0,204215.0,1677072587.0,1677072592.0,5.0,,2.0,94.0,5.0,17.0,369949088.0,4.0,893320.0,poseidon,condorpool,poseidon-worker-3-container-0-7,feature_eng_0,/srv/feature_eng_0,,5.1,0,0,,,,,,,,,
feature_eng_1_ID0000005,hdd_10,compute,0,1677072486.0,,,1677072491.0,1677072452.0,1677072472.0,49612412.4,1677072493.0,1677072637.0,1677072541.0,1677072551.0,38784656.0,1677072637.0,1677072642.0,5.0,,2.0,144.0,5.0,20.0,528250191.0,10.0,393324463.0,poseidon,condorpool,poseidon-worker-3-container-32-39,feature_eng_1,/srv/feature_eng_1,,15.9,0,0,0.0,169608346.0,8.0,1721.0,1.0,8.0,2.0,16960834.6,0.8
feature_eng_4_ID0000008,hdd_10,compute,0,1677072642.0,,,1677072647.0,1677072609.0,1677072633.0,44008850.9,1677072649.0,1677073273.0,1677073198.0,1677073223.0,49097261.0,1677073273.0,1677073278.0,5.0,,2.0,624.0,5.0,24.0,761328752.0,25.0,1201824259.0,poseidon,condorpool,poseidon-worker-3-container-32-39,feature_eng_4,/srv/feature_eng_4,,51.5,0,0,0.0,402746485.0,8.0,1437.0,1.0,37.5,12.6,5034331.1,0.8
feature_eng_3_ID0000007,hdd_10,compute,0,1677072642.0,,,1677072647.0,1677072608.0,1677072633.0,43286374.8,1677072649.0,1677073273.0,1677073198.0,1677073222.0,48887835.0,1677073273.0,1677073278.0,5.0,,2.0,624.0,5.0,25.0,762217561.0,24.0,1179971921.0,poseidon,condorpool,poseidon-worker-3-container-32-39,feature_eng_3,/srv/feature_eng_3,,108.5,0,0,0.0,403642839.0,8.0,1475.0,1.0,68.8,31.1,4036428.4,0.8
feature_eng_2_ID0000006,hdd_10,compute,0,1677072642.0,,,1677072647.0,1677072609.0,1677072731.0,8027903.0,1677072649.0,1677073278.0,1677073198.0,1677073230.0,55249253.0,1677073278.0,1677073283.0,5.0,,2.0,629.0,5.0,122.0,761320658.0,32.0,1748107178.0,poseidon,condorpool,poseidon-worker-3-container-0-7,feature_eng_2,/srv/feature_eng_2,,279.1,0,0,0.0,402804795.0,8.0,1715.0,1.0,205.9,64.1,1491869.6,0.8
feature_eng_5_ID0000009,hdd_10,compute,0,1677072642.0,,,1677072647.0,1677072608.0,1677072736.0,52785257.0,1677072649.0,1677073263.0,1677073198.0,1677073213.0,43035245.0,1677073263.0,1677073268.0,5.0,,2.0,614.0,5.0,128.0,856820455.0,15.0,655540227.0,poseidon,condorpool,poseidon-worker-3-container-0-7,feature_eng_5,/srv/feature_eng_5,,223.7,0,0,0.0,498294403.0,8.0,2027.0,1.0,199.2,20.8,2264974.6,0.8
stage_out_local_condorpool_1_0,None,transfer,0,1677072642.0,,,1677072647.0,,,0.0,1677072647.0,1677072657.0,1677072647.0,1677072652.0,92772436.0,1677072657.0,1677072662.0,5.0,,0.0,10.0,5.0,,,5.0,394217783.0,poseidon,local,host-10-100-100-12.openstacklocal,pegasus::transfer,/home/poseidon/pegasus-5.1.0panorama/bin/pegasus-transfer,pegasus-kickstart  -n pegasus::transfer -N null -i - -R local  -L predict-future-sales -T 2023-02-17T19:59:06+00:00 pegasus-transfer  --threads 2,2.1,0,0,,,,,,,,,
register_condorpool_1_0,None,auxiliary,0,1677072662.0,,,1677072667.0,,,0.0,1677072667.0,1677072672.0,,,0.0,1677072672.0,1677072677.0,5.0,,0.0,5.0,5.0,,,,,poseidon,local,host-10-100-100-12.openstacklocal,pegasus::rc-client,/home/poseidon/pegasus-5.1.0panorama/bin/pegasus-rc-client,"pegasus-kickstart  -n pegasus::rc-client -N null -R local  -L predict-future-sales -T 2023-02-17T19:59:06+00:00 /home/poseidon/pegasus-5.1.0panorama/bin/pegasus-rc-client --prefix pegasus.catalog.replica.output --conf /home/poseidon/workflows/predict-future-sales-workflow/submit/poseidon/pegasus/predict-future-sales/run0088/pegasus.15223330117288723597.properties -v --meta /home/poseidon/workflows/predict-future-sales-workflow/submit/poseidon/pegasus/predict-future-sales/run0088/00/00/feature_eng_1_ID0000005.meta,/home/poseidon/workflows/predict-future-sales-workflow/submit/poseidon/pegasus/predict-future-sales/run0088/00/00/feature_eng_0_ID0000004.meta --insert /home/poseidon/workflows/predict-future-sales-workflow/submit/poseidon/pegasus/predict-future-sales/run0088/00/00/register_condorpool_1_0.in",3.0,0,0,,,,,,,,,
stage_out_local_condorpool_0_0,None,transfer,0,1677072767.0,,,1677072772.0,,,0.0,1677072772.0,1677072782.0,1677072772.0,1677072776.0,40718487.0,1677072782.0,1677072787.0,5.0,,0.0,10.0,5.0,,,4.0,164209864.0,poseidon,local,host-10-100-100-12.openstacklocal,pegasus::transfer,/home/poseidon/pegasus-5.1.0panorama/bin/pegasus-transfer,pegasus-kickstart  -n pegasus::transfer -N null -i - -R local  -L predict-future-sales -T 2023-02-17T19:59:06+00:00 pegasus-transfer  --threads 2,2.1,0,0,,,,,,,,,
register_condorpool_0_0,None,auxiliary,0,1677072787.0,,,1677072792.0,,,0.0,1677072792.0,1677072797.0,,,0.0,1677072797.0,1677072802.0,5.0,,0.0,5.0,5.0,,,,,poseidon,local,host-10-100-100-12.openstacklocal,pegasus::rc-client,/home/poseidon/pegasus-5.1.0panorama/bin/pegasus-rc-client,"pegasus-kickstart  -n pegasus::rc-client -N null -R local  -L predict-future-sales -T 2023-02-17T19:59:06+00:00 /home/poseidon/pegasus-5.1.0panorama/bin/pegasus-rc-client --prefix pegasus.catalog.replica.output --conf /home/poseidon/workflows/predict-future-sales-workflow/submit/poseidon/pegasus/predict-future-sales/run0088/pegasus.15223330117288723597.properties -v --meta /home/poseidon/workflows/predict-future-sales-workflow/submit/poseidon/pegasus/predict-future-sales/run0088/00/00/nlp_ID0000002.meta,/home/poseidon/workflows/predict-future-sales-workflow/submit/poseidon/pegasus/predict-future-sales/run0088/00/00/eda_ID0000001.meta,/home/poseidon/workflows/predict-future-sales-workflow/submit/poseidon/pegasus/predict-future-sales/run0088/00/00/preprocess_ID0000003.meta --insert /home/poseidon/workflows/predict-future-sales-workflow/submit/poseidon/pegasus/predict-future-sales/run0088/00/00/register_condorpool_0_0.in",3.0,0,0,,,,,,,,,
stage_out_local_condorpool_2_0,None,transfer,0,1677073283.0,,,1677073288.0,,,0.0,1677073288.0,1677073318.0,1677073289.0,1677073309.0,241203826.0,1677073318.0,1677073323.0,5.0,,0.0,30.0,5.0,,,20.0,4785443585.0,poseidon,local,host-10-100-100-12.openstacklocal,pegasus::transfer,/home/poseidon/pegasus-5.1.0panorama/bin/pegasus-transfer,pegasus-kickstart  -n pegasus::transfer -N null -i - -R local  -L predict-future-sales -T 2023-02-17T19:59:06+00:00 pegasus-transfer  --threads 2,21.1,0,0,,,,,,,,,
feature_merge_ID0000010,hdd_10,compute,0,1677073283.0,,,1677073288.0,1677073249.0,1677073358.0,51037455.6,1677073290.0,1677074184.0,1677074083.0,1677074132.0,60778217.0,1677074184.0,1677074189.0,5.0,,2.0,894.0,5.0,109.0,5155397110.0,49.0,2993643458.0,poseidon,condorpool,poseidon-worker-3-container-0-7,feature_merge,/srv/feature_merge,,63.3,0,0,136.4,4796917177.0,2906237329.0,1677.0,89.0,40.6,22.5,22842462.7,41517676.1
register_condorpool_2_0,None,auxiliary,0,1677073323.0,,,1677073328.0,,,0.0,1677073328.0,1677073333.0,,,0.0,1677073333.0,1677073338.0,5.0,,0.0,5.0,5.0,,,,,poseidon,local,host-10-100-100-12.openstacklocal,pegasus::rc-client,/home/poseidon/pegasus-5.1.0panorama/bin/pegasus-rc-client,"pegasus-kickstart  -n pegasus::rc-client -N null -R local  -L predict-future-sales -T 2023-02-17T19:59:06+00:00 /home/poseidon/pegasus-5.1.0panorama/bin/pegasus-rc-client --prefix pegasus.catalog.replica.output --conf /home/poseidon/workflows/predict-future-sales-workflow/submit/poseidon/pegasus/predict-future-sales/run0088/pegasus.15223330117288723597.properties -v --meta /home/poseidon/workflows/predict-future-sales-workflow/submit/poseidon/pegasus/predict-future-sales/run0088/00/00/feature_eng_5_ID0000009.meta,/home/poseidon/workflows/predict-future-sales-workflow/submit/poseidon/pegasus/predict-future-sales/run0088/00/00/feature_eng_2_ID0000006.meta,/home/poseidon/workflows/predict-future-sales-workflow/submit/poseidon/pegasus/predict-future-sales/run0088/00/00/feature_eng_3_ID0000007.meta,/home/poseidon/workflows/predict-future-sales-workflow/submit/poseidon/pegasus/predict-future-sales/run0088/00/00/feature_eng_4_ID0000008.meta --insert /home/poseidon/workflows/predict-future-sales-workflow/submit/poseidon/pegasus/predict-future-sales/run0088/00/00/register_condorpool_2_0.in",3.0,0,0,,,,,,,,,
stage_inter_local_xgboost_model_ID0000021_0,None,transfer,0,1677074189.0,,,1677074194.0,1677074194.0,1677074223.0,92021510.0,1677074194.0,1677074230.0,,,0.0,1677074230.0,1677074235.0,5.0,,0.0,36.0,5.0,29.0,2646308508.0,,,poseidon,local,host-10-100-100-12.openstacklocal,pegasus::transfer,/home/poseidon/pegasus-5.1.0panorama/bin/pegasus-transfer,pegasus-kickstart  -n pegasus::transfer -N null -i - -R local  -L predict-future-sales -T 2023-02-17T19:59:06+00:00 pegasus-transfer  --threads 2,9.3,0,0,,,,,,,,,
stage_inter_local_xgboost_hp_tuning_workflow_ID0000015_0,None,transfer,0,1677074189.0,,,1677074194.0,1677074194.0,1677074197.0,401.0,1677074194.0,1677074204.0,,,0.0,1677074204.0,1677074209.0,5.0,,0.0,10.0,5.0,3.0,826.0,,,poseidon,local,host-10-100-100-12.openstacklocal,pegasus::transfer,/home/poseidon/pegasus-5.1.0panorama/bin/pegasus-transfer,pegasus-kickstart  -n pegasus::transfer -N null -i - -R local  -L predict-future-sales -T 2023-02-17T19:59:06+00:00 pegasus-transfer  --threads 2,0.3,0,0,,,,,,,,,
stage_inter_local_model_predict_ID0000022_0,None,transfer,0,1677074189.0,,,1677074194.0,1677074194.0,1677074198.0,13964144.0,1677074194.0,1677074204.0,,,0.0,1677074204.0,1677074209.0,5.0,,0.0,10.0,5.0,4.0,54050130.0,,,poseidon,local,host-10-100-100-12.openstacklocal,pegasus::transfer,/home/poseidon/pegasus-5.1.0panorama/bin/pegasus-transfer,pegasus-kickstart  -n pegasus::transfer -N null -i - -R local  -L predict-future-sales -T 2023-02-17T19:59:06+00:00 pegasus-transfer  --threads 2,0.6,0,0,,,,,,,,,
stage_out_local_condorpool_3_0,None,transfer,0,1677074189.0,,,1677074194.0,,,0.0,1677074194.0,1677074225.0,1677074194.0,1677074219.0,123163297.0,1677074225.0,1677074230.0,5.0,,0.0,31.0,5.0,,,25.0,2993643458.0,poseidon,local,host-10-100-100-12.openstacklocal,pegasus::transfer,/home/poseidon/pegasus-5.1.0panorama/bin/pegasus-transfer,pegasus-kickstart  -n pegasus::transfer -N null -i - -R local  -L predict-future-sales -T 2023-02-17T19:59:06+00:00 pegasus-transfer  --threads 2,14.6,0,0,,,,,,,,,
stage_inter_local_xgboost_model_ID0000013_0,None,transfer,0,1677074189.0,,,1677074194.0,1677074194.0,1677074202.0,35954040.0,1677074194.0,1677074209.0,,,0.0,1677074209.0,1677074215.0,5.0,,0.0,15.0,6.0,8.0,269346726.0,,,poseidon,local,host-10-100-100-12.openstacklocal,pegasus::transfer,/home/poseidon/pegasus-5.1.0panorama/bin/pegasus-transfer,pegasus-kickstart  -n pegasus::transfer -N null -i - -R local  -L predict-future-sales -T 2023-02-17T19:59:06+00:00 pegasus-transfer  --threads 2,1.3,0,0,,,,,,,,,
stage_inter_local_model_predict_ID0000014_0,None,transfer,0,1677074189.0,,,1677074194.0,1677074194.0,1677074198.0,1222844.0,1677074194.0,1677074204.0,,,0.0,1677074204.0,1677074209.0,5.0,,0.0,10.0,5.0,4.0,4411696.0,,,poseidon,local,host-10-100-100-12.openstacklocal,pegasus::transfer,/home/poseidon/pegasus-5.1.0panorama/bin/pegasus-transfer,pegasus-kickstart  -n pegasus::transfer -N null -i - -R local  -L predict-future-sales -T 2023-02-17T19:59:06+00:00 pegasus-transfer  --threads 2,0.4,0,0,,,,,,,,,
xgboost_hp_tuning_workflow_ID0000015,None,compute,0,1677074209.0,,,1677074215.0,,,0.0,1677074215.0,1677074225.0,,,0.0,1677074225.0,1677074230.0,6.0,,0.0,10.0,5.0,,,,,poseidon,local,poseidon-submit.novalocal,xgboost_hp_tuning_workflow,/var/spool/condor/local_univ_execute/dir_2322877/xgboost_hp_tuning_workflow,/home/poseidon/workflows/predict-future-sales-workflow/submit/poseidon/pegasus/predict-future-sales/run0088/00/00/xgboost_hp_tuning_workflow_ID0000015.sh,0.1,0,0,,,,,,,,,
xgboost_hp_tuning_workflow_ID0000011,None,compute,0,1677074209.0,,,1677074215.0,,,0.0,1677074215.0,1677074225.0,,,0.0,1677074225.0,1677074230.0,6.0,,0.0,10.0,5.0,,,,,poseidon,local,poseidon-submit.novalocal,xgboost_hp_tuning_workflow,/var/spool/condor/local_univ_execute/dir_2322878/xgboost_hp_tuning_workflow,/home/poseidon/workflows/predict-future-sales-workflow/submit/poseidon/pegasus/predict-future-sales/run0088/00/00/xgboost_hp_tuning_workflow_ID0000011.sh,0.1,0,0,,,,,,,,,
xgboost_hp_tuning_workflow_ID0000019,None,compute,0,1677074209.0,,,1677074215.0,,,0.0,1677074215.0,1677074225.0,,,0.0,1677074225.0,1677074230.0,6.0,,0.0,10.0,5.0,,,,,poseidon,local,poseidon-submit.novalocal,xgboost_hp_tuning_workflow,/var/spool/condor/local_univ_execute/dir_2322881/xgboost_hp_tuning_workflow,/home/poseidon/workflows/predict-future-sales-workflow/submit/poseidon/pegasus/predict-future-sales/run0088/00/00/xgboost_hp_tuning_workflow_ID0000019.sh,0.1,0,0,,,,,,,,,
register_condorpool_3_0,None,auxiliary,0,1677074230.0,,,1677074235.0,,,0.0,1677074236.0,1677074240.0,,,0.0,1677074240.0,1677074245.0,5.0,,1.0,4.0,5.0,,,,,poseidon,local,host-10-100-100-12.openstacklocal,pegasus::rc-client,/home/poseidon/pegasus-5.1.0panorama/bin/pegasus-rc-client,pegasus-kickstart  -n pegasus::rc-client -N null -R local  -L predict-future-sales -T 2023-02-17T19:59:06+00:00 /home/poseidon/pegasus-5.1.0panorama/bin/pegasus-rc-client --prefix pegasus.catalog.replica.output --conf /home/poseidon/workflows/predict-future-sales-workflow/submit/poseidon/pegasus/predict-future-sales/run0088/pegasus.15223330117288723597.properties -v --meta /home/poseidon/workflows/predict-future-sales-workflow/submit/poseidon/pegasus/predict-future-sales/run0088/00/00/feature_merge_ID0000010.meta --insert /home/poseidon/workflows/predict-future-sales-workflow/submit/poseidon/pegasus/predict-future-sales/run0088/00/00/register_condorpool_3_0.in,3.1,0,0,,,,,,,,,
pegasus-plan_ID0000016,None,subwf,0,1677074230.0,1677074230.0,1677074236.0,1677074240.0,,,0.0,1677074240.0,1677074776.0,,,0.0,,,0.0,6.0,0.0,536.0,,,,,,poseidon,local,poseidon-submit,condor::dagman,/usr/bin/condor_dagman,-p 0  -f -l . -Notification never -Debug 3 -Lockfile xgboost_hp_tuning_group_1.dag.lock -Dag xgboost_hp_tuning_group_1.dag -AllowVersionMismatch  -AutoRescue 1 -DoRescueFrom 0,0.0,0,0,,,,,,,,,
pegasus-plan_ID0000012,None,subwf,0,1677074230.0,1677074230.0,1677074236.0,1677074240.0,,,0.0,1677074240.0,1677074821.0,,,0.0,,,0.0,6.0,0.0,581.0,,,,,,poseidon,local,poseidon-submit,condor::dagman,/usr/bin/condor_dagman,-p 0  -f -l . -Notification never -Debug 3 -Lockfile xgboost_hp_tuning_group_0.dag.lock -Dag xgboost_hp_tuning_group_0.dag -AllowVersionMismatch  -AutoRescue 1 -DoRescueFrom 0,0.0,0,0,,,,,,,,,
stage_out_local_local_4_0,None,transfer,0,1677074230.0,,,1677074235.0,,,0.0,1677074236.0,1677074250.0,1677074236.0,1677074240.0,21103.0,1677074250.0,1677074255.0,5.0,,1.0,14.0,5.0,,,4.0,85038.0,poseidon,local,host-10-100-100-12.openstacklocal,pegasus::transfer,/home/poseidon/pegasus-5.1.0panorama/bin/pegasus-transfer,pegasus-kickstart  -n pegasus::transfer -N null -i - -R local  -L predict-future-sales -T 2023-02-17T19:59:06+00:00 pegasus-transfer  --threads 2,0.6,0,0,,,,,,,,,
pegasus-plan_ID0000020,None,subwf,0,1677074230.0,1677074230.0,1677074236.0,1677074240.0,,,0.0,1677074240.0,1677075421.0,,,0.0,,,0.0,6.0,0.0,1181.0,,,,,,poseidon,local,poseidon-submit,condor::dagman,/usr/bin/condor_dagman,-p 0  -f -l . -Notification never -Debug 3 -Lockfile xgboost_hp_tuning_group_2.dag.lock -Dag xgboost_hp_tuning_group_2.dag -AllowVersionMismatch  -AutoRescue 1 -DoRescueFrom 0,0.0,0,0,,,,,,,,,
create_dir_predict-future-sales-hp-tuning_0_condorpool_pegasus-plan_ID0000012,None,auxiliary,0,1677074240.0,,,1677074241.0,,,0.0,1677074245.0,1677074251.0,,,0.0,1677074251.0,1677074256.0,1.0,,4.0,6.0,5.0,,,,,poseidon,local,host-10-100-100-12.openstacklocal,pegasus::dirmanager,/home/poseidon/pegasus-5.1.0panorama/bin/pegasus-transfer,pegasus-kickstart  -n pegasus::dirmanager -N null -i - -R local  -L xgboost_hp_tuning_group_0 -T 2023-02-22T13:57:13+00:00 pegasus-transfer,0.3,0,0,,,,,,,,,
create_dir_predict-future-sales-hp-tuning_0_condorpool_pegasus-plan_ID0000016,None,auxiliary,0,1677074240.0,,,1677074241.0,,,0.0,1677074245.0,1677074251.0,,,0.0,1677074251.0,1677074256.0,1.0,,4.0,6.0,5.0,,,,,poseidon,local,host-10-100-100-12.openstacklocal,pegasus::dirmanager,/home/poseidon/pegasus-5.1.0panorama/bin/pegasus-transfer,pegasus-kickstart  -n pegasus::dirmanager -N null -i - -R local  -L xgboost_hp_tuning_group_1 -T 2023-02-22T13:57:13+00:00 pegasus-transfer,0.3,0,0,,,,,,,,,
create_dir_predict-future-sales-hp-tuning_0_condorpool_pegasus-plan_ID0000020,None,auxiliary,0,1677074240.0,,,1677074241.0,,,0.0,1677074245.0,1677074251.0,,,0.0,1677074251.0,1677074256.0,1.0,,4.0,6.0,5.0,,,,,poseidon,local,host-10-100-100-12.openstacklocal,pegasus::dirmanager,/home/poseidon/pegasus-5.1.0panorama/bin/pegasus-transfer,pegasus-kickstart  -n pegasus::dirmanager -N null -i - -R local  -L xgboost_hp_tuning_group_2 -T 2023-02-22T13:57:13+00:00 pegasus-transfer,0.3,0,0,,,,,,,,,
register_local_4_0,None,auxiliary,0,1677074255.0,,,1677074260.0,,,0.0,1677074260.0,1677074265.0,,,0.0,1677074265.0,1677074270.0,5.0,,0.0,5.0,5.0,,,,,poseidon,local,host-10-100-100-12.openstacklocal,pegasus::rc-client,/home/poseidon/pegasus-5.1.0panorama/bin/pegasus-rc-client,"pegasus-kickstart  -n pegasus::rc-client -N null -R local  -L predict-future-sales -T 2023-02-17T19:59:06+00:00 /home/poseidon/pegasus-5.1.0panorama/bin/pegasus-rc-client --prefix pegasus.catalog.replica.output --conf /home/poseidon/workflows/predict-future-sales-workflow/submit/poseidon/pegasus/predict-future-sales/run0088/pegasus.15223330117288723597.properties -v --meta /home/poseidon/workflows/predict-future-sales-workflow/submit/poseidon/pegasus/predict-future-sales/run0088/00/00/xgboost_hp_tuning_workflow_ID0000011.meta,/home/poseidon/workflows/predict-future-sales-workflow/submit/poseidon/pegasus/predict-future-sales/run0088/00/00/xgboost_hp_tuning_workflow_ID0000019.meta,/home/poseidon/workflows/predict-future-sales-workflow/submit/poseidon/pegasus/predict-future-sales/run0088/00/00/xgboost_hp_tuning_workflow_ID0000015.meta --insert /home/poseidon/workflows/predict-future-sales-workflow/submit/poseidon/pegasus/predict-future-sales/run0088/00/00/register_local_4_0.in",3.0,0,0,,,,,,,,,
stage_in_local_condorpool_0_2_pegasus-plan_ID0000012,None,transfer,0,1677074256.0,,,1677074261.0,1677074262.0,1677074273.0,69591802.0,1677074262.0,1677074281.0,,,0.0,1677074281.0,1677074286.0,5.0,,1.0,19.0,5.0,11.0,735985664.0,,,poseidon,local,host-10-100-100-12.openstacklocal,pegasus::transfer,/home/poseidon/pegasus-5.1.0panorama/bin/pegasus-transfer,-n pegasus::transfer -N null -i - -R local  -L xgboost_hp_tuning_group_0 -T 2023-02-22T13:57:13+00:00 /home/poseidon/pegasus-5.1.0panorama/bin/../bin/pegasus-transfer  --threads 2,4.2,0,0,,,,,,,,,
stage_in_local_condorpool_0_0_pegasus-plan_ID0000016,None,transfer,0,1677074256.0,,,1677074261.0,1677074262.0,1677074267.0,2815.0,1677074262.0,1677074276.0,,,0.0,1677074276.0,1677074281.0,5.0,,1.0,14.0,5.0,5.0,12142.0,,,poseidon,local,host-10-100-100-12.openstacklocal,pegasus::transfer,/home/poseidon/pegasus-5.1.0panorama/bin/pegasus-transfer,-n pegasus::transfer -N null -i - -R local  -L xgboost_hp_tuning_group_1 -T 2023-02-22T13:57:13+00:00 /home/poseidon/pegasus-5.1.0panorama/bin/../bin/pegasus-transfer  --threads 2,0.6,0,0,,,,,,,,,
stage_in_local_condorpool_1_0_pegasus-plan_ID0000016,None,transfer,0,1677074256.0,,,1677074261.0,1677074262.0,1677074266.0,816.0,1677074262.0,1677074271.0,,,0.0,1677074271.0,1677074276.0,5.0,,1.0,9.0,5.0,4.0,2874.0,,,poseidon,local,host-10-100-100-12.openstacklocal,pegasus::transfer,/home/poseidon/pegasus-5.1.0panorama/bin/pegasus-transfer,-n pegasus::transfer -N null -i - -R local  -L xgboost_hp_tuning_group_1 -T 2023-02-22T13:57:13+00:00 /home/poseidon/pegasus-5.1.0panorama/bin/../bin/pegasus-transfer  --threads 2,0.5,0,0,,,,,,,,,
stage_in_local_condorpool_0_1_pegasus-plan_ID0000016,None,transfer,0,1677074256.0,,,1677074261.0,1677074262.0,1677074266.0,5147561.0,1677074262.0,1677074276.0,,,0.0,1677074276.0,1677074281.0,5.0,,1.0,14.0,5.0,4.0,19294600.0,,,poseidon,local,host-10-100-100-12.openstacklocal,pegasus::transfer,/home/poseidon/pegasus-5.1.0panorama/bin/pegasus-transfer,-n pegasus::transfer -N null -i - -R local  -L xgboost_hp_tuning_group_1 -T 2023-02-22T13:57:13+00:00 /home/poseidon/pegasus-5.1.0panorama/bin/../bin/pegasus-transfer  --threads 2,0.6,0,0,,,,,,,,,
stage_in_local_condorpool_0_2_pegasus-plan_ID0000016,None,transfer,0,1677074256.0,,,1677074261.0,1677074262.0,1677074273.0,70103560.0,1677074262.0,1677074281.0,,,0.0,1677074281.0,1677074286.0,5.0,,1.0,19.0,5.0,11.0,735985664.0,,,poseidon,local,host-10-100-100-12.openstacklocal,pegasus::transfer,/home/poseidon/pegasus-5.1.0panorama/bin/pegasus-transfer,-n pegasus::transfer -N null -i - -R local  -L xgboost_hp_tuning_group_1 -T 2023-02-22T13:57:13+00:00 /home/poseidon/pegasus-5.1.0panorama/bin/../bin/pegasus-transfer  --threads 2,4.2,0,0,,,,,,,,,
stage_in_local_condorpool_0_1_pegasus-plan_ID0000012,None,transfer,0,1677074256.0,,,1677074261.0,1677074262.0,1677074268.0,44138907.0,1677074262.0,1677074276.0,,,0.0,1677074276.0,1677074281.0,5.0,,1.0,14.0,5.0,6.0,269346726.0,,,poseidon,local,host-10-100-100-12.openstacklocal,pegasus::transfer,/home/poseidon/pegasus-5.1.0panorama/bin/pegasus-transfer,-n pegasus::transfer -N null -i - -R local  -L xgboost_hp_tuning_group_0 -T 2023-02-22T13:57:13+00:00 /home/poseidon/pegasus-5.1.0panorama/bin/../bin/pegasus-transfer  --threads 2,1.9,0,0,,,,,,,,,
stage_in_local_condorpool_0_2_pegasus-plan_ID0000020,None,transfer,0,1677074256.0,,,1677074261.0,1677074262.0,1677074273.0,70506031.0,1677074262.0,1677074281.0,,,0.0,1677074281.0,1677074286.0,5.0,,1.0,19.0,5.0,11.0,735985664.0,,,poseidon,local,host-10-100-100-12.openstacklocal,pegasus::transfer,/home/poseidon/pegasus-5.1.0panorama/bin/pegasus-transfer,-n pegasus::transfer -N null -i - -R local  -L xgboost_hp_tuning_group_2 -T 2023-02-22T13:57:13+00:00 /home/poseidon/pegasus-5.1.0panorama/bin/../bin/pegasus-transfer  --threads 2,4.2,0,0,,,,,,,,,
stage_in_local_condorpool_0_0_pegasus-plan_ID0000012,None,transfer,0,1677074256.0,,,1677074261.0,1677074262.0,1677074267.0,2808.0,1677074262.0,1677074276.0,,,0.0,1677074276.0,1677074281.0,5.0,,1.0,14.0,5.0,5.0,12142.0,,,poseidon,local,host-10-100-100-12.openstacklocal,pegasus::transfer,/home/poseidon/pegasus-5.1.0panorama/bin/pegasus-transfer,-n pegasus::transfer -N null -i - -R local  -L xgboost_hp_tuning_group_0 -T 2023-02-22T13:57:13+00:00 /home/poseidon/pegasus-5.1.0panorama/bin/../bin/pegasus-transfer  --threads 2,0.6,0,0,,,,,,,,,
stage_in_local_condorpool_1_0_pegasus-plan_ID0000012,None,transfer,0,1677074256.0,,,1677074261.0,1677074262.0,1677074266.0,827.0,1677074262.0,1677074271.0,,,0.0,1677074271.0,1677074276.0,5.0,,1.0,9.0,5.0,4.0,2874.0,,,poseidon,local,host-10-100-100-12.openstacklocal,pegasus::transfer,/home/poseidon/pegasus-5.1.0panorama/bin/pegasus-transfer,-n pegasus::transfer -N null -i - -R local  -L xgboost_hp_tuning_group_0 -T 2023-02-22T13:57:13+00:00 /home/poseidon/pegasus-5.1.0panorama/bin/../bin/pegasus-transfer  --threads 2,0.4,0,0,,,,,,,,,
stage_in_local_condorpool_0_0_pegasus-plan_ID0000020,None,transfer,0,1677074256.0,,,1677074261.0,1677074262.0,1677074267.0,2833.0,1677074262.0,1677074276.0,,,0.0,1677074276.0,1677074281.0,5.0,,1.0,14.0,5.0,5.0,12142.0,,,poseidon,local,host-10-100-100-12.openstacklocal,pegasus::transfer,/home/poseidon/pegasus-5.1.0panorama/bin/pegasus-transfer,-n pegasus::transfer -N null -i - -R local  -L xgboost_hp_tuning_group_2 -T 2023-02-22T13:57:13+00:00 /home/poseidon/pegasus-5.1.0panorama/bin/../bin/pegasus-transfer  --threads 2,0.6,0,0,,,,,,,,,
stage_in_local_condorpool_1_0_pegasus-plan_ID0000020,None,transfer,0,1677074256.0,,,1677074261.0,1677074262.0,1677074266.0,806.0,1677074262.0,1677074276.0,,,0.0,1677074276.0,1677074281.0,5.0,,1.0,14.0,5.0,4.0,2874.0,,,poseidon,local,host-10-100-100-12.openstacklocal,pegasus::transfer,/home/poseidon/pegasus-5.1.0panorama/bin/pegasus-transfer,-n pegasus::transfer -N null -i - -R local  -L xgboost_hp_tuning_group_2 -T 2023-02-22T13:57:13+00:00 /home/poseidon/pegasus-5.1.0panorama/bin/../bin/pegasus-transfer  --threads 2,0.5,0,0,,,,,,,,,
stage_in_local_condorpool_0_1_pegasus-plan_ID0000020,None,transfer,0,1677074256.0,,,1677074261.0,1677074262.0,1677074280.0,150706152.0,1677074262.0,1677074286.0,,,0.0,1677074286.0,1677074291.0,5.0,,1.0,24.0,5.0,18.0,2646308508.0,,,poseidon,local,host-10-100-100-12.openstacklocal,pegasus::transfer,/home/poseidon/pegasus-5.1.0panorama/bin/pegasus-transfer,-n pegasus::transfer -N null -i - -R local  -L xgboost_hp_tuning_group_2 -T 2023-02-22T13:57:13+00:00 /home/poseidon/pegasus-5.1.0panorama/bin/../bin/pegasus-transfer  --threads 2,11.8,0,0,,,,,,,,,
xgboost_hp_tuning_ID0000023_pegasus-plan_ID0000016,hdd_10,compute,0,1677074286.0,,,1677074291.0,1677074429.0,1677074454.0,45742993.0,1677074469.0,1677074542.0,1677074487.0,1677074491.0,258.0,1677074542.0,1677074547.0,5.0,,178.0,73.0,5.0,25.0,377646203.0,4.0,1089.0,poseidon,condorpool,poseidon-worker-1-container-0-7,xgboost_hp_tuning,/srv/xgboost_hp_tuning,,29.4,0,0,,,,,,,,,
xgboost_hp_tuning_ID0000012_pegasus-plan_ID0000016,hdd_10,compute,0,1677074286.0,,,1677074291.0,1677074429.0,1677074453.0,45699125.2,1677074469.0,1677074542.0,1677074487.0,1677074491.0,248.0,1677074542.0,1677074547.0,5.0,,178.0,73.0,5.0,24.0,377646203.0,4.0,1049.0,poseidon,condorpool,poseidon-worker-1-container-24-31,xgboost_hp_tuning,/srv/xgboost_hp_tuning,,28.0,0,0,,,,,,,,,
xgboost_hp_tuning_ID0000001_pegasus-plan_ID0000016,None,compute,0,1677074286.0,,,1677074291.0,1677074429.0,1677074444.0,45733067.8,1677074469.0,1677074542.0,1677074487.0,1677074491.0,250.0,1677074542.0,1677074547.0,5.0,,178.0,73.0,5.0,15.0,377646203.0,4.0,1063.0,poseidon,condorpool,poseidon-worker-1-container-8-15,xgboost_hp_tuning,/srv/xgboost_hp_tuning,,16.2,0,0,,,,,,,,,
xgboost_hp_tuning_ID0000004_pegasus-plan_ID0000012,None,compute,0,1677074286.0,,,1677074291.0,1677074343.0,1677074407.0,8654460.4,1677074383.0,1677074522.0,1677074440.0,1677074444.0,257.0,1677074522.0,1677074527.0,5.0,,92.0,139.0,5.0,64.0,502672266.0,4.0,1062.0,poseidon,condorpool,poseidon-worker-3-container-8-15,xgboost_hp_tuning,/srv/xgboost_hp_tuning,,129.9,0,0,0.0,157970638.0,40.0,3319.0,2.0,89.4,2.7,7898531.9,4.0
xgboost_hp_tuning_ID0000016_pegasus-plan_ID0000012,hdd_10,compute,0,1677074286.0,,,1677074291.0,1677074342.0,1677074359.0,51332978.7,1677074383.0,1677074472.0,1677074416.0,1677074420.0,254.0,1677074472.0,1677074477.0,5.0,,92.0,89.0,5.0,17.0,502672266.0,4.0,1056.0,poseidon,condorpool,poseidon-worker-1-container-16-23,xgboost_hp_tuning,/srv/xgboost_hp_tuning,,93.4,0,0,0.0,157967913.0,40.0,3305.0,2.0,42.2,3.1,15796791.3,4.0
xgboost_hp_tuning_ID0000005_pegasus-plan_ID0000012,None,compute,0,1677074286.0,,,1677074291.0,1677074342.0,1677074359.0,51245207.0,1677074383.0,1677074472.0,1677074416.0,1677074420.0,259.0,1677074472.0,1677074477.0,5.0,,92.0,89.0,5.0,17.0,502672266.0,4.0,1079.0,poseidon,condorpool,poseidon-worker-1-container-32-39,xgboost_hp_tuning,/srv/xgboost_hp_tuning,,138.1,0,0,0.0,157972546.0,40.0,3321.0,2.0,112.5,3.1,7898627.3,4.0
xgboost_hp_tuning_ID0000015_pegasus-plan_ID0000012,hdd_10,compute,0,1677074286.0,,,1677074291.0,1677074345.0,1677074370.0,51328901.3,1677074386.0,1677074502.0,1677074449.0,1677074453.0,252.0,1677074502.0,1677074507.0,5.0,,95.0,116.0,5.0,25.0,502672266.0,4.0,1055.0,poseidon,condorpool,poseidon-worker-2-container-0-7,xgboost_hp_tuning,/srv/xgboost_hp_tuning,,167.9,0,0,0.1,157976267.0,40.0,3336.0,2.0,158.2,3.7,5265875.6,4.0
xgboost_hp_tuning_ID0000017_pegasus-plan_ID0000012,hdd_10,compute,0,1677074286.0,,,1677074291.0,1677074342.0,1677074367.0,51237058.7,1677074382.0,1677074472.0,1677074416.0,1677074420.0,252.0,1677074472.0,1677074477.0,5.0,,91.0,90.0,5.0,25.0,502672266.0,4.0,1056.0,poseidon,condorpool,poseidon-worker-1-container-24-31,xgboost_hp_tuning,/srv/xgboost_hp_tuning,,86.8,0,0,0.0,157967917.0,40.0,3305.0,2.0,42.6,2.9,15796791.7,4.0
xgboost_hp_tuning_ID0000010_pegasus-plan_ID0000016,None,compute,0,1677074286.0,,,1677074291.0,1677074257.0,1677074272.0,45772743.2,1677074297.0,1677074387.0,1677074332.0,1677074336.0,249.0,1677074387.0,1677074392.0,5.0,,6.0,90.0,5.0,15.0,377646203.0,4.0,1050.0,poseidon,condorpool,poseidon-worker-2-container-32-39,xgboost_hp_tuning,/srv/xgboost_hp_tuning,,15.4,0,0,,,,,,,,,
xgboost_hp_tuning_ID0000018_pegasus-plan_ID0000012,hdd_10,compute,0,1677074286.0,,,1677074291.0,1677074336.0,1677074352.0,51395416.7,1677074376.0,1677074482.0,1677074428.0,1677074432.0,254.0,1677074482.0,1677074487.0,5.0,,85.0,106.0,5.0,16.0,502672266.0,4.0,1053.0,poseidon,condorpool,poseidon-worker-3-container-0-7,xgboost_hp_tuning,/srv/xgboost_hp_tuning,,116.7,0,0,0.1,157970771.0,40.0,3319.0,2.0,103.6,3.7,7898538.5,4.0
xgboost_hp_tuning_ID0000007_pegasus-plan_ID0000012,hdd_10,compute,0,1677074286.0,,,1677074291.0,1677074257.0,1677074283.0,51240817.0,1677074297.0,1677074387.0,1677074329.0,1677074333.0,250.0,1677074387.0,1677074392.0,5.0,,6.0,90.0,5.0,26.0,502672266.0,4.0,1066.0,poseidon,condorpool,poseidon-worker-1-container-16-23,xgboost_hp_tuning,/srv/xgboost_hp_tuning,,97.5,0,0,0.0,157967845.0,40.0,3305.0,2.0,43.5,2.9,15796784.5,4.0
xgboost_hp_tuning_ID0000019_pegasus-plan_ID0000012,None,compute,0,1677074286.0,,,1677074291.0,1677074257.0,1677074274.0,47175097.2,1677074297.0,1677074387.0,1677074330.0,1677074334.0,252.0,1677074387.0,1677074392.0,5.0,,6.0,90.0,5.0,17.0,502672266.0,4.0,1058.0,poseidon,condorpool,poseidon-worker-3-container-8-15,xgboost_hp_tuning,/srv/xgboost_hp_tuning,,108.3,0,0,0.0,157965933.0,40.0,3303.0,2.0,47.3,2.6,15796593.3,4.0
xgboost_hp_tuning_ID0000013_pegasus-plan_ID0000016,None,compute,0,1677074286.0,,,1677074291.0,1677074420.0,1677074435.0,45822935.2,1677074460.0,1677074532.0,1677074477.0,1677074481.0,256.0,1677074532.0,1677074537.0,5.0,,169.0,72.0,5.0,15.0,377646203.0,4.0,1051.0,poseidon,condorpool,poseidon-worker-3-container-24-31,xgboost_hp_tuning,/srv/xgboost_hp_tuning,,14.6,0,0,,,,,,,,,
xgboost_hp_tuning_ID0000009_pegasus-plan_ID0000012,hdd_10,compute,0,1677074286.0,,,1677074291.0,1677074257.0,1677074283.0,51288608.0,1677074297.0,1677074387.0,1677074332.0,1677074336.0,251.0,1677074387.0,1677074392.0,5.0,,6.0,90.0,5.0,26.0,502672266.0,4.0,1056.0,poseidon,condorpool,poseidon-worker-2-container-24-31,xgboost_hp_tuning,/srv/xgboost_hp_tuning,,108.2,0,0,0.1,157967941.0,40.0,3305.0,2.0,48.4,2.6,15796794.1,4.0
xgboost_hp_tuning_ID0000011_pegasus-plan_ID0000012,hdd_10,compute,0,1677074286.0,,,1677074291.0,1677074257.0,1677074274.0,51374391.0,1677074297.0,1677074387.0,1677074329.0,1677074333.0,246.0,1677074387.0,1677074392.0,5.0,,6.0,90.0,5.0,17.0,502672266.0,4.0,1047.0,poseidon,condorpool,poseidon-worker-1-container-0-7,xgboost_hp_tuning,/srv/xgboost_hp_tuning,,142.3,0,0,0.0,157972394.0,40.0,3321.0,2.0,110.3,3.5,7898619.7,4.0
xgboost_hp_tuning_ID0000022_pegasus-plan_ID0000012,hdd_10,compute,0,1677074286.0,,,1677074291.0,1677074257.0,1677074281.0,51290664.3,1677074297.0,1677074387.0,1677074332.0,1677074336.0,252.0,1677074387.0,1677074392.0,5.0,,6.0,90.0,5.0,24.0,502672266.0,4.0,1063.0,poseidon,condorpool,poseidon-worker-2-container-16-23,xgboost_hp_tuning,/srv/xgboost_hp_tuning,,105.6,0,0,0.0,157967840.0,40.0,3305.0,2.0,47.5,2.7,15796784.0,4.0
xgboost_hp_tuning_ID0000010_pegasus-plan_ID0000012,None,compute,0,1677074286.0,,,1677074291.0,1677074257.0,1677074273.0,51541830.3,1677074297.0,1677074376.0,1677074323.0,1677074327.0,254.0,1677074376.0,1677074381.0,5.0,,6.0,79.0,5.0,16.0,502672266.0,4.0,1048.0,poseidon,condorpool,poseidon-worker-3-container-40-47,xgboost_hp_tuning,/srv/xgboost_hp_tuning,,108.4,0,0,10.4,157974402.0,4023.0,3334.0,5.0,105.1,3.2,5265813.4,201.2
xgboost_hp_tuning_ID0000021_pegasus-plan_ID0000012,None,compute,0,1677074286.0,,,1677074291.0,1677074257.0,1677074273.0,51477648.3,1677074297.0,1677074376.0,1677074323.0,1677074327.0,258.0,1677074376.0,1677074381.0,5.0,,6.0,79.0,5.0,16.0,502672266.0,4.0,1062.0,poseidon,condorpool,poseidon-worker-3-container-24-31,xgboost_hp_tuning,/srv/xgboost_hp_tuning,,81.4,0,0,13.9,157974398.0,40.0,3334.0,2.0,77.9,3.3,5265813.3,4.0
xgboost_hp_tuning_ID0000006_pegasus-plan_ID0000012,hdd_10,compute,0,1677074286.0,,,1677074291.0,1677074340.0,1677074411.0,51516787.7,1677074381.0,1677074492.0,1677074436.0,1677074440.0,259.0,1677074492.0,1677074497.0,5.0,,90.0,111.0,5.0,71.0,502672266.0,4.0,1066.0,poseidon,condorpool,poseidon-worker-3-container-32-39,xgboost_hp_tuning,/srv/xgboost_hp_tuning,,95.4,0,0,0.0,157966187.0,40.0,3303.0,2.0,43.4,3.2,15796618.7,4.0
xgboost_hp_tuning_ID0000002_pegasus-plan_ID0000016,None,compute,0,1677074286.0,,,1677074291.0,1677074418.0,1677074434.0,45657711.0,1677074459.0,1677074502.0,1677074449.0,1677074453.0,256.0,1677074502.0,1677074507.0,5.0,,168.0,43.0,5.0,16.0,377646203.0,4.0,1064.0,poseidon,condorpool,poseidon-worker-2-container-8-15,xgboost_hp_tuning,/srv/xgboost_hp_tuning,,14.0,0,0,,,,,,,,,
xgboost_hp_tuning_ID0000016_pegasus-plan_ID0000016,None,compute,0,1677074286.0,,,1677074291.0,1677074342.0,1677074358.0,45692390.2,1677074383.0,1677074472.0,1677074416.0,1677074420.0,253.0,1677074472.0,1677074477.0,5.0,,92.0,89.0,5.0,16.0,377646203.0,4.0,1054.0,poseidon,condorpool,poseidon-worker-1-container-8-15,xgboost_hp_tuning,/srv/xgboost_hp_tuning,,14.7,0,0,,,,,,,,,
xgboost_hp_tuning_ID0000003_pegasus-plan_ID0000016,None,compute,0,1677074286.0,,,1677074291.0,1677074345.0,1677074361.0,45595861.2,1677074386.0,1677074472.0,1677074418.0,1677074423.0,254.0,1677074472.0,1677074477.0,5.0,,95.0,86.0,5.0,16.0,377646203.0,5.0,1068.0,poseidon,condorpool,poseidon-worker-2-container-40-47,xgboost_hp_tuning,/srv/xgboost_hp_tuning,,14.3,0,0,0.1,32950276.0,40.0,3336.0,2.0,12.7,1.6,1098342.5,4.0
xgboost_hp_tuning_ID0000023_pegasus-plan_ID0000012,None,compute,0,1677074286.0,,,1677074291.0,1677074431.0,1677074448.0,51318566.0,1677074472.0,1677074697.0,1677074642.0,1677074646.0,260.0,1677074697.0,1677074702.0,5.0,,181.0,225.0,5.0,17.0,502672266.0,4.0,1090.0,poseidon,condorpool,poseidon-worker-2-container-32-39,xgboost_hp_tuning,/srv/xgboost_hp_tuning,,83.8,0,0,0.1,157967982.0,40.0,3305.0,2.0,42.9,2.7,15796798.2,4.0
xgboost_hp_tuning_ID0000012_pegasus-plan_ID0000012,None,compute,0,1677074286.0,,,1677074291.0,1677074429.0,1677074446.0,51275025.3,1677074469.0,1677074542.0,1677074487.0,1677074491.0,247.0,1677074542.0,1677074547.0,5.0,,178.0,73.0,5.0,17.0,502672266.0,4.0,1051.0,poseidon,condorpool,poseidon-worker-1-container-32-39,xgboost_hp_tuning,/srv/xgboost_hp_tuning,,124.6,0,0,0.0,157972660.0,40.0,3321.0,2.0,107.3,3.3,7898633.0,4.0
xgboost_hp_tuning_ID0000001_pegasus-plan_ID0000012,hdd_10,compute,0,1677074286.0,,,1677074291.0,1677074429.0,1677074455.0,51332958.7,1677074469.0,1677074547.0,1677074487.0,1677074491.0,252.0,1677074547.0,1677074552.0,5.0,,178.0,78.0,5.0,26.0,502672266.0,4.0,1065.0,poseidon,condorpool,poseidon-worker-1-container-40-47,xgboost_hp_tuning,/srv/xgboost_hp_tuning,,100.2,0,0,0.0,157967993.0,40.0,3305.0,2.0,46.7,2.7,15796799.3,4.0
xgboost_hp_tuning_ID0000013_pegasus-plan_ID0000012,hdd_10,compute,0,1677074286.0,,,1677074291.0,1677074429.0,1677074454.0,51321005.7,1677074469.0,1677074547.0,1677074487.0,1677074491.0,248.0,1677074547.0,1677074552.0,5.0,,178.0,78.0,5.0,25.0,502672266.0,4.0,1056.0,poseidon,condorpool,poseidon-worker-1-container-16-23,xgboost_hp_tuning,/srv/xgboost_hp_tuning,,95.5,0,0,0.0,157967995.0,40.0,3305.0,2.0,41.4,2.9,15796799.5,4.0
xgboost_hp_tuning_ID0000002_pegasus-plan_ID0000012,None,compute,0,1677074286.0,,,1677074291.0,1677074420.0,1677074436.0,51486654.3,1677074460.0,1677074532.0,1677074477.0,1677074481.0,257.0,1677074532.0,1677074537.0,5.0,,169.0,72.0,5.0,16.0,502672266.0,4.0,1063.0,poseidon,condorpool,poseidon-worker-3-container-40-47,xgboost_hp_tuning,/srv/xgboost_hp_tuning,,82.6,0,0,0.0,157966118.0,40.0,3303.0,2.0,44.9,2.7,15796611.8,4.0
xgboost_hp_tuning_ID0000014_pegasus-plan_ID0000012,hdd_10,compute,0,1677074286.0,,,1677074291.0,1677074346.0,1677074412.0,51478670.0,1677074387.0,1677074492.0,1677074437.0,1677074441.0,258.0,1677074492.0,1677074497.0,5.0,,96.0,105.0,5.0,66.0,502672266.0,4.0,1054.0,poseidon,condorpool,poseidon-worker-3-container-16-23,xgboost_hp_tuning,/srv/xgboost_hp_tuning,,96.1,0,0,0.0,157966039.0,40.0,3303.0,2.0,41.8,2.8,15796603.9,4.0
xgboost_hp_tuning_ID0000003_pegasus-plan_ID0000012,hdd_10,compute,0,1677074286.0,,,1677074291.0,1677074345.0,1677074370.0,51218356.7,1677074386.0,1677074502.0,1677074449.0,1677074453.0,253.0,1677074502.0,1677074507.0,5.0,,95.0,116.0,5.0,25.0,502672266.0,4.0,1065.0,poseidon,condorpool,poseidon-worker-2-container-16-23,xgboost_hp_tuning,/srv/xgboost_hp_tuning,,147.0,0,0,0.1,157972547.0,40.0,3321.0,2.0,104.1,3.0,7898627.3,4.0
xgboost_hp_tuning_ID0000009_pegasus-plan_ID0000016,hdd_10,compute,0,1677074286.0,,,1677074291.0,1677074257.0,1677074318.0,45857700.8,1677074297.0,1677074381.0,1677074328.0,1677074332.0,252.0,1677074381.0,1677074387.0,5.0,,6.0,84.0,6.0,61.0,377646203.0,4.0,1056.0,poseidon,condorpool,poseidon-worker-3-container-32-39,xgboost_hp_tuning,/srv/xgboost_hp_tuning,,15.1,0,0,,,,,,,,,
xgboost_hp_tuning_ID0000011_pegasus-plan_ID0000016,hdd_10,compute,0,1677074286.0,,,1677074291.0,1677074257.0,1677074275.0,45895009.8,1677074297.0,1677074376.0,1677074323.0,1677074327.0,254.0,1677074376.0,1677074381.0,5.0,,6.0,79.0,5.0,18.0,377646203.0,4.0,1049.0,poseidon,condorpool,poseidon-worker-3-container-0-7,xgboost_hp_tuning,/srv/xgboost_hp_tuning,,16.7,0,0,,,,,,,,,
xgboost_hp_tuning_ID0000022_pegasus-plan_ID0000016,None,compute,0,1677074286.0,,,1677074291.0,1677074257.0,1677074272.0,45721851.5,1677074297.0,1677074387.0,1677074332.0,1677074336.0,251.0,1677074387.0,1677074392.0,5.0,,6.0,90.0,5.0,15.0,377646203.0,4.0,1061.0,poseidon,condorpool,poseidon-worker-2-container-40-47,xgboost_hp_tuning,/srv/xgboost_hp_tuning,,15.9,0,0,,,,,,,,,
xgboost_hp_tuning_ID0000014_pegasus-plan_ID0000016,None,compute,0,1677074286.0,,,1677074291.0,1677074345.0,1677074361.0,45586574.0,1677074386.0,1677074472.0,1677074418.0,1677074423.0,252.0,1677074472.0,1677074477.0,5.0,,95.0,86.0,5.0,16.0,377646203.0,5.0,1055.0,poseidon,condorpool,poseidon-worker-2-container-32-39,xgboost_hp_tuning,/srv/xgboost_hp_tuning,,15.4,0,0,0.1,32950273.0,40.0,3336.0,2.0,13.7,1.6,1098342.4,4.0
xgboost_hp_tuning_ID0000021_pegasus-plan_ID0000016,None,compute,0,1677074286.0,,,1677074291.0,1677074257.0,1677074272.0,45705157.2,1677074297.0,1677074381.0,1677074328.0,1677074332.0,257.0,1677074381.0,1677074387.0,5.0,,6.0,84.0,6.0,15.0,377646203.0,4.0,1063.0,poseidon,condorpool,poseidon-worker-2-container-8-15,xgboost_hp_tuning,/srv/xgboost_hp_tuning,,14.5,0,0,,,,,,,,,
xgboost_hp_tuning_ID0000008_pegasus-plan_ID0000016,hdd_10,compute,0,1677074286.0,,,1677074291.0,1677074257.0,1677074281.0,45736945.5,1677074297.0,1677074387.0,1677074332.0,1677074336.0,250.0,1677074387.0,1677074392.0,5.0,,6.0,90.0,5.0,24.0,377646203.0,4.0,1056.0,poseidon,condorpool,poseidon-worker-2-container-0-7,xgboost_hp_tuning,/srv/xgboost_hp_tuning,,16.6,0,0,,,,,,,,,
xgboost_hp_tuning_ID0000019_pegasus-plan_ID0000016,hdd_10,compute,0,1677074286.0,,,1677074291.0,1677074257.0,1677074273.0,45664525.5,1677074297.0,1677074381.0,1677074329.0,1677074333.0,251.0,1677074381.0,1677074387.0,5.0,,6.0,84.0,6.0,16.0,377646203.0,4.0,1058.0,poseidon,condorpool,poseidon-worker-1-container-24-31,xgboost_hp_tuning,/srv/xgboost_hp_tuning,,14.2,0,0,,,,,,,,,
xgboost_hp_tuning_ID0000007_pegasus-plan_ID0000016,None,compute,0,1677074286.0,,,1677074291.0,1677074257.0,1677074273.0,45695473.0,1677074297.0,1677074387.0,1677074329.0,1677074333.0,250.0,1677074387.0,1677074392.0,5.0,,6.0,90.0,5.0,16.0,377646203.0,4.0,1066.0,poseidon,condorpool,poseidon-worker-1-container-8-15,xgboost_hp_tuning,/srv/xgboost_hp_tuning,,22.2,0,0,,,,,,,,,
xgboost_hp_tuning_ID0000018_pegasus-plan_ID0000016,None,compute,0,1677074286.0,,,1677074291.0,1677074336.0,1677074351.0,45767673.2,1677074376.0,1677074462.0,1677074407.0,1677074411.0,255.0,1677074462.0,1677074467.0,5.0,,85.0,86.0,5.0,15.0,377646203.0,4.0,1054.0,poseidon,condorpool,poseidon-worker-3-container-40-47,xgboost_hp_tuning,/srv/xgboost_hp_tuning,,14.4,0,0,,,,,,,,,
xgboost_hp_tuning_ID0000006_pegasus-plan_ID0000016,None,compute,0,1677074286.0,,,1677074291.0,1677074336.0,1677074351.0,45789373.0,1677074376.0,1677074462.0,1677074407.0,1677074411.0,257.0,1677074462.0,1677074467.0,5.0,,85.0,86.0,5.0,15.0,377646203.0,4.0,1065.0,poseidon,condorpool,poseidon-worker-3-container-24-31,xgboost_hp_tuning,/srv/xgboost_hp_tuning,,14.8,0,0,,,,,,,,,
xgboost_hp_tuning_ID0000017_pegasus-plan_ID0000016,None,compute,0,1677074286.0,,,1677074291.0,1677074341.0,1677074356.0,45681197.8,1677074381.0,1677074462.0,1677074405.0,1677074410.0,254.0,1677074462.0,1677074467.0,5.0,,90.0,81.0,5.0,15.0,377646203.0,5.0,1053.0,poseidon,condorpool,poseidon-worker-2-container-8-15,xgboost_hp_tuning,/srv/xgboost_hp_tuning,,13.8,0,0,,,,,,,,,
xgboost_hp_tuning_ID0000005_pegasus-plan_ID0000016,hdd_10,compute,0,1677074286.0,,,1677074291.0,1677074342.0,1677074366.0,45585430.8,1677074382.0,1677074472.0,1677074416.0,1677074420.0,257.0,1677074472.0,1677074477.0,5.0,,91.0,90.0,5.0,24.0,377646203.0,4.0,1077.0,poseidon,condorpool,poseidon-worker-1-container-40-47,xgboost_hp_tuning,/srv/xgboost_hp_tuning,,16.2,0,0,,,,,,,,,
xgboost_hp_tuning_ID0000020_pegasus-plan_ID0000012,hdd_10,compute,0,1677074286.0,,,1677074291.0,1677074257.0,1677074274.0,51245962.3,1677074297.0,1677074381.0,1677074329.0,1677074333.0,252.0,1677074381.0,1677074387.0,5.0,,6.0,84.0,6.0,17.0,502672266.0,4.0,1063.0,poseidon,condorpool,poseidon-worker-1-container-40-47,xgboost_hp_tuning,/srv/xgboost_hp_tuning,,86.9,0,0,0.1,157967847.0,40.0,3305.0,2.0,43.4,2.5,15796784.7,4.0
xgboost_hp_tuning_ID0000004_pegasus-plan_ID0000016,hdd_10,compute,0,1677074286.0,,,1677074291.0,1677074342.0,1677074366.0,45599203.0,1677074383.0,1677074472.0,1677074416.0,1677074420.0,253.0,1677074472.0,1677074477.0,5.0,,92.0,89.0,5.0,24.0,377646203.0,4.0,1061.0,poseidon,condorpool,poseidon-worker-1-container-0-7,xgboost_hp_tuning,/srv/xgboost_hp_tuning,,16.2,0,0,,,,,,,,,
xgboost_hp_tuning_ID0000015_pegasus-plan_ID0000016,hdd_10,compute,0,1677074286.0,,,1677074291.0,1677074345.0,1677074409.0,45548934.5,1677074385.0,1677074472.0,1677074419.0,1677074423.0,253.0,1677074472.0,1677074477.0,5.0,,94.0,87.0,5.0,64.0,377646203.0,4.0,1057.0,poseidon,condorpool,poseidon-worker-2-container-24-31,xgboost_hp_tuning,/srv/xgboost_hp_tuning,,14.8,0,0,,,,,,,,,
xgboost_hp_tuning_ID0000020_pegasus-plan_ID0000016,None,compute,0,1677074286.0,,,1677074291.0,1677074257.0,1677074273.0,45621958.5,1677074297.0,1677074387.0,1677074329.0,1677074333.0,248.0,1677074387.0,1677074392.0,5.0,,6.0,90.0,5.0,16.0,377646203.0,4.0,1059.0,poseidon,condorpool,poseidon-worker-1-container-32-39,xgboost_hp_tuning,/srv/xgboost_hp_tuning,,15.9,0,0,,,,,,,,,
xgboost_hp_tuning_ID0000008_pegasus-plan_ID0000012,hdd_10,compute,0,1677074286.0,,,1677074291.0,1677074257.0,1677074310.0,12584300.2,1677074297.0,1677074387.0,1677074333.0,1677074337.0,257.0,1677074387.0,1677074392.0,5.0,,6.0,90.0,5.0,53.0,502672266.0,4.0,1056.0,poseidon,condorpool,poseidon-worker-3-container-16-23,xgboost_hp_tuning,/srv/xgboost_hp_tuning,,83.9,0,0,0.0,157965965.0,40.0,3303.0,2.0,42.3,2.9,15796596.5,4.0
xgboost_hp_tuning_ID0000009_pegasus-plan_ID0000020,None,compute,0,1677074291.0,,,1677074296.0,1677074432.0,1677074461.0,75184141.3,1677074472.0,1677074851.0,1677074795.0,1677074799.0,251.0,1677074851.0,1677074856.0,5.0,,176.0,379.0,5.0,29.0,1691153157.0,4.0,1057.0,poseidon,condorpool,poseidon-worker-2-container-40-47,xgboost_hp_tuning,/srv/xgboost_hp_tuning,,1760.1,0,0,0.0,1346568413.0,40.0,3771.0,2.0,1677.7,54.5,4208026.3,4.0
xgboost_hp_tuning_ID0000001_pegasus-plan_ID0000020,None,compute,0,1677074291.0,,,1677074296.0,1677074857.0,1677074887.0,74851854.6,1677074894.0,1677075236.0,1677075182.0,1677075186.0,259.0,1677075236.0,1677075241.0,5.0,,598.0,342.0,5.0,30.0,1691153157.0,4.0,1063.0,poseidon,condorpool,poseidon-worker-2-container-40-47,xgboost_hp_tuning,/srv/xgboost_hp_tuning,,1502.8,0,0,0.1,1346549442.0,40.0,3696.0,2.0,1446.6,45.1,4987220.2,4.0
xgboost_hp_tuning_ID0000011_pegasus-plan_ID0000020,hdd_10,compute,0,1677074291.0,,,1677074296.0,1677074432.0,1677074461.0,75042059.3,1677074472.0,1677074861.0,1677074806.0,1677074810.0,253.0,1677074861.0,1677074866.0,5.0,,176.0,389.0,5.0,29.0,1691153157.0,4.0,1051.0,poseidon,condorpool,poseidon-worker-2-container-24-31,xgboost_hp_tuning,/srv/xgboost_hp_tuning,,1865.4,0,0,0.1,1346572378.0,40.0,3786.0,2.0,1765.0,60.7,4080522.4,4.0
xgboost_hp_tuning_ID0000013_pegasus-plan_ID0000020,None,compute,0,1677074291.0,,,1677074296.0,1677074852.0,1677074882.0,75267335.5,1677074893.0,1677075251.0,1677075197.0,1677075201.0,260.0,1677075251.0,1677075256.0,5.0,,597.0,358.0,5.0,30.0,1691153157.0,4.0,1054.0,poseidon,condorpool,poseidon-worker-3-container-8-15,xgboost_hp_tuning,/srv/xgboost_hp_tuning,,1681.3,0,0,0.0,1346558906.0,40.0,3739.0,2.0,1586.1,53.7,4488529.7,4.0
xgboost_hp_tuning_ID0000002_pegasus-plan_ID0000020,hdd_10,compute,0,1677074291.0,,,1677074296.0,1677074847.0,1677074876.0,75231506.1,1677074888.0,1677075266.0,1677075210.0,1677075214.0,263.0,1677075266.0,1677075271.0,5.0,,592.0,378.0,5.0,29.0,1691153157.0,4.0,1064.0,poseidon,condorpool,poseidon-worker-3-container-16-23,xgboost_hp_tuning,/srv/xgboost_hp_tuning,,1801.2,0,0,0.1,1346566770.0,40.0,3769.0,2.0,1718.5,53.5,4208021.2,4.0
xgboost_hp_tuning_ID0000014_pegasus-plan_ID0000020,None,compute,0,1677074291.0,,,1677074296.0,1677074729.0,1677074759.0,75096402.2,1677074769.0,1677075141.0,1677075088.0,1677075092.0,255.0,1677075141.0,1677075146.0,5.0,,473.0,372.0,5.0,30.0,1691153157.0,4.0,1054.0,poseidon,condorpool,poseidon-worker-2-container-32-39,xgboost_hp_tuning,/srv/xgboost_hp_tuning,,1802.8,0,0,0.1,1346564763.0,40.0,3756.0,2.0,1688.2,52.5,4343757.3,4.0
xgboost_hp_tuning_ID0000003_pegasus-plan_ID0000020,hdd_10,compute,0,1677074291.0,,,1677074296.0,1677074504.0,1677074579.0,75169316.2,1677074544.0,1677075081.0,1677075026.0,1677075031.0,256.0,1677075081.0,1677075086.0,5.0,,248.0,537.0,5.0,75.0,1691153157.0,5.0,1068.0,poseidon,condorpool,poseidon-worker-1-container-16-23,xgboost_hp_tuning,/srv/xgboost_hp_tuning,,2584.8,0,0,0.1,1346610803.0,40.0,3936.0,2.0,2464.0,66.4,3131653.0,4.0
xgboost_hp_tuning_ID0000015_pegasus-plan_ID0000020,hdd_10,compute,0,1677074291.0,,,1677074296.0,1677074504.0,1677074579.0,75125546.4,1677074544.0,1677075046.0,1677074989.0,1677074993.0,254.0,1677075046.0,1677075051.0,5.0,,248.0,502.0,5.0,75.0,1691153157.0,4.0,1057.0,poseidon,condorpool,poseidon-worker-1-container-40-47,xgboost_hp_tuning,/srv/xgboost_hp_tuning,,2299.5,0,0,0.1,1346599264.0,40.0,3891.0,2.0,2230.3,68.5,3366498.2,4.0
xgboost_hp_tuning_ID0000004_pegasus-plan_ID0000020,None,compute,0,1677074291.0,,,1677074296.0,1677074502.0,1677074567.0,29118813.3,1677074540.0,1677074996.0,1677074942.0,1677074946.0,255.0,1677074996.0,1677075001.0,5.0,,244.0,456.0,5.0,65.0,1691153157.0,4.0,1062.0,poseidon,condorpool,poseidon-worker-1-container-8-15,xgboost_hp_tuning,/srv/xgboost_hp_tuning,,2092.9,0,0,0.1,1346583802.0,40.0,3831.0,2.0,1997.8,59.4,3740510.6,4.0
xgboost_hp_tuning_ID0000016_pegasus-plan_ID0000020,None,compute,0,1677074291.0,,,1677074296.0,1677074502.0,1677074567.0,29079587.3,1677074540.0,1677074991.0,1677074938.0,1677074943.0,249.0,1677074991.0,1677074996.0,5.0,,244.0,451.0,5.0,65.0,1691153157.0,5.0,1053.0,poseidon,condorpool,poseidon-worker-1-container-32-39,xgboost_hp_tuning,/srv/xgboost_hp_tuning,,2030.1,0,0,0.1,1346583962.0,40.0,3831.0,2.0,1946.7,68.7,3740511.0,4.0
xgboost_hp_tuning_ID0000005_pegasus-plan_ID0000020,hdd_10,compute,0,1677074291.0,,,1677074296.0,1677074502.0,1677074574.0,29093100.8,1677074540.0,1677075046.0,1677074989.0,1677074993.0,260.0,1677075046.0,1677075051.0,5.0,,244.0,506.0,5.0,72.0,1691153157.0,4.0,1078.0,poseidon,condorpool,poseidon-worker-1-container-24-31,xgboost_hp_tuning,/srv/xgboost_hp_tuning,,2347.0,0,0,0.1,1346599294.0,40.0,3891.0,2.0,2248.6,62.5,3366498.2,4.0
xgboost_hp_tuning_ID0000023_pegasus-plan_ID0000020,None,compute,0,1677074291.0,,,1677074296.0,1677074923.0,1677074953.0,75084662.7,1677074963.0,1677075326.0,1677075271.0,1677075275.0,266.0,1677075326.0,1677075331.0,5.0,,667.0,363.0,5.0,30.0,1691153157.0,4.0,1090.0,poseidon,condorpool,poseidon-worker-2-container-8-15,xgboost_hp_tuning,/srv/xgboost_hp_tuning,,1700.8,0,0,0.0,1346560767.0,40.0,3741.0,2.0,1592.7,48.2,4488535.9,4.0
xgboost_hp_tuning_ID0000017_pegasus-plan_ID0000020,hdd_10,compute,0,1677074291.0,,,1677074296.0,1677074500.0,1677074574.0,29123190.5,1677074540.0,1677075031.0,1677074978.0,1677074982.0,254.0,1677075031.0,1677075036.0,5.0,,244.0,491.0,5.0,74.0,1691153157.0,4.0,1055.0,poseidon,condorpool,poseidon-worker-1-container-0-7,xgboost_hp_tuning,/srv/xgboost_hp_tuning,,2243.1,0,0,0.0,1346595107.0,40.0,3876.0,2.0,2153.8,61.0,3452808.0,4.0
xgboost_hp_tuning_ID0000012_pegasus-plan_ID0000020,hdd_10,compute,0,1677074291.0,,,1677074296.0,1677074896.0,1677074933.0,75265387.7,1677074936.0,1677075286.0,1677075230.0,1677075234.0,257.0,1677075286.0,1677075291.0,5.0,,640.0,350.0,5.0,37.0,1691153157.0,4.0,1049.0,poseidon,condorpool,poseidon-worker-3-container-32-39,xgboost_hp_tuning,/srv/xgboost_hp_tuning,,1586.0,0,0,0.1,1346551399.0,40.0,3709.0,2.0,1487.5,50.1,4809112.1,4.0
xgboost_hp_tuning_ID0000018_pegasus-plan_ID0000020,None,compute,0,1677074291.0,,,1677074296.0,1677074490.0,1677074519.0,75315967.5,1677074530.0,1677075146.0,1677075090.0,1677075094.0,257.0,1677075146.0,1677075151.0,5.0,,234.0,616.0,5.0,29.0,1691153157.0,4.0,1055.0,poseidon,condorpool,poseidon-worker-3-container-24-31,xgboost_hp_tuning,/srv/xgboost_hp_tuning,,2132.2,0,0,0.0,1346585877.0,40.0,3844.0,2.0,2033.9,61.6,3639421.3,4.0
xgboost_hp_tuning_ID0000019_pegasus-plan_ID0000020,hdd_10,compute,0,1677074291.0,,,1677074296.0,1677074462.0,1677074498.0,75112186.8,1677074503.0,1677075061.0,1677075007.0,1677075011.0,253.0,1677075061.0,1677075066.0,5.0,,207.0,558.0,5.0,36.0,1691153157.0,4.0,1059.0,poseidon,condorpool,poseidon-worker-2-container-0-7,xgboost_hp_tuning,/srv/xgboost_hp_tuning,,2847.7,0,0,0.1,1346633120.0,40.0,4026.0,2.0,2709.2,78.9,2748230.9,4.0
xgboost_hp_tuning_ID0000008_pegasus-plan_ID0000020,hdd_10,compute,0,1677074291.0,,,1677074296.0,1677074462.0,1677074498.0,75134491.4,1677074503.0,1677074966.0,1677074910.0,1677074914.0,253.0,1677074966.0,1677074971.0,5.0,,207.0,463.0,5.0,36.0,1691153157.0,4.0,1058.0,poseidon,condorpool,poseidon-worker-2-container-16-23,xgboost_hp_tuning,/srv/xgboost_hp_tuning,,2057.2,0,0,0.1,1346583727.0,40.0,3831.0,2.0,1957.4,60.0,3740510.4,4.0
xgboost_hp_tuning_ID0000020_pegasus-plan_ID0000020,None,compute,0,1677074291.0,,,1677074296.0,1677074462.0,1677074492.0,75184173.8,1677074503.0,1677074966.0,1677074910.0,1677074914.0,255.0,1677074966.0,1677074971.0,5.0,,207.0,463.0,5.0,30.0,1691153157.0,4.0,1064.0,poseidon,condorpool,poseidon-worker-2-container-8-15,xgboost_hp_tuning,/srv/xgboost_hp_tuning,,2175.7,0,0,0.1,1346591465.0,40.0,3861.0,2.0,2091.5,67.0,3543661.7,4.0
xgboost_hp_tuning_ID0000021_pegasus-plan_ID0000020,hdd_10,compute,0,1677074291.0,,,1677074296.0,1677074450.0,1677074495.0,75394115.2,1677074490.0,1677074891.0,1677074834.0,1677074839.0,257.0,1677074891.0,1677074896.0,5.0,,194.0,401.0,5.0,45.0,1691153157.0,5.0,1060.0,poseidon,condorpool,poseidon-worker-3-container-16-23,xgboost_hp_tuning,/srv/xgboost_hp_tuning,,1756.2,0,0,0.0,1346570316.0,40.0,3784.0,2.0,1691.4,63.9,4080516.1,4.0
xgboost_hp_tuning_ID0000010_pegasus-plan_ID0000020,hdd_10,compute,0,1677074291.0,,,1677074296.0,1677074448.0,1677074494.0,75357186.2,1677074489.0,1677074936.0,1677074883.0,1677074887.0,255.0,1677074936.0,1677074941.0,5.0,,193.0,447.0,5.0,46.0,1691153157.0,4.0,1051.0,poseidon,condorpool,poseidon-worker-3-container-32-39,xgboost_hp_tuning,/srv/xgboost_hp_tuning,,2178.3,0,0,0.0,1346585859.0,40.0,3844.0,2.0,2086.9,58.4,3639421.2,4.0
xgboost_hp_tuning_ID0000022_pegasus-plan_ID0000020,hdd_10,compute,0,1677074291.0,,,1677074296.0,1677074441.0,1677074490.0,43365556.3,1677074482.0,1677074921.0,1677074866.0,1677074870.0,259.0,1677074921.0,1677074926.0,5.0,,186.0,439.0,5.0,49.0,1691153157.0,4.0,1063.0,poseidon,condorpool,poseidon-worker-3-container-0-7,xgboost_hp_tuning,/srv/xgboost_hp_tuning,,1953.4,0,0,0.1,1346574077.0,40.0,3799.0,2.0,1852.3,56.5,3960512.0,4.0
xgboost_hp_tuning_ID0000006_pegasus-plan_ID0000020,None,compute,0,1677074291.0,,,1677074296.0,1677074490.0,1677074519.0,75356733.5,1677074530.0,1677075146.0,1677075090.0,1677075094.0,259.0,1677075146.0,1677075151.0,5.0,,234.0,616.0,5.0,29.0,1691153157.0,4.0,1067.0,poseidon,condorpool,poseidon-worker-3-container-40-47,xgboost_hp_tuning,/srv/xgboost_hp_tuning,,2155.2,0,0,0.0,1346585840.0,40.0,3844.0,2.0,2089.3,60.4,3639421.2,4.0
xgboost_hp_tuning_ID0000007_pegasus-plan_ID0000020,None,compute,0,1677074291.0,,,1677074296.0,1677074480.0,1677074510.0,75304561.2,1677074521.0,1677074896.0,1677074840.0,1677074844.0,256.0,1677074896.0,1677074901.0,5.0,,225.0,375.0,5.0,30.0,1691153157.0,4.0,1066.0,poseidon,condorpool,poseidon-worker-3-container-8-15,xgboost_hp_tuning,/srv/xgboost_hp_tuning,,1785.2,0,0,0.1,1346566384.0,40.0,3769.0,2.0,1726.3,55.0,4208020.0,4.0
stage_out_local_condorpool_0_2_pegasus-plan_ID0000016,None,transfer,0,1677074547.0,,,1677074552.0,,,0.0,1677074557.0,1677074567.0,1677074557.0,1677074561.0,1839.0,1677074567.0,1677074572.0,5.0,,5.0,10.0,5.0,,,4.0,7418.0,poseidon,local,host-10-100-100-12.openstacklocal,pegasus::transfer,/home/poseidon/pegasus-5.1.0panorama/bin/pegasus-transfer,/home/poseidon/pegasus-5.1.0panorama/bin/../bin/pegasus-kickstart  -n pegasus::transfer -N null -i - -R local  -L xgboost_hp_tuning_group_1 -T 2023-02-22T13:57:13+00:00 /home/poseidon/pegasus-5.1.0panorama/bin/../bin/pegasus-transfer  --threads 2,1.0,0,0,,,,,,,,,
stage_out_local_condorpool_0_1_pegasus-plan_ID0000016,None,transfer,0,1677074547.0,,,1677074552.0,,,0.0,1677074557.0,1677074567.0,1677074557.0,1677074561.0,2104.0,1677074567.0,1677074572.0,5.0,,5.0,10.0,5.0,,,4.0,8497.0,poseidon,local,host-10-100-100-12.openstacklocal,pegasus::transfer,/home/poseidon/pegasus-5.1.0panorama/bin/pegasus-transfer,/home/poseidon/pegasus-5.1.0panorama/bin/../bin/pegasus-kickstart  -n pegasus::transfer -N null -i - -R local  -L xgboost_hp_tuning_group_1 -T 2023-02-22T13:57:13+00:00 /home/poseidon/pegasus-5.1.0panorama/bin/../bin/pegasus-transfer  --threads 2,1.1,0,0,,,,,,,,,
stage_out_local_condorpool_0_0_pegasus-plan_ID0000012,None,transfer,0,1677074547.0,,,1677074552.0,,,0.0,1677074552.0,1677074562.0,1677074552.0,1677074556.0,2096.0,1677074562.0,1677074567.0,5.0,,0.0,10.0,5.0,,,4.0,8461.0,poseidon,local,host-10-100-100-12.openstacklocal,pegasus::transfer,/home/poseidon/pegasus-5.1.0panorama/bin/pegasus-transfer,/home/poseidon/pegasus-5.1.0panorama/bin/../bin/pegasus-kickstart  -n pegasus::transfer -N null -i - -R local  -L xgboost_hp_tuning_group_0 -T 2023-02-22T13:57:13+00:00 /home/poseidon/pegasus-5.1.0panorama/bin/../bin/pegasus-transfer  --threads 2,1.1,0,0,,,,,,,,,
xgboost_best_params_ID0000024_pegasus-plan_ID0000016,None,compute,0,1677074547.0,,,1677074552.0,1677074655.0,1677074672.0,39663438.0,1677074695.0,1677074733.0,1677074679.0,1677074683.0,250.0,1677074733.0,1677074738.0,5.0,,143.0,38.0,5.0,17.0,368018647.0,4.0,1049.0,poseidon,condorpool,poseidon-worker-2-container-32-39,xgboost_best_params,/srv/xgboost_best_params,,0.0,0,0,,,,,,,,,
stage_out_local_condorpool_0_0_pegasus-plan_ID0000016,None,transfer,0,1677074547.0,,,1677074552.0,,,0.0,1677074557.0,1677074567.0,1677074557.0,1677074561.0,2097.0,1677074567.0,1677074572.0,5.0,,5.0,10.0,5.0,,,4.0,8463.0,poseidon,local,host-10-100-100-12.openstacklocal,pegasus::transfer,/home/poseidon/pegasus-5.1.0panorama/bin/pegasus-transfer,/home/poseidon/pegasus-5.1.0panorama/bin/../bin/pegasus-kickstart  -n pegasus::transfer -N null -i - -R local  -L xgboost_hp_tuning_group_1 -T 2023-02-22T13:57:13+00:00 /home/poseidon/pegasus-5.1.0panorama/bin/../bin/pegasus-transfer  --threads 2,1.1,0,0,,,,,,,,,
stage_out_local_condorpool_0_2_pegasus-plan_ID0000012,None,transfer,0,1677074552.0,,,1677074557.0,,,0.0,1677074561.0,1677074572.0,1677074562.0,1677074566.0,1843.0,1677074572.0,1677074577.0,5.0,,4.0,11.0,5.0,,,4.0,7429.0,poseidon,local,host-10-100-100-12.openstacklocal,pegasus::transfer,/home/poseidon/pegasus-5.1.0panorama/bin/pegasus-transfer,/home/poseidon/pegasus-5.1.0panorama/bin/../bin/pegasus-kickstart  -n pegasus::transfer -N null -i - -R local  -L xgboost_hp_tuning_group_0 -T 2023-02-22T13:57:13+00:00 /home/poseidon/pegasus-5.1.0panorama/bin/../bin/pegasus-transfer  --threads 2,1.0,0,0,,,,,,,,,
register_condorpool_0_0_pegasus-plan_ID0000012,None,auxiliary,0,1677074567.0,,,1677074572.0,,,0.0,1677074572.0,1677074577.0,,,0.0,1677074577.0,1677074582.0,5.0,,0.0,5.0,5.0,,,,,poseidon,local,host-10-100-100-12.openstacklocal,pegasus::rc-client,/home/poseidon/pegasus-5.1.0panorama/bin/pegasus-rc-client,"-n pegasus::rc-client -N null -R local  -L xgboost_hp_tuning_group_0 -T 2023-02-22T13:57:13+00:00 /home/poseidon/pegasus-5.1.0panorama/bin/pegasus-rc-client --prefix pegasus.catalog.replica.output --conf /home/poseidon/workflows/predict-future-sales-workflow/submit/poseidon/pegasus/predict-future-sales/run0088/00/00/./xgboost_hp_tuning_group_0.000/pegasus.10012037168194190410.properties -v --meta /home/poseidon/workflows/predict-future-sales-workflow/submit/poseidon/pegasus/predict-future-sales/run0088/00/00/./xgboost_hp_tuning_group_0.000/00/00/xgboost_hp_tuning_ID0000018.meta,/home/poseidon/workflows/predict-future-sales-workflow/submit/poseidon/pegasus/predict-future-sales/run0088/00/00/./xgboost_hp_tuning_group_0.000/00/00/xgboost_hp_tuning_ID0000009.meta,/home/poseidon/workflows/predict-future-sales-workflow/submit/poseidon/pegasus/predict-future-sales/run0088/00/00/./xgboost_hp_tuning_group_0.000/00/00/xgboost_hp_tuning_ID0000012.meta,/home/poseidon/workflows/predict-future-sales-workflow/submit/poseidon/pegasus/predict-future-sales/run0088/00/00/./xgboost_hp_tuning_group_0.000/00/00/xgboost_hp_tuning_ID0000008.meta,/home/poseidon/workflows/predict-future-sales-workflow/submit/poseidon/pegasus/predict-future-sales/run0088/00/00/./xgboost_hp_tuning_group_0.000/00/00/xgboost_hp_tuning_ID0000010.meta,/home/poseidon/workflows/predict-future-sales-workflow/submit/poseidon/pegasus/predict-future-sales/run0088/00/00/./xgboost_hp_tuning_group_0.000/00/00/xgboost_hp_tuning_ID0000002.meta,/home/poseidon/workflows/predict-future-sales-workflow/submit/poseidon/pegasus/predict-future-sales/run0088/00/00/./xgboost_hp_tuning_group_0.000/00/00/xgboost_hp_tuning_ID0000005.meta,/home/poseidon/workflows/predict-future-sales-workflow/submit/poseidon/pegasus/predict-future-sales/run0088/00/00/./xgboost_hp_tuning_group_0.000/00/00/xgboost_hp_tuning_ID0000015.meta --insert /home/poseidon/workflows/predict-future-sales-workflow/submit/poseidon/pegasus/predict-future-sales/run0088/00/00/./xgboost_hp_tuning_group_0.000/00/00/register_condorpool_0_0.in",3.1,0,0,,,,,,,,,
register_condorpool_0_1_pegasus-plan_ID0000016,None,auxiliary,0,1677074572.0,,,1677074577.0,,,0.0,1677074577.0,1677074582.0,,,0.0,1677074582.0,1677074588.0,5.0,,0.0,5.0,6.0,,,,,poseidon,local,host-10-100-100-12.openstacklocal,pegasus::rc-client,/home/poseidon/pegasus-5.1.0panorama/bin/pegasus-rc-client,"-n pegasus::rc-client -N null -R local  -L xgboost_hp_tuning_group_1 -T 2023-02-22T13:57:13+00:00 /home/poseidon/pegasus-5.1.0panorama/bin/pegasus-rc-client --prefix pegasus.catalog.replica.output --conf /home/poseidon/workflows/predict-future-sales-workflow/submit/poseidon/pegasus/predict-future-sales/run0088/00/00/./xgboost_hp_tuning_group_1.000/pegasus.13580335832725131758.properties -v --meta /home/poseidon/workflows/predict-future-sales-workflow/submit/poseidon/pegasus/predict-future-sales/run0088/00/00/./xgboost_hp_tuning_group_1.000/00/00/xgboost_hp_tuning_ID0000019.meta,/home/poseidon/workflows/predict-future-sales-workflow/submit/poseidon/pegasus/predict-future-sales/run0088/00/00/./xgboost_hp_tuning_group_1.000/00/00/xgboost_hp_tuning_ID0000003.meta,/home/poseidon/workflows/predict-future-sales-workflow/submit/poseidon/pegasus/predict-future-sales/run0088/00/00/./xgboost_hp_tuning_group_1.000/00/00/xgboost_hp_tuning_ID0000006.meta,/home/poseidon/workflows/predict-future-sales-workflow/submit/poseidon/pegasus/predict-future-sales/run0088/00/00/./xgboost_hp_tuning_group_1.000/00/00/xgboost_hp_tuning_ID0000016.meta,/home/poseidon/workflows/predict-future-sales-workflow/submit/poseidon/pegasus/predict-future-sales/run0088/00/00/./xgboost_hp_tuning_group_1.000/00/00/xgboost_hp_tuning_ID0000013.meta,/home/poseidon/workflows/predict-future-sales-workflow/submit/poseidon/pegasus/predict-future-sales/run0088/00/00/./xgboost_hp_tuning_group_1.000/00/00/xgboost_hp_tuning_ID0000023.meta,/home/poseidon/workflows/predict-future-sales-workflow/submit/poseidon/pegasus/predict-future-sales/run0088/00/00/./xgboost_hp_tuning_group_1.000/00/00/xgboost_hp_tuning_ID0000011.meta,/home/poseidon/workflows/predict-future-sales-workflow/submit/poseidon/pegasus/predict-future-sales/run0088/00/00/./xgboost_hp_tuning_group_1.000/00/00/xgboost_hp_tuning_ID0000021.meta --insert /home/poseidon/workflows/predict-future-sales-workflow/submit/poseidon/pegasus/predict-future-sales/run0088/00/00/./xgboost_hp_tuning_group_1.000/00/00/register_condorpool_0_1.in",3.0,0,0,,,,,,,,,
register_condorpool_0_0_pegasus-plan_ID0000016,None,auxiliary,0,1677074572.0,,,1677074598.0,,,0.0,1677074598.0,1677074603.0,,,0.0,1677074603.0,1677074608.0,26.0,,0.0,5.0,5.0,,,,,poseidon,local,host-10-100-100-12.openstacklocal,pegasus::rc-client,/home/poseidon/pegasus-5.1.0panorama/bin/pegasus-rc-client,"-n pegasus::rc-client -N null -R local  -L xgboost_hp_tuning_group_1 -T 2023-02-22T13:57:13+00:00 /home/poseidon/pegasus-5.1.0panorama/bin/pegasus-rc-client --prefix pegasus.catalog.replica.output --conf /home/poseidon/workflows/predict-future-sales-workflow/submit/poseidon/pegasus/predict-future-sales/run0088/00/00/./xgboost_hp_tuning_group_1.000/pegasus.13580335832725131758.properties -v --meta /home/poseidon/workflows/predict-future-sales-workflow/submit/poseidon/pegasus/predict-future-sales/run0088/00/00/./xgboost_hp_tuning_group_1.000/00/00/xgboost_hp_tuning_ID0000018.meta,/home/poseidon/workflows/predict-future-sales-workflow/submit/poseidon/pegasus/predict-future-sales/run0088/00/00/./xgboost_hp_tuning_group_1.000/00/00/xgboost_hp_tuning_ID0000009.meta,/home/poseidon/workflows/predict-future-sales-workflow/submit/poseidon/pegasus/predict-future-sales/run0088/00/00/./xgboost_hp_tuning_group_1.000/00/00/xgboost_hp_tuning_ID0000012.meta,/home/poseidon/workflows/predict-future-sales-workflow/submit/poseidon/pegasus/predict-future-sales/run0088/00/00/./xgboost_hp_tuning_group_1.000/00/00/xgboost_hp_tuning_ID0000008.meta,/home/poseidon/workflows/predict-future-sales-workflow/submit/poseidon/pegasus/predict-future-sales/run0088/00/00/./xgboost_hp_tuning_group_1.000/00/00/xgboost_hp_tuning_ID0000010.meta,/home/poseidon/workflows/predict-future-sales-workflow/submit/poseidon/pegasus/predict-future-sales/run0088/00/00/./xgboost_hp_tuning_group_1.000/00/00/xgboost_hp_tuning_ID0000002.meta,/home/poseidon/workflows/predict-future-sales-workflow/submit/poseidon/pegasus/predict-future-sales/run0088/00/00/./xgboost_hp_tuning_group_1.000/00/00/xgboost_hp_tuning_ID0000005.meta,/home/poseidon/workflows/predict-future-sales-workflow/submit/poseidon/pegasus/predict-future-sales/run0088/00/00/./xgboost_hp_tuning_group_1.000/00/00/xgboost_hp_tuning_ID0000015.meta --insert /home/poseidon/workflows/predict-future-sales-workflow/submit/poseidon/pegasus/predict-future-sales/run0088/00/00/./xgboost_hp_tuning_group_1.000/00/00/register_condorpool_0_0.in",3.1,0,0,,,,,,,,,
register_condorpool_0_2_pegasus-plan_ID0000016,None,auxiliary,0,1677074572.0,,,1677074588.0,,,0.0,1677074588.0,1677074593.0,,,0.0,1677074593.0,1677074598.0,16.0,,0.0,5.0,5.0,,,,,poseidon,local,host-10-100-100-12.openstacklocal,pegasus::rc-client,/home/poseidon/pegasus-5.1.0panorama/bin/pegasus-rc-client,"-n pegasus::rc-client -N null -R local  -L xgboost_hp_tuning_group_1 -T 2023-02-22T13:57:13+00:00 /home/poseidon/pegasus-5.1.0panorama/bin/pegasus-rc-client --prefix pegasus.catalog.replica.output --conf /home/poseidon/workflows/predict-future-sales-workflow/submit/poseidon/pegasus/predict-future-sales/run0088/00/00/./xgboost_hp_tuning_group_1.000/pegasus.13580335832725131758.properties -v --meta /home/poseidon/workflows/predict-future-sales-workflow/submit/poseidon/pegasus/predict-future-sales/run0088/00/00/./xgboost_hp_tuning_group_1.000/00/00/xgboost_hp_tuning_ID0000014.meta,/home/poseidon/workflows/predict-future-sales-workflow/submit/poseidon/pegasus/predict-future-sales/run0088/00/00/./xgboost_hp_tuning_group_1.000/00/00/xgboost_hp_tuning_ID0000001.meta,/home/poseidon/workflows/predict-future-sales-workflow/submit/poseidon/pegasus/predict-future-sales/run0088/00/00/./xgboost_hp_tuning_group_1.000/00/00/xgboost_hp_tuning_ID0000007.meta,/home/poseidon/workflows/predict-future-sales-workflow/submit/poseidon/pegasus/predict-future-sales/run0088/00/00/./xgboost_hp_tuning_group_1.000/00/00/xgboost_hp_tuning_ID0000004.meta,/home/poseidon/workflows/predict-future-sales-workflow/submit/poseidon/pegasus/predict-future-sales/run0088/00/00/./xgboost_hp_tuning_group_1.000/00/00/xgboost_hp_tuning_ID0000022.meta,/home/poseidon/workflows/predict-future-sales-workflow/submit/poseidon/pegasus/predict-future-sales/run0088/00/00/./xgboost_hp_tuning_group_1.000/00/00/xgboost_hp_tuning_ID0000020.meta,/home/poseidon/workflows/predict-future-sales-workflow/submit/poseidon/pegasus/predict-future-sales/run0088/00/00/./xgboost_hp_tuning_group_1.000/00/00/xgboost_hp_tuning_ID0000017.meta --insert /home/poseidon/workflows/predict-future-sales-workflow/submit/poseidon/pegasus/predict-future-sales/run0088/00/00/./xgboost_hp_tuning_group_1.000/00/00/register_condorpool_0_2.in",3.1,0,0,,,,,,,,,
register_condorpool_0_2_pegasus-plan_ID0000012,None,auxiliary,0,1677074577.0,,,1677074582.0,,,0.0,1677074582.0,1677074587.0,,,0.0,1677074587.0,1677074592.0,5.0,,0.0,5.0,5.0,,,,,poseidon,local,host-10-100-100-12.openstacklocal,pegasus::rc-client,/home/poseidon/pegasus-5.1.0panorama/bin/pegasus-rc-client,"-n pegasus::rc-client -N null -R local  -L xgboost_hp_tuning_group_0 -T 2023-02-22T13:57:13+00:00 /home/poseidon/pegasus-5.1.0panorama/bin/pegasus-rc-client --prefix pegasus.catalog.replica.output --conf /home/poseidon/workflows/predict-future-sales-workflow/submit/poseidon/pegasus/predict-future-sales/run0088/00/00/./xgboost_hp_tuning_group_0.000/pegasus.10012037168194190410.properties -v --meta /home/poseidon/workflows/predict-future-sales-workflow/submit/poseidon/pegasus/predict-future-sales/run0088/00/00/./xgboost_hp_tuning_group_0.000/00/00/xgboost_hp_tuning_ID0000014.meta,/home/poseidon/workflows/predict-future-sales-workflow/submit/poseidon/pegasus/predict-future-sales/run0088/00/00/./xgboost_hp_tuning_group_0.000/00/00/xgboost_hp_tuning_ID0000001.meta,/home/poseidon/workflows/predict-future-sales-workflow/submit/poseidon/pegasus/predict-future-sales/run0088/00/00/./xgboost_hp_tuning_group_0.000/00/00/xgboost_hp_tuning_ID0000007.meta,/home/poseidon/workflows/predict-future-sales-workflow/submit/poseidon/pegasus/predict-future-sales/run0088/00/00/./xgboost_hp_tuning_group_0.000/00/00/xgboost_hp_tuning_ID0000004.meta,/home/poseidon/workflows/predict-future-sales-workflow/submit/poseidon/pegasus/predict-future-sales/run0088/00/00/./xgboost_hp_tuning_group_0.000/00/00/xgboost_hp_tuning_ID0000022.meta,/home/poseidon/workflows/predict-future-sales-workflow/submit/poseidon/pegasus/predict-future-sales/run0088/00/00/./xgboost_hp_tuning_group_0.000/00/00/xgboost_hp_tuning_ID0000020.meta,/home/poseidon/workflows/predict-future-sales-workflow/submit/poseidon/pegasus/predict-future-sales/run0088/00/00/./xgboost_hp_tuning_group_0.000/00/00/xgboost_hp_tuning_ID0000017.meta --insert /home/poseidon/workflows/predict-future-sales-workflow/submit/poseidon/pegasus/predict-future-sales/run0088/00/00/./xgboost_hp_tuning_group_0.000/00/00/register_condorpool_0_2.in",3.0,0,0,,,,,,,,,
xgboost_best_params_ID0000024_pegasus-plan_ID0000012,None,compute,0,1677074702.0,,,1677074707.0,1677074692.0,1677074709.0,39721927.0,1677074732.0,1677074772.0,1677074716.0,1677074720.0,258.0,1677074772.0,1677074777.0,5.0,,25.0,40.0,5.0,17.0,368018659.0,4.0,1079.0,poseidon,condorpool,poseidon-worker-2-container-32-39,xgboost_best_params,/srv/xgboost_best_params,,0.1,0,0,,,,,,,,,
stage_out_local_condorpool_0_1_pegasus-plan_ID0000012,None,transfer,0,1677074702.0,,,1677074707.0,,,0.0,1677074707.0,1677074717.0,1677074707.0,1677074711.0,2108.0,1677074717.0,1677074722.0,5.0,,0.0,10.0,5.0,,,4.0,8500.0,poseidon,local,host-10-100-100-12.openstacklocal,pegasus::transfer,/home/poseidon/pegasus-5.1.0panorama/bin/pegasus-transfer,/home/poseidon/pegasus-5.1.0panorama/bin/../bin/pegasus-kickstart  -n pegasus::transfer -N null -i - -R local  -L xgboost_hp_tuning_group_0 -T 2023-02-22T13:57:13+00:00 /home/poseidon/pegasus-5.1.0panorama/bin/../bin/pegasus-transfer  --threads 2,1.1,0,0,,,,,,,,,
register_condorpool_0_1_pegasus-plan_ID0000012,None,auxiliary,0,1677074722.0,,,1677074727.0,,,0.0,1677074727.0,1677074732.0,,,0.0,1677074732.0,1677074737.0,5.0,,0.0,5.0,5.0,,,,,poseidon,local,host-10-100-100-12.openstacklocal,pegasus::rc-client,/home/poseidon/pegasus-5.1.0panorama/bin/pegasus-rc-client,"-n pegasus::rc-client -N null -R local  -L xgboost_hp_tuning_group_0 -T 2023-02-22T13:57:13+00:00 /home/poseidon/pegasus-5.1.0panorama/bin/pegasus-rc-client --prefix pegasus.catalog.replica.output --conf /home/poseidon/workflows/predict-future-sales-workflow/submit/poseidon/pegasus/predict-future-sales/run0088/00/00/./xgboost_hp_tuning_group_0.000/pegasus.10012037168194190410.properties -v --meta /home/poseidon/workflows/predict-future-sales-workflow/submit/poseidon/pegasus/predict-future-sales/run0088/00/00/./xgboost_hp_tuning_group_0.000/00/00/xgboost_hp_tuning_ID0000019.meta,/home/poseidon/workflows/predict-future-sales-workflow/submit/poseidon/pegasus/predict-future-sales/run0088/00/00/./xgboost_hp_tuning_group_0.000/00/00/xgboost_hp_tuning_ID0000003.meta,/home/poseidon/workflows/predict-future-sales-workflow/submit/poseidon/pegasus/predict-future-sales/run0088/00/00/./xgboost_hp_tuning_group_0.000/00/00/xgboost_hp_tuning_ID0000006.meta,/home/poseidon/workflows/predict-future-sales-workflow/submit/poseidon/pegasus/predict-future-sales/run0088/00/00/./xgboost_hp_tuning_group_0.000/00/00/xgboost_hp_tuning_ID0000016.meta,/home/poseidon/workflows/predict-future-sales-workflow/submit/poseidon/pegasus/predict-future-sales/run0088/00/00/./xgboost_hp_tuning_group_0.000/00/00/xgboost_hp_tuning_ID0000013.meta,/home/poseidon/workflows/predict-future-sales-workflow/submit/poseidon/pegasus/predict-future-sales/run0088/00/00/./xgboost_hp_tuning_group_0.000/00/00/xgboost_hp_tuning_ID0000023.meta,/home/poseidon/workflows/predict-future-sales-workflow/submit/poseidon/pegasus/predict-future-sales/run0088/00/00/./xgboost_hp_tuning_group_0.000/00/00/xgboost_hp_tuning_ID0000011.meta,/home/poseidon/workflows/predict-future-sales-workflow/submit/poseidon/pegasus/predict-future-sales/run0088/00/00/./xgboost_hp_tuning_group_0.000/00/00/xgboost_hp_tuning_ID0000021.meta --insert /home/poseidon/workflows/predict-future-sales-workflow/submit/poseidon/pegasus/predict-future-sales/run0088/00/00/./xgboost_hp_tuning_group_0.000/00/00/register_condorpool_0_1.in",2.9,0,0,,,,,,,,,
stage_out_local_condorpool_1_0_pegasus-plan_ID0000016,None,transfer,0,1677074738.0,,,1677074743.0,,,0.0,1677074743.0,1677074753.0,1677074744.0,1677074748.0,1206.0,1677074753.0,1677074758.0,5.0,,0.0,10.0,5.0,,,4.0,5245.0,poseidon,local,host-10-100-100-12.openstacklocal,pegasus::transfer,/home/poseidon/pegasus-5.1.0panorama/bin/pegasus-transfer,/home/poseidon/pegasus-5.1.0panorama/bin/../bin/pegasus-kickstart  -n pegasus::transfer -N null -i - -R local  -L xgboost_hp_tuning_group_1 -T 2023-02-22T13:57:13+00:00 /home/poseidon/pegasus-5.1.0panorama/bin/../bin/pegasus-transfer  --threads 2,0.7,0,0,,,,,,,,,
register_condorpool_1_0_pegasus-plan_ID0000016,None,auxiliary,0,1677074758.0,,,1677074763.0,,,0.0,1677074763.0,1677074768.0,,,0.0,1677074768.0,1677074773.0,5.0,,0.0,5.0,5.0,,,,,poseidon,local,host-10-100-100-12.openstacklocal,pegasus::rc-client,/home/poseidon/pegasus-5.1.0panorama/bin/pegasus-rc-client,-n pegasus::rc-client -N null -R local  -L xgboost_hp_tuning_group_1 -T 2023-02-22T13:57:13+00:00 /home/poseidon/pegasus-5.1.0panorama/bin/pegasus-rc-client --prefix pegasus.catalog.replica.output --conf /home/poseidon/workflows/predict-future-sales-workflow/submit/poseidon/pegasus/predict-future-sales/run0088/00/00/./xgboost_hp_tuning_group_1.000/pegasus.13580335832725131758.properties -v --meta /home/poseidon/workflows/predict-future-sales-workflow/submit/poseidon/pegasus/predict-future-sales/run0088/00/00/./xgboost_hp_tuning_group_1.000/00/00/xgboost_best_params_ID0000024.meta --insert /home/poseidon/workflows/predict-future-sales-workflow/submit/poseidon/pegasus/predict-future-sales/run0088/00/00/./xgboost_hp_tuning_group_1.000/00/00/register_condorpool_1_0.in,3.0,0,0,,,,,,,,,
xgboost_model_ID0000017,None,compute,0,1677074776.0,,,1677074781.0,1677074808.0,1677074826.0,45599247.5,1677074848.0,1677074896.0,1677074840.0,1677074844.0,266028.0,1677074896.0,1677074901.0,5.0,,67.0,48.0,5.0,18.0,377645116.0,4.0,1170081.0,poseidon,condorpool,poseidon-worker-2-container-40-47,xgboost_model,/srv/xgboost_model,,19.2,0,0,,,,,,,,,
stage_out_local_condorpool_1_0_pegasus-plan_ID0000012,None,transfer,0,1677074777.0,,,1677074782.0,,,0.0,1677074786.0,1677074797.0,1677074786.0,1677074790.0,1248.0,1677074797.0,1677074802.0,5.0,,4.0,11.0,5.0,,,4.0,5395.0,poseidon,local,host-10-100-100-12.openstacklocal,pegasus::transfer,/home/poseidon/pegasus-5.1.0panorama/bin/pegasus-transfer,/home/poseidon/pegasus-5.1.0panorama/bin/../bin/pegasus-kickstart  -n pegasus::transfer -N null -i - -R local  -L xgboost_hp_tuning_group_0 -T 2023-02-22T13:57:13+00:00 /home/poseidon/pegasus-5.1.0panorama/bin/../bin/pegasus-transfer  --threads 2,0.7,0,0,,,,,,,,,
register_condorpool_1_0_pegasus-plan_ID0000012,None,auxiliary,0,1677074802.0,,,1677074807.0,,,0.0,1677074807.0,1677074812.0,,,0.0,1677074812.0,1677074817.0,5.0,,0.0,5.0,5.0,,,,,poseidon,local,host-10-100-100-12.openstacklocal,pegasus::rc-client,/home/poseidon/pegasus-5.1.0panorama/bin/pegasus-rc-client,-n pegasus::rc-client -N null -R local  -L xgboost_hp_tuning_group_0 -T 2023-02-22T13:57:13+00:00 /home/poseidon/pegasus-5.1.0panorama/bin/pegasus-rc-client --prefix pegasus.catalog.replica.output --conf /home/poseidon/workflows/predict-future-sales-workflow/submit/poseidon/pegasus/predict-future-sales/run0088/00/00/./xgboost_hp_tuning_group_0.000/pegasus.10012037168194190410.properties -v --meta /home/poseidon/workflows/predict-future-sales-workflow/submit/poseidon/pegasus/predict-future-sales/run0088/00/00/./xgboost_hp_tuning_group_0.000/00/00/xgboost_best_params_ID0000024.meta --insert /home/poseidon/workflows/predict-future-sales-workflow/submit/poseidon/pegasus/predict-future-sales/run0088/00/00/./xgboost_hp_tuning_group_0.000/00/00/register_condorpool_1_0.in,2.9,0,0,,,,,,,,,
xgboost_model_ID0000013,hdd_10,compute,0,1677074821.0,,,1677074826.0,1677074819.0,1677074847.0,51255019.0,1677074860.0,1677074966.0,1677074910.0,1677074914.0,445276.0,1677074966.0,1677074971.0,5.0,,34.0,106.0,5.0,28.0,502671209.0,4.0,1986849.0,poseidon,condorpool,poseidon-worker-2-container-24-31,xgboost_model,/srv/xgboost_model,,29.8,0,0,,,,,,,,,
model_predict_ID0000018,hdd_10,compute,0,1677074901.0,,,1677074906.0,1677074879.0,1677074906.0,44954798.2,1677074919.0,1677075146.0,1677075090.0,1677075094.0,6025.0,1677075146.0,1677075151.0,5.0,,13.0,227.0,5.0,27.0,369272098.0,4.0,25035.0,poseidon,condorpool,poseidon-worker-3-container-0-7,model_predict,/srv/model_predict,,2.7,0,0,,,,,,,,,
model_predict_ID0000014,hdd_10,compute,0,1677074971.0,,,1677074976.0,1677074937.0,1677074969.0,42319610.5,1677074977.0,1677075051.0,1677074998.0,1677075002.0,105189.0,1677075051.0,1677075056.0,5.0,,1.0,74.0,5.0,32.0,372174222.0,4.0,451213.0,poseidon,condorpool,poseidon-worker-2-container-16-23,model_predict,/srv/model_predict,,3.0,0,0,,,,,,,,,
stage_out_local_condorpool_0_2_pegasus-plan_ID0000020,None,transfer,0,1677075241.0,,,1677075246.0,,,0.0,1677075246.0,1677075256.0,1677075246.0,1677075251.0,1841.0,1677075256.0,1677075261.0,5.0,,0.0,10.0,5.0,,,5.0,7427.0,poseidon,local,host-10-100-100-12.openstacklocal,pegasus::transfer,/home/poseidon/pegasus-5.1.0panorama/bin/pegasus-transfer,/home/poseidon/pegasus-5.1.0panorama/bin/../bin/pegasus-kickstart  -n pegasus::transfer -N null -i - -R local  -L xgboost_hp_tuning_group_2 -T 2023-02-22T13:57:13+00:00 /home/poseidon/pegasus-5.1.0panorama/bin/../bin/pegasus-transfer  --threads 2,0.9,0,0,,,,,,,,,
register_condorpool_0_2_pegasus-plan_ID0000020,None,auxiliary,0,1677075261.0,,,1677075266.0,,,0.0,1677075266.0,1677075271.0,,,0.0,1677075271.0,1677075276.0,5.0,,0.0,5.0,5.0,,,,,poseidon,local,host-10-100-100-12.openstacklocal,pegasus::rc-client,/home/poseidon/pegasus-5.1.0panorama/bin/pegasus-rc-client,"-n pegasus::rc-client -N null -R local  -L xgboost_hp_tuning_group_2 -T 2023-02-22T13:57:13+00:00 /home/poseidon/pegasus-5.1.0panorama/bin/pegasus-rc-client --prefix pegasus.catalog.replica.output --conf /home/poseidon/workflows/predict-future-sales-workflow/submit/poseidon/pegasus/predict-future-sales/run0088/00/00/./xgboost_hp_tuning_group_2.000/pegasus.4813247523552562534.properties -v --meta /home/poseidon/workflows/predict-future-sales-workflow/submit/poseidon/pegasus/predict-future-sales/run0088/00/00/./xgboost_hp_tuning_group_2.000/00/00/xgboost_hp_tuning_ID0000017.meta,/home/poseidon/workflows/predict-future-sales-workflow/submit/poseidon/pegasus/predict-future-sales/run0088/00/00/./xgboost_hp_tuning_group_2.000/00/00/xgboost_hp_tuning_ID0000022.meta,/home/poseidon/workflows/predict-future-sales-workflow/submit/poseidon/pegasus/predict-future-sales/run0088/00/00/./xgboost_hp_tuning_group_2.000/00/00/xgboost_hp_tuning_ID0000007.meta,/home/poseidon/workflows/predict-future-sales-workflow/submit/poseidon/pegasus/predict-future-sales/run0088/00/00/./xgboost_hp_tuning_group_2.000/00/00/xgboost_hp_tuning_ID0000020.meta,/home/poseidon/workflows/predict-future-sales-workflow/submit/poseidon/pegasus/predict-future-sales/run0088/00/00/./xgboost_hp_tuning_group_2.000/00/00/xgboost_hp_tuning_ID0000001.meta,/home/poseidon/workflows/predict-future-sales-workflow/submit/poseidon/pegasus/predict-future-sales/run0088/00/00/./xgboost_hp_tuning_group_2.000/00/00/xgboost_hp_tuning_ID0000004.meta,/home/poseidon/workflows/predict-future-sales-workflow/submit/poseidon/pegasus/predict-future-sales/run0088/00/00/./xgboost_hp_tuning_group_2.000/00/00/xgboost_hp_tuning_ID0000014.meta --insert /home/poseidon/workflows/predict-future-sales-workflow/submit/poseidon/pegasus/predict-future-sales/run0088/00/00/./xgboost_hp_tuning_group_2.000/00/00/register_condorpool_0_2.in",2.9,0,0,,,,,,,,,
stage_out_local_condorpool_0_0_pegasus-plan_ID0000020,None,transfer,0,1677075291.0,,,1677075296.0,,,0.0,1677075296.0,1677075306.0,1677075297.0,1677075301.0,2099.0,1677075306.0,1677075311.0,5.0,,0.0,10.0,5.0,,,4.0,8469.0,poseidon,local,host-10-100-100-12.openstacklocal,pegasus::transfer,/home/poseidon/pegasus-5.1.0panorama/bin/pegasus-transfer,/home/poseidon/pegasus-5.1.0panorama/bin/../bin/pegasus-kickstart  -n pegasus::transfer -N null -i - -R local  -L xgboost_hp_tuning_group_2 -T 2023-02-22T13:57:13+00:00 /home/poseidon/pegasus-5.1.0panorama/bin/../bin/pegasus-transfer  --threads 2,1.0,0,0,,,,,,,,,
register_condorpool_0_0_pegasus-plan_ID0000020,None,auxiliary,0,1677075311.0,,,1677075316.0,,,0.0,1677075316.0,1677075321.0,,,0.0,1677075321.0,1677075326.0,5.0,,0.0,5.0,5.0,,,,,poseidon,local,host-10-100-100-12.openstacklocal,pegasus::rc-client,/home/poseidon/pegasus-5.1.0panorama/bin/pegasus-rc-client,"-n pegasus::rc-client -N null -R local  -L xgboost_hp_tuning_group_2 -T 2023-02-22T13:57:13+00:00 /home/poseidon/pegasus-5.1.0panorama/bin/pegasus-rc-client --prefix pegasus.catalog.replica.output --conf /home/poseidon/workflows/predict-future-sales-workflow/submit/poseidon/pegasus/predict-future-sales/run0088/00/00/./xgboost_hp_tuning_group_2.000/pegasus.4813247523552562534.properties -v --meta /home/poseidon/workflows/predict-future-sales-workflow/submit/poseidon/pegasus/predict-future-sales/run0088/00/00/./xgboost_hp_tuning_group_2.000/00/00/xgboost_hp_tuning_ID0000018.meta,/home/poseidon/workflows/predict-future-sales-workflow/submit/poseidon/pegasus/predict-future-sales/run0088/00/00/./xgboost_hp_tuning_group_2.000/00/00/xgboost_hp_tuning_ID0000002.meta,/home/poseidon/workflows/predict-future-sales-workflow/submit/poseidon/pegasus/predict-future-sales/run0088/00/00/./xgboost_hp_tuning_group_2.000/00/00/xgboost_hp_tuning_ID0000005.meta,/home/poseidon/workflows/predict-future-sales-workflow/submit/poseidon/pegasus/predict-future-sales/run0088/00/00/./xgboost_hp_tuning_group_2.000/00/00/xgboost_hp_tuning_ID0000009.meta,/home/poseidon/workflows/predict-future-sales-workflow/submit/poseidon/pegasus/predict-future-sales/run0088/00/00/./xgboost_hp_tuning_group_2.000/00/00/xgboost_hp_tuning_ID0000015.meta,/home/poseidon/workflows/predict-future-sales-workflow/submit/poseidon/pegasus/predict-future-sales/run0088/00/00/./xgboost_hp_tuning_group_2.000/00/00/xgboost_hp_tuning_ID0000012.meta,/home/poseidon/workflows/predict-future-sales-workflow/submit/poseidon/pegasus/predict-future-sales/run0088/00/00/./xgboost_hp_tuning_group_2.000/00/00/xgboost_hp_tuning_ID0000010.meta,/home/poseidon/workflows/predict-future-sales-workflow/submit/poseidon/pegasus/predict-future-sales/run0088/00/00/./xgboost_hp_tuning_group_2.000/00/00/xgboost_hp_tuning_ID0000008.meta --insert /home/poseidon/workflows/predict-future-sales-workflow/submit/poseidon/pegasus/predict-future-sales/run0088/00/00/./xgboost_hp_tuning_group_2.000/00/00/register_condorpool_0_0.in",3.0,0,0,,,,,,,,,
xgboost_best_params_ID0000024_pegasus-plan_ID0000020,None,compute,0,1677075331.0,,,1677075336.0,1677075297.0,1677075314.0,39748678.7,1677075337.0,1677075376.0,1677075320.0,1677075324.0,258.0,1677075376.0,1677075381.0,5.0,,1.0,39.0,5.0,17.0,368018667.0,4.0,1059.0,poseidon,condorpool,poseidon-worker-2-container-8-15,xgboost_best_params,/srv/xgboost_best_params,,0.0,0,0,,,,,,,,,
stage_out_local_condorpool_0_1_pegasus-plan_ID0000020,None,transfer,0,1677075331.0,,,1677075336.0,,,0.0,1677075336.0,1677075346.0,1677075336.0,1677075340.0,2109.0,1677075346.0,1677075351.0,5.0,,0.0,10.0,5.0,,,4.0,8502.0,poseidon,local,host-10-100-100-12.openstacklocal,pegasus::transfer,/home/poseidon/pegasus-5.1.0panorama/bin/pegasus-transfer,/home/poseidon/pegasus-5.1.0panorama/bin/../bin/pegasus-kickstart  -n pegasus::transfer -N null -i - -R local  -L xgboost_hp_tuning_group_2 -T 2023-02-22T13:57:13+00:00 /home/poseidon/pegasus-5.1.0panorama/bin/../bin/pegasus-transfer  --threads 2,1.0,0,0,,,,,,,,,
register_condorpool_0_1_pegasus-plan_ID0000020,None,auxiliary,0,1677075351.0,,,1677075356.0,,,0.0,1677075356.0,1677075361.0,,,0.0,1677075361.0,1677075366.0,5.0,,0.0,5.0,5.0,,,,,poseidon,local,host-10-100-100-12.openstacklocal,pegasus::rc-client,/home/poseidon/pegasus-5.1.0panorama/bin/pegasus-rc-client,"-n pegasus::rc-client -N null -R local  -L xgboost_hp_tuning_group_2 -T 2023-02-22T13:57:13+00:00 /home/poseidon/pegasus-5.1.0panorama/bin/pegasus-rc-client --prefix pegasus.catalog.replica.output --conf /home/poseidon/workflows/predict-future-sales-workflow/submit/poseidon/pegasus/predict-future-sales/run0088/00/00/./xgboost_hp_tuning_group_2.000/pegasus.4813247523552562534.properties -v --meta /home/poseidon/workflows/predict-future-sales-workflow/submit/poseidon/pegasus/predict-future-sales/run0088/00/00/./xgboost_hp_tuning_group_2.000/00/00/xgboost_hp_tuning_ID0000013.meta,/home/poseidon/workflows/predict-future-sales-workflow/submit/poseidon/pegasus/predict-future-sales/run0088/00/00/./xgboost_hp_tuning_group_2.000/00/00/xgboost_hp_tuning_ID0000023.meta,/home/poseidon/workflows/predict-future-sales-workflow/submit/poseidon/pegasus/predict-future-sales/run0088/00/00/./xgboost_hp_tuning_group_2.000/00/00/xgboost_hp_tuning_ID0000011.meta,/home/poseidon/workflows/predict-future-sales-workflow/submit/poseidon/pegasus/predict-future-sales/run0088/00/00/./xgboost_hp_tuning_group_2.000/00/00/xgboost_hp_tuning_ID0000006.meta,/home/poseidon/workflows/predict-future-sales-workflow/submit/poseidon/pegasus/predict-future-sales/run0088/00/00/./xgboost_hp_tuning_group_2.000/00/00/xgboost_hp_tuning_ID0000003.meta,/home/poseidon/workflows/predict-future-sales-workflow/submit/poseidon/pegasus/predict-future-sales/run0088/00/00/./xgboost_hp_tuning_group_2.000/00/00/xgboost_hp_tuning_ID0000021.meta,/home/poseidon/workflows/predict-future-sales-workflow/submit/poseidon/pegasus/predict-future-sales/run0088/00/00/./xgboost_hp_tuning_group_2.000/00/00/xgboost_hp_tuning_ID0000019.meta,/home/poseidon/workflows/predict-future-sales-workflow/submit/poseidon/pegasus/predict-future-sales/run0088/00/00/./xgboost_hp_tuning_group_2.000/00/00/xgboost_hp_tuning_ID0000016.meta --insert /home/poseidon/workflows/predict-future-sales-workflow/submit/poseidon/pegasus/predict-future-sales/run0088/00/00/./xgboost_hp_tuning_group_2.000/00/00/register_condorpool_0_1.in",3.0,0,0,,,,,,,,,
stage_out_local_condorpool_1_0_pegasus-plan_ID0000020,None,transfer,0,1677075381.0,,,1677075386.0,,,0.0,1677075387.0,1677075397.0,1677075387.0,1677075391.0,1248.0,1677075397.0,1677075402.0,5.0,,1.0,10.0,5.0,,,4.0,5295.0,poseidon,local,host-10-100-100-12.openstacklocal,pegasus::transfer,/home/poseidon/pegasus-5.1.0panorama/bin/pegasus-transfer,/home/poseidon/pegasus-5.1.0panorama/bin/../bin/pegasus-kickstart  -n pegasus::transfer -N null -i - -R local  -L xgboost_hp_tuning_group_2 -T 2023-02-22T13:57:13+00:00 /home/poseidon/pegasus-5.1.0panorama/bin/../bin/pegasus-transfer  --threads 2,0.7,0,0,,,,,,,,,
register_condorpool_1_0_pegasus-plan_ID0000020,None,auxiliary,0,1677075402.0,,,1677075407.0,,,0.0,1677075407.0,1677075412.0,,,0.0,1677075412.0,1677075417.0,5.0,,0.0,5.0,5.0,,,,,poseidon,local,host-10-100-100-12.openstacklocal,pegasus::rc-client,/home/poseidon/pegasus-5.1.0panorama/bin/pegasus-rc-client,-n pegasus::rc-client -N null -R local  -L xgboost_hp_tuning_group_2 -T 2023-02-22T13:57:13+00:00 /home/poseidon/pegasus-5.1.0panorama/bin/pegasus-rc-client --prefix pegasus.catalog.replica.output --conf /home/poseidon/workflows/predict-future-sales-workflow/submit/poseidon/pegasus/predict-future-sales/run0088/00/00/./xgboost_hp_tuning_group_2.000/pegasus.4813247523552562534.properties -v --meta /home/poseidon/workflows/predict-future-sales-workflow/submit/poseidon/pegasus/predict-future-sales/run0088/00/00/./xgboost_hp_tuning_group_2.000/00/00/xgboost_best_params_ID0000024.meta --insert /home/poseidon/workflows/predict-future-sales-workflow/submit/poseidon/pegasus/predict-future-sales/run0088/00/00/./xgboost_hp_tuning_group_2.000/00/00/register_condorpool_1_0.in,3.0,0,0,,,,,,,,,
xgboost_model_ID0000021,hdd_10,compute,0,1677075421.0,,,1677075426.0,1677075388.0,1677075428.0,75208192.7,1677075429.0,1677075646.0,1677075589.0,1677075593.0,1232944.0,1677075646.0,1677075651.0,5.0,,3.0,217.0,5.0,40.0,1691152080.0,4.0,5418135.0,poseidon,condorpool,poseidon-worker-3-container-32-39,xgboost_model,/srv/xgboost_model,,442.0,0,0,0.0,1348817678.0,24449.0,5281.0,8.0,368.6,9.7,19268824.0,2444.9
stage_out_local_local_5_0,None,transfer,0,1677075421.0,,,1677075426.0,,,0.0,1677075426.0,1677075436.0,1677075427.0,1677075431.0,790.0,1677075436.0,1677075441.0,5.0,,0.0,10.0,5.0,,,4.0,3187.0,poseidon,local,host-10-100-100-12.openstacklocal,pegasus::transfer,/home/poseidon/pegasus-5.1.0panorama/bin/pegasus-transfer,pegasus-kickstart  -n pegasus::transfer -N null -i - -R local  -L predict-future-sales -T 2023-02-17T19:59:06+00:00 pegasus-transfer  --threads 2,0.3,0,0,,,,,,,,,
cleanup_predict-future-sales_0_local,None,auxiliary,0,1677075441.0,,,1677075446.0,,,0.0,1677075446.0,1677075456.0,,,0.0,1677075456.0,1677075461.0,5.0,,0.0,10.0,5.0,,,,,poseidon,local,host-10-100-100-12.openstacklocal,pegasus::cleanup,/home/poseidon/pegasus-5.1.0panorama/bin/pegasus-transfer,pegasus-kickstart  -n pegasus::cleanup -N null -i - -R local  -L predict-future-sales -T 2023-02-17T19:59:06+00:00 pegasus-transfer,0.2,0,0,,,,,,,,,
stage_out_local_condorpool_6_0,None,transfer,0,1677075651.0,,,1677075656.0,,,0.0,1677075656.0,1677075666.0,1677075657.0,1677075661.0,2125897.0,1677075666.0,1677075671.0,5.0,,0.0,10.0,5.0,,,4.0,8575065.0,poseidon,local,host-10-100-100-12.openstacklocal,pegasus::transfer,/home/poseidon/pegasus-5.1.0panorama/bin/pegasus-transfer,pegasus-kickstart  -n pegasus::transfer -N null -i - -R local  -L predict-future-sales -T 2023-02-17T19:59:06+00:00 pegasus-transfer  --threads 2,0.9,0,0,,,,,,,,,
model_predict_ID0000022,hdd_10,compute,0,1677075651.0,,,1677075656.0,1677075617.0,1677075635.0,43373341.3,1677075658.0,1677075742.0,1677075643.0,1677075647.0,1282385.0,1677075742.0,1677075747.0,5.0,,2.0,84.0,5.0,18.0,400422705.0,4.0,5523764.0,poseidon,condorpool,poseidon-worker-3-container-32-39,model_predict,/srv/model_predict,,3.1,0,0,,,,,,,,,
stage_out_local_condorpool_7_0,None,transfer,0,1677075747.0,,,1677075752.0,,,0.0,1677075752.0,1677075762.0,1677075752.0,1677075756.0,1488115.0,1677075762.0,1677075767.0,5.0,,0.0,10.0,5.0,,,4.0,6000012.0,poseidon,local,host-10-100-100-12.openstacklocal,pegasus::transfer,/home/poseidon/pegasus-5.1.0panorama/bin/pegasus-transfer,pegasus-kickstart  -n pegasus::transfer -N null -i - -R local  -L predict-future-sales -T 2023-02-17T19:59:06+00:00 pegasus-transfer  --threads 2,0.6,0,0,,,,,,,,,
predict_merge_ID0000023,hdd_10,compute,0,1677075747.0,,,1677075752.0,1677075713.0,1677075739.0,40869856.7,1677075753.0,1677075832.0,1677075779.0,1677075784.0,881260.0,1677075832.0,1677075837.0,5.0,,1.0,79.0,5.0,26.0,377176763.0,5.0,3777666.0,poseidon,condorpool,poseidon-worker-3-container-32-39,predict_merge,/srv/predict_merge,,1.5,0,0,,,,,,,,,
stage_out_local_condorpool_8_0,None,transfer,0,1677075837.0,,,1677075842.0,,,0.0,1677075842.0,1677075852.0,1677075843.0,1677075845.0,1757298.0,1677075852.0,1677075857.0,5.0,,0.0,10.0,5.0,,,2.0,3777666.0,poseidon,local,host-10-100-100-12.openstacklocal,pegasus::transfer,/home/poseidon/pegasus-5.1.0panorama/bin/pegasus-transfer,pegasus-kickstart  -n pegasus::transfer -N null -i - -R local  -L predict-future-sales -T 2023-02-17T19:59:06+00:00 pegasus-transfer  --threads 2,0.4,0,0,,,,,,,,,
cleanup_predict-future-sales_0_condorpool,None,auxiliary,0,1677075857.0,,,1677075862.0,,,0.0,1677075863.0,1677075873.0,,,0.0,1677075873.0,1677075878.0,5.0,,1.0,10.0,5.0,,,,,poseidon,local,host-10-100-100-12.openstacklocal,pegasus::cleanup,/home/poseidon/pegasus-5.1.0panorama/bin/pegasus-transfer,pegasus-kickstart  -n pegasus::cleanup -N null -i - -R local  -L predict-future-sales -T 2023-02-17T19:59:06+00:00 pegasus-transfer,0.3,0,0,,,,,,,,,
