,anomaly_type,type,is_clustered,ready,pre_script_start,pre_script_end,submit,stage_in_start,stage_in_end,stage_in_effective_bytes_per_sec,execute_start,execute_end,stage_out_start,stage_out_end,stage_out_effective_bytes_per_sec,post_script_start,post_script_end,wms_delay,pre_script_delay,queue_delay,runtime,post_script_delay,stage_in_delay,stage_in_bytes,stage_out_delay,stage_out_bytes,kickstart_user,kickstart_site,kickstart_hostname,kickstart_transformations,kickstart_executables,kickstart_executables_argv,kickstart_executables_cpu_time,kickstart_status,kickstart_executables_exitcode,kickstart_online_iowait,kickstart_online_bytes_read,kickstart_online_bytes_written,kickstart_online_read_system_calls,kickstart_online_write_system_calls,kickstart_online_utime,kickstart_online_stime,kickstart_online_bytes_read_per_second,kickstart_online_bytes_written_per_second
create_dir_predict-future-sales_0_local,None,auxiliary,0,1677598717.0,,,1677598718.0,,,0.0,1677598722.0,1677598728.0,,,0.0,1677598728.0,1677598733.0,1.0,,4.0,6.0,5.0,,,,,poseidon,local,host-10-100-100-12.openstacklocal,pegasus::dirmanager,/home/poseidon/pegasus-5.1.0panorama/bin/pegasus-transfer,pegasus-kickstart  -n pegasus::dirmanager -N null -i - -R local  -L predict-future-sales -T 2023-02-17T19:59:06+00:00 pegasus-transfer,0.3,0,0,,,,,,,,,
create_dir_predict-future-sales_0_condorpool,None,auxiliary,0,1677598717.0,,,1677598718.0,,,0.0,1677598722.0,1677598728.0,,,0.0,1677598728.0,1677598733.0,1.0,,4.0,6.0,5.0,,,,,poseidon,local,host-10-100-100-12.openstacklocal,pegasus::dirmanager,/home/poseidon/pegasus-5.1.0panorama/bin/pegasus-transfer,pegasus-kickstart  -n pegasus::dirmanager -N null -i - -R local  -L predict-future-sales -T 2023-02-17T19:59:06+00:00 pegasus-transfer,0.3,0,0,,,,,,,,,
stage_in_local_condorpool_6_0,None,transfer,0,1677598733.0,,,1677598738.0,1677598738.0,1677598742.0,2216.0,1677598738.0,1677598748.0,,,0.0,1677598748.0,1677598753.0,5.0,,0.0,10.0,5.0,4.0,7870.0,,,poseidon,local,host-10-100-100-12.openstacklocal,pegasus::transfer,/home/poseidon/pegasus-5.1.0panorama/bin/pegasus-transfer,pegasus-kickstart  -n pegasus::transfer -N null -i - -R local  -L predict-future-sales -T 2023-02-17T19:59:06+00:00 pegasus-transfer  --threads 2,0.5,0,0,,,,,,,,,
stage_in_local_condorpool_0_0,None,transfer,0,1677598733.0,,,1677598738.0,1677598738.0,1677598748.0,94070711.0,1677598738.0,1677598758.0,,,0.0,1677598758.0,1677598763.0,5.0,,0.0,20.0,5.0,10.0,936801734.0,,,poseidon,local,host-10-100-100-12.openstacklocal,pegasus::transfer,/home/poseidon/pegasus-5.1.0panorama/bin/pegasus-transfer,pegasus-kickstart  -n pegasus::transfer -N null -i - -R local  -L predict-future-sales -T 2023-02-17T19:59:06+00:00 pegasus-transfer  --threads 2,5.8,0,0,,,,,,,,,
stage_in_local_condorpool_1_0,None,transfer,0,1677598733.0,,,1677598738.0,1677598738.0,1677598743.0,3527.0,1677598738.0,1677598753.0,,,0.0,1677598753.0,1677598758.0,5.0,,0.0,15.0,5.0,5.0,15640.0,,,poseidon,local,host-10-100-100-12.openstacklocal,pegasus::transfer,/home/poseidon/pegasus-5.1.0panorama/bin/pegasus-transfer,pegasus-kickstart  -n pegasus::transfer -N null -i - -R local  -L predict-future-sales -T 2023-02-17T19:59:06+00:00 pegasus-transfer  --threads 2,0.6,0,0,,,,,,,,,
stage_in_local_condorpool_7_0,None,transfer,0,1677598733.0,,,1677598738.0,1677598738.0,1677598742.0,982.0,1677598738.0,1677598748.0,,,0.0,1677598748.0,1677598753.0,5.0,,0.0,10.0,5.0,4.0,3488.0,,,poseidon,local,host-10-100-100-12.openstacklocal,pegasus::transfer,/home/poseidon/pegasus-5.1.0panorama/bin/pegasus-transfer,pegasus-kickstart  -n pegasus::transfer -N null -i - -R local  -L predict-future-sales -T 2023-02-17T19:59:06+00:00 pegasus-transfer  --threads 2,0.5,0,0,,,,,,,,,
stage_in_local_condorpool_3_0,None,transfer,0,1677598733.0,,,1677598738.0,1677598738.0,1677598743.0,2900.0,1677598738.0,1677598748.0,,,0.0,1677598748.0,1677598753.0,5.0,,0.0,10.0,5.0,5.0,12704.0,,,poseidon,local,host-10-100-100-12.openstacklocal,pegasus::transfer,/home/poseidon/pegasus-5.1.0panorama/bin/pegasus-transfer,pegasus-kickstart  -n pegasus::transfer -N null -i - -R local  -L predict-future-sales -T 2023-02-17T19:59:06+00:00 pegasus-transfer  --threads 2,0.6,0,0,,,,,,,,,
stage_in_local_condorpool_8_0,None,transfer,0,1677598733.0,,,1677598738.0,1677598738.0,1677598742.0,666.0,1677598738.0,1677598748.0,,,0.0,1677598748.0,1677598753.0,5.0,,0.0,10.0,5.0,4.0,2368.0,,,poseidon,local,host-10-100-100-12.openstacklocal,pegasus::transfer,/home/poseidon/pegasus-5.1.0panorama/bin/pegasus-transfer,pegasus-kickstart  -n pegasus::transfer -N null -i - -R local  -L predict-future-sales -T 2023-02-17T19:59:06+00:00 pegasus-transfer  --threads 2,0.4,0,0,,,,,,,,,
stage_in_local_local_4_0,None,transfer,0,1677598733.0,,,1677598738.0,1677598738.0,1677598740.0,5880.0,1677598738.0,1677598748.0,,,0.0,1677598748.0,1677598753.0,5.0,,0.0,10.0,5.0,2.0,12577.0,,,poseidon,local,host-10-100-100-12.openstacklocal,pegasus::transfer,/home/poseidon/pegasus-5.1.0panorama/bin/pegasus-transfer,pegasus-kickstart  -n pegasus::transfer -N null -i - -R local  -L predict-future-sales -T 2023-02-17T19:59:06+00:00 pegasus-transfer  --threads 2,0.4,0,0,,,,,,,,,
stage_in_local_condorpool_2_0,None,transfer,0,1677598733.0,,,1677598738.0,1677598738.0,1677598744.0,9678.0,1677598738.0,1677598753.0,,,0.0,1677598753.0,1677598758.0,5.0,,0.0,15.0,5.0,6.0,55480.0,,,poseidon,local,host-10-100-100-12.openstacklocal,pegasus::transfer,/home/poseidon/pegasus-5.1.0panorama/bin/pegasus-transfer,pegasus-kickstart  -n pegasus::transfer -N null -i - -R local  -L predict-future-sales -T 2023-02-17T19:59:06+00:00 pegasus-transfer  --threads 2,1.1,0,0,,,,,,,,,
preprocess_ID0000003,cpu_3,compute,0,1677598763.0,,,1677598769.0,1677598722.0,1677598740.0,45351032.8,1677598770.0,1677598819.0,1677598751.0,1677598758.0,23249586.0,1677598819.0,1677598824.0,6.0,,1.0,49.0,5.0,18.0,467356066.0,7.0,160257914.0,poseidon,condorpool,poseidon-worker-1-container-0-7,preprocess,/srv/preprocess,,4.1,0,0,,,,,,,,,
nlp_ID0000002,cpu_3,compute,0,1677598763.0,,,1677598769.0,1677598722.0,1677598739.0,44891881.2,1677598770.0,1677599416.0,1677599352.0,1677599356.0,591033.0,1677599416.0,1677599421.0,6.0,,1.0,646.0,5.0,17.0,369033604.0,4.0,2755872.0,poseidon,condorpool,poseidon-worker-2-container-8-15,nlp,/srv/nlp,,2457.3,0,0,0.1,21541192.0,8791.0,3615.0,5.0,2432.6,4.7,35902.0,879.1
eda_ID0000001,cpu_3,compute,0,1677598763.0,,,1677598769.0,1677598722.0,1677598739.0,48421555.3,1677598770.0,1677598844.0,1677598779.0,1677598784.0,281598.0,1677598844.0,1677598849.0,6.0,,1.0,74.0,5.0,17.0,464177772.0,5.0,1196791.0,poseidon,condorpool,poseidon-worker-3-container-40-47,eda,/srv/eda,,33.8,0,0,0.0,144954350.0,850207.0,27584.0,40.0,28.2,1.8,4831811.7,28340.2
feature_eng_0_ID0000004,cpu_3,compute,0,1677598824.0,,,1677598829.0,1677598782.0,1677598799.0,44776737.8,1677598830.0,1677598874.0,1677598810.0,1677598814.0,204122.0,1677598874.0,1677598879.0,5.0,,1.0,44.0,5.0,17.0,369949088.0,4.0,893320.0,poseidon,condorpool,poseidon-worker-1-container-0-7,feature_eng_0,/srv/feature_eng_0,,4.9,0,0,,,,,,,,,
feature_eng_1_ID0000005,cpu_3,compute,0,1677598824.0,,,1677598829.0,1677598792.0,1677598812.0,49648222.8,1677598840.0,1677598904.0,1677598836.0,1677598846.0,39123012.0,1677598904.0,1677598909.0,5.0,,11.0,64.0,5.0,20.0,528250191.0,10.0,393324463.0,poseidon,condorpool,poseidon-worker-3-container-40-47,feature_eng_1,/srv/feature_eng_1,,15.9,0,0,0.0,169608345.0,8.0,1721.0,1.0,8.0,2.0,16960834.5,0.8
feature_eng_4_ID0000008,cpu_3,compute,0,1677598909.0,,,1677598914.0,1677598882.0,1677598906.0,50443178.9,1677598930.0,1677599050.0,1677598968.0,1677598990.0,54192062.0,1677599050.0,1677599055.0,5.0,,16.0,120.0,5.0,24.0,761328752.0,22.0,1201824259.0,poseidon,condorpool,poseidon-worker-1-container-0-7,feature_eng_4,/srv/feature_eng_4,,49.8,0,0,0.0,402738466.0,8.0,1391.0,1.0,27.3,12.6,10068461.6,0.8
feature_eng_3_ID0000007,cpu_3,compute,0,1677598909.0,,,1677598914.0,1677598868.0,1677598891.0,53133960.7,1677598916.0,1677599090.0,1677599012.0,1677599034.0,54226350.0,1677599090.0,1677599095.0,5.0,,2.0,174.0,5.0,23.0,762217561.0,22.0,1179971921.0,poseidon,condorpool,poseidon-worker-3-container-40-47,feature_eng_3,/srv/feature_eng_3,,108.4,0,0,0.0,403640066.0,8.0,1469.0,1.0,69.0,31.0,4036400.7,0.8
feature_eng_2_ID0000006,cpu_3,compute,0,1677598909.0,,,1677598915.0,1677598882.0,1677598905.0,54528332.0,1677598930.0,1677599291.0,1677599203.0,1677599234.0,57846592.0,1677599291.0,1677599296.0,6.0,,15.0,361.0,5.0,23.0,761320658.0,31.0,1748107178.0,poseidon,condorpool,poseidon-worker-3-container-40-47,feature_eng_2,/srv/feature_eng_2,,284.2,0,0,0.0,402814444.0,8.0,1742.0,1.0,212.6,67.4,1438623.0,0.8
feature_eng_5_ID0000009,cpu_3,compute,0,1677598909.0,,,1677598914.0,1677598868.0,1677598892.0,51657197.8,1677598916.0,1677599196.0,1677599121.0,1677599135.0,46580507.0,1677599196.0,1677599201.0,5.0,,2.0,280.0,5.0,24.0,856820455.0,14.0,655540227.0,poseidon,condorpool,poseidon-worker-1-container-0-7,feature_eng_5,/srv/feature_eng_5,,219.0,0,0,0.0,498286966.0,8.0,2002.0,1.0,191.7,18.3,2372795.1,0.8
stage_out_local_condorpool_1_0,None,transfer,0,1677598909.0,,,1677598914.0,,,0.0,1677598915.0,1677598925.0,1677598915.0,1677598919.0,93608163.0,1677598925.0,1677598930.0,5.0,,1.0,10.0,5.0,,,4.0,394217783.0,poseidon,local,host-10-100-100-12.openstacklocal,pegasus::transfer,/home/poseidon/pegasus-5.1.0panorama/bin/pegasus-transfer,pegasus-kickstart  -n pegasus::transfer -N null -i - -R local  -L predict-future-sales -T 2023-02-17T19:59:06+00:00 pegasus-transfer  --threads 2,2.2,0,0,,,,,,,,,
register_condorpool_1_0,None,auxiliary,0,1677598930.0,,,1677598935.0,,,0.0,1677598935.0,1677598940.0,,,0.0,1677598940.0,1677598945.0,5.0,,0.0,5.0,5.0,,,,,poseidon,local,host-10-100-100-12.openstacklocal,pegasus::rc-client,/home/poseidon/pegasus-5.1.0panorama/bin/pegasus-rc-client,"pegasus-kickstart  -n pegasus::rc-client -N null -R local  -L predict-future-sales -T 2023-02-17T19:59:06+00:00 /home/poseidon/pegasus-5.1.0panorama/bin/pegasus-rc-client --prefix pegasus.catalog.replica.output --conf /home/poseidon/workflows/predict-future-sales-workflow/submit/poseidon/pegasus/predict-future-sales/run0298/pegasus.2220021467089941283.properties -v --meta /home/poseidon/workflows/predict-future-sales-workflow/submit/poseidon/pegasus/predict-future-sales/run0298/00/00/feature_eng_1_ID0000005.meta,/home/poseidon/workflows/predict-future-sales-workflow/submit/poseidon/pegasus/predict-future-sales/run0298/00/00/feature_eng_0_ID0000004.meta --insert /home/poseidon/workflows/predict-future-sales-workflow/submit/poseidon/pegasus/predict-future-sales/run0298/00/00/register_condorpool_1_0.in",3.1,0,0,,,,,,,,,
stage_out_local_condorpool_2_0,None,transfer,0,1677599296.0,,,1677599301.0,,,0.0,1677599301.0,1677599331.0,1677599302.0,1677599321.0,243418909.0,1677599331.0,1677599336.0,5.0,,0.0,30.0,5.0,,,19.0,4785443585.0,poseidon,local,host-10-100-100-12.openstacklocal,pegasus::transfer,/home/poseidon/pegasus-5.1.0panorama/bin/pegasus-transfer,pegasus-kickstart  -n pegasus::transfer -N null -i - -R local  -L predict-future-sales -T 2023-02-17T19:59:06+00:00 pegasus-transfer  --threads 2,21.3,0,0,,,,,,,,,
register_condorpool_2_0,None,auxiliary,0,1677599336.0,,,1677599341.0,,,0.0,1677599341.0,1677599346.0,,,0.0,1677599346.0,1677599351.0,5.0,,0.0,5.0,5.0,,,,,poseidon,local,host-10-100-100-12.openstacklocal,pegasus::rc-client,/home/poseidon/pegasus-5.1.0panorama/bin/pegasus-rc-client,"pegasus-kickstart  -n pegasus::rc-client -N null -R local  -L predict-future-sales -T 2023-02-17T19:59:06+00:00 /home/poseidon/pegasus-5.1.0panorama/bin/pegasus-rc-client --prefix pegasus.catalog.replica.output --conf /home/poseidon/workflows/predict-future-sales-workflow/submit/poseidon/pegasus/predict-future-sales/run0298/pegasus.2220021467089941283.properties -v --meta /home/poseidon/workflows/predict-future-sales-workflow/submit/poseidon/pegasus/predict-future-sales/run0298/00/00/feature_eng_5_ID0000009.meta,/home/poseidon/workflows/predict-future-sales-workflow/submit/poseidon/pegasus/predict-future-sales/run0298/00/00/feature_eng_2_ID0000006.meta,/home/poseidon/workflows/predict-future-sales-workflow/submit/poseidon/pegasus/predict-future-sales/run0298/00/00/feature_eng_3_ID0000007.meta,/home/poseidon/workflows/predict-future-sales-workflow/submit/poseidon/pegasus/predict-future-sales/run0298/00/00/feature_eng_4_ID0000008.meta --insert /home/poseidon/workflows/predict-future-sales-workflow/submit/poseidon/pegasus/predict-future-sales/run0298/00/00/register_condorpool_2_0.in",2.9,0,0,,,,,,,,,
stage_out_local_condorpool_0_0,None,transfer,0,1677599421.0,,,1677599426.0,,,0.0,1677599426.0,1677599436.0,1677599426.0,1677599430.0,40689636.0,1677599436.0,1677599441.0,5.0,,0.0,10.0,5.0,,,4.0,164210577.0,poseidon,local,host-10-100-100-12.openstacklocal,pegasus::transfer,/home/poseidon/pegasus-5.1.0panorama/bin/pegasus-transfer,pegasus-kickstart  -n pegasus::transfer -N null -i - -R local  -L predict-future-sales -T 2023-02-17T19:59:06+00:00 pegasus-transfer  --threads 2,2.0,0,0,,,,,,,,,
feature_merge_ID0000010,cpu_3,compute,0,1677599421.0,,,1677599426.0,1677599379.0,1677599447.0,86012155.8,1677599427.0,1677599647.0,1677599536.0,1677599586.0,60829215.0,1677599647.0,1677599652.0,5.0,,1.0,220.0,5.0,68.0,5155397110.0,50.0,2993643458.0,poseidon,condorpool,poseidon-worker-2-container-8-15,feature_merge,/srv/feature_merge,,60.7,0,0,0.0,4796861470.0,2064961063.0,1454.0,83.0,37.9,22.3,79947691.2,103248053.2
register_condorpool_0_0,None,auxiliary,0,1677599441.0,,,1677599446.0,,,0.0,1677599446.0,1677599451.0,,,0.0,1677599451.0,1677599456.0,5.0,,0.0,5.0,5.0,,,,,poseidon,local,host-10-100-100-12.openstacklocal,pegasus::rc-client,/home/poseidon/pegasus-5.1.0panorama/bin/pegasus-rc-client,"pegasus-kickstart  -n pegasus::rc-client -N null -R local  -L predict-future-sales -T 2023-02-17T19:59:06+00:00 /home/poseidon/pegasus-5.1.0panorama/bin/pegasus-rc-client --prefix pegasus.catalog.replica.output --conf /home/poseidon/workflows/predict-future-sales-workflow/submit/poseidon/pegasus/predict-future-sales/run0298/pegasus.2220021467089941283.properties -v --meta /home/poseidon/workflows/predict-future-sales-workflow/submit/poseidon/pegasus/predict-future-sales/run0298/00/00/nlp_ID0000002.meta,/home/poseidon/workflows/predict-future-sales-workflow/submit/poseidon/pegasus/predict-future-sales/run0298/00/00/eda_ID0000001.meta,/home/poseidon/workflows/predict-future-sales-workflow/submit/poseidon/pegasus/predict-future-sales/run0298/00/00/preprocess_ID0000003.meta --insert /home/poseidon/workflows/predict-future-sales-workflow/submit/poseidon/pegasus/predict-future-sales/run0298/00/00/register_condorpool_0_0.in",3.0,0,0,,,,,,,,,
stage_inter_local_xgboost_model_ID0000021_0,None,transfer,0,1677599652.0,,,1677599657.0,1677599657.0,1677599695.0,70204116.0,1677599657.0,1677599702.0,,,0.0,1677599702.0,1677599707.0,5.0,,0.0,45.0,5.0,38.0,2646308508.0,,,poseidon,local,host-10-100-100-12.openstacklocal,pegasus::transfer,/home/poseidon/pegasus-5.1.0panorama/bin/pegasus-transfer,pegasus-kickstart  -n pegasus::transfer -N null -i - -R local  -L predict-future-sales -T 2023-02-17T19:59:06+00:00 pegasus-transfer  --threads 2,9.5,0,0,,,,,,,,,
stage_inter_local_xgboost_hp_tuning_workflow_ID0000015_0,None,transfer,0,1677599652.0,,,1677599657.0,1677599657.0,1677599659.0,402.0,1677599657.0,1677599667.0,,,0.0,1677599667.0,1677599672.0,5.0,,0.0,10.0,5.0,2.0,826.0,,,poseidon,local,host-10-100-100-12.openstacklocal,pegasus::transfer,/home/poseidon/pegasus-5.1.0panorama/bin/pegasus-transfer,pegasus-kickstart  -n pegasus::transfer -N null -i - -R local  -L predict-future-sales -T 2023-02-17T19:59:06+00:00 pegasus-transfer  --threads 2,0.3,0,0,,,,,,,,,
stage_inter_local_model_predict_ID0000022_0,None,transfer,0,1677599652.0,,,1677599657.0,1677599657.0,1677599661.0,14374238.0,1677599657.0,1677599667.0,,,0.0,1677599667.0,1677599672.0,5.0,,0.0,10.0,5.0,4.0,54050130.0,,,poseidon,local,host-10-100-100-12.openstacklocal,pegasus::transfer,/home/poseidon/pegasus-5.1.0panorama/bin/pegasus-transfer,pegasus-kickstart  -n pegasus::transfer -N null -i - -R local  -L predict-future-sales -T 2023-02-17T19:59:06+00:00 pegasus-transfer  --threads 2,0.6,0,0,,,,,,,,,
stage_out_local_condorpool_3_0,None,transfer,0,1677599652.0,,,1677599657.0,,,0.0,1677599657.0,1677599687.0,1677599657.0,1677599681.0,126575669.0,1677599687.0,1677599692.0,5.0,,0.0,30.0,5.0,,,24.0,2993643458.0,poseidon,local,host-10-100-100-12.openstacklocal,pegasus::transfer,/home/poseidon/pegasus-5.1.0panorama/bin/pegasus-transfer,pegasus-kickstart  -n pegasus::transfer -N null -i - -R local  -L predict-future-sales -T 2023-02-17T19:59:06+00:00 pegasus-transfer  --threads 2,14.9,0,0,,,,,,,,,
stage_inter_local_xgboost_model_ID0000013_0,None,transfer,0,1677599652.0,,,1677599657.0,1677599657.0,1677599665.0,35286660.0,1677599657.0,1677599672.0,,,0.0,1677599672.0,1677599677.0,5.0,,0.0,15.0,5.0,8.0,269346726.0,,,poseidon,local,host-10-100-100-12.openstacklocal,pegasus::transfer,/home/poseidon/pegasus-5.1.0panorama/bin/pegasus-transfer,pegasus-kickstart  -n pegasus::transfer -N null -i - -R local  -L predict-future-sales -T 2023-02-17T19:59:06+00:00 pegasus-transfer  --threads 2,1.4,0,0,,,,,,,,,
stage_inter_local_model_predict_ID0000014_0,None,transfer,0,1677599652.0,,,1677599657.0,1677599657.0,1677599661.0,1277040.0,1677599657.0,1677599667.0,,,0.0,1677599667.0,1677599672.0,5.0,,0.0,10.0,5.0,4.0,4411696.0,,,poseidon,local,host-10-100-100-12.openstacklocal,pegasus::transfer,/home/poseidon/pegasus-5.1.0panorama/bin/pegasus-transfer,pegasus-kickstart  -n pegasus::transfer -N null -i - -R local  -L predict-future-sales -T 2023-02-17T19:59:06+00:00 pegasus-transfer  --threads 2,0.4,0,0,,,,,,,,,
xgboost_hp_tuning_workflow_ID0000015,None,compute,0,1677599672.0,,,1677599677.0,,,0.0,1677599678.0,1677599697.0,,,0.0,1677599697.0,1677599702.0,5.0,,1.0,19.0,5.0,,,,,poseidon,local,poseidon-submit.novalocal,xgboost_hp_tuning_workflow,/var/spool/condor/local_univ_execute/dir_2903771/xgboost_hp_tuning_workflow,/home/poseidon/workflows/predict-future-sales-workflow/submit/poseidon/pegasus/predict-future-sales/run0298/00/00/xgboost_hp_tuning_workflow_ID0000015.sh,0.1,0,0,,,,,,,,,
xgboost_hp_tuning_workflow_ID0000011,None,compute,0,1677599672.0,,,1677599677.0,,,0.0,1677599678.0,1677599697.0,,,0.0,1677599697.0,1677599702.0,5.0,,1.0,19.0,5.0,,,,,poseidon,local,poseidon-submit.novalocal,xgboost_hp_tuning_workflow,/var/spool/condor/local_univ_execute/dir_2903774/xgboost_hp_tuning_workflow,/home/poseidon/workflows/predict-future-sales-workflow/submit/poseidon/pegasus/predict-future-sales/run0298/00/00/xgboost_hp_tuning_workflow_ID0000011.sh,0.1,0,0,,,,,,,,,
xgboost_hp_tuning_workflow_ID0000019,None,compute,0,1677599672.0,,,1677599677.0,,,0.0,1677599678.0,1677599697.0,,,0.0,1677599697.0,1677599702.0,5.0,,1.0,19.0,5.0,,,,,poseidon,local,poseidon-submit.novalocal,xgboost_hp_tuning_workflow,/var/spool/condor/local_univ_execute/dir_2903777/xgboost_hp_tuning_workflow,/home/poseidon/workflows/predict-future-sales-workflow/submit/poseidon/pegasus/predict-future-sales/run0298/00/00/xgboost_hp_tuning_workflow_ID0000019.sh,0.1,0,0,,,,,,,,,
register_condorpool_3_0,None,auxiliary,0,1677599692.0,,,1677599697.0,,,0.0,1677599697.0,1677599702.0,,,0.0,1677599702.0,1677599707.0,5.0,,0.0,5.0,5.0,,,,,poseidon,local,host-10-100-100-12.openstacklocal,pegasus::rc-client,/home/poseidon/pegasus-5.1.0panorama/bin/pegasus-rc-client,pegasus-kickstart  -n pegasus::rc-client -N null -R local  -L predict-future-sales -T 2023-02-17T19:59:06+00:00 /home/poseidon/pegasus-5.1.0panorama/bin/pegasus-rc-client --prefix pegasus.catalog.replica.output --conf /home/poseidon/workflows/predict-future-sales-workflow/submit/poseidon/pegasus/predict-future-sales/run0298/pegasus.2220021467089941283.properties -v --meta /home/poseidon/workflows/predict-future-sales-workflow/submit/poseidon/pegasus/predict-future-sales/run0298/00/00/feature_merge_ID0000010.meta --insert /home/poseidon/workflows/predict-future-sales-workflow/submit/poseidon/pegasus/predict-future-sales/run0298/00/00/register_condorpool_3_0.in,3.0,0,0,,,,,,,,,
pegasus-plan_ID0000020,None,subwf,0,1677599702.0,1677599702.0,1677599707.0,1677599712.0,,,0.0,1677599713.0,1677600837.0,,,0.0,,,0.0,5.0,1.0,1124.0,,,,,,poseidon,local,poseidon-submit,condor::dagman,/usr/bin/condor_dagman,-p 0  -f -l . -Notification never -Debug 3 -Lockfile xgboost_hp_tuning_group_2.dag.lock -Dag xgboost_hp_tuning_group_2.dag -AllowVersionMismatch  -AutoRescue 1 -DoRescueFrom 0,0.0,0,0,,,,,,,,,
pegasus-plan_ID0000016,None,subwf,0,1677599702.0,1677599702.0,1677599707.0,1677599712.0,,,0.0,1677599713.0,1677600017.0,,,0.0,,,0.0,5.0,1.0,304.0,,,,,,poseidon,local,poseidon-submit,condor::dagman,/usr/bin/condor_dagman,-p 0  -f -l . -Notification never -Debug 3 -Lockfile xgboost_hp_tuning_group_1.dag.lock -Dag xgboost_hp_tuning_group_1.dag -AllowVersionMismatch  -AutoRescue 1 -DoRescueFrom 0,0.0,0,0,,,,,,,,,
pegasus-plan_ID0000012,None,subwf,0,1677599702.0,1677599702.0,1677599707.0,1677599712.0,,,0.0,1677599713.0,1677600047.0,,,0.0,,,0.0,5.0,1.0,334.0,,,,,,poseidon,local,poseidon-submit,condor::dagman,/usr/bin/condor_dagman,-p 0  -f -l . -Notification never -Debug 3 -Lockfile xgboost_hp_tuning_group_0.dag.lock -Dag xgboost_hp_tuning_group_0.dag -AllowVersionMismatch  -AutoRescue 1 -DoRescueFrom 0,0.0,0,0,,,,,,,,,
stage_out_local_local_4_0,None,transfer,0,1677599702.0,,,1677599707.0,,,0.0,1677599707.0,1677599717.0,1677599708.0,1677599712.0,21094.0,1677599717.0,1677599722.0,5.0,,0.0,10.0,5.0,,,4.0,85038.0,poseidon,local,host-10-100-100-12.openstacklocal,pegasus::transfer,/home/poseidon/pegasus-5.1.0panorama/bin/pegasus-transfer,pegasus-kickstart  -n pegasus::transfer -N null -i - -R local  -L predict-future-sales -T 2023-02-17T19:59:06+00:00 pegasus-transfer  --threads 2,0.6,0,0,,,,,,,,,
create_dir_predict-future-sales-hp-tuning_0_condorpool_pegasus-plan_ID0000012,None,auxiliary,0,1677599713.0,,,1677599715.0,,,0.0,1677599717.0,1677599725.0,,,0.0,1677599725.0,1677599730.0,2.0,,2.0,8.0,5.0,,,,,poseidon,local,host-10-100-100-12.openstacklocal,pegasus::dirmanager,/home/poseidon/pegasus-5.1.0panorama/bin/pegasus-transfer,pegasus-kickstart  -n pegasus::dirmanager -N null -i - -R local  -L xgboost_hp_tuning_group_0 -T 2023-02-28T15:55:04+00:00 pegasus-transfer,0.3,0,0,,,,,,,,,
create_dir_predict-future-sales-hp-tuning_0_condorpool_pegasus-plan_ID0000020,None,auxiliary,0,1677599713.0,,,1677599715.0,,,0.0,1677599717.0,1677599725.0,,,0.0,1677599725.0,1677599730.0,2.0,,2.0,8.0,5.0,,,,,poseidon,local,host-10-100-100-12.openstacklocal,pegasus::dirmanager,/home/poseidon/pegasus-5.1.0panorama/bin/pegasus-transfer,pegasus-kickstart  -n pegasus::dirmanager -N null -i - -R local  -L xgboost_hp_tuning_group_2 -T 2023-02-28T15:55:04+00:00 pegasus-transfer,0.3,0,0,,,,,,,,,
create_dir_predict-future-sales-hp-tuning_0_condorpool_pegasus-plan_ID0000016,None,auxiliary,0,1677599714.0,,,1677599715.0,,,0.0,1677599717.0,1677599725.0,,,0.0,1677599725.0,1677599730.0,1.0,,2.0,8.0,5.0,,,,,poseidon,local,host-10-100-100-12.openstacklocal,pegasus::dirmanager,/home/poseidon/pegasus-5.1.0panorama/bin/pegasus-transfer,pegasus-kickstart  -n pegasus::dirmanager -N null -i - -R local  -L xgboost_hp_tuning_group_1 -T 2023-02-28T15:55:04+00:00 pegasus-transfer,0.3,0,0,,,,,,,,,
register_local_4_0,None,auxiliary,0,1677599722.0,,,1677599727.0,,,0.0,1677599727.0,1677599732.0,,,0.0,1677599732.0,1677599737.0,5.0,,0.0,5.0,5.0,,,,,poseidon,local,host-10-100-100-12.openstacklocal,pegasus::rc-client,/home/poseidon/pegasus-5.1.0panorama/bin/pegasus-rc-client,"pegasus-kickstart  -n pegasus::rc-client -N null -R local  -L predict-future-sales -T 2023-02-17T19:59:06+00:00 /home/poseidon/pegasus-5.1.0panorama/bin/pegasus-rc-client --prefix pegasus.catalog.replica.output --conf /home/poseidon/workflows/predict-future-sales-workflow/submit/poseidon/pegasus/predict-future-sales/run0298/pegasus.2220021467089941283.properties -v --meta /home/poseidon/workflows/predict-future-sales-workflow/submit/poseidon/pegasus/predict-future-sales/run0298/00/00/xgboost_hp_tuning_workflow_ID0000011.meta,/home/poseidon/workflows/predict-future-sales-workflow/submit/poseidon/pegasus/predict-future-sales/run0298/00/00/xgboost_hp_tuning_workflow_ID0000019.meta,/home/poseidon/workflows/predict-future-sales-workflow/submit/poseidon/pegasus/predict-future-sales/run0298/00/00/xgboost_hp_tuning_workflow_ID0000015.meta --insert /home/poseidon/workflows/predict-future-sales-workflow/submit/poseidon/pegasus/predict-future-sales/run0298/00/00/register_local_4_0.in",2.9,0,0,,,,,,,,,
stage_in_local_condorpool_0_1_pegasus-plan_ID0000020,None,transfer,0,1677599730.0,,,1677599735.0,1677599736.0,1677599753.0,155358857.0,1677599735.0,1677599761.0,,,0.0,1677599761.0,1677599766.0,5.0,,0.0,26.0,5.0,17.0,2646308508.0,,,poseidon,local,host-10-100-100-12.openstacklocal,pegasus::transfer,/home/poseidon/pegasus-5.1.0panorama/bin/pegasus-transfer,-n pegasus::transfer -N null -i - -R local  -L xgboost_hp_tuning_group_2 -T 2023-02-28T15:55:04+00:00 /home/poseidon/pegasus-5.1.0panorama/bin/../bin/pegasus-transfer  --threads 2,11.6,0,0,,,,,,,,,
stage_in_local_condorpool_1_0_pegasus-plan_ID0000020,None,transfer,0,1677599730.0,,,1677599735.0,1677599735.0,1677599739.0,813.0,1677599735.0,1677599745.0,,,0.0,1677599745.0,1677599750.0,5.0,,0.0,10.0,5.0,4.0,2874.0,,,poseidon,local,host-10-100-100-12.openstacklocal,pegasus::transfer,/home/poseidon/pegasus-5.1.0panorama/bin/pegasus-transfer,-n pegasus::transfer -N null -i - -R local  -L xgboost_hp_tuning_group_2 -T 2023-02-28T15:55:04+00:00 /home/poseidon/pegasus-5.1.0panorama/bin/../bin/pegasus-transfer  --threads 2,0.5,0,0,,,,,,,,,
stage_in_local_condorpool_0_0_pegasus-plan_ID0000020,None,transfer,0,1677599730.0,,,1677599735.0,1677599735.0,1677599740.0,2777.0,1677599735.0,1677599750.0,,,0.0,1677599750.0,1677599756.0,5.0,,0.0,15.0,6.0,5.0,12142.0,,,poseidon,local,host-10-100-100-12.openstacklocal,pegasus::transfer,/home/poseidon/pegasus-5.1.0panorama/bin/pegasus-transfer,-n pegasus::transfer -N null -i - -R local  -L xgboost_hp_tuning_group_2 -T 2023-02-28T15:55:04+00:00 /home/poseidon/pegasus-5.1.0panorama/bin/../bin/pegasus-transfer  --threads 2,0.6,0,0,,,,,,,,,
stage_in_local_condorpool_0_1_pegasus-plan_ID0000012,None,transfer,0,1677599730.0,,,1677599735.0,1677599735.0,1677599741.0,45500214.0,1677599735.0,1677599750.0,,,0.0,1677599750.0,1677599755.0,5.0,,0.0,15.0,5.0,6.0,269346726.0,,,poseidon,local,host-10-100-100-12.openstacklocal,pegasus::transfer,/home/poseidon/pegasus-5.1.0panorama/bin/pegasus-transfer,-n pegasus::transfer -N null -i - -R local  -L xgboost_hp_tuning_group_0 -T 2023-02-28T15:55:04+00:00 /home/poseidon/pegasus-5.1.0panorama/bin/../bin/pegasus-transfer  --threads 2,1.9,0,0,,,,,,,,,
stage_in_local_condorpool_1_0_pegasus-plan_ID0000012,None,transfer,0,1677599730.0,,,1677599735.0,1677599735.0,1677599739.0,795.0,1677599735.0,1677599745.0,,,0.0,1677599745.0,1677599750.0,5.0,,0.0,10.0,5.0,4.0,2874.0,,,poseidon,local,host-10-100-100-12.openstacklocal,pegasus::transfer,/home/poseidon/pegasus-5.1.0panorama/bin/pegasus-transfer,-n pegasus::transfer -N null -i - -R local  -L xgboost_hp_tuning_group_0 -T 2023-02-28T15:55:04+00:00 /home/poseidon/pegasus-5.1.0panorama/bin/../bin/pegasus-transfer  --threads 2,0.5,0,0,,,,,,,,,
stage_in_local_condorpool_0_0_pegasus-plan_ID0000012,None,transfer,0,1677599730.0,,,1677599735.0,1677599735.0,1677599740.0,2724.0,1677599735.0,1677599750.0,,,0.0,1677599750.0,1677599755.0,5.0,,0.0,15.0,5.0,5.0,12142.0,,,poseidon,local,host-10-100-100-12.openstacklocal,pegasus::transfer,/home/poseidon/pegasus-5.1.0panorama/bin/pegasus-transfer,-n pegasus::transfer -N null -i - -R local  -L xgboost_hp_tuning_group_0 -T 2023-02-28T15:55:04+00:00 /home/poseidon/pegasus-5.1.0panorama/bin/../bin/pegasus-transfer  --threads 2,0.6,0,0,,,,,,,,,
stage_in_local_condorpool_0_2_pegasus-plan_ID0000020,None,transfer,0,1677599730.0,,,1677599735.0,1677599736.0,1677599746.0,70557004.0,1677599735.0,1677599756.0,,,0.0,1677599756.0,1677599761.0,5.0,,0.0,21.0,5.0,10.0,735985664.0,,,poseidon,local,host-10-100-100-12.openstacklocal,pegasus::transfer,/home/poseidon/pegasus-5.1.0panorama/bin/pegasus-transfer,-n pegasus::transfer -N null -i - -R local  -L xgboost_hp_tuning_group_2 -T 2023-02-28T15:55:04+00:00 /home/poseidon/pegasus-5.1.0panorama/bin/../bin/pegasus-transfer  --threads 2,4.3,0,0,,,,,,,,,
stage_in_local_condorpool_0_2_pegasus-plan_ID0000012,None,transfer,0,1677599730.0,,,1677599735.0,1677599736.0,1677599746.0,71690829.0,1677599735.0,1677599755.0,,,0.0,1677599755.0,1677599760.0,5.0,,0.0,20.0,5.0,10.0,735985664.0,,,poseidon,local,host-10-100-100-12.openstacklocal,pegasus::transfer,/home/poseidon/pegasus-5.1.0panorama/bin/pegasus-transfer,-n pegasus::transfer -N null -i - -R local  -L xgboost_hp_tuning_group_0 -T 2023-02-28T15:55:04+00:00 /home/poseidon/pegasus-5.1.0panorama/bin/../bin/pegasus-transfer  --threads 2,4.1,0,0,,,,,,,,,
stage_in_local_condorpool_0_0_pegasus-plan_ID0000016,None,transfer,0,1677599730.0,,,1677599735.0,1677599735.0,1677599740.0,2772.0,1677599735.0,1677599750.0,,,0.0,1677599750.0,1677599755.0,5.0,,0.0,15.0,5.0,5.0,12142.0,,,poseidon,local,host-10-100-100-12.openstacklocal,pegasus::transfer,/home/poseidon/pegasus-5.1.0panorama/bin/pegasus-transfer,-n pegasus::transfer -N null -i - -R local  -L xgboost_hp_tuning_group_1 -T 2023-02-28T15:55:04+00:00 /home/poseidon/pegasus-5.1.0panorama/bin/../bin/pegasus-transfer  --threads 2,0.6,0,0,,,,,,,,,
stage_in_local_condorpool_0_2_pegasus-plan_ID0000016,None,transfer,0,1677599730.0,,,1677599735.0,1677599736.0,1677599746.0,72423314.0,1677599735.0,1677599755.0,,,0.0,1677599755.0,1677599760.0,5.0,,0.0,20.0,5.0,10.0,735985664.0,,,poseidon,local,host-10-100-100-12.openstacklocal,pegasus::transfer,/home/poseidon/pegasus-5.1.0panorama/bin/pegasus-transfer,-n pegasus::transfer -N null -i - -R local  -L xgboost_hp_tuning_group_1 -T 2023-02-28T15:55:04+00:00 /home/poseidon/pegasus-5.1.0panorama/bin/../bin/pegasus-transfer  --threads 2,4.2,0,0,,,,,,,,,
stage_in_local_condorpool_0_1_pegasus-plan_ID0000016,None,transfer,0,1677599730.0,,,1677599735.0,1677599735.0,1677599739.0,5047629.0,1677599735.0,1677599750.0,,,0.0,1677599750.0,1677599755.0,5.0,,0.0,15.0,5.0,4.0,19294600.0,,,poseidon,local,host-10-100-100-12.openstacklocal,pegasus::transfer,/home/poseidon/pegasus-5.1.0panorama/bin/pegasus-transfer,-n pegasus::transfer -N null -i - -R local  -L xgboost_hp_tuning_group_1 -T 2023-02-28T15:55:04+00:00 /home/poseidon/pegasus-5.1.0panorama/bin/../bin/pegasus-transfer  --threads 2,0.6,0,0,,,,,,,,,
stage_in_local_condorpool_1_0_pegasus-plan_ID0000016,None,transfer,0,1677599730.0,,,1677599735.0,1677599735.0,1677599739.0,794.0,1677599735.0,1677599745.0,,,0.0,1677599745.0,1677599750.0,5.0,,0.0,10.0,5.0,4.0,2874.0,,,poseidon,local,host-10-100-100-12.openstacklocal,pegasus::transfer,/home/poseidon/pegasus-5.1.0panorama/bin/pegasus-transfer,-n pegasus::transfer -N null -i - -R local  -L xgboost_hp_tuning_group_1 -T 2023-02-28T15:55:04+00:00 /home/poseidon/pegasus-5.1.0panorama/bin/../bin/pegasus-transfer  --threads 2,0.4,0,0,,,,,,,,,
xgboost_hp_tuning_ID0000008_pegasus-plan_ID0000012,cpu_3,compute,0,1677599760.0,,,1677599765.0,1677599733.0,1677599749.0,51424012.0,1677599781.0,1677599855.0,1677599793.0,1677599797.0,254.0,1677599855.0,1677599860.0,5.0,,16.0,74.0,5.0,16.0,502672266.0,4.0,1059.0,poseidon,condorpool,poseidon-worker-1-container-40-47,xgboost_hp_tuning,/srv/xgboost_hp_tuning,,127.6,0,0,0.1,157979016.0,40.0,3342.0,2.0,95.6,2.8,5265967.2,4.0
xgboost_hp_tuning_ID0000020_pegasus-plan_ID0000012,cpu_3,compute,0,1677599760.0,,,1677599765.0,1677599732.0,1677599749.0,51636703.0,1677599781.0,1677599840.0,1677599778.0,1677599782.0,259.0,1677599840.0,1677599845.0,5.0,,16.0,59.0,5.0,17.0,502672266.0,4.0,1063.0,poseidon,condorpool,poseidon-worker-3-container-0-7,xgboost_hp_tuning,/srv/xgboost_hp_tuning,,81.2,0,0,0.0,157971884.0,40.0,3322.0,2.0,68.0,3.2,7898594.2,4.0
xgboost_hp_tuning_ID0000021_pegasus-plan_ID0000012,cpu_3,compute,0,1677599760.0,,,1677599765.0,1677599732.0,1677599749.0,51643047.3,1677599781.0,1677599840.0,1677599776.0,1677599780.0,256.0,1677599840.0,1677599845.0,5.0,,16.0,59.0,5.0,17.0,502672266.0,4.0,1059.0,poseidon,condorpool,poseidon-worker-3-container-24-31,xgboost_hp_tuning,/srv/xgboost_hp_tuning,,72.0,0,0,0.0,157973336.0,40.0,3325.0,2.0,67.5,3.2,7898666.8,4.0
xgboost_hp_tuning_ID0000010_pegasus-plan_ID0000012,cpu_3,compute,0,1677599760.0,,,1677599765.0,1677599733.0,1677599749.0,51466280.3,1677599781.0,1677599840.0,1677599779.0,1677599783.0,256.0,1677599840.0,1677599845.0,5.0,,16.0,59.0,5.0,16.0,502672266.0,4.0,1050.0,poseidon,condorpool,poseidon-worker-2-container-40-47,xgboost_hp_tuning,/srv/xgboost_hp_tuning,,80.1,0,0,0.1,157975212.0,40.0,3327.0,2.0,66.2,3.0,7898760.6,4.0
xgboost_hp_tuning_ID0000022_pegasus-plan_ID0000012,cpu_3,compute,0,1677599760.0,,,1677599765.0,1677599733.0,1677599749.0,51484824.7,1677599781.0,1677599840.0,1677599775.0,1677599779.0,256.0,1677599840.0,1677599845.0,5.0,,16.0,59.0,5.0,16.0,502672266.0,4.0,1064.0,poseidon,condorpool,poseidon-worker-2-container-0-7,xgboost_hp_tuning,/srv/xgboost_hp_tuning,,69.0,0,0,0.0,157970500.0,40.0,3311.0,2.0,29.3,2.5,15797050.0,4.0
xgboost_hp_tuning_ID0000011_pegasus-plan_ID0000012,cpu_3,compute,0,1677599760.0,,,1677599765.0,1677599732.0,1677599749.0,51604927.7,1677599781.0,1677599850.0,1677599786.0,1677599790.0,255.0,1677599850.0,1677599855.0,5.0,,16.0,69.0,5.0,17.0,502672266.0,4.0,1050.0,poseidon,condorpool,poseidon-worker-3-container-40-47,xgboost_hp_tuning,/srv/xgboost_hp_tuning,,102.9,0,0,0.1,157974663.0,40.0,3334.0,2.0,98.3,3.3,5265822.1,4.0
xgboost_hp_tuning_ID0000009_pegasus-plan_ID0000012,cpu_3,compute,0,1677599760.0,,,1677599765.0,1677599733.0,1677599749.0,51230189.7,1677599781.0,1677599845.0,1677599783.0,1677599787.0,252.0,1677599845.0,1677599850.0,5.0,,16.0,64.0,5.0,16.0,502672266.0,4.0,1057.0,poseidon,condorpool,poseidon-worker-1-container-0-7,xgboost_hp_tuning,/srv/xgboost_hp_tuning,,101.3,0,0,0.0,157972640.0,40.0,3321.0,2.0,70.4,2.9,7898632.0,4.0
xgboost_hp_tuning_ID0000019_pegasus-plan_ID0000012,cpu_3,compute,0,1677599760.0,,,1677599765.0,1677599733.0,1677599749.0,51398042.0,1677599781.0,1677599845.0,1677599781.0,1677599785.0,256.0,1677599845.0,1677599850.0,5.0,,16.0,64.0,5.0,16.0,502672266.0,4.0,1059.0,poseidon,condorpool,poseidon-worker-2-container-24-31,xgboost_hp_tuning,/srv/xgboost_hp_tuning,,84.0,0,0,0.0,157972464.0,40.0,3321.0,2.0,62.8,3.0,7898623.2,4.0
xgboost_hp_tuning_ID0000007_pegasus-plan_ID0000012,cpu_3,compute,0,1677599760.0,,,1677599765.0,1677599733.0,1677599749.0,51324066.0,1677599781.0,1677599840.0,1677599779.0,1677599783.0,256.0,1677599840.0,1677599845.0,5.0,,16.0,59.0,5.0,16.0,502672266.0,4.0,1067.0,poseidon,condorpool,poseidon-worker-1-container-16-23,xgboost_hp_tuning,/srv/xgboost_hp_tuning,,84.5,0,0,0.1,157972477.0,40.0,3321.0,2.0,68.4,3.1,7898623.8,4.0
xgboost_hp_tuning_ID0000016_pegasus-plan_ID0000012,cpu_3,compute,0,1677599760.0,,,1677599765.0,1677599772.0,1677599789.0,51294720.0,1677599820.0,1677599875.0,1677599814.0,1677599818.0,252.0,1677599875.0,1677599880.0,5.0,,55.0,55.0,5.0,17.0,502672266.0,4.0,1054.0,poseidon,condorpool,poseidon-worker-1-container-24-31,xgboost_hp_tuning,/srv/xgboost_hp_tuning,,61.9,0,0,0.0,157967909.0,40.0,3305.0,2.0,28.0,2.4,15796790.9,4.0
xgboost_hp_tuning_ID0000006_pegasus-plan_ID0000012,cpu_3,compute,0,1677599760.0,,,1677599765.0,1677599771.0,1677599788.0,51534628.7,1677599819.0,1677599880.0,1677599820.0,1677599824.0,258.0,1677599880.0,1677599885.0,5.0,,54.0,61.0,5.0,17.0,502672266.0,4.0,1066.0,poseidon,condorpool,poseidon-worker-3-container-32-39,xgboost_hp_tuning,/srv/xgboost_hp_tuning,,92.6,0,0,0.1,157970663.0,40.0,3319.0,2.0,66.5,2.5,7898533.1,4.0
xgboost_hp_tuning_ID0000017_pegasus-plan_ID0000012,cpu_3,compute,0,1677599760.0,,,1677599765.0,1677599772.0,1677599789.0,51410220.3,1677599820.0,1677599895.0,1677599835.0,1677599840.0,251.0,1677599895.0,1677599900.0,5.0,,55.0,75.0,5.0,17.0,502672266.0,5.0,1053.0,poseidon,condorpool,poseidon-worker-2-container-32-39,xgboost_hp_tuning,/srv/xgboost_hp_tuning,,135.6,0,0,0.1,157982897.0,4028.0,3357.0,5.0,132.0,3.5,3949572.4,201.4
xgboost_hp_tuning_ID0000005_pegasus-plan_ID0000012,cpu_3,compute,0,1677599760.0,,,1677599765.0,1677599772.0,1677599789.0,51320542.0,1677599820.0,1677599880.0,1677599819.0,1677599823.0,255.0,1677599880.0,1677599885.0,5.0,,55.0,60.0,5.0,17.0,502672266.0,4.0,1076.0,poseidon,condorpool,poseidon-worker-2-container-8-15,xgboost_hp_tuning,/srv/xgboost_hp_tuning,,86.4,0,0,0.1,157972666.0,40.0,3321.0,2.0,70.8,2.7,7898633.3,4.0
xgboost_hp_tuning_ID0000004_pegasus-plan_ID0000012,cpu_3,compute,0,1677599760.0,,,1677599765.0,1677599789.0,1677599806.0,51427522.0,1677599837.0,1677599895.0,1677599831.0,1677599835.0,258.0,1677599895.0,1677599900.0,5.0,,72.0,58.0,5.0,17.0,502672266.0,4.0,1062.0,poseidon,condorpool,poseidon-worker-3-container-24-31,xgboost_hp_tuning,/srv/xgboost_hp_tuning,,66.8,0,0,0.0,157966027.0,40.0,3303.0,2.0,27.8,2.5,15796602.7,4.0
xgboost_hp_tuning_ID0000015_pegasus-plan_ID0000012,cpu_3,compute,0,1677599760.0,,,1677599765.0,1677599792.0,1677599808.0,51393497.0,1677599840.0,1677599905.0,1677599843.0,1677599848.0,252.0,1677599905.0,1677599910.0,5.0,,75.0,65.0,5.0,16.0,502672266.0,5.0,1053.0,poseidon,condorpool,poseidon-worker-2-container-40-47,xgboost_hp_tuning,/srv/xgboost_hp_tuning,,98.0,0,0,0.1,157972555.0,40.0,3321.0,2.0,64.9,2.5,7898627.8,4.0
xgboost_hp_tuning_ID0000003_pegasus-plan_ID0000012,cpu_3,compute,0,1677599760.0,,,1677599765.0,1677599794.0,1677599811.0,51344835.3,1677599842.0,1677599900.0,1677599838.0,1677599843.0,254.0,1677599900.0,1677599905.0,5.0,,77.0,58.0,5.0,17.0,502672266.0,5.0,1067.0,poseidon,condorpool,poseidon-worker-2-container-24-31,xgboost_hp_tuning,/srv/xgboost_hp_tuning,,71.3,0,0,0.1,157972558.0,40.0,3321.0,2.0,65.7,3.4,7898627.9,4.0
xgboost_hp_tuning_ID0000014_pegasus-plan_ID0000012,cpu_3,compute,0,1677599760.0,,,1677599765.0,1677599799.0,1677599816.0,51540731.3,1677599847.0,1677599915.0,1677599854.0,1677599858.0,257.0,1677599915.0,1677599920.0,5.0,,82.0,68.0,5.0,17.0,502672266.0,4.0,1054.0,poseidon,condorpool,poseidon-worker-3-container-40-47,xgboost_hp_tuning,/srv/xgboost_hp_tuning,,112.9,0,0,0.0,157974674.0,40.0,3334.0,2.0,102.9,3.3,5265822.5,4.0
xgboost_hp_tuning_ID0000002_pegasus-plan_ID0000012,None,compute,0,1677599760.0,,,1677599765.0,1677599809.0,1677599826.0,51517655.3,1677599857.0,1677599935.0,1677599872.0,1677599876.0,257.0,1677599935.0,1677599940.0,5.0,,92.0,78.0,5.0,17.0,502672266.0,4.0,1060.0,poseidon,condorpool,poseidon-worker-3-container-8-15,xgboost_hp_tuning,/srv/xgboost_hp_tuning,,225.6,0,0,0.0,157974544.0,40.0,3334.0,2.0,165.9,3.0,5265818.1,4.0
xgboost_hp_tuning_ID0000013_pegasus-plan_ID0000012,None,compute,0,1677599760.0,,,1677599765.0,1677599811.0,1677599827.0,51305228.0,1677599859.0,1677599925.0,1677599865.0,1677599869.0,250.0,1677599925.0,1677599930.0,5.0,,94.0,66.0,5.0,16.0,502672266.0,4.0,1056.0,poseidon,condorpool,poseidon-worker-2-container-16-23,xgboost_hp_tuning,/srv/xgboost_hp_tuning,,164.6,0,0,0.1,157976461.0,40.0,3336.0,2.0,156.1,3.5,5265882.0,4.0
xgboost_hp_tuning_ID0000001_pegasus-plan_ID0000012,None,compute,0,1677599760.0,,,1677599765.0,1677599823.0,1677599839.0,51507960.7,1677599871.0,1677599935.0,1677599872.0,1677599876.0,254.0,1677599935.0,1677599940.0,5.0,,106.0,64.0,5.0,16.0,502672266.0,4.0,1063.0,poseidon,condorpool,poseidon-worker-3-container-16-23,xgboost_hp_tuning,/srv/xgboost_hp_tuning,,127.7,0,0,0.0,157970769.0,40.0,3319.0,2.0,87.2,3.6,7898538.4,4.0
xgboost_hp_tuning_ID0000012_pegasus-plan_ID0000012,cpu_3,compute,0,1677599760.0,,,1677599765.0,1677599827.0,1677599844.0,51323962.3,1677599875.0,1677599935.0,1677599876.0,1677599880.0,255.0,1677599935.0,1677599940.0,5.0,,110.0,60.0,5.0,17.0,502672266.0,4.0,1050.0,poseidon,condorpool,poseidon-worker-2-container-0-7,xgboost_hp_tuning,/srv/xgboost_hp_tuning,,90.3,0,0,0.1,157972559.0,40.0,3321.0,2.0,68.9,2.7,7898628.0,4.0
xgboost_hp_tuning_ID0000023_pegasus-plan_ID0000012,cpu_3,compute,0,1677599760.0,,,1677599765.0,1677599831.0,1677599847.0,51520071.7,1677599879.0,1677599950.0,1677599889.0,1677599893.0,267.0,1677599950.0,1677599955.0,5.0,,114.0,71.0,5.0,16.0,502672266.0,4.0,1090.0,poseidon,condorpool,poseidon-worker-3-container-0-7,xgboost_hp_tuning,/srv/xgboost_hp_tuning,,127.4,0,0,0.0,157975877.0,40.0,3337.0,2.0,103.1,2.8,5265862.6,4.0
xgboost_hp_tuning_ID0000018_pegasus-plan_ID0000012,None,compute,0,1677599760.0,,,1677599765.0,1677599771.0,1677599787.0,51514896.3,1677599819.0,1677599870.0,1677599810.0,1677599814.0,252.0,1677599870.0,1677599875.0,5.0,,54.0,51.0,5.0,16.0,502672266.0,4.0,1055.0,poseidon,condorpool,poseidon-worker-3-container-16-23,xgboost_hp_tuning,/srv/xgboost_hp_tuning,,78.8,0,0,0.0,157966028.0,40.0,3303.0,2.0,41.5,3.3,15796602.8,4.0
xgboost_hp_tuning_ID0000023_pegasus-plan_ID0000016,cpu_3,compute,0,1677599760.0,,,1677599765.0,1677599832.0,1677599847.0,45683566.8,1677599880.0,1677599920.0,1677599859.0,1677599863.0,262.0,1677599920.0,1677599925.0,5.0,,115.0,40.0,5.0,15.0,377646203.0,4.0,1090.0,poseidon,condorpool,poseidon-worker-2-container-8-15,xgboost_hp_tuning,/srv/xgboost_hp_tuning,,18.2,0,0,,,,,,,,,
xgboost_hp_tuning_ID0000010_pegasus-plan_ID0000016,cpu_3,compute,0,1677599760.0,,,1677599765.0,1677599732.0,1677599748.0,45793939.2,1677599781.0,1677599820.0,1677599759.0,1677599763.0,248.0,1677599820.0,1677599825.0,5.0,,16.0,39.0,5.0,16.0,377646203.0,4.0,1048.0,poseidon,condorpool,poseidon-worker-2-container-32-39,xgboost_hp_tuning,/srv/xgboost_hp_tuning,,11.5,0,0,,,,,,,,,
xgboost_hp_tuning_ID0000001_pegasus-plan_ID0000016,cpu_3,compute,0,1677599760.0,,,1677599765.0,1677599827.0,1677599842.0,45545508.8,1677599875.0,1677599915.0,1677599853.0,1677599857.0,251.0,1677599915.0,1677599920.0,5.0,,110.0,40.0,5.0,15.0,377646203.0,4.0,1065.0,poseidon,condorpool,poseidon-worker-1-container-24-31,xgboost_hp_tuning,/srv/xgboost_hp_tuning,,12.1,0,0,,,,,,,,,
xgboost_hp_tuning_ID0000009_pegasus-plan_ID0000016,cpu_3,compute,0,1677599760.0,,,1677599765.0,1677599733.0,1677599748.0,45617194.0,1677599781.0,1677599820.0,1677599759.0,1677599763.0,251.0,1677599820.0,1677599825.0,5.0,,16.0,39.0,5.0,15.0,377646203.0,4.0,1058.0,poseidon,condorpool,poseidon-worker-2-container-8-15,xgboost_hp_tuning,/srv/xgboost_hp_tuning,,11.6,0,0,,,,,,,,,
xgboost_hp_tuning_ID0000011_pegasus-plan_ID0000016,cpu_3,compute,0,1677599760.0,,,1677599765.0,1677599732.0,1677599748.0,45864974.2,1677599781.0,1677599820.0,1677599758.0,1677599762.0,251.0,1677599820.0,1677599825.0,5.0,,16.0,39.0,5.0,16.0,377646203.0,4.0,1047.0,poseidon,condorpool,poseidon-worker-3-container-32-39,xgboost_hp_tuning,/srv/xgboost_hp_tuning,,12.9,0,0,,,,,,,,,
xgboost_hp_tuning_ID0000022_pegasus-plan_ID0000016,None,compute,0,1677599760.0,,,1677599765.0,1677599732.0,1677599748.0,45871380.5,1677599781.0,1677599820.0,1677599758.0,1677599762.0,252.0,1677599820.0,1677599825.0,5.0,,16.0,39.0,5.0,16.0,377646203.0,4.0,1063.0,poseidon,condorpool,poseidon-worker-3-container-16-23,xgboost_hp_tuning,/srv/xgboost_hp_tuning,,14.6,0,0,,,,,,,,,
xgboost_hp_tuning_ID0000021_pegasus-plan_ID0000016,None,compute,0,1677599760.0,,,1677599765.0,1677599732.0,1677599748.0,45878736.8,1677599781.0,1677599820.0,1677599758.0,1677599762.0,258.0,1677599820.0,1677599825.0,5.0,,16.0,39.0,5.0,16.0,377646203.0,4.0,1062.0,poseidon,condorpool,poseidon-worker-3-container-8-15,xgboost_hp_tuning,/srv/xgboost_hp_tuning,,15.7,0,0,,,,,,,,,
xgboost_hp_tuning_ID0000020_pegasus-plan_ID0000016,None,compute,0,1677599760.0,,,1677599765.0,1677599733.0,1677599748.0,45701402.5,1677599781.0,1677599820.0,1677599759.0,1677599763.0,252.0,1677599820.0,1677599825.0,5.0,,16.0,39.0,5.0,15.0,377646203.0,4.0,1065.0,poseidon,condorpool,poseidon-worker-2-container-16-23,xgboost_hp_tuning,/srv/xgboost_hp_tuning,,17.1,0,0,,,,,,,,,
xgboost_hp_tuning_ID0000008_pegasus-plan_ID0000016,cpu_3,compute,0,1677599760.0,,,1677599765.0,1677599733.0,1677599748.0,45728514.2,1677599781.0,1677599820.0,1677599759.0,1677599763.0,252.0,1677599820.0,1677599825.0,5.0,,16.0,39.0,5.0,15.0,377646203.0,4.0,1060.0,poseidon,condorpool,poseidon-worker-1-container-32-39,xgboost_hp_tuning,/srv/xgboost_hp_tuning,,12.1,0,0,,,,,,,,,
xgboost_hp_tuning_ID0000019_pegasus-plan_ID0000016,cpu_3,compute,0,1677599760.0,,,1677599765.0,1677599733.0,1677599748.0,45685209.5,1677599781.0,1677599820.0,1677599759.0,1677599763.0,252.0,1677599820.0,1677599825.0,5.0,,16.0,39.0,5.0,15.0,377646203.0,4.0,1059.0,poseidon,condorpool,poseidon-worker-1-container-24-31,xgboost_hp_tuning,/srv/xgboost_hp_tuning,,13.1,0,0,,,,,,,,,
xgboost_hp_tuning_ID0000007_pegasus-plan_ID0000016,cpu_3,compute,0,1677599760.0,,,1677599765.0,1677599733.0,1677599748.0,45806070.8,1677599781.0,1677599820.0,1677599759.0,1677599763.0,255.0,1677599820.0,1677599825.0,5.0,,16.0,39.0,5.0,15.0,377646203.0,4.0,1065.0,poseidon,condorpool,poseidon-worker-1-container-8-15,xgboost_hp_tuning,/srv/xgboost_hp_tuning,,12.5,0,0,,,,,,,,,
xgboost_hp_tuning_ID0000012_pegasus-plan_ID0000016,cpu_3,compute,0,1677599760.0,,,1677599765.0,1677599831.0,1677599846.0,45566335.0,1677599879.0,1677599920.0,1677599856.0,1677599860.0,249.0,1677599920.0,1677599925.0,5.0,,114.0,41.0,5.0,15.0,377646203.0,4.0,1047.0,poseidon,condorpool,poseidon-worker-1-container-16-23,xgboost_hp_tuning,/srv/xgboost_hp_tuning,,10.2,0,0,,,,,,,,,
xgboost_hp_tuning_ID0000006_pegasus-plan_ID0000016,cpu_3,compute,0,1677599760.0,,,1677599765.0,1677599772.0,1677599787.0,45716904.2,1677599820.0,1677599860.0,1677599798.0,1677599802.0,257.0,1677599860.0,1677599865.0,5.0,,55.0,40.0,5.0,15.0,377646203.0,4.0,1065.0,poseidon,condorpool,poseidon-worker-1-container-8-15,xgboost_hp_tuning,/srv/xgboost_hp_tuning,,11.6,0,0,,,,,,,,,
xgboost_hp_tuning_ID0000017_pegasus-plan_ID0000016,None,compute,0,1677599760.0,,,1677599765.0,1677599772.0,1677599788.0,45656373.0,1677599820.0,1677599860.0,1677599797.0,1677599802.0,249.0,1677599860.0,1677599865.0,5.0,,55.0,40.0,5.0,16.0,377646203.0,5.0,1052.0,poseidon,condorpool,poseidon-worker-2-container-16-23,xgboost_hp_tuning,/srv/xgboost_hp_tuning,,15.0,0,0,,,,,,,,,
xgboost_hp_tuning_ID0000005_pegasus-plan_ID0000016,cpu_3,compute,0,1677599760.0,,,1677599765.0,1677599772.0,1677599788.0,45765918.5,1677599820.0,1677599860.0,1677599798.0,1677599802.0,256.0,1677599860.0,1677599865.0,5.0,,55.0,40.0,5.0,16.0,377646203.0,4.0,1078.0,poseidon,condorpool,poseidon-worker-1-container-32-39,xgboost_hp_tuning,/srv/xgboost_hp_tuning,,10.5,0,0,,,,,,,,,
xgboost_hp_tuning_ID0000016_pegasus-plan_ID0000016,cpu_3,compute,0,1677599760.0,,,1677599765.0,1677599788.0,1677599804.0,45325814.2,1677599836.0,1677599875.0,1677599814.0,1677599818.0,254.0,1677599875.0,1677599880.0,5.0,,71.0,39.0,5.0,16.0,377646203.0,4.0,1057.0,poseidon,condorpool,poseidon-worker-2-container-0-7,xgboost_hp_tuning,/srv/xgboost_hp_tuning,,11.4,0,0,,,,,,,,,
xgboost_hp_tuning_ID0000004_pegasus-plan_ID0000016,cpu_3,compute,0,1677599760.0,,,1677599765.0,1677599791.0,1677599806.0,45830404.0,1677599839.0,1677599880.0,1677599818.0,1677599822.0,258.0,1677599880.0,1677599885.0,5.0,,74.0,41.0,5.0,15.0,377646203.0,4.0,1063.0,poseidon,condorpool,poseidon-worker-3-container-0-7,xgboost_hp_tuning,/srv/xgboost_hp_tuning,,18.3,0,0,,,,,,,,,
xgboost_hp_tuning_ID0000018_pegasus-plan_ID0000016,None,compute,0,1677599760.0,,,1677599765.0,1677599771.0,1677599786.0,45844645.0,1677599819.0,1677599860.0,1677599796.0,1677599800.0,252.0,1677599860.0,1677599865.0,5.0,,54.0,41.0,5.0,15.0,377646203.0,4.0,1053.0,poseidon,condorpool,poseidon-worker-3-container-8-15,xgboost_hp_tuning,/srv/xgboost_hp_tuning,,15.5,0,0,,,,,,,,,
xgboost_hp_tuning_ID0000003_pegasus-plan_ID0000016,cpu_3,compute,0,1677599760.0,,,1677599765.0,1677599796.0,1677599811.0,45519787.2,1677599844.0,1677599885.0,1677599821.0,1677599825.0,255.0,1677599885.0,1677599890.0,5.0,,79.0,41.0,5.0,15.0,377646203.0,4.0,1068.0,poseidon,condorpool,poseidon-worker-1-container-0-7,xgboost_hp_tuning,/srv/xgboost_hp_tuning,,10.7,0,0,,,,,,,,,
xgboost_hp_tuning_ID0000014_pegasus-plan_ID0000016,cpu_3,compute,0,1677599760.0,,,1677599765.0,1677599806.0,1677599821.0,45706133.2,1677599854.0,1677599895.0,1677599833.0,1677599837.0,256.0,1677599895.0,1677599900.0,5.0,,89.0,41.0,5.0,15.0,377646203.0,4.0,1054.0,poseidon,condorpool,poseidon-worker-1-container-40-47,xgboost_hp_tuning,/srv/xgboost_hp_tuning,,18.8,0,0,,,,,,,,,
xgboost_hp_tuning_ID0000002_pegasus-plan_ID0000016,cpu_3,compute,0,1677599760.0,,,1677599765.0,1677599810.0,1677599826.0,45675526.5,1677599859.0,1677599900.0,1677599837.0,1677599841.0,253.0,1677599900.0,1677599905.0,5.0,,94.0,41.0,5.0,16.0,377646203.0,4.0,1062.0,poseidon,condorpool,poseidon-worker-1-container-8-15,xgboost_hp_tuning,/srv/xgboost_hp_tuning,,14.6,0,0,,,,,,,,,
xgboost_hp_tuning_ID0000013_pegasus-plan_ID0000016,cpu_3,compute,0,1677599760.0,,,1677599765.0,1677599811.0,1677599826.0,45694941.8,1677599859.0,1677599900.0,1677599836.0,1677599840.0,251.0,1677599900.0,1677599905.0,5.0,,94.0,41.0,5.0,15.0,377646203.0,4.0,1056.0,poseidon,condorpool,poseidon-worker-1-container-32-39,xgboost_hp_tuning,/srv/xgboost_hp_tuning,,10.6,0,0,,,,,,,,,
xgboost_hp_tuning_ID0000015_pegasus-plan_ID0000016,cpu_3,compute,0,1677599760.0,,,1677599765.0,1677599792.0,1677599808.0,45417435.0,1677599840.0,1677599880.0,1677599818.0,1677599822.0,251.0,1677599880.0,1677599885.0,5.0,,75.0,40.0,5.0,16.0,377646203.0,4.0,1056.0,poseidon,condorpool,poseidon-worker-1-container-16-23,xgboost_hp_tuning,/srv/xgboost_hp_tuning,,10.5,0,0,,,,,,,,,
xgboost_hp_tuning_ID0000001_pegasus-plan_ID0000020,cpu_3,compute,0,1677599766.0,,,1677599771.0,1677600268.0,1677600297.0,75159856.5,1677600316.0,1677600698.0,1677600637.0,1677600641.0,258.0,1677600698.0,1677600703.0,5.0,,545.0,382.0,5.0,29.0,1691153157.0,4.0,1063.0,poseidon,condorpool,poseidon-worker-1-container-8-15,xgboost_hp_tuning,/srv/xgboost_hp_tuning,,1233.0,0,0,0.1,1346572256.0,40.0,3787.0,2.0,1191.2,40.7,4080522.0,4.0
xgboost_hp_tuning_ID0000013_pegasus-plan_ID0000020,cpu_3,compute,0,1677599766.0,,,1677599771.0,1677600260.0,1677600289.0,75130903.2,1677600308.0,1677600723.0,1677600662.0,1677600666.0,254.0,1677600723.0,1677600728.0,5.0,,537.0,415.0,5.0,29.0,1691153157.0,4.0,1054.0,poseidon,condorpool,poseidon-worker-2-container-32-39,xgboost_hp_tuning,/srv/xgboost_hp_tuning,,1368.6,0,0,0.0,1346583855.0,40.0,3831.0,2.0,1299.0,55.2,3740510.7,4.0
xgboost_hp_tuning_ID0000002_pegasus-plan_ID0000020,cpu_3,compute,0,1677599766.0,,,1677599771.0,1677600258.0,1677600287.0,75286851.2,1677600306.0,1677600688.0,1677600624.0,1677600628.0,258.0,1677600688.0,1677600693.0,5.0,,535.0,382.0,5.0,29.0,1691153157.0,4.0,1063.0,poseidon,condorpool,poseidon-worker-3-container-32-39,xgboost_hp_tuning,/srv/xgboost_hp_tuning,,1167.6,0,0,0.2,1346566634.0,40.0,3769.0,2.0,1075.7,60.1,4208020.7,4.0
xgboost_hp_tuning_ID0000009_pegasus-plan_ID0000020,cpu_3,compute,0,1677599766.0,,,1677599771.0,1677599833.0,1677599862.0,75303188.7,1677599881.0,1677600307.0,1677600245.0,1677600249.0,259.0,1677600307.0,1677600312.0,5.0,,110.0,426.0,5.0,29.0,1691153157.0,4.0,1057.0,poseidon,condorpool,poseidon-worker-3-container-32-39,xgboost_hp_tuning,/srv/xgboost_hp_tuning,,1368.5,0,0,0.1,1346588380.0,40.0,3850.0,2.0,1306.2,48.6,3639428.1,4.0
xgboost_hp_tuning_ID0000014_pegasus-plan_ID0000020,None,compute,0,1677599766.0,,,1677599771.0,1677599957.0,1677599986.0,75265980.3,1677600005.0,1677600423.0,1677600362.0,1677600366.0,259.0,1677600423.0,1677600428.0,5.0,,234.0,418.0,5.0,29.0,1691153157.0,4.0,1056.0,poseidon,condorpool,poseidon-worker-3-container-8-15,xgboost_hp_tuning,/srv/xgboost_hp_tuning,,1961.4,0,0,0.0,1346581867.0,40.0,3829.0,2.0,1862.1,60.9,3740505.2,4.0
xgboost_hp_tuning_ID0000003_pegasus-plan_ID0000020,cpu_3,compute,0,1677599766.0,,,1677599771.0,1677599902.0,1677599931.0,75226566.0,1677599950.0,1677600453.0,1677600391.0,1677600395.0,262.0,1677600453.0,1677600458.0,5.0,,179.0,503.0,5.0,29.0,1691153157.0,4.0,1067.0,poseidon,condorpool,poseidon-worker-3-container-0-7,xgboost_hp_tuning,/srv/xgboost_hp_tuning,,1595.1,0,0,0.1,1346620237.0,40.0,3973.0,2.0,1510.6,83.7,2992489.4,4.0
xgboost_hp_tuning_ID0000015_pegasus-plan_ID0000020,cpu_3,compute,0,1677599766.0,,,1677599771.0,1677599889.0,1677599918.0,75148674.6,1677599937.0,1677600468.0,1677600407.0,1677600411.0,256.0,1677600468.0,1677600473.0,5.0,,166.0,531.0,5.0,29.0,1691153157.0,4.0,1054.0,poseidon,condorpool,poseidon-worker-2-container-0-7,xgboost_hp_tuning,/srv/xgboost_hp_tuning,,1610.1,0,0,0.1,1346625560.0,40.0,3996.0,2.0,1486.6,84.7,2865160.8,4.0
xgboost_hp_tuning_ID0000004_pegasus-plan_ID0000020,None,compute,0,1677599766.0,,,1677599771.0,1677599885.0,1677599914.0,75297262.9,1677599933.0,1677600372.0,1677600311.0,1677600315.0,260.0,1677600372.0,1677600377.0,5.0,,162.0,439.0,5.0,29.0,1691153157.0,4.0,1062.0,poseidon,condorpool,poseidon-worker-3-container-16-23,xgboost_hp_tuning,/srv/xgboost_hp_tuning,,2245.5,0,0,0.0,1346589665.0,40.0,3859.0,2.0,2142.1,60.3,3543657.0,4.0
xgboost_hp_tuning_ID0000016_pegasus-plan_ID0000020,None,compute,0,1677599766.0,,,1677599771.0,1677599878.0,1677599907.0,75122552.5,1677599926.0,1677600297.0,1677600232.0,1677600236.0,257.0,1677600297.0,1677600302.0,5.0,,155.0,371.0,5.0,29.0,1691153157.0,4.0,1055.0,poseidon,condorpool,poseidon-worker-2-container-16-23,xgboost_hp_tuning,/srv/xgboost_hp_tuning,,1679.9,0,0,0.1,1346564754.0,40.0,3756.0,2.0,1592.1,53.3,4343757.3,4.0
xgboost_hp_tuning_ID0000005_pegasus-plan_ID0000020,cpu_3,compute,0,1677599766.0,,,1677599771.0,1677599872.0,1677599901.0,75095650.2,1677599920.0,1677600382.0,1677600320.0,1677600324.0,259.0,1677600382.0,1677600387.0,5.0,,149.0,462.0,5.0,29.0,1691153157.0,4.0,1077.0,poseidon,condorpool,poseidon-worker-2-container-8-15,xgboost_hp_tuning,/srv/xgboost_hp_tuning,,1519.1,0,0,0.0,1346598993.0,40.0,3891.0,2.0,1422.0,62.4,3366497.5,4.0
xgboost_hp_tuning_ID0000018_pegasus-plan_ID0000020,cpu_3,compute,0,1677599766.0,,,1677599771.0,1677599866.0,1677599895.0,75223012.0,1677599914.0,1677600387.0,1677600327.0,1677600332.0,256.0,1677600387.0,1677600392.0,5.0,,143.0,473.0,5.0,29.0,1691153157.0,5.0,1055.0,poseidon,condorpool,poseidon-worker-1-container-24-31,xgboost_hp_tuning,/srv/xgboost_hp_tuning,,1535.2,0,0,0.0,1346606816.0,40.0,3921.0,2.0,1449.9,70.7,3206206.7,4.0
xgboost_hp_tuning_ID0000006_pegasus-plan_ID0000020,cpu_3,compute,0,1677599766.0,,,1677599771.0,1677599867.0,1677599896.0,75376155.8,1677599915.0,1677600417.0,1677600356.0,1677600360.0,260.0,1677600417.0,1677600423.0,5.0,,144.0,502.0,6.0,29.0,1691153157.0,4.0,1067.0,poseidon,condorpool,poseidon-worker-3-container-40-47,xgboost_hp_tuning,/srv/xgboost_hp_tuning,,1724.6,0,0,0.0,1346616406.0,40.0,3964.0,2.0,1651.2,68.6,2992480.9,4.0
xgboost_hp_tuning_ID0000012_pegasus-plan_ID0000020,cpu_3,compute,0,1677599766.0,,,1677599771.0,1677600274.0,1677600303.0,75232957.2,1677600322.0,1677600728.0,1677600664.0,1677600668.0,257.0,1677600728.0,1677600733.0,5.0,,551.0,406.0,5.0,29.0,1691153157.0,4.0,1051.0,poseidon,condorpool,poseidon-worker-3-container-24-31,xgboost_hp_tuning,/srv/xgboost_hp_tuning,,1328.6,0,0,0.0,1346578128.0,40.0,3814.0,2.0,1285.2,37.7,3847366.1,4.0
xgboost_hp_tuning_ID0000019_pegasus-plan_ID0000020,cpu_3,compute,0,1677599766.0,,,1677599771.0,1677599851.0,1677599881.0,75186054.5,1677599899.0,1677600553.0,1677600490.0,1677600494.0,256.0,1677600553.0,1677600558.0,5.0,,128.0,654.0,5.0,30.0,1691153157.0,4.0,1060.0,poseidon,condorpool,poseidon-worker-2-container-24-31,xgboost_hp_tuning,/srv/xgboost_hp_tuning,,2347.0,0,0,0.0,1346671653.0,40.0,4176.0,2.0,2242.3,62.8,2282494.3,4.0
xgboost_hp_tuning_ID0000008_pegasus-plan_ID0000020,cpu_3,compute,0,1677599766.0,,,1677599771.0,1677599850.0,1677599879.0,75100984.1,1677599898.0,1677600317.0,1677600254.0,1677600259.0,255.0,1677600317.0,1677600322.0,5.0,,127.0,419.0,5.0,29.0,1691153157.0,5.0,1058.0,poseidon,condorpool,poseidon-worker-1-container-8-15,xgboost_hp_tuning,/srv/xgboost_hp_tuning,,1346.0,0,0,0.1,1346583706.0,40.0,3832.0,2.0,1272.1,48.9,3740510.3,4.0
xgboost_hp_tuning_ID0000020_pegasus-plan_ID0000020,cpu_3,compute,0,1677599766.0,,,1677599771.0,1677599849.0,1677599878.0,75024559.1,1677599897.0,1677600292.0,1677600229.0,1677600233.0,258.0,1677600292.0,1677600297.0,5.0,,126.0,395.0,5.0,29.0,1691153157.0,4.0,1061.0,poseidon,condorpool,poseidon-worker-1-container-32-39,xgboost_hp_tuning,/srv/xgboost_hp_tuning,,1255.0,0,0,0.0,1346576138.0,40.0,3802.0,2.0,1209.9,40.0,3960518.1,4.0
xgboost_hp_tuning_ID0000021_pegasus-plan_ID0000020,cpu_3,compute,0,1677599766.0,,,1677599771.0,1677599848.0,1677599878.0,75235806.2,1677599897.0,1677600307.0,1677600247.0,1677600251.0,260.0,1677600307.0,1677600312.0,5.0,,126.0,410.0,5.0,30.0,1691153157.0,4.0,1064.0,poseidon,condorpool,poseidon-worker-2-container-32-39,xgboost_hp_tuning,/srv/xgboost_hp_tuning,,1254.2,0,0,0.1,1346581242.0,40.0,3820.0,2.0,1167.1,43.4,3847375.0,4.0
xgboost_hp_tuning_ID0000010_pegasus-plan_ID0000020,cpu_3,compute,0,1677599766.0,,,1677599771.0,1677599846.0,1677599875.0,75136836.8,1677599894.0,1677600352.0,1677600289.0,1677600293.0,252.0,1677600352.0,1677600357.0,5.0,,123.0,458.0,5.0,29.0,1691153157.0,4.0,1050.0,poseidon,condorpool,poseidon-worker-1-container-40-47,xgboost_hp_tuning,/srv/xgboost_hp_tuning,,1378.2,0,0,0.1,1346598951.0,40.0,3891.0,2.0,1288.3,70.5,3366497.4,4.0
xgboost_hp_tuning_ID0000022_pegasus-plan_ID0000020,cpu_3,compute,0,1677599766.0,,,1677599771.0,1677599844.0,1677599873.0,75358814.9,1677599892.0,1677600322.0,1677600261.0,1677600265.0,257.0,1677600322.0,1677600327.0,5.0,,121.0,430.0,5.0,29.0,1691153157.0,4.0,1061.0,poseidon,condorpool,poseidon-worker-3-container-24-31,xgboost_hp_tuning,/srv/xgboost_hp_tuning,,1380.9,0,0,0.0,1346585537.0,40.0,3844.0,2.0,1297.2,45.9,3639420.4,4.0
xgboost_hp_tuning_ID0000011_pegasus-plan_ID0000020,cpu_3,compute,0,1677599766.0,,,1677599771.0,1677599834.0,1677599864.0,75126324.8,1677599882.0,1677600418.0,1677600357.0,1677600361.0,252.0,1677600418.0,1677600423.0,5.0,,111.0,536.0,5.0,30.0,1691153157.0,4.0,1048.0,poseidon,condorpool,poseidon-worker-1-container-0-7,xgboost_hp_tuning,/srv/xgboost_hp_tuning,,1529.7,0,0,0.1,1346629490.0,40.0,4011.0,2.0,1426.9,89.7,2805478.1,4.0
xgboost_hp_tuning_ID0000023_pegasus-plan_ID0000020,cpu_3,compute,0,1677599766.0,,,1677599771.0,1677600282.0,1677600311.0,74711183.9,1677600330.0,1677600743.0,1677600680.0,1677600684.0,262.0,1677600743.0,1677600748.0,5.0,,559.0,413.0,5.0,29.0,1691153157.0,4.0,1090.0,poseidon,condorpool,poseidon-worker-1-container-32-39,xgboost_hp_tuning,/srv/xgboost_hp_tuning,,1368.5,0,0,0.0,1346580040.0,40.0,3817.0,2.0,1283.9,47.4,3847371.5,4.0
xgboost_hp_tuning_ID0000017_pegasus-plan_ID0000020,cpu_3,compute,0,1677599766.0,,,1677599771.0,1677599869.0,1677599899.0,74945120.1,1677599917.0,1677600423.0,1677600358.0,1677600362.0,256.0,1677600423.0,1677600428.0,5.0,,146.0,506.0,5.0,30.0,1691153157.0,4.0,1056.0,poseidon,condorpool,poseidon-worker-1-container-16-23,xgboost_hp_tuning,/srv/xgboost_hp_tuning,,1704.1,0,0,0.1,1346614537.0,40.0,3951.0,2.0,1599.1,63.6,3060487.6,4.0
xgboost_hp_tuning_ID0000007_pegasus-plan_ID0000020,cpu_3,compute,0,1677599766.0,,,1677599771.0,1677599856.0,1677599886.0,75179675.0,1677599905.0,1677600372.0,1677600310.0,1677600314.0,260.0,1677600372.0,1677600377.0,5.0,,134.0,467.0,5.0,30.0,1691153157.0,4.0,1067.0,poseidon,condorpool,poseidon-worker-2-container-40-47,xgboost_hp_tuning,/srv/xgboost_hp_tuning,,1534.8,0,0,0.1,1346604225.0,40.0,3909.0,2.0,1460.8,53.2,3284400.5,4.0
stage_out_local_condorpool_0_2_pegasus-plan_ID0000016,None,transfer,0,1677599920.0,,,1677599925.0,,,0.0,1677599925.0,1677599935.0,1677599925.0,1677599929.0,1840.0,1677599935.0,1677599940.0,5.0,,0.0,10.0,5.0,,,4.0,7427.0,poseidon,local,host-10-100-100-12.openstacklocal,pegasus::transfer,/home/poseidon/pegasus-5.1.0panorama/bin/pegasus-transfer,/home/poseidon/pegasus-5.1.0panorama/bin/../bin/pegasus-kickstart  -n pegasus::transfer -N null -i - -R local  -L xgboost_hp_tuning_group_1 -T 2023-02-28T15:55:04+00:00 /home/poseidon/pegasus-5.1.0panorama/bin/../bin/pegasus-transfer  --threads 2,1.0,0,0,,,,,,,,,
stage_out_local_condorpool_0_1_pegasus-plan_ID0000016,None,transfer,0,1677599925.0,,,1677599930.0,,,0.0,1677599930.0,1677599940.0,1677599930.0,1677599934.0,2108.0,1677599940.0,1677599945.0,5.0,,0.0,10.0,5.0,,,4.0,8504.0,poseidon,local,host-10-100-100-12.openstacklocal,pegasus::transfer,/home/poseidon/pegasus-5.1.0panorama/bin/pegasus-transfer,/home/poseidon/pegasus-5.1.0panorama/bin/../bin/pegasus-kickstart  -n pegasus::transfer -N null -i - -R local  -L xgboost_hp_tuning_group_1 -T 2023-02-28T15:55:04+00:00 /home/poseidon/pegasus-5.1.0panorama/bin/../bin/pegasus-transfer  --threads 2,1.1,0,0,,,,,,,,,
xgboost_best_params_ID0000024_pegasus-plan_ID0000016,None,compute,0,1677599925.0,,,1677599930.0,1677599885.0,1677599901.0,39897479.0,1677599933.0,1677599970.0,1677599908.0,1677599912.0,254.0,1677599970.0,1677599975.0,5.0,,3.0,37.0,5.0,16.0,368018662.0,4.0,1062.0,poseidon,condorpool,poseidon-worker-3-container-8-15,xgboost_best_params,/srv/xgboost_best_params,,0.0,0,0,,,,,,,,,
stage_out_local_condorpool_0_0_pegasus-plan_ID0000016,None,transfer,0,1677599925.0,,,1677599930.0,,,0.0,1677599930.0,1677599940.0,1677599930.0,1677599934.0,2099.0,1677599940.0,1677599945.0,5.0,,0.0,10.0,5.0,,,4.0,8462.0,poseidon,local,host-10-100-100-12.openstacklocal,pegasus::transfer,/home/poseidon/pegasus-5.1.0panorama/bin/pegasus-transfer,/home/poseidon/pegasus-5.1.0panorama/bin/../bin/pegasus-kickstart  -n pegasus::transfer -N null -i - -R local  -L xgboost_hp_tuning_group_1 -T 2023-02-28T15:55:04+00:00 /home/poseidon/pegasus-5.1.0panorama/bin/../bin/pegasus-transfer  --threads 2,1.2,0,0,,,,,,,,,
stage_out_local_condorpool_0_0_pegasus-plan_ID0000012,None,transfer,0,1677599940.0,,,1677599945.0,,,0.0,1677599945.0,1677599955.0,1677599945.0,1677599949.0,2097.0,1677599955.0,1677599960.0,5.0,,0.0,10.0,5.0,,,4.0,8460.0,poseidon,local,host-10-100-100-12.openstacklocal,pegasus::transfer,/home/poseidon/pegasus-5.1.0panorama/bin/pegasus-transfer,/home/poseidon/pegasus-5.1.0panorama/bin/../bin/pegasus-kickstart  -n pegasus::transfer -N null -i - -R local  -L xgboost_hp_tuning_group_0 -T 2023-02-28T15:55:04+00:00 /home/poseidon/pegasus-5.1.0panorama/bin/../bin/pegasus-transfer  --threads 2,1.2,0,0,,,,,,,,,
stage_out_local_condorpool_0_2_pegasus-plan_ID0000012,None,transfer,0,1677599940.0,,,1677599945.0,,,0.0,1677599945.0,1677599955.0,1677599945.0,1677599949.0,1841.0,1677599955.0,1677599960.0,5.0,,0.0,10.0,5.0,,,4.0,7426.0,poseidon,local,host-10-100-100-12.openstacklocal,pegasus::transfer,/home/poseidon/pegasus-5.1.0panorama/bin/pegasus-transfer,/home/poseidon/pegasus-5.1.0panorama/bin/../bin/pegasus-kickstart  -n pegasus::transfer -N null -i - -R local  -L xgboost_hp_tuning_group_0 -T 2023-02-28T15:55:04+00:00 /home/poseidon/pegasus-5.1.0panorama/bin/../bin/pegasus-transfer  --threads 2,1.0,0,0,,,,,,,,,
register_condorpool_0_2_pegasus-plan_ID0000016,None,auxiliary,0,1677599940.0,,,1677599945.0,,,0.0,1677599950.0,1677599955.0,,,0.0,1677599955.0,1677599960.0,5.0,,5.0,5.0,5.0,,,,,poseidon,local,host-10-100-100-12.openstacklocal,pegasus::rc-client,/home/poseidon/pegasus-5.1.0panorama/bin/pegasus-rc-client,"-n pegasus::rc-client -N null -R local  -L xgboost_hp_tuning_group_1 -T 2023-02-28T15:55:04+00:00 /home/poseidon/pegasus-5.1.0panorama/bin/pegasus-rc-client --prefix pegasus.catalog.replica.output --conf /home/poseidon/workflows/predict-future-sales-workflow/submit/poseidon/pegasus/predict-future-sales/run0298/00/00/./xgboost_hp_tuning_group_1.000/pegasus.11438210121618664619.properties -v --meta /home/poseidon/workflows/predict-future-sales-workflow/submit/poseidon/pegasus/predict-future-sales/run0298/00/00/./xgboost_hp_tuning_group_1.000/00/00/xgboost_hp_tuning_ID0000017.meta,/home/poseidon/workflows/predict-future-sales-workflow/submit/poseidon/pegasus/predict-future-sales/run0298/00/00/./xgboost_hp_tuning_group_1.000/00/00/xgboost_hp_tuning_ID0000022.meta,/home/poseidon/workflows/predict-future-sales-workflow/submit/poseidon/pegasus/predict-future-sales/run0298/00/00/./xgboost_hp_tuning_group_1.000/00/00/xgboost_hp_tuning_ID0000007.meta,/home/poseidon/workflows/predict-future-sales-workflow/submit/poseidon/pegasus/predict-future-sales/run0298/00/00/./xgboost_hp_tuning_group_1.000/00/00/xgboost_hp_tuning_ID0000020.meta,/home/poseidon/workflows/predict-future-sales-workflow/submit/poseidon/pegasus/predict-future-sales/run0298/00/00/./xgboost_hp_tuning_group_1.000/00/00/xgboost_hp_tuning_ID0000001.meta,/home/poseidon/workflows/predict-future-sales-workflow/submit/poseidon/pegasus/predict-future-sales/run0298/00/00/./xgboost_hp_tuning_group_1.000/00/00/xgboost_hp_tuning_ID0000004.meta,/home/poseidon/workflows/predict-future-sales-workflow/submit/poseidon/pegasus/predict-future-sales/run0298/00/00/./xgboost_hp_tuning_group_1.000/00/00/xgboost_hp_tuning_ID0000014.meta --insert /home/poseidon/workflows/predict-future-sales-workflow/submit/poseidon/pegasus/predict-future-sales/run0298/00/00/./xgboost_hp_tuning_group_1.000/00/00/register_condorpool_0_2.in",3.1,0,0,,,,,,,,,
register_condorpool_0_1_pegasus-plan_ID0000016,None,auxiliary,0,1677599945.0,,,1677599970.0,,,0.0,1677599971.0,1677599975.0,,,0.0,1677599975.0,1677599980.0,25.0,,1.0,4.0,5.0,,,,,poseidon,local,host-10-100-100-12.openstacklocal,pegasus::rc-client,/home/poseidon/pegasus-5.1.0panorama/bin/pegasus-rc-client,"-n pegasus::rc-client -N null -R local  -L xgboost_hp_tuning_group_1 -T 2023-02-28T15:55:04+00:00 /home/poseidon/pegasus-5.1.0panorama/bin/pegasus-rc-client --prefix pegasus.catalog.replica.output --conf /home/poseidon/workflows/predict-future-sales-workflow/submit/poseidon/pegasus/predict-future-sales/run0298/00/00/./xgboost_hp_tuning_group_1.000/pegasus.11438210121618664619.properties -v --meta /home/poseidon/workflows/predict-future-sales-workflow/submit/poseidon/pegasus/predict-future-sales/run0298/00/00/./xgboost_hp_tuning_group_1.000/00/00/xgboost_hp_tuning_ID0000013.meta,/home/poseidon/workflows/predict-future-sales-workflow/submit/poseidon/pegasus/predict-future-sales/run0298/00/00/./xgboost_hp_tuning_group_1.000/00/00/xgboost_hp_tuning_ID0000023.meta,/home/poseidon/workflows/predict-future-sales-workflow/submit/poseidon/pegasus/predict-future-sales/run0298/00/00/./xgboost_hp_tuning_group_1.000/00/00/xgboost_hp_tuning_ID0000011.meta,/home/poseidon/workflows/predict-future-sales-workflow/submit/poseidon/pegasus/predict-future-sales/run0298/00/00/./xgboost_hp_tuning_group_1.000/00/00/xgboost_hp_tuning_ID0000006.meta,/home/poseidon/workflows/predict-future-sales-workflow/submit/poseidon/pegasus/predict-future-sales/run0298/00/00/./xgboost_hp_tuning_group_1.000/00/00/xgboost_hp_tuning_ID0000003.meta,/home/poseidon/workflows/predict-future-sales-workflow/submit/poseidon/pegasus/predict-future-sales/run0298/00/00/./xgboost_hp_tuning_group_1.000/00/00/xgboost_hp_tuning_ID0000021.meta,/home/poseidon/workflows/predict-future-sales-workflow/submit/poseidon/pegasus/predict-future-sales/run0298/00/00/./xgboost_hp_tuning_group_1.000/00/00/xgboost_hp_tuning_ID0000019.meta,/home/poseidon/workflows/predict-future-sales-workflow/submit/poseidon/pegasus/predict-future-sales/run0298/00/00/./xgboost_hp_tuning_group_1.000/00/00/xgboost_hp_tuning_ID0000016.meta --insert /home/poseidon/workflows/predict-future-sales-workflow/submit/poseidon/pegasus/predict-future-sales/run0298/00/00/./xgboost_hp_tuning_group_1.000/00/00/register_condorpool_0_1.in",3.1,0,0,,,,,,,,,
register_condorpool_0_0_pegasus-plan_ID0000016,None,auxiliary,0,1677599945.0,,,1677599960.0,,,0.0,1677599960.0,1677599965.0,,,0.0,1677599965.0,1677599970.0,15.0,,0.0,5.0,5.0,,,,,poseidon,local,host-10-100-100-12.openstacklocal,pegasus::rc-client,/home/poseidon/pegasus-5.1.0panorama/bin/pegasus-rc-client,"-n pegasus::rc-client -N null -R local  -L xgboost_hp_tuning_group_1 -T 2023-02-28T15:55:04+00:00 /home/poseidon/pegasus-5.1.0panorama/bin/pegasus-rc-client --prefix pegasus.catalog.replica.output --conf /home/poseidon/workflows/predict-future-sales-workflow/submit/poseidon/pegasus/predict-future-sales/run0298/00/00/./xgboost_hp_tuning_group_1.000/pegasus.11438210121618664619.properties -v --meta /home/poseidon/workflows/predict-future-sales-workflow/submit/poseidon/pegasus/predict-future-sales/run0298/00/00/./xgboost_hp_tuning_group_1.000/00/00/xgboost_hp_tuning_ID0000018.meta,/home/poseidon/workflows/predict-future-sales-workflow/submit/poseidon/pegasus/predict-future-sales/run0298/00/00/./xgboost_hp_tuning_group_1.000/00/00/xgboost_hp_tuning_ID0000002.meta,/home/poseidon/workflows/predict-future-sales-workflow/submit/poseidon/pegasus/predict-future-sales/run0298/00/00/./xgboost_hp_tuning_group_1.000/00/00/xgboost_hp_tuning_ID0000005.meta,/home/poseidon/workflows/predict-future-sales-workflow/submit/poseidon/pegasus/predict-future-sales/run0298/00/00/./xgboost_hp_tuning_group_1.000/00/00/xgboost_hp_tuning_ID0000009.meta,/home/poseidon/workflows/predict-future-sales-workflow/submit/poseidon/pegasus/predict-future-sales/run0298/00/00/./xgboost_hp_tuning_group_1.000/00/00/xgboost_hp_tuning_ID0000015.meta,/home/poseidon/workflows/predict-future-sales-workflow/submit/poseidon/pegasus/predict-future-sales/run0298/00/00/./xgboost_hp_tuning_group_1.000/00/00/xgboost_hp_tuning_ID0000012.meta,/home/poseidon/workflows/predict-future-sales-workflow/submit/poseidon/pegasus/predict-future-sales/run0298/00/00/./xgboost_hp_tuning_group_1.000/00/00/xgboost_hp_tuning_ID0000010.meta,/home/poseidon/workflows/predict-future-sales-workflow/submit/poseidon/pegasus/predict-future-sales/run0298/00/00/./xgboost_hp_tuning_group_1.000/00/00/xgboost_hp_tuning_ID0000008.meta --insert /home/poseidon/workflows/predict-future-sales-workflow/submit/poseidon/pegasus/predict-future-sales/run0298/00/00/./xgboost_hp_tuning_group_1.000/00/00/register_condorpool_0_0.in",3.0,0,0,,,,,,,,,
xgboost_best_params_ID0000024_pegasus-plan_ID0000012,None,compute,0,1677599955.0,,,1677599960.0,1677599921.0,1677599938.0,39866969.0,1677599969.0,1677600005.0,1677599944.0,1677599948.0,262.0,1677600005.0,1677600010.0,5.0,,9.0,36.0,5.0,17.0,368018656.0,4.0,1076.0,poseidon,condorpool,poseidon-worker-3-container-8-15,xgboost_best_params,/srv/xgboost_best_params,,0.0,0,0,,,,,,,,,
stage_out_local_condorpool_0_1_pegasus-plan_ID0000012,None,transfer,0,1677599955.0,,,1677599960.0,,,0.0,1677599961.0,1677599975.0,1677599962.0,1677599966.0,2107.0,1677599975.0,1677599980.0,5.0,,1.0,14.0,5.0,,,4.0,8501.0,poseidon,local,host-10-100-100-12.openstacklocal,pegasus::transfer,/home/poseidon/pegasus-5.1.0panorama/bin/pegasus-transfer,/home/poseidon/pegasus-5.1.0panorama/bin/../bin/pegasus-kickstart  -n pegasus::transfer -N null -i - -R local  -L xgboost_hp_tuning_group_0 -T 2023-02-28T15:55:04+00:00 /home/poseidon/pegasus-5.1.0panorama/bin/../bin/pegasus-transfer  --threads 2,1.1,0,0,,,,,,,,,
register_condorpool_0_0_pegasus-plan_ID0000012,None,auxiliary,0,1677599960.0,,,1677599980.0,,,0.0,1677599981.0,1677599985.0,,,0.0,1677599985.0,1677599990.0,20.0,,1.0,4.0,5.0,,,,,poseidon,local,host-10-100-100-12.openstacklocal,pegasus::rc-client,/home/poseidon/pegasus-5.1.0panorama/bin/pegasus-rc-client,"-n pegasus::rc-client -N null -R local  -L xgboost_hp_tuning_group_0 -T 2023-02-28T15:55:04+00:00 /home/poseidon/pegasus-5.1.0panorama/bin/pegasus-rc-client --prefix pegasus.catalog.replica.output --conf /home/poseidon/workflows/predict-future-sales-workflow/submit/poseidon/pegasus/predict-future-sales/run0298/00/00/./xgboost_hp_tuning_group_0.000/pegasus.13472924866966451798.properties -v --meta /home/poseidon/workflows/predict-future-sales-workflow/submit/poseidon/pegasus/predict-future-sales/run0298/00/00/./xgboost_hp_tuning_group_0.000/00/00/xgboost_hp_tuning_ID0000018.meta,/home/poseidon/workflows/predict-future-sales-workflow/submit/poseidon/pegasus/predict-future-sales/run0298/00/00/./xgboost_hp_tuning_group_0.000/00/00/xgboost_hp_tuning_ID0000002.meta,/home/poseidon/workflows/predict-future-sales-workflow/submit/poseidon/pegasus/predict-future-sales/run0298/00/00/./xgboost_hp_tuning_group_0.000/00/00/xgboost_hp_tuning_ID0000005.meta,/home/poseidon/workflows/predict-future-sales-workflow/submit/poseidon/pegasus/predict-future-sales/run0298/00/00/./xgboost_hp_tuning_group_0.000/00/00/xgboost_hp_tuning_ID0000009.meta,/home/poseidon/workflows/predict-future-sales-workflow/submit/poseidon/pegasus/predict-future-sales/run0298/00/00/./xgboost_hp_tuning_group_0.000/00/00/xgboost_hp_tuning_ID0000015.meta,/home/poseidon/workflows/predict-future-sales-workflow/submit/poseidon/pegasus/predict-future-sales/run0298/00/00/./xgboost_hp_tuning_group_0.000/00/00/xgboost_hp_tuning_ID0000012.meta,/home/poseidon/workflows/predict-future-sales-workflow/submit/poseidon/pegasus/predict-future-sales/run0298/00/00/./xgboost_hp_tuning_group_0.000/00/00/xgboost_hp_tuning_ID0000010.meta,/home/poseidon/workflows/predict-future-sales-workflow/submit/poseidon/pegasus/predict-future-sales/run0298/00/00/./xgboost_hp_tuning_group_0.000/00/00/xgboost_hp_tuning_ID0000008.meta --insert /home/poseidon/workflows/predict-future-sales-workflow/submit/poseidon/pegasus/predict-future-sales/run0298/00/00/./xgboost_hp_tuning_group_0.000/00/00/register_condorpool_0_0.in",3.2,0,0,,,,,,,,,
register_condorpool_0_2_pegasus-plan_ID0000012,None,auxiliary,0,1677599960.0,,,1677599965.0,,,0.0,1677599970.0,1677599975.0,,,0.0,1677599975.0,1677599980.0,5.0,,5.0,5.0,5.0,,,,,poseidon,local,host-10-100-100-12.openstacklocal,pegasus::rc-client,/home/poseidon/pegasus-5.1.0panorama/bin/pegasus-rc-client,"-n pegasus::rc-client -N null -R local  -L xgboost_hp_tuning_group_0 -T 2023-02-28T15:55:04+00:00 /home/poseidon/pegasus-5.1.0panorama/bin/pegasus-rc-client --prefix pegasus.catalog.replica.output --conf /home/poseidon/workflows/predict-future-sales-workflow/submit/poseidon/pegasus/predict-future-sales/run0298/00/00/./xgboost_hp_tuning_group_0.000/pegasus.13472924866966451798.properties -v --meta /home/poseidon/workflows/predict-future-sales-workflow/submit/poseidon/pegasus/predict-future-sales/run0298/00/00/./xgboost_hp_tuning_group_0.000/00/00/xgboost_hp_tuning_ID0000017.meta,/home/poseidon/workflows/predict-future-sales-workflow/submit/poseidon/pegasus/predict-future-sales/run0298/00/00/./xgboost_hp_tuning_group_0.000/00/00/xgboost_hp_tuning_ID0000022.meta,/home/poseidon/workflows/predict-future-sales-workflow/submit/poseidon/pegasus/predict-future-sales/run0298/00/00/./xgboost_hp_tuning_group_0.000/00/00/xgboost_hp_tuning_ID0000007.meta,/home/poseidon/workflows/predict-future-sales-workflow/submit/poseidon/pegasus/predict-future-sales/run0298/00/00/./xgboost_hp_tuning_group_0.000/00/00/xgboost_hp_tuning_ID0000020.meta,/home/poseidon/workflows/predict-future-sales-workflow/submit/poseidon/pegasus/predict-future-sales/run0298/00/00/./xgboost_hp_tuning_group_0.000/00/00/xgboost_hp_tuning_ID0000001.meta,/home/poseidon/workflows/predict-future-sales-workflow/submit/poseidon/pegasus/predict-future-sales/run0298/00/00/./xgboost_hp_tuning_group_0.000/00/00/xgboost_hp_tuning_ID0000004.meta,/home/poseidon/workflows/predict-future-sales-workflow/submit/poseidon/pegasus/predict-future-sales/run0298/00/00/./xgboost_hp_tuning_group_0.000/00/00/xgboost_hp_tuning_ID0000014.meta --insert /home/poseidon/workflows/predict-future-sales-workflow/submit/poseidon/pegasus/predict-future-sales/run0298/00/00/./xgboost_hp_tuning_group_0.000/00/00/register_condorpool_0_2.in",3.1,0,0,,,,,,,,,
stage_out_local_condorpool_1_0_pegasus-plan_ID0000016,None,transfer,0,1677599975.0,,,1677599980.0,,,0.0,1677599981.0,1677599995.0,1677599982.0,1677599986.0,1215.0,1677599995.0,1677600000.0,5.0,,1.0,14.0,5.0,,,4.0,5310.0,poseidon,local,host-10-100-100-12.openstacklocal,pegasus::transfer,/home/poseidon/pegasus-5.1.0panorama/bin/pegasus-transfer,/home/poseidon/pegasus-5.1.0panorama/bin/../bin/pegasus-kickstart  -n pegasus::transfer -N null -i - -R local  -L xgboost_hp_tuning_group_1 -T 2023-02-28T15:55:04+00:00 /home/poseidon/pegasus-5.1.0panorama/bin/../bin/pegasus-transfer  --threads 2,0.7,0,0,,,,,,,,,
register_condorpool_0_1_pegasus-plan_ID0000012,None,auxiliary,0,1677599980.0,,,1677599990.0,,,0.0,1677599990.0,1677599995.0,,,0.0,1677599995.0,1677600000.0,10.0,,0.0,5.0,5.0,,,,,poseidon,local,host-10-100-100-12.openstacklocal,pegasus::rc-client,/home/poseidon/pegasus-5.1.0panorama/bin/pegasus-rc-client,"-n pegasus::rc-client -N null -R local  -L xgboost_hp_tuning_group_0 -T 2023-02-28T15:55:04+00:00 /home/poseidon/pegasus-5.1.0panorama/bin/pegasus-rc-client --prefix pegasus.catalog.replica.output --conf /home/poseidon/workflows/predict-future-sales-workflow/submit/poseidon/pegasus/predict-future-sales/run0298/00/00/./xgboost_hp_tuning_group_0.000/pegasus.13472924866966451798.properties -v --meta /home/poseidon/workflows/predict-future-sales-workflow/submit/poseidon/pegasus/predict-future-sales/run0298/00/00/./xgboost_hp_tuning_group_0.000/00/00/xgboost_hp_tuning_ID0000013.meta,/home/poseidon/workflows/predict-future-sales-workflow/submit/poseidon/pegasus/predict-future-sales/run0298/00/00/./xgboost_hp_tuning_group_0.000/00/00/xgboost_hp_tuning_ID0000023.meta,/home/poseidon/workflows/predict-future-sales-workflow/submit/poseidon/pegasus/predict-future-sales/run0298/00/00/./xgboost_hp_tuning_group_0.000/00/00/xgboost_hp_tuning_ID0000011.meta,/home/poseidon/workflows/predict-future-sales-workflow/submit/poseidon/pegasus/predict-future-sales/run0298/00/00/./xgboost_hp_tuning_group_0.000/00/00/xgboost_hp_tuning_ID0000006.meta,/home/poseidon/workflows/predict-future-sales-workflow/submit/poseidon/pegasus/predict-future-sales/run0298/00/00/./xgboost_hp_tuning_group_0.000/00/00/xgboost_hp_tuning_ID0000003.meta,/home/poseidon/workflows/predict-future-sales-workflow/submit/poseidon/pegasus/predict-future-sales/run0298/00/00/./xgboost_hp_tuning_group_0.000/00/00/xgboost_hp_tuning_ID0000021.meta,/home/poseidon/workflows/predict-future-sales-workflow/submit/poseidon/pegasus/predict-future-sales/run0298/00/00/./xgboost_hp_tuning_group_0.000/00/00/xgboost_hp_tuning_ID0000019.meta,/home/poseidon/workflows/predict-future-sales-workflow/submit/poseidon/pegasus/predict-future-sales/run0298/00/00/./xgboost_hp_tuning_group_0.000/00/00/xgboost_hp_tuning_ID0000016.meta --insert /home/poseidon/workflows/predict-future-sales-workflow/submit/poseidon/pegasus/predict-future-sales/run0298/00/00/./xgboost_hp_tuning_group_0.000/00/00/register_condorpool_0_1.in",3.0,0,0,,,,,,,,,
register_condorpool_1_0_pegasus-plan_ID0000016,None,auxiliary,0,1677600000.0,,,1677600006.0,,,0.0,1677600006.0,1677600011.0,,,0.0,1677600011.0,1677600016.0,6.0,,0.0,5.0,5.0,,,,,poseidon,local,host-10-100-100-12.openstacklocal,pegasus::rc-client,/home/poseidon/pegasus-5.1.0panorama/bin/pegasus-rc-client,-n pegasus::rc-client -N null -R local  -L xgboost_hp_tuning_group_1 -T 2023-02-28T15:55:04+00:00 /home/poseidon/pegasus-5.1.0panorama/bin/pegasus-rc-client --prefix pegasus.catalog.replica.output --conf /home/poseidon/workflows/predict-future-sales-workflow/submit/poseidon/pegasus/predict-future-sales/run0298/00/00/./xgboost_hp_tuning_group_1.000/pegasus.11438210121618664619.properties -v --meta /home/poseidon/workflows/predict-future-sales-workflow/submit/poseidon/pegasus/predict-future-sales/run0298/00/00/./xgboost_hp_tuning_group_1.000/00/00/xgboost_best_params_ID0000024.meta --insert /home/poseidon/workflows/predict-future-sales-workflow/submit/poseidon/pegasus/predict-future-sales/run0298/00/00/./xgboost_hp_tuning_group_1.000/00/00/register_condorpool_1_0.in,3.1,0,0,,,,,,,,,
stage_out_local_condorpool_1_0_pegasus-plan_ID0000012,None,transfer,0,1677600010.0,,,1677600015.0,,,0.0,1677600015.0,1677600025.0,1677600015.0,1677600020.0,1258.0,1677600025.0,1677600030.0,5.0,,0.0,10.0,5.0,,,5.0,5380.0,poseidon,local,host-10-100-100-12.openstacklocal,pegasus::transfer,/home/poseidon/pegasus-5.1.0panorama/bin/pegasus-transfer,/home/poseidon/pegasus-5.1.0panorama/bin/../bin/pegasus-kickstart  -n pegasus::transfer -N null -i - -R local  -L xgboost_hp_tuning_group_0 -T 2023-02-28T15:55:04+00:00 /home/poseidon/pegasus-5.1.0panorama/bin/../bin/pegasus-transfer  --threads 2,0.7,0,0,,,,,,,,,
xgboost_model_ID0000017,cpu_3,compute,0,1677600017.0,,,1677600022.0,1677600242.0,1677600259.0,45653290.8,1677600290.0,1677600332.0,1677600269.0,1677600273.0,126433.0,1677600332.0,1677600337.0,5.0,,268.0,42.0,5.0,17.0,377645129.0,4.0,553493.0,poseidon,condorpool,poseidon-worker-1-container-32-39,xgboost_model,/srv/xgboost_model,,7.1,0,0,,,,,,,,,
register_condorpool_1_0_pegasus-plan_ID0000012,None,auxiliary,0,1677600030.0,,,1677600035.0,,,0.0,1677600035.0,1677600040.0,,,0.0,1677600040.0,1677600045.0,5.0,,0.0,5.0,5.0,,,,,poseidon,local,host-10-100-100-12.openstacklocal,pegasus::rc-client,/home/poseidon/pegasus-5.1.0panorama/bin/pegasus-rc-client,-n pegasus::rc-client -N null -R local  -L xgboost_hp_tuning_group_0 -T 2023-02-28T15:55:04+00:00 /home/poseidon/pegasus-5.1.0panorama/bin/pegasus-rc-client --prefix pegasus.catalog.replica.output --conf /home/poseidon/workflows/predict-future-sales-workflow/submit/poseidon/pegasus/predict-future-sales/run0298/00/00/./xgboost_hp_tuning_group_0.000/pegasus.13472924866966451798.properties -v --meta /home/poseidon/workflows/predict-future-sales-workflow/submit/poseidon/pegasus/predict-future-sales/run0298/00/00/./xgboost_hp_tuning_group_0.000/00/00/xgboost_best_params_ID0000024.meta --insert /home/poseidon/workflows/predict-future-sales-workflow/submit/poseidon/pegasus/predict-future-sales/run0298/00/00/./xgboost_hp_tuning_group_0.000/00/00/register_condorpool_1_0.in,3.0,0,0,,,,,,,,,
xgboost_model_ID0000013,None,compute,0,1677600047.0,,,1677600052.0,1677600245.0,1677600263.0,51294212.7,1677600293.0,1677600342.0,1677600277.0,1677600281.0,331989.0,1677600342.0,1677600347.0,5.0,,241.0,49.0,5.0,18.0,502671206.0,4.0,1451153.0,poseidon,condorpool,poseidon-worker-2-container-16-23,xgboost_model,/srv/xgboost_model,,29.2,0,0,,,,,,,,,
model_predict_ID0000018,None,compute,0,1677600337.0,,,1677600342.0,1677600295.0,1677600313.0,44828419.8,1677600343.0,1677600382.0,1677600321.0,1677600325.0,6039.0,1677600382.0,1677600387.0,5.0,,1.0,39.0,5.0,18.0,368655501.0,4.0,25035.0,poseidon,condorpool,poseidon-worker-2-container-16-23,model_predict,/srv/model_predict,,2.6,0,0,,,,,,,,,
model_predict_ID0000014,cpu_3,compute,0,1677600347.0,,,1677600352.0,1677600305.0,1677600322.0,45098133.0,1677600353.0,1677600392.0,1677600330.0,1677600334.0,106042.0,1677600392.0,1677600397.0,5.0,,1.0,39.0,5.0,17.0,371638495.0,4.0,451213.0,poseidon,condorpool,poseidon-worker-1-container-40-47,model_predict,/srv/model_predict,,2.4,0,0,,,,,,,,,
stage_out_local_condorpool_0_2_pegasus-plan_ID0000020,None,transfer,0,1677600703.0,,,1677600708.0,,,0.0,1677600708.0,1677600718.0,1677600709.0,1677600713.0,1841.0,1677600718.0,1677600723.0,5.0,,0.0,10.0,5.0,,,4.0,7426.0,poseidon,local,host-10-100-100-12.openstacklocal,pegasus::transfer,/home/poseidon/pegasus-5.1.0panorama/bin/pegasus-transfer,/home/poseidon/pegasus-5.1.0panorama/bin/../bin/pegasus-kickstart  -n pegasus::transfer -N null -i - -R local  -L xgboost_hp_tuning_group_2 -T 2023-02-28T15:55:04+00:00 /home/poseidon/pegasus-5.1.0panorama/bin/../bin/pegasus-transfer  --threads 2,1.0,0,0,,,,,,,,,
register_condorpool_0_2_pegasus-plan_ID0000020,None,auxiliary,0,1677600723.0,,,1677600728.0,,,0.0,1677600728.0,1677600733.0,,,0.0,1677600733.0,1677600738.0,5.0,,0.0,5.0,5.0,,,,,poseidon,local,host-10-100-100-12.openstacklocal,pegasus::rc-client,/home/poseidon/pegasus-5.1.0panorama/bin/pegasus-rc-client,"-n pegasus::rc-client -N null -R local  -L xgboost_hp_tuning_group_2 -T 2023-02-28T15:55:04+00:00 /home/poseidon/pegasus-5.1.0panorama/bin/pegasus-rc-client --prefix pegasus.catalog.replica.output --conf /home/poseidon/workflows/predict-future-sales-workflow/submit/poseidon/pegasus/predict-future-sales/run0298/00/00/./xgboost_hp_tuning_group_2.000/pegasus.7288842679413451426.properties -v --meta /home/poseidon/workflows/predict-future-sales-workflow/submit/poseidon/pegasus/predict-future-sales/run0298/00/00/./xgboost_hp_tuning_group_2.000/00/00/xgboost_hp_tuning_ID0000017.meta,/home/poseidon/workflows/predict-future-sales-workflow/submit/poseidon/pegasus/predict-future-sales/run0298/00/00/./xgboost_hp_tuning_group_2.000/00/00/xgboost_hp_tuning_ID0000022.meta,/home/poseidon/workflows/predict-future-sales-workflow/submit/poseidon/pegasus/predict-future-sales/run0298/00/00/./xgboost_hp_tuning_group_2.000/00/00/xgboost_hp_tuning_ID0000007.meta,/home/poseidon/workflows/predict-future-sales-workflow/submit/poseidon/pegasus/predict-future-sales/run0298/00/00/./xgboost_hp_tuning_group_2.000/00/00/xgboost_hp_tuning_ID0000020.meta,/home/poseidon/workflows/predict-future-sales-workflow/submit/poseidon/pegasus/predict-future-sales/run0298/00/00/./xgboost_hp_tuning_group_2.000/00/00/xgboost_hp_tuning_ID0000001.meta,/home/poseidon/workflows/predict-future-sales-workflow/submit/poseidon/pegasus/predict-future-sales/run0298/00/00/./xgboost_hp_tuning_group_2.000/00/00/xgboost_hp_tuning_ID0000004.meta,/home/poseidon/workflows/predict-future-sales-workflow/submit/poseidon/pegasus/predict-future-sales/run0298/00/00/./xgboost_hp_tuning_group_2.000/00/00/xgboost_hp_tuning_ID0000014.meta --insert /home/poseidon/workflows/predict-future-sales-workflow/submit/poseidon/pegasus/predict-future-sales/run0298/00/00/./xgboost_hp_tuning_group_2.000/00/00/register_condorpool_0_2.in",3.0,0,0,,,,,,,,,
stage_out_local_condorpool_0_0_pegasus-plan_ID0000020,None,transfer,0,1677600733.0,,,1677600738.0,,,0.0,1677600738.0,1677600748.0,1677600739.0,1677600743.0,2098.0,1677600748.0,1677600753.0,5.0,,0.0,10.0,5.0,,,4.0,8465.0,poseidon,local,host-10-100-100-12.openstacklocal,pegasus::transfer,/home/poseidon/pegasus-5.1.0panorama/bin/pegasus-transfer,/home/poseidon/pegasus-5.1.0panorama/bin/../bin/pegasus-kickstart  -n pegasus::transfer -N null -i - -R local  -L xgboost_hp_tuning_group_2 -T 2023-02-28T15:55:04+00:00 /home/poseidon/pegasus-5.1.0panorama/bin/../bin/pegasus-transfer  --threads 2,1.1,0,0,,,,,,,,,
xgboost_best_params_ID0000024_pegasus-plan_ID0000020,cpu_3,compute,0,1677600748.0,,,1677600753.0,1677600706.0,1677600723.0,39755652.3,1677600754.0,1677600793.0,1677600729.0,1677600733.0,257.0,1677600793.0,1677600798.0,5.0,,1.0,39.0,5.0,17.0,368018665.0,4.0,1060.0,poseidon,condorpool,poseidon-worker-1-container-32-39,xgboost_best_params,/srv/xgboost_best_params,,0.0,0,0,,,,,,,,,
stage_out_local_condorpool_0_1_pegasus-plan_ID0000020,None,transfer,0,1677600748.0,,,1677600753.0,,,0.0,1677600753.0,1677600763.0,1677600753.0,1677600757.0,2108.0,1677600763.0,1677600768.0,5.0,,0.0,10.0,5.0,,,4.0,8505.0,poseidon,local,host-10-100-100-12.openstacklocal,pegasus::transfer,/home/poseidon/pegasus-5.1.0panorama/bin/pegasus-transfer,/home/poseidon/pegasus-5.1.0panorama/bin/../bin/pegasus-kickstart  -n pegasus::transfer -N null -i - -R local  -L xgboost_hp_tuning_group_2 -T 2023-02-28T15:55:04+00:00 /home/poseidon/pegasus-5.1.0panorama/bin/../bin/pegasus-transfer  --threads 2,1.1,0,0,,,,,,,,,
register_condorpool_0_0_pegasus-plan_ID0000020,None,auxiliary,0,1677600753.0,,,1677600758.0,,,0.0,1677600758.0,1677600763.0,,,0.0,1677600763.0,1677600768.0,5.0,,0.0,5.0,5.0,,,,,poseidon,local,host-10-100-100-12.openstacklocal,pegasus::rc-client,/home/poseidon/pegasus-5.1.0panorama/bin/pegasus-rc-client,"-n pegasus::rc-client -N null -R local  -L xgboost_hp_tuning_group_2 -T 2023-02-28T15:55:04+00:00 /home/poseidon/pegasus-5.1.0panorama/bin/pegasus-rc-client --prefix pegasus.catalog.replica.output --conf /home/poseidon/workflows/predict-future-sales-workflow/submit/poseidon/pegasus/predict-future-sales/run0298/00/00/./xgboost_hp_tuning_group_2.000/pegasus.7288842679413451426.properties -v --meta /home/poseidon/workflows/predict-future-sales-workflow/submit/poseidon/pegasus/predict-future-sales/run0298/00/00/./xgboost_hp_tuning_group_2.000/00/00/xgboost_hp_tuning_ID0000018.meta,/home/poseidon/workflows/predict-future-sales-workflow/submit/poseidon/pegasus/predict-future-sales/run0298/00/00/./xgboost_hp_tuning_group_2.000/00/00/xgboost_hp_tuning_ID0000002.meta,/home/poseidon/workflows/predict-future-sales-workflow/submit/poseidon/pegasus/predict-future-sales/run0298/00/00/./xgboost_hp_tuning_group_2.000/00/00/xgboost_hp_tuning_ID0000005.meta,/home/poseidon/workflows/predict-future-sales-workflow/submit/poseidon/pegasus/predict-future-sales/run0298/00/00/./xgboost_hp_tuning_group_2.000/00/00/xgboost_hp_tuning_ID0000009.meta,/home/poseidon/workflows/predict-future-sales-workflow/submit/poseidon/pegasus/predict-future-sales/run0298/00/00/./xgboost_hp_tuning_group_2.000/00/00/xgboost_hp_tuning_ID0000015.meta,/home/poseidon/workflows/predict-future-sales-workflow/submit/poseidon/pegasus/predict-future-sales/run0298/00/00/./xgboost_hp_tuning_group_2.000/00/00/xgboost_hp_tuning_ID0000012.meta,/home/poseidon/workflows/predict-future-sales-workflow/submit/poseidon/pegasus/predict-future-sales/run0298/00/00/./xgboost_hp_tuning_group_2.000/00/00/xgboost_hp_tuning_ID0000010.meta,/home/poseidon/workflows/predict-future-sales-workflow/submit/poseidon/pegasus/predict-future-sales/run0298/00/00/./xgboost_hp_tuning_group_2.000/00/00/xgboost_hp_tuning_ID0000008.meta --insert /home/poseidon/workflows/predict-future-sales-workflow/submit/poseidon/pegasus/predict-future-sales/run0298/00/00/./xgboost_hp_tuning_group_2.000/00/00/register_condorpool_0_0.in",3.1,0,0,,,,,,,,,
register_condorpool_0_1_pegasus-plan_ID0000020,None,auxiliary,0,1677600768.0,,,1677600773.0,,,0.0,1677600773.0,1677600778.0,,,0.0,1677600778.0,1677600783.0,5.0,,0.0,5.0,5.0,,,,,poseidon,local,host-10-100-100-12.openstacklocal,pegasus::rc-client,/home/poseidon/pegasus-5.1.0panorama/bin/pegasus-rc-client,"-n pegasus::rc-client -N null -R local  -L xgboost_hp_tuning_group_2 -T 2023-02-28T15:55:04+00:00 /home/poseidon/pegasus-5.1.0panorama/bin/pegasus-rc-client --prefix pegasus.catalog.replica.output --conf /home/poseidon/workflows/predict-future-sales-workflow/submit/poseidon/pegasus/predict-future-sales/run0298/00/00/./xgboost_hp_tuning_group_2.000/pegasus.7288842679413451426.properties -v --meta /home/poseidon/workflows/predict-future-sales-workflow/submit/poseidon/pegasus/predict-future-sales/run0298/00/00/./xgboost_hp_tuning_group_2.000/00/00/xgboost_hp_tuning_ID0000013.meta,/home/poseidon/workflows/predict-future-sales-workflow/submit/poseidon/pegasus/predict-future-sales/run0298/00/00/./xgboost_hp_tuning_group_2.000/00/00/xgboost_hp_tuning_ID0000023.meta,/home/poseidon/workflows/predict-future-sales-workflow/submit/poseidon/pegasus/predict-future-sales/run0298/00/00/./xgboost_hp_tuning_group_2.000/00/00/xgboost_hp_tuning_ID0000011.meta,/home/poseidon/workflows/predict-future-sales-workflow/submit/poseidon/pegasus/predict-future-sales/run0298/00/00/./xgboost_hp_tuning_group_2.000/00/00/xgboost_hp_tuning_ID0000006.meta,/home/poseidon/workflows/predict-future-sales-workflow/submit/poseidon/pegasus/predict-future-sales/run0298/00/00/./xgboost_hp_tuning_group_2.000/00/00/xgboost_hp_tuning_ID0000003.meta,/home/poseidon/workflows/predict-future-sales-workflow/submit/poseidon/pegasus/predict-future-sales/run0298/00/00/./xgboost_hp_tuning_group_2.000/00/00/xgboost_hp_tuning_ID0000021.meta,/home/poseidon/workflows/predict-future-sales-workflow/submit/poseidon/pegasus/predict-future-sales/run0298/00/00/./xgboost_hp_tuning_group_2.000/00/00/xgboost_hp_tuning_ID0000019.meta,/home/poseidon/workflows/predict-future-sales-workflow/submit/poseidon/pegasus/predict-future-sales/run0298/00/00/./xgboost_hp_tuning_group_2.000/00/00/xgboost_hp_tuning_ID0000016.meta --insert /home/poseidon/workflows/predict-future-sales-workflow/submit/poseidon/pegasus/predict-future-sales/run0298/00/00/./xgboost_hp_tuning_group_2.000/00/00/register_condorpool_0_1.in",3.0,0,0,,,,,,,,,
stage_out_local_condorpool_1_0_pegasus-plan_ID0000020,None,transfer,0,1677600798.0,,,1677600803.0,,,0.0,1677600803.0,1677600813.0,1677600804.0,1677600808.0,1243.0,1677600813.0,1677600818.0,5.0,,0.0,10.0,5.0,,,4.0,5300.0,poseidon,local,host-10-100-100-12.openstacklocal,pegasus::transfer,/home/poseidon/pegasus-5.1.0panorama/bin/pegasus-transfer,/home/poseidon/pegasus-5.1.0panorama/bin/../bin/pegasus-kickstart  -n pegasus::transfer -N null -i - -R local  -L xgboost_hp_tuning_group_2 -T 2023-02-28T15:55:04+00:00 /home/poseidon/pegasus-5.1.0panorama/bin/../bin/pegasus-transfer  --threads 2,0.7,0,0,,,,,,,,,
register_condorpool_1_0_pegasus-plan_ID0000020,None,auxiliary,0,1677600818.0,,,1677600823.0,,,0.0,1677600824.0,1677600828.0,,,0.0,1677600828.0,1677600833.0,5.0,,1.0,4.0,5.0,,,,,poseidon,local,host-10-100-100-12.openstacklocal,pegasus::rc-client,/home/poseidon/pegasus-5.1.0panorama/bin/pegasus-rc-client,-n pegasus::rc-client -N null -R local  -L xgboost_hp_tuning_group_2 -T 2023-02-28T15:55:04+00:00 /home/poseidon/pegasus-5.1.0panorama/bin/pegasus-rc-client --prefix pegasus.catalog.replica.output --conf /home/poseidon/workflows/predict-future-sales-workflow/submit/poseidon/pegasus/predict-future-sales/run0298/00/00/./xgboost_hp_tuning_group_2.000/pegasus.7288842679413451426.properties -v --meta /home/poseidon/workflows/predict-future-sales-workflow/submit/poseidon/pegasus/predict-future-sales/run0298/00/00/./xgboost_hp_tuning_group_2.000/00/00/xgboost_best_params_ID0000024.meta --insert /home/poseidon/workflows/predict-future-sales-workflow/submit/poseidon/pegasus/predict-future-sales/run0298/00/00/./xgboost_hp_tuning_group_2.000/00/00/register_condorpool_1_0.in,3.0,0,0,,,,,,,,,
xgboost_model_ID0000021,cpu_3,compute,0,1677600837.0,,,1677600842.0,1677600802.0,1677600832.0,75023593.1,1677600850.0,1677601062.0,1677600997.0,1677601002.0,2420324.0,1677601062.0,1677601067.0,5.0,,8.0,212.0,5.0,30.0,1691152081.0,5.0,10910176.0,poseidon,condorpool,poseidon-worker-1-container-0-7,xgboost_model,/srv/xgboost_model,,617.3,0,0,0.1,1348850025.0,24449.0,5404.0,8.0,570.0,23.6,8992333.5,2444.9
stage_out_local_local_5_0,None,transfer,0,1677600837.0,,,1677600842.0,,,0.0,1677600842.0,1677600852.0,1677600842.0,1677600846.0,792.0,1677600852.0,1677600857.0,5.0,,0.0,10.0,5.0,,,4.0,3198.0,poseidon,local,host-10-100-100-12.openstacklocal,pegasus::transfer,/home/poseidon/pegasus-5.1.0panorama/bin/pegasus-transfer,pegasus-kickstart  -n pegasus::transfer -N null -i - -R local  -L predict-future-sales -T 2023-02-17T19:59:06+00:00 pegasus-transfer  --threads 2,0.3,0,0,,,,,,,,,
cleanup_predict-future-sales_0_local,None,auxiliary,0,1677600857.0,,,1677600862.0,,,0.0,1677600862.0,1677600872.0,,,0.0,1677600872.0,1677600877.0,5.0,,0.0,10.0,5.0,,,,,poseidon,local,host-10-100-100-12.openstacklocal,pegasus::cleanup,/home/poseidon/pegasus-5.1.0panorama/bin/pegasus-transfer,pegasus-kickstart  -n pegasus::cleanup -N null -i - -R local  -L predict-future-sales -T 2023-02-17T19:59:06+00:00 pegasus-transfer,0.3,0,0,,,,,,,,,
stage_out_local_condorpool_6_0,None,transfer,0,1677601067.0,,,1677601072.0,,,0.0,1677601072.0,1677601082.0,1677601072.0,1677601076.0,3201395.0,1677601082.0,1677601087.0,5.0,,0.0,10.0,5.0,,,4.0,12914822.0,poseidon,local,host-10-100-100-12.openstacklocal,pegasus::transfer,/home/poseidon/pegasus-5.1.0panorama/bin/pegasus-transfer,pegasus-kickstart  -n pegasus::transfer -N null -i - -R local  -L predict-future-sales -T 2023-02-17T19:59:06+00:00 pegasus-transfer  --threads 2,0.9,0,0,,,,,,,,,
model_predict_ID0000022,cpu_3,compute,0,1677601067.0,,,1677601072.0,1677601025.0,1677601042.0,43665093.0,1677601073.0,1677601112.0,1677601050.0,1677601055.0,1270582.0,1677601112.0,1677601117.0,5.0,,1.0,39.0,5.0,17.0,405914768.0,5.0,5523764.0,poseidon,condorpool,poseidon-worker-1-container-0-7,model_predict,/srv/model_predict,,3.9,0,0,,,,,,,,,
stage_out_local_condorpool_7_0,None,transfer,0,1677601117.0,,,1677601122.0,,,0.0,1677601122.0,1677601132.0,1677601122.0,1677601126.0,1488593.0,1677601132.0,1677601137.0,5.0,,0.0,10.0,5.0,,,4.0,6000012.0,poseidon,local,host-10-100-100-12.openstacklocal,pegasus::transfer,/home/poseidon/pegasus-5.1.0panorama/bin/pegasus-transfer,pegasus-kickstart  -n pegasus::transfer -N null -i - -R local  -L predict-future-sales -T 2023-02-17T19:59:06+00:00 pegasus-transfer  --threads 2,0.6,0,0,,,,,,,,,
predict_merge_ID0000023,cpu_3,compute,0,1677601117.0,,,1677601122.0,1677601075.0,1677601092.0,40646482.0,1677601123.0,1677601162.0,1677601100.0,1677601104.0,857358.0,1677601162.0,1677601167.0,5.0,,1.0,39.0,5.0,17.0,377176763.0,4.0,3741199.0,poseidon,condorpool,poseidon-worker-1-container-0-7,predict_merge,/srv/predict_merge,,1.2,0,0,,,,,,,,,
stage_out_local_condorpool_8_0,None,transfer,0,1677601167.0,,,1677601172.0,,,0.0,1677601172.0,1677601182.0,1677601172.0,1677601174.0,1736139.0,1677601182.0,1677601187.0,5.0,,0.0,10.0,5.0,,,2.0,3741199.0,poseidon,local,host-10-100-100-12.openstacklocal,pegasus::transfer,/home/poseidon/pegasus-5.1.0panorama/bin/pegasus-transfer,pegasus-kickstart  -n pegasus::transfer -N null -i - -R local  -L predict-future-sales -T 2023-02-17T19:59:06+00:00 pegasus-transfer  --threads 2,0.4,0,0,,,,,,,,,
cleanup_predict-future-sales_0_condorpool,None,auxiliary,0,1677601187.0,,,1677601192.0,,,0.0,1677601192.0,1677601202.0,,,0.0,1677601202.0,1677601207.0,5.0,,0.0,10.0,5.0,,,,,poseidon,local,host-10-100-100-12.openstacklocal,pegasus::cleanup,/home/poseidon/pegasus-5.1.0panorama/bin/pegasus-transfer,pegasus-kickstart  -n pegasus::cleanup -N null -i - -R local  -L predict-future-sales -T 2023-02-17T19:59:06+00:00 pegasus-transfer,0.3,0,0,,,,,,,,,
