,anomaly_type,type,is_clustered,ready,pre_script_start,pre_script_end,submit,stage_in_start,stage_in_end,stage_in_effective_bytes_per_sec,execute_start,execute_end,stage_out_start,stage_out_end,stage_out_effective_bytes_per_sec,post_script_start,post_script_end,wms_delay,pre_script_delay,queue_delay,runtime,post_script_delay,stage_in_delay,stage_in_bytes,stage_out_delay,stage_out_bytes,kickstart_user,kickstart_site,kickstart_hostname,kickstart_transformations,kickstart_executables,kickstart_executables_argv,kickstart_executables_cpu_time,kickstart_status,kickstart_executables_exitcode,kickstart_online_iowait,kickstart_online_bytes_read,kickstart_online_bytes_written,kickstart_online_read_system_calls,kickstart_online_write_system_calls,kickstart_online_utime,kickstart_online_stime,kickstart_online_bytes_read_per_second,kickstart_online_bytes_written_per_second
create_dir_predict-future-sales_0_local,None,auxiliary,0,1677865980.0,,,1677865981.0,,,0.0,1677865985.0,1677865991.0,,,0.0,1677865991.0,1677865996.0,1.0,,4.0,6.0,5.0,,,,,poseidon,local,host-10-100-100-12.openstacklocal,pegasus::dirmanager,/home/poseidon/pegasus-5.1.0panorama/bin/pegasus-transfer,pegasus-kickstart  -n pegasus::dirmanager -N null -i - -R local  -L predict-future-sales -T 2023-02-17T19:59:06+00:00 pegasus-transfer,0.3,0,0,,,,,,,,,
create_dir_predict-future-sales_0_condorpool,None,auxiliary,0,1677865980.0,,,1677865981.0,,,0.0,1677865985.0,1677865991.0,,,0.0,1677865991.0,1677865996.0,1.0,,4.0,6.0,5.0,,,,,poseidon,local,host-10-100-100-12.openstacklocal,pegasus::dirmanager,/home/poseidon/pegasus-5.1.0panorama/bin/pegasus-transfer,pegasus-kickstart  -n pegasus::dirmanager -N null -i - -R local  -L predict-future-sales -T 2023-02-17T19:59:06+00:00 pegasus-transfer,0.3,0,0,,,,,,,,,
stage_in_local_local_4_0,None,transfer,0,1677865996.0,,,1677866001.0,1677866001.0,1677866003.0,5842.0,1677866001.0,1677866011.0,,,0.0,1677866011.0,1677866016.0,5.0,,0.0,10.0,5.0,2.0,12577.0,,,poseidon,local,host-10-100-100-12.openstacklocal,pegasus::transfer,/home/poseidon/pegasus-5.1.0panorama/bin/pegasus-transfer,pegasus-kickstart  -n pegasus::transfer -N null -i - -R local  -L predict-future-sales -T 2023-02-17T19:59:06+00:00 pegasus-transfer  --threads 2,0.4,0,0,,,,,,,,,
stage_in_local_condorpool_8_0,None,transfer,0,1677865996.0,,,1677866001.0,1677866001.0,1677866005.0,669.0,1677866001.0,1677866011.0,,,0.0,1677866011.0,1677866016.0,5.0,,0.0,10.0,5.0,4.0,2368.0,,,poseidon,local,host-10-100-100-12.openstacklocal,pegasus::transfer,/home/poseidon/pegasus-5.1.0panorama/bin/pegasus-transfer,pegasus-kickstart  -n pegasus::transfer -N null -i - -R local  -L predict-future-sales -T 2023-02-17T19:59:06+00:00 pegasus-transfer  --threads 2,0.4,0,0,,,,,,,,,
stage_in_local_condorpool_3_0,None,transfer,0,1677865996.0,,,1677866001.0,1677866001.0,1677866006.0,2948.0,1677866001.0,1677866011.0,,,0.0,1677866011.0,1677866016.0,5.0,,0.0,10.0,5.0,5.0,12704.0,,,poseidon,local,host-10-100-100-12.openstacklocal,pegasus::transfer,/home/poseidon/pegasus-5.1.0panorama/bin/pegasus-transfer,pegasus-kickstart  -n pegasus::transfer -N null -i - -R local  -L predict-future-sales -T 2023-02-17T19:59:06+00:00 pegasus-transfer  --threads 2,0.6,0,0,,,,,,,,,
stage_in_local_condorpool_2_0,None,transfer,0,1677865996.0,,,1677866001.0,1677866001.0,1677866007.0,9776.0,1677866001.0,1677866016.0,,,0.0,1677866016.0,1677866021.0,5.0,,0.0,15.0,5.0,6.0,55480.0,,,poseidon,local,host-10-100-100-12.openstacklocal,pegasus::transfer,/home/poseidon/pegasus-5.1.0panorama/bin/pegasus-transfer,pegasus-kickstart  -n pegasus::transfer -N null -i - -R local  -L predict-future-sales -T 2023-02-17T19:59:06+00:00 pegasus-transfer  --threads 2,1.1,0,0,,,,,,,,,
stage_in_local_condorpool_1_0,None,transfer,0,1677865996.0,,,1677866001.0,1677866001.0,1677866006.0,3658.0,1677866001.0,1677866011.0,,,0.0,1677866011.0,1677866016.0,5.0,,0.0,10.0,5.0,5.0,15640.0,,,poseidon,local,host-10-100-100-12.openstacklocal,pegasus::transfer,/home/poseidon/pegasus-5.1.0panorama/bin/pegasus-transfer,pegasus-kickstart  -n pegasus::transfer -N null -i - -R local  -L predict-future-sales -T 2023-02-17T19:59:06+00:00 pegasus-transfer  --threads 2,0.6,0,0,,,,,,,,,
stage_in_local_condorpool_0_0,None,transfer,0,1677865996.0,,,1677866001.0,1677866001.0,1677866011.0,95834006.0,1677866001.0,1677866021.0,,,0.0,1677866021.0,1677866026.0,5.0,,0.0,20.0,5.0,10.0,936801734.0,,,poseidon,local,host-10-100-100-12.openstacklocal,pegasus::transfer,/home/poseidon/pegasus-5.1.0panorama/bin/pegasus-transfer,pegasus-kickstart  -n pegasus::transfer -N null -i - -R local  -L predict-future-sales -T 2023-02-17T19:59:06+00:00 pegasus-transfer  --threads 2,5.8,0,0,,,,,,,,,
stage_in_local_condorpool_7_0,None,transfer,0,1677865996.0,,,1677866001.0,1677866001.0,1677866005.0,1014.0,1677866001.0,1677866011.0,,,0.0,1677866011.0,1677866016.0,5.0,,0.0,10.0,5.0,4.0,3488.0,,,poseidon,local,host-10-100-100-12.openstacklocal,pegasus::transfer,/home/poseidon/pegasus-5.1.0panorama/bin/pegasus-transfer,pegasus-kickstart  -n pegasus::transfer -N null -i - -R local  -L predict-future-sales -T 2023-02-17T19:59:06+00:00 pegasus-transfer  --threads 2,0.5,0,0,,,,,,,,,
stage_in_local_condorpool_6_0,None,transfer,0,1677865996.0,,,1677866001.0,1677866001.0,1677866005.0,2296.0,1677866001.0,1677866011.0,,,0.0,1677866011.0,1677866016.0,5.0,,0.0,10.0,5.0,4.0,7870.0,,,poseidon,local,host-10-100-100-12.openstacklocal,pegasus::transfer,/home/poseidon/pegasus-5.1.0panorama/bin/pegasus-transfer,pegasus-kickstart  -n pegasus::transfer -N null -i - -R local  -L predict-future-sales -T 2023-02-17T19:59:06+00:00 pegasus-transfer  --threads 2,0.5,0,0,,,,,,,,,
preprocess_ID0000003,None,compute,0,1677866026.0,,,1677866031.0,1677865980.0,1677865999.0,42470547.2,1677866032.0,1677866081.0,1677866010.0,1677866018.0,21713660.0,1677866081.0,1677866086.0,5.0,,1.0,49.0,5.0,19.0,467356066.0,8.0,160257914.0,poseidon,condorpool,poseidon-worker-2-container-40-47,preprocess,/srv/preprocess,,4.2,0,0,,,,,,,,,
nlp_ID0000002,hdd_5,compute,0,1677866026.0,,,1677866031.0,1677865980.0,1677865998.0,41712809.8,1677866032.0,1677866312.0,1677866245.0,1677866250.0,577658.0,1677866312.0,1677866317.0,5.0,,1.0,280.0,5.0,18.0,369033604.0,5.0,2755872.0,poseidon,condorpool,poseidon-worker-1-container-24-31,nlp,/srv/nlp,,1453.2,0,0,0.1,21484858.0,8791.0,3087.0,5.0,1447.2,2.6,89520.2,879.1
eda_ID0000001,None,compute,0,1677866026.0,,,1677866031.0,1677865980.0,1677865999.0,44987373.0,1677866032.0,1677866106.0,1677866039.0,1677866043.0,267036.0,1677866106.0,1677866111.0,5.0,,1.0,74.0,5.0,19.0,464177772.0,4.0,1196390.0,poseidon,condorpool,poseidon-worker-2-container-0-7,eda,/srv/eda,,33.6,0,0,0.1,144954774.0,877084.0,27583.0,42.0,28.0,1.9,4831825.8,29236.1
feature_eng_1_ID0000005,None,compute,0,1677866086.0,,,1677866091.0,1677866052.0,1677866072.0,46121788.4,1677866104.0,1677866171.0,1677866097.0,1677866108.0,35679037.0,1677866171.0,1677866177.0,5.0,,13.0,67.0,6.0,20.0,528250191.0,11.0,393324463.0,poseidon,condorpool,poseidon-worker-2-container-0-7,feature_eng_1,/srv/feature_eng_1,,16.8,0,0,0.0,169610154.0,8.0,1723.0,1.0,8.0,2.0,16961015.4,0.8
feature_eng_0_ID0000004,None,compute,0,1677866086.0,,,1677866091.0,1677866040.0,1677866058.0,41770515.2,1677866092.0,1677866136.0,1677866070.0,1677866074.0,194579.0,1677866136.0,1677866141.0,5.0,,1.0,44.0,5.0,18.0,369949088.0,4.0,893320.0,poseidon,condorpool,poseidon-worker-2-container-40-47,feature_eng_0,/srv/feature_eng_0,,4.9,0,0,,,,,,,,,
feature_eng_5_ID0000009,None,compute,0,1677866177.0,,,1677866182.0,1677866131.0,1677866154.0,55389417.7,1677866183.0,1677866467.0,1677866388.0,1677866403.0,42843298.0,1677866467.0,1677866472.0,5.0,,1.0,284.0,5.0,23.0,856820455.0,15.0,655540227.0,poseidon,condorpool,poseidon-worker-2-container-40-47,feature_eng_5,/srv/feature_eng_5,,223.5,0,0,0.0,498299236.0,8.0,2035.0,1.0,199.5,20.5,2264996.5,0.8
stage_out_local_condorpool_1_0,None,transfer,0,1677866177.0,,,1677866182.0,,,0.0,1677866182.0,1677866192.0,1677866182.0,1677866186.0,91226572.0,1677866192.0,1677866197.0,5.0,,0.0,10.0,5.0,,,4.0,394217783.0,poseidon,local,host-10-100-100-12.openstacklocal,pegasus::transfer,/home/poseidon/pegasus-5.1.0panorama/bin/pegasus-transfer,pegasus-kickstart  -n pegasus::transfer -N null -i - -R local  -L predict-future-sales -T 2023-02-17T19:59:06+00:00 pegasus-transfer  --threads 2,2.2,0,0,,,,,,,,,
feature_eng_3_ID0000007,None,compute,0,1677866177.0,,,1677866182.0,1677866131.0,1677866154.0,54120928.1,1677866183.0,1677866362.0,1677866276.0,1677866300.0,49012169.0,1677866362.0,1677866367.0,5.0,,1.0,179.0,5.0,23.0,762217561.0,24.0,1179971921.0,poseidon,condorpool,poseidon-worker-2-container-0-7,feature_eng_3,/srv/feature_eng_3,,109.6,0,0,0.0,403651334.0,8.0,1492.0,1.0,68.6,31.4,4036513.3,0.8
feature_eng_4_ID0000008,None,compute,0,1677866177.0,,,1677866182.0,1677866140.0,1677866162.0,55381557.4,1677866192.0,1677866312.0,1677866225.0,1677866249.0,49073863.0,1677866312.0,1677866317.0,5.0,,10.0,120.0,5.0,22.0,761328752.0,24.0,1201824259.0,poseidon,condorpool,poseidon-worker-2-container-40-47,feature_eng_4,/srv/feature_eng_4,,50.7,0,0,0.0,402741034.0,218513623.0,1403.0,8.0,36.8,13.1,8054820.7,10925681.2
feature_eng_2_ID0000006,None,compute,0,1677866177.0,,,1677866182.0,1677866140.0,1677866162.0,55712231.2,1677866192.0,1677866557.0,1677866463.0,1677866496.0,52188269.0,1677866557.0,1677866562.0,5.0,,10.0,365.0,5.0,22.0,761320658.0,33.0,1748107178.0,poseidon,condorpool,poseidon-worker-2-container-0-7,feature_eng_2,/srv/feature_eng_2,,286.3,0,0,0.0,402815992.0,8.0,1744.0,1.0,211.4,68.6,1438628.5,0.8
register_condorpool_1_0,None,auxiliary,0,1677866197.0,,,1677866202.0,,,0.0,1677866202.0,1677866207.0,,,0.0,1677866207.0,1677866212.0,5.0,,0.0,5.0,5.0,,,,,poseidon,local,host-10-100-100-12.openstacklocal,pegasus::rc-client,/home/poseidon/pegasus-5.1.0panorama/bin/pegasus-rc-client,"pegasus-kickstart  -n pegasus::rc-client -N null -R local  -L predict-future-sales -T 2023-02-17T19:59:06+00:00 /home/poseidon/pegasus-5.1.0panorama/bin/pegasus-rc-client --prefix pegasus.catalog.replica.output --conf /home/poseidon/workflows/predict-future-sales-workflow/submit/poseidon/pegasus/predict-future-sales/run0401/pegasus.953003651711872141.properties -v --meta /home/poseidon/workflows/predict-future-sales-workflow/submit/poseidon/pegasus/predict-future-sales/run0401/00/00/feature_eng_1_ID0000005.meta,/home/poseidon/workflows/predict-future-sales-workflow/submit/poseidon/pegasus/predict-future-sales/run0401/00/00/feature_eng_0_ID0000004.meta --insert /home/poseidon/workflows/predict-future-sales-workflow/submit/poseidon/pegasus/predict-future-sales/run0401/00/00/register_condorpool_1_0.in",3.1,0,0,,,,,,,,,
stage_out_local_condorpool_0_0,None,transfer,0,1677866317.0,,,1677866322.0,,,0.0,1677866322.0,1677866332.0,1677866323.0,1677866327.0,40714677.0,1677866332.0,1677866337.0,5.0,,0.0,10.0,5.0,,,4.0,164210176.0,poseidon,local,host-10-100-100-12.openstacklocal,pegasus::transfer,/home/poseidon/pegasus-5.1.0panorama/bin/pegasus-transfer,pegasus-kickstart  -n pegasus::transfer -N null -i - -R local  -L predict-future-sales -T 2023-02-17T19:59:06+00:00 pegasus-transfer  --threads 2,2.1,0,0,,,,,,,,,
register_condorpool_0_0,None,auxiliary,0,1677866337.0,,,1677866342.0,,,0.0,1677866342.0,1677866347.0,,,0.0,1677866347.0,1677866352.0,5.0,,0.0,5.0,5.0,,,,,poseidon,local,host-10-100-100-12.openstacklocal,pegasus::rc-client,/home/poseidon/pegasus-5.1.0panorama/bin/pegasus-rc-client,"pegasus-kickstart  -n pegasus::rc-client -N null -R local  -L predict-future-sales -T 2023-02-17T19:59:06+00:00 /home/poseidon/pegasus-5.1.0panorama/bin/pegasus-rc-client --prefix pegasus.catalog.replica.output --conf /home/poseidon/workflows/predict-future-sales-workflow/submit/poseidon/pegasus/predict-future-sales/run0401/pegasus.953003651711872141.properties -v --meta /home/poseidon/workflows/predict-future-sales-workflow/submit/poseidon/pegasus/predict-future-sales/run0401/00/00/nlp_ID0000002.meta,/home/poseidon/workflows/predict-future-sales-workflow/submit/poseidon/pegasus/predict-future-sales/run0401/00/00/eda_ID0000001.meta,/home/poseidon/workflows/predict-future-sales-workflow/submit/poseidon/pegasus/predict-future-sales/run0401/00/00/preprocess_ID0000003.meta --insert /home/poseidon/workflows/predict-future-sales-workflow/submit/poseidon/pegasus/predict-future-sales/run0401/00/00/register_condorpool_0_0.in",3.0,0,0,,,,,,,,,
stage_out_local_condorpool_2_0,None,transfer,0,1677866562.0,,,1677866567.0,,,0.0,1677866567.0,1677866592.0,1677866567.0,1677866586.0,248500129.0,1677866592.0,1677866597.0,5.0,,0.0,25.0,5.0,,,19.0,4785443585.0,poseidon,local,host-10-100-100-12.openstacklocal,pegasus::transfer,/home/poseidon/pegasus-5.1.0panorama/bin/pegasus-transfer,pegasus-kickstart  -n pegasus::transfer -N null -i - -R local  -L predict-future-sales -T 2023-02-17T19:59:06+00:00 pegasus-transfer  --threads 2,21.3,0,0,,,,,,,,,
feature_merge_ID0000010,None,compute,0,1677866562.0,,,1677866567.0,1677866516.0,1677866590.0,78140543.5,1677866568.0,1677866797.0,1677866680.0,1677866734.0,54809551.0,1677866797.0,1677866802.0,5.0,,1.0,229.0,5.0,74.0,5155397110.0,54.0,2993643458.0,poseidon,condorpool,poseidon-worker-2-container-0-7,feature_merge,/srv/feature_merge,,60.3,0,0,0.0,4796861559.0,2600318082.0,1454.0,86.0,37.6,22.4,79947692.6,130015904.1
register_condorpool_2_0,None,auxiliary,0,1677866597.0,,,1677866602.0,,,0.0,1677866602.0,1677866607.0,,,0.0,1677866607.0,1677866612.0,5.0,,0.0,5.0,5.0,,,,,poseidon,local,host-10-100-100-12.openstacklocal,pegasus::rc-client,/home/poseidon/pegasus-5.1.0panorama/bin/pegasus-rc-client,"pegasus-kickstart  -n pegasus::rc-client -N null -R local  -L predict-future-sales -T 2023-02-17T19:59:06+00:00 /home/poseidon/pegasus-5.1.0panorama/bin/pegasus-rc-client --prefix pegasus.catalog.replica.output --conf /home/poseidon/workflows/predict-future-sales-workflow/submit/poseidon/pegasus/predict-future-sales/run0401/pegasus.953003651711872141.properties -v --meta /home/poseidon/workflows/predict-future-sales-workflow/submit/poseidon/pegasus/predict-future-sales/run0401/00/00/feature_eng_5_ID0000009.meta,/home/poseidon/workflows/predict-future-sales-workflow/submit/poseidon/pegasus/predict-future-sales/run0401/00/00/feature_eng_2_ID0000006.meta,/home/poseidon/workflows/predict-future-sales-workflow/submit/poseidon/pegasus/predict-future-sales/run0401/00/00/feature_eng_3_ID0000007.meta,/home/poseidon/workflows/predict-future-sales-workflow/submit/poseidon/pegasus/predict-future-sales/run0401/00/00/feature_eng_4_ID0000008.meta --insert /home/poseidon/workflows/predict-future-sales-workflow/submit/poseidon/pegasus/predict-future-sales/run0401/00/00/register_condorpool_2_0.in",3.0,0,0,,,,,,,,,
stage_inter_local_xgboost_hp_tuning_workflow_ID0000015_0,None,transfer,0,1677866802.0,,,1677866807.0,1677866808.0,1677866810.0,402.0,1677866808.0,1677866818.0,,,0.0,1677866818.0,1677866823.0,5.0,,1.0,10.0,5.0,2.0,826.0,,,poseidon,local,host-10-100-100-12.openstacklocal,pegasus::transfer,/home/poseidon/pegasus-5.1.0panorama/bin/pegasus-transfer,pegasus-kickstart  -n pegasus::transfer -N null -i - -R local  -L predict-future-sales -T 2023-02-17T19:59:06+00:00 pegasus-transfer  --threads 2,0.3,0,0,,,,,,,,,
stage_inter_local_xgboost_model_ID0000021_0,None,transfer,0,1677866802.0,,,1677866808.0,1677866808.0,1677866846.0,69930359.0,1677866808.0,1677866854.0,,,0.0,1677866854.0,1677866859.0,6.0,,0.0,46.0,5.0,38.0,2646308508.0,,,poseidon,local,host-10-100-100-12.openstacklocal,pegasus::transfer,/home/poseidon/pegasus-5.1.0panorama/bin/pegasus-transfer,pegasus-kickstart  -n pegasus::transfer -N null -i - -R local  -L predict-future-sales -T 2023-02-17T19:59:06+00:00 pegasus-transfer  --threads 2,9.5,0,0,,,,,,,,,
stage_inter_local_model_predict_ID0000022_0,None,transfer,0,1677866802.0,,,1677866807.0,1677866808.0,1677866812.0,14534616.0,1677866808.0,1677866818.0,,,0.0,1677866818.0,1677866823.0,5.0,,1.0,10.0,5.0,4.0,54050130.0,,,poseidon,local,host-10-100-100-12.openstacklocal,pegasus::transfer,/home/poseidon/pegasus-5.1.0panorama/bin/pegasus-transfer,pegasus-kickstart  -n pegasus::transfer -N null -i - -R local  -L predict-future-sales -T 2023-02-17T19:59:06+00:00 pegasus-transfer  --threads 2,0.6,0,0,,,,,,,,,
stage_out_local_condorpool_3_0,None,transfer,0,1677866802.0,,,1677866807.0,,,0.0,1677866808.0,1677866838.0,1677866808.0,1677866831.0,131750771.0,1677866838.0,1677866843.0,5.0,,1.0,30.0,5.0,,,23.0,2993643458.0,poseidon,local,host-10-100-100-12.openstacklocal,pegasus::transfer,/home/poseidon/pegasus-5.1.0panorama/bin/pegasus-transfer,pegasus-kickstart  -n pegasus::transfer -N null -i - -R local  -L predict-future-sales -T 2023-02-17T19:59:06+00:00 pegasus-transfer  --threads 2,14.6,0,0,,,,,,,,,
stage_inter_local_xgboost_model_ID0000013_0,None,transfer,0,1677866802.0,,,1677866807.0,1677866808.0,1677866815.0,35560362.0,1677866808.0,1677866823.0,,,0.0,1677866823.0,1677866828.0,5.0,,1.0,15.0,5.0,7.0,269346726.0,,,poseidon,local,host-10-100-100-12.openstacklocal,pegasus::transfer,/home/poseidon/pegasus-5.1.0panorama/bin/pegasus-transfer,pegasus-kickstart  -n pegasus::transfer -N null -i - -R local  -L predict-future-sales -T 2023-02-17T19:59:06+00:00 pegasus-transfer  --threads 2,1.3,0,0,,,,,,,,,
stage_inter_local_model_predict_ID0000014_0,None,transfer,0,1677866802.0,,,1677866807.0,1677866808.0,1677866812.0,1230824.0,1677866808.0,1677866818.0,,,0.0,1677866818.0,1677866823.0,5.0,,1.0,10.0,5.0,4.0,4411696.0,,,poseidon,local,host-10-100-100-12.openstacklocal,pegasus::transfer,/home/poseidon/pegasus-5.1.0panorama/bin/pegasus-transfer,pegasus-kickstart  -n pegasus::transfer -N null -i - -R local  -L predict-future-sales -T 2023-02-17T19:59:06+00:00 pegasus-transfer  --threads 2,0.4,0,0,,,,,,,,,
xgboost_hp_tuning_workflow_ID0000015,None,compute,0,1677866823.0,,,1677866828.0,,,0.0,1677866828.0,1677866848.0,,,0.0,1677866848.0,1677866854.0,5.0,,0.0,20.0,6.0,,,,,poseidon,local,poseidon-submit.novalocal,xgboost_hp_tuning_workflow,/var/spool/condor/local_univ_execute/dir_3149284/xgboost_hp_tuning_workflow,/home/poseidon/workflows/predict-future-sales-workflow/submit/poseidon/pegasus/predict-future-sales/run0401/00/00/xgboost_hp_tuning_workflow_ID0000015.sh,0.1,0,0,,,,,,,,,
xgboost_hp_tuning_workflow_ID0000011,None,compute,0,1677866823.0,,,1677866828.0,,,0.0,1677866829.0,1677866848.0,,,0.0,1677866848.0,1677866854.0,5.0,,1.0,19.0,6.0,,,,,poseidon,local,poseidon-submit.novalocal,xgboost_hp_tuning_workflow,/var/spool/condor/local_univ_execute/dir_3149287/xgboost_hp_tuning_workflow,/home/poseidon/workflows/predict-future-sales-workflow/submit/poseidon/pegasus/predict-future-sales/run0401/00/00/xgboost_hp_tuning_workflow_ID0000011.sh,0.1,0,0,,,,,,,,,
xgboost_hp_tuning_workflow_ID0000019,None,compute,0,1677866823.0,,,1677866828.0,,,0.0,1677866829.0,1677866848.0,,,0.0,1677866848.0,1677866854.0,5.0,,1.0,19.0,6.0,,,,,poseidon,local,poseidon-submit.novalocal,xgboost_hp_tuning_workflow,/var/spool/condor/local_univ_execute/dir_3149288/xgboost_hp_tuning_workflow,/home/poseidon/workflows/predict-future-sales-workflow/submit/poseidon/pegasus/predict-future-sales/run0401/00/00/xgboost_hp_tuning_workflow_ID0000019.sh,0.1,0,0,,,,,,,,,
register_condorpool_3_0,None,auxiliary,0,1677866843.0,,,1677866848.0,,,0.0,1677866848.0,1677866854.0,,,0.0,1677866854.0,1677866859.0,5.0,,0.0,6.0,5.0,,,,,poseidon,local,host-10-100-100-12.openstacklocal,pegasus::rc-client,/home/poseidon/pegasus-5.1.0panorama/bin/pegasus-rc-client,pegasus-kickstart  -n pegasus::rc-client -N null -R local  -L predict-future-sales -T 2023-02-17T19:59:06+00:00 /home/poseidon/pegasus-5.1.0panorama/bin/pegasus-rc-client --prefix pegasus.catalog.replica.output --conf /home/poseidon/workflows/predict-future-sales-workflow/submit/poseidon/pegasus/predict-future-sales/run0401/pegasus.953003651711872141.properties -v --meta /home/poseidon/workflows/predict-future-sales-workflow/submit/poseidon/pegasus/predict-future-sales/run0401/00/00/feature_merge_ID0000010.meta --insert /home/poseidon/workflows/predict-future-sales-workflow/submit/poseidon/pegasus/predict-future-sales/run0401/00/00/register_condorpool_3_0.in,2.9,0,0,,,,,,,,,
pegasus-plan_ID0000016,None,subwf,0,1677866854.0,1677866854.0,1677866859.0,1677866864.0,,,0.0,1677866864.0,1677867695.0,,,0.0,,,0.0,5.0,0.0,831.0,,,,,,poseidon,local,poseidon-submit,condor::dagman,/usr/bin/condor_dagman,-p 0  -f -l . -Notification never -Debug 3 -Lockfile xgboost_hp_tuning_group_1.dag.lock -Dag xgboost_hp_tuning_group_1.dag -AllowVersionMismatch  -AutoRescue 1 -DoRescueFrom 0,0.0,0,0,,,,,,,,,
pegasus-plan_ID0000012,None,subwf,0,1677866854.0,1677866854.0,1677866859.0,1677866864.0,,,0.0,1677866864.0,1677867750.0,,,0.0,,,0.0,5.0,0.0,886.0,,,,,,poseidon,local,poseidon-submit,condor::dagman,/usr/bin/condor_dagman,-p 0  -f -l . -Notification never -Debug 3 -Lockfile xgboost_hp_tuning_group_0.dag.lock -Dag xgboost_hp_tuning_group_0.dag -AllowVersionMismatch  -AutoRescue 1 -DoRescueFrom 0,0.0,0,0,,,,,,,,,
stage_out_local_local_4_0,None,transfer,0,1677866854.0,,,1677866859.0,,,0.0,1677866859.0,1677866869.0,1677866859.0,1677866863.0,21084.0,1677866869.0,1677866874.0,5.0,,0.0,10.0,5.0,,,4.0,85038.0,poseidon,local,host-10-100-100-12.openstacklocal,pegasus::transfer,/home/poseidon/pegasus-5.1.0panorama/bin/pegasus-transfer,pegasus-kickstart  -n pegasus::transfer -N null -i - -R local  -L predict-future-sales -T 2023-02-17T19:59:06+00:00 pegasus-transfer  --threads 2,0.6,0,0,,,,,,,,,
pegasus-plan_ID0000020,None,subwf,0,1677866854.0,1677866854.0,1677866859.0,1677866864.0,,,0.0,1677866864.0,1677868295.0,,,0.0,,,0.0,5.0,0.0,1431.0,,,,,,poseidon,local,poseidon-submit,condor::dagman,/usr/bin/condor_dagman,-p 0  -f -l . -Notification never -Debug 3 -Lockfile xgboost_hp_tuning_group_2.dag.lock -Dag xgboost_hp_tuning_group_2.dag -AllowVersionMismatch  -AutoRescue 1 -DoRescueFrom 0,0.0,0,0,,,,,,,,,
create_dir_predict-future-sales-hp-tuning_0_condorpool_pegasus-plan_ID0000016,None,auxiliary,0,1677866864.0,,,1677866865.0,,,0.0,1677866868.0,1677866875.0,,,0.0,1677866875.0,1677866880.0,1.0,,3.0,7.0,5.0,,,,,poseidon,local,host-10-100-100-12.openstacklocal,pegasus::dirmanager,/home/poseidon/pegasus-5.1.0panorama/bin/pegasus-transfer,pegasus-kickstart  -n pegasus::dirmanager -N null -i - -R local  -L xgboost_hp_tuning_group_1 -T 2023-03-03T18:07:36+00:00 pegasus-transfer,0.3,0,0,,,,,,,,,
create_dir_predict-future-sales-hp-tuning_0_condorpool_pegasus-plan_ID0000012,None,auxiliary,0,1677866864.0,,,1677866865.0,,,0.0,1677866868.0,1677866875.0,,,0.0,1677866875.0,1677866880.0,1.0,,3.0,7.0,5.0,,,,,poseidon,local,host-10-100-100-12.openstacklocal,pegasus::dirmanager,/home/poseidon/pegasus-5.1.0panorama/bin/pegasus-transfer,pegasus-kickstart  -n pegasus::dirmanager -N null -i - -R local  -L xgboost_hp_tuning_group_0 -T 2023-03-03T18:07:36+00:00 pegasus-transfer,0.3,0,0,,,,,,,,,
create_dir_predict-future-sales-hp-tuning_0_condorpool_pegasus-plan_ID0000020,None,auxiliary,0,1677866864.0,,,1677866865.0,,,0.0,1677866868.0,1677866875.0,,,0.0,1677866875.0,1677866880.0,1.0,,3.0,7.0,5.0,,,,,poseidon,local,host-10-100-100-12.openstacklocal,pegasus::dirmanager,/home/poseidon/pegasus-5.1.0panorama/bin/pegasus-transfer,pegasus-kickstart  -n pegasus::dirmanager -N null -i - -R local  -L xgboost_hp_tuning_group_2 -T 2023-03-03T18:07:36+00:00 pegasus-transfer,0.3,0,0,,,,,,,,,
register_local_4_0,None,auxiliary,0,1677866874.0,,,1677866879.0,,,0.0,1677866879.0,1677866884.0,,,0.0,1677866884.0,1677866889.0,5.0,,0.0,5.0,5.0,,,,,poseidon,local,host-10-100-100-12.openstacklocal,pegasus::rc-client,/home/poseidon/pegasus-5.1.0panorama/bin/pegasus-rc-client,"pegasus-kickstart  -n pegasus::rc-client -N null -R local  -L predict-future-sales -T 2023-02-17T19:59:06+00:00 /home/poseidon/pegasus-5.1.0panorama/bin/pegasus-rc-client --prefix pegasus.catalog.replica.output --conf /home/poseidon/workflows/predict-future-sales-workflow/submit/poseidon/pegasus/predict-future-sales/run0401/pegasus.953003651711872141.properties -v --meta /home/poseidon/workflows/predict-future-sales-workflow/submit/poseidon/pegasus/predict-future-sales/run0401/00/00/xgboost_hp_tuning_workflow_ID0000011.meta,/home/poseidon/workflows/predict-future-sales-workflow/submit/poseidon/pegasus/predict-future-sales/run0401/00/00/xgboost_hp_tuning_workflow_ID0000019.meta,/home/poseidon/workflows/predict-future-sales-workflow/submit/poseidon/pegasus/predict-future-sales/run0401/00/00/xgboost_hp_tuning_workflow_ID0000015.meta --insert /home/poseidon/workflows/predict-future-sales-workflow/submit/poseidon/pegasus/predict-future-sales/run0401/00/00/register_local_4_0.in",3.0,0,0,,,,,,,,,
stage_in_local_condorpool_0_0_pegasus-plan_ID0000012,None,transfer,0,1677866880.0,,,1677866885.0,1677866886.0,1677866890.0,2752.0,1677866885.0,1677866900.0,,,0.0,1677866900.0,1677866905.0,5.0,,0.0,15.0,5.0,4.0,12142.0,,,poseidon,local,host-10-100-100-12.openstacklocal,pegasus::transfer,/home/poseidon/pegasus-5.1.0panorama/bin/pegasus-transfer,-n pegasus::transfer -N null -i - -R local  -L xgboost_hp_tuning_group_0 -T 2023-03-03T18:07:36+00:00 /home/poseidon/pegasus-5.1.0panorama/bin/../bin/pegasus-transfer  --threads 2,0.6,0,0,,,,,,,,,
stage_in_local_condorpool_1_0_pegasus-plan_ID0000012,None,transfer,0,1677866880.0,,,1677866885.0,1677866886.0,1677866889.0,805.0,1677866885.0,1677866895.0,,,0.0,1677866895.0,1677866900.0,5.0,,0.0,10.0,5.0,3.0,2874.0,,,poseidon,local,host-10-100-100-12.openstacklocal,pegasus::transfer,/home/poseidon/pegasus-5.1.0panorama/bin/pegasus-transfer,-n pegasus::transfer -N null -i - -R local  -L xgboost_hp_tuning_group_0 -T 2023-03-03T18:07:36+00:00 /home/poseidon/pegasus-5.1.0panorama/bin/../bin/pegasus-transfer  --threads 2,0.5,0,0,,,,,,,,,
stage_in_local_condorpool_0_1_pegasus-plan_ID0000012,None,transfer,0,1677866880.0,,,1677866885.0,1677866886.0,1677866892.0,42349067.0,1677866885.0,1677866900.0,,,0.0,1677866900.0,1677866905.0,5.0,,0.0,15.0,5.0,6.0,269346726.0,,,poseidon,local,host-10-100-100-12.openstacklocal,pegasus::transfer,/home/poseidon/pegasus-5.1.0panorama/bin/pegasus-transfer,-n pegasus::transfer -N null -i - -R local  -L xgboost_hp_tuning_group_0 -T 2023-03-03T18:07:36+00:00 /home/poseidon/pegasus-5.1.0panorama/bin/../bin/pegasus-transfer  --threads 2,1.9,0,0,,,,,,,,,
stage_in_local_condorpool_0_2_pegasus-plan_ID0000012,None,transfer,0,1677866880.0,,,1677866885.0,1677866886.0,1677866897.0,69248444.0,1677866886.0,1677866905.0,,,0.0,1677866905.0,1677866910.0,5.0,,1.0,19.0,5.0,11.0,735985664.0,,,poseidon,local,host-10-100-100-12.openstacklocal,pegasus::transfer,/home/poseidon/pegasus-5.1.0panorama/bin/pegasus-transfer,-n pegasus::transfer -N null -i - -R local  -L xgboost_hp_tuning_group_0 -T 2023-03-03T18:07:36+00:00 /home/poseidon/pegasus-5.1.0panorama/bin/../bin/pegasus-transfer  --threads 2,4.3,0,0,,,,,,,,,
stage_in_local_condorpool_0_2_pegasus-plan_ID0000020,None,transfer,0,1677866880.0,,,1677866885.0,1677866886.0,1677866897.0,69236966.0,1677866886.0,1677866905.0,,,0.0,1677866905.0,1677866910.0,5.0,,1.0,19.0,5.0,11.0,735985664.0,,,poseidon,local,host-10-100-100-12.openstacklocal,pegasus::transfer,/home/poseidon/pegasus-5.1.0panorama/bin/pegasus-transfer,-n pegasus::transfer -N null -i - -R local  -L xgboost_hp_tuning_group_2 -T 2023-03-03T18:07:36+00:00 /home/poseidon/pegasus-5.1.0panorama/bin/../bin/pegasus-transfer  --threads 2,4.3,0,0,,,,,,,,,
stage_in_local_condorpool_0_1_pegasus-plan_ID0000020,None,transfer,0,1677866880.0,,,1677866885.0,1677866886.0,1677866903.0,150542716.0,1677866885.0,1677866910.0,,,0.0,1677866910.0,1677866915.0,5.0,,0.0,25.0,5.0,17.0,2646308508.0,,,poseidon,local,host-10-100-100-12.openstacklocal,pegasus::transfer,/home/poseidon/pegasus-5.1.0panorama/bin/pegasus-transfer,-n pegasus::transfer -N null -i - -R local  -L xgboost_hp_tuning_group_2 -T 2023-03-03T18:07:36+00:00 /home/poseidon/pegasus-5.1.0panorama/bin/../bin/pegasus-transfer  --threads 2,11.8,0,0,,,,,,,,,
stage_in_local_condorpool_0_0_pegasus-plan_ID0000016,None,transfer,0,1677866880.0,,,1677866885.0,1677866886.0,1677866890.0,2779.0,1677866885.0,1677866900.0,,,0.0,1677866900.0,1677866905.0,5.0,,0.0,15.0,5.0,4.0,12142.0,,,poseidon,local,host-10-100-100-12.openstacklocal,pegasus::transfer,/home/poseidon/pegasus-5.1.0panorama/bin/pegasus-transfer,-n pegasus::transfer -N null -i - -R local  -L xgboost_hp_tuning_group_1 -T 2023-03-03T18:07:36+00:00 /home/poseidon/pegasus-5.1.0panorama/bin/../bin/pegasus-transfer  --threads 2,0.6,0,0,,,,,,,,,
stage_in_local_condorpool_1_0_pegasus-plan_ID0000016,None,transfer,0,1677866880.0,,,1677866885.0,1677866886.0,1677866889.0,812.0,1677866885.0,1677866895.0,,,0.0,1677866895.0,1677866900.0,5.0,,0.0,10.0,5.0,3.0,2874.0,,,poseidon,local,host-10-100-100-12.openstacklocal,pegasus::transfer,/home/poseidon/pegasus-5.1.0panorama/bin/pegasus-transfer,-n pegasus::transfer -N null -i - -R local  -L xgboost_hp_tuning_group_1 -T 2023-03-03T18:07:36+00:00 /home/poseidon/pegasus-5.1.0panorama/bin/../bin/pegasus-transfer  --threads 2,0.5,0,0,,,,,,,,,
stage_in_local_condorpool_0_1_pegasus-plan_ID0000016,None,transfer,0,1677866880.0,,,1677866885.0,1677866886.0,1677866890.0,5146184.0,1677866885.0,1677866895.0,,,0.0,1677866895.0,1677866900.0,5.0,,0.0,10.0,5.0,4.0,19294600.0,,,poseidon,local,host-10-100-100-12.openstacklocal,pegasus::transfer,/home/poseidon/pegasus-5.1.0panorama/bin/pegasus-transfer,-n pegasus::transfer -N null -i - -R local  -L xgboost_hp_tuning_group_1 -T 2023-03-03T18:07:36+00:00 /home/poseidon/pegasus-5.1.0panorama/bin/../bin/pegasus-transfer  --threads 2,0.6,0,0,,,,,,,,,
stage_in_local_condorpool_0_0_pegasus-plan_ID0000020,None,transfer,0,1677866880.0,,,1677866885.0,1677866886.0,1677866890.0,2816.0,1677866885.0,1677866900.0,,,0.0,1677866900.0,1677866905.0,5.0,,0.0,15.0,5.0,4.0,12142.0,,,poseidon,local,host-10-100-100-12.openstacklocal,pegasus::transfer,/home/poseidon/pegasus-5.1.0panorama/bin/pegasus-transfer,-n pegasus::transfer -N null -i - -R local  -L xgboost_hp_tuning_group_2 -T 2023-03-03T18:07:36+00:00 /home/poseidon/pegasus-5.1.0panorama/bin/../bin/pegasus-transfer  --threads 2,0.6,0,0,,,,,,,,,
stage_in_local_condorpool_0_2_pegasus-plan_ID0000016,None,transfer,0,1677866880.0,,,1677866885.0,1677866886.0,1677866897.0,68346134.0,1677866886.0,1677866905.0,,,0.0,1677866905.0,1677866910.0,5.0,,1.0,19.0,5.0,11.0,735985664.0,,,poseidon,local,host-10-100-100-12.openstacklocal,pegasus::transfer,/home/poseidon/pegasus-5.1.0panorama/bin/pegasus-transfer,-n pegasus::transfer -N null -i - -R local  -L xgboost_hp_tuning_group_1 -T 2023-03-03T18:07:36+00:00 /home/poseidon/pegasus-5.1.0panorama/bin/../bin/pegasus-transfer  --threads 2,4.3,0,0,,,,,,,,,
stage_in_local_condorpool_1_0_pegasus-plan_ID0000020,None,transfer,0,1677866880.0,,,1677866885.0,1677866886.0,1677866889.0,825.0,1677866885.0,1677866895.0,,,0.0,1677866895.0,1677866900.0,5.0,,0.0,10.0,5.0,3.0,2874.0,,,poseidon,local,host-10-100-100-12.openstacklocal,pegasus::transfer,/home/poseidon/pegasus-5.1.0panorama/bin/pegasus-transfer,-n pegasus::transfer -N null -i - -R local  -L xgboost_hp_tuning_group_2 -T 2023-03-03T18:07:36+00:00 /home/poseidon/pegasus-5.1.0panorama/bin/../bin/pegasus-transfer  --threads 2,0.5,0,0,,,,,,,,,
xgboost_hp_tuning_ID0000008_pegasus-plan_ID0000016,hdd_5,compute,0,1677866910.0,,,1677866915.0,1677867027.0,1677867071.0,42731261.5,1677867079.0,1677867206.0,1677867140.0,1677867144.0,249.0,1677867206.0,1677867211.0,5.0,,164.0,127.0,5.0,44.0,377646203.0,4.0,1059.0,poseidon,condorpool,poseidon-worker-3-container-8-15,xgboost_hp_tuning,/srv/xgboost_hp_tuning,,15.3,0,0,,,,,,,,,
xgboost_hp_tuning_ID0000023_pegasus-plan_ID0000012,None,compute,0,1677866910.0,,,1677866915.0,1677867025.0,1677867042.0,46508359.0,1677867077.0,1677867230.0,1677867164.0,1677867169.0,255.0,1677867230.0,1677867235.0,5.0,,162.0,153.0,5.0,17.0,502672266.0,5.0,1090.0,poseidon,condorpool,poseidon-worker-1-container-8-15,xgboost_hp_tuning,/srv/xgboost_hp_tuning,,128.2,0,0,0.1,157972510.0,40.0,3321.0,2.0,110.3,3.1,7898625.5,4.0
xgboost_hp_tuning_ID0000012_pegasus-plan_ID0000012,hdd_5,compute,0,1677866910.0,,,1677866915.0,1677867025.0,1677867073.0,46504986.4,1677867077.0,1677867230.0,1677867164.0,1677867169.0,247.0,1677867230.0,1677867235.0,5.0,,162.0,153.0,5.0,48.0,502672266.0,5.0,1048.0,poseidon,condorpool,poseidon-worker-1-container-24-31,xgboost_hp_tuning,/srv/xgboost_hp_tuning,,94.1,0,0,0.1,157968057.0,40.0,3305.0,2.0,47.3,2.6,15796805.7,4.0
xgboost_hp_tuning_ID0000001_pegasus-plan_ID0000012,None,compute,0,1677866910.0,,,1677866915.0,1677867025.0,1677867042.0,46486178.0,1677867077.0,1677867230.0,1677867164.0,1677867169.0,248.0,1677867230.0,1677867235.0,5.0,,162.0,153.0,5.0,17.0,502672266.0,5.0,1063.0,poseidon,condorpool,poseidon-worker-1-container-16-23,xgboost_hp_tuning,/srv/xgboost_hp_tuning,,130.3,0,0,0.1,157972544.0,40.0,3321.0,2.0,103.2,3.3,7898627.2,4.0
xgboost_hp_tuning_ID0000013_pegasus-plan_ID0000012,None,compute,0,1677866910.0,,,1677866915.0,1677867025.0,1677867042.0,46457270.4,1677867076.0,1677867230.0,1677867164.0,1677867169.0,246.0,1677867230.0,1677867235.0,5.0,,161.0,154.0,5.0,17.0,502672266.0,5.0,1055.0,poseidon,condorpool,poseidon-worker-1-container-32-39,xgboost_hp_tuning,/srv/xgboost_hp_tuning,,105.6,0,0,0.0,157967921.0,40.0,3305.0,2.0,47.6,2.5,15796792.1,4.0
xgboost_hp_tuning_ID0000002_pegasus-plan_ID0000012,None,compute,0,1677866910.0,,,1677866915.0,1677867024.0,1677867042.0,46462977.8,1677867076.0,1677867230.0,1677867164.0,1677867169.0,247.0,1677867230.0,1677867235.0,5.0,,161.0,154.0,5.0,18.0,502672266.0,5.0,1061.0,poseidon,condorpool,poseidon-worker-1-container-40-47,xgboost_hp_tuning,/srv/xgboost_hp_tuning,,90.7,0,0,0.0,157967906.0,40.0,3305.0,2.0,41.2,2.9,15796790.6,4.0
xgboost_hp_tuning_ID0000014_pegasus-plan_ID0000012,hdd_5,compute,0,1677866910.0,,,1677866915.0,1677866878.0,1677866922.0,46527994.2,1677866930.0,1677867080.0,1677867014.0,1677867018.0,247.0,1677867080.0,1677867085.0,5.0,,15.0,150.0,5.0,44.0,502672266.0,4.0,1054.0,poseidon,condorpool,poseidon-worker-2-container-8-15,xgboost_hp_tuning,/srv/xgboost_hp_tuning,,83.4,0,0,0.0,157967799.0,40.0,3305.0,2.0,43.6,2.7,15796779.9,4.0
xgboost_hp_tuning_ID0000003_pegasus-plan_ID0000012,None,compute,0,1677866910.0,,,1677866915.0,1677866878.0,1677866896.0,46550670.0,1677866930.0,1677867080.0,1677867011.0,1677867015.0,249.0,1677867080.0,1677867085.0,5.0,,15.0,150.0,5.0,18.0,502672266.0,4.0,1068.0,poseidon,condorpool,poseidon-worker-1-container-16-23,xgboost_hp_tuning,/srv/xgboost_hp_tuning,,199.9,0,0,0.1,157976277.0,40.0,3336.0,2.0,174.6,3.4,5265875.9,4.0
xgboost_hp_tuning_ID0000015_pegasus-plan_ID0000012,None,compute,0,1677866910.0,,,1677866915.0,1677866878.0,1677866896.0,46507090.2,1677866930.0,1677867080.0,1677867011.0,1677867015.0,246.0,1677867080.0,1677867085.0,5.0,,15.0,150.0,5.0,18.0,502672266.0,4.0,1054.0,poseidon,condorpool,poseidon-worker-1-container-8-15,xgboost_hp_tuning,/srv/xgboost_hp_tuning,,194.0,0,0,0.1,157976235.0,40.0,3336.0,2.0,168.4,3.5,5265874.5,4.0
xgboost_hp_tuning_ID0000004_pegasus-plan_ID0000012,hdd_5,compute,0,1677866910.0,,,1677866915.0,1677866878.0,1677866922.0,35624109.0,1677866930.0,1677867080.0,1677867013.0,1677867018.0,246.0,1677867080.0,1677867085.0,5.0,,15.0,150.0,5.0,44.0,502672266.0,5.0,1063.0,poseidon,condorpool,poseidon-worker-3-container-16-23,xgboost_hp_tuning,/srv/xgboost_hp_tuning,,124.9,0,0,0.0,157970592.0,40.0,3319.0,2.0,98.1,3.1,7898529.6,4.0
xgboost_hp_tuning_ID0000016_pegasus-plan_ID0000012,None,compute,0,1677866910.0,,,1677866915.0,1677866878.0,1677866899.0,35409327.9,1677866930.0,1677867080.0,1677867013.0,1677867018.0,246.0,1677867080.0,1677867085.0,5.0,,15.0,150.0,5.0,21.0,502672266.0,5.0,1054.0,poseidon,condorpool,poseidon-worker-3-container-0-7,xgboost_hp_tuning,/srv/xgboost_hp_tuning,,108.5,0,0,0.0,157970519.0,40.0,3319.0,2.0,102.6,3.3,7898526.0,4.0
xgboost_hp_tuning_ID0000005_pegasus-plan_ID0000012,None,compute,0,1677866910.0,,,1677866915.0,1677866878.0,1677866899.0,35514164.4,1677866930.0,1677867080.0,1677867013.0,1677867018.0,249.0,1677867080.0,1677867085.0,5.0,,15.0,150.0,5.0,21.0,502672266.0,5.0,1078.0,poseidon,condorpool,poseidon-worker-3-container-24-31,xgboost_hp_tuning,/srv/xgboost_hp_tuning,,274.7,0,0,0.1,157978203.0,40.0,3349.0,2.0,221.1,3.8,3949455.1,4.0
xgboost_hp_tuning_ID0000017_pegasus-plan_ID0000012,None,compute,0,1677866910.0,,,1677866915.0,1677866878.0,1677866896.0,46569076.8,1677866930.0,1677867080.0,1677867014.0,1677867018.0,246.0,1677867080.0,1677867085.0,5.0,,15.0,150.0,5.0,18.0,502672266.0,4.0,1057.0,poseidon,condorpool,poseidon-worker-2-container-16-23,xgboost_hp_tuning,/srv/xgboost_hp_tuning,,137.0,0,0,0.0,157972457.0,40.0,3321.0,2.0,103.8,3.5,7898622.8,4.0
xgboost_hp_tuning_ID0000006_pegasus-plan_ID0000012,None,compute,0,1677866910.0,,,1677866915.0,1677866878.0,1677866896.0,46560077.2,1677866930.0,1677867080.0,1677867014.0,1677867018.0,248.0,1677867080.0,1677867085.0,5.0,,15.0,150.0,5.0,18.0,502672266.0,4.0,1065.0,poseidon,condorpool,poseidon-worker-2-container-32-39,xgboost_hp_tuning,/srv/xgboost_hp_tuning,,125.0,0,0,0.1,157972461.0,40.0,3321.0,2.0,110.9,3.2,7898623.1,4.0
xgboost_hp_tuning_ID0000009_pegasus-plan_ID0000012,None,compute,0,1677866910.0,,,1677866915.0,1677866878.0,1677866896.0,46533925.6,1677866930.0,1677867080.0,1677867014.0,1677867017.0,322.0,1677867080.0,1677867085.0,5.0,,15.0,150.0,5.0,18.0,502672266.0,3.0,1058.0,poseidon,condorpool,poseidon-worker-2-container-40-47,xgboost_hp_tuning,/srv/xgboost_hp_tuning,,197.5,0,0,0.1,157976543.0,40.0,3336.0,2.0,164.0,3.4,5265884.8,4.0
xgboost_hp_tuning_ID0000011_pegasus-plan_ID0000012,hdd_5,compute,0,1677866910.0,,,1677866915.0,1677866878.0,1677866921.0,46554262.0,1677866930.0,1677867080.0,1677867011.0,1677867015.0,244.0,1677867080.0,1677867085.0,5.0,,15.0,150.0,5.0,43.0,502672266.0,4.0,1048.0,poseidon,condorpool,poseidon-worker-1-container-24-31,xgboost_hp_tuning,/srv/xgboost_hp_tuning,,105.5,0,0,0.0,157967943.0,40.0,3305.0,2.0,45.3,2.6,15796794.3,4.0
xgboost_hp_tuning_ID0000022_pegasus-plan_ID0000012,None,compute,0,1677866910.0,,,1677866915.0,1677866878.0,1677866896.0,46466312.6,1677866930.0,1677867080.0,1677867014.0,1677867018.0,247.0,1677867080.0,1677867085.0,5.0,,15.0,150.0,5.0,18.0,502672266.0,4.0,1062.0,poseidon,condorpool,poseidon-worker-2-container-0-7,xgboost_hp_tuning,/srv/xgboost_hp_tuning,,108.4,0,0,0.0,157967988.0,40.0,3305.0,2.0,44.1,2.8,15796798.8,4.0
xgboost_hp_tuning_ID0000010_pegasus-plan_ID0000012,None,compute,0,1677866910.0,,,1677866915.0,1677866878.0,1677866896.0,46382551.8,1677866930.0,1677867080.0,1677867011.0,1677867015.0,243.0,1677867080.0,1677867085.0,5.0,,15.0,150.0,5.0,18.0,502672266.0,4.0,1049.0,poseidon,condorpool,poseidon-worker-1-container-0-7,xgboost_hp_tuning,/srv/xgboost_hp_tuning,,155.1,0,0,0.1,157972393.0,40.0,3321.0,2.0,95.9,3.8,7898619.7,4.0
xgboost_hp_tuning_ID0000021_pegasus-plan_ID0000012,hdd_5,compute,0,1677866910.0,,,1677866915.0,1677866878.0,1677866919.0,35629569.4,1677866930.0,1677867080.0,1677867013.0,1677867018.0,246.0,1677867080.0,1677867085.0,5.0,,15.0,150.0,5.0,41.0,502672266.0,5.0,1061.0,poseidon,condorpool,poseidon-worker-3-container-32-39,xgboost_hp_tuning,/srv/xgboost_hp_tuning,,179.2,0,0,0.0,157974401.0,40.0,3334.0,2.0,168.2,3.5,5265813.4,4.0
xgboost_hp_tuning_ID0000020_pegasus-plan_ID0000012,None,compute,0,1677866910.0,,,1677866915.0,1677866878.0,1677866899.0,35580028.4,1677866930.0,1677867080.0,1677867013.0,1677867018.0,246.0,1677867080.0,1677867085.0,5.0,,15.0,150.0,5.0,21.0,502672266.0,5.0,1062.0,poseidon,condorpool,poseidon-worker-3-container-40-47,xgboost_hp_tuning,/srv/xgboost_hp_tuning,,188.9,0,0,0.0,157974392.0,40.0,3334.0,2.0,164.7,4.2,5265813.1,4.0
xgboost_hp_tuning_ID0000008_pegasus-plan_ID0000012,None,compute,0,1677866910.0,,,1677866915.0,1677866878.0,1677866896.0,46554651.6,1677866930.0,1677867075.0,1677867011.0,1677867015.0,247.0,1677867075.0,1677867080.0,5.0,,15.0,145.0,5.0,18.0,502672266.0,4.0,1058.0,poseidon,condorpool,poseidon-worker-1-container-32-39,xgboost_hp_tuning,/srv/xgboost_hp_tuning,,179.2,0,0,0.1,157976271.0,40.0,3336.0,2.0,140.8,3.1,5265875.7,4.0
xgboost_hp_tuning_ID0000019_pegasus-plan_ID0000012,None,compute,0,1677866910.0,,,1677866915.0,1677866878.0,1677866896.0,46538735.8,1677866930.0,1677867075.0,1677867011.0,1677867015.0,250.0,1677867075.0,1677867080.0,5.0,,15.0,145.0,5.0,18.0,502672266.0,4.0,1059.0,poseidon,condorpool,poseidon-worker-1-container-40-47,xgboost_hp_tuning,/srv/xgboost_hp_tuning,,186.0,0,0,0.1,157976271.0,40.0,3336.0,2.0,162.2,3.2,5265875.7,4.0
xgboost_hp_tuning_ID0000023_pegasus-plan_ID0000016,None,compute,0,1677866910.0,,,1677866915.0,1677867153.0,1677867169.0,42595998.0,1677867205.0,1677867336.0,1677867268.0,1677867272.0,253.0,1677867336.0,1677867341.0,5.0,,290.0,131.0,5.0,16.0,377646203.0,4.0,1090.0,poseidon,condorpool,poseidon-worker-3-container-24-31,xgboost_hp_tuning,/srv/xgboost_hp_tuning,,16.5,0,0,,,,,,,,,
xgboost_hp_tuning_ID0000007_pegasus-plan_ID0000012,hdd_5,compute,0,1677866910.0,,,1677866915.0,1677866878.0,1677866922.0,35563239.1,1677866930.0,1677867080.0,1677867013.0,1677867018.0,246.0,1677867080.0,1677867085.0,5.0,,15.0,150.0,5.0,44.0,502672266.0,5.0,1067.0,poseidon,condorpool,poseidon-worker-3-container-8-15,xgboost_hp_tuning,/srv/xgboost_hp_tuning,,98.9,0,0,0.0,157965926.0,40.0,3303.0,2.0,41.6,3.1,15796592.6,4.0
xgboost_hp_tuning_ID0000012_pegasus-plan_ID0000016,hdd_5,compute,0,1677866910.0,,,1677866915.0,1677867153.0,1677867195.0,42628866.2,1677867205.0,1677867336.0,1677867268.0,1677867272.0,245.0,1677867336.0,1677867341.0,5.0,,290.0,131.0,5.0,42.0,377646203.0,4.0,1049.0,poseidon,condorpool,poseidon-worker-3-container-16-23,xgboost_hp_tuning,/srv/xgboost_hp_tuning,,15.6,0,0,,,,,,,,,
xgboost_hp_tuning_ID0000013_pegasus-plan_ID0000016,hdd_5,compute,0,1677866910.0,,,1677866915.0,1677867153.0,1677867195.0,42619522.8,1677867205.0,1677867336.0,1677867268.0,1677867272.0,245.0,1677867336.0,1677867341.0,5.0,,290.0,131.0,5.0,42.0,377646203.0,4.0,1054.0,poseidon,condorpool,poseidon-worker-3-container-32-39,xgboost_hp_tuning,/srv/xgboost_hp_tuning,,15.2,0,0,,,,,,,,,
xgboost_hp_tuning_ID0000009_pegasus-plan_ID0000016,None,compute,0,1677866910.0,,,1677866915.0,1677867025.0,1677867041.0,42511436.5,1677867077.0,1677867231.0,1677867164.0,1677867169.0,247.0,1677867231.0,1677867236.0,5.0,,162.0,154.0,5.0,16.0,377646203.0,5.0,1056.0,poseidon,condorpool,poseidon-worker-1-container-0-7,xgboost_hp_tuning,/srv/xgboost_hp_tuning,,14.5,0,0,,,,,,,,,
xgboost_hp_tuning_ID0000011_pegasus-plan_ID0000016,None,compute,0,1677866910.0,,,1677866915.0,1677867026.0,1677867042.0,42735909.2,1677867078.0,1677867206.0,1677867138.0,1677867143.0,243.0,1677867206.0,1677867211.0,5.0,,163.0,128.0,5.0,16.0,377646203.0,5.0,1050.0,poseidon,condorpool,poseidon-worker-2-container-40-47,xgboost_hp_tuning,/srv/xgboost_hp_tuning,,17.3,0,0,,,,,,,,,
xgboost_hp_tuning_ID0000022_pegasus-plan_ID0000016,None,compute,0,1677866910.0,,,1677866915.0,1677867027.0,1677867042.0,42825623.2,1677867079.0,1677867206.0,1677867140.0,1677867144.0,251.0,1677867206.0,1677867211.0,5.0,,164.0,127.0,5.0,15.0,377646203.0,4.0,1063.0,poseidon,condorpool,poseidon-worker-3-container-0-7,xgboost_hp_tuning,/srv/xgboost_hp_tuning,,16.0,0,0,,,,,,,,,
xgboost_hp_tuning_ID0000010_pegasus-plan_ID0000016,hdd_5,compute,0,1677866910.0,,,1677866915.0,1677867027.0,1677867069.0,42641061.8,1677867079.0,1677867206.0,1677867138.0,1677867143.0,242.0,1677867206.0,1677867211.0,5.0,,164.0,127.0,5.0,42.0,377646203.0,5.0,1048.0,poseidon,condorpool,poseidon-worker-2-container-8-15,xgboost_hp_tuning,/srv/xgboost_hp_tuning,,14.6,0,0,,,,,,,,,
xgboost_hp_tuning_ID0000021_pegasus-plan_ID0000016,None,compute,0,1677866910.0,,,1677866915.0,1677867027.0,1677867043.0,42707554.8,1677867079.0,1677867206.0,1677867140.0,1677867144.0,249.0,1677867206.0,1677867211.0,5.0,,164.0,127.0,5.0,16.0,377646203.0,4.0,1062.0,poseidon,condorpool,poseidon-worker-3-container-40-47,xgboost_hp_tuning,/srv/xgboost_hp_tuning,,15.1,0,0,,,,,,,,,
xgboost_hp_tuning_ID0000020_pegasus-plan_ID0000016,None,compute,0,1677866910.0,,,1677866915.0,1677867027.0,1677867043.0,42736940.8,1677867079.0,1677867206.0,1677867140.0,1677867144.0,250.0,1677867206.0,1677867211.0,5.0,,164.0,127.0,5.0,16.0,377646203.0,4.0,1063.0,poseidon,condorpool,poseidon-worker-3-container-24-31,xgboost_hp_tuning,/srv/xgboost_hp_tuning,,15.1,0,0,,,,,,,,,
xgboost_hp_tuning_ID0000019_pegasus-plan_ID0000016,hdd_5,compute,0,1677866910.0,,,1677866915.0,1677867027.0,1677867068.0,42620295.8,1677867079.0,1677867206.0,1677867140.0,1677867144.0,249.0,1677867206.0,1677867211.0,5.0,,164.0,127.0,5.0,41.0,377646203.0,4.0,1060.0,poseidon,condorpool,poseidon-worker-3-container-32-39,xgboost_hp_tuning,/srv/xgboost_hp_tuning,,14.8,0,0,,,,,,,,,
xgboost_hp_tuning_ID0000001_pegasus-plan_ID0000016,hdd_5,compute,0,1677866910.0,,,1677866915.0,1677867153.0,1677867199.0,42610586.2,1677867205.0,1677867336.0,1677867268.0,1677867272.0,247.0,1677867336.0,1677867341.0,5.0,,290.0,131.0,5.0,46.0,377646203.0,4.0,1061.0,poseidon,condorpool,poseidon-worker-3-container-8-15,xgboost_hp_tuning,/srv/xgboost_hp_tuning,,14.0,0,0,,,,,,,,,
xgboost_hp_tuning_ID0000018_pegasus-plan_ID0000016,None,compute,0,1677866910.0,,,1677866915.0,1677867027.0,1677867043.0,42584940.0,1677867079.0,1677867206.0,1677867138.0,1677867143.0,244.0,1677867206.0,1677867211.0,5.0,,164.0,127.0,5.0,16.0,377646203.0,5.0,1054.0,poseidon,condorpool,poseidon-worker-2-container-32-39,xgboost_hp_tuning,/srv/xgboost_hp_tuning,,16.1,0,0,,,,,,,,,
xgboost_hp_tuning_ID0000007_pegasus-plan_ID0000016,hdd_5,compute,0,1677866910.0,,,1677866915.0,1677867027.0,1677867043.0,42748674.8,1677867079.0,1677867206.0,1677867140.0,1677867144.0,250.0,1677867206.0,1677867211.0,5.0,,164.0,127.0,5.0,16.0,377646203.0,4.0,1065.0,poseidon,condorpool,poseidon-worker-3-container-16-23,xgboost_hp_tuning,/srv/xgboost_hp_tuning,,15.5,0,0,,,,,,,,,
xgboost_hp_tuning_ID0000017_pegasus-plan_ID0000016,None,compute,0,1677866910.0,,,1677866915.0,1677867027.0,1677867043.0,42667235.8,1677867079.0,1677867205.0,1677867138.0,1677867143.0,244.0,1677867205.0,1677867211.0,5.0,,164.0,126.0,6.0,16.0,377646203.0,5.0,1053.0,poseidon,condorpool,poseidon-worker-2-container-16-23,xgboost_hp_tuning,/srv/xgboost_hp_tuning,,15.1,0,0,,,,,,,,,
xgboost_hp_tuning_ID0000005_pegasus-plan_ID0000016,None,compute,0,1677866910.0,,,1677866915.0,1677867152.0,1677867202.0,8796868.6,1677867204.0,1677867326.0,1677867262.0,1677867266.0,250.0,1677867326.0,1677867331.0,5.0,,289.0,122.0,5.0,50.0,377646203.0,4.0,1077.0,poseidon,condorpool,poseidon-worker-2-container-16-23,xgboost_hp_tuning,/srv/xgboost_hp_tuning,,17.3,0,0,,,,,,,,,
xgboost_hp_tuning_ID0000016_pegasus-plan_ID0000016,None,compute,0,1677866910.0,,,1677866915.0,1677867152.0,1677867202.0,8794586.2,1677867204.0,1677867326.0,1677867262.0,1677867266.0,244.0,1677867326.0,1677867331.0,5.0,,289.0,122.0,5.0,50.0,377646203.0,4.0,1054.0,poseidon,condorpool,poseidon-worker-2-container-0-7,xgboost_hp_tuning,/srv/xgboost_hp_tuning,,18.6,0,0,,,,,,,,,
xgboost_hp_tuning_ID0000004_pegasus-plan_ID0000016,None,compute,0,1677866910.0,,,1677866915.0,1677867152.0,1677867202.0,8793801.8,1677867204.0,1677867326.0,1677867262.0,1677867266.0,247.0,1677867326.0,1677867331.0,5.0,,289.0,122.0,5.0,50.0,377646203.0,4.0,1063.0,poseidon,condorpool,poseidon-worker-2-container-32-39,xgboost_hp_tuning,/srv/xgboost_hp_tuning,,17.4,0,0,,,,,,,,,
xgboost_hp_tuning_ID0000015_pegasus-plan_ID0000016,None,compute,0,1677866910.0,,,1677866915.0,1677867152.0,1677867202.0,8797009.3,1677867204.0,1677867326.0,1677867262.0,1677867266.0,245.0,1677867326.0,1677867331.0,5.0,,289.0,122.0,5.0,50.0,377646203.0,4.0,1050.0,poseidon,condorpool,poseidon-worker-2-container-40-47,xgboost_hp_tuning,/srv/xgboost_hp_tuning,,16.7,0,0,,,,,,,,,
xgboost_hp_tuning_ID0000003_pegasus-plan_ID0000016,hdd_5,compute,0,1677866910.0,,,1677866915.0,1677867152.0,1677867202.0,8794934.0,1677867204.0,1677867326.0,1677867262.0,1677867266.0,247.0,1677867326.0,1677867331.0,5.0,,289.0,122.0,5.0,50.0,377646203.0,4.0,1066.0,poseidon,condorpool,poseidon-worker-2-container-8-15,xgboost_hp_tuning,/srv/xgboost_hp_tuning,,16.6,0,0,,,,,,,,,
xgboost_hp_tuning_ID0000014_pegasus-plan_ID0000016,None,compute,0,1677866910.0,,,1677866915.0,1677867153.0,1677867169.0,42691986.5,1677867205.0,1677867336.0,1677867268.0,1677867272.0,245.0,1677867336.0,1677867341.0,5.0,,290.0,131.0,5.0,16.0,377646203.0,4.0,1053.0,poseidon,condorpool,poseidon-worker-3-container-0-7,xgboost_hp_tuning,/srv/xgboost_hp_tuning,,15.8,0,0,,,,,,,,,
xgboost_hp_tuning_ID0000002_pegasus-plan_ID0000016,None,compute,0,1677866910.0,,,1677866915.0,1677867153.0,1677867169.0,42669406.0,1677867205.0,1677867336.0,1677867268.0,1677867272.0,246.0,1677867336.0,1677867341.0,5.0,,290.0,131.0,5.0,16.0,377646203.0,4.0,1060.0,poseidon,condorpool,poseidon-worker-3-container-40-47,xgboost_hp_tuning,/srv/xgboost_hp_tuning,,14.7,0,0,,,,,,,,,
xgboost_hp_tuning_ID0000006_pegasus-plan_ID0000016,None,compute,0,1677866910.0,,,1677866915.0,1677867027.0,1677867043.0,42639061.5,1677867079.0,1677867205.0,1677867138.0,1677867143.0,246.0,1677867205.0,1677867211.0,5.0,,164.0,126.0,6.0,16.0,377646203.0,5.0,1064.0,poseidon,condorpool,poseidon-worker-2-container-0-7,xgboost_hp_tuning,/srv/xgboost_hp_tuning,,17.3,0,0,,,,,,,,,
xgboost_hp_tuning_ID0000018_pegasus-plan_ID0000012,None,compute,0,1677866910.0,,,1677866915.0,1677866878.0,1677866896.0,46506410.0,1677866930.0,1677867255.0,1677867014.0,1677867193.0,11.0,1677867255.0,1677867260.0,5.0,,15.0,325.0,5.0,18.0,502672266.0,179.0,2110.0,poseidon,condorpool,poseidon-worker-2-container-24-31,xgboost_hp_tuning,/srv/xgboost_hp_tuning,,93.4,0,0,0.0,157967831.0,40.0,3305.0,2.0,43.0,2.9,15796783.1,4.0
xgboost_hp_tuning_ID0000001_pegasus-plan_ID0000020,None,compute,0,1677866915.0,,,1677866920.0,1677867599.0,1677867631.0,68771234.8,1677867651.0,1677868062.0,1677867996.0,1677868000.0,250.0,1677868062.0,1677868067.0,5.0,,731.0,411.0,5.0,32.0,1691153157.0,4.0,1065.0,poseidon,condorpool,poseidon-worker-1-container-8-15,xgboost_hp_tuning,/srv/xgboost_hp_tuning,,1772.4,0,0,0.0,1346568396.0,40.0,3771.0,2.0,1675.7,58.1,4208026.2,4.0
xgboost_hp_tuning_ID0000009_pegasus-plan_ID0000020,None,compute,0,1677866915.0,,,1677866920.0,1677867179.0,1677867211.0,69043200.3,1677867231.0,1677867616.0,1677867548.0,1677867552.0,251.0,1677867616.0,1677867621.0,5.0,,311.0,385.0,5.0,32.0,1691153157.0,4.0,1059.0,poseidon,condorpool,poseidon-worker-1-container-32-39,xgboost_hp_tuning,/srv/xgboost_hp_tuning,,1746.8,0,0,0.1,1346568338.0,40.0,3771.0,2.0,1685.6,55.6,4208026.1,4.0
xgboost_hp_tuning_ID0000012_pegasus-plan_ID0000020,hdd_5,compute,0,1677866915.0,,,1677866920.0,1677867634.0,1677867692.0,68948010.3,1677867686.0,1677868118.0,1677868053.0,1677868057.0,247.0,1677868118.0,1677868123.0,5.0,,766.0,432.0,5.0,58.0,1691153157.0,4.0,1049.0,poseidon,condorpool,poseidon-worker-1-container-24-31,xgboost_hp_tuning,/srv/xgboost_hp_tuning,,2007.7,0,0,0.1,1346580107.0,40.0,3816.0,2.0,1943.8,55.9,3847371.7,4.0
xgboost_hp_tuning_ID0000023_pegasus-plan_ID0000020,None,compute,0,1677866915.0,,,1677866920.0,1677867651.0,1677867682.0,68866642.5,1677867703.0,1677868052.0,1677867984.0,1677867988.0,258.0,1677868052.0,1677868057.0,5.0,,783.0,349.0,5.0,31.0,1691153157.0,4.0,1089.0,poseidon,condorpool,poseidon-worker-2-container-24-31,xgboost_hp_tuning,/srv/xgboost_hp_tuning,,1627.9,0,0,0.1,1346557148.0,40.0,3726.0,2.0,1565.5,50.3,4643300.5,4.0
xgboost_hp_tuning_ID0000017_pegasus-plan_ID0000020,hdd_5,compute,0,1677866915.0,,,1677866920.0,1677867281.0,1677867339.0,69118126.7,1677867333.0,1677867747.0,1677867679.0,1677867683.0,249.0,1677867747.0,1677867752.0,5.0,,413.0,414.0,5.0,58.0,1691153157.0,4.0,1054.0,poseidon,condorpool,poseidon-worker-3-container-16-23,xgboost_hp_tuning,/srv/xgboost_hp_tuning,,1876.2,0,0,0.0,1346570513.0,40.0,3784.0,2.0,1816.1,56.0,4080516.7,4.0
xgboost_hp_tuning_ID0000002_pegasus-plan_ID0000020,None,compute,0,1677866915.0,,,1677866920.0,1677867570.0,1677867603.0,68769298.2,1677867621.0,1677868062.0,1677867996.0,1677868000.0,249.0,1677868062.0,1677868067.0,5.0,,701.0,441.0,5.0,33.0,1691153157.0,4.0,1063.0,poseidon,condorpool,poseidon-worker-1-container-40-47,xgboost_hp_tuning,/srv/xgboost_hp_tuning,,1944.2,0,0,0.1,1346576249.0,40.0,3801.0,2.0,1863.6,54.9,3960518.4,4.0
xgboost_hp_tuning_ID0000005_pegasus-plan_ID0000020,hdd_5,compute,0,1677866915.0,,,1677866920.0,1677867281.0,1677867337.0,69035422.2,1677867333.0,1677867762.0,1677867695.0,1677867699.0,255.0,1677867762.0,1677867767.0,5.0,,413.0,429.0,5.0,56.0,1691153157.0,4.0,1077.0,poseidon,condorpool,poseidon-worker-3-container-8-15,xgboost_hp_tuning,/srv/xgboost_hp_tuning,,1972.7,0,0,0.0,1346574224.0,40.0,3799.0,2.0,1860.8,57.1,3960512.4,4.0
xgboost_hp_tuning_ID0000016_pegasus-plan_ID0000020,hdd_5,compute,0,1677866915.0,,,1677866920.0,1677867281.0,1677867337.0,69108632.7,1677867333.0,1677867726.0,1677867658.0,1677867662.0,252.0,1677867726.0,1677867731.0,5.0,,413.0,393.0,5.0,56.0,1691153157.0,4.0,1053.0,poseidon,condorpool,poseidon-worker-3-container-32-39,xgboost_hp_tuning,/srv/xgboost_hp_tuning,,1742.4,0,0,0.0,1346562851.0,40.0,3754.0,2.0,1673.6,58.5,4343751.1,4.0
xgboost_hp_tuning_ID0000004_pegasus-plan_ID0000020,None,compute,0,1677866915.0,,,1677866920.0,1677867281.0,1677867312.0,69079524.8,1677867333.0,1677867752.0,1677867687.0,1677867691.0,252.0,1677867752.0,1677867757.0,5.0,,413.0,419.0,5.0,31.0,1691153157.0,4.0,1062.0,poseidon,condorpool,poseidon-worker-3-container-40-47,xgboost_hp_tuning,/srv/xgboost_hp_tuning,,2092.1,0,0,0.0,1346582056.0,40.0,3829.0,2.0,1990.0,65.9,3740505.7,4.0
xgboost_hp_tuning_ID0000018_pegasus-plan_ID0000020,None,compute,0,1677866915.0,,,1677866920.0,1677867276.0,1677867307.0,68913346.0,1677867327.0,1677867742.0,1677867673.0,1677867677.0,245.0,1677867742.0,1677867747.0,5.0,,407.0,415.0,5.0,31.0,1691153157.0,4.0,1055.0,poseidon,condorpool,poseidon-worker-2-container-16-23,xgboost_hp_tuning,/srv/xgboost_hp_tuning,,2017.1,0,0,0.0,1346580039.0,40.0,3816.0,2.0,1920.5,52.8,3847371.5,4.0
xgboost_hp_tuning_ID0000013_pegasus-plan_ID0000020,None,compute,0,1677866915.0,,,1677866920.0,1677867578.0,1677867609.0,68830303.8,1677867630.0,1677868062.0,1677867996.0,1677868000.0,247.0,1677868062.0,1677868067.0,5.0,,710.0,432.0,5.0,31.0,1691153157.0,4.0,1054.0,poseidon,condorpool,poseidon-worker-1-container-0-7,xgboost_hp_tuning,/srv/xgboost_hp_tuning,,1944.5,0,0,0.0,1346579724.0,40.0,3816.0,2.0,1842.3,53.0,3847370.6,4.0
xgboost_hp_tuning_ID0000007_pegasus-plan_ID0000020,None,compute,0,1677866915.0,,,1677866920.0,1677867276.0,1677867307.0,68918265.2,1677867327.0,1677867737.0,1677867671.0,1677867676.0,248.0,1677867737.0,1677867742.0,5.0,,407.0,410.0,5.0,31.0,1691153157.0,5.0,1068.0,poseidon,condorpool,poseidon-worker-2-container-32-39,xgboost_hp_tuning,/srv/xgboost_hp_tuning,,2035.0,0,0,0.1,1346580117.0,40.0,3816.0,2.0,1944.4,56.9,3847371.8,4.0
xgboost_hp_tuning_ID0000019_pegasus-plan_ID0000020,hdd_5,compute,0,1677866915.0,,,1677866920.0,1677867276.0,1677867333.0,68932409.6,1677867327.0,1677867927.0,1677867860.0,1677867864.0,249.0,1677867927.0,1677867932.0,5.0,,407.0,600.0,5.0,57.0,1691153157.0,4.0,1060.0,poseidon,condorpool,poseidon-worker-2-container-8-15,xgboost_hp_tuning,/srv/xgboost_hp_tuning,,3166.1,0,0,0.1,1346641292.0,40.0,4056.0,2.0,3042.0,71.8,2640473.1,4.0
xgboost_hp_tuning_ID0000008_pegasus-plan_ID0000020,None,compute,0,1677866915.0,,,1677866920.0,1677867202.0,1677867233.0,68974121.0,1677867254.0,1677867706.0,1677867637.0,1677867642.0,248.0,1677867706.0,1677867711.0,5.0,,334.0,452.0,5.0,31.0,1691153157.0,5.0,1059.0,poseidon,condorpool,poseidon-worker-2-container-24-31,xgboost_hp_tuning,/srv/xgboost_hp_tuning,,2025.1,0,0,0.1,1346575409.0,40.0,3801.0,2.0,1904.0,59.3,3960515.9,4.0
xgboost_hp_tuning_ID0000014_pegasus-plan_ID0000020,None,compute,0,1677866915.0,,,1677866920.0,1677867561.0,1677867593.0,68862905.7,1677867613.0,1677868062.0,1677867996.0,1677868000.0,247.0,1677868062.0,1677868067.0,5.0,,693.0,449.0,5.0,32.0,1691153157.0,4.0,1054.0,poseidon,condorpool,poseidon-worker-1-container-32-39,xgboost_hp_tuning,/srv/xgboost_hp_tuning,,1954.8,0,0,0.1,1346576238.0,40.0,3801.0,2.0,1874.6,57.2,3960518.3,4.0
xgboost_hp_tuning_ID0000021_pegasus-plan_ID0000020,None,compute,0,1677866915.0,,,1677866920.0,1677867179.0,1677867211.0,68984332.6,1677867231.0,1677867616.0,1677867548.0,1677867552.0,252.0,1677867616.0,1677867621.0,5.0,,311.0,385.0,5.0,32.0,1691153157.0,4.0,1063.0,poseidon,condorpool,poseidon-worker-1-container-8-15,xgboost_hp_tuning,/srv/xgboost_hp_tuning,,1787.5,0,0,0.0,1346568233.0,4038.0,3771.0,5.0,1731.8,55.5,4208025.7,201.9
xgboost_hp_tuning_ID0000010_pegasus-plan_ID0000020,None,compute,0,1677866915.0,,,1677866920.0,1677867179.0,1677867211.0,68913262.9,1677867231.0,1677867631.0,1677867564.0,1677867568.0,246.0,1677867631.0,1677867636.0,5.0,,311.0,400.0,5.0,32.0,1691153157.0,4.0,1048.0,poseidon,condorpool,poseidon-worker-1-container-0-7,xgboost_hp_tuning,/srv/xgboost_hp_tuning,,1888.7,0,0,0.0,1346575730.0,40.0,3801.0,2.0,1806.0,56.9,3960516.9,4.0
xgboost_hp_tuning_ID0000022_pegasus-plan_ID0000020,None,compute,0,1677866915.0,,,1677866920.0,1677867179.0,1677867211.0,68858358.0,1677867231.0,1677867621.0,1677867556.0,1677867560.0,249.0,1677867621.0,1677867626.0,5.0,,311.0,390.0,5.0,32.0,1691153157.0,4.0,1063.0,poseidon,condorpool,poseidon-worker-1-container-40-47,xgboost_hp_tuning,/srv/xgboost_hp_tuning,,1925.3,0,0,0.0,1346572197.0,40.0,3786.0,2.0,1831.7,56.8,4080521.8,4.0
xgboost_hp_tuning_ID0000011_pegasus-plan_ID0000020,hdd_5,compute,0,1677866915.0,,,1677866920.0,1677867179.0,1677867243.0,68948030.9,1677867231.0,1677867686.0,1677867621.0,1677867625.0,247.0,1677867686.0,1677867691.0,5.0,,311.0,455.0,5.0,64.0,1691153157.0,4.0,1050.0,poseidon,condorpool,poseidon-worker-1-container-24-31,xgboost_hp_tuning,/srv/xgboost_hp_tuning,,2118.0,0,0,0.0,1346583907.0,40.0,3831.0,2.0,2021.9,60.8,3740510.9,4.0
xgboost_hp_tuning_ID0000015_pegasus-plan_ID0000020,None,compute,0,1677866915.0,,,1677866920.0,1677867281.0,1677867312.0,69047785.7,1677867333.0,1677867711.0,1677867644.0,1677867648.0,249.0,1677867711.0,1677867716.0,5.0,,413.0,378.0,5.0,31.0,1691153157.0,4.0,1054.0,poseidon,condorpool,poseidon-worker-3-container-24-31,xgboost_hp_tuning,/srv/xgboost_hp_tuning,,1694.3,0,0,0.0,1346559062.0,40.0,3739.0,2.0,1594.2,56.0,4488530.2,4.0
xgboost_hp_tuning_ID0000003_pegasus-plan_ID0000020,None,compute,0,1677866915.0,,,1677866920.0,1677867281.0,1677867312.0,69101999.2,1677867333.0,1677867752.0,1677867688.0,1677867692.0,256.0,1677867752.0,1677867757.0,5.0,,413.0,419.0,5.0,31.0,1691153157.0,4.0,1067.0,poseidon,condorpool,poseidon-worker-3-container-0-7,xgboost_hp_tuning,/srv/xgboost_hp_tuning,,1993.1,0,0,0.0,1346581745.0,40.0,3829.0,2.0,1881.1,69.6,3740504.8,4.0
xgboost_hp_tuning_ID0000006_pegasus-plan_ID0000020,None,compute,0,1677866915.0,,,1677866920.0,1677867276.0,1677867307.0,68979337.4,1677867328.0,1677867706.0,1677867637.0,1677867642.0,248.0,1677867706.0,1677867711.0,5.0,,408.0,378.0,5.0,31.0,1691153157.0,5.0,1063.0,poseidon,condorpool,poseidon-worker-2-container-0-7,xgboost_hp_tuning,/srv/xgboost_hp_tuning,,1686.3,0,0,0.1,1346564477.0,40.0,3756.0,2.0,1598.0,61.5,4343756.4,4.0
xgboost_hp_tuning_ID0000020_pegasus-plan_ID0000020,None,compute,0,1677866915.0,,,1677866920.0,1677867179.0,1677867211.0,68913489.5,1677867231.0,1677868062.0,1677867996.0,1677868000.0,249.0,1677868062.0,1677868067.0,5.0,,311.0,831.0,5.0,32.0,1691153157.0,4.0,1062.0,poseidon,condorpool,poseidon-worker-1-container-16-23,xgboost_hp_tuning,/srv/xgboost_hp_tuning,,2548.6,0,0,0.1,1346618191.0,40.0,3966.0,2.0,2478.0,68.8,2992484.9,4.0
stage_out_local_condorpool_0_1_pegasus-plan_ID0000012,None,transfer,0,1677867235.0,,,1677867240.0,,,0.0,1677867240.0,1677867250.0,1677867241.0,1677867245.0,2109.0,1677867250.0,1677867255.0,5.0,,0.0,10.0,5.0,,,4.0,8500.0,poseidon,local,host-10-100-100-12.openstacklocal,pegasus::transfer,/home/poseidon/pegasus-5.1.0panorama/bin/pegasus-transfer,/home/poseidon/pegasus-5.1.0panorama/bin/../bin/pegasus-kickstart  -n pegasus::transfer -N null -i - -R local  -L xgboost_hp_tuning_group_0 -T 2023-03-03T18:07:36+00:00 /home/poseidon/pegasus-5.1.0panorama/bin/../bin/pegasus-transfer  --threads 2,1.1,0,0,,,,,,,,,
stage_out_local_condorpool_0_2_pegasus-plan_ID0000012,None,transfer,0,1677867235.0,,,1677867240.0,,,0.0,1677867240.0,1677867250.0,1677867241.0,1677867245.0,1842.0,1677867250.0,1677867255.0,5.0,,0.0,10.0,5.0,,,4.0,7428.0,poseidon,local,host-10-100-100-12.openstacklocal,pegasus::transfer,/home/poseidon/pegasus-5.1.0panorama/bin/pegasus-transfer,/home/poseidon/pegasus-5.1.0panorama/bin/../bin/pegasus-kickstart  -n pegasus::transfer -N null -i - -R local  -L xgboost_hp_tuning_group_0 -T 2023-03-03T18:07:36+00:00 /home/poseidon/pegasus-5.1.0panorama/bin/../bin/pegasus-transfer  --threads 2,1.0,0,0,,,,,,,,,
register_condorpool_0_2_pegasus-plan_ID0000012,None,auxiliary,0,1677867255.0,,,1677867270.0,,,0.0,1677867270.0,1677867275.0,,,0.0,1677867275.0,1677867280.0,15.0,,0.0,5.0,5.0,,,,,poseidon,local,host-10-100-100-12.openstacklocal,pegasus::rc-client,/home/poseidon/pegasus-5.1.0panorama/bin/pegasus-rc-client,"-n pegasus::rc-client -N null -R local  -L xgboost_hp_tuning_group_0 -T 2023-03-03T18:07:36+00:00 /home/poseidon/pegasus-5.1.0panorama/bin/pegasus-rc-client --prefix pegasus.catalog.replica.output --conf /home/poseidon/workflows/predict-future-sales-workflow/submit/poseidon/pegasus/predict-future-sales/run0401/00/00/./xgboost_hp_tuning_group_0.000/pegasus.16963467161948987961.properties -v --meta /home/poseidon/workflows/predict-future-sales-workflow/submit/poseidon/pegasus/predict-future-sales/run0401/00/00/./xgboost_hp_tuning_group_0.000/00/00/xgboost_hp_tuning_ID0000017.meta,/home/poseidon/workflows/predict-future-sales-workflow/submit/poseidon/pegasus/predict-future-sales/run0401/00/00/./xgboost_hp_tuning_group_0.000/00/00/xgboost_hp_tuning_ID0000022.meta,/home/poseidon/workflows/predict-future-sales-workflow/submit/poseidon/pegasus/predict-future-sales/run0401/00/00/./xgboost_hp_tuning_group_0.000/00/00/xgboost_hp_tuning_ID0000007.meta,/home/poseidon/workflows/predict-future-sales-workflow/submit/poseidon/pegasus/predict-future-sales/run0401/00/00/./xgboost_hp_tuning_group_0.000/00/00/xgboost_hp_tuning_ID0000020.meta,/home/poseidon/workflows/predict-future-sales-workflow/submit/poseidon/pegasus/predict-future-sales/run0401/00/00/./xgboost_hp_tuning_group_0.000/00/00/xgboost_hp_tuning_ID0000001.meta,/home/poseidon/workflows/predict-future-sales-workflow/submit/poseidon/pegasus/predict-future-sales/run0401/00/00/./xgboost_hp_tuning_group_0.000/00/00/xgboost_hp_tuning_ID0000004.meta,/home/poseidon/workflows/predict-future-sales-workflow/submit/poseidon/pegasus/predict-future-sales/run0401/00/00/./xgboost_hp_tuning_group_0.000/00/00/xgboost_hp_tuning_ID0000014.meta --insert /home/poseidon/workflows/predict-future-sales-workflow/submit/poseidon/pegasus/predict-future-sales/run0401/00/00/./xgboost_hp_tuning_group_0.000/00/00/register_condorpool_0_2.in",3.0,0,0,,,,,,,,,
register_condorpool_0_1_pegasus-plan_ID0000012,None,auxiliary,0,1677867255.0,,,1677867260.0,,,0.0,1677867260.0,1677867265.0,,,0.0,1677867265.0,1677867270.0,5.0,,0.0,5.0,5.0,,,,,poseidon,local,host-10-100-100-12.openstacklocal,pegasus::rc-client,/home/poseidon/pegasus-5.1.0panorama/bin/pegasus-rc-client,"-n pegasus::rc-client -N null -R local  -L xgboost_hp_tuning_group_0 -T 2023-03-03T18:07:36+00:00 /home/poseidon/pegasus-5.1.0panorama/bin/pegasus-rc-client --prefix pegasus.catalog.replica.output --conf /home/poseidon/workflows/predict-future-sales-workflow/submit/poseidon/pegasus/predict-future-sales/run0401/00/00/./xgboost_hp_tuning_group_0.000/pegasus.16963467161948987961.properties -v --meta /home/poseidon/workflows/predict-future-sales-workflow/submit/poseidon/pegasus/predict-future-sales/run0401/00/00/./xgboost_hp_tuning_group_0.000/00/00/xgboost_hp_tuning_ID0000013.meta,/home/poseidon/workflows/predict-future-sales-workflow/submit/poseidon/pegasus/predict-future-sales/run0401/00/00/./xgboost_hp_tuning_group_0.000/00/00/xgboost_hp_tuning_ID0000023.meta,/home/poseidon/workflows/predict-future-sales-workflow/submit/poseidon/pegasus/predict-future-sales/run0401/00/00/./xgboost_hp_tuning_group_0.000/00/00/xgboost_hp_tuning_ID0000011.meta,/home/poseidon/workflows/predict-future-sales-workflow/submit/poseidon/pegasus/predict-future-sales/run0401/00/00/./xgboost_hp_tuning_group_0.000/00/00/xgboost_hp_tuning_ID0000006.meta,/home/poseidon/workflows/predict-future-sales-workflow/submit/poseidon/pegasus/predict-future-sales/run0401/00/00/./xgboost_hp_tuning_group_0.000/00/00/xgboost_hp_tuning_ID0000003.meta,/home/poseidon/workflows/predict-future-sales-workflow/submit/poseidon/pegasus/predict-future-sales/run0401/00/00/./xgboost_hp_tuning_group_0.000/00/00/xgboost_hp_tuning_ID0000021.meta,/home/poseidon/workflows/predict-future-sales-workflow/submit/poseidon/pegasus/predict-future-sales/run0401/00/00/./xgboost_hp_tuning_group_0.000/00/00/xgboost_hp_tuning_ID0000019.meta,/home/poseidon/workflows/predict-future-sales-workflow/submit/poseidon/pegasus/predict-future-sales/run0401/00/00/./xgboost_hp_tuning_group_0.000/00/00/xgboost_hp_tuning_ID0000016.meta --insert /home/poseidon/workflows/predict-future-sales-workflow/submit/poseidon/pegasus/predict-future-sales/run0401/00/00/./xgboost_hp_tuning_group_0.000/00/00/register_condorpool_0_1.in",3.2,0,0,,,,,,,,,
stage_out_local_condorpool_0_0_pegasus-plan_ID0000012,None,transfer,0,1677867260.0,,,1677867265.0,,,0.0,1677867265.0,1677867275.0,1677867265.0,1677867269.0,2098.0,1677867275.0,1677867280.0,5.0,,0.0,10.0,5.0,,,4.0,8461.0,poseidon,local,host-10-100-100-12.openstacklocal,pegasus::transfer,/home/poseidon/pegasus-5.1.0panorama/bin/pegasus-transfer,/home/poseidon/pegasus-5.1.0panorama/bin/../bin/pegasus-kickstart  -n pegasus::transfer -N null -i - -R local  -L xgboost_hp_tuning_group_0 -T 2023-03-03T18:07:36+00:00 /home/poseidon/pegasus-5.1.0panorama/bin/../bin/pegasus-transfer  --threads 2,1.1,0,0,,,,,,,,,
xgboost_best_params_ID0000024_pegasus-plan_ID0000012,None,compute,0,1677867260.0,,,1677867265.0,1677867276.0,1677867293.0,33257530.0,1677867327.0,1677867705.0,1677867637.0,1677867642.0,250.0,1677867705.0,1677867710.0,5.0,,62.0,378.0,5.0,17.0,368018658.0,5.0,1068.0,poseidon,condorpool,poseidon-worker-2-container-40-47,xgboost_best_params,/srv/xgboost_best_params,,0.0,0,0,,,,,,,,,
register_condorpool_0_0_pegasus-plan_ID0000012,None,auxiliary,0,1677867280.0,,,1677867285.0,,,0.0,1677867285.0,1677867290.0,,,0.0,1677867290.0,1677867295.0,5.0,,0.0,5.0,5.0,,,,,poseidon,local,host-10-100-100-12.openstacklocal,pegasus::rc-client,/home/poseidon/pegasus-5.1.0panorama/bin/pegasus-rc-client,"-n pegasus::rc-client -N null -R local  -L xgboost_hp_tuning_group_0 -T 2023-03-03T18:07:36+00:00 /home/poseidon/pegasus-5.1.0panorama/bin/pegasus-rc-client --prefix pegasus.catalog.replica.output --conf /home/poseidon/workflows/predict-future-sales-workflow/submit/poseidon/pegasus/predict-future-sales/run0401/00/00/./xgboost_hp_tuning_group_0.000/pegasus.16963467161948987961.properties -v --meta /home/poseidon/workflows/predict-future-sales-workflow/submit/poseidon/pegasus/predict-future-sales/run0401/00/00/./xgboost_hp_tuning_group_0.000/00/00/xgboost_hp_tuning_ID0000018.meta,/home/poseidon/workflows/predict-future-sales-workflow/submit/poseidon/pegasus/predict-future-sales/run0401/00/00/./xgboost_hp_tuning_group_0.000/00/00/xgboost_hp_tuning_ID0000002.meta,/home/poseidon/workflows/predict-future-sales-workflow/submit/poseidon/pegasus/predict-future-sales/run0401/00/00/./xgboost_hp_tuning_group_0.000/00/00/xgboost_hp_tuning_ID0000005.meta,/home/poseidon/workflows/predict-future-sales-workflow/submit/poseidon/pegasus/predict-future-sales/run0401/00/00/./xgboost_hp_tuning_group_0.000/00/00/xgboost_hp_tuning_ID0000009.meta,/home/poseidon/workflows/predict-future-sales-workflow/submit/poseidon/pegasus/predict-future-sales/run0401/00/00/./xgboost_hp_tuning_group_0.000/00/00/xgboost_hp_tuning_ID0000015.meta,/home/poseidon/workflows/predict-future-sales-workflow/submit/poseidon/pegasus/predict-future-sales/run0401/00/00/./xgboost_hp_tuning_group_0.000/00/00/xgboost_hp_tuning_ID0000012.meta,/home/poseidon/workflows/predict-future-sales-workflow/submit/poseidon/pegasus/predict-future-sales/run0401/00/00/./xgboost_hp_tuning_group_0.000/00/00/xgboost_hp_tuning_ID0000010.meta,/home/poseidon/workflows/predict-future-sales-workflow/submit/poseidon/pegasus/predict-future-sales/run0401/00/00/./xgboost_hp_tuning_group_0.000/00/00/xgboost_hp_tuning_ID0000008.meta --insert /home/poseidon/workflows/predict-future-sales-workflow/submit/poseidon/pegasus/predict-future-sales/run0401/00/00/./xgboost_hp_tuning_group_0.000/00/00/register_condorpool_0_0.in",3.2,0,0,,,,,,,,,
stage_out_local_condorpool_0_2_pegasus-plan_ID0000016,None,transfer,0,1677867341.0,,,1677867346.0,,,0.0,1677867346.0,1677867356.0,1677867346.0,1677867350.0,1839.0,1677867356.0,1677867361.0,5.0,,0.0,10.0,5.0,,,4.0,7421.0,poseidon,local,host-10-100-100-12.openstacklocal,pegasus::transfer,/home/poseidon/pegasus-5.1.0panorama/bin/pegasus-transfer,/home/poseidon/pegasus-5.1.0panorama/bin/../bin/pegasus-kickstart  -n pegasus::transfer -N null -i - -R local  -L xgboost_hp_tuning_group_1 -T 2023-03-03T18:07:36+00:00 /home/poseidon/pegasus-5.1.0panorama/bin/../bin/pegasus-transfer  --threads 2,1.1,0,0,,,,,,,,,
xgboost_best_params_ID0000024_pegasus-plan_ID0000016,None,compute,0,1677867341.0,,,1677867346.0,1677867561.0,1677867579.0,32943906.8,1677867613.0,1677867652.0,1677867586.0,1677867590.0,250.0,1677867652.0,1677867657.0,5.0,,267.0,39.0,5.0,18.0,368018643.0,4.0,1064.0,poseidon,condorpool,poseidon-worker-1-container-8-15,xgboost_best_params,/srv/xgboost_best_params,,0.0,0,0,,,,,,,,,
stage_out_local_condorpool_0_1_pegasus-plan_ID0000016,None,transfer,0,1677867341.0,,,1677867346.0,,,0.0,1677867346.0,1677867356.0,1677867346.0,1677867350.0,2108.0,1677867356.0,1677867361.0,5.0,,0.0,10.0,5.0,,,4.0,8500.0,poseidon,local,host-10-100-100-12.openstacklocal,pegasus::transfer,/home/poseidon/pegasus-5.1.0panorama/bin/pegasus-transfer,/home/poseidon/pegasus-5.1.0panorama/bin/../bin/pegasus-kickstart  -n pegasus::transfer -N null -i - -R local  -L xgboost_hp_tuning_group_1 -T 2023-03-03T18:07:36+00:00 /home/poseidon/pegasus-5.1.0panorama/bin/../bin/pegasus-transfer  --threads 2,1.1,0,0,,,,,,,,,
stage_out_local_condorpool_0_0_pegasus-plan_ID0000016,None,transfer,0,1677867341.0,,,1677867346.0,,,0.0,1677867346.0,1677867356.0,1677867346.0,1677867350.0,2096.0,1677867356.0,1677867361.0,5.0,,0.0,10.0,5.0,,,4.0,8453.0,poseidon,local,host-10-100-100-12.openstacklocal,pegasus::transfer,/home/poseidon/pegasus-5.1.0panorama/bin/pegasus-transfer,/home/poseidon/pegasus-5.1.0panorama/bin/../bin/pegasus-kickstart  -n pegasus::transfer -N null -i - -R local  -L xgboost_hp_tuning_group_1 -T 2023-03-03T18:07:36+00:00 /home/poseidon/pegasus-5.1.0panorama/bin/../bin/pegasus-transfer  --threads 2,1.1,0,0,,,,,,,,,
register_condorpool_0_1_pegasus-plan_ID0000016,None,auxiliary,0,1677867361.0,,,1677867366.0,,,0.0,1677867366.0,1677867371.0,,,0.0,1677867371.0,1677867376.0,5.0,,0.0,5.0,5.0,,,,,poseidon,local,host-10-100-100-12.openstacklocal,pegasus::rc-client,/home/poseidon/pegasus-5.1.0panorama/bin/pegasus-rc-client,"-n pegasus::rc-client -N null -R local  -L xgboost_hp_tuning_group_1 -T 2023-03-03T18:07:36+00:00 /home/poseidon/pegasus-5.1.0panorama/bin/pegasus-rc-client --prefix pegasus.catalog.replica.output --conf /home/poseidon/workflows/predict-future-sales-workflow/submit/poseidon/pegasus/predict-future-sales/run0401/00/00/./xgboost_hp_tuning_group_1.000/pegasus.548315069004168739.properties -v --meta /home/poseidon/workflows/predict-future-sales-workflow/submit/poseidon/pegasus/predict-future-sales/run0401/00/00/./xgboost_hp_tuning_group_1.000/00/00/xgboost_hp_tuning_ID0000006.meta,/home/poseidon/workflows/predict-future-sales-workflow/submit/poseidon/pegasus/predict-future-sales/run0401/00/00/./xgboost_hp_tuning_group_1.000/00/00/xgboost_hp_tuning_ID0000013.meta,/home/poseidon/workflows/predict-future-sales-workflow/submit/poseidon/pegasus/predict-future-sales/run0401/00/00/./xgboost_hp_tuning_group_1.000/00/00/xgboost_hp_tuning_ID0000016.meta,/home/poseidon/workflows/predict-future-sales-workflow/submit/poseidon/pegasus/predict-future-sales/run0401/00/00/./xgboost_hp_tuning_group_1.000/00/00/xgboost_hp_tuning_ID0000011.meta,/home/poseidon/workflows/predict-future-sales-workflow/submit/poseidon/pegasus/predict-future-sales/run0401/00/00/./xgboost_hp_tuning_group_1.000/00/00/xgboost_hp_tuning_ID0000003.meta,/home/poseidon/workflows/predict-future-sales-workflow/submit/poseidon/pegasus/predict-future-sales/run0401/00/00/./xgboost_hp_tuning_group_1.000/00/00/xgboost_hp_tuning_ID0000023.meta,/home/poseidon/workflows/predict-future-sales-workflow/submit/poseidon/pegasus/predict-future-sales/run0401/00/00/./xgboost_hp_tuning_group_1.000/00/00/xgboost_hp_tuning_ID0000021.meta,/home/poseidon/workflows/predict-future-sales-workflow/submit/poseidon/pegasus/predict-future-sales/run0401/00/00/./xgboost_hp_tuning_group_1.000/00/00/xgboost_hp_tuning_ID0000019.meta --insert /home/poseidon/workflows/predict-future-sales-workflow/submit/poseidon/pegasus/predict-future-sales/run0401/00/00/./xgboost_hp_tuning_group_1.000/00/00/register_condorpool_0_1.in",2.9,0,0,,,,,,,,,
register_condorpool_0_0_pegasus-plan_ID0000016,None,auxiliary,0,1677867361.0,,,1677867386.0,,,0.0,1677867386.0,1677867391.0,,,0.0,1677867391.0,1677867396.0,25.0,,0.0,5.0,5.0,,,,,poseidon,local,host-10-100-100-12.openstacklocal,pegasus::rc-client,/home/poseidon/pegasus-5.1.0panorama/bin/pegasus-rc-client,"-n pegasus::rc-client -N null -R local  -L xgboost_hp_tuning_group_1 -T 2023-03-03T18:07:36+00:00 /home/poseidon/pegasus-5.1.0panorama/bin/pegasus-rc-client --prefix pegasus.catalog.replica.output --conf /home/poseidon/workflows/predict-future-sales-workflow/submit/poseidon/pegasus/predict-future-sales/run0401/00/00/./xgboost_hp_tuning_group_1.000/pegasus.548315069004168739.properties -v --meta /home/poseidon/workflows/predict-future-sales-workflow/submit/poseidon/pegasus/predict-future-sales/run0401/00/00/./xgboost_hp_tuning_group_1.000/00/00/xgboost_hp_tuning_ID0000005.meta,/home/poseidon/workflows/predict-future-sales-workflow/submit/poseidon/pegasus/predict-future-sales/run0401/00/00/./xgboost_hp_tuning_group_1.000/00/00/xgboost_hp_tuning_ID0000009.meta,/home/poseidon/workflows/predict-future-sales-workflow/submit/poseidon/pegasus/predict-future-sales/run0401/00/00/./xgboost_hp_tuning_group_1.000/00/00/xgboost_hp_tuning_ID0000010.meta,/home/poseidon/workflows/predict-future-sales-workflow/submit/poseidon/pegasus/predict-future-sales/run0401/00/00/./xgboost_hp_tuning_group_1.000/00/00/xgboost_hp_tuning_ID0000018.meta,/home/poseidon/workflows/predict-future-sales-workflow/submit/poseidon/pegasus/predict-future-sales/run0401/00/00/./xgboost_hp_tuning_group_1.000/00/00/xgboost_hp_tuning_ID0000008.meta,/home/poseidon/workflows/predict-future-sales-workflow/submit/poseidon/pegasus/predict-future-sales/run0401/00/00/./xgboost_hp_tuning_group_1.000/00/00/xgboost_hp_tuning_ID0000012.meta,/home/poseidon/workflows/predict-future-sales-workflow/submit/poseidon/pegasus/predict-future-sales/run0401/00/00/./xgboost_hp_tuning_group_1.000/00/00/xgboost_hp_tuning_ID0000015.meta,/home/poseidon/workflows/predict-future-sales-workflow/submit/poseidon/pegasus/predict-future-sales/run0401/00/00/./xgboost_hp_tuning_group_1.000/00/00/xgboost_hp_tuning_ID0000002.meta --insert /home/poseidon/workflows/predict-future-sales-workflow/submit/poseidon/pegasus/predict-future-sales/run0401/00/00/./xgboost_hp_tuning_group_1.000/00/00/register_condorpool_0_0.in",3.0,0,0,,,,,,,,,
register_condorpool_0_2_pegasus-plan_ID0000016,None,auxiliary,0,1677867361.0,,,1677867376.0,,,0.0,1677867376.0,1677867381.0,,,0.0,1677867381.0,1677867386.0,15.0,,0.0,5.0,5.0,,,,,poseidon,local,host-10-100-100-12.openstacklocal,pegasus::rc-client,/home/poseidon/pegasus-5.1.0panorama/bin/pegasus-rc-client,"-n pegasus::rc-client -N null -R local  -L xgboost_hp_tuning_group_1 -T 2023-03-03T18:07:36+00:00 /home/poseidon/pegasus-5.1.0panorama/bin/pegasus-rc-client --prefix pegasus.catalog.replica.output --conf /home/poseidon/workflows/predict-future-sales-workflow/submit/poseidon/pegasus/predict-future-sales/run0401/00/00/./xgboost_hp_tuning_group_1.000/pegasus.548315069004168739.properties -v --meta /home/poseidon/workflows/predict-future-sales-workflow/submit/poseidon/pegasus/predict-future-sales/run0401/00/00/./xgboost_hp_tuning_group_1.000/00/00/xgboost_hp_tuning_ID0000001.meta,/home/poseidon/workflows/predict-future-sales-workflow/submit/poseidon/pegasus/predict-future-sales/run0401/00/00/./xgboost_hp_tuning_group_1.000/00/00/xgboost_hp_tuning_ID0000022.meta,/home/poseidon/workflows/predict-future-sales-workflow/submit/poseidon/pegasus/predict-future-sales/run0401/00/00/./xgboost_hp_tuning_group_1.000/00/00/xgboost_hp_tuning_ID0000017.meta,/home/poseidon/workflows/predict-future-sales-workflow/submit/poseidon/pegasus/predict-future-sales/run0401/00/00/./xgboost_hp_tuning_group_1.000/00/00/xgboost_hp_tuning_ID0000014.meta,/home/poseidon/workflows/predict-future-sales-workflow/submit/poseidon/pegasus/predict-future-sales/run0401/00/00/./xgboost_hp_tuning_group_1.000/00/00/xgboost_hp_tuning_ID0000020.meta,/home/poseidon/workflows/predict-future-sales-workflow/submit/poseidon/pegasus/predict-future-sales/run0401/00/00/./xgboost_hp_tuning_group_1.000/00/00/xgboost_hp_tuning_ID0000007.meta,/home/poseidon/workflows/predict-future-sales-workflow/submit/poseidon/pegasus/predict-future-sales/run0401/00/00/./xgboost_hp_tuning_group_1.000/00/00/xgboost_hp_tuning_ID0000004.meta --insert /home/poseidon/workflows/predict-future-sales-workflow/submit/poseidon/pegasus/predict-future-sales/run0401/00/00/./xgboost_hp_tuning_group_1.000/00/00/register_condorpool_0_2.in",3.1,0,0,,,,,,,,,
stage_out_local_condorpool_1_0_pegasus-plan_ID0000016,None,transfer,0,1677867657.0,,,1677867662.0,,,0.0,1677867662.0,1677867672.0,1677867662.0,1677867667.0,1232.0,1677867672.0,1677867677.0,5.0,,0.0,10.0,5.0,,,5.0,5320.0,poseidon,local,host-10-100-100-12.openstacklocal,pegasus::transfer,/home/poseidon/pegasus-5.1.0panorama/bin/pegasus-transfer,/home/poseidon/pegasus-5.1.0panorama/bin/../bin/pegasus-kickstart  -n pegasus::transfer -N null -i - -R local  -L xgboost_hp_tuning_group_1 -T 2023-03-03T18:07:36+00:00 /home/poseidon/pegasus-5.1.0panorama/bin/../bin/pegasus-transfer  --threads 2,0.7,0,0,,,,,,,,,
register_condorpool_1_0_pegasus-plan_ID0000016,None,auxiliary,0,1677867677.0,,,1677867682.0,,,0.0,1677867682.0,1677867687.0,,,0.0,1677867687.0,1677867692.0,5.0,,0.0,5.0,5.0,,,,,poseidon,local,host-10-100-100-12.openstacklocal,pegasus::rc-client,/home/poseidon/pegasus-5.1.0panorama/bin/pegasus-rc-client,-n pegasus::rc-client -N null -R local  -L xgboost_hp_tuning_group_1 -T 2023-03-03T18:07:36+00:00 /home/poseidon/pegasus-5.1.0panorama/bin/pegasus-rc-client --prefix pegasus.catalog.replica.output --conf /home/poseidon/workflows/predict-future-sales-workflow/submit/poseidon/pegasus/predict-future-sales/run0401/00/00/./xgboost_hp_tuning_group_1.000/pegasus.548315069004168739.properties -v --meta /home/poseidon/workflows/predict-future-sales-workflow/submit/poseidon/pegasus/predict-future-sales/run0401/00/00/./xgboost_hp_tuning_group_1.000/00/00/xgboost_best_params_ID0000024.meta --insert /home/poseidon/workflows/predict-future-sales-workflow/submit/poseidon/pegasus/predict-future-sales/run0401/00/00/./xgboost_hp_tuning_group_1.000/00/00/register_condorpool_1_0.in,3.0,0,0,,,,,,,,,
xgboost_model_ID0000017,None,compute,0,1677867695.0,,,1677867700.0,1677867651.0,1677867668.0,42322768.8,1677867703.0,1677867745.0,1677867677.0,1677867682.0,24804.0,1677867745.0,1677867750.0,5.0,,3.0,42.0,5.0,17.0,377645131.0,5.0,109096.0,poseidon,condorpool,poseidon-worker-2-container-40-47,xgboost_model,/srv/xgboost_model,,7.0,0,0,,,,,,,,,
stage_out_local_condorpool_1_0_pegasus-plan_ID0000012,None,transfer,0,1677867710.0,,,1677867715.0,,,0.0,1677867715.0,1677867725.0,1677867715.0,1677867720.0,1236.0,1677867725.0,1677867730.0,5.0,,0.0,10.0,5.0,,,5.0,5340.0,poseidon,local,host-10-100-100-12.openstacklocal,pegasus::transfer,/home/poseidon/pegasus-5.1.0panorama/bin/pegasus-transfer,/home/poseidon/pegasus-5.1.0panorama/bin/../bin/pegasus-kickstart  -n pegasus::transfer -N null -i - -R local  -L xgboost_hp_tuning_group_0 -T 2023-03-03T18:07:36+00:00 /home/poseidon/pegasus-5.1.0panorama/bin/../bin/pegasus-transfer  --threads 2,0.7,0,0,,,,,,,,,
register_condorpool_1_0_pegasus-plan_ID0000012,None,auxiliary,0,1677867730.0,,,1677867735.0,,,0.0,1677867735.0,1677867740.0,,,0.0,1677867740.0,1677867745.0,5.0,,0.0,5.0,5.0,,,,,poseidon,local,host-10-100-100-12.openstacklocal,pegasus::rc-client,/home/poseidon/pegasus-5.1.0panorama/bin/pegasus-rc-client,-n pegasus::rc-client -N null -R local  -L xgboost_hp_tuning_group_0 -T 2023-03-03T18:07:36+00:00 /home/poseidon/pegasus-5.1.0panorama/bin/pegasus-rc-client --prefix pegasus.catalog.replica.output --conf /home/poseidon/workflows/predict-future-sales-workflow/submit/poseidon/pegasus/predict-future-sales/run0401/00/00/./xgboost_hp_tuning_group_0.000/pegasus.16963467161948987961.properties -v --meta /home/poseidon/workflows/predict-future-sales-workflow/submit/poseidon/pegasus/predict-future-sales/run0401/00/00/./xgboost_hp_tuning_group_0.000/00/00/xgboost_best_params_ID0000024.meta --insert /home/poseidon/workflows/predict-future-sales-workflow/submit/poseidon/pegasus/predict-future-sales/run0401/00/00/./xgboost_hp_tuning_group_0.000/00/00/register_condorpool_1_0.in,3.2,0,0,,,,,,,,,
model_predict_ID0000018,hdd_5,compute,0,1677867750.0,,,1677867755.0,1677867705.0,1677867748.0,41683423.8,1677867757.0,1677867955.0,1677867886.0,1677867891.0,5920.0,1677867955.0,1677867960.0,5.0,,2.0,198.0,5.0,43.0,368211454.0,5.0,25035.0,poseidon,condorpool,poseidon-worker-3-container-16-23,model_predict,/srv/model_predict,,2.6,0,0,,,,,,,,,
xgboost_model_ID0000013,None,compute,0,1677867750.0,,,1677867755.0,1677867705.0,1677867723.0,46471143.2,1677867757.0,1677867805.0,1677867738.0,1677867743.0,273974.0,1677867805.0,1677867810.0,5.0,,2.0,48.0,5.0,18.0,502671198.0,5.0,1249602.0,poseidon,condorpool,poseidon-worker-2-container-16-23,xgboost_model,/srv/xgboost_model,,34.5,0,0,,,,,,,,,
model_predict_ID0000014,hdd_5,compute,0,1677867810.0,,,1677867815.0,1677867764.0,1677867808.0,41992069.2,1677867816.0,1677867955.0,1677867886.0,1677867891.0,102961.0,1677867955.0,1677867960.0,5.0,,1.0,139.0,5.0,44.0,371436857.0,5.0,451213.0,poseidon,condorpool,poseidon-worker-3-container-8-15,model_predict,/srv/model_predict,,2.6,0,0,,,,,,,,,
stage_out_local_condorpool_0_1_pegasus-plan_ID0000020,None,transfer,0,1677868067.0,,,1677868073.0,,,0.0,1677868073.0,1677868083.0,1677868073.0,1677868077.0,2106.0,1677868083.0,1677868088.0,6.0,,0.0,10.0,5.0,,,4.0,8499.0,poseidon,local,host-10-100-100-12.openstacklocal,pegasus::transfer,/home/poseidon/pegasus-5.1.0panorama/bin/pegasus-transfer,/home/poseidon/pegasus-5.1.0panorama/bin/../bin/pegasus-kickstart  -n pegasus::transfer -N null -i - -R local  -L xgboost_hp_tuning_group_2 -T 2023-03-03T18:07:36+00:00 /home/poseidon/pegasus-5.1.0panorama/bin/../bin/pegasus-transfer  --threads 2,1.0,0,0,,,,,,,,,
stage_out_local_condorpool_0_2_pegasus-plan_ID0000020,None,transfer,0,1677868067.0,,,1677868073.0,,,0.0,1677868073.0,1677868083.0,1677868073.0,1677868077.0,1841.0,1677868083.0,1677868088.0,6.0,,0.0,10.0,5.0,,,4.0,7428.0,poseidon,local,host-10-100-100-12.openstacklocal,pegasus::transfer,/home/poseidon/pegasus-5.1.0panorama/bin/pegasus-transfer,/home/poseidon/pegasus-5.1.0panorama/bin/../bin/pegasus-kickstart  -n pegasus::transfer -N null -i - -R local  -L xgboost_hp_tuning_group_2 -T 2023-03-03T18:07:36+00:00 /home/poseidon/pegasus-5.1.0panorama/bin/../bin/pegasus-transfer  --threads 2,1.0,0,0,,,,,,,,,
register_condorpool_0_2_pegasus-plan_ID0000020,None,auxiliary,0,1677868088.0,,,1677868093.0,,,0.0,1677868093.0,1677868098.0,,,0.0,1677868098.0,1677868103.0,5.0,,0.0,5.0,5.0,,,,,poseidon,local,host-10-100-100-12.openstacklocal,pegasus::rc-client,/home/poseidon/pegasus-5.1.0panorama/bin/pegasus-rc-client,"-n pegasus::rc-client -N null -R local  -L xgboost_hp_tuning_group_2 -T 2023-03-03T18:07:36+00:00 /home/poseidon/pegasus-5.1.0panorama/bin/pegasus-rc-client --prefix pegasus.catalog.replica.output --conf /home/poseidon/workflows/predict-future-sales-workflow/submit/poseidon/pegasus/predict-future-sales/run0401/00/00/./xgboost_hp_tuning_group_2.000/pegasus.17319514655588365942.properties -v --meta /home/poseidon/workflows/predict-future-sales-workflow/submit/poseidon/pegasus/predict-future-sales/run0401/00/00/./xgboost_hp_tuning_group_2.000/00/00/xgboost_hp_tuning_ID0000017.meta,/home/poseidon/workflows/predict-future-sales-workflow/submit/poseidon/pegasus/predict-future-sales/run0401/00/00/./xgboost_hp_tuning_group_2.000/00/00/xgboost_hp_tuning_ID0000022.meta,/home/poseidon/workflows/predict-future-sales-workflow/submit/poseidon/pegasus/predict-future-sales/run0401/00/00/./xgboost_hp_tuning_group_2.000/00/00/xgboost_hp_tuning_ID0000007.meta,/home/poseidon/workflows/predict-future-sales-workflow/submit/poseidon/pegasus/predict-future-sales/run0401/00/00/./xgboost_hp_tuning_group_2.000/00/00/xgboost_hp_tuning_ID0000020.meta,/home/poseidon/workflows/predict-future-sales-workflow/submit/poseidon/pegasus/predict-future-sales/run0401/00/00/./xgboost_hp_tuning_group_2.000/00/00/xgboost_hp_tuning_ID0000001.meta,/home/poseidon/workflows/predict-future-sales-workflow/submit/poseidon/pegasus/predict-future-sales/run0401/00/00/./xgboost_hp_tuning_group_2.000/00/00/xgboost_hp_tuning_ID0000004.meta,/home/poseidon/workflows/predict-future-sales-workflow/submit/poseidon/pegasus/predict-future-sales/run0401/00/00/./xgboost_hp_tuning_group_2.000/00/00/xgboost_hp_tuning_ID0000014.meta --insert /home/poseidon/workflows/predict-future-sales-workflow/submit/poseidon/pegasus/predict-future-sales/run0401/00/00/./xgboost_hp_tuning_group_2.000/00/00/register_condorpool_0_2.in",3.0,0,0,,,,,,,,,
register_condorpool_0_1_pegasus-plan_ID0000020,None,auxiliary,0,1677868088.0,,,1677868103.0,,,0.0,1677868103.0,1677868108.0,,,0.0,1677868108.0,1677868113.0,15.0,,0.0,5.0,5.0,,,,,poseidon,local,host-10-100-100-12.openstacklocal,pegasus::rc-client,/home/poseidon/pegasus-5.1.0panorama/bin/pegasus-rc-client,"-n pegasus::rc-client -N null -R local  -L xgboost_hp_tuning_group_2 -T 2023-03-03T18:07:36+00:00 /home/poseidon/pegasus-5.1.0panorama/bin/pegasus-rc-client --prefix pegasus.catalog.replica.output --conf /home/poseidon/workflows/predict-future-sales-workflow/submit/poseidon/pegasus/predict-future-sales/run0401/00/00/./xgboost_hp_tuning_group_2.000/pegasus.17319514655588365942.properties -v --meta /home/poseidon/workflows/predict-future-sales-workflow/submit/poseidon/pegasus/predict-future-sales/run0401/00/00/./xgboost_hp_tuning_group_2.000/00/00/xgboost_hp_tuning_ID0000013.meta,/home/poseidon/workflows/predict-future-sales-workflow/submit/poseidon/pegasus/predict-future-sales/run0401/00/00/./xgboost_hp_tuning_group_2.000/00/00/xgboost_hp_tuning_ID0000023.meta,/home/poseidon/workflows/predict-future-sales-workflow/submit/poseidon/pegasus/predict-future-sales/run0401/00/00/./xgboost_hp_tuning_group_2.000/00/00/xgboost_hp_tuning_ID0000011.meta,/home/poseidon/workflows/predict-future-sales-workflow/submit/poseidon/pegasus/predict-future-sales/run0401/00/00/./xgboost_hp_tuning_group_2.000/00/00/xgboost_hp_tuning_ID0000006.meta,/home/poseidon/workflows/predict-future-sales-workflow/submit/poseidon/pegasus/predict-future-sales/run0401/00/00/./xgboost_hp_tuning_group_2.000/00/00/xgboost_hp_tuning_ID0000003.meta,/home/poseidon/workflows/predict-future-sales-workflow/submit/poseidon/pegasus/predict-future-sales/run0401/00/00/./xgboost_hp_tuning_group_2.000/00/00/xgboost_hp_tuning_ID0000021.meta,/home/poseidon/workflows/predict-future-sales-workflow/submit/poseidon/pegasus/predict-future-sales/run0401/00/00/./xgboost_hp_tuning_group_2.000/00/00/xgboost_hp_tuning_ID0000019.meta,/home/poseidon/workflows/predict-future-sales-workflow/submit/poseidon/pegasus/predict-future-sales/run0401/00/00/./xgboost_hp_tuning_group_2.000/00/00/xgboost_hp_tuning_ID0000016.meta --insert /home/poseidon/workflows/predict-future-sales-workflow/submit/poseidon/pegasus/predict-future-sales/run0401/00/00/./xgboost_hp_tuning_group_2.000/00/00/register_condorpool_0_1.in",3.1,0,0,,,,,,,,,
xgboost_best_params_ID0000024_pegasus-plan_ID0000020,hdd_5,compute,0,1677868123.0,,,1677868128.0,1677868078.0,1677868122.0,33279287.8,1677868130.0,1677868253.0,1677868188.0,1677868192.0,252.0,1677868253.0,1677868258.0,5.0,,2.0,123.0,5.0,44.0,368018660.0,4.0,1060.0,poseidon,condorpool,poseidon-worker-1-container-24-31,xgboost_best_params,/srv/xgboost_best_params,,0.0,0,0,,,,,,,,,
stage_out_local_condorpool_0_0_pegasus-plan_ID0000020,None,transfer,0,1677868123.0,,,1677868128.0,,,0.0,1677868128.0,1677868138.0,1677868129.0,1677868133.0,2101.0,1677868138.0,1677868143.0,5.0,,0.0,10.0,5.0,,,4.0,8464.0,poseidon,local,host-10-100-100-12.openstacklocal,pegasus::transfer,/home/poseidon/pegasus-5.1.0panorama/bin/pegasus-transfer,/home/poseidon/pegasus-5.1.0panorama/bin/../bin/pegasus-kickstart  -n pegasus::transfer -N null -i - -R local  -L xgboost_hp_tuning_group_2 -T 2023-03-03T18:07:36+00:00 /home/poseidon/pegasus-5.1.0panorama/bin/../bin/pegasus-transfer  --threads 2,1.1,0,0,,,,,,,,,
register_condorpool_0_0_pegasus-plan_ID0000020,None,auxiliary,0,1677868143.0,,,1677868148.0,,,0.0,1677868148.0,1677868153.0,,,0.0,1677868153.0,1677868158.0,5.0,,0.0,5.0,5.0,,,,,poseidon,local,host-10-100-100-12.openstacklocal,pegasus::rc-client,/home/poseidon/pegasus-5.1.0panorama/bin/pegasus-rc-client,"-n pegasus::rc-client -N null -R local  -L xgboost_hp_tuning_group_2 -T 2023-03-03T18:07:36+00:00 /home/poseidon/pegasus-5.1.0panorama/bin/pegasus-rc-client --prefix pegasus.catalog.replica.output --conf /home/poseidon/workflows/predict-future-sales-workflow/submit/poseidon/pegasus/predict-future-sales/run0401/00/00/./xgboost_hp_tuning_group_2.000/pegasus.17319514655588365942.properties -v --meta /home/poseidon/workflows/predict-future-sales-workflow/submit/poseidon/pegasus/predict-future-sales/run0401/00/00/./xgboost_hp_tuning_group_2.000/00/00/xgboost_hp_tuning_ID0000018.meta,/home/poseidon/workflows/predict-future-sales-workflow/submit/poseidon/pegasus/predict-future-sales/run0401/00/00/./xgboost_hp_tuning_group_2.000/00/00/xgboost_hp_tuning_ID0000002.meta,/home/poseidon/workflows/predict-future-sales-workflow/submit/poseidon/pegasus/predict-future-sales/run0401/00/00/./xgboost_hp_tuning_group_2.000/00/00/xgboost_hp_tuning_ID0000005.meta,/home/poseidon/workflows/predict-future-sales-workflow/submit/poseidon/pegasus/predict-future-sales/run0401/00/00/./xgboost_hp_tuning_group_2.000/00/00/xgboost_hp_tuning_ID0000009.meta,/home/poseidon/workflows/predict-future-sales-workflow/submit/poseidon/pegasus/predict-future-sales/run0401/00/00/./xgboost_hp_tuning_group_2.000/00/00/xgboost_hp_tuning_ID0000015.meta,/home/poseidon/workflows/predict-future-sales-workflow/submit/poseidon/pegasus/predict-future-sales/run0401/00/00/./xgboost_hp_tuning_group_2.000/00/00/xgboost_hp_tuning_ID0000012.meta,/home/poseidon/workflows/predict-future-sales-workflow/submit/poseidon/pegasus/predict-future-sales/run0401/00/00/./xgboost_hp_tuning_group_2.000/00/00/xgboost_hp_tuning_ID0000010.meta,/home/poseidon/workflows/predict-future-sales-workflow/submit/poseidon/pegasus/predict-future-sales/run0401/00/00/./xgboost_hp_tuning_group_2.000/00/00/xgboost_hp_tuning_ID0000008.meta --insert /home/poseidon/workflows/predict-future-sales-workflow/submit/poseidon/pegasus/predict-future-sales/run0401/00/00/./xgboost_hp_tuning_group_2.000/00/00/register_condorpool_0_0.in",3.0,0,0,,,,,,,,,
stage_out_local_condorpool_1_0_pegasus-plan_ID0000020,None,transfer,0,1677868258.0,,,1677868263.0,,,0.0,1677868263.0,1677868273.0,1677868264.0,1677868268.0,1250.0,1677868273.0,1677868278.0,5.0,,0.0,10.0,5.0,,,4.0,5300.0,poseidon,local,host-10-100-100-12.openstacklocal,pegasus::transfer,/home/poseidon/pegasus-5.1.0panorama/bin/pegasus-transfer,/home/poseidon/pegasus-5.1.0panorama/bin/../bin/pegasus-kickstart  -n pegasus::transfer -N null -i - -R local  -L xgboost_hp_tuning_group_2 -T 2023-03-03T18:07:36+00:00 /home/poseidon/pegasus-5.1.0panorama/bin/../bin/pegasus-transfer  --threads 2,0.7,0,0,,,,,,,,,
register_condorpool_1_0_pegasus-plan_ID0000020,None,auxiliary,0,1677868278.0,,,1677868283.0,,,0.0,1677868284.0,1677868288.0,,,0.0,1677868288.0,1677868293.0,5.0,,1.0,4.0,5.0,,,,,poseidon,local,host-10-100-100-12.openstacklocal,pegasus::rc-client,/home/poseidon/pegasus-5.1.0panorama/bin/pegasus-rc-client,-n pegasus::rc-client -N null -R local  -L xgboost_hp_tuning_group_2 -T 2023-03-03T18:07:36+00:00 /home/poseidon/pegasus-5.1.0panorama/bin/pegasus-rc-client --prefix pegasus.catalog.replica.output --conf /home/poseidon/workflows/predict-future-sales-workflow/submit/poseidon/pegasus/predict-future-sales/run0401/00/00/./xgboost_hp_tuning_group_2.000/pegasus.17319514655588365942.properties -v --meta /home/poseidon/workflows/predict-future-sales-workflow/submit/poseidon/pegasus/predict-future-sales/run0401/00/00/./xgboost_hp_tuning_group_2.000/00/00/xgboost_best_params_ID0000024.meta --insert /home/poseidon/workflows/predict-future-sales-workflow/submit/poseidon/pegasus/predict-future-sales/run0401/00/00/./xgboost_hp_tuning_group_2.000/00/00/register_condorpool_1_0.in,3.1,0,0,,,,,,,,,
xgboost_model_ID0000021,None,compute,0,1677868295.0,,,1677868300.0,1677868253.0,1677868286.0,68929751.2,1677868305.0,1677868480.0,1677868415.0,1677868420.0,2412322.0,1677868480.0,1677868485.0,5.0,,5.0,175.0,5.0,33.0,1691152081.0,5.0,11242286.0,poseidon,condorpool,poseidon-worker-2-container-40-47,xgboost_model,/srv/xgboost_model,,735.8,0,0,0.1,1348834873.0,24449.0,5343.0,8.0,659.4,12.8,12262135.2,2444.9
stage_out_local_local_5_0,None,transfer,0,1677868295.0,,,1677868300.0,,,0.0,1677868300.0,1677868310.0,1677868301.0,1677868305.0,791.0,1677868310.0,1677868315.0,5.0,,0.0,10.0,5.0,,,4.0,3192.0,poseidon,local,host-10-100-100-12.openstacklocal,pegasus::transfer,/home/poseidon/pegasus-5.1.0panorama/bin/pegasus-transfer,pegasus-kickstart  -n pegasus::transfer -N null -i - -R local  -L predict-future-sales -T 2023-02-17T19:59:06+00:00 pegasus-transfer  --threads 2,0.3,0,0,,,,,,,,,
cleanup_predict-future-sales_0_local,None,auxiliary,0,1677868315.0,,,1677868320.0,,,0.0,1677868320.0,1677868330.0,,,0.0,1677868330.0,1677868335.0,5.0,,0.0,10.0,5.0,,,,,poseidon,local,host-10-100-100-12.openstacklocal,pegasus::cleanup,/home/poseidon/pegasus-5.1.0panorama/bin/pegasus-transfer,pegasus-kickstart  -n pegasus::cleanup -N null -i - -R local  -L predict-future-sales -T 2023-02-17T19:59:06+00:00 pegasus-transfer,0.3,0,0,,,,,,,,,
model_predict_ID0000022,None,compute,0,1677868485.0,,,1677868490.0,1677868440.0,1677868457.0,40921449.0,1677868492.0,1677868530.0,1677868465.0,1677868470.0,1234672.0,1677868530.0,1677868535.0,5.0,,2.0,38.0,5.0,17.0,406246890.0,5.0,5523764.0,poseidon,condorpool,poseidon-worker-2-container-40-47,model_predict,/srv/model_predict,,4.0,0,0,,,,,,,,,
stage_out_local_condorpool_6_0,None,transfer,0,1677868485.0,,,1677868490.0,,,0.0,1677868490.0,1677868500.0,1677868490.0,1677868494.0,3122315.0,1677868500.0,1677868505.0,5.0,,0.0,10.0,5.0,,,4.0,12600984.0,poseidon,local,host-10-100-100-12.openstacklocal,pegasus::transfer,/home/poseidon/pegasus-5.1.0panorama/bin/pegasus-transfer,pegasus-kickstart  -n pegasus::transfer -N null -i - -R local  -L predict-future-sales -T 2023-02-17T19:59:06+00:00 pegasus-transfer  --threads 2,0.9,0,0,,,,,,,,,
stage_out_local_condorpool_7_0,None,transfer,0,1677868535.0,,,1677868540.0,,,0.0,1677868540.0,1677868550.0,1677868540.0,1677868544.0,1488194.0,1677868550.0,1677868555.0,5.0,,0.0,10.0,5.0,,,4.0,6000012.0,poseidon,local,host-10-100-100-12.openstacklocal,pegasus::transfer,/home/poseidon/pegasus-5.1.0panorama/bin/pegasus-transfer,pegasus-kickstart  -n pegasus::transfer -N null -i - -R local  -L predict-future-sales -T 2023-02-17T19:59:06+00:00 pegasus-transfer  --threads 2,0.6,0,0,,,,,,,,,
predict_merge_ID0000023,None,compute,0,1677868535.0,,,1677868540.0,1677868489.0,1677868508.0,37913930.7,1677868541.0,1677868580.0,1677868515.0,1677868520.0,842588.0,1677868580.0,1677868585.0,5.0,,1.0,39.0,5.0,19.0,377176763.0,5.0,3743731.0,poseidon,condorpool,poseidon-worker-2-container-40-47,predict_merge,/srv/predict_merge,,1.4,0,0,,,,,,,,,
stage_out_local_condorpool_8_0,None,transfer,0,1677868585.0,,,1677868590.0,,,0.0,1677868590.0,1677868600.0,1677868590.0,1677868593.0,1732366.0,1677868600.0,1677868605.0,5.0,,0.0,10.0,5.0,,,3.0,3743731.0,poseidon,local,host-10-100-100-12.openstacklocal,pegasus::transfer,/home/poseidon/pegasus-5.1.0panorama/bin/pegasus-transfer,pegasus-kickstart  -n pegasus::transfer -N null -i - -R local  -L predict-future-sales -T 2023-02-17T19:59:06+00:00 pegasus-transfer  --threads 2,0.4,0,0,,,,,,,,,
cleanup_predict-future-sales_0_condorpool,None,auxiliary,0,1677868605.0,,,1677868610.0,,,0.0,1677868610.0,1677868620.0,,,0.0,1677868620.0,1677868625.0,5.0,,0.0,10.0,5.0,,,,,poseidon,local,host-10-100-100-12.openstacklocal,pegasus::cleanup,/home/poseidon/pegasus-5.1.0panorama/bin/pegasus-transfer,pegasus-kickstart  -n pegasus::cleanup -N null -i - -R local  -L predict-future-sales -T 2023-02-17T19:59:06+00:00 pegasus-transfer,0.3,0,0,,,,,,,,,
