,anomaly_type,type,is_clustered,ready,pre_script_start,pre_script_end,submit,stage_in_start,stage_in_end,stage_in_effective_bytes_per_sec,execute_start,execute_end,stage_out_start,stage_out_end,stage_out_effective_bytes_per_sec,post_script_start,post_script_end,wms_delay,pre_script_delay,queue_delay,runtime,post_script_delay,stage_in_delay,stage_in_bytes,stage_out_delay,stage_out_bytes,kickstart_user,kickstart_site,kickstart_hostname,kickstart_transformations,kickstart_executables,kickstart_executables_argv,kickstart_executables_cpu_time,kickstart_status,kickstart_executables_exitcode,kickstart_online_iowait,kickstart_online_bytes_read,kickstart_online_bytes_written,kickstart_online_read_system_calls,kickstart_online_write_system_calls,kickstart_online_utime,kickstart_online_stime,kickstart_online_bytes_read_per_second,kickstart_online_bytes_written_per_second
create_dir_predict-future-sales_0_local,None,auxiliary,0,1677046883.0,,,1677046884.0,,,0.0,1677046888.0,1677046894.0,,,0.0,1677046894.0,1677046899.0,1.0,,4.0,6.0,5.0,,,,,poseidon,local,host-10-100-100-12.openstacklocal,pegasus::dirmanager,/home/poseidon/pegasus-5.1.0panorama/bin/pegasus-transfer,pegasus-kickstart  -n pegasus::dirmanager -N null -i - -R local  -L predict-future-sales -T 2023-02-17T19:59:06+00:00 pegasus-transfer,0.3,0,0,,,,,,,,,
create_dir_predict-future-sales_0_condorpool,None,auxiliary,0,1677046883.0,,,1677046884.0,,,0.0,1677046888.0,1677046894.0,,,0.0,1677046894.0,1677046899.0,1.0,,4.0,6.0,5.0,,,,,poseidon,local,host-10-100-100-12.openstacklocal,pegasus::dirmanager,/home/poseidon/pegasus-5.1.0panorama/bin/pegasus-transfer,pegasus-kickstart  -n pegasus::dirmanager -N null -i - -R local  -L predict-future-sales -T 2023-02-17T19:59:06+00:00 pegasus-transfer,0.3,0,0,,,,,,,,,
stage_in_local_condorpool_6_0,None,transfer,0,1677046899.0,,,1677046904.0,1677046905.0,1677046908.0,2230.0,1677046904.0,1677046914.0,,,0.0,1677046914.0,1677046919.0,5.0,,0.0,10.0,5.0,3.0,7870.0,,,poseidon,local,host-10-100-100-12.openstacklocal,pegasus::transfer,/home/poseidon/pegasus-5.1.0panorama/bin/pegasus-transfer,pegasus-kickstart  -n pegasus::transfer -N null -i - -R local  -L predict-future-sales -T 2023-02-17T19:59:06+00:00 pegasus-transfer  --threads 2,0.5,0,0,,,,,,,,,
stage_in_local_condorpool_0_0,None,transfer,0,1677046899.0,,,1677046904.0,1677046905.0,1677046915.0,95170707.0,1677046904.0,1677046924.0,,,0.0,1677046924.0,1677046929.0,5.0,,0.0,20.0,5.0,10.0,936801734.0,,,poseidon,local,host-10-100-100-12.openstacklocal,pegasus::transfer,/home/poseidon/pegasus-5.1.0panorama/bin/pegasus-transfer,pegasus-kickstart  -n pegasus::transfer -N null -i - -R local  -L predict-future-sales -T 2023-02-17T19:59:06+00:00 pegasus-transfer  --threads 2,5.8,0,0,,,,,,,,,
stage_in_local_condorpool_1_0,None,transfer,0,1677046899.0,,,1677046904.0,1677046905.0,1677046909.0,3553.0,1677046904.0,1677046919.0,,,0.0,1677046919.0,1677046924.0,5.0,,0.0,15.0,5.0,4.0,15640.0,,,poseidon,local,host-10-100-100-12.openstacklocal,pegasus::transfer,/home/poseidon/pegasus-5.1.0panorama/bin/pegasus-transfer,pegasus-kickstart  -n pegasus::transfer -N null -i - -R local  -L predict-future-sales -T 2023-02-17T19:59:06+00:00 pegasus-transfer  --threads 2,0.6,0,0,,,,,,,,,
stage_in_local_condorpool_7_0,None,transfer,0,1677046899.0,,,1677046904.0,1677046905.0,1677046908.0,996.0,1677046904.0,1677046914.0,,,0.0,1677046914.0,1677046919.0,5.0,,0.0,10.0,5.0,3.0,3488.0,,,poseidon,local,host-10-100-100-12.openstacklocal,pegasus::transfer,/home/poseidon/pegasus-5.1.0panorama/bin/pegasus-transfer,pegasus-kickstart  -n pegasus::transfer -N null -i - -R local  -L predict-future-sales -T 2023-02-17T19:59:06+00:00 pegasus-transfer  --threads 2,0.5,0,0,,,,,,,,,
stage_in_local_condorpool_3_0,None,transfer,0,1677046899.0,,,1677046904.0,1677046905.0,1677046909.0,2972.0,1677046904.0,1677046914.0,,,0.0,1677046914.0,1677046919.0,5.0,,0.0,10.0,5.0,4.0,12704.0,,,poseidon,local,host-10-100-100-12.openstacklocal,pegasus::transfer,/home/poseidon/pegasus-5.1.0panorama/bin/pegasus-transfer,pegasus-kickstart  -n pegasus::transfer -N null -i - -R local  -L predict-future-sales -T 2023-02-17T19:59:06+00:00 pegasus-transfer  --threads 2,0.6,0,0,,,,,,,,,
stage_in_local_condorpool_8_0,None,transfer,0,1677046899.0,,,1677046904.0,1677046905.0,1677046908.0,670.0,1677046904.0,1677046914.0,,,0.0,1677046914.0,1677046919.0,5.0,,0.0,10.0,5.0,3.0,2368.0,,,poseidon,local,host-10-100-100-12.openstacklocal,pegasus::transfer,/home/poseidon/pegasus-5.1.0panorama/bin/pegasus-transfer,pegasus-kickstart  -n pegasus::transfer -N null -i - -R local  -L predict-future-sales -T 2023-02-17T19:59:06+00:00 pegasus-transfer  --threads 2,0.5,0,0,,,,,,,,,
stage_in_local_local_4_0,None,transfer,0,1677046899.0,,,1677046904.0,1677046905.0,1677046907.0,5872.0,1677046904.0,1677046914.0,,,0.0,1677046914.0,1677046919.0,5.0,,0.0,10.0,5.0,2.0,12577.0,,,poseidon,local,host-10-100-100-12.openstacklocal,pegasus::transfer,/home/poseidon/pegasus-5.1.0panorama/bin/pegasus-transfer,pegasus-kickstart  -n pegasus::transfer -N null -i - -R local  -L predict-future-sales -T 2023-02-17T19:59:06+00:00 pegasus-transfer  --threads 2,0.4,0,0,,,,,,,,,
stage_in_local_condorpool_2_0,None,transfer,0,1677046899.0,,,1677046904.0,1677046905.0,1677046910.0,9775.0,1677046904.0,1677046919.0,,,0.0,1677046919.0,1677046924.0,5.0,,0.0,15.0,5.0,5.0,55480.0,,,poseidon,local,host-10-100-100-12.openstacklocal,pegasus::transfer,/home/poseidon/pegasus-5.1.0panorama/bin/pegasus-transfer,pegasus-kickstart  -n pegasus::transfer -N null -i - -R local  -L predict-future-sales -T 2023-02-17T19:59:06+00:00 pegasus-transfer  --threads 2,1.1,0,0,,,,,,,,,
preprocess_ID0000003,hdd_5,compute,0,1677046929.0,,,1677046934.0,1677046896.0,1677046940.0,45475780.0,1677046935.0,1677047124.0,1677047067.0,1677047074.0,23177995.0,1677047124.0,1677047129.0,5.0,,1.0,189.0,5.0,44.0,467356066.0,7.0,160257914.0,poseidon,condorpool,poseidon-worker-2-container-24-31,preprocess,/srv/preprocess,,4.4,0,0,,,,,,,,,
nlp_ID0000002,hdd_5,compute,0,1677046929.0,,,1677046934.0,1677046896.0,1677046940.0,44783673.8,1677046935.0,1677047384.0,1677047328.0,1677047332.0,596298.0,1677047384.0,1677047389.0,5.0,,1.0,449.0,5.0,44.0,369033604.0,4.0,2755872.0,poseidon,condorpool,poseidon-worker-2-container-0-7,nlp,/srv/nlp,,1121.8,0,0,0.1,21385397.0,8791.0,3000.0,5.0,1115.7,2.6,112554.7,879.1
eda_ID0000001,hdd_5,compute,0,1677046929.0,,,1677046934.0,1677046895.0,1677046913.0,48343316.3,1677046935.0,1677047104.0,1677047051.0,1677047055.0,279335.0,1677047104.0,1677047109.0,5.0,,1.0,169.0,5.0,18.0,464177772.0,4.0,1194810.0,poseidon,condorpool,poseidon-worker-3-container-40-47,eda,/srv/eda,,34.0,0,0,0.0,144952981.0,848226.0,27581.0,40.0,27.9,2.0,4831766.0,28274.2
feature_eng_0_ID0000004,hdd_5,compute,0,1677047129.0,,,1677047134.0,1677047095.0,1677047138.0,45032918.8,1677047135.0,1677047274.0,1677047217.0,1677047222.0,202975.0,1677047274.0,1677047279.0,5.0,,1.0,139.0,5.0,43.0,369949088.0,5.0,893320.0,poseidon,condorpool,poseidon-worker-3-container-40-47,feature_eng_0,/srv/feature_eng_0,,5.0,0,0,,,,,,,,,
feature_eng_1_ID0000005,hdd_5,compute,0,1677047129.0,,,1677047134.0,1677047095.0,1677047147.0,49419546.4,1677047135.0,1677047389.0,1677047328.0,1677047338.0,38703141.0,1677047389.0,1677047394.0,5.0,,1.0,254.0,5.0,52.0,528250191.0,10.0,393324463.0,poseidon,condorpool,poseidon-worker-2-container-24-31,feature_eng_1,/srv/feature_eng_1,,15.8,0,0,0.0,169610216.0,8.0,1723.0,1.0,8.0,2.0,16961021.6,0.8
stage_out_local_condorpool_0_0,None,transfer,0,1677047389.0,,,1677047394.0,,,0.0,1677047395.0,1677047404.0,1677047395.0,1677047399.0,40724919.0,1677047404.0,1677047409.0,5.0,,1.0,9.0,5.0,,,4.0,164208596.0,poseidon,local,host-10-100-100-12.openstacklocal,pegasus::transfer,/home/poseidon/pegasus-5.1.0panorama/bin/pegasus-transfer,pegasus-kickstart  -n pegasus::transfer -N null -i - -R local  -L predict-future-sales -T 2023-02-17T19:59:06+00:00 pegasus-transfer  --threads 2,2.0,0,0,,,,,,,,,
feature_eng_4_ID0000008,hdd_5,compute,0,1677047394.0,,,1677047399.0,1677047412.0,1677047683.0,59619399.0,1677047452.0,1677048295.0,1677048219.0,1677048244.0,49085105.0,1677048295.0,1677048300.0,5.0,,53.0,843.0,5.0,271.0,761328752.0,25.0,1201824259.0,poseidon,condorpool,poseidon-worker-2-container-24-31,feature_eng_4,/srv/feature_eng_4,,48.7,0,0,0.0,402733106.0,8.0,1379.0,1.0,27.9,12.1,10068327.7,0.8
feature_eng_3_ID0000007,hdd_5,compute,0,1677047394.0,,,1677047399.0,1677047361.0,1677047409.0,58346536.5,1677047401.0,1677048295.0,1677048219.0,1677048243.0,48782526.0,1677048295.0,1677048300.0,5.0,,2.0,894.0,5.0,48.0,762217561.0,24.0,1179971921.0,poseidon,condorpool,poseidon-worker-2-container-24-31,feature_eng_3,/srv/feature_eng_3,,103.8,0,0,0.0,403697466.0,21851721.0,1699.0,4.0,70.1,32.6,1552682.6,1092586.0
feature_eng_2_ID0000006,hdd_5,compute,0,1677047394.0,,,1677047399.0,1677047375.0,1677047422.0,60038132.0,1677047415.0,1677048124.0,1677048046.0,1677048076.0,57981568.0,1677048124.0,1677048129.0,5.0,,16.0,709.0,5.0,47.0,761320658.0,30.0,1748107178.0,poseidon,condorpool,poseidon-worker-3-container-40-47,feature_eng_2,/srv/feature_eng_2,,281.2,0,0,0.0,402784205.0,305918890.0,1676.0,10.0,211.5,68.4,1438515.0,15295944.5
feature_eng_5_ID0000009,hdd_5,compute,0,1677047394.0,,,1677047399.0,1677047361.0,1677047411.0,59732142.3,1677047401.0,1677047869.0,1677047805.0,1677047819.0,46630926.0,1677047869.0,1677047874.0,5.0,,2.0,468.0,5.0,50.0,856820455.0,14.0,655540227.0,poseidon,condorpool,poseidon-worker-2-container-0-7,feature_eng_5,/srv/feature_eng_5,,219.1,0,0,0.0,498277307.0,8.0,2008.0,1.0,197.2,21.0,1993109.2,0.8
stage_out_local_condorpool_1_0,None,transfer,0,1677047394.0,,,1677047399.0,,,0.0,1677047400.0,1677047414.0,1677047400.0,1677047404.0,90370595.0,1677047414.0,1677047419.0,5.0,,1.0,14.0,5.0,,,4.0,394217783.0,poseidon,local,host-10-100-100-12.openstacklocal,pegasus::transfer,/home/poseidon/pegasus-5.1.0panorama/bin/pegasus-transfer,pegasus-kickstart  -n pegasus::transfer -N null -i - -R local  -L predict-future-sales -T 2023-02-17T19:59:06+00:00 pegasus-transfer  --threads 2,2.2,0,0,,,,,,,,,
register_condorpool_0_0,None,auxiliary,0,1677047409.0,,,1677047414.0,,,0.0,1677047414.0,1677047419.0,,,0.0,1677047419.0,1677047424.0,5.0,,0.0,5.0,5.0,,,,,poseidon,local,host-10-100-100-12.openstacklocal,pegasus::rc-client,/home/poseidon/pegasus-5.1.0panorama/bin/pegasus-rc-client,"pegasus-kickstart  -n pegasus::rc-client -N null -R local  -L predict-future-sales -T 2023-02-17T19:59:06+00:00 /home/poseidon/pegasus-5.1.0panorama/bin/pegasus-rc-client --prefix pegasus.catalog.replica.output --conf /home/poseidon/workflows/predict-future-sales-workflow/submit/poseidon/pegasus/predict-future-sales/run0081/pegasus.14573502781290888546.properties -v --meta /home/poseidon/workflows/predict-future-sales-workflow/submit/poseidon/pegasus/predict-future-sales/run0081/00/00/nlp_ID0000002.meta,/home/poseidon/workflows/predict-future-sales-workflow/submit/poseidon/pegasus/predict-future-sales/run0081/00/00/eda_ID0000001.meta,/home/poseidon/workflows/predict-future-sales-workflow/submit/poseidon/pegasus/predict-future-sales/run0081/00/00/preprocess_ID0000003.meta --insert /home/poseidon/workflows/predict-future-sales-workflow/submit/poseidon/pegasus/predict-future-sales/run0081/00/00/register_condorpool_0_0.in",2.9,0,0,,,,,,,,,
register_condorpool_1_0,None,auxiliary,0,1677047419.0,,,1677047424.0,,,0.0,1677047425.0,1677047429.0,,,0.0,1677047429.0,1677047434.0,5.0,,1.0,4.0,5.0,,,,,poseidon,local,host-10-100-100-12.openstacklocal,pegasus::rc-client,/home/poseidon/pegasus-5.1.0panorama/bin/pegasus-rc-client,"pegasus-kickstart  -n pegasus::rc-client -N null -R local  -L predict-future-sales -T 2023-02-17T19:59:06+00:00 /home/poseidon/pegasus-5.1.0panorama/bin/pegasus-rc-client --prefix pegasus.catalog.replica.output --conf /home/poseidon/workflows/predict-future-sales-workflow/submit/poseidon/pegasus/predict-future-sales/run0081/pegasus.14573502781290888546.properties -v --meta /home/poseidon/workflows/predict-future-sales-workflow/submit/poseidon/pegasus/predict-future-sales/run0081/00/00/feature_eng_1_ID0000005.meta,/home/poseidon/workflows/predict-future-sales-workflow/submit/poseidon/pegasus/predict-future-sales/run0081/00/00/feature_eng_0_ID0000004.meta --insert /home/poseidon/workflows/predict-future-sales-workflow/submit/poseidon/pegasus/predict-future-sales/run0081/00/00/register_condorpool_1_0.in",3.0,0,0,,,,,,,,,
stage_out_local_condorpool_2_0,None,transfer,0,1677048300.0,,,1677048305.0,,,0.0,1677048305.0,1677048335.0,1677048305.0,1677048325.0,244117134.0,1677048335.0,1677048340.0,5.0,,0.0,30.0,5.0,,,20.0,4785443585.0,poseidon,local,host-10-100-100-12.openstacklocal,pegasus::transfer,/home/poseidon/pegasus-5.1.0panorama/bin/pegasus-transfer,pegasus-kickstart  -n pegasus::transfer -N null -i - -R local  -L predict-future-sales -T 2023-02-17T19:59:06+00:00 pegasus-transfer  --threads 2,20.9,0,0,,,,,,,,,
feature_merge_ID0000010,hdd_5,compute,0,1677048300.0,,,1677048305.0,1677048266.0,1677048335.0,86007760.4,1677048306.0,1677050002.0,1677049900.0,1677049949.0,60855591.0,1677050002.0,1677050007.0,5.0,,1.0,1696.0,5.0,69.0,5155397110.0,49.0,2993643458.0,poseidon,condorpool,poseidon-worker-2-container-24-31,feature_merge,/srv/feature_merge,,63.7,0,0,496.2,4797053760.0,2906237329.0,2204.0,89.0,40.9,22.8,8566167.4,22355671.8
register_condorpool_2_0,None,auxiliary,0,1677048340.0,,,1677048345.0,,,0.0,1677048345.0,1677048350.0,,,0.0,1677048350.0,1677048355.0,5.0,,0.0,5.0,5.0,,,,,poseidon,local,host-10-100-100-12.openstacklocal,pegasus::rc-client,/home/poseidon/pegasus-5.1.0panorama/bin/pegasus-rc-client,"pegasus-kickstart  -n pegasus::rc-client -N null -R local  -L predict-future-sales -T 2023-02-17T19:59:06+00:00 /home/poseidon/pegasus-5.1.0panorama/bin/pegasus-rc-client --prefix pegasus.catalog.replica.output --conf /home/poseidon/workflows/predict-future-sales-workflow/submit/poseidon/pegasus/predict-future-sales/run0081/pegasus.14573502781290888546.properties -v --meta /home/poseidon/workflows/predict-future-sales-workflow/submit/poseidon/pegasus/predict-future-sales/run0081/00/00/feature_eng_5_ID0000009.meta,/home/poseidon/workflows/predict-future-sales-workflow/submit/poseidon/pegasus/predict-future-sales/run0081/00/00/feature_eng_2_ID0000006.meta,/home/poseidon/workflows/predict-future-sales-workflow/submit/poseidon/pegasus/predict-future-sales/run0081/00/00/feature_eng_3_ID0000007.meta,/home/poseidon/workflows/predict-future-sales-workflow/submit/poseidon/pegasus/predict-future-sales/run0081/00/00/feature_eng_4_ID0000008.meta --insert /home/poseidon/workflows/predict-future-sales-workflow/submit/poseidon/pegasus/predict-future-sales/run0081/00/00/register_condorpool_2_0.in",3.0,0,0,,,,,,,,,
stage_inter_local_xgboost_model_ID0000021_0,None,transfer,0,1677050007.0,,,1677050012.0,1677050013.0,1677050050.0,70345481.0,1677050012.0,1677050057.0,,,0.0,1677050057.0,1677050062.0,5.0,,0.0,45.0,5.0,37.0,2646308508.0,,,poseidon,local,host-10-100-100-12.openstacklocal,pegasus::transfer,/home/poseidon/pegasus-5.1.0panorama/bin/pegasus-transfer,pegasus-kickstart  -n pegasus::transfer -N null -i - -R local  -L predict-future-sales -T 2023-02-17T19:59:06+00:00 pegasus-transfer  --threads 2,9.6,0,0,,,,,,,,,
stage_inter_local_model_predict_ID0000022_0,None,transfer,0,1677050007.0,,,1677050012.0,1677050013.0,1677050016.0,14655698.0,1677050012.0,1677050022.0,,,0.0,1677050022.0,1677050027.0,5.0,,0.0,10.0,5.0,3.0,54050130.0,,,poseidon,local,host-10-100-100-12.openstacklocal,pegasus::transfer,/home/poseidon/pegasus-5.1.0panorama/bin/pegasus-transfer,pegasus-kickstart  -n pegasus::transfer -N null -i - -R local  -L predict-future-sales -T 2023-02-17T19:59:06+00:00 pegasus-transfer  --threads 2,0.6,0,0,,,,,,,,,
stage_inter_local_xgboost_hp_tuning_workflow_ID0000015_0,None,transfer,0,1677050007.0,,,1677050012.0,1677050013.0,1677050015.0,402.0,1677050012.0,1677050022.0,,,0.0,1677050022.0,1677050027.0,5.0,,0.0,10.0,5.0,2.0,826.0,,,poseidon,local,host-10-100-100-12.openstacklocal,pegasus::transfer,/home/poseidon/pegasus-5.1.0panorama/bin/pegasus-transfer,pegasus-kickstart  -n pegasus::transfer -N null -i - -R local  -L predict-future-sales -T 2023-02-17T19:59:06+00:00 pegasus-transfer  --threads 2,0.3,0,0,,,,,,,,,
stage_out_local_condorpool_3_0,None,transfer,0,1677050007.0,,,1677050012.0,,,0.0,1677050012.0,1677050042.0,1677050013.0,1677050036.0,129893991.0,1677050042.0,1677050047.0,5.0,,0.0,30.0,5.0,,,23.0,2993643458.0,poseidon,local,host-10-100-100-12.openstacklocal,pegasus::transfer,/home/poseidon/pegasus-5.1.0panorama/bin/pegasus-transfer,pegasus-kickstart  -n pegasus::transfer -N null -i - -R local  -L predict-future-sales -T 2023-02-17T19:59:06+00:00 pegasus-transfer  --threads 2,14.7,0,0,,,,,,,,,
stage_inter_local_xgboost_model_ID0000013_0,None,transfer,0,1677050007.0,,,1677050012.0,1677050013.0,1677050020.0,36027625.0,1677050012.0,1677050027.0,,,0.0,1677050027.0,1677050032.0,5.0,,0.0,15.0,5.0,7.0,269346726.0,,,poseidon,local,host-10-100-100-12.openstacklocal,pegasus::transfer,/home/poseidon/pegasus-5.1.0panorama/bin/pegasus-transfer,pegasus-kickstart  -n pegasus::transfer -N null -i - -R local  -L predict-future-sales -T 2023-02-17T19:59:06+00:00 pegasus-transfer  --threads 2,1.4,0,0,,,,,,,,,
stage_inter_local_model_predict_ID0000014_0,None,transfer,0,1677050007.0,,,1677050012.0,1677050013.0,1677050016.0,1255058.0,1677050012.0,1677050022.0,,,0.0,1677050022.0,1677050027.0,5.0,,0.0,10.0,5.0,3.0,4411696.0,,,poseidon,local,host-10-100-100-12.openstacklocal,pegasus::transfer,/home/poseidon/pegasus-5.1.0panorama/bin/pegasus-transfer,pegasus-kickstart  -n pegasus::transfer -N null -i - -R local  -L predict-future-sales -T 2023-02-17T19:59:06+00:00 pegasus-transfer  --threads 2,0.4,0,0,,,,,,,,,
xgboost_hp_tuning_workflow_ID0000015,None,compute,0,1677050027.0,,,1677050032.0,,,0.0,1677050032.0,1677050047.0,,,0.0,1677050047.0,1677050052.0,5.0,,0.0,15.0,5.0,,,,,poseidon,local,poseidon-submit.novalocal,xgboost_hp_tuning_workflow,/var/spool/condor/local_univ_execute/dir_1992266/xgboost_hp_tuning_workflow,/home/poseidon/workflows/predict-future-sales-workflow/submit/poseidon/pegasus/predict-future-sales/run0081/00/00/xgboost_hp_tuning_workflow_ID0000015.sh,0.1,0,0,,,,,,,,,
xgboost_hp_tuning_workflow_ID0000011,None,compute,0,1677050027.0,,,1677050032.0,,,0.0,1677050032.0,1677050047.0,,,0.0,1677050047.0,1677050052.0,5.0,,0.0,15.0,5.0,,,,,poseidon,local,poseidon-submit.novalocal,xgboost_hp_tuning_workflow,/var/spool/condor/local_univ_execute/dir_1992267/xgboost_hp_tuning_workflow,/home/poseidon/workflows/predict-future-sales-workflow/submit/poseidon/pegasus/predict-future-sales/run0081/00/00/xgboost_hp_tuning_workflow_ID0000011.sh,0.1,0,0,,,,,,,,,
xgboost_hp_tuning_workflow_ID0000019,None,compute,0,1677050027.0,,,1677050032.0,,,0.0,1677050032.0,1677050052.0,,,0.0,1677050052.0,1677050057.0,5.0,,0.0,20.0,5.0,,,,,poseidon,local,poseidon-submit.novalocal,xgboost_hp_tuning_workflow,/var/spool/condor/local_univ_execute/dir_1992270/xgboost_hp_tuning_workflow,/home/poseidon/workflows/predict-future-sales-workflow/submit/poseidon/pegasus/predict-future-sales/run0081/00/00/xgboost_hp_tuning_workflow_ID0000019.sh,0.1,0,0,,,,,,,,,
register_condorpool_3_0,None,auxiliary,0,1677050047.0,,,1677050052.0,,,0.0,1677050053.0,1677050057.0,,,0.0,1677050057.0,1677050062.0,5.0,,1.0,4.0,5.0,,,,,poseidon,local,host-10-100-100-12.openstacklocal,pegasus::rc-client,/home/poseidon/pegasus-5.1.0panorama/bin/pegasus-rc-client,pegasus-kickstart  -n pegasus::rc-client -N null -R local  -L predict-future-sales -T 2023-02-17T19:59:06+00:00 /home/poseidon/pegasus-5.1.0panorama/bin/pegasus-rc-client --prefix pegasus.catalog.replica.output --conf /home/poseidon/workflows/predict-future-sales-workflow/submit/poseidon/pegasus/predict-future-sales/run0081/pegasus.14573502781290888546.properties -v --meta /home/poseidon/workflows/predict-future-sales-workflow/submit/poseidon/pegasus/predict-future-sales/run0081/00/00/feature_merge_ID0000010.meta --insert /home/poseidon/workflows/predict-future-sales-workflow/submit/poseidon/pegasus/predict-future-sales/run0081/00/00/register_condorpool_3_0.in,3.0,0,0,,,,,,,,,
pegasus-plan_ID0000016,None,subwf,0,1677050052.0,1677050052.0,1677050058.0,1677050062.0,,,0.0,1677050062.0,1677050988.0,,,0.0,,,0.0,6.0,0.0,926.0,,,,,,poseidon,local,poseidon-submit,condor::dagman,/usr/bin/condor_dagman,-p 0  -f -l . -Notification never -Debug 3 -Lockfile xgboost_hp_tuning_group_1.dag.lock -Dag xgboost_hp_tuning_group_1.dag -AllowVersionMismatch  -AutoRescue 1 -DoRescueFrom 0,0.0,0,0,,,,,,,,,
pegasus-plan_ID0000012,None,subwf,0,1677050052.0,1677050052.0,1677050058.0,1677050062.0,,,0.0,1677050062.0,1677051364.0,,,0.0,,,0.0,6.0,0.0,1302.0,,,,,,poseidon,local,poseidon-submit,condor::dagman,/usr/bin/condor_dagman,-p 0  -f -l . -Notification never -Debug 3 -Lockfile xgboost_hp_tuning_group_0.dag.lock -Dag xgboost_hp_tuning_group_0.dag -AllowVersionMismatch  -AutoRescue 1 -DoRescueFrom 0,0.0,0,0,,,,,,,,,
stage_out_local_local_4_0,None,transfer,0,1677050057.0,,,1677050062.0,,,0.0,1677050062.0,1677050072.0,1677050062.0,1677050066.0,21084.0,1677050072.0,1677050077.0,5.0,,0.0,10.0,5.0,,,4.0,85038.0,poseidon,local,host-10-100-100-12.openstacklocal,pegasus::transfer,/home/poseidon/pegasus-5.1.0panorama/bin/pegasus-transfer,pegasus-kickstart  -n pegasus::transfer -N null -i - -R local  -L predict-future-sales -T 2023-02-17T19:59:06+00:00 pegasus-transfer  --threads 2,0.5,0,0,,,,,,,,,
pegasus-plan_ID0000020,None,subwf,0,1677050057.0,1677050057.0,1677050062.0,1677050067.0,,,0.0,1677050071.0,1677051589.0,,,0.0,,,0.0,5.0,4.0,1518.0,,,,,,poseidon,local,poseidon-submit,condor::dagman,/usr/bin/condor_dagman,-p 0  -f -l . -Notification never -Debug 3 -Lockfile xgboost_hp_tuning_group_2.dag.lock -Dag xgboost_hp_tuning_group_2.dag -AllowVersionMismatch  -AutoRescue 1 -DoRescueFrom 0,0.0,0,0,,,,,,,,,
create_dir_predict-future-sales-hp-tuning_0_condorpool_pegasus-plan_ID0000012,None,auxiliary,0,1677050062.0,,,1677050063.0,,,0.0,1677050067.0,1677050073.0,,,0.0,1677050073.0,1677050078.0,1.0,,4.0,6.0,5.0,,,,,poseidon,local,host-10-100-100-12.openstacklocal,pegasus::dirmanager,/home/poseidon/pegasus-5.1.0panorama/bin/pegasus-transfer,pegasus-kickstart  -n pegasus::dirmanager -N null -i - -R local  -L xgboost_hp_tuning_group_0 -T 2023-02-22T07:14:15+00:00 pegasus-transfer,0.3,0,0,,,,,,,,,
create_dir_predict-future-sales-hp-tuning_0_condorpool_pegasus-plan_ID0000016,None,auxiliary,0,1677050062.0,,,1677050063.0,,,0.0,1677050067.0,1677050073.0,,,0.0,1677050073.0,1677050078.0,1.0,,4.0,6.0,5.0,,,,,poseidon,local,host-10-100-100-12.openstacklocal,pegasus::dirmanager,/home/poseidon/pegasus-5.1.0panorama/bin/pegasus-transfer,pegasus-kickstart  -n pegasus::dirmanager -N null -i - -R local  -L xgboost_hp_tuning_group_1 -T 2023-02-22T07:14:15+00:00 pegasus-transfer,0.3,0,0,,,,,,,,,
create_dir_predict-future-sales-hp-tuning_0_condorpool_pegasus-plan_ID0000020,None,auxiliary,0,1677050071.0,,,1677050072.0,,,0.0,1677050072.0,1677050082.0,,,0.0,1677050082.0,1677050087.0,1.0,,0.0,10.0,5.0,,,,,poseidon,local,host-10-100-100-12.openstacklocal,pegasus::dirmanager,/home/poseidon/pegasus-5.1.0panorama/bin/pegasus-transfer,pegasus-kickstart  -n pegasus::dirmanager -N null -i - -R local  -L xgboost_hp_tuning_group_2 -T 2023-02-22T07:14:19+00:00 pegasus-transfer,0.3,0,0,,,,,,,,,
register_local_4_0,None,auxiliary,0,1677050077.0,,,1677050082.0,,,0.0,1677050082.0,1677050087.0,,,0.0,1677050087.0,1677050092.0,5.0,,0.0,5.0,5.0,,,,,poseidon,local,host-10-100-100-12.openstacklocal,pegasus::rc-client,/home/poseidon/pegasus-5.1.0panorama/bin/pegasus-rc-client,"pegasus-kickstart  -n pegasus::rc-client -N null -R local  -L predict-future-sales -T 2023-02-17T19:59:06+00:00 /home/poseidon/pegasus-5.1.0panorama/bin/pegasus-rc-client --prefix pegasus.catalog.replica.output --conf /home/poseidon/workflows/predict-future-sales-workflow/submit/poseidon/pegasus/predict-future-sales/run0081/pegasus.14573502781290888546.properties -v --meta /home/poseidon/workflows/predict-future-sales-workflow/submit/poseidon/pegasus/predict-future-sales/run0081/00/00/xgboost_hp_tuning_workflow_ID0000011.meta,/home/poseidon/workflows/predict-future-sales-workflow/submit/poseidon/pegasus/predict-future-sales/run0081/00/00/xgboost_hp_tuning_workflow_ID0000019.meta,/home/poseidon/workflows/predict-future-sales-workflow/submit/poseidon/pegasus/predict-future-sales/run0081/00/00/xgboost_hp_tuning_workflow_ID0000015.meta --insert /home/poseidon/workflows/predict-future-sales-workflow/submit/poseidon/pegasus/predict-future-sales/run0081/00/00/register_local_4_0.in",2.9,0,0,,,,,,,,,
stage_in_local_condorpool_0_1_pegasus-plan_ID0000012,None,transfer,0,1677050078.0,,,1677050083.0,1677050084.0,1677050089.0,50981451.0,1677050084.0,1677050098.0,,,0.0,1677050098.0,1677050103.0,5.0,,1.0,14.0,5.0,5.0,269346726.0,,,poseidon,local,host-10-100-100-12.openstacklocal,pegasus::transfer,/home/poseidon/pegasus-5.1.0panorama/bin/pegasus-transfer,-n pegasus::transfer -N null -i - -R local  -L xgboost_hp_tuning_group_0 -T 2023-02-22T07:14:15+00:00 /home/poseidon/pegasus-5.1.0panorama/bin/../bin/pegasus-transfer  --threads 2,1.7,0,0,,,,,,,,,
stage_in_local_condorpool_0_2_pegasus-plan_ID0000012,None,transfer,0,1677050078.0,,,1677050083.0,1677050084.0,1677050092.0,93727977.0,1677050084.0,1677050098.0,,,0.0,1677050098.0,1677050103.0,5.0,,1.0,14.0,5.0,8.0,735985664.0,,,poseidon,local,host-10-100-100-12.openstacklocal,pegasus::transfer,/home/poseidon/pegasus-5.1.0panorama/bin/pegasus-transfer,-n pegasus::transfer -N null -i - -R local  -L xgboost_hp_tuning_group_0 -T 2023-02-22T07:14:15+00:00 /home/poseidon/pegasus-5.1.0panorama/bin/../bin/pegasus-transfer  --threads 2,3.8,0,0,,,,,,,,,
stage_in_local_condorpool_0_0_pegasus-plan_ID0000016,None,transfer,0,1677050078.0,,,1677050083.0,1677050084.0,1677050088.0,2818.0,1677050084.0,1677050098.0,,,0.0,1677050098.0,1677050103.0,5.0,,1.0,14.0,5.0,4.0,12142.0,,,poseidon,local,host-10-100-100-12.openstacklocal,pegasus::transfer,/home/poseidon/pegasus-5.1.0panorama/bin/pegasus-transfer,-n pegasus::transfer -N null -i - -R local  -L xgboost_hp_tuning_group_1 -T 2023-02-22T07:14:15+00:00 /home/poseidon/pegasus-5.1.0panorama/bin/../bin/pegasus-transfer  --threads 2,0.6,0,0,,,,,,,,,
stage_in_local_condorpool_1_0_pegasus-plan_ID0000016,None,transfer,0,1677050078.0,,,1677050083.0,1677050084.0,1677050087.0,835.0,1677050084.0,1677050093.0,,,0.0,1677050093.0,1677050098.0,5.0,,1.0,9.0,5.0,3.0,2874.0,,,poseidon,local,host-10-100-100-12.openstacklocal,pegasus::transfer,/home/poseidon/pegasus-5.1.0panorama/bin/pegasus-transfer,-n pegasus::transfer -N null -i - -R local  -L xgboost_hp_tuning_group_1 -T 2023-02-22T07:14:15+00:00 /home/poseidon/pegasus-5.1.0panorama/bin/../bin/pegasus-transfer  --threads 2,0.4,0,0,,,,,,,,,
stage_in_local_condorpool_0_1_pegasus-plan_ID0000016,None,transfer,0,1677050078.0,,,1677050083.0,1677050084.0,1677050088.0,5133491.0,1677050084.0,1677050093.0,,,0.0,1677050093.0,1677050098.0,5.0,,1.0,9.0,5.0,4.0,19294600.0,,,poseidon,local,host-10-100-100-12.openstacklocal,pegasus::transfer,/home/poseidon/pegasus-5.1.0panorama/bin/pegasus-transfer,-n pegasus::transfer -N null -i - -R local  -L xgboost_hp_tuning_group_1 -T 2023-02-22T07:14:15+00:00 /home/poseidon/pegasus-5.1.0panorama/bin/../bin/pegasus-transfer  --threads 2,0.6,0,0,,,,,,,,,
stage_in_local_condorpool_0_2_pegasus-plan_ID0000016,None,transfer,0,1677050078.0,,,1677050083.0,1677050084.0,1677050092.0,93501856.0,1677050084.0,1677050098.0,,,0.0,1677050098.0,1677050103.0,5.0,,1.0,14.0,5.0,8.0,735985664.0,,,poseidon,local,host-10-100-100-12.openstacklocal,pegasus::transfer,/home/poseidon/pegasus-5.1.0panorama/bin/pegasus-transfer,-n pegasus::transfer -N null -i - -R local  -L xgboost_hp_tuning_group_1 -T 2023-02-22T07:14:15+00:00 /home/poseidon/pegasus-5.1.0panorama/bin/../bin/pegasus-transfer  --threads 2,3.9,0,0,,,,,,,,,
stage_in_local_condorpool_1_0_pegasus-plan_ID0000012,None,transfer,0,1677050078.0,,,1677050083.0,1677050084.0,1677050087.0,826.0,1677050084.0,1677050093.0,,,0.0,1677050093.0,1677050098.0,5.0,,1.0,9.0,5.0,3.0,2874.0,,,poseidon,local,host-10-100-100-12.openstacklocal,pegasus::transfer,/home/poseidon/pegasus-5.1.0panorama/bin/pegasus-transfer,-n pegasus::transfer -N null -i - -R local  -L xgboost_hp_tuning_group_0 -T 2023-02-22T07:14:15+00:00 /home/poseidon/pegasus-5.1.0panorama/bin/../bin/pegasus-transfer  --threads 2,0.4,0,0,,,,,,,,,
stage_in_local_condorpool_0_0_pegasus-plan_ID0000012,None,transfer,0,1677050078.0,,,1677050083.0,1677050084.0,1677050088.0,2801.0,1677050084.0,1677050098.0,,,0.0,1677050098.0,1677050103.0,5.0,,1.0,14.0,5.0,4.0,12142.0,,,poseidon,local,host-10-100-100-12.openstacklocal,pegasus::transfer,/home/poseidon/pegasus-5.1.0panorama/bin/pegasus-transfer,-n pegasus::transfer -N null -i - -R local  -L xgboost_hp_tuning_group_0 -T 2023-02-22T07:14:15+00:00 /home/poseidon/pegasus-5.1.0panorama/bin/../bin/pegasus-transfer  --threads 2,0.6,0,0,,,,,,,,,
stage_in_local_condorpool_0_0_pegasus-plan_ID0000020,None,transfer,0,1677050087.0,,,1677050093.0,1677050093.0,1677050097.0,2868.0,1677050093.0,1677050103.0,,,0.0,1677050103.0,1677050108.0,6.0,,0.0,10.0,5.0,4.0,12142.0,,,poseidon,local,host-10-100-100-12.openstacklocal,pegasus::transfer,/home/poseidon/pegasus-5.1.0panorama/bin/pegasus-transfer,-n pegasus::transfer -N null -i - -R local  -L xgboost_hp_tuning_group_2 -T 2023-02-22T07:14:19+00:00 /home/poseidon/pegasus-5.1.0panorama/bin/../bin/pegasus-transfer  --threads 2,0.6,0,0,,,,,,,,,
stage_in_local_condorpool_1_0_pegasus-plan_ID0000020,None,transfer,0,1677050087.0,,,1677050093.0,1677050093.0,1677050096.0,829.0,1677050093.0,1677050103.0,,,0.0,1677050103.0,1677050108.0,6.0,,0.0,10.0,5.0,3.0,2874.0,,,poseidon,local,host-10-100-100-12.openstacklocal,pegasus::transfer,/home/poseidon/pegasus-5.1.0panorama/bin/pegasus-transfer,-n pegasus::transfer -N null -i - -R local  -L xgboost_hp_tuning_group_2 -T 2023-02-22T07:14:19+00:00 /home/poseidon/pegasus-5.1.0panorama/bin/../bin/pegasus-transfer  --threads 2,0.5,0,0,,,,,,,,,
stage_in_local_condorpool_0_1_pegasus-plan_ID0000020,None,transfer,0,1677050087.0,,,1677050093.0,1677050093.0,1677050108.0,180677304.0,1677050093.0,1677050113.0,,,0.0,1677050113.0,1677050118.0,6.0,,0.0,20.0,5.0,15.0,2646308508.0,,,poseidon,local,host-10-100-100-12.openstacklocal,pegasus::transfer,/home/poseidon/pegasus-5.1.0panorama/bin/pegasus-transfer,-n pegasus::transfer -N null -i - -R local  -L xgboost_hp_tuning_group_2 -T 2023-02-22T07:14:19+00:00 /home/poseidon/pegasus-5.1.0panorama/bin/../bin/pegasus-transfer  --threads 2,11.3,0,0,,,,,,,,,
stage_in_local_condorpool_0_2_pegasus-plan_ID0000020,None,transfer,0,1677050087.0,,,1677050093.0,1677050093.0,1677050100.0,102218182.0,1677050093.0,1677050108.0,,,0.0,1677050108.0,1677050113.0,6.0,,0.0,15.0,5.0,7.0,735985664.0,,,poseidon,local,host-10-100-100-12.openstacklocal,pegasus::transfer,/home/poseidon/pegasus-5.1.0panorama/bin/pegasus-transfer,-n pegasus::transfer -N null -i - -R local  -L xgboost_hp_tuning_group_2 -T 2023-02-22T07:14:19+00:00 /home/poseidon/pegasus-5.1.0panorama/bin/../bin/pegasus-transfer  --threads 2,3.7,0,0,,,,,,,,,
xgboost_hp_tuning_ID0000003_pegasus-plan_ID0000012,hdd_5,compute,0,1677050103.0,,,1677050108.0,1677050371.0,1677050404.0,51306171.0,1677050411.0,1677050560.0,1677050507.0,1677050511.0,258.0,1677050560.0,1677050565.0,5.0,,303.0,149.0,5.0,33.0,502672266.0,4.0,1067.0,poseidon,condorpool,poseidon-worker-2-container-24-31,xgboost_hp_tuning,/srv/xgboost_hp_tuning,,99.4,0,0,0.1,157968058.0,40.0,3305.0,2.0,45.5,2.7,15796805.8,4.0
xgboost_hp_tuning_ID0000005_pegasus-plan_ID0000012,None,compute,0,1677050103.0,,,1677050108.0,1677050229.0,1677050275.0,12500863.3,1677050263.0,1677050429.0,1677050375.0,1677050379.0,257.0,1677050429.0,1677050434.0,5.0,,155.0,166.0,5.0,46.0,502672266.0,4.0,1078.0,poseidon,condorpool,poseidon-worker-3-container-8-15,xgboost_hp_tuning,/srv/xgboost_hp_tuning,,169.7,0,0,0.1,157970640.0,40.0,3319.0,2.0,110.8,3.0,7898532.0,4.0
xgboost_hp_tuning_ID0000023_pegasus-plan_ID0000016,hdd_5,compute,0,1677050103.0,,,1677050108.0,1677050388.0,1677050418.0,45835642.0,1677050428.0,1677050579.0,1677050525.0,1677050529.0,262.0,1677050579.0,1677050584.0,5.0,,320.0,151.0,5.0,30.0,377646203.0,4.0,1090.0,poseidon,condorpool,poseidon-worker-3-container-24-31,xgboost_hp_tuning,/srv/xgboost_hp_tuning,,18.2,0,0,,,,,,,,,
xgboost_hp_tuning_ID0000012_pegasus-plan_ID0000016,hdd_5,compute,0,1677050103.0,,,1677050108.0,1677050371.0,1677050413.0,45624000.2,1677050411.0,1677050559.0,1677050507.0,1677050511.0,253.0,1677050559.0,1677050564.0,5.0,,303.0,148.0,5.0,42.0,377646203.0,4.0,1051.0,poseidon,condorpool,poseidon-worker-2-container-0-7,xgboost_hp_tuning,/srv/xgboost_hp_tuning,,14.8,0,0,,,,,,,,,
xgboost_hp_tuning_ID0000001_pegasus-plan_ID0000016,hdd_5,compute,0,1677050103.0,,,1677050108.0,1677050346.0,1677050388.0,45657071.5,1677050386.0,1677050564.0,1677050507.0,1677050511.0,256.0,1677050564.0,1677050569.0,5.0,,278.0,178.0,5.0,42.0,377646203.0,4.0,1064.0,poseidon,condorpool,poseidon-worker-2-container-40-47,xgboost_hp_tuning,/srv/xgboost_hp_tuning,,14.4,0,0,,,,,,,,,
xgboost_hp_tuning_ID0000004_pegasus-plan_ID0000012,hdd_5,compute,0,1677050103.0,,,1677050108.0,1677050244.0,1677050279.0,51275280.7,1677050284.0,1677050434.0,1677050382.0,1677050386.0,251.0,1677050434.0,1677050439.0,5.0,,176.0,150.0,5.0,35.0,502672266.0,4.0,1062.0,poseidon,condorpool,poseidon-worker-1-container-8-15,xgboost_hp_tuning,/srv/xgboost_hp_tuning,,94.5,0,0,0.0,157967899.0,40.0,3305.0,2.0,44.2,2.8,15796789.9,4.0
xgboost_hp_tuning_ID0000016_pegasus-plan_ID0000012,hdd_5,compute,0,1677050103.0,,,1677050108.0,1677050229.0,1677050275.0,12497027.8,1677050263.0,1677050429.0,1677050375.0,1677050379.0,251.0,1677050429.0,1677050434.0,5.0,,155.0,166.0,5.0,46.0,502672266.0,4.0,1051.0,poseidon,condorpool,poseidon-worker-3-container-32-39,xgboost_hp_tuning,/srv/xgboost_hp_tuning,,116.3,0,0,0.0,157970679.0,40.0,3319.0,2.0,100.6,3.2,7898534.0,4.0
xgboost_hp_tuning_ID0000015_pegasus-plan_ID0000012,hdd_5,compute,0,1677050103.0,,,1677050108.0,1677050244.0,1677050277.0,51192226.0,1677050284.0,1677050434.0,1677050382.0,1677050386.0,250.0,1677050434.0,1677050439.0,5.0,,176.0,150.0,5.0,33.0,502672266.0,4.0,1055.0,poseidon,condorpool,poseidon-worker-1-container-24-31,xgboost_hp_tuning,/srv/xgboost_hp_tuning,,117.8,0,0,0.1,157972556.0,40.0,3321.0,2.0,103.9,3.3,7898627.8,4.0
xgboost_hp_tuning_ID0000017_pegasus-plan_ID0000012,hdd_5,compute,0,1677050103.0,,,1677050108.0,1677050229.0,1677050277.0,12485092.5,1677050263.0,1677050429.0,1677050375.0,1677050379.0,252.0,1677050429.0,1677050434.0,5.0,,155.0,166.0,5.0,48.0,502672266.0,4.0,1055.0,poseidon,condorpool,poseidon-worker-3-container-40-47,xgboost_hp_tuning,/srv/xgboost_hp_tuning,,93.0,0,0,0.0,157966189.0,40.0,3303.0,2.0,42.2,3.0,15796618.9,4.0
xgboost_hp_tuning_ID0000010_pegasus-plan_ID0000016,None,compute,0,1677050103.0,,,1677050108.0,1677050074.0,1677050094.0,29621923.8,1677050114.0,1677050243.0,1677050189.0,1677050193.0,254.0,1677050243.0,1677050248.0,5.0,,6.0,129.0,5.0,20.0,377646203.0,4.0,1050.0,poseidon,condorpool,poseidon-worker-1-container-40-47,xgboost_hp_tuning,/srv/xgboost_hp_tuning,,18.0,0,0,,,,,,,,,
xgboost_hp_tuning_ID0000018_pegasus-plan_ID0000012,hdd_5,compute,0,1677050103.0,,,1677050108.0,1677050199.0,1677050216.0,51329957.0,1677050239.0,1677050414.0,1677050358.0,1677050363.0,251.0,1677050414.0,1677050419.0,5.0,,131.0,175.0,5.0,17.0,502672266.0,5.0,1051.0,poseidon,condorpool,poseidon-worker-2-container-0-7,xgboost_hp_tuning,/srv/xgboost_hp_tuning,,241.9,0,0,0.0,158007035.0,4026.0,3456.0,5.0,238.1,3.8,1436427.6,201.3
xgboost_hp_tuning_ID0000007_pegasus-plan_ID0000012,hdd_5,compute,0,1677050103.0,,,1677050108.0,1677050199.0,1677050241.0,51225282.3,1677050239.0,1677050509.0,1677050456.0,1677050460.0,257.0,1677050509.0,1677050514.0,5.0,,131.0,270.0,5.0,42.0,502672266.0,4.0,1066.0,poseidon,condorpool,poseidon-worker-2-container-16-23,xgboost_hp_tuning,/srv/xgboost_hp_tuning,,90.6,0,0,0.1,157967912.0,40.0,3305.0,2.0,47.3,2.8,15796791.2,4.0
xgboost_hp_tuning_ID0000013_pegasus-plan_ID0000016,hdd_5,compute,0,1677050103.0,,,1677050108.0,1677050244.0,1677050278.0,45634437.2,1677050284.0,1677050438.0,1677050382.0,1677050386.0,250.0,1677050438.0,1677050443.0,5.0,,176.0,154.0,5.0,34.0,377646203.0,4.0,1056.0,poseidon,condorpool,poseidon-worker-1-container-32-39,xgboost_hp_tuning,/srv/xgboost_hp_tuning,,45.1,0,0,,,,,,,,,
xgboost_hp_tuning_ID0000009_pegasus-plan_ID0000012,hdd_5,compute,0,1677050103.0,,,1677050108.0,1677050074.0,1677050187.0,34797824.8,1677050114.0,1677050283.0,1677050231.0,1677050235.0,254.0,1677050283.0,1677050288.0,5.0,,6.0,169.0,5.0,113.0,502672266.0,4.0,1058.0,poseidon,condorpool,poseidon-worker-1-container-32-39,xgboost_hp_tuning,/srv/xgboost_hp_tuning,,120.2,0,0,0.1,157976276.0,40.0,3336.0,2.0,116.6,3.4,5265875.9,4.0
xgboost_hp_tuning_ID0000011_pegasus-plan_ID0000012,None,compute,0,1677050103.0,,,1677050108.0,1677050074.0,1677050091.0,51511540.3,1677050114.0,1677050263.0,1677050210.0,1677050214.0,255.0,1677050263.0,1677050268.0,5.0,,6.0,149.0,5.0,17.0,502672266.0,4.0,1052.0,poseidon,condorpool,poseidon-worker-3-container-8-15,xgboost_hp_tuning,/srv/xgboost_hp_tuning,,76.9,0,0,0.0,157965936.0,40.0,3303.0,2.0,44.7,2.8,15796593.6,4.0
xgboost_hp_tuning_ID0000022_pegasus-plan_ID0000012,hdd_5,compute,0,1677050103.0,,,1677050108.0,1677050074.0,1677050184.0,5870366.2,1677050114.0,1677050283.0,1677050231.0,1677050235.0,253.0,1677050283.0,1677050288.0,5.0,,6.0,169.0,5.0,110.0,502672266.0,4.0,1063.0,poseidon,condorpool,poseidon-worker-1-container-24-31,xgboost_hp_tuning,/srv/xgboost_hp_tuning,,87.0,0,0,15.5,157980079.0,40.0,3351.0,2.0,83.6,3.2,3949502.0,4.0
xgboost_hp_tuning_ID0000010_pegasus-plan_ID0000012,hdd_5,compute,0,1677050103.0,,,1677050108.0,1677050074.0,1677050118.0,51576629.0,1677050114.0,1677050263.0,1677050210.0,1677050214.0,253.0,1677050263.0,1677050268.0,5.0,,6.0,149.0,5.0,44.0,502672266.0,4.0,1050.0,poseidon,condorpool,poseidon-worker-3-container-0-7,xgboost_hp_tuning,/srv/xgboost_hp_tuning,,87.5,0,0,0.0,157965903.0,40.0,3303.0,2.0,44.8,2.5,15796590.3,4.0
xgboost_hp_tuning_ID0000021_pegasus-plan_ID0000012,hdd_5,compute,0,1677050103.0,,,1677050108.0,1677050074.0,1677050118.0,51500404.0,1677050114.0,1677050263.0,1677050210.0,1677050214.0,254.0,1677050263.0,1677050268.0,5.0,,6.0,149.0,5.0,44.0,502672266.0,4.0,1063.0,poseidon,condorpool,poseidon-worker-3-container-24-31,xgboost_hp_tuning,/srv/xgboost_hp_tuning,,89.4,0,0,0.0,157965972.0,40.0,3303.0,2.0,42.8,2.9,15796597.2,4.0
xgboost_hp_tuning_ID0000020_pegasus-plan_ID0000012,hdd_5,compute,0,1677050103.0,,,1677050108.0,1677050074.0,1677050188.0,34779969.9,1677050114.0,1677050283.0,1677050231.0,1677050235.0,253.0,1677050283.0,1677050288.0,5.0,,6.0,169.0,5.0,114.0,502672266.0,4.0,1061.0,poseidon,condorpool,poseidon-worker-1-container-16-23,xgboost_hp_tuning,/srv/xgboost_hp_tuning,,131.4,0,0,0.0,157976280.0,40.0,3336.0,2.0,127.4,3.8,5265876.0,4.0
xgboost_hp_tuning_ID0000006_pegasus-plan_ID0000012,None,compute,0,1677050103.0,,,1677050108.0,1677050232.0,1677050249.0,51192395.7,1677050242.0,1677050434.0,1677050382.0,1677050386.0,252.0,1677050434.0,1677050439.0,5.0,,134.0,192.0,5.0,17.0,502672266.0,4.0,1064.0,poseidon,condorpool,poseidon-worker-1-container-40-47,xgboost_hp_tuning,/srv/xgboost_hp_tuning,,88.5,0,0,0.0,157967918.0,40.0,3305.0,2.0,44.1,2.7,15796791.8,4.0
xgboost_hp_tuning_ID0000002_pegasus-plan_ID0000016,hdd_5,compute,0,1677050103.0,,,1677050108.0,1677050244.0,1677050260.0,45702103.8,1677050284.0,1677050438.0,1677050382.0,1677050386.0,252.0,1677050438.0,1677050443.0,5.0,,176.0,154.0,5.0,16.0,377646203.0,4.0,1061.0,poseidon,condorpool,poseidon-worker-1-container-16-23,xgboost_hp_tuning,/srv/xgboost_hp_tuning,,14.5,0,0,,,,,,,,,
xgboost_hp_tuning_ID0000004_pegasus-plan_ID0000016,hdd_5,compute,0,1677050103.0,,,1677050108.0,1677050232.0,1677050267.0,45624404.5,1677050242.0,1677050438.0,1677050382.0,1677050386.0,252.0,1677050438.0,1677050443.0,5.0,,134.0,196.0,5.0,35.0,377646203.0,4.0,1062.0,poseidon,condorpool,poseidon-worker-1-container-0-7,xgboost_hp_tuning,/srv/xgboost_hp_tuning,,15.2,0,0,,,,,,,,,
xgboost_hp_tuning_ID0000003_pegasus-plan_ID0000016,hdd_5,compute,0,1677050103.0,,,1677050108.0,1677050229.0,1677050290.0,10154254.5,1677050263.0,1677050428.0,1677050375.0,1677050379.0,254.0,1677050428.0,1677050433.0,5.0,,155.0,165.0,5.0,61.0,377646203.0,4.0,1067.0,poseidon,condorpool,poseidon-worker-3-container-0-7,xgboost_hp_tuning,/srv/xgboost_hp_tuning,,58.2,0,0,0.0,157208.0,0.0,232.0,0.0,56.5,1.8,15720.8,
xgboost_hp_tuning_ID0000023_pegasus-plan_ID0000012,hdd_5,compute,0,1677050103.0,,,1677050108.0,1677050395.0,1677050428.0,51331430.7,1677050435.0,1677050810.0,1677050757.0,1677050761.0,264.0,1677050810.0,1677050815.0,5.0,,327.0,375.0,5.0,33.0,502672266.0,4.0,1092.0,poseidon,condorpool,poseidon-worker-1-container-0-7,xgboost_hp_tuning,/srv/xgboost_hp_tuning,,108.7,0,0,0.0,157972570.0,40.0,3321.0,2.0,104.2,3.6,7898628.5,4.0
xgboost_hp_tuning_ID0000012_pegasus-plan_ID0000012,hdd_5,compute,0,1677050103.0,,,1677050108.0,1677050388.0,1677050432.0,51508713.0,1677050428.0,1677050580.0,1677050525.0,1677050529.0,252.0,1677050580.0,1677050585.0,5.0,,320.0,152.0,5.0,44.0,502672266.0,4.0,1048.0,poseidon,condorpool,poseidon-worker-3-container-32-39,xgboost_hp_tuning,/srv/xgboost_hp_tuning,,96.5,0,0,0.0,157966118.0,40.0,3303.0,2.0,42.0,2.8,15796611.8,4.0
xgboost_hp_tuning_ID0000001_pegasus-plan_ID0000012,None,compute,0,1677050103.0,,,1677050108.0,1677050388.0,1677050405.0,51478365.7,1677050428.0,1677050580.0,1677050525.0,1677050529.0,255.0,1677050580.0,1677050585.0,5.0,,320.0,152.0,5.0,17.0,502672266.0,4.0,1064.0,poseidon,condorpool,poseidon-worker-3-container-8-15,xgboost_hp_tuning,/srv/xgboost_hp_tuning,,88.5,0,0,0.0,157966084.0,40.0,3303.0,2.0,44.0,2.8,15796608.4,4.0
xgboost_hp_tuning_ID0000013_pegasus-plan_ID0000012,hdd_5,compute,0,1677050103.0,,,1677050108.0,1677050388.0,1677050419.0,51546964.7,1677050428.0,1677050580.0,1677050525.0,1677050529.0,253.0,1677050580.0,1677050585.0,5.0,,320.0,152.0,5.0,31.0,502672266.0,4.0,1056.0,poseidon,condorpool,poseidon-worker-3-container-0-7,xgboost_hp_tuning,/srv/xgboost_hp_tuning,,143.5,0,0,0.0,157974512.0,40.0,3334.0,2.0,135.2,3.7,5265817.1,4.0
xgboost_hp_tuning_ID0000002_pegasus-plan_ID0000012,hdd_5,compute,0,1677050103.0,,,1677050108.0,1677050388.0,1677050430.0,51507159.7,1677050428.0,1677050580.0,1677050525.0,1677050529.0,254.0,1677050580.0,1677050585.0,5.0,,320.0,152.0,5.0,42.0,502672266.0,4.0,1062.0,poseidon,condorpool,poseidon-worker-3-container-16-23,xgboost_hp_tuning,/srv/xgboost_hp_tuning,,101.5,0,0,0.0,157966116.0,40.0,3303.0,2.0,43.1,2.8,15796611.6,4.0
xgboost_hp_tuning_ID0000014_pegasus-plan_ID0000012,hdd_5,compute,0,1677050103.0,,,1677050108.0,1677050388.0,1677050433.0,51522369.7,1677050428.0,1677050580.0,1677050525.0,1677050529.0,252.0,1677050580.0,1677050585.0,5.0,,320.0,152.0,5.0,45.0,502672266.0,4.0,1052.0,poseidon,condorpool,poseidon-worker-3-container-40-47,xgboost_hp_tuning,/srv/xgboost_hp_tuning,,102.7,0,0,0.0,157966187.0,40.0,3303.0,2.0,41.0,3.0,15796618.7,4.0
xgboost_hp_tuning_ID0000009_pegasus-plan_ID0000016,hdd_5,compute,0,1677050103.0,,,1677050108.0,1677050074.0,1677050118.0,45585569.8,1677050114.0,1677050238.0,1677050186.0,1677050190.0,254.0,1677050238.0,1677050243.0,5.0,,6.0,124.0,5.0,44.0,377646203.0,4.0,1058.0,poseidon,condorpool,poseidon-worker-2-container-24-31,xgboost_hp_tuning,/srv/xgboost_hp_tuning,,14.5,0,0,,,,,,,,,
xgboost_hp_tuning_ID0000011_pegasus-plan_ID0000016,hdd_5,compute,0,1677050103.0,,,1677050108.0,1677050074.0,1677050117.0,45758571.5,1677050114.0,1677050243.0,1677050186.0,1677050190.0,251.0,1677050243.0,1677050248.0,5.0,,6.0,129.0,5.0,43.0,377646203.0,4.0,1052.0,poseidon,condorpool,poseidon-worker-2-container-0-7,xgboost_hp_tuning,/srv/xgboost_hp_tuning,,15.8,0,0,,,,,,,,,
xgboost_hp_tuning_ID0000022_pegasus-plan_ID0000016,hdd_5,compute,0,1677050103.0,,,1677050108.0,1677050074.0,1677050117.0,45883503.5,1677050114.0,1677050263.0,1677050210.0,1677050214.0,256.0,1677050263.0,1677050268.0,5.0,,6.0,149.0,5.0,43.0,377646203.0,4.0,1062.0,poseidon,condorpool,poseidon-worker-3-container-40-47,xgboost_hp_tuning,/srv/xgboost_hp_tuning,,14.7,0,0,,,,,,,,,
xgboost_hp_tuning_ID0000014_pegasus-plan_ID0000016,hdd_5,compute,0,1677050103.0,,,1677050108.0,1677050229.0,1677050290.0,10150107.4,1677050263.0,1677050428.0,1677050375.0,1677050379.0,251.0,1677050428.0,1677050433.0,5.0,,155.0,165.0,5.0,61.0,377646203.0,4.0,1056.0,poseidon,condorpool,poseidon-worker-3-container-24-31,xgboost_hp_tuning,/srv/xgboost_hp_tuning,,15.2,0,0,,,,,,,,,
xgboost_hp_tuning_ID0000021_pegasus-plan_ID0000016,hdd_5,compute,0,1677050103.0,,,1677050108.0,1677050074.0,1677050115.0,45851390.0,1677050114.0,1677050263.0,1677050210.0,1677050214.0,255.0,1677050263.0,1677050268.0,5.0,,6.0,149.0,5.0,41.0,377646203.0,4.0,1065.0,poseidon,condorpool,poseidon-worker-3-container-32-39,xgboost_hp_tuning,/srv/xgboost_hp_tuning,,14.0,0,0,,,,,,,,,
xgboost_hp_tuning_ID0000008_pegasus-plan_ID0000016,hdd_5,compute,0,1677050103.0,,,1677050108.0,1677050074.0,1677050094.0,29599662.3,1677050114.0,1677050243.0,1677050189.0,1677050193.0,257.0,1677050243.0,1677050248.0,5.0,,6.0,129.0,5.0,20.0,377646203.0,4.0,1059.0,poseidon,condorpool,poseidon-worker-1-container-0-7,xgboost_hp_tuning,/srv/xgboost_hp_tuning,,17.5,0,0,,,,,,,,,
xgboost_hp_tuning_ID0000019_pegasus-plan_ID0000016,hdd_5,compute,0,1677050103.0,,,1677050108.0,1677050074.0,1677050117.0,45635405.0,1677050114.0,1677050243.0,1677050186.0,1677050190.0,253.0,1677050243.0,1677050248.0,5.0,,6.0,129.0,5.0,43.0,377646203.0,4.0,1059.0,poseidon,condorpool,poseidon-worker-2-container-40-47,xgboost_hp_tuning,/srv/xgboost_hp_tuning,,18.3,0,0,,,,,,,,,
xgboost_hp_tuning_ID0000007_pegasus-plan_ID0000016,hdd_5,compute,0,1677050103.0,,,1677050108.0,1677050074.0,1677050117.0,45637727.0,1677050114.0,1677050243.0,1677050186.0,1677050190.0,255.0,1677050243.0,1677050248.0,5.0,,6.0,129.0,5.0,43.0,377646203.0,4.0,1066.0,poseidon,condorpool,poseidon-worker-2-container-32-39,xgboost_hp_tuning,/srv/xgboost_hp_tuning,,15.9,0,0,,,,,,,,,
xgboost_hp_tuning_ID0000018_pegasus-plan_ID0000016,hdd_5,compute,0,1677050103.0,,,1677050108.0,1677050074.0,1677050117.0,45611434.5,1677050114.0,1677050243.0,1677050186.0,1677050190.0,251.0,1677050243.0,1677050248.0,5.0,,6.0,129.0,5.0,43.0,377646203.0,4.0,1053.0,poseidon,condorpool,poseidon-worker-2-container-16-23,xgboost_hp_tuning,/srv/xgboost_hp_tuning,,21.1,0,0,,,,,,,,,
xgboost_hp_tuning_ID0000006_pegasus-plan_ID0000016,None,compute,0,1677050103.0,,,1677050108.0,1677050074.0,1677050090.0,45758828.2,1677050114.0,1677050238.0,1677050184.0,1677050188.0,259.0,1677050238.0,1677050243.0,5.0,,6.0,124.0,5.0,16.0,377646203.0,4.0,1068.0,poseidon,condorpool,poseidon-worker-2-container-8-15,xgboost_hp_tuning,/srv/xgboost_hp_tuning,,14.1,0,0,,,,,,,,,
xgboost_hp_tuning_ID0000017_pegasus-plan_ID0000016,None,compute,0,1677050103.0,,,1677050108.0,1677050197.0,1677050213.0,45663023.2,1677050237.0,1677050509.0,1677050456.0,1677050460.0,255.0,1677050509.0,1677050514.0,5.0,,129.0,272.0,5.0,16.0,377646203.0,4.0,1054.0,poseidon,condorpool,poseidon-worker-2-container-8-15,xgboost_hp_tuning,/srv/xgboost_hp_tuning,,142.4,0,0,0.1,32980675.0,40.0,3456.0,2.0,140.4,1.8,299824.3,4.0
xgboost_hp_tuning_ID0000005_pegasus-plan_ID0000016,hdd_5,compute,0,1677050103.0,,,1677050108.0,1677050199.0,1677050215.0,45550883.2,1677050239.0,1677050508.0,1677050456.0,1677050460.0,260.0,1677050508.0,1677050514.0,5.0,,131.0,269.0,6.0,16.0,377646203.0,4.0,1075.0,poseidon,condorpool,poseidon-worker-2-container-32-39,xgboost_hp_tuning,/srv/xgboost_hp_tuning,,164.5,0,0,0.0,32980724.0,40.0,3456.0,2.0,162.5,1.8,299824.8,4.0
xgboost_hp_tuning_ID0000016_pegasus-plan_ID0000016,hdd_5,compute,0,1677050103.0,,,1677050108.0,1677050199.0,1677050215.0,45562857.0,1677050239.0,1677050388.0,1677050333.0,1677050337.0,254.0,1677050388.0,1677050393.0,5.0,,131.0,149.0,5.0,16.0,377646203.0,4.0,1054.0,poseidon,condorpool,poseidon-worker-2-container-40-47,xgboost_hp_tuning,/srv/xgboost_hp_tuning,,118.1,0,0,0.0,32946485.0,40.0,3321.0,2.0,105.7,1.8,1647324.2,4.0
xgboost_hp_tuning_ID0000008_pegasus-plan_ID0000012,hdd_5,compute,0,1677050103.0,,,1677050108.0,1677050074.0,1677050187.0,34865545.9,1677050114.0,1677050283.0,1677050231.0,1677050235.0,253.0,1677050283.0,1677050288.0,5.0,,6.0,169.0,5.0,113.0,502672266.0,4.0,1060.0,poseidon,condorpool,poseidon-worker-1-container-8-15,xgboost_hp_tuning,/srv/xgboost_hp_tuning,,149.7,0,0,0.1,157976242.0,40.0,3336.0,2.0,146.2,3.4,5265874.7,4.0
xgboost_hp_tuning_ID0000015_pegasus-plan_ID0000016,hdd_5,compute,0,1677050103.0,,,1677050108.0,1677050229.0,1677050273.0,10083159.2,1677050263.0,1677050428.0,1677050375.0,1677050379.0,251.0,1677050428.0,1677050433.0,5.0,,155.0,165.0,5.0,44.0,377646203.0,4.0,1055.0,poseidon,condorpool,poseidon-worker-3-container-16-23,xgboost_hp_tuning,/srv/xgboost_hp_tuning,,91.9,0,0,0.0,32939976.0,40.0,3303.0,2.0,52.2,1.4,3293997.6,4.0
xgboost_hp_tuning_ID0000020_pegasus-plan_ID0000016,hdd_5,compute,0,1677050103.0,,,1677050108.0,1677050074.0,1677050117.0,45868107.8,1677050114.0,1677050263.0,1677050210.0,1677050214.0,259.0,1677050263.0,1677050268.0,5.0,,6.0,149.0,5.0,43.0,377646203.0,4.0,1063.0,poseidon,condorpool,poseidon-worker-3-container-16-23,xgboost_hp_tuning,/srv/xgboost_hp_tuning,,55.4,0,0,,,,,,,,,
xgboost_hp_tuning_ID0000019_pegasus-plan_ID0000012,hdd_5,compute,0,1677050103.0,,,1677050108.0,1677050199.0,1677050230.0,51227896.3,1677050239.0,1677050414.0,1677050358.0,1677050363.0,253.0,1677050414.0,1677050419.0,5.0,,131.0,175.0,5.0,31.0,502672266.0,5.0,1059.0,poseidon,condorpool,poseidon-worker-2-container-24-31,xgboost_hp_tuning,/srv/xgboost_hp_tuning,,108.9,0,0,0.0,157999524.0,40.0,3426.0,2.0,105.3,3.5,1755550.3,4.0
xgboost_hp_tuning_ID0000011_pegasus-plan_ID0000020,None,compute,0,1677050118.0,,,1677050123.0,1677050395.0,1677050424.0,75050615.1,1677050435.0,1677050944.0,1677050890.0,1677050895.0,250.0,1677050944.0,1677050949.0,5.0,,312.0,509.0,5.0,29.0,1691153157.0,5.0,1049.0,poseidon,condorpool,poseidon-worker-1-container-40-47,xgboost_hp_tuning,/srv/xgboost_hp_tuning,,1928.8,0,0,0.1,1346579913.0,40.0,3817.0,2.0,1831.4,66.4,3847371.2,4.0
xgboost_hp_tuning_ID0000009_pegasus-plan_ID0000020,hdd_5,compute,0,1677050118.0,,,1677050123.0,1677050395.0,1677050451.0,75154716.9,1677050435.0,1677050944.0,1677050890.0,1677050894.0,253.0,1677050944.0,1677050949.0,5.0,,312.0,509.0,5.0,56.0,1691153157.0,4.0,1059.0,poseidon,condorpool,poseidon-worker-1-container-16-23,xgboost_hp_tuning,/srv/xgboost_hp_tuning,,1922.3,0,0,0.0,1346576065.0,40.0,3801.0,2.0,1841.3,56.8,3960517.8,4.0
xgboost_hp_tuning_ID0000001_pegasus-plan_ID0000020,hdd_5,compute,0,1677050118.0,,,1677050123.0,1677050904.0,1677050933.0,74837505.5,1677050944.0,1677051324.0,1677051270.0,1677051274.0,255.0,1677051324.0,1677051329.0,5.0,,821.0,380.0,5.0,29.0,1691153157.0,4.0,1064.0,poseidon,condorpool,poseidon-worker-1-container-16-23,xgboost_hp_tuning,/srv/xgboost_hp_tuning,,1789.6,0,0,0.1,1346568545.0,40.0,3771.0,2.0,1713.8,51.3,4208026.7,4.0
xgboost_hp_tuning_ID0000022_pegasus-plan_ID0000020,hdd_5,compute,0,1677050118.0,,,1677050123.0,1677050395.0,1677050441.0,75141532.1,1677050435.0,1677050944.0,1677050890.0,1677050895.0,254.0,1677050944.0,1677050949.0,5.0,,312.0,509.0,5.0,46.0,1691153157.0,5.0,1062.0,poseidon,condorpool,poseidon-worker-1-container-32-39,xgboost_hp_tuning,/srv/xgboost_hp_tuning,,1881.1,0,0,0.1,1346572252.0,40.0,3786.0,2.0,1780.0,58.4,4080522.0,4.0
xgboost_hp_tuning_ID0000013_pegasus-plan_ID0000020,None,compute,0,1677050118.0,,,1677050123.0,1677050904.0,1677050933.0,75147098.0,1677050944.0,1677051324.0,1677051270.0,1677051274.0,252.0,1677051324.0,1677051329.0,5.0,,821.0,380.0,5.0,29.0,1691153157.0,4.0,1053.0,poseidon,condorpool,poseidon-worker-1-container-40-47,xgboost_hp_tuning,/srv/xgboost_hp_tuning,,1724.5,0,0,0.1,1346564746.0,40.0,3756.0,2.0,1617.9,55.5,4343757.2,4.0
xgboost_hp_tuning_ID0000002_pegasus-plan_ID0000020,hdd_5,compute,0,1677050118.0,,,1677050123.0,1677050903.0,1677050950.0,75054222.8,1677050943.0,1677051334.0,1677051278.0,1677051282.0,257.0,1677051334.0,1677051339.0,5.0,,820.0,391.0,5.0,47.0,1691153157.0,4.0,1063.0,poseidon,condorpool,poseidon-worker-1-container-0-7,xgboost_hp_tuning,/srv/xgboost_hp_tuning,,1703.2,0,0,0.1,1346564473.0,40.0,3756.0,2.0,1578.2,69.4,4343756.4,4.0
xgboost_hp_tuning_ID0000014_pegasus-plan_ID0000020,hdd_5,compute,0,1677050118.0,,,1677050123.0,1677050902.0,1677050958.0,75051028.1,1677050942.0,1677051329.0,1677051274.0,1677051278.0,255.0,1677051329.0,1677051334.0,5.0,,819.0,387.0,5.0,56.0,1691153157.0,4.0,1054.0,poseidon,condorpool,poseidon-worker-2-container-32-39,xgboost_hp_tuning,/srv/xgboost_hp_tuning,,1774.3,0,0,0.0,1346560916.0,40.0,3741.0,2.0,1691.8,41.5,4488536.4,4.0
xgboost_hp_tuning_ID0000003_pegasus-plan_ID0000020,hdd_5,compute,0,1677050118.0,,,1677050123.0,1677050538.0,1677050598.0,75232791.4,1677050578.0,1677051014.0,1677050958.0,1677050962.0,260.0,1677051014.0,1677051019.0,5.0,,455.0,436.0,5.0,60.0,1691153157.0,4.0,1067.0,poseidon,condorpool,poseidon-worker-3-container-32-39,xgboost_hp_tuning,/srv/xgboost_hp_tuning,,1928.8,0,0,0.1,1346578253.0,40.0,3814.0,2.0,1860.1,67.9,3847366.4,4.0
xgboost_hp_tuning_ID0000015_pegasus-plan_ID0000020,hdd_5,compute,0,1677050118.0,,,1677050123.0,1677050538.0,1677050595.0,74992423.9,1677050578.0,1677050964.0,1677050907.0,1677050912.0,255.0,1677050964.0,1677050969.0,5.0,,455.0,386.0,5.0,57.0,1691153157.0,5.0,1054.0,poseidon,condorpool,poseidon-worker-3-container-16-23,xgboost_hp_tuning,/srv/xgboost_hp_tuning,,1647.5,0,0,0.3,1346559074.0,40.0,3739.0,2.0,1562.0,65.2,4488530.2,4.0
xgboost_hp_tuning_ID0000004_pegasus-plan_ID0000020,hdd_5,compute,0,1677050118.0,,,1677050123.0,1677050538.0,1677050594.0,75241195.1,1677050578.0,1677050994.0,1677050940.0,1677050945.0,258.0,1677050994.0,1677050999.0,5.0,,455.0,416.0,5.0,56.0,1691153157.0,5.0,1064.0,poseidon,condorpool,poseidon-worker-3-container-40-47,xgboost_hp_tuning,/srv/xgboost_hp_tuning,,1917.9,0,0,0.0,1346570560.0,40.0,3784.0,2.0,1802.1,66.0,4080516.8,4.0
xgboost_hp_tuning_ID0000016_pegasus-plan_ID0000020,None,compute,0,1677050118.0,,,1677050123.0,1677050538.0,1677050567.0,75217663.1,1677050578.0,1677050959.0,1677050904.0,1677050909.0,255.0,1677050959.0,1677050964.0,5.0,,455.0,381.0,5.0,29.0,1691153157.0,5.0,1054.0,poseidon,condorpool,poseidon-worker-3-container-8-15,xgboost_hp_tuning,/srv/xgboost_hp_tuning,,1757.3,0,0,0.0,1346562706.0,40.0,3754.0,2.0,1648.7,56.5,4343750.7,4.0
xgboost_hp_tuning_ID0000005_pegasus-plan_ID0000020,hdd_5,compute,0,1677050118.0,,,1677050123.0,1677050538.0,1677050586.0,75269272.4,1677050578.0,1677051134.0,1677051081.0,1677051085.0,262.0,1677051134.0,1677051139.0,5.0,,455.0,556.0,5.0,48.0,1691153157.0,4.0,1077.0,poseidon,condorpool,poseidon-worker-3-container-0-7,xgboost_hp_tuning,/srv/xgboost_hp_tuning,,2290.4,0,0,0.0,1346593211.0,40.0,3874.0,2.0,2206.0,64.6,3452803.1,4.0
xgboost_hp_tuning_ID0000023_pegasus-plan_ID0000020,hdd_5,compute,0,1677050118.0,,,1677050123.0,1677050904.0,1677050933.0,75037184.5,1677050944.0,1677051334.0,1677051278.0,1677051283.0,262.0,1677051334.0,1677051339.0,5.0,,821.0,390.0,5.0,29.0,1691153157.0,5.0,1090.0,poseidon,condorpool,poseidon-worker-1-container-24-31,xgboost_hp_tuning,/srv/xgboost_hp_tuning,,1868.6,0,0,0.1,1346572375.0,40.0,3786.0,2.0,1772.9,56.6,4080522.3,4.0
xgboost_hp_tuning_ID0000017_pegasus-plan_ID0000020,hdd_5,compute,0,1677050118.0,,,1677050123.0,1677050538.0,1677050582.0,75231083.9,1677050578.0,1677050984.0,1677050928.0,1677050933.0,254.0,1677050984.0,1677050989.0,5.0,,455.0,406.0,5.0,44.0,1691153157.0,5.0,1050.0,poseidon,condorpool,poseidon-worker-3-container-24-31,xgboost_hp_tuning,/srv/xgboost_hp_tuning,,1853.2,0,0,0.1,1346570562.0,40.0,3784.0,2.0,1739.1,70.8,4080516.9,4.0
xgboost_hp_tuning_ID0000012_pegasus-plan_ID0000020,hdd_5,compute,0,1677050118.0,,,1677050123.0,1677050904.0,1677050933.0,75080649.8,1677050944.0,1677051324.0,1677051270.0,1677051274.0,251.0,1677051324.0,1677051329.0,5.0,,821.0,380.0,5.0,29.0,1691153157.0,4.0,1048.0,poseidon,condorpool,poseidon-worker-1-container-8-15,xgboost_hp_tuning,/srv/xgboost_hp_tuning,,1490.2,0,0,0.1,1346553123.0,40.0,3711.0,2.0,1403.4,44.7,4809118.3,4.0
xgboost_hp_tuning_ID0000018_pegasus-plan_ID0000020,hdd_5,compute,0,1677050118.0,,,1677050123.0,1677050520.0,1677050566.0,75016283.4,1677050560.0,1677051319.0,1677051264.0,1677051269.0,252.0,1677051319.0,1677051324.0,5.0,,437.0,759.0,5.0,46.0,1691153157.0,5.0,1054.0,poseidon,condorpool,poseidon-worker-2-container-24-31,xgboost_hp_tuning,/srv/xgboost_hp_tuning,,2038.4,0,0,0.0,1346580103.0,40.0,3816.0,2.0,1960.8,53.4,3847371.7,4.0
xgboost_hp_tuning_ID0000019_pegasus-plan_ID0000020,hdd_5,compute,0,1677050118.0,,,1677050123.0,1677050508.0,1677050544.0,75054039.1,1677050509.0,1677051319.0,1677051264.0,1677051269.0,255.0,1677051319.0,1677051324.0,5.0,,386.0,810.0,5.0,36.0,1691153157.0,5.0,1059.0,poseidon,condorpool,poseidon-worker-2-container-16-23,xgboost_hp_tuning,/srv/xgboost_hp_tuning,,3569.5,0,0,0.1,1346671784.0,40.0,4176.0,2.0,3432.6,83.7,2282494.5,4.0
xgboost_hp_tuning_ID0000008_pegasus-plan_ID0000020,None,compute,0,1677050118.0,,,1677050123.0,1677050508.0,1677050537.0,75061529.5,1677050509.0,1677050939.0,1677050887.0,1677050891.0,256.0,1677050939.0,1677050944.0,5.0,,386.0,430.0,5.0,29.0,1691153157.0,4.0,1059.0,poseidon,condorpool,poseidon-worker-2-container-8-15,xgboost_hp_tuning,/srv/xgboost_hp_tuning,,1856.4,0,0,0.1,2692865775.0,4227.0,6875.0,9.0,1796.3,58.7,8160199.3,211.3
xgboost_hp_tuning_ID0000020_pegasus-plan_ID0000020,hdd_5,compute,0,1677050118.0,,,1677050123.0,1677050508.0,1677050541.0,75129664.5,1677050509.0,1677050944.0,1677050889.0,1677050893.0,260.0,1677050944.0,1677050949.0,5.0,,386.0,435.0,5.0,33.0,1691153157.0,4.0,1063.0,poseidon,condorpool,poseidon-worker-2-container-32-39,xgboost_hp_tuning,/srv/xgboost_hp_tuning,,1914.9,0,0,0.1,1346572365.0,40.0,3786.0,2.0,1798.0,62.4,4080522.3,4.0
xgboost_hp_tuning_ID0000021_pegasus-plan_ID0000020,hdd_5,compute,0,1677050118.0,,,1677050123.0,1677050395.0,1677050440.0,75164433.4,1677050435.0,1677050944.0,1677050890.0,1677050894.0,255.0,1677050944.0,1677050949.0,5.0,,312.0,509.0,5.0,45.0,1691153157.0,4.0,1063.0,poseidon,condorpool,poseidon-worker-1-container-8-15,xgboost_hp_tuning,/srv/xgboost_hp_tuning,,1933.9,0,0,0.0,1346572061.0,40.0,3786.0,2.0,1836.7,48.0,4080521.4,4.0
xgboost_hp_tuning_ID0000010_pegasus-plan_ID0000020,hdd_5,compute,0,1677050118.0,,,1677050123.0,1677050395.0,1677050441.0,75136551.8,1677050435.0,1677050944.0,1677050890.0,1677050895.0,250.0,1677050944.0,1677050949.0,5.0,,312.0,509.0,5.0,46.0,1691153157.0,5.0,1050.0,poseidon,condorpool,poseidon-worker-1-container-24-31,xgboost_hp_tuning,/srv/xgboost_hp_tuning,,1980.6,0,0,0.0,1346579877.0,40.0,3816.0,2.0,1918.7,55.9,3847371.1,4.0
xgboost_hp_tuning_ID0000006_pegasus-plan_ID0000020,hdd_5,compute,0,1677050118.0,,,1677050123.0,1677050520.0,1677050577.0,74814731.1,1677050560.0,1677051319.0,1677051264.0,1677051269.0,257.0,1677051319.0,1677051324.0,5.0,,437.0,759.0,5.0,57.0,1691153157.0,5.0,1068.0,poseidon,condorpool,poseidon-worker-2-container-40-47,xgboost_hp_tuning,/srv/xgboost_hp_tuning,,2244.6,0,0,0.0,1346591827.0,192.0,3863.0,3.0,2169.8,57.8,3639437.4,9.6
xgboost_hp_tuning_ID0000007_pegasus-plan_ID0000020,hdd_5,compute,0,1677050118.0,,,1677050123.0,1677050520.0,1677050579.0,75060608.0,1677050560.0,1677051319.0,1677051264.0,1677051269.0,256.0,1677051319.0,1677051324.0,5.0,,437.0,759.0,5.0,59.0,1691153157.0,5.0,1065.0,poseidon,condorpool,poseidon-worker-2-container-0-7,xgboost_hp_tuning,/srv/xgboost_hp_tuning,,1781.1,0,0,0.1,1346568488.0,192.0,3773.0,3.0,1712.4,59.5,4343769.3,9.6
stage_out_local_condorpool_0_0_pegasus-plan_ID0000016,None,transfer,0,1677050564.0,,,1677050569.0,,,0.0,1677050569.0,1677050579.0,1677050570.0,1677050574.0,2098.0,1677050579.0,1677050584.0,5.0,,0.0,10.0,5.0,,,4.0,8462.0,poseidon,local,host-10-100-100-12.openstacklocal,pegasus::transfer,/home/poseidon/pegasus-5.1.0panorama/bin/pegasus-transfer,/home/poseidon/pegasus-5.1.0panorama/bin/../bin/pegasus-kickstart  -n pegasus::transfer -N null -i - -R local  -L xgboost_hp_tuning_group_1 -T 2023-02-22T07:14:15+00:00 /home/poseidon/pegasus-5.1.0panorama/bin/../bin/pegasus-transfer  --threads 2,1.1,0,0,,,,,,,,,
stage_out_local_condorpool_0_2_pegasus-plan_ID0000016,None,transfer,0,1677050569.0,,,1677050574.0,,,0.0,1677050575.0,1677050589.0,1677050576.0,1677050580.0,1840.0,1677050589.0,1677050594.0,5.0,,1.0,14.0,5.0,,,4.0,7427.0,poseidon,local,host-10-100-100-12.openstacklocal,pegasus::transfer,/home/poseidon/pegasus-5.1.0panorama/bin/pegasus-transfer,/home/poseidon/pegasus-5.1.0panorama/bin/../bin/pegasus-kickstart  -n pegasus::transfer -N null -i - -R local  -L xgboost_hp_tuning_group_1 -T 2023-02-22T07:14:15+00:00 /home/poseidon/pegasus-5.1.0panorama/bin/../bin/pegasus-transfer  --threads 2,1.0,0,0,,,,,,,,,
xgboost_best_params_ID0000024_pegasus-plan_ID0000016,hdd_5,compute,0,1677050584.0,,,1677050589.0,1677050771.0,1677050788.0,39720488.7,1677050810.0,1677050945.0,1677050890.0,1677050894.0,253.0,1677050945.0,1677050950.0,5.0,,221.0,135.0,5.0,17.0,368018669.0,4.0,1056.0,poseidon,condorpool,poseidon-worker-1-container-0-7,xgboost_best_params,/srv/xgboost_best_params,,0.0,0,0,,,,,,,,,
stage_out_local_condorpool_0_1_pegasus-plan_ID0000016,None,transfer,0,1677050584.0,,,1677050589.0,,,0.0,1677050590.0,1677050604.0,1677050590.0,1677050594.0,2109.0,1677050604.0,1677050609.0,5.0,,1.0,14.0,5.0,,,4.0,8511.0,poseidon,local,host-10-100-100-12.openstacklocal,pegasus::transfer,/home/poseidon/pegasus-5.1.0panorama/bin/pegasus-transfer,/home/poseidon/pegasus-5.1.0panorama/bin/../bin/pegasus-kickstart  -n pegasus::transfer -N null -i - -R local  -L xgboost_hp_tuning_group_1 -T 2023-02-22T07:14:15+00:00 /home/poseidon/pegasus-5.1.0panorama/bin/../bin/pegasus-transfer  --threads 2,1.1,0,0,,,,,,,,,
register_condorpool_0_0_pegasus-plan_ID0000016,None,auxiliary,0,1677050584.0,,,1677050589.0,,,0.0,1677050590.0,1677050594.0,,,0.0,1677050594.0,1677050599.0,5.0,,1.0,4.0,5.0,,,,,poseidon,local,host-10-100-100-12.openstacklocal,pegasus::rc-client,/home/poseidon/pegasus-5.1.0panorama/bin/pegasus-rc-client,"-n pegasus::rc-client -N null -R local  -L xgboost_hp_tuning_group_1 -T 2023-02-22T07:14:15+00:00 /home/poseidon/pegasus-5.1.0panorama/bin/pegasus-rc-client --prefix pegasus.catalog.replica.output --conf /home/poseidon/workflows/predict-future-sales-workflow/submit/poseidon/pegasus/predict-future-sales/run0081/00/00/./xgboost_hp_tuning_group_1.000/pegasus.1091149045050156257.properties -v --meta /home/poseidon/workflows/predict-future-sales-workflow/submit/poseidon/pegasus/predict-future-sales/run0081/00/00/./xgboost_hp_tuning_group_1.000/00/00/xgboost_hp_tuning_ID0000018.meta,/home/poseidon/workflows/predict-future-sales-workflow/submit/poseidon/pegasus/predict-future-sales/run0081/00/00/./xgboost_hp_tuning_group_1.000/00/00/xgboost_hp_tuning_ID0000002.meta,/home/poseidon/workflows/predict-future-sales-workflow/submit/poseidon/pegasus/predict-future-sales/run0081/00/00/./xgboost_hp_tuning_group_1.000/00/00/xgboost_hp_tuning_ID0000005.meta,/home/poseidon/workflows/predict-future-sales-workflow/submit/poseidon/pegasus/predict-future-sales/run0081/00/00/./xgboost_hp_tuning_group_1.000/00/00/xgboost_hp_tuning_ID0000009.meta,/home/poseidon/workflows/predict-future-sales-workflow/submit/poseidon/pegasus/predict-future-sales/run0081/00/00/./xgboost_hp_tuning_group_1.000/00/00/xgboost_hp_tuning_ID0000015.meta,/home/poseidon/workflows/predict-future-sales-workflow/submit/poseidon/pegasus/predict-future-sales/run0081/00/00/./xgboost_hp_tuning_group_1.000/00/00/xgboost_hp_tuning_ID0000012.meta,/home/poseidon/workflows/predict-future-sales-workflow/submit/poseidon/pegasus/predict-future-sales/run0081/00/00/./xgboost_hp_tuning_group_1.000/00/00/xgboost_hp_tuning_ID0000010.meta,/home/poseidon/workflows/predict-future-sales-workflow/submit/poseidon/pegasus/predict-future-sales/run0081/00/00/./xgboost_hp_tuning_group_1.000/00/00/xgboost_hp_tuning_ID0000008.meta --insert /home/poseidon/workflows/predict-future-sales-workflow/submit/poseidon/pegasus/predict-future-sales/run0081/00/00/./xgboost_hp_tuning_group_1.000/00/00/register_condorpool_0_0.in",3.0,0,0,,,,,,,,,
stage_out_local_condorpool_0_2_pegasus-plan_ID0000012,None,transfer,0,1677050585.0,,,1677050590.0,,,0.0,1677050591.0,1677050605.0,1677050592.0,1677050596.0,1841.0,1677050605.0,1677050610.0,5.0,,1.0,14.0,5.0,,,4.0,7423.0,poseidon,local,host-10-100-100-12.openstacklocal,pegasus::transfer,/home/poseidon/pegasus-5.1.0panorama/bin/pegasus-transfer,/home/poseidon/pegasus-5.1.0panorama/bin/../bin/pegasus-kickstart  -n pegasus::transfer -N null -i - -R local  -L xgboost_hp_tuning_group_0 -T 2023-02-22T07:14:15+00:00 /home/poseidon/pegasus-5.1.0panorama/bin/../bin/pegasus-transfer  --threads 2,1.0,0,0,,,,,,,,,
stage_out_local_condorpool_0_0_pegasus-plan_ID0000012,None,transfer,0,1677050585.0,,,1677050590.0,,,0.0,1677050591.0,1677050605.0,1677050592.0,1677050596.0,2095.0,1677050605.0,1677050610.0,5.0,,1.0,14.0,5.0,,,4.0,8462.0,poseidon,local,host-10-100-100-12.openstacklocal,pegasus::transfer,/home/poseidon/pegasus-5.1.0panorama/bin/pegasus-transfer,/home/poseidon/pegasus-5.1.0panorama/bin/../bin/pegasus-kickstart  -n pegasus::transfer -N null -i - -R local  -L xgboost_hp_tuning_group_0 -T 2023-02-22T07:14:15+00:00 /home/poseidon/pegasus-5.1.0panorama/bin/../bin/pegasus-transfer  --threads 2,1.1,0,0,,,,,,,,,
register_condorpool_0_2_pegasus-plan_ID0000016,None,auxiliary,0,1677050594.0,,,1677050599.0,,,0.0,1677050599.0,1677050604.0,,,0.0,1677050604.0,1677050609.0,5.0,,0.0,5.0,5.0,,,,,poseidon,local,host-10-100-100-12.openstacklocal,pegasus::rc-client,/home/poseidon/pegasus-5.1.0panorama/bin/pegasus-rc-client,"-n pegasus::rc-client -N null -R local  -L xgboost_hp_tuning_group_1 -T 2023-02-22T07:14:15+00:00 /home/poseidon/pegasus-5.1.0panorama/bin/pegasus-rc-client --prefix pegasus.catalog.replica.output --conf /home/poseidon/workflows/predict-future-sales-workflow/submit/poseidon/pegasus/predict-future-sales/run0081/00/00/./xgboost_hp_tuning_group_1.000/pegasus.1091149045050156257.properties -v --meta /home/poseidon/workflows/predict-future-sales-workflow/submit/poseidon/pegasus/predict-future-sales/run0081/00/00/./xgboost_hp_tuning_group_1.000/00/00/xgboost_hp_tuning_ID0000017.meta,/home/poseidon/workflows/predict-future-sales-workflow/submit/poseidon/pegasus/predict-future-sales/run0081/00/00/./xgboost_hp_tuning_group_1.000/00/00/xgboost_hp_tuning_ID0000022.meta,/home/poseidon/workflows/predict-future-sales-workflow/submit/poseidon/pegasus/predict-future-sales/run0081/00/00/./xgboost_hp_tuning_group_1.000/00/00/xgboost_hp_tuning_ID0000007.meta,/home/poseidon/workflows/predict-future-sales-workflow/submit/poseidon/pegasus/predict-future-sales/run0081/00/00/./xgboost_hp_tuning_group_1.000/00/00/xgboost_hp_tuning_ID0000020.meta,/home/poseidon/workflows/predict-future-sales-workflow/submit/poseidon/pegasus/predict-future-sales/run0081/00/00/./xgboost_hp_tuning_group_1.000/00/00/xgboost_hp_tuning_ID0000001.meta,/home/poseidon/workflows/predict-future-sales-workflow/submit/poseidon/pegasus/predict-future-sales/run0081/00/00/./xgboost_hp_tuning_group_1.000/00/00/xgboost_hp_tuning_ID0000004.meta,/home/poseidon/workflows/predict-future-sales-workflow/submit/poseidon/pegasus/predict-future-sales/run0081/00/00/./xgboost_hp_tuning_group_1.000/00/00/xgboost_hp_tuning_ID0000014.meta --insert /home/poseidon/workflows/predict-future-sales-workflow/submit/poseidon/pegasus/predict-future-sales/run0081/00/00/./xgboost_hp_tuning_group_1.000/00/00/register_condorpool_0_2.in",3.1,0,0,,,,,,,,,
register_condorpool_0_1_pegasus-plan_ID0000016,None,auxiliary,0,1677050609.0,,,1677050614.0,,,0.0,1677050614.0,1677050619.0,,,0.0,1677050619.0,1677050624.0,5.0,,0.0,5.0,5.0,,,,,poseidon,local,host-10-100-100-12.openstacklocal,pegasus::rc-client,/home/poseidon/pegasus-5.1.0panorama/bin/pegasus-rc-client,"-n pegasus::rc-client -N null -R local  -L xgboost_hp_tuning_group_1 -T 2023-02-22T07:14:15+00:00 /home/poseidon/pegasus-5.1.0panorama/bin/pegasus-rc-client --prefix pegasus.catalog.replica.output --conf /home/poseidon/workflows/predict-future-sales-workflow/submit/poseidon/pegasus/predict-future-sales/run0081/00/00/./xgboost_hp_tuning_group_1.000/pegasus.1091149045050156257.properties -v --meta /home/poseidon/workflows/predict-future-sales-workflow/submit/poseidon/pegasus/predict-future-sales/run0081/00/00/./xgboost_hp_tuning_group_1.000/00/00/xgboost_hp_tuning_ID0000013.meta,/home/poseidon/workflows/predict-future-sales-workflow/submit/poseidon/pegasus/predict-future-sales/run0081/00/00/./xgboost_hp_tuning_group_1.000/00/00/xgboost_hp_tuning_ID0000023.meta,/home/poseidon/workflows/predict-future-sales-workflow/submit/poseidon/pegasus/predict-future-sales/run0081/00/00/./xgboost_hp_tuning_group_1.000/00/00/xgboost_hp_tuning_ID0000011.meta,/home/poseidon/workflows/predict-future-sales-workflow/submit/poseidon/pegasus/predict-future-sales/run0081/00/00/./xgboost_hp_tuning_group_1.000/00/00/xgboost_hp_tuning_ID0000006.meta,/home/poseidon/workflows/predict-future-sales-workflow/submit/poseidon/pegasus/predict-future-sales/run0081/00/00/./xgboost_hp_tuning_group_1.000/00/00/xgboost_hp_tuning_ID0000003.meta,/home/poseidon/workflows/predict-future-sales-workflow/submit/poseidon/pegasus/predict-future-sales/run0081/00/00/./xgboost_hp_tuning_group_1.000/00/00/xgboost_hp_tuning_ID0000021.meta,/home/poseidon/workflows/predict-future-sales-workflow/submit/poseidon/pegasus/predict-future-sales/run0081/00/00/./xgboost_hp_tuning_group_1.000/00/00/xgboost_hp_tuning_ID0000019.meta,/home/poseidon/workflows/predict-future-sales-workflow/submit/poseidon/pegasus/predict-future-sales/run0081/00/00/./xgboost_hp_tuning_group_1.000/00/00/xgboost_hp_tuning_ID0000016.meta --insert /home/poseidon/workflows/predict-future-sales-workflow/submit/poseidon/pegasus/predict-future-sales/run0081/00/00/./xgboost_hp_tuning_group_1.000/00/00/register_condorpool_0_1.in",3.0,0,0,,,,,,,,,
register_condorpool_0_2_pegasus-plan_ID0000012,None,auxiliary,0,1677050610.0,,,1677050625.0,,,0.0,1677050627.0,1677050630.0,,,0.0,1677050630.0,1677050635.0,15.0,,2.0,3.0,5.0,,,,,poseidon,local,host-10-100-100-12.openstacklocal,pegasus::rc-client,/home/poseidon/pegasus-5.1.0panorama/bin/pegasus-rc-client,"-n pegasus::rc-client -N null -R local  -L xgboost_hp_tuning_group_0 -T 2023-02-22T07:14:15+00:00 /home/poseidon/pegasus-5.1.0panorama/bin/pegasus-rc-client --prefix pegasus.catalog.replica.output --conf /home/poseidon/workflows/predict-future-sales-workflow/submit/poseidon/pegasus/predict-future-sales/run0081/00/00/./xgboost_hp_tuning_group_0.000/pegasus.8467310824386913915.properties -v --meta /home/poseidon/workflows/predict-future-sales-workflow/submit/poseidon/pegasus/predict-future-sales/run0081/00/00/./xgboost_hp_tuning_group_0.000/00/00/xgboost_hp_tuning_ID0000017.meta,/home/poseidon/workflows/predict-future-sales-workflow/submit/poseidon/pegasus/predict-future-sales/run0081/00/00/./xgboost_hp_tuning_group_0.000/00/00/xgboost_hp_tuning_ID0000022.meta,/home/poseidon/workflows/predict-future-sales-workflow/submit/poseidon/pegasus/predict-future-sales/run0081/00/00/./xgboost_hp_tuning_group_0.000/00/00/xgboost_hp_tuning_ID0000007.meta,/home/poseidon/workflows/predict-future-sales-workflow/submit/poseidon/pegasus/predict-future-sales/run0081/00/00/./xgboost_hp_tuning_group_0.000/00/00/xgboost_hp_tuning_ID0000020.meta,/home/poseidon/workflows/predict-future-sales-workflow/submit/poseidon/pegasus/predict-future-sales/run0081/00/00/./xgboost_hp_tuning_group_0.000/00/00/xgboost_hp_tuning_ID0000001.meta,/home/poseidon/workflows/predict-future-sales-workflow/submit/poseidon/pegasus/predict-future-sales/run0081/00/00/./xgboost_hp_tuning_group_0.000/00/00/xgboost_hp_tuning_ID0000004.meta,/home/poseidon/workflows/predict-future-sales-workflow/submit/poseidon/pegasus/predict-future-sales/run0081/00/00/./xgboost_hp_tuning_group_0.000/00/00/xgboost_hp_tuning_ID0000014.meta --insert /home/poseidon/workflows/predict-future-sales-workflow/submit/poseidon/pegasus/predict-future-sales/run0081/00/00/./xgboost_hp_tuning_group_0.000/00/00/register_condorpool_0_2.in",3.1,0,0,,,,,,,,,
register_condorpool_0_0_pegasus-plan_ID0000012,None,auxiliary,0,1677050610.0,,,1677050615.0,,,0.0,1677050616.0,1677050620.0,,,0.0,1677050620.0,1677050625.0,5.0,,1.0,4.0,5.0,,,,,poseidon,local,host-10-100-100-12.openstacklocal,pegasus::rc-client,/home/poseidon/pegasus-5.1.0panorama/bin/pegasus-rc-client,"-n pegasus::rc-client -N null -R local  -L xgboost_hp_tuning_group_0 -T 2023-02-22T07:14:15+00:00 /home/poseidon/pegasus-5.1.0panorama/bin/pegasus-rc-client --prefix pegasus.catalog.replica.output --conf /home/poseidon/workflows/predict-future-sales-workflow/submit/poseidon/pegasus/predict-future-sales/run0081/00/00/./xgboost_hp_tuning_group_0.000/pegasus.8467310824386913915.properties -v --meta /home/poseidon/workflows/predict-future-sales-workflow/submit/poseidon/pegasus/predict-future-sales/run0081/00/00/./xgboost_hp_tuning_group_0.000/00/00/xgboost_hp_tuning_ID0000018.meta,/home/poseidon/workflows/predict-future-sales-workflow/submit/poseidon/pegasus/predict-future-sales/run0081/00/00/./xgboost_hp_tuning_group_0.000/00/00/xgboost_hp_tuning_ID0000002.meta,/home/poseidon/workflows/predict-future-sales-workflow/submit/poseidon/pegasus/predict-future-sales/run0081/00/00/./xgboost_hp_tuning_group_0.000/00/00/xgboost_hp_tuning_ID0000005.meta,/home/poseidon/workflows/predict-future-sales-workflow/submit/poseidon/pegasus/predict-future-sales/run0081/00/00/./xgboost_hp_tuning_group_0.000/00/00/xgboost_hp_tuning_ID0000009.meta,/home/poseidon/workflows/predict-future-sales-workflow/submit/poseidon/pegasus/predict-future-sales/run0081/00/00/./xgboost_hp_tuning_group_0.000/00/00/xgboost_hp_tuning_ID0000015.meta,/home/poseidon/workflows/predict-future-sales-workflow/submit/poseidon/pegasus/predict-future-sales/run0081/00/00/./xgboost_hp_tuning_group_0.000/00/00/xgboost_hp_tuning_ID0000012.meta,/home/poseidon/workflows/predict-future-sales-workflow/submit/poseidon/pegasus/predict-future-sales/run0081/00/00/./xgboost_hp_tuning_group_0.000/00/00/xgboost_hp_tuning_ID0000010.meta,/home/poseidon/workflows/predict-future-sales-workflow/submit/poseidon/pegasus/predict-future-sales/run0081/00/00/./xgboost_hp_tuning_group_0.000/00/00/xgboost_hp_tuning_ID0000008.meta --insert /home/poseidon/workflows/predict-future-sales-workflow/submit/poseidon/pegasus/predict-future-sales/run0081/00/00/./xgboost_hp_tuning_group_0.000/00/00/register_condorpool_0_0.in",3.1,0,0,,,,,,,,,
xgboost_best_params_ID0000024_pegasus-plan_ID0000012,None,compute,0,1677050815.0,,,1677050820.0,1677050900.0,1677050917.0,39669766.0,1677050940.0,1677051320.0,1677051264.0,1677051269.0,260.0,1677051320.0,1677051325.0,5.0,,120.0,380.0,5.0,17.0,368018658.0,5.0,1078.0,poseidon,condorpool,poseidon-worker-2-container-8-15,xgboost_best_params,/srv/xgboost_best_params,,0.0,0,0,,,,,,,,,
stage_out_local_condorpool_0_1_pegasus-plan_ID0000012,None,transfer,0,1677050815.0,,,1677050820.0,,,0.0,1677050820.0,1677050830.0,1677050820.0,1677050825.0,2108.0,1677050830.0,1677050835.0,5.0,,0.0,10.0,5.0,,,5.0,8504.0,poseidon,local,host-10-100-100-12.openstacklocal,pegasus::transfer,/home/poseidon/pegasus-5.1.0panorama/bin/pegasus-transfer,/home/poseidon/pegasus-5.1.0panorama/bin/../bin/pegasus-kickstart  -n pegasus::transfer -N null -i - -R local  -L xgboost_hp_tuning_group_0 -T 2023-02-22T07:14:15+00:00 /home/poseidon/pegasus-5.1.0panorama/bin/../bin/pegasus-transfer  --threads 2,1.1,0,0,,,,,,,,,
register_condorpool_0_1_pegasus-plan_ID0000012,None,auxiliary,0,1677050835.0,,,1677050840.0,,,0.0,1677050840.0,1677050845.0,,,0.0,1677050845.0,1677050850.0,5.0,,0.0,5.0,5.0,,,,,poseidon,local,host-10-100-100-12.openstacklocal,pegasus::rc-client,/home/poseidon/pegasus-5.1.0panorama/bin/pegasus-rc-client,"-n pegasus::rc-client -N null -R local  -L xgboost_hp_tuning_group_0 -T 2023-02-22T07:14:15+00:00 /home/poseidon/pegasus-5.1.0panorama/bin/pegasus-rc-client --prefix pegasus.catalog.replica.output --conf /home/poseidon/workflows/predict-future-sales-workflow/submit/poseidon/pegasus/predict-future-sales/run0081/00/00/./xgboost_hp_tuning_group_0.000/pegasus.8467310824386913915.properties -v --meta /home/poseidon/workflows/predict-future-sales-workflow/submit/poseidon/pegasus/predict-future-sales/run0081/00/00/./xgboost_hp_tuning_group_0.000/00/00/xgboost_hp_tuning_ID0000013.meta,/home/poseidon/workflows/predict-future-sales-workflow/submit/poseidon/pegasus/predict-future-sales/run0081/00/00/./xgboost_hp_tuning_group_0.000/00/00/xgboost_hp_tuning_ID0000023.meta,/home/poseidon/workflows/predict-future-sales-workflow/submit/poseidon/pegasus/predict-future-sales/run0081/00/00/./xgboost_hp_tuning_group_0.000/00/00/xgboost_hp_tuning_ID0000011.meta,/home/poseidon/workflows/predict-future-sales-workflow/submit/poseidon/pegasus/predict-future-sales/run0081/00/00/./xgboost_hp_tuning_group_0.000/00/00/xgboost_hp_tuning_ID0000006.meta,/home/poseidon/workflows/predict-future-sales-workflow/submit/poseidon/pegasus/predict-future-sales/run0081/00/00/./xgboost_hp_tuning_group_0.000/00/00/xgboost_hp_tuning_ID0000003.meta,/home/poseidon/workflows/predict-future-sales-workflow/submit/poseidon/pegasus/predict-future-sales/run0081/00/00/./xgboost_hp_tuning_group_0.000/00/00/xgboost_hp_tuning_ID0000021.meta,/home/poseidon/workflows/predict-future-sales-workflow/submit/poseidon/pegasus/predict-future-sales/run0081/00/00/./xgboost_hp_tuning_group_0.000/00/00/xgboost_hp_tuning_ID0000019.meta,/home/poseidon/workflows/predict-future-sales-workflow/submit/poseidon/pegasus/predict-future-sales/run0081/00/00/./xgboost_hp_tuning_group_0.000/00/00/xgboost_hp_tuning_ID0000016.meta --insert /home/poseidon/workflows/predict-future-sales-workflow/submit/poseidon/pegasus/predict-future-sales/run0081/00/00/./xgboost_hp_tuning_group_0.000/00/00/register_condorpool_0_1.in",3.0,0,0,,,,,,,,,
stage_out_local_condorpool_1_0_pegasus-plan_ID0000016,None,transfer,0,1677050950.0,,,1677050955.0,,,0.0,1677050955.0,1677050965.0,1677050955.0,1677050960.0,1218.0,1677050965.0,1677050970.0,5.0,,0.0,10.0,5.0,,,5.0,5280.0,poseidon,local,host-10-100-100-12.openstacklocal,pegasus::transfer,/home/poseidon/pegasus-5.1.0panorama/bin/pegasus-transfer,/home/poseidon/pegasus-5.1.0panorama/bin/../bin/pegasus-kickstart  -n pegasus::transfer -N null -i - -R local  -L xgboost_hp_tuning_group_1 -T 2023-02-22T07:14:15+00:00 /home/poseidon/pegasus-5.1.0panorama/bin/../bin/pegasus-transfer  --threads 2,0.7,0,0,,,,,,,,,
register_condorpool_1_0_pegasus-plan_ID0000016,None,auxiliary,0,1677050970.0,,,1677050975.0,,,0.0,1677050975.0,1677050980.0,,,0.0,1677050980.0,1677050985.0,5.0,,0.0,5.0,5.0,,,,,poseidon,local,host-10-100-100-12.openstacklocal,pegasus::rc-client,/home/poseidon/pegasus-5.1.0panorama/bin/pegasus-rc-client,-n pegasus::rc-client -N null -R local  -L xgboost_hp_tuning_group_1 -T 2023-02-22T07:14:15+00:00 /home/poseidon/pegasus-5.1.0panorama/bin/pegasus-rc-client --prefix pegasus.catalog.replica.output --conf /home/poseidon/workflows/predict-future-sales-workflow/submit/poseidon/pegasus/predict-future-sales/run0081/00/00/./xgboost_hp_tuning_group_1.000/pegasus.1091149045050156257.properties -v --meta /home/poseidon/workflows/predict-future-sales-workflow/submit/poseidon/pegasus/predict-future-sales/run0081/00/00/./xgboost_hp_tuning_group_1.000/00/00/xgboost_best_params_ID0000024.meta --insert /home/poseidon/workflows/predict-future-sales-workflow/submit/poseidon/pegasus/predict-future-sales/run0081/00/00/./xgboost_hp_tuning_group_1.000/00/00/register_condorpool_1_0.in,2.9,0,0,,,,,,,,,
xgboost_model_ID0000017,hdd_5,compute,0,1677050988.0,,,1677050993.0,1677050954.0,1677050992.0,45762405.2,1677050995.0,1677051133.0,1677051081.0,1677051086.0,135724.0,1677051133.0,1677051138.0,5.0,,2.0,138.0,5.0,38.0,377645123.0,5.0,585666.0,poseidon,condorpool,poseidon-worker-3-container-24-31,xgboost_model,/srv/xgboost_model,,19.3,0,0,,,,,,,,,
model_predict_ID0000018,hdd_5,compute,0,1677051138.0,,,1677051144.0,1677051105.0,1677051122.0,44897359.0,1677051145.0,1677051299.0,1677051130.0,1677051134.0,6077.0,1677051299.0,1677051304.0,6.0,,1.0,154.0,5.0,17.0,368688078.0,4.0,25035.0,poseidon,condorpool,poseidon-worker-3-container-24-31,model_predict,/srv/model_predict,,2.6,0,0,,,,,,,,,
stage_out_local_condorpool_1_0_pegasus-plan_ID0000012,None,transfer,0,1677051325.0,,,1677051330.0,,,0.0,1677051330.0,1677051340.0,1677051331.0,1677051335.0,1245.0,1677051340.0,1677051345.0,5.0,,0.0,10.0,5.0,,,4.0,5390.0,poseidon,local,host-10-100-100-12.openstacklocal,pegasus::transfer,/home/poseidon/pegasus-5.1.0panorama/bin/pegasus-transfer,/home/poseidon/pegasus-5.1.0panorama/bin/../bin/pegasus-kickstart  -n pegasus::transfer -N null -i - -R local  -L xgboost_hp_tuning_group_0 -T 2023-02-22T07:14:15+00:00 /home/poseidon/pegasus-5.1.0panorama/bin/../bin/pegasus-transfer  --threads 2,0.8,0,0,,,,,,,,,
stage_out_local_condorpool_0_2_pegasus-plan_ID0000020,None,transfer,0,1677051334.0,,,1677051339.0,,,0.0,1677051339.0,1677051349.0,1677051339.0,1677051343.0,1840.0,1677051349.0,1677051354.0,5.0,,0.0,10.0,5.0,,,4.0,7422.0,poseidon,local,host-10-100-100-12.openstacklocal,pegasus::transfer,/home/poseidon/pegasus-5.1.0panorama/bin/pegasus-transfer,/home/poseidon/pegasus-5.1.0panorama/bin/../bin/pegasus-kickstart  -n pegasus::transfer -N null -i - -R local  -L xgboost_hp_tuning_group_2 -T 2023-02-22T07:14:19+00:00 /home/poseidon/pegasus-5.1.0panorama/bin/../bin/pegasus-transfer  --threads 2,1.0,0,0,,,,,,,,,
stage_out_local_condorpool_0_1_pegasus-plan_ID0000020,None,transfer,0,1677051339.0,,,1677051344.0,,,0.0,1677051344.0,1677051354.0,1677051344.0,1677051349.0,2109.0,1677051354.0,1677051360.0,5.0,,0.0,10.0,6.0,,,5.0,8503.0,poseidon,local,host-10-100-100-12.openstacklocal,pegasus::transfer,/home/poseidon/pegasus-5.1.0panorama/bin/pegasus-transfer,/home/poseidon/pegasus-5.1.0panorama/bin/../bin/pegasus-kickstart  -n pegasus::transfer -N null -i - -R local  -L xgboost_hp_tuning_group_2 -T 2023-02-22T07:14:19+00:00 /home/poseidon/pegasus-5.1.0panorama/bin/../bin/pegasus-transfer  --threads 2,1.1,0,0,,,,,,,,,
stage_out_local_condorpool_0_0_pegasus-plan_ID0000020,None,transfer,0,1677051339.0,,,1677051344.0,,,0.0,1677051344.0,1677051354.0,1677051345.0,1677051349.0,2099.0,1677051354.0,1677051360.0,5.0,,0.0,10.0,6.0,,,4.0,8464.0,poseidon,local,host-10-100-100-12.openstacklocal,pegasus::transfer,/home/poseidon/pegasus-5.1.0panorama/bin/pegasus-transfer,/home/poseidon/pegasus-5.1.0panorama/bin/../bin/pegasus-kickstart  -n pegasus::transfer -N null -i - -R local  -L xgboost_hp_tuning_group_2 -T 2023-02-22T07:14:19+00:00 /home/poseidon/pegasus-5.1.0panorama/bin/../bin/pegasus-transfer  --threads 2,1.1,0,0,,,,,,,,,
xgboost_best_params_ID0000024_pegasus-plan_ID0000020,hdd_5,compute,0,1677051339.0,,,1677051344.0,1677051325.0,1677051358.0,39701716.0,1677051365.0,1677051545.0,1677051493.0,1677051497.0,257.0,1677051545.0,1677051550.0,5.0,,21.0,180.0,5.0,33.0,368018658.0,4.0,1059.0,poseidon,condorpool,poseidon-worker-2-container-24-31,xgboost_best_params,/srv/xgboost_best_params,,0.0,0,0,,,,,,,,,
register_condorpool_1_0_pegasus-plan_ID0000012,None,auxiliary,0,1677051345.0,,,1677051350.0,,,0.0,1677051351.0,1677051355.0,,,0.0,1677051355.0,1677051360.0,5.0,,1.0,4.0,5.0,,,,,poseidon,local,host-10-100-100-12.openstacklocal,pegasus::rc-client,/home/poseidon/pegasus-5.1.0panorama/bin/pegasus-rc-client,-n pegasus::rc-client -N null -R local  -L xgboost_hp_tuning_group_0 -T 2023-02-22T07:14:15+00:00 /home/poseidon/pegasus-5.1.0panorama/bin/pegasus-rc-client --prefix pegasus.catalog.replica.output --conf /home/poseidon/workflows/predict-future-sales-workflow/submit/poseidon/pegasus/predict-future-sales/run0081/00/00/./xgboost_hp_tuning_group_0.000/pegasus.8467310824386913915.properties -v --meta /home/poseidon/workflows/predict-future-sales-workflow/submit/poseidon/pegasus/predict-future-sales/run0081/00/00/./xgboost_hp_tuning_group_0.000/00/00/xgboost_best_params_ID0000024.meta --insert /home/poseidon/workflows/predict-future-sales-workflow/submit/poseidon/pegasus/predict-future-sales/run0081/00/00/./xgboost_hp_tuning_group_0.000/00/00/register_condorpool_1_0.in,3.0,0,0,,,,,,,,,
register_condorpool_0_2_pegasus-plan_ID0000020,None,auxiliary,0,1677051354.0,,,1677051360.0,,,0.0,1677051360.0,1677051365.0,,,0.0,1677051365.0,1677051370.0,6.0,,0.0,5.0,5.0,,,,,poseidon,local,host-10-100-100-12.openstacklocal,pegasus::rc-client,/home/poseidon/pegasus-5.1.0panorama/bin/pegasus-rc-client,"-n pegasus::rc-client -N null -R local  -L xgboost_hp_tuning_group_2 -T 2023-02-22T07:14:19+00:00 /home/poseidon/pegasus-5.1.0panorama/bin/pegasus-rc-client --prefix pegasus.catalog.replica.output --conf /home/poseidon/workflows/predict-future-sales-workflow/submit/poseidon/pegasus/predict-future-sales/run0081/00/00/./xgboost_hp_tuning_group_2.000/pegasus.5497512056038663657.properties -v --meta /home/poseidon/workflows/predict-future-sales-workflow/submit/poseidon/pegasus/predict-future-sales/run0081/00/00/./xgboost_hp_tuning_group_2.000/00/00/xgboost_hp_tuning_ID0000017.meta,/home/poseidon/workflows/predict-future-sales-workflow/submit/poseidon/pegasus/predict-future-sales/run0081/00/00/./xgboost_hp_tuning_group_2.000/00/00/xgboost_hp_tuning_ID0000022.meta,/home/poseidon/workflows/predict-future-sales-workflow/submit/poseidon/pegasus/predict-future-sales/run0081/00/00/./xgboost_hp_tuning_group_2.000/00/00/xgboost_hp_tuning_ID0000007.meta,/home/poseidon/workflows/predict-future-sales-workflow/submit/poseidon/pegasus/predict-future-sales/run0081/00/00/./xgboost_hp_tuning_group_2.000/00/00/xgboost_hp_tuning_ID0000020.meta,/home/poseidon/workflows/predict-future-sales-workflow/submit/poseidon/pegasus/predict-future-sales/run0081/00/00/./xgboost_hp_tuning_group_2.000/00/00/xgboost_hp_tuning_ID0000001.meta,/home/poseidon/workflows/predict-future-sales-workflow/submit/poseidon/pegasus/predict-future-sales/run0081/00/00/./xgboost_hp_tuning_group_2.000/00/00/xgboost_hp_tuning_ID0000004.meta,/home/poseidon/workflows/predict-future-sales-workflow/submit/poseidon/pegasus/predict-future-sales/run0081/00/00/./xgboost_hp_tuning_group_2.000/00/00/xgboost_hp_tuning_ID0000014.meta --insert /home/poseidon/workflows/predict-future-sales-workflow/submit/poseidon/pegasus/predict-future-sales/run0081/00/00/./xgboost_hp_tuning_group_2.000/00/00/register_condorpool_0_2.in",3.0,0,0,,,,,,,,,
register_condorpool_0_0_pegasus-plan_ID0000020,None,auxiliary,0,1677051360.0,,,1677051380.0,,,0.0,1677051380.0,1677051385.0,,,0.0,1677051385.0,1677051390.0,20.0,,0.0,5.0,5.0,,,,,poseidon,local,host-10-100-100-12.openstacklocal,pegasus::rc-client,/home/poseidon/pegasus-5.1.0panorama/bin/pegasus-rc-client,"-n pegasus::rc-client -N null -R local  -L xgboost_hp_tuning_group_2 -T 2023-02-22T07:14:19+00:00 /home/poseidon/pegasus-5.1.0panorama/bin/pegasus-rc-client --prefix pegasus.catalog.replica.output --conf /home/poseidon/workflows/predict-future-sales-workflow/submit/poseidon/pegasus/predict-future-sales/run0081/00/00/./xgboost_hp_tuning_group_2.000/pegasus.5497512056038663657.properties -v --meta /home/poseidon/workflows/predict-future-sales-workflow/submit/poseidon/pegasus/predict-future-sales/run0081/00/00/./xgboost_hp_tuning_group_2.000/00/00/xgboost_hp_tuning_ID0000018.meta,/home/poseidon/workflows/predict-future-sales-workflow/submit/poseidon/pegasus/predict-future-sales/run0081/00/00/./xgboost_hp_tuning_group_2.000/00/00/xgboost_hp_tuning_ID0000002.meta,/home/poseidon/workflows/predict-future-sales-workflow/submit/poseidon/pegasus/predict-future-sales/run0081/00/00/./xgboost_hp_tuning_group_2.000/00/00/xgboost_hp_tuning_ID0000005.meta,/home/poseidon/workflows/predict-future-sales-workflow/submit/poseidon/pegasus/predict-future-sales/run0081/00/00/./xgboost_hp_tuning_group_2.000/00/00/xgboost_hp_tuning_ID0000009.meta,/home/poseidon/workflows/predict-future-sales-workflow/submit/poseidon/pegasus/predict-future-sales/run0081/00/00/./xgboost_hp_tuning_group_2.000/00/00/xgboost_hp_tuning_ID0000015.meta,/home/poseidon/workflows/predict-future-sales-workflow/submit/poseidon/pegasus/predict-future-sales/run0081/00/00/./xgboost_hp_tuning_group_2.000/00/00/xgboost_hp_tuning_ID0000012.meta,/home/poseidon/workflows/predict-future-sales-workflow/submit/poseidon/pegasus/predict-future-sales/run0081/00/00/./xgboost_hp_tuning_group_2.000/00/00/xgboost_hp_tuning_ID0000010.meta,/home/poseidon/workflows/predict-future-sales-workflow/submit/poseidon/pegasus/predict-future-sales/run0081/00/00/./xgboost_hp_tuning_group_2.000/00/00/xgboost_hp_tuning_ID0000008.meta --insert /home/poseidon/workflows/predict-future-sales-workflow/submit/poseidon/pegasus/predict-future-sales/run0081/00/00/./xgboost_hp_tuning_group_2.000/00/00/register_condorpool_0_0.in",3.0,0,0,,,,,,,,,
register_condorpool_0_1_pegasus-plan_ID0000020,None,auxiliary,0,1677051360.0,,,1677051370.0,,,0.0,1677051371.0,1677051375.0,,,0.0,1677051375.0,1677051380.0,10.0,,1.0,4.0,5.0,,,,,poseidon,local,host-10-100-100-12.openstacklocal,pegasus::rc-client,/home/poseidon/pegasus-5.1.0panorama/bin/pegasus-rc-client,"-n pegasus::rc-client -N null -R local  -L xgboost_hp_tuning_group_2 -T 2023-02-22T07:14:19+00:00 /home/poseidon/pegasus-5.1.0panorama/bin/pegasus-rc-client --prefix pegasus.catalog.replica.output --conf /home/poseidon/workflows/predict-future-sales-workflow/submit/poseidon/pegasus/predict-future-sales/run0081/00/00/./xgboost_hp_tuning_group_2.000/pegasus.5497512056038663657.properties -v --meta /home/poseidon/workflows/predict-future-sales-workflow/submit/poseidon/pegasus/predict-future-sales/run0081/00/00/./xgboost_hp_tuning_group_2.000/00/00/xgboost_hp_tuning_ID0000013.meta,/home/poseidon/workflows/predict-future-sales-workflow/submit/poseidon/pegasus/predict-future-sales/run0081/00/00/./xgboost_hp_tuning_group_2.000/00/00/xgboost_hp_tuning_ID0000023.meta,/home/poseidon/workflows/predict-future-sales-workflow/submit/poseidon/pegasus/predict-future-sales/run0081/00/00/./xgboost_hp_tuning_group_2.000/00/00/xgboost_hp_tuning_ID0000011.meta,/home/poseidon/workflows/predict-future-sales-workflow/submit/poseidon/pegasus/predict-future-sales/run0081/00/00/./xgboost_hp_tuning_group_2.000/00/00/xgboost_hp_tuning_ID0000006.meta,/home/poseidon/workflows/predict-future-sales-workflow/submit/poseidon/pegasus/predict-future-sales/run0081/00/00/./xgboost_hp_tuning_group_2.000/00/00/xgboost_hp_tuning_ID0000003.meta,/home/poseidon/workflows/predict-future-sales-workflow/submit/poseidon/pegasus/predict-future-sales/run0081/00/00/./xgboost_hp_tuning_group_2.000/00/00/xgboost_hp_tuning_ID0000021.meta,/home/poseidon/workflows/predict-future-sales-workflow/submit/poseidon/pegasus/predict-future-sales/run0081/00/00/./xgboost_hp_tuning_group_2.000/00/00/xgboost_hp_tuning_ID0000019.meta,/home/poseidon/workflows/predict-future-sales-workflow/submit/poseidon/pegasus/predict-future-sales/run0081/00/00/./xgboost_hp_tuning_group_2.000/00/00/xgboost_hp_tuning_ID0000016.meta --insert /home/poseidon/workflows/predict-future-sales-workflow/submit/poseidon/pegasus/predict-future-sales/run0081/00/00/./xgboost_hp_tuning_group_2.000/00/00/register_condorpool_0_1.in",3.1,0,0,,,,,,,,,
xgboost_model_ID0000013,hdd_5,compute,0,1677051364.0,,,1677051369.0,1677051346.0,1677051390.0,51310799.0,1677051386.0,1677051549.0,1677051493.0,1677051498.0,496648.0,1677051549.0,1677051554.0,5.0,,17.0,163.0,5.0,44.0,502671208.0,5.0,2163902.0,poseidon,condorpool,poseidon-worker-2-container-0-7,xgboost_model,/srv/xgboost_model,,36.2,0,0,,,,,,,,,
stage_out_local_condorpool_1_0_pegasus-plan_ID0000020,None,transfer,0,1677051550.0,,,1677051555.0,,,0.0,1677051555.0,1677051565.0,1677051555.0,1677051559.0,1240.0,1677051565.0,1677051570.0,5.0,,0.0,10.0,5.0,,,4.0,5295.0,poseidon,local,host-10-100-100-12.openstacklocal,pegasus::transfer,/home/poseidon/pegasus-5.1.0panorama/bin/pegasus-transfer,/home/poseidon/pegasus-5.1.0panorama/bin/../bin/pegasus-kickstart  -n pegasus::transfer -N null -i - -R local  -L xgboost_hp_tuning_group_2 -T 2023-02-22T07:14:19+00:00 /home/poseidon/pegasus-5.1.0panorama/bin/../bin/pegasus-transfer  --threads 2,0.7,0,0,,,,,,,,,
model_predict_ID0000014,hdd_5,compute,0,1677051554.0,,,1677051559.0,1677051521.0,1677051538.0,45113304.0,1677051561.0,1677051649.0,1677051546.0,1677051551.0,106286.0,1677051649.0,1677051654.0,5.0,,2.0,88.0,5.0,17.0,372351273.0,5.0,451213.0,poseidon,condorpool,poseidon-worker-2-container-0-7,model_predict,/srv/model_predict,,2.4,0,0,,,,,,,,,
register_condorpool_1_0_pegasus-plan_ID0000020,None,auxiliary,0,1677051570.0,,,1677051575.0,,,0.0,1677051575.0,1677051580.0,,,0.0,1677051580.0,1677051585.0,5.0,,0.0,5.0,5.0,,,,,poseidon,local,host-10-100-100-12.openstacklocal,pegasus::rc-client,/home/poseidon/pegasus-5.1.0panorama/bin/pegasus-rc-client,-n pegasus::rc-client -N null -R local  -L xgboost_hp_tuning_group_2 -T 2023-02-22T07:14:19+00:00 /home/poseidon/pegasus-5.1.0panorama/bin/pegasus-rc-client --prefix pegasus.catalog.replica.output --conf /home/poseidon/workflows/predict-future-sales-workflow/submit/poseidon/pegasus/predict-future-sales/run0081/00/00/./xgboost_hp_tuning_group_2.000/pegasus.5497512056038663657.properties -v --meta /home/poseidon/workflows/predict-future-sales-workflow/submit/poseidon/pegasus/predict-future-sales/run0081/00/00/./xgboost_hp_tuning_group_2.000/00/00/xgboost_best_params_ID0000024.meta --insert /home/poseidon/workflows/predict-future-sales-workflow/submit/poseidon/pegasus/predict-future-sales/run0081/00/00/./xgboost_hp_tuning_group_2.000/00/00/register_condorpool_1_0.in,3.0,0,0,,,,,,,,,
xgboost_model_ID0000021,hdd_5,compute,0,1677051589.0,,,1677051594.0,1677051557.0,1677051603.0,75058011.4,1677051597.0,1677051984.0,1677051931.0,1677051936.0,422514.0,1677051984.0,1677051989.0,5.0,,3.0,387.0,5.0,46.0,1691152080.0,5.0,1834338.0,poseidon,condorpool,poseidon-worker-2-container-24-31,xgboost_model,/srv/xgboost_model,,1107.4,0,0,0.1,1348857883.0,24449.0,5433.0,8.0,1076.7,21.2,7934458.1,2444.9
stage_out_local_local_5_0,None,transfer,0,1677051589.0,,,1677051594.0,,,0.0,1677051594.0,1677051604.0,1677051595.0,1677051599.0,791.0,1677051604.0,1677051609.0,5.0,,0.0,10.0,5.0,,,4.0,3193.0,poseidon,local,host-10-100-100-12.openstacklocal,pegasus::transfer,/home/poseidon/pegasus-5.1.0panorama/bin/pegasus-transfer,pegasus-kickstart  -n pegasus::transfer -N null -i - -R local  -L predict-future-sales -T 2023-02-17T19:59:06+00:00 pegasus-transfer  --threads 2,0.3,0,0,,,,,,,,,
cleanup_predict-future-sales_0_local,None,auxiliary,0,1677051609.0,,,1677051614.0,,,0.0,1677051614.0,1677051624.0,,,0.0,1677051624.0,1677051629.0,5.0,,0.0,10.0,5.0,,,,,poseidon,local,host-10-100-100-12.openstacklocal,pegasus::cleanup,/home/poseidon/pegasus-5.1.0panorama/bin/pegasus-transfer,pegasus-kickstart  -n pegasus::cleanup -N null -i - -R local  -L predict-future-sales -T 2023-02-17T19:59:06+00:00 pegasus-transfer,0.3,0,0,,,,,,,,,
stage_out_local_condorpool_6_0,None,transfer,0,1677051989.0,,,1677051994.0,,,0.0,1677051994.0,1677052004.0,1677051994.0,1677051998.0,1136424.0,1677052004.0,1677052009.0,5.0,,0.0,10.0,5.0,,,4.0,4583906.0,poseidon,local,host-10-100-100-12.openstacklocal,pegasus::transfer,/home/poseidon/pegasus-5.1.0panorama/bin/pegasus-transfer,pegasus-kickstart  -n pegasus::transfer -N null -i - -R local  -L predict-future-sales -T 2023-02-17T19:59:06+00:00 pegasus-transfer  --threads 2,0.9,0,0,,,,,,,,,
model_predict_ID0000022,hdd_5,compute,0,1677051989.0,,,1677051994.0,1677051955.0,1677051972.0,42830939.0,1677051995.0,1677052159.0,1677052104.0,1677052109.0,1271449.0,1677052159.0,1677052164.0,5.0,,1.0,164.0,5.0,17.0,396838900.0,5.0,5523764.0,poseidon,condorpool,poseidon-worker-2-container-24-31,model_predict,/srv/model_predict,,3.9,0,0,,,,,,,,,
stage_out_local_condorpool_7_0,None,transfer,0,1677052164.0,,,1677052169.0,,,0.0,1677052169.0,1677052179.0,1677052170.0,1677052174.0,1487220.0,1677052179.0,1677052184.0,5.0,,0.0,10.0,5.0,,,4.0,6000012.0,poseidon,local,host-10-100-100-12.openstacklocal,pegasus::transfer,/home/poseidon/pegasus-5.1.0panorama/bin/pegasus-transfer,pegasus-kickstart  -n pegasus::transfer -N null -i - -R local  -L predict-future-sales -T 2023-02-17T19:59:06+00:00 pegasus-transfer  --threads 2,0.6,0,0,,,,,,,,,
predict_merge_ID0000023,hdd_5,compute,0,1677052164.0,,,1677052169.0,1677052131.0,1677052256.0,40740278.3,1677052171.0,1677052320.0,1677052264.0,1677052269.0,863882.0,1677052320.0,1677052325.0,5.0,,2.0,149.0,5.0,125.0,377176763.0,5.0,3734257.0,poseidon,condorpool,poseidon-worker-2-container-24-31,predict_merge,/srv/predict_merge,,1.3,0,0,,,,,,,,,
stage_out_local_condorpool_8_0,None,transfer,0,1677052325.0,,,1677052330.0,,,0.0,1677052330.0,1677052340.0,1677052330.0,1677052332.0,1715305.0,1677052340.0,1677052345.0,5.0,,0.0,10.0,5.0,,,2.0,3734257.0,poseidon,local,host-10-100-100-12.openstacklocal,pegasus::transfer,/home/poseidon/pegasus-5.1.0panorama/bin/pegasus-transfer,pegasus-kickstart  -n pegasus::transfer -N null -i - -R local  -L predict-future-sales -T 2023-02-17T19:59:06+00:00 pegasus-transfer  --threads 2,0.4,0,0,,,,,,,,,
cleanup_predict-future-sales_0_condorpool,None,auxiliary,0,1677052345.0,,,1677052350.0,,,0.0,1677052350.0,1677052360.0,,,0.0,1677052360.0,1677052365.0,5.0,,0.0,10.0,5.0,,,,,poseidon,local,host-10-100-100-12.openstacklocal,pegasus::cleanup,/home/poseidon/pegasus-5.1.0panorama/bin/pegasus-transfer,pegasus-kickstart  -n pegasus::cleanup -N null -i - -R local  -L predict-future-sales -T 2023-02-17T19:59:06+00:00 pegasus-transfer,0.3,0,0,,,,,,,,,
