,anomaly_type,type,is_clustered,ready,pre_script_start,pre_script_end,submit,stage_in_start,stage_in_end,stage_in_effective_bytes_per_sec,execute_start,execute_end,stage_out_start,stage_out_end,stage_out_effective_bytes_per_sec,post_script_start,post_script_end,wms_delay,pre_script_delay,queue_delay,runtime,post_script_delay,stage_in_delay,stage_in_bytes,stage_out_delay,stage_out_bytes,kickstart_user,kickstart_site,kickstart_hostname,kickstart_transformations,kickstart_executables,kickstart_executables_argv,kickstart_executables_cpu_time,kickstart_status,kickstart_executables_exitcode,kickstart_online_iowait,kickstart_online_bytes_read,kickstart_online_bytes_written,kickstart_online_read_system_calls,kickstart_online_write_system_calls,kickstart_online_utime,kickstart_online_stime,kickstart_online_bytes_read_per_second,kickstart_online_bytes_written_per_second
create_dir_predict-future-sales_0_local,None,auxiliary,0,1677894078.0,,,1677894079.0,,,0.0,1677894084.0,1677894094.0,,,0.0,1677894094.0,1677894099.0,1.0,,5.0,10.0,5.0,,,,,poseidon,local,host-10-100-100-12.openstacklocal,pegasus::dirmanager,/home/poseidon/pegasus-5.1.0panorama/bin/pegasus-transfer,pegasus-kickstart  -n pegasus::dirmanager -N null -i - -R local  -L predict-future-sales -T 2023-02-17T19:59:06+00:00 pegasus-transfer,0.3,0,0,,,,,,,,,
create_dir_predict-future-sales_0_condorpool,None,auxiliary,0,1677894078.0,,,1677894079.0,,,0.0,1677894084.0,1677894094.0,,,0.0,1677894094.0,1677894099.0,1.0,,5.0,10.0,5.0,,,,,poseidon,local,host-10-100-100-12.openstacklocal,pegasus::dirmanager,/home/poseidon/pegasus-5.1.0panorama/bin/pegasus-transfer,pegasus-kickstart  -n pegasus::dirmanager -N null -i - -R local  -L predict-future-sales -T 2023-02-17T19:59:06+00:00 pegasus-transfer,0.3,0,0,,,,,,,,,
stage_in_local_local_4_0,None,transfer,0,1677894099.0,,,1677894104.0,1677894104.0,1677894106.0,5758.0,1677894104.0,1677894114.0,,,0.0,1677894114.0,1677894119.0,5.0,,0.0,10.0,5.0,2.0,12577.0,,,poseidon,local,host-10-100-100-12.openstacklocal,pegasus::transfer,/home/poseidon/pegasus-5.1.0panorama/bin/pegasus-transfer,pegasus-kickstart  -n pegasus::transfer -N null -i - -R local  -L predict-future-sales -T 2023-02-17T19:59:06+00:00 pegasus-transfer  --threads 2,0.4,0,0,,,,,,,,,
stage_in_local_condorpool_8_0,None,transfer,0,1677894099.0,,,1677894104.0,1677894104.0,1677894108.0,669.0,1677894104.0,1677894114.0,,,0.0,1677894114.0,1677894119.0,5.0,,0.0,10.0,5.0,4.0,2368.0,,,poseidon,local,host-10-100-100-12.openstacklocal,pegasus::transfer,/home/poseidon/pegasus-5.1.0panorama/bin/pegasus-transfer,pegasus-kickstart  -n pegasus::transfer -N null -i - -R local  -L predict-future-sales -T 2023-02-17T19:59:06+00:00 pegasus-transfer  --threads 2,0.5,0,0,,,,,,,,,
stage_in_local_condorpool_3_0,None,transfer,0,1677894099.0,,,1677894104.0,1677894104.0,1677894108.0,2916.0,1677894104.0,1677894114.0,,,0.0,1677894114.0,1677894119.0,5.0,,0.0,10.0,5.0,4.0,12704.0,,,poseidon,local,host-10-100-100-12.openstacklocal,pegasus::transfer,/home/poseidon/pegasus-5.1.0panorama/bin/pegasus-transfer,pegasus-kickstart  -n pegasus::transfer -N null -i - -R local  -L predict-future-sales -T 2023-02-17T19:59:06+00:00 pegasus-transfer  --threads 2,0.6,0,0,,,,,,,,,
stage_in_local_condorpool_2_0,None,transfer,0,1677894099.0,,,1677894104.0,1677894104.0,1677894110.0,9800.0,1677894104.0,1677894119.0,,,0.0,1677894119.0,1677894124.0,5.0,,0.0,15.0,5.0,6.0,55480.0,,,poseidon,local,host-10-100-100-12.openstacklocal,pegasus::transfer,/home/poseidon/pegasus-5.1.0panorama/bin/pegasus-transfer,pegasus-kickstart  -n pegasus::transfer -N null -i - -R local  -L predict-future-sales -T 2023-02-17T19:59:06+00:00 pegasus-transfer  --threads 2,1.1,0,0,,,,,,,,,
stage_in_local_condorpool_1_0,None,transfer,0,1677894099.0,,,1677894104.0,1677894104.0,1677894108.0,3647.0,1677894104.0,1677894114.0,,,0.0,1677894114.0,1677894119.0,5.0,,0.0,10.0,5.0,4.0,15640.0,,,poseidon,local,host-10-100-100-12.openstacklocal,pegasus::transfer,/home/poseidon/pegasus-5.1.0panorama/bin/pegasus-transfer,pegasus-kickstart  -n pegasus::transfer -N null -i - -R local  -L predict-future-sales -T 2023-02-17T19:59:06+00:00 pegasus-transfer  --threads 2,0.6,0,0,,,,,,,,,
stage_in_local_condorpool_0_0,None,transfer,0,1677894099.0,,,1677894104.0,1677894104.0,1677894114.0,96273811.0,1677894104.0,1677894124.0,,,0.0,1677894124.0,1677894129.0,5.0,,0.0,20.0,5.0,10.0,936801734.0,,,poseidon,local,host-10-100-100-12.openstacklocal,pegasus::transfer,/home/poseidon/pegasus-5.1.0panorama/bin/pegasus-transfer,pegasus-kickstart  -n pegasus::transfer -N null -i - -R local  -L predict-future-sales -T 2023-02-17T19:59:06+00:00 pegasus-transfer  --threads 2,5.8,0,0,,,,,,,,,
stage_in_local_condorpool_7_0,None,transfer,0,1677894099.0,,,1677894104.0,1677894104.0,1677894108.0,988.0,1677894104.0,1677894114.0,,,0.0,1677894114.0,1677894119.0,5.0,,0.0,10.0,5.0,4.0,3488.0,,,poseidon,local,host-10-100-100-12.openstacklocal,pegasus::transfer,/home/poseidon/pegasus-5.1.0panorama/bin/pegasus-transfer,pegasus-kickstart  -n pegasus::transfer -N null -i - -R local  -L predict-future-sales -T 2023-02-17T19:59:06+00:00 pegasus-transfer  --threads 2,0.5,0,0,,,,,,,,,
stage_in_local_condorpool_6_0,None,transfer,0,1677894099.0,,,1677894104.0,1677894104.0,1677894108.0,2230.0,1677894104.0,1677894114.0,,,0.0,1677894114.0,1677894119.0,5.0,,0.0,10.0,5.0,4.0,7870.0,,,poseidon,local,host-10-100-100-12.openstacklocal,pegasus::transfer,/home/poseidon/pegasus-5.1.0panorama/bin/pegasus-transfer,pegasus-kickstart  -n pegasus::transfer -N null -i - -R local  -L predict-future-sales -T 2023-02-17T19:59:06+00:00 pegasus-transfer  --threads 2,0.5,0,0,,,,,,,,,
preprocess_ID0000003,None,compute,0,1677894129.0,,,1677894134.0,1677894088.0,1677894108.0,42557674.4,1677894140.0,1677894294.0,1677894226.0,1677894234.0,21889940.0,1677894294.0,1677894299.0,5.0,,6.0,154.0,5.0,20.0,467356066.0,8.0,160257914.0,poseidon,condorpool,poseidon-worker-2-container-16-23,preprocess,/srv/preprocess,,4.3,0,0,,,,,,,,,
nlp_ID0000002,hdd_5,compute,0,1677894129.0,,,1677894134.0,1677894087.0,1677894131.0,41938548.8,1677894140.0,1677894379.0,1677894310.0,1677894315.0,564884.0,1677894379.0,1677894384.0,5.0,,6.0,239.0,5.0,44.0,369033604.0,5.0,2755872.0,poseidon,condorpool,poseidon-worker-3-container-0-7,nlp,/srv/nlp,,1057.5,0,0,0.0,21375932.0,8791.0,2969.0,5.0,1036.2,2.7,125740.8,879.1
eda_ID0000001,hdd_5,compute,0,1677894129.0,,,1677894134.0,1677894088.0,1677894131.0,45120044.0,1677894140.0,1677894294.0,1677894226.0,1677894231.0,271066.0,1677894294.0,1677894299.0,5.0,,6.0,154.0,5.0,43.0,464177772.0,5.0,1195869.0,poseidon,condorpool,poseidon-worker-2-container-0-7,eda,/srv/eda,,33.5,0,0,0.1,144954776.0,876563.0,27583.0,42.0,28.0,1.9,4831825.9,29218.8
feature_eng_1_ID0000005,hdd_5,compute,0,1677894299.0,,,1677894304.0,1677894253.0,1677894297.0,46190834.6,1677894305.0,1677894554.0,1677894479.0,1677894490.0,35955197.0,1677894554.0,1677894559.0,5.0,,1.0,249.0,5.0,44.0,528250191.0,11.0,393324463.0,poseidon,condorpool,poseidon-worker-2-container-0-7,feature_eng_1,/srv/feature_eng_1,,15.8,0,0,0.0,169610159.0,8.0,1723.0,1.0,7.9,2.1,16961015.9,0.8
feature_eng_0_ID0000004,None,compute,0,1677894299.0,,,1677894304.0,1677894253.0,1677894270.0,41803650.2,1677894305.0,1677894429.0,1677894361.0,1677894366.0,196225.0,1677894429.0,1677894434.0,5.0,,1.0,124.0,5.0,17.0,369949088.0,5.0,893320.0,poseidon,condorpool,poseidon-worker-2-container-16-23,feature_eng_0,/srv/feature_eng_0,,4.9,0,0,,,,,,,,,
stage_out_local_condorpool_0_0,None,transfer,0,1677894384.0,,,1677894389.0,,,0.0,1677894389.0,1677894399.0,1677894389.0,1677894393.0,40734206.0,1677894399.0,1677894404.0,5.0,,0.0,10.0,5.0,,,4.0,164209655.0,poseidon,local,host-10-100-100-12.openstacklocal,pegasus::transfer,/home/poseidon/pegasus-5.1.0panorama/bin/pegasus-transfer,pegasus-kickstart  -n pegasus::transfer -N null -i - -R local  -L predict-future-sales -T 2023-02-17T19:59:06+00:00 pegasus-transfer  --threads 2,2.0,0,0,,,,,,,,,
register_condorpool_0_0,None,auxiliary,0,1677894404.0,,,1677894409.0,,,0.0,1677894409.0,1677894414.0,,,0.0,1677894414.0,1677894419.0,5.0,,0.0,5.0,5.0,,,,,poseidon,local,host-10-100-100-12.openstacklocal,pegasus::rc-client,/home/poseidon/pegasus-5.1.0panorama/bin/pegasus-rc-client,"pegasus-kickstart  -n pegasus::rc-client -N null -R local  -L predict-future-sales -T 2023-02-17T19:59:06+00:00 /home/poseidon/pegasus-5.1.0panorama/bin/pegasus-rc-client --prefix pegasus.catalog.replica.output --conf /home/poseidon/workflows/predict-future-sales-workflow/submit/poseidon/pegasus/predict-future-sales/run0408/pegasus.4710364275907180101.properties -v --meta /home/poseidon/workflows/predict-future-sales-workflow/submit/poseidon/pegasus/predict-future-sales/run0408/00/00/nlp_ID0000002.meta,/home/poseidon/workflows/predict-future-sales-workflow/submit/poseidon/pegasus/predict-future-sales/run0408/00/00/eda_ID0000001.meta,/home/poseidon/workflows/predict-future-sales-workflow/submit/poseidon/pegasus/predict-future-sales/run0408/00/00/preprocess_ID0000003.meta --insert /home/poseidon/workflows/predict-future-sales-workflow/submit/poseidon/pegasus/predict-future-sales/run0408/00/00/register_condorpool_0_0.in",3.0,0,0,,,,,,,,,
feature_eng_5_ID0000009,None,compute,0,1677894559.0,,,1677894564.0,1677894513.0,1677894559.0,44788347.0,1677894566.0,1677895205.0,1677895126.0,1677895142.0,42297172.0,1677895205.0,1677895210.0,5.0,,2.0,639.0,5.0,46.0,856820455.0,16.0,655540227.0,poseidon,condorpool,poseidon-worker-2-container-16-23,feature_eng_5,/srv/feature_eng_5,,218.9,0,0,0.0,498292736.0,8.0,2014.0,1.0,191.7,18.3,2372822.6,0.8
stage_out_local_condorpool_1_0,None,transfer,0,1677894559.0,,,1677894564.0,,,0.0,1677894564.0,1677894574.0,1677894564.0,1677894569.0,92119865.0,1677894574.0,1677894579.0,5.0,,0.0,10.0,5.0,,,5.0,394217783.0,poseidon,local,host-10-100-100-12.openstacklocal,pegasus::transfer,/home/poseidon/pegasus-5.1.0panorama/bin/pegasus-transfer,pegasus-kickstart  -n pegasus::transfer -N null -i - -R local  -L predict-future-sales -T 2023-02-17T19:59:06+00:00 pegasus-transfer  --threads 2,2.1,0,0,,,,,,,,,
feature_eng_3_ID0000007,hdd_5,compute,0,1677894559.0,,,1677894564.0,1677894513.0,1677894615.0,52494922.2,1677894566.0,1677895215.0,1677895126.0,1677895150.0,48872506.0,1677895215.0,1677895220.0,5.0,,2.0,649.0,5.0,102.0,762217561.0,24.0,1179971921.0,poseidon,condorpool,poseidon-worker-2-container-0-7,feature_eng_3,/srv/feature_eng_3,,108.6,0,0,0.0,403648658.0,8.0,1486.0,1.0,68.8,31.2,4036486.6,0.8
feature_eng_4_ID0000008,None,compute,0,1677894559.0,,,1677894564.0,1677894514.0,1677894557.0,43759688.8,1677894566.0,1677895215.0,1677895126.0,1677895151.0,48657379.0,1677895215.0,1677895220.0,5.0,,2.0,649.0,5.0,43.0,761328752.0,25.0,1201824259.0,poseidon,condorpool,poseidon-worker-2-container-16-23,feature_eng_4,/srv/feature_eng_4,,49.0,0,0,0.0,402737165.0,8.0,1388.0,1.0,28.0,11.9,10068429.1,0.8
feature_eng_2_ID0000006,hdd_5,compute,0,1677894559.0,,,1677894564.0,1677894514.0,1677894596.0,47766471.1,1677894566.0,1677895556.0,1677895460.0,1677895493.0,52156652.0,1677895556.0,1677895561.0,5.0,,2.0,990.0,5.0,82.0,761320658.0,33.0,1748107178.0,poseidon,condorpool,poseidon-worker-2-container-0-7,feature_eng_2,/srv/feature_eng_2,,283.2,0,0,0.0,402809111.0,8.0,1729.0,1.0,214.0,65.9,1438604.0,0.8
register_condorpool_1_0,None,auxiliary,0,1677894579.0,,,1677894584.0,,,0.0,1677894584.0,1677894589.0,,,0.0,1677894589.0,1677894594.0,5.0,,0.0,5.0,5.0,,,,,poseidon,local,host-10-100-100-12.openstacklocal,pegasus::rc-client,/home/poseidon/pegasus-5.1.0panorama/bin/pegasus-rc-client,"pegasus-kickstart  -n pegasus::rc-client -N null -R local  -L predict-future-sales -T 2023-02-17T19:59:06+00:00 /home/poseidon/pegasus-5.1.0panorama/bin/pegasus-rc-client --prefix pegasus.catalog.replica.output --conf /home/poseidon/workflows/predict-future-sales-workflow/submit/poseidon/pegasus/predict-future-sales/run0408/pegasus.4710364275907180101.properties -v --meta /home/poseidon/workflows/predict-future-sales-workflow/submit/poseidon/pegasus/predict-future-sales/run0408/00/00/feature_eng_1_ID0000005.meta,/home/poseidon/workflows/predict-future-sales-workflow/submit/poseidon/pegasus/predict-future-sales/run0408/00/00/feature_eng_0_ID0000004.meta --insert /home/poseidon/workflows/predict-future-sales-workflow/submit/poseidon/pegasus/predict-future-sales/run0408/00/00/register_condorpool_1_0.in",3.0,0,0,,,,,,,,,
stage_out_local_condorpool_2_0,None,transfer,0,1677895561.0,,,1677895566.0,,,0.0,1677895566.0,1677895591.0,1677895566.0,1677895585.0,250912612.0,1677895591.0,1677895596.0,5.0,,0.0,25.0,5.0,,,19.0,4785443585.0,poseidon,local,host-10-100-100-12.openstacklocal,pegasus::transfer,/home/poseidon/pegasus-5.1.0panorama/bin/pegasus-transfer,pegasus-kickstart  -n pegasus::transfer -N null -i - -R local  -L predict-future-sales -T 2023-02-17T19:59:06+00:00 pegasus-transfer  --threads 2,21.1,0,0,,,,,,,,,
feature_merge_ID0000010,hdd_5,compute,0,1677895561.0,,,1677895566.0,1677895515.0,1677895617.0,78204602.6,1677895568.0,1677897237.0,1677897121.0,1677897175.0,54764766.0,1677897237.0,1677897242.0,5.0,,2.0,1669.0,5.0,102.0,5155397110.0,54.0,2993643458.0,poseidon,condorpool,poseidon-worker-2-container-0-7,feature_merge,/srv/feature_merge,,64.2,0,0,435.8,4797030257.0,2906237329.0,2114.0,89.0,41.0,23.1,9594060.5,26420339.4
register_condorpool_2_0,None,auxiliary,0,1677895596.0,,,1677895601.0,,,0.0,1677895601.0,1677895606.0,,,0.0,1677895606.0,1677895611.0,5.0,,0.0,5.0,5.0,,,,,poseidon,local,host-10-100-100-12.openstacklocal,pegasus::rc-client,/home/poseidon/pegasus-5.1.0panorama/bin/pegasus-rc-client,"pegasus-kickstart  -n pegasus::rc-client -N null -R local  -L predict-future-sales -T 2023-02-17T19:59:06+00:00 /home/poseidon/pegasus-5.1.0panorama/bin/pegasus-rc-client --prefix pegasus.catalog.replica.output --conf /home/poseidon/workflows/predict-future-sales-workflow/submit/poseidon/pegasus/predict-future-sales/run0408/pegasus.4710364275907180101.properties -v --meta /home/poseidon/workflows/predict-future-sales-workflow/submit/poseidon/pegasus/predict-future-sales/run0408/00/00/feature_eng_5_ID0000009.meta,/home/poseidon/workflows/predict-future-sales-workflow/submit/poseidon/pegasus/predict-future-sales/run0408/00/00/feature_eng_2_ID0000006.meta,/home/poseidon/workflows/predict-future-sales-workflow/submit/poseidon/pegasus/predict-future-sales/run0408/00/00/feature_eng_3_ID0000007.meta,/home/poseidon/workflows/predict-future-sales-workflow/submit/poseidon/pegasus/predict-future-sales/run0408/00/00/feature_eng_4_ID0000008.meta --insert /home/poseidon/workflows/predict-future-sales-workflow/submit/poseidon/pegasus/predict-future-sales/run0408/00/00/register_condorpool_2_0.in",3.1,0,0,,,,,,,,,
stage_inter_local_xgboost_hp_tuning_workflow_ID0000015_0,None,transfer,0,1677897242.0,,,1677897247.0,1677897248.0,1677897250.0,401.0,1677897248.0,1677897257.0,,,0.0,1677897257.0,1677897262.0,5.0,,1.0,9.0,5.0,2.0,826.0,,,poseidon,local,host-10-100-100-12.openstacklocal,pegasus::transfer,/home/poseidon/pegasus-5.1.0panorama/bin/pegasus-transfer,pegasus-kickstart  -n pegasus::transfer -N null -i - -R local  -L predict-future-sales -T 2023-02-17T19:59:06+00:00 pegasus-transfer  --threads 2,0.3,0,0,,,,,,,,,
stage_inter_local_xgboost_model_ID0000021_0,None,transfer,0,1677897242.0,,,1677897247.0,1677897248.0,1677897286.0,69661293.0,1677897248.0,1677897292.0,,,0.0,1677897292.0,1677897297.0,5.0,,1.0,44.0,5.0,38.0,2646308508.0,,,poseidon,local,host-10-100-100-12.openstacklocal,pegasus::transfer,/home/poseidon/pegasus-5.1.0panorama/bin/pegasus-transfer,pegasus-kickstart  -n pegasus::transfer -N null -i - -R local  -L predict-future-sales -T 2023-02-17T19:59:06+00:00 pegasus-transfer  --threads 2,9.4,0,0,,,,,,,,,
stage_inter_local_model_predict_ID0000022_0,None,transfer,0,1677897242.0,,,1677897247.0,1677897248.0,1677897252.0,14392272.0,1677897247.0,1677897257.0,,,0.0,1677897257.0,1677897262.0,5.0,,0.0,10.0,5.0,4.0,54050130.0,,,poseidon,local,host-10-100-100-12.openstacklocal,pegasus::transfer,/home/poseidon/pegasus-5.1.0panorama/bin/pegasus-transfer,pegasus-kickstart  -n pegasus::transfer -N null -i - -R local  -L predict-future-sales -T 2023-02-17T19:59:06+00:00 pegasus-transfer  --threads 2,0.6,0,0,,,,,,,,,
stage_out_local_condorpool_3_0,None,transfer,0,1677897242.0,,,1677897247.0,,,0.0,1677897247.0,1677897277.0,1677897248.0,1677897271.0,127744876.0,1677897277.0,1677897282.0,5.0,,0.0,30.0,5.0,,,23.0,2993643458.0,poseidon,local,host-10-100-100-12.openstacklocal,pegasus::transfer,/home/poseidon/pegasus-5.1.0panorama/bin/pegasus-transfer,pegasus-kickstart  -n pegasus::transfer -N null -i - -R local  -L predict-future-sales -T 2023-02-17T19:59:06+00:00 pegasus-transfer  --threads 2,14.5,0,0,,,,,,,,,
stage_inter_local_xgboost_model_ID0000013_0,None,transfer,0,1677897242.0,,,1677897247.0,1677897248.0,1677897255.0,35670251.0,1677897247.0,1677897262.0,,,0.0,1677897262.0,1677897267.0,5.0,,0.0,15.0,5.0,7.0,269346726.0,,,poseidon,local,host-10-100-100-12.openstacklocal,pegasus::transfer,/home/poseidon/pegasus-5.1.0panorama/bin/pegasus-transfer,pegasus-kickstart  -n pegasus::transfer -N null -i - -R local  -L predict-future-sales -T 2023-02-17T19:59:06+00:00 pegasus-transfer  --threads 2,1.4,0,0,,,,,,,,,
stage_inter_local_model_predict_ID0000014_0,None,transfer,0,1677897242.0,,,1677897247.0,1677897248.0,1677897251.0,1272941.0,1677897247.0,1677897257.0,,,0.0,1677897257.0,1677897262.0,5.0,,0.0,10.0,5.0,3.0,4411696.0,,,poseidon,local,host-10-100-100-12.openstacklocal,pegasus::transfer,/home/poseidon/pegasus-5.1.0panorama/bin/pegasus-transfer,pegasus-kickstart  -n pegasus::transfer -N null -i - -R local  -L predict-future-sales -T 2023-02-17T19:59:06+00:00 pegasus-transfer  --threads 2,0.4,0,0,,,,,,,,,
xgboost_hp_tuning_workflow_ID0000015,None,compute,0,1677897262.0,,,1677897267.0,,,0.0,1677897268.0,1677897287.0,,,0.0,1677897287.0,1677897292.0,5.0,,1.0,19.0,5.0,,,,,poseidon,local,poseidon-submit.novalocal,xgboost_hp_tuning_workflow,/var/spool/condor/local_univ_execute/dir_3509004/xgboost_hp_tuning_workflow,/home/poseidon/workflows/predict-future-sales-workflow/submit/poseidon/pegasus/predict-future-sales/run0408/00/00/xgboost_hp_tuning_workflow_ID0000015.sh,0.1,0,0,,,,,,,,,
xgboost_hp_tuning_workflow_ID0000011,None,compute,0,1677897262.0,,,1677897267.0,,,0.0,1677897268.0,1677897287.0,,,0.0,1677897287.0,1677897292.0,5.0,,1.0,19.0,5.0,,,,,poseidon,local,poseidon-submit.novalocal,xgboost_hp_tuning_workflow,/var/spool/condor/local_univ_execute/dir_3509006/xgboost_hp_tuning_workflow,/home/poseidon/workflows/predict-future-sales-workflow/submit/poseidon/pegasus/predict-future-sales/run0408/00/00/xgboost_hp_tuning_workflow_ID0000011.sh,0.1,0,0,,,,,,,,,
xgboost_hp_tuning_workflow_ID0000019,None,compute,0,1677897262.0,,,1677897267.0,,,0.0,1677897268.0,1677897287.0,,,0.0,1677897287.0,1677897292.0,5.0,,1.0,19.0,5.0,,,,,poseidon,local,poseidon-submit.novalocal,xgboost_hp_tuning_workflow,/var/spool/condor/local_univ_execute/dir_3509008/xgboost_hp_tuning_workflow,/home/poseidon/workflows/predict-future-sales-workflow/submit/poseidon/pegasus/predict-future-sales/run0408/00/00/xgboost_hp_tuning_workflow_ID0000019.sh,0.1,0,0,,,,,,,,,
register_condorpool_3_0,None,auxiliary,0,1677897282.0,,,1677897287.0,,,0.0,1677897287.0,1677897292.0,,,0.0,1677897292.0,1677897297.0,5.0,,0.0,5.0,5.0,,,,,poseidon,local,host-10-100-100-12.openstacklocal,pegasus::rc-client,/home/poseidon/pegasus-5.1.0panorama/bin/pegasus-rc-client,pegasus-kickstart  -n pegasus::rc-client -N null -R local  -L predict-future-sales -T 2023-02-17T19:59:06+00:00 /home/poseidon/pegasus-5.1.0panorama/bin/pegasus-rc-client --prefix pegasus.catalog.replica.output --conf /home/poseidon/workflows/predict-future-sales-workflow/submit/poseidon/pegasus/predict-future-sales/run0408/pegasus.4710364275907180101.properties -v --meta /home/poseidon/workflows/predict-future-sales-workflow/submit/poseidon/pegasus/predict-future-sales/run0408/00/00/feature_merge_ID0000010.meta --insert /home/poseidon/workflows/predict-future-sales-workflow/submit/poseidon/pegasus/predict-future-sales/run0408/00/00/register_condorpool_3_0.in,3.0,0,0,,,,,,,,,
pegasus-plan_ID0000016,None,subwf,0,1677897292.0,1677897292.0,1677897297.0,1677897302.0,,,0.0,1677897303.0,1677898057.0,,,0.0,,,0.0,5.0,1.0,754.0,,,,,,poseidon,local,poseidon-submit,condor::dagman,/usr/bin/condor_dagman,-p 0  -f -l . -Notification never -Debug 3 -Lockfile xgboost_hp_tuning_group_1.dag.lock -Dag xgboost_hp_tuning_group_1.dag -AllowVersionMismatch  -AutoRescue 1 -DoRescueFrom 0,0.0,0,0,,,,,,,,,
pegasus-plan_ID0000012,None,subwf,0,1677897292.0,1677897292.0,1677897297.0,1677897302.0,,,0.0,1677897303.0,1677897932.0,,,0.0,,,0.0,5.0,1.0,629.0,,,,,,poseidon,local,poseidon-submit,condor::dagman,/usr/bin/condor_dagman,-p 0  -f -l . -Notification never -Debug 3 -Lockfile xgboost_hp_tuning_group_0.dag.lock -Dag xgboost_hp_tuning_group_0.dag -AllowVersionMismatch  -AutoRescue 1 -DoRescueFrom 0,0.0,0,0,,,,,,,,,
stage_out_local_local_4_0,None,transfer,0,1677897292.0,,,1677897297.0,,,0.0,1677897297.0,1677897307.0,1677897297.0,1677897301.0,21090.0,1677897307.0,1677897312.0,5.0,,0.0,10.0,5.0,,,4.0,85038.0,poseidon,local,host-10-100-100-12.openstacklocal,pegasus::transfer,/home/poseidon/pegasus-5.1.0panorama/bin/pegasus-transfer,pegasus-kickstart  -n pegasus::transfer -N null -i - -R local  -L predict-future-sales -T 2023-02-17T19:59:06+00:00 pegasus-transfer  --threads 2,0.5,0,0,,,,,,,,,
pegasus-plan_ID0000020,None,subwf,0,1677897292.0,1677897292.0,1677897297.0,1677897302.0,,,0.0,1677897303.0,1677898628.0,,,0.0,,,0.0,5.0,1.0,1325.0,,,,,,poseidon,local,poseidon-submit,condor::dagman,/usr/bin/condor_dagman,-p 0  -f -l . -Notification never -Debug 3 -Lockfile xgboost_hp_tuning_group_2.dag.lock -Dag xgboost_hp_tuning_group_2.dag -AllowVersionMismatch  -AutoRescue 1 -DoRescueFrom 0,0.0,0,0,,,,,,,,,
create_dir_predict-future-sales-hp-tuning_0_condorpool_pegasus-plan_ID0000016,None,auxiliary,0,1677897303.0,,,1677897304.0,,,0.0,1677897307.0,1677897314.0,,,0.0,1677897314.0,1677897319.0,1.0,,3.0,7.0,5.0,,,,,poseidon,local,host-10-100-100-12.openstacklocal,pegasus::dirmanager,/home/poseidon/pegasus-5.1.0panorama/bin/pegasus-transfer,pegasus-kickstart  -n pegasus::dirmanager -N null -i - -R local  -L xgboost_hp_tuning_group_1 -T 2023-03-04T02:34:54+00:00 pegasus-transfer,0.3,0,0,,,,,,,,,
create_dir_predict-future-sales-hp-tuning_0_condorpool_pegasus-plan_ID0000012,None,auxiliary,0,1677897303.0,,,1677897304.0,,,0.0,1677897307.0,1677897314.0,,,0.0,1677897314.0,1677897319.0,1.0,,3.0,7.0,5.0,,,,,poseidon,local,host-10-100-100-12.openstacklocal,pegasus::dirmanager,/home/poseidon/pegasus-5.1.0panorama/bin/pegasus-transfer,pegasus-kickstart  -n pegasus::dirmanager -N null -i - -R local  -L xgboost_hp_tuning_group_0 -T 2023-03-04T02:34:54+00:00 pegasus-transfer,0.3,0,0,,,,,,,,,
create_dir_predict-future-sales-hp-tuning_0_condorpool_pegasus-plan_ID0000020,None,auxiliary,0,1677897303.0,,,1677897304.0,,,0.0,1677897307.0,1677897314.0,,,0.0,1677897314.0,1677897319.0,1.0,,3.0,7.0,5.0,,,,,poseidon,local,host-10-100-100-12.openstacklocal,pegasus::dirmanager,/home/poseidon/pegasus-5.1.0panorama/bin/pegasus-transfer,pegasus-kickstart  -n pegasus::dirmanager -N null -i - -R local  -L xgboost_hp_tuning_group_2 -T 2023-03-04T02:34:54+00:00 pegasus-transfer,0.3,0,0,,,,,,,,,
register_local_4_0,None,auxiliary,0,1677897312.0,,,1677897317.0,,,0.0,1677897317.0,1677897322.0,,,0.0,1677897322.0,1677897327.0,5.0,,0.0,5.0,5.0,,,,,poseidon,local,host-10-100-100-12.openstacklocal,pegasus::rc-client,/home/poseidon/pegasus-5.1.0panorama/bin/pegasus-rc-client,"pegasus-kickstart  -n pegasus::rc-client -N null -R local  -L predict-future-sales -T 2023-02-17T19:59:06+00:00 /home/poseidon/pegasus-5.1.0panorama/bin/pegasus-rc-client --prefix pegasus.catalog.replica.output --conf /home/poseidon/workflows/predict-future-sales-workflow/submit/poseidon/pegasus/predict-future-sales/run0408/pegasus.4710364275907180101.properties -v --meta /home/poseidon/workflows/predict-future-sales-workflow/submit/poseidon/pegasus/predict-future-sales/run0408/00/00/xgboost_hp_tuning_workflow_ID0000011.meta,/home/poseidon/workflows/predict-future-sales-workflow/submit/poseidon/pegasus/predict-future-sales/run0408/00/00/xgboost_hp_tuning_workflow_ID0000019.meta,/home/poseidon/workflows/predict-future-sales-workflow/submit/poseidon/pegasus/predict-future-sales/run0408/00/00/xgboost_hp_tuning_workflow_ID0000015.meta --insert /home/poseidon/workflows/predict-future-sales-workflow/submit/poseidon/pegasus/predict-future-sales/run0408/00/00/register_local_4_0.in",2.8,0,0,,,,,,,,,
stage_in_local_condorpool_0_0_pegasus-plan_ID0000012,None,transfer,0,1677897319.0,,,1677897324.0,1677897324.0,1677897329.0,2776.0,1677897324.0,1677897339.0,,,0.0,1677897339.0,1677897344.0,5.0,,0.0,15.0,5.0,5.0,12142.0,,,poseidon,local,host-10-100-100-12.openstacklocal,pegasus::transfer,/home/poseidon/pegasus-5.1.0panorama/bin/pegasus-transfer,-n pegasus::transfer -N null -i - -R local  -L xgboost_hp_tuning_group_0 -T 2023-03-04T02:34:54+00:00 /home/poseidon/pegasus-5.1.0panorama/bin/../bin/pegasus-transfer  --threads 2,0.6,0,0,,,,,,,,,
stage_in_local_condorpool_1_0_pegasus-plan_ID0000012,None,transfer,0,1677897319.0,,,1677897324.0,1677897324.0,1677897328.0,788.0,1677897324.0,1677897334.0,,,0.0,1677897334.0,1677897339.0,5.0,,0.0,10.0,5.0,4.0,2874.0,,,poseidon,local,host-10-100-100-12.openstacklocal,pegasus::transfer,/home/poseidon/pegasus-5.1.0panorama/bin/pegasus-transfer,-n pegasus::transfer -N null -i - -R local  -L xgboost_hp_tuning_group_0 -T 2023-03-04T02:34:54+00:00 /home/poseidon/pegasus-5.1.0panorama/bin/../bin/pegasus-transfer  --threads 2,0.5,0,0,,,,,,,,,
stage_in_local_condorpool_0_1_pegasus-plan_ID0000012,None,transfer,0,1677897319.0,,,1677897324.0,1677897324.0,1677897330.0,47275321.0,1677897324.0,1677897339.0,,,0.0,1677897339.0,1677897344.0,5.0,,0.0,15.0,5.0,6.0,269346726.0,,,poseidon,local,host-10-100-100-12.openstacklocal,pegasus::transfer,/home/poseidon/pegasus-5.1.0panorama/bin/pegasus-transfer,-n pegasus::transfer -N null -i - -R local  -L xgboost_hp_tuning_group_0 -T 2023-03-04T02:34:54+00:00 /home/poseidon/pegasus-5.1.0panorama/bin/../bin/pegasus-transfer  --threads 2,1.8,0,0,,,,,,,,,
stage_in_local_condorpool_0_2_pegasus-plan_ID0000012,None,transfer,0,1677897319.0,,,1677897324.0,1677897324.0,1677897335.0,71526643.0,1677897324.0,1677897344.0,,,0.0,1677897344.0,1677897349.0,5.0,,0.0,20.0,5.0,11.0,735985664.0,,,poseidon,local,host-10-100-100-12.openstacklocal,pegasus::transfer,/home/poseidon/pegasus-5.1.0panorama/bin/pegasus-transfer,-n pegasus::transfer -N null -i - -R local  -L xgboost_hp_tuning_group_0 -T 2023-03-04T02:34:54+00:00 /home/poseidon/pegasus-5.1.0panorama/bin/../bin/pegasus-transfer  --threads 2,4.2,0,0,,,,,,,,,
stage_in_local_condorpool_0_2_pegasus-plan_ID0000020,None,transfer,0,1677897319.0,,,1677897324.0,1677897324.0,1677897335.0,70081950.0,1677897324.0,1677897344.0,,,0.0,1677897344.0,1677897349.0,5.0,,0.0,20.0,5.0,11.0,735985664.0,,,poseidon,local,host-10-100-100-12.openstacklocal,pegasus::transfer,/home/poseidon/pegasus-5.1.0panorama/bin/pegasus-transfer,-n pegasus::transfer -N null -i - -R local  -L xgboost_hp_tuning_group_2 -T 2023-03-04T02:34:54+00:00 /home/poseidon/pegasus-5.1.0panorama/bin/../bin/pegasus-transfer  --threads 2,4.2,0,0,,,,,,,,,
stage_in_local_condorpool_0_1_pegasus-plan_ID0000020,None,transfer,0,1677897319.0,,,1677897324.0,1677897324.0,1677897341.0,154631485.0,1677897324.0,1677897349.0,,,0.0,1677897349.0,1677897354.0,5.0,,0.0,25.0,5.0,17.0,2646308508.0,,,poseidon,local,host-10-100-100-12.openstacklocal,pegasus::transfer,/home/poseidon/pegasus-5.1.0panorama/bin/pegasus-transfer,-n pegasus::transfer -N null -i - -R local  -L xgboost_hp_tuning_group_2 -T 2023-03-04T02:34:54+00:00 /home/poseidon/pegasus-5.1.0panorama/bin/../bin/pegasus-transfer  --threads 2,11.7,0,0,,,,,,,,,
stage_in_local_condorpool_0_0_pegasus-plan_ID0000016,None,transfer,0,1677897319.0,,,1677897324.0,1677897324.0,1677897329.0,2758.0,1677897324.0,1677897339.0,,,0.0,1677897339.0,1677897344.0,5.0,,0.0,15.0,5.0,5.0,12142.0,,,poseidon,local,host-10-100-100-12.openstacklocal,pegasus::transfer,/home/poseidon/pegasus-5.1.0panorama/bin/pegasus-transfer,-n pegasus::transfer -N null -i - -R local  -L xgboost_hp_tuning_group_1 -T 2023-03-04T02:34:54+00:00 /home/poseidon/pegasus-5.1.0panorama/bin/../bin/pegasus-transfer  --threads 2,0.6,0,0,,,,,,,,,
stage_in_local_condorpool_1_0_pegasus-plan_ID0000016,None,transfer,0,1677897319.0,,,1677897324.0,1677897324.0,1677897328.0,793.0,1677897324.0,1677897334.0,,,0.0,1677897334.0,1677897339.0,5.0,,0.0,10.0,5.0,4.0,2874.0,,,poseidon,local,host-10-100-100-12.openstacklocal,pegasus::transfer,/home/poseidon/pegasus-5.1.0panorama/bin/pegasus-transfer,-n pegasus::transfer -N null -i - -R local  -L xgboost_hp_tuning_group_1 -T 2023-03-04T02:34:54+00:00 /home/poseidon/pegasus-5.1.0panorama/bin/../bin/pegasus-transfer  --threads 2,0.4,0,0,,,,,,,,,
stage_in_local_condorpool_0_1_pegasus-plan_ID0000016,None,transfer,0,1677897319.0,,,1677897324.0,1677897324.0,1677897328.0,4979413.0,1677897324.0,1677897334.0,,,0.0,1677897334.0,1677897339.0,5.0,,0.0,10.0,5.0,4.0,19294600.0,,,poseidon,local,host-10-100-100-12.openstacklocal,pegasus::transfer,/home/poseidon/pegasus-5.1.0panorama/bin/pegasus-transfer,-n pegasus::transfer -N null -i - -R local  -L xgboost_hp_tuning_group_1 -T 2023-03-04T02:34:54+00:00 /home/poseidon/pegasus-5.1.0panorama/bin/../bin/pegasus-transfer  --threads 2,0.6,0,0,,,,,,,,,
stage_in_local_condorpool_0_0_pegasus-plan_ID0000020,None,transfer,0,1677897319.0,,,1677897324.0,1677897324.0,1677897329.0,2796.0,1677897324.0,1677897339.0,,,0.0,1677897339.0,1677897344.0,5.0,,0.0,15.0,5.0,5.0,12142.0,,,poseidon,local,host-10-100-100-12.openstacklocal,pegasus::transfer,/home/poseidon/pegasus-5.1.0panorama/bin/pegasus-transfer,-n pegasus::transfer -N null -i - -R local  -L xgboost_hp_tuning_group_2 -T 2023-03-04T02:34:54+00:00 /home/poseidon/pegasus-5.1.0panorama/bin/../bin/pegasus-transfer  --threads 2,0.6,0,0,,,,,,,,,
stage_in_local_condorpool_0_2_pegasus-plan_ID0000016,None,transfer,0,1677897319.0,,,1677897324.0,1677897324.0,1677897335.0,70969269.0,1677897324.0,1677897344.0,,,0.0,1677897344.0,1677897349.0,5.0,,0.0,20.0,5.0,11.0,735985664.0,,,poseidon,local,host-10-100-100-12.openstacklocal,pegasus::transfer,/home/poseidon/pegasus-5.1.0panorama/bin/pegasus-transfer,-n pegasus::transfer -N null -i - -R local  -L xgboost_hp_tuning_group_1 -T 2023-03-04T02:34:54+00:00 /home/poseidon/pegasus-5.1.0panorama/bin/../bin/pegasus-transfer  --threads 2,4.2,0,0,,,,,,,,,
stage_in_local_condorpool_1_0_pegasus-plan_ID0000020,None,transfer,0,1677897319.0,,,1677897324.0,1677897324.0,1677897328.0,791.0,1677897324.0,1677897334.0,,,0.0,1677897334.0,1677897339.0,5.0,,0.0,10.0,5.0,4.0,2874.0,,,poseidon,local,host-10-100-100-12.openstacklocal,pegasus::transfer,/home/poseidon/pegasus-5.1.0panorama/bin/pegasus-transfer,-n pegasus::transfer -N null -i - -R local  -L xgboost_hp_tuning_group_2 -T 2023-03-04T02:34:54+00:00 /home/poseidon/pegasus-5.1.0panorama/bin/../bin/pegasus-transfer  --threads 2,0.5,0,0,,,,,,,,,
xgboost_hp_tuning_ID0000008_pegasus-plan_ID0000016,None,compute,0,1677897349.0,,,1677897354.0,1677897473.0,1677897580.0,3459183.1,1677897519.0,1677897710.0,1677897645.0,1677897649.0,247.0,1677897710.0,1677897715.0,5.0,,165.0,191.0,5.0,107.0,377646203.0,4.0,1058.0,poseidon,condorpool,poseidon-worker-2-container-16-23,xgboost_hp_tuning,/srv/xgboost_hp_tuning,,17.0,0,0,,,,,,,,,
xgboost_hp_tuning_ID0000023_pegasus-plan_ID0000012,None,compute,0,1677897349.0,,,1677897354.0,1677897466.0,1677897519.0,10933500.0,1677897518.0,1677897669.0,1677897601.0,1677897605.0,256.0,1677897669.0,1677897674.0,5.0,,164.0,151.0,5.0,53.0,502672266.0,4.0,1091.0,poseidon,condorpool,poseidon-worker-3-container-40-47,xgboost_hp_tuning,/srv/xgboost_hp_tuning,,100.1,0,0,0.0,157966048.0,40.0,3303.0,2.0,42.5,2.6,15796604.8,4.0
xgboost_hp_tuning_ID0000012_pegasus-plan_ID0000012,hdd_5,compute,0,1677897349.0,,,1677897354.0,1677897466.0,1677897518.0,10922593.7,1677897518.0,1677897669.0,1677897601.0,1677897605.0,246.0,1677897669.0,1677897674.0,5.0,,164.0,151.0,5.0,52.0,502672266.0,4.0,1049.0,poseidon,condorpool,poseidon-worker-3-container-0-7,xgboost_hp_tuning,/srv/xgboost_hp_tuning,,86.3,0,0,0.0,157966116.0,40.0,3303.0,2.0,43.0,2.5,15796611.6,4.0
xgboost_hp_tuning_ID0000001_pegasus-plan_ID0000012,None,compute,0,1677897349.0,,,1677897354.0,1677897473.0,1677897582.0,4627405.4,1677897518.0,1677897709.0,1677897645.0,1677897649.0,247.0,1677897709.0,1677897714.0,5.0,,164.0,191.0,5.0,109.0,502672266.0,4.0,1063.0,poseidon,condorpool,poseidon-worker-2-container-32-39,xgboost_hp_tuning,/srv/xgboost_hp_tuning,,104.1,0,0,0.0,157967925.0,40.0,3305.0,2.0,45.8,2.7,15796792.5,4.0
xgboost_hp_tuning_ID0000013_pegasus-plan_ID0000012,None,compute,0,1677897349.0,,,1677897354.0,1677897465.0,1677897482.0,46568594.6,1677897517.0,1677897644.0,1677897578.0,1677897582.0,247.0,1677897644.0,1677897649.0,5.0,,163.0,127.0,5.0,17.0,502672266.0,4.0,1052.0,poseidon,condorpool,poseidon-worker-1-container-24-31,xgboost_hp_tuning,/srv/xgboost_hp_tuning,,84.9,0,0,0.0,157967913.0,40.0,3305.0,2.0,44.1,2.7,15796791.3,4.0
xgboost_hp_tuning_ID0000002_pegasus-plan_ID0000012,None,compute,0,1677897349.0,,,1677897354.0,1677897465.0,1677897518.0,10933167.6,1677897517.0,1677897669.0,1677897601.0,1677897605.0,250.0,1677897669.0,1677897674.0,5.0,,163.0,152.0,5.0,53.0,502672266.0,4.0,1063.0,poseidon,condorpool,poseidon-worker-3-container-16-23,xgboost_hp_tuning,/srv/xgboost_hp_tuning,,83.8,0,0,0.0,157966046.0,40.0,3303.0,2.0,41.4,2.4,15796604.6,4.0
xgboost_hp_tuning_ID0000014_pegasus-plan_ID0000012,None,compute,0,1677897349.0,,,1677897354.0,1677897317.0,1677897336.0,40438812.7,1677897370.0,1677897519.0,1677897453.0,1677897457.0,244.0,1677897519.0,1677897524.0,5.0,,16.0,149.0,5.0,19.0,502672266.0,4.0,1056.0,poseidon,condorpool,poseidon-worker-3-container-8-15,xgboost_hp_tuning,/srv/xgboost_hp_tuning,,140.6,0,0,0.1,157970563.0,40.0,3319.0,2.0,106.5,3.4,7898528.2,4.0
xgboost_hp_tuning_ID0000003_pegasus-plan_ID0000012,None,compute,0,1677897349.0,,,1677897354.0,1677897317.0,1677897336.0,40390564.0,1677897370.0,1677897519.0,1677897453.0,1677897456.0,328.0,1677897519.0,1677897524.0,5.0,,16.0,149.0,5.0,19.0,502672266.0,3.0,1068.0,poseidon,condorpool,poseidon-worker-3-container-16-23,xgboost_hp_tuning,/srv/xgboost_hp_tuning,,176.7,0,0,0.0,157974406.0,40.0,3334.0,2.0,151.6,3.8,5265813.5,4.0
xgboost_hp_tuning_ID0000015_pegasus-plan_ID0000012,None,compute,0,1677897349.0,,,1677897354.0,1677897317.0,1677897335.0,46562238.8,1677897370.0,1677897519.0,1677897453.0,1677897457.0,243.0,1677897519.0,1677897524.0,5.0,,16.0,149.0,5.0,18.0,502672266.0,4.0,1054.0,poseidon,condorpool,poseidon-worker-2-container-8-15,xgboost_hp_tuning,/srv/xgboost_hp_tuning,,134.3,0,0,0.0,157972437.0,40.0,3321.0,2.0,96.9,3.2,7898621.8,4.0
xgboost_hp_tuning_ID0000004_pegasus-plan_ID0000012,hdd_5,compute,0,1677897349.0,,,1677897354.0,1677897317.0,1677897358.0,40445336.0,1677897370.0,1677897519.0,1677897453.0,1677897457.0,247.0,1677897519.0,1677897524.0,5.0,,16.0,149.0,5.0,41.0,502672266.0,4.0,1064.0,poseidon,condorpool,poseidon-worker-3-container-32-39,xgboost_hp_tuning,/srv/xgboost_hp_tuning,,151.5,0,0,0.0,157970602.0,40.0,3319.0,2.0,106.0,3.2,7898530.1,4.0
xgboost_hp_tuning_ID0000016_pegasus-plan_ID0000012,None,compute,0,1677897349.0,,,1677897354.0,1677897317.0,1677897336.0,40580353.7,1677897370.0,1677897519.0,1677897453.0,1677897457.0,243.0,1677897519.0,1677897524.0,5.0,,16.0,149.0,5.0,19.0,502672266.0,4.0,1053.0,poseidon,condorpool,poseidon-worker-3-container-24-31,xgboost_hp_tuning,/srv/xgboost_hp_tuning,,104.3,0,0,0.0,157965967.0,40.0,3303.0,2.0,43.7,2.9,15796596.7,4.0
xgboost_hp_tuning_ID0000005_pegasus-plan_ID0000012,None,compute,0,1677897349.0,,,1677897354.0,1677897317.0,1677897335.0,46453932.8,1677897370.0,1677897519.0,1677897453.0,1677897457.0,249.0,1677897519.0,1677897524.0,5.0,,16.0,149.0,5.0,18.0,502672266.0,4.0,1077.0,poseidon,condorpool,poseidon-worker-2-container-24-31,xgboost_hp_tuning,/srv/xgboost_hp_tuning,,183.8,0,0,0.0,157976267.0,40.0,3336.0,2.0,164.4,4.1,5265875.6,4.0
xgboost_hp_tuning_ID0000017_pegasus-plan_ID0000012,None,compute,0,1677897349.0,,,1677897354.0,1677897317.0,1677897336.0,40450631.3,1677897370.0,1677897519.0,1677897453.0,1677897457.0,249.0,1677897519.0,1677897524.0,5.0,,16.0,149.0,5.0,19.0,502672266.0,4.0,1052.0,poseidon,condorpool,poseidon-worker-3-container-40-47,xgboost_hp_tuning,/srv/xgboost_hp_tuning,,194.1,0,0,0.0,157974402.0,40.0,3334.0,2.0,164.1,3.6,5265813.4,4.0
xgboost_hp_tuning_ID0000006_pegasus-plan_ID0000012,None,compute,0,1677897349.0,,,1677897354.0,1677897317.0,1677897335.0,46515909.0,1677897370.0,1677897519.0,1677897453.0,1677897457.0,252.0,1677897519.0,1677897524.0,5.0,,16.0,149.0,5.0,18.0,502672266.0,4.0,1068.0,poseidon,condorpool,poseidon-worker-1-container-0-7,xgboost_hp_tuning,/srv/xgboost_hp_tuning,,137.3,0,0,0.0,157972405.0,40.0,3321.0,2.0,100.2,3.6,7898620.2,4.0
xgboost_hp_tuning_ID0000009_pegasus-plan_ID0000012,None,compute,0,1677897349.0,,,1677897354.0,1677897317.0,1677897335.0,46544351.6,1677897370.0,1677897519.0,1677897453.0,1677897457.0,245.0,1677897519.0,1677897524.0,5.0,,16.0,149.0,5.0,18.0,502672266.0,4.0,1058.0,poseidon,condorpool,poseidon-worker-2-container-16-23,xgboost_hp_tuning,/srv/xgboost_hp_tuning,,170.9,0,0,0.0,157972717.0,40.0,3321.0,2.0,107.9,3.6,7898635.9,4.0
xgboost_hp_tuning_ID0000011_pegasus-plan_ID0000012,hdd_5,compute,0,1677897349.0,,,1677897354.0,1677897317.0,1677897361.0,40160376.0,1677897370.0,1677897519.0,1677897453.0,1677897457.0,248.0,1677897519.0,1677897524.0,5.0,,16.0,149.0,5.0,44.0,502672266.0,4.0,1048.0,poseidon,condorpool,poseidon-worker-3-container-0-7,xgboost_hp_tuning,/srv/xgboost_hp_tuning,,110.7,0,0,0.0,157970649.0,40.0,3319.0,2.0,103.2,4.1,7898532.4,4.0
xgboost_hp_tuning_ID0000022_pegasus-plan_ID0000012,hdd_5,compute,0,1677897349.0,,,1677897354.0,1677897317.0,1677897349.0,46221335.2,1677897370.0,1677897519.0,1677897453.0,1677897457.0,242.0,1677897519.0,1677897524.0,5.0,,16.0,149.0,5.0,32.0,502672266.0,4.0,1059.0,poseidon,condorpool,poseidon-worker-2-container-0-7,xgboost_hp_tuning,/srv/xgboost_hp_tuning,,113.0,0,0,0.1,157972647.0,40.0,3321.0,2.0,101.7,3.3,7898632.3,4.0
xgboost_hp_tuning_ID0000010_pegasus-plan_ID0000012,hdd_5,compute,0,1677897349.0,,,1677897354.0,1677897317.0,1677897361.0,46549256.2,1677897370.0,1677897519.0,1677897453.0,1677897457.0,242.0,1677897519.0,1677897524.0,5.0,,16.0,149.0,5.0,44.0,502672266.0,4.0,1050.0,poseidon,condorpool,poseidon-worker-1-container-32-39,xgboost_hp_tuning,/srv/xgboost_hp_tuning,,94.9,0,0,0.1,157967846.0,40.0,3305.0,2.0,46.4,2.9,15796784.6,4.0
xgboost_hp_tuning_ID0000021_pegasus-plan_ID0000012,None,compute,0,1677897349.0,,,1677897354.0,1677897317.0,1677897335.0,46596619.6,1677897370.0,1677897659.0,1677897453.0,1677897598.0,14.0,1677897659.0,1677897664.0,5.0,,16.0,289.0,5.0,18.0,502672266.0,145.0,2126.0,poseidon,condorpool,poseidon-worker-1-container-40-47,xgboost_hp_tuning,/srv/xgboost_hp_tuning,,124.8,0,0,0.1,157972477.0,40.0,3321.0,2.0,96.3,3.2,7898623.9,4.0
xgboost_hp_tuning_ID0000020_pegasus-plan_ID0000012,None,compute,0,1677897349.0,,,1677897354.0,1677897317.0,1677897335.0,46497787.8,1677897370.0,1677897519.0,1677897453.0,1677897456.0,327.0,1677897519.0,1677897524.0,5.0,,16.0,149.0,5.0,18.0,502672266.0,3.0,1065.0,poseidon,condorpool,poseidon-worker-1-container-24-31,xgboost_hp_tuning,/srv/xgboost_hp_tuning,,115.9,0,0,0.1,157972482.0,40.0,3321.0,2.0,107.3,3.6,7898624.1,4.0
xgboost_hp_tuning_ID0000008_pegasus-plan_ID0000012,None,compute,0,1677897349.0,,,1677897354.0,1677897317.0,1677897335.0,46590496.0,1677897370.0,1677897519.0,1677897453.0,1677897457.0,244.0,1677897519.0,1677897524.0,5.0,,16.0,149.0,5.0,18.0,502672266.0,4.0,1056.0,poseidon,condorpool,poseidon-worker-2-container-32-39,xgboost_hp_tuning,/srv/xgboost_hp_tuning,,156.0,0,0,0.0,157976269.0,40.0,3336.0,2.0,147.1,3.6,5265875.6,4.0
xgboost_hp_tuning_ID0000019_pegasus-plan_ID0000012,hdd_5,compute,0,1677897349.0,,,1677897354.0,1677897317.0,1677897361.0,46529929.4,1677897370.0,1677897519.0,1677897453.0,1677897457.0,244.0,1677897519.0,1677897524.0,5.0,,16.0,149.0,5.0,44.0,502672266.0,4.0,1061.0,poseidon,condorpool,poseidon-worker-2-container-40-47,xgboost_hp_tuning,/srv/xgboost_hp_tuning,,101.2,0,0,0.0,157967841.0,40.0,3305.0,2.0,42.6,3.1,15796784.1,4.0
xgboost_hp_tuning_ID0000023_pegasus-plan_ID0000016,None,compute,0,1677897349.0,,,1677897354.0,1677897615.0,1677897630.0,42782747.0,1677897667.0,1677897790.0,1677897725.0,1677897729.0,258.0,1677897790.0,1677897795.0,5.0,,313.0,123.0,5.0,15.0,377646203.0,4.0,1090.0,poseidon,condorpool,poseidon-worker-3-container-8-15,xgboost_hp_tuning,/srv/xgboost_hp_tuning,,16.9,0,0,,,,,,,,,
xgboost_hp_tuning_ID0000007_pegasus-plan_ID0000012,None,compute,0,1677897349.0,,,1677897354.0,1677897317.0,1677897335.0,46539013.8,1677897370.0,1677897519.0,1677897453.0,1677897457.0,247.0,1677897519.0,1677897524.0,5.0,,16.0,149.0,5.0,18.0,502672266.0,4.0,1067.0,poseidon,condorpool,poseidon-worker-1-container-8-15,xgboost_hp_tuning,/srv/xgboost_hp_tuning,,118.3,0,0,0.0,157972443.0,40.0,3321.0,2.0,102.6,3.5,7898622.1,4.0
xgboost_hp_tuning_ID0000012_pegasus-plan_ID0000016,None,compute,0,1677897349.0,,,1677897354.0,1677897615.0,1677897630.0,42637077.8,1677897667.0,1677897790.0,1677897725.0,1677897729.0,248.0,1677897790.0,1677897795.0,5.0,,313.0,123.0,5.0,15.0,377646203.0,4.0,1048.0,poseidon,condorpool,poseidon-worker-3-container-16-23,xgboost_hp_tuning,/srv/xgboost_hp_tuning,,14.8,0,0,,,,,,,,,
xgboost_hp_tuning_ID0000013_pegasus-plan_ID0000016,hdd_5,compute,0,1677897349.0,,,1677897354.0,1677897615.0,1677897655.0,42619221.8,1677897667.0,1677897790.0,1677897725.0,1677897729.0,250.0,1677897790.0,1677897795.0,5.0,,313.0,123.0,5.0,40.0,377646203.0,4.0,1056.0,poseidon,condorpool,poseidon-worker-3-container-32-39,xgboost_hp_tuning,/srv/xgboost_hp_tuning,,14.7,0,0,,,,,,,,,
xgboost_hp_tuning_ID0000009_pegasus-plan_ID0000016,None,compute,0,1677897349.0,,,1677897354.0,1677897466.0,1677897482.0,42595749.2,1677897518.0,1677897644.0,1677897578.0,1677897582.0,247.0,1677897644.0,1677897649.0,5.0,,164.0,126.0,5.0,16.0,377646203.0,4.0,1057.0,poseidon,condorpool,poseidon-worker-1-container-0-7,xgboost_hp_tuning,/srv/xgboost_hp_tuning,,22.6,0,0,,,,,,,,,
xgboost_hp_tuning_ID0000011_pegasus-plan_ID0000016,None,compute,0,1677897349.0,,,1677897354.0,1677897466.0,1677897482.0,42524110.2,1677897518.0,1677897644.0,1677897578.0,1677897582.0,246.0,1677897644.0,1677897649.0,5.0,,164.0,126.0,5.0,16.0,377646203.0,4.0,1049.0,poseidon,condorpool,poseidon-worker-1-container-16-23,xgboost_hp_tuning,/srv/xgboost_hp_tuning,,15.8,0,0,,,,,,,,,
xgboost_hp_tuning_ID0000022_pegasus-plan_ID0000016,hdd_5,compute,0,1677897349.0,,,1677897354.0,1677897466.0,1677897517.0,8533009.6,1677897518.0,1677897669.0,1677897601.0,1677897605.0,249.0,1677897669.0,1677897674.0,5.0,,164.0,151.0,5.0,51.0,377646203.0,4.0,1062.0,poseidon,condorpool,poseidon-worker-3-container-32-39,xgboost_hp_tuning,/srv/xgboost_hp_tuning,,22.7,0,0,,,,,,,,,
xgboost_hp_tuning_ID0000010_pegasus-plan_ID0000016,None,compute,0,1677897349.0,,,1677897354.0,1677897473.0,1677897580.0,3462139.1,1677897519.0,1677897710.0,1677897645.0,1677897649.0,244.0,1677897710.0,1677897715.0,5.0,,165.0,191.0,5.0,107.0,377646203.0,4.0,1048.0,poseidon,condorpool,poseidon-worker-2-container-8-15,xgboost_hp_tuning,/srv/xgboost_hp_tuning,,15.3,0,0,,,,,,,,,
xgboost_hp_tuning_ID0000021_pegasus-plan_ID0000016,None,compute,0,1677897349.0,,,1677897354.0,1677897473.0,1677897580.0,3462557.9,1677897519.0,1677897710.0,1677897645.0,1677897649.0,246.0,1677897710.0,1677897715.0,5.0,,165.0,191.0,5.0,107.0,377646203.0,4.0,1061.0,poseidon,condorpool,poseidon-worker-2-container-24-31,xgboost_hp_tuning,/srv/xgboost_hp_tuning,,15.3,0,0,,,,,,,,,
xgboost_hp_tuning_ID0000020_pegasus-plan_ID0000016,hdd_5,compute,0,1677897349.0,,,1677897354.0,1677897473.0,1677897584.0,42642439.5,1677897519.0,1677897710.0,1677897645.0,1677897649.0,247.0,1677897710.0,1677897715.0,5.0,,165.0,191.0,5.0,111.0,377646203.0,4.0,1062.0,poseidon,condorpool,poseidon-worker-2-container-40-47,xgboost_hp_tuning,/srv/xgboost_hp_tuning,,14.7,0,0,,,,,,,,,
xgboost_hp_tuning_ID0000019_pegasus-plan_ID0000016,None,compute,0,1677897349.0,,,1677897354.0,1677897466.0,1677897517.0,8529551.7,1677897519.0,1677897669.0,1677897601.0,1677897605.0,248.0,1677897669.0,1677897674.0,5.0,,165.0,150.0,5.0,51.0,377646203.0,4.0,1058.0,poseidon,condorpool,poseidon-worker-3-container-24-31,xgboost_hp_tuning,/srv/xgboost_hp_tuning,,19.7,0,0,,,,,,,,,
xgboost_hp_tuning_ID0000001_pegasus-plan_ID0000016,hdd_5,compute,0,1677897349.0,,,1677897354.0,1677897614.0,1677897655.0,42679682.5,1677897667.0,1677897790.0,1677897725.0,1677897729.0,252.0,1677897790.0,1677897795.0,5.0,,313.0,123.0,5.0,41.0,377646203.0,4.0,1062.0,poseidon,condorpool,poseidon-worker-3-container-0-7,xgboost_hp_tuning,/srv/xgboost_hp_tuning,,16.8,0,0,,,,,,,,,
xgboost_hp_tuning_ID0000018_pegasus-plan_ID0000016,hdd_5,compute,0,1677897349.0,,,1677897354.0,1677897473.0,1677897580.0,3473982.5,1677897519.0,1677897710.0,1677897645.0,1677897649.0,246.0,1677897710.0,1677897715.0,5.0,,165.0,191.0,5.0,107.0,377646203.0,4.0,1055.0,poseidon,condorpool,poseidon-worker-2-container-0-7,xgboost_hp_tuning,/srv/xgboost_hp_tuning,,15.9,0,0,,,,,,,,,
xgboost_hp_tuning_ID0000007_pegasus-plan_ID0000016,None,compute,0,1677897349.0,,,1677897354.0,1677897466.0,1677897517.0,8530826.3,1677897519.0,1677897669.0,1677897601.0,1677897605.0,248.0,1677897669.0,1677897674.0,5.0,,165.0,150.0,5.0,51.0,377646203.0,4.0,1065.0,poseidon,condorpool,poseidon-worker-3-container-8-15,xgboost_hp_tuning,/srv/xgboost_hp_tuning,,24.1,0,0,,,,,,,,,
xgboost_hp_tuning_ID0000017_pegasus-plan_ID0000016,None,compute,0,1677897349.0,,,1677897354.0,1677897466.0,1677897482.0,42590997.2,1677897519.0,1677897644.0,1677897578.0,1677897582.0,246.0,1677897644.0,1677897649.0,5.0,,165.0,125.0,5.0,16.0,377646203.0,4.0,1052.0,poseidon,condorpool,poseidon-worker-1-container-8-15,xgboost_hp_tuning,/srv/xgboost_hp_tuning,,14.7,0,0,,,,,,,,,
xgboost_hp_tuning_ID0000005_pegasus-plan_ID0000016,None,compute,0,1677897349.0,,,1677897354.0,1677897591.0,1677897607.0,42515312.5,1677897643.0,1677897770.0,1677897700.0,1677897705.0,254.0,1677897770.0,1677897775.0,5.0,,289.0,127.0,5.0,16.0,377646203.0,5.0,1078.0,poseidon,condorpool,poseidon-worker-1-container-24-31,xgboost_hp_tuning,/srv/xgboost_hp_tuning,,14.3,0,0,,,,,,,,,
xgboost_hp_tuning_ID0000016_pegasus-plan_ID0000016,hdd_5,compute,0,1677897349.0,,,1677897354.0,1677897591.0,1677897632.0,42619311.8,1677897643.0,1677897765.0,1677897700.0,1677897705.0,249.0,1677897765.0,1677897770.0,5.0,,289.0,122.0,5.0,41.0,377646203.0,5.0,1052.0,poseidon,condorpool,poseidon-worker-1-container-32-39,xgboost_hp_tuning,/srv/xgboost_hp_tuning,,16.2,0,0,,,,,,,,,
xgboost_hp_tuning_ID0000004_pegasus-plan_ID0000016,None,compute,0,1677897349.0,,,1677897354.0,1677897591.0,1677897607.0,42479711.8,1677897643.0,1677897770.0,1677897700.0,1677897705.0,249.0,1677897770.0,1677897775.0,5.0,,289.0,127.0,5.0,16.0,377646203.0,5.0,1060.0,poseidon,condorpool,poseidon-worker-1-container-16-23,xgboost_hp_tuning,/srv/xgboost_hp_tuning,,14.4,0,0,,,,,,,,,
xgboost_hp_tuning_ID0000015_pegasus-plan_ID0000016,None,compute,0,1677897349.0,,,1677897354.0,1677897591.0,1677897607.0,42676747.5,1677897643.0,1677897770.0,1677897700.0,1677897705.0,248.0,1677897770.0,1677897775.0,5.0,,289.0,127.0,5.0,16.0,377646203.0,5.0,1055.0,poseidon,condorpool,poseidon-worker-1-container-8-15,xgboost_hp_tuning,/srv/xgboost_hp_tuning,,15.6,0,0,,,,,,,,,
xgboost_hp_tuning_ID0000003_pegasus-plan_ID0000016,None,compute,0,1677897349.0,,,1677897354.0,1677897591.0,1677897607.0,42612611.0,1677897644.0,1677897770.0,1677897700.0,1677897705.0,252.0,1677897770.0,1677897775.0,5.0,,290.0,126.0,5.0,16.0,377646203.0,5.0,1067.0,poseidon,condorpool,poseidon-worker-1-container-0-7,xgboost_hp_tuning,/srv/xgboost_hp_tuning,,15.2,0,0,,,,,,,,,
xgboost_hp_tuning_ID0000014_pegasus-plan_ID0000016,None,compute,0,1677897349.0,,,1677897354.0,1677897607.0,1677897623.0,42598321.2,1677897660.0,1677897770.0,1677897700.0,1677897705.0,249.0,1677897770.0,1677897775.0,5.0,,306.0,110.0,5.0,16.0,377646203.0,5.0,1052.0,poseidon,condorpool,poseidon-worker-1-container-40-47,xgboost_hp_tuning,/srv/xgboost_hp_tuning,,14.5,0,0,,,,,,,,,
xgboost_hp_tuning_ID0000002_pegasus-plan_ID0000016,None,compute,0,1677897349.0,,,1677897354.0,1677897614.0,1677897630.0,42775260.2,1677897667.0,1677897790.0,1677897725.0,1677897729.0,251.0,1677897790.0,1677897795.0,5.0,,313.0,123.0,5.0,16.0,377646203.0,4.0,1062.0,poseidon,condorpool,poseidon-worker-3-container-40-47,xgboost_hp_tuning,/srv/xgboost_hp_tuning,,14.6,0,0,,,,,,,,,
xgboost_hp_tuning_ID0000006_pegasus-plan_ID0000016,hdd_5,compute,0,1677897349.0,,,1677897354.0,1677897466.0,1677897508.0,42644319.8,1677897519.0,1677897644.0,1677897578.0,1677897582.0,250.0,1677897644.0,1677897649.0,5.0,,165.0,125.0,5.0,42.0,377646203.0,4.0,1066.0,poseidon,condorpool,poseidon-worker-1-container-32-39,xgboost_hp_tuning,/srv/xgboost_hp_tuning,,13.8,0,0,,,,,,,,,
xgboost_hp_tuning_ID0000018_pegasus-plan_ID0000012,None,compute,0,1677897349.0,,,1677897354.0,1677897317.0,1677897335.0,46507984.8,1677897370.0,1677897519.0,1677897453.0,1677897457.0,246.0,1677897519.0,1677897524.0,5.0,,16.0,149.0,5.0,18.0,502672266.0,4.0,1055.0,poseidon,condorpool,poseidon-worker-1-container-16-23,xgboost_hp_tuning,/srv/xgboost_hp_tuning,,127.2,0,0,0.1,157972477.0,40.0,3321.0,2.0,104.7,3.7,7898623.9,4.0
xgboost_hp_tuning_ID0000001_pegasus-plan_ID0000020,None,compute,0,1677897354.0,,,1677897359.0,1677898079.0,1677898111.0,69019896.1,1677898131.0,1677898499.0,1677898432.0,1677898437.0,250.0,1677898499.0,1677898504.0,5.0,,772.0,368.0,5.0,32.0,1691153157.0,5.0,1062.0,poseidon,condorpool,poseidon-worker-2-container-16-23,xgboost_hp_tuning,/srv/xgboost_hp_tuning,,1611.8,0,0,0.1,1346557111.0,40.0,3727.0,2.0,1528.8,47.0,4643300.4,4.0
xgboost_hp_tuning_ID0000009_pegasus-plan_ID0000020,None,compute,0,1677897354.0,,,1677897359.0,1677897615.0,1677897646.0,69035020.4,1677897667.0,1677898164.0,1677898100.0,1677898104.0,254.0,1677898164.0,1677898169.0,5.0,,308.0,497.0,5.0,31.0,1691153157.0,4.0,1058.0,poseidon,condorpool,poseidon-worker-3-container-24-31,xgboost_hp_tuning,/srv/xgboost_hp_tuning,,1799.9,0,0,0.0,1346562663.0,40.0,3754.0,2.0,1705.3,47.0,4343750.5,4.0
xgboost_hp_tuning_ID0000012_pegasus-plan_ID0000020,None,compute,0,1677897354.0,,,1677897359.0,1677898130.0,1677898161.0,68996306.3,1677898182.0,1677898529.0,1677898463.0,1677898467.0,249.0,1677898529.0,1677898534.0,5.0,,823.0,347.0,5.0,31.0,1691153157.0,4.0,1049.0,poseidon,condorpool,poseidon-worker-1-container-16-23,xgboost_hp_tuning,/srv/xgboost_hp_tuning,,1605.1,0,0,0.0,1346557108.0,40.0,3726.0,2.0,1532.4,53.8,4643300.4,4.0
xgboost_hp_tuning_ID0000023_pegasus-plan_ID0000020,None,compute,0,1677897354.0,,,1677897359.0,1677898130.0,1677898161.0,68944716.1,1677898182.0,1677898534.0,1677898469.0,1677898473.0,257.0,1677898534.0,1677898539.0,5.0,,823.0,352.0,5.0,31.0,1691153157.0,4.0,1091.0,poseidon,condorpool,poseidon-worker-1-container-8-15,xgboost_hp_tuning,/srv/xgboost_hp_tuning,,1686.8,0,0,0.0,1346556932.0,40.0,3726.0,2.0,1582.0,47.1,4643299.8,4.0
xgboost_hp_tuning_ID0000017_pegasus-plan_ID0000020,None,compute,0,1677897354.0,,,1677897359.0,1677897714.0,1677897778.0,29331634.8,1677897766.0,1677898184.0,1677898116.0,1677898120.0,247.0,1677898184.0,1677898189.0,5.0,,407.0,418.0,5.0,64.0,1691153157.0,4.0,1055.0,poseidon,condorpool,poseidon-worker-1-container-16-23,xgboost_hp_tuning,/srv/xgboost_hp_tuning,,1730.7,0,0,0.1,1346560894.0,40.0,3741.0,2.0,1644.9,44.1,4488536.3,4.0
xgboost_hp_tuning_ID0000002_pegasus-plan_ID0000020,hdd_5,compute,0,1677897354.0,,,1677897359.0,1677898072.0,1677898129.0,68929098.6,1677898125.0,1677898519.0,1677898453.0,1677898457.0,253.0,1677898519.0,1677898524.0,5.0,,766.0,394.0,5.0,57.0,1691153157.0,4.0,1063.0,poseidon,condorpool,poseidon-worker-2-container-40-47,xgboost_hp_tuning,/srv/xgboost_hp_tuning,,1767.9,0,0,0.0,1346564738.0,40.0,3756.0,2.0,1689.1,50.7,4343757.2,4.0
xgboost_hp_tuning_ID0000005_pegasus-plan_ID0000020,hdd_5,compute,0,1677897354.0,,,1677897359.0,1677897738.0,1677897795.0,69100489.1,1677897790.0,1677898259.0,1677898194.0,1677898198.0,256.0,1677898259.0,1677898264.0,5.0,,431.0,469.0,5.0,57.0,1691153157.0,4.0,1078.0,poseidon,condorpool,poseidon-worker-3-container-0-7,xgboost_hp_tuning,/srv/xgboost_hp_tuning,,2268.5,0,0,0.0,1346589328.0,40.0,3859.0,2.0,2132.8,72.2,3543656.1,4.0
xgboost_hp_tuning_ID0000016_pegasus-plan_ID0000020,None,compute,0,1677897354.0,,,1677897359.0,1677897738.0,1677897769.0,69124887.7,1677897791.0,1677898199.0,1677898133.0,1677898137.0,249.0,1677898199.0,1677898204.0,5.0,,432.0,408.0,5.0,31.0,1691153157.0,4.0,1055.0,poseidon,condorpool,poseidon-worker-3-container-16-23,xgboost_hp_tuning,/srv/xgboost_hp_tuning,,2012.1,0,0,0.0,1346578230.0,40.0,3814.0,2.0,1930.9,53.4,3847366.4,4.0
xgboost_hp_tuning_ID0000004_pegasus-plan_ID0000020,None,compute,0,1677897354.0,,,1677897359.0,1677897738.0,1677897769.0,69067115.3,1677897791.0,1677898189.0,1677898122.0,1677898126.0,251.0,1677898189.0,1677898194.0,5.0,,432.0,398.0,5.0,31.0,1691153157.0,4.0,1062.0,poseidon,condorpool,poseidon-worker-3-container-8-15,xgboost_hp_tuning,/srv/xgboost_hp_tuning,,1870.3,0,0,0.0,1346574225.0,40.0,3799.0,2.0,1799.2,47.1,3960512.4,4.0
xgboost_hp_tuning_ID0000018_pegasus-plan_ID0000020,None,compute,0,1677897354.0,,,1677897359.0,1677897714.0,1677897778.0,29333784.6,1677897766.0,1677898184.0,1677898116.0,1677898120.0,245.0,1677898184.0,1677898189.0,5.0,,407.0,418.0,5.0,64.0,1691153157.0,4.0,1054.0,poseidon,condorpool,poseidon-worker-1-container-0-7,xgboost_hp_tuning,/srv/xgboost_hp_tuning,,1685.6,0,0,0.1,1346568271.0,4029.0,3771.0,5.0,1638.0,47.6,4208025.8,201.4
xgboost_hp_tuning_ID0000013_pegasus-plan_ID0000020,None,compute,0,1677897354.0,,,1677897359.0,1677898078.0,1677898109.0,69129211.8,1677898130.0,1677898529.0,1677898460.0,1677898464.0,250.0,1677898529.0,1677898534.0,5.0,,771.0,399.0,5.0,31.0,1691153157.0,4.0,1055.0,poseidon,condorpool,poseidon-worker-2-container-24-31,xgboost_hp_tuning,/srv/xgboost_hp_tuning,,1932.4,0,0,0.1,1346576284.0,40.0,3801.0,2.0,1874.9,49.0,3960518.5,4.0
xgboost_hp_tuning_ID0000007_pegasus-plan_ID0000020,None,compute,0,1677897354.0,,,1677897359.0,1677897714.0,1677897778.0,29330420.4,1677897766.0,1677898189.0,1677898121.0,1677898126.0,248.0,1677898189.0,1677898194.0,5.0,,407.0,423.0,5.0,64.0,1691153157.0,5.0,1066.0,poseidon,condorpool,poseidon-worker-1-container-24-31,xgboost_hp_tuning,/srv/xgboost_hp_tuning,,1878.6,0,0,0.1,1346572379.0,40.0,3786.0,2.0,1785.6,66.8,4080522.4,4.0
xgboost_hp_tuning_ID0000019_pegasus-plan_ID0000020,None,compute,0,1677897354.0,,,1677897359.0,1677897714.0,1677897778.0,29329703.8,1677897766.0,1677898404.0,1677898339.0,1677898343.0,250.0,1677898404.0,1677898409.0,5.0,,407.0,638.0,5.0,64.0,1691153157.0,4.0,1059.0,poseidon,condorpool,poseidon-worker-1-container-40-47,xgboost_hp_tuning,/srv/xgboost_hp_tuning,,3304.9,0,0,0.1,1346656791.0,40.0,4116.0,2.0,3226.8,70.3,2448466.9,4.0
xgboost_hp_tuning_ID0000008_pegasus-plan_ID0000020,None,compute,0,1677897354.0,,,1677897359.0,1677897658.0,1677897690.0,69054616.6,1677897711.0,1677898089.0,1677898022.0,1677898026.0,247.0,1677898089.0,1677898094.0,5.0,,352.0,378.0,5.0,32.0,1691153157.0,4.0,1058.0,poseidon,condorpool,poseidon-worker-2-container-24-31,xgboost_hp_tuning,/srv/xgboost_hp_tuning,,1524.9,0,0,0.1,1346556902.0,40.0,3726.0,2.0,1417.2,60.4,4643299.7,4.0
xgboost_hp_tuning_ID0000014_pegasus-plan_ID0000020,None,compute,0,1677897354.0,,,1677897359.0,1677898053.0,1677898084.0,68931766.6,1677898105.0,1677898499.0,1677898432.0,1677898437.0,249.0,1677898499.0,1677898504.0,5.0,,746.0,394.0,5.0,31.0,1691153157.0,5.0,1054.0,poseidon,condorpool,poseidon-worker-2-container-32-39,xgboost_hp_tuning,/srv/xgboost_hp_tuning,,1978.2,0,0,0.1,1346572433.0,40.0,3786.0,2.0,1873.4,50.2,4080522.5,4.0
xgboost_hp_tuning_ID0000021_pegasus-plan_ID0000020,None,compute,0,1677897354.0,,,1677897359.0,1677897658.0,1677897690.0,69224821.3,1677897711.0,1677898104.0,1677898039.0,1677898043.0,250.0,1677898104.0,1677898109.0,5.0,,352.0,393.0,5.0,32.0,1691153157.0,4.0,1061.0,poseidon,condorpool,poseidon-worker-2-container-32-39,xgboost_hp_tuning,/srv/xgboost_hp_tuning,,1892.4,0,0,0.1,1346576003.0,40.0,3801.0,2.0,1822.8,68.7,3960517.7,4.0
xgboost_hp_tuning_ID0000010_pegasus-plan_ID0000020,hdd_5,compute,0,1677897354.0,,,1677897359.0,1677897658.0,1677897707.0,68900054.8,1677897711.0,1677898499.0,1677898432.0,1677898437.0,248.0,1677898499.0,1677898504.0,5.0,,352.0,788.0,5.0,49.0,1691153157.0,5.0,1053.0,poseidon,condorpool,poseidon-worker-2-container-0-7,xgboost_hp_tuning,/srv/xgboost_hp_tuning,,2059.5,0,0,0.0,1346583579.0,40.0,3831.0,2.0,1939.7,61.9,3740509.9,4.0
xgboost_hp_tuning_ID0000022_pegasus-plan_ID0000020,hdd_5,compute,0,1677897354.0,,,1677897359.0,1677897658.0,1677897715.0,68898954.2,1677897711.0,1677898124.0,1677898059.0,1677898063.0,252.0,1677898124.0,1677898129.0,5.0,,352.0,413.0,5.0,57.0,1691153157.0,4.0,1063.0,poseidon,condorpool,poseidon-worker-2-container-40-47,xgboost_hp_tuning,/srv/xgboost_hp_tuning,,1881.5,0,0,0.1,1346572241.0,40.0,3786.0,2.0,1795.2,58.5,4080521.9,4.0
xgboost_hp_tuning_ID0000011_pegasus-plan_ID0000020,None,compute,0,1677897354.0,,,1677897359.0,1677897658.0,1677897689.0,69377249.3,1677897710.0,1677898134.0,1677898066.0,1677898070.0,248.0,1677898134.0,1677898139.0,5.0,,351.0,424.0,5.0,31.0,1691153157.0,4.0,1050.0,poseidon,condorpool,poseidon-worker-2-container-16-23,xgboost_hp_tuning,/srv/xgboost_hp_tuning,,2086.8,0,0,0.1,1346583873.0,40.0,3831.0,2.0,1979.2,63.1,3740510.8,4.0
xgboost_hp_tuning_ID0000015_pegasus-plan_ID0000020,hdd_5,compute,0,1677897354.0,,,1677897359.0,1677897738.0,1677897795.0,69151234.7,1677897791.0,1677898239.0,1677898170.0,1677898174.0,252.0,1677898239.0,1677898244.0,5.0,,432.0,448.0,5.0,57.0,1691153157.0,4.0,1054.0,poseidon,condorpool,poseidon-worker-3-container-32-39,xgboost_hp_tuning,/srv/xgboost_hp_tuning,,2041.9,0,0,0.0,1346582069.0,40.0,3829.0,2.0,1943.7,59.4,3740505.7,4.0
xgboost_hp_tuning_ID0000003_pegasus-plan_ID0000020,None,compute,0,1677897354.0,,,1677897359.0,1677897738.0,1677897769.0,69101299.1,1677897791.0,1677898189.0,1677898122.0,1677898126.0,249.0,1677898189.0,1677898194.0,5.0,,432.0,398.0,5.0,31.0,1691153157.0,4.0,1067.0,poseidon,condorpool,poseidon-worker-3-container-40-47,xgboost_hp_tuning,/srv/xgboost_hp_tuning,,1925.4,0,0,0.0,1346574402.0,40.0,3799.0,2.0,1844.3,60.7,3960512.9,4.0
xgboost_hp_tuning_ID0000006_pegasus-plan_ID0000020,None,compute,0,1677897354.0,,,1677897359.0,1677897714.0,1677897778.0,29359508.4,1677897766.0,1677898184.0,1677898116.0,1677898120.0,249.0,1677898184.0,1677898189.0,5.0,,407.0,418.0,5.0,64.0,1691153157.0,4.0,1068.0,poseidon,condorpool,poseidon-worker-1-container-8-15,xgboost_hp_tuning,/srv/xgboost_hp_tuning,,1802.8,0,0,0.0,1346564612.0,40.0,3756.0,2.0,1685.5,52.4,4343756.8,4.0
xgboost_hp_tuning_ID0000020_pegasus-plan_ID0000020,None,compute,0,1677897354.0,,,1677897359.0,1677897658.0,1677897690.0,68994982.3,1677897711.0,1677898499.0,1677898432.0,1677898437.0,251.0,1677898499.0,1677898504.0,5.0,,352.0,788.0,5.0,32.0,1691153157.0,5.0,1063.0,poseidon,condorpool,poseidon-worker-2-container-8-15,xgboost_hp_tuning,/srv/xgboost_hp_tuning,,2391.5,0,0,0.1,1346602630.0,40.0,3906.0,2.0,2297.7,59.0,3284396.7,4.0
stage_out_local_condorpool_0_0_pegasus-plan_ID0000012,None,transfer,0,1677897674.0,,,1677897679.0,,,0.0,1677897679.0,1677897689.0,1677897679.0,1677897683.0,2098.0,1677897689.0,1677897694.0,5.0,,0.0,10.0,5.0,,,4.0,8462.0,poseidon,local,host-10-100-100-12.openstacklocal,pegasus::transfer,/home/poseidon/pegasus-5.1.0panorama/bin/pegasus-transfer,/home/poseidon/pegasus-5.1.0panorama/bin/../bin/pegasus-kickstart  -n pegasus::transfer -N null -i - -R local  -L xgboost_hp_tuning_group_0 -T 2023-03-04T02:34:54+00:00 /home/poseidon/pegasus-5.1.0panorama/bin/../bin/pegasus-transfer  --threads 2,1.0,0,0,,,,,,,,,
stage_out_local_condorpool_0_1_pegasus-plan_ID0000012,None,transfer,0,1677897674.0,,,1677897679.0,,,0.0,1677897679.0,1677897689.0,1677897679.0,1677897683.0,2110.0,1677897689.0,1677897694.0,5.0,,0.0,10.0,5.0,,,4.0,8504.0,poseidon,local,host-10-100-100-12.openstacklocal,pegasus::transfer,/home/poseidon/pegasus-5.1.0panorama/bin/pegasus-transfer,/home/poseidon/pegasus-5.1.0panorama/bin/../bin/pegasus-kickstart  -n pegasus::transfer -N null -i - -R local  -L xgboost_hp_tuning_group_0 -T 2023-03-04T02:34:54+00:00 /home/poseidon/pegasus-5.1.0panorama/bin/../bin/pegasus-transfer  --threads 2,1.1,0,0,,,,,,,,,
register_condorpool_0_0_pegasus-plan_ID0000012,None,auxiliary,0,1677897694.0,,,1677897709.0,,,0.0,1677897709.0,1677897714.0,,,0.0,1677897714.0,1677897719.0,15.0,,0.0,5.0,5.0,,,,,poseidon,local,host-10-100-100-12.openstacklocal,pegasus::rc-client,/home/poseidon/pegasus-5.1.0panorama/bin/pegasus-rc-client,"-n pegasus::rc-client -N null -R local  -L xgboost_hp_tuning_group_0 -T 2023-03-04T02:34:54+00:00 /home/poseidon/pegasus-5.1.0panorama/bin/pegasus-rc-client --prefix pegasus.catalog.replica.output --conf /home/poseidon/workflows/predict-future-sales-workflow/submit/poseidon/pegasus/predict-future-sales/run0408/00/00/./xgboost_hp_tuning_group_0.000/pegasus.4031076182219336492.properties -v --meta /home/poseidon/workflows/predict-future-sales-workflow/submit/poseidon/pegasus/predict-future-sales/run0408/00/00/./xgboost_hp_tuning_group_0.000/00/00/xgboost_hp_tuning_ID0000018.meta,/home/poseidon/workflows/predict-future-sales-workflow/submit/poseidon/pegasus/predict-future-sales/run0408/00/00/./xgboost_hp_tuning_group_0.000/00/00/xgboost_hp_tuning_ID0000002.meta,/home/poseidon/workflows/predict-future-sales-workflow/submit/poseidon/pegasus/predict-future-sales/run0408/00/00/./xgboost_hp_tuning_group_0.000/00/00/xgboost_hp_tuning_ID0000005.meta,/home/poseidon/workflows/predict-future-sales-workflow/submit/poseidon/pegasus/predict-future-sales/run0408/00/00/./xgboost_hp_tuning_group_0.000/00/00/xgboost_hp_tuning_ID0000009.meta,/home/poseidon/workflows/predict-future-sales-workflow/submit/poseidon/pegasus/predict-future-sales/run0408/00/00/./xgboost_hp_tuning_group_0.000/00/00/xgboost_hp_tuning_ID0000015.meta,/home/poseidon/workflows/predict-future-sales-workflow/submit/poseidon/pegasus/predict-future-sales/run0408/00/00/./xgboost_hp_tuning_group_0.000/00/00/xgboost_hp_tuning_ID0000012.meta,/home/poseidon/workflows/predict-future-sales-workflow/submit/poseidon/pegasus/predict-future-sales/run0408/00/00/./xgboost_hp_tuning_group_0.000/00/00/xgboost_hp_tuning_ID0000010.meta,/home/poseidon/workflows/predict-future-sales-workflow/submit/poseidon/pegasus/predict-future-sales/run0408/00/00/./xgboost_hp_tuning_group_0.000/00/00/xgboost_hp_tuning_ID0000008.meta --insert /home/poseidon/workflows/predict-future-sales-workflow/submit/poseidon/pegasus/predict-future-sales/run0408/00/00/./xgboost_hp_tuning_group_0.000/00/00/register_condorpool_0_0.in",3.0,0,0,,,,,,,,,
register_condorpool_0_1_pegasus-plan_ID0000012,None,auxiliary,0,1677897694.0,,,1677897699.0,,,0.0,1677897699.0,1677897704.0,,,0.0,1677897704.0,1677897709.0,5.0,,0.0,5.0,5.0,,,,,poseidon,local,host-10-100-100-12.openstacklocal,pegasus::rc-client,/home/poseidon/pegasus-5.1.0panorama/bin/pegasus-rc-client,"-n pegasus::rc-client -N null -R local  -L xgboost_hp_tuning_group_0 -T 2023-03-04T02:34:54+00:00 /home/poseidon/pegasus-5.1.0panorama/bin/pegasus-rc-client --prefix pegasus.catalog.replica.output --conf /home/poseidon/workflows/predict-future-sales-workflow/submit/poseidon/pegasus/predict-future-sales/run0408/00/00/./xgboost_hp_tuning_group_0.000/pegasus.4031076182219336492.properties -v --meta /home/poseidon/workflows/predict-future-sales-workflow/submit/poseidon/pegasus/predict-future-sales/run0408/00/00/./xgboost_hp_tuning_group_0.000/00/00/xgboost_hp_tuning_ID0000013.meta,/home/poseidon/workflows/predict-future-sales-workflow/submit/poseidon/pegasus/predict-future-sales/run0408/00/00/./xgboost_hp_tuning_group_0.000/00/00/xgboost_hp_tuning_ID0000023.meta,/home/poseidon/workflows/predict-future-sales-workflow/submit/poseidon/pegasus/predict-future-sales/run0408/00/00/./xgboost_hp_tuning_group_0.000/00/00/xgboost_hp_tuning_ID0000011.meta,/home/poseidon/workflows/predict-future-sales-workflow/submit/poseidon/pegasus/predict-future-sales/run0408/00/00/./xgboost_hp_tuning_group_0.000/00/00/xgboost_hp_tuning_ID0000006.meta,/home/poseidon/workflows/predict-future-sales-workflow/submit/poseidon/pegasus/predict-future-sales/run0408/00/00/./xgboost_hp_tuning_group_0.000/00/00/xgboost_hp_tuning_ID0000003.meta,/home/poseidon/workflows/predict-future-sales-workflow/submit/poseidon/pegasus/predict-future-sales/run0408/00/00/./xgboost_hp_tuning_group_0.000/00/00/xgboost_hp_tuning_ID0000021.meta,/home/poseidon/workflows/predict-future-sales-workflow/submit/poseidon/pegasus/predict-future-sales/run0408/00/00/./xgboost_hp_tuning_group_0.000/00/00/xgboost_hp_tuning_ID0000019.meta,/home/poseidon/workflows/predict-future-sales-workflow/submit/poseidon/pegasus/predict-future-sales/run0408/00/00/./xgboost_hp_tuning_group_0.000/00/00/xgboost_hp_tuning_ID0000016.meta --insert /home/poseidon/workflows/predict-future-sales-workflow/submit/poseidon/pegasus/predict-future-sales/run0408/00/00/./xgboost_hp_tuning_group_0.000/00/00/register_condorpool_0_1.in",3.0,0,0,,,,,,,,,
xgboost_best_params_ID0000024_pegasus-plan_ID0000012,hdd_5,compute,0,1677897714.0,,,1677897719.0,1677897714.0,1677897764.0,8550112.4,1677897766.0,1677897889.0,1677897822.0,1677897826.0,252.0,1677897889.0,1677897894.0,5.0,,47.0,123.0,5.0,50.0,368018661.0,4.0,1077.0,poseidon,condorpool,poseidon-worker-1-container-32-39,xgboost_best_params,/srv/xgboost_best_params,,0.0,0,0,,,,,,,,,
stage_out_local_condorpool_0_2_pegasus-plan_ID0000012,None,transfer,0,1677897714.0,,,1677897719.0,,,0.0,1677897719.0,1677897729.0,1677897719.0,1677897723.0,1841.0,1677897729.0,1677897734.0,5.0,,0.0,10.0,5.0,,,4.0,7426.0,poseidon,local,host-10-100-100-12.openstacklocal,pegasus::transfer,/home/poseidon/pegasus-5.1.0panorama/bin/pegasus-transfer,/home/poseidon/pegasus-5.1.0panorama/bin/../bin/pegasus-kickstart  -n pegasus::transfer -N null -i - -R local  -L xgboost_hp_tuning_group_0 -T 2023-03-04T02:34:54+00:00 /home/poseidon/pegasus-5.1.0panorama/bin/../bin/pegasus-transfer  --threads 2,0.9,0,0,,,,,,,,,
register_condorpool_0_2_pegasus-plan_ID0000012,None,auxiliary,0,1677897734.0,,,1677897739.0,,,0.0,1677897739.0,1677897744.0,,,0.0,1677897744.0,1677897749.0,5.0,,0.0,5.0,5.0,,,,,poseidon,local,host-10-100-100-12.openstacklocal,pegasus::rc-client,/home/poseidon/pegasus-5.1.0panorama/bin/pegasus-rc-client,"-n pegasus::rc-client -N null -R local  -L xgboost_hp_tuning_group_0 -T 2023-03-04T02:34:54+00:00 /home/poseidon/pegasus-5.1.0panorama/bin/pegasus-rc-client --prefix pegasus.catalog.replica.output --conf /home/poseidon/workflows/predict-future-sales-workflow/submit/poseidon/pegasus/predict-future-sales/run0408/00/00/./xgboost_hp_tuning_group_0.000/pegasus.4031076182219336492.properties -v --meta /home/poseidon/workflows/predict-future-sales-workflow/submit/poseidon/pegasus/predict-future-sales/run0408/00/00/./xgboost_hp_tuning_group_0.000/00/00/xgboost_hp_tuning_ID0000017.meta,/home/poseidon/workflows/predict-future-sales-workflow/submit/poseidon/pegasus/predict-future-sales/run0408/00/00/./xgboost_hp_tuning_group_0.000/00/00/xgboost_hp_tuning_ID0000022.meta,/home/poseidon/workflows/predict-future-sales-workflow/submit/poseidon/pegasus/predict-future-sales/run0408/00/00/./xgboost_hp_tuning_group_0.000/00/00/xgboost_hp_tuning_ID0000007.meta,/home/poseidon/workflows/predict-future-sales-workflow/submit/poseidon/pegasus/predict-future-sales/run0408/00/00/./xgboost_hp_tuning_group_0.000/00/00/xgboost_hp_tuning_ID0000020.meta,/home/poseidon/workflows/predict-future-sales-workflow/submit/poseidon/pegasus/predict-future-sales/run0408/00/00/./xgboost_hp_tuning_group_0.000/00/00/xgboost_hp_tuning_ID0000001.meta,/home/poseidon/workflows/predict-future-sales-workflow/submit/poseidon/pegasus/predict-future-sales/run0408/00/00/./xgboost_hp_tuning_group_0.000/00/00/xgboost_hp_tuning_ID0000004.meta,/home/poseidon/workflows/predict-future-sales-workflow/submit/poseidon/pegasus/predict-future-sales/run0408/00/00/./xgboost_hp_tuning_group_0.000/00/00/xgboost_hp_tuning_ID0000014.meta --insert /home/poseidon/workflows/predict-future-sales-workflow/submit/poseidon/pegasus/predict-future-sales/run0408/00/00/./xgboost_hp_tuning_group_0.000/00/00/register_condorpool_0_2.in",3.1,0,0,,,,,,,,,
stage_out_local_condorpool_0_2_pegasus-plan_ID0000016,None,transfer,0,1677897795.0,,,1677897800.0,,,0.0,1677897801.0,1677897811.0,1677897801.0,1677897805.0,1838.0,1677897811.0,1677897816.0,5.0,,1.0,10.0,5.0,,,4.0,7415.0,poseidon,local,host-10-100-100-12.openstacklocal,pegasus::transfer,/home/poseidon/pegasus-5.1.0panorama/bin/pegasus-transfer,/home/poseidon/pegasus-5.1.0panorama/bin/../bin/pegasus-kickstart  -n pegasus::transfer -N null -i - -R local  -L xgboost_hp_tuning_group_1 -T 2023-03-04T02:34:54+00:00 /home/poseidon/pegasus-5.1.0panorama/bin/../bin/pegasus-transfer  --threads 2,1.0,0,0,,,,,,,,,
stage_out_local_condorpool_0_0_pegasus-plan_ID0000016,None,transfer,0,1677897795.0,,,1677897801.0,,,0.0,1677897801.0,1677897811.0,1677897801.0,1677897805.0,2096.0,1677897811.0,1677897816.0,6.0,,0.0,10.0,5.0,,,4.0,8461.0,poseidon,local,host-10-100-100-12.openstacklocal,pegasus::transfer,/home/poseidon/pegasus-5.1.0panorama/bin/pegasus-transfer,/home/poseidon/pegasus-5.1.0panorama/bin/../bin/pegasus-kickstart  -n pegasus::transfer -N null -i - -R local  -L xgboost_hp_tuning_group_1 -T 2023-03-04T02:34:54+00:00 /home/poseidon/pegasus-5.1.0panorama/bin/../bin/pegasus-transfer  --threads 2,1.1,0,0,,,,,,,,,
xgboost_best_params_ID0000024_pegasus-plan_ID0000016,hdd_5,compute,0,1677897795.0,,,1677897801.0,1677897835.0,1677897884.0,33275429.6,1677897887.0,1677898017.0,1677897950.0,1677897954.0,248.0,1677898017.0,1677898022.0,6.0,,86.0,130.0,5.0,49.0,368018644.0,4.0,1052.0,poseidon,condorpool,poseidon-worker-1-container-32-39,xgboost_best_params,/srv/xgboost_best_params,,0.1,0,0,,,,,,,,,
stage_out_local_condorpool_0_1_pegasus-plan_ID0000016,None,transfer,0,1677897795.0,,,1677897801.0,,,0.0,1677897801.0,1677897811.0,1677897801.0,1677897805.0,2107.0,1677897811.0,1677897816.0,6.0,,0.0,10.0,5.0,,,4.0,8499.0,poseidon,local,host-10-100-100-12.openstacklocal,pegasus::transfer,/home/poseidon/pegasus-5.1.0panorama/bin/pegasus-transfer,/home/poseidon/pegasus-5.1.0panorama/bin/../bin/pegasus-kickstart  -n pegasus::transfer -N null -i - -R local  -L xgboost_hp_tuning_group_1 -T 2023-03-04T02:34:54+00:00 /home/poseidon/pegasus-5.1.0panorama/bin/../bin/pegasus-transfer  --threads 2,1.0,0,0,,,,,,,,,
register_condorpool_0_1_pegasus-plan_ID0000016,None,auxiliary,0,1677897816.0,,,1677897831.0,,,0.0,1677897831.0,1677897836.0,,,0.0,1677897836.0,1677897841.0,15.0,,0.0,5.0,5.0,,,,,poseidon,local,host-10-100-100-12.openstacklocal,pegasus::rc-client,/home/poseidon/pegasus-5.1.0panorama/bin/pegasus-rc-client,"-n pegasus::rc-client -N null -R local  -L xgboost_hp_tuning_group_1 -T 2023-03-04T02:34:54+00:00 /home/poseidon/pegasus-5.1.0panorama/bin/pegasus-rc-client --prefix pegasus.catalog.replica.output --conf /home/poseidon/workflows/predict-future-sales-workflow/submit/poseidon/pegasus/predict-future-sales/run0408/00/00/./xgboost_hp_tuning_group_1.000/pegasus.1843849386753358464.properties -v --meta /home/poseidon/workflows/predict-future-sales-workflow/submit/poseidon/pegasus/predict-future-sales/run0408/00/00/./xgboost_hp_tuning_group_1.000/00/00/xgboost_hp_tuning_ID0000019.meta,/home/poseidon/workflows/predict-future-sales-workflow/submit/poseidon/pegasus/predict-future-sales/run0408/00/00/./xgboost_hp_tuning_group_1.000/00/00/xgboost_hp_tuning_ID0000003.meta,/home/poseidon/workflows/predict-future-sales-workflow/submit/poseidon/pegasus/predict-future-sales/run0408/00/00/./xgboost_hp_tuning_group_1.000/00/00/xgboost_hp_tuning_ID0000006.meta,/home/poseidon/workflows/predict-future-sales-workflow/submit/poseidon/pegasus/predict-future-sales/run0408/00/00/./xgboost_hp_tuning_group_1.000/00/00/xgboost_hp_tuning_ID0000016.meta,/home/poseidon/workflows/predict-future-sales-workflow/submit/poseidon/pegasus/predict-future-sales/run0408/00/00/./xgboost_hp_tuning_group_1.000/00/00/xgboost_hp_tuning_ID0000013.meta,/home/poseidon/workflows/predict-future-sales-workflow/submit/poseidon/pegasus/predict-future-sales/run0408/00/00/./xgboost_hp_tuning_group_1.000/00/00/xgboost_hp_tuning_ID0000023.meta,/home/poseidon/workflows/predict-future-sales-workflow/submit/poseidon/pegasus/predict-future-sales/run0408/00/00/./xgboost_hp_tuning_group_1.000/00/00/xgboost_hp_tuning_ID0000011.meta,/home/poseidon/workflows/predict-future-sales-workflow/submit/poseidon/pegasus/predict-future-sales/run0408/00/00/./xgboost_hp_tuning_group_1.000/00/00/xgboost_hp_tuning_ID0000021.meta --insert /home/poseidon/workflows/predict-future-sales-workflow/submit/poseidon/pegasus/predict-future-sales/run0408/00/00/./xgboost_hp_tuning_group_1.000/00/00/register_condorpool_0_1.in",3.1,0,0,,,,,,,,,
register_condorpool_0_0_pegasus-plan_ID0000016,None,auxiliary,0,1677897816.0,,,1677897821.0,,,0.0,1677897821.0,1677897826.0,,,0.0,1677897826.0,1677897831.0,5.0,,0.0,5.0,5.0,,,,,poseidon,local,host-10-100-100-12.openstacklocal,pegasus::rc-client,/home/poseidon/pegasus-5.1.0panorama/bin/pegasus-rc-client,"-n pegasus::rc-client -N null -R local  -L xgboost_hp_tuning_group_1 -T 2023-03-04T02:34:54+00:00 /home/poseidon/pegasus-5.1.0panorama/bin/pegasus-rc-client --prefix pegasus.catalog.replica.output --conf /home/poseidon/workflows/predict-future-sales-workflow/submit/poseidon/pegasus/predict-future-sales/run0408/00/00/./xgboost_hp_tuning_group_1.000/pegasus.1843849386753358464.properties -v --meta /home/poseidon/workflows/predict-future-sales-workflow/submit/poseidon/pegasus/predict-future-sales/run0408/00/00/./xgboost_hp_tuning_group_1.000/00/00/xgboost_hp_tuning_ID0000018.meta,/home/poseidon/workflows/predict-future-sales-workflow/submit/poseidon/pegasus/predict-future-sales/run0408/00/00/./xgboost_hp_tuning_group_1.000/00/00/xgboost_hp_tuning_ID0000009.meta,/home/poseidon/workflows/predict-future-sales-workflow/submit/poseidon/pegasus/predict-future-sales/run0408/00/00/./xgboost_hp_tuning_group_1.000/00/00/xgboost_hp_tuning_ID0000012.meta,/home/poseidon/workflows/predict-future-sales-workflow/submit/poseidon/pegasus/predict-future-sales/run0408/00/00/./xgboost_hp_tuning_group_1.000/00/00/xgboost_hp_tuning_ID0000008.meta,/home/poseidon/workflows/predict-future-sales-workflow/submit/poseidon/pegasus/predict-future-sales/run0408/00/00/./xgboost_hp_tuning_group_1.000/00/00/xgboost_hp_tuning_ID0000010.meta,/home/poseidon/workflows/predict-future-sales-workflow/submit/poseidon/pegasus/predict-future-sales/run0408/00/00/./xgboost_hp_tuning_group_1.000/00/00/xgboost_hp_tuning_ID0000002.meta,/home/poseidon/workflows/predict-future-sales-workflow/submit/poseidon/pegasus/predict-future-sales/run0408/00/00/./xgboost_hp_tuning_group_1.000/00/00/xgboost_hp_tuning_ID0000005.meta,/home/poseidon/workflows/predict-future-sales-workflow/submit/poseidon/pegasus/predict-future-sales/run0408/00/00/./xgboost_hp_tuning_group_1.000/00/00/xgboost_hp_tuning_ID0000015.meta --insert /home/poseidon/workflows/predict-future-sales-workflow/submit/poseidon/pegasus/predict-future-sales/run0408/00/00/./xgboost_hp_tuning_group_1.000/00/00/register_condorpool_0_0.in",3.2,0,0,,,,,,,,,
register_condorpool_0_2_pegasus-plan_ID0000016,None,auxiliary,0,1677897816.0,,,1677897841.0,,,0.0,1677897841.0,1677897846.0,,,0.0,1677897846.0,1677897851.0,25.0,,0.0,5.0,5.0,,,,,poseidon,local,host-10-100-100-12.openstacklocal,pegasus::rc-client,/home/poseidon/pegasus-5.1.0panorama/bin/pegasus-rc-client,"-n pegasus::rc-client -N null -R local  -L xgboost_hp_tuning_group_1 -T 2023-03-04T02:34:54+00:00 /home/poseidon/pegasus-5.1.0panorama/bin/pegasus-rc-client --prefix pegasus.catalog.replica.output --conf /home/poseidon/workflows/predict-future-sales-workflow/submit/poseidon/pegasus/predict-future-sales/run0408/00/00/./xgboost_hp_tuning_group_1.000/pegasus.1843849386753358464.properties -v --meta /home/poseidon/workflows/predict-future-sales-workflow/submit/poseidon/pegasus/predict-future-sales/run0408/00/00/./xgboost_hp_tuning_group_1.000/00/00/xgboost_hp_tuning_ID0000014.meta,/home/poseidon/workflows/predict-future-sales-workflow/submit/poseidon/pegasus/predict-future-sales/run0408/00/00/./xgboost_hp_tuning_group_1.000/00/00/xgboost_hp_tuning_ID0000001.meta,/home/poseidon/workflows/predict-future-sales-workflow/submit/poseidon/pegasus/predict-future-sales/run0408/00/00/./xgboost_hp_tuning_group_1.000/00/00/xgboost_hp_tuning_ID0000007.meta,/home/poseidon/workflows/predict-future-sales-workflow/submit/poseidon/pegasus/predict-future-sales/run0408/00/00/./xgboost_hp_tuning_group_1.000/00/00/xgboost_hp_tuning_ID0000004.meta,/home/poseidon/workflows/predict-future-sales-workflow/submit/poseidon/pegasus/predict-future-sales/run0408/00/00/./xgboost_hp_tuning_group_1.000/00/00/xgboost_hp_tuning_ID0000022.meta,/home/poseidon/workflows/predict-future-sales-workflow/submit/poseidon/pegasus/predict-future-sales/run0408/00/00/./xgboost_hp_tuning_group_1.000/00/00/xgboost_hp_tuning_ID0000020.meta,/home/poseidon/workflows/predict-future-sales-workflow/submit/poseidon/pegasus/predict-future-sales/run0408/00/00/./xgboost_hp_tuning_group_1.000/00/00/xgboost_hp_tuning_ID0000017.meta --insert /home/poseidon/workflows/predict-future-sales-workflow/submit/poseidon/pegasus/predict-future-sales/run0408/00/00/./xgboost_hp_tuning_group_1.000/00/00/register_condorpool_0_2.in",3.0,0,0,,,,,,,,,
stage_out_local_condorpool_1_0_pegasus-plan_ID0000012,None,transfer,0,1677897894.0,,,1677897899.0,,,0.0,1677897899.0,1677897909.0,1677897899.0,1677897903.0,1262.0,1677897909.0,1677897914.0,5.0,,0.0,10.0,5.0,,,4.0,5385.0,poseidon,local,host-10-100-100-12.openstacklocal,pegasus::transfer,/home/poseidon/pegasus-5.1.0panorama/bin/pegasus-transfer,/home/poseidon/pegasus-5.1.0panorama/bin/../bin/pegasus-kickstart  -n pegasus::transfer -N null -i - -R local  -L xgboost_hp_tuning_group_0 -T 2023-03-04T02:34:54+00:00 /home/poseidon/pegasus-5.1.0panorama/bin/../bin/pegasus-transfer  --threads 2,0.7,0,0,,,,,,,,,
register_condorpool_1_0_pegasus-plan_ID0000012,None,auxiliary,0,1677897914.0,,,1677897919.0,,,0.0,1677897919.0,1677897924.0,,,0.0,1677897924.0,1677897929.0,5.0,,0.0,5.0,5.0,,,,,poseidon,local,host-10-100-100-12.openstacklocal,pegasus::rc-client,/home/poseidon/pegasus-5.1.0panorama/bin/pegasus-rc-client,-n pegasus::rc-client -N null -R local  -L xgboost_hp_tuning_group_0 -T 2023-03-04T02:34:54+00:00 /home/poseidon/pegasus-5.1.0panorama/bin/pegasus-rc-client --prefix pegasus.catalog.replica.output --conf /home/poseidon/workflows/predict-future-sales-workflow/submit/poseidon/pegasus/predict-future-sales/run0408/00/00/./xgboost_hp_tuning_group_0.000/pegasus.4031076182219336492.properties -v --meta /home/poseidon/workflows/predict-future-sales-workflow/submit/poseidon/pegasus/predict-future-sales/run0408/00/00/./xgboost_hp_tuning_group_0.000/00/00/xgboost_best_params_ID0000024.meta --insert /home/poseidon/workflows/predict-future-sales-workflow/submit/poseidon/pegasus/predict-future-sales/run0408/00/00/./xgboost_hp_tuning_group_0.000/00/00/register_condorpool_1_0.in,3.0,0,0,,,,,,,,,
xgboost_model_ID0000013,hdd_5,compute,0,1677897932.0,,,1677897937.0,1677897964.0,1677898014.0,46451365.4,1677898016.0,1677898183.0,1677898116.0,1677898121.0,421776.0,1677898183.0,1677898188.0,5.0,,79.0,167.0,5.0,50.0,502671207.0,5.0,1931376.0,poseidon,condorpool,poseidon-worker-1-container-32-39,xgboost_model,/srv/xgboost_model,,35.3,0,0,,,,,,,,,
stage_out_local_condorpool_1_0_pegasus-plan_ID0000016,None,transfer,0,1677898022.0,,,1677898027.0,,,0.0,1677898027.0,1677898037.0,1677898027.0,1677898031.0,1233.0,1677898037.0,1677898042.0,5.0,,0.0,10.0,5.0,,,4.0,5260.0,poseidon,local,host-10-100-100-12.openstacklocal,pegasus::transfer,/home/poseidon/pegasus-5.1.0panorama/bin/pegasus-transfer,/home/poseidon/pegasus-5.1.0panorama/bin/../bin/pegasus-kickstart  -n pegasus::transfer -N null -i - -R local  -L xgboost_hp_tuning_group_1 -T 2023-03-04T02:34:54+00:00 /home/poseidon/pegasus-5.1.0panorama/bin/../bin/pegasus-transfer  --threads 2,0.7,0,0,,,,,,,,,
register_condorpool_1_0_pegasus-plan_ID0000016,None,auxiliary,0,1677898042.0,,,1677898047.0,,,0.0,1677898047.0,1677898052.0,,,0.0,1677898052.0,1677898057.0,5.0,,0.0,5.0,5.0,,,,,poseidon,local,host-10-100-100-12.openstacklocal,pegasus::rc-client,/home/poseidon/pegasus-5.1.0panorama/bin/pegasus-rc-client,-n pegasus::rc-client -N null -R local  -L xgboost_hp_tuning_group_1 -T 2023-03-04T02:34:54+00:00 /home/poseidon/pegasus-5.1.0panorama/bin/pegasus-rc-client --prefix pegasus.catalog.replica.output --conf /home/poseidon/workflows/predict-future-sales-workflow/submit/poseidon/pegasus/predict-future-sales/run0408/00/00/./xgboost_hp_tuning_group_1.000/pegasus.1843849386753358464.properties -v --meta /home/poseidon/workflows/predict-future-sales-workflow/submit/poseidon/pegasus/predict-future-sales/run0408/00/00/./xgboost_hp_tuning_group_1.000/00/00/xgboost_best_params_ID0000024.meta --insert /home/poseidon/workflows/predict-future-sales-workflow/submit/poseidon/pegasus/predict-future-sales/run0408/00/00/./xgboost_hp_tuning_group_1.000/00/00/register_condorpool_1_0.in,2.9,0,0,,,,,,,,,
xgboost_model_ID0000017,None,compute,0,1677898057.0,,,1677898062.0,1677898035.0,1677898054.0,42402498.0,1677898088.0,1677898133.0,1677898064.0,1677898068.0,37601.0,1677898133.0,1677898138.0,5.0,,26.0,45.0,5.0,19.0,377645119.0,4.0,164484.0,poseidon,condorpool,poseidon-worker-2-container-24-31,xgboost_model,/srv/xgboost_model,,8.9,0,0,,,,,,,,,
model_predict_ID0000018,None,compute,0,1677898138.0,,,1677898143.0,1677898113.0,1677898131.0,41717047.5,1677898166.0,1677898208.0,1677898139.0,1677898143.0,5956.0,1677898208.0,1677898213.0,5.0,,23.0,42.0,5.0,18.0,368266495.0,4.0,25035.0,poseidon,condorpool,poseidon-worker-3-container-24-31,model_predict,/srv/model_predict,,2.8,0,0,,,,,,,,,
model_predict_ID0000014,hdd_5,compute,0,1677898188.0,,,1677898193.0,1677898142.0,1677898186.0,42067196.0,1677898195.0,1677898333.0,1677898265.0,1677898269.0,102750.0,1677898333.0,1677898338.0,5.0,,2.0,138.0,5.0,44.0,372118957.0,4.0,451213.0,poseidon,condorpool,poseidon-worker-1-container-32-39,model_predict,/srv/model_predict,,3.0,0,0,,,,,,,,,
stage_out_local_condorpool_0_2_pegasus-plan_ID0000020,None,transfer,0,1677898504.0,,,1677898509.0,,,0.0,1677898509.0,1677898519.0,1677898510.0,1677898514.0,1841.0,1677898519.0,1677898524.0,5.0,,0.0,10.0,5.0,,,4.0,7425.0,poseidon,local,host-10-100-100-12.openstacklocal,pegasus::transfer,/home/poseidon/pegasus-5.1.0panorama/bin/pegasus-transfer,/home/poseidon/pegasus-5.1.0panorama/bin/../bin/pegasus-kickstart  -n pegasus::transfer -N null -i - -R local  -L xgboost_hp_tuning_group_2 -T 2023-03-04T02:34:54+00:00 /home/poseidon/pegasus-5.1.0panorama/bin/../bin/pegasus-transfer  --threads 2,0.9,0,0,,,,,,,,,
register_condorpool_0_2_pegasus-plan_ID0000020,None,auxiliary,0,1677898524.0,,,1677898529.0,,,0.0,1677898529.0,1677898534.0,,,0.0,1677898534.0,1677898539.0,5.0,,0.0,5.0,5.0,,,,,poseidon,local,host-10-100-100-12.openstacklocal,pegasus::rc-client,/home/poseidon/pegasus-5.1.0panorama/bin/pegasus-rc-client,"-n pegasus::rc-client -N null -R local  -L xgboost_hp_tuning_group_2 -T 2023-03-04T02:34:54+00:00 /home/poseidon/pegasus-5.1.0panorama/bin/pegasus-rc-client --prefix pegasus.catalog.replica.output --conf /home/poseidon/workflows/predict-future-sales-workflow/submit/poseidon/pegasus/predict-future-sales/run0408/00/00/./xgboost_hp_tuning_group_2.000/pegasus.5902585856091098366.properties -v --meta /home/poseidon/workflows/predict-future-sales-workflow/submit/poseidon/pegasus/predict-future-sales/run0408/00/00/./xgboost_hp_tuning_group_2.000/00/00/xgboost_hp_tuning_ID0000014.meta,/home/poseidon/workflows/predict-future-sales-workflow/submit/poseidon/pegasus/predict-future-sales/run0408/00/00/./xgboost_hp_tuning_group_2.000/00/00/xgboost_hp_tuning_ID0000001.meta,/home/poseidon/workflows/predict-future-sales-workflow/submit/poseidon/pegasus/predict-future-sales/run0408/00/00/./xgboost_hp_tuning_group_2.000/00/00/xgboost_hp_tuning_ID0000007.meta,/home/poseidon/workflows/predict-future-sales-workflow/submit/poseidon/pegasus/predict-future-sales/run0408/00/00/./xgboost_hp_tuning_group_2.000/00/00/xgboost_hp_tuning_ID0000004.meta,/home/poseidon/workflows/predict-future-sales-workflow/submit/poseidon/pegasus/predict-future-sales/run0408/00/00/./xgboost_hp_tuning_group_2.000/00/00/xgboost_hp_tuning_ID0000022.meta,/home/poseidon/workflows/predict-future-sales-workflow/submit/poseidon/pegasus/predict-future-sales/run0408/00/00/./xgboost_hp_tuning_group_2.000/00/00/xgboost_hp_tuning_ID0000020.meta,/home/poseidon/workflows/predict-future-sales-workflow/submit/poseidon/pegasus/predict-future-sales/run0408/00/00/./xgboost_hp_tuning_group_2.000/00/00/xgboost_hp_tuning_ID0000017.meta --insert /home/poseidon/workflows/predict-future-sales-workflow/submit/poseidon/pegasus/predict-future-sales/run0408/00/00/./xgboost_hp_tuning_group_2.000/00/00/register_condorpool_0_2.in",3.0,0,0,,,,,,,,,
stage_out_local_condorpool_0_0_pegasus-plan_ID0000020,None,transfer,0,1677898534.0,,,1677898539.0,,,0.0,1677898539.0,1677898549.0,1677898540.0,1677898544.0,2099.0,1677898549.0,1677898554.0,5.0,,0.0,10.0,5.0,,,4.0,8467.0,poseidon,local,host-10-100-100-12.openstacklocal,pegasus::transfer,/home/poseidon/pegasus-5.1.0panorama/bin/pegasus-transfer,/home/poseidon/pegasus-5.1.0panorama/bin/../bin/pegasus-kickstart  -n pegasus::transfer -N null -i - -R local  -L xgboost_hp_tuning_group_2 -T 2023-03-04T02:34:54+00:00 /home/poseidon/pegasus-5.1.0panorama/bin/../bin/pegasus-transfer  --threads 2,1.1,0,0,,,,,,,,,
xgboost_best_params_ID0000024_pegasus-plan_ID0000020,None,compute,0,1677898539.0,,,1677898544.0,1677898493.0,1677898511.0,33316299.8,1677898546.0,1677898584.0,1677898517.0,1677898522.0,250.0,1677898584.0,1677898589.0,5.0,,2.0,38.0,5.0,18.0,368018667.0,5.0,1059.0,poseidon,condorpool,poseidon-worker-2-container-24-31,xgboost_best_params,/srv/xgboost_best_params,,0.0,0,0,,,,,,,,,
stage_out_local_condorpool_0_1_pegasus-plan_ID0000020,None,transfer,0,1677898539.0,,,1677898544.0,,,0.0,1677898545.0,1677898554.0,1677898545.0,1677898549.0,2112.0,1677898554.0,1677898559.0,5.0,,1.0,9.0,5.0,,,4.0,8506.0,poseidon,local,host-10-100-100-12.openstacklocal,pegasus::transfer,/home/poseidon/pegasus-5.1.0panorama/bin/pegasus-transfer,/home/poseidon/pegasus-5.1.0panorama/bin/../bin/pegasus-kickstart  -n pegasus::transfer -N null -i - -R local  -L xgboost_hp_tuning_group_2 -T 2023-03-04T02:34:54+00:00 /home/poseidon/pegasus-5.1.0panorama/bin/../bin/pegasus-transfer  --threads 2,1.1,0,0,,,,,,,,,
register_condorpool_0_0_pegasus-plan_ID0000020,None,auxiliary,0,1677898554.0,,,1677898559.0,,,0.0,1677898559.0,1677898564.0,,,0.0,1677898564.0,1677898569.0,5.0,,0.0,5.0,5.0,,,,,poseidon,local,host-10-100-100-12.openstacklocal,pegasus::rc-client,/home/poseidon/pegasus-5.1.0panorama/bin/pegasus-rc-client,"-n pegasus::rc-client -N null -R local  -L xgboost_hp_tuning_group_2 -T 2023-03-04T02:34:54+00:00 /home/poseidon/pegasus-5.1.0panorama/bin/pegasus-rc-client --prefix pegasus.catalog.replica.output --conf /home/poseidon/workflows/predict-future-sales-workflow/submit/poseidon/pegasus/predict-future-sales/run0408/00/00/./xgboost_hp_tuning_group_2.000/pegasus.5902585856091098366.properties -v --meta /home/poseidon/workflows/predict-future-sales-workflow/submit/poseidon/pegasus/predict-future-sales/run0408/00/00/./xgboost_hp_tuning_group_2.000/00/00/xgboost_hp_tuning_ID0000018.meta,/home/poseidon/workflows/predict-future-sales-workflow/submit/poseidon/pegasus/predict-future-sales/run0408/00/00/./xgboost_hp_tuning_group_2.000/00/00/xgboost_hp_tuning_ID0000009.meta,/home/poseidon/workflows/predict-future-sales-workflow/submit/poseidon/pegasus/predict-future-sales/run0408/00/00/./xgboost_hp_tuning_group_2.000/00/00/xgboost_hp_tuning_ID0000012.meta,/home/poseidon/workflows/predict-future-sales-workflow/submit/poseidon/pegasus/predict-future-sales/run0408/00/00/./xgboost_hp_tuning_group_2.000/00/00/xgboost_hp_tuning_ID0000008.meta,/home/poseidon/workflows/predict-future-sales-workflow/submit/poseidon/pegasus/predict-future-sales/run0408/00/00/./xgboost_hp_tuning_group_2.000/00/00/xgboost_hp_tuning_ID0000010.meta,/home/poseidon/workflows/predict-future-sales-workflow/submit/poseidon/pegasus/predict-future-sales/run0408/00/00/./xgboost_hp_tuning_group_2.000/00/00/xgboost_hp_tuning_ID0000002.meta,/home/poseidon/workflows/predict-future-sales-workflow/submit/poseidon/pegasus/predict-future-sales/run0408/00/00/./xgboost_hp_tuning_group_2.000/00/00/xgboost_hp_tuning_ID0000005.meta,/home/poseidon/workflows/predict-future-sales-workflow/submit/poseidon/pegasus/predict-future-sales/run0408/00/00/./xgboost_hp_tuning_group_2.000/00/00/xgboost_hp_tuning_ID0000015.meta --insert /home/poseidon/workflows/predict-future-sales-workflow/submit/poseidon/pegasus/predict-future-sales/run0408/00/00/./xgboost_hp_tuning_group_2.000/00/00/register_condorpool_0_0.in",3.0,0,0,,,,,,,,,
register_condorpool_0_1_pegasus-plan_ID0000020,None,auxiliary,0,1677898559.0,,,1677898569.0,,,0.0,1677898569.0,1677898574.0,,,0.0,1677898574.0,1677898579.0,10.0,,0.0,5.0,5.0,,,,,poseidon,local,host-10-100-100-12.openstacklocal,pegasus::rc-client,/home/poseidon/pegasus-5.1.0panorama/bin/pegasus-rc-client,"-n pegasus::rc-client -N null -R local  -L xgboost_hp_tuning_group_2 -T 2023-03-04T02:34:54+00:00 /home/poseidon/pegasus-5.1.0panorama/bin/pegasus-rc-client --prefix pegasus.catalog.replica.output --conf /home/poseidon/workflows/predict-future-sales-workflow/submit/poseidon/pegasus/predict-future-sales/run0408/00/00/./xgboost_hp_tuning_group_2.000/pegasus.5902585856091098366.properties -v --meta /home/poseidon/workflows/predict-future-sales-workflow/submit/poseidon/pegasus/predict-future-sales/run0408/00/00/./xgboost_hp_tuning_group_2.000/00/00/xgboost_hp_tuning_ID0000019.meta,/home/poseidon/workflows/predict-future-sales-workflow/submit/poseidon/pegasus/predict-future-sales/run0408/00/00/./xgboost_hp_tuning_group_2.000/00/00/xgboost_hp_tuning_ID0000003.meta,/home/poseidon/workflows/predict-future-sales-workflow/submit/poseidon/pegasus/predict-future-sales/run0408/00/00/./xgboost_hp_tuning_group_2.000/00/00/xgboost_hp_tuning_ID0000006.meta,/home/poseidon/workflows/predict-future-sales-workflow/submit/poseidon/pegasus/predict-future-sales/run0408/00/00/./xgboost_hp_tuning_group_2.000/00/00/xgboost_hp_tuning_ID0000016.meta,/home/poseidon/workflows/predict-future-sales-workflow/submit/poseidon/pegasus/predict-future-sales/run0408/00/00/./xgboost_hp_tuning_group_2.000/00/00/xgboost_hp_tuning_ID0000013.meta,/home/poseidon/workflows/predict-future-sales-workflow/submit/poseidon/pegasus/predict-future-sales/run0408/00/00/./xgboost_hp_tuning_group_2.000/00/00/xgboost_hp_tuning_ID0000023.meta,/home/poseidon/workflows/predict-future-sales-workflow/submit/poseidon/pegasus/predict-future-sales/run0408/00/00/./xgboost_hp_tuning_group_2.000/00/00/xgboost_hp_tuning_ID0000011.meta,/home/poseidon/workflows/predict-future-sales-workflow/submit/poseidon/pegasus/predict-future-sales/run0408/00/00/./xgboost_hp_tuning_group_2.000/00/00/xgboost_hp_tuning_ID0000021.meta --insert /home/poseidon/workflows/predict-future-sales-workflow/submit/poseidon/pegasus/predict-future-sales/run0408/00/00/./xgboost_hp_tuning_group_2.000/00/00/register_condorpool_0_1.in",3.1,0,0,,,,,,,,,
stage_out_local_condorpool_1_0_pegasus-plan_ID0000020,None,transfer,0,1677898589.0,,,1677898594.0,,,0.0,1677898594.0,1677898604.0,1677898595.0,1677898599.0,1240.0,1677898604.0,1677898609.0,5.0,,0.0,10.0,5.0,,,4.0,5295.0,poseidon,local,host-10-100-100-12.openstacklocal,pegasus::transfer,/home/poseidon/pegasus-5.1.0panorama/bin/pegasus-transfer,/home/poseidon/pegasus-5.1.0panorama/bin/../bin/pegasus-kickstart  -n pegasus::transfer -N null -i - -R local  -L xgboost_hp_tuning_group_2 -T 2023-03-04T02:34:54+00:00 /home/poseidon/pegasus-5.1.0panorama/bin/../bin/pegasus-transfer  --threads 2,0.7,0,0,,,,,,,,,
register_condorpool_1_0_pegasus-plan_ID0000020,None,auxiliary,0,1677898609.0,,,1677898614.0,,,0.0,1677898615.0,1677898619.0,,,0.0,1677898619.0,1677898624.0,5.0,,1.0,4.0,5.0,,,,,poseidon,local,host-10-100-100-12.openstacklocal,pegasus::rc-client,/home/poseidon/pegasus-5.1.0panorama/bin/pegasus-rc-client,-n pegasus::rc-client -N null -R local  -L xgboost_hp_tuning_group_2 -T 2023-03-04T02:34:54+00:00 /home/poseidon/pegasus-5.1.0panorama/bin/pegasus-rc-client --prefix pegasus.catalog.replica.output --conf /home/poseidon/workflows/predict-future-sales-workflow/submit/poseidon/pegasus/predict-future-sales/run0408/00/00/./xgboost_hp_tuning_group_2.000/pegasus.5902585856091098366.properties -v --meta /home/poseidon/workflows/predict-future-sales-workflow/submit/poseidon/pegasus/predict-future-sales/run0408/00/00/./xgboost_hp_tuning_group_2.000/00/00/xgboost_best_params_ID0000024.meta --insert /home/poseidon/workflows/predict-future-sales-workflow/submit/poseidon/pegasus/predict-future-sales/run0408/00/00/./xgboost_hp_tuning_group_2.000/00/00/register_condorpool_1_0.in,2.9,0,0,,,,,,,,,
xgboost_model_ID0000021,None,compute,0,1677898628.0,,,1677898633.0,1677898584.0,1677898616.0,68997577.2,1677898637.0,1677898824.0,1677898756.0,1677898761.0,1244330.0,1677898824.0,1677898829.0,5.0,,4.0,187.0,5.0,32.0,1691152080.0,5.0,5672290.0,poseidon,condorpool,poseidon-worker-2-container-16-23,xgboost_model,/srv/xgboost_model,,794.2,0,0,0.1,1348842548.0,24449.0,5373.0,8.0,776.1,14.5,10375711.9,2444.9
stage_out_local_local_5_0,None,transfer,0,1677898628.0,,,1677898633.0,,,0.0,1677898633.0,1677898643.0,1677898633.0,1677898637.0,790.0,1677898643.0,1677898648.0,5.0,,0.0,10.0,5.0,,,4.0,3188.0,poseidon,local,host-10-100-100-12.openstacklocal,pegasus::transfer,/home/poseidon/pegasus-5.1.0panorama/bin/pegasus-transfer,pegasus-kickstart  -n pegasus::transfer -N null -i - -R local  -L predict-future-sales -T 2023-02-17T19:59:06+00:00 pegasus-transfer  --threads 2,0.3,0,0,,,,,,,,,
cleanup_predict-future-sales_0_local,None,auxiliary,0,1677898648.0,,,1677898653.0,,,0.0,1677898653.0,1677898663.0,,,0.0,1677898663.0,1677898668.0,5.0,,0.0,10.0,5.0,,,,,poseidon,local,host-10-100-100-12.openstacklocal,pegasus::cleanup,/home/poseidon/pegasus-5.1.0panorama/bin/pegasus-transfer,pegasus-kickstart  -n pegasus::cleanup -N null -i - -R local  -L predict-future-sales -T 2023-02-17T19:59:06+00:00 pegasus-transfer,0.3,0,0,,,,,,,,,
model_predict_ID0000022,None,compute,0,1677898829.0,,,1677898834.0,1677898783.0,1677898800.0,40364008.0,1677898835.0,1677898874.0,1677898809.0,1677898813.0,1230804.0,1677898874.0,1677898879.0,5.0,,1.0,39.0,5.0,17.0,400676911.0,4.0,5523764.0,poseidon,condorpool,poseidon-worker-2-container-16-23,model_predict,/srv/model_predict,,4.0,0,0,,,,,,,,,
stage_out_local_condorpool_6_0,None,transfer,0,1677898829.0,,,1677898834.0,,,0.0,1677898834.0,1677898844.0,1677898834.0,1677898838.0,1927220.0,1677898844.0,1677898849.0,5.0,,0.0,10.0,5.0,,,4.0,7768150.0,poseidon,local,host-10-100-100-12.openstacklocal,pegasus::transfer,/home/poseidon/pegasus-5.1.0panorama/bin/pegasus-transfer,pegasus-kickstart  -n pegasus::transfer -N null -i - -R local  -L predict-future-sales -T 2023-02-17T19:59:06+00:00 pegasus-transfer  --threads 2,0.9,0,0,,,,,,,,,
stage_out_local_condorpool_7_0,None,transfer,0,1677898879.0,,,1677898884.0,,,0.0,1677898884.0,1677898894.0,1677898885.0,1677898889.0,1488757.0,1677898894.0,1677898899.0,5.0,,0.0,10.0,5.0,,,4.0,6000012.0,poseidon,local,host-10-100-100-12.openstacklocal,pegasus::transfer,/home/poseidon/pegasus-5.1.0panorama/bin/pegasus-transfer,pegasus-kickstart  -n pegasus::transfer -N null -i - -R local  -L predict-future-sales -T 2023-02-17T19:59:06+00:00 pegasus-transfer  --threads 2,0.6,0,0,,,,,,,,,
predict_merge_ID0000023,None,compute,0,1677898879.0,,,1677898884.0,1677898833.0,1677898851.0,37902791.0,1677898886.0,1677898924.0,1677898858.0,1677898863.0,832282.0,1677898924.0,1677898929.0,5.0,,2.0,38.0,5.0,18.0,377176763.0,5.0,3725774.0,poseidon,condorpool,poseidon-worker-2-container-16-23,predict_merge,/srv/predict_merge,,1.3,0,0,,,,,,,,,
stage_out_local_condorpool_8_0,None,transfer,0,1677898929.0,,,1677898934.0,,,0.0,1677898934.0,1677898944.0,1677898934.0,1677898936.0,1722443.0,1677898944.0,1677898949.0,5.0,,0.0,10.0,5.0,,,2.0,3725774.0,poseidon,local,host-10-100-100-12.openstacklocal,pegasus::transfer,/home/poseidon/pegasus-5.1.0panorama/bin/pegasus-transfer,pegasus-kickstart  -n pegasus::transfer -N null -i - -R local  -L predict-future-sales -T 2023-02-17T19:59:06+00:00 pegasus-transfer  --threads 2,0.4,0,0,,,,,,,,,
cleanup_predict-future-sales_0_condorpool,None,auxiliary,0,1677898949.0,,,1677898954.0,,,0.0,1677898954.0,1677898964.0,,,0.0,1677898964.0,1677898969.0,5.0,,0.0,10.0,5.0,,,,,poseidon,local,host-10-100-100-12.openstacklocal,pegasus::cleanup,/home/poseidon/pegasus-5.1.0panorama/bin/pegasus-transfer,pegasus-kickstart  -n pegasus::cleanup -N null -i - -R local  -L predict-future-sales -T 2023-02-17T19:59:06+00:00 pegasus-transfer,0.3,0,0,,,,,,,,,
