,anomaly_type,type,is_clustered,ready,pre_script_start,pre_script_end,submit,stage_in_start,stage_in_end,stage_in_effective_bytes_per_sec,execute_start,execute_end,stage_out_start,stage_out_end,stage_out_effective_bytes_per_sec,post_script_start,post_script_end,wms_delay,pre_script_delay,queue_delay,runtime,post_script_delay,stage_in_delay,stage_in_bytes,stage_out_delay,stage_out_bytes,kickstart_user,kickstart_site,kickstart_hostname,kickstart_transformations,kickstart_executables,kickstart_executables_argv,kickstart_executables_cpu_time,kickstart_status,kickstart_executables_exitcode,kickstart_online_iowait,kickstart_online_bytes_read,kickstart_online_bytes_written,kickstart_online_read_system_calls,kickstart_online_write_system_calls,kickstart_online_utime,kickstart_online_stime,kickstart_online_bytes_read_per_second,kickstart_online_bytes_written_per_second
create_dir_predict-future-sales_0_local,None,auxiliary,0,1678225935.0,,,1678225936.0,,,0.0,1678225942.0,1678225951.0,,,0.0,1678225951.0,1678225956.0,1.0,,6.0,9.0,5.0,,,,,poseidon,local,host-10-100-100-12.openstacklocal,pegasus::dirmanager,/home/poseidon/pegasus-5.1.0panorama/bin/pegasus-transfer,pegasus-kickstart  -n pegasus::dirmanager -N null -i - -R local  -L predict-future-sales -T 2023-02-17T19:59:06+00:00 pegasus-transfer,0.3,0,0,,,,,,,,,
create_dir_predict-future-sales_0_condorpool,None,auxiliary,0,1678225935.0,,,1678225936.0,,,0.0,1678225942.0,1678225951.0,,,0.0,1678225951.0,1678225956.0,1.0,,6.0,9.0,5.0,,,,,poseidon,local,host-10-100-100-12.openstacklocal,pegasus::dirmanager,/home/poseidon/pegasus-5.1.0panorama/bin/pegasus-transfer,pegasus-kickstart  -n pegasus::dirmanager -N null -i - -R local  -L predict-future-sales -T 2023-02-17T19:59:06+00:00 pegasus-transfer,0.3,0,0,,,,,,,,,
stage_in_local_condorpool_6_0,None,transfer,0,1678225956.0,,,1678225961.0,1678225961.0,1678225965.0,2256.0,1678225961.0,1678225971.0,,,0.0,1678225971.0,1678225976.0,5.0,,0.0,10.0,5.0,4.0,7870.0,,,poseidon,local,host-10-100-100-12.openstacklocal,pegasus::transfer,/home/poseidon/pegasus-5.1.0panorama/bin/pegasus-transfer,pegasus-kickstart  -n pegasus::transfer -N null -i - -R local  -L predict-future-sales -T 2023-02-17T19:59:06+00:00 pegasus-transfer  --threads 2,0.5,0,0,,,,,,,,,
stage_in_local_condorpool_0_0,None,transfer,0,1678225956.0,,,1678225961.0,1678225961.0,1678225971.0,95955895.0,1678225961.0,1678225981.0,,,0.0,1678225981.0,1678225986.0,5.0,,0.0,20.0,5.0,10.0,936801734.0,,,poseidon,local,host-10-100-100-12.openstacklocal,pegasus::transfer,/home/poseidon/pegasus-5.1.0panorama/bin/pegasus-transfer,pegasus-kickstart  -n pegasus::transfer -N null -i - -R local  -L predict-future-sales -T 2023-02-17T19:59:06+00:00 pegasus-transfer  --threads 2,5.8,0,0,,,,,,,,,
stage_in_local_condorpool_1_0,None,transfer,0,1678225956.0,,,1678225961.0,1678225961.0,1678225966.0,3663.0,1678225961.0,1678225971.0,,,0.0,1678225971.0,1678225976.0,5.0,,0.0,10.0,5.0,5.0,15640.0,,,poseidon,local,host-10-100-100-12.openstacklocal,pegasus::transfer,/home/poseidon/pegasus-5.1.0panorama/bin/pegasus-transfer,pegasus-kickstart  -n pegasus::transfer -N null -i - -R local  -L predict-future-sales -T 2023-02-17T19:59:06+00:00 pegasus-transfer  --threads 2,0.6,0,0,,,,,,,,,
stage_in_local_condorpool_7_0,None,transfer,0,1678225956.0,,,1678225961.0,1678225961.0,1678225965.0,993.0,1678225961.0,1678225971.0,,,0.0,1678225971.0,1678225976.0,5.0,,0.0,10.0,5.0,4.0,3488.0,,,poseidon,local,host-10-100-100-12.openstacklocal,pegasus::transfer,/home/poseidon/pegasus-5.1.0panorama/bin/pegasus-transfer,pegasus-kickstart  -n pegasus::transfer -N null -i - -R local  -L predict-future-sales -T 2023-02-17T19:59:06+00:00 pegasus-transfer  --threads 2,0.5,0,0,,,,,,,,,
stage_in_local_condorpool_3_0,None,transfer,0,1678225956.0,,,1678225961.0,1678225961.0,1678225966.0,2919.0,1678225961.0,1678225971.0,,,0.0,1678225971.0,1678225976.0,5.0,,0.0,10.0,5.0,5.0,12704.0,,,poseidon,local,host-10-100-100-12.openstacklocal,pegasus::transfer,/home/poseidon/pegasus-5.1.0panorama/bin/pegasus-transfer,pegasus-kickstart  -n pegasus::transfer -N null -i - -R local  -L predict-future-sales -T 2023-02-17T19:59:06+00:00 pegasus-transfer  --threads 2,0.6,0,0,,,,,,,,,
stage_in_local_condorpool_8_0,None,transfer,0,1678225956.0,,,1678225961.0,1678225961.0,1678225965.0,673.0,1678225961.0,1678225971.0,,,0.0,1678225971.0,1678225976.0,5.0,,0.0,10.0,5.0,4.0,2368.0,,,poseidon,local,host-10-100-100-12.openstacklocal,pegasus::transfer,/home/poseidon/pegasus-5.1.0panorama/bin/pegasus-transfer,pegasus-kickstart  -n pegasus::transfer -N null -i - -R local  -L predict-future-sales -T 2023-02-17T19:59:06+00:00 pegasus-transfer  --threads 2,0.5,0,0,,,,,,,,,
stage_in_local_local_4_0,None,transfer,0,1678225956.0,,,1678225961.0,1678225961.0,1678225963.0,5822.0,1678225961.0,1678225971.0,,,0.0,1678225971.0,1678225976.0,5.0,,0.0,10.0,5.0,2.0,12577.0,,,poseidon,local,host-10-100-100-12.openstacklocal,pegasus::transfer,/home/poseidon/pegasus-5.1.0panorama/bin/pegasus-transfer,pegasus-kickstart  -n pegasus::transfer -N null -i - -R local  -L predict-future-sales -T 2023-02-17T19:59:06+00:00 pegasus-transfer  --threads 2,0.4,0,0,,,,,,,,,
stage_in_local_condorpool_2_0,None,transfer,0,1678225956.0,,,1678225961.0,1678225961.0,1678225967.0,9854.0,1678225961.0,1678225976.0,,,0.0,1678225976.0,1678225981.0,5.0,,0.0,15.0,5.0,6.0,55480.0,,,poseidon,local,host-10-100-100-12.openstacklocal,pegasus::transfer,/home/poseidon/pegasus-5.1.0panorama/bin/pegasus-transfer,pegasus-kickstart  -n pegasus::transfer -N null -i - -R local  -L predict-future-sales -T 2023-02-17T19:59:06+00:00 pegasus-transfer  --threads 2,1.0,0,0,,,,,,,,,
preprocess_ID0000003,None,compute,0,1678225986.0,,,1678225991.0,1678225940.0,1678225960.0,42555328.2,1678225997.0,1678226046.0,1678225971.0,1678225979.0,21765184.0,1678226046.0,1678226051.0,5.0,,6.0,49.0,5.0,20.0,467356066.0,8.0,160257914.0,poseidon,condorpool,poseidon-worker-2-container-8-15,preprocess,/srv/preprocess,,4.3,0,0,,,,,,,,,
nlp_ID0000002,None,compute,0,1678225986.0,,,1678225991.0,1678225940.0,1678225957.0,41705887.5,1678225997.0,1678226336.0,1678226264.0,1678226269.0,577849.0,1678226336.0,1678226341.0,5.0,,6.0,339.0,5.0,17.0,369033604.0,5.0,2755872.0,poseidon,condorpool,poseidon-worker-2-container-0-7,nlp,/srv/nlp,,1677.5,0,0,0.1,21427094.0,8791.0,3165.0,5.0,1671.3,3.0,71423.6,879.1
eda_ID0000001,None,compute,0,1678225986.0,,,1678225991.0,1678225940.0,1678225960.0,45225571.7,1678225997.0,1678226071.0,1678226000.0,1678226005.0,270406.0,1678226071.0,1678226076.0,5.0,,6.0,74.0,5.0,20.0,464177772.0,5.0,1197032.0,poseidon,condorpool,poseidon-worker-3-container-32-39,eda,/srv/eda,,33.9,0,0,0.0,144952982.0,850448.0,27581.0,40.0,28.0,2.0,4831766.1,28348.3
feature_eng_0_ID0000004,None,compute,0,1678226051.0,,,1678226056.0,1678226000.0,1678226017.0,41768933.0,1678226057.0,1678226101.0,1678226028.0,1678226033.0,195610.0,1678226101.0,1678226106.0,5.0,,1.0,44.0,5.0,17.0,369949088.0,5.0,893320.0,poseidon,condorpool,poseidon-worker-2-container-8-15,feature_eng_0,/srv/feature_eng_0,,5.0,0,0,,,,,,,,,
feature_eng_1_ID0000005,None,compute,0,1678226051.0,,,1678226056.0,1678226013.0,1678226034.0,46238146.8,1678226071.0,1678226136.0,1678226058.0,1678226069.0,36093311.0,1678226136.0,1678226141.0,5.0,,15.0,65.0,5.0,21.0,528250191.0,11.0,393324463.0,poseidon,condorpool,poseidon-worker-3-container-32-39,feature_eng_1,/srv/feature_eng_1,,16.0,0,0,0.0,169608347.0,8.0,1721.0,1.0,7.9,2.1,16960834.7,0.8
feature_eng_4_ID0000008,None,compute,0,1678226141.0,,,1678226146.0,1678226101.0,1678226123.0,55399454.7,1678226158.0,1678226281.0,1678226189.0,1678226213.0,49113196.0,1678226281.0,1678226286.0,5.0,,12.0,123.0,5.0,22.0,761328752.0,24.0,1201824259.0,poseidon,condorpool,poseidon-worker-2-container-8-15,feature_eng_4,/srv/feature_eng_4,,52.5,0,0,0.0,402740969.0,8.0,1403.0,1.0,37.5,12.5,8054819.4,0.8
feature_eng_3_ID0000007,None,compute,0,1678226141.0,,,1678226146.0,1678226091.0,1678226113.0,54069708.8,1678226148.0,1678226326.0,1678226234.0,1678226258.0,48947018.0,1678226326.0,1678226331.0,5.0,,2.0,178.0,5.0,22.0,762217561.0,24.0,1179971921.0,poseidon,condorpool,poseidon-worker-2-container-8-15,feature_eng_3,/srv/feature_eng_3,,108.8,0,0,0.0,403651441.0,8.0,1492.0,1.0,69.3,30.7,4036514.4,0.8
feature_eng_2_ID0000006,None,compute,0,1678226141.0,,,1678226146.0,1678226101.0,1678226123.0,55923936.2,1678226158.0,1678226521.0,1678226420.0,1678226454.0,52298209.0,1678226521.0,1678226526.0,5.0,,12.0,363.0,5.0,22.0,761320658.0,34.0,1748107178.0,poseidon,condorpool,poseidon-worker-3-container-32-39,feature_eng_2,/srv/feature_eng_2,,282.6,0,0,0.0,402814414.0,8.0,1742.0,1.0,213.5,66.5,1438622.9,0.8
feature_eng_5_ID0000009,None,compute,0,1678226141.0,,,1678226146.0,1678226091.0,1678226115.0,55541118.4,1678226148.0,1678226431.0,1678226346.0,1678226362.0,42952829.0,1678226431.0,1678226436.0,5.0,,2.0,283.0,5.0,24.0,856820455.0,16.0,655540227.0,poseidon,condorpool,poseidon-worker-3-container-32-39,feature_eng_5,/srv/feature_eng_5,,221.3,0,0,0.0,498297365.0,8.0,2033.0,1.0,199.2,20.8,2264988.0,0.8
stage_out_local_condorpool_1_0,None,transfer,0,1678226141.0,,,1678226146.0,,,0.0,1678226146.0,1678226156.0,1678226147.0,1678226151.0,93321658.0,1678226156.0,1678226161.0,5.0,,0.0,10.0,5.0,,,4.0,394217783.0,poseidon,local,host-10-100-100-12.openstacklocal,pegasus::transfer,/home/poseidon/pegasus-5.1.0panorama/bin/pegasus-transfer,pegasus-kickstart  -n pegasus::transfer -N null -i - -R local  -L predict-future-sales -T 2023-02-17T19:59:06+00:00 pegasus-transfer  --threads 2,2.1,0,0,,,,,,,,,
register_condorpool_1_0,None,auxiliary,0,1678226161.0,,,1678226166.0,,,0.0,1678226166.0,1678226171.0,,,0.0,1678226171.0,1678226176.0,5.0,,0.0,5.0,5.0,,,,,poseidon,local,host-10-100-100-12.openstacklocal,pegasus::rc-client,/home/poseidon/pegasus-5.1.0panorama/bin/pegasus-rc-client,"pegasus-kickstart  -n pegasus::rc-client -N null -R local  -L predict-future-sales -T 2023-02-17T19:59:06+00:00 /home/poseidon/pegasus-5.1.0panorama/bin/pegasus-rc-client --prefix pegasus.catalog.replica.output --conf /home/poseidon/workflows/predict-future-sales-workflow/submit/poseidon/pegasus/predict-future-sales/run0495/pegasus.11987315431180063064.properties -v --meta /home/poseidon/workflows/predict-future-sales-workflow/submit/poseidon/pegasus/predict-future-sales/run0495/00/00/feature_eng_1_ID0000005.meta,/home/poseidon/workflows/predict-future-sales-workflow/submit/poseidon/pegasus/predict-future-sales/run0495/00/00/feature_eng_0_ID0000004.meta --insert /home/poseidon/workflows/predict-future-sales-workflow/submit/poseidon/pegasus/predict-future-sales/run0495/00/00/register_condorpool_1_0.in",3.0,0,0,,,,,,,,,
stage_out_local_condorpool_0_0,None,transfer,0,1678226341.0,,,1678226346.0,,,0.0,1678226346.0,1678226356.0,1678226346.0,1678226350.0,40744698.0,1678226356.0,1678226361.0,5.0,,0.0,10.0,5.0,,,4.0,164210818.0,poseidon,local,host-10-100-100-12.openstacklocal,pegasus::transfer,/home/poseidon/pegasus-5.1.0panorama/bin/pegasus-transfer,pegasus-kickstart  -n pegasus::transfer -N null -i - -R local  -L predict-future-sales -T 2023-02-17T19:59:06+00:00 pegasus-transfer  --threads 2,2.0,0,0,,,,,,,,,
register_condorpool_0_0,None,auxiliary,0,1678226361.0,,,1678226366.0,,,0.0,1678226366.0,1678226371.0,,,0.0,1678226371.0,1678226376.0,5.0,,0.0,5.0,5.0,,,,,poseidon,local,host-10-100-100-12.openstacklocal,pegasus::rc-client,/home/poseidon/pegasus-5.1.0panorama/bin/pegasus-rc-client,"pegasus-kickstart  -n pegasus::rc-client -N null -R local  -L predict-future-sales -T 2023-02-17T19:59:06+00:00 /home/poseidon/pegasus-5.1.0panorama/bin/pegasus-rc-client --prefix pegasus.catalog.replica.output --conf /home/poseidon/workflows/predict-future-sales-workflow/submit/poseidon/pegasus/predict-future-sales/run0495/pegasus.11987315431180063064.properties -v --meta /home/poseidon/workflows/predict-future-sales-workflow/submit/poseidon/pegasus/predict-future-sales/run0495/00/00/nlp_ID0000002.meta,/home/poseidon/workflows/predict-future-sales-workflow/submit/poseidon/pegasus/predict-future-sales/run0495/00/00/eda_ID0000001.meta,/home/poseidon/workflows/predict-future-sales-workflow/submit/poseidon/pegasus/predict-future-sales/run0495/00/00/preprocess_ID0000003.meta --insert /home/poseidon/workflows/predict-future-sales-workflow/submit/poseidon/pegasus/predict-future-sales/run0495/00/00/register_condorpool_0_0.in",3.0,0,0,,,,,,,,,
stage_out_local_condorpool_2_0,None,transfer,0,1678226526.0,,,1678226531.0,,,0.0,1678226531.0,1678226561.0,1678226531.0,1678226551.0,243768691.0,1678226561.0,1678226566.0,5.0,,0.0,30.0,5.0,,,20.0,4785443585.0,poseidon,local,host-10-100-100-12.openstacklocal,pegasus::transfer,/home/poseidon/pegasus-5.1.0panorama/bin/pegasus-transfer,pegasus-kickstart  -n pegasus::transfer -N null -i - -R local  -L predict-future-sales -T 2023-02-17T19:59:06+00:00 pegasus-transfer  --threads 2,21.2,0,0,,,,,,,,,
feature_merge_ID0000010,None,compute,0,1678226526.0,,,1678226531.0,1678226475.0,1678226550.0,78190316.3,1678226532.0,1678226761.0,1678226639.0,1678226694.0,54771472.0,1678226761.0,1678226766.0,5.0,,1.0,229.0,5.0,75.0,5155397110.0,55.0,2993643458.0,poseidon,condorpool,poseidon-worker-3-container-32-39,feature_merge,/srv/feature_merge,,60.6,0,0,0.0,4796859791.0,2064961063.0,1452.0,83.0,37.9,22.0,79947663.2,103248053.2
register_condorpool_2_0,None,auxiliary,0,1678226566.0,,,1678226571.0,,,0.0,1678226571.0,1678226576.0,,,0.0,1678226576.0,1678226581.0,5.0,,0.0,5.0,5.0,,,,,poseidon,local,host-10-100-100-12.openstacklocal,pegasus::rc-client,/home/poseidon/pegasus-5.1.0panorama/bin/pegasus-rc-client,"pegasus-kickstart  -n pegasus::rc-client -N null -R local  -L predict-future-sales -T 2023-02-17T19:59:06+00:00 /home/poseidon/pegasus-5.1.0panorama/bin/pegasus-rc-client --prefix pegasus.catalog.replica.output --conf /home/poseidon/workflows/predict-future-sales-workflow/submit/poseidon/pegasus/predict-future-sales/run0495/pegasus.11987315431180063064.properties -v --meta /home/poseidon/workflows/predict-future-sales-workflow/submit/poseidon/pegasus/predict-future-sales/run0495/00/00/feature_eng_5_ID0000009.meta,/home/poseidon/workflows/predict-future-sales-workflow/submit/poseidon/pegasus/predict-future-sales/run0495/00/00/feature_eng_2_ID0000006.meta,/home/poseidon/workflows/predict-future-sales-workflow/submit/poseidon/pegasus/predict-future-sales/run0495/00/00/feature_eng_3_ID0000007.meta,/home/poseidon/workflows/predict-future-sales-workflow/submit/poseidon/pegasus/predict-future-sales/run0495/00/00/feature_eng_4_ID0000008.meta --insert /home/poseidon/workflows/predict-future-sales-workflow/submit/poseidon/pegasus/predict-future-sales/run0495/00/00/register_condorpool_2_0.in",3.0,0,0,,,,,,,,,
stage_inter_local_xgboost_model_ID0000021_0,None,transfer,0,1678226766.0,,,1678226771.0,1678226771.0,1678226804.0,81105749.0,1678226771.0,1678226811.0,,,0.0,1678226811.0,1678226816.0,5.0,,0.0,40.0,5.0,33.0,2646308508.0,,,poseidon,local,host-10-100-100-12.openstacklocal,pegasus::transfer,/home/poseidon/pegasus-5.1.0panorama/bin/pegasus-transfer,pegasus-kickstart  -n pegasus::transfer -N null -i - -R local  -L predict-future-sales -T 2023-02-17T19:59:06+00:00 pegasus-transfer  --threads 2,9.3,0,0,,,,,,,,,
stage_inter_local_xgboost_hp_tuning_workflow_ID0000015_0,None,transfer,0,1678226766.0,,,1678226771.0,1678226771.0,1678226773.0,402.0,1678226771.0,1678226781.0,,,0.0,1678226781.0,1678226786.0,5.0,,0.0,10.0,5.0,2.0,826.0,,,poseidon,local,host-10-100-100-12.openstacklocal,pegasus::transfer,/home/poseidon/pegasus-5.1.0panorama/bin/pegasus-transfer,pegasus-kickstart  -n pegasus::transfer -N null -i - -R local  -L predict-future-sales -T 2023-02-17T19:59:06+00:00 pegasus-transfer  --threads 2,0.3,0,0,,,,,,,,,
stage_inter_local_model_predict_ID0000022_0,None,transfer,0,1678226766.0,,,1678226771.0,1678226771.0,1678226775.0,14730186.0,1678226771.0,1678226781.0,,,0.0,1678226781.0,1678226786.0,5.0,,0.0,10.0,5.0,4.0,54050130.0,,,poseidon,local,host-10-100-100-12.openstacklocal,pegasus::transfer,/home/poseidon/pegasus-5.1.0panorama/bin/pegasus-transfer,pegasus-kickstart  -n pegasus::transfer -N null -i - -R local  -L predict-future-sales -T 2023-02-17T19:59:06+00:00 pegasus-transfer  --threads 2,0.6,0,0,,,,,,,,,
stage_out_local_condorpool_3_0,None,transfer,0,1678226766.0,,,1678226771.0,,,0.0,1678226771.0,1678226801.0,1678226771.0,1678226795.0,127390137.0,1678226801.0,1678226806.0,5.0,,0.0,30.0,5.0,,,24.0,2993643458.0,poseidon,local,host-10-100-100-12.openstacklocal,pegasus::transfer,/home/poseidon/pegasus-5.1.0panorama/bin/pegasus-transfer,pegasus-kickstart  -n pegasus::transfer -N null -i - -R local  -L predict-future-sales -T 2023-02-17T19:59:06+00:00 pegasus-transfer  --threads 2,14.2,0,0,,,,,,,,,
stage_inter_local_xgboost_model_ID0000013_0,None,transfer,0,1678226766.0,,,1678226771.0,1678226771.0,1678226779.0,35593394.0,1678226771.0,1678226786.0,,,0.0,1678226786.0,1678226791.0,5.0,,0.0,15.0,5.0,8.0,269346726.0,,,poseidon,local,host-10-100-100-12.openstacklocal,pegasus::transfer,/home/poseidon/pegasus-5.1.0panorama/bin/pegasus-transfer,pegasus-kickstart  -n pegasus::transfer -N null -i - -R local  -L predict-future-sales -T 2023-02-17T19:59:06+00:00 pegasus-transfer  --threads 2,1.3,0,0,,,,,,,,,
stage_inter_local_model_predict_ID0000014_0,None,transfer,0,1678226766.0,,,1678226771.0,1678226771.0,1678226775.0,1261871.0,1678226771.0,1678226781.0,,,0.0,1678226781.0,1678226786.0,5.0,,0.0,10.0,5.0,4.0,4411696.0,,,poseidon,local,host-10-100-100-12.openstacklocal,pegasus::transfer,/home/poseidon/pegasus-5.1.0panorama/bin/pegasus-transfer,pegasus-kickstart  -n pegasus::transfer -N null -i - -R local  -L predict-future-sales -T 2023-02-17T19:59:06+00:00 pegasus-transfer  --threads 2,0.4,0,0,,,,,,,,,
xgboost_hp_tuning_workflow_ID0000015,None,compute,0,1678226786.0,,,1678226791.0,,,0.0,1678226791.0,1678226806.0,,,0.0,1678226806.0,1678226811.0,5.0,,0.0,15.0,5.0,,,,,poseidon,local,poseidon-submit.novalocal,xgboost_hp_tuning_workflow,/var/spool/condor/local_univ_execute/dir_3566883/xgboost_hp_tuning_workflow,/home/poseidon/workflows/predict-future-sales-workflow/submit/poseidon/pegasus/predict-future-sales/run0495/00/00/xgboost_hp_tuning_workflow_ID0000015.sh,0.1,0,0,,,,,,,,,
xgboost_hp_tuning_workflow_ID0000011,None,compute,0,1678226786.0,,,1678226791.0,,,0.0,1678226791.0,1678226806.0,,,0.0,1678226806.0,1678226811.0,5.0,,0.0,15.0,5.0,,,,,poseidon,local,poseidon-submit.novalocal,xgboost_hp_tuning_workflow,/var/spool/condor/local_univ_execute/dir_3566884/xgboost_hp_tuning_workflow,/home/poseidon/workflows/predict-future-sales-workflow/submit/poseidon/pegasus/predict-future-sales/run0495/00/00/xgboost_hp_tuning_workflow_ID0000011.sh,0.1,0,0,,,,,,,,,
xgboost_hp_tuning_workflow_ID0000019,None,compute,0,1678226786.0,,,1678226791.0,,,0.0,1678226791.0,1678226806.0,,,0.0,1678226806.0,1678226811.0,5.0,,0.0,15.0,5.0,,,,,poseidon,local,poseidon-submit.novalocal,xgboost_hp_tuning_workflow,/var/spool/condor/local_univ_execute/dir_3566887/xgboost_hp_tuning_workflow,/home/poseidon/workflows/predict-future-sales-workflow/submit/poseidon/pegasus/predict-future-sales/run0495/00/00/xgboost_hp_tuning_workflow_ID0000019.sh,0.1,0,0,,,,,,,,,
register_condorpool_3_0,None,auxiliary,0,1678226806.0,,,1678226811.0,,,0.0,1678226811.0,1678226816.0,,,0.0,1678226816.0,1678226821.0,5.0,,0.0,5.0,5.0,,,,,poseidon,local,host-10-100-100-12.openstacklocal,pegasus::rc-client,/home/poseidon/pegasus-5.1.0panorama/bin/pegasus-rc-client,pegasus-kickstart  -n pegasus::rc-client -N null -R local  -L predict-future-sales -T 2023-02-17T19:59:06+00:00 /home/poseidon/pegasus-5.1.0panorama/bin/pegasus-rc-client --prefix pegasus.catalog.replica.output --conf /home/poseidon/workflows/predict-future-sales-workflow/submit/poseidon/pegasus/predict-future-sales/run0495/pegasus.11987315431180063064.properties -v --meta /home/poseidon/workflows/predict-future-sales-workflow/submit/poseidon/pegasus/predict-future-sales/run0495/00/00/feature_merge_ID0000010.meta --insert /home/poseidon/workflows/predict-future-sales-workflow/submit/poseidon/pegasus/predict-future-sales/run0495/00/00/register_condorpool_3_0.in,2.9,0,0,,,,,,,,,
pegasus-plan_ID0000016,None,subwf,0,1678226811.0,1678226811.0,1678226816.0,1678226821.0,,,0.0,1678226821.0,1678227222.0,,,0.0,,,0.0,5.0,0.0,401.0,,,,,,poseidon,local,poseidon-submit,condor::dagman,/usr/bin/condor_dagman,-p 0  -f -l . -Notification never -Debug 3 -Lockfile xgboost_hp_tuning_group_1.dag.lock -Dag xgboost_hp_tuning_group_1.dag -AllowVersionMismatch  -AutoRescue 1 -DoRescueFrom 0,0.0,0,0,,,,,,,,,
pegasus-plan_ID0000012,None,subwf,0,1678226811.0,1678226811.0,1678226816.0,1678226821.0,,,0.0,1678226821.0,1678227347.0,,,0.0,,,0.0,5.0,0.0,526.0,,,,,,poseidon,local,poseidon-submit,condor::dagman,/usr/bin/condor_dagman,-p 0  -f -l . -Notification never -Debug 3 -Lockfile xgboost_hp_tuning_group_0.dag.lock -Dag xgboost_hp_tuning_group_0.dag -AllowVersionMismatch  -AutoRescue 1 -DoRescueFrom 0,0.0,0,0,,,,,,,,,
stage_out_local_local_4_0,None,transfer,0,1678226811.0,,,1678226816.0,,,0.0,1678226816.0,1678226826.0,1678226816.0,1678226820.0,21095.0,1678226826.0,1678226831.0,5.0,,0.0,10.0,5.0,,,4.0,85038.0,poseidon,local,host-10-100-100-12.openstacklocal,pegasus::transfer,/home/poseidon/pegasus-5.1.0panorama/bin/pegasus-transfer,pegasus-kickstart  -n pegasus::transfer -N null -i - -R local  -L predict-future-sales -T 2023-02-17T19:59:06+00:00 pegasus-transfer  --threads 2,0.5,0,0,,,,,,,,,
pegasus-plan_ID0000020,None,subwf,0,1678226811.0,1678226811.0,1678226816.0,1678226821.0,,,0.0,1678226821.0,1678227992.0,,,0.0,,,0.0,5.0,0.0,1171.0,,,,,,poseidon,local,poseidon-submit,condor::dagman,/usr/bin/condor_dagman,-p 0  -f -l . -Notification never -Debug 3 -Lockfile xgboost_hp_tuning_group_2.dag.lock -Dag xgboost_hp_tuning_group_2.dag -AllowVersionMismatch  -AutoRescue 1 -DoRescueFrom 0,0.0,0,0,,,,,,,,,
create_dir_predict-future-sales-hp-tuning_0_condorpool_pegasus-plan_ID0000012,None,auxiliary,0,1678226821.0,,,1678226822.0,,,0.0,1678226825.0,1678226832.0,,,0.0,1678226832.0,1678226837.0,1.0,,3.0,7.0,5.0,,,,,poseidon,local,host-10-100-100-12.openstacklocal,pegasus::dirmanager,/home/poseidon/pegasus-5.1.0panorama/bin/pegasus-transfer,pegasus-kickstart  -n pegasus::dirmanager -N null -i - -R local  -L xgboost_hp_tuning_group_0 -T 2023-03-07T22:06:53+00:00 pegasus-transfer,0.3,0,0,,,,,,,,,
create_dir_predict-future-sales-hp-tuning_0_condorpool_pegasus-plan_ID0000016,None,auxiliary,0,1678226821.0,,,1678226822.0,,,0.0,1678226825.0,1678226832.0,,,0.0,1678226832.0,1678226837.0,1.0,,3.0,7.0,5.0,,,,,poseidon,local,host-10-100-100-12.openstacklocal,pegasus::dirmanager,/home/poseidon/pegasus-5.1.0panorama/bin/pegasus-transfer,pegasus-kickstart  -n pegasus::dirmanager -N null -i - -R local  -L xgboost_hp_tuning_group_1 -T 2023-03-07T22:06:53+00:00 pegasus-transfer,0.3,0,0,,,,,,,,,
create_dir_predict-future-sales-hp-tuning_0_condorpool_pegasus-plan_ID0000020,None,auxiliary,0,1678226821.0,,,1678226822.0,,,0.0,1678226825.0,1678226832.0,,,0.0,1678226832.0,1678226837.0,1.0,,3.0,7.0,5.0,,,,,poseidon,local,host-10-100-100-12.openstacklocal,pegasus::dirmanager,/home/poseidon/pegasus-5.1.0panorama/bin/pegasus-transfer,pegasus-kickstart  -n pegasus::dirmanager -N null -i - -R local  -L xgboost_hp_tuning_group_2 -T 2023-03-07T22:06:53+00:00 pegasus-transfer,0.3,0,0,,,,,,,,,
register_local_4_0,None,auxiliary,0,1678226831.0,,,1678226836.0,,,0.0,1678226836.0,1678226841.0,,,0.0,1678226841.0,1678226846.0,5.0,,0.0,5.0,5.0,,,,,poseidon,local,host-10-100-100-12.openstacklocal,pegasus::rc-client,/home/poseidon/pegasus-5.1.0panorama/bin/pegasus-rc-client,"pegasus-kickstart  -n pegasus::rc-client -N null -R local  -L predict-future-sales -T 2023-02-17T19:59:06+00:00 /home/poseidon/pegasus-5.1.0panorama/bin/pegasus-rc-client --prefix pegasus.catalog.replica.output --conf /home/poseidon/workflows/predict-future-sales-workflow/submit/poseidon/pegasus/predict-future-sales/run0495/pegasus.11987315431180063064.properties -v --meta /home/poseidon/workflows/predict-future-sales-workflow/submit/poseidon/pegasus/predict-future-sales/run0495/00/00/xgboost_hp_tuning_workflow_ID0000011.meta,/home/poseidon/workflows/predict-future-sales-workflow/submit/poseidon/pegasus/predict-future-sales/run0495/00/00/xgboost_hp_tuning_workflow_ID0000019.meta,/home/poseidon/workflows/predict-future-sales-workflow/submit/poseidon/pegasus/predict-future-sales/run0495/00/00/xgboost_hp_tuning_workflow_ID0000015.meta --insert /home/poseidon/workflows/predict-future-sales-workflow/submit/poseidon/pegasus/predict-future-sales/run0495/00/00/register_local_4_0.in",3.1,0,0,,,,,,,,,
stage_in_local_condorpool_0_2_pegasus-plan_ID0000012,None,transfer,0,1678226837.0,,,1678226842.0,1678226843.0,1678226852.0,82720549.0,1678226843.0,1678226862.0,,,0.0,1678226862.0,1678226867.0,5.0,,1.0,19.0,5.0,9.0,735985664.0,,,poseidon,local,host-10-100-100-12.openstacklocal,pegasus::transfer,/home/poseidon/pegasus-5.1.0panorama/bin/pegasus-transfer,-n pegasus::transfer -N null -i - -R local  -L xgboost_hp_tuning_group_0 -T 2023-03-07T22:06:53+00:00 /home/poseidon/pegasus-5.1.0panorama/bin/../bin/pegasus-transfer  --threads 2,4.2,0,0,,,,,,,,,
stage_in_local_condorpool_0_0_pegasus-plan_ID0000016,None,transfer,0,1678226837.0,,,1678226842.0,1678226843.0,1678226847.0,2843.0,1678226842.0,1678226852.0,,,0.0,1678226852.0,1678226857.0,5.0,,0.0,10.0,5.0,4.0,12142.0,,,poseidon,local,host-10-100-100-12.openstacklocal,pegasus::transfer,/home/poseidon/pegasus-5.1.0panorama/bin/pegasus-transfer,-n pegasus::transfer -N null -i - -R local  -L xgboost_hp_tuning_group_1 -T 2023-03-07T22:06:53+00:00 /home/poseidon/pegasus-5.1.0panorama/bin/../bin/pegasus-transfer  --threads 2,0.6,0,0,,,,,,,,,
stage_in_local_condorpool_1_0_pegasus-plan_ID0000016,None,transfer,0,1678226837.0,,,1678226842.0,1678226843.0,1678226846.0,813.0,1678226842.0,1678226852.0,,,0.0,1678226852.0,1678226857.0,5.0,,0.0,10.0,5.0,3.0,2874.0,,,poseidon,local,host-10-100-100-12.openstacklocal,pegasus::transfer,/home/poseidon/pegasus-5.1.0panorama/bin/pegasus-transfer,-n pegasus::transfer -N null -i - -R local  -L xgboost_hp_tuning_group_1 -T 2023-03-07T22:06:53+00:00 /home/poseidon/pegasus-5.1.0panorama/bin/../bin/pegasus-transfer  --threads 2,0.4,0,0,,,,,,,,,
stage_in_local_condorpool_0_1_pegasus-plan_ID0000016,None,transfer,0,1678226837.0,,,1678226842.0,1678226843.0,1678226847.0,4949464.0,1678226843.0,1678226852.0,,,0.0,1678226852.0,1678226857.0,5.0,,1.0,9.0,5.0,4.0,19294600.0,,,poseidon,local,host-10-100-100-12.openstacklocal,pegasus::transfer,/home/poseidon/pegasus-5.1.0panorama/bin/pegasus-transfer,-n pegasus::transfer -N null -i - -R local  -L xgboost_hp_tuning_group_1 -T 2023-03-07T22:06:53+00:00 /home/poseidon/pegasus-5.1.0panorama/bin/../bin/pegasus-transfer  --threads 2,0.6,0,0,,,,,,,,,
stage_in_local_condorpool_0_2_pegasus-plan_ID0000016,None,transfer,0,1678226837.0,,,1678226842.0,1678226843.0,1678226852.0,85713980.0,1678226843.0,1678226862.0,,,0.0,1678226862.0,1678226867.0,5.0,,1.0,19.0,5.0,9.0,735985664.0,,,poseidon,local,host-10-100-100-12.openstacklocal,pegasus::transfer,/home/poseidon/pegasus-5.1.0panorama/bin/pegasus-transfer,-n pegasus::transfer -N null -i - -R local  -L xgboost_hp_tuning_group_1 -T 2023-03-07T22:06:53+00:00 /home/poseidon/pegasus-5.1.0panorama/bin/../bin/pegasus-transfer  --threads 2,4.0,0,0,,,,,,,,,
stage_in_local_condorpool_0_1_pegasus-plan_ID0000012,None,transfer,0,1678226837.0,,,1678226842.0,1678226843.0,1678226849.0,47218996.0,1678226843.0,1678226857.0,,,0.0,1678226857.0,1678226862.0,5.0,,1.0,14.0,5.0,6.0,269346726.0,,,poseidon,local,host-10-100-100-12.openstacklocal,pegasus::transfer,/home/poseidon/pegasus-5.1.0panorama/bin/pegasus-transfer,-n pegasus::transfer -N null -i - -R local  -L xgboost_hp_tuning_group_0 -T 2023-03-07T22:06:53+00:00 /home/poseidon/pegasus-5.1.0panorama/bin/../bin/pegasus-transfer  --threads 2,1.9,0,0,,,,,,,,,
stage_in_local_condorpool_0_2_pegasus-plan_ID0000020,None,transfer,0,1678226837.0,,,1678226842.0,1678226849.0,1678226856.0,104653764.0,1678226849.0,1678226862.0,,,0.0,1678226862.0,1678226867.0,5.0,,7.0,13.0,5.0,7.0,735985664.0,,,poseidon,local,host-10-100-100-12.openstacklocal,pegasus::transfer,/home/poseidon/pegasus-5.1.0panorama/bin/pegasus-transfer,-n pegasus::transfer -N null -i - -R local  -L xgboost_hp_tuning_group_2 -T 2023-03-07T22:06:53+00:00 /home/poseidon/pegasus-5.1.0panorama/bin/../bin/pegasus-transfer  --threads 2,3.6,0,0,,,,,,,,,
stage_in_local_condorpool_0_0_pegasus-plan_ID0000012,None,transfer,0,1678226837.0,,,1678226842.0,1678226843.0,1678226847.0,2803.0,1678226843.0,1678226852.0,,,0.0,1678226852.0,1678226857.0,5.0,,1.0,9.0,5.0,4.0,12142.0,,,poseidon,local,host-10-100-100-12.openstacklocal,pegasus::transfer,/home/poseidon/pegasus-5.1.0panorama/bin/pegasus-transfer,-n pegasus::transfer -N null -i - -R local  -L xgboost_hp_tuning_group_0 -T 2023-03-07T22:06:53+00:00 /home/poseidon/pegasus-5.1.0panorama/bin/../bin/pegasus-transfer  --threads 2,0.6,0,0,,,,,,,,,
stage_in_local_condorpool_1_0_pegasus-plan_ID0000012,None,transfer,0,1678226837.0,,,1678226842.0,1678226843.0,1678226846.0,810.0,1678226842.0,1678226852.0,,,0.0,1678226852.0,1678226857.0,5.0,,0.0,10.0,5.0,3.0,2874.0,,,poseidon,local,host-10-100-100-12.openstacklocal,pegasus::transfer,/home/poseidon/pegasus-5.1.0panorama/bin/pegasus-transfer,-n pegasus::transfer -N null -i - -R local  -L xgboost_hp_tuning_group_0 -T 2023-03-07T22:06:53+00:00 /home/poseidon/pegasus-5.1.0panorama/bin/../bin/pegasus-transfer  --threads 2,0.5,0,0,,,,,,,,,
stage_in_local_condorpool_0_0_pegasus-plan_ID0000020,None,transfer,0,1678226837.0,,,1678226842.0,1678226843.0,1678226847.0,2830.0,1678226843.0,1678226852.0,,,0.0,1678226852.0,1678226857.0,5.0,,1.0,9.0,5.0,4.0,12142.0,,,poseidon,local,host-10-100-100-12.openstacklocal,pegasus::transfer,/home/poseidon/pegasus-5.1.0panorama/bin/pegasus-transfer,-n pegasus::transfer -N null -i - -R local  -L xgboost_hp_tuning_group_2 -T 2023-03-07T22:06:53+00:00 /home/poseidon/pegasus-5.1.0panorama/bin/../bin/pegasus-transfer  --threads 2,0.6,0,0,,,,,,,,,
stage_in_local_condorpool_1_0_pegasus-plan_ID0000020,None,transfer,0,1678226837.0,,,1678226842.0,1678226843.0,1678226846.0,815.0,1678226842.0,1678226852.0,,,0.0,1678226852.0,1678226857.0,5.0,,0.0,10.0,5.0,3.0,2874.0,,,poseidon,local,host-10-100-100-12.openstacklocal,pegasus::transfer,/home/poseidon/pegasus-5.1.0panorama/bin/pegasus-transfer,-n pegasus::transfer -N null -i - -R local  -L xgboost_hp_tuning_group_2 -T 2023-03-07T22:06:53+00:00 /home/poseidon/pegasus-5.1.0panorama/bin/../bin/pegasus-transfer  --threads 2,0.4,0,0,,,,,,,,,
stage_in_local_condorpool_0_1_pegasus-plan_ID0000020,None,transfer,0,1678226837.0,,,1678226842.0,1678226843.0,1678226860.0,159373440.0,1678226843.0,1678226867.0,,,0.0,1678226867.0,1678226872.0,5.0,,1.0,24.0,5.0,17.0,2646308508.0,,,poseidon,local,host-10-100-100-12.openstacklocal,pegasus::transfer,/home/poseidon/pegasus-5.1.0panorama/bin/pegasus-transfer,-n pegasus::transfer -N null -i - -R local  -L xgboost_hp_tuning_group_2 -T 2023-03-07T22:06:53+00:00 /home/poseidon/pegasus-5.1.0panorama/bin/../bin/pegasus-transfer  --threads 2,11.8,0,0,,,,,,,,,
xgboost_hp_tuning_ID0000023_pegasus-plan_ID0000016,None,compute,0,1678226867.0,,,1678226872.0,1678226888.0,1678226904.0,42582439.5,1678226945.0,1678227017.0,1678226945.0,1678226950.0,251.0,1678227017.0,1678227022.0,5.0,,73.0,72.0,5.0,16.0,377646203.0,5.0,1090.0,poseidon,condorpool,poseidon-worker-2-container-40-47,xgboost_hp_tuning,/srv/xgboost_hp_tuning,,17.5,0,0,,,,,,,,,
xgboost_hp_tuning_ID0000012_pegasus-plan_ID0000016,None,compute,0,1678226867.0,,,1678226872.0,1678226882.0,1678226898.0,42568756.8,1678226913.0,1678227022.0,1678226952.0,1678226956.0,243.0,1678227022.0,1678227027.0,5.0,,41.0,109.0,5.0,16.0,377646203.0,4.0,1048.0,poseidon,condorpool,poseidon-worker-1-container-16-23,xgboost_hp_tuning,/srv/xgboost_hp_tuning,,27.6,0,0,,,,,,,,,
xgboost_hp_tuning_ID0000001_pegasus-plan_ID0000016,None,compute,0,1678226867.0,,,1678226872.0,1678226882.0,1678226898.0,42553478.2,1678226913.0,1678227022.0,1678226952.0,1678226956.0,250.0,1678227022.0,1678227027.0,5.0,,41.0,109.0,5.0,16.0,377646203.0,4.0,1066.0,poseidon,condorpool,poseidon-worker-1-container-8-15,xgboost_hp_tuning,/srv/xgboost_hp_tuning,,15.4,0,0,,,,,,,,,
xgboost_hp_tuning_ID0000004_pegasus-plan_ID0000012,None,compute,0,1678226867.0,,,1678226872.0,1678226962.0,1678226979.0,46575788.0,1678227016.0,1678227107.0,1678227035.0,1678227039.0,253.0,1678227107.0,1678227113.0,5.0,,144.0,91.0,6.0,17.0,502672266.0,4.0,1063.0,poseidon,condorpool,poseidon-worker-3-container-16-23,xgboost_hp_tuning,/srv/xgboost_hp_tuning,,101.9,0,0,0.1,157974580.0,40.0,3334.0,2.0,97.9,3.8,5265819.3,4.0
xgboost_hp_tuning_ID0000016_pegasus-plan_ID0000012,None,compute,0,1678226867.0,,,1678226872.0,1678226961.0,1678226979.0,46668556.2,1678227016.0,1678227107.0,1678227035.0,1678227039.0,252.0,1678227107.0,1678227113.0,5.0,,144.0,91.0,6.0,18.0,502672266.0,4.0,1054.0,poseidon,condorpool,poseidon-worker-3-container-8-15,xgboost_hp_tuning,/srv/xgboost_hp_tuning,,98.5,0,0,0.0,157974549.0,40.0,3334.0,2.0,94.7,3.6,5265818.3,4.0
xgboost_hp_tuning_ID0000005_pegasus-plan_ID0000012,hdd_10,compute,0,1678226867.0,,,1678226872.0,1678226894.0,1678226922.0,43346155.9,1678226951.0,1678227027.0,1678226953.0,1678226957.0,253.0,1678227027.0,1678227032.0,5.0,,79.0,76.0,5.0,28.0,502672266.0,4.0,1078.0,poseidon,condorpool,poseidon-worker-1-container-32-39,xgboost_hp_tuning,/srv/xgboost_hp_tuning,,140.0,0,0,0.1,157972547.0,40.0,3321.0,2.0,106.8,4.5,7898627.3,4.0
xgboost_hp_tuning_ID0000015_pegasus-plan_ID0000012,None,compute,0,1678226867.0,,,1678226872.0,1678226962.0,1678226979.0,46662235.4,1678227016.0,1678227107.0,1678227035.0,1678227039.0,251.0,1678227107.0,1678227113.0,5.0,,144.0,91.0,6.0,17.0,502672266.0,4.0,1054.0,poseidon,condorpool,poseidon-worker-3-container-0-7,xgboost_hp_tuning,/srv/xgboost_hp_tuning,,149.8,0,0,0.0,157974503.0,40.0,3334.0,2.0,146.2,3.5,5265816.8,4.0
xgboost_hp_tuning_ID0000017_pegasus-plan_ID0000012,hdd_10,compute,0,1678226867.0,,,1678226872.0,1678226894.0,1678226922.0,43212983.6,1678226951.0,1678227027.0,1678226952.0,1678226956.0,247.0,1678227027.0,1678227032.0,5.0,,79.0,76.0,5.0,28.0,502672266.0,4.0,1055.0,poseidon,condorpool,poseidon-worker-1-container-24-31,xgboost_hp_tuning,/srv/xgboost_hp_tuning,,88.5,0,0,0.0,157967906.0,40.0,3305.0,2.0,44.2,2.6,15796790.6,4.0
xgboost_hp_tuning_ID0000010_pegasus-plan_ID0000016,hdd_10,compute,0,1678226867.0,,,1678226872.0,1678226816.0,1678226841.0,42680882.5,1678226874.0,1678226952.0,1678226880.0,1678226885.0,246.0,1678226952.0,1678226957.0,5.0,,2.0,78.0,5.0,25.0,377646203.0,5.0,1047.0,poseidon,condorpool,poseidon-worker-1-container-32-39,xgboost_hp_tuning,/srv/xgboost_hp_tuning,,14.5,0,0,,,,,,,,,
xgboost_hp_tuning_ID0000018_pegasus-plan_ID0000012,None,compute,0,1678226867.0,,,1678226872.0,1678226888.0,1678226906.0,46593610.8,1678226946.0,1678227032.0,1678226961.0,1678226965.0,247.0,1678227032.0,1678227037.0,5.0,,74.0,86.0,5.0,18.0,502672266.0,4.0,1056.0,poseidon,condorpool,poseidon-worker-3-container-40-47,xgboost_hp_tuning,/srv/xgboost_hp_tuning,,206.3,0,0,0.0,157978279.0,40.0,3349.0,2.0,191.5,3.4,3949457.0,4.0
xgboost_hp_tuning_ID0000007_pegasus-plan_ID0000012,None,compute,0,1678226867.0,,,1678226872.0,1678226888.0,1678226906.0,46641049.0,1678226946.0,1678227017.0,1678226945.0,1678226949.0,248.0,1678227017.0,1678227022.0,5.0,,74.0,71.0,5.0,18.0,502672266.0,4.0,1063.0,poseidon,condorpool,poseidon-worker-3-container-0-7,xgboost_hp_tuning,/srv/xgboost_hp_tuning,,122.7,0,0,0.0,157970592.0,40.0,3319.0,2.0,103.4,3.4,7898529.6,4.0
xgboost_hp_tuning_ID0000019_pegasus-plan_ID0000012,None,compute,0,1678226867.0,,,1678226872.0,1678226888.0,1678226906.0,46657058.0,1678226946.0,1678227017.0,1678226945.0,1678226949.0,248.0,1678227017.0,1678227022.0,5.0,,74.0,71.0,5.0,18.0,502672266.0,4.0,1060.0,poseidon,condorpool,poseidon-worker-3-container-16-23,xgboost_hp_tuning,/srv/xgboost_hp_tuning,,94.2,0,0,0.0,157966029.0,40.0,3303.0,2.0,43.1,2.7,15796602.9,4.0
xgboost_hp_tuning_ID0000013_pegasus-plan_ID0000016,None,compute,0,1678226867.0,,,1678226872.0,1678226881.0,1678226898.0,42518600.8,1678226913.0,1678227022.0,1678226952.0,1678226956.0,244.0,1678227022.0,1678227027.0,5.0,,41.0,109.0,5.0,17.0,377646203.0,4.0,1053.0,poseidon,condorpool,poseidon-worker-1-container-0-7,xgboost_hp_tuning,/srv/xgboost_hp_tuning,,15.6,0,0,,,,,,,,,
xgboost_hp_tuning_ID0000009_pegasus-plan_ID0000012,None,compute,0,1678226867.0,,,1678226872.0,1678226888.0,1678226905.0,46499594.0,1678226945.0,1678227017.0,1678226945.0,1678226950.0,244.0,1678227017.0,1678227022.0,5.0,,73.0,72.0,5.0,17.0,502672266.0,5.0,1058.0,poseidon,condorpool,poseidon-worker-2-container-0-7,xgboost_hp_tuning,/srv/xgboost_hp_tuning,,174.3,0,0,0.0,157976453.0,40.0,3336.0,2.0,150.8,3.3,5265881.8,4.0
xgboost_hp_tuning_ID0000011_pegasus-plan_ID0000012,hdd_10,compute,0,1678226867.0,,,1678226872.0,1678226888.0,1678226914.0,46497320.8,1678226945.0,1678227022.0,1678226945.0,1678226950.0,243.0,1678227022.0,1678227027.0,5.0,,73.0,77.0,5.0,26.0,502672266.0,5.0,1049.0,poseidon,condorpool,poseidon-worker-2-container-16-23,xgboost_hp_tuning,/srv/xgboost_hp_tuning,,104.4,0,0,0.0,157967902.0,40.0,3305.0,2.0,42.8,2.8,15796790.2,4.0
xgboost_hp_tuning_ID0000022_pegasus-plan_ID0000012,None,compute,0,1678226867.0,,,1678226872.0,1678226888.0,1678226905.0,46530694.4,1678226945.0,1678227017.0,1678226945.0,1678226950.0,247.0,1678227017.0,1678227022.0,5.0,,73.0,72.0,5.0,17.0,502672266.0,5.0,1064.0,poseidon,condorpool,poseidon-worker-2-container-24-31,xgboost_hp_tuning,/srv/xgboost_hp_tuning,,87.5,0,0,0.0,157967903.0,40.0,3305.0,2.0,44.3,2.7,15796790.3,4.0
xgboost_hp_tuning_ID0000010_pegasus-plan_ID0000012,None,compute,0,1678226867.0,,,1678226872.0,1678226888.0,1678226905.0,46733341.0,1678226945.0,1678227017.0,1678226945.0,1678226949.0,249.0,1678227017.0,1678227022.0,5.0,,73.0,72.0,5.0,17.0,502672266.0,4.0,1049.0,poseidon,condorpool,poseidon-worker-3-container-8-15,xgboost_hp_tuning,/srv/xgboost_hp_tuning,,112.8,0,0,0.0,157970620.0,40.0,3319.0,2.0,104.0,3.4,7898531.0,4.0
xgboost_hp_tuning_ID0000021_pegasus-plan_ID0000012,None,compute,0,1678226867.0,,,1678226872.0,1678226888.0,1678226906.0,46550448.0,1678226945.0,1678227017.0,1678226945.0,1678226950.0,245.0,1678227017.0,1678227022.0,5.0,,73.0,72.0,5.0,18.0,502672266.0,5.0,1062.0,poseidon,condorpool,poseidon-worker-2-container-8-15,xgboost_hp_tuning,/srv/xgboost_hp_tuning,,106.4,0,0,0.0,157972670.0,40.0,3321.0,2.0,99.7,3.7,7898633.5,4.0
xgboost_hp_tuning_ID0000006_pegasus-plan_ID0000012,hdd_10,compute,0,1678226867.0,,,1678226872.0,1678226888.0,1678226915.0,46661709.8,1678226946.0,1678227022.0,1678226947.0,1678226952.0,258.0,1678227022.0,1678227027.0,5.0,,74.0,76.0,5.0,27.0,502672266.0,5.0,1064.0,poseidon,condorpool,poseidon-worker-3-container-24-31,xgboost_hp_tuning,/srv/xgboost_hp_tuning,,133.9,0,0,0.0,157970664.0,40.0,3319.0,2.0,93.6,3.7,7898533.2,4.0
xgboost_hp_tuning_ID0000002_pegasus-plan_ID0000016,None,compute,0,1678226867.0,,,1678226872.0,1678226881.0,1678226898.0,42487226.0,1678226913.0,1678227022.0,1678226952.0,1678226956.0,248.0,1678227022.0,1678227027.0,5.0,,41.0,109.0,5.0,17.0,377646203.0,4.0,1059.0,poseidon,condorpool,poseidon-worker-1-container-40-47,xgboost_hp_tuning,/srv/xgboost_hp_tuning,,15.6,0,0,,,,,,,,,
xgboost_hp_tuning_ID0000016_pegasus-plan_ID0000016,hdd_10,compute,0,1678226867.0,,,1678226872.0,1678226819.0,1678226844.0,42573040.0,1678226874.0,1678226947.0,1678226875.0,1678226879.0,251.0,1678226947.0,1678226952.0,5.0,,2.0,73.0,5.0,25.0,377646203.0,4.0,1056.0,poseidon,condorpool,poseidon-worker-3-container-24-31,xgboost_hp_tuning,/srv/xgboost_hp_tuning,,13.2,0,0,,,,,,,,,
xgboost_hp_tuning_ID0000003_pegasus-plan_ID0000016,None,compute,0,1678226867.0,,,1678226872.0,1678226819.0,1678226835.0,42621643.0,1678226874.0,1678226947.0,1678226875.0,1678226879.0,249.0,1678226947.0,1678226952.0,5.0,,2.0,73.0,5.0,16.0,377646203.0,4.0,1070.0,poseidon,condorpool,poseidon-worker-3-container-0-7,xgboost_hp_tuning,/srv/xgboost_hp_tuning,,16.1,0,0,,,,,,,,,
xgboost_hp_tuning_ID0000023_pegasus-plan_ID0000012,hdd_10,compute,0,1678226867.0,,,1678226872.0,1678226964.0,1678227028.0,46493741.4,1678227022.0,1678227123.0,1678227053.0,1678227057.0,255.0,1678227123.0,1678227128.0,5.0,,150.0,101.0,5.0,64.0,502672266.0,4.0,1090.0,poseidon,condorpool,poseidon-worker-2-container-16-23,xgboost_hp_tuning,/srv/xgboost_hp_tuning,,95.1,0,0,0.0,157967989.0,40.0,3305.0,2.0,41.5,2.8,15796798.9,4.0
xgboost_hp_tuning_ID0000012_pegasus-plan_ID0000012,hdd_10,compute,0,1678226867.0,,,1678226872.0,1678226964.0,1678226992.0,46624669.8,1678227021.0,1678227112.0,1678227039.0,1678227043.0,250.0,1678227112.0,1678227118.0,5.0,,149.0,91.0,6.0,28.0,502672266.0,4.0,1049.0,poseidon,condorpool,poseidon-worker-3-container-24-31,xgboost_hp_tuning,/srv/xgboost_hp_tuning,,74.7,0,0,0.0,157966109.0,40.0,3303.0,2.0,42.7,2.9,15796610.9,4.0
xgboost_hp_tuning_ID0000001_pegasus-plan_ID0000012,None,compute,0,1678226867.0,,,1678226872.0,1678226962.0,1678227028.0,46529370.4,1678227016.0,1678227128.0,1678227054.0,1678227059.0,247.0,1678227128.0,1678227133.0,5.0,,144.0,112.0,5.0,66.0,502672266.0,5.0,1061.0,poseidon,condorpool,poseidon-worker-2-container-8-15,xgboost_hp_tuning,/srv/xgboost_hp_tuning,,108.0,0,0,0.0,157968020.0,40.0,3305.0,2.0,42.6,2.6,15796802.0,4.0
xgboost_hp_tuning_ID0000013_pegasus-plan_ID0000012,None,compute,0,1678226867.0,,,1678226872.0,1678226962.0,1678227028.0,46469437.6,1678227016.0,1678227133.0,1678227061.0,1678227065.0,245.0,1678227133.0,1678227138.0,5.0,,144.0,117.0,5.0,66.0,502672266.0,4.0,1057.0,poseidon,condorpool,poseidon-worker-2-container-0-7,xgboost_hp_tuning,/srv/xgboost_hp_tuning,,151.8,0,0,0.1,157972638.0,40.0,3321.0,2.0,108.9,3.2,7898631.9,4.0
xgboost_hp_tuning_ID0000002_pegasus-plan_ID0000012,None,compute,0,1678226867.0,,,1678226872.0,1678226962.0,1678227028.0,46443270.8,1678227016.0,1678227128.0,1678227058.0,1678227062.0,247.0,1678227128.0,1678227133.0,5.0,,144.0,112.0,5.0,66.0,502672266.0,4.0,1063.0,poseidon,condorpool,poseidon-worker-2-container-40-47,xgboost_hp_tuning,/srv/xgboost_hp_tuning,,123.5,0,0,0.1,157972644.0,40.0,3321.0,2.0,102.2,3.0,7898632.2,4.0
xgboost_hp_tuning_ID0000014_pegasus-plan_ID0000012,None,compute,0,1678226867.0,,,1678226872.0,1678226962.0,1678227028.0,46508894.8,1678227016.0,1678227123.0,1678227053.0,1678227057.0,247.0,1678227123.0,1678227128.0,5.0,,144.0,107.0,5.0,66.0,502672266.0,4.0,1054.0,poseidon,condorpool,poseidon-worker-2-container-24-31,xgboost_hp_tuning,/srv/xgboost_hp_tuning,,94.0,0,0,0.0,157967988.0,40.0,3305.0,2.0,42.5,2.8,15796798.8,4.0
xgboost_hp_tuning_ID0000003_pegasus-plan_ID0000012,None,compute,0,1678226867.0,,,1678226872.0,1678226962.0,1678226980.0,46666838.4,1678227016.0,1678227107.0,1678227035.0,1678227039.0,255.0,1678227107.0,1678227113.0,5.0,,144.0,91.0,6.0,18.0,502672266.0,4.0,1069.0,poseidon,condorpool,poseidon-worker-3-container-32-39,xgboost_hp_tuning,/srv/xgboost_hp_tuning,,112.4,0,0,0.0,157974674.0,40.0,3334.0,2.0,108.8,3.5,5265822.5,4.0
xgboost_hp_tuning_ID0000009_pegasus-plan_ID0000016,None,compute,0,1678226867.0,,,1678226872.0,1678226816.0,1678226833.0,42552841.0,1678226874.0,1678226947.0,1678226874.0,1678226879.0,242.0,1678226947.0,1678226952.0,5.0,,2.0,73.0,5.0,17.0,377646203.0,5.0,1059.0,poseidon,condorpool,poseidon-worker-2-container-8-15,xgboost_hp_tuning,/srv/xgboost_hp_tuning,,14.9,0,0,,,,,,,,,
xgboost_hp_tuning_ID0000011_pegasus-plan_ID0000016,None,compute,0,1678226867.0,,,1678226872.0,1678226816.0,1678226833.0,42586235.2,1678226874.0,1678226947.0,1678226874.0,1678226879.0,240.0,1678226947.0,1678226952.0,5.0,,2.0,73.0,5.0,17.0,377646203.0,5.0,1048.0,poseidon,condorpool,poseidon-worker-2-container-0-7,xgboost_hp_tuning,/srv/xgboost_hp_tuning,,15.6,0,0,,,,,,,,,
xgboost_hp_tuning_ID0000022_pegasus-plan_ID0000016,None,compute,0,1678226867.0,,,1678226872.0,1678226819.0,1678226835.0,42651217.0,1678226874.0,1678226947.0,1678226875.0,1678226879.0,254.0,1678226947.0,1678226952.0,5.0,,2.0,73.0,5.0,16.0,377646203.0,4.0,1064.0,poseidon,condorpool,poseidon-worker-3-container-32-39,xgboost_hp_tuning,/srv/xgboost_hp_tuning,,15.1,0,0,,,,,,,,,
xgboost_hp_tuning_ID0000014_pegasus-plan_ID0000016,None,compute,0,1678226867.0,,,1678226872.0,1678226816.0,1678226833.0,42614439.2,1678226874.0,1678226912.0,1678226843.0,1678226847.0,253.0,1678226912.0,1678226917.0,5.0,,2.0,38.0,5.0,17.0,377646203.0,4.0,1052.0,poseidon,condorpool,poseidon-worker-1-container-0-7,xgboost_hp_tuning,/srv/xgboost_hp_tuning,,15.7,0,0,,,,,,,,,
xgboost_hp_tuning_ID0000021_pegasus-plan_ID0000016,None,compute,0,1678226867.0,,,1678226872.0,1678226819.0,1678226835.0,42700340.5,1678226874.0,1678226947.0,1678226875.0,1678226879.0,247.0,1678226947.0,1678226952.0,5.0,,2.0,73.0,5.0,16.0,377646203.0,4.0,1061.0,poseidon,condorpool,poseidon-worker-3-container-40-47,xgboost_hp_tuning,/srv/xgboost_hp_tuning,,19.5,0,0,,,,,,,,,
xgboost_hp_tuning_ID0000008_pegasus-plan_ID0000016,hdd_10,compute,0,1678226867.0,,,1678226872.0,1678226816.0,1678226841.0,42566863.0,1678226874.0,1678226952.0,1678226880.0,1678226885.0,248.0,1678226952.0,1678226957.0,5.0,,2.0,78.0,5.0,25.0,377646203.0,5.0,1057.0,poseidon,condorpool,poseidon-worker-1-container-24-31,xgboost_hp_tuning,/srv/xgboost_hp_tuning,,18.4,0,0,,,,,,,,,
xgboost_hp_tuning_ID0000019_pegasus-plan_ID0000016,None,compute,0,1678226867.0,,,1678226872.0,1678226819.0,1678226835.0,42647879.8,1678226874.0,1678226947.0,1678226875.0,1678226879.0,251.0,1678226947.0,1678226952.0,5.0,,2.0,73.0,5.0,16.0,377646203.0,4.0,1058.0,poseidon,condorpool,poseidon-worker-3-container-16-23,xgboost_hp_tuning,/srv/xgboost_hp_tuning,,16.0,0,0,,,,,,,,,
xgboost_hp_tuning_ID0000007_pegasus-plan_ID0000016,None,compute,0,1678226867.0,,,1678226872.0,1678226816.0,1678226833.0,42664107.0,1678226874.0,1678226912.0,1678226843.0,1678226847.0,256.0,1678226912.0,1678226917.0,5.0,,2.0,38.0,5.0,17.0,377646203.0,4.0,1067.0,poseidon,condorpool,poseidon-worker-1-container-8-15,xgboost_hp_tuning,/srv/xgboost_hp_tuning,,16.9,0,0,,,,,,,,,
xgboost_hp_tuning_ID0000018_pegasus-plan_ID0000016,None,compute,0,1678226867.0,,,1678226872.0,1678226816.0,1678226833.0,42576741.2,1678226874.0,1678226912.0,1678226843.0,1678226847.0,248.0,1678226912.0,1678226917.0,5.0,,2.0,38.0,5.0,17.0,377646203.0,4.0,1053.0,poseidon,condorpool,poseidon-worker-1-container-16-23,xgboost_hp_tuning,/srv/xgboost_hp_tuning,,15.8,0,0,,,,,,,,,
xgboost_hp_tuning_ID0000006_pegasus-plan_ID0000016,hdd_10,compute,0,1678226867.0,,,1678226872.0,1678226816.0,1678226842.0,42564809.8,1678226874.0,1678226947.0,1678226874.0,1678226879.0,243.0,1678226947.0,1678226952.0,5.0,,2.0,73.0,5.0,26.0,377646203.0,5.0,1067.0,poseidon,condorpool,poseidon-worker-2-container-32-39,xgboost_hp_tuning,/srv/xgboost_hp_tuning,,14.8,0,0,,,,,,,,,
xgboost_hp_tuning_ID0000017_pegasus-plan_ID0000016,None,compute,0,1678226867.0,,,1678226872.0,1678226816.0,1678226833.0,42601813.2,1678226874.0,1678226947.0,1678226874.0,1678226879.0,244.0,1678226947.0,1678226952.0,5.0,,2.0,73.0,5.0,17.0,377646203.0,5.0,1056.0,poseidon,condorpool,poseidon-worker-2-container-40-47,xgboost_hp_tuning,/srv/xgboost_hp_tuning,,16.7,0,0,,,,,,,,,
xgboost_hp_tuning_ID0000005_pegasus-plan_ID0000016,hdd_10,compute,0,1678226867.0,,,1678226872.0,1678226816.0,1678226841.0,42623344.2,1678226874.0,1678226947.0,1678226874.0,1678226879.0,246.0,1678226947.0,1678226952.0,5.0,,2.0,73.0,5.0,25.0,377646203.0,5.0,1077.0,poseidon,condorpool,poseidon-worker-2-container-16-23,xgboost_hp_tuning,/srv/xgboost_hp_tuning,,16.5,0,0,,,,,,,,,
xgboost_hp_tuning_ID0000020_pegasus-plan_ID0000012,hdd_10,compute,0,1678226867.0,,,1678226872.0,1678226888.0,1678226915.0,46460820.8,1678226945.0,1678227022.0,1678226945.0,1678226950.0,245.0,1678227022.0,1678227027.0,5.0,,73.0,77.0,5.0,27.0,502672266.0,5.0,1063.0,poseidon,condorpool,poseidon-worker-2-container-32-39,xgboost_hp_tuning,/srv/xgboost_hp_tuning,,103.5,0,0,0.0,157967900.0,40.0,3305.0,2.0,43.0,2.9,15796790.0,4.0
xgboost_hp_tuning_ID0000004_pegasus-plan_ID0000016,None,compute,0,1678226867.0,,,1678226872.0,1678226816.0,1678226833.0,42599757.2,1678226874.0,1678226947.0,1678226874.0,1678226879.0,243.0,1678226947.0,1678226952.0,5.0,,2.0,73.0,5.0,17.0,377646203.0,5.0,1062.0,poseidon,condorpool,poseidon-worker-2-container-24-31,xgboost_hp_tuning,/srv/xgboost_hp_tuning,,16.9,0,0,,,,,,,,,
xgboost_hp_tuning_ID0000015_pegasus-plan_ID0000016,None,compute,0,1678226867.0,,,1678226872.0,1678226819.0,1678226835.0,42644098.5,1678226874.0,1678226947.0,1678226875.0,1678226879.0,251.0,1678226947.0,1678226952.0,5.0,,2.0,73.0,5.0,16.0,377646203.0,4.0,1053.0,poseidon,condorpool,poseidon-worker-3-container-8-15,xgboost_hp_tuning,/srv/xgboost_hp_tuning,,14.5,0,0,,,,,,,,,
xgboost_hp_tuning_ID0000020_pegasus-plan_ID0000016,None,compute,0,1678226867.0,,,1678226872.0,1678226816.0,1678226832.0,42632680.5,1678226874.0,1678226912.0,1678226843.0,1678226847.0,249.0,1678226912.0,1678226917.0,5.0,,2.0,38.0,5.0,16.0,377646203.0,4.0,1062.0,poseidon,condorpool,poseidon-worker-1-container-40-47,xgboost_hp_tuning,/srv/xgboost_hp_tuning,,14.6,0,0,,,,,,,,,
xgboost_hp_tuning_ID0000008_pegasus-plan_ID0000012,None,compute,0,1678226867.0,,,1678226872.0,1678226888.0,1678226905.0,46732549.2,1678226945.0,1678227017.0,1678226945.0,1678226950.0,245.0,1678227017.0,1678227022.0,5.0,,73.0,72.0,5.0,17.0,502672266.0,5.0,1059.0,poseidon,condorpool,poseidon-worker-3-container-32-39,xgboost_hp_tuning,/srv/xgboost_hp_tuning,,130.2,0,0,0.0,157970844.0,40.0,3319.0,2.0,102.0,3.5,7898542.2,4.0
xgboost_hp_tuning_ID0000009_pegasus-plan_ID0000020,hdd_10,compute,0,1678226872.0,,,1678226877.0,1678226964.0,1678227071.0,68941861.2,1678227022.0,1678227513.0,1678227440.0,1678227444.0,251.0,1678227513.0,1678227518.0,5.0,,145.0,491.0,5.0,107.0,1691153157.0,4.0,1061.0,poseidon,condorpool,poseidon-worker-2-container-32-39,xgboost_hp_tuning,/srv/xgboost_hp_tuning,,1813.5,0,0,0.1,1346572187.0,40.0,3786.0,2.0,1757.3,51.6,4080521.8,4.0
xgboost_hp_tuning_ID0000001_pegasus-plan_ID0000020,None,compute,0,1678226872.0,,,1678226877.0,1678227373.0,1678227405.0,68895363.8,1678227431.0,1678227784.0,1678227715.0,1678227719.0,251.0,1678227784.0,1678227789.0,5.0,,554.0,353.0,5.0,32.0,1691153157.0,4.0,1062.0,poseidon,condorpool,poseidon-worker-1-container-16-23,xgboost_hp_tuning,/srv/xgboost_hp_tuning,,1684.8,0,0,0.1,1346560923.0,40.0,3742.0,2.0,1627.2,51.3,4488536.4,4.0
xgboost_hp_tuning_ID0000011_pegasus-plan_ID0000020,None,compute,0,1678226872.0,,,1678226877.0,1678226967.0,1678226999.0,68981445.7,1678227022.0,1678227428.0,1678227356.0,1678227360.0,247.0,1678227428.0,1678227433.0,5.0,,145.0,406.0,5.0,32.0,1691153157.0,4.0,1051.0,poseidon,condorpool,poseidon-worker-1-container-8-15,xgboost_hp_tuning,/srv/xgboost_hp_tuning,,1971.2,0,0,0.1,1346575949.0,40.0,3801.0,2.0,1867.0,56.1,3960517.5,4.0
xgboost_hp_tuning_ID0000013_pegasus-plan_ID0000020,hdd_10,compute,0,1678226872.0,,,1678226877.0,1678227371.0,1678227411.0,68926984.0,1678227429.0,1678227820.0,1678227748.0,1678227752.0,249.0,1678227820.0,1678227825.0,5.0,,552.0,391.0,5.0,40.0,1691153157.0,4.0,1055.0,poseidon,condorpool,poseidon-worker-1-container-32-39,xgboost_hp_tuning,/srv/xgboost_hp_tuning,,1846.7,0,0,0.1,1346568613.0,40.0,3771.0,2.0,1745.3,49.9,4208026.9,4.0
xgboost_hp_tuning_ID0000002_pegasus-plan_ID0000020,None,compute,0,1678226872.0,,,1678226877.0,1678227369.0,1678227401.0,68833663.8,1678227426.0,1678227779.0,1678227706.0,1678227711.0,251.0,1678227779.0,1678227784.0,5.0,,549.0,353.0,5.0,32.0,1691153157.0,5.0,1062.0,poseidon,condorpool,poseidon-worker-1-container-8-15,xgboost_hp_tuning,/srv/xgboost_hp_tuning,,1633.9,0,0,0.0,1346556961.0,40.0,3726.0,2.0,1540.3,51.2,4643299.9,4.0
xgboost_hp_tuning_ID0000014_pegasus-plan_ID0000020,None,compute,0,1678226872.0,,,1678226877.0,1678227286.0,1678227317.0,69037766.6,1678227343.0,1678227694.0,1678227623.0,1678227627.0,253.0,1678227694.0,1678227699.0,5.0,,466.0,351.0,5.0,31.0,1691153157.0,4.0,1053.0,poseidon,condorpool,poseidon-worker-3-container-32-39,xgboost_hp_tuning,/srv/xgboost_hp_tuning,,1614.2,0,0,0.0,1346555196.0,40.0,3724.0,2.0,1521.8,54.3,4643293.8,4.0
xgboost_hp_tuning_ID0000003_pegasus-plan_ID0000020,None,compute,0,1678226872.0,,,1678226877.0,1678227106.0,1678227137.0,68898879.2,1678227132.0,1678227578.0,1678227508.0,1678227512.0,253.0,1678227578.0,1678227583.0,5.0,,255.0,446.0,5.0,31.0,1691153157.0,4.0,1068.0,poseidon,condorpool,poseidon-worker-2-container-0-7,xgboost_hp_tuning,/srv/xgboost_hp_tuning,,2011.3,0,0,0.1,1346583574.0,40.0,3831.0,2.0,1939.8,65.4,3740509.9,4.0
xgboost_hp_tuning_ID0000015_pegasus-plan_ID0000020,None,compute,0,1678226872.0,,,1678226877.0,1678227071.0,1678227134.0,29460812.3,1678227128.0,1678227598.0,1678227527.0,1678227531.0,250.0,1678227598.0,1678227603.0,5.0,,251.0,470.0,5.0,63.0,1691153157.0,4.0,1055.0,poseidon,condorpool,poseidon-worker-2-container-40-47,xgboost_hp_tuning,/srv/xgboost_hp_tuning,,2222.5,0,0,0.1,1346591644.0,40.0,3861.0,2.0,2129.4,66.9,3543662.2,4.0
xgboost_hp_tuning_ID0000004_pegasus-plan_ID0000020,None,compute,0,1678226872.0,,,1678226877.0,1678227068.0,1678227130.0,29466755.1,1678227125.0,1678227543.0,1678227472.0,1678227476.0,251.0,1678227543.0,1678227548.0,5.0,,248.0,418.0,5.0,62.0,1691153157.0,4.0,1061.0,poseidon,condorpool,poseidon-worker-2-container-8-15,xgboost_hp_tuning,/srv/xgboost_hp_tuning,,1855.0,0,0,0.0,1346572236.0,40.0,3786.0,2.0,1782.2,62.9,4080521.9,4.0
xgboost_hp_tuning_ID0000016_pegasus-plan_ID0000020,hdd_10,compute,0,1678226872.0,,,1678226877.0,1678227066.0,1678227124.0,68892595.4,1678227123.0,1678227568.0,1678227497.0,1678227501.0,248.0,1678227568.0,1678227573.0,5.0,,246.0,445.0,5.0,58.0,1691153157.0,4.0,1055.0,poseidon,condorpool,poseidon-worker-2-container-16-23,xgboost_hp_tuning,/srv/xgboost_hp_tuning,,2034.5,0,0,0.1,1346583931.0,40.0,3831.0,2.0,1948.8,64.0,3740510.9,4.0
xgboost_hp_tuning_ID0000005_pegasus-plan_ID0000020,None,compute,0,1678226872.0,,,1678226877.0,1678227066.0,1678227124.0,68913061.9,1678227123.0,1678227583.0,1678227510.0,1678227514.0,253.0,1678227583.0,1678227588.0,5.0,,246.0,460.0,5.0,58.0,1691153157.0,4.0,1076.0,poseidon,condorpool,poseidon-worker-2-container-24-31,xgboost_hp_tuning,/srv/xgboost_hp_tuning,,2183.3,0,0,0.0,1346587736.0,40.0,3846.0,2.0,2068.9,72.3,3639426.3,4.0
xgboost_hp_tuning_ID0000023_pegasus-plan_ID0000020,None,compute,0,1678226872.0,,,1678226877.0,1678227402.0,1678227433.0,69033652.9,1678227459.0,1678227840.0,1678227770.0,1678227774.0,258.0,1678227840.0,1678227845.0,5.0,,582.0,381.0,5.0,31.0,1691153157.0,4.0,1092.0,poseidon,condorpool,poseidon-worker-3-container-16-23,xgboost_hp_tuning,/srv/xgboost_hp_tuning,,1844.2,0,0,0.1,1346566749.0,40.0,3769.0,2.0,1741.5,53.4,4208021.1,4.0
xgboost_hp_tuning_ID0000017_pegasus-plan_ID0000020,hdd_10,compute,0,1678226872.0,,,1678226877.0,1678227052.0,1678227090.0,69043505.1,1678227109.0,1678227568.0,1678227495.0,1678227499.0,251.0,1678227568.0,1678227573.0,5.0,,232.0,459.0,5.0,38.0,1691153157.0,4.0,1054.0,poseidon,condorpool,poseidon-worker-3-container-24-31,xgboost_hp_tuning,/srv/xgboost_hp_tuning,,2284.5,0,0,0.0,1346593561.0,40.0,3874.0,2.0,2177.7,67.3,3452804.0,4.0
xgboost_hp_tuning_ID0000012_pegasus-plan_ID0000020,hdd_10,compute,0,1678226872.0,,,1678226877.0,1678227376.0,1678227415.0,68926198.9,1678227434.0,1678227860.0,1678227788.0,1678227792.0,248.0,1678227860.0,1678227865.0,5.0,,557.0,426.0,5.0,39.0,1691153157.0,4.0,1049.0,poseidon,condorpool,poseidon-worker-1-container-24-31,xgboost_hp_tuning,/srv/xgboost_hp_tuning,,2096.0,0,0,0.0,1346583914.0,40.0,3831.0,2.0,2021.3,50.4,3740510.9,4.0
xgboost_hp_tuning_ID0000018_pegasus-plan_ID0000020,None,compute,0,1678226872.0,,,1678226877.0,1678227048.0,1678227079.0,69033034.7,1678227105.0,1678227573.0,1678227500.0,1678227504.0,254.0,1678227573.0,1678227578.0,5.0,,228.0,468.0,5.0,31.0,1691153157.0,4.0,1056.0,poseidon,condorpool,poseidon-worker-3-container-0-7,xgboost_hp_tuning,/srv/xgboost_hp_tuning,,2397.3,0,0,0.0,1346600809.0,40.0,3904.0,2.0,2324.1,65.6,3284392.2,4.0
xgboost_hp_tuning_ID0000019_pegasus-plan_ID0000020,None,compute,0,1678226872.0,,,1678226877.0,1678226974.0,1678227035.0,30641434.6,1678227031.0,1678227639.0,1678227567.0,1678227571.0,252.0,1678227639.0,1678227644.0,5.0,,154.0,608.0,5.0,61.0,1691153157.0,4.0,1060.0,poseidon,condorpool,poseidon-worker-3-container-40-47,xgboost_hp_tuning,/srv/xgboost_hp_tuning,,3043.5,0,0,0.0,1346643137.0,40.0,4069.0,2.0,2947.2,80.4,2589698.3,4.0
xgboost_hp_tuning_ID0000008_pegasus-plan_ID0000020,hdd_10,compute,0,1678226872.0,,,1678226877.0,1678226970.0,1678227012.0,68888360.4,1678227027.0,1678227428.0,1678227358.0,1678227362.0,251.0,1678227428.0,1678227433.0,5.0,,150.0,401.0,5.0,42.0,1691153157.0,4.0,1055.0,poseidon,condorpool,poseidon-worker-1-container-32-39,xgboost_hp_tuning,/srv/xgboost_hp_tuning,,1898.9,0,0,0.1,1346572223.0,40.0,3786.0,2.0,1799.1,52.7,4080521.9,4.0
xgboost_hp_tuning_ID0000020_pegasus-plan_ID0000020,hdd_10,compute,0,1678226872.0,,,1678226877.0,1678226970.0,1678227012.0,68846581.7,1678227027.0,1678227433.0,1678227363.0,1678227367.0,250.0,1678227433.0,1678227438.0,5.0,,150.0,406.0,5.0,42.0,1691153157.0,4.0,1060.0,poseidon,condorpool,poseidon-worker-1-container-24-31,xgboost_hp_tuning,/srv/xgboost_hp_tuning,,1910.2,0,0,0.0,1346576032.0,40.0,3801.0,2.0,1839.9,58.8,3960517.7,4.0
xgboost_hp_tuning_ID0000021_pegasus-plan_ID0000020,None,compute,0,1678226872.0,,,1678226877.0,1678226968.0,1678226999.0,68924749.4,1678227023.0,1678227408.0,1678227335.0,1678227339.0,248.0,1678227408.0,1678227413.0,5.0,,146.0,385.0,5.0,31.0,1691153157.0,4.0,1063.0,poseidon,condorpool,poseidon-worker-1-container-40-47,xgboost_hp_tuning,/srv/xgboost_hp_tuning,,1792.7,0,0,0.0,1346568382.0,40.0,3771.0,2.0,1695.1,52.7,4208026.2,4.0
xgboost_hp_tuning_ID0000010_pegasus-plan_ID0000020,None,compute,0,1678226872.0,,,1678226877.0,1678226967.0,1678226999.0,68927521.9,1678227023.0,1678227433.0,1678227360.0,1678227364.0,248.0,1678227433.0,1678227438.0,5.0,,146.0,410.0,5.0,32.0,1691153157.0,4.0,1048.0,poseidon,condorpool,poseidon-worker-1-container-16-23,xgboost_hp_tuning,/srv/xgboost_hp_tuning,,2011.9,0,0,0.0,1346579858.0,40.0,3816.0,2.0,1943.7,58.2,3847371.0,4.0
xgboost_hp_tuning_ID0000022_pegasus-plan_ID0000020,None,compute,0,1678226872.0,,,1678226877.0,1678226967.0,1678226999.0,69035755.5,1678227023.0,1678227423.0,1678227353.0,1678227358.0,248.0,1678227423.0,1678227428.0,5.0,,146.0,400.0,5.0,32.0,1691153157.0,5.0,1062.0,poseidon,condorpool,poseidon-worker-1-container-0-7,xgboost_hp_tuning,/srv/xgboost_hp_tuning,,1901.6,0,0,0.1,1346575781.0,40.0,3801.0,2.0,1811.3,55.9,3960517.0,4.0
xgboost_hp_tuning_ID0000006_pegasus-plan_ID0000020,None,compute,0,1678226872.0,,,1678226877.0,1678227048.0,1678227079.0,68988627.0,1678227105.0,1678227483.0,1678227409.0,1678227413.0,253.0,1678227483.0,1678227488.0,5.0,,228.0,378.0,5.0,31.0,1691153157.0,4.0,1066.0,poseidon,condorpool,poseidon-worker-3-container-8-15,xgboost_hp_tuning,/srv/xgboost_hp_tuning,,1817.7,0,0,0.0,1346566522.0,4041.0,3769.0,5.0,1765.9,51.6,4208020.4,202.1
xgboost_hp_tuning_ID0000007_pegasus-plan_ID0000020,None,compute,0,1678226872.0,,,1678226877.0,1678227048.0,1678227079.0,69113967.2,1678227105.0,1678227463.0,1678227389.0,1678227393.0,254.0,1678227463.0,1678227468.0,5.0,,228.0,358.0,5.0,31.0,1691153157.0,4.0,1066.0,poseidon,condorpool,poseidon-worker-3-container-16-23,xgboost_hp_tuning,/srv/xgboost_hp_tuning,,1671.1,0,0,0.0,1346559001.0,4041.0,3739.0,5.0,1624.4,46.7,4488530.0,202.1
stage_out_local_condorpool_0_2_pegasus-plan_ID0000016,None,transfer,0,1678227027.0,,,1678227032.0,,,0.0,1678227032.0,1678227042.0,1678227033.0,1678227037.0,1840.0,1678227042.0,1678227047.0,5.0,,0.0,10.0,5.0,,,4.0,7429.0,poseidon,local,host-10-100-100-12.openstacklocal,pegasus::transfer,/home/poseidon/pegasus-5.1.0panorama/bin/pegasus-transfer,/home/poseidon/pegasus-5.1.0panorama/bin/../bin/pegasus-kickstart  -n pegasus::transfer -N null -i - -R local  -L xgboost_hp_tuning_group_1 -T 2023-03-07T22:06:53+00:00 /home/poseidon/pegasus-5.1.0panorama/bin/../bin/pegasus-transfer  --threads 2,1.0,0,0,,,,,,,,,
stage_out_local_condorpool_0_1_pegasus-plan_ID0000016,None,transfer,0,1678227027.0,,,1678227032.0,,,0.0,1678227032.0,1678227042.0,1678227033.0,1678227037.0,2107.0,1678227042.0,1678227047.0,5.0,,0.0,10.0,5.0,,,4.0,8503.0,poseidon,local,host-10-100-100-12.openstacklocal,pegasus::transfer,/home/poseidon/pegasus-5.1.0panorama/bin/pegasus-transfer,/home/poseidon/pegasus-5.1.0panorama/bin/../bin/pegasus-kickstart  -n pegasus::transfer -N null -i - -R local  -L xgboost_hp_tuning_group_1 -T 2023-03-07T22:06:53+00:00 /home/poseidon/pegasus-5.1.0panorama/bin/../bin/pegasus-transfer  --threads 2,1.1,0,0,,,,,,,,,
xgboost_best_params_ID0000024_pegasus-plan_ID0000016,None,compute,0,1678227027.0,,,1678227032.0,1678227048.0,1678227065.0,37097094.0,1678227105.0,1678227177.0,1678227106.0,1678227111.0,255.0,1678227177.0,1678227182.0,5.0,,73.0,72.0,5.0,17.0,368018654.0,5.0,1077.0,poseidon,condorpool,poseidon-worker-3-container-32-39,xgboost_best_params,/srv/xgboost_best_params,,0.0,0,0,,,,,,,,,
stage_out_local_condorpool_0_0_pegasus-plan_ID0000016,None,transfer,0,1678227027.0,,,1678227032.0,,,0.0,1678227032.0,1678227042.0,1678227033.0,1678227037.0,2095.0,1678227042.0,1678227047.0,5.0,,0.0,10.0,5.0,,,4.0,8453.0,poseidon,local,host-10-100-100-12.openstacklocal,pegasus::transfer,/home/poseidon/pegasus-5.1.0panorama/bin/pegasus-transfer,/home/poseidon/pegasus-5.1.0panorama/bin/../bin/pegasus-kickstart  -n pegasus::transfer -N null -i - -R local  -L xgboost_hp_tuning_group_1 -T 2023-03-07T22:06:53+00:00 /home/poseidon/pegasus-5.1.0panorama/bin/../bin/pegasus-transfer  --threads 2,1.1,0,0,,,,,,,,,
register_condorpool_0_1_pegasus-plan_ID0000016,None,auxiliary,0,1678227047.0,,,1678227062.0,,,0.0,1678227062.0,1678227067.0,,,0.0,1678227067.0,1678227072.0,15.0,,0.0,5.0,5.0,,,,,poseidon,local,host-10-100-100-12.openstacklocal,pegasus::rc-client,/home/poseidon/pegasus-5.1.0panorama/bin/pegasus-rc-client,"-n pegasus::rc-client -N null -R local  -L xgboost_hp_tuning_group_1 -T 2023-03-07T22:06:53+00:00 /home/poseidon/pegasus-5.1.0panorama/bin/pegasus-rc-client --prefix pegasus.catalog.replica.output --conf /home/poseidon/workflows/predict-future-sales-workflow/submit/poseidon/pegasus/predict-future-sales/run0495/00/00/./xgboost_hp_tuning_group_1.000/pegasus.12254940944073483352.properties -v --meta /home/poseidon/workflows/predict-future-sales-workflow/submit/poseidon/pegasus/predict-future-sales/run0495/00/00/./xgboost_hp_tuning_group_1.000/00/00/xgboost_hp_tuning_ID0000013.meta,/home/poseidon/workflows/predict-future-sales-workflow/submit/poseidon/pegasus/predict-future-sales/run0495/00/00/./xgboost_hp_tuning_group_1.000/00/00/xgboost_hp_tuning_ID0000023.meta,/home/poseidon/workflows/predict-future-sales-workflow/submit/poseidon/pegasus/predict-future-sales/run0495/00/00/./xgboost_hp_tuning_group_1.000/00/00/xgboost_hp_tuning_ID0000011.meta,/home/poseidon/workflows/predict-future-sales-workflow/submit/poseidon/pegasus/predict-future-sales/run0495/00/00/./xgboost_hp_tuning_group_1.000/00/00/xgboost_hp_tuning_ID0000006.meta,/home/poseidon/workflows/predict-future-sales-workflow/submit/poseidon/pegasus/predict-future-sales/run0495/00/00/./xgboost_hp_tuning_group_1.000/00/00/xgboost_hp_tuning_ID0000003.meta,/home/poseidon/workflows/predict-future-sales-workflow/submit/poseidon/pegasus/predict-future-sales/run0495/00/00/./xgboost_hp_tuning_group_1.000/00/00/xgboost_hp_tuning_ID0000021.meta,/home/poseidon/workflows/predict-future-sales-workflow/submit/poseidon/pegasus/predict-future-sales/run0495/00/00/./xgboost_hp_tuning_group_1.000/00/00/xgboost_hp_tuning_ID0000019.meta,/home/poseidon/workflows/predict-future-sales-workflow/submit/poseidon/pegasus/predict-future-sales/run0495/00/00/./xgboost_hp_tuning_group_1.000/00/00/xgboost_hp_tuning_ID0000016.meta --insert /home/poseidon/workflows/predict-future-sales-workflow/submit/poseidon/pegasus/predict-future-sales/run0495/00/00/./xgboost_hp_tuning_group_1.000/00/00/register_condorpool_0_1.in",3.1,0,0,,,,,,,,,
register_condorpool_0_0_pegasus-plan_ID0000016,None,auxiliary,0,1678227047.0,,,1678227072.0,,,0.0,1678227072.0,1678227077.0,,,0.0,1678227077.0,1678227082.0,25.0,,0.0,5.0,5.0,,,,,poseidon,local,host-10-100-100-12.openstacklocal,pegasus::rc-client,/home/poseidon/pegasus-5.1.0panorama/bin/pegasus-rc-client,"-n pegasus::rc-client -N null -R local  -L xgboost_hp_tuning_group_1 -T 2023-03-07T22:06:53+00:00 /home/poseidon/pegasus-5.1.0panorama/bin/pegasus-rc-client --prefix pegasus.catalog.replica.output --conf /home/poseidon/workflows/predict-future-sales-workflow/submit/poseidon/pegasus/predict-future-sales/run0495/00/00/./xgboost_hp_tuning_group_1.000/pegasus.12254940944073483352.properties -v --meta /home/poseidon/workflows/predict-future-sales-workflow/submit/poseidon/pegasus/predict-future-sales/run0495/00/00/./xgboost_hp_tuning_group_1.000/00/00/xgboost_hp_tuning_ID0000018.meta,/home/poseidon/workflows/predict-future-sales-workflow/submit/poseidon/pegasus/predict-future-sales/run0495/00/00/./xgboost_hp_tuning_group_1.000/00/00/xgboost_hp_tuning_ID0000002.meta,/home/poseidon/workflows/predict-future-sales-workflow/submit/poseidon/pegasus/predict-future-sales/run0495/00/00/./xgboost_hp_tuning_group_1.000/00/00/xgboost_hp_tuning_ID0000005.meta,/home/poseidon/workflows/predict-future-sales-workflow/submit/poseidon/pegasus/predict-future-sales/run0495/00/00/./xgboost_hp_tuning_group_1.000/00/00/xgboost_hp_tuning_ID0000009.meta,/home/poseidon/workflows/predict-future-sales-workflow/submit/poseidon/pegasus/predict-future-sales/run0495/00/00/./xgboost_hp_tuning_group_1.000/00/00/xgboost_hp_tuning_ID0000015.meta,/home/poseidon/workflows/predict-future-sales-workflow/submit/poseidon/pegasus/predict-future-sales/run0495/00/00/./xgboost_hp_tuning_group_1.000/00/00/xgboost_hp_tuning_ID0000012.meta,/home/poseidon/workflows/predict-future-sales-workflow/submit/poseidon/pegasus/predict-future-sales/run0495/00/00/./xgboost_hp_tuning_group_1.000/00/00/xgboost_hp_tuning_ID0000010.meta,/home/poseidon/workflows/predict-future-sales-workflow/submit/poseidon/pegasus/predict-future-sales/run0495/00/00/./xgboost_hp_tuning_group_1.000/00/00/xgboost_hp_tuning_ID0000008.meta --insert /home/poseidon/workflows/predict-future-sales-workflow/submit/poseidon/pegasus/predict-future-sales/run0495/00/00/./xgboost_hp_tuning_group_1.000/00/00/register_condorpool_0_0.in",3.0,0,0,,,,,,,,,
register_condorpool_0_2_pegasus-plan_ID0000016,None,auxiliary,0,1678227047.0,,,1678227052.0,,,0.0,1678227052.0,1678227057.0,,,0.0,1678227057.0,1678227062.0,5.0,,0.0,5.0,5.0,,,,,poseidon,local,host-10-100-100-12.openstacklocal,pegasus::rc-client,/home/poseidon/pegasus-5.1.0panorama/bin/pegasus-rc-client,"-n pegasus::rc-client -N null -R local  -L xgboost_hp_tuning_group_1 -T 2023-03-07T22:06:53+00:00 /home/poseidon/pegasus-5.1.0panorama/bin/pegasus-rc-client --prefix pegasus.catalog.replica.output --conf /home/poseidon/workflows/predict-future-sales-workflow/submit/poseidon/pegasus/predict-future-sales/run0495/00/00/./xgboost_hp_tuning_group_1.000/pegasus.12254940944073483352.properties -v --meta /home/poseidon/workflows/predict-future-sales-workflow/submit/poseidon/pegasus/predict-future-sales/run0495/00/00/./xgboost_hp_tuning_group_1.000/00/00/xgboost_hp_tuning_ID0000017.meta,/home/poseidon/workflows/predict-future-sales-workflow/submit/poseidon/pegasus/predict-future-sales/run0495/00/00/./xgboost_hp_tuning_group_1.000/00/00/xgboost_hp_tuning_ID0000022.meta,/home/poseidon/workflows/predict-future-sales-workflow/submit/poseidon/pegasus/predict-future-sales/run0495/00/00/./xgboost_hp_tuning_group_1.000/00/00/xgboost_hp_tuning_ID0000007.meta,/home/poseidon/workflows/predict-future-sales-workflow/submit/poseidon/pegasus/predict-future-sales/run0495/00/00/./xgboost_hp_tuning_group_1.000/00/00/xgboost_hp_tuning_ID0000020.meta,/home/poseidon/workflows/predict-future-sales-workflow/submit/poseidon/pegasus/predict-future-sales/run0495/00/00/./xgboost_hp_tuning_group_1.000/00/00/xgboost_hp_tuning_ID0000001.meta,/home/poseidon/workflows/predict-future-sales-workflow/submit/poseidon/pegasus/predict-future-sales/run0495/00/00/./xgboost_hp_tuning_group_1.000/00/00/xgboost_hp_tuning_ID0000004.meta,/home/poseidon/workflows/predict-future-sales-workflow/submit/poseidon/pegasus/predict-future-sales/run0495/00/00/./xgboost_hp_tuning_group_1.000/00/00/xgboost_hp_tuning_ID0000014.meta --insert /home/poseidon/workflows/predict-future-sales-workflow/submit/poseidon/pegasus/predict-future-sales/run0495/00/00/./xgboost_hp_tuning_group_1.000/00/00/register_condorpool_0_2.in",3.1,0,0,,,,,,,,,
stage_out_local_condorpool_0_0_pegasus-plan_ID0000012,None,transfer,0,1678227133.0,,,1678227138.0,,,0.0,1678227138.0,1678227148.0,1678227139.0,1678227143.0,2098.0,1678227148.0,1678227153.0,5.0,,0.0,10.0,5.0,,,4.0,8466.0,poseidon,local,host-10-100-100-12.openstacklocal,pegasus::transfer,/home/poseidon/pegasus-5.1.0panorama/bin/pegasus-transfer,/home/poseidon/pegasus-5.1.0panorama/bin/../bin/pegasus-kickstart  -n pegasus::transfer -N null -i - -R local  -L xgboost_hp_tuning_group_0 -T 2023-03-07T22:06:53+00:00 /home/poseidon/pegasus-5.1.0panorama/bin/../bin/pegasus-transfer  --threads 2,1.1,0,0,,,,,,,,,
stage_out_local_condorpool_0_2_pegasus-plan_ID0000012,None,transfer,0,1678227133.0,,,1678227138.0,,,0.0,1678227139.0,1678227148.0,1678227139.0,1678227143.0,1841.0,1678227148.0,1678227153.0,5.0,,1.0,9.0,5.0,,,4.0,7423.0,poseidon,local,host-10-100-100-12.openstacklocal,pegasus::transfer,/home/poseidon/pegasus-5.1.0panorama/bin/pegasus-transfer,/home/poseidon/pegasus-5.1.0panorama/bin/../bin/pegasus-kickstart  -n pegasus::transfer -N null -i - -R local  -L xgboost_hp_tuning_group_0 -T 2023-03-07T22:06:53+00:00 /home/poseidon/pegasus-5.1.0panorama/bin/../bin/pegasus-transfer  --threads 2,1.0,0,0,,,,,,,,,
xgboost_best_params_ID0000024_pegasus-plan_ID0000012,None,compute,0,1678227138.0,,,1678227143.0,1678227120.0,1678227137.0,37073077.7,1678227177.0,1678227303.0,1678227233.0,1678227237.0,255.0,1678227303.0,1678227308.0,5.0,,34.0,126.0,5.0,17.0,368018663.0,4.0,1078.0,poseidon,condorpool,poseidon-worker-3-container-32-39,xgboost_best_params,/srv/xgboost_best_params,,0.0,0,0,,,,,,,,,
stage_out_local_condorpool_0_1_pegasus-plan_ID0000012,None,transfer,0,1678227138.0,,,1678227143.0,,,0.0,1678227145.0,1678227158.0,1678227145.0,1678227149.0,2107.0,1678227158.0,1678227163.0,5.0,,2.0,13.0,5.0,,,4.0,8505.0,poseidon,local,host-10-100-100-12.openstacklocal,pegasus::transfer,/home/poseidon/pegasus-5.1.0panorama/bin/pegasus-transfer,/home/poseidon/pegasus-5.1.0panorama/bin/../bin/pegasus-kickstart  -n pegasus::transfer -N null -i - -R local  -L xgboost_hp_tuning_group_0 -T 2023-03-07T22:06:53+00:00 /home/poseidon/pegasus-5.1.0panorama/bin/../bin/pegasus-transfer  --threads 2,1.1,0,0,,,,,,,,,
register_condorpool_0_0_pegasus-plan_ID0000012,None,auxiliary,0,1678227153.0,,,1678227158.0,,,0.0,1678227158.0,1678227163.0,,,0.0,1678227163.0,1678227168.0,5.0,,0.0,5.0,5.0,,,,,poseidon,local,host-10-100-100-12.openstacklocal,pegasus::rc-client,/home/poseidon/pegasus-5.1.0panorama/bin/pegasus-rc-client,"-n pegasus::rc-client -N null -R local  -L xgboost_hp_tuning_group_0 -T 2023-03-07T22:06:53+00:00 /home/poseidon/pegasus-5.1.0panorama/bin/pegasus-rc-client --prefix pegasus.catalog.replica.output --conf /home/poseidon/workflows/predict-future-sales-workflow/submit/poseidon/pegasus/predict-future-sales/run0495/00/00/./xgboost_hp_tuning_group_0.000/pegasus.253862920001585361.properties -v --meta /home/poseidon/workflows/predict-future-sales-workflow/submit/poseidon/pegasus/predict-future-sales/run0495/00/00/./xgboost_hp_tuning_group_0.000/00/00/xgboost_hp_tuning_ID0000018.meta,/home/poseidon/workflows/predict-future-sales-workflow/submit/poseidon/pegasus/predict-future-sales/run0495/00/00/./xgboost_hp_tuning_group_0.000/00/00/xgboost_hp_tuning_ID0000002.meta,/home/poseidon/workflows/predict-future-sales-workflow/submit/poseidon/pegasus/predict-future-sales/run0495/00/00/./xgboost_hp_tuning_group_0.000/00/00/xgboost_hp_tuning_ID0000005.meta,/home/poseidon/workflows/predict-future-sales-workflow/submit/poseidon/pegasus/predict-future-sales/run0495/00/00/./xgboost_hp_tuning_group_0.000/00/00/xgboost_hp_tuning_ID0000009.meta,/home/poseidon/workflows/predict-future-sales-workflow/submit/poseidon/pegasus/predict-future-sales/run0495/00/00/./xgboost_hp_tuning_group_0.000/00/00/xgboost_hp_tuning_ID0000015.meta,/home/poseidon/workflows/predict-future-sales-workflow/submit/poseidon/pegasus/predict-future-sales/run0495/00/00/./xgboost_hp_tuning_group_0.000/00/00/xgboost_hp_tuning_ID0000012.meta,/home/poseidon/workflows/predict-future-sales-workflow/submit/poseidon/pegasus/predict-future-sales/run0495/00/00/./xgboost_hp_tuning_group_0.000/00/00/xgboost_hp_tuning_ID0000010.meta,/home/poseidon/workflows/predict-future-sales-workflow/submit/poseidon/pegasus/predict-future-sales/run0495/00/00/./xgboost_hp_tuning_group_0.000/00/00/xgboost_hp_tuning_ID0000008.meta --insert /home/poseidon/workflows/predict-future-sales-workflow/submit/poseidon/pegasus/predict-future-sales/run0495/00/00/./xgboost_hp_tuning_group_0.000/00/00/register_condorpool_0_0.in",3.0,0,0,,,,,,,,,
register_condorpool_0_2_pegasus-plan_ID0000012,None,auxiliary,0,1678227153.0,,,1678227168.0,,,0.0,1678227168.0,1678227173.0,,,0.0,1678227173.0,1678227178.0,15.0,,0.0,5.0,5.0,,,,,poseidon,local,host-10-100-100-12.openstacklocal,pegasus::rc-client,/home/poseidon/pegasus-5.1.0panorama/bin/pegasus-rc-client,"-n pegasus::rc-client -N null -R local  -L xgboost_hp_tuning_group_0 -T 2023-03-07T22:06:53+00:00 /home/poseidon/pegasus-5.1.0panorama/bin/pegasus-rc-client --prefix pegasus.catalog.replica.output --conf /home/poseidon/workflows/predict-future-sales-workflow/submit/poseidon/pegasus/predict-future-sales/run0495/00/00/./xgboost_hp_tuning_group_0.000/pegasus.253862920001585361.properties -v --meta /home/poseidon/workflows/predict-future-sales-workflow/submit/poseidon/pegasus/predict-future-sales/run0495/00/00/./xgboost_hp_tuning_group_0.000/00/00/xgboost_hp_tuning_ID0000017.meta,/home/poseidon/workflows/predict-future-sales-workflow/submit/poseidon/pegasus/predict-future-sales/run0495/00/00/./xgboost_hp_tuning_group_0.000/00/00/xgboost_hp_tuning_ID0000022.meta,/home/poseidon/workflows/predict-future-sales-workflow/submit/poseidon/pegasus/predict-future-sales/run0495/00/00/./xgboost_hp_tuning_group_0.000/00/00/xgboost_hp_tuning_ID0000007.meta,/home/poseidon/workflows/predict-future-sales-workflow/submit/poseidon/pegasus/predict-future-sales/run0495/00/00/./xgboost_hp_tuning_group_0.000/00/00/xgboost_hp_tuning_ID0000020.meta,/home/poseidon/workflows/predict-future-sales-workflow/submit/poseidon/pegasus/predict-future-sales/run0495/00/00/./xgboost_hp_tuning_group_0.000/00/00/xgboost_hp_tuning_ID0000001.meta,/home/poseidon/workflows/predict-future-sales-workflow/submit/poseidon/pegasus/predict-future-sales/run0495/00/00/./xgboost_hp_tuning_group_0.000/00/00/xgboost_hp_tuning_ID0000004.meta,/home/poseidon/workflows/predict-future-sales-workflow/submit/poseidon/pegasus/predict-future-sales/run0495/00/00/./xgboost_hp_tuning_group_0.000/00/00/xgboost_hp_tuning_ID0000014.meta --insert /home/poseidon/workflows/predict-future-sales-workflow/submit/poseidon/pegasus/predict-future-sales/run0495/00/00/./xgboost_hp_tuning_group_0.000/00/00/register_condorpool_0_2.in",3.1,0,0,,,,,,,,,
register_condorpool_0_1_pegasus-plan_ID0000012,None,auxiliary,0,1678227163.0,,,1678227178.0,,,0.0,1678227178.0,1678227183.0,,,0.0,1678227183.0,1678227188.0,15.0,,0.0,5.0,5.0,,,,,poseidon,local,host-10-100-100-12.openstacklocal,pegasus::rc-client,/home/poseidon/pegasus-5.1.0panorama/bin/pegasus-rc-client,"-n pegasus::rc-client -N null -R local  -L xgboost_hp_tuning_group_0 -T 2023-03-07T22:06:53+00:00 /home/poseidon/pegasus-5.1.0panorama/bin/pegasus-rc-client --prefix pegasus.catalog.replica.output --conf /home/poseidon/workflows/predict-future-sales-workflow/submit/poseidon/pegasus/predict-future-sales/run0495/00/00/./xgboost_hp_tuning_group_0.000/pegasus.253862920001585361.properties -v --meta /home/poseidon/workflows/predict-future-sales-workflow/submit/poseidon/pegasus/predict-future-sales/run0495/00/00/./xgboost_hp_tuning_group_0.000/00/00/xgboost_hp_tuning_ID0000013.meta,/home/poseidon/workflows/predict-future-sales-workflow/submit/poseidon/pegasus/predict-future-sales/run0495/00/00/./xgboost_hp_tuning_group_0.000/00/00/xgboost_hp_tuning_ID0000023.meta,/home/poseidon/workflows/predict-future-sales-workflow/submit/poseidon/pegasus/predict-future-sales/run0495/00/00/./xgboost_hp_tuning_group_0.000/00/00/xgboost_hp_tuning_ID0000011.meta,/home/poseidon/workflows/predict-future-sales-workflow/submit/poseidon/pegasus/predict-future-sales/run0495/00/00/./xgboost_hp_tuning_group_0.000/00/00/xgboost_hp_tuning_ID0000006.meta,/home/poseidon/workflows/predict-future-sales-workflow/submit/poseidon/pegasus/predict-future-sales/run0495/00/00/./xgboost_hp_tuning_group_0.000/00/00/xgboost_hp_tuning_ID0000003.meta,/home/poseidon/workflows/predict-future-sales-workflow/submit/poseidon/pegasus/predict-future-sales/run0495/00/00/./xgboost_hp_tuning_group_0.000/00/00/xgboost_hp_tuning_ID0000021.meta,/home/poseidon/workflows/predict-future-sales-workflow/submit/poseidon/pegasus/predict-future-sales/run0495/00/00/./xgboost_hp_tuning_group_0.000/00/00/xgboost_hp_tuning_ID0000019.meta,/home/poseidon/workflows/predict-future-sales-workflow/submit/poseidon/pegasus/predict-future-sales/run0495/00/00/./xgboost_hp_tuning_group_0.000/00/00/xgboost_hp_tuning_ID0000016.meta --insert /home/poseidon/workflows/predict-future-sales-workflow/submit/poseidon/pegasus/predict-future-sales/run0495/00/00/./xgboost_hp_tuning_group_0.000/00/00/register_condorpool_0_1.in",3.1,0,0,,,,,,,,,
stage_out_local_condorpool_1_0_pegasus-plan_ID0000016,None,transfer,0,1678227182.0,,,1678227188.0,,,0.0,1678227188.0,1678227198.0,1678227188.0,1678227192.0,1241.0,1678227198.0,1678227203.0,6.0,,0.0,10.0,5.0,,,4.0,5385.0,poseidon,local,host-10-100-100-12.openstacklocal,pegasus::transfer,/home/poseidon/pegasus-5.1.0panorama/bin/pegasus-transfer,/home/poseidon/pegasus-5.1.0panorama/bin/../bin/pegasus-kickstart  -n pegasus::transfer -N null -i - -R local  -L xgboost_hp_tuning_group_1 -T 2023-03-07T22:06:53+00:00 /home/poseidon/pegasus-5.1.0panorama/bin/../bin/pegasus-transfer  --threads 2,0.7,0,0,,,,,,,,,
register_condorpool_1_0_pegasus-plan_ID0000016,None,auxiliary,0,1678227203.0,,,1678227208.0,,,0.0,1678227208.0,1678227213.0,,,0.0,1678227213.0,1678227218.0,5.0,,0.0,5.0,5.0,,,,,poseidon,local,host-10-100-100-12.openstacklocal,pegasus::rc-client,/home/poseidon/pegasus-5.1.0panorama/bin/pegasus-rc-client,-n pegasus::rc-client -N null -R local  -L xgboost_hp_tuning_group_1 -T 2023-03-07T22:06:53+00:00 /home/poseidon/pegasus-5.1.0panorama/bin/pegasus-rc-client --prefix pegasus.catalog.replica.output --conf /home/poseidon/workflows/predict-future-sales-workflow/submit/poseidon/pegasus/predict-future-sales/run0495/00/00/./xgboost_hp_tuning_group_1.000/pegasus.12254940944073483352.properties -v --meta /home/poseidon/workflows/predict-future-sales-workflow/submit/poseidon/pegasus/predict-future-sales/run0495/00/00/./xgboost_hp_tuning_group_1.000/00/00/xgboost_best_params_ID0000024.meta --insert /home/poseidon/workflows/predict-future-sales-workflow/submit/poseidon/pegasus/predict-future-sales/run0495/00/00/./xgboost_hp_tuning_group_1.000/00/00/register_condorpool_1_0.in,3.1,0,0,,,,,,,,,
xgboost_model_ID0000017,None,compute,0,1678227222.0,,,1678227227.0,1678227246.0,1678227263.0,42624888.8,1678227303.0,1678227347.0,1678227273.0,1678227277.0,65747.0,1678227347.0,1678227352.0,5.0,,76.0,44.0,5.0,17.0,377645144.0,4.0,289754.0,poseidon,condorpool,poseidon-worker-3-container-32-39,xgboost_model,/srv/xgboost_model,,8.3,0,0,,,,,,,,,
stage_out_local_condorpool_1_0_pegasus-plan_ID0000012,None,transfer,0,1678227308.0,,,1678227313.0,,,0.0,1678227313.0,1678227323.0,1678227313.0,1678227318.0,1256.0,1678227323.0,1678227328.0,5.0,,0.0,10.0,5.0,,,5.0,5390.0,poseidon,local,host-10-100-100-12.openstacklocal,pegasus::transfer,/home/poseidon/pegasus-5.1.0panorama/bin/pegasus-transfer,/home/poseidon/pegasus-5.1.0panorama/bin/../bin/pegasus-kickstart  -n pegasus::transfer -N null -i - -R local  -L xgboost_hp_tuning_group_0 -T 2023-03-07T22:06:53+00:00 /home/poseidon/pegasus-5.1.0panorama/bin/../bin/pegasus-transfer  --threads 2,0.7,0,0,,,,,,,,,
register_condorpool_1_0_pegasus-plan_ID0000012,None,auxiliary,0,1678227328.0,,,1678227333.0,,,0.0,1678227333.0,1678227338.0,,,0.0,1678227338.0,1678227343.0,5.0,,0.0,5.0,5.0,,,,,poseidon,local,host-10-100-100-12.openstacklocal,pegasus::rc-client,/home/poseidon/pegasus-5.1.0panorama/bin/pegasus-rc-client,-n pegasus::rc-client -N null -R local  -L xgboost_hp_tuning_group_0 -T 2023-03-07T22:06:53+00:00 /home/poseidon/pegasus-5.1.0panorama/bin/pegasus-rc-client --prefix pegasus.catalog.replica.output --conf /home/poseidon/workflows/predict-future-sales-workflow/submit/poseidon/pegasus/predict-future-sales/run0495/00/00/./xgboost_hp_tuning_group_0.000/pegasus.253862920001585361.properties -v --meta /home/poseidon/workflows/predict-future-sales-workflow/submit/poseidon/pegasus/predict-future-sales/run0495/00/00/./xgboost_hp_tuning_group_0.000/00/00/xgboost_best_params_ID0000024.meta --insert /home/poseidon/workflows/predict-future-sales-workflow/submit/poseidon/pegasus/predict-future-sales/run0495/00/00/./xgboost_hp_tuning_group_0.000/00/00/register_condorpool_1_0.in,3.1,0,0,,,,,,,,,
xgboost_model_ID0000013,None,compute,0,1678227347.0,,,1678227352.0,1678227367.0,1678227385.0,46459262.2,1678227424.0,1678227627.0,1678227553.0,1678227557.0,270217.0,1678227627.0,1678227632.0,5.0,,72.0,203.0,5.0,18.0,502671208.0,4.0,1225478.0,poseidon,condorpool,poseidon-worker-1-container-0-7,xgboost_model,/srv/xgboost_model,,30.4,0,0,,,,,,,,,
model_predict_ID0000018,None,compute,0,1678227352.0,,,1678227357.0,1678227349.0,1678227366.0,41634510.2,1678227406.0,1678227467.0,1678227397.0,1678227401.0,5790.0,1678227467.0,1678227472.0,5.0,,49.0,61.0,5.0,17.0,368392416.0,4.0,25035.0,poseidon,condorpool,poseidon-worker-1-container-40-47,model_predict,/srv/model_predict,,2.8,0,0,,,,,,,,,
model_predict_ID0000014,hdd_10,compute,0,1678227632.0,,,1678227637.0,1678227581.0,1678227608.0,41889572.2,1678227638.0,1678227727.0,1678227655.0,1678227660.0,102855.0,1678227727.0,1678227732.0,5.0,,1.0,89.0,5.0,27.0,371412851.0,5.0,451213.0,poseidon,condorpool,poseidon-worker-2-container-32-39,model_predict,/srv/model_predict,,2.5,0,0,,,,,,,,,
stage_out_local_condorpool_0_2_pegasus-plan_ID0000020,None,transfer,0,1678227789.0,,,1678227794.0,,,0.0,1678227795.0,1678227805.0,1678227795.0,1678227799.0,1839.0,1678227805.0,1678227810.0,5.0,,1.0,10.0,5.0,,,4.0,7418.0,poseidon,local,host-10-100-100-12.openstacklocal,pegasus::transfer,/home/poseidon/pegasus-5.1.0panorama/bin/pegasus-transfer,/home/poseidon/pegasus-5.1.0panorama/bin/../bin/pegasus-kickstart  -n pegasus::transfer -N null -i - -R local  -L xgboost_hp_tuning_group_2 -T 2023-03-07T22:06:53+00:00 /home/poseidon/pegasus-5.1.0panorama/bin/../bin/pegasus-transfer  --threads 2,0.9,0,0,,,,,,,,,
register_condorpool_0_2_pegasus-plan_ID0000020,None,auxiliary,0,1678227810.0,,,1678227815.0,,,0.0,1678227815.0,1678227820.0,,,0.0,1678227820.0,1678227825.0,5.0,,0.0,5.0,5.0,,,,,poseidon,local,host-10-100-100-12.openstacklocal,pegasus::rc-client,/home/poseidon/pegasus-5.1.0panorama/bin/pegasus-rc-client,"-n pegasus::rc-client -N null -R local  -L xgboost_hp_tuning_group_2 -T 2023-03-07T22:06:53+00:00 /home/poseidon/pegasus-5.1.0panorama/bin/pegasus-rc-client --prefix pegasus.catalog.replica.output --conf /home/poseidon/workflows/predict-future-sales-workflow/submit/poseidon/pegasus/predict-future-sales/run0495/00/00/./xgboost_hp_tuning_group_2.000/pegasus.3105993381485406559.properties -v --meta /home/poseidon/workflows/predict-future-sales-workflow/submit/poseidon/pegasus/predict-future-sales/run0495/00/00/./xgboost_hp_tuning_group_2.000/00/00/xgboost_hp_tuning_ID0000014.meta,/home/poseidon/workflows/predict-future-sales-workflow/submit/poseidon/pegasus/predict-future-sales/run0495/00/00/./xgboost_hp_tuning_group_2.000/00/00/xgboost_hp_tuning_ID0000001.meta,/home/poseidon/workflows/predict-future-sales-workflow/submit/poseidon/pegasus/predict-future-sales/run0495/00/00/./xgboost_hp_tuning_group_2.000/00/00/xgboost_hp_tuning_ID0000007.meta,/home/poseidon/workflows/predict-future-sales-workflow/submit/poseidon/pegasus/predict-future-sales/run0495/00/00/./xgboost_hp_tuning_group_2.000/00/00/xgboost_hp_tuning_ID0000004.meta,/home/poseidon/workflows/predict-future-sales-workflow/submit/poseidon/pegasus/predict-future-sales/run0495/00/00/./xgboost_hp_tuning_group_2.000/00/00/xgboost_hp_tuning_ID0000022.meta,/home/poseidon/workflows/predict-future-sales-workflow/submit/poseidon/pegasus/predict-future-sales/run0495/00/00/./xgboost_hp_tuning_group_2.000/00/00/xgboost_hp_tuning_ID0000020.meta,/home/poseidon/workflows/predict-future-sales-workflow/submit/poseidon/pegasus/predict-future-sales/run0495/00/00/./xgboost_hp_tuning_group_2.000/00/00/xgboost_hp_tuning_ID0000017.meta --insert /home/poseidon/workflows/predict-future-sales-workflow/submit/poseidon/pegasus/predict-future-sales/run0495/00/00/./xgboost_hp_tuning_group_2.000/00/00/register_condorpool_0_2.in",3.0,0,0,,,,,,,,,
stage_out_local_condorpool_0_1_pegasus-plan_ID0000020,None,transfer,0,1678227845.0,,,1678227850.0,,,0.0,1678227850.0,1678227860.0,1678227851.0,1678227855.0,2099.0,1678227860.0,1678227865.0,5.0,,0.0,10.0,5.0,,,4.0,8510.0,poseidon,local,host-10-100-100-12.openstacklocal,pegasus::transfer,/home/poseidon/pegasus-5.1.0panorama/bin/pegasus-transfer,/home/poseidon/pegasus-5.1.0panorama/bin/../bin/pegasus-kickstart  -n pegasus::transfer -N null -i - -R local  -L xgboost_hp_tuning_group_2 -T 2023-03-07T22:06:53+00:00 /home/poseidon/pegasus-5.1.0panorama/bin/../bin/pegasus-transfer  --threads 2,1.1,0,0,,,,,,,,,
register_condorpool_0_1_pegasus-plan_ID0000020,None,auxiliary,0,1678227865.0,,,1678227870.0,,,0.0,1678227871.0,1678227875.0,,,0.0,1678227875.0,1678227880.0,5.0,,1.0,4.0,5.0,,,,,poseidon,local,host-10-100-100-12.openstacklocal,pegasus::rc-client,/home/poseidon/pegasus-5.1.0panorama/bin/pegasus-rc-client,"-n pegasus::rc-client -N null -R local  -L xgboost_hp_tuning_group_2 -T 2023-03-07T22:06:53+00:00 /home/poseidon/pegasus-5.1.0panorama/bin/pegasus-rc-client --prefix pegasus.catalog.replica.output --conf /home/poseidon/workflows/predict-future-sales-workflow/submit/poseidon/pegasus/predict-future-sales/run0495/00/00/./xgboost_hp_tuning_group_2.000/pegasus.3105993381485406559.properties -v --meta /home/poseidon/workflows/predict-future-sales-workflow/submit/poseidon/pegasus/predict-future-sales/run0495/00/00/./xgboost_hp_tuning_group_2.000/00/00/xgboost_hp_tuning_ID0000019.meta,/home/poseidon/workflows/predict-future-sales-workflow/submit/poseidon/pegasus/predict-future-sales/run0495/00/00/./xgboost_hp_tuning_group_2.000/00/00/xgboost_hp_tuning_ID0000003.meta,/home/poseidon/workflows/predict-future-sales-workflow/submit/poseidon/pegasus/predict-future-sales/run0495/00/00/./xgboost_hp_tuning_group_2.000/00/00/xgboost_hp_tuning_ID0000006.meta,/home/poseidon/workflows/predict-future-sales-workflow/submit/poseidon/pegasus/predict-future-sales/run0495/00/00/./xgboost_hp_tuning_group_2.000/00/00/xgboost_hp_tuning_ID0000016.meta,/home/poseidon/workflows/predict-future-sales-workflow/submit/poseidon/pegasus/predict-future-sales/run0495/00/00/./xgboost_hp_tuning_group_2.000/00/00/xgboost_hp_tuning_ID0000013.meta,/home/poseidon/workflows/predict-future-sales-workflow/submit/poseidon/pegasus/predict-future-sales/run0495/00/00/./xgboost_hp_tuning_group_2.000/00/00/xgboost_hp_tuning_ID0000023.meta,/home/poseidon/workflows/predict-future-sales-workflow/submit/poseidon/pegasus/predict-future-sales/run0495/00/00/./xgboost_hp_tuning_group_2.000/00/00/xgboost_hp_tuning_ID0000011.meta,/home/poseidon/workflows/predict-future-sales-workflow/submit/poseidon/pegasus/predict-future-sales/run0495/00/00/./xgboost_hp_tuning_group_2.000/00/00/xgboost_hp_tuning_ID0000021.meta --insert /home/poseidon/workflows/predict-future-sales-workflow/submit/poseidon/pegasus/predict-future-sales/run0495/00/00/./xgboost_hp_tuning_group_2.000/00/00/register_condorpool_0_1.in",3.0,0,0,,,,,,,,,
xgboost_best_params_ID0000024_pegasus-plan_ID0000020,hdd_10,compute,0,1678227865.0,,,1678227870.0,1678227815.0,1678227832.0,33264973.2,1678227872.0,1678227950.0,1678227839.0,1678227843.0,250.0,1678227950.0,1678227955.0,5.0,,2.0,78.0,5.0,17.0,368018659.0,4.0,1060.0,poseidon,condorpool,poseidon-worker-1-container-24-31,xgboost_best_params,/srv/xgboost_best_params,,0.0,0,0,,,,,,,,,
stage_out_local_condorpool_0_0_pegasus-plan_ID0000020,None,transfer,0,1678227865.0,,,1678227870.0,,,0.0,1678227871.0,1678227885.0,1678227871.0,1678227875.0,2096.0,1678227885.0,1678227890.0,5.0,,1.0,14.0,5.0,,,4.0,8462.0,poseidon,local,host-10-100-100-12.openstacklocal,pegasus::transfer,/home/poseidon/pegasus-5.1.0panorama/bin/pegasus-transfer,/home/poseidon/pegasus-5.1.0panorama/bin/../bin/pegasus-kickstart  -n pegasus::transfer -N null -i - -R local  -L xgboost_hp_tuning_group_2 -T 2023-03-07T22:06:53+00:00 /home/poseidon/pegasus-5.1.0panorama/bin/../bin/pegasus-transfer  --threads 2,1.0,0,0,,,,,,,,,
register_condorpool_0_0_pegasus-plan_ID0000020,None,auxiliary,0,1678227890.0,,,1678227895.0,,,0.0,1678227895.0,1678227900.0,,,0.0,1678227900.0,1678227905.0,5.0,,0.0,5.0,5.0,,,,,poseidon,local,host-10-100-100-12.openstacklocal,pegasus::rc-client,/home/poseidon/pegasus-5.1.0panorama/bin/pegasus-rc-client,"-n pegasus::rc-client -N null -R local  -L xgboost_hp_tuning_group_2 -T 2023-03-07T22:06:53+00:00 /home/poseidon/pegasus-5.1.0panorama/bin/pegasus-rc-client --prefix pegasus.catalog.replica.output --conf /home/poseidon/workflows/predict-future-sales-workflow/submit/poseidon/pegasus/predict-future-sales/run0495/00/00/./xgboost_hp_tuning_group_2.000/pegasus.3105993381485406559.properties -v --meta /home/poseidon/workflows/predict-future-sales-workflow/submit/poseidon/pegasus/predict-future-sales/run0495/00/00/./xgboost_hp_tuning_group_2.000/00/00/xgboost_hp_tuning_ID0000018.meta,/home/poseidon/workflows/predict-future-sales-workflow/submit/poseidon/pegasus/predict-future-sales/run0495/00/00/./xgboost_hp_tuning_group_2.000/00/00/xgboost_hp_tuning_ID0000009.meta,/home/poseidon/workflows/predict-future-sales-workflow/submit/poseidon/pegasus/predict-future-sales/run0495/00/00/./xgboost_hp_tuning_group_2.000/00/00/xgboost_hp_tuning_ID0000012.meta,/home/poseidon/workflows/predict-future-sales-workflow/submit/poseidon/pegasus/predict-future-sales/run0495/00/00/./xgboost_hp_tuning_group_2.000/00/00/xgboost_hp_tuning_ID0000008.meta,/home/poseidon/workflows/predict-future-sales-workflow/submit/poseidon/pegasus/predict-future-sales/run0495/00/00/./xgboost_hp_tuning_group_2.000/00/00/xgboost_hp_tuning_ID0000010.meta,/home/poseidon/workflows/predict-future-sales-workflow/submit/poseidon/pegasus/predict-future-sales/run0495/00/00/./xgboost_hp_tuning_group_2.000/00/00/xgboost_hp_tuning_ID0000002.meta,/home/poseidon/workflows/predict-future-sales-workflow/submit/poseidon/pegasus/predict-future-sales/run0495/00/00/./xgboost_hp_tuning_group_2.000/00/00/xgboost_hp_tuning_ID0000005.meta,/home/poseidon/workflows/predict-future-sales-workflow/submit/poseidon/pegasus/predict-future-sales/run0495/00/00/./xgboost_hp_tuning_group_2.000/00/00/xgboost_hp_tuning_ID0000015.meta --insert /home/poseidon/workflows/predict-future-sales-workflow/submit/poseidon/pegasus/predict-future-sales/run0495/00/00/./xgboost_hp_tuning_group_2.000/00/00/register_condorpool_0_0.in",2.9,0,0,,,,,,,,,
stage_out_local_condorpool_1_0_pegasus-plan_ID0000020,None,transfer,0,1678227955.0,,,1678227960.0,,,0.0,1678227960.0,1678227970.0,1678227961.0,1678227965.0,1246.0,1678227970.0,1678227975.0,5.0,,0.0,10.0,5.0,,,4.0,5300.0,poseidon,local,host-10-100-100-12.openstacklocal,pegasus::transfer,/home/poseidon/pegasus-5.1.0panorama/bin/pegasus-transfer,/home/poseidon/pegasus-5.1.0panorama/bin/../bin/pegasus-kickstart  -n pegasus::transfer -N null -i - -R local  -L xgboost_hp_tuning_group_2 -T 2023-03-07T22:06:53+00:00 /home/poseidon/pegasus-5.1.0panorama/bin/../bin/pegasus-transfer  --threads 2,0.7,0,0,,,,,,,,,
register_condorpool_1_0_pegasus-plan_ID0000020,None,auxiliary,0,1678227975.0,,,1678227980.0,,,0.0,1678227980.0,1678227985.0,,,0.0,1678227985.0,1678227990.0,5.0,,0.0,5.0,5.0,,,,,poseidon,local,host-10-100-100-12.openstacklocal,pegasus::rc-client,/home/poseidon/pegasus-5.1.0panorama/bin/pegasus-rc-client,-n pegasus::rc-client -N null -R local  -L xgboost_hp_tuning_group_2 -T 2023-03-07T22:06:53+00:00 /home/poseidon/pegasus-5.1.0panorama/bin/pegasus-rc-client --prefix pegasus.catalog.replica.output --conf /home/poseidon/workflows/predict-future-sales-workflow/submit/poseidon/pegasus/predict-future-sales/run0495/00/00/./xgboost_hp_tuning_group_2.000/pegasus.3105993381485406559.properties -v --meta /home/poseidon/workflows/predict-future-sales-workflow/submit/poseidon/pegasus/predict-future-sales/run0495/00/00/./xgboost_hp_tuning_group_2.000/00/00/xgboost_best_params_ID0000024.meta --insert /home/poseidon/workflows/predict-future-sales-workflow/submit/poseidon/pegasus/predict-future-sales/run0495/00/00/./xgboost_hp_tuning_group_2.000/00/00/register_condorpool_1_0.in,3.0,0,0,,,,,,,,,
xgboost_model_ID0000021,None,compute,0,1678227992.0,,,1678227997.0,1678227959.0,1678227993.0,68915386.3,1678228016.0,1678228202.0,1678228129.0,1678228133.0,1178183.0,1678228202.0,1678228207.0,5.0,,19.0,186.0,5.0,34.0,1691152081.0,4.0,5368591.0,poseidon,condorpool,poseidon-worker-2-container-8-15,xgboost_model,/srv/xgboost_model,,758.6,0,0,0.1,1348838646.0,24449.0,5358.0,8.0,698.1,19.2,11240322.1,2444.9
stage_out_local_local_5_0,None,transfer,0,1678227992.0,,,1678227997.0,,,0.0,1678227998.0,1678228007.0,1678227998.0,1678228002.0,797.0,1678228007.0,1678228012.0,5.0,,1.0,9.0,5.0,,,4.0,3215.0,poseidon,local,host-10-100-100-12.openstacklocal,pegasus::transfer,/home/poseidon/pegasus-5.1.0panorama/bin/pegasus-transfer,pegasus-kickstart  -n pegasus::transfer -N null -i - -R local  -L predict-future-sales -T 2023-02-17T19:59:06+00:00 pegasus-transfer  --threads 2,0.3,0,0,,,,,,,,,
cleanup_predict-future-sales_0_local,None,auxiliary,0,1678228012.0,,,1678228017.0,,,0.0,1678228020.0,1678228027.0,,,0.0,1678228027.0,1678228032.0,5.0,,3.0,7.0,5.0,,,,,poseidon,local,host-10-100-100-12.openstacklocal,pegasus::cleanup,/home/poseidon/pegasus-5.1.0panorama/bin/pegasus-transfer,pegasus-kickstart  -n pegasus::cleanup -N null -i - -R local  -L predict-future-sales -T 2023-02-17T19:59:06+00:00 pegasus-transfer,0.3,0,0,,,,,,,,,
stage_out_local_condorpool_6_0,None,transfer,0,1678228207.0,,,1678228212.0,,,0.0,1678228212.0,1678228222.0,1678228213.0,1678228217.0,1707584.0,1678228222.0,1678228227.0,5.0,,0.0,10.0,5.0,,,4.0,6883823.0,poseidon,local,host-10-100-100-12.openstacklocal,pegasus::transfer,/home/poseidon/pegasus-5.1.0panorama/bin/pegasus-transfer,pegasus-kickstart  -n pegasus::transfer -N null -i - -R local  -L predict-future-sales -T 2023-02-17T19:59:06+00:00 pegasus-transfer  --threads 2,0.9,0,0,,,,,,,,,
model_predict_ID0000022,None,compute,0,1678228207.0,,,1678228212.0,1678228157.0,1678228175.0,40405757.3,1678228214.0,1678228257.0,1678228184.0,1678228188.0,1234700.0,1678228257.0,1678228262.0,5.0,,2.0,43.0,5.0,18.0,400373213.0,4.0,5523764.0,poseidon,condorpool,poseidon-worker-2-container-8-15,model_predict,/srv/model_predict,,3.8,0,0,,,,,,,,,
stage_out_local_condorpool_7_0,None,transfer,0,1678228262.0,,,1678228267.0,,,0.0,1678228267.0,1678228277.0,1678228267.0,1678228271.0,1485794.0,1678228277.0,1678228282.0,5.0,,0.0,10.0,5.0,,,4.0,6000012.0,poseidon,local,host-10-100-100-12.openstacklocal,pegasus::transfer,/home/poseidon/pegasus-5.1.0panorama/bin/pegasus-transfer,pegasus-kickstart  -n pegasus::transfer -N null -i - -R local  -L predict-future-sales -T 2023-02-17T19:59:06+00:00 pegasus-transfer  --threads 2,0.6,0,0,,,,,,,,,
predict_merge_ID0000023,None,compute,0,1678228262.0,,,1678228267.0,1678228211.0,1678228229.0,37995988.3,1678228268.0,1678228307.0,1678228236.0,1678228241.0,838344.0,1678228307.0,1678228312.0,5.0,,1.0,39.0,5.0,18.0,377176763.0,5.0,3764776.0,poseidon,condorpool,poseidon-worker-2-container-8-15,predict_merge,/srv/predict_merge,,1.3,0,0,,,,,,,,,
stage_out_local_condorpool_8_0,None,transfer,0,1678228312.0,,,1678228317.0,,,0.0,1678228317.0,1678228327.0,1678228318.0,1678228320.0,1749252.0,1678228327.0,1678228332.0,5.0,,0.0,10.0,5.0,,,2.0,3764776.0,poseidon,local,host-10-100-100-12.openstacklocal,pegasus::transfer,/home/poseidon/pegasus-5.1.0panorama/bin/pegasus-transfer,pegasus-kickstart  -n pegasus::transfer -N null -i - -R local  -L predict-future-sales -T 2023-02-17T19:59:06+00:00 pegasus-transfer  --threads 2,0.4,0,0,,,,,,,,,
cleanup_predict-future-sales_0_condorpool,None,auxiliary,0,1678228332.0,,,1678228337.0,,,0.0,1678228338.0,1678228348.0,,,0.0,1678228348.0,1678228353.0,5.0,,1.0,10.0,5.0,,,,,poseidon,local,host-10-100-100-12.openstacklocal,pegasus::cleanup,/home/poseidon/pegasus-5.1.0panorama/bin/pegasus-transfer,pegasus-kickstart  -n pegasus::cleanup -N null -i - -R local  -L predict-future-sales -T 2023-02-17T19:59:06+00:00 pegasus-transfer,0.3,0,0,,,,,,,,,
