,anomaly_type,type,is_clustered,ready,pre_script_start,pre_script_end,submit,stage_in_start,stage_in_end,stage_in_effective_bytes_per_sec,execute_start,execute_end,stage_out_start,stage_out_end,stage_out_effective_bytes_per_sec,post_script_start,post_script_end,wms_delay,pre_script_delay,queue_delay,runtime,post_script_delay,stage_in_delay,stage_in_bytes,stage_out_delay,stage_out_bytes,kickstart_user,kickstart_site,kickstart_hostname,kickstart_transformations,kickstart_executables,kickstart_executables_argv,kickstart_executables_cpu_time,kickstart_status,kickstart_executables_exitcode,kickstart_online_iowait,kickstart_online_bytes_read,kickstart_online_bytes_written,kickstart_online_read_system_calls,kickstart_online_write_system_calls,kickstart_online_utime,kickstart_online_stime,kickstart_online_bytes_read_per_second,kickstart_online_bytes_written_per_second
create_dir_predict-future-sales_0_local,None,auxiliary,0,1677752567.0,,,1677752568.0,,,0.0,1677752574.0,1677752583.0,,,0.0,1677752583.0,1677752588.0,1.0,,6.0,9.0,5.0,,,,,poseidon,local,host-10-100-100-12.openstacklocal,pegasus::dirmanager,/home/poseidon/pegasus-5.1.0panorama/bin/pegasus-transfer,pegasus-kickstart  -n pegasus::dirmanager -N null -i - -R local  -L predict-future-sales -T 2023-02-17T19:59:06+00:00 pegasus-transfer,0.3,0,0,,,,,,,,,
create_dir_predict-future-sales_0_condorpool,None,auxiliary,0,1677752567.0,,,1677752568.0,,,0.0,1677752574.0,1677752583.0,,,0.0,1677752583.0,1677752588.0,1.0,,6.0,9.0,5.0,,,,,poseidon,local,host-10-100-100-12.openstacklocal,pegasus::dirmanager,/home/poseidon/pegasus-5.1.0panorama/bin/pegasus-transfer,pegasus-kickstart  -n pegasus::dirmanager -N null -i - -R local  -L predict-future-sales -T 2023-02-17T19:59:06+00:00 pegasus-transfer,0.3,0,0,,,,,,,,,
stage_in_local_local_4_0,None,transfer,0,1677752588.0,,,1677752593.0,1677752593.0,1677752596.0,5652.0,1677752593.0,1677752603.0,,,0.0,1677752603.0,1677752608.0,5.0,,0.0,10.0,5.0,3.0,12577.0,,,poseidon,local,host-10-100-100-12.openstacklocal,pegasus::transfer,/home/poseidon/pegasus-5.1.0panorama/bin/pegasus-transfer,pegasus-kickstart  -n pegasus::transfer -N null -i - -R local  -L predict-future-sales -T 2023-02-17T19:59:06+00:00 pegasus-transfer  --threads 2,0.4,0,0,,,,,,,,,
stage_in_local_condorpool_8_0,None,transfer,0,1677752588.0,,,1677752593.0,1677752593.0,1677752597.0,670.0,1677752593.0,1677752603.0,,,0.0,1677752603.0,1677752608.0,5.0,,0.0,10.0,5.0,4.0,2368.0,,,poseidon,local,host-10-100-100-12.openstacklocal,pegasus::transfer,/home/poseidon/pegasus-5.1.0panorama/bin/pegasus-transfer,pegasus-kickstart  -n pegasus::transfer -N null -i - -R local  -L predict-future-sales -T 2023-02-17T19:59:06+00:00 pegasus-transfer  --threads 2,0.4,0,0,,,,,,,,,
stage_in_local_condorpool_3_0,None,transfer,0,1677752588.0,,,1677752593.0,1677752593.0,1677752598.0,2921.0,1677752593.0,1677752603.0,,,0.0,1677752603.0,1677752608.0,5.0,,0.0,10.0,5.0,5.0,12704.0,,,poseidon,local,host-10-100-100-12.openstacklocal,pegasus::transfer,/home/poseidon/pegasus-5.1.0panorama/bin/pegasus-transfer,pegasus-kickstart  -n pegasus::transfer -N null -i - -R local  -L predict-future-sales -T 2023-02-17T19:59:06+00:00 pegasus-transfer  --threads 2,0.6,0,0,,,,,,,,,
stage_in_local_condorpool_2_0,None,transfer,0,1677752588.0,,,1677752593.0,1677752593.0,1677752599.0,9596.0,1677752593.0,1677752608.0,,,0.0,1677752608.0,1677752613.0,5.0,,0.0,15.0,5.0,6.0,55480.0,,,poseidon,local,host-10-100-100-12.openstacklocal,pegasus::transfer,/home/poseidon/pegasus-5.1.0panorama/bin/pegasus-transfer,pegasus-kickstart  -n pegasus::transfer -N null -i - -R local  -L predict-future-sales -T 2023-02-17T19:59:06+00:00 pegasus-transfer  --threads 2,1.0,0,0,,,,,,,,,
stage_in_local_condorpool_1_0,None,transfer,0,1677752588.0,,,1677752593.0,1677752593.0,1677752598.0,3657.0,1677752593.0,1677752603.0,,,0.0,1677752603.0,1677752608.0,5.0,,0.0,10.0,5.0,5.0,15640.0,,,poseidon,local,host-10-100-100-12.openstacklocal,pegasus::transfer,/home/poseidon/pegasus-5.1.0panorama/bin/pegasus-transfer,pegasus-kickstart  -n pegasus::transfer -N null -i - -R local  -L predict-future-sales -T 2023-02-17T19:59:06+00:00 pegasus-transfer  --threads 2,0.6,0,0,,,,,,,,,
stage_in_local_condorpool_0_0,None,transfer,0,1677752588.0,,,1677752593.0,1677752593.0,1677752603.0,94988252.0,1677752593.0,1677752613.0,,,0.0,1677752613.0,1677752618.0,5.0,,0.0,20.0,5.0,10.0,936801734.0,,,poseidon,local,host-10-100-100-12.openstacklocal,pegasus::transfer,/home/poseidon/pegasus-5.1.0panorama/bin/pegasus-transfer,pegasus-kickstart  -n pegasus::transfer -N null -i - -R local  -L predict-future-sales -T 2023-02-17T19:59:06+00:00 pegasus-transfer  --threads 2,5.8,0,0,,,,,,,,,
stage_in_local_condorpool_7_0,None,transfer,0,1677752588.0,,,1677752593.0,1677752593.0,1677752597.0,1019.0,1677752593.0,1677752603.0,,,0.0,1677752603.0,1677752608.0,5.0,,0.0,10.0,5.0,4.0,3488.0,,,poseidon,local,host-10-100-100-12.openstacklocal,pegasus::transfer,/home/poseidon/pegasus-5.1.0panorama/bin/pegasus-transfer,pegasus-kickstart  -n pegasus::transfer -N null -i - -R local  -L predict-future-sales -T 2023-02-17T19:59:06+00:00 pegasus-transfer  --threads 2,0.4,0,0,,,,,,,,,
stage_in_local_condorpool_6_0,None,transfer,0,1677752588.0,,,1677752593.0,1677752593.0,1677752597.0,2302.0,1677752593.0,1677752603.0,,,0.0,1677752603.0,1677752608.0,5.0,,0.0,10.0,5.0,4.0,7870.0,,,poseidon,local,host-10-100-100-12.openstacklocal,pegasus::transfer,/home/poseidon/pegasus-5.1.0panorama/bin/pegasus-transfer,pegasus-kickstart  -n pegasus::transfer -N null -i - -R local  -L predict-future-sales -T 2023-02-17T19:59:06+00:00 pegasus-transfer  --threads 2,0.4,0,0,,,,,,,,,
preprocess_ID0000003,cpu_4,compute,0,1677752618.0,,,1677752623.0,1677752585.0,1677752605.0,42647042.0,1677752635.0,1677752684.0,1677752616.0,1677752624.0,21890233.0,1677752684.0,1677752689.0,5.0,,12.0,49.0,5.0,20.0,467356066.0,8.0,160257914.0,poseidon,condorpool,poseidon-worker-3-container-0-7,preprocess,/srv/preprocess,,4.3,0,0,,,,,,,,,
nlp_ID0000002,cpu_4,compute,0,1677752618.0,,,1677752623.0,1677752585.0,1677752601.0,41778720.5,1677752635.0,1677753070.0,1677753006.0,1677753010.0,574754.0,1677753070.0,1677753075.0,5.0,,12.0,435.0,5.0,16.0,369033604.0,4.0,2755872.0,poseidon,condorpool,poseidon-worker-1-container-8-15,nlp,/srv/nlp,,1149.9,0,0,0.1,21464183.0,8791.0,3306.0,5.0,1125.9,4.2,55036.4,879.1
eda_ID0000001,cpu_4,compute,0,1677752618.0,,,1677752623.0,1677752585.0,1677752603.0,42809040.4,1677752635.0,1677752709.0,1677752644.0,1677752648.0,270412.0,1677752709.0,1677752714.0,5.0,,12.0,74.0,5.0,18.0,464177772.0,4.0,1195243.0,poseidon,condorpool,poseidon-worker-1-container-0-7,eda,/srv/eda,,34.4,0,0,0.0,144679323.0,822471.0,27314.0,39.0,28.0,1.9,4822644.1,27415.7
feature_eng_1_ID0000005,cpu_4,compute,0,1677752689.0,,,1677752694.0,1677752657.0,1677752677.0,44716039.4,1677752708.0,1677752774.0,1677752701.0,1677752712.0,35791514.0,1677752774.0,1677752779.0,5.0,,14.0,66.0,5.0,20.0,528250191.0,11.0,393324463.0,poseidon,condorpool,poseidon-worker-1-container-0-7,feature_eng_1,/srv/feature_eng_1,,16.0,0,0,0.0,169611530.0,8.0,1726.0,1.0,8.0,2.0,16961153.0,0.8
feature_eng_0_ID0000004,cpu_4,compute,0,1677752689.0,,,1677752694.0,1677752645.0,1677752661.0,41888783.2,1677752695.0,1677752739.0,1677752672.0,1677752677.0,196256.0,1677752739.0,1677752744.0,5.0,,1.0,44.0,5.0,16.0,369949088.0,5.0,893320.0,poseidon,condorpool,poseidon-worker-3-container-0-7,feature_eng_0,/srv/feature_eng_0,,4.8,0,0,,,,,,,,,
feature_eng_5_ID0000009,cpu_4,compute,0,1677752779.0,,,1677752784.0,1677752735.0,1677752758.0,55578875.7,1677752786.0,1677753065.0,1677752991.0,1677753006.0,42793870.0,1677753065.0,1677753070.0,5.0,,2.0,279.0,5.0,23.0,856820455.0,15.0,655540227.0,poseidon,condorpool,poseidon-worker-3-container-0-7,feature_eng_5,/srv/feature_eng_5,,222.4,0,0,0.0,498298460.0,8.0,2036.0,1.0,200.1,19.9,2264993.0,0.8
stage_out_local_condorpool_1_0,None,transfer,0,1677752779.0,,,1677752784.0,,,0.0,1677752785.0,1677752794.0,1677752785.0,1677752789.0,91960061.0,1677752794.0,1677752799.0,5.0,,1.0,9.0,5.0,,,4.0,394217783.0,poseidon,local,host-10-100-100-12.openstacklocal,pegasus::transfer,/home/poseidon/pegasus-5.1.0panorama/bin/pegasus-transfer,pegasus-kickstart  -n pegasus::transfer -N null -i - -R local  -L predict-future-sales -T 2023-02-17T19:59:06+00:00 pegasus-transfer  --threads 2,2.2,0,0,,,,,,,,,
feature_eng_3_ID0000007,cpu_4,compute,0,1677752779.0,,,1677752784.0,1677752736.0,1677752757.0,53977043.1,1677752786.0,1677752964.0,1677752879.0,1677752904.0,48906189.0,1677752964.0,1677752969.0,5.0,,2.0,178.0,5.0,21.0,762217561.0,25.0,1179971921.0,poseidon,condorpool,poseidon-worker-1-container-0-7,feature_eng_3,/srv/feature_eng_3,,109.5,0,0,0.0,403656867.0,8.0,1504.0,1.0,69.0,31.0,4036568.7,0.8
feature_eng_4_ID0000008,cpu_4,compute,0,1677752779.0,,,1677752784.0,1677752745.0,1677752767.0,55458002.0,1677752795.0,1677752914.0,1677752830.0,1677752854.0,49259513.0,1677752914.0,1677752919.0,5.0,,11.0,119.0,5.0,22.0,761328752.0,24.0,1201824259.0,poseidon,condorpool,poseidon-worker-3-container-0-7,feature_eng_4,/srv/feature_eng_4,,50.1,0,0,0.0,402740395.0,1114417998.0,1404.0,39.0,36.1,13.9,8054807.9,55720899.9
feature_eng_2_ID0000006,cpu_4,compute,0,1677752779.0,,,1677752784.0,1677752745.0,1677752766.0,55572830.4,1677752795.0,1677753160.0,1677753068.0,1677753102.0,52147717.0,1677753160.0,1677753165.0,5.0,,11.0,365.0,5.0,21.0,761320658.0,34.0,1748107178.0,poseidon,condorpool,poseidon-worker-1-container-0-7,feature_eng_2,/srv/feature_eng_2,,287.7,0,0,0.0,402821521.0,8.0,1756.0,1.0,212.3,67.7,1438648.3,0.8
register_condorpool_1_0,None,auxiliary,0,1677752799.0,,,1677752804.0,,,0.0,1677752804.0,1677752809.0,,,0.0,1677752809.0,1677752814.0,5.0,,0.0,5.0,5.0,,,,,poseidon,local,host-10-100-100-12.openstacklocal,pegasus::rc-client,/home/poseidon/pegasus-5.1.0panorama/bin/pegasus-rc-client,"pegasus-kickstart  -n pegasus::rc-client -N null -R local  -L predict-future-sales -T 2023-02-17T19:59:06+00:00 /home/poseidon/pegasus-5.1.0panorama/bin/pegasus-rc-client --prefix pegasus.catalog.replica.output --conf /home/poseidon/workflows/predict-future-sales-workflow/submit/poseidon/pegasus/predict-future-sales/run0361/pegasus.12766365312375108673.properties -v --meta /home/poseidon/workflows/predict-future-sales-workflow/submit/poseidon/pegasus/predict-future-sales/run0361/00/00/feature_eng_1_ID0000005.meta,/home/poseidon/workflows/predict-future-sales-workflow/submit/poseidon/pegasus/predict-future-sales/run0361/00/00/feature_eng_0_ID0000004.meta --insert /home/poseidon/workflows/predict-future-sales-workflow/submit/poseidon/pegasus/predict-future-sales/run0361/00/00/register_condorpool_1_0.in",3.0,0,0,,,,,,,,,
stage_out_local_condorpool_0_0,None,transfer,0,1677753075.0,,,1677753080.0,,,0.0,1677753080.0,1677753090.0,1677753080.0,1677753084.0,40715206.0,1677753090.0,1677753095.0,5.0,,0.0,10.0,5.0,,,4.0,164209029.0,poseidon,local,host-10-100-100-12.openstacklocal,pegasus::transfer,/home/poseidon/pegasus-5.1.0panorama/bin/pegasus-transfer,pegasus-kickstart  -n pegasus::transfer -N null -i - -R local  -L predict-future-sales -T 2023-02-17T19:59:06+00:00 pegasus-transfer  --threads 2,2.1,0,0,,,,,,,,,
register_condorpool_0_0,None,auxiliary,0,1677753095.0,,,1677753100.0,,,0.0,1677753100.0,1677753105.0,,,0.0,1677753105.0,1677753110.0,5.0,,0.0,5.0,5.0,,,,,poseidon,local,host-10-100-100-12.openstacklocal,pegasus::rc-client,/home/poseidon/pegasus-5.1.0panorama/bin/pegasus-rc-client,"pegasus-kickstart  -n pegasus::rc-client -N null -R local  -L predict-future-sales -T 2023-02-17T19:59:06+00:00 /home/poseidon/pegasus-5.1.0panorama/bin/pegasus-rc-client --prefix pegasus.catalog.replica.output --conf /home/poseidon/workflows/predict-future-sales-workflow/submit/poseidon/pegasus/predict-future-sales/run0361/pegasus.12766365312375108673.properties -v --meta /home/poseidon/workflows/predict-future-sales-workflow/submit/poseidon/pegasus/predict-future-sales/run0361/00/00/nlp_ID0000002.meta,/home/poseidon/workflows/predict-future-sales-workflow/submit/poseidon/pegasus/predict-future-sales/run0361/00/00/eda_ID0000001.meta,/home/poseidon/workflows/predict-future-sales-workflow/submit/poseidon/pegasus/predict-future-sales/run0361/00/00/preprocess_ID0000003.meta --insert /home/poseidon/workflows/predict-future-sales-workflow/submit/poseidon/pegasus/predict-future-sales/run0361/00/00/register_condorpool_0_0.in",3.1,0,0,,,,,,,,,
stage_out_local_condorpool_2_0,None,transfer,0,1677753165.0,,,1677753170.0,,,0.0,1677753170.0,1677753200.0,1677753170.0,1677753190.0,239317691.0,1677753200.0,1677753205.0,5.0,,0.0,30.0,5.0,,,20.0,4785443585.0,poseidon,local,host-10-100-100-12.openstacklocal,pegasus::transfer,/home/poseidon/pegasus-5.1.0panorama/bin/pegasus-transfer,pegasus-kickstart  -n pegasus::transfer -N null -i - -R local  -L predict-future-sales -T 2023-02-17T19:59:06+00:00 pegasus-transfer  --threads 2,21.3,0,0,,,,,,,,,
feature_merge_ID0000010,cpu_4,compute,0,1677753165.0,,,1677753170.0,1677753121.0,1677753196.0,77906931.4,1677753171.0,1677753400.0,1677753286.0,1677753341.0,54697878.0,1677753400.0,1677753405.0,5.0,,1.0,229.0,5.0,75.0,5155397110.0,55.0,2993643458.0,poseidon,condorpool,poseidon-worker-1-container-0-7,feature_merge,/srv/feature_merge,,61.0,0,0,0.0,4796861561.0,1912001788.0,1454.0,81.0,38.2,21.7,79947692.7,95600089.4
register_condorpool_2_0,None,auxiliary,0,1677753205.0,,,1677753210.0,,,0.0,1677753210.0,1677753215.0,,,0.0,1677753215.0,1677753220.0,5.0,,0.0,5.0,5.0,,,,,poseidon,local,host-10-100-100-12.openstacklocal,pegasus::rc-client,/home/poseidon/pegasus-5.1.0panorama/bin/pegasus-rc-client,"pegasus-kickstart  -n pegasus::rc-client -N null -R local  -L predict-future-sales -T 2023-02-17T19:59:06+00:00 /home/poseidon/pegasus-5.1.0panorama/bin/pegasus-rc-client --prefix pegasus.catalog.replica.output --conf /home/poseidon/workflows/predict-future-sales-workflow/submit/poseidon/pegasus/predict-future-sales/run0361/pegasus.12766365312375108673.properties -v --meta /home/poseidon/workflows/predict-future-sales-workflow/submit/poseidon/pegasus/predict-future-sales/run0361/00/00/feature_eng_5_ID0000009.meta,/home/poseidon/workflows/predict-future-sales-workflow/submit/poseidon/pegasus/predict-future-sales/run0361/00/00/feature_eng_2_ID0000006.meta,/home/poseidon/workflows/predict-future-sales-workflow/submit/poseidon/pegasus/predict-future-sales/run0361/00/00/feature_eng_3_ID0000007.meta,/home/poseidon/workflows/predict-future-sales-workflow/submit/poseidon/pegasus/predict-future-sales/run0361/00/00/feature_eng_4_ID0000008.meta --insert /home/poseidon/workflows/predict-future-sales-workflow/submit/poseidon/pegasus/predict-future-sales/run0361/00/00/register_condorpool_2_0.in",3.0,0,0,,,,,,,,,
stage_inter_local_xgboost_hp_tuning_workflow_ID0000015_0,None,transfer,0,1677753405.0,,,1677753410.0,1677753410.0,1677753412.0,401.0,1677753410.0,1677753420.0,,,0.0,1677753420.0,1677753425.0,5.0,,0.0,10.0,5.0,2.0,826.0,,,poseidon,local,host-10-100-100-12.openstacklocal,pegasus::transfer,/home/poseidon/pegasus-5.1.0panorama/bin/pegasus-transfer,pegasus-kickstart  -n pegasus::transfer -N null -i - -R local  -L predict-future-sales -T 2023-02-17T19:59:06+00:00 pegasus-transfer  --threads 2,0.3,0,0,,,,,,,,,
stage_inter_local_xgboost_model_ID0000021_0,None,transfer,0,1677753405.0,,,1677753410.0,1677753410.0,1677753443.0,80967826.0,1677753410.0,1677753450.0,,,0.0,1677753450.0,1677753455.0,5.0,,0.0,40.0,5.0,33.0,2646308508.0,,,poseidon,local,host-10-100-100-12.openstacklocal,pegasus::transfer,/home/poseidon/pegasus-5.1.0panorama/bin/pegasus-transfer,pegasus-kickstart  -n pegasus::transfer -N null -i - -R local  -L predict-future-sales -T 2023-02-17T19:59:06+00:00 pegasus-transfer  --threads 2,9.2,0,0,,,,,,,,,
stage_inter_local_model_predict_ID0000022_0,None,transfer,0,1677753405.0,,,1677753410.0,1677753410.0,1677753414.0,14119873.0,1677753410.0,1677753420.0,,,0.0,1677753420.0,1677753425.0,5.0,,0.0,10.0,5.0,4.0,54050130.0,,,poseidon,local,host-10-100-100-12.openstacklocal,pegasus::transfer,/home/poseidon/pegasus-5.1.0panorama/bin/pegasus-transfer,pegasus-kickstart  -n pegasus::transfer -N null -i - -R local  -L predict-future-sales -T 2023-02-17T19:59:06+00:00 pegasus-transfer  --threads 2,0.6,0,0,,,,,,,,,
stage_out_local_condorpool_3_0,None,transfer,0,1677753405.0,,,1677753410.0,,,0.0,1677753410.0,1677753440.0,1677753410.0,1677753433.0,128065915.0,1677753440.0,1677753445.0,5.0,,0.0,30.0,5.0,,,23.0,2993643458.0,poseidon,local,host-10-100-100-12.openstacklocal,pegasus::transfer,/home/poseidon/pegasus-5.1.0panorama/bin/pegasus-transfer,pegasus-kickstart  -n pegasus::transfer -N null -i - -R local  -L predict-future-sales -T 2023-02-17T19:59:06+00:00 pegasus-transfer  --threads 2,14.4,0,0,,,,,,,,,
stage_inter_local_xgboost_model_ID0000013_0,None,transfer,0,1677753405.0,,,1677753410.0,1677753410.0,1677753417.0,36374805.0,1677753410.0,1677753425.0,,,0.0,1677753425.0,1677753430.0,5.0,,0.0,15.0,5.0,7.0,269346726.0,,,poseidon,local,host-10-100-100-12.openstacklocal,pegasus::transfer,/home/poseidon/pegasus-5.1.0panorama/bin/pegasus-transfer,pegasus-kickstart  -n pegasus::transfer -N null -i - -R local  -L predict-future-sales -T 2023-02-17T19:59:06+00:00 pegasus-transfer  --threads 2,1.3,0,0,,,,,,,,,
stage_inter_local_model_predict_ID0000014_0,None,transfer,0,1677753405.0,,,1677753410.0,1677753410.0,1677753414.0,1221997.0,1677753410.0,1677753420.0,,,0.0,1677753420.0,1677753425.0,5.0,,0.0,10.0,5.0,4.0,4411696.0,,,poseidon,local,host-10-100-100-12.openstacklocal,pegasus::transfer,/home/poseidon/pegasus-5.1.0panorama/bin/pegasus-transfer,pegasus-kickstart  -n pegasus::transfer -N null -i - -R local  -L predict-future-sales -T 2023-02-17T19:59:06+00:00 pegasus-transfer  --threads 2,0.4,0,0,,,,,,,,,
xgboost_hp_tuning_workflow_ID0000015,None,compute,0,1677753425.0,,,1677753430.0,,,0.0,1677753430.0,1677753445.0,,,0.0,1677753445.0,1677753450.0,5.0,,0.0,15.0,5.0,,,,,poseidon,local,poseidon-submit.novalocal,xgboost_hp_tuning_workflow,/var/spool/condor/local_univ_execute/dir_1378951/xgboost_hp_tuning_workflow,/home/poseidon/workflows/predict-future-sales-workflow/submit/poseidon/pegasus/predict-future-sales/run0361/00/00/xgboost_hp_tuning_workflow_ID0000015.sh,0.1,0,0,,,,,,,,,
xgboost_hp_tuning_workflow_ID0000011,None,compute,0,1677753425.0,,,1677753430.0,,,0.0,1677753430.0,1677753445.0,,,0.0,1677753445.0,1677753450.0,5.0,,0.0,15.0,5.0,,,,,poseidon,local,poseidon-submit.novalocal,xgboost_hp_tuning_workflow,/var/spool/condor/local_univ_execute/dir_1378957/xgboost_hp_tuning_workflow,/home/poseidon/workflows/predict-future-sales-workflow/submit/poseidon/pegasus/predict-future-sales/run0361/00/00/xgboost_hp_tuning_workflow_ID0000011.sh,0.1,0,0,,,,,,,,,
xgboost_hp_tuning_workflow_ID0000019,None,compute,0,1677753425.0,,,1677753430.0,,,0.0,1677753430.0,1677753445.0,,,0.0,1677753445.0,1677753450.0,5.0,,0.0,15.0,5.0,,,,,poseidon,local,poseidon-submit.novalocal,xgboost_hp_tuning_workflow,/var/spool/condor/local_univ_execute/dir_1378960/xgboost_hp_tuning_workflow,/home/poseidon/workflows/predict-future-sales-workflow/submit/poseidon/pegasus/predict-future-sales/run0361/00/00/xgboost_hp_tuning_workflow_ID0000019.sh,0.1,0,0,,,,,,,,,
register_condorpool_3_0,None,auxiliary,0,1677753445.0,,,1677753450.0,,,0.0,1677753450.0,1677753455.0,,,0.0,1677753455.0,1677753460.0,5.0,,0.0,5.0,5.0,,,,,poseidon,local,host-10-100-100-12.openstacklocal,pegasus::rc-client,/home/poseidon/pegasus-5.1.0panorama/bin/pegasus-rc-client,pegasus-kickstart  -n pegasus::rc-client -N null -R local  -L predict-future-sales -T 2023-02-17T19:59:06+00:00 /home/poseidon/pegasus-5.1.0panorama/bin/pegasus-rc-client --prefix pegasus.catalog.replica.output --conf /home/poseidon/workflows/predict-future-sales-workflow/submit/poseidon/pegasus/predict-future-sales/run0361/pegasus.12766365312375108673.properties -v --meta /home/poseidon/workflows/predict-future-sales-workflow/submit/poseidon/pegasus/predict-future-sales/run0361/00/00/feature_merge_ID0000010.meta --insert /home/poseidon/workflows/predict-future-sales-workflow/submit/poseidon/pegasus/predict-future-sales/run0361/00/00/register_condorpool_3_0.in,2.9,0,0,,,,,,,,,
pegasus-plan_ID0000016,None,subwf,0,1677753450.0,1677753450.0,1677753455.0,1677753460.0,,,0.0,1677753460.0,1677753770.0,,,0.0,,,0.0,5.0,0.0,310.0,,,,,,poseidon,local,poseidon-submit,condor::dagman,/usr/bin/condor_dagman,-p 0  -f -l . -Notification never -Debug 3 -Lockfile xgboost_hp_tuning_group_1.dag.lock -Dag xgboost_hp_tuning_group_1.dag -AllowVersionMismatch  -AutoRescue 1 -DoRescueFrom 0,0.0,0,0,,,,,,,,,
pegasus-plan_ID0000012,None,subwf,0,1677753450.0,1677753450.0,1677753455.0,1677753460.0,,,0.0,1677753460.0,1677753735.0,,,0.0,,,0.0,5.0,0.0,275.0,,,,,,poseidon,local,poseidon-submit,condor::dagman,/usr/bin/condor_dagman,-p 0  -f -l . -Notification never -Debug 3 -Lockfile xgboost_hp_tuning_group_0.dag.lock -Dag xgboost_hp_tuning_group_0.dag -AllowVersionMismatch  -AutoRescue 1 -DoRescueFrom 0,0.0,0,0,,,,,,,,,
stage_out_local_local_4_0,None,transfer,0,1677753450.0,,,1677753455.0,,,0.0,1677753455.0,1677753465.0,1677753455.0,1677753459.0,21087.0,1677753465.0,1677753470.0,5.0,,0.0,10.0,5.0,,,4.0,85038.0,poseidon,local,host-10-100-100-12.openstacklocal,pegasus::transfer,/home/poseidon/pegasus-5.1.0panorama/bin/pegasus-transfer,pegasus-kickstart  -n pegasus::transfer -N null -i - -R local  -L predict-future-sales -T 2023-02-17T19:59:06+00:00 pegasus-transfer  --threads 2,0.5,0,0,,,,,,,,,
pegasus-plan_ID0000020,None,subwf,0,1677753450.0,1677753450.0,1677753455.0,1677753460.0,,,0.0,1677753460.0,1677754605.0,,,0.0,,,0.0,5.0,0.0,1145.0,,,,,,poseidon,local,poseidon-submit,condor::dagman,/usr/bin/condor_dagman,-p 0  -f -l . -Notification never -Debug 3 -Lockfile xgboost_hp_tuning_group_2.dag.lock -Dag xgboost_hp_tuning_group_2.dag -AllowVersionMismatch  -AutoRescue 1 -DoRescueFrom 0,0.0,0,0,,,,,,,,,
create_dir_predict-future-sales-hp-tuning_0_condorpool_pegasus-plan_ID0000016,None,auxiliary,0,1677753460.0,,,1677753461.0,,,0.0,1677753464.0,1677753471.0,,,0.0,1677753471.0,1677753476.0,1.0,,3.0,7.0,5.0,,,,,poseidon,local,host-10-100-100-12.openstacklocal,pegasus::dirmanager,/home/poseidon/pegasus-5.1.0panorama/bin/pegasus-transfer,pegasus-kickstart  -n pegasus::dirmanager -N null -i - -R local  -L xgboost_hp_tuning_group_1 -T 2023-03-02T10:37:32+00:00 pegasus-transfer,0.3,0,0,,,,,,,,,
create_dir_predict-future-sales-hp-tuning_0_condorpool_pegasus-plan_ID0000012,None,auxiliary,0,1677753460.0,,,1677753461.0,,,0.0,1677753464.0,1677753471.0,,,0.0,1677753471.0,1677753476.0,1.0,,3.0,7.0,5.0,,,,,poseidon,local,host-10-100-100-12.openstacklocal,pegasus::dirmanager,/home/poseidon/pegasus-5.1.0panorama/bin/pegasus-transfer,pegasus-kickstart  -n pegasus::dirmanager -N null -i - -R local  -L xgboost_hp_tuning_group_0 -T 2023-03-02T10:37:32+00:00 pegasus-transfer,0.3,0,0,,,,,,,,,
create_dir_predict-future-sales-hp-tuning_0_condorpool_pegasus-plan_ID0000020,None,auxiliary,0,1677753460.0,,,1677753461.0,,,0.0,1677753464.0,1677753471.0,,,0.0,1677753471.0,1677753476.0,1.0,,3.0,7.0,5.0,,,,,poseidon,local,host-10-100-100-12.openstacklocal,pegasus::dirmanager,/home/poseidon/pegasus-5.1.0panorama/bin/pegasus-transfer,pegasus-kickstart  -n pegasus::dirmanager -N null -i - -R local  -L xgboost_hp_tuning_group_2 -T 2023-03-02T10:37:32+00:00 pegasus-transfer,0.3,0,0,,,,,,,,,
register_local_4_0,None,auxiliary,0,1677753470.0,,,1677753475.0,,,0.0,1677753475.0,1677753480.0,,,0.0,1677753480.0,1677753485.0,5.0,,0.0,5.0,5.0,,,,,poseidon,local,host-10-100-100-12.openstacklocal,pegasus::rc-client,/home/poseidon/pegasus-5.1.0panorama/bin/pegasus-rc-client,"pegasus-kickstart  -n pegasus::rc-client -N null -R local  -L predict-future-sales -T 2023-02-17T19:59:06+00:00 /home/poseidon/pegasus-5.1.0panorama/bin/pegasus-rc-client --prefix pegasus.catalog.replica.output --conf /home/poseidon/workflows/predict-future-sales-workflow/submit/poseidon/pegasus/predict-future-sales/run0361/pegasus.12766365312375108673.properties -v --meta /home/poseidon/workflows/predict-future-sales-workflow/submit/poseidon/pegasus/predict-future-sales/run0361/00/00/xgboost_hp_tuning_workflow_ID0000011.meta,/home/poseidon/workflows/predict-future-sales-workflow/submit/poseidon/pegasus/predict-future-sales/run0361/00/00/xgboost_hp_tuning_workflow_ID0000019.meta,/home/poseidon/workflows/predict-future-sales-workflow/submit/poseidon/pegasus/predict-future-sales/run0361/00/00/xgboost_hp_tuning_workflow_ID0000015.meta --insert /home/poseidon/workflows/predict-future-sales-workflow/submit/poseidon/pegasus/predict-future-sales/run0361/00/00/register_local_4_0.in",3.0,0,0,,,,,,,,,
stage_in_local_condorpool_0_0_pegasus-plan_ID0000012,None,transfer,0,1677753476.0,,,1677753481.0,1677753482.0,1677753486.0,2803.0,1677753482.0,1677753496.0,,,0.0,1677753496.0,1677753501.0,5.0,,1.0,14.0,5.0,4.0,12142.0,,,poseidon,local,host-10-100-100-12.openstacklocal,pegasus::transfer,/home/poseidon/pegasus-5.1.0panorama/bin/pegasus-transfer,-n pegasus::transfer -N null -i - -R local  -L xgboost_hp_tuning_group_0 -T 2023-03-02T10:37:32+00:00 /home/poseidon/pegasus-5.1.0panorama/bin/../bin/pegasus-transfer  --threads 2,0.6,0,0,,,,,,,,,
stage_in_local_condorpool_1_0_pegasus-plan_ID0000012,None,transfer,0,1677753476.0,,,1677753481.0,1677753482.0,1677753486.0,796.0,1677753482.0,1677753491.0,,,0.0,1677753491.0,1677753496.0,5.0,,1.0,9.0,5.0,4.0,2874.0,,,poseidon,local,host-10-100-100-12.openstacklocal,pegasus::transfer,/home/poseidon/pegasus-5.1.0panorama/bin/pegasus-transfer,-n pegasus::transfer -N null -i - -R local  -L xgboost_hp_tuning_group_0 -T 2023-03-02T10:37:32+00:00 /home/poseidon/pegasus-5.1.0panorama/bin/../bin/pegasus-transfer  --threads 2,0.5,0,0,,,,,,,,,
stage_in_local_condorpool_0_1_pegasus-plan_ID0000012,None,transfer,0,1677753476.0,,,1677753481.0,1677753482.0,1677753488.0,43936266.0,1677753482.0,1677753496.0,,,0.0,1677753496.0,1677753501.0,5.0,,1.0,14.0,5.0,6.0,269346726.0,,,poseidon,local,host-10-100-100-12.openstacklocal,pegasus::transfer,/home/poseidon/pegasus-5.1.0panorama/bin/pegasus-transfer,-n pegasus::transfer -N null -i - -R local  -L xgboost_hp_tuning_group_0 -T 2023-03-02T10:37:32+00:00 /home/poseidon/pegasus-5.1.0panorama/bin/../bin/pegasus-transfer  --threads 2,1.9,0,0,,,,,,,,,
stage_in_local_condorpool_0_2_pegasus-plan_ID0000012,None,transfer,0,1677753476.0,,,1677753481.0,1677753482.0,1677753492.0,71829065.0,1677753482.0,1677753501.0,,,0.0,1677753501.0,1677753506.0,5.0,,1.0,19.0,5.0,10.0,735985664.0,,,poseidon,local,host-10-100-100-12.openstacklocal,pegasus::transfer,/home/poseidon/pegasus-5.1.0panorama/bin/pegasus-transfer,-n pegasus::transfer -N null -i - -R local  -L xgboost_hp_tuning_group_0 -T 2023-03-02T10:37:32+00:00 /home/poseidon/pegasus-5.1.0panorama/bin/../bin/pegasus-transfer  --threads 2,4.2,0,0,,,,,,,,,
stage_in_local_condorpool_0_2_pegasus-plan_ID0000020,None,transfer,0,1677753476.0,,,1677753481.0,1677753482.0,1677753493.0,71479597.0,1677753482.0,1677753502.0,,,0.0,1677753502.0,1677753507.0,5.0,,1.0,20.0,5.0,11.0,735985664.0,,,poseidon,local,host-10-100-100-12.openstacklocal,pegasus::transfer,/home/poseidon/pegasus-5.1.0panorama/bin/pegasus-transfer,-n pegasus::transfer -N null -i - -R local  -L xgboost_hp_tuning_group_2 -T 2023-03-02T10:37:32+00:00 /home/poseidon/pegasus-5.1.0panorama/bin/../bin/pegasus-transfer  --threads 2,4.1,0,0,,,,,,,,,
stage_in_local_condorpool_0_1_pegasus-plan_ID0000020,None,transfer,0,1677753476.0,,,1677753481.0,1677753482.0,1677753499.0,154547207.0,1677753482.0,1677753507.0,,,0.0,1677753507.0,1677753512.0,5.0,,1.0,25.0,5.0,17.0,2646308508.0,,,poseidon,local,host-10-100-100-12.openstacklocal,pegasus::transfer,/home/poseidon/pegasus-5.1.0panorama/bin/pegasus-transfer,-n pegasus::transfer -N null -i - -R local  -L xgboost_hp_tuning_group_2 -T 2023-03-02T10:37:32+00:00 /home/poseidon/pegasus-5.1.0panorama/bin/../bin/pegasus-transfer  --threads 2,11.8,0,0,,,,,,,,,
stage_in_local_condorpool_0_0_pegasus-plan_ID0000016,None,transfer,0,1677753476.0,,,1677753481.0,1677753482.0,1677753486.0,2783.0,1677753482.0,1677753496.0,,,0.0,1677753496.0,1677753501.0,5.0,,1.0,14.0,5.0,4.0,12142.0,,,poseidon,local,host-10-100-100-12.openstacklocal,pegasus::transfer,/home/poseidon/pegasus-5.1.0panorama/bin/pegasus-transfer,-n pegasus::transfer -N null -i - -R local  -L xgboost_hp_tuning_group_1 -T 2023-03-02T10:37:32+00:00 /home/poseidon/pegasus-5.1.0panorama/bin/../bin/pegasus-transfer  --threads 2,0.6,0,0,,,,,,,,,
stage_in_local_condorpool_1_0_pegasus-plan_ID0000016,None,transfer,0,1677753476.0,,,1677753481.0,1677753482.0,1677753486.0,793.0,1677753482.0,1677753491.0,,,0.0,1677753491.0,1677753496.0,5.0,,1.0,9.0,5.0,4.0,2874.0,,,poseidon,local,host-10-100-100-12.openstacklocal,pegasus::transfer,/home/poseidon/pegasus-5.1.0panorama/bin/pegasus-transfer,-n pegasus::transfer -N null -i - -R local  -L xgboost_hp_tuning_group_1 -T 2023-03-02T10:37:32+00:00 /home/poseidon/pegasus-5.1.0panorama/bin/../bin/pegasus-transfer  --threads 2,0.5,0,0,,,,,,,,,
stage_in_local_condorpool_0_1_pegasus-plan_ID0000016,None,transfer,0,1677753476.0,,,1677753481.0,1677753482.0,1677753486.0,5122698.0,1677753482.0,1677753491.0,,,0.0,1677753491.0,1677753496.0,5.0,,1.0,9.0,5.0,4.0,19294600.0,,,poseidon,local,host-10-100-100-12.openstacklocal,pegasus::transfer,/home/poseidon/pegasus-5.1.0panorama/bin/pegasus-transfer,-n pegasus::transfer -N null -i - -R local  -L xgboost_hp_tuning_group_1 -T 2023-03-02T10:37:32+00:00 /home/poseidon/pegasus-5.1.0panorama/bin/../bin/pegasus-transfer  --threads 2,0.6,0,0,,,,,,,,,
stage_in_local_condorpool_0_0_pegasus-plan_ID0000020,None,transfer,0,1677753476.0,,,1677753481.0,1677753482.0,1677753486.0,2783.0,1677753482.0,1677753497.0,,,0.0,1677753497.0,1677753502.0,5.0,,1.0,15.0,5.0,4.0,12142.0,,,poseidon,local,host-10-100-100-12.openstacklocal,pegasus::transfer,/home/poseidon/pegasus-5.1.0panorama/bin/pegasus-transfer,-n pegasus::transfer -N null -i - -R local  -L xgboost_hp_tuning_group_2 -T 2023-03-02T10:37:32+00:00 /home/poseidon/pegasus-5.1.0panorama/bin/../bin/pegasus-transfer  --threads 2,0.6,0,0,,,,,,,,,
stage_in_local_condorpool_0_2_pegasus-plan_ID0000016,None,transfer,0,1677753476.0,,,1677753481.0,1677753482.0,1677753492.0,72097558.0,1677753482.0,1677753501.0,,,0.0,1677753501.0,1677753506.0,5.0,,1.0,19.0,5.0,10.0,735985664.0,,,poseidon,local,host-10-100-100-12.openstacklocal,pegasus::transfer,/home/poseidon/pegasus-5.1.0panorama/bin/pegasus-transfer,-n pegasus::transfer -N null -i - -R local  -L xgboost_hp_tuning_group_1 -T 2023-03-02T10:37:32+00:00 /home/poseidon/pegasus-5.1.0panorama/bin/../bin/pegasus-transfer  --threads 2,4.2,0,0,,,,,,,,,
stage_in_local_condorpool_1_0_pegasus-plan_ID0000020,None,transfer,0,1677753476.0,,,1677753481.0,1677753482.0,1677753486.0,792.0,1677753482.0,1677753492.0,,,0.0,1677753492.0,1677753497.0,5.0,,1.0,10.0,5.0,4.0,2874.0,,,poseidon,local,host-10-100-100-12.openstacklocal,pegasus::transfer,/home/poseidon/pegasus-5.1.0panorama/bin/pegasus-transfer,-n pegasus::transfer -N null -i - -R local  -L xgboost_hp_tuning_group_2 -T 2023-03-02T10:37:32+00:00 /home/poseidon/pegasus-5.1.0panorama/bin/../bin/pegasus-transfer  --threads 2,0.5,0,0,,,,,,,,,
xgboost_hp_tuning_ID0000008_pegasus-plan_ID0000016,cpu_4,compute,0,1677753506.0,,,1677753511.0,1677753526.0,1677753542.0,42604894.0,1677753576.0,1677753617.0,1677753552.0,1677753557.0,243.0,1677753617.0,1677753622.0,5.0,,65.0,41.0,5.0,16.0,377646203.0,5.0,1058.0,poseidon,condorpool,poseidon-worker-2-container-40-47,xgboost_hp_tuning,/srv/xgboost_hp_tuning,,10.0,0,0,,,,,,,,,
xgboost_hp_tuning_ID0000023_pegasus-plan_ID0000012,cpu_4,compute,0,1677753506.0,,,1677753511.0,1677753523.0,1677753540.0,46584327.6,1677753573.0,1677753631.0,1677753567.0,1677753571.0,257.0,1677753631.0,1677753636.0,5.0,,62.0,58.0,5.0,17.0,502672266.0,4.0,1092.0,poseidon,condorpool,poseidon-worker-1-container-16-23,xgboost_hp_tuning,/srv/xgboost_hp_tuning,,61.2,0,0,0.1,157972545.0,40.0,3321.0,2.0,58.3,2.8,7898627.2,4.0
xgboost_hp_tuning_ID0000012_pegasus-plan_ID0000012,cpu_4,compute,0,1677753506.0,,,1677753511.0,1677753521.0,1677753538.0,46677652.6,1677753572.0,1677753631.0,1677753566.0,1677753571.0,242.0,1677753631.0,1677753636.0,5.0,,61.0,59.0,5.0,17.0,502672266.0,5.0,1046.0,poseidon,condorpool,poseidon-worker-3-container-0-7,xgboost_hp_tuning,/srv/xgboost_hp_tuning,,67.0,0,0,0.0,157970760.0,40.0,3319.0,2.0,58.5,2.8,7898538.0,4.0
xgboost_hp_tuning_ID0000001_pegasus-plan_ID0000012,cpu_4,compute,0,1677753506.0,,,1677753511.0,1677753521.0,1677753538.0,46700618.6,1677753571.0,1677753631.0,1677753568.0,1677753572.0,250.0,1677753631.0,1677753636.0,5.0,,60.0,60.0,5.0,17.0,502672266.0,4.0,1062.0,poseidon,condorpool,poseidon-worker-3-container-40-47,xgboost_hp_tuning,/srv/xgboost_hp_tuning,,69.3,0,0,0.1,157970675.0,40.0,3319.0,2.0,56.0,2.8,7898533.8,4.0
xgboost_hp_tuning_ID0000013_pegasus-plan_ID0000012,None,compute,0,1677753506.0,,,1677753511.0,1677753520.0,1677753537.0,46368995.0,1677753570.0,1677753626.0,1677753563.0,1677753568.0,245.0,1677753626.0,1677753631.0,5.0,,59.0,56.0,5.0,17.0,502672266.0,5.0,1054.0,poseidon,condorpool,poseidon-worker-2-container-8-15,xgboost_hp_tuning,/srv/xgboost_hp_tuning,,100.3,0,0,0.0,157967865.0,40.0,3305.0,2.0,42.9,2.8,15796786.5,4.0
xgboost_hp_tuning_ID0000002_pegasus-plan_ID0000012,None,compute,0,1677753506.0,,,1677753511.0,1677753517.0,1677753534.0,46570373.8,1677753568.0,1677753626.0,1677753559.0,1677753563.0,249.0,1677753626.0,1677753631.0,5.0,,57.0,58.0,5.0,17.0,502672266.0,4.0,1061.0,poseidon,condorpool,poseidon-worker-3-container-8-15,xgboost_hp_tuning,/srv/xgboost_hp_tuning,,96.3,0,0,0.1,157965993.0,40.0,3303.0,2.0,44.9,2.7,15796599.3,4.0
xgboost_hp_tuning_ID0000014_pegasus-plan_ID0000012,None,compute,0,1677753506.0,,,1677753511.0,1677753463.0,1677753480.0,46677501.8,1677753513.0,1677753566.0,1677753504.0,1677753508.0,248.0,1677753566.0,1677753571.0,5.0,,2.0,53.0,5.0,17.0,502672266.0,4.0,1056.0,poseidon,condorpool,poseidon-worker-3-container-8-15,xgboost_hp_tuning,/srv/xgboost_hp_tuning,,86.7,0,0,0.0,157965930.0,40.0,3303.0,2.0,41.1,2.8,15796593.0,4.0
xgboost_hp_tuning_ID0000003_pegasus-plan_ID0000012,cpu_4,compute,0,1677753506.0,,,1677753511.0,1677753463.0,1677753480.0,46762641.4,1677753513.0,1677753576.0,1677753510.0,1677753514.0,249.0,1677753576.0,1677753581.0,5.0,,2.0,63.0,5.0,17.0,502672266.0,4.0,1068.0,poseidon,condorpool,poseidon-worker-3-container-16-23,xgboost_hp_tuning,/srv/xgboost_hp_tuning,,71.1,0,0,0.0,157971960.0,40.0,3322.0,2.0,56.2,2.8,7898598.0,4.0
xgboost_hp_tuning_ID0000015_pegasus-plan_ID0000012,None,compute,0,1677753506.0,,,1677753511.0,1677753463.0,1677753480.0,46700249.0,1677753513.0,1677753576.0,1677753511.0,1677753515.0,242.0,1677753576.0,1677753581.0,5.0,,2.0,63.0,5.0,17.0,502672266.0,4.0,1053.0,poseidon,condorpool,poseidon-worker-3-container-24-31,xgboost_hp_tuning,/srv/xgboost_hp_tuning,,124.6,0,0,0.0,157970594.0,40.0,3319.0,2.0,93.8,3.5,7898529.7,4.0
xgboost_hp_tuning_ID0000004_pegasus-plan_ID0000012,cpu_4,compute,0,1677753506.0,,,1677753511.0,1677753463.0,1677753480.0,46798130.4,1677753513.0,1677753576.0,1677753512.0,1677753516.0,247.0,1677753576.0,1677753581.0,5.0,,2.0,63.0,5.0,17.0,502672266.0,4.0,1061.0,poseidon,condorpool,poseidon-worker-3-container-32-39,xgboost_hp_tuning,/srv/xgboost_hp_tuning,,74.4,0,0,0.0,157974693.0,40.0,3328.0,2.0,54.7,3.0,7898734.7,4.0
xgboost_hp_tuning_ID0000016_pegasus-plan_ID0000012,cpu_4,compute,0,1677753506.0,,,1677753511.0,1677753463.0,1677753480.0,46739220.2,1677753513.0,1677753571.0,1677753508.0,1677753512.0,250.0,1677753571.0,1677753576.0,5.0,,2.0,58.0,5.0,17.0,502672266.0,4.0,1055.0,poseidon,condorpool,poseidon-worker-3-container-40-47,xgboost_hp_tuning,/srv/xgboost_hp_tuning,,65.2,0,0,0.0,157973337.0,40.0,3325.0,2.0,57.5,3.1,7898666.9,4.0
xgboost_hp_tuning_ID0000005_pegasus-plan_ID0000012,cpu_4,compute,0,1677753506.0,,,1677753511.0,1677753463.0,1677753480.0,46565908.6,1677753513.0,1677753586.0,1677753521.0,1677753525.0,253.0,1677753586.0,1677753591.0,5.0,,2.0,73.0,5.0,17.0,502672266.0,4.0,1079.0,poseidon,condorpool,poseidon-worker-2-container-0-7,xgboost_hp_tuning,/srv/xgboost_hp_tuning,,112.7,0,0,0.0,157978920.0,40.0,3342.0,2.0,95.4,3.0,5265964.0,4.0
xgboost_hp_tuning_ID0000017_pegasus-plan_ID0000012,None,compute,0,1677753506.0,,,1677753511.0,1677753463.0,1677753480.0,46573337.6,1677753513.0,1677753571.0,1677753506.0,1677753511.0,246.0,1677753571.0,1677753576.0,5.0,,2.0,58.0,5.0,17.0,502672266.0,5.0,1055.0,poseidon,condorpool,poseidon-worker-2-container-8-15,xgboost_hp_tuning,/srv/xgboost_hp_tuning,,101.2,0,0,0.0,157967802.0,40.0,3305.0,2.0,44.2,2.6,15796780.2,4.0
xgboost_hp_tuning_ID0000006_pegasus-plan_ID0000012,cpu_4,compute,0,1677753506.0,,,1677753511.0,1677753463.0,1677753480.0,46637459.6,1677753513.0,1677753581.0,1677753515.0,1677753519.0,247.0,1677753581.0,1677753586.0,5.0,,2.0,68.0,5.0,17.0,502672266.0,4.0,1066.0,poseidon,condorpool,poseidon-worker-1-container-24-31,xgboost_hp_tuning,/srv/xgboost_hp_tuning,,81.7,0,0,0.0,157975195.0,40.0,3327.0,2.0,52.7,2.6,7898759.8,4.0
xgboost_hp_tuning_ID0000009_pegasus-plan_ID0000012,cpu_4,compute,0,1677753506.0,,,1677753511.0,1677753463.0,1677753480.0,46705433.0,1677753513.0,1677753571.0,1677753508.0,1677753512.0,250.0,1677753571.0,1677753576.0,5.0,,2.0,58.0,5.0,17.0,502672266.0,4.0,1059.0,poseidon,condorpool,poseidon-worker-3-container-0-7,xgboost_hp_tuning,/srv/xgboost_hp_tuning,,66.5,0,0,0.0,157972131.0,40.0,3322.0,2.0,57.0,3.0,7898606.5,4.0
xgboost_hp_tuning_ID0000011_pegasus-plan_ID0000012,cpu_4,compute,0,1677753506.0,,,1677753511.0,1677753463.0,1677753480.0,46566737.6,1677753513.0,1677753576.0,1677753513.0,1677753517.0,244.0,1677753576.0,1677753581.0,5.0,,2.0,63.0,5.0,17.0,502672266.0,4.0,1050.0,poseidon,condorpool,poseidon-worker-1-container-8-15,xgboost_hp_tuning,/srv/xgboost_hp_tuning,,74.9,0,0,0.0,157972553.0,40.0,3321.0,2.0,51.4,2.8,7898627.6,4.0
xgboost_hp_tuning_ID0000022_pegasus-plan_ID0000012,cpu_4,compute,0,1677753506.0,,,1677753511.0,1677753463.0,1677753480.0,46383214.6,1677753513.0,1677753581.0,1677753515.0,1677753519.0,250.0,1677753581.0,1677753586.0,5.0,,2.0,68.0,5.0,17.0,502672266.0,4.0,1064.0,poseidon,condorpool,poseidon-worker-1-container-0-7,xgboost_hp_tuning,/srv/xgboost_hp_tuning,,82.6,0,0,0.1,157972643.0,40.0,3321.0,2.0,51.8,2.7,7898632.2,4.0
xgboost_hp_tuning_ID0000010_pegasus-plan_ID0000012,cpu_4,compute,0,1677753506.0,,,1677753511.0,1677753463.0,1677753480.0,46557043.2,1677753513.0,1677753581.0,1677753516.0,1677753520.0,246.0,1677753581.0,1677753586.0,5.0,,2.0,68.0,5.0,17.0,502672266.0,4.0,1051.0,poseidon,condorpool,poseidon-worker-2-container-32-39,xgboost_hp_tuning,/srv/xgboost_hp_tuning,,90.0,0,0,0.0,157973832.0,40.0,3324.0,2.0,57.0,2.8,7898691.6,4.0
xgboost_hp_tuning_ID0000021_pegasus-plan_ID0000012,cpu_4,compute,0,1677753506.0,,,1677753511.0,1677753463.0,1677753480.0,46552953.0,1677753513.0,1677753576.0,1677753513.0,1677753517.0,245.0,1677753576.0,1677753581.0,5.0,,2.0,63.0,5.0,17.0,502672266.0,4.0,1063.0,poseidon,condorpool,poseidon-worker-2-container-40-47,xgboost_hp_tuning,/srv/xgboost_hp_tuning,,69.6,0,0,0.1,157972462.0,40.0,3321.0,2.0,47.2,2.8,7898623.1,4.0
xgboost_hp_tuning_ID0000020_pegasus-plan_ID0000012,cpu_4,compute,0,1677753506.0,,,1677753511.0,1677753463.0,1677753480.0,46589611.0,1677753513.0,1677753576.0,1677753510.0,1677753515.0,247.0,1677753576.0,1677753581.0,5.0,,2.0,63.0,5.0,17.0,502672266.0,5.0,1063.0,poseidon,condorpool,poseidon-worker-2-container-24-31,xgboost_hp_tuning,/srv/xgboost_hp_tuning,,70.7,0,0,0.0,157972460.0,40.0,3321.0,2.0,55.3,2.8,7898623.0,4.0
xgboost_hp_tuning_ID0000008_pegasus-plan_ID0000012,cpu_4,compute,0,1677753506.0,,,1677753511.0,1677753463.0,1677753480.0,46568039.8,1677753513.0,1677753581.0,1677753519.0,1677753523.0,248.0,1677753581.0,1677753586.0,5.0,,2.0,68.0,5.0,17.0,502672266.0,4.0,1059.0,poseidon,condorpool,poseidon-worker-2-container-16-23,xgboost_hp_tuning,/srv/xgboost_hp_tuning,,86.5,0,0,0.1,157976264.0,40.0,3336.0,2.0,76.8,2.8,5265875.5,4.0
xgboost_hp_tuning_ID0000019_pegasus-plan_ID0000012,cpu_4,compute,0,1677753506.0,,,1677753511.0,1677753463.0,1677753480.0,46539823.2,1677753513.0,1677753576.0,1677753512.0,1677753516.0,246.0,1677753576.0,1677753581.0,5.0,,2.0,63.0,5.0,17.0,502672266.0,4.0,1058.0,poseidon,condorpool,poseidon-worker-1-container-40-47,xgboost_hp_tuning,/srv/xgboost_hp_tuning,,75.2,0,0,0.1,157975200.0,40.0,3327.0,2.0,54.8,2.7,7898760.0,4.0
xgboost_hp_tuning_ID0000023_pegasus-plan_ID0000016,cpu_4,compute,0,1677753506.0,,,1677753512.0,1677753568.0,1677753584.0,42471339.0,1677753618.0,1677753657.0,1677753594.0,1677753599.0,251.0,1677753657.0,1677753662.0,6.0,,106.0,39.0,5.0,16.0,377646203.0,5.0,1088.0,poseidon,condorpool,poseidon-worker-1-container-0-7,xgboost_hp_tuning,/srv/xgboost_hp_tuning,,9.4,0,0,,,,,,,,,
xgboost_hp_tuning_ID0000007_pegasus-plan_ID0000012,cpu_4,compute,0,1677753506.0,,,1677753511.0,1677753463.0,1677753480.0,46612767.2,1677753513.0,1677753581.0,1677753514.0,1677753519.0,248.0,1677753581.0,1677753586.0,5.0,,2.0,68.0,5.0,17.0,502672266.0,5.0,1065.0,poseidon,condorpool,poseidon-worker-1-container-32-39,xgboost_hp_tuning,/srv/xgboost_hp_tuning,,79.7,0,0,0.1,157972461.0,40.0,3321.0,2.0,51.0,2.5,7898623.0,4.0
xgboost_hp_tuning_ID0000012_pegasus-plan_ID0000016,cpu_4,compute,0,1677753506.0,,,1677753512.0,1677753567.0,1677753583.0,42606426.2,1677753618.0,1677753657.0,1677753594.0,1677753599.0,241.0,1677753657.0,1677753662.0,6.0,,106.0,39.0,5.0,16.0,377646203.0,5.0,1048.0,poseidon,condorpool,poseidon-worker-1-container-24-31,xgboost_hp_tuning,/srv/xgboost_hp_tuning,,11.2,0,0,,,,,,,,,
xgboost_hp_tuning_ID0000013_pegasus-plan_ID0000016,cpu_4,compute,0,1677753506.0,,,1677753512.0,1677753566.0,1677753581.0,42602205.5,1677753616.0,1677753657.0,1677753592.0,1677753596.0,248.0,1677753657.0,1677753662.0,6.0,,104.0,41.0,5.0,15.0,377646203.0,4.0,1055.0,poseidon,condorpool,poseidon-worker-2-container-40-47,xgboost_hp_tuning,/srv/xgboost_hp_tuning,,11.4,0,0,,,,,,,,,
xgboost_hp_tuning_ID0000009_pegasus-plan_ID0000016,cpu_4,compute,0,1677753506.0,,,1677753511.0,1677753523.0,1677753539.0,42759939.5,1677753574.0,1677753612.0,1677753549.0,1677753553.0,248.0,1677753612.0,1677753617.0,5.0,,63.0,38.0,5.0,16.0,377646203.0,4.0,1057.0,poseidon,condorpool,poseidon-worker-3-container-16-23,xgboost_hp_tuning,/srv/xgboost_hp_tuning,,10.0,0,0,,,,,,,,,
xgboost_hp_tuning_ID0000011_pegasus-plan_ID0000016,cpu_4,compute,0,1677753506.0,,,1677753511.0,1677753524.0,1677753539.0,42672228.0,1677753574.0,1677753617.0,1677753550.0,1677753554.0,247.0,1677753617.0,1677753622.0,5.0,,63.0,43.0,5.0,15.0,377646203.0,4.0,1048.0,poseidon,condorpool,poseidon-worker-2-container-24-31,xgboost_hp_tuning,/srv/xgboost_hp_tuning,,9.7,0,0,,,,,,,,,
xgboost_hp_tuning_ID0000022_pegasus-plan_ID0000016,None,compute,0,1677753506.0,,,1677753511.0,1677753524.0,1677753540.0,42702683.8,1677753575.0,1677753617.0,1677753551.0,1677753555.0,249.0,1677753617.0,1677753622.0,5.0,,64.0,42.0,5.0,16.0,377646203.0,4.0,1063.0,poseidon,condorpool,poseidon-worker-3-container-24-31,xgboost_hp_tuning,/srv/xgboost_hp_tuning,,17.4,0,0,,,,,,,,,
xgboost_hp_tuning_ID0000010_pegasus-plan_ID0000016,cpu_4,compute,0,1677753506.0,,,1677753511.0,1677753525.0,1677753540.0,42651494.5,1677753575.0,1677753617.0,1677753551.0,1677753555.0,250.0,1677753617.0,1677753622.0,5.0,,64.0,42.0,5.0,15.0,377646203.0,4.0,1050.0,poseidon,condorpool,poseidon-worker-3-container-32-39,xgboost_hp_tuning,/srv/xgboost_hp_tuning,,11.8,0,0,,,,,,,,,
xgboost_hp_tuning_ID0000021_pegasus-plan_ID0000016,cpu_4,compute,0,1677753506.0,,,1677753511.0,1677753525.0,1677753541.0,42528350.2,1677753576.0,1677753617.0,1677753552.0,1677753556.0,249.0,1677753617.0,1677753622.0,5.0,,65.0,41.0,5.0,16.0,377646203.0,4.0,1063.0,poseidon,condorpool,poseidon-worker-1-container-40-47,xgboost_hp_tuning,/srv/xgboost_hp_tuning,,9.9,0,0,,,,,,,,,
xgboost_hp_tuning_ID0000020_pegasus-plan_ID0000016,cpu_4,compute,0,1677753506.0,,,1677753511.0,1677753526.0,1677753542.0,42643215.8,1677753576.0,1677753617.0,1677753552.0,1677753556.0,248.0,1677753617.0,1677753622.0,5.0,,65.0,41.0,5.0,16.0,377646203.0,4.0,1061.0,poseidon,condorpool,poseidon-worker-1-container-8-15,xgboost_hp_tuning,/srv/xgboost_hp_tuning,,9.5,0,0,,,,,,,,,
xgboost_hp_tuning_ID0000019_pegasus-plan_ID0000016,cpu_4,compute,0,1677753506.0,,,1677753511.0,1677753528.0,1677753544.0,42543673.5,1677753578.0,1677753617.0,1677753554.0,1677753558.0,249.0,1677753617.0,1677753622.0,5.0,,67.0,39.0,5.0,16.0,377646203.0,4.0,1062.0,poseidon,condorpool,poseidon-worker-1-container-32-39,xgboost_hp_tuning,/srv/xgboost_hp_tuning,,10.0,0,0,,,,,,,,,
xgboost_hp_tuning_ID0000001_pegasus-plan_ID0000016,cpu_4,compute,0,1677753506.0,,,1677753512.0,1677753567.0,1677753583.0,42580764.0,1677753617.0,1677753657.0,1677753594.0,1677753598.0,246.0,1677753657.0,1677753662.0,6.0,,105.0,40.0,5.0,16.0,377646203.0,4.0,1064.0,poseidon,condorpool,poseidon-worker-1-container-32-39,xgboost_hp_tuning,/srv/xgboost_hp_tuning,,10.2,0,0,,,,,,,,,
xgboost_hp_tuning_ID0000018_pegasus-plan_ID0000016,cpu_4,compute,0,1677753506.0,,,1677753511.0,1677753528.0,1677753544.0,42481004.8,1677753579.0,1677753622.0,1677753555.0,1677753559.0,244.0,1677753622.0,1677753627.0,5.0,,68.0,43.0,5.0,16.0,377646203.0,4.0,1052.0,poseidon,condorpool,poseidon-worker-1-container-0-7,xgboost_hp_tuning,/srv/xgboost_hp_tuning,,10.5,0,0,,,,,,,,,
xgboost_hp_tuning_ID0000007_pegasus-plan_ID0000016,cpu_4,compute,0,1677753506.0,,,1677753511.0,1677753528.0,1677753544.0,42601665.5,1677753578.0,1677753617.0,1677753554.0,1677753558.0,246.0,1677753617.0,1677753622.0,5.0,,67.0,39.0,5.0,16.0,377646203.0,4.0,1065.0,poseidon,condorpool,poseidon-worker-1-container-24-31,xgboost_hp_tuning,/srv/xgboost_hp_tuning,,9.3,0,0,,,,,,,,,
xgboost_hp_tuning_ID0000017_pegasus-plan_ID0000016,cpu_4,compute,0,1677753506.0,,,1677753511.0,1677753532.0,1677753548.0,42327778.5,1677753582.0,1677753622.0,1677753558.0,1677753562.0,249.0,1677753622.0,1677753627.0,5.0,,71.0,40.0,5.0,16.0,377646203.0,4.0,1057.0,poseidon,condorpool,poseidon-worker-2-container-16-23,xgboost_hp_tuning,/srv/xgboost_hp_tuning,,9.0,0,0,,,,,,,,,
xgboost_hp_tuning_ID0000005_pegasus-plan_ID0000016,cpu_4,compute,0,1677753506.0,,,1677753511.0,1677753534.0,1677753550.0,42187578.2,1677753584.0,1677753627.0,1677753560.0,1677753565.0,250.0,1677753627.0,1677753632.0,5.0,,73.0,43.0,5.0,16.0,377646203.0,5.0,1075.0,poseidon,condorpool,poseidon-worker-2-container-0-7,xgboost_hp_tuning,/srv/xgboost_hp_tuning,,9.6,0,0,,,,,,,,,
xgboost_hp_tuning_ID0000016_pegasus-plan_ID0000016,cpu_4,compute,0,1677753506.0,,,1677753511.0,1677753562.0,1677753578.0,42704676.2,1677753613.0,1677753652.0,1677753588.0,1677753593.0,248.0,1677753652.0,1677753657.0,5.0,,102.0,39.0,5.0,16.0,377646203.0,5.0,1055.0,poseidon,condorpool,poseidon-worker-3-container-16-23,xgboost_hp_tuning,/srv/xgboost_hp_tuning,,9.4,0,0,,,,,,,,,
xgboost_hp_tuning_ID0000004_pegasus-plan_ID0000016,cpu_4,compute,0,1677753506.0,,,1677753511.0,1677753563.0,1677753579.0,42612188.0,1677753613.0,1677753652.0,1677753589.0,1677753593.0,249.0,1677753652.0,1677753657.0,5.0,,102.0,39.0,5.0,16.0,377646203.0,4.0,1060.0,poseidon,condorpool,poseidon-worker-2-container-24-31,xgboost_hp_tuning,/srv/xgboost_hp_tuning,,9.8,0,0,,,,,,,,,
xgboost_hp_tuning_ID0000015_pegasus-plan_ID0000016,None,compute,0,1677753506.0,,,1677753511.0,1677753564.0,1677753580.0,42691171.8,1677753614.0,1677753657.0,1677753590.0,1677753594.0,247.0,1677753657.0,1677753662.0,5.0,,103.0,43.0,5.0,16.0,377646203.0,4.0,1054.0,poseidon,condorpool,poseidon-worker-3-container-24-31,xgboost_hp_tuning,/srv/xgboost_hp_tuning,,21.2,0,0,,,,,,,,,
xgboost_hp_tuning_ID0000003_pegasus-plan_ID0000016,cpu_4,compute,0,1677753506.0,,,1677753511.0,1677753564.0,1677753580.0,42665425.0,1677753615.0,1677753657.0,1677753590.0,1677753594.0,254.0,1677753657.0,1677753662.0,5.0,,104.0,42.0,5.0,16.0,377646203.0,4.0,1064.0,poseidon,condorpool,poseidon-worker-3-container-32-39,xgboost_hp_tuning,/srv/xgboost_hp_tuning,,10.1,0,0,,,,,,,,,
xgboost_hp_tuning_ID0000014_pegasus-plan_ID0000016,cpu_4,compute,0,1677753506.0,,,1677753511.0,1677753565.0,1677753581.0,42615500.5,1677753615.0,1677753657.0,1677753595.0,1677753599.0,246.0,1677753657.0,1677753662.0,5.0,,104.0,42.0,5.0,16.0,377646203.0,4.0,1053.0,poseidon,condorpool,poseidon-worker-1-container-40-47,xgboost_hp_tuning,/srv/xgboost_hp_tuning,,19.1,0,0,,,,,,,,,
xgboost_hp_tuning_ID0000002_pegasus-plan_ID0000016,cpu_4,compute,0,1677753506.0,,,1677753512.0,1677753566.0,1677753581.0,42554394.5,1677753616.0,1677753657.0,1677753592.0,1677753596.0,243.0,1677753657.0,1677753662.0,6.0,,104.0,41.0,5.0,15.0,377646203.0,4.0,1063.0,poseidon,condorpool,poseidon-worker-1-container-8-15,xgboost_hp_tuning,/srv/xgboost_hp_tuning,,9.9,0,0,,,,,,,,,
xgboost_hp_tuning_ID0000006_pegasus-plan_ID0000016,cpu_4,compute,0,1677753506.0,,,1677753511.0,1677753529.0,1677753545.0,42573447.2,1677753579.0,1677753622.0,1677753555.0,1677753559.0,251.0,1677753622.0,1677753627.0,5.0,,68.0,43.0,5.0,16.0,377646203.0,4.0,1065.0,poseidon,condorpool,poseidon-worker-2-container-32-39,xgboost_hp_tuning,/srv/xgboost_hp_tuning,,9.8,0,0,,,,,,,,,
xgboost_hp_tuning_ID0000018_pegasus-plan_ID0000012,cpu_4,compute,0,1677753506.0,,,1677753511.0,1677753463.0,1677753480.0,46566715.8,1677753513.0,1677753576.0,1677753509.0,1677753514.0,248.0,1677753576.0,1677753581.0,5.0,,2.0,63.0,5.0,17.0,502672266.0,5.0,1053.0,poseidon,condorpool,poseidon-worker-1-container-16-23,xgboost_hp_tuning,/srv/xgboost_hp_tuning,,67.7,0,0,0.1,157972456.0,40.0,3321.0,2.0,55.5,3.0,7898622.8,4.0
xgboost_hp_tuning_ID0000001_pegasus-plan_ID0000020,cpu_4,compute,0,1677753512.0,,,1677753517.0,1677754034.0,1677754065.0,68902232.1,1677754084.0,1677754507.0,1677754442.0,1677754446.0,252.0,1677754507.0,1677754512.0,5.0,,567.0,423.0,5.0,31.0,1691153157.0,4.0,1062.0,poseidon,condorpool,poseidon-worker-1-container-8-15,xgboost_hp_tuning,/srv/xgboost_hp_tuning,,1162.0,0,0,0.0,1346583659.0,40.0,3831.0,2.0,1080.1,57.9,3740510.2,4.0
xgboost_hp_tuning_ID0000009_pegasus-plan_ID0000020,cpu_4,compute,0,1677753512.0,,,1677753517.0,1677753568.0,1677753599.0,68914505.3,1677753619.0,1677754157.0,1677754093.0,1677754097.0,249.0,1677754157.0,1677754162.0,5.0,,102.0,538.0,5.0,31.0,1691153157.0,4.0,1058.0,poseidon,condorpool,poseidon-worker-2-container-32-39,xgboost_hp_tuning,/srv/xgboost_hp_tuning,,1506.2,0,0,0.1,1346633696.0,40.0,4020.0,2.0,1393.8,97.1,2805486.9,4.0
xgboost_hp_tuning_ID0000012_pegasus-plan_ID0000020,cpu_4,compute,0,1677753512.0,,,1677753517.0,1677754035.0,1677754066.0,69038116.1,1677754085.0,1677754512.0,1677754446.0,1677754450.0,252.0,1677754512.0,1677754517.0,5.0,,568.0,427.0,5.0,31.0,1691153157.0,4.0,1050.0,poseidon,condorpool,poseidon-worker-3-container-32-39,xgboost_hp_tuning,/srv/xgboost_hp_tuning,,1158.6,0,0,0.0,1346587120.0,40.0,3847.0,2.0,1091.7,64.8,3639424.6,4.0
xgboost_hp_tuning_ID0000023_pegasus-plan_ID0000020,None,compute,0,1677753512.0,,,1677753517.0,1677754048.0,1677754080.0,68995852.5,1677754099.0,1677754467.0,1677754402.0,1677754406.0,257.0,1677754467.0,1677754472.0,5.0,,582.0,368.0,5.0,32.0,1691153157.0,4.0,1089.0,poseidon,condorpool,poseidon-worker-3-container-24-31,xgboost_hp_tuning,/srv/xgboost_hp_tuning,,1744.0,0,0,0.0,1346562862.0,40.0,3754.0,2.0,1671.1,53.9,4343751.2,4.0
xgboost_hp_tuning_ID0000017_pegasus-plan_ID0000020,cpu_4,compute,0,1677753512.0,,,1677753517.0,1677753605.0,1677753636.0,68943735.6,1677753655.0,1677754087.0,1677754021.0,1677754025.0,248.0,1677754087.0,1677754092.0,5.0,,138.0,432.0,5.0,31.0,1691153157.0,4.0,1051.0,poseidon,condorpool,poseidon-worker-1-container-8-15,xgboost_hp_tuning,/srv/xgboost_hp_tuning,,1163.4,0,0,0.1,1346587444.0,40.0,3847.0,2.0,1104.3,41.1,3639425.5,4.0
xgboost_hp_tuning_ID0000002_pegasus-plan_ID0000020,None,compute,0,1677753512.0,,,1677753517.0,1677753971.0,1677754003.0,68981432.0,1677754022.0,1677754412.0,1677754346.0,1677754350.0,253.0,1677754412.0,1677754417.0,5.0,,505.0,390.0,5.0,32.0,1691153157.0,4.0,1061.0,poseidon,condorpool,poseidon-worker-3-container-8-15,xgboost_hp_tuning,/srv/xgboost_hp_tuning,,1917.3,0,0,0.0,1346570367.0,40.0,3784.0,2.0,1847.4,46.1,4080516.3,4.0
xgboost_hp_tuning_ID0000005_pegasus-plan_ID0000020,cpu_4,compute,0,1677753512.0,,,1677753517.0,1677753605.0,1677753637.0,69103245.1,1677753656.0,1677754207.0,1677754142.0,1677754146.0,256.0,1677754207.0,1677754212.0,5.0,,139.0,551.0,5.0,32.0,1691153157.0,4.0,1078.0,poseidon,condorpool,poseidon-worker-2-container-40-47,xgboost_hp_tuning,/srv/xgboost_hp_tuning,,1577.7,0,0,0.1,1346635044.0,40.0,4029.0,2.0,1486.7,70.1,2748234.8,4.0
xgboost_hp_tuning_ID0000016_pegasus-plan_ID0000020,cpu_4,compute,0,1677753512.0,,,1677753517.0,1677753607.0,1677753638.0,68830905.0,1677753657.0,1677754232.0,1677754165.0,1677754170.0,249.0,1677754232.0,1677754237.0,5.0,,140.0,575.0,5.0,31.0,1691153157.0,5.0,1054.0,poseidon,condorpool,poseidon-worker-1-container-32-39,xgboost_hp_tuning,/srv/xgboost_hp_tuning,,1648.1,0,0,0.1,1346644017.0,40.0,4063.0,2.0,1552.2,68.5,2640478.5,4.0
xgboost_hp_tuning_ID0000004_pegasus-plan_ID0000020,cpu_4,compute,0,1677753512.0,,,1677753517.0,1677753608.0,1677753639.0,68823142.8,1677753658.0,1677754127.0,1677754064.0,1677754068.0,251.0,1677754127.0,1677754132.0,5.0,,141.0,469.0,5.0,31.0,1691153157.0,4.0,1062.0,poseidon,condorpool,poseidon-worker-1-container-0-7,xgboost_hp_tuning,/srv/xgboost_hp_tuning,,1266.4,0,0,0.0,1346602613.0,40.0,3907.0,2.0,1191.9,56.4,3284396.6,4.0
xgboost_hp_tuning_ID0000018_pegasus-plan_ID0000020,None,compute,0,1677753512.0,,,1677753517.0,1677753603.0,1677753635.0,69132332.7,1677753654.0,1677754062.0,1677753997.0,1677754001.0,251.0,1677754062.0,1677754067.0,5.0,,137.0,408.0,5.0,32.0,1691153157.0,4.0,1054.0,poseidon,condorpool,poseidon-worker-3-container-24-31,xgboost_hp_tuning,/srv/xgboost_hp_tuning,,1968.5,0,0,0.0,1346578139.0,40.0,3814.0,2.0,1896.6,54.8,3847366.1,4.0
xgboost_hp_tuning_ID0000013_pegasus-plan_ID0000020,None,compute,0,1677753512.0,,,1677753517.0,1677753986.0,1677754017.0,68886892.0,1677754036.0,1677754402.0,1677754338.0,1677754343.0,250.0,1677754402.0,1677754407.0,5.0,,519.0,366.0,5.0,31.0,1691153157.0,5.0,1056.0,poseidon,condorpool,poseidon-worker-2-container-8-15,xgboost_hp_tuning,/srv/xgboost_hp_tuning,,1811.7,0,0,0.1,1346564580.0,40.0,3756.0,2.0,1746.0,55.5,4343756.7,4.0
xgboost_hp_tuning_ID0000007_pegasus-plan_ID0000020,cpu_4,compute,0,1677753512.0,,,1677753517.0,1677753602.0,1677753633.0,69056704.5,1677753653.0,1677754107.0,1677754040.0,1677754045.0,251.0,1677754107.0,1677754112.0,5.0,,136.0,454.0,5.0,31.0,1691153157.0,5.0,1064.0,poseidon,condorpool,poseidon-worker-2-container-24-31,xgboost_hp_tuning,/srv/xgboost_hp_tuning,,1215.4,0,0,0.1,1346595299.0,40.0,3876.0,2.0,1120.0,70.5,3452808.5,4.0
xgboost_hp_tuning_ID0000019_pegasus-plan_ID0000020,cpu_4,compute,0,1677753512.0,,,1677753517.0,1677753581.0,1677753612.0,69089285.2,1677753631.0,1677754467.0,1677754402.0,1677754407.0,252.0,1677754467.0,1677754472.0,5.0,,114.0,836.0,5.0,31.0,1691153157.0,5.0,1059.0,poseidon,condorpool,poseidon-worker-3-container-40-47,xgboost_hp_tuning,/srv/xgboost_hp_tuning,,2569.1,0,0,0.1,1346742500.0,40.0,4459.0,2.0,2469.9,94.5,1726592.9,4.0
xgboost_hp_tuning_ID0000008_pegasus-plan_ID0000020,cpu_4,compute,0,1677753512.0,,,1677753517.0,1677753580.0,1677753611.0,69050124.3,1677753630.0,1677754132.0,1677754065.0,1677754069.0,252.0,1677754132.0,1677754137.0,5.0,,113.0,502.0,5.0,31.0,1691153157.0,4.0,1059.0,poseidon,condorpool,poseidon-worker-1-container-16-23,xgboost_hp_tuning,/srv/xgboost_hp_tuning,,1399.0,0,0,0.1,1346616924.0,40.0,3957.0,2.0,1318.2,66.0,3060493.0,4.0
xgboost_hp_tuning_ID0000014_pegasus-plan_ID0000020,cpu_4,compute,0,1677753512.0,,,1677753517.0,1677753675.0,1677753706.0,69004247.3,1677753726.0,1677754217.0,1677754151.0,1677754155.0,255.0,1677754217.0,1677754222.0,5.0,,209.0,491.0,5.0,31.0,1691153157.0,4.0,1055.0,poseidon,condorpool,poseidon-worker-3-container-16-23,xgboost_hp_tuning,/srv/xgboost_hp_tuning,,1351.1,0,0,0.1,1346611555.0,40.0,3940.0,2.0,1255.2,79.1,3131654.8,4.0
xgboost_hp_tuning_ID0000021_pegasus-plan_ID0000020,None,compute,0,1677753512.0,,,1677753517.0,1677753577.0,1677753608.0,68988693.7,1677753627.0,1677753997.0,1677753932.0,1677753936.0,250.0,1677753997.0,1677754002.0,5.0,,110.0,370.0,5.0,31.0,1691153157.0,4.0,1062.0,poseidon,condorpool,poseidon-worker-2-container-8-15,xgboost_hp_tuning,/srv/xgboost_hp_tuning,,1752.3,0,0,0.0,1346564353.0,40.0,3756.0,2.0,1667.0,57.1,4343756.0,4.0
xgboost_hp_tuning_ID0000010_pegasus-plan_ID0000020,cpu_4,compute,0,1677753512.0,,,1677753517.0,1677753573.0,1677753605.0,68963700.9,1677753624.0,1677754147.0,1677754081.0,1677754085.0,248.0,1677754147.0,1677754152.0,5.0,,107.0,523.0,5.0,32.0,1691153157.0,4.0,1050.0,poseidon,condorpool,poseidon-worker-2-container-0-7,xgboost_hp_tuning,/srv/xgboost_hp_tuning,,1445.0,0,0,0.1,1346621454.0,40.0,3982.0,2.0,1333.5,86.3,2927437.9,4.0
xgboost_hp_tuning_ID0000022_pegasus-plan_ID0000020,None,compute,0,1677753512.0,,,1677753517.0,1677753572.0,1677753603.0,69114447.0,1677753623.0,1677753977.0,1677753911.0,1677753915.0,255.0,1677753977.0,1677753982.0,5.0,,106.0,354.0,5.0,31.0,1691153157.0,4.0,1063.0,poseidon,condorpool,poseidon-worker-3-container-8-15,xgboost_hp_tuning,/srv/xgboost_hp_tuning,,1666.2,0,0,0.1,1346554852.0,40.0,3724.0,2.0,1562.5,46.5,4643292.6,4.0
xgboost_hp_tuning_ID0000011_pegasus-plan_ID0000020,cpu_4,compute,0,1677753512.0,,,1677753517.0,1677753571.0,1677753602.0,69122360.3,1677753622.0,1677754152.0,1677754088.0,1677754092.0,251.0,1677754152.0,1677754157.0,5.0,,105.0,530.0,5.0,31.0,1691153157.0,4.0,1049.0,poseidon,condorpool,poseidon-worker-2-container-16-23,xgboost_hp_tuning,/srv/xgboost_hp_tuning,,1509.3,0,0,0.1,1346625732.0,40.0,3996.0,2.0,1406.5,79.1,2865161.1,4.0
xgboost_hp_tuning_ID0000015_pegasus-plan_ID0000020,cpu_4,compute,0,1677753512.0,,,1677753517.0,1677753608.0,1677753639.0,68960595.2,1677753658.0,1677754177.0,1677754114.0,1677754118.0,248.0,1677754177.0,1677754182.0,5.0,,141.0,519.0,5.0,31.0,1691153157.0,4.0,1053.0,poseidon,condorpool,poseidon-worker-1-container-24-31,xgboost_hp_tuning,/srv/xgboost_hp_tuning,,1468.8,0,0,0.0,1346624883.0,40.0,3988.0,2.0,1379.9,68.1,2927445.4,4.0
xgboost_hp_tuning_ID0000003_pegasus-plan_ID0000020,cpu_4,compute,0,1677753512.0,,,1677753517.0,1677753608.0,1677753639.0,68934907.8,1677753658.0,1677754117.0,1677754051.0,1677754055.0,250.0,1677754117.0,1677754122.0,5.0,,141.0,459.0,5.0,31.0,1691153157.0,4.0,1067.0,poseidon,condorpool,poseidon-worker-1-container-40-47,xgboost_hp_tuning,/srv/xgboost_hp_tuning,,1262.6,0,0,0.0,1346601845.0,40.0,3897.0,2.0,1193.8,60.4,3366504.6,4.0
xgboost_hp_tuning_ID0000006_pegasus-plan_ID0000020,cpu_4,compute,0,1677753512.0,,,1677753517.0,1677753603.0,1677753634.0,69182533.4,1677753654.0,1677754087.0,1677754021.0,1677754026.0,253.0,1677754087.0,1677754092.0,5.0,,137.0,433.0,5.0,31.0,1691153157.0,5.0,1065.0,poseidon,condorpool,poseidon-worker-3-container-32-39,xgboost_hp_tuning,/srv/xgboost_hp_tuning,,1153.3,0,0,0.0,1346587078.0,40.0,3847.0,2.0,1069.5,57.1,3639424.5,4.0
xgboost_hp_tuning_ID0000020_pegasus-plan_ID0000020,cpu_4,compute,0,1677753512.0,,,1677753517.0,1677753579.0,1677753610.0,69056838.7,1677753630.0,1677754077.0,1677754013.0,1677754018.0,256.0,1677754077.0,1677754082.0,5.0,,113.0,447.0,5.0,31.0,1691153157.0,5.0,1062.0,poseidon,condorpool,poseidon-worker-3-container-0-7,xgboost_hp_tuning,/srv/xgboost_hp_tuning,,1173.2,0,0,0.1,1346597213.0,40.0,3883.0,2.0,1095.7,63.8,3452813.4,4.0
stage_out_local_condorpool_0_0_pegasus-plan_ID0000012,None,transfer,0,1677753636.0,,,1677753641.0,,,0.0,1677753641.0,1677753651.0,1677753642.0,1677753646.0,2098.0,1677753651.0,1677753656.0,5.0,,0.0,10.0,5.0,,,4.0,8461.0,poseidon,local,host-10-100-100-12.openstacklocal,pegasus::transfer,/home/poseidon/pegasus-5.1.0panorama/bin/pegasus-transfer,/home/poseidon/pegasus-5.1.0panorama/bin/../bin/pegasus-kickstart  -n pegasus::transfer -N null -i - -R local  -L xgboost_hp_tuning_group_0 -T 2023-03-02T10:37:32+00:00 /home/poseidon/pegasus-5.1.0panorama/bin/../bin/pegasus-transfer  --threads 2,1.1,0,0,,,,,,,,,
stage_out_local_condorpool_0_1_pegasus-plan_ID0000012,None,transfer,0,1677753636.0,,,1677753641.0,,,0.0,1677753641.0,1677753651.0,1677753642.0,1677753646.0,2110.0,1677753651.0,1677753656.0,5.0,,0.0,10.0,5.0,,,4.0,8506.0,poseidon,local,host-10-100-100-12.openstacklocal,pegasus::transfer,/home/poseidon/pegasus-5.1.0panorama/bin/pegasus-transfer,/home/poseidon/pegasus-5.1.0panorama/bin/../bin/pegasus-kickstart  -n pegasus::transfer -N null -i - -R local  -L xgboost_hp_tuning_group_0 -T 2023-03-02T10:37:32+00:00 /home/poseidon/pegasus-5.1.0panorama/bin/../bin/pegasus-transfer  --threads 2,1.1,0,0,,,,,,,,,
xgboost_best_params_ID0000024_pegasus-plan_ID0000012,cpu_4,compute,0,1677753636.0,,,1677753641.0,1677753601.0,1677753619.0,36980019.3,1677753652.0,1677753691.0,1677753626.0,1677753630.0,255.0,1677753691.0,1677753696.0,5.0,,11.0,39.0,5.0,18.0,368018662.0,4.0,1079.0,poseidon,condorpool,poseidon-worker-3-container-16-23,xgboost_best_params,/srv/xgboost_best_params,,0.0,0,0,,,,,,,,,
stage_out_local_condorpool_0_2_pegasus-plan_ID0000012,None,transfer,0,1677753636.0,,,1677753641.0,,,0.0,1677753641.0,1677753651.0,1677753642.0,1677753646.0,1840.0,1677753651.0,1677753656.0,5.0,,0.0,10.0,5.0,,,4.0,7426.0,poseidon,local,host-10-100-100-12.openstacklocal,pegasus::transfer,/home/poseidon/pegasus-5.1.0panorama/bin/pegasus-transfer,/home/poseidon/pegasus-5.1.0panorama/bin/../bin/pegasus-kickstart  -n pegasus::transfer -N null -i - -R local  -L xgboost_hp_tuning_group_0 -T 2023-03-02T10:37:32+00:00 /home/poseidon/pegasus-5.1.0panorama/bin/../bin/pegasus-transfer  --threads 2,1.0,0,0,,,,,,,,,
register_condorpool_0_2_pegasus-plan_ID0000012,None,auxiliary,0,1677753656.0,,,1677753671.0,,,0.0,1677753673.0,1677753676.0,,,0.0,1677753676.0,1677753681.0,15.0,,2.0,3.0,5.0,,,,,poseidon,local,host-10-100-100-12.openstacklocal,pegasus::rc-client,/home/poseidon/pegasus-5.1.0panorama/bin/pegasus-rc-client,"-n pegasus::rc-client -N null -R local  -L xgboost_hp_tuning_group_0 -T 2023-03-02T10:37:32+00:00 /home/poseidon/pegasus-5.1.0panorama/bin/pegasus-rc-client --prefix pegasus.catalog.replica.output --conf /home/poseidon/workflows/predict-future-sales-workflow/submit/poseidon/pegasus/predict-future-sales/run0361/00/00/./xgboost_hp_tuning_group_0.000/pegasus.9043753180785173625.properties -v --meta /home/poseidon/workflows/predict-future-sales-workflow/submit/poseidon/pegasus/predict-future-sales/run0361/00/00/./xgboost_hp_tuning_group_0.000/00/00/xgboost_hp_tuning_ID0000014.meta,/home/poseidon/workflows/predict-future-sales-workflow/submit/poseidon/pegasus/predict-future-sales/run0361/00/00/./xgboost_hp_tuning_group_0.000/00/00/xgboost_hp_tuning_ID0000001.meta,/home/poseidon/workflows/predict-future-sales-workflow/submit/poseidon/pegasus/predict-future-sales/run0361/00/00/./xgboost_hp_tuning_group_0.000/00/00/xgboost_hp_tuning_ID0000007.meta,/home/poseidon/workflows/predict-future-sales-workflow/submit/poseidon/pegasus/predict-future-sales/run0361/00/00/./xgboost_hp_tuning_group_0.000/00/00/xgboost_hp_tuning_ID0000004.meta,/home/poseidon/workflows/predict-future-sales-workflow/submit/poseidon/pegasus/predict-future-sales/run0361/00/00/./xgboost_hp_tuning_group_0.000/00/00/xgboost_hp_tuning_ID0000022.meta,/home/poseidon/workflows/predict-future-sales-workflow/submit/poseidon/pegasus/predict-future-sales/run0361/00/00/./xgboost_hp_tuning_group_0.000/00/00/xgboost_hp_tuning_ID0000020.meta,/home/poseidon/workflows/predict-future-sales-workflow/submit/poseidon/pegasus/predict-future-sales/run0361/00/00/./xgboost_hp_tuning_group_0.000/00/00/xgboost_hp_tuning_ID0000017.meta --insert /home/poseidon/workflows/predict-future-sales-workflow/submit/poseidon/pegasus/predict-future-sales/run0361/00/00/./xgboost_hp_tuning_group_0.000/00/00/register_condorpool_0_2.in",3.0,0,0,,,,,,,,,
register_condorpool_0_0_pegasus-plan_ID0000012,None,auxiliary,0,1677753656.0,,,1677753661.0,,,0.0,1677753661.0,1677753666.0,,,0.0,1677753666.0,1677753671.0,5.0,,0.0,5.0,5.0,,,,,poseidon,local,host-10-100-100-12.openstacklocal,pegasus::rc-client,/home/poseidon/pegasus-5.1.0panorama/bin/pegasus-rc-client,"-n pegasus::rc-client -N null -R local  -L xgboost_hp_tuning_group_0 -T 2023-03-02T10:37:32+00:00 /home/poseidon/pegasus-5.1.0panorama/bin/pegasus-rc-client --prefix pegasus.catalog.replica.output --conf /home/poseidon/workflows/predict-future-sales-workflow/submit/poseidon/pegasus/predict-future-sales/run0361/00/00/./xgboost_hp_tuning_group_0.000/pegasus.9043753180785173625.properties -v --meta /home/poseidon/workflows/predict-future-sales-workflow/submit/poseidon/pegasus/predict-future-sales/run0361/00/00/./xgboost_hp_tuning_group_0.000/00/00/xgboost_hp_tuning_ID0000018.meta,/home/poseidon/workflows/predict-future-sales-workflow/submit/poseidon/pegasus/predict-future-sales/run0361/00/00/./xgboost_hp_tuning_group_0.000/00/00/xgboost_hp_tuning_ID0000009.meta,/home/poseidon/workflows/predict-future-sales-workflow/submit/poseidon/pegasus/predict-future-sales/run0361/00/00/./xgboost_hp_tuning_group_0.000/00/00/xgboost_hp_tuning_ID0000012.meta,/home/poseidon/workflows/predict-future-sales-workflow/submit/poseidon/pegasus/predict-future-sales/run0361/00/00/./xgboost_hp_tuning_group_0.000/00/00/xgboost_hp_tuning_ID0000008.meta,/home/poseidon/workflows/predict-future-sales-workflow/submit/poseidon/pegasus/predict-future-sales/run0361/00/00/./xgboost_hp_tuning_group_0.000/00/00/xgboost_hp_tuning_ID0000010.meta,/home/poseidon/workflows/predict-future-sales-workflow/submit/poseidon/pegasus/predict-future-sales/run0361/00/00/./xgboost_hp_tuning_group_0.000/00/00/xgboost_hp_tuning_ID0000002.meta,/home/poseidon/workflows/predict-future-sales-workflow/submit/poseidon/pegasus/predict-future-sales/run0361/00/00/./xgboost_hp_tuning_group_0.000/00/00/xgboost_hp_tuning_ID0000005.meta,/home/poseidon/workflows/predict-future-sales-workflow/submit/poseidon/pegasus/predict-future-sales/run0361/00/00/./xgboost_hp_tuning_group_0.000/00/00/xgboost_hp_tuning_ID0000015.meta --insert /home/poseidon/workflows/predict-future-sales-workflow/submit/poseidon/pegasus/predict-future-sales/run0361/00/00/./xgboost_hp_tuning_group_0.000/00/00/register_condorpool_0_0.in",3.2,0,0,,,,,,,,,
register_condorpool_0_1_pegasus-plan_ID0000012,None,auxiliary,0,1677753656.0,,,1677753681.0,,,0.0,1677753681.0,1677753686.0,,,0.0,1677753686.0,1677753691.0,25.0,,0.0,5.0,5.0,,,,,poseidon,local,host-10-100-100-12.openstacklocal,pegasus::rc-client,/home/poseidon/pegasus-5.1.0panorama/bin/pegasus-rc-client,"-n pegasus::rc-client -N null -R local  -L xgboost_hp_tuning_group_0 -T 2023-03-02T10:37:32+00:00 /home/poseidon/pegasus-5.1.0panorama/bin/pegasus-rc-client --prefix pegasus.catalog.replica.output --conf /home/poseidon/workflows/predict-future-sales-workflow/submit/poseidon/pegasus/predict-future-sales/run0361/00/00/./xgboost_hp_tuning_group_0.000/pegasus.9043753180785173625.properties -v --meta /home/poseidon/workflows/predict-future-sales-workflow/submit/poseidon/pegasus/predict-future-sales/run0361/00/00/./xgboost_hp_tuning_group_0.000/00/00/xgboost_hp_tuning_ID0000019.meta,/home/poseidon/workflows/predict-future-sales-workflow/submit/poseidon/pegasus/predict-future-sales/run0361/00/00/./xgboost_hp_tuning_group_0.000/00/00/xgboost_hp_tuning_ID0000003.meta,/home/poseidon/workflows/predict-future-sales-workflow/submit/poseidon/pegasus/predict-future-sales/run0361/00/00/./xgboost_hp_tuning_group_0.000/00/00/xgboost_hp_tuning_ID0000006.meta,/home/poseidon/workflows/predict-future-sales-workflow/submit/poseidon/pegasus/predict-future-sales/run0361/00/00/./xgboost_hp_tuning_group_0.000/00/00/xgboost_hp_tuning_ID0000016.meta,/home/poseidon/workflows/predict-future-sales-workflow/submit/poseidon/pegasus/predict-future-sales/run0361/00/00/./xgboost_hp_tuning_group_0.000/00/00/xgboost_hp_tuning_ID0000013.meta,/home/poseidon/workflows/predict-future-sales-workflow/submit/poseidon/pegasus/predict-future-sales/run0361/00/00/./xgboost_hp_tuning_group_0.000/00/00/xgboost_hp_tuning_ID0000023.meta,/home/poseidon/workflows/predict-future-sales-workflow/submit/poseidon/pegasus/predict-future-sales/run0361/00/00/./xgboost_hp_tuning_group_0.000/00/00/xgboost_hp_tuning_ID0000011.meta,/home/poseidon/workflows/predict-future-sales-workflow/submit/poseidon/pegasus/predict-future-sales/run0361/00/00/./xgboost_hp_tuning_group_0.000/00/00/xgboost_hp_tuning_ID0000021.meta --insert /home/poseidon/workflows/predict-future-sales-workflow/submit/poseidon/pegasus/predict-future-sales/run0361/00/00/./xgboost_hp_tuning_group_0.000/00/00/register_condorpool_0_1.in",3.0,0,0,,,,,,,,,
stage_out_local_condorpool_0_2_pegasus-plan_ID0000016,None,transfer,0,1677753662.0,,,1677753667.0,,,0.0,1677753667.0,1677753677.0,1677753668.0,1677753672.0,1840.0,1677753677.0,1677753682.0,5.0,,0.0,10.0,5.0,,,4.0,7423.0,poseidon,local,host-10-100-100-12.openstacklocal,pegasus::transfer,/home/poseidon/pegasus-5.1.0panorama/bin/pegasus-transfer,/home/poseidon/pegasus-5.1.0panorama/bin/../bin/pegasus-kickstart  -n pegasus::transfer -N null -i - -R local  -L xgboost_hp_tuning_group_1 -T 2023-03-02T10:37:32+00:00 /home/poseidon/pegasus-5.1.0panorama/bin/../bin/pegasus-transfer  --threads 2,1.0,0,0,,,,,,,,,
xgboost_best_params_ID0000024_pegasus-plan_ID0000016,cpu_4,compute,0,1677753662.0,,,1677753667.0,1677753639.0,1677753656.0,37090571.3,1677753689.0,1677753727.0,1677753662.0,1677753666.0,253.0,1677753727.0,1677753732.0,5.0,,22.0,38.0,5.0,17.0,368018649.0,4.0,1064.0,poseidon,condorpool,poseidon-worker-3-container-16-23,xgboost_best_params,/srv/xgboost_best_params,,0.0,0,0,,,,,,,,,
stage_out_local_condorpool_0_1_pegasus-plan_ID0000016,None,transfer,0,1677753662.0,,,1677753667.0,,,0.0,1677753667.0,1677753677.0,1677753668.0,1677753672.0,2108.0,1677753677.0,1677753682.0,5.0,,0.0,10.0,5.0,,,4.0,8500.0,poseidon,local,host-10-100-100-12.openstacklocal,pegasus::transfer,/home/poseidon/pegasus-5.1.0panorama/bin/pegasus-transfer,/home/poseidon/pegasus-5.1.0panorama/bin/../bin/pegasus-kickstart  -n pegasus::transfer -N null -i - -R local  -L xgboost_hp_tuning_group_1 -T 2023-03-02T10:37:32+00:00 /home/poseidon/pegasus-5.1.0panorama/bin/../bin/pegasus-transfer  --threads 2,1.1,0,0,,,,,,,,,
stage_out_local_condorpool_0_0_pegasus-plan_ID0000016,None,transfer,0,1677753662.0,,,1677753667.0,,,0.0,1677753667.0,1677753677.0,1677753668.0,1677753672.0,2096.0,1677753677.0,1677753682.0,5.0,,0.0,10.0,5.0,,,4.0,8457.0,poseidon,local,host-10-100-100-12.openstacklocal,pegasus::transfer,/home/poseidon/pegasus-5.1.0panorama/bin/pegasus-transfer,/home/poseidon/pegasus-5.1.0panorama/bin/../bin/pegasus-kickstart  -n pegasus::transfer -N null -i - -R local  -L xgboost_hp_tuning_group_1 -T 2023-03-02T10:37:32+00:00 /home/poseidon/pegasus-5.1.0panorama/bin/../bin/pegasus-transfer  --threads 2,1.1,0,0,,,,,,,,,
register_condorpool_0_1_pegasus-plan_ID0000016,None,auxiliary,0,1677753682.0,,,1677753707.0,,,0.0,1677753708.0,1677753712.0,,,0.0,1677753712.0,1677753717.0,25.0,,1.0,4.0,5.0,,,,,poseidon,local,host-10-100-100-12.openstacklocal,pegasus::rc-client,/home/poseidon/pegasus-5.1.0panorama/bin/pegasus-rc-client,"-n pegasus::rc-client -N null -R local  -L xgboost_hp_tuning_group_1 -T 2023-03-02T10:37:32+00:00 /home/poseidon/pegasus-5.1.0panorama/bin/pegasus-rc-client --prefix pegasus.catalog.replica.output --conf /home/poseidon/workflows/predict-future-sales-workflow/submit/poseidon/pegasus/predict-future-sales/run0361/00/00/./xgboost_hp_tuning_group_1.000/pegasus.11126678260678574255.properties -v --meta /home/poseidon/workflows/predict-future-sales-workflow/submit/poseidon/pegasus/predict-future-sales/run0361/00/00/./xgboost_hp_tuning_group_1.000/00/00/xgboost_hp_tuning_ID0000013.meta,/home/poseidon/workflows/predict-future-sales-workflow/submit/poseidon/pegasus/predict-future-sales/run0361/00/00/./xgboost_hp_tuning_group_1.000/00/00/xgboost_hp_tuning_ID0000023.meta,/home/poseidon/workflows/predict-future-sales-workflow/submit/poseidon/pegasus/predict-future-sales/run0361/00/00/./xgboost_hp_tuning_group_1.000/00/00/xgboost_hp_tuning_ID0000011.meta,/home/poseidon/workflows/predict-future-sales-workflow/submit/poseidon/pegasus/predict-future-sales/run0361/00/00/./xgboost_hp_tuning_group_1.000/00/00/xgboost_hp_tuning_ID0000006.meta,/home/poseidon/workflows/predict-future-sales-workflow/submit/poseidon/pegasus/predict-future-sales/run0361/00/00/./xgboost_hp_tuning_group_1.000/00/00/xgboost_hp_tuning_ID0000003.meta,/home/poseidon/workflows/predict-future-sales-workflow/submit/poseidon/pegasus/predict-future-sales/run0361/00/00/./xgboost_hp_tuning_group_1.000/00/00/xgboost_hp_tuning_ID0000021.meta,/home/poseidon/workflows/predict-future-sales-workflow/submit/poseidon/pegasus/predict-future-sales/run0361/00/00/./xgboost_hp_tuning_group_1.000/00/00/xgboost_hp_tuning_ID0000019.meta,/home/poseidon/workflows/predict-future-sales-workflow/submit/poseidon/pegasus/predict-future-sales/run0361/00/00/./xgboost_hp_tuning_group_1.000/00/00/xgboost_hp_tuning_ID0000016.meta --insert /home/poseidon/workflows/predict-future-sales-workflow/submit/poseidon/pegasus/predict-future-sales/run0361/00/00/./xgboost_hp_tuning_group_1.000/00/00/register_condorpool_0_1.in",3.0,0,0,,,,,,,,,
register_condorpool_0_0_pegasus-plan_ID0000016,None,auxiliary,0,1677753682.0,,,1677753687.0,,,0.0,1677753687.0,1677753692.0,,,0.0,1677753692.0,1677753697.0,5.0,,0.0,5.0,5.0,,,,,poseidon,local,host-10-100-100-12.openstacklocal,pegasus::rc-client,/home/poseidon/pegasus-5.1.0panorama/bin/pegasus-rc-client,"-n pegasus::rc-client -N null -R local  -L xgboost_hp_tuning_group_1 -T 2023-03-02T10:37:32+00:00 /home/poseidon/pegasus-5.1.0panorama/bin/pegasus-rc-client --prefix pegasus.catalog.replica.output --conf /home/poseidon/workflows/predict-future-sales-workflow/submit/poseidon/pegasus/predict-future-sales/run0361/00/00/./xgboost_hp_tuning_group_1.000/pegasus.11126678260678574255.properties -v --meta /home/poseidon/workflows/predict-future-sales-workflow/submit/poseidon/pegasus/predict-future-sales/run0361/00/00/./xgboost_hp_tuning_group_1.000/00/00/xgboost_hp_tuning_ID0000018.meta,/home/poseidon/workflows/predict-future-sales-workflow/submit/poseidon/pegasus/predict-future-sales/run0361/00/00/./xgboost_hp_tuning_group_1.000/00/00/xgboost_hp_tuning_ID0000002.meta,/home/poseidon/workflows/predict-future-sales-workflow/submit/poseidon/pegasus/predict-future-sales/run0361/00/00/./xgboost_hp_tuning_group_1.000/00/00/xgboost_hp_tuning_ID0000005.meta,/home/poseidon/workflows/predict-future-sales-workflow/submit/poseidon/pegasus/predict-future-sales/run0361/00/00/./xgboost_hp_tuning_group_1.000/00/00/xgboost_hp_tuning_ID0000009.meta,/home/poseidon/workflows/predict-future-sales-workflow/submit/poseidon/pegasus/predict-future-sales/run0361/00/00/./xgboost_hp_tuning_group_1.000/00/00/xgboost_hp_tuning_ID0000015.meta,/home/poseidon/workflows/predict-future-sales-workflow/submit/poseidon/pegasus/predict-future-sales/run0361/00/00/./xgboost_hp_tuning_group_1.000/00/00/xgboost_hp_tuning_ID0000012.meta,/home/poseidon/workflows/predict-future-sales-workflow/submit/poseidon/pegasus/predict-future-sales/run0361/00/00/./xgboost_hp_tuning_group_1.000/00/00/xgboost_hp_tuning_ID0000010.meta,/home/poseidon/workflows/predict-future-sales-workflow/submit/poseidon/pegasus/predict-future-sales/run0361/00/00/./xgboost_hp_tuning_group_1.000/00/00/xgboost_hp_tuning_ID0000008.meta --insert /home/poseidon/workflows/predict-future-sales-workflow/submit/poseidon/pegasus/predict-future-sales/run0361/00/00/./xgboost_hp_tuning_group_1.000/00/00/register_condorpool_0_0.in",3.1,0,0,,,,,,,,,
register_condorpool_0_2_pegasus-plan_ID0000016,None,auxiliary,0,1677753682.0,,,1677753697.0,,,0.0,1677753697.0,1677753702.0,,,0.0,1677753702.0,1677753707.0,15.0,,0.0,5.0,5.0,,,,,poseidon,local,host-10-100-100-12.openstacklocal,pegasus::rc-client,/home/poseidon/pegasus-5.1.0panorama/bin/pegasus-rc-client,"-n pegasus::rc-client -N null -R local  -L xgboost_hp_tuning_group_1 -T 2023-03-02T10:37:32+00:00 /home/poseidon/pegasus-5.1.0panorama/bin/pegasus-rc-client --prefix pegasus.catalog.replica.output --conf /home/poseidon/workflows/predict-future-sales-workflow/submit/poseidon/pegasus/predict-future-sales/run0361/00/00/./xgboost_hp_tuning_group_1.000/pegasus.11126678260678574255.properties -v --meta /home/poseidon/workflows/predict-future-sales-workflow/submit/poseidon/pegasus/predict-future-sales/run0361/00/00/./xgboost_hp_tuning_group_1.000/00/00/xgboost_hp_tuning_ID0000017.meta,/home/poseidon/workflows/predict-future-sales-workflow/submit/poseidon/pegasus/predict-future-sales/run0361/00/00/./xgboost_hp_tuning_group_1.000/00/00/xgboost_hp_tuning_ID0000022.meta,/home/poseidon/workflows/predict-future-sales-workflow/submit/poseidon/pegasus/predict-future-sales/run0361/00/00/./xgboost_hp_tuning_group_1.000/00/00/xgboost_hp_tuning_ID0000007.meta,/home/poseidon/workflows/predict-future-sales-workflow/submit/poseidon/pegasus/predict-future-sales/run0361/00/00/./xgboost_hp_tuning_group_1.000/00/00/xgboost_hp_tuning_ID0000020.meta,/home/poseidon/workflows/predict-future-sales-workflow/submit/poseidon/pegasus/predict-future-sales/run0361/00/00/./xgboost_hp_tuning_group_1.000/00/00/xgboost_hp_tuning_ID0000001.meta,/home/poseidon/workflows/predict-future-sales-workflow/submit/poseidon/pegasus/predict-future-sales/run0361/00/00/./xgboost_hp_tuning_group_1.000/00/00/xgboost_hp_tuning_ID0000004.meta,/home/poseidon/workflows/predict-future-sales-workflow/submit/poseidon/pegasus/predict-future-sales/run0361/00/00/./xgboost_hp_tuning_group_1.000/00/00/xgboost_hp_tuning_ID0000014.meta --insert /home/poseidon/workflows/predict-future-sales-workflow/submit/poseidon/pegasus/predict-future-sales/run0361/00/00/./xgboost_hp_tuning_group_1.000/00/00/register_condorpool_0_2.in",3.0,0,0,,,,,,,,,
stage_out_local_condorpool_1_0_pegasus-plan_ID0000012,None,transfer,0,1677753696.0,,,1677753701.0,,,0.0,1677753701.0,1677753711.0,1677753702.0,1677753706.0,1257.0,1677753711.0,1677753716.0,5.0,,0.0,10.0,5.0,,,4.0,5395.0,poseidon,local,host-10-100-100-12.openstacklocal,pegasus::transfer,/home/poseidon/pegasus-5.1.0panorama/bin/pegasus-transfer,/home/poseidon/pegasus-5.1.0panorama/bin/../bin/pegasus-kickstart  -n pegasus::transfer -N null -i - -R local  -L xgboost_hp_tuning_group_0 -T 2023-03-02T10:37:32+00:00 /home/poseidon/pegasus-5.1.0panorama/bin/../bin/pegasus-transfer  --threads 2,0.7,0,0,,,,,,,,,
register_condorpool_1_0_pegasus-plan_ID0000012,None,auxiliary,0,1677753716.0,,,1677753721.0,,,0.0,1677753722.0,1677753726.0,,,0.0,1677753726.0,1677753731.0,5.0,,1.0,4.0,5.0,,,,,poseidon,local,host-10-100-100-12.openstacklocal,pegasus::rc-client,/home/poseidon/pegasus-5.1.0panorama/bin/pegasus-rc-client,-n pegasus::rc-client -N null -R local  -L xgboost_hp_tuning_group_0 -T 2023-03-02T10:37:32+00:00 /home/poseidon/pegasus-5.1.0panorama/bin/pegasus-rc-client --prefix pegasus.catalog.replica.output --conf /home/poseidon/workflows/predict-future-sales-workflow/submit/poseidon/pegasus/predict-future-sales/run0361/00/00/./xgboost_hp_tuning_group_0.000/pegasus.9043753180785173625.properties -v --meta /home/poseidon/workflows/predict-future-sales-workflow/submit/poseidon/pegasus/predict-future-sales/run0361/00/00/./xgboost_hp_tuning_group_0.000/00/00/xgboost_best_params_ID0000024.meta --insert /home/poseidon/workflows/predict-future-sales-workflow/submit/poseidon/pegasus/predict-future-sales/run0361/00/00/./xgboost_hp_tuning_group_0.000/00/00/register_condorpool_1_0.in,2.9,0,0,,,,,,,,,
stage_out_local_condorpool_1_0_pegasus-plan_ID0000016,None,transfer,0,1677753732.0,,,1677753737.0,,,0.0,1677753737.0,1677753747.0,1677753738.0,1677753742.0,1230.0,1677753747.0,1677753752.0,5.0,,0.0,10.0,5.0,,,4.0,5320.0,poseidon,local,host-10-100-100-12.openstacklocal,pegasus::transfer,/home/poseidon/pegasus-5.1.0panorama/bin/pegasus-transfer,/home/poseidon/pegasus-5.1.0panorama/bin/../bin/pegasus-kickstart  -n pegasus::transfer -N null -i - -R local  -L xgboost_hp_tuning_group_1 -T 2023-03-02T10:37:32+00:00 /home/poseidon/pegasus-5.1.0panorama/bin/../bin/pegasus-transfer  --threads 2,0.7,0,0,,,,,,,,,
xgboost_model_ID0000013,None,compute,0,1677753735.0,,,1677753740.0,1677753924.0,1677753943.0,46626132.6,1677753975.0,1677754025.0,1677753958.0,1677753962.0,409676.0,1677754025.0,1677754030.0,5.0,,235.0,50.0,5.0,19.0,502671209.0,4.0,1835304.0,poseidon,condorpool,poseidon-worker-3-container-8-15,xgboost_model,/srv/xgboost_model,,38.2,0,0,,,,,,,,,
register_condorpool_1_0_pegasus-plan_ID0000016,None,auxiliary,0,1677753752.0,,,1677753757.0,,,0.0,1677753758.0,1677753762.0,,,0.0,1677753762.0,1677753767.0,5.0,,1.0,4.0,5.0,,,,,poseidon,local,host-10-100-100-12.openstacklocal,pegasus::rc-client,/home/poseidon/pegasus-5.1.0panorama/bin/pegasus-rc-client,-n pegasus::rc-client -N null -R local  -L xgboost_hp_tuning_group_1 -T 2023-03-02T10:37:32+00:00 /home/poseidon/pegasus-5.1.0panorama/bin/pegasus-rc-client --prefix pegasus.catalog.replica.output --conf /home/poseidon/workflows/predict-future-sales-workflow/submit/poseidon/pegasus/predict-future-sales/run0361/00/00/./xgboost_hp_tuning_group_1.000/pegasus.11126678260678574255.properties -v --meta /home/poseidon/workflows/predict-future-sales-workflow/submit/poseidon/pegasus/predict-future-sales/run0361/00/00/./xgboost_hp_tuning_group_1.000/00/00/xgboost_best_params_ID0000024.meta --insert /home/poseidon/workflows/predict-future-sales-workflow/submit/poseidon/pegasus/predict-future-sales/run0361/00/00/./xgboost_hp_tuning_group_1.000/00/00/register_condorpool_1_0.in,3.0,0,0,,,,,,,,,
xgboost_model_ID0000017,None,compute,0,1677753770.0,,,1677753775.0,1677753945.0,1677753962.0,42439795.5,1677753996.0,1677754035.0,1677753972.0,1677753977.0,52383.0,1677754035.0,1677754040.0,5.0,,221.0,39.0,5.0,17.0,377645131.0,5.0,232222.0,poseidon,condorpool,poseidon-worker-2-container-8-15,xgboost_model,/srv/xgboost_model,,7.6,0,0,,,,,,,,,
model_predict_ID0000014,None,compute,0,1677754030.0,,,1677754035.0,1677754010.0,1677754027.0,42059250.5,1677754060.0,1677754100.0,1677754035.0,1677754040.0,103588.0,1677754100.0,1677754105.0,5.0,,25.0,40.0,5.0,17.0,372022709.0,5.0,451213.0,poseidon,condorpool,poseidon-worker-3-container-24-31,model_predict,/srv/model_predict,,2.9,0,0,,,,,,,,,
model_predict_ID0000018,cpu_4,compute,0,1677754040.0,,,1677754045.0,1677754026.0,1677754044.0,41733946.5,1677754077.0,1677754115.0,1677754052.0,1677754056.0,5912.0,1677754115.0,1677754120.0,5.0,,32.0,38.0,5.0,18.0,368334489.0,4.0,25035.0,poseidon,condorpool,poseidon-worker-3-container-0-7,model_predict,/srv/model_predict,,1.8,0,0,,,,,,,,,
stage_out_local_condorpool_0_1_pegasus-plan_ID0000020,None,transfer,0,1677754472.0,,,1677754477.0,,,0.0,1677754478.0,1677754487.0,1677754478.0,1677754482.0,2107.0,1677754487.0,1677754492.0,5.0,,1.0,9.0,5.0,,,4.0,8501.0,poseidon,local,host-10-100-100-12.openstacklocal,pegasus::transfer,/home/poseidon/pegasus-5.1.0panorama/bin/pegasus-transfer,/home/poseidon/pegasus-5.1.0panorama/bin/../bin/pegasus-kickstart  -n pegasus::transfer -N null -i - -R local  -L xgboost_hp_tuning_group_2 -T 2023-03-02T10:37:32+00:00 /home/poseidon/pegasus-5.1.0panorama/bin/../bin/pegasus-transfer  --threads 2,1.0,0,0,,,,,,,,,
register_condorpool_0_1_pegasus-plan_ID0000020,None,auxiliary,0,1677754492.0,,,1677754497.0,,,0.0,1677754497.0,1677754502.0,,,0.0,1677754502.0,1677754507.0,5.0,,0.0,5.0,5.0,,,,,poseidon,local,host-10-100-100-12.openstacklocal,pegasus::rc-client,/home/poseidon/pegasus-5.1.0panorama/bin/pegasus-rc-client,"-n pegasus::rc-client -N null -R local  -L xgboost_hp_tuning_group_2 -T 2023-03-02T10:37:32+00:00 /home/poseidon/pegasus-5.1.0panorama/bin/pegasus-rc-client --prefix pegasus.catalog.replica.output --conf /home/poseidon/workflows/predict-future-sales-workflow/submit/poseidon/pegasus/predict-future-sales/run0361/00/00/./xgboost_hp_tuning_group_2.000/pegasus.17865259085090013361.properties -v --meta /home/poseidon/workflows/predict-future-sales-workflow/submit/poseidon/pegasus/predict-future-sales/run0361/00/00/./xgboost_hp_tuning_group_2.000/00/00/xgboost_hp_tuning_ID0000013.meta,/home/poseidon/workflows/predict-future-sales-workflow/submit/poseidon/pegasus/predict-future-sales/run0361/00/00/./xgboost_hp_tuning_group_2.000/00/00/xgboost_hp_tuning_ID0000023.meta,/home/poseidon/workflows/predict-future-sales-workflow/submit/poseidon/pegasus/predict-future-sales/run0361/00/00/./xgboost_hp_tuning_group_2.000/00/00/xgboost_hp_tuning_ID0000011.meta,/home/poseidon/workflows/predict-future-sales-workflow/submit/poseidon/pegasus/predict-future-sales/run0361/00/00/./xgboost_hp_tuning_group_2.000/00/00/xgboost_hp_tuning_ID0000006.meta,/home/poseidon/workflows/predict-future-sales-workflow/submit/poseidon/pegasus/predict-future-sales/run0361/00/00/./xgboost_hp_tuning_group_2.000/00/00/xgboost_hp_tuning_ID0000003.meta,/home/poseidon/workflows/predict-future-sales-workflow/submit/poseidon/pegasus/predict-future-sales/run0361/00/00/./xgboost_hp_tuning_group_2.000/00/00/xgboost_hp_tuning_ID0000021.meta,/home/poseidon/workflows/predict-future-sales-workflow/submit/poseidon/pegasus/predict-future-sales/run0361/00/00/./xgboost_hp_tuning_group_2.000/00/00/xgboost_hp_tuning_ID0000019.meta,/home/poseidon/workflows/predict-future-sales-workflow/submit/poseidon/pegasus/predict-future-sales/run0361/00/00/./xgboost_hp_tuning_group_2.000/00/00/xgboost_hp_tuning_ID0000016.meta --insert /home/poseidon/workflows/predict-future-sales-workflow/submit/poseidon/pegasus/predict-future-sales/run0361/00/00/./xgboost_hp_tuning_group_2.000/00/00/register_condorpool_0_1.in",3.0,0,0,,,,,,,,,
stage_out_local_condorpool_0_2_pegasus-plan_ID0000020,None,transfer,0,1677754512.0,,,1677754517.0,,,0.0,1677754517.0,1677754527.0,1677754518.0,1677754522.0,1840.0,1677754527.0,1677754532.0,5.0,,0.0,10.0,5.0,,,4.0,7419.0,poseidon,local,host-10-100-100-12.openstacklocal,pegasus::transfer,/home/poseidon/pegasus-5.1.0panorama/bin/pegasus-transfer,/home/poseidon/pegasus-5.1.0panorama/bin/../bin/pegasus-kickstart  -n pegasus::transfer -N null -i - -R local  -L xgboost_hp_tuning_group_2 -T 2023-03-02T10:37:32+00:00 /home/poseidon/pegasus-5.1.0panorama/bin/../bin/pegasus-transfer  --threads 2,0.9,0,0,,,,,,,,,
xgboost_best_params_ID0000024_pegasus-plan_ID0000020,cpu_4,compute,0,1677754517.0,,,1677754522.0,1677754474.0,1677754491.0,33302577.4,1677754524.0,1677754562.0,1677754497.0,1677754501.0,251.0,1677754562.0,1677754567.0,5.0,,2.0,38.0,5.0,17.0,368018652.0,4.0,1059.0,poseidon,condorpool,poseidon-worker-1-container-8-15,xgboost_best_params,/srv/xgboost_best_params,,0.0,0,0,,,,,,,,,
stage_out_local_condorpool_0_0_pegasus-plan_ID0000020,None,transfer,0,1677754517.0,,,1677754522.0,,,0.0,1677754523.0,1677754537.0,1677754523.0,1677754527.0,2098.0,1677754537.0,1677754542.0,5.0,,1.0,14.0,5.0,,,4.0,8463.0,poseidon,local,host-10-100-100-12.openstacklocal,pegasus::transfer,/home/poseidon/pegasus-5.1.0panorama/bin/pegasus-transfer,/home/poseidon/pegasus-5.1.0panorama/bin/../bin/pegasus-kickstart  -n pegasus::transfer -N null -i - -R local  -L xgboost_hp_tuning_group_2 -T 2023-03-02T10:37:32+00:00 /home/poseidon/pegasus-5.1.0panorama/bin/../bin/pegasus-transfer  --threads 2,1.0,0,0,,,,,,,,,
register_condorpool_0_2_pegasus-plan_ID0000020,None,auxiliary,0,1677754532.0,,,1677754537.0,,,0.0,1677754537.0,1677754542.0,,,0.0,1677754542.0,1677754547.0,5.0,,0.0,5.0,5.0,,,,,poseidon,local,host-10-100-100-12.openstacklocal,pegasus::rc-client,/home/poseidon/pegasus-5.1.0panorama/bin/pegasus-rc-client,"-n pegasus::rc-client -N null -R local  -L xgboost_hp_tuning_group_2 -T 2023-03-02T10:37:32+00:00 /home/poseidon/pegasus-5.1.0panorama/bin/pegasus-rc-client --prefix pegasus.catalog.replica.output --conf /home/poseidon/workflows/predict-future-sales-workflow/submit/poseidon/pegasus/predict-future-sales/run0361/00/00/./xgboost_hp_tuning_group_2.000/pegasus.17865259085090013361.properties -v --meta /home/poseidon/workflows/predict-future-sales-workflow/submit/poseidon/pegasus/predict-future-sales/run0361/00/00/./xgboost_hp_tuning_group_2.000/00/00/xgboost_hp_tuning_ID0000017.meta,/home/poseidon/workflows/predict-future-sales-workflow/submit/poseidon/pegasus/predict-future-sales/run0361/00/00/./xgboost_hp_tuning_group_2.000/00/00/xgboost_hp_tuning_ID0000022.meta,/home/poseidon/workflows/predict-future-sales-workflow/submit/poseidon/pegasus/predict-future-sales/run0361/00/00/./xgboost_hp_tuning_group_2.000/00/00/xgboost_hp_tuning_ID0000007.meta,/home/poseidon/workflows/predict-future-sales-workflow/submit/poseidon/pegasus/predict-future-sales/run0361/00/00/./xgboost_hp_tuning_group_2.000/00/00/xgboost_hp_tuning_ID0000020.meta,/home/poseidon/workflows/predict-future-sales-workflow/submit/poseidon/pegasus/predict-future-sales/run0361/00/00/./xgboost_hp_tuning_group_2.000/00/00/xgboost_hp_tuning_ID0000001.meta,/home/poseidon/workflows/predict-future-sales-workflow/submit/poseidon/pegasus/predict-future-sales/run0361/00/00/./xgboost_hp_tuning_group_2.000/00/00/xgboost_hp_tuning_ID0000004.meta,/home/poseidon/workflows/predict-future-sales-workflow/submit/poseidon/pegasus/predict-future-sales/run0361/00/00/./xgboost_hp_tuning_group_2.000/00/00/xgboost_hp_tuning_ID0000014.meta --insert /home/poseidon/workflows/predict-future-sales-workflow/submit/poseidon/pegasus/predict-future-sales/run0361/00/00/./xgboost_hp_tuning_group_2.000/00/00/register_condorpool_0_2.in",2.9,0,0,,,,,,,,,
register_condorpool_0_0_pegasus-plan_ID0000020,None,auxiliary,0,1677754542.0,,,1677754547.0,,,0.0,1677754547.0,1677754552.0,,,0.0,1677754552.0,1677754557.0,5.0,,0.0,5.0,5.0,,,,,poseidon,local,host-10-100-100-12.openstacklocal,pegasus::rc-client,/home/poseidon/pegasus-5.1.0panorama/bin/pegasus-rc-client,"-n pegasus::rc-client -N null -R local  -L xgboost_hp_tuning_group_2 -T 2023-03-02T10:37:32+00:00 /home/poseidon/pegasus-5.1.0panorama/bin/pegasus-rc-client --prefix pegasus.catalog.replica.output --conf /home/poseidon/workflows/predict-future-sales-workflow/submit/poseidon/pegasus/predict-future-sales/run0361/00/00/./xgboost_hp_tuning_group_2.000/pegasus.17865259085090013361.properties -v --meta /home/poseidon/workflows/predict-future-sales-workflow/submit/poseidon/pegasus/predict-future-sales/run0361/00/00/./xgboost_hp_tuning_group_2.000/00/00/xgboost_hp_tuning_ID0000018.meta,/home/poseidon/workflows/predict-future-sales-workflow/submit/poseidon/pegasus/predict-future-sales/run0361/00/00/./xgboost_hp_tuning_group_2.000/00/00/xgboost_hp_tuning_ID0000002.meta,/home/poseidon/workflows/predict-future-sales-workflow/submit/poseidon/pegasus/predict-future-sales/run0361/00/00/./xgboost_hp_tuning_group_2.000/00/00/xgboost_hp_tuning_ID0000005.meta,/home/poseidon/workflows/predict-future-sales-workflow/submit/poseidon/pegasus/predict-future-sales/run0361/00/00/./xgboost_hp_tuning_group_2.000/00/00/xgboost_hp_tuning_ID0000009.meta,/home/poseidon/workflows/predict-future-sales-workflow/submit/poseidon/pegasus/predict-future-sales/run0361/00/00/./xgboost_hp_tuning_group_2.000/00/00/xgboost_hp_tuning_ID0000015.meta,/home/poseidon/workflows/predict-future-sales-workflow/submit/poseidon/pegasus/predict-future-sales/run0361/00/00/./xgboost_hp_tuning_group_2.000/00/00/xgboost_hp_tuning_ID0000012.meta,/home/poseidon/workflows/predict-future-sales-workflow/submit/poseidon/pegasus/predict-future-sales/run0361/00/00/./xgboost_hp_tuning_group_2.000/00/00/xgboost_hp_tuning_ID0000010.meta,/home/poseidon/workflows/predict-future-sales-workflow/submit/poseidon/pegasus/predict-future-sales/run0361/00/00/./xgboost_hp_tuning_group_2.000/00/00/xgboost_hp_tuning_ID0000008.meta --insert /home/poseidon/workflows/predict-future-sales-workflow/submit/poseidon/pegasus/predict-future-sales/run0361/00/00/./xgboost_hp_tuning_group_2.000/00/00/register_condorpool_0_0.in",3.1,0,0,,,,,,,,,
stage_out_local_condorpool_1_0_pegasus-plan_ID0000020,None,transfer,0,1677754567.0,,,1677754572.0,,,0.0,1677754573.0,1677754582.0,1677754573.0,1677754577.0,1250.0,1677754582.0,1677754587.0,5.0,,1.0,9.0,5.0,,,4.0,5295.0,poseidon,local,host-10-100-100-12.openstacklocal,pegasus::transfer,/home/poseidon/pegasus-5.1.0panorama/bin/pegasus-transfer,/home/poseidon/pegasus-5.1.0panorama/bin/../bin/pegasus-kickstart  -n pegasus::transfer -N null -i - -R local  -L xgboost_hp_tuning_group_2 -T 2023-03-02T10:37:32+00:00 /home/poseidon/pegasus-5.1.0panorama/bin/../bin/pegasus-transfer  --threads 2,0.7,0,0,,,,,,,,,
register_condorpool_1_0_pegasus-plan_ID0000020,None,auxiliary,0,1677754587.0,,,1677754592.0,,,0.0,1677754592.0,1677754597.0,,,0.0,1677754597.0,1677754602.0,5.0,,0.0,5.0,5.0,,,,,poseidon,local,host-10-100-100-12.openstacklocal,pegasus::rc-client,/home/poseidon/pegasus-5.1.0panorama/bin/pegasus-rc-client,-n pegasus::rc-client -N null -R local  -L xgboost_hp_tuning_group_2 -T 2023-03-02T10:37:32+00:00 /home/poseidon/pegasus-5.1.0panorama/bin/pegasus-rc-client --prefix pegasus.catalog.replica.output --conf /home/poseidon/workflows/predict-future-sales-workflow/submit/poseidon/pegasus/predict-future-sales/run0361/00/00/./xgboost_hp_tuning_group_2.000/pegasus.17865259085090013361.properties -v --meta /home/poseidon/workflows/predict-future-sales-workflow/submit/poseidon/pegasus/predict-future-sales/run0361/00/00/./xgboost_hp_tuning_group_2.000/00/00/xgboost_best_params_ID0000024.meta --insert /home/poseidon/workflows/predict-future-sales-workflow/submit/poseidon/pegasus/predict-future-sales/run0361/00/00/./xgboost_hp_tuning_group_2.000/00/00/register_condorpool_1_0.in,3.0,0,0,,,,,,,,,
xgboost_model_ID0000021,cpu_4,compute,0,1677754605.0,,,1677754611.0,1677754570.0,1677754603.0,68982963.6,1677754620.0,1677754851.0,1677754788.0,1677754793.0,3042751.0,1677754851.0,1677754856.0,6.0,,9.0,231.0,5.0,33.0,1691152080.0,5.0,14331610.0,poseidon,condorpool,poseidon-worker-3-container-0-7,xgboost_model,/srv/xgboost_model,,595.4,0,0,0.0,1348855804.0,24449.0,5431.0,8.0,552.5,21.2,7934445.9,2444.9
stage_out_local_local_5_0,None,transfer,0,1677754605.0,,,1677754611.0,,,0.0,1677754611.0,1677754621.0,1677754611.0,1677754615.0,794.0,1677754621.0,1677754626.0,6.0,,0.0,10.0,5.0,,,4.0,3202.0,poseidon,local,host-10-100-100-12.openstacklocal,pegasus::transfer,/home/poseidon/pegasus-5.1.0panorama/bin/pegasus-transfer,pegasus-kickstart  -n pegasus::transfer -N null -i - -R local  -L predict-future-sales -T 2023-02-17T19:59:06+00:00 pegasus-transfer  --threads 2,0.3,0,0,,,,,,,,,
cleanup_predict-future-sales_0_local,None,auxiliary,0,1677754626.0,,,1677754631.0,,,0.0,1677754631.0,1677754641.0,,,0.0,1677754641.0,1677754646.0,5.0,,0.0,10.0,5.0,,,,,poseidon,local,host-10-100-100-12.openstacklocal,pegasus::cleanup,/home/poseidon/pegasus-5.1.0panorama/bin/pegasus-transfer,pegasus-kickstart  -n pegasus::cleanup -N null -i - -R local  -L predict-future-sales -T 2023-02-17T19:59:06+00:00 pegasus-transfer,0.3,0,0,,,,,,,,,
model_predict_ID0000022,cpu_4,compute,0,1677754856.0,,,1677754861.0,1677754812.0,1677754830.0,41254972.3,1677754863.0,1677754901.0,1677754838.0,1677754842.0,1215752.0,1677754901.0,1677754906.0,5.0,,2.0,38.0,5.0,18.0,409336164.0,4.0,5523764.0,poseidon,condorpool,poseidon-worker-3-container-0-7,model_predict,/srv/model_predict,,3.5,0,0,,,,,,,,,
stage_out_local_condorpool_6_0,None,transfer,0,1677754856.0,,,1677754861.0,,,0.0,1677754861.0,1677754871.0,1677754862.0,1677754866.0,4061788.0,1677754871.0,1677754876.0,5.0,,0.0,10.0,5.0,,,4.0,16399136.0,poseidon,local,host-10-100-100-12.openstacklocal,pegasus::transfer,/home/poseidon/pegasus-5.1.0panorama/bin/pegasus-transfer,pegasus-kickstart  -n pegasus::transfer -N null -i - -R local  -L predict-future-sales -T 2023-02-17T19:59:06+00:00 pegasus-transfer  --threads 2,0.9,0,0,,,,,,,,,
stage_out_local_condorpool_7_0,None,transfer,0,1677754906.0,,,1677754911.0,,,0.0,1677754911.0,1677754921.0,1677754911.0,1677754915.0,1487589.0,1677754921.0,1677754926.0,5.0,,0.0,10.0,5.0,,,4.0,6000012.0,poseidon,local,host-10-100-100-12.openstacklocal,pegasus::transfer,/home/poseidon/pegasus-5.1.0panorama/bin/pegasus-transfer,pegasus-kickstart  -n pegasus::transfer -N null -i - -R local  -L predict-future-sales -T 2023-02-17T19:59:06+00:00 pegasus-transfer  --threads 2,0.6,0,0,,,,,,,,,
predict_merge_ID0000023,cpu_4,compute,0,1677754906.0,,,1677754911.0,1677754862.0,1677754879.0,38013249.0,1677754912.0,1677754951.0,1677754886.0,1677754891.0,823560.0,1677754951.0,1677754956.0,5.0,,1.0,39.0,5.0,17.0,377176763.0,5.0,3727352.0,poseidon,condorpool,poseidon-worker-3-container-0-7,predict_merge,/srv/predict_merge,,1.2,0,0,,,,,,,,,
stage_out_local_condorpool_8_0,None,transfer,0,1677754956.0,,,1677754961.0,,,0.0,1677754961.0,1677754971.0,1677754962.0,1677754964.0,1714606.0,1677754971.0,1677754976.0,5.0,,0.0,10.0,5.0,,,2.0,3727352.0,poseidon,local,host-10-100-100-12.openstacklocal,pegasus::transfer,/home/poseidon/pegasus-5.1.0panorama/bin/pegasus-transfer,pegasus-kickstart  -n pegasus::transfer -N null -i - -R local  -L predict-future-sales -T 2023-02-17T19:59:06+00:00 pegasus-transfer  --threads 2,0.4,0,0,,,,,,,,,
cleanup_predict-future-sales_0_condorpool,None,auxiliary,0,1677754976.0,,,1677754981.0,,,0.0,1677754981.0,1677754991.0,,,0.0,1677754991.0,1677754996.0,5.0,,0.0,10.0,5.0,,,,,poseidon,local,host-10-100-100-12.openstacklocal,pegasus::cleanup,/home/poseidon/pegasus-5.1.0panorama/bin/pegasus-transfer,pegasus-kickstart  -n pegasus::cleanup -N null -i - -R local  -L predict-future-sales -T 2023-02-17T19:59:06+00:00 pegasus-transfer,0.3,0,0,,,,,,,,,
