,anomaly_type,type,is_clustered,ready,pre_script_start,pre_script_end,submit,stage_in_start,stage_in_end,stage_in_effective_bytes_per_sec,execute_start,execute_end,stage_out_start,stage_out_end,stage_out_effective_bytes_per_sec,post_script_start,post_script_end,wms_delay,pre_script_delay,queue_delay,runtime,post_script_delay,stage_in_delay,stage_in_bytes,stage_out_delay,stage_out_bytes,kickstart_user,kickstart_site,kickstart_hostname,kickstart_transformations,kickstart_executables,kickstart_executables_argv,kickstart_executables_cpu_time,kickstart_status,kickstart_executables_exitcode,kickstart_online_iowait,kickstart_online_bytes_read,kickstart_online_bytes_written,kickstart_online_read_system_calls,kickstart_online_write_system_calls,kickstart_online_utime,kickstart_online_stime,kickstart_online_bytes_read_per_second,kickstart_online_bytes_written_per_second
create_dir_predict-future-sales_0_local,None,auxiliary,0,1676937488.0,,,1676937489.0,,,0.0,1676937494.0,1676937504.0,,,0.0,1676937504.0,1676937509.0,1.0,,5.0,10.0,5.0,,,,,poseidon,local,host-10-100-100-12.openstacklocal,pegasus::dirmanager,/home/poseidon/pegasus-5.1.0panorama/bin/pegasus-transfer,pegasus-kickstart  -n pegasus::dirmanager -N null -i - -R local  -L predict-future-sales -T 2023-02-17T19:59:06+00:00 pegasus-transfer,0.3,0,0,,,,,,,,,
create_dir_predict-future-sales_0_condorpool,None,auxiliary,0,1676937488.0,,,1676937489.0,,,0.0,1676937494.0,1676937504.0,,,0.0,1676937504.0,1676937509.0,1.0,,5.0,10.0,5.0,,,,,poseidon,local,host-10-100-100-12.openstacklocal,pegasus::dirmanager,/home/poseidon/pegasus-5.1.0panorama/bin/pegasus-transfer,pegasus-kickstart  -n pegasus::dirmanager -N null -i - -R local  -L predict-future-sales -T 2023-02-17T19:59:06+00:00 pegasus-transfer,0.3,0,0,,,,,,,,,
stage_in_local_local_4_0,None,transfer,0,1676937509.0,,,1676937514.0,1676937515.0,1676937517.0,5841.0,1676937515.0,1676937524.0,,,0.0,1676937524.0,1676937529.0,5.0,,1.0,9.0,5.0,2.0,12577.0,,,poseidon,local,host-10-100-100-12.openstacklocal,pegasus::transfer,/home/poseidon/pegasus-5.1.0panorama/bin/pegasus-transfer,pegasus-kickstart  -n pegasus::transfer -N null -i - -R local  -L predict-future-sales -T 2023-02-17T19:59:06+00:00 pegasus-transfer  --threads 2,0.4,0,0,,,,,,,,,
stage_in_local_condorpool_8_0,None,transfer,0,1676937509.0,,,1676937514.0,1676937515.0,1676937518.0,663.0,1676937515.0,1676937524.0,,,0.0,1676937524.0,1676937529.0,5.0,,1.0,9.0,5.0,3.0,2368.0,,,poseidon,local,host-10-100-100-12.openstacklocal,pegasus::transfer,/home/poseidon/pegasus-5.1.0panorama/bin/pegasus-transfer,pegasus-kickstart  -n pegasus::transfer -N null -i - -R local  -L predict-future-sales -T 2023-02-17T19:59:06+00:00 pegasus-transfer  --threads 2,0.4,0,0,,,,,,,,,
stage_in_local_condorpool_3_0,None,transfer,0,1676937509.0,,,1676937514.0,1676937515.0,1676937519.0,2951.0,1676937515.0,1676937524.0,,,0.0,1676937524.0,1676937529.0,5.0,,1.0,9.0,5.0,4.0,12704.0,,,poseidon,local,host-10-100-100-12.openstacklocal,pegasus::transfer,/home/poseidon/pegasus-5.1.0panorama/bin/pegasus-transfer,pegasus-kickstart  -n pegasus::transfer -N null -i - -R local  -L predict-future-sales -T 2023-02-17T19:59:06+00:00 pegasus-transfer  --threads 2,0.6,0,0,,,,,,,,,
stage_in_local_condorpool_2_0,None,transfer,0,1676937509.0,,,1676937514.0,1676937515.0,1676937521.0,9713.0,1676937515.0,1676937529.0,,,0.0,1676937529.0,1676937534.0,5.0,,1.0,14.0,5.0,6.0,55480.0,,,poseidon,local,host-10-100-100-12.openstacklocal,pegasus::transfer,/home/poseidon/pegasus-5.1.0panorama/bin/pegasus-transfer,pegasus-kickstart  -n pegasus::transfer -N null -i - -R local  -L predict-future-sales -T 2023-02-17T19:59:06+00:00 pegasus-transfer  --threads 2,1.1,0,0,,,,,,,,,
stage_in_local_condorpool_1_0,None,transfer,0,1676937509.0,,,1676937514.0,1676937515.0,1676937519.0,3575.0,1676937515.0,1676937524.0,,,0.0,1676937524.0,1676937529.0,5.0,,1.0,9.0,5.0,4.0,15640.0,,,poseidon,local,host-10-100-100-12.openstacklocal,pegasus::transfer,/home/poseidon/pegasus-5.1.0panorama/bin/pegasus-transfer,pegasus-kickstart  -n pegasus::transfer -N null -i - -R local  -L predict-future-sales -T 2023-02-17T19:59:06+00:00 pegasus-transfer  --threads 2,0.6,0,0,,,,,,,,,
stage_in_local_condorpool_0_0,None,transfer,0,1676937509.0,,,1676937514.0,1676937515.0,1676937525.0,94445963.0,1676937515.0,1676937534.0,,,0.0,1676937534.0,1676937539.0,5.0,,1.0,19.0,5.0,10.0,936801734.0,,,poseidon,local,host-10-100-100-12.openstacklocal,pegasus::transfer,/home/poseidon/pegasus-5.1.0panorama/bin/pegasus-transfer,pegasus-kickstart  -n pegasus::transfer -N null -i - -R local  -L predict-future-sales -T 2023-02-17T19:59:06+00:00 pegasus-transfer  --threads 2,5.8,0,0,,,,,,,,,
stage_in_local_condorpool_7_0,None,transfer,0,1676937509.0,,,1676937514.0,1676937515.0,1676937519.0,990.0,1676937515.0,1676937524.0,,,0.0,1676937524.0,1676937529.0,5.0,,1.0,9.0,5.0,4.0,3488.0,,,poseidon,local,host-10-100-100-12.openstacklocal,pegasus::transfer,/home/poseidon/pegasus-5.1.0panorama/bin/pegasus-transfer,pegasus-kickstart  -n pegasus::transfer -N null -i - -R local  -L predict-future-sales -T 2023-02-17T19:59:06+00:00 pegasus-transfer  --threads 2,0.5,0,0,,,,,,,,,
stage_in_local_condorpool_6_0,None,transfer,0,1676937509.0,,,1676937514.0,1676937515.0,1676937519.0,2229.0,1676937515.0,1676937524.0,,,0.0,1676937524.0,1676937529.0,5.0,,1.0,9.0,5.0,4.0,7870.0,,,poseidon,local,host-10-100-100-12.openstacklocal,pegasus::transfer,/home/poseidon/pegasus-5.1.0panorama/bin/pegasus-transfer,pegasus-kickstart  -n pegasus::transfer -N null -i - -R local  -L predict-future-sales -T 2023-02-17T19:59:06+00:00 pegasus-transfer  --threads 2,0.5,0,0,,,,,,,,,
preprocess_ID0000003,None,compute,0,1676937539.0,,,1676937544.0,1676937511.0,1676937530.0,42647666.8,1676937550.0,1676937599.0,1676937541.0,1676937549.0,21973840.0,1676937599.0,1676937604.0,5.0,,6.0,49.0,5.0,19.0,467356066.0,8.0,160257914.0,poseidon,condorpool,poseidon-worker-3-container-16-23,preprocess,/srv/preprocess,,4.2,0,0,,,,,,,,,
nlp_ID0000002,None,compute,0,1676937539.0,,,1676937544.0,1676937511.0,1676937528.0,41828970.0,1676937550.0,1676937904.0,1676937850.0,1676937855.0,588299.0,1676937904.0,1676937909.0,5.0,,6.0,354.0,5.0,17.0,369033604.0,5.0,2755872.0,poseidon,condorpool,poseidon-worker-3-container-24-31,nlp,/srv/nlp,,1944.3,0,0,0.0,21429304.0,8791.0,3179.0,5.0,1909.0,2.9,69126.8,879.1
eda_ID0000001,None,compute,0,1676937539.0,,,1676937544.0,1676937511.0,1676937530.0,45041794.7,1676937550.0,1676937624.0,1676937570.0,1676937574.0,269541.0,1676937624.0,1676937629.0,5.0,,6.0,74.0,5.0,19.0,464177772.0,4.0,1195149.0,poseidon,condorpool,poseidon-worker-1-container-32-39,eda,/srv/eda,,33.4,0,0,0.1,144954861.0,875843.0,27583.0,42.0,28.0,1.9,4831828.7,29194.8
feature_eng_1_ID0000005,None,compute,0,1676937604.0,,,1676937609.0,1676937583.0,1676937602.0,46168889.8,1676937622.0,1676937684.0,1676937626.0,1676937637.0,36050403.0,1676937684.0,1676937689.0,5.0,,13.0,62.0,5.0,19.0,528250191.0,11.0,393324463.0,poseidon,condorpool,poseidon-worker-1-container-32-39,feature_eng_1,/srv/feature_eng_1,,15.5,0,0,0.0,169610225.0,8.0,1723.0,1.0,8.0,2.0,16961022.5,0.8
feature_eng_0_ID0000004,None,compute,0,1676937604.0,,,1676937609.0,1676937572.0,1676937590.0,41886875.0,1676937611.0,1676937654.0,1676937601.0,1676937606.0,199739.0,1676937654.0,1676937659.0,5.0,,2.0,43.0,5.0,18.0,369949088.0,5.0,893320.0,poseidon,condorpool,poseidon-worker-3-container-16-23,feature_eng_0,/srv/feature_eng_0,,5.0,0,0,,,,,,,,,
feature_eng_5_ID0000009,None,compute,0,1676937689.0,,,1676937694.0,1676937657.0,1676937683.0,46756430.5,1676937696.0,1676937974.0,1676937912.0,1676937927.0,42906685.0,1676937974.0,1676937979.0,5.0,,2.0,278.0,5.0,26.0,856820455.0,15.0,655540227.0,poseidon,condorpool,poseidon-worker-1-container-32-39,feature_eng_5,/srv/feature_eng_5,,218.8,0,0,0.0,498295432.0,8.0,2020.0,1.0,192.2,17.8,2372835.4,0.8
stage_out_local_condorpool_1_0,None,transfer,0,1676937689.0,,,1676937694.0,,,0.0,1676937694.0,1676937704.0,1676937695.0,1676937699.0,93281482.0,1676937704.0,1676937709.0,5.0,,0.0,10.0,5.0,,,4.0,394217783.0,poseidon,local,host-10-100-100-12.openstacklocal,pegasus::transfer,/home/poseidon/pegasus-5.1.0panorama/bin/pegasus-transfer,pegasus-kickstart  -n pegasus::transfer -N null -i - -R local  -L predict-future-sales -T 2023-02-17T19:59:06+00:00 pegasus-transfer  --threads 2,2.1,0,0,,,,,,,,,
feature_eng_3_ID0000007,None,compute,0,1676937689.0,,,1676937694.0,1676937657.0,1676937681.0,49517429.6,1676937696.0,1676937879.0,1676937804.0,1676937828.0,49373447.0,1676937879.0,1676937884.0,5.0,,2.0,183.0,5.0,24.0,762217561.0,24.0,1179971921.0,poseidon,condorpool,poseidon-worker-3-container-16-23,feature_eng_3,/srv/feature_eng_3,,110.5,0,0,0.0,403646619.0,655539690.0,1490.0,11.0,75.7,34.3,3669514.7,32776984.5
feature_eng_4_ID0000008,None,compute,0,1676937689.0,,,1676937694.0,1676937671.0,1676937695.0,53581041.5,1676937710.0,1676937834.0,1676937761.0,1676937785.0,49408997.0,1676937834.0,1676937839.0,5.0,,16.0,124.0,5.0,24.0,761328752.0,24.0,1201824259.0,poseidon,condorpool,poseidon-worker-3-container-16-23,feature_eng_4,/srv/feature_eng_4,,53.7,0,0,0.0,402739159.0,8.0,1401.0,1.0,37.2,12.7,8054783.2,0.8
feature_eng_2_ID0000006,None,compute,0,1676937689.0,,,1676937694.0,1676937671.0,1676937693.0,55012948.2,1676937710.0,1676938064.0,1676937984.0,1676938017.0,52217327.0,1676938064.0,1676938069.0,5.0,,16.0,354.0,5.0,22.0,761320658.0,33.0,1748107178.0,poseidon,condorpool,poseidon-worker-1-container-32-39,feature_eng_2,/srv/feature_eng_2,,276.0,0,0,0.0,402812504.0,8.0,1729.0,1.0,204.8,65.2,1491898.2,0.8
register_condorpool_1_0,None,auxiliary,0,1676937709.0,,,1676937714.0,,,0.0,1676937714.0,1676937719.0,,,0.0,1676937719.0,1676937724.0,5.0,,0.0,5.0,5.0,,,,,poseidon,local,host-10-100-100-12.openstacklocal,pegasus::rc-client,/home/poseidon/pegasus-5.1.0panorama/bin/pegasus-rc-client,"pegasus-kickstart  -n pegasus::rc-client -N null -R local  -L predict-future-sales -T 2023-02-17T19:59:06+00:00 /home/poseidon/pegasus-5.1.0panorama/bin/pegasus-rc-client --prefix pegasus.catalog.replica.output --conf /home/poseidon/workflows/predict-future-sales-workflow/submit/poseidon/pegasus/predict-future-sales/run0040/pegasus.14138810477952335138.properties -v --meta /home/poseidon/workflows/predict-future-sales-workflow/submit/poseidon/pegasus/predict-future-sales/run0040/00/00/feature_eng_1_ID0000005.meta,/home/poseidon/workflows/predict-future-sales-workflow/submit/poseidon/pegasus/predict-future-sales/run0040/00/00/feature_eng_0_ID0000004.meta --insert /home/poseidon/workflows/predict-future-sales-workflow/submit/poseidon/pegasus/predict-future-sales/run0040/00/00/register_condorpool_1_0.in",3.0,0,0,,,,,,,,,
stage_out_local_condorpool_0_0,None,transfer,0,1676937909.0,,,1676937914.0,,,0.0,1676937914.0,1676937924.0,1676937915.0,1676937919.0,40700011.0,1676937924.0,1676937929.0,5.0,,0.0,10.0,5.0,,,4.0,164208935.0,poseidon,local,host-10-100-100-12.openstacklocal,pegasus::transfer,/home/poseidon/pegasus-5.1.0panorama/bin/pegasus-transfer,pegasus-kickstart  -n pegasus::transfer -N null -i - -R local  -L predict-future-sales -T 2023-02-17T19:59:06+00:00 pegasus-transfer  --threads 2,2.0,0,0,,,,,,,,,
register_condorpool_0_0,None,auxiliary,0,1676937929.0,,,1676937934.0,,,0.0,1676937934.0,1676937939.0,,,0.0,1676937939.0,1676937944.0,5.0,,0.0,5.0,5.0,,,,,poseidon,local,host-10-100-100-12.openstacklocal,pegasus::rc-client,/home/poseidon/pegasus-5.1.0panorama/bin/pegasus-rc-client,"pegasus-kickstart  -n pegasus::rc-client -N null -R local  -L predict-future-sales -T 2023-02-17T19:59:06+00:00 /home/poseidon/pegasus-5.1.0panorama/bin/pegasus-rc-client --prefix pegasus.catalog.replica.output --conf /home/poseidon/workflows/predict-future-sales-workflow/submit/poseidon/pegasus/predict-future-sales/run0040/pegasus.14138810477952335138.properties -v --meta /home/poseidon/workflows/predict-future-sales-workflow/submit/poseidon/pegasus/predict-future-sales/run0040/00/00/nlp_ID0000002.meta,/home/poseidon/workflows/predict-future-sales-workflow/submit/poseidon/pegasus/predict-future-sales/run0040/00/00/eda_ID0000001.meta,/home/poseidon/workflows/predict-future-sales-workflow/submit/poseidon/pegasus/predict-future-sales/run0040/00/00/preprocess_ID0000003.meta --insert /home/poseidon/workflows/predict-future-sales-workflow/submit/poseidon/pegasus/predict-future-sales/run0040/00/00/register_condorpool_0_0.in",3.1,0,0,,,,,,,,,
stage_out_local_condorpool_2_0,None,transfer,0,1676938069.0,,,1676938074.0,,,0.0,1676938074.0,1676938099.0,1676938075.0,1676938094.0,250220258.0,1676938099.0,1676938104.0,5.0,,0.0,25.0,5.0,,,19.0,4785443585.0,poseidon,local,host-10-100-100-12.openstacklocal,pegasus::transfer,/home/poseidon/pegasus-5.1.0panorama/bin/pegasus-transfer,pegasus-kickstart  -n pegasus::transfer -N null -i - -R local  -L predict-future-sales -T 2023-02-17T19:59:06+00:00 pegasus-transfer  --threads 2,20.6,0,0,,,,,,,,,
feature_merge_ID0000010,None,compute,0,1676938069.0,,,1676938074.0,1676938038.0,1676938112.0,78164298.5,1676938076.0,1676938304.0,1676938201.0,1676938256.0,54791305.0,1676938304.0,1676938309.0,5.0,,2.0,228.0,5.0,74.0,5155397110.0,55.0,2993643458.0,poseidon,condorpool,poseidon-worker-1-container-32-39,feature_merge,/srv/feature_merge,,59.8,0,0,0.0,4796857024.0,8.0,1437.0,1.0,33.0,16.9,95937140.5,0.8
register_condorpool_2_0,None,auxiliary,0,1676938104.0,,,1676938109.0,,,0.0,1676938109.0,1676938114.0,,,0.0,1676938114.0,1676938119.0,5.0,,0.0,5.0,5.0,,,,,poseidon,local,host-10-100-100-12.openstacklocal,pegasus::rc-client,/home/poseidon/pegasus-5.1.0panorama/bin/pegasus-rc-client,"pegasus-kickstart  -n pegasus::rc-client -N null -R local  -L predict-future-sales -T 2023-02-17T19:59:06+00:00 /home/poseidon/pegasus-5.1.0panorama/bin/pegasus-rc-client --prefix pegasus.catalog.replica.output --conf /home/poseidon/workflows/predict-future-sales-workflow/submit/poseidon/pegasus/predict-future-sales/run0040/pegasus.14138810477952335138.properties -v --meta /home/poseidon/workflows/predict-future-sales-workflow/submit/poseidon/pegasus/predict-future-sales/run0040/00/00/feature_eng_5_ID0000009.meta,/home/poseidon/workflows/predict-future-sales-workflow/submit/poseidon/pegasus/predict-future-sales/run0040/00/00/feature_eng_2_ID0000006.meta,/home/poseidon/workflows/predict-future-sales-workflow/submit/poseidon/pegasus/predict-future-sales/run0040/00/00/feature_eng_3_ID0000007.meta,/home/poseidon/workflows/predict-future-sales-workflow/submit/poseidon/pegasus/predict-future-sales/run0040/00/00/feature_eng_4_ID0000008.meta --insert /home/poseidon/workflows/predict-future-sales-workflow/submit/poseidon/pegasus/predict-future-sales/run0040/00/00/register_condorpool_2_0.in",3.0,0,0,,,,,,,,,
stage_inter_local_xgboost_hp_tuning_workflow_ID0000015_0,None,transfer,0,1676938309.0,,,1676938314.0,1676938315.0,1676938317.0,402.0,1676938314.0,1676938324.0,,,0.0,1676938324.0,1676938329.0,5.0,,0.0,10.0,5.0,2.0,826.0,,,poseidon,local,host-10-100-100-12.openstacklocal,pegasus::transfer,/home/poseidon/pegasus-5.1.0panorama/bin/pegasus-transfer,pegasus-kickstart  -n pegasus::transfer -N null -i - -R local  -L predict-future-sales -T 2023-02-17T19:59:06+00:00 pegasus-transfer  --threads 2,0.3,0,0,,,,,,,,,
stage_inter_local_xgboost_model_ID0000021_0,None,transfer,0,1676938309.0,,,1676938314.0,1676938315.0,1676938348.0,79211300.0,1676938314.0,1676938354.0,,,0.0,1676938354.0,1676938359.0,5.0,,0.0,40.0,5.0,33.0,2646308508.0,,,poseidon,local,host-10-100-100-12.openstacklocal,pegasus::transfer,/home/poseidon/pegasus-5.1.0panorama/bin/pegasus-transfer,pegasus-kickstart  -n pegasus::transfer -N null -i - -R local  -L predict-future-sales -T 2023-02-17T19:59:06+00:00 pegasus-transfer  --threads 2,9.4,0,0,,,,,,,,,
stage_inter_local_model_predict_ID0000022_0,None,transfer,0,1676938309.0,,,1676938314.0,1676938315.0,1676938319.0,14482741.0,1676938314.0,1676938324.0,,,0.0,1676938324.0,1676938329.0,5.0,,0.0,10.0,5.0,4.0,54050130.0,,,poseidon,local,host-10-100-100-12.openstacklocal,pegasus::transfer,/home/poseidon/pegasus-5.1.0panorama/bin/pegasus-transfer,pegasus-kickstart  -n pegasus::transfer -N null -i - -R local  -L predict-future-sales -T 2023-02-17T19:59:06+00:00 pegasus-transfer  --threads 2,0.5,0,0,,,,,,,,,
stage_out_local_condorpool_3_0,None,transfer,0,1676938309.0,,,1676938314.0,,,0.0,1676938314.0,1676938344.0,1676938315.0,1676938339.0,125491461.0,1676938344.0,1676938349.0,5.0,,0.0,30.0,5.0,,,24.0,2993643458.0,poseidon,local,host-10-100-100-12.openstacklocal,pegasus::transfer,/home/poseidon/pegasus-5.1.0panorama/bin/pegasus-transfer,pegasus-kickstart  -n pegasus::transfer -N null -i - -R local  -L predict-future-sales -T 2023-02-17T19:59:06+00:00 pegasus-transfer  --threads 2,14.6,0,0,,,,,,,,,
stage_inter_local_xgboost_model_ID0000013_0,None,transfer,0,1676938309.0,,,1676938314.0,1676938315.0,1676938322.0,35184214.0,1676938314.0,1676938329.0,,,0.0,1676938329.0,1676938334.0,5.0,,0.0,15.0,5.0,7.0,269346726.0,,,poseidon,local,host-10-100-100-12.openstacklocal,pegasus::transfer,/home/poseidon/pegasus-5.1.0panorama/bin/pegasus-transfer,pegasus-kickstart  -n pegasus::transfer -N null -i - -R local  -L predict-future-sales -T 2023-02-17T19:59:06+00:00 pegasus-transfer  --threads 2,1.4,0,0,,,,,,,,,
stage_inter_local_model_predict_ID0000014_0,None,transfer,0,1676938309.0,,,1676938314.0,1676938315.0,1676938318.0,1246301.0,1676938314.0,1676938324.0,,,0.0,1676938324.0,1676938329.0,5.0,,0.0,10.0,5.0,3.0,4411696.0,,,poseidon,local,host-10-100-100-12.openstacklocal,pegasus::transfer,/home/poseidon/pegasus-5.1.0panorama/bin/pegasus-transfer,pegasus-kickstart  -n pegasus::transfer -N null -i - -R local  -L predict-future-sales -T 2023-02-17T19:59:06+00:00 pegasus-transfer  --threads 2,0.5,0,0,,,,,,,,,
xgboost_hp_tuning_workflow_ID0000015,None,compute,0,1676938329.0,,,1676938334.0,,,0.0,1676938335.0,1676938354.0,,,0.0,1676938354.0,1676938359.0,5.0,,1.0,19.0,5.0,,,,,poseidon,local,poseidon-submit.novalocal,xgboost_hp_tuning_workflow,/var/spool/condor/local_univ_execute/dir_202256/xgboost_hp_tuning_workflow,/home/poseidon/workflows/predict-future-sales-workflow/submit/poseidon/pegasus/predict-future-sales/run0040/00/00/xgboost_hp_tuning_workflow_ID0000015.sh,0.1,0,0,,,,,,,,,
xgboost_hp_tuning_workflow_ID0000011,None,compute,0,1676938329.0,,,1676938334.0,,,0.0,1676938335.0,1676938349.0,,,0.0,1676938349.0,1676938354.0,5.0,,1.0,14.0,5.0,,,,,poseidon,local,poseidon-submit.novalocal,xgboost_hp_tuning_workflow,/var/spool/condor/local_univ_execute/dir_202260/xgboost_hp_tuning_workflow,/home/poseidon/workflows/predict-future-sales-workflow/submit/poseidon/pegasus/predict-future-sales/run0040/00/00/xgboost_hp_tuning_workflow_ID0000011.sh,0.1,0,0,,,,,,,,,
xgboost_hp_tuning_workflow_ID0000019,None,compute,0,1676938329.0,,,1676938334.0,,,0.0,1676938335.0,1676938354.0,,,0.0,1676938354.0,1676938359.0,5.0,,1.0,19.0,5.0,,,,,poseidon,local,poseidon-submit.novalocal,xgboost_hp_tuning_workflow,/var/spool/condor/local_univ_execute/dir_202273/xgboost_hp_tuning_workflow,/home/poseidon/workflows/predict-future-sales-workflow/submit/poseidon/pegasus/predict-future-sales/run0040/00/00/xgboost_hp_tuning_workflow_ID0000019.sh,0.1,0,0,,,,,,,,,
register_condorpool_3_0,None,auxiliary,0,1676938349.0,,,1676938354.0,,,0.0,1676938354.0,1676938359.0,,,0.0,1676938359.0,1676938364.0,5.0,,0.0,5.0,5.0,,,,,poseidon,local,host-10-100-100-12.openstacklocal,pegasus::rc-client,/home/poseidon/pegasus-5.1.0panorama/bin/pegasus-rc-client,pegasus-kickstart  -n pegasus::rc-client -N null -R local  -L predict-future-sales -T 2023-02-17T19:59:06+00:00 /home/poseidon/pegasus-5.1.0panorama/bin/pegasus-rc-client --prefix pegasus.catalog.replica.output --conf /home/poseidon/workflows/predict-future-sales-workflow/submit/poseidon/pegasus/predict-future-sales/run0040/pegasus.14138810477952335138.properties -v --meta /home/poseidon/workflows/predict-future-sales-workflow/submit/poseidon/pegasus/predict-future-sales/run0040/00/00/feature_merge_ID0000010.meta --insert /home/poseidon/workflows/predict-future-sales-workflow/submit/poseidon/pegasus/predict-future-sales/run0040/00/00/register_condorpool_3_0.in,3.0,0,0,,,,,,,,,
pegasus-plan_ID0000012,None,subwf,0,1676938354.0,1676938354.0,1676938359.0,1676938364.0,,,0.0,1676938364.0,1676938659.0,,,0.0,,,0.0,5.0,0.0,295.0,,,,,,poseidon,local,poseidon-submit,condor::dagman,/usr/bin/condor_dagman,-p 0  -f -l . -Notification never -Debug 3 -Lockfile xgboost_hp_tuning_group_0.dag.lock -Dag xgboost_hp_tuning_group_0.dag -AllowVersionMismatch  -AutoRescue 1 -DoRescueFrom 0,0.0,0,0,,,,,,,,,
pegasus-plan_ID0000016,None,subwf,0,1676938359.0,1676938359.0,1676938364.0,1676938369.0,,,0.0,1676938370.0,1676938694.0,,,0.0,,,0.0,5.0,1.0,324.0,,,,,,poseidon,local,poseidon-submit,condor::dagman,/usr/bin/condor_dagman,-p 0  -f -l . -Notification never -Debug 3 -Lockfile xgboost_hp_tuning_group_1.dag.lock -Dag xgboost_hp_tuning_group_1.dag -AllowVersionMismatch  -AutoRescue 1 -DoRescueFrom 0,0.0,0,0,,,,,,,,,
stage_out_local_local_4_0,None,transfer,0,1676938359.0,,,1676938364.0,,,0.0,1676938364.0,1676938374.0,1676938364.0,1676938368.0,21088.0,1676938374.0,1676938379.0,5.0,,0.0,10.0,5.0,,,4.0,85038.0,poseidon,local,host-10-100-100-12.openstacklocal,pegasus::transfer,/home/poseidon/pegasus-5.1.0panorama/bin/pegasus-transfer,pegasus-kickstart  -n pegasus::transfer -N null -i - -R local  -L predict-future-sales -T 2023-02-17T19:59:06+00:00 pegasus-transfer  --threads 2,0.6,0,0,,,,,,,,,
pegasus-plan_ID0000020,None,subwf,0,1676938359.0,1676938359.0,1676938364.0,1676938369.0,,,0.0,1676938370.0,1676939459.0,,,0.0,,,0.0,5.0,1.0,1089.0,,,,,,poseidon,local,poseidon-submit,condor::dagman,/usr/bin/condor_dagman,-p 0  -f -l . -Notification never -Debug 3 -Lockfile xgboost_hp_tuning_group_2.dag.lock -Dag xgboost_hp_tuning_group_2.dag -AllowVersionMismatch  -AutoRescue 1 -DoRescueFrom 0,0.0,0,0,,,,,,,,,
create_dir_predict-future-sales-hp-tuning_0_condorpool_pegasus-plan_ID0000012,None,auxiliary,0,1676938364.0,,,1676938365.0,,,0.0,1676938370.0,1676938380.0,,,0.0,1676938380.0,1676938385.0,1.0,,5.0,10.0,5.0,,,,,poseidon,local,host-10-100-100-12.openstacklocal,pegasus::dirmanager,/home/poseidon/pegasus-5.1.0panorama/bin/pegasus-transfer,pegasus-kickstart  -n pegasus::dirmanager -N null -i - -R local  -L xgboost_hp_tuning_group_0 -T 2023-02-21T00:12:36+00:00 pegasus-transfer,0.3,0,0,,,,,,,,,
create_dir_predict-future-sales-hp-tuning_0_condorpool_pegasus-plan_ID0000016,None,auxiliary,0,1676938370.0,,,1676938371.0,,,0.0,1676938374.0,1676938381.0,,,0.0,1676938381.0,1676938386.0,1.0,,3.0,7.0,5.0,,,,,poseidon,local,host-10-100-100-12.openstacklocal,pegasus::dirmanager,/home/poseidon/pegasus-5.1.0panorama/bin/pegasus-transfer,pegasus-kickstart  -n pegasus::dirmanager -N null -i - -R local  -L xgboost_hp_tuning_group_1 -T 2023-02-21T00:12:41+00:00 pegasus-transfer,0.3,0,0,,,,,,,,,
create_dir_predict-future-sales-hp-tuning_0_condorpool_pegasus-plan_ID0000020,None,auxiliary,0,1676938370.0,,,1676938371.0,,,0.0,1676938374.0,1676938381.0,,,0.0,1676938381.0,1676938386.0,1.0,,3.0,7.0,5.0,,,,,poseidon,local,host-10-100-100-12.openstacklocal,pegasus::dirmanager,/home/poseidon/pegasus-5.1.0panorama/bin/pegasus-transfer,pegasus-kickstart  -n pegasus::dirmanager -N null -i - -R local  -L xgboost_hp_tuning_group_2 -T 2023-02-21T00:12:41+00:00 pegasus-transfer,0.3,0,0,,,,,,,,,
register_local_4_0,None,auxiliary,0,1676938379.0,,,1676938384.0,,,0.0,1676938384.0,1676938389.0,,,0.0,1676938389.0,1676938394.0,5.0,,0.0,5.0,5.0,,,,,poseidon,local,host-10-100-100-12.openstacklocal,pegasus::rc-client,/home/poseidon/pegasus-5.1.0panorama/bin/pegasus-rc-client,"pegasus-kickstart  -n pegasus::rc-client -N null -R local  -L predict-future-sales -T 2023-02-17T19:59:06+00:00 /home/poseidon/pegasus-5.1.0panorama/bin/pegasus-rc-client --prefix pegasus.catalog.replica.output --conf /home/poseidon/workflows/predict-future-sales-workflow/submit/poseidon/pegasus/predict-future-sales/run0040/pegasus.14138810477952335138.properties -v --meta /home/poseidon/workflows/predict-future-sales-workflow/submit/poseidon/pegasus/predict-future-sales/run0040/00/00/xgboost_hp_tuning_workflow_ID0000011.meta,/home/poseidon/workflows/predict-future-sales-workflow/submit/poseidon/pegasus/predict-future-sales/run0040/00/00/xgboost_hp_tuning_workflow_ID0000019.meta,/home/poseidon/workflows/predict-future-sales-workflow/submit/poseidon/pegasus/predict-future-sales/run0040/00/00/xgboost_hp_tuning_workflow_ID0000015.meta --insert /home/poseidon/workflows/predict-future-sales-workflow/submit/poseidon/pegasus/predict-future-sales/run0040/00/00/register_local_4_0.in",3.1,0,0,,,,,,,,,
stage_in_local_condorpool_0_0_pegasus-plan_ID0000012,None,transfer,0,1676938385.0,,,1676938390.0,1676938391.0,1676938395.0,2813.0,1676938390.0,1676938400.0,,,0.0,1676938400.0,1676938405.0,5.0,,0.0,10.0,5.0,4.0,12142.0,,,poseidon,local,host-10-100-100-12.openstacklocal,pegasus::transfer,/home/poseidon/pegasus-5.1.0panorama/bin/pegasus-transfer,-n pegasus::transfer -N null -i - -R local  -L xgboost_hp_tuning_group_0 -T 2023-02-21T00:12:36+00:00 /home/poseidon/pegasus-5.1.0panorama/bin/../bin/pegasus-transfer  --threads 2,0.6,0,0,,,,,,,,,
stage_in_local_condorpool_1_0_pegasus-plan_ID0000012,None,transfer,0,1676938385.0,,,1676938390.0,1676938391.0,1676938394.0,822.0,1676938390.0,1676938400.0,,,0.0,1676938400.0,1676938405.0,5.0,,0.0,10.0,5.0,3.0,2874.0,,,poseidon,local,host-10-100-100-12.openstacklocal,pegasus::transfer,/home/poseidon/pegasus-5.1.0panorama/bin/pegasus-transfer,-n pegasus::transfer -N null -i - -R local  -L xgboost_hp_tuning_group_0 -T 2023-02-21T00:12:36+00:00 /home/poseidon/pegasus-5.1.0panorama/bin/../bin/pegasus-transfer  --threads 2,0.5,0,0,,,,,,,,,
stage_in_local_condorpool_0_1_pegasus-plan_ID0000012,None,transfer,0,1676938385.0,,,1676938390.0,1676938391.0,1676938396.0,56437033.0,1676938391.0,1676938405.0,,,0.0,1676938405.0,1676938410.0,5.0,,1.0,14.0,5.0,5.0,269346726.0,,,poseidon,local,host-10-100-100-12.openstacklocal,pegasus::transfer,/home/poseidon/pegasus-5.1.0panorama/bin/pegasus-transfer,-n pegasus::transfer -N null -i - -R local  -L xgboost_hp_tuning_group_0 -T 2023-02-21T00:12:36+00:00 /home/poseidon/pegasus-5.1.0panorama/bin/../bin/pegasus-transfer  --threads 2,1.6,0,0,,,,,,,,,
stage_in_local_condorpool_0_2_pegasus-plan_ID0000012,None,transfer,0,1676938385.0,,,1676938390.0,1676938391.0,1676938398.0,109144850.0,1676938391.0,1676938405.0,,,0.0,1676938405.0,1676938410.0,5.0,,1.0,14.0,5.0,7.0,735985664.0,,,poseidon,local,host-10-100-100-12.openstacklocal,pegasus::transfer,/home/poseidon/pegasus-5.1.0panorama/bin/pegasus-transfer,-n pegasus::transfer -N null -i - -R local  -L xgboost_hp_tuning_group_0 -T 2023-02-21T00:12:36+00:00 /home/poseidon/pegasus-5.1.0panorama/bin/../bin/pegasus-transfer  --threads 2,3.5,0,0,,,,,,,,,
stage_in_local_condorpool_0_2_pegasus-plan_ID0000020,None,transfer,0,1676938386.0,,,1676938391.0,1676938396.0,1676938405.0,87568527.0,1676938396.0,1676938412.0,,,0.0,1676938412.0,1676938417.0,5.0,,5.0,16.0,5.0,9.0,735985664.0,,,poseidon,local,host-10-100-100-12.openstacklocal,pegasus::transfer,/home/poseidon/pegasus-5.1.0panorama/bin/pegasus-transfer,-n pegasus::transfer -N null -i - -R local  -L xgboost_hp_tuning_group_2 -T 2023-02-21T00:12:41+00:00 /home/poseidon/pegasus-5.1.0panorama/bin/../bin/pegasus-transfer  --threads 2,3.8,0,0,,,,,,,,,
stage_in_local_condorpool_0_1_pegasus-plan_ID0000020,None,transfer,0,1676938386.0,,,1676938391.0,1676938396.0,1676938412.0,167996626.0,1676938396.0,1676938422.0,,,0.0,1676938422.0,1676938427.0,5.0,,5.0,26.0,5.0,16.0,2646308508.0,,,poseidon,local,host-10-100-100-12.openstacklocal,pegasus::transfer,/home/poseidon/pegasus-5.1.0panorama/bin/pegasus-transfer,-n pegasus::transfer -N null -i - -R local  -L xgboost_hp_tuning_group_2 -T 2023-02-21T00:12:41+00:00 /home/poseidon/pegasus-5.1.0panorama/bin/../bin/pegasus-transfer  --threads 2,11.6,0,0,,,,,,,,,
stage_in_local_condorpool_0_0_pegasus-plan_ID0000016,None,transfer,0,1676938386.0,,,1676938391.0,1676938396.0,1676938400.0,2800.0,1676938396.0,1676938407.0,,,0.0,1676938407.0,1676938412.0,5.0,,5.0,11.0,5.0,4.0,12142.0,,,poseidon,local,host-10-100-100-12.openstacklocal,pegasus::transfer,/home/poseidon/pegasus-5.1.0panorama/bin/pegasus-transfer,-n pegasus::transfer -N null -i - -R local  -L xgboost_hp_tuning_group_1 -T 2023-02-21T00:12:41+00:00 /home/poseidon/pegasus-5.1.0panorama/bin/../bin/pegasus-transfer  --threads 2,0.6,0,0,,,,,,,,,
stage_in_local_condorpool_1_0_pegasus-plan_ID0000016,None,transfer,0,1676938386.0,,,1676938391.0,1676938396.0,1676938400.0,791.0,1676938396.0,1676938407.0,,,0.0,1676938407.0,1676938412.0,5.0,,5.0,11.0,5.0,4.0,2874.0,,,poseidon,local,host-10-100-100-12.openstacklocal,pegasus::transfer,/home/poseidon/pegasus-5.1.0panorama/bin/pegasus-transfer,-n pegasus::transfer -N null -i - -R local  -L xgboost_hp_tuning_group_1 -T 2023-02-21T00:12:41+00:00 /home/poseidon/pegasus-5.1.0panorama/bin/../bin/pegasus-transfer  --threads 2,0.5,0,0,,,,,,,,,
stage_in_local_condorpool_0_1_pegasus-plan_ID0000016,None,transfer,0,1676938386.0,,,1676938391.0,1676938396.0,1676938400.0,5301045.0,1676938396.0,1676938407.0,,,0.0,1676938407.0,1676938412.0,5.0,,5.0,11.0,5.0,4.0,19294600.0,,,poseidon,local,host-10-100-100-12.openstacklocal,pegasus::transfer,/home/poseidon/pegasus-5.1.0panorama/bin/pegasus-transfer,-n pegasus::transfer -N null -i - -R local  -L xgboost_hp_tuning_group_1 -T 2023-02-21T00:12:41+00:00 /home/poseidon/pegasus-5.1.0panorama/bin/../bin/pegasus-transfer  --threads 2,0.6,0,0,,,,,,,,,
stage_in_local_condorpool_0_0_pegasus-plan_ID0000020,None,transfer,0,1676938386.0,,,1676938391.0,1676938396.0,1676938400.0,2805.0,1676938396.0,1676938407.0,,,0.0,1676938407.0,1676938412.0,5.0,,5.0,11.0,5.0,4.0,12142.0,,,poseidon,local,host-10-100-100-12.openstacklocal,pegasus::transfer,/home/poseidon/pegasus-5.1.0panorama/bin/pegasus-transfer,-n pegasus::transfer -N null -i - -R local  -L xgboost_hp_tuning_group_2 -T 2023-02-21T00:12:41+00:00 /home/poseidon/pegasus-5.1.0panorama/bin/../bin/pegasus-transfer  --threads 2,0.6,0,0,,,,,,,,,
stage_in_local_condorpool_0_2_pegasus-plan_ID0000016,None,transfer,0,1676938386.0,,,1676938391.0,1676938396.0,1676938405.0,88576713.0,1676938396.0,1676938412.0,,,0.0,1676938412.0,1676938417.0,5.0,,5.0,16.0,5.0,9.0,735985664.0,,,poseidon,local,host-10-100-100-12.openstacklocal,pegasus::transfer,/home/poseidon/pegasus-5.1.0panorama/bin/pegasus-transfer,-n pegasus::transfer -N null -i - -R local  -L xgboost_hp_tuning_group_1 -T 2023-02-21T00:12:41+00:00 /home/poseidon/pegasus-5.1.0panorama/bin/../bin/pegasus-transfer  --threads 2,3.8,0,0,,,,,,,,,
stage_in_local_condorpool_1_0_pegasus-plan_ID0000020,None,transfer,0,1676938386.0,,,1676938391.0,1676938396.0,1676938400.0,790.0,1676938396.0,1676938407.0,,,0.0,1676938407.0,1676938412.0,5.0,,5.0,11.0,5.0,4.0,2874.0,,,poseidon,local,host-10-100-100-12.openstacklocal,pegasus::transfer,/home/poseidon/pegasus-5.1.0panorama/bin/pegasus-transfer,-n pegasus::transfer -N null -i - -R local  -L xgboost_hp_tuning_group_2 -T 2023-02-21T00:12:41+00:00 /home/poseidon/pegasus-5.1.0panorama/bin/../bin/pegasus-transfer  --threads 2,0.5,0,0,,,,,,,,,
xgboost_hp_tuning_ID0000018_pegasus-plan_ID0000012,None,compute,0,1676938410.0,,,1676938415.0,1676938399.0,1676938416.0,46800083.2,1676938437.0,1676938490.0,1676938440.0,1676938444.0,253.0,1676938490.0,1676938495.0,5.0,,22.0,53.0,5.0,17.0,502672266.0,4.0,1055.0,poseidon,condorpool,poseidon-worker-3-container-32-39,xgboost_hp_tuning,/srv/xgboost_hp_tuning,,91.7,0,0,0.0,157965961.0,40.0,3303.0,2.0,42.9,2.7,15796596.1,4.0
xgboost_hp_tuning_ID0000023_pegasus-plan_ID0000012,None,compute,0,1676938410.0,,,1676938415.0,1676938456.0,1676938473.0,46562454.6,1676938494.0,1676938560.0,1676938509.0,1676938514.0,261.0,1676938560.0,1676938565.0,5.0,,79.0,66.0,5.0,17.0,502672266.0,5.0,1091.0,poseidon,condorpool,poseidon-worker-3-container-40-47,xgboost_hp_tuning,/srv/xgboost_hp_tuning,,161.4,0,0,0.0,157970680.0,40.0,3319.0,2.0,98.2,3.5,7898534.0,4.0
xgboost_hp_tuning_ID0000012_pegasus-plan_ID0000012,None,compute,0,1676938410.0,,,1676938415.0,1676938456.0,1676938473.0,46637874.0,1676938494.0,1676938560.0,1676938509.0,1676938514.0,252.0,1676938560.0,1676938565.0,5.0,,79.0,66.0,5.0,17.0,502672266.0,5.0,1050.0,poseidon,condorpool,poseidon-worker-3-container-0-7,xgboost_hp_tuning,/srv/xgboost_hp_tuning,,165.6,0,0,0.0,157970591.0,40.0,3319.0,2.0,100.0,3.0,7898529.5,4.0
xgboost_hp_tuning_ID0000001_pegasus-plan_ID0000012,None,compute,0,1676938410.0,,,1676938415.0,1676938456.0,1676938473.0,46535937.4,1676938494.0,1676938560.0,1676938507.0,1676938511.0,249.0,1676938560.0,1676938565.0,5.0,,79.0,66.0,5.0,17.0,502672266.0,4.0,1063.0,poseidon,condorpool,poseidon-worker-2-container-32-39,xgboost_hp_tuning,/srv/xgboost_hp_tuning,,156.5,0,0,0.1,157972534.0,40.0,3321.0,2.0,107.5,3.0,7898626.7,4.0
xgboost_hp_tuning_ID0000013_pegasus-plan_ID0000012,None,compute,0,1676938410.0,,,1676938415.0,1676938455.0,1676938472.0,46699220.4,1676938493.0,1676938560.0,1676938506.0,1676938510.0,253.0,1676938560.0,1676938565.0,5.0,,78.0,67.0,5.0,17.0,502672266.0,4.0,1054.0,poseidon,condorpool,poseidon-worker-3-container-24-31,xgboost_hp_tuning,/srv/xgboost_hp_tuning,,149.8,0,0,0.0,157970834.0,40.0,3319.0,2.0,104.2,3.1,7898541.7,4.0
xgboost_hp_tuning_ID0000002_pegasus-plan_ID0000012,None,compute,0,1676938410.0,,,1676938415.0,1676938453.0,1676938470.0,46654736.8,1676938491.0,1676938560.0,1676938508.0,1676938512.0,253.0,1676938560.0,1676938565.0,5.0,,76.0,69.0,5.0,17.0,502672266.0,4.0,1061.0,poseidon,condorpool,poseidon-worker-3-container-32-39,xgboost_hp_tuning,/srv/xgboost_hp_tuning,,170.8,0,0,0.0,157974475.0,40.0,3334.0,2.0,160.6,3.2,5265815.8,4.0
xgboost_hp_tuning_ID0000014_pegasus-plan_ID0000012,None,compute,0,1676938410.0,,,1676938415.0,1676938399.0,1676938416.0,46742346.4,1676938437.0,1676938495.0,1676938443.0,1676938447.0,247.0,1676938495.0,1676938500.0,5.0,,22.0,58.0,5.0,17.0,502672266.0,4.0,1056.0,poseidon,condorpool,poseidon-worker-3-container-0-7,xgboost_hp_tuning,/srv/xgboost_hp_tuning,,104.2,0,0,0.0,157970518.0,4031.0,3319.0,5.0,99.9,4.1,7898525.9,201.6
xgboost_hp_tuning_ID0000003_pegasus-plan_ID0000012,None,compute,0,1676938410.0,,,1676938415.0,1676938399.0,1676938416.0,46500502.0,1676938437.0,1676938500.0,1676938449.0,1676938453.0,249.0,1676938500.0,1676938505.0,5.0,,22.0,63.0,5.0,17.0,502672266.0,4.0,1067.0,poseidon,condorpool,poseidon-worker-1-container-8-15,xgboost_hp_tuning,/srv/xgboost_hp_tuning,,143.8,0,0,0.1,157972440.0,40.0,3321.0,2.0,101.7,3.4,7898622.0,4.0
xgboost_hp_tuning_ID0000015_pegasus-plan_ID0000012,None,compute,0,1676938410.0,,,1676938415.0,1676938399.0,1676938416.0,46750220.2,1676938437.0,1676938495.0,1676938445.0,1676938449.0,247.0,1676938495.0,1676938500.0,5.0,,22.0,58.0,5.0,17.0,502672266.0,4.0,1054.0,poseidon,condorpool,poseidon-worker-3-container-8-15,xgboost_hp_tuning,/srv/xgboost_hp_tuning,,119.1,0,0,0.0,157970556.0,40.0,3319.0,2.0,98.3,3.5,7898527.8,4.0
xgboost_hp_tuning_ID0000004_pegasus-plan_ID0000012,None,compute,0,1676938410.0,,,1676938415.0,1676938399.0,1676938416.0,46528674.2,1676938437.0,1676938515.0,1676938461.0,1676938465.0,249.0,1676938515.0,1676938520.0,5.0,,22.0,78.0,5.0,17.0,502672266.0,4.0,1063.0,poseidon,condorpool,poseidon-worker-2-container-0-7,xgboost_hp_tuning,/srv/xgboost_hp_tuning,,216.2,0,0,0.0,157976182.0,40.0,3336.0,2.0,160.3,3.5,5265872.7,4.0
xgboost_hp_tuning_ID0000016_pegasus-plan_ID0000012,None,compute,0,1676938410.0,,,1676938415.0,1676938399.0,1676938416.0,46582161.8,1676938437.0,1676938505.0,1676938454.0,1676938459.0,244.0,1676938505.0,1676938510.0,5.0,,22.0,68.0,5.0,17.0,502672266.0,5.0,1054.0,poseidon,condorpool,poseidon-worker-2-container-8-15,xgboost_hp_tuning,/srv/xgboost_hp_tuning,,170.3,0,0,0.0,157976221.0,40.0,3336.0,2.0,158.1,3.6,5265874.0,4.0
xgboost_hp_tuning_ID0000005_pegasus-plan_ID0000012,None,compute,0,1676938410.0,,,1676938415.0,1676938399.0,1676938416.0,46509947.6,1676938437.0,1676938520.0,1676938468.0,1676938472.0,252.0,1676938520.0,1676938525.0,5.0,,22.0,83.0,5.0,17.0,502672266.0,4.0,1079.0,poseidon,condorpool,poseidon-worker-1-container-24-31,xgboost_hp_tuning,/srv/xgboost_hp_tuning,,254.9,0,0,0.0,157980078.0,40.0,3351.0,2.0,223.2,4.5,3949501.9,4.0
xgboost_hp_tuning_ID0000017_pegasus-plan_ID0000012,None,compute,0,1676938410.0,,,1676938415.0,1676938399.0,1676938416.0,46526141.0,1676938437.0,1676938510.0,1676938455.0,1676938460.0,250.0,1676938510.0,1676938515.0,5.0,,22.0,73.0,5.0,17.0,502672266.0,5.0,1055.0,poseidon,condorpool,poseidon-worker-1-container-0-7,xgboost_hp_tuning,/srv/xgboost_hp_tuning,,168.5,0,0,0.0,157976185.0,40.0,3336.0,2.0,150.8,3.7,5265872.8,4.0
xgboost_hp_tuning_ID0000006_pegasus-plan_ID0000012,None,compute,0,1676938410.0,,,1676938415.0,1676938399.0,1676938416.0,45829347.0,1676938437.0,1676938505.0,1676938451.0,1676938456.0,247.0,1676938505.0,1676938510.0,5.0,,22.0,68.0,5.0,17.0,502672266.0,5.0,1066.0,poseidon,condorpool,poseidon-worker-2-container-16-23,xgboost_hp_tuning,/srv/xgboost_hp_tuning,,161.1,0,0,0.0,157972465.0,40.0,3321.0,2.0,105.0,3.2,7898623.2,4.0
xgboost_hp_tuning_ID0000009_pegasus-plan_ID0000012,None,compute,0,1676938410.0,,,1676938415.0,1676938398.0,1676938416.0,46675389.0,1676938437.0,1676938500.0,1676938446.0,1676938450.0,251.0,1676938500.0,1676938505.0,5.0,,22.0,63.0,5.0,18.0,502672266.0,4.0,1057.0,poseidon,condorpool,poseidon-worker-3-container-16-23,xgboost_hp_tuning,/srv/xgboost_hp_tuning,,136.7,0,0,0.1,157970839.0,40.0,3319.0,2.0,113.5,3.2,7898542.0,4.0
xgboost_hp_tuning_ID0000011_pegasus-plan_ID0000012,None,compute,0,1676938410.0,,,1676938415.0,1676938399.0,1676938416.0,46734307.4,1676938437.0,1676938495.0,1676938442.0,1676938446.0,251.0,1676938495.0,1676938500.0,5.0,,22.0,58.0,5.0,17.0,502672266.0,4.0,1051.0,poseidon,condorpool,poseidon-worker-3-container-24-31,xgboost_hp_tuning,/srv/xgboost_hp_tuning,,100.0,0,0,0.0,157966064.0,40.0,3303.0,2.0,39.6,3.0,15796606.4,4.0
xgboost_hp_tuning_ID0000022_pegasus-plan_ID0000012,None,compute,0,1676938410.0,,,1676938415.0,1676938399.0,1676938416.0,46569944.6,1676938437.0,1676938520.0,1676938466.0,1676938470.0,248.0,1676938520.0,1676938525.0,5.0,,22.0,83.0,5.0,17.0,502672266.0,4.0,1064.0,poseidon,condorpool,poseidon-worker-1-container-32-39,xgboost_hp_tuning,/srv/xgboost_hp_tuning,,229.1,0,0,0.1,157980376.0,40.0,3351.0,2.0,207.1,3.3,3949509.4,4.0
xgboost_hp_tuning_ID0000010_pegasus-plan_ID0000012,None,compute,0,1676938410.0,,,1676938415.0,1676938399.0,1676938416.0,46585913.8,1676938437.0,1676938500.0,1676938446.0,1676938450.0,246.0,1676938500.0,1676938505.0,5.0,,22.0,63.0,5.0,17.0,502672266.0,4.0,1049.0,poseidon,condorpool,poseidon-worker-1-container-16-23,xgboost_hp_tuning,/srv/xgboost_hp_tuning,,130.1,0,0,0.0,157972471.0,40.0,3321.0,2.0,107.2,3.5,7898623.5,4.0
xgboost_hp_tuning_ID0000021_pegasus-plan_ID0000012,None,compute,0,1676938410.0,,,1676938415.0,1676938399.0,1676938416.0,46539145.6,1676938437.0,1676938495.0,1676938442.0,1676938446.0,247.0,1676938495.0,1676938500.0,5.0,,22.0,58.0,5.0,17.0,502672266.0,4.0,1063.0,poseidon,condorpool,poseidon-worker-2-container-32-39,xgboost_hp_tuning,/srv/xgboost_hp_tuning,,102.8,0,0,0.1,157967830.0,40.0,3305.0,2.0,46.2,2.7,15796783.0,4.0
xgboost_hp_tuning_ID0000020_pegasus-plan_ID0000012,None,compute,0,1676938410.0,,,1676938415.0,1676938399.0,1676938416.0,46545499.8,1676938437.0,1676938505.0,1676938453.0,1676938457.0,245.0,1676938505.0,1676938510.0,5.0,,22.0,68.0,5.0,17.0,502672266.0,4.0,1061.0,poseidon,condorpool,poseidon-worker-2-container-40-47,xgboost_hp_tuning,/srv/xgboost_hp_tuning,,147.9,0,0,0.1,157972467.0,40.0,3321.0,2.0,89.7,2.7,7898623.3,4.0
xgboost_hp_tuning_ID0000008_pegasus-plan_ID0000012,None,compute,0,1676938410.0,,,1676938415.0,1676938399.0,1676938416.0,46514708.6,1676938437.0,1676938510.0,1676938458.0,1676938463.0,245.0,1676938510.0,1676938515.0,5.0,,22.0,73.0,5.0,17.0,502672266.0,5.0,1060.0,poseidon,condorpool,poseidon-worker-2-container-24-31,xgboost_hp_tuning,/srv/xgboost_hp_tuning,,204.1,0,0,0.1,157976271.0,40.0,3336.0,2.0,166.3,3.4,5265875.7,4.0
xgboost_hp_tuning_ID0000019_pegasus-plan_ID0000012,None,compute,0,1676938410.0,,,1676938415.0,1676938398.0,1676938416.0,46746922.2,1676938437.0,1676938495.0,1676938443.0,1676938447.0,249.0,1676938495.0,1676938500.0,5.0,,22.0,58.0,5.0,18.0,502672266.0,4.0,1058.0,poseidon,condorpool,poseidon-worker-3-container-40-47,xgboost_hp_tuning,/srv/xgboost_hp_tuning,,111.1,0,0,0.1,157970593.0,40.0,3319.0,2.0,104.9,3.8,7898529.7,4.0
xgboost_hp_tuning_ID0000007_pegasus-plan_ID0000012,None,compute,0,1676938410.0,,,1676938415.0,1676938399.0,1676938416.0,46514594.4,1676938437.0,1676938500.0,1676938448.0,1676938452.0,251.0,1676938500.0,1676938505.0,5.0,,22.0,63.0,5.0,17.0,502672266.0,4.0,1066.0,poseidon,condorpool,poseidon-worker-1-container-40-47,xgboost_hp_tuning,/srv/xgboost_hp_tuning,,137.4,0,0,0.1,157972469.0,40.0,3321.0,2.0,105.0,2.9,7898623.4,4.0
xgboost_hp_tuning_ID0000023_pegasus-plan_ID0000016,None,compute,0,1676938417.0,,,1676938422.0,1676938511.0,1676938527.0,42552060.8,1676938549.0,1676938592.0,1676938537.0,1676938541.0,253.0,1676938592.0,1676938597.0,5.0,,127.0,43.0,5.0,16.0,377646203.0,4.0,1088.0,poseidon,condorpool,poseidon-worker-2-container-24-31,xgboost_hp_tuning,/srv/xgboost_hp_tuning,,17.2,0,0,,,,,,,,,
xgboost_hp_tuning_ID0000008_pegasus-plan_ID0000016,None,compute,0,1676938417.0,,,1676938422.0,1676938466.0,1676938482.0,42573890.2,1676938504.0,1676938542.0,1676938492.0,1676938496.0,249.0,1676938542.0,1676938547.0,5.0,,82.0,38.0,5.0,16.0,377646203.0,4.0,1061.0,poseidon,condorpool,poseidon-worker-2-container-40-47,xgboost_hp_tuning,/srv/xgboost_hp_tuning,,14.6,0,0,,,,,,,,,
xgboost_hp_tuning_ID0000013_pegasus-plan_ID0000016,None,compute,0,1676938417.0,,,1676938422.0,1676938505.0,1676938521.0,42582108.0,1676938543.0,1676938582.0,1676938532.0,1676938536.0,251.0,1676938582.0,1676938587.0,5.0,,121.0,39.0,5.0,16.0,377646203.0,4.0,1054.0,poseidon,condorpool,poseidon-worker-2-container-40-47,xgboost_hp_tuning,/srv/xgboost_hp_tuning,,18.1,0,0,,,,,,,,,
xgboost_hp_tuning_ID0000009_pegasus-plan_ID0000016,None,compute,0,1676938417.0,,,1676938422.0,1676938458.0,1676938474.0,42642635.8,1676938496.0,1676938537.0,1676938484.0,1676938488.0,248.0,1676938537.0,1676938542.0,5.0,,74.0,41.0,5.0,16.0,377646203.0,4.0,1059.0,poseidon,condorpool,poseidon-worker-3-container-8-15,xgboost_hp_tuning,/srv/xgboost_hp_tuning,,15.5,0,0,,,,,,,,,
xgboost_hp_tuning_ID0000011_pegasus-plan_ID0000016,None,compute,0,1676938417.0,,,1676938422.0,1676938459.0,1676938475.0,42557928.0,1676938497.0,1676938537.0,1676938486.0,1676938491.0,249.0,1676938537.0,1676938542.0,5.0,,75.0,40.0,5.0,16.0,377646203.0,5.0,1050.0,poseidon,condorpool,poseidon-worker-3-container-16-23,xgboost_hp_tuning,/srv/xgboost_hp_tuning,,26.6,0,0,,,,,,,,,
xgboost_hp_tuning_ID0000022_pegasus-plan_ID0000016,None,compute,0,1676938417.0,,,1676938422.0,1676938459.0,1676938475.0,42585448.0,1676938498.0,1676938542.0,1676938490.0,1676938494.0,253.0,1676938542.0,1676938547.0,5.0,,76.0,44.0,5.0,16.0,377646203.0,4.0,1062.0,poseidon,condorpool,poseidon-worker-1-container-16-23,xgboost_hp_tuning,/srv/xgboost_hp_tuning,,44.6,0,0,,,,,,,,,
xgboost_hp_tuning_ID0000010_pegasus-plan_ID0000016,None,compute,0,1676938417.0,,,1676938422.0,1676938461.0,1676938477.0,42541793.0,1676938499.0,1676938542.0,1676938487.0,1676938492.0,247.0,1676938542.0,1676938547.0,5.0,,77.0,43.0,5.0,16.0,377646203.0,5.0,1049.0,poseidon,condorpool,poseidon-worker-1-container-40-47,xgboost_hp_tuning,/srv/xgboost_hp_tuning,,16.8,0,0,,,,,,,,,
xgboost_hp_tuning_ID0000021_pegasus-plan_ID0000016,None,compute,0,1676938417.0,,,1676938422.0,1676938462.0,1676938478.0,42600997.2,1676938501.0,1676938542.0,1676938489.0,1676938493.0,247.0,1676938542.0,1676938547.0,5.0,,79.0,41.0,5.0,16.0,377646203.0,4.0,1062.0,poseidon,condorpool,poseidon-worker-1-container-8-15,xgboost_hp_tuning,/srv/xgboost_hp_tuning,,16.0,0,0,,,,,,,,,
xgboost_hp_tuning_ID0000020_pegasus-plan_ID0000016,None,compute,0,1676938417.0,,,1676938422.0,1676938465.0,1676938481.0,42000771.8,1676938503.0,1676938542.0,1676938491.0,1676938495.0,249.0,1676938542.0,1676938547.0,5.0,,81.0,39.0,5.0,16.0,377646203.0,4.0,1063.0,poseidon,condorpool,poseidon-worker-2-container-16-23,xgboost_hp_tuning,/srv/xgboost_hp_tuning,,14.6,0,0,,,,,,,,,
xgboost_hp_tuning_ID0000019_pegasus-plan_ID0000016,None,compute,0,1676938417.0,,,1676938422.0,1676938468.0,1676938484.0,42561471.2,1676938506.0,1676938547.0,1676938495.0,1676938500.0,251.0,1676938547.0,1676938552.0,5.0,,84.0,41.0,5.0,16.0,377646203.0,5.0,1060.0,poseidon,condorpool,poseidon-worker-2-container-8-15,xgboost_hp_tuning,/srv/xgboost_hp_tuning,,27.6,0,0,,,,,,,,,
xgboost_hp_tuning_ID0000001_pegasus-plan_ID0000016,None,compute,0,1676938417.0,,,1676938422.0,1676938508.0,1676938524.0,42547722.5,1676938546.0,1676938587.0,1676938534.0,1676938538.0,245.0,1676938587.0,1676938592.0,5.0,,124.0,41.0,5.0,16.0,377646203.0,4.0,1061.0,poseidon,condorpool,poseidon-worker-1-container-0-7,xgboost_hp_tuning,/srv/xgboost_hp_tuning,,14.4,0,0,,,,,,,,,
xgboost_hp_tuning_ID0000018_pegasus-plan_ID0000016,None,compute,0,1676938417.0,,,1676938422.0,1676938472.0,1676938488.0,42544208.2,1676938510.0,1676938552.0,1676938498.0,1676938502.0,247.0,1676938552.0,1676938557.0,5.0,,88.0,42.0,5.0,16.0,377646203.0,4.0,1055.0,poseidon,condorpool,poseidon-worker-2-container-24-31,xgboost_hp_tuning,/srv/xgboost_hp_tuning,,14.5,0,0,,,,,,,,,
xgboost_hp_tuning_ID0000007_pegasus-plan_ID0000016,None,compute,0,1676938417.0,,,1676938422.0,1676938469.0,1676938485.0,42555692.0,1676938507.0,1676938547.0,1676938495.0,1676938499.0,252.0,1676938547.0,1676938552.0,5.0,,85.0,40.0,5.0,16.0,377646203.0,4.0,1066.0,poseidon,condorpool,poseidon-worker-1-container-0-7,xgboost_hp_tuning,/srv/xgboost_hp_tuning,,16.1,0,0,,,,,,,,,
xgboost_hp_tuning_ID0000017_pegasus-plan_ID0000016,None,compute,0,1676938417.0,,,1676938422.0,1676938479.0,1676938495.0,42552298.2,1676938517.0,1676938557.0,1676938506.0,1676938510.0,246.0,1676938557.0,1676938562.0,5.0,,95.0,40.0,5.0,16.0,377646203.0,4.0,1051.0,poseidon,condorpool,poseidon-worker-1-container-32-39,xgboost_hp_tuning,/srv/xgboost_hp_tuning,,20.4,0,0,,,,,,,,,
xgboost_hp_tuning_ID0000005_pegasus-plan_ID0000016,None,compute,0,1676938417.0,,,1676938422.0,1676938481.0,1676938497.0,42575209.2,1676938520.0,1676938562.0,1676938507.0,1676938511.0,253.0,1676938562.0,1676938567.0,5.0,,98.0,42.0,5.0,16.0,377646203.0,4.0,1076.0,poseidon,condorpool,poseidon-worker-1-container-24-31,xgboost_hp_tuning,/srv/xgboost_hp_tuning,,15.4,0,0,,,,,,,,,
xgboost_hp_tuning_ID0000016_pegasus-plan_ID0000016,None,compute,0,1676938417.0,,,1676938422.0,1676938497.0,1676938513.0,42693480.5,1676938536.0,1676938577.0,1676938524.0,1676938529.0,248.0,1676938577.0,1676938582.0,5.0,,114.0,41.0,5.0,16.0,377646203.0,5.0,1055.0,poseidon,condorpool,poseidon-worker-3-container-8-15,xgboost_hp_tuning,/srv/xgboost_hp_tuning,,20.1,0,0,,,,,,,,,
xgboost_hp_tuning_ID0000004_pegasus-plan_ID0000016,None,compute,0,1676938417.0,,,1676938422.0,1676938499.0,1676938515.0,42718461.2,1676938538.0,1676938577.0,1676938526.0,1676938530.0,250.0,1676938577.0,1676938582.0,5.0,,116.0,39.0,5.0,16.0,377646203.0,4.0,1064.0,poseidon,condorpool,poseidon-worker-3-container-16-23,xgboost_hp_tuning,/srv/xgboost_hp_tuning,,16.2,0,0,,,,,,,,,
xgboost_hp_tuning_ID0000015_pegasus-plan_ID0000016,None,compute,0,1676938417.0,,,1676938422.0,1676938501.0,1676938517.0,42604368.5,1676938539.0,1676938582.0,1676938527.0,1676938531.0,246.0,1676938582.0,1676938587.0,5.0,,117.0,43.0,5.0,16.0,377646203.0,4.0,1053.0,poseidon,condorpool,poseidon-worker-1-container-40-47,xgboost_hp_tuning,/srv/xgboost_hp_tuning,,16.5,0,0,,,,,,,,,
xgboost_hp_tuning_ID0000003_pegasus-plan_ID0000016,None,compute,0,1676938417.0,,,1676938422.0,1676938502.0,1676938518.0,42614985.0,1676938540.0,1676938582.0,1676938528.0,1676938532.0,251.0,1676938582.0,1676938587.0,5.0,,118.0,42.0,5.0,16.0,377646203.0,4.0,1067.0,poseidon,condorpool,poseidon-worker-1-container-8-15,xgboost_hp_tuning,/srv/xgboost_hp_tuning,,15.2,0,0,,,,,,,,,
xgboost_hp_tuning_ID0000014_pegasus-plan_ID0000016,None,compute,0,1676938417.0,,,1676938422.0,1676938503.0,1676938519.0,42596535.8,1676938542.0,1676938582.0,1676938529.0,1676938533.0,248.0,1676938582.0,1676938587.0,5.0,,120.0,40.0,5.0,16.0,377646203.0,4.0,1055.0,poseidon,condorpool,poseidon-worker-1-container-16-23,xgboost_hp_tuning,/srv/xgboost_hp_tuning,,14.5,0,0,,,,,,,,,
xgboost_hp_tuning_ID0000002_pegasus-plan_ID0000016,None,compute,0,1676938417.0,,,1676938422.0,1676938504.0,1676938521.0,42053952.5,1676938543.0,1676938582.0,1676938530.0,1676938535.0,247.0,1676938582.0,1676938587.0,5.0,,121.0,39.0,5.0,17.0,377646203.0,5.0,1063.0,poseidon,condorpool,poseidon-worker-2-container-16-23,xgboost_hp_tuning,/srv/xgboost_hp_tuning,,14.5,0,0,,,,,,,,,
xgboost_hp_tuning_ID0000006_pegasus-plan_ID0000016,None,compute,0,1676938417.0,,,1676938422.0,1676938474.0,1676938490.0,42528363.2,1676938513.0,1676938557.0,1676938504.0,1676938508.0,247.0,1676938557.0,1676938562.0,5.0,,91.0,44.0,5.0,16.0,377646203.0,4.0,1064.0,poseidon,condorpool,poseidon-worker-2-container-0-7,xgboost_hp_tuning,/srv/xgboost_hp_tuning,,38.7,0,0,,,,,,,,,
xgboost_hp_tuning_ID0000012_pegasus-plan_ID0000016,None,compute,0,1676938417.0,,,1676938422.0,1676938509.0,1676938525.0,42481228.5,1676938547.0,1676938587.0,1676938535.0,1676938539.0,247.0,1676938587.0,1676938592.0,5.0,,125.0,40.0,5.0,16.0,377646203.0,4.0,1049.0,poseidon,condorpool,poseidon-worker-2-container-8-15,xgboost_hp_tuning,/srv/xgboost_hp_tuning,,15.1,0,0,,,,,,,,,
xgboost_hp_tuning_ID0000001_pegasus-plan_ID0000020,None,compute,0,1676938427.0,,,1676938432.0,1676938924.0,1676938955.0,69154049.0,1676938963.0,1676939329.0,1676939275.0,1676939279.0,253.0,1676939329.0,1676939334.0,5.0,,531.0,366.0,5.0,31.0,1691153157.0,4.0,1062.0,poseidon,condorpool,poseidon-worker-3-container-24-31,xgboost_hp_tuning,/srv/xgboost_hp_tuning,,1700.8,0,0,0.0,1346562866.0,40.0,3754.0,2.0,1648.7,52.1,4343751.2,4.0
xgboost_hp_tuning_ID0000009_pegasus-plan_ID0000020,None,compute,0,1676938427.0,,,1676938432.0,1676938517.0,1676938548.0,69028891.6,1676938555.0,1676938943.0,1676938892.0,1676938897.0,249.0,1676938943.0,1676938948.0,5.0,,123.0,388.0,5.0,31.0,1691153157.0,5.0,1058.0,poseidon,condorpool,poseidon-worker-2-container-0-7,xgboost_hp_tuning,/srv/xgboost_hp_tuning,,1720.1,0,0,0.1,1346571928.0,40.0,3786.0,2.0,1657.1,53.4,4080521.0,4.0
xgboost_hp_tuning_ID0000012_pegasus-plan_ID0000020,None,compute,0,1676938427.0,,,1676938432.0,1676938937.0,1676938968.0,68902205.3,1676938975.0,1676939314.0,1676939260.0,1676939264.0,248.0,1676939314.0,1676939319.0,5.0,,543.0,339.0,5.0,31.0,1691153157.0,4.0,1048.0,poseidon,condorpool,poseidon-worker-2-container-32-39,xgboost_hp_tuning,/srv/xgboost_hp_tuning,,1601.4,0,0,0.1,1346553270.0,40.0,3711.0,2.0,1551.2,38.5,4809118.8,4.0
xgboost_hp_tuning_ID0000023_pegasus-plan_ID0000020,None,compute,0,1676938427.0,,,1676938432.0,1676938938.0,1676938969.0,68971774.0,1676938976.0,1676939314.0,1676939261.0,1676939265.0,262.0,1676939314.0,1676939319.0,5.0,,544.0,338.0,5.0,31.0,1691153157.0,4.0,1090.0,poseidon,condorpool,poseidon-worker-1-container-40-47,xgboost_hp_tuning,/srv/xgboost_hp_tuning,,1598.8,0,0,0.0,1346553254.0,40.0,3711.0,2.0,1546.3,37.8,4809118.8,4.0
xgboost_hp_tuning_ID0000017_pegasus-plan_ID0000020,None,compute,0,1676938427.0,,,1676938432.0,1676938542.0,1676938574.0,68996054.0,1676938581.0,1676938978.0,1676938925.0,1676938929.0,250.0,1676938978.0,1676938983.0,5.0,,149.0,397.0,5.0,32.0,1691153157.0,4.0,1055.0,poseidon,condorpool,poseidon-worker-1-container-16-23,xgboost_hp_tuning,/srv/xgboost_hp_tuning,,1950.8,0,0,0.1,1346576304.0,40.0,3801.0,2.0,1884.5,54.9,3960518.5,4.0
xgboost_hp_tuning_ID0000002_pegasus-plan_ID0000020,None,compute,0,1676938427.0,,,1676938432.0,1676938921.0,1676938953.0,68937034.5,1676938960.0,1676939289.0,1676939236.0,1676939240.0,252.0,1676939289.0,1676939294.0,5.0,,528.0,329.0,5.0,32.0,1691153157.0,4.0,1062.0,poseidon,condorpool,poseidon-worker-2-container-8-15,xgboost_hp_tuning,/srv/xgboost_hp_tuning,,1544.6,0,0,0.0,1346549302.0,40.0,3696.0,2.0,1480.8,39.4,4987219.6,4.0
xgboost_hp_tuning_ID0000005_pegasus-plan_ID0000020,None,compute,0,1676938427.0,,,1676938432.0,1676938544.0,1676938575.0,68655822.6,1676938582.0,1676938998.0,1676938947.0,1676938951.0,254.0,1676938998.0,1676939003.0,5.0,,150.0,416.0,5.0,31.0,1691153157.0,4.0,1078.0,poseidon,condorpool,poseidon-worker-2-container-16-23,xgboost_hp_tuning,/srv/xgboost_hp_tuning,,2064.5,0,0,0.1,1346583952.0,40.0,3831.0,2.0,1992.8,56.7,3740511.0,4.0
xgboost_hp_tuning_ID0000016_pegasus-plan_ID0000020,None,compute,0,1676938427.0,,,1676938432.0,1676938545.0,1676938576.0,69142858.3,1676938583.0,1676939068.0,1676939016.0,1676939021.0,251.0,1676939068.0,1676939073.0,5.0,,151.0,485.0,5.0,31.0,1691153157.0,5.0,1054.0,poseidon,condorpool,poseidon-worker-2-container-40-47,xgboost_hp_tuning,/srv/xgboost_hp_tuning,,2464.7,0,0,0.1,1346610799.0,40.0,3936.0,2.0,2400.3,60.9,3131653.0,4.0
xgboost_hp_tuning_ID0000004_pegasus-plan_ID0000020,None,compute,0,1676938427.0,,,1676938432.0,1676938547.0,1676938578.0,68784124.6,1676938585.0,1676938983.0,1676938930.0,1676938934.0,252.0,1676938983.0,1676938988.0,5.0,,153.0,398.0,5.0,31.0,1691153157.0,4.0,1063.0,poseidon,condorpool,poseidon-worker-1-container-0-7,xgboost_hp_tuning,/srv/xgboost_hp_tuning,,1824.6,0,0,0.1,1346575981.0,40.0,3801.0,2.0,1739.6,72.9,3960517.6,4.0
xgboost_hp_tuning_ID0000018_pegasus-plan_ID0000020,None,compute,0,1676938427.0,,,1676938432.0,1676938540.0,1676938572.0,68989354.5,1676938579.0,1676938978.0,1676938925.0,1676938929.0,247.0,1676938978.0,1676938983.0,5.0,,147.0,399.0,5.0,32.0,1691153157.0,4.0,1053.0,poseidon,condorpool,poseidon-worker-1-container-40-47,xgboost_hp_tuning,/srv/xgboost_hp_tuning,,1906.8,0,0,0.1,1346576273.0,40.0,3801.0,2.0,1827.3,60.8,3960518.5,4.0
xgboost_hp_tuning_ID0000013_pegasus-plan_ID0000020,None,compute,0,1676938427.0,,,1676938432.0,1676938922.0,1676938953.0,69075819.3,1676938960.0,1676939365.0,1676939311.0,1676939315.0,250.0,1676939365.0,1676939370.0,5.0,,528.0,405.0,5.0,31.0,1691153157.0,4.0,1054.0,poseidon,condorpool,poseidon-worker-3-container-16-23,xgboost_hp_tuning,/srv/xgboost_hp_tuning,,2039.7,0,0,0.0,1346574327.0,40.0,3799.0,2.0,1940.7,43.0,3960512.7,4.0
xgboost_hp_tuning_ID0000007_pegasus-plan_ID0000020,None,compute,0,1676938427.0,,,1676938432.0,1676938539.0,1676938570.0,69146099.4,1676938577.0,1676938963.0,1676938908.0,1676938912.0,256.0,1676938963.0,1676938968.0,5.0,,145.0,386.0,5.0,31.0,1691153157.0,4.0,1067.0,poseidon,condorpool,poseidon-worker-3-container-16-23,xgboost_hp_tuning,/srv/xgboost_hp_tuning,,1805.6,0,0,0.1,1346566760.0,40.0,3769.0,2.0,1676.3,67.8,4208021.1,4.0
xgboost_hp_tuning_ID0000019_pegasus-plan_ID0000020,None,compute,0,1676938427.0,,,1676938432.0,1676938522.0,1676938554.0,69101091.5,1676938561.0,1676939128.0,1676939073.0,1676939077.0,255.0,1676939128.0,1676939133.0,5.0,,129.0,567.0,5.0,32.0,1691153157.0,4.0,1059.0,poseidon,condorpool,poseidon-worker-3-container-40-47,xgboost_hp_tuning,/srv/xgboost_hp_tuning,,3083.1,0,0,0.1,1346639262.0,40.0,4054.0,2.0,3011.6,71.0,2640469.1,4.0
xgboost_hp_tuning_ID0000008_pegasus-plan_ID0000020,None,compute,0,1676938427.0,,,1676938432.0,1676938522.0,1676938554.0,69117620.8,1676938561.0,1676938988.0,1676938934.0,1676938938.0,249.0,1676938988.0,1676938993.0,5.0,,129.0,427.0,5.0,32.0,1691153157.0,4.0,1059.0,poseidon,condorpool,poseidon-worker-3-container-0-7,xgboost_hp_tuning,/srv/xgboost_hp_tuning,,2159.1,0,0,0.0,1346585268.0,40.0,3844.0,2.0,2101.0,53.5,3639419.6,4.0
xgboost_hp_tuning_ID0000014_pegasus-plan_ID0000020,None,compute,0,1676938427.0,,,1676938432.0,1676938612.0,1676938643.0,69090243.7,1676938650.0,1676939108.0,1676939058.0,1676939062.0,253.0,1676939108.0,1676939113.0,5.0,,218.0,458.0,5.0,31.0,1691153157.0,4.0,1056.0,poseidon,condorpool,poseidon-worker-3-container-8-15,xgboost_hp_tuning,/srv/xgboost_hp_tuning,,2322.5,0,0,0.0,1346597145.0,40.0,3889.0,2.0,2229.5,58.7,3366492.9,4.0
xgboost_hp_tuning_ID0000021_pegasus-plan_ID0000020,None,compute,0,1676938427.0,,,1676938432.0,1676938520.0,1676938552.0,69195063.0,1676938559.0,1676938983.0,1676938931.0,1676938935.0,249.0,1676938983.0,1676938988.0,5.0,,127.0,424.0,5.0,32.0,1691153157.0,4.0,1063.0,poseidon,condorpool,poseidon-worker-1-container-24-31,xgboost_hp_tuning,/srv/xgboost_hp_tuning,,2036.8,0,0,0.0,1346587628.0,40.0,3846.0,2.0,1969.1,67.6,3639426.0,4.0
xgboost_hp_tuning_ID0000010_pegasus-plan_ID0000020,None,compute,0,1676938427.0,,,1676938432.0,1676938520.0,1676938551.0,69157974.4,1676938558.0,1676938928.0,1676938876.0,1676938880.0,248.0,1676938928.0,1676938933.0,5.0,,126.0,370.0,5.0,31.0,1691153157.0,4.0,1048.0,poseidon,condorpool,poseidon-worker-2-container-32-39,xgboost_hp_tuning,/srv/xgboost_hp_tuning,,1740.5,0,0,0.1,1346564601.0,40.0,3756.0,2.0,1659.0,47.1,4343756.8,4.0
xgboost_hp_tuning_ID0000022_pegasus-plan_ID0000020,None,compute,0,1676938427.0,,,1676938432.0,1676938519.0,1676938550.0,69102304.0,1676938557.0,1676939003.0,1676938948.0,1676938953.0,249.0,1676939003.0,1676939008.0,5.0,,125.0,446.0,5.0,31.0,1691153157.0,5.0,1063.0,poseidon,condorpool,poseidon-worker-1-container-32-39,xgboost_hp_tuning,/srv/xgboost_hp_tuning,,2278.3,0,0,0.1,1346591624.0,40.0,3861.0,2.0,2159.5,57.2,3543662.2,4.0
xgboost_hp_tuning_ID0000011_pegasus-plan_ID0000020,None,compute,0,1676938427.0,,,1676938432.0,1676938519.0,1676938550.0,69306570.2,1676938557.0,1676938963.0,1676938911.0,1676938915.0,253.0,1676938963.0,1676938968.0,5.0,,125.0,406.0,5.0,31.0,1691153157.0,4.0,1050.0,poseidon,condorpool,poseidon-worker-3-container-24-31,xgboost_hp_tuning,/srv/xgboost_hp_tuning,,1977.1,0,0,0.2,1346578247.0,40.0,3814.0,2.0,1919.0,48.1,3847366.4,4.0
xgboost_hp_tuning_ID0000015_pegasus-plan_ID0000020,None,compute,0,1676938427.0,,,1676938432.0,1676938548.0,1676938580.0,69060628.7,1676938586.0,1676938958.0,1676938908.0,1676938912.0,246.0,1676938958.0,1676938963.0,5.0,,154.0,372.0,5.0,32.0,1691153157.0,4.0,1053.0,poseidon,condorpool,poseidon-worker-2-container-8-15,xgboost_hp_tuning,/srv/xgboost_hp_tuning,,1743.8,0,0,0.1,1346564659.0,40.0,3756.0,2.0,1635.3,50.2,4343757.0,4.0
xgboost_hp_tuning_ID0000003_pegasus-plan_ID0000020,None,compute,0,1676938427.0,,,1676938432.0,1676938551.0,1676938582.0,69052827.9,1676938589.0,1676938998.0,1676938946.0,1676938951.0,253.0,1676938998.0,1676939003.0,5.0,,157.0,409.0,5.0,31.0,1691153157.0,5.0,1067.0,poseidon,condorpool,poseidon-worker-2-container-24-31,xgboost_hp_tuning,/srv/xgboost_hp_tuning,,2051.7,0,0,0.1,1346580105.0,40.0,3816.0,2.0,1964.2,54.6,3847371.7,4.0
xgboost_hp_tuning_ID0000006_pegasus-plan_ID0000020,None,compute,0,1676938427.0,,,1676938432.0,1676938541.0,1676938573.0,69010093.1,1676938580.0,1676939068.0,1676939016.0,1676939020.0,254.0,1676939068.0,1676939073.0,5.0,,148.0,488.0,5.0,32.0,1691153157.0,4.0,1067.0,poseidon,condorpool,poseidon-worker-1-container-8-15,xgboost_hp_tuning,/srv/xgboost_hp_tuning,,2532.4,0,0,0.0,1346610538.0,40.0,3936.0,2.0,2448.1,56.3,3131652.4,4.0
xgboost_hp_tuning_ID0000020_pegasus-plan_ID0000020,None,compute,0,1676938427.0,,,1676938432.0,1676938521.0,1676938552.0,69106842.0,1676938560.0,1676938988.0,1676938935.0,1676938939.0,251.0,1676938988.0,1676938993.0,5.0,,128.0,428.0,5.0,31.0,1691153157.0,4.0,1061.0,poseidon,condorpool,poseidon-worker-3-container-32-39,xgboost_hp_tuning,/srv/xgboost_hp_tuning,,2088.3,0,0,0.0,1346585653.0,40.0,3844.0,2.0,2014.0,53.4,3639420.7,4.0
stage_out_local_condorpool_0_0_pegasus-plan_ID0000012,None,transfer,0,1676938565.0,,,1676938570.0,,,0.0,1676938570.0,1676938580.0,1676938570.0,1676938575.0,2097.0,1676938580.0,1676938585.0,5.0,,0.0,10.0,5.0,,,5.0,8465.0,poseidon,local,host-10-100-100-12.openstacklocal,pegasus::transfer,/home/poseidon/pegasus-5.1.0panorama/bin/pegasus-transfer,/home/poseidon/pegasus-5.1.0panorama/bin/../bin/pegasus-kickstart  -n pegasus::transfer -N null -i - -R local  -L xgboost_hp_tuning_group_0 -T 2023-02-21T00:12:36+00:00 /home/poseidon/pegasus-5.1.0panorama/bin/../bin/pegasus-transfer  --threads 2,1.1,0,0,,,,,,,,,
stage_out_local_condorpool_0_1_pegasus-plan_ID0000012,None,transfer,0,1676938565.0,,,1676938570.0,,,0.0,1676938570.0,1676938580.0,1676938570.0,1676938575.0,2108.0,1676938580.0,1676938585.0,5.0,,0.0,10.0,5.0,,,5.0,8504.0,poseidon,local,host-10-100-100-12.openstacklocal,pegasus::transfer,/home/poseidon/pegasus-5.1.0panorama/bin/pegasus-transfer,/home/poseidon/pegasus-5.1.0panorama/bin/../bin/pegasus-kickstart  -n pegasus::transfer -N null -i - -R local  -L xgboost_hp_tuning_group_0 -T 2023-02-21T00:12:36+00:00 /home/poseidon/pegasus-5.1.0panorama/bin/../bin/pegasus-transfer  --threads 2,1.1,0,0,,,,,,,,,
xgboost_best_params_ID0000024_pegasus-plan_ID0000012,None,compute,0,1676938565.0,,,1676938570.0,1676938537.0,1676938555.0,36949208.3,1676938576.0,1676938615.0,1676938561.0,1676938566.0,255.0,1676938615.0,1676938620.0,5.0,,6.0,39.0,5.0,18.0,368018666.0,5.0,1079.0,poseidon,condorpool,poseidon-worker-3-container-8-15,xgboost_best_params,/srv/xgboost_best_params,,0.0,0,0,,,,,,,,,
stage_out_local_condorpool_0_2_pegasus-plan_ID0000012,None,transfer,0,1676938565.0,,,1676938570.0,,,0.0,1676938570.0,1676938580.0,1676938570.0,1676938574.0,1843.0,1676938580.0,1676938585.0,5.0,,0.0,10.0,5.0,,,4.0,7428.0,poseidon,local,host-10-100-100-12.openstacklocal,pegasus::transfer,/home/poseidon/pegasus-5.1.0panorama/bin/pegasus-transfer,/home/poseidon/pegasus-5.1.0panorama/bin/../bin/pegasus-kickstart  -n pegasus::transfer -N null -i - -R local  -L xgboost_hp_tuning_group_0 -T 2023-02-21T00:12:36+00:00 /home/poseidon/pegasus-5.1.0panorama/bin/../bin/pegasus-transfer  --threads 2,1.0,0,0,,,,,,,,,
register_condorpool_0_2_pegasus-plan_ID0000012,None,auxiliary,0,1676938585.0,,,1676938590.0,,,0.0,1676938590.0,1676938595.0,,,0.0,1676938595.0,1676938600.0,5.0,,0.0,5.0,5.0,,,,,poseidon,local,host-10-100-100-12.openstacklocal,pegasus::rc-client,/home/poseidon/pegasus-5.1.0panorama/bin/pegasus-rc-client,"-n pegasus::rc-client -N null -R local  -L xgboost_hp_tuning_group_0 -T 2023-02-21T00:12:36+00:00 /home/poseidon/pegasus-5.1.0panorama/bin/pegasus-rc-client --prefix pegasus.catalog.replica.output --conf /home/poseidon/workflows/predict-future-sales-workflow/submit/poseidon/pegasus/predict-future-sales/run0040/00/00/./xgboost_hp_tuning_group_0.000/pegasus.350352469515988911.properties -v --meta /home/poseidon/workflows/predict-future-sales-workflow/submit/poseidon/pegasus/predict-future-sales/run0040/00/00/./xgboost_hp_tuning_group_0.000/00/00/xgboost_hp_tuning_ID0000017.meta,/home/poseidon/workflows/predict-future-sales-workflow/submit/poseidon/pegasus/predict-future-sales/run0040/00/00/./xgboost_hp_tuning_group_0.000/00/00/xgboost_hp_tuning_ID0000022.meta,/home/poseidon/workflows/predict-future-sales-workflow/submit/poseidon/pegasus/predict-future-sales/run0040/00/00/./xgboost_hp_tuning_group_0.000/00/00/xgboost_hp_tuning_ID0000007.meta,/home/poseidon/workflows/predict-future-sales-workflow/submit/poseidon/pegasus/predict-future-sales/run0040/00/00/./xgboost_hp_tuning_group_0.000/00/00/xgboost_hp_tuning_ID0000020.meta,/home/poseidon/workflows/predict-future-sales-workflow/submit/poseidon/pegasus/predict-future-sales/run0040/00/00/./xgboost_hp_tuning_group_0.000/00/00/xgboost_hp_tuning_ID0000001.meta,/home/poseidon/workflows/predict-future-sales-workflow/submit/poseidon/pegasus/predict-future-sales/run0040/00/00/./xgboost_hp_tuning_group_0.000/00/00/xgboost_hp_tuning_ID0000004.meta,/home/poseidon/workflows/predict-future-sales-workflow/submit/poseidon/pegasus/predict-future-sales/run0040/00/00/./xgboost_hp_tuning_group_0.000/00/00/xgboost_hp_tuning_ID0000014.meta --insert /home/poseidon/workflows/predict-future-sales-workflow/submit/poseidon/pegasus/predict-future-sales/run0040/00/00/./xgboost_hp_tuning_group_0.000/00/00/register_condorpool_0_2.in",3.2,0,0,,,,,,,,,
register_condorpool_0_0_pegasus-plan_ID0000012,None,auxiliary,0,1676938585.0,,,1676938610.0,,,0.0,1676938614.0,1676938620.0,,,0.0,1676938620.0,1676938625.0,25.0,,4.0,6.0,5.0,,,,,poseidon,local,host-10-100-100-12.openstacklocal,pegasus::rc-client,/home/poseidon/pegasus-5.1.0panorama/bin/pegasus-rc-client,"-n pegasus::rc-client -N null -R local  -L xgboost_hp_tuning_group_0 -T 2023-02-21T00:12:36+00:00 /home/poseidon/pegasus-5.1.0panorama/bin/pegasus-rc-client --prefix pegasus.catalog.replica.output --conf /home/poseidon/workflows/predict-future-sales-workflow/submit/poseidon/pegasus/predict-future-sales/run0040/00/00/./xgboost_hp_tuning_group_0.000/pegasus.350352469515988911.properties -v --meta /home/poseidon/workflows/predict-future-sales-workflow/submit/poseidon/pegasus/predict-future-sales/run0040/00/00/./xgboost_hp_tuning_group_0.000/00/00/xgboost_hp_tuning_ID0000018.meta,/home/poseidon/workflows/predict-future-sales-workflow/submit/poseidon/pegasus/predict-future-sales/run0040/00/00/./xgboost_hp_tuning_group_0.000/00/00/xgboost_hp_tuning_ID0000002.meta,/home/poseidon/workflows/predict-future-sales-workflow/submit/poseidon/pegasus/predict-future-sales/run0040/00/00/./xgboost_hp_tuning_group_0.000/00/00/xgboost_hp_tuning_ID0000005.meta,/home/poseidon/workflows/predict-future-sales-workflow/submit/poseidon/pegasus/predict-future-sales/run0040/00/00/./xgboost_hp_tuning_group_0.000/00/00/xgboost_hp_tuning_ID0000009.meta,/home/poseidon/workflows/predict-future-sales-workflow/submit/poseidon/pegasus/predict-future-sales/run0040/00/00/./xgboost_hp_tuning_group_0.000/00/00/xgboost_hp_tuning_ID0000015.meta,/home/poseidon/workflows/predict-future-sales-workflow/submit/poseidon/pegasus/predict-future-sales/run0040/00/00/./xgboost_hp_tuning_group_0.000/00/00/xgboost_hp_tuning_ID0000012.meta,/home/poseidon/workflows/predict-future-sales-workflow/submit/poseidon/pegasus/predict-future-sales/run0040/00/00/./xgboost_hp_tuning_group_0.000/00/00/xgboost_hp_tuning_ID0000010.meta,/home/poseidon/workflows/predict-future-sales-workflow/submit/poseidon/pegasus/predict-future-sales/run0040/00/00/./xgboost_hp_tuning_group_0.000/00/00/xgboost_hp_tuning_ID0000008.meta --insert /home/poseidon/workflows/predict-future-sales-workflow/submit/poseidon/pegasus/predict-future-sales/run0040/00/00/./xgboost_hp_tuning_group_0.000/00/00/register_condorpool_0_0.in",3.1,0,0,,,,,,,,,
register_condorpool_0_1_pegasus-plan_ID0000012,None,auxiliary,0,1676938585.0,,,1676938600.0,,,0.0,1676938603.0,1676938605.0,,,0.0,1676938605.0,1676938610.0,15.0,,3.0,2.0,5.0,,,,,poseidon,local,host-10-100-100-12.openstacklocal,pegasus::rc-client,/home/poseidon/pegasus-5.1.0panorama/bin/pegasus-rc-client,"-n pegasus::rc-client -N null -R local  -L xgboost_hp_tuning_group_0 -T 2023-02-21T00:12:36+00:00 /home/poseidon/pegasus-5.1.0panorama/bin/pegasus-rc-client --prefix pegasus.catalog.replica.output --conf /home/poseidon/workflows/predict-future-sales-workflow/submit/poseidon/pegasus/predict-future-sales/run0040/00/00/./xgboost_hp_tuning_group_0.000/pegasus.350352469515988911.properties -v --meta /home/poseidon/workflows/predict-future-sales-workflow/submit/poseidon/pegasus/predict-future-sales/run0040/00/00/./xgboost_hp_tuning_group_0.000/00/00/xgboost_hp_tuning_ID0000013.meta,/home/poseidon/workflows/predict-future-sales-workflow/submit/poseidon/pegasus/predict-future-sales/run0040/00/00/./xgboost_hp_tuning_group_0.000/00/00/xgboost_hp_tuning_ID0000023.meta,/home/poseidon/workflows/predict-future-sales-workflow/submit/poseidon/pegasus/predict-future-sales/run0040/00/00/./xgboost_hp_tuning_group_0.000/00/00/xgboost_hp_tuning_ID0000011.meta,/home/poseidon/workflows/predict-future-sales-workflow/submit/poseidon/pegasus/predict-future-sales/run0040/00/00/./xgboost_hp_tuning_group_0.000/00/00/xgboost_hp_tuning_ID0000006.meta,/home/poseidon/workflows/predict-future-sales-workflow/submit/poseidon/pegasus/predict-future-sales/run0040/00/00/./xgboost_hp_tuning_group_0.000/00/00/xgboost_hp_tuning_ID0000003.meta,/home/poseidon/workflows/predict-future-sales-workflow/submit/poseidon/pegasus/predict-future-sales/run0040/00/00/./xgboost_hp_tuning_group_0.000/00/00/xgboost_hp_tuning_ID0000021.meta,/home/poseidon/workflows/predict-future-sales-workflow/submit/poseidon/pegasus/predict-future-sales/run0040/00/00/./xgboost_hp_tuning_group_0.000/00/00/xgboost_hp_tuning_ID0000019.meta,/home/poseidon/workflows/predict-future-sales-workflow/submit/poseidon/pegasus/predict-future-sales/run0040/00/00/./xgboost_hp_tuning_group_0.000/00/00/xgboost_hp_tuning_ID0000016.meta --insert /home/poseidon/workflows/predict-future-sales-workflow/submit/poseidon/pegasus/predict-future-sales/run0040/00/00/./xgboost_hp_tuning_group_0.000/00/00/register_condorpool_0_1.in",3.2,0,0,,,,,,,,,
stage_out_local_condorpool_0_2_pegasus-plan_ID0000016,None,transfer,0,1676938592.0,,,1676938598.0,,,0.0,1676938598.0,1676938608.0,1676938598.0,1676938602.0,1839.0,1676938608.0,1676938613.0,6.0,,0.0,10.0,5.0,,,4.0,7422.0,poseidon,local,host-10-100-100-12.openstacklocal,pegasus::transfer,/home/poseidon/pegasus-5.1.0panorama/bin/pegasus-transfer,/home/poseidon/pegasus-5.1.0panorama/bin/../bin/pegasus-kickstart  -n pegasus::transfer -N null -i - -R local  -L xgboost_hp_tuning_group_1 -T 2023-02-21T00:12:41+00:00 /home/poseidon/pegasus-5.1.0panorama/bin/../bin/pegasus-transfer  --threads 2,1.0,0,0,,,,,,,,,
stage_out_local_condorpool_0_0_pegasus-plan_ID0000016,None,transfer,0,1676938592.0,,,1676938597.0,,,0.0,1676938598.0,1676938608.0,1676938598.0,1676938602.0,2098.0,1676938608.0,1676938613.0,5.0,,1.0,10.0,5.0,,,4.0,8465.0,poseidon,local,host-10-100-100-12.openstacklocal,pegasus::transfer,/home/poseidon/pegasus-5.1.0panorama/bin/pegasus-transfer,/home/poseidon/pegasus-5.1.0panorama/bin/../bin/pegasus-kickstart  -n pegasus::transfer -N null -i - -R local  -L xgboost_hp_tuning_group_1 -T 2023-02-21T00:12:41+00:00 /home/poseidon/pegasus-5.1.0panorama/bin/../bin/pegasus-transfer  --threads 2,1.1,0,0,,,,,,,,,
xgboost_best_params_ID0000024_pegasus-plan_ID0000016,None,compute,0,1676938597.0,,,1676938603.0,1676938574.0,1676938592.0,37128951.0,1676938613.0,1676938653.0,1676938598.0,1676938602.0,250.0,1676938653.0,1676938658.0,6.0,,10.0,40.0,5.0,18.0,368018656.0,4.0,1061.0,poseidon,condorpool,poseidon-worker-3-container-8-15,xgboost_best_params,/srv/xgboost_best_params,,0.0,0,0,,,,,,,,,
stage_out_local_condorpool_0_1_pegasus-plan_ID0000016,None,transfer,0,1676938597.0,,,1676938603.0,,,0.0,1676938604.0,1676938618.0,1676938605.0,1676938609.0,2106.0,1676938618.0,1676938623.0,6.0,,1.0,14.0,5.0,,,4.0,8500.0,poseidon,local,host-10-100-100-12.openstacklocal,pegasus::transfer,/home/poseidon/pegasus-5.1.0panorama/bin/pegasus-transfer,/home/poseidon/pegasus-5.1.0panorama/bin/../bin/pegasus-kickstart  -n pegasus::transfer -N null -i - -R local  -L xgboost_hp_tuning_group_1 -T 2023-02-21T00:12:41+00:00 /home/poseidon/pegasus-5.1.0panorama/bin/../bin/pegasus-transfer  --threads 2,1.1,0,0,,,,,,,,,
register_condorpool_0_0_pegasus-plan_ID0000016,None,auxiliary,0,1676938613.0,,,1676938628.0,,,0.0,1676938631.0,1676938633.0,,,0.0,1676938633.0,1676938638.0,15.0,,3.0,2.0,5.0,,,,,poseidon,local,host-10-100-100-12.openstacklocal,pegasus::rc-client,/home/poseidon/pegasus-5.1.0panorama/bin/pegasus-rc-client,"-n pegasus::rc-client -N null -R local  -L xgboost_hp_tuning_group_1 -T 2023-02-21T00:12:41+00:00 /home/poseidon/pegasus-5.1.0panorama/bin/pegasus-rc-client --prefix pegasus.catalog.replica.output --conf /home/poseidon/workflows/predict-future-sales-workflow/submit/poseidon/pegasus/predict-future-sales/run0040/00/00/./xgboost_hp_tuning_group_1.000/pegasus.12856845571076026416.properties -v --meta /home/poseidon/workflows/predict-future-sales-workflow/submit/poseidon/pegasus/predict-future-sales/run0040/00/00/./xgboost_hp_tuning_group_1.000/00/00/xgboost_hp_tuning_ID0000018.meta,/home/poseidon/workflows/predict-future-sales-workflow/submit/poseidon/pegasus/predict-future-sales/run0040/00/00/./xgboost_hp_tuning_group_1.000/00/00/xgboost_hp_tuning_ID0000002.meta,/home/poseidon/workflows/predict-future-sales-workflow/submit/poseidon/pegasus/predict-future-sales/run0040/00/00/./xgboost_hp_tuning_group_1.000/00/00/xgboost_hp_tuning_ID0000005.meta,/home/poseidon/workflows/predict-future-sales-workflow/submit/poseidon/pegasus/predict-future-sales/run0040/00/00/./xgboost_hp_tuning_group_1.000/00/00/xgboost_hp_tuning_ID0000009.meta,/home/poseidon/workflows/predict-future-sales-workflow/submit/poseidon/pegasus/predict-future-sales/run0040/00/00/./xgboost_hp_tuning_group_1.000/00/00/xgboost_hp_tuning_ID0000015.meta,/home/poseidon/workflows/predict-future-sales-workflow/submit/poseidon/pegasus/predict-future-sales/run0040/00/00/./xgboost_hp_tuning_group_1.000/00/00/xgboost_hp_tuning_ID0000012.meta,/home/poseidon/workflows/predict-future-sales-workflow/submit/poseidon/pegasus/predict-future-sales/run0040/00/00/./xgboost_hp_tuning_group_1.000/00/00/xgboost_hp_tuning_ID0000010.meta,/home/poseidon/workflows/predict-future-sales-workflow/submit/poseidon/pegasus/predict-future-sales/run0040/00/00/./xgboost_hp_tuning_group_1.000/00/00/xgboost_hp_tuning_ID0000008.meta --insert /home/poseidon/workflows/predict-future-sales-workflow/submit/poseidon/pegasus/predict-future-sales/run0040/00/00/./xgboost_hp_tuning_group_1.000/00/00/register_condorpool_0_0.in",3.1,0,0,,,,,,,,,
register_condorpool_0_2_pegasus-plan_ID0000016,None,auxiliary,0,1676938613.0,,,1676938618.0,,,0.0,1676938618.0,1676938623.0,,,0.0,1676938623.0,1676938628.0,5.0,,0.0,5.0,5.0,,,,,poseidon,local,host-10-100-100-12.openstacklocal,pegasus::rc-client,/home/poseidon/pegasus-5.1.0panorama/bin/pegasus-rc-client,"-n pegasus::rc-client -N null -R local  -L xgboost_hp_tuning_group_1 -T 2023-02-21T00:12:41+00:00 /home/poseidon/pegasus-5.1.0panorama/bin/pegasus-rc-client --prefix pegasus.catalog.replica.output --conf /home/poseidon/workflows/predict-future-sales-workflow/submit/poseidon/pegasus/predict-future-sales/run0040/00/00/./xgboost_hp_tuning_group_1.000/pegasus.12856845571076026416.properties -v --meta /home/poseidon/workflows/predict-future-sales-workflow/submit/poseidon/pegasus/predict-future-sales/run0040/00/00/./xgboost_hp_tuning_group_1.000/00/00/xgboost_hp_tuning_ID0000017.meta,/home/poseidon/workflows/predict-future-sales-workflow/submit/poseidon/pegasus/predict-future-sales/run0040/00/00/./xgboost_hp_tuning_group_1.000/00/00/xgboost_hp_tuning_ID0000022.meta,/home/poseidon/workflows/predict-future-sales-workflow/submit/poseidon/pegasus/predict-future-sales/run0040/00/00/./xgboost_hp_tuning_group_1.000/00/00/xgboost_hp_tuning_ID0000007.meta,/home/poseidon/workflows/predict-future-sales-workflow/submit/poseidon/pegasus/predict-future-sales/run0040/00/00/./xgboost_hp_tuning_group_1.000/00/00/xgboost_hp_tuning_ID0000020.meta,/home/poseidon/workflows/predict-future-sales-workflow/submit/poseidon/pegasus/predict-future-sales/run0040/00/00/./xgboost_hp_tuning_group_1.000/00/00/xgboost_hp_tuning_ID0000001.meta,/home/poseidon/workflows/predict-future-sales-workflow/submit/poseidon/pegasus/predict-future-sales/run0040/00/00/./xgboost_hp_tuning_group_1.000/00/00/xgboost_hp_tuning_ID0000004.meta,/home/poseidon/workflows/predict-future-sales-workflow/submit/poseidon/pegasus/predict-future-sales/run0040/00/00/./xgboost_hp_tuning_group_1.000/00/00/xgboost_hp_tuning_ID0000014.meta --insert /home/poseidon/workflows/predict-future-sales-workflow/submit/poseidon/pegasus/predict-future-sales/run0040/00/00/./xgboost_hp_tuning_group_1.000/00/00/register_condorpool_0_2.in",3.1,0,0,,,,,,,,,
stage_out_local_condorpool_1_0_pegasus-plan_ID0000012,None,transfer,0,1676938620.0,,,1676938625.0,,,0.0,1676938625.0,1676938635.0,1676938626.0,1676938630.0,1261.0,1676938635.0,1676938640.0,5.0,,0.0,10.0,5.0,,,4.0,5395.0,poseidon,local,host-10-100-100-12.openstacklocal,pegasus::transfer,/home/poseidon/pegasus-5.1.0panorama/bin/pegasus-transfer,/home/poseidon/pegasus-5.1.0panorama/bin/../bin/pegasus-kickstart  -n pegasus::transfer -N null -i - -R local  -L xgboost_hp_tuning_group_0 -T 2023-02-21T00:12:36+00:00 /home/poseidon/pegasus-5.1.0panorama/bin/../bin/pegasus-transfer  --threads 2,0.7,0,0,,,,,,,,,
register_condorpool_0_1_pegasus-plan_ID0000016,None,auxiliary,0,1676938623.0,,,1676938638.0,,,0.0,1676938639.0,1676938643.0,,,0.0,1676938643.0,1676938648.0,15.0,,1.0,4.0,5.0,,,,,poseidon,local,host-10-100-100-12.openstacklocal,pegasus::rc-client,/home/poseidon/pegasus-5.1.0panorama/bin/pegasus-rc-client,"-n pegasus::rc-client -N null -R local  -L xgboost_hp_tuning_group_1 -T 2023-02-21T00:12:41+00:00 /home/poseidon/pegasus-5.1.0panorama/bin/pegasus-rc-client --prefix pegasus.catalog.replica.output --conf /home/poseidon/workflows/predict-future-sales-workflow/submit/poseidon/pegasus/predict-future-sales/run0040/00/00/./xgboost_hp_tuning_group_1.000/pegasus.12856845571076026416.properties -v --meta /home/poseidon/workflows/predict-future-sales-workflow/submit/poseidon/pegasus/predict-future-sales/run0040/00/00/./xgboost_hp_tuning_group_1.000/00/00/xgboost_hp_tuning_ID0000013.meta,/home/poseidon/workflows/predict-future-sales-workflow/submit/poseidon/pegasus/predict-future-sales/run0040/00/00/./xgboost_hp_tuning_group_1.000/00/00/xgboost_hp_tuning_ID0000023.meta,/home/poseidon/workflows/predict-future-sales-workflow/submit/poseidon/pegasus/predict-future-sales/run0040/00/00/./xgboost_hp_tuning_group_1.000/00/00/xgboost_hp_tuning_ID0000011.meta,/home/poseidon/workflows/predict-future-sales-workflow/submit/poseidon/pegasus/predict-future-sales/run0040/00/00/./xgboost_hp_tuning_group_1.000/00/00/xgboost_hp_tuning_ID0000006.meta,/home/poseidon/workflows/predict-future-sales-workflow/submit/poseidon/pegasus/predict-future-sales/run0040/00/00/./xgboost_hp_tuning_group_1.000/00/00/xgboost_hp_tuning_ID0000003.meta,/home/poseidon/workflows/predict-future-sales-workflow/submit/poseidon/pegasus/predict-future-sales/run0040/00/00/./xgboost_hp_tuning_group_1.000/00/00/xgboost_hp_tuning_ID0000021.meta,/home/poseidon/workflows/predict-future-sales-workflow/submit/poseidon/pegasus/predict-future-sales/run0040/00/00/./xgboost_hp_tuning_group_1.000/00/00/xgboost_hp_tuning_ID0000019.meta,/home/poseidon/workflows/predict-future-sales-workflow/submit/poseidon/pegasus/predict-future-sales/run0040/00/00/./xgboost_hp_tuning_group_1.000/00/00/xgboost_hp_tuning_ID0000016.meta --insert /home/poseidon/workflows/predict-future-sales-workflow/submit/poseidon/pegasus/predict-future-sales/run0040/00/00/./xgboost_hp_tuning_group_1.000/00/00/register_condorpool_0_1.in",3.1,0,0,,,,,,,,,
register_condorpool_1_0_pegasus-plan_ID0000012,None,auxiliary,0,1676938640.0,,,1676938645.0,,,0.0,1676938646.0,1676938650.0,,,0.0,1676938650.0,1676938655.0,5.0,,1.0,4.0,5.0,,,,,poseidon,local,host-10-100-100-12.openstacklocal,pegasus::rc-client,/home/poseidon/pegasus-5.1.0panorama/bin/pegasus-rc-client,-n pegasus::rc-client -N null -R local  -L xgboost_hp_tuning_group_0 -T 2023-02-21T00:12:36+00:00 /home/poseidon/pegasus-5.1.0panorama/bin/pegasus-rc-client --prefix pegasus.catalog.replica.output --conf /home/poseidon/workflows/predict-future-sales-workflow/submit/poseidon/pegasus/predict-future-sales/run0040/00/00/./xgboost_hp_tuning_group_0.000/pegasus.350352469515988911.properties -v --meta /home/poseidon/workflows/predict-future-sales-workflow/submit/poseidon/pegasus/predict-future-sales/run0040/00/00/./xgboost_hp_tuning_group_0.000/00/00/xgboost_best_params_ID0000024.meta --insert /home/poseidon/workflows/predict-future-sales-workflow/submit/poseidon/pegasus/predict-future-sales/run0040/00/00/./xgboost_hp_tuning_group_0.000/00/00/register_condorpool_1_0.in,3.0,0,0,,,,,,,,,
stage_out_local_condorpool_1_0_pegasus-plan_ID0000016,None,transfer,0,1676938658.0,,,1676938663.0,,,0.0,1676938663.0,1676938673.0,1676938663.0,1676938668.0,1235.0,1676938673.0,1676938678.0,5.0,,0.0,10.0,5.0,,,5.0,5305.0,poseidon,local,host-10-100-100-12.openstacklocal,pegasus::transfer,/home/poseidon/pegasus-5.1.0panorama/bin/pegasus-transfer,/home/poseidon/pegasus-5.1.0panorama/bin/../bin/pegasus-kickstart  -n pegasus::transfer -N null -i - -R local  -L xgboost_hp_tuning_group_1 -T 2023-02-21T00:12:41+00:00 /home/poseidon/pegasus-5.1.0panorama/bin/../bin/pegasus-transfer  --threads 2,0.7,0,0,,,,,,,,,
xgboost_model_ID0000013,None,compute,0,1676938659.0,,,1676938664.0,1676938889.0,1676938909.0,46521086.8,1676938928.0,1676938974.0,1676938923.0,1676938928.0,493345.0,1676938974.0,1676938979.0,5.0,,264.0,46.0,5.0,20.0,502671209.0,5.0,2242555.0,poseidon,condorpool,poseidon-worker-2-container-32-39,xgboost_model,/srv/xgboost_model,,32.0,0,0,,,,,,,,,
register_condorpool_1_0_pegasus-plan_ID0000016,None,auxiliary,0,1676938678.0,,,1676938683.0,,,0.0,1676938683.0,1676938688.0,,,0.0,1676938688.0,1676938693.0,5.0,,0.0,5.0,5.0,,,,,poseidon,local,host-10-100-100-12.openstacklocal,pegasus::rc-client,/home/poseidon/pegasus-5.1.0panorama/bin/pegasus-rc-client,-n pegasus::rc-client -N null -R local  -L xgboost_hp_tuning_group_1 -T 2023-02-21T00:12:41+00:00 /home/poseidon/pegasus-5.1.0panorama/bin/pegasus-rc-client --prefix pegasus.catalog.replica.output --conf /home/poseidon/workflows/predict-future-sales-workflow/submit/poseidon/pegasus/predict-future-sales/run0040/00/00/./xgboost_hp_tuning_group_1.000/pegasus.12856845571076026416.properties -v --meta /home/poseidon/workflows/predict-future-sales-workflow/submit/poseidon/pegasus/predict-future-sales/run0040/00/00/./xgboost_hp_tuning_group_1.000/00/00/xgboost_best_params_ID0000024.meta --insert /home/poseidon/workflows/predict-future-sales-workflow/submit/poseidon/pegasus/predict-future-sales/run0040/00/00/./xgboost_hp_tuning_group_1.000/00/00/register_condorpool_1_0.in,2.9,0,0,,,,,,,,,
xgboost_model_ID0000017,None,compute,0,1676938694.0,,,1676938699.0,1676938906.0,1676938925.0,42533887.8,1676938944.0,1676938989.0,1676938935.0,1676938940.0,29601.0,1676938989.0,1676938994.0,5.0,,245.0,45.0,5.0,19.0,377645128.0,5.0,130275.0,poseidon,condorpool,poseidon-worker-2-container-0-7,xgboost_model,/srv/xgboost_model,,10.9,0,0,,,,,,,,,
model_predict_ID0000014,None,compute,0,1676938979.0,,,1676938984.0,1676938947.0,1676938966.0,42174718.2,1676938986.0,1676939029.0,1676938974.0,1676938979.0,105341.0,1676939029.0,1676939034.0,5.0,,2.0,43.0,5.0,19.0,372429926.0,5.0,451213.0,poseidon,condorpool,poseidon-worker-3-container-0-7,model_predict,/srv/model_predict,,2.7,0,0,,,,,,,,,
model_predict_ID0000018,None,compute,0,1676938994.0,,,1676938999.0,1676938962.0,1676938979.0,41649922.0,1676939000.0,1676939039.0,1676938987.0,1676938991.0,5916.0,1676939039.0,1676939044.0,5.0,,1.0,39.0,5.0,17.0,368232561.0,4.0,25035.0,poseidon,condorpool,poseidon-worker-2-container-0-7,model_predict,/srv/model_predict,,2.9,0,0,,,,,,,,,
stage_out_local_condorpool_0_0_pegasus-plan_ID0000020,None,transfer,0,1676939319.0,,,1676939324.0,,,0.0,1676939324.0,1676939334.0,1676939324.0,1676939328.0,2097.0,1676939334.0,1676939339.0,5.0,,0.0,10.0,5.0,,,4.0,8459.0,poseidon,local,host-10-100-100-12.openstacklocal,pegasus::transfer,/home/poseidon/pegasus-5.1.0panorama/bin/pegasus-transfer,/home/poseidon/pegasus-5.1.0panorama/bin/../bin/pegasus-kickstart  -n pegasus::transfer -N null -i - -R local  -L xgboost_hp_tuning_group_2 -T 2023-02-21T00:12:41+00:00 /home/poseidon/pegasus-5.1.0panorama/bin/../bin/pegasus-transfer  --threads 2,1.0,0,0,,,,,,,,,
stage_out_local_condorpool_0_2_pegasus-plan_ID0000020,None,transfer,0,1676939334.0,,,1676939339.0,,,0.0,1676939340.0,1676939350.0,1676939340.0,1676939344.0,1841.0,1676939350.0,1676939355.0,5.0,,1.0,10.0,5.0,,,4.0,7427.0,poseidon,local,host-10-100-100-12.openstacklocal,pegasus::transfer,/home/poseidon/pegasus-5.1.0panorama/bin/pegasus-transfer,/home/poseidon/pegasus-5.1.0panorama/bin/../bin/pegasus-kickstart  -n pegasus::transfer -N null -i - -R local  -L xgboost_hp_tuning_group_2 -T 2023-02-21T00:12:41+00:00 /home/poseidon/pegasus-5.1.0panorama/bin/../bin/pegasus-transfer  --threads 2,0.9,0,0,,,,,,,,,
register_condorpool_0_0_pegasus-plan_ID0000020,None,auxiliary,0,1676939339.0,,,1676939345.0,,,0.0,1676939345.0,1676939350.0,,,0.0,1676939350.0,1676939355.0,6.0,,0.0,5.0,5.0,,,,,poseidon,local,host-10-100-100-12.openstacklocal,pegasus::rc-client,/home/poseidon/pegasus-5.1.0panorama/bin/pegasus-rc-client,"-n pegasus::rc-client -N null -R local  -L xgboost_hp_tuning_group_2 -T 2023-02-21T00:12:41+00:00 /home/poseidon/pegasus-5.1.0panorama/bin/pegasus-rc-client --prefix pegasus.catalog.replica.output --conf /home/poseidon/workflows/predict-future-sales-workflow/submit/poseidon/pegasus/predict-future-sales/run0040/00/00/./xgboost_hp_tuning_group_2.000/pegasus.14736173633684249652.properties -v --meta /home/poseidon/workflows/predict-future-sales-workflow/submit/poseidon/pegasus/predict-future-sales/run0040/00/00/./xgboost_hp_tuning_group_2.000/00/00/xgboost_hp_tuning_ID0000018.meta,/home/poseidon/workflows/predict-future-sales-workflow/submit/poseidon/pegasus/predict-future-sales/run0040/00/00/./xgboost_hp_tuning_group_2.000/00/00/xgboost_hp_tuning_ID0000002.meta,/home/poseidon/workflows/predict-future-sales-workflow/submit/poseidon/pegasus/predict-future-sales/run0040/00/00/./xgboost_hp_tuning_group_2.000/00/00/xgboost_hp_tuning_ID0000005.meta,/home/poseidon/workflows/predict-future-sales-workflow/submit/poseidon/pegasus/predict-future-sales/run0040/00/00/./xgboost_hp_tuning_group_2.000/00/00/xgboost_hp_tuning_ID0000009.meta,/home/poseidon/workflows/predict-future-sales-workflow/submit/poseidon/pegasus/predict-future-sales/run0040/00/00/./xgboost_hp_tuning_group_2.000/00/00/xgboost_hp_tuning_ID0000015.meta,/home/poseidon/workflows/predict-future-sales-workflow/submit/poseidon/pegasus/predict-future-sales/run0040/00/00/./xgboost_hp_tuning_group_2.000/00/00/xgboost_hp_tuning_ID0000012.meta,/home/poseidon/workflows/predict-future-sales-workflow/submit/poseidon/pegasus/predict-future-sales/run0040/00/00/./xgboost_hp_tuning_group_2.000/00/00/xgboost_hp_tuning_ID0000010.meta,/home/poseidon/workflows/predict-future-sales-workflow/submit/poseidon/pegasus/predict-future-sales/run0040/00/00/./xgboost_hp_tuning_group_2.000/00/00/xgboost_hp_tuning_ID0000008.meta --insert /home/poseidon/workflows/predict-future-sales-workflow/submit/poseidon/pegasus/predict-future-sales/run0040/00/00/./xgboost_hp_tuning_group_2.000/00/00/register_condorpool_0_0.in",3.0,0,0,,,,,,,,,
register_condorpool_0_2_pegasus-plan_ID0000020,None,auxiliary,0,1676939355.0,,,1676939360.0,,,0.0,1676939360.0,1676939365.0,,,0.0,1676939365.0,1676939370.0,5.0,,0.0,5.0,5.0,,,,,poseidon,local,host-10-100-100-12.openstacklocal,pegasus::rc-client,/home/poseidon/pegasus-5.1.0panorama/bin/pegasus-rc-client,"-n pegasus::rc-client -N null -R local  -L xgboost_hp_tuning_group_2 -T 2023-02-21T00:12:41+00:00 /home/poseidon/pegasus-5.1.0panorama/bin/pegasus-rc-client --prefix pegasus.catalog.replica.output --conf /home/poseidon/workflows/predict-future-sales-workflow/submit/poseidon/pegasus/predict-future-sales/run0040/00/00/./xgboost_hp_tuning_group_2.000/pegasus.14736173633684249652.properties -v --meta /home/poseidon/workflows/predict-future-sales-workflow/submit/poseidon/pegasus/predict-future-sales/run0040/00/00/./xgboost_hp_tuning_group_2.000/00/00/xgboost_hp_tuning_ID0000017.meta,/home/poseidon/workflows/predict-future-sales-workflow/submit/poseidon/pegasus/predict-future-sales/run0040/00/00/./xgboost_hp_tuning_group_2.000/00/00/xgboost_hp_tuning_ID0000022.meta,/home/poseidon/workflows/predict-future-sales-workflow/submit/poseidon/pegasus/predict-future-sales/run0040/00/00/./xgboost_hp_tuning_group_2.000/00/00/xgboost_hp_tuning_ID0000007.meta,/home/poseidon/workflows/predict-future-sales-workflow/submit/poseidon/pegasus/predict-future-sales/run0040/00/00/./xgboost_hp_tuning_group_2.000/00/00/xgboost_hp_tuning_ID0000020.meta,/home/poseidon/workflows/predict-future-sales-workflow/submit/poseidon/pegasus/predict-future-sales/run0040/00/00/./xgboost_hp_tuning_group_2.000/00/00/xgboost_hp_tuning_ID0000001.meta,/home/poseidon/workflows/predict-future-sales-workflow/submit/poseidon/pegasus/predict-future-sales/run0040/00/00/./xgboost_hp_tuning_group_2.000/00/00/xgboost_hp_tuning_ID0000004.meta,/home/poseidon/workflows/predict-future-sales-workflow/submit/poseidon/pegasus/predict-future-sales/run0040/00/00/./xgboost_hp_tuning_group_2.000/00/00/xgboost_hp_tuning_ID0000014.meta --insert /home/poseidon/workflows/predict-future-sales-workflow/submit/poseidon/pegasus/predict-future-sales/run0040/00/00/./xgboost_hp_tuning_group_2.000/00/00/register_condorpool_0_2.in",2.9,0,0,,,,,,,,,
xgboost_best_params_ID0000024_pegasus-plan_ID0000020,None,compute,0,1676939370.0,,,1676939375.0,1676939338.0,1676939355.0,37104771.7,1676939377.0,1676939415.0,1676939361.0,1676939366.0,255.0,1676939415.0,1676939420.0,5.0,,2.0,38.0,5.0,17.0,368018659.0,5.0,1059.0,poseidon,condorpool,poseidon-worker-3-container-16-23,xgboost_best_params,/srv/xgboost_best_params,,0.0,0,0,,,,,,,,,
stage_out_local_condorpool_0_1_pegasus-plan_ID0000020,None,transfer,0,1676939370.0,,,1676939375.0,,,0.0,1676939375.0,1676939385.0,1676939375.0,1676939379.0,2108.0,1676939385.0,1676939390.0,5.0,,0.0,10.0,5.0,,,4.0,8504.0,poseidon,local,host-10-100-100-12.openstacklocal,pegasus::transfer,/home/poseidon/pegasus-5.1.0panorama/bin/pegasus-transfer,/home/poseidon/pegasus-5.1.0panorama/bin/../bin/pegasus-kickstart  -n pegasus::transfer -N null -i - -R local  -L xgboost_hp_tuning_group_2 -T 2023-02-21T00:12:41+00:00 /home/poseidon/pegasus-5.1.0panorama/bin/../bin/pegasus-transfer  --threads 2,1.0,0,0,,,,,,,,,
register_condorpool_0_1_pegasus-plan_ID0000020,None,auxiliary,0,1676939390.0,,,1676939395.0,,,0.0,1676939395.0,1676939400.0,,,0.0,1676939400.0,1676939405.0,5.0,,0.0,5.0,5.0,,,,,poseidon,local,host-10-100-100-12.openstacklocal,pegasus::rc-client,/home/poseidon/pegasus-5.1.0panorama/bin/pegasus-rc-client,"-n pegasus::rc-client -N null -R local  -L xgboost_hp_tuning_group_2 -T 2023-02-21T00:12:41+00:00 /home/poseidon/pegasus-5.1.0panorama/bin/pegasus-rc-client --prefix pegasus.catalog.replica.output --conf /home/poseidon/workflows/predict-future-sales-workflow/submit/poseidon/pegasus/predict-future-sales/run0040/00/00/./xgboost_hp_tuning_group_2.000/pegasus.14736173633684249652.properties -v --meta /home/poseidon/workflows/predict-future-sales-workflow/submit/poseidon/pegasus/predict-future-sales/run0040/00/00/./xgboost_hp_tuning_group_2.000/00/00/xgboost_hp_tuning_ID0000013.meta,/home/poseidon/workflows/predict-future-sales-workflow/submit/poseidon/pegasus/predict-future-sales/run0040/00/00/./xgboost_hp_tuning_group_2.000/00/00/xgboost_hp_tuning_ID0000023.meta,/home/poseidon/workflows/predict-future-sales-workflow/submit/poseidon/pegasus/predict-future-sales/run0040/00/00/./xgboost_hp_tuning_group_2.000/00/00/xgboost_hp_tuning_ID0000011.meta,/home/poseidon/workflows/predict-future-sales-workflow/submit/poseidon/pegasus/predict-future-sales/run0040/00/00/./xgboost_hp_tuning_group_2.000/00/00/xgboost_hp_tuning_ID0000006.meta,/home/poseidon/workflows/predict-future-sales-workflow/submit/poseidon/pegasus/predict-future-sales/run0040/00/00/./xgboost_hp_tuning_group_2.000/00/00/xgboost_hp_tuning_ID0000003.meta,/home/poseidon/workflows/predict-future-sales-workflow/submit/poseidon/pegasus/predict-future-sales/run0040/00/00/./xgboost_hp_tuning_group_2.000/00/00/xgboost_hp_tuning_ID0000021.meta,/home/poseidon/workflows/predict-future-sales-workflow/submit/poseidon/pegasus/predict-future-sales/run0040/00/00/./xgboost_hp_tuning_group_2.000/00/00/xgboost_hp_tuning_ID0000019.meta,/home/poseidon/workflows/predict-future-sales-workflow/submit/poseidon/pegasus/predict-future-sales/run0040/00/00/./xgboost_hp_tuning_group_2.000/00/00/xgboost_hp_tuning_ID0000016.meta --insert /home/poseidon/workflows/predict-future-sales-workflow/submit/poseidon/pegasus/predict-future-sales/run0040/00/00/./xgboost_hp_tuning_group_2.000/00/00/register_condorpool_0_1.in",3.1,0,0,,,,,,,,,
stage_out_local_condorpool_1_0_pegasus-plan_ID0000020,None,transfer,0,1676939420.0,,,1676939425.0,,,0.0,1676939425.0,1676939435.0,1676939425.0,1676939429.0,1242.0,1676939435.0,1676939440.0,5.0,,0.0,10.0,5.0,,,4.0,5295.0,poseidon,local,host-10-100-100-12.openstacklocal,pegasus::transfer,/home/poseidon/pegasus-5.1.0panorama/bin/pegasus-transfer,/home/poseidon/pegasus-5.1.0panorama/bin/../bin/pegasus-kickstart  -n pegasus::transfer -N null -i - -R local  -L xgboost_hp_tuning_group_2 -T 2023-02-21T00:12:41+00:00 /home/poseidon/pegasus-5.1.0panorama/bin/../bin/pegasus-transfer  --threads 2,0.7,0,0,,,,,,,,,
register_condorpool_1_0_pegasus-plan_ID0000020,None,auxiliary,0,1676939440.0,,,1676939445.0,,,0.0,1676939445.0,1676939450.0,,,0.0,1676939450.0,1676939455.0,5.0,,0.0,5.0,5.0,,,,,poseidon,local,host-10-100-100-12.openstacklocal,pegasus::rc-client,/home/poseidon/pegasus-5.1.0panorama/bin/pegasus-rc-client,-n pegasus::rc-client -N null -R local  -L xgboost_hp_tuning_group_2 -T 2023-02-21T00:12:41+00:00 /home/poseidon/pegasus-5.1.0panorama/bin/pegasus-rc-client --prefix pegasus.catalog.replica.output --conf /home/poseidon/workflows/predict-future-sales-workflow/submit/poseidon/pegasus/predict-future-sales/run0040/00/00/./xgboost_hp_tuning_group_2.000/pegasus.14736173633684249652.properties -v --meta /home/poseidon/workflows/predict-future-sales-workflow/submit/poseidon/pegasus/predict-future-sales/run0040/00/00/./xgboost_hp_tuning_group_2.000/00/00/xgboost_best_params_ID0000024.meta --insert /home/poseidon/workflows/predict-future-sales-workflow/submit/poseidon/pegasus/predict-future-sales/run0040/00/00/./xgboost_hp_tuning_group_2.000/00/00/register_condorpool_1_0.in,2.9,0,0,,,,,,,,,
xgboost_model_ID0000021,None,compute,0,1676939459.0,,,1676939465.0,1676939428.0,1676939461.0,69069154.4,1676939466.0,1676939645.0,1676939592.0,1676939597.0,1531400.0,1676939645.0,1676939650.0,6.0,,1.0,179.0,5.0,33.0,1691152080.0,5.0,6994551.0,poseidon,condorpool,poseidon-worker-3-container-16-23,xgboost_model,/srv/xgboost_model,,743.0,0,0,0.1,1348836846.0,24449.0,5356.0,8.0,717.8,14.5,11240307.0,2444.9
stage_out_local_local_5_0,None,transfer,0,1676939459.0,,,1676939465.0,,,0.0,1676939465.0,1676939475.0,1676939465.0,1676939469.0,793.0,1676939475.0,1676939480.0,6.0,,0.0,10.0,5.0,,,4.0,3199.0,poseidon,local,host-10-100-100-12.openstacklocal,pegasus::transfer,/home/poseidon/pegasus-5.1.0panorama/bin/pegasus-transfer,pegasus-kickstart  -n pegasus::transfer -N null -i - -R local  -L predict-future-sales -T 2023-02-17T19:59:06+00:00 pegasus-transfer  --threads 2,0.3,0,0,,,,,,,,,
cleanup_predict-future-sales_0_local,None,auxiliary,0,1676939480.0,,,1676939485.0,,,0.0,1676939485.0,1676939495.0,,,0.0,1676939495.0,1676939500.0,5.0,,0.0,10.0,5.0,,,,,poseidon,local,host-10-100-100-12.openstacklocal,pegasus::cleanup,/home/poseidon/pegasus-5.1.0panorama/bin/pegasus-transfer,pegasus-kickstart  -n pegasus::cleanup -N null -i - -R local  -L predict-future-sales -T 2023-02-17T19:59:06+00:00 pegasus-transfer,0.3,0,0,,,,,,,,,
model_predict_ID0000022,None,compute,0,1676939650.0,,,1676939655.0,1676939618.0,1676939637.0,40649171.7,1676939657.0,1676939700.0,1676939645.0,1676939650.0,1247507.0,1676939700.0,1676939705.0,5.0,,2.0,43.0,5.0,19.0,401999243.0,5.0,5523764.0,poseidon,condorpool,poseidon-worker-3-container-16-23,model_predict,/srv/model_predict,,3.9,0,0,,,,,,,,,
stage_out_local_condorpool_6_0,None,transfer,0,1676939650.0,,,1676939655.0,,,0.0,1676939655.0,1676939665.0,1676939656.0,1676939660.0,2321515.0,1676939665.0,1676939670.0,5.0,,0.0,10.0,5.0,,,4.0,9367381.0,poseidon,local,host-10-100-100-12.openstacklocal,pegasus::transfer,/home/poseidon/pegasus-5.1.0panorama/bin/pegasus-transfer,pegasus-kickstart  -n pegasus::transfer -N null -i - -R local  -L predict-future-sales -T 2023-02-17T19:59:06+00:00 pegasus-transfer  --threads 2,0.9,0,0,,,,,,,,,
stage_out_local_condorpool_7_0,None,transfer,0,1676939705.0,,,1676939710.0,,,0.0,1676939710.0,1676939720.0,1676939710.0,1676939714.0,1487732.0,1676939720.0,1676939725.0,5.0,,0.0,10.0,5.0,,,4.0,6000012.0,poseidon,local,host-10-100-100-12.openstacklocal,pegasus::transfer,/home/poseidon/pegasus-5.1.0panorama/bin/pegasus-transfer,pegasus-kickstart  -n pegasus::transfer -N null -i - -R local  -L predict-future-sales -T 2023-02-17T19:59:06+00:00 pegasus-transfer  --threads 2,0.6,0,0,,,,,,,,,
predict_merge_ID0000023,None,compute,0,1676939705.0,,,1676939710.0,1676939673.0,1676939691.0,38033089.7,1676939711.0,1676939750.0,1676939698.0,1676939703.0,853331.0,1676939750.0,1676939755.0,5.0,,1.0,39.0,5.0,18.0,377176763.0,5.0,3765220.0,poseidon,condorpool,poseidon-worker-3-container-16-23,predict_merge,/srv/predict_merge,,1.4,0,0,,,,,,,,,
stage_out_local_condorpool_8_0,None,transfer,0,1676939755.0,,,1676939760.0,,,0.0,1676939760.0,1676939770.0,1676939761.0,1676939763.0,1742791.0,1676939770.0,1676939775.0,5.0,,0.0,10.0,5.0,,,2.0,3765220.0,poseidon,local,host-10-100-100-12.openstacklocal,pegasus::transfer,/home/poseidon/pegasus-5.1.0panorama/bin/pegasus-transfer,pegasus-kickstart  -n pegasus::transfer -N null -i - -R local  -L predict-future-sales -T 2023-02-17T19:59:06+00:00 pegasus-transfer  --threads 2,0.4,0,0,,,,,,,,,
cleanup_predict-future-sales_0_condorpool,None,auxiliary,0,1676939775.0,,,1676939781.0,,,0.0,1676939781.0,1676939791.0,,,0.0,1676939791.0,1676939796.0,6.0,,0.0,10.0,5.0,,,,,poseidon,local,host-10-100-100-12.openstacklocal,pegasus::cleanup,/home/poseidon/pegasus-5.1.0panorama/bin/pegasus-transfer,pegasus-kickstart  -n pegasus::cleanup -N null -i - -R local  -L predict-future-sales -T 2023-02-17T19:59:06+00:00 pegasus-transfer,0.3,0,0,,,,,,,,,
