,anomaly_type,type,is_clustered,ready,pre_script_start,pre_script_end,submit,stage_in_start,stage_in_end,stage_in_effective_bytes_per_sec,execute_start,execute_end,stage_out_start,stage_out_end,stage_out_effective_bytes_per_sec,post_script_start,post_script_end,wms_delay,pre_script_delay,queue_delay,runtime,post_script_delay,stage_in_delay,stage_in_bytes,stage_out_delay,stage_out_bytes,kickstart_user,kickstart_site,kickstart_hostname,kickstart_transformations,kickstart_executables,kickstart_executables_argv,kickstart_executables_cpu_time,kickstart_status,kickstart_executables_exitcode,kickstart_online_iowait,kickstart_online_bytes_read,kickstart_online_bytes_written,kickstart_online_read_system_calls,kickstart_online_write_system_calls,kickstart_online_utime,kickstart_online_stime,kickstart_online_bytes_read_per_second,kickstart_online_bytes_written_per_second
create_dir_predict-future-sales_0_local,None,auxiliary,0,1677990798.0,,,1677990799.0,,,0.0,1677990803.0,1677990809.0,,,0.0,1677990809.0,1677990814.0,1.0,,4.0,6.0,5.0,,,,,poseidon,local,host-10-100-100-12.openstacklocal,pegasus::dirmanager,/home/poseidon/pegasus-5.1.0panorama/bin/pegasus-transfer,pegasus-kickstart  -n pegasus::dirmanager -N null -i - -R local  -L predict-future-sales -T 2023-02-17T19:59:06+00:00 pegasus-transfer,0.3,0,0,,,,,,,,,
create_dir_predict-future-sales_0_condorpool,None,auxiliary,0,1677990798.0,,,1677990799.0,,,0.0,1677990803.0,1677990809.0,,,0.0,1677990809.0,1677990814.0,1.0,,4.0,6.0,5.0,,,,,poseidon,local,host-10-100-100-12.openstacklocal,pegasus::dirmanager,/home/poseidon/pegasus-5.1.0panorama/bin/pegasus-transfer,pegasus-kickstart  -n pegasus::dirmanager -N null -i - -R local  -L predict-future-sales -T 2023-02-17T19:59:06+00:00 pegasus-transfer,0.3,0,0,,,,,,,,,
stage_in_local_condorpool_7_0,None,transfer,0,1677990814.0,,,1677990819.0,1677990819.0,1677990823.0,1012.0,1677990819.0,1677990829.0,,,0.0,1677990829.0,1677990834.0,5.0,,0.0,10.0,5.0,4.0,3488.0,,,poseidon,local,host-10-100-100-12.openstacklocal,pegasus::transfer,/home/poseidon/pegasus-5.1.0panorama/bin/pegasus-transfer,pegasus-kickstart  -n pegasus::transfer -N null -i - -R local  -L predict-future-sales -T 2023-02-17T19:59:06+00:00 pegasus-transfer  --threads 2,0.4,0,0,,,,,,,,,
stage_in_local_condorpool_0_0,None,transfer,0,1677990814.0,,,1677990819.0,1677990819.0,1677990829.0,97242320.0,1677990819.0,1677990834.0,,,0.0,1677990834.0,1677990839.0,5.0,,0.0,15.0,5.0,10.0,936801734.0,,,poseidon,local,host-10-100-100-12.openstacklocal,pegasus::transfer,/home/poseidon/pegasus-5.1.0panorama/bin/pegasus-transfer,pegasus-kickstart  -n pegasus::transfer -N null -i - -R local  -L predict-future-sales -T 2023-02-17T19:59:06+00:00 pegasus-transfer  --threads 2,5.7,0,0,,,,,,,,,
stage_in_local_condorpool_1_0,None,transfer,0,1677990814.0,,,1677990819.0,1677990819.0,1677990824.0,3649.0,1677990819.0,1677990829.0,,,0.0,1677990829.0,1677990834.0,5.0,,0.0,10.0,5.0,5.0,15640.0,,,poseidon,local,host-10-100-100-12.openstacklocal,pegasus::transfer,/home/poseidon/pegasus-5.1.0panorama/bin/pegasus-transfer,pegasus-kickstart  -n pegasus::transfer -N null -i - -R local  -L predict-future-sales -T 2023-02-17T19:59:06+00:00 pegasus-transfer  --threads 2,0.5,0,0,,,,,,,,,
stage_in_local_condorpool_6_0,None,transfer,0,1677990814.0,,,1677990819.0,1677990819.0,1677990823.0,2227.0,1677990819.0,1677990829.0,,,0.0,1677990829.0,1677990834.0,5.0,,0.0,10.0,5.0,4.0,7870.0,,,poseidon,local,host-10-100-100-12.openstacklocal,pegasus::transfer,/home/poseidon/pegasus-5.1.0panorama/bin/pegasus-transfer,pegasus-kickstart  -n pegasus::transfer -N null -i - -R local  -L predict-future-sales -T 2023-02-17T19:59:06+00:00 pegasus-transfer  --threads 2,0.5,0,0,,,,,,,,,
stage_in_local_condorpool_3_0,None,transfer,0,1677990814.0,,,1677990819.0,1677990819.0,1677990824.0,2992.0,1677990819.0,1677990829.0,,,0.0,1677990829.0,1677990834.0,5.0,,0.0,10.0,5.0,5.0,12704.0,,,poseidon,local,host-10-100-100-12.openstacklocal,pegasus::transfer,/home/poseidon/pegasus-5.1.0panorama/bin/pegasus-transfer,pegasus-kickstart  -n pegasus::transfer -N null -i - -R local  -L predict-future-sales -T 2023-02-17T19:59:06+00:00 pegasus-transfer  --threads 2,0.6,0,0,,,,,,,,,
stage_in_local_condorpool_8_0,None,transfer,0,1677990814.0,,,1677990819.0,1677990819.0,1677990823.0,693.0,1677990819.0,1677990829.0,,,0.0,1677990829.0,1677990834.0,5.0,,0.0,10.0,5.0,4.0,2368.0,,,poseidon,local,host-10-100-100-12.openstacklocal,pegasus::transfer,/home/poseidon/pegasus-5.1.0panorama/bin/pegasus-transfer,pegasus-kickstart  -n pegasus::transfer -N null -i - -R local  -L predict-future-sales -T 2023-02-17T19:59:06+00:00 pegasus-transfer  --threads 2,0.4,0,0,,,,,,,,,
stage_in_local_local_4_0,None,transfer,0,1677990814.0,,,1677990819.0,1677990819.0,1677990822.0,5864.0,1677990819.0,1677990829.0,,,0.0,1677990829.0,1677990834.0,5.0,,0.0,10.0,5.0,3.0,12577.0,,,poseidon,local,host-10-100-100-12.openstacklocal,pegasus::transfer,/home/poseidon/pegasus-5.1.0panorama/bin/pegasus-transfer,pegasus-kickstart  -n pegasus::transfer -N null -i - -R local  -L predict-future-sales -T 2023-02-17T19:59:06+00:00 pegasus-transfer  --threads 2,0.4,0,0,,,,,,,,,
stage_in_local_condorpool_2_0,None,transfer,0,1677990814.0,,,1677990819.0,1677990819.0,1677990825.0,9872.0,1677990819.0,1677990834.0,,,0.0,1677990834.0,1677990839.0,5.0,,0.0,15.0,5.0,6.0,55480.0,,,poseidon,local,host-10-100-100-12.openstacklocal,pegasus::transfer,/home/poseidon/pegasus-5.1.0panorama/bin/pegasus-transfer,pegasus-kickstart  -n pegasus::transfer -N null -i - -R local  -L predict-future-sales -T 2023-02-17T19:59:06+00:00 pegasus-transfer  --threads 2,1.0,0,0,,,,,,,,,
preprocess_ID0000003,hdd_5,compute,0,1677990839.0,,,1677990844.0,1677990806.0,1677990851.0,42653098.8,1677990860.0,1677991049.0,1677990977.0,1677990985.0,22115853.0,1677991049.0,1677991054.0,5.0,,16.0,189.0,5.0,45.0,467356066.0,8.0,160257914.0,poseidon,condorpool,poseidon-worker-3-container-0-7,preprocess,/srv/preprocess,,4.2,0,0,,,,,,,,,
nlp_ID0000002,hdd_5,compute,0,1677990839.0,,,1677990844.0,1677990806.0,1677990851.0,41865533.5,1677990860.0,1677991224.0,1677991156.0,1677991161.0,587371.0,1677991224.0,1677991229.0,5.0,,16.0,364.0,5.0,45.0,369033604.0,5.0,2755872.0,poseidon,condorpool,poseidon-worker-3-container-16-23,nlp,/srv/nlp,,1859.0,0,0,0.0,21421712.0,8791.0,3148.0,5.0,1798.3,2.6,73868.0,879.1
eda_ID0000001,hdd_5,compute,0,1677990839.0,,,1677990844.0,1677990806.0,1677990851.0,45102826.7,1677990860.0,1677991014.0,1677990945.0,1677990950.0,270903.0,1677991014.0,1677991019.0,5.0,,16.0,154.0,5.0,45.0,464177772.0,5.0,1195766.0,poseidon,condorpool,poseidon-worker-1-container-32-39,eda,/srv/eda,,33.3,0,0,0.1,144954859.0,903576.0,27583.0,43.0,28.2,1.8,4831828.6,30119.2
feature_eng_0_ID0000004,hdd_5,compute,0,1677991054.0,,,1677991059.0,1677991007.0,1677991049.0,41954549.2,1677991060.0,1677991194.0,1677991128.0,1677991132.0,201736.0,1677991194.0,1677991199.0,5.0,,1.0,134.0,5.0,42.0,369949088.0,4.0,893320.0,poseidon,condorpool,poseidon-worker-3-container-0-7,feature_eng_0,/srv/feature_eng_0,,5.1,0,0,,,,,,,,,
feature_eng_1_ID0000005,hdd_5,compute,0,1677991054.0,,,1677991059.0,1677991007.0,1677991027.0,46157456.6,1677991061.0,1677991339.0,1677991263.0,1677991274.0,36028906.0,1677991339.0,1677991344.0,5.0,,2.0,278.0,5.0,20.0,528250191.0,11.0,393324463.0,poseidon,condorpool,poseidon-worker-1-container-32-39,feature_eng_1,/srv/feature_eng_1,,15.5,0,0,0.0,169610225.0,8.0,1723.0,1.0,8.0,2.0,16961022.5,0.8
stage_out_local_condorpool_0_0,None,transfer,0,1677991229.0,,,1677991234.0,,,0.0,1677991234.0,1677991244.0,1677991234.0,1677991238.0,40711324.0,1677991244.0,1677991249.0,5.0,,0.0,10.0,5.0,,,4.0,164209552.0,poseidon,local,host-10-100-100-12.openstacklocal,pegasus::transfer,/home/poseidon/pegasus-5.1.0panorama/bin/pegasus-transfer,pegasus-kickstart  -n pegasus::transfer -N null -i - -R local  -L predict-future-sales -T 2023-02-17T19:59:06+00:00 pegasus-transfer  --threads 2,2.0,0,0,,,,,,,,,
register_condorpool_0_0,None,auxiliary,0,1677991249.0,,,1677991254.0,,,0.0,1677991254.0,1677991259.0,,,0.0,1677991259.0,1677991264.0,5.0,,0.0,5.0,5.0,,,,,poseidon,local,host-10-100-100-12.openstacklocal,pegasus::rc-client,/home/poseidon/pegasus-5.1.0panorama/bin/pegasus-rc-client,"pegasus-kickstart  -n pegasus::rc-client -N null -R local  -L predict-future-sales -T 2023-02-17T19:59:06+00:00 /home/poseidon/pegasus-5.1.0panorama/bin/pegasus-rc-client --prefix pegasus.catalog.replica.output --conf /home/poseidon/workflows/predict-future-sales-workflow/submit/poseidon/pegasus/predict-future-sales/run0433/pegasus.5319285395314003786.properties -v --meta /home/poseidon/workflows/predict-future-sales-workflow/submit/poseidon/pegasus/predict-future-sales/run0433/00/00/nlp_ID0000002.meta,/home/poseidon/workflows/predict-future-sales-workflow/submit/poseidon/pegasus/predict-future-sales/run0433/00/00/eda_ID0000001.meta,/home/poseidon/workflows/predict-future-sales-workflow/submit/poseidon/pegasus/predict-future-sales/run0433/00/00/preprocess_ID0000003.meta --insert /home/poseidon/workflows/predict-future-sales-workflow/submit/poseidon/pegasus/predict-future-sales/run0433/00/00/register_condorpool_0_0.in",2.9,0,0,,,,,,,,,
feature_eng_2_ID0000006,hdd_5,compute,0,1677991344.0,,,1677991349.0,1677991297.0,1677991349.0,55851432.5,1677991351.0,1677992065.0,1677991968.0,1677992002.0,52391840.0,1677992065.0,1677992070.0,5.0,,2.0,714.0,5.0,52.0,761320658.0,34.0,1748107178.0,poseidon,condorpool,poseidon-worker-3-container-16-23,feature_eng_2,/srv/feature_eng_2,,279.1,0,0,0.0,402780154.0,8.0,1661.0,1.0,205.5,64.5,1491778.3,0.8
feature_eng_4_ID0000008,hdd_5,compute,0,1677991344.0,,,1677991349.0,1677991297.0,1677991347.0,55495205.5,1677991351.0,1677991779.0,1677991497.0,1677991521.0,49274148.0,1677991779.0,1677991784.0,5.0,,2.0,428.0,5.0,50.0,761328752.0,24.0,1201824259.0,poseidon,condorpool,poseidon-worker-3-container-0-7,feature_eng_4,/srv/feature_eng_4,,50.0,0,0,0.0,402708836.0,1201824267.0,1335.0,42.0,36.1,13.9,8054176.7,60091213.4
feature_eng_3_ID0000007,hdd_5,compute,0,1677991344.0,,,1677991349.0,1677991298.0,1677991324.0,40499491.5,1677991351.0,1677992165.0,1677992078.0,1677992102.0,48780800.0,1677992165.0,1677992170.0,5.0,,2.0,814.0,5.0,26.0,762217561.0,24.0,1179971921.0,poseidon,condorpool,poseidon-worker-1-container-32-39,feature_eng_3,/srv/feature_eng_3,,106.7,0,0,0.0,403648846.0,8.0,1486.0,1.0,68.5,31.4,4036488.5,0.8
stage_out_local_condorpool_1_0,None,transfer,0,1677991344.0,,,1677991349.0,,,0.0,1677991349.0,1677991359.0,1677991350.0,1677991354.0,90268947.0,1677991359.0,1677991364.0,5.0,,0.0,10.0,5.0,,,4.0,394217783.0,poseidon,local,host-10-100-100-12.openstacklocal,pegasus::transfer,/home/poseidon/pegasus-5.1.0panorama/bin/pegasus-transfer,pegasus-kickstart  -n pegasus::transfer -N null -i - -R local  -L predict-future-sales -T 2023-02-17T19:59:06+00:00 pegasus-transfer  --threads 2,2.2,0,0,,,,,,,,,
feature_eng_5_ID0000009,hdd_5,compute,0,1677991344.0,,,1677991349.0,1677991297.0,1677991324.0,49032653.8,1677991351.0,1677992155.0,1677992078.0,1677992093.0,42505279.0,1677992155.0,1677992160.0,5.0,,2.0,804.0,5.0,27.0,856820455.0,15.0,655540227.0,poseidon,condorpool,poseidon-worker-1-container-32-39,feature_eng_5,/srv/feature_eng_5,,220.1,0,0,0.0,498296508.0,480729290.0,2029.0,10.0,198.8,21.2,2264984.1,24036464.5
register_condorpool_1_0,None,auxiliary,0,1677991364.0,,,1677991369.0,,,0.0,1677991369.0,1677991374.0,,,0.0,1677991374.0,1677991379.0,5.0,,0.0,5.0,5.0,,,,,poseidon,local,host-10-100-100-12.openstacklocal,pegasus::rc-client,/home/poseidon/pegasus-5.1.0panorama/bin/pegasus-rc-client,"pegasus-kickstart  -n pegasus::rc-client -N null -R local  -L predict-future-sales -T 2023-02-17T19:59:06+00:00 /home/poseidon/pegasus-5.1.0panorama/bin/pegasus-rc-client --prefix pegasus.catalog.replica.output --conf /home/poseidon/workflows/predict-future-sales-workflow/submit/poseidon/pegasus/predict-future-sales/run0433/pegasus.5319285395314003786.properties -v --meta /home/poseidon/workflows/predict-future-sales-workflow/submit/poseidon/pegasus/predict-future-sales/run0433/00/00/feature_eng_1_ID0000005.meta,/home/poseidon/workflows/predict-future-sales-workflow/submit/poseidon/pegasus/predict-future-sales/run0433/00/00/feature_eng_0_ID0000004.meta --insert /home/poseidon/workflows/predict-future-sales-workflow/submit/poseidon/pegasus/predict-future-sales/run0433/00/00/register_condorpool_1_0.in",3.0,0,0,,,,,,,,,
stage_out_local_condorpool_2_0,None,transfer,0,1677992170.0,,,1677992175.0,,,0.0,1677992175.0,1677992200.0,1677992176.0,1677992195.0,245655115.0,1677992200.0,1677992205.0,5.0,,0.0,25.0,5.0,,,19.0,4785443585.0,poseidon,local,host-10-100-100-12.openstacklocal,pegasus::transfer,/home/poseidon/pegasus-5.1.0panorama/bin/pegasus-transfer,pegasus-kickstart  -n pegasus::transfer -N null -i - -R local  -L predict-future-sales -T 2023-02-17T19:59:06+00:00 pegasus-transfer  --threads 2,21.0,0,0,,,,,,,,,
feature_merge_ID0000010,hdd_5,compute,0,1677992170.0,,,1677992175.0,1677992123.0,1677992198.0,78158088.0,1677992177.0,1677993877.0,1677993758.0,1677993813.0,54729702.0,1677993877.0,1677993882.0,5.0,,2.0,1700.0,5.0,75.0,5155397110.0,55.0,2993643458.0,poseidon,condorpool,poseidon-worker-1-container-32-39,feature_merge,/srv/feature_merge,,63.7,0,0,496.2,4797053768.0,2906237329.0,2204.0,89.0,40.8,22.9,8566167.4,26420339.4
register_condorpool_2_0,None,auxiliary,0,1677992205.0,,,1677992210.0,,,0.0,1677992210.0,1677992215.0,,,0.0,1677992215.0,1677992220.0,5.0,,0.0,5.0,5.0,,,,,poseidon,local,host-10-100-100-12.openstacklocal,pegasus::rc-client,/home/poseidon/pegasus-5.1.0panorama/bin/pegasus-rc-client,"pegasus-kickstart  -n pegasus::rc-client -N null -R local  -L predict-future-sales -T 2023-02-17T19:59:06+00:00 /home/poseidon/pegasus-5.1.0panorama/bin/pegasus-rc-client --prefix pegasus.catalog.replica.output --conf /home/poseidon/workflows/predict-future-sales-workflow/submit/poseidon/pegasus/predict-future-sales/run0433/pegasus.5319285395314003786.properties -v --meta /home/poseidon/workflows/predict-future-sales-workflow/submit/poseidon/pegasus/predict-future-sales/run0433/00/00/feature_eng_5_ID0000009.meta,/home/poseidon/workflows/predict-future-sales-workflow/submit/poseidon/pegasus/predict-future-sales/run0433/00/00/feature_eng_2_ID0000006.meta,/home/poseidon/workflows/predict-future-sales-workflow/submit/poseidon/pegasus/predict-future-sales/run0433/00/00/feature_eng_3_ID0000007.meta,/home/poseidon/workflows/predict-future-sales-workflow/submit/poseidon/pegasus/predict-future-sales/run0433/00/00/feature_eng_4_ID0000008.meta --insert /home/poseidon/workflows/predict-future-sales-workflow/submit/poseidon/pegasus/predict-future-sales/run0433/00/00/register_condorpool_2_0.in",2.9,0,0,,,,,,,,,
stage_inter_local_xgboost_model_ID0000021_0,None,transfer,0,1677993882.0,,,1677993887.0,1677993887.0,1677993920.0,80046674.0,1677993887.0,1677993928.0,,,0.0,1677993928.0,1677993933.0,5.0,,0.0,41.0,5.0,33.0,2646308508.0,,,poseidon,local,host-10-100-100-12.openstacklocal,pegasus::transfer,/home/poseidon/pegasus-5.1.0panorama/bin/pegasus-transfer,pegasus-kickstart  -n pegasus::transfer -N null -i - -R local  -L predict-future-sales -T 2023-02-17T19:59:06+00:00 pegasus-transfer  --threads 2,9.3,0,0,,,,,,,,,
stage_inter_local_xgboost_hp_tuning_workflow_ID0000015_0,None,transfer,0,1677993882.0,,,1677993887.0,1677993887.0,1677993889.0,402.0,1677993887.0,1677993897.0,,,0.0,1677993897.0,1677993902.0,5.0,,0.0,10.0,5.0,2.0,826.0,,,poseidon,local,host-10-100-100-12.openstacklocal,pegasus::transfer,/home/poseidon/pegasus-5.1.0panorama/bin/pegasus-transfer,pegasus-kickstart  -n pegasus::transfer -N null -i - -R local  -L predict-future-sales -T 2023-02-17T19:59:06+00:00 pegasus-transfer  --threads 2,0.3,0,0,,,,,,,,,
stage_inter_local_model_predict_ID0000022_0,None,transfer,0,1677993882.0,,,1677993887.0,1677993887.0,1677993891.0,14506953.0,1677993887.0,1677993897.0,,,0.0,1677993897.0,1677993902.0,5.0,,0.0,10.0,5.0,4.0,54050130.0,,,poseidon,local,host-10-100-100-12.openstacklocal,pegasus::transfer,/home/poseidon/pegasus-5.1.0panorama/bin/pegasus-transfer,pegasus-kickstart  -n pegasus::transfer -N null -i - -R local  -L predict-future-sales -T 2023-02-17T19:59:06+00:00 pegasus-transfer  --threads 2,0.6,0,0,,,,,,,,,
stage_inter_local_model_predict_ID0000014_0,None,transfer,0,1677993882.0,,,1677993887.0,1677993887.0,1677993891.0,1267311.0,1677993887.0,1677993897.0,,,0.0,1677993897.0,1677993902.0,5.0,,0.0,10.0,5.0,4.0,4411696.0,,,poseidon,local,host-10-100-100-12.openstacklocal,pegasus::transfer,/home/poseidon/pegasus-5.1.0panorama/bin/pegasus-transfer,pegasus-kickstart  -n pegasus::transfer -N null -i - -R local  -L predict-future-sales -T 2023-02-17T19:59:06+00:00 pegasus-transfer  --threads 2,0.4,0,0,,,,,,,,,
stage_out_local_condorpool_3_0,None,transfer,0,1677993882.0,,,1677993887.0,,,0.0,1677993887.0,1677993918.0,1677993887.0,1677993911.0,126857285.0,1677993918.0,1677993923.0,5.0,,0.0,31.0,5.0,,,24.0,2993643458.0,poseidon,local,host-10-100-100-12.openstacklocal,pegasus::transfer,/home/poseidon/pegasus-5.1.0panorama/bin/pegasus-transfer,pegasus-kickstart  -n pegasus::transfer -N null -i - -R local  -L predict-future-sales -T 2023-02-17T19:59:06+00:00 pegasus-transfer  --threads 2,14.6,0,0,,,,,,,,,
stage_inter_local_xgboost_model_ID0000013_0,None,transfer,0,1677993882.0,,,1677993887.0,1677993887.0,1677993895.0,36434770.0,1677993887.0,1677993902.0,,,0.0,1677993902.0,1677993908.0,5.0,,0.0,15.0,6.0,8.0,269346726.0,,,poseidon,local,host-10-100-100-12.openstacklocal,pegasus::transfer,/home/poseidon/pegasus-5.1.0panorama/bin/pegasus-transfer,pegasus-kickstart  -n pegasus::transfer -N null -i - -R local  -L predict-future-sales -T 2023-02-17T19:59:06+00:00 pegasus-transfer  --threads 2,1.4,0,0,,,,,,,,,
xgboost_hp_tuning_workflow_ID0000015,None,compute,0,1677993902.0,,,1677993907.0,,,0.0,1677993908.0,1677993923.0,,,0.0,1677993923.0,1677993928.0,5.0,,1.0,15.0,5.0,,,,,poseidon,local,poseidon-submit.novalocal,xgboost_hp_tuning_workflow,/var/spool/condor/local_univ_execute/dir_554606/xgboost_hp_tuning_workflow,/home/poseidon/workflows/predict-future-sales-workflow/submit/poseidon/pegasus/predict-future-sales/run0433/00/00/xgboost_hp_tuning_workflow_ID0000015.sh,0.1,0,0,,,,,,,,,
xgboost_hp_tuning_workflow_ID0000011,None,compute,0,1677993902.0,,,1677993907.0,,,0.0,1677993908.0,1677993923.0,,,0.0,1677993923.0,1677993928.0,5.0,,1.0,15.0,5.0,,,,,poseidon,local,poseidon-submit.novalocal,xgboost_hp_tuning_workflow,/var/spool/condor/local_univ_execute/dir_554607/xgboost_hp_tuning_workflow,/home/poseidon/workflows/predict-future-sales-workflow/submit/poseidon/pegasus/predict-future-sales/run0433/00/00/xgboost_hp_tuning_workflow_ID0000011.sh,0.1,0,0,,,,,,,,,
xgboost_hp_tuning_workflow_ID0000019,None,compute,0,1677993902.0,,,1677993908.0,,,0.0,1677993908.0,1677993923.0,,,0.0,1677993923.0,1677993928.0,6.0,,0.0,15.0,5.0,,,,,poseidon,local,poseidon-submit.novalocal,xgboost_hp_tuning_workflow,/var/spool/condor/local_univ_execute/dir_554612/xgboost_hp_tuning_workflow,/home/poseidon/workflows/predict-future-sales-workflow/submit/poseidon/pegasus/predict-future-sales/run0433/00/00/xgboost_hp_tuning_workflow_ID0000019.sh,0.1,0,0,,,,,,,,,
register_condorpool_3_0,None,auxiliary,0,1677993923.0,,,1677993928.0,,,0.0,1677993928.0,1677993933.0,,,0.0,1677993933.0,1677993938.0,5.0,,0.0,5.0,5.0,,,,,poseidon,local,host-10-100-100-12.openstacklocal,pegasus::rc-client,/home/poseidon/pegasus-5.1.0panorama/bin/pegasus-rc-client,pegasus-kickstart  -n pegasus::rc-client -N null -R local  -L predict-future-sales -T 2023-02-17T19:59:06+00:00 /home/poseidon/pegasus-5.1.0panorama/bin/pegasus-rc-client --prefix pegasus.catalog.replica.output --conf /home/poseidon/workflows/predict-future-sales-workflow/submit/poseidon/pegasus/predict-future-sales/run0433/pegasus.5319285395314003786.properties -v --meta /home/poseidon/workflows/predict-future-sales-workflow/submit/poseidon/pegasus/predict-future-sales/run0433/00/00/feature_merge_ID0000010.meta --insert /home/poseidon/workflows/predict-future-sales-workflow/submit/poseidon/pegasus/predict-future-sales/run0433/00/00/register_condorpool_3_0.in,3.0,0,0,,,,,,,,,
stage_out_local_local_4_0,None,transfer,0,1677993928.0,,,1677993933.0,,,0.0,1677993933.0,1677993943.0,1677993934.0,1677993938.0,21084.0,1677993943.0,1677993948.0,5.0,,0.0,10.0,5.0,,,4.0,85038.0,poseidon,local,host-10-100-100-12.openstacklocal,pegasus::transfer,/home/poseidon/pegasus-5.1.0panorama/bin/pegasus-transfer,pegasus-kickstart  -n pegasus::transfer -N null -i - -R local  -L predict-future-sales -T 2023-02-17T19:59:06+00:00 pegasus-transfer  --threads 2,0.5,0,0,,,,,,,,,
pegasus-plan_ID0000020,None,subwf,0,1677993928.0,1677993928.0,1677993933.0,1677993938.0,,,0.0,1677993940.0,1677995514.0,,,0.0,,,0.0,5.0,2.0,1574.0,,,,,,poseidon,local,poseidon-submit,condor::dagman,/usr/bin/condor_dagman,-p 0  -f -l . -Notification never -Debug 3 -Lockfile xgboost_hp_tuning_group_2.dag.lock -Dag xgboost_hp_tuning_group_2.dag -AllowVersionMismatch  -AutoRescue 1 -DoRescueFrom 0,0.0,0,0,,,,,,,,,
pegasus-plan_ID0000016,None,subwf,0,1677993928.0,1677993928.0,1677993933.0,1677993938.0,,,0.0,1677993940.0,1677995034.0,,,0.0,,,0.0,5.0,2.0,1094.0,,,,,,poseidon,local,poseidon-submit,condor::dagman,/usr/bin/condor_dagman,-p 0  -f -l . -Notification never -Debug 3 -Lockfile xgboost_hp_tuning_group_1.dag.lock -Dag xgboost_hp_tuning_group_1.dag -AllowVersionMismatch  -AutoRescue 1 -DoRescueFrom 0,0.0,0,0,,,,,,,,,
pegasus-plan_ID0000012,None,subwf,0,1677993928.0,1677993928.0,1677993933.0,1677993938.0,,,0.0,1677993939.0,1677994814.0,,,0.0,,,0.0,5.0,1.0,875.0,,,,,,poseidon,local,poseidon-submit,condor::dagman,/usr/bin/condor_dagman,-p 0  -f -l . -Notification never -Debug 3 -Lockfile xgboost_hp_tuning_group_0.dag.lock -Dag xgboost_hp_tuning_group_0.dag -AllowVersionMismatch  -AutoRescue 1 -DoRescueFrom 0,0.0,0,0,,,,,,,,,
create_dir_predict-future-sales-hp-tuning_0_condorpool_pegasus-plan_ID0000012,None,auxiliary,0,1677993940.0,,,1677993941.0,,,0.0,1677993943.0,1677993951.0,,,0.0,1677993951.0,1677993956.0,1.0,,2.0,8.0,5.0,,,,,poseidon,local,host-10-100-100-12.openstacklocal,pegasus::dirmanager,/home/poseidon/pegasus-5.1.0panorama/bin/pegasus-transfer,pegasus-kickstart  -n pegasus::dirmanager -N null -i - -R local  -L xgboost_hp_tuning_group_0 -T 2023-03-05T05:25:30+00:00 pegasus-transfer,0.3,0,0,,,,,,,,,
create_dir_predict-future-sales-hp-tuning_0_condorpool_pegasus-plan_ID0000020,None,auxiliary,0,1677993940.0,,,1677993941.0,,,0.0,1677993943.0,1677993951.0,,,0.0,1677993951.0,1677993956.0,1.0,,2.0,8.0,5.0,,,,,poseidon,local,host-10-100-100-12.openstacklocal,pegasus::dirmanager,/home/poseidon/pegasus-5.1.0panorama/bin/pegasus-transfer,pegasus-kickstart  -n pegasus::dirmanager -N null -i - -R local  -L xgboost_hp_tuning_group_2 -T 2023-03-05T05:25:30+00:00 pegasus-transfer,0.3,0,0,,,,,,,,,
create_dir_predict-future-sales-hp-tuning_0_condorpool_pegasus-plan_ID0000016,None,auxiliary,0,1677993940.0,,,1677993941.0,,,0.0,1677993943.0,1677993951.0,,,0.0,1677993951.0,1677993956.0,1.0,,2.0,8.0,5.0,,,,,poseidon,local,host-10-100-100-12.openstacklocal,pegasus::dirmanager,/home/poseidon/pegasus-5.1.0panorama/bin/pegasus-transfer,pegasus-kickstart  -n pegasus::dirmanager -N null -i - -R local  -L xgboost_hp_tuning_group_1 -T 2023-03-05T05:25:30+00:00 pegasus-transfer,0.3,0,0,,,,,,,,,
register_local_4_0,None,auxiliary,0,1677993948.0,,,1677993953.0,,,0.0,1677993953.0,1677993958.0,,,0.0,1677993958.0,1677993963.0,5.0,,0.0,5.0,5.0,,,,,poseidon,local,host-10-100-100-12.openstacklocal,pegasus::rc-client,/home/poseidon/pegasus-5.1.0panorama/bin/pegasus-rc-client,"pegasus-kickstart  -n pegasus::rc-client -N null -R local  -L predict-future-sales -T 2023-02-17T19:59:06+00:00 /home/poseidon/pegasus-5.1.0panorama/bin/pegasus-rc-client --prefix pegasus.catalog.replica.output --conf /home/poseidon/workflows/predict-future-sales-workflow/submit/poseidon/pegasus/predict-future-sales/run0433/pegasus.5319285395314003786.properties -v --meta /home/poseidon/workflows/predict-future-sales-workflow/submit/poseidon/pegasus/predict-future-sales/run0433/00/00/xgboost_hp_tuning_workflow_ID0000011.meta,/home/poseidon/workflows/predict-future-sales-workflow/submit/poseidon/pegasus/predict-future-sales/run0433/00/00/xgboost_hp_tuning_workflow_ID0000019.meta,/home/poseidon/workflows/predict-future-sales-workflow/submit/poseidon/pegasus/predict-future-sales/run0433/00/00/xgboost_hp_tuning_workflow_ID0000015.meta --insert /home/poseidon/workflows/predict-future-sales-workflow/submit/poseidon/pegasus/predict-future-sales/run0433/00/00/register_local_4_0.in",3.0,0,0,,,,,,,,,
stage_in_local_condorpool_0_2_pegasus-plan_ID0000012,None,transfer,0,1677993956.0,,,1677993961.0,1677993962.0,1677993972.0,70773866.0,1677993961.0,1677993981.0,,,0.0,1677993981.0,1677993986.0,5.0,,0.0,20.0,5.0,10.0,735985664.0,,,poseidon,local,host-10-100-100-12.openstacklocal,pegasus::transfer,/home/poseidon/pegasus-5.1.0panorama/bin/pegasus-transfer,-n pegasus::transfer -N null -i - -R local  -L xgboost_hp_tuning_group_0 -T 2023-03-05T05:25:30+00:00 /home/poseidon/pegasus-5.1.0panorama/bin/../bin/pegasus-transfer  --threads 2,4.3,0,0,,,,,,,,,
stage_in_local_condorpool_0_1_pegasus-plan_ID0000012,None,transfer,0,1677993956.0,,,1677993961.0,1677993961.0,1677993967.0,44778128.0,1677993961.0,1677993976.0,,,0.0,1677993976.0,1677993981.0,5.0,,0.0,15.0,5.0,6.0,269346726.0,,,poseidon,local,host-10-100-100-12.openstacklocal,pegasus::transfer,/home/poseidon/pegasus-5.1.0panorama/bin/pegasus-transfer,-n pegasus::transfer -N null -i - -R local  -L xgboost_hp_tuning_group_0 -T 2023-03-05T05:25:30+00:00 /home/poseidon/pegasus-5.1.0panorama/bin/../bin/pegasus-transfer  --threads 2,1.9,0,0,,,,,,,,,
stage_in_local_condorpool_1_0_pegasus-plan_ID0000012,None,transfer,0,1677993956.0,,,1677993961.0,1677993961.0,1677993965.0,814.0,1677993961.0,1677993971.0,,,0.0,1677993971.0,1677993976.0,5.0,,0.0,10.0,5.0,4.0,2874.0,,,poseidon,local,host-10-100-100-12.openstacklocal,pegasus::transfer,/home/poseidon/pegasus-5.1.0panorama/bin/pegasus-transfer,-n pegasus::transfer -N null -i - -R local  -L xgboost_hp_tuning_group_0 -T 2023-03-05T05:25:30+00:00 /home/poseidon/pegasus-5.1.0panorama/bin/../bin/pegasus-transfer  --threads 2,0.4,0,0,,,,,,,,,
stage_in_local_condorpool_0_0_pegasus-plan_ID0000012,None,transfer,0,1677993956.0,,,1677993961.0,1677993961.0,1677993966.0,2806.0,1677993961.0,1677993976.0,,,0.0,1677993976.0,1677993981.0,5.0,,0.0,15.0,5.0,5.0,12142.0,,,poseidon,local,host-10-100-100-12.openstacklocal,pegasus::transfer,/home/poseidon/pegasus-5.1.0panorama/bin/pegasus-transfer,-n pegasus::transfer -N null -i - -R local  -L xgboost_hp_tuning_group_0 -T 2023-03-05T05:25:30+00:00 /home/poseidon/pegasus-5.1.0panorama/bin/../bin/pegasus-transfer  --threads 2,0.6,0,0,,,,,,,,,
stage_in_local_condorpool_0_0_pegasus-plan_ID0000020,None,transfer,0,1677993956.0,,,1677993961.0,1677993961.0,1677993966.0,2829.0,1677993961.0,1677993971.0,,,0.0,1677993971.0,1677993976.0,5.0,,0.0,10.0,5.0,5.0,12142.0,,,poseidon,local,host-10-100-100-12.openstacklocal,pegasus::transfer,/home/poseidon/pegasus-5.1.0panorama/bin/pegasus-transfer,-n pegasus::transfer -N null -i - -R local  -L xgboost_hp_tuning_group_2 -T 2023-03-05T05:25:30+00:00 /home/poseidon/pegasus-5.1.0panorama/bin/../bin/pegasus-transfer  --threads 2,0.6,0,0,,,,,,,,,
stage_in_local_condorpool_1_0_pegasus-plan_ID0000016,None,transfer,0,1677993956.0,,,1677993961.0,1677993961.0,1677993965.0,825.0,1677993961.0,1677993971.0,,,0.0,1677993971.0,1677993976.0,5.0,,0.0,10.0,5.0,4.0,2874.0,,,poseidon,local,host-10-100-100-12.openstacklocal,pegasus::transfer,/home/poseidon/pegasus-5.1.0panorama/bin/pegasus-transfer,-n pegasus::transfer -N null -i - -R local  -L xgboost_hp_tuning_group_1 -T 2023-03-05T05:25:30+00:00 /home/poseidon/pegasus-5.1.0panorama/bin/../bin/pegasus-transfer  --threads 2,0.5,0,0,,,,,,,,,
stage_in_local_condorpool_0_1_pegasus-plan_ID0000016,None,transfer,0,1677993956.0,,,1677993961.0,1677993961.0,1677993965.0,5243032.0,1677993961.0,1677993971.0,,,0.0,1677993971.0,1677993976.0,5.0,,0.0,10.0,5.0,4.0,19294600.0,,,poseidon,local,host-10-100-100-12.openstacklocal,pegasus::transfer,/home/poseidon/pegasus-5.1.0panorama/bin/pegasus-transfer,-n pegasus::transfer -N null -i - -R local  -L xgboost_hp_tuning_group_1 -T 2023-03-05T05:25:30+00:00 /home/poseidon/pegasus-5.1.0panorama/bin/../bin/pegasus-transfer  --threads 2,0.6,0,0,,,,,,,,,
stage_in_local_condorpool_0_2_pegasus-plan_ID0000016,None,transfer,0,1677993956.0,,,1677993961.0,1677993962.0,1677993972.0,71405632.0,1677993961.0,1677993981.0,,,0.0,1677993981.0,1677993986.0,5.0,,0.0,20.0,5.0,10.0,735985664.0,,,poseidon,local,host-10-100-100-12.openstacklocal,pegasus::transfer,/home/poseidon/pegasus-5.1.0panorama/bin/pegasus-transfer,-n pegasus::transfer -N null -i - -R local  -L xgboost_hp_tuning_group_1 -T 2023-03-05T05:25:30+00:00 /home/poseidon/pegasus-5.1.0panorama/bin/../bin/pegasus-transfer  --threads 2,4.2,0,0,,,,,,,,,
stage_in_local_condorpool_0_0_pegasus-plan_ID0000016,None,transfer,0,1677993956.0,,,1677993961.0,1677993961.0,1677993966.0,2829.0,1677993961.0,1677993976.0,,,0.0,1677993976.0,1677993981.0,5.0,,0.0,15.0,5.0,5.0,12142.0,,,poseidon,local,host-10-100-100-12.openstacklocal,pegasus::transfer,/home/poseidon/pegasus-5.1.0panorama/bin/pegasus-transfer,-n pegasus::transfer -N null -i - -R local  -L xgboost_hp_tuning_group_1 -T 2023-03-05T05:25:30+00:00 /home/poseidon/pegasus-5.1.0panorama/bin/../bin/pegasus-transfer  --threads 2,0.6,0,0,,,,,,,,,
stage_in_local_condorpool_1_0_pegasus-plan_ID0000020,None,transfer,0,1677993956.0,,,1677993961.0,1677993961.0,1677993965.0,823.0,1677993961.0,1677993971.0,,,0.0,1677993971.0,1677993976.0,5.0,,0.0,10.0,5.0,4.0,2874.0,,,poseidon,local,host-10-100-100-12.openstacklocal,pegasus::transfer,/home/poseidon/pegasus-5.1.0panorama/bin/pegasus-transfer,-n pegasus::transfer -N null -i - -R local  -L xgboost_hp_tuning_group_2 -T 2023-03-05T05:25:30+00:00 /home/poseidon/pegasus-5.1.0panorama/bin/../bin/pegasus-transfer  --threads 2,0.4,0,0,,,,,,,,,
stage_in_local_condorpool_0_1_pegasus-plan_ID0000020,None,transfer,0,1677993956.0,,,1677993961.0,1677993962.0,1677993979.0,153201344.0,1677993961.0,1677993987.0,,,0.0,1677993987.0,1677993992.0,5.0,,0.0,26.0,5.0,17.0,2646308508.0,,,poseidon,local,host-10-100-100-12.openstacklocal,pegasus::transfer,/home/poseidon/pegasus-5.1.0panorama/bin/pegasus-transfer,-n pegasus::transfer -N null -i - -R local  -L xgboost_hp_tuning_group_2 -T 2023-03-05T05:25:30+00:00 /home/poseidon/pegasus-5.1.0panorama/bin/../bin/pegasus-transfer  --threads 2,11.8,0,0,,,,,,,,,
stage_in_local_condorpool_0_2_pegasus-plan_ID0000020,None,transfer,0,1677993956.0,,,1677993961.0,1677993962.0,1677993972.0,70292334.0,1677993961.0,1677993982.0,,,0.0,1677993982.0,1677993987.0,5.0,,0.0,21.0,5.0,10.0,735985664.0,,,poseidon,local,host-10-100-100-12.openstacklocal,pegasus::transfer,/home/poseidon/pegasus-5.1.0panorama/bin/pegasus-transfer,-n pegasus::transfer -N null -i - -R local  -L xgboost_hp_tuning_group_2 -T 2023-03-05T05:25:30+00:00 /home/poseidon/pegasus-5.1.0panorama/bin/../bin/pegasus-transfer  --threads 2,4.2,0,0,,,,,,,,,
xgboost_hp_tuning_ID0000004_pegasus-plan_ID0000012,None,compute,0,1677993986.0,,,1677993991.0,1677993938.0,1677993956.0,46708060.6,1677993992.0,1677994141.0,1677994074.0,1677994078.0,250.0,1677994141.0,1677994146.0,5.0,,1.0,149.0,5.0,18.0,502672266.0,4.0,1062.0,poseidon,condorpool,poseidon-worker-3-container-24-31,xgboost_hp_tuning,/srv/xgboost_hp_tuning,,93.7,0,0,0.0,157965969.0,40.0,3303.0,2.0,42.3,2.7,15796596.9,4.0
xgboost_hp_tuning_ID0000023_pegasus-plan_ID0000012,None,compute,0,1677993986.0,,,1677993991.0,1677994087.0,1677994157.0,10862526.3,1677994141.0,1677994301.0,1677994230.0,1677994234.0,257.0,1677994301.0,1677994306.0,5.0,,150.0,160.0,5.0,70.0,502672266.0,4.0,1092.0,poseidon,condorpool,poseidon-worker-3-container-8-15,xgboost_hp_tuning,/srv/xgboost_hp_tuning,,103.8,0,0,0.0,157966010.0,40.0,3303.0,2.0,43.9,2.6,15796601.0,4.0
xgboost_hp_tuning_ID0000009_pegasus-plan_ID0000012,hdd_5,compute,0,1677993986.0,,,1677993991.0,1677993938.0,1677993982.0,46672482.8,1677993992.0,1677994141.0,1677994074.0,1677994078.0,247.0,1677994141.0,1677994146.0,5.0,,1.0,149.0,5.0,44.0,502672266.0,4.0,1058.0,poseidon,condorpool,poseidon-worker-3-container-0-7,xgboost_hp_tuning,/srv/xgboost_hp_tuning,,115.4,0,0,0.0,157970771.0,40.0,3319.0,2.0,105.8,3.9,7898538.5,4.0
xgboost_hp_tuning_ID0000011_pegasus-plan_ID0000012,hdd_5,compute,0,1677993986.0,,,1677993991.0,1677993938.0,1677993981.0,46649649.4,1677993992.0,1677994141.0,1677994074.0,1677994078.0,245.0,1677994141.0,1677994146.0,5.0,,1.0,149.0,5.0,43.0,502672266.0,4.0,1049.0,poseidon,condorpool,poseidon-worker-3-container-16-23,xgboost_hp_tuning,/srv/xgboost_hp_tuning,,113.9,0,0,0.0,157970841.0,40.0,3319.0,2.0,109.9,3.2,7898542.0,4.0
xgboost_hp_tuning_ID0000022_pegasus-plan_ID0000012,hdd_5,compute,0,1677993986.0,,,1677993991.0,1677993939.0,1677993958.0,38888334.0,1677993992.0,1677994141.0,1677994075.0,1677994079.0,247.0,1677994141.0,1677994146.0,5.0,,1.0,149.0,5.0,19.0,502672266.0,4.0,1062.0,poseidon,condorpool,poseidon-worker-1-container-32-39,xgboost_hp_tuning,/srv/xgboost_hp_tuning,,98.3,0,0,0.0,157968064.0,40.0,3305.0,2.0,44.9,2.6,15796806.4,4.0
xgboost_hp_tuning_ID0000010_pegasus-plan_ID0000012,hdd_5,compute,0,1677993986.0,,,1677993991.0,1677993939.0,1677993983.0,38754824.0,1677993992.0,1677994141.0,1677994075.0,1677994079.0,242.0,1677994141.0,1677994146.0,5.0,,1.0,149.0,5.0,44.0,502672266.0,4.0,1049.0,poseidon,condorpool,poseidon-worker-1-container-40-47,xgboost_hp_tuning,/srv/xgboost_hp_tuning,,95.1,0,0,0.0,157967851.0,40.0,3305.0,2.0,43.5,2.7,15796785.1,4.0
xgboost_hp_tuning_ID0000021_pegasus-plan_ID0000012,None,compute,0,1677993986.0,,,1677993991.0,1677993939.0,1677993956.0,46579254.2,1677993992.0,1677994141.0,1677994075.0,1677994079.0,246.0,1677994141.0,1677994146.0,5.0,,1.0,149.0,5.0,17.0,502672266.0,4.0,1061.0,poseidon,condorpool,poseidon-worker-2-container-40-47,xgboost_hp_tuning,/srv/xgboost_hp_tuning,,120.1,0,0,0.1,157972471.0,40.0,3321.0,2.0,105.2,3.6,7898623.6,4.0
xgboost_hp_tuning_ID0000020_pegasus-plan_ID0000012,hdd_5,compute,0,1677993986.0,,,1677993991.0,1677993939.0,1677993983.0,46493290.4,1677993992.0,1677994141.0,1677994075.0,1677994079.0,245.0,1677994141.0,1677994146.0,5.0,,1.0,149.0,5.0,44.0,502672266.0,4.0,1061.0,poseidon,condorpool,poseidon-worker-2-container-32-39,xgboost_hp_tuning,/srv/xgboost_hp_tuning,,82.7,0,0,0.0,157967842.0,40.0,3305.0,2.0,42.2,2.7,15796784.2,4.0
xgboost_hp_tuning_ID0000008_pegasus-plan_ID0000012,None,compute,0,1677993986.0,,,1677993991.0,1677993938.0,1677993956.0,46645648.8,1677993992.0,1677994141.0,1677994074.0,1677994078.0,251.0,1677994141.0,1677994146.0,5.0,,1.0,149.0,5.0,18.0,502672266.0,4.0,1060.0,poseidon,condorpool,poseidon-worker-3-container-32-39,xgboost_hp_tuning,/srv/xgboost_hp_tuning,,136.5,0,0,0.0,157970603.0,40.0,3319.0,2.0,110.0,3.6,7898530.1,4.0
xgboost_hp_tuning_ID0000015_pegasus-plan_ID0000012,None,compute,0,1677993986.0,,,1677993991.0,1677993939.0,1677993958.0,39042603.3,1677993992.0,1677994141.0,1677994075.0,1677994079.0,245.0,1677994141.0,1677994146.0,5.0,,1.0,149.0,5.0,19.0,502672266.0,4.0,1054.0,poseidon,condorpool,poseidon-worker-1-container-0-7,xgboost_hp_tuning,/srv/xgboost_hp_tuning,,155.8,0,0,0.1,157972400.0,40.0,3321.0,2.0,104.2,3.6,7898620.0,4.0
xgboost_hp_tuning_ID0000012_pegasus-plan_ID0000012,hdd_5,compute,0,1677993986.0,,,1677993991.0,1677994087.0,1677994157.0,10859504.7,1677994141.0,1677994301.0,1677994230.0,1677994234.0,247.0,1677994301.0,1677994306.0,5.0,,150.0,160.0,5.0,70.0,502672266.0,4.0,1049.0,poseidon,condorpool,poseidon-worker-3-container-16-23,xgboost_hp_tuning,/srv/xgboost_hp_tuning,,91.2,0,0,0.0,157966185.0,40.0,3303.0,2.0,41.5,2.9,15796618.5,4.0
xgboost_hp_tuning_ID0000007_pegasus-plan_ID0000012,hdd_5,compute,0,1677993986.0,,,1677993991.0,1677993939.0,1677993983.0,38862362.7,1677993992.0,1677994141.0,1677994075.0,1677994079.0,248.0,1677994141.0,1677994146.0,5.0,,1.0,149.0,5.0,44.0,502672266.0,4.0,1065.0,poseidon,condorpool,poseidon-worker-1-container-16-23,xgboost_hp_tuning,/srv/xgboost_hp_tuning,,145.6,0,0,0.1,157972488.0,40.0,3321.0,2.0,90.4,2.6,7898624.4,4.0
xgboost_hp_tuning_ID0000018_pegasus-plan_ID0000012,hdd_5,compute,0,1677993986.0,,,1677993991.0,1677993939.0,1677993981.0,38883109.7,1677993992.0,1677994141.0,1677994075.0,1677994079.0,242.0,1677994141.0,1677994146.0,5.0,,1.0,149.0,5.0,42.0,502672266.0,4.0,1054.0,poseidon,condorpool,poseidon-worker-1-container-8-15,xgboost_hp_tuning,/srv/xgboost_hp_tuning,,122.2,0,0,0.0,157972448.0,40.0,3321.0,2.0,101.7,3.5,7898622.4,4.0
xgboost_hp_tuning_ID0000006_pegasus-plan_ID0000012,hdd_5,compute,0,1677993986.0,,,1677993991.0,1677993939.0,1677993981.0,46514205.8,1677993992.0,1677994141.0,1677994075.0,1677994079.0,248.0,1677994141.0,1677994146.0,5.0,,1.0,149.0,5.0,42.0,502672266.0,4.0,1067.0,poseidon,condorpool,poseidon-worker-2-container-24-31,xgboost_hp_tuning,/srv/xgboost_hp_tuning,,134.5,0,0,0.1,157972474.0,40.0,3321.0,2.0,107.3,3.0,7898623.7,4.0
xgboost_hp_tuning_ID0000017_pegasus-plan_ID0000012,None,compute,0,1677993986.0,,,1677993991.0,1677993939.0,1677993956.0,46565934.0,1677993992.0,1677994141.0,1677994075.0,1677994079.0,244.0,1677994141.0,1677994146.0,5.0,,1.0,149.0,5.0,17.0,502672266.0,4.0,1053.0,poseidon,condorpool,poseidon-worker-2-container-8-15,xgboost_hp_tuning,/srv/xgboost_hp_tuning,,206.6,0,0,0.1,157976240.0,40.0,3336.0,2.0,160.5,3.6,5265874.7,4.0
xgboost_hp_tuning_ID0000005_pegasus-plan_ID0000012,hdd_5,compute,0,1677993986.0,,,1677993991.0,1677993939.0,1677993984.0,38981016.7,1677993992.0,1677994141.0,1677994075.0,1677994079.0,250.0,1677994141.0,1677994146.0,5.0,,1.0,149.0,5.0,45.0,502672266.0,4.0,1076.0,poseidon,condorpool,poseidon-worker-1-container-24-31,xgboost_hp_tuning,/srv/xgboost_hp_tuning,,165.2,0,0,0.1,157972481.0,40.0,3321.0,2.0,107.7,3.5,7898624.1,4.0
xgboost_hp_tuning_ID0000016_pegasus-plan_ID0000012,None,compute,0,1677993986.0,,,1677993991.0,1677993939.0,1677993956.0,46559123.4,1677993992.0,1677994291.0,1677994075.0,1677994226.0,13.0,1677994291.0,1677994296.0,5.0,,1.0,299.0,5.0,17.0,502672266.0,151.0,2108.0,poseidon,condorpool,poseidon-worker-2-container-16-23,xgboost_hp_tuning,/srv/xgboost_hp_tuning,,102.0,0,0,0.0,157967838.0,40.0,3305.0,2.0,43.5,2.9,15796783.8,4.0
xgboost_hp_tuning_ID0000001_pegasus-plan_ID0000012,hdd_5,compute,0,1677993986.0,,,1677993991.0,1677994087.0,1677994157.0,10862474.1,1677994141.0,1677994301.0,1677994230.0,1677994234.0,251.0,1677994301.0,1677994306.0,5.0,,150.0,160.0,5.0,70.0,502672266.0,4.0,1066.0,poseidon,condorpool,poseidon-worker-3-container-40-47,xgboost_hp_tuning,/srv/xgboost_hp_tuning,,134.0,0,0,0.0,157970682.0,40.0,3319.0,2.0,103.0,3.9,7898534.1,4.0
xgboost_hp_tuning_ID0000013_pegasus-plan_ID0000012,None,compute,0,1677993986.0,,,1677993991.0,1677994087.0,1677994157.0,10851620.1,1677994141.0,1677994301.0,1677994230.0,1677994234.0,249.0,1677994301.0,1677994306.0,5.0,,150.0,160.0,5.0,70.0,502672266.0,4.0,1055.0,poseidon,condorpool,poseidon-worker-3-container-24-31,xgboost_hp_tuning,/srv/xgboost_hp_tuning,,97.4,0,0,0.0,157966042.0,40.0,3303.0,2.0,43.3,2.9,15796604.2,4.0
xgboost_hp_tuning_ID0000002_pegasus-plan_ID0000012,None,compute,0,1677993986.0,,,1677993991.0,1677994087.0,1677994157.0,10852193.0,1677994141.0,1677994296.0,1677994230.0,1677994234.0,250.0,1677994296.0,1677994301.0,5.0,,150.0,155.0,5.0,70.0,502672266.0,4.0,1060.0,poseidon,condorpool,poseidon-worker-3-container-32-39,xgboost_hp_tuning,/srv/xgboost_hp_tuning,,106.6,0,0,0.0,157966042.0,40.0,3303.0,2.0,44.5,3.0,15796604.2,4.0
xgboost_hp_tuning_ID0000014_pegasus-plan_ID0000012,None,compute,0,1677993986.0,,,1677993991.0,1677993939.0,1677993956.0,46486583.2,1677993992.0,1677994141.0,1677994075.0,1677994079.0,245.0,1677994141.0,1677994146.0,5.0,,1.0,149.0,5.0,17.0,502672266.0,4.0,1054.0,poseidon,condorpool,poseidon-worker-2-container-0-7,xgboost_hp_tuning,/srv/xgboost_hp_tuning,,154.5,0,0,0.1,157972390.0,40.0,3321.0,2.0,105.3,2.8,7898619.5,4.0
xgboost_hp_tuning_ID0000003_pegasus-plan_ID0000012,None,compute,0,1677993986.0,,,1677993991.0,1677993938.0,1677993956.0,46630251.0,1677993992.0,1677994141.0,1677994074.0,1677994078.0,249.0,1677994141.0,1677994146.0,5.0,,1.0,149.0,5.0,18.0,502672266.0,4.0,1067.0,poseidon,condorpool,poseidon-worker-3-container-8-15,xgboost_hp_tuning,/srv/xgboost_hp_tuning,,81.7,0,0,0.0,157965930.0,40.0,3303.0,2.0,41.8,2.8,15796593.0,4.0
xgboost_hp_tuning_ID0000019_pegasus-plan_ID0000012,hdd_5,compute,0,1677993986.0,,,1677993991.0,1677993938.0,1677993982.0,46716194.6,1677993992.0,1677994141.0,1677994074.0,1677994078.0,248.0,1677994141.0,1677994146.0,5.0,,1.0,149.0,5.0,44.0,502672266.0,4.0,1060.0,poseidon,condorpool,poseidon-worker-3-container-40-47,xgboost_hp_tuning,/srv/xgboost_hp_tuning,,88.2,0,0,0.0,157965965.0,40.0,3303.0,2.0,42.8,2.6,15796596.5,4.0
xgboost_hp_tuning_ID0000023_pegasus-plan_ID0000016,hdd_5,compute,0,1677993986.0,,,1677993991.0,1677994243.0,1677994273.0,30987287.5,1677994297.0,1677994671.0,1677994605.0,1677994609.0,257.0,1677994671.0,1677994676.0,5.0,,306.0,374.0,5.0,30.0,377646203.0,4.0,1087.0,poseidon,condorpool,poseidon-worker-3-container-40-47,xgboost_hp_tuning,/srv/xgboost_hp_tuning,,15.1,0,0,,,,,,,,,
xgboost_hp_tuning_ID0000019_pegasus-plan_ID0000016,None,compute,0,1677993986.0,,,1677993991.0,1677994099.0,1677994115.0,42520896.0,1677994142.0,1677994271.0,1677994205.0,1677994209.0,247.0,1677994271.0,1677994276.0,5.0,,151.0,129.0,5.0,16.0,377646203.0,4.0,1058.0,poseidon,condorpool,poseidon-worker-1-container-0-7,xgboost_hp_tuning,/srv/xgboost_hp_tuning,,15.4,0,0,,,,,,,,,
xgboost_hp_tuning_ID0000001_pegasus-plan_ID0000016,None,compute,0,1677993986.0,,,1677993991.0,1677994243.0,1677994259.0,42690355.5,1677994297.0,1677994671.0,1677994605.0,1677994609.0,251.0,1677994671.0,1677994676.0,5.0,,306.0,374.0,5.0,16.0,377646203.0,4.0,1063.0,poseidon,condorpool,poseidon-worker-3-container-32-39,xgboost_hp_tuning,/srv/xgboost_hp_tuning,,14.9,0,0,,,,,,,,,
xgboost_hp_tuning_ID0000009_pegasus-plan_ID0000016,hdd_5,compute,0,1677993986.0,,,1677993991.0,1677994087.0,1677994156.0,8511513.2,1677994141.0,1677994301.0,1677994230.0,1677994234.0,248.0,1677994301.0,1677994306.0,5.0,,150.0,160.0,5.0,69.0,377646203.0,4.0,1056.0,poseidon,condorpool,poseidon-worker-3-container-0-7,xgboost_hp_tuning,/srv/xgboost_hp_tuning,,20.0,0,0,,,,,,,,,
xgboost_hp_tuning_ID0000011_pegasus-plan_ID0000016,None,compute,0,1677993986.0,,,1677993991.0,1677994088.0,1677994104.0,42485304.8,1677994142.0,1677994271.0,1677994202.0,1677994206.0,243.0,1677994271.0,1677994276.0,5.0,,151.0,129.0,5.0,16.0,377646203.0,4.0,1047.0,poseidon,condorpool,poseidon-worker-2-container-0-7,xgboost_hp_tuning,/srv/xgboost_hp_tuning,,14.4,0,0,,,,,,,,,
xgboost_hp_tuning_ID0000012_pegasus-plan_ID0000016,hdd_5,compute,0,1677993986.0,,,1677993991.0,1677994243.0,1677994282.0,30726489.2,1677994297.0,1677994671.0,1677994605.0,1677994609.0,247.0,1677994671.0,1677994676.0,5.0,,306.0,374.0,5.0,39.0,377646203.0,4.0,1050.0,poseidon,condorpool,poseidon-worker-3-container-0-7,xgboost_hp_tuning,/srv/xgboost_hp_tuning,,90.5,0,0,0.0,32944711.0,40.0,3319.0,2.0,83.1,1.5,1647235.5,4.0
xgboost_hp_tuning_ID0000010_pegasus-plan_ID0000016,None,compute,0,1677993986.0,,,1677993991.0,1677994088.0,1677994104.0,42478442.0,1677994142.0,1677994271.0,1677994202.0,1677994206.0,242.0,1677994271.0,1677994276.0,5.0,,151.0,129.0,5.0,16.0,377646203.0,4.0,1048.0,poseidon,condorpool,poseidon-worker-2-container-40-47,xgboost_hp_tuning,/srv/xgboost_hp_tuning,,17.1,0,0,,,,,,,,,
xgboost_hp_tuning_ID0000021_pegasus-plan_ID0000016,hdd_5,compute,0,1677993986.0,,,1677993991.0,1677994088.0,1677994130.0,42607026.0,1677994142.0,1677994271.0,1677994202.0,1677994206.0,247.0,1677994271.0,1677994276.0,5.0,,151.0,129.0,5.0,42.0,377646203.0,4.0,1060.0,poseidon,condorpool,poseidon-worker-2-container-32-39,xgboost_hp_tuning,/srv/xgboost_hp_tuning,,14.2,0,0,,,,,,,,,
xgboost_hp_tuning_ID0000020_pegasus-plan_ID0000016,hdd_5,compute,0,1677993986.0,,,1677993991.0,1677994088.0,1677994133.0,42516777.8,1677994142.0,1677994271.0,1677994202.0,1677994206.0,247.0,1677994271.0,1677994276.0,5.0,,151.0,129.0,5.0,45.0,377646203.0,4.0,1060.0,poseidon,condorpool,poseidon-worker-2-container-24-31,xgboost_hp_tuning,/srv/xgboost_hp_tuning,,14.2,0,0,,,,,,,,,
xgboost_hp_tuning_ID0000008_pegasus-plan_ID0000016,None,compute,0,1677993986.0,,,1677993991.0,1677994088.0,1677994104.0,42515018.0,1677994142.0,1677994271.0,1677994202.0,1677994206.0,245.0,1677994271.0,1677994276.0,5.0,,151.0,129.0,5.0,16.0,377646203.0,4.0,1057.0,poseidon,condorpool,poseidon-worker-2-container-8-15,xgboost_hp_tuning,/srv/xgboost_hp_tuning,,21.5,0,0,,,,,,,,,
xgboost_hp_tuning_ID0000007_pegasus-plan_ID0000016,hdd_5,compute,0,1677993986.0,,,1677993991.0,1677994099.0,1677994115.0,42528832.5,1677994142.0,1677994346.0,1677994205.0,1677994209.0,247.0,1677994346.0,1677994351.0,5.0,,151.0,204.0,5.0,16.0,377646203.0,4.0,1065.0,poseidon,condorpool,poseidon-worker-1-container-32-39,xgboost_hp_tuning,/srv/xgboost_hp_tuning,,15.0,0,0,,,,,,,,,
xgboost_hp_tuning_ID0000018_pegasus-plan_ID0000016,hdd_5,compute,0,1677993986.0,,,1677993991.0,1677994099.0,1677994115.0,42516751.8,1677994142.0,1677994346.0,1677994205.0,1677994209.0,246.0,1677994346.0,1677994351.0,5.0,,151.0,204.0,5.0,16.0,377646203.0,4.0,1055.0,poseidon,condorpool,poseidon-worker-1-container-40-47,xgboost_hp_tuning,/srv/xgboost_hp_tuning,,15.9,0,0,,,,,,,,,
xgboost_hp_tuning_ID0000006_pegasus-plan_ID0000016,hdd_5,compute,0,1677993986.0,,,1677993991.0,1677994099.0,1677994115.0,42526992.5,1677994142.0,1677994276.0,1677994205.0,1677994209.0,249.0,1677994276.0,1677994281.0,5.0,,151.0,134.0,5.0,16.0,377646203.0,4.0,1068.0,poseidon,condorpool,poseidon-worker-1-container-8-15,xgboost_hp_tuning,/srv/xgboost_hp_tuning,,15.2,0,0,,,,,,,,,
xgboost_hp_tuning_ID0000017_pegasus-plan_ID0000016,hdd_5,compute,0,1677993986.0,,,1677993991.0,1677994099.0,1677994115.0,42517495.0,1677994142.0,1677994346.0,1677994205.0,1677994209.0,247.0,1677994346.0,1677994351.0,5.0,,151.0,204.0,5.0,16.0,377646203.0,4.0,1055.0,poseidon,condorpool,poseidon-worker-1-container-24-31,xgboost_hp_tuning,/srv/xgboost_hp_tuning,,14.3,0,0,,,,,,,,,
xgboost_hp_tuning_ID0000005_pegasus-plan_ID0000016,hdd_5,compute,0,1677993986.0,,,1677993991.0,1677994215.0,1677994257.0,42552487.8,1677994269.0,1677994396.0,1677994327.0,1677994331.0,253.0,1677994396.0,1677994401.0,5.0,,278.0,127.0,5.0,42.0,377646203.0,4.0,1079.0,poseidon,condorpool,poseidon-worker-2-container-24-31,xgboost_hp_tuning,/srv/xgboost_hp_tuning,,18.2,0,0,,,,,,,,,
xgboost_hp_tuning_ID0000016_pegasus-plan_ID0000016,None,compute,0,1677993986.0,,,1677993991.0,1677994215.0,1677994231.0,42535379.8,1677994269.0,1677994396.0,1677994327.0,1677994331.0,248.0,1677994396.0,1677994401.0,5.0,,278.0,127.0,5.0,16.0,377646203.0,4.0,1055.0,poseidon,condorpool,poseidon-worker-2-container-0-7,xgboost_hp_tuning,/srv/xgboost_hp_tuning,,26.0,0,0,,,,,,,,,
xgboost_hp_tuning_ID0000004_pegasus-plan_ID0000016,hdd_5,compute,0,1677993986.0,,,1677993991.0,1677994216.0,1677994258.0,42569006.5,1677994269.0,1677994396.0,1677994327.0,1677994331.0,248.0,1677994396.0,1677994401.0,5.0,,278.0,127.0,5.0,42.0,377646203.0,4.0,1061.0,poseidon,condorpool,poseidon-worker-2-container-32-39,xgboost_hp_tuning,/srv/xgboost_hp_tuning,,14.7,0,0,,,,,,,,,
xgboost_hp_tuning_ID0000022_pegasus-plan_ID0000016,hdd_5,compute,0,1677993986.0,,,1677993991.0,1677994098.0,1677994211.0,42578380.2,1677994142.0,1677994356.0,1677994286.0,1677994290.0,250.0,1677994356.0,1677994361.0,5.0,,151.0,214.0,5.0,113.0,377646203.0,4.0,1062.0,poseidon,condorpool,poseidon-worker-1-container-16-23,xgboost_hp_tuning,/srv/xgboost_hp_tuning,,30.9,0,0,0.0,32961710.0,40.0,3381.0,2.0,29.1,1.7,549361.8,4.0
xgboost_hp_tuning_ID0000003_pegasus-plan_ID0000016,None,compute,0,1677993986.0,,,1677993991.0,1677994216.0,1677994232.0,42483208.8,1677994269.0,1677994396.0,1677994327.0,1677994331.0,249.0,1677994396.0,1677994401.0,5.0,,278.0,127.0,5.0,16.0,377646203.0,4.0,1069.0,poseidon,condorpool,poseidon-worker-2-container-8-15,xgboost_hp_tuning,/srv/xgboost_hp_tuning,,14.1,0,0,,,,,,,,,
xgboost_hp_tuning_ID0000014_pegasus-plan_ID0000016,None,compute,0,1677993986.0,,,1677993991.0,1677994218.0,1677994342.0,5089452.9,1677994272.0,1677994771.0,1677994704.0,1677994709.0,249.0,1677994771.0,1677994776.0,5.0,,281.0,499.0,5.0,124.0,377646203.0,5.0,1053.0,poseidon,condorpool,poseidon-worker-1-container-0-7,xgboost_hp_tuning,/srv/xgboost_hp_tuning,,21.8,0,0,,,,,,,,,
xgboost_hp_tuning_ID0000002_pegasus-plan_ID0000016,hdd_5,compute,0,1677993986.0,,,1677993991.0,1677994286.0,1677994343.0,41354302.9,1677994274.0,1677994771.0,1677994704.0,1677994709.0,251.0,1677994771.0,1677994776.0,5.0,,283.0,497.0,5.0,57.0,377646203.0,5.0,1061.0,poseidon,condorpool,poseidon-worker-1-container-8-15,xgboost_hp_tuning,/srv/xgboost_hp_tuning,,16.9,0,0,,,,,,,,,
xgboost_hp_tuning_ID0000013_pegasus-plan_ID0000016,None,compute,0,1677993986.0,,,1677993991.0,1677994235.0,1677994251.0,42503780.2,1677994289.0,1677994396.0,1677994327.0,1677994331.0,245.0,1677994396.0,1677994401.0,5.0,,298.0,107.0,5.0,16.0,377646203.0,4.0,1053.0,poseidon,condorpool,poseidon-worker-2-container-16-23,xgboost_hp_tuning,/srv/xgboost_hp_tuning,,15.4,0,0,,,,,,,,,
xgboost_hp_tuning_ID0000015_pegasus-plan_ID0000016,None,compute,0,1677993986.0,,,1677993991.0,1677994216.0,1677994232.0,42558273.5,1677994269.0,1677994396.0,1677994327.0,1677994331.0,247.0,1677994396.0,1677994401.0,5.0,,278.0,127.0,5.0,16.0,377646203.0,4.0,1053.0,poseidon,condorpool,poseidon-worker-2-container-40-47,xgboost_hp_tuning,/srv/xgboost_hp_tuning,,15.4,0,0,,,,,,,,,
xgboost_hp_tuning_ID0000023_pegasus-plan_ID0000020,None,compute,0,1677993992.0,,,1677993997.0,1677994906.0,1677994938.0,68888032.5,1677994960.0,1677995338.0,1677995271.0,1677995275.0,254.0,1677995338.0,1677995343.0,5.0,,963.0,378.0,5.0,32.0,1691153157.0,4.0,1090.0,poseidon,condorpool,poseidon-worker-2-container-0-7,xgboost_hp_tuning,/srv/xgboost_hp_tuning,,1835.4,0,0,0.1,1346568314.0,40.0,3771.0,2.0,1749.6,58.0,4208026.0,4.0
xgboost_hp_tuning_ID0000012_pegasus-plan_ID0000020,None,compute,0,1677993992.0,,,1677993997.0,1677994720.0,1677994751.0,68948657.5,1677994773.0,1677995163.0,1677995093.0,1677995098.0,247.0,1677995163.0,1677995168.0,5.0,,776.0,390.0,5.0,31.0,1691153157.0,5.0,1048.0,poseidon,condorpool,poseidon-worker-2-container-8-15,xgboost_hp_tuning,/srv/xgboost_hp_tuning,,1836.7,0,0,0.1,1346572289.0,40.0,3786.0,2.0,1751.0,69.0,4080522.1,4.0
xgboost_hp_tuning_ID0000001_pegasus-plan_ID0000020,None,compute,0,1677993992.0,,,1677993997.0,1677994720.0,1677994751.0,69065027.3,1677994773.0,1677995178.0,1677995111.0,1677995115.0,251.0,1677995178.0,1677995183.0,5.0,,776.0,405.0,5.0,31.0,1691153157.0,4.0,1064.0,poseidon,condorpool,poseidon-worker-2-container-40-47,xgboost_hp_tuning,/srv/xgboost_hp_tuning,,1985.2,0,0,0.0,1346580116.0,40.0,3816.0,2.0,1927.9,56.6,3847371.8,4.0
xgboost_hp_tuning_ID0000013_pegasus-plan_ID0000020,None,compute,0,1677993992.0,,,1677993997.0,1677994718.0,1677994749.0,69057147.3,1677994772.0,1677995283.0,1677995215.0,1677995220.0,249.0,1677995283.0,1677995288.0,5.0,,775.0,511.0,5.0,31.0,1691153157.0,5.0,1054.0,poseidon,condorpool,poseidon-worker-1-container-0-7,xgboost_hp_tuning,/srv/xgboost_hp_tuning,,2760.5,0,0,0.0,1346618031.0,40.0,3966.0,2.0,2646.6,67.7,2992484.5,4.0
xgboost_hp_tuning_ID0000011_pegasus-plan_ID0000020,hdd_5,compute,0,1677993992.0,,,1677993997.0,1677994243.0,1677994289.0,59943755.3,1677994297.0,1677995048.0,1677994980.0,1677994984.0,253.0,1677995048.0,1677995053.0,5.0,,300.0,751.0,5.0,46.0,1691153157.0,4.0,1050.0,poseidon,condorpool,poseidon-worker-3-container-16-23,xgboost_hp_tuning,/srv/xgboost_hp_tuning,,2389.4,0,0,0.0,1346593732.0,192.0,3876.0,3.0,2276.1,53.5,3543667.7,9.6
xgboost_hp_tuning_ID0000022_pegasus-plan_ID0000020,None,compute,0,1677993992.0,,,1677993997.0,1677994243.0,1677994278.0,59626601.5,1677994297.0,1677994673.0,1677994605.0,1677994609.0,252.0,1677994673.0,1677994678.0,5.0,,300.0,376.0,5.0,35.0,1691153157.0,4.0,1063.0,poseidon,condorpool,poseidon-worker-3-container-8-15,xgboost_hp_tuning,/srv/xgboost_hp_tuning,,1647.6,0,0,0.0,1346554841.0,40.0,3724.0,2.0,1545.1,48.7,4643292.6,4.0
xgboost_hp_tuning_ID0000002_pegasus-plan_ID0000020,hdd_5,compute,0,1677993992.0,,,1677993997.0,1677994718.0,1677994764.0,68944003.1,1677994772.0,1677995148.0,1677995079.0,1677995084.0,202.0,1677995148.0,1677995153.0,5.0,,775.0,376.0,5.0,46.0,1691153157.0,5.0,1062.0,poseidon,condorpool,poseidon-worker-1-container-8-15,xgboost_hp_tuning,/srv/xgboost_hp_tuning,,1683.7,0,0,0.0,1346560782.0,40.0,3741.0,2.0,1616.0,55.8,4488535.9,4.0
xgboost_hp_tuning_ID0000014_pegasus-plan_ID0000020,hdd_5,compute,0,1677993992.0,,,1677993997.0,1677994718.0,1677994763.0,68937781.4,1677994771.0,1677995148.0,1677995079.0,1677995084.0,200.0,1677995148.0,1677995153.0,5.0,,774.0,377.0,5.0,45.0,1691153157.0,5.0,1052.0,poseidon,condorpool,poseidon-worker-1-container-40-47,xgboost_hp_tuning,/srv/xgboost_hp_tuning,,1689.6,0,0,0.1,1346560953.0,40.0,3741.0,2.0,1591.4,54.7,4488536.5,4.0
xgboost_hp_tuning_ID0000003_pegasus-plan_ID0000020,None,compute,0,1677993992.0,,,1677993997.0,1677994618.0,1677994707.0,20027116.8,1677994672.0,1677995183.0,1677995116.0,1677995121.0,250.0,1677995183.0,1677995188.0,5.0,,675.0,511.0,5.0,89.0,1691153157.0,5.0,1067.0,poseidon,condorpool,poseidon-worker-3-container-8-15,xgboost_hp_tuning,/srv/xgboost_hp_tuning,,2106.9,0,0,0.0,1346589532.0,4042.0,3859.0,5.0,2043.6,63.2,3543656.7,202.1
xgboost_hp_tuning_ID0000004_pegasus-plan_ID0000020,None,compute,0,1677993992.0,,,1677993997.0,1677994618.0,1677994707.0,20065720.0,1677994672.0,1677995183.0,1677995116.0,1677995121.0,248.0,1677995183.0,1677995188.0,5.0,,675.0,511.0,5.0,89.0,1691153157.0,5.0,1064.0,poseidon,condorpool,poseidon-worker-3-container-32-39,xgboost_hp_tuning,/srv/xgboost_hp_tuning,,2230.3,0,0,0.1,1346589764.0,40.0,3859.0,2.0,2157.1,56.4,3543657.3,4.0
xgboost_hp_tuning_ID0000016_pegasus-plan_ID0000020,hdd_5,compute,0,1677993992.0,,,1677993997.0,1677994618.0,1677994707.0,20022116.6,1677994672.0,1677995183.0,1677995116.0,1677995121.0,247.0,1677995183.0,1677995188.0,5.0,,675.0,511.0,5.0,89.0,1691153157.0,5.0,1055.0,poseidon,condorpool,poseidon-worker-3-container-40-47,xgboost_hp_tuning,/srv/xgboost_hp_tuning,,1884.2,0,0,0.0,1346570504.0,40.0,3784.0,2.0,1829.9,47.2,4080516.7,4.0
xgboost_hp_tuning_ID0000015_pegasus-plan_ID0000020,hdd_5,compute,0,1677993992.0,,,1677993997.0,1677994618.0,1677994707.0,20012603.3,1677994672.0,1677995183.0,1677995116.0,1677995121.0,247.0,1677995183.0,1677995188.0,5.0,,675.0,511.0,5.0,89.0,1691153157.0,5.0,1054.0,poseidon,condorpool,poseidon-worker-3-container-0-7,xgboost_hp_tuning,/srv/xgboost_hp_tuning,,1936.6,0,0,0.0,1346577910.0,40.0,3814.0,2.0,1850.6,59.3,3847365.5,4.0
xgboost_hp_tuning_ID0000017_pegasus-plan_ID0000020,None,compute,0,1677993992.0,,,1677993997.0,1677994341.0,1677994372.0,68976700.3,1677994395.0,1677994963.0,1677994893.0,1677994897.0,250.0,1677994963.0,1677994968.0,5.0,,398.0,568.0,5.0,31.0,1691153157.0,4.0,1056.0,poseidon,condorpool,poseidon-worker-2-container-0-7,xgboost_hp_tuning,/srv/xgboost_hp_tuning,,2325.5,0,0,0.0,1346602745.0,40.0,3906.0,2.0,2248.8,66.0,3284396.9,4.0
xgboost_hp_tuning_ID0000010_pegasus-plan_ID0000020,hdd_5,compute,0,1677993992.0,,,1677993997.0,1677994290.0,1677994389.0,68935817.2,1677994343.0,1677995148.0,1677995079.0,1677995083.0,245.0,1677995148.0,1677995153.0,5.0,,346.0,805.0,5.0,99.0,1691153157.0,4.0,1049.0,poseidon,condorpool,poseidon-worker-1-container-32-39,xgboost_hp_tuning,/srv/xgboost_hp_tuning,,2083.2,0,0,0.1,1346580049.0,40.0,3816.0,2.0,2030.9,45.1,3847371.6,4.0
xgboost_hp_tuning_ID0000021_pegasus-plan_ID0000020,hdd_5,compute,0,1677993992.0,,,1677993997.0,1677994289.0,1677994395.0,68971247.3,1677994343.0,1677995148.0,1677995079.0,1677995083.0,249.0,1677995148.0,1677995153.0,5.0,,346.0,805.0,5.0,106.0,1691153157.0,4.0,1063.0,poseidon,condorpool,poseidon-worker-1-container-24-31,xgboost_hp_tuning,/srv/xgboost_hp_tuning,,2061.7,0,0,0.1,1346583749.0,40.0,3831.0,2.0,1954.3,50.4,3740510.4,4.0
xgboost_hp_tuning_ID0000020_pegasus-plan_ID0000020,hdd_5,compute,0,1677993992.0,,,1677993997.0,1677994342.0,1677994389.0,69060251.0,1677994396.0,1677995148.0,1677995079.0,1677995083.0,247.0,1677995148.0,1677995153.0,5.0,,399.0,752.0,5.0,47.0,1691153157.0,4.0,1064.0,poseidon,condorpool,poseidon-worker-1-container-16-23,xgboost_hp_tuning,/srv/xgboost_hp_tuning,,1961.0,0,0,0.1,1346576243.0,40.0,3801.0,2.0,1866.6,44.7,3960518.4,4.0
xgboost_hp_tuning_ID0000008_pegasus-plan_ID0000020,None,compute,0,1677993992.0,,,1677993997.0,1677994341.0,1677994372.0,68998665.3,1677994394.0,1677994773.0,1677994706.0,1677994710.0,245.0,1677994773.0,1677994778.0,5.0,,397.0,379.0,5.0,31.0,1691153157.0,4.0,1058.0,poseidon,condorpool,poseidon-worker-2-container-40-47,xgboost_hp_tuning,/srv/xgboost_hp_tuning,,1791.8,0,0,0.0,1346568550.0,40.0,3771.0,2.0,1708.6,56.9,4208026.7,4.0
xgboost_hp_tuning_ID0000019_pegasus-plan_ID0000020,None,compute,0,1677993992.0,,,1677993997.0,1677994341.0,1677994372.0,68966389.1,1677994395.0,1677995133.0,1677995065.0,1677995069.0,249.0,1677995133.0,1677995138.0,5.0,,398.0,738.0,5.0,31.0,1691153157.0,4.0,1058.0,poseidon,condorpool,poseidon-worker-2-container-16-23,xgboost_hp_tuning,/srv/xgboost_hp_tuning,,3799.5,0,0,0.1,1346687213.0,40.0,4236.0,2.0,3673.0,96.7,2137598.8,4.0
xgboost_hp_tuning_ID0000005_pegasus-plan_ID0000020,None,compute,0,1677993992.0,,,1677993997.0,1677994618.0,1677994707.0,20034470.8,1677994672.0,1677995183.0,1677995116.0,1677995121.0,253.0,1677995183.0,1677995188.0,5.0,,675.0,511.0,5.0,89.0,1691153157.0,5.0,1078.0,poseidon,condorpool,poseidon-worker-3-container-24-31,xgboost_hp_tuning,/srv/xgboost_hp_tuning,,1707.8,0,0,0.0,1346566717.0,40.0,3769.0,2.0,1642.9,56.2,4208021.0,4.0
xgboost_hp_tuning_ID0000009_pegasus-plan_ID0000020,None,compute,0,1677993992.0,,,1677993997.0,1677994243.0,1677994278.0,59960295.9,1677994297.0,1677994673.0,1677994605.0,1677994609.0,251.0,1677994673.0,1677994678.0,5.0,,300.0,376.0,5.0,35.0,1691153157.0,4.0,1057.0,poseidon,condorpool,poseidon-worker-3-container-24-31,xgboost_hp_tuning,/srv/xgboost_hp_tuning,,1750.1,0,0,0.0,1346562717.0,40.0,3754.0,2.0,1674.5,58.4,4343750.7,4.0
xgboost_hp_tuning_ID0000007_pegasus-plan_ID0000020,hdd_5,compute,0,1677993992.0,,,1677993997.0,1677994341.0,1677994402.0,68931128.7,1677994395.0,1677994823.0,1677994757.0,1677994761.0,250.0,1677994823.0,1677994828.0,5.0,,398.0,428.0,5.0,61.0,1691153157.0,4.0,1064.0,poseidon,condorpool,poseidon-worker-2-container-32-39,xgboost_hp_tuning,/srv/xgboost_hp_tuning,,1995.1,0,0,0.1,1346576275.0,40.0,3801.0,2.0,1886.0,68.3,3960518.5,4.0
xgboost_hp_tuning_ID0000018_pegasus-plan_ID0000020,hdd_5,compute,0,1677993992.0,,,1677993997.0,1677994341.0,1677994399.0,69006287.4,1677994395.0,1677994838.0,1677994769.0,1677994773.0,248.0,1677994838.0,1677994843.0,5.0,,398.0,443.0,5.0,58.0,1691153157.0,4.0,1053.0,poseidon,condorpool,poseidon-worker-2-container-24-31,xgboost_hp_tuning,/srv/xgboost_hp_tuning,,2071.5,0,0,0.1,1346583907.0,40.0,3831.0,2.0,1996.7,73.5,3740510.9,4.0
xgboost_hp_tuning_ID0000006_pegasus-plan_ID0000020,None,compute,0,1677993992.0,,,1677993997.0,1677994341.0,1677994372.0,68946545.0,1677994395.0,1677994773.0,1677994706.0,1677994710.0,245.0,1677994773.0,1677994778.0,5.0,,398.0,378.0,5.0,31.0,1691153157.0,4.0,1065.0,poseidon,condorpool,poseidon-worker-2-container-8-15,xgboost_hp_tuning,/srv/xgboost_hp_tuning,,1700.6,0,0,0.1,1346564675.0,40.0,3756.0,2.0,1582.4,68.6,4343757.0,4.0
xgboost_best_params_ID0000024_pegasus-plan_ID0000012,hdd_5,compute,0,1677994306.0,,,1677994311.0,1677994290.0,1677994375.0,33290765.4,1677994343.0,1677994771.0,1677994704.0,1677994709.0,255.0,1677994771.0,1677994776.0,5.0,,32.0,428.0,5.0,85.0,368018657.0,5.0,1076.0,poseidon,condorpool,poseidon-worker-1-container-40-47,xgboost_best_params,/srv/xgboost_best_params,,0.0,0,0,,,,,,,,,
stage_out_local_condorpool_0_0_pegasus-plan_ID0000012,None,transfer,0,1677994306.0,,,1677994311.0,,,0.0,1677994311.0,1677994321.0,1677994311.0,1677994315.0,2097.0,1677994321.0,1677994326.0,5.0,,0.0,10.0,5.0,,,4.0,8460.0,poseidon,local,host-10-100-100-12.openstacklocal,pegasus::transfer,/home/poseidon/pegasus-5.1.0panorama/bin/pegasus-transfer,/home/poseidon/pegasus-5.1.0panorama/bin/../bin/pegasus-kickstart  -n pegasus::transfer -N null -i - -R local  -L xgboost_hp_tuning_group_0 -T 2023-03-05T05:25:30+00:00 /home/poseidon/pegasus-5.1.0panorama/bin/../bin/pegasus-transfer  --threads 2,1.1,0,0,,,,,,,,,
stage_out_local_condorpool_0_2_pegasus-plan_ID0000012,None,transfer,0,1677994306.0,,,1677994311.0,,,0.0,1677994311.0,1677994321.0,1677994311.0,1677994315.0,1840.0,1677994321.0,1677994326.0,5.0,,0.0,10.0,5.0,,,4.0,7423.0,poseidon,local,host-10-100-100-12.openstacklocal,pegasus::transfer,/home/poseidon/pegasus-5.1.0panorama/bin/pegasus-transfer,/home/poseidon/pegasus-5.1.0panorama/bin/../bin/pegasus-kickstart  -n pegasus::transfer -N null -i - -R local  -L xgboost_hp_tuning_group_0 -T 2023-03-05T05:25:30+00:00 /home/poseidon/pegasus-5.1.0panorama/bin/../bin/pegasus-transfer  --threads 2,1.0,0,0,,,,,,,,,
stage_out_local_condorpool_0_1_pegasus-plan_ID0000012,None,transfer,0,1677994306.0,,,1677994311.0,,,0.0,1677994311.0,1677994321.0,1677994311.0,1677994315.0,2109.0,1677994321.0,1677994326.0,5.0,,0.0,10.0,5.0,,,4.0,8505.0,poseidon,local,host-10-100-100-12.openstacklocal,pegasus::transfer,/home/poseidon/pegasus-5.1.0panorama/bin/pegasus-transfer,/home/poseidon/pegasus-5.1.0panorama/bin/../bin/pegasus-kickstart  -n pegasus::transfer -N null -i - -R local  -L xgboost_hp_tuning_group_0 -T 2023-03-05T05:25:30+00:00 /home/poseidon/pegasus-5.1.0panorama/bin/../bin/pegasus-transfer  --threads 2,1.1,0,0,,,,,,,,,
register_condorpool_0_0_pegasus-plan_ID0000012,None,auxiliary,0,1677994326.0,,,1677994351.0,,,0.0,1677994351.0,1677994356.0,,,0.0,1677994356.0,1677994361.0,25.0,,0.0,5.0,5.0,,,,,poseidon,local,host-10-100-100-12.openstacklocal,pegasus::rc-client,/home/poseidon/pegasus-5.1.0panorama/bin/pegasus-rc-client,"-n pegasus::rc-client -N null -R local  -L xgboost_hp_tuning_group_0 -T 2023-03-05T05:25:30+00:00 /home/poseidon/pegasus-5.1.0panorama/bin/pegasus-rc-client --prefix pegasus.catalog.replica.output --conf /home/poseidon/workflows/predict-future-sales-workflow/submit/poseidon/pegasus/predict-future-sales/run0433/00/00/./xgboost_hp_tuning_group_0.000/pegasus.1175739207619378642.properties -v --meta /home/poseidon/workflows/predict-future-sales-workflow/submit/poseidon/pegasus/predict-future-sales/run0433/00/00/./xgboost_hp_tuning_group_0.000/00/00/xgboost_hp_tuning_ID0000018.meta,/home/poseidon/workflows/predict-future-sales-workflow/submit/poseidon/pegasus/predict-future-sales/run0433/00/00/./xgboost_hp_tuning_group_0.000/00/00/xgboost_hp_tuning_ID0000009.meta,/home/poseidon/workflows/predict-future-sales-workflow/submit/poseidon/pegasus/predict-future-sales/run0433/00/00/./xgboost_hp_tuning_group_0.000/00/00/xgboost_hp_tuning_ID0000012.meta,/home/poseidon/workflows/predict-future-sales-workflow/submit/poseidon/pegasus/predict-future-sales/run0433/00/00/./xgboost_hp_tuning_group_0.000/00/00/xgboost_hp_tuning_ID0000008.meta,/home/poseidon/workflows/predict-future-sales-workflow/submit/poseidon/pegasus/predict-future-sales/run0433/00/00/./xgboost_hp_tuning_group_0.000/00/00/xgboost_hp_tuning_ID0000010.meta,/home/poseidon/workflows/predict-future-sales-workflow/submit/poseidon/pegasus/predict-future-sales/run0433/00/00/./xgboost_hp_tuning_group_0.000/00/00/xgboost_hp_tuning_ID0000002.meta,/home/poseidon/workflows/predict-future-sales-workflow/submit/poseidon/pegasus/predict-future-sales/run0433/00/00/./xgboost_hp_tuning_group_0.000/00/00/xgboost_hp_tuning_ID0000005.meta,/home/poseidon/workflows/predict-future-sales-workflow/submit/poseidon/pegasus/predict-future-sales/run0433/00/00/./xgboost_hp_tuning_group_0.000/00/00/xgboost_hp_tuning_ID0000015.meta --insert /home/poseidon/workflows/predict-future-sales-workflow/submit/poseidon/pegasus/predict-future-sales/run0433/00/00/./xgboost_hp_tuning_group_0.000/00/00/register_condorpool_0_0.in",3.0,0,0,,,,,,,,,
register_condorpool_0_1_pegasus-plan_ID0000012,None,auxiliary,0,1677994326.0,,,1677994341.0,,,0.0,1677994342.0,1677994346.0,,,0.0,1677994346.0,1677994351.0,15.0,,1.0,4.0,5.0,,,,,poseidon,local,host-10-100-100-12.openstacklocal,pegasus::rc-client,/home/poseidon/pegasus-5.1.0panorama/bin/pegasus-rc-client,"-n pegasus::rc-client -N null -R local  -L xgboost_hp_tuning_group_0 -T 2023-03-05T05:25:30+00:00 /home/poseidon/pegasus-5.1.0panorama/bin/pegasus-rc-client --prefix pegasus.catalog.replica.output --conf /home/poseidon/workflows/predict-future-sales-workflow/submit/poseidon/pegasus/predict-future-sales/run0433/00/00/./xgboost_hp_tuning_group_0.000/pegasus.1175739207619378642.properties -v --meta /home/poseidon/workflows/predict-future-sales-workflow/submit/poseidon/pegasus/predict-future-sales/run0433/00/00/./xgboost_hp_tuning_group_0.000/00/00/xgboost_hp_tuning_ID0000019.meta,/home/poseidon/workflows/predict-future-sales-workflow/submit/poseidon/pegasus/predict-future-sales/run0433/00/00/./xgboost_hp_tuning_group_0.000/00/00/xgboost_hp_tuning_ID0000003.meta,/home/poseidon/workflows/predict-future-sales-workflow/submit/poseidon/pegasus/predict-future-sales/run0433/00/00/./xgboost_hp_tuning_group_0.000/00/00/xgboost_hp_tuning_ID0000006.meta,/home/poseidon/workflows/predict-future-sales-workflow/submit/poseidon/pegasus/predict-future-sales/run0433/00/00/./xgboost_hp_tuning_group_0.000/00/00/xgboost_hp_tuning_ID0000016.meta,/home/poseidon/workflows/predict-future-sales-workflow/submit/poseidon/pegasus/predict-future-sales/run0433/00/00/./xgboost_hp_tuning_group_0.000/00/00/xgboost_hp_tuning_ID0000013.meta,/home/poseidon/workflows/predict-future-sales-workflow/submit/poseidon/pegasus/predict-future-sales/run0433/00/00/./xgboost_hp_tuning_group_0.000/00/00/xgboost_hp_tuning_ID0000023.meta,/home/poseidon/workflows/predict-future-sales-workflow/submit/poseidon/pegasus/predict-future-sales/run0433/00/00/./xgboost_hp_tuning_group_0.000/00/00/xgboost_hp_tuning_ID0000011.meta,/home/poseidon/workflows/predict-future-sales-workflow/submit/poseidon/pegasus/predict-future-sales/run0433/00/00/./xgboost_hp_tuning_group_0.000/00/00/xgboost_hp_tuning_ID0000021.meta --insert /home/poseidon/workflows/predict-future-sales-workflow/submit/poseidon/pegasus/predict-future-sales/run0433/00/00/./xgboost_hp_tuning_group_0.000/00/00/register_condorpool_0_1.in",3.0,0,0,,,,,,,,,
register_condorpool_0_2_pegasus-plan_ID0000012,None,auxiliary,0,1677994326.0,,,1677994331.0,,,0.0,1677994331.0,1677994336.0,,,0.0,1677994336.0,1677994341.0,5.0,,0.0,5.0,5.0,,,,,poseidon,local,host-10-100-100-12.openstacklocal,pegasus::rc-client,/home/poseidon/pegasus-5.1.0panorama/bin/pegasus-rc-client,"-n pegasus::rc-client -N null -R local  -L xgboost_hp_tuning_group_0 -T 2023-03-05T05:25:30+00:00 /home/poseidon/pegasus-5.1.0panorama/bin/pegasus-rc-client --prefix pegasus.catalog.replica.output --conf /home/poseidon/workflows/predict-future-sales-workflow/submit/poseidon/pegasus/predict-future-sales/run0433/00/00/./xgboost_hp_tuning_group_0.000/pegasus.1175739207619378642.properties -v --meta /home/poseidon/workflows/predict-future-sales-workflow/submit/poseidon/pegasus/predict-future-sales/run0433/00/00/./xgboost_hp_tuning_group_0.000/00/00/xgboost_hp_tuning_ID0000014.meta,/home/poseidon/workflows/predict-future-sales-workflow/submit/poseidon/pegasus/predict-future-sales/run0433/00/00/./xgboost_hp_tuning_group_0.000/00/00/xgboost_hp_tuning_ID0000001.meta,/home/poseidon/workflows/predict-future-sales-workflow/submit/poseidon/pegasus/predict-future-sales/run0433/00/00/./xgboost_hp_tuning_group_0.000/00/00/xgboost_hp_tuning_ID0000007.meta,/home/poseidon/workflows/predict-future-sales-workflow/submit/poseidon/pegasus/predict-future-sales/run0433/00/00/./xgboost_hp_tuning_group_0.000/00/00/xgboost_hp_tuning_ID0000004.meta,/home/poseidon/workflows/predict-future-sales-workflow/submit/poseidon/pegasus/predict-future-sales/run0433/00/00/./xgboost_hp_tuning_group_0.000/00/00/xgboost_hp_tuning_ID0000022.meta,/home/poseidon/workflows/predict-future-sales-workflow/submit/poseidon/pegasus/predict-future-sales/run0433/00/00/./xgboost_hp_tuning_group_0.000/00/00/xgboost_hp_tuning_ID0000020.meta,/home/poseidon/workflows/predict-future-sales-workflow/submit/poseidon/pegasus/predict-future-sales/run0433/00/00/./xgboost_hp_tuning_group_0.000/00/00/xgboost_hp_tuning_ID0000017.meta --insert /home/poseidon/workflows/predict-future-sales-workflow/submit/poseidon/pegasus/predict-future-sales/run0433/00/00/./xgboost_hp_tuning_group_0.000/00/00/register_condorpool_0_2.in",2.9,0,0,,,,,,,,,
stage_out_local_condorpool_0_1_pegasus-plan_ID0000016,None,transfer,0,1677994676.0,,,1677994681.0,,,0.0,1677994681.0,1677994691.0,1677994681.0,1677994686.0,2109.0,1677994691.0,1677994696.0,5.0,,0.0,10.0,5.0,,,5.0,8497.0,poseidon,local,host-10-100-100-12.openstacklocal,pegasus::transfer,/home/poseidon/pegasus-5.1.0panorama/bin/pegasus-transfer,/home/poseidon/pegasus-5.1.0panorama/bin/../bin/pegasus-kickstart  -n pegasus::transfer -N null -i - -R local  -L xgboost_hp_tuning_group_1 -T 2023-03-05T05:25:30+00:00 /home/poseidon/pegasus-5.1.0panorama/bin/../bin/pegasus-transfer  --threads 2,1.0,0,0,,,,,,,,,
register_condorpool_0_1_pegasus-plan_ID0000016,None,auxiliary,0,1677994696.0,,,1677994701.0,,,0.0,1677994701.0,1677994706.0,,,0.0,1677994706.0,1677994711.0,5.0,,0.0,5.0,5.0,,,,,poseidon,local,host-10-100-100-12.openstacklocal,pegasus::rc-client,/home/poseidon/pegasus-5.1.0panorama/bin/pegasus-rc-client,"-n pegasus::rc-client -N null -R local  -L xgboost_hp_tuning_group_1 -T 2023-03-05T05:25:30+00:00 /home/poseidon/pegasus-5.1.0panorama/bin/pegasus-rc-client --prefix pegasus.catalog.replica.output --conf /home/poseidon/workflows/predict-future-sales-workflow/submit/poseidon/pegasus/predict-future-sales/run0433/00/00/./xgboost_hp_tuning_group_1.000/pegasus.2899828540720943480.properties -v --meta /home/poseidon/workflows/predict-future-sales-workflow/submit/poseidon/pegasus/predict-future-sales/run0433/00/00/./xgboost_hp_tuning_group_1.000/00/00/xgboost_hp_tuning_ID0000013.meta,/home/poseidon/workflows/predict-future-sales-workflow/submit/poseidon/pegasus/predict-future-sales/run0433/00/00/./xgboost_hp_tuning_group_1.000/00/00/xgboost_hp_tuning_ID0000023.meta,/home/poseidon/workflows/predict-future-sales-workflow/submit/poseidon/pegasus/predict-future-sales/run0433/00/00/./xgboost_hp_tuning_group_1.000/00/00/xgboost_hp_tuning_ID0000011.meta,/home/poseidon/workflows/predict-future-sales-workflow/submit/poseidon/pegasus/predict-future-sales/run0433/00/00/./xgboost_hp_tuning_group_1.000/00/00/xgboost_hp_tuning_ID0000006.meta,/home/poseidon/workflows/predict-future-sales-workflow/submit/poseidon/pegasus/predict-future-sales/run0433/00/00/./xgboost_hp_tuning_group_1.000/00/00/xgboost_hp_tuning_ID0000003.meta,/home/poseidon/workflows/predict-future-sales-workflow/submit/poseidon/pegasus/predict-future-sales/run0433/00/00/./xgboost_hp_tuning_group_1.000/00/00/xgboost_hp_tuning_ID0000021.meta,/home/poseidon/workflows/predict-future-sales-workflow/submit/poseidon/pegasus/predict-future-sales/run0433/00/00/./xgboost_hp_tuning_group_1.000/00/00/xgboost_hp_tuning_ID0000019.meta,/home/poseidon/workflows/predict-future-sales-workflow/submit/poseidon/pegasus/predict-future-sales/run0433/00/00/./xgboost_hp_tuning_group_1.000/00/00/xgboost_hp_tuning_ID0000016.meta --insert /home/poseidon/workflows/predict-future-sales-workflow/submit/poseidon/pegasus/predict-future-sales/run0433/00/00/./xgboost_hp_tuning_group_1.000/00/00/register_condorpool_0_1.in",3.0,0,0,,,,,,,,,
stage_out_local_condorpool_0_2_pegasus-plan_ID0000016,None,transfer,0,1677994776.0,,,1677994781.0,,,0.0,1677994786.0,1677994796.0,1677994786.0,1677994790.0,1841.0,1677994796.0,1677994801.0,5.0,,5.0,10.0,5.0,,,4.0,7419.0,poseidon,local,host-10-100-100-12.openstacklocal,pegasus::transfer,/home/poseidon/pegasus-5.1.0panorama/bin/pegasus-transfer,/home/poseidon/pegasus-5.1.0panorama/bin/../bin/pegasus-kickstart  -n pegasus::transfer -N null -i - -R local  -L xgboost_hp_tuning_group_1 -T 2023-03-05T05:25:30+00:00 /home/poseidon/pegasus-5.1.0panorama/bin/../bin/pegasus-transfer  --threads 2,0.9,0,0,,,,,,,,,
stage_out_local_condorpool_1_0_pegasus-plan_ID0000012,None,transfer,0,1677994776.0,,,1677994781.0,,,0.0,1677994781.0,1677994791.0,1677994781.0,1677994785.0,1263.0,1677994791.0,1677994796.0,5.0,,0.0,10.0,5.0,,,4.0,5380.0,poseidon,local,host-10-100-100-12.openstacklocal,pegasus::transfer,/home/poseidon/pegasus-5.1.0panorama/bin/pegasus-transfer,/home/poseidon/pegasus-5.1.0panorama/bin/../bin/pegasus-kickstart  -n pegasus::transfer -N null -i - -R local  -L xgboost_hp_tuning_group_0 -T 2023-03-05T05:25:30+00:00 /home/poseidon/pegasus-5.1.0panorama/bin/../bin/pegasus-transfer  --threads 2,0.7,0,0,,,,,,,,,
stage_out_local_condorpool_0_0_pegasus-plan_ID0000016,None,transfer,0,1677994776.0,,,1677994781.0,,,0.0,1677994786.0,1677994796.0,1677994786.0,1677994790.0,2096.0,1677994796.0,1677994801.0,5.0,,5.0,10.0,5.0,,,4.0,8459.0,poseidon,local,host-10-100-100-12.openstacklocal,pegasus::transfer,/home/poseidon/pegasus-5.1.0panorama/bin/pegasus-transfer,/home/poseidon/pegasus-5.1.0panorama/bin/../bin/pegasus-kickstart  -n pegasus::transfer -N null -i - -R local  -L xgboost_hp_tuning_group_1 -T 2023-03-05T05:25:30+00:00 /home/poseidon/pegasus-5.1.0panorama/bin/../bin/pegasus-transfer  --threads 2,1.0,0,0,,,,,,,,,
xgboost_best_params_ID0000024_pegasus-plan_ID0000016,hdd_5,compute,0,1677994776.0,,,1677994781.0,1677994783.0,1677994827.0,33253473.6,1677994836.0,1677994987.0,1677994916.0,1677994921.0,253.0,1677994987.0,1677994992.0,5.0,,55.0,151.0,5.0,44.0,368018644.0,5.0,1061.0,poseidon,condorpool,poseidon-worker-2-container-24-31,xgboost_best_params,/srv/xgboost_best_params,,0.0,0,0,,,,,,,,,
register_condorpool_1_0_pegasus-plan_ID0000012,None,auxiliary,0,1677994796.0,,,1677994801.0,,,0.0,1677994801.0,1677994806.0,,,0.0,1677994806.0,1677994811.0,5.0,,0.0,5.0,5.0,,,,,poseidon,local,host-10-100-100-12.openstacklocal,pegasus::rc-client,/home/poseidon/pegasus-5.1.0panorama/bin/pegasus-rc-client,-n pegasus::rc-client -N null -R local  -L xgboost_hp_tuning_group_0 -T 2023-03-05T05:25:30+00:00 /home/poseidon/pegasus-5.1.0panorama/bin/pegasus-rc-client --prefix pegasus.catalog.replica.output --conf /home/poseidon/workflows/predict-future-sales-workflow/submit/poseidon/pegasus/predict-future-sales/run0433/00/00/./xgboost_hp_tuning_group_0.000/pegasus.1175739207619378642.properties -v --meta /home/poseidon/workflows/predict-future-sales-workflow/submit/poseidon/pegasus/predict-future-sales/run0433/00/00/./xgboost_hp_tuning_group_0.000/00/00/xgboost_best_params_ID0000024.meta --insert /home/poseidon/workflows/predict-future-sales-workflow/submit/poseidon/pegasus/predict-future-sales/run0433/00/00/./xgboost_hp_tuning_group_0.000/00/00/register_condorpool_1_0.in,3.0,0,0,,,,,,,,,
register_condorpool_0_0_pegasus-plan_ID0000016,None,auxiliary,0,1677994801.0,,,1677994816.0,,,0.0,1677994816.0,1677994821.0,,,0.0,1677994821.0,1677994826.0,15.0,,0.0,5.0,5.0,,,,,poseidon,local,host-10-100-100-12.openstacklocal,pegasus::rc-client,/home/poseidon/pegasus-5.1.0panorama/bin/pegasus-rc-client,"-n pegasus::rc-client -N null -R local  -L xgboost_hp_tuning_group_1 -T 2023-03-05T05:25:30+00:00 /home/poseidon/pegasus-5.1.0panorama/bin/pegasus-rc-client --prefix pegasus.catalog.replica.output --conf /home/poseidon/workflows/predict-future-sales-workflow/submit/poseidon/pegasus/predict-future-sales/run0433/00/00/./xgboost_hp_tuning_group_1.000/pegasus.2899828540720943480.properties -v --meta /home/poseidon/workflows/predict-future-sales-workflow/submit/poseidon/pegasus/predict-future-sales/run0433/00/00/./xgboost_hp_tuning_group_1.000/00/00/xgboost_hp_tuning_ID0000018.meta,/home/poseidon/workflows/predict-future-sales-workflow/submit/poseidon/pegasus/predict-future-sales/run0433/00/00/./xgboost_hp_tuning_group_1.000/00/00/xgboost_hp_tuning_ID0000002.meta,/home/poseidon/workflows/predict-future-sales-workflow/submit/poseidon/pegasus/predict-future-sales/run0433/00/00/./xgboost_hp_tuning_group_1.000/00/00/xgboost_hp_tuning_ID0000005.meta,/home/poseidon/workflows/predict-future-sales-workflow/submit/poseidon/pegasus/predict-future-sales/run0433/00/00/./xgboost_hp_tuning_group_1.000/00/00/xgboost_hp_tuning_ID0000009.meta,/home/poseidon/workflows/predict-future-sales-workflow/submit/poseidon/pegasus/predict-future-sales/run0433/00/00/./xgboost_hp_tuning_group_1.000/00/00/xgboost_hp_tuning_ID0000015.meta,/home/poseidon/workflows/predict-future-sales-workflow/submit/poseidon/pegasus/predict-future-sales/run0433/00/00/./xgboost_hp_tuning_group_1.000/00/00/xgboost_hp_tuning_ID0000012.meta,/home/poseidon/workflows/predict-future-sales-workflow/submit/poseidon/pegasus/predict-future-sales/run0433/00/00/./xgboost_hp_tuning_group_1.000/00/00/xgboost_hp_tuning_ID0000010.meta,/home/poseidon/workflows/predict-future-sales-workflow/submit/poseidon/pegasus/predict-future-sales/run0433/00/00/./xgboost_hp_tuning_group_1.000/00/00/xgboost_hp_tuning_ID0000008.meta --insert /home/poseidon/workflows/predict-future-sales-workflow/submit/poseidon/pegasus/predict-future-sales/run0433/00/00/./xgboost_hp_tuning_group_1.000/00/00/register_condorpool_0_0.in",3.0,0,0,,,,,,,,,
register_condorpool_0_2_pegasus-plan_ID0000016,None,auxiliary,0,1677994801.0,,,1677994806.0,,,0.0,1677994806.0,1677994811.0,,,0.0,1677994811.0,1677994816.0,5.0,,0.0,5.0,5.0,,,,,poseidon,local,host-10-100-100-12.openstacklocal,pegasus::rc-client,/home/poseidon/pegasus-5.1.0panorama/bin/pegasus-rc-client,"-n pegasus::rc-client -N null -R local  -L xgboost_hp_tuning_group_1 -T 2023-03-05T05:25:30+00:00 /home/poseidon/pegasus-5.1.0panorama/bin/pegasus-rc-client --prefix pegasus.catalog.replica.output --conf /home/poseidon/workflows/predict-future-sales-workflow/submit/poseidon/pegasus/predict-future-sales/run0433/00/00/./xgboost_hp_tuning_group_1.000/pegasus.2899828540720943480.properties -v --meta /home/poseidon/workflows/predict-future-sales-workflow/submit/poseidon/pegasus/predict-future-sales/run0433/00/00/./xgboost_hp_tuning_group_1.000/00/00/xgboost_hp_tuning_ID0000017.meta,/home/poseidon/workflows/predict-future-sales-workflow/submit/poseidon/pegasus/predict-future-sales/run0433/00/00/./xgboost_hp_tuning_group_1.000/00/00/xgboost_hp_tuning_ID0000022.meta,/home/poseidon/workflows/predict-future-sales-workflow/submit/poseidon/pegasus/predict-future-sales/run0433/00/00/./xgboost_hp_tuning_group_1.000/00/00/xgboost_hp_tuning_ID0000007.meta,/home/poseidon/workflows/predict-future-sales-workflow/submit/poseidon/pegasus/predict-future-sales/run0433/00/00/./xgboost_hp_tuning_group_1.000/00/00/xgboost_hp_tuning_ID0000020.meta,/home/poseidon/workflows/predict-future-sales-workflow/submit/poseidon/pegasus/predict-future-sales/run0433/00/00/./xgboost_hp_tuning_group_1.000/00/00/xgboost_hp_tuning_ID0000001.meta,/home/poseidon/workflows/predict-future-sales-workflow/submit/poseidon/pegasus/predict-future-sales/run0433/00/00/./xgboost_hp_tuning_group_1.000/00/00/xgboost_hp_tuning_ID0000004.meta,/home/poseidon/workflows/predict-future-sales-workflow/submit/poseidon/pegasus/predict-future-sales/run0433/00/00/./xgboost_hp_tuning_group_1.000/00/00/xgboost_hp_tuning_ID0000014.meta --insert /home/poseidon/workflows/predict-future-sales-workflow/submit/poseidon/pegasus/predict-future-sales/run0433/00/00/./xgboost_hp_tuning_group_1.000/00/00/register_condorpool_0_2.in",3.0,0,0,,,,,,,,,
xgboost_model_ID0000013,hdd_5,compute,0,1677994814.0,,,1677994819.0,1677994771.0,1677994815.0,46437648.0,1677994824.0,1677994984.0,1677994916.0,1677994921.0,428532.0,1677994984.0,1677994989.0,5.0,,5.0,160.0,5.0,44.0,502671206.0,5.0,1926229.0,poseidon,condorpool,poseidon-worker-2-container-32-39,xgboost_model,/srv/xgboost_model,,35.2,0,0,,,,,,,,,
model_predict_ID0000014,hdd_5,compute,0,1677994989.0,,,1677994994.0,1677994942.0,1677994987.0,42001647.2,1677994996.0,1677995134.0,1677995065.0,1677995069.0,102459.0,1677995134.0,1677995139.0,5.0,,2.0,138.0,5.0,45.0,372113636.0,4.0,451213.0,poseidon,condorpool,poseidon-worker-2-container-32-39,model_predict,/srv/model_predict,,2.7,0,0,,,,,,,,,
stage_out_local_condorpool_1_0_pegasus-plan_ID0000016,None,transfer,0,1677994992.0,,,1677994997.0,,,0.0,1677995000.0,1677995012.0,1677995000.0,1677995005.0,1228.0,1677995012.0,1677995017.0,5.0,,3.0,12.0,5.0,,,5.0,5305.0,poseidon,local,host-10-100-100-12.openstacklocal,pegasus::transfer,/home/poseidon/pegasus-5.1.0panorama/bin/pegasus-transfer,/home/poseidon/pegasus-5.1.0panorama/bin/../bin/pegasus-kickstart  -n pegasus::transfer -N null -i - -R local  -L xgboost_hp_tuning_group_1 -T 2023-03-05T05:25:30+00:00 /home/poseidon/pegasus-5.1.0panorama/bin/../bin/pegasus-transfer  --threads 2,0.7,0,0,,,,,,,,,
register_condorpool_1_0_pegasus-plan_ID0000016,None,auxiliary,0,1677995017.0,,,1677995022.0,,,0.0,1677995022.0,1677995027.0,,,0.0,1677995027.0,1677995032.0,5.0,,0.0,5.0,5.0,,,,,poseidon,local,host-10-100-100-12.openstacklocal,pegasus::rc-client,/home/poseidon/pegasus-5.1.0panorama/bin/pegasus-rc-client,-n pegasus::rc-client -N null -R local  -L xgboost_hp_tuning_group_1 -T 2023-03-05T05:25:30+00:00 /home/poseidon/pegasus-5.1.0panorama/bin/pegasus-rc-client --prefix pegasus.catalog.replica.output --conf /home/poseidon/workflows/predict-future-sales-workflow/submit/poseidon/pegasus/predict-future-sales/run0433/00/00/./xgboost_hp_tuning_group_1.000/pegasus.2899828540720943480.properties -v --meta /home/poseidon/workflows/predict-future-sales-workflow/submit/poseidon/pegasus/predict-future-sales/run0433/00/00/./xgboost_hp_tuning_group_1.000/00/00/xgboost_best_params_ID0000024.meta --insert /home/poseidon/workflows/predict-future-sales-workflow/submit/poseidon/pegasus/predict-future-sales/run0433/00/00/./xgboost_hp_tuning_group_1.000/00/00/register_condorpool_1_0.in,3.0,0,0,,,,,,,,,
xgboost_model_ID0000017,hdd_5,compute,0,1677995034.0,,,1677995039.0,1677994993.0,1677995026.0,42655901.5,1677995047.0,1677995184.0,1677995116.0,1677995121.0,56710.0,1677995184.0,1677995189.0,5.0,,8.0,137.0,5.0,33.0,377645128.0,5.0,253559.0,poseidon,condorpool,poseidon-worker-3-container-16-23,xgboost_model,/srv/xgboost_model,,9.6,0,0,,,,,,,,,
stage_out_local_condorpool_0_0_pegasus-plan_ID0000020,None,transfer,0,1677995188.0,,,1677995193.0,,,0.0,1677995194.0,1677995203.0,1677995194.0,1677995198.0,2097.0,1677995203.0,1677995208.0,5.0,,1.0,9.0,5.0,,,4.0,8459.0,poseidon,local,host-10-100-100-12.openstacklocal,pegasus::transfer,/home/poseidon/pegasus-5.1.0panorama/bin/pegasus-transfer,/home/poseidon/pegasus-5.1.0panorama/bin/../bin/pegasus-kickstart  -n pegasus::transfer -N null -i - -R local  -L xgboost_hp_tuning_group_2 -T 2023-03-05T05:25:30+00:00 /home/poseidon/pegasus-5.1.0panorama/bin/../bin/pegasus-transfer  --threads 2,1.0,0,0,,,,,,,,,
stage_out_local_condorpool_0_2_pegasus-plan_ID0000020,None,transfer,0,1677995188.0,,,1677995193.0,,,0.0,1677995194.0,1677995203.0,1677995194.0,1677995198.0,1839.0,1677995203.0,1677995208.0,5.0,,1.0,9.0,5.0,,,4.0,7427.0,poseidon,local,host-10-100-100-12.openstacklocal,pegasus::transfer,/home/poseidon/pegasus-5.1.0panorama/bin/pegasus-transfer,/home/poseidon/pegasus-5.1.0panorama/bin/../bin/pegasus-kickstart  -n pegasus::transfer -N null -i - -R local  -L xgboost_hp_tuning_group_2 -T 2023-03-05T05:25:30+00:00 /home/poseidon/pegasus-5.1.0panorama/bin/../bin/pegasus-transfer  --threads 2,1.0,0,0,,,,,,,,,
model_predict_ID0000018,hdd_5,compute,0,1677995189.0,,,1677995194.0,1677995141.0,1677995174.0,41769292.0,1677995195.0,1677995329.0,1677995263.0,1677995267.0,5839.0,1677995329.0,1677995334.0,5.0,,1.0,134.0,5.0,33.0,368355708.0,4.0,25035.0,poseidon,condorpool,poseidon-worker-3-container-16-23,model_predict,/srv/model_predict,,2.6,0,0,,,,,,,,,
register_condorpool_0_2_pegasus-plan_ID0000020,None,auxiliary,0,1677995208.0,,,1677995213.0,,,0.0,1677995213.0,1677995218.0,,,0.0,1677995218.0,1677995223.0,5.0,,0.0,5.0,5.0,,,,,poseidon,local,host-10-100-100-12.openstacklocal,pegasus::rc-client,/home/poseidon/pegasus-5.1.0panorama/bin/pegasus-rc-client,"-n pegasus::rc-client -N null -R local  -L xgboost_hp_tuning_group_2 -T 2023-03-05T05:25:30+00:00 /home/poseidon/pegasus-5.1.0panorama/bin/pegasus-rc-client --prefix pegasus.catalog.replica.output --conf /home/poseidon/workflows/predict-future-sales-workflow/submit/poseidon/pegasus/predict-future-sales/run0433/00/00/./xgboost_hp_tuning_group_2.000/pegasus.8351027801910497089.properties -v --meta /home/poseidon/workflows/predict-future-sales-workflow/submit/poseidon/pegasus/predict-future-sales/run0433/00/00/./xgboost_hp_tuning_group_2.000/00/00/xgboost_hp_tuning_ID0000017.meta,/home/poseidon/workflows/predict-future-sales-workflow/submit/poseidon/pegasus/predict-future-sales/run0433/00/00/./xgboost_hp_tuning_group_2.000/00/00/xgboost_hp_tuning_ID0000022.meta,/home/poseidon/workflows/predict-future-sales-workflow/submit/poseidon/pegasus/predict-future-sales/run0433/00/00/./xgboost_hp_tuning_group_2.000/00/00/xgboost_hp_tuning_ID0000007.meta,/home/poseidon/workflows/predict-future-sales-workflow/submit/poseidon/pegasus/predict-future-sales/run0433/00/00/./xgboost_hp_tuning_group_2.000/00/00/xgboost_hp_tuning_ID0000020.meta,/home/poseidon/workflows/predict-future-sales-workflow/submit/poseidon/pegasus/predict-future-sales/run0433/00/00/./xgboost_hp_tuning_group_2.000/00/00/xgboost_hp_tuning_ID0000001.meta,/home/poseidon/workflows/predict-future-sales-workflow/submit/poseidon/pegasus/predict-future-sales/run0433/00/00/./xgboost_hp_tuning_group_2.000/00/00/xgboost_hp_tuning_ID0000004.meta,/home/poseidon/workflows/predict-future-sales-workflow/submit/poseidon/pegasus/predict-future-sales/run0433/00/00/./xgboost_hp_tuning_group_2.000/00/00/xgboost_hp_tuning_ID0000014.meta --insert /home/poseidon/workflows/predict-future-sales-workflow/submit/poseidon/pegasus/predict-future-sales/run0433/00/00/./xgboost_hp_tuning_group_2.000/00/00/register_condorpool_0_2.in",2.9,0,0,,,,,,,,,
register_condorpool_0_0_pegasus-plan_ID0000020,None,auxiliary,0,1677995208.0,,,1677995223.0,,,0.0,1677995223.0,1677995228.0,,,0.0,1677995228.0,1677995233.0,15.0,,0.0,5.0,5.0,,,,,poseidon,local,host-10-100-100-12.openstacklocal,pegasus::rc-client,/home/poseidon/pegasus-5.1.0panorama/bin/pegasus-rc-client,"-n pegasus::rc-client -N null -R local  -L xgboost_hp_tuning_group_2 -T 2023-03-05T05:25:30+00:00 /home/poseidon/pegasus-5.1.0panorama/bin/pegasus-rc-client --prefix pegasus.catalog.replica.output --conf /home/poseidon/workflows/predict-future-sales-workflow/submit/poseidon/pegasus/predict-future-sales/run0433/00/00/./xgboost_hp_tuning_group_2.000/pegasus.8351027801910497089.properties -v --meta /home/poseidon/workflows/predict-future-sales-workflow/submit/poseidon/pegasus/predict-future-sales/run0433/00/00/./xgboost_hp_tuning_group_2.000/00/00/xgboost_hp_tuning_ID0000018.meta,/home/poseidon/workflows/predict-future-sales-workflow/submit/poseidon/pegasus/predict-future-sales/run0433/00/00/./xgboost_hp_tuning_group_2.000/00/00/xgboost_hp_tuning_ID0000002.meta,/home/poseidon/workflows/predict-future-sales-workflow/submit/poseidon/pegasus/predict-future-sales/run0433/00/00/./xgboost_hp_tuning_group_2.000/00/00/xgboost_hp_tuning_ID0000005.meta,/home/poseidon/workflows/predict-future-sales-workflow/submit/poseidon/pegasus/predict-future-sales/run0433/00/00/./xgboost_hp_tuning_group_2.000/00/00/xgboost_hp_tuning_ID0000009.meta,/home/poseidon/workflows/predict-future-sales-workflow/submit/poseidon/pegasus/predict-future-sales/run0433/00/00/./xgboost_hp_tuning_group_2.000/00/00/xgboost_hp_tuning_ID0000015.meta,/home/poseidon/workflows/predict-future-sales-workflow/submit/poseidon/pegasus/predict-future-sales/run0433/00/00/./xgboost_hp_tuning_group_2.000/00/00/xgboost_hp_tuning_ID0000012.meta,/home/poseidon/workflows/predict-future-sales-workflow/submit/poseidon/pegasus/predict-future-sales/run0433/00/00/./xgboost_hp_tuning_group_2.000/00/00/xgboost_hp_tuning_ID0000010.meta,/home/poseidon/workflows/predict-future-sales-workflow/submit/poseidon/pegasus/predict-future-sales/run0433/00/00/./xgboost_hp_tuning_group_2.000/00/00/xgboost_hp_tuning_ID0000008.meta --insert /home/poseidon/workflows/predict-future-sales-workflow/submit/poseidon/pegasus/predict-future-sales/run0433/00/00/./xgboost_hp_tuning_group_2.000/00/00/register_condorpool_0_0.in",3.0,0,0,,,,,,,,,
xgboost_best_params_ID0000024_pegasus-plan_ID0000020,hdd_5,compute,0,1677995343.0,,,1677995348.0,1677995295.0,1677995328.0,37021217.3,1677995349.0,1677995473.0,1677995405.0,1677995409.0,250.0,1677995473.0,1677995478.0,5.0,,1.0,124.0,5.0,33.0,368018657.0,4.0,1056.0,poseidon,condorpool,poseidon-worker-3-container-0-7,xgboost_best_params,/srv/xgboost_best_params,,0.0,0,0,,,,,,,,,
stage_out_local_condorpool_0_1_pegasus-plan_ID0000020,None,transfer,0,1677995343.0,,,1677995348.0,,,0.0,1677995348.0,1677995358.0,1677995348.0,1677995352.0,2109.0,1677995358.0,1677995363.0,5.0,,0.0,10.0,5.0,,,4.0,8502.0,poseidon,local,host-10-100-100-12.openstacklocal,pegasus::transfer,/home/poseidon/pegasus-5.1.0panorama/bin/pegasus-transfer,/home/poseidon/pegasus-5.1.0panorama/bin/../bin/pegasus-kickstart  -n pegasus::transfer -N null -i - -R local  -L xgboost_hp_tuning_group_2 -T 2023-03-05T05:25:30+00:00 /home/poseidon/pegasus-5.1.0panorama/bin/../bin/pegasus-transfer  --threads 2,1.0,0,0,,,,,,,,,
register_condorpool_0_1_pegasus-plan_ID0000020,None,auxiliary,0,1677995363.0,,,1677995368.0,,,0.0,1677995368.0,1677995373.0,,,0.0,1677995373.0,1677995378.0,5.0,,0.0,5.0,5.0,,,,,poseidon,local,host-10-100-100-12.openstacklocal,pegasus::rc-client,/home/poseidon/pegasus-5.1.0panorama/bin/pegasus-rc-client,"-n pegasus::rc-client -N null -R local  -L xgboost_hp_tuning_group_2 -T 2023-03-05T05:25:30+00:00 /home/poseidon/pegasus-5.1.0panorama/bin/pegasus-rc-client --prefix pegasus.catalog.replica.output --conf /home/poseidon/workflows/predict-future-sales-workflow/submit/poseidon/pegasus/predict-future-sales/run0433/00/00/./xgboost_hp_tuning_group_2.000/pegasus.8351027801910497089.properties -v --meta /home/poseidon/workflows/predict-future-sales-workflow/submit/poseidon/pegasus/predict-future-sales/run0433/00/00/./xgboost_hp_tuning_group_2.000/00/00/xgboost_hp_tuning_ID0000013.meta,/home/poseidon/workflows/predict-future-sales-workflow/submit/poseidon/pegasus/predict-future-sales/run0433/00/00/./xgboost_hp_tuning_group_2.000/00/00/xgboost_hp_tuning_ID0000023.meta,/home/poseidon/workflows/predict-future-sales-workflow/submit/poseidon/pegasus/predict-future-sales/run0433/00/00/./xgboost_hp_tuning_group_2.000/00/00/xgboost_hp_tuning_ID0000011.meta,/home/poseidon/workflows/predict-future-sales-workflow/submit/poseidon/pegasus/predict-future-sales/run0433/00/00/./xgboost_hp_tuning_group_2.000/00/00/xgboost_hp_tuning_ID0000006.meta,/home/poseidon/workflows/predict-future-sales-workflow/submit/poseidon/pegasus/predict-future-sales/run0433/00/00/./xgboost_hp_tuning_group_2.000/00/00/xgboost_hp_tuning_ID0000003.meta,/home/poseidon/workflows/predict-future-sales-workflow/submit/poseidon/pegasus/predict-future-sales/run0433/00/00/./xgboost_hp_tuning_group_2.000/00/00/xgboost_hp_tuning_ID0000021.meta,/home/poseidon/workflows/predict-future-sales-workflow/submit/poseidon/pegasus/predict-future-sales/run0433/00/00/./xgboost_hp_tuning_group_2.000/00/00/xgboost_hp_tuning_ID0000019.meta,/home/poseidon/workflows/predict-future-sales-workflow/submit/poseidon/pegasus/predict-future-sales/run0433/00/00/./xgboost_hp_tuning_group_2.000/00/00/xgboost_hp_tuning_ID0000016.meta --insert /home/poseidon/workflows/predict-future-sales-workflow/submit/poseidon/pegasus/predict-future-sales/run0433/00/00/./xgboost_hp_tuning_group_2.000/00/00/register_condorpool_0_1.in",3.0,0,0,,,,,,,,,
stage_out_local_condorpool_1_0_pegasus-plan_ID0000020,None,transfer,0,1677995478.0,,,1677995483.0,,,0.0,1677995483.0,1677995493.0,1677995484.0,1677995488.0,1220.0,1677995493.0,1677995498.0,5.0,,0.0,10.0,5.0,,,4.0,5280.0,poseidon,local,host-10-100-100-12.openstacklocal,pegasus::transfer,/home/poseidon/pegasus-5.1.0panorama/bin/pegasus-transfer,/home/poseidon/pegasus-5.1.0panorama/bin/../bin/pegasus-kickstart  -n pegasus::transfer -N null -i - -R local  -L xgboost_hp_tuning_group_2 -T 2023-03-05T05:25:30+00:00 /home/poseidon/pegasus-5.1.0panorama/bin/../bin/pegasus-transfer  --threads 2,0.7,0,0,,,,,,,,,
register_condorpool_1_0_pegasus-plan_ID0000020,None,auxiliary,0,1677995498.0,,,1677995503.0,,,0.0,1677995503.0,1677995508.0,,,0.0,1677995508.0,1677995513.0,5.0,,0.0,5.0,5.0,,,,,poseidon,local,host-10-100-100-12.openstacklocal,pegasus::rc-client,/home/poseidon/pegasus-5.1.0panorama/bin/pegasus-rc-client,-n pegasus::rc-client -N null -R local  -L xgboost_hp_tuning_group_2 -T 2023-03-05T05:25:30+00:00 /home/poseidon/pegasus-5.1.0panorama/bin/pegasus-rc-client --prefix pegasus.catalog.replica.output --conf /home/poseidon/workflows/predict-future-sales-workflow/submit/poseidon/pegasus/predict-future-sales/run0433/00/00/./xgboost_hp_tuning_group_2.000/pegasus.8351027801910497089.properties -v --meta /home/poseidon/workflows/predict-future-sales-workflow/submit/poseidon/pegasus/predict-future-sales/run0433/00/00/./xgboost_hp_tuning_group_2.000/00/00/xgboost_best_params_ID0000024.meta --insert /home/poseidon/workflows/predict-future-sales-workflow/submit/poseidon/pegasus/predict-future-sales/run0433/00/00/./xgboost_hp_tuning_group_2.000/00/00/register_condorpool_1_0.in,3.0,0,0,,,,,,,,,
xgboost_model_ID0000021,hdd_5,compute,0,1677995514.0,,,1677995519.0,1677995471.0,1677995520.0,69012782.9,1677995525.0,1677995919.0,1677995848.0,1677995853.0,3497609.0,1677995919.0,1677995924.0,5.0,,6.0,394.0,5.0,49.0,1691152077.0,5.0,16659324.0,poseidon,condorpool,poseidon-worker-3-container-0-7,xgboost_model,/srv/xgboost_model,,688.4,0,0,0.0,1348832873.0,24449.0,5341.0,8.0,654.1,16.6,12262117.0,2444.9
stage_out_local_local_5_0,None,transfer,0,1677995514.0,,,1677995519.0,,,0.0,1677995519.0,1677995529.0,1677995520.0,1677995524.0,790.0,1677995529.0,1677995534.0,5.0,,0.0,10.0,5.0,,,4.0,3193.0,poseidon,local,host-10-100-100-12.openstacklocal,pegasus::transfer,/home/poseidon/pegasus-5.1.0panorama/bin/pegasus-transfer,pegasus-kickstart  -n pegasus::transfer -N null -i - -R local  -L predict-future-sales -T 2023-02-17T19:59:06+00:00 pegasus-transfer  --threads 2,0.3,0,0,,,,,,,,,
cleanup_predict-future-sales_0_local,None,auxiliary,0,1677995534.0,,,1677995539.0,,,0.0,1677995540.0,1677995549.0,,,0.0,1677995549.0,1677995554.0,5.0,,1.0,9.0,5.0,,,,,poseidon,local,host-10-100-100-12.openstacklocal,pegasus::cleanup,/home/poseidon/pegasus-5.1.0panorama/bin/pegasus-transfer,pegasus-kickstart  -n pegasus::cleanup -N null -i - -R local  -L predict-future-sales -T 2023-02-17T19:59:06+00:00 pegasus-transfer,0.3,0,0,,,,,,,,,
stage_out_local_condorpool_6_0,None,transfer,0,1677995924.0,,,1677995929.0,,,0.0,1677995929.0,1677995939.0,1677995930.0,1677995934.0,4671917.0,1677995939.0,1677995944.0,5.0,,0.0,10.0,5.0,,,4.0,18839112.0,poseidon,local,host-10-100-100-12.openstacklocal,pegasus::transfer,/home/poseidon/pegasus-5.1.0panorama/bin/pegasus-transfer,pegasus-kickstart  -n pegasus::transfer -N null -i - -R local  -L predict-future-sales -T 2023-02-17T19:59:06+00:00 pegasus-transfer  --threads 2,0.9,0,0,,,,,,,,,
model_predict_ID0000022,hdd_5,compute,0,1677995924.0,,,1677995929.0,1677995877.0,1677995910.0,41478936.0,1677995931.0,1677996075.0,1677996007.0,1677996012.0,1229750.0,1677996075.0,1677996080.0,5.0,,2.0,144.0,5.0,33.0,411663999.0,5.0,5523764.0,poseidon,condorpool,poseidon-worker-3-container-0-7,model_predict,/srv/model_predict,,3.8,0,0,,,,,,,,,
stage_out_local_condorpool_7_0,None,transfer,0,1677996080.0,,,1677996085.0,,,0.0,1677996085.0,1677996095.0,1677996085.0,1677996089.0,1488023.0,1677996095.0,1677996100.0,5.0,,0.0,10.0,5.0,,,4.0,6000012.0,poseidon,local,host-10-100-100-12.openstacklocal,pegasus::transfer,/home/poseidon/pegasus-5.1.0panorama/bin/pegasus-transfer,pegasus-kickstart  -n pegasus::transfer -N null -i - -R local  -L predict-future-sales -T 2023-02-17T19:59:06+00:00 pegasus-transfer  --threads 2,0.6,0,0,,,,,,,,,
predict_merge_ID0000023,hdd_5,compute,0,1677996080.0,,,1677996085.0,1677996032.0,1677996070.0,38040318.7,1677996086.0,1677996230.0,1677996160.0,1677996164.0,830351.0,1677996230.0,1677996235.0,5.0,,1.0,144.0,5.0,38.0,377176763.0,4.0,3719586.0,poseidon,condorpool,poseidon-worker-3-container-0-7,predict_merge,/srv/predict_merge,,1.5,0,0,,,,,,,,,
stage_out_local_condorpool_8_0,None,transfer,0,1677996235.0,,,1677996240.0,,,0.0,1677996240.0,1677996250.0,1677996241.0,1677996243.0,1716817.0,1677996250.0,1677996255.0,5.0,,0.0,10.0,5.0,,,2.0,3719586.0,poseidon,local,host-10-100-100-12.openstacklocal,pegasus::transfer,/home/poseidon/pegasus-5.1.0panorama/bin/pegasus-transfer,pegasus-kickstart  -n pegasus::transfer -N null -i - -R local  -L predict-future-sales -T 2023-02-17T19:59:06+00:00 pegasus-transfer  --threads 2,0.4,0,0,,,,,,,,,
cleanup_predict-future-sales_0_condorpool,None,auxiliary,0,1677996255.0,,,1677996260.0,,,0.0,1677996260.0,1677996270.0,,,0.0,1677996270.0,1677996275.0,5.0,,0.0,10.0,5.0,,,,,poseidon,local,host-10-100-100-12.openstacklocal,pegasus::cleanup,/home/poseidon/pegasus-5.1.0panorama/bin/pegasus-transfer,pegasus-kickstart  -n pegasus::cleanup -N null -i - -R local  -L predict-future-sales -T 2023-02-17T19:59:06+00:00 pegasus-transfer,0.3,0,0,,,,,,,,,
