,anomaly_type,type,is_clustered,ready,pre_script_start,pre_script_end,submit,stage_in_start,stage_in_end,stage_in_effective_bytes_per_sec,execute_start,execute_end,stage_out_start,stage_out_end,stage_out_effective_bytes_per_sec,post_script_start,post_script_end,wms_delay,pre_script_delay,queue_delay,runtime,post_script_delay,stage_in_delay,stage_in_bytes,stage_out_delay,stage_out_bytes,kickstart_user,kickstart_site,kickstart_hostname,kickstart_transformations,kickstart_executables,kickstart_executables_argv,kickstart_executables_cpu_time,kickstart_status,kickstart_executables_exitcode,kickstart_online_iowait,kickstart_online_bytes_read,kickstart_online_bytes_written,kickstart_online_read_system_calls,kickstart_online_write_system_calls,kickstart_online_utime,kickstart_online_stime,kickstart_online_bytes_read_per_second,kickstart_online_bytes_written_per_second
create_dir_predict-future-sales_0_local,None,auxiliary,0,1677627730.0,,,1677627731.0,,,0.0,1677627737.0,1677627746.0,,,0.0,1677627746.0,1677627751.0,1.0,,6.0,9.0,5.0,,,,,poseidon,local,host-10-100-100-12.openstacklocal,pegasus::dirmanager,/home/poseidon/pegasus-5.1.0panorama/bin/pegasus-transfer,pegasus-kickstart  -n pegasus::dirmanager -N null -i - -R local  -L predict-future-sales -T 2023-02-17T19:59:06+00:00 pegasus-transfer,0.3,0,0,,,,,,,,,
create_dir_predict-future-sales_0_condorpool,None,auxiliary,0,1677627730.0,,,1677627731.0,,,0.0,1677627737.0,1677627746.0,,,0.0,1677627746.0,1677627751.0,1.0,,6.0,9.0,5.0,,,,,poseidon,local,host-10-100-100-12.openstacklocal,pegasus::dirmanager,/home/poseidon/pegasus-5.1.0panorama/bin/pegasus-transfer,pegasus-kickstart  -n pegasus::dirmanager -N null -i - -R local  -L predict-future-sales -T 2023-02-17T19:59:06+00:00 pegasus-transfer,0.3,0,0,,,,,,,,,
stage_in_local_local_4_0,None,transfer,0,1677627751.0,,,1677627756.0,1677627756.0,1677627758.0,5811.0,1677627756.0,1677627766.0,,,0.0,1677627766.0,1677627771.0,5.0,,0.0,10.0,5.0,2.0,12577.0,,,poseidon,local,host-10-100-100-12.openstacklocal,pegasus::transfer,/home/poseidon/pegasus-5.1.0panorama/bin/pegasus-transfer,pegasus-kickstart  -n pegasus::transfer -N null -i - -R local  -L predict-future-sales -T 2023-02-17T19:59:06+00:00 pegasus-transfer  --threads 2,0.4,0,0,,,,,,,,,
stage_in_local_condorpool_8_0,None,transfer,0,1677627751.0,,,1677627756.0,1677627756.0,1677627760.0,672.0,1677627756.0,1677627766.0,,,0.0,1677627766.0,1677627771.0,5.0,,0.0,10.0,5.0,4.0,2368.0,,,poseidon,local,host-10-100-100-12.openstacklocal,pegasus::transfer,/home/poseidon/pegasus-5.1.0panorama/bin/pegasus-transfer,pegasus-kickstart  -n pegasus::transfer -N null -i - -R local  -L predict-future-sales -T 2023-02-17T19:59:06+00:00 pegasus-transfer  --threads 2,0.5,0,0,,,,,,,,,
stage_in_local_condorpool_3_0,None,transfer,0,1677627751.0,,,1677627756.0,1677627756.0,1677627761.0,2915.0,1677627756.0,1677627766.0,,,0.0,1677627766.0,1677627771.0,5.0,,0.0,10.0,5.0,5.0,12704.0,,,poseidon,local,host-10-100-100-12.openstacklocal,pegasus::transfer,/home/poseidon/pegasus-5.1.0panorama/bin/pegasus-transfer,pegasus-kickstart  -n pegasus::transfer -N null -i - -R local  -L predict-future-sales -T 2023-02-17T19:59:06+00:00 pegasus-transfer  --threads 2,0.6,0,0,,,,,,,,,
stage_in_local_condorpool_2_0,None,transfer,0,1677627751.0,,,1677627756.0,1677627756.0,1677627762.0,9900.0,1677627756.0,1677627771.0,,,0.0,1677627771.0,1677627776.0,5.0,,0.0,15.0,5.0,6.0,55480.0,,,poseidon,local,host-10-100-100-12.openstacklocal,pegasus::transfer,/home/poseidon/pegasus-5.1.0panorama/bin/pegasus-transfer,pegasus-kickstart  -n pegasus::transfer -N null -i - -R local  -L predict-future-sales -T 2023-02-17T19:59:06+00:00 pegasus-transfer  --threads 2,1.0,0,0,,,,,,,,,
stage_in_local_condorpool_1_0,None,transfer,0,1677627751.0,,,1677627756.0,1677627756.0,1677627760.0,3681.0,1677627756.0,1677627766.0,,,0.0,1677627766.0,1677627771.0,5.0,,0.0,10.0,5.0,4.0,15640.0,,,poseidon,local,host-10-100-100-12.openstacklocal,pegasus::transfer,/home/poseidon/pegasus-5.1.0panorama/bin/pegasus-transfer,pegasus-kickstart  -n pegasus::transfer -N null -i - -R local  -L predict-future-sales -T 2023-02-17T19:59:06+00:00 pegasus-transfer  --threads 2,0.6,0,0,,,,,,,,,
stage_in_local_condorpool_0_0,None,transfer,0,1677627751.0,,,1677627756.0,1677627756.0,1677627766.0,96436477.0,1677627756.0,1677627776.0,,,0.0,1677627776.0,1677627781.0,5.0,,0.0,20.0,5.0,10.0,936801734.0,,,poseidon,local,host-10-100-100-12.openstacklocal,pegasus::transfer,/home/poseidon/pegasus-5.1.0panorama/bin/pegasus-transfer,pegasus-kickstart  -n pegasus::transfer -N null -i - -R local  -L predict-future-sales -T 2023-02-17T19:59:06+00:00 pegasus-transfer  --threads 2,5.7,0,0,,,,,,,,,
stage_in_local_condorpool_7_0,None,transfer,0,1677627751.0,,,1677627756.0,1677627756.0,1677627760.0,1011.0,1677627756.0,1677627766.0,,,0.0,1677627766.0,1677627771.0,5.0,,0.0,10.0,5.0,4.0,3488.0,,,poseidon,local,host-10-100-100-12.openstacklocal,pegasus::transfer,/home/poseidon/pegasus-5.1.0panorama/bin/pegasus-transfer,pegasus-kickstart  -n pegasus::transfer -N null -i - -R local  -L predict-future-sales -T 2023-02-17T19:59:06+00:00 pegasus-transfer  --threads 2,0.4,0,0,,,,,,,,,
stage_in_local_condorpool_6_0,None,transfer,0,1677627751.0,,,1677627756.0,1677627756.0,1677627760.0,2303.0,1677627756.0,1677627766.0,,,0.0,1677627766.0,1677627771.0,5.0,,0.0,10.0,5.0,4.0,7870.0,,,poseidon,local,host-10-100-100-12.openstacklocal,pegasus::transfer,/home/poseidon/pegasus-5.1.0panorama/bin/pegasus-transfer,pegasus-kickstart  -n pegasus::transfer -N null -i - -R local  -L predict-future-sales -T 2023-02-17T19:59:06+00:00 pegasus-transfer  --threads 2,0.4,0,0,,,,,,,,,
preprocess_ID0000003,None,compute,0,1677627781.0,,,1677627786.0,1677627739.0,1677627758.0,42605988.8,1677627788.0,1677627836.0,1677627769.0,1677627777.0,20901631.0,1677627836.0,1677627842.0,5.0,,2.0,48.0,6.0,19.0,467356066.0,8.0,160257914.0,poseidon,condorpool,poseidon-worker-3-container-40-47,preprocess,/srv/preprocess,,4.4,0,0,,,,,,,,,
nlp_ID0000002,cpu_4,compute,0,1677627781.0,,,1677627786.0,1677627739.0,1677627756.0,41877399.8,1677627788.0,1677628223.0,1677628161.0,1677628166.0,590224.0,1677628223.0,1677628228.0,5.0,,2.0,435.0,5.0,17.0,369033604.0,5.0,2755872.0,poseidon,condorpool,poseidon-worker-3-container-0-7,nlp,/srv/nlp,,1291.7,0,0,0.0,21460760.0,8791.0,3302.0,5.0,1258.0,4.1,55027.6,879.1
eda_ID0000001,None,compute,0,1677627781.0,,,1677627786.0,1677627740.0,1677627758.0,42727331.6,1677627788.0,1677627862.0,1677627798.0,1677627803.0,262444.0,1677627862.0,1677627867.0,5.0,,2.0,74.0,5.0,18.0,464177772.0,5.0,1196497.0,poseidon,condorpool,poseidon-worker-1-container-0-7,eda,/srv/eda,,33.4,0,0,0.1,144954779.0,877191.0,27583.0,42.0,28.1,1.9,4831826.0,29239.7
feature_eng_1_ID0000005,None,compute,0,1677627842.0,,,1677627847.0,1677627812.0,1677627831.0,44686328.4,1677627860.0,1677627922.0,1677627855.0,1677627866.0,36051674.0,1677627922.0,1677627927.0,5.0,,13.0,62.0,5.0,19.0,528250191.0,11.0,393324463.0,poseidon,condorpool,poseidon-worker-1-container-0-7,feature_eng_1,/srv/feature_eng_1,,15.7,0,0,0.0,169610159.0,8.0,1723.0,1.0,8.1,1.9,16961015.9,0.8
feature_eng_0_ID0000004,None,compute,0,1677627842.0,,,1677627847.0,1677627800.0,1677627818.0,40836996.5,1677627848.0,1677627892.0,1677627829.0,1677627834.0,197876.0,1677627892.0,1677627897.0,5.0,,1.0,44.0,5.0,18.0,369949088.0,5.0,893320.0,poseidon,condorpool,poseidon-worker-3-container-40-47,feature_eng_0,/srv/feature_eng_0,,5.2,0,0,,,,,,,,,
feature_eng_5_ID0000009,None,compute,0,1677627927.0,,,1677627932.0,1677627885.0,1677627911.0,49540511.5,1677627934.0,1677628213.0,1677628137.0,1677628153.0,42942967.0,1677628213.0,1677628218.0,5.0,,2.0,279.0,5.0,26.0,856820455.0,16.0,655540227.0,poseidon,condorpool,poseidon-worker-1-container-0-7,feature_eng_5,/srv/feature_eng_5,,215.8,0,0,0.0,498295156.0,8.0,2020.0,1.0,190.4,19.5,2372834.1,0.8
stage_out_local_condorpool_1_0,None,transfer,0,1677627927.0,,,1677627932.0,,,0.0,1677627933.0,1677627942.0,1677627933.0,1677627937.0,91947088.0,1677627942.0,1677627947.0,5.0,,1.0,9.0,5.0,,,4.0,394217783.0,poseidon,local,host-10-100-100-12.openstacklocal,pegasus::transfer,/home/poseidon/pegasus-5.1.0panorama/bin/pegasus-transfer,pegasus-kickstart  -n pegasus::transfer -N null -i - -R local  -L predict-future-sales -T 2023-02-17T19:59:06+00:00 pegasus-transfer  --threads 2,2.2,0,0,,,,,,,,,
feature_eng_3_ID0000007,None,compute,0,1677627927.0,,,1677627932.0,1677627885.0,1677627909.0,48192006.2,1677627934.0,1677628117.0,1677628030.0,1677628056.0,45575242.0,1677628117.0,1677628122.0,5.0,,2.0,183.0,5.0,24.0,762217561.0,26.0,1179971921.0,poseidon,condorpool,poseidon-worker-3-container-40-47,feature_eng_3,/srv/feature_eng_3,,109.5,0,0,0.0,403642808.0,8.0,1475.0,1.0,68.8,31.2,4036428.1,0.8
feature_eng_4_ID0000008,None,compute,0,1677627927.0,,,1677627932.0,1677627900.0,1677627922.0,49533296.2,1677627948.0,1677628072.0,1677627987.0,1677628011.0,49424171.0,1677628072.0,1677628077.0,5.0,,16.0,124.0,5.0,22.0,761328752.0,24.0,1201824259.0,poseidon,condorpool,poseidon-worker-3-container-40-47,feature_eng_4,/srv/feature_eng_4,,51.9,0,0,0.0,402739156.0,8.0,1401.0,1.0,37.8,12.1,8054783.1,0.8
feature_eng_2_ID0000006,None,compute,0,1677627927.0,,,1677627932.0,1677627900.0,1677627921.0,54439187.2,1677627948.0,1677628308.0,1677628214.0,1677628248.0,52239636.0,1677628308.0,1677628313.0,5.0,,16.0,360.0,5.0,21.0,761320658.0,34.0,1748107178.0,poseidon,condorpool,poseidon-worker-1-container-0-7,feature_eng_2,/srv/feature_eng_2,,278.4,0,0,0.0,402812189.0,8.0,1729.0,1.0,207.8,62.2,1491897.0,0.8
register_condorpool_1_0,None,auxiliary,0,1677627947.0,,,1677627952.0,,,0.0,1677627952.0,1677627957.0,,,0.0,1677627957.0,1677627962.0,5.0,,0.0,5.0,5.0,,,,,poseidon,local,host-10-100-100-12.openstacklocal,pegasus::rc-client,/home/poseidon/pegasus-5.1.0panorama/bin/pegasus-rc-client,"pegasus-kickstart  -n pegasus::rc-client -N null -R local  -L predict-future-sales -T 2023-02-17T19:59:06+00:00 /home/poseidon/pegasus-5.1.0panorama/bin/pegasus-rc-client --prefix pegasus.catalog.replica.output --conf /home/poseidon/workflows/predict-future-sales-workflow/submit/poseidon/pegasus/predict-future-sales/run0310/pegasus.6244180005047156779.properties -v --meta /home/poseidon/workflows/predict-future-sales-workflow/submit/poseidon/pegasus/predict-future-sales/run0310/00/00/feature_eng_1_ID0000005.meta,/home/poseidon/workflows/predict-future-sales-workflow/submit/poseidon/pegasus/predict-future-sales/run0310/00/00/feature_eng_0_ID0000004.meta --insert /home/poseidon/workflows/predict-future-sales-workflow/submit/poseidon/pegasus/predict-future-sales/run0310/00/00/register_condorpool_1_0.in",3.1,0,0,,,,,,,,,
stage_out_local_condorpool_0_0,None,transfer,0,1677628228.0,,,1677628233.0,,,0.0,1677628233.0,1677628243.0,1677628233.0,1677628237.0,40714525.0,1677628243.0,1677628248.0,5.0,,0.0,10.0,5.0,,,4.0,164210283.0,poseidon,local,host-10-100-100-12.openstacklocal,pegasus::transfer,/home/poseidon/pegasus-5.1.0panorama/bin/pegasus-transfer,pegasus-kickstart  -n pegasus::transfer -N null -i - -R local  -L predict-future-sales -T 2023-02-17T19:59:06+00:00 pegasus-transfer  --threads 2,2.0,0,0,,,,,,,,,
register_condorpool_0_0,None,auxiliary,0,1677628248.0,,,1677628253.0,,,0.0,1677628253.0,1677628258.0,,,0.0,1677628258.0,1677628263.0,5.0,,0.0,5.0,5.0,,,,,poseidon,local,host-10-100-100-12.openstacklocal,pegasus::rc-client,/home/poseidon/pegasus-5.1.0panorama/bin/pegasus-rc-client,"pegasus-kickstart  -n pegasus::rc-client -N null -R local  -L predict-future-sales -T 2023-02-17T19:59:06+00:00 /home/poseidon/pegasus-5.1.0panorama/bin/pegasus-rc-client --prefix pegasus.catalog.replica.output --conf /home/poseidon/workflows/predict-future-sales-workflow/submit/poseidon/pegasus/predict-future-sales/run0310/pegasus.6244180005047156779.properties -v --meta /home/poseidon/workflows/predict-future-sales-workflow/submit/poseidon/pegasus/predict-future-sales/run0310/00/00/nlp_ID0000002.meta,/home/poseidon/workflows/predict-future-sales-workflow/submit/poseidon/pegasus/predict-future-sales/run0310/00/00/eda_ID0000001.meta,/home/poseidon/workflows/predict-future-sales-workflow/submit/poseidon/pegasus/predict-future-sales/run0310/00/00/preprocess_ID0000003.meta --insert /home/poseidon/workflows/predict-future-sales-workflow/submit/poseidon/pegasus/predict-future-sales/run0310/00/00/register_condorpool_0_0.in",3.1,0,0,,,,,,,,,
stage_out_local_condorpool_2_0,None,transfer,0,1677628313.0,,,1677628318.0,,,0.0,1677628318.0,1677628343.0,1677628318.0,1677628337.0,251082997.0,1677628343.0,1677628348.0,5.0,,0.0,25.0,5.0,,,19.0,4785443585.0,poseidon,local,host-10-100-100-12.openstacklocal,pegasus::transfer,/home/poseidon/pegasus-5.1.0panorama/bin/pegasus-transfer,pegasus-kickstart  -n pegasus::transfer -N null -i - -R local  -L predict-future-sales -T 2023-02-17T19:59:06+00:00 pegasus-transfer  --threads 2,20.7,0,0,,,,,,,,,
feature_merge_ID0000010,None,compute,0,1677628313.0,,,1677628318.0,1677628271.0,1677628350.0,73753691.8,1677628319.0,1677628553.0,1677628440.0,1677628495.0,54748938.0,1677628553.0,1677628558.0,5.0,,1.0,234.0,5.0,79.0,5155397110.0,55.0,2993643458.0,poseidon,condorpool,poseidon-worker-1-container-0-7,feature_merge,/srv/feature_merge,,60.7,0,0,0.0,4796861566.0,2064961063.0,1454.0,83.0,37.9,22.1,79947692.8,103248053.2
register_condorpool_2_0,None,auxiliary,0,1677628348.0,,,1677628353.0,,,0.0,1677628353.0,1677628358.0,,,0.0,1677628358.0,1677628363.0,5.0,,0.0,5.0,5.0,,,,,poseidon,local,host-10-100-100-12.openstacklocal,pegasus::rc-client,/home/poseidon/pegasus-5.1.0panorama/bin/pegasus-rc-client,"pegasus-kickstart  -n pegasus::rc-client -N null -R local  -L predict-future-sales -T 2023-02-17T19:59:06+00:00 /home/poseidon/pegasus-5.1.0panorama/bin/pegasus-rc-client --prefix pegasus.catalog.replica.output --conf /home/poseidon/workflows/predict-future-sales-workflow/submit/poseidon/pegasus/predict-future-sales/run0310/pegasus.6244180005047156779.properties -v --meta /home/poseidon/workflows/predict-future-sales-workflow/submit/poseidon/pegasus/predict-future-sales/run0310/00/00/feature_eng_5_ID0000009.meta,/home/poseidon/workflows/predict-future-sales-workflow/submit/poseidon/pegasus/predict-future-sales/run0310/00/00/feature_eng_2_ID0000006.meta,/home/poseidon/workflows/predict-future-sales-workflow/submit/poseidon/pegasus/predict-future-sales/run0310/00/00/feature_eng_3_ID0000007.meta,/home/poseidon/workflows/predict-future-sales-workflow/submit/poseidon/pegasus/predict-future-sales/run0310/00/00/feature_eng_4_ID0000008.meta --insert /home/poseidon/workflows/predict-future-sales-workflow/submit/poseidon/pegasus/predict-future-sales/run0310/00/00/register_condorpool_2_0.in",3.0,0,0,,,,,,,,,
stage_inter_local_xgboost_hp_tuning_workflow_ID0000015_0,None,transfer,0,1677628558.0,,,1677628563.0,1677628563.0,1677628565.0,401.0,1677628563.0,1677628573.0,,,0.0,1677628573.0,1677628578.0,5.0,,0.0,10.0,5.0,2.0,826.0,,,poseidon,local,host-10-100-100-12.openstacklocal,pegasus::transfer,/home/poseidon/pegasus-5.1.0panorama/bin/pegasus-transfer,pegasus-kickstart  -n pegasus::transfer -N null -i - -R local  -L predict-future-sales -T 2023-02-17T19:59:06+00:00 pegasus-transfer  --threads 2,0.3,0,0,,,,,,,,,
stage_inter_local_xgboost_model_ID0000021_0,None,transfer,0,1677628558.0,,,1677628563.0,1677628563.0,1677628606.0,62133501.0,1677628563.0,1677628614.0,,,0.0,1677628614.0,1677628619.0,5.0,,0.0,51.0,5.0,43.0,2646308508.0,,,poseidon,local,host-10-100-100-12.openstacklocal,pegasus::transfer,/home/poseidon/pegasus-5.1.0panorama/bin/pegasus-transfer,pegasus-kickstart  -n pegasus::transfer -N null -i - -R local  -L predict-future-sales -T 2023-02-17T19:59:06+00:00 pegasus-transfer  --threads 2,9.7,0,0,,,,,,,,,
stage_inter_local_model_predict_ID0000022_0,None,transfer,0,1677628558.0,,,1677628563.0,1677628563.0,1677628567.0,14384291.0,1677628563.0,1677628573.0,,,0.0,1677628573.0,1677628578.0,5.0,,0.0,10.0,5.0,4.0,54050130.0,,,poseidon,local,host-10-100-100-12.openstacklocal,pegasus::transfer,/home/poseidon/pegasus-5.1.0panorama/bin/pegasus-transfer,pegasus-kickstart  -n pegasus::transfer -N null -i - -R local  -L predict-future-sales -T 2023-02-17T19:59:06+00:00 pegasus-transfer  --threads 2,0.5,0,0,,,,,,,,,
stage_out_local_condorpool_3_0,None,transfer,0,1677628558.0,,,1677628563.0,,,0.0,1677628563.0,1677628588.0,1677628563.0,1677628581.0,162359647.0,1677628588.0,1677628593.0,5.0,,0.0,25.0,5.0,,,18.0,2993643458.0,poseidon,local,host-10-100-100-12.openstacklocal,pegasus::transfer,/home/poseidon/pegasus-5.1.0panorama/bin/pegasus-transfer,pegasus-kickstart  -n pegasus::transfer -N null -i - -R local  -L predict-future-sales -T 2023-02-17T19:59:06+00:00 pegasus-transfer  --threads 2,14.7,0,0,,,,,,,,,
stage_inter_local_xgboost_model_ID0000013_0,None,transfer,0,1677628558.0,,,1677628563.0,1677628563.0,1677628571.0,35577538.0,1677628563.0,1677628578.0,,,0.0,1677628578.0,1677628583.0,5.0,,0.0,15.0,5.0,8.0,269346726.0,,,poseidon,local,host-10-100-100-12.openstacklocal,pegasus::transfer,/home/poseidon/pegasus-5.1.0panorama/bin/pegasus-transfer,pegasus-kickstart  -n pegasus::transfer -N null -i - -R local  -L predict-future-sales -T 2023-02-17T19:59:06+00:00 pegasus-transfer  --threads 2,1.4,0,0,,,,,,,,,
stage_inter_local_model_predict_ID0000014_0,None,transfer,0,1677628558.0,,,1677628563.0,1677628563.0,1677628567.0,1269552.0,1677628563.0,1677628573.0,,,0.0,1677628573.0,1677628578.0,5.0,,0.0,10.0,5.0,4.0,4411696.0,,,poseidon,local,host-10-100-100-12.openstacklocal,pegasus::transfer,/home/poseidon/pegasus-5.1.0panorama/bin/pegasus-transfer,pegasus-kickstart  -n pegasus::transfer -N null -i - -R local  -L predict-future-sales -T 2023-02-17T19:59:06+00:00 pegasus-transfer  --threads 2,0.4,0,0,,,,,,,,,
xgboost_hp_tuning_workflow_ID0000015,None,compute,0,1677628578.0,,,1677628583.0,,,0.0,1677628583.0,1677628604.0,,,0.0,1677628604.0,1677628609.0,5.0,,0.0,21.0,5.0,,,,,poseidon,local,poseidon-submit.novalocal,xgboost_hp_tuning_workflow,/var/spool/condor/local_univ_execute/dir_3410604/xgboost_hp_tuning_workflow,/home/poseidon/workflows/predict-future-sales-workflow/submit/poseidon/pegasus/predict-future-sales/run0310/00/00/xgboost_hp_tuning_workflow_ID0000015.sh,0.1,0,0,,,,,,,,,
xgboost_hp_tuning_workflow_ID0000011,None,compute,0,1677628578.0,,,1677628583.0,,,0.0,1677628583.0,1677628599.0,,,0.0,1677628599.0,1677628604.0,5.0,,0.0,16.0,5.0,,,,,poseidon,local,poseidon-submit.novalocal,xgboost_hp_tuning_workflow,/var/spool/condor/local_univ_execute/dir_3410607/xgboost_hp_tuning_workflow,/home/poseidon/workflows/predict-future-sales-workflow/submit/poseidon/pegasus/predict-future-sales/run0310/00/00/xgboost_hp_tuning_workflow_ID0000011.sh,0.1,0,0,,,,,,,,,
xgboost_hp_tuning_workflow_ID0000019,None,compute,0,1677628578.0,,,1677628583.0,,,0.0,1677628583.0,1677628604.0,,,0.0,1677628604.0,1677628609.0,5.0,,0.0,21.0,5.0,,,,,poseidon,local,poseidon-submit.novalocal,xgboost_hp_tuning_workflow,/var/spool/condor/local_univ_execute/dir_3410608/xgboost_hp_tuning_workflow,/home/poseidon/workflows/predict-future-sales-workflow/submit/poseidon/pegasus/predict-future-sales/run0310/00/00/xgboost_hp_tuning_workflow_ID0000019.sh,0.1,0,0,,,,,,,,,
register_condorpool_3_0,None,auxiliary,0,1677628593.0,,,1677628599.0,,,0.0,1677628599.0,1677628609.0,,,0.0,1677628609.0,1677628614.0,6.0,,0.0,10.0,5.0,,,,,poseidon,local,host-10-100-100-12.openstacklocal,pegasus::rc-client,/home/poseidon/pegasus-5.1.0panorama/bin/pegasus-rc-client,pegasus-kickstart  -n pegasus::rc-client -N null -R local  -L predict-future-sales -T 2023-02-17T19:59:06+00:00 /home/poseidon/pegasus-5.1.0panorama/bin/pegasus-rc-client --prefix pegasus.catalog.replica.output --conf /home/poseidon/workflows/predict-future-sales-workflow/submit/poseidon/pegasus/predict-future-sales/run0310/pegasus.6244180005047156779.properties -v --meta /home/poseidon/workflows/predict-future-sales-workflow/submit/poseidon/pegasus/predict-future-sales/run0310/00/00/feature_merge_ID0000010.meta --insert /home/poseidon/workflows/predict-future-sales-workflow/submit/poseidon/pegasus/predict-future-sales/run0310/00/00/register_condorpool_3_0.in,3.1,0,0,,,,,,,,,
pegasus-plan_ID0000012,None,subwf,0,1677628604.0,1677628604.0,1677628609.0,1677628614.0,,,0.0,1677628614.0,1677628909.0,,,0.0,,,0.0,5.0,0.0,295.0,,,,,,poseidon,local,poseidon-submit,condor::dagman,/usr/bin/condor_dagman,-p 0  -f -l . -Notification never -Debug 3 -Lockfile xgboost_hp_tuning_group_0.dag.lock -Dag xgboost_hp_tuning_group_0.dag -AllowVersionMismatch  -AutoRescue 1 -DoRescueFrom 0,0.0,0,0,,,,,,,,,
pegasus-plan_ID0000016,None,subwf,0,1677628609.0,1677628609.0,1677628614.0,1677628619.0,,,0.0,1677628620.0,1677628944.0,,,0.0,,,0.0,5.0,1.0,324.0,,,,,,poseidon,local,poseidon-submit,condor::dagman,/usr/bin/condor_dagman,-p 0  -f -l . -Notification never -Debug 3 -Lockfile xgboost_hp_tuning_group_1.dag.lock -Dag xgboost_hp_tuning_group_1.dag -AllowVersionMismatch  -AutoRescue 1 -DoRescueFrom 0,0.0,0,0,,,,,,,,,
stage_out_local_local_4_0,None,transfer,0,1677628609.0,,,1677628614.0,,,0.0,1677628614.0,1677628624.0,1677628615.0,1677628619.0,21093.0,1677628624.0,1677628629.0,5.0,,0.0,10.0,5.0,,,4.0,85038.0,poseidon,local,host-10-100-100-12.openstacklocal,pegasus::transfer,/home/poseidon/pegasus-5.1.0panorama/bin/pegasus-transfer,pegasus-kickstart  -n pegasus::transfer -N null -i - -R local  -L predict-future-sales -T 2023-02-17T19:59:06+00:00 pegasus-transfer  --threads 2,0.6,0,0,,,,,,,,,
pegasus-plan_ID0000020,None,subwf,0,1677628609.0,1677628609.0,1677628614.0,1677628619.0,,,0.0,1677628620.0,1677629714.0,,,0.0,,,0.0,5.0,1.0,1094.0,,,,,,poseidon,local,poseidon-submit,condor::dagman,/usr/bin/condor_dagman,-p 0  -f -l . -Notification never -Debug 3 -Lockfile xgboost_hp_tuning_group_2.dag.lock -Dag xgboost_hp_tuning_group_2.dag -AllowVersionMismatch  -AutoRescue 1 -DoRescueFrom 0,0.0,0,0,,,,,,,,,
create_dir_predict-future-sales-hp-tuning_0_condorpool_pegasus-plan_ID0000012,None,auxiliary,0,1677628614.0,,,1677628615.0,,,0.0,1677628620.0,1677628630.0,,,0.0,1677628630.0,1677628635.0,1.0,,5.0,10.0,5.0,,,,,poseidon,local,host-10-100-100-12.openstacklocal,pegasus::dirmanager,/home/poseidon/pegasus-5.1.0panorama/bin/pegasus-transfer,pegasus-kickstart  -n pegasus::dirmanager -N null -i - -R local  -L xgboost_hp_tuning_group_0 -T 2023-02-28T23:56:46+00:00 pegasus-transfer,0.3,0,0,,,,,,,,,
create_dir_predict-future-sales-hp-tuning_0_condorpool_pegasus-plan_ID0000016,None,auxiliary,0,1677628620.0,,,1677628621.0,,,0.0,1677628624.0,1677628631.0,,,0.0,1677628631.0,1677628636.0,1.0,,3.0,7.0,5.0,,,,,poseidon,local,host-10-100-100-12.openstacklocal,pegasus::dirmanager,/home/poseidon/pegasus-5.1.0panorama/bin/pegasus-transfer,pegasus-kickstart  -n pegasus::dirmanager -N null -i - -R local  -L xgboost_hp_tuning_group_1 -T 2023-02-28T23:56:51+00:00 pegasus-transfer,0.3,0,0,,,,,,,,,
create_dir_predict-future-sales-hp-tuning_0_condorpool_pegasus-plan_ID0000020,None,auxiliary,0,1677628620.0,,,1677628621.0,,,0.0,1677628624.0,1677628631.0,,,0.0,1677628631.0,1677628636.0,1.0,,3.0,7.0,5.0,,,,,poseidon,local,host-10-100-100-12.openstacklocal,pegasus::dirmanager,/home/poseidon/pegasus-5.1.0panorama/bin/pegasus-transfer,pegasus-kickstart  -n pegasus::dirmanager -N null -i - -R local  -L xgboost_hp_tuning_group_2 -T 2023-02-28T23:56:51+00:00 pegasus-transfer,0.3,0,0,,,,,,,,,
register_local_4_0,None,auxiliary,0,1677628629.0,,,1677628634.0,,,0.0,1677628634.0,1677628639.0,,,0.0,1677628639.0,1677628644.0,5.0,,0.0,5.0,5.0,,,,,poseidon,local,host-10-100-100-12.openstacklocal,pegasus::rc-client,/home/poseidon/pegasus-5.1.0panorama/bin/pegasus-rc-client,"pegasus-kickstart  -n pegasus::rc-client -N null -R local  -L predict-future-sales -T 2023-02-17T19:59:06+00:00 /home/poseidon/pegasus-5.1.0panorama/bin/pegasus-rc-client --prefix pegasus.catalog.replica.output --conf /home/poseidon/workflows/predict-future-sales-workflow/submit/poseidon/pegasus/predict-future-sales/run0310/pegasus.6244180005047156779.properties -v --meta /home/poseidon/workflows/predict-future-sales-workflow/submit/poseidon/pegasus/predict-future-sales/run0310/00/00/xgboost_hp_tuning_workflow_ID0000011.meta,/home/poseidon/workflows/predict-future-sales-workflow/submit/poseidon/pegasus/predict-future-sales/run0310/00/00/xgboost_hp_tuning_workflow_ID0000019.meta,/home/poseidon/workflows/predict-future-sales-workflow/submit/poseidon/pegasus/predict-future-sales/run0310/00/00/xgboost_hp_tuning_workflow_ID0000015.meta --insert /home/poseidon/workflows/predict-future-sales-workflow/submit/poseidon/pegasus/predict-future-sales/run0310/00/00/register_local_4_0.in",3.1,0,0,,,,,,,,,
stage_in_local_condorpool_0_0_pegasus-plan_ID0000012,None,transfer,0,1677628635.0,,,1677628640.0,1677628641.0,1677628645.0,2789.0,1677628641.0,1677628650.0,,,0.0,1677628650.0,1677628655.0,5.0,,1.0,9.0,5.0,4.0,12142.0,,,poseidon,local,host-10-100-100-12.openstacklocal,pegasus::transfer,/home/poseidon/pegasus-5.1.0panorama/bin/pegasus-transfer,-n pegasus::transfer -N null -i - -R local  -L xgboost_hp_tuning_group_0 -T 2023-02-28T23:56:46+00:00 /home/poseidon/pegasus-5.1.0panorama/bin/../bin/pegasus-transfer  --threads 2,0.6,0,0,,,,,,,,,
stage_in_local_condorpool_1_0_pegasus-plan_ID0000012,None,transfer,0,1677628635.0,,,1677628640.0,1677628641.0,1677628644.0,809.0,1677628641.0,1677628650.0,,,0.0,1677628650.0,1677628655.0,5.0,,1.0,9.0,5.0,3.0,2874.0,,,poseidon,local,host-10-100-100-12.openstacklocal,pegasus::transfer,/home/poseidon/pegasus-5.1.0panorama/bin/pegasus-transfer,-n pegasus::transfer -N null -i - -R local  -L xgboost_hp_tuning_group_0 -T 2023-02-28T23:56:46+00:00 /home/poseidon/pegasus-5.1.0panorama/bin/../bin/pegasus-transfer  --threads 2,0.5,0,0,,,,,,,,,
stage_in_local_condorpool_0_1_pegasus-plan_ID0000012,None,transfer,0,1677628635.0,,,1677628640.0,1677628641.0,1677628646.0,55910509.0,1677628641.0,1677628655.0,,,0.0,1677628655.0,1677628660.0,5.0,,1.0,14.0,5.0,5.0,269346726.0,,,poseidon,local,host-10-100-100-12.openstacklocal,pegasus::transfer,/home/poseidon/pegasus-5.1.0panorama/bin/pegasus-transfer,-n pegasus::transfer -N null -i - -R local  -L xgboost_hp_tuning_group_0 -T 2023-02-28T23:56:46+00:00 /home/poseidon/pegasus-5.1.0panorama/bin/../bin/pegasus-transfer  --threads 2,1.7,0,0,,,,,,,,,
stage_in_local_condorpool_0_2_pegasus-plan_ID0000012,None,transfer,0,1677628635.0,,,1677628640.0,1677628641.0,1677628648.0,109793333.0,1677628641.0,1677628655.0,,,0.0,1677628655.0,1677628660.0,5.0,,1.0,14.0,5.0,7.0,735985664.0,,,poseidon,local,host-10-100-100-12.openstacklocal,pegasus::transfer,/home/poseidon/pegasus-5.1.0panorama/bin/pegasus-transfer,-n pegasus::transfer -N null -i - -R local  -L xgboost_hp_tuning_group_0 -T 2023-02-28T23:56:46+00:00 /home/poseidon/pegasus-5.1.0panorama/bin/../bin/pegasus-transfer  --threads 2,3.5,0,0,,,,,,,,,
stage_in_local_condorpool_0_2_pegasus-plan_ID0000020,None,transfer,0,1677628636.0,,,1677628641.0,1677628646.0,1677628655.0,88105149.0,1677628646.0,1677628661.0,,,0.0,1677628661.0,1677628666.0,5.0,,5.0,15.0,5.0,9.0,735985664.0,,,poseidon,local,host-10-100-100-12.openstacklocal,pegasus::transfer,/home/poseidon/pegasus-5.1.0panorama/bin/pegasus-transfer,-n pegasus::transfer -N null -i - -R local  -L xgboost_hp_tuning_group_2 -T 2023-02-28T23:56:51+00:00 /home/poseidon/pegasus-5.1.0panorama/bin/../bin/pegasus-transfer  --threads 2,4.0,0,0,,,,,,,,,
stage_in_local_condorpool_0_1_pegasus-plan_ID0000020,None,transfer,0,1677628636.0,,,1677628641.0,1677628646.0,1677628662.0,169117394.0,1677628646.0,1677628671.0,,,0.0,1677628671.0,1677628676.0,5.0,,5.0,25.0,5.0,16.0,2646308508.0,,,poseidon,local,host-10-100-100-12.openstacklocal,pegasus::transfer,/home/poseidon/pegasus-5.1.0panorama/bin/pegasus-transfer,-n pegasus::transfer -N null -i - -R local  -L xgboost_hp_tuning_group_2 -T 2023-02-28T23:56:51+00:00 /home/poseidon/pegasus-5.1.0panorama/bin/../bin/pegasus-transfer  --threads 2,11.5,0,0,,,,,,,,,
stage_in_local_condorpool_0_0_pegasus-plan_ID0000016,None,transfer,0,1677628636.0,,,1677628641.0,1677628646.0,1677628651.0,2709.0,1677628646.0,1677628661.0,,,0.0,1677628661.0,1677628666.0,5.0,,5.0,15.0,5.0,5.0,12142.0,,,poseidon,local,host-10-100-100-12.openstacklocal,pegasus::transfer,/home/poseidon/pegasus-5.1.0panorama/bin/pegasus-transfer,-n pegasus::transfer -N null -i - -R local  -L xgboost_hp_tuning_group_1 -T 2023-02-28T23:56:51+00:00 /home/poseidon/pegasus-5.1.0panorama/bin/../bin/pegasus-transfer  --threads 2,0.6,0,0,,,,,,,,,
stage_in_local_condorpool_1_0_pegasus-plan_ID0000016,None,transfer,0,1677628636.0,,,1677628641.0,1677628646.0,1677628650.0,798.0,1677628646.0,1677628656.0,,,0.0,1677628656.0,1677628661.0,5.0,,5.0,10.0,5.0,4.0,2874.0,,,poseidon,local,host-10-100-100-12.openstacklocal,pegasus::transfer,/home/poseidon/pegasus-5.1.0panorama/bin/pegasus-transfer,-n pegasus::transfer -N null -i - -R local  -L xgboost_hp_tuning_group_1 -T 2023-02-28T23:56:51+00:00 /home/poseidon/pegasus-5.1.0panorama/bin/../bin/pegasus-transfer  --threads 2,0.5,0,0,,,,,,,,,
stage_in_local_condorpool_0_1_pegasus-plan_ID0000016,None,transfer,0,1677628636.0,,,1677628641.0,1677628646.0,1677628650.0,4911715.0,1677628646.0,1677628656.0,,,0.0,1677628656.0,1677628661.0,5.0,,5.0,10.0,5.0,4.0,19294600.0,,,poseidon,local,host-10-100-100-12.openstacklocal,pegasus::transfer,/home/poseidon/pegasus-5.1.0panorama/bin/pegasus-transfer,-n pegasus::transfer -N null -i - -R local  -L xgboost_hp_tuning_group_1 -T 2023-02-28T23:56:51+00:00 /home/poseidon/pegasus-5.1.0panorama/bin/../bin/pegasus-transfer  --threads 2,0.6,0,0,,,,,,,,,
stage_in_local_condorpool_0_0_pegasus-plan_ID0000020,None,transfer,0,1677628636.0,,,1677628641.0,1677628646.0,1677628651.0,2715.0,1677628646.0,1677628661.0,,,0.0,1677628661.0,1677628666.0,5.0,,5.0,15.0,5.0,5.0,12142.0,,,poseidon,local,host-10-100-100-12.openstacklocal,pegasus::transfer,/home/poseidon/pegasus-5.1.0panorama/bin/pegasus-transfer,-n pegasus::transfer -N null -i - -R local  -L xgboost_hp_tuning_group_2 -T 2023-02-28T23:56:51+00:00 /home/poseidon/pegasus-5.1.0panorama/bin/../bin/pegasus-transfer  --threads 2,0.7,0,0,,,,,,,,,
stage_in_local_condorpool_0_2_pegasus-plan_ID0000016,None,transfer,0,1677628636.0,,,1677628641.0,1677628646.0,1677628655.0,89244768.0,1677628646.0,1677628661.0,,,0.0,1677628661.0,1677628666.0,5.0,,5.0,15.0,5.0,9.0,735985664.0,,,poseidon,local,host-10-100-100-12.openstacklocal,pegasus::transfer,/home/poseidon/pegasus-5.1.0panorama/bin/pegasus-transfer,-n pegasus::transfer -N null -i - -R local  -L xgboost_hp_tuning_group_1 -T 2023-02-28T23:56:51+00:00 /home/poseidon/pegasus-5.1.0panorama/bin/../bin/pegasus-transfer  --threads 2,3.9,0,0,,,,,,,,,
stage_in_local_condorpool_1_0_pegasus-plan_ID0000020,None,transfer,0,1677628636.0,,,1677628641.0,1677628646.0,1677628650.0,782.0,1677628646.0,1677628656.0,,,0.0,1677628656.0,1677628661.0,5.0,,5.0,10.0,5.0,4.0,2874.0,,,poseidon,local,host-10-100-100-12.openstacklocal,pegasus::transfer,/home/poseidon/pegasus-5.1.0panorama/bin/pegasus-transfer,-n pegasus::transfer -N null -i - -R local  -L xgboost_hp_tuning_group_2 -T 2023-02-28T23:56:51+00:00 /home/poseidon/pegasus-5.1.0panorama/bin/../bin/pegasus-transfer  --threads 2,0.5,0,0,,,,,,,,,
xgboost_hp_tuning_ID0000018_pegasus-plan_ID0000012,None,compute,0,1677628660.0,,,1677628665.0,1677628638.0,1677628655.0,46583704.0,1677628686.0,1677628745.0,1677628683.0,1677628687.0,249.0,1677628745.0,1677628750.0,5.0,,21.0,59.0,5.0,17.0,502672266.0,4.0,1056.0,poseidon,condorpool,poseidon-worker-2-container-0-7,xgboost_hp_tuning,/srv/xgboost_hp_tuning,,112.9,0,0,0.0,157972391.0,40.0,3321.0,2.0,101.5,3.5,7898619.5,4.0
xgboost_hp_tuning_ID0000023_pegasus-plan_ID0000012,None,compute,0,1677628660.0,,,1677628665.0,1677628696.0,1677628714.0,46514996.8,1677628745.0,1677628810.0,1677628746.0,1677628750.0,253.0,1677628810.0,1677628815.0,5.0,,80.0,65.0,5.0,18.0,502672266.0,4.0,1088.0,poseidon,condorpool,poseidon-worker-2-container-0-7,xgboost_hp_tuning,/srv/xgboost_hp_tuning,,146.9,0,0,0.0,157972464.0,40.0,3321.0,2.0,112.5,3.3,7898623.2,4.0
xgboost_hp_tuning_ID0000012_pegasus-plan_ID0000012,None,compute,0,1677628660.0,,,1677628665.0,1677628696.0,1677628713.0,46676269.6,1677628744.0,1677628810.0,1677628745.0,1677628750.0,247.0,1677628810.0,1677628815.0,5.0,,79.0,66.0,5.0,17.0,502672266.0,5.0,1049.0,poseidon,condorpool,poseidon-worker-3-container-24-31,xgboost_hp_tuning,/srv/xgboost_hp_tuning,,137.1,0,0,0.0,157970666.0,40.0,3319.0,2.0,100.1,2.8,7898533.3,4.0
xgboost_hp_tuning_ID0000001_pegasus-plan_ID0000012,None,compute,0,1677628660.0,,,1677628665.0,1677628696.0,1677628713.0,46665281.8,1677628744.0,1677628800.0,1677628738.0,1677628742.0,250.0,1677628800.0,1677628805.0,5.0,,79.0,56.0,5.0,17.0,502672266.0,4.0,1065.0,poseidon,condorpool,poseidon-worker-3-container-32-39,xgboost_hp_tuning,/srv/xgboost_hp_tuning,,98.9,0,0,0.0,157966029.0,40.0,3303.0,2.0,43.7,2.8,15796602.9,4.0
xgboost_hp_tuning_ID0000013_pegasus-plan_ID0000012,None,compute,0,1677628660.0,,,1677628665.0,1677628695.0,1677628712.0,46668414.2,1677628743.0,1677628810.0,1677628747.0,1677628751.0,247.0,1677628810.0,1677628815.0,5.0,,78.0,67.0,5.0,17.0,502672266.0,4.0,1055.0,poseidon,condorpool,poseidon-worker-3-container-40-47,xgboost_hp_tuning,/srv/xgboost_hp_tuning,,151.0,0,0,0.0,157970853.0,40.0,3319.0,2.0,94.7,2.9,7898542.6,4.0
xgboost_hp_tuning_ID0000002_pegasus-plan_ID0000012,None,compute,0,1677628660.0,,,1677628665.0,1677628694.0,1677628712.0,46520041.0,1677628743.0,1677628800.0,1677628739.0,1677628744.0,252.0,1677628800.0,1677628805.0,5.0,,78.0,57.0,5.0,18.0,502672266.0,5.0,1064.0,poseidon,condorpool,poseidon-worker-1-container-32-39,xgboost_hp_tuning,/srv/xgboost_hp_tuning,,113.5,0,0,0.1,157972545.0,40.0,3321.0,2.0,102.9,3.5,7898627.2,4.0
xgboost_hp_tuning_ID0000014_pegasus-plan_ID0000012,None,compute,0,1677628660.0,,,1677628665.0,1677628638.0,1677628655.0,46572098.4,1677628686.0,1677628750.0,1677628685.0,1677628689.0,243.0,1677628750.0,1677628755.0,5.0,,21.0,64.0,5.0,17.0,502672266.0,4.0,1056.0,poseidon,condorpool,poseidon-worker-1-container-24-31,xgboost_hp_tuning,/srv/xgboost_hp_tuning,,125.9,0,0,0.0,157972468.0,40.0,3321.0,2.0,101.8,3.5,7898623.4,4.0
xgboost_hp_tuning_ID0000003_pegasus-plan_ID0000012,None,compute,0,1677628660.0,,,1677628665.0,1677628638.0,1677628655.0,46607825.4,1677628686.0,1677628760.0,1677628696.0,1677628701.0,247.0,1677628760.0,1677628765.0,5.0,,21.0,74.0,5.0,17.0,502672266.0,5.0,1067.0,poseidon,condorpool,poseidon-worker-1-container-8-15,xgboost_hp_tuning,/srv/xgboost_hp_tuning,,196.1,0,0,0.1,157976235.0,40.0,3336.0,2.0,166.7,3.7,5265874.5,4.0
xgboost_hp_tuning_ID0000015_pegasus-plan_ID0000012,None,compute,0,1677628660.0,,,1677628665.0,1677628638.0,1677628655.0,46681564.4,1677628686.0,1677628745.0,1677628684.0,1677628688.0,249.0,1677628745.0,1677628750.0,5.0,,21.0,59.0,5.0,17.0,502672266.0,4.0,1055.0,poseidon,condorpool,poseidon-worker-3-container-8-15,xgboost_hp_tuning,/srv/xgboost_hp_tuning,,118.4,0,0,0.1,157970559.0,40.0,3319.0,2.0,99.7,3.2,7898528.0,4.0
xgboost_hp_tuning_ID0000004_pegasus-plan_ID0000012,None,compute,0,1677628660.0,,,1677628665.0,1677628638.0,1677628655.0,46531143.6,1677628686.0,1677628745.0,1677628684.0,1677628689.0,242.0,1677628745.0,1677628750.0,5.0,,21.0,59.0,5.0,17.0,502672266.0,5.0,1062.0,poseidon,condorpool,poseidon-worker-1-container-16-23,xgboost_hp_tuning,/srv/xgboost_hp_tuning,,123.9,0,0,0.1,157972471.0,40.0,3321.0,2.0,105.2,3.4,7898623.6,4.0
xgboost_hp_tuning_ID0000016_pegasus-plan_ID0000012,None,compute,0,1677628660.0,,,1677628665.0,1677628638.0,1677628655.0,46539579.8,1677628686.0,1677628745.0,1677628681.0,1677628685.0,246.0,1677628745.0,1677628750.0,5.0,,21.0,59.0,5.0,17.0,502672266.0,4.0,1055.0,poseidon,condorpool,poseidon-worker-1-container-32-39,xgboost_hp_tuning,/srv/xgboost_hp_tuning,,100.0,0,0,0.0,157967838.0,40.0,3305.0,2.0,41.7,2.8,15796783.8,4.0
xgboost_hp_tuning_ID0000005_pegasus-plan_ID0000012,None,compute,0,1677628660.0,,,1677628665.0,1677628638.0,1677628655.0,46725312.4,1677628686.0,1677628750.0,1677628687.0,1677628691.0,255.0,1677628750.0,1677628755.0,5.0,,21.0,64.0,5.0,17.0,502672266.0,4.0,1078.0,poseidon,condorpool,poseidon-worker-3-container-16-23,xgboost_hp_tuning,/srv/xgboost_hp_tuning,,148.0,0,0,0.0,157970593.0,40.0,3319.0,2.0,111.8,3.5,7898529.6,4.0
xgboost_hp_tuning_ID0000017_pegasus-plan_ID0000012,None,compute,0,1677628660.0,,,1677628665.0,1677628638.0,1677628655.0,46515749.2,1677628686.0,1677628760.0,1677628699.0,1677628704.0,246.0,1677628760.0,1677628765.0,5.0,,21.0,74.0,5.0,17.0,502672266.0,5.0,1056.0,poseidon,condorpool,poseidon-worker-1-container-40-47,xgboost_hp_tuning,/srv/xgboost_hp_tuning,,206.5,0,0,0.1,157976272.0,40.0,3336.0,2.0,159.2,3.4,5265875.7,4.0
xgboost_hp_tuning_ID0000006_pegasus-plan_ID0000012,None,compute,0,1677628660.0,,,1677628665.0,1677628638.0,1677628655.0,46546802.8,1677628686.0,1677628750.0,1677628687.0,1677628692.0,254.0,1677628750.0,1677628755.0,5.0,,21.0,64.0,5.0,17.0,502672266.0,5.0,1067.0,poseidon,condorpool,poseidon-worker-2-container-8-15,xgboost_hp_tuning,/srv/xgboost_hp_tuning,,141.0,0,0,0.1,157972429.0,40.0,3321.0,2.0,101.9,3.2,7898621.5,4.0
xgboost_hp_tuning_ID0000009_pegasus-plan_ID0000012,None,compute,0,1677628660.0,,,1677628665.0,1677628638.0,1677628655.0,46673542.4,1677628686.0,1677628745.0,1677628682.0,1677628686.0,253.0,1677628745.0,1677628750.0,5.0,,21.0,59.0,5.0,17.0,502672266.0,4.0,1055.0,poseidon,condorpool,poseidon-worker-3-container-40-47,xgboost_hp_tuning,/srv/xgboost_hp_tuning,,109.1,0,0,0.0,157970836.0,40.0,3319.0,2.0,105.3,3.8,7898541.8,4.0
xgboost_hp_tuning_ID0000011_pegasus-plan_ID0000012,cpu_4,compute,0,1677628660.0,,,1677628665.0,1677628638.0,1677628655.0,46707777.0,1677628686.0,1677628755.0,1677628691.0,1677628696.0,247.0,1677628755.0,1677628760.0,5.0,,21.0,69.0,5.0,17.0,502672266.0,5.0,1048.0,poseidon,condorpool,poseidon-worker-3-container-0-7,xgboost_hp_tuning,/srv/xgboost_hp_tuning,,81.6,0,0,0.0,157974453.0,40.0,3334.0,2.0,78.3,3.1,5265815.1,4.0
xgboost_hp_tuning_ID0000022_pegasus-plan_ID0000012,None,compute,0,1677628660.0,,,1677628665.0,1677628638.0,1677628655.0,46314593.0,1677628686.0,1677628750.0,1677628686.0,1677628691.0,247.0,1677628750.0,1677628755.0,5.0,,21.0,64.0,5.0,17.0,502672266.0,5.0,1063.0,poseidon,condorpool,poseidon-worker-1-container-0-7,xgboost_hp_tuning,/srv/xgboost_hp_tuning,,138.1,0,0,0.1,157972646.0,40.0,3321.0,2.0,109.3,3.2,7898632.3,4.0
xgboost_hp_tuning_ID0000010_pegasus-plan_ID0000012,None,compute,0,1677628660.0,,,1677628665.0,1677628638.0,1677628655.0,46493662.4,1677628686.0,1677628755.0,1677628690.0,1677628695.0,245.0,1677628755.0,1677628760.0,5.0,,21.0,69.0,5.0,17.0,502672266.0,5.0,1049.0,poseidon,condorpool,poseidon-worker-2-container-40-47,xgboost_hp_tuning,/srv/xgboost_hp_tuning,,150.0,0,0,0.1,157972468.0,40.0,3321.0,2.0,95.2,2.9,7898623.4,4.0
xgboost_hp_tuning_ID0000021_pegasus-plan_ID0000012,None,compute,0,1677628660.0,,,1677628665.0,1677628638.0,1677628655.0,46499044.6,1677628686.0,1677628745.0,1677628683.0,1677628688.0,247.0,1677628745.0,1677628750.0,5.0,,21.0,59.0,5.0,17.0,502672266.0,5.0,1062.0,poseidon,condorpool,poseidon-worker-2-container-16-23,xgboost_hp_tuning,/srv/xgboost_hp_tuning,,118.2,0,0,0.0,157972466.0,40.0,3321.0,2.0,103.9,3.9,7898623.3,4.0
xgboost_hp_tuning_ID0000020_pegasus-plan_ID0000012,None,compute,0,1677628660.0,,,1677628665.0,1677628638.0,1677628655.0,46516145.4,1677628686.0,1677628755.0,1677628691.0,1677628696.0,252.0,1677628755.0,1677628760.0,5.0,,21.0,69.0,5.0,17.0,502672266.0,5.0,1061.0,poseidon,condorpool,poseidon-worker-2-container-32-39,xgboost_hp_tuning,/srv/xgboost_hp_tuning,,159.4,0,0,0.1,157972467.0,40.0,3321.0,2.0,98.6,3.0,7898623.4,4.0
xgboost_hp_tuning_ID0000008_pegasus-plan_ID0000012,None,compute,0,1677628660.0,,,1677628665.0,1677628638.0,1677628655.0,46699597.2,1677628686.0,1677628745.0,1677628682.0,1677628687.0,252.0,1677628745.0,1677628750.0,5.0,,21.0,59.0,5.0,17.0,502672266.0,5.0,1059.0,poseidon,condorpool,poseidon-worker-3-container-32-39,xgboost_hp_tuning,/srv/xgboost_hp_tuning,,115.5,0,0,0.0,157970593.0,40.0,3319.0,2.0,106.3,3.4,7898529.6,4.0
xgboost_hp_tuning_ID0000019_pegasus-plan_ID0000012,cpu_4,compute,0,1677628660.0,,,1677628665.0,1677628638.0,1677628655.0,46632727.0,1677628686.0,1677628750.0,1677628685.0,1677628690.0,246.0,1677628750.0,1677628755.0,5.0,,21.0,64.0,5.0,17.0,502672266.0,5.0,1060.0,poseidon,condorpool,poseidon-worker-2-container-24-31,xgboost_hp_tuning,/srv/xgboost_hp_tuning,,70.6,0,0,0.1,157972462.0,40.0,3321.0,2.0,55.5,3.0,7898623.1,4.0
xgboost_hp_tuning_ID0000007_pegasus-plan_ID0000012,None,compute,0,1677628660.0,,,1677628665.0,1677628638.0,1677628655.0,46710190.0,1677628686.0,1677628745.0,1677628683.0,1677628687.0,254.0,1677628745.0,1677628750.0,5.0,,21.0,59.0,5.0,17.0,502672266.0,4.0,1066.0,poseidon,condorpool,poseidon-worker-3-container-24-31,xgboost_hp_tuning,/srv/xgboost_hp_tuning,,116.7,0,0,0.0,157970593.0,40.0,3319.0,2.0,106.4,3.5,7898529.6,4.0
xgboost_hp_tuning_ID0000023_pegasus-plan_ID0000016,cpu_4,compute,0,1677628666.0,,,1677628671.0,1677628744.0,1677628760.0,42651067.5,1677628792.0,1677628831.0,1677628769.0,1677628774.0,254.0,1677628831.0,1677628836.0,5.0,,121.0,39.0,5.0,16.0,377646203.0,5.0,1090.0,poseidon,condorpool,poseidon-worker-3-container-0-7,xgboost_hp_tuning,/srv/xgboost_hp_tuning,,9.2,0,0,,,,,,,,,
xgboost_hp_tuning_ID0000008_pegasus-plan_ID0000016,None,compute,0,1677628666.0,,,1677628671.0,1677628700.0,1677628716.0,42490115.2,1677628748.0,1677628786.0,1677628726.0,1677628730.0,252.0,1677628786.0,1677628791.0,5.0,,77.0,38.0,5.0,16.0,377646203.0,4.0,1059.0,poseidon,condorpool,poseidon-worker-3-container-16-23,xgboost_hp_tuning,/srv/xgboost_hp_tuning,,14.1,0,0,,,,,,,,,
xgboost_hp_tuning_ID0000013_pegasus-plan_ID0000016,None,compute,0,1677628666.0,,,1677628671.0,1677628739.0,1677628755.0,42493346.5,1677628788.0,1677628826.0,1677628765.0,1677628770.0,243.0,1677628826.0,1677628831.0,5.0,,117.0,38.0,5.0,16.0,377646203.0,5.0,1053.0,poseidon,condorpool,poseidon-worker-3-container-16-23,xgboost_hp_tuning,/srv/xgboost_hp_tuning,,20.2,0,0,,,,,,,,,
xgboost_hp_tuning_ID0000009_pegasus-plan_ID0000016,None,compute,0,1677628666.0,,,1677628671.0,1677628697.0,1677628713.0,42531982.0,1677628745.0,1677628786.0,1677628723.0,1677628727.0,246.0,1677628786.0,1677628791.0,5.0,,74.0,41.0,5.0,16.0,377646203.0,4.0,1057.0,poseidon,condorpool,poseidon-worker-2-container-16-23,xgboost_hp_tuning,/srv/xgboost_hp_tuning,,14.1,0,0,,,,,,,,,
xgboost_hp_tuning_ID0000011_pegasus-plan_ID0000016,None,compute,0,1677628666.0,,,1677628671.0,1677628697.0,1677628713.0,42711412.8,1677628746.0,1677628786.0,1677628723.0,1677628728.0,249.0,1677628786.0,1677628791.0,5.0,,75.0,40.0,5.0,16.0,377646203.0,5.0,1049.0,poseidon,condorpool,poseidon-worker-3-container-8-15,xgboost_hp_tuning,/srv/xgboost_hp_tuning,,17.2,0,0,,,,,,,,,
xgboost_hp_tuning_ID0000022_pegasus-plan_ID0000016,None,compute,0,1677628666.0,,,1677628671.0,1677628698.0,1677628714.0,42527015.2,1677628746.0,1677628786.0,1677628724.0,1677628728.0,253.0,1677628786.0,1677628791.0,5.0,,75.0,40.0,5.0,16.0,377646203.0,4.0,1063.0,poseidon,condorpool,poseidon-worker-1-container-16-23,xgboost_hp_tuning,/srv/xgboost_hp_tuning,,14.3,0,0,,,,,,,,,
xgboost_hp_tuning_ID0000010_pegasus-plan_ID0000016,None,compute,0,1677628666.0,,,1677628671.0,1677628698.0,1677628715.0,42591476.8,1677628747.0,1677628786.0,1677628725.0,1677628729.0,247.0,1677628786.0,1677628791.0,5.0,,76.0,39.0,5.0,17.0,377646203.0,4.0,1050.0,poseidon,condorpool,poseidon-worker-1-container-24-31,xgboost_hp_tuning,/srv/xgboost_hp_tuning,,14.7,0,0,,,,,,,,,
xgboost_hp_tuning_ID0000021_pegasus-plan_ID0000016,cpu_4,compute,0,1677628666.0,,,1677628671.0,1677628699.0,1677628715.0,42629706.0,1677628747.0,1677628786.0,1677628725.0,1677628729.0,251.0,1677628786.0,1677628791.0,5.0,,76.0,39.0,5.0,16.0,377646203.0,4.0,1062.0,poseidon,condorpool,poseidon-worker-2-container-24-31,xgboost_hp_tuning,/srv/xgboost_hp_tuning,,9.6,0,0,,,,,,,,,
xgboost_hp_tuning_ID0000020_pegasus-plan_ID0000016,None,compute,0,1677628666.0,,,1677628671.0,1677628700.0,1677628716.0,42401144.5,1677628748.0,1677628786.0,1677628726.0,1677628730.0,250.0,1677628786.0,1677628791.0,5.0,,77.0,38.0,5.0,16.0,377646203.0,4.0,1061.0,poseidon,condorpool,poseidon-worker-1-container-0-7,xgboost_hp_tuning,/srv/xgboost_hp_tuning,,14.6,0,0,,,,,,,,,
xgboost_hp_tuning_ID0000019_pegasus-plan_ID0000016,None,compute,0,1677628666.0,,,1677628671.0,1677628701.0,1677628717.0,42511971.5,1677628749.0,1677628791.0,1677628727.0,1677628731.0,248.0,1677628791.0,1677628796.0,5.0,,78.0,42.0,5.0,16.0,377646203.0,4.0,1056.0,poseidon,condorpool,poseidon-worker-2-container-8-15,xgboost_hp_tuning,/srv/xgboost_hp_tuning,,14.5,0,0,,,,,,,,,
xgboost_hp_tuning_ID0000001_pegasus-plan_ID0000016,None,compute,0,1677628666.0,,,1677628671.0,1677628740.0,1677628756.0,42259236.0,1677628788.0,1677628831.0,1677628766.0,1677628770.0,243.0,1677628831.0,1677628836.0,5.0,,117.0,43.0,5.0,16.0,377646203.0,4.0,1064.0,poseidon,condorpool,poseidon-worker-2-container-8-15,xgboost_hp_tuning,/srv/xgboost_hp_tuning,,14.5,0,0,,,,,,,,,
xgboost_hp_tuning_ID0000018_pegasus-plan_ID0000016,cpu_4,compute,0,1677628666.0,,,1677628671.0,1677628704.0,1677628720.0,42654323.5,1677628753.0,1677628796.0,1677628731.0,1677628735.0,250.0,1677628796.0,1677628801.0,5.0,,82.0,43.0,5.0,16.0,377646203.0,4.0,1055.0,poseidon,condorpool,poseidon-worker-3-container-0-7,xgboost_hp_tuning,/srv/xgboost_hp_tuning,,11.1,0,0,,,,,,,,,
xgboost_hp_tuning_ID0000007_pegasus-plan_ID0000016,None,compute,0,1677628666.0,,,1677628671.0,1677628704.0,1677628720.0,42531431.8,1677628752.0,1677628791.0,1677628729.0,1677628734.0,248.0,1677628791.0,1677628796.0,5.0,,81.0,39.0,5.0,16.0,377646203.0,5.0,1065.0,poseidon,condorpool,poseidon-worker-2-container-40-47,xgboost_hp_tuning,/srv/xgboost_hp_tuning,,14.3,0,0,,,,,,,,,
xgboost_hp_tuning_ID0000017_pegasus-plan_ID0000016,None,compute,0,1677628666.0,,,1677628671.0,1677628710.0,1677628726.0,42194840.8,1677628758.0,1677628801.0,1677628736.0,1677628740.0,249.0,1677628801.0,1677628806.0,5.0,,87.0,43.0,5.0,16.0,377646203.0,4.0,1055.0,poseidon,condorpool,poseidon-worker-1-container-8-15,xgboost_hp_tuning,/srv/xgboost_hp_tuning,,14.6,0,0,,,,,,,,,
xgboost_hp_tuning_ID0000005_pegasus-plan_ID0000016,None,compute,0,1677628666.0,,,1677628671.0,1677628713.0,1677628729.0,42492768.0,1677628761.0,1677628801.0,1677628739.0,1677628743.0,249.0,1677628801.0,1677628806.0,5.0,,90.0,40.0,5.0,16.0,377646203.0,4.0,1079.0,poseidon,condorpool,poseidon-worker-1-container-40-47,xgboost_hp_tuning,/srv/xgboost_hp_tuning,,15.2,0,0,,,,,,,,,
xgboost_hp_tuning_ID0000016_pegasus-plan_ID0000016,None,compute,0,1677628666.0,,,1677628671.0,1677628736.0,1677628752.0,42259346.8,1677628785.0,1677628826.0,1677628762.0,1677628767.0,239.0,1677628826.0,1677628831.0,5.0,,114.0,41.0,5.0,16.0,377646203.0,5.0,1053.0,poseidon,condorpool,poseidon-worker-2-container-16-23,xgboost_hp_tuning,/srv/xgboost_hp_tuning,,16.2,0,0,,,,,,,,,
xgboost_hp_tuning_ID0000004_pegasus-plan_ID0000016,None,compute,0,1677628666.0,,,1677628671.0,1677628737.0,1677628752.0,42660939.5,1677628785.0,1677628826.0,1677628763.0,1677628767.0,249.0,1677628826.0,1677628831.0,5.0,,114.0,41.0,5.0,15.0,377646203.0,4.0,1060.0,poseidon,condorpool,poseidon-worker-3-container-8-15,xgboost_hp_tuning,/srv/xgboost_hp_tuning,,19.4,0,0,,,,,,,,,
xgboost_hp_tuning_ID0000015_pegasus-plan_ID0000016,None,compute,0,1677628666.0,,,1677628671.0,1677628737.0,1677628753.0,42532225.2,1677628786.0,1677628826.0,1677628763.0,1677628767.0,242.0,1677628826.0,1677628831.0,5.0,,115.0,40.0,5.0,16.0,377646203.0,4.0,1052.0,poseidon,condorpool,poseidon-worker-1-container-16-23,xgboost_hp_tuning,/srv/xgboost_hp_tuning,,14.9,0,0,,,,,,,,,
xgboost_hp_tuning_ID0000003_pegasus-plan_ID0000016,None,compute,0,1677628666.0,,,1677628671.0,1677628738.0,1677628754.0,42504209.5,1677628786.0,1677628826.0,1677628765.0,1677628769.0,246.0,1677628826.0,1677628831.0,5.0,,115.0,40.0,5.0,16.0,377646203.0,4.0,1069.0,poseidon,condorpool,poseidon-worker-1-container-24-31,xgboost_hp_tuning,/srv/xgboost_hp_tuning,,21.1,0,0,,,,,,,,,
xgboost_hp_tuning_ID0000014_pegasus-plan_ID0000016,cpu_4,compute,0,1677628666.0,,,1677628671.0,1677628738.0,1677628754.0,42365504.2,1677628787.0,1677628826.0,1677628764.0,1677628769.0,228.0,1677628826.0,1677628831.0,5.0,,116.0,39.0,5.0,16.0,377646203.0,5.0,1049.0,poseidon,condorpool,poseidon-worker-2-container-24-31,xgboost_hp_tuning,/srv/xgboost_hp_tuning,,9.3,0,0,,,,,,,,,
xgboost_hp_tuning_ID0000002_pegasus-plan_ID0000016,None,compute,0,1677628666.0,,,1677628671.0,1677628739.0,1677628755.0,42325414.5,1677628788.0,1677628826.0,1677628765.0,1677628770.0,230.0,1677628826.0,1677628831.0,5.0,,117.0,38.0,5.0,16.0,377646203.0,5.0,1059.0,poseidon,condorpool,poseidon-worker-1-container-0-7,xgboost_hp_tuning,/srv/xgboost_hp_tuning,,14.2,0,0,,,,,,,,,
xgboost_hp_tuning_ID0000006_pegasus-plan_ID0000016,None,compute,0,1677628666.0,,,1677628671.0,1677628705.0,1677628721.0,42262685.2,1677628753.0,1677628796.0,1677628731.0,1677628735.0,247.0,1677628796.0,1677628801.0,5.0,,82.0,43.0,5.0,16.0,377646203.0,4.0,1061.0,poseidon,condorpool,poseidon-worker-2-container-32-39,xgboost_hp_tuning,/srv/xgboost_hp_tuning,,15.0,0,0,,,,,,,,,
xgboost_hp_tuning_ID0000012_pegasus-plan_ID0000016,None,compute,0,1677628666.0,,,1677628671.0,1677628743.0,1677628759.0,42140450.5,1677628791.0,1677628831.0,1677628769.0,1677628773.0,239.0,1677628831.0,1677628836.0,5.0,,120.0,40.0,5.0,16.0,377646203.0,4.0,1049.0,poseidon,condorpool,poseidon-worker-2-container-40-47,xgboost_hp_tuning,/srv/xgboost_hp_tuning,,17.1,0,0,,,,,,,,,
xgboost_hp_tuning_ID0000001_pegasus-plan_ID0000020,None,compute,0,1677628676.0,,,1677628681.0,1677629167.0,1677629198.0,68917805.2,1677629215.0,1677629572.0,1677629511.0,1677629515.0,244.0,1677629572.0,1677629577.0,5.0,,534.0,357.0,5.0,31.0,1691153157.0,4.0,1064.0,poseidon,condorpool,poseidon-worker-1-container-16-23,xgboost_hp_tuning,/srv/xgboost_hp_tuning,,1711.0,0,0,0.0,1346560903.0,40.0,3741.0,2.0,1650.8,39.2,4488536.3,4.0
xgboost_hp_tuning_ID0000009_pegasus-plan_ID0000020,None,compute,0,1677628676.0,,,1677628681.0,1677628744.0,1677628776.0,66823793.2,1677628793.0,1677629197.0,1677629137.0,1677629141.0,246.0,1677629197.0,1677629202.0,5.0,,112.0,404.0,5.0,32.0,1691153157.0,4.0,1058.0,poseidon,condorpool,poseidon-worker-2-container-32-39,xgboost_hp_tuning,/srv/xgboost_hp_tuning,,1921.0,0,0,0.1,1346579891.0,40.0,3816.0,2.0,1864.1,53.4,3847371.1,4.0
xgboost_hp_tuning_ID0000012_pegasus-plan_ID0000020,None,compute,0,1677628676.0,,,1677628681.0,1677629169.0,1677629200.0,68967868.5,1677629217.0,1677629622.0,1677629559.0,1677629563.0,244.0,1677629622.0,1677629627.0,5.0,,536.0,405.0,5.0,31.0,1691153157.0,4.0,1047.0,poseidon,condorpool,poseidon-worker-2-container-0-7,xgboost_hp_tuning,/srv/xgboost_hp_tuning,,2017.3,0,0,0.1,1346575960.0,40.0,3801.0,2.0,1903.6,54.1,3960517.5,4.0
xgboost_hp_tuning_ID0000023_pegasus-plan_ID0000020,None,compute,0,1677628676.0,,,1677628681.0,1677629170.0,1677629201.0,69062519.7,1677629219.0,1677629592.0,1677629530.0,1677629534.0,251.0,1677629592.0,1677629597.0,5.0,,538.0,373.0,5.0,31.0,1691153157.0,4.0,1092.0,poseidon,condorpool,poseidon-worker-3-container-16-23,xgboost_hp_tuning,/srv/xgboost_hp_tuning,,1774.7,0,0,0.1,1346562926.0,40.0,3754.0,2.0,1668.3,48.3,4343751.4,4.0
xgboost_hp_tuning_ID0000017_pegasus-plan_ID0000020,None,compute,0,1677628676.0,,,1677628681.0,1677628778.0,1677628811.0,64760650.8,1677628827.0,1677629247.0,1677629186.0,1677629190.0,244.0,1677629247.0,1677629252.0,5.0,,146.0,420.0,5.0,33.0,1691153157.0,4.0,1051.0,poseidon,condorpool,poseidon-worker-1-container-24-31,xgboost_hp_tuning,/srv/xgboost_hp_tuning,,2057.3,0,0,0.0,1346583913.0,40.0,3831.0,2.0,1954.8,64.8,3740510.9,4.0
xgboost_hp_tuning_ID0000002_pegasus-plan_ID0000020,None,compute,0,1677628676.0,,,1677628681.0,1677629153.0,1677629185.0,69070248.5,1677629202.0,1677629577.0,1677629516.0,1677629520.0,242.0,1677629577.0,1677629582.0,5.0,,521.0,375.0,5.0,32.0,1691153157.0,4.0,1059.0,poseidon,condorpool,poseidon-worker-2-container-8-15,xgboost_hp_tuning,/srv/xgboost_hp_tuning,,1809.6,0,0,0.0,1346568468.0,40.0,3771.0,2.0,1753.0,43.4,4208026.5,4.0
xgboost_hp_tuning_ID0000005_pegasus-plan_ID0000020,None,compute,0,1677628676.0,,,1677628681.0,1677628779.0,1677628812.0,64864154.9,1677628827.0,1677629312.0,1677629251.0,1677629255.0,252.0,1677629312.0,1677629317.0,5.0,,146.0,485.0,5.0,33.0,1691153157.0,4.0,1078.0,poseidon,condorpool,poseidon-worker-1-container-0-7,xgboost_hp_tuning,/srv/xgboost_hp_tuning,,2361.0,0,0,0.0,1346606571.0,40.0,3921.0,2.0,2221.2,81.3,3206206.1,4.0
xgboost_hp_tuning_ID0000016_pegasus-plan_ID0000020,None,compute,0,1677628676.0,,,1677628681.0,1677628779.0,1677628811.0,65028489.2,1677628827.0,1677629222.0,1677629157.0,1677629161.0,250.0,1677629222.0,1677629227.0,5.0,,146.0,395.0,5.0,32.0,1691153157.0,4.0,1055.0,poseidon,condorpool,poseidon-worker-3-container-16-23,xgboost_hp_tuning,/srv/xgboost_hp_tuning,,1900.3,0,0,0.0,1346570538.0,40.0,3784.0,2.0,1799.9,58.6,4080516.8,4.0
xgboost_hp_tuning_ID0000004_pegasus-plan_ID0000020,None,compute,0,1677628676.0,,,1677628681.0,1677628780.0,1677628813.0,65211130.4,1677628828.0,1677629202.0,1677629140.0,1677629144.0,250.0,1677629202.0,1677629207.0,5.0,,147.0,374.0,5.0,33.0,1691153157.0,4.0,1061.0,poseidon,condorpool,poseidon-worker-2-container-8-15,xgboost_hp_tuning,/srv/xgboost_hp_tuning,,1738.7,0,0,0.1,1346564649.0,40.0,3756.0,2.0,1629.6,55.7,4343756.9,4.0
xgboost_hp_tuning_ID0000018_pegasus-plan_ID0000020,None,compute,0,1677628676.0,,,1677628681.0,1677628777.0,1677628810.0,64721621.2,1677628825.0,1677629217.0,1677629153.0,1677629158.0,244.0,1677629217.0,1677629222.0,5.0,,144.0,392.0,5.0,33.0,1691153157.0,5.0,1055.0,poseidon,condorpool,poseidon-worker-1-container-16-23,xgboost_hp_tuning,/srv/xgboost_hp_tuning,,1887.9,0,0,0.2,1346572412.0,40.0,3786.0,2.0,1804.8,55.6,4080522.5,4.0
xgboost_hp_tuning_ID0000013_pegasus-plan_ID0000020,None,compute,0,1677628676.0,,,1677628681.0,1677629157.0,1677629189.0,68941200.7,1677629205.0,1677629607.0,1677629544.0,1677629549.0,241.0,1677629607.0,1677629612.0,5.0,,524.0,402.0,5.0,32.0,1691153157.0,5.0,1054.0,poseidon,condorpool,poseidon-worker-1-container-8-15,xgboost_hp_tuning,/srv/xgboost_hp_tuning,,1950.3,0,0,0.0,1346576100.0,40.0,3801.0,2.0,1847.7,63.6,3960517.9,4.0
xgboost_hp_tuning_ID0000007_pegasus-plan_ID0000020,None,compute,0,1677628676.0,,,1677628681.0,1677628776.0,1677628809.0,64664925.2,1677628825.0,1677629192.0,1677629128.0,1677629132.0,253.0,1677629192.0,1677629197.0,5.0,,144.0,367.0,5.0,33.0,1691153157.0,4.0,1066.0,poseidon,condorpool,poseidon-worker-3-container-8-15,xgboost_hp_tuning,/srv/xgboost_hp_tuning,,1671.0,0,0,0.0,1346558882.0,40.0,3739.0,2.0,1557.0,53.0,4488529.6,4.0
xgboost_hp_tuning_ID0000019_pegasus-plan_ID0000020,None,compute,0,1677628676.0,,,1677628681.0,1677628760.0,1677628793.0,65192250.2,1677628809.0,1677629427.0,1677629366.0,1677629371.0,252.0,1677629427.0,1677629432.0,5.0,,128.0,618.0,5.0,33.0,1691153157.0,5.0,1058.0,poseidon,condorpool,poseidon-worker-3-container-40-47,xgboost_hp_tuning,/srv/xgboost_hp_tuning,,3467.4,0,0,0.0,1346658686.0,40.0,4129.0,2.0,3360.5,77.0,2404747.7,4.0
xgboost_hp_tuning_ID0000008_pegasus-plan_ID0000020,None,compute,0,1677628676.0,,,1677628681.0,1677628759.0,1677628792.0,65569513.6,1677628808.0,1677629217.0,1677629155.0,1677629159.0,251.0,1677629217.0,1677629222.0,5.0,,127.0,409.0,5.0,33.0,1691153157.0,4.0,1059.0,poseidon,condorpool,poseidon-worker-2-container-0-7,xgboost_hp_tuning,/srv/xgboost_hp_tuning,,1939.8,0,0,0.1,1346579546.0,40.0,3816.0,2.0,1854.6,61.7,3847370.1,4.0
xgboost_hp_tuning_ID0000014_pegasus-plan_ID0000020,None,compute,0,1677628676.0,,,1677628681.0,1677628853.0,1677628885.0,68794726.7,1677628901.0,1677629297.0,1677629233.0,1677629237.0,246.0,1677629297.0,1677629302.0,5.0,,220.0,396.0,5.0,32.0,1691153157.0,4.0,1055.0,poseidon,condorpool,poseidon-worker-2-container-16-23,xgboost_hp_tuning,/srv/xgboost_hp_tuning,,1935.4,0,0,0.1,1346572444.0,40.0,3786.0,2.0,1834.7,52.0,4080522.6,4.0
xgboost_hp_tuning_ID0000021_pegasus-plan_ID0000020,None,compute,0,1677628676.0,,,1677628681.0,1677628753.0,1677628785.0,65040374.8,1677628801.0,1677629232.0,1677629168.0,1677629173.0,248.0,1677629232.0,1677629237.0,5.0,,120.0,431.0,5.0,32.0,1691153157.0,5.0,1063.0,poseidon,condorpool,poseidon-worker-1-container-32-39,xgboost_hp_tuning,/srv/xgboost_hp_tuning,,2144.0,0,0,0.0,1346587523.0,40.0,3846.0,2.0,2064.3,54.3,3639425.7,4.0
xgboost_hp_tuning_ID0000010_pegasus-plan_ID0000020,None,compute,0,1677628676.0,,,1677628681.0,1677628752.0,1677628785.0,65027898.1,1677628801.0,1677629262.0,1677629197.0,1677629201.0,247.0,1677629262.0,1677629267.0,5.0,,120.0,461.0,5.0,33.0,1691153157.0,4.0,1048.0,poseidon,condorpool,poseidon-worker-1-container-40-47,xgboost_hp_tuning,/srv/xgboost_hp_tuning,,2331.8,0,0,0.0,1346599017.0,40.0,3891.0,2.0,2243.5,70.2,3366497.5,4.0
xgboost_hp_tuning_ID0000022_pegasus-plan_ID0000020,None,compute,0,1677628676.0,,,1677628681.0,1677628751.0,1677628783.0,65523319.1,1677628799.0,1677629262.0,1677629198.0,1677629202.0,253.0,1677629262.0,1677629267.0,5.0,,118.0,463.0,5.0,32.0,1691153157.0,4.0,1062.0,poseidon,condorpool,poseidon-worker-3-container-32-39,xgboost_hp_tuning,/srv/xgboost_hp_tuning,,2353.0,0,0,0.0,1346597125.0,40.0,3889.0,2.0,2256.5,61.3,3366492.8,4.0
xgboost_hp_tuning_ID0000011_pegasus-plan_ID0000020,None,compute,0,1677628676.0,,,1677628681.0,1677628749.0,1677628782.0,65829967.6,1677628798.0,1677629207.0,1677629144.0,1677629148.0,245.0,1677629207.0,1677629212.0,5.0,,117.0,409.0,5.0,33.0,1691153157.0,4.0,1050.0,poseidon,condorpool,poseidon-worker-1-container-8-15,xgboost_hp_tuning,/srv/xgboost_hp_tuning,,1915.9,0,0,0.1,1346579786.0,40.0,3816.0,2.0,1841.1,60.2,3847370.8,4.0
xgboost_hp_tuning_ID0000015_pegasus-plan_ID0000020,None,compute,0,1677628676.0,,,1677628681.0,1677628784.0,1677628816.0,65362709.4,1677628832.0,1677629257.0,1677629193.0,1677629197.0,243.0,1677629257.0,1677629262.0,5.0,,151.0,425.0,5.0,32.0,1691153157.0,4.0,1054.0,poseidon,condorpool,poseidon-worker-2-container-40-47,xgboost_hp_tuning,/srv/xgboost_hp_tuning,,2077.3,0,0,0.0,1346583894.0,40.0,3831.0,2.0,1961.8,68.9,3740510.8,4.0
xgboost_hp_tuning_ID0000003_pegasus-plan_ID0000020,cpu_4,compute,0,1677628676.0,,,1677628681.0,1677628783.0,1677628815.0,65813717.8,1677628831.0,1677629477.0,1677629414.0,1677629418.0,253.0,1677629477.0,1677629482.0,5.0,,150.0,646.0,5.0,32.0,1691153157.0,4.0,1069.0,poseidon,condorpool,poseidon-worker-3-container-0-7,xgboost_hp_tuning,/srv/xgboost_hp_tuning,,1772.8,0,0,0.1,1346668605.0,40.0,4165.0,2.0,1625.0,114.9,2321842.4,4.0
xgboost_hp_tuning_ID0000006_pegasus-plan_ID0000020,cpu_4,compute,0,1677628676.0,,,1677628681.0,1677628778.0,1677628811.0,64926337.1,1677628826.0,1677629362.0,1677629301.0,1677629305.0,245.0,1677629362.0,1677629367.0,5.0,,145.0,536.0,5.0,33.0,1691153157.0,4.0,1067.0,poseidon,condorpool,poseidon-worker-2-container-24-31,xgboost_hp_tuning,/srv/xgboost_hp_tuning,,1542.8,0,0,0.1,1346629844.0,40.0,4011.0,2.0,1479.9,60.2,2805478.8,4.0
xgboost_hp_tuning_ID0000020_pegasus-plan_ID0000020,None,compute,0,1677628676.0,,,1677628681.0,1677628758.0,1677628791.0,65123568.1,1677628807.0,1677629237.0,1677629176.0,1677629180.0,250.0,1677629237.0,1677629242.0,5.0,,126.0,430.0,5.0,33.0,1691153157.0,4.0,1062.0,poseidon,condorpool,poseidon-worker-3-container-24-31,xgboost_hp_tuning,/srv/xgboost_hp_tuning,,2180.0,0,0,0.0,1346585665.0,40.0,3844.0,2.0,2081.9,63.7,3639420.7,4.0
stage_out_local_condorpool_0_2_pegasus-plan_ID0000012,None,transfer,0,1677628805.0,,,1677628810.0,,,0.0,1677628810.0,1677628825.0,1677628811.0,1677628815.0,1843.0,1677628825.0,1677628830.0,5.0,,0.0,15.0,5.0,,,4.0,7429.0,poseidon,local,host-10-100-100-12.openstacklocal,pegasus::transfer,/home/poseidon/pegasus-5.1.0panorama/bin/pegasus-transfer,/home/poseidon/pegasus-5.1.0panorama/bin/../bin/pegasus-kickstart  -n pegasus::transfer -N null -i - -R local  -L xgboost_hp_tuning_group_0 -T 2023-02-28T23:56:46+00:00 /home/poseidon/pegasus-5.1.0panorama/bin/../bin/pegasus-transfer  --threads 2,0.9,0,0,,,,,,,,,
stage_out_local_condorpool_0_0_pegasus-plan_ID0000012,None,transfer,0,1677628815.0,,,1677628820.0,,,0.0,1677628820.0,1677628830.0,1677628820.0,1677628824.0,2097.0,1677628830.0,1677628835.0,5.0,,0.0,10.0,5.0,,,4.0,8465.0,poseidon,local,host-10-100-100-12.openstacklocal,pegasus::transfer,/home/poseidon/pegasus-5.1.0panorama/bin/pegasus-transfer,/home/poseidon/pegasus-5.1.0panorama/bin/../bin/pegasus-kickstart  -n pegasus::transfer -N null -i - -R local  -L xgboost_hp_tuning_group_0 -T 2023-02-28T23:56:46+00:00 /home/poseidon/pegasus-5.1.0panorama/bin/../bin/pegasus-transfer  --threads 2,1.1,0,0,,,,,,,,,
stage_out_local_condorpool_0_1_pegasus-plan_ID0000012,None,transfer,0,1677628815.0,,,1677628820.0,,,0.0,1677628820.0,1677628830.0,1677628820.0,1677628824.0,2106.0,1677628830.0,1677628835.0,5.0,,0.0,10.0,5.0,,,4.0,8502.0,poseidon,local,host-10-100-100-12.openstacklocal,pegasus::transfer,/home/poseidon/pegasus-5.1.0panorama/bin/pegasus-transfer,/home/poseidon/pegasus-5.1.0panorama/bin/../bin/pegasus-kickstart  -n pegasus::transfer -N null -i - -R local  -L xgboost_hp_tuning_group_0 -T 2023-02-28T23:56:46+00:00 /home/poseidon/pegasus-5.1.0panorama/bin/../bin/pegasus-transfer  --threads 2,1.1,0,0,,,,,,,,,
xgboost_best_params_ID0000024_pegasus-plan_ID0000012,None,compute,0,1677628815.0,,,1677628820.0,1677628776.0,1677628794.0,33270788.3,1677628825.0,1677628865.0,1677628801.0,1677628806.0,245.0,1677628865.0,1677628870.0,5.0,,5.0,40.0,5.0,18.0,368018665.0,5.0,1078.0,poseidon,condorpool,poseidon-worker-2-container-16-23,xgboost_best_params,/srv/xgboost_best_params,,0.0,0,0,,,,,,,,,
register_condorpool_0_2_pegasus-plan_ID0000012,None,auxiliary,0,1677628830.0,,,1677628835.0,,,0.0,1677628835.0,1677628840.0,,,0.0,1677628840.0,1677628845.0,5.0,,0.0,5.0,5.0,,,,,poseidon,local,host-10-100-100-12.openstacklocal,pegasus::rc-client,/home/poseidon/pegasus-5.1.0panorama/bin/pegasus-rc-client,"-n pegasus::rc-client -N null -R local  -L xgboost_hp_tuning_group_0 -T 2023-02-28T23:56:46+00:00 /home/poseidon/pegasus-5.1.0panorama/bin/pegasus-rc-client --prefix pegasus.catalog.replica.output --conf /home/poseidon/workflows/predict-future-sales-workflow/submit/poseidon/pegasus/predict-future-sales/run0310/00/00/./xgboost_hp_tuning_group_0.000/pegasus.9878207259498472145.properties -v --meta /home/poseidon/workflows/predict-future-sales-workflow/submit/poseidon/pegasus/predict-future-sales/run0310/00/00/./xgboost_hp_tuning_group_0.000/00/00/xgboost_hp_tuning_ID0000017.meta,/home/poseidon/workflows/predict-future-sales-workflow/submit/poseidon/pegasus/predict-future-sales/run0310/00/00/./xgboost_hp_tuning_group_0.000/00/00/xgboost_hp_tuning_ID0000022.meta,/home/poseidon/workflows/predict-future-sales-workflow/submit/poseidon/pegasus/predict-future-sales/run0310/00/00/./xgboost_hp_tuning_group_0.000/00/00/xgboost_hp_tuning_ID0000007.meta,/home/poseidon/workflows/predict-future-sales-workflow/submit/poseidon/pegasus/predict-future-sales/run0310/00/00/./xgboost_hp_tuning_group_0.000/00/00/xgboost_hp_tuning_ID0000020.meta,/home/poseidon/workflows/predict-future-sales-workflow/submit/poseidon/pegasus/predict-future-sales/run0310/00/00/./xgboost_hp_tuning_group_0.000/00/00/xgboost_hp_tuning_ID0000001.meta,/home/poseidon/workflows/predict-future-sales-workflow/submit/poseidon/pegasus/predict-future-sales/run0310/00/00/./xgboost_hp_tuning_group_0.000/00/00/xgboost_hp_tuning_ID0000004.meta,/home/poseidon/workflows/predict-future-sales-workflow/submit/poseidon/pegasus/predict-future-sales/run0310/00/00/./xgboost_hp_tuning_group_0.000/00/00/xgboost_hp_tuning_ID0000014.meta --insert /home/poseidon/workflows/predict-future-sales-workflow/submit/poseidon/pegasus/predict-future-sales/run0310/00/00/./xgboost_hp_tuning_group_0.000/00/00/register_condorpool_0_2.in",3.1,0,0,,,,,,,,,
register_condorpool_0_0_pegasus-plan_ID0000012,None,auxiliary,0,1677628835.0,,,1677628845.0,,,0.0,1677628846.0,1677628850.0,,,0.0,1677628850.0,1677628855.0,10.0,,1.0,4.0,5.0,,,,,poseidon,local,host-10-100-100-12.openstacklocal,pegasus::rc-client,/home/poseidon/pegasus-5.1.0panorama/bin/pegasus-rc-client,"-n pegasus::rc-client -N null -R local  -L xgboost_hp_tuning_group_0 -T 2023-02-28T23:56:46+00:00 /home/poseidon/pegasus-5.1.0panorama/bin/pegasus-rc-client --prefix pegasus.catalog.replica.output --conf /home/poseidon/workflows/predict-future-sales-workflow/submit/poseidon/pegasus/predict-future-sales/run0310/00/00/./xgboost_hp_tuning_group_0.000/pegasus.9878207259498472145.properties -v --meta /home/poseidon/workflows/predict-future-sales-workflow/submit/poseidon/pegasus/predict-future-sales/run0310/00/00/./xgboost_hp_tuning_group_0.000/00/00/xgboost_hp_tuning_ID0000018.meta,/home/poseidon/workflows/predict-future-sales-workflow/submit/poseidon/pegasus/predict-future-sales/run0310/00/00/./xgboost_hp_tuning_group_0.000/00/00/xgboost_hp_tuning_ID0000002.meta,/home/poseidon/workflows/predict-future-sales-workflow/submit/poseidon/pegasus/predict-future-sales/run0310/00/00/./xgboost_hp_tuning_group_0.000/00/00/xgboost_hp_tuning_ID0000005.meta,/home/poseidon/workflows/predict-future-sales-workflow/submit/poseidon/pegasus/predict-future-sales/run0310/00/00/./xgboost_hp_tuning_group_0.000/00/00/xgboost_hp_tuning_ID0000009.meta,/home/poseidon/workflows/predict-future-sales-workflow/submit/poseidon/pegasus/predict-future-sales/run0310/00/00/./xgboost_hp_tuning_group_0.000/00/00/xgboost_hp_tuning_ID0000015.meta,/home/poseidon/workflows/predict-future-sales-workflow/submit/poseidon/pegasus/predict-future-sales/run0310/00/00/./xgboost_hp_tuning_group_0.000/00/00/xgboost_hp_tuning_ID0000012.meta,/home/poseidon/workflows/predict-future-sales-workflow/submit/poseidon/pegasus/predict-future-sales/run0310/00/00/./xgboost_hp_tuning_group_0.000/00/00/xgboost_hp_tuning_ID0000010.meta,/home/poseidon/workflows/predict-future-sales-workflow/submit/poseidon/pegasus/predict-future-sales/run0310/00/00/./xgboost_hp_tuning_group_0.000/00/00/xgboost_hp_tuning_ID0000008.meta --insert /home/poseidon/workflows/predict-future-sales-workflow/submit/poseidon/pegasus/predict-future-sales/run0310/00/00/./xgboost_hp_tuning_group_0.000/00/00/register_condorpool_0_0.in",3.0,0,0,,,,,,,,,
register_condorpool_0_1_pegasus-plan_ID0000012,None,auxiliary,0,1677628835.0,,,1677628855.0,,,0.0,1677628855.0,1677628860.0,,,0.0,1677628860.0,1677628865.0,20.0,,0.0,5.0,5.0,,,,,poseidon,local,host-10-100-100-12.openstacklocal,pegasus::rc-client,/home/poseidon/pegasus-5.1.0panorama/bin/pegasus-rc-client,"-n pegasus::rc-client -N null -R local  -L xgboost_hp_tuning_group_0 -T 2023-02-28T23:56:46+00:00 /home/poseidon/pegasus-5.1.0panorama/bin/pegasus-rc-client --prefix pegasus.catalog.replica.output --conf /home/poseidon/workflows/predict-future-sales-workflow/submit/poseidon/pegasus/predict-future-sales/run0310/00/00/./xgboost_hp_tuning_group_0.000/pegasus.9878207259498472145.properties -v --meta /home/poseidon/workflows/predict-future-sales-workflow/submit/poseidon/pegasus/predict-future-sales/run0310/00/00/./xgboost_hp_tuning_group_0.000/00/00/xgboost_hp_tuning_ID0000013.meta,/home/poseidon/workflows/predict-future-sales-workflow/submit/poseidon/pegasus/predict-future-sales/run0310/00/00/./xgboost_hp_tuning_group_0.000/00/00/xgboost_hp_tuning_ID0000023.meta,/home/poseidon/workflows/predict-future-sales-workflow/submit/poseidon/pegasus/predict-future-sales/run0310/00/00/./xgboost_hp_tuning_group_0.000/00/00/xgboost_hp_tuning_ID0000011.meta,/home/poseidon/workflows/predict-future-sales-workflow/submit/poseidon/pegasus/predict-future-sales/run0310/00/00/./xgboost_hp_tuning_group_0.000/00/00/xgboost_hp_tuning_ID0000006.meta,/home/poseidon/workflows/predict-future-sales-workflow/submit/poseidon/pegasus/predict-future-sales/run0310/00/00/./xgboost_hp_tuning_group_0.000/00/00/xgboost_hp_tuning_ID0000003.meta,/home/poseidon/workflows/predict-future-sales-workflow/submit/poseidon/pegasus/predict-future-sales/run0310/00/00/./xgboost_hp_tuning_group_0.000/00/00/xgboost_hp_tuning_ID0000021.meta,/home/poseidon/workflows/predict-future-sales-workflow/submit/poseidon/pegasus/predict-future-sales/run0310/00/00/./xgboost_hp_tuning_group_0.000/00/00/xgboost_hp_tuning_ID0000019.meta,/home/poseidon/workflows/predict-future-sales-workflow/submit/poseidon/pegasus/predict-future-sales/run0310/00/00/./xgboost_hp_tuning_group_0.000/00/00/xgboost_hp_tuning_ID0000016.meta --insert /home/poseidon/workflows/predict-future-sales-workflow/submit/poseidon/pegasus/predict-future-sales/run0310/00/00/./xgboost_hp_tuning_group_0.000/00/00/register_condorpool_0_1.in",3.0,0,0,,,,,,,,,
stage_out_local_condorpool_0_2_pegasus-plan_ID0000016,None,transfer,0,1677628836.0,,,1677628841.0,,,0.0,1677628841.0,1677628851.0,1677628841.0,1677628845.0,1838.0,1677628851.0,1677628856.0,5.0,,0.0,10.0,5.0,,,4.0,7417.0,poseidon,local,host-10-100-100-12.openstacklocal,pegasus::transfer,/home/poseidon/pegasus-5.1.0panorama/bin/pegasus-transfer,/home/poseidon/pegasus-5.1.0panorama/bin/../bin/pegasus-kickstart  -n pegasus::transfer -N null -i - -R local  -L xgboost_hp_tuning_group_1 -T 2023-02-28T23:56:51+00:00 /home/poseidon/pegasus-5.1.0panorama/bin/../bin/pegasus-transfer  --threads 2,1.0,0,0,,,,,,,,,
xgboost_best_params_ID0000024_pegasus-plan_ID0000016,None,compute,0,1677628836.0,,,1677628841.0,1677628815.0,1677628833.0,33249330.8,1677628863.0,1677628901.0,1677628840.0,1677628844.0,248.0,1677628901.0,1677628906.0,5.0,,22.0,38.0,5.0,18.0,368018639.0,4.0,1056.0,poseidon,condorpool,poseidon-worker-2-container-16-23,xgboost_best_params,/srv/xgboost_best_params,,0.0,0,0,,,,,,,,,
stage_out_local_condorpool_0_1_pegasus-plan_ID0000016,None,transfer,0,1677628836.0,,,1677628841.0,,,0.0,1677628841.0,1677628851.0,1677628841.0,1677628845.0,2104.0,1677628851.0,1677628856.0,5.0,,0.0,10.0,5.0,,,4.0,8493.0,poseidon,local,host-10-100-100-12.openstacklocal,pegasus::transfer,/home/poseidon/pegasus-5.1.0panorama/bin/pegasus-transfer,/home/poseidon/pegasus-5.1.0panorama/bin/../bin/pegasus-kickstart  -n pegasus::transfer -N null -i - -R local  -L xgboost_hp_tuning_group_1 -T 2023-02-28T23:56:51+00:00 /home/poseidon/pegasus-5.1.0panorama/bin/../bin/pegasus-transfer  --threads 2,1.1,0,0,,,,,,,,,
stage_out_local_condorpool_0_0_pegasus-plan_ID0000016,None,transfer,0,1677628836.0,,,1677628841.0,,,0.0,1677628841.0,1677628851.0,1677628841.0,1677628845.0,2097.0,1677628851.0,1677628856.0,5.0,,0.0,10.0,5.0,,,4.0,8460.0,poseidon,local,host-10-100-100-12.openstacklocal,pegasus::transfer,/home/poseidon/pegasus-5.1.0panorama/bin/pegasus-transfer,/home/poseidon/pegasus-5.1.0panorama/bin/../bin/pegasus-kickstart  -n pegasus::transfer -N null -i - -R local  -L xgboost_hp_tuning_group_1 -T 2023-02-28T23:56:51+00:00 /home/poseidon/pegasus-5.1.0panorama/bin/../bin/pegasus-transfer  --threads 2,1.1,0,0,,,,,,,,,
register_condorpool_0_1_pegasus-plan_ID0000016,None,auxiliary,0,1677628856.0,,,1677628871.0,,,0.0,1677628871.0,1677628876.0,,,0.0,1677628876.0,1677628881.0,15.0,,0.0,5.0,5.0,,,,,poseidon,local,host-10-100-100-12.openstacklocal,pegasus::rc-client,/home/poseidon/pegasus-5.1.0panorama/bin/pegasus-rc-client,"-n pegasus::rc-client -N null -R local  -L xgboost_hp_tuning_group_1 -T 2023-02-28T23:56:51+00:00 /home/poseidon/pegasus-5.1.0panorama/bin/pegasus-rc-client --prefix pegasus.catalog.replica.output --conf /home/poseidon/workflows/predict-future-sales-workflow/submit/poseidon/pegasus/predict-future-sales/run0310/00/00/./xgboost_hp_tuning_group_1.000/pegasus.7337607305915865489.properties -v --meta /home/poseidon/workflows/predict-future-sales-workflow/submit/poseidon/pegasus/predict-future-sales/run0310/00/00/./xgboost_hp_tuning_group_1.000/00/00/xgboost_hp_tuning_ID0000013.meta,/home/poseidon/workflows/predict-future-sales-workflow/submit/poseidon/pegasus/predict-future-sales/run0310/00/00/./xgboost_hp_tuning_group_1.000/00/00/xgboost_hp_tuning_ID0000023.meta,/home/poseidon/workflows/predict-future-sales-workflow/submit/poseidon/pegasus/predict-future-sales/run0310/00/00/./xgboost_hp_tuning_group_1.000/00/00/xgboost_hp_tuning_ID0000011.meta,/home/poseidon/workflows/predict-future-sales-workflow/submit/poseidon/pegasus/predict-future-sales/run0310/00/00/./xgboost_hp_tuning_group_1.000/00/00/xgboost_hp_tuning_ID0000006.meta,/home/poseidon/workflows/predict-future-sales-workflow/submit/poseidon/pegasus/predict-future-sales/run0310/00/00/./xgboost_hp_tuning_group_1.000/00/00/xgboost_hp_tuning_ID0000003.meta,/home/poseidon/workflows/predict-future-sales-workflow/submit/poseidon/pegasus/predict-future-sales/run0310/00/00/./xgboost_hp_tuning_group_1.000/00/00/xgboost_hp_tuning_ID0000021.meta,/home/poseidon/workflows/predict-future-sales-workflow/submit/poseidon/pegasus/predict-future-sales/run0310/00/00/./xgboost_hp_tuning_group_1.000/00/00/xgboost_hp_tuning_ID0000019.meta,/home/poseidon/workflows/predict-future-sales-workflow/submit/poseidon/pegasus/predict-future-sales/run0310/00/00/./xgboost_hp_tuning_group_1.000/00/00/xgboost_hp_tuning_ID0000016.meta --insert /home/poseidon/workflows/predict-future-sales-workflow/submit/poseidon/pegasus/predict-future-sales/run0310/00/00/./xgboost_hp_tuning_group_1.000/00/00/register_condorpool_0_1.in",3.0,0,0,,,,,,,,,
register_condorpool_0_0_pegasus-plan_ID0000016,None,auxiliary,0,1677628856.0,,,1677628861.0,,,0.0,1677628861.0,1677628866.0,,,0.0,1677628866.0,1677628871.0,5.0,,0.0,5.0,5.0,,,,,poseidon,local,host-10-100-100-12.openstacklocal,pegasus::rc-client,/home/poseidon/pegasus-5.1.0panorama/bin/pegasus-rc-client,"-n pegasus::rc-client -N null -R local  -L xgboost_hp_tuning_group_1 -T 2023-02-28T23:56:51+00:00 /home/poseidon/pegasus-5.1.0panorama/bin/pegasus-rc-client --prefix pegasus.catalog.replica.output --conf /home/poseidon/workflows/predict-future-sales-workflow/submit/poseidon/pegasus/predict-future-sales/run0310/00/00/./xgboost_hp_tuning_group_1.000/pegasus.7337607305915865489.properties -v --meta /home/poseidon/workflows/predict-future-sales-workflow/submit/poseidon/pegasus/predict-future-sales/run0310/00/00/./xgboost_hp_tuning_group_1.000/00/00/xgboost_hp_tuning_ID0000018.meta,/home/poseidon/workflows/predict-future-sales-workflow/submit/poseidon/pegasus/predict-future-sales/run0310/00/00/./xgboost_hp_tuning_group_1.000/00/00/xgboost_hp_tuning_ID0000002.meta,/home/poseidon/workflows/predict-future-sales-workflow/submit/poseidon/pegasus/predict-future-sales/run0310/00/00/./xgboost_hp_tuning_group_1.000/00/00/xgboost_hp_tuning_ID0000005.meta,/home/poseidon/workflows/predict-future-sales-workflow/submit/poseidon/pegasus/predict-future-sales/run0310/00/00/./xgboost_hp_tuning_group_1.000/00/00/xgboost_hp_tuning_ID0000009.meta,/home/poseidon/workflows/predict-future-sales-workflow/submit/poseidon/pegasus/predict-future-sales/run0310/00/00/./xgboost_hp_tuning_group_1.000/00/00/xgboost_hp_tuning_ID0000015.meta,/home/poseidon/workflows/predict-future-sales-workflow/submit/poseidon/pegasus/predict-future-sales/run0310/00/00/./xgboost_hp_tuning_group_1.000/00/00/xgboost_hp_tuning_ID0000012.meta,/home/poseidon/workflows/predict-future-sales-workflow/submit/poseidon/pegasus/predict-future-sales/run0310/00/00/./xgboost_hp_tuning_group_1.000/00/00/xgboost_hp_tuning_ID0000010.meta,/home/poseidon/workflows/predict-future-sales-workflow/submit/poseidon/pegasus/predict-future-sales/run0310/00/00/./xgboost_hp_tuning_group_1.000/00/00/xgboost_hp_tuning_ID0000008.meta --insert /home/poseidon/workflows/predict-future-sales-workflow/submit/poseidon/pegasus/predict-future-sales/run0310/00/00/./xgboost_hp_tuning_group_1.000/00/00/register_condorpool_0_0.in",3.1,0,0,,,,,,,,,
register_condorpool_0_2_pegasus-plan_ID0000016,None,auxiliary,0,1677628856.0,,,1677628881.0,,,0.0,1677628883.0,1677628886.0,,,0.0,1677628886.0,1677628891.0,25.0,,2.0,3.0,5.0,,,,,poseidon,local,host-10-100-100-12.openstacklocal,pegasus::rc-client,/home/poseidon/pegasus-5.1.0panorama/bin/pegasus-rc-client,"-n pegasus::rc-client -N null -R local  -L xgboost_hp_tuning_group_1 -T 2023-02-28T23:56:51+00:00 /home/poseidon/pegasus-5.1.0panorama/bin/pegasus-rc-client --prefix pegasus.catalog.replica.output --conf /home/poseidon/workflows/predict-future-sales-workflow/submit/poseidon/pegasus/predict-future-sales/run0310/00/00/./xgboost_hp_tuning_group_1.000/pegasus.7337607305915865489.properties -v --meta /home/poseidon/workflows/predict-future-sales-workflow/submit/poseidon/pegasus/predict-future-sales/run0310/00/00/./xgboost_hp_tuning_group_1.000/00/00/xgboost_hp_tuning_ID0000017.meta,/home/poseidon/workflows/predict-future-sales-workflow/submit/poseidon/pegasus/predict-future-sales/run0310/00/00/./xgboost_hp_tuning_group_1.000/00/00/xgboost_hp_tuning_ID0000022.meta,/home/poseidon/workflows/predict-future-sales-workflow/submit/poseidon/pegasus/predict-future-sales/run0310/00/00/./xgboost_hp_tuning_group_1.000/00/00/xgboost_hp_tuning_ID0000007.meta,/home/poseidon/workflows/predict-future-sales-workflow/submit/poseidon/pegasus/predict-future-sales/run0310/00/00/./xgboost_hp_tuning_group_1.000/00/00/xgboost_hp_tuning_ID0000020.meta,/home/poseidon/workflows/predict-future-sales-workflow/submit/poseidon/pegasus/predict-future-sales/run0310/00/00/./xgboost_hp_tuning_group_1.000/00/00/xgboost_hp_tuning_ID0000001.meta,/home/poseidon/workflows/predict-future-sales-workflow/submit/poseidon/pegasus/predict-future-sales/run0310/00/00/./xgboost_hp_tuning_group_1.000/00/00/xgboost_hp_tuning_ID0000004.meta,/home/poseidon/workflows/predict-future-sales-workflow/submit/poseidon/pegasus/predict-future-sales/run0310/00/00/./xgboost_hp_tuning_group_1.000/00/00/xgboost_hp_tuning_ID0000014.meta --insert /home/poseidon/workflows/predict-future-sales-workflow/submit/poseidon/pegasus/predict-future-sales/run0310/00/00/./xgboost_hp_tuning_group_1.000/00/00/register_condorpool_0_2.in",3.0,0,0,,,,,,,,,
stage_out_local_condorpool_1_0_pegasus-plan_ID0000012,None,transfer,0,1677628870.0,,,1677628875.0,,,0.0,1677628875.0,1677628885.0,1677628875.0,1677628880.0,1227.0,1677628885.0,1677628890.0,5.0,,0.0,10.0,5.0,,,5.0,5390.0,poseidon,local,host-10-100-100-12.openstacklocal,pegasus::transfer,/home/poseidon/pegasus-5.1.0panorama/bin/pegasus-transfer,/home/poseidon/pegasus-5.1.0panorama/bin/../bin/pegasus-kickstart  -n pegasus::transfer -N null -i - -R local  -L xgboost_hp_tuning_group_0 -T 2023-02-28T23:56:46+00:00 /home/poseidon/pegasus-5.1.0panorama/bin/../bin/pegasus-transfer  --threads 2,0.7,0,0,,,,,,,,,
register_condorpool_1_0_pegasus-plan_ID0000012,None,auxiliary,0,1677628890.0,,,1677628895.0,,,0.0,1677628895.0,1677628900.0,,,0.0,1677628900.0,1677628905.0,5.0,,0.0,5.0,5.0,,,,,poseidon,local,host-10-100-100-12.openstacklocal,pegasus::rc-client,/home/poseidon/pegasus-5.1.0panorama/bin/pegasus-rc-client,-n pegasus::rc-client -N null -R local  -L xgboost_hp_tuning_group_0 -T 2023-02-28T23:56:46+00:00 /home/poseidon/pegasus-5.1.0panorama/bin/pegasus-rc-client --prefix pegasus.catalog.replica.output --conf /home/poseidon/workflows/predict-future-sales-workflow/submit/poseidon/pegasus/predict-future-sales/run0310/00/00/./xgboost_hp_tuning_group_0.000/pegasus.9878207259498472145.properties -v --meta /home/poseidon/workflows/predict-future-sales-workflow/submit/poseidon/pegasus/predict-future-sales/run0310/00/00/./xgboost_hp_tuning_group_0.000/00/00/xgboost_best_params_ID0000024.meta --insert /home/poseidon/workflows/predict-future-sales-workflow/submit/poseidon/pegasus/predict-future-sales/run0310/00/00/./xgboost_hp_tuning_group_0.000/00/00/register_condorpool_1_0.in,3.0,0,0,,,,,,,,,
stage_out_local_condorpool_1_0_pegasus-plan_ID0000016,None,transfer,0,1677628906.0,,,1677628911.0,,,0.0,1677628911.0,1677628921.0,1677628911.0,1677628916.0,1233.0,1677628921.0,1677628926.0,5.0,,0.0,10.0,5.0,,,5.0,5280.0,poseidon,local,host-10-100-100-12.openstacklocal,pegasus::transfer,/home/poseidon/pegasus-5.1.0panorama/bin/pegasus-transfer,/home/poseidon/pegasus-5.1.0panorama/bin/../bin/pegasus-kickstart  -n pegasus::transfer -N null -i - -R local  -L xgboost_hp_tuning_group_1 -T 2023-02-28T23:56:51+00:00 /home/poseidon/pegasus-5.1.0panorama/bin/../bin/pegasus-transfer  --threads 2,0.7,0,0,,,,,,,,,
xgboost_model_ID0000013,None,compute,0,1677628909.0,,,1677628914.0,1677629141.0,1677629160.0,46559586.2,1677629190.0,1677629239.0,1677629174.0,1677629179.0,427614.0,1677629239.0,1677629244.0,5.0,,276.0,49.0,5.0,19.0,502671208.0,5.0,1956150.0,poseidon,condorpool,poseidon-worker-3-container-8-15,xgboost_model,/srv/xgboost_model,,31.2,0,0,,,,,,,,,
register_condorpool_1_0_pegasus-plan_ID0000016,None,auxiliary,0,1677628926.0,,,1677628931.0,,,0.0,1677628931.0,1677628936.0,,,0.0,1677628936.0,1677628941.0,5.0,,0.0,5.0,5.0,,,,,poseidon,local,host-10-100-100-12.openstacklocal,pegasus::rc-client,/home/poseidon/pegasus-5.1.0panorama/bin/pegasus-rc-client,-n pegasus::rc-client -N null -R local  -L xgboost_hp_tuning_group_1 -T 2023-02-28T23:56:51+00:00 /home/poseidon/pegasus-5.1.0panorama/bin/pegasus-rc-client --prefix pegasus.catalog.replica.output --conf /home/poseidon/workflows/predict-future-sales-workflow/submit/poseidon/pegasus/predict-future-sales/run0310/00/00/./xgboost_hp_tuning_group_1.000/pegasus.7337607305915865489.properties -v --meta /home/poseidon/workflows/predict-future-sales-workflow/submit/poseidon/pegasus/predict-future-sales/run0310/00/00/./xgboost_hp_tuning_group_1.000/00/00/xgboost_best_params_ID0000024.meta --insert /home/poseidon/workflows/predict-future-sales-workflow/submit/poseidon/pegasus/predict-future-sales/run0310/00/00/./xgboost_hp_tuning_group_1.000/00/00/register_condorpool_1_0.in,3.0,0,0,,,,,,,,,
xgboost_model_ID0000017,None,compute,0,1677628944.0,,,1677628949.0,1677629150.0,1677629168.0,42474612.5,1677629199.0,1677629239.0,1677629178.0,1677629182.0,15139.0,1677629239.0,1677629244.0,5.0,,250.0,40.0,5.0,18.0,377645123.0,4.0,67196.0,poseidon,condorpool,poseidon-worker-2-container-32-39,xgboost_model,/srv/xgboost_model,,6.7,0,0,,,,,,,,,
model_predict_ID0000014,None,compute,0,1677629244.0,,,1677629249.0,1677629202.0,1677629219.0,41963432.5,1677629250.0,1677629289.0,1677629227.0,1677629232.0,101828.0,1677629289.0,1677629294.0,5.0,,1.0,39.0,5.0,17.0,372143523.0,5.0,451213.0,poseidon,condorpool,poseidon-worker-1-container-24-31,model_predict,/srv/model_predict,,2.8,0,0,,,,,,,,,
model_predict_ID0000018,None,compute,0,1677629244.0,,,1677629249.0,1677629202.0,1677629219.0,41712807.2,1677629250.0,1677629289.0,1677629227.0,1677629231.0,5774.0,1677629289.0,1677629294.0,5.0,,1.0,39.0,5.0,17.0,368169334.0,4.0,25035.0,poseidon,condorpool,poseidon-worker-2-container-32-39,model_predict,/srv/model_predict,,2.5,0,0,,,,,,,,,
stage_out_local_condorpool_0_2_pegasus-plan_ID0000020,None,transfer,0,1677629577.0,,,1677629582.0,,,0.0,1677629582.0,1677629592.0,1677629583.0,1677629587.0,1841.0,1677629592.0,1677629597.0,5.0,,0.0,10.0,5.0,,,4.0,7421.0,poseidon,local,host-10-100-100-12.openstacklocal,pegasus::transfer,/home/poseidon/pegasus-5.1.0panorama/bin/pegasus-transfer,/home/poseidon/pegasus-5.1.0panorama/bin/../bin/pegasus-kickstart  -n pegasus::transfer -N null -i - -R local  -L xgboost_hp_tuning_group_2 -T 2023-02-28T23:56:51+00:00 /home/poseidon/pegasus-5.1.0panorama/bin/../bin/pegasus-transfer  --threads 2,0.9,0,0,,,,,,,,,
register_condorpool_0_2_pegasus-plan_ID0000020,None,auxiliary,0,1677629597.0,,,1677629602.0,,,0.0,1677629602.0,1677629607.0,,,0.0,1677629607.0,1677629612.0,5.0,,0.0,5.0,5.0,,,,,poseidon,local,host-10-100-100-12.openstacklocal,pegasus::rc-client,/home/poseidon/pegasus-5.1.0panorama/bin/pegasus-rc-client,"-n pegasus::rc-client -N null -R local  -L xgboost_hp_tuning_group_2 -T 2023-02-28T23:56:51+00:00 /home/poseidon/pegasus-5.1.0panorama/bin/pegasus-rc-client --prefix pegasus.catalog.replica.output --conf /home/poseidon/workflows/predict-future-sales-workflow/submit/poseidon/pegasus/predict-future-sales/run0310/00/00/./xgboost_hp_tuning_group_2.000/pegasus.16692109621031904232.properties -v --meta /home/poseidon/workflows/predict-future-sales-workflow/submit/poseidon/pegasus/predict-future-sales/run0310/00/00/./xgboost_hp_tuning_group_2.000/00/00/xgboost_hp_tuning_ID0000017.meta,/home/poseidon/workflows/predict-future-sales-workflow/submit/poseidon/pegasus/predict-future-sales/run0310/00/00/./xgboost_hp_tuning_group_2.000/00/00/xgboost_hp_tuning_ID0000022.meta,/home/poseidon/workflows/predict-future-sales-workflow/submit/poseidon/pegasus/predict-future-sales/run0310/00/00/./xgboost_hp_tuning_group_2.000/00/00/xgboost_hp_tuning_ID0000007.meta,/home/poseidon/workflows/predict-future-sales-workflow/submit/poseidon/pegasus/predict-future-sales/run0310/00/00/./xgboost_hp_tuning_group_2.000/00/00/xgboost_hp_tuning_ID0000020.meta,/home/poseidon/workflows/predict-future-sales-workflow/submit/poseidon/pegasus/predict-future-sales/run0310/00/00/./xgboost_hp_tuning_group_2.000/00/00/xgboost_hp_tuning_ID0000001.meta,/home/poseidon/workflows/predict-future-sales-workflow/submit/poseidon/pegasus/predict-future-sales/run0310/00/00/./xgboost_hp_tuning_group_2.000/00/00/xgboost_hp_tuning_ID0000004.meta,/home/poseidon/workflows/predict-future-sales-workflow/submit/poseidon/pegasus/predict-future-sales/run0310/00/00/./xgboost_hp_tuning_group_2.000/00/00/xgboost_hp_tuning_ID0000014.meta --insert /home/poseidon/workflows/predict-future-sales-workflow/submit/poseidon/pegasus/predict-future-sales/run0310/00/00/./xgboost_hp_tuning_group_2.000/00/00/register_condorpool_0_2.in",2.9,0,0,,,,,,,,,
stage_out_local_condorpool_0_1_pegasus-plan_ID0000020,None,transfer,0,1677629612.0,,,1677629617.0,,,0.0,1677629617.0,1677629627.0,1677629617.0,1677629621.0,2110.0,1677629627.0,1677629632.0,5.0,,0.0,10.0,5.0,,,4.0,8508.0,poseidon,local,host-10-100-100-12.openstacklocal,pegasus::transfer,/home/poseidon/pegasus-5.1.0panorama/bin/pegasus-transfer,/home/poseidon/pegasus-5.1.0panorama/bin/../bin/pegasus-kickstart  -n pegasus::transfer -N null -i - -R local  -L xgboost_hp_tuning_group_2 -T 2023-02-28T23:56:51+00:00 /home/poseidon/pegasus-5.1.0panorama/bin/../bin/pegasus-transfer  --threads 2,1.0,0,0,,,,,,,,,
xgboost_best_params_ID0000024_pegasus-plan_ID0000020,None,compute,0,1677629627.0,,,1677629632.0,1677629585.0,1677629602.0,33251111.0,1677629634.0,1677629672.0,1677629609.0,1677629613.0,248.0,1677629672.0,1677629677.0,5.0,,2.0,38.0,5.0,17.0,368018656.0,4.0,1058.0,poseidon,condorpool,poseidon-worker-2-container-0-7,xgboost_best_params,/srv/xgboost_best_params,,0.0,0,0,,,,,,,,,
stage_out_local_condorpool_0_0_pegasus-plan_ID0000020,None,transfer,0,1677629627.0,,,1677629632.0,,,0.0,1677629632.0,1677629642.0,1677629632.0,1677629636.0,2097.0,1677629642.0,1677629647.0,5.0,,0.0,10.0,5.0,,,4.0,8458.0,poseidon,local,host-10-100-100-12.openstacklocal,pegasus::transfer,/home/poseidon/pegasus-5.1.0panorama/bin/pegasus-transfer,/home/poseidon/pegasus-5.1.0panorama/bin/../bin/pegasus-kickstart  -n pegasus::transfer -N null -i - -R local  -L xgboost_hp_tuning_group_2 -T 2023-02-28T23:56:51+00:00 /home/poseidon/pegasus-5.1.0panorama/bin/../bin/pegasus-transfer  --threads 2,1.0,0,0,,,,,,,,,
register_condorpool_0_1_pegasus-plan_ID0000020,None,auxiliary,0,1677629632.0,,,1677629637.0,,,0.0,1677629639.0,1677629642.0,,,0.0,1677629642.0,1677629647.0,5.0,,2.0,3.0,5.0,,,,,poseidon,local,host-10-100-100-12.openstacklocal,pegasus::rc-client,/home/poseidon/pegasus-5.1.0panorama/bin/pegasus-rc-client,"-n pegasus::rc-client -N null -R local  -L xgboost_hp_tuning_group_2 -T 2023-02-28T23:56:51+00:00 /home/poseidon/pegasus-5.1.0panorama/bin/pegasus-rc-client --prefix pegasus.catalog.replica.output --conf /home/poseidon/workflows/predict-future-sales-workflow/submit/poseidon/pegasus/predict-future-sales/run0310/00/00/./xgboost_hp_tuning_group_2.000/pegasus.16692109621031904232.properties -v --meta /home/poseidon/workflows/predict-future-sales-workflow/submit/poseidon/pegasus/predict-future-sales/run0310/00/00/./xgboost_hp_tuning_group_2.000/00/00/xgboost_hp_tuning_ID0000013.meta,/home/poseidon/workflows/predict-future-sales-workflow/submit/poseidon/pegasus/predict-future-sales/run0310/00/00/./xgboost_hp_tuning_group_2.000/00/00/xgboost_hp_tuning_ID0000023.meta,/home/poseidon/workflows/predict-future-sales-workflow/submit/poseidon/pegasus/predict-future-sales/run0310/00/00/./xgboost_hp_tuning_group_2.000/00/00/xgboost_hp_tuning_ID0000011.meta,/home/poseidon/workflows/predict-future-sales-workflow/submit/poseidon/pegasus/predict-future-sales/run0310/00/00/./xgboost_hp_tuning_group_2.000/00/00/xgboost_hp_tuning_ID0000006.meta,/home/poseidon/workflows/predict-future-sales-workflow/submit/poseidon/pegasus/predict-future-sales/run0310/00/00/./xgboost_hp_tuning_group_2.000/00/00/xgboost_hp_tuning_ID0000003.meta,/home/poseidon/workflows/predict-future-sales-workflow/submit/poseidon/pegasus/predict-future-sales/run0310/00/00/./xgboost_hp_tuning_group_2.000/00/00/xgboost_hp_tuning_ID0000021.meta,/home/poseidon/workflows/predict-future-sales-workflow/submit/poseidon/pegasus/predict-future-sales/run0310/00/00/./xgboost_hp_tuning_group_2.000/00/00/xgboost_hp_tuning_ID0000019.meta,/home/poseidon/workflows/predict-future-sales-workflow/submit/poseidon/pegasus/predict-future-sales/run0310/00/00/./xgboost_hp_tuning_group_2.000/00/00/xgboost_hp_tuning_ID0000016.meta --insert /home/poseidon/workflows/predict-future-sales-workflow/submit/poseidon/pegasus/predict-future-sales/run0310/00/00/./xgboost_hp_tuning_group_2.000/00/00/register_condorpool_0_1.in",3.0,0,0,,,,,,,,,
register_condorpool_0_0_pegasus-plan_ID0000020,None,auxiliary,0,1677629647.0,,,1677629652.0,,,0.0,1677629652.0,1677629657.0,,,0.0,1677629657.0,1677629662.0,5.0,,0.0,5.0,5.0,,,,,poseidon,local,host-10-100-100-12.openstacklocal,pegasus::rc-client,/home/poseidon/pegasus-5.1.0panorama/bin/pegasus-rc-client,"-n pegasus::rc-client -N null -R local  -L xgboost_hp_tuning_group_2 -T 2023-02-28T23:56:51+00:00 /home/poseidon/pegasus-5.1.0panorama/bin/pegasus-rc-client --prefix pegasus.catalog.replica.output --conf /home/poseidon/workflows/predict-future-sales-workflow/submit/poseidon/pegasus/predict-future-sales/run0310/00/00/./xgboost_hp_tuning_group_2.000/pegasus.16692109621031904232.properties -v --meta /home/poseidon/workflows/predict-future-sales-workflow/submit/poseidon/pegasus/predict-future-sales/run0310/00/00/./xgboost_hp_tuning_group_2.000/00/00/xgboost_hp_tuning_ID0000018.meta,/home/poseidon/workflows/predict-future-sales-workflow/submit/poseidon/pegasus/predict-future-sales/run0310/00/00/./xgboost_hp_tuning_group_2.000/00/00/xgboost_hp_tuning_ID0000002.meta,/home/poseidon/workflows/predict-future-sales-workflow/submit/poseidon/pegasus/predict-future-sales/run0310/00/00/./xgboost_hp_tuning_group_2.000/00/00/xgboost_hp_tuning_ID0000005.meta,/home/poseidon/workflows/predict-future-sales-workflow/submit/poseidon/pegasus/predict-future-sales/run0310/00/00/./xgboost_hp_tuning_group_2.000/00/00/xgboost_hp_tuning_ID0000009.meta,/home/poseidon/workflows/predict-future-sales-workflow/submit/poseidon/pegasus/predict-future-sales/run0310/00/00/./xgboost_hp_tuning_group_2.000/00/00/xgboost_hp_tuning_ID0000015.meta,/home/poseidon/workflows/predict-future-sales-workflow/submit/poseidon/pegasus/predict-future-sales/run0310/00/00/./xgboost_hp_tuning_group_2.000/00/00/xgboost_hp_tuning_ID0000012.meta,/home/poseidon/workflows/predict-future-sales-workflow/submit/poseidon/pegasus/predict-future-sales/run0310/00/00/./xgboost_hp_tuning_group_2.000/00/00/xgboost_hp_tuning_ID0000010.meta,/home/poseidon/workflows/predict-future-sales-workflow/submit/poseidon/pegasus/predict-future-sales/run0310/00/00/./xgboost_hp_tuning_group_2.000/00/00/xgboost_hp_tuning_ID0000008.meta --insert /home/poseidon/workflows/predict-future-sales-workflow/submit/poseidon/pegasus/predict-future-sales/run0310/00/00/./xgboost_hp_tuning_group_2.000/00/00/register_condorpool_0_0.in",3.0,0,0,,,,,,,,,
stage_out_local_condorpool_1_0_pegasus-plan_ID0000020,None,transfer,0,1677629677.0,,,1677629682.0,,,0.0,1677629682.0,1677629692.0,1677629682.0,1677629686.0,1226.0,1677629692.0,1677629697.0,5.0,,0.0,10.0,5.0,,,4.0,5290.0,poseidon,local,host-10-100-100-12.openstacklocal,pegasus::transfer,/home/poseidon/pegasus-5.1.0panorama/bin/pegasus-transfer,/home/poseidon/pegasus-5.1.0panorama/bin/../bin/pegasus-kickstart  -n pegasus::transfer -N null -i - -R local  -L xgboost_hp_tuning_group_2 -T 2023-02-28T23:56:51+00:00 /home/poseidon/pegasus-5.1.0panorama/bin/../bin/pegasus-transfer  --threads 2,0.7,0,0,,,,,,,,,
register_condorpool_1_0_pegasus-plan_ID0000020,None,auxiliary,0,1677629697.0,,,1677629702.0,,,0.0,1677629702.0,1677629707.0,,,0.0,1677629707.0,1677629712.0,5.0,,0.0,5.0,5.0,,,,,poseidon,local,host-10-100-100-12.openstacklocal,pegasus::rc-client,/home/poseidon/pegasus-5.1.0panorama/bin/pegasus-rc-client,-n pegasus::rc-client -N null -R local  -L xgboost_hp_tuning_group_2 -T 2023-02-28T23:56:51+00:00 /home/poseidon/pegasus-5.1.0panorama/bin/pegasus-rc-client --prefix pegasus.catalog.replica.output --conf /home/poseidon/workflows/predict-future-sales-workflow/submit/poseidon/pegasus/predict-future-sales/run0310/00/00/./xgboost_hp_tuning_group_2.000/pegasus.16692109621031904232.properties -v --meta /home/poseidon/workflows/predict-future-sales-workflow/submit/poseidon/pegasus/predict-future-sales/run0310/00/00/./xgboost_hp_tuning_group_2.000/00/00/xgboost_best_params_ID0000024.meta --insert /home/poseidon/workflows/predict-future-sales-workflow/submit/poseidon/pegasus/predict-future-sales/run0310/00/00/./xgboost_hp_tuning_group_2.000/00/00/register_condorpool_1_0.in,2.8,0,0,,,,,,,,,
xgboost_model_ID0000021,None,compute,0,1677629714.0,,,1677629719.0,1677629676.0,1677629710.0,68987172.3,1677629725.0,1677629894.0,1677629829.0,1677629834.0,2229960.0,1677629894.0,1677629899.0,5.0,,6.0,169.0,5.0,34.0,1691152079.0,5.0,10446289.0,poseidon,condorpool,poseidon-worker-3-container-40-47,xgboost_model,/srv/xgboost_model,,646.7,0,0,0.0,1351529219.0,24449.0,6514.0,8.0,630.1,15.6,12286629.3,2444.9
stage_out_local_local_5_0,None,transfer,0,1677629714.0,,,1677629719.0,,,0.0,1677629719.0,1677629729.0,1677629720.0,1677629724.0,791.0,1677629729.0,1677629734.0,5.0,,0.0,10.0,5.0,,,4.0,3192.0,poseidon,local,host-10-100-100-12.openstacklocal,pegasus::transfer,/home/poseidon/pegasus-5.1.0panorama/bin/pegasus-transfer,pegasus-kickstart  -n pegasus::transfer -N null -i - -R local  -L predict-future-sales -T 2023-02-17T19:59:06+00:00 pegasus-transfer  --threads 2,0.3,0,0,,,,,,,,,
cleanup_predict-future-sales_0_local,None,auxiliary,0,1677629734.0,,,1677629739.0,,,0.0,1677629739.0,1677629749.0,,,0.0,1677629749.0,1677629754.0,5.0,,0.0,10.0,5.0,,,,,poseidon,local,host-10-100-100-12.openstacklocal,pegasus::cleanup,/home/poseidon/pegasus-5.1.0panorama/bin/pegasus-transfer,pegasus-kickstart  -n pegasus::cleanup -N null -i - -R local  -L predict-future-sales -T 2023-02-17T19:59:06+00:00 pegasus-transfer,0.3,0,0,,,,,,,,,
model_predict_ID0000022,None,compute,0,1677629899.0,,,1677629904.0,1677629857.0,1677629874.0,40883355.0,1677629906.0,1677629944.0,1677629883.0,1677629887.0,1220030.0,1677629944.0,1677629949.0,5.0,,2.0,38.0,5.0,17.0,405450873.0,4.0,5523764.0,poseidon,condorpool,poseidon-worker-3-container-40-47,model_predict,/srv/model_predict,,4.1,0,0,,,,,,,,,
stage_out_local_condorpool_6_0,None,transfer,0,1677629899.0,,,1677629904.0,,,0.0,1677629904.0,1677629914.0,1677629905.0,1677629909.0,3091308.0,1677629914.0,1677629919.0,5.0,,0.0,10.0,5.0,,,4.0,12469635.0,poseidon,local,host-10-100-100-12.openstacklocal,pegasus::transfer,/home/poseidon/pegasus-5.1.0panorama/bin/pegasus-transfer,pegasus-kickstart  -n pegasus::transfer -N null -i - -R local  -L predict-future-sales -T 2023-02-17T19:59:06+00:00 pegasus-transfer  --threads 2,0.9,0,0,,,,,,,,,
stage_out_local_condorpool_7_0,None,transfer,0,1677629949.0,,,1677629954.0,,,0.0,1677629954.0,1677629964.0,1677629954.0,1677629958.0,1488060.0,1677629964.0,1677629969.0,5.0,,0.0,10.0,5.0,,,4.0,6000012.0,poseidon,local,host-10-100-100-12.openstacklocal,pegasus::transfer,/home/poseidon/pegasus-5.1.0panorama/bin/pegasus-transfer,pegasus-kickstart  -n pegasus::transfer -N null -i - -R local  -L predict-future-sales -T 2023-02-17T19:59:06+00:00 pegasus-transfer  --threads 2,0.6,0,0,,,,,,,,,
predict_merge_ID0000023,None,compute,0,1677629949.0,,,1677629954.0,1677629906.0,1677629924.0,38079706.3,1677629955.0,1677629994.0,1677629931.0,1677629936.0,836170.0,1677629994.0,1677629999.0,5.0,,1.0,39.0,5.0,18.0,377176763.0,5.0,3751866.0,poseidon,condorpool,poseidon-worker-3-container-40-47,predict_merge,/srv/predict_merge,,1.8,0,0,,,,,,,,,
stage_out_local_condorpool_8_0,None,transfer,0,1677629999.0,,,1677630004.0,,,0.0,1677630004.0,1677630014.0,1677630004.0,1677630007.0,1729720.0,1677630014.0,1677630019.0,5.0,,0.0,10.0,5.0,,,3.0,3751866.0,poseidon,local,host-10-100-100-12.openstacklocal,pegasus::transfer,/home/poseidon/pegasus-5.1.0panorama/bin/pegasus-transfer,pegasus-kickstart  -n pegasus::transfer -N null -i - -R local  -L predict-future-sales -T 2023-02-17T19:59:06+00:00 pegasus-transfer  --threads 2,0.4,0,0,,,,,,,,,
cleanup_predict-future-sales_0_condorpool,None,auxiliary,0,1677630019.0,,,1677630024.0,,,0.0,1677630024.0,1677630034.0,,,0.0,1677630034.0,1677630039.0,5.0,,0.0,10.0,5.0,,,,,poseidon,local,host-10-100-100-12.openstacklocal,pegasus::cleanup,/home/poseidon/pegasus-5.1.0panorama/bin/pegasus-transfer,pegasus-kickstart  -n pegasus::cleanup -N null -i - -R local  -L predict-future-sales -T 2023-02-17T19:59:06+00:00 pegasus-transfer,0.3,0,0,,,,,,,,,
