,anomaly_type,type,is_clustered,ready,pre_script_start,pre_script_end,submit,stage_in_start,stage_in_end,stage_in_effective_bytes_per_sec,execute_start,execute_end,stage_out_start,stage_out_end,stage_out_effective_bytes_per_sec,post_script_start,post_script_end,wms_delay,pre_script_delay,queue_delay,runtime,post_script_delay,stage_in_delay,stage_in_bytes,stage_out_delay,stage_out_bytes,kickstart_user,kickstart_site,kickstart_hostname,kickstart_transformations,kickstart_executables,kickstart_executables_argv,kickstart_executables_cpu_time,kickstart_status,kickstart_executables_exitcode,kickstart_online_iowait,kickstart_online_bytes_read,kickstart_online_bytes_written,kickstart_online_read_system_calls,kickstart_online_write_system_calls,kickstart_online_utime,kickstart_online_stime,kickstart_online_bytes_read_per_second,kickstart_online_bytes_written_per_second
create_dir_predict-future-sales_0_local,None,auxiliary,0,1676674003.0,,,1676674004.0,,,0.0,1676674008.0,1676674014.0,,,0.0,1676674014.0,1676674019.0,1.0,,4.0,6.0,5.0,,,,,poseidon,local,host-10-100-100-12.openstacklocal,pegasus::dirmanager,/home/poseidon/pegasus-5.1.0panorama/bin/pegasus-transfer,pegasus-kickstart  -n pegasus::dirmanager -N null -i - -R local  -L predict-future-sales -T 2023-02-17T19:59:06+00:00 pegasus-transfer,0.3,0,0,,,,,,,,,
create_dir_predict-future-sales_0_condorpool,None,auxiliary,0,1676674003.0,,,1676674004.0,,,0.0,1676674008.0,1676674014.0,,,0.0,1676674014.0,1676674019.0,1.0,,4.0,6.0,5.0,,,,,poseidon,local,host-10-100-100-12.openstacklocal,pegasus::dirmanager,/home/poseidon/pegasus-5.1.0panorama/bin/pegasus-transfer,pegasus-kickstart  -n pegasus::dirmanager -N null -i - -R local  -L predict-future-sales -T 2023-02-17T19:59:06+00:00 pegasus-transfer,0.3,0,0,,,,,,,,,
stage_in_local_condorpool_6_0,None,transfer,0,1676674019.0,,,1676674024.0,1676674025.0,1676674028.0,2281.0,1676674024.0,1676674034.0,,,0.0,1676674034.0,1676674040.0,5.0,,0.0,10.0,6.0,3.0,7870.0,,,poseidon,local,host-10-100-100-12.openstacklocal,pegasus::transfer,/home/poseidon/pegasus-5.1.0panorama/bin/pegasus-transfer,pegasus-kickstart  -n pegasus::transfer -N null -i - -R local  -L predict-future-sales -T 2023-02-17T19:59:06+00:00 pegasus-transfer  --threads 2,0.5,0,0,,,,,,,,,
stage_in_local_condorpool_0_0,None,transfer,0,1676674019.0,,,1676674024.0,1676674025.0,1676674039.0,64821833.0,1676674024.0,1676674045.0,,,0.0,1676674045.0,1676674050.0,5.0,,0.0,21.0,5.0,14.0,936801734.0,,,poseidon,local,host-10-100-100-12.openstacklocal,pegasus::transfer,/home/poseidon/pegasus-5.1.0panorama/bin/pegasus-transfer,pegasus-kickstart  -n pegasus::transfer -N null -i - -R local  -L predict-future-sales -T 2023-02-17T19:59:06+00:00 pegasus-transfer  --threads 2,5.8,0,0,,,,,,,,,
stage_in_local_condorpool_1_0,None,transfer,0,1676674019.0,,,1676674024.0,1676674025.0,1676674029.0,3584.0,1676674024.0,1676674035.0,,,0.0,1676674035.0,1676674040.0,5.0,,0.0,11.0,5.0,4.0,15640.0,,,poseidon,local,host-10-100-100-12.openstacklocal,pegasus::transfer,/home/poseidon/pegasus-5.1.0panorama/bin/pegasus-transfer,pegasus-kickstart  -n pegasus::transfer -N null -i - -R local  -L predict-future-sales -T 2023-02-17T19:59:06+00:00 pegasus-transfer  --threads 2,0.6,0,0,,,,,,,,,
stage_in_local_condorpool_7_0,None,transfer,0,1676674019.0,,,1676674024.0,1676674025.0,1676674028.0,1006.0,1676674024.0,1676674034.0,,,0.0,1676674034.0,1676674040.0,5.0,,0.0,10.0,6.0,3.0,3488.0,,,poseidon,local,host-10-100-100-12.openstacklocal,pegasus::transfer,/home/poseidon/pegasus-5.1.0panorama/bin/pegasus-transfer,pegasus-kickstart  -n pegasus::transfer -N null -i - -R local  -L predict-future-sales -T 2023-02-17T19:59:06+00:00 pegasus-transfer  --threads 2,0.5,0,0,,,,,,,,,
stage_in_local_condorpool_3_0,None,transfer,0,1676674019.0,,,1676674024.0,1676674025.0,1676674029.0,2939.0,1676674024.0,1676674034.0,,,0.0,1676674034.0,1676674040.0,5.0,,0.0,10.0,6.0,4.0,12704.0,,,poseidon,local,host-10-100-100-12.openstacklocal,pegasus::transfer,/home/poseidon/pegasus-5.1.0panorama/bin/pegasus-transfer,pegasus-kickstart  -n pegasus::transfer -N null -i - -R local  -L predict-future-sales -T 2023-02-17T19:59:06+00:00 pegasus-transfer  --threads 2,0.6,0,0,,,,,,,,,
stage_in_local_condorpool_8_0,None,transfer,0,1676674019.0,,,1676674024.0,1676674025.0,1676674028.0,685.0,1676674024.0,1676674034.0,,,0.0,1676674034.0,1676674040.0,5.0,,0.0,10.0,6.0,3.0,2368.0,,,poseidon,local,host-10-100-100-12.openstacklocal,pegasus::transfer,/home/poseidon/pegasus-5.1.0panorama/bin/pegasus-transfer,pegasus-kickstart  -n pegasus::transfer -N null -i - -R local  -L predict-future-sales -T 2023-02-17T19:59:06+00:00 pegasus-transfer  --threads 2,0.5,0,0,,,,,,,,,
stage_in_local_local_4_0,None,transfer,0,1676674019.0,,,1676674024.0,1676674025.0,1676674027.0,5832.0,1676674024.0,1676674034.0,,,0.0,1676674034.0,1676674040.0,5.0,,0.0,10.0,6.0,2.0,12577.0,,,poseidon,local,host-10-100-100-12.openstacklocal,pegasus::transfer,/home/poseidon/pegasus-5.1.0panorama/bin/pegasus-transfer,pegasus-kickstart  -n pegasus::transfer -N null -i - -R local  -L predict-future-sales -T 2023-02-17T19:59:06+00:00 pegasus-transfer  --threads 2,0.4,0,0,,,,,,,,,
stage_in_local_condorpool_2_0,None,transfer,0,1676674019.0,,,1676674024.0,1676674025.0,1676674030.0,9683.0,1676674024.0,1676674040.0,,,0.0,1676674040.0,1676674045.0,5.0,,0.0,16.0,5.0,5.0,55480.0,,,poseidon,local,host-10-100-100-12.openstacklocal,pegasus::transfer,/home/poseidon/pegasus-5.1.0panorama/bin/pegasus-transfer,pegasus-kickstart  -n pegasus::transfer -N null -i - -R local  -L predict-future-sales -T 2023-02-17T19:59:06+00:00 pegasus-transfer  --threads 2,1.0,0,0,,,,,,,,,
preprocess_ID0000003,None,compute,0,1676674050.0,,,1676674055.0,1676674031.0,1676674050.0,42563290.6,1676674066.0,1676674115.0,1676674062.0,1676674072.0,15370139.0,1676674115.0,1676674120.0,5.0,,11.0,49.0,5.0,19.0,467356066.0,10.0,160257914.0,poseidon,condorpool,poseidon-worker-2-container-0-7,preprocess,/srv/preprocess,,4.2,0,0,,,,,,,,,
nlp_ID0000002,None,compute,0,1676674050.0,,,1676674055.0,1676674031.0,1676674053.0,25744543.2,1676674066.0,1676674325.0,1676674278.0,1676674282.0,583741.0,1676674325.0,1676674330.0,5.0,,11.0,259.0,5.0,22.0,369033604.0,4.0,2755872.0,poseidon,condorpool,poseidon-worker-1-container-32-39,nlp,/srv/nlp,,1300.4,0,0,0.1,21393207.0,8791.0,3030.0,5.0,1248.2,2.5,101872.4,879.1
eda_ID0000001,None,compute,0,1676674050.0,,,1676674055.0,1676674032.0,1676674051.0,45041649.3,1676674066.0,1676674140.0,1676674092.0,1676674097.0,269322.0,1676674140.0,1676674145.0,5.0,,11.0,74.0,5.0,19.0,464177772.0,5.0,1196056.0,poseidon,condorpool,poseidon-worker-1-container-24-31,eda,/srv/eda,,34.5,0,0,0.1,144679403.0,823284.0,27314.0,39.0,28.1,1.8,4822646.8,27442.8
feature_eng_0_ID0000004,None,compute,0,1676674120.0,,,1676674125.0,1676674092.0,1676674109.0,41806811.8,1676674126.0,1676674170.0,1676674120.0,1676674124.0,195448.0,1676674170.0,1676674175.0,5.0,,1.0,44.0,5.0,17.0,369949088.0,4.0,893320.0,poseidon,condorpool,poseidon-worker-2-container-0-7,feature_eng_0,/srv/feature_eng_0,,4.9,0,0,,,,,,,,,
feature_eng_1_ID0000005,None,compute,0,1676674120.0,,,1676674125.0,1676674106.0,1676674125.0,46147038.2,1676674140.0,1676674210.0,1676674150.0,1676674164.0,27871817.0,1676674210.0,1676674215.0,5.0,,15.0,70.0,5.0,19.0,528250191.0,14.0,393324463.0,poseidon,condorpool,poseidon-worker-1-container-24-31,feature_eng_1,/srv/feature_eng_1,,16.3,0,0,0.0,169610223.0,8.0,1723.0,1.0,8.0,2.0,16961022.3,0.8
feature_eng_4_ID0000008,None,compute,0,1676674215.0,,,1676674220.0,1676674192.0,1676674215.0,53273358.9,1676674226.0,1676674350.0,1676674277.0,1676674305.0,43208102.0,1676674350.0,1676674355.0,5.0,,6.0,124.0,5.0,23.0,761328752.0,28.0,1201824259.0,poseidon,condorpool,poseidon-worker-2-container-0-7,feature_eng_4,/srv/feature_eng_4,,49.7,0,0,0.0,402737087.0,8.0,1388.0,1.0,27.1,12.8,10068427.2,0.8
feature_eng_3_ID0000007,None,compute,0,1676674215.0,,,1676674220.0,1676674187.0,1676674211.0,53450911.7,1676674222.0,1676674405.0,1676674330.0,1676674358.0,43225130.0,1676674405.0,1676674410.0,5.0,,2.0,183.0,5.0,24.0,762217561.0,28.0,1179971921.0,poseidon,condorpool,poseidon-worker-2-container-0-7,feature_eng_3,/srv/feature_eng_3,,107.6,0,0,0.0,403643145.0,8.0,1474.0,1.0,68.7,31.3,4036431.5,0.8
feature_eng_2_ID0000006,None,compute,0,1676674215.0,,,1676674220.0,1676674192.0,1676674214.0,50227214.4,1676674226.0,1676674585.0,1676674506.0,1676674542.0,47643486.0,1676674585.0,1676674590.0,5.0,,6.0,359.0,5.0,22.0,761320658.0,36.0,1748107178.0,poseidon,condorpool,poseidon-worker-1-container-24-31,feature_eng_2,/srv/feature_eng_2,,276.6,0,0,0.0,402812504.0,8.0,1729.0,1.0,206.9,63.1,1491898.2,0.8
feature_eng_5_ID0000009,None,compute,0,1676674215.0,,,1676674220.0,1676674187.0,1676674213.0,50335702.1,1676674222.0,1676674505.0,1676674443.0,1676674461.0,35046263.0,1676674505.0,1676674510.0,5.0,,2.0,283.0,5.0,26.0,856820455.0,18.0,655540227.0,poseidon,condorpool,poseidon-worker-1-container-24-31,feature_eng_5,/srv/feature_eng_5,,218.9,0,0,0.0,498292691.0,8.0,2014.0,1.0,191.9,18.1,2372822.3,0.8
stage_out_local_condorpool_1_0,None,transfer,0,1676674215.0,,,1676674220.0,,,0.0,1676674220.0,1676674230.0,1676674221.0,1676674225.0,92995365.0,1676674230.0,1676674235.0,5.0,,0.0,10.0,5.0,,,4.0,394217783.0,poseidon,local,host-10-100-100-12.openstacklocal,pegasus::transfer,/home/poseidon/pegasus-5.1.0panorama/bin/pegasus-transfer,pegasus-kickstart  -n pegasus::transfer -N null -i - -R local  -L predict-future-sales -T 2023-02-17T19:59:06+00:00 pegasus-transfer  --threads 2,2.2,0,0,,,,,,,,,
register_condorpool_1_0,None,auxiliary,0,1676674235.0,,,1676674240.0,,,0.0,1676674240.0,1676674245.0,,,0.0,1676674245.0,1676674250.0,5.0,,0.0,5.0,5.0,,,,,poseidon,local,host-10-100-100-12.openstacklocal,pegasus::rc-client,/home/poseidon/pegasus-5.1.0panorama/bin/pegasus-rc-client,"pegasus-kickstart  -n pegasus::rc-client -N null -R local  -L predict-future-sales -T 2023-02-17T19:59:06+00:00 /home/poseidon/pegasus-5.1.0panorama/bin/pegasus-rc-client --prefix pegasus.catalog.replica.output --conf /home/poseidon/workflows/predict-future-sales-workflow/submit/poseidon/pegasus/predict-future-sales/run0005/pegasus.12553553006394600901.properties -v --meta /home/poseidon/workflows/predict-future-sales-workflow/submit/poseidon/pegasus/predict-future-sales/run0005/00/00/feature_eng_1_ID0000005.meta,/home/poseidon/workflows/predict-future-sales-workflow/submit/poseidon/pegasus/predict-future-sales/run0005/00/00/feature_eng_0_ID0000004.meta --insert /home/poseidon/workflows/predict-future-sales-workflow/submit/poseidon/pegasus/predict-future-sales/run0005/00/00/register_condorpool_1_0.in",3.0,0,0,,,,,,,,,
stage_out_local_condorpool_0_0,None,transfer,0,1676674330.0,,,1676674335.0,,,0.0,1676674335.0,1676674345.0,1676674335.0,1676674339.0,40719863.0,1676674345.0,1676674350.0,5.0,,0.0,10.0,5.0,,,4.0,164209842.0,poseidon,local,host-10-100-100-12.openstacklocal,pegasus::transfer,/home/poseidon/pegasus-5.1.0panorama/bin/pegasus-transfer,pegasus-kickstart  -n pegasus::transfer -N null -i - -R local  -L predict-future-sales -T 2023-02-17T19:59:06+00:00 pegasus-transfer  --threads 2,2.1,0,0,,,,,,,,,
register_condorpool_0_0,None,auxiliary,0,1676674350.0,,,1676674355.0,,,0.0,1676674356.0,1676674360.0,,,0.0,1676674360.0,1676674365.0,5.0,,1.0,4.0,5.0,,,,,poseidon,local,host-10-100-100-12.openstacklocal,pegasus::rc-client,/home/poseidon/pegasus-5.1.0panorama/bin/pegasus-rc-client,"pegasus-kickstart  -n pegasus::rc-client -N null -R local  -L predict-future-sales -T 2023-02-17T19:59:06+00:00 /home/poseidon/pegasus-5.1.0panorama/bin/pegasus-rc-client --prefix pegasus.catalog.replica.output --conf /home/poseidon/workflows/predict-future-sales-workflow/submit/poseidon/pegasus/predict-future-sales/run0005/pegasus.12553553006394600901.properties -v --meta /home/poseidon/workflows/predict-future-sales-workflow/submit/poseidon/pegasus/predict-future-sales/run0005/00/00/nlp_ID0000002.meta,/home/poseidon/workflows/predict-future-sales-workflow/submit/poseidon/pegasus/predict-future-sales/run0005/00/00/eda_ID0000001.meta,/home/poseidon/workflows/predict-future-sales-workflow/submit/poseidon/pegasus/predict-future-sales/run0005/00/00/preprocess_ID0000003.meta --insert /home/poseidon/workflows/predict-future-sales-workflow/submit/poseidon/pegasus/predict-future-sales/run0005/00/00/register_condorpool_0_0.in",3.2,0,0,,,,,,,,,
stage_out_local_condorpool_2_0,None,transfer,0,1676674590.0,,,1676674595.0,,,0.0,1676674595.0,1676674620.0,1676674595.0,1676674614.0,250780479.0,1676674620.0,1676674625.0,5.0,,0.0,25.0,5.0,,,19.0,4785443585.0,poseidon,local,host-10-100-100-12.openstacklocal,pegasus::transfer,/home/poseidon/pegasus-5.1.0panorama/bin/pegasus-transfer,pegasus-kickstart  -n pegasus::transfer -N null -i - -R local  -L predict-future-sales -T 2023-02-17T19:59:06+00:00 pegasus-transfer  --threads 2,20.8,0,0,,,,,,,,,
feature_merge_ID0000010,None,compute,0,1676674590.0,,,1676674595.0,1676674562.0,1676674637.0,78086481.8,1676674596.0,1676674870.0,1676674727.0,1676674827.0,29872815.0,1676674870.0,1676674875.0,5.0,,1.0,274.0,5.0,75.0,5155397110.0,100.0,2993643458.0,poseidon,condorpool,poseidon-worker-2-container-0-7,feature_merge,/srv/feature_merge,,61.0,0,0,0.0,4796861560.0,1912001788.0,1454.0,81.0,38.4,21.6,79947692.7,95600089.4
register_condorpool_2_0,None,auxiliary,0,1676674625.0,,,1676674630.0,,,0.0,1676674630.0,1676674635.0,,,0.0,1676674635.0,1676674640.0,5.0,,0.0,5.0,5.0,,,,,poseidon,local,host-10-100-100-12.openstacklocal,pegasus::rc-client,/home/poseidon/pegasus-5.1.0panorama/bin/pegasus-rc-client,"pegasus-kickstart  -n pegasus::rc-client -N null -R local  -L predict-future-sales -T 2023-02-17T19:59:06+00:00 /home/poseidon/pegasus-5.1.0panorama/bin/pegasus-rc-client --prefix pegasus.catalog.replica.output --conf /home/poseidon/workflows/predict-future-sales-workflow/submit/poseidon/pegasus/predict-future-sales/run0005/pegasus.12553553006394600901.properties -v --meta /home/poseidon/workflows/predict-future-sales-workflow/submit/poseidon/pegasus/predict-future-sales/run0005/00/00/feature_eng_5_ID0000009.meta,/home/poseidon/workflows/predict-future-sales-workflow/submit/poseidon/pegasus/predict-future-sales/run0005/00/00/feature_eng_2_ID0000006.meta,/home/poseidon/workflows/predict-future-sales-workflow/submit/poseidon/pegasus/predict-future-sales/run0005/00/00/feature_eng_3_ID0000007.meta,/home/poseidon/workflows/predict-future-sales-workflow/submit/poseidon/pegasus/predict-future-sales/run0005/00/00/feature_eng_4_ID0000008.meta --insert /home/poseidon/workflows/predict-future-sales-workflow/submit/poseidon/pegasus/predict-future-sales/run0005/00/00/register_condorpool_2_0.in",3.0,0,0,,,,,,,,,
stage_inter_local_xgboost_model_ID0000021_0,None,transfer,0,1676674875.0,,,1676674880.0,1676674881.0,1676674929.0,54934848.0,1676674881.0,1676674937.0,,,0.0,1676674937.0,1676674942.0,5.0,,1.0,56.0,5.0,48.0,2646308508.0,,,poseidon,local,host-10-100-100-12.openstacklocal,pegasus::transfer,/home/poseidon/pegasus-5.1.0panorama/bin/pegasus-transfer,pegasus-kickstart  -n pegasus::transfer -N null -i - -R local  -L predict-future-sales -T 2023-02-17T19:59:06+00:00 pegasus-transfer  --threads 2,9.7,0,0,,,,,,,,,
stage_inter_local_xgboost_hp_tuning_workflow_ID0000015_0,None,transfer,0,1676674875.0,,,1676674880.0,1676674881.0,1676674883.0,402.0,1676674881.0,1676674890.0,,,0.0,1676674890.0,1676674895.0,5.0,,1.0,9.0,5.0,2.0,826.0,,,poseidon,local,host-10-100-100-12.openstacklocal,pegasus::transfer,/home/poseidon/pegasus-5.1.0panorama/bin/pegasus-transfer,pegasus-kickstart  -n pegasus::transfer -N null -i - -R local  -L predict-future-sales -T 2023-02-17T19:59:06+00:00 pegasus-transfer  --threads 2,0.3,0,0,,,,,,,,,
stage_inter_local_model_predict_ID0000022_0,None,transfer,0,1676674875.0,,,1676674880.0,1676674881.0,1676674885.0,14295624.0,1676674881.0,1676674890.0,,,0.0,1676674890.0,1676674895.0,5.0,,1.0,9.0,5.0,4.0,54050130.0,,,poseidon,local,host-10-100-100-12.openstacklocal,pegasus::transfer,/home/poseidon/pegasus-5.1.0panorama/bin/pegasus-transfer,pegasus-kickstart  -n pegasus::transfer -N null -i - -R local  -L predict-future-sales -T 2023-02-17T19:59:06+00:00 pegasus-transfer  --threads 2,0.6,0,0,,,,,,,,,
stage_out_local_condorpool_3_0,None,transfer,0,1676674875.0,,,1676674880.0,,,0.0,1676674881.0,1676674910.0,1676674881.0,1676674904.0,129145371.0,1676674910.0,1676674915.0,5.0,,1.0,29.0,5.0,,,23.0,2993643458.0,poseidon,local,host-10-100-100-12.openstacklocal,pegasus::transfer,/home/poseidon/pegasus-5.1.0panorama/bin/pegasus-transfer,pegasus-kickstart  -n pegasus::transfer -N null -i - -R local  -L predict-future-sales -T 2023-02-17T19:59:06+00:00 pegasus-transfer  --threads 2,14.5,0,0,,,,,,,,,
stage_inter_local_xgboost_model_ID0000013_0,None,transfer,0,1676674875.0,,,1676674880.0,1676674881.0,1676674889.0,35283184.0,1676674881.0,1676674895.0,,,0.0,1676674895.0,1676674900.0,5.0,,1.0,14.0,5.0,8.0,269346726.0,,,poseidon,local,host-10-100-100-12.openstacklocal,pegasus::transfer,/home/poseidon/pegasus-5.1.0panorama/bin/pegasus-transfer,pegasus-kickstart  -n pegasus::transfer -N null -i - -R local  -L predict-future-sales -T 2023-02-17T19:59:06+00:00 pegasus-transfer  --threads 2,1.4,0,0,,,,,,,,,
stage_inter_local_model_predict_ID0000014_0,None,transfer,0,1676674875.0,,,1676674880.0,1676674881.0,1676674885.0,1243226.0,1676674881.0,1676674890.0,,,0.0,1676674890.0,1676674895.0,5.0,,1.0,9.0,5.0,4.0,4411696.0,,,poseidon,local,host-10-100-100-12.openstacklocal,pegasus::transfer,/home/poseidon/pegasus-5.1.0panorama/bin/pegasus-transfer,pegasus-kickstart  -n pegasus::transfer -N null -i - -R local  -L predict-future-sales -T 2023-02-17T19:59:06+00:00 pegasus-transfer  --threads 2,0.4,0,0,,,,,,,,,
xgboost_hp_tuning_workflow_ID0000015,None,compute,0,1676674895.0,,,1676674900.0,,,0.0,1676674900.0,1676674916.0,,,0.0,1676674916.0,1676674921.0,5.0,,0.0,16.0,5.0,,,,,poseidon,local,poseidon-submit.novalocal,xgboost_hp_tuning_workflow,/var/spool/condor/local_univ_execute/dir_2082135/xgboost_hp_tuning_workflow,/home/poseidon/workflows/predict-future-sales-workflow/submit/poseidon/pegasus/predict-future-sales/run0005/00/00/xgboost_hp_tuning_workflow_ID0000015.sh,0.1,0,0,,,,,,,,,
xgboost_hp_tuning_workflow_ID0000011,None,compute,0,1676674895.0,,,1676674900.0,,,0.0,1676674900.0,1676674916.0,,,0.0,1676674916.0,1676674921.0,5.0,,0.0,16.0,5.0,,,,,poseidon,local,poseidon-submit.novalocal,xgboost_hp_tuning_workflow,/var/spool/condor/local_univ_execute/dir_2082136/xgboost_hp_tuning_workflow,/home/poseidon/workflows/predict-future-sales-workflow/submit/poseidon/pegasus/predict-future-sales/run0005/00/00/xgboost_hp_tuning_workflow_ID0000011.sh,0.1,0,0,,,,,,,,,
xgboost_hp_tuning_workflow_ID0000019,None,compute,0,1676674895.0,,,1676674900.0,,,0.0,1676674900.0,1676674921.0,,,0.0,1676674921.0,1676674926.0,5.0,,0.0,21.0,5.0,,,,,poseidon,local,poseidon-submit.novalocal,xgboost_hp_tuning_workflow,/var/spool/condor/local_univ_execute/dir_2082137/xgboost_hp_tuning_workflow,/home/poseidon/workflows/predict-future-sales-workflow/submit/poseidon/pegasus/predict-future-sales/run0005/00/00/xgboost_hp_tuning_workflow_ID0000019.sh,0.1,0,0,,,,,,,,,
register_condorpool_3_0,None,auxiliary,0,1676674915.0,,,1676674921.0,,,0.0,1676674921.0,1676674931.0,,,0.0,1676674931.0,1676674937.0,6.0,,0.0,10.0,6.0,,,,,poseidon,local,host-10-100-100-12.openstacklocal,pegasus::rc-client,/home/poseidon/pegasus-5.1.0panorama/bin/pegasus-rc-client,pegasus-kickstart  -n pegasus::rc-client -N null -R local  -L predict-future-sales -T 2023-02-17T19:59:06+00:00 /home/poseidon/pegasus-5.1.0panorama/bin/pegasus-rc-client --prefix pegasus.catalog.replica.output --conf /home/poseidon/workflows/predict-future-sales-workflow/submit/poseidon/pegasus/predict-future-sales/run0005/pegasus.12553553006394600901.properties -v --meta /home/poseidon/workflows/predict-future-sales-workflow/submit/poseidon/pegasus/predict-future-sales/run0005/00/00/feature_merge_ID0000010.meta --insert /home/poseidon/workflows/predict-future-sales-workflow/submit/poseidon/pegasus/predict-future-sales/run0005/00/00/register_condorpool_3_0.in,3.2,0,0,,,,,,,,,
pegasus-plan_ID0000016,None,subwf,0,1676674921.0,1676674921.0,1676674930.0,1676674931.0,,,0.0,1676674931.0,1676675197.0,,,0.0,,,0.0,9.0,0.0,266.0,,,,,,poseidon,local,poseidon-submit,condor::dagman,/usr/bin/condor_dagman,-p 0  -f -l . -Notification never -Debug 3 -Lockfile xgboost_hp_tuning_group_1.dag.lock -Dag xgboost_hp_tuning_group_1.dag -AllowVersionMismatch  -AutoRescue 1 -DoRescueFrom 0,0.0,0,0,,,,,,,,,
pegasus-plan_ID0000012,None,subwf,0,1676674921.0,1676674921.0,1676674930.0,1676674931.0,,,0.0,1676674931.0,1676675538.0,,,0.0,,,0.0,9.0,0.0,607.0,,,,,,poseidon,local,poseidon-submit,condor::dagman,/usr/bin/condor_dagman,-p 0  -f -l . -Notification never -Debug 3 -Lockfile xgboost_hp_tuning_group_0.dag.lock -Dag xgboost_hp_tuning_group_0.dag -AllowVersionMismatch  -AutoRescue 1 -DoRescueFrom 0,0.0,0,0,,,,,,,,,
stage_out_local_local_4_0,None,transfer,0,1676674926.0,,,1676674931.0,,,0.0,1676674931.0,1676674942.0,1676674932.0,1676674936.0,21087.0,1676674942.0,1676674947.0,5.0,,0.0,11.0,5.0,,,4.0,85038.0,poseidon,local,host-10-100-100-12.openstacklocal,pegasus::transfer,/home/poseidon/pegasus-5.1.0panorama/bin/pegasus-transfer,pegasus-kickstart  -n pegasus::transfer -N null -i - -R local  -L predict-future-sales -T 2023-02-17T19:59:06+00:00 pegasus-transfer  --threads 2,0.6,0,0,,,,,,,,,
pegasus-plan_ID0000020,None,subwf,0,1676674926.0,1676674926.0,1676674931.0,1676674937.0,,,0.0,1676674937.0,1676675984.0,,,0.0,,,0.0,5.0,0.0,1047.0,,,,,,poseidon,local,poseidon-submit,condor::dagman,/usr/bin/condor_dagman,-p 0  -f -l . -Notification never -Debug 3 -Lockfile xgboost_hp_tuning_group_2.dag.lock -Dag xgboost_hp_tuning_group_2.dag -AllowVersionMismatch  -AutoRescue 1 -DoRescueFrom 0,0.0,0,0,,,,,,,,,
create_dir_predict-future-sales-hp-tuning_0_condorpool_pegasus-plan_ID0000012,None,auxiliary,0,1676674931.0,,,1676674932.0,,,0.0,1676674934.0,1676674942.0,,,0.0,1676674942.0,1676674947.0,1.0,,2.0,8.0,5.0,,,,,poseidon,local,host-10-100-100-12.openstacklocal,pegasus::dirmanager,/home/poseidon/pegasus-5.1.0panorama/bin/pegasus-transfer,pegasus-kickstart  -n pegasus::dirmanager -N null -i - -R local  -L xgboost_hp_tuning_group_0 -T 2023-02-17T23:02:03+00:00 pegasus-transfer,0.3,0,0,,,,,,,,,
create_dir_predict-future-sales-hp-tuning_0_condorpool_pegasus-plan_ID0000016,None,auxiliary,0,1676674931.0,,,1676674932.0,,,0.0,1676674934.0,1676674942.0,,,0.0,1676674942.0,1676674947.0,1.0,,2.0,8.0,5.0,,,,,poseidon,local,host-10-100-100-12.openstacklocal,pegasus::dirmanager,/home/poseidon/pegasus-5.1.0panorama/bin/pegasus-transfer,pegasus-kickstart  -n pegasus::dirmanager -N null -i - -R local  -L xgboost_hp_tuning_group_1 -T 2023-02-17T23:02:03+00:00 pegasus-transfer,0.3,0,0,,,,,,,,,
create_dir_predict-future-sales-hp-tuning_0_condorpool_pegasus-plan_ID0000020,None,auxiliary,0,1676674937.0,,,1676674938.0,,,0.0,1676674940.0,1676674948.0,,,0.0,1676674948.0,1676674953.0,1.0,,2.0,8.0,5.0,,,,,poseidon,local,host-10-100-100-12.openstacklocal,pegasus::dirmanager,/home/poseidon/pegasus-5.1.0panorama/bin/pegasus-transfer,pegasus-kickstart  -n pegasus::dirmanager -N null -i - -R local  -L xgboost_hp_tuning_group_2 -T 2023-02-17T23:02:09+00:00 pegasus-transfer,0.3,0,0,,,,,,,,,
stage_in_local_condorpool_1_0_pegasus-plan_ID0000012,None,transfer,0,1676674947.0,,,1676674952.0,1676674952.0,1676674956.0,804.0,1676674952.0,1676674962.0,,,0.0,1676674962.0,1676674967.0,5.0,,0.0,10.0,5.0,4.0,2874.0,,,poseidon,local,host-10-100-100-12.openstacklocal,pegasus::transfer,/home/poseidon/pegasus-5.1.0panorama/bin/pegasus-transfer,-n pegasus::transfer -N null -i - -R local  -L xgboost_hp_tuning_group_0 -T 2023-02-17T23:02:03+00:00 /home/poseidon/pegasus-5.1.0panorama/bin/../bin/pegasus-transfer  --threads 2,0.5,0,0,,,,,,,,,
stage_in_local_condorpool_0_2_pegasus-plan_ID0000012,None,transfer,0,1676674947.0,,,1676674952.0,1676674952.0,1676674960.0,94161093.0,1676674952.0,1676674967.0,,,0.0,1676674967.0,1676674972.0,5.0,,0.0,15.0,5.0,8.0,735985664.0,,,poseidon,local,host-10-100-100-12.openstacklocal,pegasus::transfer,/home/poseidon/pegasus-5.1.0panorama/bin/pegasus-transfer,-n pegasus::transfer -N null -i - -R local  -L xgboost_hp_tuning_group_0 -T 2023-02-17T23:02:03+00:00 /home/poseidon/pegasus-5.1.0panorama/bin/../bin/pegasus-transfer  --threads 2,3.8,0,0,,,,,,,,,
stage_in_local_condorpool_0_1_pegasus-plan_ID0000012,None,transfer,0,1676674947.0,,,1676674952.0,1676674952.0,1676674957.0,51977199.0,1676674952.0,1676674967.0,,,0.0,1676674967.0,1676674972.0,5.0,,0.0,15.0,5.0,5.0,269346726.0,,,poseidon,local,host-10-100-100-12.openstacklocal,pegasus::transfer,/home/poseidon/pegasus-5.1.0panorama/bin/pegasus-transfer,-n pegasus::transfer -N null -i - -R local  -L xgboost_hp_tuning_group_0 -T 2023-02-17T23:02:03+00:00 /home/poseidon/pegasus-5.1.0panorama/bin/../bin/pegasus-transfer  --threads 2,1.7,0,0,,,,,,,,,
register_local_4_0,None,auxiliary,0,1676674947.0,,,1676674952.0,,,0.0,1676674957.0,1676674962.0,,,0.0,1676674962.0,1676674967.0,5.0,,5.0,5.0,5.0,,,,,poseidon,local,host-10-100-100-12.openstacklocal,pegasus::rc-client,/home/poseidon/pegasus-5.1.0panorama/bin/pegasus-rc-client,"pegasus-kickstart  -n pegasus::rc-client -N null -R local  -L predict-future-sales -T 2023-02-17T19:59:06+00:00 /home/poseidon/pegasus-5.1.0panorama/bin/pegasus-rc-client --prefix pegasus.catalog.replica.output --conf /home/poseidon/workflows/predict-future-sales-workflow/submit/poseidon/pegasus/predict-future-sales/run0005/pegasus.12553553006394600901.properties -v --meta /home/poseidon/workflows/predict-future-sales-workflow/submit/poseidon/pegasus/predict-future-sales/run0005/00/00/xgboost_hp_tuning_workflow_ID0000011.meta,/home/poseidon/workflows/predict-future-sales-workflow/submit/poseidon/pegasus/predict-future-sales/run0005/00/00/xgboost_hp_tuning_workflow_ID0000019.meta,/home/poseidon/workflows/predict-future-sales-workflow/submit/poseidon/pegasus/predict-future-sales/run0005/00/00/xgboost_hp_tuning_workflow_ID0000015.meta --insert /home/poseidon/workflows/predict-future-sales-workflow/submit/poseidon/pegasus/predict-future-sales/run0005/00/00/register_local_4_0.in",3.0,0,0,,,,,,,,,
stage_in_local_condorpool_0_0_pegasus-plan_ID0000016,None,transfer,0,1676674947.0,,,1676674952.0,1676674952.0,1676674956.0,2806.0,1676674952.0,1676674962.0,,,0.0,1676674962.0,1676674967.0,5.0,,0.0,10.0,5.0,4.0,12142.0,,,poseidon,local,host-10-100-100-12.openstacklocal,pegasus::transfer,/home/poseidon/pegasus-5.1.0panorama/bin/pegasus-transfer,-n pegasus::transfer -N null -i - -R local  -L xgboost_hp_tuning_group_1 -T 2023-02-17T23:02:03+00:00 /home/poseidon/pegasus-5.1.0panorama/bin/../bin/pegasus-transfer  --threads 2,0.6,0,0,,,,,,,,,
stage_in_local_condorpool_0_0_pegasus-plan_ID0000012,None,transfer,0,1676674947.0,,,1676674952.0,1676674952.0,1676674956.0,2801.0,1676674952.0,1676674962.0,,,0.0,1676674962.0,1676674967.0,5.0,,0.0,10.0,5.0,4.0,12142.0,,,poseidon,local,host-10-100-100-12.openstacklocal,pegasus::transfer,/home/poseidon/pegasus-5.1.0panorama/bin/pegasus-transfer,-n pegasus::transfer -N null -i - -R local  -L xgboost_hp_tuning_group_0 -T 2023-02-17T23:02:03+00:00 /home/poseidon/pegasus-5.1.0panorama/bin/../bin/pegasus-transfer  --threads 2,0.6,0,0,,,,,,,,,
stage_in_local_condorpool_0_2_pegasus-plan_ID0000016,None,transfer,0,1676674947.0,,,1676674952.0,1676674952.0,1676674960.0,93456513.0,1676674952.0,1676674967.0,,,0.0,1676674967.0,1676674972.0,5.0,,0.0,15.0,5.0,8.0,735985664.0,,,poseidon,local,host-10-100-100-12.openstacklocal,pegasus::transfer,/home/poseidon/pegasus-5.1.0panorama/bin/pegasus-transfer,-n pegasus::transfer -N null -i - -R local  -L xgboost_hp_tuning_group_1 -T 2023-02-17T23:02:03+00:00 /home/poseidon/pegasus-5.1.0panorama/bin/../bin/pegasus-transfer  --threads 2,3.8,0,0,,,,,,,,,
stage_in_local_condorpool_0_1_pegasus-plan_ID0000016,None,transfer,0,1676674947.0,,,1676674952.0,1676674952.0,1676674956.0,5145415.0,1676674952.0,1676674962.0,,,0.0,1676674962.0,1676674967.0,5.0,,0.0,10.0,5.0,4.0,19294600.0,,,poseidon,local,host-10-100-100-12.openstacklocal,pegasus::transfer,/home/poseidon/pegasus-5.1.0panorama/bin/pegasus-transfer,-n pegasus::transfer -N null -i - -R local  -L xgboost_hp_tuning_group_1 -T 2023-02-17T23:02:03+00:00 /home/poseidon/pegasus-5.1.0panorama/bin/../bin/pegasus-transfer  --threads 2,0.6,0,0,,,,,,,,,
stage_in_local_condorpool_1_0_pegasus-plan_ID0000016,None,transfer,0,1676674947.0,,,1676674952.0,1676674952.0,1676674956.0,834.0,1676674952.0,1676674962.0,,,0.0,1676674962.0,1676674967.0,5.0,,0.0,10.0,5.0,4.0,2874.0,,,poseidon,local,host-10-100-100-12.openstacklocal,pegasus::transfer,/home/poseidon/pegasus-5.1.0panorama/bin/pegasus-transfer,-n pegasus::transfer -N null -i - -R local  -L xgboost_hp_tuning_group_1 -T 2023-02-17T23:02:03+00:00 /home/poseidon/pegasus-5.1.0panorama/bin/../bin/pegasus-transfer  --threads 2,0.5,0,0,,,,,,,,,
stage_in_local_condorpool_0_1_pegasus-plan_ID0000020,None,transfer,0,1676674953.0,,,1676674958.0,1676674960.0,1676674975.0,177495801.0,1676674960.0,1676674983.0,,,0.0,1676674983.0,1676674988.0,5.0,,2.0,23.0,5.0,15.0,2646308508.0,,,poseidon,local,host-10-100-100-12.openstacklocal,pegasus::transfer,/home/poseidon/pegasus-5.1.0panorama/bin/pegasus-transfer,-n pegasus::transfer -N null -i - -R local  -L xgboost_hp_tuning_group_2 -T 2023-02-17T23:02:09+00:00 /home/poseidon/pegasus-5.1.0panorama/bin/../bin/pegasus-transfer  --threads 2,11.4,0,0,,,,,,,,,
stage_in_local_condorpool_1_0_pegasus-plan_ID0000020,None,transfer,0,1676674953.0,,,1676674958.0,1676674960.0,1676674964.0,802.0,1676674959.0,1676674973.0,,,0.0,1676674973.0,1676674978.0,5.0,,1.0,14.0,5.0,4.0,2874.0,,,poseidon,local,host-10-100-100-12.openstacklocal,pegasus::transfer,/home/poseidon/pegasus-5.1.0panorama/bin/pegasus-transfer,-n pegasus::transfer -N null -i - -R local  -L xgboost_hp_tuning_group_2 -T 2023-02-17T23:02:09+00:00 /home/poseidon/pegasus-5.1.0panorama/bin/../bin/pegasus-transfer  --threads 2,0.5,0,0,,,,,,,,,
stage_in_local_condorpool_0_0_pegasus-plan_ID0000020,None,transfer,0,1676674953.0,,,1676674958.0,1676674960.0,1676674964.0,2792.0,1676674959.0,1676674973.0,,,0.0,1676674973.0,1676674978.0,5.0,,1.0,14.0,5.0,4.0,12142.0,,,poseidon,local,host-10-100-100-12.openstacklocal,pegasus::transfer,/home/poseidon/pegasus-5.1.0panorama/bin/pegasus-transfer,-n pegasus::transfer -N null -i - -R local  -L xgboost_hp_tuning_group_2 -T 2023-02-17T23:02:09+00:00 /home/poseidon/pegasus-5.1.0panorama/bin/../bin/pegasus-transfer  --threads 2,0.6,0,0,,,,,,,,,
stage_in_local_condorpool_0_2_pegasus-plan_ID0000020,None,transfer,0,1676674953.0,,,1676674958.0,1676674960.0,1676674968.0,96621988.0,1676674960.0,1676674978.0,,,0.0,1676674978.0,1676674983.0,5.0,,2.0,18.0,5.0,8.0,735985664.0,,,poseidon,local,host-10-100-100-12.openstacklocal,pegasus::transfer,/home/poseidon/pegasus-5.1.0panorama/bin/pegasus-transfer,-n pegasus::transfer -N null -i - -R local  -L xgboost_hp_tuning_group_2 -T 2023-02-17T23:02:09+00:00 /home/poseidon/pegasus-5.1.0panorama/bin/../bin/pegasus-transfer  --threads 2,3.7,0,0,,,,,,,,,
xgboost_hp_tuning_ID0000005_pegasus-plan_ID0000012,None,compute,0,1676674972.0,,,1676674977.0,1676675015.0,1676675033.0,46430717.8,1676675050.0,1676675112.0,1676675061.0,1676675066.0,251.0,1676675112.0,1676675117.0,5.0,,73.0,62.0,5.0,18.0,502672266.0,5.0,1077.0,poseidon,condorpool,poseidon-worker-2-container-8-15,xgboost_hp_tuning,/srv/xgboost_hp_tuning,,123.4,0,0,0.1,157972509.0,40.0,3321.0,2.0,106.8,3.8,7898625.5,4.0
xgboost_hp_tuning_ID0000016_pegasus-plan_ID0000012,None,compute,0,1676674972.0,,,1676674977.0,1676675037.0,1676675054.0,46453483.0,1676675071.0,1676675127.0,1676675076.0,1676675080.0,244.0,1676675127.0,1676675132.0,5.0,,94.0,56.0,5.0,17.0,502672266.0,4.0,1054.0,poseidon,condorpool,poseidon-worker-2-container-24-31,xgboost_hp_tuning,/srv/xgboost_hp_tuning,,74.7,0,0,0.0,157967980.0,40.0,3305.0,2.0,41.5,3.1,15796798.0,4.0
xgboost_hp_tuning_ID0000004_pegasus-plan_ID0000012,None,compute,0,1676674972.0,,,1676674977.0,1676675038.0,1676675056.0,46453970.8,1676675072.0,1676675132.0,1676675085.0,1676675089.0,250.0,1676675132.0,1676675137.0,5.0,,95.0,60.0,5.0,18.0,502672266.0,4.0,1062.0,poseidon,condorpool,poseidon-worker-1-container-16-23,xgboost_hp_tuning,/srv/xgboost_hp_tuning,,131.8,0,0,0.1,157972642.0,40.0,3321.0,2.0,110.6,3.7,7898632.1,4.0
xgboost_hp_tuning_ID0000003_pegasus-plan_ID0000012,None,compute,0,1676674972.0,,,1676674977.0,1676675046.0,1676675063.0,46681116.4,1676675080.0,1676675137.0,1676675089.0,1676675094.0,252.0,1676675137.0,1676675142.0,5.0,,103.0,57.0,5.0,17.0,502672266.0,5.0,1068.0,poseidon,condorpool,poseidon-worker-3-container-16-23,xgboost_hp_tuning,/srv/xgboost_hp_tuning,,106.6,0,0,0.0,157966103.0,40.0,3303.0,2.0,44.0,2.8,15796610.3,4.0
xgboost_hp_tuning_ID0000014_pegasus-plan_ID0000012,None,compute,0,1676674972.0,,,1676674977.0,1676675047.0,1676675065.0,46508632.2,1676675082.0,1676675137.0,1676675089.0,1676675094.0,250.0,1676675137.0,1676675142.0,5.0,,105.0,55.0,5.0,18.0,502672266.0,5.0,1054.0,poseidon,condorpool,poseidon-worker-2-container-0-7,xgboost_hp_tuning,/srv/xgboost_hp_tuning,,90.1,0,0,0.0,157967983.0,40.0,3305.0,2.0,42.4,2.8,15796798.3,4.0
xgboost_hp_tuning_ID0000023_pegasus-plan_ID0000016,None,compute,0,1676674972.0,,,1676674977.0,1676674997.0,1676675013.0,42697071.8,1676675032.0,1676675072.0,1676675025.0,1676675029.0,258.0,1676675072.0,1676675077.0,5.0,,55.0,40.0,5.0,16.0,377646203.0,4.0,1090.0,poseidon,condorpool,poseidon-worker-1-container-16-23,xgboost_hp_tuning,/srv/xgboost_hp_tuning,,23.2,0,0,,,,,,,,,
xgboost_hp_tuning_ID0000012_pegasus-plan_ID0000016,None,compute,0,1676674972.0,,,1676674977.0,1676674997.0,1676675013.0,42684465.2,1676675032.0,1676675082.0,1676675034.0,1676675038.0,248.0,1676675082.0,1676675087.0,5.0,,55.0,50.0,5.0,16.0,377646203.0,4.0,1048.0,poseidon,condorpool,poseidon-worker-2-container-0-7,xgboost_hp_tuning,/srv/xgboost_hp_tuning,,62.0,0,0,0.0,32941919.0,40.0,3305.0,2.0,34.5,1.8,3294191.9,4.0
xgboost_hp_tuning_ID0000015_pegasus-plan_ID0000012,None,compute,0,1676674972.0,,,1676674977.0,1676675038.0,1676675055.0,46561238.2,1676675072.0,1676675127.0,1676675080.0,1676675084.0,249.0,1676675127.0,1676675132.0,5.0,,95.0,55.0,5.0,17.0,502672266.0,4.0,1056.0,poseidon,condorpool,poseidon-worker-3-container-24-31,xgboost_hp_tuning,/srv/xgboost_hp_tuning,,93.7,0,0,0.0,157966104.0,40.0,3303.0,2.0,46.1,2.8,15796610.4,4.0
xgboost_hp_tuning_ID0000017_pegasus-plan_ID0000012,None,compute,0,1676674972.0,,,1676674977.0,1676674998.0,1676675015.0,46859948.8,1676675032.0,1676675092.0,1676675044.0,1676675048.0,252.0,1676675092.0,1676675097.0,5.0,,55.0,60.0,5.0,17.0,502672266.0,4.0,1057.0,poseidon,condorpool,poseidon-worker-3-container-0-7,xgboost_hp_tuning,/srv/xgboost_hp_tuning,,124.2,0,0,0.0,157970588.0,40.0,3319.0,2.0,103.9,3.4,7898529.4,4.0
xgboost_hp_tuning_ID0000021_pegasus-plan_ID0000016,None,compute,0,1676674972.0,,,1676674977.0,1676674957.0,1676674973.0,42871780.2,1676674992.0,1676675032.0,1676674983.0,1676674988.0,246.0,1676675032.0,1676675037.0,5.0,,15.0,40.0,5.0,16.0,377646203.0,5.0,1061.0,poseidon,condorpool,poseidon-worker-3-container-40-47,xgboost_hp_tuning,/srv/xgboost_hp_tuning,,15.8,0,0,,,,,,,,,
xgboost_hp_tuning_ID0000018_pegasus-plan_ID0000012,None,compute,0,1676674972.0,,,1676674977.0,1676674998.0,1676675015.0,46611915.4,1676675032.0,1676675092.0,1676675041.0,1676675046.0,249.0,1676675092.0,1676675097.0,5.0,,55.0,60.0,5.0,17.0,502672266.0,5.0,1053.0,poseidon,condorpool,poseidon-worker-2-container-40-47,xgboost_hp_tuning,/srv/xgboost_hp_tuning,,103.4,0,0,0.0,157967900.0,40.0,3305.0,2.0,43.7,3.2,15796790.0,4.0
xgboost_hp_tuning_ID0000001_pegasus-plan_ID0000016,None,compute,0,1676674972.0,,,1676674977.0,1676674997.0,1676675013.0,42714954.5,1676675031.0,1676675092.0,1676675043.0,1676675047.0,253.0,1676675092.0,1676675097.0,5.0,,54.0,61.0,5.0,16.0,377646203.0,4.0,1061.0,poseidon,condorpool,poseidon-worker-3-container-32-39,xgboost_hp_tuning,/srv/xgboost_hp_tuning,,129.9,0,0,0.0,32944599.0,40.0,3319.0,2.0,102.5,1.6,1647230.0,4.0
xgboost_hp_tuning_ID0000009_pegasus-plan_ID0000012,None,compute,0,1676674972.0,,,1676674977.0,1676674957.0,1676674975.0,46603826.0,1676674992.0,1676675052.0,1676675002.0,1676675006.0,249.0,1676675052.0,1676675057.0,5.0,,15.0,60.0,5.0,18.0,502672266.0,4.0,1058.0,poseidon,condorpool,poseidon-worker-2-container-8-15,xgboost_hp_tuning,/srv/xgboost_hp_tuning,,106.3,0,0,0.1,157972427.0,40.0,3321.0,2.0,101.0,3.5,7898621.3,4.0
xgboost_hp_tuning_ID0000011_pegasus-plan_ID0000012,None,compute,0,1676674972.0,,,1676674977.0,1676674997.0,1676675014.0,46873914.8,1676675031.0,1676675097.0,1676675050.0,1676675055.0,251.0,1676675097.0,1676675102.0,5.0,,54.0,66.0,5.0,17.0,502672266.0,5.0,1051.0,poseidon,condorpool,poseidon-worker-3-container-8-15,xgboost_hp_tuning,/srv/xgboost_hp_tuning,,168.0,0,0,0.0,157970627.0,40.0,3319.0,2.0,103.5,2.9,7898531.4,4.0
xgboost_hp_tuning_ID0000022_pegasus-plan_ID0000012,None,compute,0,1676674972.0,,,1676674977.0,1676674997.0,1676675015.0,46534433.0,1676675031.0,1676675097.0,1676675047.0,1676675052.0,246.0,1676675097.0,1676675102.0,5.0,,54.0,66.0,5.0,18.0,502672266.0,5.0,1061.0,poseidon,condorpool,poseidon-worker-1-container-8-15,xgboost_hp_tuning,/srv/xgboost_hp_tuning,,148.2,0,0,0.1,157972499.0,40.0,3321.0,2.0,109.5,3.0,7898625.0,4.0
xgboost_hp_tuning_ID0000010_pegasus-plan_ID0000012,None,compute,0,1676674972.0,,,1676674977.0,1676674997.0,1676675014.0,46667456.4,1676675031.0,1676675092.0,1676675041.0,1676675046.0,248.0,1676675092.0,1676675097.0,5.0,,54.0,61.0,5.0,17.0,502672266.0,5.0,1049.0,poseidon,condorpool,poseidon-worker-3-container-40-47,xgboost_hp_tuning,/srv/xgboost_hp_tuning,,110.0,0,0,0.0,157970663.0,40.0,3319.0,2.0,102.6,3.5,7898533.1,4.0
xgboost_hp_tuning_ID0000021_pegasus-plan_ID0000012,None,compute,0,1676674972.0,,,1676674977.0,1676674997.0,1676675015.0,46599527.2,1676675031.0,1676675097.0,1676675049.0,1676675053.0,246.0,1676675097.0,1676675102.0,5.0,,54.0,66.0,5.0,18.0,502672266.0,4.0,1059.0,poseidon,condorpool,poseidon-worker-1-container-0-7,xgboost_hp_tuning,/srv/xgboost_hp_tuning,,152.0,0,0,0.1,157972467.0,40.0,3321.0,2.0,104.8,3.2,7898623.3,4.0
xgboost_hp_tuning_ID0000020_pegasus-plan_ID0000012,None,compute,0,1676674972.0,,,1676674977.0,1676674997.0,1676675015.0,46608502.2,1676675032.0,1676675107.0,1676675059.0,1676675063.0,247.0,1676675107.0,1676675112.0,5.0,,55.0,75.0,5.0,18.0,502672266.0,4.0,1062.0,poseidon,condorpool,poseidon-worker-1-container-32-39,xgboost_hp_tuning,/srv/xgboost_hp_tuning,,181.3,0,0,0.1,157976536.0,40.0,3336.0,2.0,135.9,3.1,5265884.5,4.0
xgboost_hp_tuning_ID0000008_pegasus-plan_ID0000012,None,compute,0,1676674972.0,,,1676674977.0,1676674997.0,1676675015.0,46589153.2,1676675032.0,1676675102.0,1676675054.0,1676675058.0,249.0,1676675102.0,1676675107.0,5.0,,55.0,70.0,5.0,18.0,502672266.0,4.0,1056.0,poseidon,condorpool,poseidon-worker-1-container-40-47,xgboost_hp_tuning,/srv/xgboost_hp_tuning,,173.6,0,0,0.0,157976344.0,40.0,3336.0,2.0,156.3,3.8,5265878.1,4.0
xgboost_hp_tuning_ID0000006_pegasus-plan_ID0000012,None,compute,0,1676674972.0,,,1676674977.0,1676674998.0,1676675015.0,46554599.2,1676675032.0,1676675097.0,1676675050.0,1676675054.0,248.0,1676675097.0,1676675102.0,5.0,,55.0,65.0,5.0,17.0,502672266.0,4.0,1067.0,poseidon,condorpool,poseidon-worker-2-container-32-39,xgboost_hp_tuning,/srv/xgboost_hp_tuning,,162.6,0,0,0.0,157972534.0,40.0,3321.0,2.0,109.6,3.0,7898626.7,4.0
xgboost_hp_tuning_ID0000013_pegasus-plan_ID0000016,None,compute,0,1676674972.0,,,1676674977.0,1676674997.0,1676675013.0,42796039.8,1676675031.0,1676675072.0,1676675025.0,1676675029.0,249.0,1676675072.0,1676675077.0,5.0,,54.0,41.0,5.0,16.0,377646203.0,4.0,1053.0,poseidon,condorpool,poseidon-worker-3-container-24-31,xgboost_hp_tuning,/srv/xgboost_hp_tuning,,26.5,0,0,,,,,,,,,
xgboost_hp_tuning_ID0000004_pegasus-plan_ID0000016,None,compute,0,1676674972.0,,,1676674977.0,1676674957.0,1676674974.0,42645032.0,1676674992.0,1676675032.0,1676674984.0,1676674988.0,239.0,1676675032.0,1676675037.0,5.0,,15.0,40.0,5.0,17.0,377646203.0,4.0,1061.0,poseidon,condorpool,poseidon-worker-2-container-40-47,xgboost_hp_tuning,/srv/xgboost_hp_tuning,,16.7,0,0,,,,,,,,,
xgboost_hp_tuning_ID0000014_pegasus-plan_ID0000016,None,compute,0,1676674972.0,,,1676674977.0,1676674996.0,1676675012.0,42820775.8,1676675031.0,1676675082.0,1676675033.0,1676675037.0,248.0,1676675082.0,1676675087.0,5.0,,54.0,51.0,5.0,16.0,377646203.0,4.0,1054.0,poseidon,condorpool,poseidon-worker-3-container-16-23,xgboost_hp_tuning,/srv/xgboost_hp_tuning,,70.3,0,0,0.0,32939963.0,40.0,3303.0,2.0,41.8,1.8,3293996.3,4.0
xgboost_hp_tuning_ID0000023_pegasus-plan_ID0000012,None,compute,0,1676674972.0,,,1676674977.0,1676675056.0,1676675073.0,46706000.8,1676675090.0,1676675147.0,1676675097.0,1676675102.0,261.0,1676675147.0,1676675152.0,5.0,,113.0,57.0,5.0,17.0,502672266.0,5.0,1090.0,poseidon,condorpool,poseidon-worker-3-container-32-39,xgboost_hp_tuning,/srv/xgboost_hp_tuning,,92.3,0,0,0.1,157966107.0,40.0,3303.0,2.0,44.5,2.7,15796610.7,4.0
xgboost_hp_tuning_ID0000012_pegasus-plan_ID0000012,None,compute,0,1676674972.0,,,1676674977.0,1676675055.0,1676675072.0,46527634.8,1676675089.0,1676675147.0,1676675098.0,1676675102.0,245.0,1676675147.0,1676675152.0,5.0,,112.0,58.0,5.0,17.0,502672266.0,4.0,1051.0,poseidon,condorpool,poseidon-worker-2-container-40-47,xgboost_hp_tuning,/srv/xgboost_hp_tuning,,101.3,0,0,0.1,157967981.0,40.0,3305.0,2.0,48.1,2.5,15796798.1,4.0
xgboost_hp_tuning_ID0000001_pegasus-plan_ID0000012,None,compute,0,1676674972.0,,,1676674977.0,1676675054.0,1676675072.0,46664216.2,1676675089.0,1676675147.0,1676675098.0,1676675102.0,251.0,1676675147.0,1676675152.0,5.0,,112.0,58.0,5.0,18.0,502672266.0,4.0,1064.0,poseidon,condorpool,poseidon-worker-3-container-40-47,xgboost_hp_tuning,/srv/xgboost_hp_tuning,,103.3,0,0,0.0,157966106.0,40.0,3303.0,2.0,40.9,3.1,15796610.6,4.0
xgboost_hp_tuning_ID0000013_pegasus-plan_ID0000012,None,compute,0,1676674972.0,,,1676674977.0,1676675052.0,1676675070.0,46470354.8,1676675087.0,1676675142.0,1676675094.0,1676675098.0,246.0,1676675142.0,1676675147.0,5.0,,110.0,55.0,5.0,18.0,502672266.0,4.0,1054.0,poseidon,condorpool,poseidon-worker-1-container-24-31,xgboost_hp_tuning,/srv/xgboost_hp_tuning,,90.2,0,0,0.1,157968052.0,40.0,3305.0,2.0,44.0,2.7,15796805.2,4.0
xgboost_hp_tuning_ID0000002_pegasus-plan_ID0000012,None,compute,0,1676674972.0,,,1676674977.0,1676675052.0,1676675070.0,45808814.4,1676675087.0,1676675142.0,1676675095.0,1676675099.0,250.0,1676675142.0,1676675147.0,5.0,,110.0,55.0,5.0,18.0,502672266.0,4.0,1061.0,poseidon,condorpool,poseidon-worker-2-container-16-23,xgboost_hp_tuning,/srv/xgboost_hp_tuning,,96.2,0,0,0.1,157967980.0,40.0,3305.0,2.0,45.5,2.8,15796798.0,4.0
xgboost_hp_tuning_ID0000009_pegasus-plan_ID0000016,None,compute,0,1676674972.0,,,1676674977.0,1676674957.0,1676674974.0,42634891.0,1676674992.0,1676675032.0,1676674984.0,1676674988.0,243.0,1676675032.0,1676675037.0,5.0,,15.0,40.0,5.0,17.0,377646203.0,4.0,1057.0,poseidon,condorpool,poseidon-worker-2-container-0-7,xgboost_hp_tuning,/srv/xgboost_hp_tuning,,16.3,0,0,,,,,,,,,
xgboost_hp_tuning_ID0000011_pegasus-plan_ID0000016,None,compute,0,1676674972.0,,,1676674977.0,1676674957.0,1676674974.0,42728057.0,1676674992.0,1676675032.0,1676674984.0,1676674988.0,240.0,1676675032.0,1676675037.0,5.0,,15.0,40.0,5.0,17.0,377646203.0,4.0,1050.0,poseidon,condorpool,poseidon-worker-1-container-32-39,xgboost_hp_tuning,/srv/xgboost_hp_tuning,,16.3,0,0,,,,,,,,,
xgboost_hp_tuning_ID0000022_pegasus-plan_ID0000016,None,compute,0,1676674972.0,,,1676674977.0,1676674957.0,1676674974.0,42584248.5,1676674992.0,1676675032.0,1676674984.0,1676674988.0,241.0,1676675032.0,1676675037.0,5.0,,15.0,40.0,5.0,17.0,377646203.0,4.0,1063.0,poseidon,condorpool,poseidon-worker-1-container-24-31,xgboost_hp_tuning,/srv/xgboost_hp_tuning,,15.9,0,0,,,,,,,,,
xgboost_hp_tuning_ID0000002_pegasus-plan_ID0000016,None,compute,0,1676674972.0,,,1676674977.0,1676674997.0,1676675013.0,42657892.2,1676675031.0,1676675072.0,1676675023.0,1676675028.0,248.0,1676675072.0,1676675077.0,5.0,,54.0,41.0,5.0,16.0,377646203.0,5.0,1061.0,poseidon,condorpool,poseidon-worker-2-container-24-31,xgboost_hp_tuning,/srv/xgboost_hp_tuning,,16.4,0,0,,,,,,,,,
xgboost_hp_tuning_ID0000020_pegasus-plan_ID0000016,None,compute,0,1676674972.0,,,1676674977.0,1676674957.0,1676674973.0,42742944.0,1676674992.0,1676675032.0,1676674983.0,1676674988.0,246.0,1676675032.0,1676675037.0,5.0,,15.0,40.0,5.0,16.0,377646203.0,5.0,1064.0,poseidon,condorpool,poseidon-worker-3-container-24-31,xgboost_hp_tuning,/srv/xgboost_hp_tuning,,18.3,0,0,,,,,,,,,
xgboost_hp_tuning_ID0000010_pegasus-plan_ID0000016,None,compute,0,1676674972.0,,,1676674977.0,1676674957.0,1676674974.0,42574923.0,1676674992.0,1676675032.0,1676674984.0,1676674988.0,241.0,1676675032.0,1676675037.0,5.0,,15.0,40.0,5.0,17.0,377646203.0,4.0,1049.0,poseidon,condorpool,poseidon-worker-1-container-40-47,xgboost_hp_tuning,/srv/xgboost_hp_tuning,,17.0,0,0,,,,,,,,,
xgboost_hp_tuning_ID0000019_pegasus-plan_ID0000016,None,compute,0,1676674972.0,,,1676674977.0,1676674957.0,1676674973.0,42734384.8,1676674992.0,1676675032.0,1676674985.0,1676674989.0,247.0,1676675032.0,1676675037.0,5.0,,15.0,40.0,5.0,16.0,377646203.0,4.0,1060.0,poseidon,condorpool,poseidon-worker-3-container-0-7,xgboost_hp_tuning,/srv/xgboost_hp_tuning,,25.6,0,0,,,,,,,,,
xgboost_hp_tuning_ID0000007_pegasus-plan_ID0000016,None,compute,0,1676674972.0,,,1676674977.0,1676674957.0,1676674974.0,42605777.5,1676674992.0,1676675032.0,1676674984.0,1676674988.0,242.0,1676675032.0,1676675037.0,5.0,,15.0,40.0,5.0,17.0,377646203.0,4.0,1066.0,poseidon,condorpool,poseidon-worker-1-container-16-23,xgboost_hp_tuning,/srv/xgboost_hp_tuning,,15.4,0,0,,,,,,,,,
xgboost_hp_tuning_ID0000018_pegasus-plan_ID0000016,None,compute,0,1676674972.0,,,1676674977.0,1676674957.0,1676674974.0,42631595.8,1676674992.0,1676675032.0,1676674984.0,1676674988.0,245.0,1676675032.0,1676675037.0,5.0,,15.0,40.0,5.0,17.0,377646203.0,4.0,1054.0,poseidon,condorpool,poseidon-worker-1-container-8-15,xgboost_hp_tuning,/srv/xgboost_hp_tuning,,15.2,0,0,,,,,,,,,
xgboost_hp_tuning_ID0000006_pegasus-plan_ID0000016,None,compute,0,1676674972.0,,,1676674977.0,1676674957.0,1676674973.0,42761361.0,1676674992.0,1676675032.0,1676674983.0,1676674988.0,246.0,1676675032.0,1676675037.0,5.0,,15.0,40.0,5.0,16.0,377646203.0,5.0,1066.0,poseidon,condorpool,poseidon-worker-3-container-32-39,xgboost_hp_tuning,/srv/xgboost_hp_tuning,,15.3,0,0,,,,,,,,,
xgboost_hp_tuning_ID0000017_pegasus-plan_ID0000016,None,compute,0,1676674972.0,,,1676674977.0,1676674957.0,1676674973.0,42749475.0,1676674992.0,1676675032.0,1676674983.0,1676674988.0,244.0,1676675032.0,1676675037.0,5.0,,15.0,40.0,5.0,16.0,377646203.0,5.0,1052.0,poseidon,condorpool,poseidon-worker-3-container-8-15,xgboost_hp_tuning,/srv/xgboost_hp_tuning,,15.8,0,0,,,,,,,,,
xgboost_hp_tuning_ID0000005_pegasus-plan_ID0000016,None,compute,0,1676674972.0,,,1676674977.0,1676674957.0,1676674974.0,42673324.0,1676674992.0,1676675032.0,1676674983.0,1676674988.0,244.0,1676675032.0,1676675037.0,5.0,,15.0,40.0,5.0,17.0,377646203.0,5.0,1076.0,poseidon,condorpool,poseidon-worker-1-container-0-7,xgboost_hp_tuning,/srv/xgboost_hp_tuning,,15.1,0,0,,,,,,,,,
xgboost_hp_tuning_ID0000016_pegasus-plan_ID0000016,None,compute,0,1676674972.0,,,1676674977.0,1676674957.0,1676674974.0,42556958.8,1676674992.0,1676675032.0,1676674984.0,1676674989.0,248.0,1676675032.0,1676675037.0,5.0,,15.0,40.0,5.0,17.0,377646203.0,5.0,1052.0,poseidon,condorpool,poseidon-worker-2-container-32-39,xgboost_hp_tuning,/srv/xgboost_hp_tuning,,19.4,0,0,,,,,,,,,
xgboost_hp_tuning_ID0000019_pegasus-plan_ID0000012,None,compute,0,1676674972.0,,,1676674977.0,1676674997.0,1676675015.0,46611124.6,1676675032.0,1676675087.0,1676675039.0,1676675043.0,252.0,1676675087.0,1676675092.0,5.0,,55.0,55.0,5.0,18.0,502672266.0,4.0,1060.0,poseidon,condorpool,poseidon-worker-1-container-24-31,xgboost_hp_tuning,/srv/xgboost_hp_tuning,,90.6,0,0,0.0,157968055.0,40.0,3305.0,2.0,42.1,2.6,15796805.5,4.0
xgboost_hp_tuning_ID0000015_pegasus-plan_ID0000016,None,compute,0,1676674972.0,,,1676674977.0,1676674957.0,1676674974.0,42573755.5,1676674992.0,1676675032.0,1676674984.0,1676674988.0,245.0,1676675032.0,1676675037.0,5.0,,15.0,40.0,5.0,17.0,377646203.0,4.0,1052.0,poseidon,condorpool,poseidon-worker-2-container-24-31,xgboost_hp_tuning,/srv/xgboost_hp_tuning,,15.9,0,0,,,,,,,,,
xgboost_hp_tuning_ID0000003_pegasus-plan_ID0000016,None,compute,0,1676674972.0,,,1676674977.0,1676674958.0,1676674974.0,42110274.5,1676674992.0,1676675032.0,1676674984.0,1676674988.0,245.0,1676675032.0,1676675037.0,5.0,,15.0,40.0,5.0,16.0,377646203.0,4.0,1065.0,poseidon,condorpool,poseidon-worker-2-container-16-23,xgboost_hp_tuning,/srv/xgboost_hp_tuning,,16.0,0,0,,,,,,,,,
xgboost_hp_tuning_ID0000008_pegasus-plan_ID0000016,None,compute,0,1676674972.0,,,1676674977.0,1676674957.0,1676674973.0,42744881.8,1676674992.0,1676675032.0,1676674983.0,1676674987.0,247.0,1676675032.0,1676675037.0,5.0,,15.0,40.0,5.0,16.0,377646203.0,4.0,1059.0,poseidon,condorpool,poseidon-worker-3-container-16-23,xgboost_hp_tuning,/srv/xgboost_hp_tuning,,16.0,0,0,,,,,,,,,
xgboost_hp_tuning_ID0000007_pegasus-plan_ID0000012,None,compute,0,1676674972.0,,,1676674977.0,1676674997.0,1676675015.0,45864021.6,1676675032.0,1676675087.0,1676675039.0,1676675043.0,248.0,1676675087.0,1676675092.0,5.0,,55.0,55.0,5.0,18.0,502672266.0,4.0,1067.0,poseidon,condorpool,poseidon-worker-2-container-16-23,xgboost_hp_tuning,/srv/xgboost_hp_tuning,,86.0,0,0,0.0,157967898.0,40.0,3305.0,2.0,42.5,2.6,15796789.8,4.0
xgboost_hp_tuning_ID0000022_pegasus-plan_ID0000020,None,compute,0,1676674988.0,,,1676674994.0,1676675062.0,1676675093.0,69036349.1,1676675096.0,1676675534.0,1676675487.0,1676675491.0,251.0,1676675534.0,1676675539.0,6.0,,102.0,438.0,5.0,31.0,1691153157.0,4.0,1063.0,poseidon,condorpool,poseidon-worker-1-container-0-7,xgboost_hp_tuning,/srv/xgboost_hp_tuning,,2097.0,0,0,0.0,1346591098.0,40.0,3861.0,2.0,2006.5,65.5,3543660.8,4.0
xgboost_hp_tuning_ID0000011_pegasus-plan_ID0000020,None,compute,0,1676674988.0,,,1676674994.0,1676675061.0,1676675092.0,69255116.7,1676675095.0,1676675529.0,1676675480.0,1676675484.0,247.0,1676675529.0,1676675534.0,6.0,,101.0,434.0,5.0,31.0,1691153157.0,4.0,1048.0,poseidon,condorpool,poseidon-worker-1-container-8-15,xgboost_hp_tuning,/srv/xgboost_hp_tuning,,2080.7,0,0,0.1,1346587427.0,40.0,3846.0,2.0,1966.0,62.7,3639425.5,4.0
xgboost_hp_tuning_ID0000009_pegasus-plan_ID0000020,None,compute,0,1676674988.0,,,1676674993.0,1676675057.0,1676675088.0,69185572.2,1676675092.0,1676675549.0,1676675498.0,1676675502.0,249.0,1676675549.0,1676675554.0,5.0,,99.0,457.0,5.0,31.0,1691153157.0,4.0,1058.0,poseidon,condorpool,poseidon-worker-3-container-0-7,xgboost_hp_tuning,/srv/xgboost_hp_tuning,,2179.2,0,0,0.0,1346596810.0,40.0,3889.0,2.0,2122.5,56.1,3366492.0,4.0
xgboost_hp_tuning_ID0000001_pegasus-plan_ID0000020,None,compute,0,1676674988.0,,,1676674994.0,1676675462.0,1676675494.0,68950388.9,1676675497.0,1676675890.0,1676675841.0,1676675845.0,255.0,1676675890.0,1676675895.0,6.0,,503.0,393.0,5.0,32.0,1691153157.0,4.0,1066.0,poseidon,condorpool,poseidon-worker-2-container-32-39,xgboost_hp_tuning,/srv/xgboost_hp_tuning,,1928.9,0,0,0.1,1346572450.0,40.0,3786.0,2.0,1822.4,55.3,4080522.6,4.0
xgboost_hp_tuning_ID0000010_pegasus-plan_ID0000020,None,compute,0,1676674988.0,,,1676674994.0,1676675063.0,1676675095.0,69082370.6,1676675098.0,1676675459.0,1676675411.0,1676675415.0,248.0,1676675459.0,1676675464.0,6.0,,104.0,361.0,5.0,32.0,1691153157.0,4.0,1049.0,poseidon,condorpool,poseidon-worker-2-container-32-39,xgboost_hp_tuning,/srv/xgboost_hp_tuning,,1723.7,0,0,0.1,1346560717.0,40.0,3741.0,2.0,1614.0,62.4,4488535.7,4.0
xgboost_hp_tuning_ID0000013_pegasus-plan_ID0000020,None,compute,0,1676674988.0,,,1676674994.0,1676675457.0,1676675488.0,69095104.3,1676675491.0,1676675860.0,1676675811.0,1676675815.0,250.0,1676675860.0,1676675865.0,6.0,,497.0,369.0,5.0,31.0,1691153157.0,4.0,1053.0,poseidon,condorpool,poseidon-worker-2-container-8-15,xgboost_hp_tuning,/srv/xgboost_hp_tuning,,1779.6,0,0,0.1,1346564639.0,40.0,3756.0,2.0,1708.5,51.2,4343756.9,4.0
xgboost_hp_tuning_ID0000002_pegasus-plan_ID0000020,None,compute,0,1676674988.0,,,1676674994.0,1676675451.0,1676675482.0,69107766.3,1676675486.0,1676675845.0,1676675793.0,1676675797.0,253.0,1676675845.0,1676675850.0,6.0,,492.0,359.0,5.0,31.0,1691153157.0,4.0,1062.0,poseidon,condorpool,poseidon-worker-3-container-8-15,xgboost_hp_tuning,/srv/xgboost_hp_tuning,,1743.6,0,0,0.0,1346558914.0,40.0,3739.0,2.0,1693.8,42.5,4488529.7,4.0
xgboost_hp_tuning_ID0000014_pegasus-plan_ID0000020,None,compute,0,1676674988.0,,,1676674994.0,1676675111.0,1676675142.0,69264901.6,1676675146.0,1676675524.0,1676675476.0,1676675481.0,250.0,1676675524.0,1676675529.0,6.0,,152.0,378.0,5.0,31.0,1691153157.0,5.0,1053.0,poseidon,condorpool,poseidon-worker-3-container-40-47,xgboost_hp_tuning,/srv/xgboost_hp_tuning,,1814.2,0,0,0.0,1346566700.0,40.0,3769.0,2.0,1721.6,60.7,4208020.9,4.0
xgboost_hp_tuning_ID0000003_pegasus-plan_ID0000020,None,compute,0,1676674988.0,,,1676674994.0,1676675111.0,1676675142.0,69105285.3,1676675145.0,1676675614.0,1676675564.0,1676675568.0,252.0,1676675614.0,1676675619.0,6.0,,151.0,469.0,5.0,31.0,1691153157.0,4.0,1069.0,poseidon,condorpool,poseidon-worker-2-container-40-47,xgboost_hp_tuning,/srv/xgboost_hp_tuning,,2415.4,0,0,0.1,1346603050.0,40.0,3906.0,2.0,2340.1,61.4,3284397.7,4.0
xgboost_hp_tuning_ID0000015_pegasus-plan_ID0000020,None,compute,0,1676674988.0,,,1676674994.0,1676675110.0,1676675142.0,69345277.1,1676675145.0,1676675549.0,1676675498.0,1676675502.0,254.0,1676675549.0,1676675554.0,6.0,,151.0,404.0,5.0,32.0,1691153157.0,4.0,1056.0,poseidon,condorpool,poseidon-worker-3-container-32-39,xgboost_hp_tuning,/srv/xgboost_hp_tuning,,1972.7,0,0,0.0,1346574353.0,40.0,3799.0,2.0,1865.6,59.8,3960512.8,4.0
xgboost_hp_tuning_ID0000004_pegasus-plan_ID0000020,None,compute,0,1676674988.0,,,1676674994.0,1676675110.0,1676675141.0,68932791.1,1676675144.0,1676675544.0,1676675497.0,1676675502.0,251.0,1676675544.0,1676675549.0,6.0,,150.0,400.0,5.0,31.0,1691153157.0,5.0,1064.0,poseidon,condorpool,poseidon-worker-1-container-32-39,xgboost_hp_tuning,/srv/xgboost_hp_tuning,,1948.2,0,0,0.1,1346576305.0,40.0,3801.0,2.0,1847.1,56.1,3960518.5,4.0
xgboost_hp_tuning_ID0000016_pegasus-plan_ID0000020,None,compute,0,1676674988.0,,,1676674994.0,1676675108.0,1676675140.0,68781199.5,1676675143.0,1676675539.0,1676675490.0,1676675494.0,250.0,1676675539.0,1676675544.0,6.0,,149.0,396.0,5.0,32.0,1691153157.0,4.0,1055.0,poseidon,condorpool,poseidon-worker-2-container-16-23,xgboost_hp_tuning,/srv/xgboost_hp_tuning,,1874.8,0,0,0.0,1346576228.0,40.0,3801.0,2.0,1816.7,53.9,3960518.3,4.0
xgboost_hp_tuning_ID0000005_pegasus-plan_ID0000020,None,compute,0,1676674988.0,,,1676674994.0,1676675107.0,1676675138.0,69144646.6,1676675142.0,1676675514.0,1676675467.0,1676675472.0,253.0,1676675514.0,1676675519.0,6.0,,148.0,372.0,5.0,31.0,1691153157.0,5.0,1079.0,poseidon,condorpool,poseidon-worker-1-container-24-31,xgboost_hp_tuning,/srv/xgboost_hp_tuning,,1784.9,0,0,0.1,1346564779.0,40.0,3756.0,2.0,1665.5,51.8,4343757.4,4.0
xgboost_hp_tuning_ID0000023_pegasus-plan_ID0000020,None,compute,0,1676674988.0,,,1676674994.0,1676675487.0,1676675518.0,68961879.2,1676675521.0,1676675875.0,1676675825.0,1676675830.0,257.0,1676675875.0,1676675880.0,6.0,,527.0,354.0,5.0,31.0,1691153157.0,5.0,1089.0,poseidon,condorpool,poseidon-worker-1-container-16-23,xgboost_hp_tuning,/srv/xgboost_hp_tuning,,1621.4,0,0,0.1,1346557098.0,40.0,3726.0,2.0,1527.9,43.0,4643300.3,4.0
xgboost_hp_tuning_ID0000017_pegasus-plan_ID0000020,None,compute,0,1676674988.0,,,1676674994.0,1676675103.0,1676675134.0,69151777.5,1676675137.0,1676675609.0,1676675560.0,1676675565.0,247.0,1676675609.0,1676675614.0,6.0,,143.0,472.0,5.0,31.0,1691153157.0,5.0,1055.0,poseidon,condorpool,poseidon-worker-2-container-0-7,xgboost_hp_tuning,/srv/xgboost_hp_tuning,,2311.5,0,0,0.0,1346602679.0,40.0,3906.0,2.0,2188.9,73.6,3284396.8,4.0
xgboost_hp_tuning_ID0000012_pegasus-plan_ID0000020,None,compute,0,1676674988.0,,,1676674994.0,1676675465.0,1676675496.0,69070142.3,1676675499.0,1676675880.0,1676675829.0,1676675833.0,249.0,1676675880.0,1676675885.0,6.0,,505.0,381.0,5.0,31.0,1691153157.0,4.0,1052.0,poseidon,condorpool,poseidon-worker-1-container-40-47,xgboost_hp_tuning,/srv/xgboost_hp_tuning,,1844.8,0,0,0.1,1346568631.0,40.0,3771.0,2.0,1779.1,41.9,4208027.0,4.0
xgboost_hp_tuning_ID0000018_pegasus-plan_ID0000020,None,compute,0,1676674988.0,,,1676674994.0,1676675098.0,1676675130.0,69142899.8,1676675133.0,1676675524.0,1676675473.0,1676675478.0,250.0,1676675524.0,1676675529.0,6.0,,139.0,391.0,5.0,32.0,1691153157.0,5.0,1056.0,poseidon,condorpool,poseidon-worker-1-container-16-23,xgboost_hp_tuning,/srv/xgboost_hp_tuning,,1915.8,0,0,0.1,1346572426.0,40.0,3786.0,2.0,1839.1,49.2,4080522.5,4.0
xgboost_hp_tuning_ID0000007_pegasus-plan_ID0000020,None,compute,0,1676674988.0,,,1676674994.0,1676675093.0,1676675124.0,69181120.5,1676675127.0,1676675559.0,1676675508.0,1676675513.0,256.0,1676675559.0,1676675564.0,6.0,,133.0,432.0,5.0,31.0,1691153157.0,5.0,1067.0,poseidon,condorpool,poseidon-worker-3-container-24-31,xgboost_hp_tuning,/srv/xgboost_hp_tuning,,2133.2,0,0,0.0,1346585835.0,40.0,3844.0,2.0,2049.7,57.6,3639421.2,4.0
xgboost_hp_tuning_ID0000019_pegasus-plan_ID0000020,None,compute,0,1676674988.0,,,1676674994.0,1676675089.0,1676675121.0,68995423.2,1676675124.0,1676675694.0,1676675645.0,1676675649.0,251.0,1676675694.0,1676675699.0,6.0,,130.0,570.0,5.0,32.0,1691153157.0,4.0,1060.0,poseidon,condorpool,poseidon-worker-2-container-24-31,xgboost_hp_tuning,/srv/xgboost_hp_tuning,,3041.1,0,0,0.0,1346641403.0,40.0,4056.0,2.0,2943.3,65.2,2640473.3,4.0
xgboost_hp_tuning_ID0000008_pegasus-plan_ID0000020,None,compute,0,1676674988.0,,,1676674994.0,1676675075.0,1676675106.0,68859479.8,1676675109.0,1676675494.0,1676675443.0,1676675447.0,249.0,1676675494.0,1676675499.0,6.0,,115.0,385.0,5.0,31.0,1691153157.0,4.0,1058.0,poseidon,condorpool,poseidon-worker-2-container-8-15,xgboost_hp_tuning,/srv/xgboost_hp_tuning,,1749.8,0,0,0.1,1346568253.0,40.0,3771.0,2.0,1651.0,48.6,4208025.8,4.0
xgboost_hp_tuning_ID0000020_pegasus-plan_ID0000020,None,compute,0,1676674988.0,,,1676674994.0,1676675067.0,1676675099.0,69046828.0,1676675102.0,1676675499.0,1676675451.0,1676675455.0,252.0,1676675499.0,1676675504.0,6.0,,108.0,397.0,5.0,32.0,1691153157.0,4.0,1063.0,poseidon,condorpool,poseidon-worker-1-container-40-47,xgboost_hp_tuning,/srv/xgboost_hp_tuning,,2017.5,0,0,0.0,1346576057.0,40.0,3801.0,2.0,1948.5,47.8,3960517.8,4.0
xgboost_hp_tuning_ID0000021_pegasus-plan_ID0000020,None,compute,0,1676674988.0,,,1676674994.0,1676675063.0,1676675095.0,69171075.5,1676675098.0,1676675444.0,1676675396.0,1676675400.0,252.0,1676675444.0,1676675449.0,6.0,,104.0,346.0,5.0,32.0,1691153157.0,4.0,1060.0,poseidon,condorpool,poseidon-worker-3-container-8-15,xgboost_hp_tuning,/srv/xgboost_hp_tuning,,1551.0,0,0,0.0,1346554901.0,40.0,3724.0,2.0,1486.0,53.4,4643292.8,4.0
xgboost_hp_tuning_ID0000006_pegasus-plan_ID0000020,None,compute,0,1676674988.0,,,1676674994.0,1676675102.0,1676675134.0,69352349.1,1676675137.0,1676675544.0,1676675496.0,1676675500.0,257.0,1676675544.0,1676675549.0,6.0,,143.0,407.0,5.0,32.0,1691153157.0,4.0,1065.0,poseidon,condorpool,poseidon-worker-3-container-16-23,xgboost_hp_tuning,/srv/xgboost_hp_tuning,,2073.3,0,0,0.1,1346578220.0,40.0,3814.0,2.0,1991.7,59.0,3847366.3,4.0
stage_out_local_condorpool_0_1_pegasus-plan_ID0000016,None,transfer,0,1676675077.0,,,1676675082.0,,,0.0,1676675082.0,1676675092.0,1676675082.0,1676675086.0,2097.0,1676675092.0,1676675097.0,5.0,,0.0,10.0,5.0,,,4.0,8497.0,poseidon,local,host-10-100-100-12.openstacklocal,pegasus::transfer,/home/poseidon/pegasus-5.1.0panorama/bin/pegasus-transfer,/home/poseidon/pegasus-5.1.0panorama/bin/../bin/pegasus-kickstart  -n pegasus::transfer -N null -i - -R local  -L xgboost_hp_tuning_group_1 -T 2023-02-17T23:02:03+00:00 /home/poseidon/pegasus-5.1.0panorama/bin/../bin/pegasus-transfer  --threads 2,1.1,0,0,,,,,,,,,
stage_out_local_condorpool_0_0_pegasus-plan_ID0000016,None,transfer,0,1676675087.0,,,1676675092.0,,,0.0,1676675092.0,1676675102.0,1676675093.0,1676675097.0,2094.0,1676675102.0,1676675107.0,5.0,,0.0,10.0,5.0,,,4.0,8456.0,poseidon,local,host-10-100-100-12.openstacklocal,pegasus::transfer,/home/poseidon/pegasus-5.1.0panorama/bin/pegasus-transfer,/home/poseidon/pegasus-5.1.0panorama/bin/../bin/pegasus-kickstart  -n pegasus::transfer -N null -i - -R local  -L xgboost_hp_tuning_group_1 -T 2023-02-17T23:02:03+00:00 /home/poseidon/pegasus-5.1.0panorama/bin/../bin/pegasus-transfer  --threads 2,1.1,0,0,,,,,,,,,
stage_out_local_condorpool_0_2_pegasus-plan_ID0000016,None,transfer,0,1676675097.0,,,1676675102.0,,,0.0,1676675102.0,1676675117.0,1676675103.0,1676675107.0,1838.0,1676675117.0,1676675122.0,5.0,,0.0,15.0,5.0,,,4.0,7421.0,poseidon,local,host-10-100-100-12.openstacklocal,pegasus::transfer,/home/poseidon/pegasus-5.1.0panorama/bin/pegasus-transfer,/home/poseidon/pegasus-5.1.0panorama/bin/../bin/pegasus-kickstart  -n pegasus::transfer -N null -i - -R local  -L xgboost_hp_tuning_group_1 -T 2023-02-17T23:02:03+00:00 /home/poseidon/pegasus-5.1.0panorama/bin/../bin/pegasus-transfer  --threads 2,1.0,0,0,,,,,,,,,
xgboost_best_params_ID0000024_pegasus-plan_ID0000016,None,compute,0,1676675097.0,,,1676675102.0,1676675072.0,1676675090.0,33374693.2,1676675107.0,1676675147.0,1676675096.0,1676675101.0,247.0,1676675147.0,1676675152.0,5.0,,5.0,40.0,5.0,18.0,368018643.0,5.0,1061.0,poseidon,condorpool,poseidon-worker-1-container-32-39,xgboost_best_params,/srv/xgboost_best_params,,0.0,0,0,,,,,,,,,
register_condorpool_0_1_pegasus-plan_ID0000016,None,auxiliary,0,1676675097.0,,,1676675102.0,,,0.0,1676675102.0,1676675107.0,,,0.0,1676675107.0,1676675112.0,5.0,,0.0,5.0,5.0,,,,,poseidon,local,host-10-100-100-12.openstacklocal,pegasus::rc-client,/home/poseidon/pegasus-5.1.0panorama/bin/pegasus-rc-client,"-n pegasus::rc-client -N null -R local  -L xgboost_hp_tuning_group_1 -T 2023-02-17T23:02:03+00:00 /home/poseidon/pegasus-5.1.0panorama/bin/pegasus-rc-client --prefix pegasus.catalog.replica.output --conf /home/poseidon/workflows/predict-future-sales-workflow/submit/poseidon/pegasus/predict-future-sales/run0005/00/00/./xgboost_hp_tuning_group_1.000/pegasus.11677602521166894396.properties -v --meta /home/poseidon/workflows/predict-future-sales-workflow/submit/poseidon/pegasus/predict-future-sales/run0005/00/00/./xgboost_hp_tuning_group_1.000/00/00/xgboost_hp_tuning_ID0000019.meta,/home/poseidon/workflows/predict-future-sales-workflow/submit/poseidon/pegasus/predict-future-sales/run0005/00/00/./xgboost_hp_tuning_group_1.000/00/00/xgboost_hp_tuning_ID0000003.meta,/home/poseidon/workflows/predict-future-sales-workflow/submit/poseidon/pegasus/predict-future-sales/run0005/00/00/./xgboost_hp_tuning_group_1.000/00/00/xgboost_hp_tuning_ID0000006.meta,/home/poseidon/workflows/predict-future-sales-workflow/submit/poseidon/pegasus/predict-future-sales/run0005/00/00/./xgboost_hp_tuning_group_1.000/00/00/xgboost_hp_tuning_ID0000016.meta,/home/poseidon/workflows/predict-future-sales-workflow/submit/poseidon/pegasus/predict-future-sales/run0005/00/00/./xgboost_hp_tuning_group_1.000/00/00/xgboost_hp_tuning_ID0000013.meta,/home/poseidon/workflows/predict-future-sales-workflow/submit/poseidon/pegasus/predict-future-sales/run0005/00/00/./xgboost_hp_tuning_group_1.000/00/00/xgboost_hp_tuning_ID0000023.meta,/home/poseidon/workflows/predict-future-sales-workflow/submit/poseidon/pegasus/predict-future-sales/run0005/00/00/./xgboost_hp_tuning_group_1.000/00/00/xgboost_hp_tuning_ID0000011.meta,/home/poseidon/workflows/predict-future-sales-workflow/submit/poseidon/pegasus/predict-future-sales/run0005/00/00/./xgboost_hp_tuning_group_1.000/00/00/xgboost_hp_tuning_ID0000021.meta --insert /home/poseidon/workflows/predict-future-sales-workflow/submit/poseidon/pegasus/predict-future-sales/run0005/00/00/./xgboost_hp_tuning_group_1.000/00/00/register_condorpool_0_1.in",3.2,0,0,,,,,,,,,
register_condorpool_0_0_pegasus-plan_ID0000016,None,auxiliary,0,1676675107.0,,,1676675112.0,,,0.0,1676675112.0,1676675117.0,,,0.0,1676675117.0,1676675122.0,5.0,,0.0,5.0,5.0,,,,,poseidon,local,host-10-100-100-12.openstacklocal,pegasus::rc-client,/home/poseidon/pegasus-5.1.0panorama/bin/pegasus-rc-client,"-n pegasus::rc-client -N null -R local  -L xgboost_hp_tuning_group_1 -T 2023-02-17T23:02:03+00:00 /home/poseidon/pegasus-5.1.0panorama/bin/pegasus-rc-client --prefix pegasus.catalog.replica.output --conf /home/poseidon/workflows/predict-future-sales-workflow/submit/poseidon/pegasus/predict-future-sales/run0005/00/00/./xgboost_hp_tuning_group_1.000/pegasus.11677602521166894396.properties -v --meta /home/poseidon/workflows/predict-future-sales-workflow/submit/poseidon/pegasus/predict-future-sales/run0005/00/00/./xgboost_hp_tuning_group_1.000/00/00/xgboost_hp_tuning_ID0000018.meta,/home/poseidon/workflows/predict-future-sales-workflow/submit/poseidon/pegasus/predict-future-sales/run0005/00/00/./xgboost_hp_tuning_group_1.000/00/00/xgboost_hp_tuning_ID0000009.meta,/home/poseidon/workflows/predict-future-sales-workflow/submit/poseidon/pegasus/predict-future-sales/run0005/00/00/./xgboost_hp_tuning_group_1.000/00/00/xgboost_hp_tuning_ID0000012.meta,/home/poseidon/workflows/predict-future-sales-workflow/submit/poseidon/pegasus/predict-future-sales/run0005/00/00/./xgboost_hp_tuning_group_1.000/00/00/xgboost_hp_tuning_ID0000008.meta,/home/poseidon/workflows/predict-future-sales-workflow/submit/poseidon/pegasus/predict-future-sales/run0005/00/00/./xgboost_hp_tuning_group_1.000/00/00/xgboost_hp_tuning_ID0000010.meta,/home/poseidon/workflows/predict-future-sales-workflow/submit/poseidon/pegasus/predict-future-sales/run0005/00/00/./xgboost_hp_tuning_group_1.000/00/00/xgboost_hp_tuning_ID0000002.meta,/home/poseidon/workflows/predict-future-sales-workflow/submit/poseidon/pegasus/predict-future-sales/run0005/00/00/./xgboost_hp_tuning_group_1.000/00/00/xgboost_hp_tuning_ID0000005.meta,/home/poseidon/workflows/predict-future-sales-workflow/submit/poseidon/pegasus/predict-future-sales/run0005/00/00/./xgboost_hp_tuning_group_1.000/00/00/xgboost_hp_tuning_ID0000015.meta --insert /home/poseidon/workflows/predict-future-sales-workflow/submit/poseidon/pegasus/predict-future-sales/run0005/00/00/./xgboost_hp_tuning_group_1.000/00/00/register_condorpool_0_0.in",3.0,0,0,,,,,,,,,
register_condorpool_0_2_pegasus-plan_ID0000016,None,auxiliary,0,1676675122.0,,,1676675127.0,,,0.0,1676675127.0,1676675132.0,,,0.0,1676675132.0,1676675137.0,5.0,,0.0,5.0,5.0,,,,,poseidon,local,host-10-100-100-12.openstacklocal,pegasus::rc-client,/home/poseidon/pegasus-5.1.0panorama/bin/pegasus-rc-client,"-n pegasus::rc-client -N null -R local  -L xgboost_hp_tuning_group_1 -T 2023-02-17T23:02:03+00:00 /home/poseidon/pegasus-5.1.0panorama/bin/pegasus-rc-client --prefix pegasus.catalog.replica.output --conf /home/poseidon/workflows/predict-future-sales-workflow/submit/poseidon/pegasus/predict-future-sales/run0005/00/00/./xgboost_hp_tuning_group_1.000/pegasus.11677602521166894396.properties -v --meta /home/poseidon/workflows/predict-future-sales-workflow/submit/poseidon/pegasus/predict-future-sales/run0005/00/00/./xgboost_hp_tuning_group_1.000/00/00/xgboost_hp_tuning_ID0000014.meta,/home/poseidon/workflows/predict-future-sales-workflow/submit/poseidon/pegasus/predict-future-sales/run0005/00/00/./xgboost_hp_tuning_group_1.000/00/00/xgboost_hp_tuning_ID0000001.meta,/home/poseidon/workflows/predict-future-sales-workflow/submit/poseidon/pegasus/predict-future-sales/run0005/00/00/./xgboost_hp_tuning_group_1.000/00/00/xgboost_hp_tuning_ID0000007.meta,/home/poseidon/workflows/predict-future-sales-workflow/submit/poseidon/pegasus/predict-future-sales/run0005/00/00/./xgboost_hp_tuning_group_1.000/00/00/xgboost_hp_tuning_ID0000004.meta,/home/poseidon/workflows/predict-future-sales-workflow/submit/poseidon/pegasus/predict-future-sales/run0005/00/00/./xgboost_hp_tuning_group_1.000/00/00/xgboost_hp_tuning_ID0000022.meta,/home/poseidon/workflows/predict-future-sales-workflow/submit/poseidon/pegasus/predict-future-sales/run0005/00/00/./xgboost_hp_tuning_group_1.000/00/00/xgboost_hp_tuning_ID0000020.meta,/home/poseidon/workflows/predict-future-sales-workflow/submit/poseidon/pegasus/predict-future-sales/run0005/00/00/./xgboost_hp_tuning_group_1.000/00/00/xgboost_hp_tuning_ID0000017.meta --insert /home/poseidon/workflows/predict-future-sales-workflow/submit/poseidon/pegasus/predict-future-sales/run0005/00/00/./xgboost_hp_tuning_group_1.000/00/00/register_condorpool_0_2.in",3.1,0,0,,,,,,,,,
xgboost_best_params_ID0000024_pegasus-plan_ID0000012,None,compute,0,1676675152.0,,,1676675157.0,1676675425.0,1676675442.0,33214653.2,1676675459.0,1676675497.0,1676675449.0,1676675453.0,252.0,1676675497.0,1676675502.0,5.0,,302.0,38.0,5.0,17.0,368018660.0,4.0,1064.0,poseidon,condorpool,poseidon-worker-2-container-32-39,xgboost_best_params,/srv/xgboost_best_params,,0.1,0,0,,,,,,,,,
stage_out_local_condorpool_0_1_pegasus-plan_ID0000012,None,transfer,0,1676675152.0,,,1676675157.0,,,0.0,1676675157.0,1676675167.0,1676675158.0,1676675162.0,2108.0,1676675167.0,1676675172.0,5.0,,0.0,10.0,5.0,,,4.0,8503.0,poseidon,local,host-10-100-100-12.openstacklocal,pegasus::transfer,/home/poseidon/pegasus-5.1.0panorama/bin/pegasus-transfer,/home/poseidon/pegasus-5.1.0panorama/bin/../bin/pegasus-kickstart  -n pegasus::transfer -N null -i - -R local  -L xgboost_hp_tuning_group_0 -T 2023-02-17T23:02:03+00:00 /home/poseidon/pegasus-5.1.0panorama/bin/../bin/pegasus-transfer  --threads 2,1.1,0,0,,,,,,,,,
stage_out_local_condorpool_0_0_pegasus-plan_ID0000012,None,transfer,0,1676675152.0,,,1676675157.0,,,0.0,1676675157.0,1676675167.0,1676675157.0,1676675162.0,2097.0,1676675167.0,1676675172.0,5.0,,0.0,10.0,5.0,,,5.0,8461.0,poseidon,local,host-10-100-100-12.openstacklocal,pegasus::transfer,/home/poseidon/pegasus-5.1.0panorama/bin/pegasus-transfer,/home/poseidon/pegasus-5.1.0panorama/bin/../bin/pegasus-kickstart  -n pegasus::transfer -N null -i - -R local  -L xgboost_hp_tuning_group_0 -T 2023-02-17T23:02:03+00:00 /home/poseidon/pegasus-5.1.0panorama/bin/../bin/pegasus-transfer  --threads 2,1.1,0,0,,,,,,,,,
stage_out_local_condorpool_0_2_pegasus-plan_ID0000012,None,transfer,0,1676675152.0,,,1676675157.0,,,0.0,1676675157.0,1676675167.0,1676675158.0,1676675162.0,1841.0,1676675167.0,1676675172.0,5.0,,0.0,10.0,5.0,,,4.0,7427.0,poseidon,local,host-10-100-100-12.openstacklocal,pegasus::transfer,/home/poseidon/pegasus-5.1.0panorama/bin/pegasus-transfer,/home/poseidon/pegasus-5.1.0panorama/bin/../bin/pegasus-kickstart  -n pegasus::transfer -N null -i - -R local  -L xgboost_hp_tuning_group_0 -T 2023-02-17T23:02:03+00:00 /home/poseidon/pegasus-5.1.0panorama/bin/../bin/pegasus-transfer  --threads 2,1.0,0,0,,,,,,,,,
stage_out_local_condorpool_1_0_pegasus-plan_ID0000016,None,transfer,0,1676675152.0,,,1676675157.0,,,0.0,1676675164.0,1676675177.0,1676675164.0,1676675168.0,1210.0,1676675177.0,1676675182.0,5.0,,7.0,13.0,5.0,,,4.0,5305.0,poseidon,local,host-10-100-100-12.openstacklocal,pegasus::transfer,/home/poseidon/pegasus-5.1.0panorama/bin/pegasus-transfer,/home/poseidon/pegasus-5.1.0panorama/bin/../bin/pegasus-kickstart  -n pegasus::transfer -N null -i - -R local  -L xgboost_hp_tuning_group_1 -T 2023-02-17T23:02:03+00:00 /home/poseidon/pegasus-5.1.0panorama/bin/../bin/pegasus-transfer  --threads 2,0.7,0,0,,,,,,,,,
register_condorpool_0_1_pegasus-plan_ID0000012,None,auxiliary,0,1676675172.0,,,1676675187.0,,,0.0,1676675187.0,1676675192.0,,,0.0,1676675192.0,1676675197.0,15.0,,0.0,5.0,5.0,,,,,poseidon,local,host-10-100-100-12.openstacklocal,pegasus::rc-client,/home/poseidon/pegasus-5.1.0panorama/bin/pegasus-rc-client,"-n pegasus::rc-client -N null -R local  -L xgboost_hp_tuning_group_0 -T 2023-02-17T23:02:03+00:00 /home/poseidon/pegasus-5.1.0panorama/bin/pegasus-rc-client --prefix pegasus.catalog.replica.output --conf /home/poseidon/workflows/predict-future-sales-workflow/submit/poseidon/pegasus/predict-future-sales/run0005/00/00/./xgboost_hp_tuning_group_0.000/pegasus.17468702234611998960.properties -v --meta /home/poseidon/workflows/predict-future-sales-workflow/submit/poseidon/pegasus/predict-future-sales/run0005/00/00/./xgboost_hp_tuning_group_0.000/00/00/xgboost_hp_tuning_ID0000019.meta,/home/poseidon/workflows/predict-future-sales-workflow/submit/poseidon/pegasus/predict-future-sales/run0005/00/00/./xgboost_hp_tuning_group_0.000/00/00/xgboost_hp_tuning_ID0000003.meta,/home/poseidon/workflows/predict-future-sales-workflow/submit/poseidon/pegasus/predict-future-sales/run0005/00/00/./xgboost_hp_tuning_group_0.000/00/00/xgboost_hp_tuning_ID0000006.meta,/home/poseidon/workflows/predict-future-sales-workflow/submit/poseidon/pegasus/predict-future-sales/run0005/00/00/./xgboost_hp_tuning_group_0.000/00/00/xgboost_hp_tuning_ID0000016.meta,/home/poseidon/workflows/predict-future-sales-workflow/submit/poseidon/pegasus/predict-future-sales/run0005/00/00/./xgboost_hp_tuning_group_0.000/00/00/xgboost_hp_tuning_ID0000013.meta,/home/poseidon/workflows/predict-future-sales-workflow/submit/poseidon/pegasus/predict-future-sales/run0005/00/00/./xgboost_hp_tuning_group_0.000/00/00/xgboost_hp_tuning_ID0000023.meta,/home/poseidon/workflows/predict-future-sales-workflow/submit/poseidon/pegasus/predict-future-sales/run0005/00/00/./xgboost_hp_tuning_group_0.000/00/00/xgboost_hp_tuning_ID0000011.meta,/home/poseidon/workflows/predict-future-sales-workflow/submit/poseidon/pegasus/predict-future-sales/run0005/00/00/./xgboost_hp_tuning_group_0.000/00/00/xgboost_hp_tuning_ID0000021.meta --insert /home/poseidon/workflows/predict-future-sales-workflow/submit/poseidon/pegasus/predict-future-sales/run0005/00/00/./xgboost_hp_tuning_group_0.000/00/00/register_condorpool_0_1.in",3.0,0,0,,,,,,,,,
register_condorpool_0_0_pegasus-plan_ID0000012,None,auxiliary,0,1676675172.0,,,1676675177.0,,,0.0,1676675177.0,1676675182.0,,,0.0,1676675182.0,1676675187.0,5.0,,0.0,5.0,5.0,,,,,poseidon,local,host-10-100-100-12.openstacklocal,pegasus::rc-client,/home/poseidon/pegasus-5.1.0panorama/bin/pegasus-rc-client,"-n pegasus::rc-client -N null -R local  -L xgboost_hp_tuning_group_0 -T 2023-02-17T23:02:03+00:00 /home/poseidon/pegasus-5.1.0panorama/bin/pegasus-rc-client --prefix pegasus.catalog.replica.output --conf /home/poseidon/workflows/predict-future-sales-workflow/submit/poseidon/pegasus/predict-future-sales/run0005/00/00/./xgboost_hp_tuning_group_0.000/pegasus.17468702234611998960.properties -v --meta /home/poseidon/workflows/predict-future-sales-workflow/submit/poseidon/pegasus/predict-future-sales/run0005/00/00/./xgboost_hp_tuning_group_0.000/00/00/xgboost_hp_tuning_ID0000018.meta,/home/poseidon/workflows/predict-future-sales-workflow/submit/poseidon/pegasus/predict-future-sales/run0005/00/00/./xgboost_hp_tuning_group_0.000/00/00/xgboost_hp_tuning_ID0000009.meta,/home/poseidon/workflows/predict-future-sales-workflow/submit/poseidon/pegasus/predict-future-sales/run0005/00/00/./xgboost_hp_tuning_group_0.000/00/00/xgboost_hp_tuning_ID0000012.meta,/home/poseidon/workflows/predict-future-sales-workflow/submit/poseidon/pegasus/predict-future-sales/run0005/00/00/./xgboost_hp_tuning_group_0.000/00/00/xgboost_hp_tuning_ID0000008.meta,/home/poseidon/workflows/predict-future-sales-workflow/submit/poseidon/pegasus/predict-future-sales/run0005/00/00/./xgboost_hp_tuning_group_0.000/00/00/xgboost_hp_tuning_ID0000010.meta,/home/poseidon/workflows/predict-future-sales-workflow/submit/poseidon/pegasus/predict-future-sales/run0005/00/00/./xgboost_hp_tuning_group_0.000/00/00/xgboost_hp_tuning_ID0000002.meta,/home/poseidon/workflows/predict-future-sales-workflow/submit/poseidon/pegasus/predict-future-sales/run0005/00/00/./xgboost_hp_tuning_group_0.000/00/00/xgboost_hp_tuning_ID0000005.meta,/home/poseidon/workflows/predict-future-sales-workflow/submit/poseidon/pegasus/predict-future-sales/run0005/00/00/./xgboost_hp_tuning_group_0.000/00/00/xgboost_hp_tuning_ID0000015.meta --insert /home/poseidon/workflows/predict-future-sales-workflow/submit/poseidon/pegasus/predict-future-sales/run0005/00/00/./xgboost_hp_tuning_group_0.000/00/00/register_condorpool_0_0.in",3.1,0,0,,,,,,,,,
register_condorpool_0_2_pegasus-plan_ID0000012,None,auxiliary,0,1676675172.0,,,1676675197.0,,,0.0,1676675197.0,1676675202.0,,,0.0,1676675202.0,1676675207.0,25.0,,0.0,5.0,5.0,,,,,poseidon,local,host-10-100-100-12.openstacklocal,pegasus::rc-client,/home/poseidon/pegasus-5.1.0panorama/bin/pegasus-rc-client,"-n pegasus::rc-client -N null -R local  -L xgboost_hp_tuning_group_0 -T 2023-02-17T23:02:03+00:00 /home/poseidon/pegasus-5.1.0panorama/bin/pegasus-rc-client --prefix pegasus.catalog.replica.output --conf /home/poseidon/workflows/predict-future-sales-workflow/submit/poseidon/pegasus/predict-future-sales/run0005/00/00/./xgboost_hp_tuning_group_0.000/pegasus.17468702234611998960.properties -v --meta /home/poseidon/workflows/predict-future-sales-workflow/submit/poseidon/pegasus/predict-future-sales/run0005/00/00/./xgboost_hp_tuning_group_0.000/00/00/xgboost_hp_tuning_ID0000014.meta,/home/poseidon/workflows/predict-future-sales-workflow/submit/poseidon/pegasus/predict-future-sales/run0005/00/00/./xgboost_hp_tuning_group_0.000/00/00/xgboost_hp_tuning_ID0000001.meta,/home/poseidon/workflows/predict-future-sales-workflow/submit/poseidon/pegasus/predict-future-sales/run0005/00/00/./xgboost_hp_tuning_group_0.000/00/00/xgboost_hp_tuning_ID0000007.meta,/home/poseidon/workflows/predict-future-sales-workflow/submit/poseidon/pegasus/predict-future-sales/run0005/00/00/./xgboost_hp_tuning_group_0.000/00/00/xgboost_hp_tuning_ID0000004.meta,/home/poseidon/workflows/predict-future-sales-workflow/submit/poseidon/pegasus/predict-future-sales/run0005/00/00/./xgboost_hp_tuning_group_0.000/00/00/xgboost_hp_tuning_ID0000022.meta,/home/poseidon/workflows/predict-future-sales-workflow/submit/poseidon/pegasus/predict-future-sales/run0005/00/00/./xgboost_hp_tuning_group_0.000/00/00/xgboost_hp_tuning_ID0000020.meta,/home/poseidon/workflows/predict-future-sales-workflow/submit/poseidon/pegasus/predict-future-sales/run0005/00/00/./xgboost_hp_tuning_group_0.000/00/00/xgboost_hp_tuning_ID0000017.meta --insert /home/poseidon/workflows/predict-future-sales-workflow/submit/poseidon/pegasus/predict-future-sales/run0005/00/00/./xgboost_hp_tuning_group_0.000/00/00/register_condorpool_0_2.in",3.0,0,0,,,,,,,,,
register_condorpool_1_0_pegasus-plan_ID0000016,None,auxiliary,0,1676675182.0,,,1676675187.0,,,0.0,1676675188.0,1676675192.0,,,0.0,1676675192.0,1676675197.0,5.0,,1.0,4.0,5.0,,,,,poseidon,local,host-10-100-100-12.openstacklocal,pegasus::rc-client,/home/poseidon/pegasus-5.1.0panorama/bin/pegasus-rc-client,-n pegasus::rc-client -N null -R local  -L xgboost_hp_tuning_group_1 -T 2023-02-17T23:02:03+00:00 /home/poseidon/pegasus-5.1.0panorama/bin/pegasus-rc-client --prefix pegasus.catalog.replica.output --conf /home/poseidon/workflows/predict-future-sales-workflow/submit/poseidon/pegasus/predict-future-sales/run0005/00/00/./xgboost_hp_tuning_group_1.000/pegasus.11677602521166894396.properties -v --meta /home/poseidon/workflows/predict-future-sales-workflow/submit/poseidon/pegasus/predict-future-sales/run0005/00/00/./xgboost_hp_tuning_group_1.000/00/00/xgboost_best_params_ID0000024.meta --insert /home/poseidon/workflows/predict-future-sales-workflow/submit/poseidon/pegasus/predict-future-sales/run0005/00/00/./xgboost_hp_tuning_group_1.000/00/00/register_condorpool_1_0.in,3.1,0,0,,,,,,,,,
xgboost_model_ID0000017,None,compute,0,1676675197.0,,,1676675202.0,1676675409.0,1676675428.0,42587592.2,1676675443.0,1676675488.0,1676675438.0,1676675442.0,63844.0,1676675488.0,1676675493.0,5.0,,241.0,45.0,5.0,19.0,377645128.0,4.0,278078.0,poseidon,condorpool,poseidon-worker-3-container-8-15,xgboost_model,/srv/xgboost_model,,7.7,0,0,,,,,,,,,
model_predict_ID0000018,None,compute,0,1676675493.0,,,1676675498.0,1676675481.0,1676675498.0,41772759.8,1676675515.0,1676675553.0,1676675506.0,1676675510.0,5862.0,1676675553.0,1676675558.0,5.0,,17.0,38.0,5.0,17.0,368380544.0,4.0,25035.0,poseidon,condorpool,poseidon-worker-1-container-24-31,model_predict,/srv/model_predict,,2.6,0,0,,,,,,,,,
stage_out_local_condorpool_1_0_pegasus-plan_ID0000012,None,transfer,0,1676675502.0,,,1676675507.0,,,0.0,1676675508.0,1676675517.0,1676675508.0,1676675512.0,1230.0,1676675517.0,1676675522.0,5.0,,1.0,9.0,5.0,,,4.0,5320.0,poseidon,local,host-10-100-100-12.openstacklocal,pegasus::transfer,/home/poseidon/pegasus-5.1.0panorama/bin/pegasus-transfer,/home/poseidon/pegasus-5.1.0panorama/bin/../bin/pegasus-kickstart  -n pegasus::transfer -N null -i - -R local  -L xgboost_hp_tuning_group_0 -T 2023-02-17T23:02:03+00:00 /home/poseidon/pegasus-5.1.0panorama/bin/../bin/pegasus-transfer  --threads 2,0.7,0,0,,,,,,,,,
register_condorpool_1_0_pegasus-plan_ID0000012,None,auxiliary,0,1676675522.0,,,1676675527.0,,,0.0,1676675527.0,1676675532.0,,,0.0,1676675532.0,1676675537.0,5.0,,0.0,5.0,5.0,,,,,poseidon,local,host-10-100-100-12.openstacklocal,pegasus::rc-client,/home/poseidon/pegasus-5.1.0panorama/bin/pegasus-rc-client,-n pegasus::rc-client -N null -R local  -L xgboost_hp_tuning_group_0 -T 2023-02-17T23:02:03+00:00 /home/poseidon/pegasus-5.1.0panorama/bin/pegasus-rc-client --prefix pegasus.catalog.replica.output --conf /home/poseidon/workflows/predict-future-sales-workflow/submit/poseidon/pegasus/predict-future-sales/run0005/00/00/./xgboost_hp_tuning_group_0.000/pegasus.17468702234611998960.properties -v --meta /home/poseidon/workflows/predict-future-sales-workflow/submit/poseidon/pegasus/predict-future-sales/run0005/00/00/./xgboost_hp_tuning_group_0.000/00/00/xgboost_best_params_ID0000024.meta --insert /home/poseidon/workflows/predict-future-sales-workflow/submit/poseidon/pegasus/predict-future-sales/run0005/00/00/./xgboost_hp_tuning_group_0.000/00/00/register_condorpool_1_0.in,3.0,0,0,,,,,,,,,
xgboost_model_ID0000013,None,compute,0,1676675538.0,,,1676675543.0,1676675510.0,1676675531.0,45780513.2,1676675545.0,1676675593.0,1676675545.0,1676675550.0,239656.0,1676675593.0,1676675598.0,5.0,,2.0,48.0,5.0,21.0,502671194.0,5.0,1079368.0,poseidon,condorpool,poseidon-worker-2-container-16-23,xgboost_model,/srv/xgboost_model,,28.8,0,0,,,,,,,,,
model_predict_ID0000014,None,compute,0,1676675598.0,,,1676675603.0,1676675570.0,1676675587.0,42069026.5,1676675605.0,1676675644.0,1676675595.0,1676675599.0,104731.0,1676675644.0,1676675649.0,5.0,,2.0,39.0,5.0,17.0,371266658.0,4.0,451213.0,poseidon,condorpool,poseidon-worker-3-container-32-39,model_predict,/srv/model_predict,,2.5,0,0,,,,,,,,,
stage_out_local_condorpool_0_1_pegasus-plan_ID0000020,None,transfer,0,1676675880.0,,,1676675885.0,,,0.0,1676675885.0,1676675900.0,1676675886.0,1676675890.0,2107.0,1676675900.0,1676675905.0,5.0,,0.0,15.0,5.0,,,4.0,8499.0,poseidon,local,host-10-100-100-12.openstacklocal,pegasus::transfer,/home/poseidon/pegasus-5.1.0panorama/bin/pegasus-transfer,/home/poseidon/pegasus-5.1.0panorama/bin/../bin/pegasus-kickstart  -n pegasus::transfer -N null -i - -R local  -L xgboost_hp_tuning_group_2 -T 2023-02-17T23:02:09+00:00 /home/poseidon/pegasus-5.1.0panorama/bin/../bin/pegasus-transfer  --threads 2,1.0,0,0,,,,,,,,,
stage_out_local_condorpool_0_0_pegasus-plan_ID0000020,None,transfer,0,1676675885.0,,,1676675890.0,,,0.0,1676675891.0,1676675905.0,1676675892.0,1676675896.0,2099.0,1676675905.0,1676675910.0,5.0,,1.0,14.0,5.0,,,4.0,8470.0,poseidon,local,host-10-100-100-12.openstacklocal,pegasus::transfer,/home/poseidon/pegasus-5.1.0panorama/bin/pegasus-transfer,/home/poseidon/pegasus-5.1.0panorama/bin/../bin/pegasus-kickstart  -n pegasus::transfer -N null -i - -R local  -L xgboost_hp_tuning_group_2 -T 2023-02-17T23:02:09+00:00 /home/poseidon/pegasus-5.1.0panorama/bin/../bin/pegasus-transfer  --threads 2,1.0,0,0,,,,,,,,,
xgboost_best_params_ID0000024_pegasus-plan_ID0000020,None,compute,0,1676675895.0,,,1676675900.0,1676675867.0,1676675884.0,33216006.0,1676675901.0,1676675940.0,1676675891.0,1676675895.0,254.0,1676675940.0,1676675945.0,5.0,,1.0,39.0,5.0,17.0,368018669.0,4.0,1060.0,poseidon,condorpool,poseidon-worker-1-container-40-47,xgboost_best_params,/srv/xgboost_best_params,,0.0,0,0,,,,,,,,,
stage_out_local_condorpool_0_2_pegasus-plan_ID0000020,None,transfer,0,1676675895.0,,,1676675900.0,,,0.0,1676675900.0,1676675910.0,1676675900.0,1676675904.0,1842.0,1676675910.0,1676675915.0,5.0,,0.0,10.0,5.0,,,4.0,7431.0,poseidon,local,host-10-100-100-12.openstacklocal,pegasus::transfer,/home/poseidon/pegasus-5.1.0panorama/bin/pegasus-transfer,/home/poseidon/pegasus-5.1.0panorama/bin/../bin/pegasus-kickstart  -n pegasus::transfer -N null -i - -R local  -L xgboost_hp_tuning_group_2 -T 2023-02-17T23:02:09+00:00 /home/poseidon/pegasus-5.1.0panorama/bin/../bin/pegasus-transfer  --threads 2,1.0,0,0,,,,,,,,,
register_condorpool_0_1_pegasus-plan_ID0000020,None,auxiliary,0,1676675905.0,,,1676675910.0,,,0.0,1676675910.0,1676675915.0,,,0.0,1676675915.0,1676675920.0,5.0,,0.0,5.0,5.0,,,,,poseidon,local,host-10-100-100-12.openstacklocal,pegasus::rc-client,/home/poseidon/pegasus-5.1.0panorama/bin/pegasus-rc-client,"-n pegasus::rc-client -N null -R local  -L xgboost_hp_tuning_group_2 -T 2023-02-17T23:02:09+00:00 /home/poseidon/pegasus-5.1.0panorama/bin/pegasus-rc-client --prefix pegasus.catalog.replica.output --conf /home/poseidon/workflows/predict-future-sales-workflow/submit/poseidon/pegasus/predict-future-sales/run0005/00/00/./xgboost_hp_tuning_group_2.000/pegasus.5411651758968690418.properties -v --meta /home/poseidon/workflows/predict-future-sales-workflow/submit/poseidon/pegasus/predict-future-sales/run0005/00/00/./xgboost_hp_tuning_group_2.000/00/00/xgboost_hp_tuning_ID0000019.meta,/home/poseidon/workflows/predict-future-sales-workflow/submit/poseidon/pegasus/predict-future-sales/run0005/00/00/./xgboost_hp_tuning_group_2.000/00/00/xgboost_hp_tuning_ID0000003.meta,/home/poseidon/workflows/predict-future-sales-workflow/submit/poseidon/pegasus/predict-future-sales/run0005/00/00/./xgboost_hp_tuning_group_2.000/00/00/xgboost_hp_tuning_ID0000006.meta,/home/poseidon/workflows/predict-future-sales-workflow/submit/poseidon/pegasus/predict-future-sales/run0005/00/00/./xgboost_hp_tuning_group_2.000/00/00/xgboost_hp_tuning_ID0000016.meta,/home/poseidon/workflows/predict-future-sales-workflow/submit/poseidon/pegasus/predict-future-sales/run0005/00/00/./xgboost_hp_tuning_group_2.000/00/00/xgboost_hp_tuning_ID0000013.meta,/home/poseidon/workflows/predict-future-sales-workflow/submit/poseidon/pegasus/predict-future-sales/run0005/00/00/./xgboost_hp_tuning_group_2.000/00/00/xgboost_hp_tuning_ID0000023.meta,/home/poseidon/workflows/predict-future-sales-workflow/submit/poseidon/pegasus/predict-future-sales/run0005/00/00/./xgboost_hp_tuning_group_2.000/00/00/xgboost_hp_tuning_ID0000011.meta,/home/poseidon/workflows/predict-future-sales-workflow/submit/poseidon/pegasus/predict-future-sales/run0005/00/00/./xgboost_hp_tuning_group_2.000/00/00/xgboost_hp_tuning_ID0000021.meta --insert /home/poseidon/workflows/predict-future-sales-workflow/submit/poseidon/pegasus/predict-future-sales/run0005/00/00/./xgboost_hp_tuning_group_2.000/00/00/register_condorpool_0_1.in",3.0,0,0,,,,,,,,,
register_condorpool_0_0_pegasus-plan_ID0000020,None,auxiliary,0,1676675910.0,,,1676675920.0,,,0.0,1676675921.0,1676675925.0,,,0.0,1676675925.0,1676675930.0,10.0,,1.0,4.0,5.0,,,,,poseidon,local,host-10-100-100-12.openstacklocal,pegasus::rc-client,/home/poseidon/pegasus-5.1.0panorama/bin/pegasus-rc-client,"-n pegasus::rc-client -N null -R local  -L xgboost_hp_tuning_group_2 -T 2023-02-17T23:02:09+00:00 /home/poseidon/pegasus-5.1.0panorama/bin/pegasus-rc-client --prefix pegasus.catalog.replica.output --conf /home/poseidon/workflows/predict-future-sales-workflow/submit/poseidon/pegasus/predict-future-sales/run0005/00/00/./xgboost_hp_tuning_group_2.000/pegasus.5411651758968690418.properties -v --meta /home/poseidon/workflows/predict-future-sales-workflow/submit/poseidon/pegasus/predict-future-sales/run0005/00/00/./xgboost_hp_tuning_group_2.000/00/00/xgboost_hp_tuning_ID0000018.meta,/home/poseidon/workflows/predict-future-sales-workflow/submit/poseidon/pegasus/predict-future-sales/run0005/00/00/./xgboost_hp_tuning_group_2.000/00/00/xgboost_hp_tuning_ID0000009.meta,/home/poseidon/workflows/predict-future-sales-workflow/submit/poseidon/pegasus/predict-future-sales/run0005/00/00/./xgboost_hp_tuning_group_2.000/00/00/xgboost_hp_tuning_ID0000012.meta,/home/poseidon/workflows/predict-future-sales-workflow/submit/poseidon/pegasus/predict-future-sales/run0005/00/00/./xgboost_hp_tuning_group_2.000/00/00/xgboost_hp_tuning_ID0000008.meta,/home/poseidon/workflows/predict-future-sales-workflow/submit/poseidon/pegasus/predict-future-sales/run0005/00/00/./xgboost_hp_tuning_group_2.000/00/00/xgboost_hp_tuning_ID0000010.meta,/home/poseidon/workflows/predict-future-sales-workflow/submit/poseidon/pegasus/predict-future-sales/run0005/00/00/./xgboost_hp_tuning_group_2.000/00/00/xgboost_hp_tuning_ID0000002.meta,/home/poseidon/workflows/predict-future-sales-workflow/submit/poseidon/pegasus/predict-future-sales/run0005/00/00/./xgboost_hp_tuning_group_2.000/00/00/xgboost_hp_tuning_ID0000005.meta,/home/poseidon/workflows/predict-future-sales-workflow/submit/poseidon/pegasus/predict-future-sales/run0005/00/00/./xgboost_hp_tuning_group_2.000/00/00/xgboost_hp_tuning_ID0000015.meta --insert /home/poseidon/workflows/predict-future-sales-workflow/submit/poseidon/pegasus/predict-future-sales/run0005/00/00/./xgboost_hp_tuning_group_2.000/00/00/register_condorpool_0_0.in",3.1,0,0,,,,,,,,,
register_condorpool_0_2_pegasus-plan_ID0000020,None,auxiliary,0,1676675915.0,,,1676675930.0,,,0.0,1676675930.0,1676675935.0,,,0.0,1676675935.0,1676675940.0,15.0,,0.0,5.0,5.0,,,,,poseidon,local,host-10-100-100-12.openstacklocal,pegasus::rc-client,/home/poseidon/pegasus-5.1.0panorama/bin/pegasus-rc-client,"-n pegasus::rc-client -N null -R local  -L xgboost_hp_tuning_group_2 -T 2023-02-17T23:02:09+00:00 /home/poseidon/pegasus-5.1.0panorama/bin/pegasus-rc-client --prefix pegasus.catalog.replica.output --conf /home/poseidon/workflows/predict-future-sales-workflow/submit/poseidon/pegasus/predict-future-sales/run0005/00/00/./xgboost_hp_tuning_group_2.000/pegasus.5411651758968690418.properties -v --meta /home/poseidon/workflows/predict-future-sales-workflow/submit/poseidon/pegasus/predict-future-sales/run0005/00/00/./xgboost_hp_tuning_group_2.000/00/00/xgboost_hp_tuning_ID0000014.meta,/home/poseidon/workflows/predict-future-sales-workflow/submit/poseidon/pegasus/predict-future-sales/run0005/00/00/./xgboost_hp_tuning_group_2.000/00/00/xgboost_hp_tuning_ID0000001.meta,/home/poseidon/workflows/predict-future-sales-workflow/submit/poseidon/pegasus/predict-future-sales/run0005/00/00/./xgboost_hp_tuning_group_2.000/00/00/xgboost_hp_tuning_ID0000007.meta,/home/poseidon/workflows/predict-future-sales-workflow/submit/poseidon/pegasus/predict-future-sales/run0005/00/00/./xgboost_hp_tuning_group_2.000/00/00/xgboost_hp_tuning_ID0000004.meta,/home/poseidon/workflows/predict-future-sales-workflow/submit/poseidon/pegasus/predict-future-sales/run0005/00/00/./xgboost_hp_tuning_group_2.000/00/00/xgboost_hp_tuning_ID0000022.meta,/home/poseidon/workflows/predict-future-sales-workflow/submit/poseidon/pegasus/predict-future-sales/run0005/00/00/./xgboost_hp_tuning_group_2.000/00/00/xgboost_hp_tuning_ID0000020.meta,/home/poseidon/workflows/predict-future-sales-workflow/submit/poseidon/pegasus/predict-future-sales/run0005/00/00/./xgboost_hp_tuning_group_2.000/00/00/xgboost_hp_tuning_ID0000017.meta --insert /home/poseidon/workflows/predict-future-sales-workflow/submit/poseidon/pegasus/predict-future-sales/run0005/00/00/./xgboost_hp_tuning_group_2.000/00/00/register_condorpool_0_2.in",3.2,0,0,,,,,,,,,
stage_out_local_condorpool_1_0_pegasus-plan_ID0000020,None,transfer,0,1676675945.0,,,1676675950.0,,,0.0,1676675950.0,1676675960.0,1676675950.0,1676675955.0,1253.0,1676675960.0,1676675965.0,5.0,,0.0,10.0,5.0,,,5.0,5300.0,poseidon,local,host-10-100-100-12.openstacklocal,pegasus::transfer,/home/poseidon/pegasus-5.1.0panorama/bin/pegasus-transfer,/home/poseidon/pegasus-5.1.0panorama/bin/../bin/pegasus-kickstart  -n pegasus::transfer -N null -i - -R local  -L xgboost_hp_tuning_group_2 -T 2023-02-17T23:02:09+00:00 /home/poseidon/pegasus-5.1.0panorama/bin/../bin/pegasus-transfer  --threads 2,0.7,0,0,,,,,,,,,
register_condorpool_1_0_pegasus-plan_ID0000020,None,auxiliary,0,1676675965.0,,,1676675970.0,,,0.0,1676675970.0,1676675975.0,,,0.0,1676675975.0,1676675980.0,5.0,,0.0,5.0,5.0,,,,,poseidon,local,host-10-100-100-12.openstacklocal,pegasus::rc-client,/home/poseidon/pegasus-5.1.0panorama/bin/pegasus-rc-client,-n pegasus::rc-client -N null -R local  -L xgboost_hp_tuning_group_2 -T 2023-02-17T23:02:09+00:00 /home/poseidon/pegasus-5.1.0panorama/bin/pegasus-rc-client --prefix pegasus.catalog.replica.output --conf /home/poseidon/workflows/predict-future-sales-workflow/submit/poseidon/pegasus/predict-future-sales/run0005/00/00/./xgboost_hp_tuning_group_2.000/pegasus.5411651758968690418.properties -v --meta /home/poseidon/workflows/predict-future-sales-workflow/submit/poseidon/pegasus/predict-future-sales/run0005/00/00/./xgboost_hp_tuning_group_2.000/00/00/xgboost_best_params_ID0000024.meta --insert /home/poseidon/workflows/predict-future-sales-workflow/submit/poseidon/pegasus/predict-future-sales/run0005/00/00/./xgboost_hp_tuning_group_2.000/00/00/register_condorpool_1_0.in,3.0,0,0,,,,,,,,,
xgboost_model_ID0000021,None,compute,0,1676675984.0,,,1676675989.0,1676675972.0,1676676007.0,68922500.4,1676676007.0,1676676174.0,1676676125.0,1676676130.0,1645417.0,1676676174.0,1676676179.0,5.0,,18.0,167.0,5.0,35.0,1691152081.0,5.0,7536589.0,poseidon,condorpool,poseidon-worker-2-container-0-7,xgboost_model,/srv/xgboost_model,,654.0,0,0,0.1,1348830925.0,24449.0,5328.0,8.0,575.1,16.9,13488309.3,2444.9
stage_out_local_local_5_0,None,transfer,0,1676675984.0,,,1676675989.0,,,0.0,1676675989.0,1676675999.0,1676675989.0,1676675993.0,790.0,1676675999.0,1676676004.0,5.0,,0.0,10.0,5.0,,,4.0,3185.0,poseidon,local,host-10-100-100-12.openstacklocal,pegasus::transfer,/home/poseidon/pegasus-5.1.0panorama/bin/pegasus-transfer,pegasus-kickstart  -n pegasus::transfer -N null -i - -R local  -L predict-future-sales -T 2023-02-17T19:59:06+00:00 pegasus-transfer  --threads 2,0.3,0,0,,,,,,,,,
cleanup_predict-future-sales_0_local,None,auxiliary,0,1676676004.0,,,1676676009.0,,,0.0,1676676011.0,1676676019.0,,,0.0,1676676019.0,1676676024.0,5.0,,2.0,8.0,5.0,,,,,poseidon,local,host-10-100-100-12.openstacklocal,pegasus::cleanup,/home/poseidon/pegasus-5.1.0panorama/bin/pegasus-transfer,pegasus-kickstart  -n pegasus::cleanup -N null -i - -R local  -L predict-future-sales -T 2023-02-17T19:59:06+00:00 pegasus-transfer,0.3,0,0,,,,,,,,,
stage_out_local_condorpool_6_0,None,transfer,0,1676676179.0,,,1676676184.0,,,0.0,1676676184.0,1676676194.0,1676676184.0,1676676188.0,2207218.0,1676676194.0,1676676199.0,5.0,,0.0,10.0,5.0,,,4.0,8894035.0,poseidon,local,host-10-100-100-12.openstacklocal,pegasus::transfer,/home/poseidon/pegasus-5.1.0panorama/bin/pegasus-transfer,pegasus-kickstart  -n pegasus::transfer -N null -i - -R local  -L predict-future-sales -T 2023-02-17T19:59:06+00:00 pegasus-transfer  --threads 2,0.9,0,0,,,,,,,,,
model_predict_ID0000022,None,compute,0,1676676179.0,,,1676676184.0,1676676151.0,1676676168.0,40563705.3,1676676185.0,1676676224.0,1676676177.0,1676676181.0,1222184.0,1676676224.0,1676676229.0,5.0,,1.0,39.0,5.0,17.0,402541283.0,4.0,5523764.0,poseidon,condorpool,poseidon-worker-2-container-0-7,model_predict,/srv/model_predict,,3.7,0,0,,,,,,,,,
predict_merge_ID0000023,None,compute,0,1676676229.0,,,1676676234.0,1676676201.0,1676676220.0,37928549.3,1676676236.0,1676676279.0,1676676227.0,1676676232.0,838747.0,1676676279.0,1676676284.0,5.0,,2.0,43.0,5.0,19.0,377176763.0,5.0,3768085.0,poseidon,condorpool,poseidon-worker-2-container-0-7,predict_merge,/srv/predict_merge,,1.4,0,0,,,,,,,,,
stage_out_local_condorpool_7_0,None,transfer,0,1676676229.0,,,1676676234.0,,,0.0,1676676234.0,1676676244.0,1676676235.0,1676676239.0,1487259.0,1676676244.0,1676676249.0,5.0,,0.0,10.0,5.0,,,4.0,6000012.0,poseidon,local,host-10-100-100-12.openstacklocal,pegasus::transfer,/home/poseidon/pegasus-5.1.0panorama/bin/pegasus-transfer,pegasus-kickstart  -n pegasus::transfer -N null -i - -R local  -L predict-future-sales -T 2023-02-17T19:59:06+00:00 pegasus-transfer  --threads 2,0.6,0,0,,,,,,,,,
stage_out_local_condorpool_8_0,None,transfer,0,1676676284.0,,,1676676289.0,,,0.0,1676676289.0,1676676299.0,1676676289.0,1676676291.0,1736959.0,1676676299.0,1676676304.0,5.0,,0.0,10.0,5.0,,,2.0,3768085.0,poseidon,local,host-10-100-100-12.openstacklocal,pegasus::transfer,/home/poseidon/pegasus-5.1.0panorama/bin/pegasus-transfer,pegasus-kickstart  -n pegasus::transfer -N null -i - -R local  -L predict-future-sales -T 2023-02-17T19:59:06+00:00 pegasus-transfer  --threads 2,0.4,0,0,,,,,,,,,
cleanup_predict-future-sales_0_condorpool,None,auxiliary,0,1676676304.0,,,1676676309.0,,,0.0,1676676309.0,1676676319.0,,,0.0,1676676319.0,1676676324.0,5.0,,0.0,10.0,5.0,,,,,poseidon,local,host-10-100-100-12.openstacklocal,pegasus::cleanup,/home/poseidon/pegasus-5.1.0panorama/bin/pegasus-transfer,pegasus-kickstart  -n pegasus::cleanup -N null -i - -R local  -L predict-future-sales -T 2023-02-17T19:59:06+00:00 pegasus-transfer,0.3,0,0,,,,,,,,,
