,anomaly_type,type,is_clustered,ready,pre_script_start,pre_script_end,submit,stage_in_start,stage_in_end,stage_in_effective_bytes_per_sec,execute_start,execute_end,stage_out_start,stage_out_end,stage_out_effective_bytes_per_sec,post_script_start,post_script_end,wms_delay,pre_script_delay,queue_delay,runtime,post_script_delay,stage_in_delay,stage_in_bytes,stage_out_delay,stage_out_bytes,kickstart_user,kickstart_site,kickstart_hostname,kickstart_transformations,kickstart_executables,kickstart_executables_argv,kickstart_executables_cpu_time,kickstart_status,kickstart_executables_exitcode,kickstart_online_iowait,kickstart_online_bytes_read,kickstart_online_bytes_written,kickstart_online_read_system_calls,kickstart_online_write_system_calls,kickstart_online_utime,kickstart_online_stime,kickstart_online_bytes_read_per_second,kickstart_online_bytes_written_per_second
create_dir_predict-future-sales_0_local,None,auxiliary,0,1677554145.0,,,1677554146.0,,,0.0,1677554150.0,1677554156.0,,,0.0,1677554156.0,1677554161.0,1.0,,4.0,6.0,5.0,,,,,poseidon,local,host-10-100-100-12.openstacklocal,pegasus::dirmanager,/home/poseidon/pegasus-5.1.0panorama/bin/pegasus-transfer,pegasus-kickstart  -n pegasus::dirmanager -N null -i - -R local  -L predict-future-sales -T 2023-02-17T19:59:06+00:00 pegasus-transfer,0.3,0,0,,,,,,,,,
create_dir_predict-future-sales_0_condorpool,None,auxiliary,0,1677554145.0,,,1677554146.0,,,0.0,1677554150.0,1677554156.0,,,0.0,1677554156.0,1677554161.0,1.0,,4.0,6.0,5.0,,,,,poseidon,local,host-10-100-100-12.openstacklocal,pegasus::dirmanager,/home/poseidon/pegasus-5.1.0panorama/bin/pegasus-transfer,pegasus-kickstart  -n pegasus::dirmanager -N null -i - -R local  -L predict-future-sales -T 2023-02-17T19:59:06+00:00 pegasus-transfer,0.3,0,0,,,,,,,,,
stage_in_local_condorpool_6_0,None,transfer,0,1677554161.0,,,1677554166.0,1677554166.0,1677554170.0,2233.0,1677554166.0,1677554176.0,,,0.0,1677554176.0,1677554181.0,5.0,,0.0,10.0,5.0,4.0,7870.0,,,poseidon,local,host-10-100-100-12.openstacklocal,pegasus::transfer,/home/poseidon/pegasus-5.1.0panorama/bin/pegasus-transfer,pegasus-kickstart  -n pegasus::transfer -N null -i - -R local  -L predict-future-sales -T 2023-02-17T19:59:06+00:00 pegasus-transfer  --threads 2,0.5,0,0,,,,,,,,,
stage_in_local_condorpool_0_0,None,transfer,0,1677554161.0,,,1677554166.0,1677554166.0,1677554176.0,94986601.0,1677554166.0,1677554186.0,,,0.0,1677554186.0,1677554191.0,5.0,,0.0,20.0,5.0,10.0,936801734.0,,,poseidon,local,host-10-100-100-12.openstacklocal,pegasus::transfer,/home/poseidon/pegasus-5.1.0panorama/bin/pegasus-transfer,pegasus-kickstart  -n pegasus::transfer -N null -i - -R local  -L predict-future-sales -T 2023-02-17T19:59:06+00:00 pegasus-transfer  --threads 2,5.8,0,0,,,,,,,,,
stage_in_local_condorpool_1_0,None,transfer,0,1677554161.0,,,1677554166.0,1677554166.0,1677554171.0,3606.0,1677554166.0,1677554176.0,,,0.0,1677554176.0,1677554181.0,5.0,,0.0,10.0,5.0,5.0,15640.0,,,poseidon,local,host-10-100-100-12.openstacklocal,pegasus::transfer,/home/poseidon/pegasus-5.1.0panorama/bin/pegasus-transfer,pegasus-kickstart  -n pegasus::transfer -N null -i - -R local  -L predict-future-sales -T 2023-02-17T19:59:06+00:00 pegasus-transfer  --threads 2,0.6,0,0,,,,,,,,,
stage_in_local_condorpool_7_0,None,transfer,0,1677554161.0,,,1677554166.0,1677554166.0,1677554170.0,993.0,1677554166.0,1677554176.0,,,0.0,1677554176.0,1677554181.0,5.0,,0.0,10.0,5.0,4.0,3488.0,,,poseidon,local,host-10-100-100-12.openstacklocal,pegasus::transfer,/home/poseidon/pegasus-5.1.0panorama/bin/pegasus-transfer,pegasus-kickstart  -n pegasus::transfer -N null -i - -R local  -L predict-future-sales -T 2023-02-17T19:59:06+00:00 pegasus-transfer  --threads 2,0.5,0,0,,,,,,,,,
stage_in_local_condorpool_3_0,None,transfer,0,1677554161.0,,,1677554166.0,1677554166.0,1677554171.0,2927.0,1677554166.0,1677554176.0,,,0.0,1677554176.0,1677554181.0,5.0,,0.0,10.0,5.0,5.0,12704.0,,,poseidon,local,host-10-100-100-12.openstacklocal,pegasus::transfer,/home/poseidon/pegasus-5.1.0panorama/bin/pegasus-transfer,pegasus-kickstart  -n pegasus::transfer -N null -i - -R local  -L predict-future-sales -T 2023-02-17T19:59:06+00:00 pegasus-transfer  --threads 2,0.6,0,0,,,,,,,,,
stage_in_local_condorpool_8_0,None,transfer,0,1677554161.0,,,1677554166.0,1677554166.0,1677554170.0,659.0,1677554166.0,1677554176.0,,,0.0,1677554176.0,1677554181.0,5.0,,0.0,10.0,5.0,4.0,2368.0,,,poseidon,local,host-10-100-100-12.openstacklocal,pegasus::transfer,/home/poseidon/pegasus-5.1.0panorama/bin/pegasus-transfer,pegasus-kickstart  -n pegasus::transfer -N null -i - -R local  -L predict-future-sales -T 2023-02-17T19:59:06+00:00 pegasus-transfer  --threads 2,0.5,0,0,,,,,,,,,
stage_in_local_local_4_0,None,transfer,0,1677554161.0,,,1677554166.0,1677554166.0,1677554169.0,5790.0,1677554166.0,1677554176.0,,,0.0,1677554176.0,1677554181.0,5.0,,0.0,10.0,5.0,3.0,12577.0,,,poseidon,local,host-10-100-100-12.openstacklocal,pegasus::transfer,/home/poseidon/pegasus-5.1.0panorama/bin/pegasus-transfer,pegasus-kickstart  -n pegasus::transfer -N null -i - -R local  -L predict-future-sales -T 2023-02-17T19:59:06+00:00 pegasus-transfer  --threads 2,0.4,0,0,,,,,,,,,
stage_in_local_condorpool_2_0,None,transfer,0,1677554161.0,,,1677554166.0,1677554166.0,1677554172.0,9742.0,1677554166.0,1677554181.0,,,0.0,1677554181.0,1677554186.0,5.0,,0.0,15.0,5.0,6.0,55480.0,,,poseidon,local,host-10-100-100-12.openstacklocal,pegasus::transfer,/home/poseidon/pegasus-5.1.0panorama/bin/pegasus-transfer,pegasus-kickstart  -n pegasus::transfer -N null -i - -R local  -L predict-future-sales -T 2023-02-17T19:59:06+00:00 pegasus-transfer  --threads 2,1.1,0,0,,,,,,,,,
preprocess_ID0000003,cpu_3,compute,0,1677554191.0,,,1677554197.0,1677554157.0,1677554176.0,45696594.4,1677554205.0,1677554252.0,1677554188.0,1677554195.0,23360958.0,1677554252.0,1677554257.0,6.0,,8.0,47.0,5.0,19.0,467356066.0,7.0,160257914.0,poseidon,condorpool,poseidon-worker-3-container-32-39,preprocess,/srv/preprocess,,4.4,0,0,,,,,,,,,
nlp_ID0000002,cpu_3,compute,0,1677554191.0,,,1677554197.0,1677554157.0,1677554174.0,45029517.0,1677554205.0,1677554478.0,1677554414.0,1677554418.0,608015.0,1677554478.0,1677554483.0,6.0,,8.0,273.0,5.0,17.0,369033604.0,4.0,2755872.0,poseidon,condorpool,poseidon-worker-3-container-0-7,nlp,/srv/nlp,,865.2,0,0,0.0,21398716.0,8791.0,3058.0,5.0,849.8,3.5,93037.9,879.1
eda_ID0000001,None,compute,0,1677554191.0,,,1677554197.0,1677554158.0,1677554175.0,48169829.7,1677554205.0,1677554277.0,1677554215.0,1677554220.0,275427.0,1677554277.0,1677554282.0,6.0,,8.0,72.0,5.0,17.0,464177772.0,5.0,1197115.0,poseidon,condorpool,poseidon-worker-2-container-24-31,eda,/srv/eda,,33.5,0,0,0.1,144954856.0,877809.0,27583.0,42.0,28.2,1.8,4831828.5,29260.3
feature_eng_0_ID0000004,cpu_3,compute,0,1677554257.0,,,1677554262.0,1677554216.0,1677554235.0,35153869.4,1677554264.0,1677554307.0,1677554246.0,1677554250.0,206623.0,1677554307.0,1677554312.0,5.0,,2.0,43.0,5.0,19.0,369949088.0,4.0,893320.0,poseidon,condorpool,poseidon-worker-3-container-32-39,feature_eng_0,/srv/feature_eng_0,,5.1,0,0,,,,,,,,,
feature_eng_1_ID0000005,cpu_3,compute,0,1677554257.0,,,1677554262.0,1677554216.0,1677554237.0,40468527.3,1677554264.0,1677554327.0,1677554261.0,1677554271.0,38976006.0,1677554327.0,1677554332.0,5.0,,2.0,63.0,5.0,21.0,528250191.0,10.0,393324463.0,poseidon,condorpool,poseidon-worker-3-container-32-39,feature_eng_1,/srv/feature_eng_1,,16.1,0,0,0.0,169638518.0,8.0,1787.0,1.0,8.0,2.0,16963851.8,0.8
feature_eng_4_ID0000008,cpu_3,compute,0,1677554332.0,,,1677554338.0,1677554292.0,1677554320.0,41263305.5,1677554339.0,1677554463.0,1677554385.0,1677554407.0,54439354.0,1677554463.0,1677554468.0,6.0,,1.0,124.0,5.0,28.0,761328752.0,22.0,1201824259.0,poseidon,condorpool,poseidon-worker-3-container-32-39,feature_eng_4,/srv/feature_eng_4,,52.6,0,0,0.0,402769384.0,8.0,1467.0,1.0,37.4,12.6,8055387.7,0.8
feature_eng_3_ID0000007,cpu_3,compute,0,1677554332.0,,,1677554338.0,1677554292.0,1677554317.0,42607511.2,1677554339.0,1677554518.0,1677554437.0,1677554459.0,54011380.0,1677554518.0,1677554523.0,6.0,,1.0,179.0,5.0,25.0,762217561.0,22.0,1179971921.0,poseidon,condorpool,poseidon-worker-3-container-32-39,feature_eng_3,/srv/feature_eng_3,,107.9,0,0,0.0,403671662.0,8.0,1538.0,1.0,68.4,31.5,4036716.6,0.8
feature_eng_2_ID0000006,cpu_3,compute,0,1677554332.0,,,1677554338.0,1677554296.0,1677554322.0,43814590.9,1677554343.0,1677554708.0,1677554619.0,1677554649.0,57790453.0,1677554708.0,1677554713.0,6.0,,5.0,365.0,5.0,26.0,761320658.0,30.0,1748107178.0,poseidon,condorpool,poseidon-worker-3-container-32-39,feature_eng_2,/srv/feature_eng_2,,282.9,0,0,0.0,402850179.0,8.0,1820.0,1.0,213.3,66.6,1438750.6,0.8
feature_eng_5_ID0000009,None,compute,0,1677554332.0,,,1677554337.0,1677554291.0,1677554315.0,59804775.6,1677554339.0,1677554613.0,1677554541.0,1677554555.0,46685752.0,1677554613.0,1677554618.0,5.0,,2.0,274.0,5.0,24.0,856820455.0,14.0,655540227.0,poseidon,condorpool,poseidon-worker-2-container-24-31,feature_eng_5,/srv/feature_eng_5,,216.6,0,0,0.0,498262308.0,8.0,1948.0,1.0,191.2,18.8,2372677.7,0.8
stage_out_local_condorpool_1_0,None,transfer,0,1677554332.0,,,1677554337.0,,,0.0,1677554338.0,1677554348.0,1677554338.0,1677554342.0,91572301.0,1677554348.0,1677554353.0,5.0,,1.0,10.0,5.0,,,4.0,394217783.0,poseidon,local,host-10-100-100-12.openstacklocal,pegasus::transfer,/home/poseidon/pegasus-5.1.0panorama/bin/pegasus-transfer,pegasus-kickstart  -n pegasus::transfer -N null -i - -R local  -L predict-future-sales -T 2023-02-17T19:59:06+00:00 pegasus-transfer  --threads 2,2.2,0,0,,,,,,,,,
register_condorpool_1_0,None,auxiliary,0,1677554353.0,,,1677554358.0,,,0.0,1677554358.0,1677554363.0,,,0.0,1677554363.0,1677554368.0,5.0,,0.0,5.0,5.0,,,,,poseidon,local,host-10-100-100-12.openstacklocal,pegasus::rc-client,/home/poseidon/pegasus-5.1.0panorama/bin/pegasus-rc-client,"pegasus-kickstart  -n pegasus::rc-client -N null -R local  -L predict-future-sales -T 2023-02-17T19:59:06+00:00 /home/poseidon/pegasus-5.1.0panorama/bin/pegasus-rc-client --prefix pegasus.catalog.replica.output --conf /home/poseidon/workflows/predict-future-sales-workflow/submit/poseidon/pegasus/predict-future-sales/run0280/pegasus.16015117541771282563.properties -v --meta /home/poseidon/workflows/predict-future-sales-workflow/submit/poseidon/pegasus/predict-future-sales/run0280/00/00/feature_eng_1_ID0000005.meta,/home/poseidon/workflows/predict-future-sales-workflow/submit/poseidon/pegasus/predict-future-sales/run0280/00/00/feature_eng_0_ID0000004.meta --insert /home/poseidon/workflows/predict-future-sales-workflow/submit/poseidon/pegasus/predict-future-sales/run0280/00/00/register_condorpool_1_0.in",3.0,0,0,,,,,,,,,
stage_out_local_condorpool_0_0,None,transfer,0,1677554483.0,,,1677554488.0,,,0.0,1677554489.0,1677554498.0,1677554489.0,1677554493.0,40336737.0,1677554498.0,1677554503.0,5.0,,1.0,9.0,5.0,,,4.0,164210901.0,poseidon,local,host-10-100-100-12.openstacklocal,pegasus::transfer,/home/poseidon/pegasus-5.1.0panorama/bin/pegasus-transfer,pegasus-kickstart  -n pegasus::transfer -N null -i - -R local  -L predict-future-sales -T 2023-02-17T19:59:06+00:00 pegasus-transfer  --threads 2,2.1,0,0,,,,,,,,,
register_condorpool_0_0,None,auxiliary,0,1677554503.0,,,1677554508.0,,,0.0,1677554508.0,1677554513.0,,,0.0,1677554513.0,1677554518.0,5.0,,0.0,5.0,5.0,,,,,poseidon,local,host-10-100-100-12.openstacklocal,pegasus::rc-client,/home/poseidon/pegasus-5.1.0panorama/bin/pegasus-rc-client,"pegasus-kickstart  -n pegasus::rc-client -N null -R local  -L predict-future-sales -T 2023-02-17T19:59:06+00:00 /home/poseidon/pegasus-5.1.0panorama/bin/pegasus-rc-client --prefix pegasus.catalog.replica.output --conf /home/poseidon/workflows/predict-future-sales-workflow/submit/poseidon/pegasus/predict-future-sales/run0280/pegasus.16015117541771282563.properties -v --meta /home/poseidon/workflows/predict-future-sales-workflow/submit/poseidon/pegasus/predict-future-sales/run0280/00/00/nlp_ID0000002.meta,/home/poseidon/workflows/predict-future-sales-workflow/submit/poseidon/pegasus/predict-future-sales/run0280/00/00/eda_ID0000001.meta,/home/poseidon/workflows/predict-future-sales-workflow/submit/poseidon/pegasus/predict-future-sales/run0280/00/00/preprocess_ID0000003.meta --insert /home/poseidon/workflows/predict-future-sales-workflow/submit/poseidon/pegasus/predict-future-sales/run0280/00/00/register_condorpool_0_0.in",3.0,0,0,,,,,,,,,
stage_out_local_condorpool_2_0,None,transfer,0,1677554713.0,,,1677554718.0,,,0.0,1677554718.0,1677554743.0,1677554718.0,1677554737.0,250338143.0,1677554743.0,1677554748.0,5.0,,0.0,25.0,5.0,,,19.0,4785443585.0,poseidon,local,host-10-100-100-12.openstacklocal,pegasus::transfer,/home/poseidon/pegasus-5.1.0panorama/bin/pegasus-transfer,pegasus-kickstart  -n pegasus::transfer -N null -i - -R local  -L predict-future-sales -T 2023-02-17T19:59:06+00:00 pegasus-transfer  --threads 2,20.8,0,0,,,,,,,,,
feature_merge_ID0000010,None,compute,0,1677554713.0,,,1677554718.0,1677554672.0,1677554739.0,85983791.6,1677554719.0,1677554938.0,1677554829.0,1677554878.0,60798828.0,1677554938.0,1677554943.0,5.0,,1.0,219.0,5.0,67.0,5155397110.0,49.0,2993643458.0,poseidon,condorpool,poseidon-worker-2-container-24-31,feature_merge,/srv/feature_merge,,60.4,0,0,0.0,4796861660.0,2600318082.0,1454.0,86.0,37.6,22.3,79947694.3,130015904.1
register_condorpool_2_0,None,auxiliary,0,1677554748.0,,,1677554753.0,,,0.0,1677554753.0,1677554758.0,,,0.0,1677554758.0,1677554763.0,5.0,,0.0,5.0,5.0,,,,,poseidon,local,host-10-100-100-12.openstacklocal,pegasus::rc-client,/home/poseidon/pegasus-5.1.0panorama/bin/pegasus-rc-client,"pegasus-kickstart  -n pegasus::rc-client -N null -R local  -L predict-future-sales -T 2023-02-17T19:59:06+00:00 /home/poseidon/pegasus-5.1.0panorama/bin/pegasus-rc-client --prefix pegasus.catalog.replica.output --conf /home/poseidon/workflows/predict-future-sales-workflow/submit/poseidon/pegasus/predict-future-sales/run0280/pegasus.16015117541771282563.properties -v --meta /home/poseidon/workflows/predict-future-sales-workflow/submit/poseidon/pegasus/predict-future-sales/run0280/00/00/feature_eng_5_ID0000009.meta,/home/poseidon/workflows/predict-future-sales-workflow/submit/poseidon/pegasus/predict-future-sales/run0280/00/00/feature_eng_2_ID0000006.meta,/home/poseidon/workflows/predict-future-sales-workflow/submit/poseidon/pegasus/predict-future-sales/run0280/00/00/feature_eng_3_ID0000007.meta,/home/poseidon/workflows/predict-future-sales-workflow/submit/poseidon/pegasus/predict-future-sales/run0280/00/00/feature_eng_4_ID0000008.meta --insert /home/poseidon/workflows/predict-future-sales-workflow/submit/poseidon/pegasus/predict-future-sales/run0280/00/00/register_condorpool_2_0.in",3.0,0,0,,,,,,,,,
stage_inter_local_xgboost_model_ID0000021_0,None,transfer,0,1677554943.0,,,1677554948.0,1677554948.0,1677554991.0,61893345.0,1677554948.0,1677554996.0,,,0.0,1677554996.0,1677555001.0,5.0,,0.0,48.0,5.0,43.0,2646308508.0,,,poseidon,local,host-10-100-100-12.openstacklocal,pegasus::transfer,/home/poseidon/pegasus-5.1.0panorama/bin/pegasus-transfer,pegasus-kickstart  -n pegasus::transfer -N null -i - -R local  -L predict-future-sales -T 2023-02-17T19:59:06+00:00 pegasus-transfer  --threads 2,9.4,0,0,,,,,,,,,
stage_inter_local_xgboost_hp_tuning_workflow_ID0000015_0,None,transfer,0,1677554943.0,,,1677554948.0,1677554948.0,1677554950.0,402.0,1677554948.0,1677554958.0,,,0.0,1677554958.0,1677554963.0,5.0,,0.0,10.0,5.0,2.0,826.0,,,poseidon,local,host-10-100-100-12.openstacklocal,pegasus::transfer,/home/poseidon/pegasus-5.1.0panorama/bin/pegasus-transfer,pegasus-kickstart  -n pegasus::transfer -N null -i - -R local  -L predict-future-sales -T 2023-02-17T19:59:06+00:00 pegasus-transfer  --threads 2,0.3,0,0,,,,,,,,,
stage_inter_local_model_predict_ID0000022_0,None,transfer,0,1677554943.0,,,1677554948.0,1677554948.0,1677554952.0,14355762.0,1677554948.0,1677554958.0,,,0.0,1677554958.0,1677554963.0,5.0,,0.0,10.0,5.0,4.0,54050130.0,,,poseidon,local,host-10-100-100-12.openstacklocal,pegasus::transfer,/home/poseidon/pegasus-5.1.0panorama/bin/pegasus-transfer,pegasus-kickstart  -n pegasus::transfer -N null -i - -R local  -L predict-future-sales -T 2023-02-17T19:59:06+00:00 pegasus-transfer  --threads 2,0.6,0,0,,,,,,,,,
stage_out_local_condorpool_3_0,None,transfer,0,1677554943.0,,,1677554948.0,,,0.0,1677554948.0,1677554974.0,1677554948.0,1677554967.0,161678965.0,1677554974.0,1677554979.0,5.0,,0.0,26.0,5.0,,,19.0,2993643458.0,poseidon,local,host-10-100-100-12.openstacklocal,pegasus::transfer,/home/poseidon/pegasus-5.1.0panorama/bin/pegasus-transfer,pegasus-kickstart  -n pegasus::transfer -N null -i - -R local  -L predict-future-sales -T 2023-02-17T19:59:06+00:00 pegasus-transfer  --threads 2,14.3,0,0,,,,,,,,,
stage_inter_local_xgboost_model_ID0000013_0,None,transfer,0,1677554943.0,,,1677554948.0,1677554948.0,1677554956.0,35483316.0,1677554948.0,1677554963.0,,,0.0,1677554963.0,1677554969.0,5.0,,0.0,15.0,6.0,8.0,269346726.0,,,poseidon,local,host-10-100-100-12.openstacklocal,pegasus::transfer,/home/poseidon/pegasus-5.1.0panorama/bin/pegasus-transfer,pegasus-kickstart  -n pegasus::transfer -N null -i - -R local  -L predict-future-sales -T 2023-02-17T19:59:06+00:00 pegasus-transfer  --threads 2,1.3,0,0,,,,,,,,,
stage_inter_local_model_predict_ID0000014_0,None,transfer,0,1677554943.0,,,1677554948.0,1677554948.0,1677554952.0,1254139.0,1677554948.0,1677554958.0,,,0.0,1677554958.0,1677554963.0,5.0,,0.0,10.0,5.0,4.0,4411696.0,,,poseidon,local,host-10-100-100-12.openstacklocal,pegasus::transfer,/home/poseidon/pegasus-5.1.0panorama/bin/pegasus-transfer,pegasus-kickstart  -n pegasus::transfer -N null -i - -R local  -L predict-future-sales -T 2023-02-17T19:59:06+00:00 pegasus-transfer  --threads 2,0.4,0,0,,,,,,,,,
xgboost_hp_tuning_workflow_ID0000015,None,compute,0,1677554963.0,,,1677554968.0,,,0.0,1677554969.0,1677554985.0,,,0.0,1677554985.0,1677554991.0,5.0,,1.0,16.0,6.0,,,,,poseidon,local,poseidon-submit.novalocal,xgboost_hp_tuning_workflow,/var/spool/condor/local_univ_execute/dir_2128899/xgboost_hp_tuning_workflow,/home/poseidon/workflows/predict-future-sales-workflow/submit/poseidon/pegasus/predict-future-sales/run0280/00/00/xgboost_hp_tuning_workflow_ID0000015.sh,0.1,0,0,,,,,,,,,
xgboost_hp_tuning_workflow_ID0000011,None,compute,0,1677554963.0,,,1677554968.0,,,0.0,1677554969.0,1677554991.0,,,0.0,1677554991.0,1677554996.0,5.0,,1.0,22.0,5.0,,,,,poseidon,local,poseidon-submit.novalocal,xgboost_hp_tuning_workflow,/var/spool/condor/local_univ_execute/dir_2128900/xgboost_hp_tuning_workflow,/home/poseidon/workflows/predict-future-sales-workflow/submit/poseidon/pegasus/predict-future-sales/run0280/00/00/xgboost_hp_tuning_workflow_ID0000011.sh,0.1,0,0,,,,,,,,,
xgboost_hp_tuning_workflow_ID0000019,None,compute,0,1677554963.0,,,1677554968.0,,,0.0,1677554969.0,1677554985.0,,,0.0,1677554985.0,1677554991.0,5.0,,1.0,16.0,6.0,,,,,poseidon,local,poseidon-submit.novalocal,xgboost_hp_tuning_workflow,/var/spool/condor/local_univ_execute/dir_2128901/xgboost_hp_tuning_workflow,/home/poseidon/workflows/predict-future-sales-workflow/submit/poseidon/pegasus/predict-future-sales/run0280/00/00/xgboost_hp_tuning_workflow_ID0000019.sh,0.1,0,0,,,,,,,,,
register_condorpool_3_0,None,auxiliary,0,1677554979.0,,,1677554985.0,,,0.0,1677554986.0,1677554996.0,,,0.0,1677554996.0,1677555001.0,6.0,,1.0,10.0,5.0,,,,,poseidon,local,host-10-100-100-12.openstacklocal,pegasus::rc-client,/home/poseidon/pegasus-5.1.0panorama/bin/pegasus-rc-client,pegasus-kickstart  -n pegasus::rc-client -N null -R local  -L predict-future-sales -T 2023-02-17T19:59:06+00:00 /home/poseidon/pegasus-5.1.0panorama/bin/pegasus-rc-client --prefix pegasus.catalog.replica.output --conf /home/poseidon/workflows/predict-future-sales-workflow/submit/poseidon/pegasus/predict-future-sales/run0280/pegasus.16015117541771282563.properties -v --meta /home/poseidon/workflows/predict-future-sales-workflow/submit/poseidon/pegasus/predict-future-sales/run0280/00/00/feature_merge_ID0000010.meta --insert /home/poseidon/workflows/predict-future-sales-workflow/submit/poseidon/pegasus/predict-future-sales/run0280/00/00/register_condorpool_3_0.in,3.1,0,0,,,,,,,,,
pegasus-plan_ID0000020,None,subwf,0,1677554991.0,1677554991.0,1677554996.0,1677555001.0,,,0.0,1677555001.0,1677556102.0,,,0.0,,,0.0,5.0,0.0,1101.0,,,,,,poseidon,local,poseidon-submit,condor::dagman,/usr/bin/condor_dagman,-p 0  -f -l . -Notification never -Debug 3 -Lockfile xgboost_hp_tuning_group_2.dag.lock -Dag xgboost_hp_tuning_group_2.dag -AllowVersionMismatch  -AutoRescue 1 -DoRescueFrom 0,0.0,0,0,,,,,,,,,
pegasus-plan_ID0000016,None,subwf,0,1677554991.0,1677554991.0,1677554996.0,1677555001.0,,,0.0,1677555001.0,1677555226.0,,,0.0,,,0.0,5.0,0.0,225.0,,,,,,poseidon,local,poseidon-submit,condor::dagman,/usr/bin/condor_dagman,-p 0  -f -l . -Notification never -Debug 3 -Lockfile xgboost_hp_tuning_group_1.dag.lock -Dag xgboost_hp_tuning_group_1.dag -AllowVersionMismatch  -AutoRescue 1 -DoRescueFrom 0,0.0,0,0,,,,,,,,,
pegasus-plan_ID0000012,None,subwf,0,1677554996.0,1677554996.0,1677555001.0,1677555006.0,,,0.0,1677555007.0,1677555381.0,,,0.0,,,0.0,5.0,1.0,374.0,,,,,,poseidon,local,poseidon-submit,condor::dagman,/usr/bin/condor_dagman,-p 0  -f -l . -Notification never -Debug 3 -Lockfile xgboost_hp_tuning_group_0.dag.lock -Dag xgboost_hp_tuning_group_0.dag -AllowVersionMismatch  -AutoRescue 1 -DoRescueFrom 0,0.0,0,0,,,,,,,,,
stage_out_local_local_4_0,None,transfer,0,1677554996.0,,,1677555001.0,,,0.0,1677555001.0,1677555011.0,1677555001.0,1677555006.0,21094.0,1677555011.0,1677555016.0,5.0,,0.0,10.0,5.0,,,5.0,85038.0,poseidon,local,host-10-100-100-12.openstacklocal,pegasus::transfer,/home/poseidon/pegasus-5.1.0panorama/bin/pegasus-transfer,pegasus-kickstart  -n pegasus::transfer -N null -i - -R local  -L predict-future-sales -T 2023-02-17T19:59:06+00:00 pegasus-transfer  --threads 2,0.5,0,0,,,,,,,,,
create_dir_predict-future-sales-hp-tuning_0_condorpool_pegasus-plan_ID0000016,None,auxiliary,0,1677555001.0,,,1677555002.0,,,0.0,1677555007.0,1677555017.0,,,0.0,1677555017.0,1677555022.0,1.0,,5.0,10.0,5.0,,,,,poseidon,local,host-10-100-100-12.openstacklocal,pegasus::dirmanager,/home/poseidon/pegasus-5.1.0panorama/bin/pegasus-transfer,pegasus-kickstart  -n pegasus::dirmanager -N null -i - -R local  -L xgboost_hp_tuning_group_1 -T 2023-02-28T03:29:53+00:00 pegasus-transfer,0.3,0,0,,,,,,,,,
create_dir_predict-future-sales-hp-tuning_0_condorpool_pegasus-plan_ID0000020,None,auxiliary,0,1677555001.0,,,1677555002.0,,,0.0,1677555007.0,1677555017.0,,,0.0,1677555017.0,1677555022.0,1.0,,5.0,10.0,5.0,,,,,poseidon,local,host-10-100-100-12.openstacklocal,pegasus::dirmanager,/home/poseidon/pegasus-5.1.0panorama/bin/pegasus-transfer,pegasus-kickstart  -n pegasus::dirmanager -N null -i - -R local  -L xgboost_hp_tuning_group_2 -T 2023-02-28T03:29:53+00:00 pegasus-transfer,0.3,0,0,,,,,,,,,
create_dir_predict-future-sales-hp-tuning_0_condorpool_pegasus-plan_ID0000012,None,auxiliary,0,1677555007.0,,,1677555008.0,,,0.0,1677555011.0,1677555018.0,,,0.0,1677555018.0,1677555023.0,1.0,,3.0,7.0,5.0,,,,,poseidon,local,host-10-100-100-12.openstacklocal,pegasus::dirmanager,/home/poseidon/pegasus-5.1.0panorama/bin/pegasus-transfer,pegasus-kickstart  -n pegasus::dirmanager -N null -i - -R local  -L xgboost_hp_tuning_group_0 -T 2023-02-28T03:29:59+00:00 pegasus-transfer,0.3,0,0,,,,,,,,,
register_local_4_0,None,auxiliary,0,1677555016.0,,,1677555021.0,,,0.0,1677555021.0,1677555026.0,,,0.0,1677555026.0,1677555031.0,5.0,,0.0,5.0,5.0,,,,,poseidon,local,host-10-100-100-12.openstacklocal,pegasus::rc-client,/home/poseidon/pegasus-5.1.0panorama/bin/pegasus-rc-client,"pegasus-kickstart  -n pegasus::rc-client -N null -R local  -L predict-future-sales -T 2023-02-17T19:59:06+00:00 /home/poseidon/pegasus-5.1.0panorama/bin/pegasus-rc-client --prefix pegasus.catalog.replica.output --conf /home/poseidon/workflows/predict-future-sales-workflow/submit/poseidon/pegasus/predict-future-sales/run0280/pegasus.16015117541771282563.properties -v --meta /home/poseidon/workflows/predict-future-sales-workflow/submit/poseidon/pegasus/predict-future-sales/run0280/00/00/xgboost_hp_tuning_workflow_ID0000011.meta,/home/poseidon/workflows/predict-future-sales-workflow/submit/poseidon/pegasus/predict-future-sales/run0280/00/00/xgboost_hp_tuning_workflow_ID0000019.meta,/home/poseidon/workflows/predict-future-sales-workflow/submit/poseidon/pegasus/predict-future-sales/run0280/00/00/xgboost_hp_tuning_workflow_ID0000015.meta --insert /home/poseidon/workflows/predict-future-sales-workflow/submit/poseidon/pegasus/predict-future-sales/run0280/00/00/register_local_4_0.in",3.1,0,0,,,,,,,,,
stage_in_local_condorpool_0_2_pegasus-plan_ID0000020,None,transfer,0,1677555022.0,,,1677555027.0,1677555028.0,1677555036.0,87681642.0,1677555028.0,1677555042.0,,,0.0,1677555042.0,1677555047.0,5.0,,1.0,14.0,5.0,8.0,735985664.0,,,poseidon,local,host-10-100-100-12.openstacklocal,pegasus::transfer,/home/poseidon/pegasus-5.1.0panorama/bin/pegasus-transfer,-n pegasus::transfer -N null -i - -R local  -L xgboost_hp_tuning_group_2 -T 2023-02-28T03:29:53+00:00 /home/poseidon/pegasus-5.1.0panorama/bin/../bin/pegasus-transfer  --threads 2,3.9,0,0,,,,,,,,,
stage_in_local_condorpool_0_0_pegasus-plan_ID0000016,None,transfer,0,1677555022.0,,,1677555027.0,1677555028.0,1677555032.0,2771.0,1677555028.0,1677555037.0,,,0.0,1677555037.0,1677555042.0,5.0,,1.0,9.0,5.0,4.0,12142.0,,,poseidon,local,host-10-100-100-12.openstacklocal,pegasus::transfer,/home/poseidon/pegasus-5.1.0panorama/bin/pegasus-transfer,-n pegasus::transfer -N null -i - -R local  -L xgboost_hp_tuning_group_1 -T 2023-02-28T03:29:53+00:00 /home/poseidon/pegasus-5.1.0panorama/bin/../bin/pegasus-transfer  --threads 2,0.6,0,0,,,,,,,,,
stage_in_local_condorpool_1_0_pegasus-plan_ID0000016,None,transfer,0,1677555022.0,,,1677555027.0,1677555028.0,1677555032.0,802.0,1677555028.0,1677555037.0,,,0.0,1677555037.0,1677555042.0,5.0,,1.0,9.0,5.0,4.0,2874.0,,,poseidon,local,host-10-100-100-12.openstacklocal,pegasus::transfer,/home/poseidon/pegasus-5.1.0panorama/bin/pegasus-transfer,-n pegasus::transfer -N null -i - -R local  -L xgboost_hp_tuning_group_1 -T 2023-02-28T03:29:53+00:00 /home/poseidon/pegasus-5.1.0panorama/bin/../bin/pegasus-transfer  --threads 2,0.5,0,0,,,,,,,,,
stage_in_local_condorpool_0_1_pegasus-plan_ID0000016,None,transfer,0,1677555022.0,,,1677555027.0,1677555028.0,1677555032.0,4986742.0,1677555028.0,1677555037.0,,,0.0,1677555037.0,1677555042.0,5.0,,1.0,9.0,5.0,4.0,19294600.0,,,poseidon,local,host-10-100-100-12.openstacklocal,pegasus::transfer,/home/poseidon/pegasus-5.1.0panorama/bin/pegasus-transfer,-n pegasus::transfer -N null -i - -R local  -L xgboost_hp_tuning_group_1 -T 2023-02-28T03:29:53+00:00 /home/poseidon/pegasus-5.1.0panorama/bin/../bin/pegasus-transfer  --threads 2,0.6,0,0,,,,,,,,,
stage_in_local_condorpool_0_2_pegasus-plan_ID0000016,None,transfer,0,1677555022.0,,,1677555027.0,1677555028.0,1677555037.0,86170158.0,1677555028.0,1677555042.0,,,0.0,1677555042.0,1677555047.0,5.0,,1.0,14.0,5.0,9.0,735985664.0,,,poseidon,local,host-10-100-100-12.openstacklocal,pegasus::transfer,/home/poseidon/pegasus-5.1.0panorama/bin/pegasus-transfer,-n pegasus::transfer -N null -i - -R local  -L xgboost_hp_tuning_group_1 -T 2023-02-28T03:29:53+00:00 /home/poseidon/pegasus-5.1.0panorama/bin/../bin/pegasus-transfer  --threads 2,4.0,0,0,,,,,,,,,
stage_in_local_condorpool_1_0_pegasus-plan_ID0000020,None,transfer,0,1677555022.0,,,1677555027.0,1677555028.0,1677555032.0,804.0,1677555028.0,1677555037.0,,,0.0,1677555037.0,1677555042.0,5.0,,1.0,9.0,5.0,4.0,2874.0,,,poseidon,local,host-10-100-100-12.openstacklocal,pegasus::transfer,/home/poseidon/pegasus-5.1.0panorama/bin/pegasus-transfer,-n pegasus::transfer -N null -i - -R local  -L xgboost_hp_tuning_group_2 -T 2023-02-28T03:29:53+00:00 /home/poseidon/pegasus-5.1.0panorama/bin/../bin/pegasus-transfer  --threads 2,0.5,0,0,,,,,,,,,
stage_in_local_condorpool_0_1_pegasus-plan_ID0000020,None,transfer,0,1677555022.0,,,1677555027.0,1677555028.0,1677555044.0,161636166.0,1677555028.0,1677555052.0,,,0.0,1677555052.0,1677555057.0,5.0,,1.0,24.0,5.0,16.0,2646308508.0,,,poseidon,local,host-10-100-100-12.openstacklocal,pegasus::transfer,/home/poseidon/pegasus-5.1.0panorama/bin/pegasus-transfer,-n pegasus::transfer -N null -i - -R local  -L xgboost_hp_tuning_group_2 -T 2023-02-28T03:29:53+00:00 /home/poseidon/pegasus-5.1.0panorama/bin/../bin/pegasus-transfer  --threads 2,11.8,0,0,,,,,,,,,
stage_in_local_condorpool_0_0_pegasus-plan_ID0000020,None,transfer,0,1677555022.0,,,1677555027.0,1677555028.0,1677555032.0,2716.0,1677555028.0,1677555042.0,,,0.0,1677555042.0,1677555047.0,5.0,,1.0,14.0,5.0,4.0,12142.0,,,poseidon,local,host-10-100-100-12.openstacklocal,pegasus::transfer,/home/poseidon/pegasus-5.1.0panorama/bin/pegasus-transfer,-n pegasus::transfer -N null -i - -R local  -L xgboost_hp_tuning_group_2 -T 2023-02-28T03:29:53+00:00 /home/poseidon/pegasus-5.1.0panorama/bin/../bin/pegasus-transfer  --threads 2,0.6,0,0,,,,,,,,,
stage_in_local_condorpool_0_1_pegasus-plan_ID0000012,None,transfer,0,1677555023.0,,,1677555028.0,1677555035.0,1677555040.0,53596251.0,1677555034.0,1677555048.0,,,0.0,1677555048.0,1677555053.0,5.0,,6.0,14.0,5.0,5.0,269346726.0,,,poseidon,local,host-10-100-100-12.openstacklocal,pegasus::transfer,/home/poseidon/pegasus-5.1.0panorama/bin/pegasus-transfer,-n pegasus::transfer -N null -i - -R local  -L xgboost_hp_tuning_group_0 -T 2023-02-28T03:29:59+00:00 /home/poseidon/pegasus-5.1.0panorama/bin/../bin/pegasus-transfer  --threads 2,1.7,0,0,,,,,,,,,
stage_in_local_condorpool_0_0_pegasus-plan_ID0000012,None,transfer,0,1677555023.0,,,1677555028.0,1677555034.0,1677555039.0,2793.0,1677555034.0,1677555048.0,,,0.0,1677555048.0,1677555053.0,5.0,,6.0,14.0,5.0,5.0,12142.0,,,poseidon,local,host-10-100-100-12.openstacklocal,pegasus::transfer,/home/poseidon/pegasus-5.1.0panorama/bin/pegasus-transfer,-n pegasus::transfer -N null -i - -R local  -L xgboost_hp_tuning_group_0 -T 2023-02-28T03:29:59+00:00 /home/poseidon/pegasus-5.1.0panorama/bin/../bin/pegasus-transfer  --threads 2,0.6,0,0,,,,,,,,,
stage_in_local_condorpool_0_2_pegasus-plan_ID0000012,None,transfer,0,1677555023.0,,,1677555028.0,1677555035.0,1677555042.0,102914280.0,1677555034.0,1677555048.0,,,0.0,1677555048.0,1677555053.0,5.0,,6.0,14.0,5.0,7.0,735985664.0,,,poseidon,local,host-10-100-100-12.openstacklocal,pegasus::transfer,/home/poseidon/pegasus-5.1.0panorama/bin/pegasus-transfer,-n pegasus::transfer -N null -i - -R local  -L xgboost_hp_tuning_group_0 -T 2023-02-28T03:29:59+00:00 /home/poseidon/pegasus-5.1.0panorama/bin/../bin/pegasus-transfer  --threads 2,3.6,0,0,,,,,,,,,
stage_in_local_condorpool_1_0_pegasus-plan_ID0000012,None,transfer,0,1677555023.0,,,1677555028.0,1677555034.0,1677555038.0,792.0,1677555034.0,1677555043.0,,,0.0,1677555043.0,1677555048.0,5.0,,6.0,9.0,5.0,4.0,2874.0,,,poseidon,local,host-10-100-100-12.openstacklocal,pegasus::transfer,/home/poseidon/pegasus-5.1.0panorama/bin/pegasus-transfer,-n pegasus::transfer -N null -i - -R local  -L xgboost_hp_tuning_group_0 -T 2023-02-28T03:29:59+00:00 /home/poseidon/pegasus-5.1.0panorama/bin/../bin/pegasus-transfer  --threads 2,0.5,0,0,,,,,,,,,
xgboost_hp_tuning_ID0000017_pegasus-plan_ID0000016,cpu_3,compute,0,1677555047.0,,,1677555052.0,1677555007.0,1677555023.0,45912832.2,1677555055.0,1677555092.0,1677555033.0,1677555037.0,251.0,1677555092.0,1677555097.0,5.0,,3.0,37.0,5.0,16.0,377646203.0,4.0,1053.0,poseidon,condorpool,poseidon-worker-3-container-24-31,xgboost_hp_tuning,/srv/xgboost_hp_tuning,,11.5,0,0,,,,,,,,,
xgboost_hp_tuning_ID0000001_pegasus-plan_ID0000016,cpu_3,compute,0,1677555047.0,,,1677555052.0,1677555046.0,1677555061.0,45876236.0,1677555093.0,1677555132.0,1677555071.0,1677555075.0,260.0,1677555132.0,1677555137.0,5.0,,41.0,39.0,5.0,15.0,377646203.0,4.0,1062.0,poseidon,condorpool,poseidon-worker-3-container-0-7,xgboost_hp_tuning,/srv/xgboost_hp_tuning,,11.1,0,0,,,,,,,,,
xgboost_hp_tuning_ID0000012_pegasus-plan_ID0000016,cpu_3,compute,0,1677555047.0,,,1677555052.0,1677555046.0,1677555061.0,45855494.8,1677555093.0,1677555132.0,1677555071.0,1677555075.0,255.0,1677555132.0,1677555137.0,5.0,,41.0,39.0,5.0,15.0,377646203.0,4.0,1046.0,poseidon,condorpool,poseidon-worker-3-container-24-31,xgboost_hp_tuning,/srv/xgboost_hp_tuning,,12.9,0,0,,,,,,,,,
xgboost_hp_tuning_ID0000023_pegasus-plan_ID0000016,None,compute,0,1677555047.0,,,1677555052.0,1677555046.0,1677555061.0,45909436.0,1677555093.0,1677555132.0,1677555071.0,1677555075.0,264.0,1677555132.0,1677555137.0,5.0,,41.0,39.0,5.0,15.0,377646203.0,4.0,1089.0,poseidon,condorpool,poseidon-worker-3-container-40-47,xgboost_hp_tuning,/srv/xgboost_hp_tuning,,15.1,0,0,,,,,,,,,
xgboost_hp_tuning_ID0000002_pegasus-plan_ID0000016,cpu_3,compute,0,1677555047.0,,,1677555052.0,1677555045.0,1677555061.0,45392978.0,1677555093.0,1677555132.0,1677555071.0,1677555075.0,256.0,1677555132.0,1677555137.0,5.0,,41.0,39.0,5.0,16.0,377646203.0,4.0,1064.0,poseidon,condorpool,poseidon-worker-3-container-32-39,xgboost_hp_tuning,/srv/xgboost_hp_tuning,,11.8,0,0,,,,,,,,,
xgboost_hp_tuning_ID0000014_pegasus-plan_ID0000016,cpu_3,compute,0,1677555047.0,,,1677555052.0,1677555007.0,1677555022.0,45879835.5,1677555055.0,1677555092.0,1677555033.0,1677555037.0,252.0,1677555092.0,1677555097.0,5.0,,3.0,37.0,5.0,15.0,377646203.0,4.0,1055.0,poseidon,condorpool,poseidon-worker-3-container-8-15,xgboost_hp_tuning,/srv/xgboost_hp_tuning,,11.0,0,0,,,,,,,,,
xgboost_hp_tuning_ID0000003_pegasus-plan_ID0000016,None,compute,0,1677555047.0,,,1677555052.0,1677555007.0,1677555023.0,45836076.2,1677555055.0,1677555092.0,1677555033.0,1677555037.0,252.0,1677555092.0,1677555097.0,5.0,,3.0,37.0,5.0,16.0,377646203.0,4.0,1067.0,poseidon,condorpool,poseidon-worker-3-container-16-23,xgboost_hp_tuning,/srv/xgboost_hp_tuning,,16.9,0,0,,,,,,,,,
xgboost_hp_tuning_ID0000015_pegasus-plan_ID0000016,None,compute,0,1677555047.0,,,1677555052.0,1677555007.0,1677555023.0,45607259.8,1677555055.0,1677555097.0,1677555035.0,1677555039.0,252.0,1677555097.0,1677555102.0,5.0,,3.0,42.0,5.0,16.0,377646203.0,4.0,1054.0,poseidon,condorpool,poseidon-worker-1-container-0-7,xgboost_hp_tuning,/srv/xgboost_hp_tuning,,29.0,0,0,,,,,,,,,
xgboost_hp_tuning_ID0000004_pegasus-plan_ID0000016,cpu_3,compute,0,1677555047.0,,,1677555052.0,1677555007.0,1677555023.0,45775018.5,1677555055.0,1677555097.0,1677555035.0,1677555040.0,257.0,1677555097.0,1677555102.0,5.0,,3.0,42.0,5.0,16.0,377646203.0,5.0,1061.0,poseidon,condorpool,poseidon-worker-1-container-16-23,xgboost_hp_tuning,/srv/xgboost_hp_tuning,,20.4,0,0,,,,,,,,,
xgboost_hp_tuning_ID0000016_pegasus-plan_ID0000016,None,compute,0,1677555047.0,,,1677555052.0,1677555007.0,1677555023.0,45763725.0,1677555055.0,1677555092.0,1677555033.0,1677555037.0,253.0,1677555092.0,1677555097.0,5.0,,3.0,37.0,5.0,16.0,377646203.0,4.0,1054.0,poseidon,condorpool,poseidon-worker-2-container-8-15,xgboost_hp_tuning,/srv/xgboost_hp_tuning,,15.1,0,0,,,,,,,,,
xgboost_hp_tuning_ID0000005_pegasus-plan_ID0000016,cpu_3,compute,0,1677555047.0,,,1677555052.0,1677555007.0,1677555023.0,45753455.2,1677555055.0,1677555097.0,1677555033.0,1677555037.0,251.0,1677555097.0,1677555102.0,5.0,,3.0,42.0,5.0,16.0,377646203.0,4.0,1077.0,poseidon,condorpool,poseidon-worker-1-container-24-31,xgboost_hp_tuning,/srv/xgboost_hp_tuning,,11.7,0,0,,,,,,,,,
xgboost_hp_tuning_ID0000013_pegasus-plan_ID0000016,cpu_3,compute,0,1677555047.0,,,1677555052.0,1677555045.0,1677555061.0,45867765.2,1677555093.0,1677555132.0,1677555071.0,1677555075.0,251.0,1677555132.0,1677555137.0,5.0,,41.0,39.0,5.0,16.0,377646203.0,4.0,1052.0,poseidon,condorpool,poseidon-worker-3-container-8-15,xgboost_hp_tuning,/srv/xgboost_hp_tuning,,10.2,0,0,,,,,,,,,
xgboost_hp_tuning_ID0000006_pegasus-plan_ID0000016,None,compute,0,1677555047.0,,,1677555052.0,1677555007.0,1677555023.0,45867484.8,1677555055.0,1677555092.0,1677555033.0,1677555037.0,250.0,1677555092.0,1677555097.0,5.0,,3.0,37.0,5.0,16.0,377646203.0,4.0,1066.0,poseidon,condorpool,poseidon-worker-3-container-40-47,xgboost_hp_tuning,/srv/xgboost_hp_tuning,,17.0,0,0,,,,,,,,,
xgboost_hp_tuning_ID0000010_pegasus-plan_ID0000016,None,compute,0,1677555047.0,,,1677555052.0,1677555007.0,1677555023.0,45674474.8,1677555055.0,1677555097.0,1677555033.0,1677555037.0,248.0,1677555097.0,1677555102.0,5.0,,3.0,42.0,5.0,16.0,377646203.0,4.0,1051.0,poseidon,condorpool,poseidon-worker-1-container-32-39,xgboost_hp_tuning,/srv/xgboost_hp_tuning,,15.7,0,0,,,,,,,,,
xgboost_hp_tuning_ID0000007_pegasus-plan_ID0000016,None,compute,0,1677555047.0,,,1677555052.0,1677555007.0,1677555023.0,45663524.5,1677555055.0,1677555097.0,1677555034.0,1677555038.0,257.0,1677555097.0,1677555102.0,5.0,,3.0,42.0,5.0,16.0,377646203.0,4.0,1065.0,poseidon,condorpool,poseidon-worker-2-container-0-7,xgboost_hp_tuning,/srv/xgboost_hp_tuning,,21.0,0,0,,,,,,,,,
xgboost_hp_tuning_ID0000019_pegasus-plan_ID0000016,None,compute,0,1677555047.0,,,1677555052.0,1677555007.0,1677555023.0,45713983.0,1677555055.0,1677555097.0,1677555033.0,1677555037.0,258.0,1677555097.0,1677555102.0,5.0,,3.0,42.0,5.0,16.0,377646203.0,4.0,1058.0,poseidon,condorpool,poseidon-worker-2-container-32-39,xgboost_hp_tuning,/srv/xgboost_hp_tuning,,15.6,0,0,,,,,,,,,
xgboost_hp_tuning_ID0000008_pegasus-plan_ID0000016,cpu_3,compute,0,1677555047.0,,,1677555052.0,1677555007.0,1677555023.0,45650725.8,1677555055.0,1677555097.0,1677555034.0,1677555038.0,258.0,1677555097.0,1677555102.0,5.0,,3.0,42.0,5.0,16.0,377646203.0,4.0,1057.0,poseidon,condorpool,poseidon-worker-1-container-40-47,xgboost_hp_tuning,/srv/xgboost_hp_tuning,,14.5,0,0,,,,,,,,,
xgboost_hp_tuning_ID0000020_pegasus-plan_ID0000016,cpu_3,compute,0,1677555047.0,,,1677555052.0,1677555007.0,1677555023.0,45729150.0,1677555055.0,1677555097.0,1677555033.0,1677555037.0,255.0,1677555097.0,1677555102.0,5.0,,3.0,42.0,5.0,16.0,377646203.0,4.0,1059.0,poseidon,condorpool,poseidon-worker-2-container-40-47,xgboost_hp_tuning,/srv/xgboost_hp_tuning,,11.0,0,0,,,,,,,,,
xgboost_hp_tuning_ID0000021_pegasus-plan_ID0000016,cpu_3,compute,0,1677555047.0,,,1677555052.0,1677555007.0,1677555023.0,45788264.2,1677555055.0,1677555092.0,1677555033.0,1677555037.0,254.0,1677555092.0,1677555097.0,5.0,,3.0,37.0,5.0,16.0,377646203.0,4.0,1060.0,poseidon,condorpool,poseidon-worker-1-container-8-15,xgboost_hp_tuning,/srv/xgboost_hp_tuning,,11.2,0,0,,,,,,,,,
xgboost_hp_tuning_ID0000022_pegasus-plan_ID0000016,None,compute,0,1677555047.0,,,1677555052.0,1677555007.0,1677555023.0,45633897.0,1677555055.0,1677555097.0,1677555033.0,1677555037.0,248.0,1677555097.0,1677555102.0,5.0,,3.0,42.0,5.0,16.0,377646203.0,4.0,1064.0,poseidon,condorpool,poseidon-worker-2-container-24-31,xgboost_hp_tuning,/srv/xgboost_hp_tuning,,17.2,0,0,,,,,,,,,
xgboost_hp_tuning_ID0000011_pegasus-plan_ID0000016,cpu_3,compute,0,1677555047.0,,,1677555052.0,1677555007.0,1677555022.0,45875407.5,1677555055.0,1677555092.0,1677555032.0,1677555037.0,246.0,1677555092.0,1677555097.0,5.0,,3.0,37.0,5.0,15.0,377646203.0,5.0,1050.0,poseidon,condorpool,poseidon-worker-3-container-0-7,xgboost_hp_tuning,/srv/xgboost_hp_tuning,,11.1,0,0,,,,,,,,,
xgboost_hp_tuning_ID0000009_pegasus-plan_ID0000016,cpu_3,compute,0,1677555047.0,,,1677555052.0,1677555007.0,1677555023.0,45413783.2,1677555055.0,1677555092.0,1677555032.0,1677555037.0,253.0,1677555092.0,1677555097.0,5.0,,3.0,37.0,5.0,16.0,377646203.0,5.0,1056.0,poseidon,condorpool,poseidon-worker-3-container-32-39,xgboost_hp_tuning,/srv/xgboost_hp_tuning,,10.6,0,0,,,,,,,,,
xgboost_hp_tuning_ID0000018_pegasus-plan_ID0000016,cpu_3,compute,0,1677555047.0,,,1677555052.0,1677555007.0,1677555023.0,45760425.5,1677555055.0,1677555097.0,1677555033.0,1677555037.0,259.0,1677555097.0,1677555102.0,5.0,,3.0,42.0,5.0,16.0,377646203.0,4.0,1053.0,poseidon,condorpool,poseidon-worker-2-container-16-23,xgboost_hp_tuning,/srv/xgboost_hp_tuning,,11.2,0,0,,,,,,,,,
xgboost_hp_tuning_ID0000006_pegasus-plan_ID0000012,None,compute,0,1677555053.0,,,1677555058.0,1677555047.0,1677555063.0,51384063.3,1677555094.0,1677555163.0,1677555099.0,1677555103.0,258.0,1677555163.0,1677555168.0,5.0,,36.0,69.0,5.0,16.0,502672266.0,4.0,1067.0,poseidon,condorpool,poseidon-worker-2-container-0-7,xgboost_hp_tuning,/srv/xgboost_hp_tuning,,160.3,0,0,0.0,157972462.0,40.0,3321.0,2.0,102.9,3.3,7898623.1,4.0
xgboost_hp_tuning_ID0000018_pegasus-plan_ID0000012,cpu_3,compute,0,1677555053.0,,,1677555058.0,1677555047.0,1677555063.0,51325260.3,1677555094.0,1677555153.0,1677555089.0,1677555093.0,253.0,1677555153.0,1677555158.0,5.0,,36.0,59.0,5.0,16.0,502672266.0,4.0,1054.0,poseidon,condorpool,poseidon-worker-1-container-40-47,xgboost_hp_tuning,/srv/xgboost_hp_tuning,,69.2,0,0,0.0,157967907.0,40.0,3305.0,2.0,29.1,2.5,15796790.7,4.0
xgboost_hp_tuning_ID0000007_pegasus-plan_ID0000012,None,compute,0,1677555053.0,,,1677555058.0,1677555046.0,1677555063.0,51300670.0,1677555094.0,1677555158.0,1677555096.0,1677555100.0,258.0,1677555158.0,1677555163.0,5.0,,36.0,64.0,5.0,17.0,502672266.0,4.0,1065.0,poseidon,condorpool,poseidon-worker-2-container-24-31,xgboost_hp_tuning,/srv/xgboost_hp_tuning,,146.9,0,0,0.1,157972714.0,40.0,3321.0,2.0,104.5,3.0,7898635.7,4.0
xgboost_hp_tuning_ID0000021_pegasus-plan_ID0000012,None,compute,0,1677555053.0,,,1677555058.0,1677555046.0,1677555063.0,51366025.3,1677555094.0,1677555163.0,1677555101.0,1677555105.0,257.0,1677555163.0,1677555168.0,5.0,,36.0,69.0,5.0,17.0,502672266.0,4.0,1062.0,poseidon,condorpool,poseidon-worker-2-container-32-39,xgboost_hp_tuning,/srv/xgboost_hp_tuning,,153.7,0,0,0.1,157976341.0,40.0,3336.0,2.0,143.3,3.5,5265878.0,4.0
xgboost_hp_tuning_ID0000008_pegasus-plan_ID0000012,cpu_3,compute,0,1677555053.0,,,1677555058.0,1677555046.0,1677555063.0,51389918.7,1677555094.0,1677555158.0,1677555097.0,1677555101.0,249.0,1677555158.0,1677555163.0,5.0,,36.0,64.0,5.0,17.0,502672266.0,4.0,1058.0,poseidon,condorpool,poseidon-worker-2-container-16-23,xgboost_hp_tuning,/srv/xgboost_hp_tuning,,99.8,0,0,0.1,157972529.0,40.0,3321.0,2.0,67.6,2.6,7898626.5,4.0
xgboost_hp_tuning_ID0000020_pegasus-plan_ID0000012,None,compute,0,1677555053.0,,,1677555058.0,1677555046.0,1677555063.0,51156882.0,1677555094.0,1677555158.0,1677555095.0,1677555099.0,257.0,1677555158.0,1677555163.0,5.0,,36.0,64.0,5.0,17.0,502672266.0,4.0,1062.0,poseidon,condorpool,poseidon-worker-1-container-32-39,xgboost_hp_tuning,/srv/xgboost_hp_tuning,,143.7,0,0,0.1,157972550.0,40.0,3321.0,2.0,106.4,3.3,7898627.5,4.0
xgboost_hp_tuning_ID0000017_pegasus-plan_ID0000012,None,compute,0,1677555053.0,,,1677555058.0,1677555048.0,1677555065.0,51229802.3,1677555095.0,1677555158.0,1677555098.0,1677555102.0,253.0,1677555158.0,1677555163.0,5.0,,37.0,63.0,5.0,17.0,502672266.0,4.0,1052.0,poseidon,condorpool,poseidon-worker-1-container-0-7,xgboost_hp_tuning,/srv/xgboost_hp_tuning,,142.2,0,0,0.1,157972470.0,40.0,3321.0,2.0,97.6,3.1,7898623.5,4.0
xgboost_hp_tuning_ID0000019_pegasus-plan_ID0000012,cpu_3,compute,0,1677555053.0,,,1677555058.0,1677555046.0,1677555063.0,51326693.7,1677555094.0,1677555158.0,1677555097.0,1677555101.0,250.0,1677555158.0,1677555163.0,5.0,,36.0,64.0,5.0,17.0,502672266.0,4.0,1058.0,poseidon,condorpool,poseidon-worker-1-container-24-31,xgboost_hp_tuning,/srv/xgboost_hp_tuning,,89.7,0,0,0.0,157973914.0,40.0,3324.0,2.0,58.3,2.7,7898695.7,4.0
xgboost_hp_tuning_ID0000005_pegasus-plan_ID0000012,cpu_3,compute,0,1677555053.0,,,1677555058.0,1677555048.0,1677555065.0,51409796.7,1677555096.0,1677555158.0,1677555096.0,1677555100.0,257.0,1677555158.0,1677555163.0,5.0,,38.0,62.0,5.0,17.0,502672266.0,4.0,1076.0,poseidon,condorpool,poseidon-worker-1-container-16-23,xgboost_hp_tuning,/srv/xgboost_hp_tuning,,89.5,0,0,0.0,157975286.0,40.0,3327.0,2.0,68.2,2.7,7898764.3,4.0
xgboost_hp_tuning_ID0000003_pegasus-plan_ID0000012,cpu_3,compute,0,1677555053.0,,,1677555058.0,1677555084.0,1677555101.0,51542670.0,1677555132.0,1677555193.0,1677555133.0,1677555137.0,260.0,1677555193.0,1677555198.0,5.0,,74.0,61.0,5.0,17.0,502672266.0,4.0,1070.0,poseidon,condorpool,poseidon-worker-3-container-24-31,xgboost_hp_tuning,/srv/xgboost_hp_tuning,,92.4,0,0,0.0,157973520.0,40.0,3325.0,2.0,66.2,2.6,7898676.0,4.0
xgboost_hp_tuning_ID0000004_pegasus-plan_ID0000012,cpu_3,compute,0,1677555053.0,,,1677555058.0,1677555084.0,1677555100.0,50928346.0,1677555131.0,1677555198.0,1677555137.0,1677555141.0,258.0,1677555198.0,1677555203.0,5.0,,73.0,67.0,5.0,16.0,502672266.0,4.0,1061.0,poseidon,condorpool,poseidon-worker-3-container-32-39,xgboost_hp_tuning,/srv/xgboost_hp_tuning,,108.6,0,0,0.0,157970843.0,40.0,3319.0,2.0,68.3,3.0,7898542.2,4.0
xgboost_hp_tuning_ID0000015_pegasus-plan_ID0000012,None,compute,0,1677555053.0,,,1677555058.0,1677555084.0,1677555101.0,51491520.7,1677555131.0,1677555198.0,1677555135.0,1677555139.0,252.0,1677555198.0,1677555203.0,5.0,,73.0,67.0,5.0,17.0,502672266.0,4.0,1054.0,poseidon,condorpool,poseidon-worker-3-container-40-47,xgboost_hp_tuning,/srv/xgboost_hp_tuning,,147.1,0,0,0.0,157970763.0,40.0,3319.0,2.0,96.1,3.3,7898538.2,4.0
xgboost_hp_tuning_ID0000014_pegasus-plan_ID0000012,cpu_3,compute,0,1677555053.0,,,1677555058.0,1677555084.0,1677555101.0,51498184.3,1677555132.0,1677555198.0,1677555135.0,1677555140.0,253.0,1677555198.0,1677555203.0,5.0,,74.0,66.0,5.0,17.0,502672266.0,5.0,1053.0,poseidon,condorpool,poseidon-worker-3-container-0-7,xgboost_hp_tuning,/srv/xgboost_hp_tuning,,102.0,0,0,0.1,157973519.0,40.0,3325.0,2.0,65.2,2.8,7898676.0,4.0
xgboost_hp_tuning_ID0000002_pegasus-plan_ID0000012,cpu_3,compute,0,1677555053.0,,,1677555058.0,1677555102.0,1677555119.0,51323375.3,1677555150.0,1677555208.0,1677555144.0,1677555148.0,252.0,1677555208.0,1677555213.0,5.0,,92.0,58.0,5.0,17.0,502672266.0,4.0,1063.0,poseidon,condorpool,poseidon-worker-1-container-40-47,xgboost_hp_tuning,/srv/xgboost_hp_tuning,,65.3,0,0,0.0,157967982.0,40.0,3305.0,2.0,30.1,2.4,15796798.2,4.0
xgboost_hp_tuning_ID0000013_pegasus-plan_ID0000012,cpu_3,compute,0,1677555053.0,,,1677555058.0,1677555102.0,1677555119.0,51300603.0,1677555150.0,1677555208.0,1677555144.0,1677555149.0,255.0,1677555208.0,1677555213.0,5.0,,92.0,58.0,5.0,17.0,502672266.0,5.0,1054.0,poseidon,condorpool,poseidon-worker-1-container-8-15,xgboost_hp_tuning,/srv/xgboost_hp_tuning,,64.9,0,0,0.1,157967949.0,40.0,3305.0,2.0,29.5,2.4,15796794.9,4.0
xgboost_hp_tuning_ID0000001_pegasus-plan_ID0000012,cpu_3,compute,0,1677555053.0,,,1677555058.0,1677555103.0,1677555120.0,51338413.7,1677555150.0,1677555263.0,1677555199.0,1677555203.0,257.0,1677555263.0,1677555268.0,5.0,,92.0,113.0,5.0,17.0,502672266.0,4.0,1063.0,poseidon,condorpool,poseidon-worker-2-container-40-47,xgboost_hp_tuning,/srv/xgboost_hp_tuning,,179.9,0,0,0.1,157991768.0,40.0,3396.0,2.0,169.4,3.0,2257025.3,4.0
xgboost_hp_tuning_ID0000012_pegasus-plan_ID0000012,None,compute,0,1677555053.0,,,1677555058.0,1677555107.0,1677555124.0,51310490.7,1677555154.0,1677555228.0,1677555168.0,1677555172.0,253.0,1677555228.0,1677555233.0,5.0,,96.0,74.0,5.0,17.0,502672266.0,4.0,1048.0,poseidon,condorpool,poseidon-worker-2-container-8-15,xgboost_hp_tuning,/srv/xgboost_hp_tuning,,215.1,0,0,0.1,157976433.0,40.0,3336.0,2.0,170.8,3.2,5265881.1,4.0
xgboost_hp_tuning_ID0000023_pegasus-plan_ID0000012,None,compute,0,1677555053.0,,,1677555058.0,1677555108.0,1677555125.0,51276164.3,1677555155.0,1677555213.0,1677555151.0,1677555155.0,262.0,1677555213.0,1677555218.0,5.0,,97.0,58.0,5.0,17.0,502672266.0,4.0,1090.0,poseidon,condorpool,poseidon-worker-1-container-32-39,xgboost_hp_tuning,/srv/xgboost_hp_tuning,,99.3,0,0,0.0,157967981.0,40.0,3305.0,2.0,40.4,2.7,15796798.1,4.0
xgboost_hp_tuning_ID0000016_pegasus-plan_ID0000012,cpu_3,compute,0,1677555053.0,,,1677555058.0,1677555083.0,1677555100.0,51498581.7,1677555131.0,1677555193.0,1677555131.0,1677555135.0,256.0,1677555193.0,1677555198.0,5.0,,73.0,62.0,5.0,17.0,502672266.0,4.0,1054.0,poseidon,condorpool,poseidon-worker-3-container-8-15,xgboost_hp_tuning,/srv/xgboost_hp_tuning,,84.8,0,0,0.0,157970720.0,40.0,3319.0,2.0,65.2,3.0,7898536.0,4.0
xgboost_hp_tuning_ID0000010_pegasus-plan_ID0000012,cpu_3,compute,0,1677555053.0,,,1677555058.0,1677555046.0,1677555063.0,51404918.7,1677555094.0,1677555153.0,1677555090.0,1677555094.0,255.0,1677555153.0,1677555158.0,5.0,,36.0,59.0,5.0,17.0,502672266.0,4.0,1050.0,poseidon,condorpool,poseidon-worker-2-container-40-47,xgboost_hp_tuning,/srv/xgboost_hp_tuning,,70.9,0,0,0.0,157972536.0,40.0,3321.0,2.0,66.9,3.3,7898626.8,4.0
xgboost_hp_tuning_ID0000011_pegasus-plan_ID0000012,None,compute,0,1677555053.0,,,1677555058.0,1677555046.0,1677555063.0,51342972.3,1677555093.0,1677555153.0,1677555094.0,1677555098.0,256.0,1677555153.0,1677555158.0,5.0,,35.0,60.0,5.0,17.0,502672266.0,4.0,1049.0,poseidon,condorpool,poseidon-worker-2-container-8-15,xgboost_hp_tuning,/srv/xgboost_hp_tuning,,139.4,0,0,0.1,157972504.0,40.0,3321.0,2.0,105.5,3.5,7898625.2,4.0
xgboost_hp_tuning_ID0000009_pegasus-plan_ID0000012,cpu_3,compute,0,1677555053.0,,,1677555058.0,1677555046.0,1677555063.0,51381575.3,1677555093.0,1677555153.0,1677555089.0,1677555094.0,249.0,1677555153.0,1677555158.0,5.0,,35.0,60.0,5.0,17.0,502672266.0,5.0,1059.0,poseidon,condorpool,poseidon-worker-1-container-8-15,xgboost_hp_tuning,/srv/xgboost_hp_tuning,,70.5,0,0,0.0,157972499.0,4034.0,3321.0,5.0,67.5,3.0,7898625.0,201.7
xgboost_hp_tuning_ID0000022_pegasus-plan_ID0000012,None,compute,0,1677555053.0,,,1677555058.0,1677555046.0,1677555063.0,51551697.7,1677555093.0,1677555148.0,1677555086.0,1677555090.0,257.0,1677555148.0,1677555153.0,5.0,,35.0,55.0,5.0,17.0,502672266.0,4.0,1062.0,poseidon,condorpool,poseidon-worker-3-container-16-23,xgboost_hp_tuning,/srv/xgboost_hp_tuning,,88.4,0,0,0.0,157966030.0,40.0,3303.0,2.0,43.2,2.6,15796603.0,4.0
xgboost_hp_tuning_ID0000001_pegasus-plan_ID0000020,cpu_3,compute,0,1677555057.0,,,1677555062.0,1677555520.0,1677555549.0,75270474.4,1677555567.0,1677555984.0,1677555924.0,1677555928.0,262.0,1677555984.0,1677555989.0,5.0,,505.0,417.0,5.0,29.0,1691153157.0,4.0,1063.0,poseidon,condorpool,poseidon-worker-3-container-8-15,xgboost_hp_tuning,/srv/xgboost_hp_tuning,,1414.9,0,0,0.0,1346581728.0,40.0,3830.0,2.0,1339.4,54.4,3740504.8,4.0
xgboost_hp_tuning_ID0000013_pegasus-plan_ID0000020,None,compute,0,1677555057.0,,,1677555062.0,1677555500.0,1677555529.0,75065712.9,1677555547.0,1677555944.0,1677555882.0,1677555886.0,256.0,1677555944.0,1677555949.0,5.0,,485.0,397.0,5.0,29.0,1691153157.0,4.0,1055.0,poseidon,condorpool,poseidon-worker-2-container-24-31,xgboost_hp_tuning,/srv/xgboost_hp_tuning,,1932.3,0,0,0.1,1346576269.0,40.0,3801.0,2.0,1864.8,48.7,3960518.4,4.0
xgboost_hp_tuning_ID0000002_pegasus-plan_ID0000020,cpu_3,compute,0,1677555057.0,,,1677555062.0,1677555494.0,1677555523.0,75064033.2,1677555541.0,1677555974.0,1677555911.0,1677555915.0,260.0,1677555974.0,1677555979.0,5.0,,479.0,433.0,5.0,29.0,1691153157.0,4.0,1064.0,poseidon,condorpool,poseidon-worker-1-container-16-23,xgboost_hp_tuning,/srv/xgboost_hp_tuning,,1434.0,0,0,0.1,1346587673.0,40.0,3846.0,2.0,1344.3,55.6,3639426.1,4.0
xgboost_hp_tuning_ID0000009_pegasus-plan_ID0000020,cpu_3,compute,0,1677555057.0,,,1677555062.0,1677555109.0,1677555138.0,75064722.8,1677555157.0,1677555543.0,1677555481.0,1677555485.0,251.0,1677555543.0,1677555548.0,5.0,,95.0,386.0,5.0,29.0,1691153157.0,4.0,1059.0,poseidon,condorpool,poseidon-worker-1-container-16-23,xgboost_hp_tuning,/srv/xgboost_hp_tuning,,1174.0,0,0,0.0,1346572108.0,40.0,3787.0,2.0,1117.2,44.8,4080521.5,4.0
xgboost_hp_tuning_ID0000023_pegasus-plan_ID0000020,cpu_3,compute,0,1677555057.0,,,1677555062.0,1677555528.0,1677555557.0,75068440.3,1677555575.0,1677556009.0,1677555949.0,1677555953.0,265.0,1677556009.0,1677556014.0,5.0,,513.0,434.0,5.0,29.0,1691153157.0,4.0,1092.0,poseidon,condorpool,poseidon-worker-2-container-16-23,xgboost_hp_tuning,/srv/xgboost_hp_tuning,,1406.4,0,0,0.1,1346591537.0,40.0,3862.0,2.0,1334.3,60.6,3543661.9,4.0
xgboost_hp_tuning_ID0000006_pegasus-plan_ID0000020,None,compute,0,1677555057.0,,,1677555062.0,1677555148.0,1677555177.0,75194991.9,1677555195.0,1677555618.0,1677555555.0,1677555559.0,262.0,1677555618.0,1677555623.0,5.0,,133.0,423.0,5.0,29.0,1691153157.0,4.0,1067.0,poseidon,condorpool,poseidon-worker-3-container-40-47,xgboost_hp_tuning,/srv/xgboost_hp_tuning,,2052.0,0,0,0.3,1346582083.0,40.0,3829.0,2.0,1928.8,61.3,3740505.8,4.0
xgboost_hp_tuning_ID0000017_pegasus-plan_ID0000020,cpu_3,compute,0,1677555057.0,,,1677555062.0,1677555148.0,1677555177.0,75176288.3,1677555196.0,1677555729.0,1677555668.0,1677555673.0,260.0,1677555729.0,1677555734.0,5.0,,134.0,533.0,5.0,29.0,1691153157.0,5.0,1055.0,poseidon,condorpool,poseidon-worker-3-container-0-7,xgboost_hp_tuning,/srv/xgboost_hp_tuning,,1780.6,0,0,0.0,1346627583.0,40.0,4009.0,2.0,1697.6,75.4,2805474.1,4.0
xgboost_hp_tuning_ID0000005_pegasus-plan_ID0000020,cpu_3,compute,0,1677555057.0,,,1677555062.0,1677555150.0,1677555179.0,74846741.5,1677555197.0,1677555659.0,1677555595.0,1677555599.0,266.0,1677555659.0,1677555664.0,5.0,,135.0,462.0,5.0,29.0,1691153157.0,4.0,1079.0,poseidon,condorpool,poseidon-worker-3-container-32-39,xgboost_hp_tuning,/srv/xgboost_hp_tuning,,1529.5,0,0,0.0,1346597262.0,40.0,3889.0,2.0,1443.5,62.1,3366493.2,4.0
xgboost_hp_tuning_ID0000018_pegasus-plan_ID0000020,cpu_3,compute,0,1677555057.0,,,1677555062.0,1677555145.0,1677555175.0,75264276.4,1677555193.0,1677555669.0,1677555605.0,1677555609.0,260.0,1677555669.0,1677555674.0,5.0,,131.0,476.0,5.0,30.0,1691153157.0,4.0,1055.0,poseidon,condorpool,poseidon-worker-3-container-24-31,xgboost_hp_tuning,/srv/xgboost_hp_tuning,,1531.8,0,0,0.0,1346605006.0,40.0,3919.0,2.0,1460.9,66.1,3206202.4,4.0
xgboost_hp_tuning_ID0000012_pegasus-plan_ID0000020,None,compute,0,1677555057.0,,,1677555062.0,1677555520.0,1677555550.0,75134364.9,1677555568.0,1677555949.0,1677555889.0,1677555893.0,256.0,1677555949.0,1677555954.0,5.0,,506.0,381.0,5.0,30.0,1691153157.0,4.0,1050.0,poseidon,condorpool,poseidon-worker-2-container-32-39,xgboost_hp_tuning,/srv/xgboost_hp_tuning,,1864.6,0,0,0.1,1346568634.0,40.0,3771.0,2.0,1745.2,51.4,4208027.0,4.0
xgboost_hp_tuning_ID0000019_pegasus-plan_ID0000020,None,compute,0,1677555057.0,,,1677555062.0,1677555135.0,1677555164.0,75270078.0,1677555182.0,1677555684.0,1677555622.0,1677555626.0,263.0,1677555684.0,1677555689.0,5.0,,120.0,502.0,5.0,29.0,1691153157.0,4.0,1060.0,poseidon,condorpool,poseidon-worker-3-container-16-23,xgboost_hp_tuning,/srv/xgboost_hp_tuning,,2622.9,0,0,0.0,1346612678.0,40.0,3949.0,2.0,2501.2,58.9,3060483.4,4.0
xgboost_hp_tuning_ID0000020_pegasus-plan_ID0000020,None,compute,0,1677555057.0,,,1677555062.0,1677555112.0,1677555141.0,75182166.2,1677555159.0,1677555654.0,1677555592.0,1677555596.0,257.0,1677555654.0,1677555659.0,5.0,,97.0,495.0,5.0,29.0,1691153157.0,4.0,1063.0,poseidon,condorpool,poseidon-worker-2-container-0-7,xgboost_hp_tuning,/srv/xgboost_hp_tuning,,2491.0,0,0,0.1,1346613993.0,40.0,3951.0,2.0,2415.9,66.9,3060486.3,4.0
xgboost_hp_tuning_ID0000021_pegasus-plan_ID0000020,None,compute,0,1677555057.0,,,1677555062.0,1677555111.0,1677555141.0,74964680.6,1677555159.0,1677555538.0,1677555474.0,1677555478.0,257.0,1677555538.0,1677555543.0,5.0,,97.0,379.0,5.0,30.0,1691153157.0,4.0,1063.0,poseidon,condorpool,poseidon-worker-1-container-0-7,xgboost_hp_tuning,/srv/xgboost_hp_tuning,,1643.2,0,0,0.0,1346568060.0,40.0,3771.0,2.0,1571.7,46.9,4208025.2,4.0
xgboost_hp_tuning_ID0000010_pegasus-plan_ID0000020,cpu_3,compute,0,1677555057.0,,,1677555062.0,1677555110.0,1677555139.0,75202706.2,1677555157.0,1677555578.0,1677555514.0,1677555519.0,251.0,1677555578.0,1677555583.0,5.0,,95.0,421.0,5.0,29.0,1691153157.0,5.0,1050.0,poseidon,condorpool,poseidon-worker-2-container-16-23,xgboost_hp_tuning,/srv/xgboost_hp_tuning,,1357.7,0,0,0.0,1346583581.0,40.0,3831.0,2.0,1278.5,55.8,3740509.9,4.0
xgboost_hp_tuning_ID0000022_pegasus-plan_ID0000020,cpu_3,compute,0,1677555057.0,,,1677555062.0,1677555110.0,1677555139.0,74952417.9,1677555157.0,1677555623.0,1677555561.0,1677555566.0,254.0,1677555623.0,1677555628.0,5.0,,95.0,466.0,5.0,29.0,1691153157.0,5.0,1063.0,poseidon,condorpool,poseidon-worker-1-container-24-31,xgboost_hp_tuning,/srv/xgboost_hp_tuning,,1467.0,0,0,0.1,1346605579.0,40.0,3912.0,2.0,1394.8,59.0,3284403.9,4.0
xgboost_hp_tuning_ID0000011_pegasus-plan_ID0000020,None,compute,0,1677555057.0,,,1677555062.0,1677555109.0,1677555139.0,75195870.4,1677555157.0,1677555548.0,1677555487.0,1677555491.0,254.0,1677555548.0,1677555553.0,5.0,,95.0,391.0,5.0,30.0,1691153157.0,4.0,1049.0,poseidon,condorpool,poseidon-worker-2-container-24-31,xgboost_hp_tuning,/srv/xgboost_hp_tuning,,1950.2,0,0,0.0,1346572410.0,40.0,3786.0,2.0,1834.7,56.0,4080522.5,4.0
xgboost_hp_tuning_ID0000016_pegasus-plan_ID0000020,cpu_3,compute,0,1677555057.0,,,1677555062.0,1677555157.0,1677555186.0,75122228.9,1677555205.0,1677555684.0,1677555622.0,1677555626.0,258.0,1677555684.0,1677555689.0,5.0,,143.0,479.0,5.0,29.0,1691153157.0,4.0,1053.0,poseidon,condorpool,poseidon-worker-1-container-40-47,xgboost_hp_tuning,/srv/xgboost_hp_tuning,,1528.7,0,0,0.1,1346606864.0,40.0,3921.0,2.0,1442.8,60.1,3206206.8,4.0
xgboost_hp_tuning_ID0000004_pegasus-plan_ID0000020,cpu_3,compute,0,1677555057.0,,,1677555062.0,1677555157.0,1677555187.0,75174782.2,1677555205.0,1677555623.0,1677555561.0,1677555565.0,254.0,1677555623.0,1677555628.0,5.0,,143.0,418.0,5.0,30.0,1691153157.0,4.0,1062.0,poseidon,condorpool,poseidon-worker-1-container-8-15,xgboost_hp_tuning,/srv/xgboost_hp_tuning,,1247.1,0,0,0.1,1346583676.0,40.0,3831.0,2.0,1159.8,67.4,3740510.2,4.0
xgboost_hp_tuning_ID0000015_pegasus-plan_ID0000020,None,compute,0,1677555057.0,,,1677555062.0,1677555164.0,1677555193.0,75044973.5,1677555211.0,1677555583.0,1677555523.0,1677555527.0,256.0,1677555583.0,1677555588.0,5.0,,149.0,372.0,5.0,29.0,1691153157.0,4.0,1055.0,poseidon,condorpool,poseidon-worker-1-container-32-39,xgboost_hp_tuning,/srv/xgboost_hp_tuning,,1783.2,0,0,0.1,1346568587.0,40.0,3771.0,2.0,1726.6,56.2,4208026.8,4.0
xgboost_hp_tuning_ID0000003_pegasus-plan_ID0000020,None,compute,0,1677555057.0,,,1677555062.0,1677555181.0,1677555210.0,75094594.9,1677555228.0,1677555699.0,1677555638.0,1677555642.0,258.0,1677555699.0,1677555704.0,5.0,,166.0,471.0,5.0,29.0,1691153157.0,4.0,1063.0,poseidon,condorpool,poseidon-worker-2-container-8-15,xgboost_hp_tuning,/srv/xgboost_hp_tuning,,2367.9,0,0,0.0,1346602883.0,40.0,3906.0,2.0,2248.3,67.2,3284397.3,4.0
xgboost_hp_tuning_ID0000014_pegasus-plan_ID0000020,cpu_3,compute,0,1677555057.0,,,1677555062.0,1677555330.0,1677555359.0,75020703.5,1677555377.0,1677555829.0,1677555769.0,1677555774.0,256.0,1677555829.0,1677555834.0,5.0,,315.0,452.0,5.0,29.0,1691153157.0,5.0,1054.0,poseidon,condorpool,poseidon-worker-2-container-40-47,xgboost_hp_tuning,/srv/xgboost_hp_tuning,,1483.0,0,0,0.0,1346599128.0,40.0,3891.0,2.0,1418.0,61.6,3366497.8,4.0
xgboost_hp_tuning_ID0000008_pegasus-plan_ID0000020,None,compute,0,1677555057.0,,,1677555062.0,1677555114.0,1677555143.0,75027190.5,1677555161.0,1677555568.0,1677555507.0,1677555511.0,256.0,1677555568.0,1677555573.0,5.0,,99.0,407.0,5.0,29.0,1691153157.0,4.0,1057.0,poseidon,condorpool,poseidon-worker-2-container-32-39,xgboost_hp_tuning,/srv/xgboost_hp_tuning,,2039.1,0,0,0.1,1346579886.0,40.0,3816.0,2.0,1959.9,52.2,3847371.1,4.0
xgboost_hp_tuning_ID0000007_pegasus-plan_ID0000020,cpu_3,compute,0,1677555057.0,,,1677555062.0,1677555144.0,1677555173.0,75276802.9,1677555191.0,1677555568.0,1677555507.0,1677555511.0,259.0,1677555568.0,1677555573.0,5.0,,129.0,377.0,5.0,29.0,1691153157.0,4.0,1066.0,poseidon,condorpool,poseidon-worker-3-container-8-15,xgboost_hp_tuning,/srv/xgboost_hp_tuning,,1158.1,0,0,0.0,1346566472.0,40.0,3770.0,2.0,1083.8,53.3,4208020.2,4.0
stage_out_local_condorpool_0_2_pegasus-plan_ID0000016,None,transfer,0,1677555137.0,,,1677555142.0,,,0.0,1677555142.0,1677555152.0,1677555142.0,1677555146.0,1839.0,1677555152.0,1677555157.0,5.0,,0.0,10.0,5.0,,,4.0,7419.0,poseidon,local,host-10-100-100-12.openstacklocal,pegasus::transfer,/home/poseidon/pegasus-5.1.0panorama/bin/pegasus-transfer,/home/poseidon/pegasus-5.1.0panorama/bin/../bin/pegasus-kickstart  -n pegasus::transfer -N null -i - -R local  -L xgboost_hp_tuning_group_1 -T 2023-02-28T03:29:53+00:00 /home/poseidon/pegasus-5.1.0panorama/bin/../bin/pegasus-transfer  --threads 2,0.9,0,0,,,,,,,,,
stage_out_local_condorpool_0_1_pegasus-plan_ID0000016,None,transfer,0,1677555137.0,,,1677555142.0,,,0.0,1677555142.0,1677555152.0,1677555142.0,1677555146.0,2107.0,1677555152.0,1677555157.0,5.0,,0.0,10.0,5.0,,,4.0,8496.0,poseidon,local,host-10-100-100-12.openstacklocal,pegasus::transfer,/home/poseidon/pegasus-5.1.0panorama/bin/pegasus-transfer,/home/poseidon/pegasus-5.1.0panorama/bin/../bin/pegasus-kickstart  -n pegasus::transfer -N null -i - -R local  -L xgboost_hp_tuning_group_1 -T 2023-02-28T03:29:53+00:00 /home/poseidon/pegasus-5.1.0panorama/bin/../bin/pegasus-transfer  --threads 2,1.1,0,0,,,,,,,,,
xgboost_best_params_ID0000024_pegasus-plan_ID0000016,None,compute,0,1677555137.0,,,1677555142.0,1677555099.0,1677555116.0,39820251.0,1677555146.0,1677555182.0,1677555122.0,1677555126.0,257.0,1677555182.0,1677555187.0,5.0,,4.0,36.0,5.0,17.0,368018642.0,4.0,1054.0,poseidon,condorpool,poseidon-worker-3-container-16-23,xgboost_best_params,/srv/xgboost_best_params,,0.0,0,0,,,,,,,,,
stage_out_local_condorpool_0_0_pegasus-plan_ID0000016,None,transfer,0,1677555137.0,,,1677555142.0,,,0.0,1677555142.0,1677555152.0,1677555142.0,1677555146.0,2098.0,1677555152.0,1677555157.0,5.0,,0.0,10.0,5.0,,,4.0,8458.0,poseidon,local,host-10-100-100-12.openstacklocal,pegasus::transfer,/home/poseidon/pegasus-5.1.0panorama/bin/pegasus-transfer,/home/poseidon/pegasus-5.1.0panorama/bin/../bin/pegasus-kickstart  -n pegasus::transfer -N null -i - -R local  -L xgboost_hp_tuning_group_1 -T 2023-02-28T03:29:53+00:00 /home/poseidon/pegasus-5.1.0panorama/bin/../bin/pegasus-transfer  --threads 2,1.1,0,0,,,,,,,,,
register_condorpool_0_2_pegasus-plan_ID0000016,None,auxiliary,0,1677555157.0,,,1677555162.0,,,0.0,1677555162.0,1677555167.0,,,0.0,1677555167.0,1677555172.0,5.0,,0.0,5.0,5.0,,,,,poseidon,local,host-10-100-100-12.openstacklocal,pegasus::rc-client,/home/poseidon/pegasus-5.1.0panorama/bin/pegasus-rc-client,"-n pegasus::rc-client -N null -R local  -L xgboost_hp_tuning_group_1 -T 2023-02-28T03:29:53+00:00 /home/poseidon/pegasus-5.1.0panorama/bin/pegasus-rc-client --prefix pegasus.catalog.replica.output --conf /home/poseidon/workflows/predict-future-sales-workflow/submit/poseidon/pegasus/predict-future-sales/run0280/00/00/./xgboost_hp_tuning_group_1.000/pegasus.11709891198961466576.properties -v --meta /home/poseidon/workflows/predict-future-sales-workflow/submit/poseidon/pegasus/predict-future-sales/run0280/00/00/./xgboost_hp_tuning_group_1.000/00/00/xgboost_hp_tuning_ID0000017.meta,/home/poseidon/workflows/predict-future-sales-workflow/submit/poseidon/pegasus/predict-future-sales/run0280/00/00/./xgboost_hp_tuning_group_1.000/00/00/xgboost_hp_tuning_ID0000022.meta,/home/poseidon/workflows/predict-future-sales-workflow/submit/poseidon/pegasus/predict-future-sales/run0280/00/00/./xgboost_hp_tuning_group_1.000/00/00/xgboost_hp_tuning_ID0000007.meta,/home/poseidon/workflows/predict-future-sales-workflow/submit/poseidon/pegasus/predict-future-sales/run0280/00/00/./xgboost_hp_tuning_group_1.000/00/00/xgboost_hp_tuning_ID0000020.meta,/home/poseidon/workflows/predict-future-sales-workflow/submit/poseidon/pegasus/predict-future-sales/run0280/00/00/./xgboost_hp_tuning_group_1.000/00/00/xgboost_hp_tuning_ID0000001.meta,/home/poseidon/workflows/predict-future-sales-workflow/submit/poseidon/pegasus/predict-future-sales/run0280/00/00/./xgboost_hp_tuning_group_1.000/00/00/xgboost_hp_tuning_ID0000004.meta,/home/poseidon/workflows/predict-future-sales-workflow/submit/poseidon/pegasus/predict-future-sales/run0280/00/00/./xgboost_hp_tuning_group_1.000/00/00/xgboost_hp_tuning_ID0000014.meta --insert /home/poseidon/workflows/predict-future-sales-workflow/submit/poseidon/pegasus/predict-future-sales/run0280/00/00/./xgboost_hp_tuning_group_1.000/00/00/register_condorpool_0_2.in",3.2,0,0,,,,,,,,,
register_condorpool_0_0_pegasus-plan_ID0000016,None,auxiliary,0,1677555157.0,,,1677555172.0,,,0.0,1677555172.0,1677555177.0,,,0.0,1677555177.0,1677555182.0,15.0,,0.0,5.0,5.0,,,,,poseidon,local,host-10-100-100-12.openstacklocal,pegasus::rc-client,/home/poseidon/pegasus-5.1.0panorama/bin/pegasus-rc-client,"-n pegasus::rc-client -N null -R local  -L xgboost_hp_tuning_group_1 -T 2023-02-28T03:29:53+00:00 /home/poseidon/pegasus-5.1.0panorama/bin/pegasus-rc-client --prefix pegasus.catalog.replica.output --conf /home/poseidon/workflows/predict-future-sales-workflow/submit/poseidon/pegasus/predict-future-sales/run0280/00/00/./xgboost_hp_tuning_group_1.000/pegasus.11709891198961466576.properties -v --meta /home/poseidon/workflows/predict-future-sales-workflow/submit/poseidon/pegasus/predict-future-sales/run0280/00/00/./xgboost_hp_tuning_group_1.000/00/00/xgboost_hp_tuning_ID0000018.meta,/home/poseidon/workflows/predict-future-sales-workflow/submit/poseidon/pegasus/predict-future-sales/run0280/00/00/./xgboost_hp_tuning_group_1.000/00/00/xgboost_hp_tuning_ID0000002.meta,/home/poseidon/workflows/predict-future-sales-workflow/submit/poseidon/pegasus/predict-future-sales/run0280/00/00/./xgboost_hp_tuning_group_1.000/00/00/xgboost_hp_tuning_ID0000005.meta,/home/poseidon/workflows/predict-future-sales-workflow/submit/poseidon/pegasus/predict-future-sales/run0280/00/00/./xgboost_hp_tuning_group_1.000/00/00/xgboost_hp_tuning_ID0000009.meta,/home/poseidon/workflows/predict-future-sales-workflow/submit/poseidon/pegasus/predict-future-sales/run0280/00/00/./xgboost_hp_tuning_group_1.000/00/00/xgboost_hp_tuning_ID0000015.meta,/home/poseidon/workflows/predict-future-sales-workflow/submit/poseidon/pegasus/predict-future-sales/run0280/00/00/./xgboost_hp_tuning_group_1.000/00/00/xgboost_hp_tuning_ID0000012.meta,/home/poseidon/workflows/predict-future-sales-workflow/submit/poseidon/pegasus/predict-future-sales/run0280/00/00/./xgboost_hp_tuning_group_1.000/00/00/xgboost_hp_tuning_ID0000010.meta,/home/poseidon/workflows/predict-future-sales-workflow/submit/poseidon/pegasus/predict-future-sales/run0280/00/00/./xgboost_hp_tuning_group_1.000/00/00/xgboost_hp_tuning_ID0000008.meta --insert /home/poseidon/workflows/predict-future-sales-workflow/submit/poseidon/pegasus/predict-future-sales/run0280/00/00/./xgboost_hp_tuning_group_1.000/00/00/register_condorpool_0_0.in",3.1,0,0,,,,,,,,,
register_condorpool_0_1_pegasus-plan_ID0000016,None,auxiliary,0,1677555157.0,,,1677555182.0,,,0.0,1677555182.0,1677555187.0,,,0.0,1677555187.0,1677555192.0,25.0,,0.0,5.0,5.0,,,,,poseidon,local,host-10-100-100-12.openstacklocal,pegasus::rc-client,/home/poseidon/pegasus-5.1.0panorama/bin/pegasus-rc-client,"-n pegasus::rc-client -N null -R local  -L xgboost_hp_tuning_group_1 -T 2023-02-28T03:29:53+00:00 /home/poseidon/pegasus-5.1.0panorama/bin/pegasus-rc-client --prefix pegasus.catalog.replica.output --conf /home/poseidon/workflows/predict-future-sales-workflow/submit/poseidon/pegasus/predict-future-sales/run0280/00/00/./xgboost_hp_tuning_group_1.000/pegasus.11709891198961466576.properties -v --meta /home/poseidon/workflows/predict-future-sales-workflow/submit/poseidon/pegasus/predict-future-sales/run0280/00/00/./xgboost_hp_tuning_group_1.000/00/00/xgboost_hp_tuning_ID0000013.meta,/home/poseidon/workflows/predict-future-sales-workflow/submit/poseidon/pegasus/predict-future-sales/run0280/00/00/./xgboost_hp_tuning_group_1.000/00/00/xgboost_hp_tuning_ID0000023.meta,/home/poseidon/workflows/predict-future-sales-workflow/submit/poseidon/pegasus/predict-future-sales/run0280/00/00/./xgboost_hp_tuning_group_1.000/00/00/xgboost_hp_tuning_ID0000011.meta,/home/poseidon/workflows/predict-future-sales-workflow/submit/poseidon/pegasus/predict-future-sales/run0280/00/00/./xgboost_hp_tuning_group_1.000/00/00/xgboost_hp_tuning_ID0000006.meta,/home/poseidon/workflows/predict-future-sales-workflow/submit/poseidon/pegasus/predict-future-sales/run0280/00/00/./xgboost_hp_tuning_group_1.000/00/00/xgboost_hp_tuning_ID0000003.meta,/home/poseidon/workflows/predict-future-sales-workflow/submit/poseidon/pegasus/predict-future-sales/run0280/00/00/./xgboost_hp_tuning_group_1.000/00/00/xgboost_hp_tuning_ID0000021.meta,/home/poseidon/workflows/predict-future-sales-workflow/submit/poseidon/pegasus/predict-future-sales/run0280/00/00/./xgboost_hp_tuning_group_1.000/00/00/xgboost_hp_tuning_ID0000019.meta,/home/poseidon/workflows/predict-future-sales-workflow/submit/poseidon/pegasus/predict-future-sales/run0280/00/00/./xgboost_hp_tuning_group_1.000/00/00/xgboost_hp_tuning_ID0000016.meta --insert /home/poseidon/workflows/predict-future-sales-workflow/submit/poseidon/pegasus/predict-future-sales/run0280/00/00/./xgboost_hp_tuning_group_1.000/00/00/register_condorpool_0_1.in",3.2,0,0,,,,,,,,,
stage_out_local_condorpool_1_0_pegasus-plan_ID0000016,None,transfer,0,1677555187.0,,,1677555192.0,,,0.0,1677555192.0,1677555202.0,1677555192.0,1677555197.0,1203.0,1677555202.0,1677555207.0,5.0,,0.0,10.0,5.0,,,5.0,5270.0,poseidon,local,host-10-100-100-12.openstacklocal,pegasus::transfer,/home/poseidon/pegasus-5.1.0panorama/bin/pegasus-transfer,/home/poseidon/pegasus-5.1.0panorama/bin/../bin/pegasus-kickstart  -n pegasus::transfer -N null -i - -R local  -L xgboost_hp_tuning_group_1 -T 2023-02-28T03:29:53+00:00 /home/poseidon/pegasus-5.1.0panorama/bin/../bin/pegasus-transfer  --threads 2,0.7,0,0,,,,,,,,,
register_condorpool_1_0_pegasus-plan_ID0000016,None,auxiliary,0,1677555207.0,,,1677555212.0,,,0.0,1677555212.0,1677555217.0,,,0.0,1677555217.0,1677555222.0,5.0,,0.0,5.0,5.0,,,,,poseidon,local,host-10-100-100-12.openstacklocal,pegasus::rc-client,/home/poseidon/pegasus-5.1.0panorama/bin/pegasus-rc-client,-n pegasus::rc-client -N null -R local  -L xgboost_hp_tuning_group_1 -T 2023-02-28T03:29:53+00:00 /home/poseidon/pegasus-5.1.0panorama/bin/pegasus-rc-client --prefix pegasus.catalog.replica.output --conf /home/poseidon/workflows/predict-future-sales-workflow/submit/poseidon/pegasus/predict-future-sales/run0280/00/00/./xgboost_hp_tuning_group_1.000/pegasus.11709891198961466576.properties -v --meta /home/poseidon/workflows/predict-future-sales-workflow/submit/poseidon/pegasus/predict-future-sales/run0280/00/00/./xgboost_hp_tuning_group_1.000/00/00/xgboost_best_params_ID0000024.meta --insert /home/poseidon/workflows/predict-future-sales-workflow/submit/poseidon/pegasus/predict-future-sales/run0280/00/00/./xgboost_hp_tuning_group_1.000/00/00/register_condorpool_1_0.in,3.0,0,0,,,,,,,,,
stage_out_local_condorpool_0_1_pegasus-plan_ID0000012,None,transfer,0,1677555218.0,,,1677555223.0,,,0.0,1677555223.0,1677555233.0,1677555223.0,1677555227.0,2107.0,1677555233.0,1677555238.0,5.0,,0.0,10.0,5.0,,,4.0,8504.0,poseidon,local,host-10-100-100-12.openstacklocal,pegasus::transfer,/home/poseidon/pegasus-5.1.0panorama/bin/pegasus-transfer,/home/poseidon/pegasus-5.1.0panorama/bin/../bin/pegasus-kickstart  -n pegasus::transfer -N null -i - -R local  -L xgboost_hp_tuning_group_0 -T 2023-02-28T03:29:59+00:00 /home/poseidon/pegasus-5.1.0panorama/bin/../bin/pegasus-transfer  --threads 2,1.1,0,0,,,,,,,,,
xgboost_model_ID0000017,cpu_3,compute,0,1677555226.0,,,1677555231.0,1677555212.0,1677555230.0,45598882.8,1677555260.0,1677555306.0,1677555242.0,1677555246.0,105858.0,1677555306.0,1677555311.0,5.0,,29.0,46.0,5.0,18.0,377645121.0,4.0,456657.0,poseidon,condorpool,poseidon-worker-2-container-40-47,xgboost_model,/srv/xgboost_model,,14.3,0,0,,,,,,,,,
stage_out_local_condorpool_0_0_pegasus-plan_ID0000012,None,transfer,0,1677555233.0,,,1677555238.0,,,0.0,1677555238.0,1677555248.0,1677555239.0,1677555243.0,2099.0,1677555248.0,1677555253.0,5.0,,0.0,10.0,5.0,,,4.0,8462.0,poseidon,local,host-10-100-100-12.openstacklocal,pegasus::transfer,/home/poseidon/pegasus-5.1.0panorama/bin/pegasus-transfer,/home/poseidon/pegasus-5.1.0panorama/bin/../bin/pegasus-kickstart  -n pegasus::transfer -N null -i - -R local  -L xgboost_hp_tuning_group_0 -T 2023-02-28T03:29:59+00:00 /home/poseidon/pegasus-5.1.0panorama/bin/../bin/pegasus-transfer  --threads 2,1.0,0,0,,,,,,,,,
register_condorpool_0_1_pegasus-plan_ID0000012,None,auxiliary,0,1677555238.0,,,1677555243.0,,,0.0,1677555245.0,1677555248.0,,,0.0,1677555248.0,1677555253.0,5.0,,2.0,3.0,5.0,,,,,poseidon,local,host-10-100-100-12.openstacklocal,pegasus::rc-client,/home/poseidon/pegasus-5.1.0panorama/bin/pegasus-rc-client,"-n pegasus::rc-client -N null -R local  -L xgboost_hp_tuning_group_0 -T 2023-02-28T03:29:59+00:00 /home/poseidon/pegasus-5.1.0panorama/bin/pegasus-rc-client --prefix pegasus.catalog.replica.output --conf /home/poseidon/workflows/predict-future-sales-workflow/submit/poseidon/pegasus/predict-future-sales/run0280/00/00/./xgboost_hp_tuning_group_0.000/pegasus.10315821730870384025.properties -v --meta /home/poseidon/workflows/predict-future-sales-workflow/submit/poseidon/pegasus/predict-future-sales/run0280/00/00/./xgboost_hp_tuning_group_0.000/00/00/xgboost_hp_tuning_ID0000013.meta,/home/poseidon/workflows/predict-future-sales-workflow/submit/poseidon/pegasus/predict-future-sales/run0280/00/00/./xgboost_hp_tuning_group_0.000/00/00/xgboost_hp_tuning_ID0000023.meta,/home/poseidon/workflows/predict-future-sales-workflow/submit/poseidon/pegasus/predict-future-sales/run0280/00/00/./xgboost_hp_tuning_group_0.000/00/00/xgboost_hp_tuning_ID0000011.meta,/home/poseidon/workflows/predict-future-sales-workflow/submit/poseidon/pegasus/predict-future-sales/run0280/00/00/./xgboost_hp_tuning_group_0.000/00/00/xgboost_hp_tuning_ID0000006.meta,/home/poseidon/workflows/predict-future-sales-workflow/submit/poseidon/pegasus/predict-future-sales/run0280/00/00/./xgboost_hp_tuning_group_0.000/00/00/xgboost_hp_tuning_ID0000003.meta,/home/poseidon/workflows/predict-future-sales-workflow/submit/poseidon/pegasus/predict-future-sales/run0280/00/00/./xgboost_hp_tuning_group_0.000/00/00/xgboost_hp_tuning_ID0000021.meta,/home/poseidon/workflows/predict-future-sales-workflow/submit/poseidon/pegasus/predict-future-sales/run0280/00/00/./xgboost_hp_tuning_group_0.000/00/00/xgboost_hp_tuning_ID0000019.meta,/home/poseidon/workflows/predict-future-sales-workflow/submit/poseidon/pegasus/predict-future-sales/run0280/00/00/./xgboost_hp_tuning_group_0.000/00/00/xgboost_hp_tuning_ID0000016.meta --insert /home/poseidon/workflows/predict-future-sales-workflow/submit/poseidon/pegasus/predict-future-sales/run0280/00/00/./xgboost_hp_tuning_group_0.000/00/00/register_condorpool_0_1.in",3.0,0,0,,,,,,,,,
register_condorpool_0_0_pegasus-plan_ID0000012,None,auxiliary,0,1677555253.0,,,1677555258.0,,,0.0,1677555258.0,1677555263.0,,,0.0,1677555263.0,1677555268.0,5.0,,0.0,5.0,5.0,,,,,poseidon,local,host-10-100-100-12.openstacklocal,pegasus::rc-client,/home/poseidon/pegasus-5.1.0panorama/bin/pegasus-rc-client,"-n pegasus::rc-client -N null -R local  -L xgboost_hp_tuning_group_0 -T 2023-02-28T03:29:59+00:00 /home/poseidon/pegasus-5.1.0panorama/bin/pegasus-rc-client --prefix pegasus.catalog.replica.output --conf /home/poseidon/workflows/predict-future-sales-workflow/submit/poseidon/pegasus/predict-future-sales/run0280/00/00/./xgboost_hp_tuning_group_0.000/pegasus.10315821730870384025.properties -v --meta /home/poseidon/workflows/predict-future-sales-workflow/submit/poseidon/pegasus/predict-future-sales/run0280/00/00/./xgboost_hp_tuning_group_0.000/00/00/xgboost_hp_tuning_ID0000018.meta,/home/poseidon/workflows/predict-future-sales-workflow/submit/poseidon/pegasus/predict-future-sales/run0280/00/00/./xgboost_hp_tuning_group_0.000/00/00/xgboost_hp_tuning_ID0000002.meta,/home/poseidon/workflows/predict-future-sales-workflow/submit/poseidon/pegasus/predict-future-sales/run0280/00/00/./xgboost_hp_tuning_group_0.000/00/00/xgboost_hp_tuning_ID0000005.meta,/home/poseidon/workflows/predict-future-sales-workflow/submit/poseidon/pegasus/predict-future-sales/run0280/00/00/./xgboost_hp_tuning_group_0.000/00/00/xgboost_hp_tuning_ID0000009.meta,/home/poseidon/workflows/predict-future-sales-workflow/submit/poseidon/pegasus/predict-future-sales/run0280/00/00/./xgboost_hp_tuning_group_0.000/00/00/xgboost_hp_tuning_ID0000015.meta,/home/poseidon/workflows/predict-future-sales-workflow/submit/poseidon/pegasus/predict-future-sales/run0280/00/00/./xgboost_hp_tuning_group_0.000/00/00/xgboost_hp_tuning_ID0000012.meta,/home/poseidon/workflows/predict-future-sales-workflow/submit/poseidon/pegasus/predict-future-sales/run0280/00/00/./xgboost_hp_tuning_group_0.000/00/00/xgboost_hp_tuning_ID0000010.meta,/home/poseidon/workflows/predict-future-sales-workflow/submit/poseidon/pegasus/predict-future-sales/run0280/00/00/./xgboost_hp_tuning_group_0.000/00/00/xgboost_hp_tuning_ID0000008.meta --insert /home/poseidon/workflows/predict-future-sales-workflow/submit/poseidon/pegasus/predict-future-sales/run0280/00/00/./xgboost_hp_tuning_group_0.000/00/00/register_condorpool_0_0.in",3.0,0,0,,,,,,,,,
xgboost_best_params_ID0000024_pegasus-plan_ID0000012,cpu_3,compute,0,1677555268.0,,,1677555273.0,1677555255.0,1677555272.0,39730091.7,1677555302.0,1677555338.0,1677555279.0,1677555283.0,265.0,1677555338.0,1677555343.0,5.0,,29.0,36.0,5.0,17.0,368018653.0,4.0,1090.0,poseidon,condorpool,poseidon-worker-2-container-40-47,xgboost_best_params,/srv/xgboost_best_params,,0.0,0,0,,,,,,,,,
stage_out_local_condorpool_0_2_pegasus-plan_ID0000012,None,transfer,0,1677555268.0,,,1677555273.0,,,0.0,1677555273.0,1677555283.0,1677555273.0,1677555277.0,1838.0,1677555283.0,1677555288.0,5.0,,0.0,10.0,5.0,,,4.0,7418.0,poseidon,local,host-10-100-100-12.openstacklocal,pegasus::transfer,/home/poseidon/pegasus-5.1.0panorama/bin/pegasus-transfer,/home/poseidon/pegasus-5.1.0panorama/bin/../bin/pegasus-kickstart  -n pegasus::transfer -N null -i - -R local  -L xgboost_hp_tuning_group_0 -T 2023-02-28T03:29:59+00:00 /home/poseidon/pegasus-5.1.0panorama/bin/../bin/pegasus-transfer  --threads 2,0.9,0,0,,,,,,,,,
register_condorpool_0_2_pegasus-plan_ID0000012,None,auxiliary,0,1677555288.0,,,1677555293.0,,,0.0,1677555293.0,1677555298.0,,,0.0,1677555298.0,1677555303.0,5.0,,0.0,5.0,5.0,,,,,poseidon,local,host-10-100-100-12.openstacklocal,pegasus::rc-client,/home/poseidon/pegasus-5.1.0panorama/bin/pegasus-rc-client,"-n pegasus::rc-client -N null -R local  -L xgboost_hp_tuning_group_0 -T 2023-02-28T03:29:59+00:00 /home/poseidon/pegasus-5.1.0panorama/bin/pegasus-rc-client --prefix pegasus.catalog.replica.output --conf /home/poseidon/workflows/predict-future-sales-workflow/submit/poseidon/pegasus/predict-future-sales/run0280/00/00/./xgboost_hp_tuning_group_0.000/pegasus.10315821730870384025.properties -v --meta /home/poseidon/workflows/predict-future-sales-workflow/submit/poseidon/pegasus/predict-future-sales/run0280/00/00/./xgboost_hp_tuning_group_0.000/00/00/xgboost_hp_tuning_ID0000017.meta,/home/poseidon/workflows/predict-future-sales-workflow/submit/poseidon/pegasus/predict-future-sales/run0280/00/00/./xgboost_hp_tuning_group_0.000/00/00/xgboost_hp_tuning_ID0000022.meta,/home/poseidon/workflows/predict-future-sales-workflow/submit/poseidon/pegasus/predict-future-sales/run0280/00/00/./xgboost_hp_tuning_group_0.000/00/00/xgboost_hp_tuning_ID0000007.meta,/home/poseidon/workflows/predict-future-sales-workflow/submit/poseidon/pegasus/predict-future-sales/run0280/00/00/./xgboost_hp_tuning_group_0.000/00/00/xgboost_hp_tuning_ID0000020.meta,/home/poseidon/workflows/predict-future-sales-workflow/submit/poseidon/pegasus/predict-future-sales/run0280/00/00/./xgboost_hp_tuning_group_0.000/00/00/xgboost_hp_tuning_ID0000001.meta,/home/poseidon/workflows/predict-future-sales-workflow/submit/poseidon/pegasus/predict-future-sales/run0280/00/00/./xgboost_hp_tuning_group_0.000/00/00/xgboost_hp_tuning_ID0000004.meta,/home/poseidon/workflows/predict-future-sales-workflow/submit/poseidon/pegasus/predict-future-sales/run0280/00/00/./xgboost_hp_tuning_group_0.000/00/00/xgboost_hp_tuning_ID0000014.meta --insert /home/poseidon/workflows/predict-future-sales-workflow/submit/poseidon/pegasus/predict-future-sales/run0280/00/00/./xgboost_hp_tuning_group_0.000/00/00/register_condorpool_0_2.in",3.0,0,0,,,,,,,,,
model_predict_ID0000018,cpu_3,compute,0,1677555311.0,,,1677555316.0,1677555292.0,1677555308.0,44710873.5,1677555339.0,1677555376.0,1677555316.0,1677555321.0,6043.0,1677555376.0,1677555381.0,5.0,,23.0,37.0,5.0,16.0,368559147.0,5.0,25035.0,poseidon,condorpool,poseidon-worker-2-container-40-47,model_predict,/srv/model_predict,,2.3,0,0,,,,,,,,,
stage_out_local_condorpool_1_0_pegasus-plan_ID0000012,None,transfer,0,1677555343.0,,,1677555348.0,,,0.0,1677555348.0,1677555358.0,1677555348.0,1677555352.0,1284.0,1677555358.0,1677555363.0,5.0,,0.0,10.0,5.0,,,4.0,5450.0,poseidon,local,host-10-100-100-12.openstacklocal,pegasus::transfer,/home/poseidon/pegasus-5.1.0panorama/bin/pegasus-transfer,/home/poseidon/pegasus-5.1.0panorama/bin/../bin/pegasus-kickstart  -n pegasus::transfer -N null -i - -R local  -L xgboost_hp_tuning_group_0 -T 2023-02-28T03:29:59+00:00 /home/poseidon/pegasus-5.1.0panorama/bin/../bin/pegasus-transfer  --threads 2,0.7,0,0,,,,,,,,,
register_condorpool_1_0_pegasus-plan_ID0000012,None,auxiliary,0,1677555363.0,,,1677555368.0,,,0.0,1677555368.0,1677555373.0,,,0.0,1677555373.0,1677555378.0,5.0,,0.0,5.0,5.0,,,,,poseidon,local,host-10-100-100-12.openstacklocal,pegasus::rc-client,/home/poseidon/pegasus-5.1.0panorama/bin/pegasus-rc-client,-n pegasus::rc-client -N null -R local  -L xgboost_hp_tuning_group_0 -T 2023-02-28T03:29:59+00:00 /home/poseidon/pegasus-5.1.0panorama/bin/pegasus-rc-client --prefix pegasus.catalog.replica.output --conf /home/poseidon/workflows/predict-future-sales-workflow/submit/poseidon/pegasus/predict-future-sales/run0280/00/00/./xgboost_hp_tuning_group_0.000/pegasus.10315821730870384025.properties -v --meta /home/poseidon/workflows/predict-future-sales-workflow/submit/poseidon/pegasus/predict-future-sales/run0280/00/00/./xgboost_hp_tuning_group_0.000/00/00/xgboost_best_params_ID0000024.meta --insert /home/poseidon/workflows/predict-future-sales-workflow/submit/poseidon/pegasus/predict-future-sales/run0280/00/00/./xgboost_hp_tuning_group_0.000/00/00/register_condorpool_1_0.in,3.0,0,0,,,,,,,,,
xgboost_model_ID0000013,None,compute,0,1677555381.0,,,1677555386.0,1677555487.0,1677555505.0,51112885.0,1677555535.0,1677555582.0,1677555519.0,1677555523.0,108150.0,1677555582.0,1677555587.0,5.0,,149.0,47.0,5.0,18.0,502671220.0,4.0,474096.0,poseidon,condorpool,poseidon-worker-1-container-0-7,xgboost_model,/srv/xgboost_model,,28.6,0,0,,,,,,,,,
model_predict_ID0000014,None,compute,0,1677555587.0,,,1677555592.0,1677555546.0,1677555563.0,44809620.5,1677555593.0,1677555632.0,1677555571.0,1677555575.0,104659.0,1677555632.0,1677555637.0,5.0,,1.0,39.0,5.0,17.0,370661779.0,4.0,451213.0,poseidon,condorpool,poseidon-worker-1-container-0-7,model_predict,/srv/model_predict,,2.5,0,0,,,,,,,,,
stage_out_local_condorpool_0_0_pegasus-plan_ID0000020,None,transfer,0,1677555979.0,,,1677555984.0,,,0.0,1677555984.0,1677555994.0,1677555984.0,1677555988.0,2101.0,1677555994.0,1677555999.0,5.0,,0.0,10.0,5.0,,,4.0,8469.0,poseidon,local,host-10-100-100-12.openstacklocal,pegasus::transfer,/home/poseidon/pegasus-5.1.0panorama/bin/pegasus-transfer,/home/poseidon/pegasus-5.1.0panorama/bin/../bin/pegasus-kickstart  -n pegasus::transfer -N null -i - -R local  -L xgboost_hp_tuning_group_2 -T 2023-02-28T03:29:53+00:00 /home/poseidon/pegasus-5.1.0panorama/bin/../bin/pegasus-transfer  --threads 2,1.0,0,0,,,,,,,,,
stage_out_local_condorpool_0_2_pegasus-plan_ID0000020,None,transfer,0,1677555989.0,,,1677555994.0,,,0.0,1677555994.0,1677556004.0,1677555995.0,1677555999.0,1841.0,1677556004.0,1677556009.0,5.0,,0.0,10.0,5.0,,,4.0,7426.0,poseidon,local,host-10-100-100-12.openstacklocal,pegasus::transfer,/home/poseidon/pegasus-5.1.0panorama/bin/pegasus-transfer,/home/poseidon/pegasus-5.1.0panorama/bin/../bin/pegasus-kickstart  -n pegasus::transfer -N null -i - -R local  -L xgboost_hp_tuning_group_2 -T 2023-02-28T03:29:53+00:00 /home/poseidon/pegasus-5.1.0panorama/bin/../bin/pegasus-transfer  --threads 2,0.9,0,0,,,,,,,,,
register_condorpool_0_0_pegasus-plan_ID0000020,None,auxiliary,0,1677555999.0,,,1677556004.0,,,0.0,1677556004.0,1677556009.0,,,0.0,1677556009.0,1677556014.0,5.0,,0.0,5.0,5.0,,,,,poseidon,local,host-10-100-100-12.openstacklocal,pegasus::rc-client,/home/poseidon/pegasus-5.1.0panorama/bin/pegasus-rc-client,"-n pegasus::rc-client -N null -R local  -L xgboost_hp_tuning_group_2 -T 2023-02-28T03:29:53+00:00 /home/poseidon/pegasus-5.1.0panorama/bin/pegasus-rc-client --prefix pegasus.catalog.replica.output --conf /home/poseidon/workflows/predict-future-sales-workflow/submit/poseidon/pegasus/predict-future-sales/run0280/00/00/./xgboost_hp_tuning_group_2.000/pegasus.11948442277262014449.properties -v --meta /home/poseidon/workflows/predict-future-sales-workflow/submit/poseidon/pegasus/predict-future-sales/run0280/00/00/./xgboost_hp_tuning_group_2.000/00/00/xgboost_hp_tuning_ID0000018.meta,/home/poseidon/workflows/predict-future-sales-workflow/submit/poseidon/pegasus/predict-future-sales/run0280/00/00/./xgboost_hp_tuning_group_2.000/00/00/xgboost_hp_tuning_ID0000009.meta,/home/poseidon/workflows/predict-future-sales-workflow/submit/poseidon/pegasus/predict-future-sales/run0280/00/00/./xgboost_hp_tuning_group_2.000/00/00/xgboost_hp_tuning_ID0000012.meta,/home/poseidon/workflows/predict-future-sales-workflow/submit/poseidon/pegasus/predict-future-sales/run0280/00/00/./xgboost_hp_tuning_group_2.000/00/00/xgboost_hp_tuning_ID0000008.meta,/home/poseidon/workflows/predict-future-sales-workflow/submit/poseidon/pegasus/predict-future-sales/run0280/00/00/./xgboost_hp_tuning_group_2.000/00/00/xgboost_hp_tuning_ID0000010.meta,/home/poseidon/workflows/predict-future-sales-workflow/submit/poseidon/pegasus/predict-future-sales/run0280/00/00/./xgboost_hp_tuning_group_2.000/00/00/xgboost_hp_tuning_ID0000002.meta,/home/poseidon/workflows/predict-future-sales-workflow/submit/poseidon/pegasus/predict-future-sales/run0280/00/00/./xgboost_hp_tuning_group_2.000/00/00/xgboost_hp_tuning_ID0000005.meta,/home/poseidon/workflows/predict-future-sales-workflow/submit/poseidon/pegasus/predict-future-sales/run0280/00/00/./xgboost_hp_tuning_group_2.000/00/00/xgboost_hp_tuning_ID0000015.meta --insert /home/poseidon/workflows/predict-future-sales-workflow/submit/poseidon/pegasus/predict-future-sales/run0280/00/00/./xgboost_hp_tuning_group_2.000/00/00/register_condorpool_0_0.in",3.0,0,0,,,,,,,,,
register_condorpool_0_2_pegasus-plan_ID0000020,None,auxiliary,0,1677556009.0,,,1677556014.0,,,0.0,1677556014.0,1677556019.0,,,0.0,1677556019.0,1677556024.0,5.0,,0.0,5.0,5.0,,,,,poseidon,local,host-10-100-100-12.openstacklocal,pegasus::rc-client,/home/poseidon/pegasus-5.1.0panorama/bin/pegasus-rc-client,"-n pegasus::rc-client -N null -R local  -L xgboost_hp_tuning_group_2 -T 2023-02-28T03:29:53+00:00 /home/poseidon/pegasus-5.1.0panorama/bin/pegasus-rc-client --prefix pegasus.catalog.replica.output --conf /home/poseidon/workflows/predict-future-sales-workflow/submit/poseidon/pegasus/predict-future-sales/run0280/00/00/./xgboost_hp_tuning_group_2.000/pegasus.11948442277262014449.properties -v --meta /home/poseidon/workflows/predict-future-sales-workflow/submit/poseidon/pegasus/predict-future-sales/run0280/00/00/./xgboost_hp_tuning_group_2.000/00/00/xgboost_hp_tuning_ID0000014.meta,/home/poseidon/workflows/predict-future-sales-workflow/submit/poseidon/pegasus/predict-future-sales/run0280/00/00/./xgboost_hp_tuning_group_2.000/00/00/xgboost_hp_tuning_ID0000001.meta,/home/poseidon/workflows/predict-future-sales-workflow/submit/poseidon/pegasus/predict-future-sales/run0280/00/00/./xgboost_hp_tuning_group_2.000/00/00/xgboost_hp_tuning_ID0000007.meta,/home/poseidon/workflows/predict-future-sales-workflow/submit/poseidon/pegasus/predict-future-sales/run0280/00/00/./xgboost_hp_tuning_group_2.000/00/00/xgboost_hp_tuning_ID0000004.meta,/home/poseidon/workflows/predict-future-sales-workflow/submit/poseidon/pegasus/predict-future-sales/run0280/00/00/./xgboost_hp_tuning_group_2.000/00/00/xgboost_hp_tuning_ID0000022.meta,/home/poseidon/workflows/predict-future-sales-workflow/submit/poseidon/pegasus/predict-future-sales/run0280/00/00/./xgboost_hp_tuning_group_2.000/00/00/xgboost_hp_tuning_ID0000020.meta,/home/poseidon/workflows/predict-future-sales-workflow/submit/poseidon/pegasus/predict-future-sales/run0280/00/00/./xgboost_hp_tuning_group_2.000/00/00/xgboost_hp_tuning_ID0000017.meta --insert /home/poseidon/workflows/predict-future-sales-workflow/submit/poseidon/pegasus/predict-future-sales/run0280/00/00/./xgboost_hp_tuning_group_2.000/00/00/register_condorpool_0_2.in",2.9,0,0,,,,,,,,,
xgboost_best_params_ID0000024_pegasus-plan_ID0000020,cpu_3,compute,0,1677556014.0,,,1677556019.0,1677555973.0,1677555989.0,39748766.0,1677556020.0,1677556059.0,1677555996.0,1677556000.0,258.0,1677556059.0,1677556064.0,5.0,,1.0,39.0,5.0,16.0,368018666.0,4.0,1060.0,poseidon,condorpool,poseidon-worker-2-container-16-23,xgboost_best_params,/srv/xgboost_best_params,,0.0,0,0,,,,,,,,,
stage_out_local_condorpool_0_1_pegasus-plan_ID0000020,None,transfer,0,1677556014.0,,,1677556019.0,,,0.0,1677556019.0,1677556029.0,1677556019.0,1677556023.0,2108.0,1677556029.0,1677556034.0,5.0,,0.0,10.0,5.0,,,4.0,8502.0,poseidon,local,host-10-100-100-12.openstacklocal,pegasus::transfer,/home/poseidon/pegasus-5.1.0panorama/bin/pegasus-transfer,/home/poseidon/pegasus-5.1.0panorama/bin/../bin/pegasus-kickstart  -n pegasus::transfer -N null -i - -R local  -L xgboost_hp_tuning_group_2 -T 2023-02-28T03:29:53+00:00 /home/poseidon/pegasus-5.1.0panorama/bin/../bin/pegasus-transfer  --threads 2,1.0,0,0,,,,,,,,,
register_condorpool_0_1_pegasus-plan_ID0000020,None,auxiliary,0,1677556034.0,,,1677556039.0,,,0.0,1677556039.0,1677556044.0,,,0.0,1677556044.0,1677556049.0,5.0,,0.0,5.0,5.0,,,,,poseidon,local,host-10-100-100-12.openstacklocal,pegasus::rc-client,/home/poseidon/pegasus-5.1.0panorama/bin/pegasus-rc-client,"-n pegasus::rc-client -N null -R local  -L xgboost_hp_tuning_group_2 -T 2023-02-28T03:29:53+00:00 /home/poseidon/pegasus-5.1.0panorama/bin/pegasus-rc-client --prefix pegasus.catalog.replica.output --conf /home/poseidon/workflows/predict-future-sales-workflow/submit/poseidon/pegasus/predict-future-sales/run0280/00/00/./xgboost_hp_tuning_group_2.000/pegasus.11948442277262014449.properties -v --meta /home/poseidon/workflows/predict-future-sales-workflow/submit/poseidon/pegasus/predict-future-sales/run0280/00/00/./xgboost_hp_tuning_group_2.000/00/00/xgboost_hp_tuning_ID0000019.meta,/home/poseidon/workflows/predict-future-sales-workflow/submit/poseidon/pegasus/predict-future-sales/run0280/00/00/./xgboost_hp_tuning_group_2.000/00/00/xgboost_hp_tuning_ID0000003.meta,/home/poseidon/workflows/predict-future-sales-workflow/submit/poseidon/pegasus/predict-future-sales/run0280/00/00/./xgboost_hp_tuning_group_2.000/00/00/xgboost_hp_tuning_ID0000006.meta,/home/poseidon/workflows/predict-future-sales-workflow/submit/poseidon/pegasus/predict-future-sales/run0280/00/00/./xgboost_hp_tuning_group_2.000/00/00/xgboost_hp_tuning_ID0000016.meta,/home/poseidon/workflows/predict-future-sales-workflow/submit/poseidon/pegasus/predict-future-sales/run0280/00/00/./xgboost_hp_tuning_group_2.000/00/00/xgboost_hp_tuning_ID0000013.meta,/home/poseidon/workflows/predict-future-sales-workflow/submit/poseidon/pegasus/predict-future-sales/run0280/00/00/./xgboost_hp_tuning_group_2.000/00/00/xgboost_hp_tuning_ID0000023.meta,/home/poseidon/workflows/predict-future-sales-workflow/submit/poseidon/pegasus/predict-future-sales/run0280/00/00/./xgboost_hp_tuning_group_2.000/00/00/xgboost_hp_tuning_ID0000011.meta,/home/poseidon/workflows/predict-future-sales-workflow/submit/poseidon/pegasus/predict-future-sales/run0280/00/00/./xgboost_hp_tuning_group_2.000/00/00/xgboost_hp_tuning_ID0000021.meta --insert /home/poseidon/workflows/predict-future-sales-workflow/submit/poseidon/pegasus/predict-future-sales/run0280/00/00/./xgboost_hp_tuning_group_2.000/00/00/register_condorpool_0_1.in",3.0,0,0,,,,,,,,,
stage_out_local_condorpool_1_0_pegasus-plan_ID0000020,None,transfer,0,1677556064.0,,,1677556069.0,,,0.0,1677556069.0,1677556079.0,1677556069.0,1677556073.0,1242.0,1677556079.0,1677556084.0,5.0,,0.0,10.0,5.0,,,4.0,5300.0,poseidon,local,host-10-100-100-12.openstacklocal,pegasus::transfer,/home/poseidon/pegasus-5.1.0panorama/bin/pegasus-transfer,/home/poseidon/pegasus-5.1.0panorama/bin/../bin/pegasus-kickstart  -n pegasus::transfer -N null -i - -R local  -L xgboost_hp_tuning_group_2 -T 2023-02-28T03:29:53+00:00 /home/poseidon/pegasus-5.1.0panorama/bin/../bin/pegasus-transfer  --threads 2,0.7,0,0,,,,,,,,,
register_condorpool_1_0_pegasus-plan_ID0000020,None,auxiliary,0,1677556084.0,,,1677556089.0,,,0.0,1677556089.0,1677556094.0,,,0.0,1677556094.0,1677556099.0,5.0,,0.0,5.0,5.0,,,,,poseidon,local,host-10-100-100-12.openstacklocal,pegasus::rc-client,/home/poseidon/pegasus-5.1.0panorama/bin/pegasus-rc-client,-n pegasus::rc-client -N null -R local  -L xgboost_hp_tuning_group_2 -T 2023-02-28T03:29:53+00:00 /home/poseidon/pegasus-5.1.0panorama/bin/pegasus-rc-client --prefix pegasus.catalog.replica.output --conf /home/poseidon/workflows/predict-future-sales-workflow/submit/poseidon/pegasus/predict-future-sales/run0280/00/00/./xgboost_hp_tuning_group_2.000/pegasus.11948442277262014449.properties -v --meta /home/poseidon/workflows/predict-future-sales-workflow/submit/poseidon/pegasus/predict-future-sales/run0280/00/00/./xgboost_hp_tuning_group_2.000/00/00/xgboost_best_params_ID0000024.meta --insert /home/poseidon/workflows/predict-future-sales-workflow/submit/poseidon/pegasus/predict-future-sales/run0280/00/00/./xgboost_hp_tuning_group_2.000/00/00/register_condorpool_1_0.in,3.1,0,0,,,,,,,,,
xgboost_model_ID0000021,cpu_3,compute,0,1677556102.0,,,1677556108.0,1677556062.0,1677556093.0,74870254.4,1677556110.0,1677556313.0,1677556253.0,1677556257.0,2323099.0,1677556313.0,1677556318.0,6.0,,2.0,203.0,5.0,31.0,1691152081.0,4.0,10316199.0,poseidon,condorpool,poseidon-worker-3-container-32-39,xgboost_model,/srv/xgboost_model,,608.6,0,0,0.0,1348848348.0,24449.0,5401.0,8.0,584.2,20.2,8992322.3,2444.9
stage_out_local_local_5_0,None,transfer,0,1677556102.0,,,1677556107.0,,,0.0,1677556108.0,1677556118.0,1677556108.0,1677556112.0,795.0,1677556118.0,1677556123.0,5.0,,1.0,10.0,5.0,,,4.0,3204.0,poseidon,local,host-10-100-100-12.openstacklocal,pegasus::transfer,/home/poseidon/pegasus-5.1.0panorama/bin/pegasus-transfer,pegasus-kickstart  -n pegasus::transfer -N null -i - -R local  -L predict-future-sales -T 2023-02-17T19:59:06+00:00 pegasus-transfer  --threads 2,0.3,0,0,,,,,,,,,
cleanup_predict-future-sales_0_local,None,auxiliary,0,1677556123.0,,,1677556128.0,,,0.0,1677556128.0,1677556138.0,,,0.0,1677556138.0,1677556143.0,5.0,,0.0,10.0,5.0,,,,,poseidon,local,host-10-100-100-12.openstacklocal,pegasus::cleanup,/home/poseidon/pegasus-5.1.0panorama/bin/pegasus-transfer,pegasus-kickstart  -n pegasus::cleanup -N null -i - -R local  -L predict-future-sales -T 2023-02-17T19:59:06+00:00 pegasus-transfer,0.3,0,0,,,,,,,,,
stage_out_local_condorpool_6_0,None,transfer,0,1677556318.0,,,1677556323.0,,,0.0,1677556323.0,1677556333.0,1677556324.0,1677556328.0,2787984.0,1677556333.0,1677556338.0,5.0,,0.0,10.0,5.0,,,4.0,11246952.0,poseidon,local,host-10-100-100-12.openstacklocal,pegasus::transfer,/home/poseidon/pegasus-5.1.0panorama/bin/pegasus-transfer,pegasus-kickstart  -n pegasus::transfer -N null -i - -R local  -L predict-future-sales -T 2023-02-17T19:59:06+00:00 pegasus-transfer  --threads 2,1.0,0,0,,,,,,,,,
model_predict_ID0000022,cpu_3,compute,0,1677556318.0,,,1677556323.0,1677556277.0,1677556294.0,43334470.0,1677556325.0,1677556363.0,1677556302.0,1677556307.0,1263292.0,1677556363.0,1677556368.0,5.0,,2.0,38.0,5.0,17.0,405320775.0,5.0,5523764.0,poseidon,condorpool,poseidon-worker-3-container-32-39,model_predict,/srv/model_predict,,3.6,0,0,,,,,,,,,
stage_out_local_condorpool_7_0,None,transfer,0,1677556368.0,,,1677556373.0,,,0.0,1677556373.0,1677556383.0,1677556373.0,1677556377.0,1486446.0,1677556383.0,1677556388.0,5.0,,0.0,10.0,5.0,,,4.0,6000012.0,poseidon,local,host-10-100-100-12.openstacklocal,pegasus::transfer,/home/poseidon/pegasus-5.1.0panorama/bin/pegasus-transfer,pegasus-kickstart  -n pegasus::transfer -N null -i - -R local  -L predict-future-sales -T 2023-02-17T19:59:06+00:00 pegasus-transfer  --threads 2,0.6,0,0,,,,,,,,,
predict_merge_ID0000023,cpu_3,compute,0,1677556368.0,,,1677556373.0,1677556327.0,1677556343.0,40456369.3,1677556374.0,1677556413.0,1677556350.0,1677556355.0,858416.0,1677556413.0,1677556418.0,5.0,,1.0,39.0,5.0,16.0,377176763.0,5.0,3712217.0,poseidon,condorpool,poseidon-worker-3-container-32-39,predict_merge,/srv/predict_merge,,1.2,0,0,,,,,,,,,
stage_out_local_condorpool_8_0,None,transfer,0,1677556418.0,,,1677556423.0,,,0.0,1677556423.0,1677556433.0,1677556424.0,1677556426.0,1704937.0,1677556433.0,1677556438.0,5.0,,0.0,10.0,5.0,,,2.0,3712217.0,poseidon,local,host-10-100-100-12.openstacklocal,pegasus::transfer,/home/poseidon/pegasus-5.1.0panorama/bin/pegasus-transfer,pegasus-kickstart  -n pegasus::transfer -N null -i - -R local  -L predict-future-sales -T 2023-02-17T19:59:06+00:00 pegasus-transfer  --threads 2,0.4,0,0,,,,,,,,,
cleanup_predict-future-sales_0_condorpool,None,auxiliary,0,1677556438.0,,,1677556444.0,,,0.0,1677556444.0,1677556454.0,,,0.0,1677556454.0,1677556459.0,6.0,,0.0,10.0,5.0,,,,,poseidon,local,host-10-100-100-12.openstacklocal,pegasus::cleanup,/home/poseidon/pegasus-5.1.0panorama/bin/pegasus-transfer,pegasus-kickstart  -n pegasus::cleanup -N null -i - -R local  -L predict-future-sales -T 2023-02-17T19:59:06+00:00 pegasus-transfer,0.3,0,0,,,,,,,,,
