,anomaly_type,type,is_clustered,ready,pre_script_start,pre_script_end,submit,stage_in_start,stage_in_end,stage_in_effective_bytes_per_sec,execute_start,execute_end,stage_out_start,stage_out_end,stage_out_effective_bytes_per_sec,post_script_start,post_script_end,wms_delay,pre_script_delay,queue_delay,runtime,post_script_delay,stage_in_delay,stage_in_bytes,stage_out_delay,stage_out_bytes,kickstart_user,kickstart_site,kickstart_hostname,kickstart_transformations,kickstart_executables,kickstart_executables_argv,kickstart_executables_cpu_time,kickstart_status,kickstart_executables_exitcode,kickstart_online_iowait,kickstart_online_bytes_read,kickstart_online_bytes_written,kickstart_online_read_system_calls,kickstart_online_write_system_calls,kickstart_online_utime,kickstart_online_stime,kickstart_online_bytes_read_per_second,kickstart_online_bytes_written_per_second
create_dir_predict-future-sales_0_local,None,auxiliary,0,1677416240.0,,,1677416241.0,,,0.0,1677416246.0,1677416256.0,,,0.0,1677416256.0,1677416261.0,1.0,,5.0,10.0,5.0,,,,,poseidon,local,host-10-100-100-12.openstacklocal,pegasus::dirmanager,/home/poseidon/pegasus-5.1.0panorama/bin/pegasus-transfer,pegasus-kickstart  -n pegasus::dirmanager -N null -i - -R local  -L predict-future-sales -T 2023-02-17T19:59:06+00:00 pegasus-transfer,0.3,0,0,,,,,,,,,
create_dir_predict-future-sales_0_condorpool,None,auxiliary,0,1677416240.0,,,1677416241.0,,,0.0,1677416246.0,1677416256.0,,,0.0,1677416256.0,1677416261.0,1.0,,5.0,10.0,5.0,,,,,poseidon,local,host-10-100-100-12.openstacklocal,pegasus::dirmanager,/home/poseidon/pegasus-5.1.0panorama/bin/pegasus-transfer,pegasus-kickstart  -n pegasus::dirmanager -N null -i - -R local  -L predict-future-sales -T 2023-02-17T19:59:06+00:00 pegasus-transfer,0.3,0,0,,,,,,,,,
stage_in_local_local_4_0,None,transfer,0,1677416261.0,,,1677416266.0,1677416267.0,1677416269.0,5902.0,1677416267.0,1677416276.0,,,0.0,1677416276.0,1677416281.0,5.0,,1.0,9.0,5.0,2.0,12577.0,,,poseidon,local,host-10-100-100-12.openstacklocal,pegasus::transfer,/home/poseidon/pegasus-5.1.0panorama/bin/pegasus-transfer,pegasus-kickstart  -n pegasus::transfer -N null -i - -R local  -L predict-future-sales -T 2023-02-17T19:59:06+00:00 pegasus-transfer  --threads 2,0.4,0,0,,,,,,,,,
stage_in_local_condorpool_8_0,None,transfer,0,1677416261.0,,,1677416266.0,1677416267.0,1677416270.0,673.0,1677416267.0,1677416276.0,,,0.0,1677416276.0,1677416281.0,5.0,,1.0,9.0,5.0,3.0,2368.0,,,poseidon,local,host-10-100-100-12.openstacklocal,pegasus::transfer,/home/poseidon/pegasus-5.1.0panorama/bin/pegasus-transfer,pegasus-kickstart  -n pegasus::transfer -N null -i - -R local  -L predict-future-sales -T 2023-02-17T19:59:06+00:00 pegasus-transfer  --threads 2,0.4,0,0,,,,,,,,,
stage_in_local_condorpool_3_0,None,transfer,0,1677416261.0,,,1677416266.0,1677416267.0,1677416271.0,2979.0,1677416267.0,1677416276.0,,,0.0,1677416276.0,1677416281.0,5.0,,1.0,9.0,5.0,4.0,12704.0,,,poseidon,local,host-10-100-100-12.openstacklocal,pegasus::transfer,/home/poseidon/pegasus-5.1.0panorama/bin/pegasus-transfer,pegasus-kickstart  -n pegasus::transfer -N null -i - -R local  -L predict-future-sales -T 2023-02-17T19:59:06+00:00 pegasus-transfer  --threads 2,0.6,0,0,,,,,,,,,
stage_in_local_condorpool_2_0,None,transfer,0,1677416261.0,,,1677416266.0,1677416267.0,1677416273.0,9777.0,1677416267.0,1677416281.0,,,0.0,1677416281.0,1677416286.0,5.0,,1.0,14.0,5.0,6.0,55480.0,,,poseidon,local,host-10-100-100-12.openstacklocal,pegasus::transfer,/home/poseidon/pegasus-5.1.0panorama/bin/pegasus-transfer,pegasus-kickstart  -n pegasus::transfer -N null -i - -R local  -L predict-future-sales -T 2023-02-17T19:59:06+00:00 pegasus-transfer  --threads 2,1.0,0,0,,,,,,,,,
stage_in_local_condorpool_1_0,None,transfer,0,1677416261.0,,,1677416266.0,1677416267.0,1677416271.0,3704.0,1677416267.0,1677416276.0,,,0.0,1677416276.0,1677416281.0,5.0,,1.0,9.0,5.0,4.0,15640.0,,,poseidon,local,host-10-100-100-12.openstacklocal,pegasus::transfer,/home/poseidon/pegasus-5.1.0panorama/bin/pegasus-transfer,pegasus-kickstart  -n pegasus::transfer -N null -i - -R local  -L predict-future-sales -T 2023-02-17T19:59:06+00:00 pegasus-transfer  --threads 2,0.6,0,0,,,,,,,,,
stage_in_local_condorpool_0_0,None,transfer,0,1677416261.0,,,1677416266.0,1677416267.0,1677416277.0,97386778.0,1677416267.0,1677416286.0,,,0.0,1677416286.0,1677416291.0,5.0,,1.0,19.0,5.0,10.0,936801734.0,,,poseidon,local,host-10-100-100-12.openstacklocal,pegasus::transfer,/home/poseidon/pegasus-5.1.0panorama/bin/pegasus-transfer,pegasus-kickstart  -n pegasus::transfer -N null -i - -R local  -L predict-future-sales -T 2023-02-17T19:59:06+00:00 pegasus-transfer  --threads 2,5.6,0,0,,,,,,,,,
stage_in_local_condorpool_7_0,None,transfer,0,1677416261.0,,,1677416266.0,1677416267.0,1677416271.0,989.0,1677416267.0,1677416276.0,,,0.0,1677416276.0,1677416281.0,5.0,,1.0,9.0,5.0,4.0,3488.0,,,poseidon,local,host-10-100-100-12.openstacklocal,pegasus::transfer,/home/poseidon/pegasus-5.1.0panorama/bin/pegasus-transfer,pegasus-kickstart  -n pegasus::transfer -N null -i - -R local  -L predict-future-sales -T 2023-02-17T19:59:06+00:00 pegasus-transfer  --threads 2,0.4,0,0,,,,,,,,,
stage_in_local_condorpool_6_0,None,transfer,0,1677416261.0,,,1677416266.0,1677416267.0,1677416271.0,2223.0,1677416267.0,1677416276.0,,,0.0,1677416276.0,1677416281.0,5.0,,1.0,9.0,5.0,4.0,7870.0,,,poseidon,local,host-10-100-100-12.openstacklocal,pegasus::transfer,/home/poseidon/pegasus-5.1.0panorama/bin/pegasus-transfer,pegasus-kickstart  -n pegasus::transfer -N null -i - -R local  -L predict-future-sales -T 2023-02-17T19:59:06+00:00 pegasus-transfer  --threads 2,0.4,0,0,,,,,,,,,
preprocess_ID0000003,cpu_3,compute,0,1677416291.0,,,1677416296.0,1677416252.0,1677416270.0,45539599.4,1677416298.0,1677416346.0,1677416282.0,1677416289.0,23366023.0,1677416346.0,1677416351.0,5.0,,2.0,48.0,5.0,18.0,467356066.0,7.0,160257914.0,poseidon,condorpool,poseidon-worker-1-container-40-47,preprocess,/srv/preprocess,,4.5,0,0,,,,,,,,,
nlp_ID0000002,cpu_3,compute,0,1677416291.0,,,1677416296.0,1677416252.0,1677416269.0,44689798.2,1677416298.0,1677416676.0,1677416615.0,1677416620.0,606347.0,1677416676.0,1677416681.0,5.0,,2.0,378.0,5.0,17.0,369033604.0,5.0,2755872.0,poseidon,condorpool,poseidon-worker-1-container-0-7,nlp,/srv/nlp,,1238.1,0,0,0.1,21522611.0,8791.0,3237.0,5.0,1232.7,4.7,63301.8,879.1
eda_ID0000001,None,compute,0,1677416291.0,,,1677416296.0,1677416252.0,1677416270.0,48337223.7,1677416298.0,1677416371.0,1677416310.0,1677416314.0,281089.0,1677416371.0,1677416376.0,5.0,,2.0,73.0,5.0,18.0,464177772.0,4.0,1198139.0,poseidon,condorpool,poseidon-worker-3-container-16-23,eda,/srv/eda,,33.9,0,0,0.0,144952983.0,851555.0,27581.0,40.0,28.1,1.9,4831766.1,28385.2
feature_eng_1_ID0000005,None,compute,0,1677416351.0,,,1677416356.0,1677416323.0,1677416342.0,49617222.8,1677416368.0,1677416431.0,1677416366.0,1677416376.0,39095659.0,1677416431.0,1677416436.0,5.0,,12.0,63.0,5.0,19.0,528250191.0,10.0,393324463.0,poseidon,condorpool,poseidon-worker-3-container-16-23,feature_eng_1,/srv/feature_eng_1,,15.8,0,0,0.0,169608346.0,8.0,1721.0,1.0,8.0,2.0,16960834.6,0.8
feature_eng_0_ID0000004,cpu_3,compute,0,1677416351.0,,,1677416356.0,1677416312.0,1677416329.0,44924074.0,1677416358.0,1677416401.0,1677416340.0,1677416344.0,204363.0,1677416401.0,1677416406.0,5.0,,2.0,43.0,5.0,17.0,369949088.0,4.0,893320.0,poseidon,condorpool,poseidon-worker-1-container-40-47,feature_eng_0,/srv/feature_eng_0,,5.0,0,0,,,,,,,,,
feature_eng_5_ID0000009,None,compute,0,1677416436.0,,,1677416441.0,1677416397.0,1677416421.0,51816115.5,1677416443.0,1677416721.0,1677416652.0,1677416666.0,47015390.0,1677416721.0,1677416726.0,5.0,,2.0,278.0,5.0,24.0,856820455.0,14.0,655540227.0,poseidon,condorpool,poseidon-worker-3-container-16-23,feature_eng_5,/srv/feature_eng_5,,221.2,0,0,0.0,498287796.0,8.0,2012.0,1.0,198.8,21.2,2264944.5,0.8
stage_out_local_condorpool_1_0,None,transfer,0,1677416436.0,,,1677416441.0,,,0.0,1677416441.0,1677416451.0,1677416442.0,1677416446.0,93250617.0,1677416451.0,1677416456.0,5.0,,0.0,10.0,5.0,,,4.0,394217783.0,poseidon,local,host-10-100-100-12.openstacklocal,pegasus::transfer,/home/poseidon/pegasus-5.1.0panorama/bin/pegasus-transfer,pegasus-kickstart  -n pegasus::transfer -N null -i - -R local  -L predict-future-sales -T 2023-02-17T19:59:06+00:00 pegasus-transfer  --threads 2,2.2,0,0,,,,,,,,,
feature_eng_3_ID0000007,cpu_3,compute,0,1677416436.0,,,1677416441.0,1677416397.0,1677416421.0,49605083.6,1677416443.0,1677416621.0,1677416543.0,1677416564.0,53938696.0,1677416621.0,1677416626.0,5.0,,2.0,178.0,5.0,24.0,762217561.0,21.0,1179971921.0,poseidon,condorpool,poseidon-worker-1-container-40-47,feature_eng_3,/srv/feature_eng_3,,108.9,0,0,0.0,403644699.0,8.0,1477.0,1.0,69.4,30.6,4036447.0,0.8
feature_eng_4_ID0000008,cpu_3,compute,0,1677416436.0,,,1677416441.0,1677416412.0,1677416435.0,52800937.5,1677416458.0,1677416576.0,1677416500.0,1677416522.0,54079929.0,1677416576.0,1677416581.0,5.0,,17.0,118.0,5.0,23.0,761328752.0,22.0,1201824259.0,poseidon,condorpool,poseidon-worker-1-container-40-47,feature_eng_4,/srv/feature_eng_4,,52.8,0,0,0.0,402741045.0,8.0,1403.0,1.0,37.6,12.3,8054820.9,0.8
feature_eng_2_ID0000006,None,compute,0,1677416436.0,,,1677416441.0,1677416412.0,1677416436.0,51636598.3,1677416458.0,1677416811.0,1677416727.0,1677416758.0,57931829.0,1677416811.0,1677416816.0,5.0,,17.0,353.0,5.0,24.0,761320658.0,31.0,1748107178.0,poseidon,condorpool,poseidon-worker-3-container-16-23,feature_eng_2,/srv/feature_eng_2,,277.2,0,0,0.0,402810626.0,8.0,1727.0,1.0,204.7,65.3,1491891.2,0.8
register_condorpool_1_0,None,auxiliary,0,1677416456.0,,,1677416461.0,,,0.0,1677416462.0,1677416466.0,,,0.0,1677416466.0,1677416471.0,5.0,,1.0,4.0,5.0,,,,,poseidon,local,host-10-100-100-12.openstacklocal,pegasus::rc-client,/home/poseidon/pegasus-5.1.0panorama/bin/pegasus-rc-client,"pegasus-kickstart  -n pegasus::rc-client -N null -R local  -L predict-future-sales -T 2023-02-17T19:59:06+00:00 /home/poseidon/pegasus-5.1.0panorama/bin/pegasus-rc-client --prefix pegasus.catalog.replica.output --conf /home/poseidon/workflows/predict-future-sales-workflow/submit/poseidon/pegasus/predict-future-sales/run0223/pegasus.14139259359383006560.properties -v --meta /home/poseidon/workflows/predict-future-sales-workflow/submit/poseidon/pegasus/predict-future-sales/run0223/00/00/feature_eng_1_ID0000005.meta,/home/poseidon/workflows/predict-future-sales-workflow/submit/poseidon/pegasus/predict-future-sales/run0223/00/00/feature_eng_0_ID0000004.meta --insert /home/poseidon/workflows/predict-future-sales-workflow/submit/poseidon/pegasus/predict-future-sales/run0223/00/00/register_condorpool_1_0.in",3.0,0,0,,,,,,,,,
stage_out_local_condorpool_0_0,None,transfer,0,1677416681.0,,,1677416686.0,,,0.0,1677416687.0,1677416696.0,1677416687.0,1677416691.0,40726089.0,1677416696.0,1677416701.0,5.0,,1.0,9.0,5.0,,,4.0,164211925.0,poseidon,local,host-10-100-100-12.openstacklocal,pegasus::transfer,/home/poseidon/pegasus-5.1.0panorama/bin/pegasus-transfer,pegasus-kickstart  -n pegasus::transfer -N null -i - -R local  -L predict-future-sales -T 2023-02-17T19:59:06+00:00 pegasus-transfer  --threads 2,2.0,0,0,,,,,,,,,
register_condorpool_0_0,None,auxiliary,0,1677416701.0,,,1677416706.0,,,0.0,1677416706.0,1677416711.0,,,0.0,1677416711.0,1677416716.0,5.0,,0.0,5.0,5.0,,,,,poseidon,local,host-10-100-100-12.openstacklocal,pegasus::rc-client,/home/poseidon/pegasus-5.1.0panorama/bin/pegasus-rc-client,"pegasus-kickstart  -n pegasus::rc-client -N null -R local  -L predict-future-sales -T 2023-02-17T19:59:06+00:00 /home/poseidon/pegasus-5.1.0panorama/bin/pegasus-rc-client --prefix pegasus.catalog.replica.output --conf /home/poseidon/workflows/predict-future-sales-workflow/submit/poseidon/pegasus/predict-future-sales/run0223/pegasus.14139259359383006560.properties -v --meta /home/poseidon/workflows/predict-future-sales-workflow/submit/poseidon/pegasus/predict-future-sales/run0223/00/00/nlp_ID0000002.meta,/home/poseidon/workflows/predict-future-sales-workflow/submit/poseidon/pegasus/predict-future-sales/run0223/00/00/eda_ID0000001.meta,/home/poseidon/workflows/predict-future-sales-workflow/submit/poseidon/pegasus/predict-future-sales/run0223/00/00/preprocess_ID0000003.meta --insert /home/poseidon/workflows/predict-future-sales-workflow/submit/poseidon/pegasus/predict-future-sales/run0223/00/00/register_condorpool_0_0.in",3.0,0,0,,,,,,,,,
stage_out_local_condorpool_2_0,None,transfer,0,1677416816.0,,,1677416821.0,,,0.0,1677416821.0,1677416846.0,1677416822.0,1677416841.0,250699534.0,1677416846.0,1677416851.0,5.0,,0.0,25.0,5.0,,,19.0,4785443585.0,poseidon,local,host-10-100-100-12.openstacklocal,pegasus::transfer,/home/poseidon/pegasus-5.1.0panorama/bin/pegasus-transfer,pegasus-kickstart  -n pegasus::transfer -N null -i - -R local  -L predict-future-sales -T 2023-02-17T19:59:06+00:00 pegasus-transfer  --threads 2,21.1,0,0,,,,,,,,,
feature_merge_ID0000010,None,compute,0,1677416816.0,,,1677416821.0,1677416777.0,1677416845.0,86063192.9,1677416823.0,1677417041.0,1677416935.0,1677416984.0,60958010.0,1677417041.0,1677417046.0,5.0,,2.0,218.0,5.0,68.0,5155397110.0,49.0,2993643458.0,poseidon,condorpool,poseidon-worker-3-container-16-23,feature_merge,/srv/feature_merge,,61.5,0,0,0.0,4796859796.0,1119784267.0,1452.0,42.0,38.4,21.6,79947663.3,55989213.4
register_condorpool_2_0,None,auxiliary,0,1677416851.0,,,1677416856.0,,,0.0,1677416856.0,1677416861.0,,,0.0,1677416861.0,1677416866.0,5.0,,0.0,5.0,5.0,,,,,poseidon,local,host-10-100-100-12.openstacklocal,pegasus::rc-client,/home/poseidon/pegasus-5.1.0panorama/bin/pegasus-rc-client,"pegasus-kickstart  -n pegasus::rc-client -N null -R local  -L predict-future-sales -T 2023-02-17T19:59:06+00:00 /home/poseidon/pegasus-5.1.0panorama/bin/pegasus-rc-client --prefix pegasus.catalog.replica.output --conf /home/poseidon/workflows/predict-future-sales-workflow/submit/poseidon/pegasus/predict-future-sales/run0223/pegasus.14139259359383006560.properties -v --meta /home/poseidon/workflows/predict-future-sales-workflow/submit/poseidon/pegasus/predict-future-sales/run0223/00/00/feature_eng_5_ID0000009.meta,/home/poseidon/workflows/predict-future-sales-workflow/submit/poseidon/pegasus/predict-future-sales/run0223/00/00/feature_eng_2_ID0000006.meta,/home/poseidon/workflows/predict-future-sales-workflow/submit/poseidon/pegasus/predict-future-sales/run0223/00/00/feature_eng_3_ID0000007.meta,/home/poseidon/workflows/predict-future-sales-workflow/submit/poseidon/pegasus/predict-future-sales/run0223/00/00/feature_eng_4_ID0000008.meta --insert /home/poseidon/workflows/predict-future-sales-workflow/submit/poseidon/pegasus/predict-future-sales/run0223/00/00/register_condorpool_2_0.in",3.0,0,0,,,,,,,,,
stage_inter_local_xgboost_hp_tuning_workflow_ID0000015_0,None,transfer,0,1677417046.0,,,1677417051.0,1677417052.0,1677417054.0,401.0,1677417051.0,1677417061.0,,,0.0,1677417061.0,1677417066.0,5.0,,0.0,10.0,5.0,2.0,826.0,,,poseidon,local,host-10-100-100-12.openstacklocal,pegasus::transfer,/home/poseidon/pegasus-5.1.0panorama/bin/pegasus-transfer,pegasus-kickstart  -n pegasus::transfer -N null -i - -R local  -L predict-future-sales -T 2023-02-17T19:59:06+00:00 pegasus-transfer  --threads 2,0.3,0,0,,,,,,,,,
stage_inter_local_xgboost_model_ID0000021_0,None,transfer,0,1677417046.0,,,1677417051.0,1677417052.0,1677417090.0,68510420.0,1677417052.0,1677417096.0,,,0.0,1677417096.0,1677417102.0,5.0,,1.0,44.0,6.0,38.0,2646308508.0,,,poseidon,local,host-10-100-100-12.openstacklocal,pegasus::transfer,/home/poseidon/pegasus-5.1.0panorama/bin/pegasus-transfer,pegasus-kickstart  -n pegasus::transfer -N null -i - -R local  -L predict-future-sales -T 2023-02-17T19:59:06+00:00 pegasus-transfer  --threads 2,9.5,0,0,,,,,,,,,
stage_inter_local_model_predict_ID0000022_0,None,transfer,0,1677417046.0,,,1677417051.0,1677417052.0,1677417056.0,14441117.0,1677417051.0,1677417061.0,,,0.0,1677417061.0,1677417066.0,5.0,,0.0,10.0,5.0,4.0,54050130.0,,,poseidon,local,host-10-100-100-12.openstacklocal,pegasus::transfer,/home/poseidon/pegasus-5.1.0panorama/bin/pegasus-transfer,pegasus-kickstart  -n pegasus::transfer -N null -i - -R local  -L predict-future-sales -T 2023-02-17T19:59:06+00:00 pegasus-transfer  --threads 2,0.5,0,0,,,,,,,,,
stage_out_local_condorpool_3_0,None,transfer,0,1677417046.0,,,1677417051.0,,,0.0,1677417051.0,1677417086.0,1677417052.0,1677417076.0,125073437.0,1677417086.0,1677417091.0,5.0,,0.0,35.0,5.0,,,24.0,2993643458.0,poseidon,local,host-10-100-100-12.openstacklocal,pegasus::transfer,/home/poseidon/pegasus-5.1.0panorama/bin/pegasus-transfer,pegasus-kickstart  -n pegasus::transfer -N null -i - -R local  -L predict-future-sales -T 2023-02-17T19:59:06+00:00 pegasus-transfer  --threads 2,14.6,0,0,,,,,,,,,
stage_inter_local_xgboost_model_ID0000013_0,None,transfer,0,1677417046.0,,,1677417051.0,1677417052.0,1677417059.0,35813391.0,1677417051.0,1677417066.0,,,0.0,1677417066.0,1677417071.0,5.0,,0.0,15.0,5.0,7.0,269346726.0,,,poseidon,local,host-10-100-100-12.openstacklocal,pegasus::transfer,/home/poseidon/pegasus-5.1.0panorama/bin/pegasus-transfer,pegasus-kickstart  -n pegasus::transfer -N null -i - -R local  -L predict-future-sales -T 2023-02-17T19:59:06+00:00 pegasus-transfer  --threads 2,1.3,0,0,,,,,,,,,
stage_inter_local_model_predict_ID0000014_0,None,transfer,0,1677417046.0,,,1677417051.0,1677417052.0,1677417055.0,1265513.0,1677417051.0,1677417061.0,,,0.0,1677417061.0,1677417066.0,5.0,,0.0,10.0,5.0,3.0,4411696.0,,,poseidon,local,host-10-100-100-12.openstacklocal,pegasus::transfer,/home/poseidon/pegasus-5.1.0panorama/bin/pegasus-transfer,pegasus-kickstart  -n pegasus::transfer -N null -i - -R local  -L predict-future-sales -T 2023-02-17T19:59:06+00:00 pegasus-transfer  --threads 2,0.4,0,0,,,,,,,,,
xgboost_hp_tuning_workflow_ID0000015,None,compute,0,1677417066.0,,,1677417071.0,,,0.0,1677417071.0,1677417086.0,,,0.0,1677417086.0,1677417091.0,5.0,,0.0,15.0,5.0,,,,,poseidon,local,poseidon-submit.novalocal,xgboost_hp_tuning_workflow,/var/spool/condor/local_univ_execute/dir_3914573/xgboost_hp_tuning_workflow,/home/poseidon/workflows/predict-future-sales-workflow/submit/poseidon/pegasus/predict-future-sales/run0223/00/00/xgboost_hp_tuning_workflow_ID0000015.sh,0.1,0,0,,,,,,,,,
xgboost_hp_tuning_workflow_ID0000011,None,compute,0,1677417066.0,,,1677417071.0,,,0.0,1677417072.0,1677417086.0,,,0.0,1677417086.0,1677417091.0,5.0,,1.0,14.0,5.0,,,,,poseidon,local,poseidon-submit.novalocal,xgboost_hp_tuning_workflow,/var/spool/condor/local_univ_execute/dir_3914574/xgboost_hp_tuning_workflow,/home/poseidon/workflows/predict-future-sales-workflow/submit/poseidon/pegasus/predict-future-sales/run0223/00/00/xgboost_hp_tuning_workflow_ID0000011.sh,0.1,0,0,,,,,,,,,
xgboost_hp_tuning_workflow_ID0000019,None,compute,0,1677417066.0,,,1677417071.0,,,0.0,1677417072.0,1677417086.0,,,0.0,1677417086.0,1677417091.0,5.0,,1.0,14.0,5.0,,,,,poseidon,local,poseidon-submit.novalocal,xgboost_hp_tuning_workflow,/var/spool/condor/local_univ_execute/dir_3914575/xgboost_hp_tuning_workflow,/home/poseidon/workflows/predict-future-sales-workflow/submit/poseidon/pegasus/predict-future-sales/run0223/00/00/xgboost_hp_tuning_workflow_ID0000019.sh,0.1,0,0,,,,,,,,,
register_condorpool_3_0,None,auxiliary,0,1677417091.0,,,1677417096.0,,,0.0,1677417096.0,1677417102.0,,,0.0,1677417102.0,1677417107.0,5.0,,0.0,6.0,5.0,,,,,poseidon,local,host-10-100-100-12.openstacklocal,pegasus::rc-client,/home/poseidon/pegasus-5.1.0panorama/bin/pegasus-rc-client,pegasus-kickstart  -n pegasus::rc-client -N null -R local  -L predict-future-sales -T 2023-02-17T19:59:06+00:00 /home/poseidon/pegasus-5.1.0panorama/bin/pegasus-rc-client --prefix pegasus.catalog.replica.output --conf /home/poseidon/workflows/predict-future-sales-workflow/submit/poseidon/pegasus/predict-future-sales/run0223/pegasus.14139259359383006560.properties -v --meta /home/poseidon/workflows/predict-future-sales-workflow/submit/poseidon/pegasus/predict-future-sales/run0223/00/00/feature_merge_ID0000010.meta --insert /home/poseidon/workflows/predict-future-sales-workflow/submit/poseidon/pegasus/predict-future-sales/run0223/00/00/register_condorpool_3_0.in,3.1,0,0,,,,,,,,,
pegasus-plan_ID0000016,None,subwf,0,1677417091.0,1677417091.0,1677417096.0,1677417102.0,,,0.0,1677417102.0,1677417422.0,,,0.0,,,0.0,5.0,0.0,320.0,,,,,,poseidon,local,poseidon-submit,condor::dagman,/usr/bin/condor_dagman,-p 0  -f -l . -Notification never -Debug 3 -Lockfile xgboost_hp_tuning_group_1.dag.lock -Dag xgboost_hp_tuning_group_1.dag -AllowVersionMismatch  -AutoRescue 1 -DoRescueFrom 0,0.0,0,0,,,,,,,,,
pegasus-plan_ID0000012,None,subwf,0,1677417091.0,1677417091.0,1677417096.0,1677417102.0,,,0.0,1677417102.0,1677417372.0,,,0.0,,,0.0,5.0,0.0,270.0,,,,,,poseidon,local,poseidon-submit,condor::dagman,/usr/bin/condor_dagman,-p 0  -f -l . -Notification never -Debug 3 -Lockfile xgboost_hp_tuning_group_0.dag.lock -Dag xgboost_hp_tuning_group_0.dag -AllowVersionMismatch  -AutoRescue 1 -DoRescueFrom 0,0.0,0,0,,,,,,,,,
stage_out_local_local_4_0,None,transfer,0,1677417091.0,,,1677417096.0,,,0.0,1677417096.0,1677417107.0,1677417097.0,1677417101.0,21085.0,1677417107.0,1677417112.0,5.0,,0.0,11.0,5.0,,,4.0,85038.0,poseidon,local,host-10-100-100-12.openstacklocal,pegasus::transfer,/home/poseidon/pegasus-5.1.0panorama/bin/pegasus-transfer,pegasus-kickstart  -n pegasus::transfer -N null -i - -R local  -L predict-future-sales -T 2023-02-17T19:59:06+00:00 pegasus-transfer  --threads 2,0.6,0,0,,,,,,,,,
pegasus-plan_ID0000020,None,subwf,0,1677417091.0,1677417091.0,1677417096.0,1677417102.0,,,0.0,1677417102.0,1677418188.0,,,0.0,,,0.0,5.0,0.0,1086.0,,,,,,poseidon,local,poseidon-submit,condor::dagman,/usr/bin/condor_dagman,-p 0  -f -l . -Notification never -Debug 3 -Lockfile xgboost_hp_tuning_group_2.dag.lock -Dag xgboost_hp_tuning_group_2.dag -AllowVersionMismatch  -AutoRescue 1 -DoRescueFrom 0,0.0,0,0,,,,,,,,,
create_dir_predict-future-sales-hp-tuning_0_condorpool_pegasus-plan_ID0000016,None,auxiliary,0,1677417102.0,,,1677417103.0,,,0.0,1677417106.0,1677417113.0,,,0.0,1677417113.0,1677417118.0,1.0,,3.0,7.0,5.0,,,,,poseidon,local,host-10-100-100-12.openstacklocal,pegasus::dirmanager,/home/poseidon/pegasus-5.1.0panorama/bin/pegasus-transfer,pegasus-kickstart  -n pegasus::dirmanager -N null -i - -R local  -L xgboost_hp_tuning_group_1 -T 2023-02-26T13:11:34+00:00 pegasus-transfer,0.3,0,0,,,,,,,,,
create_dir_predict-future-sales-hp-tuning_0_condorpool_pegasus-plan_ID0000020,None,auxiliary,0,1677417102.0,,,1677417103.0,,,0.0,1677417106.0,1677417113.0,,,0.0,1677417113.0,1677417118.0,1.0,,3.0,7.0,5.0,,,,,poseidon,local,host-10-100-100-12.openstacklocal,pegasus::dirmanager,/home/poseidon/pegasus-5.1.0panorama/bin/pegasus-transfer,pegasus-kickstart  -n pegasus::dirmanager -N null -i - -R local  -L xgboost_hp_tuning_group_2 -T 2023-02-26T13:11:34+00:00 pegasus-transfer,0.3,0,0,,,,,,,,,
create_dir_predict-future-sales-hp-tuning_0_condorpool_pegasus-plan_ID0000012,None,auxiliary,0,1677417102.0,,,1677417103.0,,,0.0,1677417106.0,1677417113.0,,,0.0,1677417113.0,1677417118.0,1.0,,3.0,7.0,5.0,,,,,poseidon,local,host-10-100-100-12.openstacklocal,pegasus::dirmanager,/home/poseidon/pegasus-5.1.0panorama/bin/pegasus-transfer,pegasus-kickstart  -n pegasus::dirmanager -N null -i - -R local  -L xgboost_hp_tuning_group_0 -T 2023-02-26T13:11:34+00:00 pegasus-transfer,0.3,0,0,,,,,,,,,
register_local_4_0,None,auxiliary,0,1677417112.0,,,1677417117.0,,,0.0,1677417117.0,1677417122.0,,,0.0,1677417122.0,1677417127.0,5.0,,0.0,5.0,5.0,,,,,poseidon,local,host-10-100-100-12.openstacklocal,pegasus::rc-client,/home/poseidon/pegasus-5.1.0panorama/bin/pegasus-rc-client,"pegasus-kickstart  -n pegasus::rc-client -N null -R local  -L predict-future-sales -T 2023-02-17T19:59:06+00:00 /home/poseidon/pegasus-5.1.0panorama/bin/pegasus-rc-client --prefix pegasus.catalog.replica.output --conf /home/poseidon/workflows/predict-future-sales-workflow/submit/poseidon/pegasus/predict-future-sales/run0223/pegasus.14139259359383006560.properties -v --meta /home/poseidon/workflows/predict-future-sales-workflow/submit/poseidon/pegasus/predict-future-sales/run0223/00/00/xgboost_hp_tuning_workflow_ID0000011.meta,/home/poseidon/workflows/predict-future-sales-workflow/submit/poseidon/pegasus/predict-future-sales/run0223/00/00/xgboost_hp_tuning_workflow_ID0000019.meta,/home/poseidon/workflows/predict-future-sales-workflow/submit/poseidon/pegasus/predict-future-sales/run0223/00/00/xgboost_hp_tuning_workflow_ID0000015.meta --insert /home/poseidon/workflows/predict-future-sales-workflow/submit/poseidon/pegasus/predict-future-sales/run0223/00/00/register_local_4_0.in",2.9,0,0,,,,,,,,,
stage_in_local_condorpool_0_0_pegasus-plan_ID0000012,None,transfer,0,1677417118.0,,,1677417123.0,1677417123.0,1677417128.0,2821.0,1677417123.0,1677417138.0,,,0.0,1677417138.0,1677417143.0,5.0,,0.0,15.0,5.0,5.0,12142.0,,,poseidon,local,host-10-100-100-12.openstacklocal,pegasus::transfer,/home/poseidon/pegasus-5.1.0panorama/bin/pegasus-transfer,-n pegasus::transfer -N null -i - -R local  -L xgboost_hp_tuning_group_0 -T 2023-02-26T13:11:34+00:00 /home/poseidon/pegasus-5.1.0panorama/bin/../bin/pegasus-transfer  --threads 2,0.6,0,0,,,,,,,,,
stage_in_local_condorpool_1_0_pegasus-plan_ID0000012,None,transfer,0,1677417118.0,,,1677417123.0,1677417123.0,1677417127.0,820.0,1677417123.0,1677417133.0,,,0.0,1677417133.0,1677417138.0,5.0,,0.0,10.0,5.0,4.0,2874.0,,,poseidon,local,host-10-100-100-12.openstacklocal,pegasus::transfer,/home/poseidon/pegasus-5.1.0panorama/bin/pegasus-transfer,-n pegasus::transfer -N null -i - -R local  -L xgboost_hp_tuning_group_0 -T 2023-02-26T13:11:34+00:00 /home/poseidon/pegasus-5.1.0panorama/bin/../bin/pegasus-transfer  --threads 2,0.5,0,0,,,,,,,,,
stage_in_local_condorpool_0_1_pegasus-plan_ID0000012,None,transfer,0,1677417118.0,,,1677417123.0,1677417124.0,1677417130.0,44306138.0,1677417123.0,1677417138.0,,,0.0,1677417138.0,1677417143.0,5.0,,0.0,15.0,5.0,6.0,269346726.0,,,poseidon,local,host-10-100-100-12.openstacklocal,pegasus::transfer,/home/poseidon/pegasus-5.1.0panorama/bin/pegasus-transfer,-n pegasus::transfer -N null -i - -R local  -L xgboost_hp_tuning_group_0 -T 2023-02-26T13:11:34+00:00 /home/poseidon/pegasus-5.1.0panorama/bin/../bin/pegasus-transfer  --threads 2,1.9,0,0,,,,,,,,,
stage_in_local_condorpool_0_2_pegasus-plan_ID0000012,None,transfer,0,1677417118.0,,,1677417123.0,1677417124.0,1677417134.0,73378720.0,1677417123.0,1677417143.0,,,0.0,1677417143.0,1677417148.0,5.0,,0.0,20.0,5.0,10.0,735985664.0,,,poseidon,local,host-10-100-100-12.openstacklocal,pegasus::transfer,/home/poseidon/pegasus-5.1.0panorama/bin/pegasus-transfer,-n pegasus::transfer -N null -i - -R local  -L xgboost_hp_tuning_group_0 -T 2023-02-26T13:11:34+00:00 /home/poseidon/pegasus-5.1.0panorama/bin/../bin/pegasus-transfer  --threads 2,4.1,0,0,,,,,,,,,
stage_in_local_condorpool_1_0_pegasus-plan_ID0000020,None,transfer,0,1677417118.0,,,1677417123.0,1677417123.0,1677417127.0,818.0,1677417123.0,1677417133.0,,,0.0,1677417133.0,1677417138.0,5.0,,0.0,10.0,5.0,4.0,2874.0,,,poseidon,local,host-10-100-100-12.openstacklocal,pegasus::transfer,/home/poseidon/pegasus-5.1.0panorama/bin/pegasus-transfer,-n pegasus::transfer -N null -i - -R local  -L xgboost_hp_tuning_group_2 -T 2023-02-26T13:11:34+00:00 /home/poseidon/pegasus-5.1.0panorama/bin/../bin/pegasus-transfer  --threads 2,0.5,0,0,,,,,,,,,
stage_in_local_condorpool_0_1_pegasus-plan_ID0000020,None,transfer,0,1677417118.0,,,1677417123.0,1677417124.0,1677417141.0,154837427.0,1677417123.0,1677417148.0,,,0.0,1677417148.0,1677417153.0,5.0,,0.0,25.0,5.0,17.0,2646308508.0,,,poseidon,local,host-10-100-100-12.openstacklocal,pegasus::transfer,/home/poseidon/pegasus-5.1.0panorama/bin/pegasus-transfer,-n pegasus::transfer -N null -i - -R local  -L xgboost_hp_tuning_group_2 -T 2023-02-26T13:11:34+00:00 /home/poseidon/pegasus-5.1.0panorama/bin/../bin/pegasus-transfer  --threads 2,11.7,0,0,,,,,,,,,
stage_in_local_condorpool_0_0_pegasus-plan_ID0000016,None,transfer,0,1677417118.0,,,1677417123.0,1677417123.0,1677417128.0,2818.0,1677417123.0,1677417138.0,,,0.0,1677417138.0,1677417143.0,5.0,,0.0,15.0,5.0,5.0,12142.0,,,poseidon,local,host-10-100-100-12.openstacklocal,pegasus::transfer,/home/poseidon/pegasus-5.1.0panorama/bin/pegasus-transfer,-n pegasus::transfer -N null -i - -R local  -L xgboost_hp_tuning_group_1 -T 2023-02-26T13:11:34+00:00 /home/poseidon/pegasus-5.1.0panorama/bin/../bin/pegasus-transfer  --threads 2,0.6,0,0,,,,,,,,,
stage_in_local_condorpool_1_0_pegasus-plan_ID0000016,None,transfer,0,1677417118.0,,,1677417123.0,1677417123.0,1677417127.0,822.0,1677417123.0,1677417133.0,,,0.0,1677417133.0,1677417138.0,5.0,,0.0,10.0,5.0,4.0,2874.0,,,poseidon,local,host-10-100-100-12.openstacklocal,pegasus::transfer,/home/poseidon/pegasus-5.1.0panorama/bin/pegasus-transfer,-n pegasus::transfer -N null -i - -R local  -L xgboost_hp_tuning_group_1 -T 2023-02-26T13:11:34+00:00 /home/poseidon/pegasus-5.1.0panorama/bin/../bin/pegasus-transfer  --threads 2,0.5,0,0,,,,,,,,,
stage_in_local_condorpool_0_1_pegasus-plan_ID0000016,None,transfer,0,1677417118.0,,,1677417123.0,1677417124.0,1677417127.0,5324434.0,1677417123.0,1677417133.0,,,0.0,1677417133.0,1677417138.0,5.0,,0.0,10.0,5.0,3.0,19294600.0,,,poseidon,local,host-10-100-100-12.openstacklocal,pegasus::transfer,/home/poseidon/pegasus-5.1.0panorama/bin/pegasus-transfer,-n pegasus::transfer -N null -i - -R local  -L xgboost_hp_tuning_group_1 -T 2023-02-26T13:11:34+00:00 /home/poseidon/pegasus-5.1.0panorama/bin/../bin/pegasus-transfer  --threads 2,0.6,0,0,,,,,,,,,
stage_in_local_condorpool_0_0_pegasus-plan_ID0000020,None,transfer,0,1677417118.0,,,1677417123.0,1677417124.0,1677417128.0,2784.0,1677417123.0,1677417138.0,,,0.0,1677417138.0,1677417143.0,5.0,,0.0,15.0,5.0,4.0,12142.0,,,poseidon,local,host-10-100-100-12.openstacklocal,pegasus::transfer,/home/poseidon/pegasus-5.1.0panorama/bin/pegasus-transfer,-n pegasus::transfer -N null -i - -R local  -L xgboost_hp_tuning_group_2 -T 2023-02-26T13:11:34+00:00 /home/poseidon/pegasus-5.1.0panorama/bin/../bin/pegasus-transfer  --threads 2,0.6,0,0,,,,,,,,,
stage_in_local_condorpool_0_2_pegasus-plan_ID0000016,None,transfer,0,1677417118.0,,,1677417123.0,1677417124.0,1677417134.0,71000324.0,1677417123.0,1677417143.0,,,0.0,1677417143.0,1677417148.0,5.0,,0.0,20.0,5.0,10.0,735985664.0,,,poseidon,local,host-10-100-100-12.openstacklocal,pegasus::transfer,/home/poseidon/pegasus-5.1.0panorama/bin/pegasus-transfer,-n pegasus::transfer -N null -i - -R local  -L xgboost_hp_tuning_group_1 -T 2023-02-26T13:11:34+00:00 /home/poseidon/pegasus-5.1.0panorama/bin/../bin/pegasus-transfer  --threads 2,4.2,0,0,,,,,,,,,
stage_in_local_condorpool_0_2_pegasus-plan_ID0000020,None,transfer,0,1677417118.0,,,1677417123.0,1677417124.0,1677417134.0,70171677.0,1677417123.0,1677417143.0,,,0.0,1677417143.0,1677417148.0,5.0,,0.0,20.0,5.0,10.0,735985664.0,,,poseidon,local,host-10-100-100-12.openstacklocal,pegasus::transfer,/home/poseidon/pegasus-5.1.0panorama/bin/pegasus-transfer,-n pegasus::transfer -N null -i - -R local  -L xgboost_hp_tuning_group_2 -T 2023-02-26T13:11:34+00:00 /home/poseidon/pegasus-5.1.0panorama/bin/../bin/pegasus-transfer  --threads 2,4.2,0,0,,,,,,,,,
xgboost_hp_tuning_ID0000020_pegasus-plan_ID0000016,cpu_3,compute,0,1677417148.0,,,1677417153.0,1677417170.0,1677417185.0,45600949.5,1677417215.0,1677417253.0,1677417195.0,1677417200.0,255.0,1677417253.0,1677417258.0,5.0,,62.0,38.0,5.0,15.0,377646203.0,5.0,1062.0,poseidon,condorpool,poseidon-worker-1-container-40-47,xgboost_hp_tuning,/srv/xgboost_hp_tuning,,10.5,0,0,,,,,,,,,
xgboost_hp_tuning_ID0000023_pegasus-plan_ID0000012,None,compute,0,1677417148.0,,,1677417153.0,1677417168.0,1677417184.0,51285227.3,1677417213.0,1677417278.0,1677417218.0,1677417222.0,264.0,1677417278.0,1677417283.0,5.0,,60.0,65.0,5.0,16.0,502672266.0,4.0,1092.0,poseidon,condorpool,poseidon-worker-3-container-8-15,xgboost_hp_tuning,/srv/xgboost_hp_tuning,,143.2,0,0,0.0,157970645.0,40.0,3319.0,2.0,100.2,2.9,7898532.2,4.0
xgboost_hp_tuning_ID0000012_pegasus-plan_ID0000012,None,compute,0,1677417148.0,,,1677417153.0,1677417167.0,1677417184.0,51178526.3,1677417212.0,1677417268.0,1677417209.0,1677417213.0,254.0,1677417268.0,1677417273.0,5.0,,59.0,56.0,5.0,17.0,502672266.0,4.0,1049.0,poseidon,condorpool,poseidon-worker-2-container-24-31,xgboost_hp_tuning,/srv/xgboost_hp_tuning,,101.8,0,0,0.1,157967899.0,40.0,3305.0,2.0,47.1,2.5,15796789.9,4.0
xgboost_hp_tuning_ID0000001_pegasus-plan_ID0000012,None,compute,0,1677417148.0,,,1677417153.0,1677417166.0,1677417183.0,51492954.7,1677417212.0,1677417268.0,1677417209.0,1677417213.0,249.0,1677417268.0,1677417273.0,5.0,,59.0,56.0,5.0,17.0,502672266.0,4.0,1063.0,poseidon,condorpool,poseidon-worker-3-container-16-23,xgboost_hp_tuning,/srv/xgboost_hp_tuning,,99.9,0,0,0.0,157966184.0,40.0,3303.0,2.0,40.0,2.9,15796618.4,4.0
xgboost_hp_tuning_ID0000013_pegasus-plan_ID0000012,None,compute,0,1677417148.0,,,1677417153.0,1677417165.0,1677417182.0,51319673.7,1677417211.0,1677417268.0,1677417208.0,1677417212.0,252.0,1677417268.0,1677417273.0,5.0,,58.0,57.0,5.0,17.0,502672266.0,4.0,1053.0,poseidon,condorpool,poseidon-worker-1-container-24-31,xgboost_hp_tuning,/srv/xgboost_hp_tuning,,98.8,0,0,0.0,157967906.0,40.0,3305.0,2.0,43.9,2.8,15796790.6,4.0
xgboost_hp_tuning_ID0000002_pegasus-plan_ID0000012,None,compute,0,1677417148.0,,,1677417153.0,1677417165.0,1677417181.0,51506235.7,1677417210.0,1677417273.0,1677417211.0,1677417215.0,261.0,1677417273.0,1677417278.0,5.0,,57.0,63.0,5.0,16.0,502672266.0,4.0,1063.0,poseidon,condorpool,poseidon-worker-3-container-32-39,xgboost_hp_tuning,/srv/xgboost_hp_tuning,,125.6,0,0,0.0,157970665.0,40.0,3319.0,2.0,102.1,3.6,7898533.2,4.0
xgboost_hp_tuning_ID0000014_pegasus-plan_ID0000012,None,compute,0,1677417148.0,,,1677417153.0,1677417112.0,1677417129.0,51326739.7,1677417157.0,1677417213.0,1677417156.0,1677417160.0,245.0,1677417213.0,1677417218.0,5.0,,4.0,56.0,5.0,17.0,502672266.0,4.0,1053.0,poseidon,condorpool,poseidon-worker-1-container-8-15,xgboost_hp_tuning,/srv/xgboost_hp_tuning,,103.5,0,0,0.0,157972437.0,4028.0,3321.0,5.0,99.5,3.9,7898621.9,201.4
xgboost_hp_tuning_ID0000003_pegasus-plan_ID0000012,None,compute,0,1677417148.0,,,1677417153.0,1677417112.0,1677417129.0,51525857.3,1677417157.0,1677417213.0,1677417155.0,1677417159.0,259.0,1677417213.0,1677417218.0,5.0,,4.0,56.0,5.0,17.0,502672266.0,4.0,1069.0,poseidon,condorpool,poseidon-worker-3-container-8-15,xgboost_hp_tuning,/srv/xgboost_hp_tuning,,107.3,0,0,0.0,157965927.0,40.0,3303.0,2.0,44.5,2.9,15796592.7,4.0
xgboost_hp_tuning_ID0000015_pegasus-plan_ID0000012,None,compute,0,1677417148.0,,,1677417153.0,1677417112.0,1677417129.0,51379946.3,1677417157.0,1677417218.0,1677417160.0,1677417164.0,246.0,1677417218.0,1677417223.0,5.0,,4.0,61.0,5.0,17.0,502672266.0,4.0,1052.0,poseidon,condorpool,poseidon-worker-1-container-16-23,xgboost_hp_tuning,/srv/xgboost_hp_tuning,,137.0,0,0,0.1,157972471.0,40.0,3321.0,2.0,105.7,3.7,7898623.6,4.0
xgboost_hp_tuning_ID0000004_pegasus-plan_ID0000012,None,compute,0,1677417148.0,,,1677417153.0,1677417112.0,1677417129.0,51379251.7,1677417157.0,1677417218.0,1677417161.0,1677417165.0,252.0,1677417218.0,1677417223.0,5.0,,4.0,61.0,5.0,17.0,502672266.0,4.0,1061.0,poseidon,condorpool,poseidon-worker-2-container-8-15,xgboost_hp_tuning,/srv/xgboost_hp_tuning,,141.0,0,0,0.0,157972429.0,40.0,3321.0,2.0,108.1,3.5,7898621.5,4.0
xgboost_hp_tuning_ID0000016_pegasus-plan_ID0000012,None,compute,0,1677417148.0,,,1677417153.0,1677417112.0,1677417129.0,51349733.7,1677417157.0,1677417213.0,1677417152.0,1677417157.0,252.0,1677417213.0,1677417218.0,5.0,,4.0,56.0,5.0,17.0,502672266.0,5.0,1055.0,poseidon,condorpool,poseidon-worker-1-container-24-31,xgboost_hp_tuning,/srv/xgboost_hp_tuning,,85.8,0,0,0.1,157967838.0,40.0,3305.0,2.0,43.0,2.7,15796783.8,4.0
xgboost_hp_tuning_ID0000005_pegasus-plan_ID0000012,None,compute,0,1677417148.0,,,1677417153.0,1677417112.0,1677417129.0,51339006.7,1677417157.0,1677417223.0,1677417164.0,1677417169.0,258.0,1677417223.0,1677417228.0,5.0,,4.0,66.0,5.0,17.0,502672266.0,5.0,1079.0,poseidon,condorpool,poseidon-worker-2-container-16-23,xgboost_hp_tuning,/srv/xgboost_hp_tuning,,164.3,0,0,0.0,157972464.0,40.0,3321.0,2.0,108.1,3.5,7898623.2,4.0
xgboost_hp_tuning_ID0000017_pegasus-plan_ID0000012,None,compute,0,1677417148.0,,,1677417153.0,1677417112.0,1677417129.0,51332777.0,1677417157.0,1677417218.0,1677417160.0,1677417164.0,249.0,1677417218.0,1677417223.0,5.0,,4.0,61.0,5.0,17.0,502672266.0,4.0,1055.0,poseidon,condorpool,poseidon-worker-1-container-32-39,xgboost_hp_tuning,/srv/xgboost_hp_tuning,,124.6,0,0,0.1,157972473.0,40.0,3321.0,2.0,96.8,3.0,7898623.7,4.0
xgboost_hp_tuning_ID0000006_pegasus-plan_ID0000012,None,compute,0,1677417148.0,,,1677417153.0,1677417112.0,1677417129.0,51550285.0,1677417157.0,1677417218.0,1677417158.0,1677417162.0,255.0,1677417218.0,1677417223.0,5.0,,4.0,61.0,5.0,17.0,502672266.0,4.0,1067.0,poseidon,condorpool,poseidon-worker-3-container-24-31,xgboost_hp_tuning,/srv/xgboost_hp_tuning,,130.2,0,0,0.0,157970596.0,40.0,3319.0,2.0,108.5,3.5,7898529.8,4.0
xgboost_hp_tuning_ID0000009_pegasus-plan_ID0000012,cpu_3,compute,0,1677417148.0,,,1677417153.0,1677417112.0,1677417129.0,51360562.3,1677417157.0,1677417218.0,1677417157.0,1677417161.0,254.0,1677417218.0,1677417223.0,5.0,,4.0,61.0,5.0,17.0,502672266.0,4.0,1061.0,poseidon,condorpool,poseidon-worker-1-container-40-47,xgboost_hp_tuning,/srv/xgboost_hp_tuning,,77.0,0,0,0.1,157972717.0,40.0,3321.0,2.0,68.8,3.1,7898635.8,4.0
xgboost_hp_tuning_ID0000011_pegasus-plan_ID0000012,cpu_3,compute,0,1677417148.0,,,1677417153.0,1677417112.0,1677417129.0,51202114.0,1677417157.0,1677417223.0,1677417165.0,1677417169.0,253.0,1677417223.0,1677417228.0,5.0,,4.0,66.0,5.0,17.0,502672266.0,4.0,1051.0,poseidon,condorpool,poseidon-worker-1-container-0-7,xgboost_hp_tuning,/srv/xgboost_hp_tuning,,104.0,0,0,0.1,157973892.0,40.0,3324.0,2.0,63.5,2.4,7898694.6,4.0
xgboost_hp_tuning_ID0000022_pegasus-plan_ID0000012,None,compute,0,1677417148.0,,,1677417153.0,1677417112.0,1677417129.0,51532711.7,1677417157.0,1677417213.0,1677417154.0,1677417158.0,257.0,1677417213.0,1677417218.0,5.0,,4.0,56.0,5.0,17.0,502672266.0,4.0,1062.0,poseidon,condorpool,poseidon-worker-3-container-16-23,xgboost_hp_tuning,/srv/xgboost_hp_tuning,,96.0,0,0,0.0,157966183.0,40.0,3303.0,2.0,45.0,2.8,15796618.3,4.0
xgboost_hp_tuning_ID0000010_pegasus-plan_ID0000012,None,compute,0,1677417148.0,,,1677417153.0,1677417112.0,1677417129.0,51339397.7,1677417157.0,1677417213.0,1677417156.0,1677417160.0,249.0,1677417213.0,1677417218.0,5.0,,4.0,56.0,5.0,17.0,502672266.0,4.0,1048.0,poseidon,condorpool,poseidon-worker-2-container-32-39,xgboost_hp_tuning,/srv/xgboost_hp_tuning,,112.1,0,0,0.0,157972462.0,40.0,3321.0,2.0,107.6,3.3,7898623.1,4.0
xgboost_hp_tuning_ID0000021_pegasus-plan_ID0000012,None,compute,0,1677417148.0,,,1677417153.0,1677417112.0,1677417129.0,51542593.3,1677417157.0,1677417218.0,1677417157.0,1677417161.0,253.0,1677417218.0,1677417223.0,5.0,,4.0,61.0,5.0,17.0,502672266.0,4.0,1062.0,poseidon,condorpool,poseidon-worker-3-container-0-7,xgboost_hp_tuning,/srv/xgboost_hp_tuning,,114.7,0,0,0.0,157970519.0,40.0,3319.0,2.0,101.2,3.8,7898526.0,4.0
xgboost_hp_tuning_ID0000020_pegasus-plan_ID0000012,None,compute,0,1677417148.0,,,1677417153.0,1677417112.0,1677417129.0,51374148.7,1677417157.0,1677417213.0,1677417154.0,1677417158.0,255.0,1677417213.0,1677417218.0,5.0,,4.0,56.0,5.0,17.0,502672266.0,4.0,1064.0,poseidon,condorpool,poseidon-worker-2-container-24-31,xgboost_hp_tuning,/srv/xgboost_hp_tuning,,95.2,0,0,0.0,157967829.0,40.0,3305.0,2.0,42.3,2.7,15796782.9,4.0
xgboost_hp_tuning_ID0000008_pegasus-plan_ID0000012,None,compute,0,1677417148.0,,,1677417153.0,1677417112.0,1677417129.0,51317249.0,1677417157.0,1677417213.0,1677417156.0,1677417160.0,253.0,1677417213.0,1677417218.0,5.0,,4.0,56.0,5.0,17.0,502672266.0,4.0,1058.0,poseidon,condorpool,poseidon-worker-2-container-40-47,xgboost_hp_tuning,/srv/xgboost_hp_tuning,,108.7,0,0,0.0,157967828.0,40.0,3305.0,2.0,46.9,2.5,15796782.8,4.0
xgboost_hp_tuning_ID0000019_pegasus-plan_ID0000012,None,compute,0,1677417148.0,,,1677417153.0,1677417112.0,1677417129.0,51367369.3,1677417157.0,1677417213.0,1677417155.0,1677417160.0,249.0,1677417213.0,1677417218.0,5.0,,4.0,56.0,5.0,17.0,502672266.0,5.0,1062.0,poseidon,condorpool,poseidon-worker-2-container-0-7,xgboost_hp_tuning,/srv/xgboost_hp_tuning,,105.1,0,0,0.1,157967762.0,40.0,3305.0,2.0,44.8,3.1,15796776.2,4.0
xgboost_hp_tuning_ID0000023_pegasus-plan_ID0000016,None,compute,0,1677417148.0,,,1677417153.0,1677417212.0,1677417228.0,45596696.5,1677417258.0,1677417298.0,1677417238.0,1677417242.0,260.0,1677417298.0,1677417303.0,5.0,,105.0,40.0,5.0,16.0,377646203.0,4.0,1089.0,poseidon,condorpool,poseidon-worker-1-container-32-39,xgboost_hp_tuning,/srv/xgboost_hp_tuning,,16.1,0,0,,,,,,,,,
xgboost_hp_tuning_ID0000007_pegasus-plan_ID0000012,None,compute,0,1677417148.0,,,1677417153.0,1677417112.0,1677417129.0,51493283.7,1677417157.0,1677417218.0,1677417157.0,1677417161.0,257.0,1677417218.0,1677417223.0,5.0,,4.0,61.0,5.0,17.0,502672266.0,4.0,1066.0,poseidon,condorpool,poseidon-worker-3-container-40-47,xgboost_hp_tuning,/srv/xgboost_hp_tuning,,125.1,0,0,0.0,157970595.0,40.0,3319.0,2.0,106.7,3.4,7898529.8,4.0
xgboost_hp_tuning_ID0000012_pegasus-plan_ID0000016,None,compute,0,1677417148.0,,,1677417153.0,1677417212.0,1677417228.0,45651567.0,1677417257.0,1677417298.0,1677417241.0,1677417245.0,250.0,1677417298.0,1677417303.0,5.0,,104.0,41.0,5.0,16.0,377646203.0,4.0,1052.0,poseidon,condorpool,poseidon-worker-1-container-16-23,xgboost_hp_tuning,/srv/xgboost_hp_tuning,,37.0,0,0,,,,,,,,,
xgboost_hp_tuning_ID0000013_pegasus-plan_ID0000016,None,compute,0,1677417148.0,,,1677417153.0,1677417208.0,1677417224.0,45844979.2,1677417254.0,1677417293.0,1677417234.0,1677417238.0,247.0,1677417293.0,1677417298.0,5.0,,101.0,39.0,5.0,16.0,377646203.0,4.0,1055.0,poseidon,condorpool,poseidon-worker-3-container-0-7,xgboost_hp_tuning,/srv/xgboost_hp_tuning,,14.7,0,0,,,,,,,,,
xgboost_hp_tuning_ID0000009_pegasus-plan_ID0000016,None,compute,0,1677417148.0,,,1677417153.0,1677417169.0,1677417184.0,45609289.5,1677417214.0,1677417253.0,1677417194.0,1677417198.0,255.0,1677417253.0,1677417258.0,5.0,,61.0,39.0,5.0,15.0,377646203.0,4.0,1057.0,poseidon,condorpool,poseidon-worker-2-container-0-7,xgboost_hp_tuning,/srv/xgboost_hp_tuning,,15.0,0,0,,,,,,,,,
xgboost_hp_tuning_ID0000011_pegasus-plan_ID0000016,None,compute,0,1677417148.0,,,1677417153.0,1677417169.0,1677417184.0,45746934.0,1677417214.0,1677417253.0,1677417194.0,1677417199.0,251.0,1677417253.0,1677417258.0,5.0,,61.0,39.0,5.0,15.0,377646203.0,5.0,1049.0,poseidon,condorpool,poseidon-worker-2-container-40-47,xgboost_hp_tuning,/srv/xgboost_hp_tuning,,16.6,0,0,,,,,,,,,
xgboost_hp_tuning_ID0000022_pegasus-plan_ID0000016,None,compute,0,1677417148.0,,,1677417153.0,1677417169.0,1677417184.0,45719579.8,1677417214.0,1677417253.0,1677417195.0,1677417199.0,253.0,1677417253.0,1677417258.0,5.0,,61.0,39.0,5.0,15.0,377646203.0,4.0,1061.0,poseidon,condorpool,poseidon-worker-1-container-8-15,xgboost_hp_tuning,/srv/xgboost_hp_tuning,,20.5,0,0,,,,,,,,,
xgboost_hp_tuning_ID0000010_pegasus-plan_ID0000016,None,compute,0,1677417148.0,,,1677417153.0,1677417169.0,1677417184.0,45725602.5,1677417214.0,1677417253.0,1677417194.0,1677417198.0,251.0,1677417253.0,1677417258.0,5.0,,61.0,39.0,5.0,15.0,377646203.0,4.0,1047.0,poseidon,condorpool,poseidon-worker-2-container-32-39,xgboost_hp_tuning,/srv/xgboost_hp_tuning,,14.7,0,0,,,,,,,,,
xgboost_hp_tuning_ID0000021_pegasus-plan_ID0000016,None,compute,0,1677417148.0,,,1677417153.0,1677417169.0,1677417185.0,45619405.5,1677417215.0,1677417253.0,1677417196.0,1677417200.0,259.0,1677417253.0,1677417258.0,5.0,,62.0,38.0,5.0,16.0,377646203.0,4.0,1063.0,poseidon,condorpool,poseidon-worker-3-container-0-7,xgboost_hp_tuning,/srv/xgboost_hp_tuning,,18.0,0,0,,,,,,,,,
xgboost_hp_tuning_ID0000008_pegasus-plan_ID0000016,None,compute,0,1677417148.0,,,1677417153.0,1677417170.0,1677417185.0,45591080.8,1677417216.0,1677417253.0,1677417196.0,1677417200.0,256.0,1677417253.0,1677417258.0,5.0,,63.0,37.0,5.0,15.0,377646203.0,4.0,1056.0,poseidon,condorpool,poseidon-worker-3-container-40-47,xgboost_hp_tuning,/srv/xgboost_hp_tuning,,16.7,0,0,,,,,,,,,
xgboost_hp_tuning_ID0000019_pegasus-plan_ID0000016,None,compute,0,1677417148.0,,,1677417153.0,1677417171.0,1677417186.0,45610119.0,1677417217.0,1677417258.0,1677417197.0,1677417201.0,259.0,1677417258.0,1677417263.0,5.0,,64.0,41.0,5.0,15.0,377646203.0,4.0,1059.0,poseidon,condorpool,poseidon-worker-3-container-24-31,xgboost_hp_tuning,/srv/xgboost_hp_tuning,,15.2,0,0,,,,,,,,,
xgboost_hp_tuning_ID0000001_pegasus-plan_ID0000016,None,compute,0,1677417148.0,,,1677417153.0,1677417210.0,1677417225.0,45848293.2,1677417255.0,1677417293.0,1677417235.0,1677417239.0,256.0,1677417293.0,1677417298.0,5.0,,102.0,38.0,5.0,15.0,377646203.0,4.0,1066.0,poseidon,condorpool,poseidon-worker-3-container-24-31,xgboost_hp_tuning,/srv/xgboost_hp_tuning,,17.4,0,0,,,,,,,,,
xgboost_hp_tuning_ID0000018_pegasus-plan_ID0000016,None,compute,0,1677417148.0,,,1677417153.0,1677417173.0,1677417189.0,45256936.5,1677417219.0,1677417258.0,1677417199.0,1677417203.0,252.0,1677417258.0,1677417263.0,5.0,,66.0,39.0,5.0,16.0,377646203.0,4.0,1055.0,poseidon,condorpool,poseidon-worker-1-container-16-23,xgboost_hp_tuning,/srv/xgboost_hp_tuning,,15.3,0,0,,,,,,,,,
xgboost_hp_tuning_ID0000007_pegasus-plan_ID0000016,None,compute,0,1677417148.0,,,1677417153.0,1677417173.0,1677417188.0,45302939.5,1677417218.0,1677417258.0,1677417199.0,1677417203.0,254.0,1677417258.0,1677417263.0,5.0,,65.0,40.0,5.0,15.0,377646203.0,4.0,1068.0,poseidon,condorpool,poseidon-worker-1-container-32-39,xgboost_hp_tuning,/srv/xgboost_hp_tuning,,20.9,0,0,,,,,,,,,
xgboost_hp_tuning_ID0000017_pegasus-plan_ID0000016,None,compute,0,1677417148.0,,,1677417153.0,1677417178.0,1677417193.0,45313328.0,1677417223.0,1677417263.0,1677417203.0,1677417207.0,253.0,1677417263.0,1677417268.0,5.0,,70.0,40.0,5.0,15.0,377646203.0,4.0,1058.0,poseidon,condorpool,poseidon-worker-2-container-16-23,xgboost_hp_tuning,/srv/xgboost_hp_tuning,,15.5,0,0,,,,,,,,,
xgboost_hp_tuning_ID0000005_pegasus-plan_ID0000016,cpu_3,compute,0,1677417148.0,,,1677417153.0,1677417178.0,1677417193.0,45479858.2,1677417223.0,1677417263.0,1677417204.0,1677417208.0,259.0,1677417263.0,1677417268.0,5.0,,70.0,40.0,5.0,15.0,377646203.0,4.0,1076.0,poseidon,condorpool,poseidon-worker-1-container-0-7,xgboost_hp_tuning,/srv/xgboost_hp_tuning,,13.5,0,0,,,,,,,,,
xgboost_hp_tuning_ID0000016_pegasus-plan_ID0000016,None,compute,0,1677417148.0,,,1677417153.0,1677417207.0,1677417223.0,45688280.0,1677417253.0,1677417293.0,1677417233.0,1677417237.0,246.0,1677417293.0,1677417298.0,5.0,,100.0,40.0,5.0,16.0,377646203.0,4.0,1054.0,poseidon,condorpool,poseidon-worker-2-container-32-39,xgboost_hp_tuning,/srv/xgboost_hp_tuning,,15.3,0,0,,,,,,,,,
xgboost_hp_tuning_ID0000004_pegasus-plan_ID0000016,None,compute,0,1677417148.0,,,1677417153.0,1677417207.0,1677417223.0,45714159.2,1677417253.0,1677417293.0,1677417233.0,1677417237.0,254.0,1677417293.0,1677417298.0,5.0,,100.0,40.0,5.0,16.0,377646203.0,4.0,1063.0,poseidon,condorpool,poseidon-worker-2-container-0-7,xgboost_hp_tuning,/srv/xgboost_hp_tuning,,16.3,0,0,,,,,,,,,
xgboost_hp_tuning_ID0000015_pegasus-plan_ID0000016,None,compute,0,1677417148.0,,,1677417153.0,1677417208.0,1677417223.0,45723484.0,1677417253.0,1677417293.0,1677417233.0,1677417238.0,248.0,1677417293.0,1677417298.0,5.0,,100.0,40.0,5.0,15.0,377646203.0,5.0,1053.0,poseidon,condorpool,poseidon-worker-2-container-40-47,xgboost_hp_tuning,/srv/xgboost_hp_tuning,,16.4,0,0,,,,,,,,,
xgboost_hp_tuning_ID0000003_pegasus-plan_ID0000016,None,compute,0,1677417148.0,,,1677417153.0,1677417208.0,1677417223.0,45700126.0,1677417253.0,1677417298.0,1677417240.0,1677417244.0,251.0,1677417298.0,1677417303.0,5.0,,100.0,45.0,5.0,15.0,377646203.0,4.0,1068.0,poseidon,condorpool,poseidon-worker-1-container-8-15,xgboost_hp_tuning,/srv/xgboost_hp_tuning,,58.6,0,0,0.0,32941900.0,40.0,3305.0,2.0,52.9,1.9,3294190.0,4.0
xgboost_hp_tuning_ID0000014_pegasus-plan_ID0000016,None,compute,0,1677417148.0,,,1677417153.0,1677417208.0,1677417224.0,45841535.0,1677417254.0,1677417293.0,1677417234.0,1677417238.0,249.0,1677417293.0,1677417298.0,5.0,,101.0,39.0,5.0,16.0,377646203.0,4.0,1054.0,poseidon,condorpool,poseidon-worker-3-container-40-47,xgboost_hp_tuning,/srv/xgboost_hp_tuning,,17.9,0,0,,,,,,,,,
xgboost_hp_tuning_ID0000002_pegasus-plan_ID0000016,cpu_3,compute,0,1677417148.0,,,1677417153.0,1677417208.0,1677417224.0,45746197.8,1677417254.0,1677417293.0,1677417235.0,1677417239.0,253.0,1677417293.0,1677417298.0,5.0,,101.0,39.0,5.0,16.0,377646203.0,4.0,1064.0,poseidon,condorpool,poseidon-worker-1-container-40-47,xgboost_hp_tuning,/srv/xgboost_hp_tuning,,17.0,0,0,,,,,,,,,
xgboost_hp_tuning_ID0000006_pegasus-plan_ID0000016,None,compute,0,1677417148.0,,,1677417153.0,1677417174.0,1677417190.0,45424753.0,1677417219.0,1677417258.0,1677417200.0,1677417204.0,253.0,1677417258.0,1677417263.0,5.0,,66.0,39.0,5.0,16.0,377646203.0,4.0,1067.0,poseidon,condorpool,poseidon-worker-2-container-8-15,xgboost_hp_tuning,/srv/xgboost_hp_tuning,,14.9,0,0,,,,,,,,,
xgboost_hp_tuning_ID0000018_pegasus-plan_ID0000012,None,compute,0,1677417148.0,,,1677417153.0,1677417112.0,1677417129.0,51387944.0,1677417157.0,1677417213.0,1677417152.0,1677417156.0,254.0,1677417213.0,1677417218.0,5.0,,4.0,56.0,5.0,17.0,502672266.0,4.0,1056.0,poseidon,condorpool,poseidon-worker-3-container-32-39,xgboost_hp_tuning,/srv/xgboost_hp_tuning,,81.5,0,0,0.0,157965960.0,40.0,3303.0,2.0,39.5,2.9,15796596.0,4.0
xgboost_hp_tuning_ID0000001_pegasus-plan_ID0000020,None,compute,0,1677417153.0,,,1677417158.0,1677417623.0,1677417652.0,75305016.2,1677417668.0,1677417999.0,1677417939.0,1677417943.0,264.0,1677417999.0,1677418004.0,5.0,,510.0,331.0,5.0,29.0,1691153157.0,4.0,1066.0,poseidon,condorpool,poseidon-worker-3-container-0-7,xgboost_hp_tuning,/srv/xgboost_hp_tuning,,1537.1,0,0,0.0,1346547278.0,40.0,3694.0,2.0,1441.8,45.9,4987212.1,4.0
xgboost_hp_tuning_ID0000009_pegasus-plan_ID0000020,None,compute,0,1677417153.0,,,1677417158.0,1677417213.0,1677417242.0,75145520.1,1677417258.0,1677417674.0,1677417612.0,1677417616.0,254.0,1677417674.0,1677417679.0,5.0,,100.0,416.0,5.0,29.0,1691153157.0,4.0,1056.0,poseidon,condorpool,poseidon-worker-2-container-8-15,xgboost_hp_tuning,/srv/xgboost_hp_tuning,,2061.9,0,0,0.1,1346583570.0,40.0,3831.0,2.0,1996.1,57.8,3740509.9,4.0
xgboost_hp_tuning_ID0000012_pegasus-plan_ID0000020,None,compute,0,1677417153.0,,,1677417158.0,1677417625.0,1677417655.0,75108922.2,1677417671.0,1677418094.0,1677418034.0,1677418039.0,254.0,1677418094.0,1677418099.0,5.0,,513.0,423.0,5.0,30.0,1691153157.0,5.0,1049.0,poseidon,condorpool,poseidon-worker-2-container-8-15,xgboost_hp_tuning,/srv/xgboost_hp_tuning,,2171.1,0,0,0.1,1346587639.0,40.0,3846.0,2.0,2103.9,65.8,3639426.1,4.0
xgboost_hp_tuning_ID0000023_pegasus-plan_ID0000020,None,compute,0,1677417153.0,,,1677417158.0,1677417629.0,1677417658.0,75298443.5,1677417674.0,1677418059.0,1677418000.0,1677418004.0,266.0,1677418059.0,1677418064.0,5.0,,516.0,385.0,5.0,29.0,1691153157.0,4.0,1091.0,poseidon,condorpool,poseidon-worker-3-container-24-31,xgboost_hp_tuning,/srv/xgboost_hp_tuning,,1886.5,0,0,0.0,1346570519.0,40.0,3784.0,2.0,1816.9,49.5,4080516.7,4.0
xgboost_hp_tuning_ID0000017_pegasus-plan_ID0000020,None,compute,0,1677417153.0,,,1677417158.0,1677417247.0,1677417276.0,75294545.2,1677417292.0,1677417724.0,1677417663.0,1677417667.0,259.0,1677417724.0,1677417729.0,5.0,,134.0,432.0,5.0,29.0,1691153157.0,4.0,1055.0,poseidon,condorpool,poseidon-worker-3-container-40-47,xgboost_hp_tuning,/srv/xgboost_hp_tuning,,2132.2,0,0,0.1,1346585917.0,40.0,3844.0,2.0,2014.2,67.8,3639421.4,4.0
xgboost_hp_tuning_ID0000002_pegasus-plan_ID0000020,None,compute,0,1677417153.0,,,1677417158.0,1677417617.0,1677417647.0,75141922.3,1677417663.0,1677418049.0,1677417989.0,1677417993.0,253.0,1677418049.0,1677418054.0,5.0,,505.0,386.0,5.0,30.0,1691153157.0,4.0,1061.0,poseidon,condorpool,poseidon-worker-2-container-24-31,xgboost_hp_tuning,/srv/xgboost_hp_tuning,,1896.3,0,0,0.1,1346572457.0,40.0,3786.0,2.0,1827.0,53.9,4080522.6,4.0
xgboost_hp_tuning_ID0000005_pegasus-plan_ID0000020,cpu_3,compute,0,1677417153.0,,,1677417158.0,1677417248.0,1677417277.0,75166300.5,1677417293.0,1677417739.0,1677417680.0,1677417684.0,259.0,1677417739.0,1677417744.0,5.0,,135.0,446.0,5.0,29.0,1691153157.0,4.0,1076.0,poseidon,condorpool,poseidon-worker-1-container-40-47,xgboost_hp_tuning,/srv/xgboost_hp_tuning,,1472.6,0,0,0.1,1346595331.0,40.0,3877.0,2.0,1414.6,42.8,3452808.5,4.0
xgboost_hp_tuning_ID0000016_pegasus-plan_ID0000020,None,compute,0,1677417153.0,,,1677417158.0,1677417248.0,1677417277.0,75299861.4,1677417294.0,1677417674.0,1677417616.0,1677417620.0,252.0,1677417674.0,1677417679.0,5.0,,136.0,380.0,5.0,29.0,1691153157.0,4.0,1052.0,poseidon,condorpool,poseidon-worker-3-container-24-31,xgboost_hp_tuning,/srv/xgboost_hp_tuning,,1809.1,0,0,0.1,1346566686.0,40.0,3769.0,2.0,1688.8,61.4,4208020.9,4.0
xgboost_hp_tuning_ID0000004_pegasus-plan_ID0000020,None,compute,0,1677417153.0,,,1677417158.0,1677417251.0,1677417280.0,75199229.2,1677417296.0,1677417734.0,1677417674.0,1677417678.0,257.0,1677417734.0,1677417739.0,5.0,,138.0,438.0,5.0,29.0,1691153157.0,4.0,1063.0,poseidon,condorpool,poseidon-worker-1-container-32-39,xgboost_hp_tuning,/srv/xgboost_hp_tuning,,2099.9,0,0,0.0,1346591580.0,40.0,3861.0,2.0,1996.3,76.7,3543662.1,4.0
xgboost_hp_tuning_ID0000018_pegasus-plan_ID0000020,None,compute,0,1677417153.0,,,1677417158.0,1677417247.0,1677417276.0,75159554.0,1677417292.0,1677417664.0,1677417606.0,1677417611.0,251.0,1677417664.0,1677417669.0,5.0,,134.0,372.0,5.0,29.0,1691153157.0,5.0,1054.0,poseidon,condorpool,poseidon-worker-2-container-40-47,xgboost_hp_tuning,/srv/xgboost_hp_tuning,,1792.3,0,0,0.0,1346568630.0,40.0,3771.0,2.0,1727.3,59.4,4208027.0,4.0
xgboost_hp_tuning_ID0000013_pegasus-plan_ID0000020,None,compute,0,1677417153.0,,,1677417158.0,1677417620.0,1677417649.0,75008148.5,1677417665.0,1677418029.0,1677417969.0,1677417973.0,254.0,1677418029.0,1677418034.0,5.0,,507.0,364.0,5.0,29.0,1691153157.0,4.0,1056.0,poseidon,condorpool,poseidon-worker-2-container-40-47,xgboost_hp_tuning,/srv/xgboost_hp_tuning,,1747.4,0,0,0.1,1346564773.0,40.0,3756.0,2.0,1688.2,58.4,4343757.3,4.0
xgboost_hp_tuning_ID0000019_pegasus-plan_ID0000020,None,compute,0,1677417153.0,,,1677417158.0,1677417231.0,1677417260.0,75244413.5,1677417276.0,1677417759.0,1677417699.0,1677417703.0,258.0,1677417759.0,1677417764.0,5.0,,118.0,483.0,5.0,29.0,1691153157.0,4.0,1058.0,poseidon,condorpool,poseidon-worker-3-container-8-15,xgboost_hp_tuning,/srv/xgboost_hp_tuning,,2408.3,0,0,0.3,1346604640.0,40.0,3919.0,2.0,2285.7,62.6,3206201.5,4.0
xgboost_hp_tuning_ID0000008_pegasus-plan_ID0000020,None,compute,0,1677417153.0,,,1677417158.0,1677417224.0,1677417253.0,75108359.5,1677417270.0,1677417649.0,1677417590.0,1677417594.0,255.0,1677417649.0,1677417654.0,5.0,,112.0,379.0,5.0,29.0,1691153157.0,4.0,1057.0,poseidon,condorpool,poseidon-worker-3-container-32-39,xgboost_hp_tuning,/srv/xgboost_hp_tuning,,1756.6,0,0,0.0,1346566481.0,40.0,3769.0,2.0,1651.9,52.9,4208020.3,4.0
xgboost_hp_tuning_ID0000007_pegasus-plan_ID0000020,None,compute,0,1677417153.0,,,1677417158.0,1677417246.0,1677417276.0,75146517.4,1677417292.0,1677417714.0,1677417652.0,1677417656.0,257.0,1677417714.0,1677417719.0,5.0,,134.0,422.0,5.0,30.0,1691153157.0,4.0,1066.0,poseidon,condorpool,poseidon-worker-2-container-0-7,xgboost_hp_tuning,/srv/xgboost_hp_tuning,,2086.7,0,0,0.1,1346583583.0,40.0,3831.0,2.0,1961.2,78.5,3740510.0,4.0
xgboost_hp_tuning_ID0000021_pegasus-plan_ID0000020,None,compute,0,1677417153.0,,,1677417158.0,1677417222.0,1677417251.0,75354367.2,1677417267.0,1677417719.0,1677417659.0,1677417664.0,258.0,1677417719.0,1677417724.0,5.0,,109.0,452.0,5.0,29.0,1691153157.0,5.0,1061.0,poseidon,condorpool,poseidon-worker-3-container-16-23,xgboost_hp_tuning,/srv/xgboost_hp_tuning,,2190.8,0,0,0.0,1346593567.0,40.0,3874.0,2.0,2058.3,70.4,3452804.0,4.0
xgboost_hp_tuning_ID0000010_pegasus-plan_ID0000020,None,compute,0,1677417153.0,,,1677417158.0,1677417221.0,1677417250.0,75182914.5,1677417266.0,1677417719.0,1677417657.0,1677417662.0,254.0,1677417719.0,1677417724.0,5.0,,108.0,453.0,5.0,29.0,1691153157.0,5.0,1049.0,poseidon,condorpool,poseidon-worker-1-container-24-31,xgboost_hp_tuning,/srv/xgboost_hp_tuning,,2325.2,0,0,0.1,1346595236.0,40.0,3876.0,2.0,2218.7,51.4,3452808.3,4.0
xgboost_hp_tuning_ID0000022_pegasus-plan_ID0000020,cpu_3,compute,0,1677417153.0,,,1677417158.0,1677417217.0,1677417246.0,75065723.7,1677417262.0,1677417769.0,1677417710.0,1677417714.0,258.0,1677417769.0,1677417774.0,5.0,,104.0,507.0,5.0,29.0,1691153157.0,4.0,1064.0,poseidon,condorpool,poseidon-worker-1-container-0-7,xgboost_hp_tuning,/srv/xgboost_hp_tuning,,1559.0,0,0,0.0,1346617961.0,40.0,3967.0,2.0,1462.3,77.7,2992484.4,4.0
xgboost_hp_tuning_ID0000011_pegasus-plan_ID0000020,None,compute,0,1677417153.0,,,1677417158.0,1677417216.0,1677417246.0,75130841.3,1677417262.0,1677417659.0,1677417599.0,1677417603.0,250.0,1677417659.0,1677417664.0,5.0,,104.0,397.0,5.0,30.0,1691153157.0,4.0,1050.0,poseidon,condorpool,poseidon-worker-2-container-16-23,xgboost_hp_tuning,/srv/xgboost_hp_tuning,,1879.4,0,0,0.0,1346576034.0,40.0,3801.0,2.0,1793.6,61.0,3960517.7,4.0
xgboost_hp_tuning_ID0000015_pegasus-plan_ID0000020,None,compute,0,1677417153.0,,,1677417158.0,1677417253.0,1677417283.0,75175415.6,1677417299.0,1677417699.0,1677417641.0,1677417645.0,251.0,1677417699.0,1677417704.0,5.0,,141.0,400.0,5.0,30.0,1691153157.0,4.0,1056.0,poseidon,condorpool,poseidon-worker-1-container-8-15,xgboost_hp_tuning,/srv/xgboost_hp_tuning,,2016.1,0,0,0.1,1346576118.0,40.0,3801.0,2.0,1901.6,54.9,3960518.0,4.0
xgboost_hp_tuning_ID0000006_pegasus-plan_ID0000020,None,compute,0,1677417153.0,,,1677417158.0,1677417247.0,1677417276.0,75320134.1,1677417292.0,1677417669.0,1677417610.0,1677417614.0,258.0,1677417669.0,1677417674.0,5.0,,134.0,377.0,5.0,29.0,1691153157.0,4.0,1068.0,poseidon,condorpool,poseidon-worker-3-container-0-7,xgboost_hp_tuning,/srv/xgboost_hp_tuning,,1730.2,0,0,0.1,1346566399.0,40.0,3769.0,2.0,1633.0,64.9,4208020.0,4.0
xgboost_hp_tuning_ID0000014_pegasus-plan_ID0000020,None,compute,0,1677417153.0,,,1677417158.0,1677417320.0,1677417350.0,75061168.2,1677417366.0,1677417754.0,1677417693.0,1677417697.0,250.0,1677417754.0,1677417759.0,5.0,,208.0,388.0,5.0,30.0,1691153157.0,4.0,1053.0,poseidon,condorpool,poseidon-worker-2-container-32-39,xgboost_hp_tuning,/srv/xgboost_hp_tuning,,1855.4,0,0,0.0,1346572428.0,40.0,3786.0,2.0,1775.1,58.9,4080522.5,4.0
xgboost_hp_tuning_ID0000020_pegasus-plan_ID0000020,None,compute,0,1677417153.0,,,1677417158.0,1677417222.0,1677417252.0,74782627.5,1677417268.0,1677417664.0,1677417604.0,1677417608.0,251.0,1677417664.0,1677417669.0,5.0,,110.0,396.0,5.0,30.0,1691153157.0,4.0,1062.0,poseidon,condorpool,poseidon-worker-2-container-24-31,xgboost_hp_tuning,/srv/xgboost_hp_tuning,,1948.4,0,0,0.0,1346576044.0,40.0,3801.0,2.0,1872.8,56.9,3960517.8,4.0
xgboost_hp_tuning_ID0000003_pegasus-plan_ID0000020,None,compute,0,1677417153.0,,,1677417158.0,1677417254.0,1677417283.0,75099814.1,1677417299.0,1677417719.0,1677417658.0,1677417662.0,258.0,1677417719.0,1677417724.0,5.0,,141.0,420.0,5.0,29.0,1691153157.0,4.0,1068.0,poseidon,condorpool,poseidon-worker-1-container-16-23,xgboost_hp_tuning,/srv/xgboost_hp_tuning,,2023.0,0,0,0.1,1346583993.0,40.0,3831.0,2.0,1929.4,63.1,3740511.1,4.0
stage_out_local_condorpool_0_2_pegasus-plan_ID0000012,None,transfer,0,1677417273.0,,,1677417278.0,,,0.0,1677417278.0,1677417288.0,1677417278.0,1677417283.0,1840.0,1677417288.0,1677417293.0,5.0,,0.0,10.0,5.0,,,5.0,7424.0,poseidon,local,host-10-100-100-12.openstacklocal,pegasus::transfer,/home/poseidon/pegasus-5.1.0panorama/bin/pegasus-transfer,/home/poseidon/pegasus-5.1.0panorama/bin/../bin/pegasus-kickstart  -n pegasus::transfer -N null -i - -R local  -L xgboost_hp_tuning_group_0 -T 2023-02-26T13:11:34+00:00 /home/poseidon/pegasus-5.1.0panorama/bin/../bin/pegasus-transfer  --threads 2,1.0,0,0,,,,,,,,,
stage_out_local_condorpool_0_0_pegasus-plan_ID0000012,None,transfer,0,1677417278.0,,,1677417283.0,,,0.0,1677417284.0,1677417298.0,1677417285.0,1677417289.0,2099.0,1677417298.0,1677417303.0,5.0,,1.0,14.0,5.0,,,4.0,8466.0,poseidon,local,host-10-100-100-12.openstacklocal,pegasus::transfer,/home/poseidon/pegasus-5.1.0panorama/bin/pegasus-transfer,/home/poseidon/pegasus-5.1.0panorama/bin/../bin/pegasus-kickstart  -n pegasus::transfer -N null -i - -R local  -L xgboost_hp_tuning_group_0 -T 2023-02-26T13:11:34+00:00 /home/poseidon/pegasus-5.1.0panorama/bin/../bin/pegasus-transfer  --threads 2,1.1,0,0,,,,,,,,,
stage_out_local_condorpool_0_1_pegasus-plan_ID0000012,None,transfer,0,1677417283.0,,,1677417288.0,,,0.0,1677417288.0,1677417303.0,1677417289.0,1677417293.0,2107.0,1677417303.0,1677417308.0,5.0,,0.0,15.0,5.0,,,4.0,8511.0,poseidon,local,host-10-100-100-12.openstacklocal,pegasus::transfer,/home/poseidon/pegasus-5.1.0panorama/bin/pegasus-transfer,/home/poseidon/pegasus-5.1.0panorama/bin/../bin/pegasus-kickstart  -n pegasus::transfer -N null -i - -R local  -L xgboost_hp_tuning_group_0 -T 2023-02-26T13:11:34+00:00 /home/poseidon/pegasus-5.1.0panorama/bin/../bin/pegasus-transfer  --threads 2,1.1,0,0,,,,,,,,,
xgboost_best_params_ID0000024_pegasus-plan_ID0000012,None,compute,0,1677417283.0,,,1677417288.0,1677417246.0,1677417264.0,39663112.3,1677417292.0,1677417328.0,1677417270.0,1677417274.0,257.0,1677417328.0,1677417333.0,5.0,,4.0,36.0,5.0,18.0,368018670.0,4.0,1079.0,poseidon,condorpool,poseidon-worker-2-container-32-39,xgboost_best_params,/srv/xgboost_best_params,,0.0,0,0,,,,,,,,,
register_condorpool_0_2_pegasus-plan_ID0000012,None,auxiliary,0,1677417293.0,,,1677417298.0,,,0.0,1677417298.0,1677417303.0,,,0.0,1677417303.0,1677417308.0,5.0,,0.0,5.0,5.0,,,,,poseidon,local,host-10-100-100-12.openstacklocal,pegasus::rc-client,/home/poseidon/pegasus-5.1.0panorama/bin/pegasus-rc-client,"-n pegasus::rc-client -N null -R local  -L xgboost_hp_tuning_group_0 -T 2023-02-26T13:11:34+00:00 /home/poseidon/pegasus-5.1.0panorama/bin/pegasus-rc-client --prefix pegasus.catalog.replica.output --conf /home/poseidon/workflows/predict-future-sales-workflow/submit/poseidon/pegasus/predict-future-sales/run0223/00/00/./xgboost_hp_tuning_group_0.000/pegasus.1339013511377859221.properties -v --meta /home/poseidon/workflows/predict-future-sales-workflow/submit/poseidon/pegasus/predict-future-sales/run0223/00/00/./xgboost_hp_tuning_group_0.000/00/00/xgboost_hp_tuning_ID0000014.meta,/home/poseidon/workflows/predict-future-sales-workflow/submit/poseidon/pegasus/predict-future-sales/run0223/00/00/./xgboost_hp_tuning_group_0.000/00/00/xgboost_hp_tuning_ID0000001.meta,/home/poseidon/workflows/predict-future-sales-workflow/submit/poseidon/pegasus/predict-future-sales/run0223/00/00/./xgboost_hp_tuning_group_0.000/00/00/xgboost_hp_tuning_ID0000007.meta,/home/poseidon/workflows/predict-future-sales-workflow/submit/poseidon/pegasus/predict-future-sales/run0223/00/00/./xgboost_hp_tuning_group_0.000/00/00/xgboost_hp_tuning_ID0000004.meta,/home/poseidon/workflows/predict-future-sales-workflow/submit/poseidon/pegasus/predict-future-sales/run0223/00/00/./xgboost_hp_tuning_group_0.000/00/00/xgboost_hp_tuning_ID0000022.meta,/home/poseidon/workflows/predict-future-sales-workflow/submit/poseidon/pegasus/predict-future-sales/run0223/00/00/./xgboost_hp_tuning_group_0.000/00/00/xgboost_hp_tuning_ID0000020.meta,/home/poseidon/workflows/predict-future-sales-workflow/submit/poseidon/pegasus/predict-future-sales/run0223/00/00/./xgboost_hp_tuning_group_0.000/00/00/xgboost_hp_tuning_ID0000017.meta --insert /home/poseidon/workflows/predict-future-sales-workflow/submit/poseidon/pegasus/predict-future-sales/run0223/00/00/./xgboost_hp_tuning_group_0.000/00/00/register_condorpool_0_2.in",3.2,0,0,,,,,,,,,
stage_out_local_condorpool_0_2_pegasus-plan_ID0000016,None,transfer,0,1677417298.0,,,1677417303.0,,,0.0,1677417303.0,1677417313.0,1677417304.0,1677417308.0,1840.0,1677417313.0,1677417318.0,5.0,,0.0,10.0,5.0,,,4.0,7432.0,poseidon,local,host-10-100-100-12.openstacklocal,pegasus::transfer,/home/poseidon/pegasus-5.1.0panorama/bin/pegasus-transfer,/home/poseidon/pegasus-5.1.0panorama/bin/../bin/pegasus-kickstart  -n pegasus::transfer -N null -i - -R local  -L xgboost_hp_tuning_group_1 -T 2023-02-26T13:11:34+00:00 /home/poseidon/pegasus-5.1.0panorama/bin/../bin/pegasus-transfer  --threads 2,1.0,0,0,,,,,,,,,
register_condorpool_0_0_pegasus-plan_ID0000012,None,auxiliary,0,1677417303.0,,,1677417308.0,,,0.0,1677417309.0,1677417313.0,,,0.0,1677417313.0,1677417318.0,5.0,,1.0,4.0,5.0,,,,,poseidon,local,host-10-100-100-12.openstacklocal,pegasus::rc-client,/home/poseidon/pegasus-5.1.0panorama/bin/pegasus-rc-client,"-n pegasus::rc-client -N null -R local  -L xgboost_hp_tuning_group_0 -T 2023-02-26T13:11:34+00:00 /home/poseidon/pegasus-5.1.0panorama/bin/pegasus-rc-client --prefix pegasus.catalog.replica.output --conf /home/poseidon/workflows/predict-future-sales-workflow/submit/poseidon/pegasus/predict-future-sales/run0223/00/00/./xgboost_hp_tuning_group_0.000/pegasus.1339013511377859221.properties -v --meta /home/poseidon/workflows/predict-future-sales-workflow/submit/poseidon/pegasus/predict-future-sales/run0223/00/00/./xgboost_hp_tuning_group_0.000/00/00/xgboost_hp_tuning_ID0000018.meta,/home/poseidon/workflows/predict-future-sales-workflow/submit/poseidon/pegasus/predict-future-sales/run0223/00/00/./xgboost_hp_tuning_group_0.000/00/00/xgboost_hp_tuning_ID0000009.meta,/home/poseidon/workflows/predict-future-sales-workflow/submit/poseidon/pegasus/predict-future-sales/run0223/00/00/./xgboost_hp_tuning_group_0.000/00/00/xgboost_hp_tuning_ID0000012.meta,/home/poseidon/workflows/predict-future-sales-workflow/submit/poseidon/pegasus/predict-future-sales/run0223/00/00/./xgboost_hp_tuning_group_0.000/00/00/xgboost_hp_tuning_ID0000008.meta,/home/poseidon/workflows/predict-future-sales-workflow/submit/poseidon/pegasus/predict-future-sales/run0223/00/00/./xgboost_hp_tuning_group_0.000/00/00/xgboost_hp_tuning_ID0000010.meta,/home/poseidon/workflows/predict-future-sales-workflow/submit/poseidon/pegasus/predict-future-sales/run0223/00/00/./xgboost_hp_tuning_group_0.000/00/00/xgboost_hp_tuning_ID0000002.meta,/home/poseidon/workflows/predict-future-sales-workflow/submit/poseidon/pegasus/predict-future-sales/run0223/00/00/./xgboost_hp_tuning_group_0.000/00/00/xgboost_hp_tuning_ID0000005.meta,/home/poseidon/workflows/predict-future-sales-workflow/submit/poseidon/pegasus/predict-future-sales/run0223/00/00/./xgboost_hp_tuning_group_0.000/00/00/xgboost_hp_tuning_ID0000015.meta --insert /home/poseidon/workflows/predict-future-sales-workflow/submit/poseidon/pegasus/predict-future-sales/run0223/00/00/./xgboost_hp_tuning_group_0.000/00/00/register_condorpool_0_0.in",3.2,0,0,,,,,,,,,
stage_out_local_condorpool_0_0_pegasus-plan_ID0000016,None,transfer,0,1677417303.0,,,1677417308.0,,,0.0,1677417309.0,1677417323.0,1677417310.0,1677417314.0,2095.0,1677417323.0,1677417328.0,5.0,,1.0,14.0,5.0,,,4.0,8460.0,poseidon,local,host-10-100-100-12.openstacklocal,pegasus::transfer,/home/poseidon/pegasus-5.1.0panorama/bin/pegasus-transfer,/home/poseidon/pegasus-5.1.0panorama/bin/../bin/pegasus-kickstart  -n pegasus::transfer -N null -i - -R local  -L xgboost_hp_tuning_group_1 -T 2023-02-26T13:11:34+00:00 /home/poseidon/pegasus-5.1.0panorama/bin/../bin/pegasus-transfer  --threads 2,1.1,0,0,,,,,,,,,
xgboost_best_params_ID0000024_pegasus-plan_ID0000016,None,compute,0,1677417303.0,,,1677417308.0,1677417283.0,1677417300.0,39724954.3,1677417329.0,1677417368.0,1677417307.0,1677417311.0,252.0,1677417368.0,1677417373.0,5.0,,21.0,39.0,5.0,17.0,368018665.0,4.0,1063.0,poseidon,condorpool,poseidon-worker-2-container-32-39,xgboost_best_params,/srv/xgboost_best_params,,0.1,0,0,,,,,,,,,
stage_out_local_condorpool_0_1_pegasus-plan_ID0000016,None,transfer,0,1677417303.0,,,1677417308.0,,,0.0,1677417309.0,1677417323.0,1677417310.0,1677417314.0,2108.0,1677417323.0,1677417328.0,5.0,,1.0,14.0,5.0,,,4.0,8504.0,poseidon,local,host-10-100-100-12.openstacklocal,pegasus::transfer,/home/poseidon/pegasus-5.1.0panorama/bin/pegasus-transfer,/home/poseidon/pegasus-5.1.0panorama/bin/../bin/pegasus-kickstart  -n pegasus::transfer -N null -i - -R local  -L xgboost_hp_tuning_group_1 -T 2023-02-26T13:11:34+00:00 /home/poseidon/pegasus-5.1.0panorama/bin/../bin/pegasus-transfer  --threads 2,1.2,0,0,,,,,,,,,
register_condorpool_0_1_pegasus-plan_ID0000012,None,auxiliary,0,1677417308.0,,,1677417318.0,,,0.0,1677417318.0,1677417323.0,,,0.0,1677417323.0,1677417328.0,10.0,,0.0,5.0,5.0,,,,,poseidon,local,host-10-100-100-12.openstacklocal,pegasus::rc-client,/home/poseidon/pegasus-5.1.0panorama/bin/pegasus-rc-client,"-n pegasus::rc-client -N null -R local  -L xgboost_hp_tuning_group_0 -T 2023-02-26T13:11:34+00:00 /home/poseidon/pegasus-5.1.0panorama/bin/pegasus-rc-client --prefix pegasus.catalog.replica.output --conf /home/poseidon/workflows/predict-future-sales-workflow/submit/poseidon/pegasus/predict-future-sales/run0223/00/00/./xgboost_hp_tuning_group_0.000/pegasus.1339013511377859221.properties -v --meta /home/poseidon/workflows/predict-future-sales-workflow/submit/poseidon/pegasus/predict-future-sales/run0223/00/00/./xgboost_hp_tuning_group_0.000/00/00/xgboost_hp_tuning_ID0000019.meta,/home/poseidon/workflows/predict-future-sales-workflow/submit/poseidon/pegasus/predict-future-sales/run0223/00/00/./xgboost_hp_tuning_group_0.000/00/00/xgboost_hp_tuning_ID0000003.meta,/home/poseidon/workflows/predict-future-sales-workflow/submit/poseidon/pegasus/predict-future-sales/run0223/00/00/./xgboost_hp_tuning_group_0.000/00/00/xgboost_hp_tuning_ID0000006.meta,/home/poseidon/workflows/predict-future-sales-workflow/submit/poseidon/pegasus/predict-future-sales/run0223/00/00/./xgboost_hp_tuning_group_0.000/00/00/xgboost_hp_tuning_ID0000016.meta,/home/poseidon/workflows/predict-future-sales-workflow/submit/poseidon/pegasus/predict-future-sales/run0223/00/00/./xgboost_hp_tuning_group_0.000/00/00/xgboost_hp_tuning_ID0000013.meta,/home/poseidon/workflows/predict-future-sales-workflow/submit/poseidon/pegasus/predict-future-sales/run0223/00/00/./xgboost_hp_tuning_group_0.000/00/00/xgboost_hp_tuning_ID0000023.meta,/home/poseidon/workflows/predict-future-sales-workflow/submit/poseidon/pegasus/predict-future-sales/run0223/00/00/./xgboost_hp_tuning_group_0.000/00/00/xgboost_hp_tuning_ID0000011.meta,/home/poseidon/workflows/predict-future-sales-workflow/submit/poseidon/pegasus/predict-future-sales/run0223/00/00/./xgboost_hp_tuning_group_0.000/00/00/xgboost_hp_tuning_ID0000021.meta --insert /home/poseidon/workflows/predict-future-sales-workflow/submit/poseidon/pegasus/predict-future-sales/run0223/00/00/./xgboost_hp_tuning_group_0.000/00/00/register_condorpool_0_1.in",3.1,0,0,,,,,,,,,
register_condorpool_0_2_pegasus-plan_ID0000016,None,auxiliary,0,1677417318.0,,,1677417323.0,,,0.0,1677417323.0,1677417328.0,,,0.0,1677417328.0,1677417333.0,5.0,,0.0,5.0,5.0,,,,,poseidon,local,host-10-100-100-12.openstacklocal,pegasus::rc-client,/home/poseidon/pegasus-5.1.0panorama/bin/pegasus-rc-client,"-n pegasus::rc-client -N null -R local  -L xgboost_hp_tuning_group_1 -T 2023-02-26T13:11:34+00:00 /home/poseidon/pegasus-5.1.0panorama/bin/pegasus-rc-client --prefix pegasus.catalog.replica.output --conf /home/poseidon/workflows/predict-future-sales-workflow/submit/poseidon/pegasus/predict-future-sales/run0223/00/00/./xgboost_hp_tuning_group_1.000/pegasus.13780779710520753105.properties -v --meta /home/poseidon/workflows/predict-future-sales-workflow/submit/poseidon/pegasus/predict-future-sales/run0223/00/00/./xgboost_hp_tuning_group_1.000/00/00/xgboost_hp_tuning_ID0000014.meta,/home/poseidon/workflows/predict-future-sales-workflow/submit/poseidon/pegasus/predict-future-sales/run0223/00/00/./xgboost_hp_tuning_group_1.000/00/00/xgboost_hp_tuning_ID0000001.meta,/home/poseidon/workflows/predict-future-sales-workflow/submit/poseidon/pegasus/predict-future-sales/run0223/00/00/./xgboost_hp_tuning_group_1.000/00/00/xgboost_hp_tuning_ID0000007.meta,/home/poseidon/workflows/predict-future-sales-workflow/submit/poseidon/pegasus/predict-future-sales/run0223/00/00/./xgboost_hp_tuning_group_1.000/00/00/xgboost_hp_tuning_ID0000004.meta,/home/poseidon/workflows/predict-future-sales-workflow/submit/poseidon/pegasus/predict-future-sales/run0223/00/00/./xgboost_hp_tuning_group_1.000/00/00/xgboost_hp_tuning_ID0000022.meta,/home/poseidon/workflows/predict-future-sales-workflow/submit/poseidon/pegasus/predict-future-sales/run0223/00/00/./xgboost_hp_tuning_group_1.000/00/00/xgboost_hp_tuning_ID0000020.meta,/home/poseidon/workflows/predict-future-sales-workflow/submit/poseidon/pegasus/predict-future-sales/run0223/00/00/./xgboost_hp_tuning_group_1.000/00/00/xgboost_hp_tuning_ID0000017.meta --insert /home/poseidon/workflows/predict-future-sales-workflow/submit/poseidon/pegasus/predict-future-sales/run0223/00/00/./xgboost_hp_tuning_group_1.000/00/00/register_condorpool_0_2.in",3.2,0,0,,,,,,,,,
register_condorpool_0_1_pegasus-plan_ID0000016,None,auxiliary,0,1677417328.0,,,1677417333.0,,,0.0,1677417333.0,1677417338.0,,,0.0,1677417338.0,1677417343.0,5.0,,0.0,5.0,5.0,,,,,poseidon,local,host-10-100-100-12.openstacklocal,pegasus::rc-client,/home/poseidon/pegasus-5.1.0panorama/bin/pegasus-rc-client,"-n pegasus::rc-client -N null -R local  -L xgboost_hp_tuning_group_1 -T 2023-02-26T13:11:34+00:00 /home/poseidon/pegasus-5.1.0panorama/bin/pegasus-rc-client --prefix pegasus.catalog.replica.output --conf /home/poseidon/workflows/predict-future-sales-workflow/submit/poseidon/pegasus/predict-future-sales/run0223/00/00/./xgboost_hp_tuning_group_1.000/pegasus.13780779710520753105.properties -v --meta /home/poseidon/workflows/predict-future-sales-workflow/submit/poseidon/pegasus/predict-future-sales/run0223/00/00/./xgboost_hp_tuning_group_1.000/00/00/xgboost_hp_tuning_ID0000019.meta,/home/poseidon/workflows/predict-future-sales-workflow/submit/poseidon/pegasus/predict-future-sales/run0223/00/00/./xgboost_hp_tuning_group_1.000/00/00/xgboost_hp_tuning_ID0000003.meta,/home/poseidon/workflows/predict-future-sales-workflow/submit/poseidon/pegasus/predict-future-sales/run0223/00/00/./xgboost_hp_tuning_group_1.000/00/00/xgboost_hp_tuning_ID0000006.meta,/home/poseidon/workflows/predict-future-sales-workflow/submit/poseidon/pegasus/predict-future-sales/run0223/00/00/./xgboost_hp_tuning_group_1.000/00/00/xgboost_hp_tuning_ID0000016.meta,/home/poseidon/workflows/predict-future-sales-workflow/submit/poseidon/pegasus/predict-future-sales/run0223/00/00/./xgboost_hp_tuning_group_1.000/00/00/xgboost_hp_tuning_ID0000013.meta,/home/poseidon/workflows/predict-future-sales-workflow/submit/poseidon/pegasus/predict-future-sales/run0223/00/00/./xgboost_hp_tuning_group_1.000/00/00/xgboost_hp_tuning_ID0000023.meta,/home/poseidon/workflows/predict-future-sales-workflow/submit/poseidon/pegasus/predict-future-sales/run0223/00/00/./xgboost_hp_tuning_group_1.000/00/00/xgboost_hp_tuning_ID0000011.meta,/home/poseidon/workflows/predict-future-sales-workflow/submit/poseidon/pegasus/predict-future-sales/run0223/00/00/./xgboost_hp_tuning_group_1.000/00/00/xgboost_hp_tuning_ID0000021.meta --insert /home/poseidon/workflows/predict-future-sales-workflow/submit/poseidon/pegasus/predict-future-sales/run0223/00/00/./xgboost_hp_tuning_group_1.000/00/00/register_condorpool_0_1.in",3.0,0,0,,,,,,,,,
register_condorpool_0_0_pegasus-plan_ID0000016,None,auxiliary,0,1677417328.0,,,1677417343.0,,,0.0,1677417345.0,1677417348.0,,,0.0,1677417348.0,1677417353.0,15.0,,2.0,3.0,5.0,,,,,poseidon,local,host-10-100-100-12.openstacklocal,pegasus::rc-client,/home/poseidon/pegasus-5.1.0panorama/bin/pegasus-rc-client,"-n pegasus::rc-client -N null -R local  -L xgboost_hp_tuning_group_1 -T 2023-02-26T13:11:34+00:00 /home/poseidon/pegasus-5.1.0panorama/bin/pegasus-rc-client --prefix pegasus.catalog.replica.output --conf /home/poseidon/workflows/predict-future-sales-workflow/submit/poseidon/pegasus/predict-future-sales/run0223/00/00/./xgboost_hp_tuning_group_1.000/pegasus.13780779710520753105.properties -v --meta /home/poseidon/workflows/predict-future-sales-workflow/submit/poseidon/pegasus/predict-future-sales/run0223/00/00/./xgboost_hp_tuning_group_1.000/00/00/xgboost_hp_tuning_ID0000018.meta,/home/poseidon/workflows/predict-future-sales-workflow/submit/poseidon/pegasus/predict-future-sales/run0223/00/00/./xgboost_hp_tuning_group_1.000/00/00/xgboost_hp_tuning_ID0000009.meta,/home/poseidon/workflows/predict-future-sales-workflow/submit/poseidon/pegasus/predict-future-sales/run0223/00/00/./xgboost_hp_tuning_group_1.000/00/00/xgboost_hp_tuning_ID0000012.meta,/home/poseidon/workflows/predict-future-sales-workflow/submit/poseidon/pegasus/predict-future-sales/run0223/00/00/./xgboost_hp_tuning_group_1.000/00/00/xgboost_hp_tuning_ID0000008.meta,/home/poseidon/workflows/predict-future-sales-workflow/submit/poseidon/pegasus/predict-future-sales/run0223/00/00/./xgboost_hp_tuning_group_1.000/00/00/xgboost_hp_tuning_ID0000010.meta,/home/poseidon/workflows/predict-future-sales-workflow/submit/poseidon/pegasus/predict-future-sales/run0223/00/00/./xgboost_hp_tuning_group_1.000/00/00/xgboost_hp_tuning_ID0000002.meta,/home/poseidon/workflows/predict-future-sales-workflow/submit/poseidon/pegasus/predict-future-sales/run0223/00/00/./xgboost_hp_tuning_group_1.000/00/00/xgboost_hp_tuning_ID0000005.meta,/home/poseidon/workflows/predict-future-sales-workflow/submit/poseidon/pegasus/predict-future-sales/run0223/00/00/./xgboost_hp_tuning_group_1.000/00/00/xgboost_hp_tuning_ID0000015.meta --insert /home/poseidon/workflows/predict-future-sales-workflow/submit/poseidon/pegasus/predict-future-sales/run0223/00/00/./xgboost_hp_tuning_group_1.000/00/00/register_condorpool_0_0.in",3.0,0,0,,,,,,,,,
stage_out_local_condorpool_1_0_pegasus-plan_ID0000012,None,transfer,0,1677417333.0,,,1677417338.0,,,0.0,1677417338.0,1677417348.0,1677417338.0,1677417342.0,1244.0,1677417348.0,1677417353.0,5.0,,0.0,10.0,5.0,,,4.0,5395.0,poseidon,local,host-10-100-100-12.openstacklocal,pegasus::transfer,/home/poseidon/pegasus-5.1.0panorama/bin/pegasus-transfer,/home/poseidon/pegasus-5.1.0panorama/bin/../bin/pegasus-kickstart  -n pegasus::transfer -N null -i - -R local  -L xgboost_hp_tuning_group_0 -T 2023-02-26T13:11:34+00:00 /home/poseidon/pegasus-5.1.0panorama/bin/../bin/pegasus-transfer  --threads 2,0.7,0,0,,,,,,,,,
register_condorpool_1_0_pegasus-plan_ID0000012,None,auxiliary,0,1677417353.0,,,1677417358.0,,,0.0,1677417358.0,1677417363.0,,,0.0,1677417363.0,1677417368.0,5.0,,0.0,5.0,5.0,,,,,poseidon,local,host-10-100-100-12.openstacklocal,pegasus::rc-client,/home/poseidon/pegasus-5.1.0panorama/bin/pegasus-rc-client,-n pegasus::rc-client -N null -R local  -L xgboost_hp_tuning_group_0 -T 2023-02-26T13:11:34+00:00 /home/poseidon/pegasus-5.1.0panorama/bin/pegasus-rc-client --prefix pegasus.catalog.replica.output --conf /home/poseidon/workflows/predict-future-sales-workflow/submit/poseidon/pegasus/predict-future-sales/run0223/00/00/./xgboost_hp_tuning_group_0.000/pegasus.1339013511377859221.properties -v --meta /home/poseidon/workflows/predict-future-sales-workflow/submit/poseidon/pegasus/predict-future-sales/run0223/00/00/./xgboost_hp_tuning_group_0.000/00/00/xgboost_best_params_ID0000024.meta --insert /home/poseidon/workflows/predict-future-sales-workflow/submit/poseidon/pegasus/predict-future-sales/run0223/00/00/./xgboost_hp_tuning_group_0.000/00/00/register_condorpool_1_0.in,3.1,0,0,,,,,,,,,
xgboost_model_ID0000013,None,compute,0,1677417372.0,,,1677417377.0,1677417603.0,1677417621.0,51488821.0,1677417649.0,1677417693.0,1677417635.0,1677417639.0,704091.0,1677417693.0,1677417698.0,5.0,,272.0,44.0,5.0,18.0,502671209.0,4.0,3094766.0,poseidon,condorpool,poseidon-worker-3-container-32-39,xgboost_model,/srv/xgboost_model,,29.7,0,0,,,,,,,,,
stage_out_local_condorpool_1_0_pegasus-plan_ID0000016,None,transfer,0,1677417373.0,,,1677417378.0,,,0.0,1677417384.0,1677417398.0,1677417384.0,1677417388.0,1218.0,1677417398.0,1677417403.0,5.0,,6.0,14.0,5.0,,,4.0,5315.0,poseidon,local,host-10-100-100-12.openstacklocal,pegasus::transfer,/home/poseidon/pegasus-5.1.0panorama/bin/pegasus-transfer,/home/poseidon/pegasus-5.1.0panorama/bin/../bin/pegasus-kickstart  -n pegasus::transfer -N null -i - -R local  -L xgboost_hp_tuning_group_1 -T 2023-02-26T13:11:34+00:00 /home/poseidon/pegasus-5.1.0panorama/bin/../bin/pegasus-transfer  --threads 2,0.7,0,0,,,,,,,,,
register_condorpool_1_0_pegasus-plan_ID0000016,None,auxiliary,0,1677417403.0,,,1677417408.0,,,0.0,1677417408.0,1677417413.0,,,0.0,1677417413.0,1677417418.0,5.0,,0.0,5.0,5.0,,,,,poseidon,local,host-10-100-100-12.openstacklocal,pegasus::rc-client,/home/poseidon/pegasus-5.1.0panorama/bin/pegasus-rc-client,-n pegasus::rc-client -N null -R local  -L xgboost_hp_tuning_group_1 -T 2023-02-26T13:11:34+00:00 /home/poseidon/pegasus-5.1.0panorama/bin/pegasus-rc-client --prefix pegasus.catalog.replica.output --conf /home/poseidon/workflows/predict-future-sales-workflow/submit/poseidon/pegasus/predict-future-sales/run0223/00/00/./xgboost_hp_tuning_group_1.000/pegasus.13780779710520753105.properties -v --meta /home/poseidon/workflows/predict-future-sales-workflow/submit/poseidon/pegasus/predict-future-sales/run0223/00/00/./xgboost_hp_tuning_group_1.000/00/00/xgboost_best_params_ID0000024.meta --insert /home/poseidon/workflows/predict-future-sales-workflow/submit/poseidon/pegasus/predict-future-sales/run0223/00/00/./xgboost_hp_tuning_group_1.000/00/00/register_condorpool_1_0.in,3.0,0,0,,,,,,,,,
xgboost_model_ID0000017,None,compute,0,1677417422.0,,,1677417427.0,1677417612.0,1677417629.0,45698531.8,1677417657.0,1677417698.0,1677417639.0,1677417643.0,28337.0,1677417698.0,1677417703.0,5.0,,230.0,41.0,5.0,17.0,377645130.0,4.0,123219.0,poseidon,condorpool,poseidon-worker-2-container-16-23,xgboost_model,/srv/xgboost_model,,11.3,0,0,,,,,,,,,
model_predict_ID0000014,None,compute,0,1677417698.0,,,1677417703.0,1677417659.0,1677417676.0,45164228.8,1677417705.0,1677417743.0,1677417684.0,1677417688.0,105433.0,1677417743.0,1677417748.0,5.0,,2.0,38.0,5.0,17.0,373282105.0,4.0,451213.0,poseidon,condorpool,poseidon-worker-1-container-8-15,model_predict,/srv/model_predict,,2.7,0,0,,,,,,,,,
model_predict_ID0000018,None,compute,0,1677417703.0,,,1677417708.0,1677417664.0,1677417681.0,44719897.5,1677417710.0,1677417748.0,1677417689.0,1677417693.0,6030.0,1677417748.0,1677417753.0,5.0,,2.0,38.0,5.0,17.0,368225960.0,4.0,25035.0,poseidon,condorpool,poseidon-worker-2-container-16-23,model_predict,/srv/model_predict,,2.8,0,0,,,,,,,,,
stage_out_local_condorpool_0_2_pegasus-plan_ID0000020,None,transfer,0,1677418004.0,,,1677418009.0,,,0.0,1677418015.0,1677418029.0,1677418016.0,1677418020.0,1843.0,1677418029.0,1677418034.0,5.0,,6.0,14.0,5.0,,,4.0,7429.0,poseidon,local,host-10-100-100-12.openstacklocal,pegasus::transfer,/home/poseidon/pegasus-5.1.0panorama/bin/pegasus-transfer,/home/poseidon/pegasus-5.1.0panorama/bin/../bin/pegasus-kickstart  -n pegasus::transfer -N null -i - -R local  -L xgboost_hp_tuning_group_2 -T 2023-02-26T13:11:34+00:00 /home/poseidon/pegasus-5.1.0panorama/bin/../bin/pegasus-transfer  --threads 2,1.0,0,0,,,,,,,,,
register_condorpool_0_2_pegasus-plan_ID0000020,None,auxiliary,0,1677418034.0,,,1677418039.0,,,0.0,1677418039.0,1677418044.0,,,0.0,1677418044.0,1677418049.0,5.0,,0.0,5.0,5.0,,,,,poseidon,local,host-10-100-100-12.openstacklocal,pegasus::rc-client,/home/poseidon/pegasus-5.1.0panorama/bin/pegasus-rc-client,"-n pegasus::rc-client -N null -R local  -L xgboost_hp_tuning_group_2 -T 2023-02-26T13:11:34+00:00 /home/poseidon/pegasus-5.1.0panorama/bin/pegasus-rc-client --prefix pegasus.catalog.replica.output --conf /home/poseidon/workflows/predict-future-sales-workflow/submit/poseidon/pegasus/predict-future-sales/run0223/00/00/./xgboost_hp_tuning_group_2.000/pegasus.2822377330839860080.properties -v --meta /home/poseidon/workflows/predict-future-sales-workflow/submit/poseidon/pegasus/predict-future-sales/run0223/00/00/./xgboost_hp_tuning_group_2.000/00/00/xgboost_hp_tuning_ID0000014.meta,/home/poseidon/workflows/predict-future-sales-workflow/submit/poseidon/pegasus/predict-future-sales/run0223/00/00/./xgboost_hp_tuning_group_2.000/00/00/xgboost_hp_tuning_ID0000001.meta,/home/poseidon/workflows/predict-future-sales-workflow/submit/poseidon/pegasus/predict-future-sales/run0223/00/00/./xgboost_hp_tuning_group_2.000/00/00/xgboost_hp_tuning_ID0000007.meta,/home/poseidon/workflows/predict-future-sales-workflow/submit/poseidon/pegasus/predict-future-sales/run0223/00/00/./xgboost_hp_tuning_group_2.000/00/00/xgboost_hp_tuning_ID0000004.meta,/home/poseidon/workflows/predict-future-sales-workflow/submit/poseidon/pegasus/predict-future-sales/run0223/00/00/./xgboost_hp_tuning_group_2.000/00/00/xgboost_hp_tuning_ID0000022.meta,/home/poseidon/workflows/predict-future-sales-workflow/submit/poseidon/pegasus/predict-future-sales/run0223/00/00/./xgboost_hp_tuning_group_2.000/00/00/xgboost_hp_tuning_ID0000020.meta,/home/poseidon/workflows/predict-future-sales-workflow/submit/poseidon/pegasus/predict-future-sales/run0223/00/00/./xgboost_hp_tuning_group_2.000/00/00/xgboost_hp_tuning_ID0000017.meta --insert /home/poseidon/workflows/predict-future-sales-workflow/submit/poseidon/pegasus/predict-future-sales/run0223/00/00/./xgboost_hp_tuning_group_2.000/00/00/register_condorpool_0_2.in",3.0,0,0,,,,,,,,,
stage_out_local_condorpool_0_1_pegasus-plan_ID0000020,None,transfer,0,1677418064.0,,,1677418069.0,,,0.0,1677418069.0,1677418079.0,1677418069.0,1677418073.0,2108.0,1677418079.0,1677418084.0,5.0,,0.0,10.0,5.0,,,4.0,8504.0,poseidon,local,host-10-100-100-12.openstacklocal,pegasus::transfer,/home/poseidon/pegasus-5.1.0panorama/bin/pegasus-transfer,/home/poseidon/pegasus-5.1.0panorama/bin/../bin/pegasus-kickstart  -n pegasus::transfer -N null -i - -R local  -L xgboost_hp_tuning_group_2 -T 2023-02-26T13:11:34+00:00 /home/poseidon/pegasus-5.1.0panorama/bin/../bin/pegasus-transfer  --threads 2,1.1,0,0,,,,,,,,,
register_condorpool_0_1_pegasus-plan_ID0000020,None,auxiliary,0,1677418084.0,,,1677418089.0,,,0.0,1677418089.0,1677418094.0,,,0.0,1677418094.0,1677418099.0,5.0,,0.0,5.0,5.0,,,,,poseidon,local,host-10-100-100-12.openstacklocal,pegasus::rc-client,/home/poseidon/pegasus-5.1.0panorama/bin/pegasus-rc-client,"-n pegasus::rc-client -N null -R local  -L xgboost_hp_tuning_group_2 -T 2023-02-26T13:11:34+00:00 /home/poseidon/pegasus-5.1.0panorama/bin/pegasus-rc-client --prefix pegasus.catalog.replica.output --conf /home/poseidon/workflows/predict-future-sales-workflow/submit/poseidon/pegasus/predict-future-sales/run0223/00/00/./xgboost_hp_tuning_group_2.000/pegasus.2822377330839860080.properties -v --meta /home/poseidon/workflows/predict-future-sales-workflow/submit/poseidon/pegasus/predict-future-sales/run0223/00/00/./xgboost_hp_tuning_group_2.000/00/00/xgboost_hp_tuning_ID0000019.meta,/home/poseidon/workflows/predict-future-sales-workflow/submit/poseidon/pegasus/predict-future-sales/run0223/00/00/./xgboost_hp_tuning_group_2.000/00/00/xgboost_hp_tuning_ID0000003.meta,/home/poseidon/workflows/predict-future-sales-workflow/submit/poseidon/pegasus/predict-future-sales/run0223/00/00/./xgboost_hp_tuning_group_2.000/00/00/xgboost_hp_tuning_ID0000006.meta,/home/poseidon/workflows/predict-future-sales-workflow/submit/poseidon/pegasus/predict-future-sales/run0223/00/00/./xgboost_hp_tuning_group_2.000/00/00/xgboost_hp_tuning_ID0000016.meta,/home/poseidon/workflows/predict-future-sales-workflow/submit/poseidon/pegasus/predict-future-sales/run0223/00/00/./xgboost_hp_tuning_group_2.000/00/00/xgboost_hp_tuning_ID0000013.meta,/home/poseidon/workflows/predict-future-sales-workflow/submit/poseidon/pegasus/predict-future-sales/run0223/00/00/./xgboost_hp_tuning_group_2.000/00/00/xgboost_hp_tuning_ID0000023.meta,/home/poseidon/workflows/predict-future-sales-workflow/submit/poseidon/pegasus/predict-future-sales/run0223/00/00/./xgboost_hp_tuning_group_2.000/00/00/xgboost_hp_tuning_ID0000011.meta,/home/poseidon/workflows/predict-future-sales-workflow/submit/poseidon/pegasus/predict-future-sales/run0223/00/00/./xgboost_hp_tuning_group_2.000/00/00/xgboost_hp_tuning_ID0000021.meta --insert /home/poseidon/workflows/predict-future-sales-workflow/submit/poseidon/pegasus/predict-future-sales/run0223/00/00/./xgboost_hp_tuning_group_2.000/00/00/register_condorpool_0_1.in",3.0,0,0,,,,,,,,,
xgboost_best_params_ID0000024_pegasus-plan_ID0000020,None,compute,0,1677418099.0,,,1677418104.0,1677418060.0,1677418077.0,39758980.3,1677418106.0,1677418144.0,1677418084.0,1677418088.0,257.0,1677418144.0,1677418149.0,5.0,,2.0,38.0,5.0,17.0,368018660.0,4.0,1058.0,poseidon,condorpool,poseidon-worker-2-container-8-15,xgboost_best_params,/srv/xgboost_best_params,,0.0,0,0,,,,,,,,,
stage_out_local_condorpool_0_0_pegasus-plan_ID0000020,None,transfer,0,1677418099.0,,,1677418104.0,,,0.0,1677418104.0,1677418114.0,1677418105.0,1677418109.0,2096.0,1677418114.0,1677418119.0,5.0,,0.0,10.0,5.0,,,4.0,8458.0,poseidon,local,host-10-100-100-12.openstacklocal,pegasus::transfer,/home/poseidon/pegasus-5.1.0panorama/bin/pegasus-transfer,/home/poseidon/pegasus-5.1.0panorama/bin/../bin/pegasus-kickstart  -n pegasus::transfer -N null -i - -R local  -L xgboost_hp_tuning_group_2 -T 2023-02-26T13:11:34+00:00 /home/poseidon/pegasus-5.1.0panorama/bin/../bin/pegasus-transfer  --threads 2,1.1,0,0,,,,,,,,,
register_condorpool_0_0_pegasus-plan_ID0000020,None,auxiliary,0,1677418119.0,,,1677418124.0,,,0.0,1677418124.0,1677418129.0,,,0.0,1677418129.0,1677418134.0,5.0,,0.0,5.0,5.0,,,,,poseidon,local,host-10-100-100-12.openstacklocal,pegasus::rc-client,/home/poseidon/pegasus-5.1.0panorama/bin/pegasus-rc-client,"-n pegasus::rc-client -N null -R local  -L xgboost_hp_tuning_group_2 -T 2023-02-26T13:11:34+00:00 /home/poseidon/pegasus-5.1.0panorama/bin/pegasus-rc-client --prefix pegasus.catalog.replica.output --conf /home/poseidon/workflows/predict-future-sales-workflow/submit/poseidon/pegasus/predict-future-sales/run0223/00/00/./xgboost_hp_tuning_group_2.000/pegasus.2822377330839860080.properties -v --meta /home/poseidon/workflows/predict-future-sales-workflow/submit/poseidon/pegasus/predict-future-sales/run0223/00/00/./xgboost_hp_tuning_group_2.000/00/00/xgboost_hp_tuning_ID0000018.meta,/home/poseidon/workflows/predict-future-sales-workflow/submit/poseidon/pegasus/predict-future-sales/run0223/00/00/./xgboost_hp_tuning_group_2.000/00/00/xgboost_hp_tuning_ID0000009.meta,/home/poseidon/workflows/predict-future-sales-workflow/submit/poseidon/pegasus/predict-future-sales/run0223/00/00/./xgboost_hp_tuning_group_2.000/00/00/xgboost_hp_tuning_ID0000012.meta,/home/poseidon/workflows/predict-future-sales-workflow/submit/poseidon/pegasus/predict-future-sales/run0223/00/00/./xgboost_hp_tuning_group_2.000/00/00/xgboost_hp_tuning_ID0000008.meta,/home/poseidon/workflows/predict-future-sales-workflow/submit/poseidon/pegasus/predict-future-sales/run0223/00/00/./xgboost_hp_tuning_group_2.000/00/00/xgboost_hp_tuning_ID0000010.meta,/home/poseidon/workflows/predict-future-sales-workflow/submit/poseidon/pegasus/predict-future-sales/run0223/00/00/./xgboost_hp_tuning_group_2.000/00/00/xgboost_hp_tuning_ID0000002.meta,/home/poseidon/workflows/predict-future-sales-workflow/submit/poseidon/pegasus/predict-future-sales/run0223/00/00/./xgboost_hp_tuning_group_2.000/00/00/xgboost_hp_tuning_ID0000005.meta,/home/poseidon/workflows/predict-future-sales-workflow/submit/poseidon/pegasus/predict-future-sales/run0223/00/00/./xgboost_hp_tuning_group_2.000/00/00/xgboost_hp_tuning_ID0000015.meta --insert /home/poseidon/workflows/predict-future-sales-workflow/submit/poseidon/pegasus/predict-future-sales/run0223/00/00/./xgboost_hp_tuning_group_2.000/00/00/register_condorpool_0_0.in",3.1,0,0,,,,,,,,,
stage_out_local_condorpool_1_0_pegasus-plan_ID0000020,None,transfer,0,1677418149.0,,,1677418154.0,,,0.0,1677418154.0,1677418164.0,1677418154.0,1677418159.0,1210.0,1677418164.0,1677418169.0,5.0,,0.0,10.0,5.0,,,5.0,5290.0,poseidon,local,host-10-100-100-12.openstacklocal,pegasus::transfer,/home/poseidon/pegasus-5.1.0panorama/bin/pegasus-transfer,/home/poseidon/pegasus-5.1.0panorama/bin/../bin/pegasus-kickstart  -n pegasus::transfer -N null -i - -R local  -L xgboost_hp_tuning_group_2 -T 2023-02-26T13:11:34+00:00 /home/poseidon/pegasus-5.1.0panorama/bin/../bin/pegasus-transfer  --threads 2,0.7,0,0,,,,,,,,,
register_condorpool_1_0_pegasus-plan_ID0000020,None,auxiliary,0,1677418169.0,,,1677418174.0,,,0.0,1677418174.0,1677418179.0,,,0.0,1677418179.0,1677418184.0,5.0,,0.0,5.0,5.0,,,,,poseidon,local,host-10-100-100-12.openstacklocal,pegasus::rc-client,/home/poseidon/pegasus-5.1.0panorama/bin/pegasus-rc-client,-n pegasus::rc-client -N null -R local  -L xgboost_hp_tuning_group_2 -T 2023-02-26T13:11:34+00:00 /home/poseidon/pegasus-5.1.0panorama/bin/pegasus-rc-client --prefix pegasus.catalog.replica.output --conf /home/poseidon/workflows/predict-future-sales-workflow/submit/poseidon/pegasus/predict-future-sales/run0223/00/00/./xgboost_hp_tuning_group_2.000/pegasus.2822377330839860080.properties -v --meta /home/poseidon/workflows/predict-future-sales-workflow/submit/poseidon/pegasus/predict-future-sales/run0223/00/00/./xgboost_hp_tuning_group_2.000/00/00/xgboost_best_params_ID0000024.meta --insert /home/poseidon/workflows/predict-future-sales-workflow/submit/poseidon/pegasus/predict-future-sales/run0223/00/00/./xgboost_hp_tuning_group_2.000/00/00/register_condorpool_1_0.in,2.9,0,0,,,,,,,,,
xgboost_model_ID0000021,cpu_3,compute,0,1677418188.0,,,1677418193.0,1677418150.0,1677418182.0,75071227.3,1677418196.0,1677418368.0,1677418309.0,1677418314.0,802308.0,1677418368.0,1677418373.0,5.0,,3.0,172.0,5.0,32.0,1691152079.0,5.0,3579658.0,poseidon,condorpool,poseidon-worker-1-container-40-47,xgboost_model,/srv/xgboost_model,,463.4,0,0,0.1,1348834883.0,24449.0,5343.0,8.0,413.8,12.4,12262135.3,2444.9
stage_out_local_local_5_0,None,transfer,0,1677418188.0,,,1677418193.0,,,0.0,1677418193.0,1677418203.0,1677418193.0,1677418198.0,794.0,1677418203.0,1677418208.0,5.0,,0.0,10.0,5.0,,,5.0,3200.0,poseidon,local,host-10-100-100-12.openstacklocal,pegasus::transfer,/home/poseidon/pegasus-5.1.0panorama/bin/pegasus-transfer,pegasus-kickstart  -n pegasus::transfer -N null -i - -R local  -L predict-future-sales -T 2023-02-17T19:59:06+00:00 pegasus-transfer  --threads 2,0.3,0,0,,,,,,,,,
cleanup_predict-future-sales_0_local,None,auxiliary,0,1677418208.0,,,1677418213.0,,,0.0,1677418213.0,1677418223.0,,,0.0,1677418223.0,1677418228.0,5.0,,0.0,10.0,5.0,,,,,poseidon,local,host-10-100-100-12.openstacklocal,pegasus::cleanup,/home/poseidon/pegasus-5.1.0panorama/bin/pegasus-transfer,pegasus-kickstart  -n pegasus::cleanup -N null -i - -R local  -L predict-future-sales -T 2023-02-17T19:59:06+00:00 pegasus-transfer,0.3,0,0,,,,,,,,,
stage_out_local_condorpool_6_0,None,transfer,0,1677418373.0,,,1677418378.0,,,0.0,1677418378.0,1677418388.0,1677418378.0,1677418382.0,1685249.0,1677418388.0,1677418393.0,5.0,,0.0,10.0,5.0,,,4.0,6797643.0,poseidon,local,host-10-100-100-12.openstacklocal,pegasus::transfer,/home/poseidon/pegasus-5.1.0panorama/bin/pegasus-transfer,pegasus-kickstart  -n pegasus::transfer -N null -i - -R local  -L predict-future-sales -T 2023-02-17T19:59:06+00:00 pegasus-transfer  --threads 2,0.9,0,0,,,,,,,,,
model_predict_ID0000022,cpu_3,compute,0,1677418373.0,,,1677418378.0,1677418334.0,1677418351.0,43091417.0,1677418379.0,1677418418.0,1677418359.0,1677418363.0,1245025.0,1677418418.0,1677418423.0,5.0,,1.0,39.0,5.0,17.0,398584346.0,4.0,5523764.0,poseidon,condorpool,poseidon-worker-1-container-40-47,model_predict,/srv/model_predict,,2.8,0,0,,,,,,,,,
stage_out_local_condorpool_7_0,None,transfer,0,1677418423.0,,,1677418428.0,,,0.0,1677418428.0,1677418438.0,1677418429.0,1677418433.0,1487372.0,1677418438.0,1677418443.0,5.0,,0.0,10.0,5.0,,,4.0,6000012.0,poseidon,local,host-10-100-100-12.openstacklocal,pegasus::transfer,/home/poseidon/pegasus-5.1.0panorama/bin/pegasus-transfer,pegasus-kickstart  -n pegasus::transfer -N null -i - -R local  -L predict-future-sales -T 2023-02-17T19:59:06+00:00 pegasus-transfer  --threads 2,0.6,0,0,,,,,,,,,
predict_merge_ID0000023,cpu_3,compute,0,1677418423.0,,,1677418428.0,1677418384.0,1677418402.0,40804999.0,1677418430.0,1677418468.0,1677418410.0,1677418414.0,853298.0,1677418468.0,1677418473.0,5.0,,2.0,38.0,5.0,18.0,377176763.0,4.0,3769100.0,poseidon,condorpool,poseidon-worker-1-container-40-47,predict_merge,/srv/predict_merge,,1.2,0,0,,,,,,,,,
stage_out_local_condorpool_8_0,None,transfer,0,1677418473.0,,,1677418478.0,,,0.0,1677418478.0,1677418488.0,1677418478.0,1677418480.0,1743061.0,1677418488.0,1677418493.0,5.0,,0.0,10.0,5.0,,,2.0,3769100.0,poseidon,local,host-10-100-100-12.openstacklocal,pegasus::transfer,/home/poseidon/pegasus-5.1.0panorama/bin/pegasus-transfer,pegasus-kickstart  -n pegasus::transfer -N null -i - -R local  -L predict-future-sales -T 2023-02-17T19:59:06+00:00 pegasus-transfer  --threads 2,0.4,0,0,,,,,,,,,
cleanup_predict-future-sales_0_condorpool,None,auxiliary,0,1677418493.0,,,1677418498.0,,,0.0,1677418498.0,1677418508.0,,,0.0,1677418508.0,1677418513.0,5.0,,0.0,10.0,5.0,,,,,poseidon,local,host-10-100-100-12.openstacklocal,pegasus::cleanup,/home/poseidon/pegasus-5.1.0panorama/bin/pegasus-transfer,pegasus-kickstart  -n pegasus::cleanup -N null -i - -R local  -L predict-future-sales -T 2023-02-17T19:59:06+00:00 pegasus-transfer,0.3,0,0,,,,,,,,,
