,anomaly_type,type,is_clustered,ready,pre_script_start,pre_script_end,submit,stage_in_start,stage_in_end,stage_in_effective_bytes_per_sec,execute_start,execute_end,stage_out_start,stage_out_end,stage_out_effective_bytes_per_sec,post_script_start,post_script_end,wms_delay,pre_script_delay,queue_delay,runtime,post_script_delay,stage_in_delay,stage_in_bytes,stage_out_delay,stage_out_bytes,kickstart_user,kickstart_site,kickstart_hostname,kickstart_transformations,kickstart_executables,kickstart_executables_argv,kickstart_executables_cpu_time,kickstart_status,kickstart_executables_exitcode,kickstart_online_iowait,kickstart_online_bytes_read,kickstart_online_bytes_written,kickstart_online_read_system_calls,kickstart_online_write_system_calls,kickstart_online_utime,kickstart_online_stime,kickstart_online_bytes_read_per_second,kickstart_online_bytes_written_per_second
create_dir_predict-future-sales_0_local,None,auxiliary,0,1677678450.0,,,1677678451.0,,,0.0,1677678455.0,1677678461.0,,,0.0,1677678461.0,1677678466.0,1.0,,4.0,6.0,5.0,,,,,poseidon,local,host-10-100-100-12.openstacklocal,pegasus::dirmanager,/home/poseidon/pegasus-5.1.0panorama/bin/pegasus-transfer,pegasus-kickstart  -n pegasus::dirmanager -N null -i - -R local  -L predict-future-sales -T 2023-02-17T19:59:06+00:00 pegasus-transfer,0.3,0,0,,,,,,,,,
create_dir_predict-future-sales_0_condorpool,None,auxiliary,0,1677678450.0,,,1677678451.0,,,0.0,1677678455.0,1677678461.0,,,0.0,1677678461.0,1677678466.0,1.0,,4.0,6.0,5.0,,,,,poseidon,local,host-10-100-100-12.openstacklocal,pegasus::dirmanager,/home/poseidon/pegasus-5.1.0panorama/bin/pegasus-transfer,pegasus-kickstart  -n pegasus::dirmanager -N null -i - -R local  -L predict-future-sales -T 2023-02-17T19:59:06+00:00 pegasus-transfer,0.3,0,0,,,,,,,,,
stage_in_local_local_4_0,None,transfer,0,1677678466.0,,,1677678471.0,1677678472.0,1677678474.0,5770.0,1677678472.0,1677678481.0,,,0.0,1677678481.0,1677678486.0,5.0,,1.0,9.0,5.0,2.0,12577.0,,,poseidon,local,host-10-100-100-12.openstacklocal,pegasus::transfer,/home/poseidon/pegasus-5.1.0panorama/bin/pegasus-transfer,pegasus-kickstart  -n pegasus::transfer -N null -i - -R local  -L predict-future-sales -T 2023-02-17T19:59:06+00:00 pegasus-transfer  --threads 2,0.4,0,0,,,,,,,,,
stage_in_local_condorpool_8_0,None,transfer,0,1677678466.0,,,1677678471.0,1677678472.0,1677678475.0,675.0,1677678471.0,1677678481.0,,,0.0,1677678481.0,1677678486.0,5.0,,0.0,10.0,5.0,3.0,2368.0,,,poseidon,local,host-10-100-100-12.openstacklocal,pegasus::transfer,/home/poseidon/pegasus-5.1.0panorama/bin/pegasus-transfer,pegasus-kickstart  -n pegasus::transfer -N null -i - -R local  -L predict-future-sales -T 2023-02-17T19:59:06+00:00 pegasus-transfer  --threads 2,0.5,0,0,,,,,,,,,
stage_in_local_condorpool_3_0,None,transfer,0,1677678466.0,,,1677678471.0,1677678472.0,1677678476.0,2898.0,1677678471.0,1677678481.0,,,0.0,1677678481.0,1677678486.0,5.0,,0.0,10.0,5.0,4.0,12704.0,,,poseidon,local,host-10-100-100-12.openstacklocal,pegasus::transfer,/home/poseidon/pegasus-5.1.0panorama/bin/pegasus-transfer,pegasus-kickstart  -n pegasus::transfer -N null -i - -R local  -L predict-future-sales -T 2023-02-17T19:59:06+00:00 pegasus-transfer  --threads 2,0.6,0,0,,,,,,,,,
stage_in_local_condorpool_2_0,None,transfer,0,1677678466.0,,,1677678471.0,1677678472.0,1677678478.0,9858.0,1677678471.0,1677678486.0,,,0.0,1677678486.0,1677678491.0,5.0,,0.0,15.0,5.0,6.0,55480.0,,,poseidon,local,host-10-100-100-12.openstacklocal,pegasus::transfer,/home/poseidon/pegasus-5.1.0panorama/bin/pegasus-transfer,pegasus-kickstart  -n pegasus::transfer -N null -i - -R local  -L predict-future-sales -T 2023-02-17T19:59:06+00:00 pegasus-transfer  --threads 2,1.0,0,0,,,,,,,,,
stage_in_local_condorpool_1_0,None,transfer,0,1677678466.0,,,1677678471.0,1677678472.0,1677678476.0,3674.0,1677678472.0,1677678481.0,,,0.0,1677678481.0,1677678486.0,5.0,,1.0,9.0,5.0,4.0,15640.0,,,poseidon,local,host-10-100-100-12.openstacklocal,pegasus::transfer,/home/poseidon/pegasus-5.1.0panorama/bin/pegasus-transfer,pegasus-kickstart  -n pegasus::transfer -N null -i - -R local  -L predict-future-sales -T 2023-02-17T19:59:06+00:00 pegasus-transfer  --threads 2,0.6,0,0,,,,,,,,,
stage_in_local_condorpool_0_0,None,transfer,0,1677678466.0,,,1677678471.0,1677678472.0,1677678482.0,95940860.0,1677678472.0,1677678491.0,,,0.0,1677678491.0,1677678496.0,5.0,,1.0,19.0,5.0,10.0,936801734.0,,,poseidon,local,host-10-100-100-12.openstacklocal,pegasus::transfer,/home/poseidon/pegasus-5.1.0panorama/bin/pegasus-transfer,pegasus-kickstart  -n pegasus::transfer -N null -i - -R local  -L predict-future-sales -T 2023-02-17T19:59:06+00:00 pegasus-transfer  --threads 2,5.8,0,0,,,,,,,,,
stage_in_local_condorpool_7_0,None,transfer,0,1677678466.0,,,1677678471.0,1677678472.0,1677678475.0,1006.0,1677678472.0,1677678481.0,,,0.0,1677678481.0,1677678486.0,5.0,,1.0,9.0,5.0,3.0,3488.0,,,poseidon,local,host-10-100-100-12.openstacklocal,pegasus::transfer,/home/poseidon/pegasus-5.1.0panorama/bin/pegasus-transfer,pegasus-kickstart  -n pegasus::transfer -N null -i - -R local  -L predict-future-sales -T 2023-02-17T19:59:06+00:00 pegasus-transfer  --threads 2,0.5,0,0,,,,,,,,,
stage_in_local_condorpool_6_0,None,transfer,0,1677678466.0,,,1677678471.0,1677678472.0,1677678475.0,2282.0,1677678472.0,1677678481.0,,,0.0,1677678481.0,1677678486.0,5.0,,1.0,9.0,5.0,3.0,7870.0,,,poseidon,local,host-10-100-100-12.openstacklocal,pegasus::transfer,/home/poseidon/pegasus-5.1.0panorama/bin/pegasus-transfer,pegasus-kickstart  -n pegasus::transfer -N null -i - -R local  -L predict-future-sales -T 2023-02-17T19:59:06+00:00 pegasus-transfer  --threads 2,0.5,0,0,,,,,,,,,
preprocess_ID0000003,None,compute,0,1677678496.0,,,1677678501.0,1677678453.0,1677678472.0,42527005.2,1677678503.0,1677678551.0,1677678483.0,1677678491.0,21804533.0,1677678551.0,1677678556.0,5.0,,2.0,48.0,5.0,19.0,467356066.0,8.0,160257914.0,poseidon,condorpool,poseidon-worker-1-container-24-31,preprocess,/srv/preprocess,,4.1,0,0,,,,,,,,,
nlp_ID0000002,cpu_4,compute,0,1677678496.0,,,1677678501.0,1677678453.0,1677678470.0,41823888.5,1677678503.0,1677678831.0,1677678766.0,1677678771.0,587276.0,1677678831.0,1677678836.0,5.0,,2.0,328.0,5.0,17.0,369033604.0,5.0,2755872.0,poseidon,condorpool,poseidon-worker-3-container-40-47,nlp,/srv/nlp,,964.6,0,0,0.0,21419303.0,8791.0,3136.0,5.0,931.0,3.6,76497.5,879.1
eda_ID0000001,None,compute,0,1677678496.0,,,1677678501.0,1677678453.0,1677678472.0,45018380.7,1677678503.0,1677678576.0,1677678512.0,1677678516.0,268814.0,1677678576.0,1677678581.0,5.0,,2.0,73.0,5.0,19.0,464177772.0,4.0,1196316.0,poseidon,condorpool,poseidon-worker-2-container-32-39,eda,/srv/eda,,33.5,0,0,0.1,144954856.0,877010.0,27583.0,42.0,28.1,1.8,4831828.5,29233.7
feature_eng_1_ID0000005,None,compute,0,1677678556.0,,,1677678561.0,1677678525.0,1677678545.0,46103371.8,1677678575.0,1677678641.0,1677678569.0,1677678580.0,35860694.0,1677678641.0,1677678646.0,5.0,,14.0,66.0,5.0,20.0,528250191.0,11.0,393324463.0,poseidon,condorpool,poseidon-worker-2-container-32-39,feature_eng_1,/srv/feature_eng_1,,15.9,0,0,0.0,169610219.0,8.0,1723.0,1.0,7.9,2.0,16961021.9,0.8
feature_eng_0_ID0000004,None,compute,0,1677678556.0,,,1677678561.0,1677678514.0,1677678532.0,41804352.0,1677678563.0,1677678606.0,1677678543.0,1677678548.0,193651.0,1677678606.0,1677678611.0,5.0,,2.0,43.0,5.0,18.0,369949088.0,5.0,893320.0,poseidon,condorpool,poseidon-worker-1-container-24-31,feature_eng_0,/srv/feature_eng_0,,4.9,0,0,,,,,,,,,
feature_eng_5_ID0000009,None,compute,0,1677678646.0,,,1677678651.0,1677678603.0,1677678627.0,53851793.4,1677678653.0,1677678926.0,1677678853.0,1677678868.0,42834638.0,1677678926.0,1677678931.0,5.0,,2.0,273.0,5.0,24.0,856820455.0,15.0,655540227.0,poseidon,condorpool,poseidon-worker-1-container-24-31,feature_eng_5,/srv/feature_eng_5,,215.7,0,0,0.0,498295430.0,8.0,2020.0,1.0,191.0,18.9,2372835.4,0.8
stage_out_local_condorpool_1_0,None,transfer,0,1677678646.0,,,1677678651.0,,,0.0,1677678651.0,1677678661.0,1677678651.0,1677678656.0,91612434.0,1677678661.0,1677678666.0,5.0,,0.0,10.0,5.0,,,5.0,394217783.0,poseidon,local,host-10-100-100-12.openstacklocal,pegasus::transfer,/home/poseidon/pegasus-5.1.0panorama/bin/pegasus-transfer,pegasus-kickstart  -n pegasus::transfer -N null -i - -R local  -L predict-future-sales -T 2023-02-17T19:59:06+00:00 pegasus-transfer  --threads 2,2.2,0,0,,,,,,,,,
feature_eng_3_ID0000007,None,compute,0,1677678646.0,,,1677678651.0,1677678603.0,1677678625.0,52911596.9,1677678653.0,1677678826.0,1677678743.0,1677678767.0,48990875.0,1677678826.0,1677678831.0,5.0,,2.0,173.0,5.0,22.0,762217561.0,24.0,1179971921.0,poseidon,condorpool,poseidon-worker-2-container-32-39,feature_eng_3,/srv/feature_eng_3,,105.1,0,0,0.0,403651519.0,8.0,1492.0,1.0,68.7,31.3,4036515.2,0.8
feature_eng_4_ID0000008,None,compute,0,1677678646.0,,,1677678651.0,1677678615.0,1677678637.0,54870979.2,1677678664.0,1677678781.0,1677678699.0,1677678723.0,49185697.0,1677678781.0,1677678786.0,5.0,,13.0,117.0,5.0,22.0,761328752.0,24.0,1201824259.0,poseidon,condorpool,poseidon-worker-1-container-24-31,feature_eng_4,/srv/feature_eng_4,,49.5,0,0,0.0,402737230.0,8.0,1388.0,1.0,27.5,12.5,10068430.8,0.8
feature_eng_2_ID0000006,None,compute,0,1677678646.0,,,1677678651.0,1677678615.0,1677678637.0,54625224.8,1677678664.0,1677679021.0,1677678930.0,1677678964.0,52170001.0,1677679021.0,1677679026.0,5.0,,13.0,357.0,5.0,22.0,761320658.0,34.0,1748107178.0,poseidon,condorpool,poseidon-worker-2-container-32-39,feature_eng_2,/srv/feature_eng_2,,278.4,0,0,0.0,402812507.0,8.0,1729.0,1.0,204.4,65.6,1491898.2,0.8
register_condorpool_1_0,None,auxiliary,0,1677678666.0,,,1677678671.0,,,0.0,1677678671.0,1677678676.0,,,0.0,1677678676.0,1677678681.0,5.0,,0.0,5.0,5.0,,,,,poseidon,local,host-10-100-100-12.openstacklocal,pegasus::rc-client,/home/poseidon/pegasus-5.1.0panorama/bin/pegasus-rc-client,"pegasus-kickstart  -n pegasus::rc-client -N null -R local  -L predict-future-sales -T 2023-02-17T19:59:06+00:00 /home/poseidon/pegasus-5.1.0panorama/bin/pegasus-rc-client --prefix pegasus.catalog.replica.output --conf /home/poseidon/workflows/predict-future-sales-workflow/submit/poseidon/pegasus/predict-future-sales/run0331/pegasus.9569971467864676715.properties -v --meta /home/poseidon/workflows/predict-future-sales-workflow/submit/poseidon/pegasus/predict-future-sales/run0331/00/00/feature_eng_1_ID0000005.meta,/home/poseidon/workflows/predict-future-sales-workflow/submit/poseidon/pegasus/predict-future-sales/run0331/00/00/feature_eng_0_ID0000004.meta --insert /home/poseidon/workflows/predict-future-sales-workflow/submit/poseidon/pegasus/predict-future-sales/run0331/00/00/register_condorpool_1_0.in",3.1,0,0,,,,,,,,,
stage_out_local_condorpool_0_0,None,transfer,0,1677678836.0,,,1677678841.0,,,0.0,1677678841.0,1677678851.0,1677678842.0,1677678846.0,40710625.0,1677678851.0,1677678856.0,5.0,,0.0,10.0,5.0,,,4.0,164210102.0,poseidon,local,host-10-100-100-12.openstacklocal,pegasus::transfer,/home/poseidon/pegasus-5.1.0panorama/bin/pegasus-transfer,pegasus-kickstart  -n pegasus::transfer -N null -i - -R local  -L predict-future-sales -T 2023-02-17T19:59:06+00:00 pegasus-transfer  --threads 2,2.0,0,0,,,,,,,,,
register_condorpool_0_0,None,auxiliary,0,1677678856.0,,,1677678861.0,,,0.0,1677678861.0,1677678866.0,,,0.0,1677678866.0,1677678871.0,5.0,,0.0,5.0,5.0,,,,,poseidon,local,host-10-100-100-12.openstacklocal,pegasus::rc-client,/home/poseidon/pegasus-5.1.0panorama/bin/pegasus-rc-client,"pegasus-kickstart  -n pegasus::rc-client -N null -R local  -L predict-future-sales -T 2023-02-17T19:59:06+00:00 /home/poseidon/pegasus-5.1.0panorama/bin/pegasus-rc-client --prefix pegasus.catalog.replica.output --conf /home/poseidon/workflows/predict-future-sales-workflow/submit/poseidon/pegasus/predict-future-sales/run0331/pegasus.9569971467864676715.properties -v --meta /home/poseidon/workflows/predict-future-sales-workflow/submit/poseidon/pegasus/predict-future-sales/run0331/00/00/nlp_ID0000002.meta,/home/poseidon/workflows/predict-future-sales-workflow/submit/poseidon/pegasus/predict-future-sales/run0331/00/00/eda_ID0000001.meta,/home/poseidon/workflows/predict-future-sales-workflow/submit/poseidon/pegasus/predict-future-sales/run0331/00/00/preprocess_ID0000003.meta --insert /home/poseidon/workflows/predict-future-sales-workflow/submit/poseidon/pegasus/predict-future-sales/run0331/00/00/register_condorpool_0_0.in",3.0,0,0,,,,,,,,,
stage_out_local_condorpool_2_0,None,transfer,0,1677679026.0,,,1677679031.0,,,0.0,1677679031.0,1677679061.0,1677679032.0,1677679052.0,241463976.0,1677679061.0,1677679066.0,5.0,,0.0,30.0,5.0,,,20.0,4785443585.0,poseidon,local,host-10-100-100-12.openstacklocal,pegasus::transfer,/home/poseidon/pegasus-5.1.0panorama/bin/pegasus-transfer,pegasus-kickstart  -n pegasus::transfer -N null -i - -R local  -L predict-future-sales -T 2023-02-17T19:59:06+00:00 pegasus-transfer  --threads 2,21.1,0,0,,,,,,,,,
feature_merge_ID0000010,None,compute,0,1677679026.0,,,1677679031.0,1677678984.0,1677679057.0,78042539.1,1677679033.0,1677679261.0,1677679147.0,1677679202.0,54782780.0,1677679261.0,1677679266.0,5.0,,2.0,228.0,5.0,73.0,5155397110.0,55.0,2993643458.0,poseidon,condorpool,poseidon-worker-2-container-32-39,feature_merge,/srv/feature_merge,,60.3,0,0,0.0,4796861668.0,2600318082.0,1454.0,86.0,37.9,22.1,79947694.5,130015904.1
register_condorpool_2_0,None,auxiliary,0,1677679066.0,,,1677679071.0,,,0.0,1677679071.0,1677679076.0,,,0.0,1677679076.0,1677679081.0,5.0,,0.0,5.0,5.0,,,,,poseidon,local,host-10-100-100-12.openstacklocal,pegasus::rc-client,/home/poseidon/pegasus-5.1.0panorama/bin/pegasus-rc-client,"pegasus-kickstart  -n pegasus::rc-client -N null -R local  -L predict-future-sales -T 2023-02-17T19:59:06+00:00 /home/poseidon/pegasus-5.1.0panorama/bin/pegasus-rc-client --prefix pegasus.catalog.replica.output --conf /home/poseidon/workflows/predict-future-sales-workflow/submit/poseidon/pegasus/predict-future-sales/run0331/pegasus.9569971467864676715.properties -v --meta /home/poseidon/workflows/predict-future-sales-workflow/submit/poseidon/pegasus/predict-future-sales/run0331/00/00/feature_eng_5_ID0000009.meta,/home/poseidon/workflows/predict-future-sales-workflow/submit/poseidon/pegasus/predict-future-sales/run0331/00/00/feature_eng_2_ID0000006.meta,/home/poseidon/workflows/predict-future-sales-workflow/submit/poseidon/pegasus/predict-future-sales/run0331/00/00/feature_eng_3_ID0000007.meta,/home/poseidon/workflows/predict-future-sales-workflow/submit/poseidon/pegasus/predict-future-sales/run0331/00/00/feature_eng_4_ID0000008.meta --insert /home/poseidon/workflows/predict-future-sales-workflow/submit/poseidon/pegasus/predict-future-sales/run0331/00/00/register_condorpool_2_0.in",2.9,0,0,,,,,,,,,
stage_inter_local_xgboost_hp_tuning_workflow_ID0000015_0,None,transfer,0,1677679266.0,,,1677679271.0,1677679272.0,1677679274.0,401.0,1677679271.0,1677679281.0,,,0.0,1677679281.0,1677679287.0,5.0,,0.0,10.0,6.0,2.0,826.0,,,poseidon,local,host-10-100-100-12.openstacklocal,pegasus::transfer,/home/poseidon/pegasus-5.1.0panorama/bin/pegasus-transfer,pegasus-kickstart  -n pegasus::transfer -N null -i - -R local  -L predict-future-sales -T 2023-02-17T19:59:06+00:00 pegasus-transfer  --threads 2,0.3,0,0,,,,,,,,,
stage_inter_local_xgboost_model_ID0000021_0,None,transfer,0,1677679266.0,,,1677679271.0,1677679272.0,1677679304.0,80996742.0,1677679271.0,1677679313.0,,,0.0,1677679313.0,1677679318.0,5.0,,0.0,42.0,5.0,32.0,2646308508.0,,,poseidon,local,host-10-100-100-12.openstacklocal,pegasus::transfer,/home/poseidon/pegasus-5.1.0panorama/bin/pegasus-transfer,pegasus-kickstart  -n pegasus::transfer -N null -i - -R local  -L predict-future-sales -T 2023-02-17T19:59:06+00:00 pegasus-transfer  --threads 2,9.4,0,0,,,,,,,,,
stage_inter_local_model_predict_ID0000022_0,None,transfer,0,1677679266.0,,,1677679271.0,1677679272.0,1677679275.0,14548162.0,1677679271.0,1677679281.0,,,0.0,1677679281.0,1677679287.0,5.0,,0.0,10.0,6.0,3.0,54050130.0,,,poseidon,local,host-10-100-100-12.openstacklocal,pegasus::transfer,/home/poseidon/pegasus-5.1.0panorama/bin/pegasus-transfer,pegasus-kickstart  -n pegasus::transfer -N null -i - -R local  -L predict-future-sales -T 2023-02-17T19:59:06+00:00 pegasus-transfer  --threads 2,0.6,0,0,,,,,,,,,
stage_out_local_condorpool_3_0,None,transfer,0,1677679266.0,,,1677679271.0,,,0.0,1677679271.0,1677679303.0,1677679272.0,1677679294.0,132177381.0,1677679303.0,1677679308.0,5.0,,0.0,32.0,5.0,,,22.0,2993643458.0,poseidon,local,host-10-100-100-12.openstacklocal,pegasus::transfer,/home/poseidon/pegasus-5.1.0panorama/bin/pegasus-transfer,pegasus-kickstart  -n pegasus::transfer -N null -i - -R local  -L predict-future-sales -T 2023-02-17T19:59:06+00:00 pegasus-transfer  --threads 2,14.5,0,0,,,,,,,,,
stage_inter_local_xgboost_model_ID0000013_0,None,transfer,0,1677679266.0,,,1677679271.0,1677679272.0,1677679279.0,35560097.0,1677679271.0,1677679287.0,,,0.0,1677679287.0,1677679292.0,5.0,,0.0,16.0,5.0,7.0,269346726.0,,,poseidon,local,host-10-100-100-12.openstacklocal,pegasus::transfer,/home/poseidon/pegasus-5.1.0panorama/bin/pegasus-transfer,pegasus-kickstart  -n pegasus::transfer -N null -i - -R local  -L predict-future-sales -T 2023-02-17T19:59:06+00:00 pegasus-transfer  --threads 2,1.4,0,0,,,,,,,,,
stage_inter_local_model_predict_ID0000014_0,None,transfer,0,1677679266.0,,,1677679271.0,1677679272.0,1677679275.0,1248302.0,1677679271.0,1677679281.0,,,0.0,1677679281.0,1677679287.0,5.0,,0.0,10.0,6.0,3.0,4411696.0,,,poseidon,local,host-10-100-100-12.openstacklocal,pegasus::transfer,/home/poseidon/pegasus-5.1.0panorama/bin/pegasus-transfer,pegasus-kickstart  -n pegasus::transfer -N null -i - -R local  -L predict-future-sales -T 2023-02-17T19:59:06+00:00 pegasus-transfer  --threads 2,0.4,0,0,,,,,,,,,
xgboost_hp_tuning_workflow_ID0000015,None,compute,0,1677679287.0,,,1677679292.0,,,0.0,1677679292.0,1677679308.0,,,0.0,1677679308.0,1677679313.0,5.0,,0.0,16.0,5.0,,,,,poseidon,local,poseidon-submit.novalocal,xgboost_hp_tuning_workflow,/var/spool/condor/local_univ_execute/dir_106727/xgboost_hp_tuning_workflow,/home/poseidon/workflows/predict-future-sales-workflow/submit/poseidon/pegasus/predict-future-sales/run0331/00/00/xgboost_hp_tuning_workflow_ID0000015.sh,0.1,0,0,,,,,,,,,
xgboost_hp_tuning_workflow_ID0000011,None,compute,0,1677679287.0,,,1677679292.0,,,0.0,1677679293.0,1677679308.0,,,0.0,1677679308.0,1677679313.0,5.0,,1.0,15.0,5.0,,,,,poseidon,local,poseidon-submit.novalocal,xgboost_hp_tuning_workflow,/var/spool/condor/local_univ_execute/dir_106728/xgboost_hp_tuning_workflow,/home/poseidon/workflows/predict-future-sales-workflow/submit/poseidon/pegasus/predict-future-sales/run0331/00/00/xgboost_hp_tuning_workflow_ID0000011.sh,0.1,0,0,,,,,,,,,
xgboost_hp_tuning_workflow_ID0000019,None,compute,0,1677679287.0,,,1677679292.0,,,0.0,1677679293.0,1677679308.0,,,0.0,1677679308.0,1677679313.0,5.0,,1.0,15.0,5.0,,,,,poseidon,local,poseidon-submit.novalocal,xgboost_hp_tuning_workflow,/var/spool/condor/local_univ_execute/dir_106731/xgboost_hp_tuning_workflow,/home/poseidon/workflows/predict-future-sales-workflow/submit/poseidon/pegasus/predict-future-sales/run0331/00/00/xgboost_hp_tuning_workflow_ID0000019.sh,0.1,0,0,,,,,,,,,
register_condorpool_3_0,None,auxiliary,0,1677679308.0,,,1677679313.0,,,0.0,1677679313.0,1677679318.0,,,0.0,1677679318.0,1677679323.0,5.0,,0.0,5.0,5.0,,,,,poseidon,local,host-10-100-100-12.openstacklocal,pegasus::rc-client,/home/poseidon/pegasus-5.1.0panorama/bin/pegasus-rc-client,pegasus-kickstart  -n pegasus::rc-client -N null -R local  -L predict-future-sales -T 2023-02-17T19:59:06+00:00 /home/poseidon/pegasus-5.1.0panorama/bin/pegasus-rc-client --prefix pegasus.catalog.replica.output --conf /home/poseidon/workflows/predict-future-sales-workflow/submit/poseidon/pegasus/predict-future-sales/run0331/pegasus.9569971467864676715.properties -v --meta /home/poseidon/workflows/predict-future-sales-workflow/submit/poseidon/pegasus/predict-future-sales/run0331/00/00/feature_merge_ID0000010.meta --insert /home/poseidon/workflows/predict-future-sales-workflow/submit/poseidon/pegasus/predict-future-sales/run0331/00/00/register_condorpool_3_0.in,3.0,0,0,,,,,,,,,
pegasus-plan_ID0000016,None,subwf,0,1677679313.0,1677679313.0,1677679319.0,1677679323.0,,,0.0,1677679324.0,1677679639.0,,,0.0,,,0.0,6.0,1.0,315.0,,,,,,poseidon,local,poseidon-submit,condor::dagman,/usr/bin/condor_dagman,-p 0  -f -l . -Notification never -Debug 3 -Lockfile xgboost_hp_tuning_group_1.dag.lock -Dag xgboost_hp_tuning_group_1.dag -AllowVersionMismatch  -AutoRescue 1 -DoRescueFrom 0,0.0,0,0,,,,,,,,,
pegasus-plan_ID0000012,None,subwf,0,1677679313.0,1677679313.0,1677679319.0,1677679323.0,,,0.0,1677679324.0,1677679593.0,,,0.0,,,0.0,6.0,1.0,269.0,,,,,,poseidon,local,poseidon-submit,condor::dagman,/usr/bin/condor_dagman,-p 0  -f -l . -Notification never -Debug 3 -Lockfile xgboost_hp_tuning_group_0.dag.lock -Dag xgboost_hp_tuning_group_0.dag -AllowVersionMismatch  -AutoRescue 1 -DoRescueFrom 0,0.0,0,0,,,,,,,,,
stage_out_local_local_4_0,None,transfer,0,1677679313.0,,,1677679318.0,,,0.0,1677679319.0,1677679333.0,1677679319.0,1677679323.0,21087.0,1677679333.0,1677679338.0,5.0,,1.0,14.0,5.0,,,4.0,85038.0,poseidon,local,host-10-100-100-12.openstacklocal,pegasus::transfer,/home/poseidon/pegasus-5.1.0panorama/bin/pegasus-transfer,pegasus-kickstart  -n pegasus::transfer -N null -i - -R local  -L predict-future-sales -T 2023-02-17T19:59:06+00:00 pegasus-transfer  --threads 2,0.5,0,0,,,,,,,,,
pegasus-plan_ID0000020,None,subwf,0,1677679313.0,1677679313.0,1677679319.0,1677679323.0,,,0.0,1677679324.0,1677680414.0,,,0.0,,,0.0,6.0,1.0,1090.0,,,,,,poseidon,local,poseidon-submit,condor::dagman,/usr/bin/condor_dagman,-p 0  -f -l . -Notification never -Debug 3 -Lockfile xgboost_hp_tuning_group_2.dag.lock -Dag xgboost_hp_tuning_group_2.dag -AllowVersionMismatch  -AutoRescue 1 -DoRescueFrom 0,0.0,0,0,,,,,,,,,
create_dir_predict-future-sales-hp-tuning_0_condorpool_pegasus-plan_ID0000016,None,auxiliary,0,1677679324.0,,,1677679325.0,,,0.0,1677679328.0,1677679335.0,,,0.0,1677679335.0,1677679340.0,1.0,,3.0,7.0,5.0,,,,,poseidon,local,host-10-100-100-12.openstacklocal,pegasus::dirmanager,/home/poseidon/pegasus-5.1.0panorama/bin/pegasus-transfer,pegasus-kickstart  -n pegasus::dirmanager -N null -i - -R local  -L xgboost_hp_tuning_group_1 -T 2023-03-01T14:01:56+00:00 pegasus-transfer,0.3,0,0,,,,,,,,,
create_dir_predict-future-sales-hp-tuning_0_condorpool_pegasus-plan_ID0000012,None,auxiliary,0,1677679324.0,,,1677679325.0,,,0.0,1677679328.0,1677679335.0,,,0.0,1677679335.0,1677679340.0,1.0,,3.0,7.0,5.0,,,,,poseidon,local,host-10-100-100-12.openstacklocal,pegasus::dirmanager,/home/poseidon/pegasus-5.1.0panorama/bin/pegasus-transfer,pegasus-kickstart  -n pegasus::dirmanager -N null -i - -R local  -L xgboost_hp_tuning_group_0 -T 2023-03-01T14:01:56+00:00 pegasus-transfer,0.3,0,0,,,,,,,,,
create_dir_predict-future-sales-hp-tuning_0_condorpool_pegasus-plan_ID0000020,None,auxiliary,0,1677679324.0,,,1677679325.0,,,0.0,1677679328.0,1677679335.0,,,0.0,1677679335.0,1677679340.0,1.0,,3.0,7.0,5.0,,,,,poseidon,local,host-10-100-100-12.openstacklocal,pegasus::dirmanager,/home/poseidon/pegasus-5.1.0panorama/bin/pegasus-transfer,pegasus-kickstart  -n pegasus::dirmanager -N null -i - -R local  -L xgboost_hp_tuning_group_2 -T 2023-03-01T14:01:56+00:00 pegasus-transfer,0.3,0,0,,,,,,,,,
register_local_4_0,None,auxiliary,0,1677679338.0,,,1677679343.0,,,0.0,1677679343.0,1677679348.0,,,0.0,1677679348.0,1677679353.0,5.0,,0.0,5.0,5.0,,,,,poseidon,local,host-10-100-100-12.openstacklocal,pegasus::rc-client,/home/poseidon/pegasus-5.1.0panorama/bin/pegasus-rc-client,"pegasus-kickstart  -n pegasus::rc-client -N null -R local  -L predict-future-sales -T 2023-02-17T19:59:06+00:00 /home/poseidon/pegasus-5.1.0panorama/bin/pegasus-rc-client --prefix pegasus.catalog.replica.output --conf /home/poseidon/workflows/predict-future-sales-workflow/submit/poseidon/pegasus/predict-future-sales/run0331/pegasus.9569971467864676715.properties -v --meta /home/poseidon/workflows/predict-future-sales-workflow/submit/poseidon/pegasus/predict-future-sales/run0331/00/00/xgboost_hp_tuning_workflow_ID0000011.meta,/home/poseidon/workflows/predict-future-sales-workflow/submit/poseidon/pegasus/predict-future-sales/run0331/00/00/xgboost_hp_tuning_workflow_ID0000019.meta,/home/poseidon/workflows/predict-future-sales-workflow/submit/poseidon/pegasus/predict-future-sales/run0331/00/00/xgboost_hp_tuning_workflow_ID0000015.meta --insert /home/poseidon/workflows/predict-future-sales-workflow/submit/poseidon/pegasus/predict-future-sales/run0331/00/00/register_local_4_0.in",2.9,0,0,,,,,,,,,
stage_in_local_condorpool_0_0_pegasus-plan_ID0000012,None,transfer,0,1677679340.0,,,1677679345.0,1677679346.0,1677679350.0,2823.0,1677679345.0,1677679360.0,,,0.0,1677679360.0,1677679365.0,5.0,,0.0,15.0,5.0,4.0,12142.0,,,poseidon,local,host-10-100-100-12.openstacklocal,pegasus::transfer,/home/poseidon/pegasus-5.1.0panorama/bin/pegasus-transfer,-n pegasus::transfer -N null -i - -R local  -L xgboost_hp_tuning_group_0 -T 2023-03-01T14:01:56+00:00 /home/poseidon/pegasus-5.1.0panorama/bin/../bin/pegasus-transfer  --threads 2,0.6,0,0,,,,,,,,,
stage_in_local_condorpool_1_0_pegasus-plan_ID0000012,None,transfer,0,1677679340.0,,,1677679345.0,1677679346.0,1677679349.0,781.0,1677679345.0,1677679355.0,,,0.0,1677679355.0,1677679360.0,5.0,,0.0,10.0,5.0,3.0,2874.0,,,poseidon,local,host-10-100-100-12.openstacklocal,pegasus::transfer,/home/poseidon/pegasus-5.1.0panorama/bin/pegasus-transfer,-n pegasus::transfer -N null -i - -R local  -L xgboost_hp_tuning_group_0 -T 2023-03-01T14:01:56+00:00 /home/poseidon/pegasus-5.1.0panorama/bin/../bin/pegasus-transfer  --threads 2,0.4,0,0,,,,,,,,,
stage_in_local_condorpool_0_1_pegasus-plan_ID0000012,None,transfer,0,1677679340.0,,,1677679345.0,1677679346.0,1677679352.0,46113025.0,1677679345.0,1677679360.0,,,0.0,1677679360.0,1677679365.0,5.0,,0.0,15.0,5.0,6.0,269346726.0,,,poseidon,local,host-10-100-100-12.openstacklocal,pegasus::transfer,/home/poseidon/pegasus-5.1.0panorama/bin/pegasus-transfer,-n pegasus::transfer -N null -i - -R local  -L xgboost_hp_tuning_group_0 -T 2023-03-01T14:01:56+00:00 /home/poseidon/pegasus-5.1.0panorama/bin/../bin/pegasus-transfer  --threads 2,1.8,0,0,,,,,,,,,
stage_in_local_condorpool_0_2_pegasus-plan_ID0000012,None,transfer,0,1677679340.0,,,1677679345.0,1677679346.0,1677679355.0,79325495.0,1677679345.0,1677679360.0,,,0.0,1677679360.0,1677679365.0,5.0,,0.0,15.0,5.0,9.0,735985664.0,,,poseidon,local,host-10-100-100-12.openstacklocal,pegasus::transfer,/home/poseidon/pegasus-5.1.0panorama/bin/pegasus-transfer,-n pegasus::transfer -N null -i - -R local  -L xgboost_hp_tuning_group_0 -T 2023-03-01T14:01:56+00:00 /home/poseidon/pegasus-5.1.0panorama/bin/../bin/pegasus-transfer  --threads 2,4.1,0,0,,,,,,,,,
stage_in_local_condorpool_0_2_pegasus-plan_ID0000020,None,transfer,0,1677679340.0,,,1677679345.0,1677679346.0,1677679355.0,77446388.0,1677679345.0,1677679365.0,,,0.0,1677679365.0,1677679370.0,5.0,,0.0,20.0,5.0,9.0,735985664.0,,,poseidon,local,host-10-100-100-12.openstacklocal,pegasus::transfer,/home/poseidon/pegasus-5.1.0panorama/bin/pegasus-transfer,-n pegasus::transfer -N null -i - -R local  -L xgboost_hp_tuning_group_2 -T 2023-03-01T14:01:56+00:00 /home/poseidon/pegasus-5.1.0panorama/bin/../bin/pegasus-transfer  --threads 2,4.2,0,0,,,,,,,,,
stage_in_local_condorpool_0_1_pegasus-plan_ID0000020,None,transfer,0,1677679340.0,,,1677679345.0,1677679346.0,1677679364.0,144131944.0,1677679345.0,1677679370.0,,,0.0,1677679370.0,1677679375.0,5.0,,0.0,25.0,5.0,18.0,2646308508.0,,,poseidon,local,host-10-100-100-12.openstacklocal,pegasus::transfer,/home/poseidon/pegasus-5.1.0panorama/bin/pegasus-transfer,-n pegasus::transfer -N null -i - -R local  -L xgboost_hp_tuning_group_2 -T 2023-03-01T14:01:56+00:00 /home/poseidon/pegasus-5.1.0panorama/bin/../bin/pegasus-transfer  --threads 2,12.1,0,0,,,,,,,,,
stage_in_local_condorpool_0_0_pegasus-plan_ID0000016,None,transfer,0,1677679340.0,,,1677679345.0,1677679346.0,1677679350.0,2791.0,1677679345.0,1677679360.0,,,0.0,1677679360.0,1677679365.0,5.0,,0.0,15.0,5.0,4.0,12142.0,,,poseidon,local,host-10-100-100-12.openstacklocal,pegasus::transfer,/home/poseidon/pegasus-5.1.0panorama/bin/pegasus-transfer,-n pegasus::transfer -N null -i - -R local  -L xgboost_hp_tuning_group_1 -T 2023-03-01T14:01:56+00:00 /home/poseidon/pegasus-5.1.0panorama/bin/../bin/pegasus-transfer  --threads 2,0.7,0,0,,,,,,,,,
stage_in_local_condorpool_1_0_pegasus-plan_ID0000016,None,transfer,0,1677679340.0,,,1677679345.0,1677679346.0,1677679349.0,809.0,1677679345.0,1677679355.0,,,0.0,1677679355.0,1677679360.0,5.0,,0.0,10.0,5.0,3.0,2874.0,,,poseidon,local,host-10-100-100-12.openstacklocal,pegasus::transfer,/home/poseidon/pegasus-5.1.0panorama/bin/pegasus-transfer,-n pegasus::transfer -N null -i - -R local  -L xgboost_hp_tuning_group_1 -T 2023-03-01T14:01:56+00:00 /home/poseidon/pegasus-5.1.0panorama/bin/../bin/pegasus-transfer  --threads 2,0.5,0,0,,,,,,,,,
stage_in_local_condorpool_0_1_pegasus-plan_ID0000016,None,transfer,0,1677679340.0,,,1677679345.0,1677679346.0,1677679350.0,5028624.0,1677679345.0,1677679355.0,,,0.0,1677679355.0,1677679360.0,5.0,,0.0,10.0,5.0,4.0,19294600.0,,,poseidon,local,host-10-100-100-12.openstacklocal,pegasus::transfer,/home/poseidon/pegasus-5.1.0panorama/bin/pegasus-transfer,-n pegasus::transfer -N null -i - -R local  -L xgboost_hp_tuning_group_1 -T 2023-03-01T14:01:56+00:00 /home/poseidon/pegasus-5.1.0panorama/bin/../bin/pegasus-transfer  --threads 2,0.6,0,0,,,,,,,,,
stage_in_local_condorpool_0_0_pegasus-plan_ID0000020,None,transfer,0,1677679340.0,,,1677679345.0,1677679346.0,1677679350.0,2817.0,1677679345.0,1677679360.0,,,0.0,1677679360.0,1677679365.0,5.0,,0.0,15.0,5.0,4.0,12142.0,,,poseidon,local,host-10-100-100-12.openstacklocal,pegasus::transfer,/home/poseidon/pegasus-5.1.0panorama/bin/pegasus-transfer,-n pegasus::transfer -N null -i - -R local  -L xgboost_hp_tuning_group_2 -T 2023-03-01T14:01:56+00:00 /home/poseidon/pegasus-5.1.0panorama/bin/../bin/pegasus-transfer  --threads 2,0.6,0,0,,,,,,,,,
stage_in_local_condorpool_0_2_pegasus-plan_ID0000016,None,transfer,0,1677679340.0,,,1677679345.0,1677679349.0,1677679357.0,96445117.0,1677679349.0,1677679365.0,,,0.0,1677679365.0,1677679370.0,5.0,,4.0,16.0,5.0,8.0,735985664.0,,,poseidon,local,host-10-100-100-12.openstacklocal,pegasus::transfer,/home/poseidon/pegasus-5.1.0panorama/bin/pegasus-transfer,-n pegasus::transfer -N null -i - -R local  -L xgboost_hp_tuning_group_1 -T 2023-03-01T14:01:56+00:00 /home/poseidon/pegasus-5.1.0panorama/bin/../bin/pegasus-transfer  --threads 2,3.7,0,0,,,,,,,,,
stage_in_local_condorpool_1_0_pegasus-plan_ID0000020,None,transfer,0,1677679340.0,,,1677679345.0,1677679346.0,1677679349.0,786.0,1677679345.0,1677679355.0,,,0.0,1677679355.0,1677679360.0,5.0,,0.0,10.0,5.0,3.0,2874.0,,,poseidon,local,host-10-100-100-12.openstacklocal,pegasus::transfer,/home/poseidon/pegasus-5.1.0panorama/bin/pegasus-transfer,-n pegasus::transfer -N null -i - -R local  -L xgboost_hp_tuning_group_2 -T 2023-03-01T14:01:56+00:00 /home/poseidon/pegasus-5.1.0panorama/bin/../bin/pegasus-transfer  --threads 2,0.5,0,0,,,,,,,,,
xgboost_hp_tuning_ID0000018_pegasus-plan_ID0000012,None,compute,0,1677679365.0,,,1677679370.0,1677679326.0,1677679344.0,46669337.4,1677679375.0,1677679440.0,1677679376.0,1677679380.0,251.0,1677679440.0,1677679445.0,5.0,,5.0,65.0,5.0,18.0,502672266.0,4.0,1054.0,poseidon,condorpool,poseidon-worker-3-container-16-23,xgboost_hp_tuning,/srv/xgboost_hp_tuning,,144.8,0,0,0.0,157970594.0,40.0,3319.0,2.0,107.3,3.8,7898529.7,4.0
xgboost_hp_tuning_ID0000023_pegasus-plan_ID0000012,None,compute,0,1677679365.0,,,1677679370.0,1677679385.0,1677679403.0,46492572.8,1677679435.0,1677679495.0,1677679430.0,1677679435.0,255.0,1677679495.0,1677679500.0,5.0,,65.0,60.0,5.0,18.0,502672266.0,5.0,1089.0,poseidon,condorpool,poseidon-worker-2-container-40-47,xgboost_hp_tuning,/srv/xgboost_hp_tuning,,112.5,0,0,0.1,157972544.0,40.0,3321.0,2.0,102.9,3.5,7898627.2,4.0
xgboost_hp_tuning_ID0000012_pegasus-plan_ID0000012,None,compute,0,1677679365.0,,,1677679370.0,1677679384.0,1677679401.0,46477665.8,1677679433.0,1677679490.0,1677679427.0,1677679431.0,243.0,1677679490.0,1677679495.0,5.0,,63.0,57.0,5.0,17.0,502672266.0,4.0,1052.0,poseidon,condorpool,poseidon-worker-2-container-0-7,xgboost_hp_tuning,/srv/xgboost_hp_tuning,,100.5,0,0,0.1,157967840.0,40.0,3305.0,2.0,43.7,2.9,15796784.0,4.0
xgboost_hp_tuning_ID0000001_pegasus-plan_ID0000012,None,compute,0,1677679365.0,,,1677679370.0,1677679383.0,1677679400.0,46606813.6,1677679432.0,1677679490.0,1677679428.0,1677679432.0,243.0,1677679490.0,1677679495.0,5.0,,62.0,58.0,5.0,17.0,502672266.0,4.0,1063.0,poseidon,condorpool,poseidon-worker-3-container-0-7,xgboost_hp_tuning,/srv/xgboost_hp_tuning,,113.1,0,0,0.0,157970590.0,40.0,3319.0,2.0,96.9,4.0,7898529.5,4.0
xgboost_hp_tuning_ID0000013_pegasus-plan_ID0000012,None,compute,0,1677679365.0,,,1677679370.0,1677679383.0,1677679400.0,46472146.0,1677679432.0,1677679490.0,1677679429.0,1677679433.0,244.0,1677679490.0,1677679495.0,5.0,,62.0,58.0,5.0,17.0,502672266.0,4.0,1051.0,poseidon,condorpool,poseidon-worker-2-container-8-15,xgboost_hp_tuning,/srv/xgboost_hp_tuning,,123.8,0,0,0.0,157972495.0,40.0,3321.0,2.0,105.7,3.5,7898624.8,4.0
xgboost_hp_tuning_ID0000002_pegasus-plan_ID0000012,None,compute,0,1677679365.0,,,1677679370.0,1677679381.0,1677679399.0,46449613.8,1677679430.0,1677679490.0,1677679428.0,1677679433.0,248.0,1677679490.0,1677679495.0,5.0,,60.0,60.0,5.0,18.0,502672266.0,5.0,1062.0,poseidon,condorpool,poseidon-worker-2-container-32-39,xgboost_hp_tuning,/srv/xgboost_hp_tuning,,117.7,0,0,0.1,157972717.0,40.0,3321.0,2.0,97.0,3.0,7898635.8,4.0
xgboost_hp_tuning_ID0000014_pegasus-plan_ID0000012,None,compute,0,1677679365.0,,,1677679370.0,1677679326.0,1677679344.0,46281829.0,1677679375.0,1677679455.0,1677679388.0,1677679393.0,246.0,1677679455.0,1677679460.0,5.0,,5.0,80.0,5.0,18.0,502672266.0,5.0,1053.0,poseidon,condorpool,poseidon-worker-1-container-0-7,xgboost_hp_tuning,/srv/xgboost_hp_tuning,,201.6,0,0,0.1,157976194.0,40.0,3336.0,2.0,150.0,2.9,5265873.1,4.0
xgboost_hp_tuning_ID0000003_pegasus-plan_ID0000012,None,compute,0,1677679365.0,,,1677679370.0,1677679326.0,1677679344.0,46575274.4,1677679375.0,1677679450.0,1677679387.0,1677679391.0,248.0,1677679450.0,1677679455.0,5.0,,5.0,75.0,5.0,18.0,502672266.0,4.0,1067.0,poseidon,condorpool,poseidon-worker-1-container-16-23,xgboost_hp_tuning,/srv/xgboost_hp_tuning,,201.4,0,0,0.1,157976275.0,40.0,3336.0,2.0,160.2,3.6,5265875.8,4.0
xgboost_hp_tuning_ID0000015_pegasus-plan_ID0000012,None,compute,0,1677679365.0,,,1677679370.0,1677679326.0,1677679344.0,46659535.4,1677679375.0,1677679435.0,1677679373.0,1677679377.0,250.0,1677679435.0,1677679440.0,5.0,,5.0,60.0,5.0,18.0,502672266.0,4.0,1054.0,poseidon,condorpool,poseidon-worker-3-container-8-15,xgboost_hp_tuning,/srv/xgboost_hp_tuning,,124.1,0,0,0.1,157970556.0,40.0,3319.0,2.0,102.1,3.5,7898527.8,4.0
xgboost_hp_tuning_ID0000004_pegasus-plan_ID0000012,None,compute,0,1677679365.0,,,1677679370.0,1677679326.0,1677679343.0,46700341.8,1677679375.0,1677679450.0,1677679385.0,1677679389.0,251.0,1677679450.0,1677679455.0,5.0,,5.0,75.0,5.0,17.0,502672266.0,4.0,1063.0,poseidon,condorpool,poseidon-worker-3-container-24-31,xgboost_hp_tuning,/srv/xgboost_hp_tuning,,181.5,0,0,0.1,157974398.0,40.0,3334.0,2.0,146.5,4.0,5265813.3,4.0
xgboost_hp_tuning_ID0000016_pegasus-plan_ID0000012,None,compute,0,1677679365.0,,,1677679370.0,1677679326.0,1677679344.0,46566693.8,1677679375.0,1677679435.0,1677679370.0,1677679375.0,248.0,1677679435.0,1677679440.0,5.0,,5.0,60.0,5.0,18.0,502672266.0,5.0,1056.0,poseidon,condorpool,poseidon-worker-2-container-0-7,xgboost_hp_tuning,/srv/xgboost_hp_tuning,,99.2,0,0,0.1,157967764.0,40.0,3305.0,2.0,38.6,2.7,15796776.4,4.0
xgboost_hp_tuning_ID0000005_pegasus-plan_ID0000012,None,compute,0,1677679365.0,,,1677679370.0,1677679326.0,1677679343.0,46700667.8,1677679375.0,1677679435.0,1677679370.0,1677679374.0,258.0,1677679435.0,1677679440.0,5.0,,5.0,60.0,5.0,17.0,502672266.0,4.0,1077.0,poseidon,condorpool,poseidon-worker-3-container-0-7,xgboost_hp_tuning,/srv/xgboost_hp_tuning,,104.1,0,0,0.0,157965894.0,40.0,3303.0,2.0,44.8,2.4,15796589.4,4.0
xgboost_hp_tuning_ID0000017_pegasus-plan_ID0000012,None,compute,0,1677679365.0,,,1677679370.0,1677679326.0,1677679344.0,46480488.8,1677679375.0,1677679435.0,1677679369.0,1677679374.0,248.0,1677679435.0,1677679440.0,5.0,,5.0,60.0,5.0,18.0,502672266.0,5.0,1053.0,poseidon,condorpool,poseidon-worker-2-container-8-15,xgboost_hp_tuning,/srv/xgboost_hp_tuning,,101.8,0,0,0.0,157967802.0,40.0,3305.0,2.0,43.1,2.7,15796780.2,4.0
xgboost_hp_tuning_ID0000006_pegasus-plan_ID0000012,cpu_4,compute,0,1677679365.0,,,1677679370.0,1677679326.0,1677679344.0,46572416.0,1677679375.0,1677679440.0,1677679377.0,1677679381.0,250.0,1677679440.0,1677679445.0,5.0,,5.0,65.0,5.0,18.0,502672266.0,4.0,1065.0,poseidon,condorpool,poseidon-worker-2-container-24-31,xgboost_hp_tuning,/srv/xgboost_hp_tuning,,74.2,0,0,0.1,157972461.0,40.0,3321.0,2.0,50.5,2.3,7898623.0,4.0
xgboost_hp_tuning_ID0000009_pegasus-plan_ID0000012,None,compute,0,1677679365.0,,,1677679370.0,1677679326.0,1677679344.0,46557199.8,1677679375.0,1677679440.0,1677679379.0,1677679383.0,250.0,1677679440.0,1677679445.0,5.0,,5.0,65.0,5.0,18.0,502672266.0,4.0,1058.0,poseidon,condorpool,poseidon-worker-1-container-24-31,xgboost_hp_tuning,/srv/xgboost_hp_tuning,,163.1,0,0,0.1,157972719.0,40.0,3321.0,2.0,109.0,3.5,7898636.0,4.0
xgboost_hp_tuning_ID0000011_pegasus-plan_ID0000012,cpu_4,compute,0,1677679365.0,,,1677679370.0,1677679326.0,1677679343.0,46757101.2,1677679375.0,1677679440.0,1677679374.0,1677679378.0,251.0,1677679440.0,1677679445.0,5.0,,5.0,65.0,5.0,17.0,502672266.0,4.0,1048.0,poseidon,condorpool,poseidon-worker-3-container-40-47,xgboost_hp_tuning,/srv/xgboost_hp_tuning,,72.3,0,0,0.0,157973449.0,40.0,3325.0,2.0,55.3,2.8,7898672.4,4.0
xgboost_hp_tuning_ID0000022_pegasus-plan_ID0000012,None,compute,0,1677679365.0,,,1677679370.0,1677679326.0,1677679344.0,46560791.4,1677679375.0,1677679430.0,1677679368.0,1677679372.0,248.0,1677679430.0,1677679435.0,5.0,,5.0,55.0,5.0,18.0,502672266.0,4.0,1064.0,poseidon,condorpool,poseidon-worker-2-container-32-39,xgboost_hp_tuning,/srv/xgboost_hp_tuning,,90.0,0,0,0.1,157968059.0,40.0,3305.0,2.0,41.5,3.1,15796805.9,4.0
xgboost_hp_tuning_ID0000010_pegasus-plan_ID0000012,None,compute,0,1677679365.0,,,1677679370.0,1677679326.0,1677679344.0,46510633.2,1677679375.0,1677679435.0,1677679372.0,1677679376.0,251.0,1677679435.0,1677679440.0,5.0,,5.0,60.0,5.0,18.0,502672266.0,4.0,1049.0,poseidon,condorpool,poseidon-worker-2-container-40-47,xgboost_hp_tuning,/srv/xgboost_hp_tuning,,117.1,0,0,0.1,157972462.0,40.0,3321.0,2.0,102.3,3.6,7898623.1,4.0
xgboost_hp_tuning_ID0000021_pegasus-plan_ID0000012,cpu_4,compute,0,1677679365.0,,,1677679370.0,1677679326.0,1677679344.0,46522761.4,1677679375.0,1677679440.0,1677679377.0,1677679381.0,249.0,1677679440.0,1677679445.0,5.0,,5.0,65.0,5.0,18.0,502672266.0,4.0,1061.0,poseidon,condorpool,poseidon-worker-1-container-8-15,xgboost_hp_tuning,/srv/xgboost_hp_tuning,,74.3,0,0,0.1,157972436.0,40.0,3321.0,2.0,55.5,2.8,7898621.8,4.0
xgboost_hp_tuning_ID0000020_pegasus-plan_ID0000012,None,compute,0,1677679365.0,,,1677679370.0,1677679326.0,1677679344.0,46526948.0,1677679375.0,1677679450.0,1677679388.0,1677679392.0,250.0,1677679450.0,1677679455.0,5.0,,5.0,75.0,5.0,18.0,502672266.0,4.0,1064.0,poseidon,condorpool,poseidon-worker-1-container-40-47,xgboost_hp_tuning,/srv/xgboost_hp_tuning,,198.0,0,0,0.1,157976285.0,40.0,3336.0,2.0,146.2,3.5,5265876.2,4.0
xgboost_hp_tuning_ID0000008_pegasus-plan_ID0000012,cpu_4,compute,0,1677679365.0,,,1677679370.0,1677679326.0,1677679344.0,46583709.0,1677679375.0,1677679440.0,1677679378.0,1677679382.0,249.0,1677679440.0,1677679445.0,5.0,,5.0,65.0,5.0,18.0,502672266.0,4.0,1058.0,poseidon,condorpool,poseidon-worker-2-container-16-23,xgboost_hp_tuning,/srv/xgboost_hp_tuning,,78.7,0,0,0.1,157972464.0,40.0,3321.0,2.0,50.4,2.4,7898623.2,4.0
xgboost_hp_tuning_ID0000019_pegasus-plan_ID0000012,cpu_4,compute,0,1677679365.0,,,1677679370.0,1677679326.0,1677679343.0,46765984.4,1677679375.0,1677679450.0,1677679384.0,1677679388.0,250.0,1677679450.0,1677679455.0,5.0,,5.0,75.0,5.0,17.0,502672266.0,4.0,1057.0,poseidon,condorpool,poseidon-worker-3-container-32-39,xgboost_hp_tuning,/srv/xgboost_hp_tuning,,97.6,0,0,0.0,157977117.0,40.0,3340.0,2.0,83.0,3.3,5265903.9,4.0
xgboost_hp_tuning_ID0000007_pegasus-plan_ID0000012,None,compute,0,1677679365.0,,,1677679370.0,1677679326.0,1677679344.0,46522203.2,1677679375.0,1677679450.0,1677679386.0,1677679390.0,247.0,1677679450.0,1677679455.0,5.0,,5.0,75.0,5.0,18.0,502672266.0,4.0,1065.0,poseidon,condorpool,poseidon-worker-1-container-32-39,xgboost_hp_tuning,/srv/xgboost_hp_tuning,,177.9,0,0,0.1,157976274.0,40.0,3336.0,2.0,139.4,3.6,5265875.8,4.0
xgboost_hp_tuning_ID0000023_pegasus-plan_ID0000016,None,compute,0,1677679370.0,,,1677679375.0,1677679438.0,1677679454.0,42559470.8,1677679487.0,1677679530.0,1677679465.0,1677679470.0,255.0,1677679530.0,1677679535.0,5.0,,112.0,43.0,5.0,16.0,377646203.0,5.0,1090.0,poseidon,condorpool,poseidon-worker-1-container-32-39,xgboost_hp_tuning,/srv/xgboost_hp_tuning,,25.1,0,0,,,,,,,,,
xgboost_hp_tuning_ID0000008_pegasus-plan_ID0000016,None,compute,0,1677679370.0,,,1677679375.0,1677679392.0,1677679408.0,42540320.8,1677679441.0,1677679480.0,1677679418.0,1677679422.0,250.0,1677679480.0,1677679485.0,5.0,,66.0,39.0,5.0,16.0,377646203.0,4.0,1059.0,poseidon,condorpool,poseidon-worker-1-container-24-31,xgboost_hp_tuning,/srv/xgboost_hp_tuning,,15.5,0,0,,,,,,,,,
xgboost_hp_tuning_ID0000013_pegasus-plan_ID0000016,None,compute,0,1677679370.0,,,1677679375.0,1677679431.0,1677679447.0,42471827.2,1677679480.0,1677679520.0,1677679457.0,1677679461.0,245.0,1677679520.0,1677679525.0,5.0,,105.0,40.0,5.0,16.0,377646203.0,4.0,1054.0,poseidon,condorpool,poseidon-worker-1-container-24-31,xgboost_hp_tuning,/srv/xgboost_hp_tuning,,13.6,0,0,,,,,,,,,
xgboost_hp_tuning_ID0000009_pegasus-plan_ID0000016,None,compute,0,1677679370.0,,,1677679375.0,1677679386.0,1677679402.0,42656922.0,1677679435.0,1677679475.0,1677679413.0,1677679417.0,249.0,1677679475.0,1677679480.0,5.0,,60.0,40.0,5.0,16.0,377646203.0,4.0,1058.0,poseidon,condorpool,poseidon-worker-3-container-8-15,xgboost_hp_tuning,/srv/xgboost_hp_tuning,,19.2,0,0,,,,,,,,,
xgboost_hp_tuning_ID0000011_pegasus-plan_ID0000016,cpu_4,compute,0,1677679370.0,,,1677679375.0,1677679387.0,1677679403.0,42744006.2,1677679436.0,1677679475.0,1677679413.0,1677679417.0,251.0,1677679475.0,1677679480.0,5.0,,61.0,39.0,5.0,16.0,377646203.0,4.0,1051.0,poseidon,condorpool,poseidon-worker-3-container-40-47,xgboost_hp_tuning,/srv/xgboost_hp_tuning,,9.2,0,0,,,,,,,,,
xgboost_hp_tuning_ID0000022_pegasus-plan_ID0000016,None,compute,0,1677679370.0,,,1677679375.0,1677679389.0,1677679405.0,42639021.8,1677679438.0,1677679480.0,1677679415.0,1677679419.0,257.0,1677679480.0,1677679485.0,5.0,,63.0,42.0,5.0,16.0,377646203.0,4.0,1062.0,poseidon,condorpool,poseidon-worker-3-container-16-23,xgboost_hp_tuning,/srv/xgboost_hp_tuning,,17.9,0,0,,,,,,,,,
xgboost_hp_tuning_ID0000010_pegasus-plan_ID0000016,cpu_4,compute,0,1677679370.0,,,1677679375.0,1677679390.0,1677679406.0,42574422.8,1677679439.0,1677679480.0,1677679416.0,1677679420.0,248.0,1677679480.0,1677679485.0,5.0,,64.0,41.0,5.0,16.0,377646203.0,4.0,1050.0,poseidon,condorpool,poseidon-worker-1-container-8-15,xgboost_hp_tuning,/srv/xgboost_hp_tuning,,9.7,0,0,,,,,,,,,
xgboost_hp_tuning_ID0000021_pegasus-plan_ID0000016,cpu_4,compute,0,1677679370.0,,,1677679375.0,1677679390.0,1677679406.0,42563435.5,1677679440.0,1677679480.0,1677679417.0,1677679421.0,250.0,1677679480.0,1677679485.0,5.0,,65.0,40.0,5.0,16.0,377646203.0,4.0,1061.0,poseidon,condorpool,poseidon-worker-2-container-24-31,xgboost_hp_tuning,/srv/xgboost_hp_tuning,,10.9,0,0,,,,,,,,,
xgboost_hp_tuning_ID0000020_pegasus-plan_ID0000016,cpu_4,compute,0,1677679370.0,,,1677679375.0,1677679391.0,1677679407.0,42483094.2,1677679440.0,1677679480.0,1677679417.0,1677679421.0,252.0,1677679480.0,1677679485.0,5.0,,65.0,40.0,5.0,16.0,377646203.0,4.0,1061.0,poseidon,condorpool,poseidon-worker-2-container-16-23,xgboost_hp_tuning,/srv/xgboost_hp_tuning,,10.0,0,0,,,,,,,,,
xgboost_hp_tuning_ID0000019_pegasus-plan_ID0000016,cpu_4,compute,0,1677679370.0,,,1677679375.0,1677679397.0,1677679413.0,42534241.2,1677679446.0,1677679485.0,1677679423.0,1677679427.0,249.0,1677679485.0,1677679490.0,5.0,,71.0,39.0,5.0,16.0,377646203.0,4.0,1061.0,poseidon,condorpool,poseidon-worker-3-container-32-39,xgboost_hp_tuning,/srv/xgboost_hp_tuning,,9.3,0,0,,,,,,,,,
xgboost_hp_tuning_ID0000001_pegasus-plan_ID0000016,cpu_4,compute,0,1677679370.0,,,1677679375.0,1677679436.0,1677679451.0,42675654.8,1677679485.0,1677679525.0,1677679462.0,1677679466.0,251.0,1677679525.0,1677679530.0,5.0,,110.0,40.0,5.0,15.0,377646203.0,4.0,1064.0,poseidon,condorpool,poseidon-worker-3-container-32-39,xgboost_hp_tuning,/srv/xgboost_hp_tuning,,10.5,0,0,,,,,,,,,
xgboost_hp_tuning_ID0000018_pegasus-plan_ID0000016,None,compute,0,1677679370.0,,,1677679375.0,1677679399.0,1677679415.0,42339691.2,1677679448.0,1677679490.0,1677679425.0,1677679429.0,249.0,1677679490.0,1677679495.0,5.0,,73.0,42.0,5.0,16.0,377646203.0,4.0,1054.0,poseidon,condorpool,poseidon-worker-1-container-32-39,xgboost_hp_tuning,/srv/xgboost_hp_tuning,,15.5,0,0,,,,,,,,,
xgboost_hp_tuning_ID0000007_pegasus-plan_ID0000016,None,compute,0,1677679370.0,,,1677679375.0,1677679398.0,1677679414.0,42618326.0,1677679447.0,1677679490.0,1677679424.0,1677679428.0,252.0,1677679490.0,1677679495.0,5.0,,72.0,43.0,5.0,16.0,377646203.0,4.0,1064.0,poseidon,condorpool,poseidon-worker-3-container-24-31,xgboost_hp_tuning,/srv/xgboost_hp_tuning,,16.5,0,0,,,,,,,,,
xgboost_hp_tuning_ID0000017_pegasus-plan_ID0000016,None,compute,0,1677679370.0,,,1677679375.0,1677679401.0,1677679417.0,42529498.2,1677679450.0,1677679490.0,1677679427.0,1677679431.0,250.0,1677679490.0,1677679495.0,5.0,,75.0,40.0,5.0,16.0,377646203.0,4.0,1055.0,poseidon,condorpool,poseidon-worker-1-container-40-47,xgboost_hp_tuning,/srv/xgboost_hp_tuning,,15.0,0,0,,,,,,,,,
xgboost_hp_tuning_ID0000005_pegasus-plan_ID0000016,None,compute,0,1677679370.0,,,1677679375.0,1677679402.0,1677679418.0,42346230.8,1677679451.0,1677679490.0,1677679428.0,1677679433.0,252.0,1677679490.0,1677679495.0,5.0,,76.0,39.0,5.0,16.0,377646203.0,5.0,1075.0,poseidon,condorpool,poseidon-worker-1-container-0-7,xgboost_hp_tuning,/srv/xgboost_hp_tuning,,15.0,0,0,,,,,,,,,
xgboost_hp_tuning_ID0000016_pegasus-plan_ID0000016,None,compute,0,1677679370.0,,,1677679375.0,1677679426.0,1677679441.0,42642807.8,1677679475.0,1677679520.0,1677679456.0,1677679461.0,243.0,1677679520.0,1677679525.0,5.0,,100.0,45.0,5.0,15.0,377646203.0,5.0,1055.0,poseidon,condorpool,poseidon-worker-3-container-8-15,xgboost_hp_tuning,/srv/xgboost_hp_tuning,,47.7,0,0,,,,,,,,,
xgboost_hp_tuning_ID0000004_pegasus-plan_ID0000016,cpu_4,compute,0,1677679370.0,,,1677679375.0,1677679426.0,1677679442.0,42653700.2,1677679475.0,1677679515.0,1677679452.0,1677679456.0,252.0,1677679515.0,1677679520.0,5.0,,100.0,40.0,5.0,16.0,377646203.0,4.0,1063.0,poseidon,condorpool,poseidon-worker-3-container-40-47,xgboost_hp_tuning,/srv/xgboost_hp_tuning,,9.5,0,0,,,,,,,,,
xgboost_hp_tuning_ID0000015_pegasus-plan_ID0000016,None,compute,0,1677679370.0,,,1677679375.0,1677679428.0,1677679444.0,42633135.8,1677679477.0,1677679520.0,1677679454.0,1677679459.0,247.0,1677679520.0,1677679525.0,5.0,,102.0,43.0,5.0,16.0,377646203.0,5.0,1053.0,poseidon,condorpool,poseidon-worker-3-container-16-23,xgboost_hp_tuning,/srv/xgboost_hp_tuning,,17.2,0,0,,,,,,,,,
xgboost_hp_tuning_ID0000003_pegasus-plan_ID0000016,cpu_4,compute,0,1677679370.0,,,1677679375.0,1677679429.0,1677679445.0,42560405.8,1677679478.0,1677679520.0,1677679455.0,1677679459.0,248.0,1677679520.0,1677679525.0,5.0,,103.0,42.0,5.0,16.0,377646203.0,4.0,1068.0,poseidon,condorpool,poseidon-worker-1-container-8-15,xgboost_hp_tuning,/srv/xgboost_hp_tuning,,9.4,0,0,,,,,,,,,
xgboost_hp_tuning_ID0000014_pegasus-plan_ID0000016,cpu_4,compute,0,1677679370.0,,,1677679375.0,1677679430.0,1677679446.0,42574212.2,1677679480.0,1677679520.0,1677679457.0,1677679462.0,242.0,1677679520.0,1677679525.0,5.0,,105.0,40.0,5.0,16.0,377646203.0,5.0,1054.0,poseidon,condorpool,poseidon-worker-2-container-24-31,xgboost_hp_tuning,/srv/xgboost_hp_tuning,,12.6,0,0,,,,,,,,,
xgboost_hp_tuning_ID0000002_pegasus-plan_ID0000016,cpu_4,compute,0,1677679370.0,,,1677679375.0,1677679430.0,1677679446.0,42566422.5,1677679480.0,1677679520.0,1677679457.0,1677679461.0,245.0,1677679520.0,1677679525.0,5.0,,105.0,40.0,5.0,16.0,377646203.0,4.0,1062.0,poseidon,condorpool,poseidon-worker-2-container-16-23,xgboost_hp_tuning,/srv/xgboost_hp_tuning,,10.5,0,0,,,,,,,,,
xgboost_hp_tuning_ID0000006_pegasus-plan_ID0000016,None,compute,0,1677679370.0,,,1677679375.0,1677679400.0,1677679416.0,42343778.8,1677679449.0,1677679490.0,1677679426.0,1677679430.0,251.0,1677679490.0,1677679495.0,5.0,,74.0,41.0,5.0,16.0,377646203.0,4.0,1065.0,poseidon,condorpool,poseidon-worker-1-container-16-23,xgboost_hp_tuning,/srv/xgboost_hp_tuning,,14.5,0,0,,,,,,,,,
xgboost_hp_tuning_ID0000012_pegasus-plan_ID0000016,None,compute,0,1677679370.0,,,1677679375.0,1677679437.0,1677679453.0,42622980.5,1677679486.0,1677679525.0,1677679463.0,1677679467.0,242.0,1677679525.0,1677679530.0,5.0,,111.0,39.0,5.0,16.0,377646203.0,4.0,1048.0,poseidon,condorpool,poseidon-worker-3-container-24-31,xgboost_hp_tuning,/srv/xgboost_hp_tuning,,14.8,0,0,,,,,,,,,
xgboost_hp_tuning_ID0000001_pegasus-plan_ID0000020,None,compute,0,1677679375.0,,,1677679380.0,1677679834.0,1677679866.0,68921830.2,1677679883.0,1677680258.0,1677680193.0,1677680197.0,252.0,1677680258.0,1677680263.0,5.0,,503.0,375.0,5.0,32.0,1691153157.0,4.0,1064.0,poseidon,condorpool,poseidon-worker-2-container-32-39,xgboost_hp_tuning,/srv/xgboost_hp_tuning,,1781.9,0,0,0.0,1346564695.0,40.0,3756.0,2.0,1685.0,48.8,4343757.1,4.0
xgboost_hp_tuning_ID0000009_pegasus-plan_ID0000020,None,compute,0,1677679375.0,,,1677679380.0,1677679439.0,1677679471.0,68983415.9,1677679489.0,1677679881.0,1677679816.0,1677679820.0,248.0,1677679881.0,1677679886.0,5.0,,109.0,392.0,5.0,32.0,1691153157.0,4.0,1059.0,poseidon,condorpool,poseidon-worker-1-container-16-23,xgboost_hp_tuning,/srv/xgboost_hp_tuning,,1884.5,0,0,0.0,1346572269.0,40.0,3786.0,2.0,1781.7,63.4,4080522.0,4.0
xgboost_hp_tuning_ID0000012_pegasus-plan_ID0000020,None,compute,0,1677679375.0,,,1677679380.0,1677679838.0,1677679870.0,68929762.9,1677679887.0,1677680238.0,1677680176.0,1677680181.0,247.0,1677680238.0,1677680243.0,5.0,,507.0,351.0,5.0,32.0,1691153157.0,5.0,1050.0,poseidon,condorpool,poseidon-worker-2-container-0-7,xgboost_hp_tuning,/srv/xgboost_hp_tuning,,1655.6,0,0,0.1,1346556761.0,40.0,3726.0,2.0,1557.9,49.8,4643299.2,4.0
xgboost_hp_tuning_ID0000023_pegasus-plan_ID0000020,None,compute,0,1677679375.0,,,1677679380.0,1677679839.0,1677679871.0,68818448.7,1677679888.0,1677680323.0,1677680261.0,1677680265.0,259.0,1677680323.0,1677680328.0,5.0,,508.0,435.0,5.0,32.0,1691153157.0,4.0,1091.0,poseidon,condorpool,poseidon-worker-1-container-0-7,xgboost_hp_tuning,/srv/xgboost_hp_tuning,,2191.9,0,0,0.0,1346591257.0,40.0,3861.0,2.0,2122.9,62.2,3543661.2,4.0
xgboost_hp_tuning_ID0000017_pegasus-plan_ID0000020,cpu_4,compute,0,1677679375.0,,,1677679380.0,1677679470.0,1677679501.0,69002941.1,1677679519.0,1677680022.0,1677679958.0,1677679962.0,250.0,1677680022.0,1677680027.0,5.0,,139.0,503.0,5.0,31.0,1691153157.0,4.0,1055.0,poseidon,condorpool,poseidon-worker-2-container-16-23,xgboost_hp_tuning,/srv/xgboost_hp_tuning,,1377.2,0,0,0.1,1346614463.0,40.0,3952.0,2.0,1275.3,76.3,3060487.4,4.0
xgboost_hp_tuning_ID0000002_pegasus-plan_ID0000020,None,compute,0,1677679375.0,,,1677679380.0,1677679822.0,1677679854.0,68826233.8,1677679872.0,1677680213.0,1677680151.0,1677680155.0,250.0,1677680213.0,1677680218.0,5.0,,492.0,341.0,5.0,32.0,1691153157.0,4.0,1061.0,poseidon,condorpool,poseidon-worker-1-container-40-47,xgboost_hp_tuning,/srv/xgboost_hp_tuning,,1618.1,0,0,0.1,1346553259.0,40.0,3711.0,2.0,1520.9,46.3,4809118.8,4.0
xgboost_hp_tuning_ID0000005_pegasus-plan_ID0000020,None,compute,0,1677679375.0,,,1677679380.0,1677679470.0,1677679502.0,68769479.9,1677679519.0,1677679916.0,1677679852.0,1677679856.0,253.0,1677679916.0,1677679921.0,5.0,,139.0,397.0,5.0,32.0,1691153157.0,4.0,1077.0,poseidon,condorpool,poseidon-worker-1-container-24-31,xgboost_hp_tuning,/srv/xgboost_hp_tuning,,1886.7,0,0,0.0,1346576225.0,40.0,3801.0,2.0,1833.5,51.2,3960518.3,4.0
xgboost_hp_tuning_ID0000016_pegasus-plan_ID0000020,cpu_4,compute,0,1677679375.0,,,1677679380.0,1677679471.0,1677679502.0,68970732.3,1677679520.0,1677680022.0,1677679956.0,1677679960.0,249.0,1677680022.0,1677680027.0,5.0,,140.0,502.0,5.0,31.0,1691153157.0,4.0,1055.0,poseidon,condorpool,poseidon-worker-2-container-24-31,xgboost_hp_tuning,/srv/xgboost_hp_tuning,,1368.7,0,0,0.1,1346617233.0,40.0,3957.0,2.0,1284.2,67.1,3060493.7,4.0
xgboost_hp_tuning_ID0000004_pegasus-plan_ID0000020,cpu_4,compute,0,1677679375.0,,,1677679380.0,1677679475.0,1677679506.0,69149105.0,1677679524.0,1677680022.0,1677679957.0,1677679961.0,257.0,1677680022.0,1677680027.0,5.0,,144.0,498.0,5.0,31.0,1691153157.0,4.0,1060.0,poseidon,condorpool,poseidon-worker-3-container-32-39,xgboost_hp_tuning,/srv/xgboost_hp_tuning,,1400.0,0,0,0.1,1346615411.0,40.0,3956.0,2.0,1320.7,71.9,3060489.6,4.0
xgboost_hp_tuning_ID0000018_pegasus-plan_ID0000020,cpu_4,compute,0,1677679375.0,,,1677679380.0,1677679468.0,1677679500.0,68911919.7,1677679518.0,1677680042.0,1677679980.0,1677679984.0,249.0,1677680042.0,1677680047.0,5.0,,138.0,524.0,5.0,32.0,1691153157.0,4.0,1054.0,poseidon,condorpool,poseidon-worker-1-container-8-15,xgboost_hp_tuning,/srv/xgboost_hp_tuning,,1487.2,0,0,0.1,1346627168.0,40.0,4000.0,2.0,1417.6,68.5,2865164.2,4.0
xgboost_hp_tuning_ID0000013_pegasus-plan_ID0000020,None,compute,0,1677679375.0,,,1677679380.0,1677679830.0,1677679861.0,68913845.6,1677679879.0,1677680253.0,1677680187.0,1677680191.0,250.0,1677680253.0,1677680258.0,5.0,,499.0,374.0,5.0,31.0,1691153157.0,4.0,1055.0,poseidon,condorpool,poseidon-worker-1-container-16-23,xgboost_hp_tuning,/srv/xgboost_hp_tuning,,1752.9,0,0,0.0,1346564778.0,40.0,3756.0,2.0,1644.6,62.1,4343757.3,4.0
xgboost_hp_tuning_ID0000007_pegasus-plan_ID0000020,None,compute,0,1677679375.0,,,1677679380.0,1677679467.0,1677679499.0,69071999.6,1677679517.0,1677679947.0,1677679884.0,1677679888.0,259.0,1677679947.0,1677679952.0,5.0,,137.0,430.0,5.0,32.0,1691153157.0,4.0,1067.0,poseidon,condorpool,poseidon-worker-3-container-16-23,xgboost_hp_tuning,/srv/xgboost_hp_tuning,,2060.8,0,0,0.0,1346585887.0,40.0,3844.0,2.0,1958.2,64.6,3639421.3,4.0
xgboost_hp_tuning_ID0000019_pegasus-plan_ID0000020,None,compute,0,1677679375.0,,,1677679380.0,1677679444.0,1677679475.0,68798049.5,1677679493.0,1677680042.0,1677679976.0,1677679981.0,249.0,1677680042.0,1677680047.0,5.0,,113.0,549.0,5.0,31.0,1691153157.0,5.0,1057.0,poseidon,condorpool,poseidon-worker-2-container-40-47,xgboost_hp_tuning,/srv/xgboost_hp_tuning,,2936.5,0,0,0.1,1346633420.0,40.0,4026.0,2.0,2855.2,69.7,2748231.5,4.0
xgboost_hp_tuning_ID0000008_pegasus-plan_ID0000020,None,compute,0,1677679375.0,,,1677679380.0,1677679442.0,1677679473.0,68815894.6,1677679491.0,1677679851.0,1677679789.0,1677679793.0,248.0,1677679851.0,1677679856.0,5.0,,111.0,360.0,5.0,31.0,1691153157.0,4.0,1056.0,poseidon,condorpool,poseidon-worker-2-container-8-15,xgboost_hp_tuning,/srv/xgboost_hp_tuning,,1664.5,0,0,0.1,1346560561.0,40.0,3741.0,2.0,1567.5,58.8,4488535.2,4.0
xgboost_hp_tuning_ID0000014_pegasus-plan_ID0000020,cpu_4,compute,0,1677679375.0,,,1677679380.0,1677679538.0,1677679569.0,69024858.5,1677679587.0,1677680123.0,1677680058.0,1677680062.0,251.0,1677680123.0,1677680128.0,5.0,,207.0,536.0,5.0,31.0,1691153157.0,4.0,1055.0,poseidon,condorpool,poseidon-worker-3-container-40-47,xgboost_hp_tuning,/srv/xgboost_hp_tuning,,1505.1,0,0,0.0,1346624095.0,40.0,3994.0,2.0,1397.2,74.4,2865157.6,4.0
xgboost_hp_tuning_ID0000021_pegasus-plan_ID0000020,None,compute,0,1677679375.0,,,1677679380.0,1677679442.0,1677679473.0,68884341.3,1677679491.0,1677679891.0,1677679826.0,1677679830.0,252.0,1677679891.0,1677679896.0,5.0,,111.0,400.0,5.0,31.0,1691153157.0,4.0,1063.0,poseidon,condorpool,poseidon-worker-1-container-0-7,xgboost_hp_tuning,/srv/xgboost_hp_tuning,,1873.6,0,0,0.1,1346575719.0,40.0,3801.0,2.0,1796.6,57.0,3960516.8,4.0
xgboost_hp_tuning_ID0000010_pegasus-plan_ID0000020,None,compute,0,1677679375.0,,,1677679380.0,1677679441.0,1677679473.0,69152149.3,1677679491.0,1677679921.0,1677679859.0,1677679863.0,247.0,1677679921.0,1677679926.0,5.0,,111.0,430.0,5.0,32.0,1691153157.0,4.0,1048.0,poseidon,condorpool,poseidon-worker-3-container-0-7,xgboost_hp_tuning,/srv/xgboost_hp_tuning,,2016.0,0,0,0.1,1346585352.0,40.0,3844.0,2.0,1909.8,71.1,3639419.9,4.0
xgboost_hp_tuning_ID0000022_pegasus-plan_ID0000020,None,compute,0,1677679375.0,,,1677679380.0,1677679441.0,1677679472.0,69013042.9,1677679490.0,1677679871.0,1677679809.0,1677679813.0,251.0,1677679871.0,1677679876.0,5.0,,110.0,381.0,5.0,31.0,1691153157.0,4.0,1062.0,poseidon,condorpool,poseidon-worker-1-container-40-47,xgboost_hp_tuning,/srv/xgboost_hp_tuning,,1741.5,0,0,0.0,1346568376.0,40.0,3771.0,2.0,1637.2,57.0,4208026.2,4.0
xgboost_hp_tuning_ID0000011_pegasus-plan_ID0000020,None,compute,0,1677679375.0,,,1677679380.0,1677679440.0,1677679471.0,69080909.3,1677679489.0,1677679841.0,1677679778.0,1677679783.0,248.0,1677679841.0,1677679846.0,5.0,,109.0,352.0,5.0,31.0,1691153157.0,5.0,1051.0,poseidon,condorpool,poseidon-worker-2-container-0-7,xgboost_hp_tuning,/srv/xgboost_hp_tuning,,1553.7,0,0,0.0,1346556558.0,40.0,3726.0,2.0,1454.5,48.1,4643298.5,4.0
xgboost_hp_tuning_ID0000015_pegasus-plan_ID0000020,None,compute,0,1677679375.0,,,1677679380.0,1677679476.0,1677679508.0,69073485.2,1677679525.0,1677679957.0,1677679895.0,1677679899.0,251.0,1677679957.0,1677679962.0,5.0,,145.0,432.0,5.0,32.0,1691153157.0,4.0,1055.0,poseidon,condorpool,poseidon-worker-3-container-24-31,xgboost_hp_tuning,/srv/xgboost_hp_tuning,,2208.9,0,0,0.0,1346585831.0,40.0,3844.0,2.0,2099.8,53.2,3639421.2,4.0
xgboost_hp_tuning_ID0000003_pegasus-plan_ID0000020,None,compute,0,1677679375.0,,,1677679380.0,1677679479.0,1677679510.0,68870299.4,1677679528.0,1677679916.0,1677679852.0,1677679856.0,251.0,1677679916.0,1677679921.0,5.0,,148.0,388.0,5.0,31.0,1691153157.0,4.0,1066.0,poseidon,condorpool,poseidon-worker-1-container-32-39,xgboost_hp_tuning,/srv/xgboost_hp_tuning,,1884.8,0,0,0.0,1346572388.0,40.0,3786.0,2.0,1803.5,64.0,4080522.4,4.0
xgboost_hp_tuning_ID0000006_pegasus-plan_ID0000020,None,compute,0,1677679375.0,,,1677679380.0,1677679470.0,1677679501.0,69139561.9,1677679519.0,1677679901.0,1677679839.0,1677679843.0,251.0,1677679901.0,1677679906.0,5.0,,139.0,382.0,5.0,31.0,1691153157.0,4.0,1066.0,poseidon,condorpool,poseidon-worker-3-container-8-15,xgboost_hp_tuning,/srv/xgboost_hp_tuning,,1811.8,0,0,0.0,1346566542.0,40.0,3769.0,2.0,1694.6,57.4,4208020.4,4.0
xgboost_hp_tuning_ID0000020_pegasus-plan_ID0000020,None,compute,0,1677679375.0,,,1677679380.0,1677679442.0,1677679473.0,68852297.8,1677679491.0,1677679886.0,1677679821.0,1677679825.0,251.0,1677679886.0,1677679891.0,5.0,,111.0,395.0,5.0,31.0,1691153157.0,4.0,1063.0,poseidon,condorpool,poseidon-worker-2-container-32-39,xgboost_hp_tuning,/srv/xgboost_hp_tuning,,1873.6,0,0,0.2,1346572401.0,40.0,3786.0,2.0,1760.2,59.4,4080522.4,4.0
stage_out_local_condorpool_0_0_pegasus-plan_ID0000012,None,transfer,0,1677679495.0,,,1677679500.0,,,0.0,1677679501.0,1677679510.0,1677679501.0,1677679505.0,2098.0,1677679510.0,1677679515.0,5.0,,1.0,9.0,5.0,,,4.0,8464.0,poseidon,local,host-10-100-100-12.openstacklocal,pegasus::transfer,/home/poseidon/pegasus-5.1.0panorama/bin/pegasus-transfer,/home/poseidon/pegasus-5.1.0panorama/bin/../bin/pegasus-kickstart  -n pegasus::transfer -N null -i - -R local  -L xgboost_hp_tuning_group_0 -T 2023-03-01T14:01:56+00:00 /home/poseidon/pegasus-5.1.0panorama/bin/../bin/pegasus-transfer  --threads 2,1.1,0,0,,,,,,,,,
stage_out_local_condorpool_0_2_pegasus-plan_ID0000012,None,transfer,0,1677679495.0,,,1677679500.0,,,0.0,1677679501.0,1677679510.0,1677679501.0,1677679505.0,1841.0,1677679510.0,1677679515.0,5.0,,1.0,9.0,5.0,,,4.0,7425.0,poseidon,local,host-10-100-100-12.openstacklocal,pegasus::transfer,/home/poseidon/pegasus-5.1.0panorama/bin/pegasus-transfer,/home/poseidon/pegasus-5.1.0panorama/bin/../bin/pegasus-kickstart  -n pegasus::transfer -N null -i - -R local  -L xgboost_hp_tuning_group_0 -T 2023-03-01T14:01:56+00:00 /home/poseidon/pegasus-5.1.0panorama/bin/../bin/pegasus-transfer  --threads 2,1.0,0,0,,,,,,,,,
stage_out_local_condorpool_0_1_pegasus-plan_ID0000012,None,transfer,0,1677679500.0,,,1677679505.0,,,0.0,1677679507.0,1677679520.0,1677679507.0,1677679511.0,2104.0,1677679520.0,1677679525.0,5.0,,2.0,13.0,5.0,,,4.0,8494.0,poseidon,local,host-10-100-100-12.openstacklocal,pegasus::transfer,/home/poseidon/pegasus-5.1.0panorama/bin/pegasus-transfer,/home/poseidon/pegasus-5.1.0panorama/bin/../bin/pegasus-kickstart  -n pegasus::transfer -N null -i - -R local  -L xgboost_hp_tuning_group_0 -T 2023-03-01T14:01:56+00:00 /home/poseidon/pegasus-5.1.0panorama/bin/../bin/pegasus-transfer  --threads 2,1.2,0,0,,,,,,,,,
xgboost_best_params_ID0000024_pegasus-plan_ID0000012,cpu_4,compute,0,1677679500.0,,,1677679505.0,1677679465.0,1677679482.0,37160251.3,1677679514.0,1677679550.0,1677679488.0,1677679493.0,251.0,1677679550.0,1677679555.0,5.0,,9.0,36.0,5.0,17.0,368018652.0,5.0,1077.0,poseidon,condorpool,poseidon-worker-3-container-40-47,xgboost_best_params,/srv/xgboost_best_params,,0.0,0,0,,,,,,,,,
register_condorpool_0_2_pegasus-plan_ID0000012,None,auxiliary,0,1677679515.0,,,1677679520.0,,,0.0,1677679520.0,1677679525.0,,,0.0,1677679525.0,1677679530.0,5.0,,0.0,5.0,5.0,,,,,poseidon,local,host-10-100-100-12.openstacklocal,pegasus::rc-client,/home/poseidon/pegasus-5.1.0panorama/bin/pegasus-rc-client,"-n pegasus::rc-client -N null -R local  -L xgboost_hp_tuning_group_0 -T 2023-03-01T14:01:56+00:00 /home/poseidon/pegasus-5.1.0panorama/bin/pegasus-rc-client --prefix pegasus.catalog.replica.output --conf /home/poseidon/workflows/predict-future-sales-workflow/submit/poseidon/pegasus/predict-future-sales/run0331/00/00/./xgboost_hp_tuning_group_0.000/pegasus.7872646406684410262.properties -v --meta /home/poseidon/workflows/predict-future-sales-workflow/submit/poseidon/pegasus/predict-future-sales/run0331/00/00/./xgboost_hp_tuning_group_0.000/00/00/xgboost_hp_tuning_ID0000017.meta,/home/poseidon/workflows/predict-future-sales-workflow/submit/poseidon/pegasus/predict-future-sales/run0331/00/00/./xgboost_hp_tuning_group_0.000/00/00/xgboost_hp_tuning_ID0000022.meta,/home/poseidon/workflows/predict-future-sales-workflow/submit/poseidon/pegasus/predict-future-sales/run0331/00/00/./xgboost_hp_tuning_group_0.000/00/00/xgboost_hp_tuning_ID0000007.meta,/home/poseidon/workflows/predict-future-sales-workflow/submit/poseidon/pegasus/predict-future-sales/run0331/00/00/./xgboost_hp_tuning_group_0.000/00/00/xgboost_hp_tuning_ID0000020.meta,/home/poseidon/workflows/predict-future-sales-workflow/submit/poseidon/pegasus/predict-future-sales/run0331/00/00/./xgboost_hp_tuning_group_0.000/00/00/xgboost_hp_tuning_ID0000001.meta,/home/poseidon/workflows/predict-future-sales-workflow/submit/poseidon/pegasus/predict-future-sales/run0331/00/00/./xgboost_hp_tuning_group_0.000/00/00/xgboost_hp_tuning_ID0000004.meta,/home/poseidon/workflows/predict-future-sales-workflow/submit/poseidon/pegasus/predict-future-sales/run0331/00/00/./xgboost_hp_tuning_group_0.000/00/00/xgboost_hp_tuning_ID0000014.meta --insert /home/poseidon/workflows/predict-future-sales-workflow/submit/poseidon/pegasus/predict-future-sales/run0331/00/00/./xgboost_hp_tuning_group_0.000/00/00/register_condorpool_0_2.in",3.1,0,0,,,,,,,,,
register_condorpool_0_0_pegasus-plan_ID0000012,None,auxiliary,0,1677679515.0,,,1677679530.0,,,0.0,1677679530.0,1677679535.0,,,0.0,1677679535.0,1677679540.0,15.0,,0.0,5.0,5.0,,,,,poseidon,local,host-10-100-100-12.openstacklocal,pegasus::rc-client,/home/poseidon/pegasus-5.1.0panorama/bin/pegasus-rc-client,"-n pegasus::rc-client -N null -R local  -L xgboost_hp_tuning_group_0 -T 2023-03-01T14:01:56+00:00 /home/poseidon/pegasus-5.1.0panorama/bin/pegasus-rc-client --prefix pegasus.catalog.replica.output --conf /home/poseidon/workflows/predict-future-sales-workflow/submit/poseidon/pegasus/predict-future-sales/run0331/00/00/./xgboost_hp_tuning_group_0.000/pegasus.7872646406684410262.properties -v --meta /home/poseidon/workflows/predict-future-sales-workflow/submit/poseidon/pegasus/predict-future-sales/run0331/00/00/./xgboost_hp_tuning_group_0.000/00/00/xgboost_hp_tuning_ID0000018.meta,/home/poseidon/workflows/predict-future-sales-workflow/submit/poseidon/pegasus/predict-future-sales/run0331/00/00/./xgboost_hp_tuning_group_0.000/00/00/xgboost_hp_tuning_ID0000002.meta,/home/poseidon/workflows/predict-future-sales-workflow/submit/poseidon/pegasus/predict-future-sales/run0331/00/00/./xgboost_hp_tuning_group_0.000/00/00/xgboost_hp_tuning_ID0000005.meta,/home/poseidon/workflows/predict-future-sales-workflow/submit/poseidon/pegasus/predict-future-sales/run0331/00/00/./xgboost_hp_tuning_group_0.000/00/00/xgboost_hp_tuning_ID0000009.meta,/home/poseidon/workflows/predict-future-sales-workflow/submit/poseidon/pegasus/predict-future-sales/run0331/00/00/./xgboost_hp_tuning_group_0.000/00/00/xgboost_hp_tuning_ID0000015.meta,/home/poseidon/workflows/predict-future-sales-workflow/submit/poseidon/pegasus/predict-future-sales/run0331/00/00/./xgboost_hp_tuning_group_0.000/00/00/xgboost_hp_tuning_ID0000012.meta,/home/poseidon/workflows/predict-future-sales-workflow/submit/poseidon/pegasus/predict-future-sales/run0331/00/00/./xgboost_hp_tuning_group_0.000/00/00/xgboost_hp_tuning_ID0000010.meta,/home/poseidon/workflows/predict-future-sales-workflow/submit/poseidon/pegasus/predict-future-sales/run0331/00/00/./xgboost_hp_tuning_group_0.000/00/00/xgboost_hp_tuning_ID0000008.meta --insert /home/poseidon/workflows/predict-future-sales-workflow/submit/poseidon/pegasus/predict-future-sales/run0331/00/00/./xgboost_hp_tuning_group_0.000/00/00/register_condorpool_0_0.in",3.1,0,0,,,,,,,,,
register_condorpool_0_1_pegasus-plan_ID0000012,None,auxiliary,0,1677679525.0,,,1677679540.0,,,0.0,1677679542.0,1677679545.0,,,0.0,1677679545.0,1677679550.0,15.0,,2.0,3.0,5.0,,,,,poseidon,local,host-10-100-100-12.openstacklocal,pegasus::rc-client,/home/poseidon/pegasus-5.1.0panorama/bin/pegasus-rc-client,"-n pegasus::rc-client -N null -R local  -L xgboost_hp_tuning_group_0 -T 2023-03-01T14:01:56+00:00 /home/poseidon/pegasus-5.1.0panorama/bin/pegasus-rc-client --prefix pegasus.catalog.replica.output --conf /home/poseidon/workflows/predict-future-sales-workflow/submit/poseidon/pegasus/predict-future-sales/run0331/00/00/./xgboost_hp_tuning_group_0.000/pegasus.7872646406684410262.properties -v --meta /home/poseidon/workflows/predict-future-sales-workflow/submit/poseidon/pegasus/predict-future-sales/run0331/00/00/./xgboost_hp_tuning_group_0.000/00/00/xgboost_hp_tuning_ID0000013.meta,/home/poseidon/workflows/predict-future-sales-workflow/submit/poseidon/pegasus/predict-future-sales/run0331/00/00/./xgboost_hp_tuning_group_0.000/00/00/xgboost_hp_tuning_ID0000023.meta,/home/poseidon/workflows/predict-future-sales-workflow/submit/poseidon/pegasus/predict-future-sales/run0331/00/00/./xgboost_hp_tuning_group_0.000/00/00/xgboost_hp_tuning_ID0000011.meta,/home/poseidon/workflows/predict-future-sales-workflow/submit/poseidon/pegasus/predict-future-sales/run0331/00/00/./xgboost_hp_tuning_group_0.000/00/00/xgboost_hp_tuning_ID0000006.meta,/home/poseidon/workflows/predict-future-sales-workflow/submit/poseidon/pegasus/predict-future-sales/run0331/00/00/./xgboost_hp_tuning_group_0.000/00/00/xgboost_hp_tuning_ID0000003.meta,/home/poseidon/workflows/predict-future-sales-workflow/submit/poseidon/pegasus/predict-future-sales/run0331/00/00/./xgboost_hp_tuning_group_0.000/00/00/xgboost_hp_tuning_ID0000021.meta,/home/poseidon/workflows/predict-future-sales-workflow/submit/poseidon/pegasus/predict-future-sales/run0331/00/00/./xgboost_hp_tuning_group_0.000/00/00/xgboost_hp_tuning_ID0000019.meta,/home/poseidon/workflows/predict-future-sales-workflow/submit/poseidon/pegasus/predict-future-sales/run0331/00/00/./xgboost_hp_tuning_group_0.000/00/00/xgboost_hp_tuning_ID0000016.meta --insert /home/poseidon/workflows/predict-future-sales-workflow/submit/poseidon/pegasus/predict-future-sales/run0331/00/00/./xgboost_hp_tuning_group_0.000/00/00/register_condorpool_0_1.in",3.1,0,0,,,,,,,,,
stage_out_local_condorpool_0_2_pegasus-plan_ID0000016,None,transfer,0,1677679530.0,,,1677679535.0,,,0.0,1677679535.0,1677679545.0,1677679535.0,1677679539.0,1841.0,1677679545.0,1677679550.0,5.0,,0.0,10.0,5.0,,,4.0,7423.0,poseidon,local,host-10-100-100-12.openstacklocal,pegasus::transfer,/home/poseidon/pegasus-5.1.0panorama/bin/pegasus-transfer,/home/poseidon/pegasus-5.1.0panorama/bin/../bin/pegasus-kickstart  -n pegasus::transfer -N null -i - -R local  -L xgboost_hp_tuning_group_1 -T 2023-03-01T14:01:56+00:00 /home/poseidon/pegasus-5.1.0panorama/bin/../bin/pegasus-transfer  --threads 2,1.0,0,0,,,,,,,,,
stage_out_local_condorpool_0_0_pegasus-plan_ID0000016,None,transfer,0,1677679530.0,,,1677679535.0,,,0.0,1677679535.0,1677679545.0,1677679535.0,1677679539.0,2099.0,1677679545.0,1677679550.0,5.0,,0.0,10.0,5.0,,,4.0,8459.0,poseidon,local,host-10-100-100-12.openstacklocal,pegasus::transfer,/home/poseidon/pegasus-5.1.0panorama/bin/pegasus-transfer,/home/poseidon/pegasus-5.1.0panorama/bin/../bin/pegasus-kickstart  -n pegasus::transfer -N null -i - -R local  -L xgboost_hp_tuning_group_1 -T 2023-03-01T14:01:56+00:00 /home/poseidon/pegasus-5.1.0panorama/bin/../bin/pegasus-transfer  --threads 2,1.1,0,0,,,,,,,,,
xgboost_best_params_ID0000024_pegasus-plan_ID0000016,cpu_4,compute,0,1677679535.0,,,1677679540.0,1677679501.0,1677679519.0,37075981.7,1677679551.0,1677679590.0,1677679525.0,1677679529.0,251.0,1677679590.0,1677679595.0,5.0,,11.0,39.0,5.0,18.0,368018656.0,4.0,1062.0,poseidon,condorpool,poseidon-worker-3-container-40-47,xgboost_best_params,/srv/xgboost_best_params,,0.0,0,0,,,,,,,,,
stage_out_local_condorpool_0_1_pegasus-plan_ID0000016,None,transfer,0,1677679535.0,,,1677679540.0,,,0.0,1677679542.0,1677679555.0,1677679543.0,1677679547.0,2090.0,1677679555.0,1677679560.0,5.0,,2.0,13.0,5.0,,,4.0,8505.0,poseidon,local,host-10-100-100-12.openstacklocal,pegasus::transfer,/home/poseidon/pegasus-5.1.0panorama/bin/pegasus-transfer,/home/poseidon/pegasus-5.1.0panorama/bin/../bin/pegasus-kickstart  -n pegasus::transfer -N null -i - -R local  -L xgboost_hp_tuning_group_1 -T 2023-03-01T14:01:56+00:00 /home/poseidon/pegasus-5.1.0panorama/bin/../bin/pegasus-transfer  --threads 2,1.1,0,0,,,,,,,,,
register_condorpool_0_0_pegasus-plan_ID0000016,None,auxiliary,0,1677679550.0,,,1677679565.0,,,0.0,1677679567.0,1677679570.0,,,0.0,1677679570.0,1677679575.0,15.0,,2.0,3.0,5.0,,,,,poseidon,local,host-10-100-100-12.openstacklocal,pegasus::rc-client,/home/poseidon/pegasus-5.1.0panorama/bin/pegasus-rc-client,"-n pegasus::rc-client -N null -R local  -L xgboost_hp_tuning_group_1 -T 2023-03-01T14:01:56+00:00 /home/poseidon/pegasus-5.1.0panorama/bin/pegasus-rc-client --prefix pegasus.catalog.replica.output --conf /home/poseidon/workflows/predict-future-sales-workflow/submit/poseidon/pegasus/predict-future-sales/run0331/00/00/./xgboost_hp_tuning_group_1.000/pegasus.9800350595653058462.properties -v --meta /home/poseidon/workflows/predict-future-sales-workflow/submit/poseidon/pegasus/predict-future-sales/run0331/00/00/./xgboost_hp_tuning_group_1.000/00/00/xgboost_hp_tuning_ID0000018.meta,/home/poseidon/workflows/predict-future-sales-workflow/submit/poseidon/pegasus/predict-future-sales/run0331/00/00/./xgboost_hp_tuning_group_1.000/00/00/xgboost_hp_tuning_ID0000009.meta,/home/poseidon/workflows/predict-future-sales-workflow/submit/poseidon/pegasus/predict-future-sales/run0331/00/00/./xgboost_hp_tuning_group_1.000/00/00/xgboost_hp_tuning_ID0000012.meta,/home/poseidon/workflows/predict-future-sales-workflow/submit/poseidon/pegasus/predict-future-sales/run0331/00/00/./xgboost_hp_tuning_group_1.000/00/00/xgboost_hp_tuning_ID0000008.meta,/home/poseidon/workflows/predict-future-sales-workflow/submit/poseidon/pegasus/predict-future-sales/run0331/00/00/./xgboost_hp_tuning_group_1.000/00/00/xgboost_hp_tuning_ID0000010.meta,/home/poseidon/workflows/predict-future-sales-workflow/submit/poseidon/pegasus/predict-future-sales/run0331/00/00/./xgboost_hp_tuning_group_1.000/00/00/xgboost_hp_tuning_ID0000002.meta,/home/poseidon/workflows/predict-future-sales-workflow/submit/poseidon/pegasus/predict-future-sales/run0331/00/00/./xgboost_hp_tuning_group_1.000/00/00/xgboost_hp_tuning_ID0000005.meta,/home/poseidon/workflows/predict-future-sales-workflow/submit/poseidon/pegasus/predict-future-sales/run0331/00/00/./xgboost_hp_tuning_group_1.000/00/00/xgboost_hp_tuning_ID0000015.meta --insert /home/poseidon/workflows/predict-future-sales-workflow/submit/poseidon/pegasus/predict-future-sales/run0331/00/00/./xgboost_hp_tuning_group_1.000/00/00/register_condorpool_0_0.in",3.1,0,0,,,,,,,,,
register_condorpool_0_2_pegasus-plan_ID0000016,None,auxiliary,0,1677679550.0,,,1677679555.0,,,0.0,1677679555.0,1677679560.0,,,0.0,1677679560.0,1677679565.0,5.0,,0.0,5.0,5.0,,,,,poseidon,local,host-10-100-100-12.openstacklocal,pegasus::rc-client,/home/poseidon/pegasus-5.1.0panorama/bin/pegasus-rc-client,"-n pegasus::rc-client -N null -R local  -L xgboost_hp_tuning_group_1 -T 2023-03-01T14:01:56+00:00 /home/poseidon/pegasus-5.1.0panorama/bin/pegasus-rc-client --prefix pegasus.catalog.replica.output --conf /home/poseidon/workflows/predict-future-sales-workflow/submit/poseidon/pegasus/predict-future-sales/run0331/00/00/./xgboost_hp_tuning_group_1.000/pegasus.9800350595653058462.properties -v --meta /home/poseidon/workflows/predict-future-sales-workflow/submit/poseidon/pegasus/predict-future-sales/run0331/00/00/./xgboost_hp_tuning_group_1.000/00/00/xgboost_hp_tuning_ID0000014.meta,/home/poseidon/workflows/predict-future-sales-workflow/submit/poseidon/pegasus/predict-future-sales/run0331/00/00/./xgboost_hp_tuning_group_1.000/00/00/xgboost_hp_tuning_ID0000001.meta,/home/poseidon/workflows/predict-future-sales-workflow/submit/poseidon/pegasus/predict-future-sales/run0331/00/00/./xgboost_hp_tuning_group_1.000/00/00/xgboost_hp_tuning_ID0000007.meta,/home/poseidon/workflows/predict-future-sales-workflow/submit/poseidon/pegasus/predict-future-sales/run0331/00/00/./xgboost_hp_tuning_group_1.000/00/00/xgboost_hp_tuning_ID0000004.meta,/home/poseidon/workflows/predict-future-sales-workflow/submit/poseidon/pegasus/predict-future-sales/run0331/00/00/./xgboost_hp_tuning_group_1.000/00/00/xgboost_hp_tuning_ID0000022.meta,/home/poseidon/workflows/predict-future-sales-workflow/submit/poseidon/pegasus/predict-future-sales/run0331/00/00/./xgboost_hp_tuning_group_1.000/00/00/xgboost_hp_tuning_ID0000020.meta,/home/poseidon/workflows/predict-future-sales-workflow/submit/poseidon/pegasus/predict-future-sales/run0331/00/00/./xgboost_hp_tuning_group_1.000/00/00/xgboost_hp_tuning_ID0000017.meta --insert /home/poseidon/workflows/predict-future-sales-workflow/submit/poseidon/pegasus/predict-future-sales/run0331/00/00/./xgboost_hp_tuning_group_1.000/00/00/register_condorpool_0_2.in",3.1,0,0,,,,,,,,,
stage_out_local_condorpool_1_0_pegasus-plan_ID0000012,None,transfer,0,1677679555.0,,,1677679560.0,,,0.0,1677679560.0,1677679570.0,1677679560.0,1677679565.0,1230.0,1677679570.0,1677679575.0,5.0,,0.0,10.0,5.0,,,5.0,5385.0,poseidon,local,host-10-100-100-12.openstacklocal,pegasus::transfer,/home/poseidon/pegasus-5.1.0panorama/bin/pegasus-transfer,/home/poseidon/pegasus-5.1.0panorama/bin/../bin/pegasus-kickstart  -n pegasus::transfer -N null -i - -R local  -L xgboost_hp_tuning_group_0 -T 2023-03-01T14:01:56+00:00 /home/poseidon/pegasus-5.1.0panorama/bin/../bin/pegasus-transfer  --threads 2,0.7,0,0,,,,,,,,,
register_condorpool_0_1_pegasus-plan_ID0000016,None,auxiliary,0,1677679560.0,,,1677679575.0,,,0.0,1677679575.0,1677679580.0,,,0.0,1677679580.0,1677679585.0,15.0,,0.0,5.0,5.0,,,,,poseidon,local,host-10-100-100-12.openstacklocal,pegasus::rc-client,/home/poseidon/pegasus-5.1.0panorama/bin/pegasus-rc-client,"-n pegasus::rc-client -N null -R local  -L xgboost_hp_tuning_group_1 -T 2023-03-01T14:01:56+00:00 /home/poseidon/pegasus-5.1.0panorama/bin/pegasus-rc-client --prefix pegasus.catalog.replica.output --conf /home/poseidon/workflows/predict-future-sales-workflow/submit/poseidon/pegasus/predict-future-sales/run0331/00/00/./xgboost_hp_tuning_group_1.000/pegasus.9800350595653058462.properties -v --meta /home/poseidon/workflows/predict-future-sales-workflow/submit/poseidon/pegasus/predict-future-sales/run0331/00/00/./xgboost_hp_tuning_group_1.000/00/00/xgboost_hp_tuning_ID0000019.meta,/home/poseidon/workflows/predict-future-sales-workflow/submit/poseidon/pegasus/predict-future-sales/run0331/00/00/./xgboost_hp_tuning_group_1.000/00/00/xgboost_hp_tuning_ID0000003.meta,/home/poseidon/workflows/predict-future-sales-workflow/submit/poseidon/pegasus/predict-future-sales/run0331/00/00/./xgboost_hp_tuning_group_1.000/00/00/xgboost_hp_tuning_ID0000006.meta,/home/poseidon/workflows/predict-future-sales-workflow/submit/poseidon/pegasus/predict-future-sales/run0331/00/00/./xgboost_hp_tuning_group_1.000/00/00/xgboost_hp_tuning_ID0000016.meta,/home/poseidon/workflows/predict-future-sales-workflow/submit/poseidon/pegasus/predict-future-sales/run0331/00/00/./xgboost_hp_tuning_group_1.000/00/00/xgboost_hp_tuning_ID0000013.meta,/home/poseidon/workflows/predict-future-sales-workflow/submit/poseidon/pegasus/predict-future-sales/run0331/00/00/./xgboost_hp_tuning_group_1.000/00/00/xgboost_hp_tuning_ID0000023.meta,/home/poseidon/workflows/predict-future-sales-workflow/submit/poseidon/pegasus/predict-future-sales/run0331/00/00/./xgboost_hp_tuning_group_1.000/00/00/xgboost_hp_tuning_ID0000011.meta,/home/poseidon/workflows/predict-future-sales-workflow/submit/poseidon/pegasus/predict-future-sales/run0331/00/00/./xgboost_hp_tuning_group_1.000/00/00/xgboost_hp_tuning_ID0000021.meta --insert /home/poseidon/workflows/predict-future-sales-workflow/submit/poseidon/pegasus/predict-future-sales/run0331/00/00/./xgboost_hp_tuning_group_1.000/00/00/register_condorpool_0_1.in",2.9,0,0,,,,,,,,,
register_condorpool_1_0_pegasus-plan_ID0000012,None,auxiliary,0,1677679575.0,,,1677679580.0,,,0.0,1677679580.0,1677679585.0,,,0.0,1677679585.0,1677679590.0,5.0,,0.0,5.0,5.0,,,,,poseidon,local,host-10-100-100-12.openstacklocal,pegasus::rc-client,/home/poseidon/pegasus-5.1.0panorama/bin/pegasus-rc-client,-n pegasus::rc-client -N null -R local  -L xgboost_hp_tuning_group_0 -T 2023-03-01T14:01:56+00:00 /home/poseidon/pegasus-5.1.0panorama/bin/pegasus-rc-client --prefix pegasus.catalog.replica.output --conf /home/poseidon/workflows/predict-future-sales-workflow/submit/poseidon/pegasus/predict-future-sales/run0331/00/00/./xgboost_hp_tuning_group_0.000/pegasus.7872646406684410262.properties -v --meta /home/poseidon/workflows/predict-future-sales-workflow/submit/poseidon/pegasus/predict-future-sales/run0331/00/00/./xgboost_hp_tuning_group_0.000/00/00/xgboost_best_params_ID0000024.meta --insert /home/poseidon/workflows/predict-future-sales-workflow/submit/poseidon/pegasus/predict-future-sales/run0331/00/00/./xgboost_hp_tuning_group_0.000/00/00/register_condorpool_1_0.in,2.9,0,0,,,,,,,,,
xgboost_model_ID0000013,None,compute,0,1677679593.0,,,1677679598.0,1677679792.0,1677679811.0,46488363.4,1677679841.0,1677679889.0,1677679825.0,1677679829.0,367201.0,1677679889.0,1677679894.0,5.0,,243.0,48.0,5.0,19.0,502671207.0,4.0,1647217.0,poseidon,condorpool,poseidon-worker-2-container-0-7,xgboost_model,/srv/xgboost_model,,29.8,0,0,,,,,,,,,
stage_out_local_condorpool_1_0_pegasus-plan_ID0000016,None,transfer,0,1677679595.0,,,1677679600.0,,,0.0,1677679604.0,1677679615.0,1677679604.0,1677679608.0,1231.0,1677679615.0,1677679620.0,5.0,,4.0,11.0,5.0,,,4.0,5310.0,poseidon,local,host-10-100-100-12.openstacklocal,pegasus::transfer,/home/poseidon/pegasus-5.1.0panorama/bin/pegasus-transfer,/home/poseidon/pegasus-5.1.0panorama/bin/../bin/pegasus-kickstart  -n pegasus::transfer -N null -i - -R local  -L xgboost_hp_tuning_group_1 -T 2023-03-01T14:01:56+00:00 /home/poseidon/pegasus-5.1.0panorama/bin/../bin/pegasus-transfer  --threads 2,0.7,0,0,,,,,,,,,
register_condorpool_1_0_pegasus-plan_ID0000016,None,auxiliary,0,1677679620.0,,,1677679625.0,,,0.0,1677679625.0,1677679630.0,,,0.0,1677679630.0,1677679635.0,5.0,,0.0,5.0,5.0,,,,,poseidon,local,host-10-100-100-12.openstacklocal,pegasus::rc-client,/home/poseidon/pegasus-5.1.0panorama/bin/pegasus-rc-client,-n pegasus::rc-client -N null -R local  -L xgboost_hp_tuning_group_1 -T 2023-03-01T14:01:56+00:00 /home/poseidon/pegasus-5.1.0panorama/bin/pegasus-rc-client --prefix pegasus.catalog.replica.output --conf /home/poseidon/workflows/predict-future-sales-workflow/submit/poseidon/pegasus/predict-future-sales/run0331/00/00/./xgboost_hp_tuning_group_1.000/pegasus.9800350595653058462.properties -v --meta /home/poseidon/workflows/predict-future-sales-workflow/submit/poseidon/pegasus/predict-future-sales/run0331/00/00/./xgboost_hp_tuning_group_1.000/00/00/xgboost_best_params_ID0000024.meta --insert /home/poseidon/workflows/predict-future-sales-workflow/submit/poseidon/pegasus/predict-future-sales/run0331/00/00/./xgboost_hp_tuning_group_1.000/00/00/register_condorpool_1_0.in,2.9,0,0,,,,,,,,,
xgboost_model_ID0000017,None,compute,0,1677679639.0,,,1677679644.0,1677679802.0,1677679819.0,42491080.0,1677679851.0,1677679894.0,1677679830.0,1677679834.0,559670.0,1677679894.0,1677679899.0,5.0,,207.0,43.0,5.0,17.0,377645129.0,4.0,2561796.0,poseidon,condorpool,poseidon-worker-2-container-8-15,xgboost_model,/srv/xgboost_model,,13.3,0,0,,,,,,,,,
model_predict_ID0000014,None,compute,0,1677679894.0,,,1677679899.0,1677679852.0,1677679869.0,41964625.8,1677679901.0,1677679939.0,1677679877.0,1677679881.0,103095.0,1677679939.0,1677679944.0,5.0,,2.0,38.0,5.0,17.0,371834656.0,4.0,451213.0,poseidon,condorpool,poseidon-worker-2-container-8-15,model_predict,/srv/model_predict,,2.6,0,0,,,,,,,,,
model_predict_ID0000018,None,compute,0,1677679899.0,,,1677679904.0,1677679856.0,1677679874.0,41970508.8,1677679906.0,1677679944.0,1677679883.0,1677679887.0,5979.0,1677679944.0,1677679949.0,5.0,,2.0,38.0,5.0,18.0,370663791.0,4.0,25035.0,poseidon,condorpool,poseidon-worker-3-container-8-15,model_predict,/srv/model_predict,,2.7,0,0,,,,,,,,,
stage_out_local_condorpool_0_0_pegasus-plan_ID0000020,None,transfer,0,1677680243.0,,,1677680248.0,,,0.0,1677680248.0,1677680258.0,1677680249.0,1677680253.0,2097.0,1677680258.0,1677680263.0,5.0,,0.0,10.0,5.0,,,4.0,8460.0,poseidon,local,host-10-100-100-12.openstacklocal,pegasus::transfer,/home/poseidon/pegasus-5.1.0panorama/bin/pegasus-transfer,/home/poseidon/pegasus-5.1.0panorama/bin/../bin/pegasus-kickstart  -n pegasus::transfer -N null -i - -R local  -L xgboost_hp_tuning_group_2 -T 2023-03-01T14:01:56+00:00 /home/poseidon/pegasus-5.1.0panorama/bin/../bin/pegasus-transfer  --threads 2,1.1,0,0,,,,,,,,,
register_condorpool_0_0_pegasus-plan_ID0000020,None,auxiliary,0,1677680263.0,,,1677680268.0,,,0.0,1677680268.0,1677680273.0,,,0.0,1677680273.0,1677680278.0,5.0,,0.0,5.0,5.0,,,,,poseidon,local,host-10-100-100-12.openstacklocal,pegasus::rc-client,/home/poseidon/pegasus-5.1.0panorama/bin/pegasus-rc-client,"-n pegasus::rc-client -N null -R local  -L xgboost_hp_tuning_group_2 -T 2023-03-01T14:01:56+00:00 /home/poseidon/pegasus-5.1.0panorama/bin/pegasus-rc-client --prefix pegasus.catalog.replica.output --conf /home/poseidon/workflows/predict-future-sales-workflow/submit/poseidon/pegasus/predict-future-sales/run0331/00/00/./xgboost_hp_tuning_group_2.000/pegasus.11415347006973433861.properties -v --meta /home/poseidon/workflows/predict-future-sales-workflow/submit/poseidon/pegasus/predict-future-sales/run0331/00/00/./xgboost_hp_tuning_group_2.000/00/00/xgboost_hp_tuning_ID0000018.meta,/home/poseidon/workflows/predict-future-sales-workflow/submit/poseidon/pegasus/predict-future-sales/run0331/00/00/./xgboost_hp_tuning_group_2.000/00/00/xgboost_hp_tuning_ID0000009.meta,/home/poseidon/workflows/predict-future-sales-workflow/submit/poseidon/pegasus/predict-future-sales/run0331/00/00/./xgboost_hp_tuning_group_2.000/00/00/xgboost_hp_tuning_ID0000012.meta,/home/poseidon/workflows/predict-future-sales-workflow/submit/poseidon/pegasus/predict-future-sales/run0331/00/00/./xgboost_hp_tuning_group_2.000/00/00/xgboost_hp_tuning_ID0000008.meta,/home/poseidon/workflows/predict-future-sales-workflow/submit/poseidon/pegasus/predict-future-sales/run0331/00/00/./xgboost_hp_tuning_group_2.000/00/00/xgboost_hp_tuning_ID0000010.meta,/home/poseidon/workflows/predict-future-sales-workflow/submit/poseidon/pegasus/predict-future-sales/run0331/00/00/./xgboost_hp_tuning_group_2.000/00/00/xgboost_hp_tuning_ID0000002.meta,/home/poseidon/workflows/predict-future-sales-workflow/submit/poseidon/pegasus/predict-future-sales/run0331/00/00/./xgboost_hp_tuning_group_2.000/00/00/xgboost_hp_tuning_ID0000005.meta,/home/poseidon/workflows/predict-future-sales-workflow/submit/poseidon/pegasus/predict-future-sales/run0331/00/00/./xgboost_hp_tuning_group_2.000/00/00/xgboost_hp_tuning_ID0000015.meta --insert /home/poseidon/workflows/predict-future-sales-workflow/submit/poseidon/pegasus/predict-future-sales/run0331/00/00/./xgboost_hp_tuning_group_2.000/00/00/register_condorpool_0_0.in",2.9,0,0,,,,,,,,,
stage_out_local_condorpool_0_2_pegasus-plan_ID0000020,None,transfer,0,1677680263.0,,,1677680268.0,,,0.0,1677680268.0,1677680278.0,1677680268.0,1677680272.0,1841.0,1677680278.0,1677680283.0,5.0,,0.0,10.0,5.0,,,4.0,7426.0,poseidon,local,host-10-100-100-12.openstacklocal,pegasus::transfer,/home/poseidon/pegasus-5.1.0panorama/bin/pegasus-transfer,/home/poseidon/pegasus-5.1.0panorama/bin/../bin/pegasus-kickstart  -n pegasus::transfer -N null -i - -R local  -L xgboost_hp_tuning_group_2 -T 2023-03-01T14:01:56+00:00 /home/poseidon/pegasus-5.1.0panorama/bin/../bin/pegasus-transfer  --threads 2,0.9,0,0,,,,,,,,,
register_condorpool_0_2_pegasus-plan_ID0000020,None,auxiliary,0,1677680283.0,,,1677680288.0,,,0.0,1677680288.0,1677680293.0,,,0.0,1677680293.0,1677680298.0,5.0,,0.0,5.0,5.0,,,,,poseidon,local,host-10-100-100-12.openstacklocal,pegasus::rc-client,/home/poseidon/pegasus-5.1.0panorama/bin/pegasus-rc-client,"-n pegasus::rc-client -N null -R local  -L xgboost_hp_tuning_group_2 -T 2023-03-01T14:01:56+00:00 /home/poseidon/pegasus-5.1.0panorama/bin/pegasus-rc-client --prefix pegasus.catalog.replica.output --conf /home/poseidon/workflows/predict-future-sales-workflow/submit/poseidon/pegasus/predict-future-sales/run0331/00/00/./xgboost_hp_tuning_group_2.000/pegasus.11415347006973433861.properties -v --meta /home/poseidon/workflows/predict-future-sales-workflow/submit/poseidon/pegasus/predict-future-sales/run0331/00/00/./xgboost_hp_tuning_group_2.000/00/00/xgboost_hp_tuning_ID0000014.meta,/home/poseidon/workflows/predict-future-sales-workflow/submit/poseidon/pegasus/predict-future-sales/run0331/00/00/./xgboost_hp_tuning_group_2.000/00/00/xgboost_hp_tuning_ID0000001.meta,/home/poseidon/workflows/predict-future-sales-workflow/submit/poseidon/pegasus/predict-future-sales/run0331/00/00/./xgboost_hp_tuning_group_2.000/00/00/xgboost_hp_tuning_ID0000007.meta,/home/poseidon/workflows/predict-future-sales-workflow/submit/poseidon/pegasus/predict-future-sales/run0331/00/00/./xgboost_hp_tuning_group_2.000/00/00/xgboost_hp_tuning_ID0000004.meta,/home/poseidon/workflows/predict-future-sales-workflow/submit/poseidon/pegasus/predict-future-sales/run0331/00/00/./xgboost_hp_tuning_group_2.000/00/00/xgboost_hp_tuning_ID0000022.meta,/home/poseidon/workflows/predict-future-sales-workflow/submit/poseidon/pegasus/predict-future-sales/run0331/00/00/./xgboost_hp_tuning_group_2.000/00/00/xgboost_hp_tuning_ID0000020.meta,/home/poseidon/workflows/predict-future-sales-workflow/submit/poseidon/pegasus/predict-future-sales/run0331/00/00/./xgboost_hp_tuning_group_2.000/00/00/xgboost_hp_tuning_ID0000017.meta --insert /home/poseidon/workflows/predict-future-sales-workflow/submit/poseidon/pegasus/predict-future-sales/run0331/00/00/./xgboost_hp_tuning_group_2.000/00/00/register_condorpool_0_2.in",3.1,0,0,,,,,,,,,
xgboost_best_params_ID0000024_pegasus-plan_ID0000020,None,compute,0,1677680328.0,,,1677680333.0,1677680285.0,1677680302.0,33168979.6,1677680334.0,1677680373.0,1677680309.0,1677680313.0,250.0,1677680373.0,1677680378.0,5.0,,1.0,39.0,5.0,17.0,368018659.0,4.0,1057.0,poseidon,condorpool,poseidon-worker-1-container-0-7,xgboost_best_params,/srv/xgboost_best_params,,0.0,0,0,,,,,,,,,
stage_out_local_condorpool_0_1_pegasus-plan_ID0000020,None,transfer,0,1677680328.0,,,1677680333.0,,,0.0,1677680333.0,1677680343.0,1677680333.0,1677680337.0,2109.0,1677680343.0,1677680348.0,5.0,,0.0,10.0,5.0,,,4.0,8504.0,poseidon,local,host-10-100-100-12.openstacklocal,pegasus::transfer,/home/poseidon/pegasus-5.1.0panorama/bin/pegasus-transfer,/home/poseidon/pegasus-5.1.0panorama/bin/../bin/pegasus-kickstart  -n pegasus::transfer -N null -i - -R local  -L xgboost_hp_tuning_group_2 -T 2023-03-01T14:01:56+00:00 /home/poseidon/pegasus-5.1.0panorama/bin/../bin/pegasus-transfer  --threads 2,1.0,0,0,,,,,,,,,
register_condorpool_0_1_pegasus-plan_ID0000020,None,auxiliary,0,1677680348.0,,,1677680353.0,,,0.0,1677680353.0,1677680358.0,,,0.0,1677680358.0,1677680363.0,5.0,,0.0,5.0,5.0,,,,,poseidon,local,host-10-100-100-12.openstacklocal,pegasus::rc-client,/home/poseidon/pegasus-5.1.0panorama/bin/pegasus-rc-client,"-n pegasus::rc-client -N null -R local  -L xgboost_hp_tuning_group_2 -T 2023-03-01T14:01:56+00:00 /home/poseidon/pegasus-5.1.0panorama/bin/pegasus-rc-client --prefix pegasus.catalog.replica.output --conf /home/poseidon/workflows/predict-future-sales-workflow/submit/poseidon/pegasus/predict-future-sales/run0331/00/00/./xgboost_hp_tuning_group_2.000/pegasus.11415347006973433861.properties -v --meta /home/poseidon/workflows/predict-future-sales-workflow/submit/poseidon/pegasus/predict-future-sales/run0331/00/00/./xgboost_hp_tuning_group_2.000/00/00/xgboost_hp_tuning_ID0000019.meta,/home/poseidon/workflows/predict-future-sales-workflow/submit/poseidon/pegasus/predict-future-sales/run0331/00/00/./xgboost_hp_tuning_group_2.000/00/00/xgboost_hp_tuning_ID0000003.meta,/home/poseidon/workflows/predict-future-sales-workflow/submit/poseidon/pegasus/predict-future-sales/run0331/00/00/./xgboost_hp_tuning_group_2.000/00/00/xgboost_hp_tuning_ID0000006.meta,/home/poseidon/workflows/predict-future-sales-workflow/submit/poseidon/pegasus/predict-future-sales/run0331/00/00/./xgboost_hp_tuning_group_2.000/00/00/xgboost_hp_tuning_ID0000016.meta,/home/poseidon/workflows/predict-future-sales-workflow/submit/poseidon/pegasus/predict-future-sales/run0331/00/00/./xgboost_hp_tuning_group_2.000/00/00/xgboost_hp_tuning_ID0000013.meta,/home/poseidon/workflows/predict-future-sales-workflow/submit/poseidon/pegasus/predict-future-sales/run0331/00/00/./xgboost_hp_tuning_group_2.000/00/00/xgboost_hp_tuning_ID0000023.meta,/home/poseidon/workflows/predict-future-sales-workflow/submit/poseidon/pegasus/predict-future-sales/run0331/00/00/./xgboost_hp_tuning_group_2.000/00/00/xgboost_hp_tuning_ID0000011.meta,/home/poseidon/workflows/predict-future-sales-workflow/submit/poseidon/pegasus/predict-future-sales/run0331/00/00/./xgboost_hp_tuning_group_2.000/00/00/xgboost_hp_tuning_ID0000021.meta --insert /home/poseidon/workflows/predict-future-sales-workflow/submit/poseidon/pegasus/predict-future-sales/run0331/00/00/./xgboost_hp_tuning_group_2.000/00/00/register_condorpool_0_1.in",3.0,0,0,,,,,,,,,
stage_out_local_condorpool_1_0_pegasus-plan_ID0000020,None,transfer,0,1677680378.0,,,1677680383.0,,,0.0,1677680383.0,1677680393.0,1677680384.0,1677680388.0,1243.0,1677680393.0,1677680398.0,5.0,,0.0,10.0,5.0,,,4.0,5285.0,poseidon,local,host-10-100-100-12.openstacklocal,pegasus::transfer,/home/poseidon/pegasus-5.1.0panorama/bin/pegasus-transfer,/home/poseidon/pegasus-5.1.0panorama/bin/../bin/pegasus-kickstart  -n pegasus::transfer -N null -i - -R local  -L xgboost_hp_tuning_group_2 -T 2023-03-01T14:01:56+00:00 /home/poseidon/pegasus-5.1.0panorama/bin/../bin/pegasus-transfer  --threads 2,0.7,0,0,,,,,,,,,
register_condorpool_1_0_pegasus-plan_ID0000020,None,auxiliary,0,1677680398.0,,,1677680404.0,,,0.0,1677680404.0,1677680409.0,,,0.0,1677680409.0,1677680414.0,6.0,,0.0,5.0,5.0,,,,,poseidon,local,host-10-100-100-12.openstacklocal,pegasus::rc-client,/home/poseidon/pegasus-5.1.0panorama/bin/pegasus-rc-client,-n pegasus::rc-client -N null -R local  -L xgboost_hp_tuning_group_2 -T 2023-03-01T14:01:56+00:00 /home/poseidon/pegasus-5.1.0panorama/bin/pegasus-rc-client --prefix pegasus.catalog.replica.output --conf /home/poseidon/workflows/predict-future-sales-workflow/submit/poseidon/pegasus/predict-future-sales/run0331/00/00/./xgboost_hp_tuning_group_2.000/pegasus.11415347006973433861.properties -v --meta /home/poseidon/workflows/predict-future-sales-workflow/submit/poseidon/pegasus/predict-future-sales/run0331/00/00/./xgboost_hp_tuning_group_2.000/00/00/xgboost_best_params_ID0000024.meta --insert /home/poseidon/workflows/predict-future-sales-workflow/submit/poseidon/pegasus/predict-future-sales/run0331/00/00/./xgboost_hp_tuning_group_2.000/00/00/register_condorpool_1_0.in,2.8,0,0,,,,,,,,,
xgboost_model_ID0000021,None,compute,0,1677680414.0,,,1677680419.0,1677680377.0,1677680410.0,68933174.2,1677680426.0,1677680609.0,1677680543.0,1677680547.0,2010189.0,1677680609.0,1677680614.0,5.0,,7.0,183.0,5.0,33.0,1691152078.0,4.0,9324056.0,poseidon,condorpool,poseidon-worker-1-container-24-31,xgboost_model,/srv/xgboost_model,,746.7,0,0,0.1,1348838719.0,24449.0,5358.0,8.0,706.1,21.2,11240322.7,2444.9
stage_out_local_local_5_0,None,transfer,0,1677680414.0,,,1677680419.0,,,0.0,1677680419.0,1677680429.0,1677680420.0,1677680424.0,792.0,1677680429.0,1677680434.0,5.0,,0.0,10.0,5.0,,,4.0,3196.0,poseidon,local,host-10-100-100-12.openstacklocal,pegasus::transfer,/home/poseidon/pegasus-5.1.0panorama/bin/pegasus-transfer,pegasus-kickstart  -n pegasus::transfer -N null -i - -R local  -L predict-future-sales -T 2023-02-17T19:59:06+00:00 pegasus-transfer  --threads 2,0.3,0,0,,,,,,,,,
cleanup_predict-future-sales_0_local,None,auxiliary,0,1677680434.0,,,1677680439.0,,,0.0,1677680439.0,1677680449.0,,,0.0,1677680449.0,1677680454.0,5.0,,0.0,10.0,5.0,,,,,poseidon,local,host-10-100-100-12.openstacklocal,pegasus::cleanup,/home/poseidon/pegasus-5.1.0panorama/bin/pegasus-transfer,pegasus-kickstart  -n pegasus::cleanup -N null -i - -R local  -L predict-future-sales -T 2023-02-17T19:59:06+00:00 pegasus-transfer,0.3,0,0,,,,,,,,,
model_predict_ID0000022,None,compute,0,1677680614.0,,,1677680619.0,1677680571.0,1677680590.0,40732461.3,1677680621.0,1677680664.0,1677680598.0,1677680603.0,1226934.0,1677680664.0,1677680669.0,5.0,,2.0,43.0,5.0,19.0,404328705.0,5.0,5523764.0,poseidon,condorpool,poseidon-worker-1-container-24-31,model_predict,/srv/model_predict,,3.9,0,0,,,,,,,,,
stage_out_local_condorpool_6_0,None,transfer,0,1677680614.0,,,1677680619.0,,,0.0,1677680619.0,1677680629.0,1677680619.0,1677680623.0,3356295.0,1677680629.0,1677680634.0,5.0,,0.0,10.0,5.0,,,4.0,13533069.0,poseidon,local,host-10-100-100-12.openstacklocal,pegasus::transfer,/home/poseidon/pegasus-5.1.0panorama/bin/pegasus-transfer,pegasus-kickstart  -n pegasus::transfer -N null -i - -R local  -L predict-future-sales -T 2023-02-17T19:59:06+00:00 pegasus-transfer  --threads 2,0.9,0,0,,,,,,,,,
stage_out_local_condorpool_7_0,None,transfer,0,1677680669.0,,,1677680674.0,,,0.0,1677680675.0,1677680684.0,1677680675.0,1677680679.0,1488567.0,1677680684.0,1677680689.0,5.0,,1.0,9.0,5.0,,,4.0,6000012.0,poseidon,local,host-10-100-100-12.openstacklocal,pegasus::transfer,/home/poseidon/pegasus-5.1.0panorama/bin/pegasus-transfer,pegasus-kickstart  -n pegasus::transfer -N null -i - -R local  -L predict-future-sales -T 2023-02-17T19:59:06+00:00 pegasus-transfer  --threads 2,0.6,0,0,,,,,,,,,
predict_merge_ID0000023,None,compute,0,1677680669.0,,,1677680674.0,1677680627.0,1677680644.0,37965164.3,1677680676.0,1677680714.0,1677680652.0,1677680656.0,832536.0,1677680714.0,1677680719.0,5.0,,2.0,38.0,5.0,17.0,377176763.0,4.0,3730156.0,poseidon,condorpool,poseidon-worker-1-container-24-31,predict_merge,/srv/predict_merge,,1.4,0,0,,,,,,,,,
stage_out_local_condorpool_8_0,None,transfer,0,1677680719.0,,,1677680724.0,,,0.0,1677680724.0,1677680734.0,1677680724.0,1677680726.0,1725041.0,1677680734.0,1677680739.0,5.0,,0.0,10.0,5.0,,,2.0,3730156.0,poseidon,local,host-10-100-100-12.openstacklocal,pegasus::transfer,/home/poseidon/pegasus-5.1.0panorama/bin/pegasus-transfer,pegasus-kickstart  -n pegasus::transfer -N null -i - -R local  -L predict-future-sales -T 2023-02-17T19:59:06+00:00 pegasus-transfer  --threads 2,0.4,0,0,,,,,,,,,
cleanup_predict-future-sales_0_condorpool,None,auxiliary,0,1677680739.0,,,1677680744.0,,,0.0,1677680744.0,1677680754.0,,,0.0,1677680754.0,1677680759.0,5.0,,0.0,10.0,5.0,,,,,poseidon,local,host-10-100-100-12.openstacklocal,pegasus::cleanup,/home/poseidon/pegasus-5.1.0panorama/bin/pegasus-transfer,pegasus-kickstart  -n pegasus::cleanup -N null -i - -R local  -L predict-future-sales -T 2023-02-17T19:59:06+00:00 pegasus-transfer,0.3,0,0,,,,,,,,,
