,anomaly_type,type,is_clustered,ready,pre_script_start,pre_script_end,submit,stage_in_start,stage_in_end,stage_in_effective_bytes_per_sec,execute_start,execute_end,stage_out_start,stage_out_end,stage_out_effective_bytes_per_sec,post_script_start,post_script_end,wms_delay,pre_script_delay,queue_delay,runtime,post_script_delay,stage_in_delay,stage_in_bytes,stage_out_delay,stage_out_bytes,kickstart_user,kickstart_site,kickstart_hostname,kickstart_transformations,kickstart_executables,kickstart_executables_argv,kickstart_executables_cpu_time,kickstart_status,kickstart_executables_exitcode,kickstart_online_iowait,kickstart_online_bytes_read,kickstart_online_bytes_written,kickstart_online_read_system_calls,kickstart_online_write_system_calls,kickstart_online_utime,kickstart_online_stime,kickstart_online_bytes_read_per_second,kickstart_online_bytes_written_per_second
create_dir_predict-future-sales_0_local,None,auxiliary,0,1676891779.0,,,1676891780.0,,,0.0,1676891784.0,1676891790.0,,,0.0,1676891790.0,1676891795.0,1.0,,4.0,6.0,5.0,,,,,poseidon,local,host-10-100-100-12.openstacklocal,pegasus::dirmanager,/home/poseidon/pegasus-5.1.0panorama/bin/pegasus-transfer,pegasus-kickstart  -n pegasus::dirmanager -N null -i - -R local  -L predict-future-sales -T 2023-02-17T19:59:06+00:00 pegasus-transfer,0.3,0,0,,,,,,,,,
create_dir_predict-future-sales_0_condorpool,None,auxiliary,0,1676891779.0,,,1676891780.0,,,0.0,1676891784.0,1676891790.0,,,0.0,1676891790.0,1676891795.0,1.0,,4.0,6.0,5.0,,,,,poseidon,local,host-10-100-100-12.openstacklocal,pegasus::dirmanager,/home/poseidon/pegasus-5.1.0panorama/bin/pegasus-transfer,pegasus-kickstart  -n pegasus::dirmanager -N null -i - -R local  -L predict-future-sales -T 2023-02-17T19:59:06+00:00 pegasus-transfer,0.3,0,0,,,,,,,,,
stage_in_local_local_4_0,None,transfer,0,1676891795.0,,,1676891800.0,1676891801.0,1676891803.0,5816.0,1676891801.0,1676891810.0,,,0.0,1676891810.0,1676891815.0,5.0,,1.0,9.0,5.0,2.0,12577.0,,,poseidon,local,host-10-100-100-12.openstacklocal,pegasus::transfer,/home/poseidon/pegasus-5.1.0panorama/bin/pegasus-transfer,pegasus-kickstart  -n pegasus::transfer -N null -i - -R local  -L predict-future-sales -T 2023-02-17T19:59:06+00:00 pegasus-transfer  --threads 2,0.4,0,0,,,,,,,,,
stage_in_local_condorpool_8_0,None,transfer,0,1676891795.0,,,1676891800.0,1676891801.0,1676891804.0,664.0,1676891800.0,1676891810.0,,,0.0,1676891810.0,1676891815.0,5.0,,0.0,10.0,5.0,3.0,2368.0,,,poseidon,local,host-10-100-100-12.openstacklocal,pegasus::transfer,/home/poseidon/pegasus-5.1.0panorama/bin/pegasus-transfer,pegasus-kickstart  -n pegasus::transfer -N null -i - -R local  -L predict-future-sales -T 2023-02-17T19:59:06+00:00 pegasus-transfer  --threads 2,0.4,0,0,,,,,,,,,
stage_in_local_condorpool_3_0,None,transfer,0,1676891795.0,,,1676891800.0,1676891801.0,1676891805.0,2902.0,1676891800.0,1676891810.0,,,0.0,1676891810.0,1676891815.0,5.0,,0.0,10.0,5.0,4.0,12704.0,,,poseidon,local,host-10-100-100-12.openstacklocal,pegasus::transfer,/home/poseidon/pegasus-5.1.0panorama/bin/pegasus-transfer,pegasus-kickstart  -n pegasus::transfer -N null -i - -R local  -L predict-future-sales -T 2023-02-17T19:59:06+00:00 pegasus-transfer  --threads 2,0.6,0,0,,,,,,,,,
stage_in_local_condorpool_2_0,None,transfer,0,1676891795.0,,,1676891800.0,1676891801.0,1676891807.0,9654.0,1676891800.0,1676891815.0,,,0.0,1676891815.0,1676891820.0,5.0,,0.0,15.0,5.0,6.0,55480.0,,,poseidon,local,host-10-100-100-12.openstacklocal,pegasus::transfer,/home/poseidon/pegasus-5.1.0panorama/bin/pegasus-transfer,pegasus-kickstart  -n pegasus::transfer -N null -i - -R local  -L predict-future-sales -T 2023-02-17T19:59:06+00:00 pegasus-transfer  --threads 2,1.0,0,0,,,,,,,,,
stage_in_local_condorpool_1_0,None,transfer,0,1676891795.0,,,1676891800.0,1676891801.0,1676891805.0,3639.0,1676891800.0,1676891810.0,,,0.0,1676891810.0,1676891815.0,5.0,,0.0,10.0,5.0,4.0,15640.0,,,poseidon,local,host-10-100-100-12.openstacklocal,pegasus::transfer,/home/poseidon/pegasus-5.1.0panorama/bin/pegasus-transfer,pegasus-kickstart  -n pegasus::transfer -N null -i - -R local  -L predict-future-sales -T 2023-02-17T19:59:06+00:00 pegasus-transfer  --threads 2,0.6,0,0,,,,,,,,,
stage_in_local_condorpool_0_0,None,transfer,0,1676891795.0,,,1676891800.0,1676891801.0,1676891811.0,94435238.0,1676891801.0,1676891820.0,,,0.0,1676891820.0,1676891825.0,5.0,,1.0,19.0,5.0,10.0,936801734.0,,,poseidon,local,host-10-100-100-12.openstacklocal,pegasus::transfer,/home/poseidon/pegasus-5.1.0panorama/bin/pegasus-transfer,pegasus-kickstart  -n pegasus::transfer -N null -i - -R local  -L predict-future-sales -T 2023-02-17T19:59:06+00:00 pegasus-transfer  --threads 2,5.6,0,0,,,,,,,,,
stage_in_local_condorpool_7_0,None,transfer,0,1676891795.0,,,1676891800.0,1676891801.0,1676891804.0,990.0,1676891801.0,1676891810.0,,,0.0,1676891810.0,1676891815.0,5.0,,1.0,9.0,5.0,3.0,3488.0,,,poseidon,local,host-10-100-100-12.openstacklocal,pegasus::transfer,/home/poseidon/pegasus-5.1.0panorama/bin/pegasus-transfer,pegasus-kickstart  -n pegasus::transfer -N null -i - -R local  -L predict-future-sales -T 2023-02-17T19:59:06+00:00 pegasus-transfer  --threads 2,0.4,0,0,,,,,,,,,
stage_in_local_condorpool_6_0,None,transfer,0,1676891795.0,,,1676891800.0,1676891801.0,1676891804.0,2232.0,1676891801.0,1676891810.0,,,0.0,1676891810.0,1676891815.0,5.0,,1.0,9.0,5.0,3.0,7870.0,,,poseidon,local,host-10-100-100-12.openstacklocal,pegasus::transfer,/home/poseidon/pegasus-5.1.0panorama/bin/pegasus-transfer,pegasus-kickstart  -n pegasus::transfer -N null -i - -R local  -L predict-future-sales -T 2023-02-17T19:59:06+00:00 pegasus-transfer  --threads 2,0.4,0,0,,,,,,,,,
nlp_ID0000002,None,compute,0,1676891825.0,,,1676891830.0,1676891796.0,1676891814.0,41749105.8,1676891834.0,1676892135.0,1676892081.0,1676892086.0,575295.0,1676892135.0,1676892140.0,5.0,,4.0,301.0,5.0,18.0,369033604.0,5.0,2755872.0,poseidon,condorpool,poseidon-worker-2-container-0-7,nlp,/srv/nlp,,1546.8,0,0,0.1,21492205.0,8791.0,3117.0,5.0,1540.0,2.7,82662.3,879.1
eda_ID0000001,None,compute,0,1676891825.0,,,1676891830.0,1676891796.0,1676891815.0,45206211.7,1676891834.0,1676891910.0,1676891856.0,1676891860.0,268567.0,1676891910.0,1676891915.0,5.0,,4.0,76.0,5.0,19.0,464177772.0,4.0,1197154.0,poseidon,condorpool,poseidon-worker-3-container-32-39,eda,/srv/eda,,34.1,0,0,0.0,144727701.0,850570.0,27361.0,40.0,27.9,2.0,4824256.7,28352.3
preprocess_ID0000003,None,compute,0,1676891825.0,,,1676891830.0,1676891796.0,1676891816.0,42486919.0,1676891834.0,1676891885.0,1676891828.0,1676891836.0,21771493.0,1676891885.0,1676891890.0,5.0,,4.0,51.0,5.0,20.0,467356066.0,8.0,160257914.0,poseidon,condorpool,poseidon-worker-2-container-24-31,preprocess,/srv/preprocess,,4.4,0,0,,,,,,,,,
feature_eng_0_ID0000004,None,compute,0,1676891890.0,,,1676891895.0,1676891859.0,1676891876.0,41770166.0,1676891897.0,1676891940.0,1676891888.0,1676891892.0,196292.0,1676891940.0,1676891945.0,5.0,,2.0,43.0,5.0,17.0,369949088.0,4.0,893320.0,poseidon,condorpool,poseidon-worker-2-container-24-31,feature_eng_0,/srv/feature_eng_0,,5.1,0,0,,,,,,,,,
feature_eng_1_ID0000005,None,compute,0,1676891890.0,,,1676891895.0,1676891869.0,1676891890.0,46281128.6,1676891907.0,1676891970.0,1676891914.0,1676891925.0,35974475.0,1676891970.0,1676891975.0,5.0,,12.0,63.0,5.0,21.0,528250191.0,11.0,393324463.0,poseidon,condorpool,poseidon-worker-3-container-32-39,feature_eng_1,/srv/feature_eng_1,,15.8,0,0,0.0,169608346.0,8.0,1721.0,1.0,8.0,2.0,16960834.6,0.8
feature_eng_5_ID0000009,None,compute,0,1676891975.0,,,1676891980.0,1676891944.0,1676891969.0,49678145.5,1676891982.0,1676892266.0,1676892202.0,1676892218.0,42802033.0,1676892266.0,1676892271.0,5.0,,2.0,284.0,5.0,25.0,856820455.0,16.0,655540227.0,poseidon,condorpool,poseidon-worker-2-container-24-31,feature_eng_5,/srv/feature_eng_5,,223.0,0,0,0.0,498299236.0,8.0,2035.0,1.0,200.4,19.6,2264996.5,0.8
stage_out_local_condorpool_1_0,None,transfer,0,1676891975.0,,,1676891980.0,,,0.0,1676891980.0,1676891990.0,1676891980.0,1676891985.0,93232650.0,1676891990.0,1676891995.0,5.0,,0.0,10.0,5.0,,,5.0,394217783.0,poseidon,local,host-10-100-100-12.openstacklocal,pegasus::transfer,/home/poseidon/pegasus-5.1.0panorama/bin/pegasus-transfer,pegasus-kickstart  -n pegasus::transfer -N null -i - -R local  -L predict-future-sales -T 2023-02-17T19:59:06+00:00 pegasus-transfer  --threads 2,2.1,0,0,,,,,,,,,
feature_eng_3_ID0000007,None,compute,0,1676891975.0,,,1676891980.0,1676891944.0,1676891967.0,47456803.0,1676891982.0,1676892160.0,1676892088.0,1676892112.0,49065616.0,1676892160.0,1676892166.0,5.0,,2.0,178.0,6.0,23.0,762217561.0,24.0,1179971921.0,poseidon,condorpool,poseidon-worker-3-container-32-39,feature_eng_3,/srv/feature_eng_3,,108.1,0,0,0.0,403649646.0,8.0,1490.0,1.0,68.5,31.5,4036496.5,0.8
feature_eng_4_ID0000008,None,compute,0,1676891975.0,,,1676891980.0,1676891957.0,1676891979.0,54575050.8,1676891995.0,1676892115.0,1676892043.0,1676892067.0,49099063.0,1676892115.0,1676892120.0,5.0,,15.0,120.0,5.0,22.0,761328752.0,24.0,1201824259.0,poseidon,condorpool,poseidon-worker-2-container-24-31,feature_eng_4,/srv/feature_eng_4,,51.2,0,0,0.0,402741041.0,21851601.0,1403.0,3.0,37.4,12.6,8054820.8,1092580.0
feature_eng_2_ID0000006,None,compute,0,1676891975.0,,,1676891980.0,1676891957.0,1676891978.0,55183170.5,1676891995.0,1676892351.0,1676892271.0,1676892304.0,52274563.0,1676892351.0,1676892356.0,5.0,,15.0,356.0,5.0,21.0,761320658.0,33.0,1748107178.0,poseidon,condorpool,poseidon-worker-3-container-32-39,feature_eng_2,/srv/feature_eng_2,,278.2,0,0,0.0,402810618.0,8.0,1727.0,1.0,207.2,62.8,1491891.2,0.8
register_condorpool_1_0,None,auxiliary,0,1676891995.0,,,1676892000.0,,,0.0,1676892000.0,1676892005.0,,,0.0,1676892005.0,1676892010.0,5.0,,0.0,5.0,5.0,,,,,poseidon,local,host-10-100-100-12.openstacklocal,pegasus::rc-client,/home/poseidon/pegasus-5.1.0panorama/bin/pegasus-rc-client,"pegasus-kickstart  -n pegasus::rc-client -N null -R local  -L predict-future-sales -T 2023-02-17T19:59:06+00:00 /home/poseidon/pegasus-5.1.0panorama/bin/pegasus-rc-client --prefix pegasus.catalog.replica.output --conf /home/poseidon/workflows/predict-future-sales-workflow/submit/poseidon/pegasus/predict-future-sales/run0021/pegasus.15978509112371391385.properties -v --meta /home/poseidon/workflows/predict-future-sales-workflow/submit/poseidon/pegasus/predict-future-sales/run0021/00/00/feature_eng_1_ID0000005.meta,/home/poseidon/workflows/predict-future-sales-workflow/submit/poseidon/pegasus/predict-future-sales/run0021/00/00/feature_eng_0_ID0000004.meta --insert /home/poseidon/workflows/predict-future-sales-workflow/submit/poseidon/pegasus/predict-future-sales/run0021/00/00/register_condorpool_1_0.in",3.1,0,0,,,,,,,,,
stage_out_local_condorpool_0_0,None,transfer,0,1676892140.0,,,1676892145.0,,,0.0,1676892145.0,1676892155.0,1676892145.0,1676892149.0,40742496.0,1676892155.0,1676892160.0,5.0,,0.0,10.0,5.0,,,4.0,164210940.0,poseidon,local,host-10-100-100-12.openstacklocal,pegasus::transfer,/home/poseidon/pegasus-5.1.0panorama/bin/pegasus-transfer,pegasus-kickstart  -n pegasus::transfer -N null -i - -R local  -L predict-future-sales -T 2023-02-17T19:59:06+00:00 pegasus-transfer  --threads 2,2.0,0,0,,,,,,,,,
register_condorpool_0_0,None,auxiliary,0,1676892160.0,,,1676892166.0,,,0.0,1676892166.0,1676892171.0,,,0.0,1676892171.0,1676892176.0,6.0,,0.0,5.0,5.0,,,,,poseidon,local,host-10-100-100-12.openstacklocal,pegasus::rc-client,/home/poseidon/pegasus-5.1.0panorama/bin/pegasus-rc-client,"pegasus-kickstart  -n pegasus::rc-client -N null -R local  -L predict-future-sales -T 2023-02-17T19:59:06+00:00 /home/poseidon/pegasus-5.1.0panorama/bin/pegasus-rc-client --prefix pegasus.catalog.replica.output --conf /home/poseidon/workflows/predict-future-sales-workflow/submit/poseidon/pegasus/predict-future-sales/run0021/pegasus.15978509112371391385.properties -v --meta /home/poseidon/workflows/predict-future-sales-workflow/submit/poseidon/pegasus/predict-future-sales/run0021/00/00/nlp_ID0000002.meta,/home/poseidon/workflows/predict-future-sales-workflow/submit/poseidon/pegasus/predict-future-sales/run0021/00/00/eda_ID0000001.meta,/home/poseidon/workflows/predict-future-sales-workflow/submit/poseidon/pegasus/predict-future-sales/run0021/00/00/preprocess_ID0000003.meta --insert /home/poseidon/workflows/predict-future-sales-workflow/submit/poseidon/pegasus/predict-future-sales/run0021/00/00/register_condorpool_0_0.in",2.9,0,0,,,,,,,,,
stage_out_local_condorpool_2_0,None,transfer,0,1676892356.0,,,1676892361.0,,,0.0,1676892361.0,1676892386.0,1676892362.0,1676892381.0,247961031.0,1676892386.0,1676892391.0,5.0,,0.0,25.0,5.0,,,19.0,4785443585.0,poseidon,local,host-10-100-100-12.openstacklocal,pegasus::transfer,/home/poseidon/pegasus-5.1.0panorama/bin/pegasus-transfer,pegasus-kickstart  -n pegasus::transfer -N null -i - -R local  -L predict-future-sales -T 2023-02-17T19:59:06+00:00 pegasus-transfer  --threads 2,20.7,0,0,,,,,,,,,
feature_merge_ID0000010,None,compute,0,1676892356.0,,,1676892361.0,1676892325.0,1676892401.0,78037317.0,1676892363.0,1676892596.0,1676892491.0,1676892546.0,54751736.0,1676892596.0,1676892601.0,5.0,,2.0,233.0,5.0,76.0,5155397110.0,55.0,2993643458.0,poseidon,condorpool,poseidon-worker-2-container-24-31,feature_merge,/srv/feature_merge,,60.8,0,0,0.0,4796861664.0,2064960888.0,1454.0,82.0,38.2,21.7,79947694.4,103248044.4
register_condorpool_2_0,None,auxiliary,0,1676892391.0,,,1676892396.0,,,0.0,1676892396.0,1676892401.0,,,0.0,1676892401.0,1676892406.0,5.0,,0.0,5.0,5.0,,,,,poseidon,local,host-10-100-100-12.openstacklocal,pegasus::rc-client,/home/poseidon/pegasus-5.1.0panorama/bin/pegasus-rc-client,"pegasus-kickstart  -n pegasus::rc-client -N null -R local  -L predict-future-sales -T 2023-02-17T19:59:06+00:00 /home/poseidon/pegasus-5.1.0panorama/bin/pegasus-rc-client --prefix pegasus.catalog.replica.output --conf /home/poseidon/workflows/predict-future-sales-workflow/submit/poseidon/pegasus/predict-future-sales/run0021/pegasus.15978509112371391385.properties -v --meta /home/poseidon/workflows/predict-future-sales-workflow/submit/poseidon/pegasus/predict-future-sales/run0021/00/00/feature_eng_5_ID0000009.meta,/home/poseidon/workflows/predict-future-sales-workflow/submit/poseidon/pegasus/predict-future-sales/run0021/00/00/feature_eng_2_ID0000006.meta,/home/poseidon/workflows/predict-future-sales-workflow/submit/poseidon/pegasus/predict-future-sales/run0021/00/00/feature_eng_3_ID0000007.meta,/home/poseidon/workflows/predict-future-sales-workflow/submit/poseidon/pegasus/predict-future-sales/run0021/00/00/feature_eng_4_ID0000008.meta --insert /home/poseidon/workflows/predict-future-sales-workflow/submit/poseidon/pegasus/predict-future-sales/run0021/00/00/register_condorpool_2_0.in",2.9,0,0,,,,,,,,,
stage_inter_local_xgboost_model_ID0000013_0,None,transfer,0,1676892601.0,,,1676892606.0,1676892607.0,1676892614.0,35977643.0,1676892606.0,1676892621.0,,,0.0,1676892621.0,1676892626.0,5.0,,0.0,15.0,5.0,7.0,269346726.0,,,poseidon,local,host-10-100-100-12.openstacklocal,pegasus::transfer,/home/poseidon/pegasus-5.1.0panorama/bin/pegasus-transfer,pegasus-kickstart  -n pegasus::transfer -N null -i - -R local  -L predict-future-sales -T 2023-02-17T19:59:06+00:00 pegasus-transfer  --threads 2,1.4,0,0,,,,,,,,,
stage_out_local_condorpool_3_0,None,transfer,0,1676892601.0,,,1676892606.0,,,0.0,1676892606.0,1676892636.0,1676892607.0,1676892629.0,133339245.0,1676892636.0,1676892641.0,5.0,,0.0,30.0,5.0,,,22.0,2993643458.0,poseidon,local,host-10-100-100-12.openstacklocal,pegasus::transfer,/home/poseidon/pegasus-5.1.0panorama/bin/pegasus-transfer,pegasus-kickstart  -n pegasus::transfer -N null -i - -R local  -L predict-future-sales -T 2023-02-17T19:59:06+00:00 pegasus-transfer  --threads 2,14.1,0,0,,,,,,,,,
stage_inter_local_model_predict_ID0000014_0,None,transfer,0,1676892601.0,,,1676892606.0,1676892607.0,1676892610.0,1288311.0,1676892606.0,1676892616.0,,,0.0,1676892616.0,1676892621.0,5.0,,0.0,10.0,5.0,3.0,4411696.0,,,poseidon,local,host-10-100-100-12.openstacklocal,pegasus::transfer,/home/poseidon/pegasus-5.1.0panorama/bin/pegasus-transfer,pegasus-kickstart  -n pegasus::transfer -N null -i - -R local  -L predict-future-sales -T 2023-02-17T19:59:06+00:00 pegasus-transfer  --threads 2,0.4,0,0,,,,,,,,,
stage_inter_local_model_predict_ID0000022_0,None,transfer,0,1676892601.0,,,1676892606.0,1676892607.0,1676892610.0,14802434.0,1676892606.0,1676892616.0,,,0.0,1676892616.0,1676892621.0,5.0,,0.0,10.0,5.0,3.0,54050130.0,,,poseidon,local,host-10-100-100-12.openstacklocal,pegasus::transfer,/home/poseidon/pegasus-5.1.0panorama/bin/pegasus-transfer,pegasus-kickstart  -n pegasus::transfer -N null -i - -R local  -L predict-future-sales -T 2023-02-17T19:59:06+00:00 pegasus-transfer  --threads 2,0.6,0,0,,,,,,,,,
stage_inter_local_xgboost_hp_tuning_workflow_ID0000015_0,None,transfer,0,1676892601.0,,,1676892606.0,1676892607.0,1676892609.0,402.0,1676892606.0,1676892616.0,,,0.0,1676892616.0,1676892621.0,5.0,,0.0,10.0,5.0,2.0,826.0,,,poseidon,local,host-10-100-100-12.openstacklocal,pegasus::transfer,/home/poseidon/pegasus-5.1.0panorama/bin/pegasus-transfer,pegasus-kickstart  -n pegasus::transfer -N null -i - -R local  -L predict-future-sales -T 2023-02-17T19:59:06+00:00 pegasus-transfer  --threads 2,0.3,0,0,,,,,,,,,
stage_inter_local_xgboost_model_ID0000021_0,None,transfer,0,1676892601.0,,,1676892606.0,1676892607.0,1676892644.0,71029512.0,1676892606.0,1676892651.0,,,0.0,1676892651.0,1676892656.0,5.0,,0.0,45.0,5.0,37.0,2646308508.0,,,poseidon,local,host-10-100-100-12.openstacklocal,pegasus::transfer,/home/poseidon/pegasus-5.1.0panorama/bin/pegasus-transfer,pegasus-kickstart  -n pegasus::transfer -N null -i - -R local  -L predict-future-sales -T 2023-02-17T19:59:06+00:00 pegasus-transfer  --threads 2,9.2,0,0,,,,,,,,,
xgboost_hp_tuning_workflow_ID0000015,None,compute,0,1676892621.0,,,1676892626.0,,,0.0,1676892626.0,1676892646.0,,,0.0,1676892646.0,1676892651.0,5.0,,0.0,20.0,5.0,,,,,poseidon,local,poseidon-submit.novalocal,xgboost_hp_tuning_workflow,/var/spool/condor/local_univ_execute/dir_3592867/xgboost_hp_tuning_workflow,/home/poseidon/workflows/predict-future-sales-workflow/submit/poseidon/pegasus/predict-future-sales/run0021/00/00/xgboost_hp_tuning_workflow_ID0000015.sh,0.1,0,0,,,,,,,,,
xgboost_hp_tuning_workflow_ID0000011,None,compute,0,1676892621.0,,,1676892626.0,,,0.0,1676892626.0,1676892641.0,,,0.0,1676892641.0,1676892646.0,5.0,,0.0,15.0,5.0,,,,,poseidon,local,poseidon-submit.novalocal,xgboost_hp_tuning_workflow,/var/spool/condor/local_univ_execute/dir_3592868/xgboost_hp_tuning_workflow,/home/poseidon/workflows/predict-future-sales-workflow/submit/poseidon/pegasus/predict-future-sales/run0021/00/00/xgboost_hp_tuning_workflow_ID0000011.sh,0.1,0,0,,,,,,,,,
xgboost_hp_tuning_workflow_ID0000019,None,compute,0,1676892621.0,,,1676892626.0,,,0.0,1676892626.0,1676892646.0,,,0.0,1676892646.0,1676892651.0,5.0,,0.0,20.0,5.0,,,,,poseidon,local,poseidon-submit.novalocal,xgboost_hp_tuning_workflow,/var/spool/condor/local_univ_execute/dir_3592876/xgboost_hp_tuning_workflow,/home/poseidon/workflows/predict-future-sales-workflow/submit/poseidon/pegasus/predict-future-sales/run0021/00/00/xgboost_hp_tuning_workflow_ID0000019.sh,0.1,0,0,,,,,,,,,
register_condorpool_3_0,None,auxiliary,0,1676892641.0,,,1676892646.0,,,0.0,1676892646.0,1676892651.0,,,0.0,1676892651.0,1676892656.0,5.0,,0.0,5.0,5.0,,,,,poseidon,local,host-10-100-100-12.openstacklocal,pegasus::rc-client,/home/poseidon/pegasus-5.1.0panorama/bin/pegasus-rc-client,pegasus-kickstart  -n pegasus::rc-client -N null -R local  -L predict-future-sales -T 2023-02-17T19:59:06+00:00 /home/poseidon/pegasus-5.1.0panorama/bin/pegasus-rc-client --prefix pegasus.catalog.replica.output --conf /home/poseidon/workflows/predict-future-sales-workflow/submit/poseidon/pegasus/predict-future-sales/run0021/pegasus.15978509112371391385.properties -v --meta /home/poseidon/workflows/predict-future-sales-workflow/submit/poseidon/pegasus/predict-future-sales/run0021/00/00/feature_merge_ID0000010.meta --insert /home/poseidon/workflows/predict-future-sales-workflow/submit/poseidon/pegasus/predict-future-sales/run0021/00/00/register_condorpool_3_0.in,3.0,0,0,,,,,,,,,
pegasus-plan_ID0000012,None,subwf,0,1676892646.0,1676892646.0,1676892651.0,1676892656.0,,,0.0,1676892656.0,1676892937.0,,,0.0,,,0.0,5.0,0.0,281.0,,,,,,poseidon,local,poseidon-submit,condor::dagman,/usr/bin/condor_dagman,-p 0  -f -l . -Notification never -Debug 3 -Lockfile xgboost_hp_tuning_group_0.dag.lock -Dag xgboost_hp_tuning_group_0.dag -AllowVersionMismatch  -AutoRescue 1 -DoRescueFrom 0,0.0,0,0,,,,,,,,,
pegasus-plan_ID0000020,None,subwf,0,1676892651.0,1676892651.0,1676892656.0,1676892661.0,,,0.0,1676892665.0,1676893722.0,,,0.0,,,0.0,5.0,4.0,1057.0,,,,,,poseidon,local,poseidon-submit,condor::dagman,/usr/bin/condor_dagman,-p 0  -f -l . -Notification never -Debug 3 -Lockfile xgboost_hp_tuning_group_2.dag.lock -Dag xgboost_hp_tuning_group_2.dag -AllowVersionMismatch  -AutoRescue 1 -DoRescueFrom 0,0.0,0,0,,,,,,,,,
stage_out_local_local_4_0,None,transfer,0,1676892651.0,,,1676892656.0,,,0.0,1676892656.0,1676892666.0,1676892656.0,1676892660.0,21086.0,1676892666.0,1676892671.0,5.0,,0.0,10.0,5.0,,,4.0,85038.0,poseidon,local,host-10-100-100-12.openstacklocal,pegasus::transfer,/home/poseidon/pegasus-5.1.0panorama/bin/pegasus-transfer,pegasus-kickstart  -n pegasus::transfer -N null -i - -R local  -L predict-future-sales -T 2023-02-17T19:59:06+00:00 pegasus-transfer  --threads 2,0.5,0,0,,,,,,,,,
pegasus-plan_ID0000016,None,subwf,0,1676892651.0,1676892651.0,1676892656.0,1676892661.0,,,0.0,1676892665.0,1676892982.0,,,0.0,,,0.0,5.0,4.0,317.0,,,,,,poseidon,local,poseidon-submit,condor::dagman,/usr/bin/condor_dagman,-p 0  -f -l . -Notification never -Debug 3 -Lockfile xgboost_hp_tuning_group_1.dag.lock -Dag xgboost_hp_tuning_group_1.dag -AllowVersionMismatch  -AutoRescue 1 -DoRescueFrom 0,0.0,0,0,,,,,,,,,
create_dir_predict-future-sales-hp-tuning_0_condorpool_pegasus-plan_ID0000012,None,auxiliary,0,1676892656.0,,,1676892657.0,,,0.0,1676892661.0,1676892667.0,,,0.0,1676892667.0,1676892672.0,1.0,,4.0,6.0,5.0,,,,,poseidon,local,host-10-100-100-12.openstacklocal,pegasus::dirmanager,/home/poseidon/pegasus-5.1.0panorama/bin/pegasus-transfer,pegasus-kickstart  -n pegasus::dirmanager -N null -i - -R local  -L xgboost_hp_tuning_group_0 -T 2023-02-20T11:30:49+00:00 pegasus-transfer,0.3,0,0,,,,,,,,,
create_dir_predict-future-sales-hp-tuning_0_condorpool_pegasus-plan_ID0000020,None,auxiliary,0,1676892665.0,,,1676892666.0,,,0.0,1676892666.0,1676892676.0,,,0.0,1676892676.0,1676892681.0,1.0,,0.0,10.0,5.0,,,,,poseidon,local,host-10-100-100-12.openstacklocal,pegasus::dirmanager,/home/poseidon/pegasus-5.1.0panorama/bin/pegasus-transfer,pegasus-kickstart  -n pegasus::dirmanager -N null -i - -R local  -L xgboost_hp_tuning_group_2 -T 2023-02-20T11:30:53+00:00 pegasus-transfer,0.3,0,0,,,,,,,,,
create_dir_predict-future-sales-hp-tuning_0_condorpool_pegasus-plan_ID0000016,None,auxiliary,0,1676892665.0,,,1676892666.0,,,0.0,1676892672.0,1676892681.0,,,0.0,1676892681.0,1676892686.0,1.0,,6.0,9.0,5.0,,,,,poseidon,local,host-10-100-100-12.openstacklocal,pegasus::dirmanager,/home/poseidon/pegasus-5.1.0panorama/bin/pegasus-transfer,pegasus-kickstart  -n pegasus::dirmanager -N null -i - -R local  -L xgboost_hp_tuning_group_1 -T 2023-02-20T11:30:53+00:00 pegasus-transfer,0.3,0,0,,,,,,,,,
register_local_4_0,None,auxiliary,0,1676892671.0,,,1676892676.0,,,0.0,1676892676.0,1676892681.0,,,0.0,1676892681.0,1676892686.0,5.0,,0.0,5.0,5.0,,,,,poseidon,local,host-10-100-100-12.openstacklocal,pegasus::rc-client,/home/poseidon/pegasus-5.1.0panorama/bin/pegasus-rc-client,"pegasus-kickstart  -n pegasus::rc-client -N null -R local  -L predict-future-sales -T 2023-02-17T19:59:06+00:00 /home/poseidon/pegasus-5.1.0panorama/bin/pegasus-rc-client --prefix pegasus.catalog.replica.output --conf /home/poseidon/workflows/predict-future-sales-workflow/submit/poseidon/pegasus/predict-future-sales/run0021/pegasus.15978509112371391385.properties -v --meta /home/poseidon/workflows/predict-future-sales-workflow/submit/poseidon/pegasus/predict-future-sales/run0021/00/00/xgboost_hp_tuning_workflow_ID0000011.meta,/home/poseidon/workflows/predict-future-sales-workflow/submit/poseidon/pegasus/predict-future-sales/run0021/00/00/xgboost_hp_tuning_workflow_ID0000019.meta,/home/poseidon/workflows/predict-future-sales-workflow/submit/poseidon/pegasus/predict-future-sales/run0021/00/00/xgboost_hp_tuning_workflow_ID0000015.meta --insert /home/poseidon/workflows/predict-future-sales-workflow/submit/poseidon/pegasus/predict-future-sales/run0021/00/00/register_local_4_0.in",3.0,0,0,,,,,,,,,
stage_in_local_condorpool_0_0_pegasus-plan_ID0000012,None,transfer,0,1676892672.0,,,1676892677.0,1676892678.0,1676892682.0,2890.0,1676892677.0,1676892687.0,,,0.0,1676892687.0,1676892692.0,5.0,,0.0,10.0,5.0,4.0,12142.0,,,poseidon,local,host-10-100-100-12.openstacklocal,pegasus::transfer,/home/poseidon/pegasus-5.1.0panorama/bin/pegasus-transfer,-n pegasus::transfer -N null -i - -R local  -L xgboost_hp_tuning_group_0 -T 2023-02-20T11:30:49+00:00 /home/poseidon/pegasus-5.1.0panorama/bin/../bin/pegasus-transfer  --threads 2,0.6,0,0,,,,,,,,,
stage_in_local_condorpool_1_0_pegasus-plan_ID0000012,None,transfer,0,1676892672.0,,,1676892677.0,1676892678.0,1676892681.0,834.0,1676892677.0,1676892687.0,,,0.0,1676892687.0,1676892692.0,5.0,,0.0,10.0,5.0,3.0,2874.0,,,poseidon,local,host-10-100-100-12.openstacklocal,pegasus::transfer,/home/poseidon/pegasus-5.1.0panorama/bin/pegasus-transfer,-n pegasus::transfer -N null -i - -R local  -L xgboost_hp_tuning_group_0 -T 2023-02-20T11:30:49+00:00 /home/poseidon/pegasus-5.1.0panorama/bin/../bin/pegasus-transfer  --threads 2,0.5,0,0,,,,,,,,,
stage_in_local_condorpool_0_1_pegasus-plan_ID0000012,None,transfer,0,1676892672.0,,,1676892677.0,1676892678.0,1676892683.0,55145375.0,1676892677.0,1676892692.0,,,0.0,1676892692.0,1676892697.0,5.0,,0.0,15.0,5.0,5.0,269346726.0,,,poseidon,local,host-10-100-100-12.openstacklocal,pegasus::transfer,/home/poseidon/pegasus-5.1.0panorama/bin/pegasus-transfer,-n pegasus::transfer -N null -i - -R local  -L xgboost_hp_tuning_group_0 -T 2023-02-20T11:30:49+00:00 /home/poseidon/pegasus-5.1.0panorama/bin/../bin/pegasus-transfer  --threads 2,1.7,0,0,,,,,,,,,
stage_in_local_condorpool_0_2_pegasus-plan_ID0000012,None,transfer,0,1676892672.0,,,1676892677.0,1676892678.0,1676892684.0,110913833.0,1676892677.0,1676892692.0,,,0.0,1676892692.0,1676892697.0,5.0,,0.0,15.0,5.0,6.0,735985664.0,,,poseidon,local,host-10-100-100-12.openstacklocal,pegasus::transfer,/home/poseidon/pegasus-5.1.0panorama/bin/pegasus-transfer,-n pegasus::transfer -N null -i - -R local  -L xgboost_hp_tuning_group_0 -T 2023-02-20T11:30:49+00:00 /home/poseidon/pegasus-5.1.0panorama/bin/../bin/pegasus-transfer  --threads 2,3.5,0,0,,,,,,,,,
stage_in_local_condorpool_0_1_pegasus-plan_ID0000020,None,transfer,0,1676892681.0,,,1676892686.0,1676892687.0,1676892702.0,173474393.0,1676892687.0,1676892712.0,,,0.0,1676892712.0,1676892717.0,5.0,,1.0,25.0,5.0,15.0,2646308508.0,,,poseidon,local,host-10-100-100-12.openstacklocal,pegasus::transfer,/home/poseidon/pegasus-5.1.0panorama/bin/pegasus-transfer,-n pegasus::transfer -N null -i - -R local  -L xgboost_hp_tuning_group_2 -T 2023-02-20T11:30:53+00:00 /home/poseidon/pegasus-5.1.0panorama/bin/../bin/pegasus-transfer  --threads 2,11.5,0,0,,,,,,,,,
stage_in_local_condorpool_1_0_pegasus-plan_ID0000020,None,transfer,0,1676892681.0,,,1676892686.0,1676892687.0,1676892690.0,844.0,1676892687.0,1676892697.0,,,0.0,1676892697.0,1676892702.0,5.0,,1.0,10.0,5.0,3.0,2874.0,,,poseidon,local,host-10-100-100-12.openstacklocal,pegasus::transfer,/home/poseidon/pegasus-5.1.0panorama/bin/pegasus-transfer,-n pegasus::transfer -N null -i - -R local  -L xgboost_hp_tuning_group_2 -T 2023-02-20T11:30:53+00:00 /home/poseidon/pegasus-5.1.0panorama/bin/../bin/pegasus-transfer  --threads 2,0.5,0,0,,,,,,,,,
stage_in_local_condorpool_0_0_pegasus-plan_ID0000020,None,transfer,0,1676892681.0,,,1676892686.0,1676892687.0,1676892691.0,2891.0,1676892687.0,1676892697.0,,,0.0,1676892697.0,1676892702.0,5.0,,1.0,10.0,5.0,4.0,12142.0,,,poseidon,local,host-10-100-100-12.openstacklocal,pegasus::transfer,/home/poseidon/pegasus-5.1.0panorama/bin/pegasus-transfer,-n pegasus::transfer -N null -i - -R local  -L xgboost_hp_tuning_group_2 -T 2023-02-20T11:30:53+00:00 /home/poseidon/pegasus-5.1.0panorama/bin/../bin/pegasus-transfer  --threads 2,0.6,0,0,,,,,,,,,
stage_in_local_condorpool_0_2_pegasus-plan_ID0000020,None,transfer,0,1676892681.0,,,1676892686.0,1676892687.0,1676892694.0,101751544.0,1676892687.0,1676892702.0,,,0.0,1676892702.0,1676892707.0,5.0,,1.0,15.0,5.0,7.0,735985664.0,,,poseidon,local,host-10-100-100-12.openstacklocal,pegasus::transfer,/home/poseidon/pegasus-5.1.0panorama/bin/pegasus-transfer,-n pegasus::transfer -N null -i - -R local  -L xgboost_hp_tuning_group_2 -T 2023-02-20T11:30:53+00:00 /home/poseidon/pegasus-5.1.0panorama/bin/../bin/pegasus-transfer  --threads 2,3.7,0,0,,,,,,,,,
stage_in_local_condorpool_0_2_pegasus-plan_ID0000016,None,transfer,0,1676892686.0,,,1676892691.0,1676892692.0,1676892699.0,108659029.0,1676892692.0,1676892706.0,,,0.0,1676892706.0,1676892712.0,5.0,,1.0,14.0,6.0,7.0,735985664.0,,,poseidon,local,host-10-100-100-12.openstacklocal,pegasus::transfer,/home/poseidon/pegasus-5.1.0panorama/bin/pegasus-transfer,-n pegasus::transfer -N null -i - -R local  -L xgboost_hp_tuning_group_1 -T 2023-02-20T11:30:53+00:00 /home/poseidon/pegasus-5.1.0panorama/bin/../bin/pegasus-transfer  --threads 2,3.5,0,0,,,,,,,,,
stage_in_local_condorpool_0_1_pegasus-plan_ID0000016,None,transfer,0,1676892686.0,,,1676892691.0,1676892692.0,1676892696.0,5416771.0,1676892692.0,1676892701.0,,,0.0,1676892701.0,1676892706.0,5.0,,1.0,9.0,5.0,4.0,19294600.0,,,poseidon,local,host-10-100-100-12.openstacklocal,pegasus::transfer,/home/poseidon/pegasus-5.1.0panorama/bin/pegasus-transfer,-n pegasus::transfer -N null -i - -R local  -L xgboost_hp_tuning_group_1 -T 2023-02-20T11:30:53+00:00 /home/poseidon/pegasus-5.1.0panorama/bin/../bin/pegasus-transfer  --threads 2,0.6,0,0,,,,,,,,,
stage_in_local_condorpool_1_0_pegasus-plan_ID0000016,None,transfer,0,1676892686.0,,,1676892691.0,1676892692.0,1676892696.0,822.0,1676892691.0,1676892701.0,,,0.0,1676892701.0,1676892706.0,5.0,,0.0,10.0,5.0,4.0,2874.0,,,poseidon,local,host-10-100-100-12.openstacklocal,pegasus::transfer,/home/poseidon/pegasus-5.1.0panorama/bin/pegasus-transfer,-n pegasus::transfer -N null -i - -R local  -L xgboost_hp_tuning_group_1 -T 2023-02-20T11:30:53+00:00 /home/poseidon/pegasus-5.1.0panorama/bin/../bin/pegasus-transfer  --threads 2,0.5,0,0,,,,,,,,,
stage_in_local_condorpool_0_0_pegasus-plan_ID0000016,None,transfer,0,1676892686.0,,,1676892691.0,1676892692.0,1676892696.0,2849.0,1676892692.0,1676892706.0,,,0.0,1676892706.0,1676892712.0,5.0,,1.0,14.0,6.0,4.0,12142.0,,,poseidon,local,host-10-100-100-12.openstacklocal,pegasus::transfer,/home/poseidon/pegasus-5.1.0panorama/bin/pegasus-transfer,-n pegasus::transfer -N null -i - -R local  -L xgboost_hp_tuning_group_1 -T 2023-02-20T11:30:53+00:00 /home/poseidon/pegasus-5.1.0panorama/bin/../bin/pegasus-transfer  --threads 2,0.6,0,0,,,,,,,,,
xgboost_hp_tuning_ID0000018_pegasus-plan_ID0000012,None,compute,0,1676892697.0,,,1676892702.0,1676892670.0,1676892687.0,46578916.6,1676892707.0,1676892762.0,1676892712.0,1676892716.0,243.0,1676892762.0,1676892767.0,5.0,,5.0,55.0,5.0,17.0,502672266.0,4.0,1055.0,poseidon,condorpool,poseidon-worker-2-container-32-39,xgboost_hp_tuning,/srv/xgboost_hp_tuning,,90.8,0,0,0.0,157967831.0,40.0,3305.0,2.0,41.3,2.6,15796783.1,4.0
xgboost_hp_tuning_ID0000023_pegasus-plan_ID0000012,None,compute,0,1676892697.0,,,1676892702.0,1676892726.0,1676892744.0,46537601.2,1676892764.0,1676892832.0,1676892781.0,1676892785.0,255.0,1676892832.0,1676892837.0,5.0,,62.0,68.0,5.0,18.0,502672266.0,4.0,1089.0,poseidon,condorpool,poseidon-worker-2-container-24-31,xgboost_hp_tuning,/srv/xgboost_hp_tuning,,171.6,0,0,0.0,157976548.0,4064.0,3336.0,5.0,167.9,3.7,5265884.9,203.2
xgboost_hp_tuning_ID0000012_pegasus-plan_ID0000012,None,compute,0,1676892697.0,,,1676892702.0,1676892726.0,1676892743.0,46499565.6,1676892763.0,1676892817.0,1676892766.0,1676892770.0,242.0,1676892817.0,1676892822.0,5.0,,61.0,54.0,5.0,17.0,502672266.0,4.0,1048.0,poseidon,condorpool,poseidon-worker-2-container-40-47,xgboost_hp_tuning,/srv/xgboost_hp_tuning,,86.5,0,0,0.0,157967900.0,40.0,3305.0,2.0,45.0,2.7,15796790.0,4.0
xgboost_hp_tuning_ID0000001_pegasus-plan_ID0000012,None,compute,0,1676892697.0,,,1676892702.0,1676892725.0,1676892743.0,46433814.8,1676892763.0,1676892822.0,1676892770.0,1676892775.0,246.0,1676892822.0,1676892827.0,5.0,,61.0,59.0,5.0,18.0,502672266.0,5.0,1063.0,poseidon,condorpool,poseidon-worker-2-container-32-39,xgboost_hp_tuning,/srv/xgboost_hp_tuning,,114.5,0,0,0.0,157972536.0,40.0,3321.0,2.0,104.4,3.6,7898626.8,4.0
xgboost_hp_tuning_ID0000013_pegasus-plan_ID0000012,None,compute,0,1676892697.0,,,1676892702.0,1676892725.0,1676892743.0,45706501.2,1676892763.0,1676892837.0,1676892783.0,1676892787.0,246.0,1676892837.0,1676892842.0,5.0,,61.0,74.0,5.0,18.0,502672266.0,4.0,1055.0,poseidon,condorpool,poseidon-worker-2-container-16-23,xgboost_hp_tuning,/srv/xgboost_hp_tuning,,179.5,0,0,0.1,157976344.0,40.0,3336.0,2.0,154.0,3.5,5265878.1,4.0
xgboost_hp_tuning_ID0000002_pegasus-plan_ID0000012,None,compute,0,1676892697.0,,,1676892702.0,1676892725.0,1676892742.0,46431609.0,1676892762.0,1676892842.0,1676892789.0,1676892793.0,246.0,1676892842.0,1676892847.0,5.0,,60.0,80.0,5.0,17.0,502672266.0,4.0,1063.0,poseidon,condorpool,poseidon-worker-1-container-16-23,xgboost_hp_tuning,/srv/xgboost_hp_tuning,,227.3,0,0,0.1,157976348.0,40.0,3336.0,2.0,164.7,2.9,5265878.3,4.0
xgboost_hp_tuning_ID0000014_pegasus-plan_ID0000012,None,compute,0,1676892697.0,,,1676892702.0,1676892670.0,1676892687.0,46484801.6,1676892708.0,1676892787.0,1676892734.0,1676892738.0,244.0,1676892787.0,1676892792.0,5.0,,6.0,79.0,5.0,17.0,502672266.0,4.0,1054.0,poseidon,condorpool,poseidon-worker-1-container-0-7,xgboost_hp_tuning,/srv/xgboost_hp_tuning,,217.9,0,0,0.0,157976189.0,40.0,3336.0,2.0,154.2,3.2,5265873.0,4.0
xgboost_hp_tuning_ID0000003_pegasus-plan_ID0000012,None,compute,0,1676892697.0,,,1676892702.0,1676892670.0,1676892687.0,46482782.8,1676892707.0,1676892767.0,1676892716.0,1676892720.0,248.0,1676892767.0,1676892772.0,5.0,,5.0,60.0,5.0,17.0,502672266.0,4.0,1067.0,poseidon,condorpool,poseidon-worker-2-container-8-15,xgboost_hp_tuning,/srv/xgboost_hp_tuning,,121.2,0,0,0.1,157972424.0,40.0,3321.0,2.0,105.5,3.7,7898621.2,4.0
xgboost_hp_tuning_ID0000015_pegasus-plan_ID0000012,None,compute,0,1676892697.0,,,1676892702.0,1676892670.0,1676892687.0,46672274.2,1676892707.0,1676892782.0,1676892729.0,1676892733.0,246.0,1676892782.0,1676892787.0,5.0,,5.0,75.0,5.0,17.0,502672266.0,4.0,1052.0,poseidon,condorpool,poseidon-worker-3-container-8-15,xgboost_hp_tuning,/srv/xgboost_hp_tuning,,188.9,0,0,0.0,157974358.0,40.0,3334.0,2.0,148.2,3.5,5265811.9,4.0
xgboost_hp_tuning_ID0000004_pegasus-plan_ID0000012,None,compute,0,1676892697.0,,,1676892702.0,1676892670.0,1676892687.0,46694075.4,1676892707.0,1676892772.0,1676892721.0,1676892725.0,249.0,1676892772.0,1676892777.0,5.0,,5.0,65.0,5.0,17.0,502672266.0,4.0,1063.0,poseidon,condorpool,poseidon-worker-3-container-16-23,xgboost_hp_tuning,/srv/xgboost_hp_tuning,,153.2,0,0,0.0,157970593.0,40.0,3319.0,2.0,102.9,3.3,7898529.6,4.0
xgboost_hp_tuning_ID0000016_pegasus-plan_ID0000012,None,compute,0,1676892697.0,,,1676892702.0,1676892670.0,1676892687.0,46708476.6,1676892707.0,1676892777.0,1676892728.0,1676892732.0,248.0,1676892777.0,1676892782.0,5.0,,5.0,70.0,5.0,17.0,502672266.0,4.0,1055.0,poseidon,condorpool,poseidon-worker-3-container-0-7,xgboost_hp_tuning,/srv/xgboost_hp_tuning,,164.8,0,0,0.0,157974313.0,40.0,3334.0,2.0,135.1,3.5,5265810.4,4.0
xgboost_hp_tuning_ID0000006_pegasus-plan_ID0000012,None,compute,0,1676892697.0,,,1676892702.0,1676892670.0,1676892688.0,46517873.8,1676892707.0,1676892777.0,1676892727.0,1676892731.0,249.0,1676892777.0,1676892782.0,5.0,,5.0,70.0,5.0,18.0,502672266.0,4.0,1065.0,poseidon,condorpool,poseidon-worker-1-container-8-15,xgboost_hp_tuning,/srv/xgboost_hp_tuning,,165.5,0,0,0.1,157976237.0,40.0,3336.0,2.0,148.4,3.4,5265874.6,4.0
xgboost_hp_tuning_ID0000017_pegasus-plan_ID0000012,None,compute,0,1676892697.0,,,1676892702.0,1676892670.0,1676892688.0,45825719.4,1676892708.0,1676892762.0,1676892712.0,1676892716.0,242.0,1676892762.0,1676892767.0,5.0,,6.0,54.0,5.0,18.0,502672266.0,4.0,1052.0,poseidon,condorpool,poseidon-worker-2-container-16-23,xgboost_hp_tuning,/srv/xgboost_hp_tuning,,87.2,0,0,0.0,157967829.0,40.0,3305.0,2.0,40.7,2.7,15796782.9,4.0
xgboost_hp_tuning_ID0000007_pegasus-plan_ID0000012,None,compute,0,1676892697.0,,,1676892702.0,1676892670.0,1676892687.0,46692735.8,1676892707.0,1676892772.0,1676892721.0,1676892725.0,252.0,1676892772.0,1676892777.0,5.0,,5.0,65.0,5.0,17.0,502672266.0,4.0,1067.0,poseidon,condorpool,poseidon-worker-3-container-24-31,xgboost_hp_tuning,/srv/xgboost_hp_tuning,,140.4,0,0,0.0,157970593.0,40.0,3319.0,2.0,96.1,3.1,7898529.7,4.0
xgboost_hp_tuning_ID0000009_pegasus-plan_ID0000012,None,compute,0,1676892697.0,,,1676892702.0,1676892670.0,1676892687.0,46553679.2,1676892707.0,1676892767.0,1676892713.0,1676892717.0,248.0,1676892767.0,1676892772.0,5.0,,5.0,60.0,5.0,17.0,502672266.0,4.0,1057.0,poseidon,condorpool,poseidon-worker-2-container-24-31,xgboost_hp_tuning,/srv/xgboost_hp_tuning,,98.8,0,0,0.0,157968056.0,40.0,3305.0,2.0,40.5,2.8,15796805.6,4.0
xgboost_hp_tuning_ID0000011_pegasus-plan_ID0000012,None,compute,0,1676892697.0,,,1676892702.0,1676892670.0,1676892687.0,46490380.2,1676892707.0,1676892772.0,1676892721.0,1676892725.0,248.0,1676892772.0,1676892777.0,5.0,,5.0,65.0,5.0,17.0,502672266.0,4.0,1050.0,poseidon,condorpool,poseidon-worker-2-container-0-7,xgboost_hp_tuning,/srv/xgboost_hp_tuning,,134.8,0,0,0.1,157972512.0,40.0,3321.0,2.0,88.4,3.0,7898625.6,4.0
xgboost_hp_tuning_ID0000022_pegasus-plan_ID0000012,None,compute,0,1676892697.0,,,1676892702.0,1676892670.0,1676892687.0,46734181.8,1676892707.0,1676892787.0,1676892737.0,1676892741.0,252.0,1676892787.0,1676892792.0,5.0,,5.0,80.0,5.0,17.0,502672266.0,4.0,1064.0,poseidon,condorpool,poseidon-worker-3-container-32-39,xgboost_hp_tuning,/srv/xgboost_hp_tuning,,234.9,0,0,0.1,157978502.0,40.0,3349.0,2.0,210.5,3.8,3949462.6,4.0
xgboost_hp_tuning_ID0000010_pegasus-plan_ID0000012,None,compute,0,1676892697.0,,,1676892702.0,1676892670.0,1676892688.0,46517355.2,1676892707.0,1676892772.0,1676892718.0,1676892722.0,245.0,1676892772.0,1676892777.0,5.0,,5.0,65.0,5.0,18.0,502672266.0,4.0,1049.0,poseidon,condorpool,poseidon-worker-1-container-32-39,xgboost_hp_tuning,/srv/xgboost_hp_tuning,,132.3,0,0,0.1,157972472.0,40.0,3321.0,2.0,106.2,3.4,7898623.6,4.0
xgboost_hp_tuning_ID0000021_pegasus-plan_ID0000012,None,compute,0,1676892697.0,,,1676892702.0,1676892670.0,1676892687.0,46768664.2,1676892707.0,1676892787.0,1676892734.0,1676892738.0,254.0,1676892787.0,1676892792.0,5.0,,5.0,80.0,5.0,17.0,502672266.0,4.0,1062.0,poseidon,condorpool,poseidon-worker-3-container-40-47,xgboost_hp_tuning,/srv/xgboost_hp_tuning,,225.9,0,0,0.0,157978190.0,40.0,3349.0,2.0,220.8,4.0,3949454.7,4.0
xgboost_hp_tuning_ID0000020_pegasus-plan_ID0000012,None,compute,0,1676892697.0,,,1676892702.0,1676892670.0,1676892687.0,46522883.8,1676892707.0,1676892762.0,1676892711.0,1676892715.0,252.0,1676892762.0,1676892767.0,5.0,,5.0,55.0,5.0,17.0,502672266.0,4.0,1064.0,poseidon,condorpool,poseidon-worker-1-container-16-23,xgboost_hp_tuning,/srv/xgboost_hp_tuning,,90.6,0,0,0.1,157967832.0,40.0,3305.0,2.0,44.8,2.5,15796783.2,4.0
xgboost_hp_tuning_ID0000008_pegasus-plan_ID0000012,None,compute,0,1676892697.0,,,1676892702.0,1676892670.0,1676892687.0,46515633.4,1676892707.0,1676892772.0,1676892721.0,1676892726.0,243.0,1676892772.0,1676892777.0,5.0,,5.0,65.0,5.0,17.0,502672266.0,5.0,1059.0,poseidon,condorpool,poseidon-worker-1-container-40-47,xgboost_hp_tuning,/srv/xgboost_hp_tuning,,150.3,0,0,0.1,157972475.0,40.0,3321.0,2.0,101.1,3.1,7898623.8,4.0
xgboost_hp_tuning_ID0000019_pegasus-plan_ID0000012,None,compute,0,1676892697.0,,,1676892702.0,1676892670.0,1676892687.0,46530478.0,1676892707.0,1676892762.0,1676892712.0,1676892717.0,247.0,1676892762.0,1676892767.0,5.0,,5.0,55.0,5.0,17.0,502672266.0,5.0,1061.0,poseidon,condorpool,poseidon-worker-2-container-40-47,xgboost_hp_tuning,/srv/xgboost_hp_tuning,,94.2,0,0,0.0,157967829.0,40.0,3305.0,2.0,41.8,2.8,15796782.9,4.0
xgboost_hp_tuning_ID0000005_pegasus-plan_ID0000012,None,compute,0,1676892697.0,,,1676892702.0,1676892670.0,1676892687.0,46545767.0,1676892707.0,1676892792.0,1676892740.0,1676892745.0,251.0,1676892792.0,1676892797.0,5.0,,5.0,85.0,5.0,17.0,502672266.0,5.0,1079.0,poseidon,condorpool,poseidon-worker-1-container-24-31,xgboost_hp_tuning,/srv/xgboost_hp_tuning,,265.7,0,0,0.1,157980076.0,40.0,3351.0,2.0,217.4,3.6,3949501.9,4.0
xgboost_hp_tuning_ID0000023_pegasus-plan_ID0000016,None,compute,0,1676892712.0,,,1676892717.0,1676892784.0,1676892800.0,42501650.5,1676892821.0,1676892862.0,1676892810.0,1676892814.0,254.0,1676892862.0,1676892867.0,5.0,,104.0,41.0,5.0,16.0,377646203.0,4.0,1092.0,poseidon,condorpool,poseidon-worker-2-container-32-39,xgboost_hp_tuning,/srv/xgboost_hp_tuning,,16.5,0,0,,,,,,,,,
xgboost_hp_tuning_ID0000020_pegasus-plan_ID0000016,None,compute,0,1676892712.0,,,1676892717.0,1676892735.0,1676892751.0,42502222.0,1676892772.0,1676892817.0,1676892763.0,1676892768.0,248.0,1676892817.0,1676892822.0,5.0,,55.0,45.0,5.0,16.0,377646203.0,5.0,1062.0,poseidon,condorpool,poseidon-worker-1-container-40-47,xgboost_hp_tuning,/srv/xgboost_hp_tuning,,29.2,0,0,,,,,,,,,
xgboost_hp_tuning_ID0000001_pegasus-plan_ID0000016,None,compute,0,1676892712.0,,,1676892717.0,1676892780.0,1676892795.0,42638626.8,1676892817.0,1676892857.0,1676892805.0,1676892810.0,251.0,1676892857.0,1676892862.0,5.0,,100.0,40.0,5.0,15.0,377646203.0,5.0,1063.0,poseidon,condorpool,poseidon-worker-3-container-0-7,xgboost_hp_tuning,/srv/xgboost_hp_tuning,,15.2,0,0,,,,,,,,,
xgboost_hp_tuning_ID0000009_pegasus-plan_ID0000016,None,compute,0,1676892712.0,,,1676892717.0,1676892729.0,1676892746.0,42461336.0,1676892767.0,1676892807.0,1676892755.0,1676892760.0,245.0,1676892807.0,1676892812.0,5.0,,50.0,40.0,5.0,17.0,377646203.0,5.0,1055.0,poseidon,condorpool,poseidon-worker-2-container-8-15,xgboost_hp_tuning,/srv/xgboost_hp_tuning,,14.0,0,0,,,,,,,,,
xgboost_hp_tuning_ID0000011_pegasus-plan_ID0000016,None,compute,0,1676892712.0,,,1676892717.0,1676892731.0,1676892747.0,42536585.5,1676892769.0,1676892812.0,1676892757.0,1676892762.0,246.0,1676892812.0,1676892817.0,5.0,,52.0,43.0,5.0,16.0,377646203.0,5.0,1050.0,poseidon,condorpool,poseidon-worker-1-container-32-39,xgboost_hp_tuning,/srv/xgboost_hp_tuning,,15.2,0,0,,,,,,,,,
xgboost_hp_tuning_ID0000022_pegasus-plan_ID0000016,None,compute,0,1676892712.0,,,1676892717.0,1676892734.0,1676892750.0,42659619.0,1676892771.0,1676892812.0,1676892759.0,1676892764.0,249.0,1676892812.0,1676892817.0,5.0,,54.0,41.0,5.0,16.0,377646203.0,5.0,1061.0,poseidon,condorpool,poseidon-worker-3-container-24-31,xgboost_hp_tuning,/srv/xgboost_hp_tuning,,14.4,0,0,,,,,,,,,
xgboost_hp_tuning_ID0000010_pegasus-plan_ID0000016,None,compute,0,1676892712.0,,,1676892717.0,1676892734.0,1676892750.0,42654594.5,1676892772.0,1676892812.0,1676892762.0,1676892766.0,251.0,1676892812.0,1676892817.0,5.0,,55.0,40.0,5.0,16.0,377646203.0,4.0,1052.0,poseidon,condorpool,poseidon-worker-3-container-16-23,xgboost_hp_tuning,/srv/xgboost_hp_tuning,,26.7,0,0,,,,,,,,,
xgboost_hp_tuning_ID0000021_pegasus-plan_ID0000016,None,compute,0,1676892712.0,,,1676892717.0,1676892735.0,1676892751.0,42440833.0,1676892772.0,1676892812.0,1676892761.0,1676892766.0,247.0,1676892812.0,1676892817.0,5.0,,55.0,40.0,5.0,16.0,377646203.0,5.0,1063.0,poseidon,condorpool,poseidon-worker-2-container-0-7,xgboost_hp_tuning,/srv/xgboost_hp_tuning,,18.3,0,0,,,,,,,,,
xgboost_hp_tuning_ID0000008_pegasus-plan_ID0000016,None,compute,0,1676892712.0,,,1676892717.0,1676892740.0,1676892756.0,42495150.8,1676892778.0,1676892837.0,1676892786.0,1676892790.0,245.0,1676892837.0,1676892842.0,5.0,,61.0,59.0,5.0,16.0,377646203.0,4.0,1056.0,poseidon,condorpool,poseidon-worker-1-container-8-15,xgboost_hp_tuning,/srv/xgboost_hp_tuning,,132.7,0,0,0.1,32946453.0,40.0,3321.0,2.0,108.6,1.6,1647322.6,4.0
xgboost_hp_tuning_ID0000019_pegasus-plan_ID0000016,None,compute,0,1676892712.0,,,1676892717.0,1676892741.0,1676892757.0,42624457.8,1676892779.0,1676892817.0,1676892767.0,1676892771.0,250.0,1676892817.0,1676892822.0,5.0,,62.0,38.0,5.0,16.0,377646203.0,4.0,1058.0,poseidon,condorpool,poseidon-worker-3-container-0-7,xgboost_hp_tuning,/srv/xgboost_hp_tuning,,15.3,0,0,,,,,,,,,
xgboost_hp_tuning_ID0000012_pegasus-plan_ID0000016,None,compute,0,1676892712.0,,,1676892717.0,1676892780.0,1676892796.0,42629440.0,1676892818.0,1676892857.0,1676892806.0,1676892810.0,246.0,1676892857.0,1676892862.0,5.0,,101.0,39.0,5.0,16.0,377646203.0,4.0,1045.0,poseidon,condorpool,poseidon-worker-3-container-8-15,xgboost_hp_tuning,/srv/xgboost_hp_tuning,,14.4,0,0,,,,,,,,,
xgboost_hp_tuning_ID0000018_pegasus-plan_ID0000016,None,compute,0,1676892712.0,,,1676892717.0,1676892747.0,1676892763.0,42645101.5,1676892785.0,1676892822.0,1676892773.0,1676892777.0,251.0,1676892822.0,1676892827.0,5.0,,68.0,37.0,5.0,16.0,377646203.0,4.0,1053.0,poseidon,condorpool,poseidon-worker-3-container-40-47,xgboost_hp_tuning,/srv/xgboost_hp_tuning,,14.2,0,0,,,,,,,,,
xgboost_hp_tuning_ID0000007_pegasus-plan_ID0000016,None,compute,0,1676892712.0,,,1676892717.0,1676892742.0,1676892758.0,42619503.5,1676892780.0,1676892817.0,1676892768.0,1676892772.0,250.0,1676892817.0,1676892822.0,5.0,,63.0,37.0,5.0,16.0,377646203.0,4.0,1066.0,poseidon,condorpool,poseidon-worker-3-container-8-15,xgboost_hp_tuning,/srv/xgboost_hp_tuning,,13.5,0,0,,,,,,,,,
xgboost_hp_tuning_ID0000017_pegasus-plan_ID0000016,None,compute,0,1676892712.0,,,1676892717.0,1676892750.0,1676892765.0,42610171.0,1676892787.0,1676892832.0,1676892778.0,1676892782.0,248.0,1676892832.0,1676892837.0,5.0,,70.0,45.0,5.0,15.0,377646203.0,4.0,1055.0,poseidon,condorpool,poseidon-worker-3-container-32-39,xgboost_hp_tuning,/srv/xgboost_hp_tuning,,29.0,0,0,,,,,,,,,
xgboost_hp_tuning_ID0000005_pegasus-plan_ID0000016,None,compute,0,1676892712.0,,,1676892717.0,1676892754.0,1676892770.0,42527898.2,1676892791.0,1676892832.0,1676892780.0,1676892784.0,251.0,1676892832.0,1676892837.0,5.0,,74.0,41.0,5.0,16.0,377646203.0,4.0,1077.0,poseidon,condorpool,poseidon-worker-1-container-24-31,xgboost_hp_tuning,/srv/xgboost_hp_tuning,,15.8,0,0,,,,,,,,,
xgboost_hp_tuning_ID0000016_pegasus-plan_ID0000016,None,compute,0,1676892712.0,,,1676892717.0,1676892769.0,1676892785.0,42499502.0,1676892806.0,1676892847.0,1676892795.0,1676892799.0,242.0,1676892847.0,1676892852.0,5.0,,89.0,41.0,5.0,16.0,377646203.0,4.0,1053.0,poseidon,condorpool,poseidon-worker-2-container-8-15,xgboost_hp_tuning,/srv/xgboost_hp_tuning,,15.5,0,0,,,,,,,,,
xgboost_hp_tuning_ID0000004_pegasus-plan_ID0000016,None,compute,0,1676892712.0,,,1676892717.0,1676892771.0,1676892787.0,42497703.2,1676892808.0,1676892847.0,1676892797.0,1676892801.0,248.0,1676892847.0,1676892852.0,5.0,,91.0,39.0,5.0,16.0,377646203.0,4.0,1062.0,poseidon,condorpool,poseidon-worker-1-container-32-39,xgboost_hp_tuning,/srv/xgboost_hp_tuning,,15.2,0,0,,,,,,,,,
xgboost_hp_tuning_ID0000015_pegasus-plan_ID0000016,None,compute,0,1676892712.0,,,1676892717.0,1676892773.0,1676892788.0,42661132.0,1676892810.0,1676892852.0,1676892799.0,1676892804.0,243.0,1676892852.0,1676892857.0,5.0,,93.0,42.0,5.0,15.0,377646203.0,5.0,1053.0,poseidon,condorpool,poseidon-worker-3-container-24-31,xgboost_hp_tuning,/srv/xgboost_hp_tuning,,21.5,0,0,,,,,,,,,
xgboost_hp_tuning_ID0000003_pegasus-plan_ID0000016,None,compute,0,1676892712.0,,,1676892717.0,1676892775.0,1676892791.0,42505718.0,1676892812.0,1676892852.0,1676892801.0,1676892805.0,253.0,1676892852.0,1676892857.0,5.0,,95.0,40.0,5.0,16.0,377646203.0,4.0,1068.0,poseidon,condorpool,poseidon-worker-2-container-0-7,xgboost_hp_tuning,/srv/xgboost_hp_tuning,,14.3,0,0,,,,,,,,,
xgboost_hp_tuning_ID0000014_pegasus-plan_ID0000016,None,compute,0,1676892712.0,,,1676892717.0,1676892775.0,1676892791.0,42652866.2,1676892812.0,1676892852.0,1676892801.0,1676892805.0,245.0,1676892852.0,1676892857.0,5.0,,95.0,40.0,5.0,16.0,377646203.0,4.0,1055.0,poseidon,condorpool,poseidon-worker-3-container-16-23,xgboost_hp_tuning,/srv/xgboost_hp_tuning,,14.5,0,0,,,,,,,,,
xgboost_hp_tuning_ID0000002_pegasus-plan_ID0000016,None,compute,0,1676892712.0,,,1676892717.0,1676892777.0,1676892793.0,42506264.5,1676892814.0,1676892852.0,1676892803.0,1676892807.0,249.0,1676892852.0,1676892857.0,5.0,,97.0,38.0,5.0,16.0,377646203.0,4.0,1064.0,poseidon,condorpool,poseidon-worker-1-container-40-47,xgboost_hp_tuning,/srv/xgboost_hp_tuning,,15.1,0,0,,,,,,,,,
xgboost_hp_tuning_ID0000006_pegasus-plan_ID0000016,None,compute,0,1676892712.0,,,1676892717.0,1676892747.0,1676892763.0,42234059.8,1676892785.0,1676892827.0,1676892774.0,1676892778.0,249.0,1676892827.0,1676892832.0,5.0,,68.0,42.0,5.0,16.0,377646203.0,4.0,1062.0,poseidon,condorpool,poseidon-worker-1-container-0-7,xgboost_hp_tuning,/srv/xgboost_hp_tuning,,15.7,0,0,,,,,,,,,
xgboost_hp_tuning_ID0000013_pegasus-plan_ID0000016,None,compute,0,1676892712.0,,,1676892717.0,1676892780.0,1676892796.0,42491219.5,1676892817.0,1676892857.0,1676892805.0,1676892810.0,243.0,1676892857.0,1676892862.0,5.0,,100.0,40.0,5.0,16.0,377646203.0,5.0,1052.0,poseidon,condorpool,poseidon-worker-2-container-40-47,xgboost_hp_tuning,/srv/xgboost_hp_tuning,,14.2,0,0,,,,,,,,,
xgboost_hp_tuning_ID0000001_pegasus-plan_ID0000020,None,compute,0,1676892717.0,,,1676892722.0,1676893206.0,1676893237.0,68954206.1,1676893243.0,1676893618.0,1676893566.0,1676893570.0,251.0,1676893618.0,1676893623.0,5.0,,521.0,375.0,5.0,31.0,1691153157.0,4.0,1064.0,poseidon,condorpool,poseidon-worker-1-container-8-15,xgboost_hp_tuning,/srv/xgboost_hp_tuning,,1818.9,0,0,0.0,1346564618.0,40.0,3756.0,2.0,1700.9,60.1,4343756.8,4.0
xgboost_hp_tuning_ID0000009_pegasus-plan_ID0000020,None,compute,0,1676892717.0,,,1676892722.0,1676892786.0,1676892817.0,69140049.0,1676892824.0,1676893303.0,1676893248.0,1676893252.0,249.0,1676893303.0,1676893308.0,5.0,,102.0,479.0,5.0,31.0,1691153157.0,4.0,1058.0,poseidon,condorpool,poseidon-worker-3-container-40-47,xgboost_hp_tuning,/srv/xgboost_hp_tuning,,2459.5,0,0,0.0,1346604791.0,40.0,3919.0,2.0,2389.6,56.1,3206201.9,4.0
xgboost_hp_tuning_ID0000012_pegasus-plan_ID0000020,None,compute,0,1676892717.0,,,1676892722.0,1676893212.0,1676893243.0,69054596.9,1676893249.0,1676893613.0,1676893561.0,1676893565.0,252.0,1676893613.0,1676893618.0,5.0,,527.0,364.0,5.0,31.0,1691153157.0,4.0,1046.0,poseidon,condorpool,poseidon-worker-3-container-32-39,xgboost_hp_tuning,/srv/xgboost_hp_tuning,,1727.9,0,0,0.0,1346559023.0,40.0,3739.0,2.0,1619.2,51.5,4488530.1,4.0
xgboost_hp_tuning_ID0000023_pegasus-plan_ID0000020,None,compute,0,1676892717.0,,,1676892722.0,1676893215.0,1676893246.0,69069031.0,1676893252.0,1676893593.0,1676893542.0,1676893546.0,260.0,1676893593.0,1676893598.0,5.0,,530.0,341.0,5.0,31.0,1691153157.0,4.0,1091.0,poseidon,condorpool,poseidon-worker-3-container-16-23,xgboost_hp_tuning,/srv/xgboost_hp_tuning,,1515.1,0,0,0.0,1346551348.0,40.0,3709.0,2.0,1428.1,46.0,4809112.0,4.0
xgboost_hp_tuning_ID0000017_pegasus-plan_ID0000020,None,compute,0,1676892717.0,,,1676892722.0,1676892814.0,1676892845.0,69168987.0,1676892852.0,1676893253.0,1676893201.0,1676893206.0,248.0,1676893253.0,1676893258.0,5.0,,130.0,401.0,5.0,31.0,1691153157.0,5.0,1054.0,poseidon,condorpool,poseidon-worker-3-container-16-23,xgboost_hp_tuning,/srv/xgboost_hp_tuning,,1871.7,0,0,0.1,1346574412.0,40.0,3799.0,2.0,1763.3,64.0,3960513.0,4.0
xgboost_hp_tuning_ID0000002_pegasus-plan_ID0000020,None,compute,0,1676892717.0,,,1676892722.0,1676893191.0,1676893222.0,69032188.7,1676893228.0,1676893628.0,1676893577.0,1676893581.0,252.0,1676893628.0,1676893633.0,5.0,,506.0,400.0,5.0,31.0,1691153157.0,4.0,1058.0,poseidon,condorpool,poseidon-worker-3-container-24-31,xgboost_hp_tuning,/srv/xgboost_hp_tuning,,1952.7,0,0,0.1,1346574373.0,40.0,3799.0,2.0,1864.9,50.2,3960512.9,4.0
xgboost_hp_tuning_ID0000006_pegasus-plan_ID0000020,None,compute,0,1676892717.0,,,1676892722.0,1676892812.0,1676892844.0,69087739.1,1676892850.0,1676893228.0,1676893177.0,1676893181.0,254.0,1676893228.0,1676893233.0,5.0,,128.0,378.0,5.0,32.0,1691153157.0,4.0,1067.0,poseidon,condorpool,poseidon-worker-3-container-24-31,xgboost_hp_tuning,/srv/xgboost_hp_tuning,,1806.9,0,0,0.0,1346566671.0,40.0,3769.0,2.0,1729.5,51.9,4208020.8,4.0
xgboost_hp_tuning_ID0000016_pegasus-plan_ID0000020,None,compute,0,1676892717.0,,,1676892722.0,1676892816.0,1676892848.0,68799939.2,1676892854.0,1676893298.0,1676893244.0,1676893248.0,246.0,1676893298.0,1676893303.0,5.0,,132.0,444.0,5.0,32.0,1691153157.0,4.0,1054.0,poseidon,condorpool,poseidon-worker-1-container-40-47,xgboost_hp_tuning,/srv/xgboost_hp_tuning,,2160.4,0,0,0.0,1346591580.0,40.0,3861.0,2.0,2047.1,65.1,3543662.1,4.0
xgboost_hp_tuning_ID0000004_pegasus-plan_ID0000020,None,compute,0,1676892717.0,,,1676892722.0,1676892819.0,1676892850.0,68845375.8,1676892856.0,1676893303.0,1676893249.0,1676893253.0,253.0,1676893303.0,1676893308.0,5.0,,134.0,447.0,5.0,31.0,1691153157.0,4.0,1063.0,poseidon,condorpool,poseidon-worker-2-container-40-47,xgboost_hp_tuning,/srv/xgboost_hp_tuning,,2265.2,0,0,0.0,1346591539.0,40.0,3861.0,2.0,2129.8,72.9,3543661.9,4.0
xgboost_hp_tuning_ID0000018_pegasus-plan_ID0000020,None,compute,0,1676892717.0,,,1676892722.0,1676892810.0,1676892842.0,69022654.7,1676892848.0,1676893283.0,1676893229.0,1676893233.0,246.0,1676893283.0,1676893288.0,5.0,,126.0,435.0,5.0,32.0,1691153157.0,4.0,1053.0,poseidon,condorpool,poseidon-worker-1-container-32-39,xgboost_hp_tuning,/srv/xgboost_hp_tuning,,2175.7,0,0,0.1,1346587778.0,40.0,3846.0,2.0,2062.9,58.8,3639426.4,4.0
xgboost_hp_tuning_ID0000013_pegasus-plan_ID0000020,None,compute,0,1676892717.0,,,1676892722.0,1676893196.0,1676893228.0,68870115.6,1676893234.0,1676893603.0,1676893552.0,1676893556.0,250.0,1676893603.0,1676893608.0,5.0,,512.0,369.0,5.0,32.0,1691153157.0,4.0,1053.0,poseidon,condorpool,poseidon-worker-1-container-0-7,xgboost_hp_tuning,/srv/xgboost_hp_tuning,,1799.6,0,0,0.0,1346564452.0,40.0,3756.0,2.0,1719.4,49.3,4343756.3,4.0
xgboost_hp_tuning_ID0000019_pegasus-plan_ID0000020,None,compute,0,1676892717.0,,,1676892722.0,1676892802.0,1676892833.0,68889319.3,1676892840.0,1676893448.0,1676893395.0,1676893399.0,246.0,1676893448.0,1676893453.0,5.0,,118.0,608.0,5.0,31.0,1691153157.0,4.0,1060.0,poseidon,condorpool,poseidon-worker-1-container-16-23,xgboost_hp_tuning,/srv/xgboost_hp_tuning,,3305.5,0,0,0.0,1346656520.0,40.0,4116.0,2.0,3203.2,87.6,2448466.4,4.0
xgboost_hp_tuning_ID0000008_pegasus-plan_ID0000020,None,compute,0,1676892717.0,,,1676892722.0,1676892799.0,1676892830.0,68882684.3,1676892837.0,1676893243.0,1676893192.0,1676893196.0,247.0,1676893243.0,1676893248.0,5.0,,115.0,406.0,5.0,31.0,1691153157.0,4.0,1058.0,poseidon,condorpool,poseidon-worker-1-container-8-15,xgboost_hp_tuning,/srv/xgboost_hp_tuning,,1997.6,0,0,0.1,1346579763.0,40.0,3816.0,2.0,1921.7,61.0,3847370.8,4.0
xgboost_hp_tuning_ID0000007_pegasus-plan_ID0000020,None,compute,0,1676892717.0,,,1676892722.0,1676892808.0,1676892840.0,68994390.5,1676892846.0,1676893283.0,1676893229.0,1676893233.0,250.0,1676893283.0,1676893288.0,5.0,,124.0,437.0,5.0,32.0,1691153157.0,4.0,1067.0,poseidon,condorpool,poseidon-worker-2-container-8-15,xgboost_hp_tuning,/srv/xgboost_hp_tuning,,2208.8,0,0,0.1,1346591419.0,40.0,3861.0,2.0,2148.5,59.8,3543661.6,4.0
xgboost_hp_tuning_ID0000021_pegasus-plan_ID0000020,None,compute,0,1676892717.0,,,1676892722.0,1676892794.0,1676892825.0,68969111.2,1676892832.0,1676893263.0,1676893211.0,1676893215.0,250.0,1676893263.0,1676893268.0,5.0,,110.0,431.0,5.0,31.0,1691153157.0,4.0,1063.0,poseidon,condorpool,poseidon-worker-2-container-24-31,xgboost_hp_tuning,/srv/xgboost_hp_tuning,,2142.4,0,0,0.0,1346587767.0,40.0,3846.0,2.0,2047.0,51.4,3639426.4,4.0
xgboost_hp_tuning_ID0000010_pegasus-plan_ID0000020,None,compute,0,1676892717.0,,,1676892722.0,1676892793.0,1676892825.0,68949920.7,1676892831.0,1676893263.0,1676893211.0,1676893215.0,245.0,1676893263.0,1676893268.0,5.0,,109.0,432.0,5.0,32.0,1691153157.0,4.0,1051.0,poseidon,condorpool,poseidon-worker-1-container-24-31,xgboost_hp_tuning,/srv/xgboost_hp_tuning,,2127.6,0,0,0.1,1346587531.0,40.0,3846.0,2.0,2018.8,64.0,3639425.8,4.0
xgboost_hp_tuning_ID0000022_pegasus-plan_ID0000020,None,compute,0,1676892717.0,,,1676892722.0,1676892791.0,1676892822.0,69042350.4,1676892829.0,1676893203.0,1676893153.0,1676893157.0,251.0,1676893203.0,1676893208.0,5.0,,107.0,374.0,5.0,31.0,1691153157.0,4.0,1063.0,poseidon,condorpool,poseidon-worker-3-container-32-39,xgboost_hp_tuning,/srv/xgboost_hp_tuning,,1801.8,0,0,0.1,1346566740.0,40.0,3769.0,2.0,1744.0,49.1,4208021.1,4.0
xgboost_hp_tuning_ID0000005_pegasus-plan_ID0000020,None,compute,0,1676892717.0,,,1676892722.0,1676892814.0,1676892846.0,68777205.5,1676892852.0,1676893323.0,1676893269.0,1676893273.0,251.0,1676893323.0,1676893328.0,5.0,,130.0,471.0,5.0,32.0,1691153157.0,4.0,1077.0,poseidon,condorpool,poseidon-worker-2-container-0-7,xgboost_hp_tuning,/srv/xgboost_hp_tuning,,2391.6,0,0,0.1,1346602675.0,40.0,3906.0,2.0,2295.4,73.0,3284396.8,4.0
xgboost_hp_tuning_ID0000015_pegasus-plan_ID0000020,None,compute,0,1676892717.0,,,1676892722.0,1676892819.0,1676892850.0,69189779.5,1676892857.0,1676893288.0,1676893235.0,1676893239.0,248.0,1676893288.0,1676893293.0,5.0,,135.0,431.0,5.0,31.0,1691153157.0,4.0,1053.0,poseidon,condorpool,poseidon-worker-3-container-8-15,xgboost_hp_tuning,/srv/xgboost_hp_tuning,,2071.1,0,0,0.0,1346585720.0,40.0,3844.0,2.0,1964.8,67.4,3639420.9,4.0
xgboost_hp_tuning_ID0000003_pegasus-plan_ID0000020,None,compute,0,1676892717.0,,,1676892722.0,1676892823.0,1676892855.0,68833723.2,1676892861.0,1676893258.0,1676893206.0,1676893211.0,250.0,1676893258.0,1676893263.0,5.0,,139.0,397.0,5.0,32.0,1691153157.0,5.0,1069.0,poseidon,condorpool,poseidon-worker-2-container-32-39,xgboost_hp_tuning,/srv/xgboost_hp_tuning,,1910.4,0,0,0.0,1346576257.0,40.0,3801.0,2.0,1830.2,65.2,3960518.4,4.0
xgboost_hp_tuning_ID0000014_pegasus-plan_ID0000020,None,compute,0,1676892717.0,,,1676892722.0,1676892892.0,1676892924.0,68984328.2,1676892930.0,1676893338.0,1676893288.0,1676893292.0,249.0,1676893338.0,1676893343.0,5.0,,208.0,408.0,5.0,32.0,1691153157.0,4.0,1055.0,poseidon,condorpool,poseidon-worker-3-container-0-7,xgboost_hp_tuning,/srv/xgboost_hp_tuning,,1969.1,0,0,0.0,1346577894.0,40.0,3814.0,2.0,1871.8,66.5,3847365.4,4.0
xgboost_hp_tuning_ID0000020_pegasus-plan_ID0000020,None,compute,0,1676892717.0,,,1676892722.0,1676892796.0,1676892828.0,68634987.0,1676892834.0,1676893218.0,1676893166.0,1676893170.0,249.0,1676893218.0,1676893223.0,5.0,,112.0,384.0,5.0,32.0,1691153157.0,4.0,1062.0,poseidon,condorpool,poseidon-worker-2-container-16-23,xgboost_hp_tuning,/srv/xgboost_hp_tuning,,1822.4,0,0,0.1,1346568415.0,40.0,3771.0,2.0,1702.6,59.6,4208026.3,4.0
xgboost_hp_tuning_ID0000011_pegasus-plan_ID0000020,None,compute,0,1676892717.0,,,1676892722.0,1676892787.0,1676892818.0,69037096.8,1676892825.0,1676893233.0,1676893182.0,1676893187.0,246.0,1676893233.0,1676893238.0,5.0,,103.0,408.0,5.0,31.0,1691153157.0,5.0,1050.0,poseidon,condorpool,poseidon-worker-1-container-0-7,xgboost_hp_tuning,/srv/xgboost_hp_tuning,,2001.8,0,0,0.1,1346579496.0,40.0,3816.0,2.0,1906.2,62.5,3847370.0,4.0
stage_out_local_condorpool_0_2_pegasus-plan_ID0000012,None,transfer,0,1676892827.0,,,1676892832.0,,,0.0,1676892832.0,1676892842.0,1676892832.0,1676892836.0,1841.0,1676892842.0,1676892847.0,5.0,,0.0,10.0,5.0,,,4.0,7427.0,poseidon,local,host-10-100-100-12.openstacklocal,pegasus::transfer,/home/poseidon/pegasus-5.1.0panorama/bin/pegasus-transfer,/home/poseidon/pegasus-5.1.0panorama/bin/../bin/pegasus-kickstart  -n pegasus::transfer -N null -i - -R local  -L xgboost_hp_tuning_group_0 -T 2023-02-20T11:30:49+00:00 /home/poseidon/pegasus-5.1.0panorama/bin/../bin/pegasus-transfer  --threads 2,0.9,0,0,,,,,,,,,
stage_out_local_condorpool_0_1_pegasus-plan_ID0000012,None,transfer,0,1676892842.0,,,1676892847.0,,,0.0,1676892848.0,1676892858.0,1676892848.0,1676892852.0,2090.0,1676892858.0,1676892863.0,5.0,,1.0,10.0,5.0,,,4.0,8504.0,poseidon,local,host-10-100-100-12.openstacklocal,pegasus::transfer,/home/poseidon/pegasus-5.1.0panorama/bin/pegasus-transfer,/home/poseidon/pegasus-5.1.0panorama/bin/../bin/pegasus-kickstart  -n pegasus::transfer -N null -i - -R local  -L xgboost_hp_tuning_group_0 -T 2023-02-20T11:30:49+00:00 /home/poseidon/pegasus-5.1.0panorama/bin/../bin/pegasus-transfer  --threads 2,1.1,0,0,,,,,,,,,
stage_out_local_condorpool_0_0_pegasus-plan_ID0000012,None,transfer,0,1676892847.0,,,1676892852.0,,,0.0,1676892853.0,1676892863.0,1676892853.0,1676892857.0,2097.0,1676892863.0,1676892868.0,5.0,,1.0,10.0,5.0,,,4.0,8462.0,poseidon,local,host-10-100-100-12.openstacklocal,pegasus::transfer,/home/poseidon/pegasus-5.1.0panorama/bin/pegasus-transfer,/home/poseidon/pegasus-5.1.0panorama/bin/../bin/pegasus-kickstart  -n pegasus::transfer -N null -i - -R local  -L xgboost_hp_tuning_group_0 -T 2023-02-20T11:30:49+00:00 /home/poseidon/pegasus-5.1.0panorama/bin/../bin/pegasus-transfer  --threads 2,1.2,0,0,,,,,,,,,
xgboost_best_params_ID0000024_pegasus-plan_ID0000012,None,compute,0,1676892847.0,,,1676892852.0,1676892819.0,1676892836.0,36939420.3,1676892856.0,1676892893.0,1676892842.0,1676892846.0,258.0,1676892893.0,1676892898.0,5.0,,4.0,37.0,5.0,17.0,368018662.0,4.0,1079.0,poseidon,condorpool,poseidon-worker-3-container-0-7,xgboost_best_params,/srv/xgboost_best_params,,0.0,0,0,,,,,,,,,
register_condorpool_0_2_pegasus-plan_ID0000012,None,auxiliary,0,1676892847.0,,,1676892852.0,,,0.0,1676892853.0,1676892858.0,,,0.0,1676892858.0,1676892863.0,5.0,,1.0,5.0,5.0,,,,,poseidon,local,host-10-100-100-12.openstacklocal,pegasus::rc-client,/home/poseidon/pegasus-5.1.0panorama/bin/pegasus-rc-client,"-n pegasus::rc-client -N null -R local  -L xgboost_hp_tuning_group_0 -T 2023-02-20T11:30:49+00:00 /home/poseidon/pegasus-5.1.0panorama/bin/pegasus-rc-client --prefix pegasus.catalog.replica.output --conf /home/poseidon/workflows/predict-future-sales-workflow/submit/poseidon/pegasus/predict-future-sales/run0021/00/00/./xgboost_hp_tuning_group_0.000/pegasus.5695592359886665261.properties -v --meta /home/poseidon/workflows/predict-future-sales-workflow/submit/poseidon/pegasus/predict-future-sales/run0021/00/00/./xgboost_hp_tuning_group_0.000/00/00/xgboost_hp_tuning_ID0000014.meta,/home/poseidon/workflows/predict-future-sales-workflow/submit/poseidon/pegasus/predict-future-sales/run0021/00/00/./xgboost_hp_tuning_group_0.000/00/00/xgboost_hp_tuning_ID0000001.meta,/home/poseidon/workflows/predict-future-sales-workflow/submit/poseidon/pegasus/predict-future-sales/run0021/00/00/./xgboost_hp_tuning_group_0.000/00/00/xgboost_hp_tuning_ID0000007.meta,/home/poseidon/workflows/predict-future-sales-workflow/submit/poseidon/pegasus/predict-future-sales/run0021/00/00/./xgboost_hp_tuning_group_0.000/00/00/xgboost_hp_tuning_ID0000004.meta,/home/poseidon/workflows/predict-future-sales-workflow/submit/poseidon/pegasus/predict-future-sales/run0021/00/00/./xgboost_hp_tuning_group_0.000/00/00/xgboost_hp_tuning_ID0000022.meta,/home/poseidon/workflows/predict-future-sales-workflow/submit/poseidon/pegasus/predict-future-sales/run0021/00/00/./xgboost_hp_tuning_group_0.000/00/00/xgboost_hp_tuning_ID0000020.meta,/home/poseidon/workflows/predict-future-sales-workflow/submit/poseidon/pegasus/predict-future-sales/run0021/00/00/./xgboost_hp_tuning_group_0.000/00/00/xgboost_hp_tuning_ID0000017.meta --insert /home/poseidon/workflows/predict-future-sales-workflow/submit/poseidon/pegasus/predict-future-sales/run0021/00/00/./xgboost_hp_tuning_group_0.000/00/00/register_condorpool_0_2.in",3.2,0,0,,,,,,,,,
stage_out_local_condorpool_0_2_pegasus-plan_ID0000016,None,transfer,0,1676892862.0,,,1676892867.0,,,0.0,1676892867.0,1676892877.0,1676892868.0,1676892872.0,1838.0,1676892877.0,1676892882.0,5.0,,0.0,10.0,5.0,,,4.0,7424.0,poseidon,local,host-10-100-100-12.openstacklocal,pegasus::transfer,/home/poseidon/pegasus-5.1.0panorama/bin/pegasus-transfer,/home/poseidon/pegasus-5.1.0panorama/bin/../bin/pegasus-kickstart  -n pegasus::transfer -N null -i - -R local  -L xgboost_hp_tuning_group_1 -T 2023-02-20T11:30:53+00:00 /home/poseidon/pegasus-5.1.0panorama/bin/../bin/pegasus-transfer  --threads 2,1.1,0,0,,,,,,,,,
stage_out_local_condorpool_0_0_pegasus-plan_ID0000016,None,transfer,0,1676892862.0,,,1676892867.0,,,0.0,1676892867.0,1676892877.0,1676892868.0,1676892872.0,2097.0,1676892877.0,1676892882.0,5.0,,0.0,10.0,5.0,,,4.0,8455.0,poseidon,local,host-10-100-100-12.openstacklocal,pegasus::transfer,/home/poseidon/pegasus-5.1.0panorama/bin/pegasus-transfer,/home/poseidon/pegasus-5.1.0panorama/bin/../bin/pegasus-kickstart  -n pegasus::transfer -N null -i - -R local  -L xgboost_hp_tuning_group_1 -T 2023-02-20T11:30:53+00:00 /home/poseidon/pegasus-5.1.0panorama/bin/../bin/pegasus-transfer  --threads 2,1.1,0,0,,,,,,,,,
register_condorpool_0_1_pegasus-plan_ID0000012,None,auxiliary,0,1676892863.0,,,1676892868.0,,,0.0,1676892873.0,1676892878.0,,,0.0,1676892878.0,1676892883.0,5.0,,5.0,5.0,5.0,,,,,poseidon,local,host-10-100-100-12.openstacklocal,pegasus::rc-client,/home/poseidon/pegasus-5.1.0panorama/bin/pegasus-rc-client,"-n pegasus::rc-client -N null -R local  -L xgboost_hp_tuning_group_0 -T 2023-02-20T11:30:49+00:00 /home/poseidon/pegasus-5.1.0panorama/bin/pegasus-rc-client --prefix pegasus.catalog.replica.output --conf /home/poseidon/workflows/predict-future-sales-workflow/submit/poseidon/pegasus/predict-future-sales/run0021/00/00/./xgboost_hp_tuning_group_0.000/pegasus.5695592359886665261.properties -v --meta /home/poseidon/workflows/predict-future-sales-workflow/submit/poseidon/pegasus/predict-future-sales/run0021/00/00/./xgboost_hp_tuning_group_0.000/00/00/xgboost_hp_tuning_ID0000019.meta,/home/poseidon/workflows/predict-future-sales-workflow/submit/poseidon/pegasus/predict-future-sales/run0021/00/00/./xgboost_hp_tuning_group_0.000/00/00/xgboost_hp_tuning_ID0000003.meta,/home/poseidon/workflows/predict-future-sales-workflow/submit/poseidon/pegasus/predict-future-sales/run0021/00/00/./xgboost_hp_tuning_group_0.000/00/00/xgboost_hp_tuning_ID0000006.meta,/home/poseidon/workflows/predict-future-sales-workflow/submit/poseidon/pegasus/predict-future-sales/run0021/00/00/./xgboost_hp_tuning_group_0.000/00/00/xgboost_hp_tuning_ID0000016.meta,/home/poseidon/workflows/predict-future-sales-workflow/submit/poseidon/pegasus/predict-future-sales/run0021/00/00/./xgboost_hp_tuning_group_0.000/00/00/xgboost_hp_tuning_ID0000013.meta,/home/poseidon/workflows/predict-future-sales-workflow/submit/poseidon/pegasus/predict-future-sales/run0021/00/00/./xgboost_hp_tuning_group_0.000/00/00/xgboost_hp_tuning_ID0000023.meta,/home/poseidon/workflows/predict-future-sales-workflow/submit/poseidon/pegasus/predict-future-sales/run0021/00/00/./xgboost_hp_tuning_group_0.000/00/00/xgboost_hp_tuning_ID0000011.meta,/home/poseidon/workflows/predict-future-sales-workflow/submit/poseidon/pegasus/predict-future-sales/run0021/00/00/./xgboost_hp_tuning_group_0.000/00/00/xgboost_hp_tuning_ID0000021.meta --insert /home/poseidon/workflows/predict-future-sales-workflow/submit/poseidon/pegasus/predict-future-sales/run0021/00/00/./xgboost_hp_tuning_group_0.000/00/00/register_condorpool_0_1.in",3.2,0,0,,,,,,,,,
xgboost_best_params_ID0000024_pegasus-plan_ID0000016,None,compute,0,1676892867.0,,,1676892872.0,1676892855.0,1676892873.0,37031961.0,1676892893.0,1676892932.0,1676892879.0,1676892883.0,250.0,1676892932.0,1676892937.0,5.0,,21.0,39.0,5.0,18.0,368018646.0,4.0,1056.0,poseidon,condorpool,poseidon-worker-3-container-0-7,xgboost_best_params,/srv/xgboost_best_params,,0.0,0,0,,,,,,,,,
stage_out_local_condorpool_0_1_pegasus-plan_ID0000016,None,transfer,0,1676892867.0,,,1676892872.0,,,0.0,1676892873.0,1676892887.0,1676892874.0,1676892878.0,2108.0,1676892887.0,1676892892.0,5.0,,1.0,14.0,5.0,,,4.0,8498.0,poseidon,local,host-10-100-100-12.openstacklocal,pegasus::transfer,/home/poseidon/pegasus-5.1.0panorama/bin/pegasus-transfer,/home/poseidon/pegasus-5.1.0panorama/bin/../bin/pegasus-kickstart  -n pegasus::transfer -N null -i - -R local  -L xgboost_hp_tuning_group_1 -T 2023-02-20T11:30:53+00:00 /home/poseidon/pegasus-5.1.0panorama/bin/../bin/pegasus-transfer  --threads 2,1.1,0,0,,,,,,,,,
register_condorpool_0_0_pegasus-plan_ID0000012,None,auxiliary,0,1676892868.0,,,1676892883.0,,,0.0,1676892883.0,1676892888.0,,,0.0,1676892888.0,1676892893.0,15.0,,0.0,5.0,5.0,,,,,poseidon,local,host-10-100-100-12.openstacklocal,pegasus::rc-client,/home/poseidon/pegasus-5.1.0panorama/bin/pegasus-rc-client,"-n pegasus::rc-client -N null -R local  -L xgboost_hp_tuning_group_0 -T 2023-02-20T11:30:49+00:00 /home/poseidon/pegasus-5.1.0panorama/bin/pegasus-rc-client --prefix pegasus.catalog.replica.output --conf /home/poseidon/workflows/predict-future-sales-workflow/submit/poseidon/pegasus/predict-future-sales/run0021/00/00/./xgboost_hp_tuning_group_0.000/pegasus.5695592359886665261.properties -v --meta /home/poseidon/workflows/predict-future-sales-workflow/submit/poseidon/pegasus/predict-future-sales/run0021/00/00/./xgboost_hp_tuning_group_0.000/00/00/xgboost_hp_tuning_ID0000018.meta,/home/poseidon/workflows/predict-future-sales-workflow/submit/poseidon/pegasus/predict-future-sales/run0021/00/00/./xgboost_hp_tuning_group_0.000/00/00/xgboost_hp_tuning_ID0000009.meta,/home/poseidon/workflows/predict-future-sales-workflow/submit/poseidon/pegasus/predict-future-sales/run0021/00/00/./xgboost_hp_tuning_group_0.000/00/00/xgboost_hp_tuning_ID0000012.meta,/home/poseidon/workflows/predict-future-sales-workflow/submit/poseidon/pegasus/predict-future-sales/run0021/00/00/./xgboost_hp_tuning_group_0.000/00/00/xgboost_hp_tuning_ID0000008.meta,/home/poseidon/workflows/predict-future-sales-workflow/submit/poseidon/pegasus/predict-future-sales/run0021/00/00/./xgboost_hp_tuning_group_0.000/00/00/xgboost_hp_tuning_ID0000010.meta,/home/poseidon/workflows/predict-future-sales-workflow/submit/poseidon/pegasus/predict-future-sales/run0021/00/00/./xgboost_hp_tuning_group_0.000/00/00/xgboost_hp_tuning_ID0000002.meta,/home/poseidon/workflows/predict-future-sales-workflow/submit/poseidon/pegasus/predict-future-sales/run0021/00/00/./xgboost_hp_tuning_group_0.000/00/00/xgboost_hp_tuning_ID0000005.meta,/home/poseidon/workflows/predict-future-sales-workflow/submit/poseidon/pegasus/predict-future-sales/run0021/00/00/./xgboost_hp_tuning_group_0.000/00/00/xgboost_hp_tuning_ID0000015.meta --insert /home/poseidon/workflows/predict-future-sales-workflow/submit/poseidon/pegasus/predict-future-sales/run0021/00/00/./xgboost_hp_tuning_group_0.000/00/00/register_condorpool_0_0.in",3.1,0,0,,,,,,,,,
register_condorpool_0_0_pegasus-plan_ID0000016,None,auxiliary,0,1676892882.0,,,1676892887.0,,,0.0,1676892887.0,1676892892.0,,,0.0,1676892892.0,1676892897.0,5.0,,0.0,5.0,5.0,,,,,poseidon,local,host-10-100-100-12.openstacklocal,pegasus::rc-client,/home/poseidon/pegasus-5.1.0panorama/bin/pegasus-rc-client,"-n pegasus::rc-client -N null -R local  -L xgboost_hp_tuning_group_1 -T 2023-02-20T11:30:53+00:00 /home/poseidon/pegasus-5.1.0panorama/bin/pegasus-rc-client --prefix pegasus.catalog.replica.output --conf /home/poseidon/workflows/predict-future-sales-workflow/submit/poseidon/pegasus/predict-future-sales/run0021/00/00/./xgboost_hp_tuning_group_1.000/pegasus.11110742802467734921.properties -v --meta /home/poseidon/workflows/predict-future-sales-workflow/submit/poseidon/pegasus/predict-future-sales/run0021/00/00/./xgboost_hp_tuning_group_1.000/00/00/xgboost_hp_tuning_ID0000018.meta,/home/poseidon/workflows/predict-future-sales-workflow/submit/poseidon/pegasus/predict-future-sales/run0021/00/00/./xgboost_hp_tuning_group_1.000/00/00/xgboost_hp_tuning_ID0000009.meta,/home/poseidon/workflows/predict-future-sales-workflow/submit/poseidon/pegasus/predict-future-sales/run0021/00/00/./xgboost_hp_tuning_group_1.000/00/00/xgboost_hp_tuning_ID0000012.meta,/home/poseidon/workflows/predict-future-sales-workflow/submit/poseidon/pegasus/predict-future-sales/run0021/00/00/./xgboost_hp_tuning_group_1.000/00/00/xgboost_hp_tuning_ID0000008.meta,/home/poseidon/workflows/predict-future-sales-workflow/submit/poseidon/pegasus/predict-future-sales/run0021/00/00/./xgboost_hp_tuning_group_1.000/00/00/xgboost_hp_tuning_ID0000010.meta,/home/poseidon/workflows/predict-future-sales-workflow/submit/poseidon/pegasus/predict-future-sales/run0021/00/00/./xgboost_hp_tuning_group_1.000/00/00/xgboost_hp_tuning_ID0000002.meta,/home/poseidon/workflows/predict-future-sales-workflow/submit/poseidon/pegasus/predict-future-sales/run0021/00/00/./xgboost_hp_tuning_group_1.000/00/00/xgboost_hp_tuning_ID0000005.meta,/home/poseidon/workflows/predict-future-sales-workflow/submit/poseidon/pegasus/predict-future-sales/run0021/00/00/./xgboost_hp_tuning_group_1.000/00/00/xgboost_hp_tuning_ID0000015.meta --insert /home/poseidon/workflows/predict-future-sales-workflow/submit/poseidon/pegasus/predict-future-sales/run0021/00/00/./xgboost_hp_tuning_group_1.000/00/00/register_condorpool_0_0.in",3.0,0,0,,,,,,,,,
register_condorpool_0_2_pegasus-plan_ID0000016,None,auxiliary,0,1676892882.0,,,1676892897.0,,,0.0,1676892897.0,1676892902.0,,,0.0,1676892902.0,1676892907.0,15.0,,0.0,5.0,5.0,,,,,poseidon,local,host-10-100-100-12.openstacklocal,pegasus::rc-client,/home/poseidon/pegasus-5.1.0panorama/bin/pegasus-rc-client,"-n pegasus::rc-client -N null -R local  -L xgboost_hp_tuning_group_1 -T 2023-02-20T11:30:53+00:00 /home/poseidon/pegasus-5.1.0panorama/bin/pegasus-rc-client --prefix pegasus.catalog.replica.output --conf /home/poseidon/workflows/predict-future-sales-workflow/submit/poseidon/pegasus/predict-future-sales/run0021/00/00/./xgboost_hp_tuning_group_1.000/pegasus.11110742802467734921.properties -v --meta /home/poseidon/workflows/predict-future-sales-workflow/submit/poseidon/pegasus/predict-future-sales/run0021/00/00/./xgboost_hp_tuning_group_1.000/00/00/xgboost_hp_tuning_ID0000014.meta,/home/poseidon/workflows/predict-future-sales-workflow/submit/poseidon/pegasus/predict-future-sales/run0021/00/00/./xgboost_hp_tuning_group_1.000/00/00/xgboost_hp_tuning_ID0000001.meta,/home/poseidon/workflows/predict-future-sales-workflow/submit/poseidon/pegasus/predict-future-sales/run0021/00/00/./xgboost_hp_tuning_group_1.000/00/00/xgboost_hp_tuning_ID0000007.meta,/home/poseidon/workflows/predict-future-sales-workflow/submit/poseidon/pegasus/predict-future-sales/run0021/00/00/./xgboost_hp_tuning_group_1.000/00/00/xgboost_hp_tuning_ID0000004.meta,/home/poseidon/workflows/predict-future-sales-workflow/submit/poseidon/pegasus/predict-future-sales/run0021/00/00/./xgboost_hp_tuning_group_1.000/00/00/xgboost_hp_tuning_ID0000022.meta,/home/poseidon/workflows/predict-future-sales-workflow/submit/poseidon/pegasus/predict-future-sales/run0021/00/00/./xgboost_hp_tuning_group_1.000/00/00/xgboost_hp_tuning_ID0000020.meta,/home/poseidon/workflows/predict-future-sales-workflow/submit/poseidon/pegasus/predict-future-sales/run0021/00/00/./xgboost_hp_tuning_group_1.000/00/00/xgboost_hp_tuning_ID0000017.meta --insert /home/poseidon/workflows/predict-future-sales-workflow/submit/poseidon/pegasus/predict-future-sales/run0021/00/00/./xgboost_hp_tuning_group_1.000/00/00/register_condorpool_0_2.in",3.1,0,0,,,,,,,,,
register_condorpool_0_1_pegasus-plan_ID0000016,None,auxiliary,0,1676892892.0,,,1676892907.0,,,0.0,1676892908.0,1676892912.0,,,0.0,1676892912.0,1676892917.0,15.0,,1.0,4.0,5.0,,,,,poseidon,local,host-10-100-100-12.openstacklocal,pegasus::rc-client,/home/poseidon/pegasus-5.1.0panorama/bin/pegasus-rc-client,"-n pegasus::rc-client -N null -R local  -L xgboost_hp_tuning_group_1 -T 2023-02-20T11:30:53+00:00 /home/poseidon/pegasus-5.1.0panorama/bin/pegasus-rc-client --prefix pegasus.catalog.replica.output --conf /home/poseidon/workflows/predict-future-sales-workflow/submit/poseidon/pegasus/predict-future-sales/run0021/00/00/./xgboost_hp_tuning_group_1.000/pegasus.11110742802467734921.properties -v --meta /home/poseidon/workflows/predict-future-sales-workflow/submit/poseidon/pegasus/predict-future-sales/run0021/00/00/./xgboost_hp_tuning_group_1.000/00/00/xgboost_hp_tuning_ID0000019.meta,/home/poseidon/workflows/predict-future-sales-workflow/submit/poseidon/pegasus/predict-future-sales/run0021/00/00/./xgboost_hp_tuning_group_1.000/00/00/xgboost_hp_tuning_ID0000003.meta,/home/poseidon/workflows/predict-future-sales-workflow/submit/poseidon/pegasus/predict-future-sales/run0021/00/00/./xgboost_hp_tuning_group_1.000/00/00/xgboost_hp_tuning_ID0000006.meta,/home/poseidon/workflows/predict-future-sales-workflow/submit/poseidon/pegasus/predict-future-sales/run0021/00/00/./xgboost_hp_tuning_group_1.000/00/00/xgboost_hp_tuning_ID0000016.meta,/home/poseidon/workflows/predict-future-sales-workflow/submit/poseidon/pegasus/predict-future-sales/run0021/00/00/./xgboost_hp_tuning_group_1.000/00/00/xgboost_hp_tuning_ID0000013.meta,/home/poseidon/workflows/predict-future-sales-workflow/submit/poseidon/pegasus/predict-future-sales/run0021/00/00/./xgboost_hp_tuning_group_1.000/00/00/xgboost_hp_tuning_ID0000023.meta,/home/poseidon/workflows/predict-future-sales-workflow/submit/poseidon/pegasus/predict-future-sales/run0021/00/00/./xgboost_hp_tuning_group_1.000/00/00/xgboost_hp_tuning_ID0000011.meta,/home/poseidon/workflows/predict-future-sales-workflow/submit/poseidon/pegasus/predict-future-sales/run0021/00/00/./xgboost_hp_tuning_group_1.000/00/00/xgboost_hp_tuning_ID0000021.meta --insert /home/poseidon/workflows/predict-future-sales-workflow/submit/poseidon/pegasus/predict-future-sales/run0021/00/00/./xgboost_hp_tuning_group_1.000/00/00/register_condorpool_0_1.in",3.0,0,0,,,,,,,,,
stage_out_local_condorpool_1_0_pegasus-plan_ID0000012,None,transfer,0,1676892898.0,,,1676892903.0,,,0.0,1676892903.0,1676892913.0,1676892903.0,1676892907.0,1241.0,1676892913.0,1676892918.0,5.0,,0.0,10.0,5.0,,,4.0,5395.0,poseidon,local,host-10-100-100-12.openstacklocal,pegasus::transfer,/home/poseidon/pegasus-5.1.0panorama/bin/pegasus-transfer,/home/poseidon/pegasus-5.1.0panorama/bin/../bin/pegasus-kickstart  -n pegasus::transfer -N null -i - -R local  -L xgboost_hp_tuning_group_0 -T 2023-02-20T11:30:49+00:00 /home/poseidon/pegasus-5.1.0panorama/bin/../bin/pegasus-transfer  --threads 2,0.7,0,0,,,,,,,,,
register_condorpool_1_0_pegasus-plan_ID0000012,None,auxiliary,0,1676892918.0,,,1676892923.0,,,0.0,1676892923.0,1676892928.0,,,0.0,1676892928.0,1676892933.0,5.0,,0.0,5.0,5.0,,,,,poseidon,local,host-10-100-100-12.openstacklocal,pegasus::rc-client,/home/poseidon/pegasus-5.1.0panorama/bin/pegasus-rc-client,-n pegasus::rc-client -N null -R local  -L xgboost_hp_tuning_group_0 -T 2023-02-20T11:30:49+00:00 /home/poseidon/pegasus-5.1.0panorama/bin/pegasus-rc-client --prefix pegasus.catalog.replica.output --conf /home/poseidon/workflows/predict-future-sales-workflow/submit/poseidon/pegasus/predict-future-sales/run0021/00/00/./xgboost_hp_tuning_group_0.000/pegasus.5695592359886665261.properties -v --meta /home/poseidon/workflows/predict-future-sales-workflow/submit/poseidon/pegasus/predict-future-sales/run0021/00/00/./xgboost_hp_tuning_group_0.000/00/00/xgboost_best_params_ID0000024.meta --insert /home/poseidon/workflows/predict-future-sales-workflow/submit/poseidon/pegasus/predict-future-sales/run0021/00/00/./xgboost_hp_tuning_group_0.000/00/00/register_condorpool_1_0.in,2.9,0,0,,,,,,,,,
xgboost_model_ID0000013,None,compute,0,1676892937.0,,,1676892942.0,1676893166.0,1676893184.0,46570363.4,1676893204.0,1676893252.0,1676893198.0,1676893203.0,645826.0,1676893252.0,1676893257.0,5.0,,262.0,48.0,5.0,18.0,502671209.0,5.0,2920819.0,poseidon,condorpool,poseidon-worker-3-container-32-39,xgboost_model,/srv/xgboost_model,,30.2,0,0,,,,,,,,,
stage_out_local_condorpool_1_0_pegasus-plan_ID0000016,None,transfer,0,1676892937.0,,,1676892942.0,,,0.0,1676892948.0,1676892957.0,1676892948.0,1676892952.0,1200.0,1676892957.0,1676892962.0,5.0,,6.0,9.0,5.0,,,4.0,5280.0,poseidon,local,host-10-100-100-12.openstacklocal,pegasus::transfer,/home/poseidon/pegasus-5.1.0panorama/bin/pegasus-transfer,/home/poseidon/pegasus-5.1.0panorama/bin/../bin/pegasus-kickstart  -n pegasus::transfer -N null -i - -R local  -L xgboost_hp_tuning_group_1 -T 2023-02-20T11:30:53+00:00 /home/poseidon/pegasus-5.1.0panorama/bin/../bin/pegasus-transfer  --threads 2,0.7,0,0,,,,,,,,,
register_condorpool_1_0_pegasus-plan_ID0000016,None,auxiliary,0,1676892962.0,,,1676892967.0,,,0.0,1676892967.0,1676892972.0,,,0.0,1676892972.0,1676892977.0,5.0,,0.0,5.0,5.0,,,,,poseidon,local,host-10-100-100-12.openstacklocal,pegasus::rc-client,/home/poseidon/pegasus-5.1.0panorama/bin/pegasus-rc-client,-n pegasus::rc-client -N null -R local  -L xgboost_hp_tuning_group_1 -T 2023-02-20T11:30:53+00:00 /home/poseidon/pegasus-5.1.0panorama/bin/pegasus-rc-client --prefix pegasus.catalog.replica.output --conf /home/poseidon/workflows/predict-future-sales-workflow/submit/poseidon/pegasus/predict-future-sales/run0021/00/00/./xgboost_hp_tuning_group_1.000/pegasus.11110742802467734921.properties -v --meta /home/poseidon/workflows/predict-future-sales-workflow/submit/poseidon/pegasus/predict-future-sales/run0021/00/00/./xgboost_hp_tuning_group_1.000/00/00/xgboost_best_params_ID0000024.meta --insert /home/poseidon/workflows/predict-future-sales-workflow/submit/poseidon/pegasus/predict-future-sales/run0021/00/00/./xgboost_hp_tuning_group_1.000/00/00/register_condorpool_1_0.in,3.1,0,0,,,,,,,,,
xgboost_model_ID0000017,None,compute,0,1676892982.0,,,1676892987.0,1676893180.0,1676893197.0,41876051.0,1676893217.0,1676893257.0,1676893207.0,1676893212.0,48254.0,1676893257.0,1676893262.0,5.0,,230.0,40.0,5.0,17.0,377645123.0,5.0,212806.0,poseidon,condorpool,poseidon-worker-2-container-16-23,xgboost_model,/srv/xgboost_model,,7.9,0,0,,,,,,,,,
model_predict_ID0000014,None,compute,0,1676893257.0,,,1676893262.0,1676893226.0,1676893243.0,41475020.0,1676893263.0,1676893302.0,1676893251.0,1676893255.0,102138.0,1676893302.0,1676893307.0,5.0,,1.0,39.0,5.0,17.0,373108116.0,4.0,451213.0,poseidon,condorpool,poseidon-worker-2-container-16-23,model_predict,/srv/model_predict,,2.6,0,0,,,,,,,,,
model_predict_ID0000018,None,compute,0,1676893262.0,,,1676893267.0,1676893230.0,1676893249.0,41586446.8,1676893268.0,1676893307.0,1676893257.0,1676893261.0,5832.0,1676893307.0,1676893312.0,5.0,,1.0,39.0,5.0,19.0,368314944.0,4.0,25035.0,poseidon,condorpool,poseidon-worker-2-container-32-39,model_predict,/srv/model_predict,,2.5,0,0,,,,,,,,,
stage_out_local_condorpool_0_1_pegasus-plan_ID0000020,None,transfer,0,1676893608.0,,,1676893613.0,,,0.0,1676893613.0,1676893623.0,1676893613.0,1676893617.0,2110.0,1676893623.0,1676893628.0,5.0,,0.0,10.0,5.0,,,4.0,8507.0,poseidon,local,host-10-100-100-12.openstacklocal,pegasus::transfer,/home/poseidon/pegasus-5.1.0panorama/bin/pegasus-transfer,/home/poseidon/pegasus-5.1.0panorama/bin/../bin/pegasus-kickstart  -n pegasus::transfer -N null -i - -R local  -L xgboost_hp_tuning_group_2 -T 2023-02-20T11:30:53+00:00 /home/poseidon/pegasus-5.1.0panorama/bin/../bin/pegasus-transfer  --threads 2,1.0,0,0,,,,,,,,,
stage_out_local_condorpool_0_2_pegasus-plan_ID0000020,None,transfer,0,1676893623.0,,,1676893628.0,,,0.0,1676893628.0,1676893639.0,1676893629.0,1676893633.0,1842.0,1676893639.0,1676893644.0,5.0,,0.0,11.0,5.0,,,4.0,7428.0,poseidon,local,host-10-100-100-12.openstacklocal,pegasus::transfer,/home/poseidon/pegasus-5.1.0panorama/bin/pegasus-transfer,/home/poseidon/pegasus-5.1.0panorama/bin/../bin/pegasus-kickstart  -n pegasus::transfer -N null -i - -R local  -L xgboost_hp_tuning_group_2 -T 2023-02-20T11:30:53+00:00 /home/poseidon/pegasus-5.1.0panorama/bin/../bin/pegasus-transfer  --threads 2,0.9,0,0,,,,,,,,,
register_condorpool_0_1_pegasus-plan_ID0000020,None,auxiliary,0,1676893628.0,,,1676893633.0,,,0.0,1676893634.0,1676893639.0,,,0.0,1676893639.0,1676893644.0,5.0,,1.0,5.0,5.0,,,,,poseidon,local,host-10-100-100-12.openstacklocal,pegasus::rc-client,/home/poseidon/pegasus-5.1.0panorama/bin/pegasus-rc-client,"-n pegasus::rc-client -N null -R local  -L xgboost_hp_tuning_group_2 -T 2023-02-20T11:30:53+00:00 /home/poseidon/pegasus-5.1.0panorama/bin/pegasus-rc-client --prefix pegasus.catalog.replica.output --conf /home/poseidon/workflows/predict-future-sales-workflow/submit/poseidon/pegasus/predict-future-sales/run0021/00/00/./xgboost_hp_tuning_group_2.000/pegasus.549032730695157954.properties -v --meta /home/poseidon/workflows/predict-future-sales-workflow/submit/poseidon/pegasus/predict-future-sales/run0021/00/00/./xgboost_hp_tuning_group_2.000/00/00/xgboost_hp_tuning_ID0000013.meta,/home/poseidon/workflows/predict-future-sales-workflow/submit/poseidon/pegasus/predict-future-sales/run0021/00/00/./xgboost_hp_tuning_group_2.000/00/00/xgboost_hp_tuning_ID0000023.meta,/home/poseidon/workflows/predict-future-sales-workflow/submit/poseidon/pegasus/predict-future-sales/run0021/00/00/./xgboost_hp_tuning_group_2.000/00/00/xgboost_hp_tuning_ID0000011.meta,/home/poseidon/workflows/predict-future-sales-workflow/submit/poseidon/pegasus/predict-future-sales/run0021/00/00/./xgboost_hp_tuning_group_2.000/00/00/xgboost_hp_tuning_ID0000006.meta,/home/poseidon/workflows/predict-future-sales-workflow/submit/poseidon/pegasus/predict-future-sales/run0021/00/00/./xgboost_hp_tuning_group_2.000/00/00/xgboost_hp_tuning_ID0000003.meta,/home/poseidon/workflows/predict-future-sales-workflow/submit/poseidon/pegasus/predict-future-sales/run0021/00/00/./xgboost_hp_tuning_group_2.000/00/00/xgboost_hp_tuning_ID0000021.meta,/home/poseidon/workflows/predict-future-sales-workflow/submit/poseidon/pegasus/predict-future-sales/run0021/00/00/./xgboost_hp_tuning_group_2.000/00/00/xgboost_hp_tuning_ID0000019.meta,/home/poseidon/workflows/predict-future-sales-workflow/submit/poseidon/pegasus/predict-future-sales/run0021/00/00/./xgboost_hp_tuning_group_2.000/00/00/xgboost_hp_tuning_ID0000016.meta --insert /home/poseidon/workflows/predict-future-sales-workflow/submit/poseidon/pegasus/predict-future-sales/run0021/00/00/./xgboost_hp_tuning_group_2.000/00/00/register_condorpool_0_1.in",3.0,0,0,,,,,,,,,
xgboost_best_params_ID0000024_pegasus-plan_ID0000020,None,compute,0,1676893633.0,,,1676893639.0,1676893602.0,1676893619.0,37063975.7,1676893640.0,1676893679.0,1676893626.0,1676893630.0,255.0,1676893679.0,1676893684.0,6.0,,1.0,39.0,5.0,17.0,368018658.0,4.0,1060.0,poseidon,condorpool,poseidon-worker-3-container-24-31,xgboost_best_params,/srv/xgboost_best_params,,0.0,0,0,,,,,,,,,
stage_out_local_condorpool_0_0_pegasus-plan_ID0000020,None,transfer,0,1676893633.0,,,1676893639.0,,,0.0,1676893639.0,1676893649.0,1676893639.0,1676893643.0,2095.0,1676893649.0,1676893654.0,6.0,,0.0,10.0,5.0,,,4.0,8454.0,poseidon,local,host-10-100-100-12.openstacklocal,pegasus::transfer,/home/poseidon/pegasus-5.1.0panorama/bin/pegasus-transfer,/home/poseidon/pegasus-5.1.0panorama/bin/../bin/pegasus-kickstart  -n pegasus::transfer -N null -i - -R local  -L xgboost_hp_tuning_group_2 -T 2023-02-20T11:30:53+00:00 /home/poseidon/pegasus-5.1.0panorama/bin/../bin/pegasus-transfer  --threads 2,1.1,0,0,,,,,,,,,
register_condorpool_0_2_pegasus-plan_ID0000020,None,auxiliary,0,1676893644.0,,,1676893649.0,,,0.0,1676893649.0,1676893654.0,,,0.0,1676893654.0,1676893659.0,5.0,,0.0,5.0,5.0,,,,,poseidon,local,host-10-100-100-12.openstacklocal,pegasus::rc-client,/home/poseidon/pegasus-5.1.0panorama/bin/pegasus-rc-client,"-n pegasus::rc-client -N null -R local  -L xgboost_hp_tuning_group_2 -T 2023-02-20T11:30:53+00:00 /home/poseidon/pegasus-5.1.0panorama/bin/pegasus-rc-client --prefix pegasus.catalog.replica.output --conf /home/poseidon/workflows/predict-future-sales-workflow/submit/poseidon/pegasus/predict-future-sales/run0021/00/00/./xgboost_hp_tuning_group_2.000/pegasus.549032730695157954.properties -v --meta /home/poseidon/workflows/predict-future-sales-workflow/submit/poseidon/pegasus/predict-future-sales/run0021/00/00/./xgboost_hp_tuning_group_2.000/00/00/xgboost_hp_tuning_ID0000017.meta,/home/poseidon/workflows/predict-future-sales-workflow/submit/poseidon/pegasus/predict-future-sales/run0021/00/00/./xgboost_hp_tuning_group_2.000/00/00/xgboost_hp_tuning_ID0000022.meta,/home/poseidon/workflows/predict-future-sales-workflow/submit/poseidon/pegasus/predict-future-sales/run0021/00/00/./xgboost_hp_tuning_group_2.000/00/00/xgboost_hp_tuning_ID0000007.meta,/home/poseidon/workflows/predict-future-sales-workflow/submit/poseidon/pegasus/predict-future-sales/run0021/00/00/./xgboost_hp_tuning_group_2.000/00/00/xgboost_hp_tuning_ID0000020.meta,/home/poseidon/workflows/predict-future-sales-workflow/submit/poseidon/pegasus/predict-future-sales/run0021/00/00/./xgboost_hp_tuning_group_2.000/00/00/xgboost_hp_tuning_ID0000001.meta,/home/poseidon/workflows/predict-future-sales-workflow/submit/poseidon/pegasus/predict-future-sales/run0021/00/00/./xgboost_hp_tuning_group_2.000/00/00/xgboost_hp_tuning_ID0000004.meta,/home/poseidon/workflows/predict-future-sales-workflow/submit/poseidon/pegasus/predict-future-sales/run0021/00/00/./xgboost_hp_tuning_group_2.000/00/00/xgboost_hp_tuning_ID0000014.meta --insert /home/poseidon/workflows/predict-future-sales-workflow/submit/poseidon/pegasus/predict-future-sales/run0021/00/00/./xgboost_hp_tuning_group_2.000/00/00/register_condorpool_0_2.in",3.1,0,0,,,,,,,,,
register_condorpool_0_0_pegasus-plan_ID0000020,None,auxiliary,0,1676893654.0,,,1676893659.0,,,0.0,1676893659.0,1676893664.0,,,0.0,1676893664.0,1676893669.0,5.0,,0.0,5.0,5.0,,,,,poseidon,local,host-10-100-100-12.openstacklocal,pegasus::rc-client,/home/poseidon/pegasus-5.1.0panorama/bin/pegasus-rc-client,"-n pegasus::rc-client -N null -R local  -L xgboost_hp_tuning_group_2 -T 2023-02-20T11:30:53+00:00 /home/poseidon/pegasus-5.1.0panorama/bin/pegasus-rc-client --prefix pegasus.catalog.replica.output --conf /home/poseidon/workflows/predict-future-sales-workflow/submit/poseidon/pegasus/predict-future-sales/run0021/00/00/./xgboost_hp_tuning_group_2.000/pegasus.549032730695157954.properties -v --meta /home/poseidon/workflows/predict-future-sales-workflow/submit/poseidon/pegasus/predict-future-sales/run0021/00/00/./xgboost_hp_tuning_group_2.000/00/00/xgboost_hp_tuning_ID0000018.meta,/home/poseidon/workflows/predict-future-sales-workflow/submit/poseidon/pegasus/predict-future-sales/run0021/00/00/./xgboost_hp_tuning_group_2.000/00/00/xgboost_hp_tuning_ID0000002.meta,/home/poseidon/workflows/predict-future-sales-workflow/submit/poseidon/pegasus/predict-future-sales/run0021/00/00/./xgboost_hp_tuning_group_2.000/00/00/xgboost_hp_tuning_ID0000005.meta,/home/poseidon/workflows/predict-future-sales-workflow/submit/poseidon/pegasus/predict-future-sales/run0021/00/00/./xgboost_hp_tuning_group_2.000/00/00/xgboost_hp_tuning_ID0000009.meta,/home/poseidon/workflows/predict-future-sales-workflow/submit/poseidon/pegasus/predict-future-sales/run0021/00/00/./xgboost_hp_tuning_group_2.000/00/00/xgboost_hp_tuning_ID0000015.meta,/home/poseidon/workflows/predict-future-sales-workflow/submit/poseidon/pegasus/predict-future-sales/run0021/00/00/./xgboost_hp_tuning_group_2.000/00/00/xgboost_hp_tuning_ID0000012.meta,/home/poseidon/workflows/predict-future-sales-workflow/submit/poseidon/pegasus/predict-future-sales/run0021/00/00/./xgboost_hp_tuning_group_2.000/00/00/xgboost_hp_tuning_ID0000010.meta,/home/poseidon/workflows/predict-future-sales-workflow/submit/poseidon/pegasus/predict-future-sales/run0021/00/00/./xgboost_hp_tuning_group_2.000/00/00/xgboost_hp_tuning_ID0000008.meta --insert /home/poseidon/workflows/predict-future-sales-workflow/submit/poseidon/pegasus/predict-future-sales/run0021/00/00/./xgboost_hp_tuning_group_2.000/00/00/register_condorpool_0_0.in",3.0,0,0,,,,,,,,,
stage_out_local_condorpool_1_0_pegasus-plan_ID0000020,None,transfer,0,1676893684.0,,,1676893689.0,,,0.0,1676893689.0,1676893699.0,1676893689.0,1676893693.0,1240.0,1676893699.0,1676893704.0,5.0,,0.0,10.0,5.0,,,4.0,5300.0,poseidon,local,host-10-100-100-12.openstacklocal,pegasus::transfer,/home/poseidon/pegasus-5.1.0panorama/bin/pegasus-transfer,/home/poseidon/pegasus-5.1.0panorama/bin/../bin/pegasus-kickstart  -n pegasus::transfer -N null -i - -R local  -L xgboost_hp_tuning_group_2 -T 2023-02-20T11:30:53+00:00 /home/poseidon/pegasus-5.1.0panorama/bin/../bin/pegasus-transfer  --threads 2,0.7,0,0,,,,,,,,,
register_condorpool_1_0_pegasus-plan_ID0000020,None,auxiliary,0,1676893704.0,,,1676893709.0,,,0.0,1676893709.0,1676893714.0,,,0.0,1676893714.0,1676893719.0,5.0,,0.0,5.0,5.0,,,,,poseidon,local,host-10-100-100-12.openstacklocal,pegasus::rc-client,/home/poseidon/pegasus-5.1.0panorama/bin/pegasus-rc-client,-n pegasus::rc-client -N null -R local  -L xgboost_hp_tuning_group_2 -T 2023-02-20T11:30:53+00:00 /home/poseidon/pegasus-5.1.0panorama/bin/pegasus-rc-client --prefix pegasus.catalog.replica.output --conf /home/poseidon/workflows/predict-future-sales-workflow/submit/poseidon/pegasus/predict-future-sales/run0021/00/00/./xgboost_hp_tuning_group_2.000/pegasus.549032730695157954.properties -v --meta /home/poseidon/workflows/predict-future-sales-workflow/submit/poseidon/pegasus/predict-future-sales/run0021/00/00/./xgboost_hp_tuning_group_2.000/00/00/xgboost_best_params_ID0000024.meta --insert /home/poseidon/workflows/predict-future-sales-workflow/submit/poseidon/pegasus/predict-future-sales/run0021/00/00/./xgboost_hp_tuning_group_2.000/00/00/register_condorpool_1_0.in,2.9,0,0,,,,,,,,,
xgboost_model_ID0000021,None,compute,0,1676893722.0,,,1676893727.0,1676893697.0,1676893730.0,68870343.0,1676893735.0,1676893922.0,1676893870.0,1676893875.0,2482318.0,1676893922.0,1676893927.0,5.0,,8.0,187.0,5.0,33.0,1691152081.0,5.0,11627640.0,poseidon,condorpool,poseidon-worker-2-container-24-31,xgboost_model,/srv/xgboost_model,,815.3,0,0,0.1,1348842538.0,24449.0,5373.0,8.0,787.6,20.8,10375711.8,2444.9
stage_out_local_local_5_0,None,transfer,0,1676893722.0,,,1676893727.0,,,0.0,1676893728.0,1676893737.0,1676893728.0,1676893732.0,792.0,1676893737.0,1676893742.0,5.0,,1.0,9.0,5.0,,,4.0,3195.0,poseidon,local,host-10-100-100-12.openstacklocal,pegasus::transfer,/home/poseidon/pegasus-5.1.0panorama/bin/pegasus-transfer,pegasus-kickstart  -n pegasus::transfer -N null -i - -R local  -L predict-future-sales -T 2023-02-17T19:59:06+00:00 pegasus-transfer  --threads 2,0.3,0,0,,,,,,,,,
cleanup_predict-future-sales_0_local,None,auxiliary,0,1676893742.0,,,1676893747.0,,,0.0,1676893747.0,1676893757.0,,,0.0,1676893757.0,1676893762.0,5.0,,0.0,10.0,5.0,,,,,poseidon,local,host-10-100-100-12.openstacklocal,pegasus::cleanup,/home/poseidon/pegasus-5.1.0panorama/bin/pegasus-transfer,pegasus-kickstart  -n pegasus::cleanup -N null -i - -R local  -L predict-future-sales -T 2023-02-17T19:59:06+00:00 pegasus-transfer,0.3,0,0,,,,,,,,,
stage_out_local_condorpool_6_0,None,transfer,0,1676893927.0,,,1676893932.0,,,0.0,1676893932.0,1676893942.0,1676893933.0,1676893937.0,3663020.0,1676893942.0,1676893947.0,5.0,,0.0,10.0,5.0,,,4.0,14761265.0,poseidon,local,host-10-100-100-12.openstacklocal,pegasus::transfer,/home/poseidon/pegasus-5.1.0panorama/bin/pegasus-transfer,pegasus-kickstart  -n pegasus::transfer -N null -i - -R local  -L predict-future-sales -T 2023-02-17T19:59:06+00:00 pegasus-transfer  --threads 2,0.9,0,0,,,,,,,,,
model_predict_ID0000022,None,compute,0,1676893927.0,,,1676893932.0,1676893896.0,1676893914.0,40926202.3,1676893934.0,1676893977.0,1676893922.0,1676893927.0,1228121.0,1676893977.0,1676893982.0,5.0,,2.0,43.0,5.0,18.0,406632195.0,5.0,5523764.0,poseidon,condorpool,poseidon-worker-2-container-24-31,model_predict,/srv/model_predict,,4.0,0,0,,,,,,,,,
stage_out_local_condorpool_7_0,None,transfer,0,1676893982.0,,,1676893987.0,,,0.0,1676893987.0,1676893997.0,1676893987.0,1676893991.0,1487606.0,1676893997.0,1676894002.0,5.0,,0.0,10.0,5.0,,,4.0,6000012.0,poseidon,local,host-10-100-100-12.openstacklocal,pegasus::transfer,/home/poseidon/pegasus-5.1.0panorama/bin/pegasus-transfer,pegasus-kickstart  -n pegasus::transfer -N null -i - -R local  -L predict-future-sales -T 2023-02-17T19:59:06+00:00 pegasus-transfer  --threads 2,0.6,0,0,,,,,,,,,
predict_merge_ID0000023,None,compute,0,1676893982.0,,,1676893987.0,1676893951.0,1676893968.0,37944876.3,1676893988.0,1676894027.0,1676893975.0,1676893980.0,845799.0,1676894027.0,1676894032.0,5.0,,1.0,39.0,5.0,17.0,377176763.0,5.0,3744061.0,poseidon,condorpool,poseidon-worker-2-container-24-31,predict_merge,/srv/predict_merge,,1.3,0,0,,,,,,,,,
stage_out_local_condorpool_8_0,None,transfer,0,1676894032.0,,,1676894037.0,,,0.0,1676894037.0,1676894047.0,1676894038.0,1676894040.0,1730952.0,1676894047.0,1676894052.0,5.0,,0.0,10.0,5.0,,,2.0,3744061.0,poseidon,local,host-10-100-100-12.openstacklocal,pegasus::transfer,/home/poseidon/pegasus-5.1.0panorama/bin/pegasus-transfer,pegasus-kickstart  -n pegasus::transfer -N null -i - -R local  -L predict-future-sales -T 2023-02-17T19:59:06+00:00 pegasus-transfer  --threads 2,0.4,0,0,,,,,,,,,
cleanup_predict-future-sales_0_condorpool,None,auxiliary,0,1676894052.0,,,1676894057.0,,,0.0,1676894058.0,1676894067.0,,,0.0,1676894067.0,1676894072.0,5.0,,1.0,9.0,5.0,,,,,poseidon,local,host-10-100-100-12.openstacklocal,pegasus::cleanup,/home/poseidon/pegasus-5.1.0panorama/bin/pegasus-transfer,pegasus-kickstart  -n pegasus::cleanup -N null -i - -R local  -L predict-future-sales -T 2023-02-17T19:59:06+00:00 pegasus-transfer,0.3,0,0,,,,,,,,,
