,anomaly_type,type,is_clustered,ready,pre_script_start,pre_script_end,submit,stage_in_start,stage_in_end,stage_in_effective_bytes_per_sec,execute_start,execute_end,stage_out_start,stage_out_end,stage_out_effective_bytes_per_sec,post_script_start,post_script_end,wms_delay,pre_script_delay,queue_delay,runtime,post_script_delay,stage_in_delay,stage_in_bytes,stage_out_delay,stage_out_bytes,kickstart_user,kickstart_site,kickstart_hostname,kickstart_transformations,kickstart_executables,kickstart_executables_argv,kickstart_executables_cpu_time,kickstart_status,kickstart_executables_exitcode,kickstart_online_iowait,kickstart_online_bytes_read,kickstart_online_bytes_written,kickstart_online_read_system_calls,kickstart_online_write_system_calls,kickstart_online_utime,kickstart_online_stime,kickstart_online_bytes_read_per_second,kickstart_online_bytes_written_per_second
create_dir_predict-future-sales_0_local,None,auxiliary,0,1678156685.0,,,1678156686.0,,,0.0,1678156691.0,1678156701.0,,,0.0,1678156701.0,1678156706.0,1.0,,5.0,10.0,5.0,,,,,poseidon,local,host-10-100-100-12.openstacklocal,pegasus::dirmanager,/home/poseidon/pegasus-5.1.0panorama/bin/pegasus-transfer,pegasus-kickstart  -n pegasus::dirmanager -N null -i - -R local  -L predict-future-sales -T 2023-02-17T19:59:06+00:00 pegasus-transfer,0.3,0,0,,,,,,,,,
create_dir_predict-future-sales_0_condorpool,None,auxiliary,0,1678156685.0,,,1678156686.0,,,0.0,1678156691.0,1678156701.0,,,0.0,1678156701.0,1678156706.0,1.0,,5.0,10.0,5.0,,,,,poseidon,local,host-10-100-100-12.openstacklocal,pegasus::dirmanager,/home/poseidon/pegasus-5.1.0panorama/bin/pegasus-transfer,pegasus-kickstart  -n pegasus::dirmanager -N null -i - -R local  -L predict-future-sales -T 2023-02-17T19:59:06+00:00 pegasus-transfer,0.3,0,0,,,,,,,,,
stage_in_local_condorpool_6_0,None,transfer,0,1678156706.0,,,1678156712.0,1678156712.0,1678156716.0,2294.0,1678156712.0,1678156722.0,,,0.0,1678156722.0,1678156727.0,6.0,,0.0,10.0,5.0,4.0,7870.0,,,poseidon,local,host-10-100-100-12.openstacklocal,pegasus::transfer,/home/poseidon/pegasus-5.1.0panorama/bin/pegasus-transfer,pegasus-kickstart  -n pegasus::transfer -N null -i - -R local  -L predict-future-sales -T 2023-02-17T19:59:06+00:00 pegasus-transfer  --threads 2,0.4,0,0,,,,,,,,,
stage_in_local_condorpool_0_0,None,transfer,0,1678156706.0,,,1678156712.0,1678156712.0,1678156722.0,96716693.0,1678156712.0,1678156732.0,,,0.0,1678156732.0,1678156737.0,6.0,,0.0,20.0,5.0,10.0,936801734.0,,,poseidon,local,host-10-100-100-12.openstacklocal,pegasus::transfer,/home/poseidon/pegasus-5.1.0panorama/bin/pegasus-transfer,pegasus-kickstart  -n pegasus::transfer -N null -i - -R local  -L predict-future-sales -T 2023-02-17T19:59:06+00:00 pegasus-transfer  --threads 2,5.8,0,0,,,,,,,,,
stage_in_local_condorpool_1_0,None,transfer,0,1678156706.0,,,1678156712.0,1678156712.0,1678156716.0,3713.0,1678156712.0,1678156722.0,,,0.0,1678156722.0,1678156727.0,6.0,,0.0,10.0,5.0,4.0,15640.0,,,poseidon,local,host-10-100-100-12.openstacklocal,pegasus::transfer,/home/poseidon/pegasus-5.1.0panorama/bin/pegasus-transfer,pegasus-kickstart  -n pegasus::transfer -N null -i - -R local  -L predict-future-sales -T 2023-02-17T19:59:06+00:00 pegasus-transfer  --threads 2,0.6,0,0,,,,,,,,,
stage_in_local_condorpool_7_0,None,transfer,0,1678156706.0,,,1678156712.0,1678156712.0,1678156716.0,1026.0,1678156712.0,1678156722.0,,,0.0,1678156722.0,1678156727.0,6.0,,0.0,10.0,5.0,4.0,3488.0,,,poseidon,local,host-10-100-100-12.openstacklocal,pegasus::transfer,/home/poseidon/pegasus-5.1.0panorama/bin/pegasus-transfer,pegasus-kickstart  -n pegasus::transfer -N null -i - -R local  -L predict-future-sales -T 2023-02-17T19:59:06+00:00 pegasus-transfer  --threads 2,0.5,0,0,,,,,,,,,
stage_in_local_condorpool_3_0,None,transfer,0,1678156706.0,,,1678156712.0,1678156712.0,1678156716.0,3007.0,1678156712.0,1678156722.0,,,0.0,1678156722.0,1678156727.0,6.0,,0.0,10.0,5.0,4.0,12704.0,,,poseidon,local,host-10-100-100-12.openstacklocal,pegasus::transfer,/home/poseidon/pegasus-5.1.0panorama/bin/pegasus-transfer,pegasus-kickstart  -n pegasus::transfer -N null -i - -R local  -L predict-future-sales -T 2023-02-17T19:59:06+00:00 pegasus-transfer  --threads 2,0.6,0,0,,,,,,,,,
stage_in_local_condorpool_8_0,None,transfer,0,1678156706.0,,,1678156712.0,1678156712.0,1678156715.0,681.0,1678156712.0,1678156722.0,,,0.0,1678156722.0,1678156727.0,6.0,,0.0,10.0,5.0,3.0,2368.0,,,poseidon,local,host-10-100-100-12.openstacklocal,pegasus::transfer,/home/poseidon/pegasus-5.1.0panorama/bin/pegasus-transfer,pegasus-kickstart  -n pegasus::transfer -N null -i - -R local  -L predict-future-sales -T 2023-02-17T19:59:06+00:00 pegasus-transfer  --threads 2,0.5,0,0,,,,,,,,,
stage_in_local_local_4_0,None,transfer,0,1678156706.0,,,1678156712.0,1678156712.0,1678156714.0,5929.0,1678156712.0,1678156722.0,,,0.0,1678156722.0,1678156727.0,6.0,,0.0,10.0,5.0,2.0,12577.0,,,poseidon,local,host-10-100-100-12.openstacklocal,pegasus::transfer,/home/poseidon/pegasus-5.1.0panorama/bin/pegasus-transfer,pegasus-kickstart  -n pegasus::transfer -N null -i - -R local  -L predict-future-sales -T 2023-02-17T19:59:06+00:00 pegasus-transfer  --threads 2,0.4,0,0,,,,,,,,,
stage_in_local_condorpool_2_0,None,transfer,0,1678156706.0,,,1678156712.0,1678156712.0,1678156718.0,9906.0,1678156712.0,1678156727.0,,,0.0,1678156727.0,1678156732.0,6.0,,0.0,15.0,5.0,6.0,55480.0,,,poseidon,local,host-10-100-100-12.openstacklocal,pegasus::transfer,/home/poseidon/pegasus-5.1.0panorama/bin/pegasus-transfer,pegasus-kickstart  -n pegasus::transfer -N null -i - -R local  -L predict-future-sales -T 2023-02-17T19:59:06+00:00 pegasus-transfer  --threads 2,1.0,0,0,,,,,,,,,
preprocess_ID0000003,None,compute,0,1678156737.0,,,1678156742.0,1678156697.0,1678156715.0,42615592.4,1678156753.0,1678156802.0,1678156727.0,1678156734.0,21855447.0,1678156802.0,1678156807.0,5.0,,11.0,49.0,5.0,18.0,467356066.0,7.0,160257914.0,poseidon,condorpool,poseidon-worker-3-container-16-23,preprocess,/srv/preprocess,,4.4,0,0,,,,,,,,,
nlp_ID0000002,None,compute,0,1678156737.0,,,1678156742.0,1678156697.0,1678156716.0,41783831.2,1678156753.0,1678157033.0,1678156961.0,1678156966.0,585774.0,1678157033.0,1678157038.0,5.0,,11.0,280.0,5.0,19.0,369033604.0,5.0,2755872.0,poseidon,condorpool,poseidon-worker-3-container-0-7,nlp,/srv/nlp,,1420.6,0,0,0.0,21398673.0,8791.0,3058.0,5.0,1372.4,2.7,93037.7,879.1
eda_ID0000001,None,compute,0,1678156737.0,,,1678156742.0,1678156697.0,1678156715.0,44995274.0,1678156753.0,1678156827.0,1678156755.0,1678156760.0,270584.0,1678156827.0,1678156832.0,5.0,,11.0,74.0,5.0,18.0,464177772.0,5.0,1196209.0,poseidon,condorpool,poseidon-worker-2-container-40-47,eda,/srv/eda,,33.4,0,0,0.1,144954857.0,904019.0,27583.0,43.0,28.1,1.8,4831828.6,30134.0
feature_eng_0_ID0000004,None,compute,0,1678156807.0,,,1678156812.0,1678156757.0,1678156776.0,41918368.8,1678156813.0,1678156857.0,1678156787.0,1678156792.0,198066.0,1678156857.0,1678156862.0,5.0,,1.0,44.0,5.0,19.0,369949088.0,5.0,893320.0,poseidon,condorpool,poseidon-worker-3-container-16-23,feature_eng_0,/srv/feature_eng_0,,5.3,0,0,,,,,,,,,
feature_eng_1_ID0000005,None,compute,0,1678156807.0,,,1678156812.0,1678156769.0,1678156788.0,46122831.2,1678156825.0,1678156887.0,1678156812.0,1678156823.0,35826190.0,1678156887.0,1678156892.0,5.0,,13.0,62.0,5.0,19.0,528250191.0,11.0,393324463.0,poseidon,condorpool,poseidon-worker-2-container-40-47,feature_eng_1,/srv/feature_eng_1,,15.8,0,0,0.0,169610217.0,8.0,1723.0,1.0,8.0,2.0,16961021.7,0.8
feature_eng_4_ID0000008,None,compute,0,1678156892.0,,,1678156897.0,1678156857.0,1678156878.0,54672969.6,1678156913.0,1678157033.0,1678156943.0,1678156967.0,49427180.0,1678157033.0,1678157038.0,5.0,,16.0,120.0,5.0,21.0,761328752.0,24.0,1201824259.0,poseidon,condorpool,poseidon-worker-3-container-16-23,feature_eng_4,/srv/feature_eng_4,,51.9,0,0,0.0,402739161.0,8.0,1401.0,1.0,37.2,12.7,8054783.2,0.8
feature_eng_3_ID0000007,None,compute,0,1678156892.0,,,1678156897.0,1678156843.0,1678156866.0,47494351.4,1678156899.0,1678157073.0,1678156984.0,1678157008.0,48997752.0,1678157073.0,1678157078.0,5.0,,2.0,174.0,5.0,23.0,762217561.0,24.0,1179971921.0,poseidon,condorpool,poseidon-worker-2-container-40-47,feature_eng_3,/srv/feature_eng_3,,104.9,0,0,0.0,403641954.0,8.0,1471.0,1.0,67.8,32.2,4036419.5,0.8
feature_eng_2_ID0000006,None,compute,0,1678156892.0,,,1678156897.0,1678156857.0,1678156881.0,53066442.5,1678156913.0,1678157273.0,1678157171.0,1678157205.0,52193993.0,1678157273.0,1678157278.0,5.0,,16.0,360.0,5.0,24.0,761320658.0,34.0,1748107178.0,poseidon,condorpool,poseidon-worker-2-container-40-47,feature_eng_2,/srv/feature_eng_2,,275.7,0,0,0.0,402812506.0,8.0,1729.0,1.0,205.7,64.3,1491898.2,0.8
feature_eng_5_ID0000009,None,compute,0,1678156892.0,,,1678156897.0,1678156842.0,1678156868.0,47732343.6,1678156899.0,1678157183.0,1678157099.0,1678157114.0,42967988.0,1678157183.0,1678157188.0,5.0,,2.0,284.0,5.0,26.0,856820455.0,15.0,655540227.0,poseidon,condorpool,poseidon-worker-3-container-16-23,feature_eng_5,/srv/feature_eng_5,,220.9,0,0,0.0,498297360.0,8.0,2033.0,1.0,199.4,20.6,2264988.0,0.8
stage_out_local_condorpool_1_0,None,transfer,0,1678156892.0,,,1678156897.0,,,0.0,1678156897.0,1678156907.0,1678156898.0,1678156902.0,93257938.0,1678156907.0,1678156912.0,5.0,,0.0,10.0,5.0,,,4.0,394217783.0,poseidon,local,host-10-100-100-12.openstacklocal,pegasus::transfer,/home/poseidon/pegasus-5.1.0panorama/bin/pegasus-transfer,pegasus-kickstart  -n pegasus::transfer -N null -i - -R local  -L predict-future-sales -T 2023-02-17T19:59:06+00:00 pegasus-transfer  --threads 2,2.1,0,0,,,,,,,,,
register_condorpool_1_0,None,auxiliary,0,1678156912.0,,,1678156918.0,,,0.0,1678156918.0,1678156923.0,,,0.0,1678156923.0,1678156928.0,6.0,,0.0,5.0,5.0,,,,,poseidon,local,host-10-100-100-12.openstacklocal,pegasus::rc-client,/home/poseidon/pegasus-5.1.0panorama/bin/pegasus-rc-client,"pegasus-kickstart  -n pegasus::rc-client -N null -R local  -L predict-future-sales -T 2023-02-17T19:59:06+00:00 /home/poseidon/pegasus-5.1.0panorama/bin/pegasus-rc-client --prefix pegasus.catalog.replica.output --conf /home/poseidon/workflows/predict-future-sales-workflow/submit/poseidon/pegasus/predict-future-sales/run0468/pegasus.13344681763941730517.properties -v --meta /home/poseidon/workflows/predict-future-sales-workflow/submit/poseidon/pegasus/predict-future-sales/run0468/00/00/feature_eng_1_ID0000005.meta,/home/poseidon/workflows/predict-future-sales-workflow/submit/poseidon/pegasus/predict-future-sales/run0468/00/00/feature_eng_0_ID0000004.meta --insert /home/poseidon/workflows/predict-future-sales-workflow/submit/poseidon/pegasus/predict-future-sales/run0468/00/00/register_condorpool_1_0.in",3.0,0,0,,,,,,,,,
stage_out_local_condorpool_0_0,None,transfer,0,1678157038.0,,,1678157043.0,,,0.0,1678157043.0,1678157053.0,1678157043.0,1678157047.0,40739266.0,1678157053.0,1678157058.0,5.0,,0.0,10.0,5.0,,,4.0,164209995.0,poseidon,local,host-10-100-100-12.openstacklocal,pegasus::transfer,/home/poseidon/pegasus-5.1.0panorama/bin/pegasus-transfer,pegasus-kickstart  -n pegasus::transfer -N null -i - -R local  -L predict-future-sales -T 2023-02-17T19:59:06+00:00 pegasus-transfer  --threads 2,2.1,0,0,,,,,,,,,
register_condorpool_0_0,None,auxiliary,0,1678157058.0,,,1678157063.0,,,0.0,1678157063.0,1678157068.0,,,0.0,1678157068.0,1678157073.0,5.0,,0.0,5.0,5.0,,,,,poseidon,local,host-10-100-100-12.openstacklocal,pegasus::rc-client,/home/poseidon/pegasus-5.1.0panorama/bin/pegasus-rc-client,"pegasus-kickstart  -n pegasus::rc-client -N null -R local  -L predict-future-sales -T 2023-02-17T19:59:06+00:00 /home/poseidon/pegasus-5.1.0panorama/bin/pegasus-rc-client --prefix pegasus.catalog.replica.output --conf /home/poseidon/workflows/predict-future-sales-workflow/submit/poseidon/pegasus/predict-future-sales/run0468/pegasus.13344681763941730517.properties -v --meta /home/poseidon/workflows/predict-future-sales-workflow/submit/poseidon/pegasus/predict-future-sales/run0468/00/00/nlp_ID0000002.meta,/home/poseidon/workflows/predict-future-sales-workflow/submit/poseidon/pegasus/predict-future-sales/run0468/00/00/eda_ID0000001.meta,/home/poseidon/workflows/predict-future-sales-workflow/submit/poseidon/pegasus/predict-future-sales/run0468/00/00/preprocess_ID0000003.meta --insert /home/poseidon/workflows/predict-future-sales-workflow/submit/poseidon/pegasus/predict-future-sales/run0468/00/00/register_condorpool_0_0.in",3.1,0,0,,,,,,,,,
stage_out_local_condorpool_2_0,None,transfer,0,1678157278.0,,,1678157283.0,,,0.0,1678157283.0,1678157308.0,1678157284.0,1678157303.0,251153149.0,1678157308.0,1678157313.0,5.0,,0.0,25.0,5.0,,,19.0,4785443585.0,poseidon,local,host-10-100-100-12.openstacklocal,pegasus::transfer,/home/poseidon/pegasus-5.1.0panorama/bin/pegasus-transfer,pegasus-kickstart  -n pegasus::transfer -N null -i - -R local  -L predict-future-sales -T 2023-02-17T19:59:06+00:00 pegasus-transfer  --threads 2,20.8,0,0,,,,,,,,,
feature_merge_ID0000010,None,compute,0,1678157278.0,,,1678157283.0,1678157228.0,1678157304.0,78186172.6,1678157285.0,1678157513.0,1678157394.0,1678157449.0,54856532.0,1678157513.0,1678157518.0,5.0,,2.0,228.0,5.0,76.0,5155397110.0,55.0,2993643458.0,poseidon,condorpool,poseidon-worker-3-container-16-23,feature_merge,/srv/feature_merge,,60.9,0,0,0.0,4796859791.0,2064960888.0,1452.0,82.0,38.1,21.9,79947663.2,103248044.4
register_condorpool_2_0,None,auxiliary,0,1678157313.0,,,1678157318.0,,,0.0,1678157318.0,1678157323.0,,,0.0,1678157323.0,1678157328.0,5.0,,0.0,5.0,5.0,,,,,poseidon,local,host-10-100-100-12.openstacklocal,pegasus::rc-client,/home/poseidon/pegasus-5.1.0panorama/bin/pegasus-rc-client,"pegasus-kickstart  -n pegasus::rc-client -N null -R local  -L predict-future-sales -T 2023-02-17T19:59:06+00:00 /home/poseidon/pegasus-5.1.0panorama/bin/pegasus-rc-client --prefix pegasus.catalog.replica.output --conf /home/poseidon/workflows/predict-future-sales-workflow/submit/poseidon/pegasus/predict-future-sales/run0468/pegasus.13344681763941730517.properties -v --meta /home/poseidon/workflows/predict-future-sales-workflow/submit/poseidon/pegasus/predict-future-sales/run0468/00/00/feature_eng_5_ID0000009.meta,/home/poseidon/workflows/predict-future-sales-workflow/submit/poseidon/pegasus/predict-future-sales/run0468/00/00/feature_eng_2_ID0000006.meta,/home/poseidon/workflows/predict-future-sales-workflow/submit/poseidon/pegasus/predict-future-sales/run0468/00/00/feature_eng_3_ID0000007.meta,/home/poseidon/workflows/predict-future-sales-workflow/submit/poseidon/pegasus/predict-future-sales/run0468/00/00/feature_eng_4_ID0000008.meta --insert /home/poseidon/workflows/predict-future-sales-workflow/submit/poseidon/pegasus/predict-future-sales/run0468/00/00/register_condorpool_2_0.in",3.0,0,0,,,,,,,,,
stage_inter_local_xgboost_model_ID0000021_0,None,transfer,0,1678157518.0,,,1678157523.0,1678157524.0,1678157557.0,80551412.0,1678157523.0,1678157564.0,,,0.0,1678157564.0,1678157569.0,5.0,,0.0,41.0,5.0,33.0,2646308508.0,,,poseidon,local,host-10-100-100-12.openstacklocal,pegasus::transfer,/home/poseidon/pegasus-5.1.0panorama/bin/pegasus-transfer,pegasus-kickstart  -n pegasus::transfer -N null -i - -R local  -L predict-future-sales -T 2023-02-17T19:59:06+00:00 pegasus-transfer  --threads 2,9.2,0,0,,,,,,,,,
stage_inter_local_xgboost_hp_tuning_workflow_ID0000015_0,None,transfer,0,1678157518.0,,,1678157523.0,1678157524.0,1678157526.0,401.0,1678157523.0,1678157533.0,,,0.0,1678157533.0,1678157538.0,5.0,,0.0,10.0,5.0,2.0,826.0,,,poseidon,local,host-10-100-100-12.openstacklocal,pegasus::transfer,/home/poseidon/pegasus-5.1.0panorama/bin/pegasus-transfer,pegasus-kickstart  -n pegasus::transfer -N null -i - -R local  -L predict-future-sales -T 2023-02-17T19:59:06+00:00 pegasus-transfer  --threads 2,0.3,0,0,,,,,,,,,
stage_inter_local_model_predict_ID0000022_0,None,transfer,0,1678157518.0,,,1678157523.0,1678157524.0,1678157527.0,14514595.0,1678157523.0,1678157533.0,,,0.0,1678157533.0,1678157538.0,5.0,,0.0,10.0,5.0,3.0,54050130.0,,,poseidon,local,host-10-100-100-12.openstacklocal,pegasus::transfer,/home/poseidon/pegasus-5.1.0panorama/bin/pegasus-transfer,pegasus-kickstart  -n pegasus::transfer -N null -i - -R local  -L predict-future-sales -T 2023-02-17T19:59:06+00:00 pegasus-transfer  --threads 2,0.6,0,0,,,,,,,,,
stage_out_local_condorpool_3_0,None,transfer,0,1678157518.0,,,1678157523.0,,,0.0,1678157523.0,1678157553.0,1678157524.0,1678157547.0,129933808.0,1678157553.0,1678157559.0,5.0,,0.0,30.0,6.0,,,23.0,2993643458.0,poseidon,local,host-10-100-100-12.openstacklocal,pegasus::transfer,/home/poseidon/pegasus-5.1.0panorama/bin/pegasus-transfer,pegasus-kickstart  -n pegasus::transfer -N null -i - -R local  -L predict-future-sales -T 2023-02-17T19:59:06+00:00 pegasus-transfer  --threads 2,14.1,0,0,,,,,,,,,
stage_inter_local_xgboost_model_ID0000013_0,None,transfer,0,1678157518.0,,,1678157523.0,1678157524.0,1678157531.0,36046866.0,1678157523.0,1678157538.0,,,0.0,1678157538.0,1678157543.0,5.0,,0.0,15.0,5.0,7.0,269346726.0,,,poseidon,local,host-10-100-100-12.openstacklocal,pegasus::transfer,/home/poseidon/pegasus-5.1.0panorama/bin/pegasus-transfer,pegasus-kickstart  -n pegasus::transfer -N null -i - -R local  -L predict-future-sales -T 2023-02-17T19:59:06+00:00 pegasus-transfer  --threads 2,1.3,0,0,,,,,,,,,
stage_inter_local_model_predict_ID0000014_0,None,transfer,0,1678157518.0,,,1678157523.0,1678157524.0,1678157527.0,1227589.0,1678157523.0,1678157533.0,,,0.0,1678157533.0,1678157538.0,5.0,,0.0,10.0,5.0,3.0,4411696.0,,,poseidon,local,host-10-100-100-12.openstacklocal,pegasus::transfer,/home/poseidon/pegasus-5.1.0panorama/bin/pegasus-transfer,pegasus-kickstart  -n pegasus::transfer -N null -i - -R local  -L predict-future-sales -T 2023-02-17T19:59:06+00:00 pegasus-transfer  --threads 2,0.4,0,0,,,,,,,,,
xgboost_hp_tuning_workflow_ID0000015,None,compute,0,1678157538.0,,,1678157543.0,,,0.0,1678157543.0,1678157559.0,,,0.0,1678157559.0,1678157564.0,5.0,,0.0,16.0,5.0,,,,,poseidon,local,poseidon-submit.novalocal,xgboost_hp_tuning_workflow,/var/spool/condor/local_univ_execute/dir_2404580/xgboost_hp_tuning_workflow,/home/poseidon/workflows/predict-future-sales-workflow/submit/poseidon/pegasus/predict-future-sales/run0468/00/00/xgboost_hp_tuning_workflow_ID0000015.sh,0.1,0,0,,,,,,,,,
xgboost_hp_tuning_workflow_ID0000011,None,compute,0,1678157538.0,,,1678157543.0,,,0.0,1678157543.0,1678157559.0,,,0.0,1678157559.0,1678157564.0,5.0,,0.0,16.0,5.0,,,,,poseidon,local,poseidon-submit.novalocal,xgboost_hp_tuning_workflow,/var/spool/condor/local_univ_execute/dir_2404581/xgboost_hp_tuning_workflow,/home/poseidon/workflows/predict-future-sales-workflow/submit/poseidon/pegasus/predict-future-sales/run0468/00/00/xgboost_hp_tuning_workflow_ID0000011.sh,0.1,0,0,,,,,,,,,
xgboost_hp_tuning_workflow_ID0000019,None,compute,0,1678157538.0,,,1678157543.0,,,0.0,1678157543.0,1678157559.0,,,0.0,1678157559.0,1678157564.0,5.0,,0.0,16.0,5.0,,,,,poseidon,local,poseidon-submit.novalocal,xgboost_hp_tuning_workflow,/var/spool/condor/local_univ_execute/dir_2404584/xgboost_hp_tuning_workflow,/home/poseidon/workflows/predict-future-sales-workflow/submit/poseidon/pegasus/predict-future-sales/run0468/00/00/xgboost_hp_tuning_workflow_ID0000019.sh,0.1,0,0,,,,,,,,,
register_condorpool_3_0,None,auxiliary,0,1678157559.0,,,1678157564.0,,,0.0,1678157564.0,1678157569.0,,,0.0,1678157569.0,1678157574.0,5.0,,0.0,5.0,5.0,,,,,poseidon,local,host-10-100-100-12.openstacklocal,pegasus::rc-client,/home/poseidon/pegasus-5.1.0panorama/bin/pegasus-rc-client,pegasus-kickstart  -n pegasus::rc-client -N null -R local  -L predict-future-sales -T 2023-02-17T19:59:06+00:00 /home/poseidon/pegasus-5.1.0panorama/bin/pegasus-rc-client --prefix pegasus.catalog.replica.output --conf /home/poseidon/workflows/predict-future-sales-workflow/submit/poseidon/pegasus/predict-future-sales/run0468/pegasus.13344681763941730517.properties -v --meta /home/poseidon/workflows/predict-future-sales-workflow/submit/poseidon/pegasus/predict-future-sales/run0468/00/00/feature_merge_ID0000010.meta --insert /home/poseidon/workflows/predict-future-sales-workflow/submit/poseidon/pegasus/predict-future-sales/run0468/00/00/register_condorpool_3_0.in,3.1,0,0,,,,,,,,,
pegasus-plan_ID0000016,None,subwf,0,1678157564.0,1678157564.0,1678157569.0,1678157574.0,,,0.0,1678157575.0,1678158025.0,,,0.0,,,0.0,5.0,1.0,450.0,,,,,,poseidon,local,poseidon-submit,condor::dagman,/usr/bin/condor_dagman,-p 0  -f -l . -Notification never -Debug 3 -Lockfile xgboost_hp_tuning_group_1.dag.lock -Dag xgboost_hp_tuning_group_1.dag -AllowVersionMismatch  -AutoRescue 1 -DoRescueFrom 0,0.0,0,0,,,,,,,,,
pegasus-plan_ID0000012,None,subwf,0,1678157564.0,1678157564.0,1678157569.0,1678157574.0,,,0.0,1678157575.0,1678158075.0,,,0.0,,,0.0,5.0,1.0,500.0,,,,,,poseidon,local,poseidon-submit,condor::dagman,/usr/bin/condor_dagman,-p 0  -f -l . -Notification never -Debug 3 -Lockfile xgboost_hp_tuning_group_0.dag.lock -Dag xgboost_hp_tuning_group_0.dag -AllowVersionMismatch  -AutoRescue 1 -DoRescueFrom 0,0.0,0,0,,,,,,,,,
stage_out_local_local_4_0,None,transfer,0,1678157564.0,,,1678157569.0,,,0.0,1678157569.0,1678157579.0,1678157569.0,1678157573.0,21102.0,1678157579.0,1678157584.0,5.0,,0.0,10.0,5.0,,,4.0,85038.0,poseidon,local,host-10-100-100-12.openstacklocal,pegasus::transfer,/home/poseidon/pegasus-5.1.0panorama/bin/pegasus-transfer,pegasus-kickstart  -n pegasus::transfer -N null -i - -R local  -L predict-future-sales -T 2023-02-17T19:59:06+00:00 pegasus-transfer  --threads 2,0.6,0,0,,,,,,,,,
pegasus-plan_ID0000020,None,subwf,0,1678157564.0,1678157564.0,1678157569.0,1678157574.0,,,0.0,1678157575.0,1678158616.0,,,0.0,,,0.0,5.0,1.0,1041.0,,,,,,poseidon,local,poseidon-submit,condor::dagman,/usr/bin/condor_dagman,-p 0  -f -l . -Notification never -Debug 3 -Lockfile xgboost_hp_tuning_group_2.dag.lock -Dag xgboost_hp_tuning_group_2.dag -AllowVersionMismatch  -AutoRescue 1 -DoRescueFrom 0,0.0,0,0,,,,,,,,,
create_dir_predict-future-sales-hp-tuning_0_condorpool_pegasus-plan_ID0000012,None,auxiliary,0,1678157575.0,,,1678157576.0,,,0.0,1678157579.0,1678157586.0,,,0.0,1678157586.0,1678157591.0,1.0,,3.0,7.0,5.0,,,,,poseidon,local,host-10-100-100-12.openstacklocal,pegasus::dirmanager,/home/poseidon/pegasus-5.1.0panorama/bin/pegasus-transfer,pegasus-kickstart  -n pegasus::dirmanager -N null -i - -R local  -L xgboost_hp_tuning_group_0 -T 2023-03-07T02:52:46+00:00 pegasus-transfer,0.3,0,0,,,,,,,,,
create_dir_predict-future-sales-hp-tuning_0_condorpool_pegasus-plan_ID0000016,None,auxiliary,0,1678157575.0,,,1678157576.0,,,0.0,1678157579.0,1678157586.0,,,0.0,1678157586.0,1678157591.0,1.0,,3.0,7.0,5.0,,,,,poseidon,local,host-10-100-100-12.openstacklocal,pegasus::dirmanager,/home/poseidon/pegasus-5.1.0panorama/bin/pegasus-transfer,pegasus-kickstart  -n pegasus::dirmanager -N null -i - -R local  -L xgboost_hp_tuning_group_1 -T 2023-03-07T02:52:46+00:00 pegasus-transfer,0.3,0,0,,,,,,,,,
create_dir_predict-future-sales-hp-tuning_0_condorpool_pegasus-plan_ID0000020,None,auxiliary,0,1678157575.0,,,1678157576.0,,,0.0,1678157579.0,1678157586.0,,,0.0,1678157586.0,1678157591.0,1.0,,3.0,7.0,5.0,,,,,poseidon,local,host-10-100-100-12.openstacklocal,pegasus::dirmanager,/home/poseidon/pegasus-5.1.0panorama/bin/pegasus-transfer,pegasus-kickstart  -n pegasus::dirmanager -N null -i - -R local  -L xgboost_hp_tuning_group_2 -T 2023-03-07T02:52:46+00:00 pegasus-transfer,0.3,0,0,,,,,,,,,
register_local_4_0,None,auxiliary,0,1678157584.0,,,1678157590.0,,,0.0,1678157590.0,1678157595.0,,,0.0,1678157595.0,1678157600.0,6.0,,0.0,5.0,5.0,,,,,poseidon,local,host-10-100-100-12.openstacklocal,pegasus::rc-client,/home/poseidon/pegasus-5.1.0panorama/bin/pegasus-rc-client,"pegasus-kickstart  -n pegasus::rc-client -N null -R local  -L predict-future-sales -T 2023-02-17T19:59:06+00:00 /home/poseidon/pegasus-5.1.0panorama/bin/pegasus-rc-client --prefix pegasus.catalog.replica.output --conf /home/poseidon/workflows/predict-future-sales-workflow/submit/poseidon/pegasus/predict-future-sales/run0468/pegasus.13344681763941730517.properties -v --meta /home/poseidon/workflows/predict-future-sales-workflow/submit/poseidon/pegasus/predict-future-sales/run0468/00/00/xgboost_hp_tuning_workflow_ID0000011.meta,/home/poseidon/workflows/predict-future-sales-workflow/submit/poseidon/pegasus/predict-future-sales/run0468/00/00/xgboost_hp_tuning_workflow_ID0000019.meta,/home/poseidon/workflows/predict-future-sales-workflow/submit/poseidon/pegasus/predict-future-sales/run0468/00/00/xgboost_hp_tuning_workflow_ID0000015.meta --insert /home/poseidon/workflows/predict-future-sales-workflow/submit/poseidon/pegasus/predict-future-sales/run0468/00/00/register_local_4_0.in",2.9,0,0,,,,,,,,,
stage_in_local_condorpool_0_2_pegasus-plan_ID0000012,None,transfer,0,1678157591.0,,,1678157596.0,1678157596.0,1678157607.0,69310966.0,1678157596.0,1678157616.0,,,0.0,1678157616.0,1678157621.0,5.0,,0.0,20.0,5.0,11.0,735985664.0,,,poseidon,local,host-10-100-100-12.openstacklocal,pegasus::transfer,/home/poseidon/pegasus-5.1.0panorama/bin/pegasus-transfer,-n pegasus::transfer -N null -i - -R local  -L xgboost_hp_tuning_group_0 -T 2023-03-07T02:52:46+00:00 /home/poseidon/pegasus-5.1.0panorama/bin/../bin/pegasus-transfer  --threads 2,4.2,0,0,,,,,,,,,
stage_in_local_condorpool_0_0_pegasus-plan_ID0000016,None,transfer,0,1678157591.0,,,1678157596.0,1678157596.0,1678157601.0,2760.0,1678157596.0,1678157611.0,,,0.0,1678157611.0,1678157616.0,5.0,,0.0,15.0,5.0,5.0,12142.0,,,poseidon,local,host-10-100-100-12.openstacklocal,pegasus::transfer,/home/poseidon/pegasus-5.1.0panorama/bin/pegasus-transfer,-n pegasus::transfer -N null -i - -R local  -L xgboost_hp_tuning_group_1 -T 2023-03-07T02:52:46+00:00 /home/poseidon/pegasus-5.1.0panorama/bin/../bin/pegasus-transfer  --threads 2,0.6,0,0,,,,,,,,,
stage_in_local_condorpool_1_0_pegasus-plan_ID0000016,None,transfer,0,1678157591.0,,,1678157596.0,1678157596.0,1678157600.0,810.0,1678157596.0,1678157606.0,,,0.0,1678157606.0,1678157611.0,5.0,,0.0,10.0,5.0,4.0,2874.0,,,poseidon,local,host-10-100-100-12.openstacklocal,pegasus::transfer,/home/poseidon/pegasus-5.1.0panorama/bin/pegasus-transfer,-n pegasus::transfer -N null -i - -R local  -L xgboost_hp_tuning_group_1 -T 2023-03-07T02:52:46+00:00 /home/poseidon/pegasus-5.1.0panorama/bin/../bin/pegasus-transfer  --threads 2,0.5,0,0,,,,,,,,,
stage_in_local_condorpool_0_1_pegasus-plan_ID0000016,None,transfer,0,1678157591.0,,,1678157596.0,1678157596.0,1678157600.0,5034057.0,1678157596.0,1678157606.0,,,0.0,1678157606.0,1678157611.0,5.0,,0.0,10.0,5.0,4.0,19294600.0,,,poseidon,local,host-10-100-100-12.openstacklocal,pegasus::transfer,/home/poseidon/pegasus-5.1.0panorama/bin/pegasus-transfer,-n pegasus::transfer -N null -i - -R local  -L xgboost_hp_tuning_group_1 -T 2023-03-07T02:52:46+00:00 /home/poseidon/pegasus-5.1.0panorama/bin/../bin/pegasus-transfer  --threads 2,0.6,0,0,,,,,,,,,
stage_in_local_condorpool_0_2_pegasus-plan_ID0000016,None,transfer,0,1678157591.0,,,1678157596.0,1678157596.0,1678157607.0,69333831.0,1678157596.0,1678157616.0,,,0.0,1678157616.0,1678157621.0,5.0,,0.0,20.0,5.0,11.0,735985664.0,,,poseidon,local,host-10-100-100-12.openstacklocal,pegasus::transfer,/home/poseidon/pegasus-5.1.0panorama/bin/pegasus-transfer,-n pegasus::transfer -N null -i - -R local  -L xgboost_hp_tuning_group_1 -T 2023-03-07T02:52:46+00:00 /home/poseidon/pegasus-5.1.0panorama/bin/../bin/pegasus-transfer  --threads 2,4.2,0,0,,,,,,,,,
stage_in_local_condorpool_0_1_pegasus-plan_ID0000012,None,transfer,0,1678157591.0,,,1678157596.0,1678157596.0,1678157602.0,44255234.0,1678157596.0,1678157611.0,,,0.0,1678157611.0,1678157616.0,5.0,,0.0,15.0,5.0,6.0,269346726.0,,,poseidon,local,host-10-100-100-12.openstacklocal,pegasus::transfer,/home/poseidon/pegasus-5.1.0panorama/bin/pegasus-transfer,-n pegasus::transfer -N null -i - -R local  -L xgboost_hp_tuning_group_0 -T 2023-03-07T02:52:46+00:00 /home/poseidon/pegasus-5.1.0panorama/bin/../bin/pegasus-transfer  --threads 2,1.9,0,0,,,,,,,,,
stage_in_local_condorpool_0_2_pegasus-plan_ID0000020,None,transfer,0,1678157591.0,,,1678157596.0,1678157596.0,1678157607.0,69208330.0,1678157596.0,1678157616.0,,,0.0,1678157616.0,1678157621.0,5.0,,0.0,20.0,5.0,11.0,735985664.0,,,poseidon,local,host-10-100-100-12.openstacklocal,pegasus::transfer,/home/poseidon/pegasus-5.1.0panorama/bin/pegasus-transfer,-n pegasus::transfer -N null -i - -R local  -L xgboost_hp_tuning_group_2 -T 2023-03-07T02:52:46+00:00 /home/poseidon/pegasus-5.1.0panorama/bin/../bin/pegasus-transfer  --threads 2,4.2,0,0,,,,,,,,,
stage_in_local_condorpool_0_0_pegasus-plan_ID0000012,None,transfer,0,1678157591.0,,,1678157596.0,1678157596.0,1678157601.0,2800.0,1678157596.0,1678157611.0,,,0.0,1678157611.0,1678157616.0,5.0,,0.0,15.0,5.0,5.0,12142.0,,,poseidon,local,host-10-100-100-12.openstacklocal,pegasus::transfer,/home/poseidon/pegasus-5.1.0panorama/bin/pegasus-transfer,-n pegasus::transfer -N null -i - -R local  -L xgboost_hp_tuning_group_0 -T 2023-03-07T02:52:46+00:00 /home/poseidon/pegasus-5.1.0panorama/bin/../bin/pegasus-transfer  --threads 2,0.6,0,0,,,,,,,,,
stage_in_local_condorpool_1_0_pegasus-plan_ID0000012,None,transfer,0,1678157591.0,,,1678157596.0,1678157596.0,1678157600.0,806.0,1678157596.0,1678157606.0,,,0.0,1678157606.0,1678157611.0,5.0,,0.0,10.0,5.0,4.0,2874.0,,,poseidon,local,host-10-100-100-12.openstacklocal,pegasus::transfer,/home/poseidon/pegasus-5.1.0panorama/bin/pegasus-transfer,-n pegasus::transfer -N null -i - -R local  -L xgboost_hp_tuning_group_0 -T 2023-03-07T02:52:46+00:00 /home/poseidon/pegasus-5.1.0panorama/bin/../bin/pegasus-transfer  --threads 2,0.5,0,0,,,,,,,,,
stage_in_local_condorpool_0_0_pegasus-plan_ID0000020,None,transfer,0,1678157591.0,,,1678157596.0,1678157596.0,1678157601.0,2779.0,1678157596.0,1678157611.0,,,0.0,1678157611.0,1678157616.0,5.0,,0.0,15.0,5.0,5.0,12142.0,,,poseidon,local,host-10-100-100-12.openstacklocal,pegasus::transfer,/home/poseidon/pegasus-5.1.0panorama/bin/pegasus-transfer,-n pegasus::transfer -N null -i - -R local  -L xgboost_hp_tuning_group_2 -T 2023-03-07T02:52:46+00:00 /home/poseidon/pegasus-5.1.0panorama/bin/../bin/pegasus-transfer  --threads 2,0.6,0,0,,,,,,,,,
stage_in_local_condorpool_1_0_pegasus-plan_ID0000020,None,transfer,0,1678157591.0,,,1678157596.0,1678157596.0,1678157600.0,809.0,1678157596.0,1678157606.0,,,0.0,1678157606.0,1678157611.0,5.0,,0.0,10.0,5.0,4.0,2874.0,,,poseidon,local,host-10-100-100-12.openstacklocal,pegasus::transfer,/home/poseidon/pegasus-5.1.0panorama/bin/pegasus-transfer,-n pegasus::transfer -N null -i - -R local  -L xgboost_hp_tuning_group_2 -T 2023-03-07T02:52:46+00:00 /home/poseidon/pegasus-5.1.0panorama/bin/../bin/pegasus-transfer  --threads 2,0.5,0,0,,,,,,,,,
stage_in_local_condorpool_0_1_pegasus-plan_ID0000020,None,transfer,0,1678157591.0,,,1678157596.0,1678157596.0,1678157614.0,152995658.0,1678157596.0,1678157621.0,,,0.0,1678157621.0,1678157626.0,5.0,,0.0,25.0,5.0,18.0,2646308508.0,,,poseidon,local,host-10-100-100-12.openstacklocal,pegasus::transfer,/home/poseidon/pegasus-5.1.0panorama/bin/pegasus-transfer,-n pegasus::transfer -N null -i - -R local  -L xgboost_hp_tuning_group_2 -T 2023-03-07T02:52:46+00:00 /home/poseidon/pegasus-5.1.0panorama/bin/../bin/pegasus-transfer  --threads 2,11.8,0,0,,,,,,,,,
xgboost_hp_tuning_ID0000023_pegasus-plan_ID0000016,None,compute,0,1678157621.0,,,1678157626.0,1678157691.0,1678157707.0,42500332.0,1678157747.0,1678157787.0,1678157717.0,1678157721.0,255.0,1678157787.0,1678157792.0,5.0,,121.0,40.0,5.0,16.0,377646203.0,4.0,1092.0,poseidon,condorpool,poseidon-worker-1-container-0-7,xgboost_hp_tuning,/srv/xgboost_hp_tuning,,18.4,0,0,,,,,,,,,
xgboost_hp_tuning_ID0000012_pegasus-plan_ID0000016,None,compute,0,1678157621.0,,,1678157626.0,1678157666.0,1678157682.0,42471518.0,1678157722.0,1678157762.0,1678157693.0,1678157697.0,248.0,1678157762.0,1678157767.0,5.0,,96.0,40.0,5.0,16.0,377646203.0,4.0,1051.0,poseidon,condorpool,poseidon-worker-1-container-24-31,xgboost_hp_tuning,/srv/xgboost_hp_tuning,,15.1,0,0,,,,,,,,,
xgboost_hp_tuning_ID0000001_pegasus-plan_ID0000016,None,compute,0,1678157621.0,,,1678157626.0,1678157651.0,1678157667.0,42491042.2,1678157707.0,1678157747.0,1678157677.0,1678157682.0,248.0,1678157747.0,1678157752.0,5.0,,81.0,40.0,5.0,16.0,377646203.0,5.0,1061.0,poseidon,condorpool,poseidon-worker-1-container-0-7,xgboost_hp_tuning,/srv/xgboost_hp_tuning,,14.3,0,0,,,,,,,,,
xgboost_hp_tuning_ID0000004_pegasus-plan_ID0000012,None,compute,0,1678157621.0,,,1678157626.0,1678157640.0,1678157658.0,46468839.8,1678157697.0,1678157801.0,1678157733.0,1678157737.0,250.0,1678157801.0,1678157806.0,5.0,,71.0,104.0,5.0,18.0,502672266.0,4.0,1062.0,poseidon,condorpool,poseidon-worker-3-container-16-23,xgboost_hp_tuning,/srv/xgboost_hp_tuning,,126.0,0,0,0.0,157970840.0,40.0,3319.0,2.0,100.7,4.4,7898542.0,4.0
xgboost_hp_tuning_ID0000016_pegasus-plan_ID0000012,None,compute,0,1678157621.0,,,1678157626.0,1678157640.0,1678157658.0,46637039.2,1678157697.0,1678157781.0,1678157712.0,1678157716.0,250.0,1678157781.0,1678157786.0,5.0,,71.0,84.0,5.0,18.0,502672266.0,4.0,1054.0,poseidon,condorpool,poseidon-worker-3-container-0-7,xgboost_hp_tuning,/srv/xgboost_hp_tuning,,92.9,0,0,0.0,157966116.0,40.0,3303.0,2.0,45.2,2.8,15796611.6,4.0
xgboost_hp_tuning_ID0000005_pegasus-plan_ID0000012,None,compute,0,1678157621.0,,,1678157626.0,1678157640.0,1678157658.0,46483965.0,1678157697.0,1678157806.0,1678157733.0,1678157738.0,256.0,1678157806.0,1678157811.0,5.0,,71.0,109.0,5.0,18.0,502672266.0,5.0,1075.0,poseidon,condorpool,poseidon-worker-3-container-24-31,xgboost_hp_tuning,/srv/xgboost_hp_tuning,,170.8,0,0,0.0,157970664.0,40.0,3319.0,2.0,110.5,3.4,7898533.2,4.0
xgboost_hp_tuning_ID0000015_pegasus-plan_ID0000012,hdd_10,compute,0,1678157621.0,,,1678157626.0,1678157649.0,1678157682.0,46428576.0,1678157705.0,1678157786.0,1678157710.0,1678157714.0,248.0,1678157786.0,1678157791.0,5.0,,79.0,81.0,5.0,33.0,502672266.0,4.0,1054.0,poseidon,condorpool,poseidon-worker-2-container-16-23,xgboost_hp_tuning,/srv/xgboost_hp_tuning,,119.7,0,0,0.0,157972538.0,40.0,3321.0,2.0,106.5,3.4,7898626.9,4.0
xgboost_hp_tuning_ID0000017_pegasus-plan_ID0000012,None,compute,0,1678157621.0,,,1678157626.0,1678157628.0,1678157646.0,46442345.6,1678157684.0,1678157751.0,1678157683.0,1678157687.0,247.0,1678157751.0,1678157756.0,5.0,,58.0,67.0,5.0,18.0,502672266.0,4.0,1052.0,poseidon,condorpool,poseidon-worker-1-container-40-47,xgboost_hp_tuning,/srv/xgboost_hp_tuning,,155.9,0,0,0.0,157976352.0,40.0,3336.0,2.0,149.8,3.9,5265878.4,4.0
xgboost_hp_tuning_ID0000010_pegasus-plan_ID0000016,None,compute,0,1678157621.0,,,1678157626.0,1678157571.0,1678157587.0,42660209.0,1678157627.0,1678157671.0,1678157598.0,1678157602.0,245.0,1678157671.0,1678157676.0,5.0,,1.0,44.0,5.0,16.0,377646203.0,4.0,1048.0,poseidon,condorpool,poseidon-worker-1-container-32-39,xgboost_hp_tuning,/srv/xgboost_hp_tuning,,16.5,0,0,,,,,,,,,
xgboost_hp_tuning_ID0000018_pegasus-plan_ID0000012,None,compute,0,1678157621.0,,,1678157626.0,1678157611.0,1678157629.0,46473434.2,1678157667.0,1678157721.0,1678157652.0,1678157656.0,248.0,1678157721.0,1678157726.0,5.0,,41.0,54.0,5.0,18.0,502672266.0,4.0,1056.0,poseidon,condorpool,poseidon-worker-1-container-16-23,xgboost_hp_tuning,/srv/xgboost_hp_tuning,,88.9,0,0,0.0,157967907.0,40.0,3305.0,2.0,44.1,2.8,15796790.7,4.0
xgboost_hp_tuning_ID0000007_pegasus-plan_ID0000012,None,compute,0,1678157621.0,,,1678157626.0,1678157611.0,1678157628.0,46431288.2,1678157667.0,1678157736.0,1678157652.0,1678157656.0,249.0,1678157736.0,1678157741.0,5.0,,41.0,69.0,5.0,17.0,502672266.0,4.0,1066.0,poseidon,condorpool,poseidon-worker-2-container-24-31,xgboost_hp_tuning,/srv/xgboost_hp_tuning,,88.4,0,0,0.1,157967899.0,40.0,3305.0,2.0,46.2,2.7,15796789.9,4.0
xgboost_hp_tuning_ID0000019_pegasus-plan_ID0000012,None,compute,0,1678157621.0,,,1678157626.0,1678157571.0,1678157588.0,46772062.4,1678157627.0,1678157696.0,1678157627.0,1678157631.0,251.0,1678157696.0,1678157701.0,5.0,,1.0,69.0,5.0,17.0,502672266.0,4.0,1059.0,poseidon,condorpool,poseidon-worker-3-container-8-15,xgboost_hp_tuning,/srv/xgboost_hp_tuning,,111.5,0,0,0.0,157970559.0,40.0,3319.0,2.0,105.2,3.6,7898528.0,4.0
xgboost_hp_tuning_ID0000013_pegasus-plan_ID0000016,None,compute,0,1678157621.0,,,1678157626.0,1678157650.0,1678157686.0,13262478.6,1678157706.0,1678157777.0,1678157706.0,1678157710.0,247.0,1678157777.0,1678157782.0,5.0,,80.0,71.0,5.0,36.0,377646203.0,4.0,1053.0,poseidon,condorpool,poseidon-worker-2-container-40-47,xgboost_hp_tuning,/srv/xgboost_hp_tuning,,14.9,0,0,,,,,,,,,
xgboost_hp_tuning_ID0000009_pegasus-plan_ID0000012,None,compute,0,1678157621.0,,,1678157626.0,1678157571.0,1678157589.0,46519393.8,1678157627.0,1678157706.0,1678157635.0,1678157639.0,247.0,1678157706.0,1678157711.0,5.0,,1.0,79.0,5.0,18.0,502672266.0,4.0,1059.0,poseidon,condorpool,poseidon-worker-2-container-32-39,xgboost_hp_tuning,/srv/xgboost_hp_tuning,,125.5,0,0,0.1,157972470.0,40.0,3321.0,2.0,105.3,3.5,7898623.5,4.0
xgboost_hp_tuning_ID0000011_pegasus-plan_ID0000012,None,compute,0,1678157621.0,,,1678157626.0,1678157571.0,1678157589.0,46493700.0,1678157628.0,1678157686.0,1678157615.0,1678157619.0,246.0,1678157686.0,1678157691.0,5.0,,2.0,58.0,5.0,18.0,502672266.0,4.0,1049.0,poseidon,condorpool,poseidon-worker-1-container-40-47,xgboost_hp_tuning,/srv/xgboost_hp_tuning,,103.8,0,0,0.0,157967840.0,40.0,3305.0,2.0,41.5,2.9,15796784.0,4.0
xgboost_hp_tuning_ID0000022_pegasus-plan_ID0000012,None,compute,0,1678157621.0,,,1678157626.0,1678157571.0,1678157589.0,46583456.4,1678157627.0,1678157686.0,1678157614.0,1678157618.0,248.0,1678157686.0,1678157691.0,5.0,,1.0,59.0,5.0,18.0,502672266.0,4.0,1061.0,poseidon,condorpool,poseidon-worker-1-container-24-31,xgboost_hp_tuning,/srv/xgboost_hp_tuning,,97.1,0,0,0.0,157967842.0,40.0,3305.0,2.0,43.4,2.8,15796784.2,4.0
xgboost_hp_tuning_ID0000010_pegasus-plan_ID0000012,None,compute,0,1678157621.0,,,1678157626.0,1678157571.0,1678157589.0,46722484.0,1678157627.0,1678157696.0,1678157627.0,1678157631.0,247.0,1678157696.0,1678157701.0,5.0,,1.0,69.0,5.0,18.0,502672266.0,4.0,1047.0,poseidon,condorpool,poseidon-worker-3-container-40-47,xgboost_hp_tuning,/srv/xgboost_hp_tuning,,113.4,0,0,0.1,157970590.0,40.0,3319.0,2.0,102.8,3.6,7898529.5,4.0
xgboost_hp_tuning_ID0000021_pegasus-plan_ID0000012,None,compute,0,1678157621.0,,,1678157626.0,1678157571.0,1678157589.0,46519217.4,1678157627.0,1678157686.0,1678157613.0,1678157618.0,249.0,1678157686.0,1678157691.0,5.0,,1.0,59.0,5.0,18.0,502672266.0,5.0,1062.0,poseidon,condorpool,poseidon-worker-1-container-8-15,xgboost_hp_tuning,/srv/xgboost_hp_tuning,,92.9,0,0,0.1,157967805.0,40.0,3305.0,2.0,41.8,3.1,15796780.5,4.0
xgboost_hp_tuning_ID0000006_pegasus-plan_ID0000012,None,compute,0,1678157621.0,,,1678157626.0,1678157627.0,1678157644.0,46396057.6,1678157683.0,1678157761.0,1678157689.0,1678157693.0,250.0,1678157761.0,1678157766.0,5.0,,57.0,78.0,5.0,17.0,502672266.0,4.0,1066.0,poseidon,condorpool,poseidon-worker-1-container-8-15,xgboost_hp_tuning,/srv/xgboost_hp_tuning,,189.0,0,0,0.1,157976308.0,40.0,3336.0,2.0,142.9,3.0,5265876.9,4.0
xgboost_hp_tuning_ID0000002_pegasus-plan_ID0000016,None,compute,0,1678157621.0,,,1678157626.0,1678157649.0,1678157681.0,42550757.8,1678157705.0,1678157777.0,1678157706.0,1678157710.0,248.0,1678157777.0,1678157782.0,5.0,,79.0,72.0,5.0,32.0,377646203.0,4.0,1060.0,poseidon,condorpool,poseidon-worker-2-container-32-39,xgboost_hp_tuning,/srv/xgboost_hp_tuning,,19.1,0,0,,,,,,,,,
xgboost_hp_tuning_ID0000016_pegasus-plan_ID0000016,None,compute,0,1678157621.0,,,1678157626.0,1678157627.0,1678157643.0,42469309.2,1678157683.0,1678157722.0,1678157653.0,1678157657.0,248.0,1678157722.0,1678157727.0,5.0,,57.0,39.0,5.0,16.0,377646203.0,4.0,1054.0,poseidon,condorpool,poseidon-worker-1-container-24-31,xgboost_hp_tuning,/srv/xgboost_hp_tuning,,14.2,0,0,,,,,,,,,
xgboost_hp_tuning_ID0000003_pegasus-plan_ID0000016,None,compute,0,1678157621.0,,,1678157626.0,1678157640.0,1678157656.0,42672807.8,1678157697.0,1678157767.0,1678157695.0,1678157699.0,253.0,1678157767.0,1678157772.0,5.0,,71.0,70.0,5.0,16.0,377646203.0,4.0,1067.0,poseidon,condorpool,poseidon-worker-3-container-40-47,xgboost_hp_tuning,/srv/xgboost_hp_tuning,,17.0,0,0,0.0,32948395.0,40.0,3334.0,2.0,15.3,1.5,1098279.8,4.0
xgboost_hp_tuning_ID0000023_pegasus-plan_ID0000012,None,compute,0,1678157621.0,,,1678157626.0,1678157706.0,1678157724.0,46386662.8,1678157762.0,1678157841.0,1678157771.0,1678157775.0,256.0,1678157841.0,1678157846.0,5.0,,136.0,79.0,5.0,18.0,502672266.0,4.0,1090.0,poseidon,condorpool,poseidon-worker-1-container-24-31,xgboost_hp_tuning,/srv/xgboost_hp_tuning,,201.1,0,0,0.1,157980375.0,40.0,3351.0,2.0,195.3,3.9,3949509.4,4.0
xgboost_hp_tuning_ID0000012_pegasus-plan_ID0000012,None,compute,0,1678157621.0,,,1678157626.0,1678157702.0,1678157719.0,46443345.0,1678157758.0,1678157821.0,1678157748.0,1678157752.0,242.0,1678157821.0,1678157826.0,5.0,,132.0,63.0,5.0,17.0,502672266.0,4.0,1050.0,poseidon,condorpool,poseidon-worker-1-container-8-15,xgboost_hp_tuning,/srv/xgboost_hp_tuning,,117.4,0,0,0.0,157972604.0,40.0,3321.0,2.0,102.0,3.6,7898630.2,4.0
xgboost_hp_tuning_ID0000001_pegasus-plan_ID0000012,None,compute,0,1678157621.0,,,1678157626.0,1678157696.0,1678157714.0,46437564.2,1678157752.0,1678157831.0,1678157762.0,1678157766.0,245.0,1678157831.0,1678157836.0,5.0,,126.0,79.0,5.0,18.0,502672266.0,4.0,1063.0,poseidon,condorpool,poseidon-worker-1-container-40-47,xgboost_hp_tuning,/srv/xgboost_hp_tuning,,244.7,0,0,0.1,157980303.0,40.0,3351.0,2.0,227.8,3.6,3949507.6,4.0
xgboost_hp_tuning_ID0000013_pegasus-plan_ID0000012,None,compute,0,1678157621.0,,,1678157626.0,1678157680.0,1678157698.0,46366511.4,1678157736.0,1678157801.0,1678157729.0,1678157734.0,244.0,1678157801.0,1678157806.0,5.0,,110.0,65.0,5.0,18.0,502672266.0,5.0,1052.0,poseidon,condorpool,poseidon-worker-2-container-24-31,xgboost_hp_tuning,/srv/xgboost_hp_tuning,,110.0,0,0,0.0,157972632.0,40.0,3321.0,2.0,103.3,3.8,7898631.6,4.0
xgboost_hp_tuning_ID0000002_pegasus-plan_ID0000012,None,compute,0,1678157621.0,,,1678157626.0,1678157666.0,1678157683.0,46349798.0,1678157722.0,1678157781.0,1678157709.0,1678157713.0,250.0,1678157781.0,1678157786.0,5.0,,96.0,59.0,5.0,17.0,502672266.0,4.0,1062.0,poseidon,condorpool,poseidon-worker-1-container-16-23,xgboost_hp_tuning,/srv/xgboost_hp_tuning,,109.5,0,0,0.1,157967985.0,40.0,3305.0,2.0,49.9,2.5,15796798.5,4.0
xgboost_hp_tuning_ID0000014_pegasus-plan_ID0000012,None,compute,0,1678157621.0,,,1678157626.0,1678157651.0,1678157668.0,46278288.4,1678157707.0,1678157771.0,1678157699.0,1678157703.0,249.0,1678157771.0,1678157776.0,5.0,,81.0,64.0,5.0,17.0,502672266.0,4.0,1055.0,poseidon,condorpool,poseidon-worker-1-container-32-39,xgboost_hp_tuning,/srv/xgboost_hp_tuning,,132.1,0,0,0.0,157972640.0,40.0,3321.0,2.0,105.1,3.5,7898632.0,4.0
xgboost_hp_tuning_ID0000003_pegasus-plan_ID0000012,None,compute,0,1678157621.0,,,1678157626.0,1678157649.0,1678157682.0,46443874.2,1678157705.0,1678157796.0,1678157725.0,1678157729.0,250.0,1678157796.0,1678157801.0,5.0,,79.0,91.0,5.0,33.0,502672266.0,4.0,1068.0,poseidon,condorpool,poseidon-worker-2-container-8-15,xgboost_hp_tuning,/srv/xgboost_hp_tuning,,140.4,0,0,0.1,157972500.0,40.0,3321.0,2.0,109.0,3.3,7898625.0,4.0
xgboost_hp_tuning_ID0000009_pegasus-plan_ID0000016,None,compute,0,1678157621.0,,,1678157626.0,1678157571.0,1678157587.0,42738947.5,1678157627.0,1678157696.0,1678157627.0,1678157631.0,250.0,1678157696.0,1678157701.0,5.0,,1.0,69.0,5.0,16.0,377646203.0,4.0,1057.0,poseidon,condorpool,poseidon-worker-3-container-16-23,xgboost_hp_tuning,/srv/xgboost_hp_tuning,,14.3,0,0,,,,,,,,,
xgboost_hp_tuning_ID0000011_pegasus-plan_ID0000016,None,compute,0,1678157621.0,,,1678157626.0,1678157571.0,1678157587.0,42696755.8,1678157627.0,1678157696.0,1678157627.0,1678157631.0,247.0,1678157696.0,1678157701.0,5.0,,1.0,69.0,5.0,16.0,377646203.0,4.0,1051.0,poseidon,condorpool,poseidon-worker-3-container-0-7,xgboost_hp_tuning,/srv/xgboost_hp_tuning,,21.0,0,0,,,,,,,,,
xgboost_hp_tuning_ID0000022_pegasus-plan_ID0000016,None,compute,0,1678157621.0,,,1678157626.0,1678157571.0,1678157587.0,42576599.5,1678157627.0,1678157666.0,1678157597.0,1678157602.0,246.0,1678157666.0,1678157671.0,5.0,,1.0,39.0,5.0,16.0,377646203.0,5.0,1063.0,poseidon,condorpool,poseidon-worker-2-container-40-47,xgboost_hp_tuning,/srv/xgboost_hp_tuning,,13.8,0,0,,,,,,,,,
xgboost_hp_tuning_ID0000014_pegasus-plan_ID0000016,None,compute,0,1678157621.0,,,1678157626.0,1678157648.0,1678157681.0,42529327.0,1678157705.0,1678157777.0,1678157706.0,1678157710.0,246.0,1678157777.0,1678157782.0,5.0,,79.0,72.0,5.0,33.0,377646203.0,4.0,1054.0,poseidon,condorpool,poseidon-worker-2-container-0-7,xgboost_hp_tuning,/srv/xgboost_hp_tuning,,24.6,0,0,,,,,,,,,
xgboost_hp_tuning_ID0000021_pegasus-plan_ID0000016,None,compute,0,1678157621.0,,,1678157626.0,1678157571.0,1678157587.0,42521157.0,1678157627.0,1678157666.0,1678157597.0,1678157602.0,246.0,1678157666.0,1678157671.0,5.0,,1.0,39.0,5.0,16.0,377646203.0,5.0,1063.0,poseidon,condorpool,poseidon-worker-2-container-24-31,xgboost_hp_tuning,/srv/xgboost_hp_tuning,,14.7,0,0,,,,,,,,,
xgboost_hp_tuning_ID0000008_pegasus-plan_ID0000016,hdd_10,compute,0,1678157621.0,,,1678157626.0,1678157571.0,1678157595.0,42563868.2,1678157627.0,1678157706.0,1678157635.0,1678157639.0,248.0,1678157706.0,1678157712.0,5.0,,1.0,79.0,6.0,24.0,377646203.0,4.0,1059.0,poseidon,condorpool,poseidon-worker-2-container-16-23,xgboost_hp_tuning,/srv/xgboost_hp_tuning,,14.8,0,0,,,,,,,,,
xgboost_hp_tuning_ID0000019_pegasus-plan_ID0000016,hdd_10,compute,0,1678157621.0,,,1678157626.0,1678157571.0,1678157595.0,42730822.0,1678157627.0,1678157696.0,1678157627.0,1678157631.0,250.0,1678157696.0,1678157701.0,5.0,,1.0,69.0,5.0,24.0,377646203.0,4.0,1060.0,poseidon,condorpool,poseidon-worker-3-container-32-39,xgboost_hp_tuning,/srv/xgboost_hp_tuning,,14.2,0,0,,,,,,,,,
xgboost_hp_tuning_ID0000007_pegasus-plan_ID0000016,None,compute,0,1678157621.0,,,1678157626.0,1678157571.0,1678157587.0,42645165.8,1678157628.0,1678157666.0,1678157598.0,1678157602.0,252.0,1678157666.0,1678157671.0,5.0,,2.0,38.0,5.0,16.0,377646203.0,4.0,1067.0,poseidon,condorpool,poseidon-worker-1-container-0-7,xgboost_hp_tuning,/srv/xgboost_hp_tuning,,15.5,0,0,,,,,,,,,
xgboost_hp_tuning_ID0000018_pegasus-plan_ID0000016,None,compute,0,1678157621.0,,,1678157626.0,1678157571.0,1678157587.0,42731598.5,1678157627.0,1678157696.0,1678157627.0,1678157631.0,249.0,1678157696.0,1678157701.0,5.0,,1.0,69.0,5.0,16.0,377646203.0,4.0,1054.0,poseidon,condorpool,poseidon-worker-3-container-24-31,xgboost_hp_tuning,/srv/xgboost_hp_tuning,,15.4,0,0,,,,,,,,,
xgboost_hp_tuning_ID0000006_pegasus-plan_ID0000016,None,compute,0,1678157621.0,,,1678157626.0,1678157611.0,1678157627.0,42507853.2,1678157667.0,1678157706.0,1678157637.0,1678157641.0,252.0,1678157706.0,1678157712.0,5.0,,41.0,39.0,6.0,16.0,377646203.0,4.0,1066.0,poseidon,condorpool,poseidon-worker-2-container-40-47,xgboost_hp_tuning,/srv/xgboost_hp_tuning,,14.8,0,0,,,,,,,,,
xgboost_hp_tuning_ID0000017_pegasus-plan_ID0000016,None,compute,0,1678157621.0,,,1678157626.0,1678157611.0,1678157627.0,42424562.0,1678157667.0,1678157707.0,1678157638.0,1678157642.0,249.0,1678157707.0,1678157712.0,5.0,,41.0,40.0,5.0,16.0,377646203.0,4.0,1055.0,poseidon,condorpool,poseidon-worker-1-container-0-7,xgboost_hp_tuning,/srv/xgboost_hp_tuning,,17.7,0,0,,,,,,,,,
xgboost_hp_tuning_ID0000005_pegasus-plan_ID0000016,None,compute,0,1678157621.0,,,1678157626.0,1678157611.0,1678157627.0,42526987.2,1678157667.0,1678157706.0,1678157637.0,1678157642.0,254.0,1678157706.0,1678157712.0,5.0,,41.0,39.0,6.0,16.0,377646203.0,5.0,1076.0,poseidon,condorpool,poseidon-worker-1-container-32-39,xgboost_hp_tuning,/srv/xgboost_hp_tuning,,16.8,0,0,,,,,,,,,
xgboost_hp_tuning_ID0000020_pegasus-plan_ID0000012,None,compute,0,1678157621.0,,,1678157626.0,1678157571.0,1678157589.0,46566157.2,1678157627.0,1678157706.0,1678157635.0,1678157639.0,250.0,1678157706.0,1678157711.0,5.0,,1.0,79.0,5.0,18.0,502672266.0,4.0,1064.0,poseidon,condorpool,poseidon-worker-2-container-0-7,xgboost_hp_tuning,/srv/xgboost_hp_tuning,,102.2,0,0,0.1,157967763.0,40.0,3305.0,2.0,40.9,3.0,15796776.3,4.0
xgboost_hp_tuning_ID0000004_pegasus-plan_ID0000016,None,compute,0,1678157621.0,,,1678157626.0,1678157640.0,1678157656.0,42630748.5,1678157696.0,1678157767.0,1678157695.0,1678157699.0,253.0,1678157767.0,1678157772.0,5.0,,70.0,71.0,5.0,16.0,377646203.0,4.0,1062.0,poseidon,condorpool,poseidon-worker-3-container-8-15,xgboost_hp_tuning,/srv/xgboost_hp_tuning,,17.7,0,0,0.0,32948366.0,40.0,3334.0,2.0,15.7,1.8,1098278.9,4.0
xgboost_hp_tuning_ID0000015_pegasus-plan_ID0000016,hdd_10,compute,0,1678157621.0,,,1678157626.0,1678157640.0,1678157663.0,42582604.5,1678157697.0,1678157772.0,1678157700.0,1678157704.0,251.0,1678157772.0,1678157777.0,5.0,,71.0,75.0,5.0,23.0,377646203.0,4.0,1053.0,poseidon,condorpool,poseidon-worker-3-container-32-39,xgboost_hp_tuning,/srv/xgboost_hp_tuning,,24.6,0,0,,,,,,,,,
xgboost_hp_tuning_ID0000020_pegasus-plan_ID0000016,None,compute,0,1678157621.0,,,1678157626.0,1678157571.0,1678157587.0,42636434.5,1678157627.0,1678157666.0,1678157598.0,1678157602.0,247.0,1678157666.0,1678157671.0,5.0,,1.0,39.0,5.0,16.0,377646203.0,4.0,1062.0,poseidon,condorpool,poseidon-worker-1-container-16-23,xgboost_hp_tuning,/srv/xgboost_hp_tuning,,14.9,0,0,,,,,,,,,
xgboost_hp_tuning_ID0000008_pegasus-plan_ID0000012,None,compute,0,1678157621.0,,,1678157626.0,1678157571.0,1678157589.0,46532043.2,1678157628.0,1678157706.0,1678157635.0,1678157639.0,248.0,1678157706.0,1678157711.0,5.0,,2.0,78.0,5.0,18.0,502672266.0,4.0,1058.0,poseidon,condorpool,poseidon-worker-2-container-8-15,xgboost_hp_tuning,/srv/xgboost_hp_tuning,,106.1,0,0,0.2,157967800.0,40.0,3305.0,2.0,45.7,2.5,15796780.0,4.0
xgboost_hp_tuning_ID0000009_pegasus-plan_ID0000020,None,compute,0,1678157626.0,,,1678157631.0,1678157708.0,1678157739.0,69094921.9,1678157764.0,1678158151.0,1678158081.0,1678158085.0,250.0,1678158151.0,1678158156.0,5.0,,133.0,387.0,5.0,31.0,1691153157.0,4.0,1059.0,poseidon,condorpool,poseidon-worker-3-container-8-15,xgboost_hp_tuning,/srv/xgboost_hp_tuning,,1914.5,0,0,0.0,1346570206.0,40.0,3784.0,2.0,1846.0,52.1,4080515.8,4.0
xgboost_hp_tuning_ID0000001_pegasus-plan_ID0000020,None,compute,0,1678157626.0,,,1678157631.0,1678158094.0,1678158126.0,69052357.9,1678158151.0,1678158481.0,1678158412.0,1678158416.0,253.0,1678158481.0,1678158486.0,5.0,,520.0,330.0,5.0,32.0,1691153157.0,4.0,1064.0,poseidon,condorpool,poseidon-worker-3-container-8-15,xgboost_hp_tuning,/srv/xgboost_hp_tuning,,1577.8,0,0,0.0,1346547348.0,40.0,3694.0,2.0,1496.1,33.8,4987212.4,4.0
xgboost_hp_tuning_ID0000011_pegasus-plan_ID0000020,None,compute,0,1678157626.0,,,1678157631.0,1678157708.0,1678157739.0,69175470.4,1678157764.0,1678158141.0,1678158068.0,1678158073.0,249.0,1678158141.0,1678158146.0,5.0,,133.0,377.0,5.0,31.0,1691153157.0,5.0,1048.0,poseidon,condorpool,poseidon-worker-3-container-40-47,xgboost_hp_tuning,/srv/xgboost_hp_tuning,,1814.4,0,0,0.0,1346562674.0,40.0,3754.0,2.0,1715.8,46.4,4343750.6,4.0
xgboost_hp_tuning_ID0000013_pegasus-plan_ID0000020,None,compute,0,1678157626.0,,,1678157631.0,1678158082.0,1678158113.0,69060618.9,1678158138.0,1678158481.0,1678158408.0,1678158412.0,253.0,1678158481.0,1678158486.0,5.0,,507.0,343.0,5.0,31.0,1691153157.0,4.0,1055.0,poseidon,condorpool,poseidon-worker-3-container-40-47,xgboost_hp_tuning,/srv/xgboost_hp_tuning,,1604.1,0,0,0.1,1346551393.0,40.0,3709.0,2.0,1519.6,43.2,4809112.1,4.0
xgboost_hp_tuning_ID0000002_pegasus-plan_ID0000020,None,compute,0,1678157626.0,,,1678157631.0,1678158080.0,1678158112.0,68875886.8,1678158136.0,1678158491.0,1678158422.0,1678158426.0,251.0,1678158491.0,1678158496.0,5.0,,505.0,355.0,5.0,32.0,1691153157.0,4.0,1064.0,poseidon,condorpool,poseidon-worker-1-container-0-7,xgboost_hp_tuning,/srv/xgboost_hp_tuning,,1680.4,0,0,0.0,1346560602.0,40.0,3741.0,2.0,1624.0,50.7,4488535.3,4.0
xgboost_hp_tuning_ID0000014_pegasus-plan_ID0000020,None,compute,0,1678157626.0,,,1678157631.0,1678157965.0,1678157996.0,68882227.2,1678158021.0,1678158376.0,1678158307.0,1678158311.0,249.0,1678158376.0,1678158381.0,5.0,,390.0,355.0,5.0,31.0,1691153157.0,4.0,1054.0,poseidon,condorpool,poseidon-worker-2-container-24-31,xgboost_hp_tuning,/srv/xgboost_hp_tuning,,1696.9,0,0,0.1,1346560923.0,40.0,3741.0,2.0,1647.9,40.1,4488536.4,4.0
xgboost_hp_tuning_ID0000003_pegasus-plan_ID0000020,None,compute,0,1678157626.0,,,1678157631.0,1678157784.0,1678157816.0,68864144.7,1678157840.0,1678158221.0,1678158148.0,1678158152.0,251.0,1678158221.0,1678158226.0,5.0,,209.0,381.0,5.0,32.0,1691153157.0,4.0,1068.0,poseidon,condorpool,poseidon-worker-1-container-24-31,xgboost_hp_tuning,/srv/xgboost_hp_tuning,,1786.0,0,0,0.0,1346568579.0,40.0,3771.0,2.0,1711.7,54.9,4208026.8,4.0
xgboost_hp_tuning_ID0000015_pegasus-plan_ID0000020,None,compute,0,1678157626.0,,,1678157631.0,1678157776.0,1678157807.0,68878270.1,1678157832.0,1678158236.0,1678158167.0,1678158172.0,246.0,1678158236.0,1678158241.0,5.0,,201.0,404.0,5.0,31.0,1691153157.0,5.0,1055.0,poseidon,condorpool,poseidon-worker-1-container-40-47,xgboost_hp_tuning,/srv/xgboost_hp_tuning,,1898.3,0,0,0.1,1346580134.0,40.0,3816.0,2.0,1828.6,66.8,3847371.8,4.0
xgboost_hp_tuning_ID0000004_pegasus-plan_ID0000020,None,compute,0,1678157626.0,,,1678157631.0,1678157761.0,1678157793.0,68915771.1,1678157817.0,1678158236.0,1678158163.0,1678158167.0,250.0,1678158236.0,1678158241.0,5.0,,186.0,419.0,5.0,32.0,1691153157.0,4.0,1061.0,poseidon,condorpool,poseidon-worker-1-container-8-15,xgboost_hp_tuning,/srv/xgboost_hp_tuning,,2038.6,0,0,0.1,1346583811.0,40.0,3831.0,2.0,1974.0,59.5,3740510.6,4.0
xgboost_hp_tuning_ID0000016_pegasus-plan_ID0000020,None,compute,0,1678157626.0,,,1678157631.0,1678157746.0,1678157778.0,69111487.9,1678157803.0,1678158211.0,1678158138.0,1678158142.0,248.0,1678158211.0,1678158216.0,5.0,,172.0,408.0,5.0,32.0,1691153157.0,4.0,1055.0,poseidon,condorpool,poseidon-worker-3-container-24-31,xgboost_hp_tuning,/srv/xgboost_hp_tuning,,1923.0,0,0,0.0,1346574132.0,40.0,3799.0,2.0,1844.9,62.3,3960512.2,4.0
xgboost_hp_tuning_ID0000005_pegasus-plan_ID0000020,None,compute,0,1678157626.0,,,1678157631.0,1678157746.0,1678157778.0,69110369.8,1678157803.0,1678158206.0,1678158138.0,1678158142.0,254.0,1678158206.0,1678158211.0,5.0,,172.0,403.0,5.0,32.0,1691153157.0,4.0,1078.0,poseidon,condorpool,poseidon-worker-3-container-16-23,xgboost_hp_tuning,/srv/xgboost_hp_tuning,,1852.1,0,0,0.0,1346574370.0,40.0,3799.0,2.0,1775.7,61.0,3960512.9,4.0
xgboost_hp_tuning_ID0000023_pegasus-plan_ID0000020,None,compute,0,1678157626.0,,,1678157631.0,1678158118.0,1678158149.0,68931857.8,1678158174.0,1678158501.0,1678158432.0,1678158436.0,255.0,1678158501.0,1678158506.0,5.0,,543.0,327.0,5.0,31.0,1691153157.0,4.0,1090.0,poseidon,condorpool,poseidon-worker-2-container-8-15,xgboost_hp_tuning,/srv/xgboost_hp_tuning,,1509.9,0,0,0.1,1346549293.0,40.0,3696.0,2.0,1442.9,43.4,4987219.6,4.0
xgboost_hp_tuning_ID0000017_pegasus-plan_ID0000020,None,compute,0,1678157626.0,,,1678157631.0,1678157738.0,1678157770.0,68970797.9,1678157795.0,1678158176.0,1678158104.0,1678158108.0,248.0,1678158176.0,1678158181.0,5.0,,164.0,381.0,5.0,32.0,1691153157.0,4.0,1056.0,poseidon,condorpool,poseidon-worker-2-container-8-15,xgboost_hp_tuning,/srv/xgboost_hp_tuning,,1761.7,0,0,0.1,1346568290.0,40.0,3771.0,2.0,1682.7,50.0,4208025.9,4.0
xgboost_hp_tuning_ID0000012_pegasus-plan_ID0000020,None,compute,0,1678157626.0,,,1678157631.0,1678158104.0,1678158135.0,68950680.7,1678158160.0,1678158521.0,1678158448.0,1678158452.0,248.0,1678158521.0,1678158526.0,5.0,,529.0,361.0,5.0,31.0,1691153157.0,4.0,1050.0,poseidon,condorpool,poseidon-worker-2-container-40-47,xgboost_hp_tuning,/srv/xgboost_hp_tuning,,1678.5,0,0,0.1,1346560939.0,40.0,3741.0,2.0,1608.8,48.4,4488536.5,4.0
xgboost_hp_tuning_ID0000018_pegasus-plan_ID0000020,hdd_10,compute,0,1678157626.0,,,1678157631.0,1678157729.0,1678157766.0,69003972.0,1678157785.0,1678158191.0,1678158121.0,1678158125.0,247.0,1678158191.0,1678158196.0,5.0,,154.0,406.0,5.0,37.0,1691153157.0,4.0,1056.0,poseidon,condorpool,poseidon-worker-2-container-16-23,xgboost_hp_tuning,/srv/xgboost_hp_tuning,,1896.3,0,0,0.0,1346576041.0,40.0,3801.0,2.0,1805.2,53.7,3960517.8,4.0
xgboost_hp_tuning_ID0000019_pegasus-plan_ID0000020,None,compute,0,1678157626.0,,,1678157631.0,1678157723.0,1678157754.0,68931531.7,1678157779.0,1678158386.0,1678158316.0,1678158321.0,250.0,1678158386.0,1678158391.0,5.0,,148.0,607.0,5.0,31.0,1691153157.0,5.0,1059.0,poseidon,condorpool,poseidon-worker-1-container-16-23,xgboost_hp_tuning,/srv/xgboost_hp_tuning,,3347.6,0,0,0.1,1346656803.0,40.0,4116.0,2.0,3254.7,75.1,2448466.9,4.0
xgboost_hp_tuning_ID0000008_pegasus-plan_ID0000020,None,compute,0,1678157626.0,,,1678157631.0,1678157726.0,1678157757.0,69027216.4,1678157775.0,1678158266.0,1678158196.0,1678158201.0,250.0,1678158266.0,1678158271.0,5.0,,144.0,491.0,5.0,31.0,1691153157.0,5.0,1057.0,poseidon,condorpool,poseidon-worker-2-container-0-7,xgboost_hp_tuning,/srv/xgboost_hp_tuning,,2377.7,0,0,0.0,1346606225.0,40.0,3921.0,2.0,2252.4,69.5,3206205.3,4.0
xgboost_hp_tuning_ID0000020_pegasus-plan_ID0000020,None,compute,0,1678157626.0,,,1678157631.0,1678157726.0,1678157757.0,69045946.0,1678157775.0,1678158201.0,1678158130.0,1678158134.0,249.0,1678158201.0,1678158206.0,5.0,,144.0,426.0,5.0,31.0,1691153157.0,4.0,1063.0,poseidon,condorpool,poseidon-worker-2-container-32-39,xgboost_hp_tuning,/srv/xgboost_hp_tuning,,1961.7,0,0,0.1,1346583678.0,40.0,3831.0,2.0,1888.5,56.1,3740510.2,4.0
xgboost_hp_tuning_ID0000021_pegasus-plan_ID0000020,None,compute,0,1678157626.0,,,1678157631.0,1678157726.0,1678157757.0,69045897.1,1678157775.0,1678158161.0,1678158090.0,1678158094.0,252.0,1678158161.0,1678158166.0,5.0,,144.0,386.0,5.0,31.0,1691153157.0,4.0,1064.0,poseidon,condorpool,poseidon-worker-2-container-40-47,xgboost_hp_tuning,/srv/xgboost_hp_tuning,,1773.3,0,0,0.1,1346568546.0,40.0,3771.0,2.0,1704.8,49.4,4208026.7,4.0
xgboost_hp_tuning_ID0000010_pegasus-plan_ID0000020,hdd_10,compute,0,1678157626.0,,,1678157631.0,1678157713.0,1678157752.0,69129000.1,1678157769.0,1678158121.0,1678158051.0,1678158055.0,250.0,1678158121.0,1678158126.0,5.0,,138.0,352.0,5.0,39.0,1691153157.0,4.0,1049.0,poseidon,condorpool,poseidon-worker-3-container-32-39,xgboost_hp_tuning,/srv/xgboost_hp_tuning,,1571.8,0,0,0.0,1346551231.0,40.0,3709.0,2.0,1457.3,51.5,4809111.5,4.0
xgboost_hp_tuning_ID0000022_pegasus-plan_ID0000020,None,compute,0,1678157626.0,,,1678157631.0,1678157712.0,1678157744.0,68915391.3,1678157768.0,1678158131.0,1678158059.0,1678158063.0,250.0,1678158131.0,1678158136.0,5.0,,137.0,363.0,5.0,32.0,1691153157.0,4.0,1062.0,poseidon,condorpool,poseidon-worker-1-container-32-39,xgboost_hp_tuning,/srv/xgboost_hp_tuning,,1680.9,0,0,0.0,1346560905.0,40.0,3741.0,2.0,1595.6,48.8,4488536.4,4.0
xgboost_hp_tuning_ID0000006_pegasus-plan_ID0000020,None,compute,0,1678157626.0,,,1678157631.0,1678157730.0,1678157762.0,68946762.8,1678157787.0,1678158136.0,1678158066.0,1678158071.0,251.0,1678158136.0,1678158141.0,5.0,,156.0,349.0,5.0,32.0,1691153157.0,5.0,1066.0,poseidon,condorpool,poseidon-worker-1-container-0-7,xgboost_hp_tuning,/srv/xgboost_hp_tuning,,1537.9,0,0,0.0,1346556784.0,40.0,3726.0,2.0,1458.3,49.1,4643299.3,4.0
xgboost_hp_tuning_ID0000007_pegasus-plan_ID0000020,None,compute,0,1678157626.0,,,1678157631.0,1678157725.0,1678157756.0,69159742.9,1678157781.0,1678158206.0,1678158138.0,1678158142.0,251.0,1678158206.0,1678158211.0,5.0,,150.0,425.0,5.0,31.0,1691153157.0,4.0,1066.0,poseidon,condorpool,poseidon-worker-3-container-0-7,xgboost_hp_tuning,/srv/xgboost_hp_tuning,,2092.5,0,0,0.0,1346581660.0,40.0,3829.0,2.0,1992.2,67.2,3740504.6,4.0
stage_out_local_condorpool_0_2_pegasus-plan_ID0000016,None,transfer,0,1678157782.0,,,1678157787.0,,,0.0,1678157787.0,1678157797.0,1678157787.0,1678157791.0,1839.0,1678157797.0,1678157802.0,5.0,,0.0,10.0,5.0,,,4.0,7424.0,poseidon,local,host-10-100-100-12.openstacklocal,pegasus::transfer,/home/poseidon/pegasus-5.1.0panorama/bin/pegasus-transfer,/home/poseidon/pegasus-5.1.0panorama/bin/../bin/pegasus-kickstart  -n pegasus::transfer -N null -i - -R local  -L xgboost_hp_tuning_group_1 -T 2023-03-07T02:52:46+00:00 /home/poseidon/pegasus-5.1.0panorama/bin/../bin/pegasus-transfer  --threads 2,1.1,0,0,,,,,,,,,
stage_out_local_condorpool_0_0_pegasus-plan_ID0000016,None,transfer,0,1678157782.0,,,1678157787.0,,,0.0,1678157787.0,1678157797.0,1678157787.0,1678157791.0,2096.0,1678157797.0,1678157802.0,5.0,,0.0,10.0,5.0,,,4.0,8458.0,poseidon,local,host-10-100-100-12.openstacklocal,pegasus::transfer,/home/poseidon/pegasus-5.1.0panorama/bin/pegasus-transfer,/home/poseidon/pegasus-5.1.0panorama/bin/../bin/pegasus-kickstart  -n pegasus::transfer -N null -i - -R local  -L xgboost_hp_tuning_group_1 -T 2023-03-07T02:52:46+00:00 /home/poseidon/pegasus-5.1.0panorama/bin/../bin/pegasus-transfer  --threads 2,1.1,0,0,,,,,,,,,
stage_out_local_condorpool_0_1_pegasus-plan_ID0000016,None,transfer,0,1678157792.0,,,1678157797.0,,,0.0,1678157797.0,1678157808.0,1678157798.0,1678157802.0,2109.0,1678157808.0,1678157813.0,5.0,,0.0,11.0,5.0,,,4.0,8506.0,poseidon,local,host-10-100-100-12.openstacklocal,pegasus::transfer,/home/poseidon/pegasus-5.1.0panorama/bin/pegasus-transfer,/home/poseidon/pegasus-5.1.0panorama/bin/../bin/pegasus-kickstart  -n pegasus::transfer -N null -i - -R local  -L xgboost_hp_tuning_group_1 -T 2023-03-07T02:52:46+00:00 /home/poseidon/pegasus-5.1.0panorama/bin/../bin/pegasus-transfer  --threads 2,1.1,0,0,,,,,,,,,
xgboost_best_params_ID0000024_pegasus-plan_ID0000016,None,compute,0,1678157792.0,,,1678157797.0,1678157743.0,1678157760.0,33298948.6,1678157799.0,1678157984.0,1678157913.0,1678157917.0,248.0,1678157984.0,1678157989.0,5.0,,2.0,185.0,5.0,17.0,368018657.0,4.0,1048.0,poseidon,condorpool,poseidon-worker-2-container-24-31,xgboost_best_params,/srv/xgboost_best_params,,0.0,0,0,,,,,,,,,
register_condorpool_0_0_pegasus-plan_ID0000016,None,auxiliary,0,1678157802.0,,,1678157808.0,,,0.0,1678157808.0,1678157813.0,,,0.0,1678157813.0,1678157818.0,6.0,,0.0,5.0,5.0,,,,,poseidon,local,host-10-100-100-12.openstacklocal,pegasus::rc-client,/home/poseidon/pegasus-5.1.0panorama/bin/pegasus-rc-client,"-n pegasus::rc-client -N null -R local  -L xgboost_hp_tuning_group_1 -T 2023-03-07T02:52:46+00:00 /home/poseidon/pegasus-5.1.0panorama/bin/pegasus-rc-client --prefix pegasus.catalog.replica.output --conf /home/poseidon/workflows/predict-future-sales-workflow/submit/poseidon/pegasus/predict-future-sales/run0468/00/00/./xgboost_hp_tuning_group_1.000/pegasus.6446194847993078359.properties -v --meta /home/poseidon/workflows/predict-future-sales-workflow/submit/poseidon/pegasus/predict-future-sales/run0468/00/00/./xgboost_hp_tuning_group_1.000/00/00/xgboost_hp_tuning_ID0000018.meta,/home/poseidon/workflows/predict-future-sales-workflow/submit/poseidon/pegasus/predict-future-sales/run0468/00/00/./xgboost_hp_tuning_group_1.000/00/00/xgboost_hp_tuning_ID0000002.meta,/home/poseidon/workflows/predict-future-sales-workflow/submit/poseidon/pegasus/predict-future-sales/run0468/00/00/./xgboost_hp_tuning_group_1.000/00/00/xgboost_hp_tuning_ID0000005.meta,/home/poseidon/workflows/predict-future-sales-workflow/submit/poseidon/pegasus/predict-future-sales/run0468/00/00/./xgboost_hp_tuning_group_1.000/00/00/xgboost_hp_tuning_ID0000009.meta,/home/poseidon/workflows/predict-future-sales-workflow/submit/poseidon/pegasus/predict-future-sales/run0468/00/00/./xgboost_hp_tuning_group_1.000/00/00/xgboost_hp_tuning_ID0000015.meta,/home/poseidon/workflows/predict-future-sales-workflow/submit/poseidon/pegasus/predict-future-sales/run0468/00/00/./xgboost_hp_tuning_group_1.000/00/00/xgboost_hp_tuning_ID0000012.meta,/home/poseidon/workflows/predict-future-sales-workflow/submit/poseidon/pegasus/predict-future-sales/run0468/00/00/./xgboost_hp_tuning_group_1.000/00/00/xgboost_hp_tuning_ID0000010.meta,/home/poseidon/workflows/predict-future-sales-workflow/submit/poseidon/pegasus/predict-future-sales/run0468/00/00/./xgboost_hp_tuning_group_1.000/00/00/xgboost_hp_tuning_ID0000008.meta --insert /home/poseidon/workflows/predict-future-sales-workflow/submit/poseidon/pegasus/predict-future-sales/run0468/00/00/./xgboost_hp_tuning_group_1.000/00/00/register_condorpool_0_0.in",3.1,0,0,,,,,,,,,
register_condorpool_0_2_pegasus-plan_ID0000016,None,auxiliary,0,1678157802.0,,,1678157818.0,,,0.0,1678157818.0,1678157823.0,,,0.0,1678157823.0,1678157828.0,16.0,,0.0,5.0,5.0,,,,,poseidon,local,host-10-100-100-12.openstacklocal,pegasus::rc-client,/home/poseidon/pegasus-5.1.0panorama/bin/pegasus-rc-client,"-n pegasus::rc-client -N null -R local  -L xgboost_hp_tuning_group_1 -T 2023-03-07T02:52:46+00:00 /home/poseidon/pegasus-5.1.0panorama/bin/pegasus-rc-client --prefix pegasus.catalog.replica.output --conf /home/poseidon/workflows/predict-future-sales-workflow/submit/poseidon/pegasus/predict-future-sales/run0468/00/00/./xgboost_hp_tuning_group_1.000/pegasus.6446194847993078359.properties -v --meta /home/poseidon/workflows/predict-future-sales-workflow/submit/poseidon/pegasus/predict-future-sales/run0468/00/00/./xgboost_hp_tuning_group_1.000/00/00/xgboost_hp_tuning_ID0000017.meta,/home/poseidon/workflows/predict-future-sales-workflow/submit/poseidon/pegasus/predict-future-sales/run0468/00/00/./xgboost_hp_tuning_group_1.000/00/00/xgboost_hp_tuning_ID0000022.meta,/home/poseidon/workflows/predict-future-sales-workflow/submit/poseidon/pegasus/predict-future-sales/run0468/00/00/./xgboost_hp_tuning_group_1.000/00/00/xgboost_hp_tuning_ID0000007.meta,/home/poseidon/workflows/predict-future-sales-workflow/submit/poseidon/pegasus/predict-future-sales/run0468/00/00/./xgboost_hp_tuning_group_1.000/00/00/xgboost_hp_tuning_ID0000020.meta,/home/poseidon/workflows/predict-future-sales-workflow/submit/poseidon/pegasus/predict-future-sales/run0468/00/00/./xgboost_hp_tuning_group_1.000/00/00/xgboost_hp_tuning_ID0000001.meta,/home/poseidon/workflows/predict-future-sales-workflow/submit/poseidon/pegasus/predict-future-sales/run0468/00/00/./xgboost_hp_tuning_group_1.000/00/00/xgboost_hp_tuning_ID0000004.meta,/home/poseidon/workflows/predict-future-sales-workflow/submit/poseidon/pegasus/predict-future-sales/run0468/00/00/./xgboost_hp_tuning_group_1.000/00/00/xgboost_hp_tuning_ID0000014.meta --insert /home/poseidon/workflows/predict-future-sales-workflow/submit/poseidon/pegasus/predict-future-sales/run0468/00/00/./xgboost_hp_tuning_group_1.000/00/00/register_condorpool_0_2.in",3.1,0,0,,,,,,,,,
register_condorpool_0_1_pegasus-plan_ID0000016,None,auxiliary,0,1678157813.0,,,1678157828.0,,,0.0,1678157828.0,1678157833.0,,,0.0,1678157833.0,1678157838.0,15.0,,0.0,5.0,5.0,,,,,poseidon,local,host-10-100-100-12.openstacklocal,pegasus::rc-client,/home/poseidon/pegasus-5.1.0panorama/bin/pegasus-rc-client,"-n pegasus::rc-client -N null -R local  -L xgboost_hp_tuning_group_1 -T 2023-03-07T02:52:46+00:00 /home/poseidon/pegasus-5.1.0panorama/bin/pegasus-rc-client --prefix pegasus.catalog.replica.output --conf /home/poseidon/workflows/predict-future-sales-workflow/submit/poseidon/pegasus/predict-future-sales/run0468/00/00/./xgboost_hp_tuning_group_1.000/pegasus.6446194847993078359.properties -v --meta /home/poseidon/workflows/predict-future-sales-workflow/submit/poseidon/pegasus/predict-future-sales/run0468/00/00/./xgboost_hp_tuning_group_1.000/00/00/xgboost_hp_tuning_ID0000013.meta,/home/poseidon/workflows/predict-future-sales-workflow/submit/poseidon/pegasus/predict-future-sales/run0468/00/00/./xgboost_hp_tuning_group_1.000/00/00/xgboost_hp_tuning_ID0000023.meta,/home/poseidon/workflows/predict-future-sales-workflow/submit/poseidon/pegasus/predict-future-sales/run0468/00/00/./xgboost_hp_tuning_group_1.000/00/00/xgboost_hp_tuning_ID0000011.meta,/home/poseidon/workflows/predict-future-sales-workflow/submit/poseidon/pegasus/predict-future-sales/run0468/00/00/./xgboost_hp_tuning_group_1.000/00/00/xgboost_hp_tuning_ID0000006.meta,/home/poseidon/workflows/predict-future-sales-workflow/submit/poseidon/pegasus/predict-future-sales/run0468/00/00/./xgboost_hp_tuning_group_1.000/00/00/xgboost_hp_tuning_ID0000003.meta,/home/poseidon/workflows/predict-future-sales-workflow/submit/poseidon/pegasus/predict-future-sales/run0468/00/00/./xgboost_hp_tuning_group_1.000/00/00/xgboost_hp_tuning_ID0000021.meta,/home/poseidon/workflows/predict-future-sales-workflow/submit/poseidon/pegasus/predict-future-sales/run0468/00/00/./xgboost_hp_tuning_group_1.000/00/00/xgboost_hp_tuning_ID0000019.meta,/home/poseidon/workflows/predict-future-sales-workflow/submit/poseidon/pegasus/predict-future-sales/run0468/00/00/./xgboost_hp_tuning_group_1.000/00/00/xgboost_hp_tuning_ID0000016.meta --insert /home/poseidon/workflows/predict-future-sales-workflow/submit/poseidon/pegasus/predict-future-sales/run0468/00/00/./xgboost_hp_tuning_group_1.000/00/00/register_condorpool_0_1.in",3.1,0,0,,,,,,,,,
stage_out_local_condorpool_0_0_pegasus-plan_ID0000012,None,transfer,0,1678157826.0,,,1678157831.0,,,0.0,1678157831.0,1678157841.0,1678157831.0,1678157835.0,2096.0,1678157841.0,1678157846.0,5.0,,0.0,10.0,5.0,,,4.0,8461.0,poseidon,local,host-10-100-100-12.openstacklocal,pegasus::transfer,/home/poseidon/pegasus-5.1.0panorama/bin/pegasus-transfer,/home/poseidon/pegasus-5.1.0panorama/bin/../bin/pegasus-kickstart  -n pegasus::transfer -N null -i - -R local  -L xgboost_hp_tuning_group_0 -T 2023-03-07T02:52:46+00:00 /home/poseidon/pegasus-5.1.0panorama/bin/../bin/pegasus-transfer  --threads 2,1.1,0,0,,,,,,,,,
stage_out_local_condorpool_0_2_pegasus-plan_ID0000012,None,transfer,0,1678157836.0,,,1678157841.0,,,0.0,1678157841.0,1678157851.0,1678157841.0,1678157846.0,1840.0,1678157851.0,1678157856.0,5.0,,0.0,10.0,5.0,,,5.0,7423.0,poseidon,local,host-10-100-100-12.openstacklocal,pegasus::transfer,/home/poseidon/pegasus-5.1.0panorama/bin/pegasus-transfer,/home/poseidon/pegasus-5.1.0panorama/bin/../bin/pegasus-kickstart  -n pegasus::transfer -N null -i - -R local  -L xgboost_hp_tuning_group_0 -T 2023-03-07T02:52:46+00:00 /home/poseidon/pegasus-5.1.0panorama/bin/../bin/pegasus-transfer  --threads 2,1.0,0,0,,,,,,,,,
register_condorpool_0_0_pegasus-plan_ID0000012,None,auxiliary,0,1678157846.0,,,1678157851.0,,,0.0,1678157851.0,1678157856.0,,,0.0,1678157856.0,1678157861.0,5.0,,0.0,5.0,5.0,,,,,poseidon,local,host-10-100-100-12.openstacklocal,pegasus::rc-client,/home/poseidon/pegasus-5.1.0panorama/bin/pegasus-rc-client,"-n pegasus::rc-client -N null -R local  -L xgboost_hp_tuning_group_0 -T 2023-03-07T02:52:46+00:00 /home/poseidon/pegasus-5.1.0panorama/bin/pegasus-rc-client --prefix pegasus.catalog.replica.output --conf /home/poseidon/workflows/predict-future-sales-workflow/submit/poseidon/pegasus/predict-future-sales/run0468/00/00/./xgboost_hp_tuning_group_0.000/pegasus.15274371343112869256.properties -v --meta /home/poseidon/workflows/predict-future-sales-workflow/submit/poseidon/pegasus/predict-future-sales/run0468/00/00/./xgboost_hp_tuning_group_0.000/00/00/xgboost_hp_tuning_ID0000018.meta,/home/poseidon/workflows/predict-future-sales-workflow/submit/poseidon/pegasus/predict-future-sales/run0468/00/00/./xgboost_hp_tuning_group_0.000/00/00/xgboost_hp_tuning_ID0000002.meta,/home/poseidon/workflows/predict-future-sales-workflow/submit/poseidon/pegasus/predict-future-sales/run0468/00/00/./xgboost_hp_tuning_group_0.000/00/00/xgboost_hp_tuning_ID0000005.meta,/home/poseidon/workflows/predict-future-sales-workflow/submit/poseidon/pegasus/predict-future-sales/run0468/00/00/./xgboost_hp_tuning_group_0.000/00/00/xgboost_hp_tuning_ID0000009.meta,/home/poseidon/workflows/predict-future-sales-workflow/submit/poseidon/pegasus/predict-future-sales/run0468/00/00/./xgboost_hp_tuning_group_0.000/00/00/xgboost_hp_tuning_ID0000015.meta,/home/poseidon/workflows/predict-future-sales-workflow/submit/poseidon/pegasus/predict-future-sales/run0468/00/00/./xgboost_hp_tuning_group_0.000/00/00/xgboost_hp_tuning_ID0000012.meta,/home/poseidon/workflows/predict-future-sales-workflow/submit/poseidon/pegasus/predict-future-sales/run0468/00/00/./xgboost_hp_tuning_group_0.000/00/00/xgboost_hp_tuning_ID0000010.meta,/home/poseidon/workflows/predict-future-sales-workflow/submit/poseidon/pegasus/predict-future-sales/run0468/00/00/./xgboost_hp_tuning_group_0.000/00/00/xgboost_hp_tuning_ID0000008.meta --insert /home/poseidon/workflows/predict-future-sales-workflow/submit/poseidon/pegasus/predict-future-sales/run0468/00/00/./xgboost_hp_tuning_group_0.000/00/00/register_condorpool_0_0.in",3.0,0,0,,,,,,,,,
xgboost_best_params_ID0000024_pegasus-plan_ID0000012,None,compute,0,1678157846.0,,,1678157851.0,1678157926.0,1678157944.0,33244828.2,1678157982.0,1678158021.0,1678157951.0,1678157955.0,256.0,1678158021.0,1678158026.0,5.0,,131.0,39.0,5.0,18.0,368018653.0,4.0,1090.0,poseidon,condorpool,poseidon-worker-2-container-24-31,xgboost_best_params,/srv/xgboost_best_params,,0.1,0,0,,,,,,,,,
stage_out_local_condorpool_0_1_pegasus-plan_ID0000012,None,transfer,0,1678157846.0,,,1678157851.0,,,0.0,1678157851.0,1678157866.0,1678157852.0,1678157856.0,2108.0,1678157866.0,1678157871.0,5.0,,0.0,15.0,5.0,,,4.0,8500.0,poseidon,local,host-10-100-100-12.openstacklocal,pegasus::transfer,/home/poseidon/pegasus-5.1.0panorama/bin/pegasus-transfer,/home/poseidon/pegasus-5.1.0panorama/bin/../bin/pegasus-kickstart  -n pegasus::transfer -N null -i - -R local  -L xgboost_hp_tuning_group_0 -T 2023-03-07T02:52:46+00:00 /home/poseidon/pegasus-5.1.0panorama/bin/../bin/pegasus-transfer  --threads 2,1.1,0,0,,,,,,,,,
register_condorpool_0_2_pegasus-plan_ID0000012,None,auxiliary,0,1678157856.0,,,1678157861.0,,,0.0,1678157861.0,1678157866.0,,,0.0,1678157866.0,1678157871.0,5.0,,0.0,5.0,5.0,,,,,poseidon,local,host-10-100-100-12.openstacklocal,pegasus::rc-client,/home/poseidon/pegasus-5.1.0panorama/bin/pegasus-rc-client,"-n pegasus::rc-client -N null -R local  -L xgboost_hp_tuning_group_0 -T 2023-03-07T02:52:46+00:00 /home/poseidon/pegasus-5.1.0panorama/bin/pegasus-rc-client --prefix pegasus.catalog.replica.output --conf /home/poseidon/workflows/predict-future-sales-workflow/submit/poseidon/pegasus/predict-future-sales/run0468/00/00/./xgboost_hp_tuning_group_0.000/pegasus.15274371343112869256.properties -v --meta /home/poseidon/workflows/predict-future-sales-workflow/submit/poseidon/pegasus/predict-future-sales/run0468/00/00/./xgboost_hp_tuning_group_0.000/00/00/xgboost_hp_tuning_ID0000017.meta,/home/poseidon/workflows/predict-future-sales-workflow/submit/poseidon/pegasus/predict-future-sales/run0468/00/00/./xgboost_hp_tuning_group_0.000/00/00/xgboost_hp_tuning_ID0000022.meta,/home/poseidon/workflows/predict-future-sales-workflow/submit/poseidon/pegasus/predict-future-sales/run0468/00/00/./xgboost_hp_tuning_group_0.000/00/00/xgboost_hp_tuning_ID0000007.meta,/home/poseidon/workflows/predict-future-sales-workflow/submit/poseidon/pegasus/predict-future-sales/run0468/00/00/./xgboost_hp_tuning_group_0.000/00/00/xgboost_hp_tuning_ID0000020.meta,/home/poseidon/workflows/predict-future-sales-workflow/submit/poseidon/pegasus/predict-future-sales/run0468/00/00/./xgboost_hp_tuning_group_0.000/00/00/xgboost_hp_tuning_ID0000001.meta,/home/poseidon/workflows/predict-future-sales-workflow/submit/poseidon/pegasus/predict-future-sales/run0468/00/00/./xgboost_hp_tuning_group_0.000/00/00/xgboost_hp_tuning_ID0000004.meta,/home/poseidon/workflows/predict-future-sales-workflow/submit/poseidon/pegasus/predict-future-sales/run0468/00/00/./xgboost_hp_tuning_group_0.000/00/00/xgboost_hp_tuning_ID0000014.meta --insert /home/poseidon/workflows/predict-future-sales-workflow/submit/poseidon/pegasus/predict-future-sales/run0468/00/00/./xgboost_hp_tuning_group_0.000/00/00/register_condorpool_0_2.in",3.2,0,0,,,,,,,,,
register_condorpool_0_1_pegasus-plan_ID0000012,None,auxiliary,0,1678157871.0,,,1678157876.0,,,0.0,1678157876.0,1678157881.0,,,0.0,1678157881.0,1678157886.0,5.0,,0.0,5.0,5.0,,,,,poseidon,local,host-10-100-100-12.openstacklocal,pegasus::rc-client,/home/poseidon/pegasus-5.1.0panorama/bin/pegasus-rc-client,"-n pegasus::rc-client -N null -R local  -L xgboost_hp_tuning_group_0 -T 2023-03-07T02:52:46+00:00 /home/poseidon/pegasus-5.1.0panorama/bin/pegasus-rc-client --prefix pegasus.catalog.replica.output --conf /home/poseidon/workflows/predict-future-sales-workflow/submit/poseidon/pegasus/predict-future-sales/run0468/00/00/./xgboost_hp_tuning_group_0.000/pegasus.15274371343112869256.properties -v --meta /home/poseidon/workflows/predict-future-sales-workflow/submit/poseidon/pegasus/predict-future-sales/run0468/00/00/./xgboost_hp_tuning_group_0.000/00/00/xgboost_hp_tuning_ID0000013.meta,/home/poseidon/workflows/predict-future-sales-workflow/submit/poseidon/pegasus/predict-future-sales/run0468/00/00/./xgboost_hp_tuning_group_0.000/00/00/xgboost_hp_tuning_ID0000023.meta,/home/poseidon/workflows/predict-future-sales-workflow/submit/poseidon/pegasus/predict-future-sales/run0468/00/00/./xgboost_hp_tuning_group_0.000/00/00/xgboost_hp_tuning_ID0000011.meta,/home/poseidon/workflows/predict-future-sales-workflow/submit/poseidon/pegasus/predict-future-sales/run0468/00/00/./xgboost_hp_tuning_group_0.000/00/00/xgboost_hp_tuning_ID0000006.meta,/home/poseidon/workflows/predict-future-sales-workflow/submit/poseidon/pegasus/predict-future-sales/run0468/00/00/./xgboost_hp_tuning_group_0.000/00/00/xgboost_hp_tuning_ID0000003.meta,/home/poseidon/workflows/predict-future-sales-workflow/submit/poseidon/pegasus/predict-future-sales/run0468/00/00/./xgboost_hp_tuning_group_0.000/00/00/xgboost_hp_tuning_ID0000021.meta,/home/poseidon/workflows/predict-future-sales-workflow/submit/poseidon/pegasus/predict-future-sales/run0468/00/00/./xgboost_hp_tuning_group_0.000/00/00/xgboost_hp_tuning_ID0000019.meta,/home/poseidon/workflows/predict-future-sales-workflow/submit/poseidon/pegasus/predict-future-sales/run0468/00/00/./xgboost_hp_tuning_group_0.000/00/00/xgboost_hp_tuning_ID0000016.meta --insert /home/poseidon/workflows/predict-future-sales-workflow/submit/poseidon/pegasus/predict-future-sales/run0468/00/00/./xgboost_hp_tuning_group_0.000/00/00/register_condorpool_0_1.in",3.0,0,0,,,,,,,,,
stage_out_local_condorpool_1_0_pegasus-plan_ID0000016,None,transfer,0,1678157989.0,,,1678157994.0,,,0.0,1678157994.0,1678158004.0,1678157994.0,1678157998.0,1228.0,1678158004.0,1678158009.0,5.0,,0.0,10.0,5.0,,,4.0,5240.0,poseidon,local,host-10-100-100-12.openstacklocal,pegasus::transfer,/home/poseidon/pegasus-5.1.0panorama/bin/pegasus-transfer,/home/poseidon/pegasus-5.1.0panorama/bin/../bin/pegasus-kickstart  -n pegasus::transfer -N null -i - -R local  -L xgboost_hp_tuning_group_1 -T 2023-03-07T02:52:46+00:00 /home/poseidon/pegasus-5.1.0panorama/bin/../bin/pegasus-transfer  --threads 2,0.7,0,0,,,,,,,,,
register_condorpool_1_0_pegasus-plan_ID0000016,None,auxiliary,0,1678158009.0,,,1678158014.0,,,0.0,1678158014.0,1678158019.0,,,0.0,1678158019.0,1678158024.0,5.0,,0.0,5.0,5.0,,,,,poseidon,local,host-10-100-100-12.openstacklocal,pegasus::rc-client,/home/poseidon/pegasus-5.1.0panorama/bin/pegasus-rc-client,-n pegasus::rc-client -N null -R local  -L xgboost_hp_tuning_group_1 -T 2023-03-07T02:52:46+00:00 /home/poseidon/pegasus-5.1.0panorama/bin/pegasus-rc-client --prefix pegasus.catalog.replica.output --conf /home/poseidon/workflows/predict-future-sales-workflow/submit/poseidon/pegasus/predict-future-sales/run0468/00/00/./xgboost_hp_tuning_group_1.000/pegasus.6446194847993078359.properties -v --meta /home/poseidon/workflows/predict-future-sales-workflow/submit/poseidon/pegasus/predict-future-sales/run0468/00/00/./xgboost_hp_tuning_group_1.000/00/00/xgboost_best_params_ID0000024.meta --insert /home/poseidon/workflows/predict-future-sales-workflow/submit/poseidon/pegasus/predict-future-sales/run0468/00/00/./xgboost_hp_tuning_group_1.000/00/00/register_condorpool_1_0.in,3.0,0,0,,,,,,,,,
xgboost_model_ID0000017,hdd_10,compute,0,1678158025.0,,,1678158030.0,1678158064.0,1678158081.0,42676574.8,1678158120.0,1678158210.0,1678158138.0,1678158142.0,22019.0,1678158210.0,1678158215.0,5.0,,90.0,90.0,5.0,17.0,377645115.0,4.0,96240.0,poseidon,condorpool,poseidon-worker-3-container-32-39,xgboost_model,/srv/xgboost_model,,8.1,0,0,,,,,,,,,
stage_out_local_condorpool_1_0_pegasus-plan_ID0000012,None,transfer,0,1678158026.0,,,1678158031.0,,,0.0,1678158036.0,1678158051.0,1678158037.0,1678158041.0,1270.0,1678158051.0,1678158056.0,5.0,,5.0,15.0,5.0,,,4.0,5450.0,poseidon,local,host-10-100-100-12.openstacklocal,pegasus::transfer,/home/poseidon/pegasus-5.1.0panorama/bin/pegasus-transfer,/home/poseidon/pegasus-5.1.0panorama/bin/../bin/pegasus-kickstart  -n pegasus::transfer -N null -i - -R local  -L xgboost_hp_tuning_group_0 -T 2023-03-07T02:52:46+00:00 /home/poseidon/pegasus-5.1.0panorama/bin/../bin/pegasus-transfer  --threads 2,0.7,0,0,,,,,,,,,
register_condorpool_1_0_pegasus-plan_ID0000012,None,auxiliary,0,1678158056.0,,,1678158061.0,,,0.0,1678158061.0,1678158066.0,,,0.0,1678158066.0,1678158071.0,5.0,,0.0,5.0,5.0,,,,,poseidon,local,host-10-100-100-12.openstacklocal,pegasus::rc-client,/home/poseidon/pegasus-5.1.0panorama/bin/pegasus-rc-client,-n pegasus::rc-client -N null -R local  -L xgboost_hp_tuning_group_0 -T 2023-03-07T02:52:46+00:00 /home/poseidon/pegasus-5.1.0panorama/bin/pegasus-rc-client --prefix pegasus.catalog.replica.output --conf /home/poseidon/workflows/predict-future-sales-workflow/submit/poseidon/pegasus/predict-future-sales/run0468/00/00/./xgboost_hp_tuning_group_0.000/pegasus.15274371343112869256.properties -v --meta /home/poseidon/workflows/predict-future-sales-workflow/submit/poseidon/pegasus/predict-future-sales/run0468/00/00/./xgboost_hp_tuning_group_0.000/00/00/xgboost_best_params_ID0000024.meta --insert /home/poseidon/workflows/predict-future-sales-workflow/submit/poseidon/pegasus/predict-future-sales/run0468/00/00/./xgboost_hp_tuning_group_0.000/00/00/register_condorpool_1_0.in,2.9,0,0,,,,,,,,,
xgboost_model_ID0000013,None,compute,0,1678158075.0,,,1678158080.0,1678158072.0,1678158091.0,46379875.8,1678158128.0,1678158175.0,1678158105.0,1678158110.0,467511.0,1678158175.0,1678158180.0,5.0,,48.0,47.0,5.0,19.0,502671220.0,5.0,2139954.0,poseidon,condorpool,poseidon-worker-1-container-32-39,xgboost_model,/srv/xgboost_model,,28.9,0,0,,,,,,,,,
model_predict_ID0000014,None,compute,0,1678158180.0,,,1678158185.0,1678158130.0,1678158148.0,41931261.2,1678158186.0,1678158225.0,1678158156.0,1678158160.0,101671.0,1678158225.0,1678158230.0,5.0,,1.0,39.0,5.0,18.0,372327169.0,4.0,451213.0,poseidon,condorpool,poseidon-worker-1-container-32-39,model_predict,/srv/model_predict,,2.6,0,0,,,,,,,,,
model_predict_ID0000018,None,compute,0,1678158215.0,,,1678158220.0,1678158165.0,1678158185.0,41497909.0,1678158221.0,1678158265.0,1678158193.0,1678158197.0,5882.0,1678158265.0,1678158270.0,5.0,,1.0,44.0,5.0,20.0,368198298.0,4.0,25035.0,poseidon,condorpool,poseidon-worker-2-container-32-39,model_predict,/srv/model_predict,,2.7,0,0,,,,,,,,,
stage_out_local_condorpool_0_2_pegasus-plan_ID0000020,None,transfer,0,1678158486.0,,,1678158491.0,,,0.0,1678158491.0,1678158501.0,1678158492.0,1678158496.0,1841.0,1678158501.0,1678158506.0,5.0,,0.0,10.0,5.0,,,4.0,7426.0,poseidon,local,host-10-100-100-12.openstacklocal,pegasus::transfer,/home/poseidon/pegasus-5.1.0panorama/bin/pegasus-transfer,/home/poseidon/pegasus-5.1.0panorama/bin/../bin/pegasus-kickstart  -n pegasus::transfer -N null -i - -R local  -L xgboost_hp_tuning_group_2 -T 2023-03-07T02:52:46+00:00 /home/poseidon/pegasus-5.1.0panorama/bin/../bin/pegasus-transfer  --threads 2,1.0,0,0,,,,,,,,,
register_condorpool_0_2_pegasus-plan_ID0000020,None,auxiliary,0,1678158506.0,,,1678158511.0,,,0.0,1678158511.0,1678158516.0,,,0.0,1678158516.0,1678158521.0,5.0,,0.0,5.0,5.0,,,,,poseidon,local,host-10-100-100-12.openstacklocal,pegasus::rc-client,/home/poseidon/pegasus-5.1.0panorama/bin/pegasus-rc-client,"-n pegasus::rc-client -N null -R local  -L xgboost_hp_tuning_group_2 -T 2023-03-07T02:52:46+00:00 /home/poseidon/pegasus-5.1.0panorama/bin/pegasus-rc-client --prefix pegasus.catalog.replica.output --conf /home/poseidon/workflows/predict-future-sales-workflow/submit/poseidon/pegasus/predict-future-sales/run0468/00/00/./xgboost_hp_tuning_group_2.000/pegasus.3711712776851986705.properties -v --meta /home/poseidon/workflows/predict-future-sales-workflow/submit/poseidon/pegasus/predict-future-sales/run0468/00/00/./xgboost_hp_tuning_group_2.000/00/00/xgboost_hp_tuning_ID0000017.meta,/home/poseidon/workflows/predict-future-sales-workflow/submit/poseidon/pegasus/predict-future-sales/run0468/00/00/./xgboost_hp_tuning_group_2.000/00/00/xgboost_hp_tuning_ID0000022.meta,/home/poseidon/workflows/predict-future-sales-workflow/submit/poseidon/pegasus/predict-future-sales/run0468/00/00/./xgboost_hp_tuning_group_2.000/00/00/xgboost_hp_tuning_ID0000007.meta,/home/poseidon/workflows/predict-future-sales-workflow/submit/poseidon/pegasus/predict-future-sales/run0468/00/00/./xgboost_hp_tuning_group_2.000/00/00/xgboost_hp_tuning_ID0000020.meta,/home/poseidon/workflows/predict-future-sales-workflow/submit/poseidon/pegasus/predict-future-sales/run0468/00/00/./xgboost_hp_tuning_group_2.000/00/00/xgboost_hp_tuning_ID0000001.meta,/home/poseidon/workflows/predict-future-sales-workflow/submit/poseidon/pegasus/predict-future-sales/run0468/00/00/./xgboost_hp_tuning_group_2.000/00/00/xgboost_hp_tuning_ID0000004.meta,/home/poseidon/workflows/predict-future-sales-workflow/submit/poseidon/pegasus/predict-future-sales/run0468/00/00/./xgboost_hp_tuning_group_2.000/00/00/xgboost_hp_tuning_ID0000014.meta --insert /home/poseidon/workflows/predict-future-sales-workflow/submit/poseidon/pegasus/predict-future-sales/run0468/00/00/./xgboost_hp_tuning_group_2.000/00/00/register_condorpool_0_2.in",3.0,0,0,,,,,,,,,
stage_out_local_condorpool_0_1_pegasus-plan_ID0000020,None,transfer,0,1678158506.0,,,1678158511.0,,,0.0,1678158511.0,1678158521.0,1678158511.0,1678158515.0,2108.0,1678158521.0,1678158526.0,5.0,,0.0,10.0,5.0,,,4.0,8505.0,poseidon,local,host-10-100-100-12.openstacklocal,pegasus::transfer,/home/poseidon/pegasus-5.1.0panorama/bin/pegasus-transfer,/home/poseidon/pegasus-5.1.0panorama/bin/../bin/pegasus-kickstart  -n pegasus::transfer -N null -i - -R local  -L xgboost_hp_tuning_group_2 -T 2023-03-07T02:52:46+00:00 /home/poseidon/pegasus-5.1.0panorama/bin/../bin/pegasus-transfer  --threads 2,1.0,0,0,,,,,,,,,
register_condorpool_0_1_pegasus-plan_ID0000020,None,auxiliary,0,1678158526.0,,,1678158531.0,,,0.0,1678158531.0,1678158536.0,,,0.0,1678158536.0,1678158541.0,5.0,,0.0,5.0,5.0,,,,,poseidon,local,host-10-100-100-12.openstacklocal,pegasus::rc-client,/home/poseidon/pegasus-5.1.0panorama/bin/pegasus-rc-client,"-n pegasus::rc-client -N null -R local  -L xgboost_hp_tuning_group_2 -T 2023-03-07T02:52:46+00:00 /home/poseidon/pegasus-5.1.0panorama/bin/pegasus-rc-client --prefix pegasus.catalog.replica.output --conf /home/poseidon/workflows/predict-future-sales-workflow/submit/poseidon/pegasus/predict-future-sales/run0468/00/00/./xgboost_hp_tuning_group_2.000/pegasus.3711712776851986705.properties -v --meta /home/poseidon/workflows/predict-future-sales-workflow/submit/poseidon/pegasus/predict-future-sales/run0468/00/00/./xgboost_hp_tuning_group_2.000/00/00/xgboost_hp_tuning_ID0000013.meta,/home/poseidon/workflows/predict-future-sales-workflow/submit/poseidon/pegasus/predict-future-sales/run0468/00/00/./xgboost_hp_tuning_group_2.000/00/00/xgboost_hp_tuning_ID0000023.meta,/home/poseidon/workflows/predict-future-sales-workflow/submit/poseidon/pegasus/predict-future-sales/run0468/00/00/./xgboost_hp_tuning_group_2.000/00/00/xgboost_hp_tuning_ID0000011.meta,/home/poseidon/workflows/predict-future-sales-workflow/submit/poseidon/pegasus/predict-future-sales/run0468/00/00/./xgboost_hp_tuning_group_2.000/00/00/xgboost_hp_tuning_ID0000006.meta,/home/poseidon/workflows/predict-future-sales-workflow/submit/poseidon/pegasus/predict-future-sales/run0468/00/00/./xgboost_hp_tuning_group_2.000/00/00/xgboost_hp_tuning_ID0000003.meta,/home/poseidon/workflows/predict-future-sales-workflow/submit/poseidon/pegasus/predict-future-sales/run0468/00/00/./xgboost_hp_tuning_group_2.000/00/00/xgboost_hp_tuning_ID0000021.meta,/home/poseidon/workflows/predict-future-sales-workflow/submit/poseidon/pegasus/predict-future-sales/run0468/00/00/./xgboost_hp_tuning_group_2.000/00/00/xgboost_hp_tuning_ID0000019.meta,/home/poseidon/workflows/predict-future-sales-workflow/submit/poseidon/pegasus/predict-future-sales/run0468/00/00/./xgboost_hp_tuning_group_2.000/00/00/xgboost_hp_tuning_ID0000016.meta --insert /home/poseidon/workflows/predict-future-sales-workflow/submit/poseidon/pegasus/predict-future-sales/run0468/00/00/./xgboost_hp_tuning_group_2.000/00/00/register_condorpool_0_1.in",3.0,0,0,,,,,,,,,
xgboost_best_params_ID0000024_pegasus-plan_ID0000020,None,compute,0,1678158526.0,,,1678158531.0,1678158476.0,1678158494.0,33273469.8,1678158533.0,1678158571.0,1678158500.0,1678158505.0,251.0,1678158571.0,1678158576.0,5.0,,2.0,38.0,5.0,18.0,368018668.0,5.0,1059.0,poseidon,condorpool,poseidon-worker-2-container-40-47,xgboost_best_params,/srv/xgboost_best_params,,0.0,0,0,,,,,,,,,
stage_out_local_condorpool_0_0_pegasus-plan_ID0000020,None,transfer,0,1678158526.0,,,1678158531.0,,,0.0,1678158531.0,1678158541.0,1678158531.0,1678158535.0,2100.0,1678158541.0,1678158546.0,5.0,,0.0,10.0,5.0,,,4.0,8468.0,poseidon,local,host-10-100-100-12.openstacklocal,pegasus::transfer,/home/poseidon/pegasus-5.1.0panorama/bin/pegasus-transfer,/home/poseidon/pegasus-5.1.0panorama/bin/../bin/pegasus-kickstart  -n pegasus::transfer -N null -i - -R local  -L xgboost_hp_tuning_group_2 -T 2023-03-07T02:52:46+00:00 /home/poseidon/pegasus-5.1.0panorama/bin/../bin/pegasus-transfer  --threads 2,1.0,0,0,,,,,,,,,
register_condorpool_0_0_pegasus-plan_ID0000020,None,auxiliary,0,1678158546.0,,,1678158551.0,,,0.0,1678158551.0,1678158556.0,,,0.0,1678158556.0,1678158561.0,5.0,,0.0,5.0,5.0,,,,,poseidon,local,host-10-100-100-12.openstacklocal,pegasus::rc-client,/home/poseidon/pegasus-5.1.0panorama/bin/pegasus-rc-client,"-n pegasus::rc-client -N null -R local  -L xgboost_hp_tuning_group_2 -T 2023-03-07T02:52:46+00:00 /home/poseidon/pegasus-5.1.0panorama/bin/pegasus-rc-client --prefix pegasus.catalog.replica.output --conf /home/poseidon/workflows/predict-future-sales-workflow/submit/poseidon/pegasus/predict-future-sales/run0468/00/00/./xgboost_hp_tuning_group_2.000/pegasus.3711712776851986705.properties -v --meta /home/poseidon/workflows/predict-future-sales-workflow/submit/poseidon/pegasus/predict-future-sales/run0468/00/00/./xgboost_hp_tuning_group_2.000/00/00/xgboost_hp_tuning_ID0000018.meta,/home/poseidon/workflows/predict-future-sales-workflow/submit/poseidon/pegasus/predict-future-sales/run0468/00/00/./xgboost_hp_tuning_group_2.000/00/00/xgboost_hp_tuning_ID0000002.meta,/home/poseidon/workflows/predict-future-sales-workflow/submit/poseidon/pegasus/predict-future-sales/run0468/00/00/./xgboost_hp_tuning_group_2.000/00/00/xgboost_hp_tuning_ID0000005.meta,/home/poseidon/workflows/predict-future-sales-workflow/submit/poseidon/pegasus/predict-future-sales/run0468/00/00/./xgboost_hp_tuning_group_2.000/00/00/xgboost_hp_tuning_ID0000009.meta,/home/poseidon/workflows/predict-future-sales-workflow/submit/poseidon/pegasus/predict-future-sales/run0468/00/00/./xgboost_hp_tuning_group_2.000/00/00/xgboost_hp_tuning_ID0000015.meta,/home/poseidon/workflows/predict-future-sales-workflow/submit/poseidon/pegasus/predict-future-sales/run0468/00/00/./xgboost_hp_tuning_group_2.000/00/00/xgboost_hp_tuning_ID0000012.meta,/home/poseidon/workflows/predict-future-sales-workflow/submit/poseidon/pegasus/predict-future-sales/run0468/00/00/./xgboost_hp_tuning_group_2.000/00/00/xgboost_hp_tuning_ID0000010.meta,/home/poseidon/workflows/predict-future-sales-workflow/submit/poseidon/pegasus/predict-future-sales/run0468/00/00/./xgboost_hp_tuning_group_2.000/00/00/xgboost_hp_tuning_ID0000008.meta --insert /home/poseidon/workflows/predict-future-sales-workflow/submit/poseidon/pegasus/predict-future-sales/run0468/00/00/./xgboost_hp_tuning_group_2.000/00/00/register_condorpool_0_0.in",3.0,0,0,,,,,,,,,
stage_out_local_condorpool_1_0_pegasus-plan_ID0000020,None,transfer,0,1678158576.0,,,1678158581.0,,,0.0,1678158581.0,1678158591.0,1678158581.0,1678158586.0,1255.0,1678158591.0,1678158596.0,5.0,,0.0,10.0,5.0,,,5.0,5295.0,poseidon,local,host-10-100-100-12.openstacklocal,pegasus::transfer,/home/poseidon/pegasus-5.1.0panorama/bin/pegasus-transfer,/home/poseidon/pegasus-5.1.0panorama/bin/../bin/pegasus-kickstart  -n pegasus::transfer -N null -i - -R local  -L xgboost_hp_tuning_group_2 -T 2023-03-07T02:52:46+00:00 /home/poseidon/pegasus-5.1.0panorama/bin/../bin/pegasus-transfer  --threads 2,0.7,0,0,,,,,,,,,
register_condorpool_1_0_pegasus-plan_ID0000020,None,auxiliary,0,1678158596.0,,,1678158601.0,,,0.0,1678158601.0,1678158606.0,,,0.0,1678158606.0,1678158611.0,5.0,,0.0,5.0,5.0,,,,,poseidon,local,host-10-100-100-12.openstacklocal,pegasus::rc-client,/home/poseidon/pegasus-5.1.0panorama/bin/pegasus-rc-client,-n pegasus::rc-client -N null -R local  -L xgboost_hp_tuning_group_2 -T 2023-03-07T02:52:46+00:00 /home/poseidon/pegasus-5.1.0panorama/bin/pegasus-rc-client --prefix pegasus.catalog.replica.output --conf /home/poseidon/workflows/predict-future-sales-workflow/submit/poseidon/pegasus/predict-future-sales/run0468/00/00/./xgboost_hp_tuning_group_2.000/pegasus.3711712776851986705.properties -v --meta /home/poseidon/workflows/predict-future-sales-workflow/submit/poseidon/pegasus/predict-future-sales/run0468/00/00/./xgboost_hp_tuning_group_2.000/00/00/xgboost_best_params_ID0000024.meta --insert /home/poseidon/workflows/predict-future-sales-workflow/submit/poseidon/pegasus/predict-future-sales/run0468/00/00/./xgboost_hp_tuning_group_2.000/00/00/register_condorpool_1_0.in,2.9,0,0,,,,,,,,,
xgboost_model_ID0000021,None,compute,0,1678158616.0,,,1678158621.0,1678158566.0,1678158598.0,68972359.9,1678158622.0,1678158776.0,1678158706.0,1678158710.0,1754155.0,1678158776.0,1678158781.0,5.0,,1.0,154.0,5.0,32.0,1691152080.0,4.0,8085836.0,poseidon,condorpool,poseidon-worker-3-container-16-23,xgboost_model,/srv/xgboost_model,,576.9,0,0,0.0,1348825332.0,24449.0,5311.0,8.0,508.6,14.7,14986948.1,2444.9
stage_out_local_local_5_0,None,transfer,0,1678158616.0,,,1678158621.0,,,0.0,1678158621.0,1678158631.0,1678158621.0,1678158625.0,792.0,1678158631.0,1678158636.0,5.0,,0.0,10.0,5.0,,,4.0,3197.0,poseidon,local,host-10-100-100-12.openstacklocal,pegasus::transfer,/home/poseidon/pegasus-5.1.0panorama/bin/pegasus-transfer,pegasus-kickstart  -n pegasus::transfer -N null -i - -R local  -L predict-future-sales -T 2023-02-17T19:59:06+00:00 pegasus-transfer  --threads 2,0.3,0,0,,,,,,,,,
cleanup_predict-future-sales_0_local,None,auxiliary,0,1678158636.0,,,1678158641.0,,,0.0,1678158641.0,1678158651.0,,,0.0,1678158651.0,1678158656.0,5.0,,0.0,10.0,5.0,,,,,poseidon,local,host-10-100-100-12.openstacklocal,pegasus::cleanup,/home/poseidon/pegasus-5.1.0panorama/bin/pegasus-transfer,pegasus-kickstart  -n pegasus::cleanup -N null -i - -R local  -L predict-future-sales -T 2023-02-17T19:59:06+00:00 pegasus-transfer,0.3,0,0,,,,,,,,,
stage_out_local_condorpool_6_0,None,transfer,0,1678158781.0,,,1678158786.0,,,0.0,1678158787.0,1678158796.0,1678158787.0,1678158791.0,2559090.0,1678158796.0,1678158801.0,5.0,,1.0,9.0,5.0,,,4.0,10322030.0,poseidon,local,host-10-100-100-12.openstacklocal,pegasus::transfer,/home/poseidon/pegasus-5.1.0panorama/bin/pegasus-transfer,pegasus-kickstart  -n pegasus::transfer -N null -i - -R local  -L predict-future-sales -T 2023-02-17T19:59:06+00:00 pegasus-transfer  --threads 2,0.9,0,0,,,,,,,,,
model_predict_ID0000022,None,compute,0,1678158781.0,,,1678158786.0,1678158732.0,1678158751.0,40714642.3,1678158788.0,1678158831.0,1678158759.0,1678158764.0,1242282.0,1678158831.0,1678158836.0,5.0,,2.0,43.0,5.0,19.0,403090484.0,5.0,5523764.0,poseidon,condorpool,poseidon-worker-3-container-16-23,model_predict,/srv/model_predict,,3.6,0,0,,,,,,,,,
stage_out_local_condorpool_7_0,None,transfer,0,1678158836.0,,,1678158841.0,,,0.0,1678158841.0,1678158851.0,1678158841.0,1678158845.0,1487930.0,1678158851.0,1678158856.0,5.0,,0.0,10.0,5.0,,,4.0,6000012.0,poseidon,local,host-10-100-100-12.openstacklocal,pegasus::transfer,/home/poseidon/pegasus-5.1.0panorama/bin/pegasus-transfer,pegasus-kickstart  -n pegasus::transfer -N null -i - -R local  -L predict-future-sales -T 2023-02-17T19:59:06+00:00 pegasus-transfer  --threads 2,0.6,0,0,,,,,,,,,
predict_merge_ID0000023,None,compute,0,1678158836.0,,,1678158841.0,1678158786.0,1678158806.0,38002878.7,1678158842.0,1678158881.0,1678158813.0,1678158817.0,838979.0,1678158881.0,1678158886.0,5.0,,1.0,39.0,5.0,20.0,377176763.0,4.0,3753045.0,poseidon,condorpool,poseidon-worker-3-container-16-23,predict_merge,/srv/predict_merge,,1.4,0,0,,,,,,,,,
stage_out_local_condorpool_8_0,None,transfer,0,1678158886.0,,,1678158891.0,,,0.0,1678158891.0,1678158901.0,1678158892.0,1678158894.0,1740002.0,1678158901.0,1678158906.0,5.0,,0.0,10.0,5.0,,,2.0,3753045.0,poseidon,local,host-10-100-100-12.openstacklocal,pegasus::transfer,/home/poseidon/pegasus-5.1.0panorama/bin/pegasus-transfer,pegasus-kickstart  -n pegasus::transfer -N null -i - -R local  -L predict-future-sales -T 2023-02-17T19:59:06+00:00 pegasus-transfer  --threads 2,0.4,0,0,,,,,,,,,
cleanup_predict-future-sales_0_condorpool,None,auxiliary,0,1678158906.0,,,1678158911.0,,,0.0,1678158911.0,1678158921.0,,,0.0,1678158921.0,1678158926.0,5.0,,0.0,10.0,5.0,,,,,poseidon,local,host-10-100-100-12.openstacklocal,pegasus::cleanup,/home/poseidon/pegasus-5.1.0panorama/bin/pegasus-transfer,pegasus-kickstart  -n pegasus::cleanup -N null -i - -R local  -L predict-future-sales -T 2023-02-17T19:59:06+00:00 pegasus-transfer,0.3,0,0,,,,,,,,,
