,anomaly_type,type,is_clustered,ready,pre_script_start,pre_script_end,submit,stage_in_start,stage_in_end,stage_in_effective_bytes_per_sec,execute_start,execute_end,stage_out_start,stage_out_end,stage_out_effective_bytes_per_sec,post_script_start,post_script_end,wms_delay,pre_script_delay,queue_delay,runtime,post_script_delay,stage_in_delay,stage_in_bytes,stage_out_delay,stage_out_bytes,kickstart_user,kickstart_site,kickstart_hostname,kickstart_transformations,kickstart_executables,kickstart_executables_argv,kickstart_executables_cpu_time,kickstart_status,kickstart_executables_exitcode,kickstart_online_iowait,kickstart_online_bytes_read,kickstart_online_bytes_written,kickstart_online_read_system_calls,kickstart_online_write_system_calls,kickstart_online_utime,kickstart_online_stime,kickstart_online_bytes_read_per_second,kickstart_online_bytes_written_per_second
create_dir_predict-future-sales_0_local,None,auxiliary,0,1677576252.0,,,1677576253.0,,,0.0,1677576258.0,1677576268.0,,,0.0,1677576268.0,1677576273.0,1.0,,5.0,10.0,5.0,,,,,poseidon,local,host-10-100-100-12.openstacklocal,pegasus::dirmanager,/home/poseidon/pegasus-5.1.0panorama/bin/pegasus-transfer,pegasus-kickstart  -n pegasus::dirmanager -N null -i - -R local  -L predict-future-sales -T 2023-02-17T19:59:06+00:00 pegasus-transfer,0.3,0,0,,,,,,,,,
create_dir_predict-future-sales_0_condorpool,None,auxiliary,0,1677576252.0,,,1677576253.0,,,0.0,1677576258.0,1677576268.0,,,0.0,1677576268.0,1677576273.0,1.0,,5.0,10.0,5.0,,,,,poseidon,local,host-10-100-100-12.openstacklocal,pegasus::dirmanager,/home/poseidon/pegasus-5.1.0panorama/bin/pegasus-transfer,pegasus-kickstart  -n pegasus::dirmanager -N null -i - -R local  -L predict-future-sales -T 2023-02-17T19:59:06+00:00 pegasus-transfer,0.3,0,0,,,,,,,,,
stage_in_local_local_4_0,None,transfer,0,1677576273.0,,,1677576278.0,1677576278.0,1677576280.0,5888.0,1677576278.0,1677576288.0,,,0.0,1677576288.0,1677576293.0,5.0,,0.0,10.0,5.0,2.0,12577.0,,,poseidon,local,host-10-100-100-12.openstacklocal,pegasus::transfer,/home/poseidon/pegasus-5.1.0panorama/bin/pegasus-transfer,pegasus-kickstart  -n pegasus::transfer -N null -i - -R local  -L predict-future-sales -T 2023-02-17T19:59:06+00:00 pegasus-transfer  --threads 2,0.4,0,0,,,,,,,,,
stage_in_local_condorpool_8_0,None,transfer,0,1677576273.0,,,1677576278.0,1677576278.0,1677576282.0,669.0,1677576278.0,1677576288.0,,,0.0,1677576288.0,1677576293.0,5.0,,0.0,10.0,5.0,4.0,2368.0,,,poseidon,local,host-10-100-100-12.openstacklocal,pegasus::transfer,/home/poseidon/pegasus-5.1.0panorama/bin/pegasus-transfer,pegasus-kickstart  -n pegasus::transfer -N null -i - -R local  -L predict-future-sales -T 2023-02-17T19:59:06+00:00 pegasus-transfer  --threads 2,0.5,0,0,,,,,,,,,
stage_in_local_condorpool_3_0,None,transfer,0,1677576273.0,,,1677576278.0,1677576278.0,1677576282.0,2961.0,1677576278.0,1677576288.0,,,0.0,1677576288.0,1677576293.0,5.0,,0.0,10.0,5.0,4.0,12704.0,,,poseidon,local,host-10-100-100-12.openstacklocal,pegasus::transfer,/home/poseidon/pegasus-5.1.0panorama/bin/pegasus-transfer,pegasus-kickstart  -n pegasus::transfer -N null -i - -R local  -L predict-future-sales -T 2023-02-17T19:59:06+00:00 pegasus-transfer  --threads 2,0.6,0,0,,,,,,,,,
stage_in_local_condorpool_2_0,None,transfer,0,1677576273.0,,,1677576278.0,1677576278.0,1677576284.0,9756.0,1677576278.0,1677576293.0,,,0.0,1677576293.0,1677576298.0,5.0,,0.0,15.0,5.0,6.0,55480.0,,,poseidon,local,host-10-100-100-12.openstacklocal,pegasus::transfer,/home/poseidon/pegasus-5.1.0panorama/bin/pegasus-transfer,pegasus-kickstart  -n pegasus::transfer -N null -i - -R local  -L predict-future-sales -T 2023-02-17T19:59:06+00:00 pegasus-transfer  --threads 2,1.1,0,0,,,,,,,,,
stage_in_local_condorpool_1_0,None,transfer,0,1677576273.0,,,1677576278.0,1677576278.0,1677576282.0,3720.0,1677576278.0,1677576288.0,,,0.0,1677576288.0,1677576293.0,5.0,,0.0,10.0,5.0,4.0,15640.0,,,poseidon,local,host-10-100-100-12.openstacklocal,pegasus::transfer,/home/poseidon/pegasus-5.1.0panorama/bin/pegasus-transfer,pegasus-kickstart  -n pegasus::transfer -N null -i - -R local  -L predict-future-sales -T 2023-02-17T19:59:06+00:00 pegasus-transfer  --threads 2,0.6,0,0,,,,,,,,,
stage_in_local_condorpool_0_0,None,transfer,0,1677576273.0,,,1677576278.0,1677576278.0,1677576288.0,96810424.0,1677576278.0,1677576298.0,,,0.0,1677576298.0,1677576303.0,5.0,,0.0,20.0,5.0,10.0,936801734.0,,,poseidon,local,host-10-100-100-12.openstacklocal,pegasus::transfer,/home/poseidon/pegasus-5.1.0panorama/bin/pegasus-transfer,pegasus-kickstart  -n pegasus::transfer -N null -i - -R local  -L predict-future-sales -T 2023-02-17T19:59:06+00:00 pegasus-transfer  --threads 2,5.8,0,0,,,,,,,,,
stage_in_local_condorpool_7_0,None,transfer,0,1677576273.0,,,1677576278.0,1677576278.0,1677576282.0,1005.0,1677576278.0,1677576288.0,,,0.0,1677576288.0,1677576293.0,5.0,,0.0,10.0,5.0,4.0,3488.0,,,poseidon,local,host-10-100-100-12.openstacklocal,pegasus::transfer,/home/poseidon/pegasus-5.1.0panorama/bin/pegasus-transfer,pegasus-kickstart  -n pegasus::transfer -N null -i - -R local  -L predict-future-sales -T 2023-02-17T19:59:06+00:00 pegasus-transfer  --threads 2,0.5,0,0,,,,,,,,,
stage_in_local_condorpool_6_0,None,transfer,0,1677576273.0,,,1677576278.0,1677576278.0,1677576282.0,2255.0,1677576278.0,1677576288.0,,,0.0,1677576288.0,1677576293.0,5.0,,0.0,10.0,5.0,4.0,7870.0,,,poseidon,local,host-10-100-100-12.openstacklocal,pegasus::transfer,/home/poseidon/pegasus-5.1.0panorama/bin/pegasus-transfer,pegasus-kickstart  -n pegasus::transfer -N null -i - -R local  -L predict-future-sales -T 2023-02-17T19:59:06+00:00 pegasus-transfer  --threads 2,0.5,0,0,,,,,,,,,
preprocess_ID0000003,cpu_3,compute,0,1677576303.0,,,1677576308.0,1677576262.0,1677576282.0,45533624.2,1677576310.0,1677576358.0,1677576294.0,1677576301.0,23241289.0,1677576358.0,1677576363.0,5.0,,2.0,48.0,5.0,20.0,467356066.0,7.0,160257914.0,poseidon,condorpool,poseidon-worker-2-container-24-31,preprocess,/srv/preprocess,,4.2,0,0,,,,,,,,,
nlp_ID0000002,cpu_3,compute,0,1677576303.0,,,1677576308.0,1677576262.0,1677576278.0,44972726.2,1677576310.0,1677576614.0,1677576550.0,1677576554.0,603987.0,1677576614.0,1677576619.0,5.0,,2.0,304.0,5.0,16.0,369033604.0,4.0,2755872.0,poseidon,condorpool,poseidon-worker-3-container-40-47,nlp,/srv/nlp,,898.6,0,0,0.0,21410361.0,8791.0,3103.0,5.0,881.4,3.3,82347.5,879.1
eda_ID0000001,cpu_3,compute,0,1677576303.0,,,1677576308.0,1677576262.0,1677576280.0,48377345.0,1677576310.0,1677576383.0,1677576321.0,1677576325.0,280082.0,1677576383.0,1677576388.0,5.0,,2.0,73.0,5.0,18.0,464177772.0,4.0,1197058.0,poseidon,condorpool,poseidon-worker-3-container-32-39,eda,/srv/eda,,34.1,0,0,0.0,144727705.0,850474.0,27361.0,40.0,28.1,1.9,4824256.8,28349.1
feature_eng_1_ID0000005,cpu_3,compute,0,1677576363.0,,,1677576368.0,1677576322.0,1677576343.0,39837665.0,1677576370.0,1677576433.0,1677576367.0,1677576377.0,38927969.0,1677576433.0,1677576438.0,5.0,,2.0,63.0,5.0,21.0,528250191.0,10.0,393324463.0,poseidon,condorpool,poseidon-worker-2-container-24-31,feature_eng_1,/srv/feature_eng_1,,15.8,0,0,0.0,169640383.0,8.0,1789.0,1.0,8.0,2.0,16964038.3,0.8
feature_eng_0_ID0000004,cpu_3,compute,0,1677576363.0,,,1677576368.0,1677576321.0,1677576338.0,40060098.8,1677576369.0,1677576413.0,1677576350.0,1677576354.0,202323.0,1677576413.0,1677576418.0,5.0,,1.0,44.0,5.0,17.0,369949088.0,4.0,893320.0,poseidon,condorpool,poseidon-worker-2-container-24-31,feature_eng_0,/srv/feature_eng_0,,4.9,0,0,,,,,,,,,
feature_eng_5_ID0000009,cpu_3,compute,0,1677576438.0,,,1677576443.0,1677576397.0,1677576419.0,60080842.4,1677576445.0,1677576720.0,1677576649.0,1677576663.0,46883779.0,1677576720.0,1677576725.0,5.0,,2.0,275.0,5.0,22.0,856820455.0,14.0,655540227.0,poseidon,condorpool,poseidon-worker-3-container-32-39,feature_eng_5,/srv/feature_eng_5,,220.0,0,0,0.0,498264228.0,655540124.0,1961.0,13.0,198.8,21.2,2264837.4,32777006.2
stage_out_local_condorpool_1_0,None,transfer,0,1677576438.0,,,1677576443.0,,,0.0,1677576443.0,1677576453.0,1677576444.0,1677576448.0,91223920.0,1677576453.0,1677576458.0,5.0,,0.0,10.0,5.0,,,4.0,394217783.0,poseidon,local,host-10-100-100-12.openstacklocal,pegasus::transfer,/home/poseidon/pegasus-5.1.0panorama/bin/pegasus-transfer,pegasus-kickstart  -n pegasus::transfer -N null -i - -R local  -L predict-future-sales -T 2023-02-17T19:59:06+00:00 pegasus-transfer  --threads 2,2.2,0,0,,,,,,,,,
feature_eng_3_ID0000007,cpu_3,compute,0,1677576438.0,,,1677576443.0,1677576398.0,1677576424.0,42816314.6,1677576445.0,1677576624.0,1677576546.0,1677576568.0,54035012.0,1677576624.0,1677576630.0,5.0,,2.0,179.0,6.0,26.0,762217561.0,22.0,1179971921.0,poseidon,condorpool,poseidon-worker-2-container-24-31,feature_eng_3,/srv/feature_eng_3,,109.3,0,0,0.0,403674924.0,8.0,1543.0,1.0,69.2,30.8,4036749.2,0.8
feature_eng_4_ID0000008,cpu_3,compute,0,1677576438.0,,,1677576443.0,1677576397.0,1677576420.0,53351810.5,1677576445.0,1677576564.0,1677576484.0,1677576506.0,54206228.0,1677576564.0,1677576569.0,5.0,,2.0,119.0,5.0,23.0,761328752.0,22.0,1201824259.0,poseidon,condorpool,poseidon-worker-2-container-24-31,feature_eng_4,/srv/feature_eng_4,,51.3,0,0,0.0,402769815.0,8.0,1466.0,1.0,37.6,12.4,8055396.3,0.8
feature_eng_2_ID0000006,cpu_3,compute,0,1677576438.0,,,1677576443.0,1677576403.0,1677576427.0,51227965.5,1677576451.0,1677576805.0,1677576719.0,1677576749.0,57875286.0,1677576805.0,1677576810.0,5.0,,8.0,354.0,5.0,24.0,761320658.0,30.0,1748107178.0,poseidon,condorpool,poseidon-worker-2-container-24-31,feature_eng_2,/srv/feature_eng_2,,277.2,0,0,0.0,402844105.0,8.0,1798.0,1.0,203.8,66.2,1492015.2,0.8
register_condorpool_1_0,None,auxiliary,0,1677576458.0,,,1677576464.0,,,0.0,1677576464.0,1677576469.0,,,0.0,1677576469.0,1677576474.0,6.0,,0.0,5.0,5.0,,,,,poseidon,local,host-10-100-100-12.openstacklocal,pegasus::rc-client,/home/poseidon/pegasus-5.1.0panorama/bin/pegasus-rc-client,"pegasus-kickstart  -n pegasus::rc-client -N null -R local  -L predict-future-sales -T 2023-02-17T19:59:06+00:00 /home/poseidon/pegasus-5.1.0panorama/bin/pegasus-rc-client --prefix pegasus.catalog.replica.output --conf /home/poseidon/workflows/predict-future-sales-workflow/submit/poseidon/pegasus/predict-future-sales/run0289/pegasus.13364656471049448490.properties -v --meta /home/poseidon/workflows/predict-future-sales-workflow/submit/poseidon/pegasus/predict-future-sales/run0289/00/00/feature_eng_1_ID0000005.meta,/home/poseidon/workflows/predict-future-sales-workflow/submit/poseidon/pegasus/predict-future-sales/run0289/00/00/feature_eng_0_ID0000004.meta --insert /home/poseidon/workflows/predict-future-sales-workflow/submit/poseidon/pegasus/predict-future-sales/run0289/00/00/register_condorpool_1_0.in",3.0,0,0,,,,,,,,,
stage_out_local_condorpool_0_0,None,transfer,0,1677576619.0,,,1677576624.0,,,0.0,1677576624.0,1677576635.0,1677576625.0,1677576629.0,40712020.0,1677576635.0,1677576640.0,5.0,,0.0,11.0,5.0,,,4.0,164210844.0,poseidon,local,host-10-100-100-12.openstacklocal,pegasus::transfer,/home/poseidon/pegasus-5.1.0panorama/bin/pegasus-transfer,pegasus-kickstart  -n pegasus::transfer -N null -i - -R local  -L predict-future-sales -T 2023-02-17T19:59:06+00:00 pegasus-transfer  --threads 2,2.0,0,0,,,,,,,,,
register_condorpool_0_0,None,auxiliary,0,1677576640.0,,,1677576645.0,,,0.0,1677576645.0,1677576650.0,,,0.0,1677576650.0,1677576655.0,5.0,,0.0,5.0,5.0,,,,,poseidon,local,host-10-100-100-12.openstacklocal,pegasus::rc-client,/home/poseidon/pegasus-5.1.0panorama/bin/pegasus-rc-client,"pegasus-kickstart  -n pegasus::rc-client -N null -R local  -L predict-future-sales -T 2023-02-17T19:59:06+00:00 /home/poseidon/pegasus-5.1.0panorama/bin/pegasus-rc-client --prefix pegasus.catalog.replica.output --conf /home/poseidon/workflows/predict-future-sales-workflow/submit/poseidon/pegasus/predict-future-sales/run0289/pegasus.13364656471049448490.properties -v --meta /home/poseidon/workflows/predict-future-sales-workflow/submit/poseidon/pegasus/predict-future-sales/run0289/00/00/nlp_ID0000002.meta,/home/poseidon/workflows/predict-future-sales-workflow/submit/poseidon/pegasus/predict-future-sales/run0289/00/00/eda_ID0000001.meta,/home/poseidon/workflows/predict-future-sales-workflow/submit/poseidon/pegasus/predict-future-sales/run0289/00/00/preprocess_ID0000003.meta --insert /home/poseidon/workflows/predict-future-sales-workflow/submit/poseidon/pegasus/predict-future-sales/run0289/00/00/register_condorpool_0_0.in",3.0,0,0,,,,,,,,,
stage_out_local_condorpool_2_0,None,transfer,0,1677576810.0,,,1677576815.0,,,0.0,1677576816.0,1677576846.0,1677576816.0,1677576836.0,241941895.0,1677576846.0,1677576851.0,5.0,,1.0,30.0,5.0,,,20.0,4785443585.0,poseidon,local,host-10-100-100-12.openstacklocal,pegasus::transfer,/home/poseidon/pegasus-5.1.0panorama/bin/pegasus-transfer,pegasus-kickstart  -n pegasus::transfer -N null -i - -R local  -L predict-future-sales -T 2023-02-17T19:59:06+00:00 pegasus-transfer  --threads 2,21.0,0,0,,,,,,,,,
feature_merge_ID0000010,cpu_3,compute,0,1677576810.0,,,1677576816.0,1677576769.0,1677576836.0,86136624.4,1677576817.0,1677577036.0,1677576927.0,1677576976.0,60966263.0,1677577036.0,1677577041.0,6.0,,1.0,219.0,5.0,67.0,5155397110.0,49.0,2993643458.0,poseidon,condorpool,poseidon-worker-3-container-32-39,feature_merge,/srv/feature_merge,,61.4,0,0,0.0,4796859786.0,1390210454.0,1452.0,44.0,38.3,21.6,79947663.1,69510522.7
register_condorpool_2_0,None,auxiliary,0,1677576851.0,,,1677576856.0,,,0.0,1677576856.0,1677576861.0,,,0.0,1677576861.0,1677576866.0,5.0,,0.0,5.0,5.0,,,,,poseidon,local,host-10-100-100-12.openstacklocal,pegasus::rc-client,/home/poseidon/pegasus-5.1.0panorama/bin/pegasus-rc-client,"pegasus-kickstart  -n pegasus::rc-client -N null -R local  -L predict-future-sales -T 2023-02-17T19:59:06+00:00 /home/poseidon/pegasus-5.1.0panorama/bin/pegasus-rc-client --prefix pegasus.catalog.replica.output --conf /home/poseidon/workflows/predict-future-sales-workflow/submit/poseidon/pegasus/predict-future-sales/run0289/pegasus.13364656471049448490.properties -v --meta /home/poseidon/workflows/predict-future-sales-workflow/submit/poseidon/pegasus/predict-future-sales/run0289/00/00/feature_eng_5_ID0000009.meta,/home/poseidon/workflows/predict-future-sales-workflow/submit/poseidon/pegasus/predict-future-sales/run0289/00/00/feature_eng_2_ID0000006.meta,/home/poseidon/workflows/predict-future-sales-workflow/submit/poseidon/pegasus/predict-future-sales/run0289/00/00/feature_eng_3_ID0000007.meta,/home/poseidon/workflows/predict-future-sales-workflow/submit/poseidon/pegasus/predict-future-sales/run0289/00/00/feature_eng_4_ID0000008.meta --insert /home/poseidon/workflows/predict-future-sales-workflow/submit/poseidon/pegasus/predict-future-sales/run0289/00/00/register_condorpool_2_0.in",3.0,0,0,,,,,,,,,
stage_inter_local_xgboost_hp_tuning_workflow_ID0000015_0,None,transfer,0,1677577041.0,,,1677577046.0,1677577047.0,1677577049.0,402.0,1677577047.0,1677577056.0,,,0.0,1677577056.0,1677577061.0,5.0,,1.0,9.0,5.0,2.0,826.0,,,poseidon,local,host-10-100-100-12.openstacklocal,pegasus::transfer,/home/poseidon/pegasus-5.1.0panorama/bin/pegasus-transfer,pegasus-kickstart  -n pegasus::transfer -N null -i - -R local  -L predict-future-sales -T 2023-02-17T19:59:06+00:00 pegasus-transfer  --threads 2,0.3,0,0,,,,,,,,,
stage_inter_local_xgboost_model_ID0000021_0,None,transfer,0,1677577041.0,,,1677577046.0,1677577047.0,1677577085.0,68991879.0,1677577047.0,1677577091.0,,,0.0,1677577091.0,1677577096.0,5.0,,1.0,44.0,5.0,38.0,2646308508.0,,,poseidon,local,host-10-100-100-12.openstacklocal,pegasus::transfer,/home/poseidon/pegasus-5.1.0panorama/bin/pegasus-transfer,pegasus-kickstart  -n pegasus::transfer -N null -i - -R local  -L predict-future-sales -T 2023-02-17T19:59:06+00:00 pegasus-transfer  --threads 2,9.3,0,0,,,,,,,,,
stage_inter_local_model_predict_ID0000022_0,None,transfer,0,1677577041.0,,,1677577046.0,1677577047.0,1677577051.0,14181026.0,1677577047.0,1677577056.0,,,0.0,1677577056.0,1677577061.0,5.0,,1.0,9.0,5.0,4.0,54050130.0,,,poseidon,local,host-10-100-100-12.openstacklocal,pegasus::transfer,/home/poseidon/pegasus-5.1.0panorama/bin/pegasus-transfer,pegasus-kickstart  -n pegasus::transfer -N null -i - -R local  -L predict-future-sales -T 2023-02-17T19:59:06+00:00 pegasus-transfer  --threads 2,0.6,0,0,,,,,,,,,
stage_out_local_condorpool_3_0,None,transfer,0,1677577041.0,,,1677577046.0,,,0.0,1677577046.0,1677577076.0,1677577047.0,1677577070.0,127437685.0,1677577076.0,1677577081.0,5.0,,0.0,30.0,5.0,,,23.0,2993643458.0,poseidon,local,host-10-100-100-12.openstacklocal,pegasus::transfer,/home/poseidon/pegasus-5.1.0panorama/bin/pegasus-transfer,pegasus-kickstart  -n pegasus::transfer -N null -i - -R local  -L predict-future-sales -T 2023-02-17T19:59:06+00:00 pegasus-transfer  --threads 2,14.4,0,0,,,,,,,,,
stage_inter_local_xgboost_model_ID0000013_0,None,transfer,0,1677577041.0,,,1677577046.0,1677577047.0,1677577054.0,35586578.0,1677577046.0,1677577061.0,,,0.0,1677577061.0,1677577066.0,5.0,,0.0,15.0,5.0,7.0,269346726.0,,,poseidon,local,host-10-100-100-12.openstacklocal,pegasus::transfer,/home/poseidon/pegasus-5.1.0panorama/bin/pegasus-transfer,pegasus-kickstart  -n pegasus::transfer -N null -i - -R local  -L predict-future-sales -T 2023-02-17T19:59:06+00:00 pegasus-transfer  --threads 2,1.3,0,0,,,,,,,,,
stage_inter_local_model_predict_ID0000014_0,None,transfer,0,1677577041.0,,,1677577046.0,1677577047.0,1677577051.0,1210909.0,1677577047.0,1677577056.0,,,0.0,1677577056.0,1677577061.0,5.0,,1.0,9.0,5.0,4.0,4411696.0,,,poseidon,local,host-10-100-100-12.openstacklocal,pegasus::transfer,/home/poseidon/pegasus-5.1.0panorama/bin/pegasus-transfer,pegasus-kickstart  -n pegasus::transfer -N null -i - -R local  -L predict-future-sales -T 2023-02-17T19:59:06+00:00 pegasus-transfer  --threads 2,0.4,0,0,,,,,,,,,
xgboost_hp_tuning_workflow_ID0000015,None,compute,0,1677577061.0,,,1677577066.0,,,0.0,1677577066.0,1677577081.0,,,0.0,1677577081.0,1677577086.0,5.0,,0.0,15.0,5.0,,,,,poseidon,local,poseidon-submit.novalocal,xgboost_hp_tuning_workflow,/var/spool/condor/local_univ_execute/dir_2520666/xgboost_hp_tuning_workflow,/home/poseidon/workflows/predict-future-sales-workflow/submit/poseidon/pegasus/predict-future-sales/run0289/00/00/xgboost_hp_tuning_workflow_ID0000015.sh,0.1,0,0,,,,,,,,,
xgboost_hp_tuning_workflow_ID0000011,None,compute,0,1677577061.0,,,1677577066.0,,,0.0,1677577066.0,1677577081.0,,,0.0,1677577081.0,1677577086.0,5.0,,0.0,15.0,5.0,,,,,poseidon,local,poseidon-submit.novalocal,xgboost_hp_tuning_workflow,/var/spool/condor/local_univ_execute/dir_2520668/xgboost_hp_tuning_workflow,/home/poseidon/workflows/predict-future-sales-workflow/submit/poseidon/pegasus/predict-future-sales/run0289/00/00/xgboost_hp_tuning_workflow_ID0000011.sh,0.1,0,0,,,,,,,,,
xgboost_hp_tuning_workflow_ID0000019,None,compute,0,1677577061.0,,,1677577066.0,,,0.0,1677577067.0,1677577081.0,,,0.0,1677577081.0,1677577086.0,5.0,,1.0,14.0,5.0,,,,,poseidon,local,poseidon-submit.novalocal,xgboost_hp_tuning_workflow,/var/spool/condor/local_univ_execute/dir_2520672/xgboost_hp_tuning_workflow,/home/poseidon/workflows/predict-future-sales-workflow/submit/poseidon/pegasus/predict-future-sales/run0289/00/00/xgboost_hp_tuning_workflow_ID0000019.sh,0.1,0,0,,,,,,,,,
register_condorpool_3_0,None,auxiliary,0,1677577081.0,,,1677577086.0,,,0.0,1677577086.0,1677577091.0,,,0.0,1677577091.0,1677577096.0,5.0,,0.0,5.0,5.0,,,,,poseidon,local,host-10-100-100-12.openstacklocal,pegasus::rc-client,/home/poseidon/pegasus-5.1.0panorama/bin/pegasus-rc-client,pegasus-kickstart  -n pegasus::rc-client -N null -R local  -L predict-future-sales -T 2023-02-17T19:59:06+00:00 /home/poseidon/pegasus-5.1.0panorama/bin/pegasus-rc-client --prefix pegasus.catalog.replica.output --conf /home/poseidon/workflows/predict-future-sales-workflow/submit/poseidon/pegasus/predict-future-sales/run0289/pegasus.13364656471049448490.properties -v --meta /home/poseidon/workflows/predict-future-sales-workflow/submit/poseidon/pegasus/predict-future-sales/run0289/00/00/feature_merge_ID0000010.meta --insert /home/poseidon/workflows/predict-future-sales-workflow/submit/poseidon/pegasus/predict-future-sales/run0289/00/00/register_condorpool_3_0.in,2.9,0,0,,,,,,,,,
pegasus-plan_ID0000016,None,subwf,0,1677577086.0,1677577086.0,1677577091.0,1677577096.0,,,0.0,1677577096.0,1677577407.0,,,0.0,,,0.0,5.0,0.0,311.0,,,,,,poseidon,local,poseidon-submit,condor::dagman,/usr/bin/condor_dagman,-p 0  -f -l . -Notification never -Debug 3 -Lockfile xgboost_hp_tuning_group_1.dag.lock -Dag xgboost_hp_tuning_group_1.dag -AllowVersionMismatch  -AutoRescue 1 -DoRescueFrom 0,0.0,0,0,,,,,,,,,
pegasus-plan_ID0000012,None,subwf,0,1677577086.0,1677577086.0,1677577091.0,1677577096.0,,,0.0,1677577096.0,1677577372.0,,,0.0,,,0.0,5.0,0.0,276.0,,,,,,poseidon,local,poseidon-submit,condor::dagman,/usr/bin/condor_dagman,-p 0  -f -l . -Notification never -Debug 3 -Lockfile xgboost_hp_tuning_group_0.dag.lock -Dag xgboost_hp_tuning_group_0.dag -AllowVersionMismatch  -AutoRescue 1 -DoRescueFrom 0,0.0,0,0,,,,,,,,,
stage_out_local_local_4_0,None,transfer,0,1677577086.0,,,1677577091.0,,,0.0,1677577091.0,1677577101.0,1677577091.0,1677577095.0,21096.0,1677577101.0,1677577106.0,5.0,,0.0,10.0,5.0,,,4.0,85038.0,poseidon,local,host-10-100-100-12.openstacklocal,pegasus::transfer,/home/poseidon/pegasus-5.1.0panorama/bin/pegasus-transfer,pegasus-kickstart  -n pegasus::transfer -N null -i - -R local  -L predict-future-sales -T 2023-02-17T19:59:06+00:00 pegasus-transfer  --threads 2,0.5,0,0,,,,,,,,,
pegasus-plan_ID0000020,None,subwf,0,1677577086.0,1677577086.0,1677577091.0,1677577096.0,,,0.0,1677577096.0,1677578252.0,,,0.0,,,0.0,5.0,0.0,1156.0,,,,,,poseidon,local,poseidon-submit,condor::dagman,/usr/bin/condor_dagman,-p 0  -f -l . -Notification never -Debug 3 -Lockfile xgboost_hp_tuning_group_2.dag.lock -Dag xgboost_hp_tuning_group_2.dag -AllowVersionMismatch  -AutoRescue 1 -DoRescueFrom 0,0.0,0,0,,,,,,,,,
create_dir_predict-future-sales-hp-tuning_0_condorpool_pegasus-plan_ID0000016,None,auxiliary,0,1677577096.0,,,1677577097.0,,,0.0,1677577100.0,1677577107.0,,,0.0,1677577107.0,1677577112.0,1.0,,3.0,7.0,5.0,,,,,poseidon,local,host-10-100-100-12.openstacklocal,pegasus::dirmanager,/home/poseidon/pegasus-5.1.0panorama/bin/pegasus-transfer,pegasus-kickstart  -n pegasus::dirmanager -N null -i - -R local  -L xgboost_hp_tuning_group_1 -T 2023-02-28T09:38:08+00:00 pegasus-transfer,0.3,0,0,,,,,,,,,
create_dir_predict-future-sales-hp-tuning_0_condorpool_pegasus-plan_ID0000012,None,auxiliary,0,1677577096.0,,,1677577097.0,,,0.0,1677577100.0,1677577107.0,,,0.0,1677577107.0,1677577112.0,1.0,,3.0,7.0,5.0,,,,,poseidon,local,host-10-100-100-12.openstacklocal,pegasus::dirmanager,/home/poseidon/pegasus-5.1.0panorama/bin/pegasus-transfer,pegasus-kickstart  -n pegasus::dirmanager -N null -i - -R local  -L xgboost_hp_tuning_group_0 -T 2023-02-28T09:38:08+00:00 pegasus-transfer,0.3,0,0,,,,,,,,,
create_dir_predict-future-sales-hp-tuning_0_condorpool_pegasus-plan_ID0000020,None,auxiliary,0,1677577096.0,,,1677577097.0,,,0.0,1677577100.0,1677577107.0,,,0.0,1677577107.0,1677577112.0,1.0,,3.0,7.0,5.0,,,,,poseidon,local,host-10-100-100-12.openstacklocal,pegasus::dirmanager,/home/poseidon/pegasus-5.1.0panorama/bin/pegasus-transfer,pegasus-kickstart  -n pegasus::dirmanager -N null -i - -R local  -L xgboost_hp_tuning_group_2 -T 2023-02-28T09:38:08+00:00 pegasus-transfer,0.3,0,0,,,,,,,,,
register_local_4_0,None,auxiliary,0,1677577106.0,,,1677577111.0,,,0.0,1677577111.0,1677577116.0,,,0.0,1677577116.0,1677577121.0,5.0,,0.0,5.0,5.0,,,,,poseidon,local,host-10-100-100-12.openstacklocal,pegasus::rc-client,/home/poseidon/pegasus-5.1.0panorama/bin/pegasus-rc-client,"pegasus-kickstart  -n pegasus::rc-client -N null -R local  -L predict-future-sales -T 2023-02-17T19:59:06+00:00 /home/poseidon/pegasus-5.1.0panorama/bin/pegasus-rc-client --prefix pegasus.catalog.replica.output --conf /home/poseidon/workflows/predict-future-sales-workflow/submit/poseidon/pegasus/predict-future-sales/run0289/pegasus.13364656471049448490.properties -v --meta /home/poseidon/workflows/predict-future-sales-workflow/submit/poseidon/pegasus/predict-future-sales/run0289/00/00/xgboost_hp_tuning_workflow_ID0000011.meta,/home/poseidon/workflows/predict-future-sales-workflow/submit/poseidon/pegasus/predict-future-sales/run0289/00/00/xgboost_hp_tuning_workflow_ID0000019.meta,/home/poseidon/workflows/predict-future-sales-workflow/submit/poseidon/pegasus/predict-future-sales/run0289/00/00/xgboost_hp_tuning_workflow_ID0000015.meta --insert /home/poseidon/workflows/predict-future-sales-workflow/submit/poseidon/pegasus/predict-future-sales/run0289/00/00/register_local_4_0.in",3.0,0,0,,,,,,,,,
stage_in_local_condorpool_0_0_pegasus-plan_ID0000012,None,transfer,0,1677577112.0,,,1677577117.0,1677577118.0,1677577122.0,2825.0,1677577118.0,1677577132.0,,,0.0,1677577132.0,1677577137.0,5.0,,1.0,14.0,5.0,4.0,12142.0,,,poseidon,local,host-10-100-100-12.openstacklocal,pegasus::transfer,/home/poseidon/pegasus-5.1.0panorama/bin/pegasus-transfer,-n pegasus::transfer -N null -i - -R local  -L xgboost_hp_tuning_group_0 -T 2023-02-28T09:38:08+00:00 /home/poseidon/pegasus-5.1.0panorama/bin/../bin/pegasus-transfer  --threads 2,0.6,0,0,,,,,,,,,
stage_in_local_condorpool_1_0_pegasus-plan_ID0000012,None,transfer,0,1677577112.0,,,1677577117.0,1677577118.0,1677577121.0,796.0,1677577118.0,1677577127.0,,,0.0,1677577127.0,1677577132.0,5.0,,1.0,9.0,5.0,3.0,2874.0,,,poseidon,local,host-10-100-100-12.openstacklocal,pegasus::transfer,/home/poseidon/pegasus-5.1.0panorama/bin/pegasus-transfer,-n pegasus::transfer -N null -i - -R local  -L xgboost_hp_tuning_group_0 -T 2023-02-28T09:38:08+00:00 /home/poseidon/pegasus-5.1.0panorama/bin/../bin/pegasus-transfer  --threads 2,0.5,0,0,,,,,,,,,
stage_in_local_condorpool_0_1_pegasus-plan_ID0000012,None,transfer,0,1677577112.0,,,1677577117.0,1677577118.0,1677577124.0,43945555.0,1677577118.0,1677577132.0,,,0.0,1677577132.0,1677577137.0,5.0,,1.0,14.0,5.0,6.0,269346726.0,,,poseidon,local,host-10-100-100-12.openstacklocal,pegasus::transfer,/home/poseidon/pegasus-5.1.0panorama/bin/pegasus-transfer,-n pegasus::transfer -N null -i - -R local  -L xgboost_hp_tuning_group_0 -T 2023-02-28T09:38:08+00:00 /home/poseidon/pegasus-5.1.0panorama/bin/../bin/pegasus-transfer  --threads 2,1.9,0,0,,,,,,,,,
stage_in_local_condorpool_0_2_pegasus-plan_ID0000012,None,transfer,0,1677577112.0,,,1677577117.0,1677577118.0,1677577128.0,71279856.0,1677577118.0,1677577137.0,,,0.0,1677577137.0,1677577142.0,5.0,,1.0,19.0,5.0,10.0,735985664.0,,,poseidon,local,host-10-100-100-12.openstacklocal,pegasus::transfer,/home/poseidon/pegasus-5.1.0panorama/bin/pegasus-transfer,-n pegasus::transfer -N null -i - -R local  -L xgboost_hp_tuning_group_0 -T 2023-02-28T09:38:08+00:00 /home/poseidon/pegasus-5.1.0panorama/bin/../bin/pegasus-transfer  --threads 2,4.1,0,0,,,,,,,,,
stage_in_local_condorpool_0_1_pegasus-plan_ID0000020,None,transfer,0,1677577112.0,,,1677577117.0,1677577118.0,1677577135.0,152708681.0,1677577118.0,1677577142.0,,,0.0,1677577142.0,1677577147.0,5.0,,1.0,24.0,5.0,17.0,2646308508.0,,,poseidon,local,host-10-100-100-12.openstacklocal,pegasus::transfer,/home/poseidon/pegasus-5.1.0panorama/bin/pegasus-transfer,-n pegasus::transfer -N null -i - -R local  -L xgboost_hp_tuning_group_2 -T 2023-02-28T09:38:08+00:00 /home/poseidon/pegasus-5.1.0panorama/bin/../bin/pegasus-transfer  --threads 2,11.9,0,0,,,,,,,,,
stage_in_local_condorpool_1_0_pegasus-plan_ID0000020,None,transfer,0,1677577112.0,,,1677577117.0,1677577118.0,1677577121.0,794.0,1677577118.0,1677577127.0,,,0.0,1677577127.0,1677577132.0,5.0,,1.0,9.0,5.0,3.0,2874.0,,,poseidon,local,host-10-100-100-12.openstacklocal,pegasus::transfer,/home/poseidon/pegasus-5.1.0panorama/bin/pegasus-transfer,-n pegasus::transfer -N null -i - -R local  -L xgboost_hp_tuning_group_2 -T 2023-02-28T09:38:08+00:00 /home/poseidon/pegasus-5.1.0panorama/bin/../bin/pegasus-transfer  --threads 2,0.5,0,0,,,,,,,,,
stage_in_local_condorpool_0_0_pegasus-plan_ID0000016,None,transfer,0,1677577112.0,,,1677577117.0,1677577118.0,1677577122.0,2837.0,1677577118.0,1677577132.0,,,0.0,1677577132.0,1677577137.0,5.0,,1.0,14.0,5.0,4.0,12142.0,,,poseidon,local,host-10-100-100-12.openstacklocal,pegasus::transfer,/home/poseidon/pegasus-5.1.0panorama/bin/pegasus-transfer,-n pegasus::transfer -N null -i - -R local  -L xgboost_hp_tuning_group_1 -T 2023-02-28T09:38:08+00:00 /home/poseidon/pegasus-5.1.0panorama/bin/../bin/pegasus-transfer  --threads 2,0.6,0,0,,,,,,,,,
stage_in_local_condorpool_1_0_pegasus-plan_ID0000016,None,transfer,0,1677577112.0,,,1677577117.0,1677577118.0,1677577121.0,801.0,1677577118.0,1677577127.0,,,0.0,1677577127.0,1677577132.0,5.0,,1.0,9.0,5.0,3.0,2874.0,,,poseidon,local,host-10-100-100-12.openstacklocal,pegasus::transfer,/home/poseidon/pegasus-5.1.0panorama/bin/pegasus-transfer,-n pegasus::transfer -N null -i - -R local  -L xgboost_hp_tuning_group_1 -T 2023-02-28T09:38:08+00:00 /home/poseidon/pegasus-5.1.0panorama/bin/../bin/pegasus-transfer  --threads 2,0.5,0,0,,,,,,,,,
stage_in_local_condorpool_0_1_pegasus-plan_ID0000016,None,transfer,0,1677577112.0,,,1677577117.0,1677577118.0,1677577122.0,5124817.0,1677577118.0,1677577127.0,,,0.0,1677577127.0,1677577132.0,5.0,,1.0,9.0,5.0,4.0,19294600.0,,,poseidon,local,host-10-100-100-12.openstacklocal,pegasus::transfer,/home/poseidon/pegasus-5.1.0panorama/bin/pegasus-transfer,-n pegasus::transfer -N null -i - -R local  -L xgboost_hp_tuning_group_1 -T 2023-02-28T09:38:08+00:00 /home/poseidon/pegasus-5.1.0panorama/bin/../bin/pegasus-transfer  --threads 2,0.6,0,0,,,,,,,,,
stage_in_local_condorpool_0_2_pegasus-plan_ID0000020,None,transfer,0,1677577112.0,,,1677577117.0,1677577118.0,1677577129.0,69406098.0,1677577118.0,1677577137.0,,,0.0,1677577137.0,1677577142.0,5.0,,1.0,19.0,5.0,11.0,735985664.0,,,poseidon,local,host-10-100-100-12.openstacklocal,pegasus::transfer,/home/poseidon/pegasus-5.1.0panorama/bin/pegasus-transfer,-n pegasus::transfer -N null -i - -R local  -L xgboost_hp_tuning_group_2 -T 2023-02-28T09:38:08+00:00 /home/poseidon/pegasus-5.1.0panorama/bin/../bin/pegasus-transfer  --threads 2,4.3,0,0,,,,,,,,,
stage_in_local_condorpool_0_2_pegasus-plan_ID0000016,None,transfer,0,1677577112.0,,,1677577117.0,1677577118.0,1677577128.0,73294446.0,1677577118.0,1677577137.0,,,0.0,1677577137.0,1677577142.0,5.0,,1.0,19.0,5.0,10.0,735985664.0,,,poseidon,local,host-10-100-100-12.openstacklocal,pegasus::transfer,/home/poseidon/pegasus-5.1.0panorama/bin/pegasus-transfer,-n pegasus::transfer -N null -i - -R local  -L xgboost_hp_tuning_group_1 -T 2023-02-28T09:38:08+00:00 /home/poseidon/pegasus-5.1.0panorama/bin/../bin/pegasus-transfer  --threads 2,4.2,0,0,,,,,,,,,
stage_in_local_condorpool_0_0_pegasus-plan_ID0000020,None,transfer,0,1677577112.0,,,1677577117.0,1677577118.0,1677577122.0,2821.0,1677577118.0,1677577132.0,,,0.0,1677577132.0,1677577137.0,5.0,,1.0,14.0,5.0,4.0,12142.0,,,poseidon,local,host-10-100-100-12.openstacklocal,pegasus::transfer,/home/poseidon/pegasus-5.1.0panorama/bin/pegasus-transfer,-n pegasus::transfer -N null -i - -R local  -L xgboost_hp_tuning_group_2 -T 2023-02-28T09:38:08+00:00 /home/poseidon/pegasus-5.1.0panorama/bin/../bin/pegasus-transfer  --threads 2,0.6,0,0,,,,,,,,,
xgboost_hp_tuning_ID0000019_pegasus-plan_ID0000016,cpu_3,compute,0,1677577142.0,,,1677577148.0,1677577175.0,1677577190.0,45523922.5,1677577223.0,1677577263.0,1677577201.0,1677577205.0,258.0,1677577263.0,1677577268.0,6.0,,75.0,40.0,5.0,15.0,377646203.0,4.0,1060.0,poseidon,condorpool,poseidon-worker-3-container-0-7,xgboost_hp_tuning,/srv/xgboost_hp_tuning,,14.0,0,0,,,,,,,,,
xgboost_hp_tuning_ID0000023_pegasus-plan_ID0000012,cpu_3,compute,0,1677577142.0,,,1677577147.0,1677577167.0,1677577184.0,51213983.0,1677577215.0,1677577277.0,1677577214.0,1677577218.0,262.0,1677577277.0,1677577282.0,5.0,,68.0,62.0,5.0,17.0,502672266.0,4.0,1090.0,poseidon,condorpool,poseidon-worker-2-container-8-15,xgboost_hp_tuning,/srv/xgboost_hp_tuning,,81.9,0,0,0.1,157972511.0,40.0,3321.0,2.0,66.5,3.2,7898625.5,4.0
xgboost_hp_tuning_ID0000012_pegasus-plan_ID0000012,cpu_3,compute,0,1677577142.0,,,1677577147.0,1677577165.0,1677577182.0,51433469.3,1677577213.0,1677577272.0,1677577213.0,1677577217.0,255.0,1677577272.0,1677577277.0,5.0,,66.0,59.0,5.0,17.0,502672266.0,4.0,1048.0,poseidon,condorpool,poseidon-worker-3-container-32-39,xgboost_hp_tuning,/srv/xgboost_hp_tuning,,82.6,0,0,0.0,157970837.0,40.0,3319.0,2.0,62.4,3.2,7898541.8,4.0
xgboost_hp_tuning_ID0000001_pegasus-plan_ID0000012,cpu_3,compute,0,1677577142.0,,,1677577147.0,1677577165.0,1677577182.0,51352751.3,1677577213.0,1677577277.0,1677577215.0,1677577220.0,255.0,1677577277.0,1677577282.0,5.0,,66.0,64.0,5.0,17.0,502672266.0,5.0,1065.0,poseidon,condorpool,poseidon-worker-2-container-40-47,xgboost_hp_tuning,/srv/xgboost_hp_tuning,,97.2,0,0,0.1,157972537.0,40.0,3321.0,2.0,68.6,2.3,7898626.9,4.0
xgboost_hp_tuning_ID0000013_pegasus-plan_ID0000012,cpu_3,compute,0,1677577142.0,,,1677577147.0,1677577165.0,1677577181.0,51544855.3,1677577213.0,1677577277.0,1677577213.0,1677577217.0,256.0,1677577277.0,1677577282.0,5.0,,66.0,64.0,5.0,16.0,502672266.0,4.0,1056.0,poseidon,condorpool,poseidon-worker-3-container-8-15,xgboost_hp_tuning,/srv/xgboost_hp_tuning,,72.1,0,0,0.0,157970625.0,40.0,3319.0,2.0,66.1,3.2,7898531.2,4.0
xgboost_hp_tuning_ID0000002_pegasus-plan_ID0000012,None,compute,0,1677577142.0,,,1677577147.0,1677577163.0,1677577180.0,51408695.0,1677577211.0,1677577267.0,1677577207.0,1677577211.0,260.0,1677577267.0,1677577272.0,5.0,,64.0,56.0,5.0,17.0,502672266.0,4.0,1063.0,poseidon,condorpool,poseidon-worker-3-container-24-31,xgboost_hp_tuning,/srv/xgboost_hp_tuning,,105.3,0,0,0.0,157966028.0,40.0,3303.0,2.0,40.8,3.3,15796602.8,4.0
xgboost_hp_tuning_ID0000014_pegasus-plan_ID0000012,cpu_3,compute,0,1677577142.0,,,1677577147.0,1677577110.0,1677577127.0,51395849.3,1677577158.0,1677577217.0,1677577154.0,1677577159.0,255.0,1677577217.0,1677577222.0,5.0,,11.0,59.0,5.0,17.0,502672266.0,5.0,1054.0,poseidon,condorpool,poseidon-worker-2-container-8-15,xgboost_hp_tuning,/srv/xgboost_hp_tuning,,73.3,0,0,0.0,157972426.0,40.0,3321.0,2.0,68.4,3.4,7898621.3,4.0
xgboost_hp_tuning_ID0000003_pegasus-plan_ID0000012,None,compute,0,1677577142.0,,,1677577147.0,1677577111.0,1677577127.0,51229625.7,1677577158.0,1677577222.0,1677577162.0,1677577166.0,253.0,1677577222.0,1677577227.0,5.0,,11.0,64.0,5.0,16.0,502672266.0,4.0,1067.0,poseidon,condorpool,poseidon-worker-1-container-0-7,xgboost_hp_tuning,/srv/xgboost_hp_tuning,,154.0,0,0,0.0,157972392.0,40.0,3321.0,2.0,99.8,3.0,7898619.6,4.0
xgboost_hp_tuning_ID0000015_pegasus-plan_ID0000012,cpu_3,compute,0,1677577142.0,,,1677577147.0,1677577110.0,1677577127.0,51597427.0,1677577158.0,1677577212.0,1677577152.0,1677577156.0,253.0,1677577212.0,1677577217.0,5.0,,11.0,54.0,5.0,17.0,502672266.0,4.0,1051.0,poseidon,condorpool,poseidon-worker-3-container-8-15,xgboost_hp_tuning,/srv/xgboost_hp_tuning,,60.5,0,0,0.0,157965925.0,40.0,3303.0,2.0,27.2,2.4,15796592.5,4.0
xgboost_hp_tuning_ID0000004_pegasus-plan_ID0000012,cpu_3,compute,0,1677577142.0,,,1677577147.0,1677577110.0,1677577127.0,51640858.7,1677577158.0,1677577222.0,1677577162.0,1677577167.0,256.0,1677577222.0,1677577227.0,5.0,,11.0,64.0,5.0,17.0,502672266.0,5.0,1064.0,poseidon,condorpool,poseidon-worker-3-container-0-7,xgboost_hp_tuning,/srv/xgboost_hp_tuning,,101.8,0,0,0.0,157970517.0,40.0,3319.0,2.0,63.9,2.8,7898525.8,4.0
xgboost_hp_tuning_ID0000016_pegasus-plan_ID0000012,cpu_3,compute,0,1677577142.0,,,1677577147.0,1677577110.0,1677577127.0,51397383.7,1677577158.0,1677577217.0,1677577155.0,1677577160.0,250.0,1677577217.0,1677577222.0,5.0,,11.0,59.0,5.0,17.0,502672266.0,5.0,1056.0,poseidon,condorpool,poseidon-worker-1-container-16-23,xgboost_hp_tuning,/srv/xgboost_hp_tuning,,75.4,0,0,0.1,157972467.0,40.0,3321.0,2.0,66.6,2.9,7898623.3,4.0
xgboost_hp_tuning_ID0000005_pegasus-plan_ID0000012,cpu_3,compute,0,1677577142.0,,,1677577147.0,1677577110.0,1677577127.0,51409170.7,1677577158.0,1677577232.0,1677577171.0,1677577175.0,257.0,1677577232.0,1677577237.0,5.0,,11.0,74.0,5.0,17.0,502672266.0,4.0,1078.0,poseidon,condorpool,poseidon-worker-1-container-24-31,xgboost_hp_tuning,/srv/xgboost_hp_tuning,,136.9,0,0,0.1,157976273.0,40.0,3336.0,2.0,104.9,2.8,5265875.8,4.0
xgboost_hp_tuning_ID0000017_pegasus-plan_ID0000012,None,compute,0,1677577142.0,,,1677577147.0,1677577110.0,1677577127.0,51539753.7,1677577158.0,1677577212.0,1677577151.0,1677577155.0,256.0,1677577212.0,1677577217.0,5.0,,11.0,54.0,5.0,17.0,502672266.0,4.0,1055.0,poseidon,condorpool,poseidon-worker-3-container-24-31,xgboost_hp_tuning,/srv/xgboost_hp_tuning,,84.8,0,0,0.0,157965960.0,40.0,3303.0,2.0,41.3,3.0,15796596.0,4.0
xgboost_hp_tuning_ID0000009_pegasus-plan_ID0000012,cpu_3,compute,0,1677577142.0,,,1677577147.0,1677577111.0,1677577128.0,50652101.7,1677577158.0,1677577217.0,1677577156.0,1677577160.0,253.0,1677577217.0,1677577222.0,5.0,,11.0,59.0,5.0,17.0,502672266.0,4.0,1057.0,poseidon,condorpool,poseidon-worker-2-container-24-31,xgboost_hp_tuning,/srv/xgboost_hp_tuning,,83.3,0,0,0.0,157972706.0,40.0,3321.0,2.0,70.1,3.1,7898635.3,4.0
xgboost_hp_tuning_ID0000011_pegasus-plan_ID0000012,cpu_3,compute,0,1677577142.0,,,1677577147.0,1677577110.0,1677577127.0,51646411.7,1677577158.0,1677577217.0,1677577155.0,1677577159.0,249.0,1677577217.0,1677577222.0,5.0,,11.0,59.0,5.0,17.0,502672266.0,4.0,1049.0,poseidon,condorpool,poseidon-worker-3-container-40-47,xgboost_hp_tuning,/srv/xgboost_hp_tuning,,76.9,0,0,0.0,157972080.0,40.0,3322.0,2.0,68.2,3.3,7898604.0,4.0
xgboost_hp_tuning_ID0000022_pegasus-plan_ID0000012,cpu_3,compute,0,1677577142.0,,,1677577147.0,1677577110.0,1677577127.0,51529077.7,1677577158.0,1677577212.0,1677577153.0,1677577157.0,258.0,1677577212.0,1677577217.0,5.0,,11.0,54.0,5.0,17.0,502672266.0,4.0,1061.0,poseidon,condorpool,poseidon-worker-3-container-32-39,xgboost_hp_tuning,/srv/xgboost_hp_tuning,,66.6,0,0,0.0,157966179.0,40.0,3303.0,2.0,28.9,2.6,15796617.9,4.0
xgboost_hp_tuning_ID0000010_pegasus-plan_ID0000012,cpu_3,compute,0,1677577142.0,,,1677577147.0,1677577110.0,1677577127.0,51421122.3,1677577158.0,1677577212.0,1677577152.0,1677577156.0,250.0,1677577212.0,1677577217.0,5.0,,11.0,54.0,5.0,17.0,502672266.0,4.0,1049.0,poseidon,condorpool,poseidon-worker-2-container-40-47,xgboost_hp_tuning,/srv/xgboost_hp_tuning,,62.8,0,0,0.0,157967831.0,40.0,3305.0,2.0,27.8,2.4,15796783.1,4.0
xgboost_hp_tuning_ID0000021_pegasus-plan_ID0000012,cpu_3,compute,0,1677577142.0,,,1677577147.0,1677577110.0,1677577127.0,51349547.7,1677577158.0,1677577217.0,1677577155.0,1677577159.0,247.0,1677577217.0,1677577222.0,5.0,,11.0,59.0,5.0,17.0,502672266.0,4.0,1061.0,poseidon,condorpool,poseidon-worker-2-container-16-23,xgboost_hp_tuning,/srv/xgboost_hp_tuning,,76.0,0,0,0.0,157972456.0,40.0,3321.0,2.0,68.9,3.0,7898622.8,4.0
xgboost_hp_tuning_ID0000020_pegasus-plan_ID0000012,cpu_3,compute,0,1677577142.0,,,1677577147.0,1677577110.0,1677577127.0,51423807.0,1677577158.0,1677577227.0,1677577164.0,1677577168.0,253.0,1677577227.0,1677577232.0,5.0,,11.0,69.0,5.0,17.0,502672266.0,4.0,1063.0,poseidon,condorpool,poseidon-worker-2-container-0-7,xgboost_hp_tuning,/srv/xgboost_hp_tuning,,93.8,0,0,0.1,157976186.0,40.0,3336.0,2.0,88.4,2.9,5265872.9,4.0
xgboost_hp_tuning_ID0000008_pegasus-plan_ID0000012,cpu_3,compute,0,1677577142.0,,,1677577147.0,1677577111.0,1677577127.0,51405738.0,1677577158.0,1677577227.0,1677577166.0,1677577170.0,258.0,1677577227.0,1677577232.0,5.0,,11.0,69.0,5.0,16.0,502672266.0,4.0,1059.0,poseidon,condorpool,poseidon-worker-1-container-40-47,xgboost_hp_tuning,/srv/xgboost_hp_tuning,,116.4,0,0,0.1,157976278.0,40.0,3336.0,2.0,103.2,3.0,5265875.9,4.0
xgboost_hp_tuning_ID0000019_pegasus-plan_ID0000012,cpu_3,compute,0,1677577142.0,,,1677577147.0,1677577111.0,1677577127.0,51386609.0,1677577158.0,1677577222.0,1677577160.0,1677577164.0,254.0,1677577222.0,1677577227.0,5.0,,11.0,64.0,5.0,16.0,502672266.0,4.0,1060.0,poseidon,condorpool,poseidon-worker-2-container-32-39,xgboost_hp_tuning,/srv/xgboost_hp_tuning,,85.8,0,0,0.1,157972462.0,40.0,3321.0,2.0,58.4,3.1,7898623.1,4.0
xgboost_hp_tuning_ID0000007_pegasus-plan_ID0000012,cpu_3,compute,0,1677577142.0,,,1677577147.0,1677577110.0,1677577127.0,51290219.3,1677577158.0,1677577227.0,1677577164.0,1677577168.0,255.0,1677577227.0,1677577232.0,5.0,,11.0,69.0,5.0,17.0,502672266.0,4.0,1062.0,poseidon,condorpool,poseidon-worker-1-container-32-39,xgboost_hp_tuning,/srv/xgboost_hp_tuning,,102.8,0,0,0.0,157972468.0,40.0,3321.0,2.0,66.5,3.2,7898623.4,4.0
xgboost_hp_tuning_ID0000018_pegasus-plan_ID0000012,cpu_3,compute,0,1677577142.0,,,1677577147.0,1677577110.0,1677577127.0,51569166.7,1677577158.0,1677577232.0,1677577168.0,1677577172.0,257.0,1677577232.0,1677577237.0,5.0,,11.0,74.0,5.0,17.0,502672266.0,4.0,1055.0,poseidon,condorpool,poseidon-worker-3-container-16-23,xgboost_hp_tuning,/srv/xgboost_hp_tuning,,106.8,0,0,0.0,157974394.0,40.0,3334.0,2.0,86.5,3.0,5265813.1,4.0
xgboost_hp_tuning_ID0000012_pegasus-plan_ID0000016,cpu_3,compute,0,1677577142.0,,,1677577148.0,1677577216.0,1677577231.0,45724231.8,1677577264.0,1677577303.0,1677577242.0,1677577246.0,250.0,1677577303.0,1677577308.0,6.0,,116.0,39.0,5.0,15.0,377646203.0,4.0,1047.0,poseidon,condorpool,poseidon-worker-2-container-0-7,xgboost_hp_tuning,/srv/xgboost_hp_tuning,,11.4,0,0,,,,,,,,,
xgboost_hp_tuning_ID0000023_pegasus-plan_ID0000016,cpu_3,compute,0,1677577142.0,,,1677577148.0,1677577218.0,1677577233.0,45719936.2,1677577265.0,1677577308.0,1677577243.0,1677577247.0,260.0,1677577308.0,1677577313.0,6.0,,117.0,43.0,5.0,15.0,377646203.0,4.0,1089.0,poseidon,condorpool,poseidon-worker-1-container-40-47,xgboost_hp_tuning,/srv/xgboost_hp_tuning,,11.5,0,0,,,,,,,,,
xgboost_hp_tuning_ID0000013_pegasus-plan_ID0000016,cpu_3,compute,0,1677577142.0,,,1677577148.0,1677577214.0,1677577230.0,45879896.8,1677577262.0,1677577303.0,1677577240.0,1677577244.0,255.0,1677577303.0,1677577308.0,6.0,,114.0,41.0,5.0,16.0,377646203.0,4.0,1054.0,poseidon,condorpool,poseidon-worker-3-container-0-7,xgboost_hp_tuning,/srv/xgboost_hp_tuning,,11.9,0,0,,,,,,,,,
xgboost_hp_tuning_ID0000009_pegasus-plan_ID0000016,cpu_3,compute,0,1677577142.0,,,1677577148.0,1677577168.0,1677577183.0,45873883.2,1677577216.0,1677577258.0,1677577194.0,1677577198.0,259.0,1677577258.0,1677577263.0,6.0,,68.0,42.0,5.0,15.0,377646203.0,4.0,1056.0,poseidon,condorpool,poseidon-worker-3-container-40-47,xgboost_hp_tuning,/srv/xgboost_hp_tuning,,12.2,0,0,,,,,,,,,
xgboost_hp_tuning_ID0000011_pegasus-plan_ID0000016,cpu_3,compute,0,1677577142.0,,,1677577148.0,1677577168.0,1677577183.0,45828224.5,1677577216.0,1677577253.0,1677577193.0,1677577197.0,250.0,1677577253.0,1677577258.0,6.0,,68.0,37.0,5.0,15.0,377646203.0,4.0,1051.0,poseidon,condorpool,poseidon-worker-2-container-16-23,xgboost_hp_tuning,/srv/xgboost_hp_tuning,,10.1,0,0,,,,,,,,,
xgboost_hp_tuning_ID0000022_pegasus-plan_ID0000016,cpu_3,compute,0,1677577142.0,,,1677577148.0,1677577168.0,1677577184.0,45731347.5,1677577216.0,1677577258.0,1677577195.0,1677577199.0,254.0,1677577258.0,1677577263.0,6.0,,68.0,42.0,5.0,16.0,377646203.0,4.0,1061.0,poseidon,condorpool,poseidon-worker-1-container-16-23,xgboost_hp_tuning,/srv/xgboost_hp_tuning,,19.3,0,0,,,,,,,,,
xgboost_hp_tuning_ID0000010_pegasus-plan_ID0000016,cpu_3,compute,0,1677577142.0,,,1677577148.0,1677577169.0,1677577185.0,45132798.2,1677577217.0,1677577278.0,1677577218.0,1677577222.0,250.0,1677577278.0,1677577283.0,6.0,,69.0,61.0,5.0,16.0,377646203.0,4.0,1054.0,poseidon,condorpool,poseidon-worker-2-container-24-31,xgboost_hp_tuning,/srv/xgboost_hp_tuning,,64.5,0,0,0.0,32946645.0,40.0,3321.0,2.0,37.8,1.3,1647332.2,4.0
xgboost_hp_tuning_ID0000021_pegasus-plan_ID0000016,cpu_3,compute,0,1677577142.0,,,1677577148.0,1677577173.0,1677577188.0,45526952.0,1677577221.0,1677577258.0,1677577198.0,1677577203.0,255.0,1677577258.0,1677577263.0,6.0,,73.0,37.0,5.0,15.0,377646203.0,5.0,1062.0,poseidon,condorpool,poseidon-worker-2-container-32-39,xgboost_hp_tuning,/srv/xgboost_hp_tuning,,10.6,0,0,,,,,,,,,
xgboost_hp_tuning_ID0000020_pegasus-plan_ID0000016,None,compute,0,1677577142.0,,,1677577148.0,1677577175.0,1677577190.0,45731008.8,1677577222.0,1677577263.0,1677577201.0,1677577205.0,258.0,1677577263.0,1677577268.0,6.0,,74.0,41.0,5.0,15.0,377646203.0,4.0,1061.0,poseidon,condorpool,poseidon-worker-1-container-8-15,xgboost_hp_tuning,/srv/xgboost_hp_tuning,,15.8,0,0,,,,,,,,,
xgboost_hp_tuning_ID0000008_pegasus-plan_ID0000016,None,compute,0,1677577142.0,,,1677577148.0,1677577175.0,1677577191.0,45559072.8,1677577223.0,1677577263.0,1677577201.0,1677577205.0,250.0,1677577263.0,1677577268.0,6.0,,75.0,40.0,5.0,16.0,377646203.0,4.0,1057.0,poseidon,condorpool,poseidon-worker-1-container-0-7,xgboost_hp_tuning,/srv/xgboost_hp_tuning,,14.3,0,0,,,,,,,,,
xgboost_hp_tuning_ID0000007_pegasus-plan_ID0000016,cpu_3,compute,0,1677577142.0,,,1677577148.0,1677577177.0,1677577192.0,45722110.8,1677577224.0,1677577263.0,1677577202.0,1677577206.0,258.0,1677577263.0,1677577268.0,6.0,,76.0,39.0,5.0,15.0,377646203.0,4.0,1066.0,poseidon,condorpool,poseidon-worker-1-container-32-39,xgboost_hp_tuning,/srv/xgboost_hp_tuning,,11.1,0,0,,,,,,,,,
xgboost_hp_tuning_ID0000001_pegasus-plan_ID0000016,cpu_3,compute,0,1677577142.0,,,1677577148.0,1677577215.0,1677577231.0,45579976.2,1677577263.0,1677577308.0,1677577244.0,1677577248.0,254.0,1677577308.0,1677577313.0,6.0,,115.0,45.0,5.0,16.0,377646203.0,4.0,1060.0,poseidon,condorpool,poseidon-worker-1-container-32-39,xgboost_hp_tuning,/srv/xgboost_hp_tuning,,25.7,0,0,,,,,,,,,
xgboost_hp_tuning_ID0000006_pegasus-plan_ID0000016,cpu_3,compute,0,1677577142.0,,,1677577148.0,1677577179.0,1677577195.0,45365005.8,1677577227.0,1677577268.0,1677577205.0,1677577209.0,258.0,1677577268.0,1677577273.0,6.0,,79.0,41.0,5.0,16.0,377646203.0,4.0,1066.0,poseidon,condorpool,poseidon-worker-1-container-40-47,xgboost_hp_tuning,/srv/xgboost_hp_tuning,,11.1,0,0,,,,,,,,,
xgboost_hp_tuning_ID0000018_pegasus-plan_ID0000016,cpu_3,compute,0,1677577142.0,,,1677577148.0,1677577177.0,1677577192.0,45744858.8,1677577225.0,1677577263.0,1677577203.0,1677577207.0,254.0,1677577263.0,1677577268.0,6.0,,77.0,38.0,5.0,15.0,377646203.0,4.0,1055.0,poseidon,condorpool,poseidon-worker-2-container-0-7,xgboost_hp_tuning,/srv/xgboost_hp_tuning,,11.9,0,0,,,,,,,,,
xgboost_hp_tuning_ID0000005_pegasus-plan_ID0000016,cpu_3,compute,0,1677577142.0,,,1677577148.0,1677577184.0,1677577199.0,45664910.8,1677577231.0,1677577273.0,1677577209.0,1677577214.0,256.0,1677577273.0,1677577278.0,6.0,,83.0,42.0,5.0,15.0,377646203.0,5.0,1080.0,poseidon,condorpool,poseidon-worker-1-container-24-31,xgboost_hp_tuning,/srv/xgboost_hp_tuning,,11.1,0,0,,,,,,,,,
xgboost_hp_tuning_ID0000016_pegasus-plan_ID0000016,cpu_3,compute,0,1677577142.0,,,1677577148.0,1677577206.0,1677577222.0,45672010.8,1677577254.0,1677577293.0,1677577232.0,1677577236.0,253.0,1677577293.0,1677577298.0,6.0,,106.0,39.0,5.0,16.0,377646203.0,4.0,1053.0,poseidon,condorpool,poseidon-worker-2-container-16-23,xgboost_hp_tuning,/srv/xgboost_hp_tuning,,10.4,0,0,,,,,,,,,
xgboost_hp_tuning_ID0000004_pegasus-plan_ID0000016,cpu_3,compute,0,1677577142.0,,,1677577148.0,1677577206.0,1677577222.0,45802515.5,1677577254.0,1677577293.0,1677577231.0,1677577236.0,253.0,1677577293.0,1677577298.0,6.0,,106.0,39.0,5.0,16.0,377646203.0,5.0,1062.0,poseidon,condorpool,poseidon-worker-3-container-40-47,xgboost_hp_tuning,/srv/xgboost_hp_tuning,,10.4,0,0,,,,,,,,,
xgboost_hp_tuning_ID0000015_pegasus-plan_ID0000016,cpu_3,compute,0,1677577142.0,,,1677577148.0,1677577208.0,1677577224.0,45663144.0,1677577256.0,1677577298.0,1677577234.0,1677577238.0,250.0,1677577298.0,1677577303.0,6.0,,108.0,42.0,5.0,16.0,377646203.0,4.0,1054.0,poseidon,condorpool,poseidon-worker-1-container-16-23,xgboost_hp_tuning,/srv/xgboost_hp_tuning,,11.9,0,0,,,,,,,,,
xgboost_hp_tuning_ID0000003_pegasus-plan_ID0000016,cpu_3,compute,0,1677577142.0,,,1677577148.0,1677577211.0,1677577227.0,45692563.8,1677577259.0,1677577298.0,1677577237.0,1677577241.0,255.0,1677577298.0,1677577303.0,6.0,,111.0,39.0,5.0,16.0,377646203.0,4.0,1066.0,poseidon,condorpool,poseidon-worker-2-container-32-39,xgboost_hp_tuning,/srv/xgboost_hp_tuning,,10.3,0,0,,,,,,,,,
xgboost_hp_tuning_ID0000014_pegasus-plan_ID0000016,None,compute,0,1677577142.0,,,1677577148.0,1677577214.0,1677577229.0,45688271.0,1677577261.0,1677577298.0,1677577239.0,1677577243.0,250.0,1677577298.0,1677577303.0,6.0,,113.0,37.0,5.0,15.0,377646203.0,4.0,1052.0,poseidon,condorpool,poseidon-worker-1-container-8-15,xgboost_hp_tuning,/srv/xgboost_hp_tuning,,14.0,0,0,,,,,,,,,
xgboost_hp_tuning_ID0000002_pegasus-plan_ID0000016,None,compute,0,1677577142.0,,,1677577148.0,1677577214.0,1677577229.0,45529569.0,1677577261.0,1677577303.0,1677577241.0,1677577245.0,251.0,1677577303.0,1677577308.0,6.0,,113.0,42.0,5.0,15.0,377646203.0,4.0,1063.0,poseidon,condorpool,poseidon-worker-1-container-0-7,xgboost_hp_tuning,/srv/xgboost_hp_tuning,,30.1,0,0,,,,,,,,,
xgboost_hp_tuning_ID0000017_pegasus-plan_ID0000016,cpu_3,compute,0,1677577142.0,,,1677577148.0,1677577181.0,1677577196.0,45568414.2,1677577229.0,1677577268.0,1677577206.0,1677577210.0,255.0,1677577268.0,1677577273.0,6.0,,81.0,39.0,5.0,15.0,377646203.0,4.0,1052.0,poseidon,condorpool,poseidon-worker-3-container-16-23,xgboost_hp_tuning,/srv/xgboost_hp_tuning,,11.6,0,0,,,,,,,,,
xgboost_hp_tuning_ID0000006_pegasus-plan_ID0000012,None,compute,0,1677577142.0,,,1677577147.0,1677577110.0,1677577127.0,51345629.0,1677577158.0,1677577222.0,1677577162.0,1677577166.0,253.0,1677577222.0,1677577227.0,5.0,,11.0,64.0,5.0,17.0,502672266.0,4.0,1066.0,poseidon,condorpool,poseidon-worker-1-container-8-15,xgboost_hp_tuning,/srv/xgboost_hp_tuning,,140.3,0,0,0.1,157972436.0,40.0,3321.0,2.0,94.7,3.2,7898621.8,4.0
xgboost_hp_tuning_ID0000001_pegasus-plan_ID0000020,None,compute,0,1677577147.0,,,1677577152.0,1677577649.0,1677577678.0,75097766.6,1677577697.0,1677578043.0,1677577983.0,1677577987.0,256.0,1677578043.0,1677578048.0,5.0,,545.0,346.0,5.0,29.0,1691153157.0,4.0,1063.0,poseidon,condorpool,poseidon-worker-1-container-8-15,xgboost_hp_tuning,/srv/xgboost_hp_tuning,,1686.2,0,0,0.1,1346556984.0,40.0,3726.0,2.0,1605.1,46.3,4643299.9,4.0
xgboost_hp_tuning_ID0000011_pegasus-plan_ID0000020,None,compute,0,1677577147.0,,,1677577152.0,1677577219.0,1677577249.0,75302899.7,1677577267.0,1677577687.0,1677577626.0,1677577630.0,257.0,1677577687.0,1677577692.0,5.0,,115.0,420.0,5.0,30.0,1691153157.0,4.0,1049.0,poseidon,condorpool,poseidon-worker-3-container-24-31,xgboost_hp_tuning,/srv/xgboost_hp_tuning,,2067.7,0,0,0.0,1346581815.0,40.0,3829.0,2.0,1962.4,55.9,3740505.0,4.0
xgboost_hp_tuning_ID0000009_pegasus-plan_ID0000020,cpu_3,compute,0,1677577147.0,,,1677577152.0,1677577219.0,1677577248.0,75298726.8,1677577267.0,1677577707.0,1677577646.0,1677577650.0,255.0,1677577707.0,1677577712.0,5.0,,115.0,440.0,5.0,29.0,1691153157.0,4.0,1060.0,poseidon,condorpool,poseidon-worker-3-container-16-23,xgboost_hp_tuning,/srv/xgboost_hp_tuning,,1421.7,0,0,0.0,1346589402.0,40.0,3859.0,2.0,1335.0,54.3,3543656.3,4.0
xgboost_hp_tuning_ID0000012_pegasus-plan_ID0000020,cpu_3,compute,0,1677577147.0,,,1677577152.0,1677577652.0,1677577681.0,75126574.2,1677577699.0,1677578123.0,1677578062.0,1677578066.0,253.0,1677578123.0,1677578128.0,5.0,,547.0,424.0,5.0,29.0,1691153157.0,4.0,1048.0,poseidon,condorpool,poseidon-worker-2-container-40-47,xgboost_hp_tuning,/srv/xgboost_hp_tuning,,1399.8,0,0,0.1,1346587759.0,40.0,3846.0,2.0,1346.4,46.3,3639426.4,4.0
xgboost_hp_tuning_ID0000023_pegasus-plan_ID0000020,cpu_3,compute,0,1677577147.0,,,1677577152.0,1677577659.0,1677577688.0,75260297.3,1677577707.0,1677578163.0,1677578099.0,1677578104.0,264.0,1677578163.0,1677578168.0,5.0,,555.0,456.0,5.0,29.0,1691153157.0,5.0,1092.0,poseidon,condorpool,poseidon-worker-3-container-16-23,xgboost_hp_tuning,/srv/xgboost_hp_tuning,,1512.3,0,0,0.1,1346597397.0,40.0,3889.0,2.0,1439.7,62.9,3366493.5,4.0
xgboost_hp_tuning_ID0000017_pegasus-plan_ID0000020,None,compute,0,1677577147.0,,,1677577152.0,1677577252.0,1677577282.0,75229263.9,1677577300.0,1677577652.0,1677577590.0,1677577594.0,250.0,1677577652.0,1677577657.0,5.0,,148.0,352.0,5.0,30.0,1691153157.0,4.0,1054.0,poseidon,condorpool,poseidon-worker-1-container-8-15,xgboost_hp_tuning,/srv/xgboost_hp_tuning,,1545.4,0,0,0.0,1346556966.0,40.0,3726.0,2.0,1432.9,53.4,4643299.9,4.0
xgboost_hp_tuning_ID0000006_pegasus-plan_ID0000020,cpu_3,compute,0,1677577147.0,,,1677577152.0,1677577250.0,1677577280.0,75167011.1,1677577297.0,1677577747.0,1677577684.0,1677577688.0,256.0,1677577747.0,1677577752.0,5.0,,145.0,450.0,5.0,30.0,1691153157.0,4.0,1066.0,poseidon,condorpool,poseidon-worker-2-container-32-39,xgboost_hp_tuning,/srv/xgboost_hp_tuning,,1453.4,0,0,0.0,1346595280.0,40.0,3877.0,2.0,1373.7,62.0,3452808.4,4.0
xgboost_hp_tuning_ID0000005_pegasus-plan_ID0000020,cpu_3,compute,0,1677577147.0,,,1677577152.0,1677577253.0,1677577282.0,75358884.4,1677577300.0,1677577838.0,1677577774.0,1677577778.0,263.0,1677577838.0,1677577843.0,5.0,,148.0,538.0,5.0,29.0,1691153157.0,4.0,1078.0,poseidon,condorpool,poseidon-worker-3-container-0-7,xgboost_hp_tuning,/srv/xgboost_hp_tuning,,1792.5,0,0,0.0,1346627601.0,40.0,4009.0,2.0,1706.4,75.6,2805474.2,4.0
xgboost_hp_tuning_ID0000016_pegasus-plan_ID0000020,None,compute,0,1677577147.0,,,1677577152.0,1677577254.0,1677577284.0,75075657.9,1677577302.0,1677577697.0,1677577633.0,1677577637.0,252.0,1677577697.0,1677577702.0,5.0,,150.0,395.0,5.0,30.0,1691153157.0,4.0,1055.0,poseidon,condorpool,poseidon-worker-1-container-0-7,xgboost_hp_tuning,/srv/xgboost_hp_tuning,,1755.7,0,0,0.0,1346572153.0,40.0,3786.0,2.0,1648.8,53.9,4080521.7,4.0
xgboost_hp_tuning_ID0000004_pegasus-plan_ID0000020,cpu_3,compute,0,1677577147.0,,,1677577152.0,1677577255.0,1677577284.0,75002018.3,1677577302.0,1677577853.0,1677577791.0,1677577795.0,256.0,1677577853.0,1677577858.0,5.0,,150.0,551.0,5.0,29.0,1691153157.0,4.0,1063.0,poseidon,condorpool,poseidon-worker-2-container-0-7,xgboost_hp_tuning,/srv/xgboost_hp_tuning,,1766.8,0,0,0.1,1346633314.0,40.0,4026.0,2.0,1650.4,84.9,2748231.3,4.0
xgboost_hp_tuning_ID0000018_pegasus-plan_ID0000020,cpu_3,compute,0,1677577147.0,,,1677577152.0,1677577247.0,1677577276.0,75129943.9,1677577295.0,1677577853.0,1677577789.0,1677577793.0,257.0,1677577853.0,1677577858.0,5.0,,143.0,558.0,5.0,29.0,1691153157.0,4.0,1055.0,poseidon,condorpool,poseidon-worker-1-container-16-23,xgboost_hp_tuning,/srv/xgboost_hp_tuning,,1914.9,0,0,0.0,1346637465.0,40.0,4041.0,2.0,1829.3,72.7,2693274.9,4.0
xgboost_hp_tuning_ID0000013_pegasus-plan_ID0000020,None,compute,0,1677577147.0,,,1677577152.0,1677577646.0,1677577675.0,75001718.7,1677577694.0,1677578058.0,1677577994.0,1677577999.0,250.0,1677578058.0,1677578063.0,5.0,,542.0,364.0,5.0,29.0,1691153157.0,5.0,1052.0,poseidon,condorpool,poseidon-worker-1-container-0-7,xgboost_hp_tuning,/srv/xgboost_hp_tuning,,1687.0,0,0,0.1,1346560653.0,40.0,3741.0,2.0,1578.4,48.0,4488535.5,4.0
xgboost_hp_tuning_ID0000007_pegasus-plan_ID0000020,cpu_3,compute,0,1677577147.0,,,1677577152.0,1677577245.0,1677577274.0,75223418.8,1677577292.0,1677577747.0,1677577684.0,1677577688.0,259.0,1677577747.0,1677577752.0,5.0,,140.0,455.0,5.0,29.0,1691153157.0,4.0,1067.0,poseidon,condorpool,poseidon-worker-2-container-16-23,xgboost_hp_tuning,/srv/xgboost_hp_tuning,,1471.1,0,0,0.0,1346599150.0,40.0,3892.0,2.0,1420.4,49.3,3366497.9,4.0
xgboost_hp_tuning_ID0000019_pegasus-plan_ID0000020,cpu_3,compute,0,1677577147.0,,,1677577152.0,1677577231.0,1677577260.0,74519147.4,1677577279.0,1677578003.0,1677577941.0,1677577945.0,254.0,1677578003.0,1677578008.0,5.0,,127.0,724.0,5.0,29.0,1691153157.0,4.0,1060.0,poseidon,condorpool,poseidon-worker-2-container-24-31,xgboost_hp_tuning,/srv/xgboost_hp_tuning,,2598.5,0,0,0.1,1346702696.0,40.0,4296.0,2.0,2515.8,79.8,2010004.0,4.0
xgboost_hp_tuning_ID0000002_pegasus-plan_ID0000020,None,compute,0,1677577147.0,,,1677577152.0,1677577639.0,1677577668.0,75223434.4,1677577687.0,1677578038.0,1677577977.0,1677577981.0,259.0,1677578038.0,1677578043.0,5.0,,535.0,351.0,5.0,29.0,1691153157.0,4.0,1063.0,poseidon,condorpool,poseidon-worker-3-container-24-31,xgboost_hp_tuning,/srv/xgboost_hp_tuning,,1670.8,0,0,0.1,1346559064.0,40.0,3739.0,2.0,1619.6,51.2,4488530.2,4.0
xgboost_hp_tuning_ID0000020_pegasus-plan_ID0000020,cpu_3,compute,0,1677577147.0,,,1677577152.0,1677577226.0,1677577256.0,75247220.4,1677577274.0,1677577808.0,1677577748.0,1677577752.0,257.0,1677577808.0,1677577813.0,5.0,,122.0,534.0,5.0,30.0,1691153157.0,4.0,1063.0,poseidon,condorpool,poseidon-worker-2-container-8-15,xgboost_hp_tuning,/srv/xgboost_hp_tuning,,1775.8,0,0,0.0,1346629307.0,40.0,4012.0,2.0,1691.2,72.2,2805477.7,4.0
xgboost_hp_tuning_ID0000021_pegasus-plan_ID0000020,cpu_3,compute,0,1677577147.0,,,1677577152.0,1677577226.0,1677577255.0,75119536.5,1677577274.0,1677577682.0,1677577619.0,1677577623.0,260.0,1677577682.0,1677577687.0,5.0,,122.0,408.0,5.0,29.0,1691153157.0,4.0,1064.0,poseidon,condorpool,poseidon-worker-3-container-8-15,xgboost_hp_tuning,/srv/xgboost_hp_tuning,,1215.3,0,0,0.1,1346577796.0,40.0,3814.0,2.0,1150.1,46.5,3847365.1,4.0
xgboost_hp_tuning_ID0000010_pegasus-plan_ID0000020,cpu_3,compute,0,1677577147.0,,,1677577152.0,1677577225.0,1677577254.0,74780759.5,1677577273.0,1677577712.0,1677577649.0,1677577653.0,256.0,1677577712.0,1677577717.0,5.0,,121.0,439.0,5.0,29.0,1691153157.0,4.0,1050.0,poseidon,condorpool,poseidon-worker-3-container-32-39,xgboost_hp_tuning,/srv/xgboost_hp_tuning,,1414.1,0,0,0.0,1346592386.0,40.0,3866.0,2.0,1330.0,64.6,3543664.2,4.0
xgboost_hp_tuning_ID0000022_pegasus-plan_ID0000020,cpu_3,compute,0,1677577147.0,,,1677577152.0,1677577222.0,1677577251.0,75034711.9,1677577270.0,1677577727.0,1677577667.0,1677577671.0,256.0,1677577727.0,1677577732.0,5.0,,118.0,457.0,5.0,29.0,1691153157.0,4.0,1062.0,poseidon,condorpool,poseidon-worker-1-container-24-31,xgboost_hp_tuning,/srv/xgboost_hp_tuning,,1525.4,0,0,0.1,1346598954.0,40.0,3891.0,2.0,1439.8,58.6,3366497.4,4.0
xgboost_hp_tuning_ID0000015_pegasus-plan_ID0000020,cpu_3,compute,0,1677577147.0,,,1677577152.0,1677577256.0,1677577285.0,75150994.9,1677577304.0,1677577742.0,1677577681.0,1677577685.0,253.0,1677577742.0,1677577747.0,5.0,,152.0,438.0,5.0,29.0,1691153157.0,4.0,1057.0,poseidon,condorpool,poseidon-worker-1-container-40-47,xgboost_hp_tuning,/srv/xgboost_hp_tuning,,1434.1,0,0,0.1,1346591532.0,40.0,3861.0,2.0,1360.3,48.6,3543661.9,4.0
xgboost_hp_tuning_ID0000003_pegasus-plan_ID0000020,cpu_3,compute,0,1677577147.0,,,1677577152.0,1677577257.0,1677577286.0,75126605.6,1677577305.0,1677577707.0,1677577646.0,1677577650.0,258.0,1677577707.0,1677577712.0,5.0,,153.0,402.0,5.0,29.0,1691153157.0,4.0,1066.0,poseidon,condorpool,poseidon-worker-1-container-32-39,xgboost_hp_tuning,/srv/xgboost_hp_tuning,,1281.9,0,0,0.0,1346582720.0,40.0,3823.0,2.0,1215.2,66.0,3847379.2,4.0
xgboost_hp_tuning_ID0000014_pegasus-plan_ID0000020,cpu_3,compute,0,1677577147.0,,,1677577152.0,1677577317.0,1677577346.0,75221334.8,1677577364.0,1677577777.0,1677577716.0,1677577720.0,256.0,1677577777.0,1677577782.0,5.0,,212.0,413.0,5.0,29.0,1691153157.0,4.0,1055.0,poseidon,condorpool,poseidon-worker-3-container-40-47,xgboost_hp_tuning,/srv/xgboost_hp_tuning,,1297.7,0,0,0.0,1346583305.0,40.0,3832.0,2.0,1248.1,47.3,3740509.2,4.0
xgboost_hp_tuning_ID0000008_pegasus-plan_ID0000020,cpu_3,compute,0,1677577147.0,,,1677577152.0,1677577228.0,1677577258.0,75104104.9,1677577276.0,1677577702.0,1677577638.0,1677577642.0,252.0,1677577702.0,1677577707.0,5.0,,124.0,426.0,5.0,30.0,1691153157.0,4.0,1060.0,poseidon,condorpool,poseidon-worker-2-container-40-47,xgboost_hp_tuning,/srv/xgboost_hp_tuning,,1392.4,0,0,0.0,1346587406.0,40.0,3847.0,2.0,1342.9,44.2,3639425.4,4.0
stage_out_local_condorpool_0_0_pegasus-plan_ID0000012,None,transfer,0,1677577277.0,,,1677577282.0,,,0.0,1677577282.0,1677577292.0,1677577283.0,1677577287.0,2098.0,1677577292.0,1677577297.0,5.0,,0.0,10.0,5.0,,,4.0,8460.0,poseidon,local,host-10-100-100-12.openstacklocal,pegasus::transfer,/home/poseidon/pegasus-5.1.0panorama/bin/pegasus-transfer,/home/poseidon/pegasus-5.1.0panorama/bin/../bin/pegasus-kickstart  -n pegasus::transfer -N null -i - -R local  -L xgboost_hp_tuning_group_0 -T 2023-02-28T09:38:08+00:00 /home/poseidon/pegasus-5.1.0panorama/bin/../bin/pegasus-transfer  --threads 2,1.1,0,0,,,,,,,,,
stage_out_local_condorpool_0_2_pegasus-plan_ID0000012,None,transfer,0,1677577282.0,,,1677577287.0,,,0.0,1677577288.0,1677577302.0,1677577289.0,1677577293.0,1841.0,1677577302.0,1677577307.0,5.0,,1.0,14.0,5.0,,,4.0,7424.0,poseidon,local,host-10-100-100-12.openstacklocal,pegasus::transfer,/home/poseidon/pegasus-5.1.0panorama/bin/pegasus-transfer,/home/poseidon/pegasus-5.1.0panorama/bin/../bin/pegasus-kickstart  -n pegasus::transfer -N null -i - -R local  -L xgboost_hp_tuning_group_0 -T 2023-02-28T09:38:08+00:00 /home/poseidon/pegasus-5.1.0panorama/bin/../bin/pegasus-transfer  --threads 2,1.0,0,0,,,,,,,,,
stage_out_local_condorpool_0_1_pegasus-plan_ID0000012,None,transfer,0,1677577282.0,,,1677577287.0,,,0.0,1677577288.0,1677577302.0,1677577289.0,1677577293.0,2108.0,1677577302.0,1677577307.0,5.0,,1.0,14.0,5.0,,,4.0,8505.0,poseidon,local,host-10-100-100-12.openstacklocal,pegasus::transfer,/home/poseidon/pegasus-5.1.0panorama/bin/pegasus-transfer,/home/poseidon/pegasus-5.1.0panorama/bin/../bin/pegasus-kickstart  -n pegasus::transfer -N null -i - -R local  -L xgboost_hp_tuning_group_0 -T 2023-02-28T09:38:08+00:00 /home/poseidon/pegasus-5.1.0panorama/bin/../bin/pegasus-transfer  --threads 2,1.1,0,0,,,,,,,,,
xgboost_best_params_ID0000024_pegasus-plan_ID0000012,cpu_3,compute,0,1677577282.0,,,1677577287.0,1677577244.0,1677577261.0,39661961.3,1677577292.0,1677577327.0,1677577268.0,1677577272.0,264.0,1677577327.0,1677577332.0,5.0,,5.0,35.0,5.0,17.0,368018658.0,4.0,1090.0,poseidon,condorpool,poseidon-worker-3-container-40-47,xgboost_best_params,/srv/xgboost_best_params,,0.0,0,0,,,,,,,,,
register_condorpool_0_0_pegasus-plan_ID0000012,None,auxiliary,0,1677577297.0,,,1677577302.0,,,0.0,1677577302.0,1677577307.0,,,0.0,1677577307.0,1677577312.0,5.0,,0.0,5.0,5.0,,,,,poseidon,local,host-10-100-100-12.openstacklocal,pegasus::rc-client,/home/poseidon/pegasus-5.1.0panorama/bin/pegasus-rc-client,"-n pegasus::rc-client -N null -R local  -L xgboost_hp_tuning_group_0 -T 2023-02-28T09:38:08+00:00 /home/poseidon/pegasus-5.1.0panorama/bin/pegasus-rc-client --prefix pegasus.catalog.replica.output --conf /home/poseidon/workflows/predict-future-sales-workflow/submit/poseidon/pegasus/predict-future-sales/run0289/00/00/./xgboost_hp_tuning_group_0.000/pegasus.14386026903875052541.properties -v --meta /home/poseidon/workflows/predict-future-sales-workflow/submit/poseidon/pegasus/predict-future-sales/run0289/00/00/./xgboost_hp_tuning_group_0.000/00/00/xgboost_hp_tuning_ID0000018.meta,/home/poseidon/workflows/predict-future-sales-workflow/submit/poseidon/pegasus/predict-future-sales/run0289/00/00/./xgboost_hp_tuning_group_0.000/00/00/xgboost_hp_tuning_ID0000002.meta,/home/poseidon/workflows/predict-future-sales-workflow/submit/poseidon/pegasus/predict-future-sales/run0289/00/00/./xgboost_hp_tuning_group_0.000/00/00/xgboost_hp_tuning_ID0000005.meta,/home/poseidon/workflows/predict-future-sales-workflow/submit/poseidon/pegasus/predict-future-sales/run0289/00/00/./xgboost_hp_tuning_group_0.000/00/00/xgboost_hp_tuning_ID0000009.meta,/home/poseidon/workflows/predict-future-sales-workflow/submit/poseidon/pegasus/predict-future-sales/run0289/00/00/./xgboost_hp_tuning_group_0.000/00/00/xgboost_hp_tuning_ID0000015.meta,/home/poseidon/workflows/predict-future-sales-workflow/submit/poseidon/pegasus/predict-future-sales/run0289/00/00/./xgboost_hp_tuning_group_0.000/00/00/xgboost_hp_tuning_ID0000012.meta,/home/poseidon/workflows/predict-future-sales-workflow/submit/poseidon/pegasus/predict-future-sales/run0289/00/00/./xgboost_hp_tuning_group_0.000/00/00/xgboost_hp_tuning_ID0000010.meta,/home/poseidon/workflows/predict-future-sales-workflow/submit/poseidon/pegasus/predict-future-sales/run0289/00/00/./xgboost_hp_tuning_group_0.000/00/00/xgboost_hp_tuning_ID0000008.meta --insert /home/poseidon/workflows/predict-future-sales-workflow/submit/poseidon/pegasus/predict-future-sales/run0289/00/00/./xgboost_hp_tuning_group_0.000/00/00/register_condorpool_0_0.in",3.2,0,0,,,,,,,,,
register_condorpool_0_2_pegasus-plan_ID0000012,None,auxiliary,0,1677577307.0,,,1677577312.0,,,0.0,1677577312.0,1677577317.0,,,0.0,1677577317.0,1677577322.0,5.0,,0.0,5.0,5.0,,,,,poseidon,local,host-10-100-100-12.openstacklocal,pegasus::rc-client,/home/poseidon/pegasus-5.1.0panorama/bin/pegasus-rc-client,"-n pegasus::rc-client -N null -R local  -L xgboost_hp_tuning_group_0 -T 2023-02-28T09:38:08+00:00 /home/poseidon/pegasus-5.1.0panorama/bin/pegasus-rc-client --prefix pegasus.catalog.replica.output --conf /home/poseidon/workflows/predict-future-sales-workflow/submit/poseidon/pegasus/predict-future-sales/run0289/00/00/./xgboost_hp_tuning_group_0.000/pegasus.14386026903875052541.properties -v --meta /home/poseidon/workflows/predict-future-sales-workflow/submit/poseidon/pegasus/predict-future-sales/run0289/00/00/./xgboost_hp_tuning_group_0.000/00/00/xgboost_hp_tuning_ID0000017.meta,/home/poseidon/workflows/predict-future-sales-workflow/submit/poseidon/pegasus/predict-future-sales/run0289/00/00/./xgboost_hp_tuning_group_0.000/00/00/xgboost_hp_tuning_ID0000022.meta,/home/poseidon/workflows/predict-future-sales-workflow/submit/poseidon/pegasus/predict-future-sales/run0289/00/00/./xgboost_hp_tuning_group_0.000/00/00/xgboost_hp_tuning_ID0000007.meta,/home/poseidon/workflows/predict-future-sales-workflow/submit/poseidon/pegasus/predict-future-sales/run0289/00/00/./xgboost_hp_tuning_group_0.000/00/00/xgboost_hp_tuning_ID0000020.meta,/home/poseidon/workflows/predict-future-sales-workflow/submit/poseidon/pegasus/predict-future-sales/run0289/00/00/./xgboost_hp_tuning_group_0.000/00/00/xgboost_hp_tuning_ID0000001.meta,/home/poseidon/workflows/predict-future-sales-workflow/submit/poseidon/pegasus/predict-future-sales/run0289/00/00/./xgboost_hp_tuning_group_0.000/00/00/xgboost_hp_tuning_ID0000004.meta,/home/poseidon/workflows/predict-future-sales-workflow/submit/poseidon/pegasus/predict-future-sales/run0289/00/00/./xgboost_hp_tuning_group_0.000/00/00/xgboost_hp_tuning_ID0000014.meta --insert /home/poseidon/workflows/predict-future-sales-workflow/submit/poseidon/pegasus/predict-future-sales/run0289/00/00/./xgboost_hp_tuning_group_0.000/00/00/register_condorpool_0_2.in",3.1,0,0,,,,,,,,,
register_condorpool_0_1_pegasus-plan_ID0000012,None,auxiliary,0,1677577307.0,,,1677577322.0,,,0.0,1677577323.0,1677577327.0,,,0.0,1677577327.0,1677577332.0,15.0,,1.0,4.0,5.0,,,,,poseidon,local,host-10-100-100-12.openstacklocal,pegasus::rc-client,/home/poseidon/pegasus-5.1.0panorama/bin/pegasus-rc-client,"-n pegasus::rc-client -N null -R local  -L xgboost_hp_tuning_group_0 -T 2023-02-28T09:38:08+00:00 /home/poseidon/pegasus-5.1.0panorama/bin/pegasus-rc-client --prefix pegasus.catalog.replica.output --conf /home/poseidon/workflows/predict-future-sales-workflow/submit/poseidon/pegasus/predict-future-sales/run0289/00/00/./xgboost_hp_tuning_group_0.000/pegasus.14386026903875052541.properties -v --meta /home/poseidon/workflows/predict-future-sales-workflow/submit/poseidon/pegasus/predict-future-sales/run0289/00/00/./xgboost_hp_tuning_group_0.000/00/00/xgboost_hp_tuning_ID0000013.meta,/home/poseidon/workflows/predict-future-sales-workflow/submit/poseidon/pegasus/predict-future-sales/run0289/00/00/./xgboost_hp_tuning_group_0.000/00/00/xgboost_hp_tuning_ID0000023.meta,/home/poseidon/workflows/predict-future-sales-workflow/submit/poseidon/pegasus/predict-future-sales/run0289/00/00/./xgboost_hp_tuning_group_0.000/00/00/xgboost_hp_tuning_ID0000011.meta,/home/poseidon/workflows/predict-future-sales-workflow/submit/poseidon/pegasus/predict-future-sales/run0289/00/00/./xgboost_hp_tuning_group_0.000/00/00/xgboost_hp_tuning_ID0000006.meta,/home/poseidon/workflows/predict-future-sales-workflow/submit/poseidon/pegasus/predict-future-sales/run0289/00/00/./xgboost_hp_tuning_group_0.000/00/00/xgboost_hp_tuning_ID0000003.meta,/home/poseidon/workflows/predict-future-sales-workflow/submit/poseidon/pegasus/predict-future-sales/run0289/00/00/./xgboost_hp_tuning_group_0.000/00/00/xgboost_hp_tuning_ID0000021.meta,/home/poseidon/workflows/predict-future-sales-workflow/submit/poseidon/pegasus/predict-future-sales/run0289/00/00/./xgboost_hp_tuning_group_0.000/00/00/xgboost_hp_tuning_ID0000019.meta,/home/poseidon/workflows/predict-future-sales-workflow/submit/poseidon/pegasus/predict-future-sales/run0289/00/00/./xgboost_hp_tuning_group_0.000/00/00/xgboost_hp_tuning_ID0000016.meta --insert /home/poseidon/workflows/predict-future-sales-workflow/submit/poseidon/pegasus/predict-future-sales/run0289/00/00/./xgboost_hp_tuning_group_0.000/00/00/register_condorpool_0_1.in",3.0,0,0,,,,,,,,,
stage_out_local_condorpool_0_0_pegasus-plan_ID0000016,None,transfer,0,1677577308.0,,,1677577313.0,,,0.0,1677577314.0,1677577328.0,1677577314.0,1677577318.0,2099.0,1677577328.0,1677577333.0,5.0,,1.0,14.0,5.0,,,4.0,8466.0,poseidon,local,host-10-100-100-12.openstacklocal,pegasus::transfer,/home/poseidon/pegasus-5.1.0panorama/bin/pegasus-transfer,/home/poseidon/pegasus-5.1.0panorama/bin/../bin/pegasus-kickstart  -n pegasus::transfer -N null -i - -R local  -L xgboost_hp_tuning_group_1 -T 2023-02-28T09:38:08+00:00 /home/poseidon/pegasus-5.1.0panorama/bin/../bin/pegasus-transfer  --threads 2,1.1,0,0,,,,,,,,,
stage_out_local_condorpool_0_2_pegasus-plan_ID0000016,None,transfer,0,1677577313.0,,,1677577318.0,,,0.0,1677577323.0,1677577333.0,1677577324.0,1677577328.0,1837.0,1677577333.0,1677577339.0,5.0,,5.0,10.0,6.0,,,4.0,7414.0,poseidon,local,host-10-100-100-12.openstacklocal,pegasus::transfer,/home/poseidon/pegasus-5.1.0panorama/bin/pegasus-transfer,/home/poseidon/pegasus-5.1.0panorama/bin/../bin/pegasus-kickstart  -n pegasus::transfer -N null -i - -R local  -L xgboost_hp_tuning_group_1 -T 2023-02-28T09:38:08+00:00 /home/poseidon/pegasus-5.1.0panorama/bin/../bin/pegasus-transfer  --threads 2,1.0,0,0,,,,,,,,,
xgboost_best_params_ID0000024_pegasus-plan_ID0000016,cpu_3,compute,0,1677577313.0,,,1677577318.0,1677577281.0,1677577297.0,39884832.0,1677577328.0,1677577364.0,1677577304.0,1677577308.0,260.0,1677577364.0,1677577369.0,5.0,,10.0,36.0,5.0,16.0,368018650.0,4.0,1066.0,poseidon,condorpool,poseidon-worker-3-container-40-47,xgboost_best_params,/srv/xgboost_best_params,,0.0,0,0,,,,,,,,,
stage_out_local_condorpool_0_1_pegasus-plan_ID0000016,None,transfer,0,1677577313.0,,,1677577318.0,,,0.0,1677577323.0,1677577333.0,1677577324.0,1677577328.0,2105.0,1677577333.0,1677577339.0,5.0,,5.0,10.0,6.0,,,4.0,8501.0,poseidon,local,host-10-100-100-12.openstacklocal,pegasus::transfer,/home/poseidon/pegasus-5.1.0panorama/bin/pegasus-transfer,/home/poseidon/pegasus-5.1.0panorama/bin/../bin/pegasus-kickstart  -n pegasus::transfer -N null -i - -R local  -L xgboost_hp_tuning_group_1 -T 2023-02-28T09:38:08+00:00 /home/poseidon/pegasus-5.1.0panorama/bin/../bin/pegasus-transfer  --threads 2,1.1,0,0,,,,,,,,,
stage_out_local_condorpool_1_0_pegasus-plan_ID0000012,None,transfer,0,1677577332.0,,,1677577337.0,,,0.0,1677577337.0,1677577347.0,1677577337.0,1677577341.0,1234.0,1677577347.0,1677577352.0,5.0,,0.0,10.0,5.0,,,4.0,5450.0,poseidon,local,host-10-100-100-12.openstacklocal,pegasus::transfer,/home/poseidon/pegasus-5.1.0panorama/bin/pegasus-transfer,/home/poseidon/pegasus-5.1.0panorama/bin/../bin/pegasus-kickstart  -n pegasus::transfer -N null -i - -R local  -L xgboost_hp_tuning_group_0 -T 2023-02-28T09:38:08+00:00 /home/poseidon/pegasus-5.1.0panorama/bin/../bin/pegasus-transfer  --threads 2,0.7,0,0,,,,,,,,,
register_condorpool_0_0_pegasus-plan_ID0000016,None,auxiliary,0,1677577333.0,,,1677577339.0,,,0.0,1677577342.0,1677577344.0,,,0.0,1677577344.0,1677577349.0,6.0,,3.0,2.0,5.0,,,,,poseidon,local,host-10-100-100-12.openstacklocal,pegasus::rc-client,/home/poseidon/pegasus-5.1.0panorama/bin/pegasus-rc-client,"-n pegasus::rc-client -N null -R local  -L xgboost_hp_tuning_group_1 -T 2023-02-28T09:38:08+00:00 /home/poseidon/pegasus-5.1.0panorama/bin/pegasus-rc-client --prefix pegasus.catalog.replica.output --conf /home/poseidon/workflows/predict-future-sales-workflow/submit/poseidon/pegasus/predict-future-sales/run0289/00/00/./xgboost_hp_tuning_group_1.000/pegasus.5536527409761664429.properties -v --meta /home/poseidon/workflows/predict-future-sales-workflow/submit/poseidon/pegasus/predict-future-sales/run0289/00/00/./xgboost_hp_tuning_group_1.000/00/00/xgboost_hp_tuning_ID0000018.meta,/home/poseidon/workflows/predict-future-sales-workflow/submit/poseidon/pegasus/predict-future-sales/run0289/00/00/./xgboost_hp_tuning_group_1.000/00/00/xgboost_hp_tuning_ID0000002.meta,/home/poseidon/workflows/predict-future-sales-workflow/submit/poseidon/pegasus/predict-future-sales/run0289/00/00/./xgboost_hp_tuning_group_1.000/00/00/xgboost_hp_tuning_ID0000005.meta,/home/poseidon/workflows/predict-future-sales-workflow/submit/poseidon/pegasus/predict-future-sales/run0289/00/00/./xgboost_hp_tuning_group_1.000/00/00/xgboost_hp_tuning_ID0000009.meta,/home/poseidon/workflows/predict-future-sales-workflow/submit/poseidon/pegasus/predict-future-sales/run0289/00/00/./xgboost_hp_tuning_group_1.000/00/00/xgboost_hp_tuning_ID0000015.meta,/home/poseidon/workflows/predict-future-sales-workflow/submit/poseidon/pegasus/predict-future-sales/run0289/00/00/./xgboost_hp_tuning_group_1.000/00/00/xgboost_hp_tuning_ID0000012.meta,/home/poseidon/workflows/predict-future-sales-workflow/submit/poseidon/pegasus/predict-future-sales/run0289/00/00/./xgboost_hp_tuning_group_1.000/00/00/xgboost_hp_tuning_ID0000010.meta,/home/poseidon/workflows/predict-future-sales-workflow/submit/poseidon/pegasus/predict-future-sales/run0289/00/00/./xgboost_hp_tuning_group_1.000/00/00/xgboost_hp_tuning_ID0000008.meta --insert /home/poseidon/workflows/predict-future-sales-workflow/submit/poseidon/pegasus/predict-future-sales/run0289/00/00/./xgboost_hp_tuning_group_1.000/00/00/register_condorpool_0_0.in",3.0,0,0,,,,,,,,,
register_condorpool_0_1_pegasus-plan_ID0000016,None,auxiliary,0,1677577339.0,,,1677577359.0,,,0.0,1677577359.0,1677577364.0,,,0.0,1677577364.0,1677577369.0,20.0,,0.0,5.0,5.0,,,,,poseidon,local,host-10-100-100-12.openstacklocal,pegasus::rc-client,/home/poseidon/pegasus-5.1.0panorama/bin/pegasus-rc-client,"-n pegasus::rc-client -N null -R local  -L xgboost_hp_tuning_group_1 -T 2023-02-28T09:38:08+00:00 /home/poseidon/pegasus-5.1.0panorama/bin/pegasus-rc-client --prefix pegasus.catalog.replica.output --conf /home/poseidon/workflows/predict-future-sales-workflow/submit/poseidon/pegasus/predict-future-sales/run0289/00/00/./xgboost_hp_tuning_group_1.000/pegasus.5536527409761664429.properties -v --meta /home/poseidon/workflows/predict-future-sales-workflow/submit/poseidon/pegasus/predict-future-sales/run0289/00/00/./xgboost_hp_tuning_group_1.000/00/00/xgboost_hp_tuning_ID0000013.meta,/home/poseidon/workflows/predict-future-sales-workflow/submit/poseidon/pegasus/predict-future-sales/run0289/00/00/./xgboost_hp_tuning_group_1.000/00/00/xgboost_hp_tuning_ID0000023.meta,/home/poseidon/workflows/predict-future-sales-workflow/submit/poseidon/pegasus/predict-future-sales/run0289/00/00/./xgboost_hp_tuning_group_1.000/00/00/xgboost_hp_tuning_ID0000011.meta,/home/poseidon/workflows/predict-future-sales-workflow/submit/poseidon/pegasus/predict-future-sales/run0289/00/00/./xgboost_hp_tuning_group_1.000/00/00/xgboost_hp_tuning_ID0000006.meta,/home/poseidon/workflows/predict-future-sales-workflow/submit/poseidon/pegasus/predict-future-sales/run0289/00/00/./xgboost_hp_tuning_group_1.000/00/00/xgboost_hp_tuning_ID0000003.meta,/home/poseidon/workflows/predict-future-sales-workflow/submit/poseidon/pegasus/predict-future-sales/run0289/00/00/./xgboost_hp_tuning_group_1.000/00/00/xgboost_hp_tuning_ID0000021.meta,/home/poseidon/workflows/predict-future-sales-workflow/submit/poseidon/pegasus/predict-future-sales/run0289/00/00/./xgboost_hp_tuning_group_1.000/00/00/xgboost_hp_tuning_ID0000019.meta,/home/poseidon/workflows/predict-future-sales-workflow/submit/poseidon/pegasus/predict-future-sales/run0289/00/00/./xgboost_hp_tuning_group_1.000/00/00/xgboost_hp_tuning_ID0000016.meta --insert /home/poseidon/workflows/predict-future-sales-workflow/submit/poseidon/pegasus/predict-future-sales/run0289/00/00/./xgboost_hp_tuning_group_1.000/00/00/register_condorpool_0_1.in",3.0,0,0,,,,,,,,,
register_condorpool_0_2_pegasus-plan_ID0000016,None,auxiliary,0,1677577339.0,,,1677577349.0,,,0.0,1677577349.0,1677577354.0,,,0.0,1677577354.0,1677577359.0,10.0,,0.0,5.0,5.0,,,,,poseidon,local,host-10-100-100-12.openstacklocal,pegasus::rc-client,/home/poseidon/pegasus-5.1.0panorama/bin/pegasus-rc-client,"-n pegasus::rc-client -N null -R local  -L xgboost_hp_tuning_group_1 -T 2023-02-28T09:38:08+00:00 /home/poseidon/pegasus-5.1.0panorama/bin/pegasus-rc-client --prefix pegasus.catalog.replica.output --conf /home/poseidon/workflows/predict-future-sales-workflow/submit/poseidon/pegasus/predict-future-sales/run0289/00/00/./xgboost_hp_tuning_group_1.000/pegasus.5536527409761664429.properties -v --meta /home/poseidon/workflows/predict-future-sales-workflow/submit/poseidon/pegasus/predict-future-sales/run0289/00/00/./xgboost_hp_tuning_group_1.000/00/00/xgboost_hp_tuning_ID0000017.meta,/home/poseidon/workflows/predict-future-sales-workflow/submit/poseidon/pegasus/predict-future-sales/run0289/00/00/./xgboost_hp_tuning_group_1.000/00/00/xgboost_hp_tuning_ID0000022.meta,/home/poseidon/workflows/predict-future-sales-workflow/submit/poseidon/pegasus/predict-future-sales/run0289/00/00/./xgboost_hp_tuning_group_1.000/00/00/xgboost_hp_tuning_ID0000007.meta,/home/poseidon/workflows/predict-future-sales-workflow/submit/poseidon/pegasus/predict-future-sales/run0289/00/00/./xgboost_hp_tuning_group_1.000/00/00/xgboost_hp_tuning_ID0000020.meta,/home/poseidon/workflows/predict-future-sales-workflow/submit/poseidon/pegasus/predict-future-sales/run0289/00/00/./xgboost_hp_tuning_group_1.000/00/00/xgboost_hp_tuning_ID0000001.meta,/home/poseidon/workflows/predict-future-sales-workflow/submit/poseidon/pegasus/predict-future-sales/run0289/00/00/./xgboost_hp_tuning_group_1.000/00/00/xgboost_hp_tuning_ID0000004.meta,/home/poseidon/workflows/predict-future-sales-workflow/submit/poseidon/pegasus/predict-future-sales/run0289/00/00/./xgboost_hp_tuning_group_1.000/00/00/xgboost_hp_tuning_ID0000014.meta --insert /home/poseidon/workflows/predict-future-sales-workflow/submit/poseidon/pegasus/predict-future-sales/run0289/00/00/./xgboost_hp_tuning_group_1.000/00/00/register_condorpool_0_2.in",3.0,0,0,,,,,,,,,
register_condorpool_1_0_pegasus-plan_ID0000012,None,auxiliary,0,1677577352.0,,,1677577357.0,,,0.0,1677577357.0,1677577362.0,,,0.0,1677577362.0,1677577367.0,5.0,,0.0,5.0,5.0,,,,,poseidon,local,host-10-100-100-12.openstacklocal,pegasus::rc-client,/home/poseidon/pegasus-5.1.0panorama/bin/pegasus-rc-client,-n pegasus::rc-client -N null -R local  -L xgboost_hp_tuning_group_0 -T 2023-02-28T09:38:08+00:00 /home/poseidon/pegasus-5.1.0panorama/bin/pegasus-rc-client --prefix pegasus.catalog.replica.output --conf /home/poseidon/workflows/predict-future-sales-workflow/submit/poseidon/pegasus/predict-future-sales/run0289/00/00/./xgboost_hp_tuning_group_0.000/pegasus.14386026903875052541.properties -v --meta /home/poseidon/workflows/predict-future-sales-workflow/submit/poseidon/pegasus/predict-future-sales/run0289/00/00/./xgboost_hp_tuning_group_0.000/00/00/xgboost_best_params_ID0000024.meta --insert /home/poseidon/workflows/predict-future-sales-workflow/submit/poseidon/pegasus/predict-future-sales/run0289/00/00/./xgboost_hp_tuning_group_0.000/00/00/register_condorpool_1_0.in,3.1,0,0,,,,,,,,,
stage_out_local_condorpool_1_0_pegasus-plan_ID0000016,None,transfer,0,1677577369.0,,,1677577374.0,,,0.0,1677577374.0,1677577384.0,1677577375.0,1677577379.0,1223.0,1677577384.0,1677577389.0,5.0,,0.0,10.0,5.0,,,4.0,5330.0,poseidon,local,host-10-100-100-12.openstacklocal,pegasus::transfer,/home/poseidon/pegasus-5.1.0panorama/bin/pegasus-transfer,/home/poseidon/pegasus-5.1.0panorama/bin/../bin/pegasus-kickstart  -n pegasus::transfer -N null -i - -R local  -L xgboost_hp_tuning_group_1 -T 2023-02-28T09:38:08+00:00 /home/poseidon/pegasus-5.1.0panorama/bin/../bin/pegasus-transfer  --threads 2,0.7,0,0,,,,,,,,,
xgboost_model_ID0000013,None,compute,0,1677577372.0,,,1677577377.0,1677577603.0,1677577621.0,51255959.0,1677577651.0,1677577697.0,1677577636.0,1677577640.0,303944.0,1677577697.0,1677577702.0,5.0,,274.0,46.0,5.0,18.0,502671220.0,4.0,1325446.0,poseidon,condorpool,poseidon-worker-1-container-8-15,xgboost_model,/srv/xgboost_model,,33.7,0,0,,,,,,,,,
register_condorpool_1_0_pegasus-plan_ID0000016,None,auxiliary,0,1677577389.0,,,1677577394.0,,,0.0,1677577395.0,1677577399.0,,,0.0,1677577399.0,1677577404.0,5.0,,1.0,4.0,5.0,,,,,poseidon,local,host-10-100-100-12.openstacklocal,pegasus::rc-client,/home/poseidon/pegasus-5.1.0panorama/bin/pegasus-rc-client,-n pegasus::rc-client -N null -R local  -L xgboost_hp_tuning_group_1 -T 2023-02-28T09:38:08+00:00 /home/poseidon/pegasus-5.1.0panorama/bin/pegasus-rc-client --prefix pegasus.catalog.replica.output --conf /home/poseidon/workflows/predict-future-sales-workflow/submit/poseidon/pegasus/predict-future-sales/run0289/00/00/./xgboost_hp_tuning_group_1.000/pegasus.5536527409761664429.properties -v --meta /home/poseidon/workflows/predict-future-sales-workflow/submit/poseidon/pegasus/predict-future-sales/run0289/00/00/./xgboost_hp_tuning_group_1.000/00/00/xgboost_best_params_ID0000024.meta --insert /home/poseidon/workflows/predict-future-sales-workflow/submit/poseidon/pegasus/predict-future-sales/run0289/00/00/./xgboost_hp_tuning_group_1.000/00/00/register_condorpool_1_0.in,3.0,0,0,,,,,,,,,
xgboost_model_ID0000017,cpu_3,compute,0,1677577407.0,,,1677577412.0,1677577632.0,1677577649.0,45786421.0,1677577679.0,1677577722.0,1677577658.0,1677577663.0,122629.0,1677577722.0,1677577727.0,5.0,,267.0,43.0,5.0,17.0,377645133.0,5.0,530270.0,poseidon,condorpool,poseidon-worker-3-container-8-15,xgboost_model,/srv/xgboost_model,,5.2,0,0,,,,,,,,,
model_predict_ID0000014,cpu_3,compute,0,1677577702.0,,,1677577707.0,1677577661.0,1677577678.0,45026046.5,1677577709.0,1677577747.0,1677577686.0,1677577690.0,104967.0,1677577747.0,1677577752.0,5.0,,2.0,38.0,5.0,17.0,371512698.0,4.0,451213.0,poseidon,condorpool,poseidon-worker-1-container-32-39,model_predict,/srv/model_predict,,2.4,0,0,,,,,,,,,
model_predict_ID0000018,cpu_3,compute,0,1677577727.0,,,1677577732.0,1677577685.0,1677577702.0,43935335.5,1677577733.0,1677577772.0,1677577710.0,1677577714.0,6034.0,1677577772.0,1677577777.0,5.0,,1.0,39.0,5.0,17.0,368632402.0,4.0,25035.0,poseidon,condorpool,poseidon-worker-3-container-8-15,model_predict,/srv/model_predict,,2.1,0,0,,,,,,,,,
stage_out_local_condorpool_0_2_pegasus-plan_ID0000020,None,transfer,0,1677578048.0,,,1677578053.0,,,0.0,1677578053.0,1677578063.0,1677578053.0,1677578057.0,1840.0,1677578063.0,1677578068.0,5.0,,0.0,10.0,5.0,,,4.0,7427.0,poseidon,local,host-10-100-100-12.openstacklocal,pegasus::transfer,/home/poseidon/pegasus-5.1.0panorama/bin/pegasus-transfer,/home/poseidon/pegasus-5.1.0panorama/bin/../bin/pegasus-kickstart  -n pegasus::transfer -N null -i - -R local  -L xgboost_hp_tuning_group_2 -T 2023-02-28T09:38:08+00:00 /home/poseidon/pegasus-5.1.0panorama/bin/../bin/pegasus-transfer  --threads 2,0.9,0,0,,,,,,,,,
register_condorpool_0_2_pegasus-plan_ID0000020,None,auxiliary,0,1677578068.0,,,1677578073.0,,,0.0,1677578073.0,1677578078.0,,,0.0,1677578078.0,1677578083.0,5.0,,0.0,5.0,5.0,,,,,poseidon,local,host-10-100-100-12.openstacklocal,pegasus::rc-client,/home/poseidon/pegasus-5.1.0panorama/bin/pegasus-rc-client,"-n pegasus::rc-client -N null -R local  -L xgboost_hp_tuning_group_2 -T 2023-02-28T09:38:08+00:00 /home/poseidon/pegasus-5.1.0panorama/bin/pegasus-rc-client --prefix pegasus.catalog.replica.output --conf /home/poseidon/workflows/predict-future-sales-workflow/submit/poseidon/pegasus/predict-future-sales/run0289/00/00/./xgboost_hp_tuning_group_2.000/pegasus.6445650582485098046.properties -v --meta /home/poseidon/workflows/predict-future-sales-workflow/submit/poseidon/pegasus/predict-future-sales/run0289/00/00/./xgboost_hp_tuning_group_2.000/00/00/xgboost_hp_tuning_ID0000017.meta,/home/poseidon/workflows/predict-future-sales-workflow/submit/poseidon/pegasus/predict-future-sales/run0289/00/00/./xgboost_hp_tuning_group_2.000/00/00/xgboost_hp_tuning_ID0000022.meta,/home/poseidon/workflows/predict-future-sales-workflow/submit/poseidon/pegasus/predict-future-sales/run0289/00/00/./xgboost_hp_tuning_group_2.000/00/00/xgboost_hp_tuning_ID0000007.meta,/home/poseidon/workflows/predict-future-sales-workflow/submit/poseidon/pegasus/predict-future-sales/run0289/00/00/./xgboost_hp_tuning_group_2.000/00/00/xgboost_hp_tuning_ID0000020.meta,/home/poseidon/workflows/predict-future-sales-workflow/submit/poseidon/pegasus/predict-future-sales/run0289/00/00/./xgboost_hp_tuning_group_2.000/00/00/xgboost_hp_tuning_ID0000001.meta,/home/poseidon/workflows/predict-future-sales-workflow/submit/poseidon/pegasus/predict-future-sales/run0289/00/00/./xgboost_hp_tuning_group_2.000/00/00/xgboost_hp_tuning_ID0000004.meta,/home/poseidon/workflows/predict-future-sales-workflow/submit/poseidon/pegasus/predict-future-sales/run0289/00/00/./xgboost_hp_tuning_group_2.000/00/00/xgboost_hp_tuning_ID0000014.meta --insert /home/poseidon/workflows/predict-future-sales-workflow/submit/poseidon/pegasus/predict-future-sales/run0289/00/00/./xgboost_hp_tuning_group_2.000/00/00/register_condorpool_0_2.in",3.0,0,0,,,,,,,,,
stage_out_local_condorpool_0_0_pegasus-plan_ID0000020,None,transfer,0,1677578128.0,,,1677578133.0,,,0.0,1677578133.0,1677578143.0,1677578133.0,1677578137.0,2100.0,1677578143.0,1677578148.0,5.0,,0.0,10.0,5.0,,,4.0,8471.0,poseidon,local,host-10-100-100-12.openstacklocal,pegasus::transfer,/home/poseidon/pegasus-5.1.0panorama/bin/pegasus-transfer,/home/poseidon/pegasus-5.1.0panorama/bin/../bin/pegasus-kickstart  -n pegasus::transfer -N null -i - -R local  -L xgboost_hp_tuning_group_2 -T 2023-02-28T09:38:08+00:00 /home/poseidon/pegasus-5.1.0panorama/bin/../bin/pegasus-transfer  --threads 2,1.0,0,0,,,,,,,,,
register_condorpool_0_0_pegasus-plan_ID0000020,None,auxiliary,0,1677578148.0,,,1677578153.0,,,0.0,1677578153.0,1677578158.0,,,0.0,1677578158.0,1677578163.0,5.0,,0.0,5.0,5.0,,,,,poseidon,local,host-10-100-100-12.openstacklocal,pegasus::rc-client,/home/poseidon/pegasus-5.1.0panorama/bin/pegasus-rc-client,"-n pegasus::rc-client -N null -R local  -L xgboost_hp_tuning_group_2 -T 2023-02-28T09:38:08+00:00 /home/poseidon/pegasus-5.1.0panorama/bin/pegasus-rc-client --prefix pegasus.catalog.replica.output --conf /home/poseidon/workflows/predict-future-sales-workflow/submit/poseidon/pegasus/predict-future-sales/run0289/00/00/./xgboost_hp_tuning_group_2.000/pegasus.6445650582485098046.properties -v --meta /home/poseidon/workflows/predict-future-sales-workflow/submit/poseidon/pegasus/predict-future-sales/run0289/00/00/./xgboost_hp_tuning_group_2.000/00/00/xgboost_hp_tuning_ID0000018.meta,/home/poseidon/workflows/predict-future-sales-workflow/submit/poseidon/pegasus/predict-future-sales/run0289/00/00/./xgboost_hp_tuning_group_2.000/00/00/xgboost_hp_tuning_ID0000002.meta,/home/poseidon/workflows/predict-future-sales-workflow/submit/poseidon/pegasus/predict-future-sales/run0289/00/00/./xgboost_hp_tuning_group_2.000/00/00/xgboost_hp_tuning_ID0000005.meta,/home/poseidon/workflows/predict-future-sales-workflow/submit/poseidon/pegasus/predict-future-sales/run0289/00/00/./xgboost_hp_tuning_group_2.000/00/00/xgboost_hp_tuning_ID0000009.meta,/home/poseidon/workflows/predict-future-sales-workflow/submit/poseidon/pegasus/predict-future-sales/run0289/00/00/./xgboost_hp_tuning_group_2.000/00/00/xgboost_hp_tuning_ID0000015.meta,/home/poseidon/workflows/predict-future-sales-workflow/submit/poseidon/pegasus/predict-future-sales/run0289/00/00/./xgboost_hp_tuning_group_2.000/00/00/xgboost_hp_tuning_ID0000012.meta,/home/poseidon/workflows/predict-future-sales-workflow/submit/poseidon/pegasus/predict-future-sales/run0289/00/00/./xgboost_hp_tuning_group_2.000/00/00/xgboost_hp_tuning_ID0000010.meta,/home/poseidon/workflows/predict-future-sales-workflow/submit/poseidon/pegasus/predict-future-sales/run0289/00/00/./xgboost_hp_tuning_group_2.000/00/00/xgboost_hp_tuning_ID0000008.meta --insert /home/poseidon/workflows/predict-future-sales-workflow/submit/poseidon/pegasus/predict-future-sales/run0289/00/00/./xgboost_hp_tuning_group_2.000/00/00/register_condorpool_0_0.in",3.0,0,0,,,,,,,,,
xgboost_best_params_ID0000024_pegasus-plan_ID0000020,cpu_3,compute,0,1677578168.0,,,1677578173.0,1677578126.0,1677578142.0,39872785.7,1677578174.0,1677578208.0,1677578149.0,1677578153.0,258.0,1677578208.0,1677578213.0,5.0,,1.0,34.0,5.0,16.0,368018671.0,4.0,1060.0,poseidon,condorpool,poseidon-worker-3-container-16-23,xgboost_best_params,/srv/xgboost_best_params,,0.0,0,0,,,,,,,,,
stage_out_local_condorpool_0_1_pegasus-plan_ID0000020,None,transfer,0,1677578168.0,,,1677578173.0,,,0.0,1677578173.0,1677578183.0,1677578173.0,1677578177.0,2108.0,1677578183.0,1677578188.0,5.0,,0.0,10.0,5.0,,,4.0,8504.0,poseidon,local,host-10-100-100-12.openstacklocal,pegasus::transfer,/home/poseidon/pegasus-5.1.0panorama/bin/pegasus-transfer,/home/poseidon/pegasus-5.1.0panorama/bin/../bin/pegasus-kickstart  -n pegasus::transfer -N null -i - -R local  -L xgboost_hp_tuning_group_2 -T 2023-02-28T09:38:08+00:00 /home/poseidon/pegasus-5.1.0panorama/bin/../bin/pegasus-transfer  --threads 2,1.1,0,0,,,,,,,,,
register_condorpool_0_1_pegasus-plan_ID0000020,None,auxiliary,0,1677578188.0,,,1677578193.0,,,0.0,1677578193.0,1677578198.0,,,0.0,1677578198.0,1677578203.0,5.0,,0.0,5.0,5.0,,,,,poseidon,local,host-10-100-100-12.openstacklocal,pegasus::rc-client,/home/poseidon/pegasus-5.1.0panorama/bin/pegasus-rc-client,"-n pegasus::rc-client -N null -R local  -L xgboost_hp_tuning_group_2 -T 2023-02-28T09:38:08+00:00 /home/poseidon/pegasus-5.1.0panorama/bin/pegasus-rc-client --prefix pegasus.catalog.replica.output --conf /home/poseidon/workflows/predict-future-sales-workflow/submit/poseidon/pegasus/predict-future-sales/run0289/00/00/./xgboost_hp_tuning_group_2.000/pegasus.6445650582485098046.properties -v --meta /home/poseidon/workflows/predict-future-sales-workflow/submit/poseidon/pegasus/predict-future-sales/run0289/00/00/./xgboost_hp_tuning_group_2.000/00/00/xgboost_hp_tuning_ID0000013.meta,/home/poseidon/workflows/predict-future-sales-workflow/submit/poseidon/pegasus/predict-future-sales/run0289/00/00/./xgboost_hp_tuning_group_2.000/00/00/xgboost_hp_tuning_ID0000023.meta,/home/poseidon/workflows/predict-future-sales-workflow/submit/poseidon/pegasus/predict-future-sales/run0289/00/00/./xgboost_hp_tuning_group_2.000/00/00/xgboost_hp_tuning_ID0000011.meta,/home/poseidon/workflows/predict-future-sales-workflow/submit/poseidon/pegasus/predict-future-sales/run0289/00/00/./xgboost_hp_tuning_group_2.000/00/00/xgboost_hp_tuning_ID0000006.meta,/home/poseidon/workflows/predict-future-sales-workflow/submit/poseidon/pegasus/predict-future-sales/run0289/00/00/./xgboost_hp_tuning_group_2.000/00/00/xgboost_hp_tuning_ID0000003.meta,/home/poseidon/workflows/predict-future-sales-workflow/submit/poseidon/pegasus/predict-future-sales/run0289/00/00/./xgboost_hp_tuning_group_2.000/00/00/xgboost_hp_tuning_ID0000021.meta,/home/poseidon/workflows/predict-future-sales-workflow/submit/poseidon/pegasus/predict-future-sales/run0289/00/00/./xgboost_hp_tuning_group_2.000/00/00/xgboost_hp_tuning_ID0000019.meta,/home/poseidon/workflows/predict-future-sales-workflow/submit/poseidon/pegasus/predict-future-sales/run0289/00/00/./xgboost_hp_tuning_group_2.000/00/00/xgboost_hp_tuning_ID0000016.meta --insert /home/poseidon/workflows/predict-future-sales-workflow/submit/poseidon/pegasus/predict-future-sales/run0289/00/00/./xgboost_hp_tuning_group_2.000/00/00/register_condorpool_0_1.in",3.0,0,0,,,,,,,,,
stage_out_local_condorpool_1_0_pegasus-plan_ID0000020,None,transfer,0,1677578213.0,,,1677578218.0,,,0.0,1677578218.0,1677578228.0,1677578219.0,1677578223.0,1223.0,1677578228.0,1677578233.0,5.0,,0.0,10.0,5.0,,,4.0,5300.0,poseidon,local,host-10-100-100-12.openstacklocal,pegasus::transfer,/home/poseidon/pegasus-5.1.0panorama/bin/pegasus-transfer,/home/poseidon/pegasus-5.1.0panorama/bin/../bin/pegasus-kickstart  -n pegasus::transfer -N null -i - -R local  -L xgboost_hp_tuning_group_2 -T 2023-02-28T09:38:08+00:00 /home/poseidon/pegasus-5.1.0panorama/bin/../bin/pegasus-transfer  --threads 2,0.7,0,0,,,,,,,,,
register_condorpool_1_0_pegasus-plan_ID0000020,None,auxiliary,0,1677578233.0,,,1677578238.0,,,0.0,1677578239.0,1677578243.0,,,0.0,1677578243.0,1677578248.0,5.0,,1.0,4.0,5.0,,,,,poseidon,local,host-10-100-100-12.openstacklocal,pegasus::rc-client,/home/poseidon/pegasus-5.1.0panorama/bin/pegasus-rc-client,-n pegasus::rc-client -N null -R local  -L xgboost_hp_tuning_group_2 -T 2023-02-28T09:38:08+00:00 /home/poseidon/pegasus-5.1.0panorama/bin/pegasus-rc-client --prefix pegasus.catalog.replica.output --conf /home/poseidon/workflows/predict-future-sales-workflow/submit/poseidon/pegasus/predict-future-sales/run0289/00/00/./xgboost_hp_tuning_group_2.000/pegasus.6445650582485098046.properties -v --meta /home/poseidon/workflows/predict-future-sales-workflow/submit/poseidon/pegasus/predict-future-sales/run0289/00/00/./xgboost_hp_tuning_group_2.000/00/00/xgboost_best_params_ID0000024.meta --insert /home/poseidon/workflows/predict-future-sales-workflow/submit/poseidon/pegasus/predict-future-sales/run0289/00/00/./xgboost_hp_tuning_group_2.000/00/00/register_condorpool_1_0.in,3.0,0,0,,,,,,,,,
xgboost_model_ID0000021,cpu_3,compute,0,1677578252.0,,,1677578257.0,1677578213.0,1677578244.0,74664468.5,1677578261.0,1677578467.0,1677578403.0,1677578407.0,2835485.0,1677578467.0,1677578472.0,5.0,,4.0,206.0,5.0,31.0,1691152081.0,4.0,12810831.0,poseidon,condorpool,poseidon-worker-2-container-24-31,xgboost_model,/srv/xgboost_model,,576.7,0,0,0.1,1348846351.0,24449.0,5388.0,8.0,521.3,16.2,9634616.8,2444.9
stage_out_local_local_5_0,None,transfer,0,1677578252.0,,,1677578257.0,,,0.0,1677578258.0,1677578267.0,1677578258.0,1677578262.0,797.0,1677578267.0,1677578272.0,5.0,,1.0,9.0,5.0,,,4.0,3216.0,poseidon,local,host-10-100-100-12.openstacklocal,pegasus::transfer,/home/poseidon/pegasus-5.1.0panorama/bin/pegasus-transfer,pegasus-kickstart  -n pegasus::transfer -N null -i - -R local  -L predict-future-sales -T 2023-02-17T19:59:06+00:00 pegasus-transfer  --threads 2,0.3,0,0,,,,,,,,,
cleanup_predict-future-sales_0_local,None,auxiliary,0,1677578272.0,,,1677578277.0,,,0.0,1677578277.0,1677578287.0,,,0.0,1677578287.0,1677578292.0,5.0,,0.0,10.0,5.0,,,,,poseidon,local,host-10-100-100-12.openstacklocal,pegasus::cleanup,/home/poseidon/pegasus-5.1.0panorama/bin/pegasus-transfer,pegasus-kickstart  -n pegasus::cleanup -N null -i - -R local  -L predict-future-sales -T 2023-02-17T19:59:06+00:00 pegasus-transfer,0.3,0,0,,,,,,,,,
stage_out_local_condorpool_6_0,None,transfer,0,1677578472.0,,,1677578477.0,,,0.0,1677578477.0,1677578487.0,1677578478.0,1677578482.0,3638538.0,1677578487.0,1677578492.0,5.0,,0.0,10.0,5.0,,,4.0,14666547.0,poseidon,local,host-10-100-100-12.openstacklocal,pegasus::transfer,/home/poseidon/pegasus-5.1.0panorama/bin/pegasus-transfer,pegasus-kickstart  -n pegasus::transfer -N null -i - -R local  -L predict-future-sales -T 2023-02-17T19:59:06+00:00 pegasus-transfer  --threads 2,1.0,0,0,,,,,,,,,
model_predict_ID0000022,cpu_3,compute,0,1677578472.0,,,1677578477.0,1677578431.0,1677578448.0,43383122.3,1677578479.0,1677578517.0,1677578457.0,1677578461.0,1262910.0,1677578517.0,1677578522.0,5.0,,2.0,38.0,5.0,17.0,407815383.0,4.0,5523764.0,poseidon,condorpool,poseidon-worker-2-container-24-31,model_predict,/srv/model_predict,,3.7,0,0,,,,,,,,,
stage_out_local_condorpool_7_0,None,transfer,0,1677578522.0,,,1677578527.0,,,0.0,1677578527.0,1677578537.0,1677578527.0,1677578531.0,1488314.0,1677578537.0,1677578542.0,5.0,,0.0,10.0,5.0,,,4.0,6000012.0,poseidon,local,host-10-100-100-12.openstacklocal,pegasus::transfer,/home/poseidon/pegasus-5.1.0panorama/bin/pegasus-transfer,pegasus-kickstart  -n pegasus::transfer -N null -i - -R local  -L predict-future-sales -T 2023-02-17T19:59:06+00:00 pegasus-transfer  --threads 2,0.6,0,0,,,,,,,,,
predict_merge_ID0000023,cpu_3,compute,0,1677578522.0,,,1677578527.0,1677578480.0,1677578499.0,40271248.7,1677578528.0,1677578567.0,1677578506.0,1677578510.0,845482.0,1677578567.0,1677578572.0,5.0,,1.0,39.0,5.0,19.0,377176763.0,4.0,3704865.0,poseidon,condorpool,poseidon-worker-2-container-24-31,predict_merge,/srv/predict_merge,,1.2,0,0,,,,,,,,,
stage_out_local_condorpool_8_0,None,transfer,0,1677578572.0,,,1677578577.0,,,0.0,1677578577.0,1677578587.0,1677578578.0,1677578580.0,1712869.0,1677578587.0,1677578592.0,5.0,,0.0,10.0,5.0,,,2.0,3704865.0,poseidon,local,host-10-100-100-12.openstacklocal,pegasus::transfer,/home/poseidon/pegasus-5.1.0panorama/bin/pegasus-transfer,pegasus-kickstart  -n pegasus::transfer -N null -i - -R local  -L predict-future-sales -T 2023-02-17T19:59:06+00:00 pegasus-transfer  --threads 2,0.4,0,0,,,,,,,,,
cleanup_predict-future-sales_0_condorpool,None,auxiliary,0,1677578592.0,,,1677578597.0,,,0.0,1677578598.0,1677578607.0,,,0.0,1677578607.0,1677578613.0,5.0,,1.0,9.0,6.0,,,,,poseidon,local,host-10-100-100-12.openstacklocal,pegasus::cleanup,/home/poseidon/pegasus-5.1.0panorama/bin/pegasus-transfer,pegasus-kickstart  -n pegasus::cleanup -N null -i - -R local  -L predict-future-sales -T 2023-02-17T19:59:06+00:00 pegasus-transfer,0.3,0,0,,,,,,,,,
