,anomaly_type,type,is_clustered,ready,pre_script_start,pre_script_end,submit,stage_in_start,stage_in_end,stage_in_effective_bytes_per_sec,execute_start,execute_end,stage_out_start,stage_out_end,stage_out_effective_bytes_per_sec,post_script_start,post_script_end,wms_delay,pre_script_delay,queue_delay,runtime,post_script_delay,stage_in_delay,stage_in_bytes,stage_out_delay,stage_out_bytes,kickstart_user,kickstart_site,kickstart_hostname,kickstart_transformations,kickstart_executables,kickstart_executables_argv,kickstart_executables_cpu_time,kickstart_status,kickstart_executables_exitcode,kickstart_online_iowait,kickstart_online_bytes_read,kickstart_online_bytes_written,kickstart_online_read_system_calls,kickstart_online_write_system_calls,kickstart_online_utime,kickstart_online_stime,kickstart_online_bytes_read_per_second,kickstart_online_bytes_written_per_second
create_dir_predict-future-sales_0_local,None,auxiliary,0,1676958796.0,,,1676958797.0,,,0.0,1676958803.0,1676958812.0,,,0.0,1676958812.0,1676958817.0,1.0,,6.0,9.0,5.0,,,,,poseidon,local,host-10-100-100-12.openstacklocal,pegasus::dirmanager,/home/poseidon/pegasus-5.1.0panorama/bin/pegasus-transfer,pegasus-kickstart  -n pegasus::dirmanager -N null -i - -R local  -L predict-future-sales -T 2023-02-17T19:59:06+00:00 pegasus-transfer,0.3,0,0,,,,,,,,,
create_dir_predict-future-sales_0_condorpool,None,auxiliary,0,1676958796.0,,,1676958797.0,,,0.0,1676958803.0,1676958812.0,,,0.0,1676958812.0,1676958817.0,1.0,,6.0,9.0,5.0,,,,,poseidon,local,host-10-100-100-12.openstacklocal,pegasus::dirmanager,/home/poseidon/pegasus-5.1.0panorama/bin/pegasus-transfer,pegasus-kickstart  -n pegasus::dirmanager -N null -i - -R local  -L predict-future-sales -T 2023-02-17T19:59:06+00:00 pegasus-transfer,0.3,0,0,,,,,,,,,
stage_in_local_condorpool_6_0,None,transfer,0,1676958817.0,,,1676958822.0,1676958822.0,1676958826.0,2291.0,1676958822.0,1676958832.0,,,0.0,1676958832.0,1676958837.0,5.0,,0.0,10.0,5.0,4.0,7870.0,,,poseidon,local,host-10-100-100-12.openstacklocal,pegasus::transfer,/home/poseidon/pegasus-5.1.0panorama/bin/pegasus-transfer,pegasus-kickstart  -n pegasus::transfer -N null -i - -R local  -L predict-future-sales -T 2023-02-17T19:59:06+00:00 pegasus-transfer  --threads 2,0.4,0,0,,,,,,,,,
stage_in_local_condorpool_0_0,None,transfer,0,1676958817.0,,,1676958822.0,1676958822.0,1676958832.0,97117741.0,1676958822.0,1676958842.0,,,0.0,1676958842.0,1676958847.0,5.0,,0.0,20.0,5.0,10.0,936801734.0,,,poseidon,local,host-10-100-100-12.openstacklocal,pegasus::transfer,/home/poseidon/pegasus-5.1.0panorama/bin/pegasus-transfer,pegasus-kickstart  -n pegasus::transfer -N null -i - -R local  -L predict-future-sales -T 2023-02-17T19:59:06+00:00 pegasus-transfer  --threads 2,5.7,0,0,,,,,,,,,
stage_in_local_condorpool_1_0,None,transfer,0,1676958817.0,,,1676958822.0,1676958822.0,1676958826.0,3734.0,1676958822.0,1676958832.0,,,0.0,1676958832.0,1676958837.0,5.0,,0.0,10.0,5.0,4.0,15640.0,,,poseidon,local,host-10-100-100-12.openstacklocal,pegasus::transfer,/home/poseidon/pegasus-5.1.0panorama/bin/pegasus-transfer,pegasus-kickstart  -n pegasus::transfer -N null -i - -R local  -L predict-future-sales -T 2023-02-17T19:59:06+00:00 pegasus-transfer  --threads 2,0.6,0,0,,,,,,,,,
stage_in_local_condorpool_7_0,None,transfer,0,1676958817.0,,,1676958822.0,1676958822.0,1676958826.0,1008.0,1676958822.0,1676958832.0,,,0.0,1676958832.0,1676958837.0,5.0,,0.0,10.0,5.0,4.0,3488.0,,,poseidon,local,host-10-100-100-12.openstacklocal,pegasus::transfer,/home/poseidon/pegasus-5.1.0panorama/bin/pegasus-transfer,pegasus-kickstart  -n pegasus::transfer -N null -i - -R local  -L predict-future-sales -T 2023-02-17T19:59:06+00:00 pegasus-transfer  --threads 2,0.4,0,0,,,,,,,,,
stage_in_local_condorpool_3_0,None,transfer,0,1676958817.0,,,1676958822.0,1676958822.0,1676958826.0,2999.0,1676958822.0,1676958832.0,,,0.0,1676958832.0,1676958837.0,5.0,,0.0,10.0,5.0,4.0,12704.0,,,poseidon,local,host-10-100-100-12.openstacklocal,pegasus::transfer,/home/poseidon/pegasus-5.1.0panorama/bin/pegasus-transfer,pegasus-kickstart  -n pegasus::transfer -N null -i - -R local  -L predict-future-sales -T 2023-02-17T19:59:06+00:00 pegasus-transfer  --threads 2,0.6,0,0,,,,,,,,,
stage_in_local_condorpool_8_0,None,transfer,0,1676958817.0,,,1676958822.0,1676958822.0,1676958826.0,663.0,1676958822.0,1676958832.0,,,0.0,1676958832.0,1676958837.0,5.0,,0.0,10.0,5.0,4.0,2368.0,,,poseidon,local,host-10-100-100-12.openstacklocal,pegasus::transfer,/home/poseidon/pegasus-5.1.0panorama/bin/pegasus-transfer,pegasus-kickstart  -n pegasus::transfer -N null -i - -R local  -L predict-future-sales -T 2023-02-17T19:59:06+00:00 pegasus-transfer  --threads 2,0.5,0,0,,,,,,,,,
stage_in_local_local_4_0,None,transfer,0,1676958817.0,,,1676958822.0,1676958822.0,1676958824.0,5892.0,1676958822.0,1676958832.0,,,0.0,1676958832.0,1676958837.0,5.0,,0.0,10.0,5.0,2.0,12577.0,,,poseidon,local,host-10-100-100-12.openstacklocal,pegasus::transfer,/home/poseidon/pegasus-5.1.0panorama/bin/pegasus-transfer,pegasus-kickstart  -n pegasus::transfer -N null -i - -R local  -L predict-future-sales -T 2023-02-17T19:59:06+00:00 pegasus-transfer  --threads 2,0.4,0,0,,,,,,,,,
stage_in_local_condorpool_2_0,None,transfer,0,1676958817.0,,,1676958822.0,1676958822.0,1676958828.0,9860.0,1676958822.0,1676958837.0,,,0.0,1676958837.0,1676958842.0,5.0,,0.0,15.0,5.0,6.0,55480.0,,,poseidon,local,host-10-100-100-12.openstacklocal,pegasus::transfer,/home/poseidon/pegasus-5.1.0panorama/bin/pegasus-transfer,pegasus-kickstart  -n pegasus::transfer -N null -i - -R local  -L predict-future-sales -T 2023-02-17T19:59:06+00:00 pegasus-transfer  --threads 2,1.0,0,0,,,,,,,,,
preprocess_ID0000003,None,compute,0,1676958847.0,,,1676958852.0,1676958819.0,1676958837.0,45534563.2,1676958858.0,1676958902.0,1676958849.0,1676958855.0,23389737.0,1676958902.0,1676958907.0,5.0,,6.0,44.0,5.0,18.0,467356066.0,6.0,160257914.0,poseidon,condorpool,poseidon-worker-2-container-0-7,preprocess,/srv/preprocess,,4.2,0,0,,,,,,,,,
nlp_ID0000002,None,compute,0,1676958847.0,,,1676958852.0,1676958819.0,1676958837.0,45031151.0,1676958858.0,1676959072.0,1676959017.0,1676959022.0,608180.0,1676959072.0,1676959077.0,5.0,,6.0,214.0,5.0,18.0,369033604.0,5.0,2755872.0,poseidon,condorpool,poseidon-worker-3-container-40-47,nlp,/srv/nlp,,1040.2,0,0,0.0,21376119.0,8791.0,2969.0,5.0,1017.9,2.8,125741.9,879.1
eda_ID0000001,None,compute,0,1676958847.0,,,1676958852.0,1676958819.0,1676958837.0,48236652.7,1676958858.0,1676958932.0,1676958877.0,1676958881.0,278588.0,1676958932.0,1676958937.0,5.0,,6.0,74.0,5.0,18.0,464177772.0,4.0,1196957.0,poseidon,condorpool,poseidon-worker-1-container-40-47,eda,/srv/eda,,33.8,0,0,0.1,144954861.0,850373.0,27583.0,40.0,28.1,1.8,4831828.7,28345.8
feature_eng_0_ID0000004,None,compute,0,1676958907.0,,,1676958912.0,1676958875.0,1676958892.0,39881695.5,1676958913.0,1676958957.0,1676958903.0,1676958907.0,204327.0,1676958957.0,1676958962.0,5.0,,1.0,44.0,5.0,17.0,369949088.0,4.0,893320.0,poseidon,condorpool,poseidon-worker-2-container-0-7,feature_eng_0,/srv/feature_eng_0,,4.9,0,0,,,,,,,,,
feature_eng_1_ID0000005,None,compute,0,1676958907.0,,,1676958912.0,1676958875.0,1676958896.0,39454775.0,1676958914.0,1676958977.0,1676958920.0,1676958930.0,38951359.0,1676958977.0,1676958982.0,5.0,,2.0,63.0,5.0,21.0,528250191.0,10.0,393324463.0,poseidon,condorpool,poseidon-worker-2-container-0-7,feature_eng_1,/srv/feature_eng_1,,15.9,0,0,0.0,169640275.0,8.0,1789.0,1.0,8.0,2.0,16964027.5,0.8
feature_eng_4_ID0000008,None,compute,0,1676958982.0,,,1676958987.0,1676958950.0,1676958972.0,52630872.8,1676958989.0,1676959107.0,1676959034.0,1676959057.0,54011293.0,1676959107.0,1676959112.0,5.0,,2.0,118.0,5.0,22.0,761328752.0,23.0,1201824259.0,poseidon,condorpool,poseidon-worker-2-container-0-7,feature_eng_4,/srv/feature_eng_4,,49.6,0,0,0.0,402764444.0,8.0,1448.0,1.0,27.6,12.4,10069111.1,0.8
feature_eng_3_ID0000007,None,compute,0,1676958982.0,,,1676958987.0,1676958951.0,1676958976.0,42635599.0,1676958989.0,1676959167.0,1676959097.0,1676959119.0,54056364.0,1676959167.0,1676959172.0,5.0,,2.0,178.0,5.0,25.0,762217561.0,22.0,1179971921.0,poseidon,condorpool,poseidon-worker-2-container-0-7,feature_eng_3,/srv/feature_eng_3,,108.2,0,0,0.0,403673333.0,8.0,1540.0,1.0,68.7,31.2,4036733.3,0.8
feature_eng_2_ID0000006,None,compute,0,1676958982.0,,,1676958987.0,1676958957.0,1676958979.0,51006407.1,1676958995.0,1676959357.0,1676959276.0,1676959307.0,57745407.0,1676959357.0,1676959362.0,5.0,,8.0,362.0,5.0,22.0,761320658.0,31.0,1748107178.0,poseidon,condorpool,poseidon-worker-2-container-0-7,feature_eng_2,/srv/feature_eng_2,,282.3,0,0,0.0,402846179.0,8.0,1810.0,1.0,214.5,65.5,1438736.4,0.8
feature_eng_5_ID0000009,None,compute,0,1676958982.0,,,1676958987.0,1676958950.0,1676958974.0,59781956.4,1676958989.0,1676959267.0,1676959203.0,1676959217.0,46808153.0,1676959267.0,1676959272.0,5.0,,2.0,278.0,5.0,24.0,856820455.0,14.0,655540227.0,poseidon,condorpool,poseidon-worker-1-container-40-47,feature_eng_5,/srv/feature_eng_5,,219.1,0,0,0.0,498262309.0,8.0,1948.0,1.0,192.2,17.7,2372677.7,0.8
stage_out_local_condorpool_1_0,None,transfer,0,1676958982.0,,,1676958987.0,,,0.0,1676958987.0,1676958997.0,1676958988.0,1676958992.0,91843619.0,1676958997.0,1676959002.0,5.0,,0.0,10.0,5.0,,,4.0,394217783.0,poseidon,local,host-10-100-100-12.openstacklocal,pegasus::transfer,/home/poseidon/pegasus-5.1.0panorama/bin/pegasus-transfer,pegasus-kickstart  -n pegasus::transfer -N null -i - -R local  -L predict-future-sales -T 2023-02-17T19:59:06+00:00 pegasus-transfer  --threads 2,2.2,0,0,,,,,,,,,
register_condorpool_1_0,None,auxiliary,0,1676959002.0,,,1676959007.0,,,0.0,1676959007.0,1676959012.0,,,0.0,1676959012.0,1676959017.0,5.0,,0.0,5.0,5.0,,,,,poseidon,local,host-10-100-100-12.openstacklocal,pegasus::rc-client,/home/poseidon/pegasus-5.1.0panorama/bin/pegasus-rc-client,"pegasus-kickstart  -n pegasus::rc-client -N null -R local  -L predict-future-sales -T 2023-02-17T19:59:06+00:00 /home/poseidon/pegasus-5.1.0panorama/bin/pegasus-rc-client --prefix pegasus.catalog.replica.output --conf /home/poseidon/workflows/predict-future-sales-workflow/submit/poseidon/pegasus/predict-future-sales/run0049/pegasus.8890239453306641937.properties -v --meta /home/poseidon/workflows/predict-future-sales-workflow/submit/poseidon/pegasus/predict-future-sales/run0049/00/00/feature_eng_1_ID0000005.meta,/home/poseidon/workflows/predict-future-sales-workflow/submit/poseidon/pegasus/predict-future-sales/run0049/00/00/feature_eng_0_ID0000004.meta --insert /home/poseidon/workflows/predict-future-sales-workflow/submit/poseidon/pegasus/predict-future-sales/run0049/00/00/register_condorpool_1_0.in",3.0,0,0,,,,,,,,,
stage_out_local_condorpool_0_0,None,transfer,0,1676959077.0,,,1676959082.0,,,0.0,1676959082.0,1676959092.0,1676959082.0,1676959087.0,40753161.0,1676959092.0,1676959097.0,5.0,,0.0,10.0,5.0,,,5.0,164210743.0,poseidon,local,host-10-100-100-12.openstacklocal,pegasus::transfer,/home/poseidon/pegasus-5.1.0panorama/bin/pegasus-transfer,pegasus-kickstart  -n pegasus::transfer -N null -i - -R local  -L predict-future-sales -T 2023-02-17T19:59:06+00:00 pegasus-transfer  --threads 2,2.0,0,0,,,,,,,,,
register_condorpool_0_0,None,auxiliary,0,1676959097.0,,,1676959102.0,,,0.0,1676959102.0,1676959107.0,,,0.0,1676959107.0,1676959112.0,5.0,,0.0,5.0,5.0,,,,,poseidon,local,host-10-100-100-12.openstacklocal,pegasus::rc-client,/home/poseidon/pegasus-5.1.0panorama/bin/pegasus-rc-client,"pegasus-kickstart  -n pegasus::rc-client -N null -R local  -L predict-future-sales -T 2023-02-17T19:59:06+00:00 /home/poseidon/pegasus-5.1.0panorama/bin/pegasus-rc-client --prefix pegasus.catalog.replica.output --conf /home/poseidon/workflows/predict-future-sales-workflow/submit/poseidon/pegasus/predict-future-sales/run0049/pegasus.8890239453306641937.properties -v --meta /home/poseidon/workflows/predict-future-sales-workflow/submit/poseidon/pegasus/predict-future-sales/run0049/00/00/nlp_ID0000002.meta,/home/poseidon/workflows/predict-future-sales-workflow/submit/poseidon/pegasus/predict-future-sales/run0049/00/00/eda_ID0000001.meta,/home/poseidon/workflows/predict-future-sales-workflow/submit/poseidon/pegasus/predict-future-sales/run0049/00/00/preprocess_ID0000003.meta --insert /home/poseidon/workflows/predict-future-sales-workflow/submit/poseidon/pegasus/predict-future-sales/run0049/00/00/register_condorpool_0_0.in",3.1,0,0,,,,,,,,,
stage_out_local_condorpool_2_0,None,transfer,0,1676959362.0,,,1676959367.0,,,0.0,1676959368.0,1676959392.0,1676959368.0,1676959387.0,251647885.0,1676959392.0,1676959397.0,5.0,,1.0,24.0,5.0,,,19.0,4785443585.0,poseidon,local,host-10-100-100-12.openstacklocal,pegasus::transfer,/home/poseidon/pegasus-5.1.0panorama/bin/pegasus-transfer,pegasus-kickstart  -n pegasus::transfer -N null -i - -R local  -L predict-future-sales -T 2023-02-17T19:59:06+00:00 pegasus-transfer  --threads 2,20.8,0,0,,,,,,,,,
feature_merge_ID0000010,None,compute,0,1676959362.0,,,1676959367.0,1676959330.0,1676959399.0,85547884.6,1676959369.0,1676959587.0,1676959490.0,1676959539.0,60820868.0,1676959587.0,1676959592.0,5.0,,2.0,218.0,5.0,69.0,5155397110.0,49.0,2993643458.0,poseidon,condorpool,poseidon-worker-2-container-0-7,feature_merge,/srv/feature_merge,,60.8,0,0,0.0,4796861558.0,2064960888.0,1454.0,82.0,38.4,21.6,79947692.6,103248044.4
register_condorpool_2_0,None,auxiliary,0,1676959397.0,,,1676959402.0,,,0.0,1676959402.0,1676959407.0,,,0.0,1676959407.0,1676959412.0,5.0,,0.0,5.0,5.0,,,,,poseidon,local,host-10-100-100-12.openstacklocal,pegasus::rc-client,/home/poseidon/pegasus-5.1.0panorama/bin/pegasus-rc-client,"pegasus-kickstart  -n pegasus::rc-client -N null -R local  -L predict-future-sales -T 2023-02-17T19:59:06+00:00 /home/poseidon/pegasus-5.1.0panorama/bin/pegasus-rc-client --prefix pegasus.catalog.replica.output --conf /home/poseidon/workflows/predict-future-sales-workflow/submit/poseidon/pegasus/predict-future-sales/run0049/pegasus.8890239453306641937.properties -v --meta /home/poseidon/workflows/predict-future-sales-workflow/submit/poseidon/pegasus/predict-future-sales/run0049/00/00/feature_eng_5_ID0000009.meta,/home/poseidon/workflows/predict-future-sales-workflow/submit/poseidon/pegasus/predict-future-sales/run0049/00/00/feature_eng_2_ID0000006.meta,/home/poseidon/workflows/predict-future-sales-workflow/submit/poseidon/pegasus/predict-future-sales/run0049/00/00/feature_eng_3_ID0000007.meta,/home/poseidon/workflows/predict-future-sales-workflow/submit/poseidon/pegasus/predict-future-sales/run0049/00/00/feature_eng_4_ID0000008.meta --insert /home/poseidon/workflows/predict-future-sales-workflow/submit/poseidon/pegasus/predict-future-sales/run0049/00/00/register_condorpool_2_0.in",2.9,0,0,,,,,,,,,
stage_inter_local_xgboost_model_ID0000021_0,None,transfer,0,1676959592.0,,,1676959597.0,1676959598.0,1676959636.0,70228494.0,1676959598.0,1676959644.0,,,0.0,1676959644.0,1676959649.0,5.0,,1.0,46.0,5.0,38.0,2646308508.0,,,poseidon,local,host-10-100-100-12.openstacklocal,pegasus::transfer,/home/poseidon/pegasus-5.1.0panorama/bin/pegasus-transfer,pegasus-kickstart  -n pegasus::transfer -N null -i - -R local  -L predict-future-sales -T 2023-02-17T19:59:06+00:00 pegasus-transfer  --threads 2,9.5,0,0,,,,,,,,,
stage_inter_local_xgboost_hp_tuning_workflow_ID0000015_0,None,transfer,0,1676959592.0,,,1676959597.0,1676959598.0,1676959600.0,403.0,1676959597.0,1676959607.0,,,0.0,1676959607.0,1676959612.0,5.0,,0.0,10.0,5.0,2.0,826.0,,,poseidon,local,host-10-100-100-12.openstacklocal,pegasus::transfer,/home/poseidon/pegasus-5.1.0panorama/bin/pegasus-transfer,pegasus-kickstart  -n pegasus::transfer -N null -i - -R local  -L predict-future-sales -T 2023-02-17T19:59:06+00:00 pegasus-transfer  --threads 2,0.3,0,0,,,,,,,,,
stage_inter_local_model_predict_ID0000022_0,None,transfer,0,1676959592.0,,,1676959597.0,1676959598.0,1676959601.0,14651253.0,1676959597.0,1676959607.0,,,0.0,1676959607.0,1676959612.0,5.0,,0.0,10.0,5.0,3.0,54050130.0,,,poseidon,local,host-10-100-100-12.openstacklocal,pegasus::transfer,/home/poseidon/pegasus-5.1.0panorama/bin/pegasus-transfer,pegasus-kickstart  -n pegasus::transfer -N null -i - -R local  -L predict-future-sales -T 2023-02-17T19:59:06+00:00 pegasus-transfer  --threads 2,0.5,0,0,,,,,,,,,
stage_out_local_condorpool_3_0,None,transfer,0,1676959592.0,,,1676959597.0,,,0.0,1676959597.0,1676959627.0,1676959598.0,1676959621.0,128304379.0,1676959627.0,1676959633.0,5.0,,0.0,30.0,6.0,,,23.0,2993643458.0,poseidon,local,host-10-100-100-12.openstacklocal,pegasus::transfer,/home/poseidon/pegasus-5.1.0panorama/bin/pegasus-transfer,pegasus-kickstart  -n pegasus::transfer -N null -i - -R local  -L predict-future-sales -T 2023-02-17T19:59:06+00:00 pegasus-transfer  --threads 2,14.5,0,0,,,,,,,,,
stage_inter_local_xgboost_model_ID0000013_0,None,transfer,0,1676959592.0,,,1676959597.0,1676959598.0,1676959605.0,36042845.0,1676959597.0,1676959612.0,,,0.0,1676959612.0,1676959617.0,5.0,,0.0,15.0,5.0,7.0,269346726.0,,,poseidon,local,host-10-100-100-12.openstacklocal,pegasus::transfer,/home/poseidon/pegasus-5.1.0panorama/bin/pegasus-transfer,pegasus-kickstart  -n pegasus::transfer -N null -i - -R local  -L predict-future-sales -T 2023-02-17T19:59:06+00:00 pegasus-transfer  --threads 2,1.4,0,0,,,,,,,,,
stage_inter_local_model_predict_ID0000014_0,None,transfer,0,1676959592.0,,,1676959597.0,1676959598.0,1676959601.0,1267704.0,1676959597.0,1676959607.0,,,0.0,1676959607.0,1676959612.0,5.0,,0.0,10.0,5.0,3.0,4411696.0,,,poseidon,local,host-10-100-100-12.openstacklocal,pegasus::transfer,/home/poseidon/pegasus-5.1.0panorama/bin/pegasus-transfer,pegasus-kickstart  -n pegasus::transfer -N null -i - -R local  -L predict-future-sales -T 2023-02-17T19:59:06+00:00 pegasus-transfer  --threads 2,0.4,0,0,,,,,,,,,
xgboost_hp_tuning_workflow_ID0000015,None,compute,0,1676959612.0,,,1676959617.0,,,0.0,1676959618.0,1676959633.0,,,0.0,1676959633.0,1676959639.0,5.0,,1.0,15.0,6.0,,,,,poseidon,local,poseidon-submit.novalocal,xgboost_hp_tuning_workflow,/var/spool/condor/local_univ_execute/dir_579704/xgboost_hp_tuning_workflow,/home/poseidon/workflows/predict-future-sales-workflow/submit/poseidon/pegasus/predict-future-sales/run0049/00/00/xgboost_hp_tuning_workflow_ID0000015.sh,0.1,0,0,,,,,,,,,
xgboost_hp_tuning_workflow_ID0000011,None,compute,0,1676959612.0,,,1676959617.0,,,0.0,1676959618.0,1676959633.0,,,0.0,1676959633.0,1676959639.0,5.0,,1.0,15.0,6.0,,,,,poseidon,local,poseidon-submit.novalocal,xgboost_hp_tuning_workflow,/var/spool/condor/local_univ_execute/dir_579706/xgboost_hp_tuning_workflow,/home/poseidon/workflows/predict-future-sales-workflow/submit/poseidon/pegasus/predict-future-sales/run0049/00/00/xgboost_hp_tuning_workflow_ID0000011.sh,0.1,0,0,,,,,,,,,
xgboost_hp_tuning_workflow_ID0000019,None,compute,0,1676959612.0,,,1676959617.0,,,0.0,1676959618.0,1676959639.0,,,0.0,1676959639.0,1676959644.0,5.0,,1.0,21.0,5.0,,,,,poseidon,local,poseidon-submit.novalocal,xgboost_hp_tuning_workflow,/var/spool/condor/local_univ_execute/dir_579707/xgboost_hp_tuning_workflow,/home/poseidon/workflows/predict-future-sales-workflow/submit/poseidon/pegasus/predict-future-sales/run0049/00/00/xgboost_hp_tuning_workflow_ID0000019.sh,0.1,0,0,,,,,,,,,
register_condorpool_3_0,None,auxiliary,0,1676959633.0,,,1676959639.0,,,0.0,1676959639.0,1676959644.0,,,0.0,1676959644.0,1676959649.0,6.0,,0.0,5.0,5.0,,,,,poseidon,local,host-10-100-100-12.openstacklocal,pegasus::rc-client,/home/poseidon/pegasus-5.1.0panorama/bin/pegasus-rc-client,pegasus-kickstart  -n pegasus::rc-client -N null -R local  -L predict-future-sales -T 2023-02-17T19:59:06+00:00 /home/poseidon/pegasus-5.1.0panorama/bin/pegasus-rc-client --prefix pegasus.catalog.replica.output --conf /home/poseidon/workflows/predict-future-sales-workflow/submit/poseidon/pegasus/predict-future-sales/run0049/pegasus.8890239453306641937.properties -v --meta /home/poseidon/workflows/predict-future-sales-workflow/submit/poseidon/pegasus/predict-future-sales/run0049/00/00/feature_merge_ID0000010.meta --insert /home/poseidon/workflows/predict-future-sales-workflow/submit/poseidon/pegasus/predict-future-sales/run0049/00/00/register_condorpool_3_0.in,3.1,0,0,,,,,,,,,
pegasus-plan_ID0000016,None,subwf,0,1676959639.0,1676959639.0,1676959644.0,1676959649.0,,,0.0,1676959649.0,1676959940.0,,,0.0,,,0.0,5.0,0.0,291.0,,,,,,poseidon,local,poseidon-submit,condor::dagman,/usr/bin/condor_dagman,-p 0  -f -l . -Notification never -Debug 3 -Lockfile xgboost_hp_tuning_group_1.dag.lock -Dag xgboost_hp_tuning_group_1.dag -AllowVersionMismatch  -AutoRescue 1 -DoRescueFrom 0,0.0,0,0,,,,,,,,,
pegasus-plan_ID0000012,None,subwf,0,1676959639.0,1676959639.0,1676959644.0,1676959649.0,,,0.0,1676959649.0,1676959970.0,,,0.0,,,0.0,5.0,0.0,321.0,,,,,,poseidon,local,poseidon-submit,condor::dagman,/usr/bin/condor_dagman,-p 0  -f -l . -Notification never -Debug 3 -Lockfile xgboost_hp_tuning_group_0.dag.lock -Dag xgboost_hp_tuning_group_0.dag -AllowVersionMismatch  -AutoRescue 1 -DoRescueFrom 0,0.0,0,0,,,,,,,,,
stage_out_local_local_4_0,None,transfer,0,1676959644.0,,,1676959649.0,,,0.0,1676959649.0,1676959659.0,1676959649.0,1676959653.0,21101.0,1676959659.0,1676959664.0,5.0,,0.0,10.0,5.0,,,4.0,85038.0,poseidon,local,host-10-100-100-12.openstacklocal,pegasus::transfer,/home/poseidon/pegasus-5.1.0panorama/bin/pegasus-transfer,pegasus-kickstart  -n pegasus::transfer -N null -i - -R local  -L predict-future-sales -T 2023-02-17T19:59:06+00:00 pegasus-transfer  --threads 2,0.5,0,0,,,,,,,,,
pegasus-plan_ID0000020,None,subwf,0,1676959644.0,1676959644.0,1676959649.0,1676959654.0,,,0.0,1676959658.0,1676960760.0,,,0.0,,,0.0,5.0,4.0,1102.0,,,,,,poseidon,local,poseidon-submit,condor::dagman,/usr/bin/condor_dagman,-p 0  -f -l . -Notification never -Debug 3 -Lockfile xgboost_hp_tuning_group_2.dag.lock -Dag xgboost_hp_tuning_group_2.dag -AllowVersionMismatch  -AutoRescue 1 -DoRescueFrom 0,0.0,0,0,,,,,,,,,
create_dir_predict-future-sales-hp-tuning_0_condorpool_pegasus-plan_ID0000012,None,auxiliary,0,1676959649.0,,,1676959650.0,,,0.0,1676959654.0,1676959660.0,,,0.0,1676959660.0,1676959665.0,1.0,,4.0,6.0,5.0,,,,,poseidon,local,host-10-100-100-12.openstacklocal,pegasus::dirmanager,/home/poseidon/pegasus-5.1.0panorama/bin/pegasus-transfer,pegasus-kickstart  -n pegasus::dirmanager -N null -i - -R local  -L xgboost_hp_tuning_group_0 -T 2023-02-21T06:07:21+00:00 pegasus-transfer,0.3,0,0,,,,,,,,,
create_dir_predict-future-sales-hp-tuning_0_condorpool_pegasus-plan_ID0000016,None,auxiliary,0,1676959649.0,,,1676959650.0,,,0.0,1676959654.0,1676959660.0,,,0.0,1676959660.0,1676959665.0,1.0,,4.0,6.0,5.0,,,,,poseidon,local,host-10-100-100-12.openstacklocal,pegasus::dirmanager,/home/poseidon/pegasus-5.1.0panorama/bin/pegasus-transfer,pegasus-kickstart  -n pegasus::dirmanager -N null -i - -R local  -L xgboost_hp_tuning_group_1 -T 2023-02-21T06:07:21+00:00 pegasus-transfer,0.3,0,0,,,,,,,,,
create_dir_predict-future-sales-hp-tuning_0_condorpool_pegasus-plan_ID0000020,None,auxiliary,0,1676959658.0,,,1676959659.0,,,0.0,1676959659.0,1676959669.0,,,0.0,1676959669.0,1676959674.0,1.0,,0.0,10.0,5.0,,,,,poseidon,local,host-10-100-100-12.openstacklocal,pegasus::dirmanager,/home/poseidon/pegasus-5.1.0panorama/bin/pegasus-transfer,pegasus-kickstart  -n pegasus::dirmanager -N null -i - -R local  -L xgboost_hp_tuning_group_2 -T 2023-02-21T06:07:26+00:00 pegasus-transfer,0.3,0,0,,,,,,,,,
register_local_4_0,None,auxiliary,0,1676959664.0,,,1676959669.0,,,0.0,1676959669.0,1676959674.0,,,0.0,1676959674.0,1676959679.0,5.0,,0.0,5.0,5.0,,,,,poseidon,local,host-10-100-100-12.openstacklocal,pegasus::rc-client,/home/poseidon/pegasus-5.1.0panorama/bin/pegasus-rc-client,"pegasus-kickstart  -n pegasus::rc-client -N null -R local  -L predict-future-sales -T 2023-02-17T19:59:06+00:00 /home/poseidon/pegasus-5.1.0panorama/bin/pegasus-rc-client --prefix pegasus.catalog.replica.output --conf /home/poseidon/workflows/predict-future-sales-workflow/submit/poseidon/pegasus/predict-future-sales/run0049/pegasus.8890239453306641937.properties -v --meta /home/poseidon/workflows/predict-future-sales-workflow/submit/poseidon/pegasus/predict-future-sales/run0049/00/00/xgboost_hp_tuning_workflow_ID0000011.meta,/home/poseidon/workflows/predict-future-sales-workflow/submit/poseidon/pegasus/predict-future-sales/run0049/00/00/xgboost_hp_tuning_workflow_ID0000019.meta,/home/poseidon/workflows/predict-future-sales-workflow/submit/poseidon/pegasus/predict-future-sales/run0049/00/00/xgboost_hp_tuning_workflow_ID0000015.meta --insert /home/poseidon/workflows/predict-future-sales-workflow/submit/poseidon/pegasus/predict-future-sales/run0049/00/00/register_local_4_0.in",2.8,0,0,,,,,,,,,
stage_in_local_condorpool_0_2_pegasus-plan_ID0000012,None,transfer,0,1676959665.0,,,1676959670.0,1676959671.0,1676959679.0,93611559.0,1676959671.0,1676959685.0,,,0.0,1676959685.0,1676959690.0,5.0,,1.0,14.0,5.0,8.0,735985664.0,,,poseidon,local,host-10-100-100-12.openstacklocal,pegasus::transfer,/home/poseidon/pegasus-5.1.0panorama/bin/pegasus-transfer,-n pegasus::transfer -N null -i - -R local  -L xgboost_hp_tuning_group_0 -T 2023-02-21T06:07:21+00:00 /home/poseidon/pegasus-5.1.0panorama/bin/../bin/pegasus-transfer  --threads 2,3.8,0,0,,,,,,,,,
stage_in_local_condorpool_0_0_pegasus-plan_ID0000016,None,transfer,0,1676959665.0,,,1676959670.0,1676959671.0,1676959676.0,2749.0,1676959671.0,1676959685.0,,,0.0,1676959685.0,1676959690.0,5.0,,1.0,14.0,5.0,5.0,12142.0,,,poseidon,local,host-10-100-100-12.openstacklocal,pegasus::transfer,/home/poseidon/pegasus-5.1.0panorama/bin/pegasus-transfer,-n pegasus::transfer -N null -i - -R local  -L xgboost_hp_tuning_group_1 -T 2023-02-21T06:07:21+00:00 /home/poseidon/pegasus-5.1.0panorama/bin/../bin/pegasus-transfer  --threads 2,0.6,0,0,,,,,,,,,
stage_in_local_condorpool_1_0_pegasus-plan_ID0000016,None,transfer,0,1676959665.0,,,1676959670.0,1676959671.0,1676959675.0,818.0,1676959671.0,1676959680.0,,,0.0,1676959680.0,1676959685.0,5.0,,1.0,9.0,5.0,4.0,2874.0,,,poseidon,local,host-10-100-100-12.openstacklocal,pegasus::transfer,/home/poseidon/pegasus-5.1.0panorama/bin/pegasus-transfer,-n pegasus::transfer -N null -i - -R local  -L xgboost_hp_tuning_group_1 -T 2023-02-21T06:07:21+00:00 /home/poseidon/pegasus-5.1.0panorama/bin/../bin/pegasus-transfer  --threads 2,0.5,0,0,,,,,,,,,
stage_in_local_condorpool_0_1_pegasus-plan_ID0000016,None,transfer,0,1676959665.0,,,1676959670.0,1676959671.0,1676959675.0,5045908.0,1676959671.0,1676959680.0,,,0.0,1676959680.0,1676959685.0,5.0,,1.0,9.0,5.0,4.0,19294600.0,,,poseidon,local,host-10-100-100-12.openstacklocal,pegasus::transfer,/home/poseidon/pegasus-5.1.0panorama/bin/pegasus-transfer,-n pegasus::transfer -N null -i - -R local  -L xgboost_hp_tuning_group_1 -T 2023-02-21T06:07:21+00:00 /home/poseidon/pegasus-5.1.0panorama/bin/../bin/pegasus-transfer  --threads 2,0.6,0,0,,,,,,,,,
stage_in_local_condorpool_0_2_pegasus-plan_ID0000016,None,transfer,0,1676959665.0,,,1676959670.0,1676959671.0,1676959679.0,92471616.0,1676959671.0,1676959685.0,,,0.0,1676959685.0,1676959690.0,5.0,,1.0,14.0,5.0,8.0,735985664.0,,,poseidon,local,host-10-100-100-12.openstacklocal,pegasus::transfer,/home/poseidon/pegasus-5.1.0panorama/bin/pegasus-transfer,-n pegasus::transfer -N null -i - -R local  -L xgboost_hp_tuning_group_1 -T 2023-02-21T06:07:21+00:00 /home/poseidon/pegasus-5.1.0panorama/bin/../bin/pegasus-transfer  --threads 2,3.8,0,0,,,,,,,,,
stage_in_local_condorpool_0_1_pegasus-plan_ID0000012,None,transfer,0,1676959665.0,,,1676959670.0,1676959671.0,1676959676.0,52111070.0,1676959671.0,1676959685.0,,,0.0,1676959685.0,1676959690.0,5.0,,1.0,14.0,5.0,5.0,269346726.0,,,poseidon,local,host-10-100-100-12.openstacklocal,pegasus::transfer,/home/poseidon/pegasus-5.1.0panorama/bin/pegasus-transfer,-n pegasus::transfer -N null -i - -R local  -L xgboost_hp_tuning_group_0 -T 2023-02-21T06:07:21+00:00 /home/poseidon/pegasus-5.1.0panorama/bin/../bin/pegasus-transfer  --threads 2,1.7,0,0,,,,,,,,,
stage_in_local_condorpool_0_0_pegasus-plan_ID0000012,None,transfer,0,1676959665.0,,,1676959670.0,1676959671.0,1676959675.0,2816.0,1676959671.0,1676959685.0,,,0.0,1676959685.0,1676959690.0,5.0,,1.0,14.0,5.0,4.0,12142.0,,,poseidon,local,host-10-100-100-12.openstacklocal,pegasus::transfer,/home/poseidon/pegasus-5.1.0panorama/bin/pegasus-transfer,-n pegasus::transfer -N null -i - -R local  -L xgboost_hp_tuning_group_0 -T 2023-02-21T06:07:21+00:00 /home/poseidon/pegasus-5.1.0panorama/bin/../bin/pegasus-transfer  --threads 2,0.6,0,0,,,,,,,,,
stage_in_local_condorpool_1_0_pegasus-plan_ID0000012,None,transfer,0,1676959665.0,,,1676959670.0,1676959671.0,1676959675.0,807.0,1676959671.0,1676959680.0,,,0.0,1676959680.0,1676959685.0,5.0,,1.0,9.0,5.0,4.0,2874.0,,,poseidon,local,host-10-100-100-12.openstacklocal,pegasus::transfer,/home/poseidon/pegasus-5.1.0panorama/bin/pegasus-transfer,-n pegasus::transfer -N null -i - -R local  -L xgboost_hp_tuning_group_0 -T 2023-02-21T06:07:21+00:00 /home/poseidon/pegasus-5.1.0panorama/bin/../bin/pegasus-transfer  --threads 2,0.5,0,0,,,,,,,,,
stage_in_local_condorpool_0_2_pegasus-plan_ID0000020,None,transfer,0,1676959674.0,,,1676959679.0,1676959680.0,1676959688.0,98475602.0,1676959680.0,1676959694.0,,,0.0,1676959694.0,1676959699.0,5.0,,1.0,14.0,5.0,8.0,735985664.0,,,poseidon,local,host-10-100-100-12.openstacklocal,pegasus::transfer,/home/poseidon/pegasus-5.1.0panorama/bin/pegasus-transfer,-n pegasus::transfer -N null -i - -R local  -L xgboost_hp_tuning_group_2 -T 2023-02-21T06:07:26+00:00 /home/poseidon/pegasus-5.1.0panorama/bin/../bin/pegasus-transfer  --threads 2,3.7,0,0,,,,,,,,,
stage_in_local_condorpool_0_0_pegasus-plan_ID0000020,None,transfer,0,1676959674.0,,,1676959679.0,1676959680.0,1676959684.0,2896.0,1676959680.0,1676959694.0,,,0.0,1676959694.0,1676959699.0,5.0,,1.0,14.0,5.0,4.0,12142.0,,,poseidon,local,host-10-100-100-12.openstacklocal,pegasus::transfer,/home/poseidon/pegasus-5.1.0panorama/bin/pegasus-transfer,-n pegasus::transfer -N null -i - -R local  -L xgboost_hp_tuning_group_2 -T 2023-02-21T06:07:26+00:00 /home/poseidon/pegasus-5.1.0panorama/bin/../bin/pegasus-transfer  --threads 2,0.6,0,0,,,,,,,,,
stage_in_local_condorpool_1_0_pegasus-plan_ID0000020,None,transfer,0,1676959674.0,,,1676959679.0,1676959680.0,1676959684.0,827.0,1676959680.0,1676959689.0,,,0.0,1676959689.0,1676959694.0,5.0,,1.0,9.0,5.0,4.0,2874.0,,,poseidon,local,host-10-100-100-12.openstacklocal,pegasus::transfer,/home/poseidon/pegasus-5.1.0panorama/bin/pegasus-transfer,-n pegasus::transfer -N null -i - -R local  -L xgboost_hp_tuning_group_2 -T 2023-02-21T06:07:26+00:00 /home/poseidon/pegasus-5.1.0panorama/bin/../bin/pegasus-transfer  --threads 2,0.5,0,0,,,,,,,,,
stage_in_local_condorpool_0_1_pegasus-plan_ID0000020,None,transfer,0,1676959674.0,,,1676959679.0,1676959680.0,1676959695.0,177988769.0,1676959680.0,1676959704.0,,,0.0,1676959704.0,1676959709.0,5.0,,1.0,24.0,5.0,15.0,2646308508.0,,,poseidon,local,host-10-100-100-12.openstacklocal,pegasus::transfer,/home/poseidon/pegasus-5.1.0panorama/bin/pegasus-transfer,-n pegasus::transfer -N null -i - -R local  -L xgboost_hp_tuning_group_2 -T 2023-02-21T06:07:26+00:00 /home/poseidon/pegasus-5.1.0panorama/bin/../bin/pegasus-transfer  --threads 2,11.2,0,0,,,,,,,,,
xgboost_hp_tuning_ID0000023_pegasus-plan_ID0000016,None,compute,0,1676959690.0,,,1676959695.0,1676959759.0,1676959775.0,45669265.8,1676959798.0,1676959840.0,1676959785.0,1676959789.0,260.0,1676959840.0,1676959845.0,5.0,,103.0,42.0,5.0,16.0,377646203.0,4.0,1092.0,poseidon,condorpool,poseidon-worker-2-container-32-39,xgboost_hp_tuning,/srv/xgboost_hp_tuning,,17.0,0,0,,,,,,,,,
xgboost_hp_tuning_ID0000012_pegasus-plan_ID0000016,None,compute,0,1676959690.0,,,1676959695.0,1676959758.0,1676959773.0,45150826.2,1676959796.0,1676959835.0,1676959783.0,1676959787.0,250.0,1676959835.0,1676959840.0,5.0,,101.0,39.0,5.0,15.0,377646203.0,4.0,1047.0,poseidon,condorpool,poseidon-worker-2-container-16-23,xgboost_hp_tuning,/srv/xgboost_hp_tuning,,14.0,0,0,,,,,,,,,
xgboost_hp_tuning_ID0000001_pegasus-plan_ID0000016,None,compute,0,1676959690.0,,,1676959695.0,1676959743.0,1676959759.0,45855333.5,1676959782.0,1676959820.0,1676959769.0,1676959773.0,259.0,1676959820.0,1676959825.0,5.0,,87.0,38.0,5.0,16.0,377646203.0,4.0,1062.0,poseidon,condorpool,poseidon-worker-3-container-0-7,xgboost_hp_tuning,/srv/xgboost_hp_tuning,,16.4,0,0,,,,,,,,,
xgboost_hp_tuning_ID0000004_pegasus-plan_ID0000012,None,compute,0,1676959690.0,,,1676959695.0,1676959720.0,1676959737.0,51516093.7,1676959759.0,1676959815.0,1676959764.0,1676959768.0,260.0,1676959815.0,1676959820.0,5.0,,64.0,56.0,5.0,17.0,502672266.0,4.0,1061.0,poseidon,condorpool,poseidon-worker-3-container-16-23,xgboost_hp_tuning,/srv/xgboost_hp_tuning,,114.3,0,0,0.0,157970665.0,40.0,3319.0,2.0,102.9,3.8,7898533.2,4.0
xgboost_hp_tuning_ID0000016_pegasus-plan_ID0000012,None,compute,0,1676959690.0,,,1676959695.0,1676959718.0,1676959735.0,51143585.7,1676959757.0,1676959815.0,1676959760.0,1676959765.0,251.0,1676959815.0,1676959820.0,5.0,,62.0,58.0,5.0,17.0,502672266.0,5.0,1054.0,poseidon,condorpool,poseidon-worker-2-container-24-31,xgboost_hp_tuning,/srv/xgboost_hp_tuning,,98.2,0,0,0.0,157967901.0,40.0,3305.0,2.0,44.1,2.7,15796790.1,4.0
xgboost_hp_tuning_ID0000005_pegasus-plan_ID0000012,None,compute,0,1676959690.0,,,1676959695.0,1676959704.0,1676959721.0,51280030.3,1676959742.0,1676959800.0,1676959749.0,1676959753.0,259.0,1676959800.0,1676959805.0,5.0,,47.0,58.0,5.0,17.0,502672266.0,4.0,1076.0,poseidon,condorpool,poseidon-worker-1-container-32-39,xgboost_hp_tuning,/srv/xgboost_hp_tuning,,125.1,0,0,0.0,157972538.0,40.0,3321.0,2.0,106.5,3.8,7898626.9,4.0
xgboost_hp_tuning_ID0000015_pegasus-plan_ID0000012,None,compute,0,1676959690.0,,,1676959695.0,1676959726.0,1676959743.0,51321441.0,1676959764.0,1676959825.0,1676959771.0,1676959775.0,256.0,1676959825.0,1676959830.0,5.0,,69.0,61.0,5.0,17.0,502672266.0,4.0,1056.0,poseidon,condorpool,poseidon-worker-1-container-0-7,xgboost_hp_tuning,/srv/xgboost_hp_tuning,,107.4,0,0,0.0,157972467.0,40.0,3321.0,2.0,99.9,3.6,7898623.4,4.0
xgboost_hp_tuning_ID0000017_pegasus-plan_ID0000012,None,compute,0,1676959690.0,,,1676959695.0,1676959704.0,1676959721.0,51160467.7,1676959742.0,1676959800.0,1676959745.0,1676959749.0,253.0,1676959800.0,1676959805.0,5.0,,47.0,58.0,5.0,17.0,502672266.0,4.0,1055.0,poseidon,condorpool,poseidon-worker-2-container-8-15,xgboost_hp_tuning,/srv/xgboost_hp_tuning,,90.5,0,0,0.0,157967866.0,40.0,3305.0,2.0,42.2,2.7,15796786.6,4.0
xgboost_hp_tuning_ID0000010_pegasus-plan_ID0000016,None,compute,0,1676959690.0,,,1676959695.0,1676959665.0,1676959681.0,45729923.8,1676959704.0,1676959745.0,1676959690.0,1676959695.0,248.0,1676959745.0,1676959750.0,5.0,,9.0,41.0,5.0,16.0,377646203.0,5.0,1049.0,poseidon,condorpool,poseidon-worker-1-container-16-23,xgboost_hp_tuning,/srv/xgboost_hp_tuning,,15.2,0,0,,,,,,,,,
xgboost_hp_tuning_ID0000018_pegasus-plan_ID0000012,None,compute,0,1676959690.0,,,1676959695.0,1676959703.0,1676959720.0,51260184.0,1676959742.0,1676959800.0,1676959748.0,1676959752.0,255.0,1676959800.0,1676959805.0,5.0,,47.0,58.0,5.0,17.0,502672266.0,4.0,1053.0,poseidon,condorpool,poseidon-worker-1-container-16-23,xgboost_hp_tuning,/srv/xgboost_hp_tuning,,110.2,0,0,0.1,157972540.0,40.0,3321.0,2.0,102.6,4.0,7898627.0,4.0
xgboost_hp_tuning_ID0000007_pegasus-plan_ID0000012,None,compute,0,1676959690.0,,,1676959695.0,1676959703.0,1676959720.0,51567816.0,1676959742.0,1676959805.0,1676959753.0,1676959757.0,258.0,1676959805.0,1676959810.0,5.0,,47.0,63.0,5.0,17.0,502672266.0,4.0,1064.0,poseidon,condorpool,poseidon-worker-3-container-24-31,xgboost_hp_tuning,/srv/xgboost_hp_tuning,,154.1,0,0,0.0,157970665.0,40.0,3319.0,2.0,106.8,3.4,7898533.2,4.0
xgboost_hp_tuning_ID0000019_pegasus-plan_ID0000012,None,compute,0,1676959690.0,,,1676959695.0,1676959665.0,1676959682.0,50763469.7,1676959704.0,1676959760.0,1676959705.0,1676959709.0,250.0,1676959760.0,1676959765.0,5.0,,9.0,56.0,5.0,17.0,502672266.0,4.0,1061.0,poseidon,condorpool,poseidon-worker-2-container-16-23,xgboost_hp_tuning,/srv/xgboost_hp_tuning,,81.7,0,0,0.0,157967829.0,40.0,3305.0,2.0,43.1,2.8,15796782.9,4.0
xgboost_hp_tuning_ID0000013_pegasus-plan_ID0000016,None,compute,0,1676959690.0,,,1676959695.0,1676959743.0,1676959758.0,45127346.8,1676959781.0,1676959820.0,1676959768.0,1676959772.0,252.0,1676959820.0,1676959825.0,5.0,,86.0,39.0,5.0,15.0,377646203.0,4.0,1054.0,poseidon,condorpool,poseidon-worker-2-container-0-7,xgboost_hp_tuning,/srv/xgboost_hp_tuning,,15.0,0,0,,,,,,,,,
xgboost_hp_tuning_ID0000009_pegasus-plan_ID0000012,None,compute,0,1676959690.0,,,1676959695.0,1676959665.0,1676959682.0,51378570.7,1676959704.0,1676959765.0,1676959714.0,1676959718.0,258.0,1676959765.0,1676959770.0,5.0,,9.0,61.0,5.0,17.0,502672266.0,4.0,1057.0,poseidon,condorpool,poseidon-worker-1-container-40-47,xgboost_hp_tuning,/srv/xgboost_hp_tuning,,146.9,0,0,0.1,157972717.0,40.0,3321.0,2.0,105.1,3.8,7898635.9,4.0
xgboost_hp_tuning_ID0000011_pegasus-plan_ID0000012,None,compute,0,1676959690.0,,,1676959695.0,1676959665.0,1676959682.0,51611420.7,1676959703.0,1676959770.0,1676959715.0,1676959720.0,257.0,1676959770.0,1676959775.0,5.0,,8.0,67.0,5.0,17.0,502672266.0,5.0,1049.0,poseidon,condorpool,poseidon-worker-3-container-32-39,xgboost_hp_tuning,/srv/xgboost_hp_tuning,,144.8,0,0,0.0,157970589.0,40.0,3319.0,2.0,98.0,2.9,7898529.5,4.0
xgboost_hp_tuning_ID0000022_pegasus-plan_ID0000012,None,compute,0,1676959690.0,,,1676959695.0,1676959665.0,1676959682.0,51539210.7,1676959703.0,1676959760.0,1676959707.0,1676959711.0,255.0,1676959760.0,1676959765.0,5.0,,8.0,57.0,5.0,17.0,502672266.0,4.0,1062.0,poseidon,condorpool,poseidon-worker-3-container-16-23,xgboost_hp_tuning,/srv/xgboost_hp_tuning,,96.9,0,0,0.1,157965957.0,40.0,3303.0,2.0,42.4,3.0,15796595.7,4.0
xgboost_hp_tuning_ID0000010_pegasus-plan_ID0000012,None,compute,0,1676959690.0,,,1676959695.0,1676959665.0,1676959682.0,51388455.0,1676959704.0,1676959760.0,1676959705.0,1676959709.0,251.0,1676959760.0,1676959765.0,5.0,,9.0,56.0,5.0,17.0,502672266.0,4.0,1050.0,poseidon,condorpool,poseidon-worker-2-container-24-31,xgboost_hp_tuning,/srv/xgboost_hp_tuning,,84.2,0,0,0.0,157967836.0,40.0,3305.0,2.0,42.8,2.7,15796783.6,4.0
xgboost_hp_tuning_ID0000021_pegasus-plan_ID0000012,None,compute,0,1676959690.0,,,1676959695.0,1676959665.0,1676959682.0,51322912.7,1676959704.0,1676959765.0,1676959713.0,1676959717.0,257.0,1676959765.0,1676959770.0,5.0,,9.0,61.0,5.0,17.0,502672266.0,4.0,1062.0,poseidon,condorpool,poseidon-worker-1-container-0-7,xgboost_hp_tuning,/srv/xgboost_hp_tuning,,138.0,0,0,0.0,157972392.0,40.0,3321.0,2.0,107.8,3.3,7898619.6,4.0
xgboost_hp_tuning_ID0000006_pegasus-plan_ID0000012,None,compute,0,1676959690.0,,,1676959695.0,1676959704.0,1676959721.0,50975691.7,1676959742.0,1676959805.0,1676959753.0,1676959757.0,257.0,1676959805.0,1676959810.0,5.0,,47.0,63.0,5.0,17.0,502672266.0,4.0,1065.0,poseidon,condorpool,poseidon-worker-2-container-40-47,xgboost_hp_tuning,/srv/xgboost_hp_tuning,,126.9,0,0,0.0,157972534.0,40.0,3321.0,2.0,92.8,3.2,7898626.7,4.0
xgboost_hp_tuning_ID0000002_pegasus-plan_ID0000016,None,compute,0,1676959690.0,,,1676959695.0,1676959730.0,1676959746.0,45818871.5,1676959769.0,1676959810.0,1676959757.0,1676959762.0,258.0,1676959810.0,1676959815.0,5.0,,74.0,41.0,5.0,16.0,377646203.0,5.0,1060.0,poseidon,condorpool,poseidon-worker-3-container-8-15,xgboost_hp_tuning,/srv/xgboost_hp_tuning,,27.4,0,0,,,,,,,,,
xgboost_hp_tuning_ID0000016_pegasus-plan_ID0000016,None,compute,0,1676959690.0,,,1676959695.0,1676959704.0,1676959719.0,45630549.2,1676959742.0,1676959780.0,1676959730.0,1676959734.0,259.0,1676959780.0,1676959785.0,5.0,,47.0,38.0,5.0,15.0,377646203.0,4.0,1054.0,poseidon,condorpool,poseidon-worker-1-container-24-31,xgboost_hp_tuning,/srv/xgboost_hp_tuning,,17.2,0,0,,,,,,,,,
xgboost_hp_tuning_ID0000003_pegasus-plan_ID0000016,None,compute,0,1676959690.0,,,1676959695.0,1676959720.0,1676959736.0,45737113.8,1676959759.0,1676959800.0,1676959746.0,1676959750.0,253.0,1676959800.0,1676959805.0,5.0,,64.0,41.0,5.0,16.0,377646203.0,4.0,1067.0,poseidon,condorpool,poseidon-worker-2-container-32-39,xgboost_hp_tuning,/srv/xgboost_hp_tuning,,15.8,0,0,,,,,,,,,
xgboost_hp_tuning_ID0000023_pegasus-plan_ID0000012,None,compute,0,1676959690.0,,,1676959695.0,1676959762.0,1676959779.0,51230612.7,1676959801.0,1676959865.0,1676959810.0,1676959815.0,259.0,1676959865.0,1676959870.0,5.0,,106.0,64.0,5.0,17.0,502672266.0,5.0,1091.0,poseidon,condorpool,poseidon-worker-1-container-32-39,xgboost_hp_tuning,/srv/xgboost_hp_tuning,,139.4,0,0,0.0,157972638.0,40.0,3321.0,2.0,109.2,3.1,7898631.9,4.0
xgboost_hp_tuning_ID0000012_pegasus-plan_ID0000012,None,compute,0,1676959690.0,,,1676959695.0,1676959761.0,1676959778.0,51174396.3,1676959799.0,1676959855.0,1676959801.0,1676959805.0,249.0,1676959855.0,1676959860.0,5.0,,104.0,56.0,5.0,17.0,502672266.0,4.0,1049.0,poseidon,condorpool,poseidon-worker-1-container-16-23,xgboost_hp_tuning,/srv/xgboost_hp_tuning,,87.4,0,0,0.0,157967986.0,40.0,3305.0,2.0,42.5,3.0,15796798.6,4.0
xgboost_hp_tuning_ID0000001_pegasus-plan_ID0000012,None,compute,0,1676959690.0,,,1676959695.0,1676959758.0,1676959775.0,51307528.3,1676959797.0,1676959855.0,1676959800.0,1676959804.0,254.0,1676959855.0,1676959860.0,5.0,,102.0,58.0,5.0,17.0,502672266.0,4.0,1064.0,poseidon,condorpool,poseidon-worker-2-container-8-15,xgboost_hp_tuning,/srv/xgboost_hp_tuning,,100.9,0,0,0.1,157967943.0,40.0,3305.0,2.0,43.4,2.9,15796794.3,4.0
xgboost_hp_tuning_ID0000013_pegasus-plan_ID0000012,None,compute,0,1676959690.0,,,1676959695.0,1676959748.0,1676959764.0,51449875.3,1676959786.0,1676959840.0,1676959788.0,1676959792.0,253.0,1676959840.0,1676959845.0,5.0,,91.0,54.0,5.0,16.0,502672266.0,4.0,1054.0,poseidon,condorpool,poseidon-worker-3-container-40-47,xgboost_hp_tuning,/srv/xgboost_hp_tuning,,88.4,0,0,0.0,157966177.0,40.0,3303.0,2.0,44.4,2.8,15796617.7,4.0
xgboost_hp_tuning_ID0000002_pegasus-plan_ID0000012,None,compute,0,1676959690.0,,,1676959695.0,1676959742.0,1676959759.0,51319791.0,1676959781.0,1676959845.0,1676959793.0,1676959797.0,251.0,1676959845.0,1676959850.0,5.0,,86.0,64.0,5.0,17.0,502672266.0,4.0,1061.0,poseidon,condorpool,poseidon-worker-1-container-24-31,xgboost_hp_tuning,/srv/xgboost_hp_tuning,,156.2,0,0,0.0,157972628.0,40.0,3321.0,2.0,104.7,3.3,7898631.4,4.0
xgboost_hp_tuning_ID0000014_pegasus-plan_ID0000012,None,compute,0,1676959690.0,,,1676959695.0,1676959742.0,1676959759.0,51361276.7,1676959781.0,1676959840.0,1676959785.0,1676959789.0,256.0,1676959840.0,1676959845.0,5.0,,86.0,59.0,5.0,17.0,502672266.0,4.0,1055.0,poseidon,condorpool,poseidon-worker-1-container-8-15,xgboost_hp_tuning,/srv/xgboost_hp_tuning,,105.3,0,0,0.0,157967948.0,40.0,3305.0,2.0,46.7,2.6,15796794.8,4.0
xgboost_hp_tuning_ID0000003_pegasus-plan_ID0000012,None,compute,0,1676959690.0,,,1676959695.0,1676959728.0,1676959745.0,51537015.7,1676959767.0,1676959825.0,1676959770.0,1676959775.0,256.0,1676959825.0,1676959830.0,5.0,,72.0,58.0,5.0,17.0,502672266.0,5.0,1068.0,poseidon,condorpool,poseidon-worker-3-container-32-39,xgboost_hp_tuning,/srv/xgboost_hp_tuning,,101.4,0,0,0.0,157966032.0,40.0,3303.0,2.0,43.0,2.9,15796603.2,4.0
xgboost_hp_tuning_ID0000009_pegasus-plan_ID0000016,None,compute,0,1676959690.0,,,1676959695.0,1676959665.0,1676959681.0,45203385.8,1676959704.0,1676959745.0,1676959690.0,1676959695.0,253.0,1676959745.0,1676959750.0,5.0,,9.0,41.0,5.0,16.0,377646203.0,5.0,1059.0,poseidon,condorpool,poseidon-worker-2-container-0-7,xgboost_hp_tuning,/srv/xgboost_hp_tuning,,14.4,0,0,,,,,,,,,
xgboost_hp_tuning_ID0000011_pegasus-plan_ID0000016,None,compute,0,1676959690.0,,,1676959695.0,1676959665.0,1676959680.0,45877948.8,1676959703.0,1676959745.0,1676959690.0,1676959694.0,255.0,1676959745.0,1676959750.0,5.0,,8.0,42.0,5.0,15.0,377646203.0,4.0,1050.0,poseidon,condorpool,poseidon-worker-3-container-40-47,xgboost_hp_tuning,/srv/xgboost_hp_tuning,,14.0,0,0,,,,,,,,,
xgboost_hp_tuning_ID0000022_pegasus-plan_ID0000016,None,compute,0,1676959690.0,,,1676959695.0,1676959665.0,1676959680.0,45735152.0,1676959704.0,1676959745.0,1676959691.0,1676959695.0,256.0,1676959745.0,1676959750.0,5.0,,9.0,41.0,5.0,15.0,377646203.0,4.0,1061.0,poseidon,condorpool,poseidon-worker-1-container-32-39,xgboost_hp_tuning,/srv/xgboost_hp_tuning,,15.2,0,0,,,,,,,,,
xgboost_hp_tuning_ID0000014_pegasus-plan_ID0000016,None,compute,0,1676959690.0,,,1676959695.0,1676959727.0,1676959742.0,45531823.0,1676959765.0,1676959805.0,1676959752.0,1676959756.0,255.0,1676959805.0,1676959810.0,5.0,,70.0,40.0,5.0,15.0,377646203.0,4.0,1056.0,poseidon,condorpool,poseidon-worker-1-container-40-47,xgboost_hp_tuning,/srv/xgboost_hp_tuning,,13.9,0,0,,,,,,,,,
xgboost_hp_tuning_ID0000021_pegasus-plan_ID0000016,None,compute,0,1676959690.0,,,1676959695.0,1676959665.0,1676959680.0,45815205.5,1676959703.0,1676959745.0,1676959690.0,1676959694.0,250.0,1676959745.0,1676959750.0,5.0,,8.0,42.0,5.0,15.0,377646203.0,4.0,1063.0,poseidon,condorpool,poseidon-worker-3-container-24-31,xgboost_hp_tuning,/srv/xgboost_hp_tuning,,14.9,0,0,,,,,,,,,
xgboost_hp_tuning_ID0000008_pegasus-plan_ID0000016,None,compute,0,1676959690.0,,,1676959695.0,1676959665.0,1676959680.0,45864159.5,1676959703.0,1676959745.0,1676959693.0,1676959697.0,260.0,1676959745.0,1676959750.0,5.0,,8.0,42.0,5.0,15.0,377646203.0,4.0,1057.0,poseidon,condorpool,poseidon-worker-3-container-0-7,xgboost_hp_tuning,/srv/xgboost_hp_tuning,,29.6,0,0,,,,,,,,,
xgboost_hp_tuning_ID0000019_pegasus-plan_ID0000016,None,compute,0,1676959690.0,,,1676959695.0,1676959665.0,1676959680.0,45727990.2,1676959704.0,1676959745.0,1676959690.0,1676959695.0,249.0,1676959745.0,1676959750.0,5.0,,9.0,41.0,5.0,15.0,377646203.0,5.0,1061.0,poseidon,condorpool,poseidon-worker-1-container-24-31,xgboost_hp_tuning,/srv/xgboost_hp_tuning,,14.1,0,0,,,,,,,,,
xgboost_hp_tuning_ID0000007_pegasus-plan_ID0000016,None,compute,0,1676959690.0,,,1676959695.0,1676959665.0,1676959680.0,45739773.2,1676959704.0,1676959745.0,1676959690.0,1676959695.0,252.0,1676959745.0,1676959750.0,5.0,,9.0,41.0,5.0,15.0,377646203.0,5.0,1066.0,poseidon,condorpool,poseidon-worker-2-container-40-47,xgboost_hp_tuning,/srv/xgboost_hp_tuning,,15.0,0,0,,,,,,,,,
xgboost_hp_tuning_ID0000018_pegasus-plan_ID0000016,None,compute,0,1676959690.0,,,1676959695.0,1676959665.0,1676959680.0,45774132.2,1676959704.0,1676959745.0,1676959691.0,1676959695.0,254.0,1676959745.0,1676959750.0,5.0,,9.0,41.0,5.0,15.0,377646203.0,4.0,1054.0,poseidon,condorpool,poseidon-worker-2-container-8-15,xgboost_hp_tuning,/srv/xgboost_hp_tuning,,15.1,0,0,,,,,,,,,
xgboost_hp_tuning_ID0000006_pegasus-plan_ID0000016,None,compute,0,1676959690.0,,,1676959695.0,1676959703.0,1676959718.0,45895100.5,1676959742.0,1676959790.0,1676959735.0,1676959739.0,261.0,1676959790.0,1676959795.0,5.0,,47.0,48.0,5.0,15.0,377646203.0,4.0,1066.0,poseidon,condorpool,poseidon-worker-3-container-40-47,xgboost_hp_tuning,/srv/xgboost_hp_tuning,,52.6,0,0,0.0,157402.0,0.0,232.0,0.0,50.6,2.0,15740.2,
xgboost_hp_tuning_ID0000017_pegasus-plan_ID0000016,None,compute,0,1676959690.0,,,1676959695.0,1676959704.0,1676959720.0,44917320.2,1676959742.0,1676959780.0,1676959729.0,1676959734.0,255.0,1676959780.0,1676959785.0,5.0,,47.0,38.0,5.0,16.0,377646203.0,5.0,1055.0,poseidon,condorpool,poseidon-worker-2-container-0-7,xgboost_hp_tuning,/srv/xgboost_hp_tuning,,14.9,0,0,,,,,,,,,
xgboost_hp_tuning_ID0000005_pegasus-plan_ID0000016,None,compute,0,1676959690.0,,,1676959695.0,1676959704.0,1676959719.0,45792600.2,1676959742.0,1676959780.0,1676959729.0,1676959733.0,257.0,1676959780.0,1676959785.0,5.0,,47.0,38.0,5.0,15.0,377646203.0,4.0,1080.0,poseidon,condorpool,poseidon-worker-1-container-8-15,xgboost_hp_tuning,/srv/xgboost_hp_tuning,,15.4,0,0,,,,,,,,,
xgboost_hp_tuning_ID0000020_pegasus-plan_ID0000012,None,compute,0,1676959690.0,,,1676959695.0,1676959665.0,1676959682.0,51558062.7,1676959704.0,1676959770.0,1676959717.0,1676959722.0,257.0,1676959770.0,1676959775.0,5.0,,9.0,66.0,5.0,17.0,502672266.0,5.0,1062.0,poseidon,condorpool,poseidon-worker-3-container-8-15,xgboost_hp_tuning,/srv/xgboost_hp_tuning,,164.0,0,0,0.1,157970556.0,40.0,3319.0,2.0,102.2,3.6,7898527.8,4.0
xgboost_hp_tuning_ID0000004_pegasus-plan_ID0000016,None,compute,0,1676959690.0,,,1676959695.0,1676959705.0,1676959721.0,45761574.2,1676959744.0,1676959785.0,1676959731.0,1676959735.0,261.0,1676959785.0,1676959790.0,5.0,,49.0,41.0,5.0,16.0,377646203.0,4.0,1064.0,poseidon,condorpool,poseidon-worker-3-container-0-7,xgboost_hp_tuning,/srv/xgboost_hp_tuning,,14.5,0,0,,,,,,,,,
xgboost_hp_tuning_ID0000015_pegasus-plan_ID0000016,None,compute,0,1676959690.0,,,1676959695.0,1676959718.0,1676959734.0,45140402.2,1676959757.0,1676959800.0,1676959745.0,1676959749.0,251.0,1676959800.0,1676959805.0,5.0,,62.0,43.0,5.0,16.0,377646203.0,4.0,1056.0,poseidon,condorpool,poseidon-worker-2-container-16-23,xgboost_hp_tuning,/srv/xgboost_hp_tuning,,17.4,0,0,,,,,,,,,
xgboost_hp_tuning_ID0000020_pegasus-plan_ID0000016,None,compute,0,1676959690.0,,,1676959695.0,1676959665.0,1676959681.0,45720815.8,1676959704.0,1676959745.0,1676959690.0,1676959695.0,251.0,1676959745.0,1676959750.0,5.0,,9.0,41.0,5.0,16.0,377646203.0,5.0,1063.0,poseidon,condorpool,poseidon-worker-1-container-8-15,xgboost_hp_tuning,/srv/xgboost_hp_tuning,,14.8,0,0,,,,,,,,,
xgboost_hp_tuning_ID0000008_pegasus-plan_ID0000012,None,compute,0,1676959690.0,,,1676959695.0,1676959665.0,1676959682.0,51416794.3,1676959704.0,1676959760.0,1676959707.0,1676959711.0,255.0,1676959760.0,1676959765.0,5.0,,9.0,56.0,5.0,17.0,502672266.0,4.0,1059.0,poseidon,condorpool,poseidon-worker-2-container-32-39,xgboost_hp_tuning,/srv/xgboost_hp_tuning,,100.3,0,0,0.0,157967830.0,40.0,3305.0,2.0,40.5,2.9,15796783.0,4.0
xgboost_hp_tuning_ID0000009_pegasus-plan_ID0000020,None,compute,0,1676959709.0,,,1676959714.0,1676959765.0,1676959794.0,75210476.5,1676959804.0,1676960239.0,1676960185.0,1676960189.0,253.0,1676960239.0,1676960244.0,5.0,,90.0,435.0,5.0,29.0,1691153157.0,4.0,1058.0,poseidon,condorpool,poseidon-worker-1-container-40-47,xgboost_hp_tuning,/srv/xgboost_hp_tuning,,2142.3,0,0,0.0,1346591597.0,40.0,3861.0,2.0,2071.2,66.4,3543662.1,4.0
xgboost_hp_tuning_ID0000001_pegasus-plan_ID0000020,None,compute,0,1676959709.0,,,1676959714.0,1676960181.0,1676960210.0,75186816.5,1676960219.0,1676960574.0,1676960519.0,1676960523.0,259.0,1676960574.0,1676960579.0,5.0,,505.0,355.0,5.0,29.0,1691153157.0,4.0,1065.0,poseidon,condorpool,poseidon-worker-1-container-0-7,xgboost_hp_tuning,/srv/xgboost_hp_tuning,,1696.0,0,0,0.1,1346556821.0,40.0,3726.0,2.0,1575.5,52.4,4643299.4,4.0
xgboost_hp_tuning_ID0000011_pegasus-plan_ID0000020,None,compute,0,1676959709.0,,,1676959714.0,1676959766.0,1676959795.0,74942145.4,1676959804.0,1676960229.0,1676960177.0,1676960181.0,255.0,1676960229.0,1676960234.0,5.0,,90.0,425.0,5.0,29.0,1691153157.0,4.0,1051.0,poseidon,condorpool,poseidon-worker-2-container-40-47,xgboost_hp_tuning,/srv/xgboost_hp_tuning,,2107.2,0,0,0.1,1346587557.0,40.0,3846.0,2.0,2025.3,65.9,3639425.8,4.0
xgboost_hp_tuning_ID0000013_pegasus-plan_ID0000020,None,compute,0,1676959709.0,,,1676959714.0,1676960178.0,1676960207.0,75197374.8,1676960217.0,1676960594.0,1676960542.0,1676960546.0,258.0,1676960594.0,1676960599.0,5.0,,503.0,377.0,5.0,29.0,1691153157.0,4.0,1055.0,poseidon,condorpool,poseidon-worker-1-container-24-31,xgboost_hp_tuning,/srv/xgboost_hp_tuning,,1877.3,0,0,0.0,1346568562.0,40.0,3771.0,2.0,1797.4,42.4,4208026.8,4.0
xgboost_hp_tuning_ID0000002_pegasus-plan_ID0000020,None,compute,0,1676959709.0,,,1676959714.0,1676960173.0,1676960202.0,75368099.6,1676960211.0,1676960559.0,1676960506.0,1676960510.0,259.0,1676960559.0,1676960564.0,5.0,,497.0,348.0,5.0,29.0,1691153157.0,4.0,1061.0,poseidon,condorpool,poseidon-worker-3-container-24-31,xgboost_hp_tuning,/srv/xgboost_hp_tuning,,1643.3,0,0,0.0,1346555199.0,40.0,3724.0,2.0,1568.6,41.0,4643293.8,4.0
xgboost_hp_tuning_ID0000014_pegasus-plan_ID0000020,None,compute,0,1676959709.0,,,1676959714.0,1676959887.0,1676959917.0,75118670.3,1676959926.0,1676960349.0,1676960298.0,1676960302.0,257.0,1676960349.0,1676960354.0,5.0,,212.0,423.0,5.0,30.0,1691153157.0,4.0,1054.0,poseidon,condorpool,poseidon-worker-2-container-8-15,xgboost_hp_tuning,/srv/xgboost_hp_tuning,,2101.1,0,0,0.0,1346587581.0,40.0,3846.0,2.0,2029.2,64.2,3639425.9,4.0
xgboost_hp_tuning_ID0000003_pegasus-plan_ID0000020,None,compute,0,1676959709.0,,,1676959714.0,1676959824.0,1676959853.0,74922834.7,1676959862.0,1676960249.0,1676960198.0,1676960202.0,258.0,1676960249.0,1676960254.0,5.0,,148.0,387.0,5.0,29.0,1691153157.0,4.0,1069.0,poseidon,condorpool,poseidon-worker-1-container-32-39,xgboost_hp_tuning,/srv/xgboost_hp_tuning,,1849.2,0,0,0.1,1346572441.0,40.0,3786.0,2.0,1740.0,72.1,4080522.5,4.0
xgboost_hp_tuning_ID0000015_pegasus-plan_ID0000020,None,compute,0,1676959709.0,,,1676959714.0,1676959814.0,1676959844.0,75116677.2,1676959853.0,1676960239.0,1676960187.0,1676960191.0,255.0,1676960239.0,1676960244.0,5.0,,139.0,386.0,5.0,30.0,1691153157.0,4.0,1054.0,poseidon,condorpool,poseidon-worker-1-container-16-23,xgboost_hp_tuning,/srv/xgboost_hp_tuning,,1875.6,0,0,0.1,1346572415.0,40.0,3786.0,2.0,1805.3,47.1,4080522.5,4.0
xgboost_hp_tuning_ID0000004_pegasus-plan_ID0000020,None,compute,0,1676959709.0,,,1676959714.0,1676959806.0,1676959835.0,75062085.9,1676959845.0,1676960219.0,1676960165.0,1676960169.0,256.0,1676960219.0,1676960224.0,5.0,,131.0,374.0,5.0,29.0,1691153157.0,4.0,1061.0,poseidon,condorpool,poseidon-worker-1-container-24-31,xgboost_hp_tuning,/srv/xgboost_hp_tuning,,1825.2,0,0,0.0,1346564771.0,40.0,3756.0,2.0,1713.5,43.3,4343757.3,4.0
xgboost_hp_tuning_ID0000016_pegasus-plan_ID0000020,None,compute,0,1676959709.0,,,1676959714.0,1676959801.0,1676959830.0,75403189.9,1676959840.0,1676960269.0,1676960216.0,1676960220.0,260.0,1676960269.0,1676960274.0,5.0,,126.0,429.0,5.0,29.0,1691153157.0,4.0,1056.0,poseidon,condorpool,poseidon-worker-3-container-40-47,xgboost_hp_tuning,/srv/xgboost_hp_tuning,,2148.7,0,0,0.1,1346585846.0,40.0,3844.0,2.0,2042.4,64.7,3639421.2,4.0
xgboost_hp_tuning_ID0000005_pegasus-plan_ID0000020,None,compute,0,1676959709.0,,,1676959714.0,1676959798.0,1676959828.0,74934342.0,1676959837.0,1676960234.0,1676960180.0,1676960184.0,256.0,1676960234.0,1676960239.0,5.0,,123.0,397.0,5.0,30.0,1691153157.0,4.0,1076.0,poseidon,condorpool,poseidon-worker-2-container-32-39,xgboost_hp_tuning,/srv/xgboost_hp_tuning,,1945.6,0,0,0.1,1346576232.0,40.0,3801.0,2.0,1870.7,54.5,3960518.3,4.0
xgboost_hp_tuning_ID0000023_pegasus-plan_ID0000020,None,compute,0,1676959709.0,,,1676959714.0,1676960185.0,1676960214.0,74744635.5,1676960223.0,1676960669.0,1676960618.0,1676960622.0,266.0,1676960669.0,1676960674.0,5.0,,509.0,446.0,5.0,29.0,1691153157.0,4.0,1090.0,poseidon,condorpool,poseidon-worker-2-container-16-23,xgboost_hp_tuning,/srv/xgboost_hp_tuning,,2313.6,0,0,0.0,1346595393.0,40.0,3876.0,2.0,2231.0,52.5,3452808.7,4.0
xgboost_hp_tuning_ID0000017_pegasus-plan_ID0000020,None,compute,0,1676959709.0,,,1676959714.0,1676959798.0,1676959827.0,75070036.7,1676959837.0,1676960259.0,1676960208.0,1676960213.0,257.0,1676960259.0,1676960264.0,5.0,,123.0,422.0,5.0,29.0,1691153157.0,5.0,1056.0,poseidon,condorpool,poseidon-worker-1-container-8-15,xgboost_hp_tuning,/srv/xgboost_hp_tuning,,2074.2,0,0,0.0,1346587573.0,40.0,3846.0,2.0,2006.5,58.5,3639425.9,4.0
xgboost_hp_tuning_ID0000012_pegasus-plan_ID0000020,None,compute,0,1676959709.0,,,1676959714.0,1676960182.0,1676960211.0,75116050.5,1676960220.0,1676960529.0,1676960476.0,1676960480.0,253.0,1676960529.0,1676960534.0,5.0,,506.0,309.0,5.0,29.0,1691153157.0,4.0,1048.0,poseidon,condorpool,poseidon-worker-2-container-24-31,xgboost_hp_tuning,/srv/xgboost_hp_tuning,,1427.9,0,0,0.0,1346541734.0,40.0,3666.0,2.0,1345.0,42.7,5386166.9,4.0
xgboost_hp_tuning_ID0000018_pegasus-plan_ID0000020,None,compute,0,1676959709.0,,,1676959714.0,1676959784.0,1676959813.0,75213451.7,1676959822.0,1676960219.0,1676960168.0,1676960172.0,255.0,1676960219.0,1676960224.0,5.0,,108.0,397.0,5.0,29.0,1691153157.0,4.0,1055.0,poseidon,condorpool,poseidon-worker-1-container-0-7,xgboost_hp_tuning,/srv/xgboost_hp_tuning,,1827.5,0,0,0.1,1346575734.0,40.0,3801.0,2.0,1744.0,47.7,3960516.9,4.0
xgboost_hp_tuning_ID0000019_pegasus-plan_ID0000020,None,compute,0,1676959709.0,,,1676959714.0,1676959781.0,1676959811.0,75044044.9,1676959820.0,1676960379.0,1676960326.0,1676960330.0,261.0,1676960379.0,1676960384.0,5.0,,106.0,559.0,5.0,30.0,1691153157.0,4.0,1060.0,poseidon,condorpool,poseidon-worker-3-container-0-7,xgboost_hp_tuning,/srv/xgboost_hp_tuning,,2905.0,0,0,0.0,1346635237.0,40.0,4039.0,2.0,2770.9,94.3,2693270.5,4.0
xgboost_hp_tuning_ID0000008_pegasus-plan_ID0000020,None,compute,0,1676959709.0,,,1676959714.0,1676959781.0,1676959811.0,74705637.3,1676959820.0,1676960249.0,1676960198.0,1676960202.0,248.0,1676960249.0,1676960254.0,5.0,,106.0,429.0,5.0,30.0,1691153157.0,4.0,1059.0,poseidon,condorpool,poseidon-worker-2-container-0-7,xgboost_hp_tuning,/srv/xgboost_hp_tuning,,2109.2,0,0,0.0,1346587372.0,40.0,3846.0,2.0,1990.0,67.2,3639425.3,4.0
xgboost_hp_tuning_ID0000020_pegasus-plan_ID0000020,None,compute,0,1676959709.0,,,1676959714.0,1676959777.0,1676959806.0,75280042.7,1676959816.0,1676960239.0,1676960183.0,1676960187.0,259.0,1676960239.0,1676960244.0,5.0,,102.0,423.0,5.0,29.0,1691153157.0,4.0,1063.0,poseidon,condorpool,poseidon-worker-3-container-16-23,xgboost_hp_tuning,/srv/xgboost_hp_tuning,,2085.5,0,0,0.0,1346581834.0,40.0,3829.0,2.0,1951.6,78.1,3740505.1,4.0
xgboost_hp_tuning_ID0000021_pegasus-plan_ID0000020,None,compute,0,1676959709.0,,,1676959714.0,1676959773.0,1676959803.0,74872190.1,1676959812.0,1676960224.0,1676960169.0,1676960173.0,258.0,1676960224.0,1676960229.0,5.0,,98.0,412.0,5.0,30.0,1691153157.0,4.0,1062.0,poseidon,condorpool,poseidon-worker-2-container-24-31,xgboost_hp_tuning,/srv/xgboost_hp_tuning,,1900.2,0,0,0.0,1346579832.0,40.0,3816.0,2.0,1800.5,56.1,3847370.9,4.0
xgboost_hp_tuning_ID0000010_pegasus-plan_ID0000020,None,compute,0,1676959709.0,,,1676959714.0,1676959770.0,1676959799.0,75260473.8,1676959809.0,1676960189.0,1676960138.0,1676960143.0,256.0,1676960189.0,1676960194.0,5.0,,95.0,380.0,5.0,29.0,1691153157.0,5.0,1048.0,poseidon,condorpool,poseidon-worker-3-container-8-15,xgboost_hp_tuning,/srv/xgboost_hp_tuning,,1850.7,0,0,0.0,1346566398.0,40.0,3769.0,2.0,1729.0,57.3,4208020.0,4.0
xgboost_hp_tuning_ID0000022_pegasus-plan_ID0000020,None,compute,0,1676959709.0,,,1676959714.0,1676959766.0,1676959795.0,75197257.4,1676959805.0,1676960214.0,1676960160.0,1676960164.0,259.0,1676960214.0,1676960219.0,5.0,,91.0,409.0,5.0,29.0,1691153157.0,4.0,1060.0,poseidon,condorpool,poseidon-worker-3-container-24-31,xgboost_hp_tuning,/srv/xgboost_hp_tuning,,2027.8,0,0,0.0,1346578000.0,40.0,3814.0,2.0,1936.6,58.2,3847365.7,4.0
xgboost_hp_tuning_ID0000006_pegasus-plan_ID0000020,None,compute,0,1676959709.0,,,1676959714.0,1676959796.0,1676959826.0,74829110.3,1676959835.0,1676960224.0,1676960172.0,1676960176.0,258.0,1676960224.0,1676960229.0,5.0,,121.0,389.0,5.0,30.0,1691153157.0,4.0,1066.0,poseidon,condorpool,poseidon-worker-2-container-16-23,xgboost_hp_tuning,/srv/xgboost_hp_tuning,,1888.2,0,0,0.0,1346572396.0,40.0,3786.0,2.0,1790.5,55.9,4080522.4,4.0
xgboost_hp_tuning_ID0000007_pegasus-plan_ID0000020,None,compute,0,1676959709.0,,,1676959714.0,1676959783.0,1676959812.0,75395705.4,1676959822.0,1676960204.0,1676960153.0,1676960157.0,260.0,1676960204.0,1676960209.0,5.0,,108.0,382.0,5.0,29.0,1691153157.0,4.0,1067.0,poseidon,condorpool,poseidon-worker-3-container-32-39,xgboost_hp_tuning,/srv/xgboost_hp_tuning,,1836.0,0,0,0.1,1346570376.0,40.0,3784.0,2.0,1769.5,58.9,4080516.3,4.0
stage_out_local_condorpool_0_2_pegasus-plan_ID0000016,None,transfer,0,1676959825.0,,,1676959830.0,,,0.0,1676959830.0,1676959840.0,1676959830.0,1676959834.0,1841.0,1676959840.0,1676959845.0,5.0,,0.0,10.0,5.0,,,4.0,7427.0,poseidon,local,host-10-100-100-12.openstacklocal,pegasus::transfer,/home/poseidon/pegasus-5.1.0panorama/bin/pegasus-transfer,/home/poseidon/pegasus-5.1.0panorama/bin/../bin/pegasus-kickstart  -n pegasus::transfer -N null -i - -R local  -L xgboost_hp_tuning_group_1 -T 2023-02-21T06:07:21+00:00 /home/poseidon/pegasus-5.1.0panorama/bin/../bin/pegasus-transfer  --threads 2,1.0,0,0,,,,,,,,,
stage_out_local_condorpool_0_0_pegasus-plan_ID0000016,None,transfer,0,1676959840.0,,,1676959845.0,,,0.0,1676959845.0,1676959855.0,1676959846.0,1676959850.0,2098.0,1676959855.0,1676959860.0,5.0,,0.0,10.0,5.0,,,4.0,8462.0,poseidon,local,host-10-100-100-12.openstacklocal,pegasus::transfer,/home/poseidon/pegasus-5.1.0panorama/bin/pegasus-transfer,/home/poseidon/pegasus-5.1.0panorama/bin/../bin/pegasus-kickstart  -n pegasus::transfer -N null -i - -R local  -L xgboost_hp_tuning_group_1 -T 2023-02-21T06:07:21+00:00 /home/poseidon/pegasus-5.1.0panorama/bin/../bin/pegasus-transfer  --threads 2,1.1,0,0,,,,,,,,,
stage_out_local_condorpool_0_1_pegasus-plan_ID0000016,None,transfer,0,1676959845.0,,,1676959850.0,,,0.0,1676959851.0,1676959860.0,1676959851.0,1676959855.0,2106.0,1676959860.0,1676959865.0,5.0,,1.0,9.0,5.0,,,4.0,8507.0,poseidon,local,host-10-100-100-12.openstacklocal,pegasus::transfer,/home/poseidon/pegasus-5.1.0panorama/bin/pegasus-transfer,/home/poseidon/pegasus-5.1.0panorama/bin/../bin/pegasus-kickstart  -n pegasus::transfer -N null -i - -R local  -L xgboost_hp_tuning_group_1 -T 2023-02-21T06:07:21+00:00 /home/poseidon/pegasus-5.1.0panorama/bin/../bin/pegasus-transfer  --threads 2,1.2,0,0,,,,,,,,,
register_condorpool_0_2_pegasus-plan_ID0000016,None,auxiliary,0,1676959845.0,,,1676959850.0,,,0.0,1676959851.0,1676959855.0,,,0.0,1676959855.0,1676959860.0,5.0,,1.0,4.0,5.0,,,,,poseidon,local,host-10-100-100-12.openstacklocal,pegasus::rc-client,/home/poseidon/pegasus-5.1.0panorama/bin/pegasus-rc-client,"-n pegasus::rc-client -N null -R local  -L xgboost_hp_tuning_group_1 -T 2023-02-21T06:07:21+00:00 /home/poseidon/pegasus-5.1.0panorama/bin/pegasus-rc-client --prefix pegasus.catalog.replica.output --conf /home/poseidon/workflows/predict-future-sales-workflow/submit/poseidon/pegasus/predict-future-sales/run0049/00/00/./xgboost_hp_tuning_group_1.000/pegasus.4403147634807588058.properties -v --meta /home/poseidon/workflows/predict-future-sales-workflow/submit/poseidon/pegasus/predict-future-sales/run0049/00/00/./xgboost_hp_tuning_group_1.000/00/00/xgboost_hp_tuning_ID0000017.meta,/home/poseidon/workflows/predict-future-sales-workflow/submit/poseidon/pegasus/predict-future-sales/run0049/00/00/./xgboost_hp_tuning_group_1.000/00/00/xgboost_hp_tuning_ID0000022.meta,/home/poseidon/workflows/predict-future-sales-workflow/submit/poseidon/pegasus/predict-future-sales/run0049/00/00/./xgboost_hp_tuning_group_1.000/00/00/xgboost_hp_tuning_ID0000007.meta,/home/poseidon/workflows/predict-future-sales-workflow/submit/poseidon/pegasus/predict-future-sales/run0049/00/00/./xgboost_hp_tuning_group_1.000/00/00/xgboost_hp_tuning_ID0000020.meta,/home/poseidon/workflows/predict-future-sales-workflow/submit/poseidon/pegasus/predict-future-sales/run0049/00/00/./xgboost_hp_tuning_group_1.000/00/00/xgboost_hp_tuning_ID0000001.meta,/home/poseidon/workflows/predict-future-sales-workflow/submit/poseidon/pegasus/predict-future-sales/run0049/00/00/./xgboost_hp_tuning_group_1.000/00/00/xgboost_hp_tuning_ID0000004.meta,/home/poseidon/workflows/predict-future-sales-workflow/submit/poseidon/pegasus/predict-future-sales/run0049/00/00/./xgboost_hp_tuning_group_1.000/00/00/xgboost_hp_tuning_ID0000014.meta --insert /home/poseidon/workflows/predict-future-sales-workflow/submit/poseidon/pegasus/predict-future-sales/run0049/00/00/./xgboost_hp_tuning_group_1.000/00/00/register_condorpool_0_2.in",2.9,0,0,,,,,,,,,
xgboost_best_params_ID0000024_pegasus-plan_ID0000016,None,compute,0,1676959845.0,,,1676959850.0,1676959813.0,1676959830.0,39805561.7,1676959852.0,1676959890.0,1676959837.0,1676959841.0,253.0,1676959890.0,1676959895.0,5.0,,2.0,38.0,5.0,17.0,368018665.0,4.0,1062.0,poseidon,condorpool,poseidon-worker-2-container-8-15,xgboost_best_params,/srv/xgboost_best_params,,0.0,0,0,,,,,,,,,
stage_out_local_condorpool_0_0_pegasus-plan_ID0000012,None,transfer,0,1676959860.0,,,1676959865.0,,,0.0,1676959867.0,1676959880.0,1676959867.0,1676959871.0,2099.0,1676959880.0,1676959885.0,5.0,,2.0,13.0,5.0,,,4.0,8461.0,poseidon,local,host-10-100-100-12.openstacklocal,pegasus::transfer,/home/poseidon/pegasus-5.1.0panorama/bin/pegasus-transfer,/home/poseidon/pegasus-5.1.0panorama/bin/../bin/pegasus-kickstart  -n pegasus::transfer -N null -i - -R local  -L xgboost_hp_tuning_group_0 -T 2023-02-21T06:07:21+00:00 /home/poseidon/pegasus-5.1.0panorama/bin/../bin/pegasus-transfer  --threads 2,1.0,0,0,,,,,,,,,
stage_out_local_condorpool_0_2_pegasus-plan_ID0000012,None,transfer,0,1676959860.0,,,1676959865.0,,,0.0,1676959867.0,1676959880.0,1676959867.0,1676959871.0,1841.0,1676959880.0,1676959885.0,5.0,,2.0,13.0,5.0,,,4.0,7423.0,poseidon,local,host-10-100-100-12.openstacklocal,pegasus::transfer,/home/poseidon/pegasus-5.1.0panorama/bin/pegasus-transfer,/home/poseidon/pegasus-5.1.0panorama/bin/../bin/pegasus-kickstart  -n pegasus::transfer -N null -i - -R local  -L xgboost_hp_tuning_group_0 -T 2023-02-21T06:07:21+00:00 /home/poseidon/pegasus-5.1.0panorama/bin/../bin/pegasus-transfer  --threads 2,1.0,0,0,,,,,,,,,
register_condorpool_0_0_pegasus-plan_ID0000016,None,auxiliary,0,1676959860.0,,,1676959865.0,,,0.0,1676959865.0,1676959870.0,,,0.0,1676959870.0,1676959875.0,5.0,,0.0,5.0,5.0,,,,,poseidon,local,host-10-100-100-12.openstacklocal,pegasus::rc-client,/home/poseidon/pegasus-5.1.0panorama/bin/pegasus-rc-client,"-n pegasus::rc-client -N null -R local  -L xgboost_hp_tuning_group_1 -T 2023-02-21T06:07:21+00:00 /home/poseidon/pegasus-5.1.0panorama/bin/pegasus-rc-client --prefix pegasus.catalog.replica.output --conf /home/poseidon/workflows/predict-future-sales-workflow/submit/poseidon/pegasus/predict-future-sales/run0049/00/00/./xgboost_hp_tuning_group_1.000/pegasus.4403147634807588058.properties -v --meta /home/poseidon/workflows/predict-future-sales-workflow/submit/poseidon/pegasus/predict-future-sales/run0049/00/00/./xgboost_hp_tuning_group_1.000/00/00/xgboost_hp_tuning_ID0000018.meta,/home/poseidon/workflows/predict-future-sales-workflow/submit/poseidon/pegasus/predict-future-sales/run0049/00/00/./xgboost_hp_tuning_group_1.000/00/00/xgboost_hp_tuning_ID0000002.meta,/home/poseidon/workflows/predict-future-sales-workflow/submit/poseidon/pegasus/predict-future-sales/run0049/00/00/./xgboost_hp_tuning_group_1.000/00/00/xgboost_hp_tuning_ID0000005.meta,/home/poseidon/workflows/predict-future-sales-workflow/submit/poseidon/pegasus/predict-future-sales/run0049/00/00/./xgboost_hp_tuning_group_1.000/00/00/xgboost_hp_tuning_ID0000009.meta,/home/poseidon/workflows/predict-future-sales-workflow/submit/poseidon/pegasus/predict-future-sales/run0049/00/00/./xgboost_hp_tuning_group_1.000/00/00/xgboost_hp_tuning_ID0000015.meta,/home/poseidon/workflows/predict-future-sales-workflow/submit/poseidon/pegasus/predict-future-sales/run0049/00/00/./xgboost_hp_tuning_group_1.000/00/00/xgboost_hp_tuning_ID0000012.meta,/home/poseidon/workflows/predict-future-sales-workflow/submit/poseidon/pegasus/predict-future-sales/run0049/00/00/./xgboost_hp_tuning_group_1.000/00/00/xgboost_hp_tuning_ID0000010.meta,/home/poseidon/workflows/predict-future-sales-workflow/submit/poseidon/pegasus/predict-future-sales/run0049/00/00/./xgboost_hp_tuning_group_1.000/00/00/xgboost_hp_tuning_ID0000008.meta --insert /home/poseidon/workflows/predict-future-sales-workflow/submit/poseidon/pegasus/predict-future-sales/run0049/00/00/./xgboost_hp_tuning_group_1.000/00/00/register_condorpool_0_0.in",3.1,0,0,,,,,,,,,
register_condorpool_0_1_pegasus-plan_ID0000016,None,auxiliary,0,1676959865.0,,,1676959875.0,,,0.0,1676959876.0,1676959880.0,,,0.0,1676959880.0,1676959885.0,10.0,,1.0,4.0,5.0,,,,,poseidon,local,host-10-100-100-12.openstacklocal,pegasus::rc-client,/home/poseidon/pegasus-5.1.0panorama/bin/pegasus-rc-client,"-n pegasus::rc-client -N null -R local  -L xgboost_hp_tuning_group_1 -T 2023-02-21T06:07:21+00:00 /home/poseidon/pegasus-5.1.0panorama/bin/pegasus-rc-client --prefix pegasus.catalog.replica.output --conf /home/poseidon/workflows/predict-future-sales-workflow/submit/poseidon/pegasus/predict-future-sales/run0049/00/00/./xgboost_hp_tuning_group_1.000/pegasus.4403147634807588058.properties -v --meta /home/poseidon/workflows/predict-future-sales-workflow/submit/poseidon/pegasus/predict-future-sales/run0049/00/00/./xgboost_hp_tuning_group_1.000/00/00/xgboost_hp_tuning_ID0000013.meta,/home/poseidon/workflows/predict-future-sales-workflow/submit/poseidon/pegasus/predict-future-sales/run0049/00/00/./xgboost_hp_tuning_group_1.000/00/00/xgboost_hp_tuning_ID0000023.meta,/home/poseidon/workflows/predict-future-sales-workflow/submit/poseidon/pegasus/predict-future-sales/run0049/00/00/./xgboost_hp_tuning_group_1.000/00/00/xgboost_hp_tuning_ID0000011.meta,/home/poseidon/workflows/predict-future-sales-workflow/submit/poseidon/pegasus/predict-future-sales/run0049/00/00/./xgboost_hp_tuning_group_1.000/00/00/xgboost_hp_tuning_ID0000006.meta,/home/poseidon/workflows/predict-future-sales-workflow/submit/poseidon/pegasus/predict-future-sales/run0049/00/00/./xgboost_hp_tuning_group_1.000/00/00/xgboost_hp_tuning_ID0000003.meta,/home/poseidon/workflows/predict-future-sales-workflow/submit/poseidon/pegasus/predict-future-sales/run0049/00/00/./xgboost_hp_tuning_group_1.000/00/00/xgboost_hp_tuning_ID0000021.meta,/home/poseidon/workflows/predict-future-sales-workflow/submit/poseidon/pegasus/predict-future-sales/run0049/00/00/./xgboost_hp_tuning_group_1.000/00/00/xgboost_hp_tuning_ID0000019.meta,/home/poseidon/workflows/predict-future-sales-workflow/submit/poseidon/pegasus/predict-future-sales/run0049/00/00/./xgboost_hp_tuning_group_1.000/00/00/xgboost_hp_tuning_ID0000016.meta --insert /home/poseidon/workflows/predict-future-sales-workflow/submit/poseidon/pegasus/predict-future-sales/run0049/00/00/./xgboost_hp_tuning_group_1.000/00/00/register_condorpool_0_1.in",3.0,0,0,,,,,,,,,
xgboost_best_params_ID0000024_pegasus-plan_ID0000012,None,compute,0,1676959870.0,,,1676959875.0,1676959850.0,1676959867.0,39695146.7,1676959889.0,1676959925.0,1676959874.0,1676959878.0,261.0,1676959925.0,1676959930.0,5.0,,14.0,36.0,5.0,17.0,368018657.0,4.0,1076.0,poseidon,condorpool,poseidon-worker-2-container-8-15,xgboost_best_params,/srv/xgboost_best_params,,0.0,0,0,,,,,,,,,
stage_out_local_condorpool_0_1_pegasus-plan_ID0000012,None,transfer,0,1676959870.0,,,1676959875.0,,,0.0,1676959875.0,1676959885.0,1676959875.0,1676959879.0,2108.0,1676959885.0,1676959890.0,5.0,,0.0,10.0,5.0,,,4.0,8504.0,poseidon,local,host-10-100-100-12.openstacklocal,pegasus::transfer,/home/poseidon/pegasus-5.1.0panorama/bin/pegasus-transfer,/home/poseidon/pegasus-5.1.0panorama/bin/../bin/pegasus-kickstart  -n pegasus::transfer -N null -i - -R local  -L xgboost_hp_tuning_group_0 -T 2023-02-21T06:07:21+00:00 /home/poseidon/pegasus-5.1.0panorama/bin/../bin/pegasus-transfer  --threads 2,1.0,0,0,,,,,,,,,
register_condorpool_0_0_pegasus-plan_ID0000012,None,auxiliary,0,1676959885.0,,,1676959900.0,,,0.0,1676959900.0,1676959905.0,,,0.0,1676959905.0,1676959910.0,15.0,,0.0,5.0,5.0,,,,,poseidon,local,host-10-100-100-12.openstacklocal,pegasus::rc-client,/home/poseidon/pegasus-5.1.0panorama/bin/pegasus-rc-client,"-n pegasus::rc-client -N null -R local  -L xgboost_hp_tuning_group_0 -T 2023-02-21T06:07:21+00:00 /home/poseidon/pegasus-5.1.0panorama/bin/pegasus-rc-client --prefix pegasus.catalog.replica.output --conf /home/poseidon/workflows/predict-future-sales-workflow/submit/poseidon/pegasus/predict-future-sales/run0049/00/00/./xgboost_hp_tuning_group_0.000/pegasus.14290941119904036184.properties -v --meta /home/poseidon/workflows/predict-future-sales-workflow/submit/poseidon/pegasus/predict-future-sales/run0049/00/00/./xgboost_hp_tuning_group_0.000/00/00/xgboost_hp_tuning_ID0000018.meta,/home/poseidon/workflows/predict-future-sales-workflow/submit/poseidon/pegasus/predict-future-sales/run0049/00/00/./xgboost_hp_tuning_group_0.000/00/00/xgboost_hp_tuning_ID0000009.meta,/home/poseidon/workflows/predict-future-sales-workflow/submit/poseidon/pegasus/predict-future-sales/run0049/00/00/./xgboost_hp_tuning_group_0.000/00/00/xgboost_hp_tuning_ID0000012.meta,/home/poseidon/workflows/predict-future-sales-workflow/submit/poseidon/pegasus/predict-future-sales/run0049/00/00/./xgboost_hp_tuning_group_0.000/00/00/xgboost_hp_tuning_ID0000008.meta,/home/poseidon/workflows/predict-future-sales-workflow/submit/poseidon/pegasus/predict-future-sales/run0049/00/00/./xgboost_hp_tuning_group_0.000/00/00/xgboost_hp_tuning_ID0000010.meta,/home/poseidon/workflows/predict-future-sales-workflow/submit/poseidon/pegasus/predict-future-sales/run0049/00/00/./xgboost_hp_tuning_group_0.000/00/00/xgboost_hp_tuning_ID0000002.meta,/home/poseidon/workflows/predict-future-sales-workflow/submit/poseidon/pegasus/predict-future-sales/run0049/00/00/./xgboost_hp_tuning_group_0.000/00/00/xgboost_hp_tuning_ID0000005.meta,/home/poseidon/workflows/predict-future-sales-workflow/submit/poseidon/pegasus/predict-future-sales/run0049/00/00/./xgboost_hp_tuning_group_0.000/00/00/xgboost_hp_tuning_ID0000015.meta --insert /home/poseidon/workflows/predict-future-sales-workflow/submit/poseidon/pegasus/predict-future-sales/run0049/00/00/./xgboost_hp_tuning_group_0.000/00/00/register_condorpool_0_0.in",3.0,0,0,,,,,,,,,
register_condorpool_0_2_pegasus-plan_ID0000012,None,auxiliary,0,1676959885.0,,,1676959890.0,,,0.0,1676959890.0,1676959895.0,,,0.0,1676959895.0,1676959900.0,5.0,,0.0,5.0,5.0,,,,,poseidon,local,host-10-100-100-12.openstacklocal,pegasus::rc-client,/home/poseidon/pegasus-5.1.0panorama/bin/pegasus-rc-client,"-n pegasus::rc-client -N null -R local  -L xgboost_hp_tuning_group_0 -T 2023-02-21T06:07:21+00:00 /home/poseidon/pegasus-5.1.0panorama/bin/pegasus-rc-client --prefix pegasus.catalog.replica.output --conf /home/poseidon/workflows/predict-future-sales-workflow/submit/poseidon/pegasus/predict-future-sales/run0049/00/00/./xgboost_hp_tuning_group_0.000/pegasus.14290941119904036184.properties -v --meta /home/poseidon/workflows/predict-future-sales-workflow/submit/poseidon/pegasus/predict-future-sales/run0049/00/00/./xgboost_hp_tuning_group_0.000/00/00/xgboost_hp_tuning_ID0000014.meta,/home/poseidon/workflows/predict-future-sales-workflow/submit/poseidon/pegasus/predict-future-sales/run0049/00/00/./xgboost_hp_tuning_group_0.000/00/00/xgboost_hp_tuning_ID0000001.meta,/home/poseidon/workflows/predict-future-sales-workflow/submit/poseidon/pegasus/predict-future-sales/run0049/00/00/./xgboost_hp_tuning_group_0.000/00/00/xgboost_hp_tuning_ID0000007.meta,/home/poseidon/workflows/predict-future-sales-workflow/submit/poseidon/pegasus/predict-future-sales/run0049/00/00/./xgboost_hp_tuning_group_0.000/00/00/xgboost_hp_tuning_ID0000004.meta,/home/poseidon/workflows/predict-future-sales-workflow/submit/poseidon/pegasus/predict-future-sales/run0049/00/00/./xgboost_hp_tuning_group_0.000/00/00/xgboost_hp_tuning_ID0000022.meta,/home/poseidon/workflows/predict-future-sales-workflow/submit/poseidon/pegasus/predict-future-sales/run0049/00/00/./xgboost_hp_tuning_group_0.000/00/00/xgboost_hp_tuning_ID0000020.meta,/home/poseidon/workflows/predict-future-sales-workflow/submit/poseidon/pegasus/predict-future-sales/run0049/00/00/./xgboost_hp_tuning_group_0.000/00/00/xgboost_hp_tuning_ID0000017.meta --insert /home/poseidon/workflows/predict-future-sales-workflow/submit/poseidon/pegasus/predict-future-sales/run0049/00/00/./xgboost_hp_tuning_group_0.000/00/00/register_condorpool_0_2.in",2.9,0,0,,,,,,,,,
register_condorpool_0_1_pegasus-plan_ID0000012,None,auxiliary,0,1676959890.0,,,1676959910.0,,,0.0,1676959912.0,1676959915.0,,,0.0,1676959915.0,1676959920.0,20.0,,2.0,3.0,5.0,,,,,poseidon,local,host-10-100-100-12.openstacklocal,pegasus::rc-client,/home/poseidon/pegasus-5.1.0panorama/bin/pegasus-rc-client,"-n pegasus::rc-client -N null -R local  -L xgboost_hp_tuning_group_0 -T 2023-02-21T06:07:21+00:00 /home/poseidon/pegasus-5.1.0panorama/bin/pegasus-rc-client --prefix pegasus.catalog.replica.output --conf /home/poseidon/workflows/predict-future-sales-workflow/submit/poseidon/pegasus/predict-future-sales/run0049/00/00/./xgboost_hp_tuning_group_0.000/pegasus.14290941119904036184.properties -v --meta /home/poseidon/workflows/predict-future-sales-workflow/submit/poseidon/pegasus/predict-future-sales/run0049/00/00/./xgboost_hp_tuning_group_0.000/00/00/xgboost_hp_tuning_ID0000019.meta,/home/poseidon/workflows/predict-future-sales-workflow/submit/poseidon/pegasus/predict-future-sales/run0049/00/00/./xgboost_hp_tuning_group_0.000/00/00/xgboost_hp_tuning_ID0000003.meta,/home/poseidon/workflows/predict-future-sales-workflow/submit/poseidon/pegasus/predict-future-sales/run0049/00/00/./xgboost_hp_tuning_group_0.000/00/00/xgboost_hp_tuning_ID0000006.meta,/home/poseidon/workflows/predict-future-sales-workflow/submit/poseidon/pegasus/predict-future-sales/run0049/00/00/./xgboost_hp_tuning_group_0.000/00/00/xgboost_hp_tuning_ID0000016.meta,/home/poseidon/workflows/predict-future-sales-workflow/submit/poseidon/pegasus/predict-future-sales/run0049/00/00/./xgboost_hp_tuning_group_0.000/00/00/xgboost_hp_tuning_ID0000013.meta,/home/poseidon/workflows/predict-future-sales-workflow/submit/poseidon/pegasus/predict-future-sales/run0049/00/00/./xgboost_hp_tuning_group_0.000/00/00/xgboost_hp_tuning_ID0000023.meta,/home/poseidon/workflows/predict-future-sales-workflow/submit/poseidon/pegasus/predict-future-sales/run0049/00/00/./xgboost_hp_tuning_group_0.000/00/00/xgboost_hp_tuning_ID0000011.meta,/home/poseidon/workflows/predict-future-sales-workflow/submit/poseidon/pegasus/predict-future-sales/run0049/00/00/./xgboost_hp_tuning_group_0.000/00/00/xgboost_hp_tuning_ID0000021.meta --insert /home/poseidon/workflows/predict-future-sales-workflow/submit/poseidon/pegasus/predict-future-sales/run0049/00/00/./xgboost_hp_tuning_group_0.000/00/00/register_condorpool_0_1.in",3.0,0,0,,,,,,,,,
stage_out_local_condorpool_1_0_pegasus-plan_ID0000016,None,transfer,0,1676959895.0,,,1676959900.0,,,0.0,1676959902.0,1676959915.0,1676959902.0,1676959907.0,1227.0,1676959915.0,1676959920.0,5.0,,2.0,13.0,5.0,,,5.0,5310.0,poseidon,local,host-10-100-100-12.openstacklocal,pegasus::transfer,/home/poseidon/pegasus-5.1.0panorama/bin/pegasus-transfer,/home/poseidon/pegasus-5.1.0panorama/bin/../bin/pegasus-kickstart  -n pegasus::transfer -N null -i - -R local  -L xgboost_hp_tuning_group_1 -T 2023-02-21T06:07:21+00:00 /home/poseidon/pegasus-5.1.0panorama/bin/../bin/pegasus-transfer  --threads 2,0.7,0,0,,,,,,,,,
register_condorpool_1_0_pegasus-plan_ID0000016,None,auxiliary,0,1676959920.0,,,1676959925.0,,,0.0,1676959925.0,1676959930.0,,,0.0,1676959930.0,1676959935.0,5.0,,0.0,5.0,5.0,,,,,poseidon,local,host-10-100-100-12.openstacklocal,pegasus::rc-client,/home/poseidon/pegasus-5.1.0panorama/bin/pegasus-rc-client,-n pegasus::rc-client -N null -R local  -L xgboost_hp_tuning_group_1 -T 2023-02-21T06:07:21+00:00 /home/poseidon/pegasus-5.1.0panorama/bin/pegasus-rc-client --prefix pegasus.catalog.replica.output --conf /home/poseidon/workflows/predict-future-sales-workflow/submit/poseidon/pegasus/predict-future-sales/run0049/00/00/./xgboost_hp_tuning_group_1.000/pegasus.4403147634807588058.properties -v --meta /home/poseidon/workflows/predict-future-sales-workflow/submit/poseidon/pegasus/predict-future-sales/run0049/00/00/./xgboost_hp_tuning_group_1.000/00/00/xgboost_best_params_ID0000024.meta --insert /home/poseidon/workflows/predict-future-sales-workflow/submit/poseidon/pegasus/predict-future-sales/run0049/00/00/./xgboost_hp_tuning_group_1.000/00/00/register_condorpool_1_0.in,3.0,0,0,,,,,,,,,
stage_out_local_condorpool_1_0_pegasus-plan_ID0000012,None,transfer,0,1676959930.0,,,1676959935.0,,,0.0,1676959935.0,1676959945.0,1676959935.0,1676959939.0,1269.0,1676959945.0,1676959950.0,5.0,,0.0,10.0,5.0,,,4.0,5380.0,poseidon,local,host-10-100-100-12.openstacklocal,pegasus::transfer,/home/poseidon/pegasus-5.1.0panorama/bin/pegasus-transfer,/home/poseidon/pegasus-5.1.0panorama/bin/../bin/pegasus-kickstart  -n pegasus::transfer -N null -i - -R local  -L xgboost_hp_tuning_group_0 -T 2023-02-21T06:07:21+00:00 /home/poseidon/pegasus-5.1.0panorama/bin/../bin/pegasus-transfer  --threads 2,0.7,0,0,,,,,,,,,
xgboost_model_ID0000017,None,compute,0,1676959940.0,,,1676959945.0,1676960152.0,1676960168.0,45789177.2,1676960190.0,1676960230.0,1676960178.0,1676960182.0,31897.0,1676960230.0,1676960235.0,5.0,,245.0,40.0,5.0,16.0,377645129.0,4.0,134552.0,poseidon,condorpool,poseidon-worker-3-container-8-15,xgboost_model,/srv/xgboost_model,,8.4,0,0,,,,,,,,,
register_condorpool_1_0_pegasus-plan_ID0000012,None,auxiliary,0,1676959950.0,,,1676959955.0,,,0.0,1676959955.0,1676959960.0,,,0.0,1676959960.0,1676959965.0,5.0,,0.0,5.0,5.0,,,,,poseidon,local,host-10-100-100-12.openstacklocal,pegasus::rc-client,/home/poseidon/pegasus-5.1.0panorama/bin/pegasus-rc-client,-n pegasus::rc-client -N null -R local  -L xgboost_hp_tuning_group_0 -T 2023-02-21T06:07:21+00:00 /home/poseidon/pegasus-5.1.0panorama/bin/pegasus-rc-client --prefix pegasus.catalog.replica.output --conf /home/poseidon/workflows/predict-future-sales-workflow/submit/poseidon/pegasus/predict-future-sales/run0049/00/00/./xgboost_hp_tuning_group_0.000/pegasus.14290941119904036184.properties -v --meta /home/poseidon/workflows/predict-future-sales-workflow/submit/poseidon/pegasus/predict-future-sales/run0049/00/00/./xgboost_hp_tuning_group_0.000/00/00/xgboost_best_params_ID0000024.meta --insert /home/poseidon/workflows/predict-future-sales-workflow/submit/poseidon/pegasus/predict-future-sales/run0049/00/00/./xgboost_hp_tuning_group_0.000/00/00/register_condorpool_1_0.in,2.9,0,0,,,,,,,,,
xgboost_model_ID0000013,None,compute,0,1676959970.0,,,1676959975.0,1676960166.0,1676960184.0,51535425.0,1676960205.0,1676960250.0,1676960198.0,1676960203.0,445097.0,1676960250.0,1676960255.0,5.0,,230.0,45.0,5.0,18.0,502671206.0,5.0,1941395.0,poseidon,condorpool,poseidon-worker-3-container-32-39,xgboost_model,/srv/xgboost_model,,33.9,0,0,,,,,,,,,
model_predict_ID0000018,None,compute,0,1676960235.0,,,1676960240.0,1676960203.0,1676960219.0,44706501.0,1676960241.0,1676960280.0,1676960227.0,1676960231.0,6073.0,1676960280.0,1676960285.0,5.0,,1.0,39.0,5.0,16.0,368236801.0,4.0,25035.0,poseidon,condorpool,poseidon-worker-2-container-40-47,model_predict,/srv/model_predict,,2.5,0,0,,,,,,,,,
model_predict_ID0000014,None,compute,0,1676960255.0,,,1676960260.0,1676960223.0,1676960240.0,45143720.5,1676960262.0,1676960300.0,1676960248.0,1676960252.0,105972.0,1676960300.0,1676960305.0,5.0,,2.0,38.0,5.0,17.0,372128802.0,4.0,451213.0,poseidon,condorpool,poseidon-worker-1-container-32-39,model_predict,/srv/model_predict,,2.8,0,0,,,,,,,,,
stage_out_local_condorpool_0_0_pegasus-plan_ID0000020,None,transfer,0,1676960564.0,,,1676960569.0,,,0.0,1676960569.0,1676960579.0,1676960569.0,1676960573.0,2097.0,1676960579.0,1676960584.0,5.0,,0.0,10.0,5.0,,,4.0,8459.0,poseidon,local,host-10-100-100-12.openstacklocal,pegasus::transfer,/home/poseidon/pegasus-5.1.0panorama/bin/pegasus-transfer,/home/poseidon/pegasus-5.1.0panorama/bin/../bin/pegasus-kickstart  -n pegasus::transfer -N null -i - -R local  -L xgboost_hp_tuning_group_2 -T 2023-02-21T06:07:26+00:00 /home/poseidon/pegasus-5.1.0panorama/bin/../bin/pegasus-transfer  --threads 2,1.0,0,0,,,,,,,,,
stage_out_local_condorpool_0_2_pegasus-plan_ID0000020,None,transfer,0,1676960579.0,,,1676960584.0,,,0.0,1676960584.0,1676960594.0,1676960585.0,1676960589.0,1842.0,1676960594.0,1676960599.0,5.0,,0.0,10.0,5.0,,,4.0,7426.0,poseidon,local,host-10-100-100-12.openstacklocal,pegasus::transfer,/home/poseidon/pegasus-5.1.0panorama/bin/pegasus-transfer,/home/poseidon/pegasus-5.1.0panorama/bin/../bin/pegasus-kickstart  -n pegasus::transfer -N null -i - -R local  -L xgboost_hp_tuning_group_2 -T 2023-02-21T06:07:26+00:00 /home/poseidon/pegasus-5.1.0panorama/bin/../bin/pegasus-transfer  --threads 2,1.0,0,0,,,,,,,,,
register_condorpool_0_0_pegasus-plan_ID0000020,None,auxiliary,0,1676960584.0,,,1676960589.0,,,0.0,1676960590.0,1676960594.0,,,0.0,1676960594.0,1676960599.0,5.0,,1.0,4.0,5.0,,,,,poseidon,local,host-10-100-100-12.openstacklocal,pegasus::rc-client,/home/poseidon/pegasus-5.1.0panorama/bin/pegasus-rc-client,"-n pegasus::rc-client -N null -R local  -L xgboost_hp_tuning_group_2 -T 2023-02-21T06:07:26+00:00 /home/poseidon/pegasus-5.1.0panorama/bin/pegasus-rc-client --prefix pegasus.catalog.replica.output --conf /home/poseidon/workflows/predict-future-sales-workflow/submit/poseidon/pegasus/predict-future-sales/run0049/00/00/./xgboost_hp_tuning_group_2.000/pegasus.15855118925566129182.properties -v --meta /home/poseidon/workflows/predict-future-sales-workflow/submit/poseidon/pegasus/predict-future-sales/run0049/00/00/./xgboost_hp_tuning_group_2.000/00/00/xgboost_hp_tuning_ID0000018.meta,/home/poseidon/workflows/predict-future-sales-workflow/submit/poseidon/pegasus/predict-future-sales/run0049/00/00/./xgboost_hp_tuning_group_2.000/00/00/xgboost_hp_tuning_ID0000002.meta,/home/poseidon/workflows/predict-future-sales-workflow/submit/poseidon/pegasus/predict-future-sales/run0049/00/00/./xgboost_hp_tuning_group_2.000/00/00/xgboost_hp_tuning_ID0000005.meta,/home/poseidon/workflows/predict-future-sales-workflow/submit/poseidon/pegasus/predict-future-sales/run0049/00/00/./xgboost_hp_tuning_group_2.000/00/00/xgboost_hp_tuning_ID0000009.meta,/home/poseidon/workflows/predict-future-sales-workflow/submit/poseidon/pegasus/predict-future-sales/run0049/00/00/./xgboost_hp_tuning_group_2.000/00/00/xgboost_hp_tuning_ID0000015.meta,/home/poseidon/workflows/predict-future-sales-workflow/submit/poseidon/pegasus/predict-future-sales/run0049/00/00/./xgboost_hp_tuning_group_2.000/00/00/xgboost_hp_tuning_ID0000012.meta,/home/poseidon/workflows/predict-future-sales-workflow/submit/poseidon/pegasus/predict-future-sales/run0049/00/00/./xgboost_hp_tuning_group_2.000/00/00/xgboost_hp_tuning_ID0000010.meta,/home/poseidon/workflows/predict-future-sales-workflow/submit/poseidon/pegasus/predict-future-sales/run0049/00/00/./xgboost_hp_tuning_group_2.000/00/00/xgboost_hp_tuning_ID0000008.meta --insert /home/poseidon/workflows/predict-future-sales-workflow/submit/poseidon/pegasus/predict-future-sales/run0049/00/00/./xgboost_hp_tuning_group_2.000/00/00/register_condorpool_0_0.in",2.8,0,0,,,,,,,,,
register_condorpool_0_2_pegasus-plan_ID0000020,None,auxiliary,0,1676960599.0,,,1676960604.0,,,0.0,1676960604.0,1676960609.0,,,0.0,1676960609.0,1676960614.0,5.0,,0.0,5.0,5.0,,,,,poseidon,local,host-10-100-100-12.openstacklocal,pegasus::rc-client,/home/poseidon/pegasus-5.1.0panorama/bin/pegasus-rc-client,"-n pegasus::rc-client -N null -R local  -L xgboost_hp_tuning_group_2 -T 2023-02-21T06:07:26+00:00 /home/poseidon/pegasus-5.1.0panorama/bin/pegasus-rc-client --prefix pegasus.catalog.replica.output --conf /home/poseidon/workflows/predict-future-sales-workflow/submit/poseidon/pegasus/predict-future-sales/run0049/00/00/./xgboost_hp_tuning_group_2.000/pegasus.15855118925566129182.properties -v --meta /home/poseidon/workflows/predict-future-sales-workflow/submit/poseidon/pegasus/predict-future-sales/run0049/00/00/./xgboost_hp_tuning_group_2.000/00/00/xgboost_hp_tuning_ID0000017.meta,/home/poseidon/workflows/predict-future-sales-workflow/submit/poseidon/pegasus/predict-future-sales/run0049/00/00/./xgboost_hp_tuning_group_2.000/00/00/xgboost_hp_tuning_ID0000022.meta,/home/poseidon/workflows/predict-future-sales-workflow/submit/poseidon/pegasus/predict-future-sales/run0049/00/00/./xgboost_hp_tuning_group_2.000/00/00/xgboost_hp_tuning_ID0000007.meta,/home/poseidon/workflows/predict-future-sales-workflow/submit/poseidon/pegasus/predict-future-sales/run0049/00/00/./xgboost_hp_tuning_group_2.000/00/00/xgboost_hp_tuning_ID0000020.meta,/home/poseidon/workflows/predict-future-sales-workflow/submit/poseidon/pegasus/predict-future-sales/run0049/00/00/./xgboost_hp_tuning_group_2.000/00/00/xgboost_hp_tuning_ID0000001.meta,/home/poseidon/workflows/predict-future-sales-workflow/submit/poseidon/pegasus/predict-future-sales/run0049/00/00/./xgboost_hp_tuning_group_2.000/00/00/xgboost_hp_tuning_ID0000004.meta,/home/poseidon/workflows/predict-future-sales-workflow/submit/poseidon/pegasus/predict-future-sales/run0049/00/00/./xgboost_hp_tuning_group_2.000/00/00/xgboost_hp_tuning_ID0000014.meta --insert /home/poseidon/workflows/predict-future-sales-workflow/submit/poseidon/pegasus/predict-future-sales/run0049/00/00/./xgboost_hp_tuning_group_2.000/00/00/register_condorpool_0_2.in",3.0,0,0,,,,,,,,,
xgboost_best_params_ID0000024_pegasus-plan_ID0000020,None,compute,0,1676960674.0,,,1676960679.0,1676960642.0,1676960659.0,39307896.3,1676960681.0,1676960719.0,1676960665.0,1676960669.0,258.0,1676960719.0,1676960724.0,5.0,,2.0,38.0,5.0,17.0,368018663.0,4.0,1060.0,poseidon,condorpool,poseidon-worker-2-container-16-23,xgboost_best_params,/srv/xgboost_best_params,,0.0,0,0,,,,,,,,,
stage_out_local_condorpool_0_1_pegasus-plan_ID0000020,None,transfer,0,1676960674.0,,,1676960679.0,,,0.0,1676960679.0,1676960689.0,1676960679.0,1676960683.0,2109.0,1676960689.0,1676960694.0,5.0,,0.0,10.0,5.0,,,4.0,8509.0,poseidon,local,host-10-100-100-12.openstacklocal,pegasus::transfer,/home/poseidon/pegasus-5.1.0panorama/bin/pegasus-transfer,/home/poseidon/pegasus-5.1.0panorama/bin/../bin/pegasus-kickstart  -n pegasus::transfer -N null -i - -R local  -L xgboost_hp_tuning_group_2 -T 2023-02-21T06:07:26+00:00 /home/poseidon/pegasus-5.1.0panorama/bin/../bin/pegasus-transfer  --threads 2,1.0,0,0,,,,,,,,,
register_condorpool_0_1_pegasus-plan_ID0000020,None,auxiliary,0,1676960694.0,,,1676960699.0,,,0.0,1676960699.0,1676960704.0,,,0.0,1676960704.0,1676960709.0,5.0,,0.0,5.0,5.0,,,,,poseidon,local,host-10-100-100-12.openstacklocal,pegasus::rc-client,/home/poseidon/pegasus-5.1.0panorama/bin/pegasus-rc-client,"-n pegasus::rc-client -N null -R local  -L xgboost_hp_tuning_group_2 -T 2023-02-21T06:07:26+00:00 /home/poseidon/pegasus-5.1.0panorama/bin/pegasus-rc-client --prefix pegasus.catalog.replica.output --conf /home/poseidon/workflows/predict-future-sales-workflow/submit/poseidon/pegasus/predict-future-sales/run0049/00/00/./xgboost_hp_tuning_group_2.000/pegasus.15855118925566129182.properties -v --meta /home/poseidon/workflows/predict-future-sales-workflow/submit/poseidon/pegasus/predict-future-sales/run0049/00/00/./xgboost_hp_tuning_group_2.000/00/00/xgboost_hp_tuning_ID0000013.meta,/home/poseidon/workflows/predict-future-sales-workflow/submit/poseidon/pegasus/predict-future-sales/run0049/00/00/./xgboost_hp_tuning_group_2.000/00/00/xgboost_hp_tuning_ID0000023.meta,/home/poseidon/workflows/predict-future-sales-workflow/submit/poseidon/pegasus/predict-future-sales/run0049/00/00/./xgboost_hp_tuning_group_2.000/00/00/xgboost_hp_tuning_ID0000011.meta,/home/poseidon/workflows/predict-future-sales-workflow/submit/poseidon/pegasus/predict-future-sales/run0049/00/00/./xgboost_hp_tuning_group_2.000/00/00/xgboost_hp_tuning_ID0000006.meta,/home/poseidon/workflows/predict-future-sales-workflow/submit/poseidon/pegasus/predict-future-sales/run0049/00/00/./xgboost_hp_tuning_group_2.000/00/00/xgboost_hp_tuning_ID0000003.meta,/home/poseidon/workflows/predict-future-sales-workflow/submit/poseidon/pegasus/predict-future-sales/run0049/00/00/./xgboost_hp_tuning_group_2.000/00/00/xgboost_hp_tuning_ID0000021.meta,/home/poseidon/workflows/predict-future-sales-workflow/submit/poseidon/pegasus/predict-future-sales/run0049/00/00/./xgboost_hp_tuning_group_2.000/00/00/xgboost_hp_tuning_ID0000019.meta,/home/poseidon/workflows/predict-future-sales-workflow/submit/poseidon/pegasus/predict-future-sales/run0049/00/00/./xgboost_hp_tuning_group_2.000/00/00/xgboost_hp_tuning_ID0000016.meta --insert /home/poseidon/workflows/predict-future-sales-workflow/submit/poseidon/pegasus/predict-future-sales/run0049/00/00/./xgboost_hp_tuning_group_2.000/00/00/register_condorpool_0_1.in",3.0,0,0,,,,,,,,,
stage_out_local_condorpool_1_0_pegasus-plan_ID0000020,None,transfer,0,1676960724.0,,,1676960729.0,,,0.0,1676960729.0,1676960739.0,1676960729.0,1676960733.0,1253.0,1676960739.0,1676960744.0,5.0,,0.0,10.0,5.0,,,4.0,5300.0,poseidon,local,host-10-100-100-12.openstacklocal,pegasus::transfer,/home/poseidon/pegasus-5.1.0panorama/bin/pegasus-transfer,/home/poseidon/pegasus-5.1.0panorama/bin/../bin/pegasus-kickstart  -n pegasus::transfer -N null -i - -R local  -L xgboost_hp_tuning_group_2 -T 2023-02-21T06:07:26+00:00 /home/poseidon/pegasus-5.1.0panorama/bin/../bin/pegasus-transfer  --threads 2,0.7,0,0,,,,,,,,,
register_condorpool_1_0_pegasus-plan_ID0000020,None,auxiliary,0,1676960744.0,,,1676960749.0,,,0.0,1676960749.0,1676960754.0,,,0.0,1676960754.0,1676960759.0,5.0,,0.0,5.0,5.0,,,,,poseidon,local,host-10-100-100-12.openstacklocal,pegasus::rc-client,/home/poseidon/pegasus-5.1.0panorama/bin/pegasus-rc-client,-n pegasus::rc-client -N null -R local  -L xgboost_hp_tuning_group_2 -T 2023-02-21T06:07:26+00:00 /home/poseidon/pegasus-5.1.0panorama/bin/pegasus-rc-client --prefix pegasus.catalog.replica.output --conf /home/poseidon/workflows/predict-future-sales-workflow/submit/poseidon/pegasus/predict-future-sales/run0049/00/00/./xgboost_hp_tuning_group_2.000/pegasus.15855118925566129182.properties -v --meta /home/poseidon/workflows/predict-future-sales-workflow/submit/poseidon/pegasus/predict-future-sales/run0049/00/00/./xgboost_hp_tuning_group_2.000/00/00/xgboost_best_params_ID0000024.meta --insert /home/poseidon/workflows/predict-future-sales-workflow/submit/poseidon/pegasus/predict-future-sales/run0049/00/00/./xgboost_hp_tuning_group_2.000/00/00/register_condorpool_1_0.in,2.9,0,0,,,,,,,,,
xgboost_model_ID0000021,None,compute,0,1676960760.0,,,1676960765.0,1676960732.0,1676960762.0,74710392.2,1676960771.0,1676960910.0,1676960855.0,1676960860.0,464623.0,1676960910.0,1676960915.0,5.0,,6.0,139.0,5.0,30.0,1691152081.0,5.0,2023471.0,poseidon,condorpool,poseidon-worker-2-container-0-7,xgboost_model,/srv/xgboost_model,,467.5,0,0,0.1,1348823263.0,24449.0,5298.0,8.0,428.6,16.9,16860290.8,2444.9
stage_out_local_local_5_0,None,transfer,0,1676960760.0,,,1676960765.0,,,0.0,1676960765.0,1676960775.0,1676960766.0,1676960770.0,793.0,1676960775.0,1676960780.0,5.0,,0.0,10.0,5.0,,,4.0,3198.0,poseidon,local,host-10-100-100-12.openstacklocal,pegasus::transfer,/home/poseidon/pegasus-5.1.0panorama/bin/pegasus-transfer,pegasus-kickstart  -n pegasus::transfer -N null -i - -R local  -L predict-future-sales -T 2023-02-17T19:59:06+00:00 pegasus-transfer  --threads 2,0.3,0,0,,,,,,,,,
cleanup_predict-future-sales_0_local,None,auxiliary,0,1676960780.0,,,1676960785.0,,,0.0,1676960786.0,1676960795.0,,,0.0,1676960795.0,1676960800.0,5.0,,1.0,9.0,5.0,,,,,poseidon,local,host-10-100-100-12.openstacklocal,pegasus::cleanup,/home/poseidon/pegasus-5.1.0panorama/bin/pegasus-transfer,pegasus-kickstart  -n pegasus::cleanup -N null -i - -R local  -L predict-future-sales -T 2023-02-17T19:59:06+00:00 pegasus-transfer,0.3,0,0,,,,,,,,,
stage_out_local_condorpool_6_0,None,transfer,0,1676960915.0,,,1676960920.0,,,0.0,1676960920.0,1676960930.0,1676960920.0,1676960924.0,1016990.0,1676960930.0,1676960935.0,5.0,,0.0,10.0,5.0,,,4.0,4099418.0,poseidon,local,host-10-100-100-12.openstacklocal,pegasus::transfer,/home/poseidon/pegasus-5.1.0panorama/bin/pegasus-transfer,pegasus-kickstart  -n pegasus::transfer -N null -i - -R local  -L predict-future-sales -T 2023-02-17T19:59:06+00:00 pegasus-transfer  --threads 2,0.9,0,0,,,,,,,,,
model_predict_ID0000022,None,compute,0,1676960915.0,,,1676960920.0,1676960883.0,1676960900.0,42403634.0,1676960922.0,1676960960.0,1676960908.0,1676960912.0,1278053.0,1676960960.0,1676960965.0,5.0,,2.0,38.0,5.0,17.0,397028154.0,4.0,5523764.0,poseidon,condorpool,poseidon-worker-2-container-0-7,model_predict,/srv/model_predict,,3.1,0,0,,,,,,,,,
stage_out_local_condorpool_7_0,None,transfer,0,1676960965.0,,,1676960971.0,,,0.0,1676960971.0,1676960981.0,1676960971.0,1676960975.0,1489111.0,1676960981.0,1676960986.0,6.0,,0.0,10.0,5.0,,,4.0,6000012.0,poseidon,local,host-10-100-100-12.openstacklocal,pegasus::transfer,/home/poseidon/pegasus-5.1.0panorama/bin/pegasus-transfer,pegasus-kickstart  -n pegasus::transfer -N null -i - -R local  -L predict-future-sales -T 2023-02-17T19:59:06+00:00 pegasus-transfer  --threads 2,0.6,0,0,,,,,,,,,
predict_merge_ID0000023,None,compute,0,1676960965.0,,,1676960971.0,1676960933.0,1676960951.0,40288803.7,1676960972.0,1676961011.0,1676960959.0,1676960963.0,874249.0,1676961011.0,1676961016.0,6.0,,1.0,39.0,5.0,18.0,377176763.0,4.0,3775367.0,poseidon,condorpool,poseidon-worker-2-container-0-7,predict_merge,/srv/predict_merge,,1.4,0,0,,,,,,,,,
stage_out_local_condorpool_8_0,None,transfer,0,1676961016.0,,,1676961021.0,,,0.0,1676961021.0,1676961031.0,1676961021.0,1676961024.0,1747379.0,1676961031.0,1676961036.0,5.0,,0.0,10.0,5.0,,,3.0,3775367.0,poseidon,local,host-10-100-100-12.openstacklocal,pegasus::transfer,/home/poseidon/pegasus-5.1.0panorama/bin/pegasus-transfer,pegasus-kickstart  -n pegasus::transfer -N null -i - -R local  -L predict-future-sales -T 2023-02-17T19:59:06+00:00 pegasus-transfer  --threads 2,0.4,0,0,,,,,,,,,
cleanup_predict-future-sales_0_condorpool,None,auxiliary,0,1676961036.0,,,1676961041.0,,,0.0,1676961041.0,1676961051.0,,,0.0,1676961051.0,1676961056.0,5.0,,0.0,10.0,5.0,,,,,poseidon,local,host-10-100-100-12.openstacklocal,pegasus::cleanup,/home/poseidon/pegasus-5.1.0panorama/bin/pegasus-transfer,pegasus-kickstart  -n pegasus::cleanup -N null -i - -R local  -L predict-future-sales -T 2023-02-17T19:59:06+00:00 pegasus-transfer,0.3,0,0,,,,,,,,,
