,anomaly_type,type,is_clustered,ready,pre_script_start,pre_script_end,submit,stage_in_start,stage_in_end,stage_in_effective_bytes_per_sec,execute_start,execute_end,stage_out_start,stage_out_end,stage_out_effective_bytes_per_sec,post_script_start,post_script_end,wms_delay,pre_script_delay,queue_delay,runtime,post_script_delay,stage_in_delay,stage_in_bytes,stage_out_delay,stage_out_bytes,kickstart_user,kickstart_site,kickstart_hostname,kickstart_transformations,kickstart_executables,kickstart_executables_argv,kickstart_executables_cpu_time,kickstart_status,kickstart_executables_exitcode,kickstart_online_iowait,kickstart_online_bytes_read,kickstart_online_bytes_written,kickstart_online_read_system_calls,kickstart_online_write_system_calls,kickstart_online_utime,kickstart_online_stime,kickstart_online_bytes_read_per_second,kickstart_online_bytes_written_per_second
create_dir_predict-future-sales_0_local,None,auxiliary,0,1676927798.0,,,1676927799.0,,,0.0,1676927803.0,1676927809.0,,,0.0,1676927809.0,1676927814.0,1.0,,4.0,6.0,5.0,,,,,poseidon,local,host-10-100-100-12.openstacklocal,pegasus::dirmanager,/home/poseidon/pegasus-5.1.0panorama/bin/pegasus-transfer,pegasus-kickstart  -n pegasus::dirmanager -N null -i - -R local  -L predict-future-sales -T 2023-02-17T19:59:06+00:00 pegasus-transfer,0.3,0,0,,,,,,,,,
create_dir_predict-future-sales_0_condorpool,None,auxiliary,0,1676927798.0,,,1676927799.0,,,0.0,1676927803.0,1676927809.0,,,0.0,1676927809.0,1676927814.0,1.0,,4.0,6.0,5.0,,,,,poseidon,local,host-10-100-100-12.openstacklocal,pegasus::dirmanager,/home/poseidon/pegasus-5.1.0panorama/bin/pegasus-transfer,pegasus-kickstart  -n pegasus::dirmanager -N null -i - -R local  -L predict-future-sales -T 2023-02-17T19:59:06+00:00 pegasus-transfer,0.3,0,0,,,,,,,,,
stage_in_local_local_4_0,None,transfer,0,1676927814.0,,,1676927819.0,1676927820.0,1676927822.0,5868.0,1676927819.0,1676927829.0,,,0.0,1676927829.0,1676927834.0,5.0,,0.0,10.0,5.0,2.0,12577.0,,,poseidon,local,host-10-100-100-12.openstacklocal,pegasus::transfer,/home/poseidon/pegasus-5.1.0panorama/bin/pegasus-transfer,pegasus-kickstart  -n pegasus::transfer -N null -i - -R local  -L predict-future-sales -T 2023-02-17T19:59:06+00:00 pegasus-transfer  --threads 2,0.4,0,0,,,,,,,,,
stage_in_local_condorpool_8_0,None,transfer,0,1676927814.0,,,1676927819.0,1676927820.0,1676927823.0,671.0,1676927819.0,1676927829.0,,,0.0,1676927829.0,1676927834.0,5.0,,0.0,10.0,5.0,3.0,2368.0,,,poseidon,local,host-10-100-100-12.openstacklocal,pegasus::transfer,/home/poseidon/pegasus-5.1.0panorama/bin/pegasus-transfer,pegasus-kickstart  -n pegasus::transfer -N null -i - -R local  -L predict-future-sales -T 2023-02-17T19:59:06+00:00 pegasus-transfer  --threads 2,0.5,0,0,,,,,,,,,
stage_in_local_condorpool_3_0,None,transfer,0,1676927814.0,,,1676927819.0,1676927820.0,1676927824.0,2927.0,1676927819.0,1676927829.0,,,0.0,1676927829.0,1676927834.0,5.0,,0.0,10.0,5.0,4.0,12704.0,,,poseidon,local,host-10-100-100-12.openstacklocal,pegasus::transfer,/home/poseidon/pegasus-5.1.0panorama/bin/pegasus-transfer,pegasus-kickstart  -n pegasus::transfer -N null -i - -R local  -L predict-future-sales -T 2023-02-17T19:59:06+00:00 pegasus-transfer  --threads 2,0.6,0,0,,,,,,,,,
stage_in_local_condorpool_2_0,None,transfer,0,1676927814.0,,,1676927819.0,1676927820.0,1676927825.0,9825.0,1676927819.0,1676927834.0,,,0.0,1676927834.0,1676927839.0,5.0,,0.0,15.0,5.0,5.0,55480.0,,,poseidon,local,host-10-100-100-12.openstacklocal,pegasus::transfer,/home/poseidon/pegasus-5.1.0panorama/bin/pegasus-transfer,pegasus-kickstart  -n pegasus::transfer -N null -i - -R local  -L predict-future-sales -T 2023-02-17T19:59:06+00:00 pegasus-transfer  --threads 2,1.0,0,0,,,,,,,,,
stage_in_local_condorpool_1_0,None,transfer,0,1676927814.0,,,1676927819.0,1676927820.0,1676927824.0,3678.0,1676927819.0,1676927829.0,,,0.0,1676927829.0,1676927834.0,5.0,,0.0,10.0,5.0,4.0,15640.0,,,poseidon,local,host-10-100-100-12.openstacklocal,pegasus::transfer,/home/poseidon/pegasus-5.1.0panorama/bin/pegasus-transfer,pegasus-kickstart  -n pegasus::transfer -N null -i - -R local  -L predict-future-sales -T 2023-02-17T19:59:06+00:00 pegasus-transfer  --threads 2,0.6,0,0,,,,,,,,,
stage_in_local_condorpool_0_0,None,transfer,0,1676927814.0,,,1676927819.0,1676927820.0,1676927829.0,97617024.0,1676927819.0,1676927834.0,,,0.0,1676927834.0,1676927839.0,5.0,,0.0,15.0,5.0,9.0,936801734.0,,,poseidon,local,host-10-100-100-12.openstacklocal,pegasus::transfer,/home/poseidon/pegasus-5.1.0panorama/bin/pegasus-transfer,pegasus-kickstart  -n pegasus::transfer -N null -i - -R local  -L predict-future-sales -T 2023-02-17T19:59:06+00:00 pegasus-transfer  --threads 2,5.7,0,0,,,,,,,,,
stage_in_local_condorpool_7_0,None,transfer,0,1676927814.0,,,1676927819.0,1676927820.0,1676927823.0,1002.0,1676927819.0,1676927829.0,,,0.0,1676927829.0,1676927834.0,5.0,,0.0,10.0,5.0,3.0,3488.0,,,poseidon,local,host-10-100-100-12.openstacklocal,pegasus::transfer,/home/poseidon/pegasus-5.1.0panorama/bin/pegasus-transfer,pegasus-kickstart  -n pegasus::transfer -N null -i - -R local  -L predict-future-sales -T 2023-02-17T19:59:06+00:00 pegasus-transfer  --threads 2,0.5,0,0,,,,,,,,,
stage_in_local_condorpool_6_0,None,transfer,0,1676927814.0,,,1676927819.0,1676927820.0,1676927823.0,2265.0,1676927819.0,1676927829.0,,,0.0,1676927829.0,1676927834.0,5.0,,0.0,10.0,5.0,3.0,7870.0,,,poseidon,local,host-10-100-100-12.openstacklocal,pegasus::transfer,/home/poseidon/pegasus-5.1.0panorama/bin/pegasus-transfer,pegasus-kickstart  -n pegasus::transfer -N null -i - -R local  -L predict-future-sales -T 2023-02-17T19:59:06+00:00 pegasus-transfer  --threads 2,0.4,0,0,,,,,,,,,
preprocess_ID0000003,None,compute,0,1676927839.0,,,1676927844.0,1676927821.0,1676927840.0,42507916.2,1676927859.0,1676927909.0,1676927851.0,1676927858.0,21936067.0,1676927909.0,1676927914.0,5.0,,15.0,50.0,5.0,19.0,467356066.0,7.0,160257914.0,poseidon,condorpool,poseidon-worker-1-container-40-47,preprocess,/srv/preprocess,,4.3,0,0,,,,,,,,,
nlp_ID0000002,None,compute,0,1676927839.0,,,1676927844.0,1676927821.0,1676927838.0,41766885.0,1676927859.0,1676928094.0,1676928039.0,1676928044.0,576082.0,1676928094.0,1676928099.0,5.0,,15.0,235.0,5.0,17.0,369033604.0,5.0,2755872.0,poseidon,condorpool,poseidon-worker-2-container-32-39,nlp,/srv/nlp,,1154.9,0,0,0.1,21385586.0,8791.0,3000.0,5.0,1124.7,2.5,112555.7,879.1
eda_ID0000001,None,compute,0,1676927839.0,,,1676927844.0,1676927821.0,1676927839.0,45172672.0,1676927859.0,1676927934.0,1676927879.0,1676927883.0,270606.0,1676927934.0,1676927939.0,5.0,,15.0,75.0,5.0,18.0,464177772.0,4.0,1196336.0,poseidon,condorpool,poseidon-worker-3-container-16-23,eda,/srv/eda,,33.5,0,0,0.0,144952980.0,877030.0,27581.0,42.0,28.3,1.7,4831766.0,29234.3
feature_eng_1_ID0000005,None,compute,0,1676927914.0,,,1676927919.0,1676927892.0,1676927911.0,46317340.0,1676927931.0,1676927994.0,1676927935.0,1676927946.0,36042227.0,1676927994.0,1676927999.0,5.0,,12.0,63.0,5.0,19.0,528250191.0,11.0,393324463.0,poseidon,condorpool,poseidon-worker-3-container-16-23,feature_eng_1,/srv/feature_eng_1,,15.7,0,0,0.0,169608349.0,8.0,1721.0,1.0,8.0,2.0,16960834.9,0.8
feature_eng_0_ID0000004,None,compute,0,1676927914.0,,,1676927919.0,1676927882.0,1676927900.0,41798287.5,1676927920.0,1676927964.0,1676927911.0,1676927916.0,196553.0,1676927964.0,1676927969.0,5.0,,1.0,44.0,5.0,18.0,369949088.0,5.0,893320.0,poseidon,condorpool,poseidon-worker-1-container-40-47,feature_eng_0,/srv/feature_eng_0,,4.9,0,0,,,,,,,,,
feature_eng_5_ID0000009,None,compute,0,1676927999.0,,,1676928004.0,1676927967.0,1676927992.0,48966873.0,1676928005.0,1676928289.0,1676928225.0,1676928240.0,43061946.0,1676928289.0,1676928294.0,5.0,,1.0,284.0,5.0,25.0,856820455.0,15.0,655540227.0,poseidon,condorpool,poseidon-worker-3-container-16-23,feature_eng_5,/srv/feature_eng_5,,222.9,0,0,0.0,498290530.0,8.0,2018.0,1.0,199.5,20.5,2264957.0,0.8
stage_out_local_condorpool_1_0,None,transfer,0,1676927999.0,,,1676928004.0,,,0.0,1676928004.0,1676928014.0,1676928004.0,1676928008.0,92860436.0,1676928014.0,1676928019.0,5.0,,0.0,10.0,5.0,,,4.0,394217783.0,poseidon,local,host-10-100-100-12.openstacklocal,pegasus::transfer,/home/poseidon/pegasus-5.1.0panorama/bin/pegasus-transfer,pegasus-kickstart  -n pegasus::transfer -N null -i - -R local  -L predict-future-sales -T 2023-02-17T19:59:06+00:00 pegasus-transfer  --threads 2,2.2,0,0,,,,,,,,,
feature_eng_3_ID0000007,None,compute,0,1676927999.0,,,1676928004.0,1676927967.0,1676927991.0,46362015.8,1676928005.0,1676928179.0,1676928109.0,1676928133.0,48981453.0,1676928179.0,1676928184.0,5.0,,1.0,174.0,5.0,24.0,762217561.0,24.0,1179971921.0,poseidon,condorpool,poseidon-worker-1-container-40-47,feature_eng_3,/srv/feature_eng_3,,105.8,0,0,0.0,403651527.0,8.0,1492.0,1.0,68.3,31.6,4036515.3,0.8
feature_eng_4_ID0000008,None,compute,0,1676927999.0,,,1676928004.0,1676927981.0,1676928003.0,54409446.6,1676928019.0,1676928134.0,1676928063.0,1676928088.0,49184101.0,1676928134.0,1676928139.0,5.0,,15.0,115.0,5.0,22.0,761328752.0,25.0,1201824259.0,poseidon,condorpool,poseidon-worker-1-container-40-47,feature_eng_4,/srv/feature_eng_4,,48.2,0,0,0.0,402737231.0,8.0,1388.0,1.0,27.9,12.1,10068430.8,0.8
feature_eng_2_ID0000006,None,compute,0,1676927999.0,,,1676928004.0,1676927981.0,1676928004.0,52899211.2,1676928019.0,1676928384.0,1676928303.0,1676928336.0,52245004.0,1676928384.0,1676928389.0,5.0,,15.0,365.0,5.0,23.0,761320658.0,33.0,1748107178.0,poseidon,condorpool,poseidon-worker-3-container-16-23,feature_eng_2,/srv/feature_eng_2,,284.3,0,0,0.0,402814421.0,8.0,1742.0,1.0,212.9,67.1,1438622.9,0.8
register_condorpool_1_0,None,auxiliary,0,1676928019.0,,,1676928024.0,,,0.0,1676928024.0,1676928029.0,,,0.0,1676928029.0,1676928034.0,5.0,,0.0,5.0,5.0,,,,,poseidon,local,host-10-100-100-12.openstacklocal,pegasus::rc-client,/home/poseidon/pegasus-5.1.0panorama/bin/pegasus-rc-client,"pegasus-kickstart  -n pegasus::rc-client -N null -R local  -L predict-future-sales -T 2023-02-17T19:59:06+00:00 /home/poseidon/pegasus-5.1.0panorama/bin/pegasus-rc-client --prefix pegasus.catalog.replica.output --conf /home/poseidon/workflows/predict-future-sales-workflow/submit/poseidon/pegasus/predict-future-sales/run0036/pegasus.9385574943007781779.properties -v --meta /home/poseidon/workflows/predict-future-sales-workflow/submit/poseidon/pegasus/predict-future-sales/run0036/00/00/feature_eng_1_ID0000005.meta,/home/poseidon/workflows/predict-future-sales-workflow/submit/poseidon/pegasus/predict-future-sales/run0036/00/00/feature_eng_0_ID0000004.meta --insert /home/poseidon/workflows/predict-future-sales-workflow/submit/poseidon/pegasus/predict-future-sales/run0036/00/00/register_condorpool_1_0.in",2.9,0,0,,,,,,,,,
stage_out_local_condorpool_0_0,None,transfer,0,1676928099.0,,,1676928104.0,,,0.0,1676928104.0,1676928114.0,1676928105.0,1676928109.0,40729960.0,1676928114.0,1676928119.0,5.0,,0.0,10.0,5.0,,,4.0,164210122.0,poseidon,local,host-10-100-100-12.openstacklocal,pegasus::transfer,/home/poseidon/pegasus-5.1.0panorama/bin/pegasus-transfer,pegasus-kickstart  -n pegasus::transfer -N null -i - -R local  -L predict-future-sales -T 2023-02-17T19:59:06+00:00 pegasus-transfer  --threads 2,2.0,0,0,,,,,,,,,
register_condorpool_0_0,None,auxiliary,0,1676928119.0,,,1676928124.0,,,0.0,1676928124.0,1676928129.0,,,0.0,1676928129.0,1676928134.0,5.0,,0.0,5.0,5.0,,,,,poseidon,local,host-10-100-100-12.openstacklocal,pegasus::rc-client,/home/poseidon/pegasus-5.1.0panorama/bin/pegasus-rc-client,"pegasus-kickstart  -n pegasus::rc-client -N null -R local  -L predict-future-sales -T 2023-02-17T19:59:06+00:00 /home/poseidon/pegasus-5.1.0panorama/bin/pegasus-rc-client --prefix pegasus.catalog.replica.output --conf /home/poseidon/workflows/predict-future-sales-workflow/submit/poseidon/pegasus/predict-future-sales/run0036/pegasus.9385574943007781779.properties -v --meta /home/poseidon/workflows/predict-future-sales-workflow/submit/poseidon/pegasus/predict-future-sales/run0036/00/00/nlp_ID0000002.meta,/home/poseidon/workflows/predict-future-sales-workflow/submit/poseidon/pegasus/predict-future-sales/run0036/00/00/eda_ID0000001.meta,/home/poseidon/workflows/predict-future-sales-workflow/submit/poseidon/pegasus/predict-future-sales/run0036/00/00/preprocess_ID0000003.meta --insert /home/poseidon/workflows/predict-future-sales-workflow/submit/poseidon/pegasus/predict-future-sales/run0036/00/00/register_condorpool_0_0.in",3.0,0,0,,,,,,,,,
stage_out_local_condorpool_2_0,None,transfer,0,1676928389.0,,,1676928394.0,,,0.0,1676928394.0,1676928419.0,1676928394.0,1676928414.0,247659798.0,1676928419.0,1676928424.0,5.0,,0.0,25.0,5.0,,,20.0,4785443585.0,poseidon,local,host-10-100-100-12.openstacklocal,pegasus::transfer,/home/poseidon/pegasus-5.1.0panorama/bin/pegasus-transfer,pegasus-kickstart  -n pegasus::transfer -N null -i - -R local  -L predict-future-sales -T 2023-02-17T19:59:06+00:00 pegasus-transfer  --threads 2,20.8,0,0,,,,,,,,,
feature_merge_ID0000010,None,compute,0,1676928389.0,,,1676928394.0,1676928357.0,1676928432.0,78180128.9,1676928395.0,1676928625.0,1676928521.0,1676928576.0,54811513.0,1676928625.0,1676928630.0,5.0,,1.0,230.0,5.0,75.0,5155397110.0,55.0,2993643458.0,poseidon,condorpool,poseidon-worker-3-container-16-23,feature_merge,/srv/feature_merge,,60.3,0,0,0.0,4796859790.0,2600318082.0,1452.0,86.0,38.0,22.0,79947663.2,130015904.1
register_condorpool_2_0,None,auxiliary,0,1676928424.0,,,1676928429.0,,,0.0,1676928429.0,1676928434.0,,,0.0,1676928434.0,1676928439.0,5.0,,0.0,5.0,5.0,,,,,poseidon,local,host-10-100-100-12.openstacklocal,pegasus::rc-client,/home/poseidon/pegasus-5.1.0panorama/bin/pegasus-rc-client,"pegasus-kickstart  -n pegasus::rc-client -N null -R local  -L predict-future-sales -T 2023-02-17T19:59:06+00:00 /home/poseidon/pegasus-5.1.0panorama/bin/pegasus-rc-client --prefix pegasus.catalog.replica.output --conf /home/poseidon/workflows/predict-future-sales-workflow/submit/poseidon/pegasus/predict-future-sales/run0036/pegasus.9385574943007781779.properties -v --meta /home/poseidon/workflows/predict-future-sales-workflow/submit/poseidon/pegasus/predict-future-sales/run0036/00/00/feature_eng_5_ID0000009.meta,/home/poseidon/workflows/predict-future-sales-workflow/submit/poseidon/pegasus/predict-future-sales/run0036/00/00/feature_eng_2_ID0000006.meta,/home/poseidon/workflows/predict-future-sales-workflow/submit/poseidon/pegasus/predict-future-sales/run0036/00/00/feature_eng_3_ID0000007.meta,/home/poseidon/workflows/predict-future-sales-workflow/submit/poseidon/pegasus/predict-future-sales/run0036/00/00/feature_eng_4_ID0000008.meta --insert /home/poseidon/workflows/predict-future-sales-workflow/submit/poseidon/pegasus/predict-future-sales/run0036/00/00/register_condorpool_2_0.in",2.9,0,0,,,,,,,,,
stage_inter_local_xgboost_hp_tuning_workflow_ID0000015_0,None,transfer,0,1676928630.0,,,1676928635.0,1676928635.0,1676928637.0,402.0,1676928635.0,1676928645.0,,,0.0,1676928645.0,1676928650.0,5.0,,0.0,10.0,5.0,2.0,826.0,,,poseidon,local,host-10-100-100-12.openstacklocal,pegasus::transfer,/home/poseidon/pegasus-5.1.0panorama/bin/pegasus-transfer,pegasus-kickstart  -n pegasus::transfer -N null -i - -R local  -L predict-future-sales -T 2023-02-17T19:59:06+00:00 pegasus-transfer  --threads 2,0.3,0,0,,,,,,,,,
stage_inter_local_xgboost_model_ID0000021_0,None,transfer,0,1676928630.0,,,1676928635.0,1676928635.0,1676928668.0,80376535.0,1676928635.0,1676928675.0,,,0.0,1676928675.0,1676928680.0,5.0,,0.0,40.0,5.0,33.0,2646308508.0,,,poseidon,local,host-10-100-100-12.openstacklocal,pegasus::transfer,/home/poseidon/pegasus-5.1.0panorama/bin/pegasus-transfer,pegasus-kickstart  -n pegasus::transfer -N null -i - -R local  -L predict-future-sales -T 2023-02-17T19:59:06+00:00 pegasus-transfer  --threads 2,9.3,0,0,,,,,,,,,
stage_inter_local_model_predict_ID0000022_0,None,transfer,0,1676928630.0,,,1676928635.0,1676928635.0,1676928639.0,14037069.0,1676928635.0,1676928645.0,,,0.0,1676928645.0,1676928650.0,5.0,,0.0,10.0,5.0,4.0,54050130.0,,,poseidon,local,host-10-100-100-12.openstacklocal,pegasus::transfer,/home/poseidon/pegasus-5.1.0panorama/bin/pegasus-transfer,pegasus-kickstart  -n pegasus::transfer -N null -i - -R local  -L predict-future-sales -T 2023-02-17T19:59:06+00:00 pegasus-transfer  --threads 2,0.6,0,0,,,,,,,,,
stage_out_local_condorpool_3_0,None,transfer,0,1676928630.0,,,1676928635.0,,,0.0,1676928635.0,1676928665.0,1676928635.0,1676928658.0,129246203.0,1676928665.0,1676928670.0,5.0,,0.0,30.0,5.0,,,23.0,2993643458.0,poseidon,local,host-10-100-100-12.openstacklocal,pegasus::transfer,/home/poseidon/pegasus-5.1.0panorama/bin/pegasus-transfer,pegasus-kickstart  -n pegasus::transfer -N null -i - -R local  -L predict-future-sales -T 2023-02-17T19:59:06+00:00 pegasus-transfer  --threads 2,14.5,0,0,,,,,,,,,
stage_inter_local_xgboost_model_ID0000013_0,None,transfer,0,1676928630.0,,,1676928635.0,1676928635.0,1676928643.0,35666502.0,1676928635.0,1676928650.0,,,0.0,1676928650.0,1676928655.0,5.0,,0.0,15.0,5.0,8.0,269346726.0,,,poseidon,local,host-10-100-100-12.openstacklocal,pegasus::transfer,/home/poseidon/pegasus-5.1.0panorama/bin/pegasus-transfer,pegasus-kickstart  -n pegasus::transfer -N null -i - -R local  -L predict-future-sales -T 2023-02-17T19:59:06+00:00 pegasus-transfer  --threads 2,1.4,0,0,,,,,,,,,
stage_inter_local_model_predict_ID0000014_0,None,transfer,0,1676928630.0,,,1676928635.0,1676928635.0,1676928639.0,1221046.0,1676928635.0,1676928645.0,,,0.0,1676928645.0,1676928650.0,5.0,,0.0,10.0,5.0,4.0,4411696.0,,,poseidon,local,host-10-100-100-12.openstacklocal,pegasus::transfer,/home/poseidon/pegasus-5.1.0panorama/bin/pegasus-transfer,pegasus-kickstart  -n pegasus::transfer -N null -i - -R local  -L predict-future-sales -T 2023-02-17T19:59:06+00:00 pegasus-transfer  --threads 2,0.4,0,0,,,,,,,,,
xgboost_hp_tuning_workflow_ID0000015,None,compute,0,1676928650.0,,,1676928655.0,,,0.0,1676928656.0,1676928670.0,,,0.0,1676928670.0,1676928675.0,5.0,,1.0,14.0,5.0,,,,,poseidon,local,poseidon-submit.novalocal,xgboost_hp_tuning_workflow,/var/spool/condor/local_univ_execute/dir_33104/xgboost_hp_tuning_workflow,/home/poseidon/workflows/predict-future-sales-workflow/submit/poseidon/pegasus/predict-future-sales/run0036/00/00/xgboost_hp_tuning_workflow_ID0000015.sh,0.1,0,0,,,,,,,,,
xgboost_hp_tuning_workflow_ID0000011,None,compute,0,1676928650.0,,,1676928655.0,,,0.0,1676928656.0,1676928670.0,,,0.0,1676928670.0,1676928675.0,5.0,,1.0,14.0,5.0,,,,,poseidon,local,poseidon-submit.novalocal,xgboost_hp_tuning_workflow,/var/spool/condor/local_univ_execute/dir_33107/xgboost_hp_tuning_workflow,/home/poseidon/workflows/predict-future-sales-workflow/submit/poseidon/pegasus/predict-future-sales/run0036/00/00/xgboost_hp_tuning_workflow_ID0000011.sh,0.1,0,0,,,,,,,,,
xgboost_hp_tuning_workflow_ID0000019,None,compute,0,1676928650.0,,,1676928655.0,,,0.0,1676928657.0,1676928670.0,,,0.0,1676928670.0,1676928675.0,5.0,,2.0,13.0,5.0,,,,,poseidon,local,poseidon-submit.novalocal,xgboost_hp_tuning_workflow,/var/spool/condor/local_univ_execute/dir_33108/xgboost_hp_tuning_workflow,/home/poseidon/workflows/predict-future-sales-workflow/submit/poseidon/pegasus/predict-future-sales/run0036/00/00/xgboost_hp_tuning_workflow_ID0000019.sh,0.1,0,0,,,,,,,,,
register_condorpool_3_0,None,auxiliary,0,1676928670.0,,,1676928675.0,,,0.0,1676928675.0,1676928680.0,,,0.0,1676928680.0,1676928685.0,5.0,,0.0,5.0,5.0,,,,,poseidon,local,host-10-100-100-12.openstacklocal,pegasus::rc-client,/home/poseidon/pegasus-5.1.0panorama/bin/pegasus-rc-client,pegasus-kickstart  -n pegasus::rc-client -N null -R local  -L predict-future-sales -T 2023-02-17T19:59:06+00:00 /home/poseidon/pegasus-5.1.0panorama/bin/pegasus-rc-client --prefix pegasus.catalog.replica.output --conf /home/poseidon/workflows/predict-future-sales-workflow/submit/poseidon/pegasus/predict-future-sales/run0036/pegasus.9385574943007781779.properties -v --meta /home/poseidon/workflows/predict-future-sales-workflow/submit/poseidon/pegasus/predict-future-sales/run0036/00/00/feature_merge_ID0000010.meta --insert /home/poseidon/workflows/predict-future-sales-workflow/submit/poseidon/pegasus/predict-future-sales/run0036/00/00/register_condorpool_3_0.in,3.1,0,0,,,,,,,,,
pegasus-plan_ID0000016,None,subwf,0,1676928675.0,1676928675.0,1676928680.0,1676928685.0,,,0.0,1676928686.0,1676929005.0,,,0.0,,,0.0,5.0,1.0,319.0,,,,,,poseidon,local,poseidon-submit,condor::dagman,/usr/bin/condor_dagman,-p 0  -f -l . -Notification never -Debug 3 -Lockfile xgboost_hp_tuning_group_1.dag.lock -Dag xgboost_hp_tuning_group_1.dag -AllowVersionMismatch  -AutoRescue 1 -DoRescueFrom 0,0.0,0,0,,,,,,,,,
pegasus-plan_ID0000012,None,subwf,0,1676928675.0,1676928675.0,1676928680.0,1676928685.0,,,0.0,1676928686.0,1676928960.0,,,0.0,,,0.0,5.0,1.0,274.0,,,,,,poseidon,local,poseidon-submit,condor::dagman,/usr/bin/condor_dagman,-p 0  -f -l . -Notification never -Debug 3 -Lockfile xgboost_hp_tuning_group_0.dag.lock -Dag xgboost_hp_tuning_group_0.dag -AllowVersionMismatch  -AutoRescue 1 -DoRescueFrom 0,0.0,0,0,,,,,,,,,
stage_out_local_local_4_0,None,transfer,0,1676928675.0,,,1676928680.0,,,0.0,1676928680.0,1676928690.0,1676928681.0,1676928685.0,21083.0,1676928690.0,1676928695.0,5.0,,0.0,10.0,5.0,,,4.0,85038.0,poseidon,local,host-10-100-100-12.openstacklocal,pegasus::transfer,/home/poseidon/pegasus-5.1.0panorama/bin/pegasus-transfer,pegasus-kickstart  -n pegasus::transfer -N null -i - -R local  -L predict-future-sales -T 2023-02-17T19:59:06+00:00 pegasus-transfer  --threads 2,0.6,0,0,,,,,,,,,
pegasus-plan_ID0000020,None,subwf,0,1676928675.0,1676928675.0,1676928680.0,1676928685.0,,,0.0,1676928686.0,1676929730.0,,,0.0,,,0.0,5.0,1.0,1044.0,,,,,,poseidon,local,poseidon-submit,condor::dagman,/usr/bin/condor_dagman,-p 0  -f -l . -Notification never -Debug 3 -Lockfile xgboost_hp_tuning_group_2.dag.lock -Dag xgboost_hp_tuning_group_2.dag -AllowVersionMismatch  -AutoRescue 1 -DoRescueFrom 0,0.0,0,0,,,,,,,,,
create_dir_predict-future-sales-hp-tuning_0_condorpool_pegasus-plan_ID0000016,None,auxiliary,0,1676928686.0,,,1676928687.0,,,0.0,1676928690.0,1676928697.0,,,0.0,1676928697.0,1676928702.0,1.0,,3.0,7.0,5.0,,,,,poseidon,local,host-10-100-100-12.openstacklocal,pegasus::dirmanager,/home/poseidon/pegasus-5.1.0panorama/bin/pegasus-transfer,pegasus-kickstart  -n pegasus::dirmanager -N null -i - -R local  -L xgboost_hp_tuning_group_1 -T 2023-02-20T21:31:17+00:00 pegasus-transfer,0.3,0,0,,,,,,,,,
create_dir_predict-future-sales-hp-tuning_0_condorpool_pegasus-plan_ID0000020,None,auxiliary,0,1676928686.0,,,1676928687.0,,,0.0,1676928690.0,1676928697.0,,,0.0,1676928697.0,1676928702.0,1.0,,3.0,7.0,5.0,,,,,poseidon,local,host-10-100-100-12.openstacklocal,pegasus::dirmanager,/home/poseidon/pegasus-5.1.0panorama/bin/pegasus-transfer,pegasus-kickstart  -n pegasus::dirmanager -N null -i - -R local  -L xgboost_hp_tuning_group_2 -T 2023-02-20T21:31:17+00:00 pegasus-transfer,0.3,0,0,,,,,,,,,
create_dir_predict-future-sales-hp-tuning_0_condorpool_pegasus-plan_ID0000012,None,auxiliary,0,1676928686.0,,,1676928687.0,,,0.0,1676928690.0,1676928697.0,,,0.0,1676928697.0,1676928702.0,1.0,,3.0,7.0,5.0,,,,,poseidon,local,host-10-100-100-12.openstacklocal,pegasus::dirmanager,/home/poseidon/pegasus-5.1.0panorama/bin/pegasus-transfer,pegasus-kickstart  -n pegasus::dirmanager -N null -i - -R local  -L xgboost_hp_tuning_group_0 -T 2023-02-20T21:31:17+00:00 pegasus-transfer,0.3,0,0,,,,,,,,,
register_local_4_0,None,auxiliary,0,1676928695.0,,,1676928700.0,,,0.0,1676928700.0,1676928705.0,,,0.0,1676928705.0,1676928710.0,5.0,,0.0,5.0,5.0,,,,,poseidon,local,host-10-100-100-12.openstacklocal,pegasus::rc-client,/home/poseidon/pegasus-5.1.0panorama/bin/pegasus-rc-client,"pegasus-kickstart  -n pegasus::rc-client -N null -R local  -L predict-future-sales -T 2023-02-17T19:59:06+00:00 /home/poseidon/pegasus-5.1.0panorama/bin/pegasus-rc-client --prefix pegasus.catalog.replica.output --conf /home/poseidon/workflows/predict-future-sales-workflow/submit/poseidon/pegasus/predict-future-sales/run0036/pegasus.9385574943007781779.properties -v --meta /home/poseidon/workflows/predict-future-sales-workflow/submit/poseidon/pegasus/predict-future-sales/run0036/00/00/xgboost_hp_tuning_workflow_ID0000011.meta,/home/poseidon/workflows/predict-future-sales-workflow/submit/poseidon/pegasus/predict-future-sales/run0036/00/00/xgboost_hp_tuning_workflow_ID0000019.meta,/home/poseidon/workflows/predict-future-sales-workflow/submit/poseidon/pegasus/predict-future-sales/run0036/00/00/xgboost_hp_tuning_workflow_ID0000015.meta --insert /home/poseidon/workflows/predict-future-sales-workflow/submit/poseidon/pegasus/predict-future-sales/run0036/00/00/register_local_4_0.in",3.0,0,0,,,,,,,,,
stage_in_local_condorpool_0_0_pegasus-plan_ID0000012,None,transfer,0,1676928702.0,,,1676928707.0,1676928707.0,1676928712.0,2825.0,1676928707.0,1676928722.0,,,0.0,1676928722.0,1676928727.0,5.0,,0.0,15.0,5.0,5.0,12142.0,,,poseidon,local,host-10-100-100-12.openstacklocal,pegasus::transfer,/home/poseidon/pegasus-5.1.0panorama/bin/pegasus-transfer,-n pegasus::transfer -N null -i - -R local  -L xgboost_hp_tuning_group_0 -T 2023-02-20T21:31:17+00:00 /home/poseidon/pegasus-5.1.0panorama/bin/../bin/pegasus-transfer  --threads 2,0.6,0,0,,,,,,,,,
stage_in_local_condorpool_1_0_pegasus-plan_ID0000012,None,transfer,0,1676928702.0,,,1676928707.0,1676928707.0,1676928711.0,815.0,1676928707.0,1676928717.0,,,0.0,1676928717.0,1676928722.0,5.0,,0.0,10.0,5.0,4.0,2874.0,,,poseidon,local,host-10-100-100-12.openstacklocal,pegasus::transfer,/home/poseidon/pegasus-5.1.0panorama/bin/pegasus-transfer,-n pegasus::transfer -N null -i - -R local  -L xgboost_hp_tuning_group_0 -T 2023-02-20T21:31:17+00:00 /home/poseidon/pegasus-5.1.0panorama/bin/../bin/pegasus-transfer  --threads 2,0.5,0,0,,,,,,,,,
stage_in_local_condorpool_0_1_pegasus-plan_ID0000012,None,transfer,0,1676928702.0,,,1676928707.0,1676928707.0,1676928714.0,44144557.0,1676928707.0,1676928722.0,,,0.0,1676928722.0,1676928727.0,5.0,,0.0,15.0,5.0,7.0,269346726.0,,,poseidon,local,host-10-100-100-12.openstacklocal,pegasus::transfer,/home/poseidon/pegasus-5.1.0panorama/bin/pegasus-transfer,-n pegasus::transfer -N null -i - -R local  -L xgboost_hp_tuning_group_0 -T 2023-02-20T21:31:17+00:00 /home/poseidon/pegasus-5.1.0panorama/bin/../bin/pegasus-transfer  --threads 2,1.9,0,0,,,,,,,,,
stage_in_local_condorpool_0_2_pegasus-plan_ID0000012,None,transfer,0,1676928702.0,,,1676928707.0,1676928707.0,1676928718.0,72617658.0,1676928707.0,1676928727.0,,,0.0,1676928727.0,1676928732.0,5.0,,0.0,20.0,5.0,11.0,735985664.0,,,poseidon,local,host-10-100-100-12.openstacklocal,pegasus::transfer,/home/poseidon/pegasus-5.1.0panorama/bin/pegasus-transfer,-n pegasus::transfer -N null -i - -R local  -L xgboost_hp_tuning_group_0 -T 2023-02-20T21:31:17+00:00 /home/poseidon/pegasus-5.1.0panorama/bin/../bin/pegasus-transfer  --threads 2,4.1,0,0,,,,,,,,,
stage_in_local_condorpool_1_0_pegasus-plan_ID0000020,None,transfer,0,1676928702.0,,,1676928707.0,1676928707.0,1676928711.0,809.0,1676928707.0,1676928717.0,,,0.0,1676928717.0,1676928722.0,5.0,,0.0,10.0,5.0,4.0,2874.0,,,poseidon,local,host-10-100-100-12.openstacklocal,pegasus::transfer,/home/poseidon/pegasus-5.1.0panorama/bin/pegasus-transfer,-n pegasus::transfer -N null -i - -R local  -L xgboost_hp_tuning_group_2 -T 2023-02-20T21:31:17+00:00 /home/poseidon/pegasus-5.1.0panorama/bin/../bin/pegasus-transfer  --threads 2,0.5,0,0,,,,,,,,,
stage_in_local_condorpool_0_2_pegasus-plan_ID0000020,None,transfer,0,1676928702.0,,,1676928707.0,1676928707.0,1676928717.0,73451401.0,1676928707.0,1676928727.0,,,0.0,1676928727.0,1676928732.0,5.0,,0.0,20.0,5.0,10.0,735985664.0,,,poseidon,local,host-10-100-100-12.openstacklocal,pegasus::transfer,/home/poseidon/pegasus-5.1.0panorama/bin/pegasus-transfer,-n pegasus::transfer -N null -i - -R local  -L xgboost_hp_tuning_group_2 -T 2023-02-20T21:31:17+00:00 /home/poseidon/pegasus-5.1.0panorama/bin/../bin/pegasus-transfer  --threads 2,4.1,0,0,,,,,,,,,
stage_in_local_condorpool_0_0_pegasus-plan_ID0000016,None,transfer,0,1676928702.0,,,1676928707.0,1676928707.0,1676928712.0,2795.0,1676928707.0,1676928722.0,,,0.0,1676928722.0,1676928727.0,5.0,,0.0,15.0,5.0,5.0,12142.0,,,poseidon,local,host-10-100-100-12.openstacklocal,pegasus::transfer,/home/poseidon/pegasus-5.1.0panorama/bin/pegasus-transfer,-n pegasus::transfer -N null -i - -R local  -L xgboost_hp_tuning_group_1 -T 2023-02-20T21:31:17+00:00 /home/poseidon/pegasus-5.1.0panorama/bin/../bin/pegasus-transfer  --threads 2,0.6,0,0,,,,,,,,,
stage_in_local_condorpool_1_0_pegasus-plan_ID0000016,None,transfer,0,1676928702.0,,,1676928707.0,1676928707.0,1676928711.0,805.0,1676928707.0,1676928717.0,,,0.0,1676928717.0,1676928722.0,5.0,,0.0,10.0,5.0,4.0,2874.0,,,poseidon,local,host-10-100-100-12.openstacklocal,pegasus::transfer,/home/poseidon/pegasus-5.1.0panorama/bin/pegasus-transfer,-n pegasus::transfer -N null -i - -R local  -L xgboost_hp_tuning_group_1 -T 2023-02-20T21:31:17+00:00 /home/poseidon/pegasus-5.1.0panorama/bin/../bin/pegasus-transfer  --threads 2,0.5,0,0,,,,,,,,,
stage_in_local_condorpool_0_1_pegasus-plan_ID0000016,None,transfer,0,1676928702.0,,,1676928707.0,1676928707.0,1676928711.0,5178304.0,1676928707.0,1676928717.0,,,0.0,1676928717.0,1676928722.0,5.0,,0.0,10.0,5.0,4.0,19294600.0,,,poseidon,local,host-10-100-100-12.openstacklocal,pegasus::transfer,/home/poseidon/pegasus-5.1.0panorama/bin/pegasus-transfer,-n pegasus::transfer -N null -i - -R local  -L xgboost_hp_tuning_group_1 -T 2023-02-20T21:31:17+00:00 /home/poseidon/pegasus-5.1.0panorama/bin/../bin/pegasus-transfer  --threads 2,0.6,0,0,,,,,,,,,
stage_in_local_condorpool_0_0_pegasus-plan_ID0000020,None,transfer,0,1676928702.0,,,1676928707.0,1676928707.0,1676928712.0,2820.0,1676928707.0,1676928722.0,,,0.0,1676928722.0,1676928727.0,5.0,,0.0,15.0,5.0,5.0,12142.0,,,poseidon,local,host-10-100-100-12.openstacklocal,pegasus::transfer,/home/poseidon/pegasus-5.1.0panorama/bin/pegasus-transfer,-n pegasus::transfer -N null -i - -R local  -L xgboost_hp_tuning_group_2 -T 2023-02-20T21:31:17+00:00 /home/poseidon/pegasus-5.1.0panorama/bin/../bin/pegasus-transfer  --threads 2,0.6,0,0,,,,,,,,,
stage_in_local_condorpool_0_2_pegasus-plan_ID0000016,None,transfer,0,1676928702.0,,,1676928707.0,1676928707.0,1676928718.0,72844505.0,1676928707.0,1676928727.0,,,0.0,1676928727.0,1676928732.0,5.0,,0.0,20.0,5.0,11.0,735985664.0,,,poseidon,local,host-10-100-100-12.openstacklocal,pegasus::transfer,/home/poseidon/pegasus-5.1.0panorama/bin/pegasus-transfer,-n pegasus::transfer -N null -i - -R local  -L xgboost_hp_tuning_group_1 -T 2023-02-20T21:31:17+00:00 /home/poseidon/pegasus-5.1.0panorama/bin/../bin/pegasus-transfer  --threads 2,4.1,0,0,,,,,,,,,
stage_in_local_condorpool_0_1_pegasus-plan_ID0000020,None,transfer,0,1676928702.0,,,1676928707.0,1676928707.0,1676928724.0,155814438.0,1676928707.0,1676928732.0,,,0.0,1676928732.0,1676928737.0,5.0,,0.0,25.0,5.0,17.0,2646308508.0,,,poseidon,local,host-10-100-100-12.openstacklocal,pegasus::transfer,/home/poseidon/pegasus-5.1.0panorama/bin/pegasus-transfer,-n pegasus::transfer -N null -i - -R local  -L xgboost_hp_tuning_group_2 -T 2023-02-20T21:31:17+00:00 /home/poseidon/pegasus-5.1.0panorama/bin/../bin/pegasus-transfer  --threads 2,11.7,0,0,,,,,,,,,
xgboost_hp_tuning_ID0000008_pegasus-plan_ID0000016,None,compute,0,1676928732.0,,,1676928737.0,1676928760.0,1676928776.0,42605633.8,1676928798.0,1676928837.0,1676928786.0,1676928790.0,248.0,1676928837.0,1676928842.0,5.0,,61.0,39.0,5.0,16.0,377646203.0,4.0,1057.0,poseidon,condorpool,poseidon-worker-1-container-0-7,xgboost_hp_tuning,/srv/xgboost_hp_tuning,,16.5,0,0,,,,,,,,,
xgboost_hp_tuning_ID0000023_pegasus-plan_ID0000012,None,compute,0,1676928732.0,,,1676928737.0,1676928757.0,1676928775.0,46439782.8,1676928795.0,1676928852.0,1676928801.0,1676928806.0,255.0,1676928852.0,1676928857.0,5.0,,58.0,57.0,5.0,18.0,502672266.0,5.0,1092.0,poseidon,condorpool,poseidon-worker-1-container-32-39,xgboost_hp_tuning,/srv/xgboost_hp_tuning,,107.7,0,0,0.1,157972540.0,40.0,3321.0,2.0,103.2,3.6,7898627.0,4.0
xgboost_hp_tuning_ID0000012_pegasus-plan_ID0000012,None,compute,0,1676928732.0,,,1676928737.0,1676928757.0,1676928774.0,46694184.0,1676928795.0,1676928862.0,1676928809.0,1676928813.0,245.0,1676928862.0,1676928867.0,5.0,,58.0,67.0,5.0,17.0,502672266.0,4.0,1050.0,poseidon,condorpool,poseidon-worker-3-container-32-39,xgboost_hp_tuning,/srv/xgboost_hp_tuning,,159.3,0,0,0.0,157970666.0,40.0,3319.0,2.0,102.6,3.6,7898533.3,4.0
xgboost_hp_tuning_ID0000001_pegasus-plan_ID0000012,None,compute,0,1676928732.0,,,1676928737.0,1676928756.0,1676928773.0,46580213.6,1676928794.0,1676928852.0,1676928797.0,1676928801.0,250.0,1676928852.0,1676928857.0,5.0,,57.0,58.0,5.0,17.0,502672266.0,4.0,1063.0,poseidon,condorpool,poseidon-worker-1-container-16-23,xgboost_hp_tuning,/srv/xgboost_hp_tuning,,86.0,0,0,0.0,157967904.0,40.0,3305.0,2.0,41.9,2.5,15796790.4,4.0
xgboost_hp_tuning_ID0000013_pegasus-plan_ID0000012,None,compute,0,1676928732.0,,,1676928737.0,1676928755.0,1676928773.0,46660755.4,1676928794.0,1676928852.0,1676928798.0,1676928802.0,249.0,1676928852.0,1676928857.0,5.0,,57.0,58.0,5.0,18.0,502672266.0,4.0,1055.0,poseidon,condorpool,poseidon-worker-3-container-8-15,xgboost_hp_tuning,/srv/xgboost_hp_tuning,,98.7,0,0,0.0,157965992.0,40.0,3303.0,2.0,44.1,2.7,15796599.2,4.0
xgboost_hp_tuning_ID0000002_pegasus-plan_ID0000012,None,compute,0,1676928732.0,,,1676928737.0,1676928755.0,1676928773.0,46621864.0,1676928793.0,1676928867.0,1676928815.0,1676928819.0,252.0,1676928867.0,1676928872.0,5.0,,56.0,74.0,5.0,18.0,502672266.0,4.0,1063.0,poseidon,condorpool,poseidon-worker-3-container-0-7,xgboost_hp_tuning,/srv/xgboost_hp_tuning,,194.7,0,0,0.0,157974387.0,40.0,3334.0,2.0,154.4,3.3,5265812.9,4.0
xgboost_hp_tuning_ID0000014_pegasus-plan_ID0000012,None,compute,0,1676928732.0,,,1676928737.0,1676928700.0,1676928717.0,46723951.0,1676928738.0,1676928797.0,1676928742.0,1676928747.0,247.0,1676928797.0,1676928802.0,5.0,,1.0,59.0,5.0,17.0,502672266.0,5.0,1053.0,poseidon,condorpool,poseidon-worker-3-container-8-15,xgboost_hp_tuning,/srv/xgboost_hp_tuning,,97.0,0,0,0.0,157965927.0,40.0,3303.0,2.0,42.7,2.7,15796592.7,4.0
xgboost_hp_tuning_ID0000003_pegasus-plan_ID0000012,None,compute,0,1676928732.0,,,1676928737.0,1676928700.0,1676928718.0,46554819.4,1676928738.0,1676928797.0,1676928746.0,1676928750.0,248.0,1676928797.0,1676928802.0,5.0,,1.0,59.0,5.0,18.0,502672266.0,4.0,1067.0,poseidon,condorpool,poseidon-worker-1-container-8-15,xgboost_hp_tuning,/srv/xgboost_hp_tuning,,119.3,0,0,0.1,157972428.0,40.0,3321.0,2.0,105.4,3.4,7898621.4,4.0
xgboost_hp_tuning_ID0000015_pegasus-plan_ID0000012,None,compute,0,1676928732.0,,,1676928737.0,1676928700.0,1676928718.0,46534752.0,1676928738.0,1676928807.0,1676928754.0,1676928758.0,246.0,1676928807.0,1676928812.0,5.0,,1.0,69.0,5.0,18.0,502672266.0,4.0,1055.0,poseidon,condorpool,poseidon-worker-2-container-8-15,xgboost_hp_tuning,/srv/xgboost_hp_tuning,,164.4,0,0,0.1,157972428.0,40.0,3321.0,2.0,104.8,2.7,7898621.4,4.0
xgboost_hp_tuning_ID0000004_pegasus-plan_ID0000012,None,compute,0,1676928732.0,,,1676928737.0,1676928700.0,1676928718.0,46754172.0,1676928738.0,1676928797.0,1676928745.0,1676928749.0,251.0,1676928797.0,1676928802.0,5.0,,1.0,59.0,5.0,18.0,502672266.0,4.0,1061.0,poseidon,condorpool,poseidon-worker-3-container-24-31,xgboost_hp_tuning,/srv/xgboost_hp_tuning,,115.6,0,0,0.1,157970592.0,40.0,3319.0,2.0,104.7,3.6,7898529.6,4.0
xgboost_hp_tuning_ID0000016_pegasus-plan_ID0000012,None,compute,0,1676928732.0,,,1676928737.0,1676928700.0,1676928718.0,46581002.0,1676928738.0,1676928797.0,1676928742.0,1676928747.0,248.0,1676928797.0,1676928802.0,5.0,,1.0,59.0,5.0,18.0,502672266.0,5.0,1056.0,poseidon,condorpool,poseidon-worker-1-container-16-23,xgboost_hp_tuning,/srv/xgboost_hp_tuning,,91.0,0,0,0.1,157967836.0,40.0,3305.0,2.0,42.8,2.7,15796783.6,4.0
xgboost_hp_tuning_ID0000005_pegasus-plan_ID0000012,None,compute,0,1676928732.0,,,1676928737.0,1676928700.0,1676928718.0,45755466.0,1676928739.0,1676928812.0,1676928761.0,1676928766.0,252.0,1676928812.0,1676928817.0,5.0,,2.0,73.0,5.0,18.0,502672266.0,5.0,1075.0,poseidon,condorpool,poseidon-worker-2-container-16-23,xgboost_hp_tuning,/srv/xgboost_hp_tuning,,220.9,0,0,0.1,157976265.0,40.0,3336.0,2.0,174.1,3.2,5265875.5,4.0
xgboost_hp_tuning_ID0000017_pegasus-plan_ID0000012,None,compute,0,1676928732.0,,,1676928737.0,1676928700.0,1676928718.0,46537179.0,1676928738.0,1676928797.0,1676928745.0,1676928750.0,245.0,1676928797.0,1676928802.0,5.0,,1.0,59.0,5.0,18.0,502672266.0,5.0,1055.0,poseidon,condorpool,poseidon-worker-1-container-24-31,xgboost_hp_tuning,/srv/xgboost_hp_tuning,,110.4,0,0,0.1,157972472.0,40.0,3321.0,2.0,101.8,4.2,7898623.6,4.0
xgboost_hp_tuning_ID0000006_pegasus-plan_ID0000012,None,compute,0,1676928732.0,,,1676928737.0,1676928700.0,1676928718.0,46533377.2,1676928738.0,1676928802.0,1676928750.0,1676928755.0,252.0,1676928802.0,1676928807.0,5.0,,1.0,64.0,5.0,18.0,502672266.0,5.0,1067.0,poseidon,condorpool,poseidon-worker-2-container-24-31,xgboost_hp_tuning,/srv/xgboost_hp_tuning,,142.8,0,0,0.1,157972464.0,40.0,3321.0,2.0,104.0,3.0,7898623.2,4.0
xgboost_hp_tuning_ID0000009_pegasus-plan_ID0000012,None,compute,0,1676928732.0,,,1676928737.0,1676928700.0,1676928718.0,46592930.4,1676928738.0,1676928797.0,1676928744.0,1676928749.0,243.0,1676928797.0,1676928802.0,5.0,,1.0,59.0,5.0,18.0,502672266.0,5.0,1059.0,poseidon,condorpool,poseidon-worker-1-container-40-47,xgboost_hp_tuning,/srv/xgboost_hp_tuning,,105.4,0,0,0.0,157968058.0,40.0,3305.0,2.0,41.8,2.9,15796805.8,4.0
xgboost_hp_tuning_ID0000011_pegasus-plan_ID0000012,None,compute,0,1676928732.0,,,1676928737.0,1676928700.0,1676928718.0,46534666.0,1676928738.0,1676928802.0,1676928749.0,1676928754.0,248.0,1676928802.0,1676928807.0,5.0,,1.0,64.0,5.0,18.0,502672266.0,5.0,1049.0,poseidon,condorpool,poseidon-worker-2-container-32-39,xgboost_hp_tuning,/srv/xgboost_hp_tuning,,138.0,0,0,0.1,157972591.0,40.0,3321.0,2.0,104.2,3.1,7898629.5,4.0
xgboost_hp_tuning_ID0000022_pegasus-plan_ID0000012,None,compute,0,1676928732.0,,,1676928737.0,1676928700.0,1676928718.0,46722664.8,1676928738.0,1676928797.0,1676928745.0,1676928749.0,248.0,1676928797.0,1676928802.0,5.0,,1.0,59.0,5.0,18.0,502672266.0,4.0,1062.0,poseidon,condorpool,poseidon-worker-3-container-16-23,xgboost_hp_tuning,/srv/xgboost_hp_tuning,,110.4,0,0,0.0,157970839.0,40.0,3319.0,2.0,101.6,3.2,7898542.0,4.0
xgboost_hp_tuning_ID0000010_pegasus-plan_ID0000012,None,compute,0,1676928732.0,,,1676928737.0,1676928700.0,1676928718.0,46579185.4,1676928738.0,1676928812.0,1676928760.0,1676928764.0,242.0,1676928812.0,1676928817.0,5.0,,1.0,74.0,5.0,18.0,502672266.0,4.0,1048.0,poseidon,condorpool,poseidon-worker-2-container-0-7,xgboost_hp_tuning,/srv/xgboost_hp_tuning,,198.3,0,0,0.0,157976181.0,40.0,3336.0,2.0,158.9,3.8,5265872.7,4.0
xgboost_hp_tuning_ID0000021_pegasus-plan_ID0000012,None,compute,0,1676928732.0,,,1676928737.0,1676928700.0,1676928717.0,46743902.6,1676928738.0,1676928797.0,1676928742.0,1676928746.0,245.0,1676928797.0,1676928802.0,5.0,,1.0,59.0,5.0,17.0,502672266.0,4.0,1061.0,poseidon,condorpool,poseidon-worker-3-container-0-7,xgboost_hp_tuning,/srv/xgboost_hp_tuning,,94.7,0,0,0.0,157965889.0,40.0,3303.0,2.0,46.0,2.5,15796588.9,4.0
xgboost_hp_tuning_ID0000020_pegasus-plan_ID0000012,None,compute,0,1676928732.0,,,1676928737.0,1676928700.0,1676928718.0,46567198.4,1676928738.0,1676928797.0,1676928746.0,1676928751.0,253.0,1676928797.0,1676928802.0,5.0,,1.0,59.0,5.0,18.0,502672266.0,5.0,1063.0,poseidon,condorpool,poseidon-worker-1-container-0-7,xgboost_hp_tuning,/srv/xgboost_hp_tuning,,120.8,0,0,0.1,157972399.0,40.0,3321.0,2.0,102.3,3.6,7898620.0,4.0
xgboost_hp_tuning_ID0000008_pegasus-plan_ID0000012,None,compute,0,1676928732.0,,,1676928737.0,1676928700.0,1676928718.0,46533520.6,1676928738.0,1676928797.0,1676928744.0,1676928748.0,245.0,1676928797.0,1676928802.0,5.0,,1.0,59.0,5.0,18.0,502672266.0,4.0,1057.0,poseidon,condorpool,poseidon-worker-1-container-32-39,xgboost_hp_tuning,/srv/xgboost_hp_tuning,,102.1,0,0,0.1,157967840.0,40.0,3305.0,2.0,41.8,2.7,15796784.0,4.0
xgboost_hp_tuning_ID0000019_pegasus-plan_ID0000012,None,compute,0,1676928732.0,,,1676928737.0,1676928700.0,1676928718.0,46695302.6,1676928738.0,1676928797.0,1676928745.0,1676928749.0,251.0,1676928797.0,1676928802.0,5.0,,1.0,59.0,5.0,18.0,502672266.0,4.0,1060.0,poseidon,condorpool,poseidon-worker-3-container-40-47,xgboost_hp_tuning,/srv/xgboost_hp_tuning,,115.5,0,0,0.1,157970590.0,40.0,3319.0,2.0,104.8,3.8,7898529.5,4.0
xgboost_hp_tuning_ID0000023_pegasus-plan_ID0000016,None,compute,0,1676928732.0,,,1676928737.0,1676928803.0,1676928819.0,42561854.5,1676928841.0,1676928882.0,1676928829.0,1676928834.0,255.0,1676928882.0,1676928887.0,5.0,,104.0,41.0,5.0,16.0,377646203.0,5.0,1091.0,poseidon,condorpool,poseidon-worker-2-container-24-31,xgboost_hp_tuning,/srv/xgboost_hp_tuning,,14.9,0,0,,,,,,,,,
xgboost_hp_tuning_ID0000007_pegasus-plan_ID0000012,None,compute,0,1676928732.0,,,1676928737.0,1676928700.0,1676928718.0,46763820.6,1676928738.0,1676928797.0,1676928744.0,1676928748.0,250.0,1676928797.0,1676928802.0,5.0,,1.0,59.0,5.0,18.0,502672266.0,4.0,1068.0,poseidon,condorpool,poseidon-worker-3-container-32-39,xgboost_hp_tuning,/srv/xgboost_hp_tuning,,106.2,0,0,0.0,157965958.0,40.0,3303.0,2.0,47.2,2.6,15796595.8,4.0
xgboost_hp_tuning_ID0000012_pegasus-plan_ID0000016,None,compute,0,1676928732.0,,,1676928737.0,1676928802.0,1676928818.0,42554411.8,1676928840.0,1676928882.0,1676928830.0,1676928834.0,242.0,1676928882.0,1676928887.0,5.0,,103.0,42.0,5.0,16.0,377646203.0,4.0,1047.0,poseidon,condorpool,poseidon-worker-2-container-32-39,xgboost_hp_tuning,/srv/xgboost_hp_tuning,,27.7,0,0,,,,,,,,,
xgboost_hp_tuning_ID0000013_pegasus-plan_ID0000016,None,compute,0,1676928732.0,,,1676928737.0,1676928800.0,1676928816.0,42558575.0,1676928838.0,1676928877.0,1676928826.0,1676928830.0,243.0,1676928877.0,1676928882.0,5.0,,101.0,39.0,5.0,16.0,377646203.0,4.0,1053.0,poseidon,condorpool,poseidon-worker-1-container-8-15,xgboost_hp_tuning,/srv/xgboost_hp_tuning,,15.4,0,0,,,,,,,,,
xgboost_hp_tuning_ID0000009_pegasus-plan_ID0000016,None,compute,0,1676928732.0,,,1676928737.0,1676928758.0,1676928774.0,42608633.8,1676928796.0,1676928837.0,1676928786.0,1676928790.0,244.0,1676928837.0,1676928842.0,5.0,,59.0,41.0,5.0,16.0,377646203.0,4.0,1058.0,poseidon,condorpool,poseidon-worker-1-container-40-47,xgboost_hp_tuning,/srv/xgboost_hp_tuning,,22.4,0,0,,,,,,,,,
xgboost_hp_tuning_ID0000011_pegasus-plan_ID0000016,None,compute,0,1676928732.0,,,1676928737.0,1676928758.0,1676928774.0,42761479.8,1676928796.0,1676928837.0,1676928784.0,1676928788.0,245.0,1676928837.0,1676928842.0,5.0,,59.0,41.0,5.0,16.0,377646203.0,4.0,1049.0,poseidon,condorpool,poseidon-worker-3-container-16-23,xgboost_hp_tuning,/srv/xgboost_hp_tuning,,15.3,0,0,,,,,,,,,
xgboost_hp_tuning_ID0000022_pegasus-plan_ID0000016,None,compute,0,1676928732.0,,,1676928737.0,1676928758.0,1676928774.0,42779093.8,1676928796.0,1676928837.0,1676928784.0,1676928789.0,252.0,1676928837.0,1676928842.0,5.0,,59.0,41.0,5.0,16.0,377646203.0,5.0,1060.0,poseidon,condorpool,poseidon-worker-3-container-24-31,xgboost_hp_tuning,/srv/xgboost_hp_tuning,,18.3,0,0,,,,,,,,,
xgboost_hp_tuning_ID0000010_pegasus-plan_ID0000016,None,compute,0,1676928732.0,,,1676928737.0,1676928758.0,1676928774.0,42728451.0,1676928797.0,1676928837.0,1676928786.0,1676928791.0,247.0,1676928837.0,1676928842.0,5.0,,60.0,40.0,5.0,16.0,377646203.0,5.0,1050.0,poseidon,condorpool,poseidon-worker-3-container-40-47,xgboost_hp_tuning,/srv/xgboost_hp_tuning,,28.8,0,0,,,,,,,,,
xgboost_hp_tuning_ID0000021_pegasus-plan_ID0000016,None,compute,0,1676928732.0,,,1676928737.0,1676928759.0,1676928775.0,42612102.8,1676928797.0,1676928837.0,1676928786.0,1676928790.0,245.0,1676928837.0,1676928842.0,5.0,,60.0,40.0,5.0,16.0,377646203.0,4.0,1062.0,poseidon,condorpool,poseidon-worker-1-container-24-31,xgboost_hp_tuning,/srv/xgboost_hp_tuning,,18.5,0,0,,,,,,,,,
xgboost_hp_tuning_ID0000020_pegasus-plan_ID0000016,None,compute,0,1676928732.0,,,1676928737.0,1676928759.0,1676928775.0,42528207.0,1676928798.0,1676928837.0,1676928787.0,1676928791.0,248.0,1676928837.0,1676928842.0,5.0,,61.0,39.0,5.0,16.0,377646203.0,4.0,1059.0,poseidon,condorpool,poseidon-worker-1-container-8-15,xgboost_hp_tuning,/srv/xgboost_hp_tuning,,19.9,0,0,,,,,,,,,
xgboost_hp_tuning_ID0000019_pegasus-plan_ID0000016,None,compute,0,1676928732.0,,,1676928737.0,1676928762.0,1676928778.0,42617509.5,1676928800.0,1676928842.0,1676928788.0,1676928793.0,249.0,1676928842.0,1676928847.0,5.0,,63.0,42.0,5.0,16.0,377646203.0,5.0,1058.0,poseidon,condorpool,poseidon-worker-2-container-40-47,xgboost_hp_tuning,/srv/xgboost_hp_tuning,,16.7,0,0,,,,,,,,,
xgboost_hp_tuning_ID0000001_pegasus-plan_ID0000016,None,compute,0,1676928732.0,,,1676928737.0,1676928802.0,1676928818.0,42555704.5,1676928840.0,1676928882.0,1676928828.0,1676928832.0,247.0,1676928882.0,1676928887.0,5.0,,103.0,42.0,5.0,16.0,377646203.0,4.0,1063.0,poseidon,condorpool,poseidon-worker-2-container-40-47,xgboost_hp_tuning,/srv/xgboost_hp_tuning,,15.6,0,0,,,,,,,,,
xgboost_hp_tuning_ID0000018_pegasus-plan_ID0000016,None,compute,0,1676928732.0,,,1676928737.0,1676928764.0,1676928780.0,42523386.2,1676928802.0,1676928842.0,1676928790.0,1676928794.0,250.0,1676928842.0,1676928847.0,5.0,,65.0,40.0,5.0,16.0,377646203.0,4.0,1056.0,poseidon,condorpool,poseidon-worker-2-container-24-31,xgboost_hp_tuning,/srv/xgboost_hp_tuning,,16.5,0,0,,,,,,,,,
xgboost_hp_tuning_ID0000007_pegasus-plan_ID0000016,None,compute,0,1676928732.0,,,1676928737.0,1676928763.0,1676928779.0,42532315.2,1676928801.0,1676928842.0,1676928788.0,1676928793.0,248.0,1676928842.0,1676928847.0,5.0,,64.0,41.0,5.0,16.0,377646203.0,5.0,1065.0,poseidon,condorpool,poseidon-worker-2-container-32-39,xgboost_hp_tuning,/srv/xgboost_hp_tuning,,14.1,0,0,,,,,,,,,
xgboost_hp_tuning_ID0000017_pegasus-plan_ID0000016,None,compute,0,1676928732.0,,,1676928737.0,1676928773.0,1676928789.0,42259109.2,1676928811.0,1676928852.0,1676928799.0,1676928804.0,246.0,1676928852.0,1676928857.0,5.0,,74.0,41.0,5.0,16.0,377646203.0,5.0,1054.0,poseidon,condorpool,poseidon-worker-2-container-0-7,xgboost_hp_tuning,/srv/xgboost_hp_tuning,,16.1,0,0,,,,,,,,,
xgboost_hp_tuning_ID0000005_pegasus-plan_ID0000016,None,compute,0,1676928732.0,,,1676928737.0,1676928775.0,1676928791.0,41996487.5,1676928813.0,1676928852.0,1676928801.0,1676928805.0,252.0,1676928852.0,1676928857.0,5.0,,76.0,39.0,5.0,16.0,377646203.0,4.0,1077.0,poseidon,condorpool,poseidon-worker-2-container-16-23,xgboost_hp_tuning,/srv/xgboost_hp_tuning,,17.6,0,0,,,,,,,,,
xgboost_hp_tuning_ID0000016_pegasus-plan_ID0000016,None,compute,0,1676928732.0,,,1676928737.0,1676928797.0,1676928813.0,42721618.5,1676928835.0,1676928877.0,1676928824.0,1676928828.0,250.0,1676928877.0,1676928882.0,5.0,,98.0,42.0,5.0,16.0,377646203.0,4.0,1056.0,poseidon,condorpool,poseidon-worker-3-container-16-23,xgboost_hp_tuning,/srv/xgboost_hp_tuning,,20.1,0,0,,,,,,,,,
xgboost_hp_tuning_ID0000004_pegasus-plan_ID0000016,None,compute,0,1676928732.0,,,1676928737.0,1676928797.0,1676928813.0,42715153.5,1676928836.0,1676928877.0,1676928824.0,1676928828.0,249.0,1676928877.0,1676928882.0,5.0,,99.0,41.0,5.0,16.0,377646203.0,4.0,1062.0,poseidon,condorpool,poseidon-worker-3-container-24-31,xgboost_hp_tuning,/srv/xgboost_hp_tuning,,18.2,0,0,,,,,,,,,
xgboost_hp_tuning_ID0000015_pegasus-plan_ID0000016,None,compute,0,1676928732.0,,,1676928737.0,1676928799.0,1676928815.0,42629270.2,1676928837.0,1676928877.0,1676928825.0,1676928829.0,246.0,1676928877.0,1676928882.0,5.0,,100.0,40.0,5.0,16.0,377646203.0,4.0,1052.0,poseidon,condorpool,poseidon-worker-1-container-40-47,xgboost_hp_tuning,/srv/xgboost_hp_tuning,,14.9,0,0,,,,,,,,,
xgboost_hp_tuning_ID0000003_pegasus-plan_ID0000016,None,compute,0,1676928732.0,,,1676928737.0,1676928799.0,1676928815.0,42640960.5,1676928837.0,1676928877.0,1676928825.0,1676928829.0,253.0,1676928877.0,1676928882.0,5.0,,100.0,40.0,5.0,16.0,377646203.0,4.0,1067.0,poseidon,condorpool,poseidon-worker-1-container-24-31,xgboost_hp_tuning,/srv/xgboost_hp_tuning,,14.2,0,0,,,,,,,,,
xgboost_hp_tuning_ID0000014_pegasus-plan_ID0000016,None,compute,0,1676928732.0,,,1676928737.0,1676928799.0,1676928815.0,42559876.8,1676928837.0,1676928877.0,1676928826.0,1676928830.0,245.0,1676928877.0,1676928882.0,5.0,,100.0,40.0,5.0,16.0,377646203.0,4.0,1055.0,poseidon,condorpool,poseidon-worker-1-container-0-7,xgboost_hp_tuning,/srv/xgboost_hp_tuning,,18.7,0,0,,,,,,,,,
xgboost_hp_tuning_ID0000002_pegasus-plan_ID0000016,None,compute,0,1676928732.0,,,1676928737.0,1676928799.0,1676928815.0,42735299.2,1676928838.0,1676928877.0,1676928825.0,1676928830.0,249.0,1676928877.0,1676928882.0,5.0,,101.0,39.0,5.0,16.0,377646203.0,5.0,1060.0,poseidon,condorpool,poseidon-worker-3-container-40-47,xgboost_hp_tuning,/srv/xgboost_hp_tuning,,15.0,0,0,,,,,,,,,
xgboost_hp_tuning_ID0000006_pegasus-plan_ID0000016,None,compute,0,1676928732.0,,,1676928737.0,1676928768.0,1676928784.0,42533641.0,1676928806.0,1676928847.0,1676928793.0,1676928798.0,252.0,1676928847.0,1676928852.0,5.0,,69.0,41.0,5.0,16.0,377646203.0,5.0,1067.0,poseidon,condorpool,poseidon-worker-2-container-8-15,xgboost_hp_tuning,/srv/xgboost_hp_tuning,,14.5,0,0,,,,,,,,,
xgboost_hp_tuning_ID0000018_pegasus-plan_ID0000012,None,compute,0,1676928732.0,,,1676928737.0,1676928700.0,1676928718.0,46553074.8,1676928738.0,1676928802.0,1676928749.0,1676928753.0,249.0,1676928802.0,1676928807.0,5.0,,1.0,64.0,5.0,18.0,502672266.0,4.0,1058.0,poseidon,condorpool,poseidon-worker-2-container-40-47,xgboost_hp_tuning,/srv/xgboost_hp_tuning,,129.8,0,0,0.0,157972466.0,40.0,3321.0,2.0,101.3,3.6,7898623.3,4.0
xgboost_hp_tuning_ID0000001_pegasus-plan_ID0000020,None,compute,0,1676928737.0,,,1676928742.0,1676929211.0,1676929242.0,69126298.7,1676929249.0,1676929597.0,1676929547.0,1676929551.0,257.0,1676929597.0,1676929602.0,5.0,,507.0,348.0,5.0,31.0,1691153157.0,4.0,1064.0,poseidon,condorpool,poseidon-worker-3-container-16-23,xgboost_hp_tuning,/srv/xgboost_hp_tuning,,1682.9,0,0,0.0,1346555190.0,40.0,3724.0,2.0,1601.9,42.9,4643293.8,4.0
xgboost_hp_tuning_ID0000009_pegasus-plan_ID0000020,None,compute,0,1676928737.0,,,1676928742.0,1676928807.0,1676928838.0,69084659.3,1676928845.0,1676929227.0,1676929172.0,1676929176.0,249.0,1676929227.0,1676929232.0,5.0,,103.0,382.0,5.0,31.0,1691153157.0,4.0,1056.0,poseidon,condorpool,poseidon-worker-2-container-8-15,xgboost_hp_tuning,/srv/xgboost_hp_tuning,,1823.9,0,0,0.1,1346568184.0,40.0,3771.0,2.0,1732.6,60.8,4208025.6,4.0
xgboost_hp_tuning_ID0000012_pegasus-plan_ID0000020,None,compute,0,1676928737.0,,,1676928742.0,1676929217.0,1676929248.0,68989455.7,1676929255.0,1676929632.0,1676929581.0,1676929585.0,248.0,1676929632.0,1676929637.0,5.0,,513.0,377.0,5.0,31.0,1691153157.0,4.0,1048.0,poseidon,condorpool,poseidon-worker-1-container-32-39,xgboost_hp_tuning,/srv/xgboost_hp_tuning,,1905.1,0,0,0.1,1346568620.0,40.0,3771.0,2.0,1835.2,47.4,4208026.9,4.0
xgboost_hp_tuning_ID0000023_pegasus-plan_ID0000020,None,compute,0,1676928737.0,,,1676928742.0,1676929223.0,1676929255.0,68961326.7,1676929261.0,1676929637.0,1676929584.0,1676929588.0,259.0,1676929637.0,1676929642.0,5.0,,519.0,376.0,5.0,32.0,1691153157.0,4.0,1091.0,poseidon,condorpool,poseidon-worker-1-container-0-7,xgboost_hp_tuning,/srv/xgboost_hp_tuning,,1760.0,0,0,0.1,1346564478.0,40.0,3756.0,2.0,1648.0,47.9,4343756.4,4.0
xgboost_hp_tuning_ID0000017_pegasus-plan_ID0000020,None,compute,0,1676928737.0,,,1676928742.0,1676928838.0,1676928870.0,69180419.0,1676928877.0,1676929247.0,1676929195.0,1676929199.0,247.0,1676929247.0,1676929252.0,5.0,,135.0,370.0,5.0,32.0,1691153157.0,4.0,1056.0,poseidon,condorpool,poseidon-worker-1-container-24-31,xgboost_hp_tuning,/srv/xgboost_hp_tuning,,1720.6,0,0,0.0,1346564739.0,40.0,3756.0,2.0,1624.2,61.6,4343757.2,4.0
xgboost_hp_tuning_ID0000002_pegasus-plan_ID0000020,None,compute,0,1676928737.0,,,1676928742.0,1676929205.0,1676929237.0,68951779.0,1676929243.0,1676929587.0,1676929534.0,1676929538.0,251.0,1676929587.0,1676929592.0,5.0,,501.0,344.0,5.0,32.0,1691153157.0,4.0,1063.0,poseidon,condorpool,poseidon-worker-2-container-0-7,xgboost_hp_tuning,/srv/xgboost_hp_tuning,,1634.7,0,0,0.1,1346553001.0,40.0,3711.0,2.0,1532.7,47.6,4809117.9,4.0
xgboost_hp_tuning_ID0000005_pegasus-plan_ID0000020,None,compute,0,1676928737.0,,,1676928742.0,1676928838.0,1676928870.0,69196312.2,1676928877.0,1676929297.0,1676929243.0,1676929248.0,259.0,1676929297.0,1676929302.0,5.0,,135.0,420.0,5.0,32.0,1691153157.0,5.0,1077.0,poseidon,condorpool,poseidon-worker-3-container-40-47,xgboost_hp_tuning,/srv/xgboost_hp_tuning,,2047.5,0,0,0.0,1346583405.0,40.0,3832.0,2.0,1950.5,67.5,3740509.5,4.0
xgboost_hp_tuning_ID0000016_pegasus-plan_ID0000020,None,compute,0,1676928737.0,,,1676928742.0,1676928839.0,1676928871.0,69143062.3,1676928877.0,1676929282.0,1676929227.0,1676929232.0,246.0,1676929282.0,1676929287.0,5.0,,135.0,405.0,5.0,32.0,1691153157.0,5.0,1054.0,poseidon,condorpool,poseidon-worker-1-container-8-15,xgboost_hp_tuning,/srv/xgboost_hp_tuning,,1930.4,0,0,0.1,1346576132.0,40.0,3801.0,2.0,1808.9,71.7,3960518.0,4.0
xgboost_hp_tuning_ID0000004_pegasus-plan_ID0000020,None,compute,0,1676928737.0,,,1676928742.0,1676928839.0,1676928871.0,69129402.7,1676928878.0,1676929262.0,1676929210.0,1676929214.0,249.0,1676929262.0,1676929267.0,5.0,,136.0,384.0,5.0,32.0,1691153157.0,4.0,1063.0,poseidon,condorpool,poseidon-worker-1-container-0-7,xgboost_hp_tuning,/srv/xgboost_hp_tuning,,1852.8,0,0,0.1,1346568287.0,40.0,3771.0,2.0,1731.8,61.7,4208025.9,4.0
xgboost_hp_tuning_ID0000018_pegasus-plan_ID0000020,None,compute,0,1676928737.0,,,1676928742.0,1676928837.0,1676928868.0,69182240.3,1676928875.0,1676929317.0,1676929262.0,1676929266.0,252.0,1676929317.0,1676929322.0,5.0,,133.0,442.0,5.0,31.0,1691153157.0,4.0,1056.0,poseidon,condorpool,poseidon-worker-3-container-24-31,xgboost_hp_tuning,/srv/xgboost_hp_tuning,,2230.6,0,0,0.1,1346589728.0,40.0,3859.0,2.0,2134.1,66.1,3543657.2,4.0
xgboost_hp_tuning_ID0000013_pegasus-plan_ID0000020,None,compute,0,1676928737.0,,,1676928742.0,1676929208.0,1676929239.0,68994252.5,1676929246.0,1676929617.0,1676929564.0,1676929568.0,248.0,1676929617.0,1676929622.0,5.0,,504.0,371.0,5.0,31.0,1691153157.0,4.0,1054.0,poseidon,condorpool,poseidon-worker-1-container-24-31,xgboost_hp_tuning,/srv/xgboost_hp_tuning,,1796.9,0,0,0.1,1346564797.0,40.0,3756.0,2.0,1721.8,44.4,4343757.4,4.0
xgboost_hp_tuning_ID0000019_pegasus-plan_ID0000020,None,compute,0,1676928737.0,,,1676928742.0,1676928828.0,1676928860.0,69002118.4,1676928867.0,1676929502.0,1676929448.0,1676929452.0,254.0,1676929502.0,1676929507.0,5.0,,125.0,635.0,5.0,32.0,1691153157.0,4.0,1059.0,poseidon,condorpool,poseidon-worker-3-container-0-7,xgboost_hp_tuning,/srv/xgboost_hp_tuning,,3579.3,0,0,0.0,1346661691.0,40.0,4144.0,2.0,3432.1,83.6,2362564.4,4.0
xgboost_hp_tuning_ID0000008_pegasus-plan_ID0000020,None,compute,0,1676928737.0,,,1676928742.0,1676928822.0,1676928853.0,69172220.1,1676928860.0,1676929267.0,1676929213.0,1676929217.0,251.0,1676929267.0,1676929272.0,5.0,,118.0,407.0,5.0,31.0,1691153157.0,4.0,1058.0,poseidon,condorpool,poseidon-worker-3-container-32-39,xgboost_hp_tuning,/srv/xgboost_hp_tuning,,1912.5,0,0,0.1,1346578044.0,4033.0,3814.0,5.0,1855.9,56.4,3847365.8,201.7
xgboost_hp_tuning_ID0000007_pegasus-plan_ID0000020,None,compute,0,1676928737.0,,,1676928742.0,1676928837.0,1676928868.0,69176405.5,1676928875.0,1676929252.0,1676929197.0,1676929201.0,254.0,1676929252.0,1676929257.0,5.0,,133.0,377.0,5.0,31.0,1691153157.0,4.0,1067.0,poseidon,condorpool,poseidon-worker-3-container-16-23,xgboost_hp_tuning,/srv/xgboost_hp_tuning,,1743.3,0,0,0.0,1346566738.0,4042.0,3769.0,5.0,1688.5,54.6,4208021.1,202.1
xgboost_hp_tuning_ID0000021_pegasus-plan_ID0000020,None,compute,0,1676928737.0,,,1676928742.0,1676928815.0,1676928846.0,68744103.8,1676928853.0,1676929332.0,1676929278.0,1676929282.0,252.0,1676929332.0,1676929337.0,5.0,,111.0,479.0,5.0,31.0,1691153157.0,4.0,1064.0,poseidon,condorpool,poseidon-worker-2-container-16-23,xgboost_hp_tuning,/srv/xgboost_hp_tuning,,2500.4,0,0,0.0,1346606701.0,40.0,3921.0,2.0,2412.4,70.9,3206206.4,4.0
xgboost_hp_tuning_ID0000010_pegasus-plan_ID0000020,None,compute,0,1676928737.0,,,1676928742.0,1676928813.0,1676928844.0,68928825.1,1676928851.0,1676929242.0,1676929192.0,1676929196.0,248.0,1676929242.0,1676929247.0,5.0,,109.0,391.0,5.0,31.0,1691153157.0,4.0,1051.0,poseidon,condorpool,poseidon-worker-2-container-0-7,xgboost_hp_tuning,/srv/xgboost_hp_tuning,,1849.0,0,0,0.1,1346571917.0,40.0,3786.0,2.0,1739.1,60.7,4080521.0,4.0
xgboost_hp_tuning_ID0000022_pegasus-plan_ID0000020,None,compute,0,1676928737.0,,,1676928742.0,1676928811.0,1676928842.0,69162237.5,1676928849.0,1676929267.0,1676929212.0,1676929217.0,244.0,1676929267.0,1676929272.0,5.0,,107.0,418.0,5.0,31.0,1691153157.0,5.0,1059.0,poseidon,condorpool,poseidon-worker-3-container-8-15,xgboost_hp_tuning,/srv/xgboost_hp_tuning,,2034.9,0,0,0.1,1346581644.0,40.0,3829.0,2.0,1971.3,59.7,3740504.6,4.0
xgboost_hp_tuning_ID0000011_pegasus-plan_ID0000020,None,compute,0,1676928737.0,,,1676928742.0,1676928810.0,1676928842.0,69080955.5,1676928849.0,1676929217.0,1676929166.0,1676929170.0,246.0,1676929217.0,1676929222.0,5.0,,107.0,368.0,5.0,32.0,1691153157.0,4.0,1050.0,poseidon,condorpool,poseidon-worker-1-container-16-23,xgboost_hp_tuning,/srv/xgboost_hp_tuning,,1778.7,0,0,0.0,1346564525.0,40.0,3756.0,2.0,1694.8,50.6,4343756.5,4.0
xgboost_hp_tuning_ID0000015_pegasus-plan_ID0000020,None,compute,0,1676928737.0,,,1676928742.0,1676928843.0,1676928874.0,69080649.7,1676928881.0,1676929272.0,1676929221.0,1676929225.0,246.0,1676929272.0,1676929277.0,5.0,,139.0,391.0,5.0,31.0,1691153157.0,4.0,1055.0,poseidon,condorpool,poseidon-worker-2-container-24-31,xgboost_hp_tuning,/srv/xgboost_hp_tuning,,1859.1,0,0,0.0,1346572391.0,40.0,3786.0,2.0,1759.3,52.0,4080522.4,4.0
xgboost_hp_tuning_ID0000003_pegasus-plan_ID0000020,None,compute,0,1676928737.0,,,1676928742.0,1676928843.0,1676928875.0,69084886.9,1676928882.0,1676929292.0,1676929239.0,1676929244.0,254.0,1676929292.0,1676929297.0,5.0,,140.0,410.0,5.0,32.0,1691153157.0,5.0,1069.0,poseidon,condorpool,poseidon-worker-2-container-32-39,xgboost_hp_tuning,/srv/xgboost_hp_tuning,,2000.3,0,0,0.1,1346580093.0,40.0,3816.0,2.0,1889.0,76.7,3847371.7,4.0
xgboost_hp_tuning_ID0000006_pegasus-plan_ID0000020,None,compute,0,1676928737.0,,,1676928742.0,1676928838.0,1676928869.0,69199342.2,1676928876.0,1676929272.0,1676929218.0,1676929223.0,250.0,1676929272.0,1676929277.0,5.0,,134.0,396.0,5.0,31.0,1691153157.0,5.0,1067.0,poseidon,condorpool,poseidon-worker-1-container-40-47,xgboost_hp_tuning,/srv/xgboost_hp_tuning,,1910.8,0,0,0.0,1346572400.0,40.0,3786.0,2.0,1772.9,76.8,4080522.4,4.0
xgboost_hp_tuning_ID0000020_pegasus-plan_ID0000020,None,compute,0,1676928737.0,,,1676928742.0,1676928815.0,1676928846.0,69044781.1,1676928853.0,1676929257.0,1676929204.0,1676929208.0,249.0,1676929257.0,1676929262.0,5.0,,111.0,404.0,5.0,31.0,1691153157.0,4.0,1062.0,poseidon,condorpool,poseidon-worker-1-container-32-39,xgboost_hp_tuning,/srv/xgboost_hp_tuning,,1907.1,0,0,0.1,1346576055.0,40.0,3801.0,2.0,1799.7,55.3,3960517.8,4.0
xgboost_hp_tuning_ID0000014_pegasus-plan_ID0000020,None,compute,0,1676928737.0,,,1676928742.0,1676928917.0,1676928948.0,68951667.0,1676928955.0,1676929337.0,1676929287.0,1676929291.0,251.0,1676929337.0,1676929342.0,5.0,,213.0,382.0,5.0,31.0,1691153157.0,4.0,1055.0,poseidon,condorpool,poseidon-worker-2-container-40-47,xgboost_hp_tuning,/srv/xgboost_hp_tuning,,1850.5,0,0,0.1,1346568628.0,40.0,3771.0,2.0,1738.5,49.9,4208027.0,4.0
stage_out_local_condorpool_0_2_pegasus-plan_ID0000012,None,transfer,0,1676928857.0,,,1676928862.0,,,0.0,1676928862.0,1676928877.0,1676928863.0,1676928867.0,1840.0,1676928877.0,1676928882.0,5.0,,0.0,15.0,5.0,,,4.0,7425.0,poseidon,local,host-10-100-100-12.openstacklocal,pegasus::transfer,/home/poseidon/pegasus-5.1.0panorama/bin/pegasus-transfer,/home/poseidon/pegasus-5.1.0panorama/bin/../bin/pegasus-kickstart  -n pegasus::transfer -N null -i - -R local  -L xgboost_hp_tuning_group_0 -T 2023-02-20T21:31:17+00:00 /home/poseidon/pegasus-5.1.0panorama/bin/../bin/pegasus-transfer  --threads 2,1.0,0,0,,,,,,,,,
stage_out_local_condorpool_0_1_pegasus-plan_ID0000012,None,transfer,0,1676928857.0,,,1676928862.0,,,0.0,1676928862.0,1676928877.0,1676928863.0,1676928867.0,2109.0,1676928877.0,1676928882.0,5.0,,0.0,15.0,5.0,,,4.0,8507.0,poseidon,local,host-10-100-100-12.openstacklocal,pegasus::transfer,/home/poseidon/pegasus-5.1.0panorama/bin/pegasus-transfer,/home/poseidon/pegasus-5.1.0panorama/bin/../bin/pegasus-kickstart  -n pegasus::transfer -N null -i - -R local  -L xgboost_hp_tuning_group_0 -T 2023-02-20T21:31:17+00:00 /home/poseidon/pegasus-5.1.0panorama/bin/../bin/pegasus-transfer  --threads 2,1.1,0,0,,,,,,,,,
stage_out_local_condorpool_0_0_pegasus-plan_ID0000012,None,transfer,0,1676928872.0,,,1676928877.0,,,0.0,1676928877.0,1676928887.0,1676928877.0,1676928881.0,2097.0,1676928887.0,1676928892.0,5.0,,0.0,10.0,5.0,,,4.0,8465.0,poseidon,local,host-10-100-100-12.openstacklocal,pegasus::transfer,/home/poseidon/pegasus-5.1.0panorama/bin/pegasus-transfer,/home/poseidon/pegasus-5.1.0panorama/bin/../bin/pegasus-kickstart  -n pegasus::transfer -N null -i - -R local  -L xgboost_hp_tuning_group_0 -T 2023-02-20T21:31:17+00:00 /home/poseidon/pegasus-5.1.0panorama/bin/../bin/pegasus-transfer  --threads 2,1.2,0,0,,,,,,,,,
xgboost_best_params_ID0000024_pegasus-plan_ID0000012,None,compute,0,1676928872.0,,,1676928877.0,1676928842.0,1676928859.0,33398295.4,1676928880.0,1676928917.0,1676928866.0,1676928870.0,250.0,1676928917.0,1676928922.0,5.0,,3.0,37.0,5.0,17.0,368018666.0,4.0,1067.0,poseidon,condorpool,poseidon-worker-2-container-40-47,xgboost_best_params,/srv/xgboost_best_params,,0.0,0,0,,,,,,,,,
register_condorpool_0_2_pegasus-plan_ID0000012,None,auxiliary,0,1676928882.0,,,1676928897.0,,,0.0,1676928898.0,1676928902.0,,,0.0,1676928902.0,1676928907.0,15.0,,1.0,4.0,5.0,,,,,poseidon,local,host-10-100-100-12.openstacklocal,pegasus::rc-client,/home/poseidon/pegasus-5.1.0panorama/bin/pegasus-rc-client,"-n pegasus::rc-client -N null -R local  -L xgboost_hp_tuning_group_0 -T 2023-02-20T21:31:17+00:00 /home/poseidon/pegasus-5.1.0panorama/bin/pegasus-rc-client --prefix pegasus.catalog.replica.output --conf /home/poseidon/workflows/predict-future-sales-workflow/submit/poseidon/pegasus/predict-future-sales/run0036/00/00/./xgboost_hp_tuning_group_0.000/pegasus.6288338526963892981.properties -v --meta /home/poseidon/workflows/predict-future-sales-workflow/submit/poseidon/pegasus/predict-future-sales/run0036/00/00/./xgboost_hp_tuning_group_0.000/00/00/xgboost_hp_tuning_ID0000014.meta,/home/poseidon/workflows/predict-future-sales-workflow/submit/poseidon/pegasus/predict-future-sales/run0036/00/00/./xgboost_hp_tuning_group_0.000/00/00/xgboost_hp_tuning_ID0000001.meta,/home/poseidon/workflows/predict-future-sales-workflow/submit/poseidon/pegasus/predict-future-sales/run0036/00/00/./xgboost_hp_tuning_group_0.000/00/00/xgboost_hp_tuning_ID0000007.meta,/home/poseidon/workflows/predict-future-sales-workflow/submit/poseidon/pegasus/predict-future-sales/run0036/00/00/./xgboost_hp_tuning_group_0.000/00/00/xgboost_hp_tuning_ID0000004.meta,/home/poseidon/workflows/predict-future-sales-workflow/submit/poseidon/pegasus/predict-future-sales/run0036/00/00/./xgboost_hp_tuning_group_0.000/00/00/xgboost_hp_tuning_ID0000022.meta,/home/poseidon/workflows/predict-future-sales-workflow/submit/poseidon/pegasus/predict-future-sales/run0036/00/00/./xgboost_hp_tuning_group_0.000/00/00/xgboost_hp_tuning_ID0000020.meta,/home/poseidon/workflows/predict-future-sales-workflow/submit/poseidon/pegasus/predict-future-sales/run0036/00/00/./xgboost_hp_tuning_group_0.000/00/00/xgboost_hp_tuning_ID0000017.meta --insert /home/poseidon/workflows/predict-future-sales-workflow/submit/poseidon/pegasus/predict-future-sales/run0036/00/00/./xgboost_hp_tuning_group_0.000/00/00/register_condorpool_0_2.in",3.1,0,0,,,,,,,,,
register_condorpool_0_1_pegasus-plan_ID0000012,None,auxiliary,0,1676928882.0,,,1676928887.0,,,0.0,1676928887.0,1676928892.0,,,0.0,1676928892.0,1676928897.0,5.0,,0.0,5.0,5.0,,,,,poseidon,local,host-10-100-100-12.openstacklocal,pegasus::rc-client,/home/poseidon/pegasus-5.1.0panorama/bin/pegasus-rc-client,"-n pegasus::rc-client -N null -R local  -L xgboost_hp_tuning_group_0 -T 2023-02-20T21:31:17+00:00 /home/poseidon/pegasus-5.1.0panorama/bin/pegasus-rc-client --prefix pegasus.catalog.replica.output --conf /home/poseidon/workflows/predict-future-sales-workflow/submit/poseidon/pegasus/predict-future-sales/run0036/00/00/./xgboost_hp_tuning_group_0.000/pegasus.6288338526963892981.properties -v --meta /home/poseidon/workflows/predict-future-sales-workflow/submit/poseidon/pegasus/predict-future-sales/run0036/00/00/./xgboost_hp_tuning_group_0.000/00/00/xgboost_hp_tuning_ID0000019.meta,/home/poseidon/workflows/predict-future-sales-workflow/submit/poseidon/pegasus/predict-future-sales/run0036/00/00/./xgboost_hp_tuning_group_0.000/00/00/xgboost_hp_tuning_ID0000003.meta,/home/poseidon/workflows/predict-future-sales-workflow/submit/poseidon/pegasus/predict-future-sales/run0036/00/00/./xgboost_hp_tuning_group_0.000/00/00/xgboost_hp_tuning_ID0000006.meta,/home/poseidon/workflows/predict-future-sales-workflow/submit/poseidon/pegasus/predict-future-sales/run0036/00/00/./xgboost_hp_tuning_group_0.000/00/00/xgboost_hp_tuning_ID0000016.meta,/home/poseidon/workflows/predict-future-sales-workflow/submit/poseidon/pegasus/predict-future-sales/run0036/00/00/./xgboost_hp_tuning_group_0.000/00/00/xgboost_hp_tuning_ID0000013.meta,/home/poseidon/workflows/predict-future-sales-workflow/submit/poseidon/pegasus/predict-future-sales/run0036/00/00/./xgboost_hp_tuning_group_0.000/00/00/xgboost_hp_tuning_ID0000023.meta,/home/poseidon/workflows/predict-future-sales-workflow/submit/poseidon/pegasus/predict-future-sales/run0036/00/00/./xgboost_hp_tuning_group_0.000/00/00/xgboost_hp_tuning_ID0000011.meta,/home/poseidon/workflows/predict-future-sales-workflow/submit/poseidon/pegasus/predict-future-sales/run0036/00/00/./xgboost_hp_tuning_group_0.000/00/00/xgboost_hp_tuning_ID0000021.meta --insert /home/poseidon/workflows/predict-future-sales-workflow/submit/poseidon/pegasus/predict-future-sales/run0036/00/00/./xgboost_hp_tuning_group_0.000/00/00/register_condorpool_0_1.in",3.1,0,0,,,,,,,,,
stage_out_local_condorpool_0_2_pegasus-plan_ID0000016,None,transfer,0,1676928887.0,,,1676928892.0,,,0.0,1676928893.0,1676928902.0,1676928893.0,1676928897.0,1838.0,1676928902.0,1676928907.0,5.0,,1.0,9.0,5.0,,,4.0,7418.0,poseidon,local,host-10-100-100-12.openstacklocal,pegasus::transfer,/home/poseidon/pegasus-5.1.0panorama/bin/pegasus-transfer,/home/poseidon/pegasus-5.1.0panorama/bin/../bin/pegasus-kickstart  -n pegasus::transfer -N null -i - -R local  -L xgboost_hp_tuning_group_1 -T 2023-02-20T21:31:17+00:00 /home/poseidon/pegasus-5.1.0panorama/bin/../bin/pegasus-transfer  --threads 2,1.0,0,0,,,,,,,,,
stage_out_local_condorpool_0_0_pegasus-plan_ID0000016,None,transfer,0,1676928887.0,,,1676928892.0,,,0.0,1676928893.0,1676928902.0,1676928893.0,1676928897.0,2097.0,1676928902.0,1676928907.0,5.0,,1.0,9.0,5.0,,,4.0,8457.0,poseidon,local,host-10-100-100-12.openstacklocal,pegasus::transfer,/home/poseidon/pegasus-5.1.0panorama/bin/pegasus-transfer,/home/poseidon/pegasus-5.1.0panorama/bin/../bin/pegasus-kickstart  -n pegasus::transfer -N null -i - -R local  -L xgboost_hp_tuning_group_1 -T 2023-02-20T21:31:17+00:00 /home/poseidon/pegasus-5.1.0panorama/bin/../bin/pegasus-transfer  --threads 2,1.1,0,0,,,,,,,,,
xgboost_best_params_ID0000024_pegasus-plan_ID0000016,None,compute,0,1676928887.0,,,1676928892.0,1676928879.0,1676928897.0,33285534.2,1676928917.0,1676928957.0,1676928903.0,1676928908.0,248.0,1676928957.0,1676928962.0,5.0,,25.0,40.0,5.0,18.0,368018647.0,5.0,1060.0,poseidon,condorpool,poseidon-worker-2-container-40-47,xgboost_best_params,/srv/xgboost_best_params,,0.1,0,0,,,,,,,,,
stage_out_local_condorpool_0_1_pegasus-plan_ID0000016,None,transfer,0,1676928887.0,,,1676928892.0,,,0.0,1676928893.0,1676928902.0,1676928893.0,1676928897.0,2107.0,1676928902.0,1676928907.0,5.0,,1.0,9.0,5.0,,,4.0,8503.0,poseidon,local,host-10-100-100-12.openstacklocal,pegasus::transfer,/home/poseidon/pegasus-5.1.0panorama/bin/pegasus-transfer,/home/poseidon/pegasus-5.1.0panorama/bin/../bin/pegasus-kickstart  -n pegasus::transfer -N null -i - -R local  -L xgboost_hp_tuning_group_1 -T 2023-02-20T21:31:17+00:00 /home/poseidon/pegasus-5.1.0panorama/bin/../bin/pegasus-transfer  --threads 2,1.1,0,0,,,,,,,,,
register_condorpool_0_0_pegasus-plan_ID0000012,None,auxiliary,0,1676928892.0,,,1676928907.0,,,0.0,1676928908.0,1676928912.0,,,0.0,1676928912.0,1676928917.0,15.0,,1.0,4.0,5.0,,,,,poseidon,local,host-10-100-100-12.openstacklocal,pegasus::rc-client,/home/poseidon/pegasus-5.1.0panorama/bin/pegasus-rc-client,"-n pegasus::rc-client -N null -R local  -L xgboost_hp_tuning_group_0 -T 2023-02-20T21:31:17+00:00 /home/poseidon/pegasus-5.1.0panorama/bin/pegasus-rc-client --prefix pegasus.catalog.replica.output --conf /home/poseidon/workflows/predict-future-sales-workflow/submit/poseidon/pegasus/predict-future-sales/run0036/00/00/./xgboost_hp_tuning_group_0.000/pegasus.6288338526963892981.properties -v --meta /home/poseidon/workflows/predict-future-sales-workflow/submit/poseidon/pegasus/predict-future-sales/run0036/00/00/./xgboost_hp_tuning_group_0.000/00/00/xgboost_hp_tuning_ID0000018.meta,/home/poseidon/workflows/predict-future-sales-workflow/submit/poseidon/pegasus/predict-future-sales/run0036/00/00/./xgboost_hp_tuning_group_0.000/00/00/xgboost_hp_tuning_ID0000009.meta,/home/poseidon/workflows/predict-future-sales-workflow/submit/poseidon/pegasus/predict-future-sales/run0036/00/00/./xgboost_hp_tuning_group_0.000/00/00/xgboost_hp_tuning_ID0000012.meta,/home/poseidon/workflows/predict-future-sales-workflow/submit/poseidon/pegasus/predict-future-sales/run0036/00/00/./xgboost_hp_tuning_group_0.000/00/00/xgboost_hp_tuning_ID0000008.meta,/home/poseidon/workflows/predict-future-sales-workflow/submit/poseidon/pegasus/predict-future-sales/run0036/00/00/./xgboost_hp_tuning_group_0.000/00/00/xgboost_hp_tuning_ID0000010.meta,/home/poseidon/workflows/predict-future-sales-workflow/submit/poseidon/pegasus/predict-future-sales/run0036/00/00/./xgboost_hp_tuning_group_0.000/00/00/xgboost_hp_tuning_ID0000002.meta,/home/poseidon/workflows/predict-future-sales-workflow/submit/poseidon/pegasus/predict-future-sales/run0036/00/00/./xgboost_hp_tuning_group_0.000/00/00/xgboost_hp_tuning_ID0000005.meta,/home/poseidon/workflows/predict-future-sales-workflow/submit/poseidon/pegasus/predict-future-sales/run0036/00/00/./xgboost_hp_tuning_group_0.000/00/00/xgboost_hp_tuning_ID0000015.meta --insert /home/poseidon/workflows/predict-future-sales-workflow/submit/poseidon/pegasus/predict-future-sales/run0036/00/00/./xgboost_hp_tuning_group_0.000/00/00/register_condorpool_0_0.in",3.1,0,0,,,,,,,,,
register_condorpool_0_1_pegasus-plan_ID0000016,None,auxiliary,0,1676928907.0,,,1676928912.0,,,0.0,1676928912.0,1676928917.0,,,0.0,1676928917.0,1676928922.0,5.0,,0.0,5.0,5.0,,,,,poseidon,local,host-10-100-100-12.openstacklocal,pegasus::rc-client,/home/poseidon/pegasus-5.1.0panorama/bin/pegasus-rc-client,"-n pegasus::rc-client -N null -R local  -L xgboost_hp_tuning_group_1 -T 2023-02-20T21:31:17+00:00 /home/poseidon/pegasus-5.1.0panorama/bin/pegasus-rc-client --prefix pegasus.catalog.replica.output --conf /home/poseidon/workflows/predict-future-sales-workflow/submit/poseidon/pegasus/predict-future-sales/run0036/00/00/./xgboost_hp_tuning_group_1.000/pegasus.5373498666608302856.properties -v --meta /home/poseidon/workflows/predict-future-sales-workflow/submit/poseidon/pegasus/predict-future-sales/run0036/00/00/./xgboost_hp_tuning_group_1.000/00/00/xgboost_hp_tuning_ID0000019.meta,/home/poseidon/workflows/predict-future-sales-workflow/submit/poseidon/pegasus/predict-future-sales/run0036/00/00/./xgboost_hp_tuning_group_1.000/00/00/xgboost_hp_tuning_ID0000003.meta,/home/poseidon/workflows/predict-future-sales-workflow/submit/poseidon/pegasus/predict-future-sales/run0036/00/00/./xgboost_hp_tuning_group_1.000/00/00/xgboost_hp_tuning_ID0000006.meta,/home/poseidon/workflows/predict-future-sales-workflow/submit/poseidon/pegasus/predict-future-sales/run0036/00/00/./xgboost_hp_tuning_group_1.000/00/00/xgboost_hp_tuning_ID0000016.meta,/home/poseidon/workflows/predict-future-sales-workflow/submit/poseidon/pegasus/predict-future-sales/run0036/00/00/./xgboost_hp_tuning_group_1.000/00/00/xgboost_hp_tuning_ID0000013.meta,/home/poseidon/workflows/predict-future-sales-workflow/submit/poseidon/pegasus/predict-future-sales/run0036/00/00/./xgboost_hp_tuning_group_1.000/00/00/xgboost_hp_tuning_ID0000023.meta,/home/poseidon/workflows/predict-future-sales-workflow/submit/poseidon/pegasus/predict-future-sales/run0036/00/00/./xgboost_hp_tuning_group_1.000/00/00/xgboost_hp_tuning_ID0000011.meta,/home/poseidon/workflows/predict-future-sales-workflow/submit/poseidon/pegasus/predict-future-sales/run0036/00/00/./xgboost_hp_tuning_group_1.000/00/00/xgboost_hp_tuning_ID0000021.meta --insert /home/poseidon/workflows/predict-future-sales-workflow/submit/poseidon/pegasus/predict-future-sales/run0036/00/00/./xgboost_hp_tuning_group_1.000/00/00/register_condorpool_0_1.in",3.1,0,0,,,,,,,,,
register_condorpool_0_0_pegasus-plan_ID0000016,None,auxiliary,0,1676928907.0,,,1676928922.0,,,0.0,1676928922.0,1676928927.0,,,0.0,1676928927.0,1676928932.0,15.0,,0.0,5.0,5.0,,,,,poseidon,local,host-10-100-100-12.openstacklocal,pegasus::rc-client,/home/poseidon/pegasus-5.1.0panorama/bin/pegasus-rc-client,"-n pegasus::rc-client -N null -R local  -L xgboost_hp_tuning_group_1 -T 2023-02-20T21:31:17+00:00 /home/poseidon/pegasus-5.1.0panorama/bin/pegasus-rc-client --prefix pegasus.catalog.replica.output --conf /home/poseidon/workflows/predict-future-sales-workflow/submit/poseidon/pegasus/predict-future-sales/run0036/00/00/./xgboost_hp_tuning_group_1.000/pegasus.5373498666608302856.properties -v --meta /home/poseidon/workflows/predict-future-sales-workflow/submit/poseidon/pegasus/predict-future-sales/run0036/00/00/./xgboost_hp_tuning_group_1.000/00/00/xgboost_hp_tuning_ID0000018.meta,/home/poseidon/workflows/predict-future-sales-workflow/submit/poseidon/pegasus/predict-future-sales/run0036/00/00/./xgboost_hp_tuning_group_1.000/00/00/xgboost_hp_tuning_ID0000009.meta,/home/poseidon/workflows/predict-future-sales-workflow/submit/poseidon/pegasus/predict-future-sales/run0036/00/00/./xgboost_hp_tuning_group_1.000/00/00/xgboost_hp_tuning_ID0000012.meta,/home/poseidon/workflows/predict-future-sales-workflow/submit/poseidon/pegasus/predict-future-sales/run0036/00/00/./xgboost_hp_tuning_group_1.000/00/00/xgboost_hp_tuning_ID0000008.meta,/home/poseidon/workflows/predict-future-sales-workflow/submit/poseidon/pegasus/predict-future-sales/run0036/00/00/./xgboost_hp_tuning_group_1.000/00/00/xgboost_hp_tuning_ID0000010.meta,/home/poseidon/workflows/predict-future-sales-workflow/submit/poseidon/pegasus/predict-future-sales/run0036/00/00/./xgboost_hp_tuning_group_1.000/00/00/xgboost_hp_tuning_ID0000002.meta,/home/poseidon/workflows/predict-future-sales-workflow/submit/poseidon/pegasus/predict-future-sales/run0036/00/00/./xgboost_hp_tuning_group_1.000/00/00/xgboost_hp_tuning_ID0000005.meta,/home/poseidon/workflows/predict-future-sales-workflow/submit/poseidon/pegasus/predict-future-sales/run0036/00/00/./xgboost_hp_tuning_group_1.000/00/00/xgboost_hp_tuning_ID0000015.meta --insert /home/poseidon/workflows/predict-future-sales-workflow/submit/poseidon/pegasus/predict-future-sales/run0036/00/00/./xgboost_hp_tuning_group_1.000/00/00/register_condorpool_0_0.in",3.1,0,0,,,,,,,,,
register_condorpool_0_2_pegasus-plan_ID0000016,None,auxiliary,0,1676928907.0,,,1676928932.0,,,0.0,1676928932.0,1676928937.0,,,0.0,1676928937.0,1676928942.0,25.0,,0.0,5.0,5.0,,,,,poseidon,local,host-10-100-100-12.openstacklocal,pegasus::rc-client,/home/poseidon/pegasus-5.1.0panorama/bin/pegasus-rc-client,"-n pegasus::rc-client -N null -R local  -L xgboost_hp_tuning_group_1 -T 2023-02-20T21:31:17+00:00 /home/poseidon/pegasus-5.1.0panorama/bin/pegasus-rc-client --prefix pegasus.catalog.replica.output --conf /home/poseidon/workflows/predict-future-sales-workflow/submit/poseidon/pegasus/predict-future-sales/run0036/00/00/./xgboost_hp_tuning_group_1.000/pegasus.5373498666608302856.properties -v --meta /home/poseidon/workflows/predict-future-sales-workflow/submit/poseidon/pegasus/predict-future-sales/run0036/00/00/./xgboost_hp_tuning_group_1.000/00/00/xgboost_hp_tuning_ID0000014.meta,/home/poseidon/workflows/predict-future-sales-workflow/submit/poseidon/pegasus/predict-future-sales/run0036/00/00/./xgboost_hp_tuning_group_1.000/00/00/xgboost_hp_tuning_ID0000001.meta,/home/poseidon/workflows/predict-future-sales-workflow/submit/poseidon/pegasus/predict-future-sales/run0036/00/00/./xgboost_hp_tuning_group_1.000/00/00/xgboost_hp_tuning_ID0000007.meta,/home/poseidon/workflows/predict-future-sales-workflow/submit/poseidon/pegasus/predict-future-sales/run0036/00/00/./xgboost_hp_tuning_group_1.000/00/00/xgboost_hp_tuning_ID0000004.meta,/home/poseidon/workflows/predict-future-sales-workflow/submit/poseidon/pegasus/predict-future-sales/run0036/00/00/./xgboost_hp_tuning_group_1.000/00/00/xgboost_hp_tuning_ID0000022.meta,/home/poseidon/workflows/predict-future-sales-workflow/submit/poseidon/pegasus/predict-future-sales/run0036/00/00/./xgboost_hp_tuning_group_1.000/00/00/xgboost_hp_tuning_ID0000020.meta,/home/poseidon/workflows/predict-future-sales-workflow/submit/poseidon/pegasus/predict-future-sales/run0036/00/00/./xgboost_hp_tuning_group_1.000/00/00/xgboost_hp_tuning_ID0000017.meta --insert /home/poseidon/workflows/predict-future-sales-workflow/submit/poseidon/pegasus/predict-future-sales/run0036/00/00/./xgboost_hp_tuning_group_1.000/00/00/register_condorpool_0_2.in",3.2,0,0,,,,,,,,,
stage_out_local_condorpool_1_0_pegasus-plan_ID0000012,None,transfer,0,1676928922.0,,,1676928927.0,,,0.0,1676928927.0,1676928937.0,1676928927.0,1676928932.0,1231.0,1676928937.0,1676928942.0,5.0,,0.0,10.0,5.0,,,5.0,5335.0,poseidon,local,host-10-100-100-12.openstacklocal,pegasus::transfer,/home/poseidon/pegasus-5.1.0panorama/bin/pegasus-transfer,/home/poseidon/pegasus-5.1.0panorama/bin/../bin/pegasus-kickstart  -n pegasus::transfer -N null -i - -R local  -L xgboost_hp_tuning_group_0 -T 2023-02-20T21:31:17+00:00 /home/poseidon/pegasus-5.1.0panorama/bin/../bin/pegasus-transfer  --threads 2,0.7,0,0,,,,,,,,,
register_condorpool_1_0_pegasus-plan_ID0000012,None,auxiliary,0,1676928942.0,,,1676928947.0,,,0.0,1676928947.0,1676928952.0,,,0.0,1676928952.0,1676928957.0,5.0,,0.0,5.0,5.0,,,,,poseidon,local,host-10-100-100-12.openstacklocal,pegasus::rc-client,/home/poseidon/pegasus-5.1.0panorama/bin/pegasus-rc-client,-n pegasus::rc-client -N null -R local  -L xgboost_hp_tuning_group_0 -T 2023-02-20T21:31:17+00:00 /home/poseidon/pegasus-5.1.0panorama/bin/pegasus-rc-client --prefix pegasus.catalog.replica.output --conf /home/poseidon/workflows/predict-future-sales-workflow/submit/poseidon/pegasus/predict-future-sales/run0036/00/00/./xgboost_hp_tuning_group_0.000/pegasus.6288338526963892981.properties -v --meta /home/poseidon/workflows/predict-future-sales-workflow/submit/poseidon/pegasus/predict-future-sales/run0036/00/00/./xgboost_hp_tuning_group_0.000/00/00/xgboost_best_params_ID0000024.meta --insert /home/poseidon/workflows/predict-future-sales-workflow/submit/poseidon/pegasus/predict-future-sales/run0036/00/00/./xgboost_hp_tuning_group_0.000/00/00/register_condorpool_1_0.in,2.9,0,0,,,,,,,,,
xgboost_model_ID0000013,None,compute,0,1676928960.0,,,1676928965.0,1676929179.0,1676929198.0,46416846.8,1676929217.0,1676929265.0,1676929212.0,1676929217.0,423063.0,1676929265.0,1676929270.0,5.0,,252.0,48.0,5.0,19.0,502671197.0,5.0,1912523.0,poseidon,condorpool,poseidon-worker-1-container-16-23,xgboost_model,/srv/xgboost_model,,32.3,0,0,,,,,,,,,
stage_out_local_condorpool_1_0_pegasus-plan_ID0000016,None,transfer,0,1676928962.0,,,1676928967.0,,,0.0,1676928971.0,1676928982.0,1676928971.0,1676928975.0,1223.0,1676928982.0,1676928987.0,5.0,,4.0,11.0,5.0,,,4.0,5300.0,poseidon,local,host-10-100-100-12.openstacklocal,pegasus::transfer,/home/poseidon/pegasus-5.1.0panorama/bin/pegasus-transfer,/home/poseidon/pegasus-5.1.0panorama/bin/../bin/pegasus-kickstart  -n pegasus::transfer -N null -i - -R local  -L xgboost_hp_tuning_group_1 -T 2023-02-20T21:31:17+00:00 /home/poseidon/pegasus-5.1.0panorama/bin/../bin/pegasus-transfer  --threads 2,0.7,0,0,,,,,,,,,
register_condorpool_1_0_pegasus-plan_ID0000016,None,auxiliary,0,1676928987.0,,,1676928992.0,,,0.0,1676928992.0,1676928997.0,,,0.0,1676928997.0,1676929002.0,5.0,,0.0,5.0,5.0,,,,,poseidon,local,host-10-100-100-12.openstacklocal,pegasus::rc-client,/home/poseidon/pegasus-5.1.0panorama/bin/pegasus-rc-client,-n pegasus::rc-client -N null -R local  -L xgboost_hp_tuning_group_1 -T 2023-02-20T21:31:17+00:00 /home/poseidon/pegasus-5.1.0panorama/bin/pegasus-rc-client --prefix pegasus.catalog.replica.output --conf /home/poseidon/workflows/predict-future-sales-workflow/submit/poseidon/pegasus/predict-future-sales/run0036/00/00/./xgboost_hp_tuning_group_1.000/pegasus.5373498666608302856.properties -v --meta /home/poseidon/workflows/predict-future-sales-workflow/submit/poseidon/pegasus/predict-future-sales/run0036/00/00/./xgboost_hp_tuning_group_1.000/00/00/xgboost_best_params_ID0000024.meta --insert /home/poseidon/workflows/predict-future-sales-workflow/submit/poseidon/pegasus/predict-future-sales/run0036/00/00/./xgboost_hp_tuning_group_1.000/00/00/register_condorpool_1_0.in,3.0,0,0,,,,,,,,,
xgboost_model_ID0000017,None,compute,0,1676929005.0,,,1676929010.0,1676929185.0,1676929202.0,42497228.8,1676929223.0,1676929265.0,1676929212.0,1676929217.0,75168.0,1676929265.0,1676929270.0,5.0,,213.0,42.0,5.0,17.0,377645127.0,5.0,334922.0,poseidon,condorpool,poseidon-worker-2-container-8-15,xgboost_model,/srv/xgboost_model,,8.2,0,0,,,,,,,,,
model_predict_ID0000014,None,compute,0,1676929270.0,,,1676929275.0,1676929238.0,1676929256.0,42177723.2,1676929276.0,1676929315.0,1676929264.0,1676929268.0,104499.0,1676929315.0,1676929320.0,5.0,,1.0,39.0,5.0,18.0,372099812.0,4.0,451213.0,poseidon,condorpool,poseidon-worker-3-container-8-15,model_predict,/srv/model_predict,,2.6,0,0,,,,,,,,,
model_predict_ID0000018,None,compute,0,1676929270.0,,,1676929275.0,1676929238.0,1676929255.0,41724904.5,1676929276.0,1676929315.0,1676929263.0,1676929267.0,5926.0,1676929315.0,1676929320.0,5.0,,1.0,39.0,5.0,17.0,368437031.0,4.0,25035.0,poseidon,condorpool,poseidon-worker-1-container-16-23,model_predict,/srv/model_predict,,2.5,0,0,,,,,,,,,
stage_out_local_condorpool_0_2_pegasus-plan_ID0000020,None,transfer,0,1676929602.0,,,1676929607.0,,,0.0,1676929608.0,1676929617.0,1676929608.0,1676929612.0,1840.0,1676929617.0,1676929622.0,5.0,,1.0,9.0,5.0,,,4.0,7426.0,poseidon,local,host-10-100-100-12.openstacklocal,pegasus::transfer,/home/poseidon/pegasus-5.1.0panorama/bin/pegasus-transfer,/home/poseidon/pegasus-5.1.0panorama/bin/../bin/pegasus-kickstart  -n pegasus::transfer -N null -i - -R local  -L xgboost_hp_tuning_group_2 -T 2023-02-20T21:31:17+00:00 /home/poseidon/pegasus-5.1.0panorama/bin/../bin/pegasus-transfer  --threads 2,0.9,0,0,,,,,,,,,
register_condorpool_0_2_pegasus-plan_ID0000020,None,auxiliary,0,1676929622.0,,,1676929627.0,,,0.0,1676929627.0,1676929632.0,,,0.0,1676929632.0,1676929637.0,5.0,,0.0,5.0,5.0,,,,,poseidon,local,host-10-100-100-12.openstacklocal,pegasus::rc-client,/home/poseidon/pegasus-5.1.0panorama/bin/pegasus-rc-client,"-n pegasus::rc-client -N null -R local  -L xgboost_hp_tuning_group_2 -T 2023-02-20T21:31:17+00:00 /home/poseidon/pegasus-5.1.0panorama/bin/pegasus-rc-client --prefix pegasus.catalog.replica.output --conf /home/poseidon/workflows/predict-future-sales-workflow/submit/poseidon/pegasus/predict-future-sales/run0036/00/00/./xgboost_hp_tuning_group_2.000/pegasus.63961407394962534.properties -v --meta /home/poseidon/workflows/predict-future-sales-workflow/submit/poseidon/pegasus/predict-future-sales/run0036/00/00/./xgboost_hp_tuning_group_2.000/00/00/xgboost_hp_tuning_ID0000017.meta,/home/poseidon/workflows/predict-future-sales-workflow/submit/poseidon/pegasus/predict-future-sales/run0036/00/00/./xgboost_hp_tuning_group_2.000/00/00/xgboost_hp_tuning_ID0000022.meta,/home/poseidon/workflows/predict-future-sales-workflow/submit/poseidon/pegasus/predict-future-sales/run0036/00/00/./xgboost_hp_tuning_group_2.000/00/00/xgboost_hp_tuning_ID0000007.meta,/home/poseidon/workflows/predict-future-sales-workflow/submit/poseidon/pegasus/predict-future-sales/run0036/00/00/./xgboost_hp_tuning_group_2.000/00/00/xgboost_hp_tuning_ID0000020.meta,/home/poseidon/workflows/predict-future-sales-workflow/submit/poseidon/pegasus/predict-future-sales/run0036/00/00/./xgboost_hp_tuning_group_2.000/00/00/xgboost_hp_tuning_ID0000001.meta,/home/poseidon/workflows/predict-future-sales-workflow/submit/poseidon/pegasus/predict-future-sales/run0036/00/00/./xgboost_hp_tuning_group_2.000/00/00/xgboost_hp_tuning_ID0000004.meta,/home/poseidon/workflows/predict-future-sales-workflow/submit/poseidon/pegasus/predict-future-sales/run0036/00/00/./xgboost_hp_tuning_group_2.000/00/00/xgboost_hp_tuning_ID0000014.meta --insert /home/poseidon/workflows/predict-future-sales-workflow/submit/poseidon/pegasus/predict-future-sales/run0036/00/00/./xgboost_hp_tuning_group_2.000/00/00/register_condorpool_0_2.in",3.0,0,0,,,,,,,,,
stage_out_local_condorpool_0_0_pegasus-plan_ID0000020,None,transfer,0,1676929637.0,,,1676929642.0,,,0.0,1676929642.0,1676929652.0,1676929643.0,1676929647.0,2098.0,1676929652.0,1676929657.0,5.0,,0.0,10.0,5.0,,,4.0,8464.0,poseidon,local,host-10-100-100-12.openstacklocal,pegasus::transfer,/home/poseidon/pegasus-5.1.0panorama/bin/pegasus-transfer,/home/poseidon/pegasus-5.1.0panorama/bin/../bin/pegasus-kickstart  -n pegasus::transfer -N null -i - -R local  -L xgboost_hp_tuning_group_2 -T 2023-02-20T21:31:17+00:00 /home/poseidon/pegasus-5.1.0panorama/bin/../bin/pegasus-transfer  --threads 2,1.1,0,0,,,,,,,,,
xgboost_best_params_ID0000024_pegasus-plan_ID0000020,None,compute,0,1676929642.0,,,1676929647.0,1676929611.0,1676929628.0,33304582.4,1676929649.0,1676929687.0,1676929635.0,1676929639.0,252.0,1676929687.0,1676929692.0,5.0,,2.0,38.0,5.0,17.0,368018667.0,4.0,1059.0,poseidon,condorpool,poseidon-worker-1-container-32-39,xgboost_best_params,/srv/xgboost_best_params,,0.0,0,0,,,,,,,,,
stage_out_local_condorpool_0_1_pegasus-plan_ID0000020,None,transfer,0,1676929642.0,,,1676929647.0,,,0.0,1676929648.0,1676929657.0,1676929648.0,1676929652.0,2108.0,1676929657.0,1676929662.0,5.0,,1.0,9.0,5.0,,,4.0,8508.0,poseidon,local,host-10-100-100-12.openstacklocal,pegasus::transfer,/home/poseidon/pegasus-5.1.0panorama/bin/pegasus-transfer,/home/poseidon/pegasus-5.1.0panorama/bin/../bin/pegasus-kickstart  -n pegasus::transfer -N null -i - -R local  -L xgboost_hp_tuning_group_2 -T 2023-02-20T21:31:17+00:00 /home/poseidon/pegasus-5.1.0panorama/bin/../bin/pegasus-transfer  --threads 2,1.0,0,0,,,,,,,,,
register_condorpool_0_0_pegasus-plan_ID0000020,None,auxiliary,0,1676929657.0,,,1676929662.0,,,0.0,1676929662.0,1676929667.0,,,0.0,1676929667.0,1676929672.0,5.0,,0.0,5.0,5.0,,,,,poseidon,local,host-10-100-100-12.openstacklocal,pegasus::rc-client,/home/poseidon/pegasus-5.1.0panorama/bin/pegasus-rc-client,"-n pegasus::rc-client -N null -R local  -L xgboost_hp_tuning_group_2 -T 2023-02-20T21:31:17+00:00 /home/poseidon/pegasus-5.1.0panorama/bin/pegasus-rc-client --prefix pegasus.catalog.replica.output --conf /home/poseidon/workflows/predict-future-sales-workflow/submit/poseidon/pegasus/predict-future-sales/run0036/00/00/./xgboost_hp_tuning_group_2.000/pegasus.63961407394962534.properties -v --meta /home/poseidon/workflows/predict-future-sales-workflow/submit/poseidon/pegasus/predict-future-sales/run0036/00/00/./xgboost_hp_tuning_group_2.000/00/00/xgboost_hp_tuning_ID0000018.meta,/home/poseidon/workflows/predict-future-sales-workflow/submit/poseidon/pegasus/predict-future-sales/run0036/00/00/./xgboost_hp_tuning_group_2.000/00/00/xgboost_hp_tuning_ID0000002.meta,/home/poseidon/workflows/predict-future-sales-workflow/submit/poseidon/pegasus/predict-future-sales/run0036/00/00/./xgboost_hp_tuning_group_2.000/00/00/xgboost_hp_tuning_ID0000005.meta,/home/poseidon/workflows/predict-future-sales-workflow/submit/poseidon/pegasus/predict-future-sales/run0036/00/00/./xgboost_hp_tuning_group_2.000/00/00/xgboost_hp_tuning_ID0000009.meta,/home/poseidon/workflows/predict-future-sales-workflow/submit/poseidon/pegasus/predict-future-sales/run0036/00/00/./xgboost_hp_tuning_group_2.000/00/00/xgboost_hp_tuning_ID0000015.meta,/home/poseidon/workflows/predict-future-sales-workflow/submit/poseidon/pegasus/predict-future-sales/run0036/00/00/./xgboost_hp_tuning_group_2.000/00/00/xgboost_hp_tuning_ID0000012.meta,/home/poseidon/workflows/predict-future-sales-workflow/submit/poseidon/pegasus/predict-future-sales/run0036/00/00/./xgboost_hp_tuning_group_2.000/00/00/xgboost_hp_tuning_ID0000010.meta,/home/poseidon/workflows/predict-future-sales-workflow/submit/poseidon/pegasus/predict-future-sales/run0036/00/00/./xgboost_hp_tuning_group_2.000/00/00/xgboost_hp_tuning_ID0000008.meta --insert /home/poseidon/workflows/predict-future-sales-workflow/submit/poseidon/pegasus/predict-future-sales/run0036/00/00/./xgboost_hp_tuning_group_2.000/00/00/register_condorpool_0_0.in",3.0,0,0,,,,,,,,,
register_condorpool_0_1_pegasus-plan_ID0000020,None,auxiliary,0,1676929662.0,,,1676929672.0,,,0.0,1676929672.0,1676929677.0,,,0.0,1676929677.0,1676929682.0,10.0,,0.0,5.0,5.0,,,,,poseidon,local,host-10-100-100-12.openstacklocal,pegasus::rc-client,/home/poseidon/pegasus-5.1.0panorama/bin/pegasus-rc-client,"-n pegasus::rc-client -N null -R local  -L xgboost_hp_tuning_group_2 -T 2023-02-20T21:31:17+00:00 /home/poseidon/pegasus-5.1.0panorama/bin/pegasus-rc-client --prefix pegasus.catalog.replica.output --conf /home/poseidon/workflows/predict-future-sales-workflow/submit/poseidon/pegasus/predict-future-sales/run0036/00/00/./xgboost_hp_tuning_group_2.000/pegasus.63961407394962534.properties -v --meta /home/poseidon/workflows/predict-future-sales-workflow/submit/poseidon/pegasus/predict-future-sales/run0036/00/00/./xgboost_hp_tuning_group_2.000/00/00/xgboost_hp_tuning_ID0000013.meta,/home/poseidon/workflows/predict-future-sales-workflow/submit/poseidon/pegasus/predict-future-sales/run0036/00/00/./xgboost_hp_tuning_group_2.000/00/00/xgboost_hp_tuning_ID0000023.meta,/home/poseidon/workflows/predict-future-sales-workflow/submit/poseidon/pegasus/predict-future-sales/run0036/00/00/./xgboost_hp_tuning_group_2.000/00/00/xgboost_hp_tuning_ID0000011.meta,/home/poseidon/workflows/predict-future-sales-workflow/submit/poseidon/pegasus/predict-future-sales/run0036/00/00/./xgboost_hp_tuning_group_2.000/00/00/xgboost_hp_tuning_ID0000006.meta,/home/poseidon/workflows/predict-future-sales-workflow/submit/poseidon/pegasus/predict-future-sales/run0036/00/00/./xgboost_hp_tuning_group_2.000/00/00/xgboost_hp_tuning_ID0000003.meta,/home/poseidon/workflows/predict-future-sales-workflow/submit/poseidon/pegasus/predict-future-sales/run0036/00/00/./xgboost_hp_tuning_group_2.000/00/00/xgboost_hp_tuning_ID0000021.meta,/home/poseidon/workflows/predict-future-sales-workflow/submit/poseidon/pegasus/predict-future-sales/run0036/00/00/./xgboost_hp_tuning_group_2.000/00/00/xgboost_hp_tuning_ID0000019.meta,/home/poseidon/workflows/predict-future-sales-workflow/submit/poseidon/pegasus/predict-future-sales/run0036/00/00/./xgboost_hp_tuning_group_2.000/00/00/xgboost_hp_tuning_ID0000016.meta --insert /home/poseidon/workflows/predict-future-sales-workflow/submit/poseidon/pegasus/predict-future-sales/run0036/00/00/./xgboost_hp_tuning_group_2.000/00/00/register_condorpool_0_1.in",2.9,0,0,,,,,,,,,
stage_out_local_condorpool_1_0_pegasus-plan_ID0000020,None,transfer,0,1676929692.0,,,1676929697.0,,,0.0,1676929697.0,1676929707.0,1676929698.0,1676929702.0,1249.0,1676929707.0,1676929712.0,5.0,,0.0,10.0,5.0,,,4.0,5295.0,poseidon,local,host-10-100-100-12.openstacklocal,pegasus::transfer,/home/poseidon/pegasus-5.1.0panorama/bin/pegasus-transfer,/home/poseidon/pegasus-5.1.0panorama/bin/../bin/pegasus-kickstart  -n pegasus::transfer -N null -i - -R local  -L xgboost_hp_tuning_group_2 -T 2023-02-20T21:31:17+00:00 /home/poseidon/pegasus-5.1.0panorama/bin/../bin/pegasus-transfer  --threads 2,0.7,0,0,,,,,,,,,
register_condorpool_1_0_pegasus-plan_ID0000020,None,auxiliary,0,1676929712.0,,,1676929717.0,,,0.0,1676929718.0,1676929722.0,,,0.0,1676929722.0,1676929727.0,5.0,,1.0,4.0,5.0,,,,,poseidon,local,host-10-100-100-12.openstacklocal,pegasus::rc-client,/home/poseidon/pegasus-5.1.0panorama/bin/pegasus-rc-client,-n pegasus::rc-client -N null -R local  -L xgboost_hp_tuning_group_2 -T 2023-02-20T21:31:17+00:00 /home/poseidon/pegasus-5.1.0panorama/bin/pegasus-rc-client --prefix pegasus.catalog.replica.output --conf /home/poseidon/workflows/predict-future-sales-workflow/submit/poseidon/pegasus/predict-future-sales/run0036/00/00/./xgboost_hp_tuning_group_2.000/pegasus.63961407394962534.properties -v --meta /home/poseidon/workflows/predict-future-sales-workflow/submit/poseidon/pegasus/predict-future-sales/run0036/00/00/./xgboost_hp_tuning_group_2.000/00/00/xgboost_best_params_ID0000024.meta --insert /home/poseidon/workflows/predict-future-sales-workflow/submit/poseidon/pegasus/predict-future-sales/run0036/00/00/./xgboost_hp_tuning_group_2.000/00/00/register_condorpool_1_0.in,3.0,0,0,,,,,,,,,
xgboost_model_ID0000021,None,compute,0,1676929730.0,,,1676929735.0,1676929712.0,1676929745.0,68934092.5,1676929750.0,1676929941.0,1676929887.0,1676929891.0,1831413.0,1676929941.0,1676929946.0,5.0,,15.0,191.0,5.0,33.0,1691152080.0,4.0,8468056.0,poseidon,condorpool,poseidon-worker-1-container-40-47,xgboost_model,/srv/xgboost_model,,829.5,0,0,0.1,1348842539.0,24449.0,5373.0,8.0,803.0,14.8,10375711.8,2444.9
stage_out_local_local_5_0,None,transfer,0,1676929730.0,,,1676929735.0,,,0.0,1676929735.0,1676929745.0,1676929736.0,1676929740.0,790.0,1676929745.0,1676929750.0,5.0,,0.0,10.0,5.0,,,4.0,3186.0,poseidon,local,host-10-100-100-12.openstacklocal,pegasus::transfer,/home/poseidon/pegasus-5.1.0panorama/bin/pegasus-transfer,pegasus-kickstart  -n pegasus::transfer -N null -i - -R local  -L predict-future-sales -T 2023-02-17T19:59:06+00:00 pegasus-transfer  --threads 2,0.3,0,0,,,,,,,,,
cleanup_predict-future-sales_0_local,None,auxiliary,0,1676929750.0,,,1676929756.0,,,0.0,1676929756.0,1676929766.0,,,0.0,1676929766.0,1676929771.0,6.0,,0.0,10.0,5.0,,,,,poseidon,local,host-10-100-100-12.openstacklocal,pegasus::cleanup,/home/poseidon/pegasus-5.1.0panorama/bin/pegasus-transfer,pegasus-kickstart  -n pegasus::cleanup -N null -i - -R local  -L predict-future-sales -T 2023-02-17T19:59:06+00:00 pegasus-transfer,0.3,0,0,,,,,,,,,
model_predict_ID0000022,None,compute,0,1676929946.0,,,1676929951.0,1676929914.0,1676929933.0,40671554.0,1676929953.0,1676929996.0,1676929941.0,1676929946.0,1227364.0,1676929996.0,1676930001.0,5.0,,2.0,43.0,5.0,19.0,403472697.0,5.0,5523764.0,poseidon,condorpool,poseidon-worker-1-container-40-47,model_predict,/srv/model_predict,,4.1,0,0,,,,,,,,,
stage_out_local_condorpool_6_0,None,transfer,0,1676929946.0,,,1676929951.0,,,0.0,1676929951.0,1676929961.0,1676929951.0,1676929955.0,2658866.0,1676929961.0,1676929966.0,5.0,,0.0,10.0,5.0,,,4.0,10715501.0,poseidon,local,host-10-100-100-12.openstacklocal,pegasus::transfer,/home/poseidon/pegasus-5.1.0panorama/bin/pegasus-transfer,pegasus-kickstart  -n pegasus::transfer -N null -i - -R local  -L predict-future-sales -T 2023-02-17T19:59:06+00:00 pegasus-transfer  --threads 2,0.9,0,0,,,,,,,,,
stage_out_local_condorpool_7_0,None,transfer,0,1676930001.0,,,1676930006.0,,,0.0,1676930006.0,1676930016.0,1676930006.0,1676930010.0,1487220.0,1676930016.0,1676930021.0,5.0,,0.0,10.0,5.0,,,4.0,6000012.0,poseidon,local,host-10-100-100-12.openstacklocal,pegasus::transfer,/home/poseidon/pegasus-5.1.0panorama/bin/pegasus-transfer,pegasus-kickstart  -n pegasus::transfer -N null -i - -R local  -L predict-future-sales -T 2023-02-17T19:59:06+00:00 pegasus-transfer  --threads 2,0.6,0,0,,,,,,,,,
predict_merge_ID0000023,None,compute,0,1676930001.0,,,1676930006.0,1676929969.0,1676929987.0,37959051.0,1676930007.0,1676930046.0,1676929995.0,1676929999.0,834785.0,1676930046.0,1676930051.0,5.0,,1.0,39.0,5.0,18.0,377176763.0,4.0,3731627.0,poseidon,condorpool,poseidon-worker-1-container-40-47,predict_merge,/srv/predict_merge,,1.5,0,0,,,,,,,,,
stage_out_local_condorpool_8_0,None,transfer,0,1676930051.0,,,1676930056.0,,,0.0,1676930056.0,1676930066.0,1676930056.0,1676930059.0,1728486.0,1676930066.0,1676930071.0,5.0,,0.0,10.0,5.0,,,3.0,3731627.0,poseidon,local,host-10-100-100-12.openstacklocal,pegasus::transfer,/home/poseidon/pegasus-5.1.0panorama/bin/pegasus-transfer,pegasus-kickstart  -n pegasus::transfer -N null -i - -R local  -L predict-future-sales -T 2023-02-17T19:59:06+00:00 pegasus-transfer  --threads 2,0.4,0,0,,,,,,,,,
cleanup_predict-future-sales_0_condorpool,None,auxiliary,0,1676930071.0,,,1676930076.0,,,0.0,1676930076.0,1676930086.0,,,0.0,1676930086.0,1676930091.0,5.0,,0.0,10.0,5.0,,,,,poseidon,local,host-10-100-100-12.openstacklocal,pegasus::cleanup,/home/poseidon/pegasus-5.1.0panorama/bin/pegasus-transfer,pegasus-kickstart  -n pegasus::cleanup -N null -i - -R local  -L predict-future-sales -T 2023-02-17T19:59:06+00:00 pegasus-transfer,0.3,0,0,,,,,,,,,
