,anomaly_type,type,is_clustered,ready,pre_script_start,pre_script_end,submit,stage_in_start,stage_in_end,stage_in_effective_bytes_per_sec,execute_start,execute_end,stage_out_start,stage_out_end,stage_out_effective_bytes_per_sec,post_script_start,post_script_end,wms_delay,pre_script_delay,queue_delay,runtime,post_script_delay,stage_in_delay,stage_in_bytes,stage_out_delay,stage_out_bytes,kickstart_user,kickstart_site,kickstart_hostname,kickstart_transformations,kickstart_executables,kickstart_executables_argv,kickstart_executables_cpu_time,kickstart_status,kickstart_executables_exitcode,kickstart_online_iowait,kickstart_online_bytes_read,kickstart_online_bytes_written,kickstart_online_read_system_calls,kickstart_online_write_system_calls,kickstart_online_utime,kickstart_online_stime,kickstart_online_bytes_read_per_second,kickstart_online_bytes_written_per_second
create_dir_predict-future-sales_0_local,None,auxiliary,0,1677527707.0,,,1677527708.0,,,0.0,1677527712.0,1677527718.0,,,0.0,1677527718.0,1677527723.0,1.0,,4.0,6.0,5.0,,,,,poseidon,local,host-10-100-100-12.openstacklocal,pegasus::dirmanager,/home/poseidon/pegasus-5.1.0panorama/bin/pegasus-transfer,pegasus-kickstart  -n pegasus::dirmanager -N null -i - -R local  -L predict-future-sales -T 2023-02-17T19:59:06+00:00 pegasus-transfer,0.3,0,0,,,,,,,,,
create_dir_predict-future-sales_0_condorpool,None,auxiliary,0,1677527707.0,,,1677527708.0,,,0.0,1677527712.0,1677527718.0,,,0.0,1677527718.0,1677527723.0,1.0,,4.0,6.0,5.0,,,,,poseidon,local,host-10-100-100-12.openstacklocal,pegasus::dirmanager,/home/poseidon/pegasus-5.1.0panorama/bin/pegasus-transfer,pegasus-kickstart  -n pegasus::dirmanager -N null -i - -R local  -L predict-future-sales -T 2023-02-17T19:59:06+00:00 pegasus-transfer,0.3,0,0,,,,,,,,,
stage_in_local_condorpool_6_0,None,transfer,0,1677527723.0,,,1677527728.0,1677527729.0,1677527732.0,2213.0,1677527728.0,1677527738.0,,,0.0,1677527738.0,1677527743.0,5.0,,0.0,10.0,5.0,3.0,7870.0,,,poseidon,local,host-10-100-100-12.openstacklocal,pegasus::transfer,/home/poseidon/pegasus-5.1.0panorama/bin/pegasus-transfer,pegasus-kickstart  -n pegasus::transfer -N null -i - -R local  -L predict-future-sales -T 2023-02-17T19:59:06+00:00 pegasus-transfer  --threads 2,0.4,0,0,,,,,,,,,
stage_in_local_condorpool_0_0,None,transfer,0,1677527723.0,,,1677527728.0,1677527729.0,1677527738.0,94915542.0,1677527728.0,1677527748.0,,,0.0,1677527748.0,1677527753.0,5.0,,0.0,20.0,5.0,9.0,936801734.0,,,poseidon,local,host-10-100-100-12.openstacklocal,pegasus::transfer,/home/poseidon/pegasus-5.1.0panorama/bin/pegasus-transfer,pegasus-kickstart  -n pegasus::transfer -N null -i - -R local  -L predict-future-sales -T 2023-02-17T19:59:06+00:00 pegasus-transfer  --threads 2,5.8,0,0,,,,,,,,,
stage_in_local_condorpool_1_0,None,transfer,0,1677527723.0,,,1677527728.0,1677527729.0,1677527733.0,3550.0,1677527728.0,1677527738.0,,,0.0,1677527738.0,1677527743.0,5.0,,0.0,10.0,5.0,4.0,15640.0,,,poseidon,local,host-10-100-100-12.openstacklocal,pegasus::transfer,/home/poseidon/pegasus-5.1.0panorama/bin/pegasus-transfer,pegasus-kickstart  -n pegasus::transfer -N null -i - -R local  -L predict-future-sales -T 2023-02-17T19:59:06+00:00 pegasus-transfer  --threads 2,0.6,0,0,,,,,,,,,
stage_in_local_condorpool_7_0,None,transfer,0,1677527723.0,,,1677527728.0,1677527729.0,1677527732.0,982.0,1677527728.0,1677527738.0,,,0.0,1677527738.0,1677527743.0,5.0,,0.0,10.0,5.0,3.0,3488.0,,,poseidon,local,host-10-100-100-12.openstacklocal,pegasus::transfer,/home/poseidon/pegasus-5.1.0panorama/bin/pegasus-transfer,pegasus-kickstart  -n pegasus::transfer -N null -i - -R local  -L predict-future-sales -T 2023-02-17T19:59:06+00:00 pegasus-transfer  --threads 2,0.5,0,0,,,,,,,,,
stage_in_local_condorpool_3_0,None,transfer,0,1677527723.0,,,1677527728.0,1677527728.0,1677527733.0,2886.0,1677527728.0,1677527738.0,,,0.0,1677527738.0,1677527743.0,5.0,,0.0,10.0,5.0,5.0,12704.0,,,poseidon,local,host-10-100-100-12.openstacklocal,pegasus::transfer,/home/poseidon/pegasus-5.1.0panorama/bin/pegasus-transfer,pegasus-kickstart  -n pegasus::transfer -N null -i - -R local  -L predict-future-sales -T 2023-02-17T19:59:06+00:00 pegasus-transfer  --threads 2,0.6,0,0,,,,,,,,,
stage_in_local_condorpool_8_0,None,transfer,0,1677527723.0,,,1677527728.0,1677527728.0,1677527732.0,664.0,1677527728.0,1677527738.0,,,0.0,1677527738.0,1677527743.0,5.0,,0.0,10.0,5.0,4.0,2368.0,,,poseidon,local,host-10-100-100-12.openstacklocal,pegasus::transfer,/home/poseidon/pegasus-5.1.0panorama/bin/pegasus-transfer,pegasus-kickstart  -n pegasus::transfer -N null -i - -R local  -L predict-future-sales -T 2023-02-17T19:59:06+00:00 pegasus-transfer  --threads 2,0.5,0,0,,,,,,,,,
stage_in_local_local_4_0,None,transfer,0,1677527723.0,,,1677527728.0,1677527728.0,1677527731.0,5851.0,1677527728.0,1677527738.0,,,0.0,1677527738.0,1677527743.0,5.0,,0.0,10.0,5.0,3.0,12577.0,,,poseidon,local,host-10-100-100-12.openstacklocal,pegasus::transfer,/home/poseidon/pegasus-5.1.0panorama/bin/pegasus-transfer,pegasus-kickstart  -n pegasus::transfer -N null -i - -R local  -L predict-future-sales -T 2023-02-17T19:59:06+00:00 pegasus-transfer  --threads 2,0.4,0,0,,,,,,,,,
stage_in_local_condorpool_2_0,None,transfer,0,1677527723.0,,,1677527728.0,1677527729.0,1677527734.0,9749.0,1677527728.0,1677527743.0,,,0.0,1677527743.0,1677527748.0,5.0,,0.0,15.0,5.0,5.0,55480.0,,,poseidon,local,host-10-100-100-12.openstacklocal,pegasus::transfer,/home/poseidon/pegasus-5.1.0panorama/bin/pegasus-transfer,pegasus-kickstart  -n pegasus::transfer -N null -i - -R local  -L predict-future-sales -T 2023-02-17T19:59:06+00:00 pegasus-transfer  --threads 2,1.1,0,0,,,,,,,,,
preprocess_ID0000003,cpu_3,compute,0,1677527753.0,,,1677527758.0,1677527712.0,1677527730.0,45551289.4,1677527759.0,1677527803.0,1677527741.0,1677527748.0,23112412.0,1677527803.0,1677527808.0,5.0,,1.0,44.0,5.0,18.0,467356066.0,7.0,160257914.0,poseidon,condorpool,poseidon-worker-2-container-40-47,preprocess,/srv/preprocess,,4.2,0,0,,,,,,,,,
nlp_ID0000002,None,compute,0,1677527753.0,,,1677527758.0,1677527712.0,1677527730.0,44690700.0,1677527759.0,1677528179.0,1677528119.0,1677528124.0,596965.0,1677528179.0,1677528184.0,5.0,,1.0,420.0,5.0,18.0,369033604.0,5.0,2755872.0,poseidon,condorpool,poseidon-worker-1-container-0-7,nlp,/srv/nlp,,2354.0,0,0,0.1,21457423.0,8791.0,3285.0,5.0,2333.1,2.5,56466.9,879.1
eda_ID0000001,None,compute,0,1677527753.0,,,1677527758.0,1677527712.0,1677527730.0,48237538.3,1677527759.0,1677527833.0,1677527771.0,1677527775.0,276423.0,1677527833.0,1677527838.0,5.0,,1.0,74.0,5.0,18.0,464177772.0,4.0,1196788.0,poseidon,condorpool,poseidon-worker-2-container-0-7,eda,/srv/eda,,34.2,0,0,0.0,144729493.0,850204.0,27363.0,40.0,27.9,2.0,4824316.4,28340.1
feature_eng_0_ID0000004,cpu_3,compute,0,1677527808.0,,,1677527813.0,1677527768.0,1677527786.0,40100324.2,1677527814.0,1677527858.0,1677527797.0,1677527801.0,201588.0,1677527858.0,1677527863.0,5.0,,1.0,44.0,5.0,18.0,369949088.0,4.0,893320.0,poseidon,condorpool,poseidon-worker-2-container-40-47,feature_eng_0,/srv/feature_eng_0,,4.8,0,0,,,,,,,,,
feature_eng_1_ID0000005,cpu_3,compute,0,1677527808.0,,,1677527813.0,1677527768.0,1677527790.0,39716734.7,1677527815.0,1677527883.0,1677527814.0,1677527825.0,38680674.0,1677527883.0,1677527888.0,5.0,,2.0,68.0,5.0,22.0,528250191.0,11.0,393324463.0,poseidon,condorpool,poseidon-worker-2-container-40-47,feature_eng_1,/srv/feature_eng_1,,15.8,0,0,0.0,169640387.0,8.0,1789.0,1.0,8.0,2.0,16964038.7,0.8
feature_eng_4_ID0000008,cpu_3,compute,0,1677527888.0,,,1677527893.0,1677527847.0,1677527870.0,50194630.9,1677527894.0,1677528013.0,1677527934.0,1677527956.0,54142274.0,1677528013.0,1677528018.0,5.0,,1.0,119.0,5.0,23.0,761328752.0,22.0,1201824259.0,poseidon,condorpool,poseidon-worker-2-container-40-47,feature_eng_4,/srv/feature_eng_4,,51.0,0,0,0.0,402776631.0,218513522.0,1481.0,7.0,36.8,13.2,8055532.6,10925676.1
feature_eng_3_ID0000007,None,compute,0,1677527888.0,,,1677527893.0,1677527847.0,1677527868.0,58396744.0,1677527894.0,1677528069.0,1677527987.0,1677528009.0,53860320.0,1677528069.0,1677528074.0,5.0,,1.0,175.0,5.0,21.0,762217561.0,22.0,1179971921.0,poseidon,condorpool,poseidon-worker-2-container-0-7,feature_eng_3,/srv/feature_eng_3,,107.1,0,0,0.0,403618311.0,8.0,1420.0,1.0,68.5,31.5,4036183.1,0.8
feature_eng_2_ID0000006,cpu_3,compute,0,1677527888.0,,,1677527893.0,1677527848.0,1677527877.0,38619179.6,1677527895.0,1677528265.0,1677528177.0,1677528207.0,57792188.0,1677528265.0,1677528270.0,5.0,,2.0,370.0,5.0,29.0,761320658.0,30.0,1748107178.0,poseidon,condorpool,poseidon-worker-2-container-40-47,feature_eng_2,/srv/feature_eng_2,,284.8,0,0,0.0,402846540.0,8.0,1810.0,1.0,211.2,68.8,1438737.6,0.8
feature_eng_5_ID0000009,cpu_3,compute,0,1677527888.0,,,1677527893.0,1677527848.0,1677527877.0,38918260.1,1677527895.0,1677528179.0,1677528109.0,1677528123.0,46872286.0,1677528179.0,1677528184.0,5.0,,2.0,284.0,5.0,29.0,856820455.0,14.0,655540227.0,poseidon,condorpool,poseidon-worker-2-container-40-47,feature_eng_5,/srv/feature_eng_5,,221.8,0,0,0.0,498326721.0,8.0,2095.0,1.0,199.3,20.7,2265121.5,0.8
stage_out_local_condorpool_1_0,None,transfer,0,1677527888.0,,,1677527893.0,,,0.0,1677527893.0,1677527903.0,1677527893.0,1677527897.0,94231453.0,1677527903.0,1677527908.0,5.0,,0.0,10.0,5.0,,,4.0,394217783.0,poseidon,local,host-10-100-100-12.openstacklocal,pegasus::transfer,/home/poseidon/pegasus-5.1.0panorama/bin/pegasus-transfer,pegasus-kickstart  -n pegasus::transfer -N null -i - -R local  -L predict-future-sales -T 2023-02-17T19:59:06+00:00 pegasus-transfer  --threads 2,2.2,0,0,,,,,,,,,
register_condorpool_1_0,None,auxiliary,0,1677527908.0,,,1677527913.0,,,0.0,1677527913.0,1677527918.0,,,0.0,1677527918.0,1677527923.0,5.0,,0.0,5.0,5.0,,,,,poseidon,local,host-10-100-100-12.openstacklocal,pegasus::rc-client,/home/poseidon/pegasus-5.1.0panorama/bin/pegasus-rc-client,"pegasus-kickstart  -n pegasus::rc-client -N null -R local  -L predict-future-sales -T 2023-02-17T19:59:06+00:00 /home/poseidon/pegasus-5.1.0panorama/bin/pegasus-rc-client --prefix pegasus.catalog.replica.output --conf /home/poseidon/workflows/predict-future-sales-workflow/submit/poseidon/pegasus/predict-future-sales/run0269/pegasus.11588746085076157739.properties -v --meta /home/poseidon/workflows/predict-future-sales-workflow/submit/poseidon/pegasus/predict-future-sales/run0269/00/00/feature_eng_1_ID0000005.meta,/home/poseidon/workflows/predict-future-sales-workflow/submit/poseidon/pegasus/predict-future-sales/run0269/00/00/feature_eng_0_ID0000004.meta --insert /home/poseidon/workflows/predict-future-sales-workflow/submit/poseidon/pegasus/predict-future-sales/run0269/00/00/register_condorpool_1_0.in",3.0,0,0,,,,,,,,,
stage_out_local_condorpool_0_0,None,transfer,0,1677528184.0,,,1677528189.0,,,0.0,1677528189.0,1677528199.0,1677528189.0,1677528193.0,40702863.0,1677528199.0,1677528204.0,5.0,,0.0,10.0,5.0,,,4.0,164210574.0,poseidon,local,host-10-100-100-12.openstacklocal,pegasus::transfer,/home/poseidon/pegasus-5.1.0panorama/bin/pegasus-transfer,pegasus-kickstart  -n pegasus::transfer -N null -i - -R local  -L predict-future-sales -T 2023-02-17T19:59:06+00:00 pegasus-transfer  --threads 2,2.0,0,0,,,,,,,,,
register_condorpool_0_0,None,auxiliary,0,1677528204.0,,,1677528209.0,,,0.0,1677528209.0,1677528214.0,,,0.0,1677528214.0,1677528219.0,5.0,,0.0,5.0,5.0,,,,,poseidon,local,host-10-100-100-12.openstacklocal,pegasus::rc-client,/home/poseidon/pegasus-5.1.0panorama/bin/pegasus-rc-client,"pegasus-kickstart  -n pegasus::rc-client -N null -R local  -L predict-future-sales -T 2023-02-17T19:59:06+00:00 /home/poseidon/pegasus-5.1.0panorama/bin/pegasus-rc-client --prefix pegasus.catalog.replica.output --conf /home/poseidon/workflows/predict-future-sales-workflow/submit/poseidon/pegasus/predict-future-sales/run0269/pegasus.11588746085076157739.properties -v --meta /home/poseidon/workflows/predict-future-sales-workflow/submit/poseidon/pegasus/predict-future-sales/run0269/00/00/nlp_ID0000002.meta,/home/poseidon/workflows/predict-future-sales-workflow/submit/poseidon/pegasus/predict-future-sales/run0269/00/00/eda_ID0000001.meta,/home/poseidon/workflows/predict-future-sales-workflow/submit/poseidon/pegasus/predict-future-sales/run0269/00/00/preprocess_ID0000003.meta --insert /home/poseidon/workflows/predict-future-sales-workflow/submit/poseidon/pegasus/predict-future-sales/run0269/00/00/register_condorpool_0_0.in",2.9,0,0,,,,,,,,,
stage_out_local_condorpool_2_0,None,transfer,0,1677528270.0,,,1677528275.0,,,0.0,1677528275.0,1677528300.0,1677528275.0,1677528295.0,245833473.0,1677528300.0,1677528305.0,5.0,,0.0,25.0,5.0,,,20.0,4785443585.0,poseidon,local,host-10-100-100-12.openstacklocal,pegasus::transfer,/home/poseidon/pegasus-5.1.0panorama/bin/pegasus-transfer,pegasus-kickstart  -n pegasus::transfer -N null -i - -R local  -L predict-future-sales -T 2023-02-17T19:59:06+00:00 pegasus-transfer  --threads 2,21.0,0,0,,,,,,,,,
feature_merge_ID0000010,cpu_3,compute,0,1677528270.0,,,1677528275.0,1677528229.0,1677528297.0,86032278.5,1677528276.0,1677528495.0,1677528386.0,1677528435.0,60758863.0,1677528495.0,1677528500.0,5.0,,1.0,219.0,5.0,68.0,5155397110.0,49.0,2993643458.0,poseidon,condorpool,poseidon-worker-2-container-40-47,feature_merge,/srv/feature_merge,,60.2,0,0,0.0,4796861664.0,2600318202.0,1454.0,87.0,37.6,22.3,79947694.4,130015910.1
register_condorpool_2_0,None,auxiliary,0,1677528305.0,,,1677528310.0,,,0.0,1677528310.0,1677528315.0,,,0.0,1677528315.0,1677528320.0,5.0,,0.0,5.0,5.0,,,,,poseidon,local,host-10-100-100-12.openstacklocal,pegasus::rc-client,/home/poseidon/pegasus-5.1.0panorama/bin/pegasus-rc-client,"pegasus-kickstart  -n pegasus::rc-client -N null -R local  -L predict-future-sales -T 2023-02-17T19:59:06+00:00 /home/poseidon/pegasus-5.1.0panorama/bin/pegasus-rc-client --prefix pegasus.catalog.replica.output --conf /home/poseidon/workflows/predict-future-sales-workflow/submit/poseidon/pegasus/predict-future-sales/run0269/pegasus.11588746085076157739.properties -v --meta /home/poseidon/workflows/predict-future-sales-workflow/submit/poseidon/pegasus/predict-future-sales/run0269/00/00/feature_eng_5_ID0000009.meta,/home/poseidon/workflows/predict-future-sales-workflow/submit/poseidon/pegasus/predict-future-sales/run0269/00/00/feature_eng_2_ID0000006.meta,/home/poseidon/workflows/predict-future-sales-workflow/submit/poseidon/pegasus/predict-future-sales/run0269/00/00/feature_eng_3_ID0000007.meta,/home/poseidon/workflows/predict-future-sales-workflow/submit/poseidon/pegasus/predict-future-sales/run0269/00/00/feature_eng_4_ID0000008.meta --insert /home/poseidon/workflows/predict-future-sales-workflow/submit/poseidon/pegasus/predict-future-sales/run0269/00/00/register_condorpool_2_0.in",2.9,0,0,,,,,,,,,
stage_inter_local_xgboost_model_ID0000021_0,None,transfer,0,1677528500.0,,,1677528505.0,1677528505.0,1677528543.0,70164658.0,1677528505.0,1677528550.0,,,0.0,1677528550.0,1677528555.0,5.0,,0.0,45.0,5.0,38.0,2646308508.0,,,poseidon,local,host-10-100-100-12.openstacklocal,pegasus::transfer,/home/poseidon/pegasus-5.1.0panorama/bin/pegasus-transfer,pegasus-kickstart  -n pegasus::transfer -N null -i - -R local  -L predict-future-sales -T 2023-02-17T19:59:06+00:00 pegasus-transfer  --threads 2,9.4,0,0,,,,,,,,,
stage_inter_local_xgboost_hp_tuning_workflow_ID0000015_0,None,transfer,0,1677528500.0,,,1677528505.0,1677528505.0,1677528507.0,401.0,1677528505.0,1677528515.0,,,0.0,1677528515.0,1677528520.0,5.0,,0.0,10.0,5.0,2.0,826.0,,,poseidon,local,host-10-100-100-12.openstacklocal,pegasus::transfer,/home/poseidon/pegasus-5.1.0panorama/bin/pegasus-transfer,pegasus-kickstart  -n pegasus::transfer -N null -i - -R local  -L predict-future-sales -T 2023-02-17T19:59:06+00:00 pegasus-transfer  --threads 2,0.3,0,0,,,,,,,,,
stage_inter_local_model_predict_ID0000022_0,None,transfer,0,1677528500.0,,,1677528505.0,1677528505.0,1677528509.0,14377477.0,1677528505.0,1677528515.0,,,0.0,1677528515.0,1677528520.0,5.0,,0.0,10.0,5.0,4.0,54050130.0,,,poseidon,local,host-10-100-100-12.openstacklocal,pegasus::transfer,/home/poseidon/pegasus-5.1.0panorama/bin/pegasus-transfer,pegasus-kickstart  -n pegasus::transfer -N null -i - -R local  -L predict-future-sales -T 2023-02-17T19:59:06+00:00 pegasus-transfer  --threads 2,0.6,0,0,,,,,,,,,
stage_out_local_condorpool_3_0,None,transfer,0,1677528500.0,,,1677528505.0,,,0.0,1677528505.0,1677528535.0,1677528505.0,1677528528.0,128543905.0,1677528535.0,1677528540.0,5.0,,0.0,30.0,5.0,,,23.0,2993643458.0,poseidon,local,host-10-100-100-12.openstacklocal,pegasus::transfer,/home/poseidon/pegasus-5.1.0panorama/bin/pegasus-transfer,pegasus-kickstart  -n pegasus::transfer -N null -i - -R local  -L predict-future-sales -T 2023-02-17T19:59:06+00:00 pegasus-transfer  --threads 2,14.4,0,0,,,,,,,,,
stage_inter_local_xgboost_model_ID0000013_0,None,transfer,0,1677528500.0,,,1677528505.0,1677528505.0,1677528513.0,35617982.0,1677528505.0,1677528520.0,,,0.0,1677528520.0,1677528525.0,5.0,,0.0,15.0,5.0,8.0,269346726.0,,,poseidon,local,host-10-100-100-12.openstacklocal,pegasus::transfer,/home/poseidon/pegasus-5.1.0panorama/bin/pegasus-transfer,pegasus-kickstart  -n pegasus::transfer -N null -i - -R local  -L predict-future-sales -T 2023-02-17T19:59:06+00:00 pegasus-transfer  --threads 2,1.4,0,0,,,,,,,,,
stage_inter_local_model_predict_ID0000014_0,None,transfer,0,1677528500.0,,,1677528505.0,1677528505.0,1677528509.0,1256325.0,1677528505.0,1677528515.0,,,0.0,1677528515.0,1677528520.0,5.0,,0.0,10.0,5.0,4.0,4411696.0,,,poseidon,local,host-10-100-100-12.openstacklocal,pegasus::transfer,/home/poseidon/pegasus-5.1.0panorama/bin/pegasus-transfer,pegasus-kickstart  -n pegasus::transfer -N null -i - -R local  -L predict-future-sales -T 2023-02-17T19:59:06+00:00 pegasus-transfer  --threads 2,0.4,0,0,,,,,,,,,
xgboost_hp_tuning_workflow_ID0000015,None,compute,0,1677528520.0,,,1677528525.0,,,0.0,1677528525.0,1677528545.0,,,0.0,1677528545.0,1677528550.0,5.0,,0.0,20.0,5.0,,,,,poseidon,local,poseidon-submit.novalocal,xgboost_hp_tuning_workflow,/var/spool/condor/local_univ_execute/dir_1665249/xgboost_hp_tuning_workflow,/home/poseidon/workflows/predict-future-sales-workflow/submit/poseidon/pegasus/predict-future-sales/run0269/00/00/xgboost_hp_tuning_workflow_ID0000015.sh,0.1,0,0,,,,,,,,,
xgboost_hp_tuning_workflow_ID0000011,None,compute,0,1677528520.0,,,1677528525.0,,,0.0,1677528526.0,1677528545.0,,,0.0,1677528545.0,1677528550.0,5.0,,1.0,19.0,5.0,,,,,poseidon,local,poseidon-submit.novalocal,xgboost_hp_tuning_workflow,/var/spool/condor/local_univ_execute/dir_1665250/xgboost_hp_tuning_workflow,/home/poseidon/workflows/predict-future-sales-workflow/submit/poseidon/pegasus/predict-future-sales/run0269/00/00/xgboost_hp_tuning_workflow_ID0000011.sh,0.1,0,0,,,,,,,,,
xgboost_hp_tuning_workflow_ID0000019,None,compute,0,1677528520.0,,,1677528525.0,,,0.0,1677528526.0,1677528545.0,,,0.0,1677528545.0,1677528550.0,5.0,,1.0,19.0,5.0,,,,,poseidon,local,poseidon-submit.novalocal,xgboost_hp_tuning_workflow,/var/spool/condor/local_univ_execute/dir_1665251/xgboost_hp_tuning_workflow,/home/poseidon/workflows/predict-future-sales-workflow/submit/poseidon/pegasus/predict-future-sales/run0269/00/00/xgboost_hp_tuning_workflow_ID0000019.sh,0.1,0,0,,,,,,,,,
register_condorpool_3_0,None,auxiliary,0,1677528540.0,,,1677528545.0,,,0.0,1677528546.0,1677528550.0,,,0.0,1677528550.0,1677528555.0,5.0,,1.0,4.0,5.0,,,,,poseidon,local,host-10-100-100-12.openstacklocal,pegasus::rc-client,/home/poseidon/pegasus-5.1.0panorama/bin/pegasus-rc-client,pegasus-kickstart  -n pegasus::rc-client -N null -R local  -L predict-future-sales -T 2023-02-17T19:59:06+00:00 /home/poseidon/pegasus-5.1.0panorama/bin/pegasus-rc-client --prefix pegasus.catalog.replica.output --conf /home/poseidon/workflows/predict-future-sales-workflow/submit/poseidon/pegasus/predict-future-sales/run0269/pegasus.11588746085076157739.properties -v --meta /home/poseidon/workflows/predict-future-sales-workflow/submit/poseidon/pegasus/predict-future-sales/run0269/00/00/feature_merge_ID0000010.meta --insert /home/poseidon/workflows/predict-future-sales-workflow/submit/poseidon/pegasus/predict-future-sales/run0269/00/00/register_condorpool_3_0.in,2.9,0,0,,,,,,,,,
pegasus-plan_ID0000016,None,subwf,0,1677528550.0,1677528550.0,1677528555.0,1677528560.0,,,0.0,1677528560.0,1677528800.0,,,0.0,,,0.0,5.0,0.0,240.0,,,,,,poseidon,local,poseidon-submit,condor::dagman,/usr/bin/condor_dagman,-p 0  -f -l . -Notification never -Debug 3 -Lockfile xgboost_hp_tuning_group_1.dag.lock -Dag xgboost_hp_tuning_group_1.dag -AllowVersionMismatch  -AutoRescue 1 -DoRescueFrom 0,0.0,0,0,,,,,,,,,
pegasus-plan_ID0000012,None,subwf,0,1677528550.0,1677528550.0,1677528555.0,1677528560.0,,,0.0,1677528560.0,1677529215.0,,,0.0,,,0.0,5.0,0.0,655.0,,,,,,poseidon,local,poseidon-submit,condor::dagman,/usr/bin/condor_dagman,-p 0  -f -l . -Notification never -Debug 3 -Lockfile xgboost_hp_tuning_group_0.dag.lock -Dag xgboost_hp_tuning_group_0.dag -AllowVersionMismatch  -AutoRescue 1 -DoRescueFrom 0,0.0,0,0,,,,,,,,,
stage_out_local_local_4_0,None,transfer,0,1677528550.0,,,1677528555.0,,,0.0,1677528555.0,1677528565.0,1677528555.0,1677528559.0,21072.0,1677528565.0,1677528570.0,5.0,,0.0,10.0,5.0,,,4.0,85038.0,poseidon,local,host-10-100-100-12.openstacklocal,pegasus::transfer,/home/poseidon/pegasus-5.1.0panorama/bin/pegasus-transfer,pegasus-kickstart  -n pegasus::transfer -N null -i - -R local  -L predict-future-sales -T 2023-02-17T19:59:06+00:00 pegasus-transfer  --threads 2,0.6,0,0,,,,,,,,,
pegasus-plan_ID0000020,None,subwf,0,1677528550.0,1677528550.0,1677528555.0,1677528560.0,,,0.0,1677528560.0,1677529675.0,,,0.0,,,0.0,5.0,0.0,1115.0,,,,,,poseidon,local,poseidon-submit,condor::dagman,/usr/bin/condor_dagman,-p 0  -f -l . -Notification never -Debug 3 -Lockfile xgboost_hp_tuning_group_2.dag.lock -Dag xgboost_hp_tuning_group_2.dag -AllowVersionMismatch  -AutoRescue 1 -DoRescueFrom 0,0.0,0,0,,,,,,,,,
create_dir_predict-future-sales-hp-tuning_0_condorpool_pegasus-plan_ID0000012,None,auxiliary,0,1677528560.0,,,1677528561.0,,,0.0,1677528564.0,1677528571.0,,,0.0,1677528571.0,1677528576.0,1.0,,3.0,7.0,5.0,,,,,poseidon,local,host-10-100-100-12.openstacklocal,pegasus::dirmanager,/home/poseidon/pegasus-5.1.0panorama/bin/pegasus-transfer,pegasus-kickstart  -n pegasus::dirmanager -N null -i - -R local  -L xgboost_hp_tuning_group_0 -T 2023-02-27T20:09:12+00:00 pegasus-transfer,0.3,0,0,,,,,,,,,
create_dir_predict-future-sales-hp-tuning_0_condorpool_pegasus-plan_ID0000016,None,auxiliary,0,1677528560.0,,,1677528561.0,,,0.0,1677528564.0,1677528571.0,,,0.0,1677528571.0,1677528576.0,1.0,,3.0,7.0,5.0,,,,,poseidon,local,host-10-100-100-12.openstacklocal,pegasus::dirmanager,/home/poseidon/pegasus-5.1.0panorama/bin/pegasus-transfer,pegasus-kickstart  -n pegasus::dirmanager -N null -i - -R local  -L xgboost_hp_tuning_group_1 -T 2023-02-27T20:09:12+00:00 pegasus-transfer,0.3,0,0,,,,,,,,,
create_dir_predict-future-sales-hp-tuning_0_condorpool_pegasus-plan_ID0000020,None,auxiliary,0,1677528560.0,,,1677528561.0,,,0.0,1677528564.0,1677528571.0,,,0.0,1677528571.0,1677528576.0,1.0,,3.0,7.0,5.0,,,,,poseidon,local,host-10-100-100-12.openstacklocal,pegasus::dirmanager,/home/poseidon/pegasus-5.1.0panorama/bin/pegasus-transfer,pegasus-kickstart  -n pegasus::dirmanager -N null -i - -R local  -L xgboost_hp_tuning_group_2 -T 2023-02-27T20:09:12+00:00 pegasus-transfer,0.3,0,0,,,,,,,,,
register_local_4_0,None,auxiliary,0,1677528570.0,,,1677528575.0,,,0.0,1677528575.0,1677528580.0,,,0.0,1677528580.0,1677528585.0,5.0,,0.0,5.0,5.0,,,,,poseidon,local,host-10-100-100-12.openstacklocal,pegasus::rc-client,/home/poseidon/pegasus-5.1.0panorama/bin/pegasus-rc-client,"pegasus-kickstart  -n pegasus::rc-client -N null -R local  -L predict-future-sales -T 2023-02-17T19:59:06+00:00 /home/poseidon/pegasus-5.1.0panorama/bin/pegasus-rc-client --prefix pegasus.catalog.replica.output --conf /home/poseidon/workflows/predict-future-sales-workflow/submit/poseidon/pegasus/predict-future-sales/run0269/pegasus.11588746085076157739.properties -v --meta /home/poseidon/workflows/predict-future-sales-workflow/submit/poseidon/pegasus/predict-future-sales/run0269/00/00/xgboost_hp_tuning_workflow_ID0000011.meta,/home/poseidon/workflows/predict-future-sales-workflow/submit/poseidon/pegasus/predict-future-sales/run0269/00/00/xgboost_hp_tuning_workflow_ID0000019.meta,/home/poseidon/workflows/predict-future-sales-workflow/submit/poseidon/pegasus/predict-future-sales/run0269/00/00/xgboost_hp_tuning_workflow_ID0000015.meta --insert /home/poseidon/workflows/predict-future-sales-workflow/submit/poseidon/pegasus/predict-future-sales/run0269/00/00/register_local_4_0.in",3.0,0,0,,,,,,,,,
stage_in_local_condorpool_0_0_pegasus-plan_ID0000016,None,transfer,0,1677528576.0,,,1677528581.0,1677528582.0,1677528586.0,2816.0,1677528582.0,1677528592.0,,,0.0,1677528592.0,1677528597.0,5.0,,1.0,10.0,5.0,4.0,12142.0,,,poseidon,local,host-10-100-100-12.openstacklocal,pegasus::transfer,/home/poseidon/pegasus-5.1.0panorama/bin/pegasus-transfer,-n pegasus::transfer -N null -i - -R local  -L xgboost_hp_tuning_group_1 -T 2023-02-27T20:09:12+00:00 /home/poseidon/pegasus-5.1.0panorama/bin/../bin/pegasus-transfer  --threads 2,0.6,0,0,,,,,,,,,
stage_in_local_condorpool_1_0_pegasus-plan_ID0000016,None,transfer,0,1677528576.0,,,1677528581.0,1677528582.0,1677528585.0,806.0,1677528582.0,1677528592.0,,,0.0,1677528592.0,1677528597.0,5.0,,1.0,10.0,5.0,3.0,2874.0,,,poseidon,local,host-10-100-100-12.openstacklocal,pegasus::transfer,/home/poseidon/pegasus-5.1.0panorama/bin/pegasus-transfer,-n pegasus::transfer -N null -i - -R local  -L xgboost_hp_tuning_group_1 -T 2023-02-27T20:09:12+00:00 /home/poseidon/pegasus-5.1.0panorama/bin/../bin/pegasus-transfer  --threads 2,0.5,0,0,,,,,,,,,
stage_in_local_condorpool_0_1_pegasus-plan_ID0000016,None,transfer,0,1677528576.0,,,1677528581.0,1677528582.0,1677528586.0,5037408.0,1677528582.0,1677528592.0,,,0.0,1677528592.0,1677528597.0,5.0,,1.0,10.0,5.0,4.0,19294600.0,,,poseidon,local,host-10-100-100-12.openstacklocal,pegasus::transfer,/home/poseidon/pegasus-5.1.0panorama/bin/pegasus-transfer,-n pegasus::transfer -N null -i - -R local  -L xgboost_hp_tuning_group_1 -T 2023-02-27T20:09:12+00:00 /home/poseidon/pegasus-5.1.0panorama/bin/../bin/pegasus-transfer  --threads 2,0.6,0,0,,,,,,,,,
stage_in_local_condorpool_0_2_pegasus-plan_ID0000020,None,transfer,0,1677528576.0,,,1677528581.0,1677528582.0,1677528591.0,81432779.0,1677528582.0,1677528601.0,,,0.0,1677528601.0,1677528606.0,5.0,,1.0,19.0,5.0,9.0,735985664.0,,,poseidon,local,host-10-100-100-12.openstacklocal,pegasus::transfer,/home/poseidon/pegasus-5.1.0panorama/bin/pegasus-transfer,-n pegasus::transfer -N null -i - -R local  -L xgboost_hp_tuning_group_2 -T 2023-02-27T20:09:12+00:00 /home/poseidon/pegasus-5.1.0panorama/bin/../bin/pegasus-transfer  --threads 2,4.0,0,0,,,,,,,,,
stage_in_local_condorpool_0_2_pegasus-plan_ID0000012,None,transfer,0,1677528576.0,,,1677528582.0,1677528588.0,1677528596.0,101260350.0,1677528588.0,1677528602.0,,,0.0,1677528602.0,1677528607.0,6.0,,6.0,14.0,5.0,8.0,735985664.0,,,poseidon,local,host-10-100-100-12.openstacklocal,pegasus::transfer,/home/poseidon/pegasus-5.1.0panorama/bin/pegasus-transfer,-n pegasus::transfer -N null -i - -R local  -L xgboost_hp_tuning_group_0 -T 2023-02-27T20:09:12+00:00 /home/poseidon/pegasus-5.1.0panorama/bin/../bin/pegasus-transfer  --threads 2,3.6,0,0,,,,,,,,,
stage_in_local_condorpool_0_2_pegasus-plan_ID0000016,None,transfer,0,1677528576.0,,,1677528581.0,1677528582.0,1677528591.0,79969220.0,1677528582.0,1677528597.0,,,0.0,1677528597.0,1677528602.0,5.0,,1.0,15.0,5.0,9.0,735985664.0,,,poseidon,local,host-10-100-100-12.openstacklocal,pegasus::transfer,/home/poseidon/pegasus-5.1.0panorama/bin/pegasus-transfer,-n pegasus::transfer -N null -i - -R local  -L xgboost_hp_tuning_group_1 -T 2023-02-27T20:09:12+00:00 /home/poseidon/pegasus-5.1.0panorama/bin/../bin/pegasus-transfer  --threads 2,4.1,0,0,,,,,,,,,
stage_in_local_condorpool_1_0_pegasus-plan_ID0000012,None,transfer,0,1677528576.0,,,1677528581.0,1677528582.0,1677528585.0,824.0,1677528582.0,1677528592.0,,,0.0,1677528592.0,1677528597.0,5.0,,1.0,10.0,5.0,3.0,2874.0,,,poseidon,local,host-10-100-100-12.openstacklocal,pegasus::transfer,/home/poseidon/pegasus-5.1.0panorama/bin/pegasus-transfer,-n pegasus::transfer -N null -i - -R local  -L xgboost_hp_tuning_group_0 -T 2023-02-27T20:09:12+00:00 /home/poseidon/pegasus-5.1.0panorama/bin/../bin/pegasus-transfer  --threads 2,0.5,0,0,,,,,,,,,
stage_in_local_condorpool_0_0_pegasus-plan_ID0000012,None,transfer,0,1677528576.0,,,1677528581.0,1677528582.0,1677528586.0,2824.0,1677528582.0,1677528592.0,,,0.0,1677528592.0,1677528597.0,5.0,,1.0,10.0,5.0,4.0,12142.0,,,poseidon,local,host-10-100-100-12.openstacklocal,pegasus::transfer,/home/poseidon/pegasus-5.1.0panorama/bin/pegasus-transfer,-n pegasus::transfer -N null -i - -R local  -L xgboost_hp_tuning_group_0 -T 2023-02-27T20:09:12+00:00 /home/poseidon/pegasus-5.1.0panorama/bin/../bin/pegasus-transfer  --threads 2,0.6,0,0,,,,,,,,,
stage_in_local_condorpool_0_0_pegasus-plan_ID0000020,None,transfer,0,1677528576.0,,,1677528581.0,1677528582.0,1677528586.0,2802.0,1677528582.0,1677528591.0,,,0.0,1677528591.0,1677528596.0,5.0,,1.0,9.0,5.0,4.0,12142.0,,,poseidon,local,host-10-100-100-12.openstacklocal,pegasus::transfer,/home/poseidon/pegasus-5.1.0panorama/bin/pegasus-transfer,-n pegasus::transfer -N null -i - -R local  -L xgboost_hp_tuning_group_2 -T 2023-02-27T20:09:12+00:00 /home/poseidon/pegasus-5.1.0panorama/bin/../bin/pegasus-transfer  --threads 2,0.6,0,0,,,,,,,,,
stage_in_local_condorpool_1_0_pegasus-plan_ID0000020,None,transfer,0,1677528576.0,,,1677528581.0,1677528582.0,1677528585.0,798.0,1677528582.0,1677528591.0,,,0.0,1677528591.0,1677528596.0,5.0,,1.0,9.0,5.0,3.0,2874.0,,,poseidon,local,host-10-100-100-12.openstacklocal,pegasus::transfer,/home/poseidon/pegasus-5.1.0panorama/bin/pegasus-transfer,-n pegasus::transfer -N null -i - -R local  -L xgboost_hp_tuning_group_2 -T 2023-02-27T20:09:12+00:00 /home/poseidon/pegasus-5.1.0panorama/bin/../bin/pegasus-transfer  --threads 2,0.5,0,0,,,,,,,,,
stage_in_local_condorpool_0_1_pegasus-plan_ID0000020,None,transfer,0,1677528576.0,,,1677528581.0,1677528582.0,1677528599.0,158432937.0,1677528582.0,1677528606.0,,,0.0,1677528606.0,1677528611.0,5.0,,1.0,24.0,5.0,17.0,2646308508.0,,,poseidon,local,host-10-100-100-12.openstacklocal,pegasus::transfer,/home/poseidon/pegasus-5.1.0panorama/bin/pegasus-transfer,-n pegasus::transfer -N null -i - -R local  -L xgboost_hp_tuning_group_2 -T 2023-02-27T20:09:12+00:00 /home/poseidon/pegasus-5.1.0panorama/bin/../bin/pegasus-transfer  --threads 2,11.7,0,0,,,,,,,,,
stage_in_local_condorpool_0_1_pegasus-plan_ID0000012,None,transfer,0,1677528576.0,,,1677528581.0,1677528582.0,1677528588.0,47160175.0,1677528582.0,1677528597.0,,,0.0,1677528597.0,1677528602.0,5.0,,1.0,15.0,5.0,6.0,269346726.0,,,poseidon,local,host-10-100-100-12.openstacklocal,pegasus::transfer,/home/poseidon/pegasus-5.1.0panorama/bin/pegasus-transfer,-n pegasus::transfer -N null -i - -R local  -L xgboost_hp_tuning_group_0 -T 2023-02-27T20:09:12+00:00 /home/poseidon/pegasus-5.1.0panorama/bin/../bin/pegasus-transfer  --threads 2,1.8,0,0,,,,,,,,,
xgboost_hp_tuning_ID0000005_pegasus-plan_ID0000016,cpu_3,compute,0,1677528602.0,,,1677528607.0,1677528568.0,1677528583.0,45645443.2,1677528615.0,1677528657.0,1677528594.0,1677528598.0,250.0,1677528657.0,1677528662.0,5.0,,8.0,42.0,5.0,15.0,377646203.0,4.0,1078.0,poseidon,condorpool,poseidon-worker-1-container-32-39,xgboost_hp_tuning,/srv/xgboost_hp_tuning,,12.1,0,0,,,,,,,,,
xgboost_hp_tuning_ID0000004_pegasus-plan_ID0000016,None,compute,0,1677528602.0,,,1677528607.0,1677528568.0,1677528583.0,45698909.8,1677528615.0,1677528657.0,1677528594.0,1677528598.0,250.0,1677528657.0,1677528662.0,5.0,,8.0,42.0,5.0,15.0,377646203.0,4.0,1059.0,poseidon,condorpool,poseidon-worker-2-container-8-15,xgboost_hp_tuning,/srv/xgboost_hp_tuning,,15.5,0,0,,,,,,,,,
xgboost_hp_tuning_ID0000015_pegasus-plan_ID0000016,cpu_3,compute,0,1677528602.0,,,1677528607.0,1677528568.0,1677528583.0,45720880.8,1677528615.0,1677528657.0,1677528594.0,1677528598.0,252.0,1677528657.0,1677528662.0,5.0,,8.0,42.0,5.0,15.0,377646203.0,4.0,1054.0,poseidon,condorpool,poseidon-worker-2-container-16-23,xgboost_hp_tuning,/srv/xgboost_hp_tuning,,12.4,0,0,,,,,,,,,
xgboost_hp_tuning_ID0000003_pegasus-plan_ID0000016,cpu_3,compute,0,1677528602.0,,,1677528607.0,1677528568.0,1677528583.0,45820683.5,1677528615.0,1677528657.0,1677528594.0,1677528598.0,255.0,1677528657.0,1677528662.0,5.0,,8.0,42.0,5.0,15.0,377646203.0,4.0,1067.0,poseidon,condorpool,poseidon-worker-1-container-16-23,xgboost_hp_tuning,/srv/xgboost_hp_tuning,,13.1,0,0,,,,,,,,,
xgboost_hp_tuning_ID0000014_pegasus-plan_ID0000016,None,compute,0,1677528602.0,,,1677528607.0,1677528568.0,1677528583.0,45747035.8,1677528615.0,1677528652.0,1677528593.0,1677528597.0,248.0,1677528652.0,1677528657.0,5.0,,8.0,37.0,5.0,15.0,377646203.0,4.0,1053.0,poseidon,condorpool,poseidon-worker-1-container-8-15,xgboost_hp_tuning,/srv/xgboost_hp_tuning,,14.6,0,0,,,,,,,,,
xgboost_hp_tuning_ID0000010_pegasus-plan_ID0000016,cpu_3,compute,0,1677528602.0,,,1677528607.0,1677528568.0,1677528583.0,45864437.2,1677528615.0,1677528652.0,1677528593.0,1677528598.0,248.0,1677528652.0,1677528657.0,5.0,,8.0,37.0,5.0,15.0,377646203.0,5.0,1050.0,poseidon,condorpool,poseidon-worker-3-container-24-31,xgboost_hp_tuning,/srv/xgboost_hp_tuning,,11.7,0,0,,,,,,,,,
xgboost_hp_tuning_ID0000013_pegasus-plan_ID0000016,None,compute,0,1677528602.0,,,1677528607.0,1677528606.0,1677528622.0,45866079.2,1677528653.0,1677528692.0,1677528632.0,1677528636.0,255.0,1677528692.0,1677528697.0,5.0,,46.0,39.0,5.0,16.0,377646203.0,4.0,1053.0,poseidon,condorpool,poseidon-worker-3-container-8-15,xgboost_hp_tuning,/srv/xgboost_hp_tuning,,16.4,0,0,,,,,,,,,
xgboost_hp_tuning_ID0000017_pegasus-plan_ID0000016,cpu_3,compute,0,1677528602.0,,,1677528607.0,1677528568.0,1677528583.0,45615416.0,1677528615.0,1677528657.0,1677528594.0,1677528598.0,246.0,1677528657.0,1677528662.0,5.0,,8.0,42.0,5.0,15.0,377646203.0,4.0,1053.0,poseidon,condorpool,poseidon-worker-2-container-24-31,xgboost_hp_tuning,/srv/xgboost_hp_tuning,,11.4,0,0,,,,,,,,,
xgboost_hp_tuning_ID0000001_pegasus-plan_ID0000016,None,compute,0,1677528602.0,,,1677528607.0,1677528606.0,1677528622.0,45766654.0,1677528653.0,1677528692.0,1677528633.0,1677528637.0,256.0,1677528692.0,1677528697.0,5.0,,46.0,39.0,5.0,16.0,377646203.0,4.0,1064.0,poseidon,condorpool,poseidon-worker-3-container-32-39,xgboost_hp_tuning,/srv/xgboost_hp_tuning,,26.4,0,0,,,,,,,,,
xgboost_hp_tuning_ID0000012_pegasus-plan_ID0000016,cpu_3,compute,0,1677528602.0,,,1677528607.0,1677528606.0,1677528622.0,45941875.0,1677528653.0,1677528692.0,1677528632.0,1677528636.0,255.0,1677528692.0,1677528697.0,5.0,,46.0,39.0,5.0,16.0,377646203.0,4.0,1048.0,poseidon,condorpool,poseidon-worker-3-container-24-31,xgboost_hp_tuning,/srv/xgboost_hp_tuning,,11.3,0,0,,,,,,,,,
xgboost_hp_tuning_ID0000023_pegasus-plan_ID0000016,None,compute,0,1677528602.0,,,1677528607.0,1677528606.0,1677528622.0,45918825.8,1677528654.0,1677528692.0,1677528632.0,1677528636.0,268.0,1677528692.0,1677528697.0,5.0,,47.0,38.0,5.0,16.0,377646203.0,4.0,1090.0,poseidon,condorpool,poseidon-worker-3-container-0-7,xgboost_hp_tuning,/srv/xgboost_hp_tuning,,17.1,0,0,,,,,,,,,
xgboost_hp_tuning_ID0000002_pegasus-plan_ID0000016,None,compute,0,1677528602.0,,,1677528607.0,1677528606.0,1677528622.0,45737829.8,1677528653.0,1677528702.0,1677528643.0,1677528647.0,255.0,1677528702.0,1677528707.0,5.0,,46.0,49.0,5.0,16.0,377646203.0,4.0,1065.0,poseidon,condorpool,poseidon-worker-1-container-8-15,xgboost_hp_tuning,/srv/xgboost_hp_tuning,,59.8,0,0,0.1,32941808.0,40.0,3305.0,2.0,33.9,1.6,3294180.8,4.0
xgboost_hp_tuning_ID0000006_pegasus-plan_ID0000016,cpu_3,compute,0,1677528602.0,,,1677528607.0,1677528568.0,1677528583.0,45719000.5,1677528615.0,1677528657.0,1677528594.0,1677528598.0,251.0,1677528657.0,1677528662.0,5.0,,8.0,42.0,5.0,15.0,377646203.0,4.0,1066.0,poseidon,condorpool,poseidon-worker-1-container-40-47,xgboost_hp_tuning,/srv/xgboost_hp_tuning,,12.3,0,0,,,,,,,,,
xgboost_hp_tuning_ID0000016_pegasus-plan_ID0000016,cpu_3,compute,0,1677528602.0,,,1677528607.0,1677528568.0,1677528583.0,45801435.5,1677528615.0,1677528657.0,1677528596.0,1677528600.0,252.0,1677528657.0,1677528662.0,5.0,,8.0,42.0,5.0,15.0,377646203.0,4.0,1054.0,poseidon,condorpool,poseidon-worker-1-container-24-31,xgboost_hp_tuning,/srv/xgboost_hp_tuning,,19.9,0,0,,,,,,,,,
xgboost_hp_tuning_ID0000007_pegasus-plan_ID0000016,None,compute,0,1677528602.0,,,1677528607.0,1677528568.0,1677528583.0,45869426.8,1677528615.0,1677528652.0,1677528593.0,1677528597.0,254.0,1677528652.0,1677528657.0,5.0,,8.0,37.0,5.0,15.0,377646203.0,4.0,1065.0,poseidon,condorpool,poseidon-worker-3-container-8-15,xgboost_hp_tuning,/srv/xgboost_hp_tuning,,15.7,0,0,,,,,,,,,
xgboost_hp_tuning_ID0000019_pegasus-plan_ID0000016,None,compute,0,1677528602.0,,,1677528607.0,1677528568.0,1677528583.0,45896065.5,1677528615.0,1677528652.0,1677528593.0,1677528597.0,255.0,1677528652.0,1677528657.0,5.0,,8.0,37.0,5.0,15.0,377646203.0,4.0,1058.0,poseidon,condorpool,poseidon-worker-3-container-32-39,xgboost_hp_tuning,/srv/xgboost_hp_tuning,,15.8,0,0,,,,,,,,,
xgboost_hp_tuning_ID0000018_pegasus-plan_ID0000016,cpu_3,compute,0,1677528602.0,,,1677528607.0,1677528568.0,1677528583.0,45676479.8,1677528615.0,1677528657.0,1677528594.0,1677528598.0,248.0,1677528657.0,1677528662.0,5.0,,8.0,42.0,5.0,15.0,377646203.0,4.0,1055.0,poseidon,condorpool,poseidon-worker-2-container-32-39,xgboost_hp_tuning,/srv/xgboost_hp_tuning,,12.0,0,0,,,,,,,,,
xgboost_hp_tuning_ID0000008_pegasus-plan_ID0000016,None,compute,0,1677528602.0,,,1677528607.0,1677528568.0,1677528583.0,45827950.2,1677528615.0,1677528657.0,1677528593.0,1677528598.0,244.0,1677528657.0,1677528662.0,5.0,,8.0,42.0,5.0,15.0,377646203.0,5.0,1058.0,poseidon,condorpool,poseidon-worker-3-container-0-7,xgboost_hp_tuning,/srv/xgboost_hp_tuning,,17.6,0,0,,,,,,,,,
xgboost_hp_tuning_ID0000020_pegasus-plan_ID0000016,None,compute,0,1677528602.0,,,1677528607.0,1677528568.0,1677528583.0,45866138.2,1677528615.0,1677528657.0,1677528594.0,1677528598.0,254.0,1677528657.0,1677528662.0,5.0,,8.0,42.0,5.0,15.0,377646203.0,4.0,1062.0,poseidon,condorpool,poseidon-worker-3-container-16-23,xgboost_hp_tuning,/srv/xgboost_hp_tuning,,18.5,0,0,,,,,,,,,
xgboost_hp_tuning_ID0000021_pegasus-plan_ID0000016,cpu_3,compute,0,1677528602.0,,,1677528607.0,1677528568.0,1677528583.0,45853344.2,1677528615.0,1677528657.0,1677528595.0,1677528599.0,256.0,1677528657.0,1677528662.0,5.0,,8.0,42.0,5.0,15.0,377646203.0,4.0,1064.0,poseidon,condorpool,poseidon-worker-3-container-40-47,xgboost_hp_tuning,/srv/xgboost_hp_tuning,,18.1,0,0,,,,,,,,,
xgboost_hp_tuning_ID0000022_pegasus-plan_ID0000016,None,compute,0,1677528602.0,,,1677528607.0,1677528568.0,1677528583.0,45702547.2,1677528615.0,1677528657.0,1677528594.0,1677528598.0,250.0,1677528657.0,1677528662.0,5.0,,8.0,42.0,5.0,15.0,377646203.0,4.0,1062.0,poseidon,condorpool,poseidon-worker-2-container-0-7,xgboost_hp_tuning,/srv/xgboost_hp_tuning,,19.8,0,0,,,,,,,,,
xgboost_hp_tuning_ID0000011_pegasus-plan_ID0000016,None,compute,0,1677528602.0,,,1677528607.0,1677528568.0,1677528583.0,45585913.2,1677528615.0,1677528657.0,1677528594.0,1677528598.0,246.0,1677528657.0,1677528662.0,5.0,,8.0,42.0,5.0,15.0,377646203.0,4.0,1046.0,poseidon,condorpool,poseidon-worker-1-container-0-7,xgboost_hp_tuning,/srv/xgboost_hp_tuning,,15.7,0,0,,,,,,,,,
xgboost_hp_tuning_ID0000009_pegasus-plan_ID0000016,cpu_3,compute,0,1677528602.0,,,1677528607.0,1677528568.0,1677528583.0,45772679.5,1677528615.0,1677528657.0,1677528594.0,1677528598.0,247.0,1677528657.0,1677528662.0,5.0,,8.0,42.0,5.0,15.0,377646203.0,4.0,1058.0,poseidon,condorpool,poseidon-worker-2-container-40-47,xgboost_hp_tuning,/srv/xgboost_hp_tuning,,11.5,0,0,,,,,,,,,
xgboost_hp_tuning_ID0000001_pegasus-plan_ID0000012,cpu_3,compute,0,1677528607.0,,,1677528612.0,1677528662.0,1677528679.0,51546363.0,1677528710.0,1677528772.0,1677528711.0,1677528715.0,253.0,1677528772.0,1677528777.0,5.0,,98.0,62.0,5.0,17.0,502672266.0,4.0,1062.0,poseidon,condorpool,poseidon-worker-3-container-40-47,xgboost_hp_tuning,/srv/xgboost_hp_tuning,,90.5,0,0,0.0,157970765.0,40.0,3319.0,2.0,67.3,3.0,7898538.2,4.0
xgboost_hp_tuning_ID0000012_pegasus-plan_ID0000012,cpu_3,compute,0,1677528607.0,,,1677528612.0,1677528663.0,1677528679.0,51389264.0,1677528710.0,1677528767.0,1677528706.0,1677528710.0,250.0,1677528767.0,1677528772.0,5.0,,98.0,57.0,5.0,16.0,502672266.0,4.0,1048.0,poseidon,condorpool,poseidon-worker-1-container-32-39,xgboost_hp_tuning,/srv/xgboost_hp_tuning,,68.6,0,0,0.1,157972635.0,4023.0,3321.0,5.0,65.3,3.2,7898631.8,201.2
xgboost_hp_tuning_ID0000023_pegasus-plan_ID0000012,cpu_3,compute,0,1677528607.0,,,1677528612.0,1677528663.0,1677528680.0,51387903.3,1677528710.0,1677528787.0,1677528726.0,1677528730.0,259.0,1677528787.0,1677528792.0,5.0,,98.0,77.0,5.0,17.0,502672266.0,4.0,1088.0,poseidon,condorpool,poseidon-worker-2-container-40-47,xgboost_hp_tuning,/srv/xgboost_hp_tuning,,114.1,0,0,0.1,157976550.0,40.0,3336.0,2.0,81.1,3.4,5265885.0,4.0
xgboost_hp_tuning_ID0000010_pegasus-plan_ID0000012,None,compute,0,1677528607.0,,,1677528612.0,1677528607.0,1677528624.0,51412257.3,1677528654.0,1677528717.0,1677528658.0,1677528662.0,251.0,1677528717.0,1677528722.0,5.0,,42.0,63.0,5.0,17.0,502672266.0,4.0,1049.0,poseidon,condorpool,poseidon-worker-2-container-8-15,xgboost_hp_tuning,/srv/xgboost_hp_tuning,,133.8,0,0,0.0,157972497.0,40.0,3321.0,2.0,87.0,3.0,7898624.8,4.0
xgboost_hp_tuning_ID0000011_pegasus-plan_ID0000012,None,compute,0,1677528607.0,,,1677528612.0,1677528606.0,1677528623.0,51573676.0,1677528654.0,1677528707.0,1677528646.0,1677528650.0,253.0,1677528707.0,1677528712.0,5.0,,42.0,53.0,5.0,17.0,502672266.0,4.0,1048.0,poseidon,condorpool,poseidon-worker-3-container-16-23,xgboost_hp_tuning,/srv/xgboost_hp_tuning,,82.4,0,0,0.1,157966031.0,40.0,3303.0,2.0,43.8,2.8,15796603.1,4.0
xgboost_hp_tuning_ID0000022_pegasus-plan_ID0000012,cpu_3,compute,0,1677528607.0,,,1677528612.0,1677528607.0,1677528624.0,51299352.0,1677528654.0,1677528712.0,1677528649.0,1677528653.0,249.0,1677528712.0,1677528717.0,5.0,,42.0,58.0,5.0,17.0,502672266.0,4.0,1062.0,poseidon,condorpool,poseidon-worker-1-container-16-23,xgboost_hp_tuning,/srv/xgboost_hp_tuning,,63.4,0,0,0.0,157967904.0,40.0,3305.0,2.0,27.1,2.5,15796790.4,4.0
xgboost_hp_tuning_ID0000019_pegasus-plan_ID0000012,cpu_3,compute,0,1677528607.0,,,1677528612.0,1677528607.0,1677528624.0,51428271.3,1677528654.0,1677528712.0,1677528651.0,1677528655.0,255.0,1677528712.0,1677528717.0,5.0,,42.0,58.0,5.0,17.0,502672266.0,4.0,1060.0,poseidon,condorpool,poseidon-worker-1-container-40-47,xgboost_hp_tuning,/srv/xgboost_hp_tuning,,75.1,0,0,0.1,157972536.0,40.0,3321.0,2.0,68.2,3.1,7898626.8,4.0
xgboost_hp_tuning_ID0000021_pegasus-plan_ID0000012,None,compute,0,1677528607.0,,,1677528612.0,1677528607.0,1677528624.0,51252353.3,1677528654.0,1677528727.0,1677528665.0,1677528669.0,255.0,1677528727.0,1677528732.0,5.0,,42.0,73.0,5.0,17.0,502672266.0,4.0,1062.0,poseidon,condorpool,poseidon-worker-1-container-0-7,xgboost_hp_tuning,/srv/xgboost_hp_tuning,,197.3,0,0,0.1,157976462.0,40.0,3336.0,2.0,165.6,3.2,5265882.1,4.0
xgboost_hp_tuning_ID0000009_pegasus-plan_ID0000012,cpu_3,compute,0,1677528607.0,,,1677528612.0,1677528607.0,1677528624.0,51524898.3,1677528654.0,1677528712.0,1677528650.0,1677528654.0,249.0,1677528712.0,1677528717.0,5.0,,42.0,58.0,5.0,17.0,502672266.0,4.0,1057.0,poseidon,condorpool,poseidon-worker-2-container-40-47,xgboost_hp_tuning,/srv/xgboost_hp_tuning,,72.0,0,0,0.1,157972713.0,4032.0,3321.0,5.0,68.7,3.3,7898635.6,201.6
xgboost_hp_tuning_ID0000007_pegasus-plan_ID0000012,cpu_3,compute,0,1677528607.0,,,1677528612.0,1677528607.0,1677528624.0,51379528.0,1677528654.0,1677528717.0,1677528653.0,1677528658.0,253.0,1677528717.0,1677528722.0,5.0,,42.0,63.0,5.0,17.0,502672266.0,5.0,1066.0,poseidon,condorpool,poseidon-worker-2-container-24-31,xgboost_hp_tuning,/srv/xgboost_hp_tuning,,78.5,0,0,0.0,157972535.0,40.0,3321.0,2.0,64.0,2.9,7898626.8,4.0
xgboost_hp_tuning_ID0000005_pegasus-plan_ID0000012,cpu_3,compute,0,1677528607.0,,,1677528612.0,1677528609.0,1677528625.0,51406467.3,1677528656.0,1677528722.0,1677528658.0,1677528662.0,258.0,1677528722.0,1677528727.0,5.0,,44.0,66.0,5.0,16.0,502672266.0,4.0,1077.0,poseidon,condorpool,poseidon-worker-1-container-24-31,xgboost_hp_tuning,/srv/xgboost_hp_tuning,,101.2,0,0,0.0,157972545.0,40.0,3321.0,2.0,70.9,3.0,7898627.2,4.0
xgboost_hp_tuning_ID0000006_pegasus-plan_ID0000012,None,compute,0,1677528607.0,,,1677528612.0,1677528607.0,1677528624.0,51374447.0,1677528654.0,1677528722.0,1677528659.0,1677528663.0,255.0,1677528722.0,1677528727.0,5.0,,42.0,68.0,5.0,17.0,502672266.0,4.0,1066.0,poseidon,condorpool,poseidon-worker-2-container-0-7,xgboost_hp_tuning,/srv/xgboost_hp_tuning,,165.1,0,0,0.1,157972640.0,40.0,3321.0,2.0,107.7,3.4,7898632.0,4.0
xgboost_hp_tuning_ID0000017_pegasus-plan_ID0000012,cpu_3,compute,0,1677528607.0,,,1677528612.0,1677528608.0,1677528624.0,51582829.0,1677528655.0,1677528712.0,1677528650.0,1677528654.0,253.0,1677528712.0,1677528717.0,5.0,,43.0,57.0,5.0,16.0,502672266.0,4.0,1056.0,poseidon,condorpool,poseidon-worker-3-container-40-47,xgboost_hp_tuning,/srv/xgboost_hp_tuning,,63.8,0,0,0.0,157966029.0,40.0,3303.0,2.0,28.1,2.7,15796602.9,4.0
xgboost_hp_tuning_ID0000016_pegasus-plan_ID0000012,None,compute,0,1677528607.0,,,1677528612.0,1677528645.0,1677528662.0,51497508.0,1677528692.0,1677528772.0,1677528711.0,1677528715.0,255.0,1677528772.0,1677528777.0,5.0,,80.0,80.0,5.0,17.0,502672266.0,4.0,1054.0,poseidon,condorpool,poseidon-worker-3-container-8-15,xgboost_hp_tuning,/srv/xgboost_hp_tuning,,226.8,0,0,0.0,157978368.0,40.0,3349.0,2.0,204.6,3.5,3949459.2,4.0
xgboost_hp_tuning_ID0000004_pegasus-plan_ID0000012,cpu_3,compute,0,1677528607.0,,,1677528612.0,1677528645.0,1677528662.0,51470773.3,1677528692.0,1677528757.0,1677528693.0,1677528697.0,257.0,1677528757.0,1677528762.0,5.0,,80.0,65.0,5.0,17.0,502672266.0,4.0,1061.0,poseidon,condorpool,poseidon-worker-3-container-24-31,xgboost_hp_tuning,/srv/xgboost_hp_tuning,,90.3,0,0,0.1,157970759.0,40.0,3319.0,2.0,66.3,3.1,7898538.0,4.0
xgboost_hp_tuning_ID0000013_pegasus-plan_ID0000012,cpu_3,compute,0,1677528607.0,,,1677528612.0,1677528662.0,1677528679.0,51329749.7,1677528709.0,1677528767.0,1677528704.0,1677528708.0,251.0,1677528767.0,1677528772.0,5.0,,97.0,58.0,5.0,17.0,502672266.0,4.0,1054.0,poseidon,condorpool,poseidon-worker-1-container-16-23,xgboost_hp_tuning,/srv/xgboost_hp_tuning,,63.8,0,0,0.0,157967982.0,40.0,3305.0,2.0,29.2,2.6,15796798.2,4.0
xgboost_hp_tuning_ID0000015_pegasus-plan_ID0000012,None,compute,0,1677528607.0,,,1677528612.0,1677528645.0,1677528662.0,51533455.3,1677528692.0,1677528762.0,1677528703.0,1677528707.0,256.0,1677528762.0,1677528767.0,5.0,,80.0,70.0,5.0,17.0,502672266.0,4.0,1053.0,poseidon,condorpool,poseidon-worker-3-container-0-7,xgboost_hp_tuning,/srv/xgboost_hp_tuning,,191.2,0,0,0.0,157974500.0,40.0,3334.0,2.0,162.9,3.4,5265816.7,4.0
xgboost_hp_tuning_ID0000002_pegasus-plan_ID0000012,None,compute,0,1677528607.0,,,1677528612.0,1677528659.0,1677528675.0,51422482.3,1677528706.0,1677528772.0,1677528712.0,1677528717.0,259.0,1677528772.0,1677528777.0,5.0,,94.0,66.0,5.0,16.0,502672266.0,5.0,1063.0,poseidon,condorpool,poseidon-worker-3-container-16-23,xgboost_hp_tuning,/srv/xgboost_hp_tuning,,163.7,0,0,0.1,157974590.0,40.0,3334.0,2.0,157.7,3.5,5265819.7,4.0
xgboost_hp_tuning_ID0000014_pegasus-plan_ID0000012,None,compute,0,1677528607.0,,,1677528612.0,1677528656.0,1677528673.0,51340719.0,1677528703.0,1677528762.0,1677528698.0,1677528702.0,253.0,1677528762.0,1677528767.0,5.0,,91.0,59.0,5.0,17.0,502672266.0,4.0,1055.0,poseidon,condorpool,poseidon-worker-1-container-8-15,xgboost_hp_tuning,/srv/xgboost_hp_tuning,,104.6,0,0,0.1,157967953.0,40.0,3305.0,2.0,46.3,2.5,15796795.3,4.0
xgboost_hp_tuning_ID0000003_pegasus-plan_ID0000012,None,compute,0,1677528607.0,,,1677528612.0,1677528646.0,1677528662.0,51350415.7,1677528693.0,1677528752.0,1677528691.0,1677528695.0,257.0,1677528752.0,1677528757.0,5.0,,81.0,59.0,5.0,16.0,502672266.0,4.0,1066.0,poseidon,condorpool,poseidon-worker-3-container-32-39,xgboost_hp_tuning,/srv/xgboost_hp_tuning,,119.5,0,0,0.0,157970763.0,40.0,3319.0,2.0,101.7,3.9,7898538.2,4.0
xgboost_hp_tuning_ID0000020_pegasus-plan_ID0000012,cpu_3,compute,0,1677528607.0,,,1677528612.0,1677528607.0,1677528624.0,51386969.3,1677528654.0,1677528717.0,1677528655.0,1677528659.0,256.0,1677528717.0,1677528722.0,5.0,,42.0,63.0,5.0,17.0,502672266.0,4.0,1065.0,poseidon,condorpool,poseidon-worker-2-container-32-39,xgboost_hp_tuning,/srv/xgboost_hp_tuning,,86.8,0,0,0.1,157976648.0,40.0,3330.0,2.0,66.3,2.6,7898832.4,4.0
xgboost_hp_tuning_ID0000018_pegasus-plan_ID0000012,cpu_3,compute,0,1677528607.0,,,1677528612.0,1677528607.0,1677528624.0,51302103.3,1677528654.0,1677528712.0,1677528650.0,1677528654.0,249.0,1677528712.0,1677528717.0,5.0,,42.0,58.0,5.0,17.0,502672266.0,4.0,1056.0,poseidon,condorpool,poseidon-worker-1-container-32-39,xgboost_hp_tuning,/srv/xgboost_hp_tuning,,66.7,0,0,0.1,157967907.0,40.0,3305.0,2.0,30.2,2.1,15796790.7,4.0
xgboost_hp_tuning_ID0000008_pegasus-plan_ID0000012,cpu_3,compute,0,1677528607.0,,,1677528612.0,1677528607.0,1677528624.0,51464116.7,1677528654.0,1677528717.0,1677528657.0,1677528661.0,258.0,1677528717.0,1677528722.0,5.0,,42.0,63.0,5.0,17.0,502672266.0,4.0,1061.0,poseidon,condorpool,poseidon-worker-2-container-16-23,xgboost_hp_tuning,/srv/xgboost_hp_tuning,,91.1,0,0,0.0,157972533.0,40.0,3321.0,2.0,65.4,2.7,7898626.7,4.0
xgboost_hp_tuning_ID0000009_pegasus-plan_ID0000020,cpu_3,compute,0,1677528611.0,,,1677528616.0,1677528664.0,1677528693.0,75278052.9,1677528711.0,1677529142.0,1677529082.0,1677529086.0,259.0,1677529142.0,1677529147.0,5.0,,95.0,431.0,5.0,29.0,1691153157.0,4.0,1059.0,poseidon,condorpool,poseidon-worker-1-container-40-47,xgboost_hp_tuning,/srv/xgboost_hp_tuning,,1401.4,0,0,0.1,1346588870.0,40.0,3850.0,2.0,1297.9,62.8,3639429.4,4.0
xgboost_hp_tuning_ID0000001_pegasus-plan_ID0000020,None,compute,0,1677528611.0,,,1677528616.0,1677529110.0,1677529140.0,75091679.4,1677529157.0,1677529517.0,1677529454.0,1677529458.0,258.0,1677529517.0,1677529522.0,5.0,,541.0,360.0,5.0,30.0,1691153157.0,4.0,1063.0,poseidon,condorpool,poseidon-worker-1-container-8-15,xgboost_hp_tuning,/srv/xgboost_hp_tuning,,1659.2,0,0,0.1,1346560839.0,40.0,3741.0,2.0,1573.6,52.4,4488536.1,4.0
xgboost_hp_tuning_ID0000011_pegasus-plan_ID0000020,cpu_3,compute,0,1677528611.0,,,1677528616.0,1677528666.0,1677528695.0,75262919.8,1677528713.0,1677529177.0,1677529118.0,1677529122.0,252.0,1677529177.0,1677529182.0,5.0,,97.0,464.0,5.0,29.0,1691153157.0,4.0,1051.0,poseidon,condorpool,poseidon-worker-2-container-24-31,xgboost_hp_tuning,/srv/xgboost_hp_tuning,,1559.0,0,0,0.1,1346602783.0,40.0,3906.0,2.0,1489.6,57.8,3284397.0,4.0
xgboost_hp_tuning_ID0000013_pegasus-plan_ID0000020,cpu_3,compute,0,1677528611.0,,,1677528616.0,1677529095.0,1677529125.0,75106332.2,1677529142.0,1677529582.0,1677529520.0,1677529524.0,257.0,1677529582.0,1677529587.0,5.0,,526.0,440.0,5.0,30.0,1691153157.0,4.0,1055.0,poseidon,condorpool,poseidon-worker-1-container-40-47,xgboost_hp_tuning,/srv/xgboost_hp_tuning,,1460.9,0,0,0.0,1346591478.0,40.0,3862.0,2.0,1377.1,57.3,3543661.8,4.0
xgboost_hp_tuning_ID0000002_pegasus-plan_ID0000020,cpu_3,compute,0,1677528611.0,,,1677528616.0,1677529086.0,1677529115.0,75113281.7,1677529133.0,1677529537.0,1677529475.0,1677529479.0,258.0,1677529537.0,1677529542.0,5.0,,517.0,404.0,5.0,29.0,1691153157.0,4.0,1062.0,poseidon,condorpool,poseidon-worker-1-container-24-31,xgboost_hp_tuning,/srv/xgboost_hp_tuning,,1277.0,0,0,0.1,1346580047.0,40.0,3817.0,2.0,1224.9,50.9,3847371.6,4.0
xgboost_hp_tuning_ID0000014_pegasus-plan_ID0000020,cpu_3,compute,0,1677528611.0,,,1677528616.0,1677528739.0,1677528769.0,75145959.9,1677528786.0,1677529222.0,1677529159.0,1677529163.0,256.0,1677529222.0,1677529227.0,5.0,,170.0,436.0,5.0,30.0,1691153157.0,4.0,1054.0,poseidon,condorpool,poseidon-worker-2-container-40-47,xgboost_hp_tuning,/srv/xgboost_hp_tuning,,1443.1,0,0,0.1,1346591527.0,40.0,3862.0,2.0,1384.7,54.1,3543661.9,4.0
xgboost_hp_tuning_ID0000003_pegasus-plan_ID0000020,None,compute,0,1677528611.0,,,1677528616.0,1677528725.0,1677528754.0,75055939.8,1677528772.0,1677529162.0,1677529101.0,1677529105.0,261.0,1677529162.0,1677529167.0,5.0,,156.0,390.0,5.0,29.0,1691153157.0,4.0,1068.0,poseidon,condorpool,poseidon-worker-3-container-16-23,xgboost_hp_tuning,/srv/xgboost_hp_tuning,,1808.1,0,0,0.0,1346570519.0,40.0,3784.0,2.0,1698.5,62.5,4080516.7,4.0
xgboost_hp_tuning_ID0000015_pegasus-plan_ID0000020,None,compute,0,1677528611.0,,,1677528616.0,1677528724.0,1677528753.0,75076311.1,1677528771.0,1677529132.0,1677529073.0,1677529077.0,261.0,1677529132.0,1677529137.0,5.0,,155.0,361.0,5.0,29.0,1691153157.0,4.0,1055.0,poseidon,condorpool,poseidon-worker-3-container-8-15,xgboost_hp_tuning,/srv/xgboost_hp_tuning,,1661.3,0,0,0.0,1346562746.0,40.0,3754.0,2.0,1601.8,54.9,4343750.8,4.0
xgboost_hp_tuning_ID0000004_pegasus-plan_ID0000020,cpu_3,compute,0,1677528611.0,,,1677528616.0,1677528723.0,1677528753.0,75122087.3,1677528771.0,1677529242.0,1677529183.0,1677529187.0,261.0,1677529242.0,1677529247.0,5.0,,155.0,471.0,5.0,30.0,1691153157.0,4.0,1063.0,poseidon,condorpool,poseidon-worker-3-container-40-47,xgboost_hp_tuning,/srv/xgboost_hp_tuning,,1595.6,0,0,0.1,1346604967.0,40.0,3920.0,2.0,1533.1,59.3,3206202.3,4.0
xgboost_hp_tuning_ID0000016_pegasus-plan_ID0000020,cpu_3,compute,0,1677528611.0,,,1677528616.0,1677528719.0,1677528748.0,75149802.2,1677528766.0,1677529192.0,1677529129.0,1677529134.0,254.0,1677529192.0,1677529197.0,5.0,,150.0,426.0,5.0,29.0,1691153157.0,5.0,1053.0,poseidon,condorpool,poseidon-worker-1-container-32-39,xgboost_hp_tuning,/srv/xgboost_hp_tuning,,1394.7,0,0,0.0,1346587655.0,40.0,3846.0,2.0,1339.7,47.2,3639426.1,4.0
xgboost_hp_tuning_ID0000005_pegasus-plan_ID0000020,cpu_3,compute,0,1677528611.0,,,1677528616.0,1677528717.0,1677528746.0,75265074.5,1677528764.0,1677529262.0,1677529203.0,1677529207.0,262.0,1677529262.0,1677529267.0,5.0,,148.0,498.0,5.0,29.0,1691153157.0,4.0,1078.0,poseidon,condorpool,poseidon-worker-1-container-16-23,xgboost_hp_tuning,/srv/xgboost_hp_tuning,,1675.4,0,0,0.1,1346614526.0,40.0,3951.0,2.0,1572.3,67.3,3060487.6,4.0
xgboost_hp_tuning_ID0000023_pegasus-plan_ID0000020,None,compute,0,1677528611.0,,,1677528616.0,1677529122.0,1677529151.0,75258963.5,1677529169.0,1677529562.0,1677529503.0,1677529507.0,267.0,1677529562.0,1677529567.0,5.0,,553.0,393.0,5.0,29.0,1691153157.0,4.0,1087.0,poseidon,condorpool,poseidon-worker-3-container-8-15,xgboost_hp_tuning,/srv/xgboost_hp_tuning,,2004.3,0,0,0.0,1346574184.0,40.0,3799.0,2.0,1930.3,55.2,3960512.3,4.0
xgboost_hp_tuning_ID0000017_pegasus-plan_ID0000020,None,compute,0,1677528611.0,,,1677528616.0,1677528715.0,1677528745.0,75159843.0,1677528763.0,1677529177.0,1677529118.0,1677529122.0,258.0,1677529177.0,1677529182.0,5.0,,147.0,414.0,5.0,30.0,1691153157.0,4.0,1055.0,poseidon,condorpool,poseidon-worker-3-container-0-7,xgboost_hp_tuning,/srv/xgboost_hp_tuning,,2062.9,0,0,0.1,1346581752.0,40.0,3829.0,2.0,1971.0,65.8,3740504.9,4.0
xgboost_hp_tuning_ID0000012_pegasus-plan_ID0000020,None,compute,0,1677528611.0,,,1677528616.0,1677529114.0,1677529143.0,75247730.2,1677529161.0,1677529527.0,1677529464.0,1677529468.0,259.0,1677529527.0,1677529532.0,5.0,,545.0,366.0,5.0,29.0,1691153157.0,4.0,1048.0,poseidon,condorpool,poseidon-worker-3-container-16-23,xgboost_hp_tuning,/srv/xgboost_hp_tuning,,1773.2,0,0,0.0,1346562850.0,40.0,3754.0,2.0,1712.9,48.7,4343751.1,4.0
xgboost_hp_tuning_ID0000018_pegasus-plan_ID0000020,cpu_3,compute,0,1677528611.0,,,1677528616.0,1677528706.0,1677528735.0,75252813.5,1677528753.0,1677529197.0,1677529139.0,1677529143.0,257.0,1677529197.0,1677529202.0,5.0,,137.0,444.0,5.0,29.0,1691153157.0,4.0,1054.0,poseidon,condorpool,poseidon-worker-3-container-24-31,xgboost_hp_tuning,/srv/xgboost_hp_tuning,,1475.1,0,0,0.0,1346593465.0,40.0,3874.0,2.0,1403.1,53.7,3452803.8,4.0
xgboost_hp_tuning_ID0000019_pegasus-plan_ID0000020,None,compute,0,1677528611.0,,,1677528616.0,1677528704.0,1677528733.0,75191721.6,1677528751.0,1677529362.0,1677529300.0,1677529304.0,262.0,1677529362.0,1677529367.0,5.0,,135.0,611.0,5.0,29.0,1691153157.0,4.0,1058.0,poseidon,condorpool,poseidon-worker-3-container-32-39,xgboost_hp_tuning,/srv/xgboost_hp_tuning,,3193.6,0,0,0.0,1346654875.0,40.0,4114.0,2.0,3066.6,78.4,2448463.4,4.0
xgboost_hp_tuning_ID0000008_pegasus-plan_ID0000020,None,compute,0,1677528611.0,,,1677528616.0,1677528678.0,1677528708.0,74844775.7,1677528725.0,1677529237.0,1677529173.0,1677529177.0,259.0,1677529237.0,1677529242.0,5.0,,109.0,512.0,5.0,30.0,1691153157.0,4.0,1060.0,poseidon,condorpool,poseidon-worker-1-container-0-7,xgboost_hp_tuning,/srv/xgboost_hp_tuning,,2464.7,0,0,0.1,1346618062.0,40.0,3966.0,2.0,2348.8,74.5,2992484.6,4.0
xgboost_hp_tuning_ID0000020_pegasus-plan_ID0000020,None,compute,0,1677528611.0,,,1677528616.0,1677528672.0,1677528701.0,75170031.9,1677528719.0,1677529187.0,1677529124.0,1677529128.0,255.0,1677529187.0,1677529192.0,5.0,,103.0,468.0,5.0,29.0,1691153157.0,4.0,1062.0,poseidon,condorpool,poseidon-worker-2-container-0-7,xgboost_hp_tuning,/srv/xgboost_hp_tuning,,2162.8,0,0,0.1,1346602788.0,40.0,3906.0,2.0,2074.1,68.5,3284397.0,4.0
xgboost_hp_tuning_ID0000021_pegasus-plan_ID0000020,cpu_3,compute,0,1677528611.0,,,1677528616.0,1677528671.0,1677528700.0,75164880.4,1677528718.0,1677529132.0,1677529073.0,1677529077.0,260.0,1677529132.0,1677529137.0,5.0,,102.0,414.0,5.0,29.0,1691153157.0,4.0,1064.0,poseidon,condorpool,poseidon-worker-1-container-24-31,xgboost_hp_tuning,/srv/xgboost_hp_tuning,,1348.0,0,0,0.1,1346583658.0,40.0,3832.0,2.0,1282.0,51.8,3740510.2,4.0
xgboost_hp_tuning_ID0000010_pegasus-plan_ID0000020,None,compute,0,1677528611.0,,,1677528616.0,1677528671.0,1677528700.0,75060686.6,1677528718.0,1677529212.0,1677529151.0,1677529155.0,255.0,1677529212.0,1677529217.0,5.0,,102.0,494.0,5.0,29.0,1691153157.0,4.0,1051.0,poseidon,condorpool,poseidon-worker-2-container-8-15,xgboost_hp_tuning,/srv/xgboost_hp_tuning,,2438.3,0,0,0.0,1346614160.0,40.0,3951.0,2.0,2364.9,66.9,3060486.7,4.0
xgboost_hp_tuning_ID0000022_pegasus-plan_ID0000020,cpu_3,compute,0,1677528611.0,,,1677528616.0,1677528670.0,1677528699.0,75250744.4,1677528717.0,1677529132.0,1677529072.0,1677529076.0,258.0,1677529132.0,1677529137.0,5.0,,101.0,415.0,5.0,29.0,1691153157.0,4.0,1063.0,poseidon,condorpool,poseidon-worker-2-container-16-23,xgboost_hp_tuning,/srv/xgboost_hp_tuning,,1309.1,0,0,0.0,1346583576.0,40.0,3831.0,2.0,1231.9,64.0,3740509.9,4.0
xgboost_hp_tuning_ID0000006_pegasus-plan_ID0000020,None,compute,0,1677528611.0,,,1677528616.0,1677528711.0,1677528741.0,75208069.8,1677528758.0,1677529157.0,1677529097.0,1677529101.0,257.0,1677529157.0,1677529162.0,5.0,,142.0,399.0,5.0,30.0,1691153157.0,4.0,1066.0,poseidon,condorpool,poseidon-worker-1-container-8-15,xgboost_hp_tuning,/srv/xgboost_hp_tuning,,1886.7,0,0,0.1,1346576148.0,40.0,3801.0,2.0,1784.0,56.1,3960518.1,4.0
xgboost_hp_tuning_ID0000007_pegasus-plan_ID0000020,cpu_3,compute,0,1677528611.0,,,1677528616.0,1677528705.0,1677528734.0,75209614.9,1677528752.0,1677529242.0,1677529180.0,1677529185.0,258.0,1677529242.0,1677529247.0,5.0,,136.0,490.0,5.0,29.0,1691153157.0,5.0,1066.0,poseidon,condorpool,poseidon-worker-2-container-32-39,xgboost_hp_tuning,/srv/xgboost_hp_tuning,,1639.5,0,0,0.1,1346610756.0,40.0,3936.0,2.0,1532.7,77.4,3131652.9,4.0
stage_out_local_condorpool_0_2_pegasus-plan_ID0000016,None,transfer,0,1677528697.0,,,1677528702.0,,,0.0,1677528702.0,1677528712.0,1677528702.0,1677528706.0,1831.0,1677528712.0,1677528717.0,5.0,,0.0,10.0,5.0,,,4.0,7418.0,poseidon,local,host-10-100-100-12.openstacklocal,pegasus::transfer,/home/poseidon/pegasus-5.1.0panorama/bin/pegasus-transfer,/home/poseidon/pegasus-5.1.0panorama/bin/../bin/pegasus-kickstart  -n pegasus::transfer -N null -i - -R local  -L xgboost_hp_tuning_group_1 -T 2023-02-27T20:09:12+00:00 /home/poseidon/pegasus-5.1.0panorama/bin/../bin/pegasus-transfer  --threads 2,1.1,0,0,,,,,,,,,
stage_out_local_condorpool_0_1_pegasus-plan_ID0000016,None,transfer,0,1677528697.0,,,1677528702.0,,,0.0,1677528702.0,1677528712.0,1677528702.0,1677528706.0,2096.0,1677528712.0,1677528717.0,5.0,,0.0,10.0,5.0,,,4.0,8498.0,poseidon,local,host-10-100-100-12.openstacklocal,pegasus::transfer,/home/poseidon/pegasus-5.1.0panorama/bin/pegasus-transfer,/home/poseidon/pegasus-5.1.0panorama/bin/../bin/pegasus-kickstart  -n pegasus::transfer -N null -i - -R local  -L xgboost_hp_tuning_group_1 -T 2023-02-27T20:09:12+00:00 /home/poseidon/pegasus-5.1.0panorama/bin/../bin/pegasus-transfer  --threads 2,1.1,0,0,,,,,,,,,
xgboost_best_params_ID0000024_pegasus-plan_ID0000016,cpu_3,compute,0,1677528707.0,,,1677528712.0,1677528668.0,1677528685.0,39777307.3,1677528715.0,1677528753.0,1677528692.0,1677528696.0,254.0,1677528753.0,1677528758.0,5.0,,3.0,38.0,5.0,17.0,368018651.0,4.0,1064.0,poseidon,condorpool,poseidon-worker-2-container-32-39,xgboost_best_params,/srv/xgboost_best_params,,0.0,0,0,,,,,,,,,
stage_out_local_condorpool_0_0_pegasus-plan_ID0000016,None,transfer,0,1677528707.0,,,1677528712.0,,,0.0,1677528712.0,1677528723.0,1677528713.0,1677528717.0,2101.0,1677528723.0,1677528728.0,5.0,,0.0,11.0,5.0,,,4.0,8466.0,poseidon,local,host-10-100-100-12.openstacklocal,pegasus::transfer,/home/poseidon/pegasus-5.1.0panorama/bin/pegasus-transfer,/home/poseidon/pegasus-5.1.0panorama/bin/../bin/pegasus-kickstart  -n pegasus::transfer -N null -i - -R local  -L xgboost_hp_tuning_group_1 -T 2023-02-27T20:09:12+00:00 /home/poseidon/pegasus-5.1.0panorama/bin/../bin/pegasus-transfer  --threads 2,1.1,0,0,,,,,,,,,
register_condorpool_0_1_pegasus-plan_ID0000016,None,auxiliary,0,1677528717.0,,,1677528733.0,,,0.0,1677528733.0,1677528738.0,,,0.0,1677528738.0,1677528743.0,16.0,,0.0,5.0,5.0,,,,,poseidon,local,host-10-100-100-12.openstacklocal,pegasus::rc-client,/home/poseidon/pegasus-5.1.0panorama/bin/pegasus-rc-client,"-n pegasus::rc-client -N null -R local  -L xgboost_hp_tuning_group_1 -T 2023-02-27T20:09:12+00:00 /home/poseidon/pegasus-5.1.0panorama/bin/pegasus-rc-client --prefix pegasus.catalog.replica.output --conf /home/poseidon/workflows/predict-future-sales-workflow/submit/poseidon/pegasus/predict-future-sales/run0269/00/00/./xgboost_hp_tuning_group_1.000/pegasus.15189952746204888493.properties -v --meta /home/poseidon/workflows/predict-future-sales-workflow/submit/poseidon/pegasus/predict-future-sales/run0269/00/00/./xgboost_hp_tuning_group_1.000/00/00/xgboost_hp_tuning_ID0000013.meta,/home/poseidon/workflows/predict-future-sales-workflow/submit/poseidon/pegasus/predict-future-sales/run0269/00/00/./xgboost_hp_tuning_group_1.000/00/00/xgboost_hp_tuning_ID0000023.meta,/home/poseidon/workflows/predict-future-sales-workflow/submit/poseidon/pegasus/predict-future-sales/run0269/00/00/./xgboost_hp_tuning_group_1.000/00/00/xgboost_hp_tuning_ID0000011.meta,/home/poseidon/workflows/predict-future-sales-workflow/submit/poseidon/pegasus/predict-future-sales/run0269/00/00/./xgboost_hp_tuning_group_1.000/00/00/xgboost_hp_tuning_ID0000006.meta,/home/poseidon/workflows/predict-future-sales-workflow/submit/poseidon/pegasus/predict-future-sales/run0269/00/00/./xgboost_hp_tuning_group_1.000/00/00/xgboost_hp_tuning_ID0000003.meta,/home/poseidon/workflows/predict-future-sales-workflow/submit/poseidon/pegasus/predict-future-sales/run0269/00/00/./xgboost_hp_tuning_group_1.000/00/00/xgboost_hp_tuning_ID0000021.meta,/home/poseidon/workflows/predict-future-sales-workflow/submit/poseidon/pegasus/predict-future-sales/run0269/00/00/./xgboost_hp_tuning_group_1.000/00/00/xgboost_hp_tuning_ID0000019.meta,/home/poseidon/workflows/predict-future-sales-workflow/submit/poseidon/pegasus/predict-future-sales/run0269/00/00/./xgboost_hp_tuning_group_1.000/00/00/xgboost_hp_tuning_ID0000016.meta --insert /home/poseidon/workflows/predict-future-sales-workflow/submit/poseidon/pegasus/predict-future-sales/run0269/00/00/./xgboost_hp_tuning_group_1.000/00/00/register_condorpool_0_1.in",3.1,0,0,,,,,,,,,
register_condorpool_0_2_pegasus-plan_ID0000016,None,auxiliary,0,1677528717.0,,,1677528723.0,,,0.0,1677528723.0,1677528728.0,,,0.0,1677528728.0,1677528733.0,6.0,,0.0,5.0,5.0,,,,,poseidon,local,host-10-100-100-12.openstacklocal,pegasus::rc-client,/home/poseidon/pegasus-5.1.0panorama/bin/pegasus-rc-client,"-n pegasus::rc-client -N null -R local  -L xgboost_hp_tuning_group_1 -T 2023-02-27T20:09:12+00:00 /home/poseidon/pegasus-5.1.0panorama/bin/pegasus-rc-client --prefix pegasus.catalog.replica.output --conf /home/poseidon/workflows/predict-future-sales-workflow/submit/poseidon/pegasus/predict-future-sales/run0269/00/00/./xgboost_hp_tuning_group_1.000/pegasus.15189952746204888493.properties -v --meta /home/poseidon/workflows/predict-future-sales-workflow/submit/poseidon/pegasus/predict-future-sales/run0269/00/00/./xgboost_hp_tuning_group_1.000/00/00/xgboost_hp_tuning_ID0000017.meta,/home/poseidon/workflows/predict-future-sales-workflow/submit/poseidon/pegasus/predict-future-sales/run0269/00/00/./xgboost_hp_tuning_group_1.000/00/00/xgboost_hp_tuning_ID0000022.meta,/home/poseidon/workflows/predict-future-sales-workflow/submit/poseidon/pegasus/predict-future-sales/run0269/00/00/./xgboost_hp_tuning_group_1.000/00/00/xgboost_hp_tuning_ID0000007.meta,/home/poseidon/workflows/predict-future-sales-workflow/submit/poseidon/pegasus/predict-future-sales/run0269/00/00/./xgboost_hp_tuning_group_1.000/00/00/xgboost_hp_tuning_ID0000020.meta,/home/poseidon/workflows/predict-future-sales-workflow/submit/poseidon/pegasus/predict-future-sales/run0269/00/00/./xgboost_hp_tuning_group_1.000/00/00/xgboost_hp_tuning_ID0000001.meta,/home/poseidon/workflows/predict-future-sales-workflow/submit/poseidon/pegasus/predict-future-sales/run0269/00/00/./xgboost_hp_tuning_group_1.000/00/00/xgboost_hp_tuning_ID0000004.meta,/home/poseidon/workflows/predict-future-sales-workflow/submit/poseidon/pegasus/predict-future-sales/run0269/00/00/./xgboost_hp_tuning_group_1.000/00/00/xgboost_hp_tuning_ID0000014.meta --insert /home/poseidon/workflows/predict-future-sales-workflow/submit/poseidon/pegasus/predict-future-sales/run0269/00/00/./xgboost_hp_tuning_group_1.000/00/00/register_condorpool_0_2.in",3.1,0,0,,,,,,,,,
register_condorpool_0_0_pegasus-plan_ID0000016,None,auxiliary,0,1677528728.0,,,1677528743.0,,,0.0,1677528743.0,1677528748.0,,,0.0,1677528748.0,1677528753.0,15.0,,0.0,5.0,5.0,,,,,poseidon,local,host-10-100-100-12.openstacklocal,pegasus::rc-client,/home/poseidon/pegasus-5.1.0panorama/bin/pegasus-rc-client,"-n pegasus::rc-client -N null -R local  -L xgboost_hp_tuning_group_1 -T 2023-02-27T20:09:12+00:00 /home/poseidon/pegasus-5.1.0panorama/bin/pegasus-rc-client --prefix pegasus.catalog.replica.output --conf /home/poseidon/workflows/predict-future-sales-workflow/submit/poseidon/pegasus/predict-future-sales/run0269/00/00/./xgboost_hp_tuning_group_1.000/pegasus.15189952746204888493.properties -v --meta /home/poseidon/workflows/predict-future-sales-workflow/submit/poseidon/pegasus/predict-future-sales/run0269/00/00/./xgboost_hp_tuning_group_1.000/00/00/xgboost_hp_tuning_ID0000018.meta,/home/poseidon/workflows/predict-future-sales-workflow/submit/poseidon/pegasus/predict-future-sales/run0269/00/00/./xgboost_hp_tuning_group_1.000/00/00/xgboost_hp_tuning_ID0000002.meta,/home/poseidon/workflows/predict-future-sales-workflow/submit/poseidon/pegasus/predict-future-sales/run0269/00/00/./xgboost_hp_tuning_group_1.000/00/00/xgboost_hp_tuning_ID0000005.meta,/home/poseidon/workflows/predict-future-sales-workflow/submit/poseidon/pegasus/predict-future-sales/run0269/00/00/./xgboost_hp_tuning_group_1.000/00/00/xgboost_hp_tuning_ID0000009.meta,/home/poseidon/workflows/predict-future-sales-workflow/submit/poseidon/pegasus/predict-future-sales/run0269/00/00/./xgboost_hp_tuning_group_1.000/00/00/xgboost_hp_tuning_ID0000015.meta,/home/poseidon/workflows/predict-future-sales-workflow/submit/poseidon/pegasus/predict-future-sales/run0269/00/00/./xgboost_hp_tuning_group_1.000/00/00/xgboost_hp_tuning_ID0000012.meta,/home/poseidon/workflows/predict-future-sales-workflow/submit/poseidon/pegasus/predict-future-sales/run0269/00/00/./xgboost_hp_tuning_group_1.000/00/00/xgboost_hp_tuning_ID0000010.meta,/home/poseidon/workflows/predict-future-sales-workflow/submit/poseidon/pegasus/predict-future-sales/run0269/00/00/./xgboost_hp_tuning_group_1.000/00/00/xgboost_hp_tuning_ID0000008.meta --insert /home/poseidon/workflows/predict-future-sales-workflow/submit/poseidon/pegasus/predict-future-sales/run0269/00/00/./xgboost_hp_tuning_group_1.000/00/00/register_condorpool_0_0.in",3.1,0,0,,,,,,,,,
stage_out_local_condorpool_1_0_pegasus-plan_ID0000016,None,transfer,0,1677528758.0,,,1677528763.0,,,0.0,1677528763.0,1677528773.0,1677528763.0,1677528767.0,1219.0,1677528773.0,1677528778.0,5.0,,0.0,10.0,5.0,,,4.0,5320.0,poseidon,local,host-10-100-100-12.openstacklocal,pegasus::transfer,/home/poseidon/pegasus-5.1.0panorama/bin/pegasus-transfer,/home/poseidon/pegasus-5.1.0panorama/bin/../bin/pegasus-kickstart  -n pegasus::transfer -N null -i - -R local  -L xgboost_hp_tuning_group_1 -T 2023-02-27T20:09:12+00:00 /home/poseidon/pegasus-5.1.0panorama/bin/../bin/pegasus-transfer  --threads 2,0.8,0,0,,,,,,,,,
stage_out_local_condorpool_0_0_pegasus-plan_ID0000012,None,transfer,0,1677528777.0,,,1677528782.0,,,0.0,1677528782.0,1677528792.0,1677528782.0,1677528786.0,2098.0,1677528792.0,1677528797.0,5.0,,0.0,10.0,5.0,,,4.0,8464.0,poseidon,local,host-10-100-100-12.openstacklocal,pegasus::transfer,/home/poseidon/pegasus-5.1.0panorama/bin/pegasus-transfer,/home/poseidon/pegasus-5.1.0panorama/bin/../bin/pegasus-kickstart  -n pegasus::transfer -N null -i - -R local  -L xgboost_hp_tuning_group_0 -T 2023-02-27T20:09:12+00:00 /home/poseidon/pegasus-5.1.0panorama/bin/../bin/pegasus-transfer  --threads 2,1.1,0,0,,,,,,,,,
stage_out_local_condorpool_0_2_pegasus-plan_ID0000012,None,transfer,0,1677528777.0,,,1677528782.0,,,0.0,1677528782.0,1677528792.0,1677528782.0,1677528786.0,1840.0,1677528792.0,1677528797.0,5.0,,0.0,10.0,5.0,,,4.0,7427.0,poseidon,local,host-10-100-100-12.openstacklocal,pegasus::transfer,/home/poseidon/pegasus-5.1.0panorama/bin/pegasus-transfer,/home/poseidon/pegasus-5.1.0panorama/bin/../bin/pegasus-kickstart  -n pegasus::transfer -N null -i - -R local  -L xgboost_hp_tuning_group_0 -T 2023-02-27T20:09:12+00:00 /home/poseidon/pegasus-5.1.0panorama/bin/../bin/pegasus-transfer  --threads 2,1.1,0,0,,,,,,,,,
register_condorpool_1_0_pegasus-plan_ID0000016,None,auxiliary,0,1677528778.0,,,1677528783.0,,,0.0,1677528787.0,1677528793.0,,,0.0,1677528793.0,1677528798.0,5.0,,4.0,6.0,5.0,,,,,poseidon,local,host-10-100-100-12.openstacklocal,pegasus::rc-client,/home/poseidon/pegasus-5.1.0panorama/bin/pegasus-rc-client,-n pegasus::rc-client -N null -R local  -L xgboost_hp_tuning_group_1 -T 2023-02-27T20:09:12+00:00 /home/poseidon/pegasus-5.1.0panorama/bin/pegasus-rc-client --prefix pegasus.catalog.replica.output --conf /home/poseidon/workflows/predict-future-sales-workflow/submit/poseidon/pegasus/predict-future-sales/run0269/00/00/./xgboost_hp_tuning_group_1.000/pegasus.15189952746204888493.properties -v --meta /home/poseidon/workflows/predict-future-sales-workflow/submit/poseidon/pegasus/predict-future-sales/run0269/00/00/./xgboost_hp_tuning_group_1.000/00/00/xgboost_best_params_ID0000024.meta --insert /home/poseidon/workflows/predict-future-sales-workflow/submit/poseidon/pegasus/predict-future-sales/run0269/00/00/./xgboost_hp_tuning_group_1.000/00/00/register_condorpool_1_0.in,3.1,0,0,,,,,,,,,
xgboost_best_params_ID0000024_pegasus-plan_ID0000012,None,compute,0,1677528792.0,,,1677528797.0,1677529086.0,1677529103.0,39880545.0,1677529133.0,1677529172.0,1677529109.0,1677529113.0,264.0,1677529172.0,1677529177.0,5.0,,336.0,39.0,5.0,17.0,368018658.0,4.0,1077.0,poseidon,condorpool,poseidon-worker-3-container-8-15,xgboost_best_params,/srv/xgboost_best_params,,0.0,0,0,,,,,,,,,
stage_out_local_condorpool_0_1_pegasus-plan_ID0000012,None,transfer,0,1677528792.0,,,1677528797.0,,,0.0,1677528797.0,1677528807.0,1677528798.0,1677528802.0,2108.0,1677528807.0,1677528812.0,5.0,,0.0,10.0,5.0,,,4.0,8498.0,poseidon,local,host-10-100-100-12.openstacklocal,pegasus::transfer,/home/poseidon/pegasus-5.1.0panorama/bin/pegasus-transfer,/home/poseidon/pegasus-5.1.0panorama/bin/../bin/pegasus-kickstart  -n pegasus::transfer -N null -i - -R local  -L xgboost_hp_tuning_group_0 -T 2023-02-27T20:09:12+00:00 /home/poseidon/pegasus-5.1.0panorama/bin/../bin/pegasus-transfer  --threads 2,1.1,0,0,,,,,,,,,
register_condorpool_0_0_pegasus-plan_ID0000012,None,auxiliary,0,1677528797.0,,,1677528812.0,,,0.0,1677528814.0,1677528817.0,,,0.0,1677528817.0,1677528822.0,15.0,,2.0,3.0,5.0,,,,,poseidon,local,host-10-100-100-12.openstacklocal,pegasus::rc-client,/home/poseidon/pegasus-5.1.0panorama/bin/pegasus-rc-client,"-n pegasus::rc-client -N null -R local  -L xgboost_hp_tuning_group_0 -T 2023-02-27T20:09:12+00:00 /home/poseidon/pegasus-5.1.0panorama/bin/pegasus-rc-client --prefix pegasus.catalog.replica.output --conf /home/poseidon/workflows/predict-future-sales-workflow/submit/poseidon/pegasus/predict-future-sales/run0269/00/00/./xgboost_hp_tuning_group_0.000/pegasus.7313915399832422813.properties -v --meta /home/poseidon/workflows/predict-future-sales-workflow/submit/poseidon/pegasus/predict-future-sales/run0269/00/00/./xgboost_hp_tuning_group_0.000/00/00/xgboost_hp_tuning_ID0000018.meta,/home/poseidon/workflows/predict-future-sales-workflow/submit/poseidon/pegasus/predict-future-sales/run0269/00/00/./xgboost_hp_tuning_group_0.000/00/00/xgboost_hp_tuning_ID0000002.meta,/home/poseidon/workflows/predict-future-sales-workflow/submit/poseidon/pegasus/predict-future-sales/run0269/00/00/./xgboost_hp_tuning_group_0.000/00/00/xgboost_hp_tuning_ID0000005.meta,/home/poseidon/workflows/predict-future-sales-workflow/submit/poseidon/pegasus/predict-future-sales/run0269/00/00/./xgboost_hp_tuning_group_0.000/00/00/xgboost_hp_tuning_ID0000009.meta,/home/poseidon/workflows/predict-future-sales-workflow/submit/poseidon/pegasus/predict-future-sales/run0269/00/00/./xgboost_hp_tuning_group_0.000/00/00/xgboost_hp_tuning_ID0000015.meta,/home/poseidon/workflows/predict-future-sales-workflow/submit/poseidon/pegasus/predict-future-sales/run0269/00/00/./xgboost_hp_tuning_group_0.000/00/00/xgboost_hp_tuning_ID0000012.meta,/home/poseidon/workflows/predict-future-sales-workflow/submit/poseidon/pegasus/predict-future-sales/run0269/00/00/./xgboost_hp_tuning_group_0.000/00/00/xgboost_hp_tuning_ID0000010.meta,/home/poseidon/workflows/predict-future-sales-workflow/submit/poseidon/pegasus/predict-future-sales/run0269/00/00/./xgboost_hp_tuning_group_0.000/00/00/xgboost_hp_tuning_ID0000008.meta --insert /home/poseidon/workflows/predict-future-sales-workflow/submit/poseidon/pegasus/predict-future-sales/run0269/00/00/./xgboost_hp_tuning_group_0.000/00/00/register_condorpool_0_0.in",3.0,0,0,,,,,,,,,
register_condorpool_0_2_pegasus-plan_ID0000012,None,auxiliary,0,1677528797.0,,,1677528802.0,,,0.0,1677528803.0,1677528807.0,,,0.0,1677528807.0,1677528812.0,5.0,,1.0,4.0,5.0,,,,,poseidon,local,host-10-100-100-12.openstacklocal,pegasus::rc-client,/home/poseidon/pegasus-5.1.0panorama/bin/pegasus-rc-client,"-n pegasus::rc-client -N null -R local  -L xgboost_hp_tuning_group_0 -T 2023-02-27T20:09:12+00:00 /home/poseidon/pegasus-5.1.0panorama/bin/pegasus-rc-client --prefix pegasus.catalog.replica.output --conf /home/poseidon/workflows/predict-future-sales-workflow/submit/poseidon/pegasus/predict-future-sales/run0269/00/00/./xgboost_hp_tuning_group_0.000/pegasus.7313915399832422813.properties -v --meta /home/poseidon/workflows/predict-future-sales-workflow/submit/poseidon/pegasus/predict-future-sales/run0269/00/00/./xgboost_hp_tuning_group_0.000/00/00/xgboost_hp_tuning_ID0000017.meta,/home/poseidon/workflows/predict-future-sales-workflow/submit/poseidon/pegasus/predict-future-sales/run0269/00/00/./xgboost_hp_tuning_group_0.000/00/00/xgboost_hp_tuning_ID0000022.meta,/home/poseidon/workflows/predict-future-sales-workflow/submit/poseidon/pegasus/predict-future-sales/run0269/00/00/./xgboost_hp_tuning_group_0.000/00/00/xgboost_hp_tuning_ID0000007.meta,/home/poseidon/workflows/predict-future-sales-workflow/submit/poseidon/pegasus/predict-future-sales/run0269/00/00/./xgboost_hp_tuning_group_0.000/00/00/xgboost_hp_tuning_ID0000020.meta,/home/poseidon/workflows/predict-future-sales-workflow/submit/poseidon/pegasus/predict-future-sales/run0269/00/00/./xgboost_hp_tuning_group_0.000/00/00/xgboost_hp_tuning_ID0000001.meta,/home/poseidon/workflows/predict-future-sales-workflow/submit/poseidon/pegasus/predict-future-sales/run0269/00/00/./xgboost_hp_tuning_group_0.000/00/00/xgboost_hp_tuning_ID0000004.meta,/home/poseidon/workflows/predict-future-sales-workflow/submit/poseidon/pegasus/predict-future-sales/run0269/00/00/./xgboost_hp_tuning_group_0.000/00/00/xgboost_hp_tuning_ID0000014.meta --insert /home/poseidon/workflows/predict-future-sales-workflow/submit/poseidon/pegasus/predict-future-sales/run0269/00/00/./xgboost_hp_tuning_group_0.000/00/00/register_condorpool_0_2.in",3.1,0,0,,,,,,,,,
xgboost_model_ID0000017,cpu_3,compute,0,1677528800.0,,,1677528805.0,1677529085.0,1677529103.0,45684614.8,1677529132.0,1677529175.0,1677529114.0,1677529118.0,96533.0,1677529175.0,1677529180.0,5.0,,327.0,43.0,5.0,18.0,377645131.0,4.0,416885.0,poseidon,condorpool,poseidon-worker-2-container-16-23,xgboost_model,/srv/xgboost_model,,13.8,0,0,,,,,,,,,
register_condorpool_0_1_pegasus-plan_ID0000012,None,auxiliary,0,1677528812.0,,,1677528822.0,,,0.0,1677528822.0,1677528827.0,,,0.0,1677528827.0,1677528832.0,10.0,,0.0,5.0,5.0,,,,,poseidon,local,host-10-100-100-12.openstacklocal,pegasus::rc-client,/home/poseidon/pegasus-5.1.0panorama/bin/pegasus-rc-client,"-n pegasus::rc-client -N null -R local  -L xgboost_hp_tuning_group_0 -T 2023-02-27T20:09:12+00:00 /home/poseidon/pegasus-5.1.0panorama/bin/pegasus-rc-client --prefix pegasus.catalog.replica.output --conf /home/poseidon/workflows/predict-future-sales-workflow/submit/poseidon/pegasus/predict-future-sales/run0269/00/00/./xgboost_hp_tuning_group_0.000/pegasus.7313915399832422813.properties -v --meta /home/poseidon/workflows/predict-future-sales-workflow/submit/poseidon/pegasus/predict-future-sales/run0269/00/00/./xgboost_hp_tuning_group_0.000/00/00/xgboost_hp_tuning_ID0000013.meta,/home/poseidon/workflows/predict-future-sales-workflow/submit/poseidon/pegasus/predict-future-sales/run0269/00/00/./xgboost_hp_tuning_group_0.000/00/00/xgboost_hp_tuning_ID0000023.meta,/home/poseidon/workflows/predict-future-sales-workflow/submit/poseidon/pegasus/predict-future-sales/run0269/00/00/./xgboost_hp_tuning_group_0.000/00/00/xgboost_hp_tuning_ID0000011.meta,/home/poseidon/workflows/predict-future-sales-workflow/submit/poseidon/pegasus/predict-future-sales/run0269/00/00/./xgboost_hp_tuning_group_0.000/00/00/xgboost_hp_tuning_ID0000006.meta,/home/poseidon/workflows/predict-future-sales-workflow/submit/poseidon/pegasus/predict-future-sales/run0269/00/00/./xgboost_hp_tuning_group_0.000/00/00/xgboost_hp_tuning_ID0000003.meta,/home/poseidon/workflows/predict-future-sales-workflow/submit/poseidon/pegasus/predict-future-sales/run0269/00/00/./xgboost_hp_tuning_group_0.000/00/00/xgboost_hp_tuning_ID0000021.meta,/home/poseidon/workflows/predict-future-sales-workflow/submit/poseidon/pegasus/predict-future-sales/run0269/00/00/./xgboost_hp_tuning_group_0.000/00/00/xgboost_hp_tuning_ID0000019.meta,/home/poseidon/workflows/predict-future-sales-workflow/submit/poseidon/pegasus/predict-future-sales/run0269/00/00/./xgboost_hp_tuning_group_0.000/00/00/xgboost_hp_tuning_ID0000016.meta --insert /home/poseidon/workflows/predict-future-sales-workflow/submit/poseidon/pegasus/predict-future-sales/run0269/00/00/./xgboost_hp_tuning_group_0.000/00/00/register_condorpool_0_1.in",2.9,0,0,,,,,,,,,
stage_out_local_condorpool_1_0_pegasus-plan_ID0000012,None,transfer,0,1677529177.0,,,1677529182.0,,,0.0,1677529182.0,1677529192.0,1677529183.0,1677529187.0,1246.0,1677529192.0,1677529197.0,5.0,,0.0,10.0,5.0,,,4.0,5385.0,poseidon,local,host-10-100-100-12.openstacklocal,pegasus::transfer,/home/poseidon/pegasus-5.1.0panorama/bin/pegasus-transfer,/home/poseidon/pegasus-5.1.0panorama/bin/../bin/pegasus-kickstart  -n pegasus::transfer -N null -i - -R local  -L xgboost_hp_tuning_group_0 -T 2023-02-27T20:09:12+00:00 /home/poseidon/pegasus-5.1.0panorama/bin/../bin/pegasus-transfer  --threads 2,0.7,0,0,,,,,,,,,
model_predict_ID0000018,None,compute,0,1677529180.0,,,1677529185.0,1677529140.0,1677529156.0,44889924.0,1677529187.0,1677529225.0,1677529164.0,1677529168.0,6111.0,1677529225.0,1677529230.0,5.0,,2.0,38.0,5.0,16.0,368518962.0,4.0,25035.0,poseidon,condorpool,poseidon-worker-3-container-0-7,model_predict,/srv/model_predict,,2.5,0,0,,,,,,,,,
register_condorpool_1_0_pegasus-plan_ID0000012,None,auxiliary,0,1677529197.0,,,1677529202.0,,,0.0,1677529202.0,1677529207.0,,,0.0,1677529207.0,1677529212.0,5.0,,0.0,5.0,5.0,,,,,poseidon,local,host-10-100-100-12.openstacklocal,pegasus::rc-client,/home/poseidon/pegasus-5.1.0panorama/bin/pegasus-rc-client,-n pegasus::rc-client -N null -R local  -L xgboost_hp_tuning_group_0 -T 2023-02-27T20:09:12+00:00 /home/poseidon/pegasus-5.1.0panorama/bin/pegasus-rc-client --prefix pegasus.catalog.replica.output --conf /home/poseidon/workflows/predict-future-sales-workflow/submit/poseidon/pegasus/predict-future-sales/run0269/00/00/./xgboost_hp_tuning_group_0.000/pegasus.7313915399832422813.properties -v --meta /home/poseidon/workflows/predict-future-sales-workflow/submit/poseidon/pegasus/predict-future-sales/run0269/00/00/./xgboost_hp_tuning_group_0.000/00/00/xgboost_best_params_ID0000024.meta --insert /home/poseidon/workflows/predict-future-sales-workflow/submit/poseidon/pegasus/predict-future-sales/run0269/00/00/./xgboost_hp_tuning_group_0.000/00/00/register_condorpool_1_0.in,3.0,0,0,,,,,,,,,
xgboost_model_ID0000013,cpu_3,compute,0,1677529215.0,,,1677529220.0,1677529175.0,1677529194.0,51299996.7,1677529222.0,1677529270.0,1677529207.0,1677529212.0,209421.0,1677529270.0,1677529275.0,5.0,,2.0,48.0,5.0,19.0,502671207.0,5.0,902211.0,poseidon,condorpool,poseidon-worker-2-container-40-47,xgboost_model,/srv/xgboost_model,,21.6,0,0,,,,,,,,,
model_predict_ID0000014,None,compute,0,1677529275.0,,,1677529280.0,1677529234.0,1677529252.0,45163304.5,1677529281.0,1677529320.0,1677529260.0,1677529264.0,107305.0,1677529320.0,1677529325.0,5.0,,1.0,39.0,5.0,18.0,371089523.0,4.0,451213.0,poseidon,condorpool,poseidon-worker-3-container-0-7,model_predict,/srv/model_predict,,2.6,0,0,,,,,,,,,
stage_out_local_condorpool_0_2_pegasus-plan_ID0000020,None,transfer,0,1677529522.0,,,1677529527.0,,,0.0,1677529527.0,1677529542.0,1677529528.0,1677529532.0,1842.0,1677529542.0,1677529547.0,5.0,,0.0,15.0,5.0,,,4.0,7426.0,poseidon,local,host-10-100-100-12.openstacklocal,pegasus::transfer,/home/poseidon/pegasus-5.1.0panorama/bin/pegasus-transfer,/home/poseidon/pegasus-5.1.0panorama/bin/../bin/pegasus-kickstart  -n pegasus::transfer -N null -i - -R local  -L xgboost_hp_tuning_group_2 -T 2023-02-27T20:09:12+00:00 /home/poseidon/pegasus-5.1.0panorama/bin/../bin/pegasus-transfer  --threads 2,0.9,0,0,,,,,,,,,
stage_out_local_condorpool_0_0_pegasus-plan_ID0000020,None,transfer,0,1677529542.0,,,1677529547.0,,,0.0,1677529547.0,1677529557.0,1677529547.0,1677529551.0,2101.0,1677529557.0,1677529562.0,5.0,,0.0,10.0,5.0,,,4.0,8467.0,poseidon,local,host-10-100-100-12.openstacklocal,pegasus::transfer,/home/poseidon/pegasus-5.1.0panorama/bin/pegasus-transfer,/home/poseidon/pegasus-5.1.0panorama/bin/../bin/pegasus-kickstart  -n pegasus::transfer -N null -i - -R local  -L xgboost_hp_tuning_group_2 -T 2023-02-27T20:09:12+00:00 /home/poseidon/pegasus-5.1.0panorama/bin/../bin/pegasus-transfer  --threads 2,1.0,0,0,,,,,,,,,
register_condorpool_0_2_pegasus-plan_ID0000020,None,auxiliary,0,1677529547.0,,,1677529552.0,,,0.0,1677529552.0,1677529557.0,,,0.0,1677529557.0,1677529562.0,5.0,,0.0,5.0,5.0,,,,,poseidon,local,host-10-100-100-12.openstacklocal,pegasus::rc-client,/home/poseidon/pegasus-5.1.0panorama/bin/pegasus-rc-client,"-n pegasus::rc-client -N null -R local  -L xgboost_hp_tuning_group_2 -T 2023-02-27T20:09:12+00:00 /home/poseidon/pegasus-5.1.0panorama/bin/pegasus-rc-client --prefix pegasus.catalog.replica.output --conf /home/poseidon/workflows/predict-future-sales-workflow/submit/poseidon/pegasus/predict-future-sales/run0269/00/00/./xgboost_hp_tuning_group_2.000/pegasus.15735284623174817971.properties -v --meta /home/poseidon/workflows/predict-future-sales-workflow/submit/poseidon/pegasus/predict-future-sales/run0269/00/00/./xgboost_hp_tuning_group_2.000/00/00/xgboost_hp_tuning_ID0000017.meta,/home/poseidon/workflows/predict-future-sales-workflow/submit/poseidon/pegasus/predict-future-sales/run0269/00/00/./xgboost_hp_tuning_group_2.000/00/00/xgboost_hp_tuning_ID0000022.meta,/home/poseidon/workflows/predict-future-sales-workflow/submit/poseidon/pegasus/predict-future-sales/run0269/00/00/./xgboost_hp_tuning_group_2.000/00/00/xgboost_hp_tuning_ID0000007.meta,/home/poseidon/workflows/predict-future-sales-workflow/submit/poseidon/pegasus/predict-future-sales/run0269/00/00/./xgboost_hp_tuning_group_2.000/00/00/xgboost_hp_tuning_ID0000020.meta,/home/poseidon/workflows/predict-future-sales-workflow/submit/poseidon/pegasus/predict-future-sales/run0269/00/00/./xgboost_hp_tuning_group_2.000/00/00/xgboost_hp_tuning_ID0000001.meta,/home/poseidon/workflows/predict-future-sales-workflow/submit/poseidon/pegasus/predict-future-sales/run0269/00/00/./xgboost_hp_tuning_group_2.000/00/00/xgboost_hp_tuning_ID0000004.meta,/home/poseidon/workflows/predict-future-sales-workflow/submit/poseidon/pegasus/predict-future-sales/run0269/00/00/./xgboost_hp_tuning_group_2.000/00/00/xgboost_hp_tuning_ID0000014.meta --insert /home/poseidon/workflows/predict-future-sales-workflow/submit/poseidon/pegasus/predict-future-sales/run0269/00/00/./xgboost_hp_tuning_group_2.000/00/00/register_condorpool_0_2.in",3.0,0,0,,,,,,,,,
register_condorpool_0_0_pegasus-plan_ID0000020,None,auxiliary,0,1677529562.0,,,1677529567.0,,,0.0,1677529567.0,1677529572.0,,,0.0,1677529572.0,1677529577.0,5.0,,0.0,5.0,5.0,,,,,poseidon,local,host-10-100-100-12.openstacklocal,pegasus::rc-client,/home/poseidon/pegasus-5.1.0panorama/bin/pegasus-rc-client,"-n pegasus::rc-client -N null -R local  -L xgboost_hp_tuning_group_2 -T 2023-02-27T20:09:12+00:00 /home/poseidon/pegasus-5.1.0panorama/bin/pegasus-rc-client --prefix pegasus.catalog.replica.output --conf /home/poseidon/workflows/predict-future-sales-workflow/submit/poseidon/pegasus/predict-future-sales/run0269/00/00/./xgboost_hp_tuning_group_2.000/pegasus.15735284623174817971.properties -v --meta /home/poseidon/workflows/predict-future-sales-workflow/submit/poseidon/pegasus/predict-future-sales/run0269/00/00/./xgboost_hp_tuning_group_2.000/00/00/xgboost_hp_tuning_ID0000018.meta,/home/poseidon/workflows/predict-future-sales-workflow/submit/poseidon/pegasus/predict-future-sales/run0269/00/00/./xgboost_hp_tuning_group_2.000/00/00/xgboost_hp_tuning_ID0000002.meta,/home/poseidon/workflows/predict-future-sales-workflow/submit/poseidon/pegasus/predict-future-sales/run0269/00/00/./xgboost_hp_tuning_group_2.000/00/00/xgboost_hp_tuning_ID0000005.meta,/home/poseidon/workflows/predict-future-sales-workflow/submit/poseidon/pegasus/predict-future-sales/run0269/00/00/./xgboost_hp_tuning_group_2.000/00/00/xgboost_hp_tuning_ID0000009.meta,/home/poseidon/workflows/predict-future-sales-workflow/submit/poseidon/pegasus/predict-future-sales/run0269/00/00/./xgboost_hp_tuning_group_2.000/00/00/xgboost_hp_tuning_ID0000015.meta,/home/poseidon/workflows/predict-future-sales-workflow/submit/poseidon/pegasus/predict-future-sales/run0269/00/00/./xgboost_hp_tuning_group_2.000/00/00/xgboost_hp_tuning_ID0000012.meta,/home/poseidon/workflows/predict-future-sales-workflow/submit/poseidon/pegasus/predict-future-sales/run0269/00/00/./xgboost_hp_tuning_group_2.000/00/00/xgboost_hp_tuning_ID0000010.meta,/home/poseidon/workflows/predict-future-sales-workflow/submit/poseidon/pegasus/predict-future-sales/run0269/00/00/./xgboost_hp_tuning_group_2.000/00/00/xgboost_hp_tuning_ID0000008.meta --insert /home/poseidon/workflows/predict-future-sales-workflow/submit/poseidon/pegasus/predict-future-sales/run0269/00/00/./xgboost_hp_tuning_group_2.000/00/00/register_condorpool_0_0.in",3.0,0,0,,,,,,,,,
xgboost_best_params_ID0000024_pegasus-plan_ID0000020,None,compute,0,1677529587.0,,,1677529592.0,1677529546.0,1677529563.0,39868486.3,1677529593.0,1677529632.0,1677529569.0,1677529573.0,260.0,1677529632.0,1677529637.0,5.0,,1.0,39.0,5.0,17.0,368018664.0,4.0,1058.0,poseidon,condorpool,poseidon-worker-3-container-8-15,xgboost_best_params,/srv/xgboost_best_params,,0.0,0,0,,,,,,,,,
stage_out_local_condorpool_0_1_pegasus-plan_ID0000020,None,transfer,0,1677529587.0,,,1677529592.0,,,0.0,1677529592.0,1677529602.0,1677529592.0,1677529596.0,2108.0,1677529602.0,1677529607.0,5.0,,0.0,10.0,5.0,,,4.0,8502.0,poseidon,local,host-10-100-100-12.openstacklocal,pegasus::transfer,/home/poseidon/pegasus-5.1.0panorama/bin/pegasus-transfer,/home/poseidon/pegasus-5.1.0panorama/bin/../bin/pegasus-kickstart  -n pegasus::transfer -N null -i - -R local  -L xgboost_hp_tuning_group_2 -T 2023-02-27T20:09:12+00:00 /home/poseidon/pegasus-5.1.0panorama/bin/../bin/pegasus-transfer  --threads 2,1.0,0,0,,,,,,,,,
register_condorpool_0_1_pegasus-plan_ID0000020,None,auxiliary,0,1677529607.0,,,1677529612.0,,,0.0,1677529612.0,1677529617.0,,,0.0,1677529617.0,1677529622.0,5.0,,0.0,5.0,5.0,,,,,poseidon,local,host-10-100-100-12.openstacklocal,pegasus::rc-client,/home/poseidon/pegasus-5.1.0panorama/bin/pegasus-rc-client,"-n pegasus::rc-client -N null -R local  -L xgboost_hp_tuning_group_2 -T 2023-02-27T20:09:12+00:00 /home/poseidon/pegasus-5.1.0panorama/bin/pegasus-rc-client --prefix pegasus.catalog.replica.output --conf /home/poseidon/workflows/predict-future-sales-workflow/submit/poseidon/pegasus/predict-future-sales/run0269/00/00/./xgboost_hp_tuning_group_2.000/pegasus.15735284623174817971.properties -v --meta /home/poseidon/workflows/predict-future-sales-workflow/submit/poseidon/pegasus/predict-future-sales/run0269/00/00/./xgboost_hp_tuning_group_2.000/00/00/xgboost_hp_tuning_ID0000013.meta,/home/poseidon/workflows/predict-future-sales-workflow/submit/poseidon/pegasus/predict-future-sales/run0269/00/00/./xgboost_hp_tuning_group_2.000/00/00/xgboost_hp_tuning_ID0000023.meta,/home/poseidon/workflows/predict-future-sales-workflow/submit/poseidon/pegasus/predict-future-sales/run0269/00/00/./xgboost_hp_tuning_group_2.000/00/00/xgboost_hp_tuning_ID0000011.meta,/home/poseidon/workflows/predict-future-sales-workflow/submit/poseidon/pegasus/predict-future-sales/run0269/00/00/./xgboost_hp_tuning_group_2.000/00/00/xgboost_hp_tuning_ID0000006.meta,/home/poseidon/workflows/predict-future-sales-workflow/submit/poseidon/pegasus/predict-future-sales/run0269/00/00/./xgboost_hp_tuning_group_2.000/00/00/xgboost_hp_tuning_ID0000003.meta,/home/poseidon/workflows/predict-future-sales-workflow/submit/poseidon/pegasus/predict-future-sales/run0269/00/00/./xgboost_hp_tuning_group_2.000/00/00/xgboost_hp_tuning_ID0000021.meta,/home/poseidon/workflows/predict-future-sales-workflow/submit/poseidon/pegasus/predict-future-sales/run0269/00/00/./xgboost_hp_tuning_group_2.000/00/00/xgboost_hp_tuning_ID0000019.meta,/home/poseidon/workflows/predict-future-sales-workflow/submit/poseidon/pegasus/predict-future-sales/run0269/00/00/./xgboost_hp_tuning_group_2.000/00/00/xgboost_hp_tuning_ID0000016.meta --insert /home/poseidon/workflows/predict-future-sales-workflow/submit/poseidon/pegasus/predict-future-sales/run0269/00/00/./xgboost_hp_tuning_group_2.000/00/00/register_condorpool_0_1.in",2.9,0,0,,,,,,,,,
stage_out_local_condorpool_1_0_pegasus-plan_ID0000020,None,transfer,0,1677529637.0,,,1677529642.0,,,0.0,1677529642.0,1677529652.0,1677529642.0,1677529646.0,1261.0,1677529652.0,1677529657.0,5.0,,0.0,10.0,5.0,,,4.0,5290.0,poseidon,local,host-10-100-100-12.openstacklocal,pegasus::transfer,/home/poseidon/pegasus-5.1.0panorama/bin/pegasus-transfer,/home/poseidon/pegasus-5.1.0panorama/bin/../bin/pegasus-kickstart  -n pegasus::transfer -N null -i - -R local  -L xgboost_hp_tuning_group_2 -T 2023-02-27T20:09:12+00:00 /home/poseidon/pegasus-5.1.0panorama/bin/../bin/pegasus-transfer  --threads 2,0.7,0,0,,,,,,,,,
register_condorpool_1_0_pegasus-plan_ID0000020,None,auxiliary,0,1677529657.0,,,1677529662.0,,,0.0,1677529662.0,1677529667.0,,,0.0,1677529667.0,1677529672.0,5.0,,0.0,5.0,5.0,,,,,poseidon,local,host-10-100-100-12.openstacklocal,pegasus::rc-client,/home/poseidon/pegasus-5.1.0panorama/bin/pegasus-rc-client,-n pegasus::rc-client -N null -R local  -L xgboost_hp_tuning_group_2 -T 2023-02-27T20:09:12+00:00 /home/poseidon/pegasus-5.1.0panorama/bin/pegasus-rc-client --prefix pegasus.catalog.replica.output --conf /home/poseidon/workflows/predict-future-sales-workflow/submit/poseidon/pegasus/predict-future-sales/run0269/00/00/./xgboost_hp_tuning_group_2.000/pegasus.15735284623174817971.properties -v --meta /home/poseidon/workflows/predict-future-sales-workflow/submit/poseidon/pegasus/predict-future-sales/run0269/00/00/./xgboost_hp_tuning_group_2.000/00/00/xgboost_best_params_ID0000024.meta --insert /home/poseidon/workflows/predict-future-sales-workflow/submit/poseidon/pegasus/predict-future-sales/run0269/00/00/./xgboost_hp_tuning_group_2.000/00/00/register_condorpool_1_0.in,3.0,0,0,,,,,,,,,
xgboost_model_ID0000021,cpu_3,compute,0,1677529675.0,,,1677529680.0,1677529636.0,1677529666.0,75137647.8,1677529683.0,1677529871.0,1677529807.0,1677529812.0,3274312.0,1677529871.0,1677529876.0,5.0,,3.0,188.0,5.0,30.0,1691152079.0,5.0,14978015.0,poseidon,condorpool,poseidon-worker-2-container-40-47,xgboost_model,/srv/xgboost_model,,529.0,0,0,0.1,1348842534.0,24449.0,5373.0,8.0,510.1,11.7,10375711.8,2444.9
stage_out_local_local_5_0,None,transfer,0,1677529675.0,,,1677529680.0,,,0.0,1677529681.0,1677529691.0,1677529681.0,1677529685.0,793.0,1677529691.0,1677529696.0,5.0,,1.0,10.0,5.0,,,4.0,3199.0,poseidon,local,host-10-100-100-12.openstacklocal,pegasus::transfer,/home/poseidon/pegasus-5.1.0panorama/bin/pegasus-transfer,pegasus-kickstart  -n pegasus::transfer -N null -i - -R local  -L predict-future-sales -T 2023-02-17T19:59:06+00:00 pegasus-transfer  --threads 2,0.3,0,0,,,,,,,,,
cleanup_predict-future-sales_0_local,None,auxiliary,0,1677529696.0,,,1677529701.0,,,0.0,1677529701.0,1677529711.0,,,0.0,1677529711.0,1677529716.0,5.0,,0.0,10.0,5.0,,,,,poseidon,local,host-10-100-100-12.openstacklocal,pegasus::cleanup,/home/poseidon/pegasus-5.1.0panorama/bin/pegasus-transfer,pegasus-kickstart  -n pegasus::cleanup -N null -i - -R local  -L predict-future-sales -T 2023-02-17T19:59:06+00:00 pegasus-transfer,0.3,0,0,,,,,,,,,
stage_out_local_condorpool_6_0,None,transfer,0,1677529876.0,,,1677529881.0,,,0.0,1677529881.0,1677529891.0,1677529882.0,1677529886.0,4041381.0,1677529891.0,1677529896.0,5.0,,0.0,10.0,5.0,,,4.0,16297111.0,poseidon,local,host-10-100-100-12.openstacklocal,pegasus::transfer,/home/poseidon/pegasus-5.1.0panorama/bin/pegasus-transfer,pegasus-kickstart  -n pegasus::transfer -N null -i - -R local  -L predict-future-sales -T 2023-02-17T19:59:06+00:00 pegasus-transfer  --threads 2,0.9,0,0,,,,,,,,,
model_predict_ID0000022,cpu_3,compute,0,1677529876.0,,,1677529881.0,1677529836.0,1677529854.0,44190149.0,1677529883.0,1677529926.0,1677529862.0,1677529866.0,1270328.0,1677529926.0,1677529931.0,5.0,,2.0,43.0,5.0,18.0,409982564.0,4.0,5523764.0,poseidon,condorpool,poseidon-worker-2-container-40-47,model_predict,/srv/model_predict,,3.5,0,0,,,,,,,,,
stage_out_local_condorpool_7_0,None,transfer,0,1677529931.0,,,1677529936.0,,,0.0,1677529936.0,1677529946.0,1677529936.0,1677529940.0,1488774.0,1677529946.0,1677529951.0,5.0,,0.0,10.0,5.0,,,4.0,6000012.0,poseidon,local,host-10-100-100-12.openstacklocal,pegasus::transfer,/home/poseidon/pegasus-5.1.0panorama/bin/pegasus-transfer,pegasus-kickstart  -n pegasus::transfer -N null -i - -R local  -L predict-future-sales -T 2023-02-17T19:59:06+00:00 pegasus-transfer  --threads 2,0.6,0,0,,,,,,,,,
predict_merge_ID0000023,cpu_3,compute,0,1677529931.0,,,1677529936.0,1677529890.0,1677529907.0,40790555.0,1677529937.0,1677529976.0,1677529914.0,1677529919.0,864393.0,1677529976.0,1677529981.0,5.0,,1.0,39.0,5.0,17.0,377176763.0,5.0,3750463.0,poseidon,condorpool,poseidon-worker-2-container-40-47,predict_merge,/srv/predict_merge,,1.1,0,0,,,,,,,,,
stage_out_local_condorpool_8_0,None,transfer,0,1677529981.0,,,1677529986.0,,,0.0,1677529986.0,1677529996.0,1677529987.0,1677529989.0,1731092.0,1677529996.0,1677530001.0,5.0,,0.0,10.0,5.0,,,2.0,3750463.0,poseidon,local,host-10-100-100-12.openstacklocal,pegasus::transfer,/home/poseidon/pegasus-5.1.0panorama/bin/pegasus-transfer,pegasus-kickstart  -n pegasus::transfer -N null -i - -R local  -L predict-future-sales -T 2023-02-17T19:59:06+00:00 pegasus-transfer  --threads 2,0.4,0,0,,,,,,,,,
cleanup_predict-future-sales_0_condorpool,None,auxiliary,0,1677530001.0,,,1677530006.0,,,0.0,1677530007.0,1677530017.0,,,0.0,1677530017.0,1677530022.0,5.0,,1.0,10.0,5.0,,,,,poseidon,local,host-10-100-100-12.openstacklocal,pegasus::cleanup,/home/poseidon/pegasus-5.1.0panorama/bin/pegasus-transfer,pegasus-kickstart  -n pegasus::cleanup -N null -i - -R local  -L predict-future-sales -T 2023-02-17T19:59:06+00:00 pegasus-transfer,0.3,0,0,,,,,,,,,
