,anomaly_type,type,is_clustered,ready,pre_script_start,pre_script_end,submit,stage_in_start,stage_in_end,stage_in_effective_bytes_per_sec,execute_start,execute_end,stage_out_start,stage_out_end,stage_out_effective_bytes_per_sec,post_script_start,post_script_end,wms_delay,pre_script_delay,queue_delay,runtime,post_script_delay,stage_in_delay,stage_in_bytes,stage_out_delay,stage_out_bytes,kickstart_user,kickstart_site,kickstart_hostname,kickstart_transformations,kickstart_executables,kickstart_executables_argv,kickstart_executables_cpu_time,kickstart_status,kickstart_executables_exitcode,kickstart_online_iowait,kickstart_online_bytes_read,kickstart_online_bytes_written,kickstart_online_read_system_calls,kickstart_online_write_system_calls,kickstart_online_utime,kickstart_online_stime,kickstart_online_bytes_read_per_second,kickstart_online_bytes_written_per_second
create_dir_predict-future-sales_0_local,None,auxiliary,0,1677732422.0,,,1677732423.0,,,0.0,1677732427.0,1677732433.0,,,0.0,1677732433.0,1677732438.0,1.0,,4.0,6.0,5.0,,,,,poseidon,local,host-10-100-100-12.openstacklocal,pegasus::dirmanager,/home/poseidon/pegasus-5.1.0panorama/bin/pegasus-transfer,pegasus-kickstart  -n pegasus::dirmanager -N null -i - -R local  -L predict-future-sales -T 2023-02-17T19:59:06+00:00 pegasus-transfer,0.3,0,0,,,,,,,,,
create_dir_predict-future-sales_0_condorpool,None,auxiliary,0,1677732422.0,,,1677732423.0,,,0.0,1677732427.0,1677732433.0,,,0.0,1677732433.0,1677732438.0,1.0,,4.0,6.0,5.0,,,,,poseidon,local,host-10-100-100-12.openstacklocal,pegasus::dirmanager,/home/poseidon/pegasus-5.1.0panorama/bin/pegasus-transfer,pegasus-kickstart  -n pegasus::dirmanager -N null -i - -R local  -L predict-future-sales -T 2023-02-17T19:59:06+00:00 pegasus-transfer,0.3,0,0,,,,,,,,,
stage_in_local_condorpool_6_0,None,transfer,0,1677732438.0,,,1677732443.0,1677732444.0,1677732447.0,2290.0,1677732443.0,1677732453.0,,,0.0,1677732453.0,1677732458.0,5.0,,0.0,10.0,5.0,3.0,7870.0,,,poseidon,local,host-10-100-100-12.openstacklocal,pegasus::transfer,/home/poseidon/pegasus-5.1.0panorama/bin/pegasus-transfer,pegasus-kickstart  -n pegasus::transfer -N null -i - -R local  -L predict-future-sales -T 2023-02-17T19:59:06+00:00 pegasus-transfer  --threads 2,0.4,0,0,,,,,,,,,
stage_in_local_condorpool_0_0,None,transfer,0,1677732438.0,,,1677732443.0,1677732444.0,1677732453.0,96098922.0,1677732443.0,1677732463.0,,,0.0,1677732463.0,1677732468.0,5.0,,0.0,20.0,5.0,9.0,936801734.0,,,poseidon,local,host-10-100-100-12.openstacklocal,pegasus::transfer,/home/poseidon/pegasus-5.1.0panorama/bin/pegasus-transfer,pegasus-kickstart  -n pegasus::transfer -N null -i - -R local  -L predict-future-sales -T 2023-02-17T19:59:06+00:00 pegasus-transfer  --threads 2,5.7,0,0,,,,,,,,,
stage_in_local_condorpool_1_0,None,transfer,0,1677732438.0,,,1677732443.0,1677732444.0,1677732448.0,3656.0,1677732443.0,1677732453.0,,,0.0,1677732453.0,1677732458.0,5.0,,0.0,10.0,5.0,4.0,15640.0,,,poseidon,local,host-10-100-100-12.openstacklocal,pegasus::transfer,/home/poseidon/pegasus-5.1.0panorama/bin/pegasus-transfer,pegasus-kickstart  -n pegasus::transfer -N null -i - -R local  -L predict-future-sales -T 2023-02-17T19:59:06+00:00 pegasus-transfer  --threads 2,0.6,0,0,,,,,,,,,
stage_in_local_condorpool_7_0,None,transfer,0,1677732438.0,,,1677732443.0,1677732444.0,1677732447.0,1010.0,1677732443.0,1677732453.0,,,0.0,1677732453.0,1677732458.0,5.0,,0.0,10.0,5.0,3.0,3488.0,,,poseidon,local,host-10-100-100-12.openstacklocal,pegasus::transfer,/home/poseidon/pegasus-5.1.0panorama/bin/pegasus-transfer,pegasus-kickstart  -n pegasus::transfer -N null -i - -R local  -L predict-future-sales -T 2023-02-17T19:59:06+00:00 pegasus-transfer  --threads 2,0.4,0,0,,,,,,,,,
stage_in_local_condorpool_3_0,None,transfer,0,1677732438.0,,,1677732443.0,1677732444.0,1677732448.0,2952.0,1677732443.0,1677732453.0,,,0.0,1677732453.0,1677732458.0,5.0,,0.0,10.0,5.0,4.0,12704.0,,,poseidon,local,host-10-100-100-12.openstacklocal,pegasus::transfer,/home/poseidon/pegasus-5.1.0panorama/bin/pegasus-transfer,pegasus-kickstart  -n pegasus::transfer -N null -i - -R local  -L predict-future-sales -T 2023-02-17T19:59:06+00:00 pegasus-transfer  --threads 2,0.6,0,0,,,,,,,,,
stage_in_local_condorpool_8_0,None,transfer,0,1677732438.0,,,1677732443.0,1677732444.0,1677732447.0,675.0,1677732443.0,1677732453.0,,,0.0,1677732453.0,1677732458.0,5.0,,0.0,10.0,5.0,3.0,2368.0,,,poseidon,local,host-10-100-100-12.openstacklocal,pegasus::transfer,/home/poseidon/pegasus-5.1.0panorama/bin/pegasus-transfer,pegasus-kickstart  -n pegasus::transfer -N null -i - -R local  -L predict-future-sales -T 2023-02-17T19:59:06+00:00 pegasus-transfer  --threads 2,0.5,0,0,,,,,,,,,
stage_in_local_local_4_0,None,transfer,0,1677732438.0,,,1677732443.0,1677732444.0,1677732446.0,5878.0,1677732443.0,1677732453.0,,,0.0,1677732453.0,1677732458.0,5.0,,0.0,10.0,5.0,2.0,12577.0,,,poseidon,local,host-10-100-100-12.openstacklocal,pegasus::transfer,/home/poseidon/pegasus-5.1.0panorama/bin/pegasus-transfer,pegasus-kickstart  -n pegasus::transfer -N null -i - -R local  -L predict-future-sales -T 2023-02-17T19:59:06+00:00 pegasus-transfer  --threads 2,0.4,0,0,,,,,,,,,
stage_in_local_condorpool_2_0,None,transfer,0,1677732438.0,,,1677732443.0,1677732444.0,1677732449.0,9839.0,1677732443.0,1677732458.0,,,0.0,1677732458.0,1677732463.0,5.0,,0.0,15.0,5.0,5.0,55480.0,,,poseidon,local,host-10-100-100-12.openstacklocal,pegasus::transfer,/home/poseidon/pegasus-5.1.0panorama/bin/pegasus-transfer,pegasus-kickstart  -n pegasus::transfer -N null -i - -R local  -L predict-future-sales -T 2023-02-17T19:59:06+00:00 pegasus-transfer  --threads 2,1.0,0,0,,,,,,,,,
preprocess_ID0000003,None,compute,0,1677732468.0,,,1677732473.0,1677732433.0,1677732453.0,42478067.0,1677732484.0,1677732533.0,1677732465.0,1677732472.0,21887033.0,1677732533.0,1677732538.0,5.0,,11.0,49.0,5.0,20.0,467356066.0,7.0,160257914.0,poseidon,condorpool,poseidon-worker-1-container-16-23,preprocess,/srv/preprocess,,4.4,0,0,,,,,,,,,
nlp_ID0000002,None,compute,0,1677732468.0,,,1677732473.0,1677732434.0,1677732452.0,41551342.2,1677732484.0,1677732758.0,1677732691.0,1677732696.0,577716.0,1677732758.0,1677732763.0,5.0,,11.0,274.0,5.0,18.0,369033604.0,5.0,2755872.0,poseidon,condorpool,poseidon-worker-1-container-0-7,nlp,/srv/nlp,,1411.3,0,0,0.1,21400519.0,8791.0,3060.0,5.0,1391.3,2.6,93045.7,879.1
eda_ID0000001,None,compute,0,1677732468.0,,,1677732473.0,1677732433.0,1677732453.0,45006239.0,1677732484.0,1677732558.0,1677732494.0,1677732498.0,269485.0,1677732558.0,1677732563.0,5.0,,11.0,74.0,5.0,20.0,464177772.0,4.0,1197724.0,poseidon,condorpool,poseidon-worker-2-container-40-47,eda,/srv/eda,,34.2,0,0,0.1,144679402.0,824952.0,27314.0,39.0,28.2,1.8,4822646.7,27498.4
feature_eng_0_ID0000004,None,compute,0,1677732538.0,,,1677732543.0,1677732495.0,1677732513.0,41769799.5,1677732545.0,1677732588.0,1677732524.0,1677732529.0,196754.0,1677732588.0,1677732593.0,5.0,,2.0,43.0,5.0,18.0,369949088.0,5.0,893320.0,poseidon,condorpool,poseidon-worker-1-container-16-23,feature_eng_0,/srv/feature_eng_0,,5.2,0,0,,,,,,,,,
feature_eng_1_ID0000005,None,compute,0,1677732538.0,,,1677732543.0,1677732507.0,1677732527.0,46136198.6,1677732557.0,1677732623.0,1677732551.0,1677732562.0,35932859.0,1677732623.0,1677732628.0,5.0,,14.0,66.0,5.0,20.0,528250191.0,11.0,393324463.0,poseidon,condorpool,poseidon-worker-2-container-40-47,feature_eng_1,/srv/feature_eng_1,,15.6,0,0,0.0,169610221.0,8.0,1723.0,1.0,7.9,2.0,16961022.1,0.8
feature_eng_4_ID0000008,None,compute,0,1677732628.0,,,1677732633.0,1677732594.0,1677732616.0,55337411.7,1677732644.0,1677732763.0,1677732679.0,1677732704.0,49174330.0,1677732763.0,1677732768.0,5.0,,11.0,119.0,5.0,22.0,761328752.0,25.0,1201824259.0,poseidon,condorpool,poseidon-worker-1-container-16-23,feature_eng_4,/srv/feature_eng_4,,50.3,0,0,0.0,402741041.0,939607464.0,1403.0,35.0,36.9,13.0,8054820.8,46980373.2
feature_eng_3_ID0000007,None,compute,0,1677732628.0,,,1677732633.0,1677732584.0,1677732608.0,54094453.8,1677732634.0,1677732813.0,1677732728.0,1677732752.0,48986598.0,1677732813.0,1677732818.0,5.0,,1.0,179.0,5.0,24.0,762217561.0,24.0,1179971921.0,poseidon,condorpool,poseidon-worker-1-container-16-23,feature_eng_3,/srv/feature_eng_3,,108.2,0,0,0.0,403651532.0,8.0,1492.0,1.0,68.9,31.1,4036515.3,0.8
feature_eng_2_ID0000006,None,compute,0,1677732628.0,,,1677732633.0,1677732593.0,1677732615.0,55801691.9,1677732644.0,1677733009.0,1677732915.0,1677732948.0,52242719.0,1677733009.0,1677733014.0,5.0,,11.0,365.0,5.0,22.0,761320658.0,33.0,1748107178.0,poseidon,condorpool,poseidon-worker-2-container-40-47,feature_eng_2,/srv/feature_eng_2,,285.5,0,0,0.0,402816317.0,8.0,1744.0,1.0,212.6,67.3,1438629.7,0.8
feature_eng_5_ID0000009,None,compute,0,1677732628.0,,,1677732633.0,1677732584.0,1677732607.0,55348915.3,1677732634.0,1677732919.0,1677732841.0,1677732856.0,42844905.0,1677732919.0,1677732924.0,5.0,,1.0,285.0,5.0,23.0,856820455.0,15.0,655540227.0,poseidon,condorpool,poseidon-worker-2-container-40-47,feature_eng_5,/srv/feature_eng_5,,223.4,0,0,0.0,498299240.0,8.0,2035.0,1.0,200.0,20.0,2264996.5,0.8
stage_out_local_condorpool_1_0,None,transfer,0,1677732628.0,,,1677732633.0,,,0.0,1677732633.0,1677732643.0,1677732633.0,1677732638.0,90456303.0,1677732643.0,1677732648.0,5.0,,0.0,10.0,5.0,,,5.0,394217783.0,poseidon,local,host-10-100-100-12.openstacklocal,pegasus::transfer,/home/poseidon/pegasus-5.1.0panorama/bin/pegasus-transfer,pegasus-kickstart  -n pegasus::transfer -N null -i - -R local  -L predict-future-sales -T 2023-02-17T19:59:06+00:00 pegasus-transfer  --threads 2,2.2,0,0,,,,,,,,,
register_condorpool_1_0,None,auxiliary,0,1677732648.0,,,1677732653.0,,,0.0,1677732653.0,1677732658.0,,,0.0,1677732658.0,1677732663.0,5.0,,0.0,5.0,5.0,,,,,poseidon,local,host-10-100-100-12.openstacklocal,pegasus::rc-client,/home/poseidon/pegasus-5.1.0panorama/bin/pegasus-rc-client,"pegasus-kickstart  -n pegasus::rc-client -N null -R local  -L predict-future-sales -T 2023-02-17T19:59:06+00:00 /home/poseidon/pegasus-5.1.0panorama/bin/pegasus-rc-client --prefix pegasus.catalog.replica.output --conf /home/poseidon/workflows/predict-future-sales-workflow/submit/poseidon/pegasus/predict-future-sales/run0353/pegasus.13529385908044308493.properties -v --meta /home/poseidon/workflows/predict-future-sales-workflow/submit/poseidon/pegasus/predict-future-sales/run0353/00/00/feature_eng_1_ID0000005.meta,/home/poseidon/workflows/predict-future-sales-workflow/submit/poseidon/pegasus/predict-future-sales/run0353/00/00/feature_eng_0_ID0000004.meta --insert /home/poseidon/workflows/predict-future-sales-workflow/submit/poseidon/pegasus/predict-future-sales/run0353/00/00/register_condorpool_1_0.in",3.0,0,0,,,,,,,,,
stage_out_local_condorpool_0_0,None,transfer,0,1677732763.0,,,1677732768.0,,,0.0,1677732768.0,1677732778.0,1677732768.0,1677732772.0,40748820.0,1677732778.0,1677732783.0,5.0,,0.0,10.0,5.0,,,4.0,164211510.0,poseidon,local,host-10-100-100-12.openstacklocal,pegasus::transfer,/home/poseidon/pegasus-5.1.0panorama/bin/pegasus-transfer,pegasus-kickstart  -n pegasus::transfer -N null -i - -R local  -L predict-future-sales -T 2023-02-17T19:59:06+00:00 pegasus-transfer  --threads 2,2.0,0,0,,,,,,,,,
register_condorpool_0_0,None,auxiliary,0,1677732783.0,,,1677732788.0,,,0.0,1677732788.0,1677732793.0,,,0.0,1677732793.0,1677732798.0,5.0,,0.0,5.0,5.0,,,,,poseidon,local,host-10-100-100-12.openstacklocal,pegasus::rc-client,/home/poseidon/pegasus-5.1.0panorama/bin/pegasus-rc-client,"pegasus-kickstart  -n pegasus::rc-client -N null -R local  -L predict-future-sales -T 2023-02-17T19:59:06+00:00 /home/poseidon/pegasus-5.1.0panorama/bin/pegasus-rc-client --prefix pegasus.catalog.replica.output --conf /home/poseidon/workflows/predict-future-sales-workflow/submit/poseidon/pegasus/predict-future-sales/run0353/pegasus.13529385908044308493.properties -v --meta /home/poseidon/workflows/predict-future-sales-workflow/submit/poseidon/pegasus/predict-future-sales/run0353/00/00/nlp_ID0000002.meta,/home/poseidon/workflows/predict-future-sales-workflow/submit/poseidon/pegasus/predict-future-sales/run0353/00/00/eda_ID0000001.meta,/home/poseidon/workflows/predict-future-sales-workflow/submit/poseidon/pegasus/predict-future-sales/run0353/00/00/preprocess_ID0000003.meta --insert /home/poseidon/workflows/predict-future-sales-workflow/submit/poseidon/pegasus/predict-future-sales/run0353/00/00/register_condorpool_0_0.in",3.0,0,0,,,,,,,,,
stage_out_local_condorpool_2_0,None,transfer,0,1677733014.0,,,1677733019.0,,,0.0,1677733019.0,1677733044.0,1677733019.0,1677733039.0,247235046.0,1677733044.0,1677733049.0,5.0,,0.0,25.0,5.0,,,20.0,4785443585.0,poseidon,local,host-10-100-100-12.openstacklocal,pegasus::transfer,/home/poseidon/pegasus-5.1.0panorama/bin/pegasus-transfer,pegasus-kickstart  -n pegasus::transfer -N null -i - -R local  -L predict-future-sales -T 2023-02-17T19:59:06+00:00 pegasus-transfer  --threads 2,20.8,0,0,,,,,,,,,
feature_merge_ID0000010,None,compute,0,1677733014.0,,,1677733019.0,1677732971.0,1677733044.0,77974437.0,1677733021.0,1677733249.0,1677733135.0,1677733190.0,54770047.0,1677733249.0,1677733254.0,5.0,,2.0,228.0,5.0,73.0,5155397110.0,55.0,2993643458.0,poseidon,condorpool,poseidon-worker-2-container-40-47,feature_merge,/srv/feature_merge,,60.9,0,0,0.0,4796861665.0,2064960888.0,1454.0,82.0,38.2,21.8,79947694.4,103248044.4
register_condorpool_2_0,None,auxiliary,0,1677733049.0,,,1677733054.0,,,0.0,1677733054.0,1677733059.0,,,0.0,1677733059.0,1677733064.0,5.0,,0.0,5.0,5.0,,,,,poseidon,local,host-10-100-100-12.openstacklocal,pegasus::rc-client,/home/poseidon/pegasus-5.1.0panorama/bin/pegasus-rc-client,"pegasus-kickstart  -n pegasus::rc-client -N null -R local  -L predict-future-sales -T 2023-02-17T19:59:06+00:00 /home/poseidon/pegasus-5.1.0panorama/bin/pegasus-rc-client --prefix pegasus.catalog.replica.output --conf /home/poseidon/workflows/predict-future-sales-workflow/submit/poseidon/pegasus/predict-future-sales/run0353/pegasus.13529385908044308493.properties -v --meta /home/poseidon/workflows/predict-future-sales-workflow/submit/poseidon/pegasus/predict-future-sales/run0353/00/00/feature_eng_5_ID0000009.meta,/home/poseidon/workflows/predict-future-sales-workflow/submit/poseidon/pegasus/predict-future-sales/run0353/00/00/feature_eng_2_ID0000006.meta,/home/poseidon/workflows/predict-future-sales-workflow/submit/poseidon/pegasus/predict-future-sales/run0353/00/00/feature_eng_3_ID0000007.meta,/home/poseidon/workflows/predict-future-sales-workflow/submit/poseidon/pegasus/predict-future-sales/run0353/00/00/feature_eng_4_ID0000008.meta --insert /home/poseidon/workflows/predict-future-sales-workflow/submit/poseidon/pegasus/predict-future-sales/run0353/00/00/register_condorpool_2_0.in",3.0,0,0,,,,,,,,,
stage_inter_local_xgboost_model_ID0000021_0,None,transfer,0,1677733254.0,,,1677733259.0,1677733259.0,1677733297.0,70310405.0,1677733259.0,1677733304.0,,,0.0,1677733304.0,1677733309.0,5.0,,0.0,45.0,5.0,38.0,2646308508.0,,,poseidon,local,host-10-100-100-12.openstacklocal,pegasus::transfer,/home/poseidon/pegasus-5.1.0panorama/bin/pegasus-transfer,pegasus-kickstart  -n pegasus::transfer -N null -i - -R local  -L predict-future-sales -T 2023-02-17T19:59:06+00:00 pegasus-transfer  --threads 2,9.4,0,0,,,,,,,,,
stage_inter_local_xgboost_hp_tuning_workflow_ID0000015_0,None,transfer,0,1677733254.0,,,1677733259.0,1677733259.0,1677733262.0,401.0,1677733259.0,1677733269.0,,,0.0,1677733269.0,1677733274.0,5.0,,0.0,10.0,5.0,3.0,826.0,,,poseidon,local,host-10-100-100-12.openstacklocal,pegasus::transfer,/home/poseidon/pegasus-5.1.0panorama/bin/pegasus-transfer,pegasus-kickstart  -n pegasus::transfer -N null -i - -R local  -L predict-future-sales -T 2023-02-17T19:59:06+00:00 pegasus-transfer  --threads 2,0.3,0,0,,,,,,,,,
stage_inter_local_model_predict_ID0000022_0,None,transfer,0,1677733254.0,,,1677733259.0,1677733259.0,1677733263.0,14605294.0,1677733259.0,1677733269.0,,,0.0,1677733269.0,1677733274.0,5.0,,0.0,10.0,5.0,4.0,54050130.0,,,poseidon,local,host-10-100-100-12.openstacklocal,pegasus::transfer,/home/poseidon/pegasus-5.1.0panorama/bin/pegasus-transfer,pegasus-kickstart  -n pegasus::transfer -N null -i - -R local  -L predict-future-sales -T 2023-02-17T19:59:06+00:00 pegasus-transfer  --threads 2,0.5,0,0,,,,,,,,,
stage_out_local_condorpool_3_0,None,transfer,0,1677733254.0,,,1677733259.0,,,0.0,1677733259.0,1677733289.0,1677733259.0,1677733282.0,130340618.0,1677733289.0,1677733294.0,5.0,,0.0,30.0,5.0,,,23.0,2993643458.0,poseidon,local,host-10-100-100-12.openstacklocal,pegasus::transfer,/home/poseidon/pegasus-5.1.0panorama/bin/pegasus-transfer,pegasus-kickstart  -n pegasus::transfer -N null -i - -R local  -L predict-future-sales -T 2023-02-17T19:59:06+00:00 pegasus-transfer  --threads 2,14.6,0,0,,,,,,,,,
stage_inter_local_xgboost_model_ID0000013_0,None,transfer,0,1677733254.0,,,1677733259.0,1677733259.0,1677733267.0,35890652.0,1677733259.0,1677733274.0,,,0.0,1677733274.0,1677733279.0,5.0,,0.0,15.0,5.0,8.0,269346726.0,,,poseidon,local,host-10-100-100-12.openstacklocal,pegasus::transfer,/home/poseidon/pegasus-5.1.0panorama/bin/pegasus-transfer,pegasus-kickstart  -n pegasus::transfer -N null -i - -R local  -L predict-future-sales -T 2023-02-17T19:59:06+00:00 pegasus-transfer  --threads 2,1.4,0,0,,,,,,,,,
stage_inter_local_model_predict_ID0000014_0,None,transfer,0,1677733254.0,,,1677733259.0,1677733259.0,1677733263.0,1260107.0,1677733259.0,1677733269.0,,,0.0,1677733269.0,1677733274.0,5.0,,0.0,10.0,5.0,4.0,4411696.0,,,poseidon,local,host-10-100-100-12.openstacklocal,pegasus::transfer,/home/poseidon/pegasus-5.1.0panorama/bin/pegasus-transfer,pegasus-kickstart  -n pegasus::transfer -N null -i - -R local  -L predict-future-sales -T 2023-02-17T19:59:06+00:00 pegasus-transfer  --threads 2,0.4,0,0,,,,,,,,,
xgboost_hp_tuning_workflow_ID0000015,None,compute,0,1677733274.0,,,1677733279.0,,,0.0,1677733279.0,1677733294.0,,,0.0,1677733294.0,1677733299.0,5.0,,0.0,15.0,5.0,,,,,poseidon,local,poseidon-submit.novalocal,xgboost_hp_tuning_workflow,/var/spool/condor/local_univ_execute/dir_1038494/xgboost_hp_tuning_workflow,/home/poseidon/workflows/predict-future-sales-workflow/submit/poseidon/pegasus/predict-future-sales/run0353/00/00/xgboost_hp_tuning_workflow_ID0000015.sh,0.1,0,0,,,,,,,,,
xgboost_hp_tuning_workflow_ID0000011,None,compute,0,1677733274.0,,,1677733279.0,,,0.0,1677733279.0,1677733299.0,,,0.0,1677733299.0,1677733304.0,5.0,,0.0,20.0,5.0,,,,,poseidon,local,poseidon-submit.novalocal,xgboost_hp_tuning_workflow,/var/spool/condor/local_univ_execute/dir_1038495/xgboost_hp_tuning_workflow,/home/poseidon/workflows/predict-future-sales-workflow/submit/poseidon/pegasus/predict-future-sales/run0353/00/00/xgboost_hp_tuning_workflow_ID0000011.sh,0.1,0,0,,,,,,,,,
xgboost_hp_tuning_workflow_ID0000019,None,compute,0,1677733274.0,,,1677733279.0,,,0.0,1677733279.0,1677733299.0,,,0.0,1677733299.0,1677733304.0,5.0,,0.0,20.0,5.0,,,,,poseidon,local,poseidon-submit.novalocal,xgboost_hp_tuning_workflow,/var/spool/condor/local_univ_execute/dir_1038498/xgboost_hp_tuning_workflow,/home/poseidon/workflows/predict-future-sales-workflow/submit/poseidon/pegasus/predict-future-sales/run0353/00/00/xgboost_hp_tuning_workflow_ID0000019.sh,0.1,0,0,,,,,,,,,
register_condorpool_3_0,None,auxiliary,0,1677733294.0,,,1677733299.0,,,0.0,1677733299.0,1677733304.0,,,0.0,1677733304.0,1677733309.0,5.0,,0.0,5.0,5.0,,,,,poseidon,local,host-10-100-100-12.openstacklocal,pegasus::rc-client,/home/poseidon/pegasus-5.1.0panorama/bin/pegasus-rc-client,pegasus-kickstart  -n pegasus::rc-client -N null -R local  -L predict-future-sales -T 2023-02-17T19:59:06+00:00 /home/poseidon/pegasus-5.1.0panorama/bin/pegasus-rc-client --prefix pegasus.catalog.replica.output --conf /home/poseidon/workflows/predict-future-sales-workflow/submit/poseidon/pegasus/predict-future-sales/run0353/pegasus.13529385908044308493.properties -v --meta /home/poseidon/workflows/predict-future-sales-workflow/submit/poseidon/pegasus/predict-future-sales/run0353/00/00/feature_merge_ID0000010.meta --insert /home/poseidon/workflows/predict-future-sales-workflow/submit/poseidon/pegasus/predict-future-sales/run0353/00/00/register_condorpool_3_0.in,2.9,0,0,,,,,,,,,
pegasus-plan_ID0000016,None,subwf,0,1677733299.0,1677733299.0,1677733310.0,1677733314.0,,,0.0,1677733314.0,1677733570.0,,,0.0,,,0.0,11.0,0.0,256.0,,,,,,poseidon,local,poseidon-submit,condor::dagman,/usr/bin/condor_dagman,-p 0  -f -l . -Notification never -Debug 3 -Lockfile xgboost_hp_tuning_group_1.dag.lock -Dag xgboost_hp_tuning_group_1.dag -AllowVersionMismatch  -AutoRescue 1 -DoRescueFrom 0,0.0,0,0,,,,,,,,,
pegasus-plan_ID0000012,None,subwf,0,1677733304.0,1677733304.0,1677733314.0,1677733319.0,,,0.0,1677733324.0,1677733965.0,,,0.0,,,0.0,10.0,5.0,641.0,,,,,,poseidon,local,poseidon-submit,condor::dagman,/usr/bin/condor_dagman,-p 0  -f -l . -Notification never -Debug 3 -Lockfile xgboost_hp_tuning_group_0.dag.lock -Dag xgboost_hp_tuning_group_0.dag -AllowVersionMismatch  -AutoRescue 1 -DoRescueFrom 0,0.0,0,0,,,,,,,,,
stage_out_local_local_4_0,None,transfer,0,1677733304.0,,,1677733309.0,,,0.0,1677733309.0,1677733319.0,1677733309.0,1677733313.0,21083.0,1677733319.0,1677733324.0,5.0,,0.0,10.0,5.0,,,4.0,85038.0,poseidon,local,host-10-100-100-12.openstacklocal,pegasus::transfer,/home/poseidon/pegasus-5.1.0panorama/bin/pegasus-transfer,pegasus-kickstart  -n pegasus::transfer -N null -i - -R local  -L predict-future-sales -T 2023-02-17T19:59:06+00:00 pegasus-transfer  --threads 2,0.6,0,0,,,,,,,,,
pegasus-plan_ID0000020,None,subwf,0,1677733304.0,1677733304.0,1677733314.0,1677733319.0,,,0.0,1677733324.0,1677734515.0,,,0.0,,,0.0,10.0,5.0,1191.0,,,,,,poseidon,local,poseidon-submit,condor::dagman,/usr/bin/condor_dagman,-p 0  -f -l . -Notification never -Debug 3 -Lockfile xgboost_hp_tuning_group_2.dag.lock -Dag xgboost_hp_tuning_group_2.dag -AllowVersionMismatch  -AutoRescue 1 -DoRescueFrom 0,0.0,0,0,,,,,,,,,
create_dir_predict-future-sales-hp-tuning_0_condorpool_pegasus-plan_ID0000016,None,auxiliary,0,1677733314.0,,,1677733315.0,,,0.0,1677733318.0,1677733325.0,,,0.0,1677733325.0,1677733330.0,1.0,,3.0,7.0,5.0,,,,,poseidon,local,host-10-100-100-12.openstacklocal,pegasus::dirmanager,/home/poseidon/pegasus-5.1.0panorama/bin/pegasus-transfer,pegasus-kickstart  -n pegasus::dirmanager -N null -i - -R local  -L xgboost_hp_tuning_group_1 -T 2023-03-02T05:01:42+00:00 pegasus-transfer,0.3,0,0,,,,,,,,,
create_dir_predict-future-sales-hp-tuning_0_condorpool_pegasus-plan_ID0000012,None,auxiliary,0,1677733324.0,,,1677733325.0,,,0.0,1677733325.0,1677733335.0,,,0.0,1677733335.0,1677733340.0,1.0,,0.0,10.0,5.0,,,,,poseidon,local,host-10-100-100-12.openstacklocal,pegasus::dirmanager,/home/poseidon/pegasus-5.1.0panorama/bin/pegasus-transfer,pegasus-kickstart  -n pegasus::dirmanager -N null -i - -R local  -L xgboost_hp_tuning_group_0 -T 2023-03-02T05:01:46+00:00 pegasus-transfer,0.3,0,0,,,,,,,,,
create_dir_predict-future-sales-hp-tuning_0_condorpool_pegasus-plan_ID0000020,None,auxiliary,0,1677733324.0,,,1677733325.0,,,0.0,1677733325.0,1677733335.0,,,0.0,1677733335.0,1677733340.0,1.0,,0.0,10.0,5.0,,,,,poseidon,local,host-10-100-100-12.openstacklocal,pegasus::dirmanager,/home/poseidon/pegasus-5.1.0panorama/bin/pegasus-transfer,pegasus-kickstart  -n pegasus::dirmanager -N null -i - -R local  -L xgboost_hp_tuning_group_2 -T 2023-03-02T05:01:46+00:00 pegasus-transfer,0.3,0,0,,,,,,,,,
register_local_4_0,None,auxiliary,0,1677733324.0,,,1677733329.0,,,0.0,1677733330.0,1677733334.0,,,0.0,1677733334.0,1677733339.0,5.0,,1.0,4.0,5.0,,,,,poseidon,local,host-10-100-100-12.openstacklocal,pegasus::rc-client,/home/poseidon/pegasus-5.1.0panorama/bin/pegasus-rc-client,"pegasus-kickstart  -n pegasus::rc-client -N null -R local  -L predict-future-sales -T 2023-02-17T19:59:06+00:00 /home/poseidon/pegasus-5.1.0panorama/bin/pegasus-rc-client --prefix pegasus.catalog.replica.output --conf /home/poseidon/workflows/predict-future-sales-workflow/submit/poseidon/pegasus/predict-future-sales/run0353/pegasus.13529385908044308493.properties -v --meta /home/poseidon/workflows/predict-future-sales-workflow/submit/poseidon/pegasus/predict-future-sales/run0353/00/00/xgboost_hp_tuning_workflow_ID0000011.meta,/home/poseidon/workflows/predict-future-sales-workflow/submit/poseidon/pegasus/predict-future-sales/run0353/00/00/xgboost_hp_tuning_workflow_ID0000019.meta,/home/poseidon/workflows/predict-future-sales-workflow/submit/poseidon/pegasus/predict-future-sales/run0353/00/00/xgboost_hp_tuning_workflow_ID0000015.meta --insert /home/poseidon/workflows/predict-future-sales-workflow/submit/poseidon/pegasus/predict-future-sales/run0353/00/00/register_local_4_0.in",3.0,0,0,,,,,,,,,
stage_in_local_condorpool_0_0_pegasus-plan_ID0000016,None,transfer,0,1677733330.0,,,1677733335.0,1677733340.0,1677733345.0,2861.0,1677733340.0,1677733350.0,,,0.0,1677733350.0,1677733355.0,5.0,,5.0,10.0,5.0,5.0,12142.0,,,poseidon,local,host-10-100-100-12.openstacklocal,pegasus::transfer,/home/poseidon/pegasus-5.1.0panorama/bin/pegasus-transfer,-n pegasus::transfer -N null -i - -R local  -L xgboost_hp_tuning_group_1 -T 2023-03-02T05:01:42+00:00 /home/poseidon/pegasus-5.1.0panorama/bin/../bin/pegasus-transfer  --threads 2,0.6,0,0,,,,,,,,,
stage_in_local_condorpool_1_0_pegasus-plan_ID0000016,None,transfer,0,1677733330.0,,,1677733335.0,1677733340.0,1677733344.0,821.0,1677733340.0,1677733350.0,,,0.0,1677733350.0,1677733355.0,5.0,,5.0,10.0,5.0,4.0,2874.0,,,poseidon,local,host-10-100-100-12.openstacklocal,pegasus::transfer,/home/poseidon/pegasus-5.1.0panorama/bin/pegasus-transfer,-n pegasus::transfer -N null -i - -R local  -L xgboost_hp_tuning_group_1 -T 2023-03-02T05:01:42+00:00 /home/poseidon/pegasus-5.1.0panorama/bin/../bin/pegasus-transfer  --threads 2,0.5,0,0,,,,,,,,,
stage_in_local_condorpool_0_1_pegasus-plan_ID0000016,None,transfer,0,1677733330.0,,,1677733335.0,1677733340.0,1677733344.0,5484473.0,1677733340.0,1677733350.0,,,0.0,1677733350.0,1677733355.0,5.0,,5.0,10.0,5.0,4.0,19294600.0,,,poseidon,local,host-10-100-100-12.openstacklocal,pegasus::transfer,/home/poseidon/pegasus-5.1.0panorama/bin/pegasus-transfer,-n pegasus::transfer -N null -i - -R local  -L xgboost_hp_tuning_group_1 -T 2023-03-02T05:01:42+00:00 /home/poseidon/pegasus-5.1.0panorama/bin/../bin/pegasus-transfer  --threads 2,0.6,0,0,,,,,,,,,
stage_in_local_condorpool_0_2_pegasus-plan_ID0000016,None,transfer,0,1677733330.0,,,1677733335.0,1677733340.0,1677733347.0,113745917.0,1677733340.0,1677733355.0,,,0.0,1677733355.0,1677733360.0,5.0,,5.0,15.0,5.0,7.0,735985664.0,,,poseidon,local,host-10-100-100-12.openstacklocal,pegasus::transfer,/home/poseidon/pegasus-5.1.0panorama/bin/pegasus-transfer,-n pegasus::transfer -N null -i - -R local  -L xgboost_hp_tuning_group_1 -T 2023-03-02T05:01:42+00:00 /home/poseidon/pegasus-5.1.0panorama/bin/../bin/pegasus-transfer  --threads 2,3.5,0,0,,,,,,,,,
stage_in_local_condorpool_1_0_pegasus-plan_ID0000012,None,transfer,0,1677733340.0,,,1677733345.0,1677733346.0,1677733349.0,798.0,1677733345.0,1677733355.0,,,0.0,1677733355.0,1677733360.0,5.0,,0.0,10.0,5.0,3.0,2874.0,,,poseidon,local,host-10-100-100-12.openstacklocal,pegasus::transfer,/home/poseidon/pegasus-5.1.0panorama/bin/pegasus-transfer,-n pegasus::transfer -N null -i - -R local  -L xgboost_hp_tuning_group_0 -T 2023-03-02T05:01:46+00:00 /home/poseidon/pegasus-5.1.0panorama/bin/../bin/pegasus-transfer  --threads 2,0.5,0,0,,,,,,,,,
stage_in_local_condorpool_0_1_pegasus-plan_ID0000012,None,transfer,0,1677733340.0,,,1677733345.0,1677733346.0,1677733351.0,49158942.0,1677733345.0,1677733360.0,,,0.0,1677733360.0,1677733365.0,5.0,,0.0,15.0,5.0,5.0,269346726.0,,,poseidon,local,host-10-100-100-12.openstacklocal,pegasus::transfer,/home/poseidon/pegasus-5.1.0panorama/bin/pegasus-transfer,-n pegasus::transfer -N null -i - -R local  -L xgboost_hp_tuning_group_0 -T 2023-03-02T05:01:46+00:00 /home/poseidon/pegasus-5.1.0panorama/bin/../bin/pegasus-transfer  --threads 2,1.8,0,0,,,,,,,,,
stage_in_local_condorpool_0_2_pegasus-plan_ID0000012,None,transfer,0,1677733340.0,,,1677733345.0,1677733350.0,1677733357.0,105861667.0,1677733349.0,1677733365.0,,,0.0,1677733365.0,1677733370.0,5.0,,4.0,16.0,5.0,7.0,735985664.0,,,poseidon,local,host-10-100-100-12.openstacklocal,pegasus::transfer,/home/poseidon/pegasus-5.1.0panorama/bin/pegasus-transfer,-n pegasus::transfer -N null -i - -R local  -L xgboost_hp_tuning_group_0 -T 2023-03-02T05:01:46+00:00 /home/poseidon/pegasus-5.1.0panorama/bin/../bin/pegasus-transfer  --threads 2,3.5,0,0,,,,,,,,,
stage_in_local_condorpool_0_2_pegasus-plan_ID0000020,None,transfer,0,1677733340.0,,,1677733345.0,1677733346.0,1677733354.0,88433050.0,1677733345.0,1677733360.0,,,0.0,1677733360.0,1677733365.0,5.0,,0.0,15.0,5.0,8.0,735985664.0,,,poseidon,local,host-10-100-100-12.openstacklocal,pegasus::transfer,/home/poseidon/pegasus-5.1.0panorama/bin/pegasus-transfer,-n pegasus::transfer -N null -i - -R local  -L xgboost_hp_tuning_group_2 -T 2023-03-02T05:01:46+00:00 /home/poseidon/pegasus-5.1.0panorama/bin/../bin/pegasus-transfer  --threads 2,3.8,0,0,,,,,,,,,
stage_in_local_condorpool_0_0_pegasus-plan_ID0000020,None,transfer,0,1677733340.0,,,1677733345.0,1677733346.0,1677733350.0,2736.0,1677733345.0,1677733360.0,,,0.0,1677733360.0,1677733365.0,5.0,,0.0,15.0,5.0,4.0,12142.0,,,poseidon,local,host-10-100-100-12.openstacklocal,pegasus::transfer,/home/poseidon/pegasus-5.1.0panorama/bin/pegasus-transfer,-n pegasus::transfer -N null -i - -R local  -L xgboost_hp_tuning_group_2 -T 2023-03-02T05:01:46+00:00 /home/poseidon/pegasus-5.1.0panorama/bin/../bin/pegasus-transfer  --threads 2,0.6,0,0,,,,,,,,,
stage_in_local_condorpool_1_0_pegasus-plan_ID0000020,None,transfer,0,1677733340.0,,,1677733345.0,1677733346.0,1677733349.0,810.0,1677733345.0,1677733355.0,,,0.0,1677733355.0,1677733360.0,5.0,,0.0,10.0,5.0,3.0,2874.0,,,poseidon,local,host-10-100-100-12.openstacklocal,pegasus::transfer,/home/poseidon/pegasus-5.1.0panorama/bin/pegasus-transfer,-n pegasus::transfer -N null -i - -R local  -L xgboost_hp_tuning_group_2 -T 2023-03-02T05:01:46+00:00 /home/poseidon/pegasus-5.1.0panorama/bin/../bin/pegasus-transfer  --threads 2,0.5,0,0,,,,,,,,,
stage_in_local_condorpool_0_1_pegasus-plan_ID0000020,None,transfer,0,1677733340.0,,,1677733345.0,1677733346.0,1677733361.0,170694335.0,1677733345.0,1677733370.0,,,0.0,1677733370.0,1677733375.0,5.0,,0.0,25.0,5.0,15.0,2646308508.0,,,poseidon,local,host-10-100-100-12.openstacklocal,pegasus::transfer,/home/poseidon/pegasus-5.1.0panorama/bin/pegasus-transfer,-n pegasus::transfer -N null -i - -R local  -L xgboost_hp_tuning_group_2 -T 2023-03-02T05:01:46+00:00 /home/poseidon/pegasus-5.1.0panorama/bin/../bin/pegasus-transfer  --threads 2,11.5,0,0,,,,,,,,,
stage_in_local_condorpool_0_0_pegasus-plan_ID0000012,None,transfer,0,1677733340.0,,,1677733345.0,1677733346.0,1677733350.0,2789.0,1677733345.0,1677733355.0,,,0.0,1677733355.0,1677733360.0,5.0,,0.0,10.0,5.0,4.0,12142.0,,,poseidon,local,host-10-100-100-12.openstacklocal,pegasus::transfer,/home/poseidon/pegasus-5.1.0panorama/bin/pegasus-transfer,-n pegasus::transfer -N null -i - -R local  -L xgboost_hp_tuning_group_0 -T 2023-03-02T05:01:46+00:00 /home/poseidon/pegasus-5.1.0panorama/bin/../bin/pegasus-transfer  --threads 2,0.6,0,0,,,,,,,,,
xgboost_hp_tuning_ID0000005_pegasus-plan_ID0000016,cpu_4,compute,0,1677733360.0,,,1677733366.0,1677733331.0,1677733346.0,42713753.8,1677733381.0,1677733421.0,1677733357.0,1677733361.0,247.0,1677733421.0,1677733426.0,6.0,,15.0,40.0,5.0,15.0,377646203.0,4.0,1076.0,poseidon,condorpool,poseidon-worker-3-container-16-23,xgboost_hp_tuning,/srv/xgboost_hp_tuning,,9.8,0,0,,,,,,,,,
xgboost_hp_tuning_ID0000004_pegasus-plan_ID0000016,cpu_4,compute,0,1677733360.0,,,1677733366.0,1677733331.0,1677733347.0,42626837.8,1677733381.0,1677733421.0,1677733357.0,1677733362.0,246.0,1677733421.0,1677733426.0,6.0,,15.0,40.0,5.0,16.0,377646203.0,5.0,1062.0,poseidon,condorpool,poseidon-worker-1-container-24-31,xgboost_hp_tuning,/srv/xgboost_hp_tuning,,9.7,0,0,,,,,,,,,
xgboost_hp_tuning_ID0000015_pegasus-plan_ID0000016,None,compute,0,1677733360.0,,,1677733366.0,1677733331.0,1677733347.0,42690411.0,1677733381.0,1677733421.0,1677733356.0,1677733361.0,244.0,1677733421.0,1677733426.0,6.0,,15.0,40.0,5.0,16.0,377646203.0,5.0,1056.0,poseidon,condorpool,poseidon-worker-3-container-0-7,xgboost_hp_tuning,/srv/xgboost_hp_tuning,,14.9,0,0,,,,,,,,,
xgboost_hp_tuning_ID0000003_pegasus-plan_ID0000016,cpu_4,compute,0,1677733360.0,,,1677733366.0,1677733331.0,1677733346.0,42767592.8,1677733381.0,1677733421.0,1677733357.0,1677733361.0,247.0,1677733421.0,1677733426.0,6.0,,15.0,40.0,5.0,15.0,377646203.0,4.0,1065.0,poseidon,condorpool,poseidon-worker-3-container-8-15,xgboost_hp_tuning,/srv/xgboost_hp_tuning,,10.5,0,0,,,,,,,,,
xgboost_hp_tuning_ID0000014_pegasus-plan_ID0000016,cpu_4,compute,0,1677733360.0,,,1677733366.0,1677733331.0,1677733346.0,42716958.2,1677733381.0,1677733421.0,1677733357.0,1677733362.0,245.0,1677733421.0,1677733426.0,6.0,,15.0,40.0,5.0,15.0,377646203.0,5.0,1053.0,poseidon,condorpool,poseidon-worker-1-container-8-15,xgboost_hp_tuning,/srv/xgboost_hp_tuning,,11.5,0,0,,,,,,,,,
xgboost_hp_tuning_ID0000010_pegasus-plan_ID0000016,cpu_4,compute,0,1677733360.0,,,1677733365.0,1677733331.0,1677733346.0,42782718.0,1677733381.0,1677733421.0,1677733357.0,1677733362.0,233.0,1677733421.0,1677733426.0,5.0,,16.0,40.0,5.0,15.0,377646203.0,5.0,1049.0,poseidon,condorpool,poseidon-worker-3-container-32-39,xgboost_hp_tuning,/srv/xgboost_hp_tuning,,11.7,0,0,,,,,,,,,
xgboost_hp_tuning_ID0000013_pegasus-plan_ID0000016,None,compute,0,1677733360.0,,,1677733366.0,1677733370.0,1677733386.0,42432919.0,1677733420.0,1677733471.0,1677733406.0,1677733410.0,246.0,1677733471.0,1677733476.0,6.0,,54.0,51.0,5.0,16.0,377646203.0,4.0,1053.0,poseidon,condorpool,poseidon-worker-1-container-0-7,xgboost_hp_tuning,/srv/xgboost_hp_tuning,,64.7,0,0,0.1,32941927.0,40.0,3305.0,2.0,42.6,1.5,3294192.7,4.0
xgboost_hp_tuning_ID0000017_pegasus-plan_ID0000016,None,compute,0,1677733360.0,,,1677733366.0,1677733331.0,1677733347.0,42605195.8,1677733381.0,1677733421.0,1677733358.0,1677733362.0,246.0,1677733421.0,1677733426.0,6.0,,15.0,40.0,5.0,16.0,377646203.0,4.0,1054.0,poseidon,condorpool,poseidon-worker-2-container-8-15,xgboost_hp_tuning,/srv/xgboost_hp_tuning,,20.6,0,0,,,,,,,,,
xgboost_hp_tuning_ID0000001_pegasus-plan_ID0000016,cpu_4,compute,0,1677733360.0,,,1677733366.0,1677733370.0,1677733385.0,42793679.2,1677733420.0,1677733461.0,1677733395.0,1677733400.0,252.0,1677733461.0,1677733466.0,6.0,,54.0,41.0,5.0,15.0,377646203.0,5.0,1060.0,poseidon,condorpool,poseidon-worker-3-container-40-47,xgboost_hp_tuning,/srv/xgboost_hp_tuning,,9.1,0,0,,,,,,,,,
xgboost_hp_tuning_ID0000012_pegasus-plan_ID0000016,cpu_4,compute,0,1677733360.0,,,1677733366.0,1677733370.0,1677733386.0,42794611.2,1677733420.0,1677733466.0,1677733400.0,1677733404.0,247.0,1677733466.0,1677733471.0,6.0,,54.0,46.0,5.0,16.0,377646203.0,4.0,1048.0,poseidon,condorpool,poseidon-worker-3-container-8-15,xgboost_hp_tuning,/srv/xgboost_hp_tuning,,17.9,0,0,,,,,,,,,
xgboost_hp_tuning_ID0000023_pegasus-plan_ID0000016,None,compute,0,1677733360.0,,,1677733366.0,1677733370.0,1677733386.0,42776870.0,1677733420.0,1677733461.0,1677733398.0,1677733403.0,258.0,1677733461.0,1677733466.0,6.0,,54.0,41.0,5.0,16.0,377646203.0,5.0,1091.0,poseidon,condorpool,poseidon-worker-3-container-24-31,xgboost_hp_tuning,/srv/xgboost_hp_tuning,,23.8,0,0,,,,,,,,,
xgboost_hp_tuning_ID0000002_pegasus-plan_ID0000016,None,compute,0,1677733360.0,,,1677733366.0,1677733369.0,1677733385.0,42703382.5,1677733420.0,1677733466.0,1677733399.0,1677733404.0,250.0,1677733466.0,1677733471.0,6.0,,54.0,46.0,5.0,16.0,377646203.0,5.0,1060.0,poseidon,condorpool,poseidon-worker-3-container-0-7,xgboost_hp_tuning,/srv/xgboost_hp_tuning,,32.9,0,0,,,,,,,,,
xgboost_hp_tuning_ID0000006_pegasus-plan_ID0000016,None,compute,0,1677733360.0,,,1677733366.0,1677733331.0,1677733347.0,42596621.2,1677733381.0,1677733421.0,1677733357.0,1677733361.0,247.0,1677733421.0,1677733426.0,6.0,,15.0,40.0,5.0,16.0,377646203.0,4.0,1068.0,poseidon,condorpool,poseidon-worker-1-container-32-39,xgboost_hp_tuning,/srv/xgboost_hp_tuning,,14.9,0,0,,,,,,,,,
xgboost_hp_tuning_ID0000016_pegasus-plan_ID0000016,cpu_4,compute,0,1677733360.0,,,1677733366.0,1677733331.0,1677733347.0,42536450.2,1677733381.0,1677733421.0,1677733357.0,1677733362.0,243.0,1677733421.0,1677733426.0,6.0,,15.0,40.0,5.0,16.0,377646203.0,5.0,1054.0,poseidon,condorpool,poseidon-worker-2-container-16-23,xgboost_hp_tuning,/srv/xgboost_hp_tuning,,9.9,0,0,,,,,,,,,
xgboost_hp_tuning_ID0000007_pegasus-plan_ID0000016,None,compute,0,1677733360.0,,,1677733366.0,1677733331.0,1677733347.0,42748920.5,1677733381.0,1677733421.0,1677733357.0,1677733361.0,243.0,1677733421.0,1677733426.0,6.0,,15.0,40.0,5.0,16.0,377646203.0,4.0,1063.0,poseidon,condorpool,poseidon-worker-3-container-24-31,xgboost_hp_tuning,/srv/xgboost_hp_tuning,,17.1,0,0,,,,,,,,,
xgboost_hp_tuning_ID0000019_pegasus-plan_ID0000016,cpu_4,compute,0,1677733360.0,,,1677733366.0,1677733331.0,1677733347.0,42651945.5,1677733381.0,1677733421.0,1677733357.0,1677733361.0,242.0,1677733421.0,1677733426.0,6.0,,15.0,40.0,5.0,16.0,377646203.0,4.0,1059.0,poseidon,condorpool,poseidon-worker-2-container-32-39,xgboost_hp_tuning,/srv/xgboost_hp_tuning,,9.9,0,0,,,,,,,,,
xgboost_hp_tuning_ID0000018_pegasus-plan_ID0000016,None,compute,0,1677733360.0,,,1677733366.0,1677733331.0,1677733347.0,42609722.5,1677733381.0,1677733421.0,1677733357.0,1677733362.0,244.0,1677733421.0,1677733426.0,6.0,,15.0,40.0,5.0,16.0,377646203.0,5.0,1054.0,poseidon,condorpool,poseidon-worker-1-container-40-47,xgboost_hp_tuning,/srv/xgboost_hp_tuning,,15.4,0,0,,,,,,,,,
xgboost_hp_tuning_ID0000008_pegasus-plan_ID0000016,cpu_4,compute,0,1677733360.0,,,1677733366.0,1677733331.0,1677733347.0,42597220.8,1677733381.0,1677733421.0,1677733357.0,1677733362.0,239.0,1677733421.0,1677733426.0,6.0,,15.0,40.0,5.0,16.0,377646203.0,5.0,1059.0,poseidon,condorpool,poseidon-worker-2-container-0-7,xgboost_hp_tuning,/srv/xgboost_hp_tuning,,10.0,0,0,,,,,,,,,
xgboost_hp_tuning_ID0000020_pegasus-plan_ID0000016,cpu_4,compute,0,1677733360.0,,,1677733366.0,1677733331.0,1677733346.0,42781572.8,1677733381.0,1677733421.0,1677733356.0,1677733361.0,247.0,1677733421.0,1677733426.0,6.0,,15.0,40.0,5.0,15.0,377646203.0,5.0,1062.0,poseidon,condorpool,poseidon-worker-3-container-40-47,xgboost_hp_tuning,/srv/xgboost_hp_tuning,,9.4,0,0,,,,,,,,,
xgboost_hp_tuning_ID0000021_pegasus-plan_ID0000016,cpu_4,compute,0,1677733360.0,,,1677733365.0,1677733331.0,1677733347.0,42662102.5,1677733381.0,1677733421.0,1677733357.0,1677733362.0,244.0,1677733421.0,1677733426.0,5.0,,16.0,40.0,5.0,16.0,377646203.0,5.0,1061.0,poseidon,condorpool,poseidon-worker-2-container-24-31,xgboost_hp_tuning,/srv/xgboost_hp_tuning,,10.6,0,0,,,,,,,,,
xgboost_hp_tuning_ID0000022_pegasus-plan_ID0000016,None,compute,0,1677733360.0,,,1677733365.0,1677733331.0,1677733347.0,42530705.5,1677733381.0,1677733421.0,1677733357.0,1677733361.0,236.0,1677733421.0,1677733426.0,5.0,,16.0,40.0,5.0,16.0,377646203.0,4.0,1062.0,poseidon,condorpool,poseidon-worker-2-container-40-47,xgboost_hp_tuning,/srv/xgboost_hp_tuning,,15.5,0,0,,,,,,,,,
xgboost_hp_tuning_ID0000011_pegasus-plan_ID0000016,None,compute,0,1677733360.0,,,1677733365.0,1677733331.0,1677733347.0,42498285.5,1677733381.0,1677733421.0,1677733357.0,1677733361.0,315.0,1677733421.0,1677733426.0,5.0,,16.0,40.0,5.0,16.0,377646203.0,4.0,1050.0,poseidon,condorpool,poseidon-worker-1-container-0-7,xgboost_hp_tuning,/srv/xgboost_hp_tuning,,17.2,0,0,,,,,,,,,
xgboost_hp_tuning_ID0000009_pegasus-plan_ID0000016,None,compute,0,1677733360.0,,,1677733365.0,1677733331.0,1677733347.0,42653195.0,1677733381.0,1677733421.0,1677733357.0,1677733361.0,244.0,1677733421.0,1677733426.0,5.0,,16.0,40.0,5.0,16.0,377646203.0,4.0,1058.0,poseidon,condorpool,poseidon-worker-1-container-16-23,xgboost_hp_tuning,/srv/xgboost_hp_tuning,,15.2,0,0,,,,,,,,,
xgboost_hp_tuning_ID0000001_pegasus-plan_ID0000012,cpu_4,compute,0,1677733370.0,,,1677733375.0,1677733427.0,1677733444.0,46518902.4,1677733477.0,1677733540.0,1677733475.0,1677733480.0,252.0,1677733540.0,1677733545.0,5.0,,102.0,63.0,5.0,17.0,502672266.0,5.0,1064.0,poseidon,condorpool,poseidon-worker-3-container-32-39,xgboost_hp_tuning,/srv/xgboost_hp_tuning,,75.8,0,0,0.0,157970759.0,40.0,3319.0,2.0,56.2,3.0,7898538.0,4.0
xgboost_hp_tuning_ID0000012_pegasus-plan_ID0000012,cpu_4,compute,0,1677733370.0,,,1677733375.0,1677733429.0,1677733447.0,46487829.8,1677733479.0,1677733560.0,1677733496.0,1677733500.0,247.0,1677733560.0,1677733565.0,5.0,,104.0,81.0,5.0,18.0,502672266.0,4.0,1049.0,poseidon,condorpool,poseidon-worker-2-container-16-23,xgboost_hp_tuning,/srv/xgboost_hp_tuning,,113.8,0,0,0.1,157981653.0,40.0,3354.0,2.0,103.1,3.6,3949541.3,4.0
xgboost_hp_tuning_ID0000023_pegasus-plan_ID0000012,None,compute,0,1677733370.0,,,1677733375.0,1677733430.0,1677733447.0,46475810.2,1677733480.0,1677733565.0,1677733501.0,1677733506.0,254.0,1677733565.0,1677733570.0,5.0,,105.0,85.0,5.0,17.0,502672266.0,5.0,1091.0,poseidon,condorpool,poseidon-worker-2-container-40-47,xgboost_hp_tuning,/srv/xgboost_hp_tuning,,216.3,0,0,0.1,157980371.0,40.0,3351.0,2.0,170.5,3.3,3949509.3,4.0
xgboost_hp_tuning_ID0000010_pegasus-plan_ID0000012,None,compute,0,1677733370.0,,,1677733375.0,1677733371.0,1677733388.0,46593934.0,1677733421.0,1677733475.0,1677733412.0,1677733416.0,247.0,1677733475.0,1677733480.0,5.0,,46.0,54.0,5.0,17.0,502672266.0,4.0,1050.0,poseidon,condorpool,poseidon-worker-1-container-16-23,xgboost_hp_tuning,/srv/xgboost_hp_tuning,,90.7,0,0,0.1,157968059.0,40.0,3305.0,2.0,43.2,2.8,15796805.9,4.0
xgboost_hp_tuning_ID0000011_pegasus-plan_ID0000012,None,compute,0,1677733370.0,,,1677733375.0,1677733371.0,1677733388.0,46549270.0,1677733420.0,1677733475.0,1677733413.0,1677733417.0,248.0,1677733475.0,1677733480.0,5.0,,45.0,55.0,5.0,17.0,502672266.0,4.0,1049.0,poseidon,condorpool,poseidon-worker-1-container-32-39,xgboost_hp_tuning,/srv/xgboost_hp_tuning,,97.5,0,0,0.1,157967905.0,40.0,3305.0,2.0,44.1,2.6,15796790.5,4.0
xgboost_hp_tuning_ID0000022_pegasus-plan_ID0000012,cpu_4,compute,0,1677733370.0,,,1677733375.0,1677733371.0,1677733388.0,46579166.8,1677733421.0,1677733480.0,1677733417.0,1677733421.0,247.0,1677733480.0,1677733485.0,5.0,,46.0,59.0,5.0,17.0,502672266.0,4.0,1063.0,poseidon,condorpool,poseidon-worker-2-container-32-39,xgboost_hp_tuning,/srv/xgboost_hp_tuning,,65.7,0,0,0.1,157972536.0,40.0,3321.0,2.0,56.0,3.1,7898626.8,4.0
xgboost_hp_tuning_ID0000019_pegasus-plan_ID0000012,cpu_4,compute,0,1677733370.0,,,1677733375.0,1677733371.0,1677733388.0,46558223.8,1677733421.0,1677733480.0,1677733416.0,1677733420.0,248.0,1677733480.0,1677733485.0,5.0,,46.0,59.0,5.0,17.0,502672266.0,4.0,1057.0,poseidon,condorpool,poseidon-worker-2-container-16-23,xgboost_hp_tuning,/srv/xgboost_hp_tuning,,59.5,0,0,0.1,157975278.0,40.0,3327.0,2.0,53.0,3.3,7898763.9,4.0
xgboost_hp_tuning_ID0000021_pegasus-plan_ID0000012,cpu_4,compute,0,1677733370.0,,,1677733375.0,1677733370.0,1677733388.0,46823605.6,1677733421.0,1677733480.0,1677733414.0,1677733418.0,256.0,1677733480.0,1677733485.0,5.0,,46.0,59.0,5.0,18.0,502672266.0,4.0,1062.0,poseidon,condorpool,poseidon-worker-3-container-32-39,xgboost_hp_tuning,/srv/xgboost_hp_tuning,,60.0,0,0,0.0,157968777.0,40.0,3309.0,2.0,25.5,2.2,15796877.7,4.0
xgboost_hp_tuning_ID0000009_pegasus-plan_ID0000012,cpu_4,compute,0,1677733370.0,,,1677733375.0,1677733370.0,1677733388.0,46743456.4,1677733420.0,1677733480.0,1677733417.0,1677733421.0,250.0,1677733480.0,1677733485.0,5.0,,45.0,60.0,5.0,18.0,502672266.0,4.0,1059.0,poseidon,condorpool,poseidon-worker-3-container-16-23,xgboost_hp_tuning,/srv/xgboost_hp_tuning,,71.3,0,0,0.1,157972030.0,40.0,3322.0,2.0,59.0,2.9,7898601.5,4.0
xgboost_hp_tuning_ID0000007_pegasus-plan_ID0000012,cpu_4,compute,0,1677733370.0,,,1677733375.0,1677733371.0,1677733388.0,46590915.2,1677733421.0,1677733485.0,1677733423.0,1677733427.0,250.0,1677733485.0,1677733490.0,5.0,,46.0,64.0,5.0,17.0,502672266.0,4.0,1066.0,poseidon,condorpool,poseidon-worker-2-container-0-7,xgboost_hp_tuning,/srv/xgboost_hp_tuning,,79.1,0,0,0.1,157977936.0,40.0,3333.0,2.0,51.2,2.6,7898896.8,4.0
xgboost_hp_tuning_ID0000005_pegasus-plan_ID0000012,None,compute,0,1677733370.0,,,1677733375.0,1677733371.0,1677733388.0,46549662.0,1677733421.0,1677733485.0,1677733420.0,1677733424.0,251.0,1677733485.0,1677733490.0,5.0,,46.0,64.0,5.0,17.0,502672266.0,4.0,1077.0,poseidon,condorpool,poseidon-worker-2-container-8-15,xgboost_hp_tuning,/srv/xgboost_hp_tuning,,143.5,0,0,0.1,157972489.0,40.0,3321.0,2.0,109.7,3.0,7898624.5,4.0
xgboost_hp_tuning_ID0000006_pegasus-plan_ID0000012,None,compute,0,1677733370.0,,,1677733375.0,1677733371.0,1677733388.0,46534443.8,1677733421.0,1677733485.0,1677733421.0,1677733425.0,249.0,1677733485.0,1677733490.0,5.0,,46.0,64.0,5.0,17.0,502672266.0,4.0,1066.0,poseidon,condorpool,poseidon-worker-1-container-40-47,xgboost_hp_tuning,/srv/xgboost_hp_tuning,,145.9,0,0,0.1,157972544.0,40.0,3321.0,2.0,108.4,3.3,7898627.2,4.0
xgboost_hp_tuning_ID0000017_pegasus-plan_ID0000012,cpu_4,compute,0,1677733370.0,,,1677733375.0,1677733371.0,1677733388.0,46617717.6,1677733421.0,1677733480.0,1677733418.0,1677733422.0,250.0,1677733480.0,1677733485.0,5.0,,46.0,59.0,5.0,17.0,502672266.0,4.0,1055.0,poseidon,condorpool,poseidon-worker-1-container-24-31,xgboost_hp_tuning,/srv/xgboost_hp_tuning,,68.0,0,0,0.1,157972535.0,40.0,3321.0,2.0,54.5,3.5,7898626.8,4.0
xgboost_hp_tuning_ID0000016_pegasus-plan_ID0000012,cpu_4,compute,0,1677733370.0,,,1677733375.0,1677733408.0,1677733426.0,46647973.6,1677733459.0,1677733520.0,1677733456.0,1677733460.0,249.0,1677733520.0,1677733525.0,5.0,,84.0,61.0,5.0,18.0,502672266.0,4.0,1054.0,poseidon,condorpool,poseidon-worker-3-container-40-47,xgboost_hp_tuning,/srv/xgboost_hp_tuning,,73.4,0,0,0.0,157970761.0,40.0,3319.0,2.0,57.2,2.9,7898538.0,4.0
xgboost_hp_tuning_ID0000004_pegasus-plan_ID0000012,None,compute,0,1677733370.0,,,1677733375.0,1677733412.0,1677733429.0,46596289.0,1677733462.0,1677733525.0,1677733460.0,1677733464.0,251.0,1677733525.0,1677733530.0,5.0,,87.0,63.0,5.0,17.0,502672266.0,4.0,1061.0,poseidon,condorpool,poseidon-worker-3-container-24-31,xgboost_hp_tuning,/srv/xgboost_hp_tuning,,142.1,0,0,0.0,157970754.0,40.0,3319.0,2.0,106.0,3.4,7898537.7,4.0
xgboost_hp_tuning_ID0000013_pegasus-plan_ID0000012,None,compute,0,1677733370.0,,,1677733375.0,1677733427.0,1677733444.0,46503563.8,1677733477.0,1677733530.0,1677733467.0,1677733471.0,247.0,1677733530.0,1677733535.0,5.0,,102.0,53.0,5.0,17.0,502672266.0,4.0,1055.0,poseidon,condorpool,poseidon-worker-1-container-32-39,xgboost_hp_tuning,/srv/xgboost_hp_tuning,,83.5,0,0,0.0,157967977.0,40.0,3305.0,2.0,43.7,3.1,15796797.7,4.0
xgboost_hp_tuning_ID0000015_pegasus-plan_ID0000012,None,compute,0,1677733370.0,,,1677733375.0,1677733412.0,1677733430.0,46568841.0,1677733463.0,1677733530.0,1677733465.0,1677733469.0,249.0,1677733530.0,1677733535.0,5.0,,88.0,67.0,5.0,18.0,502672266.0,4.0,1053.0,poseidon,condorpool,poseidon-worker-3-container-0-7,xgboost_hp_tuning,/srv/xgboost_hp_tuning,,163.9,0,0,0.0,157970684.0,40.0,3319.0,2.0,104.2,3.0,7898534.2,4.0
xgboost_hp_tuning_ID0000002_pegasus-plan_ID0000012,None,compute,0,1677733370.0,,,1677733375.0,1677733425.0,1677733443.0,46415089.0,1677733475.0,1677733560.0,1677733495.0,1677733500.0,244.0,1677733560.0,1677733565.0,5.0,,100.0,85.0,5.0,18.0,502672266.0,5.0,1064.0,poseidon,condorpool,poseidon-worker-1-container-16-23,xgboost_hp_tuning,/srv/xgboost_hp_tuning,,242.5,0,0,0.1,157980366.0,40.0,3351.0,2.0,203.3,3.1,3949509.1,4.0
xgboost_hp_tuning_ID0000014_pegasus-plan_ID0000012,None,compute,0,1677733370.0,,,1677733375.0,1677733419.0,1677733437.0,46245745.0,1677733469.0,1677733535.0,1677733469.0,1677733473.0,248.0,1677733535.0,1677733540.0,5.0,,94.0,66.0,5.0,18.0,502672266.0,4.0,1051.0,poseidon,condorpool,poseidon-worker-1-container-0-7,xgboost_hp_tuning,/srv/xgboost_hp_tuning,,142.4,0,0,0.0,157972633.0,40.0,3321.0,2.0,101.5,3.4,7898631.7,4.0
xgboost_hp_tuning_ID0000003_pegasus-plan_ID0000012,cpu_4,compute,0,1677733370.0,,,1677733375.0,1677733413.0,1677733430.0,46655430.4,1677733463.0,1677733525.0,1677733460.0,1677733464.0,251.0,1677733525.0,1677733530.0,5.0,,88.0,62.0,5.0,17.0,502672266.0,4.0,1067.0,poseidon,condorpool,poseidon-worker-3-container-8-15,xgboost_hp_tuning,/srv/xgboost_hp_tuning,,67.5,0,0,0.0,157973473.0,40.0,3325.0,2.0,54.2,3.1,7898673.7,4.0
xgboost_hp_tuning_ID0000020_pegasus-plan_ID0000012,cpu_4,compute,0,1677733370.0,,,1677733375.0,1677733371.0,1677733388.0,46569181.6,1677733421.0,1677733485.0,1677733422.0,1677733426.0,248.0,1677733485.0,1677733490.0,5.0,,46.0,64.0,5.0,17.0,502672266.0,4.0,1062.0,poseidon,condorpool,poseidon-worker-1-container-8-15,xgboost_hp_tuning,/srv/xgboost_hp_tuning,,73.6,0,0,0.1,157972506.0,40.0,3321.0,2.0,47.8,3.0,7898625.3,4.0
xgboost_hp_tuning_ID0000018_pegasus-plan_ID0000012,cpu_4,compute,0,1677733370.0,,,1677733375.0,1677733371.0,1677733388.0,46618873.8,1677733421.0,1677733490.0,1677733427.0,1677733431.0,248.0,1677733490.0,1677733495.0,5.0,,46.0,69.0,5.0,17.0,502672266.0,4.0,1055.0,poseidon,condorpool,poseidon-worker-2-container-24-31,xgboost_hp_tuning,/srv/xgboost_hp_tuning,,93.4,0,0,0.1,157976334.0,40.0,3336.0,2.0,82.6,3.0,5265877.8,4.0
xgboost_hp_tuning_ID0000008_pegasus-plan_ID0000012,None,compute,0,1677733370.0,,,1677733375.0,1677733371.0,1677733388.0,46525129.2,1677733421.0,1677733480.0,1677733416.0,1677733421.0,247.0,1677733480.0,1677733485.0,5.0,,46.0,59.0,5.0,17.0,502672266.0,5.0,1058.0,poseidon,condorpool,poseidon-worker-2-container-40-47,xgboost_hp_tuning,/srv/xgboost_hp_tuning,,117.4,0,0,0.1,157972715.0,40.0,3321.0,2.0,105.0,3.6,7898635.8,4.0
xgboost_hp_tuning_ID0000009_pegasus-plan_ID0000020,cpu_4,compute,0,1677733375.0,,,1677733380.0,1677733430.0,1677733461.0,69072384.8,1677733480.0,1677733935.0,1677733872.0,1677733877.0,249.0,1677733935.0,1677733940.0,5.0,,100.0,455.0,5.0,31.0,1691153157.0,5.0,1058.0,poseidon,condorpool,poseidon-worker-2-container-32-39,xgboost_hp_tuning,/srv/xgboost_hp_tuning,,1201.0,0,0,0.0,1346598871.0,40.0,3892.0,2.0,1131.5,63.1,3366497.2,4.0
xgboost_hp_tuning_ID0000001_pegasus-plan_ID0000020,None,compute,0,1677733375.0,,,1677733380.0,1677733866.0,1677733897.0,69040696.5,1677733916.0,1677734285.0,1677734221.0,1677734225.0,251.0,1677734285.0,1677734290.0,5.0,,536.0,369.0,5.0,31.0,1691153157.0,4.0,1064.0,poseidon,condorpool,poseidon-worker-3-container-24-31,xgboost_hp_tuning,/srv/xgboost_hp_tuning,,1772.3,0,0,0.0,1346562883.0,40.0,3754.0,2.0,1693.9,48.0,4343751.2,4.0
xgboost_hp_tuning_ID0000011_pegasus-plan_ID0000020,cpu_4,compute,0,1677733375.0,,,1677733380.0,1677733430.0,1677733461.0,69106376.9,1677733480.0,1677734120.0,1677734055.0,1677734059.0,253.0,1677734120.0,1677734125.0,5.0,,100.0,640.0,5.0,31.0,1691153157.0,4.0,1051.0,poseidon,condorpool,poseidon-worker-3-container-16-23,xgboost_hp_tuning,/srv/xgboost_hp_tuning,,1803.4,0,0,0.1,1346667350.0,40.0,4162.0,2.0,1701.1,86.8,2321840.3,4.0
xgboost_hp_tuning_ID0000013_pegasus-plan_ID0000020,None,compute,0,1677733375.0,,,1677733380.0,1677733859.0,1677733891.0,68770925.2,1677733909.0,1677734275.0,1677734212.0,1677734216.0,249.0,1677734275.0,1677734280.0,5.0,,529.0,366.0,5.0,32.0,1691153157.0,4.0,1056.0,poseidon,condorpool,poseidon-worker-1-container-0-7,xgboost_hp_tuning,/srv/xgboost_hp_tuning,,1721.2,0,0,0.1,1346564410.0,40.0,3756.0,2.0,1661.6,49.1,4343756.2,4.0
xgboost_hp_tuning_ID0000002_pegasus-plan_ID0000020,None,compute,0,1677733375.0,,,1677733380.0,1677733854.0,1677733885.0,68987636.7,1677733904.0,1677734255.0,1677734188.0,1677734192.0,252.0,1677734255.0,1677734260.0,5.0,,524.0,351.0,5.0,31.0,1691153157.0,4.0,1063.0,poseidon,condorpool,poseidon-worker-3-container-0-7,xgboost_hp_tuning,/srv/xgboost_hp_tuning,,1575.7,0,0,0.0,1346554878.0,40.0,3724.0,2.0,1497.4,58.4,4643292.7,4.0
xgboost_hp_tuning_ID0000014_pegasus-plan_ID0000020,None,compute,0,1677733375.0,,,1677733380.0,1677733515.0,1677733546.0,68910675.0,1677733565.0,1677733975.0,1677733912.0,1677733916.0,248.0,1677733975.0,1677733980.0,5.0,,185.0,410.0,5.0,31.0,1691153157.0,4.0,1054.0,poseidon,condorpool,poseidon-worker-2-container-40-47,xgboost_hp_tuning,/srv/xgboost_hp_tuning,,1988.8,0,0,0.1,1346580054.0,40.0,3816.0,2.0,1898.5,52.7,3847371.6,4.0
xgboost_hp_tuning_ID0000003_pegasus-plan_ID0000020,cpu_4,compute,0,1677733375.0,,,1677733380.0,1677733509.0,1677733541.0,68943229.1,1677733559.0,1677734015.0,1677733952.0,1677733956.0,253.0,1677734015.0,1677734020.0,5.0,,179.0,456.0,5.0,32.0,1691153157.0,4.0,1067.0,poseidon,condorpool,poseidon-worker-2-container-16-23,xgboost_hp_tuning,/srv/xgboost_hp_tuning,,1229.7,0,0,0.1,1346599166.0,40.0,3892.0,2.0,1160.5,62.4,3366497.9,4.0
xgboost_hp_tuning_ID0000015_pegasus-plan_ID0000020,None,compute,0,1677733375.0,,,1677733380.0,1677733509.0,1677733540.0,68930530.1,1677733559.0,1677733990.0,1677733928.0,1677733932.0,248.0,1677733990.0,1677733995.0,5.0,,179.0,431.0,5.0,31.0,1691153157.0,4.0,1055.0,poseidon,condorpool,poseidon-worker-1-container-16-23,xgboost_hp_tuning,/srv/xgboost_hp_tuning,,2189.7,0,0,0.1,1346587724.0,40.0,3846.0,2.0,2060.1,73.6,3639426.3,4.0
xgboost_hp_tuning_ID0000004_pegasus-plan_ID0000020,cpu_4,compute,0,1677733375.0,,,1677733380.0,1677733488.0,1677733520.0,68940306.8,1677733539.0,1677734085.0,1677734023.0,1677734027.0,252.0,1677734085.0,1677734090.0,5.0,,159.0,546.0,5.0,32.0,1691153157.0,4.0,1062.0,poseidon,condorpool,poseidon-worker-3-container-32-39,xgboost_hp_tuning,/srv/xgboost_hp_tuning,,1591.9,0,0,0.1,1346631707.0,40.0,4025.0,2.0,1516.5,62.4,2748228.0,4.0
xgboost_hp_tuning_ID0000016_pegasus-plan_ID0000020,None,compute,0,1677733375.0,,,1677733380.0,1677733483.0,1677733514.0,68847023.3,1677733533.0,1677733910.0,1677733846.0,1677733850.0,249.0,1677733910.0,1677733915.0,5.0,,153.0,377.0,5.0,31.0,1691153157.0,4.0,1055.0,poseidon,condorpool,poseidon-worker-1-container-0-7,xgboost_hp_tuning,/srv/xgboost_hp_tuning,,1825.5,0,0,0.1,1346568202.0,40.0,3771.0,2.0,1760.0,52.0,4208025.6,4.0
xgboost_hp_tuning_ID0000005_pegasus-plan_ID0000020,None,compute,0,1677733375.0,,,1677733380.0,1677733480.0,1677733512.0,68992571.3,1677733530.0,1677733950.0,1677733884.0,1677733888.0,249.0,1677733950.0,1677733955.0,5.0,,150.0,420.0,5.0,32.0,1691153157.0,4.0,1076.0,poseidon,condorpool,poseidon-worker-1-container-32-39,xgboost_hp_tuning,/srv/xgboost_hp_tuning,,1992.9,0,0,0.1,1346583864.0,40.0,3831.0,2.0,1922.5,56.8,3740510.7,4.0
xgboost_hp_tuning_ID0000023_pegasus-plan_ID0000020,cpu_4,compute,0,1677733375.0,,,1677733380.0,1677733886.0,1677733917.0,68932958.2,1677733936.0,1677734421.0,1677734358.0,1677734362.0,257.0,1677734421.0,1677734426.0,5.0,,556.0,485.0,5.0,31.0,1691153157.0,4.0,1089.0,poseidon,condorpool,poseidon-worker-2-container-32-39,xgboost_hp_tuning,/srv/xgboost_hp_tuning,,1376.8,0,0,0.1,1346612044.0,40.0,3939.0,2.0,1321.8,50.7,3131655.9,4.0
xgboost_hp_tuning_ID0000017_pegasus-plan_ID0000020,None,compute,0,1677733375.0,,,1677733380.0,1677733478.0,1677733509.0,69041918.0,1677733528.0,1677733905.0,1677733841.0,1677733845.0,255.0,1677733905.0,1677733910.0,5.0,,148.0,377.0,5.0,31.0,1691153157.0,4.0,1054.0,poseidon,condorpool,poseidon-worker-3-container-0-7,xgboost_hp_tuning,/srv/xgboost_hp_tuning,,1763.8,0,0,0.0,1346566356.0,40.0,3769.0,2.0,1699.0,52.4,4208019.9,4.0
xgboost_hp_tuning_ID0000012_pegasus-plan_ID0000020,None,compute,0,1677733375.0,,,1677733380.0,1677733873.0,1677733905.0,68974249.0,1677733923.0,1677734280.0,1677734214.0,1677734219.0,248.0,1677734280.0,1677734285.0,5.0,,543.0,357.0,5.0,32.0,1691153157.0,5.0,1052.0,poseidon,condorpool,poseidon-worker-1-container-40-47,xgboost_hp_tuning,/srv/xgboost_hp_tuning,,1687.4,0,0,0.0,1346560834.0,40.0,3741.0,2.0,1632.8,52.6,4488536.1,4.0
xgboost_hp_tuning_ID0000018_pegasus-plan_ID0000020,None,compute,0,1677733375.0,,,1677733380.0,1677733473.0,1677733505.0,69103933.6,1677733523.0,1677733915.0,1677733853.0,1677733857.0,254.0,1677733915.0,1677733920.0,5.0,,143.0,392.0,5.0,32.0,1691153157.0,4.0,1056.0,poseidon,condorpool,poseidon-worker-3-container-24-31,xgboost_hp_tuning,/srv/xgboost_hp_tuning,,1863.2,0,0,0.0,1346570486.0,40.0,3784.0,2.0,1751.6,51.3,4080516.6,4.0
xgboost_hp_tuning_ID0000019_pegasus-plan_ID0000020,cpu_4,compute,0,1677733375.0,,,1677733380.0,1677733469.0,1677733500.0,69041414.8,1677733519.0,1677734275.0,1677734211.0,1677734215.0,254.0,1677734275.0,1677734280.0,5.0,,139.0,756.0,5.0,31.0,1691153157.0,4.0,1061.0,poseidon,condorpool,poseidon-worker-3-container-40-47,xgboost_hp_tuning,/srv/xgboost_hp_tuning,,2270.6,0,0,0.0,1346713526.0,40.0,4342.0,2.0,2192.5,72.6,1923876.5,4.0
xgboost_hp_tuning_ID0000008_pegasus-plan_ID0000020,cpu_4,compute,0,1677733375.0,,,1677733380.0,1677733440.0,1677733472.0,68828521.3,1677733491.0,1677734045.0,1677733982.0,1677733986.0,248.0,1677734045.0,1677734050.0,5.0,,111.0,554.0,5.0,32.0,1691153157.0,4.0,1060.0,poseidon,condorpool,poseidon-worker-2-container-24-31,xgboost_hp_tuning,/srv/xgboost_hp_tuning,,1530.8,0,0,0.0,1346637133.0,40.0,4041.0,2.0,1451.2,78.7,2693274.3,4.0
xgboost_hp_tuning_ID0000020_pegasus-plan_ID0000020,cpu_4,compute,0,1677733375.0,,,1677733380.0,1677733436.0,1677733467.0,68995772.8,1677733486.0,1677733995.0,1677733930.0,1677733934.0,252.0,1677733995.0,1677734000.0,5.0,,106.0,509.0,5.0,31.0,1691153157.0,4.0,1062.0,poseidon,condorpool,poseidon-worker-2-container-0-7,xgboost_hp_tuning,/srv/xgboost_hp_tuning,,1306.7,0,0,0.0,1346617605.0,40.0,3966.0,2.0,1220.2,74.8,2992483.6,4.0
xgboost_hp_tuning_ID0000021_pegasus-plan_ID0000020,cpu_4,compute,0,1677733375.0,,,1677733380.0,1677733435.0,1677733466.0,68883262.5,1677733485.0,1677733990.0,1677733925.0,1677733930.0,249.0,1677733990.0,1677733995.0,5.0,,105.0,505.0,5.0,31.0,1691153157.0,5.0,1060.0,poseidon,condorpool,poseidon-worker-1-container-8-15,xgboost_hp_tuning,/srv/xgboost_hp_tuning,,1403.7,0,0,0.0,1346619141.0,4035.0,3970.0,5.0,1326.1,77.5,2992487.0,201.8
xgboost_hp_tuning_ID0000010_pegasus-plan_ID0000020,None,compute,0,1677733375.0,,,1677733380.0,1677733434.0,1677733465.0,68857781.2,1677733484.0,1677733845.0,1677733782.0,1677733786.0,248.0,1677733845.0,1677733850.0,5.0,,104.0,361.0,5.0,31.0,1691153157.0,4.0,1049.0,poseidon,condorpool,poseidon-worker-1-container-40-47,xgboost_hp_tuning,/srv/xgboost_hp_tuning,,1687.6,0,0,0.1,1346560700.0,40.0,3741.0,2.0,1578.2,57.9,4488535.7,4.0
xgboost_hp_tuning_ID0000022_pegasus-plan_ID0000020,cpu_4,compute,0,1677733375.0,,,1677733380.0,1677733431.0,1677733463.0,68890197.5,1677733481.0,1677733985.0,1677733919.0,1677733924.0,252.0,1677733985.0,1677733990.0,5.0,,101.0,504.0,5.0,32.0,1691153157.0,5.0,1061.0,poseidon,condorpool,poseidon-worker-1-container-24-31,xgboost_hp_tuning,/srv/xgboost_hp_tuning,,1373.3,0,0,0.1,1346614204.0,40.0,3951.0,2.0,1277.5,68.4,3060486.8,4.0
xgboost_hp_tuning_ID0000006_pegasus-plan_ID0000020,None,compute,0,1677733375.0,,,1677733380.0,1677733476.0,1677733507.0,69012684.7,1677733526.0,1677733905.0,1677733839.0,1677733844.0,252.0,1677733905.0,1677733910.0,5.0,,146.0,379.0,5.0,31.0,1691153157.0,5.0,1066.0,poseidon,condorpool,poseidon-worker-2-container-8-15,xgboost_hp_tuning,/srv/xgboost_hp_tuning,,1755.3,0,0,0.1,1346568394.0,40.0,3771.0,2.0,1685.9,53.0,4208026.2,4.0
xgboost_hp_tuning_ID0000007_pegasus-plan_ID0000020,cpu_4,compute,0,1677733375.0,,,1677733380.0,1677733473.0,1677733504.0,68900510.2,1677733523.0,1677733995.0,1677733933.0,1677733937.0,256.0,1677733995.0,1677734000.0,5.0,,143.0,472.0,5.0,31.0,1691153157.0,4.0,1065.0,poseidon,condorpool,poseidon-worker-3-container-8-15,xgboost_hp_tuning,/srv/xgboost_hp_tuning,,1301.5,0,0,0.1,1346603690.0,40.0,3911.0,2.0,1205.4,62.7,3284399.2,4.0
stage_out_local_condorpool_0_2_pegasus-plan_ID0000016,None,transfer,0,1677733466.0,,,1677733471.0,,,0.0,1677733471.0,1677733486.0,1677733472.0,1677733476.0,1839.0,1677733486.0,1677733491.0,5.0,,0.0,15.0,5.0,,,4.0,7416.0,poseidon,local,host-10-100-100-12.openstacklocal,pegasus::transfer,/home/poseidon/pegasus-5.1.0panorama/bin/pegasus-transfer,/home/poseidon/pegasus-5.1.0panorama/bin/../bin/pegasus-kickstart  -n pegasus::transfer -N null -i - -R local  -L xgboost_hp_tuning_group_1 -T 2023-03-02T05:01:42+00:00 /home/poseidon/pegasus-5.1.0panorama/bin/../bin/pegasus-transfer  --threads 2,1.0,0,0,,,,,,,,,
stage_out_local_condorpool_0_0_pegasus-plan_ID0000016,None,transfer,0,1677733471.0,,,1677733476.0,,,0.0,1677733477.0,1677733491.0,1677733477.0,1677733481.0,2095.0,1677733491.0,1677733496.0,5.0,,1.0,14.0,5.0,,,4.0,8460.0,poseidon,local,host-10-100-100-12.openstacklocal,pegasus::transfer,/home/poseidon/pegasus-5.1.0panorama/bin/pegasus-transfer,/home/poseidon/pegasus-5.1.0panorama/bin/../bin/pegasus-kickstart  -n pegasus::transfer -N null -i - -R local  -L xgboost_hp_tuning_group_1 -T 2023-03-02T05:01:42+00:00 /home/poseidon/pegasus-5.1.0panorama/bin/../bin/pegasus-transfer  --threads 2,1.1,0,0,,,,,,,,,
stage_out_local_condorpool_0_1_pegasus-plan_ID0000016,None,transfer,0,1677733476.0,,,1677733481.0,,,0.0,1677733481.0,1677733491.0,1677733481.0,1677733485.0,2108.0,1677733491.0,1677733496.0,5.0,,0.0,10.0,5.0,,,4.0,8501.0,poseidon,local,host-10-100-100-12.openstacklocal,pegasus::transfer,/home/poseidon/pegasus-5.1.0panorama/bin/pegasus-transfer,/home/poseidon/pegasus-5.1.0panorama/bin/../bin/pegasus-kickstart  -n pegasus::transfer -N null -i - -R local  -L xgboost_hp_tuning_group_1 -T 2023-03-02T05:01:42+00:00 /home/poseidon/pegasus-5.1.0panorama/bin/../bin/pegasus-transfer  --threads 2,1.1,0,0,,,,,,,,,
xgboost_best_params_ID0000024_pegasus-plan_ID0000016,None,compute,0,1677733476.0,,,1677733481.0,1677733433.0,1677733456.0,22179481.4,1677733483.0,1677733526.0,1677733463.0,1677733467.0,245.0,1677733526.0,1677733531.0,5.0,,2.0,43.0,5.0,23.0,368018646.0,4.0,1053.0,poseidon,condorpool,poseidon-worker-2-container-8-15,xgboost_best_params,/srv/xgboost_best_params,,0.0,0,0,,,,,,,,,
register_condorpool_0_2_pegasus-plan_ID0000016,None,auxiliary,0,1677733491.0,,,1677733496.0,,,0.0,1677733496.0,1677733501.0,,,0.0,1677733501.0,1677733506.0,5.0,,0.0,5.0,5.0,,,,,poseidon,local,host-10-100-100-12.openstacklocal,pegasus::rc-client,/home/poseidon/pegasus-5.1.0panorama/bin/pegasus-rc-client,"-n pegasus::rc-client -N null -R local  -L xgboost_hp_tuning_group_1 -T 2023-03-02T05:01:42+00:00 /home/poseidon/pegasus-5.1.0panorama/bin/pegasus-rc-client --prefix pegasus.catalog.replica.output --conf /home/poseidon/workflows/predict-future-sales-workflow/submit/poseidon/pegasus/predict-future-sales/run0353/00/00/./xgboost_hp_tuning_group_1.000/pegasus.2263808581174918159.properties -v --meta /home/poseidon/workflows/predict-future-sales-workflow/submit/poseidon/pegasus/predict-future-sales/run0353/00/00/./xgboost_hp_tuning_group_1.000/00/00/xgboost_hp_tuning_ID0000001.meta,/home/poseidon/workflows/predict-future-sales-workflow/submit/poseidon/pegasus/predict-future-sales/run0353/00/00/./xgboost_hp_tuning_group_1.000/00/00/xgboost_hp_tuning_ID0000022.meta,/home/poseidon/workflows/predict-future-sales-workflow/submit/poseidon/pegasus/predict-future-sales/run0353/00/00/./xgboost_hp_tuning_group_1.000/00/00/xgboost_hp_tuning_ID0000017.meta,/home/poseidon/workflows/predict-future-sales-workflow/submit/poseidon/pegasus/predict-future-sales/run0353/00/00/./xgboost_hp_tuning_group_1.000/00/00/xgboost_hp_tuning_ID0000014.meta,/home/poseidon/workflows/predict-future-sales-workflow/submit/poseidon/pegasus/predict-future-sales/run0353/00/00/./xgboost_hp_tuning_group_1.000/00/00/xgboost_hp_tuning_ID0000020.meta,/home/poseidon/workflows/predict-future-sales-workflow/submit/poseidon/pegasus/predict-future-sales/run0353/00/00/./xgboost_hp_tuning_group_1.000/00/00/xgboost_hp_tuning_ID0000007.meta,/home/poseidon/workflows/predict-future-sales-workflow/submit/poseidon/pegasus/predict-future-sales/run0353/00/00/./xgboost_hp_tuning_group_1.000/00/00/xgboost_hp_tuning_ID0000004.meta --insert /home/poseidon/workflows/predict-future-sales-workflow/submit/poseidon/pegasus/predict-future-sales/run0353/00/00/./xgboost_hp_tuning_group_1.000/00/00/register_condorpool_0_2.in",3.1,0,0,,,,,,,,,
register_condorpool_0_0_pegasus-plan_ID0000016,None,auxiliary,0,1677733496.0,,,1677733506.0,,,0.0,1677733507.0,1677733511.0,,,0.0,1677733511.0,1677733516.0,10.0,,1.0,4.0,5.0,,,,,poseidon,local,host-10-100-100-12.openstacklocal,pegasus::rc-client,/home/poseidon/pegasus-5.1.0panorama/bin/pegasus-rc-client,"-n pegasus::rc-client -N null -R local  -L xgboost_hp_tuning_group_1 -T 2023-03-02T05:01:42+00:00 /home/poseidon/pegasus-5.1.0panorama/bin/pegasus-rc-client --prefix pegasus.catalog.replica.output --conf /home/poseidon/workflows/predict-future-sales-workflow/submit/poseidon/pegasus/predict-future-sales/run0353/00/00/./xgboost_hp_tuning_group_1.000/pegasus.2263808581174918159.properties -v --meta /home/poseidon/workflows/predict-future-sales-workflow/submit/poseidon/pegasus/predict-future-sales/run0353/00/00/./xgboost_hp_tuning_group_1.000/00/00/xgboost_hp_tuning_ID0000005.meta,/home/poseidon/workflows/predict-future-sales-workflow/submit/poseidon/pegasus/predict-future-sales/run0353/00/00/./xgboost_hp_tuning_group_1.000/00/00/xgboost_hp_tuning_ID0000009.meta,/home/poseidon/workflows/predict-future-sales-workflow/submit/poseidon/pegasus/predict-future-sales/run0353/00/00/./xgboost_hp_tuning_group_1.000/00/00/xgboost_hp_tuning_ID0000010.meta,/home/poseidon/workflows/predict-future-sales-workflow/submit/poseidon/pegasus/predict-future-sales/run0353/00/00/./xgboost_hp_tuning_group_1.000/00/00/xgboost_hp_tuning_ID0000018.meta,/home/poseidon/workflows/predict-future-sales-workflow/submit/poseidon/pegasus/predict-future-sales/run0353/00/00/./xgboost_hp_tuning_group_1.000/00/00/xgboost_hp_tuning_ID0000008.meta,/home/poseidon/workflows/predict-future-sales-workflow/submit/poseidon/pegasus/predict-future-sales/run0353/00/00/./xgboost_hp_tuning_group_1.000/00/00/xgboost_hp_tuning_ID0000012.meta,/home/poseidon/workflows/predict-future-sales-workflow/submit/poseidon/pegasus/predict-future-sales/run0353/00/00/./xgboost_hp_tuning_group_1.000/00/00/xgboost_hp_tuning_ID0000015.meta,/home/poseidon/workflows/predict-future-sales-workflow/submit/poseidon/pegasus/predict-future-sales/run0353/00/00/./xgboost_hp_tuning_group_1.000/00/00/xgboost_hp_tuning_ID0000002.meta --insert /home/poseidon/workflows/predict-future-sales-workflow/submit/poseidon/pegasus/predict-future-sales/run0353/00/00/./xgboost_hp_tuning_group_1.000/00/00/register_condorpool_0_0.in",3.1,0,0,,,,,,,,,
register_condorpool_0_1_pegasus-plan_ID0000016,None,auxiliary,0,1677733496.0,,,1677733516.0,,,0.0,1677733516.0,1677733521.0,,,0.0,1677733521.0,1677733526.0,20.0,,0.0,5.0,5.0,,,,,poseidon,local,host-10-100-100-12.openstacklocal,pegasus::rc-client,/home/poseidon/pegasus-5.1.0panorama/bin/pegasus-rc-client,"-n pegasus::rc-client -N null -R local  -L xgboost_hp_tuning_group_1 -T 2023-03-02T05:01:42+00:00 /home/poseidon/pegasus-5.1.0panorama/bin/pegasus-rc-client --prefix pegasus.catalog.replica.output --conf /home/poseidon/workflows/predict-future-sales-workflow/submit/poseidon/pegasus/predict-future-sales/run0353/00/00/./xgboost_hp_tuning_group_1.000/pegasus.2263808581174918159.properties -v --meta /home/poseidon/workflows/predict-future-sales-workflow/submit/poseidon/pegasus/predict-future-sales/run0353/00/00/./xgboost_hp_tuning_group_1.000/00/00/xgboost_hp_tuning_ID0000006.meta,/home/poseidon/workflows/predict-future-sales-workflow/submit/poseidon/pegasus/predict-future-sales/run0353/00/00/./xgboost_hp_tuning_group_1.000/00/00/xgboost_hp_tuning_ID0000013.meta,/home/poseidon/workflows/predict-future-sales-workflow/submit/poseidon/pegasus/predict-future-sales/run0353/00/00/./xgboost_hp_tuning_group_1.000/00/00/xgboost_hp_tuning_ID0000016.meta,/home/poseidon/workflows/predict-future-sales-workflow/submit/poseidon/pegasus/predict-future-sales/run0353/00/00/./xgboost_hp_tuning_group_1.000/00/00/xgboost_hp_tuning_ID0000011.meta,/home/poseidon/workflows/predict-future-sales-workflow/submit/poseidon/pegasus/predict-future-sales/run0353/00/00/./xgboost_hp_tuning_group_1.000/00/00/xgboost_hp_tuning_ID0000003.meta,/home/poseidon/workflows/predict-future-sales-workflow/submit/poseidon/pegasus/predict-future-sales/run0353/00/00/./xgboost_hp_tuning_group_1.000/00/00/xgboost_hp_tuning_ID0000023.meta,/home/poseidon/workflows/predict-future-sales-workflow/submit/poseidon/pegasus/predict-future-sales/run0353/00/00/./xgboost_hp_tuning_group_1.000/00/00/xgboost_hp_tuning_ID0000021.meta,/home/poseidon/workflows/predict-future-sales-workflow/submit/poseidon/pegasus/predict-future-sales/run0353/00/00/./xgboost_hp_tuning_group_1.000/00/00/xgboost_hp_tuning_ID0000019.meta --insert /home/poseidon/workflows/predict-future-sales-workflow/submit/poseidon/pegasus/predict-future-sales/run0353/00/00/./xgboost_hp_tuning_group_1.000/00/00/register_condorpool_0_1.in",3.2,0,0,,,,,,,,,
stage_out_local_condorpool_1_0_pegasus-plan_ID0000016,None,transfer,0,1677733531.0,,,1677733536.0,,,0.0,1677733536.0,1677733546.0,1677733536.0,1677733541.0,1222.0,1677733546.0,1677733551.0,5.0,,0.0,10.0,5.0,,,5.0,5265.0,poseidon,local,host-10-100-100-12.openstacklocal,pegasus::transfer,/home/poseidon/pegasus-5.1.0panorama/bin/pegasus-transfer,/home/poseidon/pegasus-5.1.0panorama/bin/../bin/pegasus-kickstart  -n pegasus::transfer -N null -i - -R local  -L xgboost_hp_tuning_group_1 -T 2023-03-02T05:01:42+00:00 /home/poseidon/pegasus-5.1.0panorama/bin/../bin/pegasus-transfer  --threads 2,0.7,0,0,,,,,,,,,
stage_out_local_condorpool_0_2_pegasus-plan_ID0000012,None,transfer,0,1677733545.0,,,1677733550.0,,,0.0,1677733550.0,1677733560.0,1677733551.0,1677733555.0,1839.0,1677733560.0,1677733565.0,5.0,,0.0,10.0,5.0,,,4.0,7422.0,poseidon,local,host-10-100-100-12.openstacklocal,pegasus::transfer,/home/poseidon/pegasus-5.1.0panorama/bin/pegasus-transfer,/home/poseidon/pegasus-5.1.0panorama/bin/../bin/pegasus-kickstart  -n pegasus::transfer -N null -i - -R local  -L xgboost_hp_tuning_group_0 -T 2023-03-02T05:01:46+00:00 /home/poseidon/pegasus-5.1.0panorama/bin/../bin/pegasus-transfer  --threads 2,1.0,0,0,,,,,,,,,
register_condorpool_1_0_pegasus-plan_ID0000016,None,auxiliary,0,1677733551.0,,,1677733556.0,,,0.0,1677733556.0,1677733561.0,,,0.0,1677733561.0,1677733566.0,5.0,,0.0,5.0,5.0,,,,,poseidon,local,host-10-100-100-12.openstacklocal,pegasus::rc-client,/home/poseidon/pegasus-5.1.0panorama/bin/pegasus-rc-client,-n pegasus::rc-client -N null -R local  -L xgboost_hp_tuning_group_1 -T 2023-03-02T05:01:42+00:00 /home/poseidon/pegasus-5.1.0panorama/bin/pegasus-rc-client --prefix pegasus.catalog.replica.output --conf /home/poseidon/workflows/predict-future-sales-workflow/submit/poseidon/pegasus/predict-future-sales/run0353/00/00/./xgboost_hp_tuning_group_1.000/pegasus.2263808581174918159.properties -v --meta /home/poseidon/workflows/predict-future-sales-workflow/submit/poseidon/pegasus/predict-future-sales/run0353/00/00/./xgboost_hp_tuning_group_1.000/00/00/xgboost_best_params_ID0000024.meta --insert /home/poseidon/workflows/predict-future-sales-workflow/submit/poseidon/pegasus/predict-future-sales/run0353/00/00/./xgboost_hp_tuning_group_1.000/00/00/register_condorpool_1_0.in,3.0,0,0,,,,,,,,,
register_condorpool_0_2_pegasus-plan_ID0000012,None,auxiliary,0,1677733565.0,,,1677733570.0,,,0.0,1677733570.0,1677733575.0,,,0.0,1677733575.0,1677733580.0,5.0,,0.0,5.0,5.0,,,,,poseidon,local,host-10-100-100-12.openstacklocal,pegasus::rc-client,/home/poseidon/pegasus-5.1.0panorama/bin/pegasus-rc-client,"-n pegasus::rc-client -N null -R local  -L xgboost_hp_tuning_group_0 -T 2023-03-02T05:01:46+00:00 /home/poseidon/pegasus-5.1.0panorama/bin/pegasus-rc-client --prefix pegasus.catalog.replica.output --conf /home/poseidon/workflows/predict-future-sales-workflow/submit/poseidon/pegasus/predict-future-sales/run0353/00/00/./xgboost_hp_tuning_group_0.000/pegasus.16011992533818262911.properties -v --meta /home/poseidon/workflows/predict-future-sales-workflow/submit/poseidon/pegasus/predict-future-sales/run0353/00/00/./xgboost_hp_tuning_group_0.000/00/00/xgboost_hp_tuning_ID0000017.meta,/home/poseidon/workflows/predict-future-sales-workflow/submit/poseidon/pegasus/predict-future-sales/run0353/00/00/./xgboost_hp_tuning_group_0.000/00/00/xgboost_hp_tuning_ID0000022.meta,/home/poseidon/workflows/predict-future-sales-workflow/submit/poseidon/pegasus/predict-future-sales/run0353/00/00/./xgboost_hp_tuning_group_0.000/00/00/xgboost_hp_tuning_ID0000007.meta,/home/poseidon/workflows/predict-future-sales-workflow/submit/poseidon/pegasus/predict-future-sales/run0353/00/00/./xgboost_hp_tuning_group_0.000/00/00/xgboost_hp_tuning_ID0000020.meta,/home/poseidon/workflows/predict-future-sales-workflow/submit/poseidon/pegasus/predict-future-sales/run0353/00/00/./xgboost_hp_tuning_group_0.000/00/00/xgboost_hp_tuning_ID0000001.meta,/home/poseidon/workflows/predict-future-sales-workflow/submit/poseidon/pegasus/predict-future-sales/run0353/00/00/./xgboost_hp_tuning_group_0.000/00/00/xgboost_hp_tuning_ID0000004.meta,/home/poseidon/workflows/predict-future-sales-workflow/submit/poseidon/pegasus/predict-future-sales/run0353/00/00/./xgboost_hp_tuning_group_0.000/00/00/xgboost_hp_tuning_ID0000014.meta --insert /home/poseidon/workflows/predict-future-sales-workflow/submit/poseidon/pegasus/predict-future-sales/run0353/00/00/./xgboost_hp_tuning_group_0.000/00/00/register_condorpool_0_2.in",3.1,0,0,,,,,,,,,
stage_out_local_condorpool_0_0_pegasus-plan_ID0000012,None,transfer,0,1677733565.0,,,1677733570.0,,,0.0,1677733570.0,1677733580.0,1677733570.0,1677733574.0,2099.0,1677733580.0,1677733585.0,5.0,,0.0,10.0,5.0,,,4.0,8465.0,poseidon,local,host-10-100-100-12.openstacklocal,pegasus::transfer,/home/poseidon/pegasus-5.1.0panorama/bin/pegasus-transfer,/home/poseidon/pegasus-5.1.0panorama/bin/../bin/pegasus-kickstart  -n pegasus::transfer -N null -i - -R local  -L xgboost_hp_tuning_group_0 -T 2023-03-02T05:01:46+00:00 /home/poseidon/pegasus-5.1.0panorama/bin/../bin/pegasus-transfer  --threads 2,1.1,0,0,,,,,,,,,
stage_out_local_condorpool_0_1_pegasus-plan_ID0000012,None,transfer,0,1677733570.0,,,1677733575.0,,,0.0,1677733579.0,1677733590.0,1677733580.0,1677733584.0,2108.0,1677733590.0,1677733595.0,5.0,,4.0,11.0,5.0,,,4.0,8501.0,poseidon,local,host-10-100-100-12.openstacklocal,pegasus::transfer,/home/poseidon/pegasus-5.1.0panorama/bin/pegasus-transfer,/home/poseidon/pegasus-5.1.0panorama/bin/../bin/pegasus-kickstart  -n pegasus::transfer -N null -i - -R local  -L xgboost_hp_tuning_group_0 -T 2023-03-02T05:01:46+00:00 /home/poseidon/pegasus-5.1.0panorama/bin/../bin/pegasus-transfer  --threads 2,1.1,0,0,,,,,,,,,
xgboost_best_params_ID0000024_pegasus-plan_ID0000012,None,compute,0,1677733570.0,,,1677733575.0,1677733836.0,1677733853.0,33286958.0,1677733886.0,1677733925.0,1677733860.0,1677733864.0,250.0,1677733925.0,1677733930.0,5.0,,311.0,39.0,5.0,17.0,368018657.0,4.0,1061.0,poseidon,condorpool,poseidon-worker-1-container-40-47,xgboost_best_params,/srv/xgboost_best_params,,0.0,0,0,,,,,,,,,
xgboost_model_ID0000017,None,compute,0,1677733570.0,,,1677733575.0,1677733795.0,1677733813.0,42450092.5,1677733845.0,1677733885.0,1677733822.0,1677733826.0,45487.0,1677733885.0,1677733890.0,5.0,,270.0,40.0,5.0,18.0,377645120.0,4.0,201423.0,poseidon,condorpool,poseidon-worker-1-container-40-47,xgboost_model,/srv/xgboost_model,,6.6,0,0,,,,,,,,,
register_condorpool_0_0_pegasus-plan_ID0000012,None,auxiliary,0,1677733585.0,,,1677733590.0,,,0.0,1677733590.0,1677733595.0,,,0.0,1677733595.0,1677733600.0,5.0,,0.0,5.0,5.0,,,,,poseidon,local,host-10-100-100-12.openstacklocal,pegasus::rc-client,/home/poseidon/pegasus-5.1.0panorama/bin/pegasus-rc-client,"-n pegasus::rc-client -N null -R local  -L xgboost_hp_tuning_group_0 -T 2023-03-02T05:01:46+00:00 /home/poseidon/pegasus-5.1.0panorama/bin/pegasus-rc-client --prefix pegasus.catalog.replica.output --conf /home/poseidon/workflows/predict-future-sales-workflow/submit/poseidon/pegasus/predict-future-sales/run0353/00/00/./xgboost_hp_tuning_group_0.000/pegasus.16011992533818262911.properties -v --meta /home/poseidon/workflows/predict-future-sales-workflow/submit/poseidon/pegasus/predict-future-sales/run0353/00/00/./xgboost_hp_tuning_group_0.000/00/00/xgboost_hp_tuning_ID0000018.meta,/home/poseidon/workflows/predict-future-sales-workflow/submit/poseidon/pegasus/predict-future-sales/run0353/00/00/./xgboost_hp_tuning_group_0.000/00/00/xgboost_hp_tuning_ID0000002.meta,/home/poseidon/workflows/predict-future-sales-workflow/submit/poseidon/pegasus/predict-future-sales/run0353/00/00/./xgboost_hp_tuning_group_0.000/00/00/xgboost_hp_tuning_ID0000005.meta,/home/poseidon/workflows/predict-future-sales-workflow/submit/poseidon/pegasus/predict-future-sales/run0353/00/00/./xgboost_hp_tuning_group_0.000/00/00/xgboost_hp_tuning_ID0000009.meta,/home/poseidon/workflows/predict-future-sales-workflow/submit/poseidon/pegasus/predict-future-sales/run0353/00/00/./xgboost_hp_tuning_group_0.000/00/00/xgboost_hp_tuning_ID0000015.meta,/home/poseidon/workflows/predict-future-sales-workflow/submit/poseidon/pegasus/predict-future-sales/run0353/00/00/./xgboost_hp_tuning_group_0.000/00/00/xgboost_hp_tuning_ID0000012.meta,/home/poseidon/workflows/predict-future-sales-workflow/submit/poseidon/pegasus/predict-future-sales/run0353/00/00/./xgboost_hp_tuning_group_0.000/00/00/xgboost_hp_tuning_ID0000010.meta,/home/poseidon/workflows/predict-future-sales-workflow/submit/poseidon/pegasus/predict-future-sales/run0353/00/00/./xgboost_hp_tuning_group_0.000/00/00/xgboost_hp_tuning_ID0000008.meta --insert /home/poseidon/workflows/predict-future-sales-workflow/submit/poseidon/pegasus/predict-future-sales/run0353/00/00/./xgboost_hp_tuning_group_0.000/00/00/register_condorpool_0_0.in",3.1,0,0,,,,,,,,,
register_condorpool_0_1_pegasus-plan_ID0000012,None,auxiliary,0,1677733595.0,,,1677733600.0,,,0.0,1677733600.0,1677733605.0,,,0.0,1677733605.0,1677733610.0,5.0,,0.0,5.0,5.0,,,,,poseidon,local,host-10-100-100-12.openstacklocal,pegasus::rc-client,/home/poseidon/pegasus-5.1.0panorama/bin/pegasus-rc-client,"-n pegasus::rc-client -N null -R local  -L xgboost_hp_tuning_group_0 -T 2023-03-02T05:01:46+00:00 /home/poseidon/pegasus-5.1.0panorama/bin/pegasus-rc-client --prefix pegasus.catalog.replica.output --conf /home/poseidon/workflows/predict-future-sales-workflow/submit/poseidon/pegasus/predict-future-sales/run0353/00/00/./xgboost_hp_tuning_group_0.000/pegasus.16011992533818262911.properties -v --meta /home/poseidon/workflows/predict-future-sales-workflow/submit/poseidon/pegasus/predict-future-sales/run0353/00/00/./xgboost_hp_tuning_group_0.000/00/00/xgboost_hp_tuning_ID0000013.meta,/home/poseidon/workflows/predict-future-sales-workflow/submit/poseidon/pegasus/predict-future-sales/run0353/00/00/./xgboost_hp_tuning_group_0.000/00/00/xgboost_hp_tuning_ID0000023.meta,/home/poseidon/workflows/predict-future-sales-workflow/submit/poseidon/pegasus/predict-future-sales/run0353/00/00/./xgboost_hp_tuning_group_0.000/00/00/xgboost_hp_tuning_ID0000011.meta,/home/poseidon/workflows/predict-future-sales-workflow/submit/poseidon/pegasus/predict-future-sales/run0353/00/00/./xgboost_hp_tuning_group_0.000/00/00/xgboost_hp_tuning_ID0000006.meta,/home/poseidon/workflows/predict-future-sales-workflow/submit/poseidon/pegasus/predict-future-sales/run0353/00/00/./xgboost_hp_tuning_group_0.000/00/00/xgboost_hp_tuning_ID0000003.meta,/home/poseidon/workflows/predict-future-sales-workflow/submit/poseidon/pegasus/predict-future-sales/run0353/00/00/./xgboost_hp_tuning_group_0.000/00/00/xgboost_hp_tuning_ID0000021.meta,/home/poseidon/workflows/predict-future-sales-workflow/submit/poseidon/pegasus/predict-future-sales/run0353/00/00/./xgboost_hp_tuning_group_0.000/00/00/xgboost_hp_tuning_ID0000019.meta,/home/poseidon/workflows/predict-future-sales-workflow/submit/poseidon/pegasus/predict-future-sales/run0353/00/00/./xgboost_hp_tuning_group_0.000/00/00/xgboost_hp_tuning_ID0000016.meta --insert /home/poseidon/workflows/predict-future-sales-workflow/submit/poseidon/pegasus/predict-future-sales/run0353/00/00/./xgboost_hp_tuning_group_0.000/00/00/register_condorpool_0_1.in",3.0,0,0,,,,,,,,,
model_predict_ID0000018,None,compute,0,1677733890.0,,,1677733895.0,1677733853.0,1677733870.0,41533163.5,1677733903.0,1677733940.0,1677733878.0,1677733882.0,5822.0,1677733940.0,1677733945.0,5.0,,8.0,37.0,5.0,17.0,368303476.0,4.0,25035.0,poseidon,condorpool,poseidon-worker-2-container-8-15,model_predict,/srv/model_predict,,2.5,0,0,,,,,,,,,
stage_out_local_condorpool_1_0_pegasus-plan_ID0000012,None,transfer,0,1677733930.0,,,1677733935.0,,,0.0,1677733935.0,1677733945.0,1677733936.0,1677733940.0,1227.0,1677733945.0,1677733950.0,5.0,,0.0,10.0,5.0,,,4.0,5305.0,poseidon,local,host-10-100-100-12.openstacklocal,pegasus::transfer,/home/poseidon/pegasus-5.1.0panorama/bin/pegasus-transfer,/home/poseidon/pegasus-5.1.0panorama/bin/../bin/pegasus-kickstart  -n pegasus::transfer -N null -i - -R local  -L xgboost_hp_tuning_group_0 -T 2023-03-02T05:01:46+00:00 /home/poseidon/pegasus-5.1.0panorama/bin/../bin/pegasus-transfer  --threads 2,0.7,0,0,,,,,,,,,
register_condorpool_1_0_pegasus-plan_ID0000012,None,auxiliary,0,1677733950.0,,,1677733955.0,,,0.0,1677733955.0,1677733960.0,,,0.0,1677733960.0,1677733965.0,5.0,,0.0,5.0,5.0,,,,,poseidon,local,host-10-100-100-12.openstacklocal,pegasus::rc-client,/home/poseidon/pegasus-5.1.0panorama/bin/pegasus-rc-client,-n pegasus::rc-client -N null -R local  -L xgboost_hp_tuning_group_0 -T 2023-03-02T05:01:46+00:00 /home/poseidon/pegasus-5.1.0panorama/bin/pegasus-rc-client --prefix pegasus.catalog.replica.output --conf /home/poseidon/workflows/predict-future-sales-workflow/submit/poseidon/pegasus/predict-future-sales/run0353/00/00/./xgboost_hp_tuning_group_0.000/pegasus.16011992533818262911.properties -v --meta /home/poseidon/workflows/predict-future-sales-workflow/submit/poseidon/pegasus/predict-future-sales/run0353/00/00/./xgboost_hp_tuning_group_0.000/00/00/xgboost_best_params_ID0000024.meta --insert /home/poseidon/workflows/predict-future-sales-workflow/submit/poseidon/pegasus/predict-future-sales/run0353/00/00/./xgboost_hp_tuning_group_0.000/00/00/register_condorpool_1_0.in,3.0,0,0,,,,,,,,,
xgboost_model_ID0000013,None,compute,0,1677733965.0,,,1677733970.0,1677733922.0,1677733941.0,46362840.8,1677733972.0,1677734020.0,1677733955.0,1677733959.0,116786.0,1677734020.0,1677734025.0,5.0,,2.0,48.0,5.0,19.0,502671191.0,4.0,518963.0,poseidon,condorpool,poseidon-worker-1-container-32-39,xgboost_model,/srv/xgboost_model,,30.2,0,0,,,,,,,,,
model_predict_ID0000014,cpu_4,compute,0,1677734025.0,,,1677734030.0,1677733981.0,1677733999.0,41852577.2,1677734031.0,1677734070.0,1677734007.0,1677734012.0,102456.0,1677734070.0,1677734075.0,5.0,,1.0,39.0,5.0,18.0,370706176.0,5.0,451213.0,poseidon,condorpool,poseidon-worker-2-container-16-23,model_predict,/srv/model_predict,,1.8,0,0,,,,,,,,,
stage_out_local_condorpool_0_0_pegasus-plan_ID0000020,None,transfer,0,1677734285.0,,,1677734290.0,,,0.0,1677734290.0,1677734300.0,1677734290.0,1677734294.0,2098.0,1677734300.0,1677734305.0,5.0,,0.0,10.0,5.0,,,4.0,8469.0,poseidon,local,host-10-100-100-12.openstacklocal,pegasus::transfer,/home/poseidon/pegasus-5.1.0panorama/bin/pegasus-transfer,/home/poseidon/pegasus-5.1.0panorama/bin/../bin/pegasus-kickstart  -n pegasus::transfer -N null -i - -R local  -L xgboost_hp_tuning_group_2 -T 2023-03-02T05:01:46+00:00 /home/poseidon/pegasus-5.1.0panorama/bin/../bin/pegasus-transfer  --threads 2,1.0,0,0,,,,,,,,,
stage_out_local_condorpool_0_2_pegasus-plan_ID0000020,None,transfer,0,1677734290.0,,,1677734295.0,,,0.0,1677734295.0,1677734305.0,1677734295.0,1677734299.0,1839.0,1677734305.0,1677734310.0,5.0,,0.0,10.0,5.0,,,4.0,7422.0,poseidon,local,host-10-100-100-12.openstacklocal,pegasus::transfer,/home/poseidon/pegasus-5.1.0panorama/bin/pegasus-transfer,/home/poseidon/pegasus-5.1.0panorama/bin/../bin/pegasus-kickstart  -n pegasus::transfer -N null -i - -R local  -L xgboost_hp_tuning_group_2 -T 2023-03-02T05:01:46+00:00 /home/poseidon/pegasus-5.1.0panorama/bin/../bin/pegasus-transfer  --threads 2,0.9,0,0,,,,,,,,,
register_condorpool_0_0_pegasus-plan_ID0000020,None,auxiliary,0,1677734305.0,,,1677734310.0,,,0.0,1677734310.0,1677734315.0,,,0.0,1677734315.0,1677734320.0,5.0,,0.0,5.0,5.0,,,,,poseidon,local,host-10-100-100-12.openstacklocal,pegasus::rc-client,/home/poseidon/pegasus-5.1.0panorama/bin/pegasus-rc-client,"-n pegasus::rc-client -N null -R local  -L xgboost_hp_tuning_group_2 -T 2023-03-02T05:01:46+00:00 /home/poseidon/pegasus-5.1.0panorama/bin/pegasus-rc-client --prefix pegasus.catalog.replica.output --conf /home/poseidon/workflows/predict-future-sales-workflow/submit/poseidon/pegasus/predict-future-sales/run0353/00/00/./xgboost_hp_tuning_group_2.000/pegasus.13530525602442427284.properties -v --meta /home/poseidon/workflows/predict-future-sales-workflow/submit/poseidon/pegasus/predict-future-sales/run0353/00/00/./xgboost_hp_tuning_group_2.000/00/00/xgboost_hp_tuning_ID0000018.meta,/home/poseidon/workflows/predict-future-sales-workflow/submit/poseidon/pegasus/predict-future-sales/run0353/00/00/./xgboost_hp_tuning_group_2.000/00/00/xgboost_hp_tuning_ID0000002.meta,/home/poseidon/workflows/predict-future-sales-workflow/submit/poseidon/pegasus/predict-future-sales/run0353/00/00/./xgboost_hp_tuning_group_2.000/00/00/xgboost_hp_tuning_ID0000005.meta,/home/poseidon/workflows/predict-future-sales-workflow/submit/poseidon/pegasus/predict-future-sales/run0353/00/00/./xgboost_hp_tuning_group_2.000/00/00/xgboost_hp_tuning_ID0000009.meta,/home/poseidon/workflows/predict-future-sales-workflow/submit/poseidon/pegasus/predict-future-sales/run0353/00/00/./xgboost_hp_tuning_group_2.000/00/00/xgboost_hp_tuning_ID0000015.meta,/home/poseidon/workflows/predict-future-sales-workflow/submit/poseidon/pegasus/predict-future-sales/run0353/00/00/./xgboost_hp_tuning_group_2.000/00/00/xgboost_hp_tuning_ID0000012.meta,/home/poseidon/workflows/predict-future-sales-workflow/submit/poseidon/pegasus/predict-future-sales/run0353/00/00/./xgboost_hp_tuning_group_2.000/00/00/xgboost_hp_tuning_ID0000010.meta,/home/poseidon/workflows/predict-future-sales-workflow/submit/poseidon/pegasus/predict-future-sales/run0353/00/00/./xgboost_hp_tuning_group_2.000/00/00/xgboost_hp_tuning_ID0000008.meta --insert /home/poseidon/workflows/predict-future-sales-workflow/submit/poseidon/pegasus/predict-future-sales/run0353/00/00/./xgboost_hp_tuning_group_2.000/00/00/register_condorpool_0_0.in",3.0,0,0,,,,,,,,,
register_condorpool_0_2_pegasus-plan_ID0000020,None,auxiliary,0,1677734310.0,,,1677734320.0,,,0.0,1677734320.0,1677734325.0,,,0.0,1677734325.0,1677734330.0,10.0,,0.0,5.0,5.0,,,,,poseidon,local,host-10-100-100-12.openstacklocal,pegasus::rc-client,/home/poseidon/pegasus-5.1.0panorama/bin/pegasus-rc-client,"-n pegasus::rc-client -N null -R local  -L xgboost_hp_tuning_group_2 -T 2023-03-02T05:01:46+00:00 /home/poseidon/pegasus-5.1.0panorama/bin/pegasus-rc-client --prefix pegasus.catalog.replica.output --conf /home/poseidon/workflows/predict-future-sales-workflow/submit/poseidon/pegasus/predict-future-sales/run0353/00/00/./xgboost_hp_tuning_group_2.000/pegasus.13530525602442427284.properties -v --meta /home/poseidon/workflows/predict-future-sales-workflow/submit/poseidon/pegasus/predict-future-sales/run0353/00/00/./xgboost_hp_tuning_group_2.000/00/00/xgboost_hp_tuning_ID0000017.meta,/home/poseidon/workflows/predict-future-sales-workflow/submit/poseidon/pegasus/predict-future-sales/run0353/00/00/./xgboost_hp_tuning_group_2.000/00/00/xgboost_hp_tuning_ID0000022.meta,/home/poseidon/workflows/predict-future-sales-workflow/submit/poseidon/pegasus/predict-future-sales/run0353/00/00/./xgboost_hp_tuning_group_2.000/00/00/xgboost_hp_tuning_ID0000007.meta,/home/poseidon/workflows/predict-future-sales-workflow/submit/poseidon/pegasus/predict-future-sales/run0353/00/00/./xgboost_hp_tuning_group_2.000/00/00/xgboost_hp_tuning_ID0000020.meta,/home/poseidon/workflows/predict-future-sales-workflow/submit/poseidon/pegasus/predict-future-sales/run0353/00/00/./xgboost_hp_tuning_group_2.000/00/00/xgboost_hp_tuning_ID0000001.meta,/home/poseidon/workflows/predict-future-sales-workflow/submit/poseidon/pegasus/predict-future-sales/run0353/00/00/./xgboost_hp_tuning_group_2.000/00/00/xgboost_hp_tuning_ID0000004.meta,/home/poseidon/workflows/predict-future-sales-workflow/submit/poseidon/pegasus/predict-future-sales/run0353/00/00/./xgboost_hp_tuning_group_2.000/00/00/xgboost_hp_tuning_ID0000014.meta --insert /home/poseidon/workflows/predict-future-sales-workflow/submit/poseidon/pegasus/predict-future-sales/run0353/00/00/./xgboost_hp_tuning_group_2.000/00/00/register_condorpool_0_2.in",2.9,0,0,,,,,,,,,
xgboost_best_params_ID0000024_pegasus-plan_ID0000020,cpu_4,compute,0,1677734426.0,,,1677734431.0,1677734382.0,1677734399.0,33276142.0,1677734432.0,1677734471.0,1677734406.0,1677734410.0,249.0,1677734471.0,1677734476.0,5.0,,1.0,39.0,5.0,17.0,368018665.0,4.0,1061.0,poseidon,condorpool,poseidon-worker-2-container-32-39,xgboost_best_params,/srv/xgboost_best_params,,0.0,0,0,,,,,,,,,
stage_out_local_condorpool_0_1_pegasus-plan_ID0000020,None,transfer,0,1677734426.0,,,1677734431.0,,,0.0,1677734431.0,1677734441.0,1677734431.0,1677734435.0,2109.0,1677734441.0,1677734446.0,5.0,,0.0,10.0,5.0,,,4.0,8505.0,poseidon,local,host-10-100-100-12.openstacklocal,pegasus::transfer,/home/poseidon/pegasus-5.1.0panorama/bin/pegasus-transfer,/home/poseidon/pegasus-5.1.0panorama/bin/../bin/pegasus-kickstart  -n pegasus::transfer -N null -i - -R local  -L xgboost_hp_tuning_group_2 -T 2023-03-02T05:01:46+00:00 /home/poseidon/pegasus-5.1.0panorama/bin/../bin/pegasus-transfer  --threads 2,1.1,0,0,,,,,,,,,
register_condorpool_0_1_pegasus-plan_ID0000020,None,auxiliary,0,1677734446.0,,,1677734451.0,,,0.0,1677734451.0,1677734456.0,,,0.0,1677734456.0,1677734461.0,5.0,,0.0,5.0,5.0,,,,,poseidon,local,host-10-100-100-12.openstacklocal,pegasus::rc-client,/home/poseidon/pegasus-5.1.0panorama/bin/pegasus-rc-client,"-n pegasus::rc-client -N null -R local  -L xgboost_hp_tuning_group_2 -T 2023-03-02T05:01:46+00:00 /home/poseidon/pegasus-5.1.0panorama/bin/pegasus-rc-client --prefix pegasus.catalog.replica.output --conf /home/poseidon/workflows/predict-future-sales-workflow/submit/poseidon/pegasus/predict-future-sales/run0353/00/00/./xgboost_hp_tuning_group_2.000/pegasus.13530525602442427284.properties -v --meta /home/poseidon/workflows/predict-future-sales-workflow/submit/poseidon/pegasus/predict-future-sales/run0353/00/00/./xgboost_hp_tuning_group_2.000/00/00/xgboost_hp_tuning_ID0000013.meta,/home/poseidon/workflows/predict-future-sales-workflow/submit/poseidon/pegasus/predict-future-sales/run0353/00/00/./xgboost_hp_tuning_group_2.000/00/00/xgboost_hp_tuning_ID0000023.meta,/home/poseidon/workflows/predict-future-sales-workflow/submit/poseidon/pegasus/predict-future-sales/run0353/00/00/./xgboost_hp_tuning_group_2.000/00/00/xgboost_hp_tuning_ID0000011.meta,/home/poseidon/workflows/predict-future-sales-workflow/submit/poseidon/pegasus/predict-future-sales/run0353/00/00/./xgboost_hp_tuning_group_2.000/00/00/xgboost_hp_tuning_ID0000006.meta,/home/poseidon/workflows/predict-future-sales-workflow/submit/poseidon/pegasus/predict-future-sales/run0353/00/00/./xgboost_hp_tuning_group_2.000/00/00/xgboost_hp_tuning_ID0000003.meta,/home/poseidon/workflows/predict-future-sales-workflow/submit/poseidon/pegasus/predict-future-sales/run0353/00/00/./xgboost_hp_tuning_group_2.000/00/00/xgboost_hp_tuning_ID0000021.meta,/home/poseidon/workflows/predict-future-sales-workflow/submit/poseidon/pegasus/predict-future-sales/run0353/00/00/./xgboost_hp_tuning_group_2.000/00/00/xgboost_hp_tuning_ID0000019.meta,/home/poseidon/workflows/predict-future-sales-workflow/submit/poseidon/pegasus/predict-future-sales/run0353/00/00/./xgboost_hp_tuning_group_2.000/00/00/xgboost_hp_tuning_ID0000016.meta --insert /home/poseidon/workflows/predict-future-sales-workflow/submit/poseidon/pegasus/predict-future-sales/run0353/00/00/./xgboost_hp_tuning_group_2.000/00/00/register_condorpool_0_1.in",3.0,0,0,,,,,,,,,
stage_out_local_condorpool_1_0_pegasus-plan_ID0000020,None,transfer,0,1677734476.0,,,1677734481.0,,,0.0,1677734481.0,1677734491.0,1677734482.0,1677734486.0,1225.0,1677734491.0,1677734496.0,5.0,,0.0,10.0,5.0,,,4.0,5305.0,poseidon,local,host-10-100-100-12.openstacklocal,pegasus::transfer,/home/poseidon/pegasus-5.1.0panorama/bin/pegasus-transfer,/home/poseidon/pegasus-5.1.0panorama/bin/../bin/pegasus-kickstart  -n pegasus::transfer -N null -i - -R local  -L xgboost_hp_tuning_group_2 -T 2023-03-02T05:01:46+00:00 /home/poseidon/pegasus-5.1.0panorama/bin/../bin/pegasus-transfer  --threads 2,0.7,0,0,,,,,,,,,
register_condorpool_1_0_pegasus-plan_ID0000020,None,auxiliary,0,1677734496.0,,,1677734501.0,,,0.0,1677734501.0,1677734506.0,,,0.0,1677734506.0,1677734511.0,5.0,,0.0,5.0,5.0,,,,,poseidon,local,host-10-100-100-12.openstacklocal,pegasus::rc-client,/home/poseidon/pegasus-5.1.0panorama/bin/pegasus-rc-client,-n pegasus::rc-client -N null -R local  -L xgboost_hp_tuning_group_2 -T 2023-03-02T05:01:46+00:00 /home/poseidon/pegasus-5.1.0panorama/bin/pegasus-rc-client --prefix pegasus.catalog.replica.output --conf /home/poseidon/workflows/predict-future-sales-workflow/submit/poseidon/pegasus/predict-future-sales/run0353/00/00/./xgboost_hp_tuning_group_2.000/pegasus.13530525602442427284.properties -v --meta /home/poseidon/workflows/predict-future-sales-workflow/submit/poseidon/pegasus/predict-future-sales/run0353/00/00/./xgboost_hp_tuning_group_2.000/00/00/xgboost_best_params_ID0000024.meta --insert /home/poseidon/workflows/predict-future-sales-workflow/submit/poseidon/pegasus/predict-future-sales/run0353/00/00/./xgboost_hp_tuning_group_2.000/00/00/register_condorpool_1_0.in,3.0,0,0,,,,,,,,,
xgboost_model_ID0000021,None,compute,0,1677734515.0,,,1677734520.0,1677734473.0,1677734505.0,68907728.1,1677734523.0,1677734685.0,1677734619.0,1677734623.0,2682313.0,1677734685.0,1677734690.0,5.0,,3.0,162.0,5.0,32.0,1691152082.0,4.0,12748752.0,poseidon,condorpool,poseidon-worker-1-container-16-23,xgboost_model,/srv/xgboost_model,,625.6,0,0,0.1,1348831031.0,24449.0,5328.0,8.0,583.7,16.9,13488310.3,2444.9
stage_out_local_local_5_0,None,transfer,0,1677734515.0,,,1677734520.0,,,0.0,1677734520.0,1677734530.0,1677734521.0,1677734525.0,787.0,1677734530.0,1677734535.0,5.0,,0.0,10.0,5.0,,,4.0,3175.0,poseidon,local,host-10-100-100-12.openstacklocal,pegasus::transfer,/home/poseidon/pegasus-5.1.0panorama/bin/pegasus-transfer,pegasus-kickstart  -n pegasus::transfer -N null -i - -R local  -L predict-future-sales -T 2023-02-17T19:59:06+00:00 pegasus-transfer  --threads 2,0.3,0,0,,,,,,,,,
cleanup_predict-future-sales_0_local,None,auxiliary,0,1677734535.0,,,1677734540.0,,,0.0,1677734540.0,1677734550.0,,,0.0,1677734550.0,1677734555.0,5.0,,0.0,10.0,5.0,,,,,poseidon,local,host-10-100-100-12.openstacklocal,pegasus::cleanup,/home/poseidon/pegasus-5.1.0panorama/bin/pegasus-transfer,pegasus-kickstart  -n pegasus::cleanup -N null -i - -R local  -L predict-future-sales -T 2023-02-17T19:59:06+00:00 pegasus-transfer,0.3,0,0,,,,,,,,,
stage_out_local_condorpool_6_0,None,transfer,0,1677734690.0,,,1677734695.0,,,0.0,1677734695.0,1677734705.0,1677734696.0,1677734700.0,3339458.0,1677734705.0,1677734710.0,5.0,,0.0,10.0,5.0,,,4.0,13469138.0,poseidon,local,host-10-100-100-12.openstacklocal,pegasus::transfer,/home/poseidon/pegasus-5.1.0panorama/bin/pegasus-transfer,pegasus-kickstart  -n pegasus::transfer -N null -i - -R local  -L predict-future-sales -T 2023-02-17T19:59:06+00:00 pegasus-transfer  --threads 2,1.0,0,0,,,,,,,,,
model_predict_ID0000022,None,compute,0,1677734690.0,,,1677734695.0,1677734647.0,1677734665.0,40953868.3,1677734697.0,1677734740.0,1677734674.0,1677734678.0,1228026.0,1677734740.0,1677734745.0,5.0,,2.0,43.0,5.0,18.0,407753338.0,4.0,5523764.0,poseidon,condorpool,poseidon-worker-1-container-16-23,model_predict,/srv/model_predict,,3.6,0,0,,,,,,,,,
stage_out_local_condorpool_7_0,None,transfer,0,1677734745.0,,,1677734750.0,,,0.0,1677734750.0,1677734760.0,1677734750.0,1677734754.0,1487731.0,1677734760.0,1677734765.0,5.0,,0.0,10.0,5.0,,,4.0,6000012.0,poseidon,local,host-10-100-100-12.openstacklocal,pegasus::transfer,/home/poseidon/pegasus-5.1.0panorama/bin/pegasus-transfer,pegasus-kickstart  -n pegasus::transfer -N null -i - -R local  -L predict-future-sales -T 2023-02-17T19:59:06+00:00 pegasus-transfer  --threads 2,0.6,0,0,,,,,,,,,
predict_merge_ID0000023,None,compute,0,1677734745.0,,,1677734750.0,1677734701.0,1677734718.0,37914493.3,1677734751.0,1677734790.0,1677734726.0,1677734730.0,834341.0,1677734790.0,1677734795.0,5.0,,1.0,39.0,5.0,17.0,377176763.0,4.0,3746613.0,poseidon,condorpool,poseidon-worker-1-container-16-23,predict_merge,/srv/predict_merge,,1.4,0,0,,,,,,,,,
stage_out_local_condorpool_8_0,None,transfer,0,1677734795.0,,,1677734800.0,,,0.0,1677734800.0,1677734810.0,1677734800.0,1677734803.0,1725753.0,1677734810.0,1677734815.0,5.0,,0.0,10.0,5.0,,,3.0,3746613.0,poseidon,local,host-10-100-100-12.openstacklocal,pegasus::transfer,/home/poseidon/pegasus-5.1.0panorama/bin/pegasus-transfer,pegasus-kickstart  -n pegasus::transfer -N null -i - -R local  -L predict-future-sales -T 2023-02-17T19:59:06+00:00 pegasus-transfer  --threads 2,0.4,0,0,,,,,,,,,
cleanup_predict-future-sales_0_condorpool,None,auxiliary,0,1677734815.0,,,1677734820.0,,,0.0,1677734820.0,1677734830.0,,,0.0,1677734830.0,1677734835.0,5.0,,0.0,10.0,5.0,,,,,poseidon,local,host-10-100-100-12.openstacklocal,pegasus::cleanup,/home/poseidon/pegasus-5.1.0panorama/bin/pegasus-transfer,pegasus-kickstart  -n pegasus::cleanup -N null -i - -R local  -L predict-future-sales -T 2023-02-17T19:59:06+00:00 pegasus-transfer,0.3,0,0,,,,,,,,,
