,anomaly_type,type,is_clustered,ready,pre_script_start,pre_script_end,submit,stage_in_start,stage_in_end,stage_in_effective_bytes_per_sec,execute_start,execute_end,stage_out_start,stage_out_end,stage_out_effective_bytes_per_sec,post_script_start,post_script_end,wms_delay,pre_script_delay,queue_delay,runtime,post_script_delay,stage_in_delay,stage_in_bytes,stage_out_delay,stage_out_bytes,kickstart_user,kickstart_site,kickstart_hostname,kickstart_transformations,kickstart_executables,kickstart_executables_argv,kickstart_executables_cpu_time,kickstart_status,kickstart_executables_exitcode,kickstart_online_iowait,kickstart_online_bytes_read,kickstart_online_bytes_written,kickstart_online_read_system_calls,kickstart_online_write_system_calls,kickstart_online_utime,kickstart_online_stime,kickstart_online_bytes_read_per_second,kickstart_online_bytes_written_per_second
create_dir_predict-future-sales_0_local,None,auxiliary,0,1678206189.0,,,1678206190.0,,,0.0,1678206194.0,1678206200.0,,,0.0,1678206200.0,1678206205.0,1.0,,4.0,6.0,5.0,,,,,poseidon,local,host-10-100-100-12.openstacklocal,pegasus::dirmanager,/home/poseidon/pegasus-5.1.0panorama/bin/pegasus-transfer,pegasus-kickstart  -n pegasus::dirmanager -N null -i - -R local  -L predict-future-sales -T 2023-02-17T19:59:06+00:00 pegasus-transfer,0.3,0,0,,,,,,,,,
create_dir_predict-future-sales_0_condorpool,None,auxiliary,0,1678206189.0,,,1678206190.0,,,0.0,1678206194.0,1678206200.0,,,0.0,1678206200.0,1678206205.0,1.0,,4.0,6.0,5.0,,,,,poseidon,local,host-10-100-100-12.openstacklocal,pegasus::dirmanager,/home/poseidon/pegasus-5.1.0panorama/bin/pegasus-transfer,pegasus-kickstart  -n pegasus::dirmanager -N null -i - -R local  -L predict-future-sales -T 2023-02-17T19:59:06+00:00 pegasus-transfer,0.3,0,0,,,,,,,,,
stage_in_local_condorpool_6_0,None,transfer,0,1678206205.0,,,1678206210.0,1678206211.0,1678206214.0,2223.0,1678206210.0,1678206220.0,,,0.0,1678206220.0,1678206225.0,5.0,,0.0,10.0,5.0,3.0,7870.0,,,poseidon,local,host-10-100-100-12.openstacklocal,pegasus::transfer,/home/poseidon/pegasus-5.1.0panorama/bin/pegasus-transfer,pegasus-kickstart  -n pegasus::transfer -N null -i - -R local  -L predict-future-sales -T 2023-02-17T19:59:06+00:00 pegasus-transfer  --threads 2,0.5,0,0,,,,,,,,,
stage_in_local_condorpool_0_0,None,transfer,0,1678206205.0,,,1678206210.0,1678206211.0,1678206220.0,96176113.0,1678206210.0,1678206230.0,,,0.0,1678206230.0,1678206235.0,5.0,,0.0,20.0,5.0,9.0,936801734.0,,,poseidon,local,host-10-100-100-12.openstacklocal,pegasus::transfer,/home/poseidon/pegasus-5.1.0panorama/bin/pegasus-transfer,pegasus-kickstart  -n pegasus::transfer -N null -i - -R local  -L predict-future-sales -T 2023-02-17T19:59:06+00:00 pegasus-transfer  --threads 2,5.8,0,0,,,,,,,,,
stage_in_local_condorpool_1_0,None,transfer,0,1678206205.0,,,1678206210.0,1678206211.0,1678206215.0,3588.0,1678206210.0,1678206220.0,,,0.0,1678206220.0,1678206225.0,5.0,,0.0,10.0,5.0,4.0,15640.0,,,poseidon,local,host-10-100-100-12.openstacklocal,pegasus::transfer,/home/poseidon/pegasus-5.1.0panorama/bin/pegasus-transfer,pegasus-kickstart  -n pegasus::transfer -N null -i - -R local  -L predict-future-sales -T 2023-02-17T19:59:06+00:00 pegasus-transfer  --threads 2,0.6,0,0,,,,,,,,,
stage_in_local_condorpool_7_0,None,transfer,0,1678206205.0,,,1678206210.0,1678206211.0,1678206214.0,983.0,1678206210.0,1678206220.0,,,0.0,1678206220.0,1678206225.0,5.0,,0.0,10.0,5.0,3.0,3488.0,,,poseidon,local,host-10-100-100-12.openstacklocal,pegasus::transfer,/home/poseidon/pegasus-5.1.0panorama/bin/pegasus-transfer,pegasus-kickstart  -n pegasus::transfer -N null -i - -R local  -L predict-future-sales -T 2023-02-17T19:59:06+00:00 pegasus-transfer  --threads 2,0.5,0,0,,,,,,,,,
stage_in_local_condorpool_3_0,None,transfer,0,1678206205.0,,,1678206210.0,1678206211.0,1678206215.0,2912.0,1678206210.0,1678206220.0,,,0.0,1678206220.0,1678206225.0,5.0,,0.0,10.0,5.0,4.0,12704.0,,,poseidon,local,host-10-100-100-12.openstacklocal,pegasus::transfer,/home/poseidon/pegasus-5.1.0panorama/bin/pegasus-transfer,pegasus-kickstart  -n pegasus::transfer -N null -i - -R local  -L predict-future-sales -T 2023-02-17T19:59:06+00:00 pegasus-transfer  --threads 2,0.6,0,0,,,,,,,,,
stage_in_local_condorpool_8_0,None,transfer,0,1678206205.0,,,1678206210.0,1678206211.0,1678206214.0,658.0,1678206210.0,1678206220.0,,,0.0,1678206220.0,1678206225.0,5.0,,0.0,10.0,5.0,3.0,2368.0,,,poseidon,local,host-10-100-100-12.openstacklocal,pegasus::transfer,/home/poseidon/pegasus-5.1.0panorama/bin/pegasus-transfer,pegasus-kickstart  -n pegasus::transfer -N null -i - -R local  -L predict-future-sales -T 2023-02-17T19:59:06+00:00 pegasus-transfer  --threads 2,0.5,0,0,,,,,,,,,
stage_in_local_local_4_0,None,transfer,0,1678206205.0,,,1678206210.0,1678206211.0,1678206213.0,5858.0,1678206210.0,1678206220.0,,,0.0,1678206220.0,1678206225.0,5.0,,0.0,10.0,5.0,2.0,12577.0,,,poseidon,local,host-10-100-100-12.openstacklocal,pegasus::transfer,/home/poseidon/pegasus-5.1.0panorama/bin/pegasus-transfer,pegasus-kickstart  -n pegasus::transfer -N null -i - -R local  -L predict-future-sales -T 2023-02-17T19:59:06+00:00 pegasus-transfer  --threads 2,0.4,0,0,,,,,,,,,
stage_in_local_condorpool_2_0,None,transfer,0,1678206205.0,,,1678206210.0,1678206211.0,1678206216.0,9870.0,1678206210.0,1678206225.0,,,0.0,1678206225.0,1678206230.0,5.0,,0.0,15.0,5.0,5.0,55480.0,,,poseidon,local,host-10-100-100-12.openstacklocal,pegasus::transfer,/home/poseidon/pegasus-5.1.0panorama/bin/pegasus-transfer,pegasus-kickstart  -n pegasus::transfer -N null -i - -R local  -L predict-future-sales -T 2023-02-17T19:59:06+00:00 pegasus-transfer  --threads 2,1.1,0,0,,,,,,,,,
preprocess_ID0000003,None,compute,0,1678206235.0,,,1678206240.0,1678206191.0,1678206211.0,42546813.6,1678206248.0,1678206295.0,1678206222.0,1678206230.0,21816089.0,1678206295.0,1678206300.0,5.0,,8.0,47.0,5.0,20.0,467356066.0,8.0,160257914.0,poseidon,condorpool,poseidon-worker-1-container-0-7,preprocess,/srv/preprocess,,4.3,0,0,,,,,,,,,
nlp_ID0000002,None,compute,0,1678206235.0,,,1678206240.0,1678206190.0,1678206208.0,41866075.0,1678206248.0,1678206545.0,1678206474.0,1678206479.0,585506.0,1678206545.0,1678206550.0,5.0,,8.0,297.0,5.0,18.0,369033604.0,5.0,2755872.0,poseidon,condorpool,poseidon-worker-3-container-16-23,nlp,/srv/nlp,,1634.1,0,0,0.0,21406513.0,8791.0,3088.0,5.0,1574.1,2.5,85626.1,879.1
eda_ID0000001,None,compute,0,1678206235.0,,,1678206240.0,1678206191.0,1678206209.0,45020451.7,1678206248.0,1678206320.0,1678206249.0,1678206254.0,269778.0,1678206320.0,1678206325.0,5.0,,8.0,72.0,5.0,18.0,464177772.0,5.0,1196969.0,poseidon,condorpool,poseidon-worker-2-container-8-15,eda,/srv/eda,,33.5,0,0,0.1,144954813.0,877663.0,27583.0,42.0,28.1,1.9,4831827.1,29255.4
feature_eng_0_ID0000004,None,compute,0,1678206300.0,,,1678206305.0,1678206250.0,1678206267.0,40958118.3,1678206307.0,1678206350.0,1678206278.0,1678206283.0,195762.0,1678206350.0,1678206355.0,5.0,,2.0,43.0,5.0,17.0,369949088.0,5.0,893320.0,poseidon,condorpool,poseidon-worker-1-container-0-7,feature_eng_0,/srv/feature_eng_0,,4.9,0,0,,,,,,,,,
feature_eng_1_ID0000005,None,compute,0,1678206300.0,,,1678206305.0,1678206250.0,1678206273.0,37439747.0,1678206307.0,1678206375.0,1678206297.0,1678206308.0,35806688.0,1678206375.0,1678206380.0,5.0,,2.0,68.0,5.0,23.0,528250191.0,11.0,393324463.0,poseidon,condorpool,poseidon-worker-1-container-0-7,feature_eng_1,/srv/feature_eng_1,,15.7,0,0,0.0,169636138.0,8.0,1780.0,1.0,8.0,1.9,16963613.8,0.8
feature_eng_4_ID0000008,None,compute,0,1678206380.0,,,1678206385.0,1678206330.0,1678206356.0,46343274.0,1678206387.0,1678206510.0,1678206417.0,1678206442.0,49197253.0,1678206510.0,1678206515.0,5.0,,2.0,123.0,5.0,26.0,761328752.0,25.0,1201824259.0,poseidon,condorpool,poseidon-worker-1-container-0-7,feature_eng_4,/srv/feature_eng_4,,49.4,0,0,0.0,402756268.0,8.0,1430.0,1.0,27.5,12.5,10068906.7,0.8
feature_eng_3_ID0000007,None,compute,0,1678206380.0,,,1678206385.0,1678206331.0,1678206361.0,33572431.5,1678206387.0,1678206570.0,1678206479.0,1678206503.0,48947922.0,1678206570.0,1678206575.0,5.0,,2.0,183.0,5.0,30.0,762217561.0,24.0,1179971921.0,poseidon,condorpool,poseidon-worker-1-container-0-7,feature_eng_3,/srv/feature_eng_3,,105.6,0,0,0.0,403678847.0,8.0,1552.0,1.0,68.3,31.7,4036788.5,0.8
feature_eng_2_ID0000006,None,compute,0,1678206380.0,,,1678206385.0,1678206330.0,1678206358.0,36960466.0,1678206387.0,1678206755.0,1678206654.0,1678206687.0,52291180.0,1678206755.0,1678206760.0,5.0,,2.0,368.0,5.0,28.0,761320658.0,33.0,1748107178.0,poseidon,condorpool,poseidon-worker-1-container-0-7,feature_eng_2,/srv/feature_eng_2,,280.5,0,0,0.0,402840673.0,524431991.0,1798.0,12.0,212.2,67.8,1438716.7,26221599.5
feature_eng_5_ID0000009,None,compute,0,1678206380.0,,,1678206385.0,1678206329.0,1678206354.0,55414283.6,1678206386.0,1678206665.0,1678206582.0,1678206597.0,43046656.0,1678206665.0,1678206670.0,5.0,,1.0,279.0,5.0,25.0,856820455.0,15.0,655540227.0,poseidon,condorpool,poseidon-worker-2-container-8-15,feature_eng_5,/srv/feature_eng_5,,218.0,0,0,0.0,498262215.0,8.0,1948.0,1.0,192.3,17.7,2372677.2,0.8
stage_out_local_condorpool_1_0,None,transfer,0,1678206380.0,,,1678206385.0,,,0.0,1678206385.0,1678206395.0,1678206385.0,1678206389.0,93390597.0,1678206395.0,1678206400.0,5.0,,0.0,10.0,5.0,,,4.0,394217783.0,poseidon,local,host-10-100-100-12.openstacklocal,pegasus::transfer,/home/poseidon/pegasus-5.1.0panorama/bin/pegasus-transfer,pegasus-kickstart  -n pegasus::transfer -N null -i - -R local  -L predict-future-sales -T 2023-02-17T19:59:06+00:00 pegasus-transfer  --threads 2,2.1,0,0,,,,,,,,,
register_condorpool_1_0,None,auxiliary,0,1678206400.0,,,1678206405.0,,,0.0,1678206405.0,1678206410.0,,,0.0,1678206410.0,1678206415.0,5.0,,0.0,5.0,5.0,,,,,poseidon,local,host-10-100-100-12.openstacklocal,pegasus::rc-client,/home/poseidon/pegasus-5.1.0panorama/bin/pegasus-rc-client,"pegasus-kickstart  -n pegasus::rc-client -N null -R local  -L predict-future-sales -T 2023-02-17T19:59:06+00:00 /home/poseidon/pegasus-5.1.0panorama/bin/pegasus-rc-client --prefix pegasus.catalog.replica.output --conf /home/poseidon/workflows/predict-future-sales-workflow/submit/poseidon/pegasus/predict-future-sales/run0487/pegasus.18395927101525906149.properties -v --meta /home/poseidon/workflows/predict-future-sales-workflow/submit/poseidon/pegasus/predict-future-sales/run0487/00/00/feature_eng_1_ID0000005.meta,/home/poseidon/workflows/predict-future-sales-workflow/submit/poseidon/pegasus/predict-future-sales/run0487/00/00/feature_eng_0_ID0000004.meta --insert /home/poseidon/workflows/predict-future-sales-workflow/submit/poseidon/pegasus/predict-future-sales/run0487/00/00/register_condorpool_1_0.in",3.0,0,0,,,,,,,,,
stage_out_local_condorpool_0_0,None,transfer,0,1678206550.0,,,1678206555.0,,,0.0,1678206555.0,1678206565.0,1678206555.0,1678206559.0,40735925.0,1678206565.0,1678206570.0,5.0,,0.0,10.0,5.0,,,4.0,164210755.0,poseidon,local,host-10-100-100-12.openstacklocal,pegasus::transfer,/home/poseidon/pegasus-5.1.0panorama/bin/pegasus-transfer,pegasus-kickstart  -n pegasus::transfer -N null -i - -R local  -L predict-future-sales -T 2023-02-17T19:59:06+00:00 pegasus-transfer  --threads 2,2.1,0,0,,,,,,,,,
register_condorpool_0_0,None,auxiliary,0,1678206570.0,,,1678206575.0,,,0.0,1678206575.0,1678206580.0,,,0.0,1678206580.0,1678206585.0,5.0,,0.0,5.0,5.0,,,,,poseidon,local,host-10-100-100-12.openstacklocal,pegasus::rc-client,/home/poseidon/pegasus-5.1.0panorama/bin/pegasus-rc-client,"pegasus-kickstart  -n pegasus::rc-client -N null -R local  -L predict-future-sales -T 2023-02-17T19:59:06+00:00 /home/poseidon/pegasus-5.1.0panorama/bin/pegasus-rc-client --prefix pegasus.catalog.replica.output --conf /home/poseidon/workflows/predict-future-sales-workflow/submit/poseidon/pegasus/predict-future-sales/run0487/pegasus.18395927101525906149.properties -v --meta /home/poseidon/workflows/predict-future-sales-workflow/submit/poseidon/pegasus/predict-future-sales/run0487/00/00/nlp_ID0000002.meta,/home/poseidon/workflows/predict-future-sales-workflow/submit/poseidon/pegasus/predict-future-sales/run0487/00/00/eda_ID0000001.meta,/home/poseidon/workflows/predict-future-sales-workflow/submit/poseidon/pegasus/predict-future-sales/run0487/00/00/preprocess_ID0000003.meta --insert /home/poseidon/workflows/predict-future-sales-workflow/submit/poseidon/pegasus/predict-future-sales/run0487/00/00/register_condorpool_0_0.in",3.1,0,0,,,,,,,,,
stage_out_local_condorpool_2_0,None,transfer,0,1678206760.0,,,1678206765.0,,,0.0,1678206765.0,1678206790.0,1678206766.0,1678206784.0,252744739.0,1678206790.0,1678206795.0,5.0,,0.0,25.0,5.0,,,18.0,4785443585.0,poseidon,local,host-10-100-100-12.openstacklocal,pegasus::transfer,/home/poseidon/pegasus-5.1.0panorama/bin/pegasus-transfer,pegasus-kickstart  -n pegasus::transfer -N null -i - -R local  -L predict-future-sales -T 2023-02-17T19:59:06+00:00 pegasus-transfer  --threads 2,20.7,0,0,,,,,,,,,
feature_merge_ID0000010,None,compute,0,1678206760.0,,,1678206765.0,1678206710.0,1678206785.0,78181513.0,1678206767.0,1678206995.0,1678206875.0,1678206929.0,54786238.0,1678206995.0,1678207000.0,5.0,,2.0,228.0,5.0,75.0,5155397110.0,54.0,2993643458.0,poseidon,condorpool,poseidon-worker-2-container-8-15,feature_merge,/srv/feature_merge,,60.4,0,0,0.0,4796861617.0,2589392432.0,1454.0,85.0,37.9,22.1,79947693.6,129469621.6
register_condorpool_2_0,None,auxiliary,0,1678206795.0,,,1678206800.0,,,0.0,1678206800.0,1678206805.0,,,0.0,1678206805.0,1678206810.0,5.0,,0.0,5.0,5.0,,,,,poseidon,local,host-10-100-100-12.openstacklocal,pegasus::rc-client,/home/poseidon/pegasus-5.1.0panorama/bin/pegasus-rc-client,"pegasus-kickstart  -n pegasus::rc-client -N null -R local  -L predict-future-sales -T 2023-02-17T19:59:06+00:00 /home/poseidon/pegasus-5.1.0panorama/bin/pegasus-rc-client --prefix pegasus.catalog.replica.output --conf /home/poseidon/workflows/predict-future-sales-workflow/submit/poseidon/pegasus/predict-future-sales/run0487/pegasus.18395927101525906149.properties -v --meta /home/poseidon/workflows/predict-future-sales-workflow/submit/poseidon/pegasus/predict-future-sales/run0487/00/00/feature_eng_5_ID0000009.meta,/home/poseidon/workflows/predict-future-sales-workflow/submit/poseidon/pegasus/predict-future-sales/run0487/00/00/feature_eng_2_ID0000006.meta,/home/poseidon/workflows/predict-future-sales-workflow/submit/poseidon/pegasus/predict-future-sales/run0487/00/00/feature_eng_3_ID0000007.meta,/home/poseidon/workflows/predict-future-sales-workflow/submit/poseidon/pegasus/predict-future-sales/run0487/00/00/feature_eng_4_ID0000008.meta --insert /home/poseidon/workflows/predict-future-sales-workflow/submit/poseidon/pegasus/predict-future-sales/run0487/00/00/register_condorpool_2_0.in",3.0,0,0,,,,,,,,,
stage_inter_local_xgboost_model_ID0000021_0,None,transfer,0,1678207000.0,,,1678207005.0,1678207006.0,1678207043.0,70201847.0,1678207005.0,1678207051.0,,,0.0,1678207051.0,1678207056.0,5.0,,0.0,46.0,5.0,37.0,2646308508.0,,,poseidon,local,host-10-100-100-12.openstacklocal,pegasus::transfer,/home/poseidon/pegasus-5.1.0panorama/bin/pegasus-transfer,pegasus-kickstart  -n pegasus::transfer -N null -i - -R local  -L predict-future-sales -T 2023-02-17T19:59:06+00:00 pegasus-transfer  --threads 2,9.4,0,0,,,,,,,,,
stage_inter_local_xgboost_hp_tuning_workflow_ID0000015_0,None,transfer,0,1678207000.0,,,1678207005.0,1678207006.0,1678207008.0,402.0,1678207005.0,1678207015.0,,,0.0,1678207015.0,1678207020.0,5.0,,0.0,10.0,5.0,2.0,826.0,,,poseidon,local,host-10-100-100-12.openstacklocal,pegasus::transfer,/home/poseidon/pegasus-5.1.0panorama/bin/pegasus-transfer,pegasus-kickstart  -n pegasus::transfer -N null -i - -R local  -L predict-future-sales -T 2023-02-17T19:59:06+00:00 pegasus-transfer  --threads 2,0.3,0,0,,,,,,,,,
stage_inter_local_model_predict_ID0000022_0,None,transfer,0,1678207000.0,,,1678207005.0,1678207006.0,1678207009.0,14438151.0,1678207005.0,1678207015.0,,,0.0,1678207015.0,1678207020.0,5.0,,0.0,10.0,5.0,3.0,54050130.0,,,poseidon,local,host-10-100-100-12.openstacklocal,pegasus::transfer,/home/poseidon/pegasus-5.1.0panorama/bin/pegasus-transfer,pegasus-kickstart  -n pegasus::transfer -N null -i - -R local  -L predict-future-sales -T 2023-02-17T19:59:06+00:00 pegasus-transfer  --threads 2,0.6,0,0,,,,,,,,,
stage_out_local_condorpool_3_0,None,transfer,0,1678207000.0,,,1678207005.0,,,0.0,1678207005.0,1678207035.0,1678207005.0,1678207029.0,128803648.0,1678207035.0,1678207040.0,5.0,,0.0,30.0,5.0,,,24.0,2993643458.0,poseidon,local,host-10-100-100-12.openstacklocal,pegasus::transfer,/home/poseidon/pegasus-5.1.0panorama/bin/pegasus-transfer,pegasus-kickstart  -n pegasus::transfer -N null -i - -R local  -L predict-future-sales -T 2023-02-17T19:59:06+00:00 pegasus-transfer  --threads 2,14.3,0,0,,,,,,,,,
stage_inter_local_xgboost_model_ID0000013_0,None,transfer,0,1678207000.0,,,1678207005.0,1678207005.0,1678207013.0,35513515.0,1678207005.0,1678207020.0,,,0.0,1678207020.0,1678207025.0,5.0,,0.0,15.0,5.0,8.0,269346726.0,,,poseidon,local,host-10-100-100-12.openstacklocal,pegasus::transfer,/home/poseidon/pegasus-5.1.0panorama/bin/pegasus-transfer,pegasus-kickstart  -n pegasus::transfer -N null -i - -R local  -L predict-future-sales -T 2023-02-17T19:59:06+00:00 pegasus-transfer  --threads 2,1.3,0,0,,,,,,,,,
stage_inter_local_model_predict_ID0000014_0,None,transfer,0,1678207000.0,,,1678207005.0,1678207006.0,1678207009.0,1276020.0,1678207005.0,1678207015.0,,,0.0,1678207015.0,1678207020.0,5.0,,0.0,10.0,5.0,3.0,4411696.0,,,poseidon,local,host-10-100-100-12.openstacklocal,pegasus::transfer,/home/poseidon/pegasus-5.1.0panorama/bin/pegasus-transfer,pegasus-kickstart  -n pegasus::transfer -N null -i - -R local  -L predict-future-sales -T 2023-02-17T19:59:06+00:00 pegasus-transfer  --threads 2,0.4,0,0,,,,,,,,,
xgboost_hp_tuning_workflow_ID0000015,None,compute,0,1678207020.0,,,1678207025.0,,,0.0,1678207025.0,1678207040.0,,,0.0,1678207040.0,1678207046.0,5.0,,0.0,15.0,6.0,,,,,poseidon,local,poseidon-submit.novalocal,xgboost_hp_tuning_workflow,/var/spool/condor/local_univ_execute/dir_3225763/xgboost_hp_tuning_workflow,/home/poseidon/workflows/predict-future-sales-workflow/submit/poseidon/pegasus/predict-future-sales/run0487/00/00/xgboost_hp_tuning_workflow_ID0000015.sh,0.1,0,0,,,,,,,,,
xgboost_hp_tuning_workflow_ID0000011,None,compute,0,1678207020.0,,,1678207025.0,,,0.0,1678207025.0,1678207046.0,,,0.0,1678207046.0,1678207051.0,5.0,,0.0,21.0,5.0,,,,,poseidon,local,poseidon-submit.novalocal,xgboost_hp_tuning_workflow,/var/spool/condor/local_univ_execute/dir_3225764/xgboost_hp_tuning_workflow,/home/poseidon/workflows/predict-future-sales-workflow/submit/poseidon/pegasus/predict-future-sales/run0487/00/00/xgboost_hp_tuning_workflow_ID0000011.sh,0.1,0,0,,,,,,,,,
xgboost_hp_tuning_workflow_ID0000019,None,compute,0,1678207020.0,,,1678207025.0,,,0.0,1678207025.0,1678207040.0,,,0.0,1678207040.0,1678207046.0,5.0,,0.0,15.0,6.0,,,,,poseidon,local,poseidon-submit.novalocal,xgboost_hp_tuning_workflow,/var/spool/condor/local_univ_execute/dir_3225767/xgboost_hp_tuning_workflow,/home/poseidon/workflows/predict-future-sales-workflow/submit/poseidon/pegasus/predict-future-sales/run0487/00/00/xgboost_hp_tuning_workflow_ID0000019.sh,0.1,0,0,,,,,,,,,
register_condorpool_3_0,None,auxiliary,0,1678207040.0,,,1678207046.0,,,0.0,1678207046.0,1678207051.0,,,0.0,1678207051.0,1678207056.0,6.0,,0.0,5.0,5.0,,,,,poseidon,local,host-10-100-100-12.openstacklocal,pegasus::rc-client,/home/poseidon/pegasus-5.1.0panorama/bin/pegasus-rc-client,pegasus-kickstart  -n pegasus::rc-client -N null -R local  -L predict-future-sales -T 2023-02-17T19:59:06+00:00 /home/poseidon/pegasus-5.1.0panorama/bin/pegasus-rc-client --prefix pegasus.catalog.replica.output --conf /home/poseidon/workflows/predict-future-sales-workflow/submit/poseidon/pegasus/predict-future-sales/run0487/pegasus.18395927101525906149.properties -v --meta /home/poseidon/workflows/predict-future-sales-workflow/submit/poseidon/pegasus/predict-future-sales/run0487/00/00/feature_merge_ID0000010.meta --insert /home/poseidon/workflows/predict-future-sales-workflow/submit/poseidon/pegasus/predict-future-sales/run0487/00/00/register_condorpool_3_0.in,3.0,0,0,,,,,,,,,
pegasus-plan_ID0000020,None,subwf,0,1678207046.0,1678207046.0,1678207051.0,1678207056.0,,,0.0,1678207056.0,1678208178.0,,,0.0,,,0.0,5.0,0.0,1122.0,,,,,,poseidon,local,poseidon-submit,condor::dagman,/usr/bin/condor_dagman,-p 0  -f -l . -Notification never -Debug 3 -Lockfile xgboost_hp_tuning_group_2.dag.lock -Dag xgboost_hp_tuning_group_2.dag -AllowVersionMismatch  -AutoRescue 1 -DoRescueFrom 0,0.0,0,0,,,,,,,,,
pegasus-plan_ID0000016,None,subwf,0,1678207046.0,1678207046.0,1678207051.0,1678207056.0,,,0.0,1678207056.0,1678207287.0,,,0.0,,,0.0,5.0,0.0,231.0,,,,,,poseidon,local,poseidon-submit,condor::dagman,/usr/bin/condor_dagman,-p 0  -f -l . -Notification never -Debug 3 -Lockfile xgboost_hp_tuning_group_1.dag.lock -Dag xgboost_hp_tuning_group_1.dag -AllowVersionMismatch  -AutoRescue 1 -DoRescueFrom 0,0.0,0,0,,,,,,,,,
pegasus-plan_ID0000012,None,subwf,0,1678207051.0,1678207051.0,1678207056.0,1678207061.0,,,0.0,1678207065.0,1678207792.0,,,0.0,,,0.0,5.0,4.0,727.0,,,,,,poseidon,local,poseidon-submit,condor::dagman,/usr/bin/condor_dagman,-p 0  -f -l . -Notification never -Debug 3 -Lockfile xgboost_hp_tuning_group_0.dag.lock -Dag xgboost_hp_tuning_group_0.dag -AllowVersionMismatch  -AutoRescue 1 -DoRescueFrom 0,0.0,0,0,,,,,,,,,
stage_out_local_local_4_0,None,transfer,0,1678207051.0,,,1678207056.0,,,0.0,1678207056.0,1678207066.0,1678207056.0,1678207060.0,21099.0,1678207066.0,1678207071.0,5.0,,0.0,10.0,5.0,,,4.0,85038.0,poseidon,local,host-10-100-100-12.openstacklocal,pegasus::transfer,/home/poseidon/pegasus-5.1.0panorama/bin/pegasus-transfer,pegasus-kickstart  -n pegasus::transfer -N null -i - -R local  -L predict-future-sales -T 2023-02-17T19:59:06+00:00 pegasus-transfer  --threads 2,0.6,0,0,,,,,,,,,
create_dir_predict-future-sales-hp-tuning_0_condorpool_pegasus-plan_ID0000016,None,auxiliary,0,1678207056.0,,,1678207057.0,,,0.0,1678207061.0,1678207067.0,,,0.0,1678207067.0,1678207072.0,1.0,,4.0,6.0,5.0,,,,,poseidon,local,host-10-100-100-12.openstacklocal,pegasus::dirmanager,/home/poseidon/pegasus-5.1.0panorama/bin/pegasus-transfer,pegasus-kickstart  -n pegasus::dirmanager -N null -i - -R local  -L xgboost_hp_tuning_group_1 -T 2023-03-07T16:37:28+00:00 pegasus-transfer,0.3,0,0,,,,,,,,,
create_dir_predict-future-sales-hp-tuning_0_condorpool_pegasus-plan_ID0000020,None,auxiliary,0,1678207056.0,,,1678207057.0,,,0.0,1678207061.0,1678207067.0,,,0.0,1678207067.0,1678207072.0,1.0,,4.0,6.0,5.0,,,,,poseidon,local,host-10-100-100-12.openstacklocal,pegasus::dirmanager,/home/poseidon/pegasus-5.1.0panorama/bin/pegasus-transfer,pegasus-kickstart  -n pegasus::dirmanager -N null -i - -R local  -L xgboost_hp_tuning_group_2 -T 2023-03-07T16:37:28+00:00 pegasus-transfer,0.3,0,0,,,,,,,,,
create_dir_predict-future-sales-hp-tuning_0_condorpool_pegasus-plan_ID0000012,None,auxiliary,0,1678207065.0,,,1678207066.0,,,0.0,1678207066.0,1678207076.0,,,0.0,1678207076.0,1678207081.0,1.0,,0.0,10.0,5.0,,,,,poseidon,local,host-10-100-100-12.openstacklocal,pegasus::dirmanager,/home/poseidon/pegasus-5.1.0panorama/bin/pegasus-transfer,pegasus-kickstart  -n pegasus::dirmanager -N null -i - -R local  -L xgboost_hp_tuning_group_0 -T 2023-03-07T16:37:33+00:00 pegasus-transfer,0.3,0,0,,,,,,,,,
register_local_4_0,None,auxiliary,0,1678207071.0,,,1678207076.0,,,0.0,1678207076.0,1678207081.0,,,0.0,1678207081.0,1678207086.0,5.0,,0.0,5.0,5.0,,,,,poseidon,local,host-10-100-100-12.openstacklocal,pegasus::rc-client,/home/poseidon/pegasus-5.1.0panorama/bin/pegasus-rc-client,"pegasus-kickstart  -n pegasus::rc-client -N null -R local  -L predict-future-sales -T 2023-02-17T19:59:06+00:00 /home/poseidon/pegasus-5.1.0panorama/bin/pegasus-rc-client --prefix pegasus.catalog.replica.output --conf /home/poseidon/workflows/predict-future-sales-workflow/submit/poseidon/pegasus/predict-future-sales/run0487/pegasus.18395927101525906149.properties -v --meta /home/poseidon/workflows/predict-future-sales-workflow/submit/poseidon/pegasus/predict-future-sales/run0487/00/00/xgboost_hp_tuning_workflow_ID0000011.meta,/home/poseidon/workflows/predict-future-sales-workflow/submit/poseidon/pegasus/predict-future-sales/run0487/00/00/xgboost_hp_tuning_workflow_ID0000019.meta,/home/poseidon/workflows/predict-future-sales-workflow/submit/poseidon/pegasus/predict-future-sales/run0487/00/00/xgboost_hp_tuning_workflow_ID0000015.meta --insert /home/poseidon/workflows/predict-future-sales-workflow/submit/poseidon/pegasus/predict-future-sales/run0487/00/00/register_local_4_0.in",3.0,0,0,,,,,,,,,
stage_in_local_condorpool_0_2_pegasus-plan_ID0000020,None,transfer,0,1678207072.0,,,1678207077.0,1678207078.0,1678207087.0,87463886.0,1678207078.0,1678207092.0,,,0.0,1678207092.0,1678207097.0,5.0,,1.0,14.0,5.0,9.0,735985664.0,,,poseidon,local,host-10-100-100-12.openstacklocal,pegasus::transfer,/home/poseidon/pegasus-5.1.0panorama/bin/pegasus-transfer,-n pegasus::transfer -N null -i - -R local  -L xgboost_hp_tuning_group_2 -T 2023-03-07T16:37:28+00:00 /home/poseidon/pegasus-5.1.0panorama/bin/../bin/pegasus-transfer  --threads 2,3.9,0,0,,,,,,,,,
stage_in_local_condorpool_0_0_pegasus-plan_ID0000016,None,transfer,0,1678207072.0,,,1678207077.0,1678207078.0,1678207083.0,2773.0,1678207078.0,1678207092.0,,,0.0,1678207092.0,1678207097.0,5.0,,1.0,14.0,5.0,5.0,12142.0,,,poseidon,local,host-10-100-100-12.openstacklocal,pegasus::transfer,/home/poseidon/pegasus-5.1.0panorama/bin/pegasus-transfer,-n pegasus::transfer -N null -i - -R local  -L xgboost_hp_tuning_group_1 -T 2023-03-07T16:37:28+00:00 /home/poseidon/pegasus-5.1.0panorama/bin/../bin/pegasus-transfer  --threads 2,0.6,0,0,,,,,,,,,
stage_in_local_condorpool_1_0_pegasus-plan_ID0000016,None,transfer,0,1678207072.0,,,1678207077.0,1678207078.0,1678207082.0,814.0,1678207078.0,1678207087.0,,,0.0,1678207087.0,1678207092.0,5.0,,1.0,9.0,5.0,4.0,2874.0,,,poseidon,local,host-10-100-100-12.openstacklocal,pegasus::transfer,/home/poseidon/pegasus-5.1.0panorama/bin/pegasus-transfer,-n pegasus::transfer -N null -i - -R local  -L xgboost_hp_tuning_group_1 -T 2023-03-07T16:37:28+00:00 /home/poseidon/pegasus-5.1.0panorama/bin/../bin/pegasus-transfer  --threads 2,0.5,0,0,,,,,,,,,
stage_in_local_condorpool_0_1_pegasus-plan_ID0000016,None,transfer,0,1678207072.0,,,1678207077.0,1678207078.0,1678207082.0,5255885.0,1678207078.0,1678207087.0,,,0.0,1678207087.0,1678207092.0,5.0,,1.0,9.0,5.0,4.0,19294600.0,,,poseidon,local,host-10-100-100-12.openstacklocal,pegasus::transfer,/home/poseidon/pegasus-5.1.0panorama/bin/pegasus-transfer,-n pegasus::transfer -N null -i - -R local  -L xgboost_hp_tuning_group_1 -T 2023-03-07T16:37:28+00:00 /home/poseidon/pegasus-5.1.0panorama/bin/../bin/pegasus-transfer  --threads 2,0.6,0,0,,,,,,,,,
stage_in_local_condorpool_0_2_pegasus-plan_ID0000016,None,transfer,0,1678207072.0,,,1678207077.0,1678207078.0,1678207087.0,87485434.0,1678207078.0,1678207092.0,,,0.0,1678207092.0,1678207097.0,5.0,,1.0,14.0,5.0,9.0,735985664.0,,,poseidon,local,host-10-100-100-12.openstacklocal,pegasus::transfer,/home/poseidon/pegasus-5.1.0panorama/bin/pegasus-transfer,-n pegasus::transfer -N null -i - -R local  -L xgboost_hp_tuning_group_1 -T 2023-03-07T16:37:28+00:00 /home/poseidon/pegasus-5.1.0panorama/bin/../bin/pegasus-transfer  --threads 2,3.9,0,0,,,,,,,,,
stage_in_local_condorpool_1_0_pegasus-plan_ID0000020,None,transfer,0,1678207072.0,,,1678207077.0,1678207078.0,1678207082.0,826.0,1678207078.0,1678207087.0,,,0.0,1678207087.0,1678207092.0,5.0,,1.0,9.0,5.0,4.0,2874.0,,,poseidon,local,host-10-100-100-12.openstacklocal,pegasus::transfer,/home/poseidon/pegasus-5.1.0panorama/bin/pegasus-transfer,-n pegasus::transfer -N null -i - -R local  -L xgboost_hp_tuning_group_2 -T 2023-03-07T16:37:28+00:00 /home/poseidon/pegasus-5.1.0panorama/bin/../bin/pegasus-transfer  --threads 2,0.5,0,0,,,,,,,,,
stage_in_local_condorpool_0_1_pegasus-plan_ID0000020,None,transfer,0,1678207072.0,,,1678207077.0,1678207078.0,1678207095.0,159282407.0,1678207078.0,1678207102.0,,,0.0,1678207102.0,1678207107.0,5.0,,1.0,24.0,5.0,17.0,2646308508.0,,,poseidon,local,host-10-100-100-12.openstacklocal,pegasus::transfer,/home/poseidon/pegasus-5.1.0panorama/bin/pegasus-transfer,-n pegasus::transfer -N null -i - -R local  -L xgboost_hp_tuning_group_2 -T 2023-03-07T16:37:28+00:00 /home/poseidon/pegasus-5.1.0panorama/bin/../bin/pegasus-transfer  --threads 2,11.8,0,0,,,,,,,,,
stage_in_local_condorpool_0_0_pegasus-plan_ID0000020,None,transfer,0,1678207072.0,,,1678207077.0,1678207078.0,1678207082.0,2814.0,1678207078.0,1678207092.0,,,0.0,1678207092.0,1678207097.0,5.0,,1.0,14.0,5.0,4.0,12142.0,,,poseidon,local,host-10-100-100-12.openstacklocal,pegasus::transfer,/home/poseidon/pegasus-5.1.0panorama/bin/pegasus-transfer,-n pegasus::transfer -N null -i - -R local  -L xgboost_hp_tuning_group_2 -T 2023-03-07T16:37:28+00:00 /home/poseidon/pegasus-5.1.0panorama/bin/../bin/pegasus-transfer  --threads 2,0.6,0,0,,,,,,,,,
stage_in_local_condorpool_0_1_pegasus-plan_ID0000012,None,transfer,0,1678207081.0,,,1678207086.0,1678207087.0,1678207093.0,49054003.0,1678207087.0,1678207101.0,,,0.0,1678207101.0,1678207106.0,5.0,,1.0,14.0,5.0,6.0,269346726.0,,,poseidon,local,host-10-100-100-12.openstacklocal,pegasus::transfer,/home/poseidon/pegasus-5.1.0panorama/bin/pegasus-transfer,-n pegasus::transfer -N null -i - -R local  -L xgboost_hp_tuning_group_0 -T 2023-03-07T16:37:33+00:00 /home/poseidon/pegasus-5.1.0panorama/bin/../bin/pegasus-transfer  --threads 2,1.8,0,0,,,,,,,,,
stage_in_local_condorpool_0_0_pegasus-plan_ID0000012,None,transfer,0,1678207081.0,,,1678207086.0,1678207087.0,1678207092.0,2791.0,1678207087.0,1678207101.0,,,0.0,1678207101.0,1678207106.0,5.0,,1.0,14.0,5.0,5.0,12142.0,,,poseidon,local,host-10-100-100-12.openstacklocal,pegasus::transfer,/home/poseidon/pegasus-5.1.0panorama/bin/pegasus-transfer,-n pegasus::transfer -N null -i - -R local  -L xgboost_hp_tuning_group_0 -T 2023-03-07T16:37:33+00:00 /home/poseidon/pegasus-5.1.0panorama/bin/../bin/pegasus-transfer  --threads 2,0.6,0,0,,,,,,,,,
stage_in_local_condorpool_0_2_pegasus-plan_ID0000012,None,transfer,0,1678207081.0,,,1678207086.0,1678207087.0,1678207095.0,93820563.0,1678207087.0,1678207101.0,,,0.0,1678207101.0,1678207106.0,5.0,,1.0,14.0,5.0,8.0,735985664.0,,,poseidon,local,host-10-100-100-12.openstacklocal,pegasus::transfer,/home/poseidon/pegasus-5.1.0panorama/bin/pegasus-transfer,-n pegasus::transfer -N null -i - -R local  -L xgboost_hp_tuning_group_0 -T 2023-03-07T16:37:33+00:00 /home/poseidon/pegasus-5.1.0panorama/bin/../bin/pegasus-transfer  --threads 2,3.8,0,0,,,,,,,,,
stage_in_local_condorpool_1_0_pegasus-plan_ID0000012,None,transfer,0,1678207081.0,,,1678207086.0,1678207087.0,1678207091.0,808.0,1678207087.0,1678207096.0,,,0.0,1678207096.0,1678207101.0,5.0,,1.0,9.0,5.0,4.0,2874.0,,,poseidon,local,host-10-100-100-12.openstacklocal,pegasus::transfer,/home/poseidon/pegasus-5.1.0panorama/bin/pegasus-transfer,-n pegasus::transfer -N null -i - -R local  -L xgboost_hp_tuning_group_0 -T 2023-03-07T16:37:33+00:00 /home/poseidon/pegasus-5.1.0panorama/bin/../bin/pegasus-transfer  --threads 2,0.5,0,0,,,,,,,,,
xgboost_hp_tuning_ID0000017_pegasus-plan_ID0000016,None,compute,0,1678207097.0,,,1678207102.0,1678207051.0,1678207067.0,42505757.8,1678207108.0,1678207177.0,1678207107.0,1678207111.0,247.0,1678207177.0,1678207182.0,5.0,,6.0,69.0,5.0,16.0,377646203.0,4.0,1054.0,poseidon,condorpool,poseidon-worker-2-container-16-23,xgboost_hp_tuning,/srv/xgboost_hp_tuning,,15.7,0,0,,,,,,,,,
xgboost_hp_tuning_ID0000001_pegasus-plan_ID0000016,None,compute,0,1678207097.0,,,1678207102.0,1678207090.0,1678207106.0,42681662.8,1678207147.0,1678207188.0,1678207116.0,1678207120.0,255.0,1678207188.0,1678207193.0,5.0,,45.0,41.0,5.0,16.0,377646203.0,4.0,1063.0,poseidon,condorpool,poseidon-worker-3-container-32-39,xgboost_hp_tuning,/srv/xgboost_hp_tuning,,18.7,0,0,,,,,,,,,
xgboost_hp_tuning_ID0000012_pegasus-plan_ID0000016,None,compute,0,1678207097.0,,,1678207102.0,1678207090.0,1678207106.0,42735718.2,1678207147.0,1678207188.0,1678207116.0,1678207120.0,248.0,1678207188.0,1678207193.0,5.0,,45.0,41.0,5.0,16.0,377646203.0,4.0,1050.0,poseidon,condorpool,poseidon-worker-3-container-40-47,xgboost_hp_tuning,/srv/xgboost_hp_tuning,,15.7,0,0,,,,,,,,,
xgboost_hp_tuning_ID0000023_pegasus-plan_ID0000016,None,compute,0,1678207097.0,,,1678207102.0,1678207090.0,1678207106.0,42577087.5,1678207147.0,1678207188.0,1678207116.0,1678207120.0,254.0,1678207188.0,1678207193.0,5.0,,45.0,41.0,5.0,16.0,377646203.0,4.0,1092.0,poseidon,condorpool,poseidon-worker-3-container-8-15,xgboost_hp_tuning,/srv/xgboost_hp_tuning,,15.4,0,0,,,,,,,,,
xgboost_hp_tuning_ID0000002_pegasus-plan_ID0000016,None,compute,0,1678207097.0,,,1678207102.0,1678207089.0,1678207105.0,42644061.5,1678207146.0,1678207188.0,1678207116.0,1678207120.0,250.0,1678207188.0,1678207193.0,5.0,,44.0,42.0,5.0,16.0,377646203.0,4.0,1061.0,poseidon,condorpool,poseidon-worker-3-container-16-23,xgboost_hp_tuning,/srv/xgboost_hp_tuning,,16.3,0,0,,,,,,,,,
xgboost_hp_tuning_ID0000014_pegasus-plan_ID0000016,None,compute,0,1678207097.0,,,1678207102.0,1678207051.0,1678207067.0,42592264.0,1678207108.0,1678207182.0,1678207110.0,1678207115.0,244.0,1678207182.0,1678207188.0,5.0,,6.0,74.0,6.0,16.0,377646203.0,5.0,1054.0,poseidon,condorpool,poseidon-worker-1-container-8-15,xgboost_hp_tuning,/srv/xgboost_hp_tuning,,14.5,0,0,,,,,,,,,
xgboost_hp_tuning_ID0000003_pegasus-plan_ID0000016,None,compute,0,1678207097.0,,,1678207102.0,1678207051.0,1678207067.0,42762041.8,1678207108.0,1678207147.0,1678207077.0,1678207081.0,254.0,1678207147.0,1678207152.0,5.0,,6.0,39.0,5.0,16.0,377646203.0,4.0,1066.0,poseidon,condorpool,poseidon-worker-3-container-8-15,xgboost_hp_tuning,/srv/xgboost_hp_tuning,,17.6,0,0,,,,,,,,,
xgboost_hp_tuning_ID0000015_pegasus-plan_ID0000016,hdd_10,compute,0,1678207097.0,,,1678207102.0,1678207051.0,1678207075.0,42547384.2,1678207108.0,1678207182.0,1678207110.0,1678207115.0,242.0,1678207182.0,1678207188.0,5.0,,6.0,74.0,6.0,24.0,377646203.0,5.0,1052.0,poseidon,condorpool,poseidon-worker-1-container-16-23,xgboost_hp_tuning,/srv/xgboost_hp_tuning,,14.4,0,0,,,,,,,,,
xgboost_hp_tuning_ID0000004_pegasus-plan_ID0000016,hdd_10,compute,0,1678207097.0,,,1678207102.0,1678207051.0,1678207079.0,42555535.0,1678207108.0,1678207182.0,1678207110.0,1678207115.0,246.0,1678207182.0,1678207188.0,5.0,,6.0,74.0,6.0,28.0,377646203.0,5.0,1063.0,poseidon,condorpool,poseidon-worker-1-container-40-47,xgboost_hp_tuning,/srv/xgboost_hp_tuning,,14.6,0,0,,,,,,,,,
xgboost_hp_tuning_ID0000016_pegasus-plan_ID0000016,None,compute,0,1678207097.0,,,1678207102.0,1678207051.0,1678207067.0,42568444.0,1678207108.0,1678207182.0,1678207110.0,1678207115.0,244.0,1678207182.0,1678207188.0,5.0,,6.0,74.0,6.0,16.0,377646203.0,5.0,1053.0,poseidon,condorpool,poseidon-worker-1-container-32-39,xgboost_hp_tuning,/srv/xgboost_hp_tuning,,16.1,0,0,,,,,,,,,
xgboost_hp_tuning_ID0000005_pegasus-plan_ID0000016,hdd_10,compute,0,1678207097.0,,,1678207102.0,1678207051.0,1678207072.0,42631878.0,1678207108.0,1678207182.0,1678207110.0,1678207115.0,249.0,1678207182.0,1678207188.0,5.0,,6.0,74.0,6.0,21.0,377646203.0,5.0,1078.0,poseidon,condorpool,poseidon-worker-1-container-24-31,xgboost_hp_tuning,/srv/xgboost_hp_tuning,,14.3,0,0,,,,,,,,,
xgboost_hp_tuning_ID0000013_pegasus-plan_ID0000016,None,compute,0,1678207097.0,,,1678207102.0,1678207090.0,1678207105.0,42613566.0,1678207147.0,1678207188.0,1678207116.0,1678207120.0,249.0,1678207188.0,1678207193.0,5.0,,45.0,41.0,5.0,15.0,377646203.0,4.0,1054.0,poseidon,condorpool,poseidon-worker-3-container-0-7,xgboost_hp_tuning,/srv/xgboost_hp_tuning,,17.9,0,0,,,,,,,,,
xgboost_hp_tuning_ID0000006_pegasus-plan_ID0000016,None,compute,0,1678207097.0,,,1678207102.0,1678207051.0,1678207067.0,42598917.0,1678207108.0,1678207177.0,1678207107.0,1678207111.0,249.0,1678207177.0,1678207182.0,5.0,,6.0,69.0,5.0,16.0,377646203.0,4.0,1066.0,poseidon,condorpool,poseidon-worker-2-container-24-31,xgboost_hp_tuning,/srv/xgboost_hp_tuning,,15.6,0,0,,,,,,,,,
xgboost_hp_tuning_ID0000010_pegasus-plan_ID0000016,None,compute,0,1678207097.0,,,1678207102.0,1678207050.0,1678207066.0,42806250.0,1678207108.0,1678207147.0,1678207076.0,1678207081.0,252.0,1678207147.0,1678207152.0,5.0,,6.0,39.0,5.0,16.0,377646203.0,5.0,1049.0,poseidon,condorpool,poseidon-worker-3-container-0-7,xgboost_hp_tuning,/srv/xgboost_hp_tuning,,17.4,0,0,,,,,,,,,
xgboost_hp_tuning_ID0000007_pegasus-plan_ID0000016,None,compute,0,1678207097.0,,,1678207102.0,1678207051.0,1678207067.0,42635697.8,1678207108.0,1678207177.0,1678207107.0,1678207111.0,249.0,1678207177.0,1678207182.0,5.0,,6.0,69.0,5.0,16.0,377646203.0,4.0,1066.0,poseidon,condorpool,poseidon-worker-2-container-0-7,xgboost_hp_tuning,/srv/xgboost_hp_tuning,,17.2,0,0,,,,,,,,,
xgboost_hp_tuning_ID0000019_pegasus-plan_ID0000016,None,compute,0,1678207097.0,,,1678207102.0,1678207051.0,1678207067.0,42675390.5,1678207108.0,1678207147.0,1678207078.0,1678207082.0,252.0,1678207147.0,1678207152.0,5.0,,6.0,39.0,5.0,16.0,377646203.0,4.0,1064.0,poseidon,condorpool,poseidon-worker-3-container-24-31,xgboost_hp_tuning,/srv/xgboost_hp_tuning,,28.2,0,0,,,,,,,,,
xgboost_hp_tuning_ID0000008_pegasus-plan_ID0000016,None,compute,0,1678207097.0,,,1678207102.0,1678207051.0,1678207067.0,42751129.5,1678207108.0,1678207147.0,1678207077.0,1678207081.0,248.0,1678207147.0,1678207152.0,5.0,,6.0,39.0,5.0,16.0,377646203.0,4.0,1059.0,poseidon,condorpool,poseidon-worker-3-container-40-47,xgboost_hp_tuning,/srv/xgboost_hp_tuning,,16.4,0,0,,,,,,,,,
xgboost_hp_tuning_ID0000020_pegasus-plan_ID0000016,hdd_10,compute,0,1678207097.0,,,1678207102.0,1678207051.0,1678207075.0,42649044.0,1678207108.0,1678207177.0,1678207107.0,1678207111.0,249.0,1678207177.0,1678207182.0,5.0,,6.0,69.0,5.0,24.0,377646203.0,4.0,1062.0,poseidon,condorpool,poseidon-worker-2-container-32-39,xgboost_hp_tuning,/srv/xgboost_hp_tuning,,15.1,0,0,,,,,,,,,
xgboost_hp_tuning_ID0000021_pegasus-plan_ID0000016,hdd_10,compute,0,1678207097.0,,,1678207102.0,1678207051.0,1678207067.0,42600531.8,1678207108.0,1678207177.0,1678207107.0,1678207111.0,249.0,1678207177.0,1678207182.0,5.0,,6.0,69.0,5.0,16.0,377646203.0,4.0,1063.0,poseidon,condorpool,poseidon-worker-2-container-40-47,xgboost_hp_tuning,/srv/xgboost_hp_tuning,,15.7,0,0,,,,,,,,,
xgboost_hp_tuning_ID0000022_pegasus-plan_ID0000016,None,compute,0,1678207097.0,,,1678207102.0,1678207051.0,1678207067.0,42693044.5,1678207108.0,1678207177.0,1678207107.0,1678207111.0,248.0,1678207177.0,1678207182.0,5.0,,6.0,69.0,5.0,16.0,377646203.0,4.0,1063.0,poseidon,condorpool,poseidon-worker-2-container-8-15,xgboost_hp_tuning,/srv/xgboost_hp_tuning,,15.6,0,0,,,,,,,,,
xgboost_hp_tuning_ID0000011_pegasus-plan_ID0000016,None,compute,0,1678207097.0,,,1678207102.0,1678207051.0,1678207067.0,42682716.8,1678207108.0,1678207147.0,1678207076.0,1678207081.0,240.0,1678207147.0,1678207152.0,5.0,,6.0,39.0,5.0,16.0,377646203.0,5.0,1049.0,poseidon,condorpool,poseidon-worker-3-container-16-23,xgboost_hp_tuning,/srv/xgboost_hp_tuning,,14.6,0,0,,,,,,,,,
xgboost_hp_tuning_ID0000009_pegasus-plan_ID0000016,None,compute,0,1678207097.0,,,1678207102.0,1678207051.0,1678207067.0,42477969.8,1678207108.0,1678207182.0,1678207110.0,1678207115.0,244.0,1678207182.0,1678207188.0,5.0,,6.0,74.0,6.0,16.0,377646203.0,5.0,1057.0,poseidon,condorpool,poseidon-worker-1-container-0-7,xgboost_hp_tuning,/srv/xgboost_hp_tuning,,15.5,0,0,,,,,,,,,
xgboost_hp_tuning_ID0000018_pegasus-plan_ID0000016,None,compute,0,1678207097.0,,,1678207102.0,1678207051.0,1678207067.0,42742372.0,1678207108.0,1678207147.0,1678207076.0,1678207081.0,250.0,1678207147.0,1678207152.0,5.0,,6.0,39.0,5.0,16.0,377646203.0,5.0,1053.0,poseidon,condorpool,poseidon-worker-3-container-32-39,xgboost_hp_tuning,/srv/xgboost_hp_tuning,,15.7,0,0,,,,,,,,,
xgboost_hp_tuning_ID0000006_pegasus-plan_ID0000012,hdd_10,compute,0,1678207106.0,,,1678207112.0,1678207124.0,1678207148.0,46526332.2,1678207181.0,1678207272.0,1678207202.0,1678207207.0,250.0,1678207272.0,1678207277.0,6.0,,69.0,91.0,5.0,24.0,502672266.0,5.0,1066.0,poseidon,condorpool,poseidon-worker-1-container-16-23,xgboost_hp_tuning,/srv/xgboost_hp_tuning,,115.2,0,0,0.1,157972540.0,40.0,3321.0,2.0,109.4,3.7,7898627.0,4.0
xgboost_hp_tuning_ID0000018_pegasus-plan_ID0000012,hdd_10,compute,0,1678207106.0,,,1678207112.0,1678207124.0,1678207142.0,46424194.8,1678207181.0,1678207267.0,1678207196.0,1678207200.0,246.0,1678207267.0,1678207272.0,6.0,,69.0,86.0,5.0,18.0,502672266.0,4.0,1055.0,poseidon,condorpool,poseidon-worker-1-container-40-47,xgboost_hp_tuning,/srv/xgboost_hp_tuning,,112.7,0,0,0.0,157976351.0,40.0,3336.0,2.0,109.0,3.5,5265878.4,4.0
xgboost_hp_tuning_ID0000007_pegasus-plan_ID0000012,None,compute,0,1678207106.0,,,1678207112.0,1678207124.0,1678207142.0,46508809.8,1678207181.0,1678207267.0,1678207196.0,1678207200.0,248.0,1678207267.0,1678207272.0,6.0,,69.0,86.0,5.0,18.0,502672266.0,4.0,1066.0,poseidon,condorpool,poseidon-worker-1-container-8-15,xgboost_hp_tuning,/srv/xgboost_hp_tuning,,95.2,0,0,0.0,157976307.0,40.0,3336.0,2.0,91.7,3.4,5265876.9,4.0
xgboost_hp_tuning_ID0000021_pegasus-plan_ID0000012,hdd_10,compute,0,1678207106.0,,,1678207112.0,1678207121.0,1678207146.0,46464640.2,1678207178.0,1678207262.0,1678207192.0,1678207196.0,247.0,1678207262.0,1678207267.0,6.0,,66.0,84.0,5.0,25.0,502672266.0,4.0,1063.0,poseidon,condorpool,poseidon-worker-2-container-40-47,xgboost_hp_tuning,/srv/xgboost_hp_tuning,,140.6,0,0,0.1,157972537.0,40.0,3321.0,2.0,98.0,3.7,7898626.8,4.0
xgboost_hp_tuning_ID0000008_pegasus-plan_ID0000012,None,compute,0,1678207106.0,,,1678207112.0,1678207121.0,1678207138.0,46517921.8,1678207178.0,1678207262.0,1678207192.0,1678207196.0,246.0,1678207262.0,1678207267.0,6.0,,66.0,84.0,5.0,17.0,502672266.0,4.0,1057.0,poseidon,condorpool,poseidon-worker-2-container-24-31,xgboost_hp_tuning,/srv/xgboost_hp_tuning,,182.7,0,0,0.1,157976332.0,40.0,3336.0,2.0,146.9,3.3,5265877.7,4.0
xgboost_hp_tuning_ID0000020_pegasus-plan_ID0000012,None,compute,0,1678207106.0,,,1678207112.0,1678207121.0,1678207138.0,46410042.2,1678207178.0,1678207262.0,1678207192.0,1678207196.0,249.0,1678207262.0,1678207267.0,6.0,,66.0,84.0,5.0,17.0,502672266.0,4.0,1064.0,poseidon,condorpool,poseidon-worker-2-container-16-23,xgboost_hp_tuning,/srv/xgboost_hp_tuning,,201.4,0,0,0.0,157976341.0,40.0,3336.0,2.0,161.2,3.5,5265878.0,4.0
xgboost_hp_tuning_ID0000017_pegasus-plan_ID0000012,None,compute,0,1678207106.0,,,1678207112.0,1678207124.0,1678207142.0,46454663.8,1678207181.0,1678207267.0,1678207196.0,1678207200.0,246.0,1678207267.0,1678207272.0,6.0,,69.0,86.0,5.0,18.0,502672266.0,4.0,1055.0,poseidon,condorpool,poseidon-worker-1-container-0-7,xgboost_hp_tuning,/srv/xgboost_hp_tuning,,153.1,0,0,0.1,157976468.0,40.0,3336.0,2.0,149.4,3.5,5265882.3,4.0
xgboost_hp_tuning_ID0000019_pegasus-plan_ID0000012,None,compute,0,1678207106.0,,,1678207112.0,1678207124.0,1678207141.0,46444512.4,1678207181.0,1678207267.0,1678207196.0,1678207200.0,247.0,1678207267.0,1678207272.0,6.0,,69.0,86.0,5.0,17.0,502672266.0,4.0,1059.0,poseidon,condorpool,poseidon-worker-1-container-32-39,xgboost_hp_tuning,/srv/xgboost_hp_tuning,,91.4,0,0,0.0,157976349.0,40.0,3336.0,2.0,87.8,3.5,5265878.3,4.0
xgboost_hp_tuning_ID0000005_pegasus-plan_ID0000012,hdd_10,compute,0,1678207106.0,,,1678207112.0,1678207124.0,1678207182.0,11312599.3,1678207181.0,1678207282.0,1678207210.0,1678207214.0,252.0,1678207282.0,1678207287.0,6.0,,69.0,101.0,5.0,58.0,502672266.0,4.0,1079.0,poseidon,condorpool,poseidon-worker-1-container-24-31,xgboost_hp_tuning,/srv/xgboost_hp_tuning,,118.0,0,0,0.0,157972547.0,40.0,3321.0,2.0,107.9,3.6,7898627.3,4.0
xgboost_hp_tuning_ID0000003_pegasus-plan_ID0000012,None,compute,0,1678207106.0,,,1678207112.0,1678207129.0,1678207147.0,46628585.6,1678207186.0,1678207242.0,1678207172.0,1678207177.0,252.0,1678207242.0,1678207247.0,6.0,,74.0,56.0,5.0,18.0,502672266.0,5.0,1065.0,poseidon,condorpool,poseidon-worker-3-container-0-7,xgboost_hp_tuning,/srv/xgboost_hp_tuning,,100.0,0,0,0.0,157966042.0,40.0,3303.0,2.0,40.1,3.2,15796604.2,4.0
xgboost_hp_tuning_ID0000004_pegasus-plan_ID0000012,None,compute,0,1678207106.0,,,1678207112.0,1678207129.0,1678207146.0,46653220.2,1678207186.0,1678207252.0,1678207180.0,1678207184.0,251.0,1678207252.0,1678207257.0,6.0,,74.0,66.0,5.0,17.0,502672266.0,4.0,1062.0,poseidon,condorpool,poseidon-worker-3-container-16-23,xgboost_hp_tuning,/srv/xgboost_hp_tuning,,152.0,0,0,0.1,157970837.0,40.0,3319.0,2.0,104.8,3.2,7898541.9,4.0
xgboost_hp_tuning_ID0000015_pegasus-plan_ID0000012,None,compute,0,1678207106.0,,,1678207112.0,1678207129.0,1678207147.0,46665316.8,1678207186.0,1678207252.0,1678207181.0,1678207185.0,249.0,1678207252.0,1678207257.0,6.0,,74.0,66.0,5.0,18.0,502672266.0,4.0,1057.0,poseidon,condorpool,poseidon-worker-3-container-40-47,xgboost_hp_tuning,/srv/xgboost_hp_tuning,,147.6,0,0,0.1,157970759.0,40.0,3319.0,2.0,97.3,2.9,7898538.0,4.0
xgboost_hp_tuning_ID0000014_pegasus-plan_ID0000012,None,compute,0,1678207106.0,,,1678207112.0,1678207129.0,1678207147.0,46517919.6,1678207186.0,1678207247.0,1678207174.0,1678207178.0,252.0,1678207247.0,1678207252.0,6.0,,74.0,61.0,5.0,18.0,502672266.0,4.0,1056.0,poseidon,condorpool,poseidon-worker-3-container-32-39,xgboost_hp_tuning,/srv/xgboost_hp_tuning,,105.8,0,0,0.0,157970761.0,40.0,3319.0,2.0,100.5,3.4,7898538.0,4.0
xgboost_hp_tuning_ID0000002_pegasus-plan_ID0000012,None,compute,0,1678207106.0,,,1678207112.0,1678207184.0,1678207201.0,46651795.4,1678207241.0,1678207297.0,1678207227.0,1678207231.0,249.0,1678207297.0,1678207302.0,6.0,,129.0,56.0,5.0,17.0,502672266.0,4.0,1064.0,poseidon,condorpool,poseidon-worker-3-container-24-31,xgboost_hp_tuning,/srv/xgboost_hp_tuning,,104.4,0,0,0.0,157966174.0,40.0,3303.0,2.0,41.1,3.3,15796617.4,4.0
xgboost_hp_tuning_ID0000013_pegasus-plan_ID0000012,None,compute,0,1678207106.0,,,1678207112.0,1678207185.0,1678207203.0,46631180.4,1678207243.0,1678207327.0,1678207256.0,1678207261.0,251.0,1678207327.0,1678207332.0,6.0,,131.0,84.0,5.0,18.0,502672266.0,5.0,1054.0,poseidon,condorpool,poseidon-worker-3-container-0-7,xgboost_hp_tuning,/srv/xgboost_hp_tuning,,255.7,0,0,0.0,157978398.0,40.0,3349.0,2.0,209.7,3.7,3949460.0,4.0
xgboost_hp_tuning_ID0000001_pegasus-plan_ID0000012,None,compute,0,1678207106.0,,,1678207112.0,1678207187.0,1678207204.0,46589090.6,1678207244.0,1678207302.0,1678207233.0,1678207237.0,247.0,1678207302.0,1678207307.0,6.0,,132.0,58.0,5.0,17.0,502672266.0,4.0,1063.0,poseidon,condorpool,poseidon-worker-3-container-32-39,xgboost_hp_tuning,/srv/xgboost_hp_tuning,,111.0,0,0,0.0,157970837.0,40.0,3319.0,2.0,93.6,3.5,7898541.8,4.0
xgboost_hp_tuning_ID0000012_pegasus-plan_ID0000012,None,compute,0,1678207106.0,,,1678207112.0,1678207187.0,1678207204.0,46655747.8,1678207244.0,1678207297.0,1678207229.0,1678207233.0,248.0,1678207297.0,1678207302.0,6.0,,132.0,53.0,5.0,17.0,502672266.0,4.0,1049.0,poseidon,condorpool,poseidon-worker-3-container-8-15,xgboost_hp_tuning,/srv/xgboost_hp_tuning,,95.2,0,0,0.1,157966141.0,40.0,3303.0,2.0,45.4,2.9,15796614.1,4.0
xgboost_hp_tuning_ID0000023_pegasus-plan_ID0000012,None,compute,0,1678207106.0,,,1678207112.0,1678207193.0,1678207210.0,46667596.4,1678207250.0,1678207312.0,1678207242.0,1678207246.0,259.0,1678207312.0,1678207317.0,6.0,,138.0,62.0,5.0,17.0,502672266.0,4.0,1086.0,poseidon,condorpool,poseidon-worker-3-container-16-23,xgboost_hp_tuning,/srv/xgboost_hp_tuning,,137.5,0,0,0.0,157970838.0,40.0,3319.0,2.0,101.2,3.7,7898541.9,4.0
xgboost_hp_tuning_ID0000016_pegasus-plan_ID0000012,None,compute,0,1678207106.0,,,1678207112.0,1678207129.0,1678207146.0,46635517.4,1678207186.0,1678207247.0,1678207174.0,1678207178.0,252.0,1678207247.0,1678207252.0,6.0,,74.0,61.0,5.0,17.0,502672266.0,4.0,1053.0,poseidon,condorpool,poseidon-worker-3-container-8-15,xgboost_hp_tuning,/srv/xgboost_hp_tuning,,115.3,0,0,0.0,157970725.0,40.0,3319.0,2.0,105.3,3.5,7898536.2,4.0
xgboost_hp_tuning_ID0000010_pegasus-plan_ID0000012,None,compute,0,1678207106.0,,,1678207112.0,1678207121.0,1678207138.0,46464243.4,1678207178.0,1678207262.0,1678207192.0,1678207196.0,245.0,1678207262.0,1678207267.0,6.0,,66.0,84.0,5.0,17.0,502672266.0,4.0,1050.0,poseidon,condorpool,poseidon-worker-2-container-8-15,xgboost_hp_tuning,/srv/xgboost_hp_tuning,,197.0,0,0,0.1,157976498.0,40.0,3336.0,2.0,155.9,3.6,5265883.3,4.0
xgboost_hp_tuning_ID0000011_pegasus-plan_ID0000012,hdd_10,compute,0,1678207106.0,,,1678207112.0,1678207120.0,1678207144.0,46533693.0,1678207177.0,1678207262.0,1678207192.0,1678207196.0,244.0,1678207262.0,1678207267.0,6.0,,65.0,85.0,5.0,24.0,502672266.0,4.0,1049.0,poseidon,condorpool,poseidon-worker-2-container-32-39,xgboost_hp_tuning,/srv/xgboost_hp_tuning,,150.5,0,0,0.0,157976343.0,40.0,3336.0,2.0,136.4,4.0,5265878.1,4.0
xgboost_hp_tuning_ID0000009_pegasus-plan_ID0000012,None,compute,0,1678207106.0,,,1678207112.0,1678207091.0,1678207108.0,46597407.4,1678207148.0,1678207207.0,1678207134.0,1678207138.0,250.0,1678207207.0,1678207212.0,6.0,,36.0,59.0,5.0,17.0,502672266.0,4.0,1058.0,poseidon,condorpool,poseidon-worker-3-container-24-31,xgboost_hp_tuning,/srv/xgboost_hp_tuning,,99.0,0,0,0.1,157966028.0,40.0,3303.0,2.0,45.0,2.8,15796602.8,4.0
xgboost_hp_tuning_ID0000022_pegasus-plan_ID0000012,None,compute,0,1678207106.0,,,1678207112.0,1678207121.0,1678207138.0,46461512.4,1678207178.0,1678207262.0,1678207192.0,1678207196.0,247.0,1678207262.0,1678207267.0,6.0,,66.0,84.0,5.0,17.0,502672266.0,4.0,1062.0,poseidon,condorpool,poseidon-worker-2-container-0-7,xgboost_hp_tuning,/srv/xgboost_hp_tuning,,226.2,0,0,0.0,157980051.0,40.0,3351.0,2.0,217.9,4.0,3949501.3,4.0
xgboost_hp_tuning_ID0000001_pegasus-plan_ID0000020,None,compute,0,1678207107.0,,,1678207112.0,1678207613.0,1678207645.0,68899575.8,1678207670.0,1678208028.0,1678207954.0,1678207958.0,252.0,1678208028.0,1678208033.0,5.0,,558.0,358.0,5.0,32.0,1691153157.0,4.0,1063.0,poseidon,condorpool,poseidon-worker-2-container-0-7,xgboost_hp_tuning,/srv/xgboost_hp_tuning,,1674.4,0,0,0.0,1346560639.0,40.0,3741.0,2.0,1618.9,53.7,4488535.5,4.0
xgboost_hp_tuning_ID0000013_pegasus-plan_ID0000020,None,compute,0,1678207107.0,,,1678207112.0,1678207611.0,1678207642.0,68913028.5,1678207668.0,1678208048.0,1678207975.0,1678207979.0,250.0,1678208048.0,1678208053.0,5.0,,556.0,380.0,5.0,31.0,1691153157.0,4.0,1053.0,poseidon,condorpool,poseidon-worker-2-container-8-15,xgboost_hp_tuning,/srv/xgboost_hp_tuning,,1868.7,0,0,0.1,1346568482.0,40.0,3771.0,2.0,1787.4,56.6,4208026.5,4.0
xgboost_hp_tuning_ID0000002_pegasus-plan_ID0000020,None,compute,0,1678207107.0,,,1678207112.0,1678207606.0,1678207637.0,69078952.1,1678207663.0,1678208058.0,1678207987.0,1678207991.0,255.0,1678208058.0,1678208063.0,5.0,,551.0,395.0,5.0,31.0,1691153157.0,4.0,1063.0,poseidon,condorpool,poseidon-worker-3-container-40-47,xgboost_hp_tuning,/srv/xgboost_hp_tuning,,1975.4,0,0,0.0,1346574355.0,4038.0,3799.0,5.0,1925.8,49.5,3960512.8,201.9
xgboost_hp_tuning_ID0000009_pegasus-plan_ID0000020,None,compute,0,1678207107.0,,,1678207112.0,1678207194.0,1678207225.0,69137725.3,1678207251.0,1678207663.0,1678207593.0,1678207597.0,253.0,1678207663.0,1678207668.0,5.0,,139.0,412.0,5.0,31.0,1691153157.0,4.0,1057.0,poseidon,condorpool,poseidon-worker-3-container-40-47,xgboost_hp_tuning,/srv/xgboost_hp_tuning,,1977.8,0,0,0.0,1346578186.0,40.0,3814.0,2.0,1863.9,59.4,3847366.2,4.0
xgboost_hp_tuning_ID0000023_pegasus-plan_ID0000020,None,compute,0,1678207107.0,,,1678207112.0,1678207642.0,1678207674.0,68914463.5,1678207699.0,1678208088.0,1678208016.0,1678208020.0,257.0,1678208088.0,1678208093.0,5.0,,587.0,389.0,5.0,32.0,1691153157.0,4.0,1091.0,poseidon,condorpool,poseidon-worker-1-container-0-7,xgboost_hp_tuning,/srv/xgboost_hp_tuning,,1910.2,0,0,0.1,1346572120.0,40.0,3786.0,2.0,1844.5,49.3,4080521.6,4.0
xgboost_hp_tuning_ID0000006_pegasus-plan_ID0000020,None,compute,0,1678207107.0,,,1678207112.0,1678207209.0,1678207241.0,69106886.8,1678207266.0,1678207698.0,1678207627.0,1678207632.0,249.0,1678207698.0,1678207703.0,5.0,,154.0,432.0,5.0,32.0,1691153157.0,5.0,1066.0,poseidon,condorpool,poseidon-worker-1-container-0-7,xgboost_hp_tuning,/srv/xgboost_hp_tuning,,1806.8,0,0,0.0,1346568240.0,40.0,3771.0,2.0,1704.1,59.5,4208025.8,4.0
xgboost_hp_tuning_ID0000017_pegasus-plan_ID0000020,hdd_10,compute,0,1678207107.0,,,1678207112.0,1678207216.0,1678207297.0,25067509.9,1678207273.0,1678207743.0,1678207674.0,1678207678.0,248.0,1678207743.0,1678207748.0,5.0,,161.0,470.0,5.0,81.0,1691153157.0,4.0,1054.0,poseidon,condorpool,poseidon-worker-1-container-16-23,xgboost_hp_tuning,/srv/xgboost_hp_tuning,,2124.3,0,0,0.1,1346583743.0,40.0,3831.0,2.0,2009.5,65.1,3740510.4,4.0
xgboost_hp_tuning_ID0000005_pegasus-plan_ID0000020,hdd_10,compute,0,1678207107.0,,,1678207112.0,1678207223.0,1678207316.0,68932905.8,1678207280.0,1678207738.0,1678207668.0,1678207673.0,250.0,1678207738.0,1678207743.0,5.0,,168.0,458.0,5.0,93.0,1691153157.0,5.0,1078.0,poseidon,condorpool,poseidon-worker-1-container-24-31,xgboost_hp_tuning,/srv/xgboost_hp_tuning,,1930.9,0,0,0.0,1346576028.0,40.0,3801.0,2.0,1855.4,59.4,3960517.7,4.0
xgboost_hp_tuning_ID0000018_pegasus-plan_ID0000020,None,compute,0,1678207107.0,,,1678207112.0,1678207210.0,1678207241.0,69008164.0,1678207266.0,1678207743.0,1678207669.0,1678207673.0,250.0,1678207743.0,1678207748.0,5.0,,154.0,477.0,5.0,31.0,1691153157.0,4.0,1056.0,poseidon,condorpool,poseidon-worker-1-container-32-39,xgboost_hp_tuning,/srv/xgboost_hp_tuning,,2094.1,0,0,0.0,1346583718.0,40.0,3831.0,2.0,1962.3,72.1,3740510.3,4.0
xgboost_hp_tuning_ID0000012_pegasus-plan_ID0000020,None,compute,0,1678207107.0,,,1678207112.0,1678207633.0,1678207664.0,69047885.0,1678207690.0,1678208058.0,1678207986.0,1678207991.0,245.0,1678208058.0,1678208063.0,5.0,,578.0,368.0,5.0,31.0,1691153157.0,5.0,1049.0,poseidon,condorpool,poseidon-worker-3-container-8-15,xgboost_hp_tuning,/srv/xgboost_hp_tuning,,1742.2,0,0,0.0,1346562713.0,40.0,3754.0,2.0,1683.2,41.6,4343750.7,4.0
xgboost_hp_tuning_ID0000019_pegasus-plan_ID0000020,hdd_10,compute,0,1678207107.0,,,1678207112.0,1678207209.0,1678207297.0,23144330.4,1678207266.0,1678207863.0,1678207789.0,1678207793.0,250.0,1678207863.0,1678207868.0,5.0,,154.0,597.0,5.0,88.0,1691153157.0,4.0,1058.0,poseidon,condorpool,poseidon-worker-1-container-40-47,xgboost_hp_tuning,/srv/xgboost_hp_tuning,,2908.5,0,0,0.0,1346629634.0,40.0,4011.0,2.0,2806.5,79.8,2805478.4,4.0
xgboost_hp_tuning_ID0000020_pegasus-plan_ID0000020,None,compute,0,1678207107.0,,,1678207112.0,1678207205.0,1678207237.0,68987574.3,1678207262.0,1678207658.0,1678207589.0,1678207593.0,250.0,1678207658.0,1678207663.0,5.0,,150.0,396.0,5.0,32.0,1691153157.0,4.0,1062.0,poseidon,condorpool,poseidon-worker-2-container-24-31,xgboost_hp_tuning,/srv/xgboost_hp_tuning,,1926.6,0,0,0.1,1346576024.0,40.0,3801.0,2.0,1853.6,57.5,3960517.7,4.0
xgboost_hp_tuning_ID0000021_pegasus-plan_ID0000020,None,compute,0,1678207107.0,,,1678207112.0,1678207205.0,1678207237.0,69057347.3,1678207262.0,1678207673.0,1678207600.0,1678207604.0,250.0,1678207673.0,1678207678.0,5.0,,150.0,411.0,5.0,32.0,1691153157.0,4.0,1063.0,poseidon,condorpool,poseidon-worker-2-container-0-7,xgboost_hp_tuning,/srv/xgboost_hp_tuning,,2021.4,0,0,0.1,1346579513.0,40.0,3816.0,2.0,1931.4,64.4,3847370.0,4.0
xgboost_hp_tuning_ID0000010_pegasus-plan_ID0000020,None,compute,0,1678207107.0,,,1678207112.0,1678207205.0,1678207237.0,68939303.3,1678207262.0,1678207668.0,1678207597.0,1678207602.0,245.0,1678207668.0,1678207673.0,5.0,,150.0,406.0,5.0,32.0,1691153157.0,5.0,1050.0,poseidon,condorpool,poseidon-worker-2-container-8-15,xgboost_hp_tuning,/srv/xgboost_hp_tuning,,1970.5,0,0,0.0,1346579922.0,40.0,3816.0,2.0,1894.1,68.9,3847371.2,4.0
xgboost_hp_tuning_ID0000022_pegasus-plan_ID0000020,hdd_10,compute,0,1678207107.0,,,1678207112.0,1678207205.0,1678207248.0,69049611.6,1678207262.0,1678207663.0,1678207591.0,1678207595.0,249.0,1678207663.0,1678207668.0,5.0,,150.0,401.0,5.0,43.0,1691153157.0,4.0,1061.0,poseidon,condorpool,poseidon-worker-2-container-40-47,xgboost_hp_tuning,/srv/xgboost_hp_tuning,,1912.9,0,0,0.1,1346572235.0,40.0,3786.0,2.0,1831.9,53.7,4080521.9,4.0
xgboost_hp_tuning_ID0000011_pegasus-plan_ID0000020,None,compute,0,1678207107.0,,,1678207112.0,1678207205.0,1678207236.0,69110750.4,1678207262.0,1678207733.0,1678207663.0,1678207667.0,248.0,1678207733.0,1678207738.0,5.0,,150.0,471.0,5.0,31.0,1691153157.0,4.0,1048.0,poseidon,condorpool,poseidon-worker-2-container-16-23,xgboost_hp_tuning,/srv/xgboost_hp_tuning,,2226.5,0,0,0.1,1346587562.0,40.0,3846.0,2.0,2150.7,50.0,3639425.8,4.0
xgboost_hp_tuning_ID0000016_pegasus-plan_ID0000020,None,compute,0,1678207107.0,,,1678207112.0,1678207242.0,1678207273.0,68993803.7,1678207299.0,1678207693.0,1678207620.0,1678207624.0,250.0,1678207693.0,1678207698.0,5.0,,187.0,394.0,5.0,31.0,1691153157.0,4.0,1053.0,poseidon,condorpool,poseidon-worker-3-container-8-15,xgboost_hp_tuning,/srv/xgboost_hp_tuning,,1821.9,0,0,0.1,1346570427.0,40.0,3784.0,2.0,1721.9,62.8,4080516.4,4.0
xgboost_hp_tuning_ID0000004_pegasus-plan_ID0000020,None,compute,0,1678207107.0,,,1678207112.0,1678207246.0,1678207277.0,68911410.8,1678207303.0,1678207713.0,1678207640.0,1678207644.0,253.0,1678207713.0,1678207718.0,5.0,,191.0,410.0,5.0,31.0,1691153157.0,4.0,1061.0,poseidon,condorpool,poseidon-worker-3-container-32-39,xgboost_hp_tuning,/srv/xgboost_hp_tuning,,1989.5,0,0,0.0,1346578174.0,40.0,3814.0,2.0,1906.7,57.6,3847366.2,4.0
xgboost_hp_tuning_ID0000015_pegasus-plan_ID0000020,None,compute,0,1678207107.0,,,1678207112.0,1678207255.0,1678207287.0,68966392.0,1678207312.0,1678207708.0,1678207638.0,1678207642.0,250.0,1678207708.0,1678207713.0,5.0,,200.0,396.0,5.0,32.0,1691153157.0,4.0,1053.0,poseidon,condorpool,poseidon-worker-3-container-16-23,xgboost_hp_tuning,/srv/xgboost_hp_tuning,,1901.1,0,0,0.1,1346574402.0,40.0,3799.0,2.0,1838.8,53.3,3960512.9,4.0
xgboost_hp_tuning_ID0000003_pegasus-plan_ID0000020,None,compute,0,1678207107.0,,,1678207112.0,1678207269.0,1678207301.0,69088232.1,1678207326.0,1678207758.0,1678207689.0,1678207693.0,254.0,1678207758.0,1678207763.0,5.0,,214.0,432.0,5.0,32.0,1691153157.0,4.0,1065.0,poseidon,condorpool,poseidon-worker-3-container-0-7,xgboost_hp_tuning,/srv/xgboost_hp_tuning,,2170.8,0,0,0.0,1346585497.0,40.0,3844.0,2.0,2054.2,66.4,3639420.3,4.0
xgboost_hp_tuning_ID0000014_pegasus-plan_ID0000020,None,compute,0,1678207107.0,,,1678207112.0,1678207280.0,1678207311.0,69039424.3,1678207337.0,1678207738.0,1678207669.0,1678207673.0,248.0,1678207738.0,1678207743.0,5.0,,225.0,401.0,5.0,31.0,1691153157.0,4.0,1054.0,poseidon,condorpool,poseidon-worker-3-container-24-31,xgboost_hp_tuning,/srv/xgboost_hp_tuning,,1947.8,0,0,0.0,1346574376.0,40.0,3799.0,2.0,1835.6,58.8,3960512.9,4.0
xgboost_hp_tuning_ID0000008_pegasus-plan_ID0000020,hdd_10,compute,0,1678207107.0,,,1678207112.0,1678207205.0,1678207244.0,68990074.0,1678207262.0,1678207733.0,1678207663.0,1678207667.0,250.0,1678207733.0,1678207738.0,5.0,,150.0,471.0,5.0,39.0,1691153157.0,4.0,1057.0,poseidon,condorpool,poseidon-worker-2-container-32-39,xgboost_hp_tuning,/srv/xgboost_hp_tuning,,2108.6,0,0,0.1,1346583752.0,40.0,3831.0,2.0,2001.8,58.2,3740510.4,4.0
xgboost_hp_tuning_ID0000007_pegasus-plan_ID0000020,None,compute,0,1678207107.0,,,1678207112.0,1678207209.0,1678207241.0,69054721.8,1678207266.0,1678207728.0,1678207655.0,1678207659.0,251.0,1678207728.0,1678207733.0,5.0,,154.0,462.0,5.0,32.0,1691153157.0,4.0,1068.0,poseidon,condorpool,poseidon-worker-1-container-8-15,xgboost_hp_tuning,/srv/xgboost_hp_tuning,,2009.4,0,0,0.1,1346579768.0,40.0,3816.0,2.0,1915.7,63.4,3847370.8,4.0
stage_out_local_condorpool_0_2_pegasus-plan_ID0000016,None,transfer,0,1678207193.0,,,1678207198.0,,,0.0,1678207198.0,1678207208.0,1678207198.0,1678207202.0,1841.0,1678207208.0,1678207213.0,5.0,,0.0,10.0,5.0,,,4.0,7425.0,poseidon,local,host-10-100-100-12.openstacklocal,pegasus::transfer,/home/poseidon/pegasus-5.1.0panorama/bin/pegasus-transfer,/home/poseidon/pegasus-5.1.0panorama/bin/../bin/pegasus-kickstart  -n pegasus::transfer -N null -i - -R local  -L xgboost_hp_tuning_group_1 -T 2023-03-07T16:37:28+00:00 /home/poseidon/pegasus-5.1.0panorama/bin/../bin/pegasus-transfer  --threads 2,1.0,0,0,,,,,,,,,
stage_out_local_condorpool_0_1_pegasus-plan_ID0000016,None,transfer,0,1678207193.0,,,1678207198.0,,,0.0,1678207198.0,1678207208.0,1678207198.0,1678207202.0,2109.0,1678207208.0,1678207213.0,5.0,,0.0,10.0,5.0,,,4.0,8507.0,poseidon,local,host-10-100-100-12.openstacklocal,pegasus::transfer,/home/poseidon/pegasus-5.1.0panorama/bin/pegasus-transfer,/home/poseidon/pegasus-5.1.0panorama/bin/../bin/pegasus-kickstart  -n pegasus::transfer -N null -i - -R local  -L xgboost_hp_tuning_group_1 -T 2023-03-07T16:37:28+00:00 /home/poseidon/pegasus-5.1.0panorama/bin/../bin/pegasus-transfer  --threads 2,1.1,0,0,,,,,,,,,
xgboost_best_params_ID0000024_pegasus-plan_ID0000016,None,compute,0,1678207193.0,,,1678207198.0,1678207147.0,1678207164.0,37083986.3,1678207204.0,1678207243.0,1678207171.0,1678207175.0,249.0,1678207243.0,1678207248.0,5.0,,6.0,39.0,5.0,17.0,368018660.0,4.0,1049.0,poseidon,condorpool,poseidon-worker-3-container-24-31,xgboost_best_params,/srv/xgboost_best_params,,0.0,0,0,,,,,,,,,
stage_out_local_condorpool_0_0_pegasus-plan_ID0000016,None,transfer,0,1678207193.0,,,1678207198.0,,,0.0,1678207198.0,1678207208.0,1678207198.0,1678207202.0,2095.0,1678207208.0,1678207213.0,5.0,,0.0,10.0,5.0,,,4.0,8459.0,poseidon,local,host-10-100-100-12.openstacklocal,pegasus::transfer,/home/poseidon/pegasus-5.1.0panorama/bin/pegasus-transfer,/home/poseidon/pegasus-5.1.0panorama/bin/../bin/pegasus-kickstart  -n pegasus::transfer -N null -i - -R local  -L xgboost_hp_tuning_group_1 -T 2023-03-07T16:37:28+00:00 /home/poseidon/pegasus-5.1.0panorama/bin/../bin/pegasus-transfer  --threads 2,1.1,0,0,,,,,,,,,
register_condorpool_0_2_pegasus-plan_ID0000016,None,auxiliary,0,1678207213.0,,,1678207228.0,,,0.0,1678207229.0,1678207233.0,,,0.0,1678207233.0,1678207238.0,15.0,,1.0,4.0,5.0,,,,,poseidon,local,host-10-100-100-12.openstacklocal,pegasus::rc-client,/home/poseidon/pegasus-5.1.0panorama/bin/pegasus-rc-client,"-n pegasus::rc-client -N null -R local  -L xgboost_hp_tuning_group_1 -T 2023-03-07T16:37:28+00:00 /home/poseidon/pegasus-5.1.0panorama/bin/pegasus-rc-client --prefix pegasus.catalog.replica.output --conf /home/poseidon/workflows/predict-future-sales-workflow/submit/poseidon/pegasus/predict-future-sales/run0487/00/00/./xgboost_hp_tuning_group_1.000/pegasus.6772611884149982446.properties -v --meta /home/poseidon/workflows/predict-future-sales-workflow/submit/poseidon/pegasus/predict-future-sales/run0487/00/00/./xgboost_hp_tuning_group_1.000/00/00/xgboost_hp_tuning_ID0000017.meta,/home/poseidon/workflows/predict-future-sales-workflow/submit/poseidon/pegasus/predict-future-sales/run0487/00/00/./xgboost_hp_tuning_group_1.000/00/00/xgboost_hp_tuning_ID0000022.meta,/home/poseidon/workflows/predict-future-sales-workflow/submit/poseidon/pegasus/predict-future-sales/run0487/00/00/./xgboost_hp_tuning_group_1.000/00/00/xgboost_hp_tuning_ID0000007.meta,/home/poseidon/workflows/predict-future-sales-workflow/submit/poseidon/pegasus/predict-future-sales/run0487/00/00/./xgboost_hp_tuning_group_1.000/00/00/xgboost_hp_tuning_ID0000020.meta,/home/poseidon/workflows/predict-future-sales-workflow/submit/poseidon/pegasus/predict-future-sales/run0487/00/00/./xgboost_hp_tuning_group_1.000/00/00/xgboost_hp_tuning_ID0000001.meta,/home/poseidon/workflows/predict-future-sales-workflow/submit/poseidon/pegasus/predict-future-sales/run0487/00/00/./xgboost_hp_tuning_group_1.000/00/00/xgboost_hp_tuning_ID0000004.meta,/home/poseidon/workflows/predict-future-sales-workflow/submit/poseidon/pegasus/predict-future-sales/run0487/00/00/./xgboost_hp_tuning_group_1.000/00/00/xgboost_hp_tuning_ID0000014.meta --insert /home/poseidon/workflows/predict-future-sales-workflow/submit/poseidon/pegasus/predict-future-sales/run0487/00/00/./xgboost_hp_tuning_group_1.000/00/00/register_condorpool_0_2.in",3.0,0,0,,,,,,,,,
register_condorpool_0_0_pegasus-plan_ID0000016,None,auxiliary,0,1678207213.0,,,1678207238.0,,,0.0,1678207238.0,1678207243.0,,,0.0,1678207243.0,1678207248.0,25.0,,0.0,5.0,5.0,,,,,poseidon,local,host-10-100-100-12.openstacklocal,pegasus::rc-client,/home/poseidon/pegasus-5.1.0panorama/bin/pegasus-rc-client,"-n pegasus::rc-client -N null -R local  -L xgboost_hp_tuning_group_1 -T 2023-03-07T16:37:28+00:00 /home/poseidon/pegasus-5.1.0panorama/bin/pegasus-rc-client --prefix pegasus.catalog.replica.output --conf /home/poseidon/workflows/predict-future-sales-workflow/submit/poseidon/pegasus/predict-future-sales/run0487/00/00/./xgboost_hp_tuning_group_1.000/pegasus.6772611884149982446.properties -v --meta /home/poseidon/workflows/predict-future-sales-workflow/submit/poseidon/pegasus/predict-future-sales/run0487/00/00/./xgboost_hp_tuning_group_1.000/00/00/xgboost_hp_tuning_ID0000018.meta,/home/poseidon/workflows/predict-future-sales-workflow/submit/poseidon/pegasus/predict-future-sales/run0487/00/00/./xgboost_hp_tuning_group_1.000/00/00/xgboost_hp_tuning_ID0000002.meta,/home/poseidon/workflows/predict-future-sales-workflow/submit/poseidon/pegasus/predict-future-sales/run0487/00/00/./xgboost_hp_tuning_group_1.000/00/00/xgboost_hp_tuning_ID0000005.meta,/home/poseidon/workflows/predict-future-sales-workflow/submit/poseidon/pegasus/predict-future-sales/run0487/00/00/./xgboost_hp_tuning_group_1.000/00/00/xgboost_hp_tuning_ID0000009.meta,/home/poseidon/workflows/predict-future-sales-workflow/submit/poseidon/pegasus/predict-future-sales/run0487/00/00/./xgboost_hp_tuning_group_1.000/00/00/xgboost_hp_tuning_ID0000015.meta,/home/poseidon/workflows/predict-future-sales-workflow/submit/poseidon/pegasus/predict-future-sales/run0487/00/00/./xgboost_hp_tuning_group_1.000/00/00/xgboost_hp_tuning_ID0000012.meta,/home/poseidon/workflows/predict-future-sales-workflow/submit/poseidon/pegasus/predict-future-sales/run0487/00/00/./xgboost_hp_tuning_group_1.000/00/00/xgboost_hp_tuning_ID0000010.meta,/home/poseidon/workflows/predict-future-sales-workflow/submit/poseidon/pegasus/predict-future-sales/run0487/00/00/./xgboost_hp_tuning_group_1.000/00/00/xgboost_hp_tuning_ID0000008.meta --insert /home/poseidon/workflows/predict-future-sales-workflow/submit/poseidon/pegasus/predict-future-sales/run0487/00/00/./xgboost_hp_tuning_group_1.000/00/00/register_condorpool_0_0.in",2.9,0,0,,,,,,,,,
register_condorpool_0_1_pegasus-plan_ID0000016,None,auxiliary,0,1678207213.0,,,1678207218.0,,,0.0,1678207218.0,1678207223.0,,,0.0,1678207223.0,1678207228.0,5.0,,0.0,5.0,5.0,,,,,poseidon,local,host-10-100-100-12.openstacklocal,pegasus::rc-client,/home/poseidon/pegasus-5.1.0panorama/bin/pegasus-rc-client,"-n pegasus::rc-client -N null -R local  -L xgboost_hp_tuning_group_1 -T 2023-03-07T16:37:28+00:00 /home/poseidon/pegasus-5.1.0panorama/bin/pegasus-rc-client --prefix pegasus.catalog.replica.output --conf /home/poseidon/workflows/predict-future-sales-workflow/submit/poseidon/pegasus/predict-future-sales/run0487/00/00/./xgboost_hp_tuning_group_1.000/pegasus.6772611884149982446.properties -v --meta /home/poseidon/workflows/predict-future-sales-workflow/submit/poseidon/pegasus/predict-future-sales/run0487/00/00/./xgboost_hp_tuning_group_1.000/00/00/xgboost_hp_tuning_ID0000013.meta,/home/poseidon/workflows/predict-future-sales-workflow/submit/poseidon/pegasus/predict-future-sales/run0487/00/00/./xgboost_hp_tuning_group_1.000/00/00/xgboost_hp_tuning_ID0000023.meta,/home/poseidon/workflows/predict-future-sales-workflow/submit/poseidon/pegasus/predict-future-sales/run0487/00/00/./xgboost_hp_tuning_group_1.000/00/00/xgboost_hp_tuning_ID0000011.meta,/home/poseidon/workflows/predict-future-sales-workflow/submit/poseidon/pegasus/predict-future-sales/run0487/00/00/./xgboost_hp_tuning_group_1.000/00/00/xgboost_hp_tuning_ID0000006.meta,/home/poseidon/workflows/predict-future-sales-workflow/submit/poseidon/pegasus/predict-future-sales/run0487/00/00/./xgboost_hp_tuning_group_1.000/00/00/xgboost_hp_tuning_ID0000003.meta,/home/poseidon/workflows/predict-future-sales-workflow/submit/poseidon/pegasus/predict-future-sales/run0487/00/00/./xgboost_hp_tuning_group_1.000/00/00/xgboost_hp_tuning_ID0000021.meta,/home/poseidon/workflows/predict-future-sales-workflow/submit/poseidon/pegasus/predict-future-sales/run0487/00/00/./xgboost_hp_tuning_group_1.000/00/00/xgboost_hp_tuning_ID0000019.meta,/home/poseidon/workflows/predict-future-sales-workflow/submit/poseidon/pegasus/predict-future-sales/run0487/00/00/./xgboost_hp_tuning_group_1.000/00/00/xgboost_hp_tuning_ID0000016.meta --insert /home/poseidon/workflows/predict-future-sales-workflow/submit/poseidon/pegasus/predict-future-sales/run0487/00/00/./xgboost_hp_tuning_group_1.000/00/00/register_condorpool_0_1.in",3.0,0,0,,,,,,,,,
stage_out_local_condorpool_1_0_pegasus-plan_ID0000016,None,transfer,0,1678207248.0,,,1678207253.0,,,0.0,1678207253.0,1678207263.0,1678207253.0,1678207258.0,1217.0,1678207263.0,1678207268.0,5.0,,0.0,10.0,5.0,,,5.0,5245.0,poseidon,local,host-10-100-100-12.openstacklocal,pegasus::transfer,/home/poseidon/pegasus-5.1.0panorama/bin/pegasus-transfer,/home/poseidon/pegasus-5.1.0panorama/bin/../bin/pegasus-kickstart  -n pegasus::transfer -N null -i - -R local  -L xgboost_hp_tuning_group_1 -T 2023-03-07T16:37:28+00:00 /home/poseidon/pegasus-5.1.0panorama/bin/../bin/pegasus-transfer  --threads 2,0.7,0,0,,,,,,,,,
register_condorpool_1_0_pegasus-plan_ID0000016,None,auxiliary,0,1678207268.0,,,1678207273.0,,,0.0,1678207273.0,1678207278.0,,,0.0,1678207278.0,1678207283.0,5.0,,0.0,5.0,5.0,,,,,poseidon,local,host-10-100-100-12.openstacklocal,pegasus::rc-client,/home/poseidon/pegasus-5.1.0panorama/bin/pegasus-rc-client,-n pegasus::rc-client -N null -R local  -L xgboost_hp_tuning_group_1 -T 2023-03-07T16:37:28+00:00 /home/poseidon/pegasus-5.1.0panorama/bin/pegasus-rc-client --prefix pegasus.catalog.replica.output --conf /home/poseidon/workflows/predict-future-sales-workflow/submit/poseidon/pegasus/predict-future-sales/run0487/00/00/./xgboost_hp_tuning_group_1.000/pegasus.6772611884149982446.properties -v --meta /home/poseidon/workflows/predict-future-sales-workflow/submit/poseidon/pegasus/predict-future-sales/run0487/00/00/./xgboost_hp_tuning_group_1.000/00/00/xgboost_best_params_ID0000024.meta --insert /home/poseidon/workflows/predict-future-sales-workflow/submit/poseidon/pegasus/predict-future-sales/run0487/00/00/./xgboost_hp_tuning_group_1.000/00/00/register_condorpool_1_0.in,3.0,0,0,,,,,,,,,
xgboost_model_ID0000017,None,compute,0,1678207287.0,,,1678207292.0,1678207240.0,1678207257.0,42593220.8,1678207297.0,1678207337.0,1678207267.0,1678207271.0,279295.0,1678207337.0,1678207342.0,5.0,,5.0,40.0,5.0,17.0,377645116.0,4.0,1248566.0,poseidon,condorpool,poseidon-worker-3-container-24-31,xgboost_model,/srv/xgboost_model,,9.5,0,0,,,,,,,,,
stage_out_local_condorpool_0_0_pegasus-plan_ID0000012,None,transfer,0,1678207302.0,,,1678207307.0,,,0.0,1678207307.0,1678207317.0,1678207307.0,1678207311.0,2097.0,1678207317.0,1678207322.0,5.0,,0.0,10.0,5.0,,,4.0,8469.0,poseidon,local,host-10-100-100-12.openstacklocal,pegasus::transfer,/home/poseidon/pegasus-5.1.0panorama/bin/pegasus-transfer,/home/poseidon/pegasus-5.1.0panorama/bin/../bin/pegasus-kickstart  -n pegasus::transfer -N null -i - -R local  -L xgboost_hp_tuning_group_0 -T 2023-03-07T16:37:33+00:00 /home/poseidon/pegasus-5.1.0panorama/bin/../bin/pegasus-transfer  --threads 2,1.0,0,0,,,,,,,,,
stage_out_local_condorpool_0_2_pegasus-plan_ID0000012,None,transfer,0,1678207307.0,,,1678207312.0,,,0.0,1678207312.0,1678207322.0,1678207312.0,1678207316.0,1841.0,1678207322.0,1678207327.0,5.0,,0.0,10.0,5.0,,,4.0,7428.0,poseidon,local,host-10-100-100-12.openstacklocal,pegasus::transfer,/home/poseidon/pegasus-5.1.0panorama/bin/pegasus-transfer,/home/poseidon/pegasus-5.1.0panorama/bin/../bin/pegasus-kickstart  -n pegasus::transfer -N null -i - -R local  -L xgboost_hp_tuning_group_0 -T 2023-03-07T16:37:33+00:00 /home/poseidon/pegasus-5.1.0panorama/bin/../bin/pegasus-transfer  --threads 2,0.9,0,0,,,,,,,,,
register_condorpool_0_0_pegasus-plan_ID0000012,None,auxiliary,0,1678207322.0,,,1678207327.0,,,0.0,1678207327.0,1678207332.0,,,0.0,1678207332.0,1678207337.0,5.0,,0.0,5.0,5.0,,,,,poseidon,local,host-10-100-100-12.openstacklocal,pegasus::rc-client,/home/poseidon/pegasus-5.1.0panorama/bin/pegasus-rc-client,"-n pegasus::rc-client -N null -R local  -L xgboost_hp_tuning_group_0 -T 2023-03-07T16:37:33+00:00 /home/poseidon/pegasus-5.1.0panorama/bin/pegasus-rc-client --prefix pegasus.catalog.replica.output --conf /home/poseidon/workflows/predict-future-sales-workflow/submit/poseidon/pegasus/predict-future-sales/run0487/00/00/./xgboost_hp_tuning_group_0.000/pegasus.16142032203255861409.properties -v --meta /home/poseidon/workflows/predict-future-sales-workflow/submit/poseidon/pegasus/predict-future-sales/run0487/00/00/./xgboost_hp_tuning_group_0.000/00/00/xgboost_hp_tuning_ID0000018.meta,/home/poseidon/workflows/predict-future-sales-workflow/submit/poseidon/pegasus/predict-future-sales/run0487/00/00/./xgboost_hp_tuning_group_0.000/00/00/xgboost_hp_tuning_ID0000002.meta,/home/poseidon/workflows/predict-future-sales-workflow/submit/poseidon/pegasus/predict-future-sales/run0487/00/00/./xgboost_hp_tuning_group_0.000/00/00/xgboost_hp_tuning_ID0000005.meta,/home/poseidon/workflows/predict-future-sales-workflow/submit/poseidon/pegasus/predict-future-sales/run0487/00/00/./xgboost_hp_tuning_group_0.000/00/00/xgboost_hp_tuning_ID0000009.meta,/home/poseidon/workflows/predict-future-sales-workflow/submit/poseidon/pegasus/predict-future-sales/run0487/00/00/./xgboost_hp_tuning_group_0.000/00/00/xgboost_hp_tuning_ID0000015.meta,/home/poseidon/workflows/predict-future-sales-workflow/submit/poseidon/pegasus/predict-future-sales/run0487/00/00/./xgboost_hp_tuning_group_0.000/00/00/xgboost_hp_tuning_ID0000012.meta,/home/poseidon/workflows/predict-future-sales-workflow/submit/poseidon/pegasus/predict-future-sales/run0487/00/00/./xgboost_hp_tuning_group_0.000/00/00/xgboost_hp_tuning_ID0000010.meta,/home/poseidon/workflows/predict-future-sales-workflow/submit/poseidon/pegasus/predict-future-sales/run0487/00/00/./xgboost_hp_tuning_group_0.000/00/00/xgboost_hp_tuning_ID0000008.meta --insert /home/poseidon/workflows/predict-future-sales-workflow/submit/poseidon/pegasus/predict-future-sales/run0487/00/00/./xgboost_hp_tuning_group_0.000/00/00/register_condorpool_0_0.in",3.1,0,0,,,,,,,,,
register_condorpool_0_2_pegasus-plan_ID0000012,None,auxiliary,0,1678207327.0,,,1678207337.0,,,0.0,1678207337.0,1678207342.0,,,0.0,1678207342.0,1678207347.0,10.0,,0.0,5.0,5.0,,,,,poseidon,local,host-10-100-100-12.openstacklocal,pegasus::rc-client,/home/poseidon/pegasus-5.1.0panorama/bin/pegasus-rc-client,"-n pegasus::rc-client -N null -R local  -L xgboost_hp_tuning_group_0 -T 2023-03-07T16:37:33+00:00 /home/poseidon/pegasus-5.1.0panorama/bin/pegasus-rc-client --prefix pegasus.catalog.replica.output --conf /home/poseidon/workflows/predict-future-sales-workflow/submit/poseidon/pegasus/predict-future-sales/run0487/00/00/./xgboost_hp_tuning_group_0.000/pegasus.16142032203255861409.properties -v --meta /home/poseidon/workflows/predict-future-sales-workflow/submit/poseidon/pegasus/predict-future-sales/run0487/00/00/./xgboost_hp_tuning_group_0.000/00/00/xgboost_hp_tuning_ID0000017.meta,/home/poseidon/workflows/predict-future-sales-workflow/submit/poseidon/pegasus/predict-future-sales/run0487/00/00/./xgboost_hp_tuning_group_0.000/00/00/xgboost_hp_tuning_ID0000022.meta,/home/poseidon/workflows/predict-future-sales-workflow/submit/poseidon/pegasus/predict-future-sales/run0487/00/00/./xgboost_hp_tuning_group_0.000/00/00/xgboost_hp_tuning_ID0000007.meta,/home/poseidon/workflows/predict-future-sales-workflow/submit/poseidon/pegasus/predict-future-sales/run0487/00/00/./xgboost_hp_tuning_group_0.000/00/00/xgboost_hp_tuning_ID0000020.meta,/home/poseidon/workflows/predict-future-sales-workflow/submit/poseidon/pegasus/predict-future-sales/run0487/00/00/./xgboost_hp_tuning_group_0.000/00/00/xgboost_hp_tuning_ID0000001.meta,/home/poseidon/workflows/predict-future-sales-workflow/submit/poseidon/pegasus/predict-future-sales/run0487/00/00/./xgboost_hp_tuning_group_0.000/00/00/xgboost_hp_tuning_ID0000004.meta,/home/poseidon/workflows/predict-future-sales-workflow/submit/poseidon/pegasus/predict-future-sales/run0487/00/00/./xgboost_hp_tuning_group_0.000/00/00/xgboost_hp_tuning_ID0000014.meta --insert /home/poseidon/workflows/predict-future-sales-workflow/submit/poseidon/pegasus/predict-future-sales/run0487/00/00/./xgboost_hp_tuning_group_0.000/00/00/register_condorpool_0_2.in",3.0,0,0,,,,,,,,,
stage_out_local_condorpool_0_1_pegasus-plan_ID0000012,None,transfer,0,1678207332.0,,,1678207337.0,,,0.0,1678207337.0,1678207347.0,1678207337.0,1678207341.0,2105.0,1678207347.0,1678207352.0,5.0,,0.0,10.0,5.0,,,4.0,8495.0,poseidon,local,host-10-100-100-12.openstacklocal,pegasus::transfer,/home/poseidon/pegasus-5.1.0panorama/bin/pegasus-transfer,/home/poseidon/pegasus-5.1.0panorama/bin/../bin/pegasus-kickstart  -n pegasus::transfer -N null -i - -R local  -L xgboost_hp_tuning_group_0 -T 2023-03-07T16:37:33+00:00 /home/poseidon/pegasus-5.1.0panorama/bin/../bin/pegasus-transfer  --threads 2,1.1,0,0,,,,,,,,,
xgboost_best_params_ID0000024_pegasus-plan_ID0000012,hdd_10,compute,0,1678207332.0,,,1678207337.0,1678207605.0,1678207622.0,33307259.4,1678207662.0,1678207733.0,1678207663.0,1678207667.0,255.0,1678207733.0,1678207738.0,5.0,,325.0,71.0,5.0,17.0,368018661.0,4.0,1079.0,poseidon,condorpool,poseidon-worker-2-container-40-47,xgboost_best_params,/srv/xgboost_best_params,,0.0,0,0,,,,,,,,,
model_predict_ID0000018,None,compute,0,1678207342.0,,,1678207347.0,1678207602.0,1678207619.0,41684796.5,1678207659.0,1678207732.0,1678207663.0,1678207667.0,5883.0,1678207732.0,1678207737.0,5.0,,312.0,73.0,5.0,17.0,369350561.0,4.0,25035.0,poseidon,condorpool,poseidon-worker-2-container-24-31,model_predict,/srv/model_predict,,2.4,0,0,,,,,,,,,
register_condorpool_0_1_pegasus-plan_ID0000012,None,auxiliary,0,1678207352.0,,,1678207358.0,,,0.0,1678207358.0,1678207363.0,,,0.0,1678207363.0,1678207368.0,6.0,,0.0,5.0,5.0,,,,,poseidon,local,host-10-100-100-12.openstacklocal,pegasus::rc-client,/home/poseidon/pegasus-5.1.0panorama/bin/pegasus-rc-client,"-n pegasus::rc-client -N null -R local  -L xgboost_hp_tuning_group_0 -T 2023-03-07T16:37:33+00:00 /home/poseidon/pegasus-5.1.0panorama/bin/pegasus-rc-client --prefix pegasus.catalog.replica.output --conf /home/poseidon/workflows/predict-future-sales-workflow/submit/poseidon/pegasus/predict-future-sales/run0487/00/00/./xgboost_hp_tuning_group_0.000/pegasus.16142032203255861409.properties -v --meta /home/poseidon/workflows/predict-future-sales-workflow/submit/poseidon/pegasus/predict-future-sales/run0487/00/00/./xgboost_hp_tuning_group_0.000/00/00/xgboost_hp_tuning_ID0000013.meta,/home/poseidon/workflows/predict-future-sales-workflow/submit/poseidon/pegasus/predict-future-sales/run0487/00/00/./xgboost_hp_tuning_group_0.000/00/00/xgboost_hp_tuning_ID0000023.meta,/home/poseidon/workflows/predict-future-sales-workflow/submit/poseidon/pegasus/predict-future-sales/run0487/00/00/./xgboost_hp_tuning_group_0.000/00/00/xgboost_hp_tuning_ID0000011.meta,/home/poseidon/workflows/predict-future-sales-workflow/submit/poseidon/pegasus/predict-future-sales/run0487/00/00/./xgboost_hp_tuning_group_0.000/00/00/xgboost_hp_tuning_ID0000006.meta,/home/poseidon/workflows/predict-future-sales-workflow/submit/poseidon/pegasus/predict-future-sales/run0487/00/00/./xgboost_hp_tuning_group_0.000/00/00/xgboost_hp_tuning_ID0000003.meta,/home/poseidon/workflows/predict-future-sales-workflow/submit/poseidon/pegasus/predict-future-sales/run0487/00/00/./xgboost_hp_tuning_group_0.000/00/00/xgboost_hp_tuning_ID0000021.meta,/home/poseidon/workflows/predict-future-sales-workflow/submit/poseidon/pegasus/predict-future-sales/run0487/00/00/./xgboost_hp_tuning_group_0.000/00/00/xgboost_hp_tuning_ID0000019.meta,/home/poseidon/workflows/predict-future-sales-workflow/submit/poseidon/pegasus/predict-future-sales/run0487/00/00/./xgboost_hp_tuning_group_0.000/00/00/xgboost_hp_tuning_ID0000016.meta --insert /home/poseidon/workflows/predict-future-sales-workflow/submit/poseidon/pegasus/predict-future-sales/run0487/00/00/./xgboost_hp_tuning_group_0.000/00/00/register_condorpool_0_1.in",3.0,0,0,,,,,,,,,
stage_out_local_condorpool_1_0_pegasus-plan_ID0000012,None,transfer,0,1678207738.0,,,1678207743.0,,,0.0,1678207743.0,1678207768.0,1678207744.0,1678207748.0,1280.0,1678207768.0,1678207773.0,5.0,,0.0,25.0,5.0,,,4.0,5395.0,poseidon,local,poseidon-submit,pegasus::transfer,/home/poseidon/pegasus-5.1.0panorama/bin/pegasus-transfer,/home/poseidon/pegasus-5.1.0panorama/bin/../bin/pegasus-kickstart  -n pegasus::transfer -N null -i - -R local  -L xgboost_hp_tuning_group_0 -T 2023-03-07T16:37:33+00:00 /home/poseidon/pegasus-5.1.0panorama/bin/../bin/pegasus-transfer  --threads 2,0.7,0,0,,,,,,,,,
register_condorpool_1_0_pegasus-plan_ID0000012,None,auxiliary,0,1678207773.0,,,1678207778.0,,,0.0,1678207778.0,1678207783.0,,,0.0,1678207783.0,1678207788.0,5.0,,0.0,5.0,5.0,,,,,poseidon,local,poseidon-submit,pegasus::rc-client,/home/poseidon/pegasus-5.1.0panorama/bin/pegasus-rc-client,-n pegasus::rc-client -N null -R local  -L xgboost_hp_tuning_group_0 -T 2023-03-07T16:37:33+00:00 /home/poseidon/pegasus-5.1.0panorama/bin/pegasus-rc-client --prefix pegasus.catalog.replica.output --conf /home/poseidon/workflows/predict-future-sales-workflow/submit/poseidon/pegasus/predict-future-sales/run0487/00/00/./xgboost_hp_tuning_group_0.000/pegasus.16142032203255861409.properties -v --meta /home/poseidon/workflows/predict-future-sales-workflow/submit/poseidon/pegasus/predict-future-sales/run0487/00/00/./xgboost_hp_tuning_group_0.000/00/00/xgboost_best_params_ID0000024.meta --insert /home/poseidon/workflows/predict-future-sales-workflow/submit/poseidon/pegasus/predict-future-sales/run0487/00/00/./xgboost_hp_tuning_group_0.000/00/00/register_condorpool_1_0.in,2.8,0,0,,,,,,,,,
xgboost_model_ID0000013,None,compute,0,1678207792.0,,,1678207798.0,1678207742.0,1678207762.0,46621236.4,1678207799.0,1678207848.0,1678207776.0,1678207780.0,268180.0,1678207848.0,1678207853.0,6.0,,1.0,49.0,5.0,20.0,502671209.0,4.0,1189473.0,poseidon,condorpool,poseidon-worker-3-container-16-23,xgboost_model,/srv/xgboost_model,,31.5,0,0,,,,,,,,,
model_predict_ID0000014,None,compute,0,1678207853.0,,,1678207858.0,1678207802.0,1678207820.0,41997885.8,1678207859.0,1678207898.0,1678207829.0,1678207833.0,104475.0,1678207898.0,1678207903.0,5.0,,1.0,39.0,5.0,18.0,371377275.0,4.0,451213.0,poseidon,condorpool,poseidon-worker-3-container-16-23,model_predict,/srv/model_predict,,2.7,0,0,,,,,,,,,
stage_out_local_condorpool_0_2_pegasus-plan_ID0000020,None,transfer,0,1678208033.0,,,1678208038.0,,,0.0,1678208038.0,1678208048.0,1678208039.0,1678208043.0,1839.0,1678208048.0,1678208053.0,5.0,,0.0,10.0,5.0,,,4.0,7423.0,poseidon,local,host-10-100-100-12.openstacklocal,pegasus::transfer,/home/poseidon/pegasus-5.1.0panorama/bin/pegasus-transfer,/home/poseidon/pegasus-5.1.0panorama/bin/../bin/pegasus-kickstart  -n pegasus::transfer -N null -i - -R local  -L xgboost_hp_tuning_group_2 -T 2023-03-07T16:37:28+00:00 /home/poseidon/pegasus-5.1.0panorama/bin/../bin/pegasus-transfer  --threads 2,1.0,0,0,,,,,,,,,
register_condorpool_0_2_pegasus-plan_ID0000020,None,auxiliary,0,1678208053.0,,,1678208058.0,,,0.0,1678208058.0,1678208063.0,,,0.0,1678208063.0,1678208068.0,5.0,,0.0,5.0,5.0,,,,,poseidon,local,host-10-100-100-12.openstacklocal,pegasus::rc-client,/home/poseidon/pegasus-5.1.0panorama/bin/pegasus-rc-client,"-n pegasus::rc-client -N null -R local  -L xgboost_hp_tuning_group_2 -T 2023-03-07T16:37:28+00:00 /home/poseidon/pegasus-5.1.0panorama/bin/pegasus-rc-client --prefix pegasus.catalog.replica.output --conf /home/poseidon/workflows/predict-future-sales-workflow/submit/poseidon/pegasus/predict-future-sales/run0487/00/00/./xgboost_hp_tuning_group_2.000/pegasus.3530774024976287319.properties -v --meta /home/poseidon/workflows/predict-future-sales-workflow/submit/poseidon/pegasus/predict-future-sales/run0487/00/00/./xgboost_hp_tuning_group_2.000/00/00/xgboost_hp_tuning_ID0000017.meta,/home/poseidon/workflows/predict-future-sales-workflow/submit/poseidon/pegasus/predict-future-sales/run0487/00/00/./xgboost_hp_tuning_group_2.000/00/00/xgboost_hp_tuning_ID0000022.meta,/home/poseidon/workflows/predict-future-sales-workflow/submit/poseidon/pegasus/predict-future-sales/run0487/00/00/./xgboost_hp_tuning_group_2.000/00/00/xgboost_hp_tuning_ID0000007.meta,/home/poseidon/workflows/predict-future-sales-workflow/submit/poseidon/pegasus/predict-future-sales/run0487/00/00/./xgboost_hp_tuning_group_2.000/00/00/xgboost_hp_tuning_ID0000020.meta,/home/poseidon/workflows/predict-future-sales-workflow/submit/poseidon/pegasus/predict-future-sales/run0487/00/00/./xgboost_hp_tuning_group_2.000/00/00/xgboost_hp_tuning_ID0000001.meta,/home/poseidon/workflows/predict-future-sales-workflow/submit/poseidon/pegasus/predict-future-sales/run0487/00/00/./xgboost_hp_tuning_group_2.000/00/00/xgboost_hp_tuning_ID0000004.meta,/home/poseidon/workflows/predict-future-sales-workflow/submit/poseidon/pegasus/predict-future-sales/run0487/00/00/./xgboost_hp_tuning_group_2.000/00/00/xgboost_hp_tuning_ID0000014.meta --insert /home/poseidon/workflows/predict-future-sales-workflow/submit/poseidon/pegasus/predict-future-sales/run0487/00/00/./xgboost_hp_tuning_group_2.000/00/00/register_condorpool_0_2.in",3.1,0,0,,,,,,,,,
stage_out_local_condorpool_0_0_pegasus-plan_ID0000020,None,transfer,0,1678208063.0,,,1678208068.0,,,0.0,1678208068.0,1678208078.0,1678208068.0,1678208072.0,2097.0,1678208078.0,1678208083.0,5.0,,0.0,10.0,5.0,,,4.0,8463.0,poseidon,local,host-10-100-100-12.openstacklocal,pegasus::transfer,/home/poseidon/pegasus-5.1.0panorama/bin/pegasus-transfer,/home/poseidon/pegasus-5.1.0panorama/bin/../bin/pegasus-kickstart  -n pegasus::transfer -N null -i - -R local  -L xgboost_hp_tuning_group_2 -T 2023-03-07T16:37:28+00:00 /home/poseidon/pegasus-5.1.0panorama/bin/../bin/pegasus-transfer  --threads 2,1.1,0,0,,,,,,,,,
register_condorpool_0_0_pegasus-plan_ID0000020,None,auxiliary,0,1678208083.0,,,1678208088.0,,,0.0,1678208088.0,1678208093.0,,,0.0,1678208093.0,1678208098.0,5.0,,0.0,5.0,5.0,,,,,poseidon,local,host-10-100-100-12.openstacklocal,pegasus::rc-client,/home/poseidon/pegasus-5.1.0panorama/bin/pegasus-rc-client,"-n pegasus::rc-client -N null -R local  -L xgboost_hp_tuning_group_2 -T 2023-03-07T16:37:28+00:00 /home/poseidon/pegasus-5.1.0panorama/bin/pegasus-rc-client --prefix pegasus.catalog.replica.output --conf /home/poseidon/workflows/predict-future-sales-workflow/submit/poseidon/pegasus/predict-future-sales/run0487/00/00/./xgboost_hp_tuning_group_2.000/pegasus.3530774024976287319.properties -v --meta /home/poseidon/workflows/predict-future-sales-workflow/submit/poseidon/pegasus/predict-future-sales/run0487/00/00/./xgboost_hp_tuning_group_2.000/00/00/xgboost_hp_tuning_ID0000018.meta,/home/poseidon/workflows/predict-future-sales-workflow/submit/poseidon/pegasus/predict-future-sales/run0487/00/00/./xgboost_hp_tuning_group_2.000/00/00/xgboost_hp_tuning_ID0000002.meta,/home/poseidon/workflows/predict-future-sales-workflow/submit/poseidon/pegasus/predict-future-sales/run0487/00/00/./xgboost_hp_tuning_group_2.000/00/00/xgboost_hp_tuning_ID0000005.meta,/home/poseidon/workflows/predict-future-sales-workflow/submit/poseidon/pegasus/predict-future-sales/run0487/00/00/./xgboost_hp_tuning_group_2.000/00/00/xgboost_hp_tuning_ID0000009.meta,/home/poseidon/workflows/predict-future-sales-workflow/submit/poseidon/pegasus/predict-future-sales/run0487/00/00/./xgboost_hp_tuning_group_2.000/00/00/xgboost_hp_tuning_ID0000015.meta,/home/poseidon/workflows/predict-future-sales-workflow/submit/poseidon/pegasus/predict-future-sales/run0487/00/00/./xgboost_hp_tuning_group_2.000/00/00/xgboost_hp_tuning_ID0000012.meta,/home/poseidon/workflows/predict-future-sales-workflow/submit/poseidon/pegasus/predict-future-sales/run0487/00/00/./xgboost_hp_tuning_group_2.000/00/00/xgboost_hp_tuning_ID0000010.meta,/home/poseidon/workflows/predict-future-sales-workflow/submit/poseidon/pegasus/predict-future-sales/run0487/00/00/./xgboost_hp_tuning_group_2.000/00/00/xgboost_hp_tuning_ID0000008.meta --insert /home/poseidon/workflows/predict-future-sales-workflow/submit/poseidon/pegasus/predict-future-sales/run0487/00/00/./xgboost_hp_tuning_group_2.000/00/00/register_condorpool_0_0.in",3.0,0,0,,,,,,,,,
xgboost_best_params_ID0000024_pegasus-plan_ID0000020,None,compute,0,1678208093.0,,,1678208098.0,1678208043.0,1678208060.0,33293818.6,1678208100.0,1678208138.0,1678208067.0,1678208071.0,249.0,1678208138.0,1678208143.0,5.0,,2.0,38.0,5.0,17.0,368018652.0,4.0,1058.0,poseidon,condorpool,poseidon-worker-1-container-0-7,xgboost_best_params,/srv/xgboost_best_params,,0.0,0,0,,,,,,,,,
stage_out_local_condorpool_0_1_pegasus-plan_ID0000020,None,transfer,0,1678208093.0,,,1678208098.0,,,0.0,1678208099.0,1678208108.0,1678208099.0,1678208103.0,2107.0,1678208108.0,1678208113.0,5.0,,1.0,9.0,5.0,,,4.0,8497.0,poseidon,local,host-10-100-100-12.openstacklocal,pegasus::transfer,/home/poseidon/pegasus-5.1.0panorama/bin/pegasus-transfer,/home/poseidon/pegasus-5.1.0panorama/bin/../bin/pegasus-kickstart  -n pegasus::transfer -N null -i - -R local  -L xgboost_hp_tuning_group_2 -T 2023-03-07T16:37:28+00:00 /home/poseidon/pegasus-5.1.0panorama/bin/../bin/pegasus-transfer  --threads 2,1.1,0,0,,,,,,,,,
register_condorpool_0_1_pegasus-plan_ID0000020,None,auxiliary,0,1678208113.0,,,1678208118.0,,,0.0,1678208118.0,1678208123.0,,,0.0,1678208123.0,1678208128.0,5.0,,0.0,5.0,5.0,,,,,poseidon,local,host-10-100-100-12.openstacklocal,pegasus::rc-client,/home/poseidon/pegasus-5.1.0panorama/bin/pegasus-rc-client,"-n pegasus::rc-client -N null -R local  -L xgboost_hp_tuning_group_2 -T 2023-03-07T16:37:28+00:00 /home/poseidon/pegasus-5.1.0panorama/bin/pegasus-rc-client --prefix pegasus.catalog.replica.output --conf /home/poseidon/workflows/predict-future-sales-workflow/submit/poseidon/pegasus/predict-future-sales/run0487/00/00/./xgboost_hp_tuning_group_2.000/pegasus.3530774024976287319.properties -v --meta /home/poseidon/workflows/predict-future-sales-workflow/submit/poseidon/pegasus/predict-future-sales/run0487/00/00/./xgboost_hp_tuning_group_2.000/00/00/xgboost_hp_tuning_ID0000013.meta,/home/poseidon/workflows/predict-future-sales-workflow/submit/poseidon/pegasus/predict-future-sales/run0487/00/00/./xgboost_hp_tuning_group_2.000/00/00/xgboost_hp_tuning_ID0000023.meta,/home/poseidon/workflows/predict-future-sales-workflow/submit/poseidon/pegasus/predict-future-sales/run0487/00/00/./xgboost_hp_tuning_group_2.000/00/00/xgboost_hp_tuning_ID0000011.meta,/home/poseidon/workflows/predict-future-sales-workflow/submit/poseidon/pegasus/predict-future-sales/run0487/00/00/./xgboost_hp_tuning_group_2.000/00/00/xgboost_hp_tuning_ID0000006.meta,/home/poseidon/workflows/predict-future-sales-workflow/submit/poseidon/pegasus/predict-future-sales/run0487/00/00/./xgboost_hp_tuning_group_2.000/00/00/xgboost_hp_tuning_ID0000003.meta,/home/poseidon/workflows/predict-future-sales-workflow/submit/poseidon/pegasus/predict-future-sales/run0487/00/00/./xgboost_hp_tuning_group_2.000/00/00/xgboost_hp_tuning_ID0000021.meta,/home/poseidon/workflows/predict-future-sales-workflow/submit/poseidon/pegasus/predict-future-sales/run0487/00/00/./xgboost_hp_tuning_group_2.000/00/00/xgboost_hp_tuning_ID0000019.meta,/home/poseidon/workflows/predict-future-sales-workflow/submit/poseidon/pegasus/predict-future-sales/run0487/00/00/./xgboost_hp_tuning_group_2.000/00/00/xgboost_hp_tuning_ID0000016.meta --insert /home/poseidon/workflows/predict-future-sales-workflow/submit/poseidon/pegasus/predict-future-sales/run0487/00/00/./xgboost_hp_tuning_group_2.000/00/00/register_condorpool_0_1.in",3.0,0,0,,,,,,,,,
stage_out_local_condorpool_1_0_pegasus-plan_ID0000020,None,transfer,0,1678208143.0,,,1678208148.0,,,0.0,1678208148.0,1678208158.0,1678208148.0,1678208153.0,1223.0,1678208158.0,1678208163.0,5.0,,0.0,10.0,5.0,,,5.0,5290.0,poseidon,local,host-10-100-100-12.openstacklocal,pegasus::transfer,/home/poseidon/pegasus-5.1.0panorama/bin/pegasus-transfer,/home/poseidon/pegasus-5.1.0panorama/bin/../bin/pegasus-kickstart  -n pegasus::transfer -N null -i - -R local  -L xgboost_hp_tuning_group_2 -T 2023-03-07T16:37:28+00:00 /home/poseidon/pegasus-5.1.0panorama/bin/../bin/pegasus-transfer  --threads 2,0.7,0,0,,,,,,,,,
register_condorpool_1_0_pegasus-plan_ID0000020,None,auxiliary,0,1678208163.0,,,1678208168.0,,,0.0,1678208168.0,1678208173.0,,,0.0,1678208173.0,1678208178.0,5.0,,0.0,5.0,5.0,,,,,poseidon,local,host-10-100-100-12.openstacklocal,pegasus::rc-client,/home/poseidon/pegasus-5.1.0panorama/bin/pegasus-rc-client,-n pegasus::rc-client -N null -R local  -L xgboost_hp_tuning_group_2 -T 2023-03-07T16:37:28+00:00 /home/poseidon/pegasus-5.1.0panorama/bin/pegasus-rc-client --prefix pegasus.catalog.replica.output --conf /home/poseidon/workflows/predict-future-sales-workflow/submit/poseidon/pegasus/predict-future-sales/run0487/00/00/./xgboost_hp_tuning_group_2.000/pegasus.3530774024976287319.properties -v --meta /home/poseidon/workflows/predict-future-sales-workflow/submit/poseidon/pegasus/predict-future-sales/run0487/00/00/./xgboost_hp_tuning_group_2.000/00/00/xgboost_best_params_ID0000024.meta --insert /home/poseidon/workflows/predict-future-sales-workflow/submit/poseidon/pegasus/predict-future-sales/run0487/00/00/./xgboost_hp_tuning_group_2.000/00/00/register_condorpool_1_0.in,3.1,0,0,,,,,,,,,
xgboost_model_ID0000021,None,compute,0,1678208178.0,,,1678208183.0,1678208133.0,1678208165.0,68909531.6,1678208190.0,1678208328.0,1678208255.0,1678208260.0,373392.0,1678208328.0,1678208333.0,5.0,,7.0,138.0,5.0,32.0,1691152079.0,5.0,1702958.0,poseidon,condorpool,poseidon-worker-1-container-0-7,xgboost_model,/srv/xgboost_model,,443.6,0,0,0.1,1348823258.0,24449.0,5298.0,8.0,423.8,15.3,16860290.7,2444.9
stage_out_local_local_5_0,None,transfer,0,1678208178.0,,,1678208183.0,,,0.0,1678208183.0,1678208193.0,1678208184.0,1678208188.0,790.0,1678208193.0,1678208198.0,5.0,,0.0,10.0,5.0,,,4.0,3186.0,poseidon,local,host-10-100-100-12.openstacklocal,pegasus::transfer,/home/poseidon/pegasus-5.1.0panorama/bin/pegasus-transfer,pegasus-kickstart  -n pegasus::transfer -N null -i - -R local  -L predict-future-sales -T 2023-02-17T19:59:06+00:00 pegasus-transfer  --threads 2,0.3,0,0,,,,,,,,,
cleanup_predict-future-sales_0_local,None,auxiliary,0,1678208198.0,,,1678208203.0,,,0.0,1678208203.0,1678208213.0,,,0.0,1678208213.0,1678208218.0,5.0,,0.0,10.0,5.0,,,,,poseidon,local,host-10-100-100-12.openstacklocal,pegasus::cleanup,/home/poseidon/pegasus-5.1.0panorama/bin/pegasus-transfer,pegasus-kickstart  -n pegasus::cleanup -N null -i - -R local  -L predict-future-sales -T 2023-02-17T19:59:06+00:00 pegasus-transfer,0.3,0,0,,,,,,,,,
stage_out_local_condorpool_6_0,None,transfer,0,1678208333.0,,,1678208338.0,,,0.0,1678208338.0,1678208348.0,1678208339.0,1678208343.0,1026350.0,1678208348.0,1678208353.0,5.0,,0.0,10.0,5.0,,,4.0,4140997.0,poseidon,local,host-10-100-100-12.openstacklocal,pegasus::transfer,/home/poseidon/pegasus-5.1.0panorama/bin/pegasus-transfer,pegasus-kickstart  -n pegasus::transfer -N null -i - -R local  -L predict-future-sales -T 2023-02-17T19:59:06+00:00 pegasus-transfer  --threads 2,0.9,0,0,,,,,,,,,
model_predict_ID0000022,None,compute,0,1678208333.0,,,1678208338.0,1678208283.0,1678208300.0,40033531.0,1678208340.0,1678208378.0,1678208308.0,1678208313.0,1218280.0,1678208378.0,1678208383.0,5.0,,2.0,38.0,5.0,17.0,396707616.0,5.0,5523764.0,poseidon,condorpool,poseidon-worker-1-container-0-7,model_predict,/srv/model_predict,,3.0,0,0,,,,,,,,,
stage_out_local_condorpool_7_0,None,transfer,0,1678208383.0,,,1678208388.0,,,0.0,1678208388.0,1678208398.0,1678208388.0,1678208392.0,1487753.0,1678208398.0,1678208403.0,5.0,,0.0,10.0,5.0,,,4.0,6000012.0,poseidon,local,host-10-100-100-12.openstacklocal,pegasus::transfer,/home/poseidon/pegasus-5.1.0panorama/bin/pegasus-transfer,pegasus-kickstart  -n pegasus::transfer -N null -i - -R local  -L predict-future-sales -T 2023-02-17T19:59:06+00:00 pegasus-transfer  --threads 2,0.6,0,0,,,,,,,,,
predict_merge_ID0000023,None,compute,0,1678208383.0,,,1678208388.0,1678208332.0,1678208350.0,37937473.7,1678208389.0,1678208428.0,1678208357.0,1678208361.0,839485.0,1678208428.0,1678208433.0,5.0,,1.0,39.0,5.0,18.0,377176763.0,4.0,3780669.0,poseidon,condorpool,poseidon-worker-1-container-0-7,predict_merge,/srv/predict_merge,,1.4,0,0,,,,,,,,,
stage_out_local_condorpool_8_0,None,transfer,0,1678208433.0,,,1678208438.0,,,0.0,1678208438.0,1678208448.0,1678208438.0,1678208441.0,1729939.0,1678208448.0,1678208453.0,5.0,,0.0,10.0,5.0,,,3.0,3780669.0,poseidon,local,host-10-100-100-12.openstacklocal,pegasus::transfer,/home/poseidon/pegasus-5.1.0panorama/bin/pegasus-transfer,pegasus-kickstart  -n pegasus::transfer -N null -i - -R local  -L predict-future-sales -T 2023-02-17T19:59:06+00:00 pegasus-transfer  --threads 2,0.4,0,0,,,,,,,,,
cleanup_predict-future-sales_0_condorpool,None,auxiliary,0,1678208453.0,,,1678208458.0,,,0.0,1678208458.0,1678208468.0,,,0.0,1678208468.0,1678208473.0,5.0,,0.0,10.0,5.0,,,,,poseidon,local,host-10-100-100-12.openstacklocal,pegasus::cleanup,/home/poseidon/pegasus-5.1.0panorama/bin/pegasus-transfer,pegasus-kickstart  -n pegasus::cleanup -N null -i - -R local  -L predict-future-sales -T 2023-02-17T19:59:06+00:00 pegasus-transfer,0.3,0,0,,,,,,,,,
