,anomaly_type,type,is_clustered,ready,pre_script_start,pre_script_end,submit,stage_in_start,stage_in_end,stage_in_effective_bytes_per_sec,execute_start,execute_end,stage_out_start,stage_out_end,stage_out_effective_bytes_per_sec,post_script_start,post_script_end,wms_delay,pre_script_delay,queue_delay,runtime,post_script_delay,stage_in_delay,stage_in_bytes,stage_out_delay,stage_out_bytes,kickstart_user,kickstart_site,kickstart_hostname,kickstart_transformations,kickstart_executables,kickstart_executables_argv,kickstart_executables_cpu_time,kickstart_status,kickstart_executables_exitcode,kickstart_online_iowait,kickstart_online_bytes_read,kickstart_online_bytes_written,kickstart_online_read_system_calls,kickstart_online_write_system_calls,kickstart_online_utime,kickstart_online_stime,kickstart_online_bytes_read_per_second,kickstart_online_bytes_written_per_second
create_dir_predict-future-sales_0_local,None,auxiliary,0,1678141966.0,,,1678141967.0,,,0.0,1678141971.0,1678141977.0,,,0.0,1678141977.0,1678141982.0,1.0,,4.0,6.0,5.0,,,,,poseidon,local,host-10-100-100-12.openstacklocal,pegasus::dirmanager,/home/poseidon/pegasus-5.1.0panorama/bin/pegasus-transfer,pegasus-kickstart  -n pegasus::dirmanager -N null -i - -R local  -L predict-future-sales -T 2023-02-17T19:59:06+00:00 pegasus-transfer,0.3,0,0,,,,,,,,,
create_dir_predict-future-sales_0_condorpool,None,auxiliary,0,1678141966.0,,,1678141967.0,,,0.0,1678141971.0,1678141977.0,,,0.0,1678141977.0,1678141982.0,1.0,,4.0,6.0,5.0,,,,,poseidon,local,host-10-100-100-12.openstacklocal,pegasus::dirmanager,/home/poseidon/pegasus-5.1.0panorama/bin/pegasus-transfer,pegasus-kickstart  -n pegasus::dirmanager -N null -i - -R local  -L predict-future-sales -T 2023-02-17T19:59:06+00:00 pegasus-transfer,0.3,0,0,,,,,,,,,
stage_in_local_local_4_0,None,transfer,0,1678141982.0,,,1678141987.0,1678141988.0,1678141990.0,5796.0,1678141987.0,1678141997.0,,,0.0,1678141997.0,1678142002.0,5.0,,0.0,10.0,5.0,2.0,12577.0,,,poseidon,local,host-10-100-100-12.openstacklocal,pegasus::transfer,/home/poseidon/pegasus-5.1.0panorama/bin/pegasus-transfer,pegasus-kickstart  -n pegasus::transfer -N null -i - -R local  -L predict-future-sales -T 2023-02-17T19:59:06+00:00 pegasus-transfer  --threads 2,0.4,0,0,,,,,,,,,
stage_in_local_condorpool_8_0,None,transfer,0,1678141982.0,,,1678141987.0,1678141987.0,1678141991.0,669.0,1678141987.0,1678141997.0,,,0.0,1678141997.0,1678142002.0,5.0,,0.0,10.0,5.0,4.0,2368.0,,,poseidon,local,host-10-100-100-12.openstacklocal,pegasus::transfer,/home/poseidon/pegasus-5.1.0panorama/bin/pegasus-transfer,pegasus-kickstart  -n pegasus::transfer -N null -i - -R local  -L predict-future-sales -T 2023-02-17T19:59:06+00:00 pegasus-transfer  --threads 2,0.4,0,0,,,,,,,,,
stage_in_local_condorpool_3_0,None,transfer,0,1678141982.0,,,1678141987.0,1678141987.0,1678141992.0,2955.0,1678141987.0,1678141997.0,,,0.0,1678141997.0,1678142002.0,5.0,,0.0,10.0,5.0,5.0,12704.0,,,poseidon,local,host-10-100-100-12.openstacklocal,pegasus::transfer,/home/poseidon/pegasus-5.1.0panorama/bin/pegasus-transfer,pegasus-kickstart  -n pegasus::transfer -N null -i - -R local  -L predict-future-sales -T 2023-02-17T19:59:06+00:00 pegasus-transfer  --threads 2,0.6,0,0,,,,,,,,,
stage_in_local_condorpool_2_0,None,transfer,0,1678141982.0,,,1678141987.0,1678141988.0,1678141993.0,9984.0,1678141987.0,1678142002.0,,,0.0,1678142002.0,1678142007.0,5.0,,0.0,15.0,5.0,5.0,55480.0,,,poseidon,local,host-10-100-100-12.openstacklocal,pegasus::transfer,/home/poseidon/pegasus-5.1.0panorama/bin/pegasus-transfer,pegasus-kickstart  -n pegasus::transfer -N null -i - -R local  -L predict-future-sales -T 2023-02-17T19:59:06+00:00 pegasus-transfer  --threads 2,1.0,0,0,,,,,,,,,
stage_in_local_condorpool_1_0,None,transfer,0,1678141982.0,,,1678141987.0,1678141988.0,1678141992.0,3513.0,1678141987.0,1678142002.0,,,0.0,1678142002.0,1678142007.0,5.0,,0.0,15.0,5.0,4.0,15640.0,,,poseidon,local,host-10-100-100-12.openstacklocal,pegasus::transfer,/home/poseidon/pegasus-5.1.0panorama/bin/pegasus-transfer,pegasus-kickstart  -n pegasus::transfer -N null -i - -R local  -L predict-future-sales -T 2023-02-17T19:59:06+00:00 pegasus-transfer  --threads 2,0.6,0,0,,,,,,,,,
stage_in_local_condorpool_0_0,None,transfer,0,1678141982.0,,,1678141987.0,1678141988.0,1678141997.0,96002890.0,1678141987.0,1678142007.0,,,0.0,1678142007.0,1678142012.0,5.0,,0.0,20.0,5.0,9.0,936801734.0,,,poseidon,local,host-10-100-100-12.openstacklocal,pegasus::transfer,/home/poseidon/pegasus-5.1.0panorama/bin/pegasus-transfer,pegasus-kickstart  -n pegasus::transfer -N null -i - -R local  -L predict-future-sales -T 2023-02-17T19:59:06+00:00 pegasus-transfer  --threads 2,5.7,0,0,,,,,,,,,
stage_in_local_condorpool_7_0,None,transfer,0,1678141982.0,,,1678141987.0,1678141988.0,1678141991.0,971.0,1678141987.0,1678141997.0,,,0.0,1678141997.0,1678142002.0,5.0,,0.0,10.0,5.0,3.0,3488.0,,,poseidon,local,host-10-100-100-12.openstacklocal,pegasus::transfer,/home/poseidon/pegasus-5.1.0panorama/bin/pegasus-transfer,pegasus-kickstart  -n pegasus::transfer -N null -i - -R local  -L predict-future-sales -T 2023-02-17T19:59:06+00:00 pegasus-transfer  --threads 2,0.4,0,0,,,,,,,,,
stage_in_local_condorpool_6_0,None,transfer,0,1678141982.0,,,1678141987.0,1678141988.0,1678141991.0,2147.0,1678141987.0,1678141997.0,,,0.0,1678141997.0,1678142002.0,5.0,,0.0,10.0,5.0,3.0,7870.0,,,poseidon,local,host-10-100-100-12.openstacklocal,pegasus::transfer,/home/poseidon/pegasus-5.1.0panorama/bin/pegasus-transfer,pegasus-kickstart  -n pegasus::transfer -N null -i - -R local  -L predict-future-sales -T 2023-02-17T19:59:06+00:00 pegasus-transfer  --threads 2,0.4,0,0,,,,,,,,,
preprocess_ID0000003,None,compute,0,1678142012.0,,,1678142017.0,1678141966.0,1678141985.0,42619060.4,1678142022.0,1678142072.0,1678141997.0,1678142004.0,22000096.0,1678142072.0,1678142077.0,5.0,,5.0,50.0,5.0,19.0,467356066.0,7.0,160257914.0,poseidon,condorpool,poseidon-worker-3-container-32-39,preprocess,/srv/preprocess,,4.4,0,0,,,,,,,,,
nlp_ID0000002,None,compute,0,1678142012.0,,,1678142017.0,1678141966.0,1678141983.0,41734301.0,1678142022.0,1678142267.0,1678142194.0,1678142199.0,579112.0,1678142267.0,1678142272.0,5.0,,5.0,245.0,5.0,17.0,369033604.0,5.0,2755872.0,poseidon,condorpool,poseidon-worker-1-container-32-39,nlp,/srv/nlp,,1260.0,0,0,0.1,21389402.0,8791.0,3016.0,5.0,1235.1,2.3,106947.0,879.1
eda_ID0000001,None,compute,0,1678142012.0,,,1678142017.0,1678141966.0,1678141987.0,45130497.0,1678142022.0,1678142097.0,1678142028.0,1678142032.0,271473.0,1678142097.0,1678142102.0,5.0,,5.0,75.0,5.0,21.0,464177772.0,4.0,1194705.0,poseidon,condorpool,poseidon-worker-3-container-0-7,eda,/srv/eda,,34.2,0,0,0.0,144727625.0,848121.0,27361.0,40.0,28.1,1.9,4824254.2,28270.7
feature_eng_1_ID0000005,None,compute,0,1678142077.0,,,1678142082.0,1678142041.0,1678142062.0,46241522.4,1678142097.0,1678142162.0,1678142086.0,1678142097.0,36136041.0,1678142162.0,1678142167.0,5.0,,15.0,65.0,5.0,21.0,528250191.0,11.0,393324463.0,poseidon,condorpool,poseidon-worker-3-container-0-7,feature_eng_1,/srv/feature_eng_1,,16.0,0,0,0.0,169608281.0,8.0,1721.0,1.0,8.0,2.0,16960828.1,0.8
feature_eng_0_ID0000004,None,compute,0,1678142077.0,,,1678142082.0,1678142027.0,1678142046.0,41896536.8,1678142084.0,1678142127.0,1678142057.0,1678142061.0,198752.0,1678142127.0,1678142132.0,5.0,,2.0,43.0,5.0,19.0,369949088.0,4.0,893320.0,poseidon,condorpool,poseidon-worker-3-container-32-39,feature_eng_0,/srv/feature_eng_0,,4.8,0,0,,,,,,,,,
feature_eng_5_ID0000009,None,compute,0,1678142167.0,,,1678142172.0,1678142117.0,1678142142.0,55565096.6,1678142173.0,1678142452.0,1678142373.0,1678142388.0,42984030.0,1678142452.0,1678142457.0,5.0,,1.0,279.0,5.0,25.0,856820455.0,15.0,655540227.0,poseidon,condorpool,poseidon-worker-3-container-32-39,feature_eng_5,/srv/feature_eng_5,,220.3,0,0,0.0,498297360.0,218513623.0,2033.0,8.0,199.6,20.4,2264988.0,10925681.2
stage_out_local_condorpool_1_0,None,transfer,0,1678142167.0,,,1678142172.0,,,0.0,1678142172.0,1678142182.0,1678142172.0,1678142176.0,91944710.0,1678142182.0,1678142187.0,5.0,,0.0,10.0,5.0,,,4.0,394217783.0,poseidon,local,host-10-100-100-12.openstacklocal,pegasus::transfer,/home/poseidon/pegasus-5.1.0panorama/bin/pegasus-transfer,pegasus-kickstart  -n pegasus::transfer -N null -i - -R local  -L predict-future-sales -T 2023-02-17T19:59:06+00:00 pegasus-transfer  --threads 2,2.1,0,0,,,,,,,,,
feature_eng_3_ID0000007,None,compute,0,1678142167.0,,,1678142172.0,1678142117.0,1678142139.0,54355708.2,1678142173.0,1678142352.0,1678142261.0,1678142285.0,49310187.0,1678142352.0,1678142357.0,5.0,,1.0,179.0,5.0,22.0,762217561.0,24.0,1179971921.0,poseidon,condorpool,poseidon-worker-3-container-0-7,feature_eng_3,/srv/feature_eng_3,,110.0,0,0,0.0,403653258.0,1179971929.0,1505.0,18.0,74.7,35.3,3669575.1,58998596.4
feature_eng_4_ID0000008,None,compute,0,1678142167.0,,,1678142172.0,1678142126.0,1678142150.0,55545893.8,1678142182.0,1678142302.0,1678142213.0,1678142238.0,49256361.0,1678142302.0,1678142307.0,5.0,,10.0,120.0,5.0,24.0,761328752.0,25.0,1201824259.0,poseidon,condorpool,poseidon-worker-3-container-32-39,feature_eng_4,/srv/feature_eng_4,,51.3,0,0,0.0,402739158.0,8.0,1401.0,1.0,37.0,12.9,8054783.2,0.8
feature_eng_2_ID0000006,None,compute,0,1678142167.0,,,1678142172.0,1678142126.0,1678142149.0,55903115.6,1678142182.0,1678142548.0,1678142450.0,1678142483.0,52283965.0,1678142548.0,1678142553.0,5.0,,10.0,366.0,5.0,23.0,761320658.0,33.0,1748107178.0,poseidon,condorpool,poseidon-worker-3-container-0-7,feature_eng_2,/srv/feature_eng_2,,285.6,0,0,0.0,402814114.0,8.0,1742.0,1.0,212.8,67.2,1438621.8,0.8
register_condorpool_1_0,None,auxiliary,0,1678142187.0,,,1678142192.0,,,0.0,1678142192.0,1678142197.0,,,0.0,1678142197.0,1678142202.0,5.0,,0.0,5.0,5.0,,,,,poseidon,local,host-10-100-100-12.openstacklocal,pegasus::rc-client,/home/poseidon/pegasus-5.1.0panorama/bin/pegasus-rc-client,"pegasus-kickstart  -n pegasus::rc-client -N null -R local  -L predict-future-sales -T 2023-02-17T19:59:06+00:00 /home/poseidon/pegasus-5.1.0panorama/bin/pegasus-rc-client --prefix pegasus.catalog.replica.output --conf /home/poseidon/workflows/predict-future-sales-workflow/submit/poseidon/pegasus/predict-future-sales/run0462/pegasus.11262903637272880399.properties -v --meta /home/poseidon/workflows/predict-future-sales-workflow/submit/poseidon/pegasus/predict-future-sales/run0462/00/00/feature_eng_1_ID0000005.meta,/home/poseidon/workflows/predict-future-sales-workflow/submit/poseidon/pegasus/predict-future-sales/run0462/00/00/feature_eng_0_ID0000004.meta --insert /home/poseidon/workflows/predict-future-sales-workflow/submit/poseidon/pegasus/predict-future-sales/run0462/00/00/register_condorpool_1_0.in",2.9,0,0,,,,,,,,,
stage_out_local_condorpool_0_0,None,transfer,0,1678142272.0,,,1678142277.0,,,0.0,1678142278.0,1678142287.0,1678142278.0,1678142282.0,40474619.0,1678142287.0,1678142292.0,5.0,,1.0,9.0,5.0,,,4.0,164208491.0,poseidon,local,host-10-100-100-12.openstacklocal,pegasus::transfer,/home/poseidon/pegasus-5.1.0panorama/bin/pegasus-transfer,pegasus-kickstart  -n pegasus::transfer -N null -i - -R local  -L predict-future-sales -T 2023-02-17T19:59:06+00:00 pegasus-transfer  --threads 2,2.0,0,0,,,,,,,,,
register_condorpool_0_0,None,auxiliary,0,1678142292.0,,,1678142297.0,,,0.0,1678142297.0,1678142302.0,,,0.0,1678142302.0,1678142307.0,5.0,,0.0,5.0,5.0,,,,,poseidon,local,host-10-100-100-12.openstacklocal,pegasus::rc-client,/home/poseidon/pegasus-5.1.0panorama/bin/pegasus-rc-client,"pegasus-kickstart  -n pegasus::rc-client -N null -R local  -L predict-future-sales -T 2023-02-17T19:59:06+00:00 /home/poseidon/pegasus-5.1.0panorama/bin/pegasus-rc-client --prefix pegasus.catalog.replica.output --conf /home/poseidon/workflows/predict-future-sales-workflow/submit/poseidon/pegasus/predict-future-sales/run0462/pegasus.11262903637272880399.properties -v --meta /home/poseidon/workflows/predict-future-sales-workflow/submit/poseidon/pegasus/predict-future-sales/run0462/00/00/nlp_ID0000002.meta,/home/poseidon/workflows/predict-future-sales-workflow/submit/poseidon/pegasus/predict-future-sales/run0462/00/00/eda_ID0000001.meta,/home/poseidon/workflows/predict-future-sales-workflow/submit/poseidon/pegasus/predict-future-sales/run0462/00/00/preprocess_ID0000003.meta --insert /home/poseidon/workflows/predict-future-sales-workflow/submit/poseidon/pegasus/predict-future-sales/run0462/00/00/register_condorpool_0_0.in",2.9,0,0,,,,,,,,,
stage_out_local_condorpool_2_0,None,transfer,0,1678142553.0,,,1678142558.0,,,0.0,1678142558.0,1678142588.0,1678142558.0,1678142578.0,242940644.0,1678142588.0,1678142593.0,5.0,,0.0,30.0,5.0,,,20.0,4785443585.0,poseidon,local,host-10-100-100-12.openstacklocal,pegasus::transfer,/home/poseidon/pegasus-5.1.0panorama/bin/pegasus-transfer,pegasus-kickstart  -n pegasus::transfer -N null -i - -R local  -L predict-future-sales -T 2023-02-17T19:59:06+00:00 pegasus-transfer  --threads 2,21.1,0,0,,,,,,,,,
feature_merge_ID0000010,None,compute,0,1678142553.0,,,1678142558.0,1678142503.0,1678142577.0,78211303.7,1678142559.0,1678142793.0,1678142670.0,1678142725.0,54842131.0,1678142793.0,1678142798.0,5.0,,1.0,234.0,5.0,74.0,5155397110.0,55.0,2993643458.0,poseidon,condorpool,poseidon-worker-3-container-32-39,feature_merge,/srv/feature_merge,,64.1,0,0,0.0,4796859795.0,8.0,1452.0,1.0,37.2,22.8,79947663.3,0.8
register_condorpool_2_0,None,auxiliary,0,1678142593.0,,,1678142598.0,,,0.0,1678142598.0,1678142603.0,,,0.0,1678142603.0,1678142608.0,5.0,,0.0,5.0,5.0,,,,,poseidon,local,host-10-100-100-12.openstacklocal,pegasus::rc-client,/home/poseidon/pegasus-5.1.0panorama/bin/pegasus-rc-client,"pegasus-kickstart  -n pegasus::rc-client -N null -R local  -L predict-future-sales -T 2023-02-17T19:59:06+00:00 /home/poseidon/pegasus-5.1.0panorama/bin/pegasus-rc-client --prefix pegasus.catalog.replica.output --conf /home/poseidon/workflows/predict-future-sales-workflow/submit/poseidon/pegasus/predict-future-sales/run0462/pegasus.11262903637272880399.properties -v --meta /home/poseidon/workflows/predict-future-sales-workflow/submit/poseidon/pegasus/predict-future-sales/run0462/00/00/feature_eng_5_ID0000009.meta,/home/poseidon/workflows/predict-future-sales-workflow/submit/poseidon/pegasus/predict-future-sales/run0462/00/00/feature_eng_2_ID0000006.meta,/home/poseidon/workflows/predict-future-sales-workflow/submit/poseidon/pegasus/predict-future-sales/run0462/00/00/feature_eng_3_ID0000007.meta,/home/poseidon/workflows/predict-future-sales-workflow/submit/poseidon/pegasus/predict-future-sales/run0462/00/00/feature_eng_4_ID0000008.meta --insert /home/poseidon/workflows/predict-future-sales-workflow/submit/poseidon/pegasus/predict-future-sales/run0462/00/00/register_condorpool_2_0.in",3.0,0,0,,,,,,,,,
stage_inter_local_xgboost_hp_tuning_workflow_ID0000015_0,None,transfer,0,1678142798.0,,,1678142803.0,1678142803.0,1678142805.0,401.0,1678142803.0,1678142813.0,,,0.0,1678142813.0,1678142818.0,5.0,,0.0,10.0,5.0,2.0,826.0,,,poseidon,local,host-10-100-100-12.openstacklocal,pegasus::transfer,/home/poseidon/pegasus-5.1.0panorama/bin/pegasus-transfer,pegasus-kickstart  -n pegasus::transfer -N null -i - -R local  -L predict-future-sales -T 2023-02-17T19:59:06+00:00 pegasus-transfer  --threads 2,0.3,0,0,,,,,,,,,
stage_inter_local_xgboost_model_ID0000021_0,None,transfer,0,1678142798.0,,,1678142803.0,1678142803.0,1678142836.0,80364130.0,1678142803.0,1678142843.0,,,0.0,1678142843.0,1678142848.0,5.0,,0.0,40.0,5.0,33.0,2646308508.0,,,poseidon,local,host-10-100-100-12.openstacklocal,pegasus::transfer,/home/poseidon/pegasus-5.1.0panorama/bin/pegasus-transfer,pegasus-kickstart  -n pegasus::transfer -N null -i - -R local  -L predict-future-sales -T 2023-02-17T19:59:06+00:00 pegasus-transfer  --threads 2,9.5,0,0,,,,,,,,,
stage_inter_local_model_predict_ID0000022_0,None,transfer,0,1678142798.0,,,1678142803.0,1678142803.0,1678142807.0,14994353.0,1678142803.0,1678142813.0,,,0.0,1678142813.0,1678142818.0,5.0,,0.0,10.0,5.0,4.0,54050130.0,,,poseidon,local,host-10-100-100-12.openstacklocal,pegasus::transfer,/home/poseidon/pegasus-5.1.0panorama/bin/pegasus-transfer,pegasus-kickstart  -n pegasus::transfer -N null -i - -R local  -L predict-future-sales -T 2023-02-17T19:59:06+00:00 pegasus-transfer  --threads 2,0.6,0,0,,,,,,,,,
stage_out_local_condorpool_3_0,None,transfer,0,1678142798.0,,,1678142803.0,,,0.0,1678142803.0,1678142833.0,1678142803.0,1678142826.0,128966913.0,1678142833.0,1678142838.0,5.0,,0.0,30.0,5.0,,,23.0,2993643458.0,poseidon,local,host-10-100-100-12.openstacklocal,pegasus::transfer,/home/poseidon/pegasus-5.1.0panorama/bin/pegasus-transfer,pegasus-kickstart  -n pegasus::transfer -N null -i - -R local  -L predict-future-sales -T 2023-02-17T19:59:06+00:00 pegasus-transfer  --threads 2,14.7,0,0,,,,,,,,,
stage_inter_local_xgboost_model_ID0000013_0,None,transfer,0,1678142798.0,,,1678142803.0,1678142803.0,1678142811.0,36291050.0,1678142803.0,1678142818.0,,,0.0,1678142818.0,1678142823.0,5.0,,0.0,15.0,5.0,8.0,269346726.0,,,poseidon,local,host-10-100-100-12.openstacklocal,pegasus::transfer,/home/poseidon/pegasus-5.1.0panorama/bin/pegasus-transfer,pegasus-kickstart  -n pegasus::transfer -N null -i - -R local  -L predict-future-sales -T 2023-02-17T19:59:06+00:00 pegasus-transfer  --threads 2,1.4,0,0,,,,,,,,,
stage_inter_local_model_predict_ID0000014_0,None,transfer,0,1678142798.0,,,1678142803.0,1678142803.0,1678142807.0,1265165.0,1678142803.0,1678142813.0,,,0.0,1678142813.0,1678142818.0,5.0,,0.0,10.0,5.0,4.0,4411696.0,,,poseidon,local,host-10-100-100-12.openstacklocal,pegasus::transfer,/home/poseidon/pegasus-5.1.0panorama/bin/pegasus-transfer,pegasus-kickstart  -n pegasus::transfer -N null -i - -R local  -L predict-future-sales -T 2023-02-17T19:59:06+00:00 pegasus-transfer  --threads 2,0.4,0,0,,,,,,,,,
xgboost_hp_tuning_workflow_ID0000015,None,compute,0,1678142818.0,,,1678142823.0,,,0.0,1678142824.0,1678142838.0,,,0.0,1678142838.0,1678142843.0,5.0,,1.0,14.0,5.0,,,,,poseidon,local,poseidon-submit.novalocal,xgboost_hp_tuning_workflow,/var/spool/condor/local_univ_execute/dir_2148705/xgboost_hp_tuning_workflow,/home/poseidon/workflows/predict-future-sales-workflow/submit/poseidon/pegasus/predict-future-sales/run0462/00/00/xgboost_hp_tuning_workflow_ID0000015.sh,0.1,0,0,,,,,,,,,
xgboost_hp_tuning_workflow_ID0000011,None,compute,0,1678142818.0,,,1678142823.0,,,0.0,1678142824.0,1678142838.0,,,0.0,1678142838.0,1678142843.0,5.0,,1.0,14.0,5.0,,,,,poseidon,local,poseidon-submit.novalocal,xgboost_hp_tuning_workflow,/var/spool/condor/local_univ_execute/dir_2148709/xgboost_hp_tuning_workflow,/home/poseidon/workflows/predict-future-sales-workflow/submit/poseidon/pegasus/predict-future-sales/run0462/00/00/xgboost_hp_tuning_workflow_ID0000011.sh,0.1,0,0,,,,,,,,,
xgboost_hp_tuning_workflow_ID0000019,None,compute,0,1678142818.0,,,1678142823.0,,,0.0,1678142824.0,1678142838.0,,,0.0,1678142838.0,1678142843.0,5.0,,1.0,14.0,5.0,,,,,poseidon,local,poseidon-submit.novalocal,xgboost_hp_tuning_workflow,/var/spool/condor/local_univ_execute/dir_2148711/xgboost_hp_tuning_workflow,/home/poseidon/workflows/predict-future-sales-workflow/submit/poseidon/pegasus/predict-future-sales/run0462/00/00/xgboost_hp_tuning_workflow_ID0000019.sh,0.1,0,0,,,,,,,,,
register_condorpool_3_0,None,auxiliary,0,1678142838.0,,,1678142843.0,,,0.0,1678142843.0,1678142848.0,,,0.0,1678142848.0,1678142853.0,5.0,,0.0,5.0,5.0,,,,,poseidon,local,host-10-100-100-12.openstacklocal,pegasus::rc-client,/home/poseidon/pegasus-5.1.0panorama/bin/pegasus-rc-client,pegasus-kickstart  -n pegasus::rc-client -N null -R local  -L predict-future-sales -T 2023-02-17T19:59:06+00:00 /home/poseidon/pegasus-5.1.0panorama/bin/pegasus-rc-client --prefix pegasus.catalog.replica.output --conf /home/poseidon/workflows/predict-future-sales-workflow/submit/poseidon/pegasus/predict-future-sales/run0462/pegasus.11262903637272880399.properties -v --meta /home/poseidon/workflows/predict-future-sales-workflow/submit/poseidon/pegasus/predict-future-sales/run0462/00/00/feature_merge_ID0000010.meta --insert /home/poseidon/workflows/predict-future-sales-workflow/submit/poseidon/pegasus/predict-future-sales/run0462/00/00/register_condorpool_3_0.in,2.9,0,0,,,,,,,,,
pegasus-plan_ID0000016,None,subwf,0,1678142843.0,1678142843.0,1678142848.0,1678142853.0,,,0.0,1678142853.0,1678143378.0,,,0.0,,,0.0,5.0,0.0,525.0,,,,,,poseidon,local,poseidon-submit,condor::dagman,/usr/bin/condor_dagman,-p 0  -f -l . -Notification never -Debug 3 -Lockfile xgboost_hp_tuning_group_1.dag.lock -Dag xgboost_hp_tuning_group_1.dag -AllowVersionMismatch  -AutoRescue 1 -DoRescueFrom 0,0.0,0,0,,,,,,,,,
pegasus-plan_ID0000012,None,subwf,0,1678142843.0,1678142843.0,1678142848.0,1678142853.0,,,0.0,1678142853.0,1678143128.0,,,0.0,,,0.0,5.0,0.0,275.0,,,,,,poseidon,local,poseidon-submit,condor::dagman,/usr/bin/condor_dagman,-p 0  -f -l . -Notification never -Debug 3 -Lockfile xgboost_hp_tuning_group_0.dag.lock -Dag xgboost_hp_tuning_group_0.dag -AllowVersionMismatch  -AutoRescue 1 -DoRescueFrom 0,0.0,0,0,,,,,,,,,
stage_out_local_local_4_0,None,transfer,0,1678142843.0,,,1678142848.0,,,0.0,1678142848.0,1678142858.0,1678142848.0,1678142852.0,21111.0,1678142858.0,1678142863.0,5.0,,0.0,10.0,5.0,,,4.0,85038.0,poseidon,local,host-10-100-100-12.openstacklocal,pegasus::transfer,/home/poseidon/pegasus-5.1.0panorama/bin/pegasus-transfer,pegasus-kickstart  -n pegasus::transfer -N null -i - -R local  -L predict-future-sales -T 2023-02-17T19:59:06+00:00 pegasus-transfer  --threads 2,0.5,0,0,,,,,,,,,
pegasus-plan_ID0000020,None,subwf,0,1678142843.0,1678142843.0,1678142848.0,1678142853.0,,,0.0,1678142853.0,1678143959.0,,,0.0,,,0.0,5.0,0.0,1106.0,,,,,,poseidon,local,poseidon-submit,condor::dagman,/usr/bin/condor_dagman,-p 0  -f -l . -Notification never -Debug 3 -Lockfile xgboost_hp_tuning_group_2.dag.lock -Dag xgboost_hp_tuning_group_2.dag -AllowVersionMismatch  -AutoRescue 1 -DoRescueFrom 0,0.0,0,0,,,,,,,,,
create_dir_predict-future-sales-hp-tuning_0_condorpool_pegasus-plan_ID0000016,None,auxiliary,0,1678142853.0,,,1678142854.0,,,0.0,1678142857.0,1678142864.0,,,0.0,1678142864.0,1678142869.0,1.0,,3.0,7.0,5.0,,,,,poseidon,local,host-10-100-100-12.openstacklocal,pegasus::dirmanager,/home/poseidon/pegasus-5.1.0panorama/bin/pegasus-transfer,pegasus-kickstart  -n pegasus::dirmanager -N null -i - -R local  -L xgboost_hp_tuning_group_1 -T 2023-03-06T22:47:25+00:00 pegasus-transfer,0.3,0,0,,,,,,,,,
create_dir_predict-future-sales-hp-tuning_0_condorpool_pegasus-plan_ID0000012,None,auxiliary,0,1678142853.0,,,1678142854.0,,,0.0,1678142857.0,1678142864.0,,,0.0,1678142864.0,1678142869.0,1.0,,3.0,7.0,5.0,,,,,poseidon,local,host-10-100-100-12.openstacklocal,pegasus::dirmanager,/home/poseidon/pegasus-5.1.0panorama/bin/pegasus-transfer,pegasus-kickstart  -n pegasus::dirmanager -N null -i - -R local  -L xgboost_hp_tuning_group_0 -T 2023-03-06T22:47:25+00:00 pegasus-transfer,0.3,0,0,,,,,,,,,
create_dir_predict-future-sales-hp-tuning_0_condorpool_pegasus-plan_ID0000020,None,auxiliary,0,1678142853.0,,,1678142854.0,,,0.0,1678142857.0,1678142864.0,,,0.0,1678142864.0,1678142869.0,1.0,,3.0,7.0,5.0,,,,,poseidon,local,host-10-100-100-12.openstacklocal,pegasus::dirmanager,/home/poseidon/pegasus-5.1.0panorama/bin/pegasus-transfer,pegasus-kickstart  -n pegasus::dirmanager -N null -i - -R local  -L xgboost_hp_tuning_group_2 -T 2023-03-06T22:47:25+00:00 pegasus-transfer,0.3,0,0,,,,,,,,,
register_local_4_0,None,auxiliary,0,1678142863.0,,,1678142868.0,,,0.0,1678142868.0,1678142873.0,,,0.0,1678142873.0,1678142878.0,5.0,,0.0,5.0,5.0,,,,,poseidon,local,host-10-100-100-12.openstacklocal,pegasus::rc-client,/home/poseidon/pegasus-5.1.0panorama/bin/pegasus-rc-client,"pegasus-kickstart  -n pegasus::rc-client -N null -R local  -L predict-future-sales -T 2023-02-17T19:59:06+00:00 /home/poseidon/pegasus-5.1.0panorama/bin/pegasus-rc-client --prefix pegasus.catalog.replica.output --conf /home/poseidon/workflows/predict-future-sales-workflow/submit/poseidon/pegasus/predict-future-sales/run0462/pegasus.11262903637272880399.properties -v --meta /home/poseidon/workflows/predict-future-sales-workflow/submit/poseidon/pegasus/predict-future-sales/run0462/00/00/xgboost_hp_tuning_workflow_ID0000011.meta,/home/poseidon/workflows/predict-future-sales-workflow/submit/poseidon/pegasus/predict-future-sales/run0462/00/00/xgboost_hp_tuning_workflow_ID0000019.meta,/home/poseidon/workflows/predict-future-sales-workflow/submit/poseidon/pegasus/predict-future-sales/run0462/00/00/xgboost_hp_tuning_workflow_ID0000015.meta --insert /home/poseidon/workflows/predict-future-sales-workflow/submit/poseidon/pegasus/predict-future-sales/run0462/00/00/register_local_4_0.in",2.9,0,0,,,,,,,,,
stage_in_local_condorpool_0_0_pegasus-plan_ID0000012,None,transfer,0,1678142869.0,,,1678142874.0,1678142875.0,1678142879.0,2831.0,1678142875.0,1678142890.0,,,0.0,1678142890.0,1678142895.0,5.0,,1.0,15.0,5.0,4.0,12142.0,,,poseidon,local,host-10-100-100-12.openstacklocal,pegasus::transfer,/home/poseidon/pegasus-5.1.0panorama/bin/pegasus-transfer,-n pegasus::transfer -N null -i - -R local  -L xgboost_hp_tuning_group_0 -T 2023-03-06T22:47:25+00:00 /home/poseidon/pegasus-5.1.0panorama/bin/../bin/pegasus-transfer  --threads 2,0.6,0,0,,,,,,,,,
stage_in_local_condorpool_1_0_pegasus-plan_ID0000012,None,transfer,0,1678142869.0,,,1678142874.0,1678142875.0,1678142879.0,801.0,1678142875.0,1678142885.0,,,0.0,1678142885.0,1678142890.0,5.0,,1.0,10.0,5.0,4.0,2874.0,,,poseidon,local,host-10-100-100-12.openstacklocal,pegasus::transfer,/home/poseidon/pegasus-5.1.0panorama/bin/pegasus-transfer,-n pegasus::transfer -N null -i - -R local  -L xgboost_hp_tuning_group_0 -T 2023-03-06T22:47:25+00:00 /home/poseidon/pegasus-5.1.0panorama/bin/../bin/pegasus-transfer  --threads 2,0.4,0,0,,,,,,,,,
stage_in_local_condorpool_0_1_pegasus-plan_ID0000012,None,transfer,0,1678142869.0,,,1678142875.0,1678142875.0,1678142881.0,44433503.0,1678142875.0,1678142890.0,,,0.0,1678142890.0,1678142895.0,6.0,,0.0,15.0,5.0,6.0,269346726.0,,,poseidon,local,host-10-100-100-12.openstacklocal,pegasus::transfer,/home/poseidon/pegasus-5.1.0panorama/bin/pegasus-transfer,-n pegasus::transfer -N null -i - -R local  -L xgboost_hp_tuning_group_0 -T 2023-03-06T22:47:25+00:00 /home/poseidon/pegasus-5.1.0panorama/bin/../bin/pegasus-transfer  --threads 2,1.9,0,0,,,,,,,,,
stage_in_local_condorpool_0_2_pegasus-plan_ID0000012,None,transfer,0,1678142869.0,,,1678142875.0,1678142875.0,1678142886.0,70350646.0,1678142875.0,1678142895.0,,,0.0,1678142895.0,1678142900.0,6.0,,0.0,20.0,5.0,11.0,735985664.0,,,poseidon,local,host-10-100-100-12.openstacklocal,pegasus::transfer,/home/poseidon/pegasus-5.1.0panorama/bin/pegasus-transfer,-n pegasus::transfer -N null -i - -R local  -L xgboost_hp_tuning_group_0 -T 2023-03-06T22:47:25+00:00 /home/poseidon/pegasus-5.1.0panorama/bin/../bin/pegasus-transfer  --threads 2,4.3,0,0,,,,,,,,,
stage_in_local_condorpool_0_1_pegasus-plan_ID0000020,None,transfer,0,1678142869.0,,,1678142875.0,1678142875.0,1678142892.0,154116950.0,1678142875.0,1678142900.0,,,0.0,1678142900.0,1678142905.0,6.0,,0.0,25.0,5.0,17.0,2646308508.0,,,poseidon,local,host-10-100-100-12.openstacklocal,pegasus::transfer,/home/poseidon/pegasus-5.1.0panorama/bin/pegasus-transfer,-n pegasus::transfer -N null -i - -R local  -L xgboost_hp_tuning_group_2 -T 2023-03-06T22:47:25+00:00 /home/poseidon/pegasus-5.1.0panorama/bin/../bin/pegasus-transfer  --threads 2,11.9,0,0,,,,,,,,,
stage_in_local_condorpool_1_0_pegasus-plan_ID0000020,None,transfer,0,1678142869.0,,,1678142874.0,1678142875.0,1678142879.0,800.0,1678142875.0,1678142885.0,,,0.0,1678142885.0,1678142890.0,5.0,,1.0,10.0,5.0,4.0,2874.0,,,poseidon,local,host-10-100-100-12.openstacklocal,pegasus::transfer,/home/poseidon/pegasus-5.1.0panorama/bin/pegasus-transfer,-n pegasus::transfer -N null -i - -R local  -L xgboost_hp_tuning_group_2 -T 2023-03-06T22:47:25+00:00 /home/poseidon/pegasus-5.1.0panorama/bin/../bin/pegasus-transfer  --threads 2,0.5,0,0,,,,,,,,,
stage_in_local_condorpool_0_0_pegasus-plan_ID0000016,None,transfer,0,1678142869.0,,,1678142874.0,1678142875.0,1678142879.0,2835.0,1678142875.0,1678142890.0,,,0.0,1678142890.0,1678142895.0,5.0,,1.0,15.0,5.0,4.0,12142.0,,,poseidon,local,host-10-100-100-12.openstacklocal,pegasus::transfer,/home/poseidon/pegasus-5.1.0panorama/bin/pegasus-transfer,-n pegasus::transfer -N null -i - -R local  -L xgboost_hp_tuning_group_1 -T 2023-03-06T22:47:25+00:00 /home/poseidon/pegasus-5.1.0panorama/bin/../bin/pegasus-transfer  --threads 2,0.6,0,0,,,,,,,,,
stage_in_local_condorpool_1_0_pegasus-plan_ID0000016,None,transfer,0,1678142869.0,,,1678142874.0,1678142875.0,1678142878.0,833.0,1678142875.0,1678142885.0,,,0.0,1678142885.0,1678142890.0,5.0,,1.0,10.0,5.0,3.0,2874.0,,,poseidon,local,host-10-100-100-12.openstacklocal,pegasus::transfer,/home/poseidon/pegasus-5.1.0panorama/bin/pegasus-transfer,-n pegasus::transfer -N null -i - -R local  -L xgboost_hp_tuning_group_1 -T 2023-03-06T22:47:25+00:00 /home/poseidon/pegasus-5.1.0panorama/bin/../bin/pegasus-transfer  --threads 2,0.4,0,0,,,,,,,,,
stage_in_local_condorpool_0_1_pegasus-plan_ID0000016,None,transfer,0,1678142869.0,,,1678142875.0,1678142875.0,1678142879.0,5101520.0,1678142875.0,1678142885.0,,,0.0,1678142885.0,1678142890.0,6.0,,0.0,10.0,5.0,4.0,19294600.0,,,poseidon,local,host-10-100-100-12.openstacklocal,pegasus::transfer,/home/poseidon/pegasus-5.1.0panorama/bin/pegasus-transfer,-n pegasus::transfer -N null -i - -R local  -L xgboost_hp_tuning_group_1 -T 2023-03-06T22:47:25+00:00 /home/poseidon/pegasus-5.1.0panorama/bin/../bin/pegasus-transfer  --threads 2,0.5,0,0,,,,,,,,,
stage_in_local_condorpool_0_2_pegasus-plan_ID0000020,None,transfer,0,1678142869.0,,,1678142875.0,1678142875.0,1678142886.0,70784468.0,1678142875.0,1678142895.0,,,0.0,1678142895.0,1678142900.0,6.0,,0.0,20.0,5.0,11.0,735985664.0,,,poseidon,local,host-10-100-100-12.openstacklocal,pegasus::transfer,/home/poseidon/pegasus-5.1.0panorama/bin/pegasus-transfer,-n pegasus::transfer -N null -i - -R local  -L xgboost_hp_tuning_group_2 -T 2023-03-06T22:47:25+00:00 /home/poseidon/pegasus-5.1.0panorama/bin/../bin/pegasus-transfer  --threads 2,4.2,0,0,,,,,,,,,
stage_in_local_condorpool_0_2_pegasus-plan_ID0000016,None,transfer,0,1678142869.0,,,1678142875.0,1678142875.0,1678142886.0,71243321.0,1678142875.0,1678142895.0,,,0.0,1678142895.0,1678142900.0,6.0,,0.0,20.0,5.0,11.0,735985664.0,,,poseidon,local,host-10-100-100-12.openstacklocal,pegasus::transfer,/home/poseidon/pegasus-5.1.0panorama/bin/pegasus-transfer,-n pegasus::transfer -N null -i - -R local  -L xgboost_hp_tuning_group_1 -T 2023-03-06T22:47:25+00:00 /home/poseidon/pegasus-5.1.0panorama/bin/../bin/pegasus-transfer  --threads 2,4.2,0,0,,,,,,,,,
stage_in_local_condorpool_0_0_pegasus-plan_ID0000020,None,transfer,0,1678142869.0,,,1678142874.0,1678142875.0,1678142879.0,2831.0,1678142875.0,1678142890.0,,,0.0,1678142890.0,1678142895.0,5.0,,1.0,15.0,5.0,4.0,12142.0,,,poseidon,local,host-10-100-100-12.openstacklocal,pegasus::transfer,/home/poseidon/pegasus-5.1.0panorama/bin/pegasus-transfer,-n pegasus::transfer -N null -i - -R local  -L xgboost_hp_tuning_group_2 -T 2023-03-06T22:47:25+00:00 /home/poseidon/pegasus-5.1.0panorama/bin/../bin/pegasus-transfer  --threads 2,0.6,0,0,,,,,,,,,
xgboost_hp_tuning_ID0000019_pegasus-plan_ID0000016,hdd_10,compute,0,1678142900.0,,,1678142905.0,1678142933.0,1678142957.0,42548603.5,1678142989.0,1678143061.0,1678142989.0,1678142993.0,247.0,1678143061.0,1678143066.0,5.0,,84.0,72.0,5.0,24.0,377646203.0,4.0,1062.0,poseidon,condorpool,poseidon-worker-1-container-24-31,xgboost_hp_tuning,/srv/xgboost_hp_tuning,,24.1,0,0,,,,,,,,,
xgboost_hp_tuning_ID0000023_pegasus-plan_ID0000012,None,compute,0,1678142900.0,,,1678142905.0,1678142911.0,1678142929.0,46571403.2,1678142968.0,1678143025.0,1678142954.0,1678142958.0,257.0,1678143025.0,1678143030.0,5.0,,63.0,57.0,5.0,18.0,502672266.0,4.0,1090.0,poseidon,condorpool,poseidon-worker-3-container-32-39,xgboost_hp_tuning,/srv/xgboost_hp_tuning,,98.0,0,0,0.0,157966182.0,40.0,3303.0,2.0,43.5,2.8,15796618.2,4.0
xgboost_hp_tuning_ID0000012_pegasus-plan_ID0000012,None,compute,0,1678142900.0,,,1678142905.0,1678142910.0,1678142928.0,46629837.4,1678142966.0,1678143025.0,1678142957.0,1678142962.0,247.0,1678143025.0,1678143030.0,5.0,,61.0,59.0,5.0,18.0,502672266.0,5.0,1051.0,poseidon,condorpool,poseidon-worker-3-container-8-15,xgboost_hp_tuning,/srv/xgboost_hp_tuning,,124.1,0,0,0.0,157970628.0,40.0,3319.0,2.0,99.5,3.6,7898531.4,4.0
xgboost_hp_tuning_ID0000001_pegasus-plan_ID0000012,None,compute,0,1678142900.0,,,1678142905.0,1678142909.0,1678142927.0,46654268.8,1678142965.0,1678143030.0,1678142958.0,1678142962.0,250.0,1678143030.0,1678143035.0,5.0,,60.0,65.0,5.0,18.0,502672266.0,4.0,1063.0,poseidon,condorpool,poseidon-worker-3-container-40-47,xgboost_hp_tuning,/srv/xgboost_hp_tuning,,135.0,0,0,0.1,157970665.0,40.0,3319.0,2.0,103.0,3.4,7898533.2,4.0
xgboost_hp_tuning_ID0000013_pegasus-plan_ID0000012,None,compute,0,1678142900.0,,,1678142905.0,1678142907.0,1678142925.0,46671565.2,1678142963.0,1678143020.0,1678142950.0,1678142954.0,252.0,1678143020.0,1678143025.0,5.0,,58.0,57.0,5.0,18.0,502672266.0,4.0,1055.0,poseidon,condorpool,poseidon-worker-3-container-24-31,xgboost_hp_tuning,/srv/xgboost_hp_tuning,,100.0,0,0,0.0,157966028.0,40.0,3303.0,2.0,45.2,2.7,15796602.8,4.0
xgboost_hp_tuning_ID0000002_pegasus-plan_ID0000012,None,compute,0,1678142900.0,,,1678142905.0,1678142905.0,1678142923.0,46589173.4,1678142961.0,1678143030.0,1678142958.0,1678142962.0,253.0,1678143030.0,1678143035.0,5.0,,56.0,69.0,5.0,18.0,502672266.0,4.0,1062.0,poseidon,condorpool,poseidon-worker-3-container-0-7,xgboost_hp_tuning,/srv/xgboost_hp_tuning,,143.3,0,0,0.0,157970763.0,40.0,3319.0,2.0,86.5,3.1,7898538.2,4.0
xgboost_hp_tuning_ID0000014_pegasus-plan_ID0000012,None,compute,0,1678142900.0,,,1678142905.0,1678142851.0,1678142869.0,46509869.6,1678142907.0,1678142990.0,1678142920.0,1678142924.0,246.0,1678142990.0,1678142995.0,5.0,,2.0,83.0,5.0,18.0,502672266.0,4.0,1055.0,poseidon,condorpool,poseidon-worker-1-container-8-15,xgboost_hp_tuning,/srv/xgboost_hp_tuning,,159.9,0,0,0.1,157976233.0,40.0,3336.0,2.0,149.4,3.3,5265874.4,4.0
xgboost_hp_tuning_ID0000003_pegasus-plan_ID0000012,None,compute,0,1678142900.0,,,1678142905.0,1678142851.0,1678142868.0,46624603.2,1678142907.0,1678142970.0,1678142900.0,1678142904.0,255.0,1678142970.0,1678142975.0,5.0,,2.0,63.0,5.0,17.0,502672266.0,4.0,1065.0,poseidon,condorpool,poseidon-worker-3-container-16-23,xgboost_hp_tuning,/srv/xgboost_hp_tuning,,134.3,0,0,0.0,157970593.0,40.0,3319.0,2.0,100.9,3.6,7898529.6,4.0
xgboost_hp_tuning_ID0000015_pegasus-plan_ID0000012,None,compute,0,1678142900.0,,,1678142905.0,1678142851.0,1678142868.0,46793346.8,1678142907.0,1678142970.0,1678142897.0,1678142901.0,248.0,1678142970.0,1678142975.0,5.0,,2.0,63.0,5.0,17.0,502672266.0,4.0,1054.0,poseidon,condorpool,poseidon-worker-3-container-8-15,xgboost_hp_tuning,/srv/xgboost_hp_tuning,,117.8,0,0,0.0,157970555.0,40.0,3319.0,2.0,99.2,3.3,7898527.8,4.0
xgboost_hp_tuning_ID0000004_pegasus-plan_ID0000012,hdd_10,compute,0,1678142900.0,,,1678142905.0,1678142851.0,1678142877.0,46514022.4,1678142907.0,1678142990.0,1678142920.0,1678142924.0,248.0,1678142990.0,1678142995.0,5.0,,2.0,83.0,5.0,26.0,502672266.0,4.0,1063.0,poseidon,condorpool,poseidon-worker-1-container-24-31,xgboost_hp_tuning,/srv/xgboost_hp_tuning,,101.5,0,0,0.0,157967842.0,40.0,3305.0,2.0,44.8,3.1,15796784.2,4.0
xgboost_hp_tuning_ID0000016_pegasus-plan_ID0000012,None,compute,0,1678142900.0,,,1678142905.0,1678142851.0,1678142868.0,46698220.6,1678142907.0,1678142965.0,1678142894.0,1678142898.0,253.0,1678142965.0,1678142970.0,5.0,,2.0,58.0,5.0,17.0,502672266.0,4.0,1054.0,poseidon,condorpool,poseidon-worker-3-container-24-31,xgboost_hp_tuning,/srv/xgboost_hp_tuning,,100.7,0,0,0.0,157965964.0,40.0,3303.0,2.0,43.3,2.9,15796596.4,4.0
xgboost_hp_tuning_ID0000005_pegasus-plan_ID0000012,None,compute,0,1678142900.0,,,1678142905.0,1678142851.0,1678142869.0,46599486.6,1678142907.0,1678142990.0,1678142920.0,1678142924.0,252.0,1678142990.0,1678142995.0,5.0,,2.0,83.0,5.0,18.0,502672266.0,4.0,1079.0,poseidon,condorpool,poseidon-worker-1-container-16-23,xgboost_hp_tuning,/srv/xgboost_hp_tuning,,190.9,0,0,0.1,157976274.0,40.0,3336.0,2.0,175.1,3.8,5265875.8,4.0
xgboost_hp_tuning_ID0000017_pegasus-plan_ID0000012,None,compute,0,1678142900.0,,,1678142905.0,1678142851.0,1678142868.0,46688105.4,1678142907.0,1678142965.0,1678142896.0,1678142900.0,250.0,1678142965.0,1678142970.0,5.0,,2.0,58.0,5.0,17.0,502672266.0,4.0,1055.0,poseidon,condorpool,poseidon-worker-3-container-40-47,xgboost_hp_tuning,/srv/xgboost_hp_tuning,,111.1,0,0,0.0,157970594.0,40.0,3319.0,2.0,103.2,3.6,7898529.7,4.0
xgboost_hp_tuning_ID0000006_pegasus-plan_ID0000012,None,compute,0,1678142900.0,,,1678142905.0,1678142851.0,1678142869.0,46511738.2,1678142907.0,1678142990.0,1678142920.0,1678142924.0,250.0,1678142990.0,1678142995.0,5.0,,2.0,83.0,5.0,18.0,502672266.0,4.0,1067.0,poseidon,condorpool,poseidon-worker-1-container-40-47,xgboost_hp_tuning,/srv/xgboost_hp_tuning,,90.2,0,0,0.1,157967837.0,40.0,3305.0,2.0,44.3,2.9,15796783.7,4.0
xgboost_hp_tuning_ID0000009_pegasus-plan_ID0000012,None,compute,0,1678142900.0,,,1678142905.0,1678142851.0,1678142868.0,46681611.2,1678142907.0,1678142970.0,1678142898.0,1678142903.0,251.0,1678142970.0,1678142975.0,5.0,,2.0,63.0,5.0,17.0,502672266.0,5.0,1059.0,poseidon,condorpool,poseidon-worker-3-container-32-39,xgboost_hp_tuning,/srv/xgboost_hp_tuning,,129.8,0,0,0.1,157970835.0,40.0,3319.0,2.0,103.4,3.9,7898541.8,4.0
xgboost_hp_tuning_ID0000011_pegasus-plan_ID0000012,None,compute,0,1678142900.0,,,1678142905.0,1678142851.0,1678142869.0,46549121.4,1678142907.0,1678142990.0,1678142920.0,1678142924.0,246.0,1678142990.0,1678142995.0,5.0,,2.0,83.0,5.0,18.0,502672266.0,4.0,1051.0,poseidon,condorpool,poseidon-worker-1-container-32-39,xgboost_hp_tuning,/srv/xgboost_hp_tuning,,160.9,0,0,0.1,157972596.0,40.0,3321.0,2.0,111.0,2.9,7898629.8,4.0
xgboost_hp_tuning_ID0000022_pegasus-plan_ID0000012,None,compute,0,1678142900.0,,,1678142905.0,1678142851.0,1678142868.0,46743129.2,1678142907.0,1678142960.0,1678142892.0,1678142896.0,252.0,1678142960.0,1678142965.0,5.0,,2.0,53.0,5.0,17.0,502672266.0,4.0,1062.0,poseidon,condorpool,poseidon-worker-3-container-0-7,xgboost_hp_tuning,/srv/xgboost_hp_tuning,,94.3,0,0,0.0,157966110.0,40.0,3303.0,2.0,45.4,2.6,15796611.0,4.0
xgboost_hp_tuning_ID0000010_pegasus-plan_ID0000012,None,compute,0,1678142900.0,,,1678142905.0,1678142851.0,1678142869.0,46561406.8,1678142907.0,1678142975.0,1678142907.0,1678142911.0,246.0,1678142975.0,1678142980.0,5.0,,2.0,68.0,5.0,18.0,502672266.0,4.0,1049.0,poseidon,condorpool,poseidon-worker-2-container-8-15,xgboost_hp_tuning,/srv/xgboost_hp_tuning,,104.8,0,0,0.1,157967796.0,40.0,3305.0,2.0,40.2,3.2,15796779.6,4.0
xgboost_hp_tuning_ID0000021_pegasus-plan_ID0000012,None,compute,0,1678142900.0,,,1678142905.0,1678142851.0,1678142869.0,46582393.0,1678142907.0,1678142990.0,1678142920.0,1678142924.0,248.0,1678142990.0,1678142995.0,5.0,,2.0,83.0,5.0,18.0,502672266.0,4.0,1063.0,poseidon,condorpool,poseidon-worker-1-container-0-7,xgboost_hp_tuning,/srv/xgboost_hp_tuning,,141.3,0,0,0.1,157972399.0,40.0,3321.0,2.0,108.3,3.3,7898620.0,4.0
xgboost_hp_tuning_ID0000020_pegasus-plan_ID0000012,None,compute,0,1678142900.0,,,1678142905.0,1678142851.0,1678142869.0,46534202.8,1678142907.0,1678142980.0,1678142910.0,1678142914.0,248.0,1678142980.0,1678142985.0,5.0,,2.0,73.0,5.0,18.0,502672266.0,4.0,1062.0,poseidon,condorpool,poseidon-worker-2-container-0-7,xgboost_hp_tuning,/srv/xgboost_hp_tuning,,189.7,0,0,0.0,157976183.0,40.0,3336.0,2.0,158.6,3.6,5265872.8,4.0
xgboost_hp_tuning_ID0000008_pegasus-plan_ID0000012,None,compute,0,1678142900.0,,,1678142905.0,1678142851.0,1678142869.0,46555376.0,1678142907.0,1678142995.0,1678142923.0,1678142927.0,248.0,1678142995.0,1678143000.0,5.0,,2.0,88.0,5.0,18.0,502672266.0,4.0,1057.0,poseidon,condorpool,poseidon-worker-2-container-40-47,xgboost_hp_tuning,/srv/xgboost_hp_tuning,,200.0,0,0,0.1,157976275.0,40.0,3336.0,2.0,165.3,3.1,5265875.8,4.0
xgboost_hp_tuning_ID0000019_pegasus-plan_ID0000012,None,compute,0,1678142900.0,,,1678142905.0,1678142851.0,1678142869.0,46567736.8,1678142907.0,1678142975.0,1678142907.0,1678142911.0,250.0,1678142975.0,1678142980.0,5.0,,2.0,68.0,5.0,18.0,502672266.0,4.0,1058.0,poseidon,condorpool,poseidon-worker-2-container-32-39,xgboost_hp_tuning,/srv/xgboost_hp_tuning,,83.6,0,0,0.1,157967825.0,40.0,3305.0,2.0,42.5,2.9,15796782.5,4.0
xgboost_hp_tuning_ID0000023_pegasus-plan_ID0000016,None,compute,0,1678142900.0,,,1678142906.0,1678143003.0,1678143019.0,42582630.2,1678143059.0,1678143251.0,1678143182.0,1678143186.0,257.0,1678143251.0,1678143256.0,6.0,,153.0,192.0,5.0,16.0,377646203.0,4.0,1092.0,poseidon,condorpool,poseidon-worker-1-container-16-23,xgboost_hp_tuning,/srv/xgboost_hp_tuning,,23.8,0,0,,,,,,,,,
xgboost_hp_tuning_ID0000007_pegasus-plan_ID0000012,hdd_10,compute,0,1678142900.0,,,1678142905.0,1678142851.0,1678142877.0,46446749.4,1678142907.0,1678142995.0,1678142923.0,1678142927.0,252.0,1678142995.0,1678143000.0,5.0,,2.0,88.0,5.0,26.0,502672266.0,4.0,1068.0,poseidon,condorpool,poseidon-worker-2-container-16-23,xgboost_hp_tuning,/srv/xgboost_hp_tuning,,149.8,0,0,0.1,157972467.0,40.0,3321.0,2.0,101.5,3.4,7898623.4,4.0
xgboost_hp_tuning_ID0000012_pegasus-plan_ID0000016,None,compute,0,1678142900.0,,,1678142906.0,1678143003.0,1678143019.0,42579726.0,1678143058.0,1678143251.0,1678143182.0,1678143186.0,248.0,1678143251.0,1678143256.0,6.0,,152.0,193.0,5.0,16.0,377646203.0,4.0,1051.0,poseidon,condorpool,poseidon-worker-1-container-0-7,xgboost_hp_tuning,/srv/xgboost_hp_tuning,,15.9,0,0,,,,,,,,,
xgboost_hp_tuning_ID0000013_pegasus-plan_ID0000016,None,compute,0,1678142900.0,,,1678142906.0,1678142971.0,1678142987.0,42621121.8,1678143027.0,1678143066.0,1678142997.0,1678143001.0,249.0,1678143066.0,1678143071.0,6.0,,121.0,39.0,5.0,16.0,377646203.0,4.0,1052.0,poseidon,condorpool,poseidon-worker-3-container-0-7,xgboost_hp_tuning,/srv/xgboost_hp_tuning,,16.0,0,0,,,,,,,,,
xgboost_hp_tuning_ID0000009_pegasus-plan_ID0000016,None,compute,0,1678142900.0,,,1678142905.0,1678142913.0,1678142929.0,42530187.8,1678142969.0,1678143011.0,1678142939.0,1678142944.0,255.0,1678143011.0,1678143016.0,5.0,,64.0,42.0,5.0,16.0,377646203.0,5.0,1060.0,poseidon,condorpool,poseidon-worker-3-container-16-23,xgboost_hp_tuning,/srv/xgboost_hp_tuning,,16.7,0,0,,,,,,,,,
xgboost_hp_tuning_ID0000011_pegasus-plan_ID0000016,None,compute,0,1678142900.0,,,1678142905.0,1678142920.0,1678142936.0,42564656.5,1678142976.0,1678143031.0,1678142958.0,1678142962.0,247.0,1678143031.0,1678143036.0,5.0,,71.0,55.0,5.0,16.0,377646203.0,4.0,1049.0,poseidon,condorpool,poseidon-worker-2-container-32-39,xgboost_hp_tuning,/srv/xgboost_hp_tuning,,15.7,0,0,,,,,,,,,
xgboost_hp_tuning_ID0000022_pegasus-plan_ID0000016,None,compute,0,1678142900.0,,,1678142905.0,1678142924.0,1678142959.0,12679837.8,1678142977.0,1678143071.0,1678142999.0,1678143003.0,248.0,1678143071.0,1678143076.0,5.0,,72.0,94.0,5.0,35.0,377646203.0,4.0,1059.0,poseidon,condorpool,poseidon-worker-2-container-24-31,xgboost_hp_tuning,/srv/xgboost_hp_tuning,,15.2,0,0,,,,,,,,,
xgboost_hp_tuning_ID0000010_pegasus-plan_ID0000016,None,compute,0,1678142900.0,,,1678142905.0,1678142924.0,1678142959.0,12653490.1,1678142977.0,1678143071.0,1678142999.0,1678143003.0,245.0,1678143071.0,1678143076.0,5.0,,72.0,94.0,5.0,35.0,377646203.0,4.0,1050.0,poseidon,condorpool,poseidon-worker-2-container-8-15,xgboost_hp_tuning,/srv/xgboost_hp_tuning,,14.3,0,0,,,,,,,,,
xgboost_hp_tuning_ID0000021_pegasus-plan_ID0000016,None,compute,0,1678142900.0,,,1678142905.0,1678142926.0,1678142958.0,42508396.8,1678142982.0,1678143071.0,1678142999.0,1678143003.0,247.0,1678143071.0,1678143076.0,5.0,,77.0,89.0,5.0,32.0,377646203.0,4.0,1060.0,poseidon,condorpool,poseidon-worker-2-container-0-7,xgboost_hp_tuning,/srv/xgboost_hp_tuning,,14.6,0,0,,,,,,,,,
xgboost_hp_tuning_ID0000020_pegasus-plan_ID0000016,None,compute,0,1678142900.0,,,1678142905.0,1678142933.0,1678142949.0,42581039.8,1678142989.0,1678143061.0,1678142989.0,1678142993.0,247.0,1678143061.0,1678143066.0,5.0,,84.0,72.0,5.0,16.0,377646203.0,4.0,1066.0,poseidon,condorpool,poseidon-worker-1-container-40-47,xgboost_hp_tuning,/srv/xgboost_hp_tuning,,20.9,0,0,,,,,,,,,
xgboost_hp_tuning_ID0000008_pegasus-plan_ID0000016,None,compute,0,1678142900.0,,,1678142905.0,1678142933.0,1678142949.0,42523833.5,1678142989.0,1678143061.0,1678142989.0,1678142993.0,246.0,1678143061.0,1678143066.0,5.0,,84.0,72.0,5.0,16.0,377646203.0,4.0,1058.0,poseidon,condorpool,poseidon-worker-1-container-8-15,xgboost_hp_tuning,/srv/xgboost_hp_tuning,,15.2,0,0,,,,,,,,,
xgboost_hp_tuning_ID0000001_pegasus-plan_ID0000016,None,compute,0,1678142900.0,,,1678142906.0,1678143002.0,1678143018.0,42495604.8,1678143058.0,1678143096.0,1678143028.0,1678143032.0,248.0,1678143096.0,1678143101.0,6.0,,152.0,38.0,5.0,16.0,377646203.0,4.0,1062.0,poseidon,condorpool,poseidon-worker-3-container-24-31,xgboost_hp_tuning,/srv/xgboost_hp_tuning,,15.7,0,0,,,,,,,,,
xgboost_hp_tuning_ID0000018_pegasus-plan_ID0000016,None,compute,0,1678142900.0,,,1678142905.0,1678142933.0,1678142950.0,42555762.2,1678142989.0,1678143061.0,1678142989.0,1678142993.0,247.0,1678143061.0,1678143066.0,5.0,,84.0,72.0,5.0,17.0,377646203.0,4.0,1056.0,poseidon,condorpool,poseidon-worker-1-container-0-7,xgboost_hp_tuning,/srv/xgboost_hp_tuning,,33.4,0,0,,,,,,,,,
xgboost_hp_tuning_ID0000007_pegasus-plan_ID0000016,None,compute,0,1678142900.0,,,1678142905.0,1678142933.0,1678142949.0,42617962.2,1678142989.0,1678143061.0,1678142989.0,1678142993.0,249.0,1678143061.0,1678143066.0,5.0,,84.0,72.0,5.0,16.0,377646203.0,4.0,1068.0,poseidon,condorpool,poseidon-worker-1-container-32-39,xgboost_hp_tuning,/srv/xgboost_hp_tuning,,14.1,0,0,,,,,,,,,
xgboost_hp_tuning_ID0000017_pegasus-plan_ID0000016,hdd_10,compute,0,1678142900.0,,,1678142905.0,1678142936.0,1678142972.0,12922886.8,1678142992.0,1678143071.0,1678142999.0,1678143003.0,246.0,1678143071.0,1678143076.0,5.0,,87.0,79.0,5.0,36.0,377646203.0,4.0,1054.0,poseidon,condorpool,poseidon-worker-2-container-16-23,xgboost_hp_tuning,/srv/xgboost_hp_tuning,,17.6,0,0,,,,,,,,,
xgboost_hp_tuning_ID0000005_pegasus-plan_ID0000016,None,compute,0,1678142900.0,,,1678142906.0,1678142936.0,1678142972.0,12932135.6,1678142992.0,1678143071.0,1678142999.0,1678143003.0,252.0,1678143071.0,1678143076.0,6.0,,86.0,79.0,5.0,36.0,377646203.0,4.0,1077.0,poseidon,condorpool,poseidon-worker-2-container-40-47,xgboost_hp_tuning,/srv/xgboost_hp_tuning,,14.5,0,0,,,,,,,,,
xgboost_hp_tuning_ID0000016_pegasus-plan_ID0000016,None,compute,0,1678142900.0,,,1678142906.0,1678142953.0,1678142968.0,42684465.8,1678143009.0,1678143051.0,1678142979.0,1678142983.0,251.0,1678143051.0,1678143056.0,6.0,,103.0,42.0,5.0,15.0,377646203.0,4.0,1054.0,poseidon,condorpool,poseidon-worker-3-container-16-23,xgboost_hp_tuning,/srv/xgboost_hp_tuning,,23.0,0,0,,,,,,,,,
xgboost_hp_tuning_ID0000004_pegasus-plan_ID0000016,None,compute,0,1678142900.0,,,1678142906.0,1678142963.0,1678142979.0,42590751.8,1678143019.0,1678143061.0,1678142989.0,1678142993.0,254.0,1678143061.0,1678143066.0,6.0,,113.0,42.0,5.0,16.0,377646203.0,4.0,1062.0,poseidon,condorpool,poseidon-worker-3-container-24-31,xgboost_hp_tuning,/srv/xgboost_hp_tuning,,14.0,0,0,,,,,,,,,
xgboost_hp_tuning_ID0000015_pegasus-plan_ID0000016,None,compute,0,1678142900.0,,,1678142906.0,1678142967.0,1678142983.0,42560260.0,1678143023.0,1678143061.0,1678142993.0,1678142997.0,248.0,1678143061.0,1678143066.0,6.0,,117.0,38.0,5.0,16.0,377646203.0,4.0,1054.0,poseidon,condorpool,poseidon-worker-3-container-32-39,xgboost_hp_tuning,/srv/xgboost_hp_tuning,,16.6,0,0,,,,,,,,,
xgboost_hp_tuning_ID0000003_pegasus-plan_ID0000016,None,compute,0,1678142900.0,,,1678142906.0,1678142970.0,1678142986.0,42658239.2,1678143027.0,1678143066.0,1678142997.0,1678143001.0,253.0,1678143066.0,1678143071.0,6.0,,121.0,39.0,5.0,16.0,377646203.0,4.0,1066.0,poseidon,condorpool,poseidon-worker-3-container-8-15,xgboost_hp_tuning,/srv/xgboost_hp_tuning,,15.5,0,0,,,,,,,,,
xgboost_hp_tuning_ID0000014_pegasus-plan_ID0000016,None,compute,0,1678142900.0,,,1678142906.0,1678142971.0,1678142987.0,42676072.2,1678143027.0,1678143066.0,1678142997.0,1678143001.0,249.0,1678143066.0,1678143071.0,6.0,,121.0,39.0,5.0,16.0,377646203.0,4.0,1057.0,poseidon,condorpool,poseidon-worker-3-container-40-47,xgboost_hp_tuning,/srv/xgboost_hp_tuning,,15.1,0,0,,,,,,,,,
xgboost_hp_tuning_ID0000002_pegasus-plan_ID0000016,None,compute,0,1678142900.0,,,1678142906.0,1678142971.0,1678142987.0,42561279.8,1678143027.0,1678143071.0,1678142999.0,1678143003.0,249.0,1678143071.0,1678143076.0,6.0,,121.0,44.0,5.0,16.0,377646203.0,4.0,1062.0,poseidon,condorpool,poseidon-worker-2-container-32-39,xgboost_hp_tuning,/srv/xgboost_hp_tuning,,15.0,0,0,,,,,,,,,
xgboost_hp_tuning_ID0000006_pegasus-plan_ID0000016,None,compute,0,1678142900.0,,,1678142905.0,1678142933.0,1678142950.0,42544916.8,1678142989.0,1678143061.0,1678142989.0,1678142993.0,248.0,1678143061.0,1678143066.0,5.0,,84.0,72.0,5.0,17.0,377646203.0,4.0,1068.0,poseidon,condorpool,poseidon-worker-1-container-16-23,xgboost_hp_tuning,/srv/xgboost_hp_tuning,,14.7,0,0,,,,,,,,,
xgboost_hp_tuning_ID0000018_pegasus-plan_ID0000012,None,compute,0,1678142900.0,,,1678142905.0,1678142851.0,1678142869.0,46532869.2,1678142907.0,1678142975.0,1678142907.0,1678142911.0,248.0,1678142975.0,1678142980.0,5.0,,2.0,68.0,5.0,18.0,502672266.0,4.0,1055.0,poseidon,condorpool,poseidon-worker-2-container-24-31,xgboost_hp_tuning,/srv/xgboost_hp_tuning,,159.0,0,0,0.1,157972455.0,40.0,3321.0,2.0,97.4,2.7,7898622.8,4.0
xgboost_hp_tuning_ID0000001_pegasus-plan_ID0000020,None,compute,0,1678142905.0,,,1678142911.0,1678143377.0,1678143408.0,69096050.2,1678143433.0,1678143767.0,1678143698.0,1678143702.0,254.0,1678143767.0,1678143772.0,6.0,,522.0,334.0,5.0,31.0,1691153157.0,4.0,1061.0,poseidon,condorpool,poseidon-worker-3-container-8-15,xgboost_hp_tuning,/srv/xgboost_hp_tuning,,1593.3,0,0,0.0,1346551245.0,40.0,3709.0,2.0,1542.6,44.7,4809111.6,4.0
xgboost_hp_tuning_ID0000009_pegasus-plan_ID0000020,hdd_10,compute,0,1678142905.0,,,1678142911.0,1678143003.0,1678143040.0,69109222.8,1678143059.0,1678143451.0,1678143380.0,1678143384.0,248.0,1678143451.0,1678143456.0,6.0,,148.0,392.0,5.0,37.0,1691153157.0,4.0,1060.0,poseidon,condorpool,poseidon-worker-1-container-24-31,xgboost_hp_tuning,/srv/xgboost_hp_tuning,,1845.1,0,0,0.1,1346572255.0,40.0,3786.0,2.0,1787.5,55.4,4080522.0,4.0
xgboost_hp_tuning_ID0000012_pegasus-plan_ID0000020,None,compute,0,1678142905.0,,,1678142911.0,1678143378.0,1678143409.0,68992015.0,1678143434.0,1678143792.0,1678143721.0,1678143725.0,247.0,1678143792.0,1678143797.0,6.0,,523.0,358.0,5.0,31.0,1691153157.0,4.0,1049.0,poseidon,condorpool,poseidon-worker-1-container-8-15,xgboost_hp_tuning,/srv/xgboost_hp_tuning,,1700.6,0,0,0.0,1346560783.0,40.0,3741.0,2.0,1631.0,53.6,4488535.9,4.0
xgboost_hp_tuning_ID0000023_pegasus-plan_ID0000020,None,compute,0,1678142905.0,,,1678142911.0,1678143405.0,1678143437.0,68812057.0,1678143461.0,1678143867.0,1678143797.0,1678143801.0,258.0,1678143867.0,1678143872.0,6.0,,550.0,406.0,5.0,32.0,1691153157.0,4.0,1090.0,poseidon,condorpool,poseidon-worker-2-container-24-31,xgboost_hp_tuning,/srv/xgboost_hp_tuning,,2047.9,0,0,0.1,1346580129.0,40.0,3816.0,2.0,1979.6,65.5,3847371.8,4.0
xgboost_hp_tuning_ID0000017_pegasus-plan_ID0000020,None,compute,0,1678142905.0,,,1678142911.0,1678143013.0,1678143062.0,69056459.5,1678143069.0,1678143491.0,1678143419.0,1678143424.0,248.0,1678143491.0,1678143496.0,6.0,,158.0,422.0,5.0,49.0,1691153157.0,5.0,1052.0,poseidon,condorpool,poseidon-worker-2-container-32-39,xgboost_hp_tuning,/srv/xgboost_hp_tuning,,2030.8,0,0,0.1,1346576237.0,40.0,3801.0,2.0,1922.5,54.1,3960518.3,4.0
xgboost_hp_tuning_ID0000006_pegasus-plan_ID0000020,None,compute,0,1678142905.0,,,1678142911.0,1678143013.0,1678143062.0,69069753.2,1678143069.0,1678143501.0,1678143429.0,1678143433.0,251.0,1678143501.0,1678143506.0,6.0,,158.0,432.0,5.0,49.0,1691153157.0,4.0,1068.0,poseidon,condorpool,poseidon-worker-2-container-40-47,xgboost_hp_tuning,/srv/xgboost_hp_tuning,,1948.4,0,0,0.1,1346579902.0,40.0,3816.0,2.0,1847.9,53.5,3847371.1,4.0
xgboost_hp_tuning_ID0000005_pegasus-plan_ID0000020,None,compute,0,1678142905.0,,,1678142911.0,1678143013.0,1678143062.0,68989690.4,1678143069.0,1678143486.0,1678143413.0,1678143418.0,253.0,1678143486.0,1678143491.0,6.0,,158.0,417.0,5.0,49.0,1691153157.0,5.0,1078.0,poseidon,condorpool,poseidon-worker-2-container-8-15,xgboost_hp_tuning,/srv/xgboost_hp_tuning,,1853.1,0,0,0.0,1346575856.0,40.0,3801.0,2.0,1777.4,65.9,3960517.2,4.0
xgboost_hp_tuning_ID0000016_pegasus-plan_ID0000020,None,compute,0,1678142905.0,,,1678142911.0,1678143013.0,1678143062.0,69007096.9,1678143069.0,1678143506.0,1678143437.0,1678143441.0,251.0,1678143506.0,1678143511.0,6.0,,158.0,437.0,5.0,49.0,1691153157.0,4.0,1052.0,poseidon,condorpool,poseidon-worker-2-container-0-7,xgboost_hp_tuning,/srv/xgboost_hp_tuning,,2000.0,0,0,0.0,1346583347.0,40.0,3831.0,2.0,1903.8,57.4,3740509.3,4.0
xgboost_hp_tuning_ID0000004_pegasus-plan_ID0000020,None,compute,0,1678142905.0,,,1678142911.0,1678143029.0,1678143060.0,69202940.5,1678143085.0,1678143466.0,1678143395.0,1678143400.0,250.0,1678143466.0,1678143471.0,6.0,,174.0,381.0,5.0,31.0,1691153157.0,5.0,1061.0,poseidon,condorpool,poseidon-worker-3-container-16-23,xgboost_hp_tuning,/srv/xgboost_hp_tuning,,1757.6,0,0,0.0,1346566703.0,40.0,3769.0,2.0,1655.8,66.2,4208020.9,4.0
xgboost_hp_tuning_ID0000018_pegasus-plan_ID0000020,hdd_10,compute,0,1678142905.0,,,1678142911.0,1678143013.0,1678143062.0,68967341.9,1678143069.0,1678143526.0,1678143455.0,1678143459.0,251.0,1678143526.0,1678143531.0,6.0,,158.0,457.0,5.0,49.0,1691153157.0,4.0,1053.0,poseidon,condorpool,poseidon-worker-2-container-16-23,xgboost_hp_tuning,/srv/xgboost_hp_tuning,,2186.7,0,0,0.0,1346591368.0,40.0,3861.0,2.0,2108.1,54.2,3543661.5,4.0
xgboost_hp_tuning_ID0000013_pegasus-plan_ID0000020,None,compute,0,1678142905.0,,,1678142911.0,1678143374.0,1678143406.0,68984405.3,1678143430.0,1678143812.0,1678143739.0,1678143744.0,247.0,1678143812.0,1678143817.0,6.0,,519.0,382.0,5.0,32.0,1691153157.0,5.0,1053.0,poseidon,condorpool,poseidon-worker-1-container-40-47,xgboost_hp_tuning,/srv/xgboost_hp_tuning,,1861.5,0,0,0.0,1346568578.0,40.0,3771.0,2.0,1779.2,52.1,4208026.8,4.0
xgboost_hp_tuning_ID0000007_pegasus-plan_ID0000020,None,compute,0,1678142905.0,,,1678142911.0,1678143012.0,1678143062.0,69123241.9,1678143068.0,1678143461.0,1678143392.0,1678143396.0,249.0,1678143461.0,1678143466.0,6.0,,157.0,393.0,5.0,50.0,1691153157.0,4.0,1066.0,poseidon,condorpool,poseidon-worker-2-container-24-31,xgboost_hp_tuning,/srv/xgboost_hp_tuning,,1825.7,0,0,0.1,1346564579.0,40.0,3756.0,2.0,1705.0,52.0,4343756.7,4.0
xgboost_hp_tuning_ID0000019_pegasus-plan_ID0000020,None,compute,0,1678142905.0,,,1678142911.0,1678143010.0,1678143042.0,69058540.9,1678143066.0,1678143731.0,1678143662.0,1678143666.0,256.0,1678143731.0,1678143736.0,6.0,,155.0,665.0,5.0,32.0,1691153157.0,4.0,1059.0,poseidon,condorpool,poseidon-worker-3-container-0-7,xgboost_hp_tuning,/srv/xgboost_hp_tuning,,3728.3,0,0,0.1,1346677447.0,40.0,4204.0,2.0,3633.3,89.8,2207667.9,4.0
xgboost_hp_tuning_ID0000008_pegasus-plan_ID0000020,None,compute,0,1678142905.0,,,1678142911.0,1678143010.0,1678143041.0,69138226.7,1678143066.0,1678143521.0,1678143454.0,1678143458.0,251.0,1678143521.0,1678143526.0,6.0,,155.0,455.0,5.0,31.0,1691153157.0,4.0,1059.0,poseidon,condorpool,poseidon-worker-3-container-40-47,xgboost_hp_tuning,/srv/xgboost_hp_tuning,,2331.0,0,0,0.1,1346597400.0,40.0,3889.0,2.0,2251.3,60.3,3366493.5,4.0
xgboost_hp_tuning_ID0000002_pegasus-plan_ID0000020,None,compute,0,1678142905.0,,,1678142911.0,1678143369.0,1678143400.0,68964984.7,1678143425.0,1678143792.0,1678143721.0,1678143725.0,253.0,1678143792.0,1678143797.0,6.0,,514.0,367.0,5.0,31.0,1691153157.0,4.0,1063.0,poseidon,condorpool,poseidon-worker-1-container-32-39,xgboost_hp_tuning,/srv/xgboost_hp_tuning,,1753.7,0,0,0.0,1346564779.0,40.0,3756.0,2.0,1698.8,45.7,4343757.4,4.0
xgboost_hp_tuning_ID0000021_pegasus-plan_ID0000020,None,compute,0,1678142905.0,,,1678142911.0,1678143006.0,1678143037.0,69104568.0,1678143062.0,1678143476.0,1678143404.0,1678143408.0,252.0,1678143476.0,1678143481.0,6.0,,151.0,414.0,5.0,31.0,1691153157.0,4.0,1062.0,poseidon,condorpool,poseidon-worker-3-container-32-39,xgboost_hp_tuning,/srv/xgboost_hp_tuning,,1967.0,0,0,0.0,1346578174.0,40.0,3814.0,2.0,1872.9,48.9,3847366.2,4.0
xgboost_hp_tuning_ID0000010_pegasus-plan_ID0000020,None,compute,0,1678142905.0,,,1678142911.0,1678143003.0,1678143034.0,69052629.6,1678143059.0,1678143426.0,1678143355.0,1678143359.0,248.0,1678143426.0,1678143431.0,6.0,,148.0,367.0,5.0,31.0,1691153157.0,4.0,1049.0,poseidon,condorpool,poseidon-worker-1-container-32-39,xgboost_hp_tuning,/srv/xgboost_hp_tuning,,1739.8,0,0,0.1,1346564774.0,40.0,3756.0,2.0,1677.2,52.5,4343757.3,4.0
xgboost_hp_tuning_ID0000022_pegasus-plan_ID0000020,None,compute,0,1678142905.0,,,1678142911.0,1678143003.0,1678143034.0,69083303.7,1678143059.0,1678143391.0,1678143320.0,1678143324.0,251.0,1678143391.0,1678143396.0,6.0,,148.0,332.0,5.0,31.0,1691153157.0,4.0,1062.0,poseidon,condorpool,poseidon-worker-1-container-40-47,xgboost_hp_tuning,/srv/xgboost_hp_tuning,,1502.6,0,0,0.1,1346549259.0,40.0,3696.0,2.0,1408.3,52.5,4987219.5,4.0
xgboost_hp_tuning_ID0000011_pegasus-plan_ID0000020,None,compute,0,1678142905.0,,,1678142911.0,1678143003.0,1678143034.0,69068687.2,1678143059.0,1678143436.0,1678143364.0,1678143369.0,248.0,1678143436.0,1678143441.0,6.0,,148.0,377.0,5.0,31.0,1691153157.0,5.0,1049.0,poseidon,condorpool,poseidon-worker-1-container-8-15,xgboost_hp_tuning,/srv/xgboost_hp_tuning,,1757.1,0,0,0.1,1346568348.0,40.0,3771.0,2.0,1703.1,50.6,4208026.1,4.0
xgboost_hp_tuning_ID0000015_pegasus-plan_ID0000020,None,compute,0,1678142905.0,,,1678142911.0,1678143041.0,1678143073.0,69038104.9,1678143097.0,1678143506.0,1678143435.0,1678143439.0,254.0,1678143506.0,1678143511.0,6.0,,186.0,409.0,5.0,32.0,1691153157.0,4.0,1057.0,poseidon,condorpool,poseidon-worker-3-container-24-31,xgboost_hp_tuning,/srv/xgboost_hp_tuning,,2028.0,0,0,0.0,1346578188.0,40.0,3814.0,2.0,1950.2,54.6,3847366.3,4.0
xgboost_hp_tuning_ID0000003_pegasus-plan_ID0000020,None,compute,0,1678142905.0,,,1678142911.0,1678143195.0,1678143227.0,68880564.6,1678143251.0,1678143621.0,1678143548.0,1678143552.0,251.0,1678143621.0,1678143626.0,6.0,,340.0,370.0,5.0,32.0,1691153157.0,4.0,1067.0,poseidon,condorpool,poseidon-worker-1-container-0-7,xgboost_hp_tuning,/srv/xgboost_hp_tuning,,1678.0,0,0,0.1,1346564471.0,40.0,3756.0,2.0,1614.5,53.5,4343756.4,4.0
xgboost_hp_tuning_ID0000014_pegasus-plan_ID0000020,None,compute,0,1678142905.0,,,1678142911.0,1678143322.0,1678143354.0,68926273.7,1678143378.0,1678143762.0,1678143692.0,1678143696.0,252.0,1678143762.0,1678143767.0,6.0,,467.0,384.0,5.0,32.0,1691153157.0,4.0,1055.0,poseidon,condorpool,poseidon-worker-1-container-16-23,xgboost_hp_tuning,/srv/xgboost_hp_tuning,,1871.9,0,0,0.1,1346568639.0,40.0,3771.0,2.0,1767.6,50.1,4208027.0,4.0
xgboost_hp_tuning_ID0000020_pegasus-plan_ID0000020,None,compute,0,1678142905.0,,,1678142911.0,1678143010.0,1678143041.0,69071651.4,1678143066.0,1678143436.0,1678143363.0,1678143367.0,251.0,1678143436.0,1678143441.0,6.0,,155.0,370.0,5.0,31.0,1691153157.0,4.0,1062.0,poseidon,condorpool,poseidon-worker-3-container-8-15,xgboost_hp_tuning,/srv/xgboost_hp_tuning,,1715.7,0,0,0.0,1346562764.0,40.0,3754.0,2.0,1639.3,57.3,4343750.9,4.0
stage_out_local_condorpool_0_1_pegasus-plan_ID0000012,None,transfer,0,1678143030.0,,,1678143035.0,,,0.0,1678143035.0,1678143045.0,1678143035.0,1678143039.0,2107.0,1678143045.0,1678143050.0,5.0,,0.0,10.0,5.0,,,4.0,8503.0,poseidon,local,host-10-100-100-12.openstacklocal,pegasus::transfer,/home/poseidon/pegasus-5.1.0panorama/bin/pegasus-transfer,/home/poseidon/pegasus-5.1.0panorama/bin/../bin/pegasus-kickstart  -n pegasus::transfer -N null -i - -R local  -L xgboost_hp_tuning_group_0 -T 2023-03-06T22:47:25+00:00 /home/poseidon/pegasus-5.1.0panorama/bin/../bin/pegasus-transfer  --threads 2,1.1,0,0,,,,,,,,,
stage_out_local_condorpool_0_0_pegasus-plan_ID0000012,None,transfer,0,1678143035.0,,,1678143040.0,,,0.0,1678143040.0,1678143050.0,1678143040.0,1678143044.0,2099.0,1678143050.0,1678143055.0,5.0,,0.0,10.0,5.0,,,4.0,8466.0,poseidon,local,host-10-100-100-12.openstacklocal,pegasus::transfer,/home/poseidon/pegasus-5.1.0panorama/bin/pegasus-transfer,/home/poseidon/pegasus-5.1.0panorama/bin/../bin/pegasus-kickstart  -n pegasus::transfer -N null -i - -R local  -L xgboost_hp_tuning_group_0 -T 2023-03-06T22:47:25+00:00 /home/poseidon/pegasus-5.1.0panorama/bin/../bin/pegasus-transfer  --threads 2,1.1,0,0,,,,,,,,,
xgboost_best_params_ID0000024_pegasus-plan_ID0000012,None,compute,0,1678143035.0,,,1678143040.0,1678142992.0,1678143009.0,37081494.0,1678143048.0,1678143085.0,1678143016.0,1678143020.0,254.0,1678143085.0,1678143090.0,5.0,,8.0,37.0,5.0,17.0,368018666.0,4.0,1079.0,poseidon,condorpool,poseidon-worker-3-container-16-23,xgboost_best_params,/srv/xgboost_best_params,,0.0,0,0,,,,,,,,,
stage_out_local_condorpool_0_2_pegasus-plan_ID0000012,None,transfer,0,1678143035.0,,,1678143040.0,,,0.0,1678143040.0,1678143050.0,1678143040.0,1678143044.0,1842.0,1678143050.0,1678143055.0,5.0,,0.0,10.0,5.0,,,4.0,7428.0,poseidon,local,host-10-100-100-12.openstacklocal,pegasus::transfer,/home/poseidon/pegasus-5.1.0panorama/bin/pegasus-transfer,/home/poseidon/pegasus-5.1.0panorama/bin/../bin/pegasus-kickstart  -n pegasus::transfer -N null -i - -R local  -L xgboost_hp_tuning_group_0 -T 2023-03-06T22:47:25+00:00 /home/poseidon/pegasus-5.1.0panorama/bin/../bin/pegasus-transfer  --threads 2,1.0,0,0,,,,,,,,,
register_condorpool_0_1_pegasus-plan_ID0000012,None,auxiliary,0,1678143050.0,,,1678143055.0,,,0.0,1678143055.0,1678143060.0,,,0.0,1678143060.0,1678143065.0,5.0,,0.0,5.0,5.0,,,,,poseidon,local,host-10-100-100-12.openstacklocal,pegasus::rc-client,/home/poseidon/pegasus-5.1.0panorama/bin/pegasus-rc-client,"-n pegasus::rc-client -N null -R local  -L xgboost_hp_tuning_group_0 -T 2023-03-06T22:47:25+00:00 /home/poseidon/pegasus-5.1.0panorama/bin/pegasus-rc-client --prefix pegasus.catalog.replica.output --conf /home/poseidon/workflows/predict-future-sales-workflow/submit/poseidon/pegasus/predict-future-sales/run0462/00/00/./xgboost_hp_tuning_group_0.000/pegasus.8204711498511481579.properties -v --meta /home/poseidon/workflows/predict-future-sales-workflow/submit/poseidon/pegasus/predict-future-sales/run0462/00/00/./xgboost_hp_tuning_group_0.000/00/00/xgboost_hp_tuning_ID0000019.meta,/home/poseidon/workflows/predict-future-sales-workflow/submit/poseidon/pegasus/predict-future-sales/run0462/00/00/./xgboost_hp_tuning_group_0.000/00/00/xgboost_hp_tuning_ID0000003.meta,/home/poseidon/workflows/predict-future-sales-workflow/submit/poseidon/pegasus/predict-future-sales/run0462/00/00/./xgboost_hp_tuning_group_0.000/00/00/xgboost_hp_tuning_ID0000006.meta,/home/poseidon/workflows/predict-future-sales-workflow/submit/poseidon/pegasus/predict-future-sales/run0462/00/00/./xgboost_hp_tuning_group_0.000/00/00/xgboost_hp_tuning_ID0000016.meta,/home/poseidon/workflows/predict-future-sales-workflow/submit/poseidon/pegasus/predict-future-sales/run0462/00/00/./xgboost_hp_tuning_group_0.000/00/00/xgboost_hp_tuning_ID0000013.meta,/home/poseidon/workflows/predict-future-sales-workflow/submit/poseidon/pegasus/predict-future-sales/run0462/00/00/./xgboost_hp_tuning_group_0.000/00/00/xgboost_hp_tuning_ID0000023.meta,/home/poseidon/workflows/predict-future-sales-workflow/submit/poseidon/pegasus/predict-future-sales/run0462/00/00/./xgboost_hp_tuning_group_0.000/00/00/xgboost_hp_tuning_ID0000011.meta,/home/poseidon/workflows/predict-future-sales-workflow/submit/poseidon/pegasus/predict-future-sales/run0462/00/00/./xgboost_hp_tuning_group_0.000/00/00/xgboost_hp_tuning_ID0000021.meta --insert /home/poseidon/workflows/predict-future-sales-workflow/submit/poseidon/pegasus/predict-future-sales/run0462/00/00/./xgboost_hp_tuning_group_0.000/00/00/register_condorpool_0_1.in",3.1,0,0,,,,,,,,,
register_condorpool_0_2_pegasus-plan_ID0000012,None,auxiliary,0,1678143055.0,,,1678143065.0,,,0.0,1678143066.0,1678143070.0,,,0.0,1678143070.0,1678143075.0,10.0,,1.0,4.0,5.0,,,,,poseidon,local,host-10-100-100-12.openstacklocal,pegasus::rc-client,/home/poseidon/pegasus-5.1.0panorama/bin/pegasus-rc-client,"-n pegasus::rc-client -N null -R local  -L xgboost_hp_tuning_group_0 -T 2023-03-06T22:47:25+00:00 /home/poseidon/pegasus-5.1.0panorama/bin/pegasus-rc-client --prefix pegasus.catalog.replica.output --conf /home/poseidon/workflows/predict-future-sales-workflow/submit/poseidon/pegasus/predict-future-sales/run0462/00/00/./xgboost_hp_tuning_group_0.000/pegasus.8204711498511481579.properties -v --meta /home/poseidon/workflows/predict-future-sales-workflow/submit/poseidon/pegasus/predict-future-sales/run0462/00/00/./xgboost_hp_tuning_group_0.000/00/00/xgboost_hp_tuning_ID0000014.meta,/home/poseidon/workflows/predict-future-sales-workflow/submit/poseidon/pegasus/predict-future-sales/run0462/00/00/./xgboost_hp_tuning_group_0.000/00/00/xgboost_hp_tuning_ID0000001.meta,/home/poseidon/workflows/predict-future-sales-workflow/submit/poseidon/pegasus/predict-future-sales/run0462/00/00/./xgboost_hp_tuning_group_0.000/00/00/xgboost_hp_tuning_ID0000007.meta,/home/poseidon/workflows/predict-future-sales-workflow/submit/poseidon/pegasus/predict-future-sales/run0462/00/00/./xgboost_hp_tuning_group_0.000/00/00/xgboost_hp_tuning_ID0000004.meta,/home/poseidon/workflows/predict-future-sales-workflow/submit/poseidon/pegasus/predict-future-sales/run0462/00/00/./xgboost_hp_tuning_group_0.000/00/00/xgboost_hp_tuning_ID0000022.meta,/home/poseidon/workflows/predict-future-sales-workflow/submit/poseidon/pegasus/predict-future-sales/run0462/00/00/./xgboost_hp_tuning_group_0.000/00/00/xgboost_hp_tuning_ID0000020.meta,/home/poseidon/workflows/predict-future-sales-workflow/submit/poseidon/pegasus/predict-future-sales/run0462/00/00/./xgboost_hp_tuning_group_0.000/00/00/xgboost_hp_tuning_ID0000017.meta --insert /home/poseidon/workflows/predict-future-sales-workflow/submit/poseidon/pegasus/predict-future-sales/run0462/00/00/./xgboost_hp_tuning_group_0.000/00/00/register_condorpool_0_2.in",3.3,0,0,,,,,,,,,
register_condorpool_0_0_pegasus-plan_ID0000012,None,auxiliary,0,1678143055.0,,,1678143075.0,,,0.0,1678143075.0,1678143080.0,,,0.0,1678143080.0,1678143085.0,20.0,,0.0,5.0,5.0,,,,,poseidon,local,host-10-100-100-12.openstacklocal,pegasus::rc-client,/home/poseidon/pegasus-5.1.0panorama/bin/pegasus-rc-client,"-n pegasus::rc-client -N null -R local  -L xgboost_hp_tuning_group_0 -T 2023-03-06T22:47:25+00:00 /home/poseidon/pegasus-5.1.0panorama/bin/pegasus-rc-client --prefix pegasus.catalog.replica.output --conf /home/poseidon/workflows/predict-future-sales-workflow/submit/poseidon/pegasus/predict-future-sales/run0462/00/00/./xgboost_hp_tuning_group_0.000/pegasus.8204711498511481579.properties -v --meta /home/poseidon/workflows/predict-future-sales-workflow/submit/poseidon/pegasus/predict-future-sales/run0462/00/00/./xgboost_hp_tuning_group_0.000/00/00/xgboost_hp_tuning_ID0000018.meta,/home/poseidon/workflows/predict-future-sales-workflow/submit/poseidon/pegasus/predict-future-sales/run0462/00/00/./xgboost_hp_tuning_group_0.000/00/00/xgboost_hp_tuning_ID0000009.meta,/home/poseidon/workflows/predict-future-sales-workflow/submit/poseidon/pegasus/predict-future-sales/run0462/00/00/./xgboost_hp_tuning_group_0.000/00/00/xgboost_hp_tuning_ID0000012.meta,/home/poseidon/workflows/predict-future-sales-workflow/submit/poseidon/pegasus/predict-future-sales/run0462/00/00/./xgboost_hp_tuning_group_0.000/00/00/xgboost_hp_tuning_ID0000008.meta,/home/poseidon/workflows/predict-future-sales-workflow/submit/poseidon/pegasus/predict-future-sales/run0462/00/00/./xgboost_hp_tuning_group_0.000/00/00/xgboost_hp_tuning_ID0000010.meta,/home/poseidon/workflows/predict-future-sales-workflow/submit/poseidon/pegasus/predict-future-sales/run0462/00/00/./xgboost_hp_tuning_group_0.000/00/00/xgboost_hp_tuning_ID0000002.meta,/home/poseidon/workflows/predict-future-sales-workflow/submit/poseidon/pegasus/predict-future-sales/run0462/00/00/./xgboost_hp_tuning_group_0.000/00/00/xgboost_hp_tuning_ID0000005.meta,/home/poseidon/workflows/predict-future-sales-workflow/submit/poseidon/pegasus/predict-future-sales/run0462/00/00/./xgboost_hp_tuning_group_0.000/00/00/xgboost_hp_tuning_ID0000015.meta --insert /home/poseidon/workflows/predict-future-sales-workflow/submit/poseidon/pegasus/predict-future-sales/run0462/00/00/./xgboost_hp_tuning_group_0.000/00/00/register_condorpool_0_0.in",3.2,0,0,,,,,,,,,
stage_out_local_condorpool_1_0_pegasus-plan_ID0000012,None,transfer,0,1678143090.0,,,1678143095.0,,,0.0,1678143095.0,1678143105.0,1678143096.0,1678143100.0,1254.0,1678143105.0,1678143110.0,5.0,,0.0,10.0,5.0,,,4.0,5395.0,poseidon,local,host-10-100-100-12.openstacklocal,pegasus::transfer,/home/poseidon/pegasus-5.1.0panorama/bin/pegasus-transfer,/home/poseidon/pegasus-5.1.0panorama/bin/../bin/pegasus-kickstart  -n pegasus::transfer -N null -i - -R local  -L xgboost_hp_tuning_group_0 -T 2023-03-06T22:47:25+00:00 /home/poseidon/pegasus-5.1.0panorama/bin/../bin/pegasus-transfer  --threads 2,0.7,0,0,,,,,,,,,
stage_out_local_condorpool_0_2_pegasus-plan_ID0000016,None,transfer,0,1678143101.0,,,1678143106.0,,,0.0,1678143106.0,1678143116.0,1678143107.0,1678143111.0,1840.0,1678143116.0,1678143121.0,5.0,,0.0,10.0,5.0,,,4.0,7428.0,poseidon,local,host-10-100-100-12.openstacklocal,pegasus::transfer,/home/poseidon/pegasus-5.1.0panorama/bin/pegasus-transfer,/home/poseidon/pegasus-5.1.0panorama/bin/../bin/pegasus-kickstart  -n pegasus::transfer -N null -i - -R local  -L xgboost_hp_tuning_group_1 -T 2023-03-06T22:47:25+00:00 /home/poseidon/pegasus-5.1.0panorama/bin/../bin/pegasus-transfer  --threads 2,1.0,0,0,,,,,,,,,
register_condorpool_1_0_pegasus-plan_ID0000012,None,auxiliary,0,1678143110.0,,,1678143115.0,,,0.0,1678143115.0,1678143120.0,,,0.0,1678143120.0,1678143125.0,5.0,,0.0,5.0,5.0,,,,,poseidon,local,host-10-100-100-12.openstacklocal,pegasus::rc-client,/home/poseidon/pegasus-5.1.0panorama/bin/pegasus-rc-client,-n pegasus::rc-client -N null -R local  -L xgboost_hp_tuning_group_0 -T 2023-03-06T22:47:25+00:00 /home/poseidon/pegasus-5.1.0panorama/bin/pegasus-rc-client --prefix pegasus.catalog.replica.output --conf /home/poseidon/workflows/predict-future-sales-workflow/submit/poseidon/pegasus/predict-future-sales/run0462/00/00/./xgboost_hp_tuning_group_0.000/pegasus.8204711498511481579.properties -v --meta /home/poseidon/workflows/predict-future-sales-workflow/submit/poseidon/pegasus/predict-future-sales/run0462/00/00/./xgboost_hp_tuning_group_0.000/00/00/xgboost_best_params_ID0000024.meta --insert /home/poseidon/workflows/predict-future-sales-workflow/submit/poseidon/pegasus/predict-future-sales/run0462/00/00/./xgboost_hp_tuning_group_0.000/00/00/register_condorpool_1_0.in,3.2,0,0,,,,,,,,,
register_condorpool_0_2_pegasus-plan_ID0000016,None,auxiliary,0,1678143121.0,,,1678143126.0,,,0.0,1678143126.0,1678143131.0,,,0.0,1678143131.0,1678143136.0,5.0,,0.0,5.0,5.0,,,,,poseidon,local,host-10-100-100-12.openstacklocal,pegasus::rc-client,/home/poseidon/pegasus-5.1.0panorama/bin/pegasus-rc-client,"-n pegasus::rc-client -N null -R local  -L xgboost_hp_tuning_group_1 -T 2023-03-06T22:47:25+00:00 /home/poseidon/pegasus-5.1.0panorama/bin/pegasus-rc-client --prefix pegasus.catalog.replica.output --conf /home/poseidon/workflows/predict-future-sales-workflow/submit/poseidon/pegasus/predict-future-sales/run0462/00/00/./xgboost_hp_tuning_group_1.000/pegasus.17718535443891044893.properties -v --meta /home/poseidon/workflows/predict-future-sales-workflow/submit/poseidon/pegasus/predict-future-sales/run0462/00/00/./xgboost_hp_tuning_group_1.000/00/00/xgboost_hp_tuning_ID0000014.meta,/home/poseidon/workflows/predict-future-sales-workflow/submit/poseidon/pegasus/predict-future-sales/run0462/00/00/./xgboost_hp_tuning_group_1.000/00/00/xgboost_hp_tuning_ID0000001.meta,/home/poseidon/workflows/predict-future-sales-workflow/submit/poseidon/pegasus/predict-future-sales/run0462/00/00/./xgboost_hp_tuning_group_1.000/00/00/xgboost_hp_tuning_ID0000007.meta,/home/poseidon/workflows/predict-future-sales-workflow/submit/poseidon/pegasus/predict-future-sales/run0462/00/00/./xgboost_hp_tuning_group_1.000/00/00/xgboost_hp_tuning_ID0000004.meta,/home/poseidon/workflows/predict-future-sales-workflow/submit/poseidon/pegasus/predict-future-sales/run0462/00/00/./xgboost_hp_tuning_group_1.000/00/00/xgboost_hp_tuning_ID0000022.meta,/home/poseidon/workflows/predict-future-sales-workflow/submit/poseidon/pegasus/predict-future-sales/run0462/00/00/./xgboost_hp_tuning_group_1.000/00/00/xgboost_hp_tuning_ID0000020.meta,/home/poseidon/workflows/predict-future-sales-workflow/submit/poseidon/pegasus/predict-future-sales/run0462/00/00/./xgboost_hp_tuning_group_1.000/00/00/xgboost_hp_tuning_ID0000017.meta --insert /home/poseidon/workflows/predict-future-sales-workflow/submit/poseidon/pegasus/predict-future-sales/run0462/00/00/./xgboost_hp_tuning_group_1.000/00/00/register_condorpool_0_2.in",3.0,0,0,,,,,,,,,
xgboost_model_ID0000013,None,compute,0,1678143128.0,,,1678143133.0,1678143195.0,1678143216.0,46467589.2,1678143251.0,1678143303.0,1678143230.0,1678143234.0,291443.0,1678143303.0,1678143308.0,5.0,,118.0,52.0,5.0,21.0,502671209.0,4.0,1316671.0,poseidon,condorpool,poseidon-worker-1-container-16-23,xgboost_model,/srv/xgboost_model,,32.3,0,0,,,,,,,,,
xgboost_best_params_ID0000024_pegasus-plan_ID0000016,None,compute,0,1678143256.0,,,1678143261.0,1678143244.0,1678143261.0,33217701.0,1678143300.0,1678143336.0,1678143268.0,1678143272.0,251.0,1678143336.0,1678143341.0,5.0,,39.0,36.0,5.0,17.0,368018668.0,4.0,1054.0,poseidon,condorpool,poseidon-worker-1-container-16-23,xgboost_best_params,/srv/xgboost_best_params,,0.0,0,0,,,,,,,,,
stage_out_local_condorpool_0_1_pegasus-plan_ID0000016,None,transfer,0,1678143256.0,,,1678143261.0,,,0.0,1678143261.0,1678143271.0,1678143262.0,1678143266.0,2106.0,1678143271.0,1678143276.0,5.0,,0.0,10.0,5.0,,,4.0,8503.0,poseidon,local,host-10-100-100-12.openstacklocal,pegasus::transfer,/home/poseidon/pegasus-5.1.0panorama/bin/pegasus-transfer,/home/poseidon/pegasus-5.1.0panorama/bin/../bin/pegasus-kickstart  -n pegasus::transfer -N null -i - -R local  -L xgboost_hp_tuning_group_1 -T 2023-03-06T22:47:25+00:00 /home/poseidon/pegasus-5.1.0panorama/bin/../bin/pegasus-transfer  --threads 2,1.1,0,0,,,,,,,,,
stage_out_local_condorpool_0_0_pegasus-plan_ID0000016,None,transfer,0,1678143256.0,,,1678143261.0,,,0.0,1678143261.0,1678143271.0,1678143262.0,1678143266.0,2098.0,1678143271.0,1678143276.0,5.0,,0.0,10.0,5.0,,,4.0,8468.0,poseidon,local,host-10-100-100-12.openstacklocal,pegasus::transfer,/home/poseidon/pegasus-5.1.0panorama/bin/pegasus-transfer,/home/poseidon/pegasus-5.1.0panorama/bin/../bin/pegasus-kickstart  -n pegasus::transfer -N null -i - -R local  -L xgboost_hp_tuning_group_1 -T 2023-03-06T22:47:25+00:00 /home/poseidon/pegasus-5.1.0panorama/bin/../bin/pegasus-transfer  --threads 2,1.1,0,0,,,,,,,,,
register_condorpool_0_1_pegasus-plan_ID0000016,None,auxiliary,0,1678143276.0,,,1678143281.0,,,0.0,1678143281.0,1678143286.0,,,0.0,1678143286.0,1678143291.0,5.0,,0.0,5.0,5.0,,,,,poseidon,local,host-10-100-100-12.openstacklocal,pegasus::rc-client,/home/poseidon/pegasus-5.1.0panorama/bin/pegasus-rc-client,"-n pegasus::rc-client -N null -R local  -L xgboost_hp_tuning_group_1 -T 2023-03-06T22:47:25+00:00 /home/poseidon/pegasus-5.1.0panorama/bin/pegasus-rc-client --prefix pegasus.catalog.replica.output --conf /home/poseidon/workflows/predict-future-sales-workflow/submit/poseidon/pegasus/predict-future-sales/run0462/00/00/./xgboost_hp_tuning_group_1.000/pegasus.17718535443891044893.properties -v --meta /home/poseidon/workflows/predict-future-sales-workflow/submit/poseidon/pegasus/predict-future-sales/run0462/00/00/./xgboost_hp_tuning_group_1.000/00/00/xgboost_hp_tuning_ID0000019.meta,/home/poseidon/workflows/predict-future-sales-workflow/submit/poseidon/pegasus/predict-future-sales/run0462/00/00/./xgboost_hp_tuning_group_1.000/00/00/xgboost_hp_tuning_ID0000003.meta,/home/poseidon/workflows/predict-future-sales-workflow/submit/poseidon/pegasus/predict-future-sales/run0462/00/00/./xgboost_hp_tuning_group_1.000/00/00/xgboost_hp_tuning_ID0000006.meta,/home/poseidon/workflows/predict-future-sales-workflow/submit/poseidon/pegasus/predict-future-sales/run0462/00/00/./xgboost_hp_tuning_group_1.000/00/00/xgboost_hp_tuning_ID0000016.meta,/home/poseidon/workflows/predict-future-sales-workflow/submit/poseidon/pegasus/predict-future-sales/run0462/00/00/./xgboost_hp_tuning_group_1.000/00/00/xgboost_hp_tuning_ID0000013.meta,/home/poseidon/workflows/predict-future-sales-workflow/submit/poseidon/pegasus/predict-future-sales/run0462/00/00/./xgboost_hp_tuning_group_1.000/00/00/xgboost_hp_tuning_ID0000023.meta,/home/poseidon/workflows/predict-future-sales-workflow/submit/poseidon/pegasus/predict-future-sales/run0462/00/00/./xgboost_hp_tuning_group_1.000/00/00/xgboost_hp_tuning_ID0000011.meta,/home/poseidon/workflows/predict-future-sales-workflow/submit/poseidon/pegasus/predict-future-sales/run0462/00/00/./xgboost_hp_tuning_group_1.000/00/00/xgboost_hp_tuning_ID0000021.meta --insert /home/poseidon/workflows/predict-future-sales-workflow/submit/poseidon/pegasus/predict-future-sales/run0462/00/00/./xgboost_hp_tuning_group_1.000/00/00/register_condorpool_0_1.in",3.0,0,0,,,,,,,,,
register_condorpool_0_0_pegasus-plan_ID0000016,None,auxiliary,0,1678143276.0,,,1678143291.0,,,0.0,1678143291.0,1678143296.0,,,0.0,1678143296.0,1678143301.0,15.0,,0.0,5.0,5.0,,,,,poseidon,local,host-10-100-100-12.openstacklocal,pegasus::rc-client,/home/poseidon/pegasus-5.1.0panorama/bin/pegasus-rc-client,"-n pegasus::rc-client -N null -R local  -L xgboost_hp_tuning_group_1 -T 2023-03-06T22:47:25+00:00 /home/poseidon/pegasus-5.1.0panorama/bin/pegasus-rc-client --prefix pegasus.catalog.replica.output --conf /home/poseidon/workflows/predict-future-sales-workflow/submit/poseidon/pegasus/predict-future-sales/run0462/00/00/./xgboost_hp_tuning_group_1.000/pegasus.17718535443891044893.properties -v --meta /home/poseidon/workflows/predict-future-sales-workflow/submit/poseidon/pegasus/predict-future-sales/run0462/00/00/./xgboost_hp_tuning_group_1.000/00/00/xgboost_hp_tuning_ID0000018.meta,/home/poseidon/workflows/predict-future-sales-workflow/submit/poseidon/pegasus/predict-future-sales/run0462/00/00/./xgboost_hp_tuning_group_1.000/00/00/xgboost_hp_tuning_ID0000009.meta,/home/poseidon/workflows/predict-future-sales-workflow/submit/poseidon/pegasus/predict-future-sales/run0462/00/00/./xgboost_hp_tuning_group_1.000/00/00/xgboost_hp_tuning_ID0000012.meta,/home/poseidon/workflows/predict-future-sales-workflow/submit/poseidon/pegasus/predict-future-sales/run0462/00/00/./xgboost_hp_tuning_group_1.000/00/00/xgboost_hp_tuning_ID0000008.meta,/home/poseidon/workflows/predict-future-sales-workflow/submit/poseidon/pegasus/predict-future-sales/run0462/00/00/./xgboost_hp_tuning_group_1.000/00/00/xgboost_hp_tuning_ID0000010.meta,/home/poseidon/workflows/predict-future-sales-workflow/submit/poseidon/pegasus/predict-future-sales/run0462/00/00/./xgboost_hp_tuning_group_1.000/00/00/xgboost_hp_tuning_ID0000002.meta,/home/poseidon/workflows/predict-future-sales-workflow/submit/poseidon/pegasus/predict-future-sales/run0462/00/00/./xgboost_hp_tuning_group_1.000/00/00/xgboost_hp_tuning_ID0000005.meta,/home/poseidon/workflows/predict-future-sales-workflow/submit/poseidon/pegasus/predict-future-sales/run0462/00/00/./xgboost_hp_tuning_group_1.000/00/00/xgboost_hp_tuning_ID0000015.meta --insert /home/poseidon/workflows/predict-future-sales-workflow/submit/poseidon/pegasus/predict-future-sales/run0462/00/00/./xgboost_hp_tuning_group_1.000/00/00/register_condorpool_0_0.in",3.1,0,0,,,,,,,,,
model_predict_ID0000014,None,compute,0,1678143308.0,,,1678143313.0,1678143281.0,1678143301.0,41879169.0,1678143337.0,1678143378.0,1678143309.0,1678143313.0,102823.0,1678143378.0,1678143383.0,5.0,,24.0,41.0,5.0,20.0,371504043.0,4.0,451213.0,poseidon,condorpool,poseidon-worker-1-container-16-23,model_predict,/srv/model_predict,,2.7,0,0,,,,,,,,,
stage_out_local_condorpool_1_0_pegasus-plan_ID0000016,None,transfer,0,1678143341.0,,,1678143346.0,,,0.0,1678143346.0,1678143356.0,1678143346.0,1678143351.0,1235.0,1678143356.0,1678143361.0,5.0,,0.0,10.0,5.0,,,5.0,5270.0,poseidon,local,host-10-100-100-12.openstacklocal,pegasus::transfer,/home/poseidon/pegasus-5.1.0panorama/bin/pegasus-transfer,/home/poseidon/pegasus-5.1.0panorama/bin/../bin/pegasus-kickstart  -n pegasus::transfer -N null -i - -R local  -L xgboost_hp_tuning_group_1 -T 2023-03-06T22:47:25+00:00 /home/poseidon/pegasus-5.1.0panorama/bin/../bin/pegasus-transfer  --threads 2,0.7,0,0,,,,,,,,,
register_condorpool_1_0_pegasus-plan_ID0000016,None,auxiliary,0,1678143361.0,,,1678143366.0,,,0.0,1678143366.0,1678143371.0,,,0.0,1678143371.0,1678143377.0,5.0,,0.0,5.0,6.0,,,,,poseidon,local,host-10-100-100-12.openstacklocal,pegasus::rc-client,/home/poseidon/pegasus-5.1.0panorama/bin/pegasus-rc-client,-n pegasus::rc-client -N null -R local  -L xgboost_hp_tuning_group_1 -T 2023-03-06T22:47:25+00:00 /home/poseidon/pegasus-5.1.0panorama/bin/pegasus-rc-client --prefix pegasus.catalog.replica.output --conf /home/poseidon/workflows/predict-future-sales-workflow/submit/poseidon/pegasus/predict-future-sales/run0462/00/00/./xgboost_hp_tuning_group_1.000/pegasus.17718535443891044893.properties -v --meta /home/poseidon/workflows/predict-future-sales-workflow/submit/poseidon/pegasus/predict-future-sales/run0462/00/00/./xgboost_hp_tuning_group_1.000/00/00/xgboost_best_params_ID0000024.meta --insert /home/poseidon/workflows/predict-future-sales-workflow/submit/poseidon/pegasus/predict-future-sales/run0462/00/00/./xgboost_hp_tuning_group_1.000/00/00/register_condorpool_1_0.in,3.0,0,0,,,,,,,,,
xgboost_model_ID0000017,None,compute,0,1678143378.0,,,1678143383.0,1678143333.0,1678143351.0,42522347.8,1678143389.0,1678143433.0,1678143361.0,1678143365.0,93799.0,1678143433.0,1678143438.0,5.0,,6.0,44.0,5.0,18.0,377645121.0,4.0,416534.0,poseidon,condorpool,poseidon-worker-1-container-40-47,xgboost_model,/srv/xgboost_model,,9.0,0,0,,,,,,,,,
model_predict_ID0000018,hdd_10,compute,0,1678143438.0,,,1678143443.0,1678143393.0,1678143417.0,41708070.2,1678143449.0,1678143523.0,1678143453.0,1678143457.0,5891.0,1678143523.0,1678143528.0,5.0,,6.0,74.0,5.0,24.0,368518565.0,4.0,25035.0,poseidon,condorpool,poseidon-worker-1-container-24-31,model_predict,/srv/model_predict,,3.0,0,0,,,,,,,,,
stage_out_local_condorpool_0_2_pegasus-plan_ID0000020,None,transfer,0,1678143772.0,,,1678143777.0,,,0.0,1678143777.0,1678143787.0,1678143777.0,1678143781.0,1839.0,1678143787.0,1678143792.0,5.0,,0.0,10.0,5.0,,,4.0,7419.0,poseidon,local,host-10-100-100-12.openstacklocal,pegasus::transfer,/home/poseidon/pegasus-5.1.0panorama/bin/pegasus-transfer,/home/poseidon/pegasus-5.1.0panorama/bin/../bin/pegasus-kickstart  -n pegasus::transfer -N null -i - -R local  -L xgboost_hp_tuning_group_2 -T 2023-03-06T22:47:25+00:00 /home/poseidon/pegasus-5.1.0panorama/bin/../bin/pegasus-transfer  --threads 2,0.9,0,0,,,,,,,,,
register_condorpool_0_2_pegasus-plan_ID0000020,None,auxiliary,0,1678143792.0,,,1678143797.0,,,0.0,1678143797.0,1678143802.0,,,0.0,1678143802.0,1678143807.0,5.0,,0.0,5.0,5.0,,,,,poseidon,local,host-10-100-100-12.openstacklocal,pegasus::rc-client,/home/poseidon/pegasus-5.1.0panorama/bin/pegasus-rc-client,"-n pegasus::rc-client -N null -R local  -L xgboost_hp_tuning_group_2 -T 2023-03-06T22:47:25+00:00 /home/poseidon/pegasus-5.1.0panorama/bin/pegasus-rc-client --prefix pegasus.catalog.replica.output --conf /home/poseidon/workflows/predict-future-sales-workflow/submit/poseidon/pegasus/predict-future-sales/run0462/00/00/./xgboost_hp_tuning_group_2.000/pegasus.7695636806098317882.properties -v --meta /home/poseidon/workflows/predict-future-sales-workflow/submit/poseidon/pegasus/predict-future-sales/run0462/00/00/./xgboost_hp_tuning_group_2.000/00/00/xgboost_hp_tuning_ID0000017.meta,/home/poseidon/workflows/predict-future-sales-workflow/submit/poseidon/pegasus/predict-future-sales/run0462/00/00/./xgboost_hp_tuning_group_2.000/00/00/xgboost_hp_tuning_ID0000022.meta,/home/poseidon/workflows/predict-future-sales-workflow/submit/poseidon/pegasus/predict-future-sales/run0462/00/00/./xgboost_hp_tuning_group_2.000/00/00/xgboost_hp_tuning_ID0000007.meta,/home/poseidon/workflows/predict-future-sales-workflow/submit/poseidon/pegasus/predict-future-sales/run0462/00/00/./xgboost_hp_tuning_group_2.000/00/00/xgboost_hp_tuning_ID0000020.meta,/home/poseidon/workflows/predict-future-sales-workflow/submit/poseidon/pegasus/predict-future-sales/run0462/00/00/./xgboost_hp_tuning_group_2.000/00/00/xgboost_hp_tuning_ID0000001.meta,/home/poseidon/workflows/predict-future-sales-workflow/submit/poseidon/pegasus/predict-future-sales/run0462/00/00/./xgboost_hp_tuning_group_2.000/00/00/xgboost_hp_tuning_ID0000004.meta,/home/poseidon/workflows/predict-future-sales-workflow/submit/poseidon/pegasus/predict-future-sales/run0462/00/00/./xgboost_hp_tuning_group_2.000/00/00/xgboost_hp_tuning_ID0000014.meta --insert /home/poseidon/workflows/predict-future-sales-workflow/submit/poseidon/pegasus/predict-future-sales/run0462/00/00/./xgboost_hp_tuning_group_2.000/00/00/register_condorpool_0_2.in",2.9,0,0,,,,,,,,,
stage_out_local_condorpool_0_0_pegasus-plan_ID0000020,None,transfer,0,1678143797.0,,,1678143802.0,,,0.0,1678143802.0,1678143817.0,1678143803.0,1678143807.0,2100.0,1678143817.0,1678143822.0,5.0,,0.0,15.0,5.0,,,4.0,8468.0,poseidon,local,host-10-100-100-12.openstacklocal,pegasus::transfer,/home/poseidon/pegasus-5.1.0panorama/bin/pegasus-transfer,/home/poseidon/pegasus-5.1.0panorama/bin/../bin/pegasus-kickstart  -n pegasus::transfer -N null -i - -R local  -L xgboost_hp_tuning_group_2 -T 2023-03-06T22:47:25+00:00 /home/poseidon/pegasus-5.1.0panorama/bin/../bin/pegasus-transfer  --threads 2,1.0,0,0,,,,,,,,,
register_condorpool_0_0_pegasus-plan_ID0000020,None,auxiliary,0,1678143822.0,,,1678143827.0,,,0.0,1678143827.0,1678143832.0,,,0.0,1678143832.0,1678143837.0,5.0,,0.0,5.0,5.0,,,,,poseidon,local,host-10-100-100-12.openstacklocal,pegasus::rc-client,/home/poseidon/pegasus-5.1.0panorama/bin/pegasus-rc-client,"-n pegasus::rc-client -N null -R local  -L xgboost_hp_tuning_group_2 -T 2023-03-06T22:47:25+00:00 /home/poseidon/pegasus-5.1.0panorama/bin/pegasus-rc-client --prefix pegasus.catalog.replica.output --conf /home/poseidon/workflows/predict-future-sales-workflow/submit/poseidon/pegasus/predict-future-sales/run0462/00/00/./xgboost_hp_tuning_group_2.000/pegasus.7695636806098317882.properties -v --meta /home/poseidon/workflows/predict-future-sales-workflow/submit/poseidon/pegasus/predict-future-sales/run0462/00/00/./xgboost_hp_tuning_group_2.000/00/00/xgboost_hp_tuning_ID0000018.meta,/home/poseidon/workflows/predict-future-sales-workflow/submit/poseidon/pegasus/predict-future-sales/run0462/00/00/./xgboost_hp_tuning_group_2.000/00/00/xgboost_hp_tuning_ID0000002.meta,/home/poseidon/workflows/predict-future-sales-workflow/submit/poseidon/pegasus/predict-future-sales/run0462/00/00/./xgboost_hp_tuning_group_2.000/00/00/xgboost_hp_tuning_ID0000005.meta,/home/poseidon/workflows/predict-future-sales-workflow/submit/poseidon/pegasus/predict-future-sales/run0462/00/00/./xgboost_hp_tuning_group_2.000/00/00/xgboost_hp_tuning_ID0000009.meta,/home/poseidon/workflows/predict-future-sales-workflow/submit/poseidon/pegasus/predict-future-sales/run0462/00/00/./xgboost_hp_tuning_group_2.000/00/00/xgboost_hp_tuning_ID0000015.meta,/home/poseidon/workflows/predict-future-sales-workflow/submit/poseidon/pegasus/predict-future-sales/run0462/00/00/./xgboost_hp_tuning_group_2.000/00/00/xgboost_hp_tuning_ID0000012.meta,/home/poseidon/workflows/predict-future-sales-workflow/submit/poseidon/pegasus/predict-future-sales/run0462/00/00/./xgboost_hp_tuning_group_2.000/00/00/xgboost_hp_tuning_ID0000010.meta,/home/poseidon/workflows/predict-future-sales-workflow/submit/poseidon/pegasus/predict-future-sales/run0462/00/00/./xgboost_hp_tuning_group_2.000/00/00/xgboost_hp_tuning_ID0000008.meta --insert /home/poseidon/workflows/predict-future-sales-workflow/submit/poseidon/pegasus/predict-future-sales/run0462/00/00/./xgboost_hp_tuning_group_2.000/00/00/register_condorpool_0_0.in",3.0,0,0,,,,,,,,,
xgboost_best_params_ID0000024_pegasus-plan_ID0000020,None,compute,0,1678143872.0,,,1678143878.0,1678143823.0,1678143840.0,33263625.6,1678143879.0,1678143918.0,1678143847.0,1678143851.0,252.0,1678143918.0,1678143923.0,6.0,,1.0,39.0,5.0,17.0,368018656.0,4.0,1059.0,poseidon,condorpool,poseidon-worker-2-container-24-31,xgboost_best_params,/srv/xgboost_best_params,,0.0,0,0,,,,,,,,,
stage_out_local_condorpool_0_1_pegasus-plan_ID0000020,None,transfer,0,1678143872.0,,,1678143878.0,,,0.0,1678143878.0,1678143888.0,1678143878.0,1678143882.0,2108.0,1678143888.0,1678143893.0,6.0,,0.0,10.0,5.0,,,4.0,8500.0,poseidon,local,host-10-100-100-12.openstacklocal,pegasus::transfer,/home/poseidon/pegasus-5.1.0panorama/bin/pegasus-transfer,/home/poseidon/pegasus-5.1.0panorama/bin/../bin/pegasus-kickstart  -n pegasus::transfer -N null -i - -R local  -L xgboost_hp_tuning_group_2 -T 2023-03-06T22:47:25+00:00 /home/poseidon/pegasus-5.1.0panorama/bin/../bin/pegasus-transfer  --threads 2,1.0,0,0,,,,,,,,,
register_condorpool_0_1_pegasus-plan_ID0000020,None,auxiliary,0,1678143893.0,,,1678143898.0,,,0.0,1678143898.0,1678143903.0,,,0.0,1678143903.0,1678143908.0,5.0,,0.0,5.0,5.0,,,,,poseidon,local,host-10-100-100-12.openstacklocal,pegasus::rc-client,/home/poseidon/pegasus-5.1.0panorama/bin/pegasus-rc-client,"-n pegasus::rc-client -N null -R local  -L xgboost_hp_tuning_group_2 -T 2023-03-06T22:47:25+00:00 /home/poseidon/pegasus-5.1.0panorama/bin/pegasus-rc-client --prefix pegasus.catalog.replica.output --conf /home/poseidon/workflows/predict-future-sales-workflow/submit/poseidon/pegasus/predict-future-sales/run0462/00/00/./xgboost_hp_tuning_group_2.000/pegasus.7695636806098317882.properties -v --meta /home/poseidon/workflows/predict-future-sales-workflow/submit/poseidon/pegasus/predict-future-sales/run0462/00/00/./xgboost_hp_tuning_group_2.000/00/00/xgboost_hp_tuning_ID0000013.meta,/home/poseidon/workflows/predict-future-sales-workflow/submit/poseidon/pegasus/predict-future-sales/run0462/00/00/./xgboost_hp_tuning_group_2.000/00/00/xgboost_hp_tuning_ID0000023.meta,/home/poseidon/workflows/predict-future-sales-workflow/submit/poseidon/pegasus/predict-future-sales/run0462/00/00/./xgboost_hp_tuning_group_2.000/00/00/xgboost_hp_tuning_ID0000011.meta,/home/poseidon/workflows/predict-future-sales-workflow/submit/poseidon/pegasus/predict-future-sales/run0462/00/00/./xgboost_hp_tuning_group_2.000/00/00/xgboost_hp_tuning_ID0000006.meta,/home/poseidon/workflows/predict-future-sales-workflow/submit/poseidon/pegasus/predict-future-sales/run0462/00/00/./xgboost_hp_tuning_group_2.000/00/00/xgboost_hp_tuning_ID0000003.meta,/home/poseidon/workflows/predict-future-sales-workflow/submit/poseidon/pegasus/predict-future-sales/run0462/00/00/./xgboost_hp_tuning_group_2.000/00/00/xgboost_hp_tuning_ID0000021.meta,/home/poseidon/workflows/predict-future-sales-workflow/submit/poseidon/pegasus/predict-future-sales/run0462/00/00/./xgboost_hp_tuning_group_2.000/00/00/xgboost_hp_tuning_ID0000019.meta,/home/poseidon/workflows/predict-future-sales-workflow/submit/poseidon/pegasus/predict-future-sales/run0462/00/00/./xgboost_hp_tuning_group_2.000/00/00/xgboost_hp_tuning_ID0000016.meta --insert /home/poseidon/workflows/predict-future-sales-workflow/submit/poseidon/pegasus/predict-future-sales/run0462/00/00/./xgboost_hp_tuning_group_2.000/00/00/register_condorpool_0_1.in",3.0,0,0,,,,,,,,,
stage_out_local_condorpool_1_0_pegasus-plan_ID0000020,None,transfer,0,1678143923.0,,,1678143928.0,,,0.0,1678143928.0,1678143938.0,1678143929.0,1678143933.0,1251.0,1678143938.0,1678143943.0,5.0,,0.0,10.0,5.0,,,4.0,5295.0,poseidon,local,host-10-100-100-12.openstacklocal,pegasus::transfer,/home/poseidon/pegasus-5.1.0panorama/bin/pegasus-transfer,/home/poseidon/pegasus-5.1.0panorama/bin/../bin/pegasus-kickstart  -n pegasus::transfer -N null -i - -R local  -L xgboost_hp_tuning_group_2 -T 2023-03-06T22:47:25+00:00 /home/poseidon/pegasus-5.1.0panorama/bin/../bin/pegasus-transfer  --threads 2,0.7,0,0,,,,,,,,,
register_condorpool_1_0_pegasus-plan_ID0000020,None,auxiliary,0,1678143943.0,,,1678143948.0,,,0.0,1678143949.0,1678143953.0,,,0.0,1678143953.0,1678143958.0,5.0,,1.0,4.0,5.0,,,,,poseidon,local,host-10-100-100-12.openstacklocal,pegasus::rc-client,/home/poseidon/pegasus-5.1.0panorama/bin/pegasus-rc-client,-n pegasus::rc-client -N null -R local  -L xgboost_hp_tuning_group_2 -T 2023-03-06T22:47:25+00:00 /home/poseidon/pegasus-5.1.0panorama/bin/pegasus-rc-client --prefix pegasus.catalog.replica.output --conf /home/poseidon/workflows/predict-future-sales-workflow/submit/poseidon/pegasus/predict-future-sales/run0462/00/00/./xgboost_hp_tuning_group_2.000/pegasus.7695636806098317882.properties -v --meta /home/poseidon/workflows/predict-future-sales-workflow/submit/poseidon/pegasus/predict-future-sales/run0462/00/00/./xgboost_hp_tuning_group_2.000/00/00/xgboost_best_params_ID0000024.meta --insert /home/poseidon/workflows/predict-future-sales-workflow/submit/poseidon/pegasus/predict-future-sales/run0462/00/00/./xgboost_hp_tuning_group_2.000/00/00/register_condorpool_1_0.in,3.0,0,0,,,,,,,,,
xgboost_model_ID0000021,None,compute,0,1678143959.0,,,1678143964.0,1678143913.0,1678143945.0,69000465.7,1678143969.0,1678144159.0,1678144086.0,1678144091.0,621485.0,1678144159.0,1678144164.0,5.0,,5.0,190.0,5.0,32.0,1691152080.0,5.0,2777845.0,poseidon,condorpool,poseidon-worker-3-container-32-39,xgboost_model,/srv/xgboost_model,,792.8,0,0,0.0,1348840663.0,24449.0,5371.0,8.0,769.2,14.2,10375697.4,2444.9
stage_out_local_local_5_0,None,transfer,0,1678143959.0,,,1678143964.0,,,0.0,1678143964.0,1678143974.0,1678143964.0,1678143968.0,791.0,1678143974.0,1678143979.0,5.0,,0.0,10.0,5.0,,,4.0,3192.0,poseidon,local,host-10-100-100-12.openstacklocal,pegasus::transfer,/home/poseidon/pegasus-5.1.0panorama/bin/pegasus-transfer,pegasus-kickstart  -n pegasus::transfer -N null -i - -R local  -L predict-future-sales -T 2023-02-17T19:59:06+00:00 pegasus-transfer  --threads 2,0.3,0,0,,,,,,,,,
cleanup_predict-future-sales_0_local,None,auxiliary,0,1678143979.0,,,1678143984.0,,,0.0,1678143984.0,1678143994.0,,,0.0,1678143994.0,1678143999.0,5.0,,0.0,10.0,5.0,,,,,poseidon,local,host-10-100-100-12.openstacklocal,pegasus::cleanup,/home/poseidon/pegasus-5.1.0panorama/bin/pegasus-transfer,pegasus-kickstart  -n pegasus::cleanup -N null -i - -R local  -L predict-future-sales -T 2023-02-17T19:59:06+00:00 pegasus-transfer,0.3,0,0,,,,,,,,,
stage_out_local_condorpool_6_0,None,transfer,0,1678144164.0,,,1678144169.0,,,0.0,1678144169.0,1678144179.0,1678144170.0,1678144174.0,1118141.0,1678144179.0,1678144184.0,5.0,,0.0,10.0,5.0,,,4.0,4511050.0,poseidon,local,host-10-100-100-12.openstacklocal,pegasus::transfer,/home/poseidon/pegasus-5.1.0panorama/bin/pegasus-transfer,pegasus-kickstart  -n pegasus::transfer -N null -i - -R local  -L predict-future-sales -T 2023-02-17T19:59:06+00:00 pegasus-transfer  --threads 2,0.9,0,0,,,,,,,,,
model_predict_ID0000022,None,compute,0,1678144164.0,,,1678144169.0,1678144115.0,1678144134.0,40244019.7,1678144171.0,1678144214.0,1678144142.0,1678144147.0,1235912.0,1678144214.0,1678144219.0,5.0,,2.0,43.0,5.0,19.0,397782471.0,5.0,5523764.0,poseidon,condorpool,poseidon-worker-3-container-32-39,model_predict,/srv/model_predict,,3.6,0,0,,,,,,,,,
stage_out_local_condorpool_7_0,None,transfer,0,1678144219.0,,,1678144224.0,,,0.0,1678144224.0,1678144234.0,1678144224.0,1678144228.0,1487680.0,1678144234.0,1678144239.0,5.0,,0.0,10.0,5.0,,,4.0,6000012.0,poseidon,local,host-10-100-100-12.openstacklocal,pegasus::transfer,/home/poseidon/pegasus-5.1.0panorama/bin/pegasus-transfer,pegasus-kickstart  -n pegasus::transfer -N null -i - -R local  -L predict-future-sales -T 2023-02-17T19:59:06+00:00 pegasus-transfer  --threads 2,0.6,0,0,,,,,,,,,
predict_merge_ID0000023,None,compute,0,1678144219.0,,,1678144224.0,1678144169.0,1678144187.0,38043806.7,1678144225.0,1678144264.0,1678144194.0,1678144198.0,845244.0,1678144264.0,1678144269.0,5.0,,1.0,39.0,5.0,18.0,377176763.0,4.0,3754173.0,poseidon,condorpool,poseidon-worker-3-container-32-39,predict_merge,/srv/predict_merge,,1.4,0,0,,,,,,,,,
stage_out_local_condorpool_8_0,None,transfer,0,1678144269.0,,,1678144274.0,,,0.0,1678144274.0,1678144284.0,1678144275.0,1678144277.0,1736916.0,1678144284.0,1678144289.0,5.0,,0.0,10.0,5.0,,,2.0,3754173.0,poseidon,local,host-10-100-100-12.openstacklocal,pegasus::transfer,/home/poseidon/pegasus-5.1.0panorama/bin/pegasus-transfer,pegasus-kickstart  -n pegasus::transfer -N null -i - -R local  -L predict-future-sales -T 2023-02-17T19:59:06+00:00 pegasus-transfer  --threads 2,0.4,0,0,,,,,,,,,
cleanup_predict-future-sales_0_condorpool,None,auxiliary,0,1678144289.0,,,1678144294.0,,,0.0,1678144294.0,1678144304.0,,,0.0,1678144304.0,1678144309.0,5.0,,0.0,10.0,5.0,,,,,poseidon,local,host-10-100-100-12.openstacklocal,pegasus::cleanup,/home/poseidon/pegasus-5.1.0panorama/bin/pegasus-transfer,pegasus-kickstart  -n pegasus::cleanup -N null -i - -R local  -L predict-future-sales -T 2023-02-17T19:59:06+00:00 pegasus-transfer,0.3,0,0,,,,,,,,,
