,anomaly_type,type,is_clustered,ready,pre_script_start,pre_script_end,submit,stage_in_start,stage_in_end,stage_in_effective_bytes_per_sec,execute_start,execute_end,stage_out_start,stage_out_end,stage_out_effective_bytes_per_sec,post_script_start,post_script_end,wms_delay,pre_script_delay,queue_delay,runtime,post_script_delay,stage_in_delay,stage_in_bytes,stage_out_delay,stage_out_bytes,kickstart_user,kickstart_site,kickstart_hostname,kickstart_transformations,kickstart_executables,kickstart_executables_argv,kickstart_executables_cpu_time,kickstart_status,kickstart_executables_exitcode,kickstart_online_iowait,kickstart_online_bytes_read,kickstart_online_bytes_written,kickstart_online_read_system_calls,kickstart_online_write_system_calls,kickstart_online_utime,kickstart_online_stime,kickstart_online_bytes_read_per_second,kickstart_online_bytes_written_per_second
create_dir_casa-wind-full_0_condorpool,None,auxiliary,0,1694344700.0,,,1694344701.0,,,0.0,1694344706.0,1694344711.0,,,0.0,1694344711.0,1694344716.0,1.0,,5.0,5.0,5.0,,,,,poseidon,local,poseidon-submit,pegasus::dirmanager,/mnt/poseidon-data/poseidon/pegasus-5.1.0panorama/bin/pegasus-transfer,pegasus-kickstart  -n pegasus::dirmanager -N null -i - -R local  -L casa-wind-full -T 2023-09-08T07:29:05+00:00 pegasus-transfer,0.2,0,0,,,,,,,,,
unzip_ID0000006,None,compute,0,1694344716.0,,,1694344722.0,1694344748.0,1694344756.0,28252819.0,1694344746.0,1694344792.0,1694344768.0,1694344786.0,29024389.0,1694344792.0,1694344798.0,6.0,,24.0,46.0,6.0,8.0,222753803.0,18.0,501616588.0,poseidon,condorpool,poseidon-worker-1-container-4-7,unzip,/usr/bin/gunzip,,3.9,0,0,,,,,,,,,
unzip_ID0000106,None,compute,0,1694344716.0,,,1694344722.0,1694344747.0,1694344754.0,35887788.0,1694344745.0,1694344792.0,1694344766.0,1694344784.0,29271941.0,1694344792.0,1694344798.0,6.0,,23.0,47.0,6.0,7.0,241199298.0,18.0,501821816.0,poseidon,condorpool,poseidon-worker-2-container-40-43,unzip,/usr/bin/gunzip,,4.1,0,0,,,,,,,,,
unzip_ID0000046,None,compute,0,1694344716.0,,,1694344722.0,1694344745.0,1694344753.0,29461179.0,1694344743.0,1694344792.0,1694344766.0,1694344784.0,29385097.0,1694344792.0,1694344798.0,6.0,,21.0,49.0,6.0,8.0,229692821.0,18.0,523855228.0,poseidon,condorpool,poseidon-worker-2-container-4-7,unzip,/usr/bin/gunzip,,4.1,0,0,,,,,,,,,
unzip_ID0000101,None,compute,0,1694344716.0,,,1694344722.0,1694344744.0,1694344753.0,28861647.0,1694344743.0,1694344792.0,1694344766.0,1694344785.0,29769728.0,1694344792.0,1694344798.0,6.0,,21.0,49.0,6.0,9.0,250988249.0,19.0,561551644.0,poseidon,condorpool,poseidon-worker-2-container-8-11,unzip,/usr/bin/gunzip,,4.4,0,0,,,,,,,,,
unzip_ID0000026,None,compute,0,1694344716.0,,,1694344722.0,1694344744.0,1694344753.0,27019720.0,1694344742.0,1694344792.0,1694344765.0,1694344784.0,27660438.0,1694344792.0,1694344798.0,6.0,,20.0,50.0,6.0,9.0,227963832.0,19.0,523917888.0,poseidon,condorpool,poseidon-worker-1-container-8-11,unzip,/usr/bin/gunzip,,4.0,0,0,,,,,,,,,
unzip_ID0000126,None,compute,0,1694344716.0,,,1694344722.0,1694344744.0,1694344751.0,35273563.0,1694344742.0,1694344787.0,1694344764.0,1694344780.0,31707805.0,1694344787.0,1694344792.0,6.0,,20.0,45.0,5.0,7.0,249343892.0,16.0,520618424.0,poseidon,condorpool,poseidon-worker-2-container-20-23,unzip,/usr/bin/gunzip,,4.2,0,0,,,,,,,,,
unzip_ID0000031,None,compute,0,1694344716.0,,,1694344722.0,1694344744.0,1694344752.0,29838279.0,1694344742.0,1694344792.0,1694344765.0,1694344782.0,30821869.0,1694344792.0,1694344798.0,6.0,,20.0,50.0,6.0,8.0,237517035.0,17.0,539438752.0,poseidon,condorpool,poseidon-worker-2-container-16-19,unzip,/usr/bin/gunzip,,4.2,0,0,,,,,,,,,
unzip_ID0000076,None,compute,0,1694344716.0,,,1694344722.0,1694344744.0,1694344751.0,32221698.0,1694344742.0,1694344787.0,1694344765.0,1694344780.0,33316970.0,1694344787.0,1694344792.0,6.0,,20.0,45.0,5.0,7.0,233747923.0,15.0,523942844.0,poseidon,condorpool,poseidon-worker-2-container-12-15,unzip,/usr/bin/gunzip,,4.1,0,0,,,,,,,,,
unzip_ID0000011,None,compute,0,1694344716.0,,,1694344722.0,1694344744.0,1694344752.0,29304336.0,1694344742.0,1694344787.0,1694344764.0,1694344780.0,35443613.0,1694344787.0,1694344792.0,6.0,,20.0,45.0,5.0,8.0,235998389.0,16.0,565205920.0,poseidon,condorpool,poseidon-worker-1-container-0-3,unzip,/usr/bin/gunzip,,4.2,0,0,,,,,,,,,
unzip_ID0000056,None,compute,0,1694344716.0,,,1694344722.0,1694344744.0,1694344752.0,29500306.0,1694344743.0,1694344792.0,1694344765.0,1694344784.0,27784021.0,1694344792.0,1694344798.0,6.0,,21.0,49.0,6.0,8.0,232139969.0,19.0,528026776.0,poseidon,condorpool,poseidon-worker-2-container-24-27,unzip,/usr/bin/gunzip,,4.1,0,0,,,,,,,,,
unzip_ID0000111,None,compute,0,1694344716.0,,,1694344722.0,1694344744.0,1694344752.0,31843264.0,1694344742.0,1694344792.0,1694344765.0,1694344783.0,31499894.0,1694344792.0,1694344798.0,6.0,,20.0,50.0,6.0,8.0,256320311.0,18.0,567950764.0,poseidon,condorpool,poseidon-worker-2-container-28-31,unzip,/usr/bin/gunzip,,4.4,0,0,,,,,,,,,
unzip_ID0000071,None,compute,0,1694344716.0,,,1694344722.0,1694344745.0,1694344752.0,30783560.0,1694344743.0,1694344792.0,1694344765.0,1694344785.0,28031047.0,1694344792.0,1694344798.0,6.0,,21.0,49.0,6.0,7.0,240896692.0,20.0,539506600.0,poseidon,condorpool,poseidon-worker-2-container-32-35,unzip,/usr/bin/gunzip,,4.2,0,0,,,,,,,,,
unzip_ID0000051,None,compute,0,1694344716.0,,,1694344722.0,1694344744.0,1694344752.0,31997721.0,1694344742.0,1694344792.0,1694344765.0,1694344783.0,30301662.0,1694344792.0,1694344798.0,6.0,,20.0,50.0,6.0,8.0,239630266.0,18.0,544301296.0,poseidon,condorpool,poseidon-worker-2-container-36-39,unzip,/usr/bin/gunzip,,4.2,0,0,,,,,,,,,
unzip_ID0000091,None,compute,0,1694344716.0,,,1694344722.0,1694344744.0,1694344752.0,31270723.0,1694344743.0,1694344792.0,1694344765.0,1694344786.0,25276877.0,1694344792.0,1694344798.0,6.0,,21.0,49.0,6.0,8.0,246447087.0,21.0,539109992.0,poseidon,condorpool,poseidon-worker-1-container-28-31,unzip,/usr/bin/gunzip,,4.2,0,0,,,,,,,,,
unzip_ID0000116,None,compute,0,1694344716.0,,,1694344722.0,1694344744.0,1694344751.0,35182007.0,1694344743.0,1694344782.0,1694344764.0,1694344774.0,48607151.0,1694344782.0,1694344787.0,6.0,,21.0,39.0,5.0,7.0,249255741.0,10.0,520850676.0,poseidon,condorpool,poseidon-worker-1-container-24-27,unzip,/usr/bin/gunzip,,4.2,0,0,,,,,,,,,
unzip_ID0000036,None,compute,0,1694344716.0,,,1694344722.0,1694344744.0,1694344751.0,32259529.0,1694344742.0,1694344782.0,1694344763.0,1694344774.0,51120721.0,1694344782.0,1694344787.0,6.0,,20.0,40.0,5.0,7.0,232020704.0,11.0,526952240.0,poseidon,condorpool,poseidon-worker-1-container-16-19,unzip,/usr/bin/gunzip,,4.1,0,0,,,,,,,,,
unzip_ID0000016,None,compute,0,1694344716.0,,,1694344722.0,1694344744.0,1694344751.0,31113097.0,1694344742.0,1694344787.0,1694344763.0,1694344777.0,39441497.0,1694344787.0,1694344792.0,6.0,,20.0,45.0,5.0,7.0,225238888.0,14.0,523826084.0,poseidon,condorpool,poseidon-worker-1-container-32-35,unzip,/usr/bin/gunzip,,4.0,0,0,,,,,,,,,
unzip_ID0000086,None,compute,0,1694344716.0,,,1694344722.0,1694344745.0,1694344752.0,32676615.0,1694344743.0,1694344782.0,1694344764.0,1694344774.0,48818152.0,1694344782.0,1694344787.0,6.0,,21.0,39.0,5.0,7.0,234836668.0,10.0,518838800.0,poseidon,condorpool,poseidon-worker-1-container-4-7,unzip,/usr/bin/gunzip,,4.0,0,0,,,,,,,,,
unzip_ID0000021,None,compute,0,1694344716.0,,,1694344722.0,1694344744.0,1694344752.0,29669612.0,1694344742.0,1694344787.0,1694344765.0,1694344781.0,32387744.0,1694344787.0,1694344792.0,6.0,,20.0,45.0,5.0,8.0,235136662.0,16.0,539178100.0,poseidon,condorpool,poseidon-worker-2-container-44-47,unzip,/usr/bin/gunzip,,4.1,0,0,,,,,,,,,
unzip_ID0000066,None,compute,0,1694344716.0,,,1694344722.0,1694344745.0,1694344753.0,28591511.0,1694344743.0,1694344798.0,1694344765.0,1694344787.0,23094141.0,1694344798.0,1694344804.0,6.0,,21.0,55.0,6.0,8.0,232031705.0,22.0,523661496.0,poseidon,condorpool,poseidon-worker-1-container-40-43,unzip,/usr/bin/gunzip,,4.1,0,0,,,,,,,,,
unzip_ID0000121,None,compute,0,1694344716.0,,,1694344722.0,1694344745.0,1694344752.0,33670269.0,1694344743.0,1694344792.0,1694344765.0,1694344784.0,29309193.0,1694344792.0,1694344798.0,6.0,,21.0,49.0,6.0,7.0,250860096.0,19.0,550782944.0,poseidon,condorpool,poseidon-worker-1-container-12-15,unzip,/usr/bin/gunzip,,4.3,0,0,,,,,,,,,
unzip_ID0000001,None,compute,0,1694344716.0,,,1694344722.0,1694344745.0,1694344752.0,30169905.0,1694344743.0,1694344792.0,1694344765.0,1694344787.0,25620638.0,1694344792.0,1694344798.0,6.0,,21.0,49.0,6.0,7.0,232473216.0,22.0,561354992.0,poseidon,condorpool,poseidon-worker-1-container-20-23,unzip,/usr/bin/gunzip,,4.1,0,0,,,,,,,,,
unzip_ID0000061,None,compute,0,1694344716.0,,,1694344722.0,1694344744.0,1694344753.0,27759481.0,1694344743.0,1694344792.0,1694344767.0,1694344785.0,30653359.0,1694344792.0,1694344798.0,6.0,,21.0,49.0,6.0,9.0,240463185.0,18.0,541945820.0,poseidon,condorpool,poseidon-worker-2-container-0-3,unzip,/usr/bin/gunzip,,4.2,0,0,,,,,,,,,
unzip_ID0000041,None,compute,0,1694344716.0,,,1694344722.0,1694344744.0,1694344753.0,26353703.0,1694344743.0,1694344792.0,1694344766.0,1694344785.0,28009650.0,1694344792.0,1694344798.0,6.0,,21.0,49.0,6.0,9.0,238944758.0,19.0,540768928.0,poseidon,condorpool,poseidon-worker-1-container-44-47,unzip,/usr/bin/gunzip,,4.1,0,0,,,,,,,,,
unzip_ID0000081,None,compute,0,1694344716.0,,,1694344721.0,1694344744.0,1694344752.0,34663807.0,1694344743.0,1694344792.0,1694344765.0,1694344783.0,30169780.0,1694344792.0,1694344798.0,5.0,,22.0,49.0,6.0,8.0,245619741.0,18.0,543190672.0,poseidon,condorpool,poseidon-worker-2-container-40-43,unzip,/usr/bin/gunzip,,4.2,0,0,,,,,,,,,
unzip_ID0000096,None,compute,0,1694344716.0,,,1694344722.0,1694344744.0,1694344752.0,29663921.0,1694344742.0,1694344787.0,1694344765.0,1694344780.0,33027295.0,1694344787.0,1694344792.0,6.0,,20.0,45.0,5.0,8.0,240753402.0,15.0,524013876.0,poseidon,condorpool,poseidon-worker-1-container-36-39,unzip,/usr/bin/gunzip,,4.2,0,0,,,,,,,,,
um_vel_ID0000117,None,compute,0,1694344787.0,,,1694344792.0,1694344795.0,1694344815.0,49040950.2,1694344794.0,1694344834.0,1694344824.0,1694344827.0,161020.0,1694344834.0,1694344839.0,5.0,,2.0,40.0,5.0,20.0,697437428.0,3.0,556900.0,poseidon,condorpool,poseidon-worker-2-container-36-39,um_vel,/opt/UM_VEL/UM_VEL,,1.7,0,0,,,,,,,,,
um_vel_ID0000037,None,compute,0,1694344787.0,,,1694344792.0,1694344795.0,1694344815.0,48419286.9,1694344794.0,1694344834.0,1694344824.0,1694344828.0,173326.0,1694344834.0,1694344839.0,5.0,,2.0,40.0,5.0,20.0,703538992.0,4.0,556900.0,poseidon,condorpool,poseidon-worker-1-container-20-23,um_vel,/opt/UM_VEL/UM_VEL,,1.8,0,0,,,,,,,,,
um_vel_ID0000087,None,compute,0,1694344787.0,,,1694344792.0,1694344795.0,1694344816.0,47132104.5,1694344794.0,1694344834.0,1694344825.0,1694344828.0,173382.0,1694344834.0,1694344839.0,5.0,,2.0,40.0,5.0,21.0,695425552.0,3.0,556900.0,poseidon,condorpool,poseidon-worker-2-container-40-43,um_vel,/opt/UM_VEL/UM_VEL,,1.7,0,0,,,,,,,,,
um_vel_ID0000022,None,compute,0,1694344792.0,,,1694344798.0,1694344801.0,1694344821.0,49178017.5,1694344799.0,1694344844.0,1694344830.0,1694344833.0,177273.0,1694344844.0,1694344849.0,6.0,,1.0,45.0,5.0,20.0,715764852.0,3.0,556900.0,poseidon,condorpool,poseidon-worker-1-container-40-43,um_vel,/opt/UM_VEL/UM_VEL,,1.7,0,0,,,,,,,,,
um_vel_ID0000017,None,compute,0,1694344792.0,,,1694344798.0,1694344801.0,1694344822.0,46144281.1,1694344799.0,1694344844.0,1694344830.0,1694344834.0,177703.0,1694344844.0,1694344849.0,6.0,,1.0,45.0,5.0,21.0,700412836.0,4.0,556900.0,poseidon,condorpool,poseidon-worker-1-container-4-7,um_vel,/opt/UM_VEL/UM_VEL,,1.7,0,0,,,,,,,,,
um_vel_ID0000127,None,compute,0,1694344792.0,,,1694344798.0,1694344801.0,1694344820.0,51954129.6,1694344799.0,1694344839.0,1694344829.0,1694344832.0,178587.0,1694344839.0,1694344844.0,6.0,,1.0,40.0,5.0,19.0,697205176.0,3.0,556900.0,poseidon,condorpool,poseidon-worker-1-container-32-35,um_vel,/opt/UM_VEL/UM_VEL,,1.7,0,0,,,,,,,,,
um_vel_ID0000097,None,compute,0,1694344792.0,,,1694344798.0,1694344801.0,1694344820.0,53841914.2,1694344799.0,1694344839.0,1694344828.0,1694344831.0,177238.0,1694344839.0,1694344844.0,6.0,,1.0,40.0,5.0,19.0,700600628.0,3.0,556900.0,poseidon,condorpool,poseidon-worker-2-container-12-15,um_vel,/opt/UM_VEL/UM_VEL,,1.7,0,0,,,,,,,,,
um_vel_ID0000077,None,compute,0,1694344792.0,,,1694344798.0,1694344801.0,1694344820.0,50570041.2,1694344799.0,1694344839.0,1694344829.0,1694344832.0,177219.0,1694344839.0,1694344844.0,6.0,,1.0,40.0,5.0,19.0,700529596.0,3.0,556900.0,poseidon,condorpool,poseidon-worker-2-container-28-31,um_vel,/opt/UM_VEL/UM_VEL,,1.7,0,0,,,,,,,,,
um_vel_ID0000012,None,compute,0,1694344792.0,,,1694344798.0,1694344801.0,1694344820.0,53043862.0,1694344799.0,1694344839.0,1694344829.0,1694344833.0,177962.0,1694344839.0,1694344844.0,6.0,,1.0,40.0,5.0,19.0,741792672.0,4.0,556900.0,poseidon,condorpool,poseidon-worker-1-container-16-19,um_vel,/opt/UM_VEL/UM_VEL,,1.8,0,0,,,,,,,,,
um_vel_ID0000002,None,compute,0,1694344798.0,,,1694344804.0,1694344808.0,1694344828.0,51043285.6,1694344806.0,1694344849.0,1694344838.0,1694344841.0,177629.0,1694344849.0,1694344854.0,6.0,,2.0,43.0,5.0,20.0,737941744.0,3.0,556900.0,poseidon,condorpool,poseidon-worker-2-container-24-27,um_vel,/opt/UM_VEL/UM_VEL,,1.8,0,0,,,,,,,,,
um_vel_ID0000007,None,compute,0,1694344798.0,,,1694344803.0,1694344807.0,1694344826.0,49893099.1,1694344805.0,1694344844.0,1694344835.0,1694344838.0,177996.0,1694344844.0,1694344849.0,5.0,,2.0,39.0,5.0,19.0,678203340.0,3.0,556900.0,poseidon,condorpool,poseidon-worker-1-container-28-31,um_vel,/opt/UM_VEL/UM_VEL,,1.7,0,0,,,,,,,,,
um_vel_ID0000107,None,compute,0,1694344798.0,,,1694344803.0,1694344807.0,1694344826.0,52547229.2,1694344805.0,1694344844.0,1694344835.0,1694344838.0,176842.0,1694344844.0,1694344849.0,5.0,,2.0,39.0,5.0,19.0,678408568.0,3.0,556900.0,poseidon,condorpool,poseidon-worker-1-container-4-7,um_vel,/opt/UM_VEL/UM_VEL,,1.7,0,0,,,,,,,,,
um_vel_ID0000047,None,compute,0,1694344798.0,,,1694344803.0,1694344807.0,1694344826.0,52600677.2,1694344806.0,1694344844.0,1694344835.0,1694344838.0,178262.0,1694344844.0,1694344849.0,5.0,,3.0,38.0,5.0,19.0,700441980.0,3.0,556900.0,poseidon,condorpool,poseidon-worker-1-container-0-3,um_vel,/opt/UM_VEL/UM_VEL,,1.7,0,0,,,,,,,,,
um_vel_ID0000062,None,compute,0,1694344798.0,,,1694344803.0,1694344807.0,1694344827.0,49233435.4,1694344805.0,1694344849.0,1694344836.0,1694344839.0,177035.0,1694344849.0,1694344854.0,5.0,,2.0,44.0,5.0,20.0,718532572.0,3.0,556900.0,poseidon,condorpool,poseidon-worker-2-container-16-19,um_vel,/opt/UM_VEL/UM_VEL,,1.8,0,0,,,,,,,,,
um_vel_ID0000027,None,compute,0,1694344798.0,,,1694344803.0,1694344807.0,1694344825.0,55249892.8,1694344805.0,1694344844.0,1694344834.0,1694344837.0,177450.0,1694344844.0,1694344849.0,5.0,,2.0,39.0,5.0,18.0,700504640.0,3.0,556900.0,poseidon,condorpool,poseidon-worker-1-container-8-11,um_vel,/opt/UM_VEL/UM_VEL,,1.8,0,0,,,,,,,,,
um_vel_ID0000032,None,compute,0,1694344798.0,,,1694344803.0,1694344807.0,1694344829.0,41761167.9,1694344805.0,1694344849.0,1694344838.0,1694344841.0,175689.0,1694344849.0,1694344854.0,5.0,,2.0,44.0,5.0,22.0,716025504.0,3.0,556900.0,poseidon,condorpool,poseidon-worker-1-container-36-39,um_vel,/opt/UM_VEL/UM_VEL,,1.7,0,0,,,,,,,,,
um_vel_ID0000102,None,compute,0,1694344798.0,,,1694344804.0,1694344807.0,1694344828.0,48281648.6,1694344805.0,1694344849.0,1694344836.0,1694344840.0,177370.0,1694344849.0,1694344854.0,6.0,,1.0,44.0,5.0,21.0,738138396.0,4.0,556900.0,poseidon,condorpool,poseidon-worker-1-container-12-15,um_vel,/opt/UM_VEL/UM_VEL,,1.7,0,0,,,,,,,,,
um_vel_ID0000112,None,compute,0,1694344798.0,,,1694344803.0,1694344807.0,1694344828.0,47917129.4,1694344805.0,1694344849.0,1694344838.0,1694344841.0,174566.0,1694344849.0,1694344854.0,5.0,,2.0,44.0,5.0,21.0,744537516.0,3.0,556900.0,poseidon,condorpool,poseidon-worker-2-container-20-23,um_vel,/opt/UM_VEL/UM_VEL,,1.8,0,0,,,,,,,,,
um_vel_ID0000072,None,compute,0,1694344798.0,,,1694344804.0,1694344807.0,1694344828.0,45115522.8,1694344805.0,1694344849.0,1694344838.0,1694344841.0,175010.0,1694344849.0,1694344854.0,6.0,,1.0,44.0,5.0,21.0,716093352.0,3.0,556900.0,poseidon,condorpool,poseidon-worker-2-container-40-43,um_vel,/opt/UM_VEL/UM_VEL,,1.7,0,0,,,,,,,,,
um_vel_ID0000052,None,compute,0,1694344798.0,,,1694344803.0,1694344807.0,1694344827.0,49687009.6,1694344805.0,1694344849.0,1694344836.0,1694344839.0,177560.0,1694344849.0,1694344854.0,5.0,,2.0,44.0,5.0,20.0,720888048.0,3.0,556900.0,poseidon,condorpool,poseidon-worker-2-container-0-3,um_vel,/opt/UM_VEL/UM_VEL,,1.7,0,0,,,,,,,,,
um_vel_ID0000092,None,compute,0,1694344798.0,,,1694344803.0,1694344807.0,1694344830.0,40596412.8,1694344805.0,1694344849.0,1694344838.0,1694344842.0,173826.0,1694344849.0,1694344854.0,5.0,,2.0,44.0,5.0,23.0,715696744.0,4.0,556900.0,poseidon,condorpool,poseidon-worker-1-container-24-27,um_vel,/opt/UM_VEL/UM_VEL,,1.6,0,0,,,,,,,,,
um_vel_ID0000082,None,compute,0,1694344798.0,,,1694344803.0,1694344807.0,1694344828.0,46282309.7,1694344805.0,1694344849.0,1694344837.0,1694344840.0,176901.0,1694344849.0,1694344854.0,5.0,,2.0,44.0,5.0,21.0,719777424.0,3.0,556900.0,poseidon,condorpool,poseidon-worker-1-container-44-47,um_vel,/opt/UM_VEL/UM_VEL,,1.7,0,0,,,,,,,,,
um_vel_ID0000042,None,compute,0,1694344798.0,,,1694344803.0,1694344807.0,1694344828.0,45238209.8,1694344805.0,1694344849.0,1694344838.0,1694344841.0,174543.0,1694344849.0,1694344854.0,5.0,,2.0,44.0,5.0,21.0,717355680.0,3.0,556900.0,poseidon,condorpool,poseidon-worker-2-container-44-47,um_vel,/opt/UM_VEL/UM_VEL,,1.7,0,0,,,,,,,,,
um_vel_ID0000122,None,compute,0,1694344798.0,,,1694344803.0,1694344807.0,1694344828.0,46158441.1,1694344805.0,1694344849.0,1694344838.0,1694344842.0,173410.0,1694344849.0,1694344854.0,5.0,,2.0,44.0,5.0,21.0,727369696.0,4.0,556900.0,poseidon,condorpool,poseidon-worker-2-container-32-35,um_vel,/opt/UM_VEL/UM_VEL,,1.7,0,0,,,,,,,,,
um_vel_ID0000057,None,compute,0,1694344798.0,,,1694344803.0,1694344807.0,1694344827.0,47116700.6,1694344805.0,1694344849.0,1694344836.0,1694344839.0,177344.0,1694344849.0,1694344854.0,5.0,,2.0,44.0,5.0,20.0,704613528.0,3.0,556900.0,poseidon,condorpool,poseidon-worker-2-container-8-11,um_vel,/opt/UM_VEL/UM_VEL,,1.7,0,0,,,,,,,,,
um_vel_ID0000067,None,compute,0,1694344804.0,,,1694344809.0,1694344812.0,1694344832.0,49833935.5,1694344810.0,1694344854.0,1694344841.0,1694344844.0,177850.0,1694344854.0,1694344860.0,5.0,,1.0,44.0,6.0,20.0,700248248.0,3.0,556900.0,poseidon,condorpool,poseidon-worker-2-container-4-7,um_vel,/opt/UM_VEL/UM_VEL,,1.6,0,0,,,,,,,,,
stage_out_local_condorpool_0_0,None,transfer,0,1694344804.0,,,1694344809.0,,,0.0,1694344809.0,1694344844.0,,,0.0,1694344844.0,1694344849.0,5.0,,0.0,35.0,5.0,,,,,poseidon,local,poseidon-submit,pegasus::transfer,/mnt/poseidon-data/poseidon/pegasus-5.1.0panorama/bin/pegasus-transfer,/home/poseidon/pegasus-5.1.0panorama/bin/../bin/pegasus-kickstart  -n pegasus::transfer -N null -i - -R local  -L casa-wind-full -T 2023-09-08T07:29:05+00:00 /home/poseidon/pegasus-5.1.0panorama/bin/../bin/pegasus-transfer  --threads 2,34.8,0,0,,,,,,,,,
stage_out_local_condorpool_0_1,None,transfer,0,1694344804.0,,,1694344809.0,,,0.0,1694344809.0,1694344844.0,,,0.0,1694344844.0,1694344849.0,5.0,,0.0,35.0,5.0,,,,,poseidon,local,poseidon-submit,pegasus::transfer,/mnt/poseidon-data/poseidon/pegasus-5.1.0panorama/bin/pegasus-transfer,/home/poseidon/pegasus-5.1.0panorama/bin/../bin/pegasus-kickstart  -n pegasus::transfer -N null -i - -R local  -L casa-wind-full -T 2023-09-08T07:29:05+00:00 /home/poseidon/pegasus-5.1.0panorama/bin/../bin/pegasus-transfer  --threads 2,34.0,0,0,,,,,,,,,
stage_out_local_condorpool_0_2,None,transfer,0,1694344804.0,,,1694344809.0,,,0.0,1694344809.0,1694344844.0,,,0.0,1694344844.0,1694344849.0,5.0,,0.0,35.0,5.0,,,,,poseidon,local,poseidon-submit,pegasus::transfer,/mnt/poseidon-data/poseidon/pegasus-5.1.0panorama/bin/pegasus-transfer,/home/poseidon/pegasus-5.1.0panorama/bin/../bin/pegasus-kickstart  -n pegasus::transfer -N null -i - -R local  -L casa-wind-full -T 2023-09-08T07:29:05+00:00 /home/poseidon/pegasus-5.1.0panorama/bin/../bin/pegasus-transfer  --threads 2,34.3,0,0,,,,,,,,,
mvt_ID0000039,None,compute,0,1694344839.0,,,1694344844.0,1694344847.0,1694344859.0,34595936.0,1694344845.0,1694344916.0,1694344904.0,1694344907.0,11025.0,1694344916.0,1694344921.0,5.0,,1.0,71.0,5.0,12.0,177143652.0,3.0,34386.0,poseidon,condorpool,poseidon-worker-2-container-40-43,mvt,/opt/mvt/mvt,,40.0,0,0,0.0,802588.0,16384.0,458.0,4.0,39.9,0.1,20064.7,819.2
post_vel_ID0000038,None,compute,0,1694344839.0,,,1694344844.0,1694344847.0,1694344858.0,33118735.8,1694344845.0,1694344875.0,1694344864.0,1694344867.0,3486.0,1694344875.0,1694344881.0,5.0,,1.0,30.0,6.0,11.0,177143937.0,3.0,11227.0,poseidon,condorpool,poseidon-worker-1-container-4-7,post_vel,/opt/netcdf2png/merged_netcdf2png,,0.1,0,0,,,,,,,,,
post_vel_ID0000118,None,compute,0,1694344839.0,,,1694344844.0,1694344847.0,1694344859.0,34562546.8,1694344845.0,1694344875.0,1694344864.0,1694344867.0,4531.0,1694344875.0,1694344881.0,5.0,,1.0,30.0,6.0,12.0,177143937.0,3.0,14402.0,poseidon,condorpool,poseidon-worker-2-container-36-39,post_vel,/opt/netcdf2png/merged_netcdf2png,,0.1,0,0,,,,,,,,,
mvt_ID0000119,None,compute,0,1694344839.0,,,1694344844.0,1694344847.0,1694344859.0,27787241.4,1694344845.0,1694344916.0,1694344904.0,1694344907.0,20713.0,1694344916.0,1694344921.0,5.0,,1.0,71.0,5.0,12.0,177143652.0,3.0,65525.0,poseidon,condorpool,poseidon-worker-1-container-20-23,mvt,/opt/mvt/mvt,,39.8,0,0,0.1,791897.0,36864.0,428.0,9.0,29.9,0.0,26396.6,3686.4
post_vel_ID0000088,None,compute,0,1694344839.0,,,1694344844.0,1694344847.0,1694344858.0,33212143.0,1694344845.0,1694344875.0,1694344864.0,1694344867.0,3972.0,1694344875.0,1694344881.0,5.0,,1.0,30.0,6.0,11.0,177143937.0,3.0,12740.0,poseidon,condorpool,poseidon-worker-1-container-32-35,post_vel,/opt/netcdf2png/merged_netcdf2png,,0.1,0,0,,,,,,,,,
mvt_ID0000089,None,compute,0,1694344839.0,,,1694344844.0,1694344847.0,1694344859.0,34573749.4,1694344845.0,1694344916.0,1694344904.0,1694344907.0,15491.0,1694344916.0,1694344921.0,5.0,,1.0,71.0,5.0,12.0,177143652.0,3.0,48475.0,poseidon,condorpool,poseidon-worker-2-container-28-31,mvt,/opt/mvt/mvt,,40.2,0,0,0.0,794306.0,24576.0,440.0,6.0,39.9,0.1,19857.6,2457.6
post_vel_ID0000013,None,compute,0,1694344844.0,,,1694344849.0,1694344852.0,1694344863.0,34533106.6,1694344850.0,1694344881.0,1694344868.0,1694344872.0,3467.0,1694344881.0,1694344886.0,5.0,,1.0,31.0,5.0,11.0,177143937.0,4.0,11040.0,poseidon,condorpool,poseidon-worker-2-container-8-11,post_vel,/opt/netcdf2png/merged_netcdf2png,,0.1,0,0,,,,,,,,,
post_vel_ID0000098,None,compute,0,1694344844.0,,,1694344849.0,1694344851.0,1694344863.0,34505552.0,1694344850.0,1694344881.0,1694344868.0,1694344872.0,4104.0,1694344881.0,1694344886.0,5.0,,1.0,31.0,5.0,12.0,177143937.0,4.0,13355.0,poseidon,condorpool,poseidon-worker-2-container-20-23,post_vel,/opt/netcdf2png/merged_netcdf2png,,0.1,0,0,,,,,,,,,
post_vel_ID0000078,None,compute,0,1694344844.0,,,1694344849.0,1694344852.0,1694344863.0,34553723.4,1694344850.0,1694344881.0,1694344868.0,1694344871.0,3914.0,1694344881.0,1694344886.0,5.0,,1.0,31.0,5.0,11.0,177143937.0,3.0,12264.0,poseidon,condorpool,poseidon-worker-1-container-4-7,post_vel,/opt/netcdf2png/merged_netcdf2png,,0.1,0,0,,,,,,,,,
mvt_ID0000079,None,compute,0,1694344844.0,,,1694344849.0,1694344852.0,1694344863.0,34597773.2,1694344850.0,1694344921.0,1694344909.0,1694344912.0,14707.0,1694344921.0,1694344926.0,5.0,,1.0,71.0,5.0,11.0,177143652.0,3.0,45337.0,poseidon,condorpool,poseidon-worker-2-container-32-35,mvt,/opt/mvt/mvt,,40.0,0,0,0.0,805246.0,24576.0,464.0,6.0,39.9,0.1,20131.2,1228.8
mvt_ID0000129,None,compute,0,1694344844.0,,,1694344849.0,1694344852.0,1694344863.0,34523820.8,1694344850.0,1694344921.0,1694344909.0,1694344912.0,20776.0,1694344921.0,1694344926.0,5.0,,1.0,71.0,5.0,11.0,177143652.0,3.0,64489.0,poseidon,condorpool,poseidon-worker-1-container-16-19,mvt,/opt/mvt/mvt,,40.3,0,0,0.0,808006.0,36864.0,470.0,9.0,39.7,0.2,20200.1,3686.4
mvt_ID0000014,None,compute,0,1694344844.0,,,1694344849.0,1694344852.0,1694344863.0,34504348.0,1694344850.0,1694344921.0,1694344908.0,1694344911.0,10364.0,1694344921.0,1694344926.0,5.0,,1.0,71.0,5.0,11.0,177143652.0,3.0,31991.0,poseidon,condorpool,poseidon-worker-1-container-0-3,mvt,/opt/mvt/mvt,,39.6,0,0,0.0,802748.0,16384.0,452.0,4.0,29.9,0.1,26758.3,819.2
post_vel_ID0000128,None,compute,0,1694344844.0,,,1694344849.0,1694344852.0,1694344863.0,34578481.0,1694344850.0,1694344881.0,1694344869.0,1694344872.0,4547.0,1694344881.0,1694344886.0,5.0,,1.0,31.0,5.0,11.0,177143937.0,3.0,14512.0,poseidon,condorpool,poseidon-worker-2-container-12-15,post_vel,/opt/netcdf2png/merged_netcdf2png,,0.1,0,0,,,,,,,,,
mvt_ID0000099,None,compute,0,1694344844.0,,,1694344849.0,1694344852.0,1694344863.0,34527680.0,1694344850.0,1694344921.0,1694344908.0,1694344911.0,16094.0,1694344921.0,1694344926.0,5.0,,1.0,71.0,5.0,11.0,177143652.0,3.0,50118.0,poseidon,condorpool,poseidon-worker-1-container-40-43,mvt,/opt/mvt/mvt,,40.2,0,0,0.0,806638.0,28672.0,467.0,7.0,39.8,0.2,20165.9,1433.6
post_vel_ID0000023,None,compute,0,1694344849.0,,,1694344854.0,1694344857.0,1694344870.0,28041980.0,1694344855.0,1694344886.0,1694344875.0,1694344878.0,3667.0,1694344886.0,1694344891.0,5.0,,1.0,31.0,5.0,13.0,177143937.0,3.0,11372.0,poseidon,condorpool,poseidon-worker-2-container-0-3,post_vel,/opt/netcdf2png/merged_netcdf2png,,0.1,0,0,,,,,,,,,
mvt_ID0000029,None,compute,0,1694344849.0,,,1694344854.0,1694344857.0,1694344869.0,30386977.0,1694344855.0,1694344926.0,1694344914.0,1694344917.0,12346.0,1694344926.0,1694344931.0,5.0,,1.0,71.0,5.0,12.0,177143652.0,3.0,38341.0,poseidon,condorpool,poseidon-worker-2-container-16-19,mvt,/opt/mvt/mvt,,39.9,0,0,0.0,806931.0,20480.0,461.0,5.0,29.9,0.1,26897.7,1024.0
post_vel_ID0000028,None,compute,0,1694344849.0,,,1694344854.0,1694344857.0,1694344869.0,28283061.8,1694344855.0,1694344886.0,1694344875.0,1694344878.0,3734.0,1694344886.0,1694344891.0,5.0,,1.0,31.0,5.0,12.0,177143937.0,3.0,11529.0,poseidon,condorpool,poseidon-worker-2-container-44-47,post_vel,/opt/netcdf2png/merged_netcdf2png,,0.1,0,0,,,,,,,,,
mvt_ID0000049,None,compute,0,1694344849.0,,,1694344854.0,1694344857.0,1694344869.0,30117235.6,1694344856.0,1694344926.0,1694344914.0,1694344917.0,7732.0,1694344926.0,1694344931.0,5.0,,2.0,70.0,5.0,12.0,177143652.0,3.0,24108.0,poseidon,condorpool,poseidon-worker-1-container-12-15,mvt,/opt/mvt/mvt,,39.9,0,0,0.0,800096.0,12288.0,446.0,3.0,29.9,0.1,26669.9,1228.8
post_vel_ID0000048,None,compute,0,1694344849.0,,,1694344854.0,1694344857.0,1694344869.0,33758089.2,1694344855.0,1694344886.0,1694344874.0,1694344877.0,3325.0,1694344886.0,1694344891.0,5.0,,1.0,31.0,5.0,12.0,177143937.0,3.0,10371.0,poseidon,condorpool,poseidon-worker-2-container-4-7,post_vel,/opt/netcdf2png/merged_netcdf2png,,0.1,0,0,,,,,,,,,
mvt_ID0000109,None,compute,0,1694344849.0,,,1694344854.0,1694344857.0,1694344868.0,29626547.0,1694344856.0,1694344926.0,1694344913.0,1694344917.0,19316.0,1694344926.0,1694344931.0,5.0,,2.0,70.0,5.0,11.0,177143652.0,4.0,59954.0,poseidon,condorpool,poseidon-worker-1-container-28-31,mvt,/opt/mvt/mvt,,39.9,0,0,0.0,798725.0,32768.0,443.0,8.0,29.9,0.1,26624.2,1638.4
register_condorpool_0_0,None,auxiliary,0,1694344849.0,,,1694344865.0,,,0.0,1694344865.0,1694344870.0,,,0.0,1694344870.0,1694344875.0,16.0,,0.0,5.0,5.0,,,,,poseidon,local,poseidon-submit,pegasus::rc-client,/mnt/poseidon-data/poseidon/pegasus-5.1.0panorama/bin/pegasus-rc-client,"-n pegasus::rc-client -N null -R local  -L casa-wind-full -T 2023-09-08T07:29:05+00:00 /home/poseidon/pegasus-5.1.0panorama/bin/pegasus-rc-client --prefix pegasus.catalog.replica.output --conf /mnt/poseidon-data/poseidon/workflows/casa-wind-workflow-full/submit/poseidon/pegasus/casa-wind-full/run0136/pegasus.4807771866820749070.properties -v --meta /mnt/poseidon-data/poseidon/workflows/casa-wind-workflow-full/submit/poseidon/pegasus/casa-wind-full/run0136/00/00/unzip_ID0000001.meta,/mnt/poseidon-data/poseidon/workflows/casa-wind-workflow-full/submit/poseidon/pegasus/casa-wind-full/run0136/00/00/unzip_ID0000071.meta,/mnt/poseidon-data/poseidon/workflows/casa-wind-workflow-full/submit/poseidon/pegasus/casa-wind-full/run0136/00/00/unzip_ID0000076.meta,/mnt/poseidon-data/poseidon/workflows/casa-wind-workflow-full/submit/poseidon/pegasus/casa-wind-full/run0136/00/00/unzip_ID0000051.meta,/mnt/poseidon-data/poseidon/workflows/casa-wind-workflow-full/submit/poseidon/pegasus/casa-wind-full/run0136/00/00/unzip_ID0000026.meta,/mnt/poseidon-data/poseidon/workflows/casa-wind-workflow-full/submit/poseidon/pegasus/casa-wind-full/run0136/00/00/unzip_ID0000101.meta,/mnt/poseidon-data/poseidon/workflows/casa-wind-workflow-full/submit/poseidon/pegasus/casa-wind-full/run0136/00/00/unzip_ID0000006.meta,/mnt/poseidon-data/poseidon/workflows/casa-wind-workflow-full/submit/poseidon/pegasus/casa-wind-full/run0136/00/00/unzip_ID0000121.meta,/mnt/poseidon-data/poseidon/workflows/casa-wind-workflow-full/submit/poseidon/pegasus/casa-wind-full/run0136/00/00/unzip_ID0000111.meta,/mnt/poseidon-data/poseidon/workflows/casa-wind-workflow-full/submit/poseidon/pegasus/casa-wind-full/run0136/00/00/unzip_ID0000126.meta,/mnt/poseidon-data/poseidon/workflows/casa-wind-workflow-full/submit/poseidon/pegasus/casa-wind-full/run0136/00/00/unzip_ID0000046.meta,/mnt/poseidon-data/poseidon/workflows/casa-wind-workflow-full/submit/poseidon/pegasus/casa-wind-full/run0136/00/00/unzip_ID0000081.meta,/mnt/poseidon-data/poseidon/workflows/casa-wind-workflow-full/submit/poseidon/pegasus/casa-wind-full/run0136/00/00/unzip_ID0000096.meta,/mnt/poseidon-data/poseidon/workflows/casa-wind-workflow-full/submit/poseidon/pegasus/casa-wind-full/run0136/00/00/unzip_ID0000016.meta,/mnt/poseidon-data/poseidon/workflows/casa-wind-workflow-full/submit/poseidon/pegasus/casa-wind-full/run0136/00/00/unzip_ID0000041.meta,/mnt/poseidon-data/poseidon/workflows/casa-wind-workflow-full/submit/poseidon/pegasus/casa-wind-full/run0136/00/00/unzip_ID0000116.meta,/mnt/poseidon-data/poseidon/workflows/casa-wind-workflow-full/submit/poseidon/pegasus/casa-wind-full/run0136/00/00/unzip_ID0000036.meta,/mnt/poseidon-data/poseidon/workflows/casa-wind-workflow-full/submit/poseidon/pegasus/casa-wind-full/run0136/00/00/unzip_ID0000106.meta,/mnt/poseidon-data/poseidon/workflows/casa-wind-workflow-full/submit/poseidon/pegasus/casa-wind-full/run0136/00/00/unzip_ID0000031.meta,/mnt/poseidon-data/poseidon/workflows/casa-wind-workflow-full/submit/poseidon/pegasus/casa-wind-full/run0136/00/00/unzip_ID0000091.meta,/mnt/poseidon-data/poseidon/workflows/casa-wind-workflow-full/submit/poseidon/pegasus/casa-wind-full/run0136/00/00/unzip_ID0000061.meta,/mnt/poseidon-data/poseidon/workflows/casa-wind-workflow-full/submit/poseidon/pegasus/casa-wind-full/run0136/00/00/unzip_ID0000066.meta,/mnt/poseidon-data/poseidon/workflows/casa-wind-workflow-full/submit/poseidon/pegasus/casa-wind-full/run0136/00/00/unzip_ID0000056.meta,/mnt/poseidon-data/poseidon/workflows/casa-wind-workflow-full/submit/poseidon/pegasus/casa-wind-full/run0136/00/00/unzip_ID0000086.meta,/mnt/poseidon-data/poseidon/workflows/casa-wind-workflow-full/submit/poseidon/pegasus/casa-wind-full/run0136/00/00/unzip_ID0000011.meta,/mnt/poseidon-data/poseidon/workflows/casa-wind-workflow-full/submit/poseidon/pegasus/casa-wind-full/run0136/00/00/unzip_ID0000021.meta --insert /mnt/poseidon-data/poseidon/workflows/casa-wind-workflow-full/submit/poseidon/pegasus/casa-wind-full/run0136/00/00/register_condorpool_0_0.in",3.0,0,0,,,,,,,,,
register_condorpool_0_1,None,auxiliary,0,1694344849.0,,,1694344906.0,,,0.0,1694344906.0,1694344911.0,,,0.0,1694344911.0,1694344916.0,57.0,,0.0,5.0,5.0,,,,,poseidon,local,poseidon-submit,pegasus::rc-client,/mnt/poseidon-data/poseidon/pegasus-5.1.0panorama/bin/pegasus-rc-client,"-n pegasus::rc-client -N null -R local  -L casa-wind-full -T 2023-09-08T07:29:05+00:00 /home/poseidon/pegasus-5.1.0panorama/bin/pegasus-rc-client --prefix pegasus.catalog.replica.output --conf /mnt/poseidon-data/poseidon/workflows/casa-wind-workflow-full/submit/poseidon/pegasus/casa-wind-full/run0136/pegasus.4807771866820749070.properties -v --meta /mnt/poseidon-data/poseidon/workflows/casa-wind-workflow-full/submit/poseidon/pegasus/casa-wind-full/run0136/00/00/unzip_ID0000001.meta,/mnt/poseidon-data/poseidon/workflows/casa-wind-workflow-full/submit/poseidon/pegasus/casa-wind-full/run0136/00/00/unzip_ID0000071.meta,/mnt/poseidon-data/poseidon/workflows/casa-wind-workflow-full/submit/poseidon/pegasus/casa-wind-full/run0136/00/00/unzip_ID0000076.meta,/mnt/poseidon-data/poseidon/workflows/casa-wind-workflow-full/submit/poseidon/pegasus/casa-wind-full/run0136/00/00/unzip_ID0000051.meta,/mnt/poseidon-data/poseidon/workflows/casa-wind-workflow-full/submit/poseidon/pegasus/casa-wind-full/run0136/00/00/unzip_ID0000026.meta,/mnt/poseidon-data/poseidon/workflows/casa-wind-workflow-full/submit/poseidon/pegasus/casa-wind-full/run0136/00/00/unzip_ID0000101.meta,/mnt/poseidon-data/poseidon/workflows/casa-wind-workflow-full/submit/poseidon/pegasus/casa-wind-full/run0136/00/00/unzip_ID0000006.meta,/mnt/poseidon-data/poseidon/workflows/casa-wind-workflow-full/submit/poseidon/pegasus/casa-wind-full/run0136/00/00/unzip_ID0000121.meta,/mnt/poseidon-data/poseidon/workflows/casa-wind-workflow-full/submit/poseidon/pegasus/casa-wind-full/run0136/00/00/unzip_ID0000111.meta,/mnt/poseidon-data/poseidon/workflows/casa-wind-workflow-full/submit/poseidon/pegasus/casa-wind-full/run0136/00/00/unzip_ID0000126.meta,/mnt/poseidon-data/poseidon/workflows/casa-wind-workflow-full/submit/poseidon/pegasus/casa-wind-full/run0136/00/00/unzip_ID0000046.meta,/mnt/poseidon-data/poseidon/workflows/casa-wind-workflow-full/submit/poseidon/pegasus/casa-wind-full/run0136/00/00/unzip_ID0000081.meta,/mnt/poseidon-data/poseidon/workflows/casa-wind-workflow-full/submit/poseidon/pegasus/casa-wind-full/run0136/00/00/unzip_ID0000096.meta,/mnt/poseidon-data/poseidon/workflows/casa-wind-workflow-full/submit/poseidon/pegasus/casa-wind-full/run0136/00/00/unzip_ID0000016.meta,/mnt/poseidon-data/poseidon/workflows/casa-wind-workflow-full/submit/poseidon/pegasus/casa-wind-full/run0136/00/00/unzip_ID0000041.meta,/mnt/poseidon-data/poseidon/workflows/casa-wind-workflow-full/submit/poseidon/pegasus/casa-wind-full/run0136/00/00/unzip_ID0000116.meta,/mnt/poseidon-data/poseidon/workflows/casa-wind-workflow-full/submit/poseidon/pegasus/casa-wind-full/run0136/00/00/unzip_ID0000036.meta,/mnt/poseidon-data/poseidon/workflows/casa-wind-workflow-full/submit/poseidon/pegasus/casa-wind-full/run0136/00/00/unzip_ID0000106.meta,/mnt/poseidon-data/poseidon/workflows/casa-wind-workflow-full/submit/poseidon/pegasus/casa-wind-full/run0136/00/00/unzip_ID0000031.meta,/mnt/poseidon-data/poseidon/workflows/casa-wind-workflow-full/submit/poseidon/pegasus/casa-wind-full/run0136/00/00/unzip_ID0000091.meta,/mnt/poseidon-data/poseidon/workflows/casa-wind-workflow-full/submit/poseidon/pegasus/casa-wind-full/run0136/00/00/unzip_ID0000061.meta,/mnt/poseidon-data/poseidon/workflows/casa-wind-workflow-full/submit/poseidon/pegasus/casa-wind-full/run0136/00/00/unzip_ID0000066.meta,/mnt/poseidon-data/poseidon/workflows/casa-wind-workflow-full/submit/poseidon/pegasus/casa-wind-full/run0136/00/00/unzip_ID0000056.meta,/mnt/poseidon-data/poseidon/workflows/casa-wind-workflow-full/submit/poseidon/pegasus/casa-wind-full/run0136/00/00/unzip_ID0000086.meta,/mnt/poseidon-data/poseidon/workflows/casa-wind-workflow-full/submit/poseidon/pegasus/casa-wind-full/run0136/00/00/unzip_ID0000011.meta,/mnt/poseidon-data/poseidon/workflows/casa-wind-workflow-full/submit/poseidon/pegasus/casa-wind-full/run0136/00/00/unzip_ID0000021.meta --insert /mnt/poseidon-data/poseidon/workflows/casa-wind-workflow-full/submit/poseidon/pegasus/casa-wind-full/run0136/00/00/register_condorpool_0_1.in",3.0,0,0,,,,,,,,,
post_vel_ID0000108,None,compute,0,1694344849.0,,,1694344854.0,1694344857.0,1694344869.0,33839621.8,1694344855.0,1694344886.0,1694344874.0,1694344877.0,4481.0,1694344886.0,1694344891.0,5.0,,1.0,31.0,5.0,12.0,177143937.0,3.0,13907.0,poseidon,condorpool,poseidon-worker-1-container-8-11,post_vel,/opt/netcdf2png/merged_netcdf2png,,0.1,0,0,,,,,,,,,
post_vel_ID0000008,None,compute,0,1694344849.0,,,1694344854.0,1694344857.0,1694344869.0,33629898.0,1694344855.0,1694344886.0,1694344874.0,1694344877.0,3558.0,1694344886.0,1694344891.0,5.0,,1.0,31.0,5.0,12.0,177143937.0,3.0,10982.0,poseidon,condorpool,poseidon-worker-2-container-40-43,post_vel,/opt/netcdf2png/merged_netcdf2png,,0.2,0,0,,,,,,,,,
mvt_ID0000009,None,compute,0,1694344849.0,,,1694344854.0,1694344857.0,1694344869.0,33481745.4,1694344856.0,1694344926.0,1694344914.0,1694344917.0,11520.0,1694344926.0,1694344931.0,5.0,,2.0,70.0,5.0,12.0,177143652.0,3.0,35429.0,poseidon,condorpool,poseidon-worker-2-container-24-27,mvt,/opt/mvt/mvt,,39.8,0,0,0.0,798723.0,20480.0,443.0,5.0,29.9,0.1,26624.1,1024.0
post_vel_ID0000018,None,compute,0,1694344849.0,,,1694344854.0,1694344857.0,1694344869.0,29107631.6,1694344855.0,1694344886.0,1694344875.0,1694344878.0,3703.0,1694344886.0,1694344891.0,5.0,,1.0,31.0,5.0,12.0,177143937.0,3.0,11645.0,poseidon,condorpool,poseidon-worker-1-container-24-27,post_vel,/opt/netcdf2png/merged_netcdf2png,,0.1,0,0,,,,,,,,,
mvt_ID0000019,None,compute,0,1694344849.0,,,1694344854.0,1694344857.0,1694344869.0,29141601.7,1694344855.0,1694344926.0,1694344914.0,1694344917.0,11680.0,1694344926.0,1694344931.0,5.0,,1.0,71.0,5.0,12.0,177143652.0,3.0,36245.0,poseidon,condorpool,poseidon-worker-1-container-36-39,mvt,/opt/mvt/mvt,,39.9,0,0,0.0,801479.0,20480.0,449.0,5.0,29.9,0.1,26716.0,1024.0
mvt_ID0000024,None,compute,0,1694344849.0,,,1694344854.0,1694344857.0,1694344868.0,29629207.0,1694344855.0,1694344926.0,1694344913.0,1694344917.0,9964.0,1694344926.0,1694344931.0,5.0,,1.0,71.0,5.0,11.0,177143652.0,4.0,30705.0,poseidon,condorpool,poseidon-worker-1-container-44-47,mvt,/opt/mvt/mvt,,39.9,0,0,0.0,804221.0,16384.0,455.0,4.0,29.9,0.1,26807.4,819.2
register_condorpool_0_2,None,auxiliary,0,1694344849.0,,,1694344854.0,,,0.0,1694344855.0,1694344860.0,,,0.0,1694344860.0,1694344865.0,5.0,,1.0,5.0,5.0,,,,,poseidon,local,poseidon-submit,pegasus::rc-client,/mnt/poseidon-data/poseidon/pegasus-5.1.0panorama/bin/pegasus-rc-client,"-n pegasus::rc-client -N null -R local  -L casa-wind-full -T 2023-09-08T07:29:05+00:00 /home/poseidon/pegasus-5.1.0panorama/bin/pegasus-rc-client --prefix pegasus.catalog.replica.output --conf /mnt/poseidon-data/poseidon/workflows/casa-wind-workflow-full/submit/poseidon/pegasus/casa-wind-full/run0136/pegasus.4807771866820749070.properties -v --meta /mnt/poseidon-data/poseidon/workflows/casa-wind-workflow-full/submit/poseidon/pegasus/casa-wind-full/run0136/00/00/unzip_ID0000001.meta,/mnt/poseidon-data/poseidon/workflows/casa-wind-workflow-full/submit/poseidon/pegasus/casa-wind-full/run0136/00/00/unzip_ID0000071.meta,/mnt/poseidon-data/poseidon/workflows/casa-wind-workflow-full/submit/poseidon/pegasus/casa-wind-full/run0136/00/00/unzip_ID0000076.meta,/mnt/poseidon-data/poseidon/workflows/casa-wind-workflow-full/submit/poseidon/pegasus/casa-wind-full/run0136/00/00/unzip_ID0000051.meta,/mnt/poseidon-data/poseidon/workflows/casa-wind-workflow-full/submit/poseidon/pegasus/casa-wind-full/run0136/00/00/unzip_ID0000026.meta,/mnt/poseidon-data/poseidon/workflows/casa-wind-workflow-full/submit/poseidon/pegasus/casa-wind-full/run0136/00/00/unzip_ID0000101.meta,/mnt/poseidon-data/poseidon/workflows/casa-wind-workflow-full/submit/poseidon/pegasus/casa-wind-full/run0136/00/00/unzip_ID0000006.meta,/mnt/poseidon-data/poseidon/workflows/casa-wind-workflow-full/submit/poseidon/pegasus/casa-wind-full/run0136/00/00/unzip_ID0000121.meta,/mnt/poseidon-data/poseidon/workflows/casa-wind-workflow-full/submit/poseidon/pegasus/casa-wind-full/run0136/00/00/unzip_ID0000111.meta,/mnt/poseidon-data/poseidon/workflows/casa-wind-workflow-full/submit/poseidon/pegasus/casa-wind-full/run0136/00/00/unzip_ID0000126.meta,/mnt/poseidon-data/poseidon/workflows/casa-wind-workflow-full/submit/poseidon/pegasus/casa-wind-full/run0136/00/00/unzip_ID0000046.meta,/mnt/poseidon-data/poseidon/workflows/casa-wind-workflow-full/submit/poseidon/pegasus/casa-wind-full/run0136/00/00/unzip_ID0000081.meta,/mnt/poseidon-data/poseidon/workflows/casa-wind-workflow-full/submit/poseidon/pegasus/casa-wind-full/run0136/00/00/unzip_ID0000096.meta,/mnt/poseidon-data/poseidon/workflows/casa-wind-workflow-full/submit/poseidon/pegasus/casa-wind-full/run0136/00/00/unzip_ID0000016.meta,/mnt/poseidon-data/poseidon/workflows/casa-wind-workflow-full/submit/poseidon/pegasus/casa-wind-full/run0136/00/00/unzip_ID0000041.meta,/mnt/poseidon-data/poseidon/workflows/casa-wind-workflow-full/submit/poseidon/pegasus/casa-wind-full/run0136/00/00/unzip_ID0000116.meta,/mnt/poseidon-data/poseidon/workflows/casa-wind-workflow-full/submit/poseidon/pegasus/casa-wind-full/run0136/00/00/unzip_ID0000036.meta,/mnt/poseidon-data/poseidon/workflows/casa-wind-workflow-full/submit/poseidon/pegasus/casa-wind-full/run0136/00/00/unzip_ID0000106.meta,/mnt/poseidon-data/poseidon/workflows/casa-wind-workflow-full/submit/poseidon/pegasus/casa-wind-full/run0136/00/00/unzip_ID0000031.meta,/mnt/poseidon-data/poseidon/workflows/casa-wind-workflow-full/submit/poseidon/pegasus/casa-wind-full/run0136/00/00/unzip_ID0000091.meta,/mnt/poseidon-data/poseidon/workflows/casa-wind-workflow-full/submit/poseidon/pegasus/casa-wind-full/run0136/00/00/unzip_ID0000061.meta,/mnt/poseidon-data/poseidon/workflows/casa-wind-workflow-full/submit/poseidon/pegasus/casa-wind-full/run0136/00/00/unzip_ID0000066.meta,/mnt/poseidon-data/poseidon/workflows/casa-wind-workflow-full/submit/poseidon/pegasus/casa-wind-full/run0136/00/00/unzip_ID0000056.meta,/mnt/poseidon-data/poseidon/workflows/casa-wind-workflow-full/submit/poseidon/pegasus/casa-wind-full/run0136/00/00/unzip_ID0000086.meta,/mnt/poseidon-data/poseidon/workflows/casa-wind-workflow-full/submit/poseidon/pegasus/casa-wind-full/run0136/00/00/unzip_ID0000011.meta,/mnt/poseidon-data/poseidon/workflows/casa-wind-workflow-full/submit/poseidon/pegasus/casa-wind-full/run0136/00/00/unzip_ID0000021.meta --insert /mnt/poseidon-data/poseidon/workflows/casa-wind-workflow-full/submit/poseidon/pegasus/casa-wind-full/run0136/00/00/register_condorpool_0_2.in",3.1,0,0,,,,,,,,,
stage_out_local_condorpool_1_1,None,transfer,0,1694344854.0,,,1694344859.0,,,0.0,1694344860.0,1694344865.0,,,0.0,1694344865.0,1694344870.0,5.0,,1.0,5.0,5.0,,,,,poseidon,local,poseidon-submit,pegasus::transfer,/mnt/poseidon-data/poseidon/pegasus-5.1.0panorama/bin/pegasus-transfer,/home/poseidon/pegasus-5.1.0panorama/bin/../bin/pegasus-kickstart  -n pegasus::transfer -N null -i - -R local  -L casa-wind-full -T 2023-09-08T07:29:05+00:00 /home/poseidon/pegasus-5.1.0panorama/bin/../bin/pegasus-transfer  --threads 2,0.9,0,0,,,,,,,,,
post_vel_ID0000033,None,compute,0,1694344854.0,,,1694344859.0,1694344868.0,1694344879.0,28987241.6,1694344865.0,1694344896.0,1694344885.0,1694344888.0,3762.0,1694344896.0,1694344901.0,5.0,,6.0,31.0,5.0,11.0,177143937.0,3.0,11464.0,poseidon,condorpool,poseidon-worker-1-container-20-23,post_vel,/opt/netcdf2png/merged_netcdf2png,,0.1,0,0,,,,,,,,,
stage_out_local_condorpool_1_2,None,transfer,0,1694344854.0,,,1694344859.0,,,0.0,1694344860.0,1694344865.0,,,0.0,1694344865.0,1694344870.0,5.0,,1.0,5.0,5.0,,,,,poseidon,local,poseidon-submit,pegasus::transfer,/mnt/poseidon-data/poseidon/pegasus-5.1.0panorama/bin/pegasus-transfer,/home/poseidon/pegasus-5.1.0panorama/bin/../bin/pegasus-kickstart  -n pegasus::transfer -N null -i - -R local  -L casa-wind-full -T 2023-09-08T07:29:05+00:00 /home/poseidon/pegasus-5.1.0panorama/bin/../bin/pegasus-transfer  --threads 2,0.8,0,0,,,,,,,,,
post_vel_ID0000103,None,compute,0,1694344854.0,,,1694344859.0,1694344867.0,1694344883.0,17610430.1,1694344865.0,1694344901.0,1694344889.0,1694344892.0,4528.0,1694344901.0,1694344906.0,5.0,,6.0,36.0,5.0,16.0,177143937.0,3.0,13815.0,poseidon,condorpool,poseidon-worker-1-container-4-7,post_vel,/opt/netcdf2png/merged_netcdf2png,,0.1,0,0,,,,,,,,,
post_vel_ID0000083,None,compute,0,1694344854.0,,,1694344859.0,1694344868.0,1694344879.0,33361034.8,1694344865.0,1694344896.0,1694344884.0,1694344887.0,4130.0,1694344896.0,1694344901.0,5.0,,6.0,31.0,5.0,11.0,177143937.0,3.0,12720.0,poseidon,condorpool,poseidon-worker-1-container-32-35,post_vel,/opt/netcdf2png/merged_netcdf2png,,0.1,0,0,,,,,,,,,
mvt_ID0000084,None,compute,0,1694344854.0,,,1694344859.0,1694344868.0,1694344880.0,27771775.7,1694344866.0,1694344936.0,1694344925.0,1694344928.0,15432.0,1694344936.0,1694344941.0,5.0,,7.0,70.0,5.0,12.0,177143652.0,3.0,47998.0,poseidon,condorpool,poseidon-worker-1-container-16-19,mvt,/opt/mvt/mvt,,39.8,0,0,0.0,823503.0,24576.0,497.0,6.0,29.9,0.1,27450.1,1228.8
mvt_ID0000034,None,compute,0,1694344854.0,,,1694344859.0,1694344868.0,1694344879.0,33184278.2,1694344866.0,1694344936.0,1694344924.0,1694344927.0,9935.0,1694344936.0,1694344941.0,5.0,,7.0,70.0,5.0,11.0,177143652.0,3.0,30976.0,poseidon,condorpool,poseidon-worker-1-container-12-15,mvt,/opt/mvt/mvt,,39.8,0,0,0.0,822123.0,16384.0,494.0,4.0,29.9,0.1,27404.1,819.2
mvt_ID0000044,None,compute,0,1694344854.0,,,1694344859.0,1694344867.0,1694344879.0,28807167.2,1694344865.0,1694344936.0,1694344924.0,1694344927.0,8994.0,1694344936.0,1694344941.0,5.0,,6.0,71.0,5.0,12.0,177143652.0,3.0,28113.0,poseidon,condorpool,poseidon-worker-1-container-40-43,mvt,/opt/mvt/mvt,,39.8,0,0,0.0,824892.0,12288.0,500.0,3.0,29.9,0.1,27496.4,1228.8
mvt_ID0000104,None,compute,0,1694344854.0,,,1694344859.0,1694344868.0,1694344879.0,33129652.8,1694344865.0,1694344936.0,1694344924.0,1694344927.0,19178.0,1694344936.0,1694344941.0,5.0,,6.0,71.0,5.0,11.0,177143652.0,3.0,59590.0,poseidon,condorpool,poseidon-worker-2-container-40-43,mvt,/opt/mvt/mvt,,39.6,0,0,0.0,819443.0,32768.0,488.0,8.0,29.9,0.1,27314.8,3276.8
post_vel_ID0000063,None,compute,0,1694344854.0,,,1694344859.0,1694344867.0,1694344880.0,26417990.7,1694344865.0,1694344896.0,1694344885.0,1694344888.0,3754.0,1694344896.0,1694344901.0,5.0,,6.0,31.0,5.0,13.0,177143937.0,3.0,11628.0,poseidon,condorpool,poseidon-worker-1-container-44-47,post_vel,/opt/netcdf2png/merged_netcdf2png,,0.1,0,0,,,,,,,,,
post_vel_ID0000093,None,compute,0,1694344854.0,,,1694344860.0,1694344868.0,1694344881.0,24448935.0,1694344866.0,1694344896.0,1694344886.0,1694344889.0,4271.0,1694344896.0,1694344901.0,6.0,,6.0,30.0,5.0,13.0,177143937.0,3.0,13303.0,poseidon,condorpool,poseidon-worker-2-container-8-11,post_vel,/opt/netcdf2png/merged_netcdf2png,,0.1,0,0,,,,,,,,,
mvt_ID0000094,None,compute,0,1694344854.0,,,1694344860.0,1694344868.0,1694344880.0,29151382.0,1694344865.0,1694344936.0,1694344925.0,1694344928.0,16811.0,1694344936.0,1694344941.0,6.0,,5.0,71.0,5.0,12.0,177143652.0,3.0,52407.0,poseidon,condorpool,poseidon-worker-2-container-4-7,mvt,/opt/mvt/mvt,,39.6,0,0,0.0,789138.0,28672.0,422.0,7.0,29.9,0.1,26304.6,1433.6
mvt_ID0000124,None,compute,0,1694344854.0,,,1694344859.0,1694344867.0,1694344881.0,22131963.0,1694344865.0,1694344936.0,1694344926.0,1694344929.0,22774.0,1694344936.0,1694344941.0,5.0,,6.0,71.0,5.0,14.0,177143652.0,3.0,70564.0,poseidon,condorpool,poseidon-worker-2-container-36-39,mvt,/opt/mvt/mvt,,40.1,0,0,0.0,795767.0,40960.0,443.0,10.0,39.9,0.1,19894.2,4096.0
post_vel_ID0000003,None,compute,0,1694344854.0,,,1694344859.0,1694344867.0,1694344880.0,26499533.0,1694344865.0,1694344896.0,1694344885.0,1694344888.0,3519.0,1694344896.0,1694344901.0,5.0,,6.0,31.0,5.0,13.0,177143937.0,3.0,10865.0,poseidon,condorpool,poseidon-worker-2-container-12-15,post_vel,/opt/netcdf2png/merged_netcdf2png,,0.2,0,0,,,,,,,,,
mvt_ID0000054,None,compute,0,1694344854.0,,,1694344859.0,1694344868.0,1694344883.0,19035930.1,1694344866.0,1694344941.0,1694344928.0,1694344931.0,9244.0,1694344941.0,1694344946.0,5.0,,7.0,75.0,5.0,15.0,177143652.0,3.0,28552.0,poseidon,condorpool,poseidon-worker-1-container-24-27,mvt,/opt/mvt/mvt,,39.7,0,0,0.0,793352.0,12288.0,431.0,3.0,29.9,0.1,26445.1,1228.8
post_vel_ID0000053,None,compute,0,1694344854.0,,,1694344859.0,1694344867.0,1694344879.0,26757403.4,1694344865.0,1694344896.0,1694344885.0,1694344888.0,3560.0,1694344896.0,1694344901.0,5.0,,6.0,31.0,5.0,12.0,177143937.0,3.0,11004.0,poseidon,condorpool,poseidon-worker-1-container-28-31,post_vel,/opt/netcdf2png/merged_netcdf2png,,0.1,0,0,,,,,,,,,
post_vel_ID0000073,None,compute,0,1694344854.0,,,1694344860.0,1694344868.0,1694344880.0,26017410.3,1694344865.0,1694344896.0,1694344886.0,1694344889.0,3851.0,1694344896.0,1694344901.0,6.0,,5.0,31.0,5.0,12.0,177143937.0,3.0,11825.0,poseidon,condorpool,poseidon-worker-2-container-20-23,post_vel,/opt/netcdf2png/merged_netcdf2png,,0.1,0,0,,,,,,,,,
mvt_ID0000074,None,compute,0,1694344854.0,,,1694344860.0,1694344867.0,1694344879.0,30933279.0,1694344865.0,1694344936.0,1694344924.0,1694344927.0,12441.0,1694344936.0,1694344941.0,6.0,,5.0,71.0,5.0,12.0,177143652.0,3.0,38855.0,poseidon,condorpool,poseidon-worker-1-container-8-11,mvt,/opt/mvt/mvt,,39.8,0,0,0.0,791939.0,20480.0,428.0,5.0,29.9,0.1,26398.0,1024.0
post_vel_ID0000043,None,compute,0,1694344854.0,,,1694344859.0,1694344868.0,1694344880.0,25749944.3,1694344865.0,1694344896.0,1694344886.0,1694344889.0,3553.0,1694344896.0,1694344901.0,5.0,,6.0,31.0,5.0,12.0,177143937.0,3.0,11050.0,poseidon,condorpool,poseidon-worker-2-container-44-47,post_vel,/opt/netcdf2png/merged_netcdf2png,,0.1,0,0,,,,,,,,,
post_vel_ID0000113,None,compute,0,1694344854.0,,,1694344859.0,1694344868.0,1694344880.0,24444734.3,1694344865.0,1694344896.0,1694344886.0,1694344889.0,4740.0,1694344896.0,1694344901.0,5.0,,6.0,31.0,5.0,12.0,177143937.0,3.0,14745.0,poseidon,condorpool,poseidon-worker-2-container-24-27,post_vel,/opt/netcdf2png/merged_netcdf2png,,0.1,0,0,,,,,,,,,
mvt_ID0000114,None,compute,0,1694344854.0,,,1694344859.0,1694344867.0,1694344879.0,33517973.0,1694344865.0,1694344936.0,1694344923.0,1694344926.0,23735.0,1694344936.0,1694344941.0,5.0,,6.0,71.0,5.0,12.0,177143652.0,3.0,73234.0,poseidon,condorpool,poseidon-worker-1-container-0-3,mvt,/opt/mvt/mvt,,39.3,0,0,0.0,826142.0,40960.0,503.0,10.0,30.0,0.0,27538.1,4096.0
post_vel_ID0000058,None,compute,0,1694344854.0,,,1694344859.0,1694344867.0,1694344881.0,22777723.4,1694344865.0,1694344896.0,1694344886.0,1694344889.0,3585.0,1694344896.0,1694344901.0,5.0,,6.0,31.0,5.0,14.0,177143937.0,3.0,10981.0,poseidon,condorpool,poseidon-worker-2-container-32-35,post_vel,/opt/netcdf2png/merged_netcdf2png,,0.1,0,0,,,,,,,,,
mvt_ID0000059,None,compute,0,1694344854.0,,,1694344859.0,1694344868.0,1694344880.0,29974176.4,1694344866.0,1694344936.0,1694344925.0,1694344928.0,9084.0,1694344936.0,1694344941.0,5.0,,7.0,70.0,5.0,12.0,177143652.0,3.0,28164.0,poseidon,condorpool,poseidon-worker-2-container-28-31,mvt,/opt/mvt/mvt,,39.6,0,0,0.0,820760.0,12288.0,491.0,3.0,29.9,0.1,27358.7,1228.8
mvt_ID0000064,None,compute,0,1694344854.0,,,1694344859.0,1694344868.0,1694344879.0,34141272.8,1694344866.0,1694344936.0,1694344924.0,1694344927.0,9893.0,1694344936.0,1694344941.0,5.0,,7.0,70.0,5.0,11.0,177143652.0,3.0,31148.0,poseidon,condorpool,poseidon-worker-2-container-0-3,mvt,/opt/mvt/mvt,,39.6,0,0,0.0,791891.0,16384.0,428.0,4.0,29.9,0.1,26396.4,819.2
mvt_ID0000004,None,compute,0,1694344854.0,,,1694344860.0,1694344868.0,1694344885.0,16546267.0,1694344865.0,1694344941.0,1694344930.0,1694344933.0,9269.0,1694344941.0,1694344946.0,6.0,,5.0,76.0,5.0,17.0,177143652.0,3.0,28781.0,poseidon,condorpool,poseidon-worker-2-container-16-19,mvt,/opt/mvt/mvt,,39.2,0,0,0.0,819380.0,16384.0,488.0,4.0,29.7,0.1,27312.7,819.2
post_vel_ID0000123,None,compute,0,1694344854.0,,,1694344859.0,1694344868.0,1694344880.0,26757215.3,1694344865.0,1694344896.0,1694344885.0,1694344888.0,4760.0,1694344896.0,1694344901.0,5.0,,6.0,31.0,5.0,12.0,177143937.0,3.0,14777.0,poseidon,condorpool,poseidon-worker-1-container-36-39,post_vel,/opt/netcdf2png/merged_netcdf2png,,0.1,0,0,,,,,,,,,
mvt_ID0000069,None,compute,0,1694344860.0,,,1694344865.0,1694344875.0,1694344886.0,31852499.0,1694344873.0,1694344941.0,1694344931.0,1694344934.0,11442.0,1694344941.0,1694344946.0,5.0,,8.0,68.0,5.0,11.0,177143652.0,3.0,35309.0,poseidon,condorpool,poseidon-worker-1-container-4-7,mvt,/opt/mvt/mvt,,39.5,0,0,0.0,828862.0,16384.0,509.0,4.0,29.9,0.1,27628.7,819.2
post_vel_ID0000068,None,compute,0,1694344860.0,,,1694344865.0,1694344875.0,1694344886.0,29754877.5,1694344873.0,1694344901.0,1694344891.0,1694344894.0,3765.0,1694344901.0,1694344906.0,5.0,,8.0,28.0,5.0,11.0,177143937.0,3.0,11398.0,poseidon,condorpool,poseidon-worker-1-container-32-35,post_vel,/opt/netcdf2png/merged_netcdf2png,,0.1,0,0,,,,,,,,,
stage_out_local_condorpool_1_0,None,transfer,0,1694344860.0,,,1694344865.0,,,0.0,1694344865.0,1694344870.0,,,0.0,1694344870.0,1694344875.0,5.0,,0.0,5.0,5.0,,,,,poseidon,local,poseidon-submit,pegasus::transfer,/mnt/poseidon-data/poseidon/pegasus-5.1.0panorama/bin/pegasus-transfer,/home/poseidon/pegasus-5.1.0panorama/bin/../bin/pegasus-kickstart  -n pegasus::transfer -N null -i - -R local  -L casa-wind-full -T 2023-09-08T07:29:05+00:00 /home/poseidon/pegasus-5.1.0panorama/bin/../bin/pegasus-transfer  --threads 2,0.9,0,0,,,,,,,,,
register_condorpool_1_1,None,auxiliary,0,1694344870.0,,,1694344896.0,,,0.0,1694344897.0,1694344901.0,,,0.0,1694344901.0,1694344906.0,26.0,,1.0,4.0,5.0,,,,,poseidon,local,poseidon-submit,pegasus::rc-client,/mnt/poseidon-data/poseidon/pegasus-5.1.0panorama/bin/pegasus-rc-client,"-n pegasus::rc-client -N null -R local  -L casa-wind-full -T 2023-09-08T07:29:05+00:00 /home/poseidon/pegasus-5.1.0panorama/bin/pegasus-rc-client --prefix pegasus.catalog.replica.output --conf /mnt/poseidon-data/poseidon/workflows/casa-wind-workflow-full/submit/poseidon/pegasus/casa-wind-full/run0136/pegasus.4807771866820749070.properties -v --meta /mnt/poseidon-data/poseidon/workflows/casa-wind-workflow-full/submit/poseidon/pegasus/casa-wind-full/run0136/00/00/um_vel_ID0000097.meta,/mnt/poseidon-data/poseidon/workflows/casa-wind-workflow-full/submit/poseidon/pegasus/casa-wind-full/run0136/00/01/um_vel_ID0000047.meta,/mnt/poseidon-data/poseidon/workflows/casa-wind-workflow-full/submit/poseidon/pegasus/casa-wind-full/run0136/00/00/um_vel_ID0000087.meta,/mnt/poseidon-data/poseidon/workflows/casa-wind-workflow-full/submit/poseidon/pegasus/casa-wind-full/run0136/00/01/um_vel_ID0000007.meta,/mnt/poseidon-data/poseidon/workflows/casa-wind-workflow-full/submit/poseidon/pegasus/casa-wind-full/run0136/00/00/um_vel_ID0000082.meta,/mnt/poseidon-data/poseidon/workflows/casa-wind-workflow-full/submit/poseidon/pegasus/casa-wind-full/run0136/00/01/um_vel_ID0000072.meta,/mnt/poseidon-data/poseidon/workflows/casa-wind-workflow-full/submit/poseidon/pegasus/casa-wind-full/run0136/00/01/um_vel_ID0000102.meta,/mnt/poseidon-data/poseidon/workflows/casa-wind-workflow-full/submit/poseidon/pegasus/casa-wind-full/run0136/00/00/um_vel_ID0000017.meta,/mnt/poseidon-data/poseidon/workflows/casa-wind-workflow-full/submit/poseidon/pegasus/casa-wind-full/run0136/00/01/um_vel_ID0000037.meta --insert /mnt/poseidon-data/poseidon/workflows/casa-wind-workflow-full/submit/poseidon/pegasus/casa-wind-full/run0136/00/01/register_condorpool_1_1.in",2.7,0,0,,,,,,,,,
register_condorpool_1_2,None,auxiliary,0,1694344870.0,,,1694344875.0,,,0.0,1694344876.0,1694344881.0,,,0.0,1694344881.0,1694344886.0,5.0,,1.0,5.0,5.0,,,,,poseidon,local,poseidon-submit,pegasus::rc-client,/mnt/poseidon-data/poseidon/pegasus-5.1.0panorama/bin/pegasus-rc-client,"-n pegasus::rc-client -N null -R local  -L casa-wind-full -T 2023-09-08T07:29:05+00:00 /home/poseidon/pegasus-5.1.0panorama/bin/pegasus-rc-client --prefix pegasus.catalog.replica.output --conf /mnt/poseidon-data/poseidon/workflows/casa-wind-workflow-full/submit/poseidon/pegasus/casa-wind-full/run0136/pegasus.4807771866820749070.properties -v --meta /mnt/poseidon-data/poseidon/workflows/casa-wind-workflow-full/submit/poseidon/pegasus/casa-wind-full/run0136/00/01/um_vel_ID0000112.meta,/mnt/poseidon-data/poseidon/workflows/casa-wind-workflow-full/submit/poseidon/pegasus/casa-wind-full/run0136/00/01/um_vel_ID0000062.meta,/mnt/poseidon-data/poseidon/workflows/casa-wind-workflow-full/submit/poseidon/pegasus/casa-wind-full/run0136/00/00/um_vel_ID0000117.meta,/mnt/poseidon-data/poseidon/workflows/casa-wind-workflow-full/submit/poseidon/pegasus/casa-wind-full/run0136/00/00/um_vel_ID0000012.meta,/mnt/poseidon-data/poseidon/workflows/casa-wind-workflow-full/submit/poseidon/pegasus/casa-wind-full/run0136/00/01/um_vel_ID0000107.meta,/mnt/poseidon-data/poseidon/workflows/casa-wind-workflow-full/submit/poseidon/pegasus/casa-wind-full/run0136/00/00/um_vel_ID0000002.meta,/mnt/poseidon-data/poseidon/workflows/casa-wind-workflow-full/submit/poseidon/pegasus/casa-wind-full/run0136/00/01/um_vel_ID0000052.meta,/mnt/poseidon-data/poseidon/workflows/casa-wind-workflow-full/submit/poseidon/pegasus/casa-wind-full/run0136/00/00/um_vel_ID0000032.meta --insert /mnt/poseidon-data/poseidon/workflows/casa-wind-workflow-full/submit/poseidon/pegasus/casa-wind-full/run0136/00/01/register_condorpool_1_2.in",2.7,0,0,,,,,,,,,
register_condorpool_1_0,None,auxiliary,0,1694344875.0,,,1694344886.0,,,0.0,1694344886.0,1694344891.0,,,0.0,1694344891.0,1694344896.0,11.0,,0.0,5.0,5.0,,,,,poseidon,local,poseidon-submit,pegasus::rc-client,/mnt/poseidon-data/poseidon/pegasus-5.1.0panorama/bin/pegasus-rc-client,"-n pegasus::rc-client -N null -R local  -L casa-wind-full -T 2023-09-08T07:29:05+00:00 /home/poseidon/pegasus-5.1.0panorama/bin/pegasus-rc-client --prefix pegasus.catalog.replica.output --conf /mnt/poseidon-data/poseidon/workflows/casa-wind-workflow-full/submit/poseidon/pegasus/casa-wind-full/run0136/pegasus.4807771866820749070.properties -v --meta /mnt/poseidon-data/poseidon/workflows/casa-wind-workflow-full/submit/poseidon/pegasus/casa-wind-full/run0136/00/00/um_vel_ID0000022.meta,/mnt/poseidon-data/poseidon/workflows/casa-wind-workflow-full/submit/poseidon/pegasus/casa-wind-full/run0136/00/00/um_vel_ID0000027.meta,/mnt/poseidon-data/poseidon/workflows/casa-wind-workflow-full/submit/poseidon/pegasus/casa-wind-full/run0136/00/01/um_vel_ID0000057.meta,/mnt/poseidon-data/poseidon/workflows/casa-wind-workflow-full/submit/poseidon/pegasus/casa-wind-full/run0136/00/00/um_vel_ID0000122.meta,/mnt/poseidon-data/poseidon/workflows/casa-wind-workflow-full/submit/poseidon/pegasus/casa-wind-full/run0136/00/00/um_vel_ID0000127.meta,/mnt/poseidon-data/poseidon/workflows/casa-wind-workflow-full/submit/poseidon/pegasus/casa-wind-full/run0136/00/00/um_vel_ID0000092.meta,/mnt/poseidon-data/poseidon/workflows/casa-wind-workflow-full/submit/poseidon/pegasus/casa-wind-full/run0136/00/01/um_vel_ID0000067.meta,/mnt/poseidon-data/poseidon/workflows/casa-wind-workflow-full/submit/poseidon/pegasus/casa-wind-full/run0136/00/01/um_vel_ID0000077.meta,/mnt/poseidon-data/poseidon/workflows/casa-wind-workflow-full/submit/poseidon/pegasus/casa-wind-full/run0136/00/01/um_vel_ID0000042.meta --insert /mnt/poseidon-data/poseidon/workflows/casa-wind-workflow-full/submit/poseidon/pegasus/casa-wind-full/run0136/00/01/register_condorpool_1_0.in",2.7,0,0,,,,,,,,,
point_alert_ID0000040,None,compute,0,1694344921.0,,,1694344926.0,1694344929.0,1694344940.0,33901471.4,1694344928.0,1694344956.0,1694344946.0,1694344949.0,6528.0,1694344956.0,1694344961.0,5.0,,2.0,28.0,5.0,11.0,176642369.0,3.0,20558.0,poseidon,condorpool,poseidon-worker-2-container-24-27,point_alert,/opt/pointAlert/pointAlert,,0.0,0,0,,,,,,,,,
point_alert_ID0000120,None,compute,0,1694344921.0,,,1694344926.0,1694344929.0,1694344940.0,29576282.0,1694344928.0,1694344956.0,1694344946.0,1694344949.0,6986.0,1694344956.0,1694344961.0,5.0,,2.0,28.0,5.0,11.0,176673508.0,3.0,21998.0,poseidon,condorpool,poseidon-worker-2-container-40-43,point_alert,/opt/pointAlert/pointAlert,,0.0,0,0,,,,,,,,,
point_alert_ID0000090,None,compute,0,1694344921.0,,,1694344926.0,1694344929.0,1694344941.0,29646154.0,1694344928.0,1694344956.0,1694344946.0,1694344949.0,6694.0,1694344956.0,1694344961.0,5.0,,2.0,28.0,5.0,12.0,176656458.0,3.0,20638.0,poseidon,condorpool,poseidon-worker-1-container-20-23,point_alert,/opt/pointAlert/pointAlert,,0.0,0,0,,,,,,,,,
point_alert_ID0000015,None,compute,0,1694344926.0,,,1694344931.0,1694344934.0,1694344945.0,31971079.0,1694344932.0,1694344961.0,1694344950.0,1694344954.0,6499.0,1694344961.0,1694344966.0,5.0,,1.0,29.0,5.0,11.0,176639974.0,4.0,20558.0,poseidon,condorpool,poseidon-worker-2-container-28-31,point_alert,/opt/pointAlert/pointAlert,,0.0,0,0,,,,,,,,,
point_alert_ID0000100,None,compute,0,1694344926.0,,,1694344931.0,1694344934.0,1694344945.0,29716229.0,1694344932.0,1694344961.0,1694344950.0,1694344953.0,6382.0,1694344961.0,1694344966.0,5.0,,1.0,29.0,5.0,11.0,176658101.0,3.0,20638.0,poseidon,condorpool,poseidon-worker-1-container-40-43,point_alert,/opt/pointAlert/pointAlert,,0.0,0,0,,,,,,,,,
point_alert_ID0000080,None,compute,0,1694344926.0,,,1694344931.0,1694344934.0,1694344945.0,34710289.2,1694344932.0,1694344961.0,1694344950.0,1694344953.0,6556.0,1694344961.0,1694344966.0,5.0,,1.0,29.0,5.0,11.0,176653320.0,3.0,20718.0,poseidon,condorpool,poseidon-worker-1-container-16-19,point_alert,/opt/pointAlert/pointAlert,,0.0,0,0,,,,,,,,,
point_alert_ID0000130,None,compute,0,1694344926.0,,,1694344931.0,1694344934.0,1694344945.0,29686958.0,1694344932.0,1694344961.0,1694344950.0,1694344953.0,7126.0,1694344961.0,1694344966.0,5.0,,1.0,29.0,5.0,11.0,176672472.0,3.0,23118.0,poseidon,condorpool,poseidon-worker-1-container-0-3,point_alert,/opt/pointAlert/pointAlert,,0.0,0,0,,,,,,,,,
point_alert_ID0000010,None,compute,0,1694344931.0,,,1694344936.0,1694344939.0,1694344950.0,33679228.4,1694344937.0,1694344966.0,1694344955.0,1694344958.0,6577.0,1694344966.0,1694344971.0,5.0,,1.0,29.0,5.0,11.0,176643412.0,3.0,20478.0,poseidon,condorpool,poseidon-worker-2-container-32-35,point_alert,/opt/pointAlert/pointAlert,,0.0,0,0,,,,,,,,,
point_alert_ID0000025,None,compute,0,1694344931.0,,,1694344936.0,1694344939.0,1694344950.0,33691697.0,1694344937.0,1694344966.0,1694344955.0,1694344958.0,6392.0,1694344966.0,1694344971.0,5.0,,1.0,29.0,5.0,11.0,176638688.0,3.0,20078.0,poseidon,condorpool,poseidon-worker-2-container-4-7,point_alert,/opt/pointAlert/pointAlert,,0.0,0,0,,,,,,,,,
point_alert_ID0000050,None,compute,0,1694344931.0,,,1694344936.0,1694344939.0,1694344950.0,29601371.0,1694344938.0,1694344966.0,1694344955.0,1694344958.0,6696.0,1694344966.0,1694344971.0,5.0,,2.0,28.0,5.0,11.0,176632091.0,3.0,20878.0,poseidon,condorpool,poseidon-worker-1-container-0-3,point_alert,/opt/pointAlert/pointAlert,,0.0,0,0,,,,,,,,,
point_alert_ID0000110,None,compute,0,1694344931.0,,,1694344936.0,1694344939.0,1694344950.0,33712750.2,1694344937.0,1694344966.0,1694344955.0,1694344958.0,6686.0,1694344966.0,1694344971.0,5.0,,1.0,29.0,5.0,11.0,176667937.0,3.0,21038.0,poseidon,condorpool,poseidon-worker-1-container-8-11,point_alert,/opt/pointAlert/pointAlert,,0.0,0,0,,,,,,,,,
point_alert_ID0000030,None,compute,0,1694344931.0,,,1694344936.0,1694344939.0,1694344950.0,31811795.8,1694344937.0,1694344966.0,1694344955.0,1694344959.0,6445.0,1694344966.0,1694344971.0,5.0,,1.0,29.0,5.0,11.0,176646324.0,4.0,20158.0,poseidon,condorpool,poseidon-worker-2-container-16-19,point_alert,/opt/pointAlert/pointAlert,,0.0,0,0,,,,,,,,,
point_alert_ID0000020,None,compute,0,1694344931.0,,,1694344936.0,1694344939.0,1694344950.0,29575741.0,1694344937.0,1694344966.0,1694344955.0,1694344958.0,6531.0,1694344966.0,1694344971.0,5.0,,1.0,29.0,5.0,11.0,176644228.0,3.0,20478.0,poseidon,condorpool,poseidon-worker-2-container-28-31,point_alert,/opt/pointAlert/pointAlert,,0.0,0,0,,,,,,,,,
point_alert_ID0000105,None,compute,0,1694344941.0,,,1694344946.0,1694344950.0,1694344961.0,28186718.8,1694344948.0,1694344976.0,1694344966.0,1694344970.0,6790.0,1694344976.0,1694344981.0,5.0,,2.0,28.0,5.0,11.0,176667573.0,4.0,21278.0,poseidon,condorpool,poseidon-worker-2-container-36-39,point_alert,/opt/pointAlert/pointAlert,,0.0,0,0,,,,,,,,,
stage_out_local_condorpool_2_0,None,transfer,0,1694344941.0,,,1694344946.0,,,0.0,1694344947.0,1694344951.0,,,0.0,1694344951.0,1694344956.0,5.0,,1.0,4.0,5.0,,,,,poseidon,local,poseidon-submit,pegasus::transfer,/mnt/poseidon-data/poseidon/pegasus-5.1.0panorama/bin/pegasus-transfer,/home/poseidon/pegasus-5.1.0panorama/bin/../bin/pegasus-kickstart  -n pegasus::transfer -N null -i - -R local  -L casa-wind-full -T 2023-09-08T07:29:05+00:00 /home/poseidon/pegasus-5.1.0panorama/bin/../bin/pegasus-transfer  --threads 2,1.0,0,0,,,,,,,,,
stage_out_local_condorpool_2_2,None,transfer,0,1694344941.0,,,1694344946.0,,,0.0,1694344947.0,1694344951.0,,,0.0,1694344951.0,1694344956.0,5.0,,1.0,4.0,5.0,,,,,poseidon,local,poseidon-submit,pegasus::transfer,/mnt/poseidon-data/poseidon/pegasus-5.1.0panorama/bin/pegasus-transfer,/home/poseidon/pegasus-5.1.0panorama/bin/../bin/pegasus-kickstart  -n pegasus::transfer -N null -i - -R local  -L casa-wind-full -T 2023-09-08T07:29:05+00:00 /home/poseidon/pegasus-5.1.0panorama/bin/../bin/pegasus-transfer  --threads 2,0.9,0,0,,,,,,,,,
stage_out_local_condorpool_2_3,None,transfer,0,1694344941.0,,,1694344946.0,,,0.0,1694344947.0,1694344951.0,,,0.0,1694344951.0,1694344956.0,5.0,,1.0,4.0,5.0,,,,,poseidon,local,poseidon-submit,pegasus::transfer,/mnt/poseidon-data/poseidon/pegasus-5.1.0panorama/bin/pegasus-transfer,/home/poseidon/pegasus-5.1.0panorama/bin/../bin/pegasus-kickstart  -n pegasus::transfer -N null -i - -R local  -L casa-wind-full -T 2023-09-08T07:29:05+00:00 /home/poseidon/pegasus-5.1.0panorama/bin/../bin/pegasus-transfer  --threads 2,1.0,0,0,,,,,,,,,
point_alert_ID0000045,None,compute,0,1694344941.0,,,1694344946.0,1694344950.0,1694344961.0,34228530.2,1694344948.0,1694344976.0,1694344966.0,1694344969.0,6586.0,1694344976.0,1694344981.0,5.0,,2.0,28.0,5.0,11.0,176636096.0,3.0,20798.0,poseidon,condorpool,poseidon-worker-1-container-16-19,point_alert,/opt/pointAlert/pointAlert,,0.0,0,0,,,,,,,,,
point_alert_ID0000060,None,compute,0,1694344941.0,,,1694344946.0,1694344950.0,1694344961.0,32960204.2,1694344948.0,1694344976.0,1694344966.0,1694344969.0,6545.0,1694344976.0,1694344981.0,5.0,,2.0,28.0,5.0,11.0,176636147.0,3.0,20878.0,poseidon,condorpool,poseidon-worker-1-container-44-47,point_alert,/opt/pointAlert/pointAlert,,0.0,0,0,,,,,,,,,
point_alert_ID0000035,None,compute,0,1694344941.0,,,1694344946.0,1694344950.0,1694344961.0,29486171.5,1694344948.0,1694344976.0,1694344966.0,1694344969.0,6436.0,1694344976.0,1694344981.0,5.0,,2.0,28.0,5.0,11.0,176638959.0,3.0,20078.0,poseidon,condorpool,poseidon-worker-1-container-4-7,point_alert,/opt/pointAlert/pointAlert,,0.0,0,0,,,,,,,,,
point_alert_ID0000085,None,compute,0,1694344941.0,,,1694344946.0,1694344950.0,1694344961.0,33370896.2,1694344948.0,1694344976.0,1694344966.0,1694344969.0,6706.0,1694344976.0,1694344981.0,5.0,,2.0,28.0,5.0,11.0,176655981.0,3.0,21118.0,poseidon,condorpool,poseidon-worker-1-container-28-31,point_alert,/opt/pointAlert/pointAlert,,0.0,0,0,,,,,,,,,
point_alert_ID0000125,None,compute,0,1694344941.0,,,1694344946.0,1694344950.0,1694344960.0,29537261.5,1694344948.0,1694344976.0,1694344966.0,1694344969.0,7295.0,1694344976.0,1694344981.0,5.0,,2.0,28.0,5.0,10.0,176678547.0,3.0,22878.0,poseidon,condorpool,poseidon-worker-2-container-40-43,point_alert,/opt/pointAlert/pointAlert,,0.0,0,0,,,,,,,,,
point_alert_ID0000095,None,compute,0,1694344941.0,,,1694344946.0,1694344949.0,1694344961.0,32811688.2,1694344948.0,1694344976.0,1694344966.0,1694344969.0,6557.0,1694344976.0,1694344981.0,5.0,,2.0,28.0,5.0,12.0,176660390.0,3.0,20718.0,poseidon,condorpool,poseidon-worker-1-container-12-15,point_alert,/opt/pointAlert/pointAlert,,0.0,0,0,,,,,,,,,
point_alert_ID0000065,None,compute,0,1694344941.0,,,1694344946.0,1694344950.0,1694344960.0,29525492.5,1694344948.0,1694344976.0,1694344966.0,1694344969.0,6430.0,1694344976.0,1694344981.0,5.0,,2.0,28.0,5.0,10.0,176639131.0,3.0,20238.0,poseidon,condorpool,poseidon-worker-2-container-16-19,point_alert,/opt/pointAlert/pointAlert,,0.0,0,0,,,,,,,,,
point_alert_ID0000075,None,compute,0,1694344941.0,,,1694344946.0,1694344950.0,1694344961.0,26753585.8,1694344948.0,1694344976.0,1694344967.0,1694344970.0,6619.0,1694344976.0,1694344981.0,5.0,,2.0,28.0,5.0,11.0,176646838.0,3.0,20558.0,poseidon,condorpool,poseidon-worker-1-container-24-27,point_alert,/opt/pointAlert/pointAlert,,0.0,0,0,,,,,,,,,
point_alert_ID0000115,None,compute,0,1694344941.0,,,1694344946.0,1694344950.0,1694344961.0,29750422.5,1694344948.0,1694344976.0,1694344966.0,1694344969.0,6868.0,1694344976.0,1694344981.0,5.0,,2.0,28.0,5.0,11.0,176681217.0,3.0,21598.0,poseidon,condorpool,poseidon-worker-2-container-0-3,point_alert,/opt/pointAlert/pointAlert,,0.0,0,0,,,,,,,,,
point_alert_ID0000070,None,compute,0,1694344946.0,,,1694344951.0,1694344957.0,1694344967.0,29624006.0,1694344955.0,1694344986.0,1694344973.0,1694344976.0,6633.0,1694344986.0,1694344991.0,5.0,,4.0,31.0,5.0,10.0,176643292.0,3.0,20558.0,poseidon,condorpool,poseidon-worker-2-container-24-27,point_alert,/opt/pointAlert/pointAlert,,0.0,0,0,,,,,,,,,
stage_out_local_condorpool_2_4,None,transfer,0,1694344946.0,,,1694344951.0,,,0.0,1694344952.0,1694344961.0,,,0.0,1694344961.0,1694344966.0,5.0,,1.0,9.0,5.0,,,,,poseidon,local,poseidon-submit,pegasus::transfer,/mnt/poseidon-data/poseidon/pegasus-5.1.0panorama/bin/pegasus-transfer,/home/poseidon/pegasus-5.1.0panorama/bin/../bin/pegasus-kickstart  -n pegasus::transfer -N null -i - -R local  -L casa-wind-full -T 2023-09-08T07:29:05+00:00 /home/poseidon/pegasus-5.1.0panorama/bin/../bin/pegasus-transfer  --threads 2,0.9,0,0,,,,,,,,,
stage_out_local_condorpool_2_5,None,transfer,0,1694344946.0,,,1694344951.0,,,0.0,1694344952.0,1694344961.0,,,0.0,1694344961.0,1694344966.0,5.0,,1.0,9.0,5.0,,,,,poseidon,local,poseidon-submit,pegasus::transfer,/mnt/poseidon-data/poseidon/pegasus-5.1.0panorama/bin/pegasus-transfer,/home/poseidon/pegasus-5.1.0panorama/bin/../bin/pegasus-kickstart  -n pegasus::transfer -N null -i - -R local  -L casa-wind-full -T 2023-09-08T07:29:05+00:00 /home/poseidon/pegasus-5.1.0panorama/bin/../bin/pegasus-transfer  --threads 2,0.9,0,0,,,,,,,,,
stage_out_local_condorpool_2_1,None,transfer,0,1694344946.0,,,1694344951.0,,,0.0,1694344952.0,1694344961.0,,,0.0,1694344961.0,1694344966.0,5.0,,1.0,9.0,5.0,,,,,poseidon,local,poseidon-submit,pegasus::transfer,/mnt/poseidon-data/poseidon/pegasus-5.1.0panorama/bin/pegasus-transfer,/home/poseidon/pegasus-5.1.0panorama/bin/../bin/pegasus-kickstart  -n pegasus::transfer -N null -i - -R local  -L casa-wind-full -T 2023-09-08T07:29:05+00:00 /home/poseidon/pegasus-5.1.0panorama/bin/../bin/pegasus-transfer  --threads 2,0.9,0,0,,,,,,,,,
point_alert_ID0000005,None,compute,0,1694344946.0,,,1694344951.0,1694344957.0,1694344967.0,29631453.0,1694344955.0,1694344986.0,1694344973.0,1694344976.0,6629.0,1694344986.0,1694344991.0,5.0,,4.0,31.0,5.0,10.0,176636764.0,3.0,20398.0,poseidon,condorpool,poseidon-worker-2-container-40-43,point_alert,/opt/pointAlert/pointAlert,,0.0,0,0,,,,,,,,,
point_alert_ID0000055,None,compute,0,1694344946.0,,,1694344951.0,1694344954.0,1694344965.0,29691778.5,1694344953.0,1694344981.0,1694344971.0,1694344974.0,6732.0,1694344981.0,1694344986.0,5.0,,2.0,28.0,5.0,11.0,176636535.0,3.0,20638.0,poseidon,condorpool,poseidon-worker-1-container-40-43,point_alert,/opt/pointAlert/pointAlert,,0.0,0,0,,,,,,,,,
register_condorpool_2_2,None,auxiliary,0,1694344956.0,,,1694344971.0,,,0.0,1694344972.0,1694344976.0,,,0.0,1694344976.0,1694344981.0,15.0,,1.0,4.0,5.0,,,,,poseidon,local,poseidon-submit,pegasus::rc-client,/mnt/poseidon-data/poseidon/pegasus-5.1.0panorama/bin/pegasus-rc-client,"-n pegasus::rc-client -N null -R local  -L casa-wind-full -T 2023-09-08T07:29:05+00:00 /home/poseidon/pegasus-5.1.0panorama/bin/pegasus-rc-client --prefix pegasus.catalog.replica.output --conf /mnt/poseidon-data/poseidon/workflows/casa-wind-workflow-full/submit/poseidon/pegasus/casa-wind-full/run0136/pegasus.4807771866820749070.properties -v --meta /mnt/poseidon-data/poseidon/workflows/casa-wind-workflow-full/submit/poseidon/pegasus/casa-wind-full/run0136/00/01/mvt_ID0000019.meta,/mnt/poseidon-data/poseidon/workflows/casa-wind-workflow-full/submit/poseidon/pegasus/casa-wind-full/run0136/00/01/mvt_ID0000099.meta,/mnt/poseidon-data/poseidon/workflows/casa-wind-workflow-full/submit/poseidon/pegasus/casa-wind-full/run0136/00/01/post_vel_ID0000008.meta,/mnt/poseidon-data/poseidon/workflows/casa-wind-workflow-full/submit/poseidon/pegasus/casa-wind-full/run0136/00/02/mvt_ID0000039.meta,/mnt/poseidon-data/poseidon/workflows/casa-wind-workflow-full/submit/poseidon/pegasus/casa-wind-full/run0136/00/02/mvt_ID0000049.meta,/mnt/poseidon-data/poseidon/workflows/casa-wind-workflow-full/submit/poseidon/pegasus/casa-wind-full/run0136/00/02/post_vel_ID0000073.meta,/mnt/poseidon-data/poseidon/workflows/casa-wind-workflow-full/submit/poseidon/pegasus/casa-wind-full/run0136/00/01/post_vel_ID0000088.meta,/mnt/poseidon-data/poseidon/workflows/casa-wind-workflow-full/submit/poseidon/pegasus/casa-wind-full/run0136/00/02/mvt_ID0000104.meta,/mnt/poseidon-data/poseidon/workflows/casa-wind-workflow-full/submit/poseidon/pegasus/casa-wind-full/run0136/00/01/post_vel_ID0000083.meta --insert /mnt/poseidon-data/poseidon/workflows/casa-wind-workflow-full/submit/poseidon/pegasus/casa-wind-full/run0136/00/02/register_condorpool_2_2.in",2.6,0,0,,,,,,,,,
register_condorpool_2_0,None,auxiliary,0,1694344956.0,,,1694344961.0,,,0.0,1694344961.0,1694344966.0,,,0.0,1694344966.0,1694344971.0,5.0,,0.0,5.0,5.0,,,,,poseidon,local,poseidon-submit,pegasus::rc-client,/mnt/poseidon-data/poseidon/pegasus-5.1.0panorama/bin/pegasus-rc-client,"-n pegasus::rc-client -N null -R local  -L casa-wind-full -T 2023-09-08T07:29:05+00:00 /home/poseidon/pegasus-5.1.0panorama/bin/pegasus-rc-client --prefix pegasus.catalog.replica.output --conf /mnt/poseidon-data/poseidon/workflows/casa-wind-workflow-full/submit/poseidon/pegasus/casa-wind-full/run0136/pegasus.4807771866820749070.properties -v --meta /mnt/poseidon-data/poseidon/workflows/casa-wind-workflow-full/submit/poseidon/pegasus/casa-wind-full/run0136/00/02/mvt_ID0000044.meta,/mnt/poseidon-data/poseidon/workflows/casa-wind-workflow-full/submit/poseidon/pegasus/casa-wind-full/run0136/00/01/post_vel_ID0000068.meta,/mnt/poseidon-data/poseidon/workflows/casa-wind-workflow-full/submit/poseidon/pegasus/casa-wind-full/run0136/00/01/mvt_ID0000129.meta,/mnt/poseidon-data/poseidon/workflows/casa-wind-workflow-full/submit/poseidon/pegasus/casa-wind-full/run0136/00/02/post_vel_ID0000058.meta,/mnt/poseidon-data/poseidon/workflows/casa-wind-workflow-full/submit/poseidon/pegasus/casa-wind-full/run0136/00/01/mvt_ID0000029.meta,/mnt/poseidon-data/poseidon/workflows/casa-wind-workflow-full/submit/poseidon/pegasus/casa-wind-full/run0136/00/02/post_vel_ID0000078.meta,/mnt/poseidon-data/poseidon/workflows/casa-wind-workflow-full/submit/poseidon/pegasus/casa-wind-full/run0136/00/01/post_vel_ID0000123.meta,/mnt/poseidon-data/poseidon/workflows/casa-wind-workflow-full/submit/poseidon/pegasus/casa-wind-full/run0136/00/01/post_vel_ID0000023.meta,/mnt/poseidon-data/poseidon/workflows/casa-wind-workflow-full/submit/poseidon/pegasus/casa-wind-full/run0136/00/01/post_vel_ID0000093.meta --insert /mnt/poseidon-data/poseidon/workflows/casa-wind-workflow-full/submit/poseidon/pegasus/casa-wind-full/run0136/00/02/register_condorpool_2_0.in",2.7,0,0,,,,,,,,,
register_condorpool_2_3,None,auxiliary,0,1694344956.0,,,1694344981.0,,,0.0,1694344981.0,1694344986.0,,,0.0,1694344986.0,1694344991.0,25.0,,0.0,5.0,5.0,,,,,poseidon,local,poseidon-submit,pegasus::rc-client,/mnt/poseidon-data/poseidon/pegasus-5.1.0panorama/bin/pegasus-rc-client,"-n pegasus::rc-client -N null -R local  -L casa-wind-full -T 2023-09-08T07:29:05+00:00 /home/poseidon/pegasus-5.1.0panorama/bin/pegasus-rc-client --prefix pegasus.catalog.replica.output --conf /mnt/poseidon-data/poseidon/workflows/casa-wind-workflow-full/submit/poseidon/pegasus/casa-wind-full/run0136/pegasus.4807771866820749070.properties -v --meta /mnt/poseidon-data/poseidon/workflows/casa-wind-workflow-full/submit/poseidon/pegasus/casa-wind-full/run0136/00/01/mvt_ID0000084.meta,/mnt/poseidon-data/poseidon/workflows/casa-wind-workflow-full/submit/poseidon/pegasus/casa-wind-full/run0136/00/02/post_vel_ID0000038.meta,/mnt/poseidon-data/poseidon/workflows/casa-wind-workflow-full/submit/poseidon/pegasus/casa-wind-full/run0136/00/01/mvt_ID0000009.meta,/mnt/poseidon-data/poseidon/workflows/casa-wind-workflow-full/submit/poseidon/pegasus/casa-wind-full/run0136/00/01/post_vel_ID0000098.meta,/mnt/poseidon-data/poseidon/workflows/casa-wind-workflow-full/submit/poseidon/pegasus/casa-wind-full/run0136/00/02/mvt_ID0000074.meta,/mnt/poseidon-data/poseidon/workflows/casa-wind-workflow-full/submit/poseidon/pegasus/casa-wind-full/run0136/00/02/post_vel_ID0000048.meta,/mnt/poseidon-data/poseidon/workflows/casa-wind-workflow-full/submit/poseidon/pegasus/casa-wind-full/run0136/00/01/mvt_ID0000089.meta,/mnt/poseidon-data/poseidon/workflows/casa-wind-workflow-full/submit/poseidon/pegasus/casa-wind-full/run0136/00/01/post_vel_ID0000018.meta,/mnt/poseidon-data/poseidon/workflows/casa-wind-workflow-full/submit/poseidon/pegasus/casa-wind-full/run0136/00/02/post_vel_ID0000103.meta --insert /mnt/poseidon-data/poseidon/workflows/casa-wind-workflow-full/submit/poseidon/pegasus/casa-wind-full/run0136/00/02/register_condorpool_2_3.in",2.8,0,0,,,,,,,,,
register_condorpool_2_1,None,auxiliary,0,1694344966.0,,,1694345031.0,,,0.0,1694345032.0,1694345036.0,,,0.0,1694345036.0,1694345042.0,65.0,,1.0,4.0,6.0,,,,,poseidon,local,poseidon-submit,pegasus::rc-client,/mnt/poseidon-data/poseidon/pegasus-5.1.0panorama/bin/pegasus-rc-client,"-n pegasus::rc-client -N null -R local  -L casa-wind-full -T 2023-09-08T07:29:05+00:00 /home/poseidon/pegasus-5.1.0panorama/bin/pegasus-rc-client --prefix pegasus.catalog.replica.output --conf /mnt/poseidon-data/poseidon/workflows/casa-wind-workflow-full/submit/poseidon/pegasus/casa-wind-full/run0136/pegasus.4807771866820749070.properties -v --meta /mnt/poseidon-data/poseidon/workflows/casa-wind-workflow-full/submit/poseidon/pegasus/casa-wind-full/run0136/00/01/mvt_ID0000124.meta,/mnt/poseidon-data/poseidon/workflows/casa-wind-workflow-full/submit/poseidon/pegasus/casa-wind-full/run0136/00/01/mvt_ID0000094.meta,/mnt/poseidon-data/poseidon/workflows/casa-wind-workflow-full/submit/poseidon/pegasus/casa-wind-full/run0136/00/02/mvt_ID0000059.meta,/mnt/poseidon-data/poseidon/workflows/casa-wind-workflow-full/submit/poseidon/pegasus/casa-wind-full/run0136/00/02/mvt_ID0000079.meta,/mnt/poseidon-data/poseidon/workflows/casa-wind-workflow-full/submit/poseidon/pegasus/casa-wind-full/run0136/00/01/mvt_ID0000024.meta,/mnt/poseidon-data/poseidon/workflows/casa-wind-workflow-full/submit/poseidon/pegasus/casa-wind-full/run0136/00/01/post_vel_ID0000028.meta,/mnt/poseidon-data/poseidon/workflows/casa-wind-workflow-full/submit/poseidon/pegasus/casa-wind-full/run0136/00/01/post_vel_ID0000128.meta,/mnt/poseidon-data/poseidon/workflows/casa-wind-workflow-full/submit/poseidon/pegasus/casa-wind-full/run0136/00/02/post_vel_ID0000043.meta,/mnt/poseidon-data/poseidon/workflows/casa-wind-workflow-full/submit/poseidon/pegasus/casa-wind-full/run0136/00/01/mvt_ID0000069.meta --insert /mnt/poseidon-data/poseidon/workflows/casa-wind-workflow-full/submit/poseidon/pegasus/casa-wind-full/run0136/00/02/register_condorpool_2_1.in",2.6,0,0,,,,,,,,,
register_condorpool_2_4,None,auxiliary,0,1694344966.0,,,1694344991.0,,,0.0,1694344992.0,1694344996.0,,,0.0,1694344996.0,1694345001.0,25.0,,1.0,4.0,5.0,,,,,poseidon,local,poseidon-submit,pegasus::rc-client,/mnt/poseidon-data/poseidon/pegasus-5.1.0panorama/bin/pegasus-rc-client,"-n pegasus::rc-client -N null -R local  -L casa-wind-full -T 2023-09-08T07:29:05+00:00 /home/poseidon/pegasus-5.1.0panorama/bin/pegasus-rc-client --prefix pegasus.catalog.replica.output --conf /mnt/poseidon-data/poseidon/workflows/casa-wind-workflow-full/submit/poseidon/pegasus/casa-wind-full/run0136/pegasus.4807771866820749070.properties -v --meta /mnt/poseidon-data/poseidon/workflows/casa-wind-workflow-full/submit/poseidon/pegasus/casa-wind-full/run0136/00/02/post_vel_ID0000113.meta,/mnt/poseidon-data/poseidon/workflows/casa-wind-workflow-full/submit/poseidon/pegasus/casa-wind-full/run0136/00/02/mvt_ID0000054.meta,/mnt/poseidon-data/poseidon/workflows/casa-wind-workflow-full/submit/poseidon/pegasus/casa-wind-full/run0136/00/01/post_vel_ID0000013.meta,/mnt/poseidon-data/poseidon/workflows/casa-wind-workflow-full/submit/poseidon/pegasus/casa-wind-full/run0136/00/01/post_vel_ID0000063.meta,/mnt/poseidon-data/poseidon/workflows/casa-wind-workflow-full/submit/poseidon/pegasus/casa-wind-full/run0136/00/01/post_vel_ID0000033.meta,/mnt/poseidon-data/poseidon/workflows/casa-wind-workflow-full/submit/poseidon/pegasus/casa-wind-full/run0136/00/02/post_vel_ID0000108.meta,/mnt/poseidon-data/poseidon/workflows/casa-wind-workflow-full/submit/poseidon/pegasus/casa-wind-full/run0136/00/01/post_vel_ID0000003.meta,/mnt/poseidon-data/poseidon/workflows/casa-wind-workflow-full/submit/poseidon/pegasus/casa-wind-full/run0136/00/01/post_vel_ID0000118.meta --insert /mnt/poseidon-data/poseidon/workflows/casa-wind-workflow-full/submit/poseidon/pegasus/casa-wind-full/run0136/00/02/register_condorpool_2_4.in",2.6,0,0,,,,,,,,,
register_condorpool_2_5,None,auxiliary,0,1694344966.0,,,1694345041.0,,,0.0,1694345042.0,1694345047.0,,,0.0,1694345047.0,1694345052.0,75.0,,1.0,5.0,5.0,,,,,poseidon,local,poseidon-submit,pegasus::rc-client,/mnt/poseidon-data/poseidon/pegasus-5.1.0panorama/bin/pegasus-rc-client,"-n pegasus::rc-client -N null -R local  -L casa-wind-full -T 2023-09-08T07:29:05+00:00 /home/poseidon/pegasus-5.1.0panorama/bin/pegasus-rc-client --prefix pegasus.catalog.replica.output --conf /mnt/poseidon-data/poseidon/workflows/casa-wind-workflow-full/submit/poseidon/pegasus/casa-wind-full/run0136/pegasus.4807771866820749070.properties -v --meta /mnt/poseidon-data/poseidon/workflows/casa-wind-workflow-full/submit/poseidon/pegasus/casa-wind-full/run0136/00/01/mvt_ID0000004.meta,/mnt/poseidon-data/poseidon/workflows/casa-wind-workflow-full/submit/poseidon/pegasus/casa-wind-full/run0136/00/02/mvt_ID0000109.meta,/mnt/poseidon-data/poseidon/workflows/casa-wind-workflow-full/submit/poseidon/pegasus/casa-wind-full/run0136/00/01/mvt_ID0000014.meta,/mnt/poseidon-data/poseidon/workflows/casa-wind-workflow-full/submit/poseidon/pegasus/casa-wind-full/run0136/00/01/mvt_ID0000064.meta,/mnt/poseidon-data/poseidon/workflows/casa-wind-workflow-full/submit/poseidon/pegasus/casa-wind-full/run0136/00/01/mvt_ID0000034.meta,/mnt/poseidon-data/poseidon/workflows/casa-wind-workflow-full/submit/poseidon/pegasus/casa-wind-full/run0136/00/01/mvt_ID0000119.meta,/mnt/poseidon-data/poseidon/workflows/casa-wind-workflow-full/submit/poseidon/pegasus/casa-wind-full/run0136/00/02/mvt_ID0000114.meta,/mnt/poseidon-data/poseidon/workflows/casa-wind-workflow-full/submit/poseidon/pegasus/casa-wind-full/run0136/00/02/post_vel_ID0000053.meta --insert /mnt/poseidon-data/poseidon/workflows/casa-wind-workflow-full/submit/poseidon/pegasus/casa-wind-full/run0136/00/02/register_condorpool_2_5.in",2.6,0,0,,,,,,,,,
stage_out_local_condorpool_3_1,None,transfer,0,1694344981.0,,,1694344986.0,,,0.0,1694344986.0,1694344991.0,,,0.0,1694344991.0,1694344996.0,5.0,,0.0,5.0,5.0,,,,,poseidon,local,poseidon-submit,pegasus::transfer,/mnt/poseidon-data/poseidon/pegasus-5.1.0panorama/bin/pegasus-transfer,/home/poseidon/pegasus-5.1.0panorama/bin/../bin/pegasus-kickstart  -n pegasus::transfer -N null -i - -R local  -L casa-wind-full -T 2023-09-08T07:29:05+00:00 /home/poseidon/pegasus-5.1.0panorama/bin/../bin/pegasus-transfer  --threads 2,0.9,0,0,,,,,,,,,
stage_out_local_condorpool_3_2,None,transfer,0,1694344991.0,,,1694344996.0,,,0.0,1694344997.0,1694345001.0,,,0.0,1694345001.0,1694345006.0,5.0,,1.0,4.0,5.0,,,,,poseidon,local,poseidon-submit,pegasus::transfer,/mnt/poseidon-data/poseidon/pegasus-5.1.0panorama/bin/pegasus-transfer,/home/poseidon/pegasus-5.1.0panorama/bin/../bin/pegasus-kickstart  -n pegasus::transfer -N null -i - -R local  -L casa-wind-full -T 2023-09-08T07:29:05+00:00 /home/poseidon/pegasus-5.1.0panorama/bin/../bin/pegasus-transfer  --threads 2,0.8,0,0,,,,,,,,,
stage_out_local_condorpool_3_0,None,transfer,0,1694344991.0,,,1694344996.0,,,0.0,1694344997.0,1694345001.0,,,0.0,1694345001.0,1694345006.0,5.0,,1.0,4.0,5.0,,,,,poseidon,local,poseidon-submit,pegasus::transfer,/mnt/poseidon-data/poseidon/pegasus-5.1.0panorama/bin/pegasus-transfer,/home/poseidon/pegasus-5.1.0panorama/bin/../bin/pegasus-kickstart  -n pegasus::transfer -N null -i - -R local  -L casa-wind-full -T 2023-09-08T07:29:05+00:00 /home/poseidon/pegasus-5.1.0panorama/bin/../bin/pegasus-transfer  --threads 2,0.9,0,0,,,,,,,,,
register_condorpool_3_1,None,auxiliary,0,1694344996.0,,,1694345001.0,,,0.0,1694345002.0,1694345006.0,,,0.0,1694345006.0,1694345011.0,5.0,,1.0,4.0,5.0,,,,,poseidon,local,poseidon-submit,pegasus::rc-client,/mnt/poseidon-data/poseidon/pegasus-5.1.0panorama/bin/pegasus-rc-client,"-n pegasus::rc-client -N null -R local  -L casa-wind-full -T 2023-09-08T07:29:05+00:00 /home/poseidon/pegasus-5.1.0panorama/bin/pegasus-rc-client --prefix pegasus.catalog.replica.output --conf /mnt/poseidon-data/poseidon/workflows/casa-wind-workflow-full/submit/poseidon/pegasus/casa-wind-full/run0136/pegasus.4807771866820749070.properties -v --meta /mnt/poseidon-data/poseidon/workflows/casa-wind-workflow-full/submit/poseidon/pegasus/casa-wind-full/run0136/00/02/point_alert_ID0000020.meta,/mnt/poseidon-data/poseidon/workflows/casa-wind-workflow-full/submit/poseidon/pegasus/casa-wind-full/run0136/00/03/point_alert_ID0000040.meta,/mnt/poseidon-data/poseidon/workflows/casa-wind-workflow-full/submit/poseidon/pegasus/casa-wind-full/run0136/00/03/point_alert_ID0000050.meta,/mnt/poseidon-data/poseidon/workflows/casa-wind-workflow-full/submit/poseidon/pegasus/casa-wind-full/run0136/00/03/point_alert_ID0000105.meta,/mnt/poseidon-data/poseidon/workflows/casa-wind-workflow-full/submit/poseidon/pegasus/casa-wind-full/run0136/00/02/point_alert_ID0000100.meta,/mnt/poseidon-data/poseidon/workflows/casa-wind-workflow-full/submit/poseidon/pegasus/casa-wind-full/run0136/00/02/point_alert_ID0000085.meta,/mnt/poseidon-data/poseidon/workflows/casa-wind-workflow-full/submit/poseidon/pegasus/casa-wind-full/run0136/00/02/point_alert_ID0000010.meta,/mnt/poseidon-data/poseidon/workflows/casa-wind-workflow-full/submit/poseidon/pegasus/casa-wind-full/run0136/00/02/point_alert_ID0000075.meta,/mnt/poseidon-data/poseidon/workflows/casa-wind-workflow-full/submit/poseidon/pegasus/casa-wind-full/run0136/00/02/point_alert_ID0000090.meta --insert /mnt/poseidon-data/poseidon/workflows/casa-wind-workflow-full/submit/poseidon/pegasus/casa-wind-full/run0136/00/03/register_condorpool_3_1.in",2.6,0,0,,,,,,,,,
register_condorpool_3_2,None,auxiliary,0,1694345006.0,,,1694345021.0,,,0.0,1694345022.0,1694345026.0,,,0.0,1694345026.0,1694345031.0,15.0,,1.0,4.0,5.0,,,,,poseidon,local,poseidon-submit,pegasus::rc-client,/mnt/poseidon-data/poseidon/pegasus-5.1.0panorama/bin/pegasus-rc-client,"-n pegasus::rc-client -N null -R local  -L casa-wind-full -T 2023-09-08T07:29:05+00:00 /home/poseidon/pegasus-5.1.0panorama/bin/pegasus-rc-client --prefix pegasus.catalog.replica.output --conf /mnt/poseidon-data/poseidon/workflows/casa-wind-workflow-full/submit/poseidon/pegasus/casa-wind-full/run0136/pegasus.4807771866820749070.properties -v --meta /mnt/poseidon-data/poseidon/workflows/casa-wind-workflow-full/submit/poseidon/pegasus/casa-wind-full/run0136/00/02/point_alert_ID0000120.meta,/mnt/poseidon-data/poseidon/workflows/casa-wind-workflow-full/submit/poseidon/pegasus/casa-wind-full/run0136/00/02/point_alert_ID0000015.meta,/mnt/poseidon-data/poseidon/workflows/casa-wind-workflow-full/submit/poseidon/pegasus/casa-wind-full/run0136/00/02/point_alert_ID0000005.meta,/mnt/poseidon-data/poseidon/workflows/casa-wind-workflow-full/submit/poseidon/pegasus/casa-wind-full/run0136/00/02/point_alert_ID0000035.meta,/mnt/poseidon-data/poseidon/workflows/casa-wind-workflow-full/submit/poseidon/pegasus/casa-wind-full/run0136/00/03/point_alert_ID0000055.meta,/mnt/poseidon-data/poseidon/workflows/casa-wind-workflow-full/submit/poseidon/pegasus/casa-wind-full/run0136/00/02/point_alert_ID0000065.meta,/mnt/poseidon-data/poseidon/workflows/casa-wind-workflow-full/submit/poseidon/pegasus/casa-wind-full/run0136/00/02/point_alert_ID0000115.meta,/mnt/poseidon-data/poseidon/workflows/casa-wind-workflow-full/submit/poseidon/pegasus/casa-wind-full/run0136/00/03/point_alert_ID0000110.meta --insert /mnt/poseidon-data/poseidon/workflows/casa-wind-workflow-full/submit/poseidon/pegasus/casa-wind-full/run0136/00/03/register_condorpool_3_2.in",2.6,0,0,,,,,,,,,
register_condorpool_3_0,None,auxiliary,0,1694345006.0,,,1694345011.0,,,0.0,1694345011.0,1694345016.0,,,0.0,1694345016.0,1694345021.0,5.0,,0.0,5.0,5.0,,,,,poseidon,local,poseidon-submit,pegasus::rc-client,/mnt/poseidon-data/poseidon/pegasus-5.1.0panorama/bin/pegasus-rc-client,"-n pegasus::rc-client -N null -R local  -L casa-wind-full -T 2023-09-08T07:29:05+00:00 /home/poseidon/pegasus-5.1.0panorama/bin/pegasus-rc-client --prefix pegasus.catalog.replica.output --conf /mnt/poseidon-data/poseidon/workflows/casa-wind-workflow-full/submit/poseidon/pegasus/casa-wind-full/run0136/pegasus.4807771866820749070.properties -v --meta /mnt/poseidon-data/poseidon/workflows/casa-wind-workflow-full/submit/poseidon/pegasus/casa-wind-full/run0136/00/02/point_alert_ID0000070.meta,/mnt/poseidon-data/poseidon/workflows/casa-wind-workflow-full/submit/poseidon/pegasus/casa-wind-full/run0136/00/02/point_alert_ID0000095.meta,/mnt/poseidon-data/poseidon/workflows/casa-wind-workflow-full/submit/poseidon/pegasus/casa-wind-full/run0136/00/02/point_alert_ID0000025.meta,/mnt/poseidon-data/poseidon/workflows/casa-wind-workflow-full/submit/poseidon/pegasus/casa-wind-full/run0136/00/02/point_alert_ID0000125.meta,/mnt/poseidon-data/poseidon/workflows/casa-wind-workflow-full/submit/poseidon/pegasus/casa-wind-full/run0136/00/02/point_alert_ID0000080.meta,/mnt/poseidon-data/poseidon/workflows/casa-wind-workflow-full/submit/poseidon/pegasus/casa-wind-full/run0136/00/02/point_alert_ID0000130.meta,/mnt/poseidon-data/poseidon/workflows/casa-wind-workflow-full/submit/poseidon/pegasus/casa-wind-full/run0136/00/03/point_alert_ID0000060.meta,/mnt/poseidon-data/poseidon/workflows/casa-wind-workflow-full/submit/poseidon/pegasus/casa-wind-full/run0136/00/02/point_alert_ID0000030.meta,/mnt/poseidon-data/poseidon/workflows/casa-wind-workflow-full/submit/poseidon/pegasus/casa-wind-full/run0136/00/03/point_alert_ID0000045.meta --insert /mnt/poseidon-data/poseidon/workflows/casa-wind-workflow-full/submit/poseidon/pegasus/casa-wind-full/run0136/00/03/register_condorpool_3_0.in",2.6,0,0,,,,,,,,,
cleanup_casa-wind-full_0_condorpool,None,auxiliary,0,1694345006.0,,,1694345011.0,,,0.0,1694345011.0,1694345016.0,,,0.0,1694345016.0,1694345021.0,5.0,,0.0,5.0,5.0,,,,,poseidon,local,poseidon-submit,pegasus::cleanup,/mnt/poseidon-data/poseidon/pegasus-5.1.0panorama/bin/pegasus-transfer,pegasus-kickstart  -n pegasus::cleanup -N null -i - -R local  -L casa-wind-full -T 2023-09-08T07:29:05+00:00 pegasus-transfer,0.2,0,0,,,,,,,,,
