,anomaly_type,type,is_clustered,ready,pre_script_start,pre_script_end,submit,stage_in_start,stage_in_end,stage_in_effective_bytes_per_sec,execute_start,execute_end,stage_out_start,stage_out_end,stage_out_effective_bytes_per_sec,post_script_start,post_script_end,wms_delay,pre_script_delay,queue_delay,runtime,post_script_delay,stage_in_delay,stage_in_bytes,stage_out_delay,stage_out_bytes,kickstart_user,kickstart_site,kickstart_hostname,kickstart_transformations,kickstart_executables,kickstart_executables_argv,kickstart_executables_cpu_time,kickstart_status,kickstart_executables_exitcode,kickstart_online_iowait,kickstart_online_bytes_read,kickstart_online_bytes_written,kickstart_online_read_system_calls,kickstart_online_write_system_calls,kickstart_online_utime,kickstart_online_stime,kickstart_online_bytes_read_per_second,kickstart_online_bytes_written_per_second
create_dir_casa-wind-full_0_condorpool,None,auxiliary,0,1694251685.0,,,1694251686.0,,,0.0,1694251690.0,1694251696.0,,,0.0,1694251696.0,1694251701.0,1.0,,4.0,6.0,5.0,,,,,poseidon,local,poseidon-submit,pegasus::dirmanager,/mnt/poseidon-data/poseidon/pegasus-5.1.0panorama/bin/pegasus-transfer,pegasus-kickstart  -n pegasus::dirmanager -N null -i - -R local  -L casa-wind-full -T 2023-09-08T07:29:05+00:00 pegasus-transfer,0.3,0,0,,,,,,,,,
unzip_ID0000006,None,compute,0,1694251701.0,,,1694251707.0,1694251718.0,1694251725.0,31746611.0,1694251716.0,1694251752.0,1694251737.0,1694251746.0,56634802.0,1694251752.0,1694251757.0,6.0,,9.0,36.0,5.0,7.0,222753803.0,9.0,501616588.0,poseidon,condorpool,poseidon-worker-2-container-40-43,unzip,/usr/bin/gunzip,,3.7,0,0,,,,,,,,,
unzip_ID0000106,None,compute,0,1694251701.0,,,1694251707.0,1694251722.0,1694251730.0,29985070.0,1694251720.0,1694251767.0,1694251743.0,1694251758.0,33053188.0,1694251767.0,1694251772.0,6.0,,13.0,47.0,5.0,8.0,241199298.0,15.0,501821816.0,poseidon,condorpool,poseidon-worker-1-container-44-47,unzip,/usr/bin/gunzip,,4.1,0,0,,,,,,,,,
unzip_ID0000046,None,compute,0,1694251701.0,,,1694251707.0,1694251718.0,1694251724.0,37096721.0,1694251716.0,1694251752.0,1694251736.0,1694251745.0,59929784.0,1694251752.0,1694251757.0,6.0,,9.0,36.0,5.0,6.0,229692821.0,9.0,523855228.0,poseidon,condorpool,poseidon-worker-2-container-8-11,unzip,/usr/bin/gunzip,,3.8,0,0,,,,,,,,,
unzip_ID0000101,None,compute,0,1694251701.0,,,1694251707.0,1694251720.0,1694251729.0,25693218.0,1694251718.0,1694251767.0,1694251744.0,1694251758.0,39817281.0,1694251767.0,1694251772.0,6.0,,11.0,49.0,5.0,9.0,250988249.0,14.0,561551644.0,poseidon,condorpool,poseidon-worker-2-container-12-15,unzip,/usr/bin/gunzip,,4.4,0,0,,,,,,,,,
unzip_ID0000026,None,compute,0,1694251701.0,,,1694251707.0,1694251720.0,1694251728.0,28014516.0,1694251718.0,1694251762.0,1694251741.0,1694251753.0,40489966.0,1694251762.0,1694251767.0,6.0,,11.0,44.0,5.0,8.0,227963832.0,12.0,523917888.0,poseidon,condorpool,poseidon-worker-1-container-0-3,unzip,/usr/bin/gunzip,,4.1,0,0,,,,,,,,,
unzip_ID0000126,None,compute,0,1694251701.0,,,1694251707.0,1694251718.0,1694251728.0,26397591.0,1694251717.0,1694251762.0,1694251741.0,1694251755.0,36560643.0,1694251762.0,1694251767.0,6.0,,10.0,45.0,5.0,10.0,249343892.0,14.0,520618424.0,poseidon,condorpool,poseidon-worker-2-container-24-27,unzip,/usr/bin/gunzip,,4.2,0,0,,,,,,,,,
unzip_ID0000031,None,compute,0,1694251701.0,,,1694251707.0,1694251718.0,1694251728.0,25058403.0,1694251717.0,1694251762.0,1694251741.0,1694251756.0,35270382.0,1694251762.0,1694251767.0,6.0,,10.0,45.0,5.0,10.0,237517035.0,15.0,539438752.0,poseidon,condorpool,poseidon-worker-2-container-16-19,unzip,/usr/bin/gunzip,,4.1,0,0,,,,,,,,,
unzip_ID0000011,None,compute,0,1694251701.0,,,1694251706.0,1694251718.0,1694251727.0,24374850.0,1694251716.0,1694251762.0,1694251740.0,1694251753.0,42664267.0,1694251762.0,1694251767.0,5.0,,10.0,46.0,5.0,9.0,235998389.0,13.0,565205920.0,poseidon,condorpool,poseidon-worker-1-container-12-15,unzip,/usr/bin/gunzip,,4.2,0,0,,,,,,,,,
unzip_ID0000056,None,compute,0,1694251701.0,,,1694251706.0,1694251718.0,1694251726.0,29027691.0,1694251717.0,1694251757.0,1694251739.0,1694251749.0,50299541.0,1694251757.0,1694251762.0,5.0,,11.0,40.0,5.0,8.0,232139969.0,10.0,528026776.0,poseidon,condorpool,poseidon-worker-2-container-0-3,unzip,/usr/bin/gunzip,,4.1,0,0,,,,,,,,,
unzip_ID0000111,None,compute,0,1694251701.0,,,1694251706.0,1694251719.0,1694251729.0,25914668.0,1694251717.0,1694251767.0,1694251742.0,1694251757.0,37905163.0,1694251767.0,1694251772.0,5.0,,11.0,50.0,5.0,10.0,256320311.0,15.0,567950764.0,poseidon,condorpool,poseidon-worker-2-container-32-35,unzip,/usr/bin/gunzip,,4.4,0,0,,,,,,,,,
unzip_ID0000071,None,compute,0,1694251701.0,,,1694251706.0,1694251718.0,1694251727.0,26894842.0,1694251716.0,1694251762.0,1694251740.0,1694251756.0,33810297.0,1694251762.0,1694251767.0,5.0,,10.0,46.0,5.0,9.0,240896692.0,16.0,539506600.0,poseidon,condorpool,poseidon-worker-1-container-24-27,unzip,/usr/bin/gunzip,,4.2,0,0,,,,,,,,,
unzip_ID0000051,None,compute,0,1694251701.0,,,1694251706.0,1694251718.0,1694251728.0,23267384.0,1694251716.0,1694251762.0,1694251741.0,1694251756.0,35704426.0,1694251762.0,1694251767.0,5.0,,10.0,46.0,5.0,10.0,239630266.0,15.0,544301296.0,poseidon,condorpool,poseidon-worker-1-container-4-7,unzip,/usr/bin/gunzip,,4.2,0,0,,,,,,,,,
unzip_ID0000076,None,compute,0,1694251701.0,,,1694251706.0,1694251719.0,1694251727.0,29742686.0,1694251717.0,1694251757.0,1694251739.0,1694251751.0,43995303.0,1694251757.0,1694251762.0,5.0,,11.0,40.0,5.0,8.0,233747923.0,12.0,523942844.0,poseidon,condorpool,poseidon-worker-2-container-4-7,unzip,/usr/bin/gunzip,,4.1,0,0,,,,,,,,,
unzip_ID0000091,None,compute,0,1694251701.0,,,1694251706.0,1694251718.0,1694251728.0,26636904.0,1694251717.0,1694251762.0,1694251740.0,1694251754.0,39565293.0,1694251762.0,1694251767.0,5.0,,11.0,45.0,5.0,10.0,246447087.0,14.0,539109992.0,poseidon,condorpool,poseidon-worker-1-container-16-19,unzip,/usr/bin/gunzip,,4.3,0,0,,,,,,,,,
unzip_ID0000096,None,compute,0,1694251701.0,,,1694251706.0,1694251718.0,1694251725.0,31424276.0,1694251716.0,1694251757.0,1694251738.0,1694251748.0,54677316.0,1694251757.0,1694251762.0,5.0,,10.0,41.0,5.0,7.0,240753402.0,10.0,524013876.0,poseidon,condorpool,poseidon-worker-2-container-28-31,unzip,/usr/bin/gunzip,,4.1,0,0,,,,,,,,,
unzip_ID0000041,None,compute,0,1694251701.0,,,1694251706.0,1694251718.0,1694251728.0,24308887.0,1694251716.0,1694251762.0,1694251740.0,1694251755.0,37206211.0,1694251762.0,1694251767.0,5.0,,10.0,46.0,5.0,10.0,238944758.0,15.0,540768928.0,poseidon,condorpool,poseidon-worker-2-container-44-47,unzip,/usr/bin/gunzip,,4.2,0,0,,,,,,,,,
unzip_ID0000061,None,compute,0,1694251701.0,,,1694251706.0,1694251719.0,1694251728.0,26359206.0,1694251717.0,1694251767.0,1694251740.0,1694251761.0,25819392.0,1694251767.0,1694251772.0,5.0,,11.0,50.0,5.0,9.0,240463185.0,21.0,541945820.0,poseidon,condorpool,poseidon-worker-2-container-40-43,unzip,/usr/bin/gunzip,,4.2,0,0,,,,,,,,,
unzip_ID0000001,None,compute,0,1694251701.0,,,1694251706.0,1694251719.0,1694251727.0,29770998.0,1694251718.0,1694251762.0,1694251740.0,1694251755.0,36883338.0,1694251762.0,1694251767.0,5.0,,12.0,44.0,5.0,8.0,232473216.0,15.0,561354992.0,poseidon,condorpool,poseidon-worker-2-container-20-23,unzip,/usr/bin/gunzip,,4.2,0,0,,,,,,,,,
unzip_ID0000121,None,compute,0,1694251701.0,,,1694251706.0,1694251718.0,1694251728.0,25357092.0,1694251716.0,1694251762.0,1694251741.0,1694251754.0,42214477.0,1694251762.0,1694251767.0,5.0,,10.0,46.0,5.0,10.0,250860096.0,13.0,550782944.0,poseidon,condorpool,poseidon-worker-1-container-40-43,unzip,/usr/bin/gunzip,,4.3,0,0,,,,,,,,,
unzip_ID0000066,None,compute,0,1694251701.0,,,1694251706.0,1694251718.0,1694251725.0,35788180.0,1694251717.0,1694251752.0,1694251737.0,1694251746.0,58320248.0,1694251752.0,1694251757.0,5.0,,11.0,35.0,5.0,7.0,232031705.0,9.0,523661496.0,poseidon,condorpool,poseidon-worker-1-container-36-39,unzip,/usr/bin/gunzip,,3.9,0,0,,,,,,,,,
unzip_ID0000081,None,compute,0,1694251701.0,,,1694251706.0,1694251718.0,1694251726.0,28949470.0,1694251716.0,1694251767.0,1694251739.0,1694251757.0,29150857.0,1694251767.0,1694251772.0,5.0,,10.0,51.0,5.0,8.0,245619741.0,18.0,543190672.0,poseidon,condorpool,poseidon-worker-1-container-44-47,unzip,/usr/bin/gunzip,,4.2,0,0,,,,,,,,,
unzip_ID0000086,None,compute,0,1694251701.0,,,1694251706.0,1694251718.0,1694251727.0,25014129.0,1694251716.0,1694251757.0,1694251740.0,1694251751.0,49574668.0,1694251757.0,1694251762.0,5.0,,10.0,41.0,5.0,9.0,234836668.0,11.0,518838800.0,poseidon,condorpool,poseidon-worker-1-container-32-35,unzip,/usr/bin/gunzip,,4.1,0,0,,,,,,,,,
unzip_ID0000016,None,compute,0,1694251701.0,,,1694251706.0,1694251718.0,1694251726.0,26768067.0,1694251716.0,1694251762.0,1694251739.0,1694251755.0,31541651.0,1694251762.0,1694251767.0,5.0,,10.0,46.0,5.0,8.0,225238888.0,16.0,523826084.0,poseidon,condorpool,poseidon-worker-1-container-28-31,unzip,/usr/bin/gunzip,,4.0,0,0,,,,,,,,,
unzip_ID0000036,None,compute,0,1694251701.0,,,1694251706.0,1694251718.0,1694251726.0,26715894.0,1694251716.0,1694251757.0,1694251739.0,1694251749.0,51434799.0,1694251757.0,1694251762.0,5.0,,10.0,41.0,5.0,8.0,232020704.0,10.0,526952240.0,poseidon,condorpool,poseidon-worker-1-container-8-11,unzip,/usr/bin/gunzip,,4.0,0,0,,,,,,,,,
unzip_ID0000116,None,compute,0,1694251701.0,,,1694251706.0,1694251719.0,1694251728.0,27211298.0,1694251717.0,1694251762.0,1694251742.0,1694251755.0,38387823.0,1694251762.0,1694251767.0,5.0,,11.0,45.0,5.0,9.0,249255741.0,13.0,520850676.0,poseidon,condorpool,poseidon-worker-2-container-36-39,unzip,/usr/bin/gunzip,,4.2,0,0,,,,,,,,,
unzip_ID0000021,None,compute,0,1694251701.0,,,1694251706.0,1694251718.0,1694251727.0,27049887.0,1694251716.0,1694251762.0,1694251739.0,1694251756.0,31651983.0,1694251762.0,1694251767.0,5.0,,10.0,46.0,5.0,9.0,235136662.0,17.0,539178100.0,poseidon,condorpool,poseidon-worker-1-container-20-23,unzip,/usr/bin/gunzip,,4.1,0,0,,,,,,,,,
um_vel_ID0000007,None,compute,0,1694251757.0,,,1694251762.0,1694251765.0,1694251786.0,43225815.3,1694251763.0,1694251807.0,1694251795.0,1694251798.0,173689.0,1694251807.0,1694251812.0,5.0,,1.0,44.0,5.0,21.0,678203340.0,3.0,556900.0,poseidon,condorpool,poseidon-worker-2-container-16-19,um_vel,/opt/UM_VEL/UM_VEL,,1.8,0,0,,,,,,,,,
um_vel_ID0000047,None,compute,0,1694251757.0,,,1694251762.0,1694251765.0,1694251784.0,51816645.5,1694251763.0,1694251802.0,1694251793.0,1694251796.0,167651.0,1694251802.0,1694251807.0,5.0,,1.0,39.0,5.0,19.0,700441980.0,3.0,556900.0,poseidon,condorpool,poseidon-worker-1-container-0-3,um_vel,/opt/UM_VEL/UM_VEL,,1.7,0,0,,,,,,,,,
um_vel_ID0000067,None,compute,0,1694251757.0,,,1694251762.0,1694251765.0,1694251787.0,43605527.8,1694251763.0,1694251807.0,1694251795.0,1694251799.0,172625.0,1694251807.0,1694251812.0,5.0,,1.0,44.0,5.0,22.0,700248248.0,4.0,556900.0,poseidon,condorpool,poseidon-worker-1-container-8-11,um_vel,/opt/UM_VEL/UM_VEL,,1.8,0,0,,,,,,,,,
um_vel_ID0000097,None,compute,0,1694251762.0,,,1694251767.0,1694251770.0,1694251789.0,52108216.2,1694251768.0,1694251807.0,1694251798.0,1694251801.0,174145.0,1694251807.0,1694251812.0,5.0,,1.0,39.0,5.0,19.0,700600628.0,3.0,556900.0,poseidon,condorpool,poseidon-worker-1-container-16-19,um_vel,/opt/UM_VEL/UM_VEL,,1.8,0,0,,,,,,,,,
um_vel_ID0000057,None,compute,0,1694251762.0,,,1694251767.0,1694251770.0,1694251790.0,47771371.5,1694251768.0,1694251812.0,1694251799.0,1694251802.0,179193.0,1694251812.0,1694251817.0,5.0,,1.0,44.0,5.0,20.0,704613528.0,3.0,556900.0,poseidon,condorpool,poseidon-worker-2-container-36-39,um_vel,/opt/UM_VEL/UM_VEL,,1.8,0,0,,,,,,,,,
um_vel_ID0000037,None,compute,0,1694251762.0,,,1694251767.0,1694251770.0,1694251792.0,42633250.6,1694251768.0,1694251812.0,1694251800.0,1694251803.0,177201.0,1694251812.0,1694251817.0,5.0,,1.0,44.0,5.0,22.0,703538992.0,3.0,556900.0,poseidon,condorpool,poseidon-worker-1-container-44-47,um_vel,/opt/UM_VEL/UM_VEL,,1.7,0,0,,,,,,,,,
um_vel_ID0000077,None,compute,0,1694251762.0,,,1694251767.0,1694251770.0,1694251791.0,43817082.2,1694251768.0,1694251812.0,1694251800.0,1694251803.0,177111.0,1694251812.0,1694251817.0,5.0,,1.0,44.0,5.0,21.0,700529596.0,3.0,556900.0,poseidon,condorpool,poseidon-worker-1-container-20-23,um_vel,/opt/UM_VEL/UM_VEL,,1.7,0,0,,,,,,,,,
um_vel_ID0000087,None,compute,0,1694251762.0,,,1694251767.0,1694251770.0,1694251791.0,44369416.3,1694251768.0,1694251812.0,1694251799.0,1694251803.0,178541.0,1694251812.0,1694251817.0,5.0,,1.0,44.0,5.0,21.0,695425552.0,4.0,556900.0,poseidon,condorpool,poseidon-worker-2-container-12-15,um_vel,/opt/UM_VEL/UM_VEL,,1.7,0,0,,,,,,,,,
um_vel_ID0000072,None,compute,0,1694251767.0,,,1694251772.0,1694251780.0,1694251799.0,54574980.8,1694251779.0,1694251817.0,1694251808.0,1694251811.0,177986.0,1694251817.0,1694251822.0,5.0,,7.0,38.0,5.0,19.0,716093352.0,3.0,556900.0,poseidon,condorpool,poseidon-worker-2-container-40-43,um_vel,/opt/UM_VEL/UM_VEL,,1.7,0,0,,,,,,,,,
um_vel_ID0000032,None,compute,0,1694251767.0,,,1694251772.0,1694251775.0,1694251800.0,37891199.6,1694251774.0,1694251817.0,1694251808.0,1694251812.0,175767.0,1694251817.0,1694251822.0,5.0,,2.0,43.0,5.0,25.0,716025504.0,4.0,556900.0,poseidon,condorpool,poseidon-worker-1-container-4-7,um_vel,/opt/UM_VEL/UM_VEL,,1.7,0,0,,,,,,,,,
um_vel_ID0000027,None,compute,0,1694251767.0,,,1694251772.0,1694251775.0,1694251798.0,41844127.0,1694251774.0,1694251817.0,1694251806.0,1694251809.0,179277.0,1694251817.0,1694251822.0,5.0,,2.0,43.0,5.0,23.0,700504640.0,3.0,556900.0,poseidon,condorpool,poseidon-worker-1-container-40-43,um_vel,/opt/UM_VEL/UM_VEL,,1.7,0,0,,,,,,,,,
um_vel_ID0000012,None,compute,0,1694251767.0,,,1694251772.0,1694251775.0,1694251802.0,35834324.1,1694251774.0,1694251822.0,1694251810.0,1694251813.0,176399.0,1694251822.0,1694251827.0,5.0,,2.0,48.0,5.0,27.0,741792672.0,3.0,556900.0,poseidon,condorpool,poseidon-worker-1-container-32-35,um_vel,/opt/UM_VEL/UM_VEL,,1.7,0,0,,,,,,,,,
um_vel_ID0000127,None,compute,0,1694251767.0,,,1694251772.0,1694251775.0,1694251795.0,52307356.2,1694251774.0,1694251812.0,1694251803.0,1694251806.0,174287.0,1694251812.0,1694251817.0,5.0,,2.0,38.0,5.0,20.0,697205176.0,3.0,556900.0,poseidon,condorpool,poseidon-worker-1-container-44-47,um_vel,/opt/UM_VEL/UM_VEL,,1.7,0,0,,,,,,,,,
um_vel_ID0000122,None,compute,0,1694251767.0,,,1694251772.0,1694251776.0,1694251795.0,54816700.5,1694251774.0,1694251817.0,1694251803.0,1694251807.0,175281.0,1694251817.0,1694251822.0,5.0,,2.0,43.0,5.0,19.0,727369696.0,4.0,556900.0,poseidon,condorpool,poseidon-worker-1-container-36-39,um_vel,/opt/UM_VEL/UM_VEL,,1.7,0,0,,,,,,,,,
um_vel_ID0000092,None,compute,0,1694251767.0,,,1694251772.0,1694251777.0,1694251798.0,48739394.5,1694251775.0,1694251817.0,1694251806.0,1694251809.0,177395.0,1694251817.0,1694251822.0,5.0,,3.0,42.0,5.0,21.0,715696744.0,3.0,556900.0,poseidon,condorpool,poseidon-worker-2-container-32-35,um_vel,/opt/UM_VEL/UM_VEL,,1.7,0,0,,,,,,,,,
um_vel_ID0000117,None,compute,0,1694251767.0,,,1694251772.0,1694251775.0,1694251795.0,51375627.2,1694251773.0,1694251812.0,1694251803.0,1694251806.0,177270.0,1694251812.0,1694251817.0,5.0,,1.0,39.0,5.0,20.0,697437428.0,3.0,556900.0,poseidon,condorpool,poseidon-worker-2-container-40-43,um_vel,/opt/UM_VEL/UM_VEL,,1.7,0,0,,,,,,,,,
um_vel_ID0000017,None,compute,0,1694251767.0,,,1694251772.0,1694251775.0,1694251794.0,52609836.5,1694251773.0,1694251812.0,1694251803.0,1694251806.0,175191.0,1694251812.0,1694251817.0,5.0,,1.0,39.0,5.0,19.0,700412836.0,3.0,556900.0,poseidon,condorpool,poseidon-worker-1-container-24-27,um_vel,/opt/UM_VEL/UM_VEL,,1.6,0,0,,,,,,,,,
um_vel_ID0000022,None,compute,0,1694251767.0,,,1694251772.0,1694251775.0,1694251800.0,38859249.4,1694251774.0,1694251817.0,1694251808.0,1694251811.0,175534.0,1694251817.0,1694251822.0,5.0,,2.0,43.0,5.0,25.0,715764852.0,3.0,556900.0,poseidon,condorpool,poseidon-worker-2-container-0-3,um_vel,/opt/UM_VEL/UM_VEL,,1.8,0,0,,,,,,,,,
um_vel_ID0000002,None,compute,0,1694251767.0,,,1694251772.0,1694251775.0,1694251798.0,42833418.6,1694251773.0,1694251817.0,1694251807.0,1694251810.0,176665.0,1694251817.0,1694251822.0,5.0,,1.0,44.0,5.0,23.0,737941744.0,3.0,556900.0,poseidon,condorpool,poseidon-worker-2-container-4-7,um_vel,/opt/UM_VEL/UM_VEL,,1.8,0,0,,,,,,,,,
um_vel_ID0000042,None,compute,0,1694251767.0,,,1694251772.0,1694251775.0,1694251794.0,53789972.8,1694251774.0,1694251817.0,1694251803.0,1694251806.0,175395.0,1694251817.0,1694251822.0,5.0,,2.0,43.0,5.0,19.0,717355680.0,3.0,556900.0,poseidon,condorpool,poseidon-worker-2-container-20-23,um_vel,/opt/UM_VEL/UM_VEL,,1.7,0,0,,,,,,,,,
um_vel_ID0000052,None,compute,0,1694251767.0,,,1694251772.0,1694251775.0,1694251797.0,46637192.1,1694251774.0,1694251817.0,1694251805.0,1694251808.0,179319.0,1694251817.0,1694251822.0,5.0,,2.0,43.0,5.0,22.0,720888048.0,3.0,556900.0,poseidon,condorpool,poseidon-worker-2-container-8-11,um_vel,/opt/UM_VEL/UM_VEL,,1.7,0,0,,,,,,,,,
um_vel_ID0000082,None,compute,0,1694251772.0,,,1694251777.0,1694251780.0,1694251800.0,49653914.0,1694251778.0,1694251822.0,1694251809.0,1694251812.0,173865.0,1694251822.0,1694251827.0,5.0,,1.0,44.0,5.0,20.0,719777424.0,3.0,556900.0,poseidon,condorpool,poseidon-worker-1-container-28-31,um_vel,/opt/UM_VEL/UM_VEL,,1.7,0,0,,,,,,,,,
stage_out_local_condorpool_0_2,None,transfer,0,1694251772.0,,,1694251777.0,,,0.0,1694251778.0,1694251812.0,,,0.0,1694251812.0,1694251817.0,5.0,,1.0,34.0,5.0,,,,,poseidon,local,poseidon-submit,pegasus::transfer,/mnt/poseidon-data/poseidon/pegasus-5.1.0panorama/bin/pegasus-transfer,/home/poseidon/pegasus-5.1.0panorama/bin/../bin/pegasus-kickstart  -n pegasus::transfer -N null -i - -R local  -L casa-wind-full -T 2023-09-08T07:29:05+00:00 /home/poseidon/pegasus-5.1.0panorama/bin/../bin/pegasus-transfer  --threads 2,36.5,0,0,,,,,,,,,
stage_out_local_condorpool_0_1,None,transfer,0,1694251772.0,,,1694251777.0,,,0.0,1694251778.0,1694251812.0,,,0.0,1694251812.0,1694251817.0,5.0,,1.0,34.0,5.0,,,,,poseidon,local,poseidon-submit,pegasus::transfer,/mnt/poseidon-data/poseidon/pegasus-5.1.0panorama/bin/pegasus-transfer,/home/poseidon/pegasus-5.1.0panorama/bin/../bin/pegasus-kickstart  -n pegasus::transfer -N null -i - -R local  -L casa-wind-full -T 2023-09-08T07:29:05+00:00 /home/poseidon/pegasus-5.1.0panorama/bin/../bin/pegasus-transfer  --threads 2,35.9,0,0,,,,,,,,,
stage_out_local_condorpool_0_0,None,transfer,0,1694251772.0,,,1694251777.0,,,0.0,1694251778.0,1694251812.0,,,0.0,1694251812.0,1694251817.0,5.0,,1.0,34.0,5.0,,,,,poseidon,local,poseidon-submit,pegasus::transfer,/mnt/poseidon-data/poseidon/pegasus-5.1.0panorama/bin/pegasus-transfer,/home/poseidon/pegasus-5.1.0panorama/bin/../bin/pegasus-kickstart  -n pegasus::transfer -N null -i - -R local  -L casa-wind-full -T 2023-09-08T07:29:05+00:00 /home/poseidon/pegasus-5.1.0panorama/bin/../bin/pegasus-transfer  --threads 2,36.5,0,0,,,,,,,,,
um_vel_ID0000107,None,compute,0,1694251772.0,,,1694251777.0,1694251780.0,1694251800.0,48407890.0,1694251779.0,1694251817.0,1694251808.0,1694251811.0,177050.0,1694251817.0,1694251822.0,5.0,,2.0,38.0,5.0,20.0,678408568.0,3.0,556900.0,poseidon,condorpool,poseidon-worker-2-container-44-47,um_vel,/opt/UM_VEL/UM_VEL,,1.6,0,0,,,,,,,,,
um_vel_ID0000062,None,compute,0,1694251772.0,,,1694251777.0,1694251780.0,1694251801.0,48041995.0,1694251779.0,1694251822.0,1694251809.0,1694251813.0,176137.0,1694251822.0,1694251827.0,5.0,,2.0,43.0,5.0,21.0,718532572.0,4.0,556900.0,poseidon,condorpool,poseidon-worker-2-container-24-27,um_vel,/opt/UM_VEL/UM_VEL,,1.7,0,0,,,,,,,,,
um_vel_ID0000112,None,compute,0,1694251772.0,,,1694251777.0,1694251780.0,1694251800.0,51798809.9,1694251779.0,1694251822.0,1694251809.0,1694251812.0,177740.0,1694251822.0,1694251827.0,5.0,,2.0,43.0,5.0,20.0,744537516.0,3.0,556900.0,poseidon,condorpool,poseidon-worker-2-container-28-31,um_vel,/opt/UM_VEL/UM_VEL,,1.8,0,0,,,,,,,,,
um_vel_ID0000102,None,compute,0,1694251772.0,,,1694251777.0,1694251781.0,1694251801.0,50586489.3,1694251779.0,1694251822.0,1694251810.0,1694251813.0,175465.0,1694251822.0,1694251827.0,5.0,,2.0,43.0,5.0,20.0,738138396.0,3.0,556900.0,poseidon,condorpool,poseidon-worker-1-container-12-15,um_vel,/opt/UM_VEL/UM_VEL,,1.8,0,0,,,,,,,,,
post_vel_ID0000048,None,compute,0,1694251807.0,,,1694251812.0,1694251815.0,1694251826.0,34846536.4,1694251813.0,1694251842.0,1694251831.0,1694251834.0,3249.0,1694251842.0,1694251847.0,5.0,,1.0,29.0,5.0,11.0,177143937.0,3.0,10371.0,poseidon,condorpool,poseidon-worker-1-container-0-3,post_vel,/opt/netcdf2png/merged_netcdf2png,,0.1,0,0,,,,,,,,,
mvt_ID0000049,None,compute,0,1694251807.0,,,1694251812.0,1694251815.0,1694251825.0,35212573.6,1694251813.0,1694251882.0,1694251871.0,1694251874.0,7936.0,1694251882.0,1694251887.0,5.0,,1.0,69.0,5.0,10.0,177143652.0,3.0,24108.0,poseidon,condorpool,poseidon-worker-1-container-44-47,mvt,/opt/mvt/mvt,,40.1,0,0,0.0,802583.0,12288.0,458.0,3.0,39.8,0.2,20064.6,1228.8
mvt_ID0000069,None,compute,0,1694251812.0,,,1694251817.0,1694251820.0,1694251832.0,28095931.8,1694251818.0,1694251887.0,1694251876.0,1694251879.0,11485.0,1694251887.0,1694251892.0,5.0,,1.0,69.0,5.0,12.0,177143652.0,3.0,35309.0,poseidon,condorpool,poseidon-worker-2-container-16-19,mvt,/opt/mvt/mvt,,39.4,0,0,0.0,791889.0,16384.0,428.0,4.0,29.9,0.1,26396.3,819.2
mvt_ID0000009,None,compute,0,1694251812.0,,,1694251817.0,1694251820.0,1694251832.0,28214562.4,1694251819.0,1694251887.0,1694251877.0,1694251880.0,11467.0,1694251887.0,1694251892.0,5.0,,2.0,68.0,5.0,12.0,177143652.0,3.0,35429.0,poseidon,condorpool,poseidon-worker-1-container-20-23,mvt,/opt/mvt/mvt,,39.6,0,0,0.0,801461.0,20480.0,449.0,5.0,29.9,0.0,26715.4,1024.0
post_vel_ID0000008,None,compute,0,1694251812.0,,,1694251817.0,1694251820.0,1694251832.0,28595720.2,1694251818.0,1694251847.0,1694251837.0,1694251840.0,3544.0,1694251847.0,1694251852.0,5.0,,1.0,29.0,5.0,12.0,177143937.0,3.0,10982.0,poseidon,condorpool,poseidon-worker-1-container-8-11,post_vel,/opt/netcdf2png/merged_netcdf2png,,0.1,0,0,,,,,,,,,
post_vel_ID0000098,None,compute,0,1694251812.0,,,1694251817.0,1694251820.0,1694251832.0,31036367.2,1694251818.0,1694251847.0,1694251837.0,1694251840.0,4300.0,1694251847.0,1694251852.0,5.0,,1.0,29.0,5.0,12.0,177143937.0,3.0,13355.0,poseidon,condorpool,poseidon-worker-2-container-36-39,post_vel,/opt/netcdf2png/merged_netcdf2png,,0.1,0,0,,,,,,,,,
post_vel_ID0000068,None,compute,0,1694251812.0,,,1694251817.0,1694251820.0,1694251832.0,27310971.2,1694251818.0,1694251847.0,1694251837.0,1694251840.0,3639.0,1694251847.0,1694251852.0,5.0,,1.0,29.0,5.0,12.0,177143937.0,3.0,11398.0,poseidon,condorpool,poseidon-worker-2-container-12-15,post_vel,/opt/netcdf2png/merged_netcdf2png,,0.1,0,0,,,,,,,,,
mvt_ID0000099,None,compute,0,1694251812.0,,,1694251817.0,1694251820.0,1694251832.0,28456539.4,1694251818.0,1694251887.0,1694251877.0,1694251880.0,16154.0,1694251887.0,1694251892.0,5.0,,1.0,69.0,5.0,12.0,177143652.0,3.0,50118.0,poseidon,condorpool,poseidon-worker-1-container-16-19,mvt,/opt/mvt/mvt,,40.0,0,0,0.0,804210.0,28672.0,455.0,7.0,29.9,0.1,26807.0,1433.6
post_vel_ID0000118,None,compute,0,1694251817.0,,,1694251822.0,1694251825.0,1694251836.0,33651639.8,1694251823.0,1694251852.0,1694251842.0,1694251845.0,4636.0,1694251852.0,1694251857.0,5.0,,1.0,29.0,5.0,11.0,177143937.0,3.0,14402.0,poseidon,condorpool,poseidon-worker-1-container-4-7,post_vel,/opt/netcdf2png/merged_netcdf2png,,0.1,0,0,,,,,,,,,
register_condorpool_0_2,None,auxiliary,0,1694251817.0,,,1694251872.0,,,0.0,1694251873.0,1694251877.0,,,0.0,1694251877.0,1694251882.0,55.0,,1.0,4.0,5.0,,,,,poseidon,local,poseidon-submit,pegasus::rc-client,/mnt/poseidon-data/poseidon/pegasus-5.1.0panorama/bin/pegasus-rc-client,"-n pegasus::rc-client -N null -R local  -L casa-wind-full -T 2023-09-08T07:29:05+00:00 /home/poseidon/pegasus-5.1.0panorama/bin/pegasus-rc-client --prefix pegasus.catalog.replica.output --conf /mnt/poseidon-data/poseidon/workflows/casa-wind-workflow-full/submit/poseidon/pegasus/casa-wind-full/run0044/pegasus.7768821579054137086.properties -v --meta /mnt/poseidon-data/poseidon/workflows/casa-wind-workflow-full/submit/poseidon/pegasus/casa-wind-full/run0044/00/00/unzip_ID0000026.meta,/mnt/poseidon-data/poseidon/workflows/casa-wind-workflow-full/submit/poseidon/pegasus/casa-wind-full/run0044/00/00/unzip_ID0000061.meta,/mnt/poseidon-data/poseidon/workflows/casa-wind-workflow-full/submit/poseidon/pegasus/casa-wind-full/run0044/00/00/unzip_ID0000071.meta,/mnt/poseidon-data/poseidon/workflows/casa-wind-workflow-full/submit/poseidon/pegasus/casa-wind-full/run0044/00/00/unzip_ID0000041.meta,/mnt/poseidon-data/poseidon/workflows/casa-wind-workflow-full/submit/poseidon/pegasus/casa-wind-full/run0044/00/00/unzip_ID0000016.meta,/mnt/poseidon-data/poseidon/workflows/casa-wind-workflow-full/submit/poseidon/pegasus/casa-wind-full/run0044/00/00/unzip_ID0000111.meta,/mnt/poseidon-data/poseidon/workflows/casa-wind-workflow-full/submit/poseidon/pegasus/casa-wind-full/run0044/00/00/unzip_ID0000011.meta,/mnt/poseidon-data/poseidon/workflows/casa-wind-workflow-full/submit/poseidon/pegasus/casa-wind-full/run0044/00/00/unzip_ID0000081.meta,/mnt/poseidon-data/poseidon/workflows/casa-wind-workflow-full/submit/poseidon/pegasus/casa-wind-full/run0044/00/00/unzip_ID0000066.meta,/mnt/poseidon-data/poseidon/workflows/casa-wind-workflow-full/submit/poseidon/pegasus/casa-wind-full/run0044/00/00/unzip_ID0000096.meta,/mnt/poseidon-data/poseidon/workflows/casa-wind-workflow-full/submit/poseidon/pegasus/casa-wind-full/run0044/00/00/unzip_ID0000051.meta,/mnt/poseidon-data/poseidon/workflows/casa-wind-workflow-full/submit/poseidon/pegasus/casa-wind-full/run0044/00/00/unzip_ID0000031.meta,/mnt/poseidon-data/poseidon/workflows/casa-wind-workflow-full/submit/poseidon/pegasus/casa-wind-full/run0044/00/00/unzip_ID0000116.meta,/mnt/poseidon-data/poseidon/workflows/casa-wind-workflow-full/submit/poseidon/pegasus/casa-wind-full/run0044/00/00/unzip_ID0000101.meta,/mnt/poseidon-data/poseidon/workflows/casa-wind-workflow-full/submit/poseidon/pegasus/casa-wind-full/run0044/00/00/unzip_ID0000121.meta,/mnt/poseidon-data/poseidon/workflows/casa-wind-workflow-full/submit/poseidon/pegasus/casa-wind-full/run0044/00/00/unzip_ID0000106.meta,/mnt/poseidon-data/poseidon/workflows/casa-wind-workflow-full/submit/poseidon/pegasus/casa-wind-full/run0044/00/00/unzip_ID0000046.meta,/mnt/poseidon-data/poseidon/workflows/casa-wind-workflow-full/submit/poseidon/pegasus/casa-wind-full/run0044/00/00/unzip_ID0000076.meta,/mnt/poseidon-data/poseidon/workflows/casa-wind-workflow-full/submit/poseidon/pegasus/casa-wind-full/run0044/00/00/unzip_ID0000056.meta,/mnt/poseidon-data/poseidon/workflows/casa-wind-workflow-full/submit/poseidon/pegasus/casa-wind-full/run0044/00/00/unzip_ID0000021.meta,/mnt/poseidon-data/poseidon/workflows/casa-wind-workflow-full/submit/poseidon/pegasus/casa-wind-full/run0044/00/00/unzip_ID0000086.meta,/mnt/poseidon-data/poseidon/workflows/casa-wind-workflow-full/submit/poseidon/pegasus/casa-wind-full/run0044/00/00/unzip_ID0000126.meta,/mnt/poseidon-data/poseidon/workflows/casa-wind-workflow-full/submit/poseidon/pegasus/casa-wind-full/run0044/00/00/unzip_ID0000006.meta,/mnt/poseidon-data/poseidon/workflows/casa-wind-workflow-full/submit/poseidon/pegasus/casa-wind-full/run0044/00/00/unzip_ID0000036.meta,/mnt/poseidon-data/poseidon/workflows/casa-wind-workflow-full/submit/poseidon/pegasus/casa-wind-full/run0044/00/00/unzip_ID0000001.meta,/mnt/poseidon-data/poseidon/workflows/casa-wind-workflow-full/submit/poseidon/pegasus/casa-wind-full/run0044/00/00/unzip_ID0000091.meta --insert /mnt/poseidon-data/poseidon/workflows/casa-wind-workflow-full/submit/poseidon/pegasus/casa-wind-full/run0044/00/00/register_condorpool_0_2.in",3.2,0,0,,,,,,,,,
mvt_ID0000059,None,compute,0,1694251817.0,,,1694251822.0,1694251825.0,1694251836.0,34928836.2,1694251823.0,1694251892.0,1694251881.0,1694251884.0,9121.0,1694251892.0,1694251897.0,5.0,,1.0,69.0,5.0,11.0,177143652.0,3.0,28164.0,poseidon,condorpool,poseidon-worker-1-container-40-43,mvt,/opt/mvt/mvt,,39.8,0,0,0.0,798720.0,12288.0,443.0,3.0,29.9,0.1,26624.0,1228.8
register_condorpool_0_0,None,auxiliary,0,1694251817.0,,,1694251832.0,,,0.0,1694251833.0,1694251837.0,,,0.0,1694251837.0,1694251842.0,15.0,,1.0,4.0,5.0,,,,,poseidon,local,poseidon-submit,pegasus::rc-client,/mnt/poseidon-data/poseidon/pegasus-5.1.0panorama/bin/pegasus-rc-client,"-n pegasus::rc-client -N null -R local  -L casa-wind-full -T 2023-09-08T07:29:05+00:00 /home/poseidon/pegasus-5.1.0panorama/bin/pegasus-rc-client --prefix pegasus.catalog.replica.output --conf /mnt/poseidon-data/poseidon/workflows/casa-wind-workflow-full/submit/poseidon/pegasus/casa-wind-full/run0044/pegasus.7768821579054137086.properties -v --meta /mnt/poseidon-data/poseidon/workflows/casa-wind-workflow-full/submit/poseidon/pegasus/casa-wind-full/run0044/00/00/unzip_ID0000026.meta,/mnt/poseidon-data/poseidon/workflows/casa-wind-workflow-full/submit/poseidon/pegasus/casa-wind-full/run0044/00/00/unzip_ID0000061.meta,/mnt/poseidon-data/poseidon/workflows/casa-wind-workflow-full/submit/poseidon/pegasus/casa-wind-full/run0044/00/00/unzip_ID0000071.meta,/mnt/poseidon-data/poseidon/workflows/casa-wind-workflow-full/submit/poseidon/pegasus/casa-wind-full/run0044/00/00/unzip_ID0000041.meta,/mnt/poseidon-data/poseidon/workflows/casa-wind-workflow-full/submit/poseidon/pegasus/casa-wind-full/run0044/00/00/unzip_ID0000016.meta,/mnt/poseidon-data/poseidon/workflows/casa-wind-workflow-full/submit/poseidon/pegasus/casa-wind-full/run0044/00/00/unzip_ID0000111.meta,/mnt/poseidon-data/poseidon/workflows/casa-wind-workflow-full/submit/poseidon/pegasus/casa-wind-full/run0044/00/00/unzip_ID0000011.meta,/mnt/poseidon-data/poseidon/workflows/casa-wind-workflow-full/submit/poseidon/pegasus/casa-wind-full/run0044/00/00/unzip_ID0000081.meta,/mnt/poseidon-data/poseidon/workflows/casa-wind-workflow-full/submit/poseidon/pegasus/casa-wind-full/run0044/00/00/unzip_ID0000066.meta,/mnt/poseidon-data/poseidon/workflows/casa-wind-workflow-full/submit/poseidon/pegasus/casa-wind-full/run0044/00/00/unzip_ID0000096.meta,/mnt/poseidon-data/poseidon/workflows/casa-wind-workflow-full/submit/poseidon/pegasus/casa-wind-full/run0044/00/00/unzip_ID0000051.meta,/mnt/poseidon-data/poseidon/workflows/casa-wind-workflow-full/submit/poseidon/pegasus/casa-wind-full/run0044/00/00/unzip_ID0000031.meta,/mnt/poseidon-data/poseidon/workflows/casa-wind-workflow-full/submit/poseidon/pegasus/casa-wind-full/run0044/00/00/unzip_ID0000116.meta,/mnt/poseidon-data/poseidon/workflows/casa-wind-workflow-full/submit/poseidon/pegasus/casa-wind-full/run0044/00/00/unzip_ID0000101.meta,/mnt/poseidon-data/poseidon/workflows/casa-wind-workflow-full/submit/poseidon/pegasus/casa-wind-full/run0044/00/00/unzip_ID0000121.meta,/mnt/poseidon-data/poseidon/workflows/casa-wind-workflow-full/submit/poseidon/pegasus/casa-wind-full/run0044/00/00/unzip_ID0000106.meta,/mnt/poseidon-data/poseidon/workflows/casa-wind-workflow-full/submit/poseidon/pegasus/casa-wind-full/run0044/00/00/unzip_ID0000046.meta,/mnt/poseidon-data/poseidon/workflows/casa-wind-workflow-full/submit/poseidon/pegasus/casa-wind-full/run0044/00/00/unzip_ID0000076.meta,/mnt/poseidon-data/poseidon/workflows/casa-wind-workflow-full/submit/poseidon/pegasus/casa-wind-full/run0044/00/00/unzip_ID0000056.meta,/mnt/poseidon-data/poseidon/workflows/casa-wind-workflow-full/submit/poseidon/pegasus/casa-wind-full/run0044/00/00/unzip_ID0000021.meta,/mnt/poseidon-data/poseidon/workflows/casa-wind-workflow-full/submit/poseidon/pegasus/casa-wind-full/run0044/00/00/unzip_ID0000086.meta,/mnt/poseidon-data/poseidon/workflows/casa-wind-workflow-full/submit/poseidon/pegasus/casa-wind-full/run0044/00/00/unzip_ID0000126.meta,/mnt/poseidon-data/poseidon/workflows/casa-wind-workflow-full/submit/poseidon/pegasus/casa-wind-full/run0044/00/00/unzip_ID0000006.meta,/mnt/poseidon-data/poseidon/workflows/casa-wind-workflow-full/submit/poseidon/pegasus/casa-wind-full/run0044/00/00/unzip_ID0000036.meta,/mnt/poseidon-data/poseidon/workflows/casa-wind-workflow-full/submit/poseidon/pegasus/casa-wind-full/run0044/00/00/unzip_ID0000001.meta,/mnt/poseidon-data/poseidon/workflows/casa-wind-workflow-full/submit/poseidon/pegasus/casa-wind-full/run0044/00/00/unzip_ID0000091.meta --insert /mnt/poseidon-data/poseidon/workflows/casa-wind-workflow-full/submit/poseidon/pegasus/casa-wind-full/run0044/00/00/register_condorpool_0_0.in",3.0,0,0,,,,,,,,,
post_vel_ID0000078,None,compute,0,1694251817.0,,,1694251822.0,1694251825.0,1694251836.0,35027846.0,1694251823.0,1694251852.0,1694251841.0,1694251844.0,3931.0,1694251852.0,1694251857.0,5.0,,1.0,29.0,5.0,11.0,177143937.0,3.0,12264.0,poseidon,condorpool,poseidon-worker-2-container-8-11,post_vel,/opt/netcdf2png/merged_netcdf2png,,0.1,0,0,,,,,,,,,
mvt_ID0000079,None,compute,0,1694251817.0,,,1694251822.0,1694251825.0,1694251837.0,28553662.8,1694251824.0,1694251892.0,1694251882.0,1694251885.0,14494.0,1694251892.0,1694251897.0,5.0,,2.0,68.0,5.0,12.0,177143652.0,3.0,45337.0,poseidon,condorpool,poseidon-worker-2-container-0-3,mvt,/opt/mvt/mvt,,39.5,0,0,0.0,793173.0,24576.0,431.0,6.0,29.9,0.1,26439.1,1228.8
mvt_ID0000129,None,compute,0,1694251817.0,,,1694251822.0,1694251825.0,1694251836.0,33098683.4,1694251824.0,1694251892.0,1694251881.0,1694251885.0,20566.0,1694251892.0,1694251897.0,5.0,,2.0,68.0,5.0,11.0,177143652.0,4.0,64489.0,poseidon,condorpool,poseidon-worker-1-container-32-35,mvt,/opt/mvt/mvt,,39.8,0,0,0.0,798719.0,36864.0,443.0,9.0,29.9,0.0,26624.0,3686.4
mvt_ID0000119,None,compute,0,1694251817.0,,,1694251822.0,1694251825.0,1694251836.0,32887329.0,1694251824.0,1694251892.0,1694251882.0,1694251885.0,21107.0,1694251892.0,1694251897.0,5.0,,2.0,68.0,5.0,11.0,177143652.0,3.0,65525.0,poseidon,condorpool,poseidon-worker-2-container-20-23,mvt,/opt/mvt/mvt,,40.2,0,0,0.0,805255.0,36864.0,464.0,9.0,39.9,0.1,20131.4,3686.4
register_condorpool_0_1,None,auxiliary,0,1694251817.0,,,1694251822.0,,,0.0,1694251823.0,1694251827.0,,,0.0,1694251827.0,1694251832.0,5.0,,1.0,4.0,5.0,,,,,poseidon,local,poseidon-submit,pegasus::rc-client,/mnt/poseidon-data/poseidon/pegasus-5.1.0panorama/bin/pegasus-rc-client,"-n pegasus::rc-client -N null -R local  -L casa-wind-full -T 2023-09-08T07:29:05+00:00 /home/poseidon/pegasus-5.1.0panorama/bin/pegasus-rc-client --prefix pegasus.catalog.replica.output --conf /mnt/poseidon-data/poseidon/workflows/casa-wind-workflow-full/submit/poseidon/pegasus/casa-wind-full/run0044/pegasus.7768821579054137086.properties -v --meta /mnt/poseidon-data/poseidon/workflows/casa-wind-workflow-full/submit/poseidon/pegasus/casa-wind-full/run0044/00/00/unzip_ID0000026.meta,/mnt/poseidon-data/poseidon/workflows/casa-wind-workflow-full/submit/poseidon/pegasus/casa-wind-full/run0044/00/00/unzip_ID0000061.meta,/mnt/poseidon-data/poseidon/workflows/casa-wind-workflow-full/submit/poseidon/pegasus/casa-wind-full/run0044/00/00/unzip_ID0000071.meta,/mnt/poseidon-data/poseidon/workflows/casa-wind-workflow-full/submit/poseidon/pegasus/casa-wind-full/run0044/00/00/unzip_ID0000041.meta,/mnt/poseidon-data/poseidon/workflows/casa-wind-workflow-full/submit/poseidon/pegasus/casa-wind-full/run0044/00/00/unzip_ID0000016.meta,/mnt/poseidon-data/poseidon/workflows/casa-wind-workflow-full/submit/poseidon/pegasus/casa-wind-full/run0044/00/00/unzip_ID0000111.meta,/mnt/poseidon-data/poseidon/workflows/casa-wind-workflow-full/submit/poseidon/pegasus/casa-wind-full/run0044/00/00/unzip_ID0000011.meta,/mnt/poseidon-data/poseidon/workflows/casa-wind-workflow-full/submit/poseidon/pegasus/casa-wind-full/run0044/00/00/unzip_ID0000081.meta,/mnt/poseidon-data/poseidon/workflows/casa-wind-workflow-full/submit/poseidon/pegasus/casa-wind-full/run0044/00/00/unzip_ID0000066.meta,/mnt/poseidon-data/poseidon/workflows/casa-wind-workflow-full/submit/poseidon/pegasus/casa-wind-full/run0044/00/00/unzip_ID0000096.meta,/mnt/poseidon-data/poseidon/workflows/casa-wind-workflow-full/submit/poseidon/pegasus/casa-wind-full/run0044/00/00/unzip_ID0000051.meta,/mnt/poseidon-data/poseidon/workflows/casa-wind-workflow-full/submit/poseidon/pegasus/casa-wind-full/run0044/00/00/unzip_ID0000031.meta,/mnt/poseidon-data/poseidon/workflows/casa-wind-workflow-full/submit/poseidon/pegasus/casa-wind-full/run0044/00/00/unzip_ID0000116.meta,/mnt/poseidon-data/poseidon/workflows/casa-wind-workflow-full/submit/poseidon/pegasus/casa-wind-full/run0044/00/00/unzip_ID0000101.meta,/mnt/poseidon-data/poseidon/workflows/casa-wind-workflow-full/submit/poseidon/pegasus/casa-wind-full/run0044/00/00/unzip_ID0000121.meta,/mnt/poseidon-data/poseidon/workflows/casa-wind-workflow-full/submit/poseidon/pegasus/casa-wind-full/run0044/00/00/unzip_ID0000106.meta,/mnt/poseidon-data/poseidon/workflows/casa-wind-workflow-full/submit/poseidon/pegasus/casa-wind-full/run0044/00/00/unzip_ID0000046.meta,/mnt/poseidon-data/poseidon/workflows/casa-wind-workflow-full/submit/poseidon/pegasus/casa-wind-full/run0044/00/00/unzip_ID0000076.meta,/mnt/poseidon-data/poseidon/workflows/casa-wind-workflow-full/submit/poseidon/pegasus/casa-wind-full/run0044/00/00/unzip_ID0000056.meta,/mnt/poseidon-data/poseidon/workflows/casa-wind-workflow-full/submit/poseidon/pegasus/casa-wind-full/run0044/00/00/unzip_ID0000021.meta,/mnt/poseidon-data/poseidon/workflows/casa-wind-workflow-full/submit/poseidon/pegasus/casa-wind-full/run0044/00/00/unzip_ID0000086.meta,/mnt/poseidon-data/poseidon/workflows/casa-wind-workflow-full/submit/poseidon/pegasus/casa-wind-full/run0044/00/00/unzip_ID0000126.meta,/mnt/poseidon-data/poseidon/workflows/casa-wind-workflow-full/submit/poseidon/pegasus/casa-wind-full/run0044/00/00/unzip_ID0000006.meta,/mnt/poseidon-data/poseidon/workflows/casa-wind-workflow-full/submit/poseidon/pegasus/casa-wind-full/run0044/00/00/unzip_ID0000036.meta,/mnt/poseidon-data/poseidon/workflows/casa-wind-workflow-full/submit/poseidon/pegasus/casa-wind-full/run0044/00/00/unzip_ID0000001.meta,/mnt/poseidon-data/poseidon/workflows/casa-wind-workflow-full/submit/poseidon/pegasus/casa-wind-full/run0044/00/00/unzip_ID0000091.meta --insert /mnt/poseidon-data/poseidon/workflows/casa-wind-workflow-full/submit/poseidon/pegasus/casa-wind-full/run0044/00/00/register_condorpool_0_1.in",3.1,0,0,,,,,,,,,
post_vel_ID0000038,None,compute,0,1694251817.0,,,1694251822.0,1694251825.0,1694251836.0,34555390.2,1694251823.0,1694251852.0,1694251841.0,1694251844.0,3652.0,1694251852.0,1694251857.0,5.0,,1.0,29.0,5.0,11.0,177143937.0,3.0,11227.0,poseidon,condorpool,poseidon-worker-1-container-36-39,post_vel,/opt/netcdf2png/merged_netcdf2png,,0.1,0,0,,,,,,,,,
post_vel_ID0000058,None,compute,0,1694251817.0,,,1694251822.0,1694251825.0,1694251838.0,26812297.7,1694251824.0,1694251852.0,1694251843.0,1694251846.0,3605.0,1694251852.0,1694251857.0,5.0,,2.0,28.0,5.0,13.0,177143937.0,3.0,10981.0,poseidon,condorpool,poseidon-worker-1-container-24-27,post_vel,/opt/netcdf2png/merged_netcdf2png,,0.1,0,0,,,,,,,,,
post_vel_ID0000018,None,compute,0,1694251817.0,,,1694251822.0,1694251825.0,1694251836.0,35015599.6,1694251823.0,1694251852.0,1694251841.0,1694251845.0,3733.0,1694251852.0,1694251857.0,5.0,,1.0,29.0,5.0,11.0,177143937.0,4.0,11645.0,poseidon,condorpool,poseidon-worker-2-container-4-7,post_vel,/opt/netcdf2png/merged_netcdf2png,,0.1,0,0,,,,,,,,,
mvt_ID0000019,None,compute,0,1694251817.0,,,1694251822.0,1694251825.0,1694251836.0,33575677.4,1694251824.0,1694251892.0,1694251882.0,1694251885.0,11601.0,1694251892.0,1694251897.0,5.0,,2.0,68.0,5.0,11.0,177143652.0,3.0,36245.0,poseidon,condorpool,poseidon-worker-2-container-32-35,mvt,/opt/mvt/mvt,,40.2,0,0,0.0,805256.0,20480.0,464.0,5.0,39.9,0.1,20131.4,1024.0
mvt_ID0000089,None,compute,0,1694251817.0,,,1694251822.0,1694251825.0,1694251836.0,35073357.4,1694251823.0,1694251892.0,1694251881.0,1694251885.0,15406.0,1694251892.0,1694251897.0,5.0,,1.0,69.0,5.0,11.0,177143652.0,4.0,48475.0,poseidon,condorpool,poseidon-worker-2-container-40-43,mvt,/opt/mvt/mvt,,40.2,0,0,0.0,830063.0,24576.0,518.0,6.0,39.9,0.1,20751.6,2457.6
post_vel_ID0000088,None,compute,0,1694251817.0,,,1694251822.0,1694251825.0,1694251837.0,32685861.0,1694251823.0,1694251852.0,1694251842.0,1694251845.0,4095.0,1694251852.0,1694251857.0,5.0,,1.0,29.0,5.0,12.0,177143937.0,3.0,12740.0,poseidon,condorpool,poseidon-worker-2-container-40-43,post_vel,/opt/netcdf2png/merged_netcdf2png,,0.1,0,0,,,,,,,,,
post_vel_ID0000128,None,compute,0,1694251817.0,,,1694251822.0,1694251825.0,1694251836.0,32232338.2,1694251823.0,1694251852.0,1694251842.0,1694251845.0,4624.0,1694251852.0,1694251857.0,5.0,,1.0,29.0,5.0,11.0,177143937.0,3.0,14512.0,poseidon,condorpool,poseidon-worker-2-container-28-31,post_vel,/opt/netcdf2png/merged_netcdf2png,,0.1,0,0,,,,,,,,,
mvt_ID0000039,None,compute,0,1694251817.0,,,1694251822.0,1694251825.0,1694251838.0,25549109.7,1694251823.0,1694251892.0,1694251883.0,1694251886.0,11239.0,1694251892.0,1694251897.0,5.0,,1.0,69.0,5.0,13.0,177143652.0,3.0,34386.0,poseidon,condorpool,poseidon-worker-1-container-44-47,mvt,/opt/mvt/mvt,,39.7,0,0,0.0,827652.0,16384.0,506.0,4.0,29.9,0.1,27588.4,819.2
mvt_ID0000034,None,compute,0,1694251822.0,,,1694251827.0,1694251835.0,1694251847.0,26604457.2,1694251833.0,1694251902.0,1694251892.0,1694251895.0,9886.0,1694251902.0,1694251907.0,5.0,,6.0,69.0,5.0,12.0,177143652.0,3.0,30976.0,poseidon,condorpool,poseidon-worker-1-container-16-19,mvt,/opt/mvt/mvt,,39.7,0,0,0.0,826253.0,16384.0,503.0,4.0,29.9,0.1,27541.8,819.2
post_vel_ID0000033,None,compute,0,1694251822.0,,,1694251827.0,1694251835.0,1694251848.0,22511662.1,1694251833.0,1694251867.0,1694251854.0,1694251857.0,3785.0,1694251867.0,1694251872.0,5.0,,6.0,34.0,5.0,13.0,177143937.0,3.0,11464.0,poseidon,condorpool,poseidon-worker-2-container-36-39,post_vel,/opt/netcdf2png/merged_netcdf2png,,0.1,0,0,,,,,,,,,
stage_out_local_condorpool_1_0,None,transfer,0,1694251822.0,,,1694251827.0,,,0.0,1694251828.0,1694251832.0,,,0.0,1694251832.0,1694251837.0,5.0,,1.0,4.0,5.0,,,,,poseidon,local,poseidon-submit,pegasus::transfer,/mnt/poseidon-data/poseidon/pegasus-5.1.0panorama/bin/pegasus-transfer,/home/poseidon/pegasus-5.1.0panorama/bin/../bin/pegasus-kickstart  -n pegasus::transfer -N null -i - -R local  -L casa-wind-full -T 2023-09-08T07:29:05+00:00 /home/poseidon/pegasus-5.1.0panorama/bin/../bin/pegasus-transfer  --threads 2,1.0,0,0,,,,,,,,,
mvt_ID0000109,None,compute,0,1694251822.0,,,1694251827.0,1694251835.0,1694251847.0,27801065.2,1694251833.0,1694251902.0,1694251891.0,1694251894.0,19326.0,1694251902.0,1694251907.0,5.0,,6.0,69.0,5.0,12.0,177143652.0,3.0,59954.0,poseidon,condorpool,poseidon-worker-1-container-8-11,mvt,/opt/mvt/mvt,,39.2,0,0,0.0,798747.0,32768.0,443.0,8.0,29.9,0.1,26624.9,1638.4
mvt_ID0000029,None,compute,0,1694251822.0,,,1694251827.0,1694251835.0,1694251846.0,35025919.2,1694251833.0,1694251902.0,1694251891.0,1694251894.0,12380.0,1694251902.0,1694251907.0,5.0,,6.0,69.0,5.0,11.0,177143652.0,3.0,38341.0,poseidon,condorpool,poseidon-worker-2-container-44-47,mvt,/opt/mvt/mvt,,40.0,0,0,0.0,828665.0,20480.0,515.0,5.0,39.9,0.1,20716.6,1024.0
post_vel_ID0000028,None,compute,0,1694251822.0,,,1694251827.0,1694251836.0,1694251847.0,29922123.0,1694251834.0,1694251862.0,1694251852.0,1694251855.0,3705.0,1694251862.0,1694251867.0,5.0,,7.0,28.0,5.0,11.0,177143937.0,3.0,11529.0,poseidon,condorpool,poseidon-worker-2-container-20-23,post_vel,/opt/netcdf2png/merged_netcdf2png,,0.1,0,0,,,,,,,,,
post_vel_ID0000108,None,compute,0,1694251822.0,,,1694251827.0,1694251835.0,1694251847.0,26872835.0,1694251833.0,1694251862.0,1694251853.0,1694251856.0,4446.0,1694251862.0,1694251867.0,5.0,,6.0,29.0,5.0,12.0,177143937.0,3.0,13907.0,poseidon,condorpool,poseidon-worker-1-container-28-31,post_vel,/opt/netcdf2png/merged_netcdf2png,,0.1,0,0,,,,,,,,,
post_vel_ID0000123,None,compute,0,1694251822.0,,,1694251827.0,1694251836.0,1694251849.0,23635191.7,1694251834.0,1694251867.0,1694251854.0,1694251857.0,4836.0,1694251867.0,1694251872.0,5.0,,7.0,33.0,5.0,13.0,177143937.0,3.0,14777.0,poseidon,condorpool,poseidon-worker-1-container-44-47,post_vel,/opt/netcdf2png/merged_netcdf2png,,0.1,0,0,,,,,,,,,
post_vel_ID0000073,None,compute,0,1694251822.0,,,1694251827.0,1694251835.0,1694251846.0,31964132.4,1694251833.0,1694251862.0,1694251852.0,1694251855.0,3867.0,1694251862.0,1694251867.0,5.0,,6.0,29.0,5.0,11.0,177143937.0,3.0,11825.0,poseidon,condorpool,poseidon-worker-1-container-40-43,post_vel,/opt/netcdf2png/merged_netcdf2png,,0.1,0,0,,,,,,,,,
post_vel_ID0000043,None,compute,0,1694251822.0,,,1694251827.0,1694251830.0,1694251841.0,33730524.0,1694251828.0,1694251857.0,1694251847.0,1694251850.0,3615.0,1694251857.0,1694251862.0,5.0,,1.0,29.0,5.0,11.0,177143937.0,3.0,11050.0,poseidon,condorpool,poseidon-worker-1-container-28-31,post_vel,/opt/netcdf2png/merged_netcdf2png,,0.1,0,0,,,,,,,,,
post_vel_ID0000053,None,compute,0,1694251822.0,,,1694251827.0,1694251830.0,1694251842.0,26968101.0,1694251828.0,1694251857.0,1694251847.0,1694251850.0,3594.0,1694251857.0,1694251862.0,5.0,,1.0,29.0,5.0,12.0,177143937.0,3.0,11004.0,poseidon,condorpool,poseidon-worker-2-container-24-27,post_vel,/opt/netcdf2png/merged_netcdf2png,,0.1,0,0,,,,,,,,,
mvt_ID0000054,None,compute,0,1694251822.0,,,1694251827.0,1694251830.0,1694251841.0,33286894.8,1694251828.0,1694251897.0,1694251887.0,1694251890.0,9292.0,1694251897.0,1694251902.0,5.0,,1.0,69.0,5.0,11.0,177143652.0,3.0,28552.0,poseidon,condorpool,poseidon-worker-2-container-44-47,mvt,/opt/mvt/mvt,,40.1,0,0,0.0,823150.0,12288.0,503.0,3.0,39.9,0.1,20578.8,1228.8
mvt_ID0000004,None,compute,0,1694251822.0,,,1694251827.0,1694251836.0,1694251846.0,29940018.0,1694251834.0,1694251902.0,1694251892.0,1694251895.0,9286.0,1694251902.0,1694251907.0,5.0,,7.0,68.0,5.0,10.0,177143652.0,3.0,28781.0,poseidon,condorpool,poseidon-worker-2-container-32-35,mvt,/opt/mvt/mvt,,40.0,0,0,0.0,825912.0,16384.0,509.0,4.0,39.9,0.1,20647.8,819.2
mvt_ID0000094,None,compute,0,1694251822.0,,,1694251827.0,1694251835.0,1694251846.0,34779130.8,1694251833.0,1694251902.0,1694251891.0,1694251894.0,16676.0,1694251902.0,1694251907.0,5.0,,6.0,69.0,5.0,11.0,177143652.0,3.0,52407.0,poseidon,condorpool,poseidon-worker-1-container-4-7,mvt,/opt/mvt/mvt,,39.8,0,0,0.0,800047.0,28672.0,446.0,7.0,29.9,0.1,26668.2,1433.6
post_vel_ID0000093,None,compute,0,1694251822.0,,,1694251827.0,1694251836.0,1694251847.0,32796264.6,1694251834.0,1694251862.0,1694251852.0,1694251855.0,4207.0,1694251862.0,1694251867.0,5.0,,7.0,28.0,5.0,11.0,177143937.0,3.0,13303.0,poseidon,condorpool,poseidon-worker-2-container-28-31,post_vel,/opt/netcdf2png/merged_netcdf2png,,0.1,0,0,,,,,,,,,
mvt_ID0000024,None,compute,0,1694251822.0,,,1694251827.0,1694251835.0,1694251847.0,28066455.4,1694251833.0,1694251902.0,1694251892.0,1694251895.0,9841.0,1694251902.0,1694251907.0,5.0,,6.0,69.0,5.0,12.0,177143652.0,3.0,30705.0,poseidon,condorpool,poseidon-worker-1-container-32-35,mvt,/opt/mvt/mvt,,39.8,0,0,0.0,823505.0,16384.0,497.0,4.0,29.9,0.1,27450.2,819.2
post_vel_ID0000023,None,compute,0,1694251822.0,,,1694251827.0,1694251835.0,1694251847.0,27806868.4,1694251833.0,1694251862.0,1694251852.0,1694251855.0,3585.0,1694251862.0,1694251867.0,5.0,,6.0,29.0,5.0,12.0,177143937.0,3.0,11372.0,poseidon,condorpool,poseidon-worker-1-container-20-23,post_vel,/opt/netcdf2png/merged_netcdf2png,,0.1,0,0,,,,,,,,,
post_vel_ID0000003,None,compute,0,1694251822.0,,,1694251827.0,1694251836.0,1694251847.0,34905713.0,1694251835.0,1694251862.0,1694251853.0,1694251856.0,3476.0,1694251862.0,1694251867.0,5.0,,8.0,27.0,5.0,11.0,177143937.0,3.0,10865.0,poseidon,condorpool,poseidon-worker-1-container-24-27,post_vel,/opt/netcdf2png/merged_netcdf2png,,0.1,0,0,,,,,,,,,
mvt_ID0000124,None,compute,0,1694251822.0,,,1694251827.0,1694251835.0,1694251846.0,35012372.2,1694251834.0,1694251902.0,1694251892.0,1694251895.0,22672.0,1694251902.0,1694251907.0,5.0,,7.0,68.0,5.0,11.0,177143652.0,3.0,70564.0,poseidon,condorpool,poseidon-worker-2-container-40-43,mvt,/opt/mvt/mvt,,40.1,0,0,0.0,834175.0,40960.0,527.0,10.0,39.9,0.0,20854.4,4096.0
mvt_ID0000074,None,compute,0,1694251822.0,,,1694251827.0,1694251835.0,1694251847.0,29024863.7,1694251834.0,1694251902.0,1694251892.0,1694251895.0,12526.0,1694251902.0,1694251907.0,5.0,,7.0,68.0,5.0,12.0,177143652.0,3.0,38855.0,poseidon,condorpool,poseidon-worker-1-container-36-39,mvt,/opt/mvt/mvt,,39.7,0,0,0.0,802926.0,20480.0,452.0,5.0,29.9,0.1,26764.2,1024.0
mvt_ID0000044,None,compute,0,1694251822.0,,,1694251827.0,1694251830.0,1694251843.0,24438617.0,1694251828.0,1694251897.0,1694251888.0,1694251891.0,9177.0,1694251897.0,1694251902.0,5.0,,1.0,69.0,5.0,13.0,177143652.0,3.0,28113.0,poseidon,condorpool,poseidon-worker-1-container-12-15,mvt,/opt/mvt/mvt,,39.7,0,0,0.0,793259.0,12288.0,431.0,3.0,29.9,0.1,26442.0,1228.8
stage_out_local_condorpool_1_1,None,transfer,0,1694251827.0,,,1694251832.0,,,0.0,1694251833.0,1694251842.0,,,0.0,1694251842.0,1694251847.0,5.0,,1.0,9.0,5.0,,,,,poseidon,local,poseidon-submit,pegasus::transfer,/mnt/poseidon-data/poseidon/pegasus-5.1.0panorama/bin/pegasus-transfer,/home/poseidon/pegasus-5.1.0panorama/bin/../bin/pegasus-kickstart  -n pegasus::transfer -N null -i - -R local  -L casa-wind-full -T 2023-09-08T07:29:05+00:00 /home/poseidon/pegasus-5.1.0panorama/bin/../bin/pegasus-transfer  --threads 2,1.0,0,0,,,,,,,,,
post_vel_ID0000083,None,compute,0,1694251827.0,,,1694251832.0,1694251853.0,1694251864.0,29860478.0,1694251851.0,1694251882.0,1694251869.0,1694251872.0,4129.0,1694251882.0,1694251887.0,5.0,,19.0,31.0,5.0,11.0,177143937.0,3.0,12720.0,poseidon,condorpool,poseidon-worker-2-container-28-31,post_vel,/opt/netcdf2png/merged_netcdf2png,,0.1,0,0,,,,,,,,,
stage_out_local_condorpool_1_2,None,transfer,0,1694251827.0,,,1694251832.0,,,0.0,1694251833.0,1694251842.0,,,0.0,1694251842.0,1694251847.0,5.0,,1.0,9.0,5.0,,,,,poseidon,local,poseidon-submit,pegasus::transfer,/mnt/poseidon-data/poseidon/pegasus-5.1.0panorama/bin/pegasus-transfer,/home/poseidon/pegasus-5.1.0panorama/bin/../bin/pegasus-kickstart  -n pegasus::transfer -N null -i - -R local  -L casa-wind-full -T 2023-09-08T07:29:05+00:00 /home/poseidon/pegasus-5.1.0panorama/bin/../bin/pegasus-transfer  --threads 2,0.9,0,0,,,,,,,,,
mvt_ID0000084,None,compute,0,1694251827.0,,,1694251832.0,1694251853.0,1694251864.0,29642201.0,1694251851.0,1694251917.0,1694251908.0,1694251911.0,15527.0,1694251917.0,1694251922.0,5.0,,19.0,66.0,5.0,11.0,177143652.0,3.0,47998.0,poseidon,condorpool,poseidon-worker-2-container-40-43,mvt,/opt/mvt/mvt,,38.7,0,0,0.0,849675.0,24576.0,554.0,6.0,29.9,0.0,28322.5,1228.8
mvt_ID0000104,None,compute,0,1694251827.0,,,1694251832.0,1694251852.0,1694251863.0,29706992.0,1694251851.0,1694251917.0,1694251908.0,1694251911.0,19296.0,1694251917.0,1694251922.0,5.0,,19.0,66.0,5.0,11.0,177143652.0,3.0,59590.0,poseidon,condorpool,poseidon-worker-2-container-4-7,mvt,/opt/mvt/mvt,,39.6,0,0,0.0,791884.0,32768.0,428.0,8.0,29.9,0.1,26396.1,3276.8
mvt_ID0000014,None,compute,0,1694251827.0,,,1694251832.0,1694251852.0,1694251863.0,29736529.5,1694251850.0,1694251917.0,1694251908.0,1694251911.0,10323.0,1694251917.0,1694251922.0,5.0,,18.0,67.0,5.0,11.0,177143652.0,3.0,31991.0,poseidon,condorpool,poseidon-worker-2-container-8-11,mvt,/opt/mvt/mvt,,39.5,0,0,0.0,793300.0,16384.0,431.0,4.0,29.9,0.1,26443.3,819.2
post_vel_ID0000013,None,compute,0,1694251827.0,,,1694251832.0,1694251852.0,1694251863.0,33971164.8,1694251850.0,1694251877.0,1694251868.0,1694251871.0,3581.0,1694251877.0,1694251882.0,5.0,,18.0,27.0,5.0,11.0,177143937.0,3.0,11040.0,poseidon,condorpool,poseidon-worker-1-container-36-39,post_vel,/opt/netcdf2png/merged_netcdf2png,,0.1,0,0,,,,,,,,,
mvt_ID0000114,None,compute,0,1694251827.0,,,1694251832.0,1694251848.0,1694251859.0,33989284.8,1694251846.0,1694251912.0,1694251903.0,1694251907.0,23387.0,1694251912.0,1694251917.0,5.0,,14.0,66.0,5.0,11.0,177143652.0,4.0,73234.0,poseidon,condorpool,poseidon-worker-2-container-12-15,mvt,/opt/mvt/mvt,,39.0,0,0,0.0,791972.0,40960.0,428.0,10.0,29.9,0.1,26399.1,4096.0
post_vel_ID0000113,None,compute,0,1694251827.0,,,1694251832.0,1694251848.0,1694251859.0,33273855.4,1694251846.0,1694251877.0,1694251865.0,1694251868.0,4832.0,1694251877.0,1694251882.0,5.0,,14.0,31.0,5.0,11.0,177143937.0,3.0,14745.0,poseidon,condorpool,poseidon-worker-1-container-8-11,post_vel,/opt/netcdf2png/merged_netcdf2png,,0.1,0,0,,,,,,,,,
post_vel_ID0000063,None,compute,0,1694251827.0,,,1694251832.0,1694251842.0,1694251853.0,29718450.5,1694251840.0,1694251867.0,1694251858.0,1694251861.0,3822.0,1694251867.0,1694251872.0,5.0,,8.0,27.0,5.0,11.0,177143937.0,3.0,11628.0,poseidon,condorpool,poseidon-worker-1-container-0-3,post_vel,/opt/netcdf2png/merged_netcdf2png,,0.1,0,0,,,,,,,,,
mvt_ID0000064,None,compute,0,1694251827.0,,,1694251832.0,1694251848.0,1694251859.0,29312928.4,1694251846.0,1694251917.0,1694251904.0,1694251907.0,10008.0,1694251917.0,1694251922.0,5.0,,14.0,71.0,5.0,11.0,177143652.0,3.0,31148.0,poseidon,condorpool,poseidon-worker-2-container-36-39,mvt,/opt/mvt/mvt,,39.7,0,0,0.0,791975.0,16384.0,428.0,4.0,29.9,0.1,26399.2,819.2
post_vel_ID0000103,None,compute,0,1694251827.0,,,1694251832.0,1694251852.0,1694251863.0,29928489.0,1694251851.0,1694251877.0,1694251869.0,1694251872.0,4488.0,1694251877.0,1694251882.0,5.0,,19.0,26.0,5.0,11.0,177143937.0,3.0,13815.0,poseidon,condorpool,poseidon-worker-1-container-4-7,post_vel,/opt/netcdf2png/merged_netcdf2png,,0.1,0,0,,,,,,,,,
register_condorpool_1_0,None,auxiliary,0,1694251837.0,,,1694251842.0,,,0.0,1694251842.0,1694251847.0,,,0.0,1694251847.0,1694251852.0,5.0,,0.0,5.0,5.0,,,,,poseidon,local,poseidon-submit,pegasus::rc-client,/mnt/poseidon-data/poseidon/pegasus-5.1.0panorama/bin/pegasus-rc-client,"-n pegasus::rc-client -N null -R local  -L casa-wind-full -T 2023-09-08T07:29:05+00:00 /home/poseidon/pegasus-5.1.0panorama/bin/pegasus-rc-client --prefix pegasus.catalog.replica.output --conf /mnt/poseidon-data/poseidon/workflows/casa-wind-workflow-full/submit/poseidon/pegasus/casa-wind-full/run0044/pegasus.7768821579054137086.properties -v --meta /mnt/poseidon-data/poseidon/workflows/casa-wind-workflow-full/submit/poseidon/pegasus/casa-wind-full/run0044/00/01/um_vel_ID0000067.meta,/mnt/poseidon-data/poseidon/workflows/casa-wind-workflow-full/submit/poseidon/pegasus/casa-wind-full/run0044/00/00/um_vel_ID0000127.meta,/mnt/poseidon-data/poseidon/workflows/casa-wind-workflow-full/submit/poseidon/pegasus/casa-wind-full/run0044/00/00/um_vel_ID0000122.meta,/mnt/poseidon-data/poseidon/workflows/casa-wind-workflow-full/submit/poseidon/pegasus/casa-wind-full/run0044/00/00/um_vel_ID0000092.meta,/mnt/poseidon-data/poseidon/workflows/casa-wind-workflow-full/submit/poseidon/pegasus/casa-wind-full/run0044/00/01/um_vel_ID0000077.meta,/mnt/poseidon-data/poseidon/workflows/casa-wind-workflow-full/submit/poseidon/pegasus/casa-wind-full/run0044/00/01/um_vel_ID0000057.meta,/mnt/poseidon-data/poseidon/workflows/casa-wind-workflow-full/submit/poseidon/pegasus/casa-wind-full/run0044/00/00/um_vel_ID0000027.meta,/mnt/poseidon-data/poseidon/workflows/casa-wind-workflow-full/submit/poseidon/pegasus/casa-wind-full/run0044/00/01/um_vel_ID0000042.meta,/mnt/poseidon-data/poseidon/workflows/casa-wind-workflow-full/submit/poseidon/pegasus/casa-wind-full/run0044/00/00/um_vel_ID0000022.meta --insert /mnt/poseidon-data/poseidon/workflows/casa-wind-workflow-full/submit/poseidon/pegasus/casa-wind-full/run0044/00/01/register_condorpool_1_0.in",2.7,0,0,,,,,,,,,
register_condorpool_1_1,None,auxiliary,0,1694251847.0,,,1694251852.0,,,0.0,1694251853.0,1694251857.0,,,0.0,1694251857.0,1694251862.0,5.0,,1.0,4.0,5.0,,,,,poseidon,local,poseidon-submit,pegasus::rc-client,/mnt/poseidon-data/poseidon/pegasus-5.1.0panorama/bin/pegasus-rc-client,"-n pegasus::rc-client -N null -R local  -L casa-wind-full -T 2023-09-08T07:29:05+00:00 /home/poseidon/pegasus-5.1.0panorama/bin/pegasus-rc-client --prefix pegasus.catalog.replica.output --conf /mnt/poseidon-data/poseidon/workflows/casa-wind-workflow-full/submit/poseidon/pegasus/casa-wind-full/run0044/pegasus.7768821579054137086.properties -v --meta /mnt/poseidon-data/poseidon/workflows/casa-wind-workflow-full/submit/poseidon/pegasus/casa-wind-full/run0044/00/00/um_vel_ID0000017.meta,/mnt/poseidon-data/poseidon/workflows/casa-wind-workflow-full/submit/poseidon/pegasus/casa-wind-full/run0044/00/01/um_vel_ID0000037.meta,/mnt/poseidon-data/poseidon/workflows/casa-wind-workflow-full/submit/poseidon/pegasus/casa-wind-full/run0044/00/00/um_vel_ID0000082.meta,/mnt/poseidon-data/poseidon/workflows/casa-wind-workflow-full/submit/poseidon/pegasus/casa-wind-full/run0044/00/00/um_vel_ID0000097.meta,/mnt/poseidon-data/poseidon/workflows/casa-wind-workflow-full/submit/poseidon/pegasus/casa-wind-full/run0044/00/01/um_vel_ID0000047.meta,/mnt/poseidon-data/poseidon/workflows/casa-wind-workflow-full/submit/poseidon/pegasus/casa-wind-full/run0044/00/00/um_vel_ID0000087.meta,/mnt/poseidon-data/poseidon/workflows/casa-wind-workflow-full/submit/poseidon/pegasus/casa-wind-full/run0044/00/01/um_vel_ID0000007.meta,/mnt/poseidon-data/poseidon/workflows/casa-wind-workflow-full/submit/poseidon/pegasus/casa-wind-full/run0044/00/01/um_vel_ID0000072.meta,/mnt/poseidon-data/poseidon/workflows/casa-wind-workflow-full/submit/poseidon/pegasus/casa-wind-full/run0044/00/01/um_vel_ID0000102.meta --insert /mnt/poseidon-data/poseidon/workflows/casa-wind-workflow-full/submit/poseidon/pegasus/casa-wind-full/run0044/00/01/register_condorpool_1_1.in",2.7,0,0,,,,,,,,,
register_condorpool_1_2,None,auxiliary,0,1694251847.0,,,1694251862.0,,,0.0,1694251862.0,1694251867.0,,,0.0,1694251867.0,1694251872.0,15.0,,0.0,5.0,5.0,,,,,poseidon,local,poseidon-submit,pegasus::rc-client,/mnt/poseidon-data/poseidon/pegasus-5.1.0panorama/bin/pegasus-rc-client,"-n pegasus::rc-client -N null -R local  -L casa-wind-full -T 2023-09-08T07:29:05+00:00 /home/poseidon/pegasus-5.1.0panorama/bin/pegasus-rc-client --prefix pegasus.catalog.replica.output --conf /mnt/poseidon-data/poseidon/workflows/casa-wind-workflow-full/submit/poseidon/pegasus/casa-wind-full/run0044/pegasus.7768821579054137086.properties -v --meta /mnt/poseidon-data/poseidon/workflows/casa-wind-workflow-full/submit/poseidon/pegasus/casa-wind-full/run0044/00/00/um_vel_ID0000117.meta,/mnt/poseidon-data/poseidon/workflows/casa-wind-workflow-full/submit/poseidon/pegasus/casa-wind-full/run0044/00/01/um_vel_ID0000052.meta,/mnt/poseidon-data/poseidon/workflows/casa-wind-workflow-full/submit/poseidon/pegasus/casa-wind-full/run0044/00/00/um_vel_ID0000002.meta,/mnt/poseidon-data/poseidon/workflows/casa-wind-workflow-full/submit/poseidon/pegasus/casa-wind-full/run0044/00/00/um_vel_ID0000012.meta,/mnt/poseidon-data/poseidon/workflows/casa-wind-workflow-full/submit/poseidon/pegasus/casa-wind-full/run0044/00/00/um_vel_ID0000032.meta,/mnt/poseidon-data/poseidon/workflows/casa-wind-workflow-full/submit/poseidon/pegasus/casa-wind-full/run0044/00/01/um_vel_ID0000062.meta,/mnt/poseidon-data/poseidon/workflows/casa-wind-workflow-full/submit/poseidon/pegasus/casa-wind-full/run0044/00/01/um_vel_ID0000112.meta,/mnt/poseidon-data/poseidon/workflows/casa-wind-workflow-full/submit/poseidon/pegasus/casa-wind-full/run0044/00/01/um_vel_ID0000107.meta --insert /mnt/poseidon-data/poseidon/workflows/casa-wind-workflow-full/submit/poseidon/pegasus/casa-wind-full/run0044/00/01/register_condorpool_1_2.in",2.6,0,0,,,,,,,,,
point_alert_ID0000050,None,compute,0,1694251887.0,,,1694251892.0,1694251895.0,1694251906.0,33654257.6,1694251893.0,1694251922.0,1694251911.0,1694251914.0,6850.0,1694251922.0,1694251927.0,5.0,,1.0,29.0,5.0,11.0,176632091.0,3.0,20878.0,poseidon,condorpool,poseidon-worker-1-container-44-47,point_alert,/opt/pointAlert/pointAlert,,0.0,0,0,,,,,,,,,
point_alert_ID0000100,None,compute,0,1694251892.0,,,1694251897.0,1694251900.0,1694251912.0,29057023.6,1694251898.0,1694251927.0,1694251917.0,1694251920.0,6710.0,1694251927.0,1694251932.0,5.0,,1.0,29.0,5.0,12.0,176658101.0,3.0,20638.0,poseidon,condorpool,poseidon-worker-1-container-20-23,point_alert,/opt/pointAlert/pointAlert,,0.0,0,0,,,,,,,,,
point_alert_ID0000070,None,compute,0,1694251892.0,,,1694251897.0,1694251900.0,1694251912.0,29096918.8,1694251898.0,1694251927.0,1694251917.0,1694251920.0,6594.0,1694251927.0,1694251932.0,5.0,,1.0,29.0,5.0,12.0,176643292.0,3.0,20558.0,poseidon,condorpool,poseidon-worker-1-container-8-11,point_alert,/opt/pointAlert/pointAlert,,0.0,0,0,,,,,,,,,
point_alert_ID0000010,None,compute,0,1694251892.0,,,1694251897.0,1694251900.0,1694251911.0,34508548.0,1694251898.0,1694251927.0,1694251916.0,1694251919.0,6701.0,1694251927.0,1694251932.0,5.0,,1.0,29.0,5.0,11.0,176643412.0,3.0,20478.0,poseidon,condorpool,poseidon-worker-2-container-16-19,point_alert,/opt/pointAlert/pointAlert,,0.0,0,0,,,,,,,,,
point_alert_ID0000080,None,compute,0,1694251897.0,,,1694251902.0,1694251905.0,1694251916.0,32346740.0,1694251903.0,1694251932.0,1694251921.0,1694251924.0,6592.0,1694251932.0,1694251937.0,5.0,,1.0,29.0,5.0,11.0,176653320.0,3.0,20718.0,poseidon,condorpool,poseidon-worker-1-container-4-7,point_alert,/opt/pointAlert/pointAlert,,0.0,0,0,,,,,,,,,
point_alert_ID0000060,None,compute,0,1694251897.0,,,1694251902.0,1694251905.0,1694251916.0,32265166.6,1694251903.0,1694251932.0,1694251921.0,1694251924.0,6708.0,1694251932.0,1694251937.0,5.0,,1.0,29.0,5.0,11.0,176636147.0,3.0,20878.0,poseidon,condorpool,poseidon-worker-1-container-16-19,point_alert,/opt/pointAlert/pointAlert,,0.0,0,0,,,,,,,,,
point_alert_ID0000120,None,compute,0,1694251897.0,,,1694251902.0,1694251905.0,1694251915.0,34799874.2,1694251903.0,1694251932.0,1694251921.0,1694251924.0,7061.0,1694251932.0,1694251937.0,5.0,,1.0,29.0,5.0,10.0,176673508.0,3.0,21998.0,poseidon,condorpool,poseidon-worker-1-container-36-39,point_alert,/opt/pointAlert/pointAlert,,0.0,0,0,,,,,,,,,
point_alert_ID0000130,None,compute,0,1694251897.0,,,1694251902.0,1694251905.0,1694251916.0,29600986.5,1694251903.0,1694251932.0,1694251921.0,1694251924.0,7443.0,1694251932.0,1694251937.0,5.0,,1.0,29.0,5.0,11.0,176672472.0,3.0,23118.0,poseidon,condorpool,poseidon-worker-1-container-44-47,point_alert,/opt/pointAlert/pointAlert,,0.0,0,0,,,,,,,,,
point_alert_ID0000020,None,compute,0,1694251897.0,,,1694251902.0,1694251905.0,1694251916.0,33882257.0,1694251903.0,1694251932.0,1694251921.0,1694251924.0,6522.0,1694251932.0,1694251937.0,5.0,,1.0,29.0,5.0,11.0,176644228.0,3.0,20478.0,poseidon,condorpool,poseidon-worker-1-container-36-39,point_alert,/opt/pointAlert/pointAlert,,0.0,0,0,,,,,,,,,
point_alert_ID0000090,None,compute,0,1694251897.0,,,1694251902.0,1694251905.0,1694251916.0,32937159.6,1694251903.0,1694251932.0,1694251921.0,1694251924.0,6594.0,1694251932.0,1694251937.0,5.0,,1.0,29.0,5.0,11.0,176656458.0,3.0,20638.0,poseidon,condorpool,poseidon-worker-1-container-16-19,point_alert,/opt/pointAlert/pointAlert,,0.0,0,0,,,,,,,,,
point_alert_ID0000040,None,compute,0,1694251897.0,,,1694251902.0,1694251905.0,1694251915.0,34413339.4,1694251903.0,1694251932.0,1694251921.0,1694251924.0,6604.0,1694251932.0,1694251937.0,5.0,,1.0,29.0,5.0,10.0,176642369.0,3.0,20558.0,poseidon,condorpool,poseidon-worker-1-container-40-43,point_alert,/opt/pointAlert/pointAlert,,0.0,0,0,,,,,,,,,
stage_out_local_condorpool_2_4,None,transfer,0,1694251902.0,,,1694251907.0,,,0.0,1694251908.0,1694251917.0,,,0.0,1694251917.0,1694251922.0,5.0,,1.0,9.0,5.0,,,,,poseidon,local,poseidon-submit,pegasus::transfer,/mnt/poseidon-data/poseidon/pegasus-5.1.0panorama/bin/pegasus-transfer,/home/poseidon/pegasus-5.1.0panorama/bin/../bin/pegasus-kickstart  -n pegasus::transfer -N null -i - -R local  -L casa-wind-full -T 2023-09-08T07:29:05+00:00 /home/poseidon/pegasus-5.1.0panorama/bin/../bin/pegasus-transfer  --threads 2,0.8,0,0,,,,,,,,,
point_alert_ID0000055,None,compute,0,1694251902.0,,,1694251907.0,1694251910.0,1694251921.0,29615942.0,1694251908.0,1694251937.0,1694251926.0,1694251929.0,6747.0,1694251937.0,1694251942.0,5.0,,1.0,29.0,5.0,11.0,176636535.0,3.0,20638.0,poseidon,condorpool,poseidon-worker-1-container-32-35,point_alert,/opt/pointAlert/pointAlert,,0.0,0,0,,,,,,,,,
point_alert_ID0000045,None,compute,0,1694251902.0,,,1694251907.0,1694251910.0,1694251920.0,29592440.5,1694251908.0,1694251937.0,1694251926.0,1694251929.0,6721.0,1694251937.0,1694251942.0,5.0,,1.0,29.0,5.0,10.0,176636096.0,3.0,20798.0,poseidon,condorpool,poseidon-worker-2-container-40-43,point_alert,/opt/pointAlert/pointAlert,,0.0,0,0,,,,,,,,,
stage_out_local_condorpool_2_1,None,transfer,0,1694251907.0,,,1694251912.0,,,0.0,1694251913.0,1694251922.0,,,0.0,1694251922.0,1694251927.0,5.0,,1.0,9.0,5.0,,,,,poseidon,local,poseidon-submit,pegasus::transfer,/mnt/poseidon-data/poseidon/pegasus-5.1.0panorama/bin/pegasus-transfer,/home/poseidon/pegasus-5.1.0panorama/bin/../bin/pegasus-kickstart  -n pegasus::transfer -N null -i - -R local  -L casa-wind-full -T 2023-09-08T07:29:05+00:00 /home/poseidon/pegasus-5.1.0panorama/bin/../bin/pegasus-transfer  --threads 2,0.9,0,0,,,,,,,,,
point_alert_ID0000030,None,compute,0,1694251907.0,,,1694251912.0,1694251915.0,1694251926.0,34584275.0,1694251913.0,1694251942.0,1694251931.0,1694251934.0,6319.0,1694251942.0,1694251947.0,5.0,,1.0,29.0,5.0,11.0,176646324.0,3.0,20158.0,poseidon,condorpool,poseidon-worker-2-container-44-47,point_alert,/opt/pointAlert/pointAlert,,0.0,0,0,,,,,,,,,
stage_out_local_condorpool_2_0,None,transfer,0,1694251907.0,,,1694251912.0,,,0.0,1694251913.0,1694251922.0,,,0.0,1694251922.0,1694251927.0,5.0,,1.0,9.0,5.0,,,,,poseidon,local,poseidon-submit,pegasus::transfer,/mnt/poseidon-data/poseidon/pegasus-5.1.0panorama/bin/pegasus-transfer,/home/poseidon/pegasus-5.1.0panorama/bin/../bin/pegasus-kickstart  -n pegasus::transfer -N null -i - -R local  -L casa-wind-full -T 2023-09-08T07:29:05+00:00 /home/poseidon/pegasus-5.1.0panorama/bin/../bin/pegasus-transfer  --threads 2,0.9,0,0,,,,,,,,,
point_alert_ID0000110,None,compute,0,1694251907.0,,,1694251912.0,1694251915.0,1694251926.0,29629498.0,1694251913.0,1694251942.0,1694251931.0,1694251934.0,6584.0,1694251942.0,1694251947.0,5.0,,1.0,29.0,5.0,11.0,176667937.0,3.0,21038.0,poseidon,condorpool,poseidon-worker-1-container-8-11,point_alert,/opt/pointAlert/pointAlert,,0.0,0,0,,,,,,,,,
point_alert_ID0000035,None,compute,0,1694251907.0,,,1694251912.0,1694251915.0,1694251926.0,34041529.0,1694251913.0,1694251942.0,1694251931.0,1694251934.0,6326.0,1694251942.0,1694251947.0,5.0,,1.0,29.0,5.0,11.0,176638959.0,3.0,20078.0,poseidon,condorpool,poseidon-worker-2-container-12-15,point_alert,/opt/pointAlert/pointAlert,,0.0,0,0,,,,,,,,,
point_alert_ID0000075,None,compute,0,1694251907.0,,,1694251912.0,1694251915.0,1694251926.0,29868290.0,1694251913.0,1694251942.0,1694251931.0,1694251934.0,6560.0,1694251942.0,1694251947.0,5.0,,1.0,29.0,5.0,11.0,176646838.0,3.0,20558.0,poseidon,condorpool,poseidon-worker-2-container-20-23,point_alert,/opt/pointAlert/pointAlert,,0.0,0,0,,,,,,,,,
point_alert_ID0000095,None,compute,0,1694251907.0,,,1694251912.0,1694251915.0,1694251926.0,34375375.2,1694251913.0,1694251942.0,1694251931.0,1694251935.0,6561.0,1694251942.0,1694251947.0,5.0,,1.0,29.0,5.0,11.0,176660390.0,4.0,20718.0,poseidon,condorpool,poseidon-worker-2-container-40-43,point_alert,/opt/pointAlert/pointAlert,,0.0,0,0,,,,,,,,,
point_alert_ID0000025,None,compute,0,1694251907.0,,,1694251912.0,1694251915.0,1694251926.0,34665257.2,1694251913.0,1694251942.0,1694251931.0,1694251935.0,6374.0,1694251942.0,1694251947.0,5.0,,1.0,29.0,5.0,11.0,176638688.0,4.0,20078.0,poseidon,condorpool,poseidon-worker-2-container-32-35,point_alert,/opt/pointAlert/pointAlert,,0.0,0,0,,,,,,,,,
point_alert_ID0000125,None,compute,0,1694251907.0,,,1694251912.0,1694251915.0,1694251926.0,29802658.0,1694251913.0,1694251942.0,1694251931.0,1694251935.0,7163.0,1694251942.0,1694251947.0,5.0,,1.0,29.0,5.0,11.0,176678547.0,4.0,22878.0,poseidon,condorpool,poseidon-worker-2-container-32-35,point_alert,/opt/pointAlert/pointAlert,,0.0,0,0,,,,,,,,,
point_alert_ID0000005,None,compute,0,1694251907.0,,,1694251912.0,1694251915.0,1694251926.0,30275559.4,1694251913.0,1694251942.0,1694251931.0,1694251935.0,6520.0,1694251942.0,1694251947.0,5.0,,1.0,29.0,5.0,11.0,176636764.0,4.0,20398.0,poseidon,condorpool,poseidon-worker-2-container-0-3,point_alert,/opt/pointAlert/pointAlert,,0.0,0,0,,,,,,,,,
point_alert_ID0000115,None,compute,0,1694251917.0,,,1694251922.0,1694251924.0,1694251935.0,29644169.0,1694251923.0,1694251952.0,1694251940.0,1694251943.0,6961.0,1694251952.0,1694251957.0,5.0,,1.0,29.0,5.0,11.0,176681217.0,3.0,21598.0,poseidon,condorpool,poseidon-worker-1-container-44-47,point_alert,/opt/pointAlert/pointAlert,,0.0,0,0,,,,,,,,,
register_condorpool_2_4,None,auxiliary,0,1694251922.0,,,1694251927.0,,,0.0,1694251927.0,1694251932.0,,,0.0,1694251932.0,1694251937.0,5.0,,0.0,5.0,5.0,,,,,poseidon,local,poseidon-submit,pegasus::rc-client,/mnt/poseidon-data/poseidon/pegasus-5.1.0panorama/bin/pegasus-rc-client,"-n pegasus::rc-client -N null -R local  -L casa-wind-full -T 2023-09-08T07:29:05+00:00 /home/poseidon/pegasus-5.1.0panorama/bin/pegasus-rc-client --prefix pegasus.catalog.replica.output --conf /mnt/poseidon-data/poseidon/workflows/casa-wind-workflow-full/submit/poseidon/pegasus/casa-wind-full/run0044/pegasus.7768821579054137086.properties -v --meta /mnt/poseidon-data/poseidon/workflows/casa-wind-workflow-full/submit/poseidon/pegasus/casa-wind-full/run0044/00/02/post_vel_ID0000108.meta,/mnt/poseidon-data/poseidon/workflows/casa-wind-workflow-full/submit/poseidon/pegasus/casa-wind-full/run0044/00/01/post_vel_ID0000063.meta,/mnt/poseidon-data/poseidon/workflows/casa-wind-workflow-full/submit/poseidon/pegasus/casa-wind-full/run0044/00/01/post_vel_ID0000013.meta,/mnt/poseidon-data/poseidon/workflows/casa-wind-workflow-full/submit/poseidon/pegasus/casa-wind-full/run0044/00/02/mvt_ID0000054.meta,/mnt/poseidon-data/poseidon/workflows/casa-wind-workflow-full/submit/poseidon/pegasus/casa-wind-full/run0044/00/01/post_vel_ID0000033.meta,/mnt/poseidon-data/poseidon/workflows/casa-wind-workflow-full/submit/poseidon/pegasus/casa-wind-full/run0044/00/02/post_vel_ID0000113.meta,/mnt/poseidon-data/poseidon/workflows/casa-wind-workflow-full/submit/poseidon/pegasus/casa-wind-full/run0044/00/01/post_vel_ID0000003.meta,/mnt/poseidon-data/poseidon/workflows/casa-wind-workflow-full/submit/poseidon/pegasus/casa-wind-full/run0044/00/01/post_vel_ID0000118.meta --insert /mnt/poseidon-data/poseidon/workflows/casa-wind-workflow-full/submit/poseidon/pegasus/casa-wind-full/run0044/00/02/register_condorpool_2_4.in",2.7,0,0,,,,,,,,,
point_alert_ID0000015,None,compute,0,1694251922.0,,,1694251927.0,1694251930.0,1694251940.0,29643812.0,1694251928.0,1694251957.0,1694251946.0,1694251949.0,6631.0,1694251957.0,1694251962.0,5.0,,1.0,29.0,5.0,10.0,176639974.0,3.0,20558.0,poseidon,condorpool,poseidon-worker-1-container-8-11,point_alert,/opt/pointAlert/pointAlert,,0.0,0,0,,,,,,,,,
stage_out_local_condorpool_2_2,None,transfer,0,1694251922.0,,,1694251927.0,,,0.0,1694251927.0,1694251932.0,,,0.0,1694251932.0,1694251937.0,5.0,,0.0,5.0,5.0,,,,,poseidon,local,poseidon-submit,pegasus::transfer,/mnt/poseidon-data/poseidon/pegasus-5.1.0panorama/bin/pegasus-transfer,/home/poseidon/pegasus-5.1.0panorama/bin/../bin/pegasus-kickstart  -n pegasus::transfer -N null -i - -R local  -L casa-wind-full -T 2023-09-08T07:29:05+00:00 /home/poseidon/pegasus-5.1.0panorama/bin/../bin/pegasus-transfer  --threads 2,0.9,0,0,,,,,,,,,
stage_out_local_condorpool_2_3,None,transfer,0,1694251922.0,,,1694251927.0,,,0.0,1694251927.0,1694251932.0,,,0.0,1694251932.0,1694251937.0,5.0,,0.0,5.0,5.0,,,,,poseidon,local,poseidon-submit,pegasus::transfer,/mnt/poseidon-data/poseidon/pegasus-5.1.0panorama/bin/pegasus-transfer,/home/poseidon/pegasus-5.1.0panorama/bin/../bin/pegasus-kickstart  -n pegasus::transfer -N null -i - -R local  -L casa-wind-full -T 2023-09-08T07:29:05+00:00 /home/poseidon/pegasus-5.1.0panorama/bin/../bin/pegasus-transfer  --threads 2,0.9,0,0,,,,,,,,,
point_alert_ID0000065,None,compute,0,1694251922.0,,,1694251927.0,1694251930.0,1694251940.0,29594199.0,1694251928.0,1694251957.0,1694251946.0,1694251949.0,6502.0,1694251957.0,1694251962.0,5.0,,1.0,29.0,5.0,10.0,176639131.0,3.0,20238.0,poseidon,condorpool,poseidon-worker-2-container-16-19,point_alert,/opt/pointAlert/pointAlert,,0.0,0,0,,,,,,,,,
stage_out_local_condorpool_2_5,None,transfer,0,1694251922.0,,,1694251927.0,,,0.0,1694251927.0,1694251932.0,,,0.0,1694251932.0,1694251937.0,5.0,,0.0,5.0,5.0,,,,,poseidon,local,poseidon-submit,pegasus::transfer,/mnt/poseidon-data/poseidon/pegasus-5.1.0panorama/bin/pegasus-transfer,/home/poseidon/pegasus-5.1.0panorama/bin/../bin/pegasus-kickstart  -n pegasus::transfer -N null -i - -R local  -L casa-wind-full -T 2023-09-08T07:29:05+00:00 /home/poseidon/pegasus-5.1.0panorama/bin/../bin/pegasus-transfer  --threads 2,0.9,0,0,,,,,,,,,
point_alert_ID0000105,None,compute,0,1694251922.0,,,1694251927.0,1694251930.0,1694251940.0,29679571.0,1694251928.0,1694251957.0,1694251946.0,1694251949.0,6882.0,1694251957.0,1694251962.0,5.0,,1.0,29.0,5.0,10.0,176667573.0,3.0,21278.0,poseidon,condorpool,poseidon-worker-2-container-36-39,point_alert,/opt/pointAlert/pointAlert,,0.0,0,0,,,,,,,,,
point_alert_ID0000085,None,compute,0,1694251922.0,,,1694251927.0,1694251930.0,1694251940.0,29590837.5,1694251928.0,1694251957.0,1694251946.0,1694251949.0,6810.0,1694251957.0,1694251962.0,5.0,,1.0,29.0,5.0,10.0,176655981.0,3.0,21118.0,poseidon,condorpool,poseidon-worker-1-container-20-23,point_alert,/opt/pointAlert/pointAlert,,0.0,0,0,,,,,,,,,
register_condorpool_2_0,None,auxiliary,0,1694251927.0,,,1694251937.0,,,0.0,1694251938.0,1694251942.0,,,0.0,1694251942.0,1694251947.0,10.0,,1.0,4.0,5.0,,,,,poseidon,local,poseidon-submit,pegasus::rc-client,/mnt/poseidon-data/poseidon/pegasus-5.1.0panorama/bin/pegasus-rc-client,"-n pegasus::rc-client -N null -R local  -L casa-wind-full -T 2023-09-08T07:29:05+00:00 /home/poseidon/pegasus-5.1.0panorama/bin/pegasus-rc-client --prefix pegasus.catalog.replica.output --conf /mnt/poseidon-data/poseidon/workflows/casa-wind-workflow-full/submit/poseidon/pegasus/casa-wind-full/run0044/pegasus.7768821579054137086.properties -v --meta /mnt/poseidon-data/poseidon/workflows/casa-wind-workflow-full/submit/poseidon/pegasus/casa-wind-full/run0044/00/01/post_vel_ID0000023.meta,/mnt/poseidon-data/poseidon/workflows/casa-wind-workflow-full/submit/poseidon/pegasus/casa-wind-full/run0044/00/01/post_vel_ID0000093.meta,/mnt/poseidon-data/poseidon/workflows/casa-wind-workflow-full/submit/poseidon/pegasus/casa-wind-full/run0044/00/01/mvt_ID0000129.meta,/mnt/poseidon-data/poseidon/workflows/casa-wind-workflow-full/submit/poseidon/pegasus/casa-wind-full/run0044/00/02/mvt_ID0000044.meta,/mnt/poseidon-data/poseidon/workflows/casa-wind-workflow-full/submit/poseidon/pegasus/casa-wind-full/run0044/00/02/post_vel_ID0000058.meta,/mnt/poseidon-data/poseidon/workflows/casa-wind-workflow-full/submit/poseidon/pegasus/casa-wind-full/run0044/00/01/post_vel_ID0000068.meta,/mnt/poseidon-data/poseidon/workflows/casa-wind-workflow-full/submit/poseidon/pegasus/casa-wind-full/run0044/00/01/post_vel_ID0000123.meta,/mnt/poseidon-data/poseidon/workflows/casa-wind-workflow-full/submit/poseidon/pegasus/casa-wind-full/run0044/00/02/post_vel_ID0000078.meta,/mnt/poseidon-data/poseidon/workflows/casa-wind-workflow-full/submit/poseidon/pegasus/casa-wind-full/run0044/00/01/mvt_ID0000029.meta --insert /mnt/poseidon-data/poseidon/workflows/casa-wind-workflow-full/submit/poseidon/pegasus/casa-wind-full/run0044/00/02/register_condorpool_2_0.in",2.7,0,0,,,,,,,,,
register_condorpool_2_1,None,auxiliary,0,1694251927.0,,,1694252007.0,,,0.0,1694252007.0,1694252012.0,,,0.0,1694252012.0,1694252017.0,80.0,,0.0,5.0,5.0,,,,,poseidon,local,poseidon-submit,pegasus::rc-client,/mnt/poseidon-data/poseidon/pegasus-5.1.0panorama/bin/pegasus-rc-client,"-n pegasus::rc-client -N null -R local  -L casa-wind-full -T 2023-09-08T07:29:05+00:00 /home/poseidon/pegasus-5.1.0panorama/bin/pegasus-rc-client --prefix pegasus.catalog.replica.output --conf /mnt/poseidon-data/poseidon/workflows/casa-wind-workflow-full/submit/poseidon/pegasus/casa-wind-full/run0044/pegasus.7768821579054137086.properties -v --meta /mnt/poseidon-data/poseidon/workflows/casa-wind-workflow-full/submit/poseidon/pegasus/casa-wind-full/run0044/00/01/post_vel_ID0000028.meta,/mnt/poseidon-data/poseidon/workflows/casa-wind-workflow-full/submit/poseidon/pegasus/casa-wind-full/run0044/00/02/post_vel_ID0000043.meta,/mnt/poseidon-data/poseidon/workflows/casa-wind-workflow-full/submit/poseidon/pegasus/casa-wind-full/run0044/00/01/post_vel_ID0000128.meta,/mnt/poseidon-data/poseidon/workflows/casa-wind-workflow-full/submit/poseidon/pegasus/casa-wind-full/run0044/00/01/mvt_ID0000094.meta,/mnt/poseidon-data/poseidon/workflows/casa-wind-workflow-full/submit/poseidon/pegasus/casa-wind-full/run0044/00/01/mvt_ID0000069.meta,/mnt/poseidon-data/poseidon/workflows/casa-wind-workflow-full/submit/poseidon/pegasus/casa-wind-full/run0044/00/02/mvt_ID0000059.meta,/mnt/poseidon-data/poseidon/workflows/casa-wind-workflow-full/submit/poseidon/pegasus/casa-wind-full/run0044/00/01/mvt_ID0000124.meta,/mnt/poseidon-data/poseidon/workflows/casa-wind-workflow-full/submit/poseidon/pegasus/casa-wind-full/run0044/00/01/mvt_ID0000024.meta,/mnt/poseidon-data/poseidon/workflows/casa-wind-workflow-full/submit/poseidon/pegasus/casa-wind-full/run0044/00/02/mvt_ID0000079.meta --insert /mnt/poseidon-data/poseidon/workflows/casa-wind-workflow-full/submit/poseidon/pegasus/casa-wind-full/run0044/00/02/register_condorpool_2_1.in",2.7,0,0,,,,,,,,,
register_condorpool_2_5,None,auxiliary,0,1694251937.0,,,1694251957.0,,,0.0,1694251958.0,1694251962.0,,,0.0,1694251962.0,1694251967.0,20.0,,1.0,4.0,5.0,,,,,poseidon,local,poseidon-submit,pegasus::rc-client,/mnt/poseidon-data/poseidon/pegasus-5.1.0panorama/bin/pegasus-rc-client,"-n pegasus::rc-client -N null -R local  -L casa-wind-full -T 2023-09-08T07:29:05+00:00 /home/poseidon/pegasus-5.1.0panorama/bin/pegasus-rc-client --prefix pegasus.catalog.replica.output --conf /mnt/poseidon-data/poseidon/workflows/casa-wind-workflow-full/submit/poseidon/pegasus/casa-wind-full/run0044/pegasus.7768821579054137086.properties -v --meta /mnt/poseidon-data/poseidon/workflows/casa-wind-workflow-full/submit/poseidon/pegasus/casa-wind-full/run0044/00/01/mvt_ID0000004.meta,/mnt/poseidon-data/poseidon/workflows/casa-wind-workflow-full/submit/poseidon/pegasus/casa-wind-full/run0044/00/01/mvt_ID0000119.meta,/mnt/poseidon-data/poseidon/workflows/casa-wind-workflow-full/submit/poseidon/pegasus/casa-wind-full/run0044/00/02/post_vel_ID0000053.meta,/mnt/poseidon-data/poseidon/workflows/casa-wind-workflow-full/submit/poseidon/pegasus/casa-wind-full/run0044/00/02/mvt_ID0000114.meta,/mnt/poseidon-data/poseidon/workflows/casa-wind-workflow-full/submit/poseidon/pegasus/casa-wind-full/run0044/00/01/mvt_ID0000034.meta,/mnt/poseidon-data/poseidon/workflows/casa-wind-workflow-full/submit/poseidon/pegasus/casa-wind-full/run0044/00/01/mvt_ID0000014.meta,/mnt/poseidon-data/poseidon/workflows/casa-wind-workflow-full/submit/poseidon/pegasus/casa-wind-full/run0044/00/02/mvt_ID0000109.meta,/mnt/poseidon-data/poseidon/workflows/casa-wind-workflow-full/submit/poseidon/pegasus/casa-wind-full/run0044/00/01/mvt_ID0000064.meta --insert /mnt/poseidon-data/poseidon/workflows/casa-wind-workflow-full/submit/poseidon/pegasus/casa-wind-full/run0044/00/02/register_condorpool_2_5.in",2.8,0,0,,,,,,,,,
register_condorpool_2_2,None,auxiliary,0,1694251937.0,,,1694251977.0,,,0.0,1694251977.0,1694251982.0,,,0.0,1694251982.0,1694251987.0,40.0,,0.0,5.0,5.0,,,,,poseidon,local,poseidon-submit,pegasus::rc-client,/mnt/poseidon-data/poseidon/pegasus-5.1.0panorama/bin/pegasus-rc-client,"-n pegasus::rc-client -N null -R local  -L casa-wind-full -T 2023-09-08T07:29:05+00:00 /home/poseidon/pegasus-5.1.0panorama/bin/pegasus-rc-client --prefix pegasus.catalog.replica.output --conf /mnt/poseidon-data/poseidon/workflows/casa-wind-workflow-full/submit/poseidon/pegasus/casa-wind-full/run0044/pegasus.7768821579054137086.properties -v --meta /mnt/poseidon-data/poseidon/workflows/casa-wind-workflow-full/submit/poseidon/pegasus/casa-wind-full/run0044/00/02/post_vel_ID0000073.meta,/mnt/poseidon-data/poseidon/workflows/casa-wind-workflow-full/submit/poseidon/pegasus/casa-wind-full/run0044/00/02/mvt_ID0000039.meta,/mnt/poseidon-data/poseidon/workflows/casa-wind-workflow-full/submit/poseidon/pegasus/casa-wind-full/run0044/00/01/mvt_ID0000099.meta,/mnt/poseidon-data/poseidon/workflows/casa-wind-workflow-full/submit/poseidon/pegasus/casa-wind-full/run0044/00/01/post_vel_ID0000008.meta,/mnt/poseidon-data/poseidon/workflows/casa-wind-workflow-full/submit/poseidon/pegasus/casa-wind-full/run0044/00/02/mvt_ID0000049.meta,/mnt/poseidon-data/poseidon/workflows/casa-wind-workflow-full/submit/poseidon/pegasus/casa-wind-full/run0044/00/01/mvt_ID0000019.meta,/mnt/poseidon-data/poseidon/workflows/casa-wind-workflow-full/submit/poseidon/pegasus/casa-wind-full/run0044/00/02/mvt_ID0000104.meta,/mnt/poseidon-data/poseidon/workflows/casa-wind-workflow-full/submit/poseidon/pegasus/casa-wind-full/run0044/00/01/post_vel_ID0000083.meta,/mnt/poseidon-data/poseidon/workflows/casa-wind-workflow-full/submit/poseidon/pegasus/casa-wind-full/run0044/00/01/post_vel_ID0000088.meta --insert /mnt/poseidon-data/poseidon/workflows/casa-wind-workflow-full/submit/poseidon/pegasus/casa-wind-full/run0044/00/02/register_condorpool_2_2.in",2.7,0,0,,,,,,,,,
register_condorpool_2_3,None,auxiliary,0,1694251937.0,,,1694251947.0,,,0.0,1694251947.0,1694251952.0,,,0.0,1694251952.0,1694251957.0,10.0,,0.0,5.0,5.0,,,,,poseidon,local,poseidon-submit,pegasus::rc-client,/mnt/poseidon-data/poseidon/pegasus-5.1.0panorama/bin/pegasus-rc-client,"-n pegasus::rc-client -N null -R local  -L casa-wind-full -T 2023-09-08T07:29:05+00:00 /home/poseidon/pegasus-5.1.0panorama/bin/pegasus-rc-client --prefix pegasus.catalog.replica.output --conf /mnt/poseidon-data/poseidon/workflows/casa-wind-workflow-full/submit/poseidon/pegasus/casa-wind-full/run0044/pegasus.7768821579054137086.properties -v --meta /mnt/poseidon-data/poseidon/workflows/casa-wind-workflow-full/submit/poseidon/pegasus/casa-wind-full/run0044/00/01/mvt_ID0000084.meta,/mnt/poseidon-data/poseidon/workflows/casa-wind-workflow-full/submit/poseidon/pegasus/casa-wind-full/run0044/00/02/post_vel_ID0000103.meta,/mnt/poseidon-data/poseidon/workflows/casa-wind-workflow-full/submit/poseidon/pegasus/casa-wind-full/run0044/00/01/post_vel_ID0000098.meta,/mnt/poseidon-data/poseidon/workflows/casa-wind-workflow-full/submit/poseidon/pegasus/casa-wind-full/run0044/00/02/post_vel_ID0000048.meta,/mnt/poseidon-data/poseidon/workflows/casa-wind-workflow-full/submit/poseidon/pegasus/casa-wind-full/run0044/00/01/mvt_ID0000009.meta,/mnt/poseidon-data/poseidon/workflows/casa-wind-workflow-full/submit/poseidon/pegasus/casa-wind-full/run0044/00/01/post_vel_ID0000018.meta,/mnt/poseidon-data/poseidon/workflows/casa-wind-workflow-full/submit/poseidon/pegasus/casa-wind-full/run0044/00/01/mvt_ID0000089.meta,/mnt/poseidon-data/poseidon/workflows/casa-wind-workflow-full/submit/poseidon/pegasus/casa-wind-full/run0044/00/02/mvt_ID0000074.meta,/mnt/poseidon-data/poseidon/workflows/casa-wind-workflow-full/submit/poseidon/pegasus/casa-wind-full/run0044/00/02/post_vel_ID0000038.meta --insert /mnt/poseidon-data/poseidon/workflows/casa-wind-workflow-full/submit/poseidon/pegasus/casa-wind-full/run0044/00/02/register_condorpool_2_3.in",2.7,0,0,,,,,,,,,
stage_out_local_condorpool_3_0,None,transfer,0,1694251947.0,,,1694251952.0,,,0.0,1694251952.0,1694251957.0,,,0.0,1694251957.0,1694251962.0,5.0,,0.0,5.0,5.0,,,,,poseidon,local,poseidon-submit,pegasus::transfer,/mnt/poseidon-data/poseidon/pegasus-5.1.0panorama/bin/pegasus-transfer,/home/poseidon/pegasus-5.1.0panorama/bin/../bin/pegasus-kickstart  -n pegasus::transfer -N null -i - -R local  -L casa-wind-full -T 2023-09-08T07:29:05+00:00 /home/poseidon/pegasus-5.1.0panorama/bin/../bin/pegasus-transfer  --threads 2,0.9,0,0,,,,,,,,,
stage_out_local_condorpool_3_1,None,transfer,0,1694251962.0,,,1694251967.0,,,0.0,1694251968.0,1694251972.0,,,0.0,1694251972.0,1694251977.0,5.0,,1.0,4.0,5.0,,,,,poseidon,local,poseidon-submit,pegasus::transfer,/mnt/poseidon-data/poseidon/pegasus-5.1.0panorama/bin/pegasus-transfer,/home/poseidon/pegasus-5.1.0panorama/bin/../bin/pegasus-kickstart  -n pegasus::transfer -N null -i - -R local  -L casa-wind-full -T 2023-09-08T07:29:05+00:00 /home/poseidon/pegasus-5.1.0panorama/bin/../bin/pegasus-transfer  --threads 2,0.9,0,0,,,,,,,,,
stage_out_local_condorpool_3_2,None,transfer,0,1694251962.0,,,1694251967.0,,,0.0,1694251968.0,1694251972.0,,,0.0,1694251972.0,1694251977.0,5.0,,1.0,4.0,5.0,,,,,poseidon,local,poseidon-submit,pegasus::transfer,/mnt/poseidon-data/poseidon/pegasus-5.1.0panorama/bin/pegasus-transfer,/home/poseidon/pegasus-5.1.0panorama/bin/../bin/pegasus-kickstart  -n pegasus::transfer -N null -i - -R local  -L casa-wind-full -T 2023-09-08T07:29:05+00:00 /home/poseidon/pegasus-5.1.0panorama/bin/../bin/pegasus-transfer  --threads 2,0.8,0,0,,,,,,,,,
register_condorpool_3_0,None,auxiliary,0,1694251962.0,,,1694251967.0,,,0.0,1694251968.0,1694251972.0,,,0.0,1694251972.0,1694251977.0,5.0,,1.0,4.0,5.0,,,,,poseidon,local,poseidon-submit,pegasus::rc-client,/mnt/poseidon-data/poseidon/pegasus-5.1.0panorama/bin/pegasus-rc-client,"-n pegasus::rc-client -N null -R local  -L casa-wind-full -T 2023-09-08T07:29:05+00:00 /home/poseidon/pegasus-5.1.0panorama/bin/pegasus-rc-client --prefix pegasus.catalog.replica.output --conf /mnt/poseidon-data/poseidon/workflows/casa-wind-workflow-full/submit/poseidon/pegasus/casa-wind-full/run0044/pegasus.7768821579054137086.properties -v --meta /mnt/poseidon-data/poseidon/workflows/casa-wind-workflow-full/submit/poseidon/pegasus/casa-wind-full/run0044/00/02/point_alert_ID0000125.meta,/mnt/poseidon-data/poseidon/workflows/casa-wind-workflow-full/submit/poseidon/pegasus/casa-wind-full/run0044/00/02/point_alert_ID0000095.meta,/mnt/poseidon-data/poseidon/workflows/casa-wind-workflow-full/submit/poseidon/pegasus/casa-wind-full/run0044/00/03/point_alert_ID0000060.meta,/mnt/poseidon-data/poseidon/workflows/casa-wind-workflow-full/submit/poseidon/pegasus/casa-wind-full/run0044/00/02/point_alert_ID0000030.meta,/mnt/poseidon-data/poseidon/workflows/casa-wind-workflow-full/submit/poseidon/pegasus/casa-wind-full/run0044/00/02/point_alert_ID0000025.meta,/mnt/poseidon-data/poseidon/workflows/casa-wind-workflow-full/submit/poseidon/pegasus/casa-wind-full/run0044/00/03/point_alert_ID0000045.meta,/mnt/poseidon-data/poseidon/workflows/casa-wind-workflow-full/submit/poseidon/pegasus/casa-wind-full/run0044/00/02/point_alert_ID0000130.meta,/mnt/poseidon-data/poseidon/workflows/casa-wind-workflow-full/submit/poseidon/pegasus/casa-wind-full/run0044/00/02/point_alert_ID0000070.meta,/mnt/poseidon-data/poseidon/workflows/casa-wind-workflow-full/submit/poseidon/pegasus/casa-wind-full/run0044/00/02/point_alert_ID0000080.meta --insert /mnt/poseidon-data/poseidon/workflows/casa-wind-workflow-full/submit/poseidon/pegasus/casa-wind-full/run0044/00/03/register_condorpool_3_0.in",2.6,0,0,,,,,,,,,
cleanup_casa-wind-full_0_condorpool,None,auxiliary,0,1694251977.0,,,1694251982.0,,,0.0,1694251982.0,1694251987.0,,,0.0,1694251987.0,1694251992.0,5.0,,0.0,5.0,5.0,,,,,poseidon,local,poseidon-submit,pegasus::cleanup,/mnt/poseidon-data/poseidon/pegasus-5.1.0panorama/bin/pegasus-transfer,pegasus-kickstart  -n pegasus::cleanup -N null -i - -R local  -L casa-wind-full -T 2023-09-08T07:29:05+00:00 pegasus-transfer,0.2,0,0,,,,,,,,,
register_condorpool_3_2,None,auxiliary,0,1694251977.0,,,1694251997.0,,,0.0,1694251998.0,1694252002.0,,,0.0,1694252002.0,1694252007.0,20.0,,1.0,4.0,5.0,,,,,poseidon,local,poseidon-submit,pegasus::rc-client,/mnt/poseidon-data/poseidon/pegasus-5.1.0panorama/bin/pegasus-rc-client,"-n pegasus::rc-client -N null -R local  -L casa-wind-full -T 2023-09-08T07:29:05+00:00 /home/poseidon/pegasus-5.1.0panorama/bin/pegasus-rc-client --prefix pegasus.catalog.replica.output --conf /mnt/poseidon-data/poseidon/workflows/casa-wind-workflow-full/submit/poseidon/pegasus/casa-wind-full/run0044/pegasus.7768821579054137086.properties -v --meta /mnt/poseidon-data/poseidon/workflows/casa-wind-workflow-full/submit/poseidon/pegasus/casa-wind-full/run0044/00/03/point_alert_ID0000110.meta,/mnt/poseidon-data/poseidon/workflows/casa-wind-workflow-full/submit/poseidon/pegasus/casa-wind-full/run0044/00/03/point_alert_ID0000055.meta,/mnt/poseidon-data/poseidon/workflows/casa-wind-workflow-full/submit/poseidon/pegasus/casa-wind-full/run0044/00/02/point_alert_ID0000115.meta,/mnt/poseidon-data/poseidon/workflows/casa-wind-workflow-full/submit/poseidon/pegasus/casa-wind-full/run0044/00/02/point_alert_ID0000120.meta,/mnt/poseidon-data/poseidon/workflows/casa-wind-workflow-full/submit/poseidon/pegasus/casa-wind-full/run0044/00/02/point_alert_ID0000035.meta,/mnt/poseidon-data/poseidon/workflows/casa-wind-workflow-full/submit/poseidon/pegasus/casa-wind-full/run0044/00/02/point_alert_ID0000015.meta,/mnt/poseidon-data/poseidon/workflows/casa-wind-workflow-full/submit/poseidon/pegasus/casa-wind-full/run0044/00/02/point_alert_ID0000065.meta,/mnt/poseidon-data/poseidon/workflows/casa-wind-workflow-full/submit/poseidon/pegasus/casa-wind-full/run0044/00/02/point_alert_ID0000005.meta --insert /mnt/poseidon-data/poseidon/workflows/casa-wind-workflow-full/submit/poseidon/pegasus/casa-wind-full/run0044/00/03/register_condorpool_3_2.in",2.8,0,0,,,,,,,,,
register_condorpool_3_1,None,auxiliary,0,1694251977.0,,,1694251987.0,,,0.0,1694251987.0,1694251992.0,,,0.0,1694251992.0,1694251997.0,10.0,,0.0,5.0,5.0,,,,,poseidon,local,poseidon-submit,pegasus::rc-client,/mnt/poseidon-data/poseidon/pegasus-5.1.0panorama/bin/pegasus-rc-client,"-n pegasus::rc-client -N null -R local  -L casa-wind-full -T 2023-09-08T07:29:05+00:00 /home/poseidon/pegasus-5.1.0panorama/bin/pegasus-rc-client --prefix pegasus.catalog.replica.output --conf /mnt/poseidon-data/poseidon/workflows/casa-wind-workflow-full/submit/poseidon/pegasus/casa-wind-full/run0044/pegasus.7768821579054137086.properties -v --meta /mnt/poseidon-data/poseidon/workflows/casa-wind-workflow-full/submit/poseidon/pegasus/casa-wind-full/run0044/00/02/point_alert_ID0000010.meta,/mnt/poseidon-data/poseidon/workflows/casa-wind-workflow-full/submit/poseidon/pegasus/casa-wind-full/run0044/00/02/point_alert_ID0000090.meta,/mnt/poseidon-data/poseidon/workflows/casa-wind-workflow-full/submit/poseidon/pegasus/casa-wind-full/run0044/00/02/point_alert_ID0000085.meta,/mnt/poseidon-data/poseidon/workflows/casa-wind-workflow-full/submit/poseidon/pegasus/casa-wind-full/run0044/00/02/point_alert_ID0000075.meta,/mnt/poseidon-data/poseidon/workflows/casa-wind-workflow-full/submit/poseidon/pegasus/casa-wind-full/run0044/00/02/point_alert_ID0000100.meta,/mnt/poseidon-data/poseidon/workflows/casa-wind-workflow-full/submit/poseidon/pegasus/casa-wind-full/run0044/00/03/point_alert_ID0000040.meta,/mnt/poseidon-data/poseidon/workflows/casa-wind-workflow-full/submit/poseidon/pegasus/casa-wind-full/run0044/00/02/point_alert_ID0000020.meta,/mnt/poseidon-data/poseidon/workflows/casa-wind-workflow-full/submit/poseidon/pegasus/casa-wind-full/run0044/00/03/point_alert_ID0000050.meta,/mnt/poseidon-data/poseidon/workflows/casa-wind-workflow-full/submit/poseidon/pegasus/casa-wind-full/run0044/00/03/point_alert_ID0000105.meta --insert /mnt/poseidon-data/poseidon/workflows/casa-wind-workflow-full/submit/poseidon/pegasus/casa-wind-full/run0044/00/03/register_condorpool_3_1.in",2.8,0,0,,,,,,,,,
