,anomaly_type,type,is_clustered,ready,pre_script_start,pre_script_end,submit,stage_in_start,stage_in_end,stage_in_effective_bytes_per_sec,execute_start,execute_end,stage_out_start,stage_out_end,stage_out_effective_bytes_per_sec,post_script_start,post_script_end,wms_delay,pre_script_delay,queue_delay,runtime,post_script_delay,stage_in_delay,stage_in_bytes,stage_out_delay,stage_out_bytes,kickstart_user,kickstart_site,kickstart_hostname,kickstart_transformations,kickstart_executables,kickstart_executables_argv,kickstart_executables_cpu_time,kickstart_status,kickstart_executables_exitcode,kickstart_online_iowait,kickstart_online_bytes_read,kickstart_online_bytes_written,kickstart_online_read_system_calls,kickstart_online_write_system_calls,kickstart_online_utime,kickstart_online_stime,kickstart_online_bytes_read_per_second,kickstart_online_bytes_written_per_second
create_dir_casa-wind-full_0_condorpool,None,auxiliary,0,1694488708.0,,,1694488709.0,,,0.0,1694488714.0,1694488719.0,,,0.0,1694488719.0,1694488724.0,1.0,,5.0,5.0,5.0,,,,,poseidon,local,poseidon-submit,pegasus::dirmanager,/mnt/poseidon-data/poseidon/pegasus-5.1.0panorama/bin/pegasus-transfer,pegasus-kickstart  -n pegasus::dirmanager -N null -i - -R local  -L casa-wind-full -T 2023-09-08T07:29:05+00:00 pegasus-transfer,0.2,0,0,,,,,,,,,
unzip_ID0000006,None,compute,0,1694488724.0,,,1694488730.0,1694488749.0,1694488757.0,25666642.0,1694488747.0,1694488790.0,1694488770.0,1694488785.0,33518650.0,1694488790.0,1694488795.0,6.0,,17.0,43.0,5.0,8.0,222753803.0,15.0,501616588.0,poseidon,condorpool,poseidon-worker-2-container-44-47,unzip,/usr/bin/gunzip,,3.9,0,0,,,,,,,,,
unzip_ID0000106,None,compute,0,1694488724.0,,,1694488730.0,1694488746.0,1694488753.0,38006220.0,1694488745.0,1694488790.0,1694488766.0,1694488781.0,34393604.0,1694488790.0,1694488795.0,6.0,,15.0,45.0,5.0,7.0,241199298.0,15.0,501821816.0,poseidon,condorpool,poseidon-worker-1-container-44-47,unzip,/usr/bin/gunzip,,4.1,0,0,,,,,,,,,
unzip_ID0000046,None,compute,0,1694488724.0,,,1694488730.0,1694488745.0,1694488753.0,26664637.0,1694488743.0,1694488785.0,1694488766.0,1694488777.0,45834043.0,1694488785.0,1694488790.0,6.0,,13.0,42.0,5.0,8.0,229692821.0,11.0,523855228.0,poseidon,condorpool,poseidon-worker-2-container-0-3,unzip,/usr/bin/gunzip,,4.0,0,0,,,,,,,,,
unzip_ID0000101,cpu_3,compute,0,1694488724.0,,,1694488730.0,1694488745.0,1694488752.0,31515496.0,1694488743.0,1694488785.0,1694488765.0,1694488777.0,46048016.0,1694488785.0,1694488790.0,6.0,,13.0,42.0,5.0,7.0,250988249.0,12.0,561551644.0,poseidon,condorpool,poseidon-worker-2-container-4-7,unzip,/usr/bin/gunzip,,4.3,0,0,,,,,,,,,
unzip_ID0000026,None,compute,0,1694488724.0,,,1694488730.0,1694488744.0,1694488752.0,27898714.0,1694488742.0,1694488780.0,1694488764.0,1694488773.0,56239520.0,1694488780.0,1694488785.0,6.0,,12.0,38.0,5.0,8.0,227963832.0,9.0,523917888.0,poseidon,condorpool,poseidon-worker-2-container-8-11,unzip,/usr/bin/gunzip,,4.0,0,0,,,,,,,,,
unzip_ID0000126,None,compute,0,1694488724.0,,,1694488730.0,1694488745.0,1694488753.0,29148497.0,1694488743.0,1694488790.0,1694488766.0,1694488780.0,36339436.0,1694488790.0,1694488795.0,6.0,,13.0,47.0,5.0,8.0,249343892.0,14.0,520618424.0,poseidon,condorpool,poseidon-worker-2-container-16-19,unzip,/usr/bin/gunzip,,4.2,0,0,,,,,,,,,
unzip_ID0000031,None,compute,0,1694488724.0,,,1694488730.0,1694488744.0,1694488755.0,22883996.0,1694488743.0,1694488800.0,1694488767.0,1694488792.0,21521942.0,1694488800.0,1694488805.0,6.0,,13.0,57.0,5.0,11.0,237517035.0,25.0,539438752.0,poseidon,condorpool,poseidon-worker-2-container-20-23,unzip,/usr/bin/gunzip,,4.2,0,0,,,,,,,,,
unzip_ID0000076,None,compute,0,1694488724.0,,,1694488730.0,1694488744.0,1694488750.0,35363883.0,1694488742.0,1694488780.0,1694488763.0,1694488772.0,58650504.0,1694488780.0,1694488785.0,6.0,,12.0,38.0,5.0,6.0,233747923.0,9.0,523942844.0,poseidon,condorpool,poseidon-worker-2-container-36-39,unzip,/usr/bin/gunzip,,4.0,0,0,,,,,,,,,
unzip_ID0000011,None,compute,0,1694488724.0,,,1694488730.0,1694488744.0,1694488754.0,23744141.0,1694488743.0,1694488790.0,1694488770.0,1694488785.0,37299587.0,1694488790.0,1694488795.0,6.0,,13.0,47.0,5.0,10.0,235998389.0,15.0,565205920.0,poseidon,condorpool,poseidon-worker-1-container-8-11,unzip,/usr/bin/gunzip,,4.2,0,0,,,,,,,,,
unzip_ID0000056,None,compute,0,1694488724.0,,,1694488730.0,1694488745.0,1694488753.0,27110918.0,1694488743.0,1694488795.0,1694488767.0,1694488785.0,28513723.0,1694488795.0,1694488800.0,6.0,,13.0,52.0,5.0,8.0,232139969.0,18.0,528026776.0,poseidon,condorpool,poseidon-worker-2-container-12-15,unzip,/usr/bin/gunzip,,4.1,0,0,,,,,,,,,
unzip_ID0000111,None,compute,0,1694488724.0,,,1694488730.0,1694488744.0,1694488751.0,36075079.0,1694488743.0,1694488785.0,1694488766.0,1694488778.0,45442963.0,1694488785.0,1694488790.0,6.0,,13.0,42.0,5.0,7.0,256320311.0,12.0,567950764.0,poseidon,condorpool,poseidon-worker-1-container-0-3,unzip,/usr/bin/gunzip,,4.4,0,0,,,,,,,,,
unzip_ID0000071,cpu_3,compute,0,1694488724.0,,,1694488730.0,1694488745.0,1694488754.0,26729213.0,1694488743.0,1694488790.0,1694488767.0,1694488783.0,32043702.0,1694488790.0,1694488795.0,6.0,,13.0,47.0,5.0,9.0,240896692.0,16.0,539506600.0,poseidon,condorpool,poseidon-worker-2-container-24-27,unzip,/usr/bin/gunzip,,4.2,0,0,,,,,,,,,
unzip_ID0000051,None,compute,0,1694488724.0,,,1694488730.0,1694488744.0,1694488753.0,26392828.0,1694488742.0,1694488795.0,1694488766.0,1694488789.0,23388869.0,1694488795.0,1694488800.0,6.0,,12.0,53.0,5.0,9.0,239630266.0,23.0,544301296.0,poseidon,condorpool,poseidon-worker-2-container-44-47,unzip,/usr/bin/gunzip,,4.2,0,0,,,,,,,,,
unzip_ID0000091,None,compute,0,1694488724.0,,,1694488730.0,1694488744.0,1694488754.0,25990715.0,1694488742.0,1694488790.0,1694488768.0,1694488783.0,35940684.0,1694488790.0,1694488795.0,6.0,,12.0,48.0,5.0,10.0,246447087.0,15.0,539109992.0,poseidon,condorpool,poseidon-worker-1-container-4-7,unzip,/usr/bin/gunzip,,4.2,0,0,,,,,,,,,
unzip_ID0000116,None,compute,0,1694488724.0,,,1694488730.0,1694488744.0,1694488751.0,34458568.0,1694488742.0,1694488785.0,1694488765.0,1694488777.0,43152888.0,1694488785.0,1694488790.0,6.0,,12.0,43.0,5.0,7.0,249255741.0,12.0,520850676.0,poseidon,condorpool,poseidon-worker-1-container-28-31,unzip,/usr/bin/gunzip,,4.2,0,0,,,,,,,,,
unzip_ID0000036,cpu_3,compute,0,1694488724.0,,,1694488730.0,1694488744.0,1694488754.0,24335987.0,1694488742.0,1694488790.0,1694488768.0,1694488783.0,34859612.0,1694488790.0,1694488795.0,6.0,,12.0,48.0,5.0,10.0,232020704.0,15.0,526952240.0,poseidon,condorpool,poseidon-worker-1-container-24-27,unzip,/usr/bin/gunzip,,4.1,0,0,,,,,,,,,
unzip_ID0000016,None,compute,0,1694488724.0,,,1694488730.0,1694488744.0,1694488752.0,27217796.0,1694488742.0,1694488785.0,1694488766.0,1694488779.0,40907736.0,1694488785.0,1694488790.0,6.0,,12.0,43.0,5.0,8.0,225238888.0,13.0,523826084.0,poseidon,condorpool,poseidon-worker-1-container-36-39,unzip,/usr/bin/gunzip,,4.0,0,0,,,,,,,,,
unzip_ID0000086,None,compute,0,1694488724.0,,,1694488730.0,1694488744.0,1694488751.0,35897048.0,1694488742.0,1694488780.0,1694488764.0,1694488773.0,54744063.0,1694488780.0,1694488785.0,6.0,,12.0,38.0,5.0,7.0,234836668.0,9.0,518838800.0,poseidon,condorpool,poseidon-worker-1-container-12-15,unzip,/usr/bin/gunzip,,4.0,0,0,,,,,,,,,
unzip_ID0000021,None,compute,0,1694488724.0,,,1694488730.0,1694488744.0,1694488752.0,29812813.0,1694488742.0,1694488790.0,1694488766.0,1694488782.0,33220430.0,1694488790.0,1694488795.0,6.0,,12.0,48.0,5.0,8.0,235136662.0,16.0,539178100.0,poseidon,condorpool,poseidon-worker-1-container-32-35,unzip,/usr/bin/gunzip,,4.1,0,0,,,,,,,,,
unzip_ID0000066,None,compute,0,1694488724.0,,,1694488730.0,1694488744.0,1694488751.0,32245781.0,1694488742.0,1694488785.0,1694488765.0,1694488775.0,52837522.0,1694488785.0,1694488790.0,6.0,,12.0,43.0,5.0,7.0,232031705.0,10.0,523661496.0,poseidon,condorpool,poseidon-worker-1-container-16-19,unzip,/usr/bin/gunzip,,4.1,0,0,,,,,,,,,
unzip_ID0000121,None,compute,0,1694488724.0,,,1694488730.0,1694488744.0,1694488754.0,24770520.0,1694488742.0,1694488800.0,1694488767.0,1694488792.0,21986681.0,1694488800.0,1694488805.0,6.0,,12.0,58.0,5.0,10.0,250860096.0,25.0,550782944.0,poseidon,condorpool,poseidon-worker-2-container-32-35,unzip,/usr/bin/gunzip,,4.3,0,0,,,,,,,,,
unzip_ID0000001,None,compute,0,1694488724.0,,,1694488729.0,1694488744.0,1694488751.0,32016120.0,1694488742.0,1694488785.0,1694488764.0,1694488775.0,49940666.0,1694488785.0,1694488790.0,5.0,,13.0,43.0,5.0,7.0,232473216.0,11.0,561354992.0,poseidon,condorpool,poseidon-worker-2-container-40-43,unzip,/usr/bin/gunzip,,4.1,0,0,,,,,,,,,
unzip_ID0000061,None,compute,0,1694488724.0,,,1694488729.0,1694488744.0,1694488752.0,30009055.0,1694488742.0,1694488790.0,1694488766.0,1694488780.0,37930717.0,1694488790.0,1694488795.0,5.0,,13.0,48.0,5.0,8.0,240463185.0,14.0,541945820.0,poseidon,condorpool,poseidon-worker-1-container-40-43,unzip,/usr/bin/gunzip,,4.2,0,0,,,,,,,,,
unzip_ID0000041,cpu_3,compute,0,1694488724.0,,,1694488729.0,1694488744.0,1694488752.0,32119424.0,1694488742.0,1694488790.0,1694488766.0,1694488781.0,36634186.0,1694488790.0,1694488795.0,5.0,,13.0,48.0,5.0,8.0,238944758.0,15.0,540768928.0,poseidon,condorpool,poseidon-worker-1-container-20-23,unzip,/usr/bin/gunzip,,4.1,0,0,,,,,,,,,
unzip_ID0000081,None,compute,0,1694488724.0,,,1694488729.0,1694488744.0,1694488752.0,31606056.0,1694488742.0,1694488790.0,1694488766.0,1694488782.0,33538782.0,1694488790.0,1694488795.0,5.0,,13.0,48.0,5.0,8.0,245619741.0,16.0,543190672.0,poseidon,condorpool,poseidon-worker-1-container-44-47,unzip,/usr/bin/gunzip,,4.2,0,0,,,,,,,,,
unzip_ID0000096,cpu_3,compute,0,1694488724.0,,,1694488730.0,1694488744.0,1694488753.0,28593923.0,1694488742.0,1694488785.0,1694488765.0,1694488776.0,46440309.0,1694488785.0,1694488790.0,6.0,,12.0,43.0,5.0,9.0,240753402.0,11.0,524013876.0,poseidon,condorpool,poseidon-worker-2-container-28-31,unzip,/usr/bin/gunzip,,4.2,0,0,,,,,,,,,
um_vel_ID0000027,cpu_3,compute,0,1694488785.0,,,1694488790.0,1694488793.0,1694488812.0,51657831.0,1694488792.0,1694488835.0,1694488821.0,1694488824.0,169514.0,1694488835.0,1694488840.0,5.0,,2.0,43.0,5.0,19.0,700504640.0,3.0,556900.0,poseidon,condorpool,poseidon-worker-2-container-28-31,um_vel,/opt/UM_VEL/UM_VEL,,1.7,0,0,,,,,,,,,
um_vel_ID0000077,None,compute,0,1694488785.0,,,1694488790.0,1694488793.0,1694488811.0,58029181.1,1694488792.0,1694488830.0,1694488820.0,1694488823.0,170106.0,1694488830.0,1694488835.0,5.0,,2.0,38.0,5.0,18.0,700529596.0,3.0,556900.0,poseidon,condorpool,poseidon-worker-2-container-8-11,um_vel,/opt/UM_VEL/UM_VEL,,1.7,0,0,,,,,,,,,
um_vel_ID0000087,None,compute,0,1694488785.0,,,1694488790.0,1694488793.0,1694488814.0,46250333.9,1694488792.0,1694488835.0,1694488822.0,1694488826.0,176148.0,1694488835.0,1694488840.0,5.0,,2.0,43.0,5.0,21.0,695425552.0,4.0,556900.0,poseidon,condorpool,poseidon-worker-1-container-40-43,um_vel,/opt/UM_VEL/UM_VEL,,1.7,0,0,,,,,,,,,
um_vel_ID0000002,cpu_3,compute,0,1694488790.0,,,1694488795.0,1694488798.0,1694488818.0,50928756.1,1694488796.0,1694488840.0,1694488827.0,1694488830.0,175590.0,1694488840.0,1694488845.0,5.0,,1.0,44.0,5.0,20.0,737941744.0,3.0,556900.0,poseidon,condorpool,poseidon-worker-2-container-24-27,um_vel,/opt/UM_VEL/UM_VEL,,1.7,0,0,,,,,,,,,
um_vel_ID0000047,None,compute,0,1694488790.0,,,1694488795.0,1694488798.0,1694488816.0,57871212.9,1694488796.0,1694488835.0,1694488824.0,1694488828.0,172750.0,1694488835.0,1694488840.0,5.0,,1.0,39.0,5.0,18.0,700441980.0,4.0,556900.0,poseidon,condorpool,poseidon-worker-2-container-44-47,um_vel,/opt/UM_VEL/UM_VEL,,1.7,0,0,,,,,,,,,
um_vel_ID0000112,cpu_3,compute,0,1694488790.0,,,1694488795.0,1694488798.0,1694488819.0,47800503.7,1694488796.0,1694488840.0,1694488828.0,1694488831.0,175172.0,1694488840.0,1694488845.0,5.0,,1.0,44.0,5.0,21.0,744537516.0,3.0,556900.0,poseidon,condorpool,poseidon-worker-1-container-20-23,um_vel,/opt/UM_VEL/UM_VEL,,1.8,0,0,,,,,,,,,
um_vel_ID0000097,None,compute,0,1694488790.0,,,1694488795.0,1694488798.0,1694488815.0,61516876.0,1694488796.0,1694488835.0,1694488824.0,1694488827.0,176415.0,1694488835.0,1694488840.0,5.0,,1.0,39.0,5.0,17.0,700600628.0,3.0,556900.0,poseidon,condorpool,poseidon-worker-1-container-32-35,um_vel,/opt/UM_VEL/UM_VEL,,1.7,0,0,,,,,,,,,
um_vel_ID0000117,None,compute,0,1694488790.0,,,1694488795.0,1694488798.0,1694488817.0,51853280.8,1694488796.0,1694488835.0,1694488825.0,1694488829.0,175447.0,1694488835.0,1694488840.0,5.0,,1.0,39.0,5.0,19.0,697437428.0,4.0,556900.0,poseidon,condorpool,poseidon-worker-1-container-0-3,um_vel,/opt/UM_VEL/UM_VEL,,1.8,0,0,,,,,,,,,
um_vel_ID0000102,None,compute,0,1694488790.0,,,1694488795.0,1694488798.0,1694488818.0,51108162.6,1694488796.0,1694488840.0,1694488827.0,1694488830.0,171603.0,1694488840.0,1694488845.0,5.0,,1.0,44.0,5.0,20.0,738138396.0,3.0,556900.0,poseidon,condorpool,poseidon-worker-2-container-44-47,um_vel,/opt/UM_VEL/UM_VEL,,1.7,0,0,,,,,,,,,
um_vel_ID0000017,None,compute,0,1694488790.0,,,1694488795.0,1694488798.0,1694488817.0,51169760.2,1694488796.0,1694488835.0,1694488826.0,1694488829.0,171620.0,1694488835.0,1694488840.0,5.0,,1.0,39.0,5.0,19.0,700412836.0,3.0,556900.0,poseidon,condorpool,poseidon-worker-1-container-44-47,um_vel,/opt/UM_VEL/UM_VEL,,1.7,0,0,,,,,,,,,
um_vel_ID0000067,None,compute,0,1694488790.0,,,1694488795.0,1694488798.0,1694488817.0,50893152.3,1694488796.0,1694488835.0,1694488826.0,1694488829.0,174911.0,1694488835.0,1694488840.0,5.0,,1.0,39.0,5.0,19.0,700248248.0,3.0,556900.0,poseidon,condorpool,poseidon-worker-1-container-28-31,um_vel,/opt/UM_VEL/UM_VEL,,1.8,0,0,,,,,,,,,
um_vel_ID0000062,cpu_3,compute,0,1694488795.0,,,1694488800.0,1694488804.0,1694488825.0,46945083.1,1694488802.0,1694488845.0,1694488834.0,1694488837.0,177990.0,1694488845.0,1694488850.0,5.0,,2.0,43.0,5.0,21.0,718532572.0,3.0,556900.0,poseidon,condorpool,poseidon-worker-1-container-24-27,um_vel,/opt/UM_VEL/UM_VEL,,1.7,0,0,,,,,,,,,
um_vel_ID0000082,cpu_3,compute,0,1694488795.0,,,1694488800.0,1694488804.0,1694488824.0,52225152.7,1694488802.0,1694488845.0,1694488832.0,1694488835.0,177999.0,1694488845.0,1694488850.0,5.0,,2.0,43.0,5.0,20.0,719777424.0,3.0,556900.0,poseidon,condorpool,poseidon-worker-2-container-4-7,um_vel,/opt/UM_VEL/UM_VEL,,1.7,0,0,,,,,,,,,
um_vel_ID0000127,None,compute,0,1694488795.0,,,1694488800.0,1694488803.0,1694488822.0,53879182.8,1694488802.0,1694488845.0,1694488832.0,1694488835.0,177313.0,1694488845.0,1694488850.0,5.0,,2.0,43.0,5.0,19.0,697205176.0,3.0,556900.0,poseidon,condorpool,poseidon-worker-1-container-8-11,um_vel,/opt/UM_VEL/UM_VEL,,1.7,0,0,,,,,,,,,
um_vel_ID0000042,None,compute,0,1694488795.0,,,1694488800.0,1694488804.0,1694488823.0,51645116.2,1694488802.0,1694488845.0,1694488832.0,1694488835.0,176682.0,1694488845.0,1694488850.0,5.0,,2.0,43.0,5.0,19.0,717355680.0,3.0,556900.0,poseidon,condorpool,poseidon-worker-2-container-40-43,um_vel,/opt/UM_VEL/UM_VEL,,1.7,0,0,,,,,,,,,
um_vel_ID0000107,None,compute,0,1694488795.0,,,1694488800.0,1694488803.0,1694488822.0,53262862.6,1694488802.0,1694488840.0,1694488830.0,1694488833.0,178392.0,1694488840.0,1694488845.0,5.0,,2.0,38.0,5.0,19.0,678408568.0,3.0,556900.0,poseidon,condorpool,poseidon-worker-2-container-20-23,um_vel,/opt/UM_VEL/UM_VEL,,1.7,0,0,,,,,,,,,
um_vel_ID0000037,None,compute,0,1694488795.0,,,1694488800.0,1694488804.0,1694488823.0,52731608.0,1694488802.0,1694488845.0,1694488831.0,1694488835.0,177793.0,1694488845.0,1694488850.0,5.0,,2.0,43.0,5.0,19.0,703538992.0,4.0,556900.0,poseidon,condorpool,poseidon-worker-2-container-0-3,um_vel,/opt/UM_VEL/UM_VEL,,1.7,0,0,,,,,,,,,
um_vel_ID0000072,None,compute,0,1694488795.0,,,1694488800.0,1694488803.0,1694488824.0,47093681.2,1694488802.0,1694488845.0,1694488834.0,1694488837.0,175034.0,1694488845.0,1694488850.0,5.0,,2.0,43.0,5.0,21.0,716093352.0,3.0,556900.0,poseidon,condorpool,poseidon-worker-1-container-36-39,um_vel,/opt/UM_VEL/UM_VEL,,1.7,0,0,,,,,,,,,
um_vel_ID0000022,None,compute,0,1694488795.0,,,1694488800.0,1694488804.0,1694488825.0,47178178.7,1694488802.0,1694488845.0,1694488833.0,1694488836.0,177540.0,1694488845.0,1694488850.0,5.0,,2.0,43.0,5.0,21.0,715764852.0,3.0,556900.0,poseidon,condorpool,poseidon-worker-2-container-36-39,um_vel,/opt/UM_VEL/UM_VEL,,1.7,0,0,,,,,,,,,
um_vel_ID0000092,None,compute,0,1694488795.0,,,1694488800.0,1694488803.0,1694488825.0,45962047.9,1694488802.0,1694488845.0,1694488833.0,1694488836.0,177518.0,1694488845.0,1694488850.0,5.0,,2.0,43.0,5.0,22.0,715696744.0,3.0,556900.0,poseidon,condorpool,poseidon-worker-2-container-16-19,um_vel,/opt/UM_VEL/UM_VEL,,1.7,0,0,,,,,,,,,
um_vel_ID0000007,None,compute,0,1694488795.0,,,1694488800.0,1694488803.0,1694488823.0,49077696.0,1694488802.0,1694488845.0,1694488832.0,1694488835.0,177887.0,1694488845.0,1694488850.0,5.0,,2.0,43.0,5.0,20.0,678203340.0,3.0,556900.0,poseidon,condorpool,poseidon-worker-1-container-44-47,um_vel,/opt/UM_VEL/UM_VEL,,1.6,0,0,,,,,,,,,
um_vel_ID0000012,None,compute,0,1694488795.0,,,1694488800.0,1694488804.0,1694488824.0,50852140.4,1694488802.0,1694488845.0,1694488833.0,1694488836.0,176965.0,1694488845.0,1694488850.0,5.0,,2.0,43.0,5.0,20.0,741792672.0,3.0,556900.0,poseidon,condorpool,poseidon-worker-2-container-32-35,um_vel,/opt/UM_VEL/UM_VEL,,1.8,0,0,,,,,,,,,
um_vel_ID0000052,None,compute,0,1694488800.0,,,1694488805.0,1694488808.0,1694488828.0,48933835.2,1694488806.0,1694488850.0,1694488836.0,1694488840.0,175795.0,1694488850.0,1694488855.0,5.0,,1.0,44.0,5.0,20.0,720888048.0,4.0,556900.0,poseidon,condorpool,poseidon-worker-2-container-12-15,um_vel,/opt/UM_VEL/UM_VEL,,1.7,0,0,,,,,,,,,
um_vel_ID0000057,None,compute,0,1694488800.0,,,1694488805.0,1694488808.0,1694488827.0,49911342.4,1694488806.0,1694488845.0,1694488836.0,1694488839.0,177113.0,1694488845.0,1694488850.0,5.0,,1.0,39.0,5.0,19.0,704613528.0,3.0,556900.0,poseidon,condorpool,poseidon-worker-1-container-16-19,um_vel,/opt/UM_VEL/UM_VEL,,1.7,0,0,,,,,,,,,
stage_out_local_condorpool_0_2,None,transfer,0,1694488805.0,,,1694488810.0,,,0.0,1694488811.0,1694488845.0,,,0.0,1694488845.0,1694488850.0,5.0,,1.0,34.0,5.0,,,,,poseidon,local,poseidon-submit,pegasus::transfer,/mnt/poseidon-data/poseidon/pegasus-5.1.0panorama/bin/pegasus-transfer,/home/poseidon/pegasus-5.1.0panorama/bin/../bin/pegasus-kickstart  -n pegasus::transfer -N null -i - -R local  -L casa-wind-full -T 2023-09-08T07:29:05+00:00 /home/poseidon/pegasus-5.1.0panorama/bin/../bin/pegasus-transfer  --threads 2,33.9,0,0,,,,,,,,,
stage_out_local_condorpool_0_1,None,transfer,0,1694488805.0,,,1694488810.0,,,0.0,1694488811.0,1694488845.0,,,0.0,1694488845.0,1694488850.0,5.0,,1.0,34.0,5.0,,,,,poseidon,local,poseidon-submit,pegasus::transfer,/mnt/poseidon-data/poseidon/pegasus-5.1.0panorama/bin/pegasus-transfer,/home/poseidon/pegasus-5.1.0panorama/bin/../bin/pegasus-kickstart  -n pegasus::transfer -N null -i - -R local  -L casa-wind-full -T 2023-09-08T07:29:05+00:00 /home/poseidon/pegasus-5.1.0panorama/bin/../bin/pegasus-transfer  --threads 2,33.5,0,0,,,,,,,,,
stage_out_local_condorpool_0_0,None,transfer,0,1694488805.0,,,1694488810.0,,,0.0,1694488811.0,1694488845.0,,,0.0,1694488845.0,1694488850.0,5.0,,1.0,34.0,5.0,,,,,poseidon,local,poseidon-submit,pegasus::transfer,/mnt/poseidon-data/poseidon/pegasus-5.1.0panorama/bin/pegasus-transfer,/home/poseidon/pegasus-5.1.0panorama/bin/../bin/pegasus-kickstart  -n pegasus::transfer -N null -i - -R local  -L casa-wind-full -T 2023-09-08T07:29:05+00:00 /home/poseidon/pegasus-5.1.0panorama/bin/../bin/pegasus-transfer  --threads 2,34.6,0,0,,,,,,,,,
um_vel_ID0000032,None,compute,0,1694488805.0,,,1694488810.0,1694488834.0,1694488854.0,49382217.3,1694488832.0,1694488875.0,1694488862.0,1694488866.0,175868.0,1694488875.0,1694488880.0,5.0,,22.0,43.0,5.0,20.0,716025504.0,4.0,556900.0,poseidon,condorpool,poseidon-worker-2-container-8-11,um_vel,/opt/UM_VEL/UM_VEL,,1.9,0,0,,,,,,,,,
um_vel_ID0000122,None,compute,0,1694488805.0,,,1694488810.0,1694488813.0,1694488833.0,53802000.5,1694488811.0,1694488850.0,1694488841.0,1694488844.0,178770.0,1694488850.0,1694488855.0,5.0,,1.0,39.0,5.0,20.0,727369696.0,3.0,556900.0,poseidon,condorpool,poseidon-worker-1-container-4-7,um_vel,/opt/UM_VEL/UM_VEL,,1.7,0,0,,,,,,,,,
mvt_ID0000079,None,compute,0,1694488835.0,,,1694488840.0,1694488843.0,1694488854.0,31761415.8,1694488842.0,1694488910.0,1694488900.0,1694488903.0,14434.0,1694488910.0,1694488915.0,5.0,,2.0,68.0,5.0,11.0,177143652.0,3.0,45337.0,poseidon,condorpool,poseidon-worker-1-container-40-43,mvt,/opt/mvt/mvt,,40.2,0,0,0.0,795686.0,24576.0,443.0,6.0,39.8,0.1,19892.2,1228.8
post_vel_ID0000078,cpu_3,compute,0,1694488835.0,,,1694488840.0,1694488843.0,1694488855.0,27038344.6,1694488842.0,1694488870.0,1694488860.0,1694488864.0,3806.0,1694488870.0,1694488875.0,5.0,,2.0,28.0,5.0,12.0,177143937.0,4.0,12264.0,poseidon,condorpool,poseidon-worker-2-container-28-31,post_vel,/opt/netcdf2png/merged_netcdf2png,,0.1,0,0,,,,,,,,,
mvt_ID0000089,None,compute,0,1694488840.0,,,1694488845.0,1694488848.0,1694488859.0,33832963.2,1694488846.0,1694488915.0,1694488904.0,1694488907.0,15722.0,1694488915.0,1694488920.0,5.0,,1.0,69.0,5.0,11.0,177143652.0,3.0,48475.0,poseidon,condorpool,poseidon-worker-2-container-44-47,mvt,/opt/mvt/mvt,,39.9,0,0,0.0,830420.0,24576.0,512.0,6.0,29.8,0.2,27680.7,2457.6
post_vel_ID0000048,None,compute,0,1694488840.0,,,1694488845.0,1694488848.0,1694488860.0,29893684.0,1694488846.0,1694488875.0,1694488865.0,1694488868.0,3318.0,1694488875.0,1694488880.0,5.0,,1.0,29.0,5.0,12.0,177143937.0,3.0,10371.0,poseidon,condorpool,poseidon-worker-1-container-28-31,post_vel,/opt/netcdf2png/merged_netcdf2png,,0.1,0,0,,,,,,,,,
mvt_ID0000049,None,compute,0,1694488840.0,,,1694488845.0,1694488849.0,1694488860.0,29005153.4,1694488847.0,1694488915.0,1694488906.0,1694488909.0,7753.0,1694488915.0,1694488920.0,5.0,,2.0,68.0,5.0,11.0,177143652.0,3.0,24108.0,poseidon,condorpool,poseidon-worker-2-container-20-23,mvt,/opt/mvt/mvt,,40.0,0,0,0.0,809677.0,12288.0,467.0,3.0,29.9,0.1,26989.2,1228.8
post_vel_ID0000028,cpu_3,compute,0,1694488840.0,,,1694488845.0,1694488848.0,1694488861.0,24547235.3,1694488847.0,1694488880.0,1694488866.0,1694488869.0,3770.0,1694488880.0,1694488885.0,5.0,,2.0,33.0,5.0,13.0,177143937.0,3.0,11529.0,poseidon,condorpool,poseidon-worker-2-container-24-27,post_vel,/opt/netcdf2png/merged_netcdf2png,,0.1,0,0,,,,,,,,,
mvt_ID0000029,None,compute,0,1694488840.0,,,1694488845.0,1694488848.0,1694488859.0,35162816.2,1694488846.0,1694488915.0,1694488904.0,1694488907.0,12507.0,1694488915.0,1694488920.0,5.0,,1.0,69.0,5.0,11.0,177143652.0,3.0,38341.0,poseidon,condorpool,poseidon-worker-1-container-0-3,mvt,/opt/mvt/mvt,,39.9,0,0,0.0,799993.0,20480.0,446.0,5.0,29.9,0.1,26666.4,1024.0
post_vel_ID0000098,None,compute,0,1694488840.0,,,1694488845.0,1694488848.0,1694488859.0,34039153.6,1694488846.0,1694488875.0,1694488865.0,1694488868.0,4254.0,1694488875.0,1694488880.0,5.0,,1.0,29.0,5.0,11.0,177143937.0,3.0,13355.0,poseidon,condorpool,poseidon-worker-2-container-40-43,post_vel,/opt/netcdf2png/merged_netcdf2png,,0.1,0,0,,,,,,,,,
mvt_ID0000119,None,compute,0,1694488840.0,,,1694488845.0,1694488848.0,1694488861.0,27032639.7,1694488846.0,1694488915.0,1694488906.0,1694488909.0,21236.0,1694488915.0,1694488920.0,5.0,,1.0,69.0,5.0,13.0,177143652.0,3.0,65525.0,poseidon,condorpool,poseidon-worker-1-container-44-47,mvt,/opt/mvt/mvt,,39.8,0,0,0.0,840006.0,36864.0,533.0,9.0,29.8,0.1,28000.2,3686.4
post_vel_ID0000118,None,compute,0,1694488840.0,,,1694488845.0,1694488848.0,1694488859.0,35231679.2,1694488846.0,1694488875.0,1694488864.0,1694488867.0,4598.0,1694488875.0,1694488880.0,5.0,,1.0,29.0,5.0,11.0,177143937.0,3.0,14402.0,poseidon,condorpool,poseidon-worker-1-container-32-35,post_vel,/opt/netcdf2png/merged_netcdf2png,,0.1,0,0,,,,,,,,,
post_vel_ID0000018,None,compute,0,1694488840.0,,,1694488845.0,1694488849.0,1694488860.0,33207056.2,1694488847.0,1694488875.0,1694488865.0,1694488868.0,3683.0,1694488875.0,1694488880.0,5.0,,2.0,28.0,5.0,11.0,177143937.0,3.0,11645.0,poseidon,condorpool,poseidon-worker-2-container-0-3,post_vel,/opt/netcdf2png/merged_netcdf2png,,0.1,0,0,,,,,,,,,
mvt_ID0000019,cpu_3,compute,0,1694488840.0,,,1694488845.0,1694488849.0,1694488860.0,28763554.2,1694488847.0,1694488920.0,1694488907.0,1694488910.0,11881.0,1694488920.0,1694488925.0,5.0,,2.0,73.0,5.0,11.0,177143652.0,3.0,36245.0,poseidon,condorpool,poseidon-worker-1-container-20-23,mvt,/opt/mvt/mvt,,39.9,0,0,0.0,803760.0,20480.0,461.0,5.0,38.4,0.2,20094.0,1024.0
post_vel_ID0000088,None,compute,0,1694488840.0,,,1694488845.0,1694488848.0,1694488860.0,26380946.7,1694488846.0,1694488875.0,1694488866.0,1694488869.0,4133.0,1694488875.0,1694488880.0,5.0,,1.0,29.0,5.0,12.0,177143937.0,3.0,12740.0,poseidon,condorpool,poseidon-worker-2-container-44-47,post_vel,/opt/netcdf2png/merged_netcdf2png,,0.1,0,0,,,,,,,,,
mvt_ID0000099,None,compute,0,1694488840.0,,,1694488845.0,1694488848.0,1694488861.0,26348227.3,1694488846.0,1694488915.0,1694488906.0,1694488909.0,16137.0,1694488915.0,1694488920.0,5.0,,1.0,69.0,5.0,13.0,177143652.0,3.0,50118.0,poseidon,condorpool,poseidon-worker-1-container-8-11,mvt,/opt/mvt/mvt,,39.8,0,0,0.0,806878.0,28672.0,461.0,7.0,29.9,0.1,26895.9,1433.6
mvt_ID0000069,None,compute,0,1694488840.0,,,1694488845.0,1694488848.0,1694488860.0,29436870.7,1694488846.0,1694488915.0,1694488905.0,1694488908.0,11607.0,1694488915.0,1694488920.0,5.0,,1.0,69.0,5.0,12.0,177143652.0,3.0,35309.0,poseidon,condorpool,poseidon-worker-2-container-36-39,mvt,/opt/mvt/mvt,,40.0,0,0,0.0,805245.0,51693.0,464.0,13.0,39.9,0.1,20131.1,1723.1
post_vel_ID0000068,None,compute,0,1694488840.0,,,1694488845.0,1694488848.0,1694488859.0,33951175.2,1694488846.0,1694488875.0,1694488865.0,1694488868.0,3632.0,1694488875.0,1694488880.0,5.0,,1.0,29.0,5.0,11.0,177143937.0,3.0,11398.0,poseidon,condorpool,poseidon-worker-1-container-44-47,post_vel,/opt/netcdf2png/merged_netcdf2png,,0.1,0,0,,,,,,,,,
mvt_ID0000104,cpu_3,compute,0,1694488845.0,,,1694488850.0,1694488853.0,1694488865.0,35039972.0,1694488852.0,1694488920.0,1694488911.0,1694488914.0,19461.0,1694488920.0,1694488925.0,5.0,,2.0,68.0,5.0,12.0,177143652.0,3.0,59590.0,poseidon,condorpool,poseidon-worker-1-container-24-27,mvt,/opt/mvt/mvt,,39.6,0,0,0.0,802383.0,32768.0,458.0,8.0,38.8,0.1,20059.6,3276.8
post_vel_ID0000103,cpu_3,compute,0,1694488845.0,,,1694488850.0,1694488854.0,1694488865.0,33965763.2,1694488852.0,1694488880.0,1694488870.0,1694488873.0,4496.0,1694488880.0,1694488885.0,5.0,,2.0,28.0,5.0,11.0,177143937.0,3.0,13815.0,poseidon,condorpool,poseidon-worker-2-container-4-7,post_vel,/opt/netcdf2png/merged_netcdf2png,,0.1,0,0,,,,,,,,,
mvt_ID0000114,None,compute,0,1694488845.0,,,1694488850.0,1694488853.0,1694488864.0,34187488.2,1694488852.0,1694488920.0,1694488910.0,1694488913.0,23536.0,1694488920.0,1694488925.0,5.0,,2.0,68.0,5.0,11.0,177143652.0,3.0,73234.0,poseidon,condorpool,poseidon-worker-1-container-16-19,mvt,/opt/mvt/mvt,,39.9,0,0,0.0,800105.0,40960.0,446.0,10.0,29.9,0.1,26670.2,4096.0
post_vel_ID0000113,None,compute,0,1694488845.0,,,1694488850.0,1694488853.0,1694488864.0,34966094.4,1694488852.0,1694488880.0,1694488870.0,1694488873.0,4803.0,1694488880.0,1694488885.0,5.0,,2.0,28.0,5.0,11.0,177143937.0,3.0,14745.0,poseidon,condorpool,poseidon-worker-1-container-36-39,post_vel,/opt/netcdf2png/merged_netcdf2png,,0.1,0,0,,,,,,,,,
post_vel_ID0000108,None,compute,0,1694488845.0,,,1694488850.0,1694488853.0,1694488864.0,34443450.0,1694488852.0,1694488880.0,1694488870.0,1694488873.0,4491.0,1694488880.0,1694488885.0,5.0,,2.0,28.0,5.0,11.0,177143937.0,3.0,13907.0,poseidon,condorpool,poseidon-worker-2-container-12-15,post_vel,/opt/netcdf2png/merged_netcdf2png,,0.1,0,0,,,,,,,,,
mvt_ID0000109,None,compute,0,1694488845.0,,,1694488850.0,1694488853.0,1694488865.0,35164055.2,1694488852.0,1694488920.0,1694488910.0,1694488913.0,19450.0,1694488920.0,1694488925.0,5.0,,2.0,68.0,5.0,12.0,177143652.0,3.0,59954.0,poseidon,condorpool,poseidon-worker-1-container-4-7,mvt,/opt/mvt/mvt,,39.9,0,0,0.0,801379.0,32768.0,449.0,8.0,29.9,0.1,26712.6,1638.4
post_vel_ID0000003,None,compute,0,1694488845.0,,,1694488850.0,1694488853.0,1694488865.0,33236995.2,1694488852.0,1694488880.0,1694488870.0,1694488873.0,3552.0,1694488880.0,1694488885.0,5.0,,2.0,28.0,5.0,12.0,177143937.0,3.0,10865.0,poseidon,condorpool,poseidon-worker-2-container-16-19,post_vel,/opt/netcdf2png/merged_netcdf2png,,0.1,0,0,,,,,,,,,
mvt_ID0000004,None,compute,0,1694488845.0,,,1694488850.0,1694488854.0,1694488865.0,35003153.2,1694488852.0,1694488920.0,1694488910.0,1694488913.0,9420.0,1694488920.0,1694488925.0,5.0,,2.0,68.0,5.0,11.0,177143652.0,3.0,28781.0,poseidon,condorpool,poseidon-worker-2-container-32-35,mvt,/opt/mvt/mvt,,40.0,0,0,0.0,802515.0,16384.0,458.0,4.0,39.9,0.1,20062.9,819.2
register_condorpool_0_1,None,auxiliary,0,1694488850.0,,,1694488865.0,,,0.0,1694488866.0,1694488870.0,,,0.0,1694488870.0,1694488875.0,15.0,,1.0,4.0,5.0,,,,,poseidon,local,poseidon-submit,pegasus::rc-client,/mnt/poseidon-data/poseidon/pegasus-5.1.0panorama/bin/pegasus-rc-client,"-n pegasus::rc-client -N null -R local  -L casa-wind-full -T 2023-09-08T07:29:05+00:00 /home/poseidon/pegasus-5.1.0panorama/bin/pegasus-rc-client --prefix pegasus.catalog.replica.output --conf /mnt/poseidon-data/poseidon/workflows/casa-wind-workflow-full/submit/poseidon/pegasus/casa-wind-full/run0437/pegasus.7842259040631010124.properties -v --meta /mnt/poseidon-data/poseidon/workflows/casa-wind-workflow-full/submit/poseidon/pegasus/casa-wind-full/run0437/00/00/unzip_ID0000001.meta,/mnt/poseidon-data/poseidon/workflows/casa-wind-workflow-full/submit/poseidon/pegasus/casa-wind-full/run0437/00/00/unzip_ID0000071.meta,/mnt/poseidon-data/poseidon/workflows/casa-wind-workflow-full/submit/poseidon/pegasus/casa-wind-full/run0437/00/00/unzip_ID0000076.meta,/mnt/poseidon-data/poseidon/workflows/casa-wind-workflow-full/submit/poseidon/pegasus/casa-wind-full/run0437/00/00/unzip_ID0000051.meta,/mnt/poseidon-data/poseidon/workflows/casa-wind-workflow-full/submit/poseidon/pegasus/casa-wind-full/run0437/00/00/unzip_ID0000026.meta,/mnt/poseidon-data/poseidon/workflows/casa-wind-workflow-full/submit/poseidon/pegasus/casa-wind-full/run0437/00/00/unzip_ID0000101.meta,/mnt/poseidon-data/poseidon/workflows/casa-wind-workflow-full/submit/poseidon/pegasus/casa-wind-full/run0437/00/00/unzip_ID0000006.meta,/mnt/poseidon-data/poseidon/workflows/casa-wind-workflow-full/submit/poseidon/pegasus/casa-wind-full/run0437/00/00/unzip_ID0000121.meta,/mnt/poseidon-data/poseidon/workflows/casa-wind-workflow-full/submit/poseidon/pegasus/casa-wind-full/run0437/00/00/unzip_ID0000111.meta,/mnt/poseidon-data/poseidon/workflows/casa-wind-workflow-full/submit/poseidon/pegasus/casa-wind-full/run0437/00/00/unzip_ID0000126.meta,/mnt/poseidon-data/poseidon/workflows/casa-wind-workflow-full/submit/poseidon/pegasus/casa-wind-full/run0437/00/00/unzip_ID0000046.meta,/mnt/poseidon-data/poseidon/workflows/casa-wind-workflow-full/submit/poseidon/pegasus/casa-wind-full/run0437/00/00/unzip_ID0000081.meta,/mnt/poseidon-data/poseidon/workflows/casa-wind-workflow-full/submit/poseidon/pegasus/casa-wind-full/run0437/00/00/unzip_ID0000096.meta,/mnt/poseidon-data/poseidon/workflows/casa-wind-workflow-full/submit/poseidon/pegasus/casa-wind-full/run0437/00/00/unzip_ID0000016.meta,/mnt/poseidon-data/poseidon/workflows/casa-wind-workflow-full/submit/poseidon/pegasus/casa-wind-full/run0437/00/00/unzip_ID0000041.meta,/mnt/poseidon-data/poseidon/workflows/casa-wind-workflow-full/submit/poseidon/pegasus/casa-wind-full/run0437/00/00/unzip_ID0000116.meta,/mnt/poseidon-data/poseidon/workflows/casa-wind-workflow-full/submit/poseidon/pegasus/casa-wind-full/run0437/00/00/unzip_ID0000036.meta,/mnt/poseidon-data/poseidon/workflows/casa-wind-workflow-full/submit/poseidon/pegasus/casa-wind-full/run0437/00/00/unzip_ID0000106.meta,/mnt/poseidon-data/poseidon/workflows/casa-wind-workflow-full/submit/poseidon/pegasus/casa-wind-full/run0437/00/00/unzip_ID0000031.meta,/mnt/poseidon-data/poseidon/workflows/casa-wind-workflow-full/submit/poseidon/pegasus/casa-wind-full/run0437/00/00/unzip_ID0000091.meta,/mnt/poseidon-data/poseidon/workflows/casa-wind-workflow-full/submit/poseidon/pegasus/casa-wind-full/run0437/00/00/unzip_ID0000061.meta,/mnt/poseidon-data/poseidon/workflows/casa-wind-workflow-full/submit/poseidon/pegasus/casa-wind-full/run0437/00/00/unzip_ID0000066.meta,/mnt/poseidon-data/poseidon/workflows/casa-wind-workflow-full/submit/poseidon/pegasus/casa-wind-full/run0437/00/00/unzip_ID0000056.meta,/mnt/poseidon-data/poseidon/workflows/casa-wind-workflow-full/submit/poseidon/pegasus/casa-wind-full/run0437/00/00/unzip_ID0000086.meta,/mnt/poseidon-data/poseidon/workflows/casa-wind-workflow-full/submit/poseidon/pegasus/casa-wind-full/run0437/00/00/unzip_ID0000011.meta,/mnt/poseidon-data/poseidon/workflows/casa-wind-workflow-full/submit/poseidon/pegasus/casa-wind-full/run0437/00/00/unzip_ID0000021.meta --insert /mnt/poseidon-data/poseidon/workflows/casa-wind-workflow-full/submit/poseidon/pegasus/casa-wind-full/run0437/00/00/register_condorpool_0_1.in",3.0,0,0,,,,,,,,,
register_condorpool_0_0,None,auxiliary,0,1694488850.0,,,1694488895.0,,,0.0,1694488896.0,1694488900.0,,,0.0,1694488900.0,1694488905.0,45.0,,1.0,4.0,5.0,,,,,poseidon,local,poseidon-submit,pegasus::rc-client,/mnt/poseidon-data/poseidon/pegasus-5.1.0panorama/bin/pegasus-rc-client,"-n pegasus::rc-client -N null -R local  -L casa-wind-full -T 2023-09-08T07:29:05+00:00 /home/poseidon/pegasus-5.1.0panorama/bin/pegasus-rc-client --prefix pegasus.catalog.replica.output --conf /mnt/poseidon-data/poseidon/workflows/casa-wind-workflow-full/submit/poseidon/pegasus/casa-wind-full/run0437/pegasus.7842259040631010124.properties -v --meta /mnt/poseidon-data/poseidon/workflows/casa-wind-workflow-full/submit/poseidon/pegasus/casa-wind-full/run0437/00/00/unzip_ID0000001.meta,/mnt/poseidon-data/poseidon/workflows/casa-wind-workflow-full/submit/poseidon/pegasus/casa-wind-full/run0437/00/00/unzip_ID0000071.meta,/mnt/poseidon-data/poseidon/workflows/casa-wind-workflow-full/submit/poseidon/pegasus/casa-wind-full/run0437/00/00/unzip_ID0000076.meta,/mnt/poseidon-data/poseidon/workflows/casa-wind-workflow-full/submit/poseidon/pegasus/casa-wind-full/run0437/00/00/unzip_ID0000051.meta,/mnt/poseidon-data/poseidon/workflows/casa-wind-workflow-full/submit/poseidon/pegasus/casa-wind-full/run0437/00/00/unzip_ID0000026.meta,/mnt/poseidon-data/poseidon/workflows/casa-wind-workflow-full/submit/poseidon/pegasus/casa-wind-full/run0437/00/00/unzip_ID0000101.meta,/mnt/poseidon-data/poseidon/workflows/casa-wind-workflow-full/submit/poseidon/pegasus/casa-wind-full/run0437/00/00/unzip_ID0000006.meta,/mnt/poseidon-data/poseidon/workflows/casa-wind-workflow-full/submit/poseidon/pegasus/casa-wind-full/run0437/00/00/unzip_ID0000121.meta,/mnt/poseidon-data/poseidon/workflows/casa-wind-workflow-full/submit/poseidon/pegasus/casa-wind-full/run0437/00/00/unzip_ID0000111.meta,/mnt/poseidon-data/poseidon/workflows/casa-wind-workflow-full/submit/poseidon/pegasus/casa-wind-full/run0437/00/00/unzip_ID0000126.meta,/mnt/poseidon-data/poseidon/workflows/casa-wind-workflow-full/submit/poseidon/pegasus/casa-wind-full/run0437/00/00/unzip_ID0000046.meta,/mnt/poseidon-data/poseidon/workflows/casa-wind-workflow-full/submit/poseidon/pegasus/casa-wind-full/run0437/00/00/unzip_ID0000081.meta,/mnt/poseidon-data/poseidon/workflows/casa-wind-workflow-full/submit/poseidon/pegasus/casa-wind-full/run0437/00/00/unzip_ID0000096.meta,/mnt/poseidon-data/poseidon/workflows/casa-wind-workflow-full/submit/poseidon/pegasus/casa-wind-full/run0437/00/00/unzip_ID0000016.meta,/mnt/poseidon-data/poseidon/workflows/casa-wind-workflow-full/submit/poseidon/pegasus/casa-wind-full/run0437/00/00/unzip_ID0000041.meta,/mnt/poseidon-data/poseidon/workflows/casa-wind-workflow-full/submit/poseidon/pegasus/casa-wind-full/run0437/00/00/unzip_ID0000116.meta,/mnt/poseidon-data/poseidon/workflows/casa-wind-workflow-full/submit/poseidon/pegasus/casa-wind-full/run0437/00/00/unzip_ID0000036.meta,/mnt/poseidon-data/poseidon/workflows/casa-wind-workflow-full/submit/poseidon/pegasus/casa-wind-full/run0437/00/00/unzip_ID0000106.meta,/mnt/poseidon-data/poseidon/workflows/casa-wind-workflow-full/submit/poseidon/pegasus/casa-wind-full/run0437/00/00/unzip_ID0000031.meta,/mnt/poseidon-data/poseidon/workflows/casa-wind-workflow-full/submit/poseidon/pegasus/casa-wind-full/run0437/00/00/unzip_ID0000091.meta,/mnt/poseidon-data/poseidon/workflows/casa-wind-workflow-full/submit/poseidon/pegasus/casa-wind-full/run0437/00/00/unzip_ID0000061.meta,/mnt/poseidon-data/poseidon/workflows/casa-wind-workflow-full/submit/poseidon/pegasus/casa-wind-full/run0437/00/00/unzip_ID0000066.meta,/mnt/poseidon-data/poseidon/workflows/casa-wind-workflow-full/submit/poseidon/pegasus/casa-wind-full/run0437/00/00/unzip_ID0000056.meta,/mnt/poseidon-data/poseidon/workflows/casa-wind-workflow-full/submit/poseidon/pegasus/casa-wind-full/run0437/00/00/unzip_ID0000086.meta,/mnt/poseidon-data/poseidon/workflows/casa-wind-workflow-full/submit/poseidon/pegasus/casa-wind-full/run0437/00/00/unzip_ID0000011.meta,/mnt/poseidon-data/poseidon/workflows/casa-wind-workflow-full/submit/poseidon/pegasus/casa-wind-full/run0437/00/00/unzip_ID0000021.meta --insert /mnt/poseidon-data/poseidon/workflows/casa-wind-workflow-full/submit/poseidon/pegasus/casa-wind-full/run0437/00/00/register_condorpool_0_0.in",3.1,0,0,,,,,,,,,
post_vel_ID0000128,None,compute,0,1694488850.0,,,1694488855.0,1694488863.0,1694488875.0,32759180.0,1694488861.0,1694488890.0,1694488880.0,1694488883.0,4726.0,1694488890.0,1694488895.0,5.0,,6.0,29.0,5.0,12.0,177143937.0,3.0,14512.0,poseidon,condorpool,poseidon-worker-2-container-44-47,post_vel,/opt/netcdf2png/merged_netcdf2png,,0.1,0,0,,,,,,,,,
stage_out_local_condorpool_1_1,None,transfer,0,1694488850.0,,,1694488855.0,,,0.0,1694488856.0,1694488865.0,,,0.0,1694488865.0,1694488870.0,5.0,,1.0,9.0,5.0,,,,,poseidon,local,poseidon-submit,pegasus::transfer,/mnt/poseidon-data/poseidon/pegasus-5.1.0panorama/bin/pegasus-transfer,/home/poseidon/pegasus-5.1.0panorama/bin/../bin/pegasus-kickstart  -n pegasus::transfer -N null -i - -R local  -L casa-wind-full -T 2023-09-08T07:29:05+00:00 /home/poseidon/pegasus-5.1.0panorama/bin/../bin/pegasus-transfer  --threads 2,0.9,0,0,,,,,,,,,
post_vel_ID0000083,cpu_3,compute,0,1694488850.0,,,1694488855.0,1694488864.0,1694488878.0,26796273.2,1694488862.0,1694488895.0,1694488884.0,1694488887.0,3951.0,1694488895.0,1694488900.0,5.0,,7.0,33.0,5.0,14.0,177143937.0,3.0,12720.0,poseidon,condorpool,poseidon-worker-1-container-20-23,post_vel,/opt/netcdf2png/merged_netcdf2png,,0.1,0,0,,,,,,,,,
mvt_ID0000084,None,compute,0,1694488850.0,,,1694488855.0,1694488865.0,1694488876.0,29753121.5,1694488863.0,1694488930.0,1694488921.0,1694488924.0,15314.0,1694488930.0,1694488935.0,5.0,,8.0,67.0,5.0,11.0,177143652.0,3.0,47998.0,poseidon,condorpool,poseidon-worker-1-container-40-43,mvt,/opt/mvt/mvt,,39.3,0,0,0.0,822142.0,24576.0,494.0,6.0,29.9,0.1,27404.7,1228.8
post_vel_ID0000008,cpu_3,compute,0,1694488850.0,,,1694488855.0,1694488864.0,1694488875.0,32813501.6,1694488862.0,1694488890.0,1694488880.0,1694488883.0,3544.0,1694488890.0,1694488895.0,5.0,,7.0,28.0,5.0,11.0,177143937.0,3.0,10982.0,poseidon,condorpool,poseidon-worker-2-container-28-31,post_vel,/opt/netcdf2png/merged_netcdf2png,,0.1,0,0,,,,,,,,,
mvt_ID0000009,cpu_3,compute,0,1694488850.0,,,1694488855.0,1694488865.0,1694488876.0,34178534.2,1694488863.0,1694488930.0,1694488921.0,1694488924.0,11455.0,1694488930.0,1694488935.0,5.0,,8.0,67.0,5.0,11.0,177143652.0,3.0,35429.0,poseidon,condorpool,poseidon-worker-2-container-24-27,mvt,/opt/mvt/mvt,,40.0,0,0,0.0,790489.0,20480.0,425.0,5.0,29.9,0.1,26349.6,1024.0
mvt_ID0000024,None,compute,0,1694488850.0,,,1694488855.0,1694488863.0,1694488874.0,34509625.6,1694488861.0,1694488930.0,1694488919.0,1694488922.0,9875.0,1694488930.0,1694488935.0,5.0,,6.0,69.0,5.0,11.0,177143652.0,3.0,30705.0,poseidon,condorpool,poseidon-worker-2-container-16-19,mvt,/opt/mvt/mvt,,39.7,0,0,0.0,791976.0,16384.0,428.0,4.0,29.9,0.1,26399.2,819.2
mvt_ID0000044,None,compute,0,1694488850.0,,,1694488855.0,1694488864.0,1694488877.0,23183917.4,1694488862.0,1694488930.0,1694488921.0,1694488924.0,9012.0,1694488930.0,1694488935.0,5.0,,7.0,68.0,5.0,13.0,177143652.0,3.0,28113.0,poseidon,condorpool,poseidon-worker-1-container-28-31,mvt,/opt/mvt/mvt,,39.2,0,0,0.0,789216.0,12288.0,422.0,3.0,29.9,0.1,26307.2,1228.8
post_vel_ID0000043,None,compute,0,1694488850.0,,,1694488855.0,1694488864.0,1694488875.0,29651396.4,1694488861.0,1694488890.0,1694488880.0,1694488884.0,3467.0,1694488890.0,1694488895.0,5.0,,6.0,29.0,5.0,11.0,177143937.0,4.0,11050.0,poseidon,condorpool,poseidon-worker-1-container-4-7,post_vel,/opt/netcdf2png/merged_netcdf2png,,0.1,0,0,,,,,,,,,
register_condorpool_0_2,None,auxiliary,0,1694488850.0,,,1694488855.0,,,0.0,1694488856.0,1694488860.0,,,0.0,1694488860.0,1694488865.0,5.0,,1.0,4.0,5.0,,,,,poseidon,local,poseidon-submit,pegasus::rc-client,/mnt/poseidon-data/poseidon/pegasus-5.1.0panorama/bin/pegasus-rc-client,"-n pegasus::rc-client -N null -R local  -L casa-wind-full -T 2023-09-08T07:29:05+00:00 /home/poseidon/pegasus-5.1.0panorama/bin/pegasus-rc-client --prefix pegasus.catalog.replica.output --conf /mnt/poseidon-data/poseidon/workflows/casa-wind-workflow-full/submit/poseidon/pegasus/casa-wind-full/run0437/pegasus.7842259040631010124.properties -v --meta /mnt/poseidon-data/poseidon/workflows/casa-wind-workflow-full/submit/poseidon/pegasus/casa-wind-full/run0437/00/00/unzip_ID0000001.meta,/mnt/poseidon-data/poseidon/workflows/casa-wind-workflow-full/submit/poseidon/pegasus/casa-wind-full/run0437/00/00/unzip_ID0000071.meta,/mnt/poseidon-data/poseidon/workflows/casa-wind-workflow-full/submit/poseidon/pegasus/casa-wind-full/run0437/00/00/unzip_ID0000076.meta,/mnt/poseidon-data/poseidon/workflows/casa-wind-workflow-full/submit/poseidon/pegasus/casa-wind-full/run0437/00/00/unzip_ID0000051.meta,/mnt/poseidon-data/poseidon/workflows/casa-wind-workflow-full/submit/poseidon/pegasus/casa-wind-full/run0437/00/00/unzip_ID0000026.meta,/mnt/poseidon-data/poseidon/workflows/casa-wind-workflow-full/submit/poseidon/pegasus/casa-wind-full/run0437/00/00/unzip_ID0000101.meta,/mnt/poseidon-data/poseidon/workflows/casa-wind-workflow-full/submit/poseidon/pegasus/casa-wind-full/run0437/00/00/unzip_ID0000006.meta,/mnt/poseidon-data/poseidon/workflows/casa-wind-workflow-full/submit/poseidon/pegasus/casa-wind-full/run0437/00/00/unzip_ID0000121.meta,/mnt/poseidon-data/poseidon/workflows/casa-wind-workflow-full/submit/poseidon/pegasus/casa-wind-full/run0437/00/00/unzip_ID0000111.meta,/mnt/poseidon-data/poseidon/workflows/casa-wind-workflow-full/submit/poseidon/pegasus/casa-wind-full/run0437/00/00/unzip_ID0000126.meta,/mnt/poseidon-data/poseidon/workflows/casa-wind-workflow-full/submit/poseidon/pegasus/casa-wind-full/run0437/00/00/unzip_ID0000046.meta,/mnt/poseidon-data/poseidon/workflows/casa-wind-workflow-full/submit/poseidon/pegasus/casa-wind-full/run0437/00/00/unzip_ID0000081.meta,/mnt/poseidon-data/poseidon/workflows/casa-wind-workflow-full/submit/poseidon/pegasus/casa-wind-full/run0437/00/00/unzip_ID0000096.meta,/mnt/poseidon-data/poseidon/workflows/casa-wind-workflow-full/submit/poseidon/pegasus/casa-wind-full/run0437/00/00/unzip_ID0000016.meta,/mnt/poseidon-data/poseidon/workflows/casa-wind-workflow-full/submit/poseidon/pegasus/casa-wind-full/run0437/00/00/unzip_ID0000041.meta,/mnt/poseidon-data/poseidon/workflows/casa-wind-workflow-full/submit/poseidon/pegasus/casa-wind-full/run0437/00/00/unzip_ID0000116.meta,/mnt/poseidon-data/poseidon/workflows/casa-wind-workflow-full/submit/poseidon/pegasus/casa-wind-full/run0437/00/00/unzip_ID0000036.meta,/mnt/poseidon-data/poseidon/workflows/casa-wind-workflow-full/submit/poseidon/pegasus/casa-wind-full/run0437/00/00/unzip_ID0000106.meta,/mnt/poseidon-data/poseidon/workflows/casa-wind-workflow-full/submit/poseidon/pegasus/casa-wind-full/run0437/00/00/unzip_ID0000031.meta,/mnt/poseidon-data/poseidon/workflows/casa-wind-workflow-full/submit/poseidon/pegasus/casa-wind-full/run0437/00/00/unzip_ID0000091.meta,/mnt/poseidon-data/poseidon/workflows/casa-wind-workflow-full/submit/poseidon/pegasus/casa-wind-full/run0437/00/00/unzip_ID0000061.meta,/mnt/poseidon-data/poseidon/workflows/casa-wind-workflow-full/submit/poseidon/pegasus/casa-wind-full/run0437/00/00/unzip_ID0000066.meta,/mnt/poseidon-data/poseidon/workflows/casa-wind-workflow-full/submit/poseidon/pegasus/casa-wind-full/run0437/00/00/unzip_ID0000056.meta,/mnt/poseidon-data/poseidon/workflows/casa-wind-workflow-full/submit/poseidon/pegasus/casa-wind-full/run0437/00/00/unzip_ID0000086.meta,/mnt/poseidon-data/poseidon/workflows/casa-wind-workflow-full/submit/poseidon/pegasus/casa-wind-full/run0437/00/00/unzip_ID0000011.meta,/mnt/poseidon-data/poseidon/workflows/casa-wind-workflow-full/submit/poseidon/pegasus/casa-wind-full/run0437/00/00/unzip_ID0000021.meta --insert /mnt/poseidon-data/poseidon/workflows/casa-wind-workflow-full/submit/poseidon/pegasus/casa-wind-full/run0437/00/00/register_condorpool_0_2.in",2.9,0,0,,,,,,,,,
mvt_ID0000129,None,compute,0,1694488850.0,,,1694488855.0,1694488864.0,1694488875.0,34524293.6,1694488862.0,1694488930.0,1694488921.0,1694488924.0,20377.0,1694488930.0,1694488935.0,5.0,,7.0,68.0,5.0,11.0,177143652.0,3.0,64489.0,poseidon,condorpool,poseidon-worker-1-container-44-47,mvt,/opt/mvt/mvt,,39.7,0,0,0.0,853480.0,36864.0,569.0,9.0,39.6,0.1,21337.0,3686.4
post_vel_ID0000023,None,compute,0,1694488850.0,,,1694488855.0,1694488863.0,1694488875.0,33620069.2,1694488862.0,1694488890.0,1694488880.0,1694488883.0,3665.0,1694488890.0,1694488895.0,5.0,,7.0,28.0,5.0,12.0,177143937.0,3.0,11372.0,poseidon,condorpool,poseidon-worker-2-container-20-23,post_vel,/opt/netcdf2png/merged_netcdf2png,,0.1,0,0,,,,,,,,,
mvt_ID0000039,None,compute,0,1694488850.0,,,1694488855.0,1694488864.0,1694488874.0,29661386.0,1694488862.0,1694488930.0,1694488920.0,1694488923.0,10964.0,1694488930.0,1694488935.0,5.0,,7.0,68.0,5.0,10.0,177143652.0,3.0,34386.0,poseidon,condorpool,poseidon-worker-1-container-36-39,mvt,/opt/mvt/mvt,,39.8,0,0,0.0,818084.0,16384.0,485.0,4.0,29.9,0.1,27269.5,819.2
post_vel_ID0000093,None,compute,0,1694488850.0,,,1694488855.0,1694488864.0,1694488875.0,29809865.2,1694488862.0,1694488890.0,1694488881.0,1694488884.0,4272.0,1694488890.0,1694488895.0,5.0,,7.0,28.0,5.0,11.0,177143937.0,3.0,13303.0,poseidon,condorpool,poseidon-worker-1-container-16-19,post_vel,/opt/netcdf2png/merged_netcdf2png,,0.1,0,0,,,,,,,,,
mvt_ID0000094,None,compute,0,1694488850.0,,,1694488855.0,1694488863.0,1694488874.0,30058405.0,1694488861.0,1694488930.0,1694488919.0,1694488922.0,16966.0,1694488930.0,1694488935.0,5.0,,6.0,69.0,5.0,11.0,177143652.0,3.0,52407.0,poseidon,condorpool,poseidon-worker-1-container-32-35,mvt,/opt/mvt/mvt,,39.7,0,0,0.0,791982.0,28672.0,428.0,7.0,29.9,0.1,26399.4,1433.6
post_vel_ID0000063,None,compute,0,1694488850.0,,,1694488855.0,1694488865.0,1694488875.0,29971066.0,1694488863.0,1694488890.0,1694488881.0,1694488884.0,3711.0,1694488890.0,1694488895.0,5.0,,8.0,27.0,5.0,10.0,177143937.0,3.0,11628.0,poseidon,condorpool,poseidon-worker-2-container-40-43,post_vel,/opt/netcdf2png/merged_netcdf2png,,0.1,0,0,,,,,,,,,
post_vel_ID0000073,None,compute,0,1694488850.0,,,1694488855.0,1694488863.0,1694488876.0,26907390.3,1694488861.0,1694488890.0,1694488881.0,1694488884.0,3749.0,1694488890.0,1694488895.0,5.0,,6.0,29.0,5.0,13.0,177143937.0,3.0,11825.0,poseidon,condorpool,poseidon-worker-1-container-8-11,post_vel,/opt/netcdf2png/merged_netcdf2png,,0.1,0,0,,,,,,,,,
post_vel_ID0000058,None,compute,0,1694488850.0,,,1694488855.0,1694488863.0,1694488874.0,33988836.6,1694488861.0,1694488890.0,1694488880.0,1694488883.0,3536.0,1694488890.0,1694488895.0,5.0,,6.0,29.0,5.0,11.0,177143937.0,3.0,10981.0,poseidon,condorpool,poseidon-worker-2-container-8-11,post_vel,/opt/netcdf2png/merged_netcdf2png,,0.1,0,0,,,,,,,,,
mvt_ID0000074,None,compute,0,1694488850.0,,,1694488855.0,1694488863.0,1694488880.0,16028320.3,1694488862.0,1694488935.0,1694488925.0,1694488928.0,12720.0,1694488935.0,1694488941.0,5.0,,7.0,73.0,6.0,17.0,177143652.0,3.0,38855.0,poseidon,condorpool,poseidon-worker-2-container-36-39,mvt,/opt/mvt/mvt,,39.4,0,0,0.0,820752.0,20480.0,491.0,5.0,29.9,0.1,27358.4,1024.0
post_vel_ID0000013,None,compute,0,1694488850.0,,,1694488855.0,1694488864.0,1694488875.0,33318953.4,1694488862.0,1694488890.0,1694488880.0,1694488883.0,3560.0,1694488890.0,1694488895.0,5.0,,7.0,28.0,5.0,11.0,177143937.0,3.0,11040.0,poseidon,condorpool,poseidon-worker-1-container-0-3,post_vel,/opt/netcdf2png/merged_netcdf2png,,0.1,0,0,,,,,,,,,
mvt_ID0000014,None,compute,0,1694488850.0,,,1694488855.0,1694488863.0,1694488875.0,29432496.2,1694488862.0,1694488930.0,1694488920.0,1694488923.0,10398.0,1694488930.0,1694488935.0,5.0,,7.0,68.0,5.0,12.0,177143652.0,3.0,31991.0,poseidon,condorpool,poseidon-worker-2-container-12-15,mvt,/opt/mvt/mvt,,39.9,0,0,0.0,791974.0,16384.0,428.0,4.0,29.9,0.1,26399.1,819.2
mvt_ID0000064,None,compute,0,1694488850.0,,,1694488855.0,1694488863.0,1694488875.0,28568930.2,1694488862.0,1694488930.0,1694488920.0,1694488923.0,10096.0,1694488930.0,1694488935.0,5.0,,7.0,68.0,5.0,12.0,177143652.0,3.0,31148.0,poseidon,condorpool,poseidon-worker-2-container-32-35,mvt,/opt/mvt/mvt,,39.7,0,0,0.0,819384.0,16384.0,488.0,4.0,29.9,0.1,27312.8,819.2
mvt_ID0000059,cpu_3,compute,0,1694488850.0,,,1694488855.0,1694488866.0,1694488876.0,30065606.0,1694488864.0,1694488935.0,1694488922.0,1694488925.0,9189.0,1694488935.0,1694488941.0,5.0,,9.0,71.0,6.0,10.0,177143652.0,3.0,28164.0,poseidon,condorpool,poseidon-worker-2-container-4-7,mvt,/opt/mvt/mvt,,39.9,0,0,0.0,790443.0,12288.0,425.0,3.0,29.9,0.1,26348.1,1228.8
post_vel_ID0000038,cpu_3,compute,0,1694488850.0,,,1694488855.0,1694488864.0,1694488877.0,29681635.5,1694488862.0,1694488895.0,1694488883.0,1694488886.0,3448.0,1694488895.0,1694488900.0,5.0,,7.0,33.0,5.0,13.0,177143937.0,3.0,11227.0,poseidon,condorpool,poseidon-worker-1-container-24-27,post_vel,/opt/netcdf2png/merged_netcdf2png,,0.1,0,0,,,,,,,,,
post_vel_ID0000123,None,compute,0,1694488855.0,,,1694488860.0,1694488866.0,1694488877.0,29774497.5,1694488864.0,1694488895.0,1694488883.0,1694488886.0,4566.0,1694488895.0,1694488900.0,5.0,,4.0,31.0,5.0,11.0,177143937.0,3.0,14777.0,poseidon,condorpool,poseidon-worker-1-container-44-47,post_vel,/opt/netcdf2png/merged_netcdf2png,,0.1,0,0,,,,,,,,,
stage_out_local_condorpool_1_0,None,transfer,0,1694488855.0,,,1694488860.0,,,0.0,1694488860.0,1694488865.0,,,0.0,1694488865.0,1694488870.0,5.0,,0.0,5.0,5.0,,,,,poseidon,local,poseidon-submit,pegasus::transfer,/mnt/poseidon-data/poseidon/pegasus-5.1.0panorama/bin/pegasus-transfer,/home/poseidon/pegasus-5.1.0panorama/bin/../bin/pegasus-kickstart  -n pegasus::transfer -N null -i - -R local  -L casa-wind-full -T 2023-09-08T07:29:05+00:00 /home/poseidon/pegasus-5.1.0panorama/bin/../bin/pegasus-transfer  --threads 2,1.0,0,0,,,,,,,,,
mvt_ID0000124,None,compute,0,1694488855.0,,,1694488860.0,1694488863.0,1694488875.0,26931703.4,1694488861.0,1694488930.0,1694488921.0,1694488924.0,22590.0,1694488930.0,1694488935.0,5.0,,1.0,69.0,5.0,12.0,177143652.0,3.0,70564.0,poseidon,condorpool,poseidon-worker-1-container-36-39,mvt,/opt/mvt/mvt,,40.3,0,0,0.0,827382.0,40960.0,512.0,10.0,39.9,0.1,20684.5,4096.0
post_vel_ID0000053,None,compute,0,1694488855.0,,,1694488860.0,1694488864.0,1694488881.0,15406994.4,1694488862.0,1694488895.0,1694488887.0,1694488890.0,3576.0,1694488895.0,1694488900.0,5.0,,2.0,33.0,5.0,17.0,177143937.0,3.0,11004.0,poseidon,condorpool,poseidon-worker-1-container-12-15,post_vel,/opt/netcdf2png/merged_netcdf2png,,0.1,0,0,,,,,,,,,
mvt_ID0000054,None,compute,0,1694488855.0,,,1694488860.0,1694488864.0,1694488875.0,32463272.8,1694488862.0,1694488930.0,1694488920.0,1694488924.0,9215.0,1694488930.0,1694488935.0,5.0,,2.0,68.0,5.0,11.0,177143652.0,4.0,28552.0,poseidon,condorpool,poseidon-worker-2-container-0-3,mvt,/opt/mvt/mvt,,39.9,0,0,0.0,791891.0,12288.0,428.0,3.0,29.9,0.1,26396.4,1228.8
register_condorpool_1_1,None,auxiliary,0,1694488870.0,,,1694488875.0,,,0.0,1694488875.0,1694488880.0,,,0.0,1694488880.0,1694488885.0,5.0,,0.0,5.0,5.0,,,,,poseidon,local,poseidon-submit,pegasus::rc-client,/mnt/poseidon-data/poseidon/pegasus-5.1.0panorama/bin/pegasus-rc-client,"-n pegasus::rc-client -N null -R local  -L casa-wind-full -T 2023-09-08T07:29:05+00:00 /home/poseidon/pegasus-5.1.0panorama/bin/pegasus-rc-client --prefix pegasus.catalog.replica.output --conf /mnt/poseidon-data/poseidon/workflows/casa-wind-workflow-full/submit/poseidon/pegasus/casa-wind-full/run0437/pegasus.7842259040631010124.properties -v --meta /mnt/poseidon-data/poseidon/workflows/casa-wind-workflow-full/submit/poseidon/pegasus/casa-wind-full/run0437/00/00/um_vel_ID0000097.meta,/mnt/poseidon-data/poseidon/workflows/casa-wind-workflow-full/submit/poseidon/pegasus/casa-wind-full/run0437/00/01/um_vel_ID0000047.meta,/mnt/poseidon-data/poseidon/workflows/casa-wind-workflow-full/submit/poseidon/pegasus/casa-wind-full/run0437/00/00/um_vel_ID0000087.meta,/mnt/poseidon-data/poseidon/workflows/casa-wind-workflow-full/submit/poseidon/pegasus/casa-wind-full/run0437/00/01/um_vel_ID0000007.meta,/mnt/poseidon-data/poseidon/workflows/casa-wind-workflow-full/submit/poseidon/pegasus/casa-wind-full/run0437/00/00/um_vel_ID0000082.meta,/mnt/poseidon-data/poseidon/workflows/casa-wind-workflow-full/submit/poseidon/pegasus/casa-wind-full/run0437/00/01/um_vel_ID0000072.meta,/mnt/poseidon-data/poseidon/workflows/casa-wind-workflow-full/submit/poseidon/pegasus/casa-wind-full/run0437/00/01/um_vel_ID0000102.meta,/mnt/poseidon-data/poseidon/workflows/casa-wind-workflow-full/submit/poseidon/pegasus/casa-wind-full/run0437/00/00/um_vel_ID0000017.meta,/mnt/poseidon-data/poseidon/workflows/casa-wind-workflow-full/submit/poseidon/pegasus/casa-wind-full/run0437/00/01/um_vel_ID0000037.meta --insert /mnt/poseidon-data/poseidon/workflows/casa-wind-workflow-full/submit/poseidon/pegasus/casa-wind-full/run0437/00/01/register_condorpool_1_1.in",2.5,0,0,,,,,,,,,
register_condorpool_1_0,None,auxiliary,0,1694488870.0,,,1694488885.0,,,0.0,1694488886.0,1694488890.0,,,0.0,1694488890.0,1694488895.0,15.0,,1.0,4.0,5.0,,,,,poseidon,local,poseidon-submit,pegasus::rc-client,/mnt/poseidon-data/poseidon/pegasus-5.1.0panorama/bin/pegasus-rc-client,"-n pegasus::rc-client -N null -R local  -L casa-wind-full -T 2023-09-08T07:29:05+00:00 /home/poseidon/pegasus-5.1.0panorama/bin/pegasus-rc-client --prefix pegasus.catalog.replica.output --conf /mnt/poseidon-data/poseidon/workflows/casa-wind-workflow-full/submit/poseidon/pegasus/casa-wind-full/run0437/pegasus.7842259040631010124.properties -v --meta /mnt/poseidon-data/poseidon/workflows/casa-wind-workflow-full/submit/poseidon/pegasus/casa-wind-full/run0437/00/00/um_vel_ID0000022.meta,/mnt/poseidon-data/poseidon/workflows/casa-wind-workflow-full/submit/poseidon/pegasus/casa-wind-full/run0437/00/00/um_vel_ID0000027.meta,/mnt/poseidon-data/poseidon/workflows/casa-wind-workflow-full/submit/poseidon/pegasus/casa-wind-full/run0437/00/01/um_vel_ID0000057.meta,/mnt/poseidon-data/poseidon/workflows/casa-wind-workflow-full/submit/poseidon/pegasus/casa-wind-full/run0437/00/00/um_vel_ID0000122.meta,/mnt/poseidon-data/poseidon/workflows/casa-wind-workflow-full/submit/poseidon/pegasus/casa-wind-full/run0437/00/00/um_vel_ID0000127.meta,/mnt/poseidon-data/poseidon/workflows/casa-wind-workflow-full/submit/poseidon/pegasus/casa-wind-full/run0437/00/00/um_vel_ID0000092.meta,/mnt/poseidon-data/poseidon/workflows/casa-wind-workflow-full/submit/poseidon/pegasus/casa-wind-full/run0437/00/01/um_vel_ID0000067.meta,/mnt/poseidon-data/poseidon/workflows/casa-wind-workflow-full/submit/poseidon/pegasus/casa-wind-full/run0437/00/01/um_vel_ID0000077.meta,/mnt/poseidon-data/poseidon/workflows/casa-wind-workflow-full/submit/poseidon/pegasus/casa-wind-full/run0437/00/01/um_vel_ID0000042.meta --insert /mnt/poseidon-data/poseidon/workflows/casa-wind-workflow-full/submit/poseidon/pegasus/casa-wind-full/run0437/00/01/register_condorpool_1_0.in",2.6,0,0,,,,,,,,,
post_vel_ID0000033,cpu_3,compute,0,1694488880.0,,,1694488885.0,1694488888.0,1694488899.0,29773528.0,1694488886.0,1694488915.0,1694488904.0,1694488907.0,3757.0,1694488915.0,1694488920.0,5.0,,1.0,29.0,5.0,11.0,177143937.0,3.0,11464.0,poseidon,condorpool,poseidon-worker-2-container-28-31,post_vel,/opt/netcdf2png/merged_netcdf2png,,0.1,0,0,,,,,,,,,
stage_out_local_condorpool_1_2,None,transfer,0,1694488880.0,,,1694488885.0,,,0.0,1694488886.0,1694488890.0,,,0.0,1694488890.0,1694488895.0,5.0,,1.0,4.0,5.0,,,,,poseidon,local,poseidon-submit,pegasus::transfer,/mnt/poseidon-data/poseidon/pegasus-5.1.0panorama/bin/pegasus-transfer,/home/poseidon/pegasus-5.1.0panorama/bin/../bin/pegasus-kickstart  -n pegasus::transfer -N null -i - -R local  -L casa-wind-full -T 2023-09-08T07:29:05+00:00 /home/poseidon/pegasus-5.1.0panorama/bin/../bin/pegasus-transfer  --threads 2,0.8,0,0,,,,,,,,,
mvt_ID0000034,None,compute,0,1694488880.0,,,1694488885.0,1694488888.0,1694488899.0,29681538.0,1694488886.0,1694488956.0,1694488943.0,1694488946.0,9892.0,1694488956.0,1694488961.0,5.0,,1.0,70.0,5.0,11.0,177143652.0,3.0,30976.0,poseidon,condorpool,poseidon-worker-2-container-8-11,mvt,/opt/mvt/mvt,,39.2,0,0,0.0,791941.0,16384.0,428.0,4.0,29.9,0.1,26398.0,819.2
register_condorpool_1_2,None,auxiliary,0,1694488895.0,,,1694488905.0,,,0.0,1694488905.0,1694488910.0,,,0.0,1694488910.0,1694488915.0,10.0,,0.0,5.0,5.0,,,,,poseidon,local,poseidon-submit,pegasus::rc-client,/mnt/poseidon-data/poseidon/pegasus-5.1.0panorama/bin/pegasus-rc-client,"-n pegasus::rc-client -N null -R local  -L casa-wind-full -T 2023-09-08T07:29:05+00:00 /home/poseidon/pegasus-5.1.0panorama/bin/pegasus-rc-client --prefix pegasus.catalog.replica.output --conf /mnt/poseidon-data/poseidon/workflows/casa-wind-workflow-full/submit/poseidon/pegasus/casa-wind-full/run0437/pegasus.7842259040631010124.properties -v --meta /mnt/poseidon-data/poseidon/workflows/casa-wind-workflow-full/submit/poseidon/pegasus/casa-wind-full/run0437/00/01/um_vel_ID0000112.meta,/mnt/poseidon-data/poseidon/workflows/casa-wind-workflow-full/submit/poseidon/pegasus/casa-wind-full/run0437/00/01/um_vel_ID0000062.meta,/mnt/poseidon-data/poseidon/workflows/casa-wind-workflow-full/submit/poseidon/pegasus/casa-wind-full/run0437/00/00/um_vel_ID0000117.meta,/mnt/poseidon-data/poseidon/workflows/casa-wind-workflow-full/submit/poseidon/pegasus/casa-wind-full/run0437/00/00/um_vel_ID0000012.meta,/mnt/poseidon-data/poseidon/workflows/casa-wind-workflow-full/submit/poseidon/pegasus/casa-wind-full/run0437/00/01/um_vel_ID0000107.meta,/mnt/poseidon-data/poseidon/workflows/casa-wind-workflow-full/submit/poseidon/pegasus/casa-wind-full/run0437/00/00/um_vel_ID0000002.meta,/mnt/poseidon-data/poseidon/workflows/casa-wind-workflow-full/submit/poseidon/pegasus/casa-wind-full/run0437/00/01/um_vel_ID0000052.meta,/mnt/poseidon-data/poseidon/workflows/casa-wind-workflow-full/submit/poseidon/pegasus/casa-wind-full/run0437/00/00/um_vel_ID0000032.meta --insert /mnt/poseidon-data/poseidon/workflows/casa-wind-workflow-full/submit/poseidon/pegasus/casa-wind-full/run0437/00/01/register_condorpool_1_2.in",2.6,0,0,,,,,,,,,
point_alert_ID0000080,None,compute,0,1694488915.0,,,1694488920.0,1694488923.0,1694488934.0,29574716.5,1694488922.0,1694488951.0,1694488939.0,1694488943.0,6632.0,1694488951.0,1694488956.0,5.0,,2.0,29.0,5.0,11.0,176653320.0,4.0,20718.0,poseidon,condorpool,poseidon-worker-1-container-44-47,point_alert,/opt/pointAlert/pointAlert,,0.0,0,0,,,,,,,,,
point_alert_ID0000070,cpu_3,compute,0,1694488920.0,,,1694488925.0,1694488928.0,1694488939.0,31363081.8,1694488926.0,1694488956.0,1694488944.0,1694488947.0,6423.0,1694488956.0,1694488961.0,5.0,,1.0,30.0,5.0,11.0,176643292.0,3.0,20558.0,poseidon,condorpool,poseidon-worker-2-container-28-31,point_alert,/opt/pointAlert/pointAlert,,0.0,0,0,,,,,,,,,
point_alert_ID0000090,None,compute,0,1694488920.0,,,1694488925.0,1694488928.0,1694488938.0,29577690.0,1694488926.0,1694488956.0,1694488944.0,1694488947.0,6440.0,1694488956.0,1694488961.0,5.0,,1.0,30.0,5.0,10.0,176656458.0,3.0,20638.0,poseidon,condorpool,poseidon-worker-2-container-44-47,point_alert,/opt/pointAlert/pointAlert,,0.0,0,0,,,,,,,,,
point_alert_ID0000120,None,compute,0,1694488920.0,,,1694488925.0,1694488928.0,1694488939.0,29596916.5,1694488926.0,1694488956.0,1694488944.0,1694488947.0,6857.0,1694488956.0,1694488961.0,5.0,,1.0,30.0,5.0,11.0,176673508.0,3.0,21998.0,poseidon,condorpool,poseidon-worker-1-container-44-47,point_alert,/opt/pointAlert/pointAlert,,0.0,0,0,,,,,,,,,
point_alert_ID0000050,None,compute,0,1694488920.0,,,1694488925.0,1694488928.0,1694488939.0,29493933.5,1694488926.0,1694488956.0,1694488944.0,1694488947.0,6376.0,1694488956.0,1694488961.0,5.0,,1.0,30.0,5.0,11.0,176632091.0,3.0,20878.0,poseidon,condorpool,poseidon-worker-1-container-40-43,point_alert,/opt/pointAlert/pointAlert,,0.0,0,0,,,,,,,,,
point_alert_ID0000100,None,compute,0,1694488920.0,,,1694488925.0,1694488928.0,1694488938.0,29872271.0,1694488926.0,1694488956.0,1694488944.0,1694488947.0,6363.0,1694488956.0,1694488961.0,5.0,,1.0,30.0,5.0,10.0,176658101.0,3.0,20638.0,poseidon,condorpool,poseidon-worker-2-container-20-23,point_alert,/opt/pointAlert/pointAlert,,0.0,0,0,,,,,,,,,
point_alert_ID0000030,None,compute,0,1694488920.0,,,1694488925.0,1694488928.0,1694488939.0,29734299.0,1694488926.0,1694488956.0,1694488944.0,1694488947.0,6176.0,1694488956.0,1694488961.0,5.0,,1.0,30.0,5.0,11.0,176646324.0,3.0,20158.0,poseidon,condorpool,poseidon-worker-1-container-0-3,point_alert,/opt/pointAlert/pointAlert,,0.0,0,0,,,,,,,,,
point_alert_ID0000005,None,compute,0,1694488925.0,,,1694488930.0,1694488933.0,1694488943.0,29600933.0,1694488931.0,1694488961.0,1694488949.0,1694488952.0,6520.0,1694488961.0,1694488966.0,5.0,,1.0,30.0,5.0,10.0,176636764.0,3.0,20398.0,poseidon,condorpool,poseidon-worker-2-container-16-19,point_alert,/opt/pointAlert/pointAlert,,0.0,0,0,,,,,,,,,
point_alert_ID0000110,cpu_3,compute,0,1694488925.0,,,1694488930.0,1694488933.0,1694488943.0,29519306.5,1694488931.0,1694488961.0,1694488949.0,1694488952.0,6763.0,1694488961.0,1694488966.0,5.0,,1.0,30.0,5.0,10.0,176667937.0,3.0,21038.0,poseidon,condorpool,poseidon-worker-2-container-24-27,point_alert,/opt/pointAlert/pointAlert,,0.0,0,0,,,,,,,,,
point_alert_ID0000020,None,compute,0,1694488925.0,,,1694488930.0,1694488933.0,1694488944.0,34744892.4,1694488931.0,1694488961.0,1694488949.0,1694488952.0,6516.0,1694488961.0,1694488966.0,5.0,,1.0,30.0,5.0,11.0,176644228.0,3.0,20478.0,poseidon,condorpool,poseidon-worker-1-container-44-47,point_alert,/opt/pointAlert/pointAlert,,0.0,0,0,,,,,,,,,
point_alert_ID0000105,None,compute,0,1694488925.0,,,1694488930.0,1694488933.0,1694488944.0,33814825.4,1694488931.0,1694488961.0,1694488949.0,1694488952.0,6823.0,1694488961.0,1694488966.0,5.0,,1.0,30.0,5.0,11.0,176667573.0,3.0,21278.0,poseidon,condorpool,poseidon-worker-1-container-36-39,point_alert,/opt/pointAlert/pointAlert,,0.0,0,0,,,,,,,,,
point_alert_ID0000115,None,compute,0,1694488925.0,,,1694488930.0,1694488933.0,1694488944.0,34725104.6,1694488931.0,1694488961.0,1694488949.0,1694488952.0,6967.0,1694488961.0,1694488966.0,5.0,,1.0,30.0,5.0,11.0,176681217.0,3.0,21598.0,poseidon,condorpool,poseidon-worker-2-container-12-15,point_alert,/opt/pointAlert/pointAlert,,0.0,0,0,,,,,,,,,
stage_out_local_condorpool_2_0,None,transfer,0,1694488935.0,,,1694488940.0,,,0.0,1694488941.0,1694488946.0,,,0.0,1694488946.0,1694488951.0,5.0,,1.0,5.0,5.0,,,,,poseidon,local,poseidon-submit,pegasus::transfer,/mnt/poseidon-data/poseidon/pegasus-5.1.0panorama/bin/pegasus-transfer,/home/poseidon/pegasus-5.1.0panorama/bin/../bin/pegasus-kickstart  -n pegasus::transfer -N null -i - -R local  -L casa-wind-full -T 2023-09-08T07:29:05+00:00 /home/poseidon/pegasus-5.1.0panorama/bin/../bin/pegasus-transfer  --threads 2,0.9,0,0,,,,,,,,,
stage_out_local_condorpool_2_2,None,transfer,0,1694488935.0,,,1694488940.0,,,0.0,1694488941.0,1694488946.0,,,0.0,1694488946.0,1694488951.0,5.0,,1.0,5.0,5.0,,,,,poseidon,local,poseidon-submit,pegasus::transfer,/mnt/poseidon-data/poseidon/pegasus-5.1.0panorama/bin/pegasus-transfer,/home/poseidon/pegasus-5.1.0panorama/bin/../bin/pegasus-kickstart  -n pegasus::transfer -N null -i - -R local  -L casa-wind-full -T 2023-09-08T07:29:05+00:00 /home/poseidon/pegasus-5.1.0panorama/bin/../bin/pegasus-transfer  --threads 2,1.0,0,0,,,,,,,,,
stage_out_local_condorpool_2_4,None,transfer,0,1694488935.0,,,1694488940.0,,,0.0,1694488941.0,1694488946.0,,,0.0,1694488946.0,1694488951.0,5.0,,1.0,5.0,5.0,,,,,poseidon,local,poseidon-submit,pegasus::transfer,/mnt/poseidon-data/poseidon/pegasus-5.1.0panorama/bin/pegasus-transfer,/home/poseidon/pegasus-5.1.0panorama/bin/../bin/pegasus-kickstart  -n pegasus::transfer -N null -i - -R local  -L casa-wind-full -T 2023-09-08T07:29:05+00:00 /home/poseidon/pegasus-5.1.0panorama/bin/../bin/pegasus-transfer  --threads 2,0.9,0,0,,,,,,,,,
point_alert_ID0000010,None,compute,0,1694488935.0,,,1694488940.0,1694488943.0,1694488954.0,34157711.4,1694488942.0,1694488971.0,1694488960.0,1694488963.0,6430.0,1694488971.0,1694488976.0,5.0,,2.0,29.0,5.0,11.0,176643412.0,3.0,20478.0,poseidon,condorpool,poseidon-worker-1-container-8-11,point_alert,/opt/pointAlert/pointAlert,,0.0,0,0,,,,,,,,,
point_alert_ID0000130,cpu_3,compute,0,1694488935.0,,,1694488940.0,1694488944.0,1694488955.0,34661213.4,1694488943.0,1694488971.0,1694488960.0,1694488964.0,7407.0,1694488971.0,1694488976.0,5.0,,3.0,28.0,5.0,11.0,176672472.0,4.0,23118.0,poseidon,condorpool,poseidon-worker-1-container-24-27,point_alert,/opt/pointAlert/pointAlert,,0.0,0,0,,,,,,,,,
point_alert_ID0000045,cpu_3,compute,0,1694488935.0,,,1694488940.0,1694488944.0,1694488955.0,29843701.5,1694488942.0,1694488971.0,1694488960.0,1694488963.0,6671.0,1694488971.0,1694488976.0,5.0,,2.0,29.0,5.0,11.0,176636096.0,3.0,20798.0,poseidon,condorpool,poseidon-worker-2-container-4-7,point_alert,/opt/pointAlert/pointAlert,,0.0,0,0,,,,,,,,,
point_alert_ID0000015,None,compute,0,1694488935.0,,,1694488940.0,1694488943.0,1694488954.0,29867505.5,1694488942.0,1694488971.0,1694488960.0,1694488963.0,6605.0,1694488971.0,1694488976.0,5.0,,2.0,29.0,5.0,11.0,176639974.0,3.0,20558.0,poseidon,condorpool,poseidon-worker-2-container-0-3,point_alert,/opt/pointAlert/pointAlert,,0.0,0,0,,,,,,,,,
point_alert_ID0000065,None,compute,0,1694488935.0,,,1694488940.0,1694488944.0,1694488955.0,31734847.4,1694488942.0,1694488971.0,1694488960.0,1694488963.0,6417.0,1694488971.0,1694488976.0,5.0,,2.0,29.0,5.0,11.0,176639131.0,3.0,20238.0,poseidon,condorpool,poseidon-worker-2-container-36-39,point_alert,/opt/pointAlert/pointAlert,,0.0,0,0,,,,,,,,,
point_alert_ID0000125,None,compute,0,1694488935.0,,,1694488941.0,1694488944.0,1694488955.0,29468962.0,1694488942.0,1694488971.0,1694488960.0,1694488963.0,7346.0,1694488971.0,1694488976.0,6.0,,1.0,29.0,5.0,11.0,176678547.0,3.0,22878.0,poseidon,condorpool,poseidon-worker-1-container-40-43,point_alert,/opt/pointAlert/pointAlert,,0.0,0,0,,,,,,,,,
point_alert_ID0000025,None,compute,0,1694488935.0,,,1694488940.0,1694488944.0,1694488955.0,31796729.2,1694488942.0,1694488971.0,1694488961.0,1694488964.0,6447.0,1694488971.0,1694488976.0,5.0,,2.0,29.0,5.0,11.0,176638688.0,3.0,20078.0,poseidon,condorpool,poseidon-worker-2-container-36-39,point_alert,/opt/pointAlert/pointAlert,,0.0,0,0,,,,,,,,,
point_alert_ID0000040,None,compute,0,1694488935.0,,,1694488940.0,1694488943.0,1694488954.0,34819183.4,1694488942.0,1694488971.0,1694488960.0,1694488963.0,6614.0,1694488971.0,1694488976.0,5.0,,2.0,29.0,5.0,11.0,176642369.0,3.0,20558.0,poseidon,condorpool,poseidon-worker-2-container-32-35,point_alert,/opt/pointAlert/pointAlert,,0.0,0,0,,,,,,,,,
point_alert_ID0000085,None,compute,0,1694488935.0,,,1694488940.0,1694488944.0,1694488955.0,31310996.6,1694488942.0,1694488971.0,1694488960.0,1694488963.0,6633.0,1694488971.0,1694488976.0,5.0,,2.0,29.0,5.0,11.0,176655981.0,3.0,21118.0,poseidon,condorpool,poseidon-worker-2-container-32-35,point_alert,/opt/pointAlert/pointAlert,,0.0,0,0,,,,,,,,,
point_alert_ID0000055,None,compute,0,1694488935.0,,,1694488940.0,1694488944.0,1694488955.0,35315138.0,1694488942.0,1694488971.0,1694488960.0,1694488963.0,6651.0,1694488971.0,1694488976.0,5.0,,2.0,29.0,5.0,11.0,176636535.0,3.0,20638.0,poseidon,condorpool,poseidon-worker-1-container-36-39,point_alert,/opt/pointAlert/pointAlert,,0.0,0,0,,,,,,,,,
point_alert_ID0000095,cpu_3,compute,0,1694488935.0,,,1694488940.0,1694488944.0,1694488955.0,30629186.2,1694488942.0,1694488971.0,1694488960.0,1694488963.0,6548.0,1694488971.0,1694488976.0,5.0,,2.0,29.0,5.0,11.0,176660390.0,3.0,20718.0,poseidon,condorpool,poseidon-worker-1-container-20-23,point_alert,/opt/pointAlert/pointAlert,,0.0,0,0,,,,,,,,,
stage_out_local_condorpool_2_1,None,transfer,0,1694488941.0,,,1694488946.0,,,0.0,1694488946.0,1694488951.0,,,0.0,1694488951.0,1694488956.0,5.0,,0.0,5.0,5.0,,,,,poseidon,local,poseidon-submit,pegasus::transfer,/mnt/poseidon-data/poseidon/pegasus-5.1.0panorama/bin/pegasus-transfer,/home/poseidon/pegasus-5.1.0panorama/bin/../bin/pegasus-kickstart  -n pegasus::transfer -N null -i - -R local  -L casa-wind-full -T 2023-09-08T07:29:05+00:00 /home/poseidon/pegasus-5.1.0panorama/bin/../bin/pegasus-transfer  --threads 2,0.9,0,0,,,,,,,,,
point_alert_ID0000075,None,compute,0,1694488941.0,,,1694488946.0,1694488948.0,1694488959.0,29921985.0,1694488947.0,1694488976.0,1694488964.0,1694488968.0,6637.0,1694488976.0,1694488981.0,5.0,,1.0,29.0,5.0,11.0,176646838.0,4.0,20558.0,poseidon,condorpool,poseidon-worker-1-container-32-35,point_alert,/opt/pointAlert/pointAlert,,0.0,0,0,,,,,,,,,
point_alert_ID0000060,None,compute,0,1694488941.0,,,1694488946.0,1694488948.0,1694488959.0,33222671.4,1694488947.0,1694488976.0,1694488965.0,1694488968.0,6756.0,1694488976.0,1694488981.0,5.0,,1.0,29.0,5.0,11.0,176636147.0,3.0,20878.0,poseidon,condorpool,poseidon-worker-1-container-28-31,point_alert,/opt/pointAlert/pointAlert,,0.0,0,0,,,,,,,,,
stage_out_local_condorpool_2_3,None,transfer,0,1694488941.0,,,1694488946.0,,,0.0,1694488946.0,1694488951.0,,,0.0,1694488951.0,1694488956.0,5.0,,0.0,5.0,5.0,,,,,poseidon,local,poseidon-submit,pegasus::transfer,/mnt/poseidon-data/poseidon/pegasus-5.1.0panorama/bin/pegasus-transfer,/home/poseidon/pegasus-5.1.0panorama/bin/../bin/pegasus-kickstart  -n pegasus::transfer -N null -i - -R local  -L casa-wind-full -T 2023-09-08T07:29:05+00:00 /home/poseidon/pegasus-5.1.0panorama/bin/../bin/pegasus-transfer  --threads 2,0.9,0,0,,,,,,,,,
register_condorpool_2_2,None,auxiliary,0,1694488951.0,,,1694489036.0,,,0.0,1694489036.0,1694489041.0,,,0.0,1694489041.0,1694489046.0,85.0,,0.0,5.0,5.0,,,,,poseidon,local,poseidon-submit,pegasus::rc-client,/mnt/poseidon-data/poseidon/pegasus-5.1.0panorama/bin/pegasus-rc-client,"-n pegasus::rc-client -N null -R local  -L casa-wind-full -T 2023-09-08T07:29:05+00:00 /home/poseidon/pegasus-5.1.0panorama/bin/pegasus-rc-client --prefix pegasus.catalog.replica.output --conf /mnt/poseidon-data/poseidon/workflows/casa-wind-workflow-full/submit/poseidon/pegasus/casa-wind-full/run0437/pegasus.7842259040631010124.properties -v --meta /mnt/poseidon-data/poseidon/workflows/casa-wind-workflow-full/submit/poseidon/pegasus/casa-wind-full/run0437/00/01/mvt_ID0000019.meta,/mnt/poseidon-data/poseidon/workflows/casa-wind-workflow-full/submit/poseidon/pegasus/casa-wind-full/run0437/00/01/mvt_ID0000099.meta,/mnt/poseidon-data/poseidon/workflows/casa-wind-workflow-full/submit/poseidon/pegasus/casa-wind-full/run0437/00/01/post_vel_ID0000008.meta,/mnt/poseidon-data/poseidon/workflows/casa-wind-workflow-full/submit/poseidon/pegasus/casa-wind-full/run0437/00/02/mvt_ID0000039.meta,/mnt/poseidon-data/poseidon/workflows/casa-wind-workflow-full/submit/poseidon/pegasus/casa-wind-full/run0437/00/02/mvt_ID0000049.meta,/mnt/poseidon-data/poseidon/workflows/casa-wind-workflow-full/submit/poseidon/pegasus/casa-wind-full/run0437/00/02/post_vel_ID0000073.meta,/mnt/poseidon-data/poseidon/workflows/casa-wind-workflow-full/submit/poseidon/pegasus/casa-wind-full/run0437/00/01/post_vel_ID0000088.meta,/mnt/poseidon-data/poseidon/workflows/casa-wind-workflow-full/submit/poseidon/pegasus/casa-wind-full/run0437/00/02/mvt_ID0000104.meta,/mnt/poseidon-data/poseidon/workflows/casa-wind-workflow-full/submit/poseidon/pegasus/casa-wind-full/run0437/00/01/post_vel_ID0000083.meta --insert /mnt/poseidon-data/poseidon/workflows/casa-wind-workflow-full/submit/poseidon/pegasus/casa-wind-full/run0437/00/02/register_condorpool_2_2.in",2.6,0,0,,,,,,,,,
register_condorpool_2_4,None,auxiliary,0,1694488951.0,,,1694488956.0,,,0.0,1694488957.0,1694488961.0,,,0.0,1694488961.0,1694488966.0,5.0,,1.0,4.0,5.0,,,,,poseidon,local,poseidon-submit,pegasus::rc-client,/mnt/poseidon-data/poseidon/pegasus-5.1.0panorama/bin/pegasus-rc-client,"-n pegasus::rc-client -N null -R local  -L casa-wind-full -T 2023-09-08T07:29:05+00:00 /home/poseidon/pegasus-5.1.0panorama/bin/pegasus-rc-client --prefix pegasus.catalog.replica.output --conf /mnt/poseidon-data/poseidon/workflows/casa-wind-workflow-full/submit/poseidon/pegasus/casa-wind-full/run0437/pegasus.7842259040631010124.properties -v --meta /mnt/poseidon-data/poseidon/workflows/casa-wind-workflow-full/submit/poseidon/pegasus/casa-wind-full/run0437/00/02/post_vel_ID0000113.meta,/mnt/poseidon-data/poseidon/workflows/casa-wind-workflow-full/submit/poseidon/pegasus/casa-wind-full/run0437/00/02/mvt_ID0000054.meta,/mnt/poseidon-data/poseidon/workflows/casa-wind-workflow-full/submit/poseidon/pegasus/casa-wind-full/run0437/00/01/post_vel_ID0000013.meta,/mnt/poseidon-data/poseidon/workflows/casa-wind-workflow-full/submit/poseidon/pegasus/casa-wind-full/run0437/00/01/post_vel_ID0000063.meta,/mnt/poseidon-data/poseidon/workflows/casa-wind-workflow-full/submit/poseidon/pegasus/casa-wind-full/run0437/00/01/post_vel_ID0000033.meta,/mnt/poseidon-data/poseidon/workflows/casa-wind-workflow-full/submit/poseidon/pegasus/casa-wind-full/run0437/00/02/post_vel_ID0000108.meta,/mnt/poseidon-data/poseidon/workflows/casa-wind-workflow-full/submit/poseidon/pegasus/casa-wind-full/run0437/00/01/post_vel_ID0000003.meta,/mnt/poseidon-data/poseidon/workflows/casa-wind-workflow-full/submit/poseidon/pegasus/casa-wind-full/run0437/00/01/post_vel_ID0000118.meta --insert /mnt/poseidon-data/poseidon/workflows/casa-wind-workflow-full/submit/poseidon/pegasus/casa-wind-full/run0437/00/02/register_condorpool_2_4.in",2.7,0,0,,,,,,,,,
register_condorpool_2_0,None,auxiliary,0,1694488951.0,,,1694488996.0,,,0.0,1694488997.0,1694489001.0,,,0.0,1694489001.0,1694489006.0,45.0,,1.0,4.0,5.0,,,,,poseidon,local,poseidon-submit,pegasus::rc-client,/mnt/poseidon-data/poseidon/pegasus-5.1.0panorama/bin/pegasus-rc-client,"-n pegasus::rc-client -N null -R local  -L casa-wind-full -T 2023-09-08T07:29:05+00:00 /home/poseidon/pegasus-5.1.0panorama/bin/pegasus-rc-client --prefix pegasus.catalog.replica.output --conf /mnt/poseidon-data/poseidon/workflows/casa-wind-workflow-full/submit/poseidon/pegasus/casa-wind-full/run0437/pegasus.7842259040631010124.properties -v --meta /mnt/poseidon-data/poseidon/workflows/casa-wind-workflow-full/submit/poseidon/pegasus/casa-wind-full/run0437/00/02/mvt_ID0000044.meta,/mnt/poseidon-data/poseidon/workflows/casa-wind-workflow-full/submit/poseidon/pegasus/casa-wind-full/run0437/00/01/post_vel_ID0000068.meta,/mnt/poseidon-data/poseidon/workflows/casa-wind-workflow-full/submit/poseidon/pegasus/casa-wind-full/run0437/00/01/mvt_ID0000129.meta,/mnt/poseidon-data/poseidon/workflows/casa-wind-workflow-full/submit/poseidon/pegasus/casa-wind-full/run0437/00/02/post_vel_ID0000058.meta,/mnt/poseidon-data/poseidon/workflows/casa-wind-workflow-full/submit/poseidon/pegasus/casa-wind-full/run0437/00/01/mvt_ID0000029.meta,/mnt/poseidon-data/poseidon/workflows/casa-wind-workflow-full/submit/poseidon/pegasus/casa-wind-full/run0437/00/02/post_vel_ID0000078.meta,/mnt/poseidon-data/poseidon/workflows/casa-wind-workflow-full/submit/poseidon/pegasus/casa-wind-full/run0437/00/01/post_vel_ID0000123.meta,/mnt/poseidon-data/poseidon/workflows/casa-wind-workflow-full/submit/poseidon/pegasus/casa-wind-full/run0437/00/01/post_vel_ID0000023.meta,/mnt/poseidon-data/poseidon/workflows/casa-wind-workflow-full/submit/poseidon/pegasus/casa-wind-full/run0437/00/01/post_vel_ID0000093.meta --insert /mnt/poseidon-data/poseidon/workflows/casa-wind-workflow-full/submit/poseidon/pegasus/casa-wind-full/run0437/00/02/register_condorpool_2_0.in",2.6,0,0,,,,,,,,,
register_condorpool_2_1,None,auxiliary,0,1694488956.0,,,1694488976.0,,,0.0,1694488976.0,1694488981.0,,,0.0,1694488981.0,1694488986.0,20.0,,0.0,5.0,5.0,,,,,poseidon,local,poseidon-submit,pegasus::rc-client,/mnt/poseidon-data/poseidon/pegasus-5.1.0panorama/bin/pegasus-rc-client,"-n pegasus::rc-client -N null -R local  -L casa-wind-full -T 2023-09-08T07:29:05+00:00 /home/poseidon/pegasus-5.1.0panorama/bin/pegasus-rc-client --prefix pegasus.catalog.replica.output --conf /mnt/poseidon-data/poseidon/workflows/casa-wind-workflow-full/submit/poseidon/pegasus/casa-wind-full/run0437/pegasus.7842259040631010124.properties -v --meta /mnt/poseidon-data/poseidon/workflows/casa-wind-workflow-full/submit/poseidon/pegasus/casa-wind-full/run0437/00/01/mvt_ID0000124.meta,/mnt/poseidon-data/poseidon/workflows/casa-wind-workflow-full/submit/poseidon/pegasus/casa-wind-full/run0437/00/01/mvt_ID0000094.meta,/mnt/poseidon-data/poseidon/workflows/casa-wind-workflow-full/submit/poseidon/pegasus/casa-wind-full/run0437/00/02/mvt_ID0000059.meta,/mnt/poseidon-data/poseidon/workflows/casa-wind-workflow-full/submit/poseidon/pegasus/casa-wind-full/run0437/00/02/mvt_ID0000079.meta,/mnt/poseidon-data/poseidon/workflows/casa-wind-workflow-full/submit/poseidon/pegasus/casa-wind-full/run0437/00/01/mvt_ID0000024.meta,/mnt/poseidon-data/poseidon/workflows/casa-wind-workflow-full/submit/poseidon/pegasus/casa-wind-full/run0437/00/01/post_vel_ID0000028.meta,/mnt/poseidon-data/poseidon/workflows/casa-wind-workflow-full/submit/poseidon/pegasus/casa-wind-full/run0437/00/01/post_vel_ID0000128.meta,/mnt/poseidon-data/poseidon/workflows/casa-wind-workflow-full/submit/poseidon/pegasus/casa-wind-full/run0437/00/02/post_vel_ID0000043.meta,/mnt/poseidon-data/poseidon/workflows/casa-wind-workflow-full/submit/poseidon/pegasus/casa-wind-full/run0437/00/01/mvt_ID0000069.meta --insert /mnt/poseidon-data/poseidon/workflows/casa-wind-workflow-full/submit/poseidon/pegasus/casa-wind-full/run0437/00/02/register_condorpool_2_1.in",2.7,0,0,,,,,,,,,
register_condorpool_2_3,None,auxiliary,0,1694488956.0,,,1694488966.0,,,0.0,1694488967.0,1694488971.0,,,0.0,1694488971.0,1694488976.0,10.0,,1.0,4.0,5.0,,,,,poseidon,local,poseidon-submit,pegasus::rc-client,/mnt/poseidon-data/poseidon/pegasus-5.1.0panorama/bin/pegasus-rc-client,"-n pegasus::rc-client -N null -R local  -L casa-wind-full -T 2023-09-08T07:29:05+00:00 /home/poseidon/pegasus-5.1.0panorama/bin/pegasus-rc-client --prefix pegasus.catalog.replica.output --conf /mnt/poseidon-data/poseidon/workflows/casa-wind-workflow-full/submit/poseidon/pegasus/casa-wind-full/run0437/pegasus.7842259040631010124.properties -v --meta /mnt/poseidon-data/poseidon/workflows/casa-wind-workflow-full/submit/poseidon/pegasus/casa-wind-full/run0437/00/01/mvt_ID0000084.meta,/mnt/poseidon-data/poseidon/workflows/casa-wind-workflow-full/submit/poseidon/pegasus/casa-wind-full/run0437/00/02/post_vel_ID0000038.meta,/mnt/poseidon-data/poseidon/workflows/casa-wind-workflow-full/submit/poseidon/pegasus/casa-wind-full/run0437/00/01/mvt_ID0000009.meta,/mnt/poseidon-data/poseidon/workflows/casa-wind-workflow-full/submit/poseidon/pegasus/casa-wind-full/run0437/00/01/post_vel_ID0000098.meta,/mnt/poseidon-data/poseidon/workflows/casa-wind-workflow-full/submit/poseidon/pegasus/casa-wind-full/run0437/00/02/mvt_ID0000074.meta,/mnt/poseidon-data/poseidon/workflows/casa-wind-workflow-full/submit/poseidon/pegasus/casa-wind-full/run0437/00/02/post_vel_ID0000048.meta,/mnt/poseidon-data/poseidon/workflows/casa-wind-workflow-full/submit/poseidon/pegasus/casa-wind-full/run0437/00/01/mvt_ID0000089.meta,/mnt/poseidon-data/poseidon/workflows/casa-wind-workflow-full/submit/poseidon/pegasus/casa-wind-full/run0437/00/01/post_vel_ID0000018.meta,/mnt/poseidon-data/poseidon/workflows/casa-wind-workflow-full/submit/poseidon/pegasus/casa-wind-full/run0437/00/02/post_vel_ID0000103.meta --insert /mnt/poseidon-data/poseidon/workflows/casa-wind-workflow-full/submit/poseidon/pegasus/casa-wind-full/run0437/00/02/register_condorpool_2_3.in",2.5,0,0,,,,,,,,,
stage_out_local_condorpool_2_5,None,transfer,0,1694488961.0,,,1694488966.0,,,0.0,1694488967.0,1694488971.0,,,0.0,1694488971.0,1694488976.0,5.0,,1.0,4.0,5.0,,,,,poseidon,local,poseidon-submit,pegasus::transfer,/mnt/poseidon-data/poseidon/pegasus-5.1.0panorama/bin/pegasus-transfer,/home/poseidon/pegasus-5.1.0panorama/bin/../bin/pegasus-kickstart  -n pegasus::transfer -N null -i - -R local  -L casa-wind-full -T 2023-09-08T07:29:05+00:00 /home/poseidon/pegasus-5.1.0panorama/bin/../bin/pegasus-transfer  --threads 2,0.8,0,0,,,,,,,,,
point_alert_ID0000035,None,compute,0,1694488961.0,,,1694488966.0,1694488969.0,1694488980.0,29924004.5,1694488968.0,1694488996.0,1694488985.0,1694488988.0,6327.0,1694488996.0,1694489001.0,5.0,,2.0,28.0,5.0,11.0,176638959.0,3.0,20078.0,poseidon,condorpool,poseidon-worker-1-container-44-47,point_alert,/opt/pointAlert/pointAlert,,0.0,0,0,,,,,,,,,
register_condorpool_2_5,None,auxiliary,0,1694488976.0,,,1694488986.0,,,0.0,1694488987.0,1694488991.0,,,0.0,1694488991.0,1694488996.0,10.0,,1.0,4.0,5.0,,,,,poseidon,local,poseidon-submit,pegasus::rc-client,/mnt/poseidon-data/poseidon/pegasus-5.1.0panorama/bin/pegasus-rc-client,"-n pegasus::rc-client -N null -R local  -L casa-wind-full -T 2023-09-08T07:29:05+00:00 /home/poseidon/pegasus-5.1.0panorama/bin/pegasus-rc-client --prefix pegasus.catalog.replica.output --conf /mnt/poseidon-data/poseidon/workflows/casa-wind-workflow-full/submit/poseidon/pegasus/casa-wind-full/run0437/pegasus.7842259040631010124.properties -v --meta /mnt/poseidon-data/poseidon/workflows/casa-wind-workflow-full/submit/poseidon/pegasus/casa-wind-full/run0437/00/01/mvt_ID0000004.meta,/mnt/poseidon-data/poseidon/workflows/casa-wind-workflow-full/submit/poseidon/pegasus/casa-wind-full/run0437/00/02/mvt_ID0000109.meta,/mnt/poseidon-data/poseidon/workflows/casa-wind-workflow-full/submit/poseidon/pegasus/casa-wind-full/run0437/00/01/mvt_ID0000014.meta,/mnt/poseidon-data/poseidon/workflows/casa-wind-workflow-full/submit/poseidon/pegasus/casa-wind-full/run0437/00/01/mvt_ID0000064.meta,/mnt/poseidon-data/poseidon/workflows/casa-wind-workflow-full/submit/poseidon/pegasus/casa-wind-full/run0437/00/01/mvt_ID0000034.meta,/mnt/poseidon-data/poseidon/workflows/casa-wind-workflow-full/submit/poseidon/pegasus/casa-wind-full/run0437/00/01/mvt_ID0000119.meta,/mnt/poseidon-data/poseidon/workflows/casa-wind-workflow-full/submit/poseidon/pegasus/casa-wind-full/run0437/00/02/mvt_ID0000114.meta,/mnt/poseidon-data/poseidon/workflows/casa-wind-workflow-full/submit/poseidon/pegasus/casa-wind-full/run0437/00/02/post_vel_ID0000053.meta --insert /mnt/poseidon-data/poseidon/workflows/casa-wind-workflow-full/submit/poseidon/pegasus/casa-wind-full/run0437/00/02/register_condorpool_2_5.in",2.7,0,0,,,,,,,,,
stage_out_local_condorpool_3_0,None,transfer,0,1694488981.0,,,1694488986.0,,,0.0,1694488987.0,1694488991.0,,,0.0,1694488991.0,1694488996.0,5.0,,1.0,4.0,5.0,,,,,poseidon,local,poseidon-submit,pegasus::transfer,/mnt/poseidon-data/poseidon/pegasus-5.1.0panorama/bin/pegasus-transfer,/home/poseidon/pegasus-5.1.0panorama/bin/../bin/pegasus-kickstart  -n pegasus::transfer -N null -i - -R local  -L casa-wind-full -T 2023-09-08T07:29:05+00:00 /home/poseidon/pegasus-5.1.0panorama/bin/../bin/pegasus-transfer  --threads 2,0.9,0,0,,,,,,,,,
stage_out_local_condorpool_3_1,None,transfer,0,1694488981.0,,,1694488986.0,,,0.0,1694488987.0,1694488991.0,,,0.0,1694488991.0,1694488996.0,5.0,,1.0,4.0,5.0,,,,,poseidon,local,poseidon-submit,pegasus::transfer,/mnt/poseidon-data/poseidon/pegasus-5.1.0panorama/bin/pegasus-transfer,/home/poseidon/pegasus-5.1.0panorama/bin/../bin/pegasus-kickstart  -n pegasus::transfer -N null -i - -R local  -L casa-wind-full -T 2023-09-08T07:29:05+00:00 /home/poseidon/pegasus-5.1.0panorama/bin/../bin/pegasus-transfer  --threads 2,0.9,0,0,,,,,,,,,
register_condorpool_3_0,None,auxiliary,0,1694488996.0,,,1694489016.0,,,0.0,1694489017.0,1694489021.0,,,0.0,1694489021.0,1694489026.0,20.0,,1.0,4.0,5.0,,,,,poseidon,local,poseidon-submit,pegasus::rc-client,/mnt/poseidon-data/poseidon/pegasus-5.1.0panorama/bin/pegasus-rc-client,"-n pegasus::rc-client -N null -R local  -L casa-wind-full -T 2023-09-08T07:29:05+00:00 /home/poseidon/pegasus-5.1.0panorama/bin/pegasus-rc-client --prefix pegasus.catalog.replica.output --conf /mnt/poseidon-data/poseidon/workflows/casa-wind-workflow-full/submit/poseidon/pegasus/casa-wind-full/run0437/pegasus.7842259040631010124.properties -v --meta /mnt/poseidon-data/poseidon/workflows/casa-wind-workflow-full/submit/poseidon/pegasus/casa-wind-full/run0437/00/02/point_alert_ID0000070.meta,/mnt/poseidon-data/poseidon/workflows/casa-wind-workflow-full/submit/poseidon/pegasus/casa-wind-full/run0437/00/02/point_alert_ID0000095.meta,/mnt/poseidon-data/poseidon/workflows/casa-wind-workflow-full/submit/poseidon/pegasus/casa-wind-full/run0437/00/02/point_alert_ID0000025.meta,/mnt/poseidon-data/poseidon/workflows/casa-wind-workflow-full/submit/poseidon/pegasus/casa-wind-full/run0437/00/02/point_alert_ID0000125.meta,/mnt/poseidon-data/poseidon/workflows/casa-wind-workflow-full/submit/poseidon/pegasus/casa-wind-full/run0437/00/02/point_alert_ID0000080.meta,/mnt/poseidon-data/poseidon/workflows/casa-wind-workflow-full/submit/poseidon/pegasus/casa-wind-full/run0437/00/02/point_alert_ID0000130.meta,/mnt/poseidon-data/poseidon/workflows/casa-wind-workflow-full/submit/poseidon/pegasus/casa-wind-full/run0437/00/03/point_alert_ID0000060.meta,/mnt/poseidon-data/poseidon/workflows/casa-wind-workflow-full/submit/poseidon/pegasus/casa-wind-full/run0437/00/02/point_alert_ID0000030.meta,/mnt/poseidon-data/poseidon/workflows/casa-wind-workflow-full/submit/poseidon/pegasus/casa-wind-full/run0437/00/03/point_alert_ID0000045.meta --insert /mnt/poseidon-data/poseidon/workflows/casa-wind-workflow-full/submit/poseidon/pegasus/casa-wind-full/run0437/00/03/register_condorpool_3_0.in",2.7,0,0,,,,,,,,,
register_condorpool_3_1,None,auxiliary,0,1694488996.0,,,1694489006.0,,,0.0,1694489006.0,1694489011.0,,,0.0,1694489011.0,1694489016.0,10.0,,0.0,5.0,5.0,,,,,poseidon,local,poseidon-submit,pegasus::rc-client,/mnt/poseidon-data/poseidon/pegasus-5.1.0panorama/bin/pegasus-rc-client,"-n pegasus::rc-client -N null -R local  -L casa-wind-full -T 2023-09-08T07:29:05+00:00 /home/poseidon/pegasus-5.1.0panorama/bin/pegasus-rc-client --prefix pegasus.catalog.replica.output --conf /mnt/poseidon-data/poseidon/workflows/casa-wind-workflow-full/submit/poseidon/pegasus/casa-wind-full/run0437/pegasus.7842259040631010124.properties -v --meta /mnt/poseidon-data/poseidon/workflows/casa-wind-workflow-full/submit/poseidon/pegasus/casa-wind-full/run0437/00/02/point_alert_ID0000020.meta,/mnt/poseidon-data/poseidon/workflows/casa-wind-workflow-full/submit/poseidon/pegasus/casa-wind-full/run0437/00/03/point_alert_ID0000040.meta,/mnt/poseidon-data/poseidon/workflows/casa-wind-workflow-full/submit/poseidon/pegasus/casa-wind-full/run0437/00/03/point_alert_ID0000050.meta,/mnt/poseidon-data/poseidon/workflows/casa-wind-workflow-full/submit/poseidon/pegasus/casa-wind-full/run0437/00/03/point_alert_ID0000105.meta,/mnt/poseidon-data/poseidon/workflows/casa-wind-workflow-full/submit/poseidon/pegasus/casa-wind-full/run0437/00/02/point_alert_ID0000100.meta,/mnt/poseidon-data/poseidon/workflows/casa-wind-workflow-full/submit/poseidon/pegasus/casa-wind-full/run0437/00/02/point_alert_ID0000085.meta,/mnt/poseidon-data/poseidon/workflows/casa-wind-workflow-full/submit/poseidon/pegasus/casa-wind-full/run0437/00/02/point_alert_ID0000010.meta,/mnt/poseidon-data/poseidon/workflows/casa-wind-workflow-full/submit/poseidon/pegasus/casa-wind-full/run0437/00/02/point_alert_ID0000075.meta,/mnt/poseidon-data/poseidon/workflows/casa-wind-workflow-full/submit/poseidon/pegasus/casa-wind-full/run0437/00/02/point_alert_ID0000090.meta --insert /mnt/poseidon-data/poseidon/workflows/casa-wind-workflow-full/submit/poseidon/pegasus/casa-wind-full/run0437/00/03/register_condorpool_3_1.in",2.8,0,0,,,,,,,,,
stage_out_local_condorpool_3_2,None,transfer,0,1694489001.0,,,1694489006.0,,,0.0,1694489006.0,1694489011.0,,,0.0,1694489011.0,1694489016.0,5.0,,0.0,5.0,5.0,,,,,poseidon,local,poseidon-submit,pegasus::transfer,/mnt/poseidon-data/poseidon/pegasus-5.1.0panorama/bin/pegasus-transfer,/home/poseidon/pegasus-5.1.0panorama/bin/../bin/pegasus-kickstart  -n pegasus::transfer -N null -i - -R local  -L casa-wind-full -T 2023-09-08T07:29:05+00:00 /home/poseidon/pegasus-5.1.0panorama/bin/../bin/pegasus-transfer  --threads 2,0.8,0,0,,,,,,,,,
register_condorpool_3_2,None,auxiliary,0,1694489016.0,,,1694489026.0,,,0.0,1694489027.0,1694489031.0,,,0.0,1694489031.0,1694489036.0,10.0,,1.0,4.0,5.0,,,,,poseidon,local,poseidon-submit,pegasus::rc-client,/mnt/poseidon-data/poseidon/pegasus-5.1.0panorama/bin/pegasus-rc-client,"-n pegasus::rc-client -N null -R local  -L casa-wind-full -T 2023-09-08T07:29:05+00:00 /home/poseidon/pegasus-5.1.0panorama/bin/pegasus-rc-client --prefix pegasus.catalog.replica.output --conf /mnt/poseidon-data/poseidon/workflows/casa-wind-workflow-full/submit/poseidon/pegasus/casa-wind-full/run0437/pegasus.7842259040631010124.properties -v --meta /mnt/poseidon-data/poseidon/workflows/casa-wind-workflow-full/submit/poseidon/pegasus/casa-wind-full/run0437/00/02/point_alert_ID0000120.meta,/mnt/poseidon-data/poseidon/workflows/casa-wind-workflow-full/submit/poseidon/pegasus/casa-wind-full/run0437/00/02/point_alert_ID0000015.meta,/mnt/poseidon-data/poseidon/workflows/casa-wind-workflow-full/submit/poseidon/pegasus/casa-wind-full/run0437/00/02/point_alert_ID0000005.meta,/mnt/poseidon-data/poseidon/workflows/casa-wind-workflow-full/submit/poseidon/pegasus/casa-wind-full/run0437/00/02/point_alert_ID0000035.meta,/mnt/poseidon-data/poseidon/workflows/casa-wind-workflow-full/submit/poseidon/pegasus/casa-wind-full/run0437/00/03/point_alert_ID0000055.meta,/mnt/poseidon-data/poseidon/workflows/casa-wind-workflow-full/submit/poseidon/pegasus/casa-wind-full/run0437/00/02/point_alert_ID0000065.meta,/mnt/poseidon-data/poseidon/workflows/casa-wind-workflow-full/submit/poseidon/pegasus/casa-wind-full/run0437/00/02/point_alert_ID0000115.meta,/mnt/poseidon-data/poseidon/workflows/casa-wind-workflow-full/submit/poseidon/pegasus/casa-wind-full/run0437/00/03/point_alert_ID0000110.meta --insert /mnt/poseidon-data/poseidon/workflows/casa-wind-workflow-full/submit/poseidon/pegasus/casa-wind-full/run0437/00/03/register_condorpool_3_2.in",2.5,0,0,,,,,,,,,
cleanup_casa-wind-full_0_condorpool,None,auxiliary,0,1694489016.0,,,1694489021.0,,,0.0,1694489022.0,1694489031.0,,,0.0,1694489031.0,1694489036.0,5.0,,1.0,9.0,5.0,,,,,poseidon,local,poseidon-submit,pegasus::cleanup,/mnt/poseidon-data/poseidon/pegasus-5.1.0panorama/bin/pegasus-transfer,pegasus-kickstart  -n pegasus::cleanup -N null -i - -R local  -L casa-wind-full -T 2023-09-08T07:29:05+00:00 pegasus-transfer,0.2,0,0,,,,,,,,,
