,anomaly_type,type,is_clustered,ready,pre_script_start,pre_script_end,submit,stage_in_start,stage_in_end,stage_in_effective_bytes_per_sec,execute_start,execute_end,stage_out_start,stage_out_end,stage_out_effective_bytes_per_sec,post_script_start,post_script_end,wms_delay,pre_script_delay,queue_delay,runtime,post_script_delay,stage_in_delay,stage_in_bytes,stage_out_delay,stage_out_bytes,kickstart_user,kickstart_site,kickstart_hostname,kickstart_transformations,kickstart_executables,kickstart_executables_argv,kickstart_executables_cpu_time,kickstart_status,kickstart_executables_exitcode,kickstart_online_iowait,kickstart_online_bytes_read,kickstart_online_bytes_written,kickstart_online_read_system_calls,kickstart_online_write_system_calls,kickstart_online_utime,kickstart_online_stime,kickstart_online_bytes_read_per_second,kickstart_online_bytes_written_per_second
create_dir_casa-wind-full_0_condorpool,None,auxiliary,0,1694443389.0,,,1694443390.0,,,0.0,1694443395.0,1694443400.0,,,0.0,1694443400.0,1694443405.0,1.0,,5.0,5.0,5.0,,,,,poseidon,local,poseidon-submit,pegasus::dirmanager,/mnt/poseidon-data/poseidon/pegasus-5.1.0panorama/bin/pegasus-transfer,pegasus-kickstart  -n pegasus::dirmanager -N null -i - -R local  -L casa-wind-full -T 2023-09-08T07:29:05+00:00 pegasus-transfer,0.2,0,0,,,,,,,,,
unzip_ID0000006,cpu_2,compute,0,1694443405.0,,,1694443411.0,1694443418.0,1694443425.0,32376795.0,1694443416.0,1694443461.0,1694443437.0,1694443454.0,29912259.0,1694443461.0,1694443466.0,6.0,,5.0,45.0,5.0,7.0,222753803.0,17.0,501616588.0,poseidon,condorpool,poseidon-worker-1-container-36-39,unzip,/usr/bin/gunzip,,3.9,0,0,,,,,,,,,
unzip_ID0000106,cpu_2,compute,0,1694443405.0,,,1694443411.0,1694443419.0,1694443428.0,27978732.0,1694443417.0,1694443466.0,1694443442.0,1694443459.0,30202547.0,1694443466.0,1694443471.0,6.0,,6.0,49.0,5.0,9.0,241199298.0,17.0,501821816.0,poseidon,condorpool,poseidon-worker-2-container-44-47,unzip,/usr/bin/gunzip,,4.1,0,0,,,,,,,,,
unzip_ID0000046,None,compute,0,1694443405.0,,,1694443411.0,1694443416.0,1694443423.0,35711786.0,1694443415.0,1694443451.0,1694443435.0,1694443444.0,57118391.0,1694443451.0,1694443456.0,6.0,,4.0,36.0,5.0,7.0,229692821.0,9.0,523855228.0,poseidon,condorpool,poseidon-worker-2-container-4-7,unzip,/usr/bin/gunzip,,4.0,0,0,,,,,,,,,
unzip_ID0000101,cpu_2,compute,0,1694443405.0,,,1694443411.0,1694443415.0,1694443424.0,28043966.0,1694443413.0,1694443456.0,1694443437.0,1694443450.0,41868515.0,1694443456.0,1694443461.0,6.0,,2.0,43.0,5.0,9.0,250988249.0,13.0,561551644.0,poseidon,condorpool,poseidon-worker-2-container-8-11,unzip,/usr/bin/gunzip,,4.4,0,0,,,,,,,,,
unzip_ID0000026,cpu_2,compute,0,1694443405.0,,,1694443411.0,1694443416.0,1694443422.0,35330354.0,1694443414.0,1694443451.0,1694443435.0,1694443444.0,57236293.0,1694443451.0,1694443456.0,6.0,,3.0,37.0,5.0,6.0,227963832.0,9.0,523917888.0,poseidon,condorpool,poseidon-worker-2-container-24-27,unzip,/usr/bin/gunzip,,3.9,0,0,,,,,,,,,
unzip_ID0000126,None,compute,0,1694443405.0,,,1694443411.0,1694443416.0,1694443423.0,34323372.0,1694443415.0,1694443456.0,1694443436.0,1694443445.0,54478056.0,1694443456.0,1694443461.0,6.0,,4.0,41.0,5.0,7.0,249343892.0,9.0,520618424.0,poseidon,condorpool,poseidon-worker-1-container-4-7,unzip,/usr/bin/gunzip,,4.1,0,0,,,,,,,,,
unzip_ID0000076,cpu_2,compute,0,1694443405.0,,,1694443411.0,1694443415.0,1694443423.0,29752121.0,1694443413.0,1694443451.0,1694443435.0,1694443445.0,52900272.0,1694443451.0,1694443456.0,6.0,,2.0,38.0,5.0,8.0,233747923.0,10.0,523942844.0,poseidon,condorpool,poseidon-worker-1-container-8-11,unzip,/usr/bin/gunzip,,4.1,0,0,,,,,,,,,
unzip_ID0000011,None,compute,0,1694443405.0,,,1694443411.0,1694443415.0,1694443424.0,24782562.0,1694443413.0,1694443461.0,1694443437.0,1694443452.0,37616742.0,1694443461.0,1694443466.0,6.0,,2.0,48.0,5.0,9.0,235998389.0,15.0,565205920.0,poseidon,condorpool,poseidon-worker-2-container-32-35,unzip,/usr/bin/gunzip,,4.2,0,0,,,,,,,,,
unzip_ID0000056,None,compute,0,1694443405.0,,,1694443411.0,1694443415.0,1694443421.0,37060881.0,1694443413.0,1694443451.0,1694443435.0,1694443444.0,57456521.0,1694443451.0,1694443456.0,6.0,,2.0,38.0,5.0,6.0,232139969.0,9.0,528026776.0,poseidon,condorpool,poseidon-worker-2-container-0-3,unzip,/usr/bin/gunzip,,4.0,0,0,,,,,,,,,
unzip_ID0000111,cpu_2,compute,0,1694443405.0,,,1694443411.0,1694443415.0,1694443425.0,26189501.0,1694443413.0,1694443466.0,1694443440.0,1694443457.0,32886256.0,1694443466.0,1694443471.0,6.0,,2.0,53.0,5.0,10.0,256320311.0,17.0,567950764.0,poseidon,condorpool,poseidon-worker-2-container-12-15,unzip,/usr/bin/gunzip,,4.4,0,0,,,,,,,,,
unzip_ID0000071,None,compute,0,1694443405.0,,,1694443411.0,1694443415.0,1694443424.0,26859701.0,1694443414.0,1694443456.0,1694443437.0,1694443450.0,41359101.0,1694443456.0,1694443461.0,6.0,,3.0,42.0,5.0,9.0,240896692.0,13.0,539506600.0,poseidon,condorpool,poseidon-worker-1-container-28-31,unzip,/usr/bin/gunzip,,4.2,0,0,,,,,,,,,
unzip_ID0000051,None,compute,0,1694443405.0,,,1694443411.0,1694443415.0,1694443424.0,26686262.0,1694443413.0,1694443456.0,1694443437.0,1694443449.0,43853398.0,1694443456.0,1694443461.0,6.0,,2.0,43.0,5.0,9.0,239630266.0,12.0,544301296.0,poseidon,condorpool,poseidon-worker-2-container-36-39,unzip,/usr/bin/gunzip,,4.2,0,0,,,,,,,,,
unzip_ID0000031,cpu_2,compute,0,1694443405.0,,,1694443411.0,1694443415.0,1694443425.0,23758111.0,1694443413.0,1694443461.0,1694443439.0,1694443455.0,33546890.0,1694443461.0,1694443466.0,6.0,,2.0,48.0,5.0,10.0,237517035.0,16.0,539438752.0,poseidon,condorpool,poseidon-worker-2-container-20-23,unzip,/usr/bin/gunzip,,4.1,0,0,,,,,,,,,
unzip_ID0000091,None,compute,0,1694443405.0,,,1694443411.0,1694443415.0,1694443425.0,25728290.0,1694443414.0,1694443466.0,1694443438.0,1694443460.0,24427656.0,1694443466.0,1694443471.0,6.0,,3.0,52.0,5.0,10.0,246447087.0,22.0,539109992.0,poseidon,condorpool,poseidon-worker-1-container-16-19,unzip,/usr/bin/gunzip,,4.2,0,0,,,,,,,,,
unzip_ID0000096,cpu_2,compute,0,1694443405.0,,,1694443411.0,1694443415.0,1694443425.0,25562472.0,1694443413.0,1694443461.0,1694443440.0,1694443456.0,31822257.0,1694443461.0,1694443466.0,6.0,,2.0,48.0,5.0,10.0,240753402.0,16.0,524013876.0,poseidon,condorpool,poseidon-worker-2-container-16-19,unzip,/usr/bin/gunzip,,4.2,0,0,,,,,,,,,
unzip_ID0000081,cpu_2,compute,0,1694443405.0,,,1694443410.0,1694443415.0,1694443425.0,25089707.0,1694443413.0,1694443461.0,1694443440.0,1694443456.0,33398519.0,1694443461.0,1694443466.0,5.0,,3.0,48.0,5.0,10.0,245619741.0,16.0,543190672.0,poseidon,condorpool,poseidon-worker-2-container-44-47,unzip,/usr/bin/gunzip,,4.3,0,0,,,,,,,,,
unzip_ID0000041,cpu_2,compute,0,1694443405.0,,,1694443410.0,1694443415.0,1694443425.0,23867187.0,1694443414.0,1694443466.0,1694443438.0,1694443460.0,24068778.0,1694443466.0,1694443471.0,5.0,,4.0,52.0,5.0,10.0,238944758.0,22.0,540768928.0,poseidon,condorpool,poseidon-worker-1-container-40-43,unzip,/usr/bin/gunzip,,4.1,0,0,,,,,,,,,
unzip_ID0000061,cpu_2,compute,0,1694443405.0,,,1694443411.0,1694443416.0,1694443423.0,30422565.0,1694443414.0,1694443456.0,1694443436.0,1694443449.0,42188942.0,1694443456.0,1694443461.0,6.0,,3.0,42.0,5.0,7.0,240463185.0,13.0,541945820.0,poseidon,condorpool,poseidon-worker-1-container-36-39,unzip,/usr/bin/gunzip,,4.2,0,0,,,,,,,,,
unzip_ID0000121,cpu_2,compute,0,1694443405.0,,,1694443411.0,1694443415.0,1694443426.0,23521832.0,1694443413.0,1694443466.0,1694443439.0,1694443456.0,31711089.0,1694443466.0,1694443471.0,6.0,,2.0,53.0,5.0,11.0,250860096.0,17.0,550782944.0,poseidon,condorpool,poseidon-worker-1-container-44-47,unzip,/usr/bin/gunzip,,4.3,0,0,,,,,,,,,
unzip_ID0000066,None,compute,0,1694443405.0,,,1694443411.0,1694443415.0,1694443424.0,26782560.0,1694443413.0,1694443456.0,1694443436.0,1694443447.0,46454895.0,1694443456.0,1694443461.0,6.0,,2.0,43.0,5.0,9.0,232031705.0,11.0,523661496.0,poseidon,condorpool,poseidon-worker-1-container-32-35,unzip,/usr/bin/gunzip,,4.1,0,0,,,,,,,,,
unzip_ID0000001,cpu_2,compute,0,1694443405.0,,,1694443411.0,1694443415.0,1694443425.0,22864616.0,1694443413.0,1694443471.0,1694443438.0,1694443462.0,24224082.0,1694443471.0,1694443476.0,6.0,,2.0,58.0,5.0,10.0,232473216.0,24.0,561354992.0,poseidon,condorpool,poseidon-worker-1-container-24-27,unzip,/usr/bin/gunzip,,4.2,0,0,,,,,,,,,
unzip_ID0000021,cpu_2,compute,0,1694443405.0,,,1694443411.0,1694443416.0,1694443424.0,28334338.0,1694443414.0,1694443456.0,1694443437.0,1694443450.0,40914506.0,1694443456.0,1694443461.0,6.0,,3.0,42.0,5.0,8.0,235136662.0,13.0,539178100.0,poseidon,condorpool,poseidon-worker-2-container-28-31,unzip,/usr/bin/gunzip,,4.1,0,0,,,,,,,,,
unzip_ID0000086,None,compute,0,1694443405.0,,,1694443411.0,1694443415.0,1694443425.0,23270142.0,1694443413.0,1694443461.0,1694443438.0,1694443454.0,31578542.0,1694443461.0,1694443466.0,6.0,,2.0,48.0,5.0,10.0,234836668.0,16.0,518838800.0,poseidon,condorpool,poseidon-worker-1-container-12-15,unzip,/usr/bin/gunzip,,4.1,0,0,,,,,,,,,
unzip_ID0000016,cpu_2,compute,0,1694443405.0,,,1694443411.0,1694443415.0,1694443424.0,26014483.0,1694443413.0,1694443456.0,1694443437.0,1694443447.0,49103723.0,1694443456.0,1694443461.0,6.0,,2.0,43.0,5.0,9.0,225238888.0,10.0,523826084.0,poseidon,condorpool,poseidon-worker-2-container-40-43,unzip,/usr/bin/gunzip,,4.0,0,0,,,,,,,,,
unzip_ID0000036,cpu_2,compute,0,1694443405.0,,,1694443411.0,1694443415.0,1694443422.0,35872374.0,1694443413.0,1694443451.0,1694443434.0,1694443442.0,61818782.0,1694443451.0,1694443456.0,6.0,,2.0,38.0,5.0,7.0,232020704.0,8.0,526952240.0,poseidon,condorpool,poseidon-worker-1-container-20-23,unzip,/usr/bin/gunzip,,3.9,0,0,,,,,,,,,
unzip_ID0000116,cpu_2,compute,0,1694443405.0,,,1694443411.0,1694443415.0,1694443425.0,25864490.0,1694443414.0,1694443461.0,1694443438.0,1694443454.0,31067711.0,1694443461.0,1694443466.0,6.0,,3.0,47.0,5.0,10.0,249255741.0,16.0,520850676.0,poseidon,condorpool,poseidon-worker-1-container-0-3,unzip,/usr/bin/gunzip,,4.2,0,0,,,,,,,,,
um_vel_ID0000047,cpu_2,compute,0,1694443456.0,,,1694443461.0,1694443464.0,1694443483.0,52525805.2,1694443463.0,1694443501.0,1694443492.0,1694443495.0,173113.0,1694443501.0,1694443506.0,5.0,,2.0,38.0,5.0,19.0,700441980.0,3.0,556900.0,poseidon,condorpool,poseidon-worker-1-container-36-39,um_vel,/opt/UM_VEL/UM_VEL,,1.8,0,0,,,,,,,,,
um_vel_ID0000077,None,compute,0,1694443456.0,,,1694443461.0,1694443464.0,1694443485.0,47057818.9,1694443463.0,1694443506.0,1694443493.0,1694443496.0,177020.0,1694443506.0,1694443511.0,5.0,,2.0,43.0,5.0,21.0,700529596.0,3.0,556900.0,poseidon,condorpool,poseidon-worker-2-container-0-3,um_vel,/opt/UM_VEL/UM_VEL,,1.7,0,0,,,,,,,,,
um_vel_ID0000037,cpu_2,compute,0,1694443456.0,,,1694443461.0,1694443464.0,1694443484.0,52116934.2,1694443463.0,1694443506.0,1694443492.0,1694443495.0,175245.0,1694443506.0,1694443511.0,5.0,,2.0,43.0,5.0,20.0,703538992.0,3.0,556900.0,poseidon,condorpool,poseidon-worker-1-container-8-11,um_vel,/opt/UM_VEL/UM_VEL,,1.7,0,0,,,,,,,,,
um_vel_ID0000027,cpu_2,compute,0,1694443456.0,,,1694443461.0,1694443464.0,1694443483.0,50910829.9,1694443462.0,1694443506.0,1694443492.0,1694443495.0,176099.0,1694443506.0,1694443511.0,5.0,,1.0,44.0,5.0,19.0,700504640.0,3.0,556900.0,poseidon,condorpool,poseidon-worker-2-container-16-19,um_vel,/opt/UM_VEL/UM_VEL,,1.7,0,0,,,,,,,,,
um_vel_ID0000057,None,compute,0,1694443456.0,,,1694443461.0,1694443464.0,1694443485.0,46546066.6,1694443463.0,1694443506.0,1694443494.0,1694443497.0,175716.0,1694443506.0,1694443511.0,5.0,,2.0,43.0,5.0,21.0,704613528.0,3.0,556900.0,poseidon,condorpool,poseidon-worker-1-container-28-31,um_vel,/opt/UM_VEL/UM_VEL,,1.7,0,0,,,,,,,,,
um_vel_ID0000017,cpu_2,compute,0,1694443461.0,,,1694443466.0,1694443469.0,1694443489.0,48844404.0,1694443467.0,1694443506.0,1694443497.0,1694443500.0,176644.0,1694443506.0,1694443511.0,5.0,,1.0,39.0,5.0,20.0,700412836.0,3.0,556900.0,poseidon,condorpool,poseidon-worker-2-container-44-47,um_vel,/opt/UM_VEL/UM_VEL,,1.7,0,0,,,,,,,,,
um_vel_ID0000127,cpu_2,compute,0,1694443461.0,,,1694443466.0,1694443469.0,1694443490.0,46261764.1,1694443467.0,1694443511.0,1694443499.0,1694443502.0,173487.0,1694443511.0,1694443516.0,5.0,,1.0,44.0,5.0,21.0,697205176.0,3.0,556900.0,poseidon,condorpool,poseidon-worker-2-container-28-31,um_vel,/opt/UM_VEL/UM_VEL,,1.7,0,0,,,,,,,,,
um_vel_ID0000072,cpu_2,compute,0,1694443461.0,,,1694443466.0,1694443469.0,1694443490.0,47235386.6,1694443467.0,1694443511.0,1694443499.0,1694443502.0,173944.0,1694443511.0,1694443516.0,5.0,,1.0,44.0,5.0,21.0,716093352.0,3.0,556900.0,poseidon,condorpool,poseidon-worker-2-container-24-27,um_vel,/opt/UM_VEL/UM_VEL,,1.8,0,0,,,,,,,,,
um_vel_ID0000067,None,compute,0,1694443461.0,,,1694443466.0,1694443469.0,1694443489.0,48071168.0,1694443467.0,1694443511.0,1694443498.0,1694443501.0,178128.0,1694443511.0,1694443516.0,5.0,,1.0,44.0,5.0,20.0,700248248.0,3.0,556900.0,poseidon,condorpool,poseidon-worker-1-container-16-19,um_vel,/opt/UM_VEL/UM_VEL,,1.7,0,0,,,,,,,,,
um_vel_ID0000102,None,compute,0,1694443461.0,,,1694443466.0,1694443469.0,1694443489.0,49032452.0,1694443467.0,1694443511.0,1694443499.0,1694443502.0,177273.0,1694443511.0,1694443516.0,5.0,,1.0,44.0,5.0,20.0,738138396.0,3.0,556900.0,poseidon,condorpool,poseidon-worker-2-container-36-39,um_vel,/opt/UM_VEL/UM_VEL,,1.8,0,0,,,,,,,,,
um_vel_ID0000062,cpu_2,compute,0,1694443461.0,,,1694443466.0,1694443469.0,1694443489.0,48124137.4,1694443467.0,1694443511.0,1694443498.0,1694443501.0,175545.0,1694443511.0,1694443516.0,5.0,,1.0,44.0,5.0,20.0,718532572.0,3.0,556900.0,poseidon,condorpool,poseidon-worker-1-container-20-23,um_vel,/opt/UM_VEL/UM_VEL,,1.7,0,0,,,,,,,,,
um_vel_ID0000052,cpu_2,compute,0,1694443461.0,,,1694443466.0,1694443469.0,1694443491.0,44494322.9,1694443467.0,1694443511.0,1694443500.0,1694443503.0,177256.0,1694443511.0,1694443516.0,5.0,,1.0,44.0,5.0,22.0,720888048.0,3.0,556900.0,poseidon,condorpool,poseidon-worker-2-container-20-23,um_vel,/opt/UM_VEL/UM_VEL,,1.7,0,0,,,,,,,,,
um_vel_ID0000022,cpu_2,compute,0,1694443461.0,,,1694443466.0,1694443469.0,1694443489.0,48971714.1,1694443467.0,1694443511.0,1694443498.0,1694443501.0,177466.0,1694443511.0,1694443516.0,5.0,,1.0,44.0,5.0,20.0,715764852.0,3.0,556900.0,poseidon,condorpool,poseidon-worker-1-container-0-3,um_vel,/opt/UM_VEL/UM_VEL,,1.8,0,0,,,,,,,,,
um_vel_ID0000012,None,compute,0,1694443466.0,,,1694443471.0,1694443475.0,1694443495.0,50729438.6,1694443473.0,1694443516.0,1694443504.0,1694443507.0,177702.0,1694443516.0,1694443522.0,5.0,,2.0,43.0,6.0,20.0,741792672.0,3.0,556900.0,poseidon,condorpool,poseidon-worker-1-container-32-35,um_vel,/opt/UM_VEL/UM_VEL,,1.7,0,0,,,,,,,,,
um_vel_ID0000007,cpu_2,compute,0,1694443466.0,,,1694443471.0,1694443474.0,1694443493.0,51826008.5,1694443473.0,1694443511.0,1694443501.0,1694443504.0,178775.0,1694443511.0,1694443516.0,5.0,,2.0,38.0,5.0,19.0,678203340.0,3.0,556900.0,poseidon,condorpool,poseidon-worker-1-container-40-43,um_vel,/opt/UM_VEL/UM_VEL,,1.6,0,0,,,,,,,,,
um_vel_ID0000032,None,compute,0,1694443466.0,,,1694443471.0,1694443475.0,1694443495.0,49902075.0,1694443473.0,1694443516.0,1694443503.0,1694443506.0,178070.0,1694443516.0,1694443522.0,5.0,,2.0,43.0,6.0,20.0,716025504.0,3.0,556900.0,poseidon,condorpool,poseidon-worker-1-container-4-7,um_vel,/opt/UM_VEL/UM_VEL,,1.7,0,0,,,,,,,,,
um_vel_ID0000097,None,compute,0,1694443466.0,,,1694443471.0,1694443474.0,1694443494.0,48588177.8,1694443472.0,1694443516.0,1694443503.0,1694443506.0,177572.0,1694443516.0,1694443522.0,5.0,,1.0,44.0,6.0,20.0,700600628.0,3.0,556900.0,poseidon,condorpool,poseidon-worker-2-container-4-7,um_vel,/opt/UM_VEL/UM_VEL,,1.7,0,0,,,,,,,,,
um_vel_ID0000082,cpu_2,compute,0,1694443466.0,,,1694443471.0,1694443475.0,1694443495.0,49014046.5,1694443473.0,1694443516.0,1694443504.0,1694443507.0,178404.0,1694443516.0,1694443522.0,5.0,,2.0,43.0,6.0,20.0,719777424.0,3.0,556900.0,poseidon,condorpool,poseidon-worker-2-container-8-11,um_vel,/opt/UM_VEL/UM_VEL,,1.7,0,0,,,,,,,,,
um_vel_ID0000117,cpu_2,compute,0,1694443466.0,,,1694443471.0,1694443474.0,1694443493.0,52806496.0,1694443473.0,1694443516.0,1694443502.0,1694443505.0,177463.0,1694443516.0,1694443522.0,5.0,,2.0,43.0,6.0,19.0,697437428.0,3.0,556900.0,poseidon,condorpool,poseidon-worker-2-container-40-43,um_vel,/opt/UM_VEL/UM_VEL,,1.7,0,0,,,,,,,,,
um_vel_ID0000087,cpu_2,compute,0,1694443466.0,,,1694443471.0,1694443474.0,1694443493.0,55935174.8,1694443473.0,1694443511.0,1694443501.0,1694443504.0,177147.0,1694443511.0,1694443516.0,5.0,,2.0,38.0,5.0,19.0,695425552.0,3.0,556900.0,poseidon,condorpool,poseidon-worker-1-container-24-27,um_vel,/opt/UM_VEL/UM_VEL,,1.6,0,0,,,,,,,,,
um_vel_ID0000107,None,compute,0,1694443471.0,,,1694443476.0,1694443479.0,1694443498.0,48940264.1,1694443477.0,1694443516.0,1694443507.0,1694443510.0,173794.0,1694443516.0,1694443522.0,5.0,,1.0,39.0,6.0,19.0,678408568.0,3.0,556900.0,poseidon,condorpool,poseidon-worker-2-container-32-35,um_vel,/opt/UM_VEL/UM_VEL,,1.7,0,0,,,,,,,,,
um_vel_ID0000042,cpu_2,compute,0,1694443471.0,,,1694443476.0,1694443479.0,1694443500.0,47063760.3,1694443477.0,1694443522.0,1694443508.0,1694443511.0,173973.0,1694443522.0,1694443527.0,5.0,,1.0,45.0,5.0,21.0,717355680.0,3.0,556900.0,poseidon,condorpool,poseidon-worker-2-container-12-15,um_vel,/opt/UM_VEL/UM_VEL,,1.7,0,0,,,,,,,,,
um_vel_ID0000112,cpu_2,compute,0,1694443471.0,,,1694443476.0,1694443479.0,1694443498.0,55620308.6,1694443477.0,1694443516.0,1694443506.0,1694443509.0,176986.0,1694443516.0,1694443522.0,5.0,,1.0,39.0,6.0,19.0,744537516.0,3.0,556900.0,poseidon,condorpool,poseidon-worker-1-container-36-39,um_vel,/opt/UM_VEL/UM_VEL,,1.8,0,0,,,,,,,,,
um_vel_ID0000122,None,compute,0,1694443471.0,,,1694443476.0,1694443478.0,1694443499.0,50934255.1,1694443477.0,1694443516.0,1694443507.0,1694443510.0,175227.0,1694443516.0,1694443522.0,5.0,,1.0,39.0,6.0,21.0,727369696.0,3.0,556900.0,poseidon,condorpool,poseidon-worker-1-container-12-15,um_vel,/opt/UM_VEL/UM_VEL,,1.8,0,0,,,,,,,,,
um_vel_ID0000092,cpu_2,compute,0,1694443471.0,,,1694443476.0,1694443479.0,1694443499.0,47894759.6,1694443477.0,1694443516.0,1694443507.0,1694443510.0,176618.0,1694443516.0,1694443522.0,5.0,,1.0,39.0,6.0,20.0,715696744.0,3.0,556900.0,poseidon,condorpool,poseidon-worker-1-container-44-47,um_vel,/opt/UM_VEL/UM_VEL,,1.6,0,0,,,,,,,,,
stage_out_local_condorpool_0_0,None,transfer,0,1694443476.0,,,1694443481.0,,,0.0,1694443482.0,1694443516.0,,,0.0,1694443516.0,1694443522.0,5.0,,1.0,34.0,6.0,,,,,poseidon,local,poseidon-submit,pegasus::transfer,/mnt/poseidon-data/poseidon/pegasus-5.1.0panorama/bin/pegasus-transfer,/home/poseidon/pegasus-5.1.0panorama/bin/../bin/pegasus-kickstart  -n pegasus::transfer -N null -i - -R local  -L casa-wind-full -T 2023-09-08T07:29:05+00:00 /home/poseidon/pegasus-5.1.0panorama/bin/../bin/pegasus-transfer  --threads 2,35.2,0,0,,,,,,,,,
stage_out_local_condorpool_0_1,None,transfer,0,1694443476.0,,,1694443481.0,,,0.0,1694443482.0,1694443516.0,,,0.0,1694443516.0,1694443522.0,5.0,,1.0,34.0,6.0,,,,,poseidon,local,poseidon-submit,pegasus::transfer,/mnt/poseidon-data/poseidon/pegasus-5.1.0panorama/bin/pegasus-transfer,/home/poseidon/pegasus-5.1.0panorama/bin/../bin/pegasus-kickstart  -n pegasus::transfer -N null -i - -R local  -L casa-wind-full -T 2023-09-08T07:29:05+00:00 /home/poseidon/pegasus-5.1.0panorama/bin/../bin/pegasus-transfer  --threads 2,34.4,0,0,,,,,,,,,
um_vel_ID0000002,cpu_2,compute,0,1694443476.0,,,1694443481.0,1694443484.0,1694443505.0,49418771.9,1694443482.0,1694443527.0,1694443513.0,1694443516.0,176781.0,1694443527.0,1694443532.0,5.0,,1.0,45.0,5.0,21.0,737941744.0,3.0,556900.0,poseidon,condorpool,poseidon-worker-2-container-44-47,um_vel,/opt/UM_VEL/UM_VEL,,1.7,0,0,,,,,,,,,
stage_out_local_condorpool_0_2,None,transfer,0,1694443476.0,,,1694443481.0,,,0.0,1694443482.0,1694443516.0,,,0.0,1694443516.0,1694443522.0,5.0,,1.0,34.0,6.0,,,,,poseidon,local,poseidon-submit,pegasus::transfer,/mnt/poseidon-data/poseidon/pegasus-5.1.0panorama/bin/pegasus-transfer,/home/poseidon/pegasus-5.1.0panorama/bin/../bin/pegasus-kickstart  -n pegasus::transfer -N null -i - -R local  -L casa-wind-full -T 2023-09-08T07:29:05+00:00 /home/poseidon/pegasus-5.1.0panorama/bin/../bin/pegasus-transfer  --threads 2,34.7,0,0,,,,,,,,,
mvt_ID0000049,None,compute,0,1694443506.0,,,1694443511.0,1694443513.0,1694443524.0,35200524.2,1694443512.0,1694443582.0,1694443569.0,1694443572.0,7868.0,1694443582.0,1694443587.0,5.0,,1.0,70.0,5.0,11.0,177143652.0,3.0,24108.0,poseidon,condorpool,poseidon-worker-1-container-28-31,mvt,/opt/mvt/mvt,,39.6,0,0,0.0,790511.0,12288.0,425.0,3.0,29.9,0.1,26350.4,1228.8
post_vel_ID0000048,None,compute,0,1694443506.0,,,1694443511.0,1694443513.0,1694443524.0,35103025.2,1694443512.0,1694443542.0,1694443530.0,1694443533.0,3326.0,1694443542.0,1694443547.0,5.0,,1.0,30.0,5.0,11.0,177143937.0,3.0,10371.0,poseidon,condorpool,poseidon-worker-1-container-16-19,post_vel,/opt/netcdf2png/merged_netcdf2png,,0.1,0,0,,,,,,,,,
mvt_ID0000059,cpu_2,compute,0,1694443511.0,,,1694443516.0,1694443519.0,1694443530.0,34934023.6,1694443517.0,1694443587.0,1694443576.0,1694443579.0,8659.0,1694443587.0,1694443592.0,5.0,,1.0,70.0,5.0,11.0,177143652.0,3.0,28164.0,poseidon,condorpool,poseidon-worker-2-container-24-27,mvt,/opt/mvt/mvt,,40.0,0,0,0.0,803887.0,12288.0,461.0,3.0,39.9,0.0,20097.2,1228.8
mvt_ID0000019,cpu_2,compute,0,1694443511.0,,,1694443516.0,1694443519.0,1694443530.0,35003841.0,1694443517.0,1694443587.0,1694443575.0,1694443578.0,11890.0,1694443587.0,1694443592.0,5.0,,1.0,70.0,5.0,11.0,177143652.0,3.0,36245.0,poseidon,condorpool,poseidon-worker-1-container-8-11,mvt,/opt/mvt/mvt,,39.9,0,0,0.0,802748.0,20480.0,452.0,5.0,29.8,0.1,26758.3,1024.0
post_vel_ID0000058,cpu_2,compute,0,1694443511.0,,,1694443516.0,1694443519.0,1694443531.0,33935460.8,1694443518.0,1694443547.0,1694443536.0,1694443539.0,3480.0,1694443547.0,1694443552.0,5.0,,2.0,29.0,5.0,12.0,177143937.0,3.0,10981.0,poseidon,condorpool,poseidon-worker-1-container-20-23,post_vel,/opt/netcdf2png/merged_netcdf2png,,0.1,0,0,,,,,,,,,
mvt_ID0000029,cpu_2,compute,0,1694443511.0,,,1694443516.0,1694443520.0,1694443531.0,30043811.4,1694443518.0,1694443587.0,1694443577.0,1694443580.0,12533.0,1694443587.0,1694443592.0,5.0,,2.0,69.0,5.0,11.0,177143652.0,3.0,38341.0,poseidon,condorpool,poseidon-worker-2-container-16-19,mvt,/opt/mvt/mvt,,40.0,0,0,0.0,801145.0,20480.0,455.0,5.0,39.9,0.1,20028.6,1024.0
post_vel_ID0000028,cpu_2,compute,0,1694443511.0,,,1694443516.0,1694443519.0,1694443530.0,34977737.4,1694443517.0,1694443547.0,1694443536.0,1694443539.0,3564.0,1694443547.0,1694443552.0,5.0,,1.0,30.0,5.0,11.0,177143937.0,3.0,11529.0,poseidon,condorpool,poseidon-worker-2-container-28-31,post_vel,/opt/netcdf2png/merged_netcdf2png,,0.1,0,0,,,,,,,,,
post_vel_ID0000038,cpu_2,compute,0,1694443511.0,,,1694443516.0,1694443519.0,1694443530.0,34553982.8,1694443517.0,1694443547.0,1694443536.0,1694443539.0,3583.0,1694443547.0,1694443552.0,5.0,,1.0,30.0,5.0,11.0,177143937.0,3.0,11227.0,poseidon,condorpool,poseidon-worker-2-container-44-47,post_vel,/opt/netcdf2png/merged_netcdf2png,,0.1,0,0,,,,,,,,,
mvt_ID0000039,cpu_2,compute,0,1694443511.0,,,1694443516.0,1694443519.0,1694443530.0,35127170.2,1694443517.0,1694443587.0,1694443576.0,1694443579.0,10573.0,1694443587.0,1694443592.0,5.0,,1.0,70.0,5.0,11.0,177143652.0,3.0,34386.0,poseidon,condorpool,poseidon-worker-1-container-36-39,mvt,/opt/mvt/mvt,,39.9,0,0,0.0,825941.0,16384.0,509.0,4.0,39.1,0.1,20648.5,819.2
post_vel_ID0000018,None,compute,0,1694443511.0,,,1694443516.0,1694443519.0,1694443530.0,34693762.4,1694443517.0,1694443547.0,1694443535.0,1694443539.0,3660.0,1694443547.0,1694443552.0,5.0,,1.0,30.0,5.0,11.0,177143937.0,4.0,11645.0,poseidon,condorpool,poseidon-worker-2-container-0-3,post_vel,/opt/netcdf2png/merged_netcdf2png,,0.1,0,0,,,,,,,,,
mvt_ID0000079,None,compute,0,1694443511.0,,,1694443516.0,1694443519.0,1694443531.0,28789167.3,1694443518.0,1694443587.0,1694443577.0,1694443580.0,14709.0,1694443587.0,1694443592.0,5.0,,2.0,69.0,5.0,12.0,177143652.0,3.0,45337.0,poseidon,condorpool,poseidon-worker-2-container-36-39,mvt,/opt/mvt/mvt,,40.2,0,0,0.0,806639.0,24576.0,467.0,6.0,39.9,0.1,20166.0,1228.8
post_vel_ID0000078,cpu_2,compute,0,1694443511.0,,,1694443516.0,1694443519.0,1694443530.0,35090524.2,1694443517.0,1694443547.0,1694443536.0,1694443539.0,3828.0,1694443547.0,1694443552.0,5.0,,1.0,30.0,5.0,11.0,177143937.0,3.0,12264.0,poseidon,condorpool,poseidon-worker-2-container-20-23,post_vel,/opt/netcdf2png/merged_netcdf2png,,0.1,0,0,,,,,,,,,
mvt_ID0000069,None,compute,0,1694443516.0,,,1694443522.0,1694443525.0,1694443538.0,23392233.0,1694443523.0,1694443592.0,1694443583.0,1694443586.0,11475.0,1694443592.0,1694443597.0,6.0,,1.0,69.0,5.0,13.0,177143652.0,3.0,35309.0,poseidon,condorpool,poseidon-worker-1-container-32-35,mvt,/opt/mvt/mvt,,39.7,0,0,0.0,801480.0,16384.0,449.0,4.0,29.9,0.1,26716.0,819.2
mvt_ID0000009,cpu_2,compute,0,1694443516.0,,,1694443522.0,1694443524.0,1694443535.0,29720884.5,1694443522.0,1694443592.0,1694443583.0,1694443586.0,11607.0,1694443592.0,1694443597.0,6.0,,0.0,70.0,5.0,11.0,177143652.0,3.0,35429.0,poseidon,condorpool,poseidon-worker-2-container-44-47,mvt,/opt/mvt/mvt,,40.1,0,0,0.0,827318.0,20480.0,512.0,5.0,37.3,0.1,20683.0,1024.0
mvt_ID0000129,cpu_2,compute,0,1694443516.0,,,1694443521.0,1694443525.0,1694443536.0,35011485.2,1694443523.0,1694443592.0,1694443581.0,1694443584.0,20838.0,1694443592.0,1694443597.0,5.0,,2.0,69.0,5.0,11.0,177143652.0,3.0,64489.0,poseidon,condorpool,poseidon-worker-1-container-24-27,mvt,/opt/mvt/mvt,,39.7,0,0,0.0,798733.0,36864.0,443.0,9.0,29.9,0.1,26624.4,3686.4
post_vel_ID0000128,cpu_2,compute,0,1694443516.0,,,1694443521.0,1694443525.0,1694443536.0,35066977.2,1694443523.0,1694443552.0,1694443541.0,1694443544.0,4672.0,1694443552.0,1694443557.0,5.0,,2.0,29.0,5.0,11.0,177143937.0,3.0,14512.0,poseidon,condorpool,poseidon-worker-1-container-0-3,post_vel,/opt/netcdf2png/merged_netcdf2png,,0.1,0,0,,,,,,,,,
mvt_ID0000074,cpu_2,compute,0,1694443516.0,,,1694443522.0,1694443525.0,1694443536.0,34733213.0,1694443523.0,1694443592.0,1694443582.0,1694443585.0,12765.0,1694443592.0,1694443597.0,6.0,,1.0,69.0,5.0,11.0,177143652.0,3.0,38855.0,poseidon,condorpool,poseidon-worker-1-container-36-39,mvt,/opt/mvt/mvt,,39.6,0,0,0.0,831457.0,20480.0,521.0,5.0,39.2,0.1,20786.4,1024.0
post_vel_ID0000073,None,compute,0,1694443516.0,,,1694443522.0,1694443525.0,1694443536.0,34854585.2,1694443523.0,1694443552.0,1694443541.0,1694443544.0,3841.0,1694443552.0,1694443557.0,6.0,,1.0,29.0,5.0,11.0,177143937.0,3.0,11825.0,poseidon,condorpool,poseidon-worker-1-container-12-15,post_vel,/opt/netcdf2png/merged_netcdf2png,,0.1,0,0,,,,,,,,,
post_vel_ID0000053,cpu_2,compute,0,1694443516.0,,,1694443522.0,1694443535.0,1694443547.0,27893394.0,1694443533.0,1694443562.0,1694443553.0,1694443556.0,3401.0,1694443562.0,1694443567.0,6.0,,11.0,29.0,5.0,12.0,177143937.0,3.0,11004.0,poseidon,condorpool,poseidon-worker-1-container-36-39,post_vel,/opt/netcdf2png/merged_netcdf2png,,0.1,0,0,,,,,,,,,
mvt_ID0000054,cpu_2,compute,0,1694443516.0,,,1694443522.0,1694443535.0,1694443547.0,27679005.6,1694443533.0,1694443608.0,1694443594.0,1694443597.0,9374.0,1694443608.0,1694443613.0,6.0,,11.0,75.0,5.0,12.0,177143652.0,3.0,28552.0,poseidon,condorpool,poseidon-worker-2-container-44-47,mvt,/opt/mvt/mvt,,39.7,0,0,0.0,832835.0,12288.0,524.0,3.0,38.0,0.1,20820.9,1228.8
post_vel_ID0000008,cpu_2,compute,0,1694443516.0,,,1694443522.0,1694443525.0,1694443537.0,27044106.0,1694443523.0,1694443552.0,1694443543.0,1694443546.0,3568.0,1694443552.0,1694443557.0,6.0,,1.0,29.0,5.0,12.0,177143937.0,3.0,10982.0,poseidon,condorpool,poseidon-worker-1-container-44-47,post_vel,/opt/netcdf2png/merged_netcdf2png,,0.1,0,0,,,,,,,,,
post_vel_ID0000068,None,compute,0,1694443516.0,,,1694443522.0,1694443525.0,1694443536.0,30899577.0,1694443523.0,1694443552.0,1694443542.0,1694443545.0,3743.0,1694443552.0,1694443557.0,6.0,,1.0,29.0,5.0,11.0,177143937.0,3.0,11398.0,poseidon,condorpool,poseidon-worker-1-container-4-7,post_vel,/opt/netcdf2png/merged_netcdf2png,,0.1,0,0,,,,,,,,,
mvt_ID0000104,None,compute,0,1694443516.0,,,1694443522.0,1694443525.0,1694443537.0,26182192.3,1694443523.0,1694443592.0,1694443583.0,1694443586.0,19204.0,1694443592.0,1694443597.0,6.0,,1.0,69.0,5.0,12.0,177143652.0,3.0,59590.0,poseidon,condorpool,poseidon-worker-2-container-32-35,mvt,/opt/mvt/mvt,,40.0,0,0,0.0,803882.0,32768.0,461.0,8.0,39.9,0.1,20097.0,3276.8
post_vel_ID0000023,cpu_2,compute,0,1694443516.0,,,1694443521.0,1694443525.0,1694443537.0,34456413.0,1694443524.0,1694443552.0,1694443542.0,1694443545.0,3637.0,1694443552.0,1694443557.0,5.0,,3.0,28.0,5.0,12.0,177143937.0,3.0,11372.0,poseidon,condorpool,poseidon-worker-1-container-40-43,post_vel,/opt/netcdf2png/merged_netcdf2png,,0.1,0,0,,,,,,,,,
post_vel_ID0000063,None,compute,0,1694443516.0,,,1694443522.0,1694443525.0,1694443536.0,29909853.2,1694443523.0,1694443552.0,1694443542.0,1694443545.0,3748.0,1694443552.0,1694443557.0,6.0,,1.0,29.0,5.0,11.0,177143937.0,3.0,11628.0,poseidon,condorpool,poseidon-worker-2-container-4-7,post_vel,/opt/netcdf2png/merged_netcdf2png,,0.1,0,0,,,,,,,,,
mvt_ID0000064,cpu_2,compute,0,1694443516.0,,,1694443522.0,1694443525.0,1694443543.0,15422589.0,1694443524.0,1694443597.0,1694443588.0,1694443591.0,10250.0,1694443597.0,1694443602.0,6.0,,2.0,73.0,5.0,18.0,177143652.0,3.0,31148.0,poseidon,condorpool,poseidon-worker-2-container-8-11,mvt,/opt/mvt/mvt,,39.9,0,0,0.0,789071.0,16384.0,422.0,4.0,29.9,0.1,26302.4,819.2
mvt_ID0000089,cpu_2,compute,0,1694443516.0,,,1694443522.0,1694443535.0,1694443546.0,29679347.0,1694443533.0,1694443602.0,1694443591.0,1694443594.0,15648.0,1694443602.0,1694443608.0,6.0,,11.0,69.0,6.0,11.0,177143652.0,3.0,48475.0,poseidon,condorpool,poseidon-worker-1-container-24-27,mvt,/opt/mvt/mvt,,39.4,0,0,0.0,819390.0,24576.0,488.0,6.0,29.9,0.0,27313.0,2457.6
post_vel_ID0000088,cpu_2,compute,0,1694443516.0,,,1694443522.0,1694443535.0,1694443547.0,28999300.0,1694443533.0,1694443562.0,1694443552.0,1694443555.0,4140.0,1694443562.0,1694443567.0,6.0,,11.0,29.0,5.0,12.0,177143937.0,3.0,12740.0,poseidon,condorpool,poseidon-worker-1-container-40-43,post_vel,/opt/netcdf2png/merged_netcdf2png,,0.1,0,0,,,,,,,,,
mvt_ID0000024,cpu_2,compute,0,1694443516.0,,,1694443521.0,1694443525.0,1694443537.0,27793002.0,1694443523.0,1694443592.0,1694443582.0,1694443585.0,10062.0,1694443592.0,1694443597.0,5.0,,2.0,69.0,5.0,12.0,177143652.0,3.0,30705.0,poseidon,condorpool,poseidon-worker-2-container-40-43,mvt,/opt/mvt/mvt,,40.1,0,0,0.0,802514.0,16384.0,458.0,4.0,39.9,0.1,20062.8,819.2
post_vel_ID0000103,cpu_2,compute,0,1694443516.0,,,1694443522.0,1694443525.0,1694443537.0,28878553.7,1694443523.0,1694443552.0,1694443542.0,1694443545.0,4535.0,1694443552.0,1694443557.0,6.0,,1.0,29.0,5.0,12.0,177143937.0,3.0,13815.0,poseidon,condorpool,poseidon-worker-2-container-12-15,post_vel,/opt/netcdf2png/merged_netcdf2png,,0.1,0,0,,,,,,,,,
register_condorpool_0_2,None,auxiliary,0,1694443522.0,,,1694443537.0,,,0.0,1694443538.0,1694443542.0,,,0.0,1694443542.0,1694443547.0,15.0,,1.0,4.0,5.0,,,,,poseidon,local,poseidon-submit,pegasus::rc-client,/mnt/poseidon-data/poseidon/pegasus-5.1.0panorama/bin/pegasus-rc-client,"-n pegasus::rc-client -N null -R local  -L casa-wind-full -T 2023-09-08T07:29:05+00:00 /home/poseidon/pegasus-5.1.0panorama/bin/pegasus-rc-client --prefix pegasus.catalog.replica.output --conf /mnt/poseidon-data/poseidon/workflows/casa-wind-workflow-full/submit/poseidon/pegasus/casa-wind-full/run0343/pegasus.2502614809876402630.properties -v --meta /mnt/poseidon-data/poseidon/workflows/casa-wind-workflow-full/submit/poseidon/pegasus/casa-wind-full/run0343/00/00/unzip_ID0000026.meta,/mnt/poseidon-data/poseidon/workflows/casa-wind-workflow-full/submit/poseidon/pegasus/casa-wind-full/run0343/00/00/unzip_ID0000061.meta,/mnt/poseidon-data/poseidon/workflows/casa-wind-workflow-full/submit/poseidon/pegasus/casa-wind-full/run0343/00/00/unzip_ID0000071.meta,/mnt/poseidon-data/poseidon/workflows/casa-wind-workflow-full/submit/poseidon/pegasus/casa-wind-full/run0343/00/00/unzip_ID0000041.meta,/mnt/poseidon-data/poseidon/workflows/casa-wind-workflow-full/submit/poseidon/pegasus/casa-wind-full/run0343/00/00/unzip_ID0000016.meta,/mnt/poseidon-data/poseidon/workflows/casa-wind-workflow-full/submit/poseidon/pegasus/casa-wind-full/run0343/00/00/unzip_ID0000111.meta,/mnt/poseidon-data/poseidon/workflows/casa-wind-workflow-full/submit/poseidon/pegasus/casa-wind-full/run0343/00/00/unzip_ID0000011.meta,/mnt/poseidon-data/poseidon/workflows/casa-wind-workflow-full/submit/poseidon/pegasus/casa-wind-full/run0343/00/00/unzip_ID0000081.meta,/mnt/poseidon-data/poseidon/workflows/casa-wind-workflow-full/submit/poseidon/pegasus/casa-wind-full/run0343/00/00/unzip_ID0000066.meta,/mnt/poseidon-data/poseidon/workflows/casa-wind-workflow-full/submit/poseidon/pegasus/casa-wind-full/run0343/00/00/unzip_ID0000096.meta,/mnt/poseidon-data/poseidon/workflows/casa-wind-workflow-full/submit/poseidon/pegasus/casa-wind-full/run0343/00/00/unzip_ID0000051.meta,/mnt/poseidon-data/poseidon/workflows/casa-wind-workflow-full/submit/poseidon/pegasus/casa-wind-full/run0343/00/00/unzip_ID0000031.meta,/mnt/poseidon-data/poseidon/workflows/casa-wind-workflow-full/submit/poseidon/pegasus/casa-wind-full/run0343/00/00/unzip_ID0000116.meta,/mnt/poseidon-data/poseidon/workflows/casa-wind-workflow-full/submit/poseidon/pegasus/casa-wind-full/run0343/00/00/unzip_ID0000101.meta,/mnt/poseidon-data/poseidon/workflows/casa-wind-workflow-full/submit/poseidon/pegasus/casa-wind-full/run0343/00/00/unzip_ID0000121.meta,/mnt/poseidon-data/poseidon/workflows/casa-wind-workflow-full/submit/poseidon/pegasus/casa-wind-full/run0343/00/00/unzip_ID0000106.meta,/mnt/poseidon-data/poseidon/workflows/casa-wind-workflow-full/submit/poseidon/pegasus/casa-wind-full/run0343/00/00/unzip_ID0000046.meta,/mnt/poseidon-data/poseidon/workflows/casa-wind-workflow-full/submit/poseidon/pegasus/casa-wind-full/run0343/00/00/unzip_ID0000076.meta,/mnt/poseidon-data/poseidon/workflows/casa-wind-workflow-full/submit/poseidon/pegasus/casa-wind-full/run0343/00/00/unzip_ID0000056.meta,/mnt/poseidon-data/poseidon/workflows/casa-wind-workflow-full/submit/poseidon/pegasus/casa-wind-full/run0343/00/00/unzip_ID0000021.meta,/mnt/poseidon-data/poseidon/workflows/casa-wind-workflow-full/submit/poseidon/pegasus/casa-wind-full/run0343/00/00/unzip_ID0000086.meta,/mnt/poseidon-data/poseidon/workflows/casa-wind-workflow-full/submit/poseidon/pegasus/casa-wind-full/run0343/00/00/unzip_ID0000126.meta,/mnt/poseidon-data/poseidon/workflows/casa-wind-workflow-full/submit/poseidon/pegasus/casa-wind-full/run0343/00/00/unzip_ID0000006.meta,/mnt/poseidon-data/poseidon/workflows/casa-wind-workflow-full/submit/poseidon/pegasus/casa-wind-full/run0343/00/00/unzip_ID0000036.meta,/mnt/poseidon-data/poseidon/workflows/casa-wind-workflow-full/submit/poseidon/pegasus/casa-wind-full/run0343/00/00/unzip_ID0000001.meta,/mnt/poseidon-data/poseidon/workflows/casa-wind-workflow-full/submit/poseidon/pegasus/casa-wind-full/run0343/00/00/unzip_ID0000091.meta --insert /mnt/poseidon-data/poseidon/workflows/casa-wind-workflow-full/submit/poseidon/pegasus/casa-wind-full/run0343/00/00/register_condorpool_0_2.in",3.0,0,0,,,,,,,,,
register_condorpool_0_1,None,auxiliary,0,1694443522.0,,,1694443527.0,,,0.0,1694443528.0,1694443532.0,,,0.0,1694443532.0,1694443537.0,5.0,,1.0,4.0,5.0,,,,,poseidon,local,poseidon-submit,pegasus::rc-client,/mnt/poseidon-data/poseidon/pegasus-5.1.0panorama/bin/pegasus-rc-client,"-n pegasus::rc-client -N null -R local  -L casa-wind-full -T 2023-09-08T07:29:05+00:00 /home/poseidon/pegasus-5.1.0panorama/bin/pegasus-rc-client --prefix pegasus.catalog.replica.output --conf /mnt/poseidon-data/poseidon/workflows/casa-wind-workflow-full/submit/poseidon/pegasus/casa-wind-full/run0343/pegasus.2502614809876402630.properties -v --meta /mnt/poseidon-data/poseidon/workflows/casa-wind-workflow-full/submit/poseidon/pegasus/casa-wind-full/run0343/00/00/unzip_ID0000026.meta,/mnt/poseidon-data/poseidon/workflows/casa-wind-workflow-full/submit/poseidon/pegasus/casa-wind-full/run0343/00/00/unzip_ID0000061.meta,/mnt/poseidon-data/poseidon/workflows/casa-wind-workflow-full/submit/poseidon/pegasus/casa-wind-full/run0343/00/00/unzip_ID0000071.meta,/mnt/poseidon-data/poseidon/workflows/casa-wind-workflow-full/submit/poseidon/pegasus/casa-wind-full/run0343/00/00/unzip_ID0000041.meta,/mnt/poseidon-data/poseidon/workflows/casa-wind-workflow-full/submit/poseidon/pegasus/casa-wind-full/run0343/00/00/unzip_ID0000016.meta,/mnt/poseidon-data/poseidon/workflows/casa-wind-workflow-full/submit/poseidon/pegasus/casa-wind-full/run0343/00/00/unzip_ID0000111.meta,/mnt/poseidon-data/poseidon/workflows/casa-wind-workflow-full/submit/poseidon/pegasus/casa-wind-full/run0343/00/00/unzip_ID0000011.meta,/mnt/poseidon-data/poseidon/workflows/casa-wind-workflow-full/submit/poseidon/pegasus/casa-wind-full/run0343/00/00/unzip_ID0000081.meta,/mnt/poseidon-data/poseidon/workflows/casa-wind-workflow-full/submit/poseidon/pegasus/casa-wind-full/run0343/00/00/unzip_ID0000066.meta,/mnt/poseidon-data/poseidon/workflows/casa-wind-workflow-full/submit/poseidon/pegasus/casa-wind-full/run0343/00/00/unzip_ID0000096.meta,/mnt/poseidon-data/poseidon/workflows/casa-wind-workflow-full/submit/poseidon/pegasus/casa-wind-full/run0343/00/00/unzip_ID0000051.meta,/mnt/poseidon-data/poseidon/workflows/casa-wind-workflow-full/submit/poseidon/pegasus/casa-wind-full/run0343/00/00/unzip_ID0000031.meta,/mnt/poseidon-data/poseidon/workflows/casa-wind-workflow-full/submit/poseidon/pegasus/casa-wind-full/run0343/00/00/unzip_ID0000116.meta,/mnt/poseidon-data/poseidon/workflows/casa-wind-workflow-full/submit/poseidon/pegasus/casa-wind-full/run0343/00/00/unzip_ID0000101.meta,/mnt/poseidon-data/poseidon/workflows/casa-wind-workflow-full/submit/poseidon/pegasus/casa-wind-full/run0343/00/00/unzip_ID0000121.meta,/mnt/poseidon-data/poseidon/workflows/casa-wind-workflow-full/submit/poseidon/pegasus/casa-wind-full/run0343/00/00/unzip_ID0000106.meta,/mnt/poseidon-data/poseidon/workflows/casa-wind-workflow-full/submit/poseidon/pegasus/casa-wind-full/run0343/00/00/unzip_ID0000046.meta,/mnt/poseidon-data/poseidon/workflows/casa-wind-workflow-full/submit/poseidon/pegasus/casa-wind-full/run0343/00/00/unzip_ID0000076.meta,/mnt/poseidon-data/poseidon/workflows/casa-wind-workflow-full/submit/poseidon/pegasus/casa-wind-full/run0343/00/00/unzip_ID0000056.meta,/mnt/poseidon-data/poseidon/workflows/casa-wind-workflow-full/submit/poseidon/pegasus/casa-wind-full/run0343/00/00/unzip_ID0000021.meta,/mnt/poseidon-data/poseidon/workflows/casa-wind-workflow-full/submit/poseidon/pegasus/casa-wind-full/run0343/00/00/unzip_ID0000086.meta,/mnt/poseidon-data/poseidon/workflows/casa-wind-workflow-full/submit/poseidon/pegasus/casa-wind-full/run0343/00/00/unzip_ID0000126.meta,/mnt/poseidon-data/poseidon/workflows/casa-wind-workflow-full/submit/poseidon/pegasus/casa-wind-full/run0343/00/00/unzip_ID0000006.meta,/mnt/poseidon-data/poseidon/workflows/casa-wind-workflow-full/submit/poseidon/pegasus/casa-wind-full/run0343/00/00/unzip_ID0000036.meta,/mnt/poseidon-data/poseidon/workflows/casa-wind-workflow-full/submit/poseidon/pegasus/casa-wind-full/run0343/00/00/unzip_ID0000001.meta,/mnt/poseidon-data/poseidon/workflows/casa-wind-workflow-full/submit/poseidon/pegasus/casa-wind-full/run0343/00/00/unzip_ID0000091.meta --insert /mnt/poseidon-data/poseidon/workflows/casa-wind-workflow-full/submit/poseidon/pegasus/casa-wind-full/run0343/00/00/register_condorpool_0_1.in",2.9,0,0,,,,,,,,,
register_condorpool_0_0,None,auxiliary,0,1694443522.0,,,1694443577.0,,,0.0,1694443578.0,1694443582.0,,,0.0,1694443582.0,1694443587.0,55.0,,1.0,4.0,5.0,,,,,poseidon,local,poseidon-submit,pegasus::rc-client,/mnt/poseidon-data/poseidon/pegasus-5.1.0panorama/bin/pegasus-rc-client,"-n pegasus::rc-client -N null -R local  -L casa-wind-full -T 2023-09-08T07:29:05+00:00 /home/poseidon/pegasus-5.1.0panorama/bin/pegasus-rc-client --prefix pegasus.catalog.replica.output --conf /mnt/poseidon-data/poseidon/workflows/casa-wind-workflow-full/submit/poseidon/pegasus/casa-wind-full/run0343/pegasus.2502614809876402630.properties -v --meta /mnt/poseidon-data/poseidon/workflows/casa-wind-workflow-full/submit/poseidon/pegasus/casa-wind-full/run0343/00/00/unzip_ID0000026.meta,/mnt/poseidon-data/poseidon/workflows/casa-wind-workflow-full/submit/poseidon/pegasus/casa-wind-full/run0343/00/00/unzip_ID0000061.meta,/mnt/poseidon-data/poseidon/workflows/casa-wind-workflow-full/submit/poseidon/pegasus/casa-wind-full/run0343/00/00/unzip_ID0000071.meta,/mnt/poseidon-data/poseidon/workflows/casa-wind-workflow-full/submit/poseidon/pegasus/casa-wind-full/run0343/00/00/unzip_ID0000041.meta,/mnt/poseidon-data/poseidon/workflows/casa-wind-workflow-full/submit/poseidon/pegasus/casa-wind-full/run0343/00/00/unzip_ID0000016.meta,/mnt/poseidon-data/poseidon/workflows/casa-wind-workflow-full/submit/poseidon/pegasus/casa-wind-full/run0343/00/00/unzip_ID0000111.meta,/mnt/poseidon-data/poseidon/workflows/casa-wind-workflow-full/submit/poseidon/pegasus/casa-wind-full/run0343/00/00/unzip_ID0000011.meta,/mnt/poseidon-data/poseidon/workflows/casa-wind-workflow-full/submit/poseidon/pegasus/casa-wind-full/run0343/00/00/unzip_ID0000081.meta,/mnt/poseidon-data/poseidon/workflows/casa-wind-workflow-full/submit/poseidon/pegasus/casa-wind-full/run0343/00/00/unzip_ID0000066.meta,/mnt/poseidon-data/poseidon/workflows/casa-wind-workflow-full/submit/poseidon/pegasus/casa-wind-full/run0343/00/00/unzip_ID0000096.meta,/mnt/poseidon-data/poseidon/workflows/casa-wind-workflow-full/submit/poseidon/pegasus/casa-wind-full/run0343/00/00/unzip_ID0000051.meta,/mnt/poseidon-data/poseidon/workflows/casa-wind-workflow-full/submit/poseidon/pegasus/casa-wind-full/run0343/00/00/unzip_ID0000031.meta,/mnt/poseidon-data/poseidon/workflows/casa-wind-workflow-full/submit/poseidon/pegasus/casa-wind-full/run0343/00/00/unzip_ID0000116.meta,/mnt/poseidon-data/poseidon/workflows/casa-wind-workflow-full/submit/poseidon/pegasus/casa-wind-full/run0343/00/00/unzip_ID0000101.meta,/mnt/poseidon-data/poseidon/workflows/casa-wind-workflow-full/submit/poseidon/pegasus/casa-wind-full/run0343/00/00/unzip_ID0000121.meta,/mnt/poseidon-data/poseidon/workflows/casa-wind-workflow-full/submit/poseidon/pegasus/casa-wind-full/run0343/00/00/unzip_ID0000106.meta,/mnt/poseidon-data/poseidon/workflows/casa-wind-workflow-full/submit/poseidon/pegasus/casa-wind-full/run0343/00/00/unzip_ID0000046.meta,/mnt/poseidon-data/poseidon/workflows/casa-wind-workflow-full/submit/poseidon/pegasus/casa-wind-full/run0343/00/00/unzip_ID0000076.meta,/mnt/poseidon-data/poseidon/workflows/casa-wind-workflow-full/submit/poseidon/pegasus/casa-wind-full/run0343/00/00/unzip_ID0000056.meta,/mnt/poseidon-data/poseidon/workflows/casa-wind-workflow-full/submit/poseidon/pegasus/casa-wind-full/run0343/00/00/unzip_ID0000021.meta,/mnt/poseidon-data/poseidon/workflows/casa-wind-workflow-full/submit/poseidon/pegasus/casa-wind-full/run0343/00/00/unzip_ID0000086.meta,/mnt/poseidon-data/poseidon/workflows/casa-wind-workflow-full/submit/poseidon/pegasus/casa-wind-full/run0343/00/00/unzip_ID0000126.meta,/mnt/poseidon-data/poseidon/workflows/casa-wind-workflow-full/submit/poseidon/pegasus/casa-wind-full/run0343/00/00/unzip_ID0000006.meta,/mnt/poseidon-data/poseidon/workflows/casa-wind-workflow-full/submit/poseidon/pegasus/casa-wind-full/run0343/00/00/unzip_ID0000036.meta,/mnt/poseidon-data/poseidon/workflows/casa-wind-workflow-full/submit/poseidon/pegasus/casa-wind-full/run0343/00/00/unzip_ID0000001.meta,/mnt/poseidon-data/poseidon/workflows/casa-wind-workflow-full/submit/poseidon/pegasus/casa-wind-full/run0343/00/00/unzip_ID0000091.meta --insert /mnt/poseidon-data/poseidon/workflows/casa-wind-workflow-full/submit/poseidon/pegasus/casa-wind-full/run0343/00/00/register_condorpool_0_0.in",3.0,0,0,,,,,,,,,
mvt_ID0000109,None,compute,0,1694443522.0,,,1694443527.0,1694443535.0,1694443546.0,32433539.2,1694443533.0,1694443602.0,1694443591.0,1694443594.0,19058.0,1694443602.0,1694443608.0,5.0,,6.0,69.0,6.0,11.0,177143652.0,3.0,59954.0,poseidon,condorpool,poseidon-worker-2-container-32-35,mvt,/opt/mvt/mvt,,39.9,0,0,0.0,824883.0,32768.0,500.0,8.0,29.9,0.1,27496.1,1638.4
post_vel_ID0000108,None,compute,0,1694443522.0,,,1694443527.0,1694443535.0,1694443545.0,29708349.0,1694443533.0,1694443562.0,1694443551.0,1694443554.0,4569.0,1694443562.0,1694443567.0,5.0,,6.0,29.0,5.0,10.0,177143937.0,3.0,13907.0,poseidon,condorpool,poseidon-worker-2-container-0-3,post_vel,/opt/netcdf2png/merged_netcdf2png,,0.1,0,0,,,,,,,,,
mvt_ID0000034,None,compute,0,1694443522.0,,,1694443527.0,1694443535.0,1694443552.0,15830212.2,1694443533.0,1694443608.0,1694443597.0,1694443600.0,10133.0,1694443608.0,1694443613.0,5.0,,6.0,75.0,5.0,17.0,177143652.0,3.0,30976.0,poseidon,condorpool,poseidon-worker-2-container-36-39,mvt,/opt/mvt/mvt,,39.5,0,0,0.0,822138.0,16384.0,494.0,4.0,29.9,0.1,27404.6,819.2
post_vel_ID0000033,cpu_2,compute,0,1694443522.0,,,1694443527.0,1694443536.0,1694443547.0,35115353.8,1694443535.0,1694443562.0,1694443553.0,1694443556.0,3744.0,1694443562.0,1694443567.0,5.0,,8.0,27.0,5.0,11.0,177143937.0,3.0,11464.0,poseidon,condorpool,poseidon-worker-2-container-16-19,post_vel,/opt/netcdf2png/merged_netcdf2png,,0.1,0,0,,,,,,,,,
stage_out_local_condorpool_1_1,None,transfer,0,1694443522.0,,,1694443527.0,,,0.0,1694443528.0,1694443532.0,,,0.0,1694443532.0,1694443537.0,5.0,,1.0,4.0,5.0,,,,,poseidon,local,poseidon-submit,pegasus::transfer,/mnt/poseidon-data/poseidon/pegasus-5.1.0panorama/bin/pegasus-transfer,/home/poseidon/pegasus-5.1.0panorama/bin/../bin/pegasus-kickstart  -n pegasus::transfer -N null -i - -R local  -L casa-wind-full -T 2023-09-08T07:29:05+00:00 /home/poseidon/pegasus-5.1.0panorama/bin/../bin/pegasus-transfer  --threads 2,0.9,0,0,,,,,,,,,
mvt_ID0000099,cpu_2,compute,0,1694443522.0,,,1694443527.0,1694443535.0,1694443547.0,27523128.7,1694443533.0,1694443602.0,1694443592.0,1694443595.0,16162.0,1694443602.0,1694443608.0,5.0,,6.0,69.0,6.0,12.0,177143652.0,3.0,50118.0,poseidon,condorpool,poseidon-worker-2-container-40-43,mvt,/opt/mvt/mvt,,39.9,0,0,0.0,819390.0,28672.0,488.0,7.0,29.9,0.1,27313.0,1433.6
post_vel_ID0000013,cpu_2,compute,0,1694443522.0,,,1694443527.0,1694443535.0,1694443546.0,28009464.0,1694443532.0,1694443562.0,1694443551.0,1694443555.0,3600.0,1694443562.0,1694443567.0,5.0,,5.0,30.0,5.0,11.0,177143937.0,4.0,11040.0,poseidon,condorpool,poseidon-worker-2-container-28-31,post_vel,/opt/netcdf2png/merged_netcdf2png,,0.1,0,0,,,,,,,,,
post_vel_ID0000083,cpu_2,compute,0,1694443522.0,,,1694443527.0,1694443535.0,1694443553.0,14828391.1,1694443533.0,1694443567.0,1694443558.0,1694443561.0,4181.0,1694443567.0,1694443572.0,5.0,,6.0,34.0,5.0,18.0,177143937.0,3.0,12720.0,poseidon,condorpool,poseidon-worker-1-container-0-3,post_vel,/opt/netcdf2png/merged_netcdf2png,,0.1,0,0,,,,,,,,,
mvt_ID0000084,None,compute,0,1694443522.0,,,1694443527.0,1694443535.0,1694443547.0,28471406.0,1694443533.0,1694443602.0,1694443592.0,1694443595.0,15314.0,1694443602.0,1694443608.0,5.0,,6.0,69.0,6.0,12.0,177143652.0,3.0,47998.0,poseidon,condorpool,poseidon-worker-1-container-16-19,mvt,/opt/mvt/mvt,,39.5,0,0,0.0,818069.0,24576.0,485.0,6.0,29.9,0.1,27269.0,1228.8
post_vel_ID0000123,None,compute,0,1694443522.0,,,1694443527.0,1694443534.0,1694443545.0,29716307.0,1694443532.0,1694443562.0,1694443551.0,1694443554.0,4814.0,1694443562.0,1694443567.0,5.0,,5.0,30.0,5.0,11.0,177143937.0,3.0,14777.0,poseidon,condorpool,poseidon-worker-1-container-28-31,post_vel,/opt/netcdf2png/merged_netcdf2png,,0.1,0,0,,,,,,,,,
mvt_ID0000124,cpu_2,compute,0,1694443522.0,,,1694443527.0,1694443535.0,1694443547.0,27826222.0,1694443533.0,1694443602.0,1694443593.0,1694443596.0,22951.0,1694443602.0,1694443608.0,5.0,,6.0,69.0,6.0,12.0,177143652.0,3.0,70564.0,poseidon,condorpool,poseidon-worker-2-container-12-15,mvt,/opt/mvt/mvt,,40.6,0,0,0.0,793013.0,40960.0,437.0,10.0,39.9,0.1,19825.3,4096.0
post_vel_ID0000118,cpu_2,compute,0,1694443522.0,,,1694443527.0,1694443535.0,1694443546.0,33575024.4,1694443533.0,1694443562.0,1694443551.0,1694443554.0,4706.0,1694443562.0,1694443567.0,5.0,,6.0,29.0,5.0,11.0,177143937.0,3.0,14402.0,poseidon,condorpool,poseidon-worker-1-container-44-47,post_vel,/opt/netcdf2png/merged_netcdf2png,,0.1,0,0,,,,,,,,,
mvt_ID0000119,None,compute,0,1694443522.0,,,1694443527.0,1694443535.0,1694443547.0,28504023.7,1694443533.0,1694443602.0,1694443591.0,1694443595.0,20714.0,1694443602.0,1694443608.0,5.0,,6.0,69.0,6.0,12.0,177143652.0,4.0,65525.0,poseidon,condorpool,poseidon-worker-1-container-32-35,mvt,/opt/mvt/mvt,,39.5,0,0,0.0,822134.0,36864.0,494.0,9.0,29.9,0.1,27404.5,3686.4
mvt_ID0000014,None,compute,0,1694443522.0,,,1694443527.0,1694443535.0,1694443547.0,27026892.3,1694443533.0,1694443602.0,1694443592.0,1694443595.0,10281.0,1694443602.0,1694443608.0,5.0,,6.0,69.0,6.0,12.0,177143652.0,3.0,31991.0,poseidon,condorpool,poseidon-worker-1-container-12-15,mvt,/opt/mvt/mvt,,39.5,0,0,0.0,791983.0,16384.0,428.0,4.0,29.9,0.1,26399.4,819.2
mvt_ID0000094,cpu_2,compute,0,1694443522.0,,,1694443527.0,1694443535.0,1694443546.0,28241633.4,1694443533.0,1694443602.0,1694443591.0,1694443594.0,16885.0,1694443602.0,1694443608.0,5.0,,6.0,69.0,6.0,11.0,177143652.0,3.0,52407.0,poseidon,condorpool,poseidon-worker-2-container-20-23,mvt,/opt/mvt/mvt,,39.9,0,0,0.0,798805.0,28672.0,443.0,7.0,29.9,0.1,26626.8,1433.6
post_vel_ID0000093,cpu_2,compute,0,1694443522.0,,,1694443527.0,1694443535.0,1694443546.0,34301019.0,1694443533.0,1694443562.0,1694443552.0,1694443555.0,4324.0,1694443562.0,1694443567.0,5.0,,6.0,29.0,5.0,11.0,177143937.0,3.0,13303.0,poseidon,condorpool,poseidon-worker-1-container-8-11,post_vel,/opt/netcdf2png/merged_netcdf2png,,0.1,0,0,,,,,,,,,
mvt_ID0000114,cpu_2,compute,0,1694443522.0,,,1694443527.0,1694443535.0,1694443545.0,35409879.2,1694443533.0,1694443602.0,1694443591.0,1694443594.0,23703.0,1694443602.0,1694443608.0,5.0,,6.0,69.0,6.0,10.0,177143652.0,3.0,73234.0,poseidon,condorpool,poseidon-worker-2-container-24-27,mvt,/opt/mvt/mvt,,39.9,0,0,0.0,823178.0,40960.0,503.0,10.0,39.7,0.1,20579.4,4096.0
post_vel_ID0000098,cpu_2,compute,0,1694443522.0,,,1694443527.0,1694443535.0,1694443546.0,34228086.2,1694443533.0,1694443562.0,1694443551.0,1694443555.0,4339.0,1694443562.0,1694443567.0,5.0,,6.0,29.0,5.0,11.0,177143937.0,4.0,13355.0,poseidon,condorpool,poseidon-worker-1-container-20-23,post_vel,/opt/netcdf2png/merged_netcdf2png,,0.1,0,0,,,,,,,,,
post_vel_ID0000113,None,compute,0,1694443522.0,,,1694443527.0,1694443535.0,1694443547.0,27216976.3,1694443533.0,1694443562.0,1694443552.0,1694443555.0,4789.0,1694443562.0,1694443567.0,5.0,,6.0,29.0,5.0,12.0,177143937.0,3.0,14745.0,poseidon,condorpool,poseidon-worker-1-container-4-7,post_vel,/opt/netcdf2png/merged_netcdf2png,,0.1,0,0,,,,,,,,,
mvt_ID0000044,None,compute,0,1694443527.0,,,1694443532.0,1694443541.0,1694443551.0,29737313.0,1694443539.0,1694443608.0,1694443596.0,1694443599.0,9167.0,1694443608.0,1694443613.0,5.0,,7.0,69.0,5.0,10.0,177143652.0,3.0,28113.0,poseidon,condorpool,poseidon-worker-1-container-16-19,mvt,/opt/mvt/mvt,,39.1,0,0,0.0,823576.0,12288.0,497.0,3.0,29.9,0.1,27452.5,1228.8
post_vel_ID0000043,None,compute,0,1694443527.0,,,1694443532.0,1694443547.0,1694443557.0,29664529.0,1694443545.0,1694443572.0,1694443563.0,1694443566.0,3631.0,1694443572.0,1694443577.0,5.0,,13.0,27.0,5.0,10.0,177143937.0,3.0,11050.0,poseidon,condorpool,poseidon-worker-2-container-0-3,post_vel,/opt/netcdf2png/merged_netcdf2png,,0.1,0,0,,,,,,,,,
stage_out_local_condorpool_1_0,None,transfer,0,1694443527.0,,,1694443532.0,,,0.0,1694443533.0,1694443542.0,,,0.0,1694443542.0,1694443547.0,5.0,,1.0,9.0,5.0,,,,,poseidon,local,poseidon-submit,pegasus::transfer,/mnt/poseidon-data/poseidon/pegasus-5.1.0panorama/bin/pegasus-transfer,/home/poseidon/pegasus-5.1.0panorama/bin/../bin/pegasus-kickstart  -n pegasus::transfer -N null -i - -R local  -L casa-wind-full -T 2023-09-08T07:29:05+00:00 /home/poseidon/pegasus-5.1.0panorama/bin/../bin/pegasus-transfer  --threads 2,0.9,0,0,,,,,,,,,
mvt_ID0000004,cpu_2,compute,0,1694443532.0,,,1694443537.0,1694443547.0,1694443558.0,29594922.0,1694443545.0,1694443613.0,1694443602.0,1694443605.0,9349.0,1694443613.0,1694443618.0,5.0,,8.0,68.0,5.0,11.0,177143652.0,3.0,28781.0,poseidon,condorpool,poseidon-worker-2-container-20-23,mvt,/opt/mvt/mvt,,39.2,0,0,0.0,819454.0,16384.0,488.0,4.0,29.9,0.1,27315.1,819.2
stage_out_local_condorpool_1_2,None,transfer,0,1694443532.0,,,1694443537.0,,,0.0,1694443538.0,1694443547.0,,,0.0,1694443547.0,1694443552.0,5.0,,1.0,9.0,5.0,,,,,poseidon,local,poseidon-submit,pegasus::transfer,/mnt/poseidon-data/poseidon/pegasus-5.1.0panorama/bin/pegasus-transfer,/home/poseidon/pegasus-5.1.0panorama/bin/../bin/pegasus-kickstart  -n pegasus::transfer -N null -i - -R local  -L casa-wind-full -T 2023-09-08T07:29:05+00:00 /home/poseidon/pegasus-5.1.0panorama/bin/../bin/pegasus-transfer  --threads 2,0.9,0,0,,,,,,,,,
post_vel_ID0000003,cpu_2,compute,0,1694443532.0,,,1694443537.0,1694443547.0,1694443558.0,34936770.0,1694443545.0,1694443577.0,1694443564.0,1694443567.0,3388.0,1694443577.0,1694443582.0,5.0,,8.0,32.0,5.0,11.0,177143937.0,3.0,10865.0,poseidon,condorpool,poseidon-worker-2-container-44-47,post_vel,/opt/netcdf2png/merged_netcdf2png,,0.1,0,0,,,,,,,,,
register_condorpool_1_1,None,auxiliary,0,1694443537.0,,,1694443547.0,,,0.0,1694443547.0,1694443552.0,,,0.0,1694443552.0,1694443557.0,10.0,,0.0,5.0,5.0,,,,,poseidon,local,poseidon-submit,pegasus::rc-client,/mnt/poseidon-data/poseidon/pegasus-5.1.0panorama/bin/pegasus-rc-client,"-n pegasus::rc-client -N null -R local  -L casa-wind-full -T 2023-09-08T07:29:05+00:00 /home/poseidon/pegasus-5.1.0panorama/bin/pegasus-rc-client --prefix pegasus.catalog.replica.output --conf /mnt/poseidon-data/poseidon/workflows/casa-wind-workflow-full/submit/poseidon/pegasus/casa-wind-full/run0343/pegasus.2502614809876402630.properties -v --meta /mnt/poseidon-data/poseidon/workflows/casa-wind-workflow-full/submit/poseidon/pegasus/casa-wind-full/run0343/00/00/um_vel_ID0000017.meta,/mnt/poseidon-data/poseidon/workflows/casa-wind-workflow-full/submit/poseidon/pegasus/casa-wind-full/run0343/00/01/um_vel_ID0000037.meta,/mnt/poseidon-data/poseidon/workflows/casa-wind-workflow-full/submit/poseidon/pegasus/casa-wind-full/run0343/00/00/um_vel_ID0000082.meta,/mnt/poseidon-data/poseidon/workflows/casa-wind-workflow-full/submit/poseidon/pegasus/casa-wind-full/run0343/00/00/um_vel_ID0000097.meta,/mnt/poseidon-data/poseidon/workflows/casa-wind-workflow-full/submit/poseidon/pegasus/casa-wind-full/run0343/00/01/um_vel_ID0000047.meta,/mnt/poseidon-data/poseidon/workflows/casa-wind-workflow-full/submit/poseidon/pegasus/casa-wind-full/run0343/00/00/um_vel_ID0000087.meta,/mnt/poseidon-data/poseidon/workflows/casa-wind-workflow-full/submit/poseidon/pegasus/casa-wind-full/run0343/00/01/um_vel_ID0000007.meta,/mnt/poseidon-data/poseidon/workflows/casa-wind-workflow-full/submit/poseidon/pegasus/casa-wind-full/run0343/00/01/um_vel_ID0000072.meta,/mnt/poseidon-data/poseidon/workflows/casa-wind-workflow-full/submit/poseidon/pegasus/casa-wind-full/run0343/00/01/um_vel_ID0000102.meta --insert /mnt/poseidon-data/poseidon/workflows/casa-wind-workflow-full/submit/poseidon/pegasus/casa-wind-full/run0343/00/01/register_condorpool_1_1.in",2.6,0,0,,,,,,,,,
register_condorpool_1_0,None,auxiliary,0,1694443547.0,,,1694443557.0,,,0.0,1694443558.0,1694443562.0,,,0.0,1694443562.0,1694443567.0,10.0,,1.0,4.0,5.0,,,,,poseidon,local,poseidon-submit,pegasus::rc-client,/mnt/poseidon-data/poseidon/pegasus-5.1.0panorama/bin/pegasus-rc-client,"-n pegasus::rc-client -N null -R local  -L casa-wind-full -T 2023-09-08T07:29:05+00:00 /home/poseidon/pegasus-5.1.0panorama/bin/pegasus-rc-client --prefix pegasus.catalog.replica.output --conf /mnt/poseidon-data/poseidon/workflows/casa-wind-workflow-full/submit/poseidon/pegasus/casa-wind-full/run0343/pegasus.2502614809876402630.properties -v --meta /mnt/poseidon-data/poseidon/workflows/casa-wind-workflow-full/submit/poseidon/pegasus/casa-wind-full/run0343/00/01/um_vel_ID0000067.meta,/mnt/poseidon-data/poseidon/workflows/casa-wind-workflow-full/submit/poseidon/pegasus/casa-wind-full/run0343/00/00/um_vel_ID0000127.meta,/mnt/poseidon-data/poseidon/workflows/casa-wind-workflow-full/submit/poseidon/pegasus/casa-wind-full/run0343/00/00/um_vel_ID0000122.meta,/mnt/poseidon-data/poseidon/workflows/casa-wind-workflow-full/submit/poseidon/pegasus/casa-wind-full/run0343/00/00/um_vel_ID0000092.meta,/mnt/poseidon-data/poseidon/workflows/casa-wind-workflow-full/submit/poseidon/pegasus/casa-wind-full/run0343/00/01/um_vel_ID0000077.meta,/mnt/poseidon-data/poseidon/workflows/casa-wind-workflow-full/submit/poseidon/pegasus/casa-wind-full/run0343/00/01/um_vel_ID0000057.meta,/mnt/poseidon-data/poseidon/workflows/casa-wind-workflow-full/submit/poseidon/pegasus/casa-wind-full/run0343/00/00/um_vel_ID0000027.meta,/mnt/poseidon-data/poseidon/workflows/casa-wind-workflow-full/submit/poseidon/pegasus/casa-wind-full/run0343/00/01/um_vel_ID0000042.meta,/mnt/poseidon-data/poseidon/workflows/casa-wind-workflow-full/submit/poseidon/pegasus/casa-wind-full/run0343/00/00/um_vel_ID0000022.meta --insert /mnt/poseidon-data/poseidon/workflows/casa-wind-workflow-full/submit/poseidon/pegasus/casa-wind-full/run0343/00/01/register_condorpool_1_0.in",2.6,0,0,,,,,,,,,
register_condorpool_1_2,None,auxiliary,0,1694443552.0,,,1694443567.0,,,0.0,1694443567.0,1694443572.0,,,0.0,1694443572.0,1694443577.0,15.0,,0.0,5.0,5.0,,,,,poseidon,local,poseidon-submit,pegasus::rc-client,/mnt/poseidon-data/poseidon/pegasus-5.1.0panorama/bin/pegasus-rc-client,"-n pegasus::rc-client -N null -R local  -L casa-wind-full -T 2023-09-08T07:29:05+00:00 /home/poseidon/pegasus-5.1.0panorama/bin/pegasus-rc-client --prefix pegasus.catalog.replica.output --conf /mnt/poseidon-data/poseidon/workflows/casa-wind-workflow-full/submit/poseidon/pegasus/casa-wind-full/run0343/pegasus.2502614809876402630.properties -v --meta /mnt/poseidon-data/poseidon/workflows/casa-wind-workflow-full/submit/poseidon/pegasus/casa-wind-full/run0343/00/00/um_vel_ID0000117.meta,/mnt/poseidon-data/poseidon/workflows/casa-wind-workflow-full/submit/poseidon/pegasus/casa-wind-full/run0343/00/01/um_vel_ID0000052.meta,/mnt/poseidon-data/poseidon/workflows/casa-wind-workflow-full/submit/poseidon/pegasus/casa-wind-full/run0343/00/00/um_vel_ID0000002.meta,/mnt/poseidon-data/poseidon/workflows/casa-wind-workflow-full/submit/poseidon/pegasus/casa-wind-full/run0343/00/00/um_vel_ID0000012.meta,/mnt/poseidon-data/poseidon/workflows/casa-wind-workflow-full/submit/poseidon/pegasus/casa-wind-full/run0343/00/00/um_vel_ID0000032.meta,/mnt/poseidon-data/poseidon/workflows/casa-wind-workflow-full/submit/poseidon/pegasus/casa-wind-full/run0343/00/01/um_vel_ID0000062.meta,/mnt/poseidon-data/poseidon/workflows/casa-wind-workflow-full/submit/poseidon/pegasus/casa-wind-full/run0343/00/01/um_vel_ID0000112.meta,/mnt/poseidon-data/poseidon/workflows/casa-wind-workflow-full/submit/poseidon/pegasus/casa-wind-full/run0343/00/01/um_vel_ID0000107.meta --insert /mnt/poseidon-data/poseidon/workflows/casa-wind-workflow-full/submit/poseidon/pegasus/casa-wind-full/run0343/00/01/register_condorpool_1_2.in",2.6,0,0,,,,,,,,,
point_alert_ID0000050,None,compute,0,1694443587.0,,,1694443592.0,1694443594.0,1694443605.0,29616633.5,1694443593.0,1694443623.0,1694443611.0,1694443614.0,6823.0,1694443623.0,1694443628.0,5.0,,1.0,30.0,5.0,11.0,176632091.0,3.0,20878.0,poseidon,condorpool,poseidon-worker-1-container-28-31,point_alert,/opt/pointAlert/pointAlert,,0.0,0,0,,,,,,,,,
point_alert_ID0000060,cpu_2,compute,0,1694443592.0,,,1694443597.0,1694443600.0,1694443610.0,29698615.5,1694443598.0,1694443628.0,1694443616.0,1694443619.0,6771.0,1694443628.0,1694443633.0,5.0,,1.0,30.0,5.0,10.0,176636147.0,3.0,20878.0,poseidon,condorpool,poseidon-worker-1-container-8-11,point_alert,/opt/pointAlert/pointAlert,,0.0,0,0,,,,,,,,,
point_alert_ID0000030,cpu_2,compute,0,1694443592.0,,,1694443597.0,1694443600.0,1694443611.0,32363276.0,1694443598.0,1694443628.0,1694443616.0,1694443620.0,6442.0,1694443628.0,1694443633.0,5.0,,1.0,30.0,5.0,11.0,176646324.0,4.0,20158.0,poseidon,condorpool,poseidon-worker-2-container-16-19,point_alert,/opt/pointAlert/pointAlert,,0.0,0,0,,,,,,,,,
point_alert_ID0000080,cpu_2,compute,0,1694443592.0,,,1694443597.0,1694443600.0,1694443611.0,29604922.0,1694443598.0,1694443628.0,1694443616.0,1694443620.0,6591.0,1694443628.0,1694443633.0,5.0,,1.0,30.0,5.0,11.0,176653320.0,4.0,20718.0,poseidon,condorpool,poseidon-worker-2-container-24-27,point_alert,/opt/pointAlert/pointAlert,,0.0,0,0,,,,,,,,,
point_alert_ID0000020,cpu_2,compute,0,1694443592.0,,,1694443597.0,1694443600.0,1694443611.0,34577901.8,1694443598.0,1694443628.0,1694443616.0,1694443619.0,6598.0,1694443628.0,1694443633.0,5.0,,1.0,30.0,5.0,11.0,176644228.0,3.0,20478.0,poseidon,condorpool,poseidon-worker-1-container-36-39,point_alert,/opt/pointAlert/pointAlert,,0.0,0,0,,,,,,,,,
point_alert_ID0000040,cpu_2,compute,0,1694443592.0,,,1694443597.0,1694443600.0,1694443611.0,29583919.5,1694443598.0,1694443628.0,1694443616.0,1694443620.0,6658.0,1694443628.0,1694443633.0,5.0,,1.0,30.0,5.0,11.0,176642369.0,4.0,20558.0,poseidon,condorpool,poseidon-worker-2-container-44-47,point_alert,/opt/pointAlert/pointAlert,,0.0,0,0,,,,,,,,,
point_alert_ID0000010,cpu_2,compute,0,1694443597.0,,,1694443602.0,1694443605.0,1694443616.0,34805261.0,1694443603.0,1694443633.0,1694443622.0,1694443625.0,6583.0,1694443633.0,1694443638.0,5.0,,1.0,30.0,5.0,11.0,176643412.0,3.0,20478.0,poseidon,condorpool,poseidon-worker-2-container-24-27,point_alert,/opt/pointAlert/pointAlert,,0.0,0,0,,,,,,,,,
point_alert_ID0000105,cpu_2,compute,0,1694443597.0,,,1694443602.0,1694443605.0,1694443617.0,32890465.0,1694443603.0,1694443633.0,1694443622.0,1694443625.0,6856.0,1694443633.0,1694443638.0,5.0,,1.0,30.0,5.0,12.0,176667573.0,3.0,21278.0,poseidon,condorpool,poseidon-worker-2-container-40-43,point_alert,/opt/pointAlert/pointAlert,,0.0,0,0,,,,,,,,,
point_alert_ID0000130,None,compute,0,1694443597.0,,,1694443602.0,1694443605.0,1694443616.0,34878440.4,1694443603.0,1694443633.0,1694443621.0,1694443624.0,7372.0,1694443633.0,1694443638.0,5.0,,1.0,30.0,5.0,11.0,176672472.0,3.0,23118.0,poseidon,condorpool,poseidon-worker-1-container-32-35,point_alert,/opt/pointAlert/pointAlert,,0.0,0,0,,,,,,,,,
point_alert_ID0000075,None,compute,0,1694443597.0,,,1694443602.0,1694443605.0,1694443616.0,29855799.0,1694443603.0,1694443633.0,1694443621.0,1694443624.0,6604.0,1694443633.0,1694443638.0,5.0,,1.0,30.0,5.0,11.0,176646838.0,3.0,20558.0,poseidon,condorpool,poseidon-worker-2-container-32-35,point_alert,/opt/pointAlert/pointAlert,,0.0,0,0,,,,,,,,,
point_alert_ID0000025,None,compute,0,1694443597.0,,,1694443602.0,1694443605.0,1694443617.0,30119694.0,1694443603.0,1694443633.0,1694443622.0,1694443625.0,6511.0,1694443633.0,1694443638.0,5.0,,1.0,30.0,5.0,12.0,176638688.0,3.0,20078.0,poseidon,condorpool,poseidon-worker-1-container-12-15,point_alert,/opt/pointAlert/pointAlert,,0.0,0,0,,,,,,,,,
point_alert_ID0000070,cpu_2,compute,0,1694443597.0,,,1694443602.0,1694443605.0,1694443616.0,32893091.6,1694443603.0,1694443633.0,1694443622.0,1694443625.0,6611.0,1694443633.0,1694443638.0,5.0,,1.0,30.0,5.0,11.0,176643292.0,3.0,20558.0,poseidon,condorpool,poseidon-worker-2-container-12-15,point_alert,/opt/pointAlert/pointAlert,,0.0,0,0,,,,,,,,,
point_alert_ID0000065,cpu_2,compute,0,1694443602.0,,,1694443607.0,1694443610.0,1694443622.0,29462355.0,1694443609.0,1694443638.0,1694443627.0,1694443630.0,6582.0,1694443638.0,1694443643.0,5.0,,2.0,29.0,5.0,12.0,176639131.0,3.0,20238.0,poseidon,condorpool,poseidon-worker-2-container-44-47,point_alert,/opt/pointAlert/pointAlert,,0.0,0,0,,,,,,,,,
point_alert_ID0000110,None,compute,0,1694443608.0,,,1694443613.0,1694443616.0,1694443627.0,33464537.6,1694443614.0,1694443643.0,1694443632.0,1694443635.0,6745.0,1694443643.0,1694443648.0,5.0,,1.0,29.0,5.0,11.0,176667937.0,3.0,21038.0,poseidon,condorpool,poseidon-worker-1-container-16-19,point_alert,/opt/pointAlert/pointAlert,,0.0,0,0,,,,,,,,,
point_alert_ID0000095,cpu_2,compute,0,1694443608.0,,,1694443613.0,1694443616.0,1694443628.0,28469785.2,1694443614.0,1694443643.0,1694443633.0,1694443636.0,6758.0,1694443643.0,1694443648.0,5.0,,1.0,29.0,5.0,12.0,176660390.0,3.0,20718.0,poseidon,condorpool,poseidon-worker-1-container-24-27,point_alert,/opt/pointAlert/pointAlert,,0.0,0,0,,,,,,,,,
point_alert_ID0000115,cpu_2,compute,0,1694443608.0,,,1694443613.0,1694443616.0,1694443627.0,34523468.2,1694443614.0,1694443643.0,1694443632.0,1694443635.0,6906.0,1694443643.0,1694443648.0,5.0,,1.0,29.0,5.0,11.0,176681217.0,3.0,21598.0,poseidon,condorpool,poseidon-worker-2-container-40-43,point_alert,/opt/pointAlert/pointAlert,,0.0,0,0,,,,,,,,,
point_alert_ID0000120,cpu_2,compute,0,1694443608.0,,,1694443613.0,1694443616.0,1694443627.0,32108080.2,1694443614.0,1694443643.0,1694443632.0,1694443635.0,7108.0,1694443643.0,1694443648.0,5.0,,1.0,29.0,5.0,11.0,176673508.0,3.0,21998.0,poseidon,condorpool,poseidon-worker-2-container-8-11,point_alert,/opt/pointAlert/pointAlert,,0.0,0,0,,,,,,,,,
point_alert_ID0000015,None,compute,0,1694443608.0,,,1694443613.0,1694443616.0,1694443626.0,29573317.0,1694443614.0,1694443643.0,1694443632.0,1694443635.0,6641.0,1694443643.0,1694443648.0,5.0,,1.0,29.0,5.0,10.0,176639974.0,3.0,20558.0,poseidon,condorpool,poseidon-worker-1-container-16-19,point_alert,/opt/pointAlert/pointAlert,,0.0,0,0,,,,,,,,,
point_alert_ID0000090,cpu_2,compute,0,1694443608.0,,,1694443613.0,1694443616.0,1694443628.0,28887879.3,1694443614.0,1694443643.0,1694443633.0,1694443636.0,6738.0,1694443643.0,1694443648.0,5.0,,1.0,29.0,5.0,12.0,176656458.0,3.0,20638.0,poseidon,condorpool,poseidon-worker-2-container-20-23,point_alert,/opt/pointAlert/pointAlert,,0.0,0,0,,,,,,,,,
stage_out_local_condorpool_2_3,None,transfer,0,1694443608.0,,,1694443613.0,,,0.0,1694443613.0,1694443618.0,,,0.0,1694443618.0,1694443623.0,5.0,,0.0,5.0,5.0,,,,,poseidon,local,poseidon-submit,pegasus::transfer,/mnt/poseidon-data/poseidon/pegasus-5.1.0panorama/bin/pegasus-transfer,/home/poseidon/pegasus-5.1.0panorama/bin/../bin/pegasus-kickstart  -n pegasus::transfer -N null -i - -R local  -L casa-wind-full -T 2023-09-08T07:29:05+00:00 /home/poseidon/pegasus-5.1.0panorama/bin/../bin/pegasus-transfer  --threads 2,0.9,0,0,,,,,,,,,
stage_out_local_condorpool_2_2,None,transfer,0,1694443608.0,,,1694443613.0,,,0.0,1694443613.0,1694443618.0,,,0.0,1694443618.0,1694443623.0,5.0,,0.0,5.0,5.0,,,,,poseidon,local,poseidon-submit,pegasus::transfer,/mnt/poseidon-data/poseidon/pegasus-5.1.0panorama/bin/pegasus-transfer,/home/poseidon/pegasus-5.1.0panorama/bin/../bin/pegasus-kickstart  -n pegasus::transfer -N null -i - -R local  -L casa-wind-full -T 2023-09-08T07:29:05+00:00 /home/poseidon/pegasus-5.1.0panorama/bin/../bin/pegasus-transfer  --threads 2,0.9,0,0,,,,,,,,,
point_alert_ID0000125,None,compute,0,1694443608.0,,,1694443613.0,1694443616.0,1694443626.0,29586460.0,1694443614.0,1694443643.0,1694443632.0,1694443635.0,7396.0,1694443643.0,1694443648.0,5.0,,1.0,29.0,5.0,10.0,176678547.0,3.0,22878.0,poseidon,condorpool,poseidon-worker-1-container-32-35,point_alert,/opt/pointAlert/pointAlert,,0.0,0,0,,,,,,,,,
stage_out_local_condorpool_2_1,None,transfer,0,1694443608.0,,,1694443613.0,,,0.0,1694443613.0,1694443618.0,,,0.0,1694443618.0,1694443623.0,5.0,,0.0,5.0,5.0,,,,,poseidon,local,poseidon-submit,pegasus::transfer,/mnt/poseidon-data/poseidon/pegasus-5.1.0panorama/bin/pegasus-transfer,/home/poseidon/pegasus-5.1.0panorama/bin/../bin/pegasus-kickstart  -n pegasus::transfer -N null -i - -R local  -L casa-wind-full -T 2023-09-08T07:29:05+00:00 /home/poseidon/pegasus-5.1.0panorama/bin/../bin/pegasus-transfer  --threads 2,0.9,0,0,,,,,,,,,
point_alert_ID0000085,cpu_2,compute,0,1694443608.0,,,1694443613.0,1694443616.0,1694443627.0,33422891.6,1694443614.0,1694443643.0,1694443632.0,1694443635.0,6842.0,1694443643.0,1694443648.0,5.0,,1.0,29.0,5.0,11.0,176655981.0,3.0,21118.0,poseidon,condorpool,poseidon-worker-2-container-20-23,point_alert,/opt/pointAlert/pointAlert,,0.0,0,0,,,,,,,,,
point_alert_ID0000100,None,compute,0,1694443608.0,,,1694443613.0,1694443616.0,1694443628.0,28185020.2,1694443614.0,1694443643.0,1694443633.0,1694443636.0,6718.0,1694443643.0,1694443648.0,5.0,,1.0,29.0,5.0,12.0,176658101.0,3.0,20638.0,poseidon,condorpool,poseidon-worker-2-container-36-39,point_alert,/opt/pointAlert/pointAlert,,0.0,0,0,,,,,,,,,
point_alert_ID0000055,cpu_2,compute,0,1694443613.0,,,1694443618.0,1694443621.0,1694443632.0,29664213.0,1694443619.0,1694443648.0,1694443637.0,1694443641.0,6693.0,1694443648.0,1694443653.0,5.0,,1.0,29.0,5.0,11.0,176636535.0,4.0,20638.0,poseidon,condorpool,poseidon-worker-1-container-24-27,point_alert,/opt/pointAlert/pointAlert,,0.0,0,0,,,,,,,,,
point_alert_ID0000045,None,compute,0,1694443613.0,,,1694443618.0,1694443621.0,1694443632.0,29605613.0,1694443620.0,1694443648.0,1694443637.0,1694443641.0,6777.0,1694443648.0,1694443653.0,5.0,,2.0,28.0,5.0,11.0,176636096.0,4.0,20798.0,poseidon,condorpool,poseidon-worker-1-container-28-31,point_alert,/opt/pointAlert/pointAlert,,0.0,0,0,,,,,,,,,
stage_out_local_condorpool_2_0,None,transfer,0,1694443613.0,,,1694443618.0,,,0.0,1694443619.0,1694443623.0,,,0.0,1694443623.0,1694443628.0,5.0,,1.0,4.0,5.0,,,,,poseidon,local,poseidon-submit,pegasus::transfer,/mnt/poseidon-data/poseidon/pegasus-5.1.0panorama/bin/pegasus-transfer,/home/poseidon/pegasus-5.1.0panorama/bin/../bin/pegasus-kickstart  -n pegasus::transfer -N null -i - -R local  -L casa-wind-full -T 2023-09-08T07:29:05+00:00 /home/poseidon/pegasus-5.1.0panorama/bin/../bin/pegasus-transfer  --threads 2,0.9,0,0,,,,,,,,,
point_alert_ID0000035,cpu_2,compute,0,1694443613.0,,,1694443618.0,1694443627.0,1694443637.0,29643091.5,1694443625.0,1694443653.0,1694443643.0,1694443646.0,6526.0,1694443653.0,1694443658.0,5.0,,7.0,28.0,5.0,10.0,176638959.0,3.0,20078.0,poseidon,condorpool,poseidon-worker-1-container-8-11,point_alert,/opt/pointAlert/pointAlert,,0.0,0,0,,,,,,,,,
stage_out_local_condorpool_2_4,None,transfer,0,1694443613.0,,,1694443618.0,,,0.0,1694443619.0,1694443623.0,,,0.0,1694443623.0,1694443628.0,5.0,,1.0,4.0,5.0,,,,,poseidon,local,poseidon-submit,pegasus::transfer,/mnt/poseidon-data/poseidon/pegasus-5.1.0panorama/bin/pegasus-transfer,/home/poseidon/pegasus-5.1.0panorama/bin/../bin/pegasus-kickstart  -n pegasus::transfer -N null -i - -R local  -L casa-wind-full -T 2023-09-08T07:29:05+00:00 /home/poseidon/pegasus-5.1.0panorama/bin/../bin/pegasus-transfer  --threads 2,0.8,0,0,,,,,,,,,
stage_out_local_condorpool_2_5,None,transfer,0,1694443618.0,,,1694443623.0,,,0.0,1694443624.0,1694443633.0,,,0.0,1694443633.0,1694443638.0,5.0,,1.0,9.0,5.0,,,,,poseidon,local,poseidon-submit,pegasus::transfer,/mnt/poseidon-data/poseidon/pegasus-5.1.0panorama/bin/pegasus-transfer,/home/poseidon/pegasus-5.1.0panorama/bin/../bin/pegasus-kickstart  -n pegasus::transfer -N null -i - -R local  -L casa-wind-full -T 2023-09-08T07:29:05+00:00 /home/poseidon/pegasus-5.1.0panorama/bin/../bin/pegasus-transfer  --threads 2,0.8,0,0,,,,,,,,,
point_alert_ID0000005,cpu_2,compute,0,1694443618.0,,,1694443623.0,1694443627.0,1694443637.0,29616968.5,1694443625.0,1694443653.0,1694443643.0,1694443646.0,6662.0,1694443653.0,1694443658.0,5.0,,2.0,28.0,5.0,10.0,176636764.0,3.0,20398.0,poseidon,condorpool,poseidon-worker-1-container-36-39,point_alert,/opt/pointAlert/pointAlert,,0.0,0,0,,,,,,,,,
register_condorpool_2_3,None,auxiliary,0,1694443623.0,,,1694443708.0,,,0.0,1694443709.0,1694443713.0,,,0.0,1694443713.0,1694443718.0,85.0,,1.0,4.0,5.0,,,,,poseidon,local,poseidon-submit,pegasus::rc-client,/mnt/poseidon-data/poseidon/pegasus-5.1.0panorama/bin/pegasus-rc-client,"-n pegasus::rc-client -N null -R local  -L casa-wind-full -T 2023-09-08T07:29:05+00:00 /home/poseidon/pegasus-5.1.0panorama/bin/pegasus-rc-client --prefix pegasus.catalog.replica.output --conf /mnt/poseidon-data/poseidon/workflows/casa-wind-workflow-full/submit/poseidon/pegasus/casa-wind-full/run0343/pegasus.2502614809876402630.properties -v --meta /mnt/poseidon-data/poseidon/workflows/casa-wind-workflow-full/submit/poseidon/pegasus/casa-wind-full/run0343/00/01/mvt_ID0000084.meta,/mnt/poseidon-data/poseidon/workflows/casa-wind-workflow-full/submit/poseidon/pegasus/casa-wind-full/run0343/00/02/post_vel_ID0000103.meta,/mnt/poseidon-data/poseidon/workflows/casa-wind-workflow-full/submit/poseidon/pegasus/casa-wind-full/run0343/00/01/post_vel_ID0000098.meta,/mnt/poseidon-data/poseidon/workflows/casa-wind-workflow-full/submit/poseidon/pegasus/casa-wind-full/run0343/00/02/post_vel_ID0000048.meta,/mnt/poseidon-data/poseidon/workflows/casa-wind-workflow-full/submit/poseidon/pegasus/casa-wind-full/run0343/00/01/mvt_ID0000009.meta,/mnt/poseidon-data/poseidon/workflows/casa-wind-workflow-full/submit/poseidon/pegasus/casa-wind-full/run0343/00/01/post_vel_ID0000018.meta,/mnt/poseidon-data/poseidon/workflows/casa-wind-workflow-full/submit/poseidon/pegasus/casa-wind-full/run0343/00/01/mvt_ID0000089.meta,/mnt/poseidon-data/poseidon/workflows/casa-wind-workflow-full/submit/poseidon/pegasus/casa-wind-full/run0343/00/02/mvt_ID0000074.meta,/mnt/poseidon-data/poseidon/workflows/casa-wind-workflow-full/submit/poseidon/pegasus/casa-wind-full/run0343/00/02/post_vel_ID0000038.meta --insert /mnt/poseidon-data/poseidon/workflows/casa-wind-workflow-full/submit/poseidon/pegasus/casa-wind-full/run0343/00/02/register_condorpool_2_3.in",2.6,0,0,,,,,,,,,
register_condorpool_2_2,None,auxiliary,0,1694443623.0,,,1694443628.0,,,0.0,1694443629.0,1694443633.0,,,0.0,1694443633.0,1694443638.0,5.0,,1.0,4.0,5.0,,,,,poseidon,local,poseidon-submit,pegasus::rc-client,/mnt/poseidon-data/poseidon/pegasus-5.1.0panorama/bin/pegasus-rc-client,"-n pegasus::rc-client -N null -R local  -L casa-wind-full -T 2023-09-08T07:29:05+00:00 /home/poseidon/pegasus-5.1.0panorama/bin/pegasus-rc-client --prefix pegasus.catalog.replica.output --conf /mnt/poseidon-data/poseidon/workflows/casa-wind-workflow-full/submit/poseidon/pegasus/casa-wind-full/run0343/pegasus.2502614809876402630.properties -v --meta /mnt/poseidon-data/poseidon/workflows/casa-wind-workflow-full/submit/poseidon/pegasus/casa-wind-full/run0343/00/02/post_vel_ID0000073.meta,/mnt/poseidon-data/poseidon/workflows/casa-wind-workflow-full/submit/poseidon/pegasus/casa-wind-full/run0343/00/02/mvt_ID0000039.meta,/mnt/poseidon-data/poseidon/workflows/casa-wind-workflow-full/submit/poseidon/pegasus/casa-wind-full/run0343/00/01/mvt_ID0000099.meta,/mnt/poseidon-data/poseidon/workflows/casa-wind-workflow-full/submit/poseidon/pegasus/casa-wind-full/run0343/00/01/post_vel_ID0000008.meta,/mnt/poseidon-data/poseidon/workflows/casa-wind-workflow-full/submit/poseidon/pegasus/casa-wind-full/run0343/00/02/mvt_ID0000049.meta,/mnt/poseidon-data/poseidon/workflows/casa-wind-workflow-full/submit/poseidon/pegasus/casa-wind-full/run0343/00/01/mvt_ID0000019.meta,/mnt/poseidon-data/poseidon/workflows/casa-wind-workflow-full/submit/poseidon/pegasus/casa-wind-full/run0343/00/02/mvt_ID0000104.meta,/mnt/poseidon-data/poseidon/workflows/casa-wind-workflow-full/submit/poseidon/pegasus/casa-wind-full/run0343/00/01/post_vel_ID0000083.meta,/mnt/poseidon-data/poseidon/workflows/casa-wind-workflow-full/submit/poseidon/pegasus/casa-wind-full/run0343/00/01/post_vel_ID0000088.meta --insert /mnt/poseidon-data/poseidon/workflows/casa-wind-workflow-full/submit/poseidon/pegasus/casa-wind-full/run0343/00/02/register_condorpool_2_2.in",2.6,0,0,,,,,,,,,
register_condorpool_2_1,None,auxiliary,0,1694443623.0,,,1694443698.0,,,0.0,1694443699.0,1694443703.0,,,0.0,1694443703.0,1694443708.0,75.0,,1.0,4.0,5.0,,,,,poseidon,local,poseidon-submit,pegasus::rc-client,/mnt/poseidon-data/poseidon/pegasus-5.1.0panorama/bin/pegasus-rc-client,"-n pegasus::rc-client -N null -R local  -L casa-wind-full -T 2023-09-08T07:29:05+00:00 /home/poseidon/pegasus-5.1.0panorama/bin/pegasus-rc-client --prefix pegasus.catalog.replica.output --conf /mnt/poseidon-data/poseidon/workflows/casa-wind-workflow-full/submit/poseidon/pegasus/casa-wind-full/run0343/pegasus.2502614809876402630.properties -v --meta /mnt/poseidon-data/poseidon/workflows/casa-wind-workflow-full/submit/poseidon/pegasus/casa-wind-full/run0343/00/01/post_vel_ID0000028.meta,/mnt/poseidon-data/poseidon/workflows/casa-wind-workflow-full/submit/poseidon/pegasus/casa-wind-full/run0343/00/02/post_vel_ID0000043.meta,/mnt/poseidon-data/poseidon/workflows/casa-wind-workflow-full/submit/poseidon/pegasus/casa-wind-full/run0343/00/01/post_vel_ID0000128.meta,/mnt/poseidon-data/poseidon/workflows/casa-wind-workflow-full/submit/poseidon/pegasus/casa-wind-full/run0343/00/01/mvt_ID0000094.meta,/mnt/poseidon-data/poseidon/workflows/casa-wind-workflow-full/submit/poseidon/pegasus/casa-wind-full/run0343/00/01/mvt_ID0000069.meta,/mnt/poseidon-data/poseidon/workflows/casa-wind-workflow-full/submit/poseidon/pegasus/casa-wind-full/run0343/00/02/mvt_ID0000059.meta,/mnt/poseidon-data/poseidon/workflows/casa-wind-workflow-full/submit/poseidon/pegasus/casa-wind-full/run0343/00/01/mvt_ID0000124.meta,/mnt/poseidon-data/poseidon/workflows/casa-wind-workflow-full/submit/poseidon/pegasus/casa-wind-full/run0343/00/01/mvt_ID0000024.meta,/mnt/poseidon-data/poseidon/workflows/casa-wind-workflow-full/submit/poseidon/pegasus/casa-wind-full/run0343/00/02/mvt_ID0000079.meta --insert /mnt/poseidon-data/poseidon/workflows/casa-wind-workflow-full/submit/poseidon/pegasus/casa-wind-full/run0343/00/02/register_condorpool_2_1.in",2.6,0,0,,,,,,,,,
register_condorpool_2_4,None,auxiliary,0,1694443628.0,,,1694443658.0,,,0.0,1694443659.0,1694443663.0,,,0.0,1694443663.0,1694443668.0,30.0,,1.0,4.0,5.0,,,,,poseidon,local,poseidon-submit,pegasus::rc-client,/mnt/poseidon-data/poseidon/pegasus-5.1.0panorama/bin/pegasus-rc-client,"-n pegasus::rc-client -N null -R local  -L casa-wind-full -T 2023-09-08T07:29:05+00:00 /home/poseidon/pegasus-5.1.0panorama/bin/pegasus-rc-client --prefix pegasus.catalog.replica.output --conf /mnt/poseidon-data/poseidon/workflows/casa-wind-workflow-full/submit/poseidon/pegasus/casa-wind-full/run0343/pegasus.2502614809876402630.properties -v --meta /mnt/poseidon-data/poseidon/workflows/casa-wind-workflow-full/submit/poseidon/pegasus/casa-wind-full/run0343/00/02/post_vel_ID0000108.meta,/mnt/poseidon-data/poseidon/workflows/casa-wind-workflow-full/submit/poseidon/pegasus/casa-wind-full/run0343/00/01/post_vel_ID0000063.meta,/mnt/poseidon-data/poseidon/workflows/casa-wind-workflow-full/submit/poseidon/pegasus/casa-wind-full/run0343/00/01/post_vel_ID0000013.meta,/mnt/poseidon-data/poseidon/workflows/casa-wind-workflow-full/submit/poseidon/pegasus/casa-wind-full/run0343/00/02/mvt_ID0000054.meta,/mnt/poseidon-data/poseidon/workflows/casa-wind-workflow-full/submit/poseidon/pegasus/casa-wind-full/run0343/00/01/post_vel_ID0000033.meta,/mnt/poseidon-data/poseidon/workflows/casa-wind-workflow-full/submit/poseidon/pegasus/casa-wind-full/run0343/00/02/post_vel_ID0000113.meta,/mnt/poseidon-data/poseidon/workflows/casa-wind-workflow-full/submit/poseidon/pegasus/casa-wind-full/run0343/00/01/post_vel_ID0000003.meta,/mnt/poseidon-data/poseidon/workflows/casa-wind-workflow-full/submit/poseidon/pegasus/casa-wind-full/run0343/00/01/post_vel_ID0000118.meta --insert /mnt/poseidon-data/poseidon/workflows/casa-wind-workflow-full/submit/poseidon/pegasus/casa-wind-full/run0343/00/02/register_condorpool_2_4.in",2.6,0,0,,,,,,,,,
register_condorpool_2_0,None,auxiliary,0,1694443628.0,,,1694443638.0,,,0.0,1694443639.0,1694443643.0,,,0.0,1694443643.0,1694443648.0,10.0,,1.0,4.0,5.0,,,,,poseidon,local,poseidon-submit,pegasus::rc-client,/mnt/poseidon-data/poseidon/pegasus-5.1.0panorama/bin/pegasus-rc-client,"-n pegasus::rc-client -N null -R local  -L casa-wind-full -T 2023-09-08T07:29:05+00:00 /home/poseidon/pegasus-5.1.0panorama/bin/pegasus-rc-client --prefix pegasus.catalog.replica.output --conf /mnt/poseidon-data/poseidon/workflows/casa-wind-workflow-full/submit/poseidon/pegasus/casa-wind-full/run0343/pegasus.2502614809876402630.properties -v --meta /mnt/poseidon-data/poseidon/workflows/casa-wind-workflow-full/submit/poseidon/pegasus/casa-wind-full/run0343/00/01/post_vel_ID0000023.meta,/mnt/poseidon-data/poseidon/workflows/casa-wind-workflow-full/submit/poseidon/pegasus/casa-wind-full/run0343/00/01/post_vel_ID0000093.meta,/mnt/poseidon-data/poseidon/workflows/casa-wind-workflow-full/submit/poseidon/pegasus/casa-wind-full/run0343/00/01/mvt_ID0000129.meta,/mnt/poseidon-data/poseidon/workflows/casa-wind-workflow-full/submit/poseidon/pegasus/casa-wind-full/run0343/00/02/mvt_ID0000044.meta,/mnt/poseidon-data/poseidon/workflows/casa-wind-workflow-full/submit/poseidon/pegasus/casa-wind-full/run0343/00/02/post_vel_ID0000058.meta,/mnt/poseidon-data/poseidon/workflows/casa-wind-workflow-full/submit/poseidon/pegasus/casa-wind-full/run0343/00/01/post_vel_ID0000068.meta,/mnt/poseidon-data/poseidon/workflows/casa-wind-workflow-full/submit/poseidon/pegasus/casa-wind-full/run0343/00/01/post_vel_ID0000123.meta,/mnt/poseidon-data/poseidon/workflows/casa-wind-workflow-full/submit/poseidon/pegasus/casa-wind-full/run0343/00/02/post_vel_ID0000078.meta,/mnt/poseidon-data/poseidon/workflows/casa-wind-workflow-full/submit/poseidon/pegasus/casa-wind-full/run0343/00/01/mvt_ID0000029.meta --insert /mnt/poseidon-data/poseidon/workflows/casa-wind-workflow-full/submit/poseidon/pegasus/casa-wind-full/run0343/00/02/register_condorpool_2_0.in",2.6,0,0,,,,,,,,,
register_condorpool_2_5,None,auxiliary,0,1694443638.0,,,1694443648.0,,,0.0,1694443648.0,1694443653.0,,,0.0,1694443653.0,1694443658.0,10.0,,0.0,5.0,5.0,,,,,poseidon,local,poseidon-submit,pegasus::rc-client,/mnt/poseidon-data/poseidon/pegasus-5.1.0panorama/bin/pegasus-rc-client,"-n pegasus::rc-client -N null -R local  -L casa-wind-full -T 2023-09-08T07:29:05+00:00 /home/poseidon/pegasus-5.1.0panorama/bin/pegasus-rc-client --prefix pegasus.catalog.replica.output --conf /mnt/poseidon-data/poseidon/workflows/casa-wind-workflow-full/submit/poseidon/pegasus/casa-wind-full/run0343/pegasus.2502614809876402630.properties -v --meta /mnt/poseidon-data/poseidon/workflows/casa-wind-workflow-full/submit/poseidon/pegasus/casa-wind-full/run0343/00/01/mvt_ID0000004.meta,/mnt/poseidon-data/poseidon/workflows/casa-wind-workflow-full/submit/poseidon/pegasus/casa-wind-full/run0343/00/01/mvt_ID0000119.meta,/mnt/poseidon-data/poseidon/workflows/casa-wind-workflow-full/submit/poseidon/pegasus/casa-wind-full/run0343/00/02/post_vel_ID0000053.meta,/mnt/poseidon-data/poseidon/workflows/casa-wind-workflow-full/submit/poseidon/pegasus/casa-wind-full/run0343/00/02/mvt_ID0000114.meta,/mnt/poseidon-data/poseidon/workflows/casa-wind-workflow-full/submit/poseidon/pegasus/casa-wind-full/run0343/00/01/mvt_ID0000034.meta,/mnt/poseidon-data/poseidon/workflows/casa-wind-workflow-full/submit/poseidon/pegasus/casa-wind-full/run0343/00/01/mvt_ID0000014.meta,/mnt/poseidon-data/poseidon/workflows/casa-wind-workflow-full/submit/poseidon/pegasus/casa-wind-full/run0343/00/02/mvt_ID0000109.meta,/mnt/poseidon-data/poseidon/workflows/casa-wind-workflow-full/submit/poseidon/pegasus/casa-wind-full/run0343/00/01/mvt_ID0000064.meta --insert /mnt/poseidon-data/poseidon/workflows/casa-wind-workflow-full/submit/poseidon/pegasus/casa-wind-full/run0343/00/02/register_condorpool_2_5.in",2.6,0,0,,,,,,,,,
stage_out_local_condorpool_3_1,None,transfer,0,1694443648.0,,,1694443653.0,,,0.0,1694443653.0,1694443658.0,,,0.0,1694443658.0,1694443663.0,5.0,,0.0,5.0,5.0,,,,,poseidon,local,poseidon-submit,pegasus::transfer,/mnt/poseidon-data/poseidon/pegasus-5.1.0panorama/bin/pegasus-transfer,/home/poseidon/pegasus-5.1.0panorama/bin/../bin/pegasus-kickstart  -n pegasus::transfer -N null -i - -R local  -L casa-wind-full -T 2023-09-08T07:29:05+00:00 /home/poseidon/pegasus-5.1.0panorama/bin/../bin/pegasus-transfer  --threads 2,0.9,0,0,,,,,,,,,
stage_out_local_condorpool_3_0,None,transfer,0,1694443653.0,,,1694443658.0,,,0.0,1694443659.0,1694443663.0,,,0.0,1694443663.0,1694443668.0,5.0,,1.0,4.0,5.0,,,,,poseidon,local,poseidon-submit,pegasus::transfer,/mnt/poseidon-data/poseidon/pegasus-5.1.0panorama/bin/pegasus-transfer,/home/poseidon/pegasus-5.1.0panorama/bin/../bin/pegasus-kickstart  -n pegasus::transfer -N null -i - -R local  -L casa-wind-full -T 2023-09-08T07:29:05+00:00 /home/poseidon/pegasus-5.1.0panorama/bin/../bin/pegasus-transfer  --threads 2,0.9,0,0,,,,,,,,,
stage_out_local_condorpool_3_2,None,transfer,0,1694443658.0,,,1694443663.0,,,0.0,1694443664.0,1694443668.0,,,0.0,1694443668.0,1694443673.0,5.0,,1.0,4.0,5.0,,,,,poseidon,local,poseidon-submit,pegasus::transfer,/mnt/poseidon-data/poseidon/pegasus-5.1.0panorama/bin/pegasus-transfer,/home/poseidon/pegasus-5.1.0panorama/bin/../bin/pegasus-kickstart  -n pegasus::transfer -N null -i - -R local  -L casa-wind-full -T 2023-09-08T07:29:05+00:00 /home/poseidon/pegasus-5.1.0panorama/bin/../bin/pegasus-transfer  --threads 2,0.8,0,0,,,,,,,,,
register_condorpool_3_1,None,auxiliary,0,1694443663.0,,,1694443668.0,,,0.0,1694443669.0,1694443673.0,,,0.0,1694443673.0,1694443678.0,5.0,,1.0,4.0,5.0,,,,,poseidon,local,poseidon-submit,pegasus::rc-client,/mnt/poseidon-data/poseidon/pegasus-5.1.0panorama/bin/pegasus-rc-client,"-n pegasus::rc-client -N null -R local  -L casa-wind-full -T 2023-09-08T07:29:05+00:00 /home/poseidon/pegasus-5.1.0panorama/bin/pegasus-rc-client --prefix pegasus.catalog.replica.output --conf /mnt/poseidon-data/poseidon/workflows/casa-wind-workflow-full/submit/poseidon/pegasus/casa-wind-full/run0343/pegasus.2502614809876402630.properties -v --meta /mnt/poseidon-data/poseidon/workflows/casa-wind-workflow-full/submit/poseidon/pegasus/casa-wind-full/run0343/00/02/point_alert_ID0000010.meta,/mnt/poseidon-data/poseidon/workflows/casa-wind-workflow-full/submit/poseidon/pegasus/casa-wind-full/run0343/00/02/point_alert_ID0000090.meta,/mnt/poseidon-data/poseidon/workflows/casa-wind-workflow-full/submit/poseidon/pegasus/casa-wind-full/run0343/00/02/point_alert_ID0000085.meta,/mnt/poseidon-data/poseidon/workflows/casa-wind-workflow-full/submit/poseidon/pegasus/casa-wind-full/run0343/00/02/point_alert_ID0000075.meta,/mnt/poseidon-data/poseidon/workflows/casa-wind-workflow-full/submit/poseidon/pegasus/casa-wind-full/run0343/00/02/point_alert_ID0000100.meta,/mnt/poseidon-data/poseidon/workflows/casa-wind-workflow-full/submit/poseidon/pegasus/casa-wind-full/run0343/00/03/point_alert_ID0000040.meta,/mnt/poseidon-data/poseidon/workflows/casa-wind-workflow-full/submit/poseidon/pegasus/casa-wind-full/run0343/00/02/point_alert_ID0000020.meta,/mnt/poseidon-data/poseidon/workflows/casa-wind-workflow-full/submit/poseidon/pegasus/casa-wind-full/run0343/00/03/point_alert_ID0000050.meta,/mnt/poseidon-data/poseidon/workflows/casa-wind-workflow-full/submit/poseidon/pegasus/casa-wind-full/run0343/00/03/point_alert_ID0000105.meta --insert /mnt/poseidon-data/poseidon/workflows/casa-wind-workflow-full/submit/poseidon/pegasus/casa-wind-full/run0343/00/03/register_condorpool_3_1.in",2.6,0,0,,,,,,,,,
register_condorpool_3_0,None,auxiliary,0,1694443668.0,,,1694443678.0,,,0.0,1694443678.0,1694443683.0,,,0.0,1694443683.0,1694443688.0,10.0,,0.0,5.0,5.0,,,,,poseidon,local,poseidon-submit,pegasus::rc-client,/mnt/poseidon-data/poseidon/pegasus-5.1.0panorama/bin/pegasus-rc-client,"-n pegasus::rc-client -N null -R local  -L casa-wind-full -T 2023-09-08T07:29:05+00:00 /home/poseidon/pegasus-5.1.0panorama/bin/pegasus-rc-client --prefix pegasus.catalog.replica.output --conf /mnt/poseidon-data/poseidon/workflows/casa-wind-workflow-full/submit/poseidon/pegasus/casa-wind-full/run0343/pegasus.2502614809876402630.properties -v --meta /mnt/poseidon-data/poseidon/workflows/casa-wind-workflow-full/submit/poseidon/pegasus/casa-wind-full/run0343/00/02/point_alert_ID0000125.meta,/mnt/poseidon-data/poseidon/workflows/casa-wind-workflow-full/submit/poseidon/pegasus/casa-wind-full/run0343/00/02/point_alert_ID0000095.meta,/mnt/poseidon-data/poseidon/workflows/casa-wind-workflow-full/submit/poseidon/pegasus/casa-wind-full/run0343/00/03/point_alert_ID0000060.meta,/mnt/poseidon-data/poseidon/workflows/casa-wind-workflow-full/submit/poseidon/pegasus/casa-wind-full/run0343/00/02/point_alert_ID0000030.meta,/mnt/poseidon-data/poseidon/workflows/casa-wind-workflow-full/submit/poseidon/pegasus/casa-wind-full/run0343/00/02/point_alert_ID0000025.meta,/mnt/poseidon-data/poseidon/workflows/casa-wind-workflow-full/submit/poseidon/pegasus/casa-wind-full/run0343/00/03/point_alert_ID0000045.meta,/mnt/poseidon-data/poseidon/workflows/casa-wind-workflow-full/submit/poseidon/pegasus/casa-wind-full/run0343/00/02/point_alert_ID0000130.meta,/mnt/poseidon-data/poseidon/workflows/casa-wind-workflow-full/submit/poseidon/pegasus/casa-wind-full/run0343/00/02/point_alert_ID0000070.meta,/mnt/poseidon-data/poseidon/workflows/casa-wind-workflow-full/submit/poseidon/pegasus/casa-wind-full/run0343/00/02/point_alert_ID0000080.meta --insert /mnt/poseidon-data/poseidon/workflows/casa-wind-workflow-full/submit/poseidon/pegasus/casa-wind-full/run0343/00/03/register_condorpool_3_0.in",2.6,0,0,,,,,,,,,
cleanup_casa-wind-full_0_condorpool,None,auxiliary,0,1694443673.0,,,1694443678.0,,,0.0,1694443678.0,1694443683.0,,,0.0,1694443683.0,1694443688.0,5.0,,0.0,5.0,5.0,,,,,poseidon,local,poseidon-submit,pegasus::cleanup,/mnt/poseidon-data/poseidon/pegasus-5.1.0panorama/bin/pegasus-transfer,pegasus-kickstart  -n pegasus::cleanup -N null -i - -R local  -L casa-wind-full -T 2023-09-08T07:29:05+00:00 pegasus-transfer,0.2,0,0,,,,,,,,,
register_condorpool_3_2,None,auxiliary,0,1694443673.0,,,1694443688.0,,,0.0,1694443689.0,1694443693.0,,,0.0,1694443693.0,1694443698.0,15.0,,1.0,4.0,5.0,,,,,poseidon,local,poseidon-submit,pegasus::rc-client,/mnt/poseidon-data/poseidon/pegasus-5.1.0panorama/bin/pegasus-rc-client,"-n pegasus::rc-client -N null -R local  -L casa-wind-full -T 2023-09-08T07:29:05+00:00 /home/poseidon/pegasus-5.1.0panorama/bin/pegasus-rc-client --prefix pegasus.catalog.replica.output --conf /mnt/poseidon-data/poseidon/workflows/casa-wind-workflow-full/submit/poseidon/pegasus/casa-wind-full/run0343/pegasus.2502614809876402630.properties -v --meta /mnt/poseidon-data/poseidon/workflows/casa-wind-workflow-full/submit/poseidon/pegasus/casa-wind-full/run0343/00/03/point_alert_ID0000110.meta,/mnt/poseidon-data/poseidon/workflows/casa-wind-workflow-full/submit/poseidon/pegasus/casa-wind-full/run0343/00/03/point_alert_ID0000055.meta,/mnt/poseidon-data/poseidon/workflows/casa-wind-workflow-full/submit/poseidon/pegasus/casa-wind-full/run0343/00/02/point_alert_ID0000115.meta,/mnt/poseidon-data/poseidon/workflows/casa-wind-workflow-full/submit/poseidon/pegasus/casa-wind-full/run0343/00/02/point_alert_ID0000120.meta,/mnt/poseidon-data/poseidon/workflows/casa-wind-workflow-full/submit/poseidon/pegasus/casa-wind-full/run0343/00/02/point_alert_ID0000035.meta,/mnt/poseidon-data/poseidon/workflows/casa-wind-workflow-full/submit/poseidon/pegasus/casa-wind-full/run0343/00/02/point_alert_ID0000015.meta,/mnt/poseidon-data/poseidon/workflows/casa-wind-workflow-full/submit/poseidon/pegasus/casa-wind-full/run0343/00/02/point_alert_ID0000065.meta,/mnt/poseidon-data/poseidon/workflows/casa-wind-workflow-full/submit/poseidon/pegasus/casa-wind-full/run0343/00/02/point_alert_ID0000005.meta --insert /mnt/poseidon-data/poseidon/workflows/casa-wind-workflow-full/submit/poseidon/pegasus/casa-wind-full/run0343/00/03/register_condorpool_3_2.in",2.5,0,0,,,,,,,,,
