,anomaly_type,type,is_clustered,ready,pre_script_start,pre_script_end,submit,stage_in_start,stage_in_end,stage_in_effective_bytes_per_sec,execute_start,execute_end,stage_out_start,stage_out_end,stage_out_effective_bytes_per_sec,post_script_start,post_script_end,wms_delay,pre_script_delay,queue_delay,runtime,post_script_delay,stage_in_delay,stage_in_bytes,stage_out_delay,stage_out_bytes,kickstart_user,kickstart_site,kickstart_hostname,kickstart_transformations,kickstart_executables,kickstart_executables_argv,kickstart_executables_cpu_time,kickstart_status,kickstart_executables_exitcode,kickstart_online_iowait,kickstart_online_bytes_read,kickstart_online_bytes_written,kickstart_online_read_system_calls,kickstart_online_write_system_calls,kickstart_online_utime,kickstart_online_stime,kickstart_online_bytes_read_per_second,kickstart_online_bytes_written_per_second
create_dir_casa-wind-full_0_condorpool,None,auxiliary,0,1694353802.0,,,1694353803.0,,,0.0,1694353806.0,1694353813.0,,,0.0,1694353813.0,1694353818.0,1.0,,3.0,7.0,5.0,,,,,poseidon,local,poseidon-submit,pegasus::dirmanager,/mnt/poseidon-data/poseidon/pegasus-5.1.0panorama/bin/pegasus-transfer,pegasus-kickstart  -n pegasus::dirmanager -N null -i - -R local  -L casa-wind-full -T 2023-09-08T07:29:05+00:00 pegasus-transfer,0.2,0,0,,,,,,,,,
unzip_ID0000006,None,compute,0,1694353818.0,,,1694353823.0,1694353834.0,1694353842.0,27435229.0,1694353832.0,1694353873.0,1694353854.0,1694353865.0,49150597.0,1694353873.0,1694353878.0,5.0,,9.0,41.0,5.0,8.0,222753803.0,11.0,501616588.0,poseidon,condorpool,poseidon-worker-2-container-36-39,unzip,/usr/bin/gunzip,,3.9,0,0,,,,,,,,,
unzip_ID0000046,None,compute,0,1694353818.0,,,1694353823.0,1694353834.0,1694353843.0,25496300.0,1694353833.0,1694353883.0,1694353856.0,1694353873.0,32269555.0,1694353883.0,1694353888.0,5.0,,10.0,50.0,5.0,9.0,229692821.0,17.0,523855228.0,poseidon,condorpool,poseidon-worker-2-container-4-7,unzip,/usr/bin/gunzip,,4.1,0,0,,,,,,,,,
unzip_ID0000101,None,compute,0,1694353818.0,,,1694353823.0,1694353834.0,1694353844.0,24654073.0,1694353832.0,1694353888.0,1694353857.0,1694353880.0,25286764.0,1694353888.0,1694353893.0,5.0,,9.0,56.0,5.0,10.0,250988249.0,23.0,561551644.0,poseidon,condorpool,poseidon-worker-2-container-8-11,unzip,/usr/bin/gunzip,,4.4,0,0,,,,,,,,,
unzip_ID0000026,None,compute,0,1694353818.0,,,1694353823.0,1694353835.0,1694353843.0,27534599.0,1694353833.0,1694353873.0,1694353856.0,1694353867.0,46529878.0,1694353873.0,1694353878.0,5.0,,10.0,40.0,5.0,8.0,227963832.0,11.0,523917888.0,poseidon,condorpool,poseidon-worker-2-container-0-3,unzip,/usr/bin/gunzip,,4.1,0,0,,,,,,,,,
unzip_ID0000126,None,compute,0,1694353818.0,,,1694353823.0,1694353835.0,1694353843.0,29373930.0,1694353833.0,1694353878.0,1694353856.0,1694353871.0,35668006.0,1694353878.0,1694353883.0,5.0,,10.0,45.0,5.0,8.0,249343892.0,15.0,520618424.0,poseidon,condorpool,poseidon-worker-2-container-16-19,unzip,/usr/bin/gunzip,,4.2,0,0,,,,,,,,,
unzip_ID0000031,None,compute,0,1694353818.0,,,1694353823.0,1694353834.0,1694353843.0,26796063.0,1694353832.0,1694353873.0,1694353855.0,1694353866.0,48186287.0,1694353873.0,1694353878.0,5.0,,9.0,41.0,5.0,9.0,237517035.0,11.0,539438752.0,poseidon,condorpool,poseidon-worker-2-container-24-27,unzip,/usr/bin/gunzip,,4.1,0,0,,,,,,,,,
unzip_ID0000076,None,compute,0,1694353818.0,,,1694353823.0,1694353834.0,1694353842.0,27763534.0,1694353832.0,1694353878.0,1694353856.0,1694353868.0,43541841.0,1694353878.0,1694353883.0,5.0,,9.0,46.0,5.0,8.0,233747923.0,12.0,523942844.0,poseidon,condorpool,poseidon-worker-1-container-12-15,unzip,/usr/bin/gunzip,,4.1,0,0,,,,,,,,,
unzip_ID0000011,None,compute,0,1694353818.0,,,1694353823.0,1694353834.0,1694353843.0,26494766.0,1694353833.0,1694353888.0,1694353857.0,1694353879.0,25357636.0,1694353888.0,1694353893.0,5.0,,10.0,55.0,5.0,9.0,235998389.0,22.0,565205920.0,poseidon,condorpool,poseidon-worker-1-container-32-35,unzip,/usr/bin/gunzip,,4.2,0,0,,,,,,,,,
unzip_ID0000056,None,compute,0,1694353818.0,,,1694353823.0,1694353834.0,1694353842.0,28839704.0,1694353832.0,1694353873.0,1694353854.0,1694353864.0,53304878.0,1694353873.0,1694353878.0,5.0,,9.0,41.0,5.0,8.0,232139969.0,10.0,528026776.0,poseidon,condorpool,poseidon-worker-2-container-20-23,unzip,/usr/bin/gunzip,,4.0,0,0,,,,,,,,,
unzip_ID0000111,None,compute,0,1694353818.0,,,1694353823.0,1694353834.0,1694353843.0,28244599.0,1694353832.0,1694353883.0,1694353857.0,1694353873.0,35500700.0,1694353883.0,1694353888.0,5.0,,9.0,51.0,5.0,9.0,256320311.0,16.0,567950764.0,poseidon,condorpool,poseidon-worker-2-container-12-15,unzip,/usr/bin/gunzip,,4.4,0,0,,,,,,,,,
unzip_ID0000071,None,compute,0,1694353818.0,,,1694353823.0,1694353834.0,1694353843.0,27333358.0,1694353832.0,1694353883.0,1694353857.0,1694353872.0,34327075.0,1694353883.0,1694353888.0,5.0,,9.0,51.0,5.0,9.0,240896692.0,15.0,539506600.0,poseidon,condorpool,poseidon-worker-1-container-4-7,unzip,/usr/bin/gunzip,,4.2,0,0,,,,,,,,,
unzip_ID0000051,None,compute,0,1694353818.0,,,1694353823.0,1694353834.0,1694353844.0,25265791.0,1694353832.0,1694353888.0,1694353857.0,1694353881.0,22577078.0,1694353888.0,1694353893.0,5.0,,9.0,56.0,5.0,10.0,239630266.0,24.0,544301296.0,poseidon,condorpool,poseidon-worker-2-container-36-39,unzip,/usr/bin/gunzip,,4.2,0,0,,,,,,,,,
unzip_ID0000106,None,compute,0,1694353818.0,,,1694353823.0,1694353838.0,1694353847.0,27379834.0,1694353837.0,1694353883.0,1694353861.0,1694353876.0,33089941.0,1694353883.0,1694353888.0,5.0,,14.0,46.0,5.0,9.0,241199298.0,15.0,501821816.0,poseidon,condorpool,poseidon-worker-1-container-44-47,unzip,/usr/bin/gunzip,,4.1,0,0,,,,,,,,,
unzip_ID0000091,None,compute,0,1694353818.0,,,1694353823.0,1694353834.0,1694353844.0,25012564.0,1694353832.0,1694353878.0,1694353857.0,1694353872.0,37283230.0,1694353878.0,1694353883.0,5.0,,9.0,46.0,5.0,10.0,246447087.0,15.0,539109992.0,poseidon,condorpool,poseidon-worker-1-container-40-43,unzip,/usr/bin/gunzip,,4.2,0,0,,,,,,,,,
unzip_ID0000081,None,compute,0,1694353818.0,,,1694353823.0,1694353834.0,1694353843.0,27072588.0,1694353832.0,1694353878.0,1694353856.0,1694353872.0,33715783.0,1694353878.0,1694353883.0,5.0,,9.0,46.0,5.0,9.0,245619741.0,16.0,543190672.0,poseidon,condorpool,poseidon-worker-1-container-44-47,unzip,/usr/bin/gunzip,,4.2,0,0,,,,,,,,,
unzip_ID0000041,cpu_2,compute,0,1694353818.0,,,1694353823.0,1694353835.0,1694353844.0,26072622.0,1694353833.0,1694353878.0,1694353857.0,1694353872.0,36029613.0,1694353878.0,1694353883.0,5.0,,10.0,45.0,5.0,9.0,238944758.0,15.0,540768928.0,poseidon,condorpool,poseidon-worker-2-container-40-43,unzip,/usr/bin/gunzip,,4.2,0,0,,,,,,,,,
unzip_ID0000061,None,compute,0,1694353818.0,,,1694353823.0,1694353834.0,1694353843.0,26603141.0,1694353832.0,1694353883.0,1694353856.0,1694353873.0,32193211.0,1694353883.0,1694353888.0,5.0,,9.0,51.0,5.0,9.0,240463185.0,17.0,541945820.0,poseidon,condorpool,poseidon-worker-2-container-44-47,unzip,/usr/bin/gunzip,,4.2,0,0,,,,,,,,,
unzip_ID0000121,None,compute,0,1694353818.0,,,1694353823.0,1694353834.0,1694353844.0,26671062.0,1694353833.0,1694353888.0,1694353857.0,1694353879.0,25445496.0,1694353888.0,1694353893.0,5.0,,10.0,55.0,5.0,10.0,250860096.0,22.0,550782944.0,poseidon,condorpool,poseidon-worker-1-container-20-23,unzip,/usr/bin/gunzip,,4.2,0,0,,,,,,,,,
unzip_ID0000066,None,compute,0,1694353818.0,,,1694353823.0,1694353834.0,1694353842.0,27770126.0,1694353832.0,1694353873.0,1694353854.0,1694353864.0,52848498.0,1694353873.0,1694353878.0,5.0,,9.0,41.0,5.0,8.0,232031705.0,10.0,523661496.0,poseidon,condorpool,poseidon-worker-2-container-32-35,unzip,/usr/bin/gunzip,,4.1,0,0,,,,,,,,,
unzip_ID0000001,cpu_2,compute,0,1694353818.0,,,1694353823.0,1694353834.0,1694353843.0,25549865.0,1694353832.0,1694353878.0,1694353856.0,1694353871.0,37720160.0,1694353878.0,1694353883.0,5.0,,9.0,46.0,5.0,9.0,232473216.0,15.0,561354992.0,poseidon,condorpool,poseidon-worker-2-container-28-31,unzip,/usr/bin/gunzip,,4.2,0,0,,,,,,,,,
unzip_ID0000086,None,compute,0,1694353818.0,,,1694353823.0,1694353834.0,1694353843.0,25784397.0,1694353832.0,1694353878.0,1694353856.0,1694353872.0,32736926.0,1694353878.0,1694353883.0,5.0,,9.0,46.0,5.0,9.0,234836668.0,16.0,518838800.0,poseidon,condorpool,poseidon-worker-1-container-16-19,unzip,/usr/bin/gunzip,,4.1,0,0,,,,,,,,,
unzip_ID0000016,None,compute,0,1694353818.0,,,1694353823.0,1694353834.0,1694353842.0,27363601.0,1694353832.0,1694353873.0,1694353855.0,1694353866.0,47420634.0,1694353873.0,1694353878.0,5.0,,9.0,41.0,5.0,8.0,225238888.0,11.0,523826084.0,poseidon,condorpool,poseidon-worker-1-container-36-39,unzip,/usr/bin/gunzip,,4.0,0,0,,,,,,,,,
unzip_ID0000036,None,compute,0,1694353818.0,,,1694353823.0,1694353834.0,1694353842.0,26833770.0,1694353832.0,1694353873.0,1694353855.0,1694353865.0,50546259.0,1694353873.0,1694353878.0,5.0,,9.0,41.0,5.0,8.0,232020704.0,10.0,526952240.0,poseidon,condorpool,poseidon-worker-1-container-8-11,unzip,/usr/bin/gunzip,,3.9,0,0,,,,,,,,,
unzip_ID0000116,None,compute,0,1694353818.0,,,1694353823.0,1694353834.0,1694353844.0,25049869.0,1694353833.0,1694353888.0,1694353859.0,1694353880.0,24557010.0,1694353888.0,1694353893.0,5.0,,10.0,55.0,5.0,10.0,249255741.0,21.0,520850676.0,poseidon,condorpool,poseidon-worker-1-container-24-27,unzip,/usr/bin/gunzip,,4.2,0,0,,,,,,,,,
unzip_ID0000021,None,compute,0,1694353818.0,,,1694353823.0,1694353834.0,1694353843.0,26897842.0,1694353832.0,1694353878.0,1694353856.0,1694353871.0,35106817.0,1694353878.0,1694353883.0,5.0,,9.0,46.0,5.0,9.0,235136662.0,15.0,539178100.0,poseidon,condorpool,poseidon-worker-1-container-28-31,unzip,/usr/bin/gunzip,,4.1,0,0,,,,,,,,,
unzip_ID0000096,None,compute,0,1694353818.0,,,1694353823.0,1694353833.0,1694353843.0,26427984.0,1694353832.0,1694353878.0,1694353856.0,1694353868.0,43541020.0,1694353878.0,1694353883.0,5.0,,9.0,46.0,5.0,10.0,240753402.0,12.0,524013876.0,poseidon,condorpool,poseidon-worker-1-container-0-3,unzip,/usr/bin/gunzip,,4.0,0,0,,,,,,,,,
um_vel_ID0000017,None,compute,0,1694353878.0,,,1694353883.0,1694353886.0,1694353904.0,57262092.8,1694353885.0,1694353923.0,1694353913.0,1694353916.0,172098.0,1694353923.0,1694353928.0,5.0,,2.0,38.0,5.0,18.0,700412836.0,3.0,556900.0,poseidon,condorpool,poseidon-worker-1-container-16-19,um_vel,/opt/UM_VEL/UM_VEL,,1.8,0,0,,,,,,,,,
um_vel_ID0000027,None,compute,0,1694353878.0,,,1694353883.0,1694353886.0,1694353907.0,45779840.7,1694353885.0,1694353928.0,1694353916.0,1694353919.0,172407.0,1694353928.0,1694353933.0,5.0,,2.0,43.0,5.0,21.0,700504640.0,3.0,556900.0,poseidon,condorpool,poseidon-worker-1-container-40-43,um_vel,/opt/UM_VEL/UM_VEL,,1.7,0,0,,,,,,,,,
um_vel_ID0000032,None,compute,0,1694353878.0,,,1694353883.0,1694353886.0,1694353907.0,46743043.6,1694353885.0,1694353928.0,1694353916.0,1694353919.0,174880.0,1694353928.0,1694353933.0,5.0,,2.0,43.0,5.0,21.0,716025504.0,3.0,556900.0,poseidon,condorpool,poseidon-worker-2-container-16-19,um_vel,/opt/UM_VEL/UM_VEL,,1.7,0,0,,,,,,,,,
um_vel_ID0000057,None,compute,0,1694353878.0,,,1694353883.0,1694353886.0,1694353907.0,48599819.6,1694353885.0,1694353928.0,1694353915.0,1694353918.0,173315.0,1694353928.0,1694353933.0,5.0,,2.0,43.0,5.0,21.0,704613528.0,3.0,556900.0,poseidon,condorpool,poseidon-worker-2-container-12-15,um_vel,/opt/UM_VEL/UM_VEL,,1.7,0,0,,,,,,,,,
um_vel_ID0000037,None,compute,0,1694353878.0,,,1694353883.0,1694353886.0,1694353905.0,53190929.5,1694353885.0,1694353923.0,1694353914.0,1694353917.0,177772.0,1694353923.0,1694353928.0,5.0,,2.0,38.0,5.0,19.0,703538992.0,3.0,556900.0,poseidon,condorpool,poseidon-worker-2-container-32-35,um_vel,/opt/UM_VEL/UM_VEL,,1.8,0,0,,,,,,,,,
um_vel_ID0000067,None,compute,0,1694353878.0,,,1694353883.0,1694353886.0,1694353905.0,53316703.5,1694353885.0,1694353923.0,1694353914.0,1694353917.0,174592.0,1694353923.0,1694353928.0,5.0,,2.0,38.0,5.0,19.0,700248248.0,3.0,556900.0,poseidon,condorpool,poseidon-worker-1-container-8-11,um_vel,/opt/UM_VEL/UM_VEL,,1.8,0,0,,,,,,,,,
um_vel_ID0000007,None,compute,0,1694353878.0,,,1694353883.0,1694353886.0,1694353907.0,46000811.6,1694353885.0,1694353928.0,1694353915.0,1694353919.0,176385.0,1694353928.0,1694353933.0,5.0,,2.0,43.0,5.0,21.0,678203340.0,4.0,556900.0,poseidon,condorpool,poseidon-worker-2-container-20-23,um_vel,/opt/UM_VEL/UM_VEL,,1.7,0,0,,,,,,,,,
um_vel_ID0000022,cpu_2,compute,0,1694353883.0,,,1694353888.0,1694353891.0,1694353911.0,50073836.7,1694353890.0,1694353933.0,1694353920.0,1694353923.0,178766.0,1694353933.0,1694353938.0,5.0,,2.0,43.0,5.0,20.0,715764852.0,3.0,556900.0,poseidon,condorpool,poseidon-worker-2-container-40-43,um_vel,/opt/UM_VEL/UM_VEL,,1.7,0,0,,,,,,,,,
um_vel_ID0000087,None,compute,0,1694353883.0,,,1694353888.0,1694353891.0,1694353913.0,42707760.4,1694353889.0,1694353933.0,1694353922.0,1694353925.0,173585.0,1694353933.0,1694353938.0,5.0,,1.0,44.0,5.0,22.0,695425552.0,3.0,556900.0,poseidon,condorpool,poseidon-worker-1-container-44-47,um_vel,/opt/UM_VEL/UM_VEL,,1.7,0,0,,,,,,,,,
um_vel_ID0000002,None,compute,0,1694353883.0,,,1694353888.0,1694353891.0,1694353915.0,39436527.3,1694353890.0,1694353938.0,1694353925.0,1694353928.0,176344.0,1694353938.0,1694353943.0,5.0,,2.0,48.0,5.0,24.0,737941744.0,3.0,556900.0,poseidon,condorpool,poseidon-worker-2-container-0-3,um_vel,/opt/UM_VEL/UM_VEL,,1.8,0,0,,,,,,,,,
um_vel_ID0000127,None,compute,0,1694353883.0,,,1694353888.0,1694353891.0,1694353910.0,50873191.2,1694353889.0,1694353928.0,1694353919.0,1694353922.0,174041.0,1694353928.0,1694353933.0,5.0,,1.0,39.0,5.0,19.0,697205176.0,3.0,556900.0,poseidon,condorpool,poseidon-worker-1-container-12-15,um_vel,/opt/UM_VEL/UM_VEL,,1.7,0,0,,,,,,,,,
um_vel_ID0000092,None,compute,0,1694353883.0,,,1694353888.0,1694353891.0,1694353911.0,48960600.9,1694353889.0,1694353928.0,1694353920.0,1694353923.0,175760.0,1694353928.0,1694353933.0,5.0,,1.0,39.0,5.0,20.0,715696744.0,3.0,556900.0,poseidon,condorpool,poseidon-worker-1-container-36-39,um_vel,/opt/UM_VEL/UM_VEL,,1.7,0,0,,,,,,,,,
um_vel_ID0000097,None,compute,0,1694353883.0,,,1694353888.0,1694353891.0,1694353913.0,43818993.8,1694353889.0,1694353933.0,1694353921.0,1694353925.0,175665.0,1694353933.0,1694353938.0,5.0,,1.0,44.0,5.0,22.0,700600628.0,4.0,556900.0,poseidon,condorpool,poseidon-worker-2-container-8-11,um_vel,/opt/UM_VEL/UM_VEL,,1.7,0,0,,,,,,,,,
um_vel_ID0000082,None,compute,0,1694353883.0,,,1694353888.0,1694353892.0,1694353911.0,52401637.2,1694353890.0,1694353933.0,1694353920.0,1694353923.0,172131.0,1694353933.0,1694353938.0,5.0,,2.0,43.0,5.0,19.0,719777424.0,3.0,556900.0,poseidon,condorpool,poseidon-worker-2-container-36-39,um_vel,/opt/UM_VEL/UM_VEL,,1.7,0,0,,,,,,,,,
um_vel_ID0000077,None,compute,0,1694353883.0,,,1694353888.0,1694353891.0,1694353912.0,46642376.9,1694353889.0,1694353933.0,1694353920.0,1694353924.0,176205.0,1694353933.0,1694353938.0,5.0,,1.0,44.0,5.0,21.0,700529596.0,4.0,556900.0,poseidon,condorpool,poseidon-worker-1-container-20-23,um_vel,/opt/UM_VEL/UM_VEL,,1.8,0,0,,,,,,,,,
um_vel_ID0000042,None,compute,0,1694353883.0,,,1694353888.0,1694353891.0,1694353915.0,39485283.7,1694353890.0,1694353938.0,1694353924.0,1694353927.0,175640.0,1694353938.0,1694353943.0,5.0,,2.0,48.0,5.0,24.0,717355680.0,3.0,556900.0,poseidon,condorpool,poseidon-worker-2-container-44-47,um_vel,/opt/UM_VEL/UM_VEL,,1.7,0,0,,,,,,,,,
um_vel_ID0000107,cpu_2,compute,0,1694353888.0,,,1694353893.0,1694353896.0,1694353915.0,53523090.5,1694353894.0,1694353933.0,1694353924.0,1694353927.0,176738.0,1694353933.0,1694353938.0,5.0,,1.0,39.0,5.0,19.0,678408568.0,3.0,556900.0,poseidon,condorpool,poseidon-worker-2-container-28-31,um_vel,/opt/UM_VEL/UM_VEL,,1.7,0,0,,,,,,,,,
um_vel_ID0000072,None,compute,0,1694353888.0,,,1694353893.0,1694353896.0,1694353916.0,49972989.7,1694353894.0,1694353938.0,1694353926.0,1694353929.0,178008.0,1694353938.0,1694353943.0,5.0,,1.0,44.0,5.0,20.0,716093352.0,3.0,556900.0,poseidon,condorpool,poseidon-worker-2-container-4-7,um_vel,/opt/UM_VEL/UM_VEL,,1.7,0,0,,,,,,,,,
um_vel_ID0000112,None,compute,0,1694353888.0,,,1694353893.0,1694353896.0,1694353916.0,51503645.5,1694353894.0,1694353938.0,1694353925.0,1694353928.0,174837.0,1694353938.0,1694353943.0,5.0,,1.0,44.0,5.0,20.0,744537516.0,3.0,556900.0,poseidon,condorpool,poseidon-worker-1-container-0-3,um_vel,/opt/UM_VEL/UM_VEL,,1.8,0,0,,,,,,,,,
um_vel_ID0000062,None,compute,0,1694353888.0,,,1694353893.0,1694353896.0,1694353917.0,47871513.8,1694353894.0,1694353938.0,1694353925.0,1694353929.0,177140.0,1694353938.0,1694353943.0,5.0,,1.0,44.0,5.0,21.0,718532572.0,4.0,556900.0,poseidon,condorpool,poseidon-worker-1-container-32-35,um_vel,/opt/UM_VEL/UM_VEL,,1.7,0,0,,,,,,,,,
um_vel_ID0000047,None,compute,0,1694353888.0,,,1694353893.0,1694353896.0,1694353916.0,50686664.7,1694353894.0,1694353938.0,1694353924.0,1694353928.0,174709.0,1694353938.0,1694353943.0,5.0,,1.0,44.0,5.0,20.0,700441980.0,4.0,556900.0,poseidon,condorpool,poseidon-worker-1-container-44-47,um_vel,/opt/UM_VEL/UM_VEL,,1.7,0,0,,,,,,,,,
stage_out_local_condorpool_0_1,None,transfer,0,1694353893.0,,,1694353898.0,,,0.0,1694353899.0,1694353933.0,,,0.0,1694353933.0,1694353938.0,5.0,,1.0,34.0,5.0,,,,,poseidon,local,poseidon-submit,pegasus::transfer,/mnt/poseidon-data/poseidon/pegasus-5.1.0panorama/bin/pegasus-transfer,/home/poseidon/pegasus-5.1.0panorama/bin/../bin/pegasus-kickstart  -n pegasus::transfer -N null -i - -R local  -L casa-wind-full -T 2023-09-08T07:29:05+00:00 /home/poseidon/pegasus-5.1.0panorama/bin/../bin/pegasus-transfer  --threads 2,35.6,0,0,,,,,,,,,
stage_out_local_condorpool_0_2,None,transfer,0,1694353893.0,,,1694353898.0,,,0.0,1694353899.0,1694353933.0,,,0.0,1694353933.0,1694353938.0,5.0,,1.0,34.0,5.0,,,,,poseidon,local,poseidon-submit,pegasus::transfer,/mnt/poseidon-data/poseidon/pegasus-5.1.0panorama/bin/pegasus-transfer,/home/poseidon/pegasus-5.1.0panorama/bin/../bin/pegasus-kickstart  -n pegasus::transfer -N null -i - -R local  -L casa-wind-full -T 2023-09-08T07:29:05+00:00 /home/poseidon/pegasus-5.1.0panorama/bin/../bin/pegasus-transfer  --threads 2,36.0,0,0,,,,,,,,,
stage_out_local_condorpool_0_0,None,transfer,0,1694353893.0,,,1694353898.0,,,0.0,1694353899.0,1694353933.0,,,0.0,1694353933.0,1694353938.0,5.0,,1.0,34.0,5.0,,,,,poseidon,local,poseidon-submit,pegasus::transfer,/mnt/poseidon-data/poseidon/pegasus-5.1.0panorama/bin/pegasus-transfer,/home/poseidon/pegasus-5.1.0panorama/bin/../bin/pegasus-kickstart  -n pegasus::transfer -N null -i - -R local  -L casa-wind-full -T 2023-09-08T07:29:05+00:00 /home/poseidon/pegasus-5.1.0panorama/bin/../bin/pegasus-transfer  --threads 2,36.1,0,0,,,,,,,,,
um_vel_ID0000052,None,compute,0,1694353893.0,,,1694353898.0,1694353906.0,1694353926.0,51960879.8,1694353905.0,1694353948.0,1694353935.0,1694353938.0,178357.0,1694353948.0,1694353953.0,5.0,,7.0,43.0,5.0,20.0,720888048.0,3.0,556900.0,poseidon,condorpool,poseidon-worker-1-container-44-47,um_vel,/opt/UM_VEL/UM_VEL,,1.7,0,0,,,,,,,,,
um_vel_ID0000012,None,compute,0,1694353893.0,,,1694353898.0,1694353901.0,1694353921.0,51261494.3,1694353900.0,1694353943.0,1694353930.0,1694353933.0,179359.0,1694353943.0,1694353948.0,5.0,,2.0,43.0,5.0,20.0,741792672.0,3.0,556900.0,poseidon,condorpool,poseidon-worker-1-container-28-31,um_vel,/opt/UM_VEL/UM_VEL,,1.7,0,0,,,,,,,,,
um_vel_ID0000117,None,compute,0,1694353893.0,,,1694353898.0,1694353901.0,1694353921.0,51087711.3,1694353900.0,1694353938.0,1694353930.0,1694353933.0,179639.0,1694353938.0,1694353943.0,5.0,,2.0,38.0,5.0,20.0,697437428.0,3.0,556900.0,poseidon,condorpool,poseidon-worker-1-container-24-27,um_vel,/opt/UM_VEL/UM_VEL,,1.7,0,0,,,,,,,,,
um_vel_ID0000122,None,compute,0,1694353893.0,,,1694353898.0,1694353901.0,1694353923.0,47303366.7,1694353900.0,1694353943.0,1694353931.0,1694353934.0,178971.0,1694353943.0,1694353948.0,5.0,,2.0,43.0,5.0,22.0,727369696.0,3.0,556900.0,poseidon,condorpool,poseidon-worker-2-container-36-39,um_vel,/opt/UM_VEL/UM_VEL,,1.7,0,0,,,,,,,,,
um_vel_ID0000102,None,compute,0,1694353893.0,,,1694353898.0,1694353901.0,1694353924.0,43784079.2,1694353900.0,1694353943.0,1694353933.0,1694353936.0,178195.0,1694353943.0,1694353948.0,5.0,,2.0,43.0,5.0,23.0,738138396.0,3.0,556900.0,poseidon,condorpool,poseidon-worker-1-container-4-7,um_vel,/opt/UM_VEL/UM_VEL,,1.7,0,0,,,,,,,,,
post_vel_ID0000038,None,compute,0,1694353928.0,,,1694353933.0,1694353936.0,1694353947.0,30003848.2,1694353934.0,1694353963.0,1694353953.0,1694353956.0,3621.0,1694353963.0,1694353968.0,5.0,,1.0,29.0,5.0,11.0,177143937.0,3.0,11227.0,poseidon,condorpool,poseidon-worker-1-container-20-23,post_vel,/opt/netcdf2png/merged_netcdf2png,,0.1,0,0,,,,,,,,,
mvt_ID0000039,None,compute,0,1694353928.0,,,1694353933.0,1694353936.0,1694353947.0,34984462.2,1694353934.0,1694354003.0,1694353992.0,1694353996.0,11085.0,1694354003.0,1694354008.0,5.0,,1.0,69.0,5.0,11.0,177143652.0,4.0,34386.0,poseidon,condorpool,poseidon-worker-2-container-8-11,mvt,/opt/mvt/mvt,,40.3,0,0,0.0,795639.0,16384.0,443.0,4.0,39.8,0.2,19891.0,819.2
post_vel_ID0000018,None,compute,0,1694353928.0,,,1694353933.0,1694353936.0,1694353947.0,29643348.0,1694353934.0,1694353963.0,1694353952.0,1694353955.0,3723.0,1694353963.0,1694353968.0,5.0,,1.0,29.0,5.0,11.0,177143937.0,3.0,11645.0,poseidon,condorpool,poseidon-worker-2-container-32-35,post_vel,/opt/netcdf2png/merged_netcdf2png,,0.1,0,0,,,,,,,,,
mvt_ID0000019,None,compute,0,1694353928.0,,,1694353933.0,1694353936.0,1694353947.0,34929381.0,1694353934.0,1694354003.0,1694353992.0,1694353995.0,11667.0,1694354003.0,1694354008.0,5.0,,1.0,69.0,5.0,11.0,177143652.0,3.0,36245.0,poseidon,condorpool,poseidon-worker-1-container-16-19,mvt,/opt/mvt/mvt,,40.3,0,0,0.0,794298.0,20480.0,440.0,5.0,39.9,0.1,19857.4,1024.0
mvt_ID0000069,None,compute,0,1694353928.0,,,1694353933.0,1694353936.0,1694353947.0,34759206.4,1694353934.0,1694354003.0,1694353992.0,1694353995.0,11369.0,1694354003.0,1694354008.0,5.0,,1.0,69.0,5.0,11.0,177143652.0,3.0,35309.0,poseidon,condorpool,poseidon-worker-2-container-16-19,mvt,/opt/mvt/mvt,,40.3,0,0,0.0,795684.0,16384.0,443.0,4.0,39.8,0.2,19892.1,819.2
post_vel_ID0000068,None,compute,0,1694353928.0,,,1694353933.0,1694353936.0,1694353947.0,35099458.8,1694353934.0,1694353963.0,1694353952.0,1694353955.0,3621.0,1694353963.0,1694353968.0,5.0,,1.0,29.0,5.0,11.0,177143937.0,3.0,11398.0,poseidon,condorpool,poseidon-worker-2-container-12-15,post_vel,/opt/netcdf2png/merged_netcdf2png,,0.1,0,0,,,,,,,,,
post_vel_ID0000058,None,compute,0,1694353933.0,,,1694353938.0,1694353941.0,1694353953.0,29895296.6,1694353940.0,1694353968.0,1694353959.0,1694353962.0,3264.0,1694353968.0,1694353973.0,5.0,,2.0,28.0,5.0,12.0,177143937.0,3.0,10981.0,poseidon,condorpool,poseidon-worker-2-container-36-39,post_vel,/opt/netcdf2png/merged_netcdf2png,,0.1,0,0,,,,,,,,,
post_vel_ID0000028,cpu_2,compute,0,1694353933.0,,,1694353938.0,1694353942.0,1694353953.0,28585281.7,1694353940.0,1694353973.0,1694353960.0,1694353963.0,3630.0,1694353973.0,1694353978.0,5.0,,2.0,33.0,5.0,11.0,177143937.0,3.0,11529.0,poseidon,condorpool,poseidon-worker-2-container-28-31,post_vel,/opt/netcdf2png/merged_netcdf2png,,0.1,0,0,,,,,,,,,
mvt_ID0000029,None,compute,0,1694353933.0,,,1694353938.0,1694353942.0,1694353954.0,31468649.8,1694353940.0,1694354008.0,1694353999.0,1694354002.0,12264.0,1694354008.0,1694354013.0,5.0,,2.0,68.0,5.0,12.0,177143652.0,3.0,38341.0,poseidon,condorpool,poseidon-worker-1-container-44-47,mvt,/opt/mvt/mvt,,40.1,0,0,0.0,853400.0,20480.0,569.0,5.0,39.9,0.1,21335.0,1024.0
post_vel_ID0000128,None,compute,0,1694353933.0,,,1694353938.0,1694353942.0,1694353953.0,33321565.0,1694353940.0,1694353968.0,1694353959.0,1694353962.0,4673.0,1694353968.0,1694353973.0,5.0,,2.0,28.0,5.0,11.0,177143937.0,3.0,14512.0,poseidon,condorpool,poseidon-worker-1-container-36-39,post_vel,/opt/netcdf2png/merged_netcdf2png,,0.1,0,0,,,,,,,,,
post_vel_ID0000093,None,compute,0,1694353933.0,,,1694353938.0,1694353942.0,1694353954.0,27565034.3,1694353940.0,1694353973.0,1694353960.0,1694353963.0,4270.0,1694353973.0,1694353978.0,5.0,,2.0,33.0,5.0,12.0,177143937.0,3.0,13303.0,poseidon,condorpool,poseidon-worker-1-container-44-47,post_vel,/opt/netcdf2png/merged_netcdf2png,,0.1,0,0,,,,,,,,,
mvt_ID0000059,None,compute,0,1694353933.0,,,1694353938.0,1694353942.0,1694353953.0,32845117.8,1694353940.0,1694354008.0,1694353998.0,1694354001.0,9081.0,1694354008.0,1694354013.0,5.0,,2.0,68.0,5.0,11.0,177143652.0,3.0,28164.0,poseidon,condorpool,poseidon-worker-2-container-44-47,mvt,/opt/mvt/mvt,,40.1,0,0,0.0,803879.0,12288.0,461.0,3.0,39.9,0.1,20097.0,1228.8
mvt_ID0000129,None,compute,0,1694353933.0,,,1694353938.0,1694353941.0,1694353953.0,28895920.0,1694353940.0,1694354008.0,1694353998.0,1694354001.0,20707.0,1694354008.0,1694354013.0,5.0,,2.0,68.0,5.0,12.0,177143652.0,3.0,64489.0,poseidon,condorpool,poseidon-worker-2-container-0-3,mvt,/opt/mvt/mvt,,39.2,0,0,0.0,791813.0,36864.0,428.0,9.0,29.9,0.1,26393.8,3686.4
mvt_ID0000034,cpu_2,compute,0,1694353933.0,,,1694353938.0,1694353942.0,1694353953.0,33960823.6,1694353940.0,1694354008.0,1694353999.0,1694354002.0,9729.0,1694354008.0,1694354013.0,5.0,,2.0,68.0,5.0,11.0,177143652.0,3.0,30976.0,poseidon,condorpool,poseidon-worker-2-container-40-43,mvt,/opt/mvt/mvt,,40.1,0,0,0.0,803888.0,16384.0,461.0,4.0,39.5,0.1,20097.2,819.2
post_vel_ID0000033,None,compute,0,1694353933.0,,,1694353938.0,1694353941.0,1694353953.0,27456588.6,1694353940.0,1694353973.0,1694353959.0,1694353962.0,3615.0,1694353973.0,1694353978.0,5.0,,2.0,33.0,5.0,12.0,177143937.0,3.0,11464.0,poseidon,condorpool,poseidon-worker-2-container-20-23,post_vel,/opt/netcdf2png/merged_netcdf2png,,0.2,0,0,,,,,,,,,
mvt_ID0000094,None,compute,0,1694353933.0,,,1694353938.0,1694353942.0,1694353953.0,32008058.2,1694353940.0,1694354008.0,1694353998.0,1694354002.0,16504.0,1694354008.0,1694354013.0,5.0,,2.0,68.0,5.0,11.0,177143652.0,4.0,52407.0,poseidon,condorpool,poseidon-worker-1-container-12-15,mvt,/opt/mvt/mvt,,40.1,0,0,0.0,797053.0,28672.0,446.0,7.0,39.9,0.1,19926.3,1433.6
post_vel_ID0000008,None,compute,0,1694353933.0,,,1694353938.0,1694353943.0,1694353954.0,34137350.2,1694353941.0,1694353968.0,1694353959.0,1694353962.0,3544.0,1694353968.0,1694353973.0,5.0,,3.0,27.0,5.0,11.0,177143937.0,3.0,10982.0,poseidon,condorpool,poseidon-worker-1-container-40-43,post_vel,/opt/netcdf2png/merged_netcdf2png,,0.1,0,0,,,,,,,,,
mvt_ID0000009,None,compute,0,1694353933.0,,,1694353938.0,1694353942.0,1694353953.0,31110367.6,1694353940.0,1694354008.0,1694353999.0,1694354002.0,11335.0,1694354008.0,1694354013.0,5.0,,2.0,68.0,5.0,11.0,177143652.0,3.0,35429.0,poseidon,condorpool,poseidon-worker-1-container-8-11,mvt,/opt/mvt/mvt,,40.3,0,0,0.0,805198.0,20480.0,464.0,5.0,39.7,0.3,20129.9,1024.0
post_vel_ID0000078,None,compute,0,1694353938.0,,,1694353943.0,1694353946.0,1694353957.0,34912670.2,1694353944.0,1694353973.0,1694353963.0,1694353966.0,3974.0,1694353973.0,1694353978.0,5.0,,1.0,29.0,5.0,11.0,177143937.0,3.0,12264.0,poseidon,condorpool,poseidon-worker-2-container-4-7,post_vel,/opt/netcdf2png/merged_netcdf2png,,0.1,0,0,,,,,,,,,
post_vel_ID0000108,None,compute,0,1694353938.0,,,1694353943.0,1694353957.0,1694353969.0,27158574.8,1694353955.0,1694353988.0,1694353974.0,1694353977.0,4425.0,1694353988.0,1694353993.0,5.0,,12.0,33.0,5.0,12.0,177143937.0,3.0,13907.0,poseidon,condorpool,poseidon-worker-1-container-44-47,post_vel,/opt/netcdf2png/merged_netcdf2png,,0.1,0,0,,,,,,,,,
mvt_ID0000109,None,compute,0,1694353938.0,,,1694353943.0,1694353957.0,1694353968.0,34252407.0,1694353955.0,1694354023.0,1694354013.0,1694354016.0,19167.0,1694354023.0,1694354028.0,5.0,,12.0,68.0,5.0,11.0,177143652.0,3.0,59954.0,poseidon,condorpool,poseidon-worker-2-container-36-39,mvt,/opt/mvt/mvt,,39.3,0,0,0.0,829027.0,32768.0,509.0,8.0,29.9,0.1,27634.2,1638.4
register_condorpool_0_1,None,auxiliary,0,1694353938.0,,,1694353963.0,,,0.0,1694353964.0,1694353968.0,,,0.0,1694353968.0,1694353973.0,25.0,,1.0,4.0,5.0,,,,,poseidon,local,poseidon-submit,pegasus::rc-client,/mnt/poseidon-data/poseidon/pegasus-5.1.0panorama/bin/pegasus-rc-client,"-n pegasus::rc-client -N null -R local  -L casa-wind-full -T 2023-09-08T07:29:05+00:00 /home/poseidon/pegasus-5.1.0panorama/bin/pegasus-rc-client --prefix pegasus.catalog.replica.output --conf /mnt/poseidon-data/poseidon/workflows/casa-wind-workflow-full/submit/poseidon/pegasus/casa-wind-full/run0155/pegasus.11731757600271607284.properties -v --meta /mnt/poseidon-data/poseidon/workflows/casa-wind-workflow-full/submit/poseidon/pegasus/casa-wind-full/run0155/00/00/unzip_ID0000026.meta,/mnt/poseidon-data/poseidon/workflows/casa-wind-workflow-full/submit/poseidon/pegasus/casa-wind-full/run0155/00/00/unzip_ID0000061.meta,/mnt/poseidon-data/poseidon/workflows/casa-wind-workflow-full/submit/poseidon/pegasus/casa-wind-full/run0155/00/00/unzip_ID0000071.meta,/mnt/poseidon-data/poseidon/workflows/casa-wind-workflow-full/submit/poseidon/pegasus/casa-wind-full/run0155/00/00/unzip_ID0000041.meta,/mnt/poseidon-data/poseidon/workflows/casa-wind-workflow-full/submit/poseidon/pegasus/casa-wind-full/run0155/00/00/unzip_ID0000016.meta,/mnt/poseidon-data/poseidon/workflows/casa-wind-workflow-full/submit/poseidon/pegasus/casa-wind-full/run0155/00/00/unzip_ID0000111.meta,/mnt/poseidon-data/poseidon/workflows/casa-wind-workflow-full/submit/poseidon/pegasus/casa-wind-full/run0155/00/00/unzip_ID0000011.meta,/mnt/poseidon-data/poseidon/workflows/casa-wind-workflow-full/submit/poseidon/pegasus/casa-wind-full/run0155/00/00/unzip_ID0000081.meta,/mnt/poseidon-data/poseidon/workflows/casa-wind-workflow-full/submit/poseidon/pegasus/casa-wind-full/run0155/00/00/unzip_ID0000066.meta,/mnt/poseidon-data/poseidon/workflows/casa-wind-workflow-full/submit/poseidon/pegasus/casa-wind-full/run0155/00/00/unzip_ID0000096.meta,/mnt/poseidon-data/poseidon/workflows/casa-wind-workflow-full/submit/poseidon/pegasus/casa-wind-full/run0155/00/00/unzip_ID0000051.meta,/mnt/poseidon-data/poseidon/workflows/casa-wind-workflow-full/submit/poseidon/pegasus/casa-wind-full/run0155/00/00/unzip_ID0000031.meta,/mnt/poseidon-data/poseidon/workflows/casa-wind-workflow-full/submit/poseidon/pegasus/casa-wind-full/run0155/00/00/unzip_ID0000116.meta,/mnt/poseidon-data/poseidon/workflows/casa-wind-workflow-full/submit/poseidon/pegasus/casa-wind-full/run0155/00/00/unzip_ID0000101.meta,/mnt/poseidon-data/poseidon/workflows/casa-wind-workflow-full/submit/poseidon/pegasus/casa-wind-full/run0155/00/00/unzip_ID0000121.meta,/mnt/poseidon-data/poseidon/workflows/casa-wind-workflow-full/submit/poseidon/pegasus/casa-wind-full/run0155/00/00/unzip_ID0000106.meta,/mnt/poseidon-data/poseidon/workflows/casa-wind-workflow-full/submit/poseidon/pegasus/casa-wind-full/run0155/00/00/unzip_ID0000046.meta,/mnt/poseidon-data/poseidon/workflows/casa-wind-workflow-full/submit/poseidon/pegasus/casa-wind-full/run0155/00/00/unzip_ID0000076.meta,/mnt/poseidon-data/poseidon/workflows/casa-wind-workflow-full/submit/poseidon/pegasus/casa-wind-full/run0155/00/00/unzip_ID0000056.meta,/mnt/poseidon-data/poseidon/workflows/casa-wind-workflow-full/submit/poseidon/pegasus/casa-wind-full/run0155/00/00/unzip_ID0000021.meta,/mnt/poseidon-data/poseidon/workflows/casa-wind-workflow-full/submit/poseidon/pegasus/casa-wind-full/run0155/00/00/unzip_ID0000086.meta,/mnt/poseidon-data/poseidon/workflows/casa-wind-workflow-full/submit/poseidon/pegasus/casa-wind-full/run0155/00/00/unzip_ID0000126.meta,/mnt/poseidon-data/poseidon/workflows/casa-wind-workflow-full/submit/poseidon/pegasus/casa-wind-full/run0155/00/00/unzip_ID0000006.meta,/mnt/poseidon-data/poseidon/workflows/casa-wind-workflow-full/submit/poseidon/pegasus/casa-wind-full/run0155/00/00/unzip_ID0000036.meta,/mnt/poseidon-data/poseidon/workflows/casa-wind-workflow-full/submit/poseidon/pegasus/casa-wind-full/run0155/00/00/unzip_ID0000001.meta,/mnt/poseidon-data/poseidon/workflows/casa-wind-workflow-full/submit/poseidon/pegasus/casa-wind-full/run0155/00/00/unzip_ID0000091.meta --insert /mnt/poseidon-data/poseidon/workflows/casa-wind-workflow-full/submit/poseidon/pegasus/casa-wind-full/run0155/00/00/register_condorpool_0_1.in",3.1,0,0,,,,,,,,,
register_condorpool_0_0,None,auxiliary,0,1694353938.0,,,1694353943.0,,,0.0,1694353944.0,1694353948.0,,,0.0,1694353948.0,1694353953.0,5.0,,1.0,4.0,5.0,,,,,poseidon,local,poseidon-submit,pegasus::rc-client,/mnt/poseidon-data/poseidon/pegasus-5.1.0panorama/bin/pegasus-rc-client,"-n pegasus::rc-client -N null -R local  -L casa-wind-full -T 2023-09-08T07:29:05+00:00 /home/poseidon/pegasus-5.1.0panorama/bin/pegasus-rc-client --prefix pegasus.catalog.replica.output --conf /mnt/poseidon-data/poseidon/workflows/casa-wind-workflow-full/submit/poseidon/pegasus/casa-wind-full/run0155/pegasus.11731757600271607284.properties -v --meta /mnt/poseidon-data/poseidon/workflows/casa-wind-workflow-full/submit/poseidon/pegasus/casa-wind-full/run0155/00/00/unzip_ID0000026.meta,/mnt/poseidon-data/poseidon/workflows/casa-wind-workflow-full/submit/poseidon/pegasus/casa-wind-full/run0155/00/00/unzip_ID0000061.meta,/mnt/poseidon-data/poseidon/workflows/casa-wind-workflow-full/submit/poseidon/pegasus/casa-wind-full/run0155/00/00/unzip_ID0000071.meta,/mnt/poseidon-data/poseidon/workflows/casa-wind-workflow-full/submit/poseidon/pegasus/casa-wind-full/run0155/00/00/unzip_ID0000041.meta,/mnt/poseidon-data/poseidon/workflows/casa-wind-workflow-full/submit/poseidon/pegasus/casa-wind-full/run0155/00/00/unzip_ID0000016.meta,/mnt/poseidon-data/poseidon/workflows/casa-wind-workflow-full/submit/poseidon/pegasus/casa-wind-full/run0155/00/00/unzip_ID0000111.meta,/mnt/poseidon-data/poseidon/workflows/casa-wind-workflow-full/submit/poseidon/pegasus/casa-wind-full/run0155/00/00/unzip_ID0000011.meta,/mnt/poseidon-data/poseidon/workflows/casa-wind-workflow-full/submit/poseidon/pegasus/casa-wind-full/run0155/00/00/unzip_ID0000081.meta,/mnt/poseidon-data/poseidon/workflows/casa-wind-workflow-full/submit/poseidon/pegasus/casa-wind-full/run0155/00/00/unzip_ID0000066.meta,/mnt/poseidon-data/poseidon/workflows/casa-wind-workflow-full/submit/poseidon/pegasus/casa-wind-full/run0155/00/00/unzip_ID0000096.meta,/mnt/poseidon-data/poseidon/workflows/casa-wind-workflow-full/submit/poseidon/pegasus/casa-wind-full/run0155/00/00/unzip_ID0000051.meta,/mnt/poseidon-data/poseidon/workflows/casa-wind-workflow-full/submit/poseidon/pegasus/casa-wind-full/run0155/00/00/unzip_ID0000031.meta,/mnt/poseidon-data/poseidon/workflows/casa-wind-workflow-full/submit/poseidon/pegasus/casa-wind-full/run0155/00/00/unzip_ID0000116.meta,/mnt/poseidon-data/poseidon/workflows/casa-wind-workflow-full/submit/poseidon/pegasus/casa-wind-full/run0155/00/00/unzip_ID0000101.meta,/mnt/poseidon-data/poseidon/workflows/casa-wind-workflow-full/submit/poseidon/pegasus/casa-wind-full/run0155/00/00/unzip_ID0000121.meta,/mnt/poseidon-data/poseidon/workflows/casa-wind-workflow-full/submit/poseidon/pegasus/casa-wind-full/run0155/00/00/unzip_ID0000106.meta,/mnt/poseidon-data/poseidon/workflows/casa-wind-workflow-full/submit/poseidon/pegasus/casa-wind-full/run0155/00/00/unzip_ID0000046.meta,/mnt/poseidon-data/poseidon/workflows/casa-wind-workflow-full/submit/poseidon/pegasus/casa-wind-full/run0155/00/00/unzip_ID0000076.meta,/mnt/poseidon-data/poseidon/workflows/casa-wind-workflow-full/submit/poseidon/pegasus/casa-wind-full/run0155/00/00/unzip_ID0000056.meta,/mnt/poseidon-data/poseidon/workflows/casa-wind-workflow-full/submit/poseidon/pegasus/casa-wind-full/run0155/00/00/unzip_ID0000021.meta,/mnt/poseidon-data/poseidon/workflows/casa-wind-workflow-full/submit/poseidon/pegasus/casa-wind-full/run0155/00/00/unzip_ID0000086.meta,/mnt/poseidon-data/poseidon/workflows/casa-wind-workflow-full/submit/poseidon/pegasus/casa-wind-full/run0155/00/00/unzip_ID0000126.meta,/mnt/poseidon-data/poseidon/workflows/casa-wind-workflow-full/submit/poseidon/pegasus/casa-wind-full/run0155/00/00/unzip_ID0000006.meta,/mnt/poseidon-data/poseidon/workflows/casa-wind-workflow-full/submit/poseidon/pegasus/casa-wind-full/run0155/00/00/unzip_ID0000036.meta,/mnt/poseidon-data/poseidon/workflows/casa-wind-workflow-full/submit/poseidon/pegasus/casa-wind-full/run0155/00/00/unzip_ID0000001.meta,/mnt/poseidon-data/poseidon/workflows/casa-wind-workflow-full/submit/poseidon/pegasus/casa-wind-full/run0155/00/00/unzip_ID0000091.meta --insert /mnt/poseidon-data/poseidon/workflows/casa-wind-workflow-full/submit/poseidon/pegasus/casa-wind-full/run0155/00/00/register_condorpool_0_0.in",3.2,0,0,,,,,,,,,
register_condorpool_0_2,None,auxiliary,0,1694353938.0,,,1694353953.0,,,0.0,1694353955.0,1694353958.0,,,0.0,1694353958.0,1694353963.0,15.0,,2.0,3.0,5.0,,,,,poseidon,local,poseidon-submit,pegasus::rc-client,/mnt/poseidon-data/poseidon/pegasus-5.1.0panorama/bin/pegasus-rc-client,"-n pegasus::rc-client -N null -R local  -L casa-wind-full -T 2023-09-08T07:29:05+00:00 /home/poseidon/pegasus-5.1.0panorama/bin/pegasus-rc-client --prefix pegasus.catalog.replica.output --conf /mnt/poseidon-data/poseidon/workflows/casa-wind-workflow-full/submit/poseidon/pegasus/casa-wind-full/run0155/pegasus.11731757600271607284.properties -v --meta /mnt/poseidon-data/poseidon/workflows/casa-wind-workflow-full/submit/poseidon/pegasus/casa-wind-full/run0155/00/00/unzip_ID0000026.meta,/mnt/poseidon-data/poseidon/workflows/casa-wind-workflow-full/submit/poseidon/pegasus/casa-wind-full/run0155/00/00/unzip_ID0000061.meta,/mnt/poseidon-data/poseidon/workflows/casa-wind-workflow-full/submit/poseidon/pegasus/casa-wind-full/run0155/00/00/unzip_ID0000071.meta,/mnt/poseidon-data/poseidon/workflows/casa-wind-workflow-full/submit/poseidon/pegasus/casa-wind-full/run0155/00/00/unzip_ID0000041.meta,/mnt/poseidon-data/poseidon/workflows/casa-wind-workflow-full/submit/poseidon/pegasus/casa-wind-full/run0155/00/00/unzip_ID0000016.meta,/mnt/poseidon-data/poseidon/workflows/casa-wind-workflow-full/submit/poseidon/pegasus/casa-wind-full/run0155/00/00/unzip_ID0000111.meta,/mnt/poseidon-data/poseidon/workflows/casa-wind-workflow-full/submit/poseidon/pegasus/casa-wind-full/run0155/00/00/unzip_ID0000011.meta,/mnt/poseidon-data/poseidon/workflows/casa-wind-workflow-full/submit/poseidon/pegasus/casa-wind-full/run0155/00/00/unzip_ID0000081.meta,/mnt/poseidon-data/poseidon/workflows/casa-wind-workflow-full/submit/poseidon/pegasus/casa-wind-full/run0155/00/00/unzip_ID0000066.meta,/mnt/poseidon-data/poseidon/workflows/casa-wind-workflow-full/submit/poseidon/pegasus/casa-wind-full/run0155/00/00/unzip_ID0000096.meta,/mnt/poseidon-data/poseidon/workflows/casa-wind-workflow-full/submit/poseidon/pegasus/casa-wind-full/run0155/00/00/unzip_ID0000051.meta,/mnt/poseidon-data/poseidon/workflows/casa-wind-workflow-full/submit/poseidon/pegasus/casa-wind-full/run0155/00/00/unzip_ID0000031.meta,/mnt/poseidon-data/poseidon/workflows/casa-wind-workflow-full/submit/poseidon/pegasus/casa-wind-full/run0155/00/00/unzip_ID0000116.meta,/mnt/poseidon-data/poseidon/workflows/casa-wind-workflow-full/submit/poseidon/pegasus/casa-wind-full/run0155/00/00/unzip_ID0000101.meta,/mnt/poseidon-data/poseidon/workflows/casa-wind-workflow-full/submit/poseidon/pegasus/casa-wind-full/run0155/00/00/unzip_ID0000121.meta,/mnt/poseidon-data/poseidon/workflows/casa-wind-workflow-full/submit/poseidon/pegasus/casa-wind-full/run0155/00/00/unzip_ID0000106.meta,/mnt/poseidon-data/poseidon/workflows/casa-wind-workflow-full/submit/poseidon/pegasus/casa-wind-full/run0155/00/00/unzip_ID0000046.meta,/mnt/poseidon-data/poseidon/workflows/casa-wind-workflow-full/submit/poseidon/pegasus/casa-wind-full/run0155/00/00/unzip_ID0000076.meta,/mnt/poseidon-data/poseidon/workflows/casa-wind-workflow-full/submit/poseidon/pegasus/casa-wind-full/run0155/00/00/unzip_ID0000056.meta,/mnt/poseidon-data/poseidon/workflows/casa-wind-workflow-full/submit/poseidon/pegasus/casa-wind-full/run0155/00/00/unzip_ID0000021.meta,/mnt/poseidon-data/poseidon/workflows/casa-wind-workflow-full/submit/poseidon/pegasus/casa-wind-full/run0155/00/00/unzip_ID0000086.meta,/mnt/poseidon-data/poseidon/workflows/casa-wind-workflow-full/submit/poseidon/pegasus/casa-wind-full/run0155/00/00/unzip_ID0000126.meta,/mnt/poseidon-data/poseidon/workflows/casa-wind-workflow-full/submit/poseidon/pegasus/casa-wind-full/run0155/00/00/unzip_ID0000006.meta,/mnt/poseidon-data/poseidon/workflows/casa-wind-workflow-full/submit/poseidon/pegasus/casa-wind-full/run0155/00/00/unzip_ID0000036.meta,/mnt/poseidon-data/poseidon/workflows/casa-wind-workflow-full/submit/poseidon/pegasus/casa-wind-full/run0155/00/00/unzip_ID0000001.meta,/mnt/poseidon-data/poseidon/workflows/casa-wind-workflow-full/submit/poseidon/pegasus/casa-wind-full/run0155/00/00/unzip_ID0000091.meta --insert /mnt/poseidon-data/poseidon/workflows/casa-wind-workflow-full/submit/poseidon/pegasus/casa-wind-full/run0155/00/00/register_condorpool_0_2.in",3.0,0,0,,,,,,,,,
mvt_ID0000079,None,compute,0,1694353938.0,,,1694353943.0,1694353947.0,1694353958.0,34663981.2,1694353945.0,1694354013.0,1694354002.0,1694354005.0,14342.0,1694354013.0,1694354018.0,5.0,,2.0,68.0,5.0,11.0,177143652.0,3.0,45337.0,poseidon,condorpool,poseidon-worker-1-container-0-3,mvt,/opt/mvt/mvt,,39.3,0,0,0.0,798629.0,24576.0,443.0,6.0,29.9,0.1,26621.0,1228.8
mvt_ID0000099,None,compute,0,1694353938.0,,,1694353943.0,1694353946.0,1694353957.0,35164934.6,1694353944.0,1694354013.0,1694354002.0,1694354005.0,16123.0,1694354013.0,1694354018.0,5.0,,1.0,69.0,5.0,11.0,177143652.0,3.0,50118.0,poseidon,condorpool,poseidon-worker-1-container-24-27,mvt,/opt/mvt/mvt,,39.3,0,0,0.0,798721.0,28672.0,443.0,7.0,29.9,0.1,26624.0,1433.6
post_vel_ID0000023,None,compute,0,1694353938.0,,,1694353943.0,1694353946.0,1694353957.0,35006677.2,1694353944.0,1694353973.0,1694353963.0,1694353966.0,3651.0,1694353973.0,1694353978.0,5.0,,1.0,29.0,5.0,11.0,177143937.0,3.0,11372.0,poseidon,condorpool,poseidon-worker-1-container-4-7,post_vel,/opt/netcdf2png/merged_netcdf2png,,0.1,0,0,,,,,,,,,
post_vel_ID0000098,None,compute,0,1694353938.0,,,1694353943.0,1694353946.0,1694353957.0,35172475.2,1694353944.0,1694353973.0,1694353963.0,1694353966.0,4261.0,1694353973.0,1694353978.0,5.0,,1.0,29.0,5.0,11.0,177143937.0,3.0,13355.0,poseidon,condorpool,poseidon-worker-1-container-28-31,post_vel,/opt/netcdf2png/merged_netcdf2png,,0.1,0,0,,,,,,,,,
mvt_ID0000084,None,compute,0,1694353938.0,,,1694353943.0,1694353946.0,1694353957.0,29776236.0,1694353944.0,1694354013.0,1694354002.0,1694354005.0,15569.0,1694354013.0,1694354018.0,5.0,,1.0,69.0,5.0,11.0,177143652.0,3.0,47998.0,poseidon,condorpool,poseidon-worker-2-container-36-39,mvt,/opt/mvt/mvt,,40.0,0,0,0.0,838230.0,24576.0,536.0,6.0,39.9,0.1,20955.8,1228.8
post_vel_ID0000083,None,compute,0,1694353938.0,,,1694353943.0,1694353947.0,1694353958.0,34971441.0,1694353945.0,1694353973.0,1694353963.0,1694353966.0,4101.0,1694353973.0,1694353978.0,5.0,,2.0,28.0,5.0,11.0,177143937.0,3.0,12720.0,poseidon,condorpool,poseidon-worker-1-container-32-35,post_vel,/opt/netcdf2png/merged_netcdf2png,,0.1,0,0,,,,,,,,,
mvt_ID0000024,None,compute,0,1694353938.0,,,1694353943.0,1694353946.0,1694353957.0,34886054.0,1694353944.0,1694354013.0,1694354001.0,1694354004.0,10025.0,1694354013.0,1694354018.0,5.0,,1.0,69.0,5.0,11.0,177143652.0,3.0,30705.0,poseidon,condorpool,poseidon-worker-1-container-44-47,mvt,/opt/mvt/mvt,,39.3,0,0,0.0,861941.0,16384.0,581.0,4.0,29.9,0.1,28731.4,819.2
mvt_ID0000089,None,compute,0,1694353938.0,,,1694353943.0,1694353956.0,1694353968.0,28216753.6,1694353955.0,1694354023.0,1694354013.0,1694354016.0,15430.0,1694354023.0,1694354028.0,5.0,,12.0,68.0,5.0,12.0,177143652.0,3.0,48475.0,poseidon,condorpool,poseidon-worker-2-container-44-47,mvt,/opt/mvt/mvt,,39.3,0,0,0.0,819386.0,24576.0,488.0,6.0,29.9,0.1,27312.9,2457.6
post_vel_ID0000088,cpu_2,compute,0,1694353938.0,,,1694353943.0,1694353958.0,1694353969.0,32669102.2,1694353956.0,1694353988.0,1694353975.0,1694353978.0,4136.0,1694353988.0,1694353993.0,5.0,,13.0,32.0,5.0,11.0,177143937.0,3.0,12740.0,poseidon,condorpool,poseidon-worker-2-container-40-43,post_vel,/opt/netcdf2png/merged_netcdf2png,,0.1,0,0,,,,,,,,,
post_vel_ID0000063,None,compute,0,1694353943.0,,,1694353948.0,1694353956.0,1694353968.0,29919675.8,1694353955.0,1694353983.0,1694353973.0,1694353976.0,3685.0,1694353983.0,1694353988.0,5.0,,7.0,28.0,5.0,12.0,177143937.0,3.0,11628.0,poseidon,condorpool,poseidon-worker-2-container-32-35,post_vel,/opt/netcdf2png/merged_netcdf2png,,0.1,0,0,,,,,,,,,
post_vel_ID0000003,None,compute,0,1694353943.0,,,1694353948.0,1694353956.0,1694353968.0,29696618.6,1694353955.0,1694353983.0,1694353973.0,1694353976.0,3496.0,1694353983.0,1694353988.0,5.0,,7.0,28.0,5.0,12.0,177143937.0,3.0,10865.0,poseidon,condorpool,poseidon-worker-2-container-20-23,post_vel,/opt/netcdf2png/merged_netcdf2png,,0.1,0,0,,,,,,,,,
post_vel_ID0000048,None,compute,0,1694353943.0,,,1694353948.0,1694353957.0,1694353968.0,29863661.6,1694353954.0,1694353983.0,1694353973.0,1694353977.0,3288.0,1694353983.0,1694353988.0,5.0,,6.0,29.0,5.0,11.0,177143937.0,4.0,10371.0,poseidon,condorpool,poseidon-worker-1-container-24-27,post_vel,/opt/netcdf2png/merged_netcdf2png,,0.2,0,0,,,,,,,,,
mvt_ID0000049,None,compute,0,1694353943.0,,,1694353948.0,1694353957.0,1694353967.0,29819609.5,1694353954.0,1694354023.0,1694354012.0,1694354016.0,7606.0,1694354023.0,1694354028.0,5.0,,6.0,69.0,5.0,10.0,177143652.0,4.0,24108.0,poseidon,condorpool,poseidon-worker-1-container-8-11,mvt,/opt/mvt/mvt,,39.8,0,0,0.0,820680.0,12288.0,491.0,3.0,29.9,0.1,27356.0,1228.8
mvt_ID0000004,None,compute,0,1694353943.0,,,1694353948.0,1694353956.0,1694353969.0,26087806.7,1694353954.0,1694354023.0,1694354014.0,1694354017.0,9333.0,1694354023.0,1694354028.0,5.0,,6.0,69.0,5.0,13.0,177143652.0,3.0,28781.0,poseidon,condorpool,poseidon-worker-1-container-32-35,mvt,/opt/mvt/mvt,,39.9,0,0,0.0,791983.0,16384.0,428.0,4.0,29.9,0.1,26399.4,819.2
post_vel_ID0000043,None,compute,0,1694353943.0,,,1694353948.0,1694353956.0,1694353967.0,29646282.5,1694353954.0,1694353983.0,1694353973.0,1694353976.0,3528.0,1694353983.0,1694353988.0,5.0,,6.0,29.0,5.0,11.0,177143937.0,3.0,11050.0,poseidon,condorpool,poseidon-worker-1-container-20-23,post_vel,/opt/netcdf2png/merged_netcdf2png,,0.1,0,0,,,,,,,,,
mvt_ID0000064,None,compute,0,1694353943.0,,,1694353948.0,1694353957.0,1694353968.0,31803195.2,1694353954.0,1694354023.0,1694354013.0,1694354016.0,9844.0,1694354023.0,1694354028.0,5.0,,6.0,69.0,5.0,11.0,177143652.0,3.0,31148.0,poseidon,condorpool,poseidon-worker-1-container-28-31,mvt,/opt/mvt/mvt,,39.8,0,0,0.0,791980.0,16384.0,428.0,4.0,29.9,0.1,26399.3,819.2
mvt_ID0000119,None,compute,0,1694353943.0,,,1694353948.0,1694353957.0,1694353967.0,35411073.2,1694353955.0,1694354023.0,1694354013.0,1694354016.0,20571.0,1694354023.0,1694354028.0,5.0,,7.0,68.0,5.0,10.0,177143652.0,3.0,65525.0,poseidon,condorpool,poseidon-worker-1-container-36-39,mvt,/opt/mvt/mvt,,39.9,0,0,0.0,798798.0,36864.0,443.0,9.0,29.9,0.1,26626.6,3686.4
mvt_ID0000114,None,compute,0,1694353943.0,,,1694353948.0,1694353957.0,1694353968.0,29670322.0,1694353955.0,1694354023.0,1694354012.0,1694354015.0,23215.0,1694354023.0,1694354028.0,5.0,,7.0,68.0,5.0,11.0,177143652.0,3.0,73234.0,poseidon,condorpool,poseidon-worker-1-container-0-3,mvt,/opt/mvt/mvt,,38.8,0,0,0.0,823381.0,40960.0,497.0,10.0,29.9,0.1,27446.0,4096.0
post_vel_ID0000113,None,compute,0,1694353943.0,,,1694353948.0,1694353958.0,1694353968.0,29663122.0,1694353956.0,1694353983.0,1694353974.0,1694353977.0,4708.0,1694353983.0,1694353988.0,5.0,,8.0,27.0,5.0,10.0,177143937.0,3.0,14745.0,poseidon,condorpool,poseidon-worker-1-container-40-43,post_vel,/opt/netcdf2png/merged_netcdf2png,,0.1,0,0,,,,,,,,,
mvt_ID0000074,None,compute,0,1694353943.0,,,1694353948.0,1694353956.0,1694353970.0,22476862.9,1694353954.0,1694354023.0,1694354015.0,1694354018.0,12656.0,1694354023.0,1694354028.0,5.0,,6.0,69.0,5.0,14.0,177143652.0,3.0,38855.0,poseidon,condorpool,poseidon-worker-2-container-12-15,mvt,/opt/mvt/mvt,,39.7,0,0,0.0,818072.0,20480.0,485.0,5.0,29.9,0.1,27269.1,1024.0
post_vel_ID0000073,None,compute,0,1694353943.0,,,1694353948.0,1694353957.0,1694353968.0,29237406.2,1694353955.0,1694353983.0,1694353974.0,1694353977.0,3771.0,1694353983.0,1694353988.0,5.0,,7.0,28.0,5.0,11.0,177143937.0,3.0,11825.0,poseidon,condorpool,poseidon-worker-1-container-4-7,post_vel,/opt/netcdf2png/merged_netcdf2png,,0.1,0,0,,,,,,,,,
post_vel_ID0000118,None,compute,0,1694353943.0,,,1694353948.0,1694353958.0,1694353969.0,34361750.6,1694353955.0,1694353983.0,1694353974.0,1694353977.0,4585.0,1694353983.0,1694353988.0,5.0,,7.0,28.0,5.0,11.0,177143937.0,3.0,14402.0,poseidon,condorpool,poseidon-worker-1-container-16-19,post_vel,/opt/netcdf2png/merged_netcdf2png,,0.1,0,0,,,,,,,,,
mvt_ID0000044,cpu_2,compute,0,1694353943.0,,,1694353948.0,1694353957.0,1694353968.0,34332152.6,1694353955.0,1694354023.0,1694354013.0,1694354016.0,9086.0,1694354023.0,1694354028.0,5.0,,7.0,68.0,5.0,11.0,177143652.0,3.0,28113.0,poseidon,condorpool,poseidon-worker-2-container-28-31,mvt,/opt/mvt/mvt,,39.7,0,0,0.0,789220.0,12288.0,422.0,3.0,29.9,0.1,26307.3,1228.8
mvt_ID0000014,None,compute,0,1694353948.0,,,1694353953.0,1694353969.0,1694353980.0,29722677.0,1694353968.0,1694354038.0,1694354025.0,1694354028.0,10339.0,1694354038.0,1694354043.0,5.0,,15.0,70.0,5.0,11.0,177143652.0,3.0,31991.0,poseidon,condorpool,poseidon-worker-1-container-36-39,mvt,/opt/mvt/mvt,,39.6,0,0,0.0,823582.0,16384.0,497.0,4.0,29.9,0.1,27452.7,819.2
mvt_ID0000124,None,compute,0,1694353948.0,,,1694353953.0,1694353963.0,1694353974.0,33455323.8,1694353961.0,1694354033.0,1694354019.0,1694354022.0,22834.0,1694354033.0,1694354038.0,5.0,,8.0,72.0,5.0,11.0,177143652.0,3.0,70564.0,poseidon,condorpool,poseidon-worker-2-container-12-15,mvt,/opt/mvt/mvt,,39.7,0,0,0.0,823577.0,40960.0,497.0,10.0,29.9,0.1,27452.6,4096.0
stage_out_local_condorpool_1_0,None,transfer,0,1694353948.0,,,1694353953.0,,,0.0,1694353955.0,1694353963.0,,,0.0,1694353963.0,1694353968.0,5.0,,2.0,8.0,5.0,,,,,poseidon,local,poseidon-submit,pegasus::transfer,/mnt/poseidon-data/poseidon/pegasus-5.1.0panorama/bin/pegasus-transfer,/home/poseidon/pegasus-5.1.0panorama/bin/../bin/pegasus-kickstart  -n pegasus::transfer -N null -i - -R local  -L casa-wind-full -T 2023-09-08T07:29:05+00:00 /home/poseidon/pegasus-5.1.0panorama/bin/../bin/pegasus-transfer  --threads 2,1.0,0,0,,,,,,,,,
post_vel_ID0000123,None,compute,0,1694353948.0,,,1694353953.0,1694353963.0,1694353974.0,29640806.0,1694353961.0,1694353993.0,1694353979.0,1694353982.0,4778.0,1694353993.0,1694353998.0,5.0,,8.0,32.0,5.0,11.0,177143937.0,3.0,14777.0,poseidon,condorpool,poseidon-worker-2-container-32-35,post_vel,/opt/netcdf2png/merged_netcdf2png,,0.1,0,0,,,,,,,,,
post_vel_ID0000013,None,compute,0,1694353948.0,,,1694353953.0,1694353963.0,1694353974.0,29711686.5,1694353962.0,1694353993.0,1694353980.0,1694353983.0,3590.0,1694353993.0,1694353998.0,5.0,,9.0,31.0,5.0,11.0,177143937.0,3.0,11040.0,poseidon,condorpool,poseidon-worker-1-container-20-23,post_vel,/opt/netcdf2png/merged_netcdf2png,,0.2,0,0,,,,,,,,,
mvt_ID0000104,None,compute,0,1694353948.0,,,1694353953.0,1694353970.0,1694353981.0,34796168.6,1694353969.0,1694354038.0,1694354026.0,1694354029.0,19202.0,1694354038.0,1694354043.0,5.0,,16.0,69.0,5.0,11.0,177143652.0,3.0,59590.0,poseidon,condorpool,poseidon-worker-1-container-40-43,mvt,/opt/mvt/mvt,,39.6,0,0,0.0,791979.0,32768.0,428.0,8.0,29.9,0.1,26399.3,3276.8
post_vel_ID0000103,None,compute,0,1694353948.0,,,1694353953.0,1694353970.0,1694353981.0,29758572.5,1694353968.0,1694353998.0,1694353986.0,1694353989.0,4543.0,1694353998.0,1694354003.0,5.0,,15.0,30.0,5.0,11.0,177143937.0,3.0,13815.0,poseidon,condorpool,poseidon-worker-2-container-36-39,post_vel,/opt/netcdf2png/merged_netcdf2png,,0.1,0,0,,,,,,,,,
stage_out_local_condorpool_1_1,None,transfer,0,1694353948.0,,,1694353953.0,,,0.0,1694353955.0,1694353963.0,,,0.0,1694353963.0,1694353968.0,5.0,,2.0,8.0,5.0,,,,,poseidon,local,poseidon-submit,pegasus::transfer,/mnt/poseidon-data/poseidon/pegasus-5.1.0panorama/bin/pegasus-transfer,/home/poseidon/pegasus-5.1.0panorama/bin/../bin/pegasus-kickstart  -n pegasus::transfer -N null -i - -R local  -L casa-wind-full -T 2023-09-08T07:29:05+00:00 /home/poseidon/pegasus-5.1.0panorama/bin/../bin/pegasus-transfer  --threads 2,1.0,0,0,,,,,,,,,
mvt_ID0000054,None,compute,0,1694353953.0,,,1694353958.0,1694353970.0,1694353981.0,29747451.0,1694353968.0,1694354038.0,1694354026.0,1694354029.0,9181.0,1694354038.0,1694354043.0,5.0,,10.0,70.0,5.0,11.0,177143652.0,3.0,28552.0,poseidon,condorpool,poseidon-worker-2-container-20-23,mvt,/opt/mvt/mvt,,39.4,0,0,0.0,791979.0,12288.0,428.0,3.0,29.9,0.1,26399.3,1228.8
stage_out_local_condorpool_1_2,None,transfer,0,1694353953.0,,,1694353958.0,,,0.0,1694353959.0,1694353968.0,,,0.0,1694353968.0,1694353973.0,5.0,,1.0,9.0,5.0,,,,,poseidon,local,poseidon-submit,pegasus::transfer,/mnt/poseidon-data/poseidon/pegasus-5.1.0panorama/bin/pegasus-transfer,/home/poseidon/pegasus-5.1.0panorama/bin/../bin/pegasus-kickstart  -n pegasus::transfer -N null -i - -R local  -L casa-wind-full -T 2023-09-08T07:29:05+00:00 /home/poseidon/pegasus-5.1.0panorama/bin/../bin/pegasus-transfer  --threads 2,0.9,0,0,,,,,,,,,
post_vel_ID0000053,None,compute,0,1694353953.0,,,1694353958.0,1694353970.0,1694353982.0,33727542.0,1694353969.0,1694353998.0,1694353987.0,1694353990.0,3630.0,1694353998.0,1694354003.0,5.0,,11.0,29.0,5.0,12.0,177143937.0,3.0,11004.0,poseidon,condorpool,poseidon-worker-1-container-44-47,post_vel,/opt/netcdf2png/merged_netcdf2png,,0.1,0,0,,,,,,,,,
register_condorpool_1_0,None,auxiliary,0,1694353968.0,,,1694353993.0,,,0.0,1694353994.0,1694353998.0,,,0.0,1694353998.0,1694354003.0,25.0,,1.0,4.0,5.0,,,,,poseidon,local,poseidon-submit,pegasus::rc-client,/mnt/poseidon-data/poseidon/pegasus-5.1.0panorama/bin/pegasus-rc-client,"-n pegasus::rc-client -N null -R local  -L casa-wind-full -T 2023-09-08T07:29:05+00:00 /home/poseidon/pegasus-5.1.0panorama/bin/pegasus-rc-client --prefix pegasus.catalog.replica.output --conf /mnt/poseidon-data/poseidon/workflows/casa-wind-workflow-full/submit/poseidon/pegasus/casa-wind-full/run0155/pegasus.11731757600271607284.properties -v --meta /mnt/poseidon-data/poseidon/workflows/casa-wind-workflow-full/submit/poseidon/pegasus/casa-wind-full/run0155/00/01/um_vel_ID0000067.meta,/mnt/poseidon-data/poseidon/workflows/casa-wind-workflow-full/submit/poseidon/pegasus/casa-wind-full/run0155/00/00/um_vel_ID0000127.meta,/mnt/poseidon-data/poseidon/workflows/casa-wind-workflow-full/submit/poseidon/pegasus/casa-wind-full/run0155/00/00/um_vel_ID0000122.meta,/mnt/poseidon-data/poseidon/workflows/casa-wind-workflow-full/submit/poseidon/pegasus/casa-wind-full/run0155/00/00/um_vel_ID0000092.meta,/mnt/poseidon-data/poseidon/workflows/casa-wind-workflow-full/submit/poseidon/pegasus/casa-wind-full/run0155/00/01/um_vel_ID0000077.meta,/mnt/poseidon-data/poseidon/workflows/casa-wind-workflow-full/submit/poseidon/pegasus/casa-wind-full/run0155/00/01/um_vel_ID0000057.meta,/mnt/poseidon-data/poseidon/workflows/casa-wind-workflow-full/submit/poseidon/pegasus/casa-wind-full/run0155/00/00/um_vel_ID0000027.meta,/mnt/poseidon-data/poseidon/workflows/casa-wind-workflow-full/submit/poseidon/pegasus/casa-wind-full/run0155/00/01/um_vel_ID0000042.meta,/mnt/poseidon-data/poseidon/workflows/casa-wind-workflow-full/submit/poseidon/pegasus/casa-wind-full/run0155/00/00/um_vel_ID0000022.meta --insert /mnt/poseidon-data/poseidon/workflows/casa-wind-workflow-full/submit/poseidon/pegasus/casa-wind-full/run0155/00/01/register_condorpool_1_0.in",2.6,0,0,,,,,,,,,
register_condorpool_1_1,None,auxiliary,0,1694353968.0,,,1694353973.0,,,0.0,1694353974.0,1694353978.0,,,0.0,1694353978.0,1694353983.0,5.0,,1.0,4.0,5.0,,,,,poseidon,local,poseidon-submit,pegasus::rc-client,/mnt/poseidon-data/poseidon/pegasus-5.1.0panorama/bin/pegasus-rc-client,"-n pegasus::rc-client -N null -R local  -L casa-wind-full -T 2023-09-08T07:29:05+00:00 /home/poseidon/pegasus-5.1.0panorama/bin/pegasus-rc-client --prefix pegasus.catalog.replica.output --conf /mnt/poseidon-data/poseidon/workflows/casa-wind-workflow-full/submit/poseidon/pegasus/casa-wind-full/run0155/pegasus.11731757600271607284.properties -v --meta /mnt/poseidon-data/poseidon/workflows/casa-wind-workflow-full/submit/poseidon/pegasus/casa-wind-full/run0155/00/00/um_vel_ID0000017.meta,/mnt/poseidon-data/poseidon/workflows/casa-wind-workflow-full/submit/poseidon/pegasus/casa-wind-full/run0155/00/01/um_vel_ID0000037.meta,/mnt/poseidon-data/poseidon/workflows/casa-wind-workflow-full/submit/poseidon/pegasus/casa-wind-full/run0155/00/00/um_vel_ID0000082.meta,/mnt/poseidon-data/poseidon/workflows/casa-wind-workflow-full/submit/poseidon/pegasus/casa-wind-full/run0155/00/00/um_vel_ID0000097.meta,/mnt/poseidon-data/poseidon/workflows/casa-wind-workflow-full/submit/poseidon/pegasus/casa-wind-full/run0155/00/01/um_vel_ID0000047.meta,/mnt/poseidon-data/poseidon/workflows/casa-wind-workflow-full/submit/poseidon/pegasus/casa-wind-full/run0155/00/00/um_vel_ID0000087.meta,/mnt/poseidon-data/poseidon/workflows/casa-wind-workflow-full/submit/poseidon/pegasus/casa-wind-full/run0155/00/01/um_vel_ID0000007.meta,/mnt/poseidon-data/poseidon/workflows/casa-wind-workflow-full/submit/poseidon/pegasus/casa-wind-full/run0155/00/01/um_vel_ID0000072.meta,/mnt/poseidon-data/poseidon/workflows/casa-wind-workflow-full/submit/poseidon/pegasus/casa-wind-full/run0155/00/01/um_vel_ID0000102.meta --insert /mnt/poseidon-data/poseidon/workflows/casa-wind-workflow-full/submit/poseidon/pegasus/casa-wind-full/run0155/00/01/register_condorpool_1_1.in",2.8,0,0,,,,,,,,,
register_condorpool_1_2,None,auxiliary,0,1694353973.0,,,1694353983.0,,,0.0,1694353983.0,1694353988.0,,,0.0,1694353988.0,1694353993.0,10.0,,0.0,5.0,5.0,,,,,poseidon,local,poseidon-submit,pegasus::rc-client,/mnt/poseidon-data/poseidon/pegasus-5.1.0panorama/bin/pegasus-rc-client,"-n pegasus::rc-client -N null -R local  -L casa-wind-full -T 2023-09-08T07:29:05+00:00 /home/poseidon/pegasus-5.1.0panorama/bin/pegasus-rc-client --prefix pegasus.catalog.replica.output --conf /mnt/poseidon-data/poseidon/workflows/casa-wind-workflow-full/submit/poseidon/pegasus/casa-wind-full/run0155/pegasus.11731757600271607284.properties -v --meta /mnt/poseidon-data/poseidon/workflows/casa-wind-workflow-full/submit/poseidon/pegasus/casa-wind-full/run0155/00/00/um_vel_ID0000117.meta,/mnt/poseidon-data/poseidon/workflows/casa-wind-workflow-full/submit/poseidon/pegasus/casa-wind-full/run0155/00/01/um_vel_ID0000052.meta,/mnt/poseidon-data/poseidon/workflows/casa-wind-workflow-full/submit/poseidon/pegasus/casa-wind-full/run0155/00/00/um_vel_ID0000002.meta,/mnt/poseidon-data/poseidon/workflows/casa-wind-workflow-full/submit/poseidon/pegasus/casa-wind-full/run0155/00/00/um_vel_ID0000012.meta,/mnt/poseidon-data/poseidon/workflows/casa-wind-workflow-full/submit/poseidon/pegasus/casa-wind-full/run0155/00/00/um_vel_ID0000032.meta,/mnt/poseidon-data/poseidon/workflows/casa-wind-workflow-full/submit/poseidon/pegasus/casa-wind-full/run0155/00/01/um_vel_ID0000062.meta,/mnt/poseidon-data/poseidon/workflows/casa-wind-workflow-full/submit/poseidon/pegasus/casa-wind-full/run0155/00/01/um_vel_ID0000112.meta,/mnt/poseidon-data/poseidon/workflows/casa-wind-workflow-full/submit/poseidon/pegasus/casa-wind-full/run0155/00/01/um_vel_ID0000107.meta --insert /mnt/poseidon-data/poseidon/workflows/casa-wind-workflow-full/submit/poseidon/pegasus/casa-wind-full/run0155/00/01/register_condorpool_1_2.in",2.6,0,0,,,,,,,,,
point_alert_ID0000040,None,compute,0,1694354008.0,,,1694354013.0,1694354016.0,1694354027.0,29641454.5,1694354014.0,1694354043.0,1694354032.0,1694354035.0,6442.0,1694354043.0,1694354048.0,5.0,,1.0,29.0,5.0,11.0,176642369.0,3.0,20558.0,poseidon,condorpool,poseidon-worker-2-container-32-35,point_alert,/opt/pointAlert/pointAlert,,0.0,0,0,,,,,,,,,
point_alert_ID0000070,None,compute,0,1694354008.0,,,1694354013.0,1694354016.0,1694354027.0,29630073.5,1694354014.0,1694354043.0,1694354033.0,1694354036.0,6670.0,1694354043.0,1694354048.0,5.0,,1.0,29.0,5.0,11.0,176643292.0,3.0,20558.0,poseidon,condorpool,poseidon-worker-2-container-8-11,point_alert,/opt/pointAlert/pointAlert,,0.0,0,0,,,,,,,,,
point_alert_ID0000020,None,compute,0,1694354008.0,,,1694354013.0,1694354016.0,1694354027.0,29704515.0,1694354014.0,1694354043.0,1694354032.0,1694354035.0,6647.0,1694354043.0,1694354048.0,5.0,,1.0,29.0,5.0,11.0,176644228.0,3.0,20478.0,poseidon,condorpool,poseidon-worker-1-container-20-23,point_alert,/opt/pointAlert/pointAlert,,0.0,0,0,,,,,,,,,
point_alert_ID0000095,cpu_2,compute,0,1694354013.0,,,1694354018.0,1694354021.0,1694354032.0,35250822.2,1694354020.0,1694354048.0,1694354037.0,1694354040.0,6692.0,1694354048.0,1694354053.0,5.0,,2.0,28.0,5.0,11.0,176660390.0,3.0,20718.0,poseidon,condorpool,poseidon-worker-2-container-40-43,point_alert,/opt/pointAlert/pointAlert,,0.0,0,0,,,,,,,,,
point_alert_ID0000030,None,compute,0,1694354013.0,,,1694354018.0,1694354021.0,1694354032.0,29751478.5,1694354020.0,1694354048.0,1694354037.0,1694354041.0,6485.0,1694354048.0,1694354053.0,5.0,,2.0,28.0,5.0,11.0,176646324.0,4.0,20158.0,poseidon,condorpool,poseidon-worker-1-container-8-11,point_alert,/opt/pointAlert/pointAlert,,0.0,0,0,,,,,,,,,
point_alert_ID0000010,None,compute,0,1694354013.0,,,1694354018.0,1694354021.0,1694354032.0,29482744.5,1694354020.0,1694354048.0,1694354037.0,1694354041.0,6617.0,1694354048.0,1694354053.0,5.0,,2.0,28.0,5.0,11.0,176643412.0,4.0,20478.0,poseidon,condorpool,poseidon-worker-2-container-16-19,point_alert,/opt/pointAlert/pointAlert,,0.0,0,0,,,,,,,,,
point_alert_ID0000060,None,compute,0,1694354013.0,,,1694354018.0,1694354021.0,1694354032.0,29654257.5,1694354020.0,1694354048.0,1694354037.0,1694354040.0,6715.0,1694354048.0,1694354053.0,5.0,,2.0,28.0,5.0,11.0,176636147.0,3.0,20878.0,poseidon,condorpool,poseidon-worker-1-container-16-19,point_alert,/opt/pointAlert/pointAlert,,0.0,0,0,,,,,,,,,
point_alert_ID0000130,None,compute,0,1694354013.0,,,1694354018.0,1694354021.0,1694354032.0,35181449.4,1694354020.0,1694354048.0,1694354037.0,1694354041.0,7484.0,1694354048.0,1694354053.0,5.0,,2.0,28.0,5.0,11.0,176672472.0,4.0,23118.0,poseidon,condorpool,poseidon-worker-2-container-0-3,point_alert,/opt/pointAlert/pointAlert,,0.0,0,0,,,,,,,,,
point_alert_ID0000035,None,compute,0,1694354013.0,,,1694354018.0,1694354021.0,1694354032.0,29618256.0,1694354020.0,1694354048.0,1694354037.0,1694354040.0,6463.0,1694354048.0,1694354053.0,5.0,,2.0,28.0,5.0,11.0,176638959.0,3.0,20078.0,poseidon,condorpool,poseidon-worker-1-container-44-47,point_alert,/opt/pointAlert/pointAlert,,0.0,0,0,,,,,,,,,
point_alert_ID0000025,None,compute,0,1694354018.0,,,1694354023.0,1694354026.0,1694354037.0,29548621.0,1694354024.0,1694354053.0,1694354042.0,1694354046.0,6499.0,1694354053.0,1694354058.0,5.0,,1.0,29.0,5.0,11.0,176638688.0,4.0,20078.0,poseidon,condorpool,poseidon-worker-2-container-44-47,point_alert,/opt/pointAlert/pointAlert,,0.0,0,0,,,,,,,,,
point_alert_ID0000080,cpu_2,compute,0,1694354018.0,,,1694354023.0,1694354026.0,1694354037.0,34351775.2,1694354024.0,1694354053.0,1694354043.0,1694354046.0,6686.0,1694354053.0,1694354058.0,5.0,,1.0,29.0,5.0,11.0,176653320.0,3.0,20718.0,poseidon,condorpool,poseidon-worker-2-container-28-31,point_alert,/opt/pointAlert/pointAlert,,0.0,0,0,,,,,,,,,
point_alert_ID0000085,None,compute,0,1694354018.0,,,1694354023.0,1694354026.0,1694354037.0,29549746.5,1694354024.0,1694354053.0,1694354042.0,1694354045.0,6847.0,1694354053.0,1694354058.0,5.0,,1.0,29.0,5.0,11.0,176655981.0,3.0,21118.0,poseidon,condorpool,poseidon-worker-2-container-36-39,point_alert,/opt/pointAlert/pointAlert,,0.0,0,0,,,,,,,,,
point_alert_ID0000100,None,compute,0,1694354018.0,,,1694354023.0,1694354026.0,1694354037.0,29252321.6,1694354024.0,1694354053.0,1694354043.0,1694354046.0,6625.0,1694354053.0,1694354058.0,5.0,,1.0,29.0,5.0,11.0,176658101.0,3.0,20638.0,poseidon,condorpool,poseidon-worker-2-container-12-15,point_alert,/opt/pointAlert/pointAlert,,0.0,0,0,,,,,,,,,
stage_out_local_condorpool_2_3,None,transfer,0,1694354028.0,,,1694354033.0,,,0.0,1694354033.0,1694354038.0,,,0.0,1694354038.0,1694354043.0,5.0,,0.0,5.0,5.0,,,,,poseidon,local,poseidon-submit,pegasus::transfer,/mnt/poseidon-data/poseidon/pegasus-5.1.0panorama/bin/pegasus-transfer,/home/poseidon/pegasus-5.1.0panorama/bin/../bin/pegasus-kickstart  -n pegasus::transfer -N null -i - -R local  -L casa-wind-full -T 2023-09-08T07:29:05+00:00 /home/poseidon/pegasus-5.1.0panorama/bin/../bin/pegasus-transfer  --threads 2,0.9,0,0,,,,,,,,,
point_alert_ID0000050,None,compute,0,1694354028.0,,,1694354033.0,1694354036.0,1694354047.0,33881159.8,1694354034.0,1694354063.0,1694354052.0,1694354055.0,6619.0,1694354063.0,1694354068.0,5.0,,1.0,29.0,5.0,11.0,176632091.0,3.0,20878.0,poseidon,condorpool,poseidon-worker-2-container-12-15,point_alert,/opt/pointAlert/pointAlert,,0.0,0,0,,,,,,,,,
stage_out_local_condorpool_2_0,None,transfer,0,1694354028.0,,,1694354033.0,,,0.0,1694354033.0,1694354038.0,,,0.0,1694354038.0,1694354043.0,5.0,,0.0,5.0,5.0,,,,,poseidon,local,poseidon-submit,pegasus::transfer,/mnt/poseidon-data/poseidon/pegasus-5.1.0panorama/bin/pegasus-transfer,/home/poseidon/pegasus-5.1.0panorama/bin/../bin/pegasus-kickstart  -n pegasus::transfer -N null -i - -R local  -L casa-wind-full -T 2023-09-08T07:29:05+00:00 /home/poseidon/pegasus-5.1.0panorama/bin/../bin/pegasus-transfer  --threads 2,0.9,0,0,,,,,,,,,
point_alert_ID0000110,None,compute,0,1694354028.0,,,1694354033.0,1694354036.0,1694354047.0,33759996.6,1694354034.0,1694354063.0,1694354052.0,1694354055.0,6703.0,1694354063.0,1694354068.0,5.0,,1.0,29.0,5.0,11.0,176667937.0,3.0,21038.0,poseidon,condorpool,poseidon-worker-1-container-24-27,point_alert,/opt/pointAlert/pointAlert,,0.0,0,0,,,,,,,,,
point_alert_ID0000090,None,compute,0,1694354028.0,,,1694354033.0,1694354036.0,1694354047.0,29695232.4,1694354034.0,1694354063.0,1694354052.0,1694354056.0,6583.0,1694354063.0,1694354068.0,5.0,,1.0,29.0,5.0,11.0,176656458.0,4.0,20638.0,poseidon,condorpool,poseidon-worker-1-container-0-3,point_alert,/opt/pointAlert/pointAlert,,0.0,0,0,,,,,,,,,
point_alert_ID0000115,None,compute,0,1694354028.0,,,1694354033.0,1694354036.0,1694354048.0,29730181.6,1694354034.0,1694354063.0,1694354053.0,1694354056.0,6911.0,1694354063.0,1694354068.0,5.0,,1.0,29.0,5.0,12.0,176681217.0,3.0,21598.0,poseidon,condorpool,poseidon-worker-1-container-0-3,point_alert,/opt/pointAlert/pointAlert,,0.0,0,0,,,,,,,,,
point_alert_ID0000075,None,compute,0,1694354028.0,,,1694354033.0,1694354036.0,1694354047.0,29605001.5,1694354034.0,1694354063.0,1694354052.0,1694354055.0,6603.0,1694354063.0,1694354068.0,5.0,,1.0,29.0,5.0,11.0,176646838.0,3.0,20558.0,poseidon,condorpool,poseidon-worker-1-container-44-47,point_alert,/opt/pointAlert/pointAlert,,0.0,0,0,,,,,,,,,
point_alert_ID0000120,None,compute,0,1694354028.0,,,1694354033.0,1694354035.0,1694354047.0,34103578.4,1694354034.0,1694354063.0,1694354052.0,1694354055.0,6943.0,1694354063.0,1694354068.0,5.0,,1.0,29.0,5.0,12.0,176673508.0,3.0,21998.0,poseidon,condorpool,poseidon-worker-1-container-28-31,point_alert,/opt/pointAlert/pointAlert,,0.0,0,0,,,,,,,,,
point_alert_ID0000045,None,compute,0,1694354028.0,,,1694354033.0,1694354036.0,1694354047.0,29605280.0,1694354034.0,1694354063.0,1694354052.0,1694354055.0,6693.0,1694354063.0,1694354068.0,5.0,,1.0,29.0,5.0,11.0,176636096.0,3.0,20798.0,poseidon,condorpool,poseidon-worker-2-container-36-39,point_alert,/opt/pointAlert/pointAlert,,0.0,0,0,,,,,,,,,
point_alert_ID0000005,None,compute,0,1694354028.0,,,1694354033.0,1694354036.0,1694354047.0,29865311.5,1694354034.0,1694354063.0,1694354052.0,1694354055.0,6462.0,1694354063.0,1694354068.0,5.0,,1.0,29.0,5.0,11.0,176636764.0,3.0,20398.0,poseidon,condorpool,poseidon-worker-1-container-12-15,point_alert,/opt/pointAlert/pointAlert,,0.0,0,0,,,,,,,,,
point_alert_ID0000065,None,compute,0,1694354028.0,,,1694354033.0,1694354036.0,1694354047.0,29745972.6,1694354034.0,1694354063.0,1694354053.0,1694354056.0,6443.0,1694354063.0,1694354068.0,5.0,,1.0,29.0,5.0,11.0,176639131.0,3.0,20238.0,poseidon,condorpool,poseidon-worker-2-container-44-47,point_alert,/opt/pointAlert/pointAlert,,0.0,0,0,,,,,,,,,
stage_out_local_condorpool_2_1,None,transfer,0,1694354038.0,,,1694354043.0,,,0.0,1694354044.0,1694354048.0,,,0.0,1694354048.0,1694354053.0,5.0,,1.0,4.0,5.0,,,,,poseidon,local,poseidon-submit,pegasus::transfer,/mnt/poseidon-data/poseidon/pegasus-5.1.0panorama/bin/pegasus-transfer,/home/poseidon/pegasus-5.1.0panorama/bin/../bin/pegasus-kickstart  -n pegasus::transfer -N null -i - -R local  -L casa-wind-full -T 2023-09-08T07:29:05+00:00 /home/poseidon/pegasus-5.1.0panorama/bin/../bin/pegasus-transfer  --threads 2,0.9,0,0,,,,,,,,,
point_alert_ID0000125,None,compute,0,1694354038.0,,,1694354043.0,1694354046.0,1694354057.0,29633796.0,1694354045.0,1694354073.0,1694354062.0,1694354065.0,7475.0,1694354073.0,1694354078.0,5.0,,2.0,28.0,5.0,11.0,176678547.0,3.0,22878.0,poseidon,condorpool,poseidon-worker-2-container-8-11,point_alert,/opt/pointAlert/pointAlert,,0.0,0,0,,,,,,,,,
register_condorpool_2_3,None,auxiliary,0,1694354043.0,,,1694354058.0,,,0.0,1694354058.0,1694354063.0,,,0.0,1694354063.0,1694354068.0,15.0,,0.0,5.0,5.0,,,,,poseidon,local,poseidon-submit,pegasus::rc-client,/mnt/poseidon-data/poseidon/pegasus-5.1.0panorama/bin/pegasus-rc-client,"-n pegasus::rc-client -N null -R local  -L casa-wind-full -T 2023-09-08T07:29:05+00:00 /home/poseidon/pegasus-5.1.0panorama/bin/pegasus-rc-client --prefix pegasus.catalog.replica.output --conf /mnt/poseidon-data/poseidon/workflows/casa-wind-workflow-full/submit/poseidon/pegasus/casa-wind-full/run0155/pegasus.11731757600271607284.properties -v --meta /mnt/poseidon-data/poseidon/workflows/casa-wind-workflow-full/submit/poseidon/pegasus/casa-wind-full/run0155/00/01/mvt_ID0000084.meta,/mnt/poseidon-data/poseidon/workflows/casa-wind-workflow-full/submit/poseidon/pegasus/casa-wind-full/run0155/00/02/post_vel_ID0000103.meta,/mnt/poseidon-data/poseidon/workflows/casa-wind-workflow-full/submit/poseidon/pegasus/casa-wind-full/run0155/00/01/post_vel_ID0000098.meta,/mnt/poseidon-data/poseidon/workflows/casa-wind-workflow-full/submit/poseidon/pegasus/casa-wind-full/run0155/00/02/post_vel_ID0000048.meta,/mnt/poseidon-data/poseidon/workflows/casa-wind-workflow-full/submit/poseidon/pegasus/casa-wind-full/run0155/00/01/mvt_ID0000009.meta,/mnt/poseidon-data/poseidon/workflows/casa-wind-workflow-full/submit/poseidon/pegasus/casa-wind-full/run0155/00/01/post_vel_ID0000018.meta,/mnt/poseidon-data/poseidon/workflows/casa-wind-workflow-full/submit/poseidon/pegasus/casa-wind-full/run0155/00/01/mvt_ID0000089.meta,/mnt/poseidon-data/poseidon/workflows/casa-wind-workflow-full/submit/poseidon/pegasus/casa-wind-full/run0155/00/02/mvt_ID0000074.meta,/mnt/poseidon-data/poseidon/workflows/casa-wind-workflow-full/submit/poseidon/pegasus/casa-wind-full/run0155/00/02/post_vel_ID0000038.meta --insert /mnt/poseidon-data/poseidon/workflows/casa-wind-workflow-full/submit/poseidon/pegasus/casa-wind-full/run0155/00/02/register_condorpool_2_3.in",2.6,0,0,,,,,,,,,
register_condorpool_2_0,None,auxiliary,0,1694354043.0,,,1694354048.0,,,0.0,1694354049.0,1694354053.0,,,0.0,1694354053.0,1694354058.0,5.0,,1.0,4.0,5.0,,,,,poseidon,local,poseidon-submit,pegasus::rc-client,/mnt/poseidon-data/poseidon/pegasus-5.1.0panorama/bin/pegasus-rc-client,"-n pegasus::rc-client -N null -R local  -L casa-wind-full -T 2023-09-08T07:29:05+00:00 /home/poseidon/pegasus-5.1.0panorama/bin/pegasus-rc-client --prefix pegasus.catalog.replica.output --conf /mnt/poseidon-data/poseidon/workflows/casa-wind-workflow-full/submit/poseidon/pegasus/casa-wind-full/run0155/pegasus.11731757600271607284.properties -v --meta /mnt/poseidon-data/poseidon/workflows/casa-wind-workflow-full/submit/poseidon/pegasus/casa-wind-full/run0155/00/01/post_vel_ID0000023.meta,/mnt/poseidon-data/poseidon/workflows/casa-wind-workflow-full/submit/poseidon/pegasus/casa-wind-full/run0155/00/01/post_vel_ID0000093.meta,/mnt/poseidon-data/poseidon/workflows/casa-wind-workflow-full/submit/poseidon/pegasus/casa-wind-full/run0155/00/01/mvt_ID0000129.meta,/mnt/poseidon-data/poseidon/workflows/casa-wind-workflow-full/submit/poseidon/pegasus/casa-wind-full/run0155/00/02/mvt_ID0000044.meta,/mnt/poseidon-data/poseidon/workflows/casa-wind-workflow-full/submit/poseidon/pegasus/casa-wind-full/run0155/00/02/post_vel_ID0000058.meta,/mnt/poseidon-data/poseidon/workflows/casa-wind-workflow-full/submit/poseidon/pegasus/casa-wind-full/run0155/00/01/post_vel_ID0000068.meta,/mnt/poseidon-data/poseidon/workflows/casa-wind-workflow-full/submit/poseidon/pegasus/casa-wind-full/run0155/00/01/post_vel_ID0000123.meta,/mnt/poseidon-data/poseidon/workflows/casa-wind-workflow-full/submit/poseidon/pegasus/casa-wind-full/run0155/00/02/post_vel_ID0000078.meta,/mnt/poseidon-data/poseidon/workflows/casa-wind-workflow-full/submit/poseidon/pegasus/casa-wind-full/run0155/00/01/mvt_ID0000029.meta --insert /mnt/poseidon-data/poseidon/workflows/casa-wind-workflow-full/submit/poseidon/pegasus/casa-wind-full/run0155/00/02/register_condorpool_2_0.in",2.7,0,0,,,,,,,,,
point_alert_ID0000015,None,compute,0,1694354043.0,,,1694354048.0,1694354051.0,1694354062.0,29613090.5,1694354050.0,1694354078.0,1694354067.0,1694354070.0,6670.0,1694354078.0,1694354083.0,5.0,,2.0,28.0,5.0,11.0,176639974.0,3.0,20558.0,poseidon,condorpool,poseidon-worker-2-container-32-35,point_alert,/opt/pointAlert/pointAlert,,0.0,0,0,,,,,,,,,
stage_out_local_condorpool_2_2,None,transfer,0,1694354043.0,,,1694354048.0,,,0.0,1694354049.0,1694354058.0,,,0.0,1694354058.0,1694354063.0,5.0,,1.0,9.0,5.0,,,,,poseidon,local,poseidon-submit,pegasus::transfer,/mnt/poseidon-data/poseidon/pegasus-5.1.0panorama/bin/pegasus-transfer,/home/poseidon/pegasus-5.1.0panorama/bin/../bin/pegasus-kickstart  -n pegasus::transfer -N null -i - -R local  -L casa-wind-full -T 2023-09-08T07:29:05+00:00 /home/poseidon/pegasus-5.1.0panorama/bin/../bin/pegasus-transfer  --threads 2,0.9,0,0,,,,,,,,,
stage_out_local_condorpool_2_5,None,transfer,0,1694354043.0,,,1694354048.0,,,0.0,1694354049.0,1694354058.0,,,0.0,1694354058.0,1694354063.0,5.0,,1.0,9.0,5.0,,,,,poseidon,local,poseidon-submit,pegasus::transfer,/mnt/poseidon-data/poseidon/pegasus-5.1.0panorama/bin/pegasus-transfer,/home/poseidon/pegasus-5.1.0panorama/bin/../bin/pegasus-kickstart  -n pegasus::transfer -N null -i - -R local  -L casa-wind-full -T 2023-09-08T07:29:05+00:00 /home/poseidon/pegasus-5.1.0panorama/bin/../bin/pegasus-transfer  --threads 2,0.9,0,0,,,,,,,,,
stage_out_local_condorpool_2_4,None,transfer,0,1694354043.0,,,1694354048.0,,,0.0,1694354049.0,1694354058.0,,,0.0,1694354058.0,1694354063.0,5.0,,1.0,9.0,5.0,,,,,poseidon,local,poseidon-submit,pegasus::transfer,/mnt/poseidon-data/poseidon/pegasus-5.1.0panorama/bin/pegasus-transfer,/home/poseidon/pegasus-5.1.0panorama/bin/../bin/pegasus-kickstart  -n pegasus::transfer -N null -i - -R local  -L casa-wind-full -T 2023-09-08T07:29:05+00:00 /home/poseidon/pegasus-5.1.0panorama/bin/../bin/pegasus-transfer  --threads 2,0.9,0,0,,,,,,,,,
point_alert_ID0000105,None,compute,0,1694354043.0,,,1694354048.0,1694354051.0,1694354062.0,29573457.0,1694354050.0,1694354078.0,1694354067.0,1694354071.0,6917.0,1694354078.0,1694354083.0,5.0,,2.0,28.0,5.0,11.0,176667573.0,4.0,21278.0,poseidon,condorpool,poseidon-worker-1-container-16-19,point_alert,/opt/pointAlert/pointAlert,,0.0,0,0,,,,,,,,,
point_alert_ID0000055,None,compute,0,1694354043.0,,,1694354048.0,1694354051.0,1694354062.0,29603506.0,1694354050.0,1694354078.0,1694354067.0,1694354071.0,6719.0,1694354078.0,1694354083.0,5.0,,2.0,28.0,5.0,11.0,176636535.0,4.0,20638.0,poseidon,condorpool,poseidon-worker-1-container-20-23,point_alert,/opt/pointAlert/pointAlert,,0.0,0,0,,,,,,,,,
register_condorpool_2_1,None,auxiliary,0,1694354053.0,,,1694354068.0,,,0.0,1694354069.0,1694354073.0,,,0.0,1694354073.0,1694354078.0,15.0,,1.0,4.0,5.0,,,,,poseidon,local,poseidon-submit,pegasus::rc-client,/mnt/poseidon-data/poseidon/pegasus-5.1.0panorama/bin/pegasus-rc-client,"-n pegasus::rc-client -N null -R local  -L casa-wind-full -T 2023-09-08T07:29:05+00:00 /home/poseidon/pegasus-5.1.0panorama/bin/pegasus-rc-client --prefix pegasus.catalog.replica.output --conf /mnt/poseidon-data/poseidon/workflows/casa-wind-workflow-full/submit/poseidon/pegasus/casa-wind-full/run0155/pegasus.11731757600271607284.properties -v --meta /mnt/poseidon-data/poseidon/workflows/casa-wind-workflow-full/submit/poseidon/pegasus/casa-wind-full/run0155/00/01/post_vel_ID0000028.meta,/mnt/poseidon-data/poseidon/workflows/casa-wind-workflow-full/submit/poseidon/pegasus/casa-wind-full/run0155/00/02/post_vel_ID0000043.meta,/mnt/poseidon-data/poseidon/workflows/casa-wind-workflow-full/submit/poseidon/pegasus/casa-wind-full/run0155/00/01/post_vel_ID0000128.meta,/mnt/poseidon-data/poseidon/workflows/casa-wind-workflow-full/submit/poseidon/pegasus/casa-wind-full/run0155/00/01/mvt_ID0000094.meta,/mnt/poseidon-data/poseidon/workflows/casa-wind-workflow-full/submit/poseidon/pegasus/casa-wind-full/run0155/00/01/mvt_ID0000069.meta,/mnt/poseidon-data/poseidon/workflows/casa-wind-workflow-full/submit/poseidon/pegasus/casa-wind-full/run0155/00/02/mvt_ID0000059.meta,/mnt/poseidon-data/poseidon/workflows/casa-wind-workflow-full/submit/poseidon/pegasus/casa-wind-full/run0155/00/01/mvt_ID0000124.meta,/mnt/poseidon-data/poseidon/workflows/casa-wind-workflow-full/submit/poseidon/pegasus/casa-wind-full/run0155/00/01/mvt_ID0000024.meta,/mnt/poseidon-data/poseidon/workflows/casa-wind-workflow-full/submit/poseidon/pegasus/casa-wind-full/run0155/00/02/mvt_ID0000079.meta --insert /mnt/poseidon-data/poseidon/workflows/casa-wind-workflow-full/submit/poseidon/pegasus/casa-wind-full/run0155/00/02/register_condorpool_2_1.in",2.7,0,0,,,,,,,,,
register_condorpool_2_4,None,auxiliary,0,1694354063.0,,,1694354129.0,,,0.0,1694354130.0,1694354134.0,,,0.0,1694354134.0,1694354139.0,66.0,,1.0,4.0,5.0,,,,,poseidon,local,poseidon-submit,pegasus::rc-client,/mnt/poseidon-data/poseidon/pegasus-5.1.0panorama/bin/pegasus-rc-client,"-n pegasus::rc-client -N null -R local  -L casa-wind-full -T 2023-09-08T07:29:05+00:00 /home/poseidon/pegasus-5.1.0panorama/bin/pegasus-rc-client --prefix pegasus.catalog.replica.output --conf /mnt/poseidon-data/poseidon/workflows/casa-wind-workflow-full/submit/poseidon/pegasus/casa-wind-full/run0155/pegasus.11731757600271607284.properties -v --meta /mnt/poseidon-data/poseidon/workflows/casa-wind-workflow-full/submit/poseidon/pegasus/casa-wind-full/run0155/00/02/post_vel_ID0000108.meta,/mnt/poseidon-data/poseidon/workflows/casa-wind-workflow-full/submit/poseidon/pegasus/casa-wind-full/run0155/00/01/post_vel_ID0000063.meta,/mnt/poseidon-data/poseidon/workflows/casa-wind-workflow-full/submit/poseidon/pegasus/casa-wind-full/run0155/00/01/post_vel_ID0000013.meta,/mnt/poseidon-data/poseidon/workflows/casa-wind-workflow-full/submit/poseidon/pegasus/casa-wind-full/run0155/00/02/mvt_ID0000054.meta,/mnt/poseidon-data/poseidon/workflows/casa-wind-workflow-full/submit/poseidon/pegasus/casa-wind-full/run0155/00/01/post_vel_ID0000033.meta,/mnt/poseidon-data/poseidon/workflows/casa-wind-workflow-full/submit/poseidon/pegasus/casa-wind-full/run0155/00/02/post_vel_ID0000113.meta,/mnt/poseidon-data/poseidon/workflows/casa-wind-workflow-full/submit/poseidon/pegasus/casa-wind-full/run0155/00/01/post_vel_ID0000003.meta,/mnt/poseidon-data/poseidon/workflows/casa-wind-workflow-full/submit/poseidon/pegasus/casa-wind-full/run0155/00/01/post_vel_ID0000118.meta --insert /mnt/poseidon-data/poseidon/workflows/casa-wind-workflow-full/submit/poseidon/pegasus/casa-wind-full/run0155/00/02/register_condorpool_2_4.in",2.7,0,0,,,,,,,,,
register_condorpool_2_5,None,auxiliary,0,1694354063.0,,,1694354088.0,,,0.0,1694354089.0,1694354093.0,,,0.0,1694354093.0,1694354098.0,25.0,,1.0,4.0,5.0,,,,,poseidon,local,poseidon-submit,pegasus::rc-client,/mnt/poseidon-data/poseidon/pegasus-5.1.0panorama/bin/pegasus-rc-client,"-n pegasus::rc-client -N null -R local  -L casa-wind-full -T 2023-09-08T07:29:05+00:00 /home/poseidon/pegasus-5.1.0panorama/bin/pegasus-rc-client --prefix pegasus.catalog.replica.output --conf /mnt/poseidon-data/poseidon/workflows/casa-wind-workflow-full/submit/poseidon/pegasus/casa-wind-full/run0155/pegasus.11731757600271607284.properties -v --meta /mnt/poseidon-data/poseidon/workflows/casa-wind-workflow-full/submit/poseidon/pegasus/casa-wind-full/run0155/00/01/mvt_ID0000004.meta,/mnt/poseidon-data/poseidon/workflows/casa-wind-workflow-full/submit/poseidon/pegasus/casa-wind-full/run0155/00/01/mvt_ID0000119.meta,/mnt/poseidon-data/poseidon/workflows/casa-wind-workflow-full/submit/poseidon/pegasus/casa-wind-full/run0155/00/02/post_vel_ID0000053.meta,/mnt/poseidon-data/poseidon/workflows/casa-wind-workflow-full/submit/poseidon/pegasus/casa-wind-full/run0155/00/02/mvt_ID0000114.meta,/mnt/poseidon-data/poseidon/workflows/casa-wind-workflow-full/submit/poseidon/pegasus/casa-wind-full/run0155/00/01/mvt_ID0000034.meta,/mnt/poseidon-data/poseidon/workflows/casa-wind-workflow-full/submit/poseidon/pegasus/casa-wind-full/run0155/00/01/mvt_ID0000014.meta,/mnt/poseidon-data/poseidon/workflows/casa-wind-workflow-full/submit/poseidon/pegasus/casa-wind-full/run0155/00/02/mvt_ID0000109.meta,/mnt/poseidon-data/poseidon/workflows/casa-wind-workflow-full/submit/poseidon/pegasus/casa-wind-full/run0155/00/01/mvt_ID0000064.meta --insert /mnt/poseidon-data/poseidon/workflows/casa-wind-workflow-full/submit/poseidon/pegasus/casa-wind-full/run0155/00/02/register_condorpool_2_5.in",2.7,0,0,,,,,,,,,
register_condorpool_2_2,None,auxiliary,0,1694354063.0,,,1694354078.0,,,0.0,1694354078.0,1694354083.0,,,0.0,1694354083.0,1694354088.0,15.0,,0.0,5.0,5.0,,,,,poseidon,local,poseidon-submit,pegasus::rc-client,/mnt/poseidon-data/poseidon/pegasus-5.1.0panorama/bin/pegasus-rc-client,"-n pegasus::rc-client -N null -R local  -L casa-wind-full -T 2023-09-08T07:29:05+00:00 /home/poseidon/pegasus-5.1.0panorama/bin/pegasus-rc-client --prefix pegasus.catalog.replica.output --conf /mnt/poseidon-data/poseidon/workflows/casa-wind-workflow-full/submit/poseidon/pegasus/casa-wind-full/run0155/pegasus.11731757600271607284.properties -v --meta /mnt/poseidon-data/poseidon/workflows/casa-wind-workflow-full/submit/poseidon/pegasus/casa-wind-full/run0155/00/02/post_vel_ID0000073.meta,/mnt/poseidon-data/poseidon/workflows/casa-wind-workflow-full/submit/poseidon/pegasus/casa-wind-full/run0155/00/02/mvt_ID0000039.meta,/mnt/poseidon-data/poseidon/workflows/casa-wind-workflow-full/submit/poseidon/pegasus/casa-wind-full/run0155/00/01/mvt_ID0000099.meta,/mnt/poseidon-data/poseidon/workflows/casa-wind-workflow-full/submit/poseidon/pegasus/casa-wind-full/run0155/00/01/post_vel_ID0000008.meta,/mnt/poseidon-data/poseidon/workflows/casa-wind-workflow-full/submit/poseidon/pegasus/casa-wind-full/run0155/00/02/mvt_ID0000049.meta,/mnt/poseidon-data/poseidon/workflows/casa-wind-workflow-full/submit/poseidon/pegasus/casa-wind-full/run0155/00/01/mvt_ID0000019.meta,/mnt/poseidon-data/poseidon/workflows/casa-wind-workflow-full/submit/poseidon/pegasus/casa-wind-full/run0155/00/02/mvt_ID0000104.meta,/mnt/poseidon-data/poseidon/workflows/casa-wind-workflow-full/submit/poseidon/pegasus/casa-wind-full/run0155/00/01/post_vel_ID0000083.meta,/mnt/poseidon-data/poseidon/workflows/casa-wind-workflow-full/submit/poseidon/pegasus/casa-wind-full/run0155/00/01/post_vel_ID0000088.meta --insert /mnt/poseidon-data/poseidon/workflows/casa-wind-workflow-full/submit/poseidon/pegasus/casa-wind-full/run0155/00/02/register_condorpool_2_2.in",2.7,0,0,,,,,,,,,
stage_out_local_condorpool_3_0,None,transfer,0,1694354078.0,,,1694354083.0,,,0.0,1694354083.0,1694354088.0,,,0.0,1694354088.0,1694354093.0,5.0,,0.0,5.0,5.0,,,,,poseidon,local,poseidon-submit,pegasus::transfer,/mnt/poseidon-data/poseidon/pegasus-5.1.0panorama/bin/pegasus-transfer,/home/poseidon/pegasus-5.1.0panorama/bin/../bin/pegasus-kickstart  -n pegasus::transfer -N null -i - -R local  -L casa-wind-full -T 2023-09-08T07:29:05+00:00 /home/poseidon/pegasus-5.1.0panorama/bin/../bin/pegasus-transfer  --threads 2,0.9,0,0,,,,,,,,,
stage_out_local_condorpool_3_2,None,transfer,0,1694354083.0,,,1694354088.0,,,0.0,1694354089.0,1694354093.0,,,0.0,1694354093.0,1694354098.0,5.0,,1.0,4.0,5.0,,,,,poseidon,local,poseidon-submit,pegasus::transfer,/mnt/poseidon-data/poseidon/pegasus-5.1.0panorama/bin/pegasus-transfer,/home/poseidon/pegasus-5.1.0panorama/bin/../bin/pegasus-kickstart  -n pegasus::transfer -N null -i - -R local  -L casa-wind-full -T 2023-09-08T07:29:05+00:00 /home/poseidon/pegasus-5.1.0panorama/bin/../bin/pegasus-transfer  --threads 2,0.9,0,0,,,,,,,,,
stage_out_local_condorpool_3_1,None,transfer,0,1694354083.0,,,1694354088.0,,,0.0,1694354089.0,1694354093.0,,,0.0,1694354093.0,1694354098.0,5.0,,1.0,4.0,5.0,,,,,poseidon,local,poseidon-submit,pegasus::transfer,/mnt/poseidon-data/poseidon/pegasus-5.1.0panorama/bin/pegasus-transfer,/home/poseidon/pegasus-5.1.0panorama/bin/../bin/pegasus-kickstart  -n pegasus::transfer -N null -i - -R local  -L casa-wind-full -T 2023-09-08T07:29:05+00:00 /home/poseidon/pegasus-5.1.0panorama/bin/../bin/pegasus-transfer  --threads 2,1.0,0,0,,,,,,,,,
register_condorpool_3_0,None,auxiliary,0,1694354093.0,,,1694354098.0,,,0.0,1694354099.0,1694354104.0,,,0.0,1694354104.0,1694354109.0,5.0,,1.0,5.0,5.0,,,,,poseidon,local,poseidon-submit,pegasus::rc-client,/mnt/poseidon-data/poseidon/pegasus-5.1.0panorama/bin/pegasus-rc-client,"-n pegasus::rc-client -N null -R local  -L casa-wind-full -T 2023-09-08T07:29:05+00:00 /home/poseidon/pegasus-5.1.0panorama/bin/pegasus-rc-client --prefix pegasus.catalog.replica.output --conf /mnt/poseidon-data/poseidon/workflows/casa-wind-workflow-full/submit/poseidon/pegasus/casa-wind-full/run0155/pegasus.11731757600271607284.properties -v --meta /mnt/poseidon-data/poseidon/workflows/casa-wind-workflow-full/submit/poseidon/pegasus/casa-wind-full/run0155/00/02/point_alert_ID0000125.meta,/mnt/poseidon-data/poseidon/workflows/casa-wind-workflow-full/submit/poseidon/pegasus/casa-wind-full/run0155/00/02/point_alert_ID0000095.meta,/mnt/poseidon-data/poseidon/workflows/casa-wind-workflow-full/submit/poseidon/pegasus/casa-wind-full/run0155/00/03/point_alert_ID0000060.meta,/mnt/poseidon-data/poseidon/workflows/casa-wind-workflow-full/submit/poseidon/pegasus/casa-wind-full/run0155/00/02/point_alert_ID0000030.meta,/mnt/poseidon-data/poseidon/workflows/casa-wind-workflow-full/submit/poseidon/pegasus/casa-wind-full/run0155/00/02/point_alert_ID0000025.meta,/mnt/poseidon-data/poseidon/workflows/casa-wind-workflow-full/submit/poseidon/pegasus/casa-wind-full/run0155/00/03/point_alert_ID0000045.meta,/mnt/poseidon-data/poseidon/workflows/casa-wind-workflow-full/submit/poseidon/pegasus/casa-wind-full/run0155/00/02/point_alert_ID0000130.meta,/mnt/poseidon-data/poseidon/workflows/casa-wind-workflow-full/submit/poseidon/pegasus/casa-wind-full/run0155/00/02/point_alert_ID0000070.meta,/mnt/poseidon-data/poseidon/workflows/casa-wind-workflow-full/submit/poseidon/pegasus/casa-wind-full/run0155/00/02/point_alert_ID0000080.meta --insert /mnt/poseidon-data/poseidon/workflows/casa-wind-workflow-full/submit/poseidon/pegasus/casa-wind-full/run0155/00/03/register_condorpool_3_0.in",2.7,0,0,,,,,,,,,
cleanup_casa-wind-full_0_condorpool,None,auxiliary,0,1694354098.0,,,1694354103.0,,,0.0,1694354104.0,1694354109.0,,,0.0,1694354109.0,1694354114.0,5.0,,1.0,5.0,5.0,,,,,poseidon,local,poseidon-submit,pegasus::cleanup,/mnt/poseidon-data/poseidon/pegasus-5.1.0panorama/bin/pegasus-transfer,pegasus-kickstart  -n pegasus::cleanup -N null -i - -R local  -L casa-wind-full -T 2023-09-08T07:29:05+00:00 pegasus-transfer,0.2,0,0,,,,,,,,,
register_condorpool_3_2,None,auxiliary,0,1694354098.0,,,1694354119.0,,,0.0,1694354120.0,1694354124.0,,,0.0,1694354124.0,1694354129.0,21.0,,1.0,4.0,5.0,,,,,poseidon,local,poseidon-submit,pegasus::rc-client,/mnt/poseidon-data/poseidon/pegasus-5.1.0panorama/bin/pegasus-rc-client,"-n pegasus::rc-client -N null -R local  -L casa-wind-full -T 2023-09-08T07:29:05+00:00 /home/poseidon/pegasus-5.1.0panorama/bin/pegasus-rc-client --prefix pegasus.catalog.replica.output --conf /mnt/poseidon-data/poseidon/workflows/casa-wind-workflow-full/submit/poseidon/pegasus/casa-wind-full/run0155/pegasus.11731757600271607284.properties -v --meta /mnt/poseidon-data/poseidon/workflows/casa-wind-workflow-full/submit/poseidon/pegasus/casa-wind-full/run0155/00/03/point_alert_ID0000110.meta,/mnt/poseidon-data/poseidon/workflows/casa-wind-workflow-full/submit/poseidon/pegasus/casa-wind-full/run0155/00/03/point_alert_ID0000055.meta,/mnt/poseidon-data/poseidon/workflows/casa-wind-workflow-full/submit/poseidon/pegasus/casa-wind-full/run0155/00/02/point_alert_ID0000115.meta,/mnt/poseidon-data/poseidon/workflows/casa-wind-workflow-full/submit/poseidon/pegasus/casa-wind-full/run0155/00/02/point_alert_ID0000120.meta,/mnt/poseidon-data/poseidon/workflows/casa-wind-workflow-full/submit/poseidon/pegasus/casa-wind-full/run0155/00/02/point_alert_ID0000035.meta,/mnt/poseidon-data/poseidon/workflows/casa-wind-workflow-full/submit/poseidon/pegasus/casa-wind-full/run0155/00/02/point_alert_ID0000015.meta,/mnt/poseidon-data/poseidon/workflows/casa-wind-workflow-full/submit/poseidon/pegasus/casa-wind-full/run0155/00/02/point_alert_ID0000065.meta,/mnt/poseidon-data/poseidon/workflows/casa-wind-workflow-full/submit/poseidon/pegasus/casa-wind-full/run0155/00/02/point_alert_ID0000005.meta --insert /mnt/poseidon-data/poseidon/workflows/casa-wind-workflow-full/submit/poseidon/pegasus/casa-wind-full/run0155/00/03/register_condorpool_3_2.in",2.6,0,0,,,,,,,,,
register_condorpool_3_1,None,auxiliary,0,1694354098.0,,,1694354109.0,,,0.0,1694354109.0,1694354114.0,,,0.0,1694354114.0,1694354119.0,11.0,,0.0,5.0,5.0,,,,,poseidon,local,poseidon-submit,pegasus::rc-client,/mnt/poseidon-data/poseidon/pegasus-5.1.0panorama/bin/pegasus-rc-client,"-n pegasus::rc-client -N null -R local  -L casa-wind-full -T 2023-09-08T07:29:05+00:00 /home/poseidon/pegasus-5.1.0panorama/bin/pegasus-rc-client --prefix pegasus.catalog.replica.output --conf /mnt/poseidon-data/poseidon/workflows/casa-wind-workflow-full/submit/poseidon/pegasus/casa-wind-full/run0155/pegasus.11731757600271607284.properties -v --meta /mnt/poseidon-data/poseidon/workflows/casa-wind-workflow-full/submit/poseidon/pegasus/casa-wind-full/run0155/00/02/point_alert_ID0000010.meta,/mnt/poseidon-data/poseidon/workflows/casa-wind-workflow-full/submit/poseidon/pegasus/casa-wind-full/run0155/00/02/point_alert_ID0000090.meta,/mnt/poseidon-data/poseidon/workflows/casa-wind-workflow-full/submit/poseidon/pegasus/casa-wind-full/run0155/00/02/point_alert_ID0000085.meta,/mnt/poseidon-data/poseidon/workflows/casa-wind-workflow-full/submit/poseidon/pegasus/casa-wind-full/run0155/00/02/point_alert_ID0000075.meta,/mnt/poseidon-data/poseidon/workflows/casa-wind-workflow-full/submit/poseidon/pegasus/casa-wind-full/run0155/00/02/point_alert_ID0000100.meta,/mnt/poseidon-data/poseidon/workflows/casa-wind-workflow-full/submit/poseidon/pegasus/casa-wind-full/run0155/00/03/point_alert_ID0000040.meta,/mnt/poseidon-data/poseidon/workflows/casa-wind-workflow-full/submit/poseidon/pegasus/casa-wind-full/run0155/00/02/point_alert_ID0000020.meta,/mnt/poseidon-data/poseidon/workflows/casa-wind-workflow-full/submit/poseidon/pegasus/casa-wind-full/run0155/00/03/point_alert_ID0000050.meta,/mnt/poseidon-data/poseidon/workflows/casa-wind-workflow-full/submit/poseidon/pegasus/casa-wind-full/run0155/00/03/point_alert_ID0000105.meta --insert /mnt/poseidon-data/poseidon/workflows/casa-wind-workflow-full/submit/poseidon/pegasus/casa-wind-full/run0155/00/03/register_condorpool_3_1.in",2.8,0,0,,,,,,,,,
