,anomaly_type,type,is_clustered,ready,pre_script_start,pre_script_end,submit,stage_in_start,stage_in_end,stage_in_effective_bytes_per_sec,execute_start,execute_end,stage_out_start,stage_out_end,stage_out_effective_bytes_per_sec,post_script_start,post_script_end,wms_delay,pre_script_delay,queue_delay,runtime,post_script_delay,stage_in_delay,stage_in_bytes,stage_out_delay,stage_out_bytes,kickstart_user,kickstart_site,kickstart_hostname,kickstart_transformations,kickstart_executables,kickstart_executables_argv,kickstart_executables_cpu_time,kickstart_status,kickstart_executables_exitcode,kickstart_online_iowait,kickstart_online_bytes_read,kickstart_online_bytes_written,kickstart_online_read_system_calls,kickstart_online_write_system_calls,kickstart_online_utime,kickstart_online_stime,kickstart_online_bytes_read_per_second,kickstart_online_bytes_written_per_second
create_dir_casa-wind-full_0_condorpool,None,auxiliary,0,1694465484.0,,,1694465485.0,,,0.0,1694465490.0,1694465495.0,,,0.0,1694465495.0,1694465500.0,1.0,,5.0,5.0,5.0,,,,,poseidon,local,poseidon-submit,pegasus::dirmanager,/mnt/poseidon-data/poseidon/pegasus-5.1.0panorama/bin/pegasus-transfer,pegasus-kickstart  -n pegasus::dirmanager -N null -i - -R local  -L casa-wind-full -T 2023-09-08T07:29:05+00:00 pegasus-transfer,0.2,0,0,,,,,,,,,
unzip_ID0000006,None,compute,0,1694465500.0,,,1694465506.0,1694465512.0,1694465522.0,22842025.0,1694465510.0,1694465556.0,1694465534.0,1694465550.0,31355358.0,1694465556.0,1694465561.0,6.0,,4.0,46.0,5.0,10.0,222753803.0,16.0,501616588.0,poseidon,condorpool,poseidon-worker-1-container-32-35,unzip,/usr/bin/gunzip,,3.9,0,0,,,,,,,,,
unzip_ID0000106,None,compute,0,1694465500.0,,,1694465506.0,1694465514.0,1694465522.0,30012772.0,1694465512.0,1694465556.0,1694465534.0,1694465550.0,32054800.0,1694465556.0,1694465561.0,6.0,,6.0,44.0,5.0,8.0,241199298.0,16.0,501821816.0,poseidon,condorpool,poseidon-worker-1-container-44-47,unzip,/usr/bin/gunzip,,4.1,0,0,,,,,,,,,
unzip_ID0000046,None,compute,0,1694465500.0,,,1694465506.0,1694465511.0,1694465520.0,25888441.0,1694465509.0,1694465556.0,1694465533.0,1694465546.0,38501303.0,1694465556.0,1694465561.0,6.0,,3.0,47.0,5.0,9.0,229692821.0,13.0,523855228.0,poseidon,condorpool,poseidon-worker-2-container-0-3,unzip,/usr/bin/gunzip,,4.0,0,0,,,,,,,,,
unzip_ID0000101,None,compute,0,1694465500.0,,,1694465506.0,1694465511.0,1694465521.0,25339931.0,1694465510.0,1694465566.0,1694465535.0,1694465556.0,26395594.0,1694465566.0,1694465571.0,6.0,,4.0,56.0,5.0,10.0,250988249.0,21.0,561551644.0,poseidon,condorpool,poseidon-worker-2-container-4-7,unzip,/usr/bin/gunzip,,4.3,0,0,,,,,,,,,
unzip_ID0000026,None,compute,0,1694465500.0,,,1694465506.0,1694465511.0,1694465518.0,33471896.0,1694465509.0,1694465546.0,1694465530.0,1694465539.0,54314935.0,1694465546.0,1694465551.0,6.0,,3.0,37.0,5.0,7.0,227963832.0,9.0,523917888.0,poseidon,condorpool,poseidon-worker-1-container-4-7,unzip,/usr/bin/gunzip,,3.9,0,0,,,,,,,,,
unzip_ID0000126,None,compute,0,1694465500.0,,,1694465506.0,1694465512.0,1694465519.0,33276065.0,1694465510.0,1694465556.0,1694465533.0,1694465546.0,39551118.0,1694465556.0,1694465561.0,6.0,,4.0,46.0,5.0,7.0,249343892.0,13.0,520618424.0,poseidon,condorpool,poseidon-worker-2-container-12-15,unzip,/usr/bin/gunzip,,4.2,0,0,,,,,,,,,
unzip_ID0000031,cpu_3,compute,0,1694465500.0,,,1694465506.0,1694465511.0,1694465518.0,33581842.0,1694465509.0,1694465546.0,1694465531.0,1694465540.0,57548125.0,1694465546.0,1694465551.0,6.0,,3.0,37.0,5.0,7.0,237517035.0,9.0,539438752.0,poseidon,condorpool,poseidon-worker-2-container-8-11,unzip,/usr/bin/gunzip,,4.1,0,0,,,,,,,,,
unzip_ID0000011,None,compute,0,1694465500.0,,,1694465506.0,1694465512.0,1694465521.0,26460664.0,1694465510.0,1694465561.0,1694465534.0,1694465554.0,28857588.0,1694465561.0,1694465566.0,6.0,,4.0,51.0,5.0,9.0,235998389.0,20.0,565205920.0,poseidon,condorpool,poseidon-worker-2-container-24-27,unzip,/usr/bin/gunzip,,4.2,0,0,,,,,,,,,
unzip_ID0000056,None,compute,0,1694465500.0,,,1694465506.0,1694465511.0,1694465520.0,25814384.0,1694465509.0,1694465556.0,1694465533.0,1694465547.0,38278954.0,1694465556.0,1694465561.0,6.0,,3.0,47.0,5.0,9.0,232139969.0,14.0,528026776.0,poseidon,condorpool,poseidon-worker-2-container-28-31,unzip,/usr/bin/gunzip,,4.1,0,0,,,,,,,,,
unzip_ID0000111,None,compute,0,1694465500.0,,,1694465506.0,1694465511.0,1694465521.0,24972108.0,1694465509.0,1694465566.0,1694465534.0,1694465556.0,25828286.0,1694465566.0,1694465571.0,6.0,,3.0,57.0,5.0,10.0,256320311.0,22.0,567950764.0,poseidon,condorpool,poseidon-worker-1-container-28-31,unzip,/usr/bin/gunzip,,4.4,0,0,,,,,,,,,
unzip_ID0000071,None,compute,0,1694465500.0,,,1694465506.0,1694465511.0,1694465521.0,25611964.0,1694465510.0,1694465556.0,1694465533.0,1694465550.0,33196393.0,1694465556.0,1694465561.0,6.0,,4.0,46.0,5.0,10.0,240896692.0,17.0,539506600.0,poseidon,condorpool,poseidon-worker-1-container-0-3,unzip,/usr/bin/gunzip,,4.2,0,0,,,,,,,,,
unzip_ID0000051,None,compute,0,1694465500.0,,,1694465506.0,1694465511.0,1694465521.0,26166916.0,1694465510.0,1694465556.0,1694465533.0,1694465549.0,34176325.0,1694465556.0,1694465561.0,6.0,,4.0,46.0,5.0,10.0,239630266.0,16.0,544301296.0,poseidon,condorpool,poseidon-worker-1-container-36-39,unzip,/usr/bin/gunzip,,4.2,0,0,,,,,,,,,
unzip_ID0000076,None,compute,0,1694465500.0,,,1694465506.0,1694465511.0,1694465520.0,27456794.0,1694465509.0,1694465556.0,1694465533.0,1694465550.0,31185668.0,1694465556.0,1694465561.0,6.0,,3.0,47.0,5.0,9.0,233747923.0,17.0,523942844.0,poseidon,condorpool,poseidon-worker-2-container-16-19,unzip,/usr/bin/gunzip,,4.1,0,0,,,,,,,,,
unzip_ID0000091,None,compute,0,1694465500.0,,,1694465506.0,1694465511.0,1694465519.0,29340968.0,1694465509.0,1694465551.0,1694465532.0,1694465542.0,51317049.0,1694465551.0,1694465556.0,6.0,,3.0,42.0,5.0,8.0,246447087.0,10.0,539109992.0,poseidon,condorpool,poseidon-worker-1-container-8-11,unzip,/usr/bin/gunzip,,4.2,0,0,,,,,,,,,
unzip_ID0000096,cpu_3,compute,0,1694465500.0,,,1694465506.0,1694465511.0,1694465521.0,25531366.0,1694465509.0,1694465561.0,1694465534.0,1694465553.0,28689716.0,1694465561.0,1694465566.0,6.0,,3.0,52.0,5.0,10.0,240753402.0,19.0,524013876.0,poseidon,condorpool,poseidon-worker-2-container-20-23,unzip,/usr/bin/gunzip,,4.2,0,0,,,,,,,,,
unzip_ID0000041,None,compute,0,1694465500.0,,,1694465505.0,1694465511.0,1694465521.0,24097069.0,1694465509.0,1694465556.0,1694465533.0,1694465549.0,34922715.0,1694465556.0,1694465561.0,5.0,,4.0,47.0,5.0,10.0,238944758.0,16.0,540768928.0,poseidon,condorpool,poseidon-worker-1-container-32-35,unzip,/usr/bin/gunzip,,4.2,0,0,,,,,,,,,
unzip_ID0000061,None,compute,0,1694465500.0,,,1694465505.0,1694465512.0,1694465521.0,24924214.0,1694465510.0,1694465556.0,1694465534.0,1694465550.0,34478947.0,1694465556.0,1694465561.0,5.0,,5.0,46.0,5.0,9.0,240463185.0,16.0,541945820.0,poseidon,condorpool,poseidon-worker-1-container-40-43,unzip,/usr/bin/gunzip,,4.2,0,0,,,,,,,,,
unzip_ID0000001,None,compute,0,1694465500.0,,,1694465505.0,1694465511.0,1694465521.0,23959371.0,1694465509.0,1694465561.0,1694465534.0,1694465552.0,30969601.0,1694465561.0,1694465566.0,5.0,,4.0,52.0,5.0,10.0,232473216.0,18.0,561354992.0,poseidon,condorpool,poseidon-worker-2-container-32-35,unzip,/usr/bin/gunzip,,4.1,0,0,,,,,,,,,
unzip_ID0000121,None,compute,0,1694465500.0,,,1694465505.0,1694465511.0,1694465520.0,28600169.0,1694465509.0,1694465556.0,1694465533.0,1694465548.0,37081699.0,1694465556.0,1694465561.0,5.0,,4.0,47.0,5.0,9.0,250860096.0,15.0,550782944.0,poseidon,condorpool,poseidon-worker-2-container-40-43,unzip,/usr/bin/gunzip,,4.3,0,0,,,,,,,,,
unzip_ID0000066,None,compute,0,1694465500.0,,,1694465505.0,1694465511.0,1694465520.0,26860927.0,1694465509.0,1694465551.0,1694465532.0,1694465542.0,51021820.0,1694465551.0,1694465556.0,5.0,,4.0,42.0,5.0,9.0,232031705.0,10.0,523661496.0,poseidon,condorpool,poseidon-worker-1-container-20-23,unzip,/usr/bin/gunzip,,4.0,0,0,,,,,,,,,
unzip_ID0000081,None,compute,0,1694465500.0,,,1694465505.0,1694465511.0,1694465518.0,33933399.0,1694465509.0,1694465546.0,1694465531.0,1694465540.0,55865372.0,1694465546.0,1694465551.0,5.0,,4.0,37.0,5.0,7.0,245619741.0,9.0,543190672.0,poseidon,condorpool,poseidon-worker-1-container-44-47,unzip,/usr/bin/gunzip,,4.2,0,0,,,,,,,,,
unzip_ID0000086,None,compute,0,1694465500.0,,,1694465506.0,1694465512.0,1694465522.0,22977542.0,1694465510.0,1694465556.0,1694465535.0,1694465550.0,33912164.0,1694465556.0,1694465561.0,6.0,,4.0,46.0,5.0,10.0,234836668.0,15.0,518838800.0,poseidon,condorpool,poseidon-worker-2-container-36-39,unzip,/usr/bin/gunzip,,4.1,0,0,,,,,,,,,
unzip_ID0000016,None,compute,0,1694465500.0,,,1694465506.0,1694465511.0,1694465521.0,23070672.0,1694465509.0,1694465556.0,1694465533.0,1694465546.0,41210303.0,1694465556.0,1694465561.0,6.0,,3.0,47.0,5.0,10.0,225238888.0,13.0,523826084.0,poseidon,condorpool,poseidon-worker-1-container-24-27,unzip,/usr/bin/gunzip,,4.0,0,0,,,,,,,,,
unzip_ID0000036,None,compute,0,1694465500.0,,,1694465506.0,1694465511.0,1694465519.0,29279412.0,1694465509.0,1694465551.0,1694465532.0,1694465542.0,51425961.0,1694465551.0,1694465556.0,6.0,,3.0,42.0,5.0,8.0,232020704.0,10.0,526952240.0,poseidon,condorpool,poseidon-worker-2-container-44-47,unzip,/usr/bin/gunzip,,4.0,0,0,,,,,,,,,
unzip_ID0000116,None,compute,0,1694465500.0,,,1694465506.0,1694465511.0,1694465518.0,36871223.0,1694465510.0,1694465546.0,1694465530.0,1694465539.0,59622132.0,1694465546.0,1694465551.0,6.0,,4.0,36.0,5.0,7.0,249255741.0,9.0,520850676.0,poseidon,condorpool,poseidon-worker-1-container-16-19,unzip,/usr/bin/gunzip,,4.1,0,0,,,,,,,,,
unzip_ID0000021,None,compute,0,1694465500.0,,,1694465506.0,1694465511.0,1694465520.0,26858588.0,1694465509.0,1694465556.0,1694465532.0,1694465548.0,33882114.0,1694465556.0,1694465561.0,6.0,,3.0,47.0,5.0,9.0,235136662.0,16.0,539178100.0,poseidon,condorpool,poseidon-worker-1-container-12-15,unzip,/usr/bin/gunzip,,4.1,0,0,,,,,,,,,
um_vel_ID0000082,None,compute,0,1694465551.0,,,1694465556.0,1694465559.0,1694465579.0,49912571.6,1694465558.0,1694465601.0,1694465588.0,1694465591.0,175387.0,1694465601.0,1694465606.0,5.0,,2.0,43.0,5.0,20.0,719777424.0,3.0,556900.0,poseidon,condorpool,poseidon-worker-1-container-44-47,um_vel,/opt/UM_VEL/UM_VEL,,1.7,0,0,,,,,,,,,
um_vel_ID0000117,cpu_3,compute,0,1694465551.0,,,1694465556.0,1694465559.0,1694465580.0,47299793.8,1694465558.0,1694465601.0,1694465588.0,1694465591.0,175710.0,1694465601.0,1694465606.0,5.0,,2.0,43.0,5.0,21.0,697437428.0,3.0,556900.0,poseidon,condorpool,poseidon-worker-2-container-8-11,um_vel,/opt/UM_VEL/UM_VEL,,1.7,0,0,,,,,,,,,
um_vel_ID0000027,None,compute,0,1694465551.0,,,1694465556.0,1694465559.0,1694465579.0,49575298.1,1694465558.0,1694465601.0,1694465588.0,1694465591.0,170648.0,1694465601.0,1694465606.0,5.0,,2.0,43.0,5.0,20.0,700504640.0,3.0,556900.0,poseidon,condorpool,poseidon-worker-2-container-44-47,um_vel,/opt/UM_VEL/UM_VEL,,1.7,0,0,,,,,,,,,
um_vel_ID0000032,None,compute,0,1694465551.0,,,1694465556.0,1694465559.0,1694465580.0,47001248.7,1694465558.0,1694465601.0,1694465589.0,1694465592.0,174874.0,1694465601.0,1694465606.0,5.0,,2.0,43.0,5.0,21.0,716025504.0,3.0,556900.0,poseidon,condorpool,poseidon-worker-1-container-16-19,um_vel,/opt/UM_VEL/UM_VEL,,1.8,0,0,,,,,,,,,
um_vel_ID0000092,cpu_3,compute,0,1694465556.0,,,1694465561.0,1694465564.0,1694465585.0,44963818.9,1694465562.0,1694465606.0,1694465594.0,1694465597.0,178015.0,1694465606.0,1694465612.0,5.0,,1.0,44.0,6.0,21.0,715696744.0,3.0,556900.0,poseidon,condorpool,poseidon-worker-2-container-20-23,um_vel,/opt/UM_VEL/UM_VEL,,1.7,0,0,,,,,,,,,
um_vel_ID0000037,None,compute,0,1694465556.0,,,1694465561.0,1694465564.0,1694465584.0,49324897.0,1694465562.0,1694465606.0,1694465592.0,1694465595.0,177232.0,1694465606.0,1694465612.0,5.0,,1.0,44.0,6.0,20.0,703538992.0,3.0,556900.0,poseidon,condorpool,poseidon-worker-1-container-8-11,um_vel,/opt/UM_VEL/UM_VEL,,1.8,0,0,,,,,,,,,
um_vel_ID0000067,None,compute,0,1694465556.0,,,1694465561.0,1694465564.0,1694465583.0,51335350.8,1694465562.0,1694465606.0,1694465592.0,1694465595.0,177189.0,1694465606.0,1694465612.0,5.0,,1.0,44.0,6.0,19.0,700248248.0,3.0,556900.0,poseidon,condorpool,poseidon-worker-1-container-44-47,um_vel,/opt/UM_VEL/UM_VEL,,1.7,0,0,,,,,,,,,
um_vel_ID0000077,None,compute,0,1694465561.0,,,1694465566.0,1694465570.0,1694465591.0,45427742.0,1694465568.0,1694465612.0,1694465600.0,1694465603.0,174859.0,1694465612.0,1694465617.0,5.0,,2.0,44.0,5.0,21.0,700529596.0,3.0,556900.0,poseidon,condorpool,poseidon-worker-2-container-12-15,um_vel,/opt/UM_VEL/UM_VEL,,1.7,0,0,,,,,,,,,
um_vel_ID0000047,None,compute,0,1694465561.0,,,1694465566.0,1694465570.0,1694465590.0,47737427.6,1694465568.0,1694465612.0,1694465600.0,1694465603.0,173881.0,1694465612.0,1694465617.0,5.0,,2.0,44.0,5.0,20.0,700441980.0,3.0,556900.0,poseidon,condorpool,poseidon-worker-2-container-24-27,um_vel,/opt/UM_VEL/UM_VEL,,1.7,0,0,,,,,,,,,
um_vel_ID0000107,None,compute,0,1694465561.0,,,1694465566.0,1694465570.0,1694465589.0,50951042.0,1694465568.0,1694465612.0,1694465598.0,1694465601.0,179415.0,1694465612.0,1694465617.0,5.0,,2.0,44.0,5.0,19.0,678408568.0,3.0,556900.0,poseidon,condorpool,poseidon-worker-1-container-20-23,um_vel,/opt/UM_VEL/UM_VEL,,1.7,0,0,,,,,,,,,
um_vel_ID0000007,None,compute,0,1694465561.0,,,1694465566.0,1694465569.0,1694465589.0,48857976.0,1694465568.0,1694465612.0,1694465599.0,1694465602.0,178287.0,1694465612.0,1694465617.0,5.0,,2.0,44.0,5.0,20.0,678203340.0,3.0,556900.0,poseidon,condorpool,poseidon-worker-2-container-4-7,um_vel,/opt/UM_VEL/UM_VEL,,1.7,0,0,,,,,,,,,
um_vel_ID0000127,None,compute,0,1694465561.0,,,1694465566.0,1694465570.0,1694465588.0,58686950.6,1694465568.0,1694465606.0,1694465597.0,1694465600.0,178175.0,1694465606.0,1694465612.0,5.0,,2.0,38.0,6.0,18.0,697205176.0,3.0,556900.0,poseidon,condorpool,poseidon-worker-1-container-36-39,um_vel,/opt/UM_VEL/UM_VEL,,1.7,0,0,,,,,,,,,
um_vel_ID0000072,None,compute,0,1694465561.0,,,1694465566.0,1694465570.0,1694465590.0,51309263.5,1694465569.0,1694465612.0,1694465599.0,1694465603.0,175667.0,1694465612.0,1694465617.0,5.0,,3.0,43.0,5.0,20.0,716093352.0,4.0,556900.0,poseidon,condorpool,poseidon-worker-1-container-40-43,um_vel,/opt/UM_VEL/UM_VEL,,1.7,0,0,,,,,,,,,
um_vel_ID0000057,None,compute,0,1694465561.0,,,1694465566.0,1694465570.0,1694465589.0,51538687.8,1694465568.0,1694465612.0,1694465598.0,1694465601.0,179668.0,1694465612.0,1694465617.0,5.0,,2.0,44.0,5.0,19.0,704613528.0,3.0,556900.0,poseidon,condorpool,poseidon-worker-1-container-32-35,um_vel,/opt/UM_VEL/UM_VEL,,1.8,0,0,,,,,,,,,
um_vel_ID0000052,None,compute,0,1694465561.0,,,1694465566.0,1694465570.0,1694465590.0,50049648.8,1694465568.0,1694465612.0,1694465600.0,1694465603.0,174221.0,1694465612.0,1694465617.0,5.0,,2.0,44.0,5.0,20.0,720888048.0,3.0,556900.0,poseidon,condorpool,poseidon-worker-2-container-0-3,um_vel,/opt/UM_VEL/UM_VEL,,1.7,0,0,,,,,,,,,
um_vel_ID0000042,None,compute,0,1694465561.0,,,1694465566.0,1694465570.0,1694465590.0,47733601.2,1694465568.0,1694465612.0,1694465600.0,1694465603.0,175256.0,1694465612.0,1694465617.0,5.0,,2.0,44.0,5.0,20.0,717355680.0,3.0,556900.0,poseidon,condorpool,poseidon-worker-2-container-28-31,um_vel,/opt/UM_VEL/UM_VEL,,1.7,0,0,,,,,,,,,
um_vel_ID0000017,None,compute,0,1694465561.0,,,1694465566.0,1694465570.0,1694465590.0,47778983.1,1694465568.0,1694465612.0,1694465600.0,1694465603.0,175462.0,1694465612.0,1694465617.0,5.0,,2.0,44.0,5.0,20.0,700412836.0,3.0,556900.0,poseidon,condorpool,poseidon-worker-2-container-16-19,um_vel,/opt/UM_VEL/UM_VEL,,1.7,0,0,,,,,,,,,
um_vel_ID0000087,None,compute,0,1694465561.0,,,1694465566.0,1694465570.0,1694465589.0,52330416.5,1694465568.0,1694465612.0,1694465598.0,1694465601.0,177634.0,1694465612.0,1694465617.0,5.0,,2.0,44.0,5.0,19.0,695425552.0,3.0,556900.0,poseidon,condorpool,poseidon-worker-2-container-32-35,um_vel,/opt/UM_VEL/UM_VEL,,1.7,0,0,,,,,,,,,
um_vel_ID0000022,None,compute,0,1694465561.0,,,1694465566.0,1694465570.0,1694465591.0,46854069.3,1694465568.0,1694465612.0,1694465600.0,1694465603.0,173760.0,1694465612.0,1694465617.0,5.0,,2.0,44.0,5.0,21.0,715764852.0,3.0,556900.0,poseidon,condorpool,poseidon-worker-1-container-32-35,um_vel,/opt/UM_VEL/UM_VEL,,1.7,0,0,,,,,,,,,
um_vel_ID0000122,None,compute,0,1694465561.0,,,1694465566.0,1694465570.0,1694465590.0,50743656.8,1694465568.0,1694465612.0,1694465599.0,1694465602.0,176964.0,1694465612.0,1694465617.0,5.0,,2.0,44.0,5.0,20.0,727369696.0,3.0,556900.0,poseidon,condorpool,poseidon-worker-1-container-0-3,um_vel,/opt/UM_VEL/UM_VEL,,1.7,0,0,,,,,,,,,
um_vel_ID0000062,None,compute,0,1694465561.0,,,1694465566.0,1694465569.0,1694465587.0,59001431.8,1694465568.0,1694465606.0,1694465596.0,1694465599.0,180112.0,1694465606.0,1694465612.0,5.0,,2.0,38.0,6.0,18.0,718532572.0,3.0,556900.0,poseidon,condorpool,poseidon-worker-1-container-28-31,um_vel,/opt/UM_VEL/UM_VEL,,1.7,0,0,,,,,,,,,
um_vel_ID0000097,None,compute,0,1694465566.0,,,1694465571.0,1694465574.0,1694465593.0,54208687.8,1694465572.0,1694465612.0,1694465602.0,1694465605.0,178451.0,1694465612.0,1694465617.0,5.0,,1.0,40.0,5.0,19.0,700600628.0,3.0,556900.0,poseidon,condorpool,poseidon-worker-2-container-40-43,um_vel,/opt/UM_VEL/UM_VEL,,1.7,0,0,,,,,,,,,
um_vel_ID0000012,None,compute,0,1694465566.0,,,1694465571.0,1694465574.0,1694465596.0,44624377.2,1694465572.0,1694465617.0,1694465604.0,1694465607.0,180442.0,1694465617.0,1694465623.0,5.0,,1.0,45.0,6.0,22.0,741792672.0,3.0,556900.0,poseidon,condorpool,poseidon-worker-1-container-24-27,um_vel,/opt/UM_VEL/UM_VEL,,1.7,0,0,,,,,,,,,
um_vel_ID0000002,None,compute,0,1694465566.0,,,1694465571.0,1694465574.0,1694465595.0,49480645.2,1694465572.0,1694465617.0,1694465603.0,1694465606.0,177869.0,1694465617.0,1694465623.0,5.0,,1.0,45.0,6.0,21.0,737941744.0,3.0,556900.0,poseidon,condorpool,poseidon-worker-2-container-36-39,um_vel,/opt/UM_VEL/UM_VEL,,1.7,0,0,,,,,,,,,
stage_out_local_condorpool_0_2,None,transfer,0,1694465571.0,,,1694465576.0,,,0.0,1694465577.0,1694465612.0,,,0.0,1694465612.0,1694465617.0,5.0,,1.0,35.0,5.0,,,,,poseidon,local,poseidon-submit,pegasus::transfer,/mnt/poseidon-data/poseidon/pegasus-5.1.0panorama/bin/pegasus-transfer,/home/poseidon/pegasus-5.1.0panorama/bin/../bin/pegasus-kickstart  -n pegasus::transfer -N null -i - -R local  -L casa-wind-full -T 2023-09-08T07:29:05+00:00 /home/poseidon/pegasus-5.1.0panorama/bin/../bin/pegasus-transfer  --threads 2,34.5,0,0,,,,,,,,,
stage_out_local_condorpool_0_1,None,transfer,0,1694465571.0,,,1694465576.0,,,0.0,1694465577.0,1694465612.0,,,0.0,1694465612.0,1694465617.0,5.0,,1.0,35.0,5.0,,,,,poseidon,local,poseidon-submit,pegasus::transfer,/mnt/poseidon-data/poseidon/pegasus-5.1.0panorama/bin/pegasus-transfer,/home/poseidon/pegasus-5.1.0panorama/bin/../bin/pegasus-kickstart  -n pegasus::transfer -N null -i - -R local  -L casa-wind-full -T 2023-09-08T07:29:05+00:00 /home/poseidon/pegasus-5.1.0panorama/bin/../bin/pegasus-transfer  --threads 2,33.9,0,0,,,,,,,,,
um_vel_ID0000102,None,compute,0,1694465571.0,,,1694465576.0,1694465599.0,1694465620.0,46519152.8,1694465597.0,1694465638.0,1694465629.0,1694465632.0,176658.0,1694465638.0,1694465643.0,5.0,,21.0,41.0,5.0,21.0,738138396.0,3.0,556900.0,poseidon,condorpool,poseidon-worker-1-container-44-47,um_vel,/opt/UM_VEL/UM_VEL,,1.8,0,0,,,,,,,,,
um_vel_ID0000112,None,compute,0,1694465571.0,,,1694465576.0,1694465579.0,1694465599.0,52686307.4,1694465577.0,1694465617.0,1694465607.0,1694465610.0,179994.0,1694465617.0,1694465623.0,5.0,,1.0,40.0,6.0,20.0,744537516.0,3.0,556900.0,poseidon,condorpool,poseidon-worker-1-container-12-15,um_vel,/opt/UM_VEL/UM_VEL,,1.7,0,0,,,,,,,,,
stage_out_local_condorpool_0_0,None,transfer,0,1694465571.0,,,1694465576.0,,,0.0,1694465577.0,1694465612.0,,,0.0,1694465612.0,1694465617.0,5.0,,1.0,35.0,5.0,,,,,poseidon,local,poseidon-submit,pegasus::transfer,/mnt/poseidon-data/poseidon/pegasus-5.1.0panorama/bin/pegasus-transfer,/home/poseidon/pegasus-5.1.0panorama/bin/../bin/pegasus-kickstart  -n pegasus::transfer -N null -i - -R local  -L casa-wind-full -T 2023-09-08T07:29:05+00:00 /home/poseidon/pegasus-5.1.0panorama/bin/../bin/pegasus-transfer  --threads 2,34.6,0,0,,,,,,,,,
post_vel_ID0000118,None,compute,0,1694465606.0,,,1694465612.0,1694465614.0,1694465625.0,34886517.2,1694465613.0,1694465643.0,1694465631.0,1694465634.0,4675.0,1694465643.0,1694465649.0,6.0,,1.0,30.0,6.0,11.0,177143937.0,3.0,14402.0,poseidon,condorpool,poseidon-worker-1-container-32-35,post_vel,/opt/netcdf2png/merged_netcdf2png,,0.1,0,0,,,,,,,,,
post_vel_ID0000083,None,compute,0,1694465606.0,,,1694465611.0,1694465614.0,1694465625.0,35066713.6,1694465613.0,1694465643.0,1694465631.0,1694465634.0,4216.0,1694465643.0,1694465649.0,5.0,,2.0,30.0,6.0,11.0,177143937.0,3.0,12720.0,poseidon,condorpool,poseidon-worker-2-container-44-47,post_vel,/opt/netcdf2png/merged_netcdf2png,,0.1,0,0,,,,,,,,,
mvt_ID0000084,None,compute,0,1694465606.0,,,1694465612.0,1694465614.0,1694465625.0,34844086.8,1694465613.0,1694465679.0,1694465670.0,1694465673.0,15805.0,1694465679.0,1694465684.0,6.0,,1.0,66.0,5.0,11.0,177143652.0,3.0,47998.0,poseidon,condorpool,poseidon-worker-1-container-16-19,mvt,/opt/mvt/mvt,,39.6,0,0,0.0,789143.0,24576.0,422.0,6.0,29.9,0.1,26304.8,1228.8
mvt_ID0000029,None,compute,0,1694465606.0,,,1694465612.0,1694465614.0,1694465626.0,29879248.8,1694465613.0,1694465684.0,1694465672.0,1694465675.0,12637.0,1694465684.0,1694465689.0,6.0,,1.0,71.0,5.0,12.0,177143652.0,3.0,38341.0,poseidon,condorpool,poseidon-worker-1-container-8-11,mvt,/opt/mvt/mvt,,40.5,0,0,0.0,794259.0,20480.0,440.0,5.0,39.7,0.2,19856.5,1024.0
post_vel_ID0000033,cpu_3,compute,0,1694465606.0,,,1694465611.0,1694465614.0,1694465625.0,35154713.2,1694465613.0,1694465643.0,1694465631.0,1694465634.0,3782.0,1694465643.0,1694465649.0,5.0,,2.0,30.0,6.0,11.0,177143937.0,3.0,11464.0,poseidon,condorpool,poseidon-worker-2-container-8-11,post_vel,/opt/netcdf2png/merged_netcdf2png,,0.1,0,0,,,,,,,,,
post_vel_ID0000028,None,compute,0,1694465606.0,,,1694465612.0,1694465614.0,1694465625.0,35014130.6,1694465613.0,1694465643.0,1694465631.0,1694465634.0,3789.0,1694465643.0,1694465649.0,6.0,,1.0,30.0,6.0,11.0,177143937.0,3.0,11529.0,poseidon,condorpool,poseidon-worker-1-container-44-47,post_vel,/opt/netcdf2png/merged_netcdf2png,,0.1,0,0,,,,,,,,,
mvt_ID0000119,None,compute,0,1694465606.0,,,1694465612.0,1694465614.0,1694465625.0,35107166.8,1694465613.0,1694465679.0,1694465670.0,1694465673.0,21573.0,1694465679.0,1694465684.0,6.0,,1.0,66.0,5.0,11.0,177143652.0,3.0,65525.0,poseidon,condorpool,poseidon-worker-1-container-40-43,mvt,/opt/mvt/mvt,,39.6,0,0,0.0,789142.0,36864.0,422.0,9.0,29.9,0.1,26304.7,3686.4
mvt_ID0000034,cpu_3,compute,0,1694465606.0,,,1694465611.0,1694465614.0,1694465625.0,34723940.6,1694465613.0,1694465684.0,1694465673.0,1694465676.0,10257.0,1694465684.0,1694465689.0,5.0,,2.0,71.0,5.0,11.0,177143652.0,3.0,30976.0,poseidon,condorpool,poseidon-worker-2-container-20-23,mvt,/opt/mvt/mvt,,39.1,0,0,0.0,794196.0,16384.0,440.0,4.0,36.2,0.2,19854.9,819.2
mvt_ID0000094,None,compute,0,1694465612.0,,,1694465617.0,1694465620.0,1694465631.0,29680616.0,1694465618.0,1694465689.0,1694465676.0,1694465679.0,17093.0,1694465689.0,1694465694.0,5.0,,1.0,71.0,5.0,11.0,177143652.0,3.0,52407.0,poseidon,condorpool,poseidon-worker-1-container-36-39,mvt,/opt/mvt/mvt,,40.1,0,0,0.0,806635.0,28672.0,467.0,7.0,39.8,0.1,20165.9,1433.6
post_vel_ID0000093,None,compute,0,1694465612.0,,,1694465617.0,1694465620.0,1694465631.0,34056588.6,1694465619.0,1694465649.0,1694465637.0,1694465640.0,4281.0,1694465649.0,1694465654.0,5.0,,2.0,30.0,5.0,11.0,177143937.0,3.0,13303.0,poseidon,condorpool,poseidon-worker-2-container-32-35,post_vel,/opt/netcdf2png/merged_netcdf2png,,0.1,0,0,,,,,,,,,
mvt_ID0000069,None,compute,0,1694465612.0,,,1694465617.0,1694465621.0,1694465631.0,34794743.0,1694465619.0,1694465689.0,1694465677.0,1694465680.0,11608.0,1694465689.0,1694465694.0,5.0,,2.0,70.0,5.0,10.0,177143652.0,3.0,35309.0,poseidon,condorpool,poseidon-worker-2-container-16-19,mvt,/opt/mvt/mvt,,40.0,0,0,0.0,802850.0,16384.0,452.0,4.0,29.9,0.1,26761.7,819.2
post_vel_ID0000038,None,compute,0,1694465612.0,,,1694465617.0,1694465620.0,1694465632.0,28470212.6,1694465618.0,1694465649.0,1694465637.0,1694465640.0,3595.0,1694465649.0,1694465654.0,5.0,,1.0,31.0,5.0,12.0,177143937.0,3.0,11227.0,poseidon,condorpool,poseidon-worker-1-container-20-23,post_vel,/opt/netcdf2png/merged_netcdf2png,,0.1,0,0,,,,,,,,,
post_vel_ID0000128,None,compute,0,1694465612.0,,,1694465617.0,1694465620.0,1694465631.0,33250142.8,1694465619.0,1694465649.0,1694465637.0,1694465640.0,4679.0,1694465649.0,1694465654.0,5.0,,2.0,30.0,5.0,11.0,177143937.0,3.0,14512.0,poseidon,condorpool,poseidon-worker-2-container-28-31,post_vel,/opt/netcdf2png/merged_netcdf2png,,0.1,0,0,,,,,,,,,
mvt_ID0000129,None,compute,0,1694465612.0,,,1694465617.0,1694465620.0,1694465631.0,33901999.8,1694465618.0,1694465689.0,1694465677.0,1694465680.0,21042.0,1694465689.0,1694465694.0,5.0,,1.0,71.0,5.0,11.0,177143652.0,3.0,64489.0,poseidon,condorpool,poseidon-worker-2-container-24-27,mvt,/opt/mvt/mvt,,40.0,0,0,0.0,806627.0,36864.0,467.0,9.0,39.9,0.1,20165.7,3686.4
mvt_ID0000064,None,compute,0,1694465612.0,,,1694465617.0,1694465621.0,1694465632.0,31403426.0,1694465619.0,1694465689.0,1694465677.0,1694465680.0,10245.0,1694465689.0,1694465694.0,5.0,,2.0,70.0,5.0,11.0,177143652.0,3.0,31148.0,poseidon,condorpool,poseidon-worker-2-container-12-15,mvt,/opt/mvt/mvt,,40.0,0,0,0.0,803879.0,16384.0,461.0,4.0,39.9,0.1,20097.0,819.2
post_vel_ID0000063,None,compute,0,1694465612.0,,,1694465617.0,1694465620.0,1694465631.0,34768729.8,1694465618.0,1694465649.0,1694465636.0,1694465640.0,3657.0,1694465649.0,1694465654.0,5.0,,1.0,31.0,5.0,11.0,177143937.0,4.0,11628.0,poseidon,condorpool,poseidon-worker-1-container-0-3,post_vel,/opt/netcdf2png/merged_netcdf2png,,0.1,0,0,,,,,,,,,
mvt_ID0000039,None,compute,0,1694465612.0,,,1694465617.0,1694465620.0,1694465631.0,29682071.0,1694465618.0,1694465689.0,1694465676.0,1694465679.0,11241.0,1694465689.0,1694465694.0,5.0,,1.0,71.0,5.0,11.0,177143652.0,3.0,34386.0,poseidon,condorpool,poseidon-worker-1-container-32-35,mvt,/opt/mvt/mvt,,40.0,0,0,0.0,832814.0,16384.0,524.0,4.0,39.9,0.1,20820.3,819.2
post_vel_ID0000068,None,compute,0,1694465612.0,,,1694465617.0,1694465620.0,1694465631.0,32603779.6,1694465618.0,1694465649.0,1694465637.0,1694465640.0,3667.0,1694465649.0,1694465654.0,5.0,,1.0,31.0,5.0,11.0,177143937.0,3.0,11398.0,poseidon,condorpool,poseidon-worker-2-container-0-3,post_vel,/opt/netcdf2png/merged_netcdf2png,,0.1,0,0,,,,,,,,,
post_vel_ID0000078,None,compute,0,1694465617.0,,,1694465622.0,1694465637.0,1694465648.0,29664105.0,1694465635.0,1694465664.0,1694465654.0,1694465657.0,4046.0,1694465664.0,1694465669.0,5.0,,13.0,29.0,5.0,11.0,177143937.0,3.0,12264.0,poseidon,condorpool,poseidon-worker-2-container-40-43,post_vel,/opt/netcdf2png/merged_netcdf2png,,0.1,0,0,,,,,,,,,
mvt_ID0000079,None,compute,0,1694465617.0,,,1694465622.0,1694465635.0,1694465646.0,33602043.4,1694465633.0,1694465704.0,1694465691.0,1694465694.0,14811.0,1694465704.0,1694465709.0,5.0,,11.0,71.0,5.0,11.0,177143652.0,3.0,45337.0,poseidon,condorpool,poseidon-worker-1-container-20-23,mvt,/opt/mvt/mvt,,39.8,0,0,0.0,789218.0,24576.0,422.0,6.0,29.9,0.1,26307.3,1228.8
register_condorpool_0_0,None,auxiliary,0,1694465617.0,,,1694465633.0,,,0.0,1694465633.0,1694465638.0,,,0.0,1694465638.0,1694465643.0,16.0,,0.0,5.0,5.0,,,,,poseidon,local,poseidon-submit,pegasus::rc-client,/mnt/poseidon-data/poseidon/pegasus-5.1.0panorama/bin/pegasus-rc-client,"-n pegasus::rc-client -N null -R local  -L casa-wind-full -T 2023-09-08T07:29:05+00:00 /home/poseidon/pegasus-5.1.0panorama/bin/pegasus-rc-client --prefix pegasus.catalog.replica.output --conf /mnt/poseidon-data/poseidon/workflows/casa-wind-workflow-full/submit/poseidon/pegasus/casa-wind-full/run0389/pegasus.10473519275875643200.properties -v --meta /mnt/poseidon-data/poseidon/workflows/casa-wind-workflow-full/submit/poseidon/pegasus/casa-wind-full/run0389/00/00/unzip_ID0000026.meta,/mnt/poseidon-data/poseidon/workflows/casa-wind-workflow-full/submit/poseidon/pegasus/casa-wind-full/run0389/00/00/unzip_ID0000061.meta,/mnt/poseidon-data/poseidon/workflows/casa-wind-workflow-full/submit/poseidon/pegasus/casa-wind-full/run0389/00/00/unzip_ID0000071.meta,/mnt/poseidon-data/poseidon/workflows/casa-wind-workflow-full/submit/poseidon/pegasus/casa-wind-full/run0389/00/00/unzip_ID0000041.meta,/mnt/poseidon-data/poseidon/workflows/casa-wind-workflow-full/submit/poseidon/pegasus/casa-wind-full/run0389/00/00/unzip_ID0000016.meta,/mnt/poseidon-data/poseidon/workflows/casa-wind-workflow-full/submit/poseidon/pegasus/casa-wind-full/run0389/00/00/unzip_ID0000111.meta,/mnt/poseidon-data/poseidon/workflows/casa-wind-workflow-full/submit/poseidon/pegasus/casa-wind-full/run0389/00/00/unzip_ID0000011.meta,/mnt/poseidon-data/poseidon/workflows/casa-wind-workflow-full/submit/poseidon/pegasus/casa-wind-full/run0389/00/00/unzip_ID0000081.meta,/mnt/poseidon-data/poseidon/workflows/casa-wind-workflow-full/submit/poseidon/pegasus/casa-wind-full/run0389/00/00/unzip_ID0000066.meta,/mnt/poseidon-data/poseidon/workflows/casa-wind-workflow-full/submit/poseidon/pegasus/casa-wind-full/run0389/00/00/unzip_ID0000096.meta,/mnt/poseidon-data/poseidon/workflows/casa-wind-workflow-full/submit/poseidon/pegasus/casa-wind-full/run0389/00/00/unzip_ID0000051.meta,/mnt/poseidon-data/poseidon/workflows/casa-wind-workflow-full/submit/poseidon/pegasus/casa-wind-full/run0389/00/00/unzip_ID0000031.meta,/mnt/poseidon-data/poseidon/workflows/casa-wind-workflow-full/submit/poseidon/pegasus/casa-wind-full/run0389/00/00/unzip_ID0000116.meta,/mnt/poseidon-data/poseidon/workflows/casa-wind-workflow-full/submit/poseidon/pegasus/casa-wind-full/run0389/00/00/unzip_ID0000101.meta,/mnt/poseidon-data/poseidon/workflows/casa-wind-workflow-full/submit/poseidon/pegasus/casa-wind-full/run0389/00/00/unzip_ID0000121.meta,/mnt/poseidon-data/poseidon/workflows/casa-wind-workflow-full/submit/poseidon/pegasus/casa-wind-full/run0389/00/00/unzip_ID0000106.meta,/mnt/poseidon-data/poseidon/workflows/casa-wind-workflow-full/submit/poseidon/pegasus/casa-wind-full/run0389/00/00/unzip_ID0000046.meta,/mnt/poseidon-data/poseidon/workflows/casa-wind-workflow-full/submit/poseidon/pegasus/casa-wind-full/run0389/00/00/unzip_ID0000076.meta,/mnt/poseidon-data/poseidon/workflows/casa-wind-workflow-full/submit/poseidon/pegasus/casa-wind-full/run0389/00/00/unzip_ID0000056.meta,/mnt/poseidon-data/poseidon/workflows/casa-wind-workflow-full/submit/poseidon/pegasus/casa-wind-full/run0389/00/00/unzip_ID0000021.meta,/mnt/poseidon-data/poseidon/workflows/casa-wind-workflow-full/submit/poseidon/pegasus/casa-wind-full/run0389/00/00/unzip_ID0000086.meta,/mnt/poseidon-data/poseidon/workflows/casa-wind-workflow-full/submit/poseidon/pegasus/casa-wind-full/run0389/00/00/unzip_ID0000126.meta,/mnt/poseidon-data/poseidon/workflows/casa-wind-workflow-full/submit/poseidon/pegasus/casa-wind-full/run0389/00/00/unzip_ID0000006.meta,/mnt/poseidon-data/poseidon/workflows/casa-wind-workflow-full/submit/poseidon/pegasus/casa-wind-full/run0389/00/00/unzip_ID0000036.meta,/mnt/poseidon-data/poseidon/workflows/casa-wind-workflow-full/submit/poseidon/pegasus/casa-wind-full/run0389/00/00/unzip_ID0000001.meta,/mnt/poseidon-data/poseidon/workflows/casa-wind-workflow-full/submit/poseidon/pegasus/casa-wind-full/run0389/00/00/unzip_ID0000091.meta --insert /mnt/poseidon-data/poseidon/workflows/casa-wind-workflow-full/submit/poseidon/pegasus/casa-wind-full/run0389/00/00/register_condorpool_0_0.in",2.9,0,0,,,,,,,,,
mvt_ID0000049,None,compute,0,1694465617.0,,,1694465623.0,1694465636.0,1694465648.0,29775368.0,1694465634.0,1694465704.0,1694465693.0,1694465696.0,7856.0,1694465704.0,1694465709.0,6.0,,11.0,70.0,5.0,12.0,177143652.0,3.0,24108.0,poseidon,condorpool,poseidon-worker-2-container-16-19,mvt,/opt/mvt/mvt,,39.8,0,0,0.0,822135.0,12288.0,494.0,3.0,29.9,0.1,27404.5,1228.8
post_vel_ID0000048,cpu_3,compute,0,1694465617.0,,,1694465623.0,1694465635.0,1694465646.0,33005144.4,1694465633.0,1694465664.0,1694465652.0,1694465655.0,3294.0,1694465664.0,1694465669.0,6.0,,10.0,31.0,5.0,11.0,177143937.0,3.0,10371.0,poseidon,condorpool,poseidon-worker-2-container-8-11,post_vel,/opt/netcdf2png/merged_netcdf2png,,0.1,0,0,,,,,,,,,
post_vel_ID0000108,None,compute,0,1694465617.0,,,1694465622.0,1694465626.0,1694465637.0,33959930.8,1694465624.0,1694465654.0,1694465643.0,1694465646.0,4484.0,1694465654.0,1694465659.0,5.0,,2.0,30.0,5.0,11.0,177143937.0,3.0,13907.0,poseidon,condorpool,poseidon-worker-2-container-4-7,post_vel,/opt/netcdf2png/merged_netcdf2png,,0.1,0,0,,,,,,,,,
mvt_ID0000109,None,compute,0,1694465617.0,,,1694465622.0,1694465625.0,1694465636.0,35290089.0,1694465624.0,1694465694.0,1694465682.0,1694465685.0,19595.0,1694465694.0,1694465699.0,5.0,,2.0,70.0,5.0,11.0,177143652.0,3.0,59954.0,poseidon,condorpool,poseidon-worker-1-container-28-31,mvt,/opt/mvt/mvt,,39.9,0,0,0.0,798727.0,32768.0,443.0,8.0,29.9,0.1,26624.2,1638.4
register_condorpool_0_1,None,auxiliary,0,1694465617.0,,,1694465674.0,,,0.0,1694465674.0,1694465679.0,,,0.0,1694465679.0,1694465684.0,57.0,,0.0,5.0,5.0,,,,,poseidon,local,poseidon-submit,pegasus::rc-client,/mnt/poseidon-data/poseidon/pegasus-5.1.0panorama/bin/pegasus-rc-client,"-n pegasus::rc-client -N null -R local  -L casa-wind-full -T 2023-09-08T07:29:05+00:00 /home/poseidon/pegasus-5.1.0panorama/bin/pegasus-rc-client --prefix pegasus.catalog.replica.output --conf /mnt/poseidon-data/poseidon/workflows/casa-wind-workflow-full/submit/poseidon/pegasus/casa-wind-full/run0389/pegasus.10473519275875643200.properties -v --meta /mnt/poseidon-data/poseidon/workflows/casa-wind-workflow-full/submit/poseidon/pegasus/casa-wind-full/run0389/00/00/unzip_ID0000026.meta,/mnt/poseidon-data/poseidon/workflows/casa-wind-workflow-full/submit/poseidon/pegasus/casa-wind-full/run0389/00/00/unzip_ID0000061.meta,/mnt/poseidon-data/poseidon/workflows/casa-wind-workflow-full/submit/poseidon/pegasus/casa-wind-full/run0389/00/00/unzip_ID0000071.meta,/mnt/poseidon-data/poseidon/workflows/casa-wind-workflow-full/submit/poseidon/pegasus/casa-wind-full/run0389/00/00/unzip_ID0000041.meta,/mnt/poseidon-data/poseidon/workflows/casa-wind-workflow-full/submit/poseidon/pegasus/casa-wind-full/run0389/00/00/unzip_ID0000016.meta,/mnt/poseidon-data/poseidon/workflows/casa-wind-workflow-full/submit/poseidon/pegasus/casa-wind-full/run0389/00/00/unzip_ID0000111.meta,/mnt/poseidon-data/poseidon/workflows/casa-wind-workflow-full/submit/poseidon/pegasus/casa-wind-full/run0389/00/00/unzip_ID0000011.meta,/mnt/poseidon-data/poseidon/workflows/casa-wind-workflow-full/submit/poseidon/pegasus/casa-wind-full/run0389/00/00/unzip_ID0000081.meta,/mnt/poseidon-data/poseidon/workflows/casa-wind-workflow-full/submit/poseidon/pegasus/casa-wind-full/run0389/00/00/unzip_ID0000066.meta,/mnt/poseidon-data/poseidon/workflows/casa-wind-workflow-full/submit/poseidon/pegasus/casa-wind-full/run0389/00/00/unzip_ID0000096.meta,/mnt/poseidon-data/poseidon/workflows/casa-wind-workflow-full/submit/poseidon/pegasus/casa-wind-full/run0389/00/00/unzip_ID0000051.meta,/mnt/poseidon-data/poseidon/workflows/casa-wind-workflow-full/submit/poseidon/pegasus/casa-wind-full/run0389/00/00/unzip_ID0000031.meta,/mnt/poseidon-data/poseidon/workflows/casa-wind-workflow-full/submit/poseidon/pegasus/casa-wind-full/run0389/00/00/unzip_ID0000116.meta,/mnt/poseidon-data/poseidon/workflows/casa-wind-workflow-full/submit/poseidon/pegasus/casa-wind-full/run0389/00/00/unzip_ID0000101.meta,/mnt/poseidon-data/poseidon/workflows/casa-wind-workflow-full/submit/poseidon/pegasus/casa-wind-full/run0389/00/00/unzip_ID0000121.meta,/mnt/poseidon-data/poseidon/workflows/casa-wind-workflow-full/submit/poseidon/pegasus/casa-wind-full/run0389/00/00/unzip_ID0000106.meta,/mnt/poseidon-data/poseidon/workflows/casa-wind-workflow-full/submit/poseidon/pegasus/casa-wind-full/run0389/00/00/unzip_ID0000046.meta,/mnt/poseidon-data/poseidon/workflows/casa-wind-workflow-full/submit/poseidon/pegasus/casa-wind-full/run0389/00/00/unzip_ID0000076.meta,/mnt/poseidon-data/poseidon/workflows/casa-wind-workflow-full/submit/poseidon/pegasus/casa-wind-full/run0389/00/00/unzip_ID0000056.meta,/mnt/poseidon-data/poseidon/workflows/casa-wind-workflow-full/submit/poseidon/pegasus/casa-wind-full/run0389/00/00/unzip_ID0000021.meta,/mnt/poseidon-data/poseidon/workflows/casa-wind-workflow-full/submit/poseidon/pegasus/casa-wind-full/run0389/00/00/unzip_ID0000086.meta,/mnt/poseidon-data/poseidon/workflows/casa-wind-workflow-full/submit/poseidon/pegasus/casa-wind-full/run0389/00/00/unzip_ID0000126.meta,/mnt/poseidon-data/poseidon/workflows/casa-wind-workflow-full/submit/poseidon/pegasus/casa-wind-full/run0389/00/00/unzip_ID0000006.meta,/mnt/poseidon-data/poseidon/workflows/casa-wind-workflow-full/submit/poseidon/pegasus/casa-wind-full/run0389/00/00/unzip_ID0000036.meta,/mnt/poseidon-data/poseidon/workflows/casa-wind-workflow-full/submit/poseidon/pegasus/casa-wind-full/run0389/00/00/unzip_ID0000001.meta,/mnt/poseidon-data/poseidon/workflows/casa-wind-workflow-full/submit/poseidon/pegasus/casa-wind-full/run0389/00/00/unzip_ID0000091.meta --insert /mnt/poseidon-data/poseidon/workflows/casa-wind-workflow-full/submit/poseidon/pegasus/casa-wind-full/run0389/00/00/register_condorpool_0_1.in",3.1,0,0,,,,,,,,,
register_condorpool_0_2,None,auxiliary,0,1694465617.0,,,1694465623.0,,,0.0,1694465623.0,1694465628.0,,,0.0,1694465628.0,1694465633.0,6.0,,0.0,5.0,5.0,,,,,poseidon,local,poseidon-submit,pegasus::rc-client,/mnt/poseidon-data/poseidon/pegasus-5.1.0panorama/bin/pegasus-rc-client,"-n pegasus::rc-client -N null -R local  -L casa-wind-full -T 2023-09-08T07:29:05+00:00 /home/poseidon/pegasus-5.1.0panorama/bin/pegasus-rc-client --prefix pegasus.catalog.replica.output --conf /mnt/poseidon-data/poseidon/workflows/casa-wind-workflow-full/submit/poseidon/pegasus/casa-wind-full/run0389/pegasus.10473519275875643200.properties -v --meta /mnt/poseidon-data/poseidon/workflows/casa-wind-workflow-full/submit/poseidon/pegasus/casa-wind-full/run0389/00/00/unzip_ID0000026.meta,/mnt/poseidon-data/poseidon/workflows/casa-wind-workflow-full/submit/poseidon/pegasus/casa-wind-full/run0389/00/00/unzip_ID0000061.meta,/mnt/poseidon-data/poseidon/workflows/casa-wind-workflow-full/submit/poseidon/pegasus/casa-wind-full/run0389/00/00/unzip_ID0000071.meta,/mnt/poseidon-data/poseidon/workflows/casa-wind-workflow-full/submit/poseidon/pegasus/casa-wind-full/run0389/00/00/unzip_ID0000041.meta,/mnt/poseidon-data/poseidon/workflows/casa-wind-workflow-full/submit/poseidon/pegasus/casa-wind-full/run0389/00/00/unzip_ID0000016.meta,/mnt/poseidon-data/poseidon/workflows/casa-wind-workflow-full/submit/poseidon/pegasus/casa-wind-full/run0389/00/00/unzip_ID0000111.meta,/mnt/poseidon-data/poseidon/workflows/casa-wind-workflow-full/submit/poseidon/pegasus/casa-wind-full/run0389/00/00/unzip_ID0000011.meta,/mnt/poseidon-data/poseidon/workflows/casa-wind-workflow-full/submit/poseidon/pegasus/casa-wind-full/run0389/00/00/unzip_ID0000081.meta,/mnt/poseidon-data/poseidon/workflows/casa-wind-workflow-full/submit/poseidon/pegasus/casa-wind-full/run0389/00/00/unzip_ID0000066.meta,/mnt/poseidon-data/poseidon/workflows/casa-wind-workflow-full/submit/poseidon/pegasus/casa-wind-full/run0389/00/00/unzip_ID0000096.meta,/mnt/poseidon-data/poseidon/workflows/casa-wind-workflow-full/submit/poseidon/pegasus/casa-wind-full/run0389/00/00/unzip_ID0000051.meta,/mnt/poseidon-data/poseidon/workflows/casa-wind-workflow-full/submit/poseidon/pegasus/casa-wind-full/run0389/00/00/unzip_ID0000031.meta,/mnt/poseidon-data/poseidon/workflows/casa-wind-workflow-full/submit/poseidon/pegasus/casa-wind-full/run0389/00/00/unzip_ID0000116.meta,/mnt/poseidon-data/poseidon/workflows/casa-wind-workflow-full/submit/poseidon/pegasus/casa-wind-full/run0389/00/00/unzip_ID0000101.meta,/mnt/poseidon-data/poseidon/workflows/casa-wind-workflow-full/submit/poseidon/pegasus/casa-wind-full/run0389/00/00/unzip_ID0000121.meta,/mnt/poseidon-data/poseidon/workflows/casa-wind-workflow-full/submit/poseidon/pegasus/casa-wind-full/run0389/00/00/unzip_ID0000106.meta,/mnt/poseidon-data/poseidon/workflows/casa-wind-workflow-full/submit/poseidon/pegasus/casa-wind-full/run0389/00/00/unzip_ID0000046.meta,/mnt/poseidon-data/poseidon/workflows/casa-wind-workflow-full/submit/poseidon/pegasus/casa-wind-full/run0389/00/00/unzip_ID0000076.meta,/mnt/poseidon-data/poseidon/workflows/casa-wind-workflow-full/submit/poseidon/pegasus/casa-wind-full/run0389/00/00/unzip_ID0000056.meta,/mnt/poseidon-data/poseidon/workflows/casa-wind-workflow-full/submit/poseidon/pegasus/casa-wind-full/run0389/00/00/unzip_ID0000021.meta,/mnt/poseidon-data/poseidon/workflows/casa-wind-workflow-full/submit/poseidon/pegasus/casa-wind-full/run0389/00/00/unzip_ID0000086.meta,/mnt/poseidon-data/poseidon/workflows/casa-wind-workflow-full/submit/poseidon/pegasus/casa-wind-full/run0389/00/00/unzip_ID0000126.meta,/mnt/poseidon-data/poseidon/workflows/casa-wind-workflow-full/submit/poseidon/pegasus/casa-wind-full/run0389/00/00/unzip_ID0000006.meta,/mnt/poseidon-data/poseidon/workflows/casa-wind-workflow-full/submit/poseidon/pegasus/casa-wind-full/run0389/00/00/unzip_ID0000036.meta,/mnt/poseidon-data/poseidon/workflows/casa-wind-workflow-full/submit/poseidon/pegasus/casa-wind-full/run0389/00/00/unzip_ID0000001.meta,/mnt/poseidon-data/poseidon/workflows/casa-wind-workflow-full/submit/poseidon/pegasus/casa-wind-full/run0389/00/00/unzip_ID0000091.meta --insert /mnt/poseidon-data/poseidon/workflows/casa-wind-workflow-full/submit/poseidon/pegasus/casa-wind-full/run0389/00/00/register_condorpool_0_2.in",3.0,0,0,,,,,,,,,
post_vel_ID0000008,None,compute,0,1694465617.0,,,1694465622.0,1694465635.0,1694465646.0,33438118.4,1694465633.0,1694465664.0,1694465652.0,1694465655.0,3553.0,1694465664.0,1694465669.0,5.0,,11.0,31.0,5.0,11.0,177143937.0,3.0,10982.0,poseidon,condorpool,poseidon-worker-1-container-44-47,post_vel,/opt/netcdf2png/merged_netcdf2png,,0.1,0,0,,,,,,,,,
mvt_ID0000009,None,compute,0,1694465617.0,,,1694465622.0,1694465635.0,1694465647.0,26813179.2,1694465633.0,1694465704.0,1694465692.0,1694465695.0,11602.0,1694465704.0,1694465709.0,5.0,,11.0,71.0,5.0,12.0,177143652.0,3.0,35429.0,poseidon,condorpool,poseidon-worker-1-container-32-35,mvt,/opt/mvt/mvt,,39.8,0,0,0.0,822212.0,20480.0,494.0,5.0,29.9,0.1,27407.1,1024.0
mvt_ID0000059,None,compute,0,1694465617.0,,,1694465622.0,1694465625.0,1694465636.0,35159222.8,1694465624.0,1694465694.0,1694465681.0,1694465685.0,9216.0,1694465694.0,1694465699.0,5.0,,2.0,70.0,5.0,11.0,177143652.0,4.0,28164.0,poseidon,condorpool,poseidon-worker-1-container-12-15,mvt,/opt/mvt/mvt,,39.8,0,0,0.0,816507.0,12288.0,482.0,3.0,29.9,0.1,27216.9,1228.8
stage_out_local_condorpool_1_0,None,transfer,0,1694465617.0,,,1694465622.0,,,0.0,1694465623.0,1694465628.0,,,0.0,1694465628.0,1694465633.0,5.0,,1.0,5.0,5.0,,,,,poseidon,local,poseidon-submit,pegasus::transfer,/mnt/poseidon-data/poseidon/pegasus-5.1.0panorama/bin/pegasus-transfer,/home/poseidon/pegasus-5.1.0panorama/bin/../bin/pegasus-kickstart  -n pegasus::transfer -N null -i - -R local  -L casa-wind-full -T 2023-09-08T07:29:05+00:00 /home/poseidon/pegasus-5.1.0panorama/bin/../bin/pegasus-transfer  --threads 2,0.9,0,0,,,,,,,,,
post_vel_ID0000058,None,compute,0,1694465617.0,,,1694465622.0,1694465626.0,1694465637.0,34884650.8,1694465624.0,1694465654.0,1694465642.0,1694465645.0,3651.0,1694465654.0,1694465659.0,5.0,,2.0,30.0,5.0,11.0,177143937.0,3.0,10981.0,poseidon,condorpool,poseidon-worker-2-container-36-39,post_vel,/opt/netcdf2png/merged_netcdf2png,,0.1,0,0,,,,,,,,,
mvt_ID0000099,None,compute,0,1694465617.0,,,1694465622.0,1694465636.0,1694465647.0,29674812.0,1694465634.0,1694465704.0,1694465692.0,1694465695.0,16147.0,1694465704.0,1694465709.0,5.0,,12.0,70.0,5.0,11.0,177143652.0,3.0,50118.0,poseidon,condorpool,poseidon-worker-1-container-12-15,mvt,/opt/mvt/mvt,,39.8,0,0,0.0,845468.0,28672.0,545.0,7.0,29.9,0.1,28182.3,1433.6
post_vel_ID0000018,None,compute,0,1694465617.0,,,1694465623.0,1694465635.0,1694465646.0,29649962.0,1694465634.0,1694465664.0,1694465652.0,1694465655.0,3825.0,1694465664.0,1694465669.0,6.0,,11.0,30.0,5.0,11.0,177143937.0,3.0,11645.0,poseidon,condorpool,poseidon-worker-2-container-24-27,post_vel,/opt/netcdf2png/merged_netcdf2png,,0.1,0,0,,,,,,,,,
post_vel_ID0000123,None,compute,0,1694465617.0,,,1694465622.0,1694465635.0,1694465647.0,26070822.0,1694465633.0,1694465664.0,1694465653.0,1694465656.0,4827.0,1694465664.0,1694465669.0,5.0,,11.0,31.0,5.0,12.0,177143937.0,3.0,14777.0,poseidon,condorpool,poseidon-worker-1-container-24-27,post_vel,/opt/netcdf2png/merged_netcdf2png,,0.1,0,0,,,,,,,,,
mvt_ID0000024,None,compute,0,1694465617.0,,,1694465622.0,1694465635.0,1694465646.0,29679740.5,1694465633.0,1694465704.0,1694465691.0,1694465694.0,9987.0,1694465704.0,1694465709.0,5.0,,11.0,71.0,5.0,11.0,177143652.0,3.0,30705.0,poseidon,condorpool,poseidon-worker-1-container-36-39,mvt,/opt/mvt/mvt,,39.4,0,0,0.0,822136.0,16384.0,494.0,4.0,29.9,0.1,27404.5,819.2
post_vel_ID0000088,None,compute,0,1694465617.0,,,1694465622.0,1694465625.0,1694465637.0,35023339.4,1694465624.0,1694465654.0,1694465642.0,1694465645.0,4219.0,1694465654.0,1694465659.0,5.0,,2.0,30.0,5.0,12.0,177143937.0,3.0,12740.0,poseidon,condorpool,poseidon-worker-2-container-40-43,post_vel,/opt/netcdf2png/merged_netcdf2png,,0.1,0,0,,,,,,,,,
mvt_ID0000089,None,compute,0,1694465617.0,,,1694465622.0,1694465625.0,1694465636.0,34799879.6,1694465624.0,1694465694.0,1694465682.0,1694465685.0,15901.0,1694465694.0,1694465699.0,5.0,,2.0,70.0,5.0,11.0,177143652.0,3.0,48475.0,poseidon,condorpool,poseidon-worker-1-container-24-27,mvt,/opt/mvt/mvt,,39.9,0,0,0.0,802855.0,24576.0,452.0,6.0,29.9,0.1,26761.8,2457.6
mvt_ID0000019,None,compute,0,1694465617.0,,,1694465623.0,1694465635.0,1694465646.0,34176694.0,1694465633.0,1694465704.0,1694465691.0,1694465694.0,11789.0,1694465704.0,1694465709.0,6.0,,10.0,71.0,5.0,11.0,177143652.0,3.0,36245.0,poseidon,condorpool,poseidon-worker-2-container-28-31,mvt,/opt/mvt/mvt,,40.0,0,0,0.0,790589.0,20480.0,425.0,5.0,29.9,0.1,26353.0,1024.0
post_vel_ID0000023,cpu_3,compute,0,1694465617.0,,,1694465622.0,1694465642.0,1694465655.0,31717039.4,1694465638.0,1694465674.0,1694465661.0,1694465665.0,3572.0,1694465674.0,1694465679.0,5.0,,16.0,36.0,5.0,13.0,177143937.0,4.0,11372.0,poseidon,condorpool,poseidon-worker-2-container-20-23,post_vel,/opt/netcdf2png/merged_netcdf2png,,0.1,0,0,,,,,,,,,
post_vel_ID0000043,None,compute,0,1694465617.0,,,1694465622.0,1694465635.0,1694465647.0,31474391.4,1694465633.0,1694465664.0,1694465652.0,1694465655.0,3594.0,1694465664.0,1694465669.0,5.0,,11.0,31.0,5.0,12.0,177143937.0,3.0,11050.0,poseidon,condorpool,poseidon-worker-1-container-8-11,post_vel,/opt/netcdf2png/merged_netcdf2png,,0.1,0,0,,,,,,,,,
mvt_ID0000124,None,compute,0,1694465617.0,,,1694465622.0,1694465636.0,1694465647.0,34042420.8,1694465634.0,1694465704.0,1694465693.0,1694465696.0,22938.0,1694465704.0,1694465709.0,5.0,,12.0,70.0,5.0,11.0,177143652.0,3.0,70564.0,poseidon,condorpool,poseidon-worker-2-container-44-47,mvt,/opt/mvt/mvt,,40.6,0,0,0.0,803958.0,40960.0,461.0,10.0,39.9,0.1,20099.0,4096.0
mvt_ID0000054,None,compute,0,1694465617.0,,,1694465622.0,1694465635.0,1694465646.0,29742149.0,1694465633.0,1694465704.0,1694465691.0,1694465694.0,9303.0,1694465704.0,1694465709.0,5.0,,11.0,71.0,5.0,11.0,177143652.0,3.0,28552.0,poseidon,condorpool,poseidon-worker-1-container-0-3,mvt,/opt/mvt/mvt,,39.8,0,0,0.0,790507.0,12288.0,425.0,3.0,29.9,0.1,26350.2,1228.8
post_vel_ID0000053,None,compute,0,1694465617.0,,,1694465622.0,1694465636.0,1694465648.0,28358115.4,1694465634.0,1694465664.0,1694465653.0,1694465656.0,3627.0,1694465664.0,1694465669.0,5.0,,12.0,30.0,5.0,12.0,177143937.0,3.0,11004.0,poseidon,condorpool,poseidon-worker-1-container-28-31,post_vel,/opt/netcdf2png/merged_netcdf2png,,0.1,0,0,,,,,,,,,
post_vel_ID0000073,None,compute,0,1694465617.0,,,1694465622.0,1694465635.0,1694465647.0,27506957.0,1694465633.0,1694465664.0,1694465652.0,1694465655.0,3863.0,1694465664.0,1694465669.0,5.0,,11.0,31.0,5.0,12.0,177143937.0,3.0,11825.0,poseidon,condorpool,poseidon-worker-1-container-40-43,post_vel,/opt/netcdf2png/merged_netcdf2png,,0.1,0,0,,,,,,,,,
mvt_ID0000074,None,compute,0,1694465617.0,,,1694465622.0,1694465636.0,1694465648.0,27247322.0,1694465634.0,1694465704.0,1694465693.0,1694465696.0,12682.0,1694465704.0,1694465709.0,5.0,,12.0,70.0,5.0,12.0,177143652.0,3.0,38855.0,poseidon,condorpool,poseidon-worker-2-container-32-35,mvt,/opt/mvt/mvt,,39.9,0,0,0.0,789216.0,20480.0,422.0,5.0,29.9,0.1,26307.2,1024.0
mvt_ID0000044,None,compute,0,1694465617.0,,,1694465622.0,1694465635.0,1694465646.0,29659741.5,1694465633.0,1694465704.0,1694465691.0,1694465694.0,9140.0,1694465704.0,1694465709.0,5.0,,11.0,71.0,5.0,11.0,177143652.0,3.0,28113.0,poseidon,condorpool,poseidon-worker-1-container-16-19,mvt,/opt/mvt/mvt,,39.4,0,0,0.0,819379.0,12288.0,488.0,3.0,29.9,0.1,27312.6,1228.8
post_vel_ID0000098,None,compute,0,1694465617.0,,,1694465622.0,1694465636.0,1694465647.0,30300331.0,1694465634.0,1694465664.0,1694465653.0,1694465656.0,4389.0,1694465664.0,1694465669.0,5.0,,12.0,30.0,5.0,11.0,177143937.0,3.0,13355.0,poseidon,condorpool,poseidon-worker-2-container-36-39,post_vel,/opt/netcdf2png/merged_netcdf2png,,0.1,0,0,,,,,,,,,
post_vel_ID0000003,None,compute,0,1694465623.0,,,1694465628.0,1694465637.0,1694465648.0,29710820.0,1694465635.0,1694465664.0,1694465654.0,1694465657.0,3607.0,1694465664.0,1694465669.0,5.0,,7.0,29.0,5.0,11.0,177143937.0,3.0,10865.0,poseidon,condorpool,poseidon-worker-2-container-12-15,post_vel,/opt/netcdf2png/merged_netcdf2png,,0.1,0,0,,,,,,,,,
mvt_ID0000004,None,compute,0,1694465623.0,,,1694465628.0,1694465636.0,1694465648.0,29876252.2,1694465634.0,1694465704.0,1694465693.0,1694465696.0,9341.0,1694465704.0,1694465709.0,5.0,,6.0,70.0,5.0,12.0,177143652.0,3.0,28781.0,poseidon,condorpool,poseidon-worker-2-container-4-7,mvt,/opt/mvt/mvt,,39.9,0,0,0.0,791892.0,16384.0,428.0,4.0,29.9,0.1,26396.4,819.2
mvt_ID0000114,None,compute,0,1694465623.0,,,1694465628.0,1694465639.0,1694465650.0,29708308.5,1694465638.0,1694465704.0,1694465695.0,1694465698.0,23896.0,1694465704.0,1694465709.0,5.0,,10.0,66.0,5.0,11.0,177143652.0,3.0,73234.0,poseidon,condorpool,poseidon-worker-1-container-12-15,mvt,/opt/mvt/mvt,,39.7,0,0,0.0,850978.0,40960.0,557.0,10.0,29.9,0.1,28365.9,4096.0
post_vel_ID0000113,None,compute,0,1694465623.0,,,1694465628.0,1694465635.0,1694465646.0,34889115.6,1694465633.0,1694465664.0,1694465651.0,1694465654.0,4750.0,1694465664.0,1694465669.0,5.0,,5.0,31.0,5.0,11.0,177143937.0,3.0,14745.0,poseidon,condorpool,poseidon-worker-1-container-44-47,post_vel,/opt/netcdf2png/merged_netcdf2png,,0.1,0,0,,,,,,,,,
stage_out_local_condorpool_1_2,None,transfer,0,1694465623.0,,,1694465628.0,,,0.0,1694465628.0,1694465633.0,,,0.0,1694465633.0,1694465638.0,5.0,,0.0,5.0,5.0,,,,,poseidon,local,poseidon-submit,pegasus::transfer,/mnt/poseidon-data/poseidon/pegasus-5.1.0panorama/bin/pegasus-transfer,/home/poseidon/pegasus-5.1.0panorama/bin/../bin/pegasus-kickstart  -n pegasus::transfer -N null -i - -R local  -L casa-wind-full -T 2023-09-08T07:29:05+00:00 /home/poseidon/pegasus-5.1.0panorama/bin/../bin/pegasus-transfer  --threads 2,0.8,0,0,,,,,,,,,
mvt_ID0000014,None,compute,0,1694465623.0,,,1694465628.0,1694465636.0,1694465648.0,28151951.8,1694465634.0,1694465704.0,1694465693.0,1694465696.0,10477.0,1694465704.0,1694465709.0,5.0,,6.0,70.0,5.0,12.0,177143652.0,3.0,31991.0,poseidon,condorpool,poseidon-worker-1-container-4-7,mvt,/opt/mvt/mvt,,39.8,0,0,0.0,790321.0,16384.0,425.0,4.0,29.9,0.1,26344.0,819.2
post_vel_ID0000013,None,compute,0,1694465623.0,,,1694465628.0,1694465635.0,1694465650.0,19101351.5,1694465633.0,1694465664.0,1694465655.0,1694465658.0,3648.0,1694465664.0,1694465669.0,5.0,,5.0,31.0,5.0,15.0,177143937.0,3.0,11040.0,poseidon,condorpool,poseidon-worker-2-container-0-3,post_vel,/opt/netcdf2png/merged_netcdf2png,,0.1,0,0,,,,,,,,,
register_condorpool_1_0,None,auxiliary,0,1694465633.0,,,1694465643.0,,,0.0,1694465644.0,1694465649.0,,,0.0,1694465649.0,1694465654.0,10.0,,1.0,5.0,5.0,,,,,poseidon,local,poseidon-submit,pegasus::rc-client,/mnt/poseidon-data/poseidon/pegasus-5.1.0panorama/bin/pegasus-rc-client,"-n pegasus::rc-client -N null -R local  -L casa-wind-full -T 2023-09-08T07:29:05+00:00 /home/poseidon/pegasus-5.1.0panorama/bin/pegasus-rc-client --prefix pegasus.catalog.replica.output --conf /mnt/poseidon-data/poseidon/workflows/casa-wind-workflow-full/submit/poseidon/pegasus/casa-wind-full/run0389/pegasus.10473519275875643200.properties -v --meta /mnt/poseidon-data/poseidon/workflows/casa-wind-workflow-full/submit/poseidon/pegasus/casa-wind-full/run0389/00/01/um_vel_ID0000067.meta,/mnt/poseidon-data/poseidon/workflows/casa-wind-workflow-full/submit/poseidon/pegasus/casa-wind-full/run0389/00/00/um_vel_ID0000127.meta,/mnt/poseidon-data/poseidon/workflows/casa-wind-workflow-full/submit/poseidon/pegasus/casa-wind-full/run0389/00/00/um_vel_ID0000122.meta,/mnt/poseidon-data/poseidon/workflows/casa-wind-workflow-full/submit/poseidon/pegasus/casa-wind-full/run0389/00/00/um_vel_ID0000092.meta,/mnt/poseidon-data/poseidon/workflows/casa-wind-workflow-full/submit/poseidon/pegasus/casa-wind-full/run0389/00/01/um_vel_ID0000077.meta,/mnt/poseidon-data/poseidon/workflows/casa-wind-workflow-full/submit/poseidon/pegasus/casa-wind-full/run0389/00/01/um_vel_ID0000057.meta,/mnt/poseidon-data/poseidon/workflows/casa-wind-workflow-full/submit/poseidon/pegasus/casa-wind-full/run0389/00/00/um_vel_ID0000027.meta,/mnt/poseidon-data/poseidon/workflows/casa-wind-workflow-full/submit/poseidon/pegasus/casa-wind-full/run0389/00/01/um_vel_ID0000042.meta,/mnt/poseidon-data/poseidon/workflows/casa-wind-workflow-full/submit/poseidon/pegasus/casa-wind-full/run0389/00/00/um_vel_ID0000022.meta --insert /mnt/poseidon-data/poseidon/workflows/casa-wind-workflow-full/submit/poseidon/pegasus/casa-wind-full/run0389/00/01/register_condorpool_1_0.in",2.6,0,0,,,,,,,,,
register_condorpool_1_2,None,auxiliary,0,1694465638.0,,,1694465654.0,,,0.0,1694465654.0,1694465659.0,,,0.0,1694465659.0,1694465664.0,16.0,,0.0,5.0,5.0,,,,,poseidon,local,poseidon-submit,pegasus::rc-client,/mnt/poseidon-data/poseidon/pegasus-5.1.0panorama/bin/pegasus-rc-client,"-n pegasus::rc-client -N null -R local  -L casa-wind-full -T 2023-09-08T07:29:05+00:00 /home/poseidon/pegasus-5.1.0panorama/bin/pegasus-rc-client --prefix pegasus.catalog.replica.output --conf /mnt/poseidon-data/poseidon/workflows/casa-wind-workflow-full/submit/poseidon/pegasus/casa-wind-full/run0389/pegasus.10473519275875643200.properties -v --meta /mnt/poseidon-data/poseidon/workflows/casa-wind-workflow-full/submit/poseidon/pegasus/casa-wind-full/run0389/00/00/um_vel_ID0000117.meta,/mnt/poseidon-data/poseidon/workflows/casa-wind-workflow-full/submit/poseidon/pegasus/casa-wind-full/run0389/00/01/um_vel_ID0000052.meta,/mnt/poseidon-data/poseidon/workflows/casa-wind-workflow-full/submit/poseidon/pegasus/casa-wind-full/run0389/00/00/um_vel_ID0000002.meta,/mnt/poseidon-data/poseidon/workflows/casa-wind-workflow-full/submit/poseidon/pegasus/casa-wind-full/run0389/00/00/um_vel_ID0000012.meta,/mnt/poseidon-data/poseidon/workflows/casa-wind-workflow-full/submit/poseidon/pegasus/casa-wind-full/run0389/00/00/um_vel_ID0000032.meta,/mnt/poseidon-data/poseidon/workflows/casa-wind-workflow-full/submit/poseidon/pegasus/casa-wind-full/run0389/00/01/um_vel_ID0000062.meta,/mnt/poseidon-data/poseidon/workflows/casa-wind-workflow-full/submit/poseidon/pegasus/casa-wind-full/run0389/00/01/um_vel_ID0000112.meta,/mnt/poseidon-data/poseidon/workflows/casa-wind-workflow-full/submit/poseidon/pegasus/casa-wind-full/run0389/00/01/um_vel_ID0000107.meta --insert /mnt/poseidon-data/poseidon/workflows/casa-wind-workflow-full/submit/poseidon/pegasus/casa-wind-full/run0389/00/01/register_condorpool_1_2.in",2.6,0,0,,,,,,,,,
post_vel_ID0000103,None,compute,0,1694465643.0,,,1694465648.0,1694465651.0,1694465662.0,30038683.5,1694465650.0,1694465679.0,1694465668.0,1694465671.0,4594.0,1694465679.0,1694465684.0,5.0,,2.0,29.0,5.0,11.0,177143937.0,3.0,13815.0,poseidon,condorpool,poseidon-worker-2-container-44-47,post_vel,/opt/netcdf2png/merged_netcdf2png,,0.1,0,0,,,,,,,,,
mvt_ID0000104,cpu_3,compute,0,1694465643.0,,,1694465648.0,1694465652.0,1694465663.0,29604979.5,1694465650.0,1694465720.0,1694465706.0,1694465709.0,19573.0,1694465720.0,1694465725.0,5.0,,2.0,70.0,5.0,11.0,177143652.0,3.0,59590.0,poseidon,condorpool,poseidon-worker-2-container-8-11,mvt,/opt/mvt/mvt,,38.0,0,0,0.0,790446.0,32768.0,425.0,8.0,29.9,0.1,26348.2,3276.8
stage_out_local_condorpool_1_1,None,transfer,0,1694465643.0,,,1694465648.0,,,0.0,1694465649.0,1694465654.0,,,0.0,1694465654.0,1694465659.0,5.0,,1.0,5.0,5.0,,,,,poseidon,local,poseidon-submit,pegasus::transfer,/mnt/poseidon-data/poseidon/pegasus-5.1.0panorama/bin/pegasus-transfer,/home/poseidon/pegasus-5.1.0panorama/bin/../bin/pegasus-kickstart  -n pegasus::transfer -N null -i - -R local  -L casa-wind-full -T 2023-09-08T07:29:05+00:00 /home/poseidon/pegasus-5.1.0panorama/bin/../bin/pegasus-transfer  --threads 2,0.9,0,0,,,,,,,,,
register_condorpool_1_1,None,auxiliary,0,1694465659.0,,,1694465664.0,,,0.0,1694465665.0,1694465669.0,,,0.0,1694465669.0,1694465674.0,5.0,,1.0,4.0,5.0,,,,,poseidon,local,poseidon-submit,pegasus::rc-client,/mnt/poseidon-data/poseidon/pegasus-5.1.0panorama/bin/pegasus-rc-client,"-n pegasus::rc-client -N null -R local  -L casa-wind-full -T 2023-09-08T07:29:05+00:00 /home/poseidon/pegasus-5.1.0panorama/bin/pegasus-rc-client --prefix pegasus.catalog.replica.output --conf /mnt/poseidon-data/poseidon/workflows/casa-wind-workflow-full/submit/poseidon/pegasus/casa-wind-full/run0389/pegasus.10473519275875643200.properties -v --meta /mnt/poseidon-data/poseidon/workflows/casa-wind-workflow-full/submit/poseidon/pegasus/casa-wind-full/run0389/00/00/um_vel_ID0000017.meta,/mnt/poseidon-data/poseidon/workflows/casa-wind-workflow-full/submit/poseidon/pegasus/casa-wind-full/run0389/00/01/um_vel_ID0000037.meta,/mnt/poseidon-data/poseidon/workflows/casa-wind-workflow-full/submit/poseidon/pegasus/casa-wind-full/run0389/00/00/um_vel_ID0000082.meta,/mnt/poseidon-data/poseidon/workflows/casa-wind-workflow-full/submit/poseidon/pegasus/casa-wind-full/run0389/00/00/um_vel_ID0000097.meta,/mnt/poseidon-data/poseidon/workflows/casa-wind-workflow-full/submit/poseidon/pegasus/casa-wind-full/run0389/00/01/um_vel_ID0000047.meta,/mnt/poseidon-data/poseidon/workflows/casa-wind-workflow-full/submit/poseidon/pegasus/casa-wind-full/run0389/00/00/um_vel_ID0000087.meta,/mnt/poseidon-data/poseidon/workflows/casa-wind-workflow-full/submit/poseidon/pegasus/casa-wind-full/run0389/00/01/um_vel_ID0000007.meta,/mnt/poseidon-data/poseidon/workflows/casa-wind-workflow-full/submit/poseidon/pegasus/casa-wind-full/run0389/00/01/um_vel_ID0000072.meta,/mnt/poseidon-data/poseidon/workflows/casa-wind-workflow-full/submit/poseidon/pegasus/casa-wind-full/run0389/00/01/um_vel_ID0000102.meta --insert /mnt/poseidon-data/poseidon/workflows/casa-wind-workflow-full/submit/poseidon/pegasus/casa-wind-full/run0389/00/01/register_condorpool_1_1.in",2.8,0,0,,,,,,,,,
point_alert_ID0000085,None,compute,0,1694465684.0,,,1694465689.0,1694465692.0,1694465703.0,29551997.0,1694465691.0,1694465720.0,1694465708.0,1694465711.0,6931.0,1694465720.0,1694465725.0,5.0,,2.0,29.0,5.0,11.0,176655981.0,3.0,21118.0,poseidon,condorpool,poseidon-worker-2-container-40-43,point_alert,/opt/pointAlert/pointAlert,,0.0,0,0,,,,,,,,,
point_alert_ID0000120,None,compute,0,1694465684.0,,,1694465689.0,1694465692.0,1694465703.0,29870159.0,1694465691.0,1694465720.0,1694465708.0,1694465711.0,7254.0,1694465720.0,1694465725.0,5.0,,2.0,29.0,5.0,11.0,176673508.0,3.0,21998.0,poseidon,condorpool,poseidon-worker-1-container-44-47,point_alert,/opt/pointAlert/pointAlert,,0.0,0,0,,,,,,,,,
point_alert_ID0000030,None,compute,0,1694465689.0,,,1694465694.0,1694465696.0,1694465707.0,29896640.5,1694465695.0,1694465725.0,1694465713.0,1694465716.0,6627.0,1694465725.0,1694465730.0,5.0,,1.0,30.0,5.0,11.0,176646324.0,3.0,20158.0,poseidon,condorpool,poseidon-worker-2-container-44-47,point_alert,/opt/pointAlert/pointAlert,,0.0,0,0,,,,,,,,,
point_alert_ID0000035,cpu_3,compute,0,1694465689.0,,,1694465694.0,1694465697.0,1694465707.0,29944201.0,1694465695.0,1694465725.0,1694465712.0,1694465716.0,6577.0,1694465725.0,1694465730.0,5.0,,1.0,30.0,5.0,10.0,176638959.0,4.0,20078.0,poseidon,condorpool,poseidon-worker-2-container-20-23,point_alert,/opt/pointAlert/pointAlert,,0.0,0,0,,,,,,,,,
point_alert_ID0000130,None,compute,0,1694465694.0,,,1694465699.0,1694465702.0,1694465713.0,29567676.5,1694465700.0,1694465730.0,1694465718.0,1694465721.0,7276.0,1694465730.0,1694465735.0,5.0,,1.0,30.0,5.0,11.0,176672472.0,3.0,23118.0,poseidon,condorpool,poseidon-worker-1-container-36-39,point_alert,/opt/pointAlert/pointAlert,,0.0,0,0,,,,,,,,,
point_alert_ID0000040,None,compute,0,1694465694.0,,,1694465699.0,1694465702.0,1694465713.0,29543789.5,1694465700.0,1694465730.0,1694465718.0,1694465721.0,6538.0,1694465730.0,1694465735.0,5.0,,1.0,30.0,5.0,11.0,176642369.0,3.0,20558.0,poseidon,condorpool,poseidon-worker-1-container-8-11,point_alert,/opt/pointAlert/pointAlert,,0.0,0,0,,,,,,,,,
point_alert_ID0000095,None,compute,0,1694465694.0,,,1694465699.0,1694465702.0,1694465713.0,33264771.8,1694465700.0,1694465730.0,1694465718.0,1694465721.0,6592.0,1694465730.0,1694465735.0,5.0,,1.0,30.0,5.0,11.0,176660390.0,3.0,20718.0,poseidon,condorpool,poseidon-worker-1-container-32-35,point_alert,/opt/pointAlert/pointAlert,,0.0,0,0,,,,,,,,,
point_alert_ID0000070,None,compute,0,1694465694.0,,,1694465699.0,1694465702.0,1694465713.0,29792475.6,1694465700.0,1694465730.0,1694465719.0,1694465722.0,6689.0,1694465730.0,1694465735.0,5.0,,1.0,30.0,5.0,11.0,176643292.0,3.0,20558.0,poseidon,condorpool,poseidon-worker-1-container-16-19,point_alert,/opt/pointAlert/pointAlert,,0.0,0,0,,,,,,,,,
point_alert_ID0000065,None,compute,0,1694465694.0,,,1694465699.0,1694465702.0,1694465713.0,35072060.8,1694465700.0,1694465730.0,1694465718.0,1694465721.0,6406.0,1694465730.0,1694465735.0,5.0,,1.0,30.0,5.0,11.0,176639131.0,3.0,20238.0,poseidon,condorpool,poseidon-worker-1-container-40-43,point_alert,/opt/pointAlert/pointAlert,,0.0,0,0,,,,,,,,,
point_alert_ID0000090,None,compute,0,1694465699.0,,,1694465704.0,1694465707.0,1694465718.0,29585018.5,1694465705.0,1694465735.0,1694465723.0,1694465726.0,6763.0,1694465735.0,1694465740.0,5.0,,1.0,30.0,5.0,11.0,176656458.0,3.0,20638.0,poseidon,condorpool,poseidon-worker-2-container-28-31,point_alert,/opt/pointAlert/pointAlert,,0.0,0,0,,,,,,,,,
point_alert_ID0000110,None,compute,0,1694465699.0,,,1694465704.0,1694465707.0,1694465718.0,34633501.0,1694465705.0,1694465735.0,1694465723.0,1694465726.0,6877.0,1694465735.0,1694465740.0,5.0,,1.0,30.0,5.0,11.0,176667937.0,3.0,21038.0,poseidon,condorpool,poseidon-worker-2-container-32-35,point_alert,/opt/pointAlert/pointAlert,,0.0,0,0,,,,,,,,,
point_alert_ID0000060,None,compute,0,1694465699.0,,,1694465704.0,1694465707.0,1694465717.0,29612669.0,1694465705.0,1694465735.0,1694465723.0,1694465726.0,6804.0,1694465735.0,1694465740.0,5.0,,1.0,30.0,5.0,10.0,176636147.0,3.0,20878.0,poseidon,condorpool,poseidon-worker-1-container-0-3,point_alert,/opt/pointAlert/pointAlert,,0.0,0,0,,,,,,,,,
point_alert_ID0000010,None,compute,0,1694465709.0,,,1694465714.0,1694465717.0,1694465729.0,30569880.6,1694465716.0,1694465746.0,1694465734.0,1694465737.0,6547.0,1694465746.0,1694465751.0,5.0,,2.0,30.0,5.0,12.0,176643412.0,3.0,20478.0,poseidon,condorpool,poseidon-worker-2-container-24-27,point_alert,/opt/pointAlert/pointAlert,,0.0,0,0,,,,,,,,,
stage_out_local_condorpool_2_3,None,transfer,0,1694465709.0,,,1694465714.0,,,0.0,1694465715.0,1694465720.0,,,0.0,1694465720.0,1694465725.0,5.0,,1.0,5.0,5.0,,,,,poseidon,local,poseidon-submit,pegasus::transfer,/mnt/poseidon-data/poseidon/pegasus-5.1.0panorama/bin/pegasus-transfer,/home/poseidon/pegasus-5.1.0panorama/bin/../bin/pegasus-kickstart  -n pegasus::transfer -N null -i - -R local  -L casa-wind-full -T 2023-09-08T07:29:05+00:00 /home/poseidon/pegasus-5.1.0panorama/bin/../bin/pegasus-transfer  --threads 2,0.9,0,0,,,,,,,,,
stage_out_local_condorpool_2_5,None,transfer,0,1694465709.0,,,1694465714.0,,,0.0,1694465715.0,1694465720.0,,,0.0,1694465720.0,1694465725.0,5.0,,1.0,5.0,5.0,,,,,poseidon,local,poseidon-submit,pegasus::transfer,/mnt/poseidon-data/poseidon/pegasus-5.1.0panorama/bin/pegasus-transfer,/home/poseidon/pegasus-5.1.0panorama/bin/../bin/pegasus-kickstart  -n pegasus::transfer -N null -i - -R local  -L casa-wind-full -T 2023-09-08T07:29:05+00:00 /home/poseidon/pegasus-5.1.0panorama/bin/../bin/pegasus-transfer  --threads 2,0.9,0,0,,,,,,,,,
point_alert_ID0000020,None,compute,0,1694465709.0,,,1694465714.0,1694465718.0,1694465729.0,33838808.6,1694465716.0,1694465746.0,1694465734.0,1694465737.0,6586.0,1694465746.0,1694465751.0,5.0,,2.0,30.0,5.0,11.0,176644228.0,3.0,20478.0,poseidon,condorpool,poseidon-worker-2-container-44-47,point_alert,/opt/pointAlert/pointAlert,,0.0,0,0,,,,,,,,,
point_alert_ID0000045,None,compute,0,1694465709.0,,,1694465714.0,1694465718.0,1694465729.0,29721971.0,1694465716.0,1694465746.0,1694465734.0,1694465738.0,6671.0,1694465746.0,1694465751.0,5.0,,2.0,30.0,5.0,11.0,176636096.0,4.0,20798.0,poseidon,condorpool,poseidon-worker-1-container-12-15,point_alert,/opt/pointAlert/pointAlert,,0.0,0,0,,,,,,,,,
point_alert_ID0000050,None,compute,0,1694465709.0,,,1694465714.0,1694465717.0,1694465728.0,29445841.5,1694465716.0,1694465746.0,1694465733.0,1694465736.0,6715.0,1694465746.0,1694465751.0,5.0,,2.0,30.0,5.0,11.0,176632091.0,3.0,20878.0,poseidon,condorpool,poseidon-worker-2-container-12-15,point_alert,/opt/pointAlert/pointAlert,,0.0,0,0,,,,,,,,,
stage_out_local_condorpool_2_1,None,transfer,0,1694465709.0,,,1694465714.0,,,0.0,1694465715.0,1694465720.0,,,0.0,1694465720.0,1694465725.0,5.0,,1.0,5.0,5.0,,,,,poseidon,local,poseidon-submit,pegasus::transfer,/mnt/poseidon-data/poseidon/pegasus-5.1.0panorama/bin/pegasus-transfer,/home/poseidon/pegasus-5.1.0panorama/bin/../bin/pegasus-kickstart  -n pegasus::transfer -N null -i - -R local  -L casa-wind-full -T 2023-09-08T07:29:05+00:00 /home/poseidon/pegasus-5.1.0panorama/bin/../bin/pegasus-transfer  --threads 2,0.9,0,0,,,,,,,,,
stage_out_local_condorpool_2_4,None,transfer,0,1694465709.0,,,1694465714.0,,,0.0,1694465715.0,1694465720.0,,,0.0,1694465720.0,1694465725.0,5.0,,1.0,5.0,5.0,,,,,poseidon,local,poseidon-submit,pegasus::transfer,/mnt/poseidon-data/poseidon/pegasus-5.1.0panorama/bin/pegasus-transfer,/home/poseidon/pegasus-5.1.0panorama/bin/../bin/pegasus-kickstart  -n pegasus::transfer -N null -i - -R local  -L casa-wind-full -T 2023-09-08T07:29:05+00:00 /home/poseidon/pegasus-5.1.0panorama/bin/../bin/pegasus-transfer  --threads 2,0.9,0,0,,,,,,,,,
point_alert_ID0000005,None,compute,0,1694465709.0,,,1694465714.0,1694465717.0,1694465728.0,29529017.5,1694465716.0,1694465746.0,1694465734.0,1694465737.0,6542.0,1694465746.0,1694465751.0,5.0,,2.0,30.0,5.0,11.0,176636764.0,3.0,20398.0,poseidon,condorpool,poseidon-worker-1-container-32-35,point_alert,/opt/pointAlert/pointAlert,,0.0,0,0,,,,,,,,,
point_alert_ID0000125,None,compute,0,1694465709.0,,,1694465714.0,1694465718.0,1694465729.0,29494126.0,1694465716.0,1694465746.0,1694465734.0,1694465737.0,7225.0,1694465746.0,1694465751.0,5.0,,2.0,30.0,5.0,11.0,176678547.0,3.0,22878.0,poseidon,condorpool,poseidon-worker-1-container-16-19,point_alert,/opt/pointAlert/pointAlert,,0.0,0,0,,,,,,,,,
point_alert_ID0000080,None,compute,0,1694465709.0,,,1694465714.0,1694465717.0,1694465728.0,29875880.0,1694465716.0,1694465746.0,1694465733.0,1694465737.0,6650.0,1694465746.0,1694465751.0,5.0,,2.0,30.0,5.0,11.0,176653320.0,4.0,20718.0,poseidon,condorpool,poseidon-worker-1-container-20-23,point_alert,/opt/pointAlert/pointAlert,,0.0,0,0,,,,,,,,,
point_alert_ID0000015,None,compute,0,1694465709.0,,,1694465714.0,1694465717.0,1694465728.0,29547938.0,1694465716.0,1694465746.0,1694465734.0,1694465737.0,6631.0,1694465746.0,1694465751.0,5.0,,2.0,30.0,5.0,11.0,176639974.0,3.0,20558.0,poseidon,condorpool,poseidon-worker-1-container-4-7,point_alert,/opt/pointAlert/pointAlert,,0.0,0,0,,,,,,,,,
point_alert_ID0000115,None,compute,0,1694465709.0,,,1694465715.0,1694465718.0,1694465730.0,28723724.3,1694465716.0,1694465746.0,1694465735.0,1694465738.0,7027.0,1694465746.0,1694465751.0,6.0,,1.0,30.0,5.0,12.0,176681217.0,3.0,21598.0,poseidon,condorpool,poseidon-worker-1-container-28-31,point_alert,/opt/pointAlert/pointAlert,,0.0,0,0,,,,,,,,,
point_alert_ID0000075,None,compute,0,1694465709.0,,,1694465714.0,1694465718.0,1694465729.0,34116583.2,1694465716.0,1694465746.0,1694465734.0,1694465737.0,6612.0,1694465746.0,1694465751.0,5.0,,2.0,30.0,5.0,11.0,176646838.0,3.0,20558.0,poseidon,condorpool,poseidon-worker-2-container-16-19,point_alert,/opt/pointAlert/pointAlert,,0.0,0,0,,,,,,,,,
point_alert_ID0000055,None,compute,0,1694465709.0,,,1694465714.0,1694465718.0,1694465729.0,29495460.0,1694465716.0,1694465746.0,1694465734.0,1694465737.0,6583.0,1694465746.0,1694465751.0,5.0,,2.0,30.0,5.0,11.0,176636535.0,3.0,20638.0,poseidon,condorpool,poseidon-worker-1-container-36-39,point_alert,/opt/pointAlert/pointAlert,,0.0,0,0,,,,,,,,,
point_alert_ID0000100,None,compute,0,1694465709.0,,,1694465714.0,1694465718.0,1694465733.0,17419258.2,1694465716.0,1694465751.0,1694465739.0,1694465742.0,6773.0,1694465751.0,1694465756.0,5.0,,2.0,35.0,5.0,15.0,176658101.0,3.0,20638.0,poseidon,condorpool,poseidon-worker-1-container-12-15,point_alert,/opt/pointAlert/pointAlert,,0.0,0,0,,,,,,,,,
point_alert_ID0000025,cpu_3,compute,0,1694465709.0,,,1694465714.0,1694465717.0,1694465728.0,32975739.2,1694465715.0,1694465746.0,1694465733.0,1694465736.0,6584.0,1694465746.0,1694465751.0,5.0,,1.0,31.0,5.0,11.0,176638688.0,3.0,20078.0,poseidon,condorpool,poseidon-worker-2-container-8-11,point_alert,/opt/pointAlert/pointAlert,,0.0,0,0,,,,,,,,,
stage_out_local_condorpool_2_0,None,transfer,0,1694465709.0,,,1694465714.0,,,0.0,1694465715.0,1694465720.0,,,0.0,1694465720.0,1694465725.0,5.0,,1.0,5.0,5.0,,,,,poseidon,local,poseidon-submit,pegasus::transfer,/mnt/poseidon-data/poseidon/pegasus-5.1.0panorama/bin/pegasus-transfer,/home/poseidon/pegasus-5.1.0panorama/bin/../bin/pegasus-kickstart  -n pegasus::transfer -N null -i - -R local  -L casa-wind-full -T 2023-09-08T07:29:05+00:00 /home/poseidon/pegasus-5.1.0panorama/bin/../bin/pegasus-transfer  --threads 2,1.0,0,0,,,,,,,,,
register_condorpool_2_3,None,auxiliary,0,1694465725.0,,,1694465812.0,,,0.0,1694465812.0,1694465817.0,,,0.0,1694465817.0,1694465822.0,87.0,,0.0,5.0,5.0,,,,,poseidon,local,poseidon-submit,pegasus::rc-client,/mnt/poseidon-data/poseidon/pegasus-5.1.0panorama/bin/pegasus-rc-client,"-n pegasus::rc-client -N null -R local  -L casa-wind-full -T 2023-09-08T07:29:05+00:00 /home/poseidon/pegasus-5.1.0panorama/bin/pegasus-rc-client --prefix pegasus.catalog.replica.output --conf /mnt/poseidon-data/poseidon/workflows/casa-wind-workflow-full/submit/poseidon/pegasus/casa-wind-full/run0389/pegasus.10473519275875643200.properties -v --meta /mnt/poseidon-data/poseidon/workflows/casa-wind-workflow-full/submit/poseidon/pegasus/casa-wind-full/run0389/00/01/mvt_ID0000084.meta,/mnt/poseidon-data/poseidon/workflows/casa-wind-workflow-full/submit/poseidon/pegasus/casa-wind-full/run0389/00/02/post_vel_ID0000103.meta,/mnt/poseidon-data/poseidon/workflows/casa-wind-workflow-full/submit/poseidon/pegasus/casa-wind-full/run0389/00/01/post_vel_ID0000098.meta,/mnt/poseidon-data/poseidon/workflows/casa-wind-workflow-full/submit/poseidon/pegasus/casa-wind-full/run0389/00/02/post_vel_ID0000048.meta,/mnt/poseidon-data/poseidon/workflows/casa-wind-workflow-full/submit/poseidon/pegasus/casa-wind-full/run0389/00/01/mvt_ID0000009.meta,/mnt/poseidon-data/poseidon/workflows/casa-wind-workflow-full/submit/poseidon/pegasus/casa-wind-full/run0389/00/01/post_vel_ID0000018.meta,/mnt/poseidon-data/poseidon/workflows/casa-wind-workflow-full/submit/poseidon/pegasus/casa-wind-full/run0389/00/01/mvt_ID0000089.meta,/mnt/poseidon-data/poseidon/workflows/casa-wind-workflow-full/submit/poseidon/pegasus/casa-wind-full/run0389/00/02/mvt_ID0000074.meta,/mnt/poseidon-data/poseidon/workflows/casa-wind-workflow-full/submit/poseidon/pegasus/casa-wind-full/run0389/00/02/post_vel_ID0000038.meta --insert /mnt/poseidon-data/poseidon/workflows/casa-wind-workflow-full/submit/poseidon/pegasus/casa-wind-full/run0389/00/02/register_condorpool_2_3.in",2.6,0,0,,,,,,,,,
register_condorpool_2_5,None,auxiliary,0,1694465725.0,,,1694465740.0,,,0.0,1694465741.0,1694465746.0,,,0.0,1694465746.0,1694465751.0,15.0,,1.0,5.0,5.0,,,,,poseidon,local,poseidon-submit,pegasus::rc-client,/mnt/poseidon-data/poseidon/pegasus-5.1.0panorama/bin/pegasus-rc-client,"-n pegasus::rc-client -N null -R local  -L casa-wind-full -T 2023-09-08T07:29:05+00:00 /home/poseidon/pegasus-5.1.0panorama/bin/pegasus-rc-client --prefix pegasus.catalog.replica.output --conf /mnt/poseidon-data/poseidon/workflows/casa-wind-workflow-full/submit/poseidon/pegasus/casa-wind-full/run0389/pegasus.10473519275875643200.properties -v --meta /mnt/poseidon-data/poseidon/workflows/casa-wind-workflow-full/submit/poseidon/pegasus/casa-wind-full/run0389/00/01/mvt_ID0000004.meta,/mnt/poseidon-data/poseidon/workflows/casa-wind-workflow-full/submit/poseidon/pegasus/casa-wind-full/run0389/00/01/mvt_ID0000119.meta,/mnt/poseidon-data/poseidon/workflows/casa-wind-workflow-full/submit/poseidon/pegasus/casa-wind-full/run0389/00/02/post_vel_ID0000053.meta,/mnt/poseidon-data/poseidon/workflows/casa-wind-workflow-full/submit/poseidon/pegasus/casa-wind-full/run0389/00/02/mvt_ID0000114.meta,/mnt/poseidon-data/poseidon/workflows/casa-wind-workflow-full/submit/poseidon/pegasus/casa-wind-full/run0389/00/01/mvt_ID0000034.meta,/mnt/poseidon-data/poseidon/workflows/casa-wind-workflow-full/submit/poseidon/pegasus/casa-wind-full/run0389/00/01/mvt_ID0000014.meta,/mnt/poseidon-data/poseidon/workflows/casa-wind-workflow-full/submit/poseidon/pegasus/casa-wind-full/run0389/00/02/mvt_ID0000109.meta,/mnt/poseidon-data/poseidon/workflows/casa-wind-workflow-full/submit/poseidon/pegasus/casa-wind-full/run0389/00/01/mvt_ID0000064.meta --insert /mnt/poseidon-data/poseidon/workflows/casa-wind-workflow-full/submit/poseidon/pegasus/casa-wind-full/run0389/00/02/register_condorpool_2_5.in",2.6,0,0,,,,,,,,,
register_condorpool_2_4,None,auxiliary,0,1694465725.0,,,1694465761.0,,,0.0,1694465762.0,1694465766.0,,,0.0,1694465766.0,1694465771.0,36.0,,1.0,4.0,5.0,,,,,poseidon,local,poseidon-submit,pegasus::rc-client,/mnt/poseidon-data/poseidon/pegasus-5.1.0panorama/bin/pegasus-rc-client,"-n pegasus::rc-client -N null -R local  -L casa-wind-full -T 2023-09-08T07:29:05+00:00 /home/poseidon/pegasus-5.1.0panorama/bin/pegasus-rc-client --prefix pegasus.catalog.replica.output --conf /mnt/poseidon-data/poseidon/workflows/casa-wind-workflow-full/submit/poseidon/pegasus/casa-wind-full/run0389/pegasus.10473519275875643200.properties -v --meta /mnt/poseidon-data/poseidon/workflows/casa-wind-workflow-full/submit/poseidon/pegasus/casa-wind-full/run0389/00/02/post_vel_ID0000108.meta,/mnt/poseidon-data/poseidon/workflows/casa-wind-workflow-full/submit/poseidon/pegasus/casa-wind-full/run0389/00/01/post_vel_ID0000063.meta,/mnt/poseidon-data/poseidon/workflows/casa-wind-workflow-full/submit/poseidon/pegasus/casa-wind-full/run0389/00/01/post_vel_ID0000013.meta,/mnt/poseidon-data/poseidon/workflows/casa-wind-workflow-full/submit/poseidon/pegasus/casa-wind-full/run0389/00/02/mvt_ID0000054.meta,/mnt/poseidon-data/poseidon/workflows/casa-wind-workflow-full/submit/poseidon/pegasus/casa-wind-full/run0389/00/01/post_vel_ID0000033.meta,/mnt/poseidon-data/poseidon/workflows/casa-wind-workflow-full/submit/poseidon/pegasus/casa-wind-full/run0389/00/02/post_vel_ID0000113.meta,/mnt/poseidon-data/poseidon/workflows/casa-wind-workflow-full/submit/poseidon/pegasus/casa-wind-full/run0389/00/01/post_vel_ID0000003.meta,/mnt/poseidon-data/poseidon/workflows/casa-wind-workflow-full/submit/poseidon/pegasus/casa-wind-full/run0389/00/01/post_vel_ID0000118.meta --insert /mnt/poseidon-data/poseidon/workflows/casa-wind-workflow-full/submit/poseidon/pegasus/casa-wind-full/run0389/00/02/register_condorpool_2_4.in",2.6,0,0,,,,,,,,,
register_condorpool_2_1,None,auxiliary,0,1694465725.0,,,1694465730.0,,,0.0,1694465731.0,1694465735.0,,,0.0,1694465735.0,1694465740.0,5.0,,1.0,4.0,5.0,,,,,poseidon,local,poseidon-submit,pegasus::rc-client,/mnt/poseidon-data/poseidon/pegasus-5.1.0panorama/bin/pegasus-rc-client,"-n pegasus::rc-client -N null -R local  -L casa-wind-full -T 2023-09-08T07:29:05+00:00 /home/poseidon/pegasus-5.1.0panorama/bin/pegasus-rc-client --prefix pegasus.catalog.replica.output --conf /mnt/poseidon-data/poseidon/workflows/casa-wind-workflow-full/submit/poseidon/pegasus/casa-wind-full/run0389/pegasus.10473519275875643200.properties -v --meta /mnt/poseidon-data/poseidon/workflows/casa-wind-workflow-full/submit/poseidon/pegasus/casa-wind-full/run0389/00/01/post_vel_ID0000028.meta,/mnt/poseidon-data/poseidon/workflows/casa-wind-workflow-full/submit/poseidon/pegasus/casa-wind-full/run0389/00/02/post_vel_ID0000043.meta,/mnt/poseidon-data/poseidon/workflows/casa-wind-workflow-full/submit/poseidon/pegasus/casa-wind-full/run0389/00/01/post_vel_ID0000128.meta,/mnt/poseidon-data/poseidon/workflows/casa-wind-workflow-full/submit/poseidon/pegasus/casa-wind-full/run0389/00/01/mvt_ID0000094.meta,/mnt/poseidon-data/poseidon/workflows/casa-wind-workflow-full/submit/poseidon/pegasus/casa-wind-full/run0389/00/01/mvt_ID0000069.meta,/mnt/poseidon-data/poseidon/workflows/casa-wind-workflow-full/submit/poseidon/pegasus/casa-wind-full/run0389/00/02/mvt_ID0000059.meta,/mnt/poseidon-data/poseidon/workflows/casa-wind-workflow-full/submit/poseidon/pegasus/casa-wind-full/run0389/00/01/mvt_ID0000124.meta,/mnt/poseidon-data/poseidon/workflows/casa-wind-workflow-full/submit/poseidon/pegasus/casa-wind-full/run0389/00/01/mvt_ID0000024.meta,/mnt/poseidon-data/poseidon/workflows/casa-wind-workflow-full/submit/poseidon/pegasus/casa-wind-full/run0389/00/02/mvt_ID0000079.meta --insert /mnt/poseidon-data/poseidon/workflows/casa-wind-workflow-full/submit/poseidon/pegasus/casa-wind-full/run0389/00/02/register_condorpool_2_1.in",2.6,0,0,,,,,,,,,
register_condorpool_2_0,None,auxiliary,0,1694465725.0,,,1694465801.0,,,0.0,1694465802.0,1694465807.0,,,0.0,1694465807.0,1694465812.0,76.0,,1.0,5.0,5.0,,,,,poseidon,local,poseidon-submit,pegasus::rc-client,/mnt/poseidon-data/poseidon/pegasus-5.1.0panorama/bin/pegasus-rc-client,"-n pegasus::rc-client -N null -R local  -L casa-wind-full -T 2023-09-08T07:29:05+00:00 /home/poseidon/pegasus-5.1.0panorama/bin/pegasus-rc-client --prefix pegasus.catalog.replica.output --conf /mnt/poseidon-data/poseidon/workflows/casa-wind-workflow-full/submit/poseidon/pegasus/casa-wind-full/run0389/pegasus.10473519275875643200.properties -v --meta /mnt/poseidon-data/poseidon/workflows/casa-wind-workflow-full/submit/poseidon/pegasus/casa-wind-full/run0389/00/01/post_vel_ID0000023.meta,/mnt/poseidon-data/poseidon/workflows/casa-wind-workflow-full/submit/poseidon/pegasus/casa-wind-full/run0389/00/01/post_vel_ID0000093.meta,/mnt/poseidon-data/poseidon/workflows/casa-wind-workflow-full/submit/poseidon/pegasus/casa-wind-full/run0389/00/01/mvt_ID0000129.meta,/mnt/poseidon-data/poseidon/workflows/casa-wind-workflow-full/submit/poseidon/pegasus/casa-wind-full/run0389/00/02/mvt_ID0000044.meta,/mnt/poseidon-data/poseidon/workflows/casa-wind-workflow-full/submit/poseidon/pegasus/casa-wind-full/run0389/00/02/post_vel_ID0000058.meta,/mnt/poseidon-data/poseidon/workflows/casa-wind-workflow-full/submit/poseidon/pegasus/casa-wind-full/run0389/00/01/post_vel_ID0000068.meta,/mnt/poseidon-data/poseidon/workflows/casa-wind-workflow-full/submit/poseidon/pegasus/casa-wind-full/run0389/00/01/post_vel_ID0000123.meta,/mnt/poseidon-data/poseidon/workflows/casa-wind-workflow-full/submit/poseidon/pegasus/casa-wind-full/run0389/00/02/post_vel_ID0000078.meta,/mnt/poseidon-data/poseidon/workflows/casa-wind-workflow-full/submit/poseidon/pegasus/casa-wind-full/run0389/00/01/mvt_ID0000029.meta --insert /mnt/poseidon-data/poseidon/workflows/casa-wind-workflow-full/submit/poseidon/pegasus/casa-wind-full/run0389/00/02/register_condorpool_2_0.in",2.9,0,0,,,,,,,,,
stage_out_local_condorpool_2_2,None,transfer,0,1694465725.0,,,1694465730.0,,,0.0,1694465731.0,1694465735.0,,,0.0,1694465735.0,1694465740.0,5.0,,1.0,4.0,5.0,,,,,poseidon,local,poseidon-submit,pegasus::transfer,/mnt/poseidon-data/poseidon/pegasus-5.1.0panorama/bin/pegasus-transfer,/home/poseidon/pegasus-5.1.0panorama/bin/../bin/pegasus-kickstart  -n pegasus::transfer -N null -i - -R local  -L casa-wind-full -T 2023-09-08T07:29:05+00:00 /home/poseidon/pegasus-5.1.0panorama/bin/../bin/pegasus-transfer  --threads 2,0.9,0,0,,,,,,,,,
point_alert_ID0000105,None,compute,0,1694465725.0,,,1694465730.0,1694465733.0,1694465744.0,35290523.0,1694465731.0,1694465761.0,1694465749.0,1694465752.0,6968.0,1694465761.0,1694465766.0,5.0,,1.0,30.0,5.0,11.0,176667573.0,3.0,21278.0,poseidon,condorpool,poseidon-worker-2-container-40-43,point_alert,/opt/pointAlert/pointAlert,,0.0,0,0,,,,,,,,,
register_condorpool_2_2,None,auxiliary,0,1694465740.0,,,1694465751.0,,,0.0,1694465751.0,1694465756.0,,,0.0,1694465756.0,1694465761.0,11.0,,0.0,5.0,5.0,,,,,poseidon,local,poseidon-submit,pegasus::rc-client,/mnt/poseidon-data/poseidon/pegasus-5.1.0panorama/bin/pegasus-rc-client,"-n pegasus::rc-client -N null -R local  -L casa-wind-full -T 2023-09-08T07:29:05+00:00 /home/poseidon/pegasus-5.1.0panorama/bin/pegasus-rc-client --prefix pegasus.catalog.replica.output --conf /mnt/poseidon-data/poseidon/workflows/casa-wind-workflow-full/submit/poseidon/pegasus/casa-wind-full/run0389/pegasus.10473519275875643200.properties -v --meta /mnt/poseidon-data/poseidon/workflows/casa-wind-workflow-full/submit/poseidon/pegasus/casa-wind-full/run0389/00/02/post_vel_ID0000073.meta,/mnt/poseidon-data/poseidon/workflows/casa-wind-workflow-full/submit/poseidon/pegasus/casa-wind-full/run0389/00/02/mvt_ID0000039.meta,/mnt/poseidon-data/poseidon/workflows/casa-wind-workflow-full/submit/poseidon/pegasus/casa-wind-full/run0389/00/01/mvt_ID0000099.meta,/mnt/poseidon-data/poseidon/workflows/casa-wind-workflow-full/submit/poseidon/pegasus/casa-wind-full/run0389/00/01/post_vel_ID0000008.meta,/mnt/poseidon-data/poseidon/workflows/casa-wind-workflow-full/submit/poseidon/pegasus/casa-wind-full/run0389/00/02/mvt_ID0000049.meta,/mnt/poseidon-data/poseidon/workflows/casa-wind-workflow-full/submit/poseidon/pegasus/casa-wind-full/run0389/00/01/mvt_ID0000019.meta,/mnt/poseidon-data/poseidon/workflows/casa-wind-workflow-full/submit/poseidon/pegasus/casa-wind-full/run0389/00/02/mvt_ID0000104.meta,/mnt/poseidon-data/poseidon/workflows/casa-wind-workflow-full/submit/poseidon/pegasus/casa-wind-full/run0389/00/01/post_vel_ID0000083.meta,/mnt/poseidon-data/poseidon/workflows/casa-wind-workflow-full/submit/poseidon/pegasus/casa-wind-full/run0389/00/01/post_vel_ID0000088.meta --insert /mnt/poseidon-data/poseidon/workflows/casa-wind-workflow-full/submit/poseidon/pegasus/casa-wind-full/run0389/00/02/register_condorpool_2_2.in",2.7,0,0,,,,,,,,,
stage_out_local_condorpool_3_2,None,transfer,0,1694465751.0,,,1694465756.0,,,0.0,1694465757.0,1694465761.0,,,0.0,1694465761.0,1694465766.0,5.0,,1.0,4.0,5.0,,,,,poseidon,local,poseidon-submit,pegasus::transfer,/mnt/poseidon-data/poseidon/pegasus-5.1.0panorama/bin/pegasus-transfer,/home/poseidon/pegasus-5.1.0panorama/bin/../bin/pegasus-kickstart  -n pegasus::transfer -N null -i - -R local  -L casa-wind-full -T 2023-09-08T07:29:05+00:00 /home/poseidon/pegasus-5.1.0panorama/bin/../bin/pegasus-transfer  --threads 2,0.8,0,0,,,,,,,,,
stage_out_local_condorpool_3_0,None,transfer,0,1694465751.0,,,1694465756.0,,,0.0,1694465757.0,1694465761.0,,,0.0,1694465761.0,1694465766.0,5.0,,1.0,4.0,5.0,,,,,poseidon,local,poseidon-submit,pegasus::transfer,/mnt/poseidon-data/poseidon/pegasus-5.1.0panorama/bin/pegasus-transfer,/home/poseidon/pegasus-5.1.0panorama/bin/../bin/pegasus-kickstart  -n pegasus::transfer -N null -i - -R local  -L casa-wind-full -T 2023-09-08T07:29:05+00:00 /home/poseidon/pegasus-5.1.0panorama/bin/../bin/pegasus-transfer  --threads 2,0.9,0,0,,,,,,,,,
stage_out_local_condorpool_3_1,None,transfer,0,1694465766.0,,,1694465771.0,,,0.0,1694465771.0,1694465776.0,,,0.0,1694465776.0,1694465781.0,5.0,,0.0,5.0,5.0,,,,,poseidon,local,poseidon-submit,pegasus::transfer,/mnt/poseidon-data/poseidon/pegasus-5.1.0panorama/bin/pegasus-transfer,/home/poseidon/pegasus-5.1.0panorama/bin/../bin/pegasus-kickstart  -n pegasus::transfer -N null -i - -R local  -L casa-wind-full -T 2023-09-08T07:29:05+00:00 /home/poseidon/pegasus-5.1.0panorama/bin/../bin/pegasus-transfer  --threads 2,0.9,0,0,,,,,,,,,
register_condorpool_3_0,None,auxiliary,0,1694465766.0,,,1694465781.0,,,0.0,1694465781.0,1694465786.0,,,0.0,1694465786.0,1694465791.0,15.0,,0.0,5.0,5.0,,,,,poseidon,local,poseidon-submit,pegasus::rc-client,/mnt/poseidon-data/poseidon/pegasus-5.1.0panorama/bin/pegasus-rc-client,"-n pegasus::rc-client -N null -R local  -L casa-wind-full -T 2023-09-08T07:29:05+00:00 /home/poseidon/pegasus-5.1.0panorama/bin/pegasus-rc-client --prefix pegasus.catalog.replica.output --conf /mnt/poseidon-data/poseidon/workflows/casa-wind-workflow-full/submit/poseidon/pegasus/casa-wind-full/run0389/pegasus.10473519275875643200.properties -v --meta /mnt/poseidon-data/poseidon/workflows/casa-wind-workflow-full/submit/poseidon/pegasus/casa-wind-full/run0389/00/02/point_alert_ID0000125.meta,/mnt/poseidon-data/poseidon/workflows/casa-wind-workflow-full/submit/poseidon/pegasus/casa-wind-full/run0389/00/02/point_alert_ID0000095.meta,/mnt/poseidon-data/poseidon/workflows/casa-wind-workflow-full/submit/poseidon/pegasus/casa-wind-full/run0389/00/03/point_alert_ID0000060.meta,/mnt/poseidon-data/poseidon/workflows/casa-wind-workflow-full/submit/poseidon/pegasus/casa-wind-full/run0389/00/02/point_alert_ID0000030.meta,/mnt/poseidon-data/poseidon/workflows/casa-wind-workflow-full/submit/poseidon/pegasus/casa-wind-full/run0389/00/02/point_alert_ID0000025.meta,/mnt/poseidon-data/poseidon/workflows/casa-wind-workflow-full/submit/poseidon/pegasus/casa-wind-full/run0389/00/03/point_alert_ID0000045.meta,/mnt/poseidon-data/poseidon/workflows/casa-wind-workflow-full/submit/poseidon/pegasus/casa-wind-full/run0389/00/02/point_alert_ID0000130.meta,/mnt/poseidon-data/poseidon/workflows/casa-wind-workflow-full/submit/poseidon/pegasus/casa-wind-full/run0389/00/02/point_alert_ID0000070.meta,/mnt/poseidon-data/poseidon/workflows/casa-wind-workflow-full/submit/poseidon/pegasus/casa-wind-full/run0389/00/02/point_alert_ID0000080.meta --insert /mnt/poseidon-data/poseidon/workflows/casa-wind-workflow-full/submit/poseidon/pegasus/casa-wind-full/run0389/00/03/register_condorpool_3_0.in",2.7,0,0,,,,,,,,,
register_condorpool_3_2,None,auxiliary,0,1694465766.0,,,1694465771.0,,,0.0,1694465771.0,1694465776.0,,,0.0,1694465776.0,1694465781.0,5.0,,0.0,5.0,5.0,,,,,poseidon,local,poseidon-submit,pegasus::rc-client,/mnt/poseidon-data/poseidon/pegasus-5.1.0panorama/bin/pegasus-rc-client,"-n pegasus::rc-client -N null -R local  -L casa-wind-full -T 2023-09-08T07:29:05+00:00 /home/poseidon/pegasus-5.1.0panorama/bin/pegasus-rc-client --prefix pegasus.catalog.replica.output --conf /mnt/poseidon-data/poseidon/workflows/casa-wind-workflow-full/submit/poseidon/pegasus/casa-wind-full/run0389/pegasus.10473519275875643200.properties -v --meta /mnt/poseidon-data/poseidon/workflows/casa-wind-workflow-full/submit/poseidon/pegasus/casa-wind-full/run0389/00/03/point_alert_ID0000110.meta,/mnt/poseidon-data/poseidon/workflows/casa-wind-workflow-full/submit/poseidon/pegasus/casa-wind-full/run0389/00/03/point_alert_ID0000055.meta,/mnt/poseidon-data/poseidon/workflows/casa-wind-workflow-full/submit/poseidon/pegasus/casa-wind-full/run0389/00/02/point_alert_ID0000115.meta,/mnt/poseidon-data/poseidon/workflows/casa-wind-workflow-full/submit/poseidon/pegasus/casa-wind-full/run0389/00/02/point_alert_ID0000120.meta,/mnt/poseidon-data/poseidon/workflows/casa-wind-workflow-full/submit/poseidon/pegasus/casa-wind-full/run0389/00/02/point_alert_ID0000035.meta,/mnt/poseidon-data/poseidon/workflows/casa-wind-workflow-full/submit/poseidon/pegasus/casa-wind-full/run0389/00/02/point_alert_ID0000015.meta,/mnt/poseidon-data/poseidon/workflows/casa-wind-workflow-full/submit/poseidon/pegasus/casa-wind-full/run0389/00/02/point_alert_ID0000065.meta,/mnt/poseidon-data/poseidon/workflows/casa-wind-workflow-full/submit/poseidon/pegasus/casa-wind-full/run0389/00/02/point_alert_ID0000005.meta --insert /mnt/poseidon-data/poseidon/workflows/casa-wind-workflow-full/submit/poseidon/pegasus/casa-wind-full/run0389/00/03/register_condorpool_3_2.in",2.7,0,0,,,,,,,,,
cleanup_casa-wind-full_0_condorpool,None,auxiliary,0,1694465781.0,,,1694465786.0,,,0.0,1694465786.0,1694465791.0,,,0.0,1694465791.0,1694465796.0,5.0,,0.0,5.0,5.0,,,,,poseidon,local,poseidon-submit,pegasus::cleanup,/mnt/poseidon-data/poseidon/pegasus-5.1.0panorama/bin/pegasus-transfer,pegasus-kickstart  -n pegasus::cleanup -N null -i - -R local  -L casa-wind-full -T 2023-09-08T07:29:05+00:00 pegasus-transfer,0.2,0,0,,,,,,,,,
register_condorpool_3_1,None,auxiliary,0,1694465781.0,,,1694465791.0,,,0.0,1694465792.0,1694465796.0,,,0.0,1694465796.0,1694465801.0,10.0,,1.0,4.0,5.0,,,,,poseidon,local,poseidon-submit,pegasus::rc-client,/mnt/poseidon-data/poseidon/pegasus-5.1.0panorama/bin/pegasus-rc-client,"-n pegasus::rc-client -N null -R local  -L casa-wind-full -T 2023-09-08T07:29:05+00:00 /home/poseidon/pegasus-5.1.0panorama/bin/pegasus-rc-client --prefix pegasus.catalog.replica.output --conf /mnt/poseidon-data/poseidon/workflows/casa-wind-workflow-full/submit/poseidon/pegasus/casa-wind-full/run0389/pegasus.10473519275875643200.properties -v --meta /mnt/poseidon-data/poseidon/workflows/casa-wind-workflow-full/submit/poseidon/pegasus/casa-wind-full/run0389/00/02/point_alert_ID0000010.meta,/mnt/poseidon-data/poseidon/workflows/casa-wind-workflow-full/submit/poseidon/pegasus/casa-wind-full/run0389/00/02/point_alert_ID0000090.meta,/mnt/poseidon-data/poseidon/workflows/casa-wind-workflow-full/submit/poseidon/pegasus/casa-wind-full/run0389/00/02/point_alert_ID0000085.meta,/mnt/poseidon-data/poseidon/workflows/casa-wind-workflow-full/submit/poseidon/pegasus/casa-wind-full/run0389/00/02/point_alert_ID0000075.meta,/mnt/poseidon-data/poseidon/workflows/casa-wind-workflow-full/submit/poseidon/pegasus/casa-wind-full/run0389/00/02/point_alert_ID0000100.meta,/mnt/poseidon-data/poseidon/workflows/casa-wind-workflow-full/submit/poseidon/pegasus/casa-wind-full/run0389/00/03/point_alert_ID0000040.meta,/mnt/poseidon-data/poseidon/workflows/casa-wind-workflow-full/submit/poseidon/pegasus/casa-wind-full/run0389/00/02/point_alert_ID0000020.meta,/mnt/poseidon-data/poseidon/workflows/casa-wind-workflow-full/submit/poseidon/pegasus/casa-wind-full/run0389/00/03/point_alert_ID0000050.meta,/mnt/poseidon-data/poseidon/workflows/casa-wind-workflow-full/submit/poseidon/pegasus/casa-wind-full/run0389/00/03/point_alert_ID0000105.meta --insert /mnt/poseidon-data/poseidon/workflows/casa-wind-workflow-full/submit/poseidon/pegasus/casa-wind-full/run0389/00/03/register_condorpool_3_1.in",2.5,0,0,,,,,,,,,
