,anomaly_type,type,is_clustered,ready,pre_script_start,pre_script_end,submit,stage_in_start,stage_in_end,stage_in_effective_bytes_per_sec,execute_start,execute_end,stage_out_start,stage_out_end,stage_out_effective_bytes_per_sec,post_script_start,post_script_end,wms_delay,pre_script_delay,queue_delay,runtime,post_script_delay,stage_in_delay,stage_in_bytes,stage_out_delay,stage_out_bytes,kickstart_user,kickstart_site,kickstart_hostname,kickstart_transformations,kickstart_executables,kickstart_executables_argv,kickstart_executables_cpu_time,kickstart_status,kickstart_executables_exitcode,kickstart_online_iowait,kickstart_online_bytes_read,kickstart_online_bytes_written,kickstart_online_read_system_calls,kickstart_online_write_system_calls,kickstart_online_utime,kickstart_online_stime,kickstart_online_bytes_read_per_second,kickstart_online_bytes_written_per_second
create_dir_casa-wind-full_0_condorpool,None,auxiliary,0,1694471603.0,,,1694471604.0,,,0.0,1694471607.0,1694471614.0,,,0.0,1694471614.0,1694471619.0,1.0,,3.0,7.0,5.0,,,,,poseidon,local,poseidon-submit,pegasus::dirmanager,/mnt/poseidon-data/poseidon/pegasus-5.1.0panorama/bin/pegasus-transfer,pegasus-kickstart  -n pegasus::dirmanager -N null -i - -R local  -L casa-wind-full -T 2023-09-08T07:29:05+00:00 pegasus-transfer,0.2,0,0,,,,,,,,,
unzip_ID0000006,None,compute,0,1694471619.0,,,1694471624.0,1694471639.0,1694471648.0,25131810.0,1694471637.0,1694471689.0,1694471661.0,1694471680.0,25706953.0,1694471689.0,1694471694.0,5.0,,13.0,52.0,5.0,9.0,222753803.0,19.0,501616588.0,poseidon,condorpool,poseidon-worker-2-container-20-23,unzip,/usr/bin/gunzip,,3.9,0,0,,,,,,,,,
unzip_ID0000106,None,compute,0,1694471619.0,,,1694471624.0,1694471638.0,1694471645.0,35379579.0,1694471636.0,1694471684.0,1694471658.0,1694471678.0,26082166.0,1694471684.0,1694471689.0,5.0,,12.0,48.0,5.0,7.0,241199298.0,20.0,501821816.0,poseidon,condorpool,poseidon-worker-1-container-44-47,unzip,/usr/bin/gunzip,,4.1,0,0,,,,,,,,,
unzip_ID0000046,None,compute,0,1694471619.0,,,1694471624.0,1694471636.0,1694471644.0,26091402.0,1694471634.0,1694471674.0,1694471656.0,1694471666.0,52106800.0,1694471674.0,1694471679.0,5.0,,10.0,40.0,5.0,8.0,229692821.0,10.0,523855228.0,poseidon,condorpool,poseidon-worker-2-container-0-3,unzip,/usr/bin/gunzip,,3.9,0,0,,,,,,,,,
unzip_ID0000101,cpu_3,compute,0,1694471619.0,,,1694471624.0,1694471636.0,1694471645.0,25582503.0,1694471634.0,1694471684.0,1694471658.0,1694471676.0,31370761.0,1694471684.0,1694471689.0,5.0,,10.0,50.0,5.0,9.0,250988249.0,18.0,561551644.0,poseidon,condorpool,poseidon-worker-2-container-8-11,unzip,/usr/bin/gunzip,,4.4,0,0,,,,,,,,,
unzip_ID0000026,cpu_3,compute,0,1694471619.0,,,1694471624.0,1694471635.0,1694471643.0,27666220.0,1694471633.0,1694471674.0,1694471656.0,1694471666.0,52009930.0,1694471674.0,1694471679.0,5.0,,9.0,41.0,5.0,8.0,227963832.0,10.0,523917888.0,poseidon,condorpool,poseidon-worker-1-container-4-7,unzip,/usr/bin/gunzip,,4.0,0,0,,,,,,,,,
unzip_ID0000126,None,compute,0,1694471619.0,,,1694471624.0,1694471637.0,1694471645.0,29860953.0,1694471635.0,1694471684.0,1694471658.0,1694471674.0,33037635.0,1694471684.0,1694471689.0,5.0,,11.0,49.0,5.0,8.0,249343892.0,16.0,520618424.0,poseidon,condorpool,poseidon-worker-1-container-8-11,unzip,/usr/bin/gunzip,,4.2,0,0,,,,,,,,,
unzip_ID0000031,None,compute,0,1694471619.0,,,1694471624.0,1694471637.0,1694471645.0,27615060.0,1694471635.0,1694471684.0,1694471658.0,1694471674.0,33717445.0,1694471684.0,1694471689.0,5.0,,11.0,49.0,5.0,8.0,237517035.0,16.0,539438752.0,poseidon,condorpool,poseidon-worker-2-container-4-7,unzip,/usr/bin/gunzip,,4.1,0,0,,,,,,,,,
unzip_ID0000076,cpu_3,compute,0,1694471619.0,,,1694471624.0,1694471636.0,1694471642.0,35406824.0,1694471634.0,1694471669.0,1694471654.0,1694471663.0,62485561.0,1694471669.0,1694471674.0,5.0,,10.0,35.0,5.0,6.0,233747923.0,9.0,523942844.0,poseidon,condorpool,poseidon-worker-2-container-12-15,unzip,/usr/bin/gunzip,,4.0,0,0,,,,,,,,,
unzip_ID0000011,None,compute,0,1694471619.0,,,1694471624.0,1694471635.0,1694471646.0,22605872.0,1694471634.0,1694471689.0,1694471659.0,1694471681.0,25644658.0,1694471689.0,1694471694.0,5.0,,10.0,55.0,5.0,11.0,235998389.0,22.0,565205920.0,poseidon,condorpool,poseidon-worker-2-container-24-27,unzip,/usr/bin/gunzip,,4.2,0,0,,,,,,,,,
unzip_ID0000111,None,compute,0,1694471619.0,,,1694471624.0,1694471636.0,1694471646.0,24495233.0,1694471634.0,1694471689.0,1694471660.0,1694471680.0,28557439.0,1694471689.0,1694471694.0,5.0,,10.0,55.0,5.0,10.0,256320311.0,20.0,567950764.0,poseidon,condorpool,poseidon-worker-1-container-28-31,unzip,/usr/bin/gunzip,,4.5,0,0,,,,,,,,,
unzip_ID0000071,None,compute,0,1694471619.0,,,1694471624.0,1694471636.0,1694471645.0,26242943.0,1694471634.0,1694471684.0,1694471658.0,1694471678.0,28047223.0,1694471684.0,1694471689.0,5.0,,10.0,50.0,5.0,9.0,240896692.0,20.0,539506600.0,poseidon,condorpool,poseidon-worker-1-container-32-35,unzip,/usr/bin/gunzip,,4.2,0,0,,,,,,,,,
unzip_ID0000051,None,compute,0,1694471619.0,,,1694471624.0,1694471636.0,1694471645.0,24396186.0,1694471634.0,1694471689.0,1694471659.0,1694471680.0,25889185.0,1694471689.0,1694471694.0,5.0,,10.0,55.0,5.0,9.0,239630266.0,21.0,544301296.0,poseidon,condorpool,poseidon-worker-1-container-20-23,unzip,/usr/bin/gunzip,,4.2,0,0,,,,,,,,,
unzip_ID0000056,None,compute,0,1694471619.0,,,1694471624.0,1694471636.0,1694471644.0,27588064.0,1694471634.0,1694471674.0,1694471656.0,1694471667.0,49303644.0,1694471674.0,1694471679.0,5.0,,10.0,40.0,5.0,8.0,232139969.0,11.0,528026776.0,poseidon,condorpool,poseidon-worker-1-container-16-19,unzip,/usr/bin/gunzip,,4.1,0,0,,,,,,,,,
unzip_ID0000091,None,compute,0,1694471619.0,,,1694471624.0,1694471635.0,1694471646.0,23280319.0,1694471634.0,1694471684.0,1694471659.0,1694471678.0,27865572.0,1694471684.0,1694471689.0,5.0,,10.0,50.0,5.0,11.0,246447087.0,19.0,539109992.0,poseidon,condorpool,poseidon-worker-2-container-16-19,unzip,/usr/bin/gunzip,,4.2,0,0,,,,,,,,,
unzip_ID0000081,None,compute,0,1694471619.0,,,1694471624.0,1694471635.0,1694471645.0,26730318.0,1694471634.0,1694471684.0,1694471658.0,1694471675.0,31248032.0,1694471684.0,1694471689.0,5.0,,10.0,50.0,5.0,10.0,245619741.0,17.0,543190672.0,poseidon,condorpool,poseidon-worker-1-container-44-47,unzip,/usr/bin/gunzip,,4.1,0,0,,,,,,,,,
unzip_ID0000041,None,compute,0,1694471619.0,,,1694471624.0,1694471635.0,1694471642.0,34357548.0,1694471634.0,1694471674.0,1694471655.0,1694471664.0,58141100.0,1694471674.0,1694471679.0,5.0,,10.0,40.0,5.0,7.0,238944758.0,9.0,540768928.0,poseidon,condorpool,poseidon-worker-1-container-0-3,unzip,/usr/bin/gunzip,,4.0,0,0,,,,,,,,,
unzip_ID0000096,None,compute,0,1694471619.0,,,1694471624.0,1694471637.0,1694471645.0,28985256.0,1694471635.0,1694471679.0,1694471658.0,1694471673.0,36247600.0,1694471679.0,1694471684.0,5.0,,11.0,44.0,5.0,8.0,240753402.0,15.0,524013876.0,poseidon,condorpool,poseidon-worker-1-container-12-15,unzip,/usr/bin/gunzip,,4.1,0,0,,,,,,,,,
unzip_ID0000001,cpu_3,compute,0,1694471619.0,,,1694471624.0,1694471637.0,1694471645.0,26840094.0,1694471635.0,1694471689.0,1694471659.0,1694471680.0,26494186.0,1694471689.0,1694471694.0,5.0,,11.0,54.0,5.0,8.0,232473216.0,21.0,561354992.0,poseidon,condorpool,poseidon-worker-2-container-28-31,unzip,/usr/bin/gunzip,,4.2,0,0,,,,,,,,,
unzip_ID0000121,None,compute,0,1694471619.0,,,1694471624.0,1694471635.0,1694471644.0,28223380.0,1694471634.0,1694471674.0,1694471657.0,1694471667.0,54707683.0,1694471674.0,1694471679.0,5.0,,10.0,40.0,5.0,9.0,250860096.0,10.0,550782944.0,poseidon,condorpool,poseidon-worker-2-container-40-43,unzip,/usr/bin/gunzip,,4.3,0,0,,,,,,,,,
unzip_ID0000066,None,compute,0,1694471619.0,,,1694471624.0,1694471636.0,1694471646.0,22480238.0,1694471634.0,1694471689.0,1694471659.0,1694471680.0,24677843.0,1694471689.0,1694471694.0,5.0,,10.0,55.0,5.0,10.0,232031705.0,21.0,523661496.0,poseidon,condorpool,poseidon-worker-2-container-44-47,unzip,/usr/bin/gunzip,,4.1,0,0,,,,,,,,,
unzip_ID0000061,None,compute,0,1694471619.0,,,1694471624.0,1694471635.0,1694471647.0,21188643.0,1694471634.0,1694471689.0,1694471660.0,1694471683.0,23023361.0,1694471689.0,1694471694.0,5.0,,10.0,55.0,5.0,12.0,240463185.0,23.0,541945820.0,poseidon,condorpool,poseidon-worker-1-container-40-43,unzip,/usr/bin/gunzip,,4.0,0,0,,,,,,,,,
unzip_ID0000086,cpu_3,compute,0,1694471619.0,,,1694471624.0,1694471636.0,1694471643.0,32436481.0,1694471634.0,1694471674.0,1694471656.0,1694471665.0,56617708.0,1694471674.0,1694471679.0,5.0,,10.0,40.0,5.0,7.0,234836668.0,9.0,518838800.0,poseidon,condorpool,poseidon-worker-2-container-36-39,unzip,/usr/bin/gunzip,,4.0,0,0,,,,,,,,,
unzip_ID0000016,None,compute,0,1694471619.0,,,1694471624.0,1694471635.0,1694471644.0,24848564.0,1694471634.0,1694471684.0,1694471658.0,1694471675.0,31052567.0,1694471684.0,1694471689.0,5.0,,10.0,50.0,5.0,9.0,225238888.0,17.0,523826084.0,poseidon,condorpool,poseidon-worker-1-container-24-27,unzip,/usr/bin/gunzip,,4.0,0,0,,,,,,,,,
unzip_ID0000036,None,compute,0,1694471619.0,,,1694471624.0,1694471636.0,1694471646.0,23464143.0,1694471634.0,1694471684.0,1694471658.0,1694471673.0,34685608.0,1694471684.0,1694471689.0,5.0,,10.0,50.0,5.0,10.0,232020704.0,15.0,526952240.0,poseidon,condorpool,poseidon-worker-2-container-20-23,unzip,/usr/bin/gunzip,,4.0,0,0,,,,,,,,,
unzip_ID0000116,None,compute,0,1694471619.0,,,1694471624.0,1694471636.0,1694471643.0,33929682.0,1694471634.0,1694471674.0,1694471655.0,1694471664.0,56623769.0,1694471674.0,1694471679.0,5.0,,10.0,40.0,5.0,7.0,249255741.0,9.0,520850676.0,poseidon,condorpool,poseidon-worker-2-container-32-35,unzip,/usr/bin/gunzip,,4.2,0,0,,,,,,,,,
unzip_ID0000021,None,compute,0,1694471619.0,,,1694471624.0,1694471636.0,1694471646.0,24157180.0,1694471634.0,1694471689.0,1694471659.0,1694471680.0,25972019.0,1694471689.0,1694471694.0,5.0,,10.0,55.0,5.0,10.0,235136662.0,21.0,539178100.0,poseidon,condorpool,poseidon-worker-1-container-36-39,unzip,/usr/bin/gunzip,,4.1,0,0,,,,,,,,,
um_vel_ID0000077,None,compute,0,1694471674.0,,,1694471679.0,1694471682.0,1694471702.0,47360484.1,1694471680.0,1694471724.0,1694471711.0,1694471714.0,171554.0,1694471724.0,1694471729.0,5.0,,1.0,44.0,5.0,20.0,700529596.0,3.0,556900.0,poseidon,condorpool,poseidon-worker-1-container-12-15,um_vel,/opt/UM_VEL/UM_VEL,,1.7,0,0,,,,,,,,,
um_vel_ID0000117,None,compute,0,1694471679.0,,,1694471684.0,1694471687.0,1694471706.0,50600099.5,1694471685.0,1694471724.0,1694471715.0,1694471718.0,172580.0,1694471724.0,1694471729.0,5.0,,1.0,39.0,5.0,19.0,697437428.0,3.0,556900.0,poseidon,condorpool,poseidon-worker-1-container-32-35,um_vel,/opt/UM_VEL/UM_VEL,,1.7,0,0,,,,,,,,,
um_vel_ID0000047,None,compute,0,1694471679.0,,,1694471684.0,1694471687.0,1694471706.0,51919773.5,1694471685.0,1694471724.0,1694471715.0,1694471718.0,176340.0,1694471724.0,1694471729.0,5.0,,1.0,39.0,5.0,19.0,700441980.0,3.0,556900.0,poseidon,condorpool,poseidon-worker-1-container-44-47,um_vel,/opt/UM_VEL/UM_VEL,,1.8,0,0,,,,,,,,,
um_vel_ID0000042,None,compute,0,1694471679.0,,,1694471684.0,1694471687.0,1694471708.0,47987703.0,1694471685.0,1694471729.0,1694471716.0,1694471720.0,173864.0,1694471729.0,1694471734.0,5.0,,1.0,44.0,5.0,21.0,717355680.0,4.0,556900.0,poseidon,condorpool,poseidon-worker-1-container-24-27,um_vel,/opt/UM_VEL/UM_VEL,,1.8,0,0,,,,,,,,,
um_vel_ID0000027,None,compute,0,1694471679.0,,,1694471684.0,1694471687.0,1694471707.0,48561567.2,1694471685.0,1694471729.0,1694471716.0,1694471719.0,170715.0,1694471729.0,1694471734.0,5.0,,1.0,44.0,5.0,20.0,700504640.0,3.0,556900.0,poseidon,condorpool,poseidon-worker-1-container-0-3,um_vel,/opt/UM_VEL/UM_VEL,,1.7,0,0,,,,,,,,,
um_vel_ID0000122,None,compute,0,1694471679.0,,,1694471684.0,1694471687.0,1694471708.0,49299592.6,1694471685.0,1694471729.0,1694471716.0,1694471719.0,174302.0,1694471729.0,1694471734.0,5.0,,1.0,44.0,5.0,21.0,727369696.0,3.0,556900.0,poseidon,condorpool,poseidon-worker-2-container-0-3,um_vel,/opt/UM_VEL/UM_VEL,,1.8,0,0,,,,,,,,,
um_vel_ID0000057,None,compute,0,1694471679.0,,,1694471684.0,1694471687.0,1694471706.0,52012759.2,1694471685.0,1694471724.0,1694471715.0,1694471718.0,174944.0,1694471724.0,1694471729.0,5.0,,1.0,39.0,5.0,19.0,704613528.0,3.0,556900.0,poseidon,condorpool,poseidon-worker-2-container-40-43,um_vel,/opt/UM_VEL/UM_VEL,,1.8,0,0,,,,,,,,,
um_vel_ID0000087,cpu_3,compute,0,1694471679.0,,,1694471684.0,1694471687.0,1694471707.0,47401847.2,1694471685.0,1694471729.0,1694471716.0,1694471719.0,175640.0,1694471729.0,1694471734.0,5.0,,1.0,44.0,5.0,20.0,695425552.0,3.0,556900.0,poseidon,condorpool,poseidon-worker-1-container-4-7,um_vel,/opt/UM_VEL/UM_VEL,,1.7,0,0,,,,,,,,,
um_vel_ID0000097,cpu_3,compute,0,1694471684.0,,,1694471689.0,1694471692.0,1694471713.0,46851918.1,1694471691.0,1694471734.0,1694471722.0,1694471725.0,179275.0,1694471734.0,1694471739.0,5.0,,2.0,43.0,5.0,21.0,700600628.0,3.0,556900.0,poseidon,condorpool,poseidon-worker-2-container-28-31,um_vel,/opt/UM_VEL/UM_VEL,,1.7,0,0,,,,,,,,,
um_vel_ID0000037,None,compute,0,1694471689.0,,,1694471694.0,1694471697.0,1694471716.0,53955760.8,1694471695.0,1694471734.0,1694471724.0,1694471727.0,175673.0,1694471734.0,1694471739.0,5.0,,1.0,39.0,5.0,19.0,703538992.0,3.0,556900.0,poseidon,condorpool,poseidon-worker-1-container-36-39,um_vel,/opt/UM_VEL/UM_VEL,,1.7,0,0,,,,,,,,,
um_vel_ID0000017,None,compute,0,1694471689.0,,,1694471694.0,1694471697.0,1694471717.0,48409791.2,1694471695.0,1694471739.0,1694471726.0,1694471729.0,178385.0,1694471739.0,1694471744.0,5.0,,1.0,44.0,5.0,20.0,700412836.0,3.0,556900.0,poseidon,condorpool,poseidon-worker-2-container-44-47,um_vel,/opt/UM_VEL/UM_VEL,,1.7,0,0,,,,,,,,,
um_vel_ID0000092,None,compute,0,1694471689.0,,,1694471694.0,1694471697.0,1694471716.0,51901612.8,1694471695.0,1694471734.0,1694471725.0,1694471728.0,174723.0,1694471734.0,1694471739.0,5.0,,1.0,39.0,5.0,19.0,715696744.0,3.0,556900.0,poseidon,condorpool,poseidon-worker-1-container-28-31,um_vel,/opt/UM_VEL/UM_VEL,,1.7,0,0,,,,,,,,,
um_vel_ID0000072,None,compute,0,1694471689.0,,,1694471694.0,1694471697.0,1694471718.0,47707367.7,1694471695.0,1694471739.0,1694471726.0,1694471729.0,180188.0,1694471739.0,1694471744.0,5.0,,1.0,44.0,5.0,21.0,716093352.0,3.0,556900.0,poseidon,condorpool,poseidon-worker-2-container-16-19,um_vel,/opt/UM_VEL/UM_VEL,,1.7,0,0,,,,,,,,,
um_vel_ID0000107,None,compute,0,1694471689.0,,,1694471694.0,1694471697.0,1694471716.0,49454649.0,1694471695.0,1694471734.0,1694471725.0,1694471728.0,174931.0,1694471734.0,1694471739.0,5.0,,1.0,39.0,5.0,19.0,678408568.0,3.0,556900.0,poseidon,condorpool,poseidon-worker-2-container-24-27,um_vel,/opt/UM_VEL/UM_VEL,,1.7,0,0,,,,,,,,,
um_vel_ID0000082,None,compute,0,1694471689.0,,,1694471694.0,1694471697.0,1694471715.0,56849944.0,1694471695.0,1694471734.0,1694471724.0,1694471727.0,177373.0,1694471734.0,1694471739.0,5.0,,1.0,39.0,5.0,18.0,719777424.0,3.0,556900.0,poseidon,condorpool,poseidon-worker-2-container-20-23,um_vel,/opt/UM_VEL/UM_VEL,,1.7,0,0,,,,,,,,,
um_vel_ID0000102,cpu_3,compute,0,1694471689.0,,,1694471694.0,1694471698.0,1694471726.0,32977235.8,1694471696.0,1694471744.0,1694471734.0,1694471737.0,180220.0,1694471744.0,1694471749.0,5.0,,2.0,48.0,5.0,28.0,738138396.0,3.0,556900.0,poseidon,condorpool,poseidon-worker-2-container-8-11,um_vel,/opt/UM_VEL/UM_VEL,,1.7,0,0,,,,,,,,,
um_vel_ID0000032,None,compute,0,1694471689.0,,,1694471694.0,1694471697.0,1694471720.0,41191760.2,1694471695.0,1694471739.0,1694471728.0,1694471732.0,179745.0,1694471739.0,1694471744.0,5.0,,1.0,44.0,5.0,23.0,716025504.0,4.0,556900.0,poseidon,condorpool,poseidon-worker-2-container-32-35,um_vel,/opt/UM_VEL/UM_VEL,,1.7,0,0,,,,,,,,,
um_vel_ID0000127,None,compute,0,1694471689.0,,,1694471694.0,1694471697.0,1694471718.0,46559011.3,1694471695.0,1694471739.0,1694471726.0,1694471729.0,180016.0,1694471739.0,1694471744.0,5.0,,1.0,44.0,5.0,21.0,697205176.0,3.0,556900.0,poseidon,condorpool,poseidon-worker-1-container-8-11,um_vel,/opt/UM_VEL/UM_VEL,,1.9,0,0,,,,,,,,,
um_vel_ID0000007,None,compute,0,1694471694.0,,,1694471699.0,1694471702.0,1694471721.0,53126335.8,1694471700.0,1694471739.0,1694471729.0,1694471732.0,178276.0,1694471739.0,1694471744.0,5.0,,1.0,39.0,5.0,19.0,678203340.0,3.0,556900.0,poseidon,condorpool,poseidon-worker-2-container-4-7,um_vel,/opt/UM_VEL/UM_VEL,,1.6,0,0,,,,,,,,,
stage_out_local_condorpool_0_1,None,transfer,0,1694471694.0,,,1694471699.0,,,0.0,1694471700.0,1694471734.0,,,0.0,1694471734.0,1694471739.0,5.0,,1.0,34.0,5.0,,,,,poseidon,local,poseidon-submit,pegasus::transfer,/mnt/poseidon-data/poseidon/pegasus-5.1.0panorama/bin/pegasus-transfer,/home/poseidon/pegasus-5.1.0panorama/bin/../bin/pegasus-kickstart  -n pegasus::transfer -N null -i - -R local  -L casa-wind-full -T 2023-09-08T07:29:05+00:00 /home/poseidon/pegasus-5.1.0panorama/bin/../bin/pegasus-transfer  --threads 2,35.5,0,0,,,,,,,,,
stage_out_local_condorpool_0_0,None,transfer,0,1694471694.0,,,1694471699.0,,,0.0,1694471700.0,1694471734.0,,,0.0,1694471734.0,1694471739.0,5.0,,1.0,34.0,5.0,,,,,poseidon,local,poseidon-submit,pegasus::transfer,/mnt/poseidon-data/poseidon/pegasus-5.1.0panorama/bin/pegasus-transfer,/home/poseidon/pegasus-5.1.0panorama/bin/../bin/pegasus-kickstart  -n pegasus::transfer -N null -i - -R local  -L casa-wind-full -T 2023-09-08T07:29:05+00:00 /home/poseidon/pegasus-5.1.0panorama/bin/../bin/pegasus-transfer  --threads 2,35.8,0,0,,,,,,,,,
stage_out_local_condorpool_0_2,None,transfer,0,1694471694.0,,,1694471699.0,,,0.0,1694471700.0,1694471734.0,,,0.0,1694471734.0,1694471739.0,5.0,,1.0,34.0,5.0,,,,,poseidon,local,poseidon-submit,pegasus::transfer,/mnt/poseidon-data/poseidon/pegasus-5.1.0panorama/bin/pegasus-transfer,/home/poseidon/pegasus-5.1.0panorama/bin/../bin/pegasus-kickstart  -n pegasus::transfer -N null -i - -R local  -L casa-wind-full -T 2023-09-08T07:29:05+00:00 /home/poseidon/pegasus-5.1.0panorama/bin/../bin/pegasus-transfer  --threads 2,35.9,0,0,,,,,,,,,
um_vel_ID0000002,None,compute,0,1694471694.0,,,1694471699.0,1694471702.0,1694471722.0,55136842.6,1694471700.0,1694471739.0,1694471730.0,1694471733.0,179079.0,1694471739.0,1694471744.0,5.0,,1.0,39.0,5.0,20.0,737941744.0,3.0,556900.0,poseidon,condorpool,poseidon-worker-1-container-44-47,um_vel,/opt/UM_VEL/UM_VEL,,1.7,0,0,,,,,,,,,
um_vel_ID0000012,None,compute,0,1694471694.0,,,1694471699.0,1694471702.0,1694471722.0,51745118.2,1694471700.0,1694471744.0,1694471731.0,1694471734.0,177463.0,1694471744.0,1694471749.0,5.0,,1.0,44.0,5.0,20.0,741792672.0,3.0,556900.0,poseidon,condorpool,poseidon-worker-2-container-20-23,um_vel,/opt/UM_VEL/UM_VEL,,1.7,0,0,,,,,,,,,
um_vel_ID0000067,None,compute,0,1694471694.0,,,1694471699.0,1694471722.0,1694471740.0,53380259.8,1694471720.0,1694471759.0,1694471749.0,1694471752.0,174496.0,1694471759.0,1694471764.0,5.0,,21.0,39.0,5.0,18.0,700248248.0,3.0,556900.0,poseidon,condorpool,poseidon-worker-1-container-0-3,um_vel,/opt/UM_VEL/UM_VEL,,1.7,0,0,,,,,,,,,
um_vel_ID0000112,None,compute,0,1694471694.0,,,1694471699.0,1694471722.0,1694471741.0,57509021.0,1694471720.0,1694471759.0,1694471749.0,1694471752.0,178620.0,1694471759.0,1694471764.0,5.0,,21.0,39.0,5.0,19.0,744537516.0,3.0,556900.0,poseidon,condorpool,poseidon-worker-2-container-20-23,um_vel,/opt/UM_VEL/UM_VEL,,1.7,0,0,,,,,,,,,
um_vel_ID0000052,None,compute,0,1694471694.0,,,1694471699.0,1694471702.0,1694471722.0,51073799.7,1694471700.0,1694471739.0,1694471730.0,1694471734.0,176140.0,1694471739.0,1694471744.0,5.0,,1.0,39.0,5.0,20.0,720888048.0,4.0,556900.0,poseidon,condorpool,poseidon-worker-1-container-40-43,um_vel,/opt/UM_VEL/UM_VEL,,1.7,0,0,,,,,,,,,
um_vel_ID0000022,None,compute,0,1694471694.0,,,1694471699.0,1694471722.0,1694471741.0,52364157.5,1694471720.0,1694471759.0,1694471750.0,1694471753.0,178439.0,1694471759.0,1694471764.0,5.0,,21.0,39.0,5.0,19.0,715764852.0,3.0,556900.0,poseidon,condorpool,poseidon-worker-1-container-44-47,um_vel,/opt/UM_VEL/UM_VEL,,1.6,0,0,,,,,,,,,
um_vel_ID0000062,None,compute,0,1694471694.0,,,1694471699.0,1694471703.0,1694471723.0,49343586.1,1694471701.0,1694471744.0,1694471731.0,1694471734.0,178055.0,1694471744.0,1694471749.0,5.0,,2.0,43.0,5.0,20.0,718532572.0,3.0,556900.0,poseidon,condorpool,poseidon-worker-1-container-20-23,um_vel,/opt/UM_VEL/UM_VEL,,1.7,0,0,,,,,,,,,
mvt_ID0000079,None,compute,0,1694471729.0,,,1694471734.0,1694471737.0,1694471748.0,33522038.4,1694471735.0,1694471805.0,1694471793.0,1694471796.0,14717.0,1694471805.0,1694471810.0,5.0,,1.0,70.0,5.0,11.0,177143652.0,3.0,45337.0,poseidon,condorpool,poseidon-worker-1-container-12-15,mvt,/opt/mvt/mvt,,40.3,0,0,0.0,794305.0,24576.0,440.0,6.0,39.8,0.2,19857.6,1228.8
mvt_ID0000049,cpu_3,compute,0,1694471729.0,,,1694471734.0,1694471737.0,1694471748.0,34927150.4,1694471735.0,1694471815.0,1694471804.0,1694471807.0,7466.0,1694471815.0,1694471820.0,5.0,,1.0,80.0,5.0,11.0,177143652.0,3.0,24108.0,poseidon,condorpool,poseidon-worker-2-container-28-31,mvt,/opt/mvt/mvt,,39.5,0,0,0.0,797981.0,12288.0,455.0,3.0,38.7,0.2,15959.6,1228.8
post_vel_ID0000048,cpu_3,compute,0,1694471729.0,,,1694471734.0,1694471737.0,1694471748.0,31488225.8,1694471735.0,1694471764.0,1694471753.0,1694471756.0,3421.0,1694471764.0,1694471769.0,5.0,,1.0,29.0,5.0,11.0,177143937.0,3.0,10371.0,poseidon,condorpool,poseidon-worker-1-container-4-7,post_vel,/opt/netcdf2png/merged_netcdf2png,,0.1,0,0,,,,,,,,,
mvt_ID0000059,None,compute,0,1694471729.0,,,1694471734.0,1694471737.0,1694471748.0,35075647.0,1694471735.0,1694471805.0,1694471793.0,1694471796.0,9219.0,1694471805.0,1694471810.0,5.0,,1.0,70.0,5.0,11.0,177143652.0,3.0,28164.0,poseidon,condorpool,poseidon-worker-1-container-24-27,mvt,/opt/mvt/mvt,,40.1,0,0,0.0,795681.0,12288.0,443.0,3.0,39.9,0.1,19892.0,1228.8
post_vel_ID0000058,None,compute,0,1694471729.0,,,1694471734.0,1694471736.0,1694471748.0,32991066.0,1694471735.0,1694471764.0,1694471753.0,1694471756.0,3602.0,1694471764.0,1694471769.0,5.0,,1.0,29.0,5.0,12.0,177143937.0,3.0,10981.0,poseidon,condorpool,poseidon-worker-2-container-40-43,post_vel,/opt/netcdf2png/merged_netcdf2png,,0.1,0,0,,,,,,,,,
post_vel_ID0000078,None,compute,0,1694471729.0,,,1694471734.0,1694471737.0,1694471748.0,35235400.8,1694471735.0,1694471764.0,1694471753.0,1694471756.0,4019.0,1694471764.0,1694471769.0,5.0,,1.0,29.0,5.0,11.0,177143937.0,3.0,12264.0,poseidon,condorpool,poseidon-worker-1-container-32-35,post_vel,/opt/netcdf2png/merged_netcdf2png,,0.1,0,0,,,,,,,,,
post_vel_ID0000118,None,compute,0,1694471729.0,,,1694471734.0,1694471737.0,1694471748.0,35078518.0,1694471735.0,1694471764.0,1694471753.0,1694471756.0,4736.0,1694471764.0,1694471769.0,5.0,,1.0,29.0,5.0,11.0,177143937.0,3.0,14402.0,poseidon,condorpool,poseidon-worker-1-container-44-47,post_vel,/opt/netcdf2png/merged_netcdf2png,,0.1,0,0,,,,,,,,,
mvt_ID0000119,None,compute,0,1694471729.0,,,1694471734.0,1694471737.0,1694471748.0,35109273.4,1694471735.0,1694471805.0,1694471793.0,1694471796.0,21469.0,1694471805.0,1694471810.0,5.0,,1.0,70.0,5.0,11.0,177143652.0,3.0,65525.0,poseidon,condorpool,poseidon-worker-1-container-0-3,mvt,/opt/mvt/mvt,,39.6,0,0,0.0,820631.0,36864.0,491.0,9.0,29.9,0.1,27354.4,3686.4
mvt_ID0000044,None,compute,0,1694471734.0,,,1694471739.0,1694471742.0,1694471753.0,34036807.2,1694471740.0,1694471810.0,1694471798.0,1694471801.0,9208.0,1694471810.0,1694471815.0,5.0,,1.0,70.0,5.0,11.0,177143652.0,3.0,28113.0,poseidon,condorpool,poseidon-worker-2-container-44-47,mvt,/opt/mvt/mvt,,39.8,0,0,0.0,789142.0,12288.0,422.0,3.0,29.9,0.1,26304.7,1228.8
post_vel_ID0000123,None,compute,0,1694471734.0,,,1694471739.0,1694471742.0,1694471753.0,33339192.0,1694471741.0,1694471769.0,1694471759.0,1694471762.0,4310.0,1694471769.0,1694471774.0,5.0,,2.0,28.0,5.0,11.0,177143937.0,3.0,14777.0,poseidon,condorpool,poseidon-worker-1-container-36-39,post_vel,/opt/netcdf2png/merged_netcdf2png,,0.1,0,0,,,,,,,,,
mvt_ID0000124,None,compute,0,1694471734.0,,,1694471739.0,1694471742.0,1694471753.0,33966522.2,1694471740.0,1694471810.0,1694471799.0,1694471802.0,23042.0,1694471810.0,1694471815.0,5.0,,1.0,70.0,5.0,11.0,177143652.0,3.0,70564.0,poseidon,condorpool,poseidon-worker-2-container-24-27,mvt,/opt/mvt/mvt,,40.5,0,0,0.0,795690.0,40960.0,443.0,10.0,39.9,0.1,19892.3,4096.0
post_vel_ID0000028,None,compute,0,1694471734.0,,,1694471739.0,1694471742.0,1694471753.0,32962480.2,1694471741.0,1694471769.0,1694471759.0,1694471762.0,3532.0,1694471769.0,1694471774.0,5.0,,2.0,28.0,5.0,11.0,177143937.0,3.0,11529.0,poseidon,condorpool,poseidon-worker-2-container-16-19,post_vel,/opt/netcdf2png/merged_netcdf2png,,0.1,0,0,,,,,,,,,
mvt_ID0000029,None,compute,0,1694471734.0,,,1694471739.0,1694471742.0,1694471753.0,34106515.4,1694471740.0,1694471810.0,1694471798.0,1694471801.0,12461.0,1694471810.0,1694471815.0,5.0,,1.0,70.0,5.0,11.0,177143652.0,3.0,38341.0,poseidon,condorpool,poseidon-worker-2-container-32-35,mvt,/opt/mvt/mvt,,39.8,0,0,0.0,791894.0,20480.0,428.0,5.0,29.9,0.1,26396.5,1024.0
mvt_ID0000089,None,compute,0,1694471734.0,,,1694471739.0,1694471742.0,1694471753.0,35172112.4,1694471740.0,1694471810.0,1694471798.0,1694471801.0,15706.0,1694471810.0,1694471815.0,5.0,,1.0,70.0,5.0,11.0,177143652.0,3.0,48475.0,poseidon,condorpool,poseidon-worker-1-container-8-11,mvt,/opt/mvt/mvt,,39.7,0,0,0.0,790472.0,24576.0,425.0,6.0,29.9,0.1,26349.1,2457.6
post_vel_ID0000088,None,compute,0,1694471734.0,,,1694471739.0,1694471742.0,1694471753.0,29846456.6,1694471740.0,1694471769.0,1694471759.0,1694471762.0,4044.0,1694471769.0,1694471774.0,5.0,,1.0,29.0,5.0,11.0,177143937.0,3.0,12740.0,poseidon,condorpool,poseidon-worker-2-container-0-3,post_vel,/opt/netcdf2png/merged_netcdf2png,,0.1,0,0,,,,,,,,,
post_vel_ID0000043,None,compute,0,1694471734.0,,,1694471739.0,1694471742.0,1694471753.0,32980797.6,1694471740.0,1694471769.0,1694471759.0,1694471762.0,3131.0,1694471769.0,1694471774.0,5.0,,1.0,29.0,5.0,11.0,177143937.0,3.0,11050.0,poseidon,condorpool,poseidon-worker-1-container-28-31,post_vel,/opt/netcdf2png/merged_netcdf2png,,0.1,0,0,,,,,,,,,
post_vel_ID0000098,None,compute,0,1694471739.0,,,1694471744.0,1694471748.0,1694471759.0,35091720.8,1694471746.0,1694471774.0,1694471765.0,1694471768.0,4355.0,1694471774.0,1694471779.0,5.0,,2.0,28.0,5.0,11.0,177143937.0,3.0,13355.0,poseidon,condorpool,poseidon-worker-1-container-44-47,post_vel,/opt/netcdf2png/merged_netcdf2png,,0.1,0,0,,,,,,,,,
register_condorpool_0_1,None,auxiliary,0,1694471739.0,,,1694471764.0,,,0.0,1694471767.0,1694471774.0,,,0.0,1694471774.0,1694471779.0,25.0,,3.0,7.0,5.0,,,,,poseidon,local,poseidon-submit,pegasus::rc-client,/mnt/poseidon-data/poseidon/pegasus-5.1.0panorama/bin/pegasus-rc-client,"-n pegasus::rc-client -N null -R local  -L casa-wind-full -T 2023-09-08T07:29:05+00:00 /home/poseidon/pegasus-5.1.0panorama/bin/pegasus-rc-client --prefix pegasus.catalog.replica.output --conf /mnt/poseidon-data/poseidon/workflows/casa-wind-workflow-full/submit/poseidon/pegasus/casa-wind-full/run0402/pegasus.8688806809567682970.properties -v --meta /mnt/poseidon-data/poseidon/workflows/casa-wind-workflow-full/submit/poseidon/pegasus/casa-wind-full/run0402/00/00/unzip_ID0000026.meta,/mnt/poseidon-data/poseidon/workflows/casa-wind-workflow-full/submit/poseidon/pegasus/casa-wind-full/run0402/00/00/unzip_ID0000061.meta,/mnt/poseidon-data/poseidon/workflows/casa-wind-workflow-full/submit/poseidon/pegasus/casa-wind-full/run0402/00/00/unzip_ID0000071.meta,/mnt/poseidon-data/poseidon/workflows/casa-wind-workflow-full/submit/poseidon/pegasus/casa-wind-full/run0402/00/00/unzip_ID0000041.meta,/mnt/poseidon-data/poseidon/workflows/casa-wind-workflow-full/submit/poseidon/pegasus/casa-wind-full/run0402/00/00/unzip_ID0000016.meta,/mnt/poseidon-data/poseidon/workflows/casa-wind-workflow-full/submit/poseidon/pegasus/casa-wind-full/run0402/00/00/unzip_ID0000111.meta,/mnt/poseidon-data/poseidon/workflows/casa-wind-workflow-full/submit/poseidon/pegasus/casa-wind-full/run0402/00/00/unzip_ID0000011.meta,/mnt/poseidon-data/poseidon/workflows/casa-wind-workflow-full/submit/poseidon/pegasus/casa-wind-full/run0402/00/00/unzip_ID0000081.meta,/mnt/poseidon-data/poseidon/workflows/casa-wind-workflow-full/submit/poseidon/pegasus/casa-wind-full/run0402/00/00/unzip_ID0000066.meta,/mnt/poseidon-data/poseidon/workflows/casa-wind-workflow-full/submit/poseidon/pegasus/casa-wind-full/run0402/00/00/unzip_ID0000096.meta,/mnt/poseidon-data/poseidon/workflows/casa-wind-workflow-full/submit/poseidon/pegasus/casa-wind-full/run0402/00/00/unzip_ID0000051.meta,/mnt/poseidon-data/poseidon/workflows/casa-wind-workflow-full/submit/poseidon/pegasus/casa-wind-full/run0402/00/00/unzip_ID0000031.meta,/mnt/poseidon-data/poseidon/workflows/casa-wind-workflow-full/submit/poseidon/pegasus/casa-wind-full/run0402/00/00/unzip_ID0000116.meta,/mnt/poseidon-data/poseidon/workflows/casa-wind-workflow-full/submit/poseidon/pegasus/casa-wind-full/run0402/00/00/unzip_ID0000101.meta,/mnt/poseidon-data/poseidon/workflows/casa-wind-workflow-full/submit/poseidon/pegasus/casa-wind-full/run0402/00/00/unzip_ID0000121.meta,/mnt/poseidon-data/poseidon/workflows/casa-wind-workflow-full/submit/poseidon/pegasus/casa-wind-full/run0402/00/00/unzip_ID0000106.meta,/mnt/poseidon-data/poseidon/workflows/casa-wind-workflow-full/submit/poseidon/pegasus/casa-wind-full/run0402/00/00/unzip_ID0000046.meta,/mnt/poseidon-data/poseidon/workflows/casa-wind-workflow-full/submit/poseidon/pegasus/casa-wind-full/run0402/00/00/unzip_ID0000076.meta,/mnt/poseidon-data/poseidon/workflows/casa-wind-workflow-full/submit/poseidon/pegasus/casa-wind-full/run0402/00/00/unzip_ID0000056.meta,/mnt/poseidon-data/poseidon/workflows/casa-wind-workflow-full/submit/poseidon/pegasus/casa-wind-full/run0402/00/00/unzip_ID0000021.meta,/mnt/poseidon-data/poseidon/workflows/casa-wind-workflow-full/submit/poseidon/pegasus/casa-wind-full/run0402/00/00/unzip_ID0000086.meta,/mnt/poseidon-data/poseidon/workflows/casa-wind-workflow-full/submit/poseidon/pegasus/casa-wind-full/run0402/00/00/unzip_ID0000126.meta,/mnt/poseidon-data/poseidon/workflows/casa-wind-workflow-full/submit/poseidon/pegasus/casa-wind-full/run0402/00/00/unzip_ID0000006.meta,/mnt/poseidon-data/poseidon/workflows/casa-wind-workflow-full/submit/poseidon/pegasus/casa-wind-full/run0402/00/00/unzip_ID0000036.meta,/mnt/poseidon-data/poseidon/workflows/casa-wind-workflow-full/submit/poseidon/pegasus/casa-wind-full/run0402/00/00/unzip_ID0000001.meta,/mnt/poseidon-data/poseidon/workflows/casa-wind-workflow-full/submit/poseidon/pegasus/casa-wind-full/run0402/00/00/unzip_ID0000091.meta --insert /mnt/poseidon-data/poseidon/workflows/casa-wind-workflow-full/submit/poseidon/pegasus/casa-wind-full/run0402/00/00/register_condorpool_0_1.in",3.3,0,0,,,,,,,,,
mvt_ID0000109,None,compute,0,1694471739.0,,,1694471744.0,1694471747.0,1694471758.0,34843939.6,1694471746.0,1694471815.0,1694471803.0,1694471806.0,19491.0,1694471815.0,1694471820.0,5.0,,2.0,69.0,5.0,11.0,177143652.0,3.0,59954.0,poseidon,condorpool,poseidon-worker-2-container-4-7,mvt,/opt/mvt/mvt,,39.8,0,0,0.0,801363.0,32768.0,449.0,8.0,29.9,0.1,26712.1,1638.4
register_condorpool_0_0,None,auxiliary,0,1694471739.0,,,1694471754.0,,,0.0,1694471756.0,1694471759.0,,,0.0,1694471759.0,1694471764.0,15.0,,2.0,3.0,5.0,,,,,poseidon,local,poseidon-submit,pegasus::rc-client,/mnt/poseidon-data/poseidon/pegasus-5.1.0panorama/bin/pegasus-rc-client,"-n pegasus::rc-client -N null -R local  -L casa-wind-full -T 2023-09-08T07:29:05+00:00 /home/poseidon/pegasus-5.1.0panorama/bin/pegasus-rc-client --prefix pegasus.catalog.replica.output --conf /mnt/poseidon-data/poseidon/workflows/casa-wind-workflow-full/submit/poseidon/pegasus/casa-wind-full/run0402/pegasus.8688806809567682970.properties -v --meta /mnt/poseidon-data/poseidon/workflows/casa-wind-workflow-full/submit/poseidon/pegasus/casa-wind-full/run0402/00/00/unzip_ID0000026.meta,/mnt/poseidon-data/poseidon/workflows/casa-wind-workflow-full/submit/poseidon/pegasus/casa-wind-full/run0402/00/00/unzip_ID0000061.meta,/mnt/poseidon-data/poseidon/workflows/casa-wind-workflow-full/submit/poseidon/pegasus/casa-wind-full/run0402/00/00/unzip_ID0000071.meta,/mnt/poseidon-data/poseidon/workflows/casa-wind-workflow-full/submit/poseidon/pegasus/casa-wind-full/run0402/00/00/unzip_ID0000041.meta,/mnt/poseidon-data/poseidon/workflows/casa-wind-workflow-full/submit/poseidon/pegasus/casa-wind-full/run0402/00/00/unzip_ID0000016.meta,/mnt/poseidon-data/poseidon/workflows/casa-wind-workflow-full/submit/poseidon/pegasus/casa-wind-full/run0402/00/00/unzip_ID0000111.meta,/mnt/poseidon-data/poseidon/workflows/casa-wind-workflow-full/submit/poseidon/pegasus/casa-wind-full/run0402/00/00/unzip_ID0000011.meta,/mnt/poseidon-data/poseidon/workflows/casa-wind-workflow-full/submit/poseidon/pegasus/casa-wind-full/run0402/00/00/unzip_ID0000081.meta,/mnt/poseidon-data/poseidon/workflows/casa-wind-workflow-full/submit/poseidon/pegasus/casa-wind-full/run0402/00/00/unzip_ID0000066.meta,/mnt/poseidon-data/poseidon/workflows/casa-wind-workflow-full/submit/poseidon/pegasus/casa-wind-full/run0402/00/00/unzip_ID0000096.meta,/mnt/poseidon-data/poseidon/workflows/casa-wind-workflow-full/submit/poseidon/pegasus/casa-wind-full/run0402/00/00/unzip_ID0000051.meta,/mnt/poseidon-data/poseidon/workflows/casa-wind-workflow-full/submit/poseidon/pegasus/casa-wind-full/run0402/00/00/unzip_ID0000031.meta,/mnt/poseidon-data/poseidon/workflows/casa-wind-workflow-full/submit/poseidon/pegasus/casa-wind-full/run0402/00/00/unzip_ID0000116.meta,/mnt/poseidon-data/poseidon/workflows/casa-wind-workflow-full/submit/poseidon/pegasus/casa-wind-full/run0402/00/00/unzip_ID0000101.meta,/mnt/poseidon-data/poseidon/workflows/casa-wind-workflow-full/submit/poseidon/pegasus/casa-wind-full/run0402/00/00/unzip_ID0000121.meta,/mnt/poseidon-data/poseidon/workflows/casa-wind-workflow-full/submit/poseidon/pegasus/casa-wind-full/run0402/00/00/unzip_ID0000106.meta,/mnt/poseidon-data/poseidon/workflows/casa-wind-workflow-full/submit/poseidon/pegasus/casa-wind-full/run0402/00/00/unzip_ID0000046.meta,/mnt/poseidon-data/poseidon/workflows/casa-wind-workflow-full/submit/poseidon/pegasus/casa-wind-full/run0402/00/00/unzip_ID0000076.meta,/mnt/poseidon-data/poseidon/workflows/casa-wind-workflow-full/submit/poseidon/pegasus/casa-wind-full/run0402/00/00/unzip_ID0000056.meta,/mnt/poseidon-data/poseidon/workflows/casa-wind-workflow-full/submit/poseidon/pegasus/casa-wind-full/run0402/00/00/unzip_ID0000021.meta,/mnt/poseidon-data/poseidon/workflows/casa-wind-workflow-full/submit/poseidon/pegasus/casa-wind-full/run0402/00/00/unzip_ID0000086.meta,/mnt/poseidon-data/poseidon/workflows/casa-wind-workflow-full/submit/poseidon/pegasus/casa-wind-full/run0402/00/00/unzip_ID0000126.meta,/mnt/poseidon-data/poseidon/workflows/casa-wind-workflow-full/submit/poseidon/pegasus/casa-wind-full/run0402/00/00/unzip_ID0000006.meta,/mnt/poseidon-data/poseidon/workflows/casa-wind-workflow-full/submit/poseidon/pegasus/casa-wind-full/run0402/00/00/unzip_ID0000036.meta,/mnt/poseidon-data/poseidon/workflows/casa-wind-workflow-full/submit/poseidon/pegasus/casa-wind-full/run0402/00/00/unzip_ID0000001.meta,/mnt/poseidon-data/poseidon/workflows/casa-wind-workflow-full/submit/poseidon/pegasus/casa-wind-full/run0402/00/00/unzip_ID0000091.meta --insert /mnt/poseidon-data/poseidon/workflows/casa-wind-workflow-full/submit/poseidon/pegasus/casa-wind-full/run0402/00/00/register_condorpool_0_0.in",3.1,0,0,,,,,,,,,
register_condorpool_0_2,None,auxiliary,0,1694471739.0,,,1694471744.0,,,0.0,1694471745.0,1694471749.0,,,0.0,1694471749.0,1694471754.0,5.0,,1.0,4.0,5.0,,,,,poseidon,local,poseidon-submit,pegasus::rc-client,/mnt/poseidon-data/poseidon/pegasus-5.1.0panorama/bin/pegasus-rc-client,"-n pegasus::rc-client -N null -R local  -L casa-wind-full -T 2023-09-08T07:29:05+00:00 /home/poseidon/pegasus-5.1.0panorama/bin/pegasus-rc-client --prefix pegasus.catalog.replica.output --conf /mnt/poseidon-data/poseidon/workflows/casa-wind-workflow-full/submit/poseidon/pegasus/casa-wind-full/run0402/pegasus.8688806809567682970.properties -v --meta /mnt/poseidon-data/poseidon/workflows/casa-wind-workflow-full/submit/poseidon/pegasus/casa-wind-full/run0402/00/00/unzip_ID0000026.meta,/mnt/poseidon-data/poseidon/workflows/casa-wind-workflow-full/submit/poseidon/pegasus/casa-wind-full/run0402/00/00/unzip_ID0000061.meta,/mnt/poseidon-data/poseidon/workflows/casa-wind-workflow-full/submit/poseidon/pegasus/casa-wind-full/run0402/00/00/unzip_ID0000071.meta,/mnt/poseidon-data/poseidon/workflows/casa-wind-workflow-full/submit/poseidon/pegasus/casa-wind-full/run0402/00/00/unzip_ID0000041.meta,/mnt/poseidon-data/poseidon/workflows/casa-wind-workflow-full/submit/poseidon/pegasus/casa-wind-full/run0402/00/00/unzip_ID0000016.meta,/mnt/poseidon-data/poseidon/workflows/casa-wind-workflow-full/submit/poseidon/pegasus/casa-wind-full/run0402/00/00/unzip_ID0000111.meta,/mnt/poseidon-data/poseidon/workflows/casa-wind-workflow-full/submit/poseidon/pegasus/casa-wind-full/run0402/00/00/unzip_ID0000011.meta,/mnt/poseidon-data/poseidon/workflows/casa-wind-workflow-full/submit/poseidon/pegasus/casa-wind-full/run0402/00/00/unzip_ID0000081.meta,/mnt/poseidon-data/poseidon/workflows/casa-wind-workflow-full/submit/poseidon/pegasus/casa-wind-full/run0402/00/00/unzip_ID0000066.meta,/mnt/poseidon-data/poseidon/workflows/casa-wind-workflow-full/submit/poseidon/pegasus/casa-wind-full/run0402/00/00/unzip_ID0000096.meta,/mnt/poseidon-data/poseidon/workflows/casa-wind-workflow-full/submit/poseidon/pegasus/casa-wind-full/run0402/00/00/unzip_ID0000051.meta,/mnt/poseidon-data/poseidon/workflows/casa-wind-workflow-full/submit/poseidon/pegasus/casa-wind-full/run0402/00/00/unzip_ID0000031.meta,/mnt/poseidon-data/poseidon/workflows/casa-wind-workflow-full/submit/poseidon/pegasus/casa-wind-full/run0402/00/00/unzip_ID0000116.meta,/mnt/poseidon-data/poseidon/workflows/casa-wind-workflow-full/submit/poseidon/pegasus/casa-wind-full/run0402/00/00/unzip_ID0000101.meta,/mnt/poseidon-data/poseidon/workflows/casa-wind-workflow-full/submit/poseidon/pegasus/casa-wind-full/run0402/00/00/unzip_ID0000121.meta,/mnt/poseidon-data/poseidon/workflows/casa-wind-workflow-full/submit/poseidon/pegasus/casa-wind-full/run0402/00/00/unzip_ID0000106.meta,/mnt/poseidon-data/poseidon/workflows/casa-wind-workflow-full/submit/poseidon/pegasus/casa-wind-full/run0402/00/00/unzip_ID0000046.meta,/mnt/poseidon-data/poseidon/workflows/casa-wind-workflow-full/submit/poseidon/pegasus/casa-wind-full/run0402/00/00/unzip_ID0000076.meta,/mnt/poseidon-data/poseidon/workflows/casa-wind-workflow-full/submit/poseidon/pegasus/casa-wind-full/run0402/00/00/unzip_ID0000056.meta,/mnt/poseidon-data/poseidon/workflows/casa-wind-workflow-full/submit/poseidon/pegasus/casa-wind-full/run0402/00/00/unzip_ID0000021.meta,/mnt/poseidon-data/poseidon/workflows/casa-wind-workflow-full/submit/poseidon/pegasus/casa-wind-full/run0402/00/00/unzip_ID0000086.meta,/mnt/poseidon-data/poseidon/workflows/casa-wind-workflow-full/submit/poseidon/pegasus/casa-wind-full/run0402/00/00/unzip_ID0000126.meta,/mnt/poseidon-data/poseidon/workflows/casa-wind-workflow-full/submit/poseidon/pegasus/casa-wind-full/run0402/00/00/unzip_ID0000006.meta,/mnt/poseidon-data/poseidon/workflows/casa-wind-workflow-full/submit/poseidon/pegasus/casa-wind-full/run0402/00/00/unzip_ID0000036.meta,/mnt/poseidon-data/poseidon/workflows/casa-wind-workflow-full/submit/poseidon/pegasus/casa-wind-full/run0402/00/00/unzip_ID0000001.meta,/mnt/poseidon-data/poseidon/workflows/casa-wind-workflow-full/submit/poseidon/pegasus/casa-wind-full/run0402/00/00/unzip_ID0000091.meta --insert /mnt/poseidon-data/poseidon/workflows/casa-wind-workflow-full/submit/poseidon/pegasus/casa-wind-full/run0402/00/00/register_condorpool_0_2.in",3.2,0,0,,,,,,,,,
post_vel_ID0000108,None,compute,0,1694471739.0,,,1694471744.0,1694471748.0,1694471759.0,32353483.2,1694471746.0,1694471774.0,1694471764.0,1694471767.0,4457.0,1694471774.0,1694471779.0,5.0,,2.0,28.0,5.0,11.0,177143937.0,3.0,13907.0,poseidon,condorpool,poseidon-worker-2-container-20-23,post_vel,/opt/netcdf2png/merged_netcdf2png,,0.1,0,0,,,,,,,,,
mvt_ID0000094,None,compute,0,1694471739.0,,,1694471744.0,1694471761.0,1694471772.0,29738533.5,1694471759.0,1694471830.0,1694471817.0,1694471820.0,16678.0,1694471830.0,1694471835.0,5.0,,15.0,71.0,5.0,11.0,177143652.0,3.0,52407.0,poseidon,condorpool,poseidon-worker-1-container-44-47,mvt,/opt/mvt/mvt,,39.9,0,0,0.0,831783.0,28672.0,515.0,7.0,29.9,0.1,27726.1,1433.6
mvt_ID0000099,None,compute,0,1694471739.0,,,1694471744.0,1694471747.0,1694471758.0,34457870.4,1694471746.0,1694471815.0,1694471803.0,1694471807.0,16274.0,1694471815.0,1694471820.0,5.0,,2.0,69.0,5.0,11.0,177143652.0,4.0,50118.0,poseidon,condorpool,poseidon-worker-1-container-40-43,mvt,/opt/mvt/mvt,,39.7,0,0,0.0,800108.0,28672.0,446.0,7.0,29.9,0.1,26670.3,1433.6
post_vel_ID0000038,None,compute,0,1694471739.0,,,1694471744.0,1694471760.0,1694471771.0,33511099.6,1694471758.0,1694471789.0,1694471777.0,1694471780.0,3614.0,1694471789.0,1694471795.0,5.0,,14.0,31.0,6.0,11.0,177143937.0,3.0,11227.0,poseidon,condorpool,poseidon-worker-1-container-0-3,post_vel,/opt/netcdf2png/merged_netcdf2png,,0.1,0,0,,,,,,,,,
post_vel_ID0000093,None,compute,0,1694471739.0,,,1694471744.0,1694471760.0,1694471772.0,30815088.6,1694471759.0,1694471789.0,1694471777.0,1694471780.0,4297.0,1694471789.0,1694471795.0,5.0,,15.0,30.0,6.0,12.0,177143937.0,3.0,13303.0,poseidon,condorpool,poseidon-worker-2-container-20-23,post_vel,/opt/netcdf2png/merged_netcdf2png,,0.1,0,0,,,,,,,,,
mvt_ID0000084,None,compute,0,1694471739.0,,,1694471744.0,1694471748.0,1694471759.0,32622355.4,1694471746.0,1694471815.0,1694471804.0,1694471807.0,15578.0,1694471815.0,1694471820.0,5.0,,2.0,69.0,5.0,11.0,177143652.0,3.0,47998.0,poseidon,condorpool,poseidon-worker-2-container-20-23,mvt,/opt/mvt/mvt,,39.7,0,0,0.0,842764.0,24576.0,539.0,6.0,29.9,0.1,28092.1,1228.8
mvt_ID0000039,None,compute,0,1694471739.0,,,1694471744.0,1694471748.0,1694471759.0,35048194.8,1694471746.0,1694471815.0,1694471804.0,1694471807.0,11198.0,1694471815.0,1694471820.0,5.0,,2.0,69.0,5.0,11.0,177143652.0,3.0,34386.0,poseidon,condorpool,poseidon-worker-1-container-20-23,mvt,/opt/mvt/mvt,,39.7,0,0,0.0,804213.0,16384.0,455.0,4.0,29.8,0.1,26807.1,819.2
post_vel_ID0000083,cpu_3,compute,0,1694471739.0,,,1694471744.0,1694471747.0,1694471758.0,34159772.0,1694471746.0,1694471774.0,1694471764.0,1694471767.0,4144.0,1694471774.0,1694471779.0,5.0,,2.0,28.0,5.0,11.0,177143937.0,3.0,12720.0,poseidon,condorpool,poseidon-worker-2-container-8-11,post_vel,/opt/netcdf2png/merged_netcdf2png,,0.1,0,0,,,,,,,,,
post_vel_ID0000003,None,compute,0,1694471744.0,,,1694471749.0,1694471764.0,1694471775.0,29646853.0,1694471762.0,1694471790.0,1694471780.0,1694471784.0,3523.0,1694471790.0,1694471795.0,5.0,,13.0,28.0,5.0,11.0,177143937.0,4.0,10865.0,poseidon,condorpool,poseidon-worker-1-container-20-23,post_vel,/opt/netcdf2png/merged_netcdf2png,,0.1,0,0,,,,,,,,,
post_vel_ID0000128,None,compute,0,1694471744.0,,,1694471749.0,1694471764.0,1694471775.0,29679917.5,1694471761.0,1694471790.0,1694471780.0,1694471783.0,4690.0,1694471790.0,1694471795.0,5.0,,12.0,29.0,5.0,11.0,177143937.0,3.0,14512.0,poseidon,condorpool,poseidon-worker-1-container-40-43,post_vel,/opt/netcdf2png/merged_netcdf2png,,0.2,0,0,,,,,,,,,
mvt_ID0000129,None,compute,0,1694471744.0,,,1694471749.0,1694471764.0,1694471774.0,29602587.0,1694471761.0,1694471830.0,1694471819.0,1694471822.0,20941.0,1694471830.0,1694471835.0,5.0,,12.0,69.0,5.0,10.0,177143652.0,3.0,64489.0,poseidon,condorpool,poseidon-worker-1-container-0-3,mvt,/opt/mvt/mvt,,39.6,0,0,0.0,860418.0,36864.0,578.0,9.0,29.9,0.1,28680.6,3686.4
mvt_ID0000034,None,compute,0,1694471744.0,,,1694471749.0,1694471764.0,1694471775.0,29685181.0,1694471761.0,1694471830.0,1694471819.0,1694471823.0,10073.0,1694471830.0,1694471835.0,5.0,,12.0,69.0,5.0,11.0,177143652.0,4.0,30976.0,poseidon,condorpool,poseidon-worker-1-container-12-15,mvt,/opt/mvt/mvt,,39.5,0,0,0.0,822133.0,16384.0,494.0,4.0,29.9,0.1,27404.4,819.2
post_vel_ID0000033,None,compute,0,1694471744.0,,,1694471749.0,1694471763.0,1694471775.0,28964215.3,1694471761.0,1694471795.0,1694471781.0,1694471784.0,3778.0,1694471795.0,1694471800.0,5.0,,12.0,34.0,5.0,12.0,177143937.0,3.0,11464.0,poseidon,condorpool,poseidon-worker-2-container-16-19,post_vel,/opt/netcdf2png/merged_netcdf2png,,0.1,0,0,,,,,,,,,
mvt_ID0000019,cpu_3,compute,0,1694471744.0,,,1694471749.0,1694471767.0,1694471782.0,27493279.3,1694471763.0,1694471850.0,1694471837.0,1694471840.0,11965.0,1694471850.0,1694471855.0,5.0,,14.0,87.0,5.0,15.0,177143652.0,3.0,36245.0,poseidon,condorpool,poseidon-worker-2-container-28-31,mvt,/opt/mvt/mvt,,38.4,0,0,0.0,825740.0,20480.0,509.0,5.0,29.3,0.1,20643.5,1024.0
post_vel_ID0000008,None,compute,0,1694471744.0,,,1694471749.0,1694471762.0,1694471773.0,30011522.0,1694471761.0,1694471789.0,1694471779.0,1694471782.0,3583.0,1694471789.0,1694471795.0,5.0,,12.0,28.0,6.0,11.0,177143937.0,3.0,10982.0,poseidon,condorpool,poseidon-worker-2-container-44-47,post_vel,/opt/netcdf2png/merged_netcdf2png,,0.1,0,0,,,,,,,,,
post_vel_ID0000018,None,compute,0,1694471744.0,,,1694471749.0,1694471763.0,1694471775.0,25555185.3,1694471761.0,1694471795.0,1694471781.0,1694471784.0,3811.0,1694471795.0,1694471800.0,5.0,,12.0,34.0,5.0,12.0,177143937.0,3.0,11645.0,poseidon,condorpool,poseidon-worker-2-container-40-43,post_vel,/opt/netcdf2png/merged_netcdf2png,,0.1,0,0,,,,,,,,,
mvt_ID0000009,None,compute,0,1694471744.0,,,1694471749.0,1694471763.0,1694471775.0,28454600.4,1694471761.0,1694471830.0,1694471820.0,1694471823.0,11442.0,1694471830.0,1694471835.0,5.0,,12.0,69.0,5.0,12.0,177143652.0,3.0,35429.0,poseidon,condorpool,poseidon-worker-1-container-36-39,mvt,/opt/mvt/mvt,,39.6,0,0,0.0,822219.0,20480.0,494.0,5.0,29.9,0.1,27407.3,1024.0
mvt_ID0000074,None,compute,0,1694471744.0,,,1694471749.0,1694471763.0,1694471774.0,30679106.0,1694471761.0,1694471830.0,1694471818.0,1694471821.0,12798.0,1694471830.0,1694471835.0,5.0,,12.0,69.0,5.0,11.0,177143652.0,3.0,38855.0,poseidon,condorpool,poseidon-worker-2-container-20-23,mvt,/opt/mvt/mvt,,38.9,0,0,0.0,851041.0,20480.0,557.0,5.0,29.9,0.1,28368.0,1024.0
post_vel_ID0000073,None,compute,0,1694471744.0,,,1694471749.0,1694471764.0,1694471775.0,29596101.0,1694471761.0,1694471790.0,1694471780.0,1694471783.0,3795.0,1694471790.0,1694471795.0,5.0,,12.0,29.0,5.0,11.0,177143937.0,3.0,11825.0,poseidon,condorpool,poseidon-worker-1-container-44-47,post_vel,/opt/netcdf2png/merged_netcdf2png,,0.1,0,0,,,,,,,,,
post_vel_ID0000053,None,compute,0,1694471744.0,,,1694471749.0,1694471762.0,1694471774.0,28734801.6,1694471761.0,1694471790.0,1694471780.0,1694471783.0,3597.0,1694471790.0,1694471795.0,5.0,,12.0,29.0,5.0,12.0,177143937.0,3.0,11004.0,poseidon,condorpool,poseidon-worker-2-container-32-35,post_vel,/opt/netcdf2png/merged_netcdf2png,,0.1,0,0,,,,,,,,,
mvt_ID0000054,None,compute,0,1694471744.0,,,1694471749.0,1694471764.0,1694471775.0,30226350.8,1694471761.0,1694471830.0,1694471820.0,1694471823.0,9161.0,1694471830.0,1694471835.0,5.0,,12.0,69.0,5.0,11.0,177143652.0,3.0,28552.0,poseidon,condorpool,poseidon-worker-1-container-24-27,mvt,/opt/mvt/mvt,,39.8,0,0,0.0,822134.0,12288.0,494.0,3.0,29.9,0.1,27404.5,1228.8
mvt_ID0000004,None,compute,0,1694471744.0,,,1694471749.0,1694471763.0,1694471774.0,29584324.0,1694471761.0,1694471830.0,1694471819.0,1694471822.0,9374.0,1694471830.0,1694471835.0,5.0,,12.0,69.0,5.0,11.0,177143652.0,3.0,28781.0,poseidon,condorpool,poseidon-worker-1-container-32-35,mvt,/opt/mvt/mvt,,39.9,0,0,0.0,798797.0,16384.0,443.0,4.0,29.9,0.1,26626.6,819.2
post_vel_ID0000063,cpu_3,compute,0,1694471749.0,,,1694471754.0,1694471764.0,1694471775.0,29672153.5,1694471761.0,1694471790.0,1694471780.0,1694471784.0,3756.0,1694471790.0,1694471795.0,5.0,,7.0,29.0,5.0,11.0,177143937.0,4.0,11628.0,poseidon,condorpool,poseidon-worker-1-container-4-7,post_vel,/opt/netcdf2png/merged_netcdf2png,,0.1,0,0,,,,,,,,,
mvt_ID0000064,cpu_3,compute,0,1694471749.0,,,1694471754.0,1694471763.0,1694471773.0,29969105.0,1694471761.0,1694471830.0,1694471818.0,1694471821.0,10229.0,1694471830.0,1694471835.0,5.0,,7.0,69.0,5.0,10.0,177143652.0,3.0,31148.0,poseidon,condorpool,poseidon-worker-2-container-8-11,mvt,/opt/mvt/mvt,,38.9,0,0,0.0,790445.0,16384.0,425.0,4.0,29.9,0.1,26348.2,819.2
post_vel_ID0000103,None,compute,0,1694471749.0,,,1694471754.0,1694471763.0,1694471773.0,30038473.5,1694471761.0,1694471790.0,1694471779.0,1694471782.0,4562.0,1694471790.0,1694471795.0,5.0,,7.0,29.0,5.0,10.0,177143937.0,3.0,13815.0,poseidon,condorpool,poseidon-worker-2-container-24-27,post_vel,/opt/netcdf2png/merged_netcdf2png,,0.1,0,0,,,,,,,,,
stage_out_local_condorpool_1_1,None,transfer,0,1694471749.0,,,1694471754.0,,,0.0,1694471756.0,1694471764.0,,,0.0,1694471764.0,1694471769.0,5.0,,2.0,8.0,5.0,,,,,poseidon,local,poseidon-submit,pegasus::transfer,/mnt/poseidon-data/poseidon/pegasus-5.1.0panorama/bin/pegasus-transfer,/home/poseidon/pegasus-5.1.0panorama/bin/../bin/pegasus-kickstart  -n pegasus::transfer -N null -i - -R local  -L casa-wind-full -T 2023-09-08T07:29:05+00:00 /home/poseidon/pegasus-5.1.0panorama/bin/../bin/pegasus-transfer  --threads 2,0.9,0,0,,,,,,,,,
mvt_ID0000014,None,compute,0,1694471749.0,,,1694471754.0,1694471763.0,1694471775.0,29721019.4,1694471761.0,1694471830.0,1694471820.0,1694471823.0,10220.0,1694471830.0,1694471835.0,5.0,,7.0,69.0,5.0,12.0,177143652.0,3.0,31991.0,poseidon,condorpool,poseidon-worker-1-container-8-11,mvt,/opt/mvt/mvt,,39.8,0,0,0.0,820683.0,16384.0,491.0,4.0,29.9,0.1,27356.1,819.2
post_vel_ID0000013,None,compute,0,1694471749.0,,,1694471754.0,1694471763.0,1694471773.0,29726781.0,1694471761.0,1694471789.0,1694471779.0,1694471782.0,3644.0,1694471789.0,1694471795.0,5.0,,7.0,28.0,6.0,10.0,177143937.0,3.0,11040.0,poseidon,condorpool,poseidon-worker-2-container-4-7,post_vel,/opt/netcdf2png/merged_netcdf2png,,0.1,0,0,,,,,,,,,
mvt_ID0000104,None,compute,0,1694471749.0,,,1694471754.0,1694471763.0,1694471775.0,27401353.7,1694471761.0,1694471830.0,1694471820.0,1694471823.0,19094.0,1694471830.0,1694471835.0,5.0,,7.0,69.0,5.0,12.0,177143652.0,3.0,59590.0,poseidon,condorpool,poseidon-worker-1-container-28-31,mvt,/opt/mvt/mvt,,39.8,0,0,0.0,789216.0,32768.0,422.0,8.0,29.9,0.1,26307.2,3276.8
post_vel_ID0000068,None,compute,0,1694471764.0,,,1694471769.0,1694471772.0,1694471783.0,34712784.2,1694471770.0,1694471800.0,1694471788.0,1694471791.0,3695.0,1694471800.0,1694471805.0,5.0,,1.0,30.0,5.0,11.0,177143937.0,3.0,11398.0,poseidon,condorpool,poseidon-worker-1-container-36-39,post_vel,/opt/netcdf2png/merged_netcdf2png,,0.1,0,0,,,,,,,,,
mvt_ID0000069,None,compute,0,1694471764.0,,,1694471769.0,1694471772.0,1694471782.0,29655142.5,1694471770.0,1694471835.0,1694471826.0,1694471829.0,11522.0,1694471835.0,1694471840.0,5.0,,1.0,65.0,5.0,10.0,177143652.0,3.0,35309.0,poseidon,condorpool,poseidon-worker-2-container-0-3,mvt,/opt/mvt/mvt,,38.4,0,0,0.0,790507.0,16384.0,425.0,4.0,29.9,0.1,26350.2,819.2
stage_out_local_condorpool_1_2,None,transfer,0,1694471764.0,,,1694471769.0,,,0.0,1694471770.0,1694471779.0,,,0.0,1694471779.0,1694471784.0,5.0,,1.0,9.0,5.0,,,,,poseidon,local,poseidon-submit,pegasus::transfer,/mnt/poseidon-data/poseidon/pegasus-5.1.0panorama/bin/pegasus-transfer,/home/poseidon/pegasus-5.1.0panorama/bin/../bin/pegasus-kickstart  -n pegasus::transfer -N null -i - -R local  -L casa-wind-full -T 2023-09-08T07:29:05+00:00 /home/poseidon/pegasus-5.1.0panorama/bin/../bin/pegasus-transfer  --threads 2,0.9,0,0,,,,,,,,,
post_vel_ID0000023,None,compute,0,1694471764.0,,,1694471769.0,1694471772.0,1694471782.0,34842043.4,1694471770.0,1694471800.0,1694471788.0,1694471791.0,3674.0,1694471800.0,1694471805.0,5.0,,1.0,30.0,5.0,10.0,177143937.0,3.0,11372.0,poseidon,condorpool,poseidon-worker-2-container-40-43,post_vel,/opt/netcdf2png/merged_netcdf2png,,0.1,0,0,,,,,,,,,
stage_out_local_condorpool_1_0,None,transfer,0,1694471764.0,,,1694471769.0,,,0.0,1694471770.0,1694471779.0,,,0.0,1694471779.0,1694471784.0,5.0,,1.0,9.0,5.0,,,,,poseidon,local,poseidon-submit,pegasus::transfer,/mnt/poseidon-data/poseidon/pegasus-5.1.0panorama/bin/pegasus-transfer,/home/poseidon/pegasus-5.1.0panorama/bin/../bin/pegasus-kickstart  -n pegasus::transfer -N null -i - -R local  -L casa-wind-full -T 2023-09-08T07:29:05+00:00 /home/poseidon/pegasus-5.1.0panorama/bin/../bin/pegasus-transfer  --threads 2,1.0,0,0,,,,,,,,,
mvt_ID0000024,None,compute,0,1694471764.0,,,1694471769.0,1694471772.0,1694471783.0,35089944.0,1694471770.0,1694471840.0,1694471827.0,1694471830.0,9846.0,1694471840.0,1694471845.0,5.0,,1.0,70.0,5.0,11.0,177143652.0,3.0,30705.0,poseidon,condorpool,poseidon-worker-1-container-44-47,mvt,/opt/mvt/mvt,,39.1,0,0,0.0,852427.0,16384.0,560.0,4.0,29.9,0.1,28414.2,819.2
mvt_ID0000114,cpu_3,compute,0,1694471764.0,,,1694471769.0,1694471772.0,1694471783.0,29641755.5,1694471770.0,1694471840.0,1694471828.0,1694471831.0,23770.0,1694471840.0,1694471845.0,5.0,,1.0,70.0,5.0,11.0,177143652.0,3.0,73234.0,poseidon,condorpool,poseidon-worker-1-container-4-7,mvt,/opt/mvt/mvt,,39.7,0,0,0.0,816464.0,40960.0,482.0,10.0,29.8,0.1,27215.5,4096.0
post_vel_ID0000113,None,compute,0,1694471764.0,,,1694471769.0,1694471772.0,1694471783.0,35028161.0,1694471770.0,1694471800.0,1694471788.0,1694471791.0,4695.0,1694471800.0,1694471805.0,5.0,,1.0,30.0,5.0,11.0,177143937.0,3.0,14745.0,poseidon,condorpool,poseidon-worker-1-container-32-35,post_vel,/opt/netcdf2png/merged_netcdf2png,,0.1,0,0,,,,,,,,,
register_condorpool_1_1,None,auxiliary,0,1694471769.0,,,1694471779.0,,,0.0,1694471780.0,1694471784.0,,,0.0,1694471784.0,1694471789.0,10.0,,1.0,4.0,5.0,,,,,poseidon,local,poseidon-submit,pegasus::rc-client,/mnt/poseidon-data/poseidon/pegasus-5.1.0panorama/bin/pegasus-rc-client,"-n pegasus::rc-client -N null -R local  -L casa-wind-full -T 2023-09-08T07:29:05+00:00 /home/poseidon/pegasus-5.1.0panorama/bin/pegasus-rc-client --prefix pegasus.catalog.replica.output --conf /mnt/poseidon-data/poseidon/workflows/casa-wind-workflow-full/submit/poseidon/pegasus/casa-wind-full/run0402/pegasus.8688806809567682970.properties -v --meta /mnt/poseidon-data/poseidon/workflows/casa-wind-workflow-full/submit/poseidon/pegasus/casa-wind-full/run0402/00/00/um_vel_ID0000017.meta,/mnt/poseidon-data/poseidon/workflows/casa-wind-workflow-full/submit/poseidon/pegasus/casa-wind-full/run0402/00/01/um_vel_ID0000037.meta,/mnt/poseidon-data/poseidon/workflows/casa-wind-workflow-full/submit/poseidon/pegasus/casa-wind-full/run0402/00/00/um_vel_ID0000082.meta,/mnt/poseidon-data/poseidon/workflows/casa-wind-workflow-full/submit/poseidon/pegasus/casa-wind-full/run0402/00/00/um_vel_ID0000097.meta,/mnt/poseidon-data/poseidon/workflows/casa-wind-workflow-full/submit/poseidon/pegasus/casa-wind-full/run0402/00/01/um_vel_ID0000047.meta,/mnt/poseidon-data/poseidon/workflows/casa-wind-workflow-full/submit/poseidon/pegasus/casa-wind-full/run0402/00/00/um_vel_ID0000087.meta,/mnt/poseidon-data/poseidon/workflows/casa-wind-workflow-full/submit/poseidon/pegasus/casa-wind-full/run0402/00/01/um_vel_ID0000007.meta,/mnt/poseidon-data/poseidon/workflows/casa-wind-workflow-full/submit/poseidon/pegasus/casa-wind-full/run0402/00/01/um_vel_ID0000072.meta,/mnt/poseidon-data/poseidon/workflows/casa-wind-workflow-full/submit/poseidon/pegasus/casa-wind-full/run0402/00/01/um_vel_ID0000102.meta --insert /mnt/poseidon-data/poseidon/workflows/casa-wind-workflow-full/submit/poseidon/pegasus/casa-wind-full/run0402/00/01/register_condorpool_1_1.in",2.8,0,0,,,,,,,,,
register_condorpool_1_2,None,auxiliary,0,1694471784.0,,,1694471800.0,,,0.0,1694471800.0,1694471805.0,,,0.0,1694471805.0,1694471810.0,16.0,,0.0,5.0,5.0,,,,,poseidon,local,poseidon-submit,pegasus::rc-client,/mnt/poseidon-data/poseidon/pegasus-5.1.0panorama/bin/pegasus-rc-client,"-n pegasus::rc-client -N null -R local  -L casa-wind-full -T 2023-09-08T07:29:05+00:00 /home/poseidon/pegasus-5.1.0panorama/bin/pegasus-rc-client --prefix pegasus.catalog.replica.output --conf /mnt/poseidon-data/poseidon/workflows/casa-wind-workflow-full/submit/poseidon/pegasus/casa-wind-full/run0402/pegasus.8688806809567682970.properties -v --meta /mnt/poseidon-data/poseidon/workflows/casa-wind-workflow-full/submit/poseidon/pegasus/casa-wind-full/run0402/00/00/um_vel_ID0000117.meta,/mnt/poseidon-data/poseidon/workflows/casa-wind-workflow-full/submit/poseidon/pegasus/casa-wind-full/run0402/00/01/um_vel_ID0000052.meta,/mnt/poseidon-data/poseidon/workflows/casa-wind-workflow-full/submit/poseidon/pegasus/casa-wind-full/run0402/00/00/um_vel_ID0000002.meta,/mnt/poseidon-data/poseidon/workflows/casa-wind-workflow-full/submit/poseidon/pegasus/casa-wind-full/run0402/00/00/um_vel_ID0000012.meta,/mnt/poseidon-data/poseidon/workflows/casa-wind-workflow-full/submit/poseidon/pegasus/casa-wind-full/run0402/00/00/um_vel_ID0000032.meta,/mnt/poseidon-data/poseidon/workflows/casa-wind-workflow-full/submit/poseidon/pegasus/casa-wind-full/run0402/00/01/um_vel_ID0000062.meta,/mnt/poseidon-data/poseidon/workflows/casa-wind-workflow-full/submit/poseidon/pegasus/casa-wind-full/run0402/00/01/um_vel_ID0000112.meta,/mnt/poseidon-data/poseidon/workflows/casa-wind-workflow-full/submit/poseidon/pegasus/casa-wind-full/run0402/00/01/um_vel_ID0000107.meta --insert /mnt/poseidon-data/poseidon/workflows/casa-wind-workflow-full/submit/poseidon/pegasus/casa-wind-full/run0402/00/01/register_condorpool_1_2.in",2.7,0,0,,,,,,,,,
register_condorpool_1_0,None,auxiliary,0,1694471784.0,,,1694471789.0,,,0.0,1694471790.0,1694471795.0,,,0.0,1694471795.0,1694471800.0,5.0,,1.0,5.0,5.0,,,,,poseidon,local,poseidon-submit,pegasus::rc-client,/mnt/poseidon-data/poseidon/pegasus-5.1.0panorama/bin/pegasus-rc-client,"-n pegasus::rc-client -N null -R local  -L casa-wind-full -T 2023-09-08T07:29:05+00:00 /home/poseidon/pegasus-5.1.0panorama/bin/pegasus-rc-client --prefix pegasus.catalog.replica.output --conf /mnt/poseidon-data/poseidon/workflows/casa-wind-workflow-full/submit/poseidon/pegasus/casa-wind-full/run0402/pegasus.8688806809567682970.properties -v --meta /mnt/poseidon-data/poseidon/workflows/casa-wind-workflow-full/submit/poseidon/pegasus/casa-wind-full/run0402/00/01/um_vel_ID0000067.meta,/mnt/poseidon-data/poseidon/workflows/casa-wind-workflow-full/submit/poseidon/pegasus/casa-wind-full/run0402/00/00/um_vel_ID0000127.meta,/mnt/poseidon-data/poseidon/workflows/casa-wind-workflow-full/submit/poseidon/pegasus/casa-wind-full/run0402/00/00/um_vel_ID0000122.meta,/mnt/poseidon-data/poseidon/workflows/casa-wind-workflow-full/submit/poseidon/pegasus/casa-wind-full/run0402/00/00/um_vel_ID0000092.meta,/mnt/poseidon-data/poseidon/workflows/casa-wind-workflow-full/submit/poseidon/pegasus/casa-wind-full/run0402/00/01/um_vel_ID0000077.meta,/mnt/poseidon-data/poseidon/workflows/casa-wind-workflow-full/submit/poseidon/pegasus/casa-wind-full/run0402/00/01/um_vel_ID0000057.meta,/mnt/poseidon-data/poseidon/workflows/casa-wind-workflow-full/submit/poseidon/pegasus/casa-wind-full/run0402/00/00/um_vel_ID0000027.meta,/mnt/poseidon-data/poseidon/workflows/casa-wind-workflow-full/submit/poseidon/pegasus/casa-wind-full/run0402/00/01/um_vel_ID0000042.meta,/mnt/poseidon-data/poseidon/workflows/casa-wind-workflow-full/submit/poseidon/pegasus/casa-wind-full/run0402/00/00/um_vel_ID0000022.meta --insert /mnt/poseidon-data/poseidon/workflows/casa-wind-workflow-full/submit/poseidon/pegasus/casa-wind-full/run0402/00/01/register_condorpool_1_0.in",2.9,0,0,,,,,,,,,
point_alert_ID0000060,None,compute,0,1694471810.0,,,1694471815.0,1694471818.0,1694471828.0,29667332.5,1694471816.0,1694471845.0,1694471834.0,1694471837.0,6808.0,1694471845.0,1694471850.0,5.0,,1.0,29.0,5.0,10.0,176636147.0,3.0,20878.0,poseidon,condorpool,poseidon-worker-1-container-32-35,point_alert,/opt/pointAlert/pointAlert,,0.0,0,0,,,,,,,,,
point_alert_ID0000120,None,compute,0,1694471810.0,,,1694471815.0,1694471817.0,1694471828.0,29637750.5,1694471816.0,1694471845.0,1694471834.0,1694471837.0,7145.0,1694471845.0,1694471850.0,5.0,,1.0,29.0,5.0,11.0,176673508.0,3.0,21998.0,poseidon,condorpool,poseidon-worker-1-container-40-43,point_alert,/opt/pointAlert/pointAlert,,0.0,0,0,,,,,,,,,
point_alert_ID0000080,None,compute,0,1694471810.0,,,1694471815.0,1694471817.0,1694471828.0,29610071.5,1694471816.0,1694471845.0,1694471834.0,1694471837.0,6707.0,1694471845.0,1694471850.0,5.0,,1.0,29.0,5.0,11.0,176653320.0,3.0,20718.0,poseidon,condorpool,poseidon-worker-1-container-20-23,point_alert,/opt/pointAlert/pointAlert,,0.0,0,0,,,,,,,,,
point_alert_ID0000125,None,compute,0,1694471815.0,,,1694471820.0,1694471823.0,1694471834.0,29594858.5,1694471821.0,1694471850.0,1694471839.0,1694471842.0,7479.0,1694471850.0,1694471855.0,5.0,,1.0,29.0,5.0,11.0,176678547.0,3.0,22878.0,poseidon,condorpool,poseidon-worker-1-container-24-27,point_alert,/opt/pointAlert/pointAlert,,0.0,0,0,,,,,,,,,
point_alert_ID0000090,None,compute,0,1694471815.0,,,1694471820.0,1694471823.0,1694471834.0,29621618.0,1694471821.0,1694471850.0,1694471839.0,1694471842.0,6707.0,1694471850.0,1694471855.0,5.0,,1.0,29.0,5.0,11.0,176656458.0,3.0,20638.0,poseidon,condorpool,poseidon-worker-2-container-40-43,point_alert,/opt/pointAlert/pointAlert,,0.0,0,0,,,,,,,,,
point_alert_ID0000030,None,compute,0,1694471815.0,,,1694471820.0,1694471823.0,1694471834.0,29616344.5,1694471821.0,1694471850.0,1694471839.0,1694471842.0,6629.0,1694471850.0,1694471855.0,5.0,,1.0,29.0,5.0,11.0,176646324.0,3.0,20158.0,poseidon,condorpool,poseidon-worker-1-container-12-15,point_alert,/opt/pointAlert/pointAlert,,0.0,0,0,,,,,,,,,
point_alert_ID0000045,cpu_3,compute,0,1694471815.0,,,1694471820.0,1694471825.0,1694471838.0,33745677.8,1694471821.0,1694471855.0,1694471844.0,1694471847.0,6681.0,1694471855.0,1694471860.0,5.0,,1.0,34.0,5.0,13.0,176636096.0,3.0,20798.0,poseidon,condorpool,poseidon-worker-2-container-28-31,point_alert,/opt/pointAlert/pointAlert,,0.0,0,0,,,,,,,,,
point_alert_ID0000040,None,compute,0,1694471820.0,,,1694471825.0,1694471828.0,1694471839.0,29858481.5,1694471826.0,1694471855.0,1694471844.0,1694471847.0,6507.0,1694471855.0,1694471860.0,5.0,,1.0,29.0,5.0,11.0,176642369.0,3.0,20558.0,poseidon,condorpool,poseidon-worker-2-container-44-47,point_alert,/opt/pointAlert/pointAlert,,0.0,0,0,,,,,,,,,
point_alert_ID0000050,None,compute,0,1694471820.0,,,1694471825.0,1694471828.0,1694471839.0,29597694.5,1694471826.0,1694471855.0,1694471844.0,1694471847.0,6754.0,1694471855.0,1694471860.0,5.0,,1.0,29.0,5.0,11.0,176632091.0,3.0,20878.0,poseidon,condorpool,poseidon-worker-1-container-0-3,point_alert,/opt/pointAlert/pointAlert,,0.0,0,0,,,,,,,,,
point_alert_ID0000100,None,compute,0,1694471820.0,,,1694471825.0,1694471828.0,1694471839.0,29901633.0,1694471826.0,1694471855.0,1694471844.0,1694471847.0,6614.0,1694471855.0,1694471860.0,5.0,,1.0,29.0,5.0,11.0,176658101.0,3.0,20638.0,poseidon,condorpool,poseidon-worker-2-container-24-27,point_alert,/opt/pointAlert/pointAlert,,0.0,0,0,,,,,,,,,
point_alert_ID0000085,None,compute,0,1694471820.0,,,1694471825.0,1694471828.0,1694471839.0,29600695.5,1694471826.0,1694471855.0,1694471844.0,1694471847.0,6762.0,1694471855.0,1694471860.0,5.0,,1.0,29.0,5.0,11.0,176655981.0,3.0,21118.0,poseidon,condorpool,poseidon-worker-1-container-8-11,point_alert,/opt/pointAlert/pointAlert,,0.0,0,0,,,,,,,,,
point_alert_ID0000110,None,compute,0,1694471820.0,,,1694471825.0,1694471828.0,1694471839.0,29895678.0,1694471826.0,1694471855.0,1694471844.0,1694471847.0,6730.0,1694471855.0,1694471860.0,5.0,,1.0,29.0,5.0,11.0,176667937.0,3.0,21038.0,poseidon,condorpool,poseidon-worker-2-container-32-35,point_alert,/opt/pointAlert/pointAlert,,0.0,0,0,,,,,,,,,
stage_out_local_condorpool_2_0,None,transfer,0,1694471835.0,,,1694471840.0,,,0.0,1694471840.0,1694471845.0,,,0.0,1694471845.0,1694471850.0,5.0,,0.0,5.0,5.0,,,,,poseidon,local,poseidon-submit,pegasus::transfer,/mnt/poseidon-data/poseidon/pegasus-5.1.0panorama/bin/pegasus-transfer,/home/poseidon/pegasus-5.1.0panorama/bin/../bin/pegasus-kickstart  -n pegasus::transfer -N null -i - -R local  -L casa-wind-full -T 2023-09-08T07:29:05+00:00 /home/poseidon/pegasus-5.1.0panorama/bin/../bin/pegasus-transfer  --threads 2,0.9,0,0,,,,,,,,,
point_alert_ID0000130,None,compute,0,1694471835.0,,,1694471840.0,1694471844.0,1694471854.0,29649976.0,1694471842.0,1694471870.0,1694471860.0,1694471863.0,7511.0,1694471870.0,1694471875.0,5.0,,2.0,28.0,5.0,10.0,176672472.0,3.0,23118.0,poseidon,condorpool,poseidon-worker-1-container-44-47,point_alert,/opt/pointAlert/pointAlert,,0.0,0,0,,,,,,,,,
point_alert_ID0000035,None,compute,0,1694471835.0,,,1694471840.0,1694471843.0,1694471854.0,29597919.5,1694471842.0,1694471870.0,1694471860.0,1694471863.0,6449.0,1694471870.0,1694471875.0,5.0,,2.0,28.0,5.0,11.0,176638959.0,3.0,20078.0,poseidon,condorpool,poseidon-worker-1-container-24-27,point_alert,/opt/pointAlert/pointAlert,,0.0,0,0,,,,,,,,,
point_alert_ID0000105,None,compute,0,1694471835.0,,,1694471840.0,1694471843.0,1694471854.0,29530497.0,1694471841.0,1694471870.0,1694471859.0,1694471862.0,6794.0,1694471870.0,1694471875.0,5.0,,1.0,29.0,5.0,11.0,176667573.0,3.0,21278.0,poseidon,condorpool,poseidon-worker-1-container-0-3,point_alert,/opt/pointAlert/pointAlert,,0.0,0,0,,,,,,,,,
stage_out_local_condorpool_2_4,None,transfer,0,1694471835.0,,,1694471840.0,,,0.0,1694471840.0,1694471845.0,,,0.0,1694471845.0,1694471850.0,5.0,,0.0,5.0,5.0,,,,,poseidon,local,poseidon-submit,pegasus::transfer,/mnt/poseidon-data/poseidon/pegasus-5.1.0panorama/bin/pegasus-transfer,/home/poseidon/pegasus-5.1.0panorama/bin/../bin/pegasus-kickstart  -n pegasus::transfer -N null -i - -R local  -L casa-wind-full -T 2023-09-08T07:29:05+00:00 /home/poseidon/pegasus-5.1.0panorama/bin/../bin/pegasus-transfer  --threads 2,0.9,0,0,,,,,,,,,
point_alert_ID0000075,None,compute,0,1694471835.0,,,1694471840.0,1694471842.0,1694471855.0,27064878.3,1694471841.0,1694471870.0,1694471860.0,1694471863.0,6583.0,1694471870.0,1694471875.0,5.0,,1.0,29.0,5.0,13.0,176646838.0,3.0,20558.0,poseidon,condorpool,poseidon-worker-2-container-20-23,point_alert,/opt/pointAlert/pointAlert,,0.0,0,0,,,,,,,,,
point_alert_ID0000055,cpu_3,compute,0,1694471835.0,,,1694471840.0,1694471843.0,1694471853.0,29577532.5,1694471841.0,1694471870.0,1694471859.0,1694471862.0,6487.0,1694471870.0,1694471875.0,5.0,,1.0,29.0,5.0,10.0,176636535.0,3.0,20638.0,poseidon,condorpool,poseidon-worker-1-container-4-7,point_alert,/opt/pointAlert/pointAlert,,0.0,0,0,,,,,,,,,
point_alert_ID0000095,None,compute,0,1694471835.0,,,1694471840.0,1694471843.0,1694471854.0,33405888.0,1694471841.0,1694471870.0,1694471859.0,1694471863.0,6696.0,1694471870.0,1694471875.0,5.0,,1.0,29.0,5.0,11.0,176660390.0,4.0,20718.0,poseidon,condorpool,poseidon-worker-1-container-28-31,point_alert,/opt/pointAlert/pointAlert,,0.0,0,0,,,,,,,,,
stage_out_local_condorpool_2_3,None,transfer,0,1694471835.0,,,1694471840.0,,,0.0,1694471840.0,1694471845.0,,,0.0,1694471845.0,1694471850.0,5.0,,0.0,5.0,5.0,,,,,poseidon,local,poseidon-submit,pegasus::transfer,/mnt/poseidon-data/poseidon/pegasus-5.1.0panorama/bin/pegasus-transfer,/home/poseidon/pegasus-5.1.0panorama/bin/../bin/pegasus-kickstart  -n pegasus::transfer -N null -i - -R local  -L casa-wind-full -T 2023-09-08T07:29:05+00:00 /home/poseidon/pegasus-5.1.0panorama/bin/../bin/pegasus-transfer  --threads 2,1.0,0,0,,,,,,,,,
point_alert_ID0000010,None,compute,0,1694471835.0,,,1694471840.0,1694471843.0,1694471854.0,29524904.0,1694471841.0,1694471870.0,1694471859.0,1694471862.0,6652.0,1694471870.0,1694471875.0,5.0,,1.0,29.0,5.0,11.0,176643412.0,3.0,20478.0,poseidon,condorpool,poseidon-worker-1-container-36-39,point_alert,/opt/pointAlert/pointAlert,,0.0,0,0,,,,,,,,,
point_alert_ID0000005,None,compute,0,1694471835.0,,,1694471840.0,1694471843.0,1694471854.0,29493066.0,1694471841.0,1694471870.0,1694471859.0,1694471862.0,6487.0,1694471870.0,1694471875.0,5.0,,1.0,29.0,5.0,11.0,176636764.0,3.0,20398.0,poseidon,condorpool,poseidon-worker-1-container-12-15,point_alert,/opt/pointAlert/pointAlert,,0.0,0,0,,,,,,,,,
point_alert_ID0000065,None,compute,0,1694471835.0,,,1694471840.0,1694471843.0,1694471854.0,29587649.0,1694471841.0,1694471870.0,1694471859.0,1694471862.0,6562.0,1694471870.0,1694471875.0,5.0,,1.0,29.0,5.0,11.0,176639131.0,3.0,20238.0,poseidon,condorpool,poseidon-worker-1-container-44-47,point_alert,/opt/pointAlert/pointAlert,,0.0,0,0,,,,,,,,,
point_alert_ID0000015,None,compute,0,1694471835.0,,,1694471840.0,1694471843.0,1694471854.0,29466046.8,1694471841.0,1694471870.0,1694471859.0,1694471863.0,6610.0,1694471870.0,1694471875.0,5.0,,1.0,29.0,5.0,11.0,176639974.0,4.0,20558.0,poseidon,condorpool,poseidon-worker-2-container-0-3,point_alert,/opt/pointAlert/pointAlert,,0.0,0,0,,,,,,,,,
point_alert_ID0000070,None,compute,0,1694471840.0,,,1694471845.0,1694471848.0,1694471859.0,29580465.0,1694471846.0,1694471875.0,1694471864.0,1694471868.0,6724.0,1694471875.0,1694471880.0,5.0,,1.0,29.0,5.0,11.0,176643292.0,4.0,20558.0,poseidon,condorpool,poseidon-worker-1-container-32-35,point_alert,/opt/pointAlert/pointAlert,,0.0,0,0,,,,,,,,,
point_alert_ID0000025,None,compute,0,1694471845.0,,,1694471850.0,1694471853.0,1694471864.0,29580117.0,1694471851.0,1694471880.0,1694471870.0,1694471873.0,6411.0,1694471880.0,1694471885.0,5.0,,1.0,29.0,5.0,11.0,176638688.0,3.0,20078.0,poseidon,condorpool,poseidon-worker-1-container-20-23,point_alert,/opt/pointAlert/pointAlert,,0.0,0,0,,,,,,,,,
stage_out_local_condorpool_2_1,None,transfer,0,1694471845.0,,,1694471850.0,,,0.0,1694471851.0,1694471855.0,,,0.0,1694471855.0,1694471860.0,5.0,,1.0,4.0,5.0,,,,,poseidon,local,poseidon-submit,pegasus::transfer,/mnt/poseidon-data/poseidon/pegasus-5.1.0panorama/bin/pegasus-transfer,/home/poseidon/pegasus-5.1.0panorama/bin/../bin/pegasus-kickstart  -n pegasus::transfer -N null -i - -R local  -L casa-wind-full -T 2023-09-08T07:29:05+00:00 /home/poseidon/pegasus-5.1.0panorama/bin/../bin/pegasus-transfer  --threads 2,0.9,0,0,,,,,,,,,
point_alert_ID0000115,None,compute,0,1694471845.0,,,1694471850.0,1694471853.0,1694471864.0,29567365.0,1694471851.0,1694471880.0,1694471870.0,1694471873.0,6894.0,1694471880.0,1694471885.0,5.0,,1.0,29.0,5.0,11.0,176681217.0,3.0,21598.0,poseidon,condorpool,poseidon-worker-1-container-40-43,point_alert,/opt/pointAlert/pointAlert,,0.0,0,0,,,,,,,,,
stage_out_local_condorpool_2_5,None,transfer,0,1694471845.0,,,1694471850.0,,,0.0,1694471851.0,1694471855.0,,,0.0,1694471855.0,1694471860.0,5.0,,1.0,4.0,5.0,,,,,poseidon,local,poseidon-submit,pegasus::transfer,/mnt/poseidon-data/poseidon/pegasus-5.1.0panorama/bin/pegasus-transfer,/home/poseidon/pegasus-5.1.0panorama/bin/../bin/pegasus-kickstart  -n pegasus::transfer -N null -i - -R local  -L casa-wind-full -T 2023-09-08T07:29:05+00:00 /home/poseidon/pegasus-5.1.0panorama/bin/../bin/pegasus-transfer  --threads 2,0.8,0,0,,,,,,,,,
register_condorpool_2_0,None,auxiliary,0,1694471850.0,,,1694471875.0,,,0.0,1694471876.0,1694471880.0,,,0.0,1694471880.0,1694471885.0,25.0,,1.0,4.0,5.0,,,,,poseidon,local,poseidon-submit,pegasus::rc-client,/mnt/poseidon-data/poseidon/pegasus-5.1.0panorama/bin/pegasus-rc-client,"-n pegasus::rc-client -N null -R local  -L casa-wind-full -T 2023-09-08T07:29:05+00:00 /home/poseidon/pegasus-5.1.0panorama/bin/pegasus-rc-client --prefix pegasus.catalog.replica.output --conf /mnt/poseidon-data/poseidon/workflows/casa-wind-workflow-full/submit/poseidon/pegasus/casa-wind-full/run0402/pegasus.8688806809567682970.properties -v --meta /mnt/poseidon-data/poseidon/workflows/casa-wind-workflow-full/submit/poseidon/pegasus/casa-wind-full/run0402/00/01/post_vel_ID0000023.meta,/mnt/poseidon-data/poseidon/workflows/casa-wind-workflow-full/submit/poseidon/pegasus/casa-wind-full/run0402/00/01/post_vel_ID0000093.meta,/mnt/poseidon-data/poseidon/workflows/casa-wind-workflow-full/submit/poseidon/pegasus/casa-wind-full/run0402/00/01/mvt_ID0000129.meta,/mnt/poseidon-data/poseidon/workflows/casa-wind-workflow-full/submit/poseidon/pegasus/casa-wind-full/run0402/00/02/mvt_ID0000044.meta,/mnt/poseidon-data/poseidon/workflows/casa-wind-workflow-full/submit/poseidon/pegasus/casa-wind-full/run0402/00/02/post_vel_ID0000058.meta,/mnt/poseidon-data/poseidon/workflows/casa-wind-workflow-full/submit/poseidon/pegasus/casa-wind-full/run0402/00/01/post_vel_ID0000068.meta,/mnt/poseidon-data/poseidon/workflows/casa-wind-workflow-full/submit/poseidon/pegasus/casa-wind-full/run0402/00/01/post_vel_ID0000123.meta,/mnt/poseidon-data/poseidon/workflows/casa-wind-workflow-full/submit/poseidon/pegasus/casa-wind-full/run0402/00/02/post_vel_ID0000078.meta,/mnt/poseidon-data/poseidon/workflows/casa-wind-workflow-full/submit/poseidon/pegasus/casa-wind-full/run0402/00/01/mvt_ID0000029.meta --insert /mnt/poseidon-data/poseidon/workflows/casa-wind-workflow-full/submit/poseidon/pegasus/casa-wind-full/run0402/00/02/register_condorpool_2_0.in",2.6,0,0,,,,,,,,,
register_condorpool_2_4,None,auxiliary,0,1694471850.0,,,1694471865.0,,,0.0,1694471865.0,1694471870.0,,,0.0,1694471870.0,1694471875.0,15.0,,0.0,5.0,5.0,,,,,poseidon,local,poseidon-submit,pegasus::rc-client,/mnt/poseidon-data/poseidon/pegasus-5.1.0panorama/bin/pegasus-rc-client,"-n pegasus::rc-client -N null -R local  -L casa-wind-full -T 2023-09-08T07:29:05+00:00 /home/poseidon/pegasus-5.1.0panorama/bin/pegasus-rc-client --prefix pegasus.catalog.replica.output --conf /mnt/poseidon-data/poseidon/workflows/casa-wind-workflow-full/submit/poseidon/pegasus/casa-wind-full/run0402/pegasus.8688806809567682970.properties -v --meta /mnt/poseidon-data/poseidon/workflows/casa-wind-workflow-full/submit/poseidon/pegasus/casa-wind-full/run0402/00/02/post_vel_ID0000108.meta,/mnt/poseidon-data/poseidon/workflows/casa-wind-workflow-full/submit/poseidon/pegasus/casa-wind-full/run0402/00/01/post_vel_ID0000063.meta,/mnt/poseidon-data/poseidon/workflows/casa-wind-workflow-full/submit/poseidon/pegasus/casa-wind-full/run0402/00/01/post_vel_ID0000013.meta,/mnt/poseidon-data/poseidon/workflows/casa-wind-workflow-full/submit/poseidon/pegasus/casa-wind-full/run0402/00/02/mvt_ID0000054.meta,/mnt/poseidon-data/poseidon/workflows/casa-wind-workflow-full/submit/poseidon/pegasus/casa-wind-full/run0402/00/01/post_vel_ID0000033.meta,/mnt/poseidon-data/poseidon/workflows/casa-wind-workflow-full/submit/poseidon/pegasus/casa-wind-full/run0402/00/02/post_vel_ID0000113.meta,/mnt/poseidon-data/poseidon/workflows/casa-wind-workflow-full/submit/poseidon/pegasus/casa-wind-full/run0402/00/01/post_vel_ID0000003.meta,/mnt/poseidon-data/poseidon/workflows/casa-wind-workflow-full/submit/poseidon/pegasus/casa-wind-full/run0402/00/01/post_vel_ID0000118.meta --insert /mnt/poseidon-data/poseidon/workflows/casa-wind-workflow-full/submit/poseidon/pegasus/casa-wind-full/run0402/00/02/register_condorpool_2_4.in",2.6,0,0,,,,,,,,,
register_condorpool_2_3,None,auxiliary,0,1694471850.0,,,1694471855.0,,,0.0,1694471856.0,1694471860.0,,,0.0,1694471860.0,1694471865.0,5.0,,1.0,4.0,5.0,,,,,poseidon,local,poseidon-submit,pegasus::rc-client,/mnt/poseidon-data/poseidon/pegasus-5.1.0panorama/bin/pegasus-rc-client,"-n pegasus::rc-client -N null -R local  -L casa-wind-full -T 2023-09-08T07:29:05+00:00 /home/poseidon/pegasus-5.1.0panorama/bin/pegasus-rc-client --prefix pegasus.catalog.replica.output --conf /mnt/poseidon-data/poseidon/workflows/casa-wind-workflow-full/submit/poseidon/pegasus/casa-wind-full/run0402/pegasus.8688806809567682970.properties -v --meta /mnt/poseidon-data/poseidon/workflows/casa-wind-workflow-full/submit/poseidon/pegasus/casa-wind-full/run0402/00/01/mvt_ID0000084.meta,/mnt/poseidon-data/poseidon/workflows/casa-wind-workflow-full/submit/poseidon/pegasus/casa-wind-full/run0402/00/02/post_vel_ID0000103.meta,/mnt/poseidon-data/poseidon/workflows/casa-wind-workflow-full/submit/poseidon/pegasus/casa-wind-full/run0402/00/01/post_vel_ID0000098.meta,/mnt/poseidon-data/poseidon/workflows/casa-wind-workflow-full/submit/poseidon/pegasus/casa-wind-full/run0402/00/02/post_vel_ID0000048.meta,/mnt/poseidon-data/poseidon/workflows/casa-wind-workflow-full/submit/poseidon/pegasus/casa-wind-full/run0402/00/01/mvt_ID0000009.meta,/mnt/poseidon-data/poseidon/workflows/casa-wind-workflow-full/submit/poseidon/pegasus/casa-wind-full/run0402/00/01/post_vel_ID0000018.meta,/mnt/poseidon-data/poseidon/workflows/casa-wind-workflow-full/submit/poseidon/pegasus/casa-wind-full/run0402/00/01/mvt_ID0000089.meta,/mnt/poseidon-data/poseidon/workflows/casa-wind-workflow-full/submit/poseidon/pegasus/casa-wind-full/run0402/00/02/mvt_ID0000074.meta,/mnt/poseidon-data/poseidon/workflows/casa-wind-workflow-full/submit/poseidon/pegasus/casa-wind-full/run0402/00/02/post_vel_ID0000038.meta --insert /mnt/poseidon-data/poseidon/workflows/casa-wind-workflow-full/submit/poseidon/pegasus/casa-wind-full/run0402/00/02/register_condorpool_2_3.in",2.7,0,0,,,,,,,,,
stage_out_local_condorpool_2_2,None,transfer,0,1694471855.0,,,1694471860.0,,,0.0,1694471860.0,1694471865.0,,,0.0,1694471865.0,1694471870.0,5.0,,0.0,5.0,5.0,,,,,poseidon,local,poseidon-submit,pegasus::transfer,/mnt/poseidon-data/poseidon/pegasus-5.1.0panorama/bin/pegasus-transfer,/home/poseidon/pegasus-5.1.0panorama/bin/../bin/pegasus-kickstart  -n pegasus::transfer -N null -i - -R local  -L casa-wind-full -T 2023-09-08T07:29:05+00:00 /home/poseidon/pegasus-5.1.0panorama/bin/../bin/pegasus-transfer  --threads 2,0.9,0,0,,,,,,,,,
point_alert_ID0000020,None,compute,0,1694471855.0,,,1694471860.0,1694471863.0,1694471873.0,29557561.0,1694471861.0,1694471890.0,1694471879.0,1694471882.0,6715.0,1694471890.0,1694471895.0,5.0,,1.0,29.0,5.0,10.0,176644228.0,3.0,20478.0,poseidon,condorpool,poseidon-worker-1-container-12-15,point_alert,/opt/pointAlert/pointAlert,,0.0,0,0,,,,,,,,,
register_condorpool_2_1,None,auxiliary,0,1694471860.0,,,1694471885.0,,,0.0,1694471885.0,1694471890.0,,,0.0,1694471890.0,1694471895.0,25.0,,0.0,5.0,5.0,,,,,poseidon,local,poseidon-submit,pegasus::rc-client,/mnt/poseidon-data/poseidon/pegasus-5.1.0panorama/bin/pegasus-rc-client,"-n pegasus::rc-client -N null -R local  -L casa-wind-full -T 2023-09-08T07:29:05+00:00 /home/poseidon/pegasus-5.1.0panorama/bin/pegasus-rc-client --prefix pegasus.catalog.replica.output --conf /mnt/poseidon-data/poseidon/workflows/casa-wind-workflow-full/submit/poseidon/pegasus/casa-wind-full/run0402/pegasus.8688806809567682970.properties -v --meta /mnt/poseidon-data/poseidon/workflows/casa-wind-workflow-full/submit/poseidon/pegasus/casa-wind-full/run0402/00/01/post_vel_ID0000028.meta,/mnt/poseidon-data/poseidon/workflows/casa-wind-workflow-full/submit/poseidon/pegasus/casa-wind-full/run0402/00/02/post_vel_ID0000043.meta,/mnt/poseidon-data/poseidon/workflows/casa-wind-workflow-full/submit/poseidon/pegasus/casa-wind-full/run0402/00/01/post_vel_ID0000128.meta,/mnt/poseidon-data/poseidon/workflows/casa-wind-workflow-full/submit/poseidon/pegasus/casa-wind-full/run0402/00/01/mvt_ID0000094.meta,/mnt/poseidon-data/poseidon/workflows/casa-wind-workflow-full/submit/poseidon/pegasus/casa-wind-full/run0402/00/01/mvt_ID0000069.meta,/mnt/poseidon-data/poseidon/workflows/casa-wind-workflow-full/submit/poseidon/pegasus/casa-wind-full/run0402/00/02/mvt_ID0000059.meta,/mnt/poseidon-data/poseidon/workflows/casa-wind-workflow-full/submit/poseidon/pegasus/casa-wind-full/run0402/00/01/mvt_ID0000124.meta,/mnt/poseidon-data/poseidon/workflows/casa-wind-workflow-full/submit/poseidon/pegasus/casa-wind-full/run0402/00/01/mvt_ID0000024.meta,/mnt/poseidon-data/poseidon/workflows/casa-wind-workflow-full/submit/poseidon/pegasus/casa-wind-full/run0402/00/02/mvt_ID0000079.meta --insert /mnt/poseidon-data/poseidon/workflows/casa-wind-workflow-full/submit/poseidon/pegasus/casa-wind-full/run0402/00/02/register_condorpool_2_1.in",2.7,0,0,,,,,,,,,
register_condorpool_2_5,None,auxiliary,0,1694471860.0,,,1694471895.0,,,0.0,1694471896.0,1694471900.0,,,0.0,1694471900.0,1694471906.0,35.0,,1.0,4.0,6.0,,,,,poseidon,local,poseidon-submit,pegasus::rc-client,/mnt/poseidon-data/poseidon/pegasus-5.1.0panorama/bin/pegasus-rc-client,"-n pegasus::rc-client -N null -R local  -L casa-wind-full -T 2023-09-08T07:29:05+00:00 /home/poseidon/pegasus-5.1.0panorama/bin/pegasus-rc-client --prefix pegasus.catalog.replica.output --conf /mnt/poseidon-data/poseidon/workflows/casa-wind-workflow-full/submit/poseidon/pegasus/casa-wind-full/run0402/pegasus.8688806809567682970.properties -v --meta /mnt/poseidon-data/poseidon/workflows/casa-wind-workflow-full/submit/poseidon/pegasus/casa-wind-full/run0402/00/01/mvt_ID0000004.meta,/mnt/poseidon-data/poseidon/workflows/casa-wind-workflow-full/submit/poseidon/pegasus/casa-wind-full/run0402/00/01/mvt_ID0000119.meta,/mnt/poseidon-data/poseidon/workflows/casa-wind-workflow-full/submit/poseidon/pegasus/casa-wind-full/run0402/00/02/post_vel_ID0000053.meta,/mnt/poseidon-data/poseidon/workflows/casa-wind-workflow-full/submit/poseidon/pegasus/casa-wind-full/run0402/00/02/mvt_ID0000114.meta,/mnt/poseidon-data/poseidon/workflows/casa-wind-workflow-full/submit/poseidon/pegasus/casa-wind-full/run0402/00/01/mvt_ID0000034.meta,/mnt/poseidon-data/poseidon/workflows/casa-wind-workflow-full/submit/poseidon/pegasus/casa-wind-full/run0402/00/01/mvt_ID0000014.meta,/mnt/poseidon-data/poseidon/workflows/casa-wind-workflow-full/submit/poseidon/pegasus/casa-wind-full/run0402/00/02/mvt_ID0000109.meta,/mnt/poseidon-data/poseidon/workflows/casa-wind-workflow-full/submit/poseidon/pegasus/casa-wind-full/run0402/00/01/mvt_ID0000064.meta --insert /mnt/poseidon-data/poseidon/workflows/casa-wind-workflow-full/submit/poseidon/pegasus/casa-wind-full/run0402/00/02/register_condorpool_2_5.in",2.6,0,0,,,,,,,,,
register_condorpool_2_2,None,auxiliary,0,1694471870.0,,,1694471936.0,,,0.0,1694471937.0,1694471941.0,,,0.0,1694471941.0,1694471946.0,66.0,,1.0,4.0,5.0,,,,,poseidon,local,poseidon-submit,pegasus::rc-client,/mnt/poseidon-data/poseidon/pegasus-5.1.0panorama/bin/pegasus-rc-client,"-n pegasus::rc-client -N null -R local  -L casa-wind-full -T 2023-09-08T07:29:05+00:00 /home/poseidon/pegasus-5.1.0panorama/bin/pegasus-rc-client --prefix pegasus.catalog.replica.output --conf /mnt/poseidon-data/poseidon/workflows/casa-wind-workflow-full/submit/poseidon/pegasus/casa-wind-full/run0402/pegasus.8688806809567682970.properties -v --meta /mnt/poseidon-data/poseidon/workflows/casa-wind-workflow-full/submit/poseidon/pegasus/casa-wind-full/run0402/00/02/post_vel_ID0000073.meta,/mnt/poseidon-data/poseidon/workflows/casa-wind-workflow-full/submit/poseidon/pegasus/casa-wind-full/run0402/00/02/mvt_ID0000039.meta,/mnt/poseidon-data/poseidon/workflows/casa-wind-workflow-full/submit/poseidon/pegasus/casa-wind-full/run0402/00/01/mvt_ID0000099.meta,/mnt/poseidon-data/poseidon/workflows/casa-wind-workflow-full/submit/poseidon/pegasus/casa-wind-full/run0402/00/01/post_vel_ID0000008.meta,/mnt/poseidon-data/poseidon/workflows/casa-wind-workflow-full/submit/poseidon/pegasus/casa-wind-full/run0402/00/02/mvt_ID0000049.meta,/mnt/poseidon-data/poseidon/workflows/casa-wind-workflow-full/submit/poseidon/pegasus/casa-wind-full/run0402/00/01/mvt_ID0000019.meta,/mnt/poseidon-data/poseidon/workflows/casa-wind-workflow-full/submit/poseidon/pegasus/casa-wind-full/run0402/00/02/mvt_ID0000104.meta,/mnt/poseidon-data/poseidon/workflows/casa-wind-workflow-full/submit/poseidon/pegasus/casa-wind-full/run0402/00/01/post_vel_ID0000083.meta,/mnt/poseidon-data/poseidon/workflows/casa-wind-workflow-full/submit/poseidon/pegasus/casa-wind-full/run0402/00/01/post_vel_ID0000088.meta --insert /mnt/poseidon-data/poseidon/workflows/casa-wind-workflow-full/submit/poseidon/pegasus/casa-wind-full/run0402/00/02/register_condorpool_2_2.in",2.7,0,0,,,,,,,,,
stage_out_local_condorpool_3_0,None,transfer,0,1694471885.0,,,1694471890.0,,,0.0,1694471890.0,1694471895.0,,,0.0,1694471895.0,1694471900.0,5.0,,0.0,5.0,5.0,,,,,poseidon,local,poseidon-submit,pegasus::transfer,/mnt/poseidon-data/poseidon/pegasus-5.1.0panorama/bin/pegasus-transfer,/home/poseidon/pegasus-5.1.0panorama/bin/../bin/pegasus-kickstart  -n pegasus::transfer -N null -i - -R local  -L casa-wind-full -T 2023-09-08T07:29:05+00:00 /home/poseidon/pegasus-5.1.0panorama/bin/../bin/pegasus-transfer  --threads 2,0.9,0,0,,,,,,,,,
stage_out_local_condorpool_3_2,None,transfer,0,1694471885.0,,,1694471890.0,,,0.0,1694471890.0,1694471895.0,,,0.0,1694471895.0,1694471900.0,5.0,,0.0,5.0,5.0,,,,,poseidon,local,poseidon-submit,pegasus::transfer,/mnt/poseidon-data/poseidon/pegasus-5.1.0panorama/bin/pegasus-transfer,/home/poseidon/pegasus-5.1.0panorama/bin/../bin/pegasus-kickstart  -n pegasus::transfer -N null -i - -R local  -L casa-wind-full -T 2023-09-08T07:29:05+00:00 /home/poseidon/pegasus-5.1.0panorama/bin/../bin/pegasus-transfer  --threads 2,0.8,0,0,,,,,,,,,
stage_out_local_condorpool_3_1,None,transfer,0,1694471895.0,,,1694471900.0,,,0.0,1694471901.0,1694471906.0,,,0.0,1694471906.0,1694471911.0,5.0,,1.0,5.0,5.0,,,,,poseidon,local,poseidon-submit,pegasus::transfer,/mnt/poseidon-data/poseidon/pegasus-5.1.0panorama/bin/pegasus-transfer,/home/poseidon/pegasus-5.1.0panorama/bin/../bin/pegasus-kickstart  -n pegasus::transfer -N null -i - -R local  -L casa-wind-full -T 2023-09-08T07:29:05+00:00 /home/poseidon/pegasus-5.1.0panorama/bin/../bin/pegasus-transfer  --threads 2,0.9,0,0,,,,,,,,,
register_condorpool_3_0,None,auxiliary,0,1694471900.0,,,1694471916.0,,,0.0,1694471916.0,1694471921.0,,,0.0,1694471921.0,1694471926.0,16.0,,0.0,5.0,5.0,,,,,poseidon,local,poseidon-submit,pegasus::rc-client,/mnt/poseidon-data/poseidon/pegasus-5.1.0panorama/bin/pegasus-rc-client,"-n pegasus::rc-client -N null -R local  -L casa-wind-full -T 2023-09-08T07:29:05+00:00 /home/poseidon/pegasus-5.1.0panorama/bin/pegasus-rc-client --prefix pegasus.catalog.replica.output --conf /mnt/poseidon-data/poseidon/workflows/casa-wind-workflow-full/submit/poseidon/pegasus/casa-wind-full/run0402/pegasus.8688806809567682970.properties -v --meta /mnt/poseidon-data/poseidon/workflows/casa-wind-workflow-full/submit/poseidon/pegasus/casa-wind-full/run0402/00/02/point_alert_ID0000125.meta,/mnt/poseidon-data/poseidon/workflows/casa-wind-workflow-full/submit/poseidon/pegasus/casa-wind-full/run0402/00/02/point_alert_ID0000095.meta,/mnt/poseidon-data/poseidon/workflows/casa-wind-workflow-full/submit/poseidon/pegasus/casa-wind-full/run0402/00/03/point_alert_ID0000060.meta,/mnt/poseidon-data/poseidon/workflows/casa-wind-workflow-full/submit/poseidon/pegasus/casa-wind-full/run0402/00/02/point_alert_ID0000030.meta,/mnt/poseidon-data/poseidon/workflows/casa-wind-workflow-full/submit/poseidon/pegasus/casa-wind-full/run0402/00/02/point_alert_ID0000025.meta,/mnt/poseidon-data/poseidon/workflows/casa-wind-workflow-full/submit/poseidon/pegasus/casa-wind-full/run0402/00/03/point_alert_ID0000045.meta,/mnt/poseidon-data/poseidon/workflows/casa-wind-workflow-full/submit/poseidon/pegasus/casa-wind-full/run0402/00/02/point_alert_ID0000130.meta,/mnt/poseidon-data/poseidon/workflows/casa-wind-workflow-full/submit/poseidon/pegasus/casa-wind-full/run0402/00/02/point_alert_ID0000070.meta,/mnt/poseidon-data/poseidon/workflows/casa-wind-workflow-full/submit/poseidon/pegasus/casa-wind-full/run0402/00/02/point_alert_ID0000080.meta --insert /mnt/poseidon-data/poseidon/workflows/casa-wind-workflow-full/submit/poseidon/pegasus/casa-wind-full/run0402/00/03/register_condorpool_3_0.in",2.7,0,0,,,,,,,,,
register_condorpool_3_2,None,auxiliary,0,1694471900.0,,,1694471906.0,,,0.0,1694471906.0,1694471911.0,,,0.0,1694471911.0,1694471916.0,6.0,,0.0,5.0,5.0,,,,,poseidon,local,poseidon-submit,pegasus::rc-client,/mnt/poseidon-data/poseidon/pegasus-5.1.0panorama/bin/pegasus-rc-client,"-n pegasus::rc-client -N null -R local  -L casa-wind-full -T 2023-09-08T07:29:05+00:00 /home/poseidon/pegasus-5.1.0panorama/bin/pegasus-rc-client --prefix pegasus.catalog.replica.output --conf /mnt/poseidon-data/poseidon/workflows/casa-wind-workflow-full/submit/poseidon/pegasus/casa-wind-full/run0402/pegasus.8688806809567682970.properties -v --meta /mnt/poseidon-data/poseidon/workflows/casa-wind-workflow-full/submit/poseidon/pegasus/casa-wind-full/run0402/00/03/point_alert_ID0000110.meta,/mnt/poseidon-data/poseidon/workflows/casa-wind-workflow-full/submit/poseidon/pegasus/casa-wind-full/run0402/00/03/point_alert_ID0000055.meta,/mnt/poseidon-data/poseidon/workflows/casa-wind-workflow-full/submit/poseidon/pegasus/casa-wind-full/run0402/00/02/point_alert_ID0000115.meta,/mnt/poseidon-data/poseidon/workflows/casa-wind-workflow-full/submit/poseidon/pegasus/casa-wind-full/run0402/00/02/point_alert_ID0000120.meta,/mnt/poseidon-data/poseidon/workflows/casa-wind-workflow-full/submit/poseidon/pegasus/casa-wind-full/run0402/00/02/point_alert_ID0000035.meta,/mnt/poseidon-data/poseidon/workflows/casa-wind-workflow-full/submit/poseidon/pegasus/casa-wind-full/run0402/00/02/point_alert_ID0000015.meta,/mnt/poseidon-data/poseidon/workflows/casa-wind-workflow-full/submit/poseidon/pegasus/casa-wind-full/run0402/00/02/point_alert_ID0000065.meta,/mnt/poseidon-data/poseidon/workflows/casa-wind-workflow-full/submit/poseidon/pegasus/casa-wind-full/run0402/00/02/point_alert_ID0000005.meta --insert /mnt/poseidon-data/poseidon/workflows/casa-wind-workflow-full/submit/poseidon/pegasus/casa-wind-full/run0402/00/03/register_condorpool_3_2.in",2.7,0,0,,,,,,,,,
cleanup_casa-wind-full_0_condorpool,None,auxiliary,0,1694471911.0,,,1694471916.0,,,0.0,1694471916.0,1694471921.0,,,0.0,1694471921.0,1694471926.0,5.0,,0.0,5.0,5.0,,,,,poseidon,local,poseidon-submit,pegasus::cleanup,/mnt/poseidon-data/poseidon/pegasus-5.1.0panorama/bin/pegasus-transfer,pegasus-kickstart  -n pegasus::cleanup -N null -i - -R local  -L casa-wind-full -T 2023-09-08T07:29:05+00:00 pegasus-transfer,0.2,0,0,,,,,,,,,
register_condorpool_3_1,None,auxiliary,0,1694471911.0,,,1694471926.0,,,0.0,1694471927.0,1694471931.0,,,0.0,1694471931.0,1694471936.0,15.0,,1.0,4.0,5.0,,,,,poseidon,local,poseidon-submit,pegasus::rc-client,/mnt/poseidon-data/poseidon/pegasus-5.1.0panorama/bin/pegasus-rc-client,"-n pegasus::rc-client -N null -R local  -L casa-wind-full -T 2023-09-08T07:29:05+00:00 /home/poseidon/pegasus-5.1.0panorama/bin/pegasus-rc-client --prefix pegasus.catalog.replica.output --conf /mnt/poseidon-data/poseidon/workflows/casa-wind-workflow-full/submit/poseidon/pegasus/casa-wind-full/run0402/pegasus.8688806809567682970.properties -v --meta /mnt/poseidon-data/poseidon/workflows/casa-wind-workflow-full/submit/poseidon/pegasus/casa-wind-full/run0402/00/02/point_alert_ID0000010.meta,/mnt/poseidon-data/poseidon/workflows/casa-wind-workflow-full/submit/poseidon/pegasus/casa-wind-full/run0402/00/02/point_alert_ID0000090.meta,/mnt/poseidon-data/poseidon/workflows/casa-wind-workflow-full/submit/poseidon/pegasus/casa-wind-full/run0402/00/02/point_alert_ID0000085.meta,/mnt/poseidon-data/poseidon/workflows/casa-wind-workflow-full/submit/poseidon/pegasus/casa-wind-full/run0402/00/02/point_alert_ID0000075.meta,/mnt/poseidon-data/poseidon/workflows/casa-wind-workflow-full/submit/poseidon/pegasus/casa-wind-full/run0402/00/02/point_alert_ID0000100.meta,/mnt/poseidon-data/poseidon/workflows/casa-wind-workflow-full/submit/poseidon/pegasus/casa-wind-full/run0402/00/03/point_alert_ID0000040.meta,/mnt/poseidon-data/poseidon/workflows/casa-wind-workflow-full/submit/poseidon/pegasus/casa-wind-full/run0402/00/02/point_alert_ID0000020.meta,/mnt/poseidon-data/poseidon/workflows/casa-wind-workflow-full/submit/poseidon/pegasus/casa-wind-full/run0402/00/03/point_alert_ID0000050.meta,/mnt/poseidon-data/poseidon/workflows/casa-wind-workflow-full/submit/poseidon/pegasus/casa-wind-full/run0402/00/03/point_alert_ID0000105.meta --insert /mnt/poseidon-data/poseidon/workflows/casa-wind-workflow-full/submit/poseidon/pegasus/casa-wind-full/run0402/00/03/register_condorpool_3_1.in",2.8,0,0,,,,,,,,,
