,anomaly_type,type,is_clustered,ready,pre_script_start,pre_script_end,submit,stage_in_start,stage_in_end,stage_in_effective_bytes_per_sec,execute_start,execute_end,stage_out_start,stage_out_end,stage_out_effective_bytes_per_sec,post_script_start,post_script_end,wms_delay,pre_script_delay,queue_delay,runtime,post_script_delay,stage_in_delay,stage_in_bytes,stage_out_delay,stage_out_bytes,kickstart_user,kickstart_site,kickstart_hostname,kickstart_transformations,kickstart_executables,kickstart_executables_argv,kickstart_executables_cpu_time,kickstart_status,kickstart_executables_exitcode,kickstart_online_iowait,kickstart_online_bytes_read,kickstart_online_bytes_written,kickstart_online_read_system_calls,kickstart_online_write_system_calls,kickstart_online_utime,kickstart_online_stime,kickstart_online_bytes_read_per_second,kickstart_online_bytes_written_per_second
create_dir_casa-wind-full_0_condorpool,None,auxiliary,0,1694469743.0,,,1694469744.0,,,0.0,1694469747.0,1694469754.0,,,0.0,1694469754.0,1694469759.0,1.0,,3.0,7.0,5.0,,,,,poseidon,local,poseidon-submit,pegasus::dirmanager,/mnt/poseidon-data/poseidon/pegasus-5.1.0panorama/bin/pegasus-transfer,pegasus-kickstart  -n pegasus::dirmanager -N null -i - -R local  -L casa-wind-full -T 2023-09-08T07:29:05+00:00 pegasus-transfer,0.2,0,0,,,,,,,,,
unzip_ID0000006,cpu_3,compute,0,1694469759.0,,,1694469764.0,1694469789.0,1694469798.0,25586650.0,1694469787.0,1694469839.0,1694469816.0,1694469831.0,33952572.0,1694469839.0,1694469844.0,5.0,,23.0,52.0,5.0,9.0,222753803.0,15.0,501616588.0,poseidon,condorpool,poseidon-worker-1-container-40-43,unzip,/usr/bin/gunzip,,4.0,0,0,,,,,,,,,
unzip_ID0000106,None,compute,0,1694469759.0,,,1694469764.0,1694469788.0,1694469796.0,28888578.0,1694469786.0,1694469834.0,1694469809.0,1694469826.0,28870163.0,1694469834.0,1694469839.0,5.0,,22.0,48.0,5.0,8.0,241199298.0,17.0,501821816.0,poseidon,condorpool,poseidon-worker-1-container-44-47,unzip,/usr/bin/gunzip,,4.1,0,0,,,,,,,,,
unzip_ID0000046,None,compute,0,1694469759.0,,,1694469764.0,1694469785.0,1694469794.0,24736216.0,1694469783.0,1694469834.0,1694469808.0,1694469826.0,27891648.0,1694469834.0,1694469839.0,5.0,,19.0,51.0,5.0,9.0,229692821.0,18.0,523855228.0,poseidon,condorpool,poseidon-worker-2-container-4-7,unzip,/usr/bin/gunzip,,4.1,0,0,,,,,,,,,
unzip_ID0000101,None,compute,0,1694469759.0,,,1694469764.0,1694469786.0,1694469796.0,26970506.0,1694469785.0,1694469834.0,1694469810.0,1694469828.0,31282375.0,1694469834.0,1694469839.0,5.0,,21.0,49.0,5.0,10.0,250988249.0,18.0,561551644.0,poseidon,condorpool,poseidon-worker-2-container-0-3,unzip,/usr/bin/gunzip,,4.4,0,0,,,,,,,,,
unzip_ID0000126,None,compute,0,1694469759.0,,,1694469764.0,1694469785.0,1694469793.0,31815388.0,1694469783.0,1694469824.0,1694469805.0,1694469817.0,45705938.0,1694469824.0,1694469829.0,5.0,,19.0,41.0,5.0,8.0,249343892.0,12.0,520618424.0,poseidon,condorpool,poseidon-worker-2-container-12-15,unzip,/usr/bin/gunzip,,4.2,0,0,,,,,,,,,
unzip_ID0000031,None,compute,0,1694469759.0,,,1694469764.0,1694469786.0,1694469793.0,30401732.0,1694469784.0,1694469829.0,1694469806.0,1694469820.0,38607002.0,1694469829.0,1694469834.0,5.0,,20.0,45.0,5.0,7.0,237517035.0,14.0,539438752.0,poseidon,condorpool,poseidon-worker-1-container-12-15,unzip,/usr/bin/gunzip,,4.2,0,0,,,,,,,,,
unzip_ID0000076,None,compute,0,1694469759.0,,,1694469764.0,1694469785.0,1694469793.0,27190830.0,1694469783.0,1694469829.0,1694469807.0,1694469822.0,34291291.0,1694469829.0,1694469834.0,5.0,,19.0,46.0,5.0,8.0,233747923.0,15.0,523942844.0,poseidon,condorpool,poseidon-worker-1-container-8-11,unzip,/usr/bin/gunzip,,4.1,0,0,,,,,,,,,
unzip_ID0000011,None,compute,0,1694469759.0,,,1694469764.0,1694469785.0,1694469794.0,25310903.0,1694469783.0,1694469834.0,1694469808.0,1694469827.0,29376441.0,1694469834.0,1694469839.0,5.0,,19.0,51.0,5.0,9.0,235998389.0,19.0,565205920.0,poseidon,condorpool,poseidon-worker-2-container-20-23,unzip,/usr/bin/gunzip,,4.2,0,0,,,,,,,,,
unzip_ID0000056,None,compute,0,1694469759.0,,,1694469764.0,1694469786.0,1694469794.0,27910711.0,1694469784.0,1694469834.0,1694469807.0,1694469828.0,25972344.0,1694469834.0,1694469839.0,5.0,,20.0,50.0,5.0,8.0,232139969.0,21.0,528026776.0,poseidon,condorpool,poseidon-worker-2-container-16-19,unzip,/usr/bin/gunzip,,4.1,0,0,,,,,,,,,
unzip_ID0000111,None,compute,0,1694469759.0,,,1694469764.0,1694469784.0,1694469794.0,25527735.0,1694469783.0,1694469834.0,1694469808.0,1694469827.0,29408847.0,1694469834.0,1694469839.0,5.0,,19.0,51.0,5.0,10.0,256320311.0,19.0,567950764.0,poseidon,condorpool,poseidon-worker-2-container-36-39,unzip,/usr/bin/gunzip,,4.4,0,0,,,,,,,,,
unzip_ID0000071,None,compute,0,1694469759.0,,,1694469764.0,1694469784.0,1694469793.0,28061144.0,1694469782.0,1694469824.0,1694469805.0,1694469817.0,47546563.0,1694469824.0,1694469829.0,5.0,,18.0,42.0,5.0,9.0,240896692.0,12.0,539506600.0,poseidon,condorpool,poseidon-worker-1-container-36-39,unzip,/usr/bin/gunzip,,4.2,0,0,,,,,,,,,
unzip_ID0000051,None,compute,0,1694469759.0,,,1694469764.0,1694469785.0,1694469792.0,34079797.0,1694469783.0,1694469824.0,1694469805.0,1694469816.0,49420128.0,1694469824.0,1694469829.0,5.0,,19.0,41.0,5.0,7.0,239630266.0,11.0,544301296.0,poseidon,condorpool,poseidon-worker-1-container-16-19,unzip,/usr/bin/gunzip,,4.2,0,0,,,,,,,,,
unzip_ID0000026,None,compute,0,1694469759.0,,,1694469764.0,1694469787.0,1694469795.0,27254755.0,1694469785.0,1694469834.0,1694469808.0,1694469826.0,29084226.0,1694469834.0,1694469839.0,5.0,,21.0,49.0,5.0,8.0,227963832.0,18.0,523917888.0,poseidon,condorpool,poseidon-worker-2-container-8-11,unzip,/usr/bin/gunzip,,4.0,0,0,,,,,,,,,
unzip_ID0000091,None,compute,0,1694469759.0,,,1694469764.0,1694469784.0,1694469792.0,31605133.0,1694469782.0,1694469824.0,1694469804.0,1694469814.0,56281739.0,1694469824.0,1694469829.0,5.0,,18.0,42.0,5.0,8.0,246447087.0,10.0,539109992.0,poseidon,condorpool,poseidon-worker-2-container-24-27,unzip,/usr/bin/gunzip,,4.2,0,0,,,,,,,,,
unzip_ID0000096,None,compute,0,1694469759.0,,,1694469764.0,1694469784.0,1694469793.0,27304212.0,1694469783.0,1694469829.0,1694469806.0,1694469820.0,38960755.0,1694469829.0,1694469834.0,5.0,,19.0,46.0,5.0,9.0,240753402.0,14.0,524013876.0,poseidon,condorpool,poseidon-worker-1-container-20-23,unzip,/usr/bin/gunzip,,4.2,0,0,,,,,,,,,
unzip_ID0000081,None,compute,0,1694469759.0,,,1694469764.0,1694469786.0,1694469793.0,34644042.0,1694469784.0,1694469824.0,1694469805.0,1694469817.0,47226018.0,1694469824.0,1694469829.0,5.0,,20.0,40.0,5.0,7.0,245619741.0,12.0,543190672.0,poseidon,condorpool,poseidon-worker-1-container-44-47,unzip,/usr/bin/gunzip,,4.2,0,0,,,,,,,,,
unzip_ID0000061,None,compute,0,1694469759.0,,,1694469764.0,1694469785.0,1694469794.0,24755861.0,1694469783.0,1694469834.0,1694469807.0,1694469826.0,29013677.0,1694469834.0,1694469839.0,5.0,,19.0,51.0,5.0,9.0,240463185.0,19.0,541945820.0,poseidon,condorpool,poseidon-worker-1-container-0-3,unzip,/usr/bin/gunzip,,4.1,0,0,,,,,,,,,
unzip_ID0000001,cpu_3,compute,0,1694469759.0,,,1694469764.0,1694469784.0,1694469794.0,24748777.0,1694469782.0,1694469834.0,1694469807.0,1694469824.0,32835388.0,1694469834.0,1694469839.0,5.0,,18.0,52.0,5.0,10.0,232473216.0,17.0,561354992.0,poseidon,condorpool,poseidon-worker-1-container-32-35,unzip,/usr/bin/gunzip,,4.2,0,0,,,,,,,,,
unzip_ID0000121,cpu_3,compute,0,1694469759.0,,,1694469764.0,1694469785.0,1694469794.0,26967416.0,1694469783.0,1694469839.0,1694469815.0,1694469831.0,33729140.0,1694469839.0,1694469844.0,5.0,,19.0,56.0,5.0,9.0,250860096.0,16.0,550782944.0,poseidon,condorpool,poseidon-worker-1-container-40-43,unzip,/usr/bin/gunzip,,5.5,0,0,,,,,,,,,
unzip_ID0000041,None,compute,0,1694469759.0,,,1694469764.0,1694469785.0,1694469794.0,28259450.0,1694469783.0,1694469829.0,1694469806.0,1694469822.0,35595523.0,1694469829.0,1694469834.0,5.0,,19.0,46.0,5.0,9.0,238944758.0,16.0,540768928.0,poseidon,condorpool,poseidon-worker-1-container-28-31,unzip,/usr/bin/gunzip,,4.0,0,0,,,,,,,,,
unzip_ID0000021,None,compute,0,1694469759.0,,,1694469764.0,1694469784.0,1694469792.0,29207182.0,1694469783.0,1694469824.0,1694469805.0,1694469815.0,51847285.0,1694469824.0,1694469829.0,5.0,,19.0,41.0,5.0,8.0,235136662.0,10.0,539178100.0,poseidon,condorpool,poseidon-worker-2-container-40-43,unzip,/usr/bin/gunzip,,4.1,0,0,,,,,,,,,
unzip_ID0000086,None,compute,0,1694469759.0,,,1694469764.0,1694469784.0,1694469791.0,35817661.0,1694469783.0,1694469819.0,1694469803.0,1694469812.0,55343654.0,1694469819.0,1694469824.0,5.0,,19.0,36.0,5.0,7.0,234836668.0,9.0,518838800.0,poseidon,condorpool,poseidon-worker-2-container-44-47,unzip,/usr/bin/gunzip,,4.0,0,0,,,,,,,,,
unzip_ID0000016,None,compute,0,1694469759.0,,,1694469764.0,1694469784.0,1694469794.0,22392279.0,1694469782.0,1694469834.0,1694469808.0,1694469826.0,28731784.0,1694469834.0,1694469839.0,5.0,,18.0,52.0,5.0,10.0,225238888.0,18.0,523826084.0,poseidon,condorpool,poseidon-worker-2-container-32-35,unzip,/usr/bin/gunzip,,4.0,0,0,,,,,,,,,
unzip_ID0000036,None,compute,0,1694469759.0,,,1694469764.0,1694469784.0,1694469793.0,26526664.0,1694469782.0,1694469829.0,1694469806.0,1694469820.0,36653505.0,1694469829.0,1694469834.0,5.0,,18.0,47.0,5.0,9.0,232020704.0,14.0,526952240.0,poseidon,condorpool,poseidon-worker-1-container-24-27,unzip,/usr/bin/gunzip,,4.1,0,0,,,,,,,,,
unzip_ID0000116,None,compute,0,1694469759.0,,,1694469764.0,1694469785.0,1694469793.0,31618844.0,1694469784.0,1694469824.0,1694469806.0,1694469818.0,42953676.0,1694469824.0,1694469829.0,5.0,,20.0,40.0,5.0,8.0,249255741.0,12.0,520850676.0,poseidon,condorpool,poseidon-worker-2-container-28-31,unzip,/usr/bin/gunzip,,4.2,0,0,,,,,,,,,
unzip_ID0000066,None,compute,0,1694469759.0,,,1694469764.0,1694469784.0,1694469791.0,32788579.0,1694469782.0,1694469819.0,1694469804.0,1694469813.0,56013837.0,1694469819.0,1694469824.0,5.0,,18.0,37.0,5.0,7.0,232031705.0,9.0,523661496.0,poseidon,condorpool,poseidon-worker-1-container-4-7,unzip,/usr/bin/gunzip,,4.0,0,0,,,,,,,,,
um_vel_ID0000067,None,compute,0,1694469824.0,,,1694469829.0,1694469832.0,1694469852.0,46699872.5,1694469830.0,1694469874.0,1694469861.0,1694469864.0,172898.0,1694469874.0,1694469879.0,5.0,,1.0,44.0,5.0,20.0,700248248.0,3.0,556900.0,poseidon,condorpool,poseidon-worker-1-container-44-47,um_vel,/opt/UM_VEL/UM_VEL,,1.7,0,0,,,,,,,,,
um_vel_ID0000087,None,compute,0,1694469824.0,,,1694469829.0,1694469832.0,1694469851.0,49192053.5,1694469830.0,1694469874.0,1694469860.0,1694469863.0,171439.0,1694469874.0,1694469879.0,5.0,,1.0,44.0,5.0,19.0,695425552.0,3.0,556900.0,poseidon,condorpool,poseidon-worker-1-container-12-15,um_vel,/opt/UM_VEL/UM_VEL,,1.7,0,0,,,,,,,,,
um_vel_ID0000127,None,compute,0,1694469829.0,,,1694469834.0,1694469837.0,1694469855.0,58014852.9,1694469835.0,1694469874.0,1694469863.0,1694469867.0,175977.0,1694469874.0,1694469879.0,5.0,,1.0,39.0,5.0,18.0,697205176.0,4.0,556900.0,poseidon,condorpool,poseidon-worker-2-container-32-35,um_vel,/opt/UM_VEL/UM_VEL,,1.7,0,0,,,,,,,,,
um_vel_ID0000092,None,compute,0,1694469829.0,,,1694469834.0,1694469837.0,1694469856.0,52012617.3,1694469835.0,1694469874.0,1694469865.0,1694469868.0,173805.0,1694469874.0,1694469879.0,5.0,,1.0,39.0,5.0,19.0,715696744.0,3.0,556900.0,poseidon,condorpool,poseidon-worker-2-container-0-3,um_vel,/opt/UM_VEL/UM_VEL,,1.7,0,0,,,,,,,,,
um_vel_ID0000082,None,compute,0,1694469829.0,,,1694469834.0,1694469837.0,1694469856.0,56648960.5,1694469835.0,1694469874.0,1694469865.0,1694469868.0,172471.0,1694469874.0,1694469879.0,5.0,,1.0,39.0,5.0,19.0,719777424.0,3.0,556900.0,poseidon,condorpool,poseidon-worker-1-container-20-23,um_vel,/opt/UM_VEL/UM_VEL,,1.8,0,0,,,,,,,,,
um_vel_ID0000072,None,compute,0,1694469829.0,,,1694469834.0,1694469837.0,1694469856.0,56507069.9,1694469835.0,1694469874.0,1694469865.0,1694469868.0,172456.0,1694469874.0,1694469879.0,5.0,,1.0,39.0,5.0,19.0,716093352.0,3.0,556900.0,poseidon,condorpool,poseidon-worker-1-container-4-7,um_vel,/opt/UM_VEL/UM_VEL,,1.7,0,0,,,,,,,,,
um_vel_ID0000052,None,compute,0,1694469829.0,,,1694469834.0,1694469837.0,1694469858.0,48639824.1,1694469835.0,1694469879.0,1694469867.0,1694469870.0,175499.0,1694469879.0,1694469884.0,5.0,,1.0,44.0,5.0,21.0,720888048.0,3.0,556900.0,poseidon,condorpool,poseidon-worker-1-container-0-3,um_vel,/opt/UM_VEL/UM_VEL,,1.8,0,0,,,,,,,,,
um_vel_ID0000022,None,compute,0,1694469829.0,,,1694469834.0,1694469837.0,1694469856.0,53881464.0,1694469835.0,1694469874.0,1694469865.0,1694469868.0,174427.0,1694469874.0,1694469879.0,5.0,,1.0,39.0,5.0,19.0,715764852.0,3.0,556900.0,poseidon,condorpool,poseidon-worker-2-container-44-47,um_vel,/opt/UM_VEL/UM_VEL,,1.8,0,0,,,,,,,,,
um_vel_ID0000117,None,compute,0,1694469829.0,,,1694469834.0,1694469837.0,1694469856.0,54320874.2,1694469835.0,1694469874.0,1694469865.0,1694469868.0,173105.0,1694469874.0,1694469879.0,5.0,,1.0,39.0,5.0,19.0,697437428.0,3.0,556900.0,poseidon,condorpool,poseidon-worker-1-container-28-31,um_vel,/opt/UM_VEL/UM_VEL,,1.7,0,0,,,,,,,,,
um_vel_ID0000097,cpu_3,compute,0,1694469834.0,,,1694469839.0,1694469843.0,1694469863.0,49358944.9,1694469840.0,1694469884.0,1694469874.0,1694469877.0,170380.0,1694469884.0,1694469889.0,5.0,,1.0,44.0,5.0,20.0,700600628.0,3.0,556900.0,poseidon,condorpool,poseidon-worker-1-container-40-43,um_vel,/opt/UM_VEL/UM_VEL,,1.7,0,0,,,,,,,,,
um_vel_ID0000077,cpu_3,compute,0,1694469834.0,,,1694469839.0,1694469842.0,1694469860.0,54520149.0,1694469840.0,1694469879.0,1694469869.0,1694469872.0,179497.0,1694469879.0,1694469884.0,5.0,,1.0,39.0,5.0,18.0,700529596.0,3.0,556900.0,poseidon,condorpool,poseidon-worker-1-container-32-35,um_vel,/opt/UM_VEL/UM_VEL,,1.7,0,0,,,,,,,,,
um_vel_ID0000042,None,compute,0,1694469834.0,,,1694469839.0,1694469841.0,1694469864.0,42971483.0,1694469840.0,1694469884.0,1694469872.0,1694469876.0,179074.0,1694469884.0,1694469889.0,5.0,,1.0,44.0,5.0,23.0,717355680.0,4.0,556900.0,poseidon,condorpool,poseidon-worker-2-container-12-15,um_vel,/opt/UM_VEL/UM_VEL,,1.6,0,0,,,,,,,,,
um_vel_ID0000032,cpu_3,compute,0,1694469834.0,,,1694469839.0,1694469843.0,1694469864.0,47721196.9,1694469840.0,1694469884.0,1694469875.0,1694469878.0,174481.0,1694469884.0,1694469889.0,5.0,,1.0,44.0,5.0,21.0,716025504.0,3.0,556900.0,poseidon,condorpool,poseidon-worker-1-container-40-43,um_vel,/opt/UM_VEL/UM_VEL,,1.7,0,0,,,,,,,,,
um_vel_ID0000037,None,compute,0,1694469834.0,,,1694469839.0,1694469841.0,1694469864.0,41393638.5,1694469840.0,1694469884.0,1694469873.0,1694469876.0,178523.0,1694469884.0,1694469889.0,5.0,,1.0,44.0,5.0,23.0,703538992.0,3.0,556900.0,poseidon,condorpool,poseidon-worker-2-container-20-23,um_vel,/opt/UM_VEL/UM_VEL,,1.7,0,0,,,,,,,,,
um_vel_ID0000027,None,compute,0,1694469839.0,,,1694469844.0,1694469847.0,1694469868.0,46601629.4,1694469845.0,1694469889.0,1694469876.0,1694469879.0,175449.0,1694469889.0,1694469894.0,5.0,,1.0,44.0,5.0,21.0,700504640.0,3.0,556900.0,poseidon,condorpool,poseidon-worker-1-container-8-11,um_vel,/opt/UM_VEL/UM_VEL,,1.7,0,0,,,,,,,,,
um_vel_ID0000102,None,compute,0,1694469839.0,,,1694469844.0,1694469847.0,1694469868.0,50139429.2,1694469845.0,1694469889.0,1694469876.0,1694469879.0,176367.0,1694469889.0,1694469894.0,5.0,,1.0,44.0,5.0,21.0,738138396.0,3.0,556900.0,poseidon,condorpool,poseidon-worker-1-container-24-27,um_vel,/opt/UM_VEL/UM_VEL,,1.7,0,0,,,,,,,,,
um_vel_ID0000047,None,compute,0,1694469839.0,,,1694469844.0,1694469847.0,1694469868.0,47339822.4,1694469845.0,1694469889.0,1694469876.0,1694469879.0,171597.0,1694469889.0,1694469894.0,5.0,,1.0,44.0,5.0,21.0,700441980.0,3.0,556900.0,poseidon,condorpool,poseidon-worker-2-container-28-31,um_vel,/opt/UM_VEL/UM_VEL,,1.7,0,0,,,,,,,,,
um_vel_ID0000107,None,compute,0,1694469839.0,,,1694469844.0,1694469848.0,1694469866.0,52109006.2,1694469846.0,1694469884.0,1694469875.0,1694469878.0,176347.0,1694469884.0,1694469889.0,5.0,,2.0,38.0,5.0,18.0,678408568.0,3.0,556900.0,poseidon,condorpool,poseidon-worker-2-container-40-43,um_vel,/opt/UM_VEL/UM_VEL,,1.7,0,0,,,,,,,,,
um_vel_ID0000112,None,compute,0,1694469839.0,,,1694469844.0,1694469848.0,1694469868.0,48785263.0,1694469846.0,1694469889.0,1694469877.0,1694469880.0,174897.0,1694469889.0,1694469894.0,5.0,,2.0,43.0,5.0,20.0,744537516.0,3.0,556900.0,poseidon,condorpool,poseidon-worker-1-container-44-47,um_vel,/opt/UM_VEL/UM_VEL,,1.8,0,0,,,,,,,,,
um_vel_ID0000057,None,compute,0,1694469839.0,,,1694469844.0,1694469847.0,1694469866.0,54782812.2,1694469845.0,1694469884.0,1694469874.0,1694469878.0,174982.0,1694469884.0,1694469889.0,5.0,,1.0,39.0,5.0,19.0,704613528.0,4.0,556900.0,poseidon,condorpool,poseidon-worker-2-container-8-11,um_vel,/opt/UM_VEL/UM_VEL,,1.8,0,0,,,,,,,,,
um_vel_ID0000062,None,compute,0,1694469839.0,,,1694469844.0,1694469847.0,1694469867.0,48864537.1,1694469845.0,1694469889.0,1694469876.0,1694469879.0,170205.0,1694469889.0,1694469894.0,5.0,,1.0,44.0,5.0,20.0,718532572.0,3.0,556900.0,poseidon,condorpool,poseidon-worker-1-container-16-19,um_vel,/opt/UM_VEL/UM_VEL,,1.7,0,0,,,,,,,,,
um_vel_ID0000002,None,compute,0,1694469839.0,,,1694469844.0,1694469847.0,1694469869.0,46522808.3,1694469845.0,1694469889.0,1694469877.0,1694469880.0,173526.0,1694469889.0,1694469894.0,5.0,,1.0,44.0,5.0,22.0,737941744.0,3.0,556900.0,poseidon,condorpool,poseidon-worker-2-container-36-39,um_vel,/opt/UM_VEL/UM_VEL,,1.8,0,0,,,,,,,,,
um_vel_ID0000012,None,compute,0,1694469839.0,,,1694469844.0,1694469847.0,1694469868.0,47823201.7,1694469845.0,1694469889.0,1694469877.0,1694469880.0,176163.0,1694469889.0,1694469894.0,5.0,,1.0,44.0,5.0,21.0,741792672.0,3.0,556900.0,poseidon,condorpool,poseidon-worker-2-container-4-7,um_vel,/opt/UM_VEL/UM_VEL,,1.8,0,0,,,,,,,,,
um_vel_ID0000017,None,compute,0,1694469839.0,,,1694469844.0,1694469847.0,1694469867.0,50818756.9,1694469845.0,1694469884.0,1694469875.0,1694469878.0,174442.0,1694469884.0,1694469889.0,5.0,,1.0,39.0,5.0,20.0,700412836.0,3.0,556900.0,poseidon,condorpool,poseidon-worker-2-container-24-27,um_vel,/opt/UM_VEL/UM_VEL,,1.6,0,0,,,,,,,,,
stage_out_local_condorpool_0_0,None,transfer,0,1694469844.0,,,1694469849.0,,,0.0,1694469850.0,1694469884.0,,,0.0,1694469884.0,1694469889.0,5.0,,1.0,34.0,5.0,,,,,poseidon,local,poseidon-submit,pegasus::transfer,/mnt/poseidon-data/poseidon/pegasus-5.1.0panorama/bin/pegasus-transfer,/home/poseidon/pegasus-5.1.0panorama/bin/../bin/pegasus-kickstart  -n pegasus::transfer -N null -i - -R local  -L casa-wind-full -T 2023-09-08T07:29:05+00:00 /home/poseidon/pegasus-5.1.0panorama/bin/../bin/pegasus-transfer  --threads 2,36.0,0,0,,,,,,,,,
stage_out_local_condorpool_0_1,None,transfer,0,1694469844.0,,,1694469849.0,,,0.0,1694469850.0,1694469884.0,,,0.0,1694469884.0,1694469889.0,5.0,,1.0,34.0,5.0,,,,,poseidon,local,poseidon-submit,pegasus::transfer,/mnt/poseidon-data/poseidon/pegasus-5.1.0panorama/bin/pegasus-transfer,/home/poseidon/pegasus-5.1.0panorama/bin/../bin/pegasus-kickstart  -n pegasus::transfer -N null -i - -R local  -L casa-wind-full -T 2023-09-08T07:29:05+00:00 /home/poseidon/pegasus-5.1.0panorama/bin/../bin/pegasus-transfer  --threads 2,35.2,0,0,,,,,,,,,
stage_out_local_condorpool_0_2,None,transfer,0,1694469844.0,,,1694469849.0,,,0.0,1694469850.0,1694469884.0,,,0.0,1694469884.0,1694469889.0,5.0,,1.0,34.0,5.0,,,,,poseidon,local,poseidon-submit,pegasus::transfer,/mnt/poseidon-data/poseidon/pegasus-5.1.0panorama/bin/pegasus-transfer,/home/poseidon/pegasus-5.1.0panorama/bin/../bin/pegasus-kickstart  -n pegasus::transfer -N null -i - -R local  -L casa-wind-full -T 2023-09-08T07:29:05+00:00 /home/poseidon/pegasus-5.1.0panorama/bin/../bin/pegasus-transfer  --threads 2,36.0,0,0,,,,,,,,,
um_vel_ID0000122,None,compute,0,1694469844.0,,,1694469849.0,1694469872.0,1694469890.0,55956524.8,1694469870.0,1694469909.0,1694469899.0,1694469902.0,174320.0,1694469909.0,1694469914.0,5.0,,21.0,39.0,5.0,18.0,727369696.0,3.0,556900.0,poseidon,condorpool,poseidon-worker-1-container-44-47,um_vel,/opt/UM_VEL/UM_VEL,,1.8,0,0,,,,,,,,,
um_vel_ID0000007,None,compute,0,1694469844.0,,,1694469849.0,1694469852.0,1694469870.0,54102078.7,1694469850.0,1694469889.0,1694469879.0,1694469882.0,177758.0,1694469889.0,1694469894.0,5.0,,1.0,39.0,5.0,18.0,678203340.0,3.0,556900.0,poseidon,condorpool,poseidon-worker-2-container-16-19,um_vel,/opt/UM_VEL/UM_VEL,,1.6,0,0,,,,,,,,,
mvt_ID0000074,None,compute,0,1694469879.0,,,1694469884.0,1694469887.0,1694469899.0,28265870.7,1694469886.0,1694469955.0,1694469945.0,1694469948.0,12795.0,1694469955.0,1694469960.0,5.0,,2.0,69.0,5.0,12.0,177143652.0,3.0,38855.0,poseidon,condorpool,poseidon-worker-2-container-12-15,mvt,/opt/mvt/mvt,,40.1,0,0,0.0,795680.0,20480.0,443.0,5.0,39.9,0.1,19892.0,1024.0
mvt_ID0000069,None,compute,0,1694469879.0,,,1694469884.0,1694469887.0,1694469898.0,35010984.8,1694469885.0,1694469955.0,1694469944.0,1694469947.0,11390.0,1694469955.0,1694469960.0,5.0,,1.0,70.0,5.0,11.0,177143652.0,3.0,35309.0,poseidon,condorpool,poseidon-worker-1-container-12-15,mvt,/opt/mvt/mvt,,40.2,0,0,0.0,792932.0,16384.0,437.0,4.0,39.9,0.1,19823.3,819.2
mvt_ID0000094,None,compute,0,1694469879.0,,,1694469884.0,1694469887.0,1694469898.0,34190996.8,1694469886.0,1694469955.0,1694469944.0,1694469947.0,16894.0,1694469955.0,1694469960.0,5.0,,2.0,69.0,5.0,11.0,177143652.0,3.0,52407.0,poseidon,condorpool,poseidon-worker-2-container-40-43,mvt,/opt/mvt/mvt,,40.1,0,0,0.0,795680.0,28672.0,443.0,7.0,39.9,0.1,19892.0,1433.6
post_vel_ID0000093,None,compute,0,1694469879.0,,,1694469884.0,1694469887.0,1694469899.0,29471345.7,1694469885.0,1694469914.0,1694469904.0,1694469907.0,4275.0,1694469914.0,1694469920.0,5.0,,1.0,29.0,6.0,12.0,177143937.0,3.0,13303.0,poseidon,condorpool,poseidon-worker-2-container-20-23,post_vel,/opt/netcdf2png/merged_netcdf2png,,0.1,0,0,,,,,,,,,
mvt_ID0000119,None,compute,0,1694469879.0,,,1694469884.0,1694469887.0,1694469899.0,29444906.0,1694469885.0,1694469955.0,1694469944.0,1694469947.0,21246.0,1694469955.0,1694469960.0,5.0,,1.0,70.0,5.0,12.0,177143652.0,3.0,65525.0,poseidon,condorpool,poseidon-worker-1-container-44-47,mvt,/opt/mvt/mvt,,39.7,0,0,0.0,829027.0,36864.0,509.0,9.0,29.9,0.1,27634.2,3686.4
post_vel_ID0000118,None,compute,0,1694469879.0,,,1694469884.0,1694469887.0,1694469898.0,34967576.6,1694469885.0,1694469914.0,1694469903.0,1694469906.0,4650.0,1694469914.0,1694469920.0,5.0,,1.0,29.0,6.0,11.0,177143937.0,3.0,14402.0,poseidon,condorpool,poseidon-worker-2-container-32-35,post_vel,/opt/netcdf2png/merged_netcdf2png,,0.1,0,0,,,,,,,,,
mvt_ID0000089,None,compute,0,1694469879.0,,,1694469884.0,1694469887.0,1694469898.0,34390007.4,1694469886.0,1694469955.0,1694469944.0,1694469947.0,15561.0,1694469955.0,1694469960.0,5.0,,2.0,69.0,5.0,11.0,177143652.0,3.0,48475.0,poseidon,condorpool,poseidon-worker-2-container-44-47,mvt,/opt/mvt/mvt,,40.1,0,0,0.0,794295.0,24576.0,440.0,6.0,39.9,0.1,19857.4,2457.6
post_vel_ID0000088,None,compute,0,1694469879.0,,,1694469884.0,1694469887.0,1694469899.0,26870932.8,1694469885.0,1694469914.0,1694469904.0,1694469907.0,4110.0,1694469914.0,1694469920.0,5.0,,1.0,29.0,6.0,12.0,177143937.0,3.0,12740.0,poseidon,condorpool,poseidon-worker-1-container-0-3,post_vel,/opt/netcdf2png/merged_netcdf2png,,0.1,0,0,,,,,,,,,
mvt_ID0000024,None,compute,0,1694469879.0,,,1694469884.0,1694469887.0,1694469898.0,29151785.4,1694469885.0,1694469955.0,1694469943.0,1694469946.0,9906.0,1694469955.0,1694469960.0,5.0,,1.0,70.0,5.0,11.0,177143652.0,3.0,30705.0,poseidon,condorpool,poseidon-worker-1-container-4-7,mvt,/opt/mvt/mvt,,39.6,0,0,0.0,789058.0,16384.0,422.0,4.0,29.9,0.1,26301.9,819.2
post_vel_ID0000023,cpu_3,compute,0,1694469879.0,,,1694469884.0,1694469888.0,1694469900.0,33729427.8,1694469885.0,1694469914.0,1694469905.0,1694469908.0,3695.0,1694469914.0,1694469920.0,5.0,,1.0,29.0,6.0,12.0,177143937.0,3.0,11372.0,poseidon,condorpool,poseidon-worker-1-container-40-43,post_vel,/opt/netcdf2png/merged_netcdf2png,,0.1,0,0,,,,,,,,,
post_vel_ID0000073,cpu_3,compute,0,1694469879.0,,,1694469884.0,1694469887.0,1694469899.0,28146958.7,1694469885.0,1694469914.0,1694469905.0,1694469908.0,3836.0,1694469914.0,1694469920.0,5.0,,1.0,29.0,6.0,12.0,177143937.0,3.0,11825.0,poseidon,condorpool,poseidon-worker-1-container-32-35,post_vel,/opt/netcdf2png/merged_netcdf2png,,0.1,0,0,,,,,,,,,
mvt_ID0000129,None,compute,0,1694469879.0,,,1694469884.0,1694469886.0,1694469897.0,33813074.4,1694469884.0,1694469955.0,1694469942.0,1694469945.0,21003.0,1694469955.0,1694469960.0,5.0,,0.0,71.0,5.0,11.0,177143652.0,3.0,64489.0,poseidon,condorpool,poseidon-worker-2-container-24-27,mvt,/opt/mvt/mvt,,40.1,0,0,0.0,792923.0,36864.0,437.0,9.0,39.9,0.1,19823.1,3686.4
post_vel_ID0000128,cpu_3,compute,0,1694469879.0,,,1694469884.0,1694469888.0,1694469900.0,26571960.0,1694469884.0,1694469915.0,1694469905.0,1694469908.0,4738.0,1694469915.0,1694469920.0,5.0,,0.0,31.0,5.0,12.0,177143937.0,3.0,14512.0,poseidon,condorpool,poseidon-worker-1-container-40-43,post_vel,/opt/netcdf2png/merged_netcdf2png,,0.1,0,0,,,,,,,,,
post_vel_ID0000083,None,compute,0,1694469879.0,,,1694469884.0,1694469887.0,1694469898.0,35216631.2,1694469885.0,1694469914.0,1694469904.0,1694469907.0,4097.0,1694469914.0,1694469920.0,5.0,,1.0,29.0,6.0,11.0,177143937.0,3.0,12720.0,poseidon,condorpool,poseidon-worker-1-container-28-31,post_vel,/opt/netcdf2png/merged_netcdf2png,,0.1,0,0,,,,,,,,,
post_vel_ID0000068,None,compute,0,1694469879.0,,,1694469884.0,1694469887.0,1694469898.0,34681361.6,1694469886.0,1694469914.0,1694469904.0,1694469907.0,3696.0,1694469914.0,1694469920.0,5.0,,2.0,28.0,6.0,11.0,177143937.0,3.0,11398.0,poseidon,condorpool,poseidon-worker-2-container-0-3,post_vel,/opt/netcdf2png/merged_netcdf2png,,0.1,0,0,,,,,,,,,
mvt_ID0000084,None,compute,0,1694469879.0,,,1694469884.0,1694469887.0,1694469898.0,29679679.5,1694469885.0,1694469955.0,1694469943.0,1694469947.0,15447.0,1694469955.0,1694469960.0,5.0,,1.0,70.0,5.0,11.0,177143652.0,4.0,47998.0,poseidon,condorpool,poseidon-worker-1-container-20-23,mvt,/opt/mvt/mvt,,40.3,0,0,0.0,795688.0,24576.0,443.0,6.0,39.8,0.2,19892.2,1228.8
mvt_ID0000054,None,compute,0,1694469884.0,,,1694469889.0,1694469892.0,1694469903.0,33471298.6,1694469890.0,1694469960.0,1694469948.0,1694469952.0,9339.0,1694469960.0,1694469965.0,5.0,,1.0,70.0,5.0,11.0,177143652.0,4.0,28552.0,poseidon,condorpool,poseidon-worker-1-container-16-19,mvt,/opt/mvt/mvt,,39.8,0,0,0.0,789143.0,12288.0,422.0,3.0,29.9,0.1,26304.8,1228.8
post_vel_ID0000053,None,compute,0,1694469884.0,,,1694469889.0,1694469892.0,1694469903.0,35096059.6,1694469890.0,1694469920.0,1694469908.0,1694469912.0,3293.0,1694469920.0,1694469925.0,5.0,,1.0,30.0,5.0,11.0,177143937.0,4.0,11004.0,poseidon,condorpool,poseidon-worker-2-container-4-7,post_vel,/opt/netcdf2png/merged_netcdf2png,,0.1,0,0,,,,,,,,,
mvt_ID0000079,None,compute,0,1694469884.0,,,1694469889.0,1694469892.0,1694469903.0,33593163.4,1694469890.0,1694469960.0,1694469949.0,1694469952.0,14763.0,1694469960.0,1694469965.0,5.0,,1.0,70.0,5.0,11.0,177143652.0,3.0,45337.0,poseidon,condorpool,poseidon-worker-1-container-24-27,mvt,/opt/mvt/mvt,,39.8,0,0,0.0,789141.0,24576.0,422.0,6.0,29.9,0.1,26304.7,1228.8
post_vel_ID0000078,None,compute,0,1694469884.0,,,1694469889.0,1694469892.0,1694469903.0,34964251.8,1694469890.0,1694469920.0,1694469908.0,1694469912.0,3686.0,1694469920.0,1694469925.0,5.0,,1.0,30.0,5.0,11.0,177143937.0,4.0,12264.0,poseidon,condorpool,poseidon-worker-2-container-8-11,post_vel,/opt/netcdf2png/merged_netcdf2png,,0.1,0,0,,,,,,,,,
post_vel_ID0000058,cpu_3,compute,0,1694469889.0,,,1694469894.0,1694469912.0,1694469925.0,24777303.3,1694469910.0,1694469940.0,1694469930.0,1694469933.0,3556.0,1694469940.0,1694469945.0,5.0,,16.0,30.0,5.0,13.0,177143937.0,3.0,10981.0,poseidon,condorpool,poseidon-worker-1-container-32-35,post_vel,/opt/netcdf2png/merged_netcdf2png,,0.1,0,0,,,,,,,,,
mvt_ID0000059,None,compute,0,1694469889.0,,,1694469894.0,1694469912.0,1694469924.0,27733219.7,1694469910.0,1694469980.0,1694469969.0,1694469973.0,9115.0,1694469980.0,1694469985.0,5.0,,16.0,70.0,5.0,12.0,177143652.0,4.0,28164.0,poseidon,condorpool,poseidon-worker-1-container-4-7,mvt,/opt/mvt/mvt,,39.8,0,0,0.0,822010.0,12288.0,494.0,3.0,29.9,0.1,27400.3,1228.8
register_condorpool_0_1,None,auxiliary,0,1694469889.0,,,1694469894.0,,,0.0,1694469895.0,1694469899.0,,,0.0,1694469899.0,1694469904.0,5.0,,1.0,4.0,5.0,,,,,poseidon,local,poseidon-submit,pegasus::rc-client,/mnt/poseidon-data/poseidon/pegasus-5.1.0panorama/bin/pegasus-rc-client,"-n pegasus::rc-client -N null -R local  -L casa-wind-full -T 2023-09-08T07:29:05+00:00 /home/poseidon/pegasus-5.1.0panorama/bin/pegasus-rc-client --prefix pegasus.catalog.replica.output --conf /mnt/poseidon-data/poseidon/workflows/casa-wind-workflow-full/submit/poseidon/pegasus/casa-wind-full/run0398/pegasus.10424050230683689256.properties -v --meta /mnt/poseidon-data/poseidon/workflows/casa-wind-workflow-full/submit/poseidon/pegasus/casa-wind-full/run0398/00/00/unzip_ID0000026.meta,/mnt/poseidon-data/poseidon/workflows/casa-wind-workflow-full/submit/poseidon/pegasus/casa-wind-full/run0398/00/00/unzip_ID0000061.meta,/mnt/poseidon-data/poseidon/workflows/casa-wind-workflow-full/submit/poseidon/pegasus/casa-wind-full/run0398/00/00/unzip_ID0000071.meta,/mnt/poseidon-data/poseidon/workflows/casa-wind-workflow-full/submit/poseidon/pegasus/casa-wind-full/run0398/00/00/unzip_ID0000041.meta,/mnt/poseidon-data/poseidon/workflows/casa-wind-workflow-full/submit/poseidon/pegasus/casa-wind-full/run0398/00/00/unzip_ID0000016.meta,/mnt/poseidon-data/poseidon/workflows/casa-wind-workflow-full/submit/poseidon/pegasus/casa-wind-full/run0398/00/00/unzip_ID0000111.meta,/mnt/poseidon-data/poseidon/workflows/casa-wind-workflow-full/submit/poseidon/pegasus/casa-wind-full/run0398/00/00/unzip_ID0000011.meta,/mnt/poseidon-data/poseidon/workflows/casa-wind-workflow-full/submit/poseidon/pegasus/casa-wind-full/run0398/00/00/unzip_ID0000081.meta,/mnt/poseidon-data/poseidon/workflows/casa-wind-workflow-full/submit/poseidon/pegasus/casa-wind-full/run0398/00/00/unzip_ID0000066.meta,/mnt/poseidon-data/poseidon/workflows/casa-wind-workflow-full/submit/poseidon/pegasus/casa-wind-full/run0398/00/00/unzip_ID0000096.meta,/mnt/poseidon-data/poseidon/workflows/casa-wind-workflow-full/submit/poseidon/pegasus/casa-wind-full/run0398/00/00/unzip_ID0000051.meta,/mnt/poseidon-data/poseidon/workflows/casa-wind-workflow-full/submit/poseidon/pegasus/casa-wind-full/run0398/00/00/unzip_ID0000031.meta,/mnt/poseidon-data/poseidon/workflows/casa-wind-workflow-full/submit/poseidon/pegasus/casa-wind-full/run0398/00/00/unzip_ID0000116.meta,/mnt/poseidon-data/poseidon/workflows/casa-wind-workflow-full/submit/poseidon/pegasus/casa-wind-full/run0398/00/00/unzip_ID0000101.meta,/mnt/poseidon-data/poseidon/workflows/casa-wind-workflow-full/submit/poseidon/pegasus/casa-wind-full/run0398/00/00/unzip_ID0000121.meta,/mnt/poseidon-data/poseidon/workflows/casa-wind-workflow-full/submit/poseidon/pegasus/casa-wind-full/run0398/00/00/unzip_ID0000106.meta,/mnt/poseidon-data/poseidon/workflows/casa-wind-workflow-full/submit/poseidon/pegasus/casa-wind-full/run0398/00/00/unzip_ID0000046.meta,/mnt/poseidon-data/poseidon/workflows/casa-wind-workflow-full/submit/poseidon/pegasus/casa-wind-full/run0398/00/00/unzip_ID0000076.meta,/mnt/poseidon-data/poseidon/workflows/casa-wind-workflow-full/submit/poseidon/pegasus/casa-wind-full/run0398/00/00/unzip_ID0000056.meta,/mnt/poseidon-data/poseidon/workflows/casa-wind-workflow-full/submit/poseidon/pegasus/casa-wind-full/run0398/00/00/unzip_ID0000021.meta,/mnt/poseidon-data/poseidon/workflows/casa-wind-workflow-full/submit/poseidon/pegasus/casa-wind-full/run0398/00/00/unzip_ID0000086.meta,/mnt/poseidon-data/poseidon/workflows/casa-wind-workflow-full/submit/poseidon/pegasus/casa-wind-full/run0398/00/00/unzip_ID0000126.meta,/mnt/poseidon-data/poseidon/workflows/casa-wind-workflow-full/submit/poseidon/pegasus/casa-wind-full/run0398/00/00/unzip_ID0000006.meta,/mnt/poseidon-data/poseidon/workflows/casa-wind-workflow-full/submit/poseidon/pegasus/casa-wind-full/run0398/00/00/unzip_ID0000036.meta,/mnt/poseidon-data/poseidon/workflows/casa-wind-workflow-full/submit/poseidon/pegasus/casa-wind-full/run0398/00/00/unzip_ID0000001.meta,/mnt/poseidon-data/poseidon/workflows/casa-wind-workflow-full/submit/poseidon/pegasus/casa-wind-full/run0398/00/00/unzip_ID0000091.meta --insert /mnt/poseidon-data/poseidon/workflows/casa-wind-workflow-full/submit/poseidon/pegasus/casa-wind-full/run0398/00/00/register_condorpool_0_1.in",3.2,0,0,,,,,,,,,
post_vel_ID0000033,None,compute,0,1694469889.0,,,1694469894.0,1694469913.0,1694469924.0,28097086.0,1694469911.0,1694469940.0,1694469930.0,1694469933.0,3697.0,1694469940.0,1694469945.0,5.0,,17.0,29.0,5.0,11.0,177143937.0,3.0,11464.0,poseidon,condorpool,poseidon-worker-2-container-40-43,post_vel,/opt/netcdf2png/merged_netcdf2png,,0.1,0,0,,,,,,,,,
register_condorpool_0_0,None,auxiliary,0,1694469889.0,,,1694469904.0,,,0.0,1694469905.0,1694469909.0,,,0.0,1694469909.0,1694469914.0,15.0,,1.0,4.0,5.0,,,,,poseidon,local,poseidon-submit,pegasus::rc-client,/mnt/poseidon-data/poseidon/pegasus-5.1.0panorama/bin/pegasus-rc-client,"-n pegasus::rc-client -N null -R local  -L casa-wind-full -T 2023-09-08T07:29:05+00:00 /home/poseidon/pegasus-5.1.0panorama/bin/pegasus-rc-client --prefix pegasus.catalog.replica.output --conf /mnt/poseidon-data/poseidon/workflows/casa-wind-workflow-full/submit/poseidon/pegasus/casa-wind-full/run0398/pegasus.10424050230683689256.properties -v --meta /mnt/poseidon-data/poseidon/workflows/casa-wind-workflow-full/submit/poseidon/pegasus/casa-wind-full/run0398/00/00/unzip_ID0000026.meta,/mnt/poseidon-data/poseidon/workflows/casa-wind-workflow-full/submit/poseidon/pegasus/casa-wind-full/run0398/00/00/unzip_ID0000061.meta,/mnt/poseidon-data/poseidon/workflows/casa-wind-workflow-full/submit/poseidon/pegasus/casa-wind-full/run0398/00/00/unzip_ID0000071.meta,/mnt/poseidon-data/poseidon/workflows/casa-wind-workflow-full/submit/poseidon/pegasus/casa-wind-full/run0398/00/00/unzip_ID0000041.meta,/mnt/poseidon-data/poseidon/workflows/casa-wind-workflow-full/submit/poseidon/pegasus/casa-wind-full/run0398/00/00/unzip_ID0000016.meta,/mnt/poseidon-data/poseidon/workflows/casa-wind-workflow-full/submit/poseidon/pegasus/casa-wind-full/run0398/00/00/unzip_ID0000111.meta,/mnt/poseidon-data/poseidon/workflows/casa-wind-workflow-full/submit/poseidon/pegasus/casa-wind-full/run0398/00/00/unzip_ID0000011.meta,/mnt/poseidon-data/poseidon/workflows/casa-wind-workflow-full/submit/poseidon/pegasus/casa-wind-full/run0398/00/00/unzip_ID0000081.meta,/mnt/poseidon-data/poseidon/workflows/casa-wind-workflow-full/submit/poseidon/pegasus/casa-wind-full/run0398/00/00/unzip_ID0000066.meta,/mnt/poseidon-data/poseidon/workflows/casa-wind-workflow-full/submit/poseidon/pegasus/casa-wind-full/run0398/00/00/unzip_ID0000096.meta,/mnt/poseidon-data/poseidon/workflows/casa-wind-workflow-full/submit/poseidon/pegasus/casa-wind-full/run0398/00/00/unzip_ID0000051.meta,/mnt/poseidon-data/poseidon/workflows/casa-wind-workflow-full/submit/poseidon/pegasus/casa-wind-full/run0398/00/00/unzip_ID0000031.meta,/mnt/poseidon-data/poseidon/workflows/casa-wind-workflow-full/submit/poseidon/pegasus/casa-wind-full/run0398/00/00/unzip_ID0000116.meta,/mnt/poseidon-data/poseidon/workflows/casa-wind-workflow-full/submit/poseidon/pegasus/casa-wind-full/run0398/00/00/unzip_ID0000101.meta,/mnt/poseidon-data/poseidon/workflows/casa-wind-workflow-full/submit/poseidon/pegasus/casa-wind-full/run0398/00/00/unzip_ID0000121.meta,/mnt/poseidon-data/poseidon/workflows/casa-wind-workflow-full/submit/poseidon/pegasus/casa-wind-full/run0398/00/00/unzip_ID0000106.meta,/mnt/poseidon-data/poseidon/workflows/casa-wind-workflow-full/submit/poseidon/pegasus/casa-wind-full/run0398/00/00/unzip_ID0000046.meta,/mnt/poseidon-data/poseidon/workflows/casa-wind-workflow-full/submit/poseidon/pegasus/casa-wind-full/run0398/00/00/unzip_ID0000076.meta,/mnt/poseidon-data/poseidon/workflows/casa-wind-workflow-full/submit/poseidon/pegasus/casa-wind-full/run0398/00/00/unzip_ID0000056.meta,/mnt/poseidon-data/poseidon/workflows/casa-wind-workflow-full/submit/poseidon/pegasus/casa-wind-full/run0398/00/00/unzip_ID0000021.meta,/mnt/poseidon-data/poseidon/workflows/casa-wind-workflow-full/submit/poseidon/pegasus/casa-wind-full/run0398/00/00/unzip_ID0000086.meta,/mnt/poseidon-data/poseidon/workflows/casa-wind-workflow-full/submit/poseidon/pegasus/casa-wind-full/run0398/00/00/unzip_ID0000126.meta,/mnt/poseidon-data/poseidon/workflows/casa-wind-workflow-full/submit/poseidon/pegasus/casa-wind-full/run0398/00/00/unzip_ID0000006.meta,/mnt/poseidon-data/poseidon/workflows/casa-wind-workflow-full/submit/poseidon/pegasus/casa-wind-full/run0398/00/00/unzip_ID0000036.meta,/mnt/poseidon-data/poseidon/workflows/casa-wind-workflow-full/submit/poseidon/pegasus/casa-wind-full/run0398/00/00/unzip_ID0000001.meta,/mnt/poseidon-data/poseidon/workflows/casa-wind-workflow-full/submit/poseidon/pegasus/casa-wind-full/run0398/00/00/unzip_ID0000091.meta --insert /mnt/poseidon-data/poseidon/workflows/casa-wind-workflow-full/submit/poseidon/pegasus/casa-wind-full/run0398/00/00/register_condorpool_0_0.in",3.0,0,0,,,,,,,,,
mvt_ID0000109,None,compute,0,1694469889.0,,,1694469894.0,1694469910.0,1694469921.0,34864519.2,1694469909.0,1694469975.0,1694469965.0,1694469968.0,19047.0,1694469975.0,1694469980.0,5.0,,15.0,66.0,5.0,11.0,177143652.0,3.0,59954.0,poseidon,condorpool,poseidon-worker-1-container-44-47,mvt,/opt/mvt/mvt,,38.8,0,0,0.0,845550.0,32768.0,545.0,8.0,29.9,0.0,28185.0,1638.4
post_vel_ID0000108,None,compute,0,1694469889.0,,,1694469894.0,1694469897.0,1694469908.0,35002446.2,1694469895.0,1694469925.0,1694469913.0,1694469916.0,4426.0,1694469925.0,1694469930.0,5.0,,1.0,30.0,5.0,11.0,177143937.0,3.0,13907.0,poseidon,condorpool,poseidon-worker-2-container-16-19,post_vel,/opt/netcdf2png/merged_netcdf2png,,0.1,0,0,,,,,,,,,
register_condorpool_0_2,None,auxiliary,0,1694469889.0,,,1694469945.0,,,0.0,1694469945.0,1694469950.0,,,0.0,1694469950.0,1694469955.0,56.0,,0.0,5.0,5.0,,,,,poseidon,local,poseidon-submit,pegasus::rc-client,/mnt/poseidon-data/poseidon/pegasus-5.1.0panorama/bin/pegasus-rc-client,"-n pegasus::rc-client -N null -R local  -L casa-wind-full -T 2023-09-08T07:29:05+00:00 /home/poseidon/pegasus-5.1.0panorama/bin/pegasus-rc-client --prefix pegasus.catalog.replica.output --conf /mnt/poseidon-data/poseidon/workflows/casa-wind-workflow-full/submit/poseidon/pegasus/casa-wind-full/run0398/pegasus.10424050230683689256.properties -v --meta /mnt/poseidon-data/poseidon/workflows/casa-wind-workflow-full/submit/poseidon/pegasus/casa-wind-full/run0398/00/00/unzip_ID0000026.meta,/mnt/poseidon-data/poseidon/workflows/casa-wind-workflow-full/submit/poseidon/pegasus/casa-wind-full/run0398/00/00/unzip_ID0000061.meta,/mnt/poseidon-data/poseidon/workflows/casa-wind-workflow-full/submit/poseidon/pegasus/casa-wind-full/run0398/00/00/unzip_ID0000071.meta,/mnt/poseidon-data/poseidon/workflows/casa-wind-workflow-full/submit/poseidon/pegasus/casa-wind-full/run0398/00/00/unzip_ID0000041.meta,/mnt/poseidon-data/poseidon/workflows/casa-wind-workflow-full/submit/poseidon/pegasus/casa-wind-full/run0398/00/00/unzip_ID0000016.meta,/mnt/poseidon-data/poseidon/workflows/casa-wind-workflow-full/submit/poseidon/pegasus/casa-wind-full/run0398/00/00/unzip_ID0000111.meta,/mnt/poseidon-data/poseidon/workflows/casa-wind-workflow-full/submit/poseidon/pegasus/casa-wind-full/run0398/00/00/unzip_ID0000011.meta,/mnt/poseidon-data/poseidon/workflows/casa-wind-workflow-full/submit/poseidon/pegasus/casa-wind-full/run0398/00/00/unzip_ID0000081.meta,/mnt/poseidon-data/poseidon/workflows/casa-wind-workflow-full/submit/poseidon/pegasus/casa-wind-full/run0398/00/00/unzip_ID0000066.meta,/mnt/poseidon-data/poseidon/workflows/casa-wind-workflow-full/submit/poseidon/pegasus/casa-wind-full/run0398/00/00/unzip_ID0000096.meta,/mnt/poseidon-data/poseidon/workflows/casa-wind-workflow-full/submit/poseidon/pegasus/casa-wind-full/run0398/00/00/unzip_ID0000051.meta,/mnt/poseidon-data/poseidon/workflows/casa-wind-workflow-full/submit/poseidon/pegasus/casa-wind-full/run0398/00/00/unzip_ID0000031.meta,/mnt/poseidon-data/poseidon/workflows/casa-wind-workflow-full/submit/poseidon/pegasus/casa-wind-full/run0398/00/00/unzip_ID0000116.meta,/mnt/poseidon-data/poseidon/workflows/casa-wind-workflow-full/submit/poseidon/pegasus/casa-wind-full/run0398/00/00/unzip_ID0000101.meta,/mnt/poseidon-data/poseidon/workflows/casa-wind-workflow-full/submit/poseidon/pegasus/casa-wind-full/run0398/00/00/unzip_ID0000121.meta,/mnt/poseidon-data/poseidon/workflows/casa-wind-workflow-full/submit/poseidon/pegasus/casa-wind-full/run0398/00/00/unzip_ID0000106.meta,/mnt/poseidon-data/poseidon/workflows/casa-wind-workflow-full/submit/poseidon/pegasus/casa-wind-full/run0398/00/00/unzip_ID0000046.meta,/mnt/poseidon-data/poseidon/workflows/casa-wind-workflow-full/submit/poseidon/pegasus/casa-wind-full/run0398/00/00/unzip_ID0000076.meta,/mnt/poseidon-data/poseidon/workflows/casa-wind-workflow-full/submit/poseidon/pegasus/casa-wind-full/run0398/00/00/unzip_ID0000056.meta,/mnt/poseidon-data/poseidon/workflows/casa-wind-workflow-full/submit/poseidon/pegasus/casa-wind-full/run0398/00/00/unzip_ID0000021.meta,/mnt/poseidon-data/poseidon/workflows/casa-wind-workflow-full/submit/poseidon/pegasus/casa-wind-full/run0398/00/00/unzip_ID0000086.meta,/mnt/poseidon-data/poseidon/workflows/casa-wind-workflow-full/submit/poseidon/pegasus/casa-wind-full/run0398/00/00/unzip_ID0000126.meta,/mnt/poseidon-data/poseidon/workflows/casa-wind-workflow-full/submit/poseidon/pegasus/casa-wind-full/run0398/00/00/unzip_ID0000006.meta,/mnt/poseidon-data/poseidon/workflows/casa-wind-workflow-full/submit/poseidon/pegasus/casa-wind-full/run0398/00/00/unzip_ID0000036.meta,/mnt/poseidon-data/poseidon/workflows/casa-wind-workflow-full/submit/poseidon/pegasus/casa-wind-full/run0398/00/00/unzip_ID0000001.meta,/mnt/poseidon-data/poseidon/workflows/casa-wind-workflow-full/submit/poseidon/pegasus/casa-wind-full/run0398/00/00/unzip_ID0000091.meta --insert /mnt/poseidon-data/poseidon/workflows/casa-wind-workflow-full/submit/poseidon/pegasus/casa-wind-full/run0398/00/00/register_condorpool_0_2.in",3.1,0,0,,,,,,,,,
mvt_ID0000034,None,compute,0,1694469889.0,,,1694469894.0,1694469913.0,1694469924.0,29914439.0,1694469911.0,1694469980.0,1694469969.0,1694469972.0,9921.0,1694469980.0,1694469985.0,5.0,,17.0,69.0,5.0,11.0,177143652.0,3.0,30976.0,poseidon,condorpool,poseidon-worker-2-container-44-47,mvt,/opt/mvt/mvt,,39.9,0,0,0.0,823509.0,16384.0,497.0,4.0,29.9,0.0,27450.3,819.2
mvt_ID0000099,None,compute,0,1694469889.0,,,1694469894.0,1694469897.0,1694469908.0,33656603.6,1694469895.0,1694469965.0,1694469953.0,1694469956.0,16312.0,1694469965.0,1694469970.0,5.0,,1.0,70.0,5.0,11.0,177143652.0,3.0,50118.0,poseidon,condorpool,poseidon-worker-1-container-8-11,mvt,/opt/mvt/mvt,,39.9,0,0,0.0,800049.0,28672.0,446.0,7.0,29.9,0.1,26668.3,1433.6
post_vel_ID0000098,None,compute,0,1694469889.0,,,1694469894.0,1694469897.0,1694469908.0,32888451.6,1694469895.0,1694469925.0,1694469913.0,1694469916.0,4152.0,1694469925.0,1694469930.0,5.0,,1.0,30.0,5.0,11.0,177143937.0,3.0,13355.0,poseidon,condorpool,poseidon-worker-1-container-44-47,post_vel,/opt/netcdf2png/merged_netcdf2png,,0.1,0,0,,,,,,,,,
post_vel_ID0000038,cpu_3,compute,0,1694469889.0,,,1694469894.0,1694469912.0,1694469929.0,17464663.4,1694469910.0,1694469945.0,1694469935.0,1694469938.0,3702.0,1694469945.0,1694469950.0,5.0,,16.0,35.0,5.0,17.0,177143937.0,3.0,11227.0,poseidon,condorpool,poseidon-worker-1-container-40-43,post_vel,/opt/netcdf2png/merged_netcdf2png,,0.1,0,0,,,,,,,,,
mvt_ID0000044,None,compute,0,1694469889.0,,,1694469894.0,1694469897.0,1694469908.0,35071162.0,1694469895.0,1694469965.0,1694469952.0,1694469955.0,9140.0,1694469965.0,1694469970.0,5.0,,1.0,70.0,5.0,11.0,177143652.0,3.0,28113.0,poseidon,condorpool,poseidon-worker-2-container-28-31,mvt,/opt/mvt/mvt,,39.6,0,0,0.0,801483.0,12288.0,449.0,3.0,29.9,0.1,26716.1,1228.8
mvt_ID0000039,None,compute,0,1694469889.0,,,1694469894.0,1694469912.0,1694469923.0,29561908.4,1694469910.0,1694469980.0,1694469968.0,1694469972.0,10886.0,1694469980.0,1694469985.0,5.0,,16.0,70.0,5.0,11.0,177143652.0,4.0,34386.0,poseidon,condorpool,poseidon-worker-1-container-44-47,mvt,/opt/mvt/mvt,,39.8,0,0,0.0,851054.0,16384.0,557.0,4.0,29.9,0.1,28368.5,819.2
post_vel_ID0000018,None,compute,0,1694469889.0,,,1694469894.0,1694469912.0,1694469927.0,20750354.2,1694469911.0,1694469945.0,1694469932.0,1694469935.0,3847.0,1694469945.0,1694469950.0,5.0,,17.0,34.0,5.0,15.0,177143937.0,3.0,11645.0,poseidon,condorpool,poseidon-worker-1-container-0-3,post_vel,/opt/netcdf2png/merged_netcdf2png,,0.1,0,0,,,,,,,,,
mvt_ID0000019,None,compute,0,1694469889.0,,,1694469894.0,1694469912.0,1694469925.0,25088561.0,1694469910.0,1694469980.0,1694469970.0,1694469973.0,11569.0,1694469980.0,1694469985.0,5.0,,16.0,70.0,5.0,13.0,177143652.0,3.0,36245.0,poseidon,condorpool,poseidon-worker-1-container-28-31,mvt,/opt/mvt/mvt,,39.8,0,0,0.0,791980.0,20480.0,428.0,5.0,29.9,0.1,26399.3,1024.0
post_vel_ID0000043,None,compute,0,1694469889.0,,,1694469894.0,1694469897.0,1694469908.0,35137348.4,1694469895.0,1694469925.0,1694469913.0,1694469916.0,3526.0,1694469925.0,1694469930.0,5.0,,1.0,30.0,5.0,11.0,177143937.0,3.0,11050.0,poseidon,condorpool,poseidon-worker-2-container-36-39,post_vel,/opt/netcdf2png/merged_netcdf2png,,0.1,0,0,,,,,,,,,
post_vel_ID0000113,None,compute,0,1694469894.0,,,1694469899.0,1694469912.0,1694469923.0,35192254.4,1694469910.0,1694469940.0,1694469928.0,1694469932.0,4688.0,1694469940.0,1694469945.0,5.0,,11.0,30.0,5.0,11.0,177143937.0,4.0,14745.0,poseidon,condorpool,poseidon-worker-2-container-4-7,post_vel,/opt/netcdf2png/merged_netcdf2png,,0.1,0,0,,,,,,,,,
mvt_ID0000009,None,compute,0,1694469894.0,,,1694469899.0,1694469912.0,1694469924.0,28684311.0,1694469910.0,1694469980.0,1694469969.0,1694469973.0,11476.0,1694469980.0,1694469985.0,5.0,,11.0,70.0,5.0,12.0,177143652.0,4.0,35429.0,poseidon,condorpool,poseidon-worker-1-container-24-27,mvt,/opt/mvt/mvt,,39.8,0,0,0.0,822140.0,20480.0,494.0,5.0,29.9,0.1,27404.7,1024.0
post_vel_ID0000008,None,compute,0,1694469894.0,,,1694469899.0,1694469912.0,1694469924.0,30359206.4,1694469910.0,1694469940.0,1694469929.0,1694469932.0,3589.0,1694469940.0,1694469945.0,5.0,,11.0,30.0,5.0,12.0,177143937.0,3.0,10982.0,poseidon,condorpool,poseidon-worker-2-container-32-35,post_vel,/opt/netcdf2png/merged_netcdf2png,,0.1,0,0,,,,,,,,,
post_vel_ID0000063,None,compute,0,1694469894.0,,,1694469899.0,1694469913.0,1694469924.0,29385044.4,1694469911.0,1694469940.0,1694469930.0,1694469933.0,3764.0,1694469940.0,1694469945.0,5.0,,12.0,29.0,5.0,11.0,177143937.0,3.0,11628.0,poseidon,condorpool,poseidon-worker-2-container-28-31,post_vel,/opt/netcdf2png/merged_netcdf2png,,0.1,0,0,,,,,,,,,
mvt_ID0000064,None,compute,0,1694469894.0,,,1694469899.0,1694469913.0,1694469924.0,33666678.0,1694469910.0,1694469980.0,1694469969.0,1694469972.0,9980.0,1694469980.0,1694469985.0,5.0,,11.0,70.0,5.0,11.0,177143652.0,3.0,31148.0,poseidon,condorpool,poseidon-worker-2-container-24-27,mvt,/opt/mvt/mvt,,39.9,0,0,0.0,819377.0,16384.0,488.0,4.0,29.9,0.1,27312.6,819.2
post_vel_ID0000003,None,compute,0,1694469894.0,,,1694469899.0,1694469912.0,1694469924.0,28889107.7,1694469910.0,1694469940.0,1694469930.0,1694469933.0,3534.0,1694469940.0,1694469945.0,5.0,,11.0,30.0,5.0,12.0,177143937.0,3.0,10865.0,poseidon,condorpool,poseidon-worker-2-container-36-39,post_vel,/opt/netcdf2png/merged_netcdf2png,,0.1,0,0,,,,,,,,,
stage_out_local_condorpool_1_2,None,transfer,0,1694469894.0,,,1694469899.0,,,0.0,1694469899.0,1694469904.0,,,0.0,1694469904.0,1694469909.0,5.0,,0.0,5.0,5.0,,,,,poseidon,local,poseidon-submit,pegasus::transfer,/mnt/poseidon-data/poseidon/pegasus-5.1.0panorama/bin/pegasus-transfer,/home/poseidon/pegasus-5.1.0panorama/bin/../bin/pegasus-kickstart  -n pegasus::transfer -N null -i - -R local  -L casa-wind-full -T 2023-09-08T07:29:05+00:00 /home/poseidon/pegasus-5.1.0panorama/bin/../bin/pegasus-transfer  --threads 2,0.9,0,0,,,,,,,,,
post_vel_ID0000048,None,compute,0,1694469894.0,,,1694469899.0,1694469912.0,1694469926.0,21707670.3,1694469910.0,1694469940.0,1694469931.0,1694469934.0,3371.0,1694469940.0,1694469945.0,5.0,,11.0,30.0,5.0,14.0,177143937.0,3.0,10371.0,poseidon,condorpool,poseidon-worker-1-container-8-11,post_vel,/opt/netcdf2png/merged_netcdf2png,,0.1,0,0,,,,,,,,,
mvt_ID0000049,None,compute,0,1694469894.0,,,1694469899.0,1694469912.0,1694469923.0,31330784.4,1694469910.0,1694469980.0,1694469968.0,1694469972.0,7723.0,1694469980.0,1694469985.0,5.0,,11.0,70.0,5.0,11.0,177143652.0,4.0,24108.0,poseidon,condorpool,poseidon-worker-2-container-20-23,mvt,/opt/mvt/mvt,,39.9,0,0,0.0,791978.0,12288.0,428.0,3.0,29.9,0.1,26399.3,1228.8
stage_out_local_condorpool_1_1,None,transfer,0,1694469894.0,,,1694469899.0,,,0.0,1694469899.0,1694469904.0,,,0.0,1694469904.0,1694469909.0,5.0,,0.0,5.0,5.0,,,,,poseidon,local,poseidon-submit,pegasus::transfer,/mnt/poseidon-data/poseidon/pegasus-5.1.0panorama/bin/pegasus-transfer,/home/poseidon/pegasus-5.1.0panorama/bin/../bin/pegasus-kickstart  -n pegasus::transfer -N null -i - -R local  -L casa-wind-full -T 2023-09-08T07:29:05+00:00 /home/poseidon/pegasus-5.1.0panorama/bin/../bin/pegasus-transfer  --threads 2,0.9,0,0,,,,,,,,,
mvt_ID0000104,None,compute,0,1694469894.0,,,1694469899.0,1694469913.0,1694469924.0,29613646.5,1694469911.0,1694469980.0,1694469968.0,1694469972.0,18906.0,1694469980.0,1694469985.0,5.0,,12.0,69.0,5.0,11.0,177143652.0,4.0,59590.0,poseidon,condorpool,poseidon-worker-1-container-12-15,mvt,/opt/mvt/mvt,,38.8,0,0,0.0,819385.0,32768.0,488.0,8.0,29.9,0.0,27312.8,3276.8
mvt_ID0000114,None,compute,0,1694469894.0,,,1694469899.0,1694469912.0,1694469924.0,26685644.7,1694469910.0,1694469980.0,1694469970.0,1694469973.0,23428.0,1694469980.0,1694469985.0,5.0,,11.0,70.0,5.0,12.0,177143652.0,3.0,73234.0,poseidon,condorpool,poseidon-worker-1-container-36-39,mvt,/opt/mvt/mvt,,39.8,0,0,0.0,790408.0,40960.0,425.0,10.0,29.9,0.1,26346.9,4096.0
post_vel_ID0000013,None,compute,0,1694469894.0,,,1694469899.0,1694469913.0,1694469924.0,29621447.5,1694469912.0,1694469940.0,1694469930.0,1694469933.0,3568.0,1694469940.0,1694469945.0,5.0,,13.0,28.0,5.0,11.0,177143937.0,3.0,11040.0,poseidon,condorpool,poseidon-worker-2-container-8-11,post_vel,/opt/netcdf2png/merged_netcdf2png,,0.1,0,0,,,,,,,,,
mvt_ID0000014,None,compute,0,1694469894.0,,,1694469899.0,1694469914.0,1694469925.0,29810908.0,1694469912.0,1694469980.0,1694469970.0,1694469974.0,10358.0,1694469980.0,1694469985.0,5.0,,13.0,68.0,5.0,11.0,177143652.0,4.0,31991.0,poseidon,condorpool,poseidon-worker-2-container-0-3,mvt,/opt/mvt/mvt,,39.9,0,0,0.0,800078.0,16384.0,446.0,4.0,29.9,0.1,26669.3,819.2
post_vel_ID0000103,None,compute,0,1694469894.0,,,1694469899.0,1694469912.0,1694469924.0,28806632.8,1694469910.0,1694469940.0,1694469929.0,1694469932.0,4428.0,1694469940.0,1694469945.0,5.0,,11.0,30.0,5.0,12.0,177143937.0,3.0,13815.0,poseidon,condorpool,poseidon-worker-2-container-12-15,post_vel,/opt/netcdf2png/merged_netcdf2png,,0.1,0,0,,,,,,,,,
mvt_ID0000029,None,compute,0,1694469894.0,,,1694469899.0,1694469912.0,1694469923.0,33015354.4,1694469910.0,1694469980.0,1694469968.0,1694469972.0,12329.0,1694469980.0,1694469985.0,5.0,,11.0,70.0,5.0,11.0,177143652.0,4.0,38341.0,poseidon,condorpool,poseidon-worker-1-container-20-23,mvt,/opt/mvt/mvt,,39.8,0,0,0.0,824903.0,20480.0,500.0,5.0,29.9,0.1,27496.8,1024.0
post_vel_ID0000028,None,compute,0,1694469894.0,,,1694469899.0,1694469912.0,1694469923.0,34496313.8,1694469910.0,1694469940.0,1694469929.0,1694469932.0,3739.0,1694469940.0,1694469945.0,5.0,,11.0,30.0,5.0,11.0,177143937.0,3.0,11529.0,poseidon,condorpool,poseidon-worker-1-container-16-19,post_vel,/opt/netcdf2png/merged_netcdf2png,,0.1,0,0,,,,,,,,,
mvt_ID0000004,None,compute,0,1694469894.0,,,1694469899.0,1694469913.0,1694469924.0,35330524.4,1694469911.0,1694469980.0,1694469969.0,1694469972.0,9294.0,1694469980.0,1694469985.0,5.0,,12.0,69.0,5.0,11.0,177143652.0,3.0,28781.0,poseidon,condorpool,poseidon-worker-2-container-16-19,mvt,/opt/mvt/mvt,,40.0,0,0,0.0,789216.0,16384.0,422.0,4.0,29.9,0.1,26307.2,819.2
register_condorpool_1_1,None,auxiliary,0,1694469909.0,,,1694469914.0,,,0.0,1694469917.0,1694469920.0,,,0.0,1694469920.0,1694469925.0,5.0,,3.0,3.0,5.0,,,,,poseidon,local,poseidon-submit,pegasus::rc-client,/mnt/poseidon-data/poseidon/pegasus-5.1.0panorama/bin/pegasus-rc-client,"-n pegasus::rc-client -N null -R local  -L casa-wind-full -T 2023-09-08T07:29:05+00:00 /home/poseidon/pegasus-5.1.0panorama/bin/pegasus-rc-client --prefix pegasus.catalog.replica.output --conf /mnt/poseidon-data/poseidon/workflows/casa-wind-workflow-full/submit/poseidon/pegasus/casa-wind-full/run0398/pegasus.10424050230683689256.properties -v --meta /mnt/poseidon-data/poseidon/workflows/casa-wind-workflow-full/submit/poseidon/pegasus/casa-wind-full/run0398/00/00/um_vel_ID0000017.meta,/mnt/poseidon-data/poseidon/workflows/casa-wind-workflow-full/submit/poseidon/pegasus/casa-wind-full/run0398/00/01/um_vel_ID0000037.meta,/mnt/poseidon-data/poseidon/workflows/casa-wind-workflow-full/submit/poseidon/pegasus/casa-wind-full/run0398/00/00/um_vel_ID0000082.meta,/mnt/poseidon-data/poseidon/workflows/casa-wind-workflow-full/submit/poseidon/pegasus/casa-wind-full/run0398/00/00/um_vel_ID0000097.meta,/mnt/poseidon-data/poseidon/workflows/casa-wind-workflow-full/submit/poseidon/pegasus/casa-wind-full/run0398/00/01/um_vel_ID0000047.meta,/mnt/poseidon-data/poseidon/workflows/casa-wind-workflow-full/submit/poseidon/pegasus/casa-wind-full/run0398/00/00/um_vel_ID0000087.meta,/mnt/poseidon-data/poseidon/workflows/casa-wind-workflow-full/submit/poseidon/pegasus/casa-wind-full/run0398/00/01/um_vel_ID0000007.meta,/mnt/poseidon-data/poseidon/workflows/casa-wind-workflow-full/submit/poseidon/pegasus/casa-wind-full/run0398/00/01/um_vel_ID0000072.meta,/mnt/poseidon-data/poseidon/workflows/casa-wind-workflow-full/submit/poseidon/pegasus/casa-wind-full/run0398/00/01/um_vel_ID0000102.meta --insert /mnt/poseidon-data/poseidon/workflows/casa-wind-workflow-full/submit/poseidon/pegasus/casa-wind-full/run0398/00/01/register_condorpool_1_1.in",2.6,0,0,,,,,,,,,
register_condorpool_1_2,None,auxiliary,0,1694469909.0,,,1694469925.0,,,0.0,1694469926.0,1694469930.0,,,0.0,1694469930.0,1694469935.0,16.0,,1.0,4.0,5.0,,,,,poseidon,local,poseidon-submit,pegasus::rc-client,/mnt/poseidon-data/poseidon/pegasus-5.1.0panorama/bin/pegasus-rc-client,"-n pegasus::rc-client -N null -R local  -L casa-wind-full -T 2023-09-08T07:29:05+00:00 /home/poseidon/pegasus-5.1.0panorama/bin/pegasus-rc-client --prefix pegasus.catalog.replica.output --conf /mnt/poseidon-data/poseidon/workflows/casa-wind-workflow-full/submit/poseidon/pegasus/casa-wind-full/run0398/pegasus.10424050230683689256.properties -v --meta /mnt/poseidon-data/poseidon/workflows/casa-wind-workflow-full/submit/poseidon/pegasus/casa-wind-full/run0398/00/00/um_vel_ID0000117.meta,/mnt/poseidon-data/poseidon/workflows/casa-wind-workflow-full/submit/poseidon/pegasus/casa-wind-full/run0398/00/01/um_vel_ID0000052.meta,/mnt/poseidon-data/poseidon/workflows/casa-wind-workflow-full/submit/poseidon/pegasus/casa-wind-full/run0398/00/00/um_vel_ID0000002.meta,/mnt/poseidon-data/poseidon/workflows/casa-wind-workflow-full/submit/poseidon/pegasus/casa-wind-full/run0398/00/00/um_vel_ID0000012.meta,/mnt/poseidon-data/poseidon/workflows/casa-wind-workflow-full/submit/poseidon/pegasus/casa-wind-full/run0398/00/00/um_vel_ID0000032.meta,/mnt/poseidon-data/poseidon/workflows/casa-wind-workflow-full/submit/poseidon/pegasus/casa-wind-full/run0398/00/01/um_vel_ID0000062.meta,/mnt/poseidon-data/poseidon/workflows/casa-wind-workflow-full/submit/poseidon/pegasus/casa-wind-full/run0398/00/01/um_vel_ID0000112.meta,/mnt/poseidon-data/poseidon/workflows/casa-wind-workflow-full/submit/poseidon/pegasus/casa-wind-full/run0398/00/01/um_vel_ID0000107.meta --insert /mnt/poseidon-data/poseidon/workflows/casa-wind-workflow-full/submit/poseidon/pegasus/casa-wind-full/run0398/00/01/register_condorpool_1_2.in",2.7,0,0,,,,,,,,,
post_vel_ID0000123,None,compute,0,1694469914.0,,,1694469920.0,1694469923.0,1694469934.0,29765201.0,1694469921.0,1694469950.0,1694469939.0,1694469942.0,4815.0,1694469950.0,1694469955.0,6.0,,1.0,29.0,5.0,11.0,177143937.0,3.0,14777.0,poseidon,condorpool,poseidon-worker-2-container-0-3,post_vel,/opt/netcdf2png/merged_netcdf2png,,0.1,0,0,,,,,,,,,
mvt_ID0000124,None,compute,0,1694469914.0,,,1694469920.0,1694469923.0,1694469934.0,35011963.8,1694469921.0,1694469990.0,1694469979.0,1694469982.0,22889.0,1694469990.0,1694469995.0,6.0,,1.0,69.0,5.0,11.0,177143652.0,3.0,70564.0,poseidon,condorpool,poseidon-worker-2-container-32-35,mvt,/opt/mvt/mvt,,40.2,0,0,0.0,795775.0,40960.0,443.0,10.0,39.9,0.1,19894.4,4096.0
stage_out_local_condorpool_1_0,None,transfer,0,1694469914.0,,,1694469920.0,,,0.0,1694469920.0,1694469925.0,,,0.0,1694469925.0,1694469930.0,6.0,,0.0,5.0,5.0,,,,,poseidon,local,poseidon-submit,pegasus::transfer,/mnt/poseidon-data/poseidon/pegasus-5.1.0panorama/bin/pegasus-transfer,/home/poseidon/pegasus-5.1.0panorama/bin/../bin/pegasus-kickstart  -n pegasus::transfer -N null -i - -R local  -L casa-wind-full -T 2023-09-08T07:29:05+00:00 /home/poseidon/pegasus-5.1.0panorama/bin/../bin/pegasus-transfer  --threads 2,1.0,0,0,,,,,,,,,
register_condorpool_1_0,None,auxiliary,0,1694469930.0,,,1694469935.0,,,0.0,1694469936.0,1694469940.0,,,0.0,1694469940.0,1694469945.0,5.0,,1.0,4.0,5.0,,,,,poseidon,local,poseidon-submit,pegasus::rc-client,/mnt/poseidon-data/poseidon/pegasus-5.1.0panorama/bin/pegasus-rc-client,"-n pegasus::rc-client -N null -R local  -L casa-wind-full -T 2023-09-08T07:29:05+00:00 /home/poseidon/pegasus-5.1.0panorama/bin/pegasus-rc-client --prefix pegasus.catalog.replica.output --conf /mnt/poseidon-data/poseidon/workflows/casa-wind-workflow-full/submit/poseidon/pegasus/casa-wind-full/run0398/pegasus.10424050230683689256.properties -v --meta /mnt/poseidon-data/poseidon/workflows/casa-wind-workflow-full/submit/poseidon/pegasus/casa-wind-full/run0398/00/01/um_vel_ID0000067.meta,/mnt/poseidon-data/poseidon/workflows/casa-wind-workflow-full/submit/poseidon/pegasus/casa-wind-full/run0398/00/00/um_vel_ID0000127.meta,/mnt/poseidon-data/poseidon/workflows/casa-wind-workflow-full/submit/poseidon/pegasus/casa-wind-full/run0398/00/00/um_vel_ID0000122.meta,/mnt/poseidon-data/poseidon/workflows/casa-wind-workflow-full/submit/poseidon/pegasus/casa-wind-full/run0398/00/00/um_vel_ID0000092.meta,/mnt/poseidon-data/poseidon/workflows/casa-wind-workflow-full/submit/poseidon/pegasus/casa-wind-full/run0398/00/01/um_vel_ID0000077.meta,/mnt/poseidon-data/poseidon/workflows/casa-wind-workflow-full/submit/poseidon/pegasus/casa-wind-full/run0398/00/01/um_vel_ID0000057.meta,/mnt/poseidon-data/poseidon/workflows/casa-wind-workflow-full/submit/poseidon/pegasus/casa-wind-full/run0398/00/00/um_vel_ID0000027.meta,/mnt/poseidon-data/poseidon/workflows/casa-wind-workflow-full/submit/poseidon/pegasus/casa-wind-full/run0398/00/01/um_vel_ID0000042.meta,/mnt/poseidon-data/poseidon/workflows/casa-wind-workflow-full/submit/poseidon/pegasus/casa-wind-full/run0398/00/00/um_vel_ID0000022.meta --insert /mnt/poseidon-data/poseidon/workflows/casa-wind-workflow-full/submit/poseidon/pegasus/casa-wind-full/run0398/00/01/register_condorpool_1_0.in",2.7,0,0,,,,,,,,,
point_alert_ID0000130,cpu_3,compute,0,1694469960.0,,,1694469965.0,1694469968.0,1694469980.0,29306639.3,1694469966.0,1694469995.0,1694469985.0,1694469988.0,7502.0,1694469995.0,1694470000.0,5.0,,1.0,29.0,5.0,12.0,176672472.0,3.0,23118.0,poseidon,condorpool,poseidon-worker-1-container-40-43,point_alert,/opt/pointAlert/pointAlert,,0.0,0,0,,,,,,,,,
point_alert_ID0000075,None,compute,0,1694469960.0,,,1694469965.0,1694469968.0,1694469978.0,29619043.5,1694469966.0,1694469995.0,1694469984.0,1694469987.0,6642.0,1694469995.0,1694470000.0,5.0,,1.0,29.0,5.0,10.0,176646838.0,3.0,20558.0,poseidon,condorpool,poseidon-worker-1-container-44-47,point_alert,/opt/pointAlert/pointAlert,,0.0,0,0,,,,,,,,,
point_alert_ID0000095,cpu_3,compute,0,1694469960.0,,,1694469965.0,1694469968.0,1694469979.0,34330855.4,1694469966.0,1694469995.0,1694469984.0,1694469987.0,6677.0,1694469995.0,1694470000.0,5.0,,1.0,29.0,5.0,11.0,176660390.0,3.0,20718.0,poseidon,condorpool,poseidon-worker-1-container-32-35,point_alert,/opt/pointAlert/pointAlert,,0.0,0,0,,,,,,,,,
point_alert_ID0000120,None,compute,0,1694469960.0,,,1694469965.0,1694469968.0,1694469978.0,34925826.6,1694469966.0,1694469995.0,1694469984.0,1694469987.0,7087.0,1694469995.0,1694470000.0,5.0,,1.0,29.0,5.0,10.0,176673508.0,3.0,21998.0,poseidon,condorpool,poseidon-worker-2-container-8-11,point_alert,/opt/pointAlert/pointAlert,,0.0,0,0,,,,,,,,,
point_alert_ID0000025,None,compute,0,1694469960.0,,,1694469965.0,1694469968.0,1694469979.0,32573069.2,1694469966.0,1694469995.0,1694469984.0,1694469987.0,6519.0,1694469995.0,1694470000.0,5.0,,1.0,29.0,5.0,11.0,176638688.0,3.0,20078.0,poseidon,condorpool,poseidon-worker-1-container-0-3,point_alert,/opt/pointAlert/pointAlert,,0.0,0,0,,,,,,,,,
point_alert_ID0000070,None,compute,0,1694469960.0,,,1694469965.0,1694469967.0,1694469979.0,29712664.8,1694469966.0,1694469995.0,1694469984.0,1694469987.0,6624.0,1694469995.0,1694470000.0,5.0,,1.0,29.0,5.0,12.0,176643292.0,3.0,20558.0,poseidon,condorpool,poseidon-worker-2-container-0-3,point_alert,/opt/pointAlert/pointAlert,,0.0,0,0,,,,,,,,,
point_alert_ID0000085,None,compute,0,1694469960.0,,,1694469965.0,1694469968.0,1694469979.0,32500239.0,1694469966.0,1694469995.0,1694469984.0,1694469987.0,6796.0,1694469995.0,1694470000.0,5.0,,1.0,29.0,5.0,11.0,176655981.0,3.0,21118.0,poseidon,condorpool,poseidon-worker-1-container-12-15,point_alert,/opt/pointAlert/pointAlert,,0.0,0,0,,,,,,,,,
point_alert_ID0000090,None,compute,0,1694469960.0,,,1694469965.0,1694469968.0,1694469979.0,33009798.6,1694469966.0,1694469995.0,1694469984.0,1694469987.0,6643.0,1694469995.0,1694470000.0,5.0,,1.0,29.0,5.0,11.0,176656458.0,3.0,20638.0,poseidon,condorpool,poseidon-worker-2-container-32-35,point_alert,/opt/pointAlert/pointAlert,,0.0,0,0,,,,,,,,,
point_alert_ID0000055,None,compute,0,1694469965.0,,,1694469970.0,1694469973.0,1694469984.0,29611112.5,1694469971.0,1694470000.0,1694469990.0,1694469993.0,6592.0,1694470000.0,1694470006.0,5.0,,1.0,29.0,6.0,11.0,176636535.0,3.0,20638.0,poseidon,condorpool,poseidon-worker-1-container-20-23,point_alert,/opt/pointAlert/pointAlert,,0.0,0,0,,,,,,,,,
stage_out_local_condorpool_2_4,None,transfer,0,1694469965.0,,,1694469970.0,,,0.0,1694469971.0,1694469975.0,,,0.0,1694469975.0,1694469980.0,5.0,,1.0,4.0,5.0,,,,,poseidon,local,poseidon-submit,pegasus::transfer,/mnt/poseidon-data/poseidon/pegasus-5.1.0panorama/bin/pegasus-transfer,/home/poseidon/pegasus-5.1.0panorama/bin/../bin/pegasus-kickstart  -n pegasus::transfer -N null -i - -R local  -L casa-wind-full -T 2023-09-08T07:29:05+00:00 /home/poseidon/pegasus-5.1.0panorama/bin/../bin/pegasus-transfer  --threads 2,0.9,0,0,,,,,,,,,
point_alert_ID0000080,None,compute,0,1694469965.0,,,1694469970.0,1694469973.0,1694469984.0,33583831.4,1694469971.0,1694470000.0,1694469990.0,1694469993.0,6748.0,1694470000.0,1694470006.0,5.0,,1.0,29.0,6.0,11.0,176653320.0,3.0,20718.0,poseidon,condorpool,poseidon-worker-1-container-4-7,point_alert,/opt/pointAlert/pointAlert,,0.0,0,0,,,,,,,,,
point_alert_ID0000100,None,compute,0,1694469970.0,,,1694469975.0,1694469978.0,1694469989.0,34802139.4,1694469976.0,1694470006.0,1694469994.0,1694469997.0,6553.0,1694470006.0,1694470011.0,5.0,,1.0,30.0,5.0,11.0,176658101.0,3.0,20638.0,poseidon,condorpool,poseidon-worker-1-container-16-19,point_alert,/opt/pointAlert/pointAlert,,0.0,0,0,,,,,,,,,
point_alert_ID0000045,None,compute,0,1694469970.0,,,1694469975.0,1694469978.0,1694469989.0,33926426.6,1694469976.0,1694470006.0,1694469995.0,1694469998.0,6728.0,1694470006.0,1694470011.0,5.0,,1.0,30.0,5.0,11.0,176636096.0,3.0,20798.0,poseidon,condorpool,poseidon-worker-1-container-24-27,point_alert,/opt/pointAlert/pointAlert,,0.0,0,0,,,,,,,,,
point_alert_ID0000110,None,compute,0,1694469980.0,,,1694469985.0,1694469987.0,1694469999.0,32116249.4,1694469986.0,1694470016.0,1694470004.0,1694470008.0,6865.0,1694470016.0,1694470021.0,5.0,,1.0,30.0,5.0,12.0,176667937.0,4.0,21038.0,poseidon,condorpool,poseidon-worker-1-container-24-27,point_alert,/opt/pointAlert/pointAlert,,0.0,0,0,,,,,,,,,
register_condorpool_2_4,None,auxiliary,0,1694469980.0,,,1694469985.0,,,0.0,1694469985.0,1694469990.0,,,0.0,1694469990.0,1694469995.0,5.0,,0.0,5.0,5.0,,,,,poseidon,local,poseidon-submit,pegasus::rc-client,/mnt/poseidon-data/poseidon/pegasus-5.1.0panorama/bin/pegasus-rc-client,"-n pegasus::rc-client -N null -R local  -L casa-wind-full -T 2023-09-08T07:29:05+00:00 /home/poseidon/pegasus-5.1.0panorama/bin/pegasus-rc-client --prefix pegasus.catalog.replica.output --conf /mnt/poseidon-data/poseidon/workflows/casa-wind-workflow-full/submit/poseidon/pegasus/casa-wind-full/run0398/pegasus.10424050230683689256.properties -v --meta /mnt/poseidon-data/poseidon/workflows/casa-wind-workflow-full/submit/poseidon/pegasus/casa-wind-full/run0398/00/02/post_vel_ID0000108.meta,/mnt/poseidon-data/poseidon/workflows/casa-wind-workflow-full/submit/poseidon/pegasus/casa-wind-full/run0398/00/01/post_vel_ID0000063.meta,/mnt/poseidon-data/poseidon/workflows/casa-wind-workflow-full/submit/poseidon/pegasus/casa-wind-full/run0398/00/01/post_vel_ID0000013.meta,/mnt/poseidon-data/poseidon/workflows/casa-wind-workflow-full/submit/poseidon/pegasus/casa-wind-full/run0398/00/02/mvt_ID0000054.meta,/mnt/poseidon-data/poseidon/workflows/casa-wind-workflow-full/submit/poseidon/pegasus/casa-wind-full/run0398/00/01/post_vel_ID0000033.meta,/mnt/poseidon-data/poseidon/workflows/casa-wind-workflow-full/submit/poseidon/pegasus/casa-wind-full/run0398/00/02/post_vel_ID0000113.meta,/mnt/poseidon-data/poseidon/workflows/casa-wind-workflow-full/submit/poseidon/pegasus/casa-wind-full/run0398/00/01/post_vel_ID0000003.meta,/mnt/poseidon-data/poseidon/workflows/casa-wind-workflow-full/submit/poseidon/pegasus/casa-wind-full/run0398/00/01/post_vel_ID0000118.meta --insert /mnt/poseidon-data/poseidon/workflows/casa-wind-workflow-full/submit/poseidon/pegasus/casa-wind-full/run0398/00/02/register_condorpool_2_4.in",2.8,0,0,,,,,,,,,
stage_out_local_condorpool_2_2,None,transfer,0,1694469985.0,,,1694469990.0,,,0.0,1694469990.0,1694469995.0,,,0.0,1694469995.0,1694470000.0,5.0,,0.0,5.0,5.0,,,,,poseidon,local,poseidon-submit,pegasus::transfer,/mnt/poseidon-data/poseidon/pegasus-5.1.0panorama/bin/pegasus-transfer,/home/poseidon/pegasus-5.1.0panorama/bin/../bin/pegasus-kickstart  -n pegasus::transfer -N null -i - -R local  -L casa-wind-full -T 2023-09-08T07:29:05+00:00 /home/poseidon/pegasus-5.1.0panorama/bin/../bin/pegasus-transfer  --threads 2,1.0,0,0,,,,,,,,,
stage_out_local_condorpool_2_3,None,transfer,0,1694469985.0,,,1694469990.0,,,0.0,1694469990.0,1694469995.0,,,0.0,1694469995.0,1694470000.0,5.0,,0.0,5.0,5.0,,,,,poseidon,local,poseidon-submit,pegasus::transfer,/mnt/poseidon-data/poseidon/pegasus-5.1.0panorama/bin/pegasus-transfer,/home/poseidon/pegasus-5.1.0panorama/bin/../bin/pegasus-kickstart  -n pegasus::transfer -N null -i - -R local  -L casa-wind-full -T 2023-09-08T07:29:05+00:00 /home/poseidon/pegasus-5.1.0panorama/bin/../bin/pegasus-transfer  --threads 2,1.0,0,0,,,,,,,,,
point_alert_ID0000010,None,compute,0,1694469985.0,,,1694469990.0,1694469993.0,1694470004.0,29458389.0,1694469991.0,1694470021.0,1694470010.0,1694470013.0,6573.0,1694470021.0,1694470026.0,5.0,,1.0,30.0,5.0,11.0,176643412.0,3.0,20478.0,poseidon,condorpool,poseidon-worker-1-container-4-7,point_alert,/opt/pointAlert/pointAlert,,0.0,0,0,,,,,,,,,
stage_out_local_condorpool_2_5,None,transfer,0,1694469985.0,,,1694469990.0,,,0.0,1694469990.0,1694469995.0,,,0.0,1694469995.0,1694470000.0,5.0,,0.0,5.0,5.0,,,,,poseidon,local,poseidon-submit,pegasus::transfer,/mnt/poseidon-data/poseidon/pegasus-5.1.0panorama/bin/pegasus-transfer,/home/poseidon/pegasus-5.1.0panorama/bin/../bin/pegasus-kickstart  -n pegasus::transfer -N null -i - -R local  -L casa-wind-full -T 2023-09-08T07:29:05+00:00 /home/poseidon/pegasus-5.1.0panorama/bin/../bin/pegasus-transfer  --threads 2,0.9,0,0,,,,,,,,,
point_alert_ID0000050,None,compute,0,1694469985.0,,,1694469990.0,1694469993.0,1694470004.0,34381318.4,1694469991.0,1694470021.0,1694470009.0,1694470012.0,6709.0,1694470021.0,1694470026.0,5.0,,1.0,30.0,5.0,11.0,176632091.0,3.0,20878.0,poseidon,condorpool,poseidon-worker-2-container-16-19,point_alert,/opt/pointAlert/pointAlert,,0.0,0,0,,,,,,,,,
point_alert_ID0000105,None,compute,0,1694469985.0,,,1694469990.0,1694469993.0,1694470004.0,29560663.0,1694469991.0,1694470021.0,1694470009.0,1694470012.0,6835.0,1694470021.0,1694470026.0,5.0,,1.0,30.0,5.0,11.0,176667573.0,3.0,21278.0,poseidon,condorpool,poseidon-worker-2-container-20-23,point_alert,/opt/pointAlert/pointAlert,,0.0,0,0,,,,,,,,,
point_alert_ID0000040,None,compute,0,1694469985.0,,,1694469990.0,1694469993.0,1694470005.0,27269250.0,1694469991.0,1694470021.0,1694470010.0,1694470013.0,6554.0,1694470021.0,1694470026.0,5.0,,1.0,30.0,5.0,12.0,176642369.0,3.0,20558.0,poseidon,condorpool,poseidon-worker-1-container-28-31,point_alert,/opt/pointAlert/pointAlert,,0.0,0,0,,,,,,,,,
point_alert_ID0000030,None,compute,0,1694469985.0,,,1694469990.0,1694469993.0,1694470004.0,30402200.8,1694469991.0,1694470021.0,1694470010.0,1694470013.0,6431.0,1694470021.0,1694470026.0,5.0,,1.0,30.0,5.0,11.0,176646324.0,3.0,20158.0,poseidon,condorpool,poseidon-worker-2-container-44-47,point_alert,/opt/pointAlert/pointAlert,,0.0,0,0,,,,,,,,,
point_alert_ID0000065,None,compute,0,1694469985.0,,,1694469990.0,1694469993.0,1694470005.0,26808511.8,1694469991.0,1694470021.0,1694470010.0,1694470013.0,6444.0,1694470021.0,1694470026.0,5.0,,1.0,30.0,5.0,12.0,176639131.0,3.0,20238.0,poseidon,condorpool,poseidon-worker-1-container-12-15,point_alert,/opt/pointAlert/pointAlert,,0.0,0,0,,,,,,,,,
point_alert_ID0000020,None,compute,0,1694469985.0,,,1694469990.0,1694469993.0,1694470004.0,32492499.2,1694469991.0,1694470021.0,1694470010.0,1694470013.0,6493.0,1694470021.0,1694470026.0,5.0,,1.0,30.0,5.0,11.0,176644228.0,3.0,20478.0,poseidon,condorpool,poseidon-worker-1-container-20-23,point_alert,/opt/pointAlert/pointAlert,,0.0,0,0,,,,,,,,,
point_alert_ID0000115,None,compute,0,1694469985.0,,,1694469990.0,1694469993.0,1694470003.0,29898940.0,1694469991.0,1694470021.0,1694470009.0,1694470012.0,6902.0,1694470021.0,1694470026.0,5.0,,1.0,30.0,5.0,10.0,176681217.0,3.0,21598.0,poseidon,condorpool,poseidon-worker-2-container-24-27,point_alert,/opt/pointAlert/pointAlert,,0.0,0,0,,,,,,,,,
point_alert_ID0000005,None,compute,0,1694469985.0,,,1694469990.0,1694469993.0,1694470005.0,28223521.2,1694469991.0,1694470021.0,1694470010.0,1694470013.0,6410.0,1694470021.0,1694470026.0,5.0,,1.0,30.0,5.0,12.0,176636764.0,3.0,20398.0,poseidon,condorpool,poseidon-worker-1-container-36-39,point_alert,/opt/pointAlert/pointAlert,,0.0,0,0,,,,,,,,,
point_alert_ID0000015,None,compute,0,1694469985.0,,,1694469990.0,1694469993.0,1694470004.0,29537115.0,1694469991.0,1694470021.0,1694470010.0,1694470013.0,6637.0,1694470021.0,1694470026.0,5.0,,1.0,30.0,5.0,11.0,176639974.0,3.0,20558.0,poseidon,condorpool,poseidon-worker-1-container-44-47,point_alert,/opt/pointAlert/pointAlert,,0.0,0,0,,,,,,,,,
point_alert_ID0000035,None,compute,0,1694469985.0,,,1694469990.0,1694469993.0,1694470004.0,29605228.5,1694469991.0,1694470021.0,1694470009.0,1694470012.0,6444.0,1694470021.0,1694470026.0,5.0,,1.0,30.0,5.0,11.0,176638959.0,3.0,20078.0,poseidon,condorpool,poseidon-worker-2-container-32-35,point_alert,/opt/pointAlert/pointAlert,,0.0,0,0,,,,,,,,,
stage_out_local_condorpool_2_0,None,transfer,0,1694469985.0,,,1694469990.0,,,0.0,1694469990.0,1694469995.0,,,0.0,1694469995.0,1694470000.0,5.0,,0.0,5.0,5.0,,,,,poseidon,local,poseidon-submit,pegasus::transfer,/mnt/poseidon-data/poseidon/pegasus-5.1.0panorama/bin/pegasus-transfer,/home/poseidon/pegasus-5.1.0panorama/bin/../bin/pegasus-kickstart  -n pegasus::transfer -N null -i - -R local  -L casa-wind-full -T 2023-09-08T07:29:05+00:00 /home/poseidon/pegasus-5.1.0panorama/bin/../bin/pegasus-transfer  --threads 2,1.0,0,0,,,,,,,,,
point_alert_ID0000060,None,compute,0,1694469985.0,,,1694469990.0,1694469993.0,1694470004.0,29548693.5,1694469991.0,1694470021.0,1694470009.0,1694470012.0,6630.0,1694470021.0,1694470026.0,5.0,,1.0,30.0,5.0,11.0,176636147.0,3.0,20878.0,poseidon,condorpool,poseidon-worker-2-container-0-3,point_alert,/opt/pointAlert/pointAlert,,0.0,0,0,,,,,,,,,
point_alert_ID0000125,None,compute,0,1694469995.0,,,1694470000.0,1694470003.0,1694470014.0,29662491.5,1694470001.0,1694470031.0,1694470019.0,1694470022.0,7454.0,1694470031.0,1694470036.0,5.0,,1.0,30.0,5.0,11.0,176678547.0,3.0,22878.0,poseidon,condorpool,poseidon-worker-2-container-0-3,point_alert,/opt/pointAlert/pointAlert,,0.0,0,0,,,,,,,,,
stage_out_local_condorpool_2_1,None,transfer,0,1694469995.0,,,1694470000.0,,,0.0,1694470001.0,1694470006.0,,,0.0,1694470006.0,1694470011.0,5.0,,1.0,5.0,5.0,,,,,poseidon,local,poseidon-submit,pegasus::transfer,/mnt/poseidon-data/poseidon/pegasus-5.1.0panorama/bin/pegasus-transfer,/home/poseidon/pegasus-5.1.0panorama/bin/../bin/pegasus-kickstart  -n pegasus::transfer -N null -i - -R local  -L casa-wind-full -T 2023-09-08T07:29:05+00:00 /home/poseidon/pegasus-5.1.0panorama/bin/../bin/pegasus-transfer  --threads 2,0.9,0,0,,,,,,,,,
register_condorpool_2_2,None,auxiliary,0,1694470000.0,,,1694470016.0,,,0.0,1694470016.0,1694470021.0,,,0.0,1694470021.0,1694470026.0,16.0,,0.0,5.0,5.0,,,,,poseidon,local,poseidon-submit,pegasus::rc-client,/mnt/poseidon-data/poseidon/pegasus-5.1.0panorama/bin/pegasus-rc-client,"-n pegasus::rc-client -N null -R local  -L casa-wind-full -T 2023-09-08T07:29:05+00:00 /home/poseidon/pegasus-5.1.0panorama/bin/pegasus-rc-client --prefix pegasus.catalog.replica.output --conf /mnt/poseidon-data/poseidon/workflows/casa-wind-workflow-full/submit/poseidon/pegasus/casa-wind-full/run0398/pegasus.10424050230683689256.properties -v --meta /mnt/poseidon-data/poseidon/workflows/casa-wind-workflow-full/submit/poseidon/pegasus/casa-wind-full/run0398/00/02/post_vel_ID0000073.meta,/mnt/poseidon-data/poseidon/workflows/casa-wind-workflow-full/submit/poseidon/pegasus/casa-wind-full/run0398/00/02/mvt_ID0000039.meta,/mnt/poseidon-data/poseidon/workflows/casa-wind-workflow-full/submit/poseidon/pegasus/casa-wind-full/run0398/00/01/mvt_ID0000099.meta,/mnt/poseidon-data/poseidon/workflows/casa-wind-workflow-full/submit/poseidon/pegasus/casa-wind-full/run0398/00/01/post_vel_ID0000008.meta,/mnt/poseidon-data/poseidon/workflows/casa-wind-workflow-full/submit/poseidon/pegasus/casa-wind-full/run0398/00/02/mvt_ID0000049.meta,/mnt/poseidon-data/poseidon/workflows/casa-wind-workflow-full/submit/poseidon/pegasus/casa-wind-full/run0398/00/01/mvt_ID0000019.meta,/mnt/poseidon-data/poseidon/workflows/casa-wind-workflow-full/submit/poseidon/pegasus/casa-wind-full/run0398/00/02/mvt_ID0000104.meta,/mnt/poseidon-data/poseidon/workflows/casa-wind-workflow-full/submit/poseidon/pegasus/casa-wind-full/run0398/00/01/post_vel_ID0000083.meta,/mnt/poseidon-data/poseidon/workflows/casa-wind-workflow-full/submit/poseidon/pegasus/casa-wind-full/run0398/00/01/post_vel_ID0000088.meta --insert /mnt/poseidon-data/poseidon/workflows/casa-wind-workflow-full/submit/poseidon/pegasus/casa-wind-full/run0398/00/02/register_condorpool_2_2.in",2.7,0,0,,,,,,,,,
register_condorpool_2_0,None,auxiliary,0,1694470000.0,,,1694470026.0,,,0.0,1694470027.0,1694470031.0,,,0.0,1694470031.0,1694470036.0,26.0,,1.0,4.0,5.0,,,,,poseidon,local,poseidon-submit,pegasus::rc-client,/mnt/poseidon-data/poseidon/pegasus-5.1.0panorama/bin/pegasus-rc-client,"-n pegasus::rc-client -N null -R local  -L casa-wind-full -T 2023-09-08T07:29:05+00:00 /home/poseidon/pegasus-5.1.0panorama/bin/pegasus-rc-client --prefix pegasus.catalog.replica.output --conf /mnt/poseidon-data/poseidon/workflows/casa-wind-workflow-full/submit/poseidon/pegasus/casa-wind-full/run0398/pegasus.10424050230683689256.properties -v --meta /mnt/poseidon-data/poseidon/workflows/casa-wind-workflow-full/submit/poseidon/pegasus/casa-wind-full/run0398/00/01/post_vel_ID0000023.meta,/mnt/poseidon-data/poseidon/workflows/casa-wind-workflow-full/submit/poseidon/pegasus/casa-wind-full/run0398/00/01/post_vel_ID0000093.meta,/mnt/poseidon-data/poseidon/workflows/casa-wind-workflow-full/submit/poseidon/pegasus/casa-wind-full/run0398/00/01/mvt_ID0000129.meta,/mnt/poseidon-data/poseidon/workflows/casa-wind-workflow-full/submit/poseidon/pegasus/casa-wind-full/run0398/00/02/mvt_ID0000044.meta,/mnt/poseidon-data/poseidon/workflows/casa-wind-workflow-full/submit/poseidon/pegasus/casa-wind-full/run0398/00/02/post_vel_ID0000058.meta,/mnt/poseidon-data/poseidon/workflows/casa-wind-workflow-full/submit/poseidon/pegasus/casa-wind-full/run0398/00/01/post_vel_ID0000068.meta,/mnt/poseidon-data/poseidon/workflows/casa-wind-workflow-full/submit/poseidon/pegasus/casa-wind-full/run0398/00/01/post_vel_ID0000123.meta,/mnt/poseidon-data/poseidon/workflows/casa-wind-workflow-full/submit/poseidon/pegasus/casa-wind-full/run0398/00/02/post_vel_ID0000078.meta,/mnt/poseidon-data/poseidon/workflows/casa-wind-workflow-full/submit/poseidon/pegasus/casa-wind-full/run0398/00/01/mvt_ID0000029.meta --insert /mnt/poseidon-data/poseidon/workflows/casa-wind-workflow-full/submit/poseidon/pegasus/casa-wind-full/run0398/00/02/register_condorpool_2_0.in",2.7,0,0,,,,,,,,,
register_condorpool_2_5,None,auxiliary,0,1694470000.0,,,1694470006.0,,,0.0,1694470006.0,1694470011.0,,,0.0,1694470011.0,1694470016.0,6.0,,0.0,5.0,5.0,,,,,poseidon,local,poseidon-submit,pegasus::rc-client,/mnt/poseidon-data/poseidon/pegasus-5.1.0panorama/bin/pegasus-rc-client,"-n pegasus::rc-client -N null -R local  -L casa-wind-full -T 2023-09-08T07:29:05+00:00 /home/poseidon/pegasus-5.1.0panorama/bin/pegasus-rc-client --prefix pegasus.catalog.replica.output --conf /mnt/poseidon-data/poseidon/workflows/casa-wind-workflow-full/submit/poseidon/pegasus/casa-wind-full/run0398/pegasus.10424050230683689256.properties -v --meta /mnt/poseidon-data/poseidon/workflows/casa-wind-workflow-full/submit/poseidon/pegasus/casa-wind-full/run0398/00/01/mvt_ID0000004.meta,/mnt/poseidon-data/poseidon/workflows/casa-wind-workflow-full/submit/poseidon/pegasus/casa-wind-full/run0398/00/01/mvt_ID0000119.meta,/mnt/poseidon-data/poseidon/workflows/casa-wind-workflow-full/submit/poseidon/pegasus/casa-wind-full/run0398/00/02/post_vel_ID0000053.meta,/mnt/poseidon-data/poseidon/workflows/casa-wind-workflow-full/submit/poseidon/pegasus/casa-wind-full/run0398/00/02/mvt_ID0000114.meta,/mnt/poseidon-data/poseidon/workflows/casa-wind-workflow-full/submit/poseidon/pegasus/casa-wind-full/run0398/00/01/mvt_ID0000034.meta,/mnt/poseidon-data/poseidon/workflows/casa-wind-workflow-full/submit/poseidon/pegasus/casa-wind-full/run0398/00/01/mvt_ID0000014.meta,/mnt/poseidon-data/poseidon/workflows/casa-wind-workflow-full/submit/poseidon/pegasus/casa-wind-full/run0398/00/02/mvt_ID0000109.meta,/mnt/poseidon-data/poseidon/workflows/casa-wind-workflow-full/submit/poseidon/pegasus/casa-wind-full/run0398/00/01/mvt_ID0000064.meta --insert /mnt/poseidon-data/poseidon/workflows/casa-wind-workflow-full/submit/poseidon/pegasus/casa-wind-full/run0398/00/02/register_condorpool_2_5.in",2.7,0,0,,,,,,,,,
register_condorpool_2_3,None,auxiliary,0,1694470000.0,,,1694470036.0,,,0.0,1694470037.0,1694470041.0,,,0.0,1694470041.0,1694470046.0,36.0,,1.0,4.0,5.0,,,,,poseidon,local,poseidon-submit,pegasus::rc-client,/mnt/poseidon-data/poseidon/pegasus-5.1.0panorama/bin/pegasus-rc-client,"-n pegasus::rc-client -N null -R local  -L casa-wind-full -T 2023-09-08T07:29:05+00:00 /home/poseidon/pegasus-5.1.0panorama/bin/pegasus-rc-client --prefix pegasus.catalog.replica.output --conf /mnt/poseidon-data/poseidon/workflows/casa-wind-workflow-full/submit/poseidon/pegasus/casa-wind-full/run0398/pegasus.10424050230683689256.properties -v --meta /mnt/poseidon-data/poseidon/workflows/casa-wind-workflow-full/submit/poseidon/pegasus/casa-wind-full/run0398/00/01/mvt_ID0000084.meta,/mnt/poseidon-data/poseidon/workflows/casa-wind-workflow-full/submit/poseidon/pegasus/casa-wind-full/run0398/00/02/post_vel_ID0000103.meta,/mnt/poseidon-data/poseidon/workflows/casa-wind-workflow-full/submit/poseidon/pegasus/casa-wind-full/run0398/00/01/post_vel_ID0000098.meta,/mnt/poseidon-data/poseidon/workflows/casa-wind-workflow-full/submit/poseidon/pegasus/casa-wind-full/run0398/00/02/post_vel_ID0000048.meta,/mnt/poseidon-data/poseidon/workflows/casa-wind-workflow-full/submit/poseidon/pegasus/casa-wind-full/run0398/00/01/mvt_ID0000009.meta,/mnt/poseidon-data/poseidon/workflows/casa-wind-workflow-full/submit/poseidon/pegasus/casa-wind-full/run0398/00/01/post_vel_ID0000018.meta,/mnt/poseidon-data/poseidon/workflows/casa-wind-workflow-full/submit/poseidon/pegasus/casa-wind-full/run0398/00/01/mvt_ID0000089.meta,/mnt/poseidon-data/poseidon/workflows/casa-wind-workflow-full/submit/poseidon/pegasus/casa-wind-full/run0398/00/02/mvt_ID0000074.meta,/mnt/poseidon-data/poseidon/workflows/casa-wind-workflow-full/submit/poseidon/pegasus/casa-wind-full/run0398/00/02/post_vel_ID0000038.meta --insert /mnt/poseidon-data/poseidon/workflows/casa-wind-workflow-full/submit/poseidon/pegasus/casa-wind-full/run0398/00/02/register_condorpool_2_3.in",2.7,0,0,,,,,,,,,
register_condorpool_2_1,None,auxiliary,0,1694470011.0,,,1694470046.0,,,0.0,1694470046.0,1694470051.0,,,0.0,1694470051.0,1694470056.0,35.0,,0.0,5.0,5.0,,,,,poseidon,local,poseidon-submit,pegasus::rc-client,/mnt/poseidon-data/poseidon/pegasus-5.1.0panorama/bin/pegasus-rc-client,"-n pegasus::rc-client -N null -R local  -L casa-wind-full -T 2023-09-08T07:29:05+00:00 /home/poseidon/pegasus-5.1.0panorama/bin/pegasus-rc-client --prefix pegasus.catalog.replica.output --conf /mnt/poseidon-data/poseidon/workflows/casa-wind-workflow-full/submit/poseidon/pegasus/casa-wind-full/run0398/pegasus.10424050230683689256.properties -v --meta /mnt/poseidon-data/poseidon/workflows/casa-wind-workflow-full/submit/poseidon/pegasus/casa-wind-full/run0398/00/01/post_vel_ID0000028.meta,/mnt/poseidon-data/poseidon/workflows/casa-wind-workflow-full/submit/poseidon/pegasus/casa-wind-full/run0398/00/02/post_vel_ID0000043.meta,/mnt/poseidon-data/poseidon/workflows/casa-wind-workflow-full/submit/poseidon/pegasus/casa-wind-full/run0398/00/01/post_vel_ID0000128.meta,/mnt/poseidon-data/poseidon/workflows/casa-wind-workflow-full/submit/poseidon/pegasus/casa-wind-full/run0398/00/01/mvt_ID0000094.meta,/mnt/poseidon-data/poseidon/workflows/casa-wind-workflow-full/submit/poseidon/pegasus/casa-wind-full/run0398/00/01/mvt_ID0000069.meta,/mnt/poseidon-data/poseidon/workflows/casa-wind-workflow-full/submit/poseidon/pegasus/casa-wind-full/run0398/00/02/mvt_ID0000059.meta,/mnt/poseidon-data/poseidon/workflows/casa-wind-workflow-full/submit/poseidon/pegasus/casa-wind-full/run0398/00/01/mvt_ID0000124.meta,/mnt/poseidon-data/poseidon/workflows/casa-wind-workflow-full/submit/poseidon/pegasus/casa-wind-full/run0398/00/01/mvt_ID0000024.meta,/mnt/poseidon-data/poseidon/workflows/casa-wind-workflow-full/submit/poseidon/pegasus/casa-wind-full/run0398/00/02/mvt_ID0000079.meta --insert /mnt/poseidon-data/poseidon/workflows/casa-wind-workflow-full/submit/poseidon/pegasus/casa-wind-full/run0398/00/02/register_condorpool_2_1.in",2.7,0,0,,,,,,,,,
stage_out_local_condorpool_3_1,None,transfer,0,1694470026.0,,,1694470031.0,,,0.0,1694470032.0,1694470041.0,,,0.0,1694470041.0,1694470046.0,5.0,,1.0,9.0,5.0,,,,,poseidon,local,poseidon-submit,pegasus::transfer,/mnt/poseidon-data/poseidon/pegasus-5.1.0panorama/bin/pegasus-transfer,/home/poseidon/pegasus-5.1.0panorama/bin/../bin/pegasus-kickstart  -n pegasus::transfer -N null -i - -R local  -L casa-wind-full -T 2023-09-08T07:29:05+00:00 /home/poseidon/pegasus-5.1.0panorama/bin/../bin/pegasus-transfer  --threads 2,0.9,0,0,,,,,,,,,
stage_out_local_condorpool_3_2,None,transfer,0,1694470026.0,,,1694470031.0,,,0.0,1694470032.0,1694470041.0,,,0.0,1694470041.0,1694470046.0,5.0,,1.0,9.0,5.0,,,,,poseidon,local,poseidon-submit,pegasus::transfer,/mnt/poseidon-data/poseidon/pegasus-5.1.0panorama/bin/pegasus-transfer,/home/poseidon/pegasus-5.1.0panorama/bin/../bin/pegasus-kickstart  -n pegasus::transfer -N null -i - -R local  -L casa-wind-full -T 2023-09-08T07:29:05+00:00 /home/poseidon/pegasus-5.1.0panorama/bin/../bin/pegasus-transfer  --threads 2,0.9,0,0,,,,,,,,,
stage_out_local_condorpool_3_0,None,transfer,0,1694470036.0,,,1694470041.0,,,0.0,1694470041.0,1694470046.0,,,0.0,1694470046.0,1694470051.0,5.0,,0.0,5.0,5.0,,,,,poseidon,local,poseidon-submit,pegasus::transfer,/mnt/poseidon-data/poseidon/pegasus-5.1.0panorama/bin/pegasus-transfer,/home/poseidon/pegasus-5.1.0panorama/bin/../bin/pegasus-kickstart  -n pegasus::transfer -N null -i - -R local  -L casa-wind-full -T 2023-09-08T07:29:05+00:00 /home/poseidon/pegasus-5.1.0panorama/bin/../bin/pegasus-transfer  --threads 2,0.9,0,0,,,,,,,,,
register_condorpool_3_2,None,auxiliary,0,1694470046.0,,,1694470056.0,,,0.0,1694470057.0,1694470061.0,,,0.0,1694470061.0,1694470066.0,10.0,,1.0,4.0,5.0,,,,,poseidon,local,poseidon-submit,pegasus::rc-client,/mnt/poseidon-data/poseidon/pegasus-5.1.0panorama/bin/pegasus-rc-client,"-n pegasus::rc-client -N null -R local  -L casa-wind-full -T 2023-09-08T07:29:05+00:00 /home/poseidon/pegasus-5.1.0panorama/bin/pegasus-rc-client --prefix pegasus.catalog.replica.output --conf /mnt/poseidon-data/poseidon/workflows/casa-wind-workflow-full/submit/poseidon/pegasus/casa-wind-full/run0398/pegasus.10424050230683689256.properties -v --meta /mnt/poseidon-data/poseidon/workflows/casa-wind-workflow-full/submit/poseidon/pegasus/casa-wind-full/run0398/00/03/point_alert_ID0000110.meta,/mnt/poseidon-data/poseidon/workflows/casa-wind-workflow-full/submit/poseidon/pegasus/casa-wind-full/run0398/00/03/point_alert_ID0000055.meta,/mnt/poseidon-data/poseidon/workflows/casa-wind-workflow-full/submit/poseidon/pegasus/casa-wind-full/run0398/00/02/point_alert_ID0000115.meta,/mnt/poseidon-data/poseidon/workflows/casa-wind-workflow-full/submit/poseidon/pegasus/casa-wind-full/run0398/00/02/point_alert_ID0000120.meta,/mnt/poseidon-data/poseidon/workflows/casa-wind-workflow-full/submit/poseidon/pegasus/casa-wind-full/run0398/00/02/point_alert_ID0000035.meta,/mnt/poseidon-data/poseidon/workflows/casa-wind-workflow-full/submit/poseidon/pegasus/casa-wind-full/run0398/00/02/point_alert_ID0000015.meta,/mnt/poseidon-data/poseidon/workflows/casa-wind-workflow-full/submit/poseidon/pegasus/casa-wind-full/run0398/00/02/point_alert_ID0000065.meta,/mnt/poseidon-data/poseidon/workflows/casa-wind-workflow-full/submit/poseidon/pegasus/casa-wind-full/run0398/00/02/point_alert_ID0000005.meta --insert /mnt/poseidon-data/poseidon/workflows/casa-wind-workflow-full/submit/poseidon/pegasus/casa-wind-full/run0398/00/03/register_condorpool_3_2.in",2.9,0,0,,,,,,,,,
register_condorpool_3_1,None,auxiliary,0,1694470046.0,,,1694470066.0,,,0.0,1694470066.0,1694470071.0,,,0.0,1694470071.0,1694470076.0,20.0,,0.0,5.0,5.0,,,,,poseidon,local,poseidon-submit,pegasus::rc-client,/mnt/poseidon-data/poseidon/pegasus-5.1.0panorama/bin/pegasus-rc-client,"-n pegasus::rc-client -N null -R local  -L casa-wind-full -T 2023-09-08T07:29:05+00:00 /home/poseidon/pegasus-5.1.0panorama/bin/pegasus-rc-client --prefix pegasus.catalog.replica.output --conf /mnt/poseidon-data/poseidon/workflows/casa-wind-workflow-full/submit/poseidon/pegasus/casa-wind-full/run0398/pegasus.10424050230683689256.properties -v --meta /mnt/poseidon-data/poseidon/workflows/casa-wind-workflow-full/submit/poseidon/pegasus/casa-wind-full/run0398/00/02/point_alert_ID0000010.meta,/mnt/poseidon-data/poseidon/workflows/casa-wind-workflow-full/submit/poseidon/pegasus/casa-wind-full/run0398/00/02/point_alert_ID0000090.meta,/mnt/poseidon-data/poseidon/workflows/casa-wind-workflow-full/submit/poseidon/pegasus/casa-wind-full/run0398/00/02/point_alert_ID0000085.meta,/mnt/poseidon-data/poseidon/workflows/casa-wind-workflow-full/submit/poseidon/pegasus/casa-wind-full/run0398/00/02/point_alert_ID0000075.meta,/mnt/poseidon-data/poseidon/workflows/casa-wind-workflow-full/submit/poseidon/pegasus/casa-wind-full/run0398/00/02/point_alert_ID0000100.meta,/mnt/poseidon-data/poseidon/workflows/casa-wind-workflow-full/submit/poseidon/pegasus/casa-wind-full/run0398/00/03/point_alert_ID0000040.meta,/mnt/poseidon-data/poseidon/workflows/casa-wind-workflow-full/submit/poseidon/pegasus/casa-wind-full/run0398/00/02/point_alert_ID0000020.meta,/mnt/poseidon-data/poseidon/workflows/casa-wind-workflow-full/submit/poseidon/pegasus/casa-wind-full/run0398/00/03/point_alert_ID0000050.meta,/mnt/poseidon-data/poseidon/workflows/casa-wind-workflow-full/submit/poseidon/pegasus/casa-wind-full/run0398/00/03/point_alert_ID0000105.meta --insert /mnt/poseidon-data/poseidon/workflows/casa-wind-workflow-full/submit/poseidon/pegasus/casa-wind-full/run0398/00/03/register_condorpool_3_1.in",2.7,0,0,,,,,,,,,
register_condorpool_3_0,None,auxiliary,0,1694470051.0,,,1694470076.0,,,0.0,1694470076.0,1694470081.0,,,0.0,1694470081.0,1694470086.0,25.0,,0.0,5.0,5.0,,,,,poseidon,local,poseidon-submit,pegasus::rc-client,/mnt/poseidon-data/poseidon/pegasus-5.1.0panorama/bin/pegasus-rc-client,"-n pegasus::rc-client -N null -R local  -L casa-wind-full -T 2023-09-08T07:29:05+00:00 /home/poseidon/pegasus-5.1.0panorama/bin/pegasus-rc-client --prefix pegasus.catalog.replica.output --conf /mnt/poseidon-data/poseidon/workflows/casa-wind-workflow-full/submit/poseidon/pegasus/casa-wind-full/run0398/pegasus.10424050230683689256.properties -v --meta /mnt/poseidon-data/poseidon/workflows/casa-wind-workflow-full/submit/poseidon/pegasus/casa-wind-full/run0398/00/02/point_alert_ID0000125.meta,/mnt/poseidon-data/poseidon/workflows/casa-wind-workflow-full/submit/poseidon/pegasus/casa-wind-full/run0398/00/02/point_alert_ID0000095.meta,/mnt/poseidon-data/poseidon/workflows/casa-wind-workflow-full/submit/poseidon/pegasus/casa-wind-full/run0398/00/03/point_alert_ID0000060.meta,/mnt/poseidon-data/poseidon/workflows/casa-wind-workflow-full/submit/poseidon/pegasus/casa-wind-full/run0398/00/02/point_alert_ID0000030.meta,/mnt/poseidon-data/poseidon/workflows/casa-wind-workflow-full/submit/poseidon/pegasus/casa-wind-full/run0398/00/02/point_alert_ID0000025.meta,/mnt/poseidon-data/poseidon/workflows/casa-wind-workflow-full/submit/poseidon/pegasus/casa-wind-full/run0398/00/03/point_alert_ID0000045.meta,/mnt/poseidon-data/poseidon/workflows/casa-wind-workflow-full/submit/poseidon/pegasus/casa-wind-full/run0398/00/02/point_alert_ID0000130.meta,/mnt/poseidon-data/poseidon/workflows/casa-wind-workflow-full/submit/poseidon/pegasus/casa-wind-full/run0398/00/02/point_alert_ID0000070.meta,/mnt/poseidon-data/poseidon/workflows/casa-wind-workflow-full/submit/poseidon/pegasus/casa-wind-full/run0398/00/02/point_alert_ID0000080.meta --insert /mnt/poseidon-data/poseidon/workflows/casa-wind-workflow-full/submit/poseidon/pegasus/casa-wind-full/run0398/00/03/register_condorpool_3_0.in",2.7,0,0,,,,,,,,,
cleanup_casa-wind-full_0_condorpool,None,auxiliary,0,1694470051.0,,,1694470056.0,,,0.0,1694470057.0,1694470066.0,,,0.0,1694470066.0,1694470071.0,5.0,,1.0,9.0,5.0,,,,,poseidon,local,poseidon-submit,pegasus::cleanup,/mnt/poseidon-data/poseidon/pegasus-5.1.0panorama/bin/pegasus-transfer,pegasus-kickstart  -n pegasus::cleanup -N null -i - -R local  -L casa-wind-full -T 2023-09-08T07:29:05+00:00 pegasus-transfer,0.2,0,0,,,,,,,,,
