,anomaly_type,type,is_clustered,ready,pre_script_start,pre_script_end,submit,stage_in_start,stage_in_end,stage_in_effective_bytes_per_sec,execute_start,execute_end,stage_out_start,stage_out_end,stage_out_effective_bytes_per_sec,post_script_start,post_script_end,wms_delay,pre_script_delay,queue_delay,runtime,post_script_delay,stage_in_delay,stage_in_bytes,stage_out_delay,stage_out_bytes,kickstart_user,kickstart_site,kickstart_hostname,kickstart_transformations,kickstart_executables,kickstart_executables_argv,kickstart_executables_cpu_time,kickstart_status,kickstart_executables_exitcode,kickstart_online_iowait,kickstart_online_bytes_read,kickstart_online_bytes_written,kickstart_online_read_system_calls,kickstart_online_write_system_calls,kickstart_online_utime,kickstart_online_stime,kickstart_online_bytes_read_per_second,kickstart_online_bytes_written_per_second
create_dir_casa-wind-full_0_condorpool,None,auxiliary,0,1694462647.0,,,1694462648.0,,,0.0,1694462653.0,1694462658.0,,,0.0,1694462658.0,1694462663.0,1.0,,5.0,5.0,5.0,,,,,poseidon,local,poseidon-submit,pegasus::dirmanager,/mnt/poseidon-data/poseidon/pegasus-5.1.0panorama/bin/pegasus-transfer,pegasus-kickstart  -n pegasus::dirmanager -N null -i - -R local  -L casa-wind-full -T 2023-09-08T07:29:05+00:00 pegasus-transfer,0.3,0,0,,,,,,,,,
unzip_ID0000006,None,compute,0,1694462663.0,,,1694462668.0,1694462677.0,1694462686.0,26781245.0,1694462676.0,1694462723.0,1694462700.0,1694462718.0,29090248.0,1694462723.0,1694462728.0,5.0,,8.0,47.0,5.0,9.0,222753803.0,18.0,501616588.0,poseidon,condorpool,poseidon-worker-1-container-40-43,unzip,/usr/bin/gunzip,,3.9,0,0,,,,,,,,,
unzip_ID0000106,None,compute,0,1694462663.0,,,1694462668.0,1694462678.0,1694462686.0,29405294.0,1694462676.0,1694462728.0,1694462702.0,1694462718.0,31331210.0,1694462728.0,1694462733.0,5.0,,8.0,52.0,5.0,8.0,241199298.0,16.0,501821816.0,poseidon,condorpool,poseidon-worker-1-container-44-47,unzip,/usr/bin/gunzip,,4.1,0,0,,,,,,,,,
unzip_ID0000046,cpu_3,compute,0,1694462663.0,,,1694462668.0,1694462675.0,1694462683.0,27756919.0,1694462673.0,1694462723.0,1694462698.0,1694462716.0,27965285.0,1694462723.0,1694462728.0,5.0,,5.0,50.0,5.0,8.0,229692821.0,18.0,523855228.0,poseidon,condorpool,poseidon-worker-1-container-4-7,unzip,/usr/bin/gunzip,,4.0,0,0,,,,,,,,,
unzip_ID0000101,None,compute,0,1694462663.0,,,1694462668.0,1694462674.0,1694462684.0,25334828.0,1694462673.0,1694462723.0,1694462698.0,1694462716.0,29981014.0,1694462723.0,1694462728.0,5.0,,5.0,50.0,5.0,10.0,250988249.0,18.0,561551644.0,poseidon,condorpool,poseidon-worker-2-container-0-3,unzip,/usr/bin/gunzip,,4.4,0,0,,,,,,,,,
unzip_ID0000026,None,compute,0,1694462663.0,,,1694462668.0,1694462674.0,1694462682.0,29895148.0,1694462673.0,1694462713.0,1694462694.0,1694462704.0,52978350.0,1694462713.0,1694462718.0,5.0,,5.0,40.0,5.0,8.0,227963832.0,10.0,523917888.0,poseidon,condorpool,poseidon-worker-2-container-8-11,unzip,/usr/bin/gunzip,,4.0,0,0,,,,,,,,,
unzip_ID0000031,None,compute,0,1694462663.0,,,1694462668.0,1694462674.0,1694462683.0,26888996.0,1694462672.0,1694462713.0,1694462695.0,1694462707.0,46682292.0,1694462713.0,1694462718.0,5.0,,4.0,41.0,5.0,9.0,237517035.0,12.0,539438752.0,poseidon,condorpool,poseidon-worker-2-container-16-19,unzip,/usr/bin/gunzip,,4.1,0,0,,,,,,,,,
unzip_ID0000076,None,compute,0,1694462663.0,,,1694462668.0,1694462675.0,1694462683.0,28586637.0,1694462673.0,1694462723.0,1694462696.0,1694462713.0,31066296.0,1694462723.0,1694462728.0,5.0,,5.0,50.0,5.0,8.0,233747923.0,17.0,523942844.0,poseidon,condorpool,poseidon-worker-2-container-32-35,unzip,/usr/bin/gunzip,,4.1,0,0,,,,,,,,,
unzip_ID0000011,None,compute,0,1694462663.0,,,1694462668.0,1694462675.0,1694462683.0,28207217.0,1694462673.0,1694462723.0,1694462697.0,1694462717.0,29588992.0,1694462723.0,1694462728.0,5.0,,5.0,50.0,5.0,8.0,235998389.0,20.0,565205920.0,poseidon,condorpool,poseidon-worker-1-container-24-27,unzip,/usr/bin/gunzip,,4.2,0,0,,,,,,,,,
unzip_ID0000056,None,compute,0,1694462663.0,,,1694462668.0,1694462674.0,1694462682.0,30009829.0,1694462673.0,1694462713.0,1694462694.0,1694462707.0,43202470.0,1694462713.0,1694462718.0,5.0,,5.0,40.0,5.0,8.0,232139969.0,13.0,528026776.0,poseidon,condorpool,poseidon-worker-2-container-20-23,unzip,/usr/bin/gunzip,,4.1,0,0,,,,,,,,,
unzip_ID0000111,None,compute,0,1694462663.0,,,1694462668.0,1694462675.0,1694462684.0,27063991.0,1694462673.0,1694462723.0,1694462698.0,1694462717.0,29691722.0,1694462723.0,1694462728.0,5.0,,5.0,50.0,5.0,9.0,256320311.0,19.0,567950764.0,poseidon,condorpool,poseidon-worker-2-container-36-39,unzip,/usr/bin/gunzip,,4.4,0,0,,,,,,,,,
unzip_ID0000071,None,compute,0,1694462663.0,,,1694462668.0,1694462677.0,1694462686.0,24959535.0,1694462675.0,1694462728.0,1694462703.0,1694462718.0,34571276.0,1694462728.0,1694462733.0,5.0,,7.0,53.0,5.0,9.0,240896692.0,15.0,539506600.0,poseidon,condorpool,poseidon-worker-1-container-8-11,unzip,/usr/bin/gunzip,,4.2,0,0,,,,,,,,,
unzip_ID0000051,None,compute,0,1694462663.0,,,1694462668.0,1694462674.0,1694462683.0,27490077.0,1694462672.0,1694462713.0,1694462695.0,1694462707.0,45260008.0,1694462713.0,1694462718.0,5.0,,4.0,41.0,5.0,9.0,239630266.0,12.0,544301296.0,poseidon,condorpool,poseidon-worker-2-container-40-43,unzip,/usr/bin/gunzip,,4.2,0,0,,,,,,,,,
unzip_ID0000126,None,compute,0,1694462663.0,,,1694462668.0,1694462674.0,1694462682.0,30301650.0,1694462673.0,1694462713.0,1694462695.0,1694462706.0,46500177.0,1694462713.0,1694462718.0,5.0,,5.0,40.0,5.0,8.0,249343892.0,11.0,520618424.0,poseidon,condorpool,poseidon-worker-2-container-4-7,unzip,/usr/bin/gunzip,,4.2,0,0,,,,,,,,,
unzip_ID0000091,None,compute,0,1694462663.0,,,1694462668.0,1694462674.0,1694462682.0,30543877.0,1694462673.0,1694462713.0,1694462695.0,1694462707.0,43188963.0,1694462713.0,1694462718.0,5.0,,5.0,40.0,5.0,8.0,246447087.0,12.0,539109992.0,poseidon,condorpool,poseidon-worker-1-container-12-15,unzip,/usr/bin/gunzip,,4.1,0,0,,,,,,,,,
unzip_ID0000096,None,compute,0,1694462663.0,,,1694462668.0,1694462674.0,1694462684.0,24435707.0,1694462673.0,1694462723.0,1694462697.0,1694462714.0,31259650.0,1694462723.0,1694462728.0,5.0,,5.0,50.0,5.0,10.0,240753402.0,17.0,524013876.0,poseidon,condorpool,poseidon-worker-2-container-28-31,unzip,/usr/bin/gunzip,,4.2,0,0,,,,,,,,,
unzip_ID0000081,None,compute,0,1694462663.0,,,1694462668.0,1694462674.0,1694462683.0,30174158.0,1694462672.0,1694462713.0,1694462695.0,1694462707.0,46104081.0,1694462713.0,1694462718.0,5.0,,4.0,41.0,5.0,9.0,245619741.0,12.0,543190672.0,poseidon,condorpool,poseidon-worker-1-container-44-47,unzip,/usr/bin/gunzip,,4.2,0,0,,,,,,,,,
unzip_ID0000041,None,compute,0,1694462663.0,,,1694462668.0,1694462675.0,1694462685.0,23165485.0,1694462673.0,1694462723.0,1694462698.0,1694462717.0,28575946.0,1694462723.0,1694462728.0,5.0,,5.0,50.0,5.0,10.0,238944758.0,19.0,540768928.0,poseidon,condorpool,poseidon-worker-1-container-36-39,unzip,/usr/bin/gunzip,,4.0,0,0,,,,,,,,,
unzip_ID0000061,None,compute,0,1694462663.0,,,1694462668.0,1694462675.0,1694462684.0,24242034.0,1694462673.0,1694462723.0,1694462698.0,1694462717.0,28263541.0,1694462723.0,1694462728.0,5.0,,5.0,50.0,5.0,9.0,240463185.0,19.0,541945820.0,poseidon,condorpool,poseidon-worker-1-container-28-31,unzip,/usr/bin/gunzip,,4.2,0,0,,,,,,,,,
unzip_ID0000121,None,compute,0,1694462663.0,,,1694462668.0,1694462675.0,1694462683.0,30570065.0,1694462673.0,1694462723.0,1694462697.0,1694462717.0,28025840.0,1694462723.0,1694462728.0,5.0,,5.0,50.0,5.0,8.0,250860096.0,20.0,550782944.0,poseidon,condorpool,poseidon-worker-1-container-40-43,unzip,/usr/bin/gunzip,,4.3,0,0,,,,,,,,,
unzip_ID0000001,cpu_3,compute,0,1694462663.0,,,1694462668.0,1694462674.0,1694462683.0,28123971.0,1694462673.0,1694462723.0,1694462696.0,1694462716.0,28599517.0,1694462723.0,1694462728.0,5.0,,5.0,50.0,5.0,9.0,232473216.0,20.0,561354992.0,poseidon,condorpool,poseidon-worker-1-container-20-23,unzip,/usr/bin/gunzip,,4.1,0,0,,,,,,,,,
unzip_ID0000021,None,compute,0,1694462663.0,,,1694462668.0,1694462674.0,1694462683.0,26775534.0,1694462673.0,1694462718.0,1694462696.0,1694462711.0,36053400.0,1694462718.0,1694462723.0,5.0,,5.0,45.0,5.0,9.0,235136662.0,15.0,539178100.0,poseidon,condorpool,poseidon-worker-2-container-44-47,unzip,/usr/bin/gunzip,,4.1,0,0,,,,,,,,,
unzip_ID0000086,None,compute,0,1694462663.0,,,1694462668.0,1694462674.0,1694462681.0,34277227.0,1694462673.0,1694462708.0,1694462693.0,1694462702.0,58916745.0,1694462708.0,1694462713.0,5.0,,5.0,35.0,5.0,7.0,234836668.0,9.0,518838800.0,poseidon,condorpool,poseidon-worker-1-container-0-3,unzip,/usr/bin/gunzip,,3.8,0,0,,,,,,,,,
unzip_ID0000016,None,compute,0,1694462663.0,,,1694462668.0,1694462674.0,1694462683.0,25239664.0,1694462673.0,1694462718.0,1694462696.0,1694462710.0,38399606.0,1694462718.0,1694462723.0,5.0,,5.0,45.0,5.0,9.0,225238888.0,14.0,523826084.0,poseidon,condorpool,poseidon-worker-2-container-24-27,unzip,/usr/bin/gunzip,,4.0,0,0,,,,,,,,,
unzip_ID0000036,None,compute,0,1694462663.0,,,1694462668.0,1694462674.0,1694462681.0,35011120.0,1694462673.0,1694462708.0,1694462693.0,1694462702.0,59649687.0,1694462708.0,1694462713.0,5.0,,5.0,35.0,5.0,7.0,232020704.0,9.0,526952240.0,poseidon,condorpool,poseidon-worker-1-container-16-19,unzip,/usr/bin/gunzip,,4.0,0,0,,,,,,,,,
unzip_ID0000116,None,compute,0,1694462663.0,,,1694462668.0,1694462674.0,1694462681.0,37393532.0,1694462673.0,1694462708.0,1694462693.0,1694462702.0,59992010.0,1694462708.0,1694462713.0,5.0,,5.0,35.0,5.0,7.0,249255741.0,9.0,520850676.0,poseidon,condorpool,poseidon-worker-2-container-12-15,unzip,/usr/bin/gunzip,,4.1,0,0,,,,,,,,,
unzip_ID0000066,None,compute,0,1694462663.0,,,1694462668.0,1694462675.0,1694462684.0,25797694.0,1694462673.0,1694462723.0,1694462698.0,1694462716.0,28377849.0,1694462723.0,1694462728.0,5.0,,5.0,50.0,5.0,9.0,232031705.0,18.0,523661496.0,poseidon,condorpool,poseidon-worker-1-container-32-35,unzip,/usr/bin/gunzip,,4.1,0,0,,,,,,,,,
um_vel_ID0000037,None,compute,0,1694462713.0,,,1694462718.0,1694462720.0,1694462740.0,49989368.2,1694462719.0,1694462763.0,1694462749.0,1694462752.0,176386.0,1694462763.0,1694462768.0,5.0,,1.0,44.0,5.0,20.0,703538992.0,3.0,556900.0,poseidon,condorpool,poseidon-worker-2-container-40-43,um_vel,/opt/UM_VEL/UM_VEL,,1.8,0,0,,,,,,,,,
um_vel_ID0000117,None,compute,0,1694462713.0,,,1694462718.0,1694462720.0,1694462739.0,53957123.0,1694462719.0,1694462758.0,1694462748.0,1694462751.0,170934.0,1694462758.0,1694462763.0,5.0,,1.0,39.0,5.0,19.0,697437428.0,3.0,556900.0,poseidon,condorpool,poseidon-worker-2-container-16-19,um_vel,/opt/UM_VEL/UM_VEL,,1.7,0,0,,,,,,,,,
um_vel_ID0000087,None,compute,0,1694462713.0,,,1694462718.0,1694462720.0,1694462739.0,52996409.5,1694462719.0,1694462758.0,1694462747.0,1694462751.0,168884.0,1694462758.0,1694462763.0,5.0,,1.0,39.0,5.0,19.0,695425552.0,4.0,556900.0,poseidon,condorpool,poseidon-worker-1-container-44-47,um_vel,/opt/UM_VEL/UM_VEL,,1.6,0,0,,,,,,,,,
um_vel_ID0000052,None,compute,0,1694462718.0,,,1694462723.0,1694462726.0,1694462747.0,45646399.1,1694462724.0,1694462768.0,1694462757.0,1694462760.0,176919.0,1694462768.0,1694462773.0,5.0,,1.0,44.0,5.0,21.0,720888048.0,3.0,556900.0,poseidon,condorpool,poseidon-worker-2-container-24-27,um_vel,/opt/UM_VEL/UM_VEL,,1.7,0,0,,,,,,,,,
um_vel_ID0000032,cpu_3,compute,0,1694462718.0,,,1694462723.0,1694462726.0,1694462746.0,51231176.0,1694462724.0,1694462763.0,1694462754.0,1694462757.0,173667.0,1694462763.0,1694462768.0,5.0,,1.0,39.0,5.0,20.0,716025504.0,3.0,556900.0,poseidon,condorpool,poseidon-worker-1-container-4-7,um_vel,/opt/UM_VEL/UM_VEL,,1.7,0,0,,,,,,,,,
um_vel_ID0000092,None,compute,0,1694462718.0,,,1694462723.0,1694462726.0,1694462744.0,59286061.8,1694462724.0,1694462763.0,1694462752.0,1694462755.0,176807.0,1694462763.0,1694462768.0,5.0,,1.0,39.0,5.0,18.0,715696744.0,3.0,556900.0,poseidon,condorpool,poseidon-worker-2-container-36-39,um_vel,/opt/UM_VEL/UM_VEL,,1.8,0,0,,,,,,,,,
um_vel_ID0000057,None,compute,0,1694462718.0,,,1694462723.0,1694462726.0,1694462746.0,50640132.8,1694462724.0,1694462763.0,1694462754.0,1694462758.0,174437.0,1694462763.0,1694462768.0,5.0,,1.0,39.0,5.0,20.0,704613528.0,4.0,556900.0,poseidon,condorpool,poseidon-worker-2-container-4-7,um_vel,/opt/UM_VEL/UM_VEL,,1.8,0,0,,,,,,,,,
um_vel_ID0000127,None,compute,0,1694462718.0,,,1694462723.0,1694462726.0,1694462745.0,53574117.0,1694462724.0,1694462763.0,1694462753.0,1694462757.0,173397.0,1694462763.0,1694462768.0,5.0,,1.0,39.0,5.0,19.0,697205176.0,4.0,556900.0,poseidon,condorpool,poseidon-worker-1-container-40-43,um_vel,/opt/UM_VEL/UM_VEL,,1.7,0,0,,,,,,,,,
um_vel_ID0000027,None,compute,0,1694462718.0,,,1694462723.0,1694462726.0,1694462745.0,52381288.2,1694462724.0,1694462763.0,1694462754.0,1694462757.0,175501.0,1694462763.0,1694462768.0,5.0,,1.0,39.0,5.0,19.0,700504640.0,3.0,556900.0,poseidon,condorpool,poseidon-worker-1-container-32-35,um_vel,/opt/UM_VEL/UM_VEL,,1.8,0,0,,,,,,,,,
um_vel_ID0000082,None,compute,0,1694462718.0,,,1694462723.0,1694462726.0,1694462747.0,48600668.1,1694462724.0,1694462768.0,1694462755.0,1694462758.0,176014.0,1694462768.0,1694462773.0,5.0,,1.0,44.0,5.0,21.0,719777424.0,3.0,556900.0,poseidon,condorpool,poseidon-worker-1-container-40-43,um_vel,/opt/UM_VEL/UM_VEL,,1.7,0,0,,,,,,,,,
um_vel_ID0000017,None,compute,0,1694462723.0,,,1694462728.0,1694462731.0,1694462750.0,54443755.0,1694462730.0,1694462773.0,1694462759.0,1694462762.0,177727.0,1694462773.0,1694462778.0,5.0,,2.0,43.0,5.0,19.0,700412836.0,3.0,556900.0,poseidon,condorpool,poseidon-worker-1-container-8-11,um_vel,/opt/UM_VEL/UM_VEL,,1.7,0,0,,,,,,,,,
um_vel_ID0000022,None,compute,0,1694462723.0,,,1694462728.0,1694462731.0,1694462751.0,49023915.2,1694462730.0,1694462773.0,1694462760.0,1694462764.0,175781.0,1694462773.0,1694462778.0,5.0,,2.0,43.0,5.0,20.0,715764852.0,4.0,556900.0,poseidon,condorpool,poseidon-worker-1-container-36-39,um_vel,/opt/UM_VEL/UM_VEL,,1.7,0,0,,,,,,,,,
um_vel_ID0000102,None,compute,0,1694462728.0,,,1694462733.0,1694462737.0,1694462758.0,48182124.6,1694462735.0,1694462778.0,1694462767.0,1694462770.0,177628.0,1694462778.0,1694462783.0,5.0,,2.0,43.0,5.0,21.0,738138396.0,3.0,556900.0,poseidon,condorpool,poseidon-worker-2-container-20-23,um_vel,/opt/UM_VEL/UM_VEL,,1.7,0,0,,,,,,,,,
um_vel_ID0000047,None,compute,0,1694462728.0,,,1694462733.0,1694462737.0,1694462757.0,48810373.9,1694462735.0,1694462778.0,1694462765.0,1694462769.0,177445.0,1694462778.0,1694462783.0,5.0,,2.0,43.0,5.0,20.0,700441980.0,4.0,556900.0,poseidon,condorpool,poseidon-worker-1-container-44-47,um_vel,/opt/UM_VEL/UM_VEL,,1.6,0,0,,,,,,,,,
um_vel_ID0000012,None,compute,0,1694462728.0,,,1694462733.0,1694462736.0,1694462755.0,57329362.8,1694462734.0,1694462773.0,1694462763.0,1694462767.0,175743.0,1694462773.0,1694462778.0,5.0,,1.0,39.0,5.0,19.0,741792672.0,4.0,556900.0,poseidon,condorpool,poseidon-worker-2-container-32-35,um_vel,/opt/UM_VEL/UM_VEL,,1.8,0,0,,,,,,,,,
um_vel_ID0000077,None,compute,0,1694462728.0,,,1694462733.0,1694462736.0,1694462755.0,51042485.5,1694462734.0,1694462773.0,1694462764.0,1694462767.0,175901.0,1694462773.0,1694462778.0,5.0,,1.0,39.0,5.0,19.0,700529596.0,3.0,556900.0,poseidon,condorpool,poseidon-worker-2-container-8-11,um_vel,/opt/UM_VEL/UM_VEL,,1.7,0,0,,,,,,,,,
um_vel_ID0000007,None,compute,0,1694462728.0,,,1694462733.0,1694462736.0,1694462756.0,48064733.0,1694462734.0,1694462778.0,1694462764.0,1694462768.0,171295.0,1694462778.0,1694462783.0,5.0,,1.0,44.0,5.0,20.0,678203340.0,4.0,556900.0,poseidon,condorpool,poseidon-worker-2-container-28-31,um_vel,/opt/UM_VEL/UM_VEL,,1.7,0,0,,,,,,,,,
um_vel_ID0000112,None,compute,0,1694462728.0,,,1694462733.0,1694462737.0,1694462755.0,57565100.8,1694462735.0,1694462773.0,1694462764.0,1694462767.0,173214.0,1694462773.0,1694462778.0,5.0,,2.0,38.0,5.0,18.0,744537516.0,3.0,556900.0,poseidon,condorpool,poseidon-worker-2-container-44-47,um_vel,/opt/UM_VEL/UM_VEL,,1.8,0,0,,,,,,,,,
um_vel_ID0000042,None,compute,0,1694462728.0,,,1694462733.0,1694462736.0,1694462756.0,50792023.5,1694462734.0,1694462778.0,1694462764.0,1694462768.0,175025.0,1694462778.0,1694462783.0,5.0,,1.0,44.0,5.0,20.0,717355680.0,4.0,556900.0,poseidon,condorpool,poseidon-worker-2-container-0-3,um_vel,/opt/UM_VEL/UM_VEL,,1.7,0,0,,,,,,,,,
um_vel_ID0000097,cpu_3,compute,0,1694462728.0,,,1694462733.0,1694462736.0,1694462754.0,55747676.0,1694462734.0,1694462773.0,1694462763.0,1694462766.0,174280.0,1694462773.0,1694462778.0,5.0,,1.0,39.0,5.0,18.0,700600628.0,3.0,556900.0,poseidon,condorpool,poseidon-worker-1-container-20-23,um_vel,/opt/UM_VEL/UM_VEL,,1.7,0,0,,,,,,,,,
um_vel_ID0000067,None,compute,0,1694462728.0,,,1694462733.0,1694462736.0,1694462756.0,49616468.8,1694462734.0,1694462778.0,1694462765.0,1694462768.0,176085.0,1694462778.0,1694462783.0,5.0,,1.0,44.0,5.0,20.0,700248248.0,3.0,556900.0,poseidon,condorpool,poseidon-worker-1-container-24-27,um_vel,/opt/UM_VEL/UM_VEL,,1.7,0,0,,,,,,,,,
um_vel_ID0000122,None,compute,0,1694462728.0,,,1694462733.0,1694462736.0,1694462756.0,50735238.0,1694462734.0,1694462778.0,1694462765.0,1694462768.0,177440.0,1694462778.0,1694462783.0,5.0,,1.0,44.0,5.0,20.0,727369696.0,3.0,556900.0,poseidon,condorpool,poseidon-worker-1-container-12-15,um_vel,/opt/UM_VEL/UM_VEL,,1.7,0,0,,,,,,,,,
um_vel_ID0000002,None,compute,0,1694462728.0,,,1694462733.0,1694462737.0,1694462757.0,51732347.1,1694462735.0,1694462778.0,1694462765.0,1694462769.0,176377.0,1694462778.0,1694462783.0,5.0,,2.0,43.0,5.0,20.0,737941744.0,4.0,556900.0,poseidon,condorpool,poseidon-worker-1-container-28-31,um_vel,/opt/UM_VEL/UM_VEL,,1.7,0,0,,,,,,,,,
um_vel_ID0000062,None,compute,0,1694462728.0,,,1694462733.0,1694462741.0,1694462762.0,47313301.8,1694462739.0,1694462783.0,1694462770.0,1694462773.0,174492.0,1694462783.0,1694462788.0,5.0,,6.0,44.0,5.0,21.0,718532572.0,3.0,556900.0,poseidon,condorpool,poseidon-worker-1-container-44-47,um_vel,/opt/UM_VEL/UM_VEL,,1.7,0,0,,,,,,,,,
stage_out_local_condorpool_0_2,None,transfer,0,1694462733.0,,,1694462738.0,,,0.0,1694462739.0,1694462773.0,,,0.0,1694462773.0,1694462778.0,5.0,,1.0,34.0,5.0,,,,,poseidon,local,poseidon-submit,pegasus::transfer,/mnt/poseidon-data/poseidon/pegasus-5.1.0panorama/bin/pegasus-transfer,/home/poseidon/pegasus-5.1.0panorama/bin/../bin/pegasus-kickstart  -n pegasus::transfer -N null -i - -R local  -L casa-wind-full -T 2023-09-08T07:29:05+00:00 /home/poseidon/pegasus-5.1.0panorama/bin/../bin/pegasus-transfer  --threads 2,35.4,0,0,,,,,,,,,
stage_out_local_condorpool_0_1,None,transfer,0,1694462733.0,,,1694462738.0,,,0.0,1694462739.0,1694462773.0,,,0.0,1694462773.0,1694462778.0,5.0,,1.0,34.0,5.0,,,,,poseidon,local,poseidon-submit,pegasus::transfer,/mnt/poseidon-data/poseidon/pegasus-5.1.0panorama/bin/pegasus-transfer,/home/poseidon/pegasus-5.1.0panorama/bin/../bin/pegasus-kickstart  -n pegasus::transfer -N null -i - -R local  -L casa-wind-full -T 2023-09-08T07:29:05+00:00 /home/poseidon/pegasus-5.1.0panorama/bin/../bin/pegasus-transfer  --threads 2,35.1,0,0,,,,,,,,,
um_vel_ID0000072,None,compute,0,1694462733.0,,,1694462738.0,1694462759.0,1694462779.0,51239487.5,1694462757.0,1694462798.0,1694462787.0,1694462791.0,177677.0,1694462798.0,1694462803.0,5.0,,19.0,41.0,5.0,20.0,716093352.0,4.0,556900.0,poseidon,condorpool,poseidon-worker-2-container-16-19,um_vel,/opt/UM_VEL/UM_VEL,,1.7,0,0,,,,,,,,,
um_vel_ID0000107,None,compute,0,1694462733.0,,,1694462738.0,1694462759.0,1694462777.0,54904516.0,1694462757.0,1694462798.0,1694462786.0,1694462789.0,171097.0,1694462798.0,1694462803.0,5.0,,19.0,41.0,5.0,18.0,678408568.0,3.0,556900.0,poseidon,condorpool,poseidon-worker-1-container-44-47,um_vel,/opt/UM_VEL/UM_VEL,,1.8,0,0,,,,,,,,,
stage_out_local_condorpool_0_0,None,transfer,0,1694462733.0,,,1694462738.0,,,0.0,1694462739.0,1694462773.0,,,0.0,1694462773.0,1694462778.0,5.0,,1.0,34.0,5.0,,,,,poseidon,local,poseidon-submit,pegasus::transfer,/mnt/poseidon-data/poseidon/pegasus-5.1.0panorama/bin/pegasus-transfer,/home/poseidon/pegasus-5.1.0panorama/bin/../bin/pegasus-kickstart  -n pegasus::transfer -N null -i - -R local  -L casa-wind-full -T 2023-09-08T07:29:05+00:00 /home/poseidon/pegasus-5.1.0panorama/bin/../bin/pegasus-transfer  --threads 2,35.7,0,0,,,,,,,,,
mvt_ID0000089,None,compute,0,1694462763.0,,,1694462768.0,1694462770.0,1694462781.0,33440981.4,1694462769.0,1694462838.0,1694462826.0,1694462830.0,15800.0,1694462838.0,1694462843.0,5.0,,1.0,69.0,5.0,11.0,177143652.0,4.0,48475.0,poseidon,condorpool,poseidon-worker-2-container-40-43,mvt,/opt/mvt/mvt,,39.8,0,0,0.0,791898.0,24576.0,428.0,6.0,29.9,0.1,26396.6,2457.6
mvt_ID0000119,cpu_3,compute,0,1694462763.0,,,1694462768.0,1694462771.0,1694462781.0,35192748.4,1694462769.0,1694462843.0,1694462830.0,1694462833.0,21298.0,1694462843.0,1694462848.0,5.0,,1.0,74.0,5.0,10.0,177143652.0,3.0,65525.0,poseidon,condorpool,poseidon-worker-1-container-4-7,mvt,/opt/mvt/mvt,,39.8,0,0,0.0,792780.0,36864.0,437.0,9.0,36.9,0.1,19819.5,3686.4
post_vel_ID0000118,None,compute,0,1694462763.0,,,1694462768.0,1694462771.0,1694462782.0,34358521.2,1694462769.0,1694462798.0,1694462787.0,1694462790.0,4704.0,1694462798.0,1694462803.0,5.0,,1.0,29.0,5.0,11.0,177143937.0,3.0,14402.0,poseidon,condorpool,poseidon-worker-1-container-40-43,post_vel,/opt/netcdf2png/merged_netcdf2png,,0.1,0,0,,,,,,,,,
post_vel_ID0000088,None,compute,0,1694462763.0,,,1694462768.0,1694462771.0,1694462782.0,34774348.6,1694462769.0,1694462798.0,1694462787.0,1694462790.0,4178.0,1694462798.0,1694462803.0,5.0,,1.0,29.0,5.0,11.0,177143937.0,3.0,12740.0,poseidon,condorpool,poseidon-worker-1-container-40-43,post_vel,/opt/netcdf2png/merged_netcdf2png,,0.1,0,0,,,,,,,,,
post_vel_ID0000058,None,compute,0,1694462768.0,,,1694462773.0,1694462776.0,1694462788.0,29007803.7,1694462774.0,1694462803.0,1694462793.0,1694462796.0,3551.0,1694462803.0,1694462808.0,5.0,,1.0,29.0,5.0,12.0,177143937.0,3.0,10981.0,poseidon,condorpool,poseidon-worker-1-container-8-11,post_vel,/opt/netcdf2png/merged_netcdf2png,,0.1,0,0,,,,,,,,,
mvt_ID0000094,None,compute,0,1694462768.0,,,1694462773.0,1694462776.0,1694462788.0,27993764.6,1694462774.0,1694462843.0,1694462833.0,1694462836.0,16955.0,1694462843.0,1694462848.0,5.0,,1.0,69.0,5.0,12.0,177143652.0,3.0,52407.0,poseidon,condorpool,poseidon-worker-2-container-36-39,mvt,/opt/mvt/mvt,,40.2,0,0,0.0,792927.0,28672.0,437.0,7.0,39.9,0.1,19823.2,1433.6
post_vel_ID0000093,None,compute,0,1694462768.0,,,1694462773.0,1694462776.0,1694462787.0,34779025.2,1694462774.0,1694462803.0,1694462792.0,1694462795.0,4269.0,1694462803.0,1694462808.0,5.0,,1.0,29.0,5.0,11.0,177143937.0,3.0,13303.0,poseidon,condorpool,poseidon-worker-2-container-4-7,post_vel,/opt/netcdf2png/merged_netcdf2png,,0.1,0,0,,,,,,,,,
post_vel_ID0000038,None,compute,0,1694462768.0,,,1694462773.0,1694462775.0,1694462786.0,35218392.8,1694462774.0,1694462803.0,1694462792.0,1694462795.0,3658.0,1694462803.0,1694462808.0,5.0,,1.0,29.0,5.0,11.0,177143937.0,3.0,11227.0,poseidon,condorpool,poseidon-worker-2-container-0-3,post_vel,/opt/netcdf2png/merged_netcdf2png,,0.1,0,0,,,,,,,,,
mvt_ID0000039,None,compute,0,1694462768.0,,,1694462773.0,1694462775.0,1694462786.0,34905509.0,1694462774.0,1694462843.0,1694462832.0,1694462835.0,11141.0,1694462843.0,1694462848.0,5.0,,1.0,69.0,5.0,11.0,177143652.0,3.0,34386.0,poseidon,condorpool,poseidon-worker-2-container-28-31,mvt,/opt/mvt/mvt,,40.1,0,0,0.0,794294.0,16384.0,440.0,4.0,39.9,0.1,19857.3,819.2
mvt_ID0000059,None,compute,0,1694462768.0,,,1694462773.0,1694462776.0,1694462787.0,27471004.4,1694462774.0,1694462843.0,1694462832.0,1694462835.0,9103.0,1694462843.0,1694462848.0,5.0,,1.0,69.0,5.0,11.0,177143652.0,3.0,28164.0,poseidon,condorpool,poseidon-worker-1-container-32-35,mvt,/opt/mvt/mvt,,39.3,0,0,0.0,790513.0,12288.0,425.0,3.0,29.9,0.1,26350.4,1228.8
mvt_ID0000129,None,compute,0,1694462768.0,,,1694462773.0,1694462776.0,1694462787.0,34705737.2,1694462774.0,1694462843.0,1694462832.0,1694462835.0,20755.0,1694462843.0,1694462848.0,5.0,,1.0,69.0,5.0,11.0,177143652.0,3.0,64489.0,poseidon,condorpool,poseidon-worker-2-container-24-27,mvt,/opt/mvt/mvt,,40.2,0,0,0.0,797050.0,36864.0,446.0,9.0,39.9,0.1,19926.2,3686.4
post_vel_ID0000028,cpu_3,compute,0,1694462768.0,,,1694462773.0,1694462776.0,1694462787.0,34660031.4,1694462775.0,1694462803.0,1694462793.0,1694462796.0,3724.0,1694462803.0,1694462808.0,5.0,,2.0,28.0,5.0,11.0,177143937.0,3.0,11529.0,poseidon,condorpool,poseidon-worker-1-container-20-23,post_vel,/opt/netcdf2png/merged_netcdf2png,,0.1,0,0,,,,,,,,,
mvt_ID0000034,None,compute,0,1694462768.0,,,1694462773.0,1694462776.0,1694462787.0,34374014.6,1694462774.0,1694462843.0,1694462832.0,1694462835.0,9950.0,1694462843.0,1694462848.0,5.0,,1.0,69.0,5.0,11.0,177143652.0,3.0,30976.0,poseidon,condorpool,poseidon-worker-2-container-32-35,mvt,/opt/mvt/mvt,,40.1,0,0,0.0,795685.0,16384.0,443.0,4.0,39.9,0.1,19892.1,819.2
post_vel_ID0000128,None,compute,0,1694462768.0,,,1694462773.0,1694462776.0,1694462787.0,34958800.6,1694462774.0,1694462803.0,1694462792.0,1694462795.0,4700.0,1694462803.0,1694462808.0,5.0,,1.0,29.0,5.0,11.0,177143937.0,3.0,14512.0,poseidon,condorpool,poseidon-worker-1-container-36-39,post_vel,/opt/netcdf2png/merged_netcdf2png,,0.1,0,0,,,,,,,,,
mvt_ID0000029,None,compute,0,1694462768.0,,,1694462773.0,1694462776.0,1694462787.0,31830727.2,1694462774.0,1694462843.0,1694462832.0,1694462835.0,12372.0,1694462843.0,1694462848.0,5.0,,1.0,69.0,5.0,11.0,177143652.0,3.0,38341.0,poseidon,condorpool,poseidon-worker-2-container-8-11,mvt,/opt/mvt/mvt,,40.1,0,0,0.0,792885.0,20480.0,437.0,5.0,39.9,0.1,19822.1,1024.0
post_vel_ID0000033,None,compute,0,1694462768.0,,,1694462773.0,1694462776.0,1694462788.0,26143179.7,1694462774.0,1694462803.0,1694462794.0,1694462797.0,3758.0,1694462803.0,1694462808.0,5.0,,1.0,29.0,5.0,12.0,177143937.0,3.0,11464.0,poseidon,condorpool,poseidon-worker-2-container-44-47,post_vel,/opt/netcdf2png/merged_netcdf2png,,0.1,0,0,,,,,,,,,
mvt_ID0000054,None,compute,0,1694462773.0,,,1694462778.0,1694462781.0,1694462792.0,33576069.6,1694462780.0,1694462848.0,1694462837.0,1694462840.0,9304.0,1694462848.0,1694462853.0,5.0,,2.0,68.0,5.0,11.0,177143652.0,3.0,28552.0,poseidon,condorpool,poseidon-worker-1-container-28-31,mvt,/opt/mvt/mvt,,39.6,0,0,0.0,789144.0,12288.0,422.0,3.0,29.9,0.1,26304.8,1228.8
post_vel_ID0000053,None,compute,0,1694462773.0,,,1694462778.0,1694462781.0,1694462793.0,27495620.8,1694462780.0,1694462808.0,1694462798.0,1694462801.0,3513.0,1694462808.0,1694462813.0,5.0,,2.0,28.0,5.0,12.0,177143937.0,3.0,11004.0,poseidon,condorpool,poseidon-worker-2-container-20-23,post_vel,/opt/netcdf2png/merged_netcdf2png,,0.1,0,0,,,,,,,,,
post_vel_ID0000083,None,compute,0,1694462773.0,,,1694462778.0,1694462781.0,1694462792.0,33950546.8,1694462780.0,1694462808.0,1694462798.0,1694462801.0,4077.0,1694462808.0,1694462813.0,5.0,,2.0,28.0,5.0,11.0,177143937.0,3.0,12720.0,poseidon,condorpool,poseidon-worker-1-container-24-27,post_vel,/opt/netcdf2png/merged_netcdf2png,,0.1,0,0,,,,,,,,,
mvt_ID0000084,None,compute,0,1694462773.0,,,1694462778.0,1694462781.0,1694462792.0,34893734.8,1694462780.0,1694462848.0,1694462838.0,1694462841.0,15505.0,1694462848.0,1694462853.0,5.0,,2.0,68.0,5.0,11.0,177143652.0,3.0,47998.0,poseidon,condorpool,poseidon-worker-1-container-44-47,mvt,/opt/mvt/mvt,,40.1,0,0,0.0,831447.0,24576.0,521.0,6.0,39.9,0.1,20786.2,1228.8
mvt_ID0000114,None,compute,0,1694462778.0,,,1694462783.0,1694462801.0,1694462812.0,35243279.4,1694462799.0,1694462868.0,1694462857.0,1694462861.0,23395.0,1694462868.0,1694462873.0,5.0,,16.0,69.0,5.0,11.0,177143652.0,4.0,73234.0,poseidon,condorpool,poseidon-worker-1-container-40-43,mvt,/opt/mvt/mvt,,39.9,0,0,0.0,859226.0,40960.0,575.0,10.0,29.9,0.1,28640.9,4096.0
register_condorpool_0_2,None,auxiliary,0,1694462778.0,,,1694462813.0,,,0.0,1694462814.0,1694462818.0,,,0.0,1694462818.0,1694462823.0,35.0,,1.0,4.0,5.0,,,,,poseidon,local,poseidon-submit,pegasus::rc-client,/mnt/poseidon-data/poseidon/pegasus-5.1.0panorama/bin/pegasus-rc-client,"-n pegasus::rc-client -N null -R local  -L casa-wind-full -T 2023-09-08T07:29:05+00:00 /home/poseidon/pegasus-5.1.0panorama/bin/pegasus-rc-client --prefix pegasus.catalog.replica.output --conf /mnt/poseidon-data/poseidon/workflows/casa-wind-workflow-full/submit/poseidon/pegasus/casa-wind-full/run0383/pegasus.8341343970298640165.properties -v --meta /mnt/poseidon-data/poseidon/workflows/casa-wind-workflow-full/submit/poseidon/pegasus/casa-wind-full/run0383/00/00/unzip_ID0000026.meta,/mnt/poseidon-data/poseidon/workflows/casa-wind-workflow-full/submit/poseidon/pegasus/casa-wind-full/run0383/00/00/unzip_ID0000061.meta,/mnt/poseidon-data/poseidon/workflows/casa-wind-workflow-full/submit/poseidon/pegasus/casa-wind-full/run0383/00/00/unzip_ID0000071.meta,/mnt/poseidon-data/poseidon/workflows/casa-wind-workflow-full/submit/poseidon/pegasus/casa-wind-full/run0383/00/00/unzip_ID0000041.meta,/mnt/poseidon-data/poseidon/workflows/casa-wind-workflow-full/submit/poseidon/pegasus/casa-wind-full/run0383/00/00/unzip_ID0000016.meta,/mnt/poseidon-data/poseidon/workflows/casa-wind-workflow-full/submit/poseidon/pegasus/casa-wind-full/run0383/00/00/unzip_ID0000111.meta,/mnt/poseidon-data/poseidon/workflows/casa-wind-workflow-full/submit/poseidon/pegasus/casa-wind-full/run0383/00/00/unzip_ID0000011.meta,/mnt/poseidon-data/poseidon/workflows/casa-wind-workflow-full/submit/poseidon/pegasus/casa-wind-full/run0383/00/00/unzip_ID0000081.meta,/mnt/poseidon-data/poseidon/workflows/casa-wind-workflow-full/submit/poseidon/pegasus/casa-wind-full/run0383/00/00/unzip_ID0000066.meta,/mnt/poseidon-data/poseidon/workflows/casa-wind-workflow-full/submit/poseidon/pegasus/casa-wind-full/run0383/00/00/unzip_ID0000096.meta,/mnt/poseidon-data/poseidon/workflows/casa-wind-workflow-full/submit/poseidon/pegasus/casa-wind-full/run0383/00/00/unzip_ID0000051.meta,/mnt/poseidon-data/poseidon/workflows/casa-wind-workflow-full/submit/poseidon/pegasus/casa-wind-full/run0383/00/00/unzip_ID0000031.meta,/mnt/poseidon-data/poseidon/workflows/casa-wind-workflow-full/submit/poseidon/pegasus/casa-wind-full/run0383/00/00/unzip_ID0000116.meta,/mnt/poseidon-data/poseidon/workflows/casa-wind-workflow-full/submit/poseidon/pegasus/casa-wind-full/run0383/00/00/unzip_ID0000101.meta,/mnt/poseidon-data/poseidon/workflows/casa-wind-workflow-full/submit/poseidon/pegasus/casa-wind-full/run0383/00/00/unzip_ID0000121.meta,/mnt/poseidon-data/poseidon/workflows/casa-wind-workflow-full/submit/poseidon/pegasus/casa-wind-full/run0383/00/00/unzip_ID0000106.meta,/mnt/poseidon-data/poseidon/workflows/casa-wind-workflow-full/submit/poseidon/pegasus/casa-wind-full/run0383/00/00/unzip_ID0000046.meta,/mnt/poseidon-data/poseidon/workflows/casa-wind-workflow-full/submit/poseidon/pegasus/casa-wind-full/run0383/00/00/unzip_ID0000076.meta,/mnt/poseidon-data/poseidon/workflows/casa-wind-workflow-full/submit/poseidon/pegasus/casa-wind-full/run0383/00/00/unzip_ID0000056.meta,/mnt/poseidon-data/poseidon/workflows/casa-wind-workflow-full/submit/poseidon/pegasus/casa-wind-full/run0383/00/00/unzip_ID0000021.meta,/mnt/poseidon-data/poseidon/workflows/casa-wind-workflow-full/submit/poseidon/pegasus/casa-wind-full/run0383/00/00/unzip_ID0000086.meta,/mnt/poseidon-data/poseidon/workflows/casa-wind-workflow-full/submit/poseidon/pegasus/casa-wind-full/run0383/00/00/unzip_ID0000126.meta,/mnt/poseidon-data/poseidon/workflows/casa-wind-workflow-full/submit/poseidon/pegasus/casa-wind-full/run0383/00/00/unzip_ID0000006.meta,/mnt/poseidon-data/poseidon/workflows/casa-wind-workflow-full/submit/poseidon/pegasus/casa-wind-full/run0383/00/00/unzip_ID0000036.meta,/mnt/poseidon-data/poseidon/workflows/casa-wind-workflow-full/submit/poseidon/pegasus/casa-wind-full/run0383/00/00/unzip_ID0000001.meta,/mnt/poseidon-data/poseidon/workflows/casa-wind-workflow-full/submit/poseidon/pegasus/casa-wind-full/run0383/00/00/unzip_ID0000091.meta --insert /mnt/poseidon-data/poseidon/workflows/casa-wind-workflow-full/submit/poseidon/pegasus/casa-wind-full/run0383/00/00/register_condorpool_0_2.in",3.1,0,0,,,,,,,,,
mvt_ID0000079,None,compute,0,1694462778.0,,,1694462783.0,1694462801.0,1694462814.0,25106171.7,1694462799.0,1694462873.0,1694462859.0,1694462862.0,14523.0,1694462873.0,1694462878.0,5.0,,16.0,74.0,5.0,13.0,177143652.0,3.0,45337.0,poseidon,condorpool,poseidon-worker-1-container-32-35,mvt,/opt/mvt/mvt,,39.8,0,0,0.0,823509.0,24576.0,497.0,6.0,29.9,0.1,27450.3,1228.8
register_condorpool_0_0,None,auxiliary,0,1694462778.0,,,1694462793.0,,,0.0,1694462794.0,1694462798.0,,,0.0,1694462798.0,1694462803.0,15.0,,1.0,4.0,5.0,,,,,poseidon,local,poseidon-submit,pegasus::rc-client,/mnt/poseidon-data/poseidon/pegasus-5.1.0panorama/bin/pegasus-rc-client,"-n pegasus::rc-client -N null -R local  -L casa-wind-full -T 2023-09-08T07:29:05+00:00 /home/poseidon/pegasus-5.1.0panorama/bin/pegasus-rc-client --prefix pegasus.catalog.replica.output --conf /mnt/poseidon-data/poseidon/workflows/casa-wind-workflow-full/submit/poseidon/pegasus/casa-wind-full/run0383/pegasus.8341343970298640165.properties -v --meta /mnt/poseidon-data/poseidon/workflows/casa-wind-workflow-full/submit/poseidon/pegasus/casa-wind-full/run0383/00/00/unzip_ID0000026.meta,/mnt/poseidon-data/poseidon/workflows/casa-wind-workflow-full/submit/poseidon/pegasus/casa-wind-full/run0383/00/00/unzip_ID0000061.meta,/mnt/poseidon-data/poseidon/workflows/casa-wind-workflow-full/submit/poseidon/pegasus/casa-wind-full/run0383/00/00/unzip_ID0000071.meta,/mnt/poseidon-data/poseidon/workflows/casa-wind-workflow-full/submit/poseidon/pegasus/casa-wind-full/run0383/00/00/unzip_ID0000041.meta,/mnt/poseidon-data/poseidon/workflows/casa-wind-workflow-full/submit/poseidon/pegasus/casa-wind-full/run0383/00/00/unzip_ID0000016.meta,/mnt/poseidon-data/poseidon/workflows/casa-wind-workflow-full/submit/poseidon/pegasus/casa-wind-full/run0383/00/00/unzip_ID0000111.meta,/mnt/poseidon-data/poseidon/workflows/casa-wind-workflow-full/submit/poseidon/pegasus/casa-wind-full/run0383/00/00/unzip_ID0000011.meta,/mnt/poseidon-data/poseidon/workflows/casa-wind-workflow-full/submit/poseidon/pegasus/casa-wind-full/run0383/00/00/unzip_ID0000081.meta,/mnt/poseidon-data/poseidon/workflows/casa-wind-workflow-full/submit/poseidon/pegasus/casa-wind-full/run0383/00/00/unzip_ID0000066.meta,/mnt/poseidon-data/poseidon/workflows/casa-wind-workflow-full/submit/poseidon/pegasus/casa-wind-full/run0383/00/00/unzip_ID0000096.meta,/mnt/poseidon-data/poseidon/workflows/casa-wind-workflow-full/submit/poseidon/pegasus/casa-wind-full/run0383/00/00/unzip_ID0000051.meta,/mnt/poseidon-data/poseidon/workflows/casa-wind-workflow-full/submit/poseidon/pegasus/casa-wind-full/run0383/00/00/unzip_ID0000031.meta,/mnt/poseidon-data/poseidon/workflows/casa-wind-workflow-full/submit/poseidon/pegasus/casa-wind-full/run0383/00/00/unzip_ID0000116.meta,/mnt/poseidon-data/poseidon/workflows/casa-wind-workflow-full/submit/poseidon/pegasus/casa-wind-full/run0383/00/00/unzip_ID0000101.meta,/mnt/poseidon-data/poseidon/workflows/casa-wind-workflow-full/submit/poseidon/pegasus/casa-wind-full/run0383/00/00/unzip_ID0000121.meta,/mnt/poseidon-data/poseidon/workflows/casa-wind-workflow-full/submit/poseidon/pegasus/casa-wind-full/run0383/00/00/unzip_ID0000106.meta,/mnt/poseidon-data/poseidon/workflows/casa-wind-workflow-full/submit/poseidon/pegasus/casa-wind-full/run0383/00/00/unzip_ID0000046.meta,/mnt/poseidon-data/poseidon/workflows/casa-wind-workflow-full/submit/poseidon/pegasus/casa-wind-full/run0383/00/00/unzip_ID0000076.meta,/mnt/poseidon-data/poseidon/workflows/casa-wind-workflow-full/submit/poseidon/pegasus/casa-wind-full/run0383/00/00/unzip_ID0000056.meta,/mnt/poseidon-data/poseidon/workflows/casa-wind-workflow-full/submit/poseidon/pegasus/casa-wind-full/run0383/00/00/unzip_ID0000021.meta,/mnt/poseidon-data/poseidon/workflows/casa-wind-workflow-full/submit/poseidon/pegasus/casa-wind-full/run0383/00/00/unzip_ID0000086.meta,/mnt/poseidon-data/poseidon/workflows/casa-wind-workflow-full/submit/poseidon/pegasus/casa-wind-full/run0383/00/00/unzip_ID0000126.meta,/mnt/poseidon-data/poseidon/workflows/casa-wind-workflow-full/submit/poseidon/pegasus/casa-wind-full/run0383/00/00/unzip_ID0000006.meta,/mnt/poseidon-data/poseidon/workflows/casa-wind-workflow-full/submit/poseidon/pegasus/casa-wind-full/run0383/00/00/unzip_ID0000036.meta,/mnt/poseidon-data/poseidon/workflows/casa-wind-workflow-full/submit/poseidon/pegasus/casa-wind-full/run0383/00/00/unzip_ID0000001.meta,/mnt/poseidon-data/poseidon/workflows/casa-wind-workflow-full/submit/poseidon/pegasus/casa-wind-full/run0383/00/00/unzip_ID0000091.meta --insert /mnt/poseidon-data/poseidon/workflows/casa-wind-workflow-full/submit/poseidon/pegasus/casa-wind-full/run0383/00/00/register_condorpool_0_0.in",3.2,0,0,,,,,,,,,
post_vel_ID0000013,None,compute,0,1694462778.0,,,1694462783.0,1694462798.0,1694462809.0,32800936.2,1694462796.0,1694462828.0,1694462815.0,1694462818.0,3666.0,1694462828.0,1694462833.0,5.0,,13.0,32.0,5.0,11.0,177143937.0,3.0,11040.0,poseidon,condorpool,poseidon-worker-1-container-40-43,post_vel,/opt/netcdf2png/merged_netcdf2png,,0.1,0,0,,,,,,,,,
mvt_ID0000014,None,compute,0,1694462778.0,,,1694462783.0,1694462798.0,1694462809.0,35025324.4,1694462797.0,1694462863.0,1694462854.0,1694462857.0,10456.0,1694462863.0,1694462868.0,5.0,,14.0,66.0,5.0,11.0,177143652.0,3.0,31991.0,poseidon,condorpool,poseidon-worker-2-container-16-19,mvt,/opt/mvt/mvt,,39.7,0,0,0.0,819459.0,16384.0,488.0,4.0,29.9,0.1,27315.3,819.2
post_vel_ID0000078,cpu_3,compute,0,1694462778.0,,,1694462783.0,1694462803.0,1694462814.0,29768797.5,1694462801.0,1694462833.0,1694462820.0,1694462823.0,3970.0,1694462833.0,1694462838.0,5.0,,18.0,32.0,5.0,11.0,177143937.0,3.0,12264.0,poseidon,condorpool,poseidon-worker-1-container-20-23,post_vel,/opt/netcdf2png/merged_netcdf2png,,0.1,0,0,,,,,,,,,
register_condorpool_0_1,None,auxiliary,0,1694462778.0,,,1694462783.0,,,0.0,1694462784.0,1694462788.0,,,0.0,1694462788.0,1694462793.0,5.0,,1.0,4.0,5.0,,,,,poseidon,local,poseidon-submit,pegasus::rc-client,/mnt/poseidon-data/poseidon/pegasus-5.1.0panorama/bin/pegasus-rc-client,"-n pegasus::rc-client -N null -R local  -L casa-wind-full -T 2023-09-08T07:29:05+00:00 /home/poseidon/pegasus-5.1.0panorama/bin/pegasus-rc-client --prefix pegasus.catalog.replica.output --conf /mnt/poseidon-data/poseidon/workflows/casa-wind-workflow-full/submit/poseidon/pegasus/casa-wind-full/run0383/pegasus.8341343970298640165.properties -v --meta /mnt/poseidon-data/poseidon/workflows/casa-wind-workflow-full/submit/poseidon/pegasus/casa-wind-full/run0383/00/00/unzip_ID0000026.meta,/mnt/poseidon-data/poseidon/workflows/casa-wind-workflow-full/submit/poseidon/pegasus/casa-wind-full/run0383/00/00/unzip_ID0000061.meta,/mnt/poseidon-data/poseidon/workflows/casa-wind-workflow-full/submit/poseidon/pegasus/casa-wind-full/run0383/00/00/unzip_ID0000071.meta,/mnt/poseidon-data/poseidon/workflows/casa-wind-workflow-full/submit/poseidon/pegasus/casa-wind-full/run0383/00/00/unzip_ID0000041.meta,/mnt/poseidon-data/poseidon/workflows/casa-wind-workflow-full/submit/poseidon/pegasus/casa-wind-full/run0383/00/00/unzip_ID0000016.meta,/mnt/poseidon-data/poseidon/workflows/casa-wind-workflow-full/submit/poseidon/pegasus/casa-wind-full/run0383/00/00/unzip_ID0000111.meta,/mnt/poseidon-data/poseidon/workflows/casa-wind-workflow-full/submit/poseidon/pegasus/casa-wind-full/run0383/00/00/unzip_ID0000011.meta,/mnt/poseidon-data/poseidon/workflows/casa-wind-workflow-full/submit/poseidon/pegasus/casa-wind-full/run0383/00/00/unzip_ID0000081.meta,/mnt/poseidon-data/poseidon/workflows/casa-wind-workflow-full/submit/poseidon/pegasus/casa-wind-full/run0383/00/00/unzip_ID0000066.meta,/mnt/poseidon-data/poseidon/workflows/casa-wind-workflow-full/submit/poseidon/pegasus/casa-wind-full/run0383/00/00/unzip_ID0000096.meta,/mnt/poseidon-data/poseidon/workflows/casa-wind-workflow-full/submit/poseidon/pegasus/casa-wind-full/run0383/00/00/unzip_ID0000051.meta,/mnt/poseidon-data/poseidon/workflows/casa-wind-workflow-full/submit/poseidon/pegasus/casa-wind-full/run0383/00/00/unzip_ID0000031.meta,/mnt/poseidon-data/poseidon/workflows/casa-wind-workflow-full/submit/poseidon/pegasus/casa-wind-full/run0383/00/00/unzip_ID0000116.meta,/mnt/poseidon-data/poseidon/workflows/casa-wind-workflow-full/submit/poseidon/pegasus/casa-wind-full/run0383/00/00/unzip_ID0000101.meta,/mnt/poseidon-data/poseidon/workflows/casa-wind-workflow-full/submit/poseidon/pegasus/casa-wind-full/run0383/00/00/unzip_ID0000121.meta,/mnt/poseidon-data/poseidon/workflows/casa-wind-workflow-full/submit/poseidon/pegasus/casa-wind-full/run0383/00/00/unzip_ID0000106.meta,/mnt/poseidon-data/poseidon/workflows/casa-wind-workflow-full/submit/poseidon/pegasus/casa-wind-full/run0383/00/00/unzip_ID0000046.meta,/mnt/poseidon-data/poseidon/workflows/casa-wind-workflow-full/submit/poseidon/pegasus/casa-wind-full/run0383/00/00/unzip_ID0000076.meta,/mnt/poseidon-data/poseidon/workflows/casa-wind-workflow-full/submit/poseidon/pegasus/casa-wind-full/run0383/00/00/unzip_ID0000056.meta,/mnt/poseidon-data/poseidon/workflows/casa-wind-workflow-full/submit/poseidon/pegasus/casa-wind-full/run0383/00/00/unzip_ID0000021.meta,/mnt/poseidon-data/poseidon/workflows/casa-wind-workflow-full/submit/poseidon/pegasus/casa-wind-full/run0383/00/00/unzip_ID0000086.meta,/mnt/poseidon-data/poseidon/workflows/casa-wind-workflow-full/submit/poseidon/pegasus/casa-wind-full/run0383/00/00/unzip_ID0000126.meta,/mnt/poseidon-data/poseidon/workflows/casa-wind-workflow-full/submit/poseidon/pegasus/casa-wind-full/run0383/00/00/unzip_ID0000006.meta,/mnt/poseidon-data/poseidon/workflows/casa-wind-workflow-full/submit/poseidon/pegasus/casa-wind-full/run0383/00/00/unzip_ID0000036.meta,/mnt/poseidon-data/poseidon/workflows/casa-wind-workflow-full/submit/poseidon/pegasus/casa-wind-full/run0383/00/00/unzip_ID0000001.meta,/mnt/poseidon-data/poseidon/workflows/casa-wind-workflow-full/submit/poseidon/pegasus/casa-wind-full/run0383/00/00/unzip_ID0000091.meta --insert /mnt/poseidon-data/poseidon/workflows/casa-wind-workflow-full/submit/poseidon/pegasus/casa-wind-full/run0383/00/00/register_condorpool_0_1.in",3.3,0,0,,,,,,,,,
post_vel_ID0000113,None,compute,0,1694462778.0,,,1694462783.0,1694462802.0,1694462813.0,30793719.8,1694462800.0,1694462828.0,1694462819.0,1694462822.0,4721.0,1694462828.0,1694462833.0,5.0,,17.0,28.0,5.0,11.0,177143937.0,3.0,14745.0,poseidon,condorpool,poseidon-worker-1-container-44-47,post_vel,/opt/netcdf2png/merged_netcdf2png,,0.1,0,0,,,,,,,,,
mvt_ID0000099,None,compute,0,1694462778.0,,,1694462783.0,1694462802.0,1694462814.0,28528637.2,1694462801.0,1694462873.0,1694462859.0,1694462862.0,16267.0,1694462873.0,1694462878.0,5.0,,18.0,72.0,5.0,12.0,177143652.0,3.0,50118.0,poseidon,condorpool,poseidon-worker-1-container-36-39,mvt,/opt/mvt/mvt,,39.8,0,0,0.0,829080.0,28672.0,509.0,7.0,29.9,0.1,27636.0,1433.6
post_vel_ID0000098,None,compute,0,1694462778.0,,,1694462783.0,1694462802.0,1694462814.0,28905146.2,1694462800.0,1694462833.0,1694462820.0,1694462823.0,4355.0,1694462833.0,1694462838.0,5.0,,17.0,33.0,5.0,12.0,177143937.0,3.0,13355.0,poseidon,condorpool,poseidon-worker-1-container-28-31,post_vel,/opt/netcdf2png/merged_netcdf2png,,0.1,0,0,,,,,,,,,
post_vel_ID0000018,None,compute,0,1694462778.0,,,1694462783.0,1694462786.0,1694462797.0,35074063.2,1694462784.0,1694462813.0,1694462802.0,1694462805.0,3709.0,1694462813.0,1694462818.0,5.0,,1.0,29.0,5.0,11.0,177143937.0,3.0,11645.0,poseidon,condorpool,poseidon-worker-1-container-12-15,post_vel,/opt/netcdf2png/merged_netcdf2png,,0.1,0,0,,,,,,,,,
mvt_ID0000019,None,compute,0,1694462778.0,,,1694462783.0,1694462786.0,1694462796.0,29641316.5,1694462784.0,1694462853.0,1694462842.0,1694462845.0,11752.0,1694462853.0,1694462858.0,5.0,,1.0,69.0,5.0,10.0,177143652.0,3.0,36245.0,poseidon,condorpool,poseidon-worker-1-container-44-47,mvt,/opt/mvt/mvt,,39.7,0,0,0.0,845494.0,20480.0,545.0,5.0,29.9,0.1,28183.1,1024.0
mvt_ID0000024,None,compute,0,1694462778.0,,,1694462783.0,1694462798.0,1694462809.0,34597636.4,1694462796.0,1694462863.0,1694462854.0,1694462857.0,9836.0,1694462863.0,1694462868.0,5.0,,13.0,67.0,5.0,11.0,177143652.0,3.0,30705.0,poseidon,condorpool,poseidon-worker-1-container-40-43,mvt,/opt/mvt/mvt,,39.4,0,0,0.0,842791.0,16384.0,539.0,4.0,29.9,0.1,28093.0,819.2
post_vel_ID0000023,None,compute,0,1694462778.0,,,1694462783.0,1694462797.0,1694462809.0,29260594.3,1694462795.0,1694462828.0,1694462814.0,1694462817.0,3662.0,1694462828.0,1694462833.0,5.0,,12.0,33.0,5.0,12.0,177143937.0,3.0,11372.0,poseidon,condorpool,poseidon-worker-1-container-44-47,post_vel,/opt/netcdf2png/merged_netcdf2png,,0.1,0,0,,,,,,,,,
post_vel_ID0000048,None,compute,0,1694462783.0,,,1694462788.0,1694462801.0,1694462813.0,28045522.7,1694462799.0,1694462828.0,1694462819.0,1694462822.0,3346.0,1694462828.0,1694462833.0,5.0,,11.0,29.0,5.0,12.0,177143937.0,3.0,10371.0,poseidon,condorpool,poseidon-worker-2-container-0-3,post_vel,/opt/netcdf2png/merged_netcdf2png,,0.1,0,0,,,,,,,,,
mvt_ID0000044,None,compute,0,1694462783.0,,,1694462788.0,1694462801.0,1694462812.0,33548173.2,1694462799.0,1694462868.0,1694462857.0,1694462861.0,9115.0,1694462868.0,1694462873.0,5.0,,11.0,69.0,5.0,11.0,177143652.0,4.0,28113.0,poseidon,condorpool,poseidon-worker-1-container-24-27,mvt,/opt/mvt/mvt,,39.8,0,0,0.0,801557.0,12288.0,449.0,3.0,29.9,0.1,26718.6,1228.8
post_vel_ID0000008,None,compute,0,1694462783.0,,,1694462788.0,1694462801.0,1694462814.0,24830657.7,1694462799.0,1694462828.0,1694462819.0,1694462822.0,3536.0,1694462828.0,1694462833.0,5.0,,11.0,29.0,5.0,13.0,177143937.0,3.0,10982.0,poseidon,condorpool,poseidon-worker-2-container-36-39,post_vel,/opt/netcdf2png/merged_netcdf2png,,0.1,0,0,,,,,,,,,
mvt_ID0000009,None,compute,0,1694462783.0,,,1694462788.0,1694462801.0,1694462812.0,33566024.6,1694462799.0,1694462868.0,1694462857.0,1694462860.0,11402.0,1694462868.0,1694462873.0,5.0,,11.0,69.0,5.0,11.0,177143652.0,3.0,35429.0,poseidon,condorpool,poseidon-worker-2-container-20-23,mvt,/opt/mvt/mvt,,39.5,0,0,0.0,789215.0,20480.0,422.0,5.0,29.9,0.1,26307.2,1024.0
mvt_ID0000049,None,compute,0,1694462783.0,,,1694462788.0,1694462802.0,1694462813.0,34233808.2,1694462800.0,1694462868.0,1694462857.0,1694462860.0,7259.0,1694462868.0,1694462873.0,5.0,,12.0,68.0,5.0,11.0,177143652.0,3.0,24108.0,poseidon,condorpool,poseidon-worker-2-container-8-11,mvt,/opt/mvt/mvt,,38.2,0,0,0.0,823448.0,12288.0,497.0,3.0,29.9,0.1,27448.3,1228.8
post_vel_ID0000103,None,compute,0,1694462783.0,,,1694462788.0,1694462801.0,1694462816.0,20973108.2,1694462800.0,1694462833.0,1694462821.0,1694462824.0,4500.0,1694462833.0,1694462838.0,5.0,,12.0,33.0,5.0,15.0,177143937.0,3.0,13815.0,poseidon,condorpool,poseidon-worker-2-container-28-31,post_vel,/opt/netcdf2png/merged_netcdf2png,,0.1,0,0,,,,,,,,,
mvt_ID0000104,None,compute,0,1694462783.0,,,1694462788.0,1694462801.0,1694462815.0,23094540.9,1694462799.0,1694462873.0,1694462859.0,1694462862.0,19250.0,1694462873.0,1694462878.0,5.0,,11.0,74.0,5.0,14.0,177143652.0,3.0,59590.0,poseidon,condorpool,poseidon-worker-1-container-12-15,mvt,/opt/mvt/mvt,,39.5,0,0,0.0,790593.0,32768.0,425.0,8.0,29.9,0.1,26353.1,3276.8
post_vel_ID0000003,None,compute,0,1694462783.0,,,1694462788.0,1694462801.0,1694462812.0,35320884.4,1694462799.0,1694462828.0,1694462817.0,1694462820.0,3538.0,1694462828.0,1694462833.0,5.0,,11.0,29.0,5.0,11.0,177143937.0,3.0,10865.0,poseidon,condorpool,poseidon-worker-2-container-16-19,post_vel,/opt/netcdf2png/merged_netcdf2png,,0.1,0,0,,,,,,,,,
mvt_ID0000004,None,compute,0,1694462783.0,,,1694462788.0,1694462801.0,1694462813.0,27194768.2,1694462800.0,1694462868.0,1694462857.0,1694462860.0,9390.0,1694462868.0,1694462873.0,5.0,,12.0,68.0,5.0,12.0,177143652.0,3.0,28781.0,poseidon,condorpool,poseidon-worker-2-container-4-7,mvt,/opt/mvt/mvt,,38.3,0,0,0.0,804206.0,16384.0,455.0,4.0,29.9,0.1,26806.9,819.2
post_vel_ID0000123,None,compute,0,1694462783.0,,,1694462788.0,1694462802.0,1694462813.0,34430833.2,1694462800.0,1694462828.0,1694462818.0,1694462821.0,4741.0,1694462828.0,1694462833.0,5.0,,12.0,28.0,5.0,11.0,177143937.0,3.0,14777.0,poseidon,condorpool,poseidon-worker-2-container-40-43,post_vel,/opt/netcdf2png/merged_netcdf2png,,0.1,0,0,,,,,,,,,
mvt_ID0000124,None,compute,0,1694462783.0,,,1694462788.0,1694462801.0,1694462813.0,29304548.0,1694462799.0,1694462873.0,1694462859.0,1694462862.0,22741.0,1694462873.0,1694462878.0,5.0,,11.0,74.0,5.0,12.0,177143652.0,3.0,70564.0,poseidon,condorpool,poseidon-worker-1-container-8-11,mvt,/opt/mvt/mvt,,40.6,0,0,0.0,802537.0,40960.0,458.0,10.0,39.9,0.1,20063.4,4096.0
post_vel_ID0000068,None,compute,0,1694462783.0,,,1694462788.0,1694462801.0,1694462812.0,34141045.6,1694462799.0,1694462828.0,1694462817.0,1694462821.0,3666.0,1694462828.0,1694462833.0,5.0,,11.0,29.0,5.0,11.0,177143937.0,4.0,11398.0,poseidon,condorpool,poseidon-worker-2-container-44-47,post_vel,/opt/netcdf2png/merged_netcdf2png,,0.1,0,0,,,,,,,,,
mvt_ID0000069,None,compute,0,1694462783.0,,,1694462788.0,1694462802.0,1694462813.0,31820617.0,1694462800.0,1694462868.0,1694462858.0,1694462861.0,11419.0,1694462868.0,1694462873.0,5.0,,12.0,68.0,5.0,11.0,177143652.0,3.0,35309.0,poseidon,condorpool,poseidon-worker-2-container-24-27,mvt,/opt/mvt/mvt,,39.5,0,0,0.0,823506.0,16384.0,497.0,4.0,29.9,0.1,27450.2,819.2
stage_out_local_condorpool_1_0,None,transfer,0,1694462783.0,,,1694462788.0,,,0.0,1694462789.0,1694462793.0,,,0.0,1694462793.0,1694462798.0,5.0,,1.0,4.0,5.0,,,,,poseidon,local,poseidon-submit,pegasus::transfer,/mnt/poseidon-data/poseidon/pegasus-5.1.0panorama/bin/pegasus-transfer,/home/poseidon/pegasus-5.1.0panorama/bin/../bin/pegasus-kickstart  -n pegasus::transfer -N null -i - -R local  -L casa-wind-full -T 2023-09-08T07:29:05+00:00 /home/poseidon/pegasus-5.1.0panorama/bin/../bin/pegasus-transfer  --threads 2,1.0,0,0,,,,,,,,,
post_vel_ID0000043,None,compute,0,1694462783.0,,,1694462788.0,1694462801.0,1694462812.0,29950027.0,1694462800.0,1694462828.0,1694462818.0,1694462821.0,3511.0,1694462828.0,1694462833.0,5.0,,12.0,28.0,5.0,11.0,177143937.0,3.0,11050.0,poseidon,condorpool,poseidon-worker-2-container-32-35,post_vel,/opt/netcdf2png/merged_netcdf2png,,0.1,0,0,,,,,,,,,
mvt_ID0000064,None,compute,0,1694462788.0,,,1694462793.0,1694462801.0,1694462815.0,20617360.8,1694462799.0,1694462873.0,1694462860.0,1694462863.0,10141.0,1694462873.0,1694462878.0,5.0,,6.0,74.0,5.0,14.0,177143652.0,3.0,31148.0,poseidon,condorpool,poseidon-worker-1-container-0-3,mvt,/opt/mvt/mvt,,39.4,0,0,0.0,793061.0,16384.0,431.0,4.0,29.9,0.1,26435.4,819.2
post_vel_ID0000063,cpu_3,compute,0,1694462788.0,,,1694462793.0,1694462809.0,1694462822.0,33077273.4,1694462804.0,1694462838.0,1694462828.0,1694462831.0,3660.0,1694462838.0,1694462843.0,5.0,,11.0,34.0,5.0,13.0,177143937.0,3.0,11628.0,poseidon,condorpool,poseidon-worker-1-container-4-7,post_vel,/opt/netcdf2png/merged_netcdf2png,,0.1,0,0,,,,,,,,,
register_condorpool_1_0,None,auxiliary,0,1694462798.0,,,1694462803.0,,,0.0,1694462804.0,1694462808.0,,,0.0,1694462808.0,1694462813.0,5.0,,1.0,4.0,5.0,,,,,poseidon,local,poseidon-submit,pegasus::rc-client,/mnt/poseidon-data/poseidon/pegasus-5.1.0panorama/bin/pegasus-rc-client,"-n pegasus::rc-client -N null -R local  -L casa-wind-full -T 2023-09-08T07:29:05+00:00 /home/poseidon/pegasus-5.1.0panorama/bin/pegasus-rc-client --prefix pegasus.catalog.replica.output --conf /mnt/poseidon-data/poseidon/workflows/casa-wind-workflow-full/submit/poseidon/pegasus/casa-wind-full/run0383/pegasus.8341343970298640165.properties -v --meta /mnt/poseidon-data/poseidon/workflows/casa-wind-workflow-full/submit/poseidon/pegasus/casa-wind-full/run0383/00/01/um_vel_ID0000067.meta,/mnt/poseidon-data/poseidon/workflows/casa-wind-workflow-full/submit/poseidon/pegasus/casa-wind-full/run0383/00/00/um_vel_ID0000127.meta,/mnt/poseidon-data/poseidon/workflows/casa-wind-workflow-full/submit/poseidon/pegasus/casa-wind-full/run0383/00/00/um_vel_ID0000122.meta,/mnt/poseidon-data/poseidon/workflows/casa-wind-workflow-full/submit/poseidon/pegasus/casa-wind-full/run0383/00/00/um_vel_ID0000092.meta,/mnt/poseidon-data/poseidon/workflows/casa-wind-workflow-full/submit/poseidon/pegasus/casa-wind-full/run0383/00/01/um_vel_ID0000077.meta,/mnt/poseidon-data/poseidon/workflows/casa-wind-workflow-full/submit/poseidon/pegasus/casa-wind-full/run0383/00/01/um_vel_ID0000057.meta,/mnt/poseidon-data/poseidon/workflows/casa-wind-workflow-full/submit/poseidon/pegasus/casa-wind-full/run0383/00/00/um_vel_ID0000027.meta,/mnt/poseidon-data/poseidon/workflows/casa-wind-workflow-full/submit/poseidon/pegasus/casa-wind-full/run0383/00/01/um_vel_ID0000042.meta,/mnt/poseidon-data/poseidon/workflows/casa-wind-workflow-full/submit/poseidon/pegasus/casa-wind-full/run0383/00/00/um_vel_ID0000022.meta --insert /mnt/poseidon-data/poseidon/workflows/casa-wind-workflow-full/submit/poseidon/pegasus/casa-wind-full/run0383/00/01/register_condorpool_1_0.in",2.8,0,0,,,,,,,,,
stage_out_local_condorpool_1_1,None,transfer,0,1694462803.0,,,1694462808.0,,,0.0,1694462809.0,1694462813.0,,,0.0,1694462813.0,1694462818.0,5.0,,1.0,4.0,5.0,,,,,poseidon,local,poseidon-submit,pegasus::transfer,/mnt/poseidon-data/poseidon/pegasus-5.1.0panorama/bin/pegasus-transfer,/home/poseidon/pegasus-5.1.0panorama/bin/../bin/pegasus-kickstart  -n pegasus::transfer -N null -i - -R local  -L casa-wind-full -T 2023-09-08T07:29:05+00:00 /home/poseidon/pegasus-5.1.0panorama/bin/../bin/pegasus-transfer  --threads 2,0.9,0,0,,,,,,,,,
post_vel_ID0000073,None,compute,0,1694462803.0,,,1694462808.0,1694462811.0,1694462822.0,35355884.6,1694462809.0,1694462838.0,1694462827.0,1694462830.0,3861.0,1694462838.0,1694462843.0,5.0,,1.0,29.0,5.0,11.0,177143937.0,3.0,11825.0,poseidon,condorpool,poseidon-worker-1-container-36-39,post_vel,/opt/netcdf2png/merged_netcdf2png,,0.1,0,0,,,,,,,,,
post_vel_ID0000108,None,compute,0,1694462803.0,,,1694462808.0,1694462811.0,1694462822.0,29759076.5,1694462809.0,1694462838.0,1694462827.0,1694462830.0,4546.0,1694462838.0,1694462843.0,5.0,,1.0,29.0,5.0,11.0,177143937.0,3.0,13907.0,poseidon,condorpool,poseidon-worker-1-container-8-11,post_vel,/opt/netcdf2png/merged_netcdf2png,,0.1,0,0,,,,,,,,,
stage_out_local_condorpool_1_2,None,transfer,0,1694462803.0,,,1694462808.0,,,0.0,1694462809.0,1694462813.0,,,0.0,1694462813.0,1694462818.0,5.0,,1.0,4.0,5.0,,,,,poseidon,local,poseidon-submit,pegasus::transfer,/mnt/poseidon-data/poseidon/pegasus-5.1.0panorama/bin/pegasus-transfer,/home/poseidon/pegasus-5.1.0panorama/bin/../bin/pegasus-kickstart  -n pegasus::transfer -N null -i - -R local  -L casa-wind-full -T 2023-09-08T07:29:05+00:00 /home/poseidon/pegasus-5.1.0panorama/bin/../bin/pegasus-transfer  --threads 2,0.9,0,0,,,,,,,,,
mvt_ID0000109,None,compute,0,1694462803.0,,,1694462808.0,1694462811.0,1694462822.0,29833842.5,1694462809.0,1694462878.0,1694462866.0,1694462869.0,19172.0,1694462878.0,1694462883.0,5.0,,1.0,69.0,5.0,11.0,177143652.0,3.0,59954.0,poseidon,condorpool,poseidon-worker-2-container-4-7,mvt,/opt/mvt/mvt,,39.0,0,0,0.0,824821.0,32768.0,500.0,8.0,29.9,0.1,27494.0,1638.4
mvt_ID0000074,None,compute,0,1694462803.0,,,1694462808.0,1694462811.0,1694462822.0,29833572.0,1694462809.0,1694462878.0,1694462867.0,1694462870.0,12584.0,1694462878.0,1694462883.0,5.0,,1.0,69.0,5.0,11.0,177143652.0,3.0,38855.0,poseidon,condorpool,poseidon-worker-1-container-24-27,mvt,/opt/mvt/mvt,,39.4,0,0,0.0,824965.0,20480.0,500.0,5.0,29.9,0.1,27498.8,1024.0
register_condorpool_1_2,None,auxiliary,0,1694462818.0,,,1694462833.0,,,0.0,1694462834.0,1694462838.0,,,0.0,1694462838.0,1694462843.0,15.0,,1.0,4.0,5.0,,,,,poseidon,local,poseidon-submit,pegasus::rc-client,/mnt/poseidon-data/poseidon/pegasus-5.1.0panorama/bin/pegasus-rc-client,"-n pegasus::rc-client -N null -R local  -L casa-wind-full -T 2023-09-08T07:29:05+00:00 /home/poseidon/pegasus-5.1.0panorama/bin/pegasus-rc-client --prefix pegasus.catalog.replica.output --conf /mnt/poseidon-data/poseidon/workflows/casa-wind-workflow-full/submit/poseidon/pegasus/casa-wind-full/run0383/pegasus.8341343970298640165.properties -v --meta /mnt/poseidon-data/poseidon/workflows/casa-wind-workflow-full/submit/poseidon/pegasus/casa-wind-full/run0383/00/00/um_vel_ID0000117.meta,/mnt/poseidon-data/poseidon/workflows/casa-wind-workflow-full/submit/poseidon/pegasus/casa-wind-full/run0383/00/01/um_vel_ID0000052.meta,/mnt/poseidon-data/poseidon/workflows/casa-wind-workflow-full/submit/poseidon/pegasus/casa-wind-full/run0383/00/00/um_vel_ID0000002.meta,/mnt/poseidon-data/poseidon/workflows/casa-wind-workflow-full/submit/poseidon/pegasus/casa-wind-full/run0383/00/00/um_vel_ID0000012.meta,/mnt/poseidon-data/poseidon/workflows/casa-wind-workflow-full/submit/poseidon/pegasus/casa-wind-full/run0383/00/00/um_vel_ID0000032.meta,/mnt/poseidon-data/poseidon/workflows/casa-wind-workflow-full/submit/poseidon/pegasus/casa-wind-full/run0383/00/01/um_vel_ID0000062.meta,/mnt/poseidon-data/poseidon/workflows/casa-wind-workflow-full/submit/poseidon/pegasus/casa-wind-full/run0383/00/01/um_vel_ID0000112.meta,/mnt/poseidon-data/poseidon/workflows/casa-wind-workflow-full/submit/poseidon/pegasus/casa-wind-full/run0383/00/01/um_vel_ID0000107.meta --insert /mnt/poseidon-data/poseidon/workflows/casa-wind-workflow-full/submit/poseidon/pegasus/casa-wind-full/run0383/00/01/register_condorpool_1_2.in",2.7,0,0,,,,,,,,,
register_condorpool_1_1,None,auxiliary,0,1694462818.0,,,1694462823.0,,,0.0,1694462823.0,1694462828.0,,,0.0,1694462828.0,1694462833.0,5.0,,0.0,5.0,5.0,,,,,poseidon,local,poseidon-submit,pegasus::rc-client,/mnt/poseidon-data/poseidon/pegasus-5.1.0panorama/bin/pegasus-rc-client,"-n pegasus::rc-client -N null -R local  -L casa-wind-full -T 2023-09-08T07:29:05+00:00 /home/poseidon/pegasus-5.1.0panorama/bin/pegasus-rc-client --prefix pegasus.catalog.replica.output --conf /mnt/poseidon-data/poseidon/workflows/casa-wind-workflow-full/submit/poseidon/pegasus/casa-wind-full/run0383/pegasus.8341343970298640165.properties -v --meta /mnt/poseidon-data/poseidon/workflows/casa-wind-workflow-full/submit/poseidon/pegasus/casa-wind-full/run0383/00/00/um_vel_ID0000017.meta,/mnt/poseidon-data/poseidon/workflows/casa-wind-workflow-full/submit/poseidon/pegasus/casa-wind-full/run0383/00/01/um_vel_ID0000037.meta,/mnt/poseidon-data/poseidon/workflows/casa-wind-workflow-full/submit/poseidon/pegasus/casa-wind-full/run0383/00/00/um_vel_ID0000082.meta,/mnt/poseidon-data/poseidon/workflows/casa-wind-workflow-full/submit/poseidon/pegasus/casa-wind-full/run0383/00/00/um_vel_ID0000097.meta,/mnt/poseidon-data/poseidon/workflows/casa-wind-workflow-full/submit/poseidon/pegasus/casa-wind-full/run0383/00/01/um_vel_ID0000047.meta,/mnt/poseidon-data/poseidon/workflows/casa-wind-workflow-full/submit/poseidon/pegasus/casa-wind-full/run0383/00/00/um_vel_ID0000087.meta,/mnt/poseidon-data/poseidon/workflows/casa-wind-workflow-full/submit/poseidon/pegasus/casa-wind-full/run0383/00/01/um_vel_ID0000007.meta,/mnt/poseidon-data/poseidon/workflows/casa-wind-workflow-full/submit/poseidon/pegasus/casa-wind-full/run0383/00/01/um_vel_ID0000072.meta,/mnt/poseidon-data/poseidon/workflows/casa-wind-workflow-full/submit/poseidon/pegasus/casa-wind-full/run0383/00/01/um_vel_ID0000102.meta --insert /mnt/poseidon-data/poseidon/workflows/casa-wind-workflow-full/submit/poseidon/pegasus/casa-wind-full/run0383/00/01/register_condorpool_1_1.in",2.7,0,0,,,,,,,,,
point_alert_ID0000090,None,compute,0,1694462843.0,,,1694462848.0,1694462851.0,1694462862.0,29794405.5,1694462849.0,1694462878.0,1694462867.0,1694462870.0,6659.0,1694462878.0,1694462883.0,5.0,,1.0,29.0,5.0,11.0,176656458.0,3.0,20638.0,poseidon,condorpool,poseidon-worker-1-container-40-43,point_alert,/opt/pointAlert/pointAlert,,0.0,0,0,,,,,,,,,
point_alert_ID0000120,None,compute,0,1694462848.0,,,1694462853.0,1694462856.0,1694462867.0,34295283.2,1694462854.0,1694462883.0,1694462872.0,1694462875.0,7066.0,1694462883.0,1694462888.0,5.0,,1.0,29.0,5.0,11.0,176673508.0,3.0,21998.0,poseidon,condorpool,poseidon-worker-1-container-44-47,point_alert,/opt/pointAlert/pointAlert,,0.0,0,0,,,,,,,,,
point_alert_ID0000030,None,compute,0,1694462848.0,,,1694462853.0,1694462856.0,1694462867.0,29680601.0,1694462854.0,1694462883.0,1694462872.0,1694462875.0,6466.0,1694462883.0,1694462888.0,5.0,,1.0,29.0,5.0,11.0,176646324.0,3.0,20158.0,poseidon,condorpool,poseidon-worker-1-container-8-11,point_alert,/opt/pointAlert/pointAlert,,0.0,0,0,,,,,,,,,
point_alert_ID0000130,None,compute,0,1694462848.0,,,1694462853.0,1694462856.0,1694462867.0,29634211.5,1694462854.0,1694462883.0,1694462872.0,1694462875.0,7445.0,1694462883.0,1694462888.0,5.0,,1.0,29.0,5.0,11.0,176672472.0,3.0,23118.0,poseidon,condorpool,poseidon-worker-2-container-40-43,point_alert,/opt/pointAlert/pointAlert,,0.0,0,0,,,,,,,,,
point_alert_ID0000035,None,compute,0,1694462848.0,,,1694462853.0,1694462856.0,1694462867.0,33871175.0,1694462854.0,1694462883.0,1694462872.0,1694462875.0,6438.0,1694462883.0,1694462888.0,5.0,,1.0,29.0,5.0,11.0,176638959.0,3.0,20078.0,poseidon,condorpool,poseidon-worker-1-container-28-31,point_alert,/opt/pointAlert/pointAlert,,0.0,0,0,,,,,,,,,
point_alert_ID0000060,None,compute,0,1694462848.0,,,1694462853.0,1694462856.0,1694462867.0,32922578.6,1694462854.0,1694462883.0,1694462872.0,1694462875.0,6720.0,1694462883.0,1694462888.0,5.0,,1.0,29.0,5.0,11.0,176636147.0,3.0,20878.0,poseidon,condorpool,poseidon-worker-2-container-36-39,point_alert,/opt/pointAlert/pointAlert,,0.0,0,0,,,,,,,,,
point_alert_ID0000095,None,compute,0,1694462848.0,,,1694462853.0,1694462856.0,1694462867.0,33870128.0,1694462854.0,1694462883.0,1694462872.0,1694462875.0,6681.0,1694462883.0,1694462888.0,5.0,,1.0,29.0,5.0,11.0,176660390.0,3.0,20718.0,poseidon,condorpool,poseidon-worker-1-container-32-35,point_alert,/opt/pointAlert/pointAlert,,0.0,0,0,,,,,,,,,
point_alert_ID0000040,cpu_3,compute,0,1694462848.0,,,1694462853.0,1694462856.0,1694462867.0,30474478.4,1694462854.0,1694462883.0,1694462873.0,1694462876.0,6615.0,1694462883.0,1694462888.0,5.0,,1.0,29.0,5.0,11.0,176642369.0,3.0,20558.0,poseidon,condorpool,poseidon-worker-1-container-4-7,point_alert,/opt/pointAlert/pointAlert,,0.0,0,0,,,,,,,,,
point_alert_ID0000055,None,compute,0,1694462853.0,,,1694462858.0,1694462861.0,1694462872.0,29803421.5,1694462859.0,1694462888.0,1694462877.0,1694462880.0,6734.0,1694462888.0,1694462893.0,5.0,,1.0,29.0,5.0,11.0,176636535.0,3.0,20638.0,poseidon,condorpool,poseidon-worker-2-container-36-39,point_alert,/opt/pointAlert/pointAlert,,0.0,0,0,,,,,,,,,
stage_out_local_condorpool_2_4,None,transfer,0,1694462853.0,,,1694462858.0,,,0.0,1694462859.0,1694462868.0,,,0.0,1694462868.0,1694462873.0,5.0,,1.0,9.0,5.0,,,,,poseidon,local,poseidon-submit,pegasus::transfer,/mnt/poseidon-data/poseidon/pegasus-5.1.0panorama/bin/pegasus-transfer,/home/poseidon/pegasus-5.1.0panorama/bin/../bin/pegasus-kickstart  -n pegasus::transfer -N null -i - -R local  -L casa-wind-full -T 2023-09-08T07:29:05+00:00 /home/poseidon/pegasus-5.1.0panorama/bin/../bin/pegasus-transfer  --threads 2,0.8,0,0,,,,,,,,,
point_alert_ID0000085,None,compute,0,1694462853.0,,,1694462858.0,1694462861.0,1694462872.0,34198155.4,1694462859.0,1694462888.0,1694462877.0,1694462880.0,6849.0,1694462888.0,1694462893.0,5.0,,1.0,29.0,5.0,11.0,176655981.0,3.0,21118.0,poseidon,condorpool,poseidon-worker-2-container-24-27,point_alert,/opt/pointAlert/pointAlert,,0.0,0,0,,,,,,,,,
point_alert_ID0000020,None,compute,0,1694462858.0,,,1694462863.0,1694462866.0,1694462877.0,29891591.5,1694462864.0,1694462893.0,1694462882.0,1694462885.0,6688.0,1694462893.0,1694462898.0,5.0,,1.0,29.0,5.0,11.0,176644228.0,3.0,20478.0,poseidon,condorpool,poseidon-worker-1-container-40-43,point_alert,/opt/pointAlert/pointAlert,,0.0,0,0,,,,,,,,,
point_alert_ID0000025,None,compute,0,1694462868.0,,,1694462873.0,1694462876.0,1694462887.0,29745406.6,1694462874.0,1694462903.0,1694462892.0,1694462895.0,6601.0,1694462903.0,1694462908.0,5.0,,1.0,29.0,5.0,11.0,176638688.0,3.0,20078.0,poseidon,condorpool,poseidon-worker-2-container-24-27,point_alert,/opt/pointAlert/pointAlert,,0.0,0,0,,,,,,,,,
point_alert_ID0000015,None,compute,0,1694462868.0,,,1694462873.0,1694462876.0,1694462886.0,29719596.0,1694462874.0,1694462903.0,1694462892.0,1694462895.0,6720.0,1694462903.0,1694462908.0,5.0,,1.0,29.0,5.0,10.0,176639974.0,3.0,20558.0,poseidon,condorpool,poseidon-worker-2-container-4-7,point_alert,/opt/pointAlert/pointAlert,,0.0,0,0,,,,,,,,,
point_alert_ID0000010,None,compute,0,1694462873.0,,,1694462878.0,1694462881.0,1694462892.0,33693877.4,1694462879.0,1694462908.0,1694462897.0,1694462900.0,6560.0,1694462908.0,1694462913.0,5.0,,1.0,29.0,5.0,11.0,176643412.0,3.0,20478.0,poseidon,condorpool,poseidon-worker-2-container-16-19,point_alert,/opt/pointAlert/pointAlert,,0.0,0,0,,,,,,,,,
register_condorpool_2_4,None,auxiliary,0,1694462873.0,,,1694462878.0,,,0.0,1694462879.0,1694462883.0,,,0.0,1694462883.0,1694462888.0,5.0,,1.0,4.0,5.0,,,,,poseidon,local,poseidon-submit,pegasus::rc-client,/mnt/poseidon-data/poseidon/pegasus-5.1.0panorama/bin/pegasus-rc-client,"-n pegasus::rc-client -N null -R local  -L casa-wind-full -T 2023-09-08T07:29:05+00:00 /home/poseidon/pegasus-5.1.0panorama/bin/pegasus-rc-client --prefix pegasus.catalog.replica.output --conf /mnt/poseidon-data/poseidon/workflows/casa-wind-workflow-full/submit/poseidon/pegasus/casa-wind-full/run0383/pegasus.8341343970298640165.properties -v --meta /mnt/poseidon-data/poseidon/workflows/casa-wind-workflow-full/submit/poseidon/pegasus/casa-wind-full/run0383/00/02/post_vel_ID0000108.meta,/mnt/poseidon-data/poseidon/workflows/casa-wind-workflow-full/submit/poseidon/pegasus/casa-wind-full/run0383/00/01/post_vel_ID0000063.meta,/mnt/poseidon-data/poseidon/workflows/casa-wind-workflow-full/submit/poseidon/pegasus/casa-wind-full/run0383/00/01/post_vel_ID0000013.meta,/mnt/poseidon-data/poseidon/workflows/casa-wind-workflow-full/submit/poseidon/pegasus/casa-wind-full/run0383/00/02/mvt_ID0000054.meta,/mnt/poseidon-data/poseidon/workflows/casa-wind-workflow-full/submit/poseidon/pegasus/casa-wind-full/run0383/00/01/post_vel_ID0000033.meta,/mnt/poseidon-data/poseidon/workflows/casa-wind-workflow-full/submit/poseidon/pegasus/casa-wind-full/run0383/00/02/post_vel_ID0000113.meta,/mnt/poseidon-data/poseidon/workflows/casa-wind-workflow-full/submit/poseidon/pegasus/casa-wind-full/run0383/00/01/post_vel_ID0000003.meta,/mnt/poseidon-data/poseidon/workflows/casa-wind-workflow-full/submit/poseidon/pegasus/casa-wind-full/run0383/00/01/post_vel_ID0000118.meta --insert /mnt/poseidon-data/poseidon/workflows/casa-wind-workflow-full/submit/poseidon/pegasus/casa-wind-full/run0383/00/02/register_condorpool_2_4.in",2.9,0,0,,,,,,,,,
point_alert_ID0000115,None,compute,0,1694462873.0,,,1694462878.0,1694462881.0,1694462892.0,29922080.5,1694462879.0,1694462908.0,1694462897.0,1694462901.0,6957.0,1694462908.0,1694462913.0,5.0,,1.0,29.0,5.0,11.0,176681217.0,4.0,21598.0,poseidon,condorpool,poseidon-worker-1-container-40-43,point_alert,/opt/pointAlert/pointAlert,,0.0,0,0,,,,,,,,,
point_alert_ID0000070,None,compute,0,1694462873.0,,,1694462878.0,1694462881.0,1694462893.0,29715846.8,1694462879.0,1694462908.0,1694462898.0,1694462901.0,6691.0,1694462908.0,1694462913.0,5.0,,1.0,29.0,5.0,12.0,176643292.0,3.0,20558.0,poseidon,condorpool,poseidon-worker-1-container-12-15,point_alert,/opt/pointAlert/pointAlert,,0.0,0,0,,,,,,,,,
point_alert_ID0000005,None,compute,0,1694462873.0,,,1694462878.0,1694462881.0,1694462892.0,34429434.6,1694462879.0,1694462908.0,1694462897.0,1694462900.0,6579.0,1694462908.0,1694462913.0,5.0,,1.0,29.0,5.0,11.0,176636764.0,3.0,20398.0,poseidon,condorpool,poseidon-worker-2-container-4-7,point_alert,/opt/pointAlert/pointAlert,,0.0,0,0,,,,,,,,,
stage_out_local_condorpool_2_0,None,transfer,0,1694462873.0,,,1694462878.0,,,0.0,1694462879.0,1694462883.0,,,0.0,1694462883.0,1694462888.0,5.0,,1.0,4.0,5.0,,,,,poseidon,local,poseidon-submit,pegasus::transfer,/mnt/poseidon-data/poseidon/pegasus-5.1.0panorama/bin/pegasus-transfer,/home/poseidon/pegasus-5.1.0panorama/bin/../bin/pegasus-kickstart  -n pegasus::transfer -N null -i - -R local  -L casa-wind-full -T 2023-09-08T07:29:05+00:00 /home/poseidon/pegasus-5.1.0panorama/bin/../bin/pegasus-transfer  --threads 2,0.9,0,0,,,,,,,,,
point_alert_ID0000045,None,compute,0,1694462873.0,,,1694462878.0,1694462881.0,1694462892.0,29565691.0,1694462879.0,1694462908.0,1694462897.0,1694462900.0,6769.0,1694462908.0,1694462913.0,5.0,,1.0,29.0,5.0,11.0,176636096.0,3.0,20798.0,poseidon,condorpool,poseidon-worker-1-container-32-35,point_alert,/opt/pointAlert/pointAlert,,0.0,0,0,,,,,,,,,
point_alert_ID0000050,None,compute,0,1694462873.0,,,1694462878.0,1694462881.0,1694462892.0,30002750.0,1694462879.0,1694462908.0,1694462897.0,1694462901.0,6705.0,1694462908.0,1694462913.0,5.0,,1.0,29.0,5.0,11.0,176632091.0,4.0,20878.0,poseidon,condorpool,poseidon-worker-1-container-40-43,point_alert,/opt/pointAlert/pointAlert,,0.0,0,0,,,,,,,,,
point_alert_ID0000065,None,compute,0,1694462878.0,,,1694462883.0,1694462886.0,1694462897.0,29775739.0,1694462885.0,1694462913.0,1694462902.0,1694462905.0,6575.0,1694462913.0,1694462918.0,5.0,,2.0,28.0,5.0,11.0,176639131.0,3.0,20238.0,poseidon,condorpool,poseidon-worker-2-container-36-39,point_alert,/opt/pointAlert/pointAlert,,0.0,0,0,,,,,,,,,
stage_out_local_condorpool_2_1,None,transfer,0,1694462878.0,,,1694462883.0,,,0.0,1694462884.0,1694462893.0,,,0.0,1694462893.0,1694462898.0,5.0,,1.0,9.0,5.0,,,,,poseidon,local,poseidon-submit,pegasus::transfer,/mnt/poseidon-data/poseidon/pegasus-5.1.0panorama/bin/pegasus-transfer,/home/poseidon/pegasus-5.1.0panorama/bin/../bin/pegasus-kickstart  -n pegasus::transfer -N null -i - -R local  -L casa-wind-full -T 2023-09-08T07:29:05+00:00 /home/poseidon/pegasus-5.1.0panorama/bin/../bin/pegasus-transfer  --threads 2,0.9,0,0,,,,,,,,,
point_alert_ID0000125,cpu_3,compute,0,1694462878.0,,,1694462883.0,1694462886.0,1694462897.0,29672964.5,1694462885.0,1694462913.0,1694462903.0,1694462906.0,7397.0,1694462913.0,1694462918.0,5.0,,2.0,28.0,5.0,11.0,176678547.0,3.0,22878.0,poseidon,condorpool,poseidon-worker-1-container-4-7,point_alert,/opt/pointAlert/pointAlert,,0.0,0,0,,,,,,,,,
point_alert_ID0000080,None,compute,0,1694462878.0,,,1694462883.0,1694462886.0,1694462897.0,29592971.0,1694462885.0,1694462913.0,1694462903.0,1694462906.0,6745.0,1694462913.0,1694462918.0,5.0,,2.0,28.0,5.0,11.0,176653320.0,3.0,20718.0,poseidon,condorpool,poseidon-worker-1-container-44-47,point_alert,/opt/pointAlert/pointAlert,,0.0,0,0,,,,,,,,,
point_alert_ID0000100,None,compute,0,1694462878.0,,,1694462883.0,1694462886.0,1694462897.0,29606357.5,1694462885.0,1694462913.0,1694462903.0,1694462906.0,6656.0,1694462913.0,1694462918.0,5.0,,2.0,28.0,5.0,11.0,176658101.0,3.0,20638.0,poseidon,condorpool,poseidon-worker-1-container-8-11,point_alert,/opt/pointAlert/pointAlert,,0.0,0,0,,,,,,,,,
point_alert_ID0000105,None,compute,0,1694462878.0,,,1694462883.0,1694462886.0,1694462897.0,29857372.0,1694462885.0,1694462913.0,1694462903.0,1694462906.0,6909.0,1694462913.0,1694462918.0,5.0,,2.0,28.0,5.0,11.0,176667573.0,3.0,21278.0,poseidon,condorpool,poseidon-worker-1-container-28-31,point_alert,/opt/pointAlert/pointAlert,,0.0,0,0,,,,,,,,,
stage_out_local_condorpool_2_2,None,transfer,0,1694462878.0,,,1694462883.0,,,0.0,1694462884.0,1694462893.0,,,0.0,1694462893.0,1694462898.0,5.0,,1.0,9.0,5.0,,,,,poseidon,local,poseidon-submit,pegasus::transfer,/mnt/poseidon-data/poseidon/pegasus-5.1.0panorama/bin/pegasus-transfer,/home/poseidon/pegasus-5.1.0panorama/bin/../bin/pegasus-kickstart  -n pegasus::transfer -N null -i - -R local  -L casa-wind-full -T 2023-09-08T07:29:05+00:00 /home/poseidon/pegasus-5.1.0panorama/bin/../bin/pegasus-transfer  --threads 2,0.9,0,0,,,,,,,,,
stage_out_local_condorpool_2_3,None,transfer,0,1694462883.0,,,1694462888.0,,,0.0,1694462889.0,1694462898.0,,,0.0,1694462898.0,1694462903.0,5.0,,1.0,9.0,5.0,,,,,poseidon,local,poseidon-submit,pegasus::transfer,/mnt/poseidon-data/poseidon/pegasus-5.1.0panorama/bin/pegasus-transfer,/home/poseidon/pegasus-5.1.0panorama/bin/../bin/pegasus-kickstart  -n pegasus::transfer -N null -i - -R local  -L casa-wind-full -T 2023-09-08T07:29:05+00:00 /home/poseidon/pegasus-5.1.0panorama/bin/../bin/pegasus-transfer  --threads 2,0.9,0,0,,,,,,,,,
stage_out_local_condorpool_2_5,None,transfer,0,1694462883.0,,,1694462888.0,,,0.0,1694462889.0,1694462898.0,,,0.0,1694462898.0,1694462903.0,5.0,,1.0,9.0,5.0,,,,,poseidon,local,poseidon-submit,pegasus::transfer,/mnt/poseidon-data/poseidon/pegasus-5.1.0panorama/bin/pegasus-transfer,/home/poseidon/pegasus-5.1.0panorama/bin/../bin/pegasus-kickstart  -n pegasus::transfer -N null -i - -R local  -L casa-wind-full -T 2023-09-08T07:29:05+00:00 /home/poseidon/pegasus-5.1.0panorama/bin/../bin/pegasus-transfer  --threads 2,0.9,0,0,,,,,,,,,
point_alert_ID0000110,None,compute,0,1694462883.0,,,1694462888.0,1694462891.0,1694462901.0,29575431.0,1694462889.0,1694462918.0,1694462907.0,1694462910.0,6913.0,1694462918.0,1694462923.0,5.0,,1.0,29.0,5.0,10.0,176667937.0,3.0,21038.0,poseidon,condorpool,poseidon-worker-1-container-32-35,point_alert,/opt/pointAlert/pointAlert,,0.0,0,0,,,,,,,,,
point_alert_ID0000075,None,compute,0,1694462883.0,,,1694462888.0,1694462890.0,1694462901.0,29626106.0,1694462889.0,1694462918.0,1694462907.0,1694462910.0,6717.0,1694462918.0,1694462923.0,5.0,,1.0,29.0,5.0,11.0,176646838.0,3.0,20558.0,poseidon,condorpool,poseidon-worker-2-container-40-43,point_alert,/opt/pointAlert/pointAlert,,0.0,0,0,,,,,,,,,
register_condorpool_2_0,None,auxiliary,0,1694462888.0,,,1694462893.0,,,0.0,1694462894.0,1694462898.0,,,0.0,1694462898.0,1694462903.0,5.0,,1.0,4.0,5.0,,,,,poseidon,local,poseidon-submit,pegasus::rc-client,/mnt/poseidon-data/poseidon/pegasus-5.1.0panorama/bin/pegasus-rc-client,"-n pegasus::rc-client -N null -R local  -L casa-wind-full -T 2023-09-08T07:29:05+00:00 /home/poseidon/pegasus-5.1.0panorama/bin/pegasus-rc-client --prefix pegasus.catalog.replica.output --conf /mnt/poseidon-data/poseidon/workflows/casa-wind-workflow-full/submit/poseidon/pegasus/casa-wind-full/run0383/pegasus.8341343970298640165.properties -v --meta /mnt/poseidon-data/poseidon/workflows/casa-wind-workflow-full/submit/poseidon/pegasus/casa-wind-full/run0383/00/01/post_vel_ID0000023.meta,/mnt/poseidon-data/poseidon/workflows/casa-wind-workflow-full/submit/poseidon/pegasus/casa-wind-full/run0383/00/01/post_vel_ID0000093.meta,/mnt/poseidon-data/poseidon/workflows/casa-wind-workflow-full/submit/poseidon/pegasus/casa-wind-full/run0383/00/01/mvt_ID0000129.meta,/mnt/poseidon-data/poseidon/workflows/casa-wind-workflow-full/submit/poseidon/pegasus/casa-wind-full/run0383/00/02/mvt_ID0000044.meta,/mnt/poseidon-data/poseidon/workflows/casa-wind-workflow-full/submit/poseidon/pegasus/casa-wind-full/run0383/00/02/post_vel_ID0000058.meta,/mnt/poseidon-data/poseidon/workflows/casa-wind-workflow-full/submit/poseidon/pegasus/casa-wind-full/run0383/00/01/post_vel_ID0000068.meta,/mnt/poseidon-data/poseidon/workflows/casa-wind-workflow-full/submit/poseidon/pegasus/casa-wind-full/run0383/00/01/post_vel_ID0000123.meta,/mnt/poseidon-data/poseidon/workflows/casa-wind-workflow-full/submit/poseidon/pegasus/casa-wind-full/run0383/00/02/post_vel_ID0000078.meta,/mnt/poseidon-data/poseidon/workflows/casa-wind-workflow-full/submit/poseidon/pegasus/casa-wind-full/run0383/00/01/mvt_ID0000029.meta --insert /mnt/poseidon-data/poseidon/workflows/casa-wind-workflow-full/submit/poseidon/pegasus/casa-wind-full/run0383/00/02/register_condorpool_2_0.in",2.6,0,0,,,,,,,,,
register_condorpool_2_1,None,auxiliary,0,1694462898.0,,,1694462903.0,,,0.0,1694462903.0,1694462908.0,,,0.0,1694462908.0,1694462913.0,5.0,,0.0,5.0,5.0,,,,,poseidon,local,poseidon-submit,pegasus::rc-client,/mnt/poseidon-data/poseidon/pegasus-5.1.0panorama/bin/pegasus-rc-client,"-n pegasus::rc-client -N null -R local  -L casa-wind-full -T 2023-09-08T07:29:05+00:00 /home/poseidon/pegasus-5.1.0panorama/bin/pegasus-rc-client --prefix pegasus.catalog.replica.output --conf /mnt/poseidon-data/poseidon/workflows/casa-wind-workflow-full/submit/poseidon/pegasus/casa-wind-full/run0383/pegasus.8341343970298640165.properties -v --meta /mnt/poseidon-data/poseidon/workflows/casa-wind-workflow-full/submit/poseidon/pegasus/casa-wind-full/run0383/00/01/post_vel_ID0000028.meta,/mnt/poseidon-data/poseidon/workflows/casa-wind-workflow-full/submit/poseidon/pegasus/casa-wind-full/run0383/00/02/post_vel_ID0000043.meta,/mnt/poseidon-data/poseidon/workflows/casa-wind-workflow-full/submit/poseidon/pegasus/casa-wind-full/run0383/00/01/post_vel_ID0000128.meta,/mnt/poseidon-data/poseidon/workflows/casa-wind-workflow-full/submit/poseidon/pegasus/casa-wind-full/run0383/00/01/mvt_ID0000094.meta,/mnt/poseidon-data/poseidon/workflows/casa-wind-workflow-full/submit/poseidon/pegasus/casa-wind-full/run0383/00/01/mvt_ID0000069.meta,/mnt/poseidon-data/poseidon/workflows/casa-wind-workflow-full/submit/poseidon/pegasus/casa-wind-full/run0383/00/02/mvt_ID0000059.meta,/mnt/poseidon-data/poseidon/workflows/casa-wind-workflow-full/submit/poseidon/pegasus/casa-wind-full/run0383/00/01/mvt_ID0000124.meta,/mnt/poseidon-data/poseidon/workflows/casa-wind-workflow-full/submit/poseidon/pegasus/casa-wind-full/run0383/00/01/mvt_ID0000024.meta,/mnt/poseidon-data/poseidon/workflows/casa-wind-workflow-full/submit/poseidon/pegasus/casa-wind-full/run0383/00/02/mvt_ID0000079.meta --insert /mnt/poseidon-data/poseidon/workflows/casa-wind-workflow-full/submit/poseidon/pegasus/casa-wind-full/run0383/00/02/register_condorpool_2_1.in",2.8,0,0,,,,,,,,,
register_condorpool_2_2,None,auxiliary,0,1694462898.0,,,1694462934.0,,,0.0,1694462934.0,1694462939.0,,,0.0,1694462939.0,1694462944.0,36.0,,0.0,5.0,5.0,,,,,poseidon,local,poseidon-submit,pegasus::rc-client,/mnt/poseidon-data/poseidon/pegasus-5.1.0panorama/bin/pegasus-rc-client,"-n pegasus::rc-client -N null -R local  -L casa-wind-full -T 2023-09-08T07:29:05+00:00 /home/poseidon/pegasus-5.1.0panorama/bin/pegasus-rc-client --prefix pegasus.catalog.replica.output --conf /mnt/poseidon-data/poseidon/workflows/casa-wind-workflow-full/submit/poseidon/pegasus/casa-wind-full/run0383/pegasus.8341343970298640165.properties -v --meta /mnt/poseidon-data/poseidon/workflows/casa-wind-workflow-full/submit/poseidon/pegasus/casa-wind-full/run0383/00/02/post_vel_ID0000073.meta,/mnt/poseidon-data/poseidon/workflows/casa-wind-workflow-full/submit/poseidon/pegasus/casa-wind-full/run0383/00/02/mvt_ID0000039.meta,/mnt/poseidon-data/poseidon/workflows/casa-wind-workflow-full/submit/poseidon/pegasus/casa-wind-full/run0383/00/01/mvt_ID0000099.meta,/mnt/poseidon-data/poseidon/workflows/casa-wind-workflow-full/submit/poseidon/pegasus/casa-wind-full/run0383/00/01/post_vel_ID0000008.meta,/mnt/poseidon-data/poseidon/workflows/casa-wind-workflow-full/submit/poseidon/pegasus/casa-wind-full/run0383/00/02/mvt_ID0000049.meta,/mnt/poseidon-data/poseidon/workflows/casa-wind-workflow-full/submit/poseidon/pegasus/casa-wind-full/run0383/00/01/mvt_ID0000019.meta,/mnt/poseidon-data/poseidon/workflows/casa-wind-workflow-full/submit/poseidon/pegasus/casa-wind-full/run0383/00/02/mvt_ID0000104.meta,/mnt/poseidon-data/poseidon/workflows/casa-wind-workflow-full/submit/poseidon/pegasus/casa-wind-full/run0383/00/01/post_vel_ID0000083.meta,/mnt/poseidon-data/poseidon/workflows/casa-wind-workflow-full/submit/poseidon/pegasus/casa-wind-full/run0383/00/01/post_vel_ID0000088.meta --insert /mnt/poseidon-data/poseidon/workflows/casa-wind-workflow-full/submit/poseidon/pegasus/casa-wind-full/run0383/00/02/register_condorpool_2_2.in",2.7,0,0,,,,,,,,,
register_condorpool_2_5,None,auxiliary,0,1694462903.0,,,1694462913.0,,,0.0,1694462914.0,1694462918.0,,,0.0,1694462918.0,1694462923.0,10.0,,1.0,4.0,5.0,,,,,poseidon,local,poseidon-submit,pegasus::rc-client,/mnt/poseidon-data/poseidon/pegasus-5.1.0panorama/bin/pegasus-rc-client,"-n pegasus::rc-client -N null -R local  -L casa-wind-full -T 2023-09-08T07:29:05+00:00 /home/poseidon/pegasus-5.1.0panorama/bin/pegasus-rc-client --prefix pegasus.catalog.replica.output --conf /mnt/poseidon-data/poseidon/workflows/casa-wind-workflow-full/submit/poseidon/pegasus/casa-wind-full/run0383/pegasus.8341343970298640165.properties -v --meta /mnt/poseidon-data/poseidon/workflows/casa-wind-workflow-full/submit/poseidon/pegasus/casa-wind-full/run0383/00/01/mvt_ID0000004.meta,/mnt/poseidon-data/poseidon/workflows/casa-wind-workflow-full/submit/poseidon/pegasus/casa-wind-full/run0383/00/01/mvt_ID0000119.meta,/mnt/poseidon-data/poseidon/workflows/casa-wind-workflow-full/submit/poseidon/pegasus/casa-wind-full/run0383/00/02/post_vel_ID0000053.meta,/mnt/poseidon-data/poseidon/workflows/casa-wind-workflow-full/submit/poseidon/pegasus/casa-wind-full/run0383/00/02/mvt_ID0000114.meta,/mnt/poseidon-data/poseidon/workflows/casa-wind-workflow-full/submit/poseidon/pegasus/casa-wind-full/run0383/00/01/mvt_ID0000034.meta,/mnt/poseidon-data/poseidon/workflows/casa-wind-workflow-full/submit/poseidon/pegasus/casa-wind-full/run0383/00/01/mvt_ID0000014.meta,/mnt/poseidon-data/poseidon/workflows/casa-wind-workflow-full/submit/poseidon/pegasus/casa-wind-full/run0383/00/02/mvt_ID0000109.meta,/mnt/poseidon-data/poseidon/workflows/casa-wind-workflow-full/submit/poseidon/pegasus/casa-wind-full/run0383/00/01/mvt_ID0000064.meta --insert /mnt/poseidon-data/poseidon/workflows/casa-wind-workflow-full/submit/poseidon/pegasus/casa-wind-full/run0383/00/02/register_condorpool_2_5.in",2.8,0,0,,,,,,,,,
register_condorpool_2_3,None,auxiliary,0,1694462903.0,,,1694462923.0,,,0.0,1694462924.0,1694462929.0,,,0.0,1694462929.0,1694462934.0,20.0,,1.0,5.0,5.0,,,,,poseidon,local,poseidon-submit,pegasus::rc-client,/mnt/poseidon-data/poseidon/pegasus-5.1.0panorama/bin/pegasus-rc-client,"-n pegasus::rc-client -N null -R local  -L casa-wind-full -T 2023-09-08T07:29:05+00:00 /home/poseidon/pegasus-5.1.0panorama/bin/pegasus-rc-client --prefix pegasus.catalog.replica.output --conf /mnt/poseidon-data/poseidon/workflows/casa-wind-workflow-full/submit/poseidon/pegasus/casa-wind-full/run0383/pegasus.8341343970298640165.properties -v --meta /mnt/poseidon-data/poseidon/workflows/casa-wind-workflow-full/submit/poseidon/pegasus/casa-wind-full/run0383/00/01/mvt_ID0000084.meta,/mnt/poseidon-data/poseidon/workflows/casa-wind-workflow-full/submit/poseidon/pegasus/casa-wind-full/run0383/00/02/post_vel_ID0000103.meta,/mnt/poseidon-data/poseidon/workflows/casa-wind-workflow-full/submit/poseidon/pegasus/casa-wind-full/run0383/00/01/post_vel_ID0000098.meta,/mnt/poseidon-data/poseidon/workflows/casa-wind-workflow-full/submit/poseidon/pegasus/casa-wind-full/run0383/00/02/post_vel_ID0000048.meta,/mnt/poseidon-data/poseidon/workflows/casa-wind-workflow-full/submit/poseidon/pegasus/casa-wind-full/run0383/00/01/mvt_ID0000009.meta,/mnt/poseidon-data/poseidon/workflows/casa-wind-workflow-full/submit/poseidon/pegasus/casa-wind-full/run0383/00/01/post_vel_ID0000018.meta,/mnt/poseidon-data/poseidon/workflows/casa-wind-workflow-full/submit/poseidon/pegasus/casa-wind-full/run0383/00/01/mvt_ID0000089.meta,/mnt/poseidon-data/poseidon/workflows/casa-wind-workflow-full/submit/poseidon/pegasus/casa-wind-full/run0383/00/02/mvt_ID0000074.meta,/mnt/poseidon-data/poseidon/workflows/casa-wind-workflow-full/submit/poseidon/pegasus/casa-wind-full/run0383/00/02/post_vel_ID0000038.meta --insert /mnt/poseidon-data/poseidon/workflows/casa-wind-workflow-full/submit/poseidon/pegasus/casa-wind-full/run0383/00/02/register_condorpool_2_3.in",2.7,0,0,,,,,,,,,
stage_out_local_condorpool_3_0,None,transfer,0,1694462918.0,,,1694462923.0,,,0.0,1694462924.0,1694462929.0,,,0.0,1694462929.0,1694462934.0,5.0,,1.0,5.0,5.0,,,,,poseidon,local,poseidon-submit,pegasus::transfer,/mnt/poseidon-data/poseidon/pegasus-5.1.0panorama/bin/pegasus-transfer,/home/poseidon/pegasus-5.1.0panorama/bin/../bin/pegasus-kickstart  -n pegasus::transfer -N null -i - -R local  -L casa-wind-full -T 2023-09-08T07:29:05+00:00 /home/poseidon/pegasus-5.1.0panorama/bin/../bin/pegasus-transfer  --threads 2,0.9,0,0,,,,,,,,,
stage_out_local_condorpool_3_2,None,transfer,0,1694462923.0,,,1694462929.0,,,0.0,1694462929.0,1694462934.0,,,0.0,1694462934.0,1694462939.0,6.0,,0.0,5.0,5.0,,,,,poseidon,local,poseidon-submit,pegasus::transfer,/mnt/poseidon-data/poseidon/pegasus-5.1.0panorama/bin/pegasus-transfer,/home/poseidon/pegasus-5.1.0panorama/bin/../bin/pegasus-kickstart  -n pegasus::transfer -N null -i - -R local  -L casa-wind-full -T 2023-09-08T07:29:05+00:00 /home/poseidon/pegasus-5.1.0panorama/bin/../bin/pegasus-transfer  --threads 2,0.9,0,0,,,,,,,,,
stage_out_local_condorpool_3_1,None,transfer,0,1694462923.0,,,1694462928.0,,,0.0,1694462929.0,1694462934.0,,,0.0,1694462934.0,1694462939.0,5.0,,1.0,5.0,5.0,,,,,poseidon,local,poseidon-submit,pegasus::transfer,/mnt/poseidon-data/poseidon/pegasus-5.1.0panorama/bin/pegasus-transfer,/home/poseidon/pegasus-5.1.0panorama/bin/../bin/pegasus-kickstart  -n pegasus::transfer -N null -i - -R local  -L casa-wind-full -T 2023-09-08T07:29:05+00:00 /home/poseidon/pegasus-5.1.0panorama/bin/../bin/pegasus-transfer  --threads 2,1.0,0,0,,,,,,,,,
register_condorpool_3_0,None,auxiliary,0,1694462934.0,,,1694462944.0,,,0.0,1694462945.0,1694462949.0,,,0.0,1694462949.0,1694462954.0,10.0,,1.0,4.0,5.0,,,,,poseidon,local,poseidon-submit,pegasus::rc-client,/mnt/poseidon-data/poseidon/pegasus-5.1.0panorama/bin/pegasus-rc-client,"-n pegasus::rc-client -N null -R local  -L casa-wind-full -T 2023-09-08T07:29:05+00:00 /home/poseidon/pegasus-5.1.0panorama/bin/pegasus-rc-client --prefix pegasus.catalog.replica.output --conf /mnt/poseidon-data/poseidon/workflows/casa-wind-workflow-full/submit/poseidon/pegasus/casa-wind-full/run0383/pegasus.8341343970298640165.properties -v --meta /mnt/poseidon-data/poseidon/workflows/casa-wind-workflow-full/submit/poseidon/pegasus/casa-wind-full/run0383/00/02/point_alert_ID0000125.meta,/mnt/poseidon-data/poseidon/workflows/casa-wind-workflow-full/submit/poseidon/pegasus/casa-wind-full/run0383/00/02/point_alert_ID0000095.meta,/mnt/poseidon-data/poseidon/workflows/casa-wind-workflow-full/submit/poseidon/pegasus/casa-wind-full/run0383/00/03/point_alert_ID0000060.meta,/mnt/poseidon-data/poseidon/workflows/casa-wind-workflow-full/submit/poseidon/pegasus/casa-wind-full/run0383/00/02/point_alert_ID0000030.meta,/mnt/poseidon-data/poseidon/workflows/casa-wind-workflow-full/submit/poseidon/pegasus/casa-wind-full/run0383/00/02/point_alert_ID0000025.meta,/mnt/poseidon-data/poseidon/workflows/casa-wind-workflow-full/submit/poseidon/pegasus/casa-wind-full/run0383/00/03/point_alert_ID0000045.meta,/mnt/poseidon-data/poseidon/workflows/casa-wind-workflow-full/submit/poseidon/pegasus/casa-wind-full/run0383/00/02/point_alert_ID0000130.meta,/mnt/poseidon-data/poseidon/workflows/casa-wind-workflow-full/submit/poseidon/pegasus/casa-wind-full/run0383/00/02/point_alert_ID0000070.meta,/mnt/poseidon-data/poseidon/workflows/casa-wind-workflow-full/submit/poseidon/pegasus/casa-wind-full/run0383/00/02/point_alert_ID0000080.meta --insert /mnt/poseidon-data/poseidon/workflows/casa-wind-workflow-full/submit/poseidon/pegasus/casa-wind-full/run0383/00/03/register_condorpool_3_0.in",2.6,0,0,,,,,,,,,
register_condorpool_3_2,None,auxiliary,0,1694462939.0,,,1694462954.0,,,0.0,1694462955.0,1694462959.0,,,0.0,1694462959.0,1694462964.0,15.0,,1.0,4.0,5.0,,,,,poseidon,local,poseidon-submit,pegasus::rc-client,/mnt/poseidon-data/poseidon/pegasus-5.1.0panorama/bin/pegasus-rc-client,"-n pegasus::rc-client -N null -R local  -L casa-wind-full -T 2023-09-08T07:29:05+00:00 /home/poseidon/pegasus-5.1.0panorama/bin/pegasus-rc-client --prefix pegasus.catalog.replica.output --conf /mnt/poseidon-data/poseidon/workflows/casa-wind-workflow-full/submit/poseidon/pegasus/casa-wind-full/run0383/pegasus.8341343970298640165.properties -v --meta /mnt/poseidon-data/poseidon/workflows/casa-wind-workflow-full/submit/poseidon/pegasus/casa-wind-full/run0383/00/03/point_alert_ID0000110.meta,/mnt/poseidon-data/poseidon/workflows/casa-wind-workflow-full/submit/poseidon/pegasus/casa-wind-full/run0383/00/03/point_alert_ID0000055.meta,/mnt/poseidon-data/poseidon/workflows/casa-wind-workflow-full/submit/poseidon/pegasus/casa-wind-full/run0383/00/02/point_alert_ID0000115.meta,/mnt/poseidon-data/poseidon/workflows/casa-wind-workflow-full/submit/poseidon/pegasus/casa-wind-full/run0383/00/02/point_alert_ID0000120.meta,/mnt/poseidon-data/poseidon/workflows/casa-wind-workflow-full/submit/poseidon/pegasus/casa-wind-full/run0383/00/02/point_alert_ID0000035.meta,/mnt/poseidon-data/poseidon/workflows/casa-wind-workflow-full/submit/poseidon/pegasus/casa-wind-full/run0383/00/02/point_alert_ID0000015.meta,/mnt/poseidon-data/poseidon/workflows/casa-wind-workflow-full/submit/poseidon/pegasus/casa-wind-full/run0383/00/02/point_alert_ID0000065.meta,/mnt/poseidon-data/poseidon/workflows/casa-wind-workflow-full/submit/poseidon/pegasus/casa-wind-full/run0383/00/02/point_alert_ID0000005.meta --insert /mnt/poseidon-data/poseidon/workflows/casa-wind-workflow-full/submit/poseidon/pegasus/casa-wind-full/run0383/00/03/register_condorpool_3_2.in",2.7,0,0,,,,,,,,,
cleanup_casa-wind-full_0_condorpool,None,auxiliary,0,1694462939.0,,,1694462944.0,,,0.0,1694462945.0,1694462949.0,,,0.0,1694462949.0,1694462954.0,5.0,,1.0,4.0,5.0,,,,,poseidon,local,poseidon-submit,pegasus::cleanup,/mnt/poseidon-data/poseidon/pegasus-5.1.0panorama/bin/pegasus-transfer,pegasus-kickstart  -n pegasus::cleanup -N null -i - -R local  -L casa-wind-full -T 2023-09-08T07:29:05+00:00 pegasus-transfer,0.2,0,0,,,,,,,,,
register_condorpool_3_1,None,auxiliary,0,1694462939.0,,,1694462964.0,,,0.0,1694462964.0,1694462969.0,,,0.0,1694462969.0,1694462974.0,25.0,,0.0,5.0,5.0,,,,,poseidon,local,poseidon-submit,pegasus::rc-client,/mnt/poseidon-data/poseidon/pegasus-5.1.0panorama/bin/pegasus-rc-client,"-n pegasus::rc-client -N null -R local  -L casa-wind-full -T 2023-09-08T07:29:05+00:00 /home/poseidon/pegasus-5.1.0panorama/bin/pegasus-rc-client --prefix pegasus.catalog.replica.output --conf /mnt/poseidon-data/poseidon/workflows/casa-wind-workflow-full/submit/poseidon/pegasus/casa-wind-full/run0383/pegasus.8341343970298640165.properties -v --meta /mnt/poseidon-data/poseidon/workflows/casa-wind-workflow-full/submit/poseidon/pegasus/casa-wind-full/run0383/00/02/point_alert_ID0000010.meta,/mnt/poseidon-data/poseidon/workflows/casa-wind-workflow-full/submit/poseidon/pegasus/casa-wind-full/run0383/00/02/point_alert_ID0000090.meta,/mnt/poseidon-data/poseidon/workflows/casa-wind-workflow-full/submit/poseidon/pegasus/casa-wind-full/run0383/00/02/point_alert_ID0000085.meta,/mnt/poseidon-data/poseidon/workflows/casa-wind-workflow-full/submit/poseidon/pegasus/casa-wind-full/run0383/00/02/point_alert_ID0000075.meta,/mnt/poseidon-data/poseidon/workflows/casa-wind-workflow-full/submit/poseidon/pegasus/casa-wind-full/run0383/00/02/point_alert_ID0000100.meta,/mnt/poseidon-data/poseidon/workflows/casa-wind-workflow-full/submit/poseidon/pegasus/casa-wind-full/run0383/00/03/point_alert_ID0000040.meta,/mnt/poseidon-data/poseidon/workflows/casa-wind-workflow-full/submit/poseidon/pegasus/casa-wind-full/run0383/00/02/point_alert_ID0000020.meta,/mnt/poseidon-data/poseidon/workflows/casa-wind-workflow-full/submit/poseidon/pegasus/casa-wind-full/run0383/00/03/point_alert_ID0000050.meta,/mnt/poseidon-data/poseidon/workflows/casa-wind-workflow-full/submit/poseidon/pegasus/casa-wind-full/run0383/00/03/point_alert_ID0000105.meta --insert /mnt/poseidon-data/poseidon/workflows/casa-wind-workflow-full/submit/poseidon/pegasus/casa-wind-full/run0383/00/03/register_condorpool_3_1.in",2.8,0,0,,,,,,,,,
