,anomaly_type,type,is_clustered,ready,pre_script_start,pre_script_end,submit,stage_in_start,stage_in_end,stage_in_effective_bytes_per_sec,execute_start,execute_end,stage_out_start,stage_out_end,stage_out_effective_bytes_per_sec,post_script_start,post_script_end,wms_delay,pre_script_delay,queue_delay,runtime,post_script_delay,stage_in_delay,stage_in_bytes,stage_out_delay,stage_out_bytes,kickstart_user,kickstart_site,kickstart_hostname,kickstart_transformations,kickstart_executables,kickstart_executables_argv,kickstart_executables_cpu_time,kickstart_status,kickstart_executables_exitcode,kickstart_online_iowait,kickstart_online_bytes_read,kickstart_online_bytes_written,kickstart_online_read_system_calls,kickstart_online_write_system_calls,kickstart_online_utime,kickstart_online_stime,kickstart_online_bytes_read_per_second,kickstart_online_bytes_written_per_second
create_dir_casa-wind-full_0_condorpool,None,auxiliary,0,1694415907.0,,,1694415908.0,,,0.0,1694415911.0,1694415918.0,,,0.0,1694415918.0,1694415923.0,1.0,,3.0,7.0,5.0,,,,,poseidon,local,poseidon-submit,pegasus::dirmanager,/mnt/poseidon-data/poseidon/pegasus-5.1.0panorama/bin/pegasus-transfer,pegasus-kickstart  -n pegasus::dirmanager -N null -i - -R local  -L casa-wind-full -T 2023-09-08T07:29:05+00:00 pegasus-transfer,0.2,0,0,,,,,,,,,
unzip_ID0000006,None,compute,0,1694415923.0,,,1694415928.0,1694415954.0,1694415963.0,26082626.0,1694415952.0,1694415998.0,1694415976.0,1694415990.0,34053172.0,1694415998.0,1694416003.0,5.0,,24.0,46.0,5.0,9.0,222753803.0,14.0,501616588.0,poseidon,condorpool,poseidon-worker-2-container-40-43,unzip,/usr/bin/gunzip,,3.9,0,0,,,,,,,,,
unzip_ID0000106,cpu_2,compute,0,1694415923.0,,,1694415928.0,1694415954.0,1694415962.0,29407213.0,1694415952.0,1694415998.0,1694415976.0,1694415991.0,33233656.0,1694415998.0,1694416003.0,5.0,,24.0,46.0,5.0,8.0,241199298.0,15.0,501821816.0,poseidon,condorpool,poseidon-worker-2-container-12-15,unzip,/usr/bin/gunzip,,4.0,0,0,,,,,,,,,
unzip_ID0000046,None,compute,0,1694415923.0,,,1694415928.0,1694415950.0,1694415957.0,33468461.0,1694415949.0,1694415993.0,1694415970.0,1694415983.0,41300908.0,1694415993.0,1694415998.0,5.0,,21.0,44.0,5.0,7.0,229692821.0,13.0,523855228.0,poseidon,condorpool,poseidon-worker-2-container-4-7,unzip,/usr/bin/gunzip,,4.0,0,0,,,,,,,,,
unzip_ID0000101,cpu_2,compute,0,1694415923.0,,,1694415928.0,1694415950.0,1694415959.0,26506017.0,1694415948.0,1694416003.0,1694415974.0,1694415995.0,26483773.0,1694416003.0,1694416008.0,5.0,,20.0,55.0,5.0,9.0,250988249.0,21.0,561551644.0,poseidon,condorpool,poseidon-worker-1-container-4-7,unzip,/usr/bin/gunzip,,4.3,0,0,,,,,,,,,
unzip_ID0000026,cpu_2,compute,0,1694415923.0,,,1694415928.0,1694415951.0,1694415960.0,24682734.0,1694415949.0,1694416003.0,1694415973.0,1694415997.0,21748787.0,1694416003.0,1694416008.0,5.0,,21.0,54.0,5.0,9.0,227963832.0,24.0,523917888.0,poseidon,condorpool,poseidon-worker-2-container-8-11,unzip,/usr/bin/gunzip,,4.0,0,0,,,,,,,,,
unzip_ID0000126,cpu_2,compute,0,1694415923.0,,,1694415928.0,1694415950.0,1694415959.0,28473679.0,1694415948.0,1694415998.0,1694415972.0,1694415989.0,30759552.0,1694415998.0,1694416003.0,5.0,,20.0,50.0,5.0,9.0,249343892.0,17.0,520618424.0,poseidon,condorpool,poseidon-worker-1-container-8-11,unzip,/usr/bin/gunzip,,4.2,0,0,,,,,,,,,
unzip_ID0000031,None,compute,0,1694415923.0,,,1694415928.0,1694415949.0,1694415959.0,24838925.0,1694415948.0,1694415993.0,1694415972.0,1694415987.0,35721442.0,1694415993.0,1694415998.0,5.0,,20.0,45.0,5.0,10.0,237517035.0,15.0,539438752.0,poseidon,condorpool,poseidon-worker-2-container-0-3,unzip,/usr/bin/gunzip,,4.2,0,0,,,,,,,,,
unzip_ID0000076,None,compute,0,1694415923.0,,,1694415928.0,1694415949.0,1694415958.0,27298528.0,1694415948.0,1694415993.0,1694415971.0,1694415983.0,43479571.0,1694415993.0,1694415998.0,5.0,,20.0,45.0,5.0,9.0,233747923.0,12.0,523942844.0,poseidon,condorpool,poseidon-worker-2-container-24-27,unzip,/usr/bin/gunzip,,4.1,0,0,,,,,,,,,
unzip_ID0000011,cpu_2,compute,0,1694415923.0,,,1694415928.0,1694415950.0,1694415957.0,33801599.0,1694415948.0,1694415998.0,1694415971.0,1694415988.0,32678871.0,1694415998.0,1694416003.0,5.0,,20.0,50.0,5.0,7.0,235998389.0,17.0,565205920.0,poseidon,condorpool,poseidon-worker-1-container-0-3,unzip,/usr/bin/gunzip,,4.2,0,0,,,,,,,,,
unzip_ID0000056,None,compute,0,1694415923.0,,,1694415928.0,1694415949.0,1694415959.0,24919338.0,1694415948.0,1694415998.0,1694415972.0,1694415991.0,27038600.0,1694415998.0,1694416003.0,5.0,,20.0,50.0,5.0,10.0,232139969.0,19.0,528026776.0,poseidon,condorpool,poseidon-worker-2-container-16-19,unzip,/usr/bin/gunzip,,4.1,0,0,,,,,,,,,
unzip_ID0000071,None,compute,0,1694415923.0,,,1694415928.0,1694415949.0,1694415959.0,24659667.0,1694415948.0,1694415998.0,1694415972.0,1694415988.0,33586297.0,1694415998.0,1694416003.0,5.0,,20.0,50.0,5.0,10.0,240896692.0,16.0,539506600.0,poseidon,condorpool,poseidon-worker-2-container-32-35,unzip,/usr/bin/gunzip,,4.2,0,0,,,,,,,,,
unzip_ID0000051,None,compute,0,1694415923.0,,,1694415928.0,1694415950.0,1694415957.0,34574292.0,1694415948.0,1694415993.0,1694415970.0,1694415983.0,43056550.0,1694415993.0,1694415998.0,5.0,,20.0,45.0,5.0,7.0,239630266.0,13.0,544301296.0,poseidon,condorpool,poseidon-worker-1-container-32-35,unzip,/usr/bin/gunzip,,4.1,0,0,,,,,,,,,
unzip_ID0000111,None,compute,0,1694415923.0,,,1694415928.0,1694415949.0,1694415958.0,28525649.0,1694415948.0,1694415998.0,1694415972.0,1694415988.0,34957646.0,1694415998.0,1694416003.0,5.0,,20.0,50.0,5.0,9.0,256320311.0,16.0,567950764.0,poseidon,condorpool,poseidon-worker-2-container-28-31,unzip,/usr/bin/gunzip,,4.4,0,0,,,,,,,,,
unzip_ID0000091,cpu_2,compute,0,1694415923.0,,,1694415928.0,1694415950.0,1694415957.0,35046328.0,1694415948.0,1694415993.0,1694415970.0,1694415982.0,44350066.0,1694415993.0,1694415998.0,5.0,,20.0,45.0,5.0,7.0,246447087.0,12.0,539109992.0,poseidon,condorpool,poseidon-worker-1-container-12-15,unzip,/usr/bin/gunzip,,4.2,0,0,,,,,,,,,
unzip_ID0000081,cpu_2,compute,0,1694415923.0,,,1694415928.0,1694415951.0,1694415958.0,33103846.0,1694415949.0,1694415993.0,1694415971.0,1694415987.0,34595619.0,1694415993.0,1694415998.0,5.0,,21.0,44.0,5.0,7.0,245619741.0,16.0,543190672.0,poseidon,condorpool,poseidon-worker-2-container-12-15,unzip,/usr/bin/gunzip,,4.2,0,0,,,,,,,,,
unzip_ID0000041,cpu_2,compute,0,1694415923.0,,,1694415928.0,1694415950.0,1694415958.0,28399663.0,1694415948.0,1694415998.0,1694415972.0,1694415991.0,27985890.0,1694415998.0,1694416003.0,5.0,,20.0,50.0,5.0,8.0,238944758.0,19.0,540768928.0,poseidon,condorpool,poseidon-worker-1-container-44-47,unzip,/usr/bin/gunzip,,4.2,0,0,,,,,,,,,
unzip_ID0000061,cpu_2,compute,0,1694415923.0,,,1694415928.0,1694415950.0,1694415959.0,25273212.0,1694415948.0,1694415993.0,1694415972.0,1694415986.0,36916896.0,1694415993.0,1694415998.0,5.0,,20.0,45.0,5.0,9.0,240463185.0,14.0,541945820.0,poseidon,condorpool,poseidon-worker-2-container-44-47,unzip,/usr/bin/gunzip,,4.2,0,0,,,,,,,,,
unzip_ID0000096,None,compute,0,1694415923.0,,,1694415928.0,1694415949.0,1694415958.0,26959792.0,1694415948.0,1694415998.0,1694415972.0,1694415991.0,27712916.0,1694415998.0,1694416003.0,5.0,,20.0,50.0,5.0,9.0,240753402.0,19.0,524013876.0,poseidon,condorpool,poseidon-worker-1-container-20-23,unzip,/usr/bin/gunzip,,4.2,0,0,,,,,,,,,
unzip_ID0000121,cpu_2,compute,0,1694415923.0,,,1694415928.0,1694415950.0,1694415958.0,32854590.0,1694415948.0,1694415993.0,1694415971.0,1694415986.0,36053364.0,1694415993.0,1694415998.0,5.0,,20.0,45.0,5.0,8.0,250860096.0,15.0,550782944.0,poseidon,condorpool,poseidon-worker-1-container-24-27,unzip,/usr/bin/gunzip,,4.3,0,0,,,,,,,,,
unzip_ID0000066,None,compute,0,1694415923.0,,,1694415928.0,1694415949.0,1694415959.0,24943640.0,1694415948.0,1694415993.0,1694415972.0,1694415987.0,33396839.0,1694415993.0,1694415998.0,5.0,,20.0,45.0,5.0,10.0,232031705.0,15.0,523661496.0,poseidon,condorpool,poseidon-worker-2-container-20-23,unzip,/usr/bin/gunzip,,4.1,0,0,,,,,,,,,
unzip_ID0000001,None,compute,0,1694415923.0,,,1694415928.0,1694415950.0,1694415958.0,27322582.0,1694415948.0,1694415993.0,1694415971.0,1694415984.0,42794350.0,1694415993.0,1694415998.0,5.0,,20.0,45.0,5.0,8.0,232473216.0,13.0,561354992.0,poseidon,condorpool,poseidon-worker-2-container-40-43,unzip,/usr/bin/gunzip,,4.2,0,0,,,,,,,,,
unzip_ID0000086,None,compute,0,1694415923.0,,,1694415928.0,1694415949.0,1694415956.0,35745988.0,1694415948.0,1694415983.0,1694415968.0,1694415977.0,57254069.0,1694415983.0,1694415988.0,5.0,,20.0,35.0,5.0,7.0,234836668.0,9.0,518838800.0,poseidon,condorpool,poseidon-worker-1-container-28-31,unzip,/usr/bin/gunzip,,4.0,0,0,,,,,,,,,
unzip_ID0000016,None,compute,0,1694415923.0,,,1694415928.0,1694415950.0,1694415960.0,24087873.0,1694415949.0,1694415998.0,1694415973.0,1694415989.0,33569379.0,1694415998.0,1694416003.0,5.0,,21.0,49.0,5.0,10.0,225238888.0,16.0,523826084.0,poseidon,condorpool,poseidon-worker-1-container-16-19,unzip,/usr/bin/gunzip,,4.0,0,0,,,,,,,,,
unzip_ID0000036,None,compute,0,1694415923.0,,,1694415928.0,1694415950.0,1694415956.0,35383523.0,1694415948.0,1694415988.0,1694415969.0,1694415978.0,56282741.0,1694415988.0,1694415993.0,5.0,,20.0,40.0,5.0,6.0,232020704.0,9.0,526952240.0,poseidon,condorpool,poseidon-worker-1-container-36-39,unzip,/usr/bin/gunzip,,4.0,0,0,,,,,,,,,
unzip_ID0000116,cpu_2,compute,0,1694415923.0,,,1694415928.0,1694415950.0,1694415959.0,28491907.0,1694415949.0,1694415993.0,1694415972.0,1694415986.0,36768366.0,1694415993.0,1694415998.0,5.0,,21.0,44.0,5.0,9.0,249255741.0,14.0,520850676.0,poseidon,condorpool,poseidon-worker-2-container-36-39,unzip,/usr/bin/gunzip,,4.2,0,0,,,,,,,,,
unzip_ID0000021,None,compute,0,1694415923.0,,,1694415928.0,1694415950.0,1694415959.0,26377889.0,1694415948.0,1694415998.0,1694415972.0,1694415992.0,26663297.0,1694415998.0,1694416003.0,5.0,,20.0,50.0,5.0,9.0,235136662.0,20.0,539178100.0,poseidon,condorpool,poseidon-worker-1-container-40-43,unzip,/usr/bin/gunzip,,4.1,0,0,,,,,,,,,
um_vel_ID0000087,None,compute,0,1694415988.0,,,1694415993.0,1694415996.0,1694416016.0,48505044.5,1694415994.0,1694416033.0,1694416024.0,1694416028.0,168586.0,1694416033.0,1694416038.0,5.0,,1.0,39.0,5.0,20.0,695425552.0,4.0,556900.0,poseidon,condorpool,poseidon-worker-2-container-4-7,um_vel,/opt/UM_VEL/UM_VEL,,1.8,0,0,,,,,,,,,
um_vel_ID0000037,None,compute,0,1694415993.0,,,1694415998.0,1694416001.0,1694416019.0,58135030.2,1694416000.0,1694416038.0,1694416028.0,1694416031.0,171979.0,1694416038.0,1694416043.0,5.0,,2.0,38.0,5.0,18.0,703538992.0,3.0,556900.0,poseidon,condorpool,poseidon-worker-1-container-40-43,um_vel,/opt/UM_VEL/UM_VEL,,1.8,0,0,,,,,,,,,
um_vel_ID0000047,cpu_2,compute,0,1694415998.0,,,1694416003.0,1694416006.0,1694416026.0,48301139.1,1694416004.0,1694416049.0,1694416034.0,1694416038.0,177677.0,1694416049.0,1694416054.0,5.0,,1.0,45.0,5.0,20.0,700441980.0,4.0,556900.0,poseidon,condorpool,poseidon-worker-2-container-8-11,um_vel,/opt/UM_VEL/UM_VEL,,1.7,0,0,,,,,,,,,
um_vel_ID0000032,None,compute,0,1694415998.0,,,1694416003.0,1694416006.0,1694416026.0,48572459.7,1694416004.0,1694416049.0,1694416036.0,1694416039.0,166423.0,1694416049.0,1694416054.0,5.0,,1.0,45.0,5.0,20.0,716025504.0,3.0,556900.0,poseidon,condorpool,poseidon-worker-1-container-28-31,um_vel,/opt/UM_VEL/UM_VEL,,1.8,0,0,,,,,,,,,
um_vel_ID0000077,None,compute,0,1694415998.0,,,1694416003.0,1694416006.0,1694416027.0,46582864.6,1694416004.0,1694416049.0,1694416036.0,1694416039.0,168937.0,1694416049.0,1694416054.0,5.0,,1.0,45.0,5.0,21.0,700529596.0,3.0,556900.0,poseidon,condorpool,poseidon-worker-1-container-20-23,um_vel,/opt/UM_VEL/UM_VEL,,1.7,0,0,,,,,,,,,
um_vel_ID0000092,None,compute,0,1694415998.0,,,1694416003.0,1694416005.0,1694416028.0,42107308.9,1694416004.0,1694416049.0,1694416037.0,1694416040.0,177874.0,1694416049.0,1694416054.0,5.0,,1.0,45.0,5.0,23.0,715696744.0,3.0,556900.0,poseidon,condorpool,poseidon-worker-2-container-32-35,um_vel,/opt/UM_VEL/UM_VEL,,1.7,0,0,,,,,,,,,
um_vel_ID0000117,None,compute,0,1694415998.0,,,1694416003.0,1694416005.0,1694416024.0,56836402.2,1694416004.0,1694416043.0,1694416032.0,1694416035.0,176610.0,1694416043.0,1694416049.0,5.0,,1.0,39.0,6.0,19.0,697437428.0,3.0,556900.0,poseidon,condorpool,poseidon-worker-2-container-28-31,um_vel,/opt/UM_VEL/UM_VEL,,1.7,0,0,,,,,,,,,
um_vel_ID0000052,cpu_2,compute,0,1694415998.0,,,1694416003.0,1694416006.0,1694416029.0,41437896.8,1694416004.0,1694416049.0,1694416037.0,1694416041.0,177116.0,1694416049.0,1694416054.0,5.0,,1.0,45.0,5.0,23.0,720888048.0,4.0,556900.0,poseidon,condorpool,poseidon-worker-2-container-44-47,um_vel,/opt/UM_VEL/UM_VEL,,1.7,0,0,,,,,,,,,
um_vel_ID0000067,None,compute,0,1694415998.0,,,1694416003.0,1694416006.0,1694416025.0,49951079.4,1694416004.0,1694416043.0,1694416034.0,1694416037.0,178807.0,1694416043.0,1694416049.0,5.0,,1.0,39.0,6.0,19.0,700248248.0,3.0,556900.0,poseidon,condorpool,poseidon-worker-2-container-40-43,um_vel,/opt/UM_VEL/UM_VEL,,1.7,0,0,,,,,,,,,
um_vel_ID0000122,None,compute,0,1694415998.0,,,1694416003.0,1694416006.0,1694416029.0,43184878.7,1694416004.0,1694416049.0,1694416037.0,1694416041.0,177289.0,1694416049.0,1694416054.0,5.0,,1.0,45.0,5.0,23.0,727369696.0,4.0,556900.0,poseidon,condorpool,poseidon-worker-2-container-20-23,um_vel,/opt/UM_VEL/UM_VEL,,1.7,0,0,,,,,,,,,
um_vel_ID0000002,cpu_2,compute,0,1694415998.0,,,1694416003.0,1694416006.0,1694416025.0,56167742.2,1694416004.0,1694416049.0,1694416033.0,1694416036.0,177946.0,1694416049.0,1694416054.0,5.0,,1.0,45.0,5.0,19.0,737941744.0,3.0,556900.0,poseidon,condorpool,poseidon-worker-1-container-0-3,um_vel,/opt/UM_VEL/UM_VEL,,1.7,0,0,,,,,,,,,
um_vel_ID0000082,cpu_2,compute,0,1694415998.0,,,1694416003.0,1694416006.0,1694416028.0,42951071.6,1694416004.0,1694416049.0,1694416038.0,1694416041.0,169733.0,1694416049.0,1694416054.0,5.0,,1.0,45.0,5.0,22.0,719777424.0,3.0,556900.0,poseidon,condorpool,poseidon-worker-1-container-24-27,um_vel,/opt/UM_VEL/UM_VEL,,1.7,0,0,,,,,,,,,
um_vel_ID0000062,None,compute,0,1694415998.0,,,1694416003.0,1694416006.0,1694416029.0,40842639.5,1694416004.0,1694416049.0,1694416039.0,1694416043.0,150969.0,1694416049.0,1694416054.0,5.0,,1.0,45.0,5.0,23.0,718532572.0,4.0,556900.0,poseidon,condorpool,poseidon-worker-1-container-16-19,um_vel,/opt/UM_VEL/UM_VEL,,1.7,0,0,,,,,,,,,
um_vel_ID0000017,cpu_2,compute,0,1694416003.0,,,1694416008.0,1694416012.0,1694416031.0,52417636.2,1694416010.0,1694416054.0,1694416041.0,1694416044.0,177512.0,1694416054.0,1694416060.0,5.0,,2.0,44.0,6.0,19.0,700412836.0,3.0,556900.0,poseidon,condorpool,poseidon-worker-1-container-44-47,um_vel,/opt/UM_VEL/UM_VEL,,1.7,0,0,,,,,,,,,
um_vel_ID0000022,None,compute,0,1694416003.0,,,1694416008.0,1694416013.0,1694416033.0,51740467.1,1694416012.0,1694416054.0,1694416041.0,1694416045.0,176014.0,1694416054.0,1694416060.0,5.0,,4.0,42.0,6.0,20.0,715764852.0,4.0,556900.0,poseidon,condorpool,poseidon-worker-2-container-16-19,um_vel,/opt/UM_VEL/UM_VEL,,1.7,0,0,,,,,,,,,
um_vel_ID0000007,cpu_2,compute,0,1694416003.0,,,1694416008.0,1694416012.0,1694416031.0,50726739.5,1694416010.0,1694416049.0,1694416039.0,1694416043.0,162739.0,1694416049.0,1694416054.0,5.0,,2.0,39.0,5.0,19.0,678203340.0,4.0,556900.0,poseidon,condorpool,poseidon-worker-1-container-4-7,um_vel,/opt/UM_VEL/UM_VEL,,1.7,0,0,,,,,,,,,
um_vel_ID0000127,cpu_2,compute,0,1694416003.0,,,1694416008.0,1694416012.0,1694416030.0,55338926.1,1694416010.0,1694416049.0,1694416038.0,1694416041.0,175512.0,1694416049.0,1694416054.0,5.0,,2.0,39.0,5.0,18.0,697205176.0,3.0,556900.0,poseidon,condorpool,poseidon-worker-2-container-12-15,um_vel,/opt/UM_VEL/UM_VEL,,1.7,0,0,,,,,,,,,
um_vel_ID0000042,None,compute,0,1694416003.0,,,1694416008.0,1694416011.0,1694416031.0,50980318.9,1694416009.0,1694416054.0,1694416042.0,1694416046.0,177357.0,1694416054.0,1694416060.0,5.0,,1.0,45.0,6.0,20.0,717355680.0,4.0,556900.0,poseidon,condorpool,poseidon-worker-1-container-32-35,um_vel,/opt/UM_VEL/UM_VEL,,1.8,0,0,,,,,,,,,
um_vel_ID0000107,cpu_2,compute,0,1694416003.0,,,1694416008.0,1694416011.0,1694416030.0,50094522.0,1694416009.0,1694416049.0,1694416039.0,1694416043.0,162703.0,1694416049.0,1694416054.0,5.0,,1.0,40.0,5.0,19.0,678408568.0,4.0,556900.0,poseidon,condorpool,poseidon-worker-1-container-12-15,um_vel,/opt/UM_VEL/UM_VEL,,1.6,0,0,,,,,,,,,
um_vel_ID0000057,cpu_2,compute,0,1694416003.0,,,1694416008.0,1694416011.0,1694416030.0,53799021.0,1694416009.0,1694416049.0,1694416039.0,1694416042.0,177629.0,1694416049.0,1694416054.0,5.0,,1.0,40.0,5.0,19.0,704613528.0,3.0,556900.0,poseidon,condorpool,poseidon-worker-2-container-12-15,um_vel,/opt/UM_VEL/UM_VEL,,1.7,0,0,,,,,,,,,
um_vel_ID0000112,cpu_2,compute,0,1694416003.0,,,1694416008.0,1694416013.0,1694416032.0,53734111.0,1694416011.0,1694416054.0,1694416042.0,1694416046.0,177163.0,1694416054.0,1694416060.0,5.0,,3.0,43.0,6.0,19.0,744537516.0,4.0,556900.0,poseidon,condorpool,poseidon-worker-1-container-8-11,um_vel,/opt/UM_VEL/UM_VEL,,1.8,0,0,,,,,,,,,
um_vel_ID0000072,cpu_2,compute,0,1694416003.0,,,1694416008.0,1694416011.0,1694416032.0,48744513.1,1694416009.0,1694416054.0,1694416040.0,1694416043.0,172235.0,1694416054.0,1694416060.0,5.0,,1.0,45.0,6.0,21.0,716093352.0,3.0,556900.0,poseidon,condorpool,poseidon-worker-2-container-36-39,um_vel,/opt/UM_VEL/UM_VEL,,1.7,0,0,,,,,,,,,
um_vel_ID0000012,None,compute,0,1694416003.0,,,1694416008.0,1694416011.0,1694416032.0,49452646.9,1694416009.0,1694416054.0,1694416043.0,1694416046.0,177258.0,1694416054.0,1694416060.0,5.0,,1.0,45.0,6.0,21.0,741792672.0,3.0,556900.0,poseidon,condorpool,poseidon-worker-1-container-36-39,um_vel,/opt/UM_VEL/UM_VEL,,1.7,0,0,,,,,,,,,
um_vel_ID0000097,None,compute,0,1694416003.0,,,1694416008.0,1694416011.0,1694416031.0,52264581.8,1694416010.0,1694416049.0,1694416039.0,1694416042.0,176945.0,1694416049.0,1694416054.0,5.0,,2.0,39.0,5.0,20.0,700600628.0,3.0,556900.0,poseidon,condorpool,poseidon-worker-2-container-40-43,um_vel,/opt/UM_VEL/UM_VEL,,1.6,0,0,,,,,,,,,
um_vel_ID0000027,None,compute,0,1694416008.0,,,1694416013.0,1694416016.0,1694416036.0,48373080.2,1694416014.0,1694416054.0,1694416045.0,1694416048.0,176385.0,1694416054.0,1694416060.0,5.0,,1.0,40.0,6.0,20.0,700504640.0,3.0,556900.0,poseidon,condorpool,poseidon-worker-2-container-24-27,um_vel,/opt/UM_VEL/UM_VEL,,1.7,0,0,,,,,,,,,
um_vel_ID0000102,None,compute,0,1694416008.0,,,1694416013.0,1694416016.0,1694416036.0,53493430.6,1694416014.0,1694416054.0,1694416044.0,1694416047.0,179032.0,1694416054.0,1694416060.0,5.0,,1.0,40.0,6.0,20.0,738138396.0,3.0,556900.0,poseidon,condorpool,poseidon-worker-2-container-0-3,um_vel,/opt/UM_VEL/UM_VEL,,1.7,0,0,,,,,,,,,
stage_out_local_condorpool_0_0,None,transfer,0,1694416008.0,,,1694416013.0,,,0.0,1694416014.0,1694416049.0,,,0.0,1694416049.0,1694416054.0,5.0,,1.0,35.0,5.0,,,,,poseidon,local,poseidon-submit,pegasus::transfer,/mnt/poseidon-data/poseidon/pegasus-5.1.0panorama/bin/pegasus-transfer,/home/poseidon/pegasus-5.1.0panorama/bin/../bin/pegasus-kickstart  -n pegasus::transfer -N null -i - -R local  -L casa-wind-full -T 2023-09-08T07:29:05+00:00 /home/poseidon/pegasus-5.1.0panorama/bin/../bin/pegasus-transfer  --threads 2,36.1,0,0,,,,,,,,,
stage_out_local_condorpool_0_1,None,transfer,0,1694416008.0,,,1694416013.0,,,0.0,1694416014.0,1694416049.0,,,0.0,1694416049.0,1694416054.0,5.0,,1.0,35.0,5.0,,,,,poseidon,local,poseidon-submit,pegasus::transfer,/mnt/poseidon-data/poseidon/pegasus-5.1.0panorama/bin/pegasus-transfer,/home/poseidon/pegasus-5.1.0panorama/bin/../bin/pegasus-kickstart  -n pegasus::transfer -N null -i - -R local  -L casa-wind-full -T 2023-09-08T07:29:05+00:00 /home/poseidon/pegasus-5.1.0panorama/bin/../bin/pegasus-transfer  --threads 2,35.3,0,0,,,,,,,,,
stage_out_local_condorpool_0_2,None,transfer,0,1694416008.0,,,1694416013.0,,,0.0,1694416014.0,1694416049.0,,,0.0,1694416049.0,1694416054.0,5.0,,1.0,35.0,5.0,,,,,poseidon,local,poseidon-submit,pegasus::transfer,/mnt/poseidon-data/poseidon/pegasus-5.1.0panorama/bin/pegasus-transfer,/home/poseidon/pegasus-5.1.0panorama/bin/../bin/pegasus-kickstart  -n pegasus::transfer -N null -i - -R local  -L casa-wind-full -T 2023-09-08T07:29:05+00:00 /home/poseidon/pegasus-5.1.0panorama/bin/../bin/pegasus-transfer  --threads 2,36.2,0,0,,,,,,,,,
post_vel_ID0000088,None,compute,0,1694416038.0,,,1694416043.0,1694416046.0,1694416057.0,29697812.5,1694416044.0,1694416075.0,1694416062.0,1694416065.0,4083.0,1694416075.0,1694416080.0,5.0,,1.0,31.0,5.0,11.0,177143937.0,3.0,12740.0,poseidon,condorpool,poseidon-worker-1-container-40-43,post_vel,/opt/netcdf2png/merged_netcdf2png,,0.2,0,0,,,,,,,,,
mvt_ID0000089,None,compute,0,1694416038.0,,,1694416043.0,1694416046.0,1694416057.0,34977115.2,1694416044.0,1694416111.0,1694416102.0,1694416105.0,15935.0,1694416111.0,1694416116.0,5.0,,1.0,67.0,5.0,11.0,177143652.0,3.0,48475.0,poseidon,condorpool,poseidon-worker-2-container-4-7,mvt,/opt/mvt/mvt,,39.9,0,0,0.0,789058.0,24576.0,422.0,6.0,29.9,0.1,26301.9,2457.6
mvt_ID0000039,cpu_2,compute,0,1694416043.0,,,1694416048.0,1694416051.0,1694416062.0,34855589.0,1694416050.0,1694416121.0,1694416108.0,1694416111.0,10719.0,1694416121.0,1694416126.0,5.0,,2.0,71.0,5.0,11.0,177143652.0,3.0,34386.0,poseidon,condorpool,poseidon-worker-2-container-8-11,mvt,/opt/mvt/mvt,,40.4,0,0,0.0,792849.0,16384.0,437.0,4.0,39.6,0.3,19821.2,819.2
post_vel_ID0000038,cpu_2,compute,0,1694416043.0,,,1694416049.0,1694416051.0,1694416062.0,35103559.4,1694416050.0,1694416080.0,1694416068.0,1694416071.0,3719.0,1694416080.0,1694416085.0,6.0,,1.0,30.0,5.0,11.0,177143937.0,3.0,11227.0,poseidon,condorpool,poseidon-worker-2-container-44-47,post_vel,/opt/netcdf2png/merged_netcdf2png,,0.1,0,0,,,,,,,,,
post_vel_ID0000068,None,compute,0,1694416049.0,,,1694416054.0,1694416057.0,1694416068.0,35113885.2,1694416055.0,1694416085.0,1694416073.0,1694416076.0,3747.0,1694416085.0,1694416090.0,5.0,,1.0,30.0,5.0,11.0,177143937.0,3.0,11398.0,poseidon,condorpool,poseidon-worker-1-container-28-31,post_vel,/opt/netcdf2png/merged_netcdf2png,,0.1,0,0,,,,,,,,,
mvt_ID0000119,cpu_2,compute,0,1694416049.0,,,1694416054.0,1694416057.0,1694416068.0,34984494.2,1694416055.0,1694416126.0,1694416113.0,1694416116.0,20243.0,1694416126.0,1694416131.0,5.0,,1.0,71.0,5.0,11.0,177143652.0,3.0,65525.0,poseidon,condorpool,poseidon-worker-1-container-0-3,mvt,/opt/mvt/mvt,,39.8,0,0,0.0,787697.0,36864.0,419.0,9.0,29.9,0.1,26256.6,3686.4
mvt_ID0000069,None,compute,0,1694416049.0,,,1694416054.0,1694416057.0,1694416068.0,34399853.2,1694416055.0,1694416126.0,1694416113.0,1694416116.0,11618.0,1694416126.0,1694416131.0,5.0,,1.0,71.0,5.0,11.0,177143652.0,3.0,35309.0,poseidon,condorpool,poseidon-worker-2-container-40-43,mvt,/opt/mvt/mvt,,40.1,0,0,0.0,820466.0,16384.0,497.0,4.0,39.9,0.1,20511.6,819.2
post_vel_ID0000118,None,compute,0,1694416049.0,,,1694416054.0,1694416057.0,1694416068.0,29909531.8,1694416055.0,1694416085.0,1694416074.0,1694416077.0,4565.0,1694416085.0,1694416090.0,5.0,,1.0,30.0,5.0,11.0,177143937.0,3.0,14402.0,poseidon,condorpool,poseidon-worker-2-container-32-35,post_vel,/opt/netcdf2png/merged_netcdf2png,,0.1,0,0,,,,,,,,,
mvt_ID0000079,cpu_2,compute,0,1694416054.0,,,1694416059.0,1694416067.0,1694416078.0,29769879.5,1694416064.0,1694416136.0,1694416123.0,1694416126.0,14821.0,1694416136.0,1694416141.0,5.0,,5.0,72.0,5.0,11.0,177143652.0,3.0,45337.0,poseidon,condorpool,poseidon-worker-2-container-12-15,mvt,/opt/mvt/mvt,,39.7,0,0,0.0,831747.0,24576.0,515.0,6.0,29.9,0.1,27724.9,1228.8
post_vel_ID0000033,None,compute,0,1694416054.0,,,1694416059.0,1694416063.0,1694416074.0,33635982.6,1694416061.0,1694416090.0,1694416079.0,1694416082.0,3706.0,1694416090.0,1694416095.0,5.0,,2.0,29.0,5.0,11.0,177143937.0,3.0,11464.0,poseidon,condorpool,poseidon-worker-1-container-20-23,post_vel,/opt/netcdf2png/merged_netcdf2png,,0.1,0,0,,,,,,,,,
post_vel_ID0000078,cpu_2,compute,0,1694416054.0,,,1694416059.0,1694416063.0,1694416074.0,35200453.8,1694416061.0,1694416090.0,1694416079.0,1694416082.0,3970.0,1694416090.0,1694416095.0,5.0,,2.0,29.0,5.0,11.0,177143937.0,3.0,12264.0,poseidon,condorpool,poseidon-worker-1-container-8-11,post_vel,/opt/netcdf2png/merged_netcdf2png,,0.1,0,0,,,,,,,,,
mvt_ID0000059,None,compute,0,1694416054.0,,,1694416059.0,1694416063.0,1694416074.0,32822548.0,1694416061.0,1694416131.0,1694416119.0,1694416123.0,9101.0,1694416131.0,1694416136.0,5.0,,2.0,70.0,5.0,11.0,177143652.0,4.0,28164.0,poseidon,condorpool,poseidon-worker-2-container-16-19,mvt,/opt/mvt/mvt,,40.1,0,0,0.0,810708.0,12288.0,476.0,3.0,39.9,0.1,20267.7,1228.8
mvt_ID0000034,None,compute,0,1694416054.0,,,1694416059.0,1694416063.0,1694416074.0,32397930.2,1694416061.0,1694416131.0,1694416119.0,1694416123.0,10065.0,1694416131.0,1694416136.0,5.0,,2.0,70.0,5.0,11.0,177143652.0,4.0,30976.0,poseidon,condorpool,poseidon-worker-2-container-28-31,mvt,/opt/mvt/mvt,,40.1,0,0,0.0,812079.0,16384.0,479.0,4.0,39.9,0.1,20302.0,819.2
register_condorpool_0_2,None,auxiliary,0,1694416054.0,,,1694416110.0,,,0.0,1694416111.0,1694416116.0,,,0.0,1694416116.0,1694416121.0,56.0,,1.0,5.0,5.0,,,,,poseidon,local,poseidon-submit,pegasus::rc-client,/mnt/poseidon-data/poseidon/pegasus-5.1.0panorama/bin/pegasus-rc-client,"-n pegasus::rc-client -N null -R local  -L casa-wind-full -T 2023-09-08T07:29:05+00:00 /home/poseidon/pegasus-5.1.0panorama/bin/pegasus-rc-client --prefix pegasus.catalog.replica.output --conf /mnt/poseidon-data/poseidon/workflows/casa-wind-workflow-full/submit/poseidon/pegasus/casa-wind-full/run0285/pegasus.11096112934941190813.properties -v --meta /mnt/poseidon-data/poseidon/workflows/casa-wind-workflow-full/submit/poseidon/pegasus/casa-wind-full/run0285/00/00/unzip_ID0000026.meta,/mnt/poseidon-data/poseidon/workflows/casa-wind-workflow-full/submit/poseidon/pegasus/casa-wind-full/run0285/00/00/unzip_ID0000061.meta,/mnt/poseidon-data/poseidon/workflows/casa-wind-workflow-full/submit/poseidon/pegasus/casa-wind-full/run0285/00/00/unzip_ID0000071.meta,/mnt/poseidon-data/poseidon/workflows/casa-wind-workflow-full/submit/poseidon/pegasus/casa-wind-full/run0285/00/00/unzip_ID0000041.meta,/mnt/poseidon-data/poseidon/workflows/casa-wind-workflow-full/submit/poseidon/pegasus/casa-wind-full/run0285/00/00/unzip_ID0000016.meta,/mnt/poseidon-data/poseidon/workflows/casa-wind-workflow-full/submit/poseidon/pegasus/casa-wind-full/run0285/00/00/unzip_ID0000111.meta,/mnt/poseidon-data/poseidon/workflows/casa-wind-workflow-full/submit/poseidon/pegasus/casa-wind-full/run0285/00/00/unzip_ID0000011.meta,/mnt/poseidon-data/poseidon/workflows/casa-wind-workflow-full/submit/poseidon/pegasus/casa-wind-full/run0285/00/00/unzip_ID0000081.meta,/mnt/poseidon-data/poseidon/workflows/casa-wind-workflow-full/submit/poseidon/pegasus/casa-wind-full/run0285/00/00/unzip_ID0000066.meta,/mnt/poseidon-data/poseidon/workflows/casa-wind-workflow-full/submit/poseidon/pegasus/casa-wind-full/run0285/00/00/unzip_ID0000096.meta,/mnt/poseidon-data/poseidon/workflows/casa-wind-workflow-full/submit/poseidon/pegasus/casa-wind-full/run0285/00/00/unzip_ID0000051.meta,/mnt/poseidon-data/poseidon/workflows/casa-wind-workflow-full/submit/poseidon/pegasus/casa-wind-full/run0285/00/00/unzip_ID0000031.meta,/mnt/poseidon-data/poseidon/workflows/casa-wind-workflow-full/submit/poseidon/pegasus/casa-wind-full/run0285/00/00/unzip_ID0000116.meta,/mnt/poseidon-data/poseidon/workflows/casa-wind-workflow-full/submit/poseidon/pegasus/casa-wind-full/run0285/00/00/unzip_ID0000101.meta,/mnt/poseidon-data/poseidon/workflows/casa-wind-workflow-full/submit/poseidon/pegasus/casa-wind-full/run0285/00/00/unzip_ID0000121.meta,/mnt/poseidon-data/poseidon/workflows/casa-wind-workflow-full/submit/poseidon/pegasus/casa-wind-full/run0285/00/00/unzip_ID0000106.meta,/mnt/poseidon-data/poseidon/workflows/casa-wind-workflow-full/submit/poseidon/pegasus/casa-wind-full/run0285/00/00/unzip_ID0000046.meta,/mnt/poseidon-data/poseidon/workflows/casa-wind-workflow-full/submit/poseidon/pegasus/casa-wind-full/run0285/00/00/unzip_ID0000076.meta,/mnt/poseidon-data/poseidon/workflows/casa-wind-workflow-full/submit/poseidon/pegasus/casa-wind-full/run0285/00/00/unzip_ID0000056.meta,/mnt/poseidon-data/poseidon/workflows/casa-wind-workflow-full/submit/poseidon/pegasus/casa-wind-full/run0285/00/00/unzip_ID0000021.meta,/mnt/poseidon-data/poseidon/workflows/casa-wind-workflow-full/submit/poseidon/pegasus/casa-wind-full/run0285/00/00/unzip_ID0000086.meta,/mnt/poseidon-data/poseidon/workflows/casa-wind-workflow-full/submit/poseidon/pegasus/casa-wind-full/run0285/00/00/unzip_ID0000126.meta,/mnt/poseidon-data/poseidon/workflows/casa-wind-workflow-full/submit/poseidon/pegasus/casa-wind-full/run0285/00/00/unzip_ID0000006.meta,/mnt/poseidon-data/poseidon/workflows/casa-wind-workflow-full/submit/poseidon/pegasus/casa-wind-full/run0285/00/00/unzip_ID0000036.meta,/mnt/poseidon-data/poseidon/workflows/casa-wind-workflow-full/submit/poseidon/pegasus/casa-wind-full/run0285/00/00/unzip_ID0000001.meta,/mnt/poseidon-data/poseidon/workflows/casa-wind-workflow-full/submit/poseidon/pegasus/casa-wind-full/run0285/00/00/unzip_ID0000091.meta --insert /mnt/poseidon-data/poseidon/workflows/casa-wind-workflow-full/submit/poseidon/pegasus/casa-wind-full/run0285/00/00/register_condorpool_0_2.in",3.2,0,0,,,,,,,,,
post_vel_ID0000128,None,compute,0,1694416054.0,,,1694416059.0,1694416063.0,1694416075.0,28401194.0,1694416061.0,1694416090.0,1694416081.0,1694416084.0,4721.0,1694416090.0,1694416095.0,5.0,,2.0,29.0,5.0,12.0,177143937.0,3.0,14512.0,poseidon,condorpool,poseidon-worker-2-container-0-3,post_vel,/opt/netcdf2png/merged_netcdf2png,,0.1,0,0,,,,,,,,,
mvt_ID0000049,None,compute,0,1694416054.0,,,1694416059.0,1694416063.0,1694416074.0,30970169.2,1694416061.0,1694416131.0,1694416120.0,1694416123.0,7728.0,1694416131.0,1694416136.0,5.0,,2.0,70.0,5.0,11.0,177143652.0,3.0,24108.0,poseidon,condorpool,poseidon-worker-2-container-20-23,mvt,/opt/mvt/mvt,,40.1,0,0,0.0,812078.0,12288.0,479.0,3.0,39.9,0.1,20302.0,1228.8
post_vel_ID0000048,None,compute,0,1694416054.0,,,1694416059.0,1694416062.0,1694416074.0,34330970.8,1694416061.0,1694416090.0,1694416079.0,1694416082.0,3367.0,1694416090.0,1694416095.0,5.0,,2.0,29.0,5.0,12.0,177143937.0,3.0,10371.0,poseidon,condorpool,poseidon-worker-1-container-16-19,post_vel,/opt/netcdf2png/merged_netcdf2png,,0.1,0,0,,,,,,,,,
post_vel_ID0000108,cpu_2,compute,0,1694416054.0,,,1694416059.0,1694416076.0,1694416087.0,29716908.0,1694416074.0,1694416105.0,1694416092.0,1694416096.0,4497.0,1694416105.0,1694416111.0,5.0,,15.0,31.0,6.0,11.0,177143937.0,4.0,13907.0,poseidon,condorpool,poseidon-worker-2-container-44-47,post_vel,/opt/netcdf2png/merged_netcdf2png,,0.1,0,0,,,,,,,,,
mvt_ID0000109,cpu_2,compute,0,1694416054.0,,,1694416059.0,1694416076.0,1694416090.0,21235894.8,1694416074.0,1694416146.0,1694416135.0,1694416138.0,19186.0,1694416146.0,1694416151.0,5.0,,15.0,72.0,5.0,14.0,177143652.0,3.0,59954.0,poseidon,condorpool,poseidon-worker-1-container-24-27,mvt,/opt/mvt/mvt,,39.5,0,0,0.0,816639.0,32768.0,482.0,8.0,29.9,0.1,27221.3,1638.4
register_condorpool_0_0,None,auxiliary,0,1694416054.0,,,1694416060.0,,,0.0,1694416060.0,1694416065.0,,,0.0,1694416065.0,1694416070.0,6.0,,0.0,5.0,5.0,,,,,poseidon,local,poseidon-submit,pegasus::rc-client,/mnt/poseidon-data/poseidon/pegasus-5.1.0panorama/bin/pegasus-rc-client,"-n pegasus::rc-client -N null -R local  -L casa-wind-full -T 2023-09-08T07:29:05+00:00 /home/poseidon/pegasus-5.1.0panorama/bin/pegasus-rc-client --prefix pegasus.catalog.replica.output --conf /mnt/poseidon-data/poseidon/workflows/casa-wind-workflow-full/submit/poseidon/pegasus/casa-wind-full/run0285/pegasus.11096112934941190813.properties -v --meta /mnt/poseidon-data/poseidon/workflows/casa-wind-workflow-full/submit/poseidon/pegasus/casa-wind-full/run0285/00/00/unzip_ID0000026.meta,/mnt/poseidon-data/poseidon/workflows/casa-wind-workflow-full/submit/poseidon/pegasus/casa-wind-full/run0285/00/00/unzip_ID0000061.meta,/mnt/poseidon-data/poseidon/workflows/casa-wind-workflow-full/submit/poseidon/pegasus/casa-wind-full/run0285/00/00/unzip_ID0000071.meta,/mnt/poseidon-data/poseidon/workflows/casa-wind-workflow-full/submit/poseidon/pegasus/casa-wind-full/run0285/00/00/unzip_ID0000041.meta,/mnt/poseidon-data/poseidon/workflows/casa-wind-workflow-full/submit/poseidon/pegasus/casa-wind-full/run0285/00/00/unzip_ID0000016.meta,/mnt/poseidon-data/poseidon/workflows/casa-wind-workflow-full/submit/poseidon/pegasus/casa-wind-full/run0285/00/00/unzip_ID0000111.meta,/mnt/poseidon-data/poseidon/workflows/casa-wind-workflow-full/submit/poseidon/pegasus/casa-wind-full/run0285/00/00/unzip_ID0000011.meta,/mnt/poseidon-data/poseidon/workflows/casa-wind-workflow-full/submit/poseidon/pegasus/casa-wind-full/run0285/00/00/unzip_ID0000081.meta,/mnt/poseidon-data/poseidon/workflows/casa-wind-workflow-full/submit/poseidon/pegasus/casa-wind-full/run0285/00/00/unzip_ID0000066.meta,/mnt/poseidon-data/poseidon/workflows/casa-wind-workflow-full/submit/poseidon/pegasus/casa-wind-full/run0285/00/00/unzip_ID0000096.meta,/mnt/poseidon-data/poseidon/workflows/casa-wind-workflow-full/submit/poseidon/pegasus/casa-wind-full/run0285/00/00/unzip_ID0000051.meta,/mnt/poseidon-data/poseidon/workflows/casa-wind-workflow-full/submit/poseidon/pegasus/casa-wind-full/run0285/00/00/unzip_ID0000031.meta,/mnt/poseidon-data/poseidon/workflows/casa-wind-workflow-full/submit/poseidon/pegasus/casa-wind-full/run0285/00/00/unzip_ID0000116.meta,/mnt/poseidon-data/poseidon/workflows/casa-wind-workflow-full/submit/poseidon/pegasus/casa-wind-full/run0285/00/00/unzip_ID0000101.meta,/mnt/poseidon-data/poseidon/workflows/casa-wind-workflow-full/submit/poseidon/pegasus/casa-wind-full/run0285/00/00/unzip_ID0000121.meta,/mnt/poseidon-data/poseidon/workflows/casa-wind-workflow-full/submit/poseidon/pegasus/casa-wind-full/run0285/00/00/unzip_ID0000106.meta,/mnt/poseidon-data/poseidon/workflows/casa-wind-workflow-full/submit/poseidon/pegasus/casa-wind-full/run0285/00/00/unzip_ID0000046.meta,/mnt/poseidon-data/poseidon/workflows/casa-wind-workflow-full/submit/poseidon/pegasus/casa-wind-full/run0285/00/00/unzip_ID0000076.meta,/mnt/poseidon-data/poseidon/workflows/casa-wind-workflow-full/submit/poseidon/pegasus/casa-wind-full/run0285/00/00/unzip_ID0000056.meta,/mnt/poseidon-data/poseidon/workflows/casa-wind-workflow-full/submit/poseidon/pegasus/casa-wind-full/run0285/00/00/unzip_ID0000021.meta,/mnt/poseidon-data/poseidon/workflows/casa-wind-workflow-full/submit/poseidon/pegasus/casa-wind-full/run0285/00/00/unzip_ID0000086.meta,/mnt/poseidon-data/poseidon/workflows/casa-wind-workflow-full/submit/poseidon/pegasus/casa-wind-full/run0285/00/00/unzip_ID0000126.meta,/mnt/poseidon-data/poseidon/workflows/casa-wind-workflow-full/submit/poseidon/pegasus/casa-wind-full/run0285/00/00/unzip_ID0000006.meta,/mnt/poseidon-data/poseidon/workflows/casa-wind-workflow-full/submit/poseidon/pegasus/casa-wind-full/run0285/00/00/unzip_ID0000036.meta,/mnt/poseidon-data/poseidon/workflows/casa-wind-workflow-full/submit/poseidon/pegasus/casa-wind-full/run0285/00/00/unzip_ID0000001.meta,/mnt/poseidon-data/poseidon/workflows/casa-wind-workflow-full/submit/poseidon/pegasus/casa-wind-full/run0285/00/00/unzip_ID0000091.meta --insert /mnt/poseidon-data/poseidon/workflows/casa-wind-workflow-full/submit/poseidon/pegasus/casa-wind-full/run0285/00/00/register_condorpool_0_0.in",3.3,0,0,,,,,,,,,
register_condorpool_0_1,None,auxiliary,0,1694416054.0,,,1694416070.0,,,0.0,1694416070.0,1694416075.0,,,0.0,1694416075.0,1694416080.0,16.0,,0.0,5.0,5.0,,,,,poseidon,local,poseidon-submit,pegasus::rc-client,/mnt/poseidon-data/poseidon/pegasus-5.1.0panorama/bin/pegasus-rc-client,"-n pegasus::rc-client -N null -R local  -L casa-wind-full -T 2023-09-08T07:29:05+00:00 /home/poseidon/pegasus-5.1.0panorama/bin/pegasus-rc-client --prefix pegasus.catalog.replica.output --conf /mnt/poseidon-data/poseidon/workflows/casa-wind-workflow-full/submit/poseidon/pegasus/casa-wind-full/run0285/pegasus.11096112934941190813.properties -v --meta /mnt/poseidon-data/poseidon/workflows/casa-wind-workflow-full/submit/poseidon/pegasus/casa-wind-full/run0285/00/00/unzip_ID0000026.meta,/mnt/poseidon-data/poseidon/workflows/casa-wind-workflow-full/submit/poseidon/pegasus/casa-wind-full/run0285/00/00/unzip_ID0000061.meta,/mnt/poseidon-data/poseidon/workflows/casa-wind-workflow-full/submit/poseidon/pegasus/casa-wind-full/run0285/00/00/unzip_ID0000071.meta,/mnt/poseidon-data/poseidon/workflows/casa-wind-workflow-full/submit/poseidon/pegasus/casa-wind-full/run0285/00/00/unzip_ID0000041.meta,/mnt/poseidon-data/poseidon/workflows/casa-wind-workflow-full/submit/poseidon/pegasus/casa-wind-full/run0285/00/00/unzip_ID0000016.meta,/mnt/poseidon-data/poseidon/workflows/casa-wind-workflow-full/submit/poseidon/pegasus/casa-wind-full/run0285/00/00/unzip_ID0000111.meta,/mnt/poseidon-data/poseidon/workflows/casa-wind-workflow-full/submit/poseidon/pegasus/casa-wind-full/run0285/00/00/unzip_ID0000011.meta,/mnt/poseidon-data/poseidon/workflows/casa-wind-workflow-full/submit/poseidon/pegasus/casa-wind-full/run0285/00/00/unzip_ID0000081.meta,/mnt/poseidon-data/poseidon/workflows/casa-wind-workflow-full/submit/poseidon/pegasus/casa-wind-full/run0285/00/00/unzip_ID0000066.meta,/mnt/poseidon-data/poseidon/workflows/casa-wind-workflow-full/submit/poseidon/pegasus/casa-wind-full/run0285/00/00/unzip_ID0000096.meta,/mnt/poseidon-data/poseidon/workflows/casa-wind-workflow-full/submit/poseidon/pegasus/casa-wind-full/run0285/00/00/unzip_ID0000051.meta,/mnt/poseidon-data/poseidon/workflows/casa-wind-workflow-full/submit/poseidon/pegasus/casa-wind-full/run0285/00/00/unzip_ID0000031.meta,/mnt/poseidon-data/poseidon/workflows/casa-wind-workflow-full/submit/poseidon/pegasus/casa-wind-full/run0285/00/00/unzip_ID0000116.meta,/mnt/poseidon-data/poseidon/workflows/casa-wind-workflow-full/submit/poseidon/pegasus/casa-wind-full/run0285/00/00/unzip_ID0000101.meta,/mnt/poseidon-data/poseidon/workflows/casa-wind-workflow-full/submit/poseidon/pegasus/casa-wind-full/run0285/00/00/unzip_ID0000121.meta,/mnt/poseidon-data/poseidon/workflows/casa-wind-workflow-full/submit/poseidon/pegasus/casa-wind-full/run0285/00/00/unzip_ID0000106.meta,/mnt/poseidon-data/poseidon/workflows/casa-wind-workflow-full/submit/poseidon/pegasus/casa-wind-full/run0285/00/00/unzip_ID0000046.meta,/mnt/poseidon-data/poseidon/workflows/casa-wind-workflow-full/submit/poseidon/pegasus/casa-wind-full/run0285/00/00/unzip_ID0000076.meta,/mnt/poseidon-data/poseidon/workflows/casa-wind-workflow-full/submit/poseidon/pegasus/casa-wind-full/run0285/00/00/unzip_ID0000056.meta,/mnt/poseidon-data/poseidon/workflows/casa-wind-workflow-full/submit/poseidon/pegasus/casa-wind-full/run0285/00/00/unzip_ID0000021.meta,/mnt/poseidon-data/poseidon/workflows/casa-wind-workflow-full/submit/poseidon/pegasus/casa-wind-full/run0285/00/00/unzip_ID0000086.meta,/mnt/poseidon-data/poseidon/workflows/casa-wind-workflow-full/submit/poseidon/pegasus/casa-wind-full/run0285/00/00/unzip_ID0000126.meta,/mnt/poseidon-data/poseidon/workflows/casa-wind-workflow-full/submit/poseidon/pegasus/casa-wind-full/run0285/00/00/unzip_ID0000006.meta,/mnt/poseidon-data/poseidon/workflows/casa-wind-workflow-full/submit/poseidon/pegasus/casa-wind-full/run0285/00/00/unzip_ID0000036.meta,/mnt/poseidon-data/poseidon/workflows/casa-wind-workflow-full/submit/poseidon/pegasus/casa-wind-full/run0285/00/00/unzip_ID0000001.meta,/mnt/poseidon-data/poseidon/workflows/casa-wind-workflow-full/submit/poseidon/pegasus/casa-wind-full/run0285/00/00/unzip_ID0000091.meta --insert /mnt/poseidon-data/poseidon/workflows/casa-wind-workflow-full/submit/poseidon/pegasus/casa-wind-full/run0285/00/00/register_condorpool_0_1.in",3.0,0,0,,,,,,,,,
post_vel_ID0000008,None,compute,0,1694416054.0,,,1694416059.0,1694416076.0,1694416088.0,27096416.2,1694416074.0,1694416105.0,1694416094.0,1694416097.0,3525.0,1694416105.0,1694416111.0,5.0,,15.0,31.0,6.0,12.0,177143937.0,3.0,10982.0,poseidon,condorpool,poseidon-worker-1-container-28-31,post_vel,/opt/netcdf2png/merged_netcdf2png,,0.1,0,0,,,,,,,,,
mvt_ID0000009,None,compute,0,1694416054.0,,,1694416059.0,1694416076.0,1694416088.0,27611887.8,1694416074.0,1694416146.0,1694416133.0,1694416136.0,11360.0,1694416146.0,1694416151.0,5.0,,15.0,72.0,5.0,12.0,177143652.0,3.0,35429.0,poseidon,condorpool,poseidon-worker-1-container-16-19,mvt,/opt/mvt/mvt,,39.6,0,0,0.1,791979.0,20480.0,428.0,5.0,29.8,0.1,26399.3,1024.0
post_vel_ID0000058,None,compute,0,1694416054.0,,,1694416059.0,1694416064.0,1694416075.0,34619854.2,1694416062.0,1694416090.0,1694416080.0,1694416083.0,3601.0,1694416090.0,1694416095.0,5.0,,3.0,28.0,5.0,11.0,177143937.0,3.0,10981.0,poseidon,condorpool,poseidon-worker-1-container-32-35,post_vel,/opt/netcdf2png/merged_netcdf2png,,0.2,0,0,,,,,,,,,
mvt_ID0000129,None,compute,0,1694416054.0,,,1694416059.0,1694416062.0,1694416074.0,28344570.6,1694416061.0,1694416131.0,1694416119.0,1694416123.0,20638.0,1694416131.0,1694416136.0,5.0,,2.0,70.0,5.0,12.0,177143652.0,4.0,64489.0,poseidon,condorpool,poseidon-worker-2-container-24-27,mvt,/opt/mvt/mvt,,40.2,0,0,0.0,813467.0,36864.0,482.0,9.0,39.9,0.1,20336.7,3686.4
post_vel_ID0000053,cpu_2,compute,0,1694416054.0,,,1694416059.0,1694416064.0,1694416074.0,34484197.0,1694416062.0,1694416090.0,1694416080.0,1694416083.0,3585.0,1694416090.0,1694416095.0,5.0,,3.0,28.0,5.0,10.0,177143937.0,3.0,11004.0,poseidon,condorpool,poseidon-worker-2-container-12-15,post_vel,/opt/netcdf2png/merged_netcdf2png,,0.1,0,0,,,,,,,,,
mvt_ID0000099,None,compute,0,1694416054.0,,,1694416059.0,1694416073.0,1694416084.0,34858477.8,1694416071.0,1694416141.0,1694416129.0,1694416132.0,16288.0,1694416141.0,1694416146.0,5.0,,12.0,70.0,5.0,11.0,177143652.0,3.0,50118.0,poseidon,condorpool,poseidon-worker-1-container-40-43,mvt,/opt/mvt/mvt,,39.7,0,0,0.0,818067.0,28672.0,485.0,7.0,29.9,0.1,27268.9,1433.6
post_vel_ID0000098,cpu_2,compute,0,1694416054.0,,,1694416059.0,1694416079.0,1694416090.0,34678134.6,1694416077.0,1694416105.0,1694416096.0,1694416099.0,4406.0,1694416105.0,1694416111.0,5.0,,18.0,28.0,6.0,11.0,177143937.0,3.0,13355.0,poseidon,condorpool,poseidon-worker-2-container-12-15,post_vel,/opt/netcdf2png/merged_netcdf2png,,0.1,0,0,,,,,,,,,
mvt_ID0000124,cpu_2,compute,0,1694416054.0,,,1694416059.0,1694416063.0,1694416073.0,34376066.2,1694416061.0,1694416131.0,1694416119.0,1694416122.0,22790.0,1694416131.0,1694416136.0,5.0,,2.0,70.0,5.0,10.0,177143652.0,3.0,70564.0,poseidon,condorpool,poseidon-worker-1-container-4-7,mvt,/opt/mvt/mvt,,40.3,0,0,0.0,810611.0,40960.0,476.0,10.0,39.8,0.1,20265.3,4096.0
post_vel_ID0000123,cpu_2,compute,0,1694416054.0,,,1694416059.0,1694416063.0,1694416076.0,24904185.3,1694416061.0,1694416090.0,1694416081.0,1694416084.0,4845.0,1694416090.0,1694416095.0,5.0,,2.0,29.0,5.0,13.0,177143937.0,3.0,14777.0,poseidon,condorpool,poseidon-worker-1-container-44-47,post_vel,/opt/netcdf2png/merged_netcdf2png,,0.1,0,0,,,,,,,,,
mvt_ID0000004,cpu_2,compute,0,1694416054.0,,,1694416059.0,1694416077.0,1694416088.0,33682356.2,1694416075.0,1694416146.0,1694416133.0,1694416136.0,9164.0,1694416146.0,1694416151.0,5.0,,16.0,71.0,5.0,11.0,177143652.0,3.0,28781.0,poseidon,condorpool,poseidon-worker-1-container-44-47,mvt,/opt/mvt/mvt,,39.6,0,0,0.1,789222.0,16384.0,422.0,4.0,29.9,0.1,26307.4,819.2
post_vel_ID0000003,None,compute,0,1694416054.0,,,1694416059.0,1694416077.0,1694416094.0,15312821.0,1694416075.0,1694416111.0,1694416100.0,1694416103.0,3600.0,1694416111.0,1694416116.0,5.0,,16.0,36.0,5.0,17.0,177143937.0,3.0,10865.0,poseidon,condorpool,poseidon-worker-2-container-40-43,post_vel,/opt/netcdf2png/merged_netcdf2png,,0.1,0,0,,,,,,,,,
post_vel_ID0000093,cpu_2,compute,0,1694416054.0,,,1694416059.0,1694416063.0,1694416075.0,24199477.7,1694416061.0,1694416090.0,1694416081.0,1694416084.0,4351.0,1694416090.0,1694416095.0,5.0,,2.0,29.0,5.0,12.0,177143937.0,3.0,13303.0,poseidon,condorpool,poseidon-worker-2-container-36-39,post_vel,/opt/netcdf2png/merged_netcdf2png,,0.1,0,0,,,,,,,,,
post_vel_ID0000063,None,compute,0,1694416054.0,,,1694416059.0,1694416077.0,1694416088.0,34357975.2,1694416076.0,1694416105.0,1694416094.0,1694416097.0,3781.0,1694416105.0,1694416111.0,5.0,,17.0,29.0,6.0,11.0,177143937.0,3.0,11628.0,poseidon,condorpool,poseidon-worker-2-container-20-23,post_vel,/opt/netcdf2png/merged_netcdf2png,,0.1,0,0,,,,,,,,,
mvt_ID0000064,None,compute,0,1694416054.0,,,1694416059.0,1694416076.0,1694416090.0,22428716.4,1694416075.0,1694416146.0,1694416135.0,1694416138.0,10016.0,1694416146.0,1694416151.0,5.0,,16.0,71.0,5.0,14.0,177143652.0,3.0,31148.0,poseidon,condorpool,poseidon-worker-1-container-40-43,mvt,/opt/mvt/mvt,,39.4,0,0,0.0,822206.0,16384.0,494.0,4.0,29.9,0.1,27406.9,819.2
mvt_ID0000084,None,compute,0,1694416054.0,,,1694416059.0,1694416062.0,1694416073.0,35170906.6,1694416061.0,1694416131.0,1694416118.0,1694416121.0,15622.0,1694416131.0,1694416136.0,5.0,,2.0,70.0,5.0,11.0,177143652.0,3.0,47998.0,poseidon,condorpool,poseidon-worker-1-container-36-39,mvt,/opt/mvt/mvt,,39.8,0,0,0.0,809687.0,24576.0,467.0,6.0,29.9,0.1,26989.6,1228.8
post_vel_ID0000083,cpu_2,compute,0,1694416054.0,,,1694416059.0,1694416063.0,1694416074.0,34852747.0,1694416062.0,1694416090.0,1694416080.0,1694416083.0,4122.0,1694416090.0,1694416095.0,5.0,,3.0,28.0,5.0,11.0,177143937.0,3.0,12720.0,poseidon,condorpool,poseidon-worker-1-container-12-15,post_vel,/opt/netcdf2png/merged_netcdf2png,,0.1,0,0,,,,,,,,,
mvt_ID0000054,cpu_2,compute,0,1694416054.0,,,1694416059.0,1694416063.0,1694416074.0,28027815.4,1694416061.0,1694416131.0,1694416120.0,1694416123.0,9251.0,1694416131.0,1694416136.0,5.0,,2.0,70.0,5.0,11.0,177143652.0,3.0,28552.0,poseidon,condorpool,poseidon-worker-1-container-24-27,mvt,/opt/mvt/mvt,,39.6,0,0,0.0,805564.0,12288.0,458.0,3.0,29.7,0.1,26852.1,1228.8
mvt_ID0000094,None,compute,0,1694416054.0,,,1694416059.0,1694416063.0,1694416074.0,33456514.6,1694416061.0,1694416131.0,1694416119.0,1694416122.0,17047.0,1694416131.0,1694416136.0,5.0,,2.0,70.0,5.0,11.0,177143652.0,3.0,52407.0,poseidon,condorpool,poseidon-worker-2-container-40-43,mvt,/opt/mvt/mvt,,40.0,0,0,0.0,842395.0,81079.0,545.0,20.0,39.8,0.2,21059.9,2702.6
post_vel_ID0000103,cpu_2,compute,0,1694416060.0,,,1694416065.0,1694416077.0,1694416088.0,28898836.8,1694416075.0,1694416105.0,1694416094.0,1694416097.0,4471.0,1694416105.0,1694416111.0,5.0,,10.0,30.0,6.0,11.0,177143937.0,3.0,13815.0,poseidon,condorpool,poseidon-worker-2-container-12-15,post_vel,/opt/netcdf2png/merged_netcdf2png,,0.1,0,0,,,,,,,,,
post_vel_ID0000043,cpu_2,compute,0,1694416060.0,,,1694416065.0,1694416076.0,1694416088.0,28451713.3,1694416074.0,1694416105.0,1694416094.0,1694416097.0,3614.0,1694416105.0,1694416111.0,5.0,,9.0,31.0,6.0,12.0,177143937.0,3.0,11050.0,poseidon,condorpool,poseidon-worker-1-container-8-11,post_vel,/opt/netcdf2png/merged_netcdf2png,,0.1,0,0,,,,,,,,,
stage_out_local_condorpool_1_1,None,transfer,0,1694416060.0,,,1694416065.0,,,0.0,1694416065.0,1694416070.0,,,0.0,1694416070.0,1694416075.0,5.0,,0.0,5.0,5.0,,,,,poseidon,local,poseidon-submit,pegasus::transfer,/mnt/poseidon-data/poseidon/pegasus-5.1.0panorama/bin/pegasus-transfer,/home/poseidon/pegasus-5.1.0panorama/bin/../bin/pegasus-kickstart  -n pegasus::transfer -N null -i - -R local  -L casa-wind-full -T 2023-09-08T07:29:05+00:00 /home/poseidon/pegasus-5.1.0panorama/bin/../bin/pegasus-transfer  --threads 2,1.0,0,0,,,,,,,,,
stage_out_local_condorpool_1_2,None,transfer,0,1694416060.0,,,1694416065.0,,,0.0,1694416065.0,1694416070.0,,,0.0,1694416070.0,1694416075.0,5.0,,0.0,5.0,5.0,,,,,poseidon,local,poseidon-submit,pegasus::transfer,/mnt/poseidon-data/poseidon/pegasus-5.1.0panorama/bin/pegasus-transfer,/home/poseidon/pegasus-5.1.0panorama/bin/../bin/pegasus-kickstart  -n pegasus::transfer -N null -i - -R local  -L casa-wind-full -T 2023-09-08T07:29:05+00:00 /home/poseidon/pegasus-5.1.0panorama/bin/../bin/pegasus-transfer  --threads 2,0.9,0,0,,,,,,,,,
mvt_ID0000104,None,compute,0,1694416060.0,,,1694416065.0,1694416077.0,1694416088.0,34298077.6,1694416075.0,1694416146.0,1694416133.0,1694416136.0,18995.0,1694416146.0,1694416151.0,5.0,,10.0,71.0,5.0,11.0,177143652.0,3.0,59590.0,poseidon,condorpool,poseidon-worker-2-container-4-7,mvt,/opt/mvt/mvt,,39.9,0,0,0.0,819258.0,32768.0,488.0,8.0,29.9,0.0,27308.6,3276.8
mvt_ID0000044,None,compute,0,1694416060.0,,,1694416065.0,1694416078.0,1694416089.0,32168070.0,1694416076.0,1694416146.0,1694416134.0,1694416137.0,9114.0,1694416146.0,1694416151.0,5.0,,11.0,70.0,5.0,11.0,177143652.0,3.0,28113.0,poseidon,condorpool,poseidon-worker-2-container-0-3,mvt,/opt/mvt/mvt,,39.5,0,0,0.0,793264.0,12288.0,431.0,3.0,29.9,0.1,26442.1,1228.8
mvt_ID0000029,cpu_2,compute,0,1694416060.0,,,1694416065.0,1694416077.0,1694416088.0,34405179.4,1694416075.0,1694416146.0,1694416133.0,1694416136.0,12367.0,1694416146.0,1694416151.0,5.0,,10.0,71.0,5.0,11.0,177143652.0,3.0,38341.0,poseidon,condorpool,poseidon-worker-1-container-0-3,mvt,/opt/mvt/mvt,,39.6,0,0,0.0,816522.0,20480.0,482.0,5.0,29.8,0.1,27217.4,1024.0
post_vel_ID0000073,None,compute,0,1694416060.0,,,1694416065.0,1694416076.0,1694416088.0,29970902.0,1694416074.0,1694416105.0,1694416093.0,1694416096.0,3839.0,1694416105.0,1694416111.0,5.0,,9.0,31.0,6.0,12.0,177143937.0,3.0,11825.0,poseidon,condorpool,poseidon-worker-1-container-36-39,post_vel,/opt/netcdf2png/merged_netcdf2png,,0.1,0,0,,,,,,,,,
mvt_ID0000074,cpu_2,compute,0,1694416060.0,,,1694416065.0,1694416077.0,1694416088.0,28259449.2,1694416074.0,1694416146.0,1694416133.0,1694416136.0,12301.0,1694416146.0,1694416151.0,5.0,,9.0,72.0,5.0,11.0,177143652.0,3.0,38855.0,poseidon,condorpool,poseidon-worker-2-container-36-39,mvt,/opt/mvt/mvt,,39.5,0,0,0.0,787847.0,20480.0,419.0,5.0,29.9,0.1,26261.6,1024.0
post_vel_ID0000113,None,compute,0,1694416060.0,,,1694416065.0,1694416077.0,1694416095.0,13911648.2,1694416075.0,1694416111.0,1694416101.0,1694416104.0,4847.0,1694416111.0,1694416116.0,5.0,,10.0,36.0,5.0,18.0,177143937.0,3.0,14745.0,poseidon,condorpool,poseidon-worker-2-container-28-31,post_vel,/opt/netcdf2png/merged_netcdf2png,,0.1,0,0,,,,,,,,,
mvt_ID0000114,None,compute,0,1694416060.0,,,1694416065.0,1694416077.0,1694416094.0,14654612.2,1694416075.0,1694416151.0,1694416139.0,1694416142.0,23577.0,1694416151.0,1694416156.0,5.0,,10.0,76.0,5.0,17.0,177143652.0,3.0,73234.0,poseidon,condorpool,poseidon-worker-2-container-16-19,mvt,/opt/mvt/mvt,,39.4,0,0,0.0,819384.0,40960.0,488.0,10.0,29.9,0.1,27312.8,4096.0
post_vel_ID0000013,None,compute,0,1694416060.0,,,1694416065.0,1694416078.0,1694416089.0,29735020.0,1694416076.0,1694416105.0,1694416094.0,1694416097.0,3614.0,1694416105.0,1694416111.0,5.0,,11.0,29.0,6.0,11.0,177143937.0,3.0,11040.0,poseidon,condorpool,poseidon-worker-1-container-32-35,post_vel,/opt/netcdf2png/merged_netcdf2png,,0.1,0,0,,,,,,,,,
post_vel_ID0000028,None,compute,0,1694416060.0,,,1694416065.0,1694416077.0,1694416089.0,29169102.7,1694416075.0,1694416105.0,1694416094.0,1694416097.0,3774.0,1694416105.0,1694416111.0,5.0,,10.0,30.0,6.0,12.0,177143937.0,3.0,11529.0,poseidon,condorpool,poseidon-worker-2-container-24-27,post_vel,/opt/netcdf2png/merged_netcdf2png,,0.1,0,0,,,,,,,,,
post_vel_ID0000018,cpu_2,compute,0,1694416060.0,,,1694416065.0,1694416076.0,1694416088.0,33021134.0,1694416074.0,1694416105.0,1694416093.0,1694416096.0,3720.0,1694416105.0,1694416111.0,5.0,,9.0,31.0,6.0,12.0,177143937.0,3.0,11645.0,poseidon,condorpool,poseidon-worker-1-container-4-7,post_vel,/opt/netcdf2png/merged_netcdf2png,,0.1,0,0,,,,,,,,,
mvt_ID0000019,cpu_2,compute,0,1694416060.0,,,1694416065.0,1694416076.0,1694416087.0,32999002.2,1694416074.0,1694416146.0,1694416133.0,1694416136.0,11579.0,1694416146.0,1694416151.0,5.0,,9.0,72.0,5.0,11.0,177143652.0,3.0,36245.0,poseidon,condorpool,poseidon-worker-2-container-8-11,mvt,/opt/mvt/mvt,,39.8,0,0,0.0,823048.0,20480.0,503.0,5.0,39.6,0.1,20576.2,1024.0
mvt_ID0000024,None,compute,0,1694416060.0,,,1694416065.0,1694416077.0,1694416088.0,34861368.8,1694416075.0,1694416141.0,1694416132.0,1694416136.0,9951.0,1694416141.0,1694416146.0,5.0,,10.0,66.0,5.0,11.0,177143652.0,4.0,30705.0,poseidon,condorpool,poseidon-worker-1-container-20-23,mvt,/opt/mvt/mvt,,39.5,0,0,0.0,789215.0,16384.0,422.0,4.0,29.9,0.1,26307.2,819.2
post_vel_ID0000023,cpu_2,compute,0,1694416060.0,,,1694416065.0,1694416076.0,1694416088.0,29596301.0,1694416075.0,1694416105.0,1694416093.0,1694416097.0,3691.0,1694416105.0,1694416111.0,5.0,,10.0,30.0,6.0,12.0,177143937.0,4.0,11372.0,poseidon,condorpool,poseidon-worker-1-container-12-15,post_vel,/opt/netcdf2png/merged_netcdf2png,,0.1,0,0,,,,,,,,,
stage_out_local_condorpool_1_0,None,transfer,0,1694416060.0,,,1694416065.0,,,0.0,1694416065.0,1694416070.0,,,0.0,1694416070.0,1694416075.0,5.0,,0.0,5.0,5.0,,,,,poseidon,local,poseidon-submit,pegasus::transfer,/mnt/poseidon-data/poseidon/pegasus-5.1.0panorama/bin/pegasus-transfer,/home/poseidon/pegasus-5.1.0panorama/bin/../bin/pegasus-kickstart  -n pegasus::transfer -N null -i - -R local  -L casa-wind-full -T 2023-09-08T07:29:05+00:00 /home/poseidon/pegasus-5.1.0panorama/bin/../bin/pegasus-transfer  --threads 2,1.0,0,0,,,,,,,,,
mvt_ID0000014,None,compute,0,1694416060.0,,,1694416065.0,1694416076.0,1694416087.0,34819720.0,1694416075.0,1694416146.0,1694416133.0,1694416136.0,10334.0,1694416146.0,1694416151.0,5.0,,10.0,71.0,5.0,11.0,177143652.0,3.0,31991.0,poseidon,condorpool,poseidon-worker-2-container-32-35,mvt,/opt/mvt/mvt,,39.8,0,0,0.0,791977.0,16384.0,428.0,4.0,29.9,0.1,26399.2,819.2
register_condorpool_1_0,None,auxiliary,0,1694416075.0,,,1694416080.0,,,0.0,1694416081.0,1694416085.0,,,0.0,1694416085.0,1694416090.0,5.0,,1.0,4.0,5.0,,,,,poseidon,local,poseidon-submit,pegasus::rc-client,/mnt/poseidon-data/poseidon/pegasus-5.1.0panorama/bin/pegasus-rc-client,"-n pegasus::rc-client -N null -R local  -L casa-wind-full -T 2023-09-08T07:29:05+00:00 /home/poseidon/pegasus-5.1.0panorama/bin/pegasus-rc-client --prefix pegasus.catalog.replica.output --conf /mnt/poseidon-data/poseidon/workflows/casa-wind-workflow-full/submit/poseidon/pegasus/casa-wind-full/run0285/pegasus.11096112934941190813.properties -v --meta /mnt/poseidon-data/poseidon/workflows/casa-wind-workflow-full/submit/poseidon/pegasus/casa-wind-full/run0285/00/01/um_vel_ID0000067.meta,/mnt/poseidon-data/poseidon/workflows/casa-wind-workflow-full/submit/poseidon/pegasus/casa-wind-full/run0285/00/00/um_vel_ID0000127.meta,/mnt/poseidon-data/poseidon/workflows/casa-wind-workflow-full/submit/poseidon/pegasus/casa-wind-full/run0285/00/00/um_vel_ID0000122.meta,/mnt/poseidon-data/poseidon/workflows/casa-wind-workflow-full/submit/poseidon/pegasus/casa-wind-full/run0285/00/00/um_vel_ID0000092.meta,/mnt/poseidon-data/poseidon/workflows/casa-wind-workflow-full/submit/poseidon/pegasus/casa-wind-full/run0285/00/01/um_vel_ID0000077.meta,/mnt/poseidon-data/poseidon/workflows/casa-wind-workflow-full/submit/poseidon/pegasus/casa-wind-full/run0285/00/01/um_vel_ID0000057.meta,/mnt/poseidon-data/poseidon/workflows/casa-wind-workflow-full/submit/poseidon/pegasus/casa-wind-full/run0285/00/00/um_vel_ID0000027.meta,/mnt/poseidon-data/poseidon/workflows/casa-wind-workflow-full/submit/poseidon/pegasus/casa-wind-full/run0285/00/01/um_vel_ID0000042.meta,/mnt/poseidon-data/poseidon/workflows/casa-wind-workflow-full/submit/poseidon/pegasus/casa-wind-full/run0285/00/00/um_vel_ID0000022.meta --insert /mnt/poseidon-data/poseidon/workflows/casa-wind-workflow-full/submit/poseidon/pegasus/casa-wind-full/run0285/00/01/register_condorpool_1_0.in",2.7,0,0,,,,,,,,,
register_condorpool_1_1,None,auxiliary,0,1694416075.0,,,1694416100.0,,,0.0,1694416101.0,1694416105.0,,,0.0,1694416105.0,1694416111.0,25.0,,1.0,4.0,6.0,,,,,poseidon,local,poseidon-submit,pegasus::rc-client,/mnt/poseidon-data/poseidon/pegasus-5.1.0panorama/bin/pegasus-rc-client,"-n pegasus::rc-client -N null -R local  -L casa-wind-full -T 2023-09-08T07:29:05+00:00 /home/poseidon/pegasus-5.1.0panorama/bin/pegasus-rc-client --prefix pegasus.catalog.replica.output --conf /mnt/poseidon-data/poseidon/workflows/casa-wind-workflow-full/submit/poseidon/pegasus/casa-wind-full/run0285/pegasus.11096112934941190813.properties -v --meta /mnt/poseidon-data/poseidon/workflows/casa-wind-workflow-full/submit/poseidon/pegasus/casa-wind-full/run0285/00/00/um_vel_ID0000017.meta,/mnt/poseidon-data/poseidon/workflows/casa-wind-workflow-full/submit/poseidon/pegasus/casa-wind-full/run0285/00/01/um_vel_ID0000037.meta,/mnt/poseidon-data/poseidon/workflows/casa-wind-workflow-full/submit/poseidon/pegasus/casa-wind-full/run0285/00/00/um_vel_ID0000082.meta,/mnt/poseidon-data/poseidon/workflows/casa-wind-workflow-full/submit/poseidon/pegasus/casa-wind-full/run0285/00/00/um_vel_ID0000097.meta,/mnt/poseidon-data/poseidon/workflows/casa-wind-workflow-full/submit/poseidon/pegasus/casa-wind-full/run0285/00/01/um_vel_ID0000047.meta,/mnt/poseidon-data/poseidon/workflows/casa-wind-workflow-full/submit/poseidon/pegasus/casa-wind-full/run0285/00/00/um_vel_ID0000087.meta,/mnt/poseidon-data/poseidon/workflows/casa-wind-workflow-full/submit/poseidon/pegasus/casa-wind-full/run0285/00/01/um_vel_ID0000007.meta,/mnt/poseidon-data/poseidon/workflows/casa-wind-workflow-full/submit/poseidon/pegasus/casa-wind-full/run0285/00/01/um_vel_ID0000072.meta,/mnt/poseidon-data/poseidon/workflows/casa-wind-workflow-full/submit/poseidon/pegasus/casa-wind-full/run0285/00/01/um_vel_ID0000102.meta --insert /mnt/poseidon-data/poseidon/workflows/casa-wind-workflow-full/submit/poseidon/pegasus/casa-wind-full/run0285/00/01/register_condorpool_1_1.in",2.7,0,0,,,,,,,,,
register_condorpool_1_2,None,auxiliary,0,1694416075.0,,,1694416090.0,,,0.0,1694416090.0,1694416095.0,,,0.0,1694416095.0,1694416100.0,15.0,,0.0,5.0,5.0,,,,,poseidon,local,poseidon-submit,pegasus::rc-client,/mnt/poseidon-data/poseidon/pegasus-5.1.0panorama/bin/pegasus-rc-client,"-n pegasus::rc-client -N null -R local  -L casa-wind-full -T 2023-09-08T07:29:05+00:00 /home/poseidon/pegasus-5.1.0panorama/bin/pegasus-rc-client --prefix pegasus.catalog.replica.output --conf /mnt/poseidon-data/poseidon/workflows/casa-wind-workflow-full/submit/poseidon/pegasus/casa-wind-full/run0285/pegasus.11096112934941190813.properties -v --meta /mnt/poseidon-data/poseidon/workflows/casa-wind-workflow-full/submit/poseidon/pegasus/casa-wind-full/run0285/00/00/um_vel_ID0000117.meta,/mnt/poseidon-data/poseidon/workflows/casa-wind-workflow-full/submit/poseidon/pegasus/casa-wind-full/run0285/00/01/um_vel_ID0000052.meta,/mnt/poseidon-data/poseidon/workflows/casa-wind-workflow-full/submit/poseidon/pegasus/casa-wind-full/run0285/00/00/um_vel_ID0000002.meta,/mnt/poseidon-data/poseidon/workflows/casa-wind-workflow-full/submit/poseidon/pegasus/casa-wind-full/run0285/00/00/um_vel_ID0000012.meta,/mnt/poseidon-data/poseidon/workflows/casa-wind-workflow-full/submit/poseidon/pegasus/casa-wind-full/run0285/00/00/um_vel_ID0000032.meta,/mnt/poseidon-data/poseidon/workflows/casa-wind-workflow-full/submit/poseidon/pegasus/casa-wind-full/run0285/00/01/um_vel_ID0000062.meta,/mnt/poseidon-data/poseidon/workflows/casa-wind-workflow-full/submit/poseidon/pegasus/casa-wind-full/run0285/00/01/um_vel_ID0000112.meta,/mnt/poseidon-data/poseidon/workflows/casa-wind-workflow-full/submit/poseidon/pegasus/casa-wind-full/run0285/00/01/um_vel_ID0000107.meta --insert /mnt/poseidon-data/poseidon/workflows/casa-wind-workflow-full/submit/poseidon/pegasus/casa-wind-full/run0285/00/01/register_condorpool_1_2.in",2.5,0,0,,,,,,,,,
point_alert_ID0000090,cpu_2,compute,0,1694416116.0,,,1694416121.0,1694416124.0,1694416135.0,29678413.0,1694416122.0,1694416151.0,1694416140.0,1694416143.0,6786.0,1694416151.0,1694416156.0,5.0,,1.0,29.0,5.0,11.0,176656458.0,3.0,20638.0,poseidon,condorpool,poseidon-worker-2-container-8-11,point_alert,/opt/pointAlert/pointAlert,,0.0,0,0,,,,,,,,,
point_alert_ID0000040,None,compute,0,1694416126.0,,,1694416131.0,1694416134.0,1694416145.0,29609563.0,1694416133.0,1694416161.0,1694416150.0,1694416153.0,6754.0,1694416161.0,1694416166.0,5.0,,2.0,28.0,5.0,11.0,176642369.0,3.0,20558.0,poseidon,condorpool,poseidon-worker-2-container-4-7,point_alert,/opt/pointAlert/pointAlert,,0.0,0,0,,,,,,,,,
point_alert_ID0000120,None,compute,0,1694416131.0,,,1694416136.0,1694416138.0,1694416150.0,31752818.2,1694416137.0,1694416166.0,1694416155.0,1694416158.0,7181.0,1694416166.0,1694416171.0,5.0,,1.0,29.0,5.0,12.0,176673508.0,3.0,21998.0,poseidon,condorpool,poseidon-worker-2-container-40-43,point_alert,/opt/pointAlert/pointAlert,,0.0,0,0,,,,,,,,,
point_alert_ID0000070,cpu_2,compute,0,1694416131.0,,,1694416136.0,1694416139.0,1694416149.0,35278625.2,1694416137.0,1694416166.0,1694416155.0,1694416158.0,6763.0,1694416166.0,1694416171.0,5.0,,1.0,29.0,5.0,10.0,176643292.0,3.0,20558.0,poseidon,condorpool,poseidon-worker-1-container-0-3,point_alert,/opt/pointAlert/pointAlert,,0.0,0,0,,,,,,,,,
point_alert_ID0000125,cpu_2,compute,0,1694416136.0,,,1694416141.0,1694416144.0,1694416155.0,33490060.2,1694416142.0,1694416171.0,1694416160.0,1694416163.0,7383.0,1694416171.0,1694416176.0,5.0,,1.0,29.0,5.0,11.0,176678547.0,3.0,22878.0,poseidon,condorpool,poseidon-worker-1-container-24-27,point_alert,/opt/pointAlert/pointAlert,,0.0,0,0,,,,,,,,,
point_alert_ID0000050,None,compute,0,1694416136.0,,,1694416141.0,1694416144.0,1694416155.0,29873968.0,1694416142.0,1694416171.0,1694416160.0,1694416163.0,6739.0,1694416171.0,1694416176.0,5.0,,1.0,29.0,5.0,11.0,176632091.0,3.0,20878.0,poseidon,condorpool,poseidon-worker-1-container-20-23,point_alert,/opt/pointAlert/pointAlert,,0.0,0,0,,,,,,,,,
point_alert_ID0000130,cpu_2,compute,0,1694416136.0,,,1694416141.0,1694416144.0,1694416155.0,29904361.5,1694416142.0,1694416171.0,1694416160.0,1694416163.0,7464.0,1694416171.0,1694416176.0,5.0,,1.0,29.0,5.0,11.0,176672472.0,3.0,23118.0,poseidon,condorpool,poseidon-worker-1-container-4-7,point_alert,/opt/pointAlert/pointAlert,,0.0,0,0,,,,,,,,,
point_alert_ID0000035,None,compute,0,1694416136.0,,,1694416141.0,1694416144.0,1694416155.0,29607423.0,1694416142.0,1694416171.0,1694416160.0,1694416163.0,6433.0,1694416171.0,1694416176.0,5.0,,1.0,29.0,5.0,11.0,176638959.0,3.0,20078.0,poseidon,condorpool,poseidon-worker-2-container-40-43,point_alert,/opt/pointAlert/pointAlert,,0.0,0,0,,,,,,,,,
point_alert_ID0000060,cpu_2,compute,0,1694416136.0,,,1694416141.0,1694416144.0,1694416155.0,29825944.5,1694416142.0,1694416171.0,1694416160.0,1694416163.0,6780.0,1694416171.0,1694416176.0,5.0,,1.0,29.0,5.0,11.0,176636147.0,3.0,20878.0,poseidon,condorpool,poseidon-worker-2-container-12-15,point_alert,/opt/pointAlert/pointAlert,,0.0,0,0,,,,,,,,,
point_alert_ID0000055,None,compute,0,1694416136.0,,,1694416141.0,1694416144.0,1694416155.0,31662901.2,1694416142.0,1694416171.0,1694416160.0,1694416163.0,6597.0,1694416171.0,1694416176.0,5.0,,1.0,29.0,5.0,11.0,176636535.0,3.0,20638.0,poseidon,condorpool,poseidon-worker-2-container-28-31,point_alert,/opt/pointAlert/pointAlert,,0.0,0,0,,,,,,,,,
stage_out_local_condorpool_2_4,None,transfer,0,1694416136.0,,,1694416141.0,,,0.0,1694416142.0,1694416151.0,,,0.0,1694416151.0,1694416156.0,5.0,,1.0,9.0,5.0,,,,,poseidon,local,poseidon-submit,pegasus::transfer,/mnt/poseidon-data/poseidon/pegasus-5.1.0panorama/bin/pegasus-transfer,/home/poseidon/pegasus-5.1.0panorama/bin/../bin/pegasus-kickstart  -n pegasus::transfer -N null -i - -R local  -L casa-wind-full -T 2023-09-08T07:29:05+00:00 /home/poseidon/pegasus-5.1.0panorama/bin/../bin/pegasus-transfer  --threads 2,0.9,0,0,,,,,,,,,
point_alert_ID0000095,None,compute,0,1694416136.0,,,1694416141.0,1694416144.0,1694416155.0,29625777.5,1694416142.0,1694416171.0,1694416160.0,1694416163.0,6622.0,1694416171.0,1694416176.0,5.0,,1.0,29.0,5.0,11.0,176660390.0,3.0,20718.0,poseidon,condorpool,poseidon-worker-2-container-20-23,point_alert,/opt/pointAlert/pointAlert,,0.0,0,0,,,,,,,,,
point_alert_ID0000085,None,compute,0,1694416136.0,,,1694416141.0,1694416144.0,1694416155.0,33407581.0,1694416142.0,1694416171.0,1694416160.0,1694416163.0,6724.0,1694416171.0,1694416176.0,5.0,,1.0,29.0,5.0,11.0,176655981.0,3.0,21118.0,poseidon,condorpool,poseidon-worker-1-container-40-43,point_alert,/opt/pointAlert/pointAlert,,0.0,0,0,,,,,,,,,
point_alert_ID0000080,cpu_2,compute,0,1694416141.0,,,1694416146.0,1694416149.0,1694416161.0,28585607.4,1694416148.0,1694416176.0,1694416166.0,1694416169.0,6788.0,1694416176.0,1694416181.0,5.0,,2.0,28.0,5.0,12.0,176653320.0,3.0,20718.0,poseidon,condorpool,poseidon-worker-1-container-24-27,point_alert,/opt/pointAlert/pointAlert,,0.0,0,0,,,,,,,,,
point_alert_ID0000025,cpu_2,compute,0,1694416146.0,,,1694416151.0,1694416154.0,1694416164.0,29641056.0,1694416152.0,1694416181.0,1694416170.0,1694416173.0,6566.0,1694416181.0,1694416186.0,5.0,,1.0,29.0,5.0,10.0,176638688.0,3.0,20078.0,poseidon,condorpool,poseidon-worker-2-container-8-11,point_alert,/opt/pointAlert/pointAlert,,0.0,0,0,,,,,,,,,
point_alert_ID0000100,None,compute,0,1694416146.0,,,1694416151.0,1694416153.0,1694416165.0,31768492.8,1694416152.0,1694416181.0,1694416170.0,1694416173.0,6715.0,1694416181.0,1694416186.0,5.0,,1.0,29.0,5.0,12.0,176658101.0,3.0,20638.0,poseidon,condorpool,poseidon-worker-2-container-16-19,point_alert,/opt/pointAlert/pointAlert,,0.0,0,0,,,,,,,,,
stage_out_local_condorpool_2_1,None,transfer,0,1694416146.0,,,1694416151.0,,,0.0,1694416152.0,1694416161.0,,,0.0,1694416161.0,1694416166.0,5.0,,1.0,9.0,5.0,,,,,poseidon,local,poseidon-submit,pegasus::transfer,/mnt/poseidon-data/poseidon/pegasus-5.1.0panorama/bin/pegasus-transfer,/home/poseidon/pegasus-5.1.0panorama/bin/../bin/pegasus-kickstart  -n pegasus::transfer -N null -i - -R local  -L casa-wind-full -T 2023-09-08T07:29:05+00:00 /home/poseidon/pegasus-5.1.0panorama/bin/../bin/pegasus-transfer  --threads 2,0.9,0,0,,,,,,,,,
point_alert_ID0000110,None,compute,0,1694416151.0,,,1694416156.0,1694416161.0,1694416172.0,29601224.5,1694416160.0,1694416186.0,1694416177.0,1694416180.0,6786.0,1694416186.0,1694416191.0,5.0,,4.0,26.0,5.0,11.0,176667937.0,3.0,21038.0,poseidon,condorpool,poseidon-worker-2-container-4-7,point_alert,/opt/pointAlert/pointAlert,,0.0,0,0,,,,,,,,,
point_alert_ID0000105,cpu_2,compute,0,1694416151.0,,,1694416156.0,1694416159.0,1694416170.0,34949376.4,1694416157.0,1694416186.0,1694416175.0,1694416178.0,6861.0,1694416186.0,1694416191.0,5.0,,1.0,29.0,5.0,11.0,176667573.0,3.0,21278.0,poseidon,condorpool,poseidon-worker-1-container-0-3,point_alert,/opt/pointAlert/pointAlert,,0.0,0,0,,,,,,,,,
stage_out_local_condorpool_2_3,None,transfer,0,1694416151.0,,,1694416156.0,,,0.0,1694416157.0,1694416166.0,,,0.0,1694416166.0,1694416171.0,5.0,,1.0,9.0,5.0,,,,,poseidon,local,poseidon-submit,pegasus::transfer,/mnt/poseidon-data/poseidon/pegasus-5.1.0panorama/bin/pegasus-transfer,/home/poseidon/pegasus-5.1.0panorama/bin/../bin/pegasus-kickstart  -n pegasus::transfer -N null -i - -R local  -L casa-wind-full -T 2023-09-08T07:29:05+00:00 /home/poseidon/pegasus-5.1.0panorama/bin/../bin/pegasus-transfer  --threads 2,0.9,0,0,,,,,,,,,
point_alert_ID0000010,None,compute,0,1694416151.0,,,1694416156.0,1694416159.0,1694416170.0,29543825.0,1694416157.0,1694416186.0,1694416175.0,1694416178.0,6543.0,1694416186.0,1694416191.0,5.0,,1.0,29.0,5.0,11.0,176643412.0,3.0,20478.0,poseidon,condorpool,poseidon-worker-2-container-4-7,point_alert,/opt/pointAlert/pointAlert,,0.0,0,0,,,,,,,,,
stage_out_local_condorpool_2_2,None,transfer,0,1694416151.0,,,1694416156.0,,,0.0,1694416157.0,1694416166.0,,,0.0,1694416166.0,1694416171.0,5.0,,1.0,9.0,5.0,,,,,poseidon,local,poseidon-submit,pegasus::transfer,/mnt/poseidon-data/poseidon/pegasus-5.1.0panorama/bin/pegasus-transfer,/home/poseidon/pegasus-5.1.0panorama/bin/../bin/pegasus-kickstart  -n pegasus::transfer -N null -i - -R local  -L casa-wind-full -T 2023-09-08T07:29:05+00:00 /home/poseidon/pegasus-5.1.0panorama/bin/../bin/pegasus-transfer  --threads 2,0.9,0,0,,,,,,,,,
point_alert_ID0000020,cpu_2,compute,0,1694416151.0,,,1694416156.0,1694416159.0,1694416170.0,29633357.5,1694416157.0,1694416186.0,1694416175.0,1694416178.0,6569.0,1694416186.0,1694416191.0,5.0,,1.0,29.0,5.0,11.0,176644228.0,3.0,20478.0,poseidon,condorpool,poseidon-worker-1-container-44-47,point_alert,/opt/pointAlert/pointAlert,,0.0,0,0,,,,,,,,,
stage_out_local_condorpool_2_0,None,transfer,0,1694416151.0,,,1694416156.0,,,0.0,1694416157.0,1694416166.0,,,0.0,1694416166.0,1694416171.0,5.0,,1.0,9.0,5.0,,,,,poseidon,local,poseidon-submit,pegasus::transfer,/mnt/poseidon-data/poseidon/pegasus-5.1.0panorama/bin/pegasus-transfer,/home/poseidon/pegasus-5.1.0panorama/bin/../bin/pegasus-kickstart  -n pegasus::transfer -N null -i - -R local  -L casa-wind-full -T 2023-09-08T07:29:05+00:00 /home/poseidon/pegasus-5.1.0panorama/bin/../bin/pegasus-transfer  --threads 2,1.0,0,0,,,,,,,,,
point_alert_ID0000015,None,compute,0,1694416151.0,,,1694416156.0,1694416159.0,1694416170.0,32563324.4,1694416157.0,1694416186.0,1694416175.0,1694416178.0,6546.0,1694416186.0,1694416191.0,5.0,,1.0,29.0,5.0,11.0,176639974.0,3.0,20558.0,poseidon,condorpool,poseidon-worker-2-container-32-35,point_alert,/opt/pointAlert/pointAlert,,0.0,0,0,,,,,,,,,
point_alert_ID0000075,None,compute,0,1694416151.0,,,1694416156.0,1694416159.0,1694416170.0,29578266.5,1694416157.0,1694416186.0,1694416175.0,1694416178.0,6599.0,1694416186.0,1694416191.0,5.0,,1.0,29.0,5.0,11.0,176646838.0,3.0,20558.0,poseidon,condorpool,poseidon-worker-1-container-40-43,point_alert,/opt/pointAlert/pointAlert,,0.0,0,0,,,,,,,,,
point_alert_ID0000005,None,compute,0,1694416151.0,,,1694416156.0,1694416159.0,1694416170.0,29527120.0,1694416157.0,1694416186.0,1694416175.0,1694416178.0,6438.0,1694416186.0,1694416191.0,5.0,,1.0,29.0,5.0,11.0,176636764.0,3.0,20398.0,poseidon,condorpool,poseidon-worker-2-container-0-3,point_alert,/opt/pointAlert/pointAlert,,0.0,0,0,,,,,,,,,
point_alert_ID0000065,cpu_2,compute,0,1694416151.0,,,1694416156.0,1694416159.0,1694416170.0,35183159.6,1694416157.0,1694416186.0,1694416175.0,1694416178.0,6493.0,1694416186.0,1694416191.0,5.0,,1.0,29.0,5.0,11.0,176639131.0,3.0,20238.0,poseidon,condorpool,poseidon-worker-2-container-36-39,point_alert,/opt/pointAlert/pointAlert,,0.0,0,0,,,,,,,,,
point_alert_ID0000045,cpu_2,compute,0,1694416151.0,,,1694416156.0,1694416159.0,1694416170.0,35324039.8,1694416157.0,1694416186.0,1694416175.0,1694416178.0,6663.0,1694416186.0,1694416191.0,5.0,,1.0,29.0,5.0,11.0,176636096.0,3.0,20798.0,poseidon,condorpool,poseidon-worker-2-container-8-11,point_alert,/opt/pointAlert/pointAlert,,0.0,0,0,,,,,,,,,
point_alert_ID0000030,None,compute,0,1694416151.0,,,1694416156.0,1694416159.0,1694416170.0,29606452.0,1694416157.0,1694416186.0,1694416176.0,1694416179.0,6505.0,1694416186.0,1694416191.0,5.0,,1.0,29.0,5.0,11.0,176646324.0,3.0,20158.0,poseidon,condorpool,poseidon-worker-1-container-16-19,point_alert,/opt/pointAlert/pointAlert,,0.0,0,0,,,,,,,,,
point_alert_ID0000115,cpu_2,compute,0,1694416156.0,,,1694416161.0,1694416165.0,1694416177.0,31417627.8,1694416164.0,1694416191.0,1694416182.0,1694416185.0,7063.0,1694416191.0,1694416196.0,5.0,,3.0,27.0,5.0,12.0,176681217.0,3.0,21598.0,poseidon,condorpool,poseidon-worker-1-container-0-3,point_alert,/opt/pointAlert/pointAlert,,0.0,0,0,,,,,,,,,
stage_out_local_condorpool_2_5,None,transfer,0,1694416156.0,,,1694416161.0,,,0.0,1694416162.0,1694416166.0,,,0.0,1694416166.0,1694416171.0,5.0,,1.0,4.0,5.0,,,,,poseidon,local,poseidon-submit,pegasus::transfer,/mnt/poseidon-data/poseidon/pegasus-5.1.0panorama/bin/pegasus-transfer,/home/poseidon/pegasus-5.1.0panorama/bin/../bin/pegasus-kickstart  -n pegasus::transfer -N null -i - -R local  -L casa-wind-full -T 2023-09-08T07:29:05+00:00 /home/poseidon/pegasus-5.1.0panorama/bin/../bin/pegasus-transfer  --threads 2,0.8,0,0,,,,,,,,,
register_condorpool_2_4,None,auxiliary,0,1694416156.0,,,1694416161.0,,,0.0,1694416162.0,1694416166.0,,,0.0,1694416166.0,1694416171.0,5.0,,1.0,4.0,5.0,,,,,poseidon,local,poseidon-submit,pegasus::rc-client,/mnt/poseidon-data/poseidon/pegasus-5.1.0panorama/bin/pegasus-rc-client,"-n pegasus::rc-client -N null -R local  -L casa-wind-full -T 2023-09-08T07:29:05+00:00 /home/poseidon/pegasus-5.1.0panorama/bin/pegasus-rc-client --prefix pegasus.catalog.replica.output --conf /mnt/poseidon-data/poseidon/workflows/casa-wind-workflow-full/submit/poseidon/pegasus/casa-wind-full/run0285/pegasus.11096112934941190813.properties -v --meta /mnt/poseidon-data/poseidon/workflows/casa-wind-workflow-full/submit/poseidon/pegasus/casa-wind-full/run0285/00/02/post_vel_ID0000108.meta,/mnt/poseidon-data/poseidon/workflows/casa-wind-workflow-full/submit/poseidon/pegasus/casa-wind-full/run0285/00/01/post_vel_ID0000063.meta,/mnt/poseidon-data/poseidon/workflows/casa-wind-workflow-full/submit/poseidon/pegasus/casa-wind-full/run0285/00/01/post_vel_ID0000013.meta,/mnt/poseidon-data/poseidon/workflows/casa-wind-workflow-full/submit/poseidon/pegasus/casa-wind-full/run0285/00/02/mvt_ID0000054.meta,/mnt/poseidon-data/poseidon/workflows/casa-wind-workflow-full/submit/poseidon/pegasus/casa-wind-full/run0285/00/01/post_vel_ID0000033.meta,/mnt/poseidon-data/poseidon/workflows/casa-wind-workflow-full/submit/poseidon/pegasus/casa-wind-full/run0285/00/02/post_vel_ID0000113.meta,/mnt/poseidon-data/poseidon/workflows/casa-wind-workflow-full/submit/poseidon/pegasus/casa-wind-full/run0285/00/01/post_vel_ID0000003.meta,/mnt/poseidon-data/poseidon/workflows/casa-wind-workflow-full/submit/poseidon/pegasus/casa-wind-full/run0285/00/01/post_vel_ID0000118.meta --insert /mnt/poseidon-data/poseidon/workflows/casa-wind-workflow-full/submit/poseidon/pegasus/casa-wind-full/run0285/00/02/register_condorpool_2_4.in",2.7,0,0,,,,,,,,,
register_condorpool_2_1,None,auxiliary,0,1694416166.0,,,1694416171.0,,,0.0,1694416171.0,1694416176.0,,,0.0,1694416176.0,1694416181.0,5.0,,0.0,5.0,5.0,,,,,poseidon,local,poseidon-submit,pegasus::rc-client,/mnt/poseidon-data/poseidon/pegasus-5.1.0panorama/bin/pegasus-rc-client,"-n pegasus::rc-client -N null -R local  -L casa-wind-full -T 2023-09-08T07:29:05+00:00 /home/poseidon/pegasus-5.1.0panorama/bin/pegasus-rc-client --prefix pegasus.catalog.replica.output --conf /mnt/poseidon-data/poseidon/workflows/casa-wind-workflow-full/submit/poseidon/pegasus/casa-wind-full/run0285/pegasus.11096112934941190813.properties -v --meta /mnt/poseidon-data/poseidon/workflows/casa-wind-workflow-full/submit/poseidon/pegasus/casa-wind-full/run0285/00/01/post_vel_ID0000028.meta,/mnt/poseidon-data/poseidon/workflows/casa-wind-workflow-full/submit/poseidon/pegasus/casa-wind-full/run0285/00/02/post_vel_ID0000043.meta,/mnt/poseidon-data/poseidon/workflows/casa-wind-workflow-full/submit/poseidon/pegasus/casa-wind-full/run0285/00/01/post_vel_ID0000128.meta,/mnt/poseidon-data/poseidon/workflows/casa-wind-workflow-full/submit/poseidon/pegasus/casa-wind-full/run0285/00/01/mvt_ID0000094.meta,/mnt/poseidon-data/poseidon/workflows/casa-wind-workflow-full/submit/poseidon/pegasus/casa-wind-full/run0285/00/01/mvt_ID0000069.meta,/mnt/poseidon-data/poseidon/workflows/casa-wind-workflow-full/submit/poseidon/pegasus/casa-wind-full/run0285/00/02/mvt_ID0000059.meta,/mnt/poseidon-data/poseidon/workflows/casa-wind-workflow-full/submit/poseidon/pegasus/casa-wind-full/run0285/00/01/mvt_ID0000124.meta,/mnt/poseidon-data/poseidon/workflows/casa-wind-workflow-full/submit/poseidon/pegasus/casa-wind-full/run0285/00/01/mvt_ID0000024.meta,/mnt/poseidon-data/poseidon/workflows/casa-wind-workflow-full/submit/poseidon/pegasus/casa-wind-full/run0285/00/02/mvt_ID0000079.meta --insert /mnt/poseidon-data/poseidon/workflows/casa-wind-workflow-full/submit/poseidon/pegasus/casa-wind-full/run0285/00/02/register_condorpool_2_1.in",2.6,0,0,,,,,,,,,
register_condorpool_2_0,None,auxiliary,0,1694416171.0,,,1694416241.0,,,0.0,1694416242.0,1694416246.0,,,0.0,1694416246.0,1694416251.0,70.0,,1.0,4.0,5.0,,,,,poseidon,local,poseidon-submit,pegasus::rc-client,/mnt/poseidon-data/poseidon/pegasus-5.1.0panorama/bin/pegasus-rc-client,"-n pegasus::rc-client -N null -R local  -L casa-wind-full -T 2023-09-08T07:29:05+00:00 /home/poseidon/pegasus-5.1.0panorama/bin/pegasus-rc-client --prefix pegasus.catalog.replica.output --conf /mnt/poseidon-data/poseidon/workflows/casa-wind-workflow-full/submit/poseidon/pegasus/casa-wind-full/run0285/pegasus.11096112934941190813.properties -v --meta /mnt/poseidon-data/poseidon/workflows/casa-wind-workflow-full/submit/poseidon/pegasus/casa-wind-full/run0285/00/01/post_vel_ID0000023.meta,/mnt/poseidon-data/poseidon/workflows/casa-wind-workflow-full/submit/poseidon/pegasus/casa-wind-full/run0285/00/01/post_vel_ID0000093.meta,/mnt/poseidon-data/poseidon/workflows/casa-wind-workflow-full/submit/poseidon/pegasus/casa-wind-full/run0285/00/01/mvt_ID0000129.meta,/mnt/poseidon-data/poseidon/workflows/casa-wind-workflow-full/submit/poseidon/pegasus/casa-wind-full/run0285/00/02/mvt_ID0000044.meta,/mnt/poseidon-data/poseidon/workflows/casa-wind-workflow-full/submit/poseidon/pegasus/casa-wind-full/run0285/00/02/post_vel_ID0000058.meta,/mnt/poseidon-data/poseidon/workflows/casa-wind-workflow-full/submit/poseidon/pegasus/casa-wind-full/run0285/00/01/post_vel_ID0000068.meta,/mnt/poseidon-data/poseidon/workflows/casa-wind-workflow-full/submit/poseidon/pegasus/casa-wind-full/run0285/00/01/post_vel_ID0000123.meta,/mnt/poseidon-data/poseidon/workflows/casa-wind-workflow-full/submit/poseidon/pegasus/casa-wind-full/run0285/00/02/post_vel_ID0000078.meta,/mnt/poseidon-data/poseidon/workflows/casa-wind-workflow-full/submit/poseidon/pegasus/casa-wind-full/run0285/00/01/mvt_ID0000029.meta --insert /mnt/poseidon-data/poseidon/workflows/casa-wind-workflow-full/submit/poseidon/pegasus/casa-wind-full/run0285/00/02/register_condorpool_2_0.in",2.7,0,0,,,,,,,,,
register_condorpool_2_5,None,auxiliary,0,1694416171.0,,,1694416181.0,,,0.0,1694416182.0,1694416186.0,,,0.0,1694416186.0,1694416191.0,10.0,,1.0,4.0,5.0,,,,,poseidon,local,poseidon-submit,pegasus::rc-client,/mnt/poseidon-data/poseidon/pegasus-5.1.0panorama/bin/pegasus-rc-client,"-n pegasus::rc-client -N null -R local  -L casa-wind-full -T 2023-09-08T07:29:05+00:00 /home/poseidon/pegasus-5.1.0panorama/bin/pegasus-rc-client --prefix pegasus.catalog.replica.output --conf /mnt/poseidon-data/poseidon/workflows/casa-wind-workflow-full/submit/poseidon/pegasus/casa-wind-full/run0285/pegasus.11096112934941190813.properties -v --meta /mnt/poseidon-data/poseidon/workflows/casa-wind-workflow-full/submit/poseidon/pegasus/casa-wind-full/run0285/00/01/mvt_ID0000004.meta,/mnt/poseidon-data/poseidon/workflows/casa-wind-workflow-full/submit/poseidon/pegasus/casa-wind-full/run0285/00/01/mvt_ID0000119.meta,/mnt/poseidon-data/poseidon/workflows/casa-wind-workflow-full/submit/poseidon/pegasus/casa-wind-full/run0285/00/02/post_vel_ID0000053.meta,/mnt/poseidon-data/poseidon/workflows/casa-wind-workflow-full/submit/poseidon/pegasus/casa-wind-full/run0285/00/02/mvt_ID0000114.meta,/mnt/poseidon-data/poseidon/workflows/casa-wind-workflow-full/submit/poseidon/pegasus/casa-wind-full/run0285/00/01/mvt_ID0000034.meta,/mnt/poseidon-data/poseidon/workflows/casa-wind-workflow-full/submit/poseidon/pegasus/casa-wind-full/run0285/00/01/mvt_ID0000014.meta,/mnt/poseidon-data/poseidon/workflows/casa-wind-workflow-full/submit/poseidon/pegasus/casa-wind-full/run0285/00/02/mvt_ID0000109.meta,/mnt/poseidon-data/poseidon/workflows/casa-wind-workflow-full/submit/poseidon/pegasus/casa-wind-full/run0285/00/01/mvt_ID0000064.meta --insert /mnt/poseidon-data/poseidon/workflows/casa-wind-workflow-full/submit/poseidon/pegasus/casa-wind-full/run0285/00/02/register_condorpool_2_5.in",2.6,0,0,,,,,,,,,
register_condorpool_2_3,None,auxiliary,0,1694416171.0,,,1694416201.0,,,0.0,1694416201.0,1694416206.0,,,0.0,1694416206.0,1694416211.0,30.0,,0.0,5.0,5.0,,,,,poseidon,local,poseidon-submit,pegasus::rc-client,/mnt/poseidon-data/poseidon/pegasus-5.1.0panorama/bin/pegasus-rc-client,"-n pegasus::rc-client -N null -R local  -L casa-wind-full -T 2023-09-08T07:29:05+00:00 /home/poseidon/pegasus-5.1.0panorama/bin/pegasus-rc-client --prefix pegasus.catalog.replica.output --conf /mnt/poseidon-data/poseidon/workflows/casa-wind-workflow-full/submit/poseidon/pegasus/casa-wind-full/run0285/pegasus.11096112934941190813.properties -v --meta /mnt/poseidon-data/poseidon/workflows/casa-wind-workflow-full/submit/poseidon/pegasus/casa-wind-full/run0285/00/01/mvt_ID0000084.meta,/mnt/poseidon-data/poseidon/workflows/casa-wind-workflow-full/submit/poseidon/pegasus/casa-wind-full/run0285/00/02/post_vel_ID0000103.meta,/mnt/poseidon-data/poseidon/workflows/casa-wind-workflow-full/submit/poseidon/pegasus/casa-wind-full/run0285/00/01/post_vel_ID0000098.meta,/mnt/poseidon-data/poseidon/workflows/casa-wind-workflow-full/submit/poseidon/pegasus/casa-wind-full/run0285/00/02/post_vel_ID0000048.meta,/mnt/poseidon-data/poseidon/workflows/casa-wind-workflow-full/submit/poseidon/pegasus/casa-wind-full/run0285/00/01/mvt_ID0000009.meta,/mnt/poseidon-data/poseidon/workflows/casa-wind-workflow-full/submit/poseidon/pegasus/casa-wind-full/run0285/00/01/post_vel_ID0000018.meta,/mnt/poseidon-data/poseidon/workflows/casa-wind-workflow-full/submit/poseidon/pegasus/casa-wind-full/run0285/00/01/mvt_ID0000089.meta,/mnt/poseidon-data/poseidon/workflows/casa-wind-workflow-full/submit/poseidon/pegasus/casa-wind-full/run0285/00/02/mvt_ID0000074.meta,/mnt/poseidon-data/poseidon/workflows/casa-wind-workflow-full/submit/poseidon/pegasus/casa-wind-full/run0285/00/02/post_vel_ID0000038.meta --insert /mnt/poseidon-data/poseidon/workflows/casa-wind-workflow-full/submit/poseidon/pegasus/casa-wind-full/run0285/00/02/register_condorpool_2_3.in",2.7,0,0,,,,,,,,,
register_condorpool_2_2,None,auxiliary,0,1694416171.0,,,1694416191.0,,,0.0,1694416192.0,1694416196.0,,,0.0,1694416196.0,1694416201.0,20.0,,1.0,4.0,5.0,,,,,poseidon,local,poseidon-submit,pegasus::rc-client,/mnt/poseidon-data/poseidon/pegasus-5.1.0panorama/bin/pegasus-rc-client,"-n pegasus::rc-client -N null -R local  -L casa-wind-full -T 2023-09-08T07:29:05+00:00 /home/poseidon/pegasus-5.1.0panorama/bin/pegasus-rc-client --prefix pegasus.catalog.replica.output --conf /mnt/poseidon-data/poseidon/workflows/casa-wind-workflow-full/submit/poseidon/pegasus/casa-wind-full/run0285/pegasus.11096112934941190813.properties -v --meta /mnt/poseidon-data/poseidon/workflows/casa-wind-workflow-full/submit/poseidon/pegasus/casa-wind-full/run0285/00/02/post_vel_ID0000073.meta,/mnt/poseidon-data/poseidon/workflows/casa-wind-workflow-full/submit/poseidon/pegasus/casa-wind-full/run0285/00/02/mvt_ID0000039.meta,/mnt/poseidon-data/poseidon/workflows/casa-wind-workflow-full/submit/poseidon/pegasus/casa-wind-full/run0285/00/01/mvt_ID0000099.meta,/mnt/poseidon-data/poseidon/workflows/casa-wind-workflow-full/submit/poseidon/pegasus/casa-wind-full/run0285/00/01/post_vel_ID0000008.meta,/mnt/poseidon-data/poseidon/workflows/casa-wind-workflow-full/submit/poseidon/pegasus/casa-wind-full/run0285/00/02/mvt_ID0000049.meta,/mnt/poseidon-data/poseidon/workflows/casa-wind-workflow-full/submit/poseidon/pegasus/casa-wind-full/run0285/00/01/mvt_ID0000019.meta,/mnt/poseidon-data/poseidon/workflows/casa-wind-workflow-full/submit/poseidon/pegasus/casa-wind-full/run0285/00/02/mvt_ID0000104.meta,/mnt/poseidon-data/poseidon/workflows/casa-wind-workflow-full/submit/poseidon/pegasus/casa-wind-full/run0285/00/01/post_vel_ID0000083.meta,/mnt/poseidon-data/poseidon/workflows/casa-wind-workflow-full/submit/poseidon/pegasus/casa-wind-full/run0285/00/01/post_vel_ID0000088.meta --insert /mnt/poseidon-data/poseidon/workflows/casa-wind-workflow-full/submit/poseidon/pegasus/casa-wind-full/run0285/00/02/register_condorpool_2_2.in",2.7,0,0,,,,,,,,,
stage_out_local_condorpool_3_1,None,transfer,0,1694416191.0,,,1694416196.0,,,0.0,1694416196.0,1694416201.0,,,0.0,1694416201.0,1694416206.0,5.0,,0.0,5.0,5.0,,,,,poseidon,local,poseidon-submit,pegasus::transfer,/mnt/poseidon-data/poseidon/pegasus-5.1.0panorama/bin/pegasus-transfer,/home/poseidon/pegasus-5.1.0panorama/bin/../bin/pegasus-kickstart  -n pegasus::transfer -N null -i - -R local  -L casa-wind-full -T 2023-09-08T07:29:05+00:00 /home/poseidon/pegasus-5.1.0panorama/bin/../bin/pegasus-transfer  --threads 2,0.9,0,0,,,,,,,,,
stage_out_local_condorpool_3_0,None,transfer,0,1694416191.0,,,1694416196.0,,,0.0,1694416196.0,1694416201.0,,,0.0,1694416201.0,1694416206.0,5.0,,0.0,5.0,5.0,,,,,poseidon,local,poseidon-submit,pegasus::transfer,/mnt/poseidon-data/poseidon/pegasus-5.1.0panorama/bin/pegasus-transfer,/home/poseidon/pegasus-5.1.0panorama/bin/../bin/pegasus-kickstart  -n pegasus::transfer -N null -i - -R local  -L casa-wind-full -T 2023-09-08T07:29:05+00:00 /home/poseidon/pegasus-5.1.0panorama/bin/../bin/pegasus-transfer  --threads 2,0.9,0,0,,,,,,,,,
stage_out_local_condorpool_3_2,None,transfer,0,1694416196.0,,,1694416201.0,,,0.0,1694416201.0,1694416206.0,,,0.0,1694416206.0,1694416211.0,5.0,,0.0,5.0,5.0,,,,,poseidon,local,poseidon-submit,pegasus::transfer,/mnt/poseidon-data/poseidon/pegasus-5.1.0panorama/bin/pegasus-transfer,/home/poseidon/pegasus-5.1.0panorama/bin/../bin/pegasus-kickstart  -n pegasus::transfer -N null -i - -R local  -L casa-wind-full -T 2023-09-08T07:29:05+00:00 /home/poseidon/pegasus-5.1.0panorama/bin/../bin/pegasus-transfer  --threads 2,0.8,0,0,,,,,,,,,
register_condorpool_3_0,None,auxiliary,0,1694416206.0,,,1694416231.0,,,0.0,1694416231.0,1694416236.0,,,0.0,1694416236.0,1694416241.0,25.0,,0.0,5.0,5.0,,,,,poseidon,local,poseidon-submit,pegasus::rc-client,/mnt/poseidon-data/poseidon/pegasus-5.1.0panorama/bin/pegasus-rc-client,"-n pegasus::rc-client -N null -R local  -L casa-wind-full -T 2023-09-08T07:29:05+00:00 /home/poseidon/pegasus-5.1.0panorama/bin/pegasus-rc-client --prefix pegasus.catalog.replica.output --conf /mnt/poseidon-data/poseidon/workflows/casa-wind-workflow-full/submit/poseidon/pegasus/casa-wind-full/run0285/pegasus.11096112934941190813.properties -v --meta /mnt/poseidon-data/poseidon/workflows/casa-wind-workflow-full/submit/poseidon/pegasus/casa-wind-full/run0285/00/02/point_alert_ID0000125.meta,/mnt/poseidon-data/poseidon/workflows/casa-wind-workflow-full/submit/poseidon/pegasus/casa-wind-full/run0285/00/02/point_alert_ID0000095.meta,/mnt/poseidon-data/poseidon/workflows/casa-wind-workflow-full/submit/poseidon/pegasus/casa-wind-full/run0285/00/03/point_alert_ID0000060.meta,/mnt/poseidon-data/poseidon/workflows/casa-wind-workflow-full/submit/poseidon/pegasus/casa-wind-full/run0285/00/02/point_alert_ID0000030.meta,/mnt/poseidon-data/poseidon/workflows/casa-wind-workflow-full/submit/poseidon/pegasus/casa-wind-full/run0285/00/02/point_alert_ID0000025.meta,/mnt/poseidon-data/poseidon/workflows/casa-wind-workflow-full/submit/poseidon/pegasus/casa-wind-full/run0285/00/03/point_alert_ID0000045.meta,/mnt/poseidon-data/poseidon/workflows/casa-wind-workflow-full/submit/poseidon/pegasus/casa-wind-full/run0285/00/02/point_alert_ID0000130.meta,/mnt/poseidon-data/poseidon/workflows/casa-wind-workflow-full/submit/poseidon/pegasus/casa-wind-full/run0285/00/02/point_alert_ID0000070.meta,/mnt/poseidon-data/poseidon/workflows/casa-wind-workflow-full/submit/poseidon/pegasus/casa-wind-full/run0285/00/02/point_alert_ID0000080.meta --insert /mnt/poseidon-data/poseidon/workflows/casa-wind-workflow-full/submit/poseidon/pegasus/casa-wind-full/run0285/00/03/register_condorpool_3_0.in",2.9,0,0,,,,,,,,,
register_condorpool_3_1,None,auxiliary,0,1694416206.0,,,1694416211.0,,,0.0,1694416212.0,1694416216.0,,,0.0,1694416216.0,1694416221.0,5.0,,1.0,4.0,5.0,,,,,poseidon,local,poseidon-submit,pegasus::rc-client,/mnt/poseidon-data/poseidon/pegasus-5.1.0panorama/bin/pegasus-rc-client,"-n pegasus::rc-client -N null -R local  -L casa-wind-full -T 2023-09-08T07:29:05+00:00 /home/poseidon/pegasus-5.1.0panorama/bin/pegasus-rc-client --prefix pegasus.catalog.replica.output --conf /mnt/poseidon-data/poseidon/workflows/casa-wind-workflow-full/submit/poseidon/pegasus/casa-wind-full/run0285/pegasus.11096112934941190813.properties -v --meta /mnt/poseidon-data/poseidon/workflows/casa-wind-workflow-full/submit/poseidon/pegasus/casa-wind-full/run0285/00/02/point_alert_ID0000010.meta,/mnt/poseidon-data/poseidon/workflows/casa-wind-workflow-full/submit/poseidon/pegasus/casa-wind-full/run0285/00/02/point_alert_ID0000090.meta,/mnt/poseidon-data/poseidon/workflows/casa-wind-workflow-full/submit/poseidon/pegasus/casa-wind-full/run0285/00/02/point_alert_ID0000085.meta,/mnt/poseidon-data/poseidon/workflows/casa-wind-workflow-full/submit/poseidon/pegasus/casa-wind-full/run0285/00/02/point_alert_ID0000075.meta,/mnt/poseidon-data/poseidon/workflows/casa-wind-workflow-full/submit/poseidon/pegasus/casa-wind-full/run0285/00/02/point_alert_ID0000100.meta,/mnt/poseidon-data/poseidon/workflows/casa-wind-workflow-full/submit/poseidon/pegasus/casa-wind-full/run0285/00/03/point_alert_ID0000040.meta,/mnt/poseidon-data/poseidon/workflows/casa-wind-workflow-full/submit/poseidon/pegasus/casa-wind-full/run0285/00/02/point_alert_ID0000020.meta,/mnt/poseidon-data/poseidon/workflows/casa-wind-workflow-full/submit/poseidon/pegasus/casa-wind-full/run0285/00/03/point_alert_ID0000050.meta,/mnt/poseidon-data/poseidon/workflows/casa-wind-workflow-full/submit/poseidon/pegasus/casa-wind-full/run0285/00/03/point_alert_ID0000105.meta --insert /mnt/poseidon-data/poseidon/workflows/casa-wind-workflow-full/submit/poseidon/pegasus/casa-wind-full/run0285/00/03/register_condorpool_3_1.in",2.7,0,0,,,,,,,,,
cleanup_casa-wind-full_0_condorpool,None,auxiliary,0,1694416211.0,,,1694416216.0,,,0.0,1694416217.0,1694416226.0,,,0.0,1694416226.0,1694416231.0,5.0,,1.0,9.0,5.0,,,,,poseidon,local,poseidon-submit,pegasus::cleanup,/mnt/poseidon-data/poseidon/pegasus-5.1.0panorama/bin/pegasus-transfer,pegasus-kickstart  -n pegasus::cleanup -N null -i - -R local  -L casa-wind-full -T 2023-09-08T07:29:05+00:00 pegasus-transfer,0.2,0,0,,,,,,,,,
register_condorpool_3_2,None,auxiliary,0,1694416211.0,,,1694416221.0,,,0.0,1694416221.0,1694416226.0,,,0.0,1694416226.0,1694416231.0,10.0,,0.0,5.0,5.0,,,,,poseidon,local,poseidon-submit,pegasus::rc-client,/mnt/poseidon-data/poseidon/pegasus-5.1.0panorama/bin/pegasus-rc-client,"-n pegasus::rc-client -N null -R local  -L casa-wind-full -T 2023-09-08T07:29:05+00:00 /home/poseidon/pegasus-5.1.0panorama/bin/pegasus-rc-client --prefix pegasus.catalog.replica.output --conf /mnt/poseidon-data/poseidon/workflows/casa-wind-workflow-full/submit/poseidon/pegasus/casa-wind-full/run0285/pegasus.11096112934941190813.properties -v --meta /mnt/poseidon-data/poseidon/workflows/casa-wind-workflow-full/submit/poseidon/pegasus/casa-wind-full/run0285/00/03/point_alert_ID0000110.meta,/mnt/poseidon-data/poseidon/workflows/casa-wind-workflow-full/submit/poseidon/pegasus/casa-wind-full/run0285/00/03/point_alert_ID0000055.meta,/mnt/poseidon-data/poseidon/workflows/casa-wind-workflow-full/submit/poseidon/pegasus/casa-wind-full/run0285/00/02/point_alert_ID0000115.meta,/mnt/poseidon-data/poseidon/workflows/casa-wind-workflow-full/submit/poseidon/pegasus/casa-wind-full/run0285/00/02/point_alert_ID0000120.meta,/mnt/poseidon-data/poseidon/workflows/casa-wind-workflow-full/submit/poseidon/pegasus/casa-wind-full/run0285/00/02/point_alert_ID0000035.meta,/mnt/poseidon-data/poseidon/workflows/casa-wind-workflow-full/submit/poseidon/pegasus/casa-wind-full/run0285/00/02/point_alert_ID0000015.meta,/mnt/poseidon-data/poseidon/workflows/casa-wind-workflow-full/submit/poseidon/pegasus/casa-wind-full/run0285/00/02/point_alert_ID0000065.meta,/mnt/poseidon-data/poseidon/workflows/casa-wind-workflow-full/submit/poseidon/pegasus/casa-wind-full/run0285/00/02/point_alert_ID0000005.meta --insert /mnt/poseidon-data/poseidon/workflows/casa-wind-workflow-full/submit/poseidon/pegasus/casa-wind-full/run0285/00/03/register_condorpool_3_2.in",2.8,0,0,,,,,,,,,
