,anomaly_type,type,is_clustered,ready,pre_script_start,pre_script_end,submit,stage_in_start,stage_in_end,stage_in_effective_bytes_per_sec,execute_start,execute_end,stage_out_start,stage_out_end,stage_out_effective_bytes_per_sec,post_script_start,post_script_end,wms_delay,pre_script_delay,queue_delay,runtime,post_script_delay,stage_in_delay,stage_in_bytes,stage_out_delay,stage_out_bytes,kickstart_user,kickstart_site,kickstart_hostname,kickstart_transformations,kickstart_executables,kickstart_executables_argv,kickstart_executables_cpu_time,kickstart_status,kickstart_executables_exitcode,kickstart_online_iowait,kickstart_online_bytes_read,kickstart_online_bytes_written,kickstart_online_read_system_calls,kickstart_online_write_system_calls,kickstart_online_utime,kickstart_online_stime,kickstart_online_bytes_read_per_second,kickstart_online_bytes_written_per_second
create_dir_casa-wind-full_0_condorpool,None,auxiliary,0,1694448685.0,,,1694448686.0,,,0.0,1694448689.0,1694448696.0,,,0.0,1694448696.0,1694448701.0,1.0,,3.0,7.0,5.0,,,,,poseidon,local,poseidon-submit,pegasus::dirmanager,/mnt/poseidon-data/poseidon/pegasus-5.1.0panorama/bin/pegasus-transfer,pegasus-kickstart  -n pegasus::dirmanager -N null -i - -R local  -L casa-wind-full -T 2023-09-08T07:29:05+00:00 pegasus-transfer,0.2,0,0,,,,,,,,,
unzip_ID0000006,None,compute,0,1694448701.0,,,1694448706.0,1694448729.0,1694448736.0,30861775.0,1694448727.0,1694448766.0,1694448747.0,1694448759.0,44438501.0,1694448766.0,1694448771.0,5.0,,21.0,39.0,5.0,7.0,222753803.0,12.0,501616588.0,poseidon,condorpool,poseidon-worker-2-container-32-35,unzip,/usr/bin/gunzip,,3.8,0,0,,,,,,,,,
unzip_ID0000106,None,compute,0,1694448701.0,,,1694448706.0,1694448729.0,1694448737.0,32297379.0,1694448727.0,1694448766.0,1694448749.0,1694448760.0,44803823.0,1694448766.0,1694448771.0,5.0,,21.0,39.0,5.0,8.0,241199298.0,11.0,501821816.0,poseidon,condorpool,poseidon-worker-1-container-44-47,unzip,/usr/bin/gunzip,,4.1,0,0,,,,,,,,,
unzip_ID0000046,None,compute,0,1694448701.0,,,1694448706.0,1694448728.0,1694448736.0,30615528.0,1694448727.0,1694448766.0,1694448748.0,1694448758.0,55199273.0,1694448766.0,1694448771.0,5.0,,21.0,39.0,5.0,8.0,229692821.0,10.0,523855228.0,poseidon,condorpool,poseidon-worker-2-container-8-11,unzip,/usr/bin/gunzip,,4.0,0,0,,,,,,,,,
unzip_ID0000101,None,compute,0,1694448701.0,,,1694448706.0,1694448730.0,1694448740.0,26072481.0,1694448728.0,1694448781.0,1694448753.0,1694448774.0,26247965.0,1694448781.0,1694448786.0,5.0,,22.0,53.0,5.0,10.0,250988249.0,21.0,561551644.0,poseidon,condorpool,poseidon-worker-2-container-20-23,unzip,/usr/bin/gunzip,,4.4,0,0,,,,,,,,,
unzip_ID0000026,None,compute,0,1694448701.0,,,1694448706.0,1694448729.0,1694448738.0,24268916.0,1694448727.0,1694448776.0,1694448751.0,1694448770.0,27629641.0,1694448776.0,1694448781.0,5.0,,21.0,49.0,5.0,9.0,227963832.0,19.0,523917888.0,poseidon,condorpool,poseidon-worker-2-container-0-3,unzip,/usr/bin/gunzip,,4.0,0,0,,,,,,,,,
unzip_ID0000126,None,compute,0,1694448701.0,,,1694448706.0,1694448730.0,1694448738.0,31255551.0,1694448728.0,1694448771.0,1694448751.0,1694448764.0,38376846.0,1694448771.0,1694448776.0,5.0,,22.0,43.0,5.0,8.0,249343892.0,13.0,520618424.0,poseidon,condorpool,poseidon-worker-2-container-24-27,unzip,/usr/bin/gunzip,,4.2,0,0,,,,,,,,,
unzip_ID0000031,None,compute,0,1694448701.0,,,1694448706.0,1694448729.0,1694448738.0,24737498.0,1694448727.0,1694448781.0,1694448751.0,1694448774.0,23803248.0,1694448781.0,1694448786.0,5.0,,21.0,54.0,5.0,9.0,237517035.0,23.0,539438752.0,poseidon,condorpool,poseidon-worker-2-container-16-19,unzip,/usr/bin/gunzip,,4.2,0,0,,,,,,,,,
unzip_ID0000076,None,compute,0,1694448701.0,,,1694448706.0,1694448729.0,1694448738.0,25064220.0,1694448727.0,1694448776.0,1694448750.0,1694448769.0,28828219.0,1694448776.0,1694448781.0,5.0,,21.0,49.0,5.0,9.0,233747923.0,19.0,523942844.0,poseidon,condorpool,poseidon-worker-2-container-28-31,unzip,/usr/bin/gunzip,,4.1,0,0,,,,,,,,,
unzip_ID0000056,None,compute,0,1694448701.0,,,1694448706.0,1694448729.0,1694448738.0,24672038.0,1694448727.0,1694448776.0,1694448751.0,1694448768.0,31001225.0,1694448776.0,1694448781.0,5.0,,21.0,49.0,5.0,9.0,232139969.0,17.0,528026776.0,poseidon,condorpool,poseidon-worker-1-container-4-7,unzip,/usr/bin/gunzip,,4.1,0,0,,,,,,,,,
unzip_ID0000111,None,compute,0,1694448701.0,,,1694448706.0,1694448729.0,1694448739.0,25307991.0,1694448727.0,1694448786.0,1694448752.0,1694448777.0,22709734.0,1694448786.0,1694448791.0,5.0,,21.0,59.0,5.0,10.0,256320311.0,25.0,567950764.0,poseidon,condorpool,poseidon-worker-1-container-16-19,unzip,/usr/bin/gunzip,,4.4,0,0,,,,,,,,,
unzip_ID0000071,None,compute,0,1694448701.0,,,1694448706.0,1694448729.0,1694448737.0,28345645.0,1694448727.0,1694448776.0,1694448751.0,1694448768.0,31424484.0,1694448776.0,1694448781.0,5.0,,21.0,49.0,5.0,8.0,240896692.0,17.0,539506600.0,poseidon,condorpool,poseidon-worker-1-container-20-23,unzip,/usr/bin/gunzip,,4.2,0,0,,,,,,,,,
unzip_ID0000051,None,compute,0,1694448701.0,,,1694448706.0,1694448729.0,1694448738.0,25653254.0,1694448727.0,1694448786.0,1694448751.0,1694448776.0,22195195.0,1694448786.0,1694448791.0,5.0,,21.0,59.0,5.0,9.0,239630266.0,25.0,544301296.0,poseidon,condorpool,poseidon-worker-1-container-8-11,unzip,/usr/bin/gunzip,,4.2,0,0,,,,,,,,,
unzip_ID0000011,cpu_3,compute,0,1694448701.0,,,1694448706.0,1694448732.0,1694448741.0,25811462.0,1694448730.0,1694448786.0,1694448754.0,1694448775.0,26568027.0,1694448786.0,1694448791.0,5.0,,24.0,56.0,5.0,9.0,235998389.0,21.0,565205920.0,poseidon,condorpool,poseidon-worker-2-container-4-7,unzip,/usr/bin/gunzip,,4.2,0,0,,,,,,,,,
unzip_ID0000091,None,compute,0,1694448701.0,,,1694448706.0,1694448729.0,1694448738.0,28078696.0,1694448727.0,1694448771.0,1694448750.0,1694448764.0,39889540.0,1694448771.0,1694448776.0,5.0,,21.0,44.0,5.0,9.0,246447087.0,14.0,539109992.0,poseidon,condorpool,poseidon-worker-2-container-40-43,unzip,/usr/bin/gunzip,,4.2,0,0,,,,,,,,,
unzip_ID0000081,None,compute,0,1694448701.0,,,1694448706.0,1694448729.0,1694448737.0,28388519.0,1694448727.0,1694448776.0,1694448751.0,1694448767.0,32048968.0,1694448776.0,1694448781.0,5.0,,21.0,49.0,5.0,8.0,245619741.0,16.0,543190672.0,poseidon,condorpool,poseidon-worker-1-container-44-47,unzip,/usr/bin/gunzip,,4.2,0,0,,,,,,,,,
unzip_ID0000096,None,compute,0,1694448701.0,,,1694448706.0,1694448729.0,1694448737.0,30538158.0,1694448727.0,1694448771.0,1694448749.0,1694448761.0,40966577.0,1694448771.0,1694448776.0,5.0,,21.0,44.0,5.0,8.0,240753402.0,12.0,524013876.0,poseidon,condorpool,poseidon-worker-2-container-32-35,unzip,/usr/bin/gunzip,,4.1,0,0,,,,,,,,,
unzip_ID0000061,None,compute,0,1694448701.0,,,1694448706.0,1694448729.0,1694448738.0,28140885.0,1694448727.0,1694448786.0,1694448751.0,1694448775.0,22554761.0,1694448786.0,1694448791.0,5.0,,21.0,59.0,5.0,9.0,240463185.0,24.0,541945820.0,poseidon,condorpool,poseidon-worker-1-container-32-35,unzip,/usr/bin/gunzip,,4.2,0,0,,,,,,,,,
unzip_ID0000001,None,compute,0,1694448701.0,,,1694448706.0,1694448729.0,1694448737.0,26767842.0,1694448727.0,1694448771.0,1694448751.0,1694448765.0,40022981.0,1694448771.0,1694448776.0,5.0,,21.0,44.0,5.0,8.0,232473216.0,14.0,561354992.0,poseidon,condorpool,poseidon-worker-1-container-12-15,unzip,/usr/bin/gunzip,,4.1,0,0,,,,,,,,,
unzip_ID0000121,None,compute,0,1694448701.0,,,1694448706.0,1694448729.0,1694448736.0,35905842.0,1694448727.0,1694448766.0,1694448748.0,1694448759.0,52492336.0,1694448766.0,1694448771.0,5.0,,21.0,39.0,5.0,7.0,250860096.0,11.0,550782944.0,poseidon,condorpool,poseidon-worker-1-container-0-3,unzip,/usr/bin/gunzip,,4.2,0,0,,,,,,,,,
unzip_ID0000066,None,compute,0,1694448701.0,,,1694448706.0,1694448728.0,1694448736.0,29024237.0,1694448727.0,1694448766.0,1694448749.0,1694448758.0,55623139.0,1694448766.0,1694448771.0,5.0,,21.0,39.0,5.0,8.0,232031705.0,9.0,523661496.0,poseidon,condorpool,poseidon-worker-2-container-44-47,unzip,/usr/bin/gunzip,,4.0,0,0,,,,,,,,,
unzip_ID0000041,cpu_3,compute,0,1694448701.0,,,1694448706.0,1694448729.0,1694448739.0,24686901.0,1694448727.0,1694448776.0,1694448752.0,1694448769.0,32467811.0,1694448776.0,1694448781.0,5.0,,21.0,49.0,5.0,10.0,238944758.0,17.0,540768928.0,poseidon,condorpool,poseidon-worker-2-container-36-39,unzip,/usr/bin/gunzip,,4.2,0,0,,,,,,,,,
unzip_ID0000086,None,compute,0,1694448701.0,,,1694448706.0,1694448729.0,1694448737.0,28788237.0,1694448727.0,1694448766.0,1694448750.0,1694448760.0,48736997.0,1694448766.0,1694448771.0,5.0,,21.0,39.0,5.0,8.0,234836668.0,10.0,518838800.0,poseidon,condorpool,poseidon-worker-1-container-36-39,unzip,/usr/bin/gunzip,,4.1,0,0,,,,,,,,,
unzip_ID0000016,None,compute,0,1694448701.0,,,1694448706.0,1694448729.0,1694448738.0,27146074.0,1694448728.0,1694448771.0,1694448751.0,1694448765.0,37263508.0,1694448771.0,1694448776.0,5.0,,22.0,43.0,5.0,9.0,225238888.0,14.0,523826084.0,poseidon,condorpool,poseidon-worker-1-container-40-43,unzip,/usr/bin/gunzip,,4.0,0,0,,,,,,,,,
unzip_ID0000036,None,compute,0,1694448701.0,,,1694448706.0,1694448729.0,1694448737.0,31794212.0,1694448728.0,1694448766.0,1694448749.0,1694448759.0,53598918.0,1694448766.0,1694448771.0,5.0,,22.0,38.0,5.0,8.0,232020704.0,10.0,526952240.0,poseidon,condorpool,poseidon-worker-1-container-28-31,unzip,/usr/bin/gunzip,,4.0,0,0,,,,,,,,,
unzip_ID0000116,None,compute,0,1694448701.0,,,1694448706.0,1694448730.0,1694448737.0,31541231.0,1694448728.0,1694448776.0,1694448751.0,1694448766.0,33460609.0,1694448776.0,1694448781.0,5.0,,22.0,48.0,5.0,7.0,249255741.0,15.0,520850676.0,poseidon,condorpool,poseidon-worker-1-container-24-27,unzip,/usr/bin/gunzip,,4.2,0,0,,,,,,,,,
unzip_ID0000021,None,compute,0,1694448701.0,,,1694448706.0,1694448729.0,1694448739.0,23182191.0,1694448727.0,1694448786.0,1694448752.0,1694448776.0,22445424.0,1694448786.0,1694448791.0,5.0,,21.0,59.0,5.0,10.0,235136662.0,24.0,539178100.0,poseidon,condorpool,poseidon-worker-2-container-12-15,unzip,/usr/bin/gunzip,,4.1,0,0,,,,,,,,,
um_vel_ID0000007,None,compute,0,1694448771.0,,,1694448776.0,1694448779.0,1694448797.0,56606258.2,1694448777.0,1694448816.0,1694448806.0,1694448809.0,170280.0,1694448816.0,1694448821.0,5.0,,1.0,39.0,5.0,18.0,678203340.0,3.0,556900.0,poseidon,condorpool,poseidon-worker-1-container-44-47,um_vel,/opt/UM_VEL/UM_VEL,,1.7,0,0,,,,,,,,,
um_vel_ID0000107,None,compute,0,1694448771.0,,,1694448776.0,1694448779.0,1694448799.0,47597859.7,1694448777.0,1694448821.0,1694448808.0,1694448811.0,174558.0,1694448821.0,1694448826.0,5.0,,1.0,44.0,5.0,20.0,678408568.0,3.0,556900.0,poseidon,condorpool,poseidon-worker-1-container-28-31,um_vel,/opt/UM_VEL/UM_VEL,,1.7,0,0,,,,,,,,,
um_vel_ID0000047,None,compute,0,1694448771.0,,,1694448776.0,1694448779.0,1694448798.0,54142589.5,1694448777.0,1694448816.0,1694448806.0,1694448809.0,173676.0,1694448816.0,1694448821.0,5.0,,1.0,39.0,5.0,19.0,700441980.0,3.0,556900.0,poseidon,condorpool,poseidon-worker-2-container-28-31,um_vel,/opt/UM_VEL/UM_VEL,,1.7,0,0,,,,,,,,,
um_vel_ID0000122,None,compute,0,1694448771.0,,,1694448776.0,1694448779.0,1694448800.0,48773217.6,1694448777.0,1694448821.0,1694448808.0,1694448811.0,175186.0,1694448821.0,1694448826.0,5.0,,1.0,44.0,5.0,21.0,727369696.0,3.0,556900.0,poseidon,condorpool,poseidon-worker-2-container-0-3,um_vel,/opt/UM_VEL/UM_VEL,,1.7,0,0,,,,,,,,,
um_vel_ID0000067,None,compute,0,1694448771.0,,,1694448776.0,1694448779.0,1694448798.0,53209521.5,1694448777.0,1694448816.0,1694448806.0,1694448810.0,171585.0,1694448816.0,1694448821.0,5.0,,1.0,39.0,5.0,19.0,700248248.0,4.0,556900.0,poseidon,condorpool,poseidon-worker-2-container-32-35,um_vel,/opt/UM_VEL/UM_VEL,,1.7,0,0,,,,,,,,,
um_vel_ID0000087,None,compute,0,1694448771.0,,,1694448776.0,1694448779.0,1694448797.0,55072372.3,1694448777.0,1694448816.0,1694448806.0,1694448809.0,174945.0,1694448816.0,1694448821.0,5.0,,1.0,39.0,5.0,18.0,695425552.0,3.0,556900.0,poseidon,condorpool,poseidon-worker-2-container-32-35,um_vel,/opt/UM_VEL/UM_VEL,,1.7,0,0,,,,,,,,,
um_vel_ID0000037,None,compute,0,1694448771.0,,,1694448776.0,1694448779.0,1694448799.0,48252719.2,1694448777.0,1694448821.0,1694448808.0,1694448811.0,175402.0,1694448821.0,1694448826.0,5.0,,1.0,44.0,5.0,20.0,703538992.0,3.0,556900.0,poseidon,condorpool,poseidon-worker-1-container-40-43,um_vel,/opt/UM_VEL/UM_VEL,,1.7,0,0,,,,,,,,,
um_vel_ID0000092,None,compute,0,1694448776.0,,,1694448781.0,1694448783.0,1694448804.0,47150785.8,1694448782.0,1694448826.0,1694448813.0,1694448816.0,175498.0,1694448826.0,1694448831.0,5.0,,1.0,44.0,5.0,21.0,715696744.0,3.0,556900.0,poseidon,condorpool,poseidon-worker-1-container-20-23,um_vel,/opt/UM_VEL/UM_VEL,,1.7,0,0,,,,,,,,,
um_vel_ID0000127,None,compute,0,1694448776.0,,,1694448781.0,1694448783.0,1694448801.0,57845245.5,1694448782.0,1694448821.0,1694448810.0,1694448813.0,176479.0,1694448821.0,1694448826.0,5.0,,1.0,39.0,5.0,18.0,697205176.0,3.0,556900.0,poseidon,condorpool,poseidon-worker-2-container-44-47,um_vel,/opt/UM_VEL/UM_VEL,,1.7,0,0,,,,,,,,,
um_vel_ID0000097,None,compute,0,1694448776.0,,,1694448781.0,1694448783.0,1694448803.0,50690043.2,1694448782.0,1694448821.0,1694448811.0,1694448815.0,177905.0,1694448821.0,1694448826.0,5.0,,1.0,39.0,5.0,20.0,700600628.0,4.0,556900.0,poseidon,condorpool,poseidon-worker-1-container-0-3,um_vel,/opt/UM_VEL/UM_VEL,,1.7,0,0,,,,,,,,,
um_vel_ID0000017,None,compute,0,1694448776.0,,,1694448781.0,1694448783.0,1694448804.0,47855969.0,1694448782.0,1694448821.0,1694448812.0,1694448815.0,176868.0,1694448821.0,1694448826.0,5.0,,1.0,39.0,5.0,21.0,700412836.0,3.0,556900.0,poseidon,condorpool,poseidon-worker-2-container-16-19,um_vel,/opt/UM_VEL/UM_VEL,,1.7,0,0,,,,,,,,,
um_vel_ID0000002,None,compute,0,1694448776.0,,,1694448781.0,1694448783.0,1694448805.0,46202913.3,1694448782.0,1694448826.0,1694448814.0,1694448818.0,176382.0,1694448826.0,1694448831.0,5.0,,1.0,44.0,5.0,22.0,737941744.0,4.0,556900.0,poseidon,condorpool,poseidon-worker-1-container-36-39,um_vel,/opt/UM_VEL/UM_VEL,,1.8,0,0,,,,,,,,,
um_vel_ID0000027,None,compute,0,1694448781.0,,,1694448786.0,1694448790.0,1694448811.0,44627217.9,1694448788.0,1694448831.0,1694448820.0,1694448823.0,177153.0,1694448831.0,1694448836.0,5.0,,2.0,43.0,5.0,21.0,700504640.0,3.0,556900.0,poseidon,condorpool,poseidon-worker-1-container-16-19,um_vel,/opt/UM_VEL/UM_VEL,,1.8,0,0,,,,,,,,,
um_vel_ID0000082,None,compute,0,1694448781.0,,,1694448786.0,1694448789.0,1694448809.0,49025053.2,1694448787.0,1694448831.0,1694448818.0,1694448821.0,175432.0,1694448831.0,1694448836.0,5.0,,1.0,44.0,5.0,20.0,719777424.0,3.0,556900.0,poseidon,condorpool,poseidon-worker-2-container-20-23,um_vel,/opt/UM_VEL/UM_VEL,,1.7,0,0,,,,,,,,,
um_vel_ID0000117,cpu_3,compute,0,1694448781.0,,,1694448786.0,1694448789.0,1694448809.0,50089946.6,1694448787.0,1694448826.0,1694448817.0,1694448820.0,177891.0,1694448826.0,1694448831.0,5.0,,1.0,39.0,5.0,20.0,697437428.0,3.0,556900.0,poseidon,condorpool,poseidon-worker-2-container-4-7,um_vel,/opt/UM_VEL/UM_VEL,,1.7,0,0,,,,,,,,,
um_vel_ID0000072,None,compute,0,1694448781.0,,,1694448786.0,1694448789.0,1694448809.0,50549477.9,1694448787.0,1694448831.0,1694448818.0,1694448821.0,174114.0,1694448831.0,1694448836.0,5.0,,1.0,44.0,5.0,20.0,716093352.0,3.0,556900.0,poseidon,condorpool,poseidon-worker-1-container-8-11,um_vel,/opt/UM_VEL/UM_VEL,,1.7,0,0,,,,,,,,,
um_vel_ID0000057,None,compute,0,1694448781.0,,,1694448786.0,1694448789.0,1694448810.0,46390027.7,1694448787.0,1694448831.0,1694448819.0,1694448822.0,177443.0,1694448831.0,1694448836.0,5.0,,1.0,44.0,5.0,21.0,704613528.0,3.0,556900.0,poseidon,condorpool,poseidon-worker-1-container-32-35,um_vel,/opt/UM_VEL/UM_VEL,,1.7,0,0,,,,,,,,,
um_vel_ID0000077,None,compute,0,1694448781.0,,,1694448786.0,1694448789.0,1694448809.0,49821426.7,1694448787.0,1694448831.0,1694448818.0,1694448821.0,173597.0,1694448831.0,1694448836.0,5.0,,1.0,44.0,5.0,20.0,700529596.0,3.0,556900.0,poseidon,condorpool,poseidon-worker-1-container-24-27,um_vel,/opt/UM_VEL/UM_VEL,,1.7,0,0,,,,,,,,,
um_vel_ID0000042,None,compute,0,1694448781.0,,,1694448786.0,1694448789.0,1694448811.0,44224556.4,1694448787.0,1694448831.0,1694448819.0,1694448823.0,176160.0,1694448831.0,1694448836.0,5.0,,1.0,44.0,5.0,22.0,717355680.0,4.0,556900.0,poseidon,condorpool,poseidon-worker-1-container-12-15,um_vel,/opt/UM_VEL/UM_VEL,,1.7,0,0,,,,,,,,,
um_vel_ID0000032,cpu_3,compute,0,1694448786.0,,,1694448791.0,1694448795.0,1694448816.0,46778957.1,1694448793.0,1694448836.0,1694448824.0,1694448827.0,177764.0,1694448836.0,1694448842.0,5.0,,2.0,43.0,6.0,21.0,716025504.0,3.0,556900.0,poseidon,condorpool,poseidon-worker-2-container-36-39,um_vel,/opt/UM_VEL/UM_VEL,,1.6,0,0,,,,,,,,,
um_vel_ID0000102,None,compute,0,1694448786.0,,,1694448791.0,1694448794.0,1694448813.0,55508316.5,1694448793.0,1694448831.0,1694448822.0,1694448825.0,178686.0,1694448831.0,1694448836.0,5.0,,2.0,38.0,5.0,19.0,738138396.0,3.0,556900.0,poseidon,condorpool,poseidon-worker-2-container-12-15,um_vel,/opt/UM_VEL/UM_VEL,,1.7,0,0,,,,,,,,,
stage_out_local_condorpool_0_1,None,transfer,0,1694448791.0,,,1694448796.0,,,0.0,1694448797.0,1694448831.0,,,0.0,1694448831.0,1694448836.0,5.0,,1.0,34.0,5.0,,,,,poseidon,local,poseidon-submit,pegasus::transfer,/mnt/poseidon-data/poseidon/pegasus-5.1.0panorama/bin/pegasus-transfer,/home/poseidon/pegasus-5.1.0panorama/bin/../bin/pegasus-kickstart  -n pegasus::transfer -N null -i - -R local  -L casa-wind-full -T 2023-09-08T07:29:05+00:00 /home/poseidon/pegasus-5.1.0panorama/bin/../bin/pegasus-transfer  --threads 2,34.5,0,0,,,,,,,,,
stage_out_local_condorpool_0_0,None,transfer,0,1694448791.0,,,1694448796.0,,,0.0,1694448797.0,1694448831.0,,,0.0,1694448831.0,1694448836.0,5.0,,1.0,34.0,5.0,,,,,poseidon,local,poseidon-submit,pegasus::transfer,/mnt/poseidon-data/poseidon/pegasus-5.1.0panorama/bin/pegasus-transfer,/home/poseidon/pegasus-5.1.0panorama/bin/../bin/pegasus-kickstart  -n pegasus::transfer -N null -i - -R local  -L casa-wind-full -T 2023-09-08T07:29:05+00:00 /home/poseidon/pegasus-5.1.0panorama/bin/../bin/pegasus-transfer  --threads 2,35.4,0,0,,,,,,,,,
stage_out_local_condorpool_0_2,None,transfer,0,1694448791.0,,,1694448796.0,,,0.0,1694448798.0,1694448831.0,,,0.0,1694448831.0,1694448836.0,5.0,,2.0,33.0,5.0,,,,,poseidon,local,poseidon-submit,pegasus::transfer,/mnt/poseidon-data/poseidon/pegasus-5.1.0panorama/bin/pegasus-transfer,/home/poseidon/pegasus-5.1.0panorama/bin/../bin/pegasus-kickstart  -n pegasus::transfer -N null -i - -R local  -L casa-wind-full -T 2023-09-08T07:29:05+00:00 /home/poseidon/pegasus-5.1.0panorama/bin/../bin/pegasus-transfer  --threads 2,35.1,0,0,,,,,,,,,
um_vel_ID0000012,None,compute,0,1694448791.0,,,1694448796.0,1694448799.0,1694448821.0,47298494.6,1694448798.0,1694448842.0,1694448829.0,1694448833.0,176176.0,1694448842.0,1694448847.0,5.0,,2.0,44.0,5.0,22.0,741792672.0,4.0,556900.0,poseidon,condorpool,poseidon-worker-1-container-4-7,um_vel,/opt/UM_VEL/UM_VEL,,1.8,0,0,,,,,,,,,
um_vel_ID0000112,None,compute,0,1694448791.0,,,1694448796.0,1694448817.0,1694448836.0,57339671.5,1694448816.0,1694448857.0,1694448845.0,1694448848.0,176297.0,1694448857.0,1694448862.0,5.0,,20.0,41.0,5.0,19.0,744537516.0,3.0,556900.0,poseidon,condorpool,poseidon-worker-2-container-28-31,um_vel,/opt/UM_VEL/UM_VEL,,1.8,0,0,,,,,,,,,
um_vel_ID0000052,None,compute,0,1694448791.0,,,1694448796.0,1694448817.0,1694448836.0,55610357.8,1694448816.0,1694448857.0,1694448844.0,1694448848.0,174861.0,1694448857.0,1694448862.0,5.0,,20.0,41.0,5.0,19.0,720888048.0,4.0,556900.0,poseidon,condorpool,poseidon-worker-2-container-32-35,um_vel,/opt/UM_VEL/UM_VEL,,1.7,0,0,,,,,,,,,
um_vel_ID0000022,None,compute,0,1694448791.0,,,1694448796.0,1694448817.0,1694448836.0,52324639.5,1694448815.0,1694448857.0,1694448845.0,1694448848.0,178286.0,1694448857.0,1694448862.0,5.0,,19.0,42.0,5.0,19.0,715764852.0,3.0,556900.0,poseidon,condorpool,poseidon-worker-1-container-44-47,um_vel,/opt/UM_VEL/UM_VEL,,1.7,0,0,,,,,,,,,
um_vel_ID0000062,None,compute,0,1694448791.0,,,1694448796.0,1694448817.0,1694448836.0,52416649.1,1694448815.0,1694448857.0,1694448845.0,1694448848.0,178266.0,1694448857.0,1694448862.0,5.0,,19.0,42.0,5.0,19.0,718532572.0,3.0,556900.0,poseidon,condorpool,poseidon-worker-2-container-32-35,um_vel,/opt/UM_VEL/UM_VEL,,1.7,0,0,,,,,,,,,
mvt_ID0000049,None,compute,0,1694448821.0,,,1694448826.0,1694448829.0,1694448842.0,24079385.1,1694448827.0,1694448897.0,1694448888.0,1694448891.0,7903.0,1694448897.0,1694448902.0,5.0,,1.0,70.0,5.0,13.0,177143652.0,3.0,24108.0,poseidon,condorpool,poseidon-worker-1-container-40-43,mvt,/opt/mvt/mvt,,40.8,0,0,0.0,794298.0,12288.0,440.0,3.0,39.8,0.2,19857.4,1228.8
mvt_ID0000069,None,compute,0,1694448821.0,,,1694448826.0,1694448829.0,1694448841.0,29041476.0,1694448828.0,1694448897.0,1694448886.0,1694448889.0,11410.0,1694448897.0,1694448902.0,5.0,,2.0,69.0,5.0,12.0,177143652.0,3.0,35309.0,poseidon,condorpool,poseidon-worker-2-container-44-47,mvt,/opt/mvt/mvt,,39.1,0,0,0.0,791895.0,16384.0,428.0,4.0,29.9,0.1,26396.5,819.2
post_vel_ID0000068,None,compute,0,1694448821.0,,,1694448826.0,1694448829.0,1694448841.0,28290060.7,1694448828.0,1694448857.0,1694448847.0,1694448850.0,3756.0,1694448857.0,1694448862.0,5.0,,2.0,29.0,5.0,12.0,177143937.0,3.0,11398.0,poseidon,condorpool,poseidon-worker-2-container-16-19,post_vel,/opt/netcdf2png/merged_netcdf2png,,0.1,0,0,,,,,,,,,
post_vel_ID0000048,None,compute,0,1694448821.0,,,1694448826.0,1694448829.0,1694448841.0,29656182.4,1694448827.0,1694448857.0,1694448846.0,1694448849.0,3364.0,1694448857.0,1694448862.0,5.0,,1.0,30.0,5.0,12.0,177143937.0,3.0,10371.0,poseidon,condorpool,poseidon-worker-1-container-0-3,post_vel,/opt/netcdf2png/merged_netcdf2png,,0.1,0,0,,,,,,,,,
post_vel_ID0000088,None,compute,0,1694448821.0,,,1694448826.0,1694448829.0,1694448841.0,29265049.0,1694448828.0,1694448857.0,1694448846.0,1694448849.0,4153.0,1694448857.0,1694448862.0,5.0,,2.0,29.0,5.0,12.0,177143937.0,3.0,12740.0,poseidon,condorpool,poseidon-worker-1-container-36-39,post_vel,/opt/netcdf2png/merged_netcdf2png,,0.1,0,0,,,,,,,,,
post_vel_ID0000008,None,compute,0,1694448821.0,,,1694448826.0,1694448829.0,1694448840.0,34828405.2,1694448828.0,1694448857.0,1694448846.0,1694448849.0,3577.0,1694448857.0,1694448862.0,5.0,,2.0,29.0,5.0,11.0,177143937.0,3.0,10982.0,poseidon,condorpool,poseidon-worker-1-container-28-31,post_vel,/opt/netcdf2png/merged_netcdf2png,,0.1,0,0,,,,,,,,,
mvt_ID0000009,None,compute,0,1694448821.0,,,1694448826.0,1694448829.0,1694448840.0,33739740.0,1694448828.0,1694448897.0,1694448885.0,1694448888.0,11658.0,1694448897.0,1694448902.0,5.0,,2.0,69.0,5.0,11.0,177143652.0,3.0,35429.0,poseidon,condorpool,poseidon-worker-2-container-0-3,mvt,/opt/mvt/mvt,,39.3,0,0,0.0,791808.0,20480.0,428.0,5.0,29.9,0.1,26393.6,1024.0
mvt_ID0000089,None,compute,0,1694448821.0,,,1694448826.0,1694448829.0,1694448841.0,26918240.4,1694448828.0,1694448897.0,1694448887.0,1694448890.0,15830.0,1694448897.0,1694448902.0,5.0,,2.0,69.0,5.0,12.0,177143652.0,3.0,48475.0,poseidon,condorpool,poseidon-worker-1-container-20-23,mvt,/opt/mvt/mvt,,40.8,0,0,0.0,795684.0,24576.0,443.0,6.0,39.7,0.2,19892.1,2457.6
mvt_ID0000109,None,compute,0,1694448826.0,,,1694448831.0,1694448838.0,1694448849.0,34574709.8,1694448837.0,1694448902.0,1694448894.0,1694448897.0,19609.0,1694448902.0,1694448907.0,5.0,,6.0,65.0,5.0,11.0,177143652.0,3.0,59954.0,poseidon,condorpool,poseidon-worker-2-container-32-35,mvt,/opt/mvt/mvt,,39.1,0,0,0.0,811106.0,32768.0,470.0,8.0,29.9,0.1,27036.9,1638.4
post_vel_ID0000128,None,compute,0,1694448826.0,,,1694448831.0,1694448834.0,1694448845.0,35016327.8,1694448832.0,1694448862.0,1694448850.0,1694448853.0,4713.0,1694448862.0,1694448867.0,5.0,,1.0,30.0,5.0,11.0,177143937.0,3.0,14512.0,poseidon,condorpool,poseidon-worker-1-container-12-15,post_vel,/opt/netcdf2png/merged_netcdf2png,,0.1,0,0,,,,,,,,,
mvt_ID0000129,cpu_3,compute,0,1694448826.0,,,1694448831.0,1694448834.0,1694448845.0,34495803.6,1694448832.0,1694448902.0,1694448890.0,1694448893.0,21177.0,1694448902.0,1694448907.0,5.0,,1.0,70.0,5.0,11.0,177143652.0,3.0,64489.0,poseidon,condorpool,poseidon-worker-2-container-4-7,mvt,/opt/mvt/mvt,,39.5,0,0,0.0,790369.0,36864.0,425.0,9.0,29.8,0.1,26345.6,3686.4
post_vel_ID0000098,None,compute,0,1694448826.0,,,1694448831.0,1694448836.0,1694448847.0,35146491.4,1694448834.0,1694448862.0,1694448852.0,1694448855.0,4326.0,1694448862.0,1694448867.0,5.0,,3.0,28.0,5.0,11.0,177143937.0,3.0,13355.0,poseidon,condorpool,poseidon-worker-2-container-20-23,post_vel,/opt/netcdf2png/merged_netcdf2png,,0.1,0,0,,,,,,,,,
post_vel_ID0000038,None,compute,0,1694448826.0,,,1694448831.0,1694448834.0,1694448846.0,29339334.0,1694448832.0,1694448862.0,1694448851.0,1694448854.0,3666.0,1694448862.0,1694448867.0,5.0,,1.0,30.0,5.0,12.0,177143937.0,3.0,11227.0,poseidon,condorpool,poseidon-worker-1-container-16-19,post_vel,/opt/netcdf2png/merged_netcdf2png,,0.1,0,0,,,,,,,,,
mvt_ID0000039,None,compute,0,1694448826.0,,,1694448831.0,1694448834.0,1694448845.0,30520571.4,1694448832.0,1694448902.0,1694448891.0,1694448894.0,11198.0,1694448902.0,1694448907.0,5.0,,1.0,70.0,5.0,11.0,177143652.0,3.0,34386.0,poseidon,condorpool,poseidon-worker-1-container-32-35,mvt,/opt/mvt/mvt,,40.9,0,0,0.0,795688.0,16384.0,443.0,4.0,39.8,0.1,19892.2,819.2
post_vel_ID0000018,cpu_3,compute,0,1694448826.0,,,1694448831.0,1694448839.0,1694448850.0,29795739.0,1694448837.0,1694448867.0,1694448856.0,1694448859.0,3730.0,1694448867.0,1694448872.0,5.0,,6.0,30.0,5.0,11.0,177143937.0,3.0,11645.0,poseidon,condorpool,poseidon-worker-2-container-36-39,post_vel,/opt/netcdf2png/merged_netcdf2png,,0.1,0,0,,,,,,,,,
post_vel_ID0000108,cpu_3,compute,0,1694448826.0,,,1694448831.0,1694448835.0,1694448846.0,34224658.4,1694448833.0,1694448862.0,1694448851.0,1694448854.0,4539.0,1694448862.0,1694448867.0,5.0,,2.0,29.0,5.0,11.0,177143937.0,3.0,13907.0,poseidon,condorpool,poseidon-worker-2-container-36-39,post_vel,/opt/netcdf2png/merged_netcdf2png,,0.1,0,0,,,,,,,,,
mvt_ID0000099,None,compute,0,1694448826.0,,,1694448831.0,1694448834.0,1694448845.0,34707886.2,1694448832.0,1694448902.0,1694448891.0,1694448894.0,16308.0,1694448902.0,1694448907.0,5.0,,1.0,70.0,5.0,11.0,177143652.0,3.0,50118.0,poseidon,condorpool,poseidon-worker-1-container-24-27,mvt,/opt/mvt/mvt,,40.9,0,0,0.0,795687.0,28672.0,443.0,7.0,39.9,0.1,19892.2,1433.6
post_vel_ID0000123,None,compute,0,1694448826.0,,,1694448831.0,1694448833.0,1694448844.0,34992504.4,1694448831.0,1694448862.0,1694448849.0,1694448852.0,4825.0,1694448862.0,1694448867.0,5.0,,0.0,31.0,5.0,11.0,177143937.0,3.0,14777.0,poseidon,condorpool,poseidon-worker-2-container-12-15,post_vel,/opt/netcdf2png/merged_netcdf2png,,0.1,0,0,,,,,,,,,
mvt_ID0000019,None,compute,0,1694448826.0,,,1694448831.0,1694448839.0,1694448849.0,33740825.6,1694448837.0,1694448907.0,1694448896.0,1694448899.0,11873.0,1694448907.0,1694448912.0,5.0,,6.0,70.0,5.0,10.0,177143652.0,3.0,36245.0,poseidon,condorpool,poseidon-worker-1-container-44-47,mvt,/opt/mvt/mvt,,40.9,0,0,0.0,809466.0,20480.0,473.0,5.0,39.5,0.1,20236.6,1024.0
mvt_ID0000124,None,compute,0,1694448826.0,,,1694448831.0,1694448834.0,1694448845.0,34694484.6,1694448832.0,1694448902.0,1694448892.0,1694448895.0,22846.0,1694448902.0,1694448907.0,5.0,,1.0,70.0,5.0,11.0,177143652.0,3.0,70564.0,poseidon,condorpool,poseidon-worker-1-container-8-11,mvt,/opt/mvt/mvt,,41.8,0,0,0.0,792891.0,40960.0,437.0,10.0,39.6,0.4,19822.3,2048.0
post_vel_ID0000118,None,compute,0,1694448831.0,,,1694448836.0,1694448856.0,1694448867.0,34238828.4,1694448854.0,1694448882.0,1694448872.0,1694448875.0,4645.0,1694448882.0,1694448887.0,5.0,,18.0,28.0,5.0,11.0,177143937.0,3.0,14402.0,poseidon,condorpool,poseidon-worker-2-container-28-31,post_vel,/opt/netcdf2png/merged_netcdf2png,,0.2,0,0,,,,,,,,,
mvt_ID0000119,None,compute,0,1694448831.0,,,1694448836.0,1694448856.0,1694448867.0,33804586.4,1694448855.0,1694448922.0,1694448913.0,1694448916.0,20997.0,1694448922.0,1694448927.0,5.0,,19.0,67.0,5.0,11.0,177143652.0,3.0,65525.0,poseidon,condorpool,poseidon-worker-1-container-28-31,mvt,/opt/mvt/mvt,,40.3,0,0,0.0,821864.0,36864.0,500.0,9.0,39.9,0.1,20546.6,3686.4
post_vel_ID0000093,None,compute,0,1694448831.0,,,1694448836.0,1694448840.0,1694448852.0,28702905.3,1694448839.0,1694448867.0,1694448858.0,1694448861.0,4350.0,1694448867.0,1694448872.0,5.0,,3.0,28.0,5.0,12.0,177143937.0,3.0,13303.0,poseidon,condorpool,poseidon-worker-1-container-4-7,post_vel,/opt/netcdf2png/merged_netcdf2png,,0.1,0,0,,,,,,,,,
mvt_ID0000094,None,compute,0,1694448831.0,,,1694448836.0,1694448855.0,1694448867.0,31951229.0,1694448854.0,1694448922.0,1694448913.0,1694448916.0,16858.0,1694448922.0,1694448927.0,5.0,,18.0,68.0,5.0,12.0,177143652.0,3.0,52407.0,poseidon,condorpool,poseidon-worker-1-container-44-47,mvt,/opt/mvt/mvt,,40.3,0,0,0.0,858933.0,28672.0,581.0,7.0,39.4,0.2,21473.3,1433.6
mvt_ID0000004,None,compute,0,1694448831.0,,,1694448836.0,1694448856.0,1694448867.0,34628788.4,1694448854.0,1694448922.0,1694448911.0,1694448914.0,9172.0,1694448922.0,1694448927.0,5.0,,18.0,68.0,5.0,11.0,177143652.0,3.0,28781.0,poseidon,condorpool,poseidon-worker-2-container-32-35,mvt,/opt/mvt/mvt,,38.4,0,0,0.0,874400.0,16384.0,608.0,4.0,29.9,0.0,29146.7,819.2
post_vel_ID0000003,None,compute,0,1694448831.0,,,1694448836.0,1694448855.0,1694448866.0,34156479.8,1694448854.0,1694448882.0,1694448872.0,1694448875.0,3468.0,1694448882.0,1694448887.0,5.0,,18.0,28.0,5.0,11.0,177143937.0,3.0,10865.0,poseidon,condorpool,poseidon-worker-2-container-32-35,post_vel,/opt/netcdf2png/merged_netcdf2png,,0.1,0,0,,,,,,,,,
register_condorpool_0_1,None,auxiliary,0,1694448836.0,,,1694448852.0,,,0.0,1694448852.0,1694448857.0,,,0.0,1694448857.0,1694448862.0,16.0,,0.0,5.0,5.0,,,,,poseidon,local,poseidon-submit,pegasus::rc-client,/mnt/poseidon-data/poseidon/pegasus-5.1.0panorama/bin/pegasus-rc-client,"-n pegasus::rc-client -N null -R local  -L casa-wind-full -T 2023-09-08T07:29:05+00:00 /home/poseidon/pegasus-5.1.0panorama/bin/pegasus-rc-client --prefix pegasus.catalog.replica.output --conf /mnt/poseidon-data/poseidon/workflows/casa-wind-workflow-full/submit/poseidon/pegasus/casa-wind-full/run0354/pegasus.9307012118331776650.properties -v --meta /mnt/poseidon-data/poseidon/workflows/casa-wind-workflow-full/submit/poseidon/pegasus/casa-wind-full/run0354/00/00/unzip_ID0000001.meta,/mnt/poseidon-data/poseidon/workflows/casa-wind-workflow-full/submit/poseidon/pegasus/casa-wind-full/run0354/00/00/unzip_ID0000071.meta,/mnt/poseidon-data/poseidon/workflows/casa-wind-workflow-full/submit/poseidon/pegasus/casa-wind-full/run0354/00/00/unzip_ID0000076.meta,/mnt/poseidon-data/poseidon/workflows/casa-wind-workflow-full/submit/poseidon/pegasus/casa-wind-full/run0354/00/00/unzip_ID0000051.meta,/mnt/poseidon-data/poseidon/workflows/casa-wind-workflow-full/submit/poseidon/pegasus/casa-wind-full/run0354/00/00/unzip_ID0000026.meta,/mnt/poseidon-data/poseidon/workflows/casa-wind-workflow-full/submit/poseidon/pegasus/casa-wind-full/run0354/00/00/unzip_ID0000101.meta,/mnt/poseidon-data/poseidon/workflows/casa-wind-workflow-full/submit/poseidon/pegasus/casa-wind-full/run0354/00/00/unzip_ID0000006.meta,/mnt/poseidon-data/poseidon/workflows/casa-wind-workflow-full/submit/poseidon/pegasus/casa-wind-full/run0354/00/00/unzip_ID0000121.meta,/mnt/poseidon-data/poseidon/workflows/casa-wind-workflow-full/submit/poseidon/pegasus/casa-wind-full/run0354/00/00/unzip_ID0000111.meta,/mnt/poseidon-data/poseidon/workflows/casa-wind-workflow-full/submit/poseidon/pegasus/casa-wind-full/run0354/00/00/unzip_ID0000126.meta,/mnt/poseidon-data/poseidon/workflows/casa-wind-workflow-full/submit/poseidon/pegasus/casa-wind-full/run0354/00/00/unzip_ID0000046.meta,/mnt/poseidon-data/poseidon/workflows/casa-wind-workflow-full/submit/poseidon/pegasus/casa-wind-full/run0354/00/00/unzip_ID0000081.meta,/mnt/poseidon-data/poseidon/workflows/casa-wind-workflow-full/submit/poseidon/pegasus/casa-wind-full/run0354/00/00/unzip_ID0000096.meta,/mnt/poseidon-data/poseidon/workflows/casa-wind-workflow-full/submit/poseidon/pegasus/casa-wind-full/run0354/00/00/unzip_ID0000016.meta,/mnt/poseidon-data/poseidon/workflows/casa-wind-workflow-full/submit/poseidon/pegasus/casa-wind-full/run0354/00/00/unzip_ID0000041.meta,/mnt/poseidon-data/poseidon/workflows/casa-wind-workflow-full/submit/poseidon/pegasus/casa-wind-full/run0354/00/00/unzip_ID0000116.meta,/mnt/poseidon-data/poseidon/workflows/casa-wind-workflow-full/submit/poseidon/pegasus/casa-wind-full/run0354/00/00/unzip_ID0000036.meta,/mnt/poseidon-data/poseidon/workflows/casa-wind-workflow-full/submit/poseidon/pegasus/casa-wind-full/run0354/00/00/unzip_ID0000106.meta,/mnt/poseidon-data/poseidon/workflows/casa-wind-workflow-full/submit/poseidon/pegasus/casa-wind-full/run0354/00/00/unzip_ID0000031.meta,/mnt/poseidon-data/poseidon/workflows/casa-wind-workflow-full/submit/poseidon/pegasus/casa-wind-full/run0354/00/00/unzip_ID0000091.meta,/mnt/poseidon-data/poseidon/workflows/casa-wind-workflow-full/submit/poseidon/pegasus/casa-wind-full/run0354/00/00/unzip_ID0000061.meta,/mnt/poseidon-data/poseidon/workflows/casa-wind-workflow-full/submit/poseidon/pegasus/casa-wind-full/run0354/00/00/unzip_ID0000066.meta,/mnt/poseidon-data/poseidon/workflows/casa-wind-workflow-full/submit/poseidon/pegasus/casa-wind-full/run0354/00/00/unzip_ID0000056.meta,/mnt/poseidon-data/poseidon/workflows/casa-wind-workflow-full/submit/poseidon/pegasus/casa-wind-full/run0354/00/00/unzip_ID0000086.meta,/mnt/poseidon-data/poseidon/workflows/casa-wind-workflow-full/submit/poseidon/pegasus/casa-wind-full/run0354/00/00/unzip_ID0000011.meta,/mnt/poseidon-data/poseidon/workflows/casa-wind-workflow-full/submit/poseidon/pegasus/casa-wind-full/run0354/00/00/unzip_ID0000021.meta --insert /mnt/poseidon-data/poseidon/workflows/casa-wind-workflow-full/submit/poseidon/pegasus/casa-wind-full/run0354/00/00/register_condorpool_0_1.in",3.4,0,0,,,,,,,,,
mvt_ID0000029,None,compute,0,1694448836.0,,,1694448841.0,1694448860.0,1694448871.0,33934845.4,1694448857.0,1694448927.0,1694448916.0,1694448919.0,12311.0,1694448927.0,1694448933.0,5.0,,16.0,70.0,6.0,11.0,177143652.0,3.0,38341.0,poseidon,condorpool,poseidon-worker-1-container-40-43,mvt,/opt/mvt/mvt,,40.3,0,0,0.0,824540.0,20480.0,506.0,5.0,39.9,0.1,20613.5,1024.0
post_vel_ID0000028,None,compute,0,1694448836.0,,,1694448842.0,1694448859.0,1694448871.0,31654004.4,1694448857.0,1694448887.0,1694448876.0,1694448879.0,3718.0,1694448887.0,1694448892.0,6.0,,15.0,30.0,5.0,12.0,177143937.0,3.0,11529.0,poseidon,condorpool,poseidon-worker-1-container-28-31,post_vel,/opt/netcdf2png/merged_netcdf2png,,0.1,0,0,,,,,,,,,
mvt_ID0000104,None,compute,0,1694448836.0,,,1694448841.0,1694448859.0,1694448870.0,29674747.5,1694448857.0,1694448922.0,1694448913.0,1694448916.0,18979.0,1694448922.0,1694448927.0,5.0,,16.0,65.0,5.0,11.0,177143652.0,3.0,59590.0,poseidon,condorpool,poseidon-worker-1-container-0-3,mvt,/opt/mvt/mvt,,37.7,0,0,0.0,827511.0,32768.0,506.0,8.0,29.9,0.1,27583.7,3276.8
mvt_ID0000079,None,compute,0,1694448836.0,,,1694448841.0,1694448860.0,1694448871.0,35009272.2,1694448858.0,1694448927.0,1694448914.0,1694448918.0,14522.0,1694448927.0,1694448933.0,5.0,,17.0,69.0,6.0,11.0,177143652.0,4.0,45337.0,poseidon,condorpool,poseidon-worker-2-container-32-35,mvt,/opt/mvt/mvt,,38.6,0,0,0.0,881279.0,24576.0,623.0,6.0,29.9,0.1,29376.0,1228.8
post_vel_ID0000103,None,compute,0,1694448836.0,,,1694448841.0,1694448859.0,1694448870.0,34255454.4,1694448857.0,1694448887.0,1694448876.0,1694448879.0,4535.0,1694448887.0,1694448892.0,5.0,,16.0,30.0,5.0,11.0,177143937.0,3.0,13815.0,poseidon,condorpool,poseidon-worker-2-container-44-47,post_vel,/opt/netcdf2png/merged_netcdf2png,,0.1,0,0,,,,,,,,,
register_condorpool_0_0,None,auxiliary,0,1694448836.0,,,1694448872.0,,,0.0,1694448872.0,1694448877.0,,,0.0,1694448877.0,1694448882.0,36.0,,0.0,5.0,5.0,,,,,poseidon,local,poseidon-submit,pegasus::rc-client,/mnt/poseidon-data/poseidon/pegasus-5.1.0panorama/bin/pegasus-rc-client,"-n pegasus::rc-client -N null -R local  -L casa-wind-full -T 2023-09-08T07:29:05+00:00 /home/poseidon/pegasus-5.1.0panorama/bin/pegasus-rc-client --prefix pegasus.catalog.replica.output --conf /mnt/poseidon-data/poseidon/workflows/casa-wind-workflow-full/submit/poseidon/pegasus/casa-wind-full/run0354/pegasus.9307012118331776650.properties -v --meta /mnt/poseidon-data/poseidon/workflows/casa-wind-workflow-full/submit/poseidon/pegasus/casa-wind-full/run0354/00/00/unzip_ID0000001.meta,/mnt/poseidon-data/poseidon/workflows/casa-wind-workflow-full/submit/poseidon/pegasus/casa-wind-full/run0354/00/00/unzip_ID0000071.meta,/mnt/poseidon-data/poseidon/workflows/casa-wind-workflow-full/submit/poseidon/pegasus/casa-wind-full/run0354/00/00/unzip_ID0000076.meta,/mnt/poseidon-data/poseidon/workflows/casa-wind-workflow-full/submit/poseidon/pegasus/casa-wind-full/run0354/00/00/unzip_ID0000051.meta,/mnt/poseidon-data/poseidon/workflows/casa-wind-workflow-full/submit/poseidon/pegasus/casa-wind-full/run0354/00/00/unzip_ID0000026.meta,/mnt/poseidon-data/poseidon/workflows/casa-wind-workflow-full/submit/poseidon/pegasus/casa-wind-full/run0354/00/00/unzip_ID0000101.meta,/mnt/poseidon-data/poseidon/workflows/casa-wind-workflow-full/submit/poseidon/pegasus/casa-wind-full/run0354/00/00/unzip_ID0000006.meta,/mnt/poseidon-data/poseidon/workflows/casa-wind-workflow-full/submit/poseidon/pegasus/casa-wind-full/run0354/00/00/unzip_ID0000121.meta,/mnt/poseidon-data/poseidon/workflows/casa-wind-workflow-full/submit/poseidon/pegasus/casa-wind-full/run0354/00/00/unzip_ID0000111.meta,/mnt/poseidon-data/poseidon/workflows/casa-wind-workflow-full/submit/poseidon/pegasus/casa-wind-full/run0354/00/00/unzip_ID0000126.meta,/mnt/poseidon-data/poseidon/workflows/casa-wind-workflow-full/submit/poseidon/pegasus/casa-wind-full/run0354/00/00/unzip_ID0000046.meta,/mnt/poseidon-data/poseidon/workflows/casa-wind-workflow-full/submit/poseidon/pegasus/casa-wind-full/run0354/00/00/unzip_ID0000081.meta,/mnt/poseidon-data/poseidon/workflows/casa-wind-workflow-full/submit/poseidon/pegasus/casa-wind-full/run0354/00/00/unzip_ID0000096.meta,/mnt/poseidon-data/poseidon/workflows/casa-wind-workflow-full/submit/poseidon/pegasus/casa-wind-full/run0354/00/00/unzip_ID0000016.meta,/mnt/poseidon-data/poseidon/workflows/casa-wind-workflow-full/submit/poseidon/pegasus/casa-wind-full/run0354/00/00/unzip_ID0000041.meta,/mnt/poseidon-data/poseidon/workflows/casa-wind-workflow-full/submit/poseidon/pegasus/casa-wind-full/run0354/00/00/unzip_ID0000116.meta,/mnt/poseidon-data/poseidon/workflows/casa-wind-workflow-full/submit/poseidon/pegasus/casa-wind-full/run0354/00/00/unzip_ID0000036.meta,/mnt/poseidon-data/poseidon/workflows/casa-wind-workflow-full/submit/poseidon/pegasus/casa-wind-full/run0354/00/00/unzip_ID0000106.meta,/mnt/poseidon-data/poseidon/workflows/casa-wind-workflow-full/submit/poseidon/pegasus/casa-wind-full/run0354/00/00/unzip_ID0000031.meta,/mnt/poseidon-data/poseidon/workflows/casa-wind-workflow-full/submit/poseidon/pegasus/casa-wind-full/run0354/00/00/unzip_ID0000091.meta,/mnt/poseidon-data/poseidon/workflows/casa-wind-workflow-full/submit/poseidon/pegasus/casa-wind-full/run0354/00/00/unzip_ID0000061.meta,/mnt/poseidon-data/poseidon/workflows/casa-wind-workflow-full/submit/poseidon/pegasus/casa-wind-full/run0354/00/00/unzip_ID0000066.meta,/mnt/poseidon-data/poseidon/workflows/casa-wind-workflow-full/submit/poseidon/pegasus/casa-wind-full/run0354/00/00/unzip_ID0000056.meta,/mnt/poseidon-data/poseidon/workflows/casa-wind-workflow-full/submit/poseidon/pegasus/casa-wind-full/run0354/00/00/unzip_ID0000086.meta,/mnt/poseidon-data/poseidon/workflows/casa-wind-workflow-full/submit/poseidon/pegasus/casa-wind-full/run0354/00/00/unzip_ID0000011.meta,/mnt/poseidon-data/poseidon/workflows/casa-wind-workflow-full/submit/poseidon/pegasus/casa-wind-full/run0354/00/00/unzip_ID0000021.meta --insert /mnt/poseidon-data/poseidon/workflows/casa-wind-workflow-full/submit/poseidon/pegasus/casa-wind-full/run0354/00/00/register_condorpool_0_0.in",3.4,0,0,,,,,,,,,
post_vel_ID0000078,None,compute,0,1694448836.0,,,1694448841.0,1694448857.0,1694448868.0,34205756.4,1694448856.0,1694448887.0,1694448874.0,1694448877.0,4043.0,1694448887.0,1694448892.0,5.0,,15.0,31.0,5.0,11.0,177143937.0,3.0,12264.0,poseidon,condorpool,poseidon-worker-2-container-16-19,post_vel,/opt/netcdf2png/merged_netcdf2png,,0.1,0,0,,,,,,,,,
post_vel_ID0000058,None,compute,0,1694448836.0,,,1694448841.0,1694448860.0,1694448872.0,28573846.3,1694448857.0,1694448892.0,1694448878.0,1694448881.0,3321.0,1694448892.0,1694448897.0,5.0,,16.0,35.0,5.0,12.0,177143937.0,3.0,10981.0,poseidon,condorpool,poseidon-worker-1-container-44-47,post_vel,/opt/netcdf2png/merged_netcdf2png,,0.1,0,0,,,,,,,,,
mvt_ID0000059,cpu_3,compute,0,1694448836.0,,,1694448841.0,1694448860.0,1694448873.0,29728784.5,1694448858.0,1694448963.0,1694448949.0,1694448953.0,8797.0,1694448963.0,1694448968.0,5.0,,17.0,105.0,5.0,13.0,177143652.0,4.0,28164.0,poseidon,condorpool,poseidon-worker-2-container-36-39,mvt,/opt/mvt/mvt,,38.4,0,0,0.0,824758.0,12288.0,527.0,3.0,37.9,0.1,11782.3,1228.8
mvt_ID0000044,None,compute,0,1694448836.0,,,1694448841.0,1694448860.0,1694448871.0,34312886.2,1694448858.0,1694448927.0,1694448916.0,1694448920.0,8991.0,1694448927.0,1694448933.0,5.0,,17.0,69.0,6.0,11.0,177143652.0,4.0,28113.0,poseidon,condorpool,poseidon-worker-1-container-32-35,mvt,/opt/mvt/mvt,,40.2,0,0,0.0,825927.0,12288.0,509.0,3.0,39.9,0.1,20648.2,1228.8
register_condorpool_0_2,None,auxiliary,0,1694448836.0,,,1694448842.0,,,0.0,1694448842.0,1694448847.0,,,0.0,1694448847.0,1694448852.0,6.0,,0.0,5.0,5.0,,,,,poseidon,local,poseidon-submit,pegasus::rc-client,/mnt/poseidon-data/poseidon/pegasus-5.1.0panorama/bin/pegasus-rc-client,"-n pegasus::rc-client -N null -R local  -L casa-wind-full -T 2023-09-08T07:29:05+00:00 /home/poseidon/pegasus-5.1.0panorama/bin/pegasus-rc-client --prefix pegasus.catalog.replica.output --conf /mnt/poseidon-data/poseidon/workflows/casa-wind-workflow-full/submit/poseidon/pegasus/casa-wind-full/run0354/pegasus.9307012118331776650.properties -v --meta /mnt/poseidon-data/poseidon/workflows/casa-wind-workflow-full/submit/poseidon/pegasus/casa-wind-full/run0354/00/00/unzip_ID0000001.meta,/mnt/poseidon-data/poseidon/workflows/casa-wind-workflow-full/submit/poseidon/pegasus/casa-wind-full/run0354/00/00/unzip_ID0000071.meta,/mnt/poseidon-data/poseidon/workflows/casa-wind-workflow-full/submit/poseidon/pegasus/casa-wind-full/run0354/00/00/unzip_ID0000076.meta,/mnt/poseidon-data/poseidon/workflows/casa-wind-workflow-full/submit/poseidon/pegasus/casa-wind-full/run0354/00/00/unzip_ID0000051.meta,/mnt/poseidon-data/poseidon/workflows/casa-wind-workflow-full/submit/poseidon/pegasus/casa-wind-full/run0354/00/00/unzip_ID0000026.meta,/mnt/poseidon-data/poseidon/workflows/casa-wind-workflow-full/submit/poseidon/pegasus/casa-wind-full/run0354/00/00/unzip_ID0000101.meta,/mnt/poseidon-data/poseidon/workflows/casa-wind-workflow-full/submit/poseidon/pegasus/casa-wind-full/run0354/00/00/unzip_ID0000006.meta,/mnt/poseidon-data/poseidon/workflows/casa-wind-workflow-full/submit/poseidon/pegasus/casa-wind-full/run0354/00/00/unzip_ID0000121.meta,/mnt/poseidon-data/poseidon/workflows/casa-wind-workflow-full/submit/poseidon/pegasus/casa-wind-full/run0354/00/00/unzip_ID0000111.meta,/mnt/poseidon-data/poseidon/workflows/casa-wind-workflow-full/submit/poseidon/pegasus/casa-wind-full/run0354/00/00/unzip_ID0000126.meta,/mnt/poseidon-data/poseidon/workflows/casa-wind-workflow-full/submit/poseidon/pegasus/casa-wind-full/run0354/00/00/unzip_ID0000046.meta,/mnt/poseidon-data/poseidon/workflows/casa-wind-workflow-full/submit/poseidon/pegasus/casa-wind-full/run0354/00/00/unzip_ID0000081.meta,/mnt/poseidon-data/poseidon/workflows/casa-wind-workflow-full/submit/poseidon/pegasus/casa-wind-full/run0354/00/00/unzip_ID0000096.meta,/mnt/poseidon-data/poseidon/workflows/casa-wind-workflow-full/submit/poseidon/pegasus/casa-wind-full/run0354/00/00/unzip_ID0000016.meta,/mnt/poseidon-data/poseidon/workflows/casa-wind-workflow-full/submit/poseidon/pegasus/casa-wind-full/run0354/00/00/unzip_ID0000041.meta,/mnt/poseidon-data/poseidon/workflows/casa-wind-workflow-full/submit/poseidon/pegasus/casa-wind-full/run0354/00/00/unzip_ID0000116.meta,/mnt/poseidon-data/poseidon/workflows/casa-wind-workflow-full/submit/poseidon/pegasus/casa-wind-full/run0354/00/00/unzip_ID0000036.meta,/mnt/poseidon-data/poseidon/workflows/casa-wind-workflow-full/submit/poseidon/pegasus/casa-wind-full/run0354/00/00/unzip_ID0000106.meta,/mnt/poseidon-data/poseidon/workflows/casa-wind-workflow-full/submit/poseidon/pegasus/casa-wind-full/run0354/00/00/unzip_ID0000031.meta,/mnt/poseidon-data/poseidon/workflows/casa-wind-workflow-full/submit/poseidon/pegasus/casa-wind-full/run0354/00/00/unzip_ID0000091.meta,/mnt/poseidon-data/poseidon/workflows/casa-wind-workflow-full/submit/poseidon/pegasus/casa-wind-full/run0354/00/00/unzip_ID0000061.meta,/mnt/poseidon-data/poseidon/workflows/casa-wind-workflow-full/submit/poseidon/pegasus/casa-wind-full/run0354/00/00/unzip_ID0000066.meta,/mnt/poseidon-data/poseidon/workflows/casa-wind-workflow-full/submit/poseidon/pegasus/casa-wind-full/run0354/00/00/unzip_ID0000056.meta,/mnt/poseidon-data/poseidon/workflows/casa-wind-workflow-full/submit/poseidon/pegasus/casa-wind-full/run0354/00/00/unzip_ID0000086.meta,/mnt/poseidon-data/poseidon/workflows/casa-wind-workflow-full/submit/poseidon/pegasus/casa-wind-full/run0354/00/00/unzip_ID0000011.meta,/mnt/poseidon-data/poseidon/workflows/casa-wind-workflow-full/submit/poseidon/pegasus/casa-wind-full/run0354/00/00/unzip_ID0000021.meta --insert /mnt/poseidon-data/poseidon/workflows/casa-wind-workflow-full/submit/poseidon/pegasus/casa-wind-full/run0354/00/00/register_condorpool_0_2.in",3.4,0,0,,,,,,,,,
stage_out_local_condorpool_1_1,None,transfer,0,1694448836.0,,,1694448841.0,,,0.0,1694448842.0,1694448847.0,,,0.0,1694448847.0,1694448852.0,5.0,,1.0,5.0,5.0,,,,,poseidon,local,poseidon-submit,pegasus::transfer,/mnt/poseidon-data/poseidon/pegasus-5.1.0panorama/bin/pegasus-transfer,/home/poseidon/pegasus-5.1.0panorama/bin/../bin/pegasus-kickstart  -n pegasus::transfer -N null -i - -R local  -L casa-wind-full -T 2023-09-08T07:29:05+00:00 /home/poseidon/pegasus-5.1.0panorama/bin/../bin/pegasus-transfer  --threads 2,0.9,0,0,,,,,,,,,
mvt_ID0000074,None,compute,0,1694448836.0,,,1694448841.0,1694448860.0,1694448871.0,34195196.2,1694448857.0,1694448927.0,1694448916.0,1694448919.0,12531.0,1694448927.0,1694448933.0,5.0,,16.0,70.0,6.0,11.0,177143652.0,3.0,38855.0,poseidon,condorpool,poseidon-worker-1-container-36-39,mvt,/opt/mvt/mvt,,40.2,0,0,0.0,825991.0,20480.0,509.0,5.0,39.9,0.1,20649.8,1024.0
post_vel_ID0000073,None,compute,0,1694448836.0,,,1694448841.0,1694448859.0,1694448870.0,34887030.4,1694448857.0,1694448887.0,1694448876.0,1694448879.0,3872.0,1694448887.0,1694448892.0,5.0,,16.0,30.0,5.0,11.0,177143937.0,3.0,11825.0,poseidon,condorpool,poseidon-worker-2-container-12-15,post_vel,/opt/netcdf2png/merged_netcdf2png,,0.1,0,0,,,,,,,,,
mvt_ID0000084,None,compute,0,1694448836.0,,,1694448841.0,1694448857.0,1694448868.0,34073045.8,1694448855.0,1694448922.0,1694448913.0,1694448916.0,15571.0,1694448922.0,1694448927.0,5.0,,14.0,67.0,5.0,11.0,177143652.0,3.0,47998.0,poseidon,condorpool,poseidon-worker-1-container-36-39,mvt,/opt/mvt/mvt,,40.3,0,0,0.0,820485.0,24576.0,497.0,6.0,39.9,0.1,20512.1,1228.8
post_vel_ID0000083,None,compute,0,1694448836.0,,,1694448841.0,1694448857.0,1694448868.0,34289814.4,1694448855.0,1694448882.0,1694448873.0,1694448876.0,4110.0,1694448882.0,1694448887.0,5.0,,14.0,27.0,5.0,11.0,177143937.0,3.0,12720.0,poseidon,condorpool,poseidon-worker-1-container-0-3,post_vel,/opt/netcdf2png/merged_netcdf2png,,0.1,0,0,,,,,,,,,
post_vel_ID0000043,None,compute,0,1694448836.0,,,1694448841.0,1694448859.0,1694448870.0,29706776.5,1694448857.0,1694448887.0,1694448876.0,1694448879.0,3624.0,1694448887.0,1694448892.0,5.0,,16.0,30.0,5.0,11.0,177143937.0,3.0,11050.0,poseidon,condorpool,poseidon-worker-1-container-12-15,post_vel,/opt/netcdf2png/merged_netcdf2png,,0.1,0,0,,,,,,,,,
post_vel_ID0000033,None,compute,0,1694448842.0,,,1694448847.0,1694448860.0,1694448871.0,33870262.8,1694448858.0,1694448887.0,1694448876.0,1694448879.0,3750.0,1694448887.0,1694448892.0,5.0,,11.0,29.0,5.0,11.0,177143937.0,3.0,11464.0,poseidon,condorpool,poseidon-worker-1-container-24-27,post_vel,/opt/netcdf2png/merged_netcdf2png,,0.1,0,0,,,,,,,,,
mvt_ID0000034,None,compute,0,1694448842.0,,,1694448847.0,1694448860.0,1694448874.0,21186202.1,1694448857.0,1694448933.0,1694448919.0,1694448922.0,10124.0,1694448933.0,1694448938.0,5.0,,10.0,76.0,5.0,14.0,177143652.0,3.0,30976.0,poseidon,condorpool,poseidon-worker-1-container-8-11,mvt,/opt/mvt/mvt,,40.2,0,0,0.0,823097.0,16384.0,503.0,4.0,39.9,0.1,20577.4,819.2
mvt_ID0000014,None,compute,0,1694448847.0,,,1694448852.0,1694448860.0,1694448871.0,34326595.4,1694448858.0,1694448927.0,1694448917.0,1694448920.0,10341.0,1694448927.0,1694448933.0,5.0,,6.0,69.0,6.0,11.0,177143652.0,3.0,31991.0,poseidon,condorpool,poseidon-worker-1-container-16-19,mvt,/opt/mvt/mvt,,40.3,0,0,0.0,805349.0,16384.0,464.0,4.0,39.9,0.1,20133.7,819.2
post_vel_ID0000013,None,compute,0,1694448847.0,,,1694448852.0,1694448860.0,1694448871.0,29838030.2,1694448857.0,1694448887.0,1694448877.0,1694448880.0,3612.0,1694448887.0,1694448892.0,5.0,,5.0,30.0,5.0,11.0,177143937.0,3.0,11040.0,poseidon,condorpool,poseidon-worker-1-container-20-23,post_vel,/opt/netcdf2png/merged_netcdf2png,,0.1,0,0,,,,,,,,,
register_condorpool_1_1,None,auxiliary,0,1694448852.0,,,1694448862.0,,,0.0,1694448863.0,1694448867.0,,,0.0,1694448867.0,1694448872.0,10.0,,1.0,4.0,5.0,,,,,poseidon,local,poseidon-submit,pegasus::rc-client,/mnt/poseidon-data/poseidon/pegasus-5.1.0panorama/bin/pegasus-rc-client,"-n pegasus::rc-client -N null -R local  -L casa-wind-full -T 2023-09-08T07:29:05+00:00 /home/poseidon/pegasus-5.1.0panorama/bin/pegasus-rc-client --prefix pegasus.catalog.replica.output --conf /mnt/poseidon-data/poseidon/workflows/casa-wind-workflow-full/submit/poseidon/pegasus/casa-wind-full/run0354/pegasus.9307012118331776650.properties -v --meta /mnt/poseidon-data/poseidon/workflows/casa-wind-workflow-full/submit/poseidon/pegasus/casa-wind-full/run0354/00/00/um_vel_ID0000097.meta,/mnt/poseidon-data/poseidon/workflows/casa-wind-workflow-full/submit/poseidon/pegasus/casa-wind-full/run0354/00/01/um_vel_ID0000047.meta,/mnt/poseidon-data/poseidon/workflows/casa-wind-workflow-full/submit/poseidon/pegasus/casa-wind-full/run0354/00/00/um_vel_ID0000087.meta,/mnt/poseidon-data/poseidon/workflows/casa-wind-workflow-full/submit/poseidon/pegasus/casa-wind-full/run0354/00/01/um_vel_ID0000007.meta,/mnt/poseidon-data/poseidon/workflows/casa-wind-workflow-full/submit/poseidon/pegasus/casa-wind-full/run0354/00/00/um_vel_ID0000082.meta,/mnt/poseidon-data/poseidon/workflows/casa-wind-workflow-full/submit/poseidon/pegasus/casa-wind-full/run0354/00/01/um_vel_ID0000072.meta,/mnt/poseidon-data/poseidon/workflows/casa-wind-workflow-full/submit/poseidon/pegasus/casa-wind-full/run0354/00/01/um_vel_ID0000102.meta,/mnt/poseidon-data/poseidon/workflows/casa-wind-workflow-full/submit/poseidon/pegasus/casa-wind-full/run0354/00/00/um_vel_ID0000017.meta,/mnt/poseidon-data/poseidon/workflows/casa-wind-workflow-full/submit/poseidon/pegasus/casa-wind-full/run0354/00/01/um_vel_ID0000037.meta --insert /mnt/poseidon-data/poseidon/workflows/casa-wind-workflow-full/submit/poseidon/pegasus/casa-wind-full/run0354/00/01/register_condorpool_1_1.in",2.8,0,0,,,,,,,,,
mvt_ID0000024,None,compute,0,1694448862.0,,,1694448867.0,1694448870.0,1694448880.0,29744275.0,1694448868.0,1694448938.0,1694448926.0,1694448929.0,9888.0,1694448938.0,1694448943.0,5.0,,1.0,70.0,5.0,10.0,177143652.0,3.0,30705.0,poseidon,condorpool,poseidon-worker-1-container-16-19,mvt,/opt/mvt/mvt,,40.0,0,0,0.0,825990.0,16384.0,509.0,4.0,39.7,0.2,20649.8,819.2
post_vel_ID0000063,None,compute,0,1694448862.0,,,1694448867.0,1694448870.0,1694448881.0,33604451.2,1694448868.0,1694448897.0,1694448886.0,1694448889.0,3778.0,1694448897.0,1694448902.0,5.0,,1.0,29.0,5.0,11.0,177143937.0,3.0,11628.0,poseidon,condorpool,poseidon-worker-2-container-20-23,post_vel,/opt/netcdf2png/merged_netcdf2png,,0.1,0,0,,,,,,,,,
stage_out_local_condorpool_1_2,None,transfer,0,1694448862.0,,,1694448867.0,,,0.0,1694448867.0,1694448872.0,,,0.0,1694448872.0,1694448877.0,5.0,,0.0,5.0,5.0,,,,,poseidon,local,poseidon-submit,pegasus::transfer,/mnt/poseidon-data/poseidon/pegasus-5.1.0panorama/bin/pegasus-transfer,/home/poseidon/pegasus-5.1.0panorama/bin/../bin/pegasus-kickstart  -n pegasus::transfer -N null -i - -R local  -L casa-wind-full -T 2023-09-08T07:29:05+00:00 /home/poseidon/pegasus-5.1.0panorama/bin/../bin/pegasus-transfer  --threads 2,0.9,0,0,,,,,,,,,
mvt_ID0000054,cpu_3,compute,0,1694448862.0,,,1694448867.0,1694448872.0,1694448885.0,29653838.0,1694448868.0,1694448974.0,1694448962.0,1694448965.0,9196.0,1694448974.0,1694448979.0,5.0,,1.0,106.0,5.0,13.0,177143652.0,3.0,28552.0,poseidon,condorpool,poseidon-worker-2-container-36-39,mvt,/opt/mvt/mvt,,37.9,0,0,0.0,861848.0,12288.0,608.0,3.0,36.5,0.1,12312.1,614.4
post_vel_ID0000053,None,compute,0,1694448862.0,,,1694448867.0,1694448870.0,1694448881.0,33626673.2,1694448868.0,1694448897.0,1694448886.0,1694448889.0,3568.0,1694448897.0,1694448902.0,5.0,,1.0,29.0,5.0,11.0,177143937.0,3.0,11004.0,poseidon,condorpool,poseidon-worker-2-container-12-15,post_vel,/opt/netcdf2png/merged_netcdf2png,,0.1,0,0,,,,,,,,,
post_vel_ID0000113,None,compute,0,1694448862.0,,,1694448867.0,1694448870.0,1694448880.0,29834625.0,1694448868.0,1694448897.0,1694448886.0,1694448889.0,4758.0,1694448897.0,1694448902.0,5.0,,1.0,29.0,5.0,10.0,177143937.0,3.0,14745.0,poseidon,condorpool,poseidon-worker-1-container-4-7,post_vel,/opt/netcdf2png/merged_netcdf2png,,0.2,0,0,,,,,,,,,
post_vel_ID0000023,cpu_3,compute,0,1694448862.0,,,1694448867.0,1694448872.0,1694448885.0,34639777.6,1694448868.0,1694448902.0,1694448891.0,1694448894.0,3405.0,1694448902.0,1694448907.0,5.0,,1.0,34.0,5.0,13.0,177143937.0,3.0,11372.0,poseidon,condorpool,poseidon-worker-2-container-36-39,post_vel,/opt/netcdf2png/merged_netcdf2png,,0.1,0,0,,,,,,,,,
stage_out_local_condorpool_1_0,None,transfer,0,1694448862.0,,,1694448867.0,,,0.0,1694448867.0,1694448872.0,,,0.0,1694448872.0,1694448877.0,5.0,,0.0,5.0,5.0,,,,,poseidon,local,poseidon-submit,pegasus::transfer,/mnt/poseidon-data/poseidon/pegasus-5.1.0panorama/bin/pegasus-transfer,/home/poseidon/pegasus-5.1.0panorama/bin/../bin/pegasus-kickstart  -n pegasus::transfer -N null -i - -R local  -L casa-wind-full -T 2023-09-08T07:29:05+00:00 /home/poseidon/pegasus-5.1.0panorama/bin/../bin/pegasus-transfer  --threads 2,1.0,0,0,,,,,,,,,
mvt_ID0000114,None,compute,0,1694448862.0,,,1694448867.0,1694448879.0,1694448890.0,34785890.0,1694448878.0,1694448943.0,1694448933.0,1694448936.0,23473.0,1694448943.0,1694448948.0,5.0,,11.0,65.0,5.0,11.0,177143652.0,3.0,73234.0,poseidon,condorpool,poseidon-worker-1-container-44-47,mvt,/opt/mvt/mvt,,37.4,0,0,0.0,857959.0,40960.0,572.0,10.0,29.9,0.1,28598.6,4096.0
mvt_ID0000064,None,compute,0,1694448862.0,,,1694448867.0,1694448870.0,1694448880.0,29742570.5,1694448868.0,1694448938.0,1694448926.0,1694448929.0,9945.0,1694448938.0,1694448943.0,5.0,,1.0,70.0,5.0,10.0,177143652.0,3.0,31148.0,poseidon,condorpool,poseidon-worker-1-container-12-15,mvt,/opt/mvt/mvt,,39.9,0,0,0.0,791984.0,16384.0,428.0,4.0,29.9,0.1,26399.5,819.2
register_condorpool_1_2,None,auxiliary,0,1694448877.0,,,1694448892.0,,,0.0,1694448892.0,1694448897.0,,,0.0,1694448897.0,1694448902.0,15.0,,0.0,5.0,5.0,,,,,poseidon,local,poseidon-submit,pegasus::rc-client,/mnt/poseidon-data/poseidon/pegasus-5.1.0panorama/bin/pegasus-rc-client,"-n pegasus::rc-client -N null -R local  -L casa-wind-full -T 2023-09-08T07:29:05+00:00 /home/poseidon/pegasus-5.1.0panorama/bin/pegasus-rc-client --prefix pegasus.catalog.replica.output --conf /mnt/poseidon-data/poseidon/workflows/casa-wind-workflow-full/submit/poseidon/pegasus/casa-wind-full/run0354/pegasus.9307012118331776650.properties -v --meta /mnt/poseidon-data/poseidon/workflows/casa-wind-workflow-full/submit/poseidon/pegasus/casa-wind-full/run0354/00/01/um_vel_ID0000112.meta,/mnt/poseidon-data/poseidon/workflows/casa-wind-workflow-full/submit/poseidon/pegasus/casa-wind-full/run0354/00/01/um_vel_ID0000062.meta,/mnt/poseidon-data/poseidon/workflows/casa-wind-workflow-full/submit/poseidon/pegasus/casa-wind-full/run0354/00/00/um_vel_ID0000117.meta,/mnt/poseidon-data/poseidon/workflows/casa-wind-workflow-full/submit/poseidon/pegasus/casa-wind-full/run0354/00/00/um_vel_ID0000012.meta,/mnt/poseidon-data/poseidon/workflows/casa-wind-workflow-full/submit/poseidon/pegasus/casa-wind-full/run0354/00/01/um_vel_ID0000107.meta,/mnt/poseidon-data/poseidon/workflows/casa-wind-workflow-full/submit/poseidon/pegasus/casa-wind-full/run0354/00/00/um_vel_ID0000002.meta,/mnt/poseidon-data/poseidon/workflows/casa-wind-workflow-full/submit/poseidon/pegasus/casa-wind-full/run0354/00/01/um_vel_ID0000052.meta,/mnt/poseidon-data/poseidon/workflows/casa-wind-workflow-full/submit/poseidon/pegasus/casa-wind-full/run0354/00/00/um_vel_ID0000032.meta --insert /mnt/poseidon-data/poseidon/workflows/casa-wind-workflow-full/submit/poseidon/pegasus/casa-wind-full/run0354/00/01/register_condorpool_1_2.in",2.8,0,0,,,,,,,,,
register_condorpool_1_0,None,auxiliary,0,1694448877.0,,,1694448882.0,,,0.0,1694448884.0,1694448887.0,,,0.0,1694448887.0,1694448892.0,5.0,,2.0,3.0,5.0,,,,,poseidon,local,poseidon-submit,pegasus::rc-client,/mnt/poseidon-data/poseidon/pegasus-5.1.0panorama/bin/pegasus-rc-client,"-n pegasus::rc-client -N null -R local  -L casa-wind-full -T 2023-09-08T07:29:05+00:00 /home/poseidon/pegasus-5.1.0panorama/bin/pegasus-rc-client --prefix pegasus.catalog.replica.output --conf /mnt/poseidon-data/poseidon/workflows/casa-wind-workflow-full/submit/poseidon/pegasus/casa-wind-full/run0354/pegasus.9307012118331776650.properties -v --meta /mnt/poseidon-data/poseidon/workflows/casa-wind-workflow-full/submit/poseidon/pegasus/casa-wind-full/run0354/00/00/um_vel_ID0000022.meta,/mnt/poseidon-data/poseidon/workflows/casa-wind-workflow-full/submit/poseidon/pegasus/casa-wind-full/run0354/00/00/um_vel_ID0000027.meta,/mnt/poseidon-data/poseidon/workflows/casa-wind-workflow-full/submit/poseidon/pegasus/casa-wind-full/run0354/00/01/um_vel_ID0000057.meta,/mnt/poseidon-data/poseidon/workflows/casa-wind-workflow-full/submit/poseidon/pegasus/casa-wind-full/run0354/00/00/um_vel_ID0000122.meta,/mnt/poseidon-data/poseidon/workflows/casa-wind-workflow-full/submit/poseidon/pegasus/casa-wind-full/run0354/00/00/um_vel_ID0000127.meta,/mnt/poseidon-data/poseidon/workflows/casa-wind-workflow-full/submit/poseidon/pegasus/casa-wind-full/run0354/00/00/um_vel_ID0000092.meta,/mnt/poseidon-data/poseidon/workflows/casa-wind-workflow-full/submit/poseidon/pegasus/casa-wind-full/run0354/00/01/um_vel_ID0000067.meta,/mnt/poseidon-data/poseidon/workflows/casa-wind-workflow-full/submit/poseidon/pegasus/casa-wind-full/run0354/00/01/um_vel_ID0000077.meta,/mnt/poseidon-data/poseidon/workflows/casa-wind-workflow-full/submit/poseidon/pegasus/casa-wind-full/run0354/00/01/um_vel_ID0000042.meta --insert /mnt/poseidon-data/poseidon/workflows/casa-wind-workflow-full/submit/poseidon/pegasus/casa-wind-full/run0354/00/01/register_condorpool_1_0.in",2.6,0,0,,,,,,,,,
point_alert_ID0000070,None,compute,0,1694448902.0,,,1694448907.0,1694448909.0,1694448920.0,29688798.5,1694448908.0,1694448938.0,1694448926.0,1694448929.0,6547.0,1694448938.0,1694448943.0,5.0,,1.0,30.0,5.0,11.0,176643292.0,3.0,20558.0,poseidon,condorpool,poseidon-worker-1-container-20-23,point_alert,/opt/pointAlert/pointAlert,,0.0,0,0,,,,,,,,,
point_alert_ID0000090,None,compute,0,1694448902.0,,,1694448907.0,1694448909.0,1694448921.0,29709138.4,1694448908.0,1694448938.0,1694448926.0,1694448929.0,6748.0,1694448938.0,1694448943.0,5.0,,1.0,30.0,5.0,12.0,176656458.0,3.0,20638.0,poseidon,condorpool,poseidon-worker-2-container-0-3,point_alert,/opt/pointAlert/pointAlert,,0.0,0,0,,,,,,,,,
point_alert_ID0000050,None,compute,0,1694448902.0,,,1694448907.0,1694448910.0,1694448920.0,29632413.5,1694448908.0,1694448938.0,1694448926.0,1694448929.0,6658.0,1694448938.0,1694448943.0,5.0,,1.0,30.0,5.0,10.0,176632091.0,3.0,20878.0,poseidon,condorpool,poseidon-worker-2-container-44-47,point_alert,/opt/pointAlert/pointAlert,,0.0,0,0,,,,,,,,,
point_alert_ID0000010,None,compute,0,1694448902.0,,,1694448907.0,1694448909.0,1694448920.0,29647511.5,1694448908.0,1694448938.0,1694448926.0,1694448929.0,6515.0,1694448938.0,1694448943.0,5.0,,1.0,30.0,5.0,11.0,176643412.0,3.0,20478.0,poseidon,condorpool,poseidon-worker-2-container-28-31,point_alert,/opt/pointAlert/pointAlert,,0.0,0,0,,,,,,,,,
point_alert_ID0000110,cpu_3,compute,0,1694448907.0,,,1694448912.0,1694448920.0,1694448934.0,32225068.0,1694448913.0,1694448953.0,1694448940.0,1694448943.0,6303.0,1694448953.0,1694448958.0,5.0,,1.0,40.0,5.0,14.0,176667937.0,3.0,21038.0,poseidon,condorpool,poseidon-worker-2-container-36-39,point_alert,/opt/pointAlert/pointAlert,,0.0,0,0,,,,,,,,,
point_alert_ID0000125,None,compute,0,1694448907.0,,,1694448912.0,1694448915.0,1694448926.0,29649299.5,1694448913.0,1694448943.0,1694448931.0,1694448934.0,7432.0,1694448943.0,1694448948.0,5.0,,1.0,30.0,5.0,11.0,176678547.0,3.0,22878.0,poseidon,condorpool,poseidon-worker-1-container-32-35,point_alert,/opt/pointAlert/pointAlert,,0.0,0,0,,,,,,,,,
point_alert_ID0000040,None,compute,0,1694448907.0,,,1694448912.0,1694448915.0,1694448926.0,29653287.0,1694448913.0,1694448943.0,1694448931.0,1694448934.0,6684.0,1694448943.0,1694448948.0,5.0,,1.0,30.0,5.0,11.0,176642369.0,3.0,20558.0,poseidon,condorpool,poseidon-worker-1-container-40-43,point_alert,/opt/pointAlert/pointAlert,,0.0,0,0,,,,,,,,,
point_alert_ID0000100,None,compute,0,1694448907.0,,,1694448912.0,1694448915.0,1694448926.0,33502243.2,1694448913.0,1694448943.0,1694448931.0,1694448934.0,6604.0,1694448943.0,1694448948.0,5.0,,1.0,30.0,5.0,11.0,176658101.0,3.0,20638.0,poseidon,condorpool,poseidon-worker-1-container-8-11,point_alert,/opt/pointAlert/pointAlert,,0.0,0,0,,,,,,,,,
point_alert_ID0000130,None,compute,0,1694448907.0,,,1694448912.0,1694448915.0,1694448926.0,29511557.5,1694448913.0,1694448943.0,1694448931.0,1694448934.0,7453.0,1694448943.0,1694448948.0,5.0,,1.0,30.0,5.0,11.0,176672472.0,3.0,23118.0,poseidon,condorpool,poseidon-worker-2-container-44-47,point_alert,/opt/pointAlert/pointAlert,,0.0,0,0,,,,,,,,,
point_alert_ID0000020,None,compute,0,1694448912.0,,,1694448917.0,1694448920.0,1694448931.0,35228025.2,1694448918.0,1694448948.0,1694448936.0,1694448939.0,6710.0,1694448948.0,1694448953.0,5.0,,1.0,30.0,5.0,11.0,176644228.0,3.0,20478.0,poseidon,condorpool,poseidon-worker-2-container-32-35,point_alert,/opt/pointAlert/pointAlert,,0.0,0,0,,,,,,,,,
stage_out_local_condorpool_2_2,None,transfer,0,1694448927.0,,,1694448933.0,,,0.0,1694448933.0,1694448938.0,,,0.0,1694448938.0,1694448943.0,6.0,,0.0,5.0,5.0,,,,,poseidon,local,poseidon-submit,pegasus::transfer,/mnt/poseidon-data/poseidon/pegasus-5.1.0panorama/bin/pegasus-transfer,/home/poseidon/pegasus-5.1.0panorama/bin/../bin/pegasus-kickstart  -n pegasus::transfer -N null -i - -R local  -L casa-wind-full -T 2023-09-08T07:29:05+00:00 /home/poseidon/pegasus-5.1.0panorama/bin/../bin/pegasus-transfer  --threads 2,0.9,0,0,,,,,,,,,
point_alert_ID0000105,None,compute,0,1694448927.0,,,1694448933.0,1694448935.0,1694448946.0,29612886.0,1694448934.0,1694448963.0,1694448952.0,1694448955.0,6876.0,1694448963.0,1694448968.0,6.0,,1.0,29.0,5.0,11.0,176667573.0,3.0,21278.0,poseidon,condorpool,poseidon-worker-1-container-40-43,point_alert,/opt/pointAlert/pointAlert,,0.0,0,0,,,,,,,,,
point_alert_ID0000005,None,compute,0,1694448927.0,,,1694448933.0,1694448935.0,1694448946.0,29620109.5,1694448934.0,1694448963.0,1694448952.0,1694448955.0,6599.0,1694448963.0,1694448968.0,6.0,,1.0,29.0,5.0,11.0,176636764.0,3.0,20398.0,poseidon,condorpool,poseidon-worker-1-container-44-47,point_alert,/opt/pointAlert/pointAlert,,0.0,0,0,,,,,,,,,
point_alert_ID0000095,None,compute,0,1694448927.0,,,1694448933.0,1694448935.0,1694448946.0,34229164.2,1694448934.0,1694448963.0,1694448952.0,1694448955.0,6644.0,1694448963.0,1694448968.0,6.0,,1.0,29.0,5.0,11.0,176660390.0,3.0,20718.0,poseidon,condorpool,poseidon-worker-1-container-28-31,point_alert,/opt/pointAlert/pointAlert,,0.0,0,0,,,,,,,,,
point_alert_ID0000085,None,compute,0,1694448927.0,,,1694448933.0,1694448935.0,1694448946.0,29970896.5,1694448934.0,1694448963.0,1694448951.0,1694448954.0,6872.0,1694448963.0,1694448968.0,6.0,,1.0,29.0,5.0,11.0,176655981.0,3.0,21118.0,poseidon,condorpool,poseidon-worker-2-container-32-35,point_alert,/opt/pointAlert/pointAlert,,0.0,0,0,,,,,,,,,
point_alert_ID0000120,None,compute,0,1694448927.0,,,1694448933.0,1694448935.0,1694448946.0,29596734.5,1694448934.0,1694448963.0,1694448952.0,1694448955.0,7088.0,1694448963.0,1694448968.0,6.0,,1.0,29.0,5.0,11.0,176673508.0,3.0,21998.0,poseidon,condorpool,poseidon-worker-1-container-36-39,point_alert,/opt/pointAlert/pointAlert,,0.0,0,0,,,,,,,,,
stage_out_local_condorpool_2_3,None,transfer,0,1694448933.0,,,1694448938.0,,,0.0,1694448938.0,1694448943.0,,,0.0,1694448943.0,1694448948.0,5.0,,0.0,5.0,5.0,,,,,poseidon,local,poseidon-submit,pegasus::transfer,/mnt/poseidon-data/poseidon/pegasus-5.1.0panorama/bin/pegasus-transfer,/home/poseidon/pegasus-5.1.0panorama/bin/../bin/pegasus-kickstart  -n pegasus::transfer -N null -i - -R local  -L casa-wind-full -T 2023-09-08T07:29:05+00:00 /home/poseidon/pegasus-5.1.0panorama/bin/../bin/pegasus-transfer  --threads 2,0.9,0,0,,,,,,,,,
point_alert_ID0000030,None,compute,0,1694448933.0,,,1694448938.0,1694448941.0,1694448952.0,29493479.0,1694448939.0,1694448968.0,1694448957.0,1694448960.0,6533.0,1694448968.0,1694448974.0,5.0,,1.0,29.0,6.0,11.0,176646324.0,3.0,20158.0,poseidon,condorpool,poseidon-worker-2-container-0-3,point_alert,/opt/pointAlert/pointAlert,,0.0,0,0,,,,,,,,,
stage_out_local_condorpool_2_0,None,transfer,0,1694448933.0,,,1694448938.0,,,0.0,1694448938.0,1694448943.0,,,0.0,1694448943.0,1694448948.0,5.0,,0.0,5.0,5.0,,,,,poseidon,local,poseidon-submit,pegasus::transfer,/mnt/poseidon-data/poseidon/pegasus-5.1.0panorama/bin/pegasus-transfer,/home/poseidon/pegasus-5.1.0panorama/bin/../bin/pegasus-kickstart  -n pegasus::transfer -N null -i - -R local  -L casa-wind-full -T 2023-09-08T07:29:05+00:00 /home/poseidon/pegasus-5.1.0panorama/bin/../bin/pegasus-transfer  --threads 2,0.9,0,0,,,,,,,,,
point_alert_ID0000045,None,compute,0,1694448933.0,,,1694448938.0,1694448941.0,1694448952.0,29563269.5,1694448939.0,1694448968.0,1694448957.0,1694448960.0,6747.0,1694448968.0,1694448974.0,5.0,,1.0,29.0,6.0,11.0,176636096.0,3.0,20798.0,poseidon,condorpool,poseidon-worker-2-container-44-47,point_alert,/opt/pointAlert/pointAlert,,0.0,0,0,,,,,,,,,
point_alert_ID0000075,None,compute,0,1694448933.0,,,1694448938.0,1694448941.0,1694448952.0,29621664.5,1694448939.0,1694448968.0,1694448957.0,1694448960.0,6627.0,1694448968.0,1694448974.0,5.0,,1.0,29.0,6.0,11.0,176646838.0,3.0,20558.0,poseidon,condorpool,poseidon-worker-1-container-16-19,point_alert,/opt/pointAlert/pointAlert,,0.0,0,0,,,,,,,,,
point_alert_ID0000080,None,compute,0,1694448933.0,,,1694448938.0,1694448941.0,1694448952.0,29607566.5,1694448939.0,1694448968.0,1694448957.0,1694448960.0,6673.0,1694448968.0,1694448974.0,5.0,,1.0,29.0,6.0,11.0,176653320.0,3.0,20718.0,poseidon,condorpool,poseidon-worker-1-container-20-23,point_alert,/opt/pointAlert/pointAlert,,0.0,0,0,,,,,,,,,
point_alert_ID0000015,None,compute,0,1694448933.0,,,1694448938.0,1694448941.0,1694448951.0,29571555.0,1694448939.0,1694448968.0,1694448957.0,1694448960.0,6682.0,1694448968.0,1694448974.0,5.0,,1.0,29.0,6.0,10.0,176639974.0,3.0,20558.0,poseidon,condorpool,poseidon-worker-2-container-28-31,point_alert,/opt/pointAlert/pointAlert,,0.0,0,0,,,,,,,,,
point_alert_ID0000035,None,compute,0,1694448938.0,,,1694448943.0,1694448946.0,1694448957.0,29562317.5,1694448944.0,1694448974.0,1694448962.0,1694448965.0,6536.0,1694448974.0,1694448979.0,5.0,,1.0,30.0,5.0,11.0,176638959.0,3.0,20078.0,poseidon,condorpool,poseidon-worker-1-container-44-47,point_alert,/opt/pointAlert/pointAlert,,0.0,0,0,,,,,,,,,
register_condorpool_2_2,None,auxiliary,0,1694448943.0,,,1694448948.0,,,0.0,1694448949.0,1694448953.0,,,0.0,1694448953.0,1694448958.0,5.0,,1.0,4.0,5.0,,,,,poseidon,local,poseidon-submit,pegasus::rc-client,/mnt/poseidon-data/poseidon/pegasus-5.1.0panorama/bin/pegasus-rc-client,"-n pegasus::rc-client -N null -R local  -L casa-wind-full -T 2023-09-08T07:29:05+00:00 /home/poseidon/pegasus-5.1.0panorama/bin/pegasus-rc-client --prefix pegasus.catalog.replica.output --conf /mnt/poseidon-data/poseidon/workflows/casa-wind-workflow-full/submit/poseidon/pegasus/casa-wind-full/run0354/pegasus.9307012118331776650.properties -v --meta /mnt/poseidon-data/poseidon/workflows/casa-wind-workflow-full/submit/poseidon/pegasus/casa-wind-full/run0354/00/01/mvt_ID0000019.meta,/mnt/poseidon-data/poseidon/workflows/casa-wind-workflow-full/submit/poseidon/pegasus/casa-wind-full/run0354/00/01/mvt_ID0000099.meta,/mnt/poseidon-data/poseidon/workflows/casa-wind-workflow-full/submit/poseidon/pegasus/casa-wind-full/run0354/00/01/post_vel_ID0000008.meta,/mnt/poseidon-data/poseidon/workflows/casa-wind-workflow-full/submit/poseidon/pegasus/casa-wind-full/run0354/00/02/mvt_ID0000039.meta,/mnt/poseidon-data/poseidon/workflows/casa-wind-workflow-full/submit/poseidon/pegasus/casa-wind-full/run0354/00/02/mvt_ID0000049.meta,/mnt/poseidon-data/poseidon/workflows/casa-wind-workflow-full/submit/poseidon/pegasus/casa-wind-full/run0354/00/02/post_vel_ID0000073.meta,/mnt/poseidon-data/poseidon/workflows/casa-wind-workflow-full/submit/poseidon/pegasus/casa-wind-full/run0354/00/01/post_vel_ID0000088.meta,/mnt/poseidon-data/poseidon/workflows/casa-wind-workflow-full/submit/poseidon/pegasus/casa-wind-full/run0354/00/02/mvt_ID0000104.meta,/mnt/poseidon-data/poseidon/workflows/casa-wind-workflow-full/submit/poseidon/pegasus/casa-wind-full/run0354/00/01/post_vel_ID0000083.meta --insert /mnt/poseidon-data/poseidon/workflows/casa-wind-workflow-full/submit/poseidon/pegasus/casa-wind-full/run0354/00/02/register_condorpool_2_2.in",2.8,0,0,,,,,,,,,
point_alert_ID0000025,None,compute,0,1694448943.0,,,1694448948.0,1694448951.0,1694448962.0,29608704.0,1694448950.0,1694448979.0,1694448967.0,1694448971.0,6519.0,1694448979.0,1694448984.0,5.0,,2.0,29.0,5.0,11.0,176638688.0,4.0,20078.0,poseidon,condorpool,poseidon-worker-1-container-40-43,point_alert,/opt/pointAlert/pointAlert,,0.0,0,0,,,,,,,,,
point_alert_ID0000065,None,compute,0,1694448943.0,,,1694448948.0,1694448951.0,1694448962.0,29627256.5,1694448950.0,1694448979.0,1694448967.0,1694448971.0,6550.0,1694448979.0,1694448984.0,5.0,,2.0,29.0,5.0,11.0,176639131.0,4.0,20238.0,poseidon,condorpool,poseidon-worker-1-container-8-11,point_alert,/opt/pointAlert/pointAlert,,0.0,0,0,,,,,,,,,
stage_out_local_condorpool_2_5,None,transfer,0,1694448948.0,,,1694448953.0,,,0.0,1694448953.0,1694448958.0,,,0.0,1694448958.0,1694448963.0,5.0,,0.0,5.0,5.0,,,,,poseidon,local,poseidon-submit,pegasus::transfer,/mnt/poseidon-data/poseidon/pegasus-5.1.0panorama/bin/pegasus-transfer,/home/poseidon/pegasus-5.1.0panorama/bin/../bin/pegasus-kickstart  -n pegasus::transfer -N null -i - -R local  -L casa-wind-full -T 2023-09-08T07:29:05+00:00 /home/poseidon/pegasus-5.1.0panorama/bin/../bin/pegasus-transfer  --threads 2,0.8,0,0,,,,,,,,,
point_alert_ID0000115,cpu_3,compute,0,1694448948.0,,,1694448953.0,1694448958.0,1694448969.0,33543602.4,1694448954.0,1694448984.0,1694448974.0,1694448977.0,7016.0,1694448984.0,1694448989.0,5.0,,1.0,30.0,5.0,11.0,176681217.0,3.0,21598.0,poseidon,condorpool,poseidon-worker-2-container-36-39,point_alert,/opt/pointAlert/pointAlert,,0.0,0,0,,,,,,,,,
register_condorpool_2_3,None,auxiliary,0,1694448948.0,,,1694448958.0,,,0.0,1694448958.0,1694448963.0,,,0.0,1694448963.0,1694448968.0,10.0,,0.0,5.0,5.0,,,,,poseidon,local,poseidon-submit,pegasus::rc-client,/mnt/poseidon-data/poseidon/pegasus-5.1.0panorama/bin/pegasus-rc-client,"-n pegasus::rc-client -N null -R local  -L casa-wind-full -T 2023-09-08T07:29:05+00:00 /home/poseidon/pegasus-5.1.0panorama/bin/pegasus-rc-client --prefix pegasus.catalog.replica.output --conf /mnt/poseidon-data/poseidon/workflows/casa-wind-workflow-full/submit/poseidon/pegasus/casa-wind-full/run0354/pegasus.9307012118331776650.properties -v --meta /mnt/poseidon-data/poseidon/workflows/casa-wind-workflow-full/submit/poseidon/pegasus/casa-wind-full/run0354/00/01/mvt_ID0000084.meta,/mnt/poseidon-data/poseidon/workflows/casa-wind-workflow-full/submit/poseidon/pegasus/casa-wind-full/run0354/00/02/post_vel_ID0000038.meta,/mnt/poseidon-data/poseidon/workflows/casa-wind-workflow-full/submit/poseidon/pegasus/casa-wind-full/run0354/00/01/mvt_ID0000009.meta,/mnt/poseidon-data/poseidon/workflows/casa-wind-workflow-full/submit/poseidon/pegasus/casa-wind-full/run0354/00/01/post_vel_ID0000098.meta,/mnt/poseidon-data/poseidon/workflows/casa-wind-workflow-full/submit/poseidon/pegasus/casa-wind-full/run0354/00/02/mvt_ID0000074.meta,/mnt/poseidon-data/poseidon/workflows/casa-wind-workflow-full/submit/poseidon/pegasus/casa-wind-full/run0354/00/02/post_vel_ID0000048.meta,/mnt/poseidon-data/poseidon/workflows/casa-wind-workflow-full/submit/poseidon/pegasus/casa-wind-full/run0354/00/01/mvt_ID0000089.meta,/mnt/poseidon-data/poseidon/workflows/casa-wind-workflow-full/submit/poseidon/pegasus/casa-wind-full/run0354/00/01/post_vel_ID0000018.meta,/mnt/poseidon-data/poseidon/workflows/casa-wind-workflow-full/submit/poseidon/pegasus/casa-wind-full/run0354/00/02/post_vel_ID0000103.meta --insert /mnt/poseidon-data/poseidon/workflows/casa-wind-workflow-full/submit/poseidon/pegasus/casa-wind-full/run0354/00/02/register_condorpool_2_3.in",2.7,0,0,,,,,,,,,
register_condorpool_2_0,None,auxiliary,0,1694448948.0,,,1694448968.0,,,0.0,1694448969.0,1694448974.0,,,0.0,1694448974.0,1694448979.0,20.0,,1.0,5.0,5.0,,,,,poseidon,local,poseidon-submit,pegasus::rc-client,/mnt/poseidon-data/poseidon/pegasus-5.1.0panorama/bin/pegasus-rc-client,"-n pegasus::rc-client -N null -R local  -L casa-wind-full -T 2023-09-08T07:29:05+00:00 /home/poseidon/pegasus-5.1.0panorama/bin/pegasus-rc-client --prefix pegasus.catalog.replica.output --conf /mnt/poseidon-data/poseidon/workflows/casa-wind-workflow-full/submit/poseidon/pegasus/casa-wind-full/run0354/pegasus.9307012118331776650.properties -v --meta /mnt/poseidon-data/poseidon/workflows/casa-wind-workflow-full/submit/poseidon/pegasus/casa-wind-full/run0354/00/02/mvt_ID0000044.meta,/mnt/poseidon-data/poseidon/workflows/casa-wind-workflow-full/submit/poseidon/pegasus/casa-wind-full/run0354/00/01/post_vel_ID0000068.meta,/mnt/poseidon-data/poseidon/workflows/casa-wind-workflow-full/submit/poseidon/pegasus/casa-wind-full/run0354/00/01/mvt_ID0000129.meta,/mnt/poseidon-data/poseidon/workflows/casa-wind-workflow-full/submit/poseidon/pegasus/casa-wind-full/run0354/00/02/post_vel_ID0000058.meta,/mnt/poseidon-data/poseidon/workflows/casa-wind-workflow-full/submit/poseidon/pegasus/casa-wind-full/run0354/00/01/mvt_ID0000029.meta,/mnt/poseidon-data/poseidon/workflows/casa-wind-workflow-full/submit/poseidon/pegasus/casa-wind-full/run0354/00/02/post_vel_ID0000078.meta,/mnt/poseidon-data/poseidon/workflows/casa-wind-workflow-full/submit/poseidon/pegasus/casa-wind-full/run0354/00/01/post_vel_ID0000123.meta,/mnt/poseidon-data/poseidon/workflows/casa-wind-workflow-full/submit/poseidon/pegasus/casa-wind-full/run0354/00/01/post_vel_ID0000023.meta,/mnt/poseidon-data/poseidon/workflows/casa-wind-workflow-full/submit/poseidon/pegasus/casa-wind-full/run0354/00/01/post_vel_ID0000093.meta --insert /mnt/poseidon-data/poseidon/workflows/casa-wind-workflow-full/submit/poseidon/pegasus/casa-wind-full/run0354/00/02/register_condorpool_2_0.in",2.6,0,0,,,,,,,,,
register_condorpool_2_5,None,auxiliary,0,1694448963.0,,,1694448979.0,,,0.0,1694448979.0,1694448984.0,,,0.0,1694448984.0,1694448989.0,16.0,,0.0,5.0,5.0,,,,,poseidon,local,poseidon-submit,pegasus::rc-client,/mnt/poseidon-data/poseidon/pegasus-5.1.0panorama/bin/pegasus-rc-client,"-n pegasus::rc-client -N null -R local  -L casa-wind-full -T 2023-09-08T07:29:05+00:00 /home/poseidon/pegasus-5.1.0panorama/bin/pegasus-rc-client --prefix pegasus.catalog.replica.output --conf /mnt/poseidon-data/poseidon/workflows/casa-wind-workflow-full/submit/poseidon/pegasus/casa-wind-full/run0354/pegasus.9307012118331776650.properties -v --meta /mnt/poseidon-data/poseidon/workflows/casa-wind-workflow-full/submit/poseidon/pegasus/casa-wind-full/run0354/00/01/mvt_ID0000004.meta,/mnt/poseidon-data/poseidon/workflows/casa-wind-workflow-full/submit/poseidon/pegasus/casa-wind-full/run0354/00/02/mvt_ID0000109.meta,/mnt/poseidon-data/poseidon/workflows/casa-wind-workflow-full/submit/poseidon/pegasus/casa-wind-full/run0354/00/01/mvt_ID0000014.meta,/mnt/poseidon-data/poseidon/workflows/casa-wind-workflow-full/submit/poseidon/pegasus/casa-wind-full/run0354/00/01/mvt_ID0000064.meta,/mnt/poseidon-data/poseidon/workflows/casa-wind-workflow-full/submit/poseidon/pegasus/casa-wind-full/run0354/00/01/mvt_ID0000034.meta,/mnt/poseidon-data/poseidon/workflows/casa-wind-workflow-full/submit/poseidon/pegasus/casa-wind-full/run0354/00/01/mvt_ID0000119.meta,/mnt/poseidon-data/poseidon/workflows/casa-wind-workflow-full/submit/poseidon/pegasus/casa-wind-full/run0354/00/02/mvt_ID0000114.meta,/mnt/poseidon-data/poseidon/workflows/casa-wind-workflow-full/submit/poseidon/pegasus/casa-wind-full/run0354/00/02/post_vel_ID0000053.meta --insert /mnt/poseidon-data/poseidon/workflows/casa-wind-workflow-full/submit/poseidon/pegasus/casa-wind-full/run0354/00/02/register_condorpool_2_5.in",2.7,0,0,,,,,,,,,
point_alert_ID0000060,None,compute,0,1694448968.0,,,1694448974.0,1694448976.0,1694448987.0,29582697.0,1694448975.0,1694449004.0,1694448992.0,1694448995.0,6644.0,1694449004.0,1694449009.0,6.0,,1.0,29.0,5.0,11.0,176636147.0,3.0,20878.0,poseidon,condorpool,poseidon-worker-1-container-44-47,point_alert,/opt/pointAlert/pointAlert,,0.0,0,0,,,,,,,,,
stage_out_local_condorpool_2_1,None,transfer,0,1694448968.0,,,1694448974.0,,,0.0,1694448974.0,1694448979.0,,,0.0,1694448979.0,1694448984.0,6.0,,0.0,5.0,5.0,,,,,poseidon,local,poseidon-submit,pegasus::transfer,/mnt/poseidon-data/poseidon/pegasus-5.1.0panorama/bin/pegasus-transfer,/home/poseidon/pegasus-5.1.0panorama/bin/../bin/pegasus-kickstart  -n pegasus::transfer -N null -i - -R local  -L casa-wind-full -T 2023-09-08T07:29:05+00:00 /home/poseidon/pegasus-5.1.0panorama/bin/../bin/pegasus-transfer  --threads 2,0.9,0,0,,,,,,,,,
stage_out_local_condorpool_3_1,None,transfer,0,1694448974.0,,,1694448979.0,,,0.0,1694448979.0,1694448984.0,,,0.0,1694448984.0,1694448989.0,5.0,,0.0,5.0,5.0,,,,,poseidon,local,poseidon-submit,pegasus::transfer,/mnt/poseidon-data/poseidon/pegasus-5.1.0panorama/bin/pegasus-transfer,/home/poseidon/pegasus-5.1.0panorama/bin/../bin/pegasus-kickstart  -n pegasus::transfer -N null -i - -R local  -L casa-wind-full -T 2023-09-08T07:29:05+00:00 /home/poseidon/pegasus-5.1.0panorama/bin/../bin/pegasus-transfer  --threads 2,0.9,0,0,,,,,,,,,
stage_out_local_condorpool_2_4,None,transfer,0,1694448979.0,,,1694448984.0,,,0.0,1694448984.0,1694448989.0,,,0.0,1694448989.0,1694448994.0,5.0,,0.0,5.0,5.0,,,,,poseidon,local,poseidon-submit,pegasus::transfer,/mnt/poseidon-data/poseidon/pegasus-5.1.0panorama/bin/pegasus-transfer,/home/poseidon/pegasus-5.1.0panorama/bin/../bin/pegasus-kickstart  -n pegasus::transfer -N null -i - -R local  -L casa-wind-full -T 2023-09-08T07:29:05+00:00 /home/poseidon/pegasus-5.1.0panorama/bin/../bin/pegasus-transfer  --threads 2,0.8,0,0,,,,,,,,,
point_alert_ID0000055,None,compute,0,1694448979.0,,,1694448984.0,1694448987.0,1694448997.0,29686438.0,1694448985.0,1694449014.0,1694449003.0,1694449006.0,6699.0,1694449014.0,1694449019.0,5.0,,1.0,29.0,5.0,10.0,176636535.0,3.0,20638.0,poseidon,condorpool,poseidon-worker-2-container-44-47,point_alert,/opt/pointAlert/pointAlert,,0.0,0,0,,,,,,,,,
register_condorpool_2_1,None,auxiliary,0,1694448984.0,,,1694448989.0,,,0.0,1694448990.0,1694448994.0,,,0.0,1694448994.0,1694448999.0,5.0,,1.0,4.0,5.0,,,,,poseidon,local,poseidon-submit,pegasus::rc-client,/mnt/poseidon-data/poseidon/pegasus-5.1.0panorama/bin/pegasus-rc-client,"-n pegasus::rc-client -N null -R local  -L casa-wind-full -T 2023-09-08T07:29:05+00:00 /home/poseidon/pegasus-5.1.0panorama/bin/pegasus-rc-client --prefix pegasus.catalog.replica.output --conf /mnt/poseidon-data/poseidon/workflows/casa-wind-workflow-full/submit/poseidon/pegasus/casa-wind-full/run0354/pegasus.9307012118331776650.properties -v --meta /mnt/poseidon-data/poseidon/workflows/casa-wind-workflow-full/submit/poseidon/pegasus/casa-wind-full/run0354/00/01/mvt_ID0000124.meta,/mnt/poseidon-data/poseidon/workflows/casa-wind-workflow-full/submit/poseidon/pegasus/casa-wind-full/run0354/00/01/mvt_ID0000094.meta,/mnt/poseidon-data/poseidon/workflows/casa-wind-workflow-full/submit/poseidon/pegasus/casa-wind-full/run0354/00/02/mvt_ID0000059.meta,/mnt/poseidon-data/poseidon/workflows/casa-wind-workflow-full/submit/poseidon/pegasus/casa-wind-full/run0354/00/02/mvt_ID0000079.meta,/mnt/poseidon-data/poseidon/workflows/casa-wind-workflow-full/submit/poseidon/pegasus/casa-wind-full/run0354/00/01/mvt_ID0000024.meta,/mnt/poseidon-data/poseidon/workflows/casa-wind-workflow-full/submit/poseidon/pegasus/casa-wind-full/run0354/00/01/post_vel_ID0000028.meta,/mnt/poseidon-data/poseidon/workflows/casa-wind-workflow-full/submit/poseidon/pegasus/casa-wind-full/run0354/00/01/post_vel_ID0000128.meta,/mnt/poseidon-data/poseidon/workflows/casa-wind-workflow-full/submit/poseidon/pegasus/casa-wind-full/run0354/00/02/post_vel_ID0000043.meta,/mnt/poseidon-data/poseidon/workflows/casa-wind-workflow-full/submit/poseidon/pegasus/casa-wind-full/run0354/00/01/mvt_ID0000069.meta --insert /mnt/poseidon-data/poseidon/workflows/casa-wind-workflow-full/submit/poseidon/pegasus/casa-wind-full/run0354/00/02/register_condorpool_2_1.in",2.7,0,0,,,,,,,,,
register_condorpool_3_1,None,auxiliary,0,1694448989.0,,,1694448999.0,,,0.0,1694448999.0,1694449004.0,,,0.0,1694449004.0,1694449009.0,10.0,,0.0,5.0,5.0,,,,,poseidon,local,poseidon-submit,pegasus::rc-client,/mnt/poseidon-data/poseidon/pegasus-5.1.0panorama/bin/pegasus-rc-client,"-n pegasus::rc-client -N null -R local  -L casa-wind-full -T 2023-09-08T07:29:05+00:00 /home/poseidon/pegasus-5.1.0panorama/bin/pegasus-rc-client --prefix pegasus.catalog.replica.output --conf /mnt/poseidon-data/poseidon/workflows/casa-wind-workflow-full/submit/poseidon/pegasus/casa-wind-full/run0354/pegasus.9307012118331776650.properties -v --meta /mnt/poseidon-data/poseidon/workflows/casa-wind-workflow-full/submit/poseidon/pegasus/casa-wind-full/run0354/00/02/point_alert_ID0000020.meta,/mnt/poseidon-data/poseidon/workflows/casa-wind-workflow-full/submit/poseidon/pegasus/casa-wind-full/run0354/00/03/point_alert_ID0000040.meta,/mnt/poseidon-data/poseidon/workflows/casa-wind-workflow-full/submit/poseidon/pegasus/casa-wind-full/run0354/00/03/point_alert_ID0000050.meta,/mnt/poseidon-data/poseidon/workflows/casa-wind-workflow-full/submit/poseidon/pegasus/casa-wind-full/run0354/00/03/point_alert_ID0000105.meta,/mnt/poseidon-data/poseidon/workflows/casa-wind-workflow-full/submit/poseidon/pegasus/casa-wind-full/run0354/00/02/point_alert_ID0000100.meta,/mnt/poseidon-data/poseidon/workflows/casa-wind-workflow-full/submit/poseidon/pegasus/casa-wind-full/run0354/00/02/point_alert_ID0000085.meta,/mnt/poseidon-data/poseidon/workflows/casa-wind-workflow-full/submit/poseidon/pegasus/casa-wind-full/run0354/00/02/point_alert_ID0000010.meta,/mnt/poseidon-data/poseidon/workflows/casa-wind-workflow-full/submit/poseidon/pegasus/casa-wind-full/run0354/00/02/point_alert_ID0000075.meta,/mnt/poseidon-data/poseidon/workflows/casa-wind-workflow-full/submit/poseidon/pegasus/casa-wind-full/run0354/00/02/point_alert_ID0000090.meta --insert /mnt/poseidon-data/poseidon/workflows/casa-wind-workflow-full/submit/poseidon/pegasus/casa-wind-full/run0354/00/03/register_condorpool_3_1.in",2.7,0,0,,,,,,,,,
register_condorpool_2_4,None,auxiliary,0,1694448994.0,,,1694449009.0,,,0.0,1694449009.0,1694449014.0,,,0.0,1694449014.0,1694449019.0,15.0,,0.0,5.0,5.0,,,,,poseidon,local,poseidon-submit,pegasus::rc-client,/mnt/poseidon-data/poseidon/pegasus-5.1.0panorama/bin/pegasus-rc-client,"-n pegasus::rc-client -N null -R local  -L casa-wind-full -T 2023-09-08T07:29:05+00:00 /home/poseidon/pegasus-5.1.0panorama/bin/pegasus-rc-client --prefix pegasus.catalog.replica.output --conf /mnt/poseidon-data/poseidon/workflows/casa-wind-workflow-full/submit/poseidon/pegasus/casa-wind-full/run0354/pegasus.9307012118331776650.properties -v --meta /mnt/poseidon-data/poseidon/workflows/casa-wind-workflow-full/submit/poseidon/pegasus/casa-wind-full/run0354/00/02/post_vel_ID0000113.meta,/mnt/poseidon-data/poseidon/workflows/casa-wind-workflow-full/submit/poseidon/pegasus/casa-wind-full/run0354/00/02/mvt_ID0000054.meta,/mnt/poseidon-data/poseidon/workflows/casa-wind-workflow-full/submit/poseidon/pegasus/casa-wind-full/run0354/00/01/post_vel_ID0000013.meta,/mnt/poseidon-data/poseidon/workflows/casa-wind-workflow-full/submit/poseidon/pegasus/casa-wind-full/run0354/00/01/post_vel_ID0000063.meta,/mnt/poseidon-data/poseidon/workflows/casa-wind-workflow-full/submit/poseidon/pegasus/casa-wind-full/run0354/00/01/post_vel_ID0000033.meta,/mnt/poseidon-data/poseidon/workflows/casa-wind-workflow-full/submit/poseidon/pegasus/casa-wind-full/run0354/00/02/post_vel_ID0000108.meta,/mnt/poseidon-data/poseidon/workflows/casa-wind-workflow-full/submit/poseidon/pegasus/casa-wind-full/run0354/00/01/post_vel_ID0000003.meta,/mnt/poseidon-data/poseidon/workflows/casa-wind-workflow-full/submit/poseidon/pegasus/casa-wind-full/run0354/00/01/post_vel_ID0000118.meta --insert /mnt/poseidon-data/poseidon/workflows/casa-wind-workflow-full/submit/poseidon/pegasus/casa-wind-full/run0354/00/02/register_condorpool_2_4.in",2.7,0,0,,,,,,,,,
stage_out_local_condorpool_3_0,None,transfer,0,1694449009.0,,,1694449014.0,,,0.0,1694449014.0,1694449019.0,,,0.0,1694449019.0,1694449024.0,5.0,,0.0,5.0,5.0,,,,,poseidon,local,poseidon-submit,pegasus::transfer,/mnt/poseidon-data/poseidon/pegasus-5.1.0panorama/bin/pegasus-transfer,/home/poseidon/pegasus-5.1.0panorama/bin/../bin/pegasus-kickstart  -n pegasus::transfer -N null -i - -R local  -L casa-wind-full -T 2023-09-08T07:29:05+00:00 /home/poseidon/pegasus-5.1.0panorama/bin/../bin/pegasus-transfer  --threads 2,0.9,0,0,,,,,,,,,
stage_out_local_condorpool_3_2,None,transfer,0,1694449019.0,,,1694449024.0,,,0.0,1694449025.0,1694449029.0,,,0.0,1694449029.0,1694449034.0,5.0,,1.0,4.0,5.0,,,,,poseidon,local,poseidon-submit,pegasus::transfer,/mnt/poseidon-data/poseidon/pegasus-5.1.0panorama/bin/pegasus-transfer,/home/poseidon/pegasus-5.1.0panorama/bin/../bin/pegasus-kickstart  -n pegasus::transfer -N null -i - -R local  -L casa-wind-full -T 2023-09-08T07:29:05+00:00 /home/poseidon/pegasus-5.1.0panorama/bin/../bin/pegasus-transfer  --threads 2,0.8,0,0,,,,,,,,,
register_condorpool_3_0,None,auxiliary,0,1694449024.0,,,1694449029.0,,,0.0,1694449030.0,1694449034.0,,,0.0,1694449034.0,1694449039.0,5.0,,1.0,4.0,5.0,,,,,poseidon,local,poseidon-submit,pegasus::rc-client,/mnt/poseidon-data/poseidon/pegasus-5.1.0panorama/bin/pegasus-rc-client,"-n pegasus::rc-client -N null -R local  -L casa-wind-full -T 2023-09-08T07:29:05+00:00 /home/poseidon/pegasus-5.1.0panorama/bin/pegasus-rc-client --prefix pegasus.catalog.replica.output --conf /mnt/poseidon-data/poseidon/workflows/casa-wind-workflow-full/submit/poseidon/pegasus/casa-wind-full/run0354/pegasus.9307012118331776650.properties -v --meta /mnt/poseidon-data/poseidon/workflows/casa-wind-workflow-full/submit/poseidon/pegasus/casa-wind-full/run0354/00/02/point_alert_ID0000070.meta,/mnt/poseidon-data/poseidon/workflows/casa-wind-workflow-full/submit/poseidon/pegasus/casa-wind-full/run0354/00/02/point_alert_ID0000095.meta,/mnt/poseidon-data/poseidon/workflows/casa-wind-workflow-full/submit/poseidon/pegasus/casa-wind-full/run0354/00/02/point_alert_ID0000025.meta,/mnt/poseidon-data/poseidon/workflows/casa-wind-workflow-full/submit/poseidon/pegasus/casa-wind-full/run0354/00/02/point_alert_ID0000125.meta,/mnt/poseidon-data/poseidon/workflows/casa-wind-workflow-full/submit/poseidon/pegasus/casa-wind-full/run0354/00/02/point_alert_ID0000080.meta,/mnt/poseidon-data/poseidon/workflows/casa-wind-workflow-full/submit/poseidon/pegasus/casa-wind-full/run0354/00/02/point_alert_ID0000130.meta,/mnt/poseidon-data/poseidon/workflows/casa-wind-workflow-full/submit/poseidon/pegasus/casa-wind-full/run0354/00/03/point_alert_ID0000060.meta,/mnt/poseidon-data/poseidon/workflows/casa-wind-workflow-full/submit/poseidon/pegasus/casa-wind-full/run0354/00/02/point_alert_ID0000030.meta,/mnt/poseidon-data/poseidon/workflows/casa-wind-workflow-full/submit/poseidon/pegasus/casa-wind-full/run0354/00/03/point_alert_ID0000045.meta --insert /mnt/poseidon-data/poseidon/workflows/casa-wind-workflow-full/submit/poseidon/pegasus/casa-wind-full/run0354/00/03/register_condorpool_3_0.in",2.6,0,0,,,,,,,,,
register_condorpool_3_2,None,auxiliary,0,1694449034.0,,,1694449039.0,,,0.0,1694449039.0,1694449044.0,,,0.0,1694449044.0,1694449049.0,5.0,,0.0,5.0,5.0,,,,,poseidon,local,poseidon-submit,pegasus::rc-client,/mnt/poseidon-data/poseidon/pegasus-5.1.0panorama/bin/pegasus-rc-client,"-n pegasus::rc-client -N null -R local  -L casa-wind-full -T 2023-09-08T07:29:05+00:00 /home/poseidon/pegasus-5.1.0panorama/bin/pegasus-rc-client --prefix pegasus.catalog.replica.output --conf /mnt/poseidon-data/poseidon/workflows/casa-wind-workflow-full/submit/poseidon/pegasus/casa-wind-full/run0354/pegasus.9307012118331776650.properties -v --meta /mnt/poseidon-data/poseidon/workflows/casa-wind-workflow-full/submit/poseidon/pegasus/casa-wind-full/run0354/00/02/point_alert_ID0000120.meta,/mnt/poseidon-data/poseidon/workflows/casa-wind-workflow-full/submit/poseidon/pegasus/casa-wind-full/run0354/00/02/point_alert_ID0000015.meta,/mnt/poseidon-data/poseidon/workflows/casa-wind-workflow-full/submit/poseidon/pegasus/casa-wind-full/run0354/00/02/point_alert_ID0000005.meta,/mnt/poseidon-data/poseidon/workflows/casa-wind-workflow-full/submit/poseidon/pegasus/casa-wind-full/run0354/00/02/point_alert_ID0000035.meta,/mnt/poseidon-data/poseidon/workflows/casa-wind-workflow-full/submit/poseidon/pegasus/casa-wind-full/run0354/00/03/point_alert_ID0000055.meta,/mnt/poseidon-data/poseidon/workflows/casa-wind-workflow-full/submit/poseidon/pegasus/casa-wind-full/run0354/00/02/point_alert_ID0000065.meta,/mnt/poseidon-data/poseidon/workflows/casa-wind-workflow-full/submit/poseidon/pegasus/casa-wind-full/run0354/00/02/point_alert_ID0000115.meta,/mnt/poseidon-data/poseidon/workflows/casa-wind-workflow-full/submit/poseidon/pegasus/casa-wind-full/run0354/00/03/point_alert_ID0000110.meta --insert /mnt/poseidon-data/poseidon/workflows/casa-wind-workflow-full/submit/poseidon/pegasus/casa-wind-full/run0354/00/03/register_condorpool_3_2.in",2.6,0,0,,,,,,,,,
cleanup_casa-wind-full_0_condorpool,None,auxiliary,0,1694449034.0,,,1694449039.0,,,0.0,1694449039.0,1694449044.0,,,0.0,1694449044.0,1694449049.0,5.0,,0.0,5.0,5.0,,,,,poseidon,local,poseidon-submit,pegasus::cleanup,/mnt/poseidon-data/poseidon/pegasus-5.1.0panorama/bin/pegasus-transfer,pegasus-kickstart  -n pegasus::cleanup -N null -i - -R local  -L casa-wind-full -T 2023-09-08T07:29:05+00:00 pegasus-transfer,0.2,0,0,,,,,,,,,
