,anomaly_type,type,is_clustered,ready,pre_script_start,pre_script_end,submit,stage_in_start,stage_in_end,stage_in_effective_bytes_per_sec,execute_start,execute_end,stage_out_start,stage_out_end,stage_out_effective_bytes_per_sec,post_script_start,post_script_end,wms_delay,pre_script_delay,queue_delay,runtime,post_script_delay,stage_in_delay,stage_in_bytes,stage_out_delay,stage_out_bytes,kickstart_user,kickstart_site,kickstart_hostname,kickstart_transformations,kickstart_executables,kickstart_executables_argv,kickstart_executables_cpu_time,kickstart_status,kickstart_executables_exitcode,kickstart_online_iowait,kickstart_online_bytes_read,kickstart_online_bytes_written,kickstart_online_read_system_calls,kickstart_online_write_system_calls,kickstart_online_utime,kickstart_online_stime,kickstart_online_bytes_read_per_second,kickstart_online_bytes_written_per_second
create_dir_casa-wind-full_0_condorpool,None,auxiliary,0,1694399324.0,,,1694399325.0,,,0.0,1694399330.0,1694399335.0,,,0.0,1694399335.0,1694399340.0,1.0,,5.0,5.0,5.0,,,,,poseidon,local,poseidon-submit,pegasus::dirmanager,/mnt/poseidon-data/poseidon/pegasus-5.1.0panorama/bin/pegasus-transfer,pegasus-kickstart  -n pegasus::dirmanager -N null -i - -R local  -L casa-wind-full -T 2023-09-08T07:29:05+00:00 pegasus-transfer,0.2,0,0,,,,,,,,,
unzip_ID0000006,None,compute,0,1694399340.0,,,1694399345.0,1694399363.0,1694399372.0,26023510.0,1694399362.0,1694399415.0,1694399384.0,1694399406.0,22984283.0,1694399415.0,1694399420.0,5.0,,17.0,53.0,5.0,9.0,222753803.0,22.0,501616588.0,poseidon,condorpool,poseidon-worker-1-container-28-31,unzip,/usr/bin/gunzip,,3.9,0,0,,,,,,,,,
unzip_ID0000106,None,compute,0,1694399340.0,,,1694399345.0,1694399363.0,1694399371.0,28874963.0,1694399361.0,1694399410.0,1694399384.0,1694399401.0,29611608.0,1694399410.0,1694399415.0,5.0,,16.0,49.0,5.0,8.0,241199298.0,17.0,501821816.0,poseidon,condorpool,poseidon-worker-1-container-44-47,unzip,/usr/bin/gunzip,,4.1,0,0,,,,,,,,,
unzip_ID0000046,None,compute,0,1694399340.0,,,1694399345.0,1694399361.0,1694399369.0,28522250.0,1694399360.0,1694399405.0,1694399381.0,1694399395.0,37292639.0,1694399405.0,1694399410.0,5.0,,15.0,45.0,5.0,8.0,229692821.0,14.0,523855228.0,poseidon,condorpool,poseidon-worker-2-container-4-7,unzip,/usr/bin/gunzip,,4.0,0,0,,,,,,,,,
unzip_ID0000101,cpu_2,compute,0,1694399340.0,,,1694399345.0,1694399362.0,1694399370.0,28571859.0,1694399360.0,1694399415.0,1694399384.0,1694399406.0,25122841.0,1694399415.0,1694399420.0,5.0,,15.0,55.0,5.0,8.0,250988249.0,22.0,561551644.0,poseidon,condorpool,poseidon-worker-1-container-4-7,unzip,/usr/bin/gunzip,,4.4,0,0,,,,,,,,,
unzip_ID0000026,None,compute,0,1694399340.0,,,1694399345.0,1694399363.0,1694399371.0,26312937.0,1694399361.0,1694399410.0,1694399384.0,1694399401.0,31075590.0,1694399410.0,1694399415.0,5.0,,16.0,49.0,5.0,8.0,227963832.0,17.0,523917888.0,poseidon,condorpool,poseidon-worker-2-container-8-11,unzip,/usr/bin/gunzip,,4.0,0,0,,,,,,,,,
unzip_ID0000126,None,compute,0,1694399340.0,,,1694399345.0,1694399362.0,1694399371.0,27438014.0,1694399360.0,1694399410.0,1694399383.0,1694399400.0,31198879.0,1694399410.0,1694399415.0,5.0,,15.0,50.0,5.0,9.0,249343892.0,17.0,520618424.0,poseidon,condorpool,poseidon-worker-2-container-20-23,unzip,/usr/bin/gunzip,,4.2,0,0,,,,,,,,,
unzip_ID0000031,None,compute,0,1694399340.0,,,1694399345.0,1694399361.0,1694399369.0,29632070.0,1694399360.0,1694399400.0,1694399382.0,1694399395.0,42111544.0,1694399400.0,1694399405.0,5.0,,15.0,40.0,5.0,8.0,237517035.0,13.0,539438752.0,poseidon,condorpool,poseidon-worker-2-container-12-15,unzip,/usr/bin/gunzip,,4.0,0,0,,,,,,,,,
unzip_ID0000076,None,compute,0,1694399340.0,,,1694399345.0,1694399361.0,1694399370.0,26897262.0,1694399359.0,1694399400.0,1694399382.0,1694399393.0,49666355.0,1694399400.0,1694399405.0,5.0,,14.0,41.0,5.0,9.0,233747923.0,11.0,523942844.0,poseidon,condorpool,poseidon-worker-2-container-24-27,unzip,/usr/bin/gunzip,,4.1,0,0,,,,,,,,,
unzip_ID0000011,None,compute,0,1694399340.0,,,1694399345.0,1694399361.0,1694399371.0,24169819.0,1694399360.0,1694399410.0,1694399383.0,1694399401.0,31994953.0,1694399410.0,1694399415.0,5.0,,15.0,50.0,5.0,10.0,235998389.0,18.0,565205920.0,poseidon,condorpool,poseidon-worker-2-container-16-19,unzip,/usr/bin/gunzip,,4.2,0,0,,,,,,,,,
unzip_ID0000056,None,compute,0,1694399340.0,,,1694399345.0,1694399362.0,1694399370.0,29346666.0,1694399360.0,1694399405.0,1694399382.0,1694399399.0,32401502.0,1694399405.0,1694399410.0,5.0,,15.0,45.0,5.0,8.0,232139969.0,17.0,528026776.0,poseidon,condorpool,poseidon-worker-2-container-28-31,unzip,/usr/bin/gunzip,,4.1,0,0,,,,,,,,,
unzip_ID0000111,cpu_2,compute,0,1694399340.0,,,1694399345.0,1694399362.0,1694399371.0,27078489.0,1694399360.0,1694399410.0,1694399385.0,1694399404.0,30053389.0,1694399410.0,1694399415.0,5.0,,15.0,50.0,5.0,9.0,256320311.0,19.0,567950764.0,poseidon,condorpool,poseidon-worker-1-container-12-15,unzip,/usr/bin/gunzip,,4.4,0,0,,,,,,,,,
unzip_ID0000071,None,compute,0,1694399340.0,,,1694399345.0,1694399361.0,1694399371.0,25123722.0,1694399360.0,1694399410.0,1694399383.0,1694399400.0,31364841.0,1694399410.0,1694399415.0,5.0,,15.0,50.0,5.0,10.0,240896692.0,17.0,539506600.0,poseidon,condorpool,poseidon-worker-2-container-32-35,unzip,/usr/bin/gunzip,,4.2,0,0,,,,,,,,,
unzip_ID0000051,None,compute,0,1694399340.0,,,1694399345.0,1694399362.0,1694399371.0,26886633.0,1694399360.0,1694399410.0,1694399383.0,1694399400.0,33208641.0,1694399410.0,1694399415.0,5.0,,15.0,50.0,5.0,9.0,239630266.0,17.0,544301296.0,poseidon,condorpool,poseidon-worker-2-container-44-47,unzip,/usr/bin/gunzip,,4.2,0,0,,,,,,,,,
unzip_ID0000091,None,compute,0,1694399340.0,,,1694399345.0,1694399362.0,1694399370.0,30179023.0,1694399360.0,1694399410.0,1694399383.0,1694399400.0,30964713.0,1694399410.0,1694399415.0,5.0,,15.0,50.0,5.0,8.0,246447087.0,17.0,539109992.0,poseidon,condorpool,poseidon-worker-1-container-28-31,unzip,/usr/bin/gunzip,,4.2,0,0,,,,,,,,,
unzip_ID0000116,None,compute,0,1694399340.0,,,1694399345.0,1694399362.0,1694399371.0,27101536.0,1694399360.0,1694399410.0,1694399384.0,1694399401.0,30898398.0,1694399410.0,1694399415.0,5.0,,15.0,50.0,5.0,9.0,249255741.0,17.0,520850676.0,poseidon,condorpool,poseidon-worker-2-container-36-39,unzip,/usr/bin/gunzip,,4.2,0,0,,,,,,,,,
unzip_ID0000036,None,compute,0,1694399340.0,,,1694399345.0,1694399362.0,1694399370.0,27260647.0,1694399360.0,1694399405.0,1694399383.0,1694399395.0,41494588.0,1694399405.0,1694399410.0,5.0,,15.0,45.0,5.0,8.0,232020704.0,12.0,526952240.0,poseidon,condorpool,poseidon-worker-1-container-8-11,unzip,/usr/bin/gunzip,,4.1,0,0,,,,,,,,,
unzip_ID0000016,None,compute,0,1694399340.0,,,1694399345.0,1694399361.0,1694399368.0,34805720.0,1694399360.0,1694399395.0,1694399380.0,1694399388.0,59985886.0,1694399395.0,1694399400.0,5.0,,15.0,35.0,5.0,7.0,225238888.0,8.0,523826084.0,poseidon,condorpool,poseidon-worker-2-container-40-43,unzip,/usr/bin/gunzip,,3.8,0,0,,,,,,,,,
unzip_ID0000086,None,compute,0,1694399340.0,,,1694399345.0,1694399361.0,1694399370.0,27453512.0,1694399360.0,1694399400.0,1694399382.0,1694399392.0,53468709.0,1694399400.0,1694399405.0,5.0,,15.0,40.0,5.0,9.0,234836668.0,10.0,518838800.0,poseidon,condorpool,poseidon-worker-1-container-16-19,unzip,/usr/bin/gunzip,,4.1,0,0,,,,,,,,,
unzip_ID0000021,None,compute,0,1694399340.0,,,1694399345.0,1694399362.0,1694399372.0,22508302.0,1694399360.0,1694399415.0,1694399385.0,1694399407.0,24250582.0,1694399415.0,1694399420.0,5.0,,15.0,55.0,5.0,10.0,235136662.0,22.0,539178100.0,poseidon,condorpool,poseidon-worker-1-container-0-3,unzip,/usr/bin/gunzip,,4.2,0,0,,,,,,,,,
unzip_ID0000066,None,compute,0,1694399340.0,,,1694399345.0,1694399361.0,1694399371.0,24045827.0,1694399359.0,1694399405.0,1694399383.0,1694399397.0,38521408.0,1694399405.0,1694399410.0,5.0,,14.0,46.0,5.0,10.0,232031705.0,14.0,523661496.0,poseidon,condorpool,poseidon-worker-1-container-20-23,unzip,/usr/bin/gunzip,,4.1,0,0,,,,,,,,,
unzip_ID0000121,None,compute,0,1694399340.0,,,1694399345.0,1694399361.0,1694399371.0,25445869.0,1694399359.0,1694399410.0,1694399384.0,1694399404.0,27374887.0,1694399410.0,1694399415.0,5.0,,14.0,51.0,5.0,10.0,250860096.0,20.0,550782944.0,poseidon,condorpool,poseidon-worker-1-container-32-35,unzip,/usr/bin/gunzip,,4.3,0,0,,,,,,,,,
unzip_ID0000001,cpu_2,compute,0,1694399340.0,,,1694399345.0,1694399361.0,1694399369.0,32061869.0,1694399360.0,1694399405.0,1694399381.0,1694399396.0,38298611.0,1694399405.0,1694399410.0,5.0,,15.0,45.0,5.0,8.0,232473216.0,15.0,561354992.0,poseidon,condorpool,poseidon-worker-1-container-36-39,unzip,/usr/bin/gunzip,,4.1,0,0,,,,,,,,,
unzip_ID0000061,cpu_2,compute,0,1694399340.0,,,1694399345.0,1694399362.0,1694399372.0,23511987.0,1694399360.0,1694399410.0,1694399385.0,1694399404.0,28386728.0,1694399410.0,1694399415.0,5.0,,15.0,50.0,5.0,10.0,240463185.0,19.0,541945820.0,poseidon,condorpool,poseidon-worker-1-container-40-43,unzip,/usr/bin/gunzip,,4.2,0,0,,,,,,,,,
unzip_ID0000041,None,compute,0,1694399340.0,,,1694399345.0,1694399361.0,1694399370.0,26869270.0,1694399360.0,1694399400.0,1694399383.0,1694399394.0,45219936.0,1694399400.0,1694399405.0,5.0,,15.0,40.0,5.0,9.0,238944758.0,11.0,540768928.0,poseidon,condorpool,poseidon-worker-2-container-0-3,unzip,/usr/bin/gunzip,,4.2,0,0,,,,,,,,,
unzip_ID0000081,None,compute,0,1694399340.0,,,1694399345.0,1694399362.0,1694399370.0,29846155.0,1694399360.0,1694399410.0,1694399383.0,1694399399.0,32331576.0,1694399410.0,1694399415.0,5.0,,15.0,50.0,5.0,8.0,245619741.0,16.0,543190672.0,poseidon,condorpool,poseidon-worker-1-container-44-47,unzip,/usr/bin/gunzip,,4.2,0,0,,,,,,,,,
unzip_ID0000096,cpu_2,compute,0,1694399340.0,,,1694399345.0,1694399361.0,1694399370.0,27660567.0,1694399360.0,1694399405.0,1694399383.0,1694399396.0,38521556.0,1694399405.0,1694399410.0,5.0,,15.0,45.0,5.0,9.0,240753402.0,13.0,524013876.0,poseidon,condorpool,poseidon-worker-1-container-24-27,unzip,/usr/bin/gunzip,,4.2,0,0,,,,,,,,,
um_vel_ID0000017,None,compute,0,1694399400.0,,,1694399405.0,1694399407.0,1694399428.0,45505496.0,1694399406.0,1694399450.0,1694399437.0,1694399440.0,173690.0,1694399450.0,1694399455.0,5.0,,1.0,44.0,5.0,21.0,700412836.0,3.0,556900.0,poseidon,condorpool,poseidon-worker-2-container-40-43,um_vel,/opt/UM_VEL/UM_VEL,,1.7,0,0,,,,,,,,,
um_vel_ID0000077,None,compute,0,1694399405.0,,,1694399410.0,1694399413.0,1694399432.0,50516853.5,1694399411.0,1694399450.0,1694399441.0,1694399444.0,173353.0,1694399450.0,1694399455.0,5.0,,1.0,39.0,5.0,19.0,700529596.0,3.0,556900.0,poseidon,condorpool,poseidon-worker-2-container-16-19,um_vel,/opt/UM_VEL/UM_VEL,,1.8,0,0,,,,,,,,,
um_vel_ID0000032,cpu_2,compute,0,1694399405.0,,,1694399410.0,1694399413.0,1694399433.0,50784830.0,1694399411.0,1694399450.0,1694399441.0,1694399444.0,174460.0,1694399450.0,1694399455.0,5.0,,1.0,39.0,5.0,20.0,716025504.0,3.0,556900.0,poseidon,condorpool,poseidon-worker-1-container-40-43,um_vel,/opt/UM_VEL/UM_VEL,,1.8,0,0,,,,,,,,,
um_vel_ID0000087,cpu_2,compute,0,1694399405.0,,,1694399410.0,1694399413.0,1694399431.0,56902692.9,1694399411.0,1694399450.0,1694399439.0,1694399443.0,168947.0,1694399450.0,1694399455.0,5.0,,1.0,39.0,5.0,18.0,695425552.0,4.0,556900.0,poseidon,condorpool,poseidon-worker-1-container-12-15,um_vel,/opt/UM_VEL/UM_VEL,,1.8,0,0,,,,,,,,,
um_vel_ID0000042,None,compute,0,1694399405.0,,,1694399410.0,1694399413.0,1694399432.0,51259010.6,1694399411.0,1694399450.0,1694399441.0,1694399444.0,173664.0,1694399450.0,1694399455.0,5.0,,1.0,39.0,5.0,19.0,717355680.0,3.0,556900.0,poseidon,condorpool,poseidon-worker-1-container-32-35,um_vel,/opt/UM_VEL/UM_VEL,,1.8,0,0,,,,,,,,,
um_vel_ID0000067,None,compute,0,1694399410.0,,,1694399415.0,1694399418.0,1694399443.0,37472990.4,1694399417.0,1694399460.0,1694399451.0,1694399454.0,172711.0,1694399460.0,1694399465.0,5.0,,2.0,43.0,5.0,25.0,700248248.0,3.0,556900.0,poseidon,condorpool,poseidon-worker-2-container-4-7,um_vel,/opt/UM_VEL/UM_VEL,,1.7,0,0,,,,,,,,,
um_vel_ID0000047,None,compute,0,1694399410.0,,,1694399415.0,1694399418.0,1694399438.0,48859332.7,1694399417.0,1694399460.0,1694399447.0,1694399450.0,178066.0,1694399460.0,1694399465.0,5.0,,2.0,43.0,5.0,20.0,700441980.0,3.0,556900.0,poseidon,condorpool,poseidon-worker-2-container-0-3,um_vel,/opt/UM_VEL/UM_VEL,,1.7,0,0,,,,,,,,,
um_vel_ID0000002,None,compute,0,1694399410.0,,,1694399415.0,1694399418.0,1694399439.0,48679525.5,1694399417.0,1694399460.0,1694399448.0,1694399451.0,179194.0,1694399460.0,1694399465.0,5.0,,2.0,43.0,5.0,21.0,737941744.0,3.0,556900.0,poseidon,condorpool,poseidon-worker-1-container-28-31,um_vel,/opt/UM_VEL/UM_VEL,,1.8,0,0,,,,,,,,,
um_vel_ID0000037,None,compute,0,1694399410.0,,,1694399415.0,1694399418.0,1694399441.0,40852957.5,1694399417.0,1694399460.0,1694399450.0,1694399453.0,179402.0,1694399460.0,1694399465.0,5.0,,2.0,43.0,5.0,23.0,703538992.0,3.0,556900.0,poseidon,condorpool,poseidon-worker-2-container-44-47,um_vel,/opt/UM_VEL/UM_VEL,,1.7,0,0,,,,,,,,,
um_vel_ID0000097,None,compute,0,1694399410.0,,,1694399415.0,1694399418.0,1694399436.0,58181878.9,1694399417.0,1694399455.0,1694399445.0,1694399448.0,178344.0,1694399455.0,1694399460.0,5.0,,2.0,38.0,5.0,18.0,700600628.0,3.0,556900.0,poseidon,condorpool,poseidon-worker-1-container-8-11,um_vel,/opt/UM_VEL/UM_VEL,,1.7,0,0,,,,,,,,,
um_vel_ID0000057,None,compute,0,1694399410.0,,,1694399415.0,1694399418.0,1694399437.0,52516015.6,1694399417.0,1694399455.0,1694399446.0,1694399449.0,177707.0,1694399455.0,1694399460.0,5.0,,2.0,38.0,5.0,19.0,704613528.0,3.0,556900.0,poseidon,condorpool,poseidon-worker-1-container-0-3,um_vel,/opt/UM_VEL/UM_VEL,,1.8,0,0,,,,,,,,,
um_vel_ID0000122,cpu_2,compute,0,1694399415.0,,,1694399420.0,1694399423.0,1694399444.0,48837949.7,1694399421.0,1694399465.0,1694399452.0,1694399455.0,176894.0,1694399465.0,1694399470.0,5.0,,1.0,44.0,5.0,21.0,727369696.0,3.0,556900.0,poseidon,condorpool,poseidon-worker-1-container-36-39,um_vel,/opt/UM_VEL/UM_VEL,,1.7,0,0,,,,,,,,,
um_vel_ID0000027,None,compute,0,1694399415.0,,,1694399420.0,1694399423.0,1694399442.0,51810165.5,1694399421.0,1694399460.0,1694399451.0,1694399454.0,173772.0,1694399460.0,1694399465.0,5.0,,1.0,39.0,5.0,19.0,700504640.0,3.0,556900.0,poseidon,condorpool,poseidon-worker-2-container-32-35,um_vel,/opt/UM_VEL/UM_VEL,,1.8,0,0,,,,,,,,,
um_vel_ID0000127,cpu_2,compute,0,1694399415.0,,,1694399420.0,1694399423.0,1694399442.0,52960742.5,1694399421.0,1694399460.0,1694399450.0,1694399454.0,177911.0,1694399460.0,1694399465.0,5.0,,1.0,39.0,5.0,19.0,697205176.0,4.0,556900.0,poseidon,condorpool,poseidon-worker-1-container-24-27,um_vel,/opt/UM_VEL/UM_VEL,,1.7,0,0,,,,,,,,,
um_vel_ID0000082,None,compute,0,1694399415.0,,,1694399420.0,1694399423.0,1694399442.0,54063992.5,1694399422.0,1694399460.0,1694399451.0,1694399454.0,175355.0,1694399460.0,1694399465.0,5.0,,2.0,38.0,5.0,19.0,719777424.0,3.0,556900.0,poseidon,condorpool,poseidon-worker-2-container-24-27,um_vel,/opt/UM_VEL/UM_VEL,,1.7,0,0,,,,,,,,,
um_vel_ID0000012,None,compute,0,1694399415.0,,,1694399420.0,1694399423.0,1694399444.0,46879732.7,1694399421.0,1694399465.0,1694399453.0,1694399456.0,175993.0,1694399465.0,1694399470.0,5.0,,1.0,44.0,5.0,21.0,741792672.0,3.0,556900.0,poseidon,condorpool,poseidon-worker-2-container-8-11,um_vel,/opt/UM_VEL/UM_VEL,,1.7,0,0,,,,,,,,,
um_vel_ID0000072,None,compute,0,1694399415.0,,,1694399420.0,1694399424.0,1694399444.0,51198810.0,1694399422.0,1694399465.0,1694399453.0,1694399456.0,177654.0,1694399465.0,1694399470.0,5.0,,2.0,43.0,5.0,20.0,716093352.0,3.0,556900.0,poseidon,condorpool,poseidon-worker-1-container-44-47,um_vel,/opt/UM_VEL/UM_VEL,,1.7,0,0,,,,,,,,,
um_vel_ID0000107,None,compute,0,1694399415.0,,,1694399420.0,1694399423.0,1694399443.0,47939491.5,1694399421.0,1694399465.0,1694399452.0,1694399455.0,175896.0,1694399465.0,1694399470.0,5.0,,1.0,44.0,5.0,20.0,678408568.0,3.0,556900.0,poseidon,condorpool,poseidon-worker-1-container-44-47,um_vel,/opt/UM_VEL/UM_VEL,,1.7,0,0,,,,,,,,,
um_vel_ID0000052,None,compute,0,1694399415.0,,,1694399420.0,1694399423.0,1694399444.0,46624444.0,1694399421.0,1694399465.0,1694399453.0,1694399456.0,177481.0,1694399465.0,1694399470.0,5.0,,1.0,44.0,5.0,21.0,720888048.0,3.0,556900.0,poseidon,condorpool,poseidon-worker-2-container-12-15,um_vel,/opt/UM_VEL/UM_VEL,,1.7,0,0,,,,,,,,,
um_vel_ID0000092,None,compute,0,1694399415.0,,,1694399420.0,1694399423.0,1694399447.0,39302159.8,1694399421.0,1694399465.0,1694399456.0,1694399459.0,176187.0,1694399465.0,1694399470.0,5.0,,1.0,44.0,5.0,24.0,715696744.0,3.0,556900.0,poseidon,condorpool,poseidon-worker-1-container-16-19,um_vel,/opt/UM_VEL/UM_VEL,,1.7,0,0,,,,,,,,,
um_vel_ID0000117,None,compute,0,1694399415.0,,,1694399420.0,1694399423.0,1694399443.0,50478172.2,1694399421.0,1694399460.0,1694399451.0,1694399454.0,174241.0,1694399460.0,1694399465.0,5.0,,1.0,39.0,5.0,20.0,697437428.0,3.0,556900.0,poseidon,condorpool,poseidon-worker-1-container-28-31,um_vel,/opt/UM_VEL/UM_VEL,,1.7,0,0,,,,,,,,,
um_vel_ID0000062,None,compute,0,1694399415.0,,,1694399420.0,1694399423.0,1694399442.0,53007117.5,1694399421.0,1694399460.0,1694399451.0,1694399454.0,175848.0,1694399460.0,1694399465.0,5.0,,1.0,39.0,5.0,19.0,718532572.0,3.0,556900.0,poseidon,condorpool,poseidon-worker-2-container-28-31,um_vel,/opt/UM_VEL/UM_VEL,,1.8,0,0,,,,,,,,,
um_vel_ID0000112,None,compute,0,1694399415.0,,,1694399420.0,1694399423.0,1694399444.0,49157125.9,1694399421.0,1694399465.0,1694399452.0,1694399456.0,176768.0,1694399465.0,1694399470.0,5.0,,1.0,44.0,5.0,21.0,744537516.0,4.0,556900.0,poseidon,condorpool,poseidon-worker-2-container-20-23,um_vel,/opt/UM_VEL/UM_VEL,,1.7,0,0,,,,,,,,,
stage_out_local_condorpool_0_2,None,transfer,0,1694399420.0,,,1694399425.0,,,0.0,1694399426.0,1694399465.0,,,0.0,1694399465.0,1694399470.0,5.0,,1.0,39.0,5.0,,,,,poseidon,local,poseidon-submit,pegasus::transfer,/mnt/poseidon-data/poseidon/pegasus-5.1.0panorama/bin/pegasus-transfer,/home/poseidon/pegasus-5.1.0panorama/bin/../bin/pegasus-kickstart  -n pegasus::transfer -N null -i - -R local  -L casa-wind-full -T 2023-09-08T07:29:05+00:00 /home/poseidon/pegasus-5.1.0panorama/bin/../bin/pegasus-transfer  --threads 2,35.0,0,0,,,,,,,,,
um_vel_ID0000007,None,compute,0,1694399420.0,,,1694399425.0,1694399428.0,1694399448.0,49151279.7,1694399426.0,1694399465.0,1694399456.0,1694399459.0,175569.0,1694399465.0,1694399470.0,5.0,,1.0,39.0,5.0,20.0,678203340.0,3.0,556900.0,poseidon,condorpool,poseidon-worker-1-container-20-23,um_vel,/opt/UM_VEL/UM_VEL,,1.6,0,0,,,,,,,,,
stage_out_local_condorpool_0_1,None,transfer,0,1694399420.0,,,1694399425.0,,,0.0,1694399426.0,1694399465.0,,,0.0,1694399465.0,1694399470.0,5.0,,1.0,39.0,5.0,,,,,poseidon,local,poseidon-submit,pegasus::transfer,/mnt/poseidon-data/poseidon/pegasus-5.1.0panorama/bin/pegasus-transfer,/home/poseidon/pegasus-5.1.0panorama/bin/../bin/pegasus-kickstart  -n pegasus::transfer -N null -i - -R local  -L casa-wind-full -T 2023-09-08T07:29:05+00:00 /home/poseidon/pegasus-5.1.0panorama/bin/../bin/pegasus-transfer  --threads 2,34.5,0,0,,,,,,,,,
um_vel_ID0000102,cpu_2,compute,0,1694399420.0,,,1694399425.0,1694399428.0,1694399448.0,49847211.1,1694399426.0,1694399470.0,1694399457.0,1694399460.0,175712.0,1694399470.0,1694399475.0,5.0,,1.0,44.0,5.0,20.0,738138396.0,3.0,556900.0,poseidon,condorpool,poseidon-worker-1-container-4-7,um_vel,/opt/UM_VEL/UM_VEL,,1.7,0,0,,,,,,,,,
um_vel_ID0000022,None,compute,0,1694399420.0,,,1694399425.0,1694399428.0,1694399449.0,46282948.0,1694399426.0,1694399470.0,1694399458.0,1694399461.0,178670.0,1694399470.0,1694399475.0,5.0,,1.0,44.0,5.0,21.0,715764852.0,3.0,556900.0,poseidon,condorpool,poseidon-worker-2-container-36-39,um_vel,/opt/UM_VEL/UM_VEL,,1.6,0,0,,,,,,,,,
stage_out_local_condorpool_0_0,None,transfer,0,1694399420.0,,,1694399425.0,,,0.0,1694399426.0,1694399465.0,,,0.0,1694399465.0,1694399470.0,5.0,,1.0,39.0,5.0,,,,,poseidon,local,poseidon-submit,pegasus::transfer,/mnt/poseidon-data/poseidon/pegasus-5.1.0panorama/bin/pegasus-transfer,/home/poseidon/pegasus-5.1.0panorama/bin/../bin/pegasus-kickstart  -n pegasus::transfer -N null -i - -R local  -L casa-wind-full -T 2023-09-08T07:29:05+00:00 /home/poseidon/pegasus-5.1.0panorama/bin/../bin/pegasus-transfer  --threads 2,35.4,0,0,,,,,,,,,
mvt_ID0000089,cpu_2,compute,0,1694399455.0,,,1694399460.0,1694399463.0,1694399474.0,35070013.6,1694399461.0,1694399530.0,1694399519.0,1694399522.0,15894.0,1694399530.0,1694399535.0,5.0,,1.0,69.0,5.0,11.0,177143652.0,3.0,48475.0,poseidon,condorpool,poseidon-worker-1-container-40-43,mvt,/opt/mvt/mvt,,39.7,0,0,0.0,787773.0,24576.0,419.0,6.0,29.9,0.1,26259.1,2457.6
mvt_ID0000034,None,compute,0,1694399455.0,,,1694399460.0,1694399463.0,1694399475.0,29220765.0,1694399461.0,1694399530.0,1694399520.0,1694399523.0,10232.0,1694399530.0,1694399535.0,5.0,,1.0,69.0,5.0,12.0,177143652.0,3.0,30976.0,poseidon,condorpool,poseidon-worker-2-container-0-3,mvt,/opt/mvt/mvt,,40.4,0,0,0.0,792836.0,16384.0,437.0,4.0,39.9,0.1,19820.9,819.2
post_vel_ID0000033,None,compute,0,1694399455.0,,,1694399460.0,1694399463.0,1694399474.0,32088227.4,1694399461.0,1694399490.0,1694399479.0,1694399483.0,3677.0,1694399490.0,1694399495.0,5.0,,1.0,29.0,5.0,11.0,177143937.0,4.0,11464.0,poseidon,condorpool,poseidon-worker-2-container-40-43,post_vel,/opt/netcdf2png/merged_netcdf2png,,0.1,0,0,,,,,,,,,
mvt_ID0000044,None,compute,0,1694399455.0,,,1694399460.0,1694399463.0,1694399474.0,35101407.4,1694399461.0,1694399530.0,1694399519.0,1694399522.0,9160.0,1694399530.0,1694399535.0,5.0,,1.0,69.0,5.0,11.0,177143652.0,3.0,28113.0,poseidon,condorpool,poseidon-worker-1-container-28-31,mvt,/opt/mvt/mvt,,39.7,0,0,0.0,798801.0,12288.0,443.0,3.0,29.9,0.1,26626.7,1228.8
post_vel_ID0000043,None,compute,0,1694399455.0,,,1694399460.0,1694399463.0,1694399474.0,29728636.0,1694399461.0,1694399490.0,1694399479.0,1694399482.0,3591.0,1694399490.0,1694399495.0,5.0,,1.0,29.0,5.0,11.0,177143937.0,3.0,11050.0,poseidon,condorpool,poseidon-worker-1-container-8-11,post_vel,/opt/netcdf2png/merged_netcdf2png,,0.1,0,0,,,,,,,,,
mvt_ID0000079,None,compute,0,1694399455.0,,,1694399460.0,1694399463.0,1694399474.0,32302422.4,1694399461.0,1694399530.0,1694399519.0,1694399522.0,14767.0,1694399530.0,1694399535.0,5.0,,1.0,69.0,5.0,11.0,177143652.0,3.0,45337.0,poseidon,condorpool,poseidon-worker-2-container-4-7,mvt,/opt/mvt/mvt,,39.3,0,0,0.0,789055.0,24576.0,422.0,6.0,29.9,0.1,26301.8,1228.8
post_vel_ID0000078,None,compute,0,1694399455.0,,,1694399460.0,1694399463.0,1694399474.0,34990450.8,1694399461.0,1694399490.0,1694399479.0,1694399482.0,3900.0,1694399490.0,1694399495.0,5.0,,1.0,29.0,5.0,11.0,177143937.0,3.0,12264.0,poseidon,condorpool,poseidon-worker-2-container-44-47,post_vel,/opt/netcdf2png/merged_netcdf2png,,0.1,0,0,,,,,,,,,
post_vel_ID0000018,None,compute,0,1694399455.0,,,1694399460.0,1694399463.0,1694399474.0,34924955.8,1694399462.0,1694399490.0,1694399480.0,1694399483.0,3783.0,1694399490.0,1694399495.0,5.0,,2.0,28.0,5.0,11.0,177143937.0,3.0,11645.0,poseidon,condorpool,poseidon-worker-2-container-16-19,post_vel,/opt/netcdf2png/merged_netcdf2png,,0.1,0,0,,,,,,,,,
mvt_ID0000019,cpu_2,compute,0,1694399455.0,,,1694399460.0,1694399463.0,1694399474.0,35329166.2,1694399462.0,1694399530.0,1694399519.0,1694399522.0,11883.0,1694399530.0,1694399535.0,5.0,,2.0,68.0,5.0,11.0,177143652.0,3.0,36245.0,poseidon,condorpool,poseidon-worker-1-container-12-15,mvt,/opt/mvt/mvt,,39.8,0,0,0.0,789149.0,20480.0,422.0,5.0,29.9,0.1,26305.0,1024.0
post_vel_ID0000088,None,compute,0,1694399455.0,,,1694399460.0,1694399463.0,1694399474.0,34939022.8,1694399461.0,1694399490.0,1694399479.0,1694399482.0,4100.0,1694399490.0,1694399495.0,5.0,,1.0,29.0,5.0,11.0,177143937.0,3.0,12740.0,poseidon,condorpool,poseidon-worker-1-container-32-35,post_vel,/opt/netcdf2png/merged_netcdf2png,,0.1,0,0,,,,,,,,,
mvt_ID0000059,cpu_2,compute,0,1694399460.0,,,1694399465.0,1694399468.0,1694399480.0,29029793.7,1694399466.0,1694399535.0,1694399525.0,1694399529.0,8779.0,1694399535.0,1694399540.0,5.0,,1.0,69.0,5.0,12.0,177143652.0,4.0,28164.0,poseidon,condorpool,poseidon-worker-1-container-24-27,mvt,/opt/mvt/mvt,,40.0,0,0,0.0,791564.0,12288.0,434.0,3.0,39.8,0.1,19789.1,1228.8
post_vel_ID0000058,None,compute,0,1694399460.0,,,1694399465.0,1694399468.0,1694399484.0,18509471.7,1694399466.0,1694399500.0,1694399489.0,1694399492.0,3367.0,1694399500.0,1694399505.0,5.0,,1.0,34.0,5.0,16.0,177143937.0,3.0,10981.0,poseidon,condorpool,poseidon-worker-1-container-16-19,post_vel,/opt/netcdf2png/merged_netcdf2png,,0.1,0,0,,,,,,,,,
post_vel_ID0000098,None,compute,0,1694399460.0,,,1694399465.0,1694399468.0,1694399480.0,29329586.7,1694399466.0,1694399495.0,1694399485.0,1694399488.0,4409.0,1694399495.0,1694399500.0,5.0,,1.0,29.0,5.0,12.0,177143937.0,3.0,13355.0,poseidon,condorpool,poseidon-worker-1-container-44-47,post_vel,/opt/netcdf2png/merged_netcdf2png,,0.1,0,0,,,,,,,,,
mvt_ID0000099,None,compute,0,1694399460.0,,,1694399465.0,1694399468.0,1694399479.0,34083408.2,1694399466.0,1694399535.0,1694399524.0,1694399527.0,16542.0,1694399535.0,1694399540.0,5.0,,1.0,69.0,5.0,11.0,177143652.0,3.0,50118.0,poseidon,condorpool,poseidon-worker-1-container-0-3,mvt,/opt/mvt/mvt,,39.9,0,0,0.0,789059.0,28672.0,422.0,7.0,29.9,0.1,26302.0,1433.6
post_vel_ID0000083,None,compute,0,1694399465.0,,,1694399470.0,1694399473.0,1694399484.0,32617693.6,1694399471.0,1694399500.0,1694399490.0,1694399493.0,3871.0,1694399500.0,1694399505.0,5.0,,1.0,29.0,5.0,11.0,177143937.0,3.0,12720.0,poseidon,condorpool,poseidon-worker-2-container-24-27,post_vel,/opt/netcdf2png/merged_netcdf2png,,0.2,0,0,,,,,,,,,
post_vel_ID0000048,None,compute,0,1694399465.0,,,1694399470.0,1694399473.0,1694399484.0,35151189.6,1694399471.0,1694399500.0,1694399489.0,1694399493.0,3242.0,1694399500.0,1694399505.0,5.0,,1.0,29.0,5.0,11.0,177143937.0,4.0,10371.0,poseidon,condorpool,poseidon-worker-2-container-12-15,post_vel,/opt/netcdf2png/merged_netcdf2png,,0.1,0,0,,,,,,,,,
mvt_ID0000049,None,compute,0,1694399465.0,,,1694399470.0,1694399473.0,1694399484.0,29708631.5,1694399471.0,1694399540.0,1694399529.0,1694399532.0,7888.0,1694399540.0,1694399545.0,5.0,,1.0,69.0,5.0,11.0,177143652.0,3.0,24108.0,poseidon,condorpool,poseidon-worker-1-container-28-31,mvt,/opt/mvt/mvt,,39.7,0,0,0.0,830404.0,12288.0,512.0,3.0,29.9,0.1,27680.1,1228.8
post_vel_ID0000028,None,compute,0,1694399465.0,,,1694399470.0,1694399473.0,1694399484.0,34321275.6,1694399471.0,1694399500.0,1694399489.0,1694399493.0,3535.0,1694399500.0,1694399505.0,5.0,,1.0,29.0,5.0,11.0,177143937.0,4.0,11529.0,poseidon,condorpool,poseidon-worker-1-container-44-47,post_vel,/opt/netcdf2png/merged_netcdf2png,,0.1,0,0,,,,,,,,,
mvt_ID0000029,None,compute,0,1694399465.0,,,1694399470.0,1694399474.0,1694399485.0,35219919.6,1694399472.0,1694399540.0,1694399530.0,1694399533.0,12351.0,1694399540.0,1694399545.0,5.0,,2.0,68.0,5.0,11.0,177143652.0,3.0,38341.0,poseidon,condorpool,poseidon-worker-2-container-20-23,mvt,/opt/mvt/mvt,,40.3,0,0,0.0,803891.0,20480.0,461.0,5.0,39.9,0.1,20097.3,1024.0
post_vel_ID0000128,None,compute,0,1694399465.0,,,1694399470.0,1694399488.0,1694399499.0,29724125.5,1694399487.0,1694399515.0,1694399505.0,1694399508.0,4605.0,1694399515.0,1694399520.0,5.0,,17.0,28.0,5.0,11.0,177143937.0,3.0,14512.0,poseidon,condorpool,poseidon-worker-1-container-32-35,post_vel,/opt/netcdf2png/merged_netcdf2png,,0.1,0,0,,,,,,,,,
mvt_ID0000129,cpu_2,compute,0,1694399465.0,,,1694399470.0,1694399494.0,1694399507.0,33692252.2,1694399489.0,1694399565.0,1694399552.0,1694399555.0,21019.0,1694399565.0,1694399570.0,5.0,,19.0,76.0,5.0,13.0,177143652.0,3.0,64489.0,poseidon,condorpool,poseidon-worker-1-container-36-39,mvt,/opt/mvt/mvt,,39.7,0,0,0.0,818019.0,36864.0,485.0,9.0,29.7,0.1,27267.3,3686.4
mvt_ID0000084,None,compute,0,1694399465.0,,,1694399470.0,1694399474.0,1694399485.0,34952349.8,1694399472.0,1694399540.0,1694399530.0,1694399534.0,15613.0,1694399540.0,1694399545.0,5.0,,2.0,68.0,5.0,11.0,177143652.0,4.0,47998.0,poseidon,condorpool,poseidon-worker-2-container-32-35,mvt,/opt/mvt/mvt,,40.5,0,0,0.0,806664.0,24576.0,467.0,6.0,39.7,0.3,20166.6,1228.8
post_vel_ID0000063,None,compute,0,1694399465.0,,,1694399470.0,1694399473.0,1694399485.0,27957713.4,1694399471.0,1694399500.0,1694399490.0,1694399493.0,3588.0,1694399500.0,1694399505.0,5.0,,1.0,29.0,5.0,12.0,177143937.0,3.0,11628.0,poseidon,condorpool,poseidon-worker-2-container-36-39,post_vel,/opt/netcdf2png/merged_netcdf2png,,0.1,0,0,,,,,,,,,
mvt_ID0000064,cpu_2,compute,0,1694399465.0,,,1694399470.0,1694399473.0,1694399484.0,35032585.8,1694399471.0,1694399540.0,1694399529.0,1694399532.0,10163.0,1694399540.0,1694399545.0,5.0,,1.0,69.0,5.0,11.0,177143652.0,3.0,31148.0,poseidon,condorpool,poseidon-worker-1-container-4-7,mvt,/opt/mvt/mvt,,39.7,0,0,0.0,800000.0,16384.0,446.0,4.0,29.9,0.0,26666.7,819.2
mvt_ID0000004,cpu_2,compute,0,1694399465.0,,,1694399470.0,1694399474.0,1694399484.0,35036588.8,1694399472.0,1694399545.0,1694399532.0,1694399535.0,8894.0,1694399545.0,1694399550.0,5.0,,2.0,73.0,5.0,10.0,177143652.0,3.0,28781.0,poseidon,condorpool,poseidon-worker-1-container-36-39,mvt,/opt/mvt/mvt,,39.6,0,0,0.0,801165.0,16384.0,455.0,4.0,37.2,0.2,20029.1,819.2
post_vel_ID0000003,None,compute,0,1694399465.0,,,1694399470.0,1694399473.0,1694399485.0,27519370.0,1694399472.0,1694399500.0,1694399491.0,1694399494.0,3493.0,1694399500.0,1694399505.0,5.0,,2.0,28.0,5.0,12.0,177143937.0,3.0,10865.0,poseidon,condorpool,poseidon-worker-2-container-28-31,post_vel,/opt/netcdf2png/merged_netcdf2png,,0.1,0,0,,,,,,,,,
mvt_ID0000069,None,compute,0,1694399465.0,,,1694399470.0,1694399489.0,1694399501.0,28683745.4,1694399487.0,1694399555.0,1694399546.0,1694399549.0,11396.0,1694399555.0,1694399560.0,5.0,,17.0,68.0,5.0,12.0,177143652.0,3.0,35309.0,poseidon,condorpool,poseidon-worker-1-container-28-31,mvt,/opt/mvt/mvt,,39.8,0,0,0.0,848306.0,16384.0,551.0,4.0,29.9,0.0,28276.9,819.2
post_vel_ID0000068,None,compute,0,1694399465.0,,,1694399470.0,1694399489.0,1694399501.0,27629388.4,1694399487.0,1694399520.0,1694399506.0,1694399509.0,3688.0,1694399520.0,1694399525.0,5.0,,17.0,33.0,5.0,12.0,177143937.0,3.0,11398.0,poseidon,condorpool,poseidon-worker-1-container-44-47,post_vel,/opt/netcdf2png/merged_netcdf2png,,0.1,0,0,,,,,,,,,
mvt_ID0000039,None,compute,0,1694399465.0,,,1694399470.0,1694399473.0,1694399484.0,34961205.6,1694399471.0,1694399540.0,1694399530.0,1694399533.0,11281.0,1694399540.0,1694399545.0,5.0,,1.0,69.0,5.0,11.0,177143652.0,3.0,34386.0,poseidon,condorpool,poseidon-worker-2-container-8-11,mvt,/opt/mvt/mvt,,40.3,0,0,0.0,809319.0,16384.0,473.0,4.0,39.9,0.1,20233.0,819.2
post_vel_ID0000038,None,compute,0,1694399465.0,,,1694399470.0,1694399473.0,1694399484.0,34918439.6,1694399471.0,1694399500.0,1694399489.0,1694399493.0,3539.0,1694399500.0,1694399505.0,5.0,,1.0,29.0,5.0,11.0,177143937.0,4.0,11227.0,poseidon,condorpool,poseidon-worker-1-container-20-23,post_vel,/opt/netcdf2png/merged_netcdf2png,,0.1,0,0,,,,,,,,,
post_vel_ID0000118,None,compute,0,1694399465.0,,,1694399470.0,1694399489.0,1694399501.0,26921678.8,1694399487.0,1694399520.0,1694399507.0,1694399510.0,4622.0,1694399520.0,1694399525.0,5.0,,17.0,33.0,5.0,12.0,177143937.0,3.0,14402.0,poseidon,condorpool,poseidon-worker-2-container-0-3,post_vel,/opt/netcdf2png/merged_netcdf2png,,0.1,0,0,,,,,,,,,
mvt_ID0000119,cpu_2,compute,0,1694399465.0,,,1694399470.0,1694399489.0,1694399502.0,23617803.4,1694399487.0,1694399560.0,1694399548.0,1694399551.0,21494.0,1694399560.0,1694399565.0,5.0,,17.0,73.0,5.0,13.0,177143652.0,3.0,65525.0,poseidon,condorpool,poseidon-worker-1-container-40-43,mvt,/opt/mvt/mvt,,39.9,0,0,0.0,816641.0,36864.0,482.0,9.0,29.9,0.1,27221.4,3686.4
mvt_ID0000054,cpu_2,compute,0,1694399470.0,,,1694399475.0,1694399489.0,1694399500.0,33715650.0,1694399487.0,1694399555.0,1694399544.0,1694399547.0,9227.0,1694399555.0,1694399560.0,5.0,,12.0,68.0,5.0,11.0,177143652.0,3.0,28552.0,poseidon,condorpool,poseidon-worker-1-container-24-27,mvt,/opt/mvt/mvt,,38.8,0,0,0.0,818017.0,12288.0,485.0,3.0,29.6,0.1,27267.2,1228.8
mvt_ID0000109,None,compute,0,1694399470.0,,,1694399475.0,1694399489.0,1694399500.0,33449161.8,1694399487.0,1694399555.0,1694399545.0,1694399548.0,19477.0,1694399555.0,1694399560.0,5.0,,12.0,68.0,5.0,11.0,177143652.0,3.0,59954.0,poseidon,condorpool,poseidon-worker-1-container-0-3,mvt,/opt/mvt/mvt,,39.8,0,0,0.0,819257.0,32768.0,488.0,8.0,29.9,0.1,27308.6,1638.4
post_vel_ID0000108,None,compute,0,1694399470.0,,,1694399475.0,1694399489.0,1694399500.0,29310989.8,1694399487.0,1694399515.0,1694399506.0,1694399509.0,4488.0,1694399515.0,1694399520.0,5.0,,12.0,28.0,5.0,11.0,177143937.0,3.0,13907.0,poseidon,condorpool,poseidon-worker-1-container-20-23,post_vel,/opt/netcdf2png/merged_netcdf2png,,0.1,0,0,,,,,,,,,
stage_out_local_condorpool_1_2,None,transfer,0,1694399470.0,,,1694399475.0,,,0.0,1694399477.0,1694399485.0,,,0.0,1694399485.0,1694399490.0,5.0,,2.0,8.0,5.0,,,,,poseidon,local,poseidon-submit,pegasus::transfer,/mnt/poseidon-data/poseidon/pegasus-5.1.0panorama/bin/pegasus-transfer,/home/poseidon/pegasus-5.1.0panorama/bin/../bin/pegasus-kickstart  -n pegasus::transfer -N null -i - -R local  -L casa-wind-full -T 2023-09-08T07:29:05+00:00 /home/poseidon/pegasus-5.1.0panorama/bin/../bin/pegasus-transfer  --threads 2,0.9,0,0,,,,,,,,,
register_condorpool_0_2,None,auxiliary,0,1694399470.0,,,1694399485.0,,,0.0,1694399486.0,1694399490.0,,,0.0,1694399490.0,1694399495.0,15.0,,1.0,4.0,5.0,,,,,poseidon,local,poseidon-submit,pegasus::rc-client,/mnt/poseidon-data/poseidon/pegasus-5.1.0panorama/bin/pegasus-rc-client,"-n pegasus::rc-client -N null -R local  -L casa-wind-full -T 2023-09-08T07:29:05+00:00 /home/poseidon/pegasus-5.1.0panorama/bin/pegasus-rc-client --prefix pegasus.catalog.replica.output --conf /mnt/poseidon-data/poseidon/workflows/casa-wind-workflow-full/submit/poseidon/pegasus/casa-wind-full/run0250/pegasus.16076418302518465684.properties -v --meta /mnt/poseidon-data/poseidon/workflows/casa-wind-workflow-full/submit/poseidon/pegasus/casa-wind-full/run0250/00/00/unzip_ID0000121.meta,/mnt/poseidon-data/poseidon/workflows/casa-wind-workflow-full/submit/poseidon/pegasus/casa-wind-full/run0250/00/00/unzip_ID0000111.meta,/mnt/poseidon-data/poseidon/workflows/casa-wind-workflow-full/submit/poseidon/pegasus/casa-wind-full/run0250/00/00/unzip_ID0000101.meta,/mnt/poseidon-data/poseidon/workflows/casa-wind-workflow-full/submit/poseidon/pegasus/casa-wind-full/run0250/00/00/unzip_ID0000056.meta,/mnt/poseidon-data/poseidon/workflows/casa-wind-workflow-full/submit/poseidon/pegasus/casa-wind-full/run0250/00/00/unzip_ID0000081.meta,/mnt/poseidon-data/poseidon/workflows/casa-wind-workflow-full/submit/poseidon/pegasus/casa-wind-full/run0250/00/00/unzip_ID0000106.meta,/mnt/poseidon-data/poseidon/workflows/casa-wind-workflow-full/submit/poseidon/pegasus/casa-wind-full/run0250/00/00/unzip_ID0000061.meta,/mnt/poseidon-data/poseidon/workflows/casa-wind-workflow-full/submit/poseidon/pegasus/casa-wind-full/run0250/00/00/unzip_ID0000086.meta,/mnt/poseidon-data/poseidon/workflows/casa-wind-workflow-full/submit/poseidon/pegasus/casa-wind-full/run0250/00/00/unzip_ID0000076.meta,/mnt/poseidon-data/poseidon/workflows/casa-wind-workflow-full/submit/poseidon/pegasus/casa-wind-full/run0250/00/00/unzip_ID0000006.meta,/mnt/poseidon-data/poseidon/workflows/casa-wind-workflow-full/submit/poseidon/pegasus/casa-wind-full/run0250/00/00/unzip_ID0000001.meta,/mnt/poseidon-data/poseidon/workflows/casa-wind-workflow-full/submit/poseidon/pegasus/casa-wind-full/run0250/00/00/unzip_ID0000011.meta,/mnt/poseidon-data/poseidon/workflows/casa-wind-workflow-full/submit/poseidon/pegasus/casa-wind-full/run0250/00/00/unzip_ID0000031.meta,/mnt/poseidon-data/poseidon/workflows/casa-wind-workflow-full/submit/poseidon/pegasus/casa-wind-full/run0250/00/00/unzip_ID0000036.meta,/mnt/poseidon-data/poseidon/workflows/casa-wind-workflow-full/submit/poseidon/pegasus/casa-wind-full/run0250/00/00/unzip_ID0000091.meta,/mnt/poseidon-data/poseidon/workflows/casa-wind-workflow-full/submit/poseidon/pegasus/casa-wind-full/run0250/00/00/unzip_ID0000051.meta,/mnt/poseidon-data/poseidon/workflows/casa-wind-workflow-full/submit/poseidon/pegasus/casa-wind-full/run0250/00/00/unzip_ID0000041.meta,/mnt/poseidon-data/poseidon/workflows/casa-wind-workflow-full/submit/poseidon/pegasus/casa-wind-full/run0250/00/00/unzip_ID0000026.meta,/mnt/poseidon-data/poseidon/workflows/casa-wind-workflow-full/submit/poseidon/pegasus/casa-wind-full/run0250/00/00/unzip_ID0000096.meta,/mnt/poseidon-data/poseidon/workflows/casa-wind-workflow-full/submit/poseidon/pegasus/casa-wind-full/run0250/00/00/unzip_ID0000021.meta,/mnt/poseidon-data/poseidon/workflows/casa-wind-workflow-full/submit/poseidon/pegasus/casa-wind-full/run0250/00/00/unzip_ID0000066.meta,/mnt/poseidon-data/poseidon/workflows/casa-wind-workflow-full/submit/poseidon/pegasus/casa-wind-full/run0250/00/00/unzip_ID0000071.meta,/mnt/poseidon-data/poseidon/workflows/casa-wind-workflow-full/submit/poseidon/pegasus/casa-wind-full/run0250/00/00/unzip_ID0000046.meta,/mnt/poseidon-data/poseidon/workflows/casa-wind-workflow-full/submit/poseidon/pegasus/casa-wind-full/run0250/00/00/unzip_ID0000116.meta,/mnt/poseidon-data/poseidon/workflows/casa-wind-workflow-full/submit/poseidon/pegasus/casa-wind-full/run0250/00/00/unzip_ID0000126.meta,/mnt/poseidon-data/poseidon/workflows/casa-wind-workflow-full/submit/poseidon/pegasus/casa-wind-full/run0250/00/00/unzip_ID0000016.meta --insert /mnt/poseidon-data/poseidon/workflows/casa-wind-workflow-full/submit/poseidon/pegasus/casa-wind-full/run0250/00/00/register_condorpool_0_2.in",3.4,0,0,,,,,,,,,
mvt_ID0000124,None,compute,0,1694399470.0,,,1694399475.0,1694399489.0,1694399501.0,26327700.7,1694399487.0,1694399560.0,1694399547.0,1694399550.0,22944.0,1694399560.0,1694399565.0,5.0,,12.0,73.0,5.0,12.0,177143652.0,3.0,70564.0,poseidon,condorpool,poseidon-worker-2-container-36-39,mvt,/opt/mvt/mvt,,40.4,0,0,0.0,795766.0,40960.0,443.0,10.0,39.9,0.1,19894.2,4096.0
post_vel_ID0000008,None,compute,0,1694399470.0,,,1694399475.0,1694399489.0,1694399500.0,31324839.2,1694399487.0,1694399515.0,1694399506.0,1694399509.0,3577.0,1694399515.0,1694399520.0,5.0,,12.0,28.0,5.0,11.0,177143937.0,3.0,10982.0,poseidon,condorpool,poseidon-worker-2-container-24-27,post_vel,/opt/netcdf2png/merged_netcdf2png,,0.1,0,0,,,,,,,,,
mvt_ID0000009,None,compute,0,1694399470.0,,,1694399475.0,1694399489.0,1694399500.0,28411097.8,1694399487.0,1694399555.0,1694399545.0,1694399549.0,11278.0,1694399555.0,1694399560.0,5.0,,12.0,68.0,5.0,11.0,177143652.0,4.0,35429.0,poseidon,condorpool,poseidon-worker-2-container-12-15,mvt,/opt/mvt/mvt,,39.8,0,0,0.0,790591.0,20480.0,425.0,5.0,29.9,0.1,26353.0,1024.0
post_vel_ID0000093,None,compute,0,1694399470.0,,,1694399475.0,1694399490.0,1694399501.0,29649011.5,1694399488.0,1694399515.0,1694399506.0,1694399509.0,4298.0,1694399515.0,1694399520.0,5.0,,13.0,27.0,5.0,11.0,177143937.0,3.0,13303.0,poseidon,condorpool,poseidon-worker-2-container-32-35,post_vel,/opt/netcdf2png/merged_netcdf2png,,0.1,0,0,,,,,,,,,
mvt_ID0000094,cpu_2,compute,0,1694399470.0,,,1694399475.0,1694399489.0,1694399502.0,25162743.6,1694399487.0,1694399560.0,1694399547.0,1694399550.0,17173.0,1694399560.0,1694399565.0,5.0,,12.0,73.0,5.0,13.0,177143652.0,3.0,52407.0,poseidon,condorpool,poseidon-worker-1-container-12-15,mvt,/opt/mvt/mvt,,39.8,0,0,0.0,819389.0,28672.0,488.0,7.0,29.9,0.0,27313.0,1433.6
mvt_ID0000014,None,compute,0,1694399470.0,,,1694399475.0,1694399490.0,1694399501.0,29675761.5,1694399488.0,1694399555.0,1694399546.0,1694399549.0,10367.0,1694399555.0,1694399560.0,5.0,,13.0,67.0,5.0,11.0,177143652.0,3.0,31991.0,poseidon,condorpool,poseidon-worker-2-container-16-19,mvt,/opt/mvt/mvt,,39.8,0,0,0.0,790593.0,16384.0,425.0,4.0,29.9,0.1,26353.1,819.2
post_vel_ID0000013,None,compute,0,1694399470.0,,,1694399475.0,1694399489.0,1694399503.0,23299899.0,1694399487.0,1694399520.0,1694399508.0,1694399511.0,3600.0,1694399520.0,1694399525.0,5.0,,12.0,33.0,5.0,14.0,177143937.0,3.0,11040.0,poseidon,condorpool,poseidon-worker-2-container-28-31,post_vel,/opt/netcdf2png/merged_netcdf2png,,0.1,0,0,,,,,,,,,
register_condorpool_0_0,None,auxiliary,0,1694399470.0,,,1694399475.0,,,0.0,1694399477.0,1694399480.0,,,0.0,1694399480.0,1694399485.0,5.0,,2.0,3.0,5.0,,,,,poseidon,local,poseidon-submit,pegasus::rc-client,/mnt/poseidon-data/poseidon/pegasus-5.1.0panorama/bin/pegasus-rc-client,"-n pegasus::rc-client -N null -R local  -L casa-wind-full -T 2023-09-08T07:29:05+00:00 /home/poseidon/pegasus-5.1.0panorama/bin/pegasus-rc-client --prefix pegasus.catalog.replica.output --conf /mnt/poseidon-data/poseidon/workflows/casa-wind-workflow-full/submit/poseidon/pegasus/casa-wind-full/run0250/pegasus.16076418302518465684.properties -v --meta /mnt/poseidon-data/poseidon/workflows/casa-wind-workflow-full/submit/poseidon/pegasus/casa-wind-full/run0250/00/00/unzip_ID0000121.meta,/mnt/poseidon-data/poseidon/workflows/casa-wind-workflow-full/submit/poseidon/pegasus/casa-wind-full/run0250/00/00/unzip_ID0000111.meta,/mnt/poseidon-data/poseidon/workflows/casa-wind-workflow-full/submit/poseidon/pegasus/casa-wind-full/run0250/00/00/unzip_ID0000101.meta,/mnt/poseidon-data/poseidon/workflows/casa-wind-workflow-full/submit/poseidon/pegasus/casa-wind-full/run0250/00/00/unzip_ID0000056.meta,/mnt/poseidon-data/poseidon/workflows/casa-wind-workflow-full/submit/poseidon/pegasus/casa-wind-full/run0250/00/00/unzip_ID0000081.meta,/mnt/poseidon-data/poseidon/workflows/casa-wind-workflow-full/submit/poseidon/pegasus/casa-wind-full/run0250/00/00/unzip_ID0000106.meta,/mnt/poseidon-data/poseidon/workflows/casa-wind-workflow-full/submit/poseidon/pegasus/casa-wind-full/run0250/00/00/unzip_ID0000061.meta,/mnt/poseidon-data/poseidon/workflows/casa-wind-workflow-full/submit/poseidon/pegasus/casa-wind-full/run0250/00/00/unzip_ID0000086.meta,/mnt/poseidon-data/poseidon/workflows/casa-wind-workflow-full/submit/poseidon/pegasus/casa-wind-full/run0250/00/00/unzip_ID0000076.meta,/mnt/poseidon-data/poseidon/workflows/casa-wind-workflow-full/submit/poseidon/pegasus/casa-wind-full/run0250/00/00/unzip_ID0000006.meta,/mnt/poseidon-data/poseidon/workflows/casa-wind-workflow-full/submit/poseidon/pegasus/casa-wind-full/run0250/00/00/unzip_ID0000001.meta,/mnt/poseidon-data/poseidon/workflows/casa-wind-workflow-full/submit/poseidon/pegasus/casa-wind-full/run0250/00/00/unzip_ID0000011.meta,/mnt/poseidon-data/poseidon/workflows/casa-wind-workflow-full/submit/poseidon/pegasus/casa-wind-full/run0250/00/00/unzip_ID0000031.meta,/mnt/poseidon-data/poseidon/workflows/casa-wind-workflow-full/submit/poseidon/pegasus/casa-wind-full/run0250/00/00/unzip_ID0000036.meta,/mnt/poseidon-data/poseidon/workflows/casa-wind-workflow-full/submit/poseidon/pegasus/casa-wind-full/run0250/00/00/unzip_ID0000091.meta,/mnt/poseidon-data/poseidon/workflows/casa-wind-workflow-full/submit/poseidon/pegasus/casa-wind-full/run0250/00/00/unzip_ID0000051.meta,/mnt/poseidon-data/poseidon/workflows/casa-wind-workflow-full/submit/poseidon/pegasus/casa-wind-full/run0250/00/00/unzip_ID0000041.meta,/mnt/poseidon-data/poseidon/workflows/casa-wind-workflow-full/submit/poseidon/pegasus/casa-wind-full/run0250/00/00/unzip_ID0000026.meta,/mnt/poseidon-data/poseidon/workflows/casa-wind-workflow-full/submit/poseidon/pegasus/casa-wind-full/run0250/00/00/unzip_ID0000096.meta,/mnt/poseidon-data/poseidon/workflows/casa-wind-workflow-full/submit/poseidon/pegasus/casa-wind-full/run0250/00/00/unzip_ID0000021.meta,/mnt/poseidon-data/poseidon/workflows/casa-wind-workflow-full/submit/poseidon/pegasus/casa-wind-full/run0250/00/00/unzip_ID0000066.meta,/mnt/poseidon-data/poseidon/workflows/casa-wind-workflow-full/submit/poseidon/pegasus/casa-wind-full/run0250/00/00/unzip_ID0000071.meta,/mnt/poseidon-data/poseidon/workflows/casa-wind-workflow-full/submit/poseidon/pegasus/casa-wind-full/run0250/00/00/unzip_ID0000046.meta,/mnt/poseidon-data/poseidon/workflows/casa-wind-workflow-full/submit/poseidon/pegasus/casa-wind-full/run0250/00/00/unzip_ID0000116.meta,/mnt/poseidon-data/poseidon/workflows/casa-wind-workflow-full/submit/poseidon/pegasus/casa-wind-full/run0250/00/00/unzip_ID0000126.meta,/mnt/poseidon-data/poseidon/workflows/casa-wind-workflow-full/submit/poseidon/pegasus/casa-wind-full/run0250/00/00/unzip_ID0000016.meta --insert /mnt/poseidon-data/poseidon/workflows/casa-wind-workflow-full/submit/poseidon/pegasus/casa-wind-full/run0250/00/00/register_condorpool_0_0.in",3.1,0,0,,,,,,,,,
mvt_ID0000114,None,compute,0,1694399470.0,,,1694399475.0,1694399489.0,1694399501.0,27565580.8,1694399487.0,1694399555.0,1694399546.0,1694399549.0,23270.0,1694399555.0,1694399560.0,5.0,,12.0,68.0,5.0,12.0,177143652.0,3.0,73234.0,poseidon,condorpool,poseidon-worker-2-container-40-43,mvt,/opt/mvt/mvt,,39.2,0,0,0.0,813940.0,40960.0,476.0,10.0,29.9,0.1,27131.3,4096.0
post_vel_ID0000113,None,compute,0,1694399470.0,,,1694399475.0,1694399489.0,1694399504.0,19531505.8,1694399488.0,1694399520.0,1694399510.0,1694399513.0,4814.0,1694399520.0,1694399525.0,5.0,,13.0,32.0,5.0,15.0,177143937.0,3.0,14745.0,poseidon,condorpool,poseidon-worker-1-container-16-19,post_vel,/opt/netcdf2png/merged_netcdf2png,,0.1,0,0,,,,,,,,,
mvt_ID0000074,None,compute,0,1694399470.0,,,1694399475.0,1694399489.0,1694399500.0,32560508.8,1694399487.0,1694399555.0,1694399545.0,1694399548.0,12651.0,1694399555.0,1694399560.0,5.0,,12.0,68.0,5.0,11.0,177143652.0,3.0,38855.0,poseidon,condorpool,poseidon-worker-2-container-8-11,mvt,/opt/mvt/mvt,,39.2,0,0,0.0,824812.0,20480.0,500.0,5.0,29.9,0.1,27493.7,1024.0
post_vel_ID0000073,None,compute,0,1694399470.0,,,1694399475.0,1694399490.0,1694399501.0,33013636.0,1694399488.0,1694399520.0,1694399507.0,1694399510.0,3799.0,1694399520.0,1694399525.0,5.0,,13.0,32.0,5.0,11.0,177143937.0,3.0,11825.0,poseidon,condorpool,poseidon-worker-2-container-20-23,post_vel,/opt/netcdf2png/merged_netcdf2png,,0.1,0,0,,,,,,,,,
post_vel_ID0000053,None,compute,0,1694399470.0,,,1694399475.0,1694399489.0,1694399502.0,25940329.3,1694399487.0,1694399520.0,1694399507.0,1694399510.0,3588.0,1694399520.0,1694399525.0,5.0,,12.0,33.0,5.0,13.0,177143937.0,3.0,11004.0,poseidon,condorpool,poseidon-worker-2-container-44-47,post_vel,/opt/netcdf2png/merged_netcdf2png,,0.1,0,0,,,,,,,,,
post_vel_ID0000123,None,compute,0,1694399470.0,,,1694399475.0,1694399490.0,1694399501.0,29660290.5,1694399488.0,1694399520.0,1694399506.0,1694399510.0,4729.0,1694399520.0,1694399525.0,5.0,,13.0,32.0,5.0,11.0,177143937.0,4.0,14777.0,poseidon,condorpool,poseidon-worker-1-container-8-11,post_vel,/opt/netcdf2png/merged_netcdf2png,,0.2,0,0,,,,,,,,,
register_condorpool_0_1,None,auxiliary,0,1694399470.0,,,1694399525.0,,,0.0,1694399526.0,1694399530.0,,,0.0,1694399530.0,1694399535.0,55.0,,1.0,4.0,5.0,,,,,poseidon,local,poseidon-submit,pegasus::rc-client,/mnt/poseidon-data/poseidon/pegasus-5.1.0panorama/bin/pegasus-rc-client,"-n pegasus::rc-client -N null -R local  -L casa-wind-full -T 2023-09-08T07:29:05+00:00 /home/poseidon/pegasus-5.1.0panorama/bin/pegasus-rc-client --prefix pegasus.catalog.replica.output --conf /mnt/poseidon-data/poseidon/workflows/casa-wind-workflow-full/submit/poseidon/pegasus/casa-wind-full/run0250/pegasus.16076418302518465684.properties -v --meta /mnt/poseidon-data/poseidon/workflows/casa-wind-workflow-full/submit/poseidon/pegasus/casa-wind-full/run0250/00/00/unzip_ID0000121.meta,/mnt/poseidon-data/poseidon/workflows/casa-wind-workflow-full/submit/poseidon/pegasus/casa-wind-full/run0250/00/00/unzip_ID0000111.meta,/mnt/poseidon-data/poseidon/workflows/casa-wind-workflow-full/submit/poseidon/pegasus/casa-wind-full/run0250/00/00/unzip_ID0000101.meta,/mnt/poseidon-data/poseidon/workflows/casa-wind-workflow-full/submit/poseidon/pegasus/casa-wind-full/run0250/00/00/unzip_ID0000056.meta,/mnt/poseidon-data/poseidon/workflows/casa-wind-workflow-full/submit/poseidon/pegasus/casa-wind-full/run0250/00/00/unzip_ID0000081.meta,/mnt/poseidon-data/poseidon/workflows/casa-wind-workflow-full/submit/poseidon/pegasus/casa-wind-full/run0250/00/00/unzip_ID0000106.meta,/mnt/poseidon-data/poseidon/workflows/casa-wind-workflow-full/submit/poseidon/pegasus/casa-wind-full/run0250/00/00/unzip_ID0000061.meta,/mnt/poseidon-data/poseidon/workflows/casa-wind-workflow-full/submit/poseidon/pegasus/casa-wind-full/run0250/00/00/unzip_ID0000086.meta,/mnt/poseidon-data/poseidon/workflows/casa-wind-workflow-full/submit/poseidon/pegasus/casa-wind-full/run0250/00/00/unzip_ID0000076.meta,/mnt/poseidon-data/poseidon/workflows/casa-wind-workflow-full/submit/poseidon/pegasus/casa-wind-full/run0250/00/00/unzip_ID0000006.meta,/mnt/poseidon-data/poseidon/workflows/casa-wind-workflow-full/submit/poseidon/pegasus/casa-wind-full/run0250/00/00/unzip_ID0000001.meta,/mnt/poseidon-data/poseidon/workflows/casa-wind-workflow-full/submit/poseidon/pegasus/casa-wind-full/run0250/00/00/unzip_ID0000011.meta,/mnt/poseidon-data/poseidon/workflows/casa-wind-workflow-full/submit/poseidon/pegasus/casa-wind-full/run0250/00/00/unzip_ID0000031.meta,/mnt/poseidon-data/poseidon/workflows/casa-wind-workflow-full/submit/poseidon/pegasus/casa-wind-full/run0250/00/00/unzip_ID0000036.meta,/mnt/poseidon-data/poseidon/workflows/casa-wind-workflow-full/submit/poseidon/pegasus/casa-wind-full/run0250/00/00/unzip_ID0000091.meta,/mnt/poseidon-data/poseidon/workflows/casa-wind-workflow-full/submit/poseidon/pegasus/casa-wind-full/run0250/00/00/unzip_ID0000051.meta,/mnt/poseidon-data/poseidon/workflows/casa-wind-workflow-full/submit/poseidon/pegasus/casa-wind-full/run0250/00/00/unzip_ID0000041.meta,/mnt/poseidon-data/poseidon/workflows/casa-wind-workflow-full/submit/poseidon/pegasus/casa-wind-full/run0250/00/00/unzip_ID0000026.meta,/mnt/poseidon-data/poseidon/workflows/casa-wind-workflow-full/submit/poseidon/pegasus/casa-wind-full/run0250/00/00/unzip_ID0000096.meta,/mnt/poseidon-data/poseidon/workflows/casa-wind-workflow-full/submit/poseidon/pegasus/casa-wind-full/run0250/00/00/unzip_ID0000021.meta,/mnt/poseidon-data/poseidon/workflows/casa-wind-workflow-full/submit/poseidon/pegasus/casa-wind-full/run0250/00/00/unzip_ID0000066.meta,/mnt/poseidon-data/poseidon/workflows/casa-wind-workflow-full/submit/poseidon/pegasus/casa-wind-full/run0250/00/00/unzip_ID0000071.meta,/mnt/poseidon-data/poseidon/workflows/casa-wind-workflow-full/submit/poseidon/pegasus/casa-wind-full/run0250/00/00/unzip_ID0000046.meta,/mnt/poseidon-data/poseidon/workflows/casa-wind-workflow-full/submit/poseidon/pegasus/casa-wind-full/run0250/00/00/unzip_ID0000116.meta,/mnt/poseidon-data/poseidon/workflows/casa-wind-workflow-full/submit/poseidon/pegasus/casa-wind-full/run0250/00/00/unzip_ID0000126.meta,/mnt/poseidon-data/poseidon/workflows/casa-wind-workflow-full/submit/poseidon/pegasus/casa-wind-full/run0250/00/00/unzip_ID0000016.meta --insert /mnt/poseidon-data/poseidon/workflows/casa-wind-workflow-full/submit/poseidon/pegasus/casa-wind-full/run0250/00/00/register_condorpool_0_1.in",3.2,0,0,,,,,,,,,
stage_out_local_condorpool_1_1,None,transfer,0,1694399475.0,,,1694399480.0,,,0.0,1694399481.0,1694399490.0,,,0.0,1694399490.0,1694399495.0,5.0,,1.0,9.0,5.0,,,,,poseidon,local,poseidon-submit,pegasus::transfer,/mnt/poseidon-data/poseidon/pegasus-5.1.0panorama/bin/pegasus-transfer,/home/poseidon/pegasus-5.1.0panorama/bin/../bin/pegasus-kickstart  -n pegasus::transfer -N null -i - -R local  -L casa-wind-full -T 2023-09-08T07:29:05+00:00 /home/poseidon/pegasus-5.1.0panorama/bin/../bin/pegasus-transfer  --threads 2,0.9,0,0,,,,,,,,,
mvt_ID0000024,None,compute,0,1694399475.0,,,1694399480.0,1694399489.0,1694399501.0,32808432.6,1694399487.0,1694399555.0,1694399546.0,1694399549.0,9765.0,1694399555.0,1694399560.0,5.0,,7.0,68.0,5.0,12.0,177143652.0,3.0,30705.0,poseidon,condorpool,poseidon-worker-2-container-4-7,mvt,/opt/mvt/mvt,,39.8,0,0,0.0,822003.0,16384.0,494.0,4.0,29.9,0.1,27400.1,819.2
post_vel_ID0000023,cpu_2,compute,0,1694399475.0,,,1694399480.0,1694399490.0,1694399508.0,13828159.8,1694399488.0,1694399525.0,1694399514.0,1694399517.0,3776.0,1694399525.0,1694399530.0,5.0,,8.0,37.0,5.0,18.0,177143937.0,3.0,11372.0,poseidon,condorpool,poseidon-worker-1-container-4-7,post_vel,/opt/netcdf2png/merged_netcdf2png,,0.1,0,0,,,,,,,,,
mvt_ID0000104,None,compute,0,1694399475.0,,,1694399480.0,1694399489.0,1694399501.0,33567320.6,1694399487.0,1694399555.0,1694399545.0,1694399548.0,19147.0,1694399555.0,1694399560.0,5.0,,7.0,68.0,5.0,12.0,177143652.0,3.0,59590.0,poseidon,condorpool,poseidon-worker-2-container-0-3,mvt,/opt/mvt/mvt,,39.4,0,0,0.0,843948.0,32768.0,542.0,8.0,29.9,0.1,28131.6,3276.8
stage_out_local_condorpool_1_0,None,transfer,0,1694399475.0,,,1694399480.0,,,0.0,1694399481.0,1694399490.0,,,0.0,1694399490.0,1694399495.0,5.0,,1.0,9.0,5.0,,,,,poseidon,local,poseidon-submit,pegasus::transfer,/mnt/poseidon-data/poseidon/pegasus-5.1.0panorama/bin/pegasus-transfer,/home/poseidon/pegasus-5.1.0panorama/bin/../bin/pegasus-kickstart  -n pegasus::transfer -N null -i - -R local  -L casa-wind-full -T 2023-09-08T07:29:05+00:00 /home/poseidon/pegasus-5.1.0panorama/bin/../bin/pegasus-transfer  --threads 2,0.9,0,0,,,,,,,,,
post_vel_ID0000103,None,compute,0,1694399475.0,,,1694399480.0,1694399489.0,1694399501.0,27190731.3,1694399487.0,1694399520.0,1694399507.0,1694399510.0,4462.0,1694399520.0,1694399525.0,5.0,,7.0,33.0,5.0,12.0,177143937.0,3.0,13815.0,poseidon,condorpool,poseidon-worker-2-container-40-43,post_vel,/opt/netcdf2png/merged_netcdf2png,,0.1,0,0,,,,,,,,,
register_condorpool_1_2,None,auxiliary,0,1694399490.0,,,1694399495.0,,,0.0,1694399496.0,1694399500.0,,,0.0,1694399500.0,1694399505.0,5.0,,1.0,4.0,5.0,,,,,poseidon,local,poseidon-submit,pegasus::rc-client,/mnt/poseidon-data/poseidon/pegasus-5.1.0panorama/bin/pegasus-rc-client,"-n pegasus::rc-client -N null -R local  -L casa-wind-full -T 2023-09-08T07:29:05+00:00 /home/poseidon/pegasus-5.1.0panorama/bin/pegasus-rc-client --prefix pegasus.catalog.replica.output --conf /mnt/poseidon-data/poseidon/workflows/casa-wind-workflow-full/submit/poseidon/pegasus/casa-wind-full/run0250/pegasus.16076418302518465684.properties -v --meta /mnt/poseidon-data/poseidon/workflows/casa-wind-workflow-full/submit/poseidon/pegasus/casa-wind-full/run0250/00/00/um_vel_ID0000012.meta,/mnt/poseidon-data/poseidon/workflows/casa-wind-workflow-full/submit/poseidon/pegasus/casa-wind-full/run0250/00/00/um_vel_ID0000117.meta,/mnt/poseidon-data/poseidon/workflows/casa-wind-workflow-full/submit/poseidon/pegasus/casa-wind-full/run0250/00/01/um_vel_ID0000062.meta,/mnt/poseidon-data/poseidon/workflows/casa-wind-workflow-full/submit/poseidon/pegasus/casa-wind-full/run0250/00/00/um_vel_ID0000002.meta,/mnt/poseidon-data/poseidon/workflows/casa-wind-workflow-full/submit/poseidon/pegasus/casa-wind-full/run0250/00/01/um_vel_ID0000112.meta,/mnt/poseidon-data/poseidon/workflows/casa-wind-workflow-full/submit/poseidon/pegasus/casa-wind-full/run0250/00/01/um_vel_ID0000107.meta,/mnt/poseidon-data/poseidon/workflows/casa-wind-workflow-full/submit/poseidon/pegasus/casa-wind-full/run0250/00/00/um_vel_ID0000032.meta,/mnt/poseidon-data/poseidon/workflows/casa-wind-workflow-full/submit/poseidon/pegasus/casa-wind-full/run0250/00/01/um_vel_ID0000052.meta --insert /mnt/poseidon-data/poseidon/workflows/casa-wind-workflow-full/submit/poseidon/pegasus/casa-wind-full/run0250/00/01/register_condorpool_1_2.in",2.6,0,0,,,,,,,,,
register_condorpool_1_1,None,auxiliary,0,1694399495.0,,,1694399515.0,,,0.0,1694399515.0,1694399520.0,,,0.0,1694399520.0,1694399525.0,20.0,,0.0,5.0,5.0,,,,,poseidon,local,poseidon-submit,pegasus::rc-client,/mnt/poseidon-data/poseidon/pegasus-5.1.0panorama/bin/pegasus-rc-client,"-n pegasus::rc-client -N null -R local  -L casa-wind-full -T 2023-09-08T07:29:05+00:00 /home/poseidon/pegasus-5.1.0panorama/bin/pegasus-rc-client --prefix pegasus.catalog.replica.output --conf /mnt/poseidon-data/poseidon/workflows/casa-wind-workflow-full/submit/poseidon/pegasus/casa-wind-full/run0250/pegasus.16076418302518465684.properties -v --meta /mnt/poseidon-data/poseidon/workflows/casa-wind-workflow-full/submit/poseidon/pegasus/casa-wind-full/run0250/00/00/um_vel_ID0000017.meta,/mnt/poseidon-data/poseidon/workflows/casa-wind-workflow-full/submit/poseidon/pegasus/casa-wind-full/run0250/00/00/um_vel_ID0000082.meta,/mnt/poseidon-data/poseidon/workflows/casa-wind-workflow-full/submit/poseidon/pegasus/casa-wind-full/run0250/00/01/um_vel_ID0000047.meta,/mnt/poseidon-data/poseidon/workflows/casa-wind-workflow-full/submit/poseidon/pegasus/casa-wind-full/run0250/00/00/um_vel_ID0000087.meta,/mnt/poseidon-data/poseidon/workflows/casa-wind-workflow-full/submit/poseidon/pegasus/casa-wind-full/run0250/00/01/um_vel_ID0000007.meta,/mnt/poseidon-data/poseidon/workflows/casa-wind-workflow-full/submit/poseidon/pegasus/casa-wind-full/run0250/00/00/um_vel_ID0000097.meta,/mnt/poseidon-data/poseidon/workflows/casa-wind-workflow-full/submit/poseidon/pegasus/casa-wind-full/run0250/00/01/um_vel_ID0000072.meta,/mnt/poseidon-data/poseidon/workflows/casa-wind-workflow-full/submit/poseidon/pegasus/casa-wind-full/run0250/00/01/um_vel_ID0000102.meta,/mnt/poseidon-data/poseidon/workflows/casa-wind-workflow-full/submit/poseidon/pegasus/casa-wind-full/run0250/00/01/um_vel_ID0000037.meta --insert /mnt/poseidon-data/poseidon/workflows/casa-wind-workflow-full/submit/poseidon/pegasus/casa-wind-full/run0250/00/01/register_condorpool_1_1.in",2.7,0,0,,,,,,,,,
register_condorpool_1_0,None,auxiliary,0,1694399495.0,,,1694399505.0,,,0.0,1694399505.0,1694399510.0,,,0.0,1694399510.0,1694399515.0,10.0,,0.0,5.0,5.0,,,,,poseidon,local,poseidon-submit,pegasus::rc-client,/mnt/poseidon-data/poseidon/pegasus-5.1.0panorama/bin/pegasus-rc-client,"-n pegasus::rc-client -N null -R local  -L casa-wind-full -T 2023-09-08T07:29:05+00:00 /home/poseidon/pegasus-5.1.0panorama/bin/pegasus-rc-client --prefix pegasus.catalog.replica.output --conf /mnt/poseidon-data/poseidon/workflows/casa-wind-workflow-full/submit/poseidon/pegasus/casa-wind-full/run0250/pegasus.16076418302518465684.properties -v --meta /mnt/poseidon-data/poseidon/workflows/casa-wind-workflow-full/submit/poseidon/pegasus/casa-wind-full/run0250/00/01/um_vel_ID0000077.meta,/mnt/poseidon-data/poseidon/workflows/casa-wind-workflow-full/submit/poseidon/pegasus/casa-wind-full/run0250/00/00/um_vel_ID0000022.meta,/mnt/poseidon-data/poseidon/workflows/casa-wind-workflow-full/submit/poseidon/pegasus/casa-wind-full/run0250/00/01/um_vel_ID0000067.meta,/mnt/poseidon-data/poseidon/workflows/casa-wind-workflow-full/submit/poseidon/pegasus/casa-wind-full/run0250/00/00/um_vel_ID0000092.meta,/mnt/poseidon-data/poseidon/workflows/casa-wind-workflow-full/submit/poseidon/pegasus/casa-wind-full/run0250/00/00/um_vel_ID0000127.meta,/mnt/poseidon-data/poseidon/workflows/casa-wind-workflow-full/submit/poseidon/pegasus/casa-wind-full/run0250/00/01/um_vel_ID0000042.meta,/mnt/poseidon-data/poseidon/workflows/casa-wind-workflow-full/submit/poseidon/pegasus/casa-wind-full/run0250/00/00/um_vel_ID0000122.meta,/mnt/poseidon-data/poseidon/workflows/casa-wind-workflow-full/submit/poseidon/pegasus/casa-wind-full/run0250/00/01/um_vel_ID0000057.meta,/mnt/poseidon-data/poseidon/workflows/casa-wind-workflow-full/submit/poseidon/pegasus/casa-wind-full/run0250/00/00/um_vel_ID0000027.meta --insert /mnt/poseidon-data/poseidon/workflows/casa-wind-workflow-full/submit/poseidon/pegasus/casa-wind-full/run0250/00/01/register_condorpool_1_0.in",2.7,0,0,,,,,,,,,
point_alert_ID0000020,None,compute,0,1694399535.0,,,1694399540.0,1694399543.0,1694399554.0,35301778.0,1694399541.0,1694399570.0,1694399559.0,1694399562.0,6640.0,1694399570.0,1694399575.0,5.0,,1.0,29.0,5.0,11.0,176644228.0,3.0,20478.0,poseidon,condorpool,poseidon-worker-2-container-4-7,point_alert,/opt/pointAlert/pointAlert,,0.0,0,0,,,,,,,,,
point_alert_ID0000035,cpu_2,compute,0,1694399535.0,,,1694399540.0,1694399543.0,1694399554.0,33819494.6,1694399541.0,1694399570.0,1694399559.0,1694399562.0,6571.0,1694399570.0,1694399575.0,5.0,,1.0,29.0,5.0,11.0,176638959.0,3.0,20078.0,poseidon,condorpool,poseidon-worker-1-container-40-43,point_alert,/opt/pointAlert/pointAlert,,0.0,0,0,,,,,,,,,
point_alert_ID0000080,None,compute,0,1694399535.0,,,1694399540.0,1694399543.0,1694399554.0,34530097.8,1694399541.0,1694399570.0,1694399559.0,1694399562.0,6745.0,1694399570.0,1694399575.0,5.0,,1.0,29.0,5.0,11.0,176653320.0,3.0,20718.0,poseidon,condorpool,poseidon-worker-1-container-28-31,point_alert,/opt/pointAlert/pointAlert,,0.0,0,0,,,,,,,,,
point_alert_ID0000090,None,compute,0,1694399535.0,,,1694399540.0,1694399543.0,1694399554.0,34137849.6,1694399541.0,1694399570.0,1694399559.0,1694399562.0,6652.0,1694399570.0,1694399575.0,5.0,,1.0,29.0,5.0,11.0,176656458.0,3.0,20638.0,poseidon,condorpool,poseidon-worker-2-container-0-3,point_alert,/opt/pointAlert/pointAlert,,0.0,0,0,,,,,,,,,
point_alert_ID0000045,cpu_2,compute,0,1694399535.0,,,1694399540.0,1694399543.0,1694399554.0,33410325.6,1694399541.0,1694399570.0,1694399559.0,1694399562.0,6726.0,1694399570.0,1694399575.0,5.0,,1.0,29.0,5.0,11.0,176636096.0,3.0,20798.0,poseidon,condorpool,poseidon-worker-1-container-12-15,point_alert,/opt/pointAlert/pointAlert,,0.0,0,0,,,,,,,,,
point_alert_ID0000100,cpu_2,compute,0,1694399540.0,,,1694399545.0,1694399548.0,1694399559.0,29651840.5,1694399547.0,1694399575.0,1694399564.0,1694399567.0,6799.0,1694399575.0,1694399580.0,5.0,,2.0,28.0,5.0,11.0,176658101.0,3.0,20638.0,poseidon,condorpool,poseidon-worker-1-container-24-27,point_alert,/opt/pointAlert/pointAlert,,0.0,0,0,,,,,,,,,
point_alert_ID0000060,None,compute,0,1694399540.0,,,1694399545.0,1694399548.0,1694399560.0,28177909.6,1694399546.0,1694399575.0,1694399565.0,1694399568.0,6794.0,1694399575.0,1694399580.0,5.0,,1.0,29.0,5.0,12.0,176636147.0,3.0,20878.0,poseidon,condorpool,poseidon-worker-1-container-0-3,point_alert,/opt/pointAlert/pointAlert,,0.0,0,0,,,,,,,,,
point_alert_ID0000085,None,compute,0,1694399545.0,,,1694399550.0,1694399552.0,1694399563.0,29504572.5,1694399551.0,1694399580.0,1694399569.0,1694399572.0,6753.0,1694399580.0,1694399585.0,5.0,,1.0,29.0,5.0,11.0,176655981.0,3.0,21118.0,poseidon,condorpool,poseidon-worker-2-container-8-11,point_alert,/opt/pointAlert/pointAlert,,0.0,0,0,,,,,,,,,
point_alert_ID0000040,None,compute,0,1694399545.0,,,1694399550.0,1694399553.0,1694399564.0,29594797.0,1694399551.0,1694399580.0,1694399569.0,1694399572.0,6533.0,1694399580.0,1694399585.0,5.0,,1.0,29.0,5.0,11.0,176642369.0,3.0,20558.0,poseidon,condorpool,poseidon-worker-2-container-20-23,point_alert,/opt/pointAlert/pointAlert,,0.0,0,0,,,,,,,,,
point_alert_ID0000050,None,compute,0,1694399545.0,,,1694399550.0,1694399552.0,1694399564.0,29363711.0,1694399551.0,1694399580.0,1694399569.0,1694399572.0,6771.0,1694399580.0,1694399585.0,5.0,,1.0,29.0,5.0,12.0,176632091.0,3.0,20878.0,poseidon,condorpool,poseidon-worker-2-container-32-35,point_alert,/opt/pointAlert/pointAlert,,0.0,0,0,,,,,,,,,
point_alert_ID0000065,None,compute,0,1694399545.0,,,1694399550.0,1694399552.0,1694399563.0,29587737.0,1694399551.0,1694399580.0,1694399569.0,1694399572.0,6436.0,1694399580.0,1694399585.0,5.0,,1.0,29.0,5.0,11.0,176639131.0,3.0,20238.0,poseidon,condorpool,poseidon-worker-1-container-28-31,point_alert,/opt/pointAlert/pointAlert,,0.0,0,0,,,,,,,,,
point_alert_ID0000030,cpu_2,compute,0,1694399545.0,,,1694399550.0,1694399553.0,1694399564.0,29667725.0,1694399551.0,1694399580.0,1694399569.0,1694399572.0,6402.0,1694399580.0,1694399585.0,5.0,,1.0,29.0,5.0,11.0,176646324.0,3.0,20158.0,poseidon,condorpool,poseidon-worker-1-container-36-39,point_alert,/opt/pointAlert/pointAlert,,0.0,0,0,,,,,,,,,
point_alert_ID0000005,None,compute,0,1694399550.0,,,1694399555.0,1694399557.0,1694399568.0,29616884.5,1694399556.0,1694399585.0,1694399573.0,1694399576.0,6612.0,1694399585.0,1694399590.0,5.0,,1.0,29.0,5.0,11.0,176636764.0,3.0,20398.0,poseidon,condorpool,poseidon-worker-2-container-16-19,point_alert,/opt/pointAlert/pointAlert,,0.0,0,0,,,,,,,,,
point_alert_ID0000010,cpu_2,compute,0,1694399560.0,,,1694399565.0,1694399568.0,1694399579.0,29595913.0,1694399567.0,1694399595.0,1694399584.0,1694399587.0,6548.0,1694399595.0,1694399600.0,5.0,,2.0,28.0,5.0,11.0,176643412.0,3.0,20478.0,poseidon,condorpool,poseidon-worker-1-container-36-39,point_alert,/opt/pointAlert/pointAlert,,0.0,0,0,,,,,,,,,
stage_out_local_condorpool_2_3,None,transfer,0,1694399560.0,,,1694399565.0,,,0.0,1694399566.0,1694399575.0,,,0.0,1694399575.0,1694399580.0,5.0,,1.0,9.0,5.0,,,,,poseidon,local,poseidon-submit,pegasus::transfer,/mnt/poseidon-data/poseidon/pegasus-5.1.0panorama/bin/pegasus-transfer,/home/poseidon/pegasus-5.1.0panorama/bin/../bin/pegasus-kickstart  -n pegasus::transfer -N null -i - -R local  -L casa-wind-full -T 2023-09-08T07:29:05+00:00 /home/poseidon/pegasus-5.1.0panorama/bin/../bin/pegasus-transfer  --threads 2,0.9,0,0,,,,,,,,,
stage_out_local_condorpool_2_2,None,transfer,0,1694399560.0,,,1694399565.0,,,0.0,1694399566.0,1694399575.0,,,0.0,1694399575.0,1694399580.0,5.0,,1.0,9.0,5.0,,,,,poseidon,local,poseidon-submit,pegasus::transfer,/mnt/poseidon-data/poseidon/pegasus-5.1.0panorama/bin/pegasus-transfer,/home/poseidon/pegasus-5.1.0panorama/bin/../bin/pegasus-kickstart  -n pegasus::transfer -N null -i - -R local  -L casa-wind-full -T 2023-09-08T07:29:05+00:00 /home/poseidon/pegasus-5.1.0panorama/bin/../bin/pegasus-transfer  --threads 2,0.9,0,0,,,,,,,,,
point_alert_ID0000110,cpu_2,compute,0,1694399560.0,,,1694399565.0,1694399568.0,1694399579.0,29602371.5,1694399566.0,1694399595.0,1694399584.0,1694399587.0,6646.0,1694399595.0,1694399600.0,5.0,,1.0,29.0,5.0,11.0,176667937.0,3.0,21038.0,poseidon,condorpool,poseidon-worker-1-container-24-27,point_alert,/opt/pointAlert/pointAlert,,0.0,0,0,,,,,,,,,
stage_out_local_condorpool_2_4,None,transfer,0,1694399560.0,,,1694399565.0,,,0.0,1694399566.0,1694399575.0,,,0.0,1694399575.0,1694399580.0,5.0,,1.0,9.0,5.0,,,,,poseidon,local,poseidon-submit,pegasus::transfer,/mnt/poseidon-data/poseidon/pegasus-5.1.0panorama/bin/pegasus-transfer,/home/poseidon/pegasus-5.1.0panorama/bin/../bin/pegasus-kickstart  -n pegasus::transfer -N null -i - -R local  -L casa-wind-full -T 2023-09-08T07:29:05+00:00 /home/poseidon/pegasus-5.1.0panorama/bin/../bin/pegasus-transfer  --threads 2,0.8,0,0,,,,,,,,,
point_alert_ID0000025,None,compute,0,1694399560.0,,,1694399565.0,1694399568.0,1694399579.0,33738396.8,1694399566.0,1694399595.0,1694399584.0,1694399587.0,6434.0,1694399595.0,1694399600.0,5.0,,1.0,29.0,5.0,11.0,176638688.0,3.0,20078.0,poseidon,condorpool,poseidon-worker-2-container-36-39,point_alert,/opt/pointAlert/pointAlert,,0.0,0,0,,,,,,,,,
point_alert_ID0000105,None,compute,0,1694399560.0,,,1694399565.0,1694399568.0,1694399579.0,34501858.2,1694399567.0,1694399595.0,1694399584.0,1694399587.0,6779.0,1694399595.0,1694399600.0,5.0,,2.0,28.0,5.0,11.0,176667573.0,3.0,21278.0,poseidon,condorpool,poseidon-worker-1-container-0-3,point_alert,/opt/pointAlert/pointAlert,,0.0,0,0,,,,,,,,,
point_alert_ID0000070,cpu_2,compute,0,1694399560.0,,,1694399565.0,1694399568.0,1694399579.0,29614167.5,1694399566.0,1694399595.0,1694399584.0,1694399587.0,6589.0,1694399595.0,1694399600.0,5.0,,1.0,29.0,5.0,11.0,176643292.0,3.0,20558.0,poseidon,condorpool,poseidon-worker-1-container-40-43,point_alert,/opt/pointAlert/pointAlert,,0.0,0,0,,,,,,,,,
point_alert_ID0000015,cpu_2,compute,0,1694399560.0,,,1694399565.0,1694399569.0,1694399579.0,29593860.0,1694399567.0,1694399595.0,1694399585.0,1694399588.0,6653.0,1694399595.0,1694399600.0,5.0,,2.0,28.0,5.0,10.0,176639974.0,3.0,20558.0,poseidon,condorpool,poseidon-worker-1-container-12-15,point_alert,/opt/pointAlert/pointAlert,,0.0,0,0,,,,,,,,,
point_alert_ID0000115,None,compute,0,1694399560.0,,,1694399565.0,1694399568.0,1694399581.0,26432698.7,1694399566.0,1694399595.0,1694399586.0,1694399589.0,7062.0,1694399595.0,1694399600.0,5.0,,1.0,29.0,5.0,13.0,176681217.0,3.0,21598.0,poseidon,condorpool,poseidon-worker-2-container-0-3,point_alert,/opt/pointAlert/pointAlert,,0.0,0,0,,,,,,,,,
point_alert_ID0000075,None,compute,0,1694399560.0,,,1694399565.0,1694399568.0,1694399579.0,29511513.5,1694399566.0,1694399595.0,1694399584.0,1694399587.0,6538.0,1694399595.0,1694399600.0,5.0,,1.0,29.0,5.0,11.0,176646838.0,3.0,20558.0,poseidon,condorpool,poseidon-worker-2-container-12-15,point_alert,/opt/pointAlert/pointAlert,,0.0,0,0,,,,,,,,,
point_alert_ID0000055,None,compute,0,1694399560.0,,,1694399565.0,1694399568.0,1694399579.0,29536096.5,1694399566.0,1694399595.0,1694399584.0,1694399587.0,6495.0,1694399595.0,1694399600.0,5.0,,1.0,29.0,5.0,11.0,176636535.0,3.0,20638.0,poseidon,condorpool,poseidon-worker-2-container-8-11,point_alert,/opt/pointAlert/pointAlert,,0.0,0,0,,,,,,,,,
stage_out_local_condorpool_2_1,None,transfer,0,1694399565.0,,,1694399570.0,,,0.0,1694399571.0,1694399580.0,,,0.0,1694399580.0,1694399585.0,5.0,,1.0,9.0,5.0,,,,,poseidon,local,poseidon-submit,pegasus::transfer,/mnt/poseidon-data/poseidon/pegasus-5.1.0panorama/bin/pegasus-transfer,/home/poseidon/pegasus-5.1.0panorama/bin/../bin/pegasus-kickstart  -n pegasus::transfer -N null -i - -R local  -L casa-wind-full -T 2023-09-08T07:29:05+00:00 /home/poseidon/pegasus-5.1.0panorama/bin/../bin/pegasus-transfer  --threads 2,0.9,0,0,,,,,,,,,
point_alert_ID0000125,None,compute,0,1694399565.0,,,1694399570.0,1694399573.0,1694399583.0,33713822.8,1694399571.0,1694399600.0,1694399589.0,1694399592.0,7448.0,1694399600.0,1694399605.0,5.0,,1.0,29.0,5.0,10.0,176678547.0,3.0,22878.0,poseidon,condorpool,poseidon-worker-2-container-0-3,point_alert,/opt/pointAlert/pointAlert,,0.0,0,0,,,,,,,,,
stage_out_local_condorpool_2_5,None,transfer,0,1694399565.0,,,1694399570.0,,,0.0,1694399571.0,1694399580.0,,,0.0,1694399580.0,1694399585.0,5.0,,1.0,9.0,5.0,,,,,poseidon,local,poseidon-submit,pegasus::transfer,/mnt/poseidon-data/poseidon/pegasus-5.1.0panorama/bin/pegasus-transfer,/home/poseidon/pegasus-5.1.0panorama/bin/../bin/pegasus-kickstart  -n pegasus::transfer -N null -i - -R local  -L casa-wind-full -T 2023-09-08T07:29:05+00:00 /home/poseidon/pegasus-5.1.0panorama/bin/../bin/pegasus-transfer  --threads 2,0.9,0,0,,,,,,,,,
point_alert_ID0000095,cpu_2,compute,0,1694399565.0,,,1694399570.0,1694399572.0,1694399583.0,29564624.5,1694399571.0,1694399600.0,1694399588.0,1694399592.0,6742.0,1694399600.0,1694399605.0,5.0,,1.0,29.0,5.0,11.0,176660390.0,4.0,20718.0,poseidon,condorpool,poseidon-worker-1-container-12-15,point_alert,/opt/pointAlert/pointAlert,,0.0,0,0,,,,,,,,,
point_alert_ID0000120,cpu_2,compute,0,1694399565.0,,,1694399570.0,1694399573.0,1694399583.0,29648264.5,1694399571.0,1694399600.0,1694399589.0,1694399592.0,7210.0,1694399600.0,1694399605.0,5.0,,1.0,29.0,5.0,10.0,176673508.0,3.0,21998.0,poseidon,condorpool,poseidon-worker-1-container-40-43,point_alert,/opt/pointAlert/pointAlert,,0.0,0,0,,,,,,,,,
point_alert_ID0000130,None,compute,0,1694399570.0,,,1694399575.0,1694399578.0,1694399588.0,29580328.0,1694399576.0,1694399605.0,1694399594.0,1694399597.0,7593.0,1694399605.0,1694399610.0,5.0,,1.0,29.0,5.0,10.0,176672472.0,3.0,23118.0,poseidon,condorpool,poseidon-worker-2-container-4-7,point_alert,/opt/pointAlert/pointAlert,,0.0,0,0,,,,,,,,,
stage_out_local_condorpool_2_0,None,transfer,0,1694399570.0,,,1694399575.0,,,0.0,1694399576.0,1694399585.0,,,0.0,1694399585.0,1694399590.0,5.0,,1.0,9.0,5.0,,,,,poseidon,local,poseidon-submit,pegasus::transfer,/mnt/poseidon-data/poseidon/pegasus-5.1.0panorama/bin/pegasus-transfer,/home/poseidon/pegasus-5.1.0panorama/bin/../bin/pegasus-kickstart  -n pegasus::transfer -N null -i - -R local  -L casa-wind-full -T 2023-09-08T07:29:05+00:00 /home/poseidon/pegasus-5.1.0panorama/bin/../bin/pegasus-transfer  --threads 2,0.9,0,0,,,,,,,,,
register_condorpool_2_3,None,auxiliary,0,1694399580.0,,,1694399585.0,,,0.0,1694399586.0,1694399590.0,,,0.0,1694399590.0,1694399595.0,5.0,,1.0,4.0,5.0,,,,,poseidon,local,poseidon-submit,pegasus::rc-client,/mnt/poseidon-data/poseidon/pegasus-5.1.0panorama/bin/pegasus-rc-client,"-n pegasus::rc-client -N null -R local  -L casa-wind-full -T 2023-09-08T07:29:05+00:00 /home/poseidon/pegasus-5.1.0panorama/bin/pegasus-rc-client --prefix pegasus.catalog.replica.output --conf /mnt/poseidon-data/poseidon/workflows/casa-wind-workflow-full/submit/poseidon/pegasus/casa-wind-full/run0250/pegasus.16076418302518465684.properties -v --meta /mnt/poseidon-data/poseidon/workflows/casa-wind-workflow-full/submit/poseidon/pegasus/casa-wind-full/run0250/00/01/post_vel_ID0000018.meta,/mnt/poseidon-data/poseidon/workflows/casa-wind-workflow-full/submit/poseidon/pegasus/casa-wind-full/run0250/00/01/post_vel_ID0000098.meta,/mnt/poseidon-data/poseidon/workflows/casa-wind-workflow-full/submit/poseidon/pegasus/casa-wind-full/run0250/00/01/mvt_ID0000009.meta,/mnt/poseidon-data/poseidon/workflows/casa-wind-workflow-full/submit/poseidon/pegasus/casa-wind-full/run0250/00/02/post_vel_ID0000038.meta,/mnt/poseidon-data/poseidon/workflows/casa-wind-workflow-full/submit/poseidon/pegasus/casa-wind-full/run0250/00/02/post_vel_ID0000048.meta,/mnt/poseidon-data/poseidon/workflows/casa-wind-workflow-full/submit/poseidon/pegasus/casa-wind-full/run0250/00/02/mvt_ID0000074.meta,/mnt/poseidon-data/poseidon/workflows/casa-wind-workflow-full/submit/poseidon/pegasus/casa-wind-full/run0250/00/01/mvt_ID0000089.meta,/mnt/poseidon-data/poseidon/workflows/casa-wind-workflow-full/submit/poseidon/pegasus/casa-wind-full/run0250/00/02/post_vel_ID0000103.meta,/mnt/poseidon-data/poseidon/workflows/casa-wind-workflow-full/submit/poseidon/pegasus/casa-wind-full/run0250/00/01/mvt_ID0000084.meta --insert /mnt/poseidon-data/poseidon/workflows/casa-wind-workflow-full/submit/poseidon/pegasus/casa-wind-full/run0250/00/02/register_condorpool_2_3.in",2.6,0,0,,,,,,,,,
register_condorpool_2_2,None,auxiliary,0,1694399580.0,,,1694399615.0,,,0.0,1694399616.0,1694399620.0,,,0.0,1694399620.0,1694399625.0,35.0,,1.0,4.0,5.0,,,,,poseidon,local,poseidon-submit,pegasus::rc-client,/mnt/poseidon-data/poseidon/pegasus-5.1.0panorama/bin/pegasus-rc-client,"-n pegasus::rc-client -N null -R local  -L casa-wind-full -T 2023-09-08T07:29:05+00:00 /home/poseidon/pegasus-5.1.0panorama/bin/pegasus-rc-client --prefix pegasus.catalog.replica.output --conf /mnt/poseidon-data/poseidon/workflows/casa-wind-workflow-full/submit/poseidon/pegasus/casa-wind-full/run0250/pegasus.16076418302518465684.properties -v --meta /mnt/poseidon-data/poseidon/workflows/casa-wind-workflow-full/submit/poseidon/pegasus/casa-wind-full/run0250/00/01/post_vel_ID0000088.meta,/mnt/poseidon-data/poseidon/workflows/casa-wind-workflow-full/submit/poseidon/pegasus/casa-wind-full/run0250/00/01/mvt_ID0000099.meta,/mnt/poseidon-data/poseidon/workflows/casa-wind-workflow-full/submit/poseidon/pegasus/casa-wind-full/run0250/00/02/mvt_ID0000049.meta,/mnt/poseidon-data/poseidon/workflows/casa-wind-workflow-full/submit/poseidon/pegasus/casa-wind-full/run0250/00/02/mvt_ID0000104.meta,/mnt/poseidon-data/poseidon/workflows/casa-wind-workflow-full/submit/poseidon/pegasus/casa-wind-full/run0250/00/01/mvt_ID0000019.meta,/mnt/poseidon-data/poseidon/workflows/casa-wind-workflow-full/submit/poseidon/pegasus/casa-wind-full/run0250/00/01/post_vel_ID0000083.meta,/mnt/poseidon-data/poseidon/workflows/casa-wind-workflow-full/submit/poseidon/pegasus/casa-wind-full/run0250/00/01/post_vel_ID0000008.meta,/mnt/poseidon-data/poseidon/workflows/casa-wind-workflow-full/submit/poseidon/pegasus/casa-wind-full/run0250/00/02/mvt_ID0000039.meta,/mnt/poseidon-data/poseidon/workflows/casa-wind-workflow-full/submit/poseidon/pegasus/casa-wind-full/run0250/00/02/post_vel_ID0000073.meta --insert /mnt/poseidon-data/poseidon/workflows/casa-wind-workflow-full/submit/poseidon/pegasus/casa-wind-full/run0250/00/02/register_condorpool_2_2.in",2.6,0,0,,,,,,,,,
register_condorpool_2_4,None,auxiliary,0,1694399580.0,,,1694399656.0,,,0.0,1694399656.0,1694399661.0,,,0.0,1694399661.0,1694399666.0,76.0,,0.0,5.0,5.0,,,,,poseidon,local,poseidon-submit,pegasus::rc-client,/mnt/poseidon-data/poseidon/pegasus-5.1.0panorama/bin/pegasus-rc-client,"-n pegasus::rc-client -N null -R local  -L casa-wind-full -T 2023-09-08T07:29:05+00:00 /home/poseidon/pegasus-5.1.0panorama/bin/pegasus-rc-client --prefix pegasus.catalog.replica.output --conf /mnt/poseidon-data/poseidon/workflows/casa-wind-workflow-full/submit/poseidon/pegasus/casa-wind-full/run0250/pegasus.16076418302518465684.properties -v --meta /mnt/poseidon-data/poseidon/workflows/casa-wind-workflow-full/submit/poseidon/pegasus/casa-wind-full/run0250/00/01/post_vel_ID0000003.meta,/mnt/poseidon-data/poseidon/workflows/casa-wind-workflow-full/submit/poseidon/pegasus/casa-wind-full/run0250/00/02/mvt_ID0000054.meta,/mnt/poseidon-data/poseidon/workflows/casa-wind-workflow-full/submit/poseidon/pegasus/casa-wind-full/run0250/00/01/post_vel_ID0000063.meta,/mnt/poseidon-data/poseidon/workflows/casa-wind-workflow-full/submit/poseidon/pegasus/casa-wind-full/run0250/00/01/post_vel_ID0000013.meta,/mnt/poseidon-data/poseidon/workflows/casa-wind-workflow-full/submit/poseidon/pegasus/casa-wind-full/run0250/00/02/post_vel_ID0000113.meta,/mnt/poseidon-data/poseidon/workflows/casa-wind-workflow-full/submit/poseidon/pegasus/casa-wind-full/run0250/00/01/post_vel_ID0000118.meta,/mnt/poseidon-data/poseidon/workflows/casa-wind-workflow-full/submit/poseidon/pegasus/casa-wind-full/run0250/00/01/post_vel_ID0000033.meta,/mnt/poseidon-data/poseidon/workflows/casa-wind-workflow-full/submit/poseidon/pegasus/casa-wind-full/run0250/00/02/post_vel_ID0000108.meta --insert /mnt/poseidon-data/poseidon/workflows/casa-wind-workflow-full/submit/poseidon/pegasus/casa-wind-full/run0250/00/02/register_condorpool_2_4.in",2.6,0,0,,,,,,,,,
register_condorpool_2_1,None,auxiliary,0,1694399585.0,,,1694399595.0,,,0.0,1694399595.0,1694399600.0,,,0.0,1694399600.0,1694399605.0,10.0,,0.0,5.0,5.0,,,,,poseidon,local,poseidon-submit,pegasus::rc-client,/mnt/poseidon-data/poseidon/pegasus-5.1.0panorama/bin/pegasus-rc-client,"-n pegasus::rc-client -N null -R local  -L casa-wind-full -T 2023-09-08T07:29:05+00:00 /home/poseidon/pegasus-5.1.0panorama/bin/pegasus-rc-client --prefix pegasus.catalog.replica.output --conf /mnt/poseidon-data/poseidon/workflows/casa-wind-workflow-full/submit/poseidon/pegasus/casa-wind-full/run0250/pegasus.16076418302518465684.properties -v --meta /mnt/poseidon-data/poseidon/workflows/casa-wind-workflow-full/submit/poseidon/pegasus/casa-wind-full/run0250/00/02/post_vel_ID0000043.meta,/mnt/poseidon-data/poseidon/workflows/casa-wind-workflow-full/submit/poseidon/pegasus/casa-wind-full/run0250/00/01/mvt_ID0000069.meta,/mnt/poseidon-data/poseidon/workflows/casa-wind-workflow-full/submit/poseidon/pegasus/casa-wind-full/run0250/00/01/post_vel_ID0000128.meta,/mnt/poseidon-data/poseidon/workflows/casa-wind-workflow-full/submit/poseidon/pegasus/casa-wind-full/run0250/00/02/mvt_ID0000059.meta,/mnt/poseidon-data/poseidon/workflows/casa-wind-workflow-full/submit/poseidon/pegasus/casa-wind-full/run0250/00/01/post_vel_ID0000028.meta,/mnt/poseidon-data/poseidon/workflows/casa-wind-workflow-full/submit/poseidon/pegasus/casa-wind-full/run0250/00/02/mvt_ID0000079.meta,/mnt/poseidon-data/poseidon/workflows/casa-wind-workflow-full/submit/poseidon/pegasus/casa-wind-full/run0250/00/01/mvt_ID0000124.meta,/mnt/poseidon-data/poseidon/workflows/casa-wind-workflow-full/submit/poseidon/pegasus/casa-wind-full/run0250/00/01/mvt_ID0000024.meta,/mnt/poseidon-data/poseidon/workflows/casa-wind-workflow-full/submit/poseidon/pegasus/casa-wind-full/run0250/00/01/mvt_ID0000094.meta --insert /mnt/poseidon-data/poseidon/workflows/casa-wind-workflow-full/submit/poseidon/pegasus/casa-wind-full/run0250/00/02/register_condorpool_2_1.in",2.6,0,0,,,,,,,,,
register_condorpool_2_5,None,auxiliary,0,1694399585.0,,,1694399605.0,,,0.0,1694399606.0,1694399610.0,,,0.0,1694399610.0,1694399615.0,20.0,,1.0,4.0,5.0,,,,,poseidon,local,poseidon-submit,pegasus::rc-client,/mnt/poseidon-data/poseidon/pegasus-5.1.0panorama/bin/pegasus-rc-client,"-n pegasus::rc-client -N null -R local  -L casa-wind-full -T 2023-09-08T07:29:05+00:00 /home/poseidon/pegasus-5.1.0panorama/bin/pegasus-rc-client --prefix pegasus.catalog.replica.output --conf /mnt/poseidon-data/poseidon/workflows/casa-wind-workflow-full/submit/poseidon/pegasus/casa-wind-full/run0250/pegasus.16076418302518465684.properties -v --meta /mnt/poseidon-data/poseidon/workflows/casa-wind-workflow-full/submit/poseidon/pegasus/casa-wind-full/run0250/00/02/mvt_ID0000114.meta,/mnt/poseidon-data/poseidon/workflows/casa-wind-workflow-full/submit/poseidon/pegasus/casa-wind-full/run0250/00/02/post_vel_ID0000053.meta,/mnt/poseidon-data/poseidon/workflows/casa-wind-workflow-full/submit/poseidon/pegasus/casa-wind-full/run0250/00/01/mvt_ID0000014.meta,/mnt/poseidon-data/poseidon/workflows/casa-wind-workflow-full/submit/poseidon/pegasus/casa-wind-full/run0250/00/01/mvt_ID0000064.meta,/mnt/poseidon-data/poseidon/workflows/casa-wind-workflow-full/submit/poseidon/pegasus/casa-wind-full/run0250/00/01/mvt_ID0000034.meta,/mnt/poseidon-data/poseidon/workflows/casa-wind-workflow-full/submit/poseidon/pegasus/casa-wind-full/run0250/00/02/mvt_ID0000109.meta,/mnt/poseidon-data/poseidon/workflows/casa-wind-workflow-full/submit/poseidon/pegasus/casa-wind-full/run0250/00/01/mvt_ID0000004.meta,/mnt/poseidon-data/poseidon/workflows/casa-wind-workflow-full/submit/poseidon/pegasus/casa-wind-full/run0250/00/01/mvt_ID0000119.meta --insert /mnt/poseidon-data/poseidon/workflows/casa-wind-workflow-full/submit/poseidon/pegasus/casa-wind-full/run0250/00/02/register_condorpool_2_5.in",2.6,0,0,,,,,,,,,
register_condorpool_2_0,None,auxiliary,0,1694399590.0,,,1694399666.0,,,0.0,1694399666.0,1694399671.0,,,0.0,1694399671.0,1694399676.0,76.0,,0.0,5.0,5.0,,,,,poseidon,local,poseidon-submit,pegasus::rc-client,/mnt/poseidon-data/poseidon/pegasus-5.1.0panorama/bin/pegasus-rc-client,"-n pegasus::rc-client -N null -R local  -L casa-wind-full -T 2023-09-08T07:29:05+00:00 /home/poseidon/pegasus-5.1.0panorama/bin/pegasus-rc-client --prefix pegasus.catalog.replica.output --conf /mnt/poseidon-data/poseidon/workflows/casa-wind-workflow-full/submit/poseidon/pegasus/casa-wind-full/run0250/pegasus.16076418302518465684.properties -v --meta /mnt/poseidon-data/poseidon/workflows/casa-wind-workflow-full/submit/poseidon/pegasus/casa-wind-full/run0250/00/01/post_vel_ID0000123.meta,/mnt/poseidon-data/poseidon/workflows/casa-wind-workflow-full/submit/poseidon/pegasus/casa-wind-full/run0250/00/02/mvt_ID0000044.meta,/mnt/poseidon-data/poseidon/workflows/casa-wind-workflow-full/submit/poseidon/pegasus/casa-wind-full/run0250/00/01/post_vel_ID0000023.meta,/mnt/poseidon-data/poseidon/workflows/casa-wind-workflow-full/submit/poseidon/pegasus/casa-wind-full/run0250/00/01/mvt_ID0000129.meta,/mnt/poseidon-data/poseidon/workflows/casa-wind-workflow-full/submit/poseidon/pegasus/casa-wind-full/run0250/00/01/post_vel_ID0000068.meta,/mnt/poseidon-data/poseidon/workflows/casa-wind-workflow-full/submit/poseidon/pegasus/casa-wind-full/run0250/00/01/mvt_ID0000029.meta,/mnt/poseidon-data/poseidon/workflows/casa-wind-workflow-full/submit/poseidon/pegasus/casa-wind-full/run0250/00/01/post_vel_ID0000093.meta,/mnt/poseidon-data/poseidon/workflows/casa-wind-workflow-full/submit/poseidon/pegasus/casa-wind-full/run0250/00/02/post_vel_ID0000078.meta,/mnt/poseidon-data/poseidon/workflows/casa-wind-workflow-full/submit/poseidon/pegasus/casa-wind-full/run0250/00/02/post_vel_ID0000058.meta --insert /mnt/poseidon-data/poseidon/workflows/casa-wind-workflow-full/submit/poseidon/pegasus/casa-wind-full/run0250/00/02/register_condorpool_2_0.in",2.6,0,0,,,,,,,,,
stage_out_local_condorpool_3_1,None,transfer,0,1694399600.0,,,1694399605.0,,,0.0,1694399606.0,1694399610.0,,,0.0,1694399610.0,1694399615.0,5.0,,1.0,4.0,5.0,,,,,poseidon,local,poseidon-submit,pegasus::transfer,/mnt/poseidon-data/poseidon/pegasus-5.1.0panorama/bin/pegasus-transfer,/home/poseidon/pegasus-5.1.0panorama/bin/../bin/pegasus-kickstart  -n pegasus::transfer -N null -i - -R local  -L casa-wind-full -T 2023-09-08T07:29:05+00:00 /home/poseidon/pegasus-5.1.0panorama/bin/../bin/pegasus-transfer  --threads 2,0.9,0,0,,,,,,,,,
stage_out_local_condorpool_3_2,None,transfer,0,1694399605.0,,,1694399610.0,,,0.0,1694399611.0,1694399620.0,,,0.0,1694399620.0,1694399625.0,5.0,,1.0,9.0,5.0,,,,,poseidon,local,poseidon-submit,pegasus::transfer,/mnt/poseidon-data/poseidon/pegasus-5.1.0panorama/bin/pegasus-transfer,/home/poseidon/pegasus-5.1.0panorama/bin/../bin/pegasus-kickstart  -n pegasus::transfer -N null -i - -R local  -L casa-wind-full -T 2023-09-08T07:29:05+00:00 /home/poseidon/pegasus-5.1.0panorama/bin/../bin/pegasus-transfer  --threads 2,0.8,0,0,,,,,,,,,
stage_out_local_condorpool_3_0,None,transfer,0,1694399610.0,,,1694399615.0,,,0.0,1694399616.0,1694399625.0,,,0.0,1694399625.0,1694399630.0,5.0,,1.0,9.0,5.0,,,,,poseidon,local,poseidon-submit,pegasus::transfer,/mnt/poseidon-data/poseidon/pegasus-5.1.0panorama/bin/pegasus-transfer,/home/poseidon/pegasus-5.1.0panorama/bin/../bin/pegasus-kickstart  -n pegasus::transfer -N null -i - -R local  -L casa-wind-full -T 2023-09-08T07:29:05+00:00 /home/poseidon/pegasus-5.1.0panorama/bin/../bin/pegasus-transfer  --threads 2,0.9,0,0,,,,,,,,,
register_condorpool_3_1,None,auxiliary,0,1694399615.0,,,1694399625.0,,,0.0,1694399625.0,1694399630.0,,,0.0,1694399630.0,1694399635.0,10.0,,0.0,5.0,5.0,,,,,poseidon,local,poseidon-submit,pegasus::rc-client,/mnt/poseidon-data/poseidon/pegasus-5.1.0panorama/bin/pegasus-rc-client,"-n pegasus::rc-client -N null -R local  -L casa-wind-full -T 2023-09-08T07:29:05+00:00 /home/poseidon/pegasus-5.1.0panorama/bin/pegasus-rc-client --prefix pegasus.catalog.replica.output --conf /mnt/poseidon-data/poseidon/workflows/casa-wind-workflow-full/submit/poseidon/pegasus/casa-wind-full/run0250/pegasus.16076418302518465684.properties -v --meta /mnt/poseidon-data/poseidon/workflows/casa-wind-workflow-full/submit/poseidon/pegasus/casa-wind-full/run0250/00/02/point_alert_ID0000075.meta,/mnt/poseidon-data/poseidon/workflows/casa-wind-workflow-full/submit/poseidon/pegasus/casa-wind-full/run0250/00/02/point_alert_ID0000100.meta,/mnt/poseidon-data/poseidon/workflows/casa-wind-workflow-full/submit/poseidon/pegasus/casa-wind-full/run0250/00/02/point_alert_ID0000020.meta,/mnt/poseidon-data/poseidon/workflows/casa-wind-workflow-full/submit/poseidon/pegasus/casa-wind-full/run0250/00/02/point_alert_ID0000090.meta,/mnt/poseidon-data/poseidon/workflows/casa-wind-workflow-full/submit/poseidon/pegasus/casa-wind-full/run0250/00/03/point_alert_ID0000105.meta,/mnt/poseidon-data/poseidon/workflows/casa-wind-workflow-full/submit/poseidon/pegasus/casa-wind-full/run0250/00/02/point_alert_ID0000010.meta,/mnt/poseidon-data/poseidon/workflows/casa-wind-workflow-full/submit/poseidon/pegasus/casa-wind-full/run0250/00/03/point_alert_ID0000050.meta,/mnt/poseidon-data/poseidon/workflows/casa-wind-workflow-full/submit/poseidon/pegasus/casa-wind-full/run0250/00/02/point_alert_ID0000085.meta,/mnt/poseidon-data/poseidon/workflows/casa-wind-workflow-full/submit/poseidon/pegasus/casa-wind-full/run0250/00/03/point_alert_ID0000040.meta --insert /mnt/poseidon-data/poseidon/workflows/casa-wind-workflow-full/submit/poseidon/pegasus/casa-wind-full/run0250/00/03/register_condorpool_3_1.in",2.6,0,0,,,,,,,,,
register_condorpool_3_2,None,auxiliary,0,1694399625.0,,,1694399635.0,,,0.0,1694399636.0,1694399640.0,,,0.0,1694399640.0,1694399646.0,10.0,,1.0,4.0,6.0,,,,,poseidon,local,poseidon-submit,pegasus::rc-client,/mnt/poseidon-data/poseidon/pegasus-5.1.0panorama/bin/pegasus-rc-client,"-n pegasus::rc-client -N null -R local  -L casa-wind-full -T 2023-09-08T07:29:05+00:00 /home/poseidon/pegasus-5.1.0panorama/bin/pegasus-rc-client --prefix pegasus.catalog.replica.output --conf /mnt/poseidon-data/poseidon/workflows/casa-wind-workflow-full/submit/poseidon/pegasus/casa-wind-full/run0250/pegasus.16076418302518465684.properties -v --meta /mnt/poseidon-data/poseidon/workflows/casa-wind-workflow-full/submit/poseidon/pegasus/casa-wind-full/run0250/00/02/point_alert_ID0000035.meta,/mnt/poseidon-data/poseidon/workflows/casa-wind-workflow-full/submit/poseidon/pegasus/casa-wind-full/run0250/00/03/point_alert_ID0000055.meta,/mnt/poseidon-data/poseidon/workflows/casa-wind-workflow-full/submit/poseidon/pegasus/casa-wind-full/run0250/00/03/point_alert_ID0000110.meta,/mnt/poseidon-data/poseidon/workflows/casa-wind-workflow-full/submit/poseidon/pegasus/casa-wind-full/run0250/00/02/point_alert_ID0000015.meta,/mnt/poseidon-data/poseidon/workflows/casa-wind-workflow-full/submit/poseidon/pegasus/casa-wind-full/run0250/00/02/point_alert_ID0000005.meta,/mnt/poseidon-data/poseidon/workflows/casa-wind-workflow-full/submit/poseidon/pegasus/casa-wind-full/run0250/00/02/point_alert_ID0000065.meta,/mnt/poseidon-data/poseidon/workflows/casa-wind-workflow-full/submit/poseidon/pegasus/casa-wind-full/run0250/00/02/point_alert_ID0000115.meta,/mnt/poseidon-data/poseidon/workflows/casa-wind-workflow-full/submit/poseidon/pegasus/casa-wind-full/run0250/00/02/point_alert_ID0000120.meta --insert /mnt/poseidon-data/poseidon/workflows/casa-wind-workflow-full/submit/poseidon/pegasus/casa-wind-full/run0250/00/03/register_condorpool_3_2.in",2.6,0,0,,,,,,,,,
cleanup_casa-wind-full_0_condorpool,None,auxiliary,0,1694399630.0,,,1694399635.0,,,0.0,1694399636.0,1694399640.0,,,0.0,1694399640.0,1694399646.0,5.0,,1.0,4.0,6.0,,,,,poseidon,local,poseidon-submit,pegasus::cleanup,/mnt/poseidon-data/poseidon/pegasus-5.1.0panorama/bin/pegasus-transfer,pegasus-kickstart  -n pegasus::cleanup -N null -i - -R local  -L casa-wind-full -T 2023-09-08T07:29:05+00:00 pegasus-transfer,0.2,0,0,,,,,,,,,
register_condorpool_3_0,None,auxiliary,0,1694399630.0,,,1694399646.0,,,0.0,1694399646.0,1694399651.0,,,0.0,1694399651.0,1694399656.0,16.0,,0.0,5.0,5.0,,,,,poseidon,local,poseidon-submit,pegasus::rc-client,/mnt/poseidon-data/poseidon/pegasus-5.1.0panorama/bin/pegasus-rc-client,"-n pegasus::rc-client -N null -R local  -L casa-wind-full -T 2023-09-08T07:29:05+00:00 /home/poseidon/pegasus-5.1.0panorama/bin/pegasus-rc-client --prefix pegasus.catalog.replica.output --conf /mnt/poseidon-data/poseidon/workflows/casa-wind-workflow-full/submit/poseidon/pegasus/casa-wind-full/run0250/pegasus.16076418302518465684.properties -v --meta /mnt/poseidon-data/poseidon/workflows/casa-wind-workflow-full/submit/poseidon/pegasus/casa-wind-full/run0250/00/02/point_alert_ID0000095.meta,/mnt/poseidon-data/poseidon/workflows/casa-wind-workflow-full/submit/poseidon/pegasus/casa-wind-full/run0250/00/02/point_alert_ID0000130.meta,/mnt/poseidon-data/poseidon/workflows/casa-wind-workflow-full/submit/poseidon/pegasus/casa-wind-full/run0250/00/02/point_alert_ID0000125.meta,/mnt/poseidon-data/poseidon/workflows/casa-wind-workflow-full/submit/poseidon/pegasus/casa-wind-full/run0250/00/02/point_alert_ID0000030.meta,/mnt/poseidon-data/poseidon/workflows/casa-wind-workflow-full/submit/poseidon/pegasus/casa-wind-full/run0250/00/03/point_alert_ID0000060.meta,/mnt/poseidon-data/poseidon/workflows/casa-wind-workflow-full/submit/poseidon/pegasus/casa-wind-full/run0250/00/02/point_alert_ID0000025.meta,/mnt/poseidon-data/poseidon/workflows/casa-wind-workflow-full/submit/poseidon/pegasus/casa-wind-full/run0250/00/02/point_alert_ID0000070.meta,/mnt/poseidon-data/poseidon/workflows/casa-wind-workflow-full/submit/poseidon/pegasus/casa-wind-full/run0250/00/02/point_alert_ID0000080.meta,/mnt/poseidon-data/poseidon/workflows/casa-wind-workflow-full/submit/poseidon/pegasus/casa-wind-full/run0250/00/03/point_alert_ID0000045.meta --insert /mnt/poseidon-data/poseidon/workflows/casa-wind-workflow-full/submit/poseidon/pegasus/casa-wind-full/run0250/00/03/register_condorpool_3_0.in",2.6,0,0,,,,,,,,,
