,anomaly_type,type,is_clustered,ready,pre_script_start,pre_script_end,submit,stage_in_start,stage_in_end,stage_in_effective_bytes_per_sec,execute_start,execute_end,stage_out_start,stage_out_end,stage_out_effective_bytes_per_sec,post_script_start,post_script_end,wms_delay,pre_script_delay,queue_delay,runtime,post_script_delay,stage_in_delay,stage_in_bytes,stage_out_delay,stage_out_bytes,kickstart_user,kickstart_site,kickstart_hostname,kickstart_transformations,kickstart_executables,kickstart_executables_argv,kickstart_executables_cpu_time,kickstart_status,kickstart_executables_exitcode,kickstart_online_iowait,kickstart_online_bytes_read,kickstart_online_bytes_written,kickstart_online_read_system_calls,kickstart_online_write_system_calls,kickstart_online_utime,kickstart_online_stime,kickstart_online_bytes_read_per_second,kickstart_online_bytes_written_per_second
create_dir_casa-wind-full_0_condorpool,None,auxiliary,0,1694370075.0,,,1694370076.0,,,0.0,1694370080.0,1694370086.0,,,0.0,1694370086.0,1694370091.0,1.0,,4.0,6.0,5.0,,,,,poseidon,local,poseidon-submit,pegasus::dirmanager,/mnt/poseidon-data/poseidon/pegasus-5.1.0panorama/bin/pegasus-transfer,pegasus-kickstart  -n pegasus::dirmanager -N null -i - -R local  -L casa-wind-full -T 2023-09-08T07:29:05+00:00 pegasus-transfer,0.2,0,0,,,,,,,,,
unzip_ID0000006,None,compute,0,1694370091.0,,,1694370097.0,1694370111.0,1694370120.0,24878558.0,1694370109.0,1694370157.0,1694370133.0,1694370149.0,31508988.0,1694370157.0,1694370162.0,6.0,,12.0,48.0,5.0,9.0,222753803.0,16.0,501616588.0,poseidon,condorpool,poseidon-worker-1-container-0-3,unzip,/usr/bin/gunzip,,3.9,0,0,,,,,,,,,
unzip_ID0000106,None,compute,0,1694370091.0,,,1694370097.0,1694370108.0,1694370117.0,29506299.0,1694370107.0,1694370152.0,1694370129.0,1694370147.0,29148749.0,1694370152.0,1694370157.0,6.0,,10.0,45.0,5.0,9.0,241199298.0,18.0,501821816.0,poseidon,condorpool,poseidon-worker-1-container-8-11,unzip,/usr/bin/gunzip,,4.0,0,0,,,,,,,,,
unzip_ID0000046,None,compute,0,1694370091.0,,,1694370096.0,1694370107.0,1694370116.0,26832197.0,1694370105.0,1694370147.0,1694370128.0,1694370138.0,49881415.0,1694370147.0,1694370152.0,5.0,,9.0,42.0,5.0,9.0,229692821.0,10.0,523855228.0,poseidon,condorpool,poseidon-worker-2-container-4-7,unzip,/usr/bin/gunzip,,4.0,0,0,,,,,,,,,
unzip_ID0000101,cpu_2,compute,0,1694370091.0,,,1694370096.0,1694370107.0,1694370117.0,26819365.0,1694370106.0,1694370157.0,1694370130.0,1694370147.0,33420423.0,1694370157.0,1694370162.0,5.0,,10.0,51.0,5.0,10.0,250988249.0,17.0,561551644.0,poseidon,condorpool,poseidon-worker-2-container-8-11,unzip,/usr/bin/gunzip,,4.3,0,0,,,,,,,,,
unzip_ID0000026,None,compute,0,1694370091.0,,,1694370096.0,1694370107.0,1694370115.0,30001461.0,1694370105.0,1694370147.0,1694370127.0,1694370136.0,55275418.0,1694370147.0,1694370152.0,5.0,,9.0,42.0,5.0,8.0,227963832.0,9.0,523917888.0,poseidon,condorpool,poseidon-worker-2-container-20-23,unzip,/usr/bin/gunzip,,4.0,0,0,,,,,,,,,
unzip_ID0000126,None,compute,0,1694370091.0,,,1694370096.0,1694370108.0,1694370115.0,33753160.0,1694370106.0,1694370147.0,1694370127.0,1694370137.0,53908643.0,1694370147.0,1694370152.0,5.0,,10.0,41.0,5.0,7.0,249343892.0,10.0,520618424.0,poseidon,condorpool,poseidon-worker-2-container-16-19,unzip,/usr/bin/gunzip,,4.1,0,0,,,,,,,,,
unzip_ID0000031,None,compute,0,1694370091.0,,,1694370096.0,1694370107.0,1694370115.0,29982466.0,1694370105.0,1694370147.0,1694370127.0,1694370138.0,48505339.0,1694370147.0,1694370152.0,5.0,,9.0,42.0,5.0,8.0,237517035.0,11.0,539438752.0,poseidon,condorpool,poseidon-worker-2-container-12-15,unzip,/usr/bin/gunzip,,4.2,0,0,,,,,,,,,
unzip_ID0000076,None,compute,0,1694370091.0,,,1694370096.0,1694370107.0,1694370114.0,32168141.0,1694370105.0,1694370142.0,1694370126.0,1694370135.0,59137768.0,1694370142.0,1694370147.0,5.0,,9.0,37.0,5.0,7.0,233747923.0,9.0,523942844.0,poseidon,condorpool,poseidon-worker-2-container-24-27,unzip,/usr/bin/gunzip,,4.1,0,0,,,,,,,,,
unzip_ID0000011,None,compute,0,1694370091.0,,,1694370096.0,1694370107.0,1694370117.0,23534106.0,1694370105.0,1694370157.0,1694370130.0,1694370148.0,31576606.0,1694370157.0,1694370162.0,5.0,,9.0,52.0,5.0,10.0,235998389.0,18.0,565205920.0,poseidon,condorpool,poseidon-worker-2-container-28-31,unzip,/usr/bin/gunzip,,4.2,0,0,,,,,,,,,
unzip_ID0000111,None,compute,0,1694370091.0,,,1694370096.0,1694370107.0,1694370116.0,27642836.0,1694370105.0,1694370152.0,1694370129.0,1694370145.0,35189941.0,1694370152.0,1694370157.0,5.0,,9.0,47.0,5.0,9.0,256320311.0,16.0,567950764.0,poseidon,condorpool,poseidon-worker-2-container-32-35,unzip,/usr/bin/gunzip,,4.4,0,0,,,,,,,,,
unzip_ID0000071,None,compute,0,1694370091.0,,,1694370096.0,1694370107.0,1694370117.0,24061296.0,1694370106.0,1694370152.0,1694370130.0,1694370145.0,36195884.0,1694370152.0,1694370157.0,5.0,,10.0,46.0,5.0,10.0,240896692.0,15.0,539506600.0,poseidon,condorpool,poseidon-worker-2-container-36-39,unzip,/usr/bin/gunzip,,4.2,0,0,,,,,,,,,
unzip_ID0000051,None,compute,0,1694370091.0,,,1694370096.0,1694370107.0,1694370117.0,24361284.0,1694370105.0,1694370157.0,1694370130.0,1694370148.0,30126266.0,1694370157.0,1694370162.0,5.0,,9.0,52.0,5.0,10.0,239630266.0,18.0,544301296.0,poseidon,condorpool,poseidon-worker-1-container-12-15,unzip,/usr/bin/gunzip,,4.2,0,0,,,,,,,,,
unzip_ID0000056,None,compute,0,1694370091.0,,,1694370096.0,1694370108.0,1694370115.0,31800122.0,1694370106.0,1694370147.0,1694370128.0,1694370138.0,51330600.0,1694370147.0,1694370152.0,5.0,,10.0,41.0,5.0,7.0,232139969.0,10.0,528026776.0,poseidon,condorpool,poseidon-worker-1-container-4-7,unzip,/usr/bin/gunzip,,4.1,0,0,,,,,,,,,
unzip_ID0000091,None,compute,0,1694370091.0,,,1694370096.0,1694370107.0,1694370117.0,25532971.0,1694370105.0,1694370152.0,1694370130.0,1694370146.0,34008795.0,1694370152.0,1694370157.0,5.0,,9.0,47.0,5.0,10.0,246447087.0,16.0,539109992.0,poseidon,condorpool,poseidon-worker-1-container-24-27,unzip,/usr/bin/gunzip,,4.2,0,0,,,,,,,,,
unzip_ID0000081,None,compute,0,1694370091.0,,,1694370096.0,1694370107.0,1694370116.0,27897765.0,1694370105.0,1694370152.0,1694370128.0,1694370143.0,36071330.0,1694370152.0,1694370157.0,5.0,,9.0,47.0,5.0,9.0,245619741.0,15.0,543190672.0,poseidon,condorpool,poseidon-worker-1-container-8-11,unzip,/usr/bin/gunzip,,4.1,0,0,,,,,,,,,
unzip_ID0000041,None,compute,0,1694370091.0,,,1694370096.0,1694370107.0,1694370118.0,22704035.0,1694370105.0,1694370162.0,1694370130.0,1694370151.0,25768654.0,1694370162.0,1694370167.0,5.0,,9.0,57.0,5.0,11.0,238944758.0,21.0,540768928.0,poseidon,condorpool,poseidon-worker-1-container-0-3,unzip,/usr/bin/gunzip,,4.1,0,0,,,,,,,,,
unzip_ID0000096,None,compute,0,1694370091.0,,,1694370096.0,1694370108.0,1694370117.0,27340067.0,1694370106.0,1694370152.0,1694370130.0,1694370145.0,33797332.0,1694370152.0,1694370157.0,5.0,,10.0,46.0,5.0,9.0,240753402.0,15.0,524013876.0,poseidon,condorpool,poseidon-worker-1-container-20-23,unzip,/usr/bin/gunzip,,4.1,0,0,,,,,,,,,
unzip_ID0000001,None,compute,0,1694370091.0,,,1694370096.0,1694370107.0,1694370117.0,23410074.0,1694370106.0,1694370157.0,1694370131.0,1694370148.0,33310450.0,1694370157.0,1694370162.0,5.0,,10.0,51.0,5.0,10.0,232473216.0,17.0,561354992.0,poseidon,condorpool,poseidon-worker-2-container-0-3,unzip,/usr/bin/gunzip,,4.2,0,0,,,,,,,,,
unzip_ID0000121,None,compute,0,1694370091.0,,,1694370096.0,1694370107.0,1694370117.0,25328568.0,1694370105.0,1694370157.0,1694370130.0,1694370148.0,31851644.0,1694370157.0,1694370162.0,5.0,,9.0,52.0,5.0,10.0,250860096.0,18.0,550782944.0,poseidon,condorpool,poseidon-worker-1-container-36-39,unzip,/usr/bin/gunzip,,4.3,0,0,,,,,,,,,
unzip_ID0000066,cpu_2,compute,0,1694370091.0,,,1694370096.0,1694370107.0,1694370117.0,23078133.0,1694370105.0,1694370152.0,1694370130.0,1694370146.0,33602330.0,1694370152.0,1694370157.0,5.0,,9.0,47.0,5.0,10.0,232031705.0,16.0,523661496.0,poseidon,condorpool,poseidon-worker-1-container-28-31,unzip,/usr/bin/gunzip,,4.0,0,0,,,,,,,,,
unzip_ID0000061,None,compute,0,1694370091.0,,,1694370096.0,1694370108.0,1694370116.0,27383483.0,1694370106.0,1694370152.0,1694370129.0,1694370144.0,36251161.0,1694370152.0,1694370157.0,5.0,,10.0,46.0,5.0,8.0,240463185.0,15.0,541945820.0,poseidon,condorpool,poseidon-worker-1-container-44-47,unzip,/usr/bin/gunzip,,4.2,0,0,,,,,,,,,
unzip_ID0000086,None,compute,0,1694370091.0,,,1694370096.0,1694370107.0,1694370115.0,29494121.0,1694370105.0,1694370147.0,1694370127.0,1694370137.0,51351388.0,1694370147.0,1694370152.0,5.0,,9.0,42.0,5.0,8.0,234836668.0,10.0,518838800.0,poseidon,condorpool,poseidon-worker-1-container-40-43,unzip,/usr/bin/gunzip,,4.1,0,0,,,,,,,,,
unzip_ID0000016,None,compute,0,1694370091.0,,,1694370096.0,1694370107.0,1694370114.0,34763359.0,1694370105.0,1694370142.0,1694370125.0,1694370134.0,60678851.0,1694370142.0,1694370147.0,5.0,,9.0,37.0,5.0,7.0,225238888.0,9.0,523826084.0,poseidon,condorpool,poseidon-worker-2-container-44-47,unzip,/usr/bin/gunzip,,3.9,0,0,,,,,,,,,
unzip_ID0000036,None,compute,0,1694370091.0,,,1694370096.0,1694370107.0,1694370113.0,36385665.0,1694370105.0,1694370142.0,1694370125.0,1694370134.0,60732781.0,1694370142.0,1694370147.0,5.0,,9.0,37.0,5.0,6.0,232020704.0,9.0,526952240.0,poseidon,condorpool,poseidon-worker-2-container-40-43,unzip,/usr/bin/gunzip,,4.0,0,0,,,,,,,,,
unzip_ID0000116,None,compute,0,1694370091.0,,,1694370096.0,1694370107.0,1694370114.0,34602087.0,1694370105.0,1694370147.0,1694370127.0,1694370137.0,50226019.0,1694370147.0,1694370152.0,5.0,,9.0,42.0,5.0,7.0,249255741.0,10.0,520850676.0,poseidon,condorpool,poseidon-worker-1-container-16-19,unzip,/usr/bin/gunzip,,4.2,0,0,,,,,,,,,
unzip_ID0000021,None,compute,0,1694370091.0,,,1694370096.0,1694370107.0,1694370114.0,30161820.0,1694370105.0,1694370147.0,1694370127.0,1694370137.0,51850095.0,1694370147.0,1694370152.0,5.0,,9.0,42.0,5.0,7.0,235136662.0,10.0,539178100.0,poseidon,condorpool,poseidon-worker-1-container-32-35,unzip,/usr/bin/gunzip,,4.1,0,0,,,,,,,,,
um_vel_ID0000037,None,compute,0,1694370147.0,,,1694370152.0,1694370155.0,1694370175.0,47834337.2,1694370153.0,1694370197.0,1694370184.0,1694370187.0,173887.0,1694370197.0,1694370202.0,5.0,,1.0,44.0,5.0,20.0,703538992.0,3.0,556900.0,poseidon,condorpool,poseidon-worker-2-container-24-27,um_vel,/opt/UM_VEL/UM_VEL,,1.8,0,0,,,,,,,,,
um_vel_ID0000077,None,compute,0,1694370147.0,,,1694370152.0,1694370155.0,1694370174.0,51175574.5,1694370153.0,1694370197.0,1694370183.0,1694370186.0,173878.0,1694370197.0,1694370202.0,5.0,,1.0,44.0,5.0,19.0,700529596.0,3.0,556900.0,poseidon,condorpool,poseidon-worker-2-container-4-7,um_vel,/opt/UM_VEL/UM_VEL,,1.7,0,0,,,,,,,,,
um_vel_ID0000017,None,compute,0,1694370147.0,,,1694370152.0,1694370155.0,1694370173.0,55049637.8,1694370153.0,1694370192.0,1694370182.0,1694370185.0,172556.0,1694370192.0,1694370197.0,5.0,,1.0,39.0,5.0,18.0,700412836.0,3.0,556900.0,poseidon,condorpool,poseidon-worker-1-container-44-47,um_vel,/opt/UM_VEL/UM_VEL,,1.7,0,0,,,,,,,,,
um_vel_ID0000047,None,compute,0,1694370152.0,,,1694370157.0,1694370159.0,1694370178.0,53245253.3,1694370158.0,1694370197.0,1694370187.0,1694370190.0,174624.0,1694370197.0,1694370202.0,5.0,,1.0,39.0,5.0,19.0,700441980.0,3.0,556900.0,poseidon,condorpool,poseidon-worker-2-container-36-39,um_vel,/opt/UM_VEL/UM_VEL,,1.7,0,0,,,,,,,,,
um_vel_ID0000027,None,compute,0,1694370152.0,,,1694370157.0,1694370159.0,1694370179.0,50732072.4,1694370158.0,1694370202.0,1694370188.0,1694370191.0,175168.0,1694370202.0,1694370207.0,5.0,,1.0,44.0,5.0,20.0,700504640.0,3.0,556900.0,poseidon,condorpool,poseidon-worker-1-container-20-23,um_vel,/opt/UM_VEL/UM_VEL,,1.7,0,0,,,,,,,,,
um_vel_ID0000127,None,compute,0,1694370152.0,,,1694370157.0,1694370160.0,1694370179.0,50857394.0,1694370158.0,1694370202.0,1694370189.0,1694370192.0,170355.0,1694370202.0,1694370207.0,5.0,,1.0,44.0,5.0,19.0,697205176.0,3.0,556900.0,poseidon,condorpool,poseidon-worker-1-container-12-15,um_vel,/opt/UM_VEL/UM_VEL,,1.8,0,0,,,,,,,,,
um_vel_ID0000032,None,compute,0,1694370152.0,,,1694370157.0,1694370159.0,1694370182.0,43543530.2,1694370158.0,1694370202.0,1694370191.0,1694370194.0,171241.0,1694370202.0,1694370207.0,5.0,,1.0,44.0,5.0,23.0,716025504.0,3.0,556900.0,poseidon,condorpool,poseidon-worker-1-container-8-11,um_vel,/opt/UM_VEL/UM_VEL,,1.7,0,0,,,,,,,,,
um_vel_ID0000117,None,compute,0,1694370152.0,,,1694370157.0,1694370159.0,1694370180.0,47796756.8,1694370158.0,1694370197.0,1694370188.0,1694370191.0,174087.0,1694370197.0,1694370202.0,5.0,,1.0,39.0,5.0,21.0,697437428.0,3.0,556900.0,poseidon,condorpool,poseidon-worker-2-container-16-19,um_vel,/opt/UM_VEL/UM_VEL,,1.7,0,0,,,,,,,,,
um_vel_ID0000057,None,compute,0,1694370152.0,,,1694370157.0,1694370160.0,1694370181.0,46244631.8,1694370158.0,1694370202.0,1694370190.0,1694370193.0,178815.0,1694370202.0,1694370207.0,5.0,,1.0,44.0,5.0,21.0,704613528.0,3.0,556900.0,poseidon,condorpool,poseidon-worker-1-container-16-19,um_vel,/opt/UM_VEL/UM_VEL,,1.7,0,0,,,,,,,,,
um_vel_ID0000022,None,compute,0,1694370152.0,,,1694370157.0,1694370160.0,1694370178.0,56156544.4,1694370158.0,1694370197.0,1694370187.0,1694370190.0,169541.0,1694370197.0,1694370202.0,5.0,,1.0,39.0,5.0,18.0,715764852.0,3.0,556900.0,poseidon,condorpool,poseidon-worker-1-container-36-39,um_vel,/opt/UM_VEL/UM_VEL,,1.8,0,0,,,,,,,,,
um_vel_ID0000087,None,compute,0,1694370152.0,,,1694370157.0,1694370160.0,1694370178.0,54989149.0,1694370158.0,1694370197.0,1694370186.0,1694370190.0,171714.0,1694370197.0,1694370202.0,5.0,,1.0,39.0,5.0,18.0,695425552.0,4.0,556900.0,poseidon,condorpool,poseidon-worker-1-container-4-7,um_vel,/opt/UM_VEL/UM_VEL,,1.7,0,0,,,,,,,,,
um_vel_ID0000067,None,compute,0,1694370157.0,,,1694370162.0,1694370165.0,1694370186.0,45075951.6,1694370163.0,1694370207.0,1694370195.0,1694370198.0,177360.0,1694370207.0,1694370213.0,5.0,,1.0,44.0,6.0,21.0,700248248.0,3.0,556900.0,poseidon,condorpool,poseidon-worker-2-container-40-43,um_vel,/opt/UM_VEL/UM_VEL,,1.6,0,0,,,,,,,,,
um_vel_ID0000092,None,compute,0,1694370157.0,,,1694370162.0,1694370165.0,1694370187.0,44986114.6,1694370163.0,1694370207.0,1694370195.0,1694370199.0,178875.0,1694370207.0,1694370213.0,5.0,,1.0,44.0,6.0,22.0,715696744.0,4.0,556900.0,poseidon,condorpool,poseidon-worker-1-container-40-43,um_vel,/opt/UM_VEL/UM_VEL,,1.7,0,0,,,,,,,,,
um_vel_ID0000097,None,compute,0,1694370157.0,,,1694370162.0,1694370165.0,1694370185.0,50243730.5,1694370164.0,1694370207.0,1694370194.0,1694370197.0,178852.0,1694370207.0,1694370213.0,5.0,,2.0,43.0,6.0,20.0,700600628.0,3.0,556900.0,poseidon,condorpool,poseidon-worker-1-container-0-3,um_vel,/opt/UM_VEL/UM_VEL,,1.7,0,0,,,,,,,,,
um_vel_ID0000072,cpu_2,compute,0,1694370157.0,,,1694370162.0,1694370165.0,1694370186.0,47878342.6,1694370163.0,1694370207.0,1694370195.0,1694370198.0,176842.0,1694370207.0,1694370213.0,5.0,,1.0,44.0,6.0,21.0,716093352.0,3.0,556900.0,poseidon,condorpool,poseidon-worker-1-container-28-31,um_vel,/opt/UM_VEL/UM_VEL,,1.7,0,0,,,,,,,,,
um_vel_ID0000112,cpu_2,compute,0,1694370157.0,,,1694370162.0,1694370166.0,1694370193.0,34749975.5,1694370164.0,1694370213.0,1694370201.0,1694370204.0,177895.0,1694370213.0,1694370218.0,5.0,,2.0,49.0,5.0,27.0,744537516.0,3.0,556900.0,poseidon,condorpool,poseidon-worker-2-container-8-11,um_vel,/opt/UM_VEL/UM_VEL,,1.7,0,0,,,,,,,,,
um_vel_ID0000107,None,compute,0,1694370157.0,,,1694370162.0,1694370165.0,1694370184.0,50570307.0,1694370163.0,1694370202.0,1694370193.0,1694370196.0,177854.0,1694370202.0,1694370207.0,5.0,,1.0,39.0,5.0,19.0,678408568.0,3.0,556900.0,poseidon,condorpool,poseidon-worker-1-container-32-35,um_vel,/opt/UM_VEL/UM_VEL,,1.6,0,0,,,,,,,,,
um_vel_ID0000082,None,compute,0,1694370157.0,,,1694370162.0,1694370165.0,1694370185.0,50457370.8,1694370164.0,1694370207.0,1694370194.0,1694370197.0,178278.0,1694370207.0,1694370213.0,5.0,,2.0,43.0,6.0,20.0,719777424.0,3.0,556900.0,poseidon,condorpool,poseidon-worker-2-container-32-35,um_vel,/opt/UM_VEL/UM_VEL,,1.7,0,0,,,,,,,,,
um_vel_ID0000062,None,compute,0,1694370157.0,,,1694370162.0,1694370165.0,1694370184.0,56060787.2,1694370163.0,1694370202.0,1694370192.0,1694370196.0,173540.0,1694370202.0,1694370207.0,5.0,,1.0,39.0,5.0,19.0,718532572.0,4.0,556900.0,poseidon,condorpool,poseidon-worker-2-container-12-15,um_vel,/opt/UM_VEL/UM_VEL,,1.8,0,0,,,,,,,,,
um_vel_ID0000102,None,compute,0,1694370162.0,,,1694370167.0,1694370170.0,1694370191.0,50221010.5,1694370169.0,1694370213.0,1694370199.0,1694370202.0,177925.0,1694370213.0,1694370218.0,5.0,,2.0,44.0,5.0,21.0,738138396.0,3.0,556900.0,poseidon,condorpool,poseidon-worker-2-container-20-23,um_vel,/opt/UM_VEL/UM_VEL,,1.7,0,0,,,,,,,,,
um_vel_ID0000007,None,compute,0,1694370162.0,,,1694370167.0,1694370170.0,1694370190.0,49845352.7,1694370169.0,1694370207.0,1694370198.0,1694370201.0,177957.0,1694370207.0,1694370213.0,5.0,,2.0,38.0,6.0,20.0,678203340.0,3.0,556900.0,poseidon,condorpool,poseidon-worker-1-container-0-3,um_vel,/opt/UM_VEL/UM_VEL,,1.7,0,0,,,,,,,,,
um_vel_ID0000052,None,compute,0,1694370162.0,,,1694370167.0,1694370170.0,1694370192.0,44512939.4,1694370169.0,1694370213.0,1694370201.0,1694370204.0,177047.0,1694370213.0,1694370218.0,5.0,,2.0,44.0,5.0,22.0,720888048.0,3.0,556900.0,poseidon,condorpool,poseidon-worker-2-container-28-31,um_vel,/opt/UM_VEL/UM_VEL,,1.7,0,0,,,,,,,,,
um_vel_ID0000122,None,compute,0,1694370162.0,,,1694370167.0,1694370170.0,1694370191.0,48842459.1,1694370169.0,1694370213.0,1694370200.0,1694370203.0,176944.0,1694370213.0,1694370218.0,5.0,,2.0,44.0,5.0,21.0,727369696.0,3.0,556900.0,poseidon,condorpool,poseidon-worker-1-container-24-27,um_vel,/opt/UM_VEL/UM_VEL,,1.7,0,0,,,,,,,,,
um_vel_ID0000012,None,compute,0,1694370162.0,,,1694370167.0,1694370171.0,1694370192.0,46634945.4,1694370169.0,1694370213.0,1694370201.0,1694370204.0,175973.0,1694370213.0,1694370218.0,5.0,,2.0,44.0,5.0,21.0,741792672.0,3.0,556900.0,poseidon,condorpool,poseidon-worker-2-container-0-3,um_vel,/opt/UM_VEL/UM_VEL,,1.7,0,0,,,,,,,,,
um_vel_ID0000002,None,compute,0,1694370162.0,,,1694370167.0,1694370171.0,1694370191.0,49269489.2,1694370169.0,1694370213.0,1694370200.0,1694370203.0,176585.0,1694370213.0,1694370218.0,5.0,,2.0,44.0,5.0,20.0,737941744.0,3.0,556900.0,poseidon,condorpool,poseidon-worker-1-container-8-11,um_vel,/opt/UM_VEL/UM_VEL,,1.7,0,0,,,,,,,,,
stage_out_local_condorpool_0_2,None,transfer,0,1694370167.0,,,1694370172.0,,,0.0,1694370174.0,1694370207.0,,,0.0,1694370207.0,1694370213.0,5.0,,2.0,33.0,6.0,,,,,poseidon,local,poseidon-submit,pegasus::transfer,/mnt/poseidon-data/poseidon/pegasus-5.1.0panorama/bin/pegasus-transfer,/home/poseidon/pegasus-5.1.0panorama/bin/../bin/pegasus-kickstart  -n pegasus::transfer -N null -i - -R local  -L casa-wind-full -T 2023-09-08T07:29:05+00:00 /home/poseidon/pegasus-5.1.0panorama/bin/../bin/pegasus-transfer  --threads 2,35.2,0,0,,,,,,,,,
um_vel_ID0000042,None,compute,0,1694370167.0,,,1694370172.0,1694370195.0,1694370213.0,55929897.2,1694370193.0,1694370233.0,1694370222.0,1694370225.0,179556.0,1694370233.0,1694370238.0,5.0,,21.0,40.0,5.0,18.0,717355680.0,3.0,556900.0,poseidon,condorpool,poseidon-worker-1-container-44-47,um_vel,/opt/UM_VEL/UM_VEL,,1.7,0,0,,,,,,,,,
stage_out_local_condorpool_0_0,None,transfer,0,1694370167.0,,,1694370172.0,,,0.0,1694370174.0,1694370207.0,,,0.0,1694370207.0,1694370213.0,5.0,,2.0,33.0,6.0,,,,,poseidon,local,poseidon-submit,pegasus::transfer,/mnt/poseidon-data/poseidon/pegasus-5.1.0panorama/bin/pegasus-transfer,/home/poseidon/pegasus-5.1.0panorama/bin/../bin/pegasus-kickstart  -n pegasus::transfer -N null -i - -R local  -L casa-wind-full -T 2023-09-08T07:29:05+00:00 /home/poseidon/pegasus-5.1.0panorama/bin/../bin/pegasus-transfer  --threads 2,35.7,0,0,,,,,,,,,
stage_out_local_condorpool_0_1,None,transfer,0,1694370167.0,,,1694370172.0,,,0.0,1694370174.0,1694370207.0,,,0.0,1694370207.0,1694370213.0,5.0,,2.0,33.0,6.0,,,,,poseidon,local,poseidon-submit,pegasus::transfer,/mnt/poseidon-data/poseidon/pegasus-5.1.0panorama/bin/pegasus-transfer,/home/poseidon/pegasus-5.1.0panorama/bin/../bin/pegasus-kickstart  -n pegasus::transfer -N null -i - -R local  -L casa-wind-full -T 2023-09-08T07:29:05+00:00 /home/poseidon/pegasus-5.1.0panorama/bin/../bin/pegasus-transfer  --threads 2,35.3,0,0,,,,,,,,,
post_vel_ID0000018,None,compute,0,1694370197.0,,,1694370202.0,1694370205.0,1694370216.0,33989251.2,1694370204.0,1694370233.0,1694370222.0,1694370225.0,3767.0,1694370233.0,1694370238.0,5.0,,2.0,29.0,5.0,11.0,177143937.0,3.0,11645.0,poseidon,condorpool,poseidon-worker-2-container-4-7,post_vel,/opt/netcdf2png/merged_netcdf2png,,0.1,0,0,,,,,,,,,
mvt_ID0000019,None,compute,0,1694370197.0,,,1694370202.0,1694370205.0,1694370217.0,29217463.7,1694370204.0,1694370273.0,1694370262.0,1694370265.0,11945.0,1694370273.0,1694370278.0,5.0,,2.0,69.0,5.0,12.0,177143652.0,3.0,36245.0,poseidon,condorpool,poseidon-worker-2-container-24-27,mvt,/opt/mvt/mvt,,40.0,0,0,0.0,791898.0,20480.0,428.0,5.0,29.8,0.2,26396.6,1024.0
mvt_ID0000089,None,compute,0,1694370202.0,,,1694370207.0,1694370210.0,1694370222.0,26758689.8,1694370208.0,1694370278.0,1694370267.0,1694370270.0,15899.0,1694370278.0,1694370283.0,5.0,,1.0,70.0,5.0,12.0,177143652.0,3.0,48475.0,poseidon,condorpool,poseidon-worker-1-container-20-23,mvt,/opt/mvt/mvt,,39.4,0,0,0.0,790512.0,24576.0,425.0,6.0,29.9,0.1,26350.4,2457.6
post_vel_ID0000088,None,compute,0,1694370202.0,,,1694370207.0,1694370210.0,1694370223.0,24301023.7,1694370209.0,1694370238.0,1694370228.0,1694370231.0,4216.0,1694370238.0,1694370243.0,5.0,,2.0,29.0,5.0,13.0,177143937.0,3.0,12740.0,poseidon,condorpool,poseidon-worker-1-container-0-3,post_vel,/opt/netcdf2png/merged_netcdf2png,,0.1,0,0,,,,,,,,,
mvt_ID0000024,None,compute,0,1694370202.0,,,1694370207.0,1694370210.0,1694370221.0,34753822.4,1694370208.0,1694370278.0,1694370266.0,1694370269.0,10122.0,1694370278.0,1694370283.0,5.0,,1.0,70.0,5.0,11.0,177143652.0,3.0,30705.0,poseidon,condorpool,poseidon-worker-2-container-36-39,mvt,/opt/mvt/mvt,,39.9,0,0,0.0,791895.0,16384.0,428.0,4.0,29.9,0.1,26396.5,819.2
post_vel_ID0000023,None,compute,0,1694370202.0,,,1694370207.0,1694370210.0,1694370222.0,29805391.0,1694370208.0,1694370238.0,1694370227.0,1694370230.0,3734.0,1694370238.0,1694370243.0,5.0,,1.0,30.0,5.0,12.0,177143937.0,3.0,11372.0,poseidon,condorpool,poseidon-worker-1-container-36-39,post_vel,/opt/netcdf2png/merged_netcdf2png,,0.1,0,0,,,,,,,,,
post_vel_ID0000038,None,compute,0,1694370202.0,,,1694370207.0,1694370210.0,1694370222.0,27615045.0,1694370208.0,1694370238.0,1694370228.0,1694370231.0,3694.0,1694370238.0,1694370243.0,5.0,,1.0,30.0,5.0,12.0,177143937.0,3.0,11227.0,poseidon,condorpool,poseidon-worker-2-container-16-19,post_vel,/opt/netcdf2png/merged_netcdf2png,,0.1,0,0,,,,,,,,,
mvt_ID0000049,None,compute,0,1694370202.0,,,1694370207.0,1694370210.0,1694370222.0,29376186.3,1694370208.0,1694370278.0,1694370267.0,1694370270.0,7912.0,1694370278.0,1694370283.0,5.0,,1.0,70.0,5.0,12.0,177143652.0,3.0,24108.0,poseidon,condorpool,poseidon-worker-1-container-8-11,mvt,/opt/mvt/mvt,,39.4,0,0,0.0,848208.0,12288.0,551.0,3.0,29.9,0.1,28273.6,1228.8
post_vel_ID0000048,None,compute,0,1694370202.0,,,1694370207.0,1694370210.0,1694370221.0,29587523.0,1694370209.0,1694370238.0,1694370227.0,1694370230.0,3411.0,1694370238.0,1694370243.0,5.0,,2.0,29.0,5.0,11.0,177143937.0,3.0,10371.0,poseidon,condorpool,poseidon-worker-2-container-12-15,post_vel,/opt/netcdf2png/merged_netcdf2png,,0.1,0,0,,,,,,,,,
post_vel_ID0000118,None,compute,0,1694370202.0,,,1694370207.0,1694370210.0,1694370222.0,32219599.6,1694370208.0,1694370238.0,1694370227.0,1694370230.0,4707.0,1694370238.0,1694370243.0,5.0,,1.0,30.0,5.0,12.0,177143937.0,3.0,14402.0,poseidon,condorpool,poseidon-worker-1-container-32-35,post_vel,/opt/netcdf2png/merged_netcdf2png,,0.1,0,0,,,,,,,,,
post_vel_ID0000078,None,compute,0,1694370202.0,,,1694370207.0,1694370210.0,1694370221.0,35159074.2,1694370208.0,1694370238.0,1694370227.0,1694370230.0,4052.0,1694370238.0,1694370243.0,5.0,,1.0,30.0,5.0,11.0,177143937.0,3.0,12264.0,poseidon,condorpool,poseidon-worker-1-container-12-15,post_vel,/opt/netcdf2png/merged_netcdf2png,,0.1,0,0,,,,,,,,,
mvt_ID0000079,None,compute,0,1694370202.0,,,1694370207.0,1694370211.0,1694370222.0,31784564.0,1694370209.0,1694370278.0,1694370268.0,1694370271.0,14897.0,1694370278.0,1694370283.0,5.0,,2.0,69.0,5.0,11.0,177143652.0,3.0,45337.0,poseidon,condorpool,poseidon-worker-1-container-16-19,mvt,/opt/mvt/mvt,,40.4,0,0,0.0,795690.0,24576.0,443.0,6.0,39.7,0.2,19892.3,1228.8
mvt_ID0000119,None,compute,0,1694370202.0,,,1694370207.0,1694370210.0,1694370221.0,33174710.2,1694370208.0,1694370278.0,1694370266.0,1694370269.0,21425.0,1694370278.0,1694370283.0,5.0,,1.0,70.0,5.0,11.0,177143652.0,3.0,65525.0,poseidon,condorpool,poseidon-worker-2-container-32-35,mvt,/opt/mvt/mvt,,39.9,0,0,0.0,790517.0,36864.0,425.0,9.0,29.9,0.1,26350.6,3686.4
mvt_ID0000039,None,compute,0,1694370202.0,,,1694370207.0,1694370210.0,1694370223.0,24020444.6,1694370208.0,1694370278.0,1694370269.0,1694370272.0,11358.0,1694370278.0,1694370283.0,5.0,,1.0,70.0,5.0,13.0,177143652.0,3.0,34386.0,poseidon,condorpool,poseidon-worker-1-container-4-7,mvt,/opt/mvt/mvt,,40.3,0,0,0.0,792834.0,16384.0,437.0,4.0,39.9,0.1,19820.9,819.2
mvt_ID0000029,None,compute,0,1694370207.0,,,1694370212.0,1694370215.0,1694370227.0,31512766.6,1694370214.0,1694370283.0,1694370272.0,1694370275.0,12554.0,1694370283.0,1694370288.0,5.0,,2.0,69.0,5.0,12.0,177143652.0,3.0,38341.0,poseidon,condorpool,poseidon-worker-2-container-40-43,mvt,/opt/mvt/mvt,,39.9,0,0,0.0,790514.0,20480.0,425.0,5.0,29.9,0.0,26350.5,1024.0
post_vel_ID0000128,None,compute,0,1694370207.0,,,1694370212.0,1694370217.0,1694370228.0,33141215.0,1694370215.0,1694370243.0,1694370234.0,1694370237.0,4738.0,1694370243.0,1694370248.0,5.0,,3.0,28.0,5.0,11.0,177143937.0,3.0,14512.0,poseidon,condorpool,poseidon-worker-1-container-8-11,post_vel,/opt/netcdf2png/merged_netcdf2png,,0.1,0,0,,,,,,,,,
mvt_ID0000129,None,compute,0,1694370207.0,,,1694370212.0,1694370217.0,1694370228.0,31926079.2,1694370215.0,1694370283.0,1694370274.0,1694370277.0,19371.0,1694370283.0,1694370288.0,5.0,,3.0,68.0,5.0,11.0,177143652.0,3.0,64489.0,poseidon,condorpool,poseidon-worker-1-container-0-3,mvt,/opt/mvt/mvt,,40.3,0,0,0.0,853296.0,36864.0,569.0,9.0,39.8,0.2,21332.4,3686.4
mvt_ID0000034,None,compute,0,1694370207.0,,,1694370213.0,1694370216.0,1694370227.0,29056097.4,1694370214.0,1694370283.0,1694370272.0,1694370275.0,10174.0,1694370283.0,1694370288.0,6.0,,1.0,69.0,5.0,11.0,177143652.0,3.0,30976.0,poseidon,condorpool,poseidon-worker-2-container-0-3,mvt,/opt/mvt/mvt,,39.9,0,0,0.0,791811.0,16384.0,428.0,4.0,29.9,0.1,26393.7,819.2
post_vel_ID0000033,None,compute,0,1694370207.0,,,1694370213.0,1694370216.0,1694370227.0,32278863.8,1694370214.0,1694370243.0,1694370233.0,1694370236.0,3658.0,1694370243.0,1694370248.0,6.0,,1.0,29.0,5.0,11.0,177143937.0,3.0,11464.0,poseidon,condorpool,poseidon-worker-1-container-24-27,post_vel,/opt/netcdf2png/merged_netcdf2png,,0.1,0,0,,,,,,,,,
mvt_ID0000064,None,compute,0,1694370207.0,,,1694370213.0,1694370216.0,1694370229.0,21572738.1,1694370214.0,1694370283.0,1694370274.0,1694370277.0,10233.0,1694370283.0,1694370288.0,6.0,,1.0,69.0,5.0,13.0,177143652.0,3.0,31148.0,poseidon,condorpool,poseidon-worker-1-container-0-3,mvt,/opt/mvt/mvt,,39.5,0,0,0.0,860446.0,16384.0,578.0,4.0,29.9,0.1,28681.5,819.2
post_vel_ID0000108,cpu_2,compute,0,1694370207.0,,,1694370212.0,1694370216.0,1694370226.0,34794924.6,1694370214.0,1694370243.0,1694370232.0,1694370235.0,4611.0,1694370243.0,1694370248.0,5.0,,2.0,29.0,5.0,10.0,177143937.0,3.0,13907.0,poseidon,condorpool,poseidon-worker-2-container-8-11,post_vel,/opt/netcdf2png/merged_netcdf2png,,0.1,0,0,,,,,,,,,
mvt_ID0000109,cpu_2,compute,0,1694370207.0,,,1694370212.0,1694370216.0,1694370227.0,32376856.4,1694370214.0,1694370283.0,1694370272.0,1694370276.0,18820.0,1694370283.0,1694370288.0,5.0,,2.0,69.0,5.0,11.0,177143652.0,4.0,59954.0,poseidon,condorpool,poseidon-worker-1-container-28-31,mvt,/opt/mvt/mvt,,39.7,0,0,0.0,791562.0,32768.0,434.0,8.0,39.6,0.1,19789.1,1638.4
post_vel_ID0000063,None,compute,0,1694370207.0,,,1694370213.0,1694370216.0,1694370228.0,26592238.6,1694370214.0,1694370243.0,1694370233.0,1694370236.0,3497.0,1694370243.0,1694370248.0,6.0,,1.0,29.0,5.0,12.0,177143937.0,3.0,11628.0,poseidon,condorpool,poseidon-worker-1-container-8-11,post_vel,/opt/netcdf2png/merged_netcdf2png,,0.1,0,0,,,,,,,,,
mvt_ID0000059,None,compute,0,1694370207.0,,,1694370213.0,1694370215.0,1694370227.0,32717032.6,1694370214.0,1694370283.0,1694370272.0,1694370275.0,9275.0,1694370283.0,1694370288.0,6.0,,1.0,69.0,5.0,12.0,177143652.0,3.0,28164.0,poseidon,condorpool,poseidon-worker-2-container-28-31,mvt,/opt/mvt/mvt,,39.8,0,0,0.0,789140.0,12288.0,422.0,3.0,29.9,0.1,26304.7,1228.8
post_vel_ID0000028,None,compute,0,1694370207.0,,,1694370212.0,1694370216.0,1694370227.0,28003904.6,1694370214.0,1694370243.0,1694370233.0,1694370236.0,3670.0,1694370243.0,1694370248.0,5.0,,2.0,29.0,5.0,11.0,177143937.0,3.0,11529.0,poseidon,condorpool,poseidon-worker-1-container-40-43,post_vel,/opt/netcdf2png/merged_netcdf2png,,0.1,0,0,,,,,,,,,
post_vel_ID0000058,None,compute,0,1694370207.0,,,1694370212.0,1694370215.0,1694370226.0,34528143.8,1694370214.0,1694370243.0,1694370232.0,1694370235.0,3634.0,1694370243.0,1694370248.0,5.0,,2.0,29.0,5.0,11.0,177143937.0,3.0,10981.0,poseidon,condorpool,poseidon-worker-2-container-20-23,post_vel,/opt/netcdf2png/merged_netcdf2png,,0.1,0,0,,,,,,,,,
register_condorpool_0_0,None,auxiliary,0,1694370213.0,,,1694370278.0,,,0.0,1694370279.0,1694370283.0,,,0.0,1694370283.0,1694370288.0,65.0,,1.0,4.0,5.0,,,,,poseidon,local,poseidon-submit,pegasus::rc-client,/mnt/poseidon-data/poseidon/pegasus-5.1.0panorama/bin/pegasus-rc-client,"-n pegasus::rc-client -N null -R local  -L casa-wind-full -T 2023-09-08T07:29:05+00:00 /home/poseidon/pegasus-5.1.0panorama/bin/pegasus-rc-client --prefix pegasus.catalog.replica.output --conf /mnt/poseidon-data/poseidon/workflows/casa-wind-workflow-full/submit/poseidon/pegasus/casa-wind-full/run0189/pegasus.6076415665140107033.properties -v --meta /mnt/poseidon-data/poseidon/workflows/casa-wind-workflow-full/submit/poseidon/pegasus/casa-wind-full/run0189/00/00/unzip_ID0000026.meta,/mnt/poseidon-data/poseidon/workflows/casa-wind-workflow-full/submit/poseidon/pegasus/casa-wind-full/run0189/00/00/unzip_ID0000061.meta,/mnt/poseidon-data/poseidon/workflows/casa-wind-workflow-full/submit/poseidon/pegasus/casa-wind-full/run0189/00/00/unzip_ID0000071.meta,/mnt/poseidon-data/poseidon/workflows/casa-wind-workflow-full/submit/poseidon/pegasus/casa-wind-full/run0189/00/00/unzip_ID0000041.meta,/mnt/poseidon-data/poseidon/workflows/casa-wind-workflow-full/submit/poseidon/pegasus/casa-wind-full/run0189/00/00/unzip_ID0000016.meta,/mnt/poseidon-data/poseidon/workflows/casa-wind-workflow-full/submit/poseidon/pegasus/casa-wind-full/run0189/00/00/unzip_ID0000111.meta,/mnt/poseidon-data/poseidon/workflows/casa-wind-workflow-full/submit/poseidon/pegasus/casa-wind-full/run0189/00/00/unzip_ID0000011.meta,/mnt/poseidon-data/poseidon/workflows/casa-wind-workflow-full/submit/poseidon/pegasus/casa-wind-full/run0189/00/00/unzip_ID0000081.meta,/mnt/poseidon-data/poseidon/workflows/casa-wind-workflow-full/submit/poseidon/pegasus/casa-wind-full/run0189/00/00/unzip_ID0000066.meta,/mnt/poseidon-data/poseidon/workflows/casa-wind-workflow-full/submit/poseidon/pegasus/casa-wind-full/run0189/00/00/unzip_ID0000096.meta,/mnt/poseidon-data/poseidon/workflows/casa-wind-workflow-full/submit/poseidon/pegasus/casa-wind-full/run0189/00/00/unzip_ID0000051.meta,/mnt/poseidon-data/poseidon/workflows/casa-wind-workflow-full/submit/poseidon/pegasus/casa-wind-full/run0189/00/00/unzip_ID0000031.meta,/mnt/poseidon-data/poseidon/workflows/casa-wind-workflow-full/submit/poseidon/pegasus/casa-wind-full/run0189/00/00/unzip_ID0000116.meta,/mnt/poseidon-data/poseidon/workflows/casa-wind-workflow-full/submit/poseidon/pegasus/casa-wind-full/run0189/00/00/unzip_ID0000101.meta,/mnt/poseidon-data/poseidon/workflows/casa-wind-workflow-full/submit/poseidon/pegasus/casa-wind-full/run0189/00/00/unzip_ID0000121.meta,/mnt/poseidon-data/poseidon/workflows/casa-wind-workflow-full/submit/poseidon/pegasus/casa-wind-full/run0189/00/00/unzip_ID0000106.meta,/mnt/poseidon-data/poseidon/workflows/casa-wind-workflow-full/submit/poseidon/pegasus/casa-wind-full/run0189/00/00/unzip_ID0000046.meta,/mnt/poseidon-data/poseidon/workflows/casa-wind-workflow-full/submit/poseidon/pegasus/casa-wind-full/run0189/00/00/unzip_ID0000076.meta,/mnt/poseidon-data/poseidon/workflows/casa-wind-workflow-full/submit/poseidon/pegasus/casa-wind-full/run0189/00/00/unzip_ID0000056.meta,/mnt/poseidon-data/poseidon/workflows/casa-wind-workflow-full/submit/poseidon/pegasus/casa-wind-full/run0189/00/00/unzip_ID0000021.meta,/mnt/poseidon-data/poseidon/workflows/casa-wind-workflow-full/submit/poseidon/pegasus/casa-wind-full/run0189/00/00/unzip_ID0000086.meta,/mnt/poseidon-data/poseidon/workflows/casa-wind-workflow-full/submit/poseidon/pegasus/casa-wind-full/run0189/00/00/unzip_ID0000126.meta,/mnt/poseidon-data/poseidon/workflows/casa-wind-workflow-full/submit/poseidon/pegasus/casa-wind-full/run0189/00/00/unzip_ID0000006.meta,/mnt/poseidon-data/poseidon/workflows/casa-wind-workflow-full/submit/poseidon/pegasus/casa-wind-full/run0189/00/00/unzip_ID0000036.meta,/mnt/poseidon-data/poseidon/workflows/casa-wind-workflow-full/submit/poseidon/pegasus/casa-wind-full/run0189/00/00/unzip_ID0000001.meta,/mnt/poseidon-data/poseidon/workflows/casa-wind-workflow-full/submit/poseidon/pegasus/casa-wind-full/run0189/00/00/unzip_ID0000091.meta --insert /mnt/poseidon-data/poseidon/workflows/casa-wind-workflow-full/submit/poseidon/pegasus/casa-wind-full/run0189/00/00/register_condorpool_0_0.in",3.0,0,0,,,,,,,,,
register_condorpool_0_1,None,auxiliary,0,1694370213.0,,,1694370218.0,,,0.0,1694370223.0,1694370228.0,,,0.0,1694370228.0,1694370233.0,5.0,,5.0,5.0,5.0,,,,,poseidon,local,poseidon-submit,pegasus::rc-client,/mnt/poseidon-data/poseidon/pegasus-5.1.0panorama/bin/pegasus-rc-client,"-n pegasus::rc-client -N null -R local  -L casa-wind-full -T 2023-09-08T07:29:05+00:00 /home/poseidon/pegasus-5.1.0panorama/bin/pegasus-rc-client --prefix pegasus.catalog.replica.output --conf /mnt/poseidon-data/poseidon/workflows/casa-wind-workflow-full/submit/poseidon/pegasus/casa-wind-full/run0189/pegasus.6076415665140107033.properties -v --meta /mnt/poseidon-data/poseidon/workflows/casa-wind-workflow-full/submit/poseidon/pegasus/casa-wind-full/run0189/00/00/unzip_ID0000026.meta,/mnt/poseidon-data/poseidon/workflows/casa-wind-workflow-full/submit/poseidon/pegasus/casa-wind-full/run0189/00/00/unzip_ID0000061.meta,/mnt/poseidon-data/poseidon/workflows/casa-wind-workflow-full/submit/poseidon/pegasus/casa-wind-full/run0189/00/00/unzip_ID0000071.meta,/mnt/poseidon-data/poseidon/workflows/casa-wind-workflow-full/submit/poseidon/pegasus/casa-wind-full/run0189/00/00/unzip_ID0000041.meta,/mnt/poseidon-data/poseidon/workflows/casa-wind-workflow-full/submit/poseidon/pegasus/casa-wind-full/run0189/00/00/unzip_ID0000016.meta,/mnt/poseidon-data/poseidon/workflows/casa-wind-workflow-full/submit/poseidon/pegasus/casa-wind-full/run0189/00/00/unzip_ID0000111.meta,/mnt/poseidon-data/poseidon/workflows/casa-wind-workflow-full/submit/poseidon/pegasus/casa-wind-full/run0189/00/00/unzip_ID0000011.meta,/mnt/poseidon-data/poseidon/workflows/casa-wind-workflow-full/submit/poseidon/pegasus/casa-wind-full/run0189/00/00/unzip_ID0000081.meta,/mnt/poseidon-data/poseidon/workflows/casa-wind-workflow-full/submit/poseidon/pegasus/casa-wind-full/run0189/00/00/unzip_ID0000066.meta,/mnt/poseidon-data/poseidon/workflows/casa-wind-workflow-full/submit/poseidon/pegasus/casa-wind-full/run0189/00/00/unzip_ID0000096.meta,/mnt/poseidon-data/poseidon/workflows/casa-wind-workflow-full/submit/poseidon/pegasus/casa-wind-full/run0189/00/00/unzip_ID0000051.meta,/mnt/poseidon-data/poseidon/workflows/casa-wind-workflow-full/submit/poseidon/pegasus/casa-wind-full/run0189/00/00/unzip_ID0000031.meta,/mnt/poseidon-data/poseidon/workflows/casa-wind-workflow-full/submit/poseidon/pegasus/casa-wind-full/run0189/00/00/unzip_ID0000116.meta,/mnt/poseidon-data/poseidon/workflows/casa-wind-workflow-full/submit/poseidon/pegasus/casa-wind-full/run0189/00/00/unzip_ID0000101.meta,/mnt/poseidon-data/poseidon/workflows/casa-wind-workflow-full/submit/poseidon/pegasus/casa-wind-full/run0189/00/00/unzip_ID0000121.meta,/mnt/poseidon-data/poseidon/workflows/casa-wind-workflow-full/submit/poseidon/pegasus/casa-wind-full/run0189/00/00/unzip_ID0000106.meta,/mnt/poseidon-data/poseidon/workflows/casa-wind-workflow-full/submit/poseidon/pegasus/casa-wind-full/run0189/00/00/unzip_ID0000046.meta,/mnt/poseidon-data/poseidon/workflows/casa-wind-workflow-full/submit/poseidon/pegasus/casa-wind-full/run0189/00/00/unzip_ID0000076.meta,/mnt/poseidon-data/poseidon/workflows/casa-wind-workflow-full/submit/poseidon/pegasus/casa-wind-full/run0189/00/00/unzip_ID0000056.meta,/mnt/poseidon-data/poseidon/workflows/casa-wind-workflow-full/submit/poseidon/pegasus/casa-wind-full/run0189/00/00/unzip_ID0000021.meta,/mnt/poseidon-data/poseidon/workflows/casa-wind-workflow-full/submit/poseidon/pegasus/casa-wind-full/run0189/00/00/unzip_ID0000086.meta,/mnt/poseidon-data/poseidon/workflows/casa-wind-workflow-full/submit/poseidon/pegasus/casa-wind-full/run0189/00/00/unzip_ID0000126.meta,/mnt/poseidon-data/poseidon/workflows/casa-wind-workflow-full/submit/poseidon/pegasus/casa-wind-full/run0189/00/00/unzip_ID0000006.meta,/mnt/poseidon-data/poseidon/workflows/casa-wind-workflow-full/submit/poseidon/pegasus/casa-wind-full/run0189/00/00/unzip_ID0000036.meta,/mnt/poseidon-data/poseidon/workflows/casa-wind-workflow-full/submit/poseidon/pegasus/casa-wind-full/run0189/00/00/unzip_ID0000001.meta,/mnt/poseidon-data/poseidon/workflows/casa-wind-workflow-full/submit/poseidon/pegasus/casa-wind-full/run0189/00/00/unzip_ID0000091.meta --insert /mnt/poseidon-data/poseidon/workflows/casa-wind-workflow-full/submit/poseidon/pegasus/casa-wind-full/run0189/00/00/register_condorpool_0_1.in",3.1,0,0,,,,,,,,,
register_condorpool_0_2,None,auxiliary,0,1694370213.0,,,1694370233.0,,,0.0,1694370238.0,1694370243.0,,,0.0,1694370243.0,1694370248.0,20.0,,5.0,5.0,5.0,,,,,poseidon,local,poseidon-submit,pegasus::rc-client,/mnt/poseidon-data/poseidon/pegasus-5.1.0panorama/bin/pegasus-rc-client,"-n pegasus::rc-client -N null -R local  -L casa-wind-full -T 2023-09-08T07:29:05+00:00 /home/poseidon/pegasus-5.1.0panorama/bin/pegasus-rc-client --prefix pegasus.catalog.replica.output --conf /mnt/poseidon-data/poseidon/workflows/casa-wind-workflow-full/submit/poseidon/pegasus/casa-wind-full/run0189/pegasus.6076415665140107033.properties -v --meta /mnt/poseidon-data/poseidon/workflows/casa-wind-workflow-full/submit/poseidon/pegasus/casa-wind-full/run0189/00/00/unzip_ID0000026.meta,/mnt/poseidon-data/poseidon/workflows/casa-wind-workflow-full/submit/poseidon/pegasus/casa-wind-full/run0189/00/00/unzip_ID0000061.meta,/mnt/poseidon-data/poseidon/workflows/casa-wind-workflow-full/submit/poseidon/pegasus/casa-wind-full/run0189/00/00/unzip_ID0000071.meta,/mnt/poseidon-data/poseidon/workflows/casa-wind-workflow-full/submit/poseidon/pegasus/casa-wind-full/run0189/00/00/unzip_ID0000041.meta,/mnt/poseidon-data/poseidon/workflows/casa-wind-workflow-full/submit/poseidon/pegasus/casa-wind-full/run0189/00/00/unzip_ID0000016.meta,/mnt/poseidon-data/poseidon/workflows/casa-wind-workflow-full/submit/poseidon/pegasus/casa-wind-full/run0189/00/00/unzip_ID0000111.meta,/mnt/poseidon-data/poseidon/workflows/casa-wind-workflow-full/submit/poseidon/pegasus/casa-wind-full/run0189/00/00/unzip_ID0000011.meta,/mnt/poseidon-data/poseidon/workflows/casa-wind-workflow-full/submit/poseidon/pegasus/casa-wind-full/run0189/00/00/unzip_ID0000081.meta,/mnt/poseidon-data/poseidon/workflows/casa-wind-workflow-full/submit/poseidon/pegasus/casa-wind-full/run0189/00/00/unzip_ID0000066.meta,/mnt/poseidon-data/poseidon/workflows/casa-wind-workflow-full/submit/poseidon/pegasus/casa-wind-full/run0189/00/00/unzip_ID0000096.meta,/mnt/poseidon-data/poseidon/workflows/casa-wind-workflow-full/submit/poseidon/pegasus/casa-wind-full/run0189/00/00/unzip_ID0000051.meta,/mnt/poseidon-data/poseidon/workflows/casa-wind-workflow-full/submit/poseidon/pegasus/casa-wind-full/run0189/00/00/unzip_ID0000031.meta,/mnt/poseidon-data/poseidon/workflows/casa-wind-workflow-full/submit/poseidon/pegasus/casa-wind-full/run0189/00/00/unzip_ID0000116.meta,/mnt/poseidon-data/poseidon/workflows/casa-wind-workflow-full/submit/poseidon/pegasus/casa-wind-full/run0189/00/00/unzip_ID0000101.meta,/mnt/poseidon-data/poseidon/workflows/casa-wind-workflow-full/submit/poseidon/pegasus/casa-wind-full/run0189/00/00/unzip_ID0000121.meta,/mnt/poseidon-data/poseidon/workflows/casa-wind-workflow-full/submit/poseidon/pegasus/casa-wind-full/run0189/00/00/unzip_ID0000106.meta,/mnt/poseidon-data/poseidon/workflows/casa-wind-workflow-full/submit/poseidon/pegasus/casa-wind-full/run0189/00/00/unzip_ID0000046.meta,/mnt/poseidon-data/poseidon/workflows/casa-wind-workflow-full/submit/poseidon/pegasus/casa-wind-full/run0189/00/00/unzip_ID0000076.meta,/mnt/poseidon-data/poseidon/workflows/casa-wind-workflow-full/submit/poseidon/pegasus/casa-wind-full/run0189/00/00/unzip_ID0000056.meta,/mnt/poseidon-data/poseidon/workflows/casa-wind-workflow-full/submit/poseidon/pegasus/casa-wind-full/run0189/00/00/unzip_ID0000021.meta,/mnt/poseidon-data/poseidon/workflows/casa-wind-workflow-full/submit/poseidon/pegasus/casa-wind-full/run0189/00/00/unzip_ID0000086.meta,/mnt/poseidon-data/poseidon/workflows/casa-wind-workflow-full/submit/poseidon/pegasus/casa-wind-full/run0189/00/00/unzip_ID0000126.meta,/mnt/poseidon-data/poseidon/workflows/casa-wind-workflow-full/submit/poseidon/pegasus/casa-wind-full/run0189/00/00/unzip_ID0000006.meta,/mnt/poseidon-data/poseidon/workflows/casa-wind-workflow-full/submit/poseidon/pegasus/casa-wind-full/run0189/00/00/unzip_ID0000036.meta,/mnt/poseidon-data/poseidon/workflows/casa-wind-workflow-full/submit/poseidon/pegasus/casa-wind-full/run0189/00/00/unzip_ID0000001.meta,/mnt/poseidon-data/poseidon/workflows/casa-wind-workflow-full/submit/poseidon/pegasus/casa-wind-full/run0189/00/00/unzip_ID0000091.meta --insert /mnt/poseidon-data/poseidon/workflows/casa-wind-workflow-full/submit/poseidon/pegasus/casa-wind-full/run0189/00/00/register_condorpool_0_2.in",3.0,0,0,,,,,,,,,
post_vel_ID0000008,None,compute,0,1694370213.0,,,1694370218.0,1694370237.0,1694370248.0,31433619.0,1694370234.0,1694370268.0,1694370254.0,1694370257.0,3589.0,1694370268.0,1694370273.0,5.0,,16.0,34.0,5.0,11.0,177143937.0,3.0,10982.0,poseidon,condorpool,poseidon-worker-1-container-32-35,post_vel,/opt/netcdf2png/merged_netcdf2png,,0.1,0,0,,,,,,,,,
mvt_ID0000009,None,compute,0,1694370213.0,,,1694370218.0,1694370237.0,1694370248.0,34063644.0,1694370234.0,1694370303.0,1694370293.0,1694370296.0,11390.0,1694370303.0,1694370308.0,5.0,,16.0,69.0,5.0,11.0,177143652.0,3.0,35429.0,poseidon,condorpool,poseidon-worker-1-container-40-43,mvt,/opt/mvt/mvt,,39.9,0,0,0.0,790592.0,20480.0,425.0,5.0,29.9,0.1,26353.1,1024.0
mvt_ID0000099,None,compute,0,1694370213.0,,,1694370218.0,1694370236.0,1694370247.0,30180689.8,1694370234.0,1694370303.0,1694370292.0,1694370295.0,16298.0,1694370303.0,1694370308.0,5.0,,16.0,69.0,5.0,11.0,177143652.0,3.0,50118.0,poseidon,condorpool,poseidon-worker-2-container-40-43,mvt,/opt/mvt/mvt,,39.4,0,0,0.0,820752.0,28672.0,491.0,7.0,29.9,0.1,27358.4,1433.6
mvt_ID0000074,None,compute,0,1694370213.0,,,1694370218.0,1694370238.0,1694370250.0,33234135.2,1694370237.0,1694370308.0,1694370295.0,1694370298.0,12640.0,1694370308.0,1694370313.0,5.0,,19.0,71.0,5.0,12.0,177143652.0,3.0,38855.0,poseidon,condorpool,poseidon-worker-1-container-0-3,mvt,/opt/mvt/mvt,,39.9,0,0,0.0,887597.0,20480.0,644.0,5.0,39.8,0.1,22189.9,1024.0
post_vel_ID0000083,None,compute,0,1694370213.0,,,1694370218.0,1694370237.0,1694370248.0,33002044.2,1694370235.0,1694370263.0,1694370254.0,1694370257.0,4146.0,1694370263.0,1694370268.0,5.0,,17.0,28.0,5.0,11.0,177143937.0,3.0,12720.0,poseidon,condorpool,poseidon-worker-1-container-36-39,post_vel,/opt/netcdf2png/merged_netcdf2png,,0.1,0,0,,,,,,,,,
post_vel_ID0000073,None,compute,0,1694370213.0,,,1694370218.0,1694370237.0,1694370248.0,35237608.4,1694370234.0,1694370263.0,1694370253.0,1694370256.0,3909.0,1694370263.0,1694370268.0,5.0,,16.0,29.0,5.0,11.0,177143937.0,3.0,11825.0,poseidon,condorpool,poseidon-worker-1-container-8-11,post_vel,/opt/netcdf2png/merged_netcdf2png,,0.2,0,0,,,,,,,,,
mvt_ID0000084,cpu_2,compute,0,1694370213.0,,,1694370218.0,1694370237.0,1694370248.0,29753347.8,1694370234.0,1694370303.0,1694370294.0,1694370297.0,14916.0,1694370303.0,1694370308.0,5.0,,16.0,69.0,5.0,11.0,177143652.0,3.0,47998.0,poseidon,condorpool,poseidon-worker-1-container-28-31,mvt,/opt/mvt/mvt,,39.9,0,0,0.0,820426.0,24576.0,497.0,6.0,39.7,0.1,20510.6,1228.8
post_vel_ID0000098,None,compute,0,1694370213.0,,,1694370218.0,1694370237.0,1694370249.0,32128415.6,1694370235.0,1694370268.0,1694370254.0,1694370257.0,4392.0,1694370268.0,1694370273.0,5.0,,17.0,33.0,5.0,12.0,177143937.0,3.0,13355.0,poseidon,condorpool,poseidon-worker-1-container-16-19,post_vel,/opt/netcdf2png/merged_netcdf2png,,0.1,0,0,,,,,,,,,
mvt_ID0000094,None,compute,0,1694370213.0,,,1694370218.0,1694370237.0,1694370249.0,25728095.0,1694370235.0,1694370303.0,1694370294.0,1694370297.0,16847.0,1694370303.0,1694370308.0,5.0,,17.0,68.0,5.0,12.0,177143652.0,3.0,52407.0,poseidon,condorpool,poseidon-worker-2-container-0-3,mvt,/opt/mvt/mvt,,39.4,0,0,0.0,822009.0,28672.0,494.0,7.0,29.9,0.1,27400.3,1433.6
post_vel_ID0000093,None,compute,0,1694370213.0,,,1694370218.0,1694370236.0,1694370248.0,32395377.4,1694370234.0,1694370263.0,1694370253.0,1694370256.0,4417.0,1694370263.0,1694370268.0,5.0,,16.0,29.0,5.0,12.0,177143937.0,3.0,13303.0,poseidon,condorpool,poseidon-worker-1-container-44-47,post_vel,/opt/netcdf2png/merged_netcdf2png,,0.1,0,0,,,,,,,,,
mvt_ID0000069,None,compute,0,1694370213.0,,,1694370218.0,1694370233.0,1694370245.0,32953774.2,1694370232.0,1694370303.0,1694370290.0,1694370293.0,11400.0,1694370303.0,1694370308.0,5.0,,14.0,71.0,5.0,12.0,177143652.0,3.0,35309.0,poseidon,condorpool,poseidon-worker-1-container-44-47,mvt,/opt/mvt/mvt,,39.9,0,0,0.0,816682.0,16384.0,482.0,4.0,29.9,0.1,27222.7,819.2
post_vel_ID0000068,None,compute,0,1694370213.0,,,1694370218.0,1694370232.0,1694370244.0,28750098.0,1694370231.0,1694370258.0,1694370249.0,1694370252.0,3702.0,1694370258.0,1694370263.0,5.0,,13.0,27.0,5.0,12.0,177143937.0,3.0,11398.0,poseidon,condorpool,poseidon-worker-2-container-4-7,post_vel,/opt/netcdf2png/merged_netcdf2png,,0.1,0,0,,,,,,,,,
post_vel_ID0000113,None,compute,0,1694370218.0,,,1694370223.0,1694370236.0,1694370247.0,29854479.0,1694370234.0,1694370263.0,1694370252.0,1694370255.0,4854.0,1694370263.0,1694370268.0,5.0,,11.0,29.0,5.0,11.0,177143937.0,3.0,14745.0,poseidon,condorpool,poseidon-worker-2-container-20-23,post_vel,/opt/netcdf2png/merged_netcdf2png,,0.1,0,0,,,,,,,,,
mvt_ID0000114,cpu_2,compute,0,1694370218.0,,,1694370223.0,1694370237.0,1694370249.0,27483258.3,1694370235.0,1694370303.0,1694370293.0,1694370297.0,23799.0,1694370303.0,1694370308.0,5.0,,12.0,68.0,5.0,12.0,177143652.0,4.0,73234.0,poseidon,condorpool,poseidon-worker-2-container-8-11,mvt,/opt/mvt/mvt,,39.5,0,0,0.0,787771.0,40960.0,419.0,10.0,29.9,0.1,26259.0,4096.0
stage_out_local_condorpool_1_1,None,transfer,0,1694370218.0,,,1694370223.0,,,0.0,1694370226.0,1694370233.0,,,0.0,1694370233.0,1694370238.0,5.0,,3.0,7.0,5.0,,,,,poseidon,local,poseidon-submit,pegasus::transfer,/mnt/poseidon-data/poseidon/pegasus-5.1.0panorama/bin/pegasus-transfer,/home/poseidon/pegasus-5.1.0panorama/bin/../bin/pegasus-kickstart  -n pegasus::transfer -N null -i - -R local  -L casa-wind-full -T 2023-09-08T07:29:05+00:00 /home/poseidon/pegasus-5.1.0panorama/bin/../bin/pegasus-transfer  --threads 2,1.0,0,0,,,,,,,,,
post_vel_ID0000003,None,compute,0,1694370218.0,,,1694370223.0,1694370237.0,1694370249.0,25111107.6,1694370234.0,1694370268.0,1694370255.0,1694370258.0,3565.0,1694370268.0,1694370273.0,5.0,,11.0,34.0,5.0,12.0,177143937.0,3.0,10865.0,poseidon,condorpool,poseidon-worker-1-container-12-15,post_vel,/opt/netcdf2png/merged_netcdf2png,,0.1,0,0,,,,,,,,,
mvt_ID0000004,None,compute,0,1694370218.0,,,1694370223.0,1694370236.0,1694370248.0,32757671.8,1694370234.0,1694370303.0,1694370292.0,1694370296.0,9343.0,1694370303.0,1694370308.0,5.0,,11.0,69.0,5.0,12.0,177143652.0,4.0,28781.0,poseidon,condorpool,poseidon-worker-2-container-36-39,mvt,/opt/mvt/mvt,,39.6,0,0,0.0,822135.0,16384.0,494.0,4.0,29.9,0.1,27404.5,819.2
post_vel_ID0000123,None,compute,0,1694370218.0,,,1694370223.0,1694370237.0,1694370249.0,28530583.7,1694370235.0,1694370268.0,1694370255.0,1694370258.0,4832.0,1694370268.0,1694370273.0,5.0,,12.0,33.0,5.0,12.0,177143937.0,3.0,14777.0,poseidon,condorpool,poseidon-worker-1-container-24-27,post_vel,/opt/netcdf2png/merged_netcdf2png,,0.1,0,0,,,,,,,,,
stage_out_local_condorpool_1_2,None,transfer,0,1694370218.0,,,1694370223.0,,,0.0,1694370226.0,1694370233.0,,,0.0,1694370233.0,1694370238.0,5.0,,3.0,7.0,5.0,,,,,poseidon,local,poseidon-submit,pegasus::transfer,/mnt/poseidon-data/poseidon/pegasus-5.1.0panorama/bin/pegasus-transfer,/home/poseidon/pegasus-5.1.0panorama/bin/../bin/pegasus-kickstart  -n pegasus::transfer -N null -i - -R local  -L casa-wind-full -T 2023-09-08T07:29:05+00:00 /home/poseidon/pegasus-5.1.0panorama/bin/../bin/pegasus-transfer  --threads 2,0.9,0,0,,,,,,,,,
mvt_ID0000124,None,compute,0,1694370218.0,,,1694370223.0,1694370237.0,1694370249.0,29086062.3,1694370235.0,1694370308.0,1694370295.0,1694370298.0,22761.0,1694370308.0,1694370313.0,5.0,,12.0,73.0,5.0,12.0,177143652.0,3.0,70564.0,poseidon,condorpool,poseidon-worker-1-container-20-23,mvt,/opt/mvt/mvt,,40.7,0,0,0.0,824535.0,40960.0,506.0,10.0,39.9,0.1,20613.4,4096.0
post_vel_ID0000103,None,compute,0,1694370218.0,,,1694370223.0,1694370238.0,1694370249.0,33883605.6,1694370236.0,1694370268.0,1694370254.0,1694370257.0,4500.0,1694370268.0,1694370273.0,5.0,,13.0,32.0,5.0,11.0,177143937.0,3.0,13815.0,poseidon,condorpool,poseidon-worker-1-container-4-7,post_vel,/opt/netcdf2png/merged_netcdf2png,,0.1,0,0,,,,,,,,,
mvt_ID0000104,None,compute,0,1694370218.0,,,1694370223.0,1694370237.0,1694370249.0,27813920.3,1694370235.0,1694370303.0,1694370294.0,1694370297.0,19351.0,1694370303.0,1694370308.0,5.0,,12.0,68.0,5.0,12.0,177143652.0,3.0,59590.0,poseidon,condorpool,poseidon-worker-2-container-32-35,mvt,/opt/mvt/mvt,,39.5,0,0,0.0,819376.0,32768.0,488.0,8.0,29.9,0.1,27312.5,3276.8
mvt_ID0000054,None,compute,0,1694370218.0,,,1694370223.0,1694370236.0,1694370247.0,29667893.0,1694370235.0,1694370303.0,1694370292.0,1694370295.0,9263.0,1694370303.0,1694370308.0,5.0,,12.0,68.0,5.0,11.0,177143652.0,3.0,28552.0,poseidon,condorpool,poseidon-worker-2-container-28-31,mvt,/opt/mvt/mvt,,39.4,0,0,0.0,819376.0,12288.0,488.0,3.0,29.9,0.1,27312.5,1228.8
post_vel_ID0000053,None,compute,0,1694370218.0,,,1694370223.0,1694370236.0,1694370248.0,25569185.3,1694370234.0,1694370263.0,1694370254.0,1694370257.0,3635.0,1694370263.0,1694370268.0,5.0,,11.0,29.0,5.0,12.0,177143937.0,3.0,11004.0,poseidon,condorpool,poseidon-worker-2-container-24-27,post_vel,/opt/netcdf2png/merged_netcdf2png,,0.1,0,0,,,,,,,,,
mvt_ID0000014,None,compute,0,1694370218.0,,,1694370223.0,1694370236.0,1694370247.0,32869652.4,1694370234.0,1694370303.0,1694370292.0,1694370295.0,10287.0,1694370303.0,1694370308.0,5.0,,11.0,69.0,5.0,11.0,177143652.0,3.0,31991.0,poseidon,condorpool,poseidon-worker-2-container-16-19,mvt,/opt/mvt/mvt,,39.6,0,0,0.0,791979.0,16384.0,428.0,4.0,29.9,0.1,26399.3,819.2
post_vel_ID0000013,None,compute,0,1694370218.0,,,1694370223.0,1694370236.0,1694370247.0,29634584.5,1694370234.0,1694370263.0,1694370253.0,1694370256.0,3612.0,1694370263.0,1694370268.0,5.0,,11.0,29.0,5.0,11.0,177143937.0,3.0,11040.0,poseidon,condorpool,poseidon-worker-2-container-12-15,post_vel,/opt/netcdf2png/merged_netcdf2png,,0.1,0,0,,,,,,,,,
stage_out_local_condorpool_1_0,None,transfer,0,1694370238.0,,,1694370243.0,,,0.0,1694370243.0,1694370248.0,,,0.0,1694370248.0,1694370253.0,5.0,,0.0,5.0,5.0,,,,,poseidon,local,poseidon-submit,pegasus::transfer,/mnt/poseidon-data/poseidon/pegasus-5.1.0panorama/bin/pegasus-transfer,/home/poseidon/pegasus-5.1.0panorama/bin/../bin/pegasus-kickstart  -n pegasus::transfer -N null -i - -R local  -L casa-wind-full -T 2023-09-08T07:29:05+00:00 /home/poseidon/pegasus-5.1.0panorama/bin/../bin/pegasus-transfer  --threads 2,0.9,0,0,,,,,,,,,
register_condorpool_1_1,None,auxiliary,0,1694370238.0,,,1694370258.0,,,0.0,1694370259.0,1694370263.0,,,0.0,1694370263.0,1694370268.0,20.0,,1.0,4.0,5.0,,,,,poseidon,local,poseidon-submit,pegasus::rc-client,/mnt/poseidon-data/poseidon/pegasus-5.1.0panorama/bin/pegasus-rc-client,"-n pegasus::rc-client -N null -R local  -L casa-wind-full -T 2023-09-08T07:29:05+00:00 /home/poseidon/pegasus-5.1.0panorama/bin/pegasus-rc-client --prefix pegasus.catalog.replica.output --conf /mnt/poseidon-data/poseidon/workflows/casa-wind-workflow-full/submit/poseidon/pegasus/casa-wind-full/run0189/pegasus.6076415665140107033.properties -v --meta /mnt/poseidon-data/poseidon/workflows/casa-wind-workflow-full/submit/poseidon/pegasus/casa-wind-full/run0189/00/00/um_vel_ID0000017.meta,/mnt/poseidon-data/poseidon/workflows/casa-wind-workflow-full/submit/poseidon/pegasus/casa-wind-full/run0189/00/01/um_vel_ID0000037.meta,/mnt/poseidon-data/poseidon/workflows/casa-wind-workflow-full/submit/poseidon/pegasus/casa-wind-full/run0189/00/00/um_vel_ID0000082.meta,/mnt/poseidon-data/poseidon/workflows/casa-wind-workflow-full/submit/poseidon/pegasus/casa-wind-full/run0189/00/00/um_vel_ID0000097.meta,/mnt/poseidon-data/poseidon/workflows/casa-wind-workflow-full/submit/poseidon/pegasus/casa-wind-full/run0189/00/01/um_vel_ID0000047.meta,/mnt/poseidon-data/poseidon/workflows/casa-wind-workflow-full/submit/poseidon/pegasus/casa-wind-full/run0189/00/00/um_vel_ID0000087.meta,/mnt/poseidon-data/poseidon/workflows/casa-wind-workflow-full/submit/poseidon/pegasus/casa-wind-full/run0189/00/01/um_vel_ID0000007.meta,/mnt/poseidon-data/poseidon/workflows/casa-wind-workflow-full/submit/poseidon/pegasus/casa-wind-full/run0189/00/01/um_vel_ID0000072.meta,/mnt/poseidon-data/poseidon/workflows/casa-wind-workflow-full/submit/poseidon/pegasus/casa-wind-full/run0189/00/01/um_vel_ID0000102.meta --insert /mnt/poseidon-data/poseidon/workflows/casa-wind-workflow-full/submit/poseidon/pegasus/casa-wind-full/run0189/00/01/register_condorpool_1_1.in",2.8,0,0,,,,,,,,,
post_vel_ID0000043,None,compute,0,1694370238.0,,,1694370243.0,1694370246.0,1694370257.0,34078939.2,1694370244.0,1694370273.0,1694370263.0,1694370266.0,3646.0,1694370273.0,1694370278.0,5.0,,1.0,29.0,5.0,11.0,177143937.0,3.0,11050.0,poseidon,condorpool,poseidon-worker-1-container-12-15,post_vel,/opt/netcdf2png/merged_netcdf2png,,0.1,0,0,,,,,,,,,
mvt_ID0000044,None,compute,0,1694370238.0,,,1694370243.0,1694370246.0,1694370257.0,29762867.0,1694370244.0,1694370313.0,1694370302.0,1694370305.0,9233.0,1694370313.0,1694370318.0,5.0,,1.0,69.0,5.0,11.0,177143652.0,3.0,28113.0,poseidon,condorpool,poseidon-worker-1-container-0-3,mvt,/opt/mvt/mvt,,39.5,0,0,0.0,887951.0,12288.0,638.0,3.0,29.7,0.1,29598.4,1228.8
register_condorpool_1_2,None,auxiliary,0,1694370238.0,,,1694370248.0,,,0.0,1694370249.0,1694370253.0,,,0.0,1694370253.0,1694370258.0,10.0,,1.0,4.0,5.0,,,,,poseidon,local,poseidon-submit,pegasus::rc-client,/mnt/poseidon-data/poseidon/pegasus-5.1.0panorama/bin/pegasus-rc-client,"-n pegasus::rc-client -N null -R local  -L casa-wind-full -T 2023-09-08T07:29:05+00:00 /home/poseidon/pegasus-5.1.0panorama/bin/pegasus-rc-client --prefix pegasus.catalog.replica.output --conf /mnt/poseidon-data/poseidon/workflows/casa-wind-workflow-full/submit/poseidon/pegasus/casa-wind-full/run0189/pegasus.6076415665140107033.properties -v --meta /mnt/poseidon-data/poseidon/workflows/casa-wind-workflow-full/submit/poseidon/pegasus/casa-wind-full/run0189/00/00/um_vel_ID0000117.meta,/mnt/poseidon-data/poseidon/workflows/casa-wind-workflow-full/submit/poseidon/pegasus/casa-wind-full/run0189/00/01/um_vel_ID0000052.meta,/mnt/poseidon-data/poseidon/workflows/casa-wind-workflow-full/submit/poseidon/pegasus/casa-wind-full/run0189/00/00/um_vel_ID0000002.meta,/mnt/poseidon-data/poseidon/workflows/casa-wind-workflow-full/submit/poseidon/pegasus/casa-wind-full/run0189/00/00/um_vel_ID0000012.meta,/mnt/poseidon-data/poseidon/workflows/casa-wind-workflow-full/submit/poseidon/pegasus/casa-wind-full/run0189/00/00/um_vel_ID0000032.meta,/mnt/poseidon-data/poseidon/workflows/casa-wind-workflow-full/submit/poseidon/pegasus/casa-wind-full/run0189/00/01/um_vel_ID0000062.meta,/mnt/poseidon-data/poseidon/workflows/casa-wind-workflow-full/submit/poseidon/pegasus/casa-wind-full/run0189/00/01/um_vel_ID0000112.meta,/mnt/poseidon-data/poseidon/workflows/casa-wind-workflow-full/submit/poseidon/pegasus/casa-wind-full/run0189/00/01/um_vel_ID0000107.meta --insert /mnt/poseidon-data/poseidon/workflows/casa-wind-workflow-full/submit/poseidon/pegasus/casa-wind-full/run0189/00/01/register_condorpool_1_2.in",2.6,0,0,,,,,,,,,
register_condorpool_1_0,None,auxiliary,0,1694370253.0,,,1694370268.0,,,0.0,1694370268.0,1694370273.0,,,0.0,1694370273.0,1694370278.0,15.0,,0.0,5.0,5.0,,,,,poseidon,local,poseidon-submit,pegasus::rc-client,/mnt/poseidon-data/poseidon/pegasus-5.1.0panorama/bin/pegasus-rc-client,"-n pegasus::rc-client -N null -R local  -L casa-wind-full -T 2023-09-08T07:29:05+00:00 /home/poseidon/pegasus-5.1.0panorama/bin/pegasus-rc-client --prefix pegasus.catalog.replica.output --conf /mnt/poseidon-data/poseidon/workflows/casa-wind-workflow-full/submit/poseidon/pegasus/casa-wind-full/run0189/pegasus.6076415665140107033.properties -v --meta /mnt/poseidon-data/poseidon/workflows/casa-wind-workflow-full/submit/poseidon/pegasus/casa-wind-full/run0189/00/01/um_vel_ID0000067.meta,/mnt/poseidon-data/poseidon/workflows/casa-wind-workflow-full/submit/poseidon/pegasus/casa-wind-full/run0189/00/00/um_vel_ID0000127.meta,/mnt/poseidon-data/poseidon/workflows/casa-wind-workflow-full/submit/poseidon/pegasus/casa-wind-full/run0189/00/00/um_vel_ID0000122.meta,/mnt/poseidon-data/poseidon/workflows/casa-wind-workflow-full/submit/poseidon/pegasus/casa-wind-full/run0189/00/00/um_vel_ID0000092.meta,/mnt/poseidon-data/poseidon/workflows/casa-wind-workflow-full/submit/poseidon/pegasus/casa-wind-full/run0189/00/01/um_vel_ID0000077.meta,/mnt/poseidon-data/poseidon/workflows/casa-wind-workflow-full/submit/poseidon/pegasus/casa-wind-full/run0189/00/01/um_vel_ID0000057.meta,/mnt/poseidon-data/poseidon/workflows/casa-wind-workflow-full/submit/poseidon/pegasus/casa-wind-full/run0189/00/00/um_vel_ID0000027.meta,/mnt/poseidon-data/poseidon/workflows/casa-wind-workflow-full/submit/poseidon/pegasus/casa-wind-full/run0189/00/01/um_vel_ID0000042.meta,/mnt/poseidon-data/poseidon/workflows/casa-wind-workflow-full/submit/poseidon/pegasus/casa-wind-full/run0189/00/00/um_vel_ID0000022.meta --insert /mnt/poseidon-data/poseidon/workflows/casa-wind-workflow-full/submit/poseidon/pegasus/casa-wind-full/run0189/00/01/register_condorpool_1_0.in",2.5,0,0,,,,,,,,,
point_alert_ID0000020,None,compute,0,1694370278.0,,,1694370283.0,1694370285.0,1694370297.0,29619609.0,1694370284.0,1694370313.0,1694370302.0,1694370305.0,6677.0,1694370313.0,1694370318.0,5.0,,1.0,29.0,5.0,12.0,176644228.0,3.0,20478.0,poseidon,condorpool,poseidon-worker-1-container-12-15,point_alert,/opt/pointAlert/pointAlert,,0.0,0,0,,,,,,,,,
point_alert_ID0000050,None,compute,0,1694370283.0,,,1694370288.0,1694370291.0,1694370302.0,27593516.8,1694370289.0,1694370318.0,1694370308.0,1694370311.0,6810.0,1694370318.0,1694370323.0,5.0,,1.0,29.0,5.0,11.0,176632091.0,3.0,20878.0,poseidon,condorpool,poseidon-worker-2-container-24-27,point_alert,/opt/pointAlert/pointAlert,,0.0,0,0,,,,,,,,,
point_alert_ID0000080,None,compute,0,1694370283.0,,,1694370288.0,1694370291.0,1694370302.0,29619909.0,1694370289.0,1694370318.0,1694370307.0,1694370310.0,6755.0,1694370318.0,1694370323.0,5.0,,1.0,29.0,5.0,11.0,176653320.0,3.0,20718.0,poseidon,condorpool,poseidon-worker-1-container-4-7,point_alert,/opt/pointAlert/pointAlert,,0.0,0,0,,,,,,,,,
point_alert_ID0000040,None,compute,0,1694370283.0,,,1694370288.0,1694370291.0,1694370302.0,31575132.0,1694370289.0,1694370318.0,1694370308.0,1694370311.0,6676.0,1694370318.0,1694370323.0,5.0,,1.0,29.0,5.0,11.0,176642369.0,3.0,20558.0,poseidon,condorpool,poseidon-worker-1-container-0-3,point_alert,/opt/pointAlert/pointAlert,,0.0,0,0,,,,,,,,,
point_alert_ID0000120,None,compute,0,1694370283.0,,,1694370288.0,1694370291.0,1694370302.0,29531191.5,1694370289.0,1694370318.0,1694370307.0,1694370310.0,7222.0,1694370318.0,1694370323.0,5.0,,1.0,29.0,5.0,11.0,176673508.0,3.0,21998.0,poseidon,condorpool,poseidon-worker-1-container-12-15,point_alert,/opt/pointAlert/pointAlert,,0.0,0,0,,,,,,,,,
point_alert_ID0000025,None,compute,0,1694370283.0,,,1694370288.0,1694370291.0,1694370302.0,34957183.2,1694370289.0,1694370318.0,1694370307.0,1694370310.0,6481.0,1694370318.0,1694370323.0,5.0,,1.0,29.0,5.0,11.0,176638688.0,3.0,20078.0,poseidon,condorpool,poseidon-worker-1-container-20-23,point_alert,/opt/pointAlert/pointAlert,,0.0,0,0,,,,,,,,,
point_alert_ID0000090,None,compute,0,1694370283.0,,,1694370288.0,1694370291.0,1694370302.0,31191222.0,1694370289.0,1694370318.0,1694370308.0,1694370311.0,6725.0,1694370318.0,1694370323.0,5.0,,1.0,29.0,5.0,11.0,176656458.0,3.0,20638.0,poseidon,condorpool,poseidon-worker-1-container-16-19,point_alert,/opt/pointAlert/pointAlert,,0.0,0,0,,,,,,,,,
point_alert_ID0000110,None,compute,0,1694370288.0,,,1694370293.0,1694370296.0,1694370307.0,34594127.2,1694370294.0,1694370323.0,1694370312.0,1694370315.0,6846.0,1694370323.0,1694370328.0,5.0,,1.0,29.0,5.0,11.0,176667937.0,3.0,21038.0,poseidon,condorpool,poseidon-worker-2-container-32-35,point_alert,/opt/pointAlert/pointAlert,,0.0,0,0,,,,,,,,,
point_alert_ID0000060,None,compute,0,1694370288.0,,,1694370293.0,1694370296.0,1694370307.0,29586766.0,1694370294.0,1694370323.0,1694370312.0,1694370315.0,6835.0,1694370323.0,1694370328.0,5.0,,1.0,29.0,5.0,11.0,176636147.0,3.0,20878.0,poseidon,condorpool,poseidon-worker-2-container-36-39,point_alert,/opt/pointAlert/pointAlert,,0.0,0,0,,,,,,,,,
point_alert_ID0000030,cpu_2,compute,0,1694370288.0,,,1694370293.0,1694370296.0,1694370307.0,29642924.5,1694370294.0,1694370323.0,1694370312.0,1694370316.0,6478.0,1694370323.0,1694370328.0,5.0,,1.0,29.0,5.0,11.0,176646324.0,4.0,20158.0,poseidon,condorpool,poseidon-worker-1-container-28-31,point_alert,/opt/pointAlert/pointAlert,,0.0,0,0,,,,,,,,,
point_alert_ID0000065,None,compute,0,1694370288.0,,,1694370293.0,1694370296.0,1694370307.0,29768319.0,1694370294.0,1694370323.0,1694370312.0,1694370315.0,6542.0,1694370323.0,1694370328.0,5.0,,1.0,29.0,5.0,11.0,176639131.0,3.0,20238.0,poseidon,condorpool,poseidon-worker-1-container-8-11,point_alert,/opt/pointAlert/pointAlert,,0.0,0,0,,,,,,,,,
point_alert_ID0000035,None,compute,0,1694370288.0,,,1694370293.0,1694370296.0,1694370307.0,29585574.5,1694370294.0,1694370323.0,1694370312.0,1694370315.0,6499.0,1694370323.0,1694370328.0,5.0,,1.0,29.0,5.0,11.0,176638959.0,3.0,20078.0,poseidon,condorpool,poseidon-worker-1-container-4-7,point_alert,/opt/pointAlert/pointAlert,,0.0,0,0,,,,,,,,,
point_alert_ID0000130,None,compute,0,1694370288.0,,,1694370293.0,1694370296.0,1694370307.0,33373239.0,1694370294.0,1694370323.0,1694370312.0,1694370315.0,7568.0,1694370323.0,1694370328.0,5.0,,1.0,29.0,5.0,11.0,176672472.0,3.0,23118.0,poseidon,condorpool,poseidon-worker-2-container-40-43,point_alert,/opt/pointAlert/pointAlert,,0.0,0,0,,,,,,,,,
point_alert_ID0000010,None,compute,0,1694370308.0,,,1694370313.0,1694370316.0,1694370327.0,32278809.8,1694370314.0,1694370343.0,1694370332.0,1694370336.0,6326.0,1694370343.0,1694370348.0,5.0,,1.0,29.0,5.0,11.0,176643412.0,4.0,20478.0,poseidon,condorpool,poseidon-worker-2-container-40-43,point_alert,/opt/pointAlert/pointAlert,,0.0,0,0,,,,,,,,,
stage_out_local_condorpool_2_2,None,transfer,0,1694370308.0,,,1694370313.0,,,0.0,1694370313.0,1694370318.0,,,0.0,1694370318.0,1694370323.0,5.0,,0.0,5.0,5.0,,,,,poseidon,local,poseidon-submit,pegasus::transfer,/mnt/poseidon-data/poseidon/pegasus-5.1.0panorama/bin/pegasus-transfer,/home/poseidon/pegasus-5.1.0panorama/bin/../bin/pegasus-kickstart  -n pegasus::transfer -N null -i - -R local  -L casa-wind-full -T 2023-09-08T07:29:05+00:00 /home/poseidon/pegasus-5.1.0panorama/bin/../bin/pegasus-transfer  --threads 2,1.0,0,0,,,,,,,,,
stage_out_local_condorpool_2_5,None,transfer,0,1694370308.0,,,1694370313.0,,,0.0,1694370313.0,1694370318.0,,,0.0,1694370318.0,1694370323.0,5.0,,0.0,5.0,5.0,,,,,poseidon,local,poseidon-submit,pegasus::transfer,/mnt/poseidon-data/poseidon/pegasus-5.1.0panorama/bin/pegasus-transfer,/home/poseidon/pegasus-5.1.0panorama/bin/../bin/pegasus-kickstart  -n pegasus::transfer -N null -i - -R local  -L casa-wind-full -T 2023-09-08T07:29:05+00:00 /home/poseidon/pegasus-5.1.0panorama/bin/../bin/pegasus-transfer  --threads 2,0.9,0,0,,,,,,,,,
stage_out_local_condorpool_2_4,None,transfer,0,1694370308.0,,,1694370313.0,,,0.0,1694370313.0,1694370318.0,,,0.0,1694370318.0,1694370323.0,5.0,,0.0,5.0,5.0,,,,,poseidon,local,poseidon-submit,pegasus::transfer,/mnt/poseidon-data/poseidon/pegasus-5.1.0panorama/bin/pegasus-transfer,/home/poseidon/pegasus-5.1.0panorama/bin/../bin/pegasus-kickstart  -n pegasus::transfer -N null -i - -R local  -L casa-wind-full -T 2023-09-08T07:29:05+00:00 /home/poseidon/pegasus-5.1.0panorama/bin/../bin/pegasus-transfer  --threads 2,0.9,0,0,,,,,,,,,
point_alert_ID0000105,None,compute,0,1694370308.0,,,1694370313.0,1694370316.0,1694370327.0,29596051.0,1694370314.0,1694370343.0,1694370332.0,1694370335.0,6570.0,1694370343.0,1694370348.0,5.0,,1.0,29.0,5.0,11.0,176667573.0,3.0,21278.0,poseidon,condorpool,poseidon-worker-2-container-32-35,point_alert,/opt/pointAlert/pointAlert,,0.0,0,0,,,,,,,,,
point_alert_ID0000085,None,compute,0,1694370308.0,,,1694370313.0,1694370316.0,1694370327.0,29913346.5,1694370315.0,1694370343.0,1694370332.0,1694370336.0,6632.0,1694370343.0,1694370348.0,5.0,,2.0,28.0,5.0,11.0,176655981.0,4.0,21118.0,poseidon,condorpool,poseidon-worker-1-container-40-43,point_alert,/opt/pointAlert/pointAlert,,0.0,0,0,,,,,,,,,
point_alert_ID0000070,None,compute,0,1694370308.0,,,1694370313.0,1694370316.0,1694370326.0,29612640.0,1694370314.0,1694370343.0,1694370332.0,1694370335.0,6201.0,1694370343.0,1694370348.0,5.0,,1.0,29.0,5.0,10.0,176643292.0,3.0,20558.0,poseidon,condorpool,poseidon-worker-1-container-12-15,point_alert,/opt/pointAlert/pointAlert,,0.0,0,0,,,,,,,,,
point_alert_ID0000015,None,compute,0,1694370308.0,,,1694370313.0,1694370316.0,1694370327.0,29636391.0,1694370314.0,1694370343.0,1694370332.0,1694370335.0,6296.0,1694370343.0,1694370348.0,5.0,,1.0,29.0,5.0,11.0,176639974.0,3.0,20558.0,poseidon,condorpool,poseidon-worker-2-container-36-39,point_alert,/opt/pointAlert/pointAlert,,0.0,0,0,,,,,,,,,
point_alert_ID0000115,None,compute,0,1694370308.0,,,1694370313.0,1694370316.0,1694370327.0,29745416.2,1694370314.0,1694370343.0,1694370332.0,1694370336.0,7014.0,1694370343.0,1694370348.0,5.0,,1.0,29.0,5.0,11.0,176681217.0,4.0,21598.0,poseidon,condorpool,poseidon-worker-1-container-0-3,point_alert,/opt/pointAlert/pointAlert,,0.0,0,0,,,,,,,,,
point_alert_ID0000005,None,compute,0,1694370308.0,,,1694370313.0,1694370316.0,1694370326.0,29611914.5,1694370314.0,1694370343.0,1694370332.0,1694370335.0,6148.0,1694370343.0,1694370348.0,5.0,,1.0,29.0,5.0,10.0,176636764.0,3.0,20398.0,poseidon,condorpool,poseidon-worker-1-container-44-47,point_alert,/opt/pointAlert/pointAlert,,0.0,0,0,,,,,,,,,
point_alert_ID0000055,None,compute,0,1694370308.0,,,1694370313.0,1694370316.0,1694370327.0,29694394.4,1694370314.0,1694370343.0,1694370332.0,1694370336.0,6495.0,1694370343.0,1694370348.0,5.0,,1.0,29.0,5.0,11.0,176636535.0,4.0,20638.0,poseidon,condorpool,poseidon-worker-1-container-0-3,point_alert,/opt/pointAlert/pointAlert,,0.0,0,0,,,,,,,,,
point_alert_ID0000100,cpu_2,compute,0,1694370308.0,,,1694370313.0,1694370316.0,1694370327.0,29599174.0,1694370314.0,1694370343.0,1694370332.0,1694370335.0,6651.0,1694370343.0,1694370348.0,5.0,,1.0,29.0,5.0,11.0,176658101.0,3.0,20638.0,poseidon,condorpool,poseidon-worker-1-container-28-31,point_alert,/opt/pointAlert/pointAlert,,0.0,0,0,,,,,,,,,
point_alert_ID0000095,None,compute,0,1694370308.0,,,1694370313.0,1694370316.0,1694370327.0,32444003.4,1694370314.0,1694370343.0,1694370332.0,1694370336.0,6517.0,1694370343.0,1694370348.0,5.0,,1.0,29.0,5.0,11.0,176660390.0,4.0,20718.0,poseidon,condorpool,poseidon-worker-2-container-28-31,point_alert,/opt/pointAlert/pointAlert,,0.0,0,0,,,,,,,,,
stage_out_local_condorpool_2_1,None,transfer,0,1694370313.0,,,1694370318.0,,,0.0,1694370319.0,1694370323.0,,,0.0,1694370323.0,1694370328.0,5.0,,1.0,4.0,5.0,,,,,poseidon,local,poseidon-submit,pegasus::transfer,/mnt/poseidon-data/poseidon/pegasus-5.1.0panorama/bin/pegasus-transfer,/home/poseidon/pegasus-5.1.0panorama/bin/../bin/pegasus-kickstart  -n pegasus::transfer -N null -i - -R local  -L casa-wind-full -T 2023-09-08T07:29:05+00:00 /home/poseidon/pegasus-5.1.0panorama/bin/../bin/pegasus-transfer  --threads 2,0.9,0,0,,,,,,,,,
point_alert_ID0000075,None,compute,0,1694370313.0,,,1694370318.0,1694370321.0,1694370332.0,34234901.6,1694370319.0,1694370348.0,1694370337.0,1694370340.0,6725.0,1694370348.0,1694370353.0,5.0,,1.0,29.0,5.0,11.0,176646838.0,3.0,20558.0,poseidon,condorpool,poseidon-worker-2-container-24-27,point_alert,/opt/pointAlert/pointAlert,,0.0,0,0,,,,,,,,,
stage_out_local_condorpool_2_3,None,transfer,0,1694370313.0,,,1694370318.0,,,0.0,1694370319.0,1694370323.0,,,0.0,1694370323.0,1694370328.0,5.0,,1.0,4.0,5.0,,,,,poseidon,local,poseidon-submit,pegasus::transfer,/mnt/poseidon-data/poseidon/pegasus-5.1.0panorama/bin/pegasus-transfer,/home/poseidon/pegasus-5.1.0panorama/bin/../bin/pegasus-kickstart  -n pegasus::transfer -N null -i - -R local  -L casa-wind-full -T 2023-09-08T07:29:05+00:00 /home/poseidon/pegasus-5.1.0panorama/bin/../bin/pegasus-transfer  --threads 2,0.9,0,0,,,,,,,,,
point_alert_ID0000125,None,compute,0,1694370313.0,,,1694370318.0,1694370321.0,1694370332.0,29585642.0,1694370319.0,1694370348.0,1694370337.0,1694370340.0,7523.0,1694370348.0,1694370353.0,5.0,,1.0,29.0,5.0,11.0,176678547.0,3.0,22878.0,poseidon,condorpool,poseidon-worker-1-container-20-23,point_alert,/opt/pointAlert/pointAlert,,0.0,0,0,,,,,,,,,
stage_out_local_condorpool_2_0,None,transfer,0,1694370318.0,,,1694370323.0,,,0.0,1694370324.0,1694370333.0,,,0.0,1694370333.0,1694370338.0,5.0,,1.0,9.0,5.0,,,,,poseidon,local,poseidon-submit,pegasus::transfer,/mnt/poseidon-data/poseidon/pegasus-5.1.0panorama/bin/pegasus-transfer,/home/poseidon/pegasus-5.1.0panorama/bin/../bin/pegasus-kickstart  -n pegasus::transfer -N null -i - -R local  -L casa-wind-full -T 2023-09-08T07:29:05+00:00 /home/poseidon/pegasus-5.1.0panorama/bin/../bin/pegasus-transfer  --threads 2,0.9,0,0,,,,,,,,,
point_alert_ID0000045,None,compute,0,1694370318.0,,,1694370323.0,1694370326.0,1694370337.0,29639891.5,1694370324.0,1694370353.0,1694370343.0,1694370346.0,6830.0,1694370353.0,1694370359.0,5.0,,1.0,29.0,6.0,11.0,176636096.0,3.0,20798.0,poseidon,condorpool,poseidon-worker-1-container-4-7,point_alert,/opt/pointAlert/pointAlert,,0.0,0,0,,,,,,,,,
register_condorpool_2_4,None,auxiliary,0,1694370323.0,,,1694370409.0,,,0.0,1694370410.0,1694370414.0,,,0.0,1694370414.0,1694370419.0,86.0,,1.0,4.0,5.0,,,,,poseidon,local,poseidon-submit,pegasus::rc-client,/mnt/poseidon-data/poseidon/pegasus-5.1.0panorama/bin/pegasus-rc-client,"-n pegasus::rc-client -N null -R local  -L casa-wind-full -T 2023-09-08T07:29:05+00:00 /home/poseidon/pegasus-5.1.0panorama/bin/pegasus-rc-client --prefix pegasus.catalog.replica.output --conf /mnt/poseidon-data/poseidon/workflows/casa-wind-workflow-full/submit/poseidon/pegasus/casa-wind-full/run0189/pegasus.6076415665140107033.properties -v --meta /mnt/poseidon-data/poseidon/workflows/casa-wind-workflow-full/submit/poseidon/pegasus/casa-wind-full/run0189/00/02/post_vel_ID0000108.meta,/mnt/poseidon-data/poseidon/workflows/casa-wind-workflow-full/submit/poseidon/pegasus/casa-wind-full/run0189/00/01/post_vel_ID0000063.meta,/mnt/poseidon-data/poseidon/workflows/casa-wind-workflow-full/submit/poseidon/pegasus/casa-wind-full/run0189/00/01/post_vel_ID0000013.meta,/mnt/poseidon-data/poseidon/workflows/casa-wind-workflow-full/submit/poseidon/pegasus/casa-wind-full/run0189/00/02/mvt_ID0000054.meta,/mnt/poseidon-data/poseidon/workflows/casa-wind-workflow-full/submit/poseidon/pegasus/casa-wind-full/run0189/00/01/post_vel_ID0000033.meta,/mnt/poseidon-data/poseidon/workflows/casa-wind-workflow-full/submit/poseidon/pegasus/casa-wind-full/run0189/00/02/post_vel_ID0000113.meta,/mnt/poseidon-data/poseidon/workflows/casa-wind-workflow-full/submit/poseidon/pegasus/casa-wind-full/run0189/00/01/post_vel_ID0000003.meta,/mnt/poseidon-data/poseidon/workflows/casa-wind-workflow-full/submit/poseidon/pegasus/casa-wind-full/run0189/00/01/post_vel_ID0000118.meta --insert /mnt/poseidon-data/poseidon/workflows/casa-wind-workflow-full/submit/poseidon/pegasus/casa-wind-full/run0189/00/02/register_condorpool_2_4.in",2.5,0,0,,,,,,,,,
register_condorpool_2_5,None,auxiliary,0,1694370323.0,,,1694370399.0,,,0.0,1694370399.0,1694370404.0,,,0.0,1694370404.0,1694370409.0,76.0,,0.0,5.0,5.0,,,,,poseidon,local,poseidon-submit,pegasus::rc-client,/mnt/poseidon-data/poseidon/pegasus-5.1.0panorama/bin/pegasus-rc-client,"-n pegasus::rc-client -N null -R local  -L casa-wind-full -T 2023-09-08T07:29:05+00:00 /home/poseidon/pegasus-5.1.0panorama/bin/pegasus-rc-client --prefix pegasus.catalog.replica.output --conf /mnt/poseidon-data/poseidon/workflows/casa-wind-workflow-full/submit/poseidon/pegasus/casa-wind-full/run0189/pegasus.6076415665140107033.properties -v --meta /mnt/poseidon-data/poseidon/workflows/casa-wind-workflow-full/submit/poseidon/pegasus/casa-wind-full/run0189/00/01/mvt_ID0000004.meta,/mnt/poseidon-data/poseidon/workflows/casa-wind-workflow-full/submit/poseidon/pegasus/casa-wind-full/run0189/00/01/mvt_ID0000119.meta,/mnt/poseidon-data/poseidon/workflows/casa-wind-workflow-full/submit/poseidon/pegasus/casa-wind-full/run0189/00/02/post_vel_ID0000053.meta,/mnt/poseidon-data/poseidon/workflows/casa-wind-workflow-full/submit/poseidon/pegasus/casa-wind-full/run0189/00/02/mvt_ID0000114.meta,/mnt/poseidon-data/poseidon/workflows/casa-wind-workflow-full/submit/poseidon/pegasus/casa-wind-full/run0189/00/01/mvt_ID0000034.meta,/mnt/poseidon-data/poseidon/workflows/casa-wind-workflow-full/submit/poseidon/pegasus/casa-wind-full/run0189/00/01/mvt_ID0000014.meta,/mnt/poseidon-data/poseidon/workflows/casa-wind-workflow-full/submit/poseidon/pegasus/casa-wind-full/run0189/00/02/mvt_ID0000109.meta,/mnt/poseidon-data/poseidon/workflows/casa-wind-workflow-full/submit/poseidon/pegasus/casa-wind-full/run0189/00/01/mvt_ID0000064.meta --insert /mnt/poseidon-data/poseidon/workflows/casa-wind-workflow-full/submit/poseidon/pegasus/casa-wind-full/run0189/00/02/register_condorpool_2_5.in",2.6,0,0,,,,,,,,,
register_condorpool_2_2,None,auxiliary,0,1694370323.0,,,1694370328.0,,,0.0,1694370329.0,1694370333.0,,,0.0,1694370333.0,1694370338.0,5.0,,1.0,4.0,5.0,,,,,poseidon,local,poseidon-submit,pegasus::rc-client,/mnt/poseidon-data/poseidon/pegasus-5.1.0panorama/bin/pegasus-rc-client,"-n pegasus::rc-client -N null -R local  -L casa-wind-full -T 2023-09-08T07:29:05+00:00 /home/poseidon/pegasus-5.1.0panorama/bin/pegasus-rc-client --prefix pegasus.catalog.replica.output --conf /mnt/poseidon-data/poseidon/workflows/casa-wind-workflow-full/submit/poseidon/pegasus/casa-wind-full/run0189/pegasus.6076415665140107033.properties -v --meta /mnt/poseidon-data/poseidon/workflows/casa-wind-workflow-full/submit/poseidon/pegasus/casa-wind-full/run0189/00/02/post_vel_ID0000073.meta,/mnt/poseidon-data/poseidon/workflows/casa-wind-workflow-full/submit/poseidon/pegasus/casa-wind-full/run0189/00/02/mvt_ID0000039.meta,/mnt/poseidon-data/poseidon/workflows/casa-wind-workflow-full/submit/poseidon/pegasus/casa-wind-full/run0189/00/01/mvt_ID0000099.meta,/mnt/poseidon-data/poseidon/workflows/casa-wind-workflow-full/submit/poseidon/pegasus/casa-wind-full/run0189/00/01/post_vel_ID0000008.meta,/mnt/poseidon-data/poseidon/workflows/casa-wind-workflow-full/submit/poseidon/pegasus/casa-wind-full/run0189/00/02/mvt_ID0000049.meta,/mnt/poseidon-data/poseidon/workflows/casa-wind-workflow-full/submit/poseidon/pegasus/casa-wind-full/run0189/00/01/mvt_ID0000019.meta,/mnt/poseidon-data/poseidon/workflows/casa-wind-workflow-full/submit/poseidon/pegasus/casa-wind-full/run0189/00/02/mvt_ID0000104.meta,/mnt/poseidon-data/poseidon/workflows/casa-wind-workflow-full/submit/poseidon/pegasus/casa-wind-full/run0189/00/01/post_vel_ID0000083.meta,/mnt/poseidon-data/poseidon/workflows/casa-wind-workflow-full/submit/poseidon/pegasus/casa-wind-full/run0189/00/01/post_vel_ID0000088.meta --insert /mnt/poseidon-data/poseidon/workflows/casa-wind-workflow-full/submit/poseidon/pegasus/casa-wind-full/run0189/00/02/register_condorpool_2_2.in",2.6,0,0,,,,,,,,,
register_condorpool_2_1,None,auxiliary,0,1694370328.0,,,1694370338.0,,,0.0,1694370338.0,1694370343.0,,,0.0,1694370343.0,1694370348.0,10.0,,0.0,5.0,5.0,,,,,poseidon,local,poseidon-submit,pegasus::rc-client,/mnt/poseidon-data/poseidon/pegasus-5.1.0panorama/bin/pegasus-rc-client,"-n pegasus::rc-client -N null -R local  -L casa-wind-full -T 2023-09-08T07:29:05+00:00 /home/poseidon/pegasus-5.1.0panorama/bin/pegasus-rc-client --prefix pegasus.catalog.replica.output --conf /mnt/poseidon-data/poseidon/workflows/casa-wind-workflow-full/submit/poseidon/pegasus/casa-wind-full/run0189/pegasus.6076415665140107033.properties -v --meta /mnt/poseidon-data/poseidon/workflows/casa-wind-workflow-full/submit/poseidon/pegasus/casa-wind-full/run0189/00/01/post_vel_ID0000028.meta,/mnt/poseidon-data/poseidon/workflows/casa-wind-workflow-full/submit/poseidon/pegasus/casa-wind-full/run0189/00/02/post_vel_ID0000043.meta,/mnt/poseidon-data/poseidon/workflows/casa-wind-workflow-full/submit/poseidon/pegasus/casa-wind-full/run0189/00/01/post_vel_ID0000128.meta,/mnt/poseidon-data/poseidon/workflows/casa-wind-workflow-full/submit/poseidon/pegasus/casa-wind-full/run0189/00/01/mvt_ID0000094.meta,/mnt/poseidon-data/poseidon/workflows/casa-wind-workflow-full/submit/poseidon/pegasus/casa-wind-full/run0189/00/01/mvt_ID0000069.meta,/mnt/poseidon-data/poseidon/workflows/casa-wind-workflow-full/submit/poseidon/pegasus/casa-wind-full/run0189/00/02/mvt_ID0000059.meta,/mnt/poseidon-data/poseidon/workflows/casa-wind-workflow-full/submit/poseidon/pegasus/casa-wind-full/run0189/00/01/mvt_ID0000124.meta,/mnt/poseidon-data/poseidon/workflows/casa-wind-workflow-full/submit/poseidon/pegasus/casa-wind-full/run0189/00/01/mvt_ID0000024.meta,/mnt/poseidon-data/poseidon/workflows/casa-wind-workflow-full/submit/poseidon/pegasus/casa-wind-full/run0189/00/02/mvt_ID0000079.meta --insert /mnt/poseidon-data/poseidon/workflows/casa-wind-workflow-full/submit/poseidon/pegasus/casa-wind-full/run0189/00/02/register_condorpool_2_1.in",2.6,0,0,,,,,,,,,
register_condorpool_2_3,None,auxiliary,0,1694370328.0,,,1694370358.0,,,0.0,1694370359.0,1694370364.0,,,0.0,1694370364.0,1694370369.0,30.0,,1.0,5.0,5.0,,,,,poseidon,local,poseidon-submit,pegasus::rc-client,/mnt/poseidon-data/poseidon/pegasus-5.1.0panorama/bin/pegasus-rc-client,"-n pegasus::rc-client -N null -R local  -L casa-wind-full -T 2023-09-08T07:29:05+00:00 /home/poseidon/pegasus-5.1.0panorama/bin/pegasus-rc-client --prefix pegasus.catalog.replica.output --conf /mnt/poseidon-data/poseidon/workflows/casa-wind-workflow-full/submit/poseidon/pegasus/casa-wind-full/run0189/pegasus.6076415665140107033.properties -v --meta /mnt/poseidon-data/poseidon/workflows/casa-wind-workflow-full/submit/poseidon/pegasus/casa-wind-full/run0189/00/01/mvt_ID0000084.meta,/mnt/poseidon-data/poseidon/workflows/casa-wind-workflow-full/submit/poseidon/pegasus/casa-wind-full/run0189/00/02/post_vel_ID0000103.meta,/mnt/poseidon-data/poseidon/workflows/casa-wind-workflow-full/submit/poseidon/pegasus/casa-wind-full/run0189/00/01/post_vel_ID0000098.meta,/mnt/poseidon-data/poseidon/workflows/casa-wind-workflow-full/submit/poseidon/pegasus/casa-wind-full/run0189/00/02/post_vel_ID0000048.meta,/mnt/poseidon-data/poseidon/workflows/casa-wind-workflow-full/submit/poseidon/pegasus/casa-wind-full/run0189/00/01/mvt_ID0000009.meta,/mnt/poseidon-data/poseidon/workflows/casa-wind-workflow-full/submit/poseidon/pegasus/casa-wind-full/run0189/00/01/post_vel_ID0000018.meta,/mnt/poseidon-data/poseidon/workflows/casa-wind-workflow-full/submit/poseidon/pegasus/casa-wind-full/run0189/00/01/mvt_ID0000089.meta,/mnt/poseidon-data/poseidon/workflows/casa-wind-workflow-full/submit/poseidon/pegasus/casa-wind-full/run0189/00/02/mvt_ID0000074.meta,/mnt/poseidon-data/poseidon/workflows/casa-wind-workflow-full/submit/poseidon/pegasus/casa-wind-full/run0189/00/02/post_vel_ID0000038.meta --insert /mnt/poseidon-data/poseidon/workflows/casa-wind-workflow-full/submit/poseidon/pegasus/casa-wind-full/run0189/00/02/register_condorpool_2_3.in",2.7,0,0,,,,,,,,,
register_condorpool_2_0,None,auxiliary,0,1694370338.0,,,1694370348.0,,,0.0,1694370349.0,1694370353.0,,,0.0,1694370353.0,1694370359.0,10.0,,1.0,4.0,6.0,,,,,poseidon,local,poseidon-submit,pegasus::rc-client,/mnt/poseidon-data/poseidon/pegasus-5.1.0panorama/bin/pegasus-rc-client,"-n pegasus::rc-client -N null -R local  -L casa-wind-full -T 2023-09-08T07:29:05+00:00 /home/poseidon/pegasus-5.1.0panorama/bin/pegasus-rc-client --prefix pegasus.catalog.replica.output --conf /mnt/poseidon-data/poseidon/workflows/casa-wind-workflow-full/submit/poseidon/pegasus/casa-wind-full/run0189/pegasus.6076415665140107033.properties -v --meta /mnt/poseidon-data/poseidon/workflows/casa-wind-workflow-full/submit/poseidon/pegasus/casa-wind-full/run0189/00/01/post_vel_ID0000023.meta,/mnt/poseidon-data/poseidon/workflows/casa-wind-workflow-full/submit/poseidon/pegasus/casa-wind-full/run0189/00/01/post_vel_ID0000093.meta,/mnt/poseidon-data/poseidon/workflows/casa-wind-workflow-full/submit/poseidon/pegasus/casa-wind-full/run0189/00/01/mvt_ID0000129.meta,/mnt/poseidon-data/poseidon/workflows/casa-wind-workflow-full/submit/poseidon/pegasus/casa-wind-full/run0189/00/02/mvt_ID0000044.meta,/mnt/poseidon-data/poseidon/workflows/casa-wind-workflow-full/submit/poseidon/pegasus/casa-wind-full/run0189/00/02/post_vel_ID0000058.meta,/mnt/poseidon-data/poseidon/workflows/casa-wind-workflow-full/submit/poseidon/pegasus/casa-wind-full/run0189/00/01/post_vel_ID0000068.meta,/mnt/poseidon-data/poseidon/workflows/casa-wind-workflow-full/submit/poseidon/pegasus/casa-wind-full/run0189/00/01/post_vel_ID0000123.meta,/mnt/poseidon-data/poseidon/workflows/casa-wind-workflow-full/submit/poseidon/pegasus/casa-wind-full/run0189/00/02/post_vel_ID0000078.meta,/mnt/poseidon-data/poseidon/workflows/casa-wind-workflow-full/submit/poseidon/pegasus/casa-wind-full/run0189/00/01/mvt_ID0000029.meta --insert /mnt/poseidon-data/poseidon/workflows/casa-wind-workflow-full/submit/poseidon/pegasus/casa-wind-full/run0189/00/02/register_condorpool_2_0.in",2.7,0,0,,,,,,,,,
stage_out_local_condorpool_3_2,None,transfer,0,1694370348.0,,,1694370353.0,,,0.0,1694370354.0,1694370359.0,,,0.0,1694370359.0,1694370364.0,5.0,,1.0,5.0,5.0,,,,,poseidon,local,poseidon-submit,pegasus::transfer,/mnt/poseidon-data/poseidon/pegasus-5.1.0panorama/bin/pegasus-transfer,/home/poseidon/pegasus-5.1.0panorama/bin/../bin/pegasus-kickstart  -n pegasus::transfer -N null -i - -R local  -L casa-wind-full -T 2023-09-08T07:29:05+00:00 /home/poseidon/pegasus-5.1.0panorama/bin/../bin/pegasus-transfer  --threads 2,0.8,0,0,,,,,,,,,
stage_out_local_condorpool_3_1,None,transfer,0,1694370353.0,,,1694370358.0,,,0.0,1694370359.0,1694370364.0,,,0.0,1694370364.0,1694370369.0,5.0,,1.0,5.0,5.0,,,,,poseidon,local,poseidon-submit,pegasus::transfer,/mnt/poseidon-data/poseidon/pegasus-5.1.0panorama/bin/pegasus-transfer,/home/poseidon/pegasus-5.1.0panorama/bin/../bin/pegasus-kickstart  -n pegasus::transfer -N null -i - -R local  -L casa-wind-full -T 2023-09-08T07:29:05+00:00 /home/poseidon/pegasus-5.1.0panorama/bin/../bin/pegasus-transfer  --threads 2,0.9,0,0,,,,,,,,,
stage_out_local_condorpool_3_0,None,transfer,0,1694370359.0,,,1694370364.0,,,0.0,1694370364.0,1694370369.0,,,0.0,1694370369.0,1694370374.0,5.0,,0.0,5.0,5.0,,,,,poseidon,local,poseidon-submit,pegasus::transfer,/mnt/poseidon-data/poseidon/pegasus-5.1.0panorama/bin/pegasus-transfer,/home/poseidon/pegasus-5.1.0panorama/bin/../bin/pegasus-kickstart  -n pegasus::transfer -N null -i - -R local  -L casa-wind-full -T 2023-09-08T07:29:05+00:00 /home/poseidon/pegasus-5.1.0panorama/bin/../bin/pegasus-transfer  --threads 2,0.9,0,0,,,,,,,,,
register_condorpool_3_2,None,auxiliary,0,1694370364.0,,,1694370369.0,,,0.0,1694370369.0,1694370374.0,,,0.0,1694370374.0,1694370379.0,5.0,,0.0,5.0,5.0,,,,,poseidon,local,poseidon-submit,pegasus::rc-client,/mnt/poseidon-data/poseidon/pegasus-5.1.0panorama/bin/pegasus-rc-client,"-n pegasus::rc-client -N null -R local  -L casa-wind-full -T 2023-09-08T07:29:05+00:00 /home/poseidon/pegasus-5.1.0panorama/bin/pegasus-rc-client --prefix pegasus.catalog.replica.output --conf /mnt/poseidon-data/poseidon/workflows/casa-wind-workflow-full/submit/poseidon/pegasus/casa-wind-full/run0189/pegasus.6076415665140107033.properties -v --meta /mnt/poseidon-data/poseidon/workflows/casa-wind-workflow-full/submit/poseidon/pegasus/casa-wind-full/run0189/00/03/point_alert_ID0000110.meta,/mnt/poseidon-data/poseidon/workflows/casa-wind-workflow-full/submit/poseidon/pegasus/casa-wind-full/run0189/00/03/point_alert_ID0000055.meta,/mnt/poseidon-data/poseidon/workflows/casa-wind-workflow-full/submit/poseidon/pegasus/casa-wind-full/run0189/00/02/point_alert_ID0000115.meta,/mnt/poseidon-data/poseidon/workflows/casa-wind-workflow-full/submit/poseidon/pegasus/casa-wind-full/run0189/00/02/point_alert_ID0000120.meta,/mnt/poseidon-data/poseidon/workflows/casa-wind-workflow-full/submit/poseidon/pegasus/casa-wind-full/run0189/00/02/point_alert_ID0000035.meta,/mnt/poseidon-data/poseidon/workflows/casa-wind-workflow-full/submit/poseidon/pegasus/casa-wind-full/run0189/00/02/point_alert_ID0000015.meta,/mnt/poseidon-data/poseidon/workflows/casa-wind-workflow-full/submit/poseidon/pegasus/casa-wind-full/run0189/00/02/point_alert_ID0000065.meta,/mnt/poseidon-data/poseidon/workflows/casa-wind-workflow-full/submit/poseidon/pegasus/casa-wind-full/run0189/00/02/point_alert_ID0000005.meta --insert /mnt/poseidon-data/poseidon/workflows/casa-wind-workflow-full/submit/poseidon/pegasus/casa-wind-full/run0189/00/03/register_condorpool_3_2.in",2.7,0,0,,,,,,,,,
register_condorpool_3_1,None,auxiliary,0,1694370369.0,,,1694370379.0,,,0.0,1694370380.0,1694370384.0,,,0.0,1694370384.0,1694370389.0,10.0,,1.0,4.0,5.0,,,,,poseidon,local,poseidon-submit,pegasus::rc-client,/mnt/poseidon-data/poseidon/pegasus-5.1.0panorama/bin/pegasus-rc-client,"-n pegasus::rc-client -N null -R local  -L casa-wind-full -T 2023-09-08T07:29:05+00:00 /home/poseidon/pegasus-5.1.0panorama/bin/pegasus-rc-client --prefix pegasus.catalog.replica.output --conf /mnt/poseidon-data/poseidon/workflows/casa-wind-workflow-full/submit/poseidon/pegasus/casa-wind-full/run0189/pegasus.6076415665140107033.properties -v --meta /mnt/poseidon-data/poseidon/workflows/casa-wind-workflow-full/submit/poseidon/pegasus/casa-wind-full/run0189/00/02/point_alert_ID0000010.meta,/mnt/poseidon-data/poseidon/workflows/casa-wind-workflow-full/submit/poseidon/pegasus/casa-wind-full/run0189/00/02/point_alert_ID0000090.meta,/mnt/poseidon-data/poseidon/workflows/casa-wind-workflow-full/submit/poseidon/pegasus/casa-wind-full/run0189/00/02/point_alert_ID0000085.meta,/mnt/poseidon-data/poseidon/workflows/casa-wind-workflow-full/submit/poseidon/pegasus/casa-wind-full/run0189/00/02/point_alert_ID0000075.meta,/mnt/poseidon-data/poseidon/workflows/casa-wind-workflow-full/submit/poseidon/pegasus/casa-wind-full/run0189/00/02/point_alert_ID0000100.meta,/mnt/poseidon-data/poseidon/workflows/casa-wind-workflow-full/submit/poseidon/pegasus/casa-wind-full/run0189/00/03/point_alert_ID0000040.meta,/mnt/poseidon-data/poseidon/workflows/casa-wind-workflow-full/submit/poseidon/pegasus/casa-wind-full/run0189/00/02/point_alert_ID0000020.meta,/mnt/poseidon-data/poseidon/workflows/casa-wind-workflow-full/submit/poseidon/pegasus/casa-wind-full/run0189/00/03/point_alert_ID0000050.meta,/mnt/poseidon-data/poseidon/workflows/casa-wind-workflow-full/submit/poseidon/pegasus/casa-wind-full/run0189/00/03/point_alert_ID0000105.meta --insert /mnt/poseidon-data/poseidon/workflows/casa-wind-workflow-full/submit/poseidon/pegasus/casa-wind-full/run0189/00/03/register_condorpool_3_1.in",2.6,0,0,,,,,,,,,
register_condorpool_3_0,None,auxiliary,0,1694370374.0,,,1694370389.0,,,0.0,1694370389.0,1694370394.0,,,0.0,1694370394.0,1694370399.0,15.0,,0.0,5.0,5.0,,,,,poseidon,local,poseidon-submit,pegasus::rc-client,/mnt/poseidon-data/poseidon/pegasus-5.1.0panorama/bin/pegasus-rc-client,"-n pegasus::rc-client -N null -R local  -L casa-wind-full -T 2023-09-08T07:29:05+00:00 /home/poseidon/pegasus-5.1.0panorama/bin/pegasus-rc-client --prefix pegasus.catalog.replica.output --conf /mnt/poseidon-data/poseidon/workflows/casa-wind-workflow-full/submit/poseidon/pegasus/casa-wind-full/run0189/pegasus.6076415665140107033.properties -v --meta /mnt/poseidon-data/poseidon/workflows/casa-wind-workflow-full/submit/poseidon/pegasus/casa-wind-full/run0189/00/02/point_alert_ID0000125.meta,/mnt/poseidon-data/poseidon/workflows/casa-wind-workflow-full/submit/poseidon/pegasus/casa-wind-full/run0189/00/02/point_alert_ID0000095.meta,/mnt/poseidon-data/poseidon/workflows/casa-wind-workflow-full/submit/poseidon/pegasus/casa-wind-full/run0189/00/03/point_alert_ID0000060.meta,/mnt/poseidon-data/poseidon/workflows/casa-wind-workflow-full/submit/poseidon/pegasus/casa-wind-full/run0189/00/02/point_alert_ID0000030.meta,/mnt/poseidon-data/poseidon/workflows/casa-wind-workflow-full/submit/poseidon/pegasus/casa-wind-full/run0189/00/02/point_alert_ID0000025.meta,/mnt/poseidon-data/poseidon/workflows/casa-wind-workflow-full/submit/poseidon/pegasus/casa-wind-full/run0189/00/03/point_alert_ID0000045.meta,/mnt/poseidon-data/poseidon/workflows/casa-wind-workflow-full/submit/poseidon/pegasus/casa-wind-full/run0189/00/02/point_alert_ID0000130.meta,/mnt/poseidon-data/poseidon/workflows/casa-wind-workflow-full/submit/poseidon/pegasus/casa-wind-full/run0189/00/02/point_alert_ID0000070.meta,/mnt/poseidon-data/poseidon/workflows/casa-wind-workflow-full/submit/poseidon/pegasus/casa-wind-full/run0189/00/02/point_alert_ID0000080.meta --insert /mnt/poseidon-data/poseidon/workflows/casa-wind-workflow-full/submit/poseidon/pegasus/casa-wind-full/run0189/00/03/register_condorpool_3_0.in",2.6,0,0,,,,,,,,,
cleanup_casa-wind-full_0_condorpool,None,auxiliary,0,1694370374.0,,,1694370379.0,,,0.0,1694370380.0,1694370384.0,,,0.0,1694370384.0,1694370389.0,5.0,,1.0,4.0,5.0,,,,,poseidon,local,poseidon-submit,pegasus::cleanup,/mnt/poseidon-data/poseidon/pegasus-5.1.0panorama/bin/pegasus-transfer,pegasus-kickstart  -n pegasus::cleanup -N null -i - -R local  -L casa-wind-full -T 2023-09-08T07:29:05+00:00 pegasus-transfer,0.2,0,0,,,,,,,,,
