,anomaly_type,type,is_clustered,ready,pre_script_start,pre_script_end,submit,stage_in_start,stage_in_end,stage_in_effective_bytes_per_sec,execute_start,execute_end,stage_out_start,stage_out_end,stage_out_effective_bytes_per_sec,post_script_start,post_script_end,wms_delay,pre_script_delay,queue_delay,runtime,post_script_delay,stage_in_delay,stage_in_bytes,stage_out_delay,stage_out_bytes,kickstart_user,kickstart_site,kickstart_hostname,kickstart_transformations,kickstart_executables,kickstart_executables_argv,kickstart_executables_cpu_time,kickstart_status,kickstart_executables_exitcode,kickstart_online_iowait,kickstart_online_bytes_read,kickstart_online_bytes_written,kickstart_online_read_system_calls,kickstart_online_write_system_calls,kickstart_online_utime,kickstart_online_stime,kickstart_online_bytes_read_per_second,kickstart_online_bytes_written_per_second
create_dir_casa-wind-full_0_condorpool,None,auxiliary,0,1694386435.0,,,1694386436.0,,,0.0,1694386439.0,1694386446.0,,,0.0,1694386446.0,1694386451.0,1.0,,3.0,7.0,5.0,,,,,poseidon,local,poseidon-submit,pegasus::dirmanager,/mnt/poseidon-data/poseidon/pegasus-5.1.0panorama/bin/pegasus-transfer,pegasus-kickstart  -n pegasus::dirmanager -N null -i - -R local  -L casa-wind-full -T 2023-09-08T07:29:05+00:00 pegasus-transfer,0.2,0,0,,,,,,,,,
unzip_ID0000006,None,compute,0,1694386451.0,,,1694386456.0,1694386480.0,1694386488.0,26086912.0,1694386478.0,1694386537.0,1694386501.0,1694386530.0,17503938.0,1694386537.0,1694386542.0,5.0,,22.0,59.0,5.0,8.0,222753803.0,29.0,501616588.0,poseidon,condorpool,poseidon-worker-2-container-24-27,unzip,/usr/bin/gunzip,,3.9,0,0,,,,,,,,,
unzip_ID0000106,cpu_2,compute,0,1694386451.0,,,1694386456.0,1694386482.0,1694386491.0,27008629.0,1694386480.0,1694386542.0,1694386505.0,1694386533.0,17819505.0,1694386542.0,1694386547.0,5.0,,24.0,62.0,5.0,9.0,241199298.0,28.0,501821816.0,poseidon,condorpool,poseidon-worker-1-container-12-15,unzip,/usr/bin/gunzip,,4.0,0,0,,,,,,,,,
unzip_ID0000046,None,compute,0,1694386451.0,,,1694386456.0,1694386478.0,1694386489.0,21851323.0,1694386476.0,1694386542.0,1694386502.0,1694386534.0,16345443.0,1694386542.0,1694386547.0,5.0,,20.0,66.0,5.0,11.0,229692821.0,32.0,523855228.0,poseidon,condorpool,poseidon-worker-2-container-4-7,unzip,/usr/bin/gunzip,,4.0,0,0,,,,,,,,,
unzip_ID0000101,None,compute,0,1694386451.0,,,1694386456.0,1694386479.0,1694386488.0,26147475.0,1694386477.0,1694386537.0,1694386502.0,1694386531.0,19243814.0,1694386537.0,1694386542.0,5.0,,21.0,60.0,5.0,9.0,250988249.0,29.0,561551644.0,poseidon,condorpool,poseidon-worker-2-container-8-11,unzip,/usr/bin/gunzip,,4.4,0,0,,,,,,,,,
unzip_ID0000126,None,compute,0,1694386451.0,,,1694386456.0,1694386478.0,1694386486.0,29041981.0,1694386476.0,1694386532.0,1694386499.0,1694386523.0,22130684.0,1694386532.0,1694386537.0,5.0,,20.0,56.0,5.0,8.0,249343892.0,24.0,520618424.0,poseidon,condorpool,poseidon-worker-2-container-20-23,unzip,/usr/bin/gunzip,,4.2,0,0,,,,,,,,,
unzip_ID0000031,None,compute,0,1694386451.0,,,1694386456.0,1694386479.0,1694386489.0,22427961.0,1694386477.0,1694386542.0,1694386503.0,1694386532.0,18559677.0,1694386542.0,1694386547.0,5.0,,21.0,65.0,5.0,10.0,237517035.0,29.0,539438752.0,poseidon,condorpool,poseidon-worker-1-container-16-19,unzip,/usr/bin/gunzip,,4.1,0,0,,,,,,,,,
unzip_ID0000076,None,compute,0,1694386451.0,,,1694386456.0,1694386478.0,1694386488.0,23627955.0,1694386476.0,1694386537.0,1694386501.0,1694386530.0,18133599.0,1694386537.0,1694386542.0,5.0,,20.0,61.0,5.0,10.0,233747923.0,29.0,523942844.0,poseidon,condorpool,poseidon-worker-2-container-32-35,unzip,/usr/bin/gunzip,,4.1,0,0,,,,,,,,,
unzip_ID0000011,cpu_2,compute,0,1694386451.0,,,1694386456.0,1694386478.0,1694386488.0,25199827.0,1694386477.0,1694386542.0,1694386502.0,1694386535.0,17124931.0,1694386542.0,1694386547.0,5.0,,21.0,65.0,5.0,10.0,235998389.0,33.0,565205920.0,poseidon,condorpool,poseidon-worker-2-container-0-3,unzip,/usr/bin/gunzip,,4.2,0,0,,,,,,,,,
unzip_ID0000056,None,compute,0,1694386451.0,,,1694386456.0,1694386477.0,1694386487.0,24687738.0,1694386476.0,1694386532.0,1694386499.0,1694386523.0,22782287.0,1694386532.0,1694386537.0,5.0,,20.0,56.0,5.0,10.0,232139969.0,24.0,528026776.0,poseidon,condorpool,poseidon-worker-1-container-4-7,unzip,/usr/bin/gunzip,,4.1,0,0,,,,,,,,,
unzip_ID0000111,cpu_2,compute,0,1694386451.0,,,1694386456.0,1694386478.0,1694386486.0,31997883.0,1694386476.0,1694386532.0,1694386499.0,1694386521.0,25056508.0,1694386532.0,1694386537.0,5.0,,20.0,56.0,5.0,8.0,256320311.0,22.0,567950764.0,poseidon,condorpool,poseidon-worker-2-container-16-19,unzip,/usr/bin/gunzip,,4.4,0,0,,,,,,,,,
unzip_ID0000071,None,compute,0,1694386451.0,,,1694386456.0,1694386477.0,1694386484.0,34749599.0,1694386476.0,1694386521.0,1694386497.0,1694386514.0,32122904.0,1694386521.0,1694386527.0,5.0,,20.0,45.0,6.0,7.0,240896692.0,17.0,539506600.0,poseidon,condorpool,poseidon-worker-2-container-12-15,unzip,/usr/bin/gunzip,,4.1,0,0,,,,,,,,,
unzip_ID0000051,None,compute,0,1694386451.0,,,1694386456.0,1694386478.0,1694386486.0,27460969.0,1694386476.0,1694386532.0,1694386499.0,1694386521.0,24386194.0,1694386532.0,1694386537.0,5.0,,20.0,56.0,5.0,8.0,239630266.0,22.0,544301296.0,poseidon,condorpool,poseidon-worker-2-container-36-39,unzip,/usr/bin/gunzip,,4.2,0,0,,,,,,,,,
unzip_ID0000026,None,compute,0,1694386451.0,,,1694386456.0,1694386477.0,1694386487.0,23438012.0,1694386476.0,1694386532.0,1694386499.0,1694386526.0,19476101.0,1694386532.0,1694386537.0,5.0,,20.0,56.0,5.0,10.0,227963832.0,27.0,523917888.0,poseidon,condorpool,poseidon-worker-1-container-8-11,unzip,/usr/bin/gunzip,,4.0,0,0,,,,,,,,,
unzip_ID0000091,None,compute,0,1694386451.0,,,1694386456.0,1694386478.0,1694386485.0,32633524.0,1694386476.0,1694386527.0,1694386498.0,1694386520.0,25266340.0,1694386527.0,1694386532.0,5.0,,20.0,51.0,5.0,7.0,246447087.0,22.0,539109992.0,poseidon,condorpool,poseidon-worker-1-container-20-23,unzip,/usr/bin/gunzip,,4.2,0,0,,,,,,,,,
unzip_ID0000096,None,compute,0,1694386451.0,,,1694386456.0,1694386478.0,1694386486.0,30416566.0,1694386476.0,1694386521.0,1694386498.0,1694386515.0,29604505.0,1694386521.0,1694386527.0,5.0,,20.0,45.0,6.0,8.0,240753402.0,17.0,524013876.0,poseidon,condorpool,poseidon-worker-2-container-28-31,unzip,/usr/bin/gunzip,,4.1,0,0,,,,,,,,,
unzip_ID0000081,cpu_2,compute,0,1694386451.0,,,1694386456.0,1694386478.0,1694386489.0,22199936.0,1694386476.0,1694386542.0,1694386503.0,1694386535.0,16950905.0,1694386542.0,1694386547.0,5.0,,20.0,66.0,5.0,11.0,245619741.0,32.0,543190672.0,poseidon,condorpool,poseidon-worker-1-container-12-15,unzip,/usr/bin/gunzip,,4.3,0,0,,,,,,,,,
unzip_ID0000041,None,compute,0,1694386451.0,,,1694386456.0,1694386477.0,1694386487.0,25466607.0,1694386476.0,1694386532.0,1694386499.0,1694386526.0,20247118.0,1694386532.0,1694386537.0,5.0,,20.0,56.0,5.0,10.0,238944758.0,27.0,540768928.0,poseidon,condorpool,poseidon-worker-1-container-44-47,unzip,/usr/bin/gunzip,,4.1,0,0,,,,,,,,,
unzip_ID0000061,None,compute,0,1694386451.0,,,1694386456.0,1694386477.0,1694386486.0,27603119.0,1694386476.0,1694386527.0,1694386499.0,1694386519.0,27937005.0,1694386527.0,1694386532.0,5.0,,20.0,51.0,5.0,9.0,240463185.0,20.0,541945820.0,poseidon,condorpool,poseidon-worker-2-container-40-43,unzip,/usr/bin/gunzip,,4.2,0,0,,,,,,,,,
unzip_ID0000121,cpu_2,compute,0,1694386451.0,,,1694386456.0,1694386478.0,1694386488.0,25496976.0,1694386476.0,1694386537.0,1694386500.0,1694386530.0,18613733.0,1694386537.0,1694386542.0,5.0,,20.0,61.0,5.0,10.0,250860096.0,30.0,550782944.0,poseidon,condorpool,poseidon-worker-1-container-40-43,unzip,/usr/bin/gunzip,,4.3,0,0,,,,,,,,,
unzip_ID0000001,None,compute,0,1694386451.0,,,1694386456.0,1694386478.0,1694386487.0,28129459.0,1694386477.0,1694386532.0,1694386499.0,1694386525.0,22004657.0,1694386532.0,1694386537.0,5.0,,21.0,55.0,5.0,9.0,232473216.0,26.0,561354992.0,poseidon,condorpool,poseidon-worker-1-container-0-3,unzip,/usr/bin/gunzip,,4.2,0,0,,,,,,,,,
unzip_ID0000021,None,compute,0,1694386451.0,,,1694386456.0,1694386478.0,1694386486.0,28673275.0,1694386476.0,1694386527.0,1694386499.0,1694386519.0,27251869.0,1694386527.0,1694386532.0,5.0,,20.0,51.0,5.0,8.0,235136662.0,20.0,539178100.0,poseidon,condorpool,poseidon-worker-2-container-24-27,unzip,/usr/bin/gunzip,,4.1,0,0,,,,,,,,,
unzip_ID0000086,None,compute,0,1694386451.0,,,1694386456.0,1694386477.0,1694386486.0,29131800.0,1694386476.0,1694386521.0,1694386498.0,1694386515.0,30045794.0,1694386521.0,1694386527.0,5.0,,20.0,45.0,6.0,9.0,234836668.0,17.0,518838800.0,poseidon,condorpool,poseidon-worker-1-container-32-35,unzip,/usr/bin/gunzip,,4.0,0,0,,,,,,,,,
unzip_ID0000016,None,compute,0,1694386451.0,,,1694386456.0,1694386478.0,1694386486.0,26193961.0,1694386476.0,1694386521.0,1694386498.0,1694386513.0,35987865.0,1694386521.0,1694386527.0,5.0,,20.0,45.0,6.0,8.0,225238888.0,15.0,523826084.0,poseidon,condorpool,poseidon-worker-1-container-28-31,unzip,/usr/bin/gunzip,,4.0,0,0,,,,,,,,,
unzip_ID0000036,None,compute,0,1694386451.0,,,1694386456.0,1694386478.0,1694386485.0,30043724.0,1694386476.0,1694386516.0,1694386498.0,1694386508.0,53084824.0,1694386516.0,1694386521.0,5.0,,20.0,40.0,5.0,7.0,232020704.0,10.0,526952240.0,poseidon,condorpool,poseidon-worker-1-container-36-39,unzip,/usr/bin/gunzip,,4.1,0,0,,,,,,,,,
unzip_ID0000116,None,compute,0,1694386451.0,,,1694386456.0,1694386478.0,1694386485.0,33353083.0,1694386476.0,1694386516.0,1694386497.0,1694386510.0,40040907.0,1694386516.0,1694386521.0,5.0,,20.0,40.0,5.0,7.0,249255741.0,13.0,520850676.0,poseidon,condorpool,poseidon-worker-2-container-44-47,unzip,/usr/bin/gunzip,,4.2,0,0,,,,,,,,,
unzip_ID0000066,cpu_2,compute,0,1694386451.0,,,1694386456.0,1694386478.0,1694386487.0,24928169.0,1694386476.0,1694386532.0,1694386500.0,1694386523.0,22212941.0,1694386532.0,1694386537.0,5.0,,20.0,56.0,5.0,9.0,232031705.0,23.0,523661496.0,poseidon,condorpool,poseidon-worker-1-container-24-27,unzip,/usr/bin/gunzip,,4.1,0,0,,,,,,,,,
um_vel_ID0000117,None,compute,0,1694386521.0,,,1694386527.0,1694386530.0,1694386549.0,51165782.0,1694386528.0,1694386568.0,1694386558.0,1694386561.0,174060.0,1694386568.0,1694386573.0,6.0,,1.0,40.0,5.0,19.0,697437428.0,3.0,556900.0,poseidon,condorpool,poseidon-worker-1-container-28-31,um_vel,/opt/UM_VEL/UM_VEL,,1.7,0,0,,,,,,,,,
um_vel_ID0000037,None,compute,0,1694386521.0,,,1694386527.0,1694386530.0,1694386553.0,40133047.9,1694386528.0,1694386573.0,1694386561.0,1694386565.0,173180.0,1694386573.0,1694386578.0,6.0,,1.0,45.0,5.0,23.0,703538992.0,4.0,556900.0,poseidon,condorpool,poseidon-worker-1-container-20-23,um_vel,/opt/UM_VEL/UM_VEL,,1.8,0,0,,,,,,,,,
um_vel_ID0000072,None,compute,0,1694386527.0,,,1694386532.0,1694386535.0,1694386557.0,44931897.6,1694386533.0,1694386578.0,1694386566.0,1694386569.0,175882.0,1694386578.0,1694386583.0,5.0,,1.0,45.0,5.0,22.0,716093352.0,3.0,556900.0,poseidon,condorpool,poseidon-worker-2-container-12-15,um_vel,/opt/UM_VEL/UM_VEL,,1.8,0,0,,,,,,,,,
um_vel_ID0000017,None,compute,0,1694386527.0,,,1694386532.0,1694386535.0,1694386556.0,45811452.8,1694386533.0,1694386578.0,1694386564.0,1694386568.0,168775.0,1694386578.0,1694386583.0,5.0,,1.0,45.0,5.0,21.0,700412836.0,4.0,556900.0,poseidon,condorpool,poseidon-worker-2-container-20-23,um_vel,/opt/UM_VEL/UM_VEL,,1.7,0,0,,,,,,,,,
um_vel_ID0000097,None,compute,0,1694386527.0,,,1694386532.0,1694386535.0,1694386555.0,49426729.2,1694386533.0,1694386573.0,1694386563.0,1694386567.0,175365.0,1694386573.0,1694386578.0,5.0,,1.0,40.0,5.0,20.0,700600628.0,4.0,556900.0,poseidon,condorpool,poseidon-worker-2-container-24-27,um_vel,/opt/UM_VEL/UM_VEL,,1.8,0,0,,,,,,,,,
um_vel_ID0000087,None,compute,0,1694386527.0,,,1694386532.0,1694386535.0,1694386555.0,47644126.2,1694386533.0,1694386573.0,1694386564.0,1694386567.0,172226.0,1694386573.0,1694386578.0,5.0,,1.0,40.0,5.0,20.0,695425552.0,3.0,556900.0,poseidon,condorpool,poseidon-worker-1-container-0-3,um_vel,/opt/UM_VEL/UM_VEL,,1.8,0,0,,,,,,,,,
um_vel_ID0000092,None,compute,0,1694386532.0,,,1694386537.0,1694386539.0,1694386560.0,48332109.3,1694386538.0,1694386583.0,1694386569.0,1694386572.0,176126.0,1694386583.0,1694386588.0,5.0,,1.0,45.0,5.0,21.0,715696744.0,3.0,556900.0,poseidon,condorpool,poseidon-worker-2-container-40-43,um_vel,/opt/UM_VEL/UM_VEL,,1.7,0,0,,,,,,,,,
um_vel_ID0000062,None,compute,0,1694386532.0,,,1694386537.0,1694386539.0,1694386560.0,47694792.8,1694386538.0,1694386578.0,1694386569.0,1694386572.0,176563.0,1694386578.0,1694386583.0,5.0,,1.0,40.0,5.0,21.0,718532572.0,3.0,556900.0,poseidon,condorpool,poseidon-worker-2-container-32-35,um_vel,/opt/UM_VEL/UM_VEL,,1.7,0,0,,,,,,,,,
um_vel_ID0000022,None,compute,0,1694386532.0,,,1694386537.0,1694386539.0,1694386558.0,55122140.0,1694386538.0,1694386578.0,1694386567.0,1694386571.0,172116.0,1694386578.0,1694386583.0,5.0,,1.0,40.0,5.0,19.0,715764852.0,4.0,556900.0,poseidon,condorpool,poseidon-worker-2-container-44-47,um_vel,/opt/UM_VEL/UM_VEL,,1.7,0,0,,,,,,,,,
um_vel_ID0000067,None,compute,0,1694386537.0,,,1694386542.0,1694386546.0,1694386564.0,53861819.8,1694386544.0,1694386583.0,1694386573.0,1694386576.0,173353.0,1694386583.0,1694386588.0,5.0,,2.0,39.0,5.0,18.0,700248248.0,3.0,556900.0,poseidon,condorpool,poseidon-worker-2-container-28-31,um_vel,/opt/UM_VEL/UM_VEL,,1.7,0,0,,,,,,,,,
um_vel_ID0000002,None,compute,0,1694386537.0,,,1694386542.0,1694386545.0,1694386565.0,50609466.0,1694386543.0,1694386588.0,1694386574.0,1694386577.0,174835.0,1694386588.0,1694386593.0,5.0,,1.0,45.0,5.0,20.0,737941744.0,3.0,556900.0,poseidon,condorpool,poseidon-worker-2-container-36-39,um_vel,/opt/UM_VEL/UM_VEL,,1.7,0,0,,,,,,,,,
um_vel_ID0000042,cpu_2,compute,0,1694386537.0,,,1694386542.0,1694386546.0,1694386570.0,39266285.5,1694386544.0,1694386588.0,1694386578.0,1694386581.0,176055.0,1694386588.0,1694386593.0,5.0,,2.0,44.0,5.0,24.0,717355680.0,3.0,556900.0,poseidon,condorpool,poseidon-worker-1-container-24-27,um_vel,/opt/UM_VEL/UM_VEL,,1.6,0,0,,,,,,,,,
um_vel_ID0000052,None,compute,0,1694386537.0,,,1694386542.0,1694386546.0,1694386566.0,49216011.8,1694386544.0,1694386588.0,1694386574.0,1694386577.0,176043.0,1694386588.0,1694386593.0,5.0,,2.0,44.0,5.0,20.0,720888048.0,3.0,556900.0,poseidon,condorpool,poseidon-worker-1-container-16-19,um_vel,/opt/UM_VEL/UM_VEL,,1.7,0,0,,,,,,,,,
um_vel_ID0000027,None,compute,0,1694386537.0,,,1694386542.0,1694386545.0,1694386565.0,50064015.4,1694386543.0,1694386583.0,1694386573.0,1694386576.0,172422.0,1694386583.0,1694386588.0,5.0,,1.0,40.0,5.0,20.0,700504640.0,3.0,556900.0,poseidon,condorpool,poseidon-worker-1-container-32-35,um_vel,/opt/UM_VEL/UM_VEL,,1.7,0,0,,,,,,,,,
um_vel_ID0000112,None,compute,0,1694386537.0,,,1694386542.0,1694386545.0,1694386566.0,48695591.3,1694386543.0,1694386588.0,1694386575.0,1694386578.0,177552.0,1694386588.0,1694386593.0,5.0,,1.0,45.0,5.0,21.0,744537516.0,3.0,556900.0,poseidon,condorpool,poseidon-worker-1-container-44-47,um_vel,/opt/UM_VEL/UM_VEL,,1.8,0,0,,,,,,,,,
um_vel_ID0000057,cpu_2,compute,0,1694386537.0,,,1694386542.0,1694386546.0,1694386565.0,52200413.9,1694386544.0,1694386583.0,1694386573.0,1694386577.0,175818.0,1694386583.0,1694386588.0,5.0,,2.0,39.0,5.0,19.0,704613528.0,4.0,556900.0,poseidon,condorpool,poseidon-worker-2-container-0-3,um_vel,/opt/UM_VEL/UM_VEL,,1.7,0,0,,,,,,,,,
um_vel_ID0000127,cpu_2,compute,0,1694386537.0,,,1694386542.0,1694386545.0,1694386566.0,47266544.7,1694386543.0,1694386588.0,1694386574.0,1694386577.0,175052.0,1694386588.0,1694386593.0,5.0,,1.0,45.0,5.0,21.0,697205176.0,3.0,556900.0,poseidon,condorpool,poseidon-worker-1-container-12-15,um_vel,/opt/UM_VEL/UM_VEL,,1.7,0,0,,,,,,,,,
um_vel_ID0000102,None,compute,0,1694386542.0,,,1694386547.0,1694386551.0,1694386570.0,56354341.8,1694386549.0,1694386593.0,1694386579.0,1694386582.0,177016.0,1694386593.0,1694386598.0,5.0,,2.0,44.0,5.0,19.0,738138396.0,3.0,556900.0,poseidon,condorpool,poseidon-worker-2-container-24-27,um_vel,/opt/UM_VEL/UM_VEL,,1.8,0,0,,,,,,,,,
um_vel_ID0000007,None,compute,0,1694386542.0,,,1694386547.0,1694386550.0,1694386571.0,45297105.3,1694386549.0,1694386588.0,1694386579.0,1694386582.0,176242.0,1694386588.0,1694386593.0,5.0,,2.0,39.0,5.0,21.0,678203340.0,3.0,556900.0,poseidon,condorpool,poseidon-worker-1-container-4-7,um_vel,/opt/UM_VEL/UM_VEL,,1.6,0,0,,,,,,,,,
um_vel_ID0000122,cpu_2,compute,0,1694386542.0,,,1694386547.0,1694386550.0,1694386570.0,53052475.2,1694386549.0,1694386593.0,1694386579.0,1694386582.0,176998.0,1694386593.0,1694386598.0,5.0,,2.0,44.0,5.0,20.0,727369696.0,3.0,556900.0,poseidon,condorpool,poseidon-worker-2-container-16-19,um_vel,/opt/UM_VEL/UM_VEL,,1.7,0,0,,,,,,,,,
um_vel_ID0000077,None,compute,0,1694386542.0,,,1694386547.0,1694386550.0,1694386570.0,51185264.4,1694386549.0,1694386588.0,1694386579.0,1694386582.0,177807.0,1694386588.0,1694386593.0,5.0,,2.0,39.0,5.0,20.0,700529596.0,3.0,556900.0,poseidon,condorpool,poseidon-worker-2-container-8-11,um_vel,/opt/UM_VEL/UM_VEL,,1.7,0,0,,,,,,,,,
um_vel_ID0000012,cpu_2,compute,0,1694386547.0,,,1694386552.0,1694386573.0,1694386592.0,56416493.3,1694386569.0,1694386613.0,1694386600.0,1694386604.0,179109.0,1694386613.0,1694386618.0,5.0,,17.0,44.0,5.0,19.0,741792672.0,4.0,556900.0,poseidon,condorpool,poseidon-worker-1-container-12-15,um_vel,/opt/UM_VEL/UM_VEL,,1.7,0,0,,,,,,,,,
um_vel_ID0000047,None,compute,0,1694386547.0,,,1694386552.0,1694386555.0,1694386575.0,50742509.1,1694386554.0,1694386593.0,1694386583.0,1694386586.0,177763.0,1694386593.0,1694386598.0,5.0,,2.0,39.0,5.0,20.0,700441980.0,3.0,556900.0,poseidon,condorpool,poseidon-worker-2-container-4-7,um_vel,/opt/UM_VEL/UM_VEL,,1.7,0,0,,,,,,,,,
um_vel_ID0000107,cpu_2,compute,0,1694386547.0,,,1694386552.0,1694386555.0,1694386574.0,53836355.5,1694386554.0,1694386593.0,1694386582.0,1694386585.0,179253.0,1694386593.0,1694386598.0,5.0,,2.0,39.0,5.0,19.0,678408568.0,3.0,556900.0,poseidon,condorpool,poseidon-worker-1-container-40-43,um_vel,/opt/UM_VEL/UM_VEL,,1.6,0,0,,,,,,,,,
stage_out_local_condorpool_0_0,None,transfer,0,1694386547.0,,,1694386552.0,,,0.0,1694386554.0,1694386588.0,,,0.0,1694386588.0,1694386593.0,5.0,,2.0,34.0,5.0,,,,,poseidon,local,poseidon-submit,pegasus::transfer,/mnt/poseidon-data/poseidon/pegasus-5.1.0panorama/bin/pegasus-transfer,/home/poseidon/pegasus-5.1.0panorama/bin/../bin/pegasus-kickstart  -n pegasus::transfer -N null -i - -R local  -L casa-wind-full -T 2023-09-08T07:29:05+00:00 /home/poseidon/pegasus-5.1.0panorama/bin/../bin/pegasus-transfer  --threads 2,35.0,0,0,,,,,,,,,
stage_out_local_condorpool_0_1,None,transfer,0,1694386547.0,,,1694386552.0,,,0.0,1694386554.0,1694386588.0,,,0.0,1694386588.0,1694386593.0,5.0,,2.0,34.0,5.0,,,,,poseidon,local,poseidon-submit,pegasus::transfer,/mnt/poseidon-data/poseidon/pegasus-5.1.0panorama/bin/pegasus-transfer,/home/poseidon/pegasus-5.1.0panorama/bin/../bin/pegasus-kickstart  -n pegasus::transfer -N null -i - -R local  -L casa-wind-full -T 2023-09-08T07:29:05+00:00 /home/poseidon/pegasus-5.1.0panorama/bin/../bin/pegasus-transfer  --threads 2,33.8,0,0,,,,,,,,,
stage_out_local_condorpool_0_2,None,transfer,0,1694386547.0,,,1694386552.0,,,0.0,1694386554.0,1694386588.0,,,0.0,1694386588.0,1694386593.0,5.0,,2.0,34.0,5.0,,,,,poseidon,local,poseidon-submit,pegasus::transfer,/mnt/poseidon-data/poseidon/pegasus-5.1.0panorama/bin/pegasus-transfer,/home/poseidon/pegasus-5.1.0panorama/bin/../bin/pegasus-kickstart  -n pegasus::transfer -N null -i - -R local  -L casa-wind-full -T 2023-09-08T07:29:05+00:00 /home/poseidon/pegasus-5.1.0panorama/bin/../bin/pegasus-transfer  --threads 2,34.7,0,0,,,,,,,,,
um_vel_ID0000082,None,compute,0,1694386547.0,,,1694386552.0,1694386555.0,1694386578.0,43496566.4,1694386554.0,1694386598.0,1694386586.0,1694386589.0,175456.0,1694386598.0,1694386603.0,5.0,,2.0,44.0,5.0,23.0,719777424.0,3.0,556900.0,poseidon,condorpool,poseidon-worker-1-container-8-11,um_vel,/opt/UM_VEL/UM_VEL,,1.7,0,0,,,,,,,,,
um_vel_ID0000032,cpu_2,compute,0,1694386547.0,,,1694386552.0,1694386555.0,1694386576.0,49184079.9,1694386554.0,1694386593.0,1694386584.0,1694386587.0,179202.0,1694386593.0,1694386598.0,5.0,,2.0,39.0,5.0,21.0,716025504.0,3.0,556900.0,poseidon,condorpool,poseidon-worker-1-container-12-15,um_vel,/opt/UM_VEL/UM_VEL,,1.7,0,0,,,,,,,,,
mvt_ID0000119,None,compute,0,1694386573.0,,,1694386578.0,1694386581.0,1694386592.0,34936796.4,1694386580.0,1694386648.0,1694386636.0,1694386639.0,21349.0,1694386648.0,1694386653.0,5.0,,2.0,68.0,5.0,11.0,177143652.0,3.0,65525.0,poseidon,condorpool,poseidon-worker-1-container-0-3,mvt,/opt/mvt/mvt,,39.0,0,0,0.0,791814.0,36864.0,428.0,9.0,29.9,0.1,26393.8,3686.4
post_vel_ID0000118,None,compute,0,1694386573.0,,,1694386578.0,1694386581.0,1694386592.0,34711840.4,1694386579.0,1694386608.0,1694386598.0,1694386601.0,4556.0,1694386608.0,1694386613.0,5.0,,1.0,29.0,5.0,11.0,177143937.0,3.0,14402.0,poseidon,condorpool,poseidon-worker-2-container-20-23,post_vel,/opt/netcdf2png/merged_netcdf2png,,0.1,0,0,,,,,,,,,
mvt_ID0000089,None,compute,0,1694386578.0,,,1694386583.0,1694386585.0,1694386596.0,34775049.8,1694386584.0,1694386653.0,1694386642.0,1694386645.0,15732.0,1694386653.0,1694386658.0,5.0,,1.0,69.0,5.0,11.0,177143652.0,3.0,48475.0,poseidon,condorpool,poseidon-worker-2-container-12-15,mvt,/opt/mvt/mvt,,40.0,0,0,0.0,791888.0,24576.0,428.0,6.0,29.9,0.1,26396.3,2457.6
post_vel_ID0000098,None,compute,0,1694386578.0,,,1694386583.0,1694386585.0,1694386596.0,35131227.0,1694386584.0,1694386613.0,1694386603.0,1694386606.0,4313.0,1694386613.0,1694386618.0,5.0,,1.0,29.0,5.0,11.0,177143937.0,3.0,13355.0,poseidon,condorpool,poseidon-worker-2-container-32-35,post_vel,/opt/netcdf2png/merged_netcdf2png,,0.1,0,0,,,,,,,,,
post_vel_ID0000038,None,compute,0,1694386578.0,,,1694386583.0,1694386585.0,1694386596.0,34916626.2,1694386584.0,1694386613.0,1694386602.0,1694386605.0,3694.0,1694386613.0,1694386618.0,5.0,,1.0,29.0,5.0,11.0,177143937.0,3.0,11227.0,poseidon,condorpool,poseidon-worker-1-container-20-23,post_vel,/opt/netcdf2png/merged_netcdf2png,,0.1,0,0,,,,,,,,,
mvt_ID0000039,cpu_2,compute,0,1694386578.0,,,1694386583.0,1694386586.0,1694386596.0,34759169.0,1694386584.0,1694386653.0,1694386642.0,1694386645.0,11143.0,1694386653.0,1694386658.0,5.0,,1.0,69.0,5.0,10.0,177143652.0,3.0,34386.0,poseidon,condorpool,poseidon-worker-2-container-0-3,mvt,/opt/mvt/mvt,,40.1,0,0,0.0,792842.0,16384.0,437.0,4.0,39.9,0.1,19821.1,819.2
post_vel_ID0000088,None,compute,0,1694386578.0,,,1694386583.0,1694386585.0,1694386596.0,34339321.6,1694386584.0,1694386613.0,1694386603.0,1694386606.0,4147.0,1694386613.0,1694386618.0,5.0,,1.0,29.0,5.0,11.0,177143937.0,3.0,12740.0,poseidon,condorpool,poseidon-worker-2-container-24-27,post_vel,/opt/netcdf2png/merged_netcdf2png,,0.1,0,0,,,,,,,,,
mvt_ID0000099,None,compute,0,1694386578.0,,,1694386583.0,1694386585.0,1694386596.0,34884952.2,1694386584.0,1694386653.0,1694386641.0,1694386644.0,16304.0,1694386653.0,1694386658.0,5.0,,1.0,69.0,5.0,11.0,177143652.0,3.0,50118.0,poseidon,condorpool,poseidon-worker-1-container-28-31,mvt,/opt/mvt/mvt,,39.7,0,0,0.0,791898.0,28672.0,428.0,7.0,29.9,0.1,26396.6,1433.6
mvt_ID0000019,None,compute,0,1694386583.0,,,1694386588.0,1694386591.0,1694386602.0,33497483.0,1694386589.0,1694386658.0,1694386647.0,1694386650.0,11762.0,1694386658.0,1694386663.0,5.0,,1.0,69.0,5.0,11.0,177143652.0,3.0,36245.0,poseidon,condorpool,poseidon-worker-2-container-44-47,mvt,/opt/mvt/mvt,,40.1,0,0,0.0,798420.0,20480.0,449.0,5.0,39.9,0.1,19960.5,1024.0
post_vel_ID0000023,None,compute,0,1694386583.0,,,1694386588.0,1694386590.0,1694386601.0,34976557.0,1694386589.0,1694386618.0,1694386607.0,1694386610.0,3674.0,1694386618.0,1694386623.0,5.0,,1.0,29.0,5.0,11.0,177143937.0,3.0,11372.0,poseidon,condorpool,poseidon-worker-1-container-4-7,post_vel,/opt/netcdf2png/merged_netcdf2png,,0.1,0,0,,,,,,,,,
mvt_ID0000024,cpu_2,compute,0,1694386583.0,,,1694386588.0,1694386591.0,1694386602.0,33239276.2,1694386589.0,1694386673.0,1694386664.0,1694386667.0,9663.0,1694386673.0,1694386678.0,5.0,,1.0,84.0,5.0,11.0,177143652.0,3.0,30705.0,poseidon,condorpool,poseidon-worker-1-container-12-15,mvt,/opt/mvt/mvt,,39.0,0,0,0.0,853067.0,16384.0,575.0,4.0,35.5,0.1,17061.3,819.2
post_vel_ID0000073,None,compute,0,1694386583.0,,,1694386588.0,1694386591.0,1694386602.0,33727566.4,1694386589.0,1694386618.0,1694386607.0,1694386611.0,3468.0,1694386618.0,1694386623.0,5.0,,1.0,29.0,5.0,11.0,177143937.0,4.0,11825.0,poseidon,condorpool,poseidon-worker-1-container-32-35,post_vel,/opt/netcdf2png/merged_netcdf2png,,0.1,0,0,,,,,,,,,
mvt_ID0000064,None,compute,0,1694386583.0,,,1694386588.0,1694386591.0,1694386602.0,34619541.0,1694386589.0,1694386658.0,1694386647.0,1694386650.0,10145.0,1694386658.0,1694386663.0,5.0,,1.0,69.0,5.0,11.0,177143652.0,3.0,31148.0,poseidon,condorpool,poseidon-worker-2-container-36-39,mvt,/opt/mvt/mvt,,40.1,0,0,0.0,795680.0,16384.0,443.0,4.0,39.9,0.1,19892.0,819.2
mvt_ID0000074,None,compute,0,1694386583.0,,,1694386588.0,1694386591.0,1694386602.0,34971786.0,1694386589.0,1694386658.0,1694386646.0,1694386649.0,12565.0,1694386658.0,1694386663.0,5.0,,1.0,69.0,5.0,11.0,177143652.0,3.0,38855.0,poseidon,condorpool,poseidon-worker-1-container-16-19,mvt,/opt/mvt/mvt,,39.3,0,0,0.1,791900.0,20480.0,428.0,5.0,29.8,0.1,26396.7,1024.0
post_vel_ID0000018,None,compute,0,1694386583.0,,,1694386588.0,1694386591.0,1694386602.0,33920854.0,1694386589.0,1694386618.0,1694386607.0,1694386611.0,3575.0,1694386618.0,1694386623.0,5.0,,1.0,29.0,5.0,11.0,177143937.0,4.0,11645.0,poseidon,condorpool,poseidon-worker-2-container-40-43,post_vel,/opt/netcdf2png/merged_netcdf2png,,0.1,0,0,,,,,,,,,
post_vel_ID0000063,cpu_2,compute,0,1694386583.0,,,1694386588.0,1694386591.0,1694386602.0,35008163.2,1694386589.0,1694386618.0,1694386607.0,1694386610.0,3668.0,1694386618.0,1694386623.0,5.0,,1.0,29.0,5.0,11.0,177143937.0,3.0,11628.0,poseidon,condorpool,poseidon-worker-1-container-24-27,post_vel,/opt/netcdf2png/merged_netcdf2png,,0.1,0,0,,,,,,,,,
post_vel_ID0000093,None,compute,0,1694386588.0,,,1694386593.0,1694386596.0,1694386607.0,34134818.6,1694386595.0,1694386623.0,1694386613.0,1694386616.0,4218.0,1694386623.0,1694386628.0,5.0,,2.0,28.0,5.0,11.0,177143937.0,3.0,13303.0,poseidon,condorpool,poseidon-worker-1-container-44-47,post_vel,/opt/netcdf2png/merged_netcdf2png,,0.1,0,0,,,,,,,,,
post_vel_ID0000028,cpu_2,compute,0,1694386588.0,,,1694386593.0,1694386596.0,1694386607.0,34153377.0,1694386595.0,1694386623.0,1694386613.0,1694386616.0,3741.0,1694386623.0,1694386628.0,5.0,,2.0,28.0,5.0,11.0,177143937.0,3.0,11529.0,poseidon,condorpool,poseidon-worker-1-container-40-43,post_vel,/opt/netcdf2png/merged_netcdf2png,,0.1,0,0,,,,,,,,,
post_vel_ID0000058,cpu_2,compute,0,1694386588.0,,,1694386593.0,1694386596.0,1694386607.0,34285016.6,1694386595.0,1694386623.0,1694386613.0,1694386616.0,3536.0,1694386623.0,1694386628.0,5.0,,2.0,28.0,5.0,11.0,177143937.0,3.0,10981.0,poseidon,condorpool,poseidon-worker-1-container-12-15,post_vel,/opt/netcdf2png/merged_netcdf2png,,0.1,0,0,,,,,,,,,
mvt_ID0000059,None,compute,0,1694386588.0,,,1694386593.0,1694386596.0,1694386607.0,34193522.8,1694386595.0,1694386663.0,1694386653.0,1694386656.0,9094.0,1694386663.0,1694386668.0,5.0,,2.0,68.0,5.0,11.0,177143652.0,3.0,28164.0,poseidon,condorpool,poseidon-worker-2-container-4-7,mvt,/opt/mvt/mvt,,40.1,0,0,0.0,795591.0,12288.0,443.0,3.0,39.9,0.1,19889.8,1228.8
mvt_ID0000069,None,compute,0,1694386588.0,,,1694386593.0,1694386596.0,1694386607.0,35368515.6,1694386595.0,1694386663.0,1694386653.0,1694386656.0,11399.0,1694386663.0,1694386668.0,5.0,,2.0,68.0,5.0,11.0,177143652.0,3.0,35309.0,poseidon,condorpool,poseidon-worker-2-container-24-27,mvt,/opt/mvt/mvt,,40.2,0,0,0.0,808091.0,16384.0,470.0,4.0,39.8,0.1,20202.3,819.2
post_vel_ID0000068,None,compute,0,1694386588.0,,,1694386593.0,1694386596.0,1694386607.0,33881466.0,1694386595.0,1694386623.0,1694386613.0,1694386616.0,3599.0,1694386623.0,1694386628.0,5.0,,2.0,28.0,5.0,11.0,177143937.0,3.0,11398.0,poseidon,condorpool,poseidon-worker-2-container-8-11,post_vel,/opt/netcdf2png/merged_netcdf2png,,0.2,0,0,,,,,,,,,
mvt_ID0000029,cpu_2,compute,0,1694386588.0,,,1694386593.0,1694386597.0,1694386607.0,34978958.2,1694386595.0,1694386663.0,1694386653.0,1694386656.0,12277.0,1694386663.0,1694386668.0,5.0,,2.0,68.0,5.0,10.0,177143652.0,3.0,38341.0,poseidon,condorpool,poseidon-worker-2-container-16-19,mvt,/opt/mvt/mvt,,40.1,0,0,0.0,803888.0,20480.0,461.0,5.0,39.9,0.1,20097.2,1024.0
mvt_ID0000094,None,compute,0,1694386588.0,,,1694386593.0,1694386596.0,1694386607.0,34378369.4,1694386595.0,1694386663.0,1694386653.0,1694386656.0,17025.0,1694386663.0,1694386668.0,5.0,,2.0,68.0,5.0,11.0,177143652.0,3.0,52407.0,poseidon,condorpool,poseidon-worker-2-container-28-31,mvt,/opt/mvt/mvt,,40.1,0,0,0.0,810706.0,28672.0,476.0,7.0,39.9,0.1,20267.6,1433.6
post_vel_ID0000008,None,compute,0,1694386593.0,,,1694386598.0,1694386611.0,1694386622.0,34687296.4,1694386609.0,1694386638.0,1694386627.0,1694386630.0,3586.0,1694386638.0,1694386643.0,5.0,,11.0,29.0,5.0,11.0,177143937.0,3.0,10982.0,poseidon,condorpool,poseidon-worker-1-container-44-47,post_vel,/opt/netcdf2png/merged_netcdf2png,,0.2,0,0,,,,,,,,,
mvt_ID0000129,cpu_2,compute,0,1694386593.0,,,1694386598.0,1694386611.0,1694386622.0,30934485.6,1694386608.0,1694386693.0,1694386683.0,1694386686.0,20447.0,1694386693.0,1694386698.0,5.0,,10.0,85.0,5.0,11.0,177143652.0,3.0,64489.0,poseidon,condorpool,poseidon-worker-1-container-12-15,mvt,/opt/mvt/mvt,,37.8,0,0,0.0,850385.0,36864.0,569.0,9.0,32.3,0.1,17007.7,1843.2
post_vel_ID0000078,None,compute,0,1694386593.0,,,1694386598.0,1694386611.0,1694386622.0,29770043.5,1694386609.0,1694386638.0,1694386627.0,1694386630.0,3980.0,1694386638.0,1694386643.0,5.0,,11.0,29.0,5.0,11.0,177143937.0,3.0,12264.0,poseidon,condorpool,poseidon-worker-1-container-20-23,post_vel,/opt/netcdf2png/merged_netcdf2png,,0.1,0,0,,,,,,,,,
mvt_ID0000079,None,compute,0,1694386593.0,,,1694386598.0,1694386610.0,1694386621.0,27307412.6,1694386608.0,1694386678.0,1694386666.0,1694386669.0,14492.0,1694386678.0,1694386683.0,5.0,,10.0,70.0,5.0,11.0,177143652.0,3.0,45337.0,poseidon,condorpool,poseidon-worker-2-container-28-31,mvt,/opt/mvt/mvt,,39.7,0,0,0.0,819374.0,24576.0,488.0,6.0,29.9,0.1,27312.5,1228.8
post_vel_ID0000128,None,compute,0,1694386593.0,,,1694386598.0,1694386611.0,1694386622.0,29736060.0,1694386609.0,1694386638.0,1694386627.0,1694386630.0,4717.0,1694386638.0,1694386643.0,5.0,,11.0,29.0,5.0,11.0,177143937.0,3.0,14512.0,poseidon,condorpool,poseidon-worker-2-container-24-27,post_vel,/opt/netcdf2png/merged_netcdf2png,,0.1,0,0,,,,,,,,,
register_condorpool_0_0,None,auxiliary,0,1694386593.0,,,1694386608.0,,,0.0,1694386609.0,1694386613.0,,,0.0,1694386613.0,1694386618.0,15.0,,1.0,4.0,5.0,,,,,poseidon,local,poseidon-submit,pegasus::rc-client,/mnt/poseidon-data/poseidon/pegasus-5.1.0panorama/bin/pegasus-rc-client,"-n pegasus::rc-client -N null -R local  -L casa-wind-full -T 2023-09-08T07:29:05+00:00 /home/poseidon/pegasus-5.1.0panorama/bin/pegasus-rc-client --prefix pegasus.catalog.replica.output --conf /mnt/poseidon-data/poseidon/workflows/casa-wind-workflow-full/submit/poseidon/pegasus/casa-wind-full/run0223/pegasus.12929073949727440980.properties -v --meta /mnt/poseidon-data/poseidon/workflows/casa-wind-workflow-full/submit/poseidon/pegasus/casa-wind-full/run0223/00/00/unzip_ID0000026.meta,/mnt/poseidon-data/poseidon/workflows/casa-wind-workflow-full/submit/poseidon/pegasus/casa-wind-full/run0223/00/00/unzip_ID0000061.meta,/mnt/poseidon-data/poseidon/workflows/casa-wind-workflow-full/submit/poseidon/pegasus/casa-wind-full/run0223/00/00/unzip_ID0000071.meta,/mnt/poseidon-data/poseidon/workflows/casa-wind-workflow-full/submit/poseidon/pegasus/casa-wind-full/run0223/00/00/unzip_ID0000041.meta,/mnt/poseidon-data/poseidon/workflows/casa-wind-workflow-full/submit/poseidon/pegasus/casa-wind-full/run0223/00/00/unzip_ID0000016.meta,/mnt/poseidon-data/poseidon/workflows/casa-wind-workflow-full/submit/poseidon/pegasus/casa-wind-full/run0223/00/00/unzip_ID0000111.meta,/mnt/poseidon-data/poseidon/workflows/casa-wind-workflow-full/submit/poseidon/pegasus/casa-wind-full/run0223/00/00/unzip_ID0000011.meta,/mnt/poseidon-data/poseidon/workflows/casa-wind-workflow-full/submit/poseidon/pegasus/casa-wind-full/run0223/00/00/unzip_ID0000081.meta,/mnt/poseidon-data/poseidon/workflows/casa-wind-workflow-full/submit/poseidon/pegasus/casa-wind-full/run0223/00/00/unzip_ID0000066.meta,/mnt/poseidon-data/poseidon/workflows/casa-wind-workflow-full/submit/poseidon/pegasus/casa-wind-full/run0223/00/00/unzip_ID0000096.meta,/mnt/poseidon-data/poseidon/workflows/casa-wind-workflow-full/submit/poseidon/pegasus/casa-wind-full/run0223/00/00/unzip_ID0000051.meta,/mnt/poseidon-data/poseidon/workflows/casa-wind-workflow-full/submit/poseidon/pegasus/casa-wind-full/run0223/00/00/unzip_ID0000031.meta,/mnt/poseidon-data/poseidon/workflows/casa-wind-workflow-full/submit/poseidon/pegasus/casa-wind-full/run0223/00/00/unzip_ID0000116.meta,/mnt/poseidon-data/poseidon/workflows/casa-wind-workflow-full/submit/poseidon/pegasus/casa-wind-full/run0223/00/00/unzip_ID0000101.meta,/mnt/poseidon-data/poseidon/workflows/casa-wind-workflow-full/submit/poseidon/pegasus/casa-wind-full/run0223/00/00/unzip_ID0000121.meta,/mnt/poseidon-data/poseidon/workflows/casa-wind-workflow-full/submit/poseidon/pegasus/casa-wind-full/run0223/00/00/unzip_ID0000106.meta,/mnt/poseidon-data/poseidon/workflows/casa-wind-workflow-full/submit/poseidon/pegasus/casa-wind-full/run0223/00/00/unzip_ID0000046.meta,/mnt/poseidon-data/poseidon/workflows/casa-wind-workflow-full/submit/poseidon/pegasus/casa-wind-full/run0223/00/00/unzip_ID0000076.meta,/mnt/poseidon-data/poseidon/workflows/casa-wind-workflow-full/submit/poseidon/pegasus/casa-wind-full/run0223/00/00/unzip_ID0000056.meta,/mnt/poseidon-data/poseidon/workflows/casa-wind-workflow-full/submit/poseidon/pegasus/casa-wind-full/run0223/00/00/unzip_ID0000021.meta,/mnt/poseidon-data/poseidon/workflows/casa-wind-workflow-full/submit/poseidon/pegasus/casa-wind-full/run0223/00/00/unzip_ID0000086.meta,/mnt/poseidon-data/poseidon/workflows/casa-wind-workflow-full/submit/poseidon/pegasus/casa-wind-full/run0223/00/00/unzip_ID0000126.meta,/mnt/poseidon-data/poseidon/workflows/casa-wind-workflow-full/submit/poseidon/pegasus/casa-wind-full/run0223/00/00/unzip_ID0000006.meta,/mnt/poseidon-data/poseidon/workflows/casa-wind-workflow-full/submit/poseidon/pegasus/casa-wind-full/run0223/00/00/unzip_ID0000036.meta,/mnt/poseidon-data/poseidon/workflows/casa-wind-workflow-full/submit/poseidon/pegasus/casa-wind-full/run0223/00/00/unzip_ID0000001.meta,/mnt/poseidon-data/poseidon/workflows/casa-wind-workflow-full/submit/poseidon/pegasus/casa-wind-full/run0223/00/00/unzip_ID0000091.meta --insert /mnt/poseidon-data/poseidon/workflows/casa-wind-workflow-full/submit/poseidon/pegasus/casa-wind-full/run0223/00/00/register_condorpool_0_0.in",3.1,0,0,,,,,,,,,
mvt_ID0000114,cpu_2,compute,0,1694386593.0,,,1694386598.0,1694386611.0,1694386622.0,28496000.0,1694386609.0,1694386678.0,1694386667.0,1694386670.0,23405.0,1694386678.0,1694386683.0,5.0,,11.0,69.0,5.0,11.0,177143652.0,3.0,73234.0,poseidon,condorpool,poseidon-worker-1-container-40-43,mvt,/opt/mvt/mvt,,39.6,0,0,0.0,789221.0,40960.0,422.0,10.0,29.9,0.0,26307.4,4096.0
mvt_ID0000054,cpu_2,compute,0,1694386593.0,,,1694386598.0,1694386611.0,1694386622.0,28115919.4,1694386609.0,1694386678.0,1694386667.0,1694386670.0,9132.0,1694386678.0,1694386683.0,5.0,,11.0,69.0,5.0,11.0,177143652.0,3.0,28552.0,poseidon,condorpool,poseidon-worker-1-container-24-27,mvt,/opt/mvt/mvt,,39.5,0,0,0.0,789220.0,12288.0,422.0,3.0,29.9,0.1,26307.3,1228.8
post_vel_ID0000053,None,compute,0,1694386593.0,,,1694386598.0,1694386610.0,1694386624.0,22317895.9,1694386608.0,1694386643.0,1694386630.0,1694386633.0,3575.0,1694386643.0,1694386648.0,5.0,,10.0,35.0,5.0,14.0,177143937.0,3.0,11004.0,poseidon,condorpool,poseidon-worker-1-container-32-35,post_vel,/opt/netcdf2png/merged_netcdf2png,,0.1,0,0,,,,,,,,,
register_condorpool_0_1,None,auxiliary,0,1694386593.0,,,1694386598.0,,,0.0,1694386599.0,1694386603.0,,,0.0,1694386603.0,1694386608.0,5.0,,1.0,4.0,5.0,,,,,poseidon,local,poseidon-submit,pegasus::rc-client,/mnt/poseidon-data/poseidon/pegasus-5.1.0panorama/bin/pegasus-rc-client,"-n pegasus::rc-client -N null -R local  -L casa-wind-full -T 2023-09-08T07:29:05+00:00 /home/poseidon/pegasus-5.1.0panorama/bin/pegasus-rc-client --prefix pegasus.catalog.replica.output --conf /mnt/poseidon-data/poseidon/workflows/casa-wind-workflow-full/submit/poseidon/pegasus/casa-wind-full/run0223/pegasus.12929073949727440980.properties -v --meta /mnt/poseidon-data/poseidon/workflows/casa-wind-workflow-full/submit/poseidon/pegasus/casa-wind-full/run0223/00/00/unzip_ID0000026.meta,/mnt/poseidon-data/poseidon/workflows/casa-wind-workflow-full/submit/poseidon/pegasus/casa-wind-full/run0223/00/00/unzip_ID0000061.meta,/mnt/poseidon-data/poseidon/workflows/casa-wind-workflow-full/submit/poseidon/pegasus/casa-wind-full/run0223/00/00/unzip_ID0000071.meta,/mnt/poseidon-data/poseidon/workflows/casa-wind-workflow-full/submit/poseidon/pegasus/casa-wind-full/run0223/00/00/unzip_ID0000041.meta,/mnt/poseidon-data/poseidon/workflows/casa-wind-workflow-full/submit/poseidon/pegasus/casa-wind-full/run0223/00/00/unzip_ID0000016.meta,/mnt/poseidon-data/poseidon/workflows/casa-wind-workflow-full/submit/poseidon/pegasus/casa-wind-full/run0223/00/00/unzip_ID0000111.meta,/mnt/poseidon-data/poseidon/workflows/casa-wind-workflow-full/submit/poseidon/pegasus/casa-wind-full/run0223/00/00/unzip_ID0000011.meta,/mnt/poseidon-data/poseidon/workflows/casa-wind-workflow-full/submit/poseidon/pegasus/casa-wind-full/run0223/00/00/unzip_ID0000081.meta,/mnt/poseidon-data/poseidon/workflows/casa-wind-workflow-full/submit/poseidon/pegasus/casa-wind-full/run0223/00/00/unzip_ID0000066.meta,/mnt/poseidon-data/poseidon/workflows/casa-wind-workflow-full/submit/poseidon/pegasus/casa-wind-full/run0223/00/00/unzip_ID0000096.meta,/mnt/poseidon-data/poseidon/workflows/casa-wind-workflow-full/submit/poseidon/pegasus/casa-wind-full/run0223/00/00/unzip_ID0000051.meta,/mnt/poseidon-data/poseidon/workflows/casa-wind-workflow-full/submit/poseidon/pegasus/casa-wind-full/run0223/00/00/unzip_ID0000031.meta,/mnt/poseidon-data/poseidon/workflows/casa-wind-workflow-full/submit/poseidon/pegasus/casa-wind-full/run0223/00/00/unzip_ID0000116.meta,/mnt/poseidon-data/poseidon/workflows/casa-wind-workflow-full/submit/poseidon/pegasus/casa-wind-full/run0223/00/00/unzip_ID0000101.meta,/mnt/poseidon-data/poseidon/workflows/casa-wind-workflow-full/submit/poseidon/pegasus/casa-wind-full/run0223/00/00/unzip_ID0000121.meta,/mnt/poseidon-data/poseidon/workflows/casa-wind-workflow-full/submit/poseidon/pegasus/casa-wind-full/run0223/00/00/unzip_ID0000106.meta,/mnt/poseidon-data/poseidon/workflows/casa-wind-workflow-full/submit/poseidon/pegasus/casa-wind-full/run0223/00/00/unzip_ID0000046.meta,/mnt/poseidon-data/poseidon/workflows/casa-wind-workflow-full/submit/poseidon/pegasus/casa-wind-full/run0223/00/00/unzip_ID0000076.meta,/mnt/poseidon-data/poseidon/workflows/casa-wind-workflow-full/submit/poseidon/pegasus/casa-wind-full/run0223/00/00/unzip_ID0000056.meta,/mnt/poseidon-data/poseidon/workflows/casa-wind-workflow-full/submit/poseidon/pegasus/casa-wind-full/run0223/00/00/unzip_ID0000021.meta,/mnt/poseidon-data/poseidon/workflows/casa-wind-workflow-full/submit/poseidon/pegasus/casa-wind-full/run0223/00/00/unzip_ID0000086.meta,/mnt/poseidon-data/poseidon/workflows/casa-wind-workflow-full/submit/poseidon/pegasus/casa-wind-full/run0223/00/00/unzip_ID0000126.meta,/mnt/poseidon-data/poseidon/workflows/casa-wind-workflow-full/submit/poseidon/pegasus/casa-wind-full/run0223/00/00/unzip_ID0000006.meta,/mnt/poseidon-data/poseidon/workflows/casa-wind-workflow-full/submit/poseidon/pegasus/casa-wind-full/run0223/00/00/unzip_ID0000036.meta,/mnt/poseidon-data/poseidon/workflows/casa-wind-workflow-full/submit/poseidon/pegasus/casa-wind-full/run0223/00/00/unzip_ID0000001.meta,/mnt/poseidon-data/poseidon/workflows/casa-wind-workflow-full/submit/poseidon/pegasus/casa-wind-full/run0223/00/00/unzip_ID0000091.meta --insert /mnt/poseidon-data/poseidon/workflows/casa-wind-workflow-full/submit/poseidon/pegasus/casa-wind-full/run0223/00/00/register_condorpool_0_1.in",3.1,0,0,,,,,,,,,
register_condorpool_0_2,None,auxiliary,0,1694386593.0,,,1694386648.0,,,0.0,1694386649.0,1694386653.0,,,0.0,1694386653.0,1694386658.0,55.0,,1.0,4.0,5.0,,,,,poseidon,local,poseidon-submit,pegasus::rc-client,/mnt/poseidon-data/poseidon/pegasus-5.1.0panorama/bin/pegasus-rc-client,"-n pegasus::rc-client -N null -R local  -L casa-wind-full -T 2023-09-08T07:29:05+00:00 /home/poseidon/pegasus-5.1.0panorama/bin/pegasus-rc-client --prefix pegasus.catalog.replica.output --conf /mnt/poseidon-data/poseidon/workflows/casa-wind-workflow-full/submit/poseidon/pegasus/casa-wind-full/run0223/pegasus.12929073949727440980.properties -v --meta /mnt/poseidon-data/poseidon/workflows/casa-wind-workflow-full/submit/poseidon/pegasus/casa-wind-full/run0223/00/00/unzip_ID0000026.meta,/mnt/poseidon-data/poseidon/workflows/casa-wind-workflow-full/submit/poseidon/pegasus/casa-wind-full/run0223/00/00/unzip_ID0000061.meta,/mnt/poseidon-data/poseidon/workflows/casa-wind-workflow-full/submit/poseidon/pegasus/casa-wind-full/run0223/00/00/unzip_ID0000071.meta,/mnt/poseidon-data/poseidon/workflows/casa-wind-workflow-full/submit/poseidon/pegasus/casa-wind-full/run0223/00/00/unzip_ID0000041.meta,/mnt/poseidon-data/poseidon/workflows/casa-wind-workflow-full/submit/poseidon/pegasus/casa-wind-full/run0223/00/00/unzip_ID0000016.meta,/mnt/poseidon-data/poseidon/workflows/casa-wind-workflow-full/submit/poseidon/pegasus/casa-wind-full/run0223/00/00/unzip_ID0000111.meta,/mnt/poseidon-data/poseidon/workflows/casa-wind-workflow-full/submit/poseidon/pegasus/casa-wind-full/run0223/00/00/unzip_ID0000011.meta,/mnt/poseidon-data/poseidon/workflows/casa-wind-workflow-full/submit/poseidon/pegasus/casa-wind-full/run0223/00/00/unzip_ID0000081.meta,/mnt/poseidon-data/poseidon/workflows/casa-wind-workflow-full/submit/poseidon/pegasus/casa-wind-full/run0223/00/00/unzip_ID0000066.meta,/mnt/poseidon-data/poseidon/workflows/casa-wind-workflow-full/submit/poseidon/pegasus/casa-wind-full/run0223/00/00/unzip_ID0000096.meta,/mnt/poseidon-data/poseidon/workflows/casa-wind-workflow-full/submit/poseidon/pegasus/casa-wind-full/run0223/00/00/unzip_ID0000051.meta,/mnt/poseidon-data/poseidon/workflows/casa-wind-workflow-full/submit/poseidon/pegasus/casa-wind-full/run0223/00/00/unzip_ID0000031.meta,/mnt/poseidon-data/poseidon/workflows/casa-wind-workflow-full/submit/poseidon/pegasus/casa-wind-full/run0223/00/00/unzip_ID0000116.meta,/mnt/poseidon-data/poseidon/workflows/casa-wind-workflow-full/submit/poseidon/pegasus/casa-wind-full/run0223/00/00/unzip_ID0000101.meta,/mnt/poseidon-data/poseidon/workflows/casa-wind-workflow-full/submit/poseidon/pegasus/casa-wind-full/run0223/00/00/unzip_ID0000121.meta,/mnt/poseidon-data/poseidon/workflows/casa-wind-workflow-full/submit/poseidon/pegasus/casa-wind-full/run0223/00/00/unzip_ID0000106.meta,/mnt/poseidon-data/poseidon/workflows/casa-wind-workflow-full/submit/poseidon/pegasus/casa-wind-full/run0223/00/00/unzip_ID0000046.meta,/mnt/poseidon-data/poseidon/workflows/casa-wind-workflow-full/submit/poseidon/pegasus/casa-wind-full/run0223/00/00/unzip_ID0000076.meta,/mnt/poseidon-data/poseidon/workflows/casa-wind-workflow-full/submit/poseidon/pegasus/casa-wind-full/run0223/00/00/unzip_ID0000056.meta,/mnt/poseidon-data/poseidon/workflows/casa-wind-workflow-full/submit/poseidon/pegasus/casa-wind-full/run0223/00/00/unzip_ID0000021.meta,/mnt/poseidon-data/poseidon/workflows/casa-wind-workflow-full/submit/poseidon/pegasus/casa-wind-full/run0223/00/00/unzip_ID0000086.meta,/mnt/poseidon-data/poseidon/workflows/casa-wind-workflow-full/submit/poseidon/pegasus/casa-wind-full/run0223/00/00/unzip_ID0000126.meta,/mnt/poseidon-data/poseidon/workflows/casa-wind-workflow-full/submit/poseidon/pegasus/casa-wind-full/run0223/00/00/unzip_ID0000006.meta,/mnt/poseidon-data/poseidon/workflows/casa-wind-workflow-full/submit/poseidon/pegasus/casa-wind-full/run0223/00/00/unzip_ID0000036.meta,/mnt/poseidon-data/poseidon/workflows/casa-wind-workflow-full/submit/poseidon/pegasus/casa-wind-full/run0223/00/00/unzip_ID0000001.meta,/mnt/poseidon-data/poseidon/workflows/casa-wind-workflow-full/submit/poseidon/pegasus/casa-wind-full/run0223/00/00/unzip_ID0000091.meta --insert /mnt/poseidon-data/poseidon/workflows/casa-wind-workflow-full/submit/poseidon/pegasus/casa-wind-full/run0223/00/00/register_condorpool_0_2.in",3.0,0,0,,,,,,,,,
mvt_ID0000004,None,compute,0,1694386593.0,,,1694386598.0,1694386608.0,1694386619.0,29766196.5,1694386607.0,1694386673.0,1694386664.0,1694386667.0,9355.0,1694386673.0,1694386678.0,5.0,,9.0,66.0,5.0,11.0,177143652.0,3.0,28781.0,poseidon,condorpool,poseidon-worker-2-container-20-23,mvt,/opt/mvt/mvt,,39.8,0,0,0.0,818075.0,16384.0,485.0,4.0,29.9,0.1,27269.2,819.2
mvt_ID0000044,None,compute,0,1694386593.0,,,1694386598.0,1694386610.0,1694386622.0,28767297.4,1694386608.0,1694386678.0,1694386666.0,1694386670.0,8982.0,1694386678.0,1694386683.0,5.0,,10.0,70.0,5.0,12.0,177143652.0,4.0,28113.0,poseidon,condorpool,poseidon-worker-1-container-28-31,mvt,/opt/mvt/mvt,,39.6,0,0,0.0,822132.0,12288.0,494.0,3.0,29.9,0.0,27404.4,1228.8
post_vel_ID0000043,None,compute,0,1694386593.0,,,1694386598.0,1694386611.0,1694386623.0,25969205.7,1694386609.0,1694386638.0,1694386629.0,1694386632.0,3596.0,1694386638.0,1694386643.0,5.0,,11.0,29.0,5.0,12.0,177143937.0,3.0,11050.0,poseidon,condorpool,poseidon-worker-2-container-44-47,post_vel,/opt/netcdf2png/merged_netcdf2png,,0.1,0,0,,,,,,,,,
post_vel_ID0000003,None,compute,0,1694386593.0,,,1694386598.0,1694386601.0,1694386612.0,35249792.4,1694386599.0,1694386628.0,1694386617.0,1694386620.0,3532.0,1694386628.0,1694386633.0,5.0,,1.0,29.0,5.0,11.0,177143937.0,3.0,10865.0,poseidon,condorpool,poseidon-worker-1-container-8-11,post_vel,/opt/netcdf2png/merged_netcdf2png,,0.1,0,0,,,,,,,,,
mvt_ID0000009,None,compute,0,1694386593.0,,,1694386598.0,1694386611.0,1694386623.0,24248187.3,1694386609.0,1694386678.0,1694386669.0,1694386672.0,11603.0,1694386678.0,1694386683.0,5.0,,11.0,69.0,5.0,12.0,177143652.0,3.0,35429.0,poseidon,condorpool,poseidon-worker-2-container-40-43,mvt,/opt/mvt/mvt,,39.9,0,0,0.0,791975.0,20480.0,428.0,5.0,29.9,0.1,26399.2,1024.0
post_vel_ID0000113,None,compute,0,1694386593.0,,,1694386598.0,1694386610.0,1694386621.0,33895249.2,1694386608.0,1694386638.0,1694386626.0,1694386629.0,4803.0,1694386638.0,1694386643.0,5.0,,10.0,30.0,5.0,11.0,177143937.0,3.0,14745.0,poseidon,condorpool,poseidon-worker-1-container-0-3,post_vel,/opt/netcdf2png/merged_netcdf2png,,0.1,0,0,,,,,,,,,
mvt_ID0000109,None,compute,0,1694386598.0,,,1694386603.0,1694386610.0,1694386621.0,33201911.6,1694386608.0,1694386678.0,1694386666.0,1694386670.0,19083.0,1694386678.0,1694386683.0,5.0,,5.0,70.0,5.0,11.0,177143652.0,4.0,59954.0,poseidon,condorpool,poseidon-worker-2-container-32-35,mvt,/opt/mvt/mvt,,40.1,0,0,0.0,806721.0,32768.0,467.0,8.0,39.8,0.2,20168.0,1638.4
post_vel_ID0000108,cpu_2,compute,0,1694386598.0,,,1694386603.0,1694386610.0,1694386622.0,25958733.3,1694386608.0,1694386638.0,1694386628.0,1694386631.0,4516.0,1694386638.0,1694386643.0,5.0,,5.0,30.0,5.0,12.0,177143937.0,3.0,13907.0,poseidon,condorpool,poseidon-worker-2-container-0-3,post_vel,/opt/netcdf2png/merged_netcdf2png,,0.1,0,0,,,,,,,,,
post_vel_ID0000048,None,compute,0,1694386598.0,,,1694386603.0,1694386610.0,1694386621.0,33260019.4,1694386608.0,1694386638.0,1694386627.0,1694386630.0,3330.0,1694386638.0,1694386643.0,5.0,,5.0,30.0,5.0,11.0,177143937.0,3.0,10371.0,poseidon,condorpool,poseidon-worker-2-container-8-11,post_vel,/opt/netcdf2png/merged_netcdf2png,,0.1,0,0,,,,,,,,,
mvt_ID0000049,None,compute,0,1694386598.0,,,1694386603.0,1694386610.0,1694386621.0,33872564.4,1694386608.0,1694386678.0,1694386666.0,1694386669.0,7678.0,1694386678.0,1694386683.0,5.0,,5.0,70.0,5.0,11.0,177143652.0,3.0,24108.0,poseidon,condorpool,poseidon-worker-1-container-8-11,mvt,/opt/mvt/mvt,,39.6,0,0,0.0,791931.0,12288.0,428.0,3.0,29.9,0.1,26397.7,1228.8
post_vel_ID0000103,None,compute,0,1694386598.0,,,1694386603.0,1694386610.0,1694386621.0,33848438.2,1694386608.0,1694386638.0,1694386626.0,1694386629.0,4483.0,1694386638.0,1694386643.0,5.0,,5.0,30.0,5.0,11.0,177143937.0,3.0,13815.0,poseidon,condorpool,poseidon-worker-1-container-4-7,post_vel,/opt/netcdf2png/merged_netcdf2png,,0.1,0,0,,,,,,,,,
post_vel_ID0000123,None,compute,0,1694386598.0,,,1694386603.0,1694386610.0,1694386623.0,24079721.7,1694386608.0,1694386638.0,1694386628.0,1694386632.0,4724.0,1694386638.0,1694386643.0,5.0,,5.0,30.0,5.0,13.0,177143937.0,4.0,14777.0,poseidon,condorpool,poseidon-worker-2-container-36-39,post_vel,/opt/netcdf2png/merged_netcdf2png,,0.1,0,0,,,,,,,,,
stage_out_local_condorpool_1_0,None,transfer,0,1694386598.0,,,1694386603.0,,,0.0,1694386604.0,1694386608.0,,,0.0,1694386608.0,1694386613.0,5.0,,1.0,4.0,5.0,,,,,poseidon,local,poseidon-submit,pegasus::transfer,/mnt/poseidon-data/poseidon/pegasus-5.1.0panorama/bin/pegasus-transfer,/home/poseidon/pegasus-5.1.0panorama/bin/../bin/pegasus-kickstart  -n pegasus::transfer -N null -i - -R local  -L casa-wind-full -T 2023-09-08T07:29:05+00:00 /home/poseidon/pegasus-5.1.0panorama/bin/../bin/pegasus-transfer  --threads 2,0.9,0,0,,,,,,,,,
mvt_ID0000104,cpu_2,compute,0,1694386598.0,,,1694386603.0,1694386611.0,1694386622.0,31465576.4,1694386609.0,1694386678.0,1694386667.0,1694386670.0,18869.0,1694386678.0,1694386683.0,5.0,,6.0,69.0,5.0,11.0,177143652.0,3.0,59590.0,poseidon,condorpool,poseidon-worker-2-container-16-19,mvt,/opt/mvt/mvt,,39.6,0,0,0.0,818013.0,32768.0,485.0,8.0,29.9,0.1,27267.1,3276.8
post_vel_ID0000033,None,compute,0,1694386598.0,,,1694386603.0,1694386610.0,1694386623.0,26560663.7,1694386609.0,1694386638.0,1694386628.0,1694386631.0,3713.0,1694386638.0,1694386643.0,5.0,,6.0,29.0,5.0,13.0,177143937.0,3.0,11464.0,poseidon,condorpool,poseidon-worker-1-container-16-19,post_vel,/opt/netcdf2png/merged_netcdf2png,,0.1,0,0,,,,,,,,,
mvt_ID0000124,None,compute,0,1694386598.0,,,1694386603.0,1694386610.0,1694386621.0,27420802.6,1694386608.0,1694386678.0,1694386667.0,1694386670.0,22490.0,1694386678.0,1694386683.0,5.0,,5.0,70.0,5.0,11.0,177143652.0,3.0,70564.0,poseidon,condorpool,poseidon-worker-2-container-12-15,mvt,/opt/mvt/mvt,,40.7,0,0,0.0,828679.0,40960.0,515.0,10.0,39.9,0.1,20717.0,4096.0
mvt_ID0000034,None,compute,0,1694386598.0,,,1694386603.0,1694386610.0,1694386621.0,34208595.0,1694386608.0,1694386678.0,1694386666.0,1694386669.0,9988.0,1694386678.0,1694386683.0,5.0,,5.0,70.0,5.0,11.0,177143652.0,3.0,30976.0,poseidon,condorpool,poseidon-worker-2-container-20-23,mvt,/opt/mvt/mvt,,40.0,0,0,0.0,823582.0,16384.0,497.0,4.0,29.9,0.1,27452.7,819.2
post_vel_ID0000083,cpu_2,compute,0,1694386603.0,,,1694386608.0,1694386613.0,1694386624.0,34517772.8,1694386610.0,1694386643.0,1694386629.0,1694386632.0,4125.0,1694386643.0,1694386648.0,5.0,,2.0,33.0,5.0,11.0,177143937.0,3.0,12720.0,poseidon,condorpool,poseidon-worker-1-container-12-15,post_vel,/opt/netcdf2png/merged_netcdf2png,,0.1,0,0,,,,,,,,,
stage_out_local_condorpool_1_1,None,transfer,0,1694386603.0,,,1694386608.0,,,0.0,1694386609.0,1694386618.0,,,0.0,1694386618.0,1694386623.0,5.0,,1.0,9.0,5.0,,,,,poseidon,local,poseidon-submit,pegasus::transfer,/mnt/poseidon-data/poseidon/pegasus-5.1.0panorama/bin/pegasus-transfer,/home/poseidon/pegasus-5.1.0panorama/bin/../bin/pegasus-kickstart  -n pegasus::transfer -N null -i - -R local  -L casa-wind-full -T 2023-09-08T07:29:05+00:00 /home/poseidon/pegasus-5.1.0panorama/bin/../bin/pegasus-transfer  --threads 2,0.9,0,0,,,,,,,,,
mvt_ID0000084,None,compute,0,1694386603.0,,,1694386608.0,1694386613.0,1694386624.0,29692173.5,1694386611.0,1694386678.0,1694386667.0,1694386670.0,15492.0,1694386678.0,1694386683.0,5.0,,3.0,67.0,5.0,11.0,177143652.0,3.0,47998.0,poseidon,condorpool,poseidon-worker-1-container-20-23,mvt,/opt/mvt/mvt,,38.2,0,0,0.0,826321.0,24576.0,503.0,6.0,29.9,0.1,27544.0,1228.8
register_condorpool_1_0,None,auxiliary,0,1694386613.0,,,1694386618.0,,,0.0,1694386618.0,1694386623.0,,,0.0,1694386623.0,1694386628.0,5.0,,0.0,5.0,5.0,,,,,poseidon,local,poseidon-submit,pegasus::rc-client,/mnt/poseidon-data/poseidon/pegasus-5.1.0panorama/bin/pegasus-rc-client,"-n pegasus::rc-client -N null -R local  -L casa-wind-full -T 2023-09-08T07:29:05+00:00 /home/poseidon/pegasus-5.1.0panorama/bin/pegasus-rc-client --prefix pegasus.catalog.replica.output --conf /mnt/poseidon-data/poseidon/workflows/casa-wind-workflow-full/submit/poseidon/pegasus/casa-wind-full/run0223/pegasus.12929073949727440980.properties -v --meta /mnt/poseidon-data/poseidon/workflows/casa-wind-workflow-full/submit/poseidon/pegasus/casa-wind-full/run0223/00/01/um_vel_ID0000067.meta,/mnt/poseidon-data/poseidon/workflows/casa-wind-workflow-full/submit/poseidon/pegasus/casa-wind-full/run0223/00/00/um_vel_ID0000127.meta,/mnt/poseidon-data/poseidon/workflows/casa-wind-workflow-full/submit/poseidon/pegasus/casa-wind-full/run0223/00/00/um_vel_ID0000122.meta,/mnt/poseidon-data/poseidon/workflows/casa-wind-workflow-full/submit/poseidon/pegasus/casa-wind-full/run0223/00/00/um_vel_ID0000092.meta,/mnt/poseidon-data/poseidon/workflows/casa-wind-workflow-full/submit/poseidon/pegasus/casa-wind-full/run0223/00/01/um_vel_ID0000077.meta,/mnt/poseidon-data/poseidon/workflows/casa-wind-workflow-full/submit/poseidon/pegasus/casa-wind-full/run0223/00/01/um_vel_ID0000057.meta,/mnt/poseidon-data/poseidon/workflows/casa-wind-workflow-full/submit/poseidon/pegasus/casa-wind-full/run0223/00/00/um_vel_ID0000027.meta,/mnt/poseidon-data/poseidon/workflows/casa-wind-workflow-full/submit/poseidon/pegasus/casa-wind-full/run0223/00/01/um_vel_ID0000042.meta,/mnt/poseidon-data/poseidon/workflows/casa-wind-workflow-full/submit/poseidon/pegasus/casa-wind-full/run0223/00/00/um_vel_ID0000022.meta --insert /mnt/poseidon-data/poseidon/workflows/casa-wind-workflow-full/submit/poseidon/pegasus/casa-wind-full/run0223/00/01/register_condorpool_1_0.in",2.6,0,0,,,,,,,,,
mvt_ID0000014,None,compute,0,1694386618.0,,,1694386623.0,1694386626.0,1694386637.0,29849361.5,1694386624.0,1694386693.0,1694386682.0,1694386685.0,10349.0,1694386693.0,1694386698.0,5.0,,1.0,69.0,5.0,11.0,177143652.0,3.0,31991.0,poseidon,condorpool,poseidon-worker-2-container-24-27,mvt,/opt/mvt/mvt,,39.5,0,0,0.0,826339.0,16384.0,503.0,4.0,29.9,0.1,27544.6,819.2
post_vel_ID0000013,None,compute,0,1694386618.0,,,1694386623.0,1694386626.0,1694386637.0,30072540.5,1694386624.0,1694386653.0,1694386642.0,1694386645.0,3569.0,1694386653.0,1694386658.0,5.0,,1.0,29.0,5.0,11.0,177143937.0,3.0,11040.0,poseidon,condorpool,poseidon-worker-2-container-32-35,post_vel,/opt/netcdf2png/merged_netcdf2png,,0.1,0,0,,,,,,,,,
stage_out_local_condorpool_1_2,None,transfer,0,1694386618.0,,,1694386623.0,,,0.0,1694386624.0,1694386628.0,,,0.0,1694386628.0,1694386633.0,5.0,,1.0,4.0,5.0,,,,,poseidon,local,poseidon-submit,pegasus::transfer,/mnt/poseidon-data/poseidon/pegasus-5.1.0panorama/bin/pegasus-transfer,/home/poseidon/pegasus-5.1.0panorama/bin/../bin/pegasus-kickstart  -n pegasus::transfer -N null -i - -R local  -L casa-wind-full -T 2023-09-08T07:29:05+00:00 /home/poseidon/pegasus-5.1.0panorama/bin/../bin/pegasus-transfer  --threads 2,0.8,0,0,,,,,,,,,
register_condorpool_1_1,None,auxiliary,0,1694386623.0,,,1694386628.0,,,0.0,1694386629.0,1694386633.0,,,0.0,1694386633.0,1694386638.0,5.0,,1.0,4.0,5.0,,,,,poseidon,local,poseidon-submit,pegasus::rc-client,/mnt/poseidon-data/poseidon/pegasus-5.1.0panorama/bin/pegasus-rc-client,"-n pegasus::rc-client -N null -R local  -L casa-wind-full -T 2023-09-08T07:29:05+00:00 /home/poseidon/pegasus-5.1.0panorama/bin/pegasus-rc-client --prefix pegasus.catalog.replica.output --conf /mnt/poseidon-data/poseidon/workflows/casa-wind-workflow-full/submit/poseidon/pegasus/casa-wind-full/run0223/pegasus.12929073949727440980.properties -v --meta /mnt/poseidon-data/poseidon/workflows/casa-wind-workflow-full/submit/poseidon/pegasus/casa-wind-full/run0223/00/00/um_vel_ID0000017.meta,/mnt/poseidon-data/poseidon/workflows/casa-wind-workflow-full/submit/poseidon/pegasus/casa-wind-full/run0223/00/01/um_vel_ID0000037.meta,/mnt/poseidon-data/poseidon/workflows/casa-wind-workflow-full/submit/poseidon/pegasus/casa-wind-full/run0223/00/00/um_vel_ID0000082.meta,/mnt/poseidon-data/poseidon/workflows/casa-wind-workflow-full/submit/poseidon/pegasus/casa-wind-full/run0223/00/00/um_vel_ID0000097.meta,/mnt/poseidon-data/poseidon/workflows/casa-wind-workflow-full/submit/poseidon/pegasus/casa-wind-full/run0223/00/01/um_vel_ID0000047.meta,/mnt/poseidon-data/poseidon/workflows/casa-wind-workflow-full/submit/poseidon/pegasus/casa-wind-full/run0223/00/00/um_vel_ID0000087.meta,/mnt/poseidon-data/poseidon/workflows/casa-wind-workflow-full/submit/poseidon/pegasus/casa-wind-full/run0223/00/01/um_vel_ID0000007.meta,/mnt/poseidon-data/poseidon/workflows/casa-wind-workflow-full/submit/poseidon/pegasus/casa-wind-full/run0223/00/01/um_vel_ID0000072.meta,/mnt/poseidon-data/poseidon/workflows/casa-wind-workflow-full/submit/poseidon/pegasus/casa-wind-full/run0223/00/01/um_vel_ID0000102.meta --insert /mnt/poseidon-data/poseidon/workflows/casa-wind-workflow-full/submit/poseidon/pegasus/casa-wind-full/run0223/00/01/register_condorpool_1_1.in",2.7,0,0,,,,,,,,,
register_condorpool_1_2,None,auxiliary,0,1694386633.0,,,1694386638.0,,,0.0,1694386638.0,1694386643.0,,,0.0,1694386643.0,1694386648.0,5.0,,0.0,5.0,5.0,,,,,poseidon,local,poseidon-submit,pegasus::rc-client,/mnt/poseidon-data/poseidon/pegasus-5.1.0panorama/bin/pegasus-rc-client,"-n pegasus::rc-client -N null -R local  -L casa-wind-full -T 2023-09-08T07:29:05+00:00 /home/poseidon/pegasus-5.1.0panorama/bin/pegasus-rc-client --prefix pegasus.catalog.replica.output --conf /mnt/poseidon-data/poseidon/workflows/casa-wind-workflow-full/submit/poseidon/pegasus/casa-wind-full/run0223/pegasus.12929073949727440980.properties -v --meta /mnt/poseidon-data/poseidon/workflows/casa-wind-workflow-full/submit/poseidon/pegasus/casa-wind-full/run0223/00/00/um_vel_ID0000117.meta,/mnt/poseidon-data/poseidon/workflows/casa-wind-workflow-full/submit/poseidon/pegasus/casa-wind-full/run0223/00/01/um_vel_ID0000052.meta,/mnt/poseidon-data/poseidon/workflows/casa-wind-workflow-full/submit/poseidon/pegasus/casa-wind-full/run0223/00/00/um_vel_ID0000002.meta,/mnt/poseidon-data/poseidon/workflows/casa-wind-workflow-full/submit/poseidon/pegasus/casa-wind-full/run0223/00/00/um_vel_ID0000012.meta,/mnt/poseidon-data/poseidon/workflows/casa-wind-workflow-full/submit/poseidon/pegasus/casa-wind-full/run0223/00/00/um_vel_ID0000032.meta,/mnt/poseidon-data/poseidon/workflows/casa-wind-workflow-full/submit/poseidon/pegasus/casa-wind-full/run0223/00/01/um_vel_ID0000062.meta,/mnt/poseidon-data/poseidon/workflows/casa-wind-workflow-full/submit/poseidon/pegasus/casa-wind-full/run0223/00/01/um_vel_ID0000112.meta,/mnt/poseidon-data/poseidon/workflows/casa-wind-workflow-full/submit/poseidon/pegasus/casa-wind-full/run0223/00/01/um_vel_ID0000107.meta --insert /mnt/poseidon-data/poseidon/workflows/casa-wind-workflow-full/submit/poseidon/pegasus/casa-wind-full/run0223/00/01/register_condorpool_1_2.in",2.7,0,0,,,,,,,,,
point_alert_ID0000120,cpu_2,compute,0,1694386653.0,,,1694386658.0,1694386661.0,1694386671.0,34025689.8,1694386659.0,1694386688.0,1694386677.0,1694386680.0,7120.0,1694386688.0,1694386693.0,5.0,,1.0,29.0,5.0,10.0,176673508.0,3.0,21998.0,poseidon,condorpool,poseidon-worker-2-container-0-3,point_alert,/opt/pointAlert/pointAlert,,0.0,0,0,,,,,,,,,
point_alert_ID0000040,cpu_2,compute,0,1694386658.0,,,1694386663.0,1694386666.0,1694386677.0,29665911.0,1694386664.0,1694386693.0,1694386682.0,1694386685.0,6576.0,1694386693.0,1694386698.0,5.0,,1.0,29.0,5.0,11.0,176642369.0,3.0,20558.0,poseidon,condorpool,poseidon-worker-1-container-12-15,point_alert,/opt/pointAlert/pointAlert,,0.0,0,0,,,,,,,,,
point_alert_ID0000100,None,compute,0,1694386658.0,,,1694386663.0,1694386666.0,1694386676.0,29583538.0,1694386664.0,1694386693.0,1694386682.0,1694386685.0,6684.0,1694386693.0,1694386698.0,5.0,,1.0,29.0,5.0,10.0,176658101.0,3.0,20638.0,poseidon,condorpool,poseidon-worker-1-container-0-3,point_alert,/opt/pointAlert/pointAlert,,0.0,0,0,,,,,,,,,
point_alert_ID0000090,None,compute,0,1694386658.0,,,1694386663.0,1694386666.0,1694386677.0,31725622.8,1694386664.0,1694386693.0,1694386682.0,1694386685.0,6656.0,1694386693.0,1694386698.0,5.0,,1.0,29.0,5.0,11.0,176656458.0,3.0,20638.0,poseidon,condorpool,poseidon-worker-1-container-28-31,point_alert,/opt/pointAlert/pointAlert,,0.0,0,0,,,,,,,,,
point_alert_ID0000075,None,compute,0,1694386663.0,,,1694386668.0,1694386671.0,1694386682.0,29888607.5,1694386669.0,1694386698.0,1694386687.0,1694386690.0,6694.0,1694386698.0,1694386703.0,5.0,,1.0,29.0,5.0,11.0,176646838.0,3.0,20558.0,poseidon,condorpool,poseidon-worker-2-container-32-35,point_alert,/opt/pointAlert/pointAlert,,0.0,0,0,,,,,,,,,
point_alert_ID0000020,None,compute,0,1694386663.0,,,1694386668.0,1694386671.0,1694386682.0,33815565.0,1694386669.0,1694386698.0,1694386687.0,1694386690.0,6662.0,1694386698.0,1694386703.0,5.0,,1.0,29.0,5.0,11.0,176644228.0,3.0,20478.0,poseidon,condorpool,poseidon-worker-2-container-44-47,point_alert,/opt/pointAlert/pointAlert,,0.0,0,0,,,,,,,,,
point_alert_ID0000065,None,compute,0,1694386663.0,,,1694386668.0,1694386671.0,1694386682.0,29662043.0,1694386669.0,1694386698.0,1694386687.0,1694386690.0,6582.0,1694386698.0,1694386703.0,5.0,,1.0,29.0,5.0,11.0,176639131.0,3.0,20238.0,poseidon,condorpool,poseidon-worker-2-container-12-15,point_alert,/opt/pointAlert/pointAlert,,0.0,0,0,,,,,,,,,
point_alert_ID0000060,None,compute,0,1694386668.0,,,1694386673.0,1694386676.0,1694386687.0,29619982.0,1694386674.0,1694386703.0,1694386692.0,1694386696.0,6718.0,1694386703.0,1694386708.0,5.0,,1.0,29.0,5.0,11.0,176636147.0,4.0,20878.0,poseidon,condorpool,poseidon-worker-2-container-20-23,point_alert,/opt/pointAlert/pointAlert,,0.0,0,0,,,,,,,,,
point_alert_ID0000030,None,compute,0,1694386668.0,,,1694386673.0,1694386676.0,1694386687.0,33696395.2,1694386674.0,1694386703.0,1694386693.0,1694386696.0,6465.0,1694386703.0,1694386708.0,5.0,,1.0,29.0,5.0,11.0,176646324.0,3.0,20158.0,poseidon,condorpool,poseidon-worker-2-container-36-39,point_alert,/opt/pointAlert/pointAlert,,0.0,0,0,,,,,,,,,
point_alert_ID0000070,None,compute,0,1694386668.0,,,1694386673.0,1694386676.0,1694386687.0,34603295.2,1694386674.0,1694386703.0,1694386692.0,1694386695.0,6628.0,1694386703.0,1694386708.0,5.0,,1.0,29.0,5.0,11.0,176643292.0,3.0,20558.0,poseidon,condorpool,poseidon-worker-1-container-16-19,point_alert,/opt/pointAlert/pointAlert,,0.0,0,0,,,,,,,,,
point_alert_ID0000095,cpu_2,compute,0,1694386668.0,,,1694386673.0,1694386676.0,1694386687.0,29709501.0,1694386674.0,1694386703.0,1694386692.0,1694386695.0,6747.0,1694386703.0,1694386708.0,5.0,,1.0,29.0,5.0,11.0,176660390.0,3.0,20718.0,poseidon,condorpool,poseidon-worker-1-container-12-15,point_alert,/opt/pointAlert/pointAlert,,0.0,0,0,,,,,,,,,
point_alert_ID0000005,None,compute,0,1694386678.0,,,1694386683.0,1694386686.0,1694386697.0,34344661.6,1694386684.0,1694386713.0,1694386702.0,1694386705.0,6661.0,1694386713.0,1694386718.0,5.0,,1.0,29.0,5.0,11.0,176636764.0,3.0,20398.0,poseidon,condorpool,poseidon-worker-1-container-8-11,point_alert,/opt/pointAlert/pointAlert,,0.0,0,0,,,,,,,,,
point_alert_ID0000025,None,compute,0,1694386678.0,,,1694386683.0,1694386686.0,1694386697.0,29698209.5,1694386684.0,1694386713.0,1694386702.0,1694386705.0,6569.0,1694386713.0,1694386718.0,5.0,,1.0,29.0,5.0,11.0,176638688.0,3.0,20078.0,poseidon,condorpool,poseidon-worker-2-container-12-15,point_alert,/opt/pointAlert/pointAlert,,0.0,0,0,,,,,,,,,
stage_out_local_condorpool_2_1,None,transfer,0,1694386683.0,,,1694386688.0,,,0.0,1694386688.0,1694386693.0,,,0.0,1694386693.0,1694386698.0,5.0,,0.0,5.0,5.0,,,,,poseidon,local,poseidon-submit,pegasus::transfer,/mnt/poseidon-data/poseidon/pegasus-5.1.0panorama/bin/pegasus-transfer,/home/poseidon/pegasus-5.1.0panorama/bin/../bin/pegasus-kickstart  -n pegasus::transfer -N null -i - -R local  -L casa-wind-full -T 2023-09-08T07:29:05+00:00 /home/poseidon/pegasus-5.1.0panorama/bin/../bin/pegasus-transfer  --threads 2,0.9,0,0,,,,,,,,,
point_alert_ID0000110,None,compute,0,1694386683.0,,,1694386688.0,1694386691.0,1694386702.0,29643886.5,1694386689.0,1694386718.0,1694386707.0,1694386710.0,6792.0,1694386718.0,1694386723.0,5.0,,1.0,29.0,5.0,11.0,176667937.0,3.0,21038.0,poseidon,condorpool,poseidon-worker-1-container-28-31,point_alert,/opt/pointAlert/pointAlert,,0.0,0,0,,,,,,,,,
stage_out_local_condorpool_2_4,None,transfer,0,1694386683.0,,,1694386688.0,,,0.0,1694386688.0,1694386693.0,,,0.0,1694386693.0,1694386698.0,5.0,,0.0,5.0,5.0,,,,,poseidon,local,poseidon-submit,pegasus::transfer,/mnt/poseidon-data/poseidon/pegasus-5.1.0panorama/bin/pegasus-transfer,/home/poseidon/pegasus-5.1.0panorama/bin/../bin/pegasus-kickstart  -n pegasus::transfer -N null -i - -R local  -L casa-wind-full -T 2023-09-08T07:29:05+00:00 /home/poseidon/pegasus-5.1.0panorama/bin/../bin/pegasus-transfer  --threads 2,0.8,0,0,,,,,,,,,
stage_out_local_condorpool_2_2,None,transfer,0,1694386683.0,,,1694386688.0,,,0.0,1694386688.0,1694386693.0,,,0.0,1694386693.0,1694386698.0,5.0,,0.0,5.0,5.0,,,,,poseidon,local,poseidon-submit,pegasus::transfer,/mnt/poseidon-data/poseidon/pegasus-5.1.0panorama/bin/pegasus-transfer,/home/poseidon/pegasus-5.1.0panorama/bin/../bin/pegasus-kickstart  -n pegasus::transfer -N null -i - -R local  -L casa-wind-full -T 2023-09-08T07:29:05+00:00 /home/poseidon/pegasus-5.1.0panorama/bin/../bin/pegasus-transfer  --threads 2,0.9,0,0,,,,,,,,,
stage_out_local_condorpool_2_3,None,transfer,0,1694386683.0,,,1694386688.0,,,0.0,1694386688.0,1694386693.0,,,0.0,1694386693.0,1694386698.0,5.0,,0.0,5.0,5.0,,,,,poseidon,local,poseidon-submit,pegasus::transfer,/mnt/poseidon-data/poseidon/pegasus-5.1.0panorama/bin/pegasus-transfer,/home/poseidon/pegasus-5.1.0panorama/bin/../bin/pegasus-kickstart  -n pegasus::transfer -N null -i - -R local  -L casa-wind-full -T 2023-09-08T07:29:05+00:00 /home/poseidon/pegasus-5.1.0panorama/bin/../bin/pegasus-transfer  --threads 2,0.9,0,0,,,,,,,,,
point_alert_ID0000050,None,compute,0,1694386683.0,,,1694386688.0,1694386691.0,1694386702.0,29800591.0,1694386689.0,1694386718.0,1694386707.0,1694386711.0,6653.0,1694386718.0,1694386723.0,5.0,,1.0,29.0,5.0,11.0,176632091.0,4.0,20878.0,poseidon,condorpool,poseidon-worker-1-container-20-23,point_alert,/opt/pointAlert/pointAlert,,0.0,0,0,,,,,,,,,
point_alert_ID0000105,None,compute,0,1694386683.0,,,1694386688.0,1694386691.0,1694386702.0,29482730.5,1694386690.0,1694386718.0,1694386708.0,1694386711.0,6753.0,1694386718.0,1694386723.0,5.0,,2.0,28.0,5.0,11.0,176667573.0,3.0,21278.0,poseidon,condorpool,poseidon-worker-2-container-20-23,point_alert,/opt/pointAlert/pointAlert,,0.0,0,0,,,,,,,,,
point_alert_ID0000010,None,compute,0,1694386683.0,,,1694386688.0,1694386691.0,1694386702.0,29528183.5,1694386689.0,1694386718.0,1694386708.0,1694386711.0,6335.0,1694386718.0,1694386723.0,5.0,,1.0,29.0,5.0,11.0,176643412.0,3.0,20478.0,poseidon,condorpool,poseidon-worker-2-container-28-31,point_alert,/opt/pointAlert/pointAlert,,0.0,0,0,,,,,,,,,
point_alert_ID0000080,None,compute,0,1694386683.0,,,1694386688.0,1694386691.0,1694386702.0,29599679.0,1694386689.0,1694386718.0,1694386708.0,1694386711.0,6406.0,1694386718.0,1694386723.0,5.0,,1.0,29.0,5.0,11.0,176653320.0,3.0,20718.0,poseidon,condorpool,poseidon-worker-2-container-32-35,point_alert,/opt/pointAlert/pointAlert,,0.0,0,0,,,,,,,,,
point_alert_ID0000085,cpu_2,compute,0,1694386683.0,,,1694386688.0,1694386691.0,1694386702.0,29455151.5,1694386689.0,1694386718.0,1694386707.0,1694386710.0,6845.0,1694386718.0,1694386723.0,5.0,,1.0,29.0,5.0,11.0,176655981.0,3.0,21118.0,poseidon,condorpool,poseidon-worker-1-container-24-27,point_alert,/opt/pointAlert/pointAlert,,0.0,0,0,,,,,,,,,
point_alert_ID0000035,cpu_2,compute,0,1694386683.0,,,1694386688.0,1694386691.0,1694386702.0,29550170.5,1694386689.0,1694386718.0,1694386708.0,1694386711.0,6416.0,1694386718.0,1694386723.0,5.0,,1.0,29.0,5.0,11.0,176638959.0,3.0,20078.0,poseidon,condorpool,poseidon-worker-2-container-0-3,point_alert,/opt/pointAlert/pointAlert,,0.0,0,0,,,,,,,,,
point_alert_ID0000115,cpu_2,compute,0,1694386683.0,,,1694386688.0,1694386691.0,1694386702.0,33707592.0,1694386689.0,1694386718.0,1694386707.0,1694386710.0,6976.0,1694386718.0,1694386723.0,5.0,,1.0,29.0,5.0,11.0,176681217.0,3.0,21598.0,poseidon,condorpool,poseidon-worker-1-container-40-43,point_alert,/opt/pointAlert/pointAlert,,0.0,0,0,,,,,,,,,
point_alert_ID0000055,cpu_2,compute,0,1694386683.0,,,1694386688.0,1694386691.0,1694386702.0,32847558.6,1694386689.0,1694386718.0,1694386708.0,1694386711.0,6586.0,1694386718.0,1694386723.0,5.0,,1.0,29.0,5.0,11.0,176636535.0,3.0,20638.0,poseidon,condorpool,poseidon-worker-2-container-16-19,point_alert,/opt/pointAlert/pointAlert,,0.0,0,0,,,,,,,,,
point_alert_ID0000125,None,compute,0,1694386683.0,,,1694386688.0,1694386692.0,1694386703.0,29618599.0,1694386691.0,1694386718.0,1694386709.0,1694386712.0,7425.0,1694386718.0,1694386723.0,5.0,,3.0,27.0,5.0,11.0,176678547.0,3.0,22878.0,poseidon,condorpool,poseidon-worker-2-container-24-27,point_alert,/opt/pointAlert/pointAlert,,0.0,0,0,,,,,,,,,
point_alert_ID0000045,None,compute,0,1694386683.0,,,1694386688.0,1694386691.0,1694386702.0,34162378.0,1694386689.0,1694386718.0,1694386708.0,1694386711.0,6644.0,1694386718.0,1694386723.0,5.0,,1.0,29.0,5.0,11.0,176636096.0,3.0,20798.0,poseidon,condorpool,poseidon-worker-2-container-40-43,point_alert,/opt/pointAlert/pointAlert,,0.0,0,0,,,,,,,,,
register_condorpool_2_4,None,auxiliary,0,1694386698.0,,,1694386784.0,,,0.0,1694386785.0,1694386789.0,,,0.0,1694386789.0,1694386794.0,86.0,,1.0,4.0,5.0,,,,,poseidon,local,poseidon-submit,pegasus::rc-client,/mnt/poseidon-data/poseidon/pegasus-5.1.0panorama/bin/pegasus-rc-client,"-n pegasus::rc-client -N null -R local  -L casa-wind-full -T 2023-09-08T07:29:05+00:00 /home/poseidon/pegasus-5.1.0panorama/bin/pegasus-rc-client --prefix pegasus.catalog.replica.output --conf /mnt/poseidon-data/poseidon/workflows/casa-wind-workflow-full/submit/poseidon/pegasus/casa-wind-full/run0223/pegasus.12929073949727440980.properties -v --meta /mnt/poseidon-data/poseidon/workflows/casa-wind-workflow-full/submit/poseidon/pegasus/casa-wind-full/run0223/00/02/post_vel_ID0000108.meta,/mnt/poseidon-data/poseidon/workflows/casa-wind-workflow-full/submit/poseidon/pegasus/casa-wind-full/run0223/00/01/post_vel_ID0000063.meta,/mnt/poseidon-data/poseidon/workflows/casa-wind-workflow-full/submit/poseidon/pegasus/casa-wind-full/run0223/00/01/post_vel_ID0000013.meta,/mnt/poseidon-data/poseidon/workflows/casa-wind-workflow-full/submit/poseidon/pegasus/casa-wind-full/run0223/00/02/mvt_ID0000054.meta,/mnt/poseidon-data/poseidon/workflows/casa-wind-workflow-full/submit/poseidon/pegasus/casa-wind-full/run0223/00/01/post_vel_ID0000033.meta,/mnt/poseidon-data/poseidon/workflows/casa-wind-workflow-full/submit/poseidon/pegasus/casa-wind-full/run0223/00/02/post_vel_ID0000113.meta,/mnt/poseidon-data/poseidon/workflows/casa-wind-workflow-full/submit/poseidon/pegasus/casa-wind-full/run0223/00/01/post_vel_ID0000003.meta,/mnt/poseidon-data/poseidon/workflows/casa-wind-workflow-full/submit/poseidon/pegasus/casa-wind-full/run0223/00/01/post_vel_ID0000118.meta --insert /mnt/poseidon-data/poseidon/workflows/casa-wind-workflow-full/submit/poseidon/pegasus/casa-wind-full/run0223/00/02/register_condorpool_2_4.in",2.6,0,0,,,,,,,,,
register_condorpool_2_1,None,auxiliary,0,1694386698.0,,,1694386713.0,,,0.0,1694386714.0,1694386718.0,,,0.0,1694386718.0,1694386723.0,15.0,,1.0,4.0,5.0,,,,,poseidon,local,poseidon-submit,pegasus::rc-client,/mnt/poseidon-data/poseidon/pegasus-5.1.0panorama/bin/pegasus-rc-client,"-n pegasus::rc-client -N null -R local  -L casa-wind-full -T 2023-09-08T07:29:05+00:00 /home/poseidon/pegasus-5.1.0panorama/bin/pegasus-rc-client --prefix pegasus.catalog.replica.output --conf /mnt/poseidon-data/poseidon/workflows/casa-wind-workflow-full/submit/poseidon/pegasus/casa-wind-full/run0223/pegasus.12929073949727440980.properties -v --meta /mnt/poseidon-data/poseidon/workflows/casa-wind-workflow-full/submit/poseidon/pegasus/casa-wind-full/run0223/00/01/post_vel_ID0000028.meta,/mnt/poseidon-data/poseidon/workflows/casa-wind-workflow-full/submit/poseidon/pegasus/casa-wind-full/run0223/00/02/post_vel_ID0000043.meta,/mnt/poseidon-data/poseidon/workflows/casa-wind-workflow-full/submit/poseidon/pegasus/casa-wind-full/run0223/00/01/post_vel_ID0000128.meta,/mnt/poseidon-data/poseidon/workflows/casa-wind-workflow-full/submit/poseidon/pegasus/casa-wind-full/run0223/00/01/mvt_ID0000094.meta,/mnt/poseidon-data/poseidon/workflows/casa-wind-workflow-full/submit/poseidon/pegasus/casa-wind-full/run0223/00/01/mvt_ID0000069.meta,/mnt/poseidon-data/poseidon/workflows/casa-wind-workflow-full/submit/poseidon/pegasus/casa-wind-full/run0223/00/02/mvt_ID0000059.meta,/mnt/poseidon-data/poseidon/workflows/casa-wind-workflow-full/submit/poseidon/pegasus/casa-wind-full/run0223/00/01/mvt_ID0000124.meta,/mnt/poseidon-data/poseidon/workflows/casa-wind-workflow-full/submit/poseidon/pegasus/casa-wind-full/run0223/00/01/mvt_ID0000024.meta,/mnt/poseidon-data/poseidon/workflows/casa-wind-workflow-full/submit/poseidon/pegasus/casa-wind-full/run0223/00/02/mvt_ID0000079.meta --insert /mnt/poseidon-data/poseidon/workflows/casa-wind-workflow-full/submit/poseidon/pegasus/casa-wind-full/run0223/00/02/register_condorpool_2_1.in",2.6,0,0,,,,,,,,,
stage_out_local_condorpool_2_0,None,transfer,0,1694386698.0,,,1694386703.0,,,0.0,1694386703.0,1694386708.0,,,0.0,1694386708.0,1694386713.0,5.0,,0.0,5.0,5.0,,,,,poseidon,local,poseidon-submit,pegasus::transfer,/mnt/poseidon-data/poseidon/pegasus-5.1.0panorama/bin/pegasus-transfer,/home/poseidon/pegasus-5.1.0panorama/bin/../bin/pegasus-kickstart  -n pegasus::transfer -N null -i - -R local  -L casa-wind-full -T 2023-09-08T07:29:05+00:00 /home/poseidon/pegasus-5.1.0panorama/bin/../bin/pegasus-transfer  --threads 2,0.9,0,0,,,,,,,,,
point_alert_ID0000130,None,compute,0,1694386698.0,,,1694386703.0,1694386705.0,1694386716.0,29690234.5,1694386704.0,1694386733.0,1694386722.0,1694386725.0,7534.0,1694386733.0,1694386738.0,5.0,,1.0,29.0,5.0,11.0,176672472.0,3.0,23118.0,poseidon,condorpool,poseidon-worker-2-container-20-23,point_alert,/opt/pointAlert/pointAlert,,0.0,0,0,,,,,,,,,
register_condorpool_2_3,None,auxiliary,0,1694386698.0,,,1694386703.0,,,0.0,1694386703.0,1694386708.0,,,0.0,1694386708.0,1694386713.0,5.0,,0.0,5.0,5.0,,,,,poseidon,local,poseidon-submit,pegasus::rc-client,/mnt/poseidon-data/poseidon/pegasus-5.1.0panorama/bin/pegasus-rc-client,"-n pegasus::rc-client -N null -R local  -L casa-wind-full -T 2023-09-08T07:29:05+00:00 /home/poseidon/pegasus-5.1.0panorama/bin/pegasus-rc-client --prefix pegasus.catalog.replica.output --conf /mnt/poseidon-data/poseidon/workflows/casa-wind-workflow-full/submit/poseidon/pegasus/casa-wind-full/run0223/pegasus.12929073949727440980.properties -v --meta /mnt/poseidon-data/poseidon/workflows/casa-wind-workflow-full/submit/poseidon/pegasus/casa-wind-full/run0223/00/01/mvt_ID0000084.meta,/mnt/poseidon-data/poseidon/workflows/casa-wind-workflow-full/submit/poseidon/pegasus/casa-wind-full/run0223/00/02/post_vel_ID0000103.meta,/mnt/poseidon-data/poseidon/workflows/casa-wind-workflow-full/submit/poseidon/pegasus/casa-wind-full/run0223/00/01/post_vel_ID0000098.meta,/mnt/poseidon-data/poseidon/workflows/casa-wind-workflow-full/submit/poseidon/pegasus/casa-wind-full/run0223/00/02/post_vel_ID0000048.meta,/mnt/poseidon-data/poseidon/workflows/casa-wind-workflow-full/submit/poseidon/pegasus/casa-wind-full/run0223/00/01/mvt_ID0000009.meta,/mnt/poseidon-data/poseidon/workflows/casa-wind-workflow-full/submit/poseidon/pegasus/casa-wind-full/run0223/00/01/post_vel_ID0000018.meta,/mnt/poseidon-data/poseidon/workflows/casa-wind-workflow-full/submit/poseidon/pegasus/casa-wind-full/run0223/00/01/mvt_ID0000089.meta,/mnt/poseidon-data/poseidon/workflows/casa-wind-workflow-full/submit/poseidon/pegasus/casa-wind-full/run0223/00/02/mvt_ID0000074.meta,/mnt/poseidon-data/poseidon/workflows/casa-wind-workflow-full/submit/poseidon/pegasus/casa-wind-full/run0223/00/02/post_vel_ID0000038.meta --insert /mnt/poseidon-data/poseidon/workflows/casa-wind-workflow-full/submit/poseidon/pegasus/casa-wind-full/run0223/00/02/register_condorpool_2_3.in",2.5,0,0,,,,,,,,,
stage_out_local_condorpool_2_5,None,transfer,0,1694386698.0,,,1694386703.0,,,0.0,1694386703.0,1694386708.0,,,0.0,1694386708.0,1694386713.0,5.0,,0.0,5.0,5.0,,,,,poseidon,local,poseidon-submit,pegasus::transfer,/mnt/poseidon-data/poseidon/pegasus-5.1.0panorama/bin/pegasus-transfer,/home/poseidon/pegasus-5.1.0panorama/bin/../bin/pegasus-kickstart  -n pegasus::transfer -N null -i - -R local  -L casa-wind-full -T 2023-09-08T07:29:05+00:00 /home/poseidon/pegasus-5.1.0panorama/bin/../bin/pegasus-transfer  --threads 2,0.8,0,0,,,,,,,,,
point_alert_ID0000015,cpu_2,compute,0,1694386698.0,,,1694386703.0,1694386705.0,1694386716.0,29677773.5,1694386704.0,1694386733.0,1694386721.0,1694386725.0,6540.0,1694386733.0,1694386738.0,5.0,,1.0,29.0,5.0,11.0,176639974.0,4.0,20558.0,poseidon,condorpool,poseidon-worker-1-container-12-15,point_alert,/opt/pointAlert/pointAlert,,0.0,0,0,,,,,,,,,
register_condorpool_2_2,None,auxiliary,0,1694386698.0,,,1694386754.0,,,0.0,1694386754.0,1694386759.0,,,0.0,1694386759.0,1694386764.0,56.0,,0.0,5.0,5.0,,,,,poseidon,local,poseidon-submit,pegasus::rc-client,/mnt/poseidon-data/poseidon/pegasus-5.1.0panorama/bin/pegasus-rc-client,"-n pegasus::rc-client -N null -R local  -L casa-wind-full -T 2023-09-08T07:29:05+00:00 /home/poseidon/pegasus-5.1.0panorama/bin/pegasus-rc-client --prefix pegasus.catalog.replica.output --conf /mnt/poseidon-data/poseidon/workflows/casa-wind-workflow-full/submit/poseidon/pegasus/casa-wind-full/run0223/pegasus.12929073949727440980.properties -v --meta /mnt/poseidon-data/poseidon/workflows/casa-wind-workflow-full/submit/poseidon/pegasus/casa-wind-full/run0223/00/02/post_vel_ID0000073.meta,/mnt/poseidon-data/poseidon/workflows/casa-wind-workflow-full/submit/poseidon/pegasus/casa-wind-full/run0223/00/02/mvt_ID0000039.meta,/mnt/poseidon-data/poseidon/workflows/casa-wind-workflow-full/submit/poseidon/pegasus/casa-wind-full/run0223/00/01/mvt_ID0000099.meta,/mnt/poseidon-data/poseidon/workflows/casa-wind-workflow-full/submit/poseidon/pegasus/casa-wind-full/run0223/00/01/post_vel_ID0000008.meta,/mnt/poseidon-data/poseidon/workflows/casa-wind-workflow-full/submit/poseidon/pegasus/casa-wind-full/run0223/00/02/mvt_ID0000049.meta,/mnt/poseidon-data/poseidon/workflows/casa-wind-workflow-full/submit/poseidon/pegasus/casa-wind-full/run0223/00/01/mvt_ID0000019.meta,/mnt/poseidon-data/poseidon/workflows/casa-wind-workflow-full/submit/poseidon/pegasus/casa-wind-full/run0223/00/02/mvt_ID0000104.meta,/mnt/poseidon-data/poseidon/workflows/casa-wind-workflow-full/submit/poseidon/pegasus/casa-wind-full/run0223/00/01/post_vel_ID0000083.meta,/mnt/poseidon-data/poseidon/workflows/casa-wind-workflow-full/submit/poseidon/pegasus/casa-wind-full/run0223/00/01/post_vel_ID0000088.meta --insert /mnt/poseidon-data/poseidon/workflows/casa-wind-workflow-full/submit/poseidon/pegasus/casa-wind-full/run0223/00/02/register_condorpool_2_2.in",2.7,0,0,,,,,,,,,
register_condorpool_2_0,None,auxiliary,0,1694386713.0,,,1694386733.0,,,0.0,1694386733.0,1694386738.0,,,0.0,1694386738.0,1694386743.0,20.0,,0.0,5.0,5.0,,,,,poseidon,local,poseidon-submit,pegasus::rc-client,/mnt/poseidon-data/poseidon/pegasus-5.1.0panorama/bin/pegasus-rc-client,"-n pegasus::rc-client -N null -R local  -L casa-wind-full -T 2023-09-08T07:29:05+00:00 /home/poseidon/pegasus-5.1.0panorama/bin/pegasus-rc-client --prefix pegasus.catalog.replica.output --conf /mnt/poseidon-data/poseidon/workflows/casa-wind-workflow-full/submit/poseidon/pegasus/casa-wind-full/run0223/pegasus.12929073949727440980.properties -v --meta /mnt/poseidon-data/poseidon/workflows/casa-wind-workflow-full/submit/poseidon/pegasus/casa-wind-full/run0223/00/01/post_vel_ID0000023.meta,/mnt/poseidon-data/poseidon/workflows/casa-wind-workflow-full/submit/poseidon/pegasus/casa-wind-full/run0223/00/01/post_vel_ID0000093.meta,/mnt/poseidon-data/poseidon/workflows/casa-wind-workflow-full/submit/poseidon/pegasus/casa-wind-full/run0223/00/01/mvt_ID0000129.meta,/mnt/poseidon-data/poseidon/workflows/casa-wind-workflow-full/submit/poseidon/pegasus/casa-wind-full/run0223/00/02/mvt_ID0000044.meta,/mnt/poseidon-data/poseidon/workflows/casa-wind-workflow-full/submit/poseidon/pegasus/casa-wind-full/run0223/00/02/post_vel_ID0000058.meta,/mnt/poseidon-data/poseidon/workflows/casa-wind-workflow-full/submit/poseidon/pegasus/casa-wind-full/run0223/00/01/post_vel_ID0000068.meta,/mnt/poseidon-data/poseidon/workflows/casa-wind-workflow-full/submit/poseidon/pegasus/casa-wind-full/run0223/00/01/post_vel_ID0000123.meta,/mnt/poseidon-data/poseidon/workflows/casa-wind-workflow-full/submit/poseidon/pegasus/casa-wind-full/run0223/00/02/post_vel_ID0000078.meta,/mnt/poseidon-data/poseidon/workflows/casa-wind-workflow-full/submit/poseidon/pegasus/casa-wind-full/run0223/00/01/mvt_ID0000029.meta --insert /mnt/poseidon-data/poseidon/workflows/casa-wind-workflow-full/submit/poseidon/pegasus/casa-wind-full/run0223/00/02/register_condorpool_2_0.in",2.6,0,0,,,,,,,,,
register_condorpool_2_5,None,auxiliary,0,1694386713.0,,,1694386723.0,,,0.0,1694386723.0,1694386728.0,,,0.0,1694386728.0,1694386733.0,10.0,,0.0,5.0,5.0,,,,,poseidon,local,poseidon-submit,pegasus::rc-client,/mnt/poseidon-data/poseidon/pegasus-5.1.0panorama/bin/pegasus-rc-client,"-n pegasus::rc-client -N null -R local  -L casa-wind-full -T 2023-09-08T07:29:05+00:00 /home/poseidon/pegasus-5.1.0panorama/bin/pegasus-rc-client --prefix pegasus.catalog.replica.output --conf /mnt/poseidon-data/poseidon/workflows/casa-wind-workflow-full/submit/poseidon/pegasus/casa-wind-full/run0223/pegasus.12929073949727440980.properties -v --meta /mnt/poseidon-data/poseidon/workflows/casa-wind-workflow-full/submit/poseidon/pegasus/casa-wind-full/run0223/00/01/mvt_ID0000004.meta,/mnt/poseidon-data/poseidon/workflows/casa-wind-workflow-full/submit/poseidon/pegasus/casa-wind-full/run0223/00/01/mvt_ID0000119.meta,/mnt/poseidon-data/poseidon/workflows/casa-wind-workflow-full/submit/poseidon/pegasus/casa-wind-full/run0223/00/02/post_vel_ID0000053.meta,/mnt/poseidon-data/poseidon/workflows/casa-wind-workflow-full/submit/poseidon/pegasus/casa-wind-full/run0223/00/02/mvt_ID0000114.meta,/mnt/poseidon-data/poseidon/workflows/casa-wind-workflow-full/submit/poseidon/pegasus/casa-wind-full/run0223/00/01/mvt_ID0000034.meta,/mnt/poseidon-data/poseidon/workflows/casa-wind-workflow-full/submit/poseidon/pegasus/casa-wind-full/run0223/00/01/mvt_ID0000014.meta,/mnt/poseidon-data/poseidon/workflows/casa-wind-workflow-full/submit/poseidon/pegasus/casa-wind-full/run0223/00/02/mvt_ID0000109.meta,/mnt/poseidon-data/poseidon/workflows/casa-wind-workflow-full/submit/poseidon/pegasus/casa-wind-full/run0223/00/01/mvt_ID0000064.meta --insert /mnt/poseidon-data/poseidon/workflows/casa-wind-workflow-full/submit/poseidon/pegasus/casa-wind-full/run0223/00/02/register_condorpool_2_5.in",2.7,0,0,,,,,,,,,
stage_out_local_condorpool_3_1,None,transfer,0,1694386723.0,,,1694386728.0,,,0.0,1694386728.0,1694386733.0,,,0.0,1694386733.0,1694386738.0,5.0,,0.0,5.0,5.0,,,,,poseidon,local,poseidon-submit,pegasus::transfer,/mnt/poseidon-data/poseidon/pegasus-5.1.0panorama/bin/pegasus-transfer,/home/poseidon/pegasus-5.1.0panorama/bin/../bin/pegasus-kickstart  -n pegasus::transfer -N null -i - -R local  -L casa-wind-full -T 2023-09-08T07:29:05+00:00 /home/poseidon/pegasus-5.1.0panorama/bin/../bin/pegasus-transfer  --threads 2,0.9,0,0,,,,,,,,,
stage_out_local_condorpool_3_0,None,transfer,0,1694386738.0,,,1694386743.0,,,0.0,1694386744.0,1694386748.0,,,0.0,1694386748.0,1694386754.0,5.0,,1.0,4.0,6.0,,,,,poseidon,local,poseidon-submit,pegasus::transfer,/mnt/poseidon-data/poseidon/pegasus-5.1.0panorama/bin/pegasus-transfer,/home/poseidon/pegasus-5.1.0panorama/bin/../bin/pegasus-kickstart  -n pegasus::transfer -N null -i - -R local  -L casa-wind-full -T 2023-09-08T07:29:05+00:00 /home/poseidon/pegasus-5.1.0panorama/bin/../bin/pegasus-transfer  --threads 2,0.9,0,0,,,,,,,,,
stage_out_local_condorpool_3_2,None,transfer,0,1694386738.0,,,1694386743.0,,,0.0,1694386744.0,1694386748.0,,,0.0,1694386748.0,1694386754.0,5.0,,1.0,4.0,6.0,,,,,poseidon,local,poseidon-submit,pegasus::transfer,/mnt/poseidon-data/poseidon/pegasus-5.1.0panorama/bin/pegasus-transfer,/home/poseidon/pegasus-5.1.0panorama/bin/../bin/pegasus-kickstart  -n pegasus::transfer -N null -i - -R local  -L casa-wind-full -T 2023-09-08T07:29:05+00:00 /home/poseidon/pegasus-5.1.0panorama/bin/../bin/pegasus-transfer  --threads 2,0.8,0,0,,,,,,,,,
register_condorpool_3_1,None,auxiliary,0,1694386738.0,,,1694386743.0,,,0.0,1694386744.0,1694386748.0,,,0.0,1694386748.0,1694386754.0,5.0,,1.0,4.0,6.0,,,,,poseidon,local,poseidon-submit,pegasus::rc-client,/mnt/poseidon-data/poseidon/pegasus-5.1.0panorama/bin/pegasus-rc-client,"-n pegasus::rc-client -N null -R local  -L casa-wind-full -T 2023-09-08T07:29:05+00:00 /home/poseidon/pegasus-5.1.0panorama/bin/pegasus-rc-client --prefix pegasus.catalog.replica.output --conf /mnt/poseidon-data/poseidon/workflows/casa-wind-workflow-full/submit/poseidon/pegasus/casa-wind-full/run0223/pegasus.12929073949727440980.properties -v --meta /mnt/poseidon-data/poseidon/workflows/casa-wind-workflow-full/submit/poseidon/pegasus/casa-wind-full/run0223/00/02/point_alert_ID0000010.meta,/mnt/poseidon-data/poseidon/workflows/casa-wind-workflow-full/submit/poseidon/pegasus/casa-wind-full/run0223/00/02/point_alert_ID0000090.meta,/mnt/poseidon-data/poseidon/workflows/casa-wind-workflow-full/submit/poseidon/pegasus/casa-wind-full/run0223/00/02/point_alert_ID0000085.meta,/mnt/poseidon-data/poseidon/workflows/casa-wind-workflow-full/submit/poseidon/pegasus/casa-wind-full/run0223/00/02/point_alert_ID0000075.meta,/mnt/poseidon-data/poseidon/workflows/casa-wind-workflow-full/submit/poseidon/pegasus/casa-wind-full/run0223/00/02/point_alert_ID0000100.meta,/mnt/poseidon-data/poseidon/workflows/casa-wind-workflow-full/submit/poseidon/pegasus/casa-wind-full/run0223/00/03/point_alert_ID0000040.meta,/mnt/poseidon-data/poseidon/workflows/casa-wind-workflow-full/submit/poseidon/pegasus/casa-wind-full/run0223/00/02/point_alert_ID0000020.meta,/mnt/poseidon-data/poseidon/workflows/casa-wind-workflow-full/submit/poseidon/pegasus/casa-wind-full/run0223/00/03/point_alert_ID0000050.meta,/mnt/poseidon-data/poseidon/workflows/casa-wind-workflow-full/submit/poseidon/pegasus/casa-wind-full/run0223/00/03/point_alert_ID0000105.meta --insert /mnt/poseidon-data/poseidon/workflows/casa-wind-workflow-full/submit/poseidon/pegasus/casa-wind-full/run0223/00/03/register_condorpool_3_1.in",2.6,0,0,,,,,,,,,
cleanup_casa-wind-full_0_condorpool,None,auxiliary,0,1694386754.0,,,1694386759.0,,,0.0,1694386759.0,1694386764.0,,,0.0,1694386764.0,1694386769.0,5.0,,0.0,5.0,5.0,,,,,poseidon,local,poseidon-submit,pegasus::cleanup,/mnt/poseidon-data/poseidon/pegasus-5.1.0panorama/bin/pegasus-transfer,pegasus-kickstart  -n pegasus::cleanup -N null -i - -R local  -L casa-wind-full -T 2023-09-08T07:29:05+00:00 pegasus-transfer,0.2,0,0,,,,,,,,,
register_condorpool_3_0,None,auxiliary,0,1694386754.0,,,1694386774.0,,,0.0,1694386775.0,1694386779.0,,,0.0,1694386779.0,1694386784.0,20.0,,1.0,4.0,5.0,,,,,poseidon,local,poseidon-submit,pegasus::rc-client,/mnt/poseidon-data/poseidon/pegasus-5.1.0panorama/bin/pegasus-rc-client,"-n pegasus::rc-client -N null -R local  -L casa-wind-full -T 2023-09-08T07:29:05+00:00 /home/poseidon/pegasus-5.1.0panorama/bin/pegasus-rc-client --prefix pegasus.catalog.replica.output --conf /mnt/poseidon-data/poseidon/workflows/casa-wind-workflow-full/submit/poseidon/pegasus/casa-wind-full/run0223/pegasus.12929073949727440980.properties -v --meta /mnt/poseidon-data/poseidon/workflows/casa-wind-workflow-full/submit/poseidon/pegasus/casa-wind-full/run0223/00/02/point_alert_ID0000125.meta,/mnt/poseidon-data/poseidon/workflows/casa-wind-workflow-full/submit/poseidon/pegasus/casa-wind-full/run0223/00/02/point_alert_ID0000095.meta,/mnt/poseidon-data/poseidon/workflows/casa-wind-workflow-full/submit/poseidon/pegasus/casa-wind-full/run0223/00/03/point_alert_ID0000060.meta,/mnt/poseidon-data/poseidon/workflows/casa-wind-workflow-full/submit/poseidon/pegasus/casa-wind-full/run0223/00/02/point_alert_ID0000030.meta,/mnt/poseidon-data/poseidon/workflows/casa-wind-workflow-full/submit/poseidon/pegasus/casa-wind-full/run0223/00/02/point_alert_ID0000025.meta,/mnt/poseidon-data/poseidon/workflows/casa-wind-workflow-full/submit/poseidon/pegasus/casa-wind-full/run0223/00/03/point_alert_ID0000045.meta,/mnt/poseidon-data/poseidon/workflows/casa-wind-workflow-full/submit/poseidon/pegasus/casa-wind-full/run0223/00/02/point_alert_ID0000130.meta,/mnt/poseidon-data/poseidon/workflows/casa-wind-workflow-full/submit/poseidon/pegasus/casa-wind-full/run0223/00/02/point_alert_ID0000070.meta,/mnt/poseidon-data/poseidon/workflows/casa-wind-workflow-full/submit/poseidon/pegasus/casa-wind-full/run0223/00/02/point_alert_ID0000080.meta --insert /mnt/poseidon-data/poseidon/workflows/casa-wind-workflow-full/submit/poseidon/pegasus/casa-wind-full/run0223/00/03/register_condorpool_3_0.in",2.7,0,0,,,,,,,,,
register_condorpool_3_2,None,auxiliary,0,1694386754.0,,,1694386764.0,,,0.0,1694386764.0,1694386769.0,,,0.0,1694386769.0,1694386774.0,10.0,,0.0,5.0,5.0,,,,,poseidon,local,poseidon-submit,pegasus::rc-client,/mnt/poseidon-data/poseidon/pegasus-5.1.0panorama/bin/pegasus-rc-client,"-n pegasus::rc-client -N null -R local  -L casa-wind-full -T 2023-09-08T07:29:05+00:00 /home/poseidon/pegasus-5.1.0panorama/bin/pegasus-rc-client --prefix pegasus.catalog.replica.output --conf /mnt/poseidon-data/poseidon/workflows/casa-wind-workflow-full/submit/poseidon/pegasus/casa-wind-full/run0223/pegasus.12929073949727440980.properties -v --meta /mnt/poseidon-data/poseidon/workflows/casa-wind-workflow-full/submit/poseidon/pegasus/casa-wind-full/run0223/00/03/point_alert_ID0000110.meta,/mnt/poseidon-data/poseidon/workflows/casa-wind-workflow-full/submit/poseidon/pegasus/casa-wind-full/run0223/00/03/point_alert_ID0000055.meta,/mnt/poseidon-data/poseidon/workflows/casa-wind-workflow-full/submit/poseidon/pegasus/casa-wind-full/run0223/00/02/point_alert_ID0000115.meta,/mnt/poseidon-data/poseidon/workflows/casa-wind-workflow-full/submit/poseidon/pegasus/casa-wind-full/run0223/00/02/point_alert_ID0000120.meta,/mnt/poseidon-data/poseidon/workflows/casa-wind-workflow-full/submit/poseidon/pegasus/casa-wind-full/run0223/00/02/point_alert_ID0000035.meta,/mnt/poseidon-data/poseidon/workflows/casa-wind-workflow-full/submit/poseidon/pegasus/casa-wind-full/run0223/00/02/point_alert_ID0000015.meta,/mnt/poseidon-data/poseidon/workflows/casa-wind-workflow-full/submit/poseidon/pegasus/casa-wind-full/run0223/00/02/point_alert_ID0000065.meta,/mnt/poseidon-data/poseidon/workflows/casa-wind-workflow-full/submit/poseidon/pegasus/casa-wind-full/run0223/00/02/point_alert_ID0000005.meta --insert /mnt/poseidon-data/poseidon/workflows/casa-wind-workflow-full/submit/poseidon/pegasus/casa-wind-full/run0223/00/03/register_condorpool_3_2.in",2.6,0,0,,,,,,,,,
