,anomaly_type,type,is_clustered,ready,pre_script_start,pre_script_end,submit,stage_in_start,stage_in_end,stage_in_effective_bytes_per_sec,execute_start,execute_end,stage_out_start,stage_out_end,stage_out_effective_bytes_per_sec,post_script_start,post_script_end,wms_delay,pre_script_delay,queue_delay,runtime,post_script_delay,stage_in_delay,stage_in_bytes,stage_out_delay,stage_out_bytes,kickstart_user,kickstart_site,kickstart_hostname,kickstart_transformations,kickstart_executables,kickstart_executables_argv,kickstart_executables_cpu_time,kickstart_status,kickstart_executables_exitcode,kickstart_online_iowait,kickstart_online_bytes_read,kickstart_online_bytes_written,kickstart_online_read_system_calls,kickstart_online_write_system_calls,kickstart_online_utime,kickstart_online_stime,kickstart_online_bytes_read_per_second,kickstart_online_bytes_written_per_second
create_dir_casa-wind-full_0_condorpool,None,auxiliary,0,1694504272.0,,,1694504273.0,,,0.0,1694504276.0,1694504283.0,,,0.0,1694504283.0,1694504288.0,1.0,,3.0,7.0,5.0,,,,,poseidon,local,poseidon-submit,pegasus::dirmanager,/mnt/poseidon-data/poseidon/pegasus-5.1.0panorama/bin/pegasus-transfer,pegasus-kickstart  -n pegasus::dirmanager -N null -i - -R local  -L casa-wind-full -T 2023-09-08T07:29:05+00:00 pegasus-transfer,0.2,0,0,,,,,,,,,
unzip_ID0000006,None,compute,0,1694504288.0,,,1694504293.0,1694504318.0,1694504327.0,26205940.0,1694504317.0,1694504363.0,1694504340.0,1694504353.0,39235559.0,1694504363.0,1694504369.0,5.0,,24.0,46.0,6.0,9.0,222753803.0,13.0,501616588.0,poseidon,condorpool,poseidon-worker-2-container-40-43,unzip,/usr/bin/gunzip,,3.9,0,0,,,,,,,,,
unzip_ID0000106,None,compute,0,1694504288.0,,,1694504293.0,1694504319.0,1694504328.0,26198876.0,1694504317.0,1694504363.0,1694504342.0,1694504352.0,47389157.0,1694504363.0,1694504369.0,5.0,,24.0,46.0,6.0,9.0,241199298.0,10.0,501821816.0,poseidon,condorpool,poseidon-worker-1-container-28-31,unzip,/usr/bin/gunzip,,4.1,0,0,,,,,,,,,
unzip_ID0000046,None,compute,0,1694504288.0,,,1694504293.0,1694504315.0,1694504324.0,25529044.0,1694504313.0,1694504363.0,1694504336.0,1694504353.0,31353902.0,1694504363.0,1694504369.0,5.0,,20.0,50.0,6.0,9.0,229692821.0,17.0,523855228.0,poseidon,condorpool,poseidon-worker-2-container-0-3,unzip,/usr/bin/gunzip,,4.0,0,0,,,,,,,,,
unzip_ID0000101,None,compute,0,1694504288.0,,,1694504293.0,1694504315.0,1694504323.0,28983452.0,1694504313.0,1694504369.0,1694504336.0,1694504361.0,22771419.0,1694504369.0,1694504374.0,5.0,,20.0,56.0,5.0,8.0,250988249.0,25.0,561551644.0,poseidon,condorpool,poseidon-worker-2-container-4-7,unzip,/usr/bin/gunzip,,4.4,0,0,,,,,,,,,
unzip_ID0000026,cpu_3,compute,0,1694504288.0,,,1694504293.0,1694504315.0,1694504323.0,28752107.0,1694504313.0,1694504358.0,1694504336.0,1694504349.0,40798945.0,1694504358.0,1694504363.0,5.0,,20.0,45.0,5.0,8.0,227963832.0,13.0,523917888.0,poseidon,condorpool,poseidon-worker-2-container-16-19,unzip,/usr/bin/gunzip,,4.0,0,0,,,,,,,,,
unzip_ID0000126,None,compute,0,1694504288.0,,,1694504293.0,1694504315.0,1694504324.0,27720718.0,1694504313.0,1694504358.0,1694504338.0,1694504350.0,44485831.0,1694504358.0,1694504363.0,5.0,,20.0,45.0,5.0,9.0,249343892.0,12.0,520618424.0,poseidon,condorpool,poseidon-worker-2-container-8-11,unzip,/usr/bin/gunzip,,5.3,0,0,,,,,,,,,
unzip_ID0000031,None,compute,0,1694504288.0,,,1694504293.0,1694504315.0,1694504324.0,25926720.0,1694504313.0,1694504358.0,1694504337.0,1694504348.0,50156713.0,1694504358.0,1694504363.0,5.0,,20.0,45.0,5.0,9.0,237517035.0,11.0,539438752.0,poseidon,condorpool,poseidon-worker-2-container-24-27,unzip,/usr/bin/gunzip,,4.2,0,0,,,,,,,,,
unzip_ID0000011,None,compute,0,1694504288.0,,,1694504293.0,1694504315.0,1694504323.0,29349824.0,1694504313.0,1694504358.0,1694504336.0,1694504351.0,36204394.0,1694504358.0,1694504363.0,5.0,,20.0,45.0,5.0,8.0,235998389.0,15.0,565205920.0,poseidon,condorpool,poseidon-worker-1-container-16-19,unzip,/usr/bin/gunzip,,4.2,0,0,,,,,,,,,
unzip_ID0000056,None,compute,0,1694504288.0,,,1694504293.0,1694504315.0,1694504322.0,34960638.0,1694504313.0,1694504353.0,1694504334.0,1694504347.0,42015380.0,1694504353.0,1694504358.0,5.0,,20.0,40.0,5.0,7.0,232139969.0,13.0,528026776.0,poseidon,condorpool,poseidon-worker-2-container-32-35,unzip,/usr/bin/gunzip,,4.0,0,0,,,,,,,,,
unzip_ID0000111,None,compute,0,1694504288.0,,,1694504293.0,1694504315.0,1694504323.0,29023240.0,1694504313.0,1694504363.0,1694504337.0,1694504355.0,32785073.0,1694504363.0,1694504369.0,5.0,,20.0,50.0,6.0,8.0,256320311.0,18.0,567950764.0,poseidon,condorpool,poseidon-worker-1-container-4-7,unzip,/usr/bin/gunzip,,4.5,0,0,,,,,,,,,
unzip_ID0000071,cpu_3,compute,0,1694504288.0,,,1694504293.0,1694504315.0,1694504324.0,26806730.0,1694504313.0,1694504353.0,1694504337.0,1694504347.0,51725285.0,1694504353.0,1694504358.0,5.0,,20.0,40.0,5.0,9.0,240896692.0,10.0,539506600.0,poseidon,condorpool,poseidon-worker-1-container-0-3,unzip,/usr/bin/gunzip,,4.2,0,0,,,,,,,,,
unzip_ID0000051,None,compute,0,1694504288.0,,,1694504293.0,1694504315.0,1694504323.0,28279615.0,1694504313.0,1694504369.0,1694504336.0,1694504361.0,21751007.0,1694504369.0,1694504374.0,5.0,,20.0,56.0,5.0,8.0,239630266.0,25.0,544301296.0,poseidon,condorpool,poseidon-worker-2-container-36-39,unzip,/usr/bin/gunzip,,4.2,0,0,,,,,,,,,
unzip_ID0000076,None,compute,0,1694504288.0,,,1694504293.0,1694504314.0,1694504322.0,29111595.0,1694504313.0,1694504353.0,1694504334.0,1694504344.0,55299474.0,1694504353.0,1694504358.0,5.0,,20.0,40.0,5.0,8.0,233747923.0,10.0,523942844.0,poseidon,condorpool,poseidon-worker-2-container-12-15,unzip,/usr/bin/gunzip,,4.0,0,0,,,,,,,,,
unzip_ID0000091,cpu_3,compute,0,1694504288.0,,,1694504293.0,1694504315.0,1694504323.0,28428642.0,1694504313.0,1694504358.0,1694504336.0,1694504348.0,42349308.0,1694504358.0,1694504363.0,5.0,,20.0,45.0,5.0,8.0,246447087.0,12.0,539109992.0,poseidon,condorpool,poseidon-worker-2-container-20-23,unzip,/usr/bin/gunzip,,4.2,0,0,,,,,,,,,
unzip_ID0000096,None,compute,0,1694504288.0,,,1694504293.0,1694504315.0,1694504323.0,33463296.0,1694504314.0,1694504358.0,1694504336.0,1694504352.0,32132180.0,1694504358.0,1694504363.0,5.0,,21.0,44.0,5.0,8.0,240753402.0,16.0,524013876.0,poseidon,condorpool,poseidon-worker-1-container-36-39,unzip,/usr/bin/gunzip,,4.1,0,0,,,,,,,,,
unzip_ID0000041,None,compute,0,1694504288.0,,,1694504293.0,1694504315.0,1694504325.0,23812617.0,1694504313.0,1694504353.0,1694504337.0,1694504348.0,52074978.0,1694504353.0,1694504358.0,5.0,,20.0,40.0,5.0,10.0,238944758.0,11.0,540768928.0,poseidon,condorpool,poseidon-worker-1-container-40-43,unzip,/usr/bin/gunzip,,3.9,0,0,,,,,,,,,
unzip_ID0000061,cpu_3,compute,0,1694504288.0,,,1694504293.0,1694504315.0,1694504325.0,25809175.0,1694504313.0,1694504369.0,1694504337.0,1694504361.0,22818309.0,1694504369.0,1694504374.0,5.0,,20.0,56.0,5.0,10.0,240463185.0,24.0,541945820.0,poseidon,condorpool,poseidon-worker-2-container-44-47,unzip,/usr/bin/gunzip,,4.2,0,0,,,,,,,,,
unzip_ID0000001,cpu_3,compute,0,1694504288.0,,,1694504293.0,1694504315.0,1694504322.0,33323186.0,1694504313.0,1694504353.0,1694504334.0,1694504346.0,49232292.0,1694504353.0,1694504358.0,5.0,,20.0,40.0,5.0,7.0,232473216.0,12.0,561354992.0,poseidon,condorpool,poseidon-worker-1-container-44-47,unzip,/usr/bin/gunzip,,4.1,0,0,,,,,,,,,
unzip_ID0000121,cpu_3,compute,0,1694504288.0,,,1694504293.0,1694504315.0,1694504323.0,29862343.0,1694504313.0,1694504353.0,1694504336.0,1694504346.0,53826091.0,1694504353.0,1694504358.0,5.0,,20.0,40.0,5.0,8.0,250860096.0,10.0,550782944.0,poseidon,condorpool,poseidon-worker-2-container-28-31,unzip,/usr/bin/gunzip,,4.3,0,0,,,,,,,,,
unzip_ID0000066,None,compute,0,1694504288.0,,,1694504293.0,1694504314.0,1694504323.0,27893513.0,1694504313.0,1694504358.0,1694504336.0,1694504350.0,36965993.0,1694504358.0,1694504363.0,5.0,,20.0,45.0,5.0,9.0,232031705.0,14.0,523661496.0,poseidon,condorpool,poseidon-worker-1-container-20-23,unzip,/usr/bin/gunzip,,4.0,0,0,,,,,,,,,
unzip_ID0000081,None,compute,0,1694504288.0,,,1694504293.0,1694504315.0,1694504322.0,33460230.0,1694504313.0,1694504353.0,1694504335.0,1694504345.0,54891966.0,1694504353.0,1694504358.0,5.0,,20.0,40.0,5.0,7.0,245619741.0,10.0,543190672.0,poseidon,condorpool,poseidon-worker-1-container-28-31,unzip,/usr/bin/gunzip,,4.2,0,0,,,,,,,,,
unzip_ID0000086,cpu_3,compute,0,1694504288.0,,,1694504293.0,1694504315.0,1694504321.0,35956202.0,1694504313.0,1694504353.0,1694504334.0,1694504344.0,51818525.0,1694504353.0,1694504358.0,5.0,,20.0,40.0,5.0,6.0,234836668.0,10.0,518838800.0,poseidon,condorpool,poseidon-worker-1-container-12-15,unzip,/usr/bin/gunzip,,4.0,0,0,,,,,,,,,
unzip_ID0000016,cpu_3,compute,0,1694504288.0,,,1694504293.0,1694504315.0,1694504322.0,32047920.0,1694504313.0,1694504353.0,1694504334.0,1694504345.0,47560037.0,1694504353.0,1694504358.0,5.0,,20.0,40.0,5.0,7.0,225238888.0,11.0,523826084.0,poseidon,condorpool,poseidon-worker-1-container-24-27,unzip,/usr/bin/gunzip,,4.0,0,0,,,,,,,,,
unzip_ID0000036,cpu_3,compute,0,1694504288.0,,,1694504293.0,1694504315.0,1694504323.0,29486157.0,1694504313.0,1694504358.0,1694504336.0,1694504349.0,37937699.0,1694504358.0,1694504363.0,5.0,,20.0,45.0,5.0,8.0,232020704.0,13.0,526952240.0,poseidon,condorpool,poseidon-worker-1-container-8-11,unzip,/usr/bin/gunzip,,4.0,0,0,,,,,,,,,
unzip_ID0000116,None,compute,0,1694504288.0,,,1694504293.0,1694504315.0,1694504323.0,30991316.0,1694504313.0,1694504358.0,1694504336.0,1694504348.0,40992415.0,1694504358.0,1694504363.0,5.0,,20.0,45.0,5.0,8.0,249255741.0,12.0,520850676.0,poseidon,condorpool,poseidon-worker-2-container-40-43,unzip,/usr/bin/gunzip,,4.2,0,0,,,,,,,,,
unzip_ID0000021,cpu_3,compute,0,1694504288.0,,,1694504293.0,1694504315.0,1694504325.0,24106718.0,1694504313.0,1694504358.0,1694504338.0,1694504349.0,48654068.0,1694504358.0,1694504363.0,5.0,,20.0,45.0,5.0,10.0,235136662.0,11.0,539178100.0,poseidon,condorpool,poseidon-worker-1-container-32-35,unzip,/usr/bin/gunzip,,4.1,0,0,,,,,,,,,
um_vel_ID0000057,None,compute,0,1694504358.0,,,1694504363.0,1694504366.0,1694504387.0,47641363.0,1694504364.0,1694504409.0,1694504397.0,1694504400.0,176195.0,1694504409.0,1694504414.0,5.0,,1.0,45.0,5.0,21.0,704613528.0,3.0,556900.0,poseidon,condorpool,poseidon-worker-2-container-40-43,um_vel,/opt/UM_VEL/UM_VEL,,1.7,0,0,,,,,,,,,
um_vel_ID0000017,None,compute,0,1694504358.0,,,1694504363.0,1694504366.0,1694504387.0,47363760.0,1694504364.0,1694504409.0,1694504397.0,1694504400.0,175388.0,1694504409.0,1694504414.0,5.0,,1.0,45.0,5.0,21.0,700412836.0,3.0,556900.0,poseidon,condorpool,poseidon-worker-2-container-0-3,um_vel,/opt/UM_VEL/UM_VEL,,1.8,0,0,,,,,,,,,
um_vel_ID0000087,None,compute,0,1694504358.0,,,1694504363.0,1694504366.0,1694504385.0,52113420.2,1694504364.0,1694504404.0,1694504394.0,1694504398.0,171499.0,1694504404.0,1694504409.0,5.0,,1.0,40.0,5.0,19.0,695425552.0,4.0,556900.0,poseidon,condorpool,poseidon-worker-1-container-4-7,um_vel,/opt/UM_VEL/UM_VEL,,1.7,0,0,,,,,,,,,
um_vel_ID0000077,cpu_3,compute,0,1694504358.0,,,1694504363.0,1694504366.0,1694504387.0,48905529.7,1694504365.0,1694504409.0,1694504396.0,1694504399.0,177962.0,1694504409.0,1694504414.0,5.0,,2.0,44.0,5.0,21.0,700529596.0,3.0,556900.0,poseidon,condorpool,poseidon-worker-1-container-8-11,um_vel,/opt/UM_VEL/UM_VEL,,1.7,0,0,,,,,,,,,
um_vel_ID0000002,cpu_3,compute,0,1694504358.0,,,1694504363.0,1694504366.0,1694504388.0,45226280.7,1694504365.0,1694504409.0,1694504397.0,1694504400.0,177566.0,1694504409.0,1694504414.0,5.0,,2.0,44.0,5.0,22.0,737941744.0,3.0,556900.0,poseidon,condorpool,poseidon-worker-1-container-44-47,um_vel,/opt/UM_VEL/UM_VEL,,1.8,0,0,,,,,,,,,
um_vel_ID0000042,cpu_3,compute,0,1694504358.0,,,1694504363.0,1694504366.0,1694504387.0,46776190.4,1694504364.0,1694504409.0,1694504397.0,1694504400.0,175401.0,1694504409.0,1694504414.0,5.0,,1.0,45.0,5.0,21.0,717355680.0,3.0,556900.0,poseidon,condorpool,poseidon-worker-2-container-20-23,um_vel,/opt/UM_VEL/UM_VEL,,1.7,0,0,,,,,,,,,
um_vel_ID0000082,None,compute,0,1694504358.0,,,1694504363.0,1694504366.0,1694504387.0,47790291.3,1694504364.0,1694504409.0,1694504397.0,1694504400.0,175560.0,1694504409.0,1694504414.0,5.0,,1.0,45.0,5.0,21.0,719777424.0,3.0,556900.0,poseidon,condorpool,poseidon-worker-2-container-8-11,um_vel,/opt/UM_VEL/UM_VEL,,1.7,0,0,,,,,,,,,
um_vel_ID0000122,None,compute,0,1694504358.0,,,1694504363.0,1694504366.0,1694504385.0,54268099.2,1694504364.0,1694504404.0,1694504394.0,1694504398.0,174866.0,1694504404.0,1694504409.0,5.0,,1.0,40.0,5.0,19.0,727369696.0,4.0,556900.0,poseidon,condorpool,poseidon-worker-1-container-36-39,um_vel,/opt/UM_VEL/UM_VEL,,1.8,0,0,,,,,,,,,
um_vel_ID0000072,cpu_3,compute,0,1694504358.0,,,1694504363.0,1694504366.0,1694504387.0,48904512.7,1694504364.0,1694504409.0,1694504396.0,1694504400.0,177424.0,1694504409.0,1694504414.0,5.0,,1.0,45.0,5.0,21.0,716093352.0,4.0,556900.0,poseidon,condorpool,poseidon-worker-2-container-28-31,um_vel,/opt/UM_VEL/UM_VEL,,1.7,0,0,,,,,,,,,
um_vel_ID0000127,None,compute,0,1694504363.0,,,1694504369.0,1694504372.0,1694504391.0,50019429.5,1694504370.0,1694504409.0,1694504400.0,1694504403.0,178941.0,1694504409.0,1694504414.0,6.0,,1.0,39.0,5.0,19.0,697205176.0,3.0,556900.0,poseidon,condorpool,poseidon-worker-1-container-20-23,um_vel,/opt/UM_VEL/UM_VEL,,1.7,0,0,,,,,,,,,
um_vel_ID0000027,None,compute,0,1694504363.0,,,1694504369.0,1694504372.0,1694504393.0,44108360.1,1694504370.0,1694504414.0,1694504403.0,1694504406.0,172802.0,1694504414.0,1694504419.0,6.0,,1.0,44.0,5.0,21.0,700504640.0,3.0,556900.0,poseidon,condorpool,poseidon-worker-2-container-4-7,um_vel,/opt/UM_VEL/UM_VEL,,1.7,0,0,,,,,,,,,
um_vel_ID0000012,cpu_3,compute,0,1694504363.0,,,1694504369.0,1694504372.0,1694504394.0,46327195.7,1694504370.0,1694504414.0,1694504402.0,1694504405.0,177004.0,1694504414.0,1694504419.0,6.0,,1.0,44.0,5.0,22.0,741792672.0,3.0,556900.0,poseidon,condorpool,poseidon-worker-1-container-32-35,um_vel,/opt/UM_VEL/UM_VEL,,1.8,0,0,,,,,,,,,
um_vel_ID0000032,None,compute,0,1694504363.0,,,1694504369.0,1694504372.0,1694504392.0,49579385.3,1694504370.0,1694504409.0,1694504400.0,1694504403.0,177935.0,1694504409.0,1694504414.0,6.0,,1.0,39.0,5.0,20.0,716025504.0,3.0,556900.0,poseidon,condorpool,poseidon-worker-1-container-16-19,um_vel,/opt/UM_VEL/UM_VEL,,1.7,0,0,,,,,,,,,
um_vel_ID0000092,None,compute,0,1694504363.0,,,1694504369.0,1694504372.0,1694504393.0,45658984.9,1694504370.0,1694504414.0,1694504402.0,1694504405.0,172101.0,1694504414.0,1694504419.0,6.0,,1.0,44.0,5.0,21.0,715696744.0,3.0,556900.0,poseidon,condorpool,poseidon-worker-2-container-24-27,um_vel,/opt/UM_VEL/UM_VEL,,1.7,0,0,,,,,,,,,
um_vel_ID0000117,None,compute,0,1694504363.0,,,1694504369.0,1694504372.0,1694504392.0,49783945.5,1694504370.0,1694504409.0,1694504400.0,1694504403.0,173047.0,1694504409.0,1694504414.0,6.0,,1.0,39.0,5.0,20.0,697437428.0,3.0,556900.0,poseidon,condorpool,poseidon-worker-1-container-28-31,um_vel,/opt/UM_VEL/UM_VEL,,1.8,0,0,,,,,,,,,
um_vel_ID0000037,cpu_3,compute,0,1694504363.0,,,1694504369.0,1694504372.0,1694504391.0,52223938.2,1694504370.0,1694504409.0,1694504399.0,1694504403.0,170520.0,1694504409.0,1694504414.0,6.0,,1.0,39.0,5.0,19.0,703538992.0,4.0,556900.0,poseidon,condorpool,poseidon-worker-2-container-44-47,um_vel,/opt/UM_VEL/UM_VEL,,1.6,0,0,,,,,,,,,
um_vel_ID0000022,cpu_3,compute,0,1694504363.0,,,1694504369.0,1694504372.0,1694504390.0,56411509.4,1694504370.0,1694504409.0,1694504399.0,1694504402.0,180548.0,1694504409.0,1694504414.0,6.0,,1.0,39.0,5.0,18.0,715764852.0,3.0,556900.0,poseidon,condorpool,poseidon-worker-1-container-12-15,um_vel,/opt/UM_VEL/UM_VEL,,1.7,0,0,,,,,,,,,
um_vel_ID0000097,cpu_3,compute,0,1694504363.0,,,1694504369.0,1694504372.0,1694504393.0,45065833.0,1694504370.0,1694504414.0,1694504402.0,1694504405.0,168536.0,1694504414.0,1694504419.0,6.0,,1.0,44.0,5.0,21.0,700600628.0,3.0,556900.0,poseidon,condorpool,poseidon-worker-1-container-24-27,um_vel,/opt/UM_VEL/UM_VEL,,1.7,0,0,,,,,,,,,
um_vel_ID0000067,None,compute,0,1694504363.0,,,1694504369.0,1694504371.0,1694504392.0,48225795.0,1694504370.0,1694504409.0,1694504400.0,1694504403.0,175940.0,1694504409.0,1694504414.0,6.0,,1.0,39.0,5.0,21.0,700248248.0,3.0,556900.0,poseidon,condorpool,poseidon-worker-2-container-36-39,um_vel,/opt/UM_VEL/UM_VEL,,1.7,0,0,,,,,,,,,
um_vel_ID0000107,None,compute,0,1694504369.0,,,1694504374.0,1694504377.0,1694504397.0,47767545.6,1694504375.0,1694504419.0,1694504407.0,1694504410.0,178867.0,1694504419.0,1694504424.0,5.0,,1.0,44.0,5.0,20.0,678408568.0,3.0,556900.0,poseidon,condorpool,poseidon-worker-2-container-32-35,um_vel,/opt/UM_VEL/UM_VEL,,1.6,0,0,,,,,,,,,
um_vel_ID0000112,None,compute,0,1694504369.0,,,1694504374.0,1694504377.0,1694504398.0,50958434.2,1694504376.0,1694504419.0,1694504408.0,1694504411.0,179842.0,1694504419.0,1694504424.0,5.0,,2.0,43.0,5.0,21.0,744537516.0,3.0,556900.0,poseidon,condorpool,poseidon-worker-2-container-40-43,um_vel,/opt/UM_VEL/UM_VEL,,1.8,0,0,,,,,,,,,
um_vel_ID0000007,cpu_3,compute,0,1694504369.0,,,1694504374.0,1694504377.0,1694504397.0,46928934.4,1694504375.0,1694504419.0,1694504406.0,1694504409.0,180418.0,1694504419.0,1694504424.0,5.0,,1.0,44.0,5.0,20.0,678203340.0,3.0,556900.0,poseidon,condorpool,poseidon-worker-1-container-0-3,um_vel,/opt/UM_VEL/UM_VEL,,1.7,0,0,,,,,,,,,
um_vel_ID0000047,cpu_3,compute,0,1694504369.0,,,1694504374.0,1694504377.0,1694504396.0,55915428.5,1694504375.0,1694504414.0,1694504405.0,1694504408.0,179093.0,1694504414.0,1694504419.0,5.0,,1.0,39.0,5.0,19.0,700441980.0,3.0,556900.0,poseidon,condorpool,poseidon-worker-2-container-16-19,um_vel,/opt/UM_VEL/UM_VEL,,1.7,0,0,,,,,,,,,
stage_out_local_condorpool_0_2,None,transfer,0,1694504374.0,,,1694504379.0,,,0.0,1694504380.0,1694504414.0,,,0.0,1694504414.0,1694504419.0,5.0,,1.0,34.0,5.0,,,,,poseidon,local,poseidon-submit,pegasus::transfer,/mnt/poseidon-data/poseidon/pegasus-5.1.0panorama/bin/pegasus-transfer,/home/poseidon/pegasus-5.1.0panorama/bin/../bin/pegasus-kickstart  -n pegasus::transfer -N null -i - -R local  -L casa-wind-full -T 2023-09-08T07:29:05+00:00 /home/poseidon/pegasus-5.1.0panorama/bin/../bin/pegasus-transfer  --threads 2,36.3,0,0,,,,,,,,,
stage_out_local_condorpool_0_1,None,transfer,0,1694504374.0,,,1694504379.0,,,0.0,1694504380.0,1694504414.0,,,0.0,1694504414.0,1694504419.0,5.0,,1.0,34.0,5.0,,,,,poseidon,local,poseidon-submit,pegasus::transfer,/mnt/poseidon-data/poseidon/pegasus-5.1.0panorama/bin/pegasus-transfer,/home/poseidon/pegasus-5.1.0panorama/bin/../bin/pegasus-kickstart  -n pegasus::transfer -N null -i - -R local  -L casa-wind-full -T 2023-09-08T07:29:05+00:00 /home/poseidon/pegasus-5.1.0panorama/bin/../bin/pegasus-transfer  --threads 2,35.6,0,0,,,,,,,,,
um_vel_ID0000052,None,compute,0,1694504374.0,,,1694504379.0,1694504382.0,1694504402.0,49778885.8,1694504380.0,1694504419.0,1694504410.0,1694504414.0,179314.0,1694504419.0,1694504424.0,5.0,,1.0,39.0,5.0,20.0,720888048.0,4.0,556900.0,poseidon,condorpool,poseidon-worker-1-container-28-31,um_vel,/opt/UM_VEL/UM_VEL,,1.8,0,0,,,,,,,,,
um_vel_ID0000102,None,compute,0,1694504374.0,,,1694504379.0,1694504387.0,1694504409.0,46596227.4,1694504385.0,1694504429.0,1694504418.0,1694504421.0,179501.0,1694504429.0,1694504434.0,5.0,,6.0,44.0,5.0,22.0,738138396.0,3.0,556900.0,poseidon,condorpool,poseidon-worker-2-container-40-43,um_vel,/opt/UM_VEL/UM_VEL,,1.7,0,0,,,,,,,,,
um_vel_ID0000062,None,compute,0,1694504374.0,,,1694504379.0,1694504387.0,1694504409.0,45029244.4,1694504385.0,1694504429.0,1694504418.0,1694504421.0,165987.0,1694504429.0,1694504434.0,5.0,,6.0,44.0,5.0,22.0,718532572.0,3.0,556900.0,poseidon,condorpool,poseidon-worker-1-container-28-31,um_vel,/opt/UM_VEL/UM_VEL,,1.7,0,0,,,,,,,,,
stage_out_local_condorpool_0_0,None,transfer,0,1694504374.0,,,1694504379.0,,,0.0,1694504380.0,1694504414.0,,,0.0,1694504414.0,1694504419.0,5.0,,1.0,34.0,5.0,,,,,poseidon,local,poseidon-submit,pegasus::transfer,/mnt/poseidon-data/poseidon/pegasus-5.1.0panorama/bin/pegasus-transfer,/home/poseidon/pegasus-5.1.0panorama/bin/../bin/pegasus-kickstart  -n pegasus::transfer -N null -i - -R local  -L casa-wind-full -T 2023-09-08T07:29:05+00:00 /home/poseidon/pegasus-5.1.0panorama/bin/../bin/pegasus-transfer  --threads 2,36.4,0,0,,,,,,,,,
mvt_ID0000124,None,compute,0,1694504409.0,,,1694504414.0,1694504416.0,1694504428.0,35113407.0,1694504415.0,1694504484.0,1694504474.0,1694504477.0,23190.0,1694504484.0,1694504489.0,5.0,,1.0,69.0,5.0,12.0,177143652.0,3.0,70564.0,poseidon,condorpool,poseidon-worker-1-container-4-7,mvt,/opt/mvt/mvt,,41.0,0,0,0.0,795595.0,40960.0,443.0,10.0,39.8,0.2,19889.9,2048.0
mvt_ID0000089,None,compute,0,1694504409.0,,,1694504414.0,1694504416.0,1694504428.0,34654394.0,1694504415.0,1694504484.0,1694504473.0,1694504476.0,15953.0,1694504484.0,1694504489.0,5.0,,1.0,69.0,5.0,12.0,177143652.0,3.0,48475.0,poseidon,condorpool,poseidon-worker-1-container-36-39,mvt,/opt/mvt/mvt,,40.1,0,0,0.0,795684.0,24576.0,443.0,6.0,39.9,0.1,19892.1,2457.6
post_vel_ID0000088,None,compute,0,1694504409.0,,,1694504414.0,1694504416.0,1694504427.0,34777672.0,1694504415.0,1694504444.0,1694504433.0,1694504436.0,4208.0,1694504444.0,1694504449.0,5.0,,1.0,29.0,5.0,11.0,177143937.0,3.0,12740.0,poseidon,condorpool,poseidon-worker-2-container-8-11,post_vel,/opt/netcdf2png/merged_netcdf2png,,0.1,0,0,,,,,,,,,
post_vel_ID0000123,cpu_3,compute,0,1694504409.0,,,1694504414.0,1694504417.0,1694504427.0,35149912.0,1694504415.0,1694504444.0,1694504433.0,1694504436.0,4716.0,1694504444.0,1694504449.0,5.0,,1.0,29.0,5.0,10.0,177143937.0,3.0,14777.0,poseidon,condorpool,poseidon-worker-2-container-28-31,post_vel,/opt/netcdf2png/merged_netcdf2png,,0.1,0,0,,,,,,,,,
mvt_ID0000039,cpu_3,compute,0,1694504414.0,,,1694504419.0,1694504423.0,1694504434.0,30332243.6,1694504421.0,1694504509.0,1694504497.0,1694504501.0,10747.0,1694504509.0,1694504514.0,5.0,,2.0,88.0,5.0,11.0,177143652.0,4.0,34386.0,poseidon,condorpool,poseidon-worker-2-container-44-47,mvt,/opt/mvt/mvt,,40.0,0,0,0.0,808910.0,16384.0,479.0,4.0,35.9,0.1,16178.2,819.2
post_vel_ID0000038,None,compute,0,1694504414.0,,,1694504419.0,1694504423.0,1694504434.0,33703851.2,1694504422.0,1694504449.0,1694504440.0,1694504443.0,3569.0,1694504449.0,1694504454.0,5.0,,3.0,27.0,5.0,11.0,177143937.0,3.0,11227.0,poseidon,condorpool,poseidon-worker-2-container-4-7,post_vel,/opt/netcdf2png/merged_netcdf2png,,0.1,0,0,,,,,,,,,
post_vel_ID0000118,None,compute,0,1694504414.0,,,1694504419.0,1694504423.0,1694504434.0,32636003.6,1694504421.0,1694504449.0,1694504439.0,1694504442.0,4592.0,1694504449.0,1694504454.0,5.0,,2.0,28.0,5.0,11.0,177143937.0,3.0,14402.0,poseidon,condorpool,poseidon-worker-1-container-20-23,post_vel,/opt/netcdf2png/merged_netcdf2png,,0.1,0,0,,,,,,,,,
mvt_ID0000034,None,compute,0,1694504414.0,,,1694504419.0,1694504438.0,1694504450.0,31195657.6,1694504436.0,1694504504.0,1694504495.0,1694504498.0,10169.0,1694504504.0,1694504509.0,5.0,,17.0,68.0,5.0,12.0,177143652.0,3.0,30976.0,poseidon,condorpool,poseidon-worker-2-container-40-43,mvt,/opt/mvt/mvt,,39.9,0,0,0.0,835934.0,16384.0,524.0,4.0,29.9,0.1,27864.5,819.2
post_vel_ID0000073,cpu_3,compute,0,1694504414.0,,,1694504419.0,1694504423.0,1694504434.0,29574782.4,1694504421.0,1694504449.0,1694504439.0,1694504442.0,3771.0,1694504449.0,1694504454.0,5.0,,2.0,28.0,5.0,11.0,177143937.0,3.0,11825.0,poseidon,condorpool,poseidon-worker-1-container-24-27,post_vel,/opt/netcdf2png/merged_netcdf2png,,0.1,0,0,,,,,,,,,
mvt_ID0000074,None,compute,0,1694504414.0,,,1694504419.0,1694504422.0,1694504433.0,32860637.8,1694504421.0,1694504489.0,1694504479.0,1694504482.0,12817.0,1694504489.0,1694504494.0,5.0,,2.0,68.0,5.0,11.0,177143652.0,3.0,38855.0,poseidon,condorpool,poseidon-worker-2-container-24-27,mvt,/opt/mvt/mvt,,39.9,0,0,0.0,801464.0,20480.0,449.0,5.0,29.9,0.1,26715.5,1024.0
post_vel_ID0000128,cpu_3,compute,0,1694504414.0,,,1694504419.0,1694504439.0,1694504452.0,24040880.0,1694504436.0,1694504469.0,1694504457.0,1694504460.0,4760.0,1694504469.0,1694504474.0,5.0,,17.0,33.0,5.0,13.0,177143937.0,3.0,14512.0,poseidon,condorpool,poseidon-worker-1-container-44-47,post_vel,/opt/netcdf2png/merged_netcdf2png,,0.1,0,0,,,,,,,,,
mvt_ID0000129,cpu_3,compute,0,1694504414.0,,,1694504419.0,1694504439.0,1694504458.0,14510735.6,1694504436.0,1694504534.0,1694504523.0,1694504526.0,20984.0,1694504534.0,1694504539.0,5.0,,17.0,98.0,5.0,19.0,177143652.0,3.0,64489.0,poseidon,condorpool,poseidon-worker-2-container-44-47,mvt,/opt/mvt/mvt,,39.5,0,0,0.0,829527.0,36864.0,524.0,9.0,33.0,0.1,16590.5,1843.2
post_vel_ID0000058,None,compute,0,1694504414.0,,,1694504419.0,1694504423.0,1694504434.0,34857889.8,1694504421.0,1694504449.0,1694504440.0,1694504443.0,3488.0,1694504449.0,1694504454.0,5.0,,2.0,28.0,5.0,11.0,177143937.0,3.0,10981.0,poseidon,condorpool,poseidon-worker-2-container-40-43,post_vel,/opt/netcdf2png/merged_netcdf2png,,0.1,0,0,,,,,,,,,
mvt_ID0000059,None,compute,0,1694504414.0,,,1694504419.0,1694504427.0,1694504440.0,28982712.0,1694504426.0,1694504494.0,1694504485.0,1694504488.0,9209.0,1694504494.0,1694504499.0,5.0,,7.0,68.0,5.0,13.0,177143652.0,3.0,28164.0,poseidon,condorpool,poseidon-worker-1-container-28-31,mvt,/opt/mvt/mvt,,39.4,0,0,0.0,856521.0,12288.0,569.0,3.0,29.9,0.1,28550.7,1228.8
post_vel_ID0000033,None,compute,0,1694504414.0,,,1694504419.0,1694504438.0,1694504450.0,28628218.4,1694504436.0,1694504464.0,1694504455.0,1694504459.0,3754.0,1694504464.0,1694504469.0,5.0,,17.0,28.0,5.0,12.0,177143937.0,4.0,11464.0,poseidon,condorpool,poseidon-worker-1-container-28-31,post_vel,/opt/netcdf2png/merged_netcdf2png,,0.1,0,0,,,,,,,,,
mvt_ID0000119,None,compute,0,1694504414.0,,,1694504419.0,1694504423.0,1694504442.0,13273654.0,1694504421.0,1694504494.0,1694504485.0,1694504488.0,21424.0,1694504494.0,1694504499.0,5.0,,2.0,73.0,5.0,19.0,177143652.0,3.0,65525.0,poseidon,condorpool,poseidon-worker-1-container-28-31,mvt,/opt/mvt/mvt,,37.5,0,0,0.0,863392.0,36864.0,584.0,9.0,29.9,0.1,28779.7,3686.4
post_vel_ID0000018,cpu_3,compute,0,1694504414.0,,,1694504419.0,1694504423.0,1694504434.0,34321886.8,1694504421.0,1694504449.0,1694504439.0,1694504442.0,3734.0,1694504449.0,1694504454.0,5.0,,2.0,28.0,5.0,11.0,177143937.0,3.0,11645.0,poseidon,condorpool,poseidon-worker-1-container-44-47,post_vel,/opt/netcdf2png/merged_netcdf2png,,0.1,0,0,,,,,,,,,
post_vel_ID0000068,None,compute,0,1694504414.0,,,1694504419.0,1694504429.0,1694504441.0,28392840.0,1694504427.0,1694504459.0,1694504447.0,1694504450.0,3555.0,1694504459.0,1694504464.0,5.0,,8.0,32.0,5.0,12.0,177143937.0,3.0,11398.0,poseidon,condorpool,poseidon-worker-1-container-28-31,post_vel,/opt/netcdf2png/merged_netcdf2png,,0.1,0,0,,,,,,,,,
mvt_ID0000024,cpu_3,compute,0,1694504414.0,,,1694504419.0,1694504423.0,1694504435.0,26905345.0,1694504421.0,1694504494.0,1694504481.0,1694504484.0,10133.0,1694504494.0,1694504499.0,5.0,,2.0,73.0,5.0,12.0,177143652.0,3.0,30705.0,poseidon,condorpool,poseidon-worker-1-container-0-3,mvt,/opt/mvt/mvt,,40.1,0,0,0.0,805058.0,16384.0,464.0,4.0,38.4,0.1,20126.4,819.2
post_vel_ID0000078,None,compute,0,1694504414.0,,,1694504419.0,1694504422.0,1694504433.0,34456015.2,1694504421.0,1694504449.0,1694504439.0,1694504442.0,3936.0,1694504449.0,1694504454.0,5.0,,2.0,28.0,5.0,11.0,177143937.0,3.0,12264.0,poseidon,condorpool,poseidon-worker-2-container-40-43,post_vel,/opt/netcdf2png/merged_netcdf2png,,0.1,0,0,,,,,,,,,
post_vel_ID0000083,None,compute,0,1694504414.0,,,1694504419.0,1694504423.0,1694504442.0,13555920.4,1694504421.0,1694504459.0,1694504448.0,1694504451.0,4189.0,1694504459.0,1694504464.0,5.0,,2.0,38.0,5.0,19.0,177143937.0,3.0,12720.0,poseidon,condorpool,poseidon-worker-1-container-16-19,post_vel,/opt/netcdf2png/merged_netcdf2png,,0.1,0,0,,,,,,,,,
mvt_ID0000084,cpu_3,compute,0,1694504414.0,,,1694504419.0,1694504423.0,1694504435.0,28436652.3,1694504421.0,1694504494.0,1694504482.0,1694504485.0,15787.0,1694504494.0,1694504499.0,5.0,,2.0,73.0,5.0,12.0,177143652.0,3.0,47998.0,poseidon,condorpool,poseidon-worker-2-container-16-19,mvt,/opt/mvt/mvt,,40.2,0,0,0.0,805128.0,24576.0,464.0,6.0,38.4,0.1,20128.2,1228.8
mvt_ID0000044,cpu_3,compute,0,1694504414.0,,,1694504419.0,1694504424.0,1694504435.0,35025163.8,1694504422.0,1694504514.0,1694504504.0,1694504507.0,8778.0,1694504514.0,1694504519.0,5.0,,3.0,92.0,5.0,11.0,177143652.0,3.0,28113.0,poseidon,condorpool,poseidon-worker-2-container-20-23,mvt,/opt/mvt/mvt,,40.0,0,0,0.0,812683.0,12288.0,494.0,3.0,37.9,0.1,13544.7,614.4
post_vel_ID0000043,cpu_3,compute,0,1694504414.0,,,1694504419.0,1694504422.0,1694504434.0,31351386.2,1694504420.0,1694504449.0,1694504439.0,1694504442.0,3471.0,1694504449.0,1694504454.0,5.0,,1.0,29.0,5.0,12.0,177143937.0,3.0,11050.0,poseidon,condorpool,poseidon-worker-1-container-8-11,post_vel,/opt/netcdf2png/merged_netcdf2png,,0.1,0,0,,,,,,,,,
post_vel_ID0000003,cpu_3,compute,0,1694504414.0,,,1694504419.0,1694504422.0,1694504433.0,34955801.8,1694504420.0,1694504449.0,1694504439.0,1694504442.0,3409.0,1694504449.0,1694504454.0,5.0,,1.0,29.0,5.0,11.0,177143937.0,3.0,10865.0,poseidon,condorpool,poseidon-worker-1-container-32-35,post_vel,/opt/netcdf2png/merged_netcdf2png,,0.1,0,0,,,,,,,,,
mvt_ID0000019,None,compute,0,1694504414.0,,,1694504419.0,1694504423.0,1694504435.0,28498728.7,1694504421.0,1694504489.0,1694504480.0,1694504483.0,11910.0,1694504489.0,1694504494.0,5.0,,2.0,68.0,5.0,12.0,177143652.0,3.0,36245.0,poseidon,condorpool,poseidon-worker-2-container-36-39,mvt,/opt/mvt/mvt,,40.0,0,0,0.0,802847.0,20480.0,452.0,5.0,29.9,0.1,26761.6,1024.0
mvt_ID0000079,None,compute,0,1694504414.0,,,1694504419.0,1694504423.0,1694504435.0,28200781.0,1694504421.0,1694504489.0,1694504480.0,1694504483.0,14871.0,1694504489.0,1694504494.0,5.0,,2.0,68.0,5.0,12.0,177143652.0,3.0,45337.0,poseidon,condorpool,poseidon-worker-2-container-0-3,mvt,/opt/mvt/mvt,,40.0,0,0,0.0,801364.0,24576.0,449.0,6.0,29.9,0.1,26712.1,1228.8
mvt_ID0000004,cpu_3,compute,0,1694504414.0,,,1694504419.0,1694504423.0,1694504434.0,29874820.2,1694504421.0,1694504489.0,1694504481.0,1694504484.0,9495.0,1694504489.0,1694504494.0,5.0,,2.0,68.0,5.0,11.0,177143652.0,3.0,28781.0,poseidon,condorpool,poseidon-worker-1-container-12-15,mvt,/opt/mvt/mvt,,40.0,0,0,0.0,805124.0,16384.0,464.0,4.0,38.5,0.1,20128.1,819.2
mvt_ID0000069,None,compute,0,1694504414.0,,,1694504419.0,1694504429.0,1694504441.0,32233713.4,1694504428.0,1694504499.0,1694504486.0,1694504490.0,11655.0,1694504499.0,1694504504.0,5.0,,9.0,71.0,5.0,12.0,177143652.0,4.0,35309.0,poseidon,condorpool,poseidon-worker-2-container-40-43,mvt,/opt/mvt/mvt,,40.1,0,0,0.0,857534.0,16384.0,578.0,4.0,39.8,0.2,21438.3,819.2
post_vel_ID0000023,None,compute,0,1694504414.0,,,1694504419.0,1694504423.0,1694504434.0,29257549.6,1694504421.0,1694504449.0,1694504440.0,1694504443.0,3646.0,1694504449.0,1694504454.0,5.0,,2.0,28.0,5.0,11.0,177143937.0,3.0,11372.0,poseidon,condorpool,poseidon-worker-2-container-32-35,post_vel,/opt/netcdf2png/merged_netcdf2png,,0.2,0,0,,,,,,,,,
post_vel_ID0000028,cpu_3,compute,0,1694504419.0,,,1694504424.0,1694504439.0,1694504460.0,12795322.2,1694504436.0,1694504479.0,1694504467.0,1694504470.0,3617.0,1694504479.0,1694504484.0,5.0,,12.0,43.0,5.0,21.0,177143937.0,3.0,11529.0,poseidon,condorpool,poseidon-worker-1-container-0-3,post_vel,/opt/netcdf2png/merged_netcdf2png,,0.1,0,0,,,,,,,,,
mvt_ID0000049,cpu_3,compute,0,1694504419.0,,,1694504424.0,1694504439.0,1694504451.0,29052585.3,1694504436.0,1694504509.0,1694504496.0,1694504499.0,7892.0,1694504509.0,1694504514.0,5.0,,12.0,73.0,5.0,12.0,177143652.0,3.0,24108.0,poseidon,condorpool,poseidon-worker-1-container-32-35,mvt,/opt/mvt/mvt,,39.7,0,0,0.0,790492.0,12288.0,425.0,3.0,29.9,0.1,26349.7,1228.8
register_condorpool_0_1,None,auxiliary,0,1694504419.0,,,1694504424.0,,,0.0,1694504425.0,1694504429.0,,,0.0,1694504429.0,1694504434.0,5.0,,1.0,4.0,5.0,,,,,poseidon,local,poseidon-submit,pegasus::rc-client,/mnt/poseidon-data/poseidon/pegasus-5.1.0panorama/bin/pegasus-rc-client,"-n pegasus::rc-client -N null -R local  -L casa-wind-full -T 2023-09-08T07:29:05+00:00 /home/poseidon/pegasus-5.1.0panorama/bin/pegasus-rc-client --prefix pegasus.catalog.replica.output --conf /mnt/poseidon-data/poseidon/workflows/casa-wind-workflow-full/submit/poseidon/pegasus/casa-wind-full/run0469/pegasus.15836471240340486803.properties -v --meta /mnt/poseidon-data/poseidon/workflows/casa-wind-workflow-full/submit/poseidon/pegasus/casa-wind-full/run0469/00/00/unzip_ID0000026.meta,/mnt/poseidon-data/poseidon/workflows/casa-wind-workflow-full/submit/poseidon/pegasus/casa-wind-full/run0469/00/00/unzip_ID0000061.meta,/mnt/poseidon-data/poseidon/workflows/casa-wind-workflow-full/submit/poseidon/pegasus/casa-wind-full/run0469/00/00/unzip_ID0000071.meta,/mnt/poseidon-data/poseidon/workflows/casa-wind-workflow-full/submit/poseidon/pegasus/casa-wind-full/run0469/00/00/unzip_ID0000041.meta,/mnt/poseidon-data/poseidon/workflows/casa-wind-workflow-full/submit/poseidon/pegasus/casa-wind-full/run0469/00/00/unzip_ID0000016.meta,/mnt/poseidon-data/poseidon/workflows/casa-wind-workflow-full/submit/poseidon/pegasus/casa-wind-full/run0469/00/00/unzip_ID0000111.meta,/mnt/poseidon-data/poseidon/workflows/casa-wind-workflow-full/submit/poseidon/pegasus/casa-wind-full/run0469/00/00/unzip_ID0000011.meta,/mnt/poseidon-data/poseidon/workflows/casa-wind-workflow-full/submit/poseidon/pegasus/casa-wind-full/run0469/00/00/unzip_ID0000081.meta,/mnt/poseidon-data/poseidon/workflows/casa-wind-workflow-full/submit/poseidon/pegasus/casa-wind-full/run0469/00/00/unzip_ID0000066.meta,/mnt/poseidon-data/poseidon/workflows/casa-wind-workflow-full/submit/poseidon/pegasus/casa-wind-full/run0469/00/00/unzip_ID0000096.meta,/mnt/poseidon-data/poseidon/workflows/casa-wind-workflow-full/submit/poseidon/pegasus/casa-wind-full/run0469/00/00/unzip_ID0000051.meta,/mnt/poseidon-data/poseidon/workflows/casa-wind-workflow-full/submit/poseidon/pegasus/casa-wind-full/run0469/00/00/unzip_ID0000031.meta,/mnt/poseidon-data/poseidon/workflows/casa-wind-workflow-full/submit/poseidon/pegasus/casa-wind-full/run0469/00/00/unzip_ID0000116.meta,/mnt/poseidon-data/poseidon/workflows/casa-wind-workflow-full/submit/poseidon/pegasus/casa-wind-full/run0469/00/00/unzip_ID0000101.meta,/mnt/poseidon-data/poseidon/workflows/casa-wind-workflow-full/submit/poseidon/pegasus/casa-wind-full/run0469/00/00/unzip_ID0000121.meta,/mnt/poseidon-data/poseidon/workflows/casa-wind-workflow-full/submit/poseidon/pegasus/casa-wind-full/run0469/00/00/unzip_ID0000106.meta,/mnt/poseidon-data/poseidon/workflows/casa-wind-workflow-full/submit/poseidon/pegasus/casa-wind-full/run0469/00/00/unzip_ID0000046.meta,/mnt/poseidon-data/poseidon/workflows/casa-wind-workflow-full/submit/poseidon/pegasus/casa-wind-full/run0469/00/00/unzip_ID0000076.meta,/mnt/poseidon-data/poseidon/workflows/casa-wind-workflow-full/submit/poseidon/pegasus/casa-wind-full/run0469/00/00/unzip_ID0000056.meta,/mnt/poseidon-data/poseidon/workflows/casa-wind-workflow-full/submit/poseidon/pegasus/casa-wind-full/run0469/00/00/unzip_ID0000021.meta,/mnt/poseidon-data/poseidon/workflows/casa-wind-workflow-full/submit/poseidon/pegasus/casa-wind-full/run0469/00/00/unzip_ID0000086.meta,/mnt/poseidon-data/poseidon/workflows/casa-wind-workflow-full/submit/poseidon/pegasus/casa-wind-full/run0469/00/00/unzip_ID0000126.meta,/mnt/poseidon-data/poseidon/workflows/casa-wind-workflow-full/submit/poseidon/pegasus/casa-wind-full/run0469/00/00/unzip_ID0000006.meta,/mnt/poseidon-data/poseidon/workflows/casa-wind-workflow-full/submit/poseidon/pegasus/casa-wind-full/run0469/00/00/unzip_ID0000036.meta,/mnt/poseidon-data/poseidon/workflows/casa-wind-workflow-full/submit/poseidon/pegasus/casa-wind-full/run0469/00/00/unzip_ID0000001.meta,/mnt/poseidon-data/poseidon/workflows/casa-wind-workflow-full/submit/poseidon/pegasus/casa-wind-full/run0469/00/00/unzip_ID0000091.meta --insert /mnt/poseidon-data/poseidon/workflows/casa-wind-workflow-full/submit/poseidon/pegasus/casa-wind-full/run0469/00/00/register_condorpool_0_1.in",3.0,0,0,,,,,,,,,
register_condorpool_0_2,None,auxiliary,0,1694504419.0,,,1694504434.0,,,0.0,1694504436.0,1694504439.0,,,0.0,1694504439.0,1694504444.0,15.0,,2.0,3.0,5.0,,,,,poseidon,local,poseidon-submit,pegasus::rc-client,/mnt/poseidon-data/poseidon/pegasus-5.1.0panorama/bin/pegasus-rc-client,"-n pegasus::rc-client -N null -R local  -L casa-wind-full -T 2023-09-08T07:29:05+00:00 /home/poseidon/pegasus-5.1.0panorama/bin/pegasus-rc-client --prefix pegasus.catalog.replica.output --conf /mnt/poseidon-data/poseidon/workflows/casa-wind-workflow-full/submit/poseidon/pegasus/casa-wind-full/run0469/pegasus.15836471240340486803.properties -v --meta /mnt/poseidon-data/poseidon/workflows/casa-wind-workflow-full/submit/poseidon/pegasus/casa-wind-full/run0469/00/00/unzip_ID0000026.meta,/mnt/poseidon-data/poseidon/workflows/casa-wind-workflow-full/submit/poseidon/pegasus/casa-wind-full/run0469/00/00/unzip_ID0000061.meta,/mnt/poseidon-data/poseidon/workflows/casa-wind-workflow-full/submit/poseidon/pegasus/casa-wind-full/run0469/00/00/unzip_ID0000071.meta,/mnt/poseidon-data/poseidon/workflows/casa-wind-workflow-full/submit/poseidon/pegasus/casa-wind-full/run0469/00/00/unzip_ID0000041.meta,/mnt/poseidon-data/poseidon/workflows/casa-wind-workflow-full/submit/poseidon/pegasus/casa-wind-full/run0469/00/00/unzip_ID0000016.meta,/mnt/poseidon-data/poseidon/workflows/casa-wind-workflow-full/submit/poseidon/pegasus/casa-wind-full/run0469/00/00/unzip_ID0000111.meta,/mnt/poseidon-data/poseidon/workflows/casa-wind-workflow-full/submit/poseidon/pegasus/casa-wind-full/run0469/00/00/unzip_ID0000011.meta,/mnt/poseidon-data/poseidon/workflows/casa-wind-workflow-full/submit/poseidon/pegasus/casa-wind-full/run0469/00/00/unzip_ID0000081.meta,/mnt/poseidon-data/poseidon/workflows/casa-wind-workflow-full/submit/poseidon/pegasus/casa-wind-full/run0469/00/00/unzip_ID0000066.meta,/mnt/poseidon-data/poseidon/workflows/casa-wind-workflow-full/submit/poseidon/pegasus/casa-wind-full/run0469/00/00/unzip_ID0000096.meta,/mnt/poseidon-data/poseidon/workflows/casa-wind-workflow-full/submit/poseidon/pegasus/casa-wind-full/run0469/00/00/unzip_ID0000051.meta,/mnt/poseidon-data/poseidon/workflows/casa-wind-workflow-full/submit/poseidon/pegasus/casa-wind-full/run0469/00/00/unzip_ID0000031.meta,/mnt/poseidon-data/poseidon/workflows/casa-wind-workflow-full/submit/poseidon/pegasus/casa-wind-full/run0469/00/00/unzip_ID0000116.meta,/mnt/poseidon-data/poseidon/workflows/casa-wind-workflow-full/submit/poseidon/pegasus/casa-wind-full/run0469/00/00/unzip_ID0000101.meta,/mnt/poseidon-data/poseidon/workflows/casa-wind-workflow-full/submit/poseidon/pegasus/casa-wind-full/run0469/00/00/unzip_ID0000121.meta,/mnt/poseidon-data/poseidon/workflows/casa-wind-workflow-full/submit/poseidon/pegasus/casa-wind-full/run0469/00/00/unzip_ID0000106.meta,/mnt/poseidon-data/poseidon/workflows/casa-wind-workflow-full/submit/poseidon/pegasus/casa-wind-full/run0469/00/00/unzip_ID0000046.meta,/mnt/poseidon-data/poseidon/workflows/casa-wind-workflow-full/submit/poseidon/pegasus/casa-wind-full/run0469/00/00/unzip_ID0000076.meta,/mnt/poseidon-data/poseidon/workflows/casa-wind-workflow-full/submit/poseidon/pegasus/casa-wind-full/run0469/00/00/unzip_ID0000056.meta,/mnt/poseidon-data/poseidon/workflows/casa-wind-workflow-full/submit/poseidon/pegasus/casa-wind-full/run0469/00/00/unzip_ID0000021.meta,/mnt/poseidon-data/poseidon/workflows/casa-wind-workflow-full/submit/poseidon/pegasus/casa-wind-full/run0469/00/00/unzip_ID0000086.meta,/mnt/poseidon-data/poseidon/workflows/casa-wind-workflow-full/submit/poseidon/pegasus/casa-wind-full/run0469/00/00/unzip_ID0000126.meta,/mnt/poseidon-data/poseidon/workflows/casa-wind-workflow-full/submit/poseidon/pegasus/casa-wind-full/run0469/00/00/unzip_ID0000006.meta,/mnt/poseidon-data/poseidon/workflows/casa-wind-workflow-full/submit/poseidon/pegasus/casa-wind-full/run0469/00/00/unzip_ID0000036.meta,/mnt/poseidon-data/poseidon/workflows/casa-wind-workflow-full/submit/poseidon/pegasus/casa-wind-full/run0469/00/00/unzip_ID0000001.meta,/mnt/poseidon-data/poseidon/workflows/casa-wind-workflow-full/submit/poseidon/pegasus/casa-wind-full/run0469/00/00/unzip_ID0000091.meta --insert /mnt/poseidon-data/poseidon/workflows/casa-wind-workflow-full/submit/poseidon/pegasus/casa-wind-full/run0469/00/00/register_condorpool_0_2.in",3.1,0,0,,,,,,,,,
post_vel_ID0000048,cpu_3,compute,0,1694504419.0,,,1694504424.0,1694504439.0,1694504452.0,33113481.0,1694504436.0,1694504469.0,1694504458.0,1694504461.0,3237.0,1694504469.0,1694504474.0,5.0,,12.0,33.0,5.0,13.0,177143937.0,3.0,10371.0,poseidon,condorpool,poseidon-worker-1-container-12-15,post_vel,/opt/netcdf2png/merged_netcdf2png,,0.1,0,0,,,,,,,,,
register_condorpool_0_0,None,auxiliary,0,1694504419.0,,,1694504474.0,,,0.0,1694504474.0,1694504479.0,,,0.0,1694504479.0,1694504484.0,55.0,,0.0,5.0,5.0,,,,,poseidon,local,poseidon-submit,pegasus::rc-client,/mnt/poseidon-data/poseidon/pegasus-5.1.0panorama/bin/pegasus-rc-client,"-n pegasus::rc-client -N null -R local  -L casa-wind-full -T 2023-09-08T07:29:05+00:00 /home/poseidon/pegasus-5.1.0panorama/bin/pegasus-rc-client --prefix pegasus.catalog.replica.output --conf /mnt/poseidon-data/poseidon/workflows/casa-wind-workflow-full/submit/poseidon/pegasus/casa-wind-full/run0469/pegasus.15836471240340486803.properties -v --meta /mnt/poseidon-data/poseidon/workflows/casa-wind-workflow-full/submit/poseidon/pegasus/casa-wind-full/run0469/00/00/unzip_ID0000026.meta,/mnt/poseidon-data/poseidon/workflows/casa-wind-workflow-full/submit/poseidon/pegasus/casa-wind-full/run0469/00/00/unzip_ID0000061.meta,/mnt/poseidon-data/poseidon/workflows/casa-wind-workflow-full/submit/poseidon/pegasus/casa-wind-full/run0469/00/00/unzip_ID0000071.meta,/mnt/poseidon-data/poseidon/workflows/casa-wind-workflow-full/submit/poseidon/pegasus/casa-wind-full/run0469/00/00/unzip_ID0000041.meta,/mnt/poseidon-data/poseidon/workflows/casa-wind-workflow-full/submit/poseidon/pegasus/casa-wind-full/run0469/00/00/unzip_ID0000016.meta,/mnt/poseidon-data/poseidon/workflows/casa-wind-workflow-full/submit/poseidon/pegasus/casa-wind-full/run0469/00/00/unzip_ID0000111.meta,/mnt/poseidon-data/poseidon/workflows/casa-wind-workflow-full/submit/poseidon/pegasus/casa-wind-full/run0469/00/00/unzip_ID0000011.meta,/mnt/poseidon-data/poseidon/workflows/casa-wind-workflow-full/submit/poseidon/pegasus/casa-wind-full/run0469/00/00/unzip_ID0000081.meta,/mnt/poseidon-data/poseidon/workflows/casa-wind-workflow-full/submit/poseidon/pegasus/casa-wind-full/run0469/00/00/unzip_ID0000066.meta,/mnt/poseidon-data/poseidon/workflows/casa-wind-workflow-full/submit/poseidon/pegasus/casa-wind-full/run0469/00/00/unzip_ID0000096.meta,/mnt/poseidon-data/poseidon/workflows/casa-wind-workflow-full/submit/poseidon/pegasus/casa-wind-full/run0469/00/00/unzip_ID0000051.meta,/mnt/poseidon-data/poseidon/workflows/casa-wind-workflow-full/submit/poseidon/pegasus/casa-wind-full/run0469/00/00/unzip_ID0000031.meta,/mnt/poseidon-data/poseidon/workflows/casa-wind-workflow-full/submit/poseidon/pegasus/casa-wind-full/run0469/00/00/unzip_ID0000116.meta,/mnt/poseidon-data/poseidon/workflows/casa-wind-workflow-full/submit/poseidon/pegasus/casa-wind-full/run0469/00/00/unzip_ID0000101.meta,/mnt/poseidon-data/poseidon/workflows/casa-wind-workflow-full/submit/poseidon/pegasus/casa-wind-full/run0469/00/00/unzip_ID0000121.meta,/mnt/poseidon-data/poseidon/workflows/casa-wind-workflow-full/submit/poseidon/pegasus/casa-wind-full/run0469/00/00/unzip_ID0000106.meta,/mnt/poseidon-data/poseidon/workflows/casa-wind-workflow-full/submit/poseidon/pegasus/casa-wind-full/run0469/00/00/unzip_ID0000046.meta,/mnt/poseidon-data/poseidon/workflows/casa-wind-workflow-full/submit/poseidon/pegasus/casa-wind-full/run0469/00/00/unzip_ID0000076.meta,/mnt/poseidon-data/poseidon/workflows/casa-wind-workflow-full/submit/poseidon/pegasus/casa-wind-full/run0469/00/00/unzip_ID0000056.meta,/mnt/poseidon-data/poseidon/workflows/casa-wind-workflow-full/submit/poseidon/pegasus/casa-wind-full/run0469/00/00/unzip_ID0000021.meta,/mnt/poseidon-data/poseidon/workflows/casa-wind-workflow-full/submit/poseidon/pegasus/casa-wind-full/run0469/00/00/unzip_ID0000086.meta,/mnt/poseidon-data/poseidon/workflows/casa-wind-workflow-full/submit/poseidon/pegasus/casa-wind-full/run0469/00/00/unzip_ID0000126.meta,/mnt/poseidon-data/poseidon/workflows/casa-wind-workflow-full/submit/poseidon/pegasus/casa-wind-full/run0469/00/00/unzip_ID0000006.meta,/mnt/poseidon-data/poseidon/workflows/casa-wind-workflow-full/submit/poseidon/pegasus/casa-wind-full/run0469/00/00/unzip_ID0000036.meta,/mnt/poseidon-data/poseidon/workflows/casa-wind-workflow-full/submit/poseidon/pegasus/casa-wind-full/run0469/00/00/unzip_ID0000001.meta,/mnt/poseidon-data/poseidon/workflows/casa-wind-workflow-full/submit/poseidon/pegasus/casa-wind-full/run0469/00/00/unzip_ID0000091.meta --insert /mnt/poseidon-data/poseidon/workflows/casa-wind-workflow-full/submit/poseidon/pegasus/casa-wind-full/run0469/00/00/register_condorpool_0_0.in",3.1,0,0,,,,,,,,,
mvt_ID0000029,None,compute,0,1694504419.0,,,1694504424.0,1694504439.0,1694504450.0,28312862.4,1694504437.0,1694504504.0,1694504495.0,1694504499.0,12520.0,1694504504.0,1694504509.0,5.0,,13.0,67.0,5.0,11.0,177143652.0,4.0,38341.0,poseidon,condorpool,poseidon-worker-2-container-36-39,mvt,/opt/mvt/mvt,,39.8,0,0,0.0,822128.0,20480.0,494.0,5.0,29.9,0.1,27404.3,1024.0
stage_out_local_condorpool_1_0,None,transfer,0,1694504419.0,,,1694504424.0,,,0.0,1694504425.0,1694504434.0,,,0.0,1694504434.0,1694504439.0,5.0,,1.0,9.0,5.0,,,,,poseidon,local,poseidon-submit,pegasus::transfer,/mnt/poseidon-data/poseidon/pegasus-5.1.0panorama/bin/pegasus-transfer,/home/poseidon/pegasus-5.1.0panorama/bin/../bin/pegasus-kickstart  -n pegasus::transfer -N null -i - -R local  -L casa-wind-full -T 2023-09-08T07:29:05+00:00 /home/poseidon/pegasus-5.1.0panorama/bin/../bin/pegasus-transfer  --threads 2,1.0,0,0,,,,,,,,,
mvt_ID0000099,cpu_3,compute,0,1694504419.0,,,1694504424.0,1694504439.0,1694504453.0,28034806.3,1694504436.0,1694504534.0,1694504523.0,1694504526.0,16317.0,1694504534.0,1694504539.0,5.0,,12.0,98.0,5.0,14.0,177143652.0,3.0,50118.0,poseidon,condorpool,poseidon-worker-2-container-20-23,mvt,/opt/mvt/mvt,,39.6,0,0,0.0,833306.0,28672.0,539.0,7.0,35.3,0.1,13888.4,955.7
post_vel_ID0000013,cpu_3,compute,0,1694504419.0,,,1694504424.0,1694504439.0,1694504451.0,29474078.0,1694504436.0,1694504469.0,1694504456.0,1694504459.0,3612.0,1694504469.0,1694504474.0,5.0,,12.0,33.0,5.0,12.0,177143937.0,3.0,11040.0,poseidon,condorpool,poseidon-worker-1-container-24-27,post_vel,/opt/netcdf2png/merged_netcdf2png,,0.1,0,0,,,,,,,,,
mvt_ID0000014,cpu_3,compute,0,1694504419.0,,,1694504424.0,1694504439.0,1694504451.0,27819606.7,1694504437.0,1694504509.0,1694504496.0,1694504499.0,10561.0,1694504509.0,1694504514.0,5.0,,13.0,72.0,5.0,12.0,177143652.0,3.0,31991.0,poseidon,condorpool,poseidon-worker-1-container-8-11,mvt,/opt/mvt/mvt,,39.7,0,0,0.0,790442.0,16384.0,425.0,4.0,29.9,0.1,26348.1,819.2
post_vel_ID0000093,cpu_3,compute,0,1694504419.0,,,1694504424.0,1694504439.0,1694504450.0,35343414.0,1694504437.0,1694504464.0,1694504456.0,1694504459.0,4376.0,1694504464.0,1694504469.0,5.0,,13.0,27.0,5.0,11.0,177143937.0,3.0,13303.0,poseidon,condorpool,poseidon-worker-2-container-28-31,post_vel,/opt/netcdf2png/merged_netcdf2png,,0.1,0,0,,,,,,,,,
post_vel_ID0000098,None,compute,0,1694504419.0,,,1694504424.0,1694504438.0,1694504450.0,30502976.0,1694504436.0,1694504464.0,1694504455.0,1694504458.0,4409.0,1694504464.0,1694504469.0,5.0,,12.0,28.0,5.0,12.0,177143937.0,3.0,13355.0,poseidon,condorpool,poseidon-worker-1-container-36-39,post_vel,/opt/netcdf2png/merged_netcdf2png,,0.1,0,0,,,,,,,,,
mvt_ID0000094,None,compute,0,1694504419.0,,,1694504424.0,1694504438.0,1694504450.0,30424624.2,1694504436.0,1694504504.0,1694504495.0,1694504498.0,17102.0,1694504504.0,1694504509.0,5.0,,12.0,68.0,5.0,12.0,177143652.0,3.0,52407.0,poseidon,condorpool,poseidon-worker-1-container-20-23,mvt,/opt/mvt/mvt,,39.7,0,0,0.0,798797.0,28672.0,443.0,7.0,29.9,0.1,26626.6,1433.6
mvt_ID0000009,None,compute,0,1694504424.0,,,1694504429.0,1694504438.0,1694504451.0,25680545.0,1694504436.0,1694504509.0,1694504496.0,1694504499.0,11638.0,1694504509.0,1694504514.0,5.0,,7.0,73.0,5.0,13.0,177143652.0,3.0,35429.0,poseidon,condorpool,poseidon-worker-2-container-32-35,mvt,/opt/mvt/mvt,,39.9,0,0,0.0,794727.0,20480.0,434.0,5.0,29.9,0.1,26490.9,1024.0
post_vel_ID0000008,None,compute,0,1694504424.0,,,1694504429.0,1694504438.0,1694504450.0,26644502.0,1694504436.0,1694504469.0,1694504456.0,1694504459.0,3573.0,1694504469.0,1694504474.0,5.0,,7.0,33.0,5.0,12.0,177143937.0,3.0,10982.0,poseidon,condorpool,poseidon-worker-1-container-4-7,post_vel,/opt/netcdf2png/merged_netcdf2png,,0.1,0,0,,,,,,,,,
post_vel_ID0000108,None,compute,0,1694504424.0,,,1694504429.0,1694504440.0,1694504451.0,31071334.4,1694504438.0,1694504469.0,1694504456.0,1694504459.0,4526.0,1694504469.0,1694504474.0,5.0,,9.0,31.0,5.0,11.0,177143937.0,3.0,13907.0,poseidon,condorpool,poseidon-worker-1-container-16-19,post_vel,/opt/netcdf2png/merged_netcdf2png,,0.1,0,0,,,,,,,,,
mvt_ID0000109,None,compute,0,1694504424.0,,,1694504429.0,1694504438.0,1694504449.0,29717026.5,1694504436.0,1694504504.0,1694504494.0,1694504497.0,19638.0,1694504504.0,1694504509.0,5.0,,7.0,68.0,5.0,11.0,177143652.0,3.0,59954.0,poseidon,condorpool,poseidon-worker-2-container-24-27,mvt,/opt/mvt/mvt,,39.9,0,0,0.0,820749.0,32768.0,491.0,8.0,29.9,0.1,27358.3,1638.4
post_vel_ID0000053,cpu_3,compute,0,1694504424.0,,,1694504429.0,1694504439.0,1694504453.0,28797509.6,1694504436.0,1694504469.0,1694504459.0,1694504462.0,3439.0,1694504469.0,1694504474.0,5.0,,7.0,33.0,5.0,14.0,177143937.0,3.0,11004.0,poseidon,condorpool,poseidon-worker-2-container-16-19,post_vel,/opt/netcdf2png/merged_netcdf2png,,0.1,0,0,,,,,,,,,
mvt_ID0000114,None,compute,0,1694504424.0,,,1694504429.0,1694504438.0,1694504450.0,26619926.2,1694504436.0,1694504504.0,1694504495.0,1694504498.0,24037.0,1694504504.0,1694504509.0,5.0,,7.0,68.0,5.0,12.0,177143652.0,3.0,73234.0,poseidon,condorpool,poseidon-worker-2-container-0-3,mvt,/opt/mvt/mvt,,39.8,0,0,0.0,820625.0,40960.0,491.0,10.0,29.9,0.1,27354.2,4096.0
post_vel_ID0000113,None,compute,0,1694504424.0,,,1694504429.0,1694504440.0,1694504451.0,29692338.0,1694504438.0,1694504469.0,1694504457.0,1694504460.0,4800.0,1694504469.0,1694504474.0,5.0,,9.0,31.0,5.0,11.0,177143937.0,3.0,14745.0,poseidon,condorpool,poseidon-worker-2-container-4-7,post_vel,/opt/netcdf2png/merged_netcdf2png,,0.1,0,0,,,,,,,,,
mvt_ID0000054,None,compute,0,1694504424.0,,,1694504429.0,1694504438.0,1694504449.0,35158362.4,1694504436.0,1694504504.0,1694504494.0,1694504497.0,9415.0,1694504504.0,1694504509.0,5.0,,7.0,68.0,5.0,11.0,177143652.0,3.0,28552.0,poseidon,condorpool,poseidon-worker-2-container-8-11,mvt,/opt/mvt/mvt,,39.9,0,0,0.0,819382.0,12288.0,488.0,3.0,29.9,0.1,27312.7,1228.8
stage_out_local_condorpool_1_1,None,transfer,0,1694504434.0,,,1694504439.0,,,0.0,1694504440.0,1694504444.0,,,0.0,1694504444.0,1694504449.0,5.0,,1.0,4.0,5.0,,,,,poseidon,local,poseidon-submit,pegasus::transfer,/mnt/poseidon-data/poseidon/pegasus-5.1.0panorama/bin/pegasus-transfer,/home/poseidon/pegasus-5.1.0panorama/bin/../bin/pegasus-kickstart  -n pegasus::transfer -N null -i - -R local  -L casa-wind-full -T 2023-09-08T07:29:05+00:00 /home/poseidon/pegasus-5.1.0panorama/bin/../bin/pegasus-transfer  --threads 2,1.0,0,0,,,,,,,,,
post_vel_ID0000063,None,compute,0,1694504434.0,,,1694504439.0,1694504450.0,1694504461.0,34172533.2,1694504448.0,1694504479.0,1694504467.0,1694504470.0,3857.0,1694504479.0,1694504484.0,5.0,,9.0,31.0,5.0,11.0,177143937.0,3.0,11628.0,poseidon,condorpool,poseidon-worker-2-container-40-43,post_vel,/opt/netcdf2png/merged_netcdf2png,,0.1,0,0,,,,,,,,,
post_vel_ID0000103,cpu_3,compute,0,1694504434.0,,,1694504439.0,1694504444.0,1694504455.0,35294618.2,1694504442.0,1694504469.0,1694504460.0,1694504463.0,4587.0,1694504469.0,1694504474.0,5.0,,3.0,27.0,5.0,11.0,177143937.0,3.0,13815.0,poseidon,condorpool,poseidon-worker-2-container-28-31,post_vel,/opt/netcdf2png/merged_netcdf2png,,0.1,0,0,,,,,,,,,
mvt_ID0000104,None,compute,0,1694504434.0,,,1694504439.0,1694504445.0,1694504456.0,34260044.2,1694504443.0,1694504509.0,1694504501.0,1694504504.0,19558.0,1694504509.0,1694504514.0,5.0,,4.0,66.0,5.0,11.0,177143652.0,3.0,59590.0,poseidon,condorpool,poseidon-worker-2-container-8-11,mvt,/opt/mvt/mvt,,39.5,0,0,0.0,823522.0,32768.0,497.0,8.0,29.9,0.1,27450.7,3276.8
stage_out_local_condorpool_1_2,None,transfer,0,1694504434.0,,,1694504439.0,,,0.0,1694504440.0,1694504444.0,,,0.0,1694504444.0,1694504449.0,5.0,,1.0,4.0,5.0,,,,,poseidon,local,poseidon-submit,pegasus::transfer,/mnt/poseidon-data/poseidon/pegasus-5.1.0panorama/bin/pegasus-transfer,/home/poseidon/pegasus-5.1.0panorama/bin/../bin/pegasus-kickstart  -n pegasus::transfer -N null -i - -R local  -L casa-wind-full -T 2023-09-08T07:29:05+00:00 /home/poseidon/pegasus-5.1.0panorama/bin/../bin/pegasus-transfer  --threads 2,0.9,0,0,,,,,,,,,
mvt_ID0000064,None,compute,0,1694504434.0,,,1694504439.0,1694504450.0,1694504461.0,31612539.6,1694504448.0,1694504519.0,1694504506.0,1694504509.0,10222.0,1694504519.0,1694504524.0,5.0,,9.0,71.0,5.0,11.0,177143652.0,3.0,31148.0,poseidon,condorpool,poseidon-worker-1-container-20-23,mvt,/opt/mvt/mvt,,39.4,0,0,0.0,819448.0,16384.0,488.0,4.0,29.9,0.1,27314.9,819.2
register_condorpool_1_0,None,auxiliary,0,1694504439.0,,,1694504444.0,,,0.0,1694504445.0,1694504449.0,,,0.0,1694504449.0,1694504454.0,5.0,,1.0,4.0,5.0,,,,,poseidon,local,poseidon-submit,pegasus::rc-client,/mnt/poseidon-data/poseidon/pegasus-5.1.0panorama/bin/pegasus-rc-client,"-n pegasus::rc-client -N null -R local  -L casa-wind-full -T 2023-09-08T07:29:05+00:00 /home/poseidon/pegasus-5.1.0panorama/bin/pegasus-rc-client --prefix pegasus.catalog.replica.output --conf /mnt/poseidon-data/poseidon/workflows/casa-wind-workflow-full/submit/poseidon/pegasus/casa-wind-full/run0469/pegasus.15836471240340486803.properties -v --meta /mnt/poseidon-data/poseidon/workflows/casa-wind-workflow-full/submit/poseidon/pegasus/casa-wind-full/run0469/00/01/um_vel_ID0000067.meta,/mnt/poseidon-data/poseidon/workflows/casa-wind-workflow-full/submit/poseidon/pegasus/casa-wind-full/run0469/00/00/um_vel_ID0000127.meta,/mnt/poseidon-data/poseidon/workflows/casa-wind-workflow-full/submit/poseidon/pegasus/casa-wind-full/run0469/00/00/um_vel_ID0000122.meta,/mnt/poseidon-data/poseidon/workflows/casa-wind-workflow-full/submit/poseidon/pegasus/casa-wind-full/run0469/00/00/um_vel_ID0000092.meta,/mnt/poseidon-data/poseidon/workflows/casa-wind-workflow-full/submit/poseidon/pegasus/casa-wind-full/run0469/00/01/um_vel_ID0000077.meta,/mnt/poseidon-data/poseidon/workflows/casa-wind-workflow-full/submit/poseidon/pegasus/casa-wind-full/run0469/00/01/um_vel_ID0000057.meta,/mnt/poseidon-data/poseidon/workflows/casa-wind-workflow-full/submit/poseidon/pegasus/casa-wind-full/run0469/00/00/um_vel_ID0000027.meta,/mnt/poseidon-data/poseidon/workflows/casa-wind-workflow-full/submit/poseidon/pegasus/casa-wind-full/run0469/00/01/um_vel_ID0000042.meta,/mnt/poseidon-data/poseidon/workflows/casa-wind-workflow-full/submit/poseidon/pegasus/casa-wind-full/run0469/00/00/um_vel_ID0000022.meta --insert /mnt/poseidon-data/poseidon/workflows/casa-wind-workflow-full/submit/poseidon/pegasus/casa-wind-full/run0469/00/01/register_condorpool_1_0.in",2.8,0,0,,,,,,,,,
register_condorpool_1_1,None,auxiliary,0,1694504449.0,,,1694504454.0,,,0.0,1694504455.0,1694504459.0,,,0.0,1694504459.0,1694504464.0,5.0,,1.0,4.0,5.0,,,,,poseidon,local,poseidon-submit,pegasus::rc-client,/mnt/poseidon-data/poseidon/pegasus-5.1.0panorama/bin/pegasus-rc-client,"-n pegasus::rc-client -N null -R local  -L casa-wind-full -T 2023-09-08T07:29:05+00:00 /home/poseidon/pegasus-5.1.0panorama/bin/pegasus-rc-client --prefix pegasus.catalog.replica.output --conf /mnt/poseidon-data/poseidon/workflows/casa-wind-workflow-full/submit/poseidon/pegasus/casa-wind-full/run0469/pegasus.15836471240340486803.properties -v --meta /mnt/poseidon-data/poseidon/workflows/casa-wind-workflow-full/submit/poseidon/pegasus/casa-wind-full/run0469/00/00/um_vel_ID0000017.meta,/mnt/poseidon-data/poseidon/workflows/casa-wind-workflow-full/submit/poseidon/pegasus/casa-wind-full/run0469/00/01/um_vel_ID0000037.meta,/mnt/poseidon-data/poseidon/workflows/casa-wind-workflow-full/submit/poseidon/pegasus/casa-wind-full/run0469/00/00/um_vel_ID0000082.meta,/mnt/poseidon-data/poseidon/workflows/casa-wind-workflow-full/submit/poseidon/pegasus/casa-wind-full/run0469/00/00/um_vel_ID0000097.meta,/mnt/poseidon-data/poseidon/workflows/casa-wind-workflow-full/submit/poseidon/pegasus/casa-wind-full/run0469/00/01/um_vel_ID0000047.meta,/mnt/poseidon-data/poseidon/workflows/casa-wind-workflow-full/submit/poseidon/pegasus/casa-wind-full/run0469/00/00/um_vel_ID0000087.meta,/mnt/poseidon-data/poseidon/workflows/casa-wind-workflow-full/submit/poseidon/pegasus/casa-wind-full/run0469/00/01/um_vel_ID0000007.meta,/mnt/poseidon-data/poseidon/workflows/casa-wind-workflow-full/submit/poseidon/pegasus/casa-wind-full/run0469/00/01/um_vel_ID0000072.meta,/mnt/poseidon-data/poseidon/workflows/casa-wind-workflow-full/submit/poseidon/pegasus/casa-wind-full/run0469/00/01/um_vel_ID0000102.meta --insert /mnt/poseidon-data/poseidon/workflows/casa-wind-workflow-full/submit/poseidon/pegasus/casa-wind-full/run0469/00/01/register_condorpool_1_1.in",2.7,0,0,,,,,,,,,
register_condorpool_1_2,None,auxiliary,0,1694504449.0,,,1694504464.0,,,0.0,1694504465.0,1694504469.0,,,0.0,1694504469.0,1694504474.0,15.0,,1.0,4.0,5.0,,,,,poseidon,local,poseidon-submit,pegasus::rc-client,/mnt/poseidon-data/poseidon/pegasus-5.1.0panorama/bin/pegasus-rc-client,"-n pegasus::rc-client -N null -R local  -L casa-wind-full -T 2023-09-08T07:29:05+00:00 /home/poseidon/pegasus-5.1.0panorama/bin/pegasus-rc-client --prefix pegasus.catalog.replica.output --conf /mnt/poseidon-data/poseidon/workflows/casa-wind-workflow-full/submit/poseidon/pegasus/casa-wind-full/run0469/pegasus.15836471240340486803.properties -v --meta /mnt/poseidon-data/poseidon/workflows/casa-wind-workflow-full/submit/poseidon/pegasus/casa-wind-full/run0469/00/00/um_vel_ID0000117.meta,/mnt/poseidon-data/poseidon/workflows/casa-wind-workflow-full/submit/poseidon/pegasus/casa-wind-full/run0469/00/01/um_vel_ID0000052.meta,/mnt/poseidon-data/poseidon/workflows/casa-wind-workflow-full/submit/poseidon/pegasus/casa-wind-full/run0469/00/00/um_vel_ID0000002.meta,/mnt/poseidon-data/poseidon/workflows/casa-wind-workflow-full/submit/poseidon/pegasus/casa-wind-full/run0469/00/00/um_vel_ID0000012.meta,/mnt/poseidon-data/poseidon/workflows/casa-wind-workflow-full/submit/poseidon/pegasus/casa-wind-full/run0469/00/00/um_vel_ID0000032.meta,/mnt/poseidon-data/poseidon/workflows/casa-wind-workflow-full/submit/poseidon/pegasus/casa-wind-full/run0469/00/01/um_vel_ID0000062.meta,/mnt/poseidon-data/poseidon/workflows/casa-wind-workflow-full/submit/poseidon/pegasus/casa-wind-full/run0469/00/01/um_vel_ID0000112.meta,/mnt/poseidon-data/poseidon/workflows/casa-wind-workflow-full/submit/poseidon/pegasus/casa-wind-full/run0469/00/01/um_vel_ID0000107.meta --insert /mnt/poseidon-data/poseidon/workflows/casa-wind-workflow-full/submit/poseidon/pegasus/casa-wind-full/run0469/00/01/register_condorpool_1_2.in",2.6,0,0,,,,,,,,,
point_alert_ID0000125,cpu_3,compute,0,1694504489.0,,,1694504494.0,1694504497.0,1694504508.0,29531717.0,1694504496.0,1694504524.0,1694504514.0,1694504517.0,7553.0,1694504524.0,1694504529.0,5.0,,2.0,28.0,5.0,11.0,176678547.0,3.0,22878.0,poseidon,condorpool,poseidon-worker-2-container-16-19,point_alert,/opt/pointAlert/pointAlert,,0.0,0,0,,,,,,,,,
point_alert_ID0000090,None,compute,0,1694504489.0,,,1694504494.0,1694504497.0,1694504508.0,35035149.8,1694504496.0,1694504524.0,1694504513.0,1694504516.0,6781.0,1694504524.0,1694504529.0,5.0,,2.0,28.0,5.0,11.0,176656458.0,3.0,20638.0,poseidon,condorpool,poseidon-worker-1-container-36-39,point_alert,/opt/pointAlert/pointAlert,,0.0,0,0,,,,,,,,,
point_alert_ID0000020,None,compute,0,1694504494.0,,,1694504499.0,1694504502.0,1694504512.0,29843517.0,1694504500.0,1694504529.0,1694504518.0,1694504521.0,6701.0,1694504529.0,1694504534.0,5.0,,1.0,29.0,5.0,10.0,176644228.0,3.0,20478.0,poseidon,condorpool,poseidon-worker-2-container-40-43,point_alert,/opt/pointAlert/pointAlert,,0.0,0,0,,,,,,,,,
point_alert_ID0000080,None,compute,0,1694504494.0,,,1694504499.0,1694504501.0,1694504513.0,34027804.2,1694504500.0,1694504529.0,1694504518.0,1694504521.0,6714.0,1694504529.0,1694504534.0,5.0,,1.0,29.0,5.0,12.0,176653320.0,3.0,20718.0,poseidon,condorpool,poseidon-worker-2-container-0-3,point_alert,/opt/pointAlert/pointAlert,,0.0,0,0,,,,,,,,,
point_alert_ID0000075,None,compute,0,1694504494.0,,,1694504499.0,1694504501.0,1694504512.0,34417979.2,1694504500.0,1694504529.0,1694504518.0,1694504521.0,6706.0,1694504529.0,1694504534.0,5.0,,1.0,29.0,5.0,11.0,176646838.0,3.0,20558.0,poseidon,condorpool,poseidon-worker-1-container-4-7,point_alert,/opt/pointAlert/pointAlert,,0.0,0,0,,,,,,,,,
point_alert_ID0000005,cpu_3,compute,0,1694504494.0,,,1694504499.0,1694504502.0,1694504513.0,31803796.4,1694504500.0,1694504529.0,1694504518.0,1694504521.0,6675.0,1694504529.0,1694504534.0,5.0,,1.0,29.0,5.0,11.0,176636764.0,3.0,20398.0,poseidon,condorpool,poseidon-worker-1-container-0-3,point_alert,/opt/pointAlert/pointAlert,,0.0,0,0,,,,,,,,,
point_alert_ID0000085,None,compute,0,1694504499.0,,,1694504504.0,1694504507.0,1694504518.0,34544174.8,1694504505.0,1694504534.0,1694504523.0,1694504527.0,6833.0,1694504534.0,1694504539.0,5.0,,1.0,29.0,5.0,11.0,176655981.0,4.0,21118.0,poseidon,condorpool,poseidon-worker-2-container-8-11,point_alert,/opt/pointAlert/pointAlert,,0.0,0,0,,,,,,,,,
point_alert_ID0000025,None,compute,0,1694504499.0,,,1694504504.0,1694504507.0,1694504518.0,34274121.4,1694504505.0,1694504534.0,1694504524.0,1694504527.0,6509.0,1694504534.0,1694504539.0,5.0,,1.0,29.0,5.0,11.0,176638688.0,3.0,20078.0,poseidon,condorpool,poseidon-worker-2-container-40-43,point_alert,/opt/pointAlert/pointAlert,,0.0,0,0,,,,,,,,,
point_alert_ID0000120,None,compute,0,1694504499.0,,,1694504504.0,1694504507.0,1694504518.0,33970591.8,1694504505.0,1694504534.0,1694504523.0,1694504527.0,7176.0,1694504534.0,1694504539.0,5.0,,1.0,29.0,5.0,11.0,176673508.0,4.0,21998.0,poseidon,condorpool,poseidon-worker-2-container-24-27,point_alert,/opt/pointAlert/pointAlert,,0.0,0,0,,,,,,,,,
point_alert_ID0000060,None,compute,0,1694504499.0,,,1694504504.0,1694504506.0,1694504517.0,32539225.4,1694504505.0,1694504534.0,1694504523.0,1694504526.0,6835.0,1694504534.0,1694504539.0,5.0,,1.0,29.0,5.0,11.0,176636147.0,3.0,20878.0,poseidon,condorpool,poseidon-worker-2-container-36-39,point_alert,/opt/pointAlert/pointAlert,,0.0,0,0,,,,,,,,,
point_alert_ID0000070,None,compute,0,1694504504.0,,,1694504509.0,1694504512.0,1694504523.0,29566349.5,1694504510.0,1694504539.0,1694504528.0,1694504531.0,6748.0,1694504539.0,1694504544.0,5.0,,1.0,29.0,5.0,11.0,176643292.0,3.0,20558.0,poseidon,condorpool,poseidon-worker-2-container-8-11,point_alert,/opt/pointAlert/pointAlert,,0.0,0,0,,,,,,,,,
point_alert_ID0000110,cpu_3,compute,0,1694504509.0,,,1694504514.0,1694504519.0,1694504531.0,29968914.0,1694504515.0,1694504549.0,1694504536.0,1694504539.0,6930.0,1694504549.0,1694504554.0,5.0,,1.0,34.0,5.0,12.0,176667937.0,3.0,21038.0,poseidon,condorpool,poseidon-worker-2-container-44-47,point_alert,/opt/pointAlert/pointAlert,,0.0,0,0,,,,,,,,,
point_alert_ID0000055,cpu_3,compute,0,1694504509.0,,,1694504514.0,1694504519.0,1694504530.0,32473401.4,1694504515.0,1694504549.0,1694504536.0,1694504539.0,6751.0,1694504549.0,1694504554.0,5.0,,1.0,34.0,5.0,11.0,176636535.0,3.0,20638.0,poseidon,condorpool,poseidon-worker-2-container-20-23,point_alert,/opt/pointAlert/pointAlert,,0.0,0,0,,,,,,,,,
stage_out_local_condorpool_2_4,None,transfer,0,1694504509.0,,,1694504514.0,,,0.0,1694504515.0,1694504524.0,,,0.0,1694504524.0,1694504529.0,5.0,,1.0,9.0,5.0,,,,,poseidon,local,poseidon-submit,pegasus::transfer,/mnt/poseidon-data/poseidon/pegasus-5.1.0panorama/bin/pegasus-transfer,/home/poseidon/pegasus-5.1.0panorama/bin/../bin/pegasus-kickstart  -n pegasus::transfer -N null -i - -R local  -L casa-wind-full -T 2023-09-08T07:29:05+00:00 /home/poseidon/pegasus-5.1.0panorama/bin/../bin/pegasus-transfer  --threads 2,0.8,0,0,,,,,,,,,
stage_out_local_condorpool_2_1,None,transfer,0,1694504509.0,,,1694504514.0,,,0.0,1694504515.0,1694504524.0,,,0.0,1694504524.0,1694504529.0,5.0,,1.0,9.0,5.0,,,,,poseidon,local,poseidon-submit,pegasus::transfer,/mnt/poseidon-data/poseidon/pegasus-5.1.0panorama/bin/pegasus-transfer,/home/poseidon/pegasus-5.1.0panorama/bin/../bin/pegasus-kickstart  -n pegasus::transfer -N null -i - -R local  -L casa-wind-full -T 2023-09-08T07:29:05+00:00 /home/poseidon/pegasus-5.1.0panorama/bin/../bin/pegasus-transfer  --threads 2,0.9,0,0,,,,,,,,,
point_alert_ID0000035,cpu_3,compute,0,1694504509.0,,,1694504514.0,1694504516.0,1694504527.0,35106019.0,1694504515.0,1694504544.0,1694504532.0,1694504536.0,6609.0,1694504544.0,1694504549.0,5.0,,1.0,29.0,5.0,11.0,176638959.0,4.0,20078.0,poseidon,condorpool,poseidon-worker-1-container-32-35,point_alert,/opt/pointAlert/pointAlert,,0.0,0,0,,,,,,,,,
point_alert_ID0000030,None,compute,0,1694504509.0,,,1694504514.0,1694504516.0,1694504527.0,29896257.0,1694504515.0,1694504544.0,1694504533.0,1694504536.0,6582.0,1694504544.0,1694504549.0,5.0,,1.0,29.0,5.0,11.0,176646324.0,3.0,20158.0,poseidon,condorpool,poseidon-worker-2-container-40-43,point_alert,/opt/pointAlert/pointAlert,,0.0,0,0,,,,,,,,,
point_alert_ID0000095,None,compute,0,1694504509.0,,,1694504514.0,1694504516.0,1694504527.0,33807222.4,1694504515.0,1694504544.0,1694504533.0,1694504536.0,6765.0,1694504544.0,1694504549.0,5.0,,1.0,29.0,5.0,11.0,176660390.0,3.0,20718.0,poseidon,condorpool,poseidon-worker-2-container-32-35,point_alert,/opt/pointAlert/pointAlert,,0.0,0,0,,,,,,,,,
point_alert_ID0000115,None,compute,0,1694504509.0,,,1694504514.0,1694504516.0,1694504527.0,29983567.0,1694504515.0,1694504544.0,1694504533.0,1694504536.0,7099.0,1694504544.0,1694504549.0,5.0,,1.0,29.0,5.0,11.0,176681217.0,3.0,21598.0,poseidon,condorpool,poseidon-worker-1-container-20-23,point_alert,/opt/pointAlert/pointAlert,,0.0,0,0,,,,,,,,,
point_alert_ID0000010,None,compute,0,1694504514.0,,,1694504519.0,1694504522.0,1694504532.0,29453386.5,1694504520.0,1694504549.0,1694504538.0,1694504541.0,6665.0,1694504549.0,1694504554.0,5.0,,1.0,29.0,5.0,10.0,176643412.0,3.0,20478.0,poseidon,condorpool,poseidon-worker-2-container-0-3,point_alert,/opt/pointAlert/pointAlert,,0.0,0,0,,,,,,,,,
point_alert_ID0000015,None,compute,0,1694504514.0,,,1694504519.0,1694504524.0,1694504535.0,29478026.5,1694504523.0,1694504549.0,1694504540.0,1694504543.0,6758.0,1694504549.0,1694504554.0,5.0,,4.0,26.0,5.0,11.0,176639974.0,3.0,20558.0,poseidon,condorpool,poseidon-worker-1-container-36-39,point_alert,/opt/pointAlert/pointAlert,,0.0,0,0,,,,,,,,,
point_alert_ID0000105,cpu_3,compute,0,1694504514.0,,,1694504519.0,1694504524.0,1694504536.0,29666220.5,1694504523.0,1694504549.0,1694504541.0,1694504544.0,7007.0,1694504549.0,1694504554.0,5.0,,4.0,26.0,5.0,12.0,176667573.0,3.0,21278.0,poseidon,condorpool,poseidon-worker-2-container-16-19,point_alert,/opt/pointAlert/pointAlert,,0.0,0,0,,,,,,,,,
point_alert_ID0000050,None,compute,0,1694504514.0,,,1694504519.0,1694504522.0,1694504532.0,29926966.5,1694504520.0,1694504549.0,1694504538.0,1694504541.0,6824.0,1694504549.0,1694504554.0,5.0,,1.0,29.0,5.0,10.0,176632091.0,3.0,20878.0,poseidon,condorpool,poseidon-worker-1-container-20-23,point_alert,/opt/pointAlert/pointAlert,,0.0,0,0,,,,,,,,,
point_alert_ID0000040,cpu_3,compute,0,1694504514.0,,,1694504519.0,1694504522.0,1694504533.0,34349751.6,1694504520.0,1694504549.0,1694504538.0,1694504541.0,6742.0,1694504549.0,1694504554.0,5.0,,1.0,29.0,5.0,11.0,176642369.0,3.0,20558.0,poseidon,condorpool,poseidon-worker-1-container-8-11,point_alert,/opt/pointAlert/pointAlert,,0.0,0,0,,,,,,,,,
stage_out_local_condorpool_2_3,None,transfer,0,1694504514.0,,,1694504519.0,,,0.0,1694504520.0,1694504529.0,,,0.0,1694504529.0,1694504534.0,5.0,,1.0,9.0,5.0,,,,,poseidon,local,poseidon-submit,pegasus::transfer,/mnt/poseidon-data/poseidon/pegasus-5.1.0panorama/bin/pegasus-transfer,/home/poseidon/pegasus-5.1.0panorama/bin/../bin/pegasus-kickstart  -n pegasus::transfer -N null -i - -R local  -L casa-wind-full -T 2023-09-08T07:29:05+00:00 /home/poseidon/pegasus-5.1.0panorama/bin/../bin/pegasus-transfer  --threads 2,0.9,0,0,,,,,,,,,
point_alert_ID0000045,None,compute,0,1694504519.0,,,1694504524.0,1694504528.0,1694504539.0,29575143.5,1694504527.0,1694504554.0,1694504545.0,1694504548.0,6844.0,1694504554.0,1694504559.0,5.0,,3.0,27.0,5.0,11.0,176636096.0,3.0,20798.0,poseidon,condorpool,poseidon-worker-1-container-4-7,point_alert,/opt/pointAlert/pointAlert,,0.0,0,0,,,,,,,,,
stage_out_local_condorpool_2_5,None,transfer,0,1694504524.0,,,1694504529.0,,,0.0,1694504530.0,1694504539.0,,,0.0,1694504539.0,1694504544.0,5.0,,1.0,9.0,5.0,,,,,poseidon,local,poseidon-submit,pegasus::transfer,/mnt/poseidon-data/poseidon/pegasus-5.1.0panorama/bin/pegasus-transfer,/home/poseidon/pegasus-5.1.0panorama/bin/../bin/pegasus-kickstart  -n pegasus::transfer -N null -i - -R local  -L casa-wind-full -T 2023-09-08T07:29:05+00:00 /home/poseidon/pegasus-5.1.0panorama/bin/../bin/pegasus-transfer  --threads 2,0.8,0,0,,,,,,,,,
point_alert_ID0000065,None,compute,0,1694504524.0,,,1694504529.0,1694504532.0,1694504543.0,29850166.5,1694504530.0,1694504559.0,1694504548.0,1694504551.0,6630.0,1694504559.0,1694504564.0,5.0,,1.0,29.0,5.0,11.0,176639131.0,3.0,20238.0,poseidon,condorpool,poseidon-worker-2-container-40-43,point_alert,/opt/pointAlert/pointAlert,,0.0,0,0,,,,,,,,,
register_condorpool_2_4,None,auxiliary,0,1694504529.0,,,1694504534.0,,,0.0,1694504535.0,1694504539.0,,,0.0,1694504539.0,1694504544.0,5.0,,1.0,4.0,5.0,,,,,poseidon,local,poseidon-submit,pegasus::rc-client,/mnt/poseidon-data/poseidon/pegasus-5.1.0panorama/bin/pegasus-rc-client,"-n pegasus::rc-client -N null -R local  -L casa-wind-full -T 2023-09-08T07:29:05+00:00 /home/poseidon/pegasus-5.1.0panorama/bin/pegasus-rc-client --prefix pegasus.catalog.replica.output --conf /mnt/poseidon-data/poseidon/workflows/casa-wind-workflow-full/submit/poseidon/pegasus/casa-wind-full/run0469/pegasus.15836471240340486803.properties -v --meta /mnt/poseidon-data/poseidon/workflows/casa-wind-workflow-full/submit/poseidon/pegasus/casa-wind-full/run0469/00/02/post_vel_ID0000108.meta,/mnt/poseidon-data/poseidon/workflows/casa-wind-workflow-full/submit/poseidon/pegasus/casa-wind-full/run0469/00/01/post_vel_ID0000063.meta,/mnt/poseidon-data/poseidon/workflows/casa-wind-workflow-full/submit/poseidon/pegasus/casa-wind-full/run0469/00/01/post_vel_ID0000013.meta,/mnt/poseidon-data/poseidon/workflows/casa-wind-workflow-full/submit/poseidon/pegasus/casa-wind-full/run0469/00/02/mvt_ID0000054.meta,/mnt/poseidon-data/poseidon/workflows/casa-wind-workflow-full/submit/poseidon/pegasus/casa-wind-full/run0469/00/01/post_vel_ID0000033.meta,/mnt/poseidon-data/poseidon/workflows/casa-wind-workflow-full/submit/poseidon/pegasus/casa-wind-full/run0469/00/02/post_vel_ID0000113.meta,/mnt/poseidon-data/poseidon/workflows/casa-wind-workflow-full/submit/poseidon/pegasus/casa-wind-full/run0469/00/01/post_vel_ID0000003.meta,/mnt/poseidon-data/poseidon/workflows/casa-wind-workflow-full/submit/poseidon/pegasus/casa-wind-full/run0469/00/01/post_vel_ID0000118.meta --insert /mnt/poseidon-data/poseidon/workflows/casa-wind-workflow-full/submit/poseidon/pegasus/casa-wind-full/run0469/00/02/register_condorpool_2_4.in",2.5,0,0,,,,,,,,,
register_condorpool_2_1,None,auxiliary,0,1694504529.0,,,1694504594.0,,,0.0,1694504594.0,1694504599.0,,,0.0,1694504599.0,1694504604.0,65.0,,0.0,5.0,5.0,,,,,poseidon,local,poseidon-submit,pegasus::rc-client,/mnt/poseidon-data/poseidon/pegasus-5.1.0panorama/bin/pegasus-rc-client,"-n pegasus::rc-client -N null -R local  -L casa-wind-full -T 2023-09-08T07:29:05+00:00 /home/poseidon/pegasus-5.1.0panorama/bin/pegasus-rc-client --prefix pegasus.catalog.replica.output --conf /mnt/poseidon-data/poseidon/workflows/casa-wind-workflow-full/submit/poseidon/pegasus/casa-wind-full/run0469/pegasus.15836471240340486803.properties -v --meta /mnt/poseidon-data/poseidon/workflows/casa-wind-workflow-full/submit/poseidon/pegasus/casa-wind-full/run0469/00/01/post_vel_ID0000028.meta,/mnt/poseidon-data/poseidon/workflows/casa-wind-workflow-full/submit/poseidon/pegasus/casa-wind-full/run0469/00/02/post_vel_ID0000043.meta,/mnt/poseidon-data/poseidon/workflows/casa-wind-workflow-full/submit/poseidon/pegasus/casa-wind-full/run0469/00/01/post_vel_ID0000128.meta,/mnt/poseidon-data/poseidon/workflows/casa-wind-workflow-full/submit/poseidon/pegasus/casa-wind-full/run0469/00/01/mvt_ID0000094.meta,/mnt/poseidon-data/poseidon/workflows/casa-wind-workflow-full/submit/poseidon/pegasus/casa-wind-full/run0469/00/01/mvt_ID0000069.meta,/mnt/poseidon-data/poseidon/workflows/casa-wind-workflow-full/submit/poseidon/pegasus/casa-wind-full/run0469/00/02/mvt_ID0000059.meta,/mnt/poseidon-data/poseidon/workflows/casa-wind-workflow-full/submit/poseidon/pegasus/casa-wind-full/run0469/00/01/mvt_ID0000124.meta,/mnt/poseidon-data/poseidon/workflows/casa-wind-workflow-full/submit/poseidon/pegasus/casa-wind-full/run0469/00/01/mvt_ID0000024.meta,/mnt/poseidon-data/poseidon/workflows/casa-wind-workflow-full/submit/poseidon/pegasus/casa-wind-full/run0469/00/02/mvt_ID0000079.meta --insert /mnt/poseidon-data/poseidon/workflows/casa-wind-workflow-full/submit/poseidon/pegasus/casa-wind-full/run0469/00/02/register_condorpool_2_1.in",2.6,0,0,,,,,,,,,
register_condorpool_2_3,None,auxiliary,0,1694504534.0,,,1694504544.0,,,0.0,1694504545.0,1694504549.0,,,0.0,1694504549.0,1694504554.0,10.0,,1.0,4.0,5.0,,,,,poseidon,local,poseidon-submit,pegasus::rc-client,/mnt/poseidon-data/poseidon/pegasus-5.1.0panorama/bin/pegasus-rc-client,"-n pegasus::rc-client -N null -R local  -L casa-wind-full -T 2023-09-08T07:29:05+00:00 /home/poseidon/pegasus-5.1.0panorama/bin/pegasus-rc-client --prefix pegasus.catalog.replica.output --conf /mnt/poseidon-data/poseidon/workflows/casa-wind-workflow-full/submit/poseidon/pegasus/casa-wind-full/run0469/pegasus.15836471240340486803.properties -v --meta /mnt/poseidon-data/poseidon/workflows/casa-wind-workflow-full/submit/poseidon/pegasus/casa-wind-full/run0469/00/01/mvt_ID0000084.meta,/mnt/poseidon-data/poseidon/workflows/casa-wind-workflow-full/submit/poseidon/pegasus/casa-wind-full/run0469/00/02/post_vel_ID0000103.meta,/mnt/poseidon-data/poseidon/workflows/casa-wind-workflow-full/submit/poseidon/pegasus/casa-wind-full/run0469/00/01/post_vel_ID0000098.meta,/mnt/poseidon-data/poseidon/workflows/casa-wind-workflow-full/submit/poseidon/pegasus/casa-wind-full/run0469/00/02/post_vel_ID0000048.meta,/mnt/poseidon-data/poseidon/workflows/casa-wind-workflow-full/submit/poseidon/pegasus/casa-wind-full/run0469/00/01/mvt_ID0000009.meta,/mnt/poseidon-data/poseidon/workflows/casa-wind-workflow-full/submit/poseidon/pegasus/casa-wind-full/run0469/00/01/post_vel_ID0000018.meta,/mnt/poseidon-data/poseidon/workflows/casa-wind-workflow-full/submit/poseidon/pegasus/casa-wind-full/run0469/00/01/mvt_ID0000089.meta,/mnt/poseidon-data/poseidon/workflows/casa-wind-workflow-full/submit/poseidon/pegasus/casa-wind-full/run0469/00/02/mvt_ID0000074.meta,/mnt/poseidon-data/poseidon/workflows/casa-wind-workflow-full/submit/poseidon/pegasus/casa-wind-full/run0469/00/02/post_vel_ID0000038.meta --insert /mnt/poseidon-data/poseidon/workflows/casa-wind-workflow-full/submit/poseidon/pegasus/casa-wind-full/run0469/00/02/register_condorpool_2_3.in",2.6,0,0,,,,,,,,,
point_alert_ID0000100,None,compute,0,1694504539.0,,,1694504544.0,1694504547.0,1694504558.0,28396561.4,1694504545.0,1694504574.0,1694504564.0,1694504567.0,6746.0,1694504574.0,1694504579.0,5.0,,1.0,29.0,5.0,11.0,176658101.0,3.0,20638.0,poseidon,condorpool,poseidon-worker-2-container-8-11,point_alert,/opt/pointAlert/pointAlert,,0.0,0,0,,,,,,,,,
stage_out_local_condorpool_2_0,None,transfer,0,1694504539.0,,,1694504544.0,,,0.0,1694504545.0,1694504549.0,,,0.0,1694504549.0,1694504554.0,5.0,,1.0,4.0,5.0,,,,,poseidon,local,poseidon-submit,pegasus::transfer,/mnt/poseidon-data/poseidon/pegasus-5.1.0panorama/bin/pegasus-transfer,/home/poseidon/pegasus-5.1.0panorama/bin/../bin/pegasus-kickstart  -n pegasus::transfer -N null -i - -R local  -L casa-wind-full -T 2023-09-08T07:29:05+00:00 /home/poseidon/pegasus-5.1.0panorama/bin/../bin/pegasus-transfer  --threads 2,0.9,0,0,,,,,,,,,
point_alert_ID0000130,cpu_3,compute,0,1694504539.0,,,1694504544.0,1694504547.0,1694504558.0,29634366.5,1694504545.0,1694504574.0,1694504563.0,1694504566.0,7426.0,1694504574.0,1694504579.0,5.0,,1.0,29.0,5.0,11.0,176672472.0,3.0,23118.0,poseidon,condorpool,poseidon-worker-1-container-32-35,point_alert,/opt/pointAlert/pointAlert,,0.0,0,0,,,,,,,,,
stage_out_local_condorpool_2_2,None,transfer,0,1694504539.0,,,1694504544.0,,,0.0,1694504545.0,1694504549.0,,,0.0,1694504549.0,1694504554.0,5.0,,1.0,4.0,5.0,,,,,poseidon,local,poseidon-submit,pegasus::transfer,/mnt/poseidon-data/poseidon/pegasus-5.1.0panorama/bin/pegasus-transfer,/home/poseidon/pegasus-5.1.0panorama/bin/../bin/pegasus-kickstart  -n pegasus::transfer -N null -i - -R local  -L casa-wind-full -T 2023-09-08T07:29:05+00:00 /home/poseidon/pegasus-5.1.0panorama/bin/../bin/pegasus-transfer  --threads 2,0.9,0,0,,,,,,,,,
register_condorpool_2_5,None,auxiliary,0,1694504544.0,,,1694504554.0,,,0.0,1694504554.0,1694504559.0,,,0.0,1694504559.0,1694504564.0,10.0,,0.0,5.0,5.0,,,,,poseidon,local,poseidon-submit,pegasus::rc-client,/mnt/poseidon-data/poseidon/pegasus-5.1.0panorama/bin/pegasus-rc-client,"-n pegasus::rc-client -N null -R local  -L casa-wind-full -T 2023-09-08T07:29:05+00:00 /home/poseidon/pegasus-5.1.0panorama/bin/pegasus-rc-client --prefix pegasus.catalog.replica.output --conf /mnt/poseidon-data/poseidon/workflows/casa-wind-workflow-full/submit/poseidon/pegasus/casa-wind-full/run0469/pegasus.15836471240340486803.properties -v --meta /mnt/poseidon-data/poseidon/workflows/casa-wind-workflow-full/submit/poseidon/pegasus/casa-wind-full/run0469/00/01/mvt_ID0000004.meta,/mnt/poseidon-data/poseidon/workflows/casa-wind-workflow-full/submit/poseidon/pegasus/casa-wind-full/run0469/00/01/mvt_ID0000119.meta,/mnt/poseidon-data/poseidon/workflows/casa-wind-workflow-full/submit/poseidon/pegasus/casa-wind-full/run0469/00/02/post_vel_ID0000053.meta,/mnt/poseidon-data/poseidon/workflows/casa-wind-workflow-full/submit/poseidon/pegasus/casa-wind-full/run0469/00/02/mvt_ID0000114.meta,/mnt/poseidon-data/poseidon/workflows/casa-wind-workflow-full/submit/poseidon/pegasus/casa-wind-full/run0469/00/01/mvt_ID0000034.meta,/mnt/poseidon-data/poseidon/workflows/casa-wind-workflow-full/submit/poseidon/pegasus/casa-wind-full/run0469/00/01/mvt_ID0000014.meta,/mnt/poseidon-data/poseidon/workflows/casa-wind-workflow-full/submit/poseidon/pegasus/casa-wind-full/run0469/00/02/mvt_ID0000109.meta,/mnt/poseidon-data/poseidon/workflows/casa-wind-workflow-full/submit/poseidon/pegasus/casa-wind-full/run0469/00/01/mvt_ID0000064.meta --insert /mnt/poseidon-data/poseidon/workflows/casa-wind-workflow-full/submit/poseidon/pegasus/casa-wind-full/run0469/00/02/register_condorpool_2_5.in",2.6,0,0,,,,,,,,,
register_condorpool_2_0,None,auxiliary,0,1694504554.0,,,1694504564.0,,,0.0,1694504565.0,1694504569.0,,,0.0,1694504569.0,1694504574.0,10.0,,1.0,4.0,5.0,,,,,poseidon,local,poseidon-submit,pegasus::rc-client,/mnt/poseidon-data/poseidon/pegasus-5.1.0panorama/bin/pegasus-rc-client,"-n pegasus::rc-client -N null -R local  -L casa-wind-full -T 2023-09-08T07:29:05+00:00 /home/poseidon/pegasus-5.1.0panorama/bin/pegasus-rc-client --prefix pegasus.catalog.replica.output --conf /mnt/poseidon-data/poseidon/workflows/casa-wind-workflow-full/submit/poseidon/pegasus/casa-wind-full/run0469/pegasus.15836471240340486803.properties -v --meta /mnt/poseidon-data/poseidon/workflows/casa-wind-workflow-full/submit/poseidon/pegasus/casa-wind-full/run0469/00/01/post_vel_ID0000023.meta,/mnt/poseidon-data/poseidon/workflows/casa-wind-workflow-full/submit/poseidon/pegasus/casa-wind-full/run0469/00/01/post_vel_ID0000093.meta,/mnt/poseidon-data/poseidon/workflows/casa-wind-workflow-full/submit/poseidon/pegasus/casa-wind-full/run0469/00/01/mvt_ID0000129.meta,/mnt/poseidon-data/poseidon/workflows/casa-wind-workflow-full/submit/poseidon/pegasus/casa-wind-full/run0469/00/02/mvt_ID0000044.meta,/mnt/poseidon-data/poseidon/workflows/casa-wind-workflow-full/submit/poseidon/pegasus/casa-wind-full/run0469/00/02/post_vel_ID0000058.meta,/mnt/poseidon-data/poseidon/workflows/casa-wind-workflow-full/submit/poseidon/pegasus/casa-wind-full/run0469/00/01/post_vel_ID0000068.meta,/mnt/poseidon-data/poseidon/workflows/casa-wind-workflow-full/submit/poseidon/pegasus/casa-wind-full/run0469/00/01/post_vel_ID0000123.meta,/mnt/poseidon-data/poseidon/workflows/casa-wind-workflow-full/submit/poseidon/pegasus/casa-wind-full/run0469/00/02/post_vel_ID0000078.meta,/mnt/poseidon-data/poseidon/workflows/casa-wind-workflow-full/submit/poseidon/pegasus/casa-wind-full/run0469/00/01/mvt_ID0000029.meta --insert /mnt/poseidon-data/poseidon/workflows/casa-wind-workflow-full/submit/poseidon/pegasus/casa-wind-full/run0469/00/02/register_condorpool_2_0.in",2.5,0,0,,,,,,,,,
register_condorpool_2_2,None,auxiliary,0,1694504554.0,,,1694504574.0,,,0.0,1694504575.0,1694504579.0,,,0.0,1694504579.0,1694504584.0,20.0,,1.0,4.0,5.0,,,,,poseidon,local,poseidon-submit,pegasus::rc-client,/mnt/poseidon-data/poseidon/pegasus-5.1.0panorama/bin/pegasus-rc-client,"-n pegasus::rc-client -N null -R local  -L casa-wind-full -T 2023-09-08T07:29:05+00:00 /home/poseidon/pegasus-5.1.0panorama/bin/pegasus-rc-client --prefix pegasus.catalog.replica.output --conf /mnt/poseidon-data/poseidon/workflows/casa-wind-workflow-full/submit/poseidon/pegasus/casa-wind-full/run0469/pegasus.15836471240340486803.properties -v --meta /mnt/poseidon-data/poseidon/workflows/casa-wind-workflow-full/submit/poseidon/pegasus/casa-wind-full/run0469/00/02/post_vel_ID0000073.meta,/mnt/poseidon-data/poseidon/workflows/casa-wind-workflow-full/submit/poseidon/pegasus/casa-wind-full/run0469/00/02/mvt_ID0000039.meta,/mnt/poseidon-data/poseidon/workflows/casa-wind-workflow-full/submit/poseidon/pegasus/casa-wind-full/run0469/00/01/mvt_ID0000099.meta,/mnt/poseidon-data/poseidon/workflows/casa-wind-workflow-full/submit/poseidon/pegasus/casa-wind-full/run0469/00/01/post_vel_ID0000008.meta,/mnt/poseidon-data/poseidon/workflows/casa-wind-workflow-full/submit/poseidon/pegasus/casa-wind-full/run0469/00/02/mvt_ID0000049.meta,/mnt/poseidon-data/poseidon/workflows/casa-wind-workflow-full/submit/poseidon/pegasus/casa-wind-full/run0469/00/01/mvt_ID0000019.meta,/mnt/poseidon-data/poseidon/workflows/casa-wind-workflow-full/submit/poseidon/pegasus/casa-wind-full/run0469/00/02/mvt_ID0000104.meta,/mnt/poseidon-data/poseidon/workflows/casa-wind-workflow-full/submit/poseidon/pegasus/casa-wind-full/run0469/00/01/post_vel_ID0000083.meta,/mnt/poseidon-data/poseidon/workflows/casa-wind-workflow-full/submit/poseidon/pegasus/casa-wind-full/run0469/00/01/post_vel_ID0000088.meta --insert /mnt/poseidon-data/poseidon/workflows/casa-wind-workflow-full/submit/poseidon/pegasus/casa-wind-full/run0469/00/02/register_condorpool_2_2.in",2.7,0,0,,,,,,,,,
stage_out_local_condorpool_3_2,None,transfer,0,1694504564.0,,,1694504569.0,,,0.0,1694504570.0,1694504574.0,,,0.0,1694504574.0,1694504579.0,5.0,,1.0,4.0,5.0,,,,,poseidon,local,poseidon-submit,pegasus::transfer,/mnt/poseidon-data/poseidon/pegasus-5.1.0panorama/bin/pegasus-transfer,/home/poseidon/pegasus-5.1.0panorama/bin/../bin/pegasus-kickstart  -n pegasus::transfer -N null -i - -R local  -L casa-wind-full -T 2023-09-08T07:29:05+00:00 /home/poseidon/pegasus-5.1.0panorama/bin/../bin/pegasus-transfer  --threads 2,0.8,0,0,,,,,,,,,
stage_out_local_condorpool_3_0,None,transfer,0,1694504579.0,,,1694504584.0,,,0.0,1694504584.0,1694504589.0,,,0.0,1694504589.0,1694504594.0,5.0,,0.0,5.0,5.0,,,,,poseidon,local,poseidon-submit,pegasus::transfer,/mnt/poseidon-data/poseidon/pegasus-5.1.0panorama/bin/pegasus-transfer,/home/poseidon/pegasus-5.1.0panorama/bin/../bin/pegasus-kickstart  -n pegasus::transfer -N null -i - -R local  -L casa-wind-full -T 2023-09-08T07:29:05+00:00 /home/poseidon/pegasus-5.1.0panorama/bin/../bin/pegasus-transfer  --threads 2,1.0,0,0,,,,,,,,,
stage_out_local_condorpool_3_1,None,transfer,0,1694504579.0,,,1694504584.0,,,0.0,1694504584.0,1694504589.0,,,0.0,1694504589.0,1694504594.0,5.0,,0.0,5.0,5.0,,,,,poseidon,local,poseidon-submit,pegasus::transfer,/mnt/poseidon-data/poseidon/pegasus-5.1.0panorama/bin/pegasus-transfer,/home/poseidon/pegasus-5.1.0panorama/bin/../bin/pegasus-kickstart  -n pegasus::transfer -N null -i - -R local  -L casa-wind-full -T 2023-09-08T07:29:05+00:00 /home/poseidon/pegasus-5.1.0panorama/bin/../bin/pegasus-transfer  --threads 2,1.0,0,0,,,,,,,,,
register_condorpool_3_2,None,auxiliary,0,1694504579.0,,,1694504584.0,,,0.0,1694504584.0,1694504589.0,,,0.0,1694504589.0,1694504594.0,5.0,,0.0,5.0,5.0,,,,,poseidon,local,poseidon-submit,pegasus::rc-client,/mnt/poseidon-data/poseidon/pegasus-5.1.0panorama/bin/pegasus-rc-client,"-n pegasus::rc-client -N null -R local  -L casa-wind-full -T 2023-09-08T07:29:05+00:00 /home/poseidon/pegasus-5.1.0panorama/bin/pegasus-rc-client --prefix pegasus.catalog.replica.output --conf /mnt/poseidon-data/poseidon/workflows/casa-wind-workflow-full/submit/poseidon/pegasus/casa-wind-full/run0469/pegasus.15836471240340486803.properties -v --meta /mnt/poseidon-data/poseidon/workflows/casa-wind-workflow-full/submit/poseidon/pegasus/casa-wind-full/run0469/00/03/point_alert_ID0000110.meta,/mnt/poseidon-data/poseidon/workflows/casa-wind-workflow-full/submit/poseidon/pegasus/casa-wind-full/run0469/00/03/point_alert_ID0000055.meta,/mnt/poseidon-data/poseidon/workflows/casa-wind-workflow-full/submit/poseidon/pegasus/casa-wind-full/run0469/00/02/point_alert_ID0000115.meta,/mnt/poseidon-data/poseidon/workflows/casa-wind-workflow-full/submit/poseidon/pegasus/casa-wind-full/run0469/00/02/point_alert_ID0000120.meta,/mnt/poseidon-data/poseidon/workflows/casa-wind-workflow-full/submit/poseidon/pegasus/casa-wind-full/run0469/00/02/point_alert_ID0000035.meta,/mnt/poseidon-data/poseidon/workflows/casa-wind-workflow-full/submit/poseidon/pegasus/casa-wind-full/run0469/00/02/point_alert_ID0000015.meta,/mnt/poseidon-data/poseidon/workflows/casa-wind-workflow-full/submit/poseidon/pegasus/casa-wind-full/run0469/00/02/point_alert_ID0000065.meta,/mnt/poseidon-data/poseidon/workflows/casa-wind-workflow-full/submit/poseidon/pegasus/casa-wind-full/run0469/00/02/point_alert_ID0000005.meta --insert /mnt/poseidon-data/poseidon/workflows/casa-wind-workflow-full/submit/poseidon/pegasus/casa-wind-full/run0469/00/03/register_condorpool_3_2.in",2.7,0,0,,,,,,,,,
cleanup_casa-wind-full_0_condorpool,None,auxiliary,0,1694504594.0,,,1694504599.0,,,0.0,1694504599.0,1694504604.0,,,0.0,1694504604.0,1694504609.0,5.0,,0.0,5.0,5.0,,,,,poseidon,local,poseidon-submit,pegasus::cleanup,/mnt/poseidon-data/poseidon/pegasus-5.1.0panorama/bin/pegasus-transfer,pegasus-kickstart  -n pegasus::cleanup -N null -i - -R local  -L casa-wind-full -T 2023-09-08T07:29:05+00:00 pegasus-transfer,0.2,0,0,,,,,,,,,
register_condorpool_3_0,None,auxiliary,0,1694504594.0,,,1694504615.0,,,0.0,1694504615.0,1694504620.0,,,0.0,1694504620.0,1694504625.0,21.0,,0.0,5.0,5.0,,,,,poseidon,local,poseidon-submit,pegasus::rc-client,/mnt/poseidon-data/poseidon/pegasus-5.1.0panorama/bin/pegasus-rc-client,"-n pegasus::rc-client -N null -R local  -L casa-wind-full -T 2023-09-08T07:29:05+00:00 /home/poseidon/pegasus-5.1.0panorama/bin/pegasus-rc-client --prefix pegasus.catalog.replica.output --conf /mnt/poseidon-data/poseidon/workflows/casa-wind-workflow-full/submit/poseidon/pegasus/casa-wind-full/run0469/pegasus.15836471240340486803.properties -v --meta /mnt/poseidon-data/poseidon/workflows/casa-wind-workflow-full/submit/poseidon/pegasus/casa-wind-full/run0469/00/02/point_alert_ID0000125.meta,/mnt/poseidon-data/poseidon/workflows/casa-wind-workflow-full/submit/poseidon/pegasus/casa-wind-full/run0469/00/02/point_alert_ID0000095.meta,/mnt/poseidon-data/poseidon/workflows/casa-wind-workflow-full/submit/poseidon/pegasus/casa-wind-full/run0469/00/03/point_alert_ID0000060.meta,/mnt/poseidon-data/poseidon/workflows/casa-wind-workflow-full/submit/poseidon/pegasus/casa-wind-full/run0469/00/02/point_alert_ID0000030.meta,/mnt/poseidon-data/poseidon/workflows/casa-wind-workflow-full/submit/poseidon/pegasus/casa-wind-full/run0469/00/02/point_alert_ID0000025.meta,/mnt/poseidon-data/poseidon/workflows/casa-wind-workflow-full/submit/poseidon/pegasus/casa-wind-full/run0469/00/03/point_alert_ID0000045.meta,/mnt/poseidon-data/poseidon/workflows/casa-wind-workflow-full/submit/poseidon/pegasus/casa-wind-full/run0469/00/02/point_alert_ID0000130.meta,/mnt/poseidon-data/poseidon/workflows/casa-wind-workflow-full/submit/poseidon/pegasus/casa-wind-full/run0469/00/02/point_alert_ID0000070.meta,/mnt/poseidon-data/poseidon/workflows/casa-wind-workflow-full/submit/poseidon/pegasus/casa-wind-full/run0469/00/02/point_alert_ID0000080.meta --insert /mnt/poseidon-data/poseidon/workflows/casa-wind-workflow-full/submit/poseidon/pegasus/casa-wind-full/run0469/00/03/register_condorpool_3_0.in",2.7,0,0,,,,,,,,,
register_condorpool_3_1,None,auxiliary,0,1694504594.0,,,1694504604.0,,,0.0,1694504605.0,1694504609.0,,,0.0,1694504609.0,1694504615.0,10.0,,1.0,4.0,6.0,,,,,poseidon,local,poseidon-submit,pegasus::rc-client,/mnt/poseidon-data/poseidon/pegasus-5.1.0panorama/bin/pegasus-rc-client,"-n pegasus::rc-client -N null -R local  -L casa-wind-full -T 2023-09-08T07:29:05+00:00 /home/poseidon/pegasus-5.1.0panorama/bin/pegasus-rc-client --prefix pegasus.catalog.replica.output --conf /mnt/poseidon-data/poseidon/workflows/casa-wind-workflow-full/submit/poseidon/pegasus/casa-wind-full/run0469/pegasus.15836471240340486803.properties -v --meta /mnt/poseidon-data/poseidon/workflows/casa-wind-workflow-full/submit/poseidon/pegasus/casa-wind-full/run0469/00/02/point_alert_ID0000010.meta,/mnt/poseidon-data/poseidon/workflows/casa-wind-workflow-full/submit/poseidon/pegasus/casa-wind-full/run0469/00/02/point_alert_ID0000090.meta,/mnt/poseidon-data/poseidon/workflows/casa-wind-workflow-full/submit/poseidon/pegasus/casa-wind-full/run0469/00/02/point_alert_ID0000085.meta,/mnt/poseidon-data/poseidon/workflows/casa-wind-workflow-full/submit/poseidon/pegasus/casa-wind-full/run0469/00/02/point_alert_ID0000075.meta,/mnt/poseidon-data/poseidon/workflows/casa-wind-workflow-full/submit/poseidon/pegasus/casa-wind-full/run0469/00/02/point_alert_ID0000100.meta,/mnt/poseidon-data/poseidon/workflows/casa-wind-workflow-full/submit/poseidon/pegasus/casa-wind-full/run0469/00/03/point_alert_ID0000040.meta,/mnt/poseidon-data/poseidon/workflows/casa-wind-workflow-full/submit/poseidon/pegasus/casa-wind-full/run0469/00/02/point_alert_ID0000020.meta,/mnt/poseidon-data/poseidon/workflows/casa-wind-workflow-full/submit/poseidon/pegasus/casa-wind-full/run0469/00/03/point_alert_ID0000050.meta,/mnt/poseidon-data/poseidon/workflows/casa-wind-workflow-full/submit/poseidon/pegasus/casa-wind-full/run0469/00/03/point_alert_ID0000105.meta --insert /mnt/poseidon-data/poseidon/workflows/casa-wind-workflow-full/submit/poseidon/pegasus/casa-wind-full/run0469/00/03/register_condorpool_3_1.in",2.6,0,0,,,,,,,,,
