,anomaly_type,type,is_clustered,ready,pre_script_start,pre_script_end,submit,stage_in_start,stage_in_end,stage_in_effective_bytes_per_sec,execute_start,execute_end,stage_out_start,stage_out_end,stage_out_effective_bytes_per_sec,post_script_start,post_script_end,wms_delay,pre_script_delay,queue_delay,runtime,post_script_delay,stage_in_delay,stage_in_bytes,stage_out_delay,stage_out_bytes,kickstart_user,kickstart_site,kickstart_hostname,kickstart_transformations,kickstart_executables,kickstart_executables_argv,kickstart_executables_cpu_time,kickstart_status,kickstart_executables_exitcode,kickstart_online_iowait,kickstart_online_bytes_read,kickstart_online_bytes_written,kickstart_online_read_system_calls,kickstart_online_write_system_calls,kickstart_online_utime,kickstart_online_stime,kickstart_online_bytes_read_per_second,kickstart_online_bytes_written_per_second
create_dir_casa-wind-full_0_condorpool,None,auxiliary,0,1694342821.0,,,1694342822.0,,,0.0,1694342826.0,1694342832.0,,,0.0,1694342832.0,1694342837.0,1.0,,4.0,6.0,5.0,,,,,poseidon,local,poseidon-submit,pegasus::dirmanager,/mnt/poseidon-data/poseidon/pegasus-5.1.0panorama/bin/pegasus-transfer,pegasus-kickstart  -n pegasus::dirmanager -N null -i - -R local  -L casa-wind-full -T 2023-09-08T07:29:05+00:00 pegasus-transfer,0.2,0,0,,,,,,,,,
unzip_ID0000006,None,compute,0,1694342837.0,,,1694342843.0,1694342867.0,1694342875.0,26420178.0,1694342865.0,1694342908.0,1694342888.0,1694342901.0,38111427.0,1694342908.0,1694342913.0,6.0,,22.0,43.0,5.0,8.0,222753803.0,13.0,501616588.0,poseidon,condorpool,poseidon-worker-1-container-20-23,unzip,/usr/bin/gunzip,,3.9,0,0,,,,,,,,,
unzip_ID0000106,None,compute,0,1694342837.0,,,1694342843.0,1694342866.0,1694342875.0,27573904.0,1694342864.0,1694342908.0,1694342888.0,1694342902.0,34779032.0,1694342908.0,1694342913.0,6.0,,21.0,44.0,5.0,9.0,241199298.0,14.0,501821816.0,poseidon,condorpool,poseidon-worker-1-container-44-47,unzip,/usr/bin/gunzip,,4.1,0,0,,,,,,,,,
unzip_ID0000046,None,compute,0,1694342837.0,,,1694342843.0,1694342863.0,1694342872.0,26638792.0,1694342862.0,1694342908.0,1694342885.0,1694342900.0,35746501.0,1694342908.0,1694342913.0,6.0,,19.0,46.0,5.0,9.0,229692821.0,15.0,523855228.0,poseidon,condorpool,poseidon-worker-2-container-0-3,unzip,/usr/bin/gunzip,,4.0,0,0,,,,,,,,,
unzip_ID0000101,None,compute,0,1694342837.0,,,1694342843.0,1694342863.0,1694342871.0,30994317.0,1694342861.0,1694342908.0,1694342884.0,1694342898.0,41396787.0,1694342908.0,1694342913.0,6.0,,18.0,47.0,5.0,8.0,250988249.0,14.0,561551644.0,poseidon,condorpool,poseidon-worker-2-container-4-7,unzip,/usr/bin/gunzip,,4.4,0,0,,,,,,,,,
unzip_ID0000026,None,compute,0,1694342837.0,,,1694342843.0,1694342863.0,1694342871.0,27699255.0,1694342861.0,1694342908.0,1694342884.0,1694342898.0,37191169.0,1694342908.0,1694342913.0,6.0,,18.0,47.0,5.0,8.0,227963832.0,14.0,523917888.0,poseidon,condorpool,poseidon-worker-2-container-8-11,unzip,/usr/bin/gunzip,,4.0,0,0,,,,,,,,,
unzip_ID0000126,None,compute,0,1694342837.0,,,1694342843.0,1694342864.0,1694342871.0,37513822.0,1694342863.0,1694342903.0,1694342884.0,1694342894.0,48512329.0,1694342903.0,1694342908.0,6.0,,20.0,40.0,5.0,7.0,249343892.0,10.0,520618424.0,poseidon,condorpool,poseidon-worker-1-container-8-11,unzip,/usr/bin/gunzip,,4.2,0,0,,,,,,,,,
unzip_ID0000031,None,compute,0,1694342837.0,,,1694342843.0,1694342864.0,1694342873.0,25162764.0,1694342862.0,1694342908.0,1694342887.0,1694342901.0,39898008.0,1694342908.0,1694342913.0,6.0,,19.0,46.0,5.0,9.0,237517035.0,14.0,539438752.0,poseidon,condorpool,poseidon-worker-2-container-16-19,unzip,/usr/bin/gunzip,,4.1,0,0,,,,,,,,,
unzip_ID0000076,None,compute,0,1694342837.0,,,1694342843.0,1694342863.0,1694342871.0,29785984.0,1694342861.0,1694342903.0,1694342884.0,1694342895.0,49661937.0,1694342903.0,1694342908.0,6.0,,18.0,42.0,5.0,8.0,233747923.0,11.0,523942844.0,poseidon,condorpool,poseidon-worker-2-container-24-27,unzip,/usr/bin/gunzip,,4.0,0,0,,,,,,,,,
unzip_ID0000011,None,compute,0,1694342837.0,,,1694342843.0,1694342863.0,1694342870.0,33339569.0,1694342861.0,1694342903.0,1694342883.0,1694342893.0,56016240.0,1694342903.0,1694342908.0,6.0,,18.0,42.0,5.0,7.0,235998389.0,10.0,565205920.0,poseidon,condorpool,poseidon-worker-2-container-28-31,unzip,/usr/bin/gunzip,,4.2,0,0,,,,,,,,,
unzip_ID0000056,None,compute,0,1694342837.0,,,1694342843.0,1694342863.0,1694342873.0,23391782.0,1694342861.0,1694342908.0,1694342886.0,1694342901.0,35446273.0,1694342908.0,1694342913.0,6.0,,18.0,47.0,5.0,10.0,232139969.0,15.0,528026776.0,poseidon,condorpool,poseidon-worker-1-container-28-31,unzip,/usr/bin/gunzip,,4.1,0,0,,,,,,,,,
unzip_ID0000071,None,compute,0,1694342837.0,,,1694342843.0,1694342863.0,1694342871.0,31170810.0,1694342861.0,1694342903.0,1694342883.0,1694342895.0,44289588.0,1694342903.0,1694342908.0,6.0,,18.0,42.0,5.0,8.0,240896692.0,12.0,539506600.0,poseidon,condorpool,poseidon-worker-1-container-16-19,unzip,/usr/bin/gunzip,,4.1,0,0,,,,,,,,,
unzip_ID0000051,None,compute,0,1694342837.0,,,1694342843.0,1694342863.0,1694342871.0,28267377.0,1694342861.0,1694342913.0,1694342885.0,1694342906.0,25924416.0,1694342913.0,1694342918.0,6.0,,18.0,52.0,5.0,8.0,239630266.0,21.0,544301296.0,poseidon,condorpool,poseidon-worker-2-container-32-35,unzip,/usr/bin/gunzip,,4.2,0,0,,,,,,,,,
unzip_ID0000111,None,compute,0,1694342837.0,,,1694342843.0,1694342863.0,1694342873.0,24712702.0,1694342861.0,1694342908.0,1694342887.0,1694342902.0,36752531.0,1694342908.0,1694342913.0,6.0,,18.0,47.0,5.0,10.0,256320311.0,15.0,567950764.0,poseidon,condorpool,poseidon-worker-1-container-0-3,unzip,/usr/bin/gunzip,,4.4,0,0,,,,,,,,,
unzip_ID0000091,None,compute,0,1694342837.0,,,1694342843.0,1694342864.0,1694342872.0,30650779.0,1694342862.0,1694342908.0,1694342885.0,1694342900.0,35021536.0,1694342908.0,1694342913.0,6.0,,19.0,46.0,5.0,8.0,246447087.0,15.0,539109992.0,poseidon,condorpool,poseidon-worker-1-container-20-23,unzip,/usr/bin/gunzip,,4.2,0,0,,,,,,,,,
unzip_ID0000081,None,compute,0,1694342837.0,,,1694342842.0,1694342863.0,1694342872.0,28200608.0,1694342861.0,1694342908.0,1694342885.0,1694342898.0,40088800.0,1694342908.0,1694342913.0,5.0,,19.0,47.0,5.0,9.0,245619741.0,13.0,543190672.0,poseidon,condorpool,poseidon-worker-1-container-44-47,unzip,/usr/bin/gunzip,,4.2,0,0,,,,,,,,,
unzip_ID0000041,None,compute,0,1694342837.0,,,1694342842.0,1694342863.0,1694342870.0,34544485.0,1694342861.0,1694342898.0,1694342882.0,1694342891.0,57079845.0,1694342898.0,1694342903.0,5.0,,19.0,37.0,5.0,7.0,238944758.0,9.0,540768928.0,poseidon,condorpool,poseidon-worker-1-container-32-35,unzip,/usr/bin/gunzip,,4.1,0,0,,,,,,,,,
unzip_ID0000061,None,compute,0,1694342837.0,,,1694342842.0,1694342863.0,1694342873.0,24040089.0,1694342861.0,1694342908.0,1694342887.0,1694342900.0,40916025.0,1694342908.0,1694342913.0,5.0,,19.0,47.0,5.0,10.0,240463185.0,13.0,541945820.0,poseidon,condorpool,poseidon-worker-1-container-40-43,unzip,/usr/bin/gunzip,,4.2,0,0,,,,,,,,,
unzip_ID0000096,None,compute,0,1694342837.0,,,1694342843.0,1694342863.0,1694342873.0,25356104.0,1694342862.0,1694342908.0,1694342885.0,1694342900.0,35415642.0,1694342908.0,1694342913.0,6.0,,19.0,46.0,5.0,10.0,240753402.0,15.0,524013876.0,poseidon,condorpool,poseidon-worker-2-container-36-39,unzip,/usr/bin/gunzip,,4.1,0,0,,,,,,,,,
unzip_ID0000121,None,compute,0,1694342837.0,,,1694342842.0,1694342863.0,1694342873.0,26663800.0,1694342862.0,1694342913.0,1694342886.0,1694342906.0,28325472.0,1694342913.0,1694342918.0,5.0,,20.0,51.0,5.0,10.0,250860096.0,20.0,550782944.0,poseidon,condorpool,poseidon-worker-2-container-20-23,unzip,/usr/bin/gunzip,,4.3,0,0,,,,,,,,,
unzip_ID0000066,None,compute,0,1694342837.0,,,1694342842.0,1694342863.0,1694342872.0,26172435.0,1694342861.0,1694342908.0,1694342885.0,1694342898.0,39068943.0,1694342908.0,1694342913.0,5.0,,19.0,47.0,5.0,9.0,232031705.0,13.0,523661496.0,poseidon,condorpool,poseidon-worker-1-container-24-27,unzip,/usr/bin/gunzip,,4.0,0,0,,,,,,,,,
unzip_ID0000001,None,compute,0,1694342837.0,,,1694342842.0,1694342863.0,1694342872.0,25431673.0,1694342861.0,1694342903.0,1694342885.0,1694342897.0,44315148.0,1694342903.0,1694342908.0,5.0,,19.0,42.0,5.0,9.0,232473216.0,12.0,561354992.0,poseidon,condorpool,poseidon-worker-1-container-4-7,unzip,/usr/bin/gunzip,,4.2,0,0,,,,,,,,,
unzip_ID0000086,None,compute,0,1694342837.0,,,1694342842.0,1694342863.0,1694342873.0,23686449.0,1694342861.0,1694342908.0,1694342885.0,1694342899.0,37432387.0,1694342908.0,1694342913.0,5.0,,19.0,47.0,5.0,10.0,234836668.0,14.0,518838800.0,poseidon,condorpool,poseidon-worker-2-container-44-47,unzip,/usr/bin/gunzip,,4.1,0,0,,,,,,,,,
unzip_ID0000016,None,compute,0,1694342837.0,,,1694342842.0,1694342864.0,1694342870.0,34543599.0,1694342862.0,1694342903.0,1694342883.0,1694342893.0,53420920.0,1694342903.0,1694342908.0,5.0,,20.0,41.0,5.0,6.0,225238888.0,10.0,523826084.0,poseidon,condorpool,poseidon-worker-1-container-12-15,unzip,/usr/bin/gunzip,,4.0,0,0,,,,,,,,,
unzip_ID0000036,None,compute,0,1694342837.0,,,1694342842.0,1694342863.0,1694342870.0,33784737.0,1694342862.0,1694342903.0,1694342883.0,1694342894.0,48969036.0,1694342903.0,1694342908.0,5.0,,20.0,41.0,5.0,7.0,232020704.0,11.0,526952240.0,poseidon,condorpool,poseidon-worker-2-container-12-15,unzip,/usr/bin/gunzip,,4.0,0,0,,,,,,,,,
unzip_ID0000116,None,compute,0,1694342837.0,,,1694342842.0,1694342863.0,1694342869.0,37558238.0,1694342861.0,1694342898.0,1694342882.0,1694342891.0,58203511.0,1694342898.0,1694342903.0,5.0,,19.0,37.0,5.0,6.0,249255741.0,9.0,520850676.0,poseidon,condorpool,poseidon-worker-2-container-40-43,unzip,/usr/bin/gunzip,,4.2,0,0,,,,,,,,,
unzip_ID0000021,None,compute,0,1694342837.0,,,1694342842.0,1694342863.0,1694342873.0,23690610.0,1694342861.0,1694342913.0,1694342887.0,1694342903.0,33222176.0,1694342913.0,1694342918.0,5.0,,19.0,52.0,5.0,10.0,235136662.0,16.0,539178100.0,poseidon,condorpool,poseidon-worker-1-container-36-39,unzip,/usr/bin/gunzip,,4.1,0,0,,,,,,,,,
um_vel_ID0000042,None,compute,0,1694342903.0,,,1694342908.0,1694342911.0,1694342932.0,48049833.5,1694342910.0,1694342953.0,1694342940.0,1694342944.0,179332.0,1694342953.0,1694342958.0,5.0,,2.0,43.0,5.0,21.0,717355680.0,4.0,556900.0,poseidon,condorpool,poseidon-worker-1-container-20-23,um_vel,/opt/UM_VEL/UM_VEL,,1.8,0,0,,,,,,,,,
um_vel_ID0000117,None,compute,0,1694342903.0,,,1694342908.0,1694342911.0,1694342932.0,47478928.1,1694342910.0,1694342953.0,1694342940.0,1694342944.0,171272.0,1694342953.0,1694342958.0,5.0,,2.0,43.0,5.0,21.0,697437428.0,4.0,556900.0,poseidon,condorpool,poseidon-worker-1-container-16-19,um_vel,/opt/UM_VEL/UM_VEL,,1.8,0,0,,,,,,,,,
um_vel_ID0000037,None,compute,0,1694342908.0,,,1694342913.0,1694342916.0,1694342936.0,48645270.2,1694342914.0,1694342953.0,1694342944.0,1694342948.0,176125.0,1694342953.0,1694342958.0,5.0,,1.0,39.0,5.0,20.0,703538992.0,4.0,556900.0,poseidon,condorpool,poseidon-worker-1-container-36-39,um_vel,/opt/UM_VEL/UM_VEL,,1.8,0,0,,,,,,,,,
um_vel_ID0000127,None,compute,0,1694342908.0,,,1694342913.0,1694342916.0,1694342934.0,55395656.0,1694342914.0,1694342953.0,1694342943.0,1694342946.0,177064.0,1694342953.0,1694342958.0,5.0,,1.0,39.0,5.0,18.0,697205176.0,3.0,556900.0,poseidon,condorpool,poseidon-worker-2-container-0-3,um_vel,/opt/UM_VEL/UM_VEL,,1.7,0,0,,,,,,,,,
um_vel_ID0000077,None,compute,0,1694342908.0,,,1694342913.0,1694342916.0,1694342934.0,54176362.8,1694342914.0,1694342953.0,1694342943.0,1694342946.0,176651.0,1694342953.0,1694342958.0,5.0,,1.0,39.0,5.0,18.0,700529596.0,3.0,556900.0,poseidon,condorpool,poseidon-worker-2-container-36-39,um_vel,/opt/UM_VEL/UM_VEL,,1.7,0,0,,,,,,,,,
um_vel_ID0000072,None,compute,0,1694342908.0,,,1694342913.0,1694342915.0,1694342935.0,51147479.1,1694342914.0,1694342953.0,1694342944.0,1694342947.0,177116.0,1694342953.0,1694342958.0,5.0,,1.0,39.0,5.0,20.0,716093352.0,3.0,556900.0,poseidon,condorpool,poseidon-worker-1-container-40-43,um_vel,/opt/UM_VEL/UM_VEL,,1.7,0,0,,,,,,,,,
um_vel_ID0000017,None,compute,0,1694342908.0,,,1694342913.0,1694342916.0,1694342935.0,52739611.2,1694342914.0,1694342953.0,1694342943.0,1694342947.0,177167.0,1694342953.0,1694342958.0,5.0,,1.0,39.0,5.0,19.0,700412836.0,4.0,556900.0,poseidon,condorpool,poseidon-worker-1-container-28-31,um_vel,/opt/UM_VEL/UM_VEL,,1.8,0,0,,,,,,,,,
um_vel_ID0000012,None,compute,0,1694342908.0,,,1694342913.0,1694342916.0,1694342938.0,44648185.2,1694342914.0,1694342958.0,1694342947.0,1694342950.0,180194.0,1694342958.0,1694342963.0,5.0,,1.0,44.0,5.0,22.0,741792672.0,3.0,556900.0,poseidon,condorpool,poseidon-worker-2-container-12-15,um_vel,/opt/UM_VEL/UM_VEL,,1.8,0,0,,,,,,,,,
um_vel_ID0000002,None,compute,0,1694342908.0,,,1694342913.0,1694342916.0,1694342937.0,48399883.0,1694342914.0,1694342958.0,1694342945.0,1694342949.0,179333.0,1694342958.0,1694342963.0,5.0,,1.0,44.0,5.0,21.0,737941744.0,4.0,556900.0,poseidon,condorpool,poseidon-worker-2-container-20-23,um_vel,/opt/UM_VEL/UM_VEL,,1.8,0,0,,,,,,,,,
um_vel_ID0000057,None,compute,0,1694342913.0,,,1694342918.0,1694342922.0,1694342949.0,33006908.5,1694342920.0,1694342969.0,1694342958.0,1694342961.0,178715.0,1694342969.0,1694342974.0,5.0,,2.0,49.0,5.0,27.0,704613528.0,3.0,556900.0,poseidon,condorpool,poseidon-worker-2-container-4-7,um_vel,/opt/UM_VEL/UM_VEL,,1.7,0,0,,,,,,,,,
um_vel_ID0000067,None,compute,0,1694342913.0,,,1694342918.0,1694342922.0,1694342941.0,50634564.5,1694342920.0,1694342963.0,1694342950.0,1694342953.0,177658.0,1694342963.0,1694342969.0,5.0,,2.0,43.0,6.0,19.0,700248248.0,3.0,556900.0,poseidon,condorpool,poseidon-worker-1-container-44-47,um_vel,/opt/UM_VEL/UM_VEL,,1.7,0,0,,,,,,,,,
um_vel_ID0000087,None,compute,0,1694342913.0,,,1694342918.0,1694342921.0,1694342941.0,51639817.0,1694342920.0,1694342963.0,1694342949.0,1694342952.0,170315.0,1694342963.0,1694342969.0,5.0,,2.0,43.0,6.0,20.0,695425552.0,3.0,556900.0,poseidon,condorpool,poseidon-worker-2-container-16-19,um_vel,/opt/UM_VEL/UM_VEL,,1.7,0,0,,,,,,,,,
um_vel_ID0000092,None,compute,0,1694342913.0,,,1694342918.0,1694342921.0,1694342944.0,41853092.0,1694342920.0,1694342963.0,1694342953.0,1694342956.0,178537.0,1694342963.0,1694342969.0,5.0,,2.0,43.0,6.0,23.0,715696744.0,3.0,556900.0,poseidon,condorpool,poseidon-worker-1-container-32-35,um_vel,/opt/UM_VEL/UM_VEL,,1.7,0,0,,,,,,,,,
um_vel_ID0000097,None,compute,0,1694342913.0,,,1694342918.0,1694342921.0,1694342942.0,46279035.4,1694342920.0,1694342963.0,1694342951.0,1694342954.0,177351.0,1694342963.0,1694342969.0,5.0,,2.0,43.0,6.0,21.0,700600628.0,3.0,556900.0,poseidon,condorpool,poseidon-worker-1-container-12-15,um_vel,/opt/UM_VEL/UM_VEL,,1.7,0,0,,,,,,,,,
um_vel_ID0000007,None,compute,0,1694342913.0,,,1694342918.0,1694342921.0,1694342943.0,42249162.0,1694342919.0,1694342963.0,1694342952.0,1694342955.0,177289.0,1694342963.0,1694342969.0,5.0,,1.0,44.0,6.0,22.0,678203340.0,3.0,556900.0,poseidon,condorpool,poseidon-worker-2-container-28-31,um_vel,/opt/UM_VEL/UM_VEL,,1.7,0,0,,,,,,,,,
um_vel_ID0000112,None,compute,0,1694342913.0,,,1694342918.0,1694342921.0,1694342943.0,47526455.8,1694342920.0,1694342963.0,1694342952.0,1694342955.0,177812.0,1694342963.0,1694342969.0,5.0,,2.0,43.0,6.0,22.0,744537516.0,3.0,556900.0,poseidon,condorpool,poseidon-worker-2-container-32-35,um_vel,/opt/UM_VEL/UM_VEL,,1.8,0,0,,,,,,,,,
um_vel_ID0000107,None,compute,0,1694342913.0,,,1694342918.0,1694342921.0,1694342939.0,55183264.1,1694342919.0,1694342958.0,1694342948.0,1694342951.0,179474.0,1694342958.0,1694342963.0,5.0,,1.0,39.0,5.0,18.0,678408568.0,3.0,556900.0,poseidon,condorpool,poseidon-worker-1-container-8-11,um_vel,/opt/UM_VEL/UM_VEL,,1.7,0,0,,,,,,,,,
um_vel_ID0000047,None,compute,0,1694342913.0,,,1694342918.0,1694342921.0,1694342943.0,44023010.5,1694342919.0,1694342963.0,1694342952.0,1694342955.0,178811.0,1694342963.0,1694342969.0,5.0,,1.0,44.0,6.0,22.0,700441980.0,3.0,556900.0,poseidon,condorpool,poseidon-worker-2-container-40-43,um_vel,/opt/UM_VEL/UM_VEL,,1.7,0,0,,,,,,,,,
um_vel_ID0000062,None,compute,0,1694342913.0,,,1694342918.0,1694342921.0,1694342943.0,43798343.2,1694342920.0,1694342963.0,1694342952.0,1694342955.0,176916.0,1694342963.0,1694342969.0,5.0,,2.0,43.0,6.0,22.0,718532572.0,3.0,556900.0,poseidon,condorpool,poseidon-worker-1-container-24-27,um_vel,/opt/UM_VEL/UM_VEL,,1.7,0,0,,,,,,,,,
um_vel_ID0000032,None,compute,0,1694342913.0,,,1694342918.0,1694342922.0,1694342941.0,52659550.5,1694342920.0,1694342963.0,1694342949.0,1694342952.0,176217.0,1694342963.0,1694342969.0,5.0,,2.0,43.0,6.0,19.0,716025504.0,3.0,556900.0,poseidon,condorpool,poseidon-worker-1-container-0-3,um_vel,/opt/UM_VEL/UM_VEL,,1.7,0,0,,,,,,,,,
um_vel_ID0000082,None,compute,0,1694342913.0,,,1694342918.0,1694342921.0,1694342941.0,52079064.9,1694342920.0,1694342963.0,1694342949.0,1694342952.0,177453.0,1694342963.0,1694342969.0,5.0,,2.0,43.0,6.0,20.0,719777424.0,3.0,556900.0,poseidon,condorpool,poseidon-worker-1-container-4-7,um_vel,/opt/UM_VEL/UM_VEL,,1.7,0,0,,,,,,,,,
um_vel_ID0000027,None,compute,0,1694342913.0,,,1694342918.0,1694342922.0,1694342947.0,35685056.3,1694342920.0,1694342969.0,1694342956.0,1694342959.0,176853.0,1694342969.0,1694342974.0,5.0,,2.0,49.0,5.0,25.0,700504640.0,3.0,556900.0,poseidon,condorpool,poseidon-worker-2-container-44-47,um_vel,/opt/UM_VEL/UM_VEL,,1.7,0,0,,,,,,,,,
um_vel_ID0000102,None,compute,0,1694342913.0,,,1694342918.0,1694342921.0,1694342943.0,46557170.3,1694342920.0,1694342963.0,1694342952.0,1694342955.0,177963.0,1694342963.0,1694342969.0,5.0,,2.0,43.0,6.0,22.0,738138396.0,3.0,556900.0,poseidon,condorpool,poseidon-worker-2-container-24-27,um_vel,/opt/UM_VEL/UM_VEL,,1.8,0,0,,,,,,,,,
um_vel_ID0000022,None,compute,0,1694342918.0,,,1694342923.0,1694342927.0,1694342948.0,46847782.2,1694342925.0,1694342969.0,1694342956.0,1694342959.0,177298.0,1694342969.0,1694342974.0,5.0,,2.0,44.0,5.0,21.0,715764852.0,3.0,556900.0,poseidon,condorpool,poseidon-worker-1-container-20-23,um_vel,/opt/UM_VEL/UM_VEL,,1.7,0,0,,,,,,,,,
stage_out_local_condorpool_0_2,None,transfer,0,1694342918.0,,,1694342923.0,,,0.0,1694342924.0,1694342958.0,,,0.0,1694342958.0,1694342963.0,5.0,,1.0,34.0,5.0,,,,,poseidon,local,poseidon-submit,pegasus::transfer,/mnt/poseidon-data/poseidon/pegasus-5.1.0panorama/bin/pegasus-transfer,/home/poseidon/pegasus-5.1.0panorama/bin/../bin/pegasus-kickstart  -n pegasus::transfer -N null -i - -R local  -L casa-wind-full -T 2023-09-08T07:29:05+00:00 /home/poseidon/pegasus-5.1.0panorama/bin/../bin/pegasus-transfer  --threads 2,35.7,0,0,,,,,,,,,
stage_out_local_condorpool_0_1,None,transfer,0,1694342918.0,,,1694342923.0,,,0.0,1694342924.0,1694342958.0,,,0.0,1694342958.0,1694342963.0,5.0,,1.0,34.0,5.0,,,,,poseidon,local,poseidon-submit,pegasus::transfer,/mnt/poseidon-data/poseidon/pegasus-5.1.0panorama/bin/pegasus-transfer,/home/poseidon/pegasus-5.1.0panorama/bin/../bin/pegasus-kickstart  -n pegasus::transfer -N null -i - -R local  -L casa-wind-full -T 2023-09-08T07:29:05+00:00 /home/poseidon/pegasus-5.1.0panorama/bin/../bin/pegasus-transfer  --threads 2,35.1,0,0,,,,,,,,,
stage_out_local_condorpool_0_0,None,transfer,0,1694342918.0,,,1694342923.0,,,0.0,1694342924.0,1694342958.0,,,0.0,1694342958.0,1694342963.0,5.0,,1.0,34.0,5.0,,,,,poseidon,local,poseidon-submit,pegasus::transfer,/mnt/poseidon-data/poseidon/pegasus-5.1.0panorama/bin/pegasus-transfer,/home/poseidon/pegasus-5.1.0panorama/bin/../bin/pegasus-kickstart  -n pegasus::transfer -N null -i - -R local  -L casa-wind-full -T 2023-09-08T07:29:05+00:00 /home/poseidon/pegasus-5.1.0panorama/bin/../bin/pegasus-transfer  --threads 2,35.9,0,0,,,,,,,,,
um_vel_ID0000052,None,compute,0,1694342918.0,,,1694342923.0,1694342927.0,1694342946.0,56139578.5,1694342925.0,1694342963.0,1694342954.0,1694342957.0,179062.0,1694342963.0,1694342969.0,5.0,,2.0,38.0,6.0,19.0,720888048.0,3.0,556900.0,poseidon,condorpool,poseidon-worker-1-container-44-47,um_vel,/opt/UM_VEL/UM_VEL,,1.6,0,0,,,,,,,,,
um_vel_ID0000122,None,compute,0,1694342918.0,,,1694342923.0,1694342927.0,1694342947.0,51937076.5,1694342925.0,1694342969.0,1694342956.0,1694342959.0,177103.0,1694342969.0,1694342974.0,5.0,,2.0,44.0,5.0,20.0,727369696.0,3.0,556900.0,poseidon,condorpool,poseidon-worker-2-container-8-11,um_vel,/opt/UM_VEL/UM_VEL,,1.8,0,0,,,,,,,,,
post_vel_ID0000078,None,compute,0,1694342958.0,,,1694342963.0,1694342967.0,1694342978.0,35142317.4,1694342965.0,1694342994.0,1694342983.0,1694342986.0,4009.0,1694342994.0,1694342999.0,5.0,,2.0,29.0,5.0,11.0,177143937.0,3.0,12264.0,poseidon,condorpool,poseidon-worker-2-container-0-3,post_vel,/opt/netcdf2png/merged_netcdf2png,,0.1,0,0,,,,,,,,,
mvt_ID0000074,None,compute,0,1694342958.0,,,1694342963.0,1694342966.0,1694342977.0,35083099.6,1694342964.0,1694343034.0,1694343023.0,1694343026.0,12014.0,1694343034.0,1694343039.0,5.0,,1.0,70.0,5.0,11.0,177143652.0,3.0,38855.0,poseidon,condorpool,poseidon-worker-1-container-44-47,mvt,/opt/mvt/mvt,,40.3,0,0,0.0,805351.0,20480.0,464.0,5.0,39.7,0.1,20133.8,1024.0
post_vel_ID0000073,None,compute,0,1694342958.0,,,1694342963.0,1694342967.0,1694342978.0,34676827.4,1694342965.0,1694342994.0,1694342983.0,1694342986.0,3865.0,1694342994.0,1694342999.0,5.0,,2.0,29.0,5.0,11.0,177143937.0,3.0,11825.0,poseidon,condorpool,poseidon-worker-2-container-20-23,post_vel,/opt/netcdf2png/merged_netcdf2png,,0.1,0,0,,,,,,,,,
mvt_ID0000044,None,compute,0,1694342958.0,,,1694342963.0,1694342966.0,1694342978.0,33743163.6,1694342964.0,1694343034.0,1694343022.0,1694343025.0,8937.0,1694343034.0,1694343039.0,5.0,,1.0,70.0,5.0,12.0,177143652.0,3.0,28113.0,poseidon,condorpool,poseidon-worker-2-container-40-43,mvt,/opt/mvt/mvt,,39.4,0,0,0.0,789140.0,12288.0,422.0,3.0,29.9,0.0,26304.7,1228.8
post_vel_ID0000043,None,compute,0,1694342958.0,,,1694342963.0,1694342966.0,1694342977.0,34865596.2,1694342964.0,1694342994.0,1694342983.0,1694342986.0,3529.0,1694342994.0,1694342999.0,5.0,,1.0,30.0,5.0,11.0,177143937.0,3.0,11050.0,poseidon,condorpool,poseidon-worker-1-container-12-15,post_vel,/opt/netcdf2png/merged_netcdf2png,,0.1,0,0,,,,,,,,,
mvt_ID0000079,None,compute,0,1694342958.0,,,1694342963.0,1694342966.0,1694342977.0,33387411.2,1694342965.0,1694343034.0,1694343023.0,1694343026.0,14648.0,1694343034.0,1694343039.0,5.0,,2.0,69.0,5.0,11.0,177143652.0,3.0,45337.0,poseidon,condorpool,poseidon-worker-1-container-28-31,mvt,/opt/mvt/mvt,,40.7,0,0,0.0,792928.0,24576.0,437.0,6.0,39.6,0.4,19823.2,1228.8
mvt_ID0000129,None,compute,0,1694342958.0,,,1694342963.0,1694342967.0,1694342979.0,26058324.3,1694342965.0,1694343034.0,1694343024.0,1694343027.0,20764.0,1694343034.0,1694343039.0,5.0,,2.0,69.0,5.0,12.0,177143652.0,3.0,64489.0,poseidon,condorpool,poseidon-worker-2-container-24-27,mvt,/opt/mvt/mvt,,39.4,0,0,0.0,794586.0,36864.0,434.0,9.0,29.9,0.1,26486.2,3686.4
post_vel_ID0000128,None,compute,0,1694342958.0,,,1694342963.0,1694342967.0,1694342979.0,28387464.6,1694342965.0,1694342994.0,1694342984.0,1694342987.0,4495.0,1694342994.0,1694342999.0,5.0,,2.0,29.0,5.0,12.0,177143937.0,3.0,14512.0,poseidon,condorpool,poseidon-worker-2-container-16-19,post_vel,/opt/netcdf2png/merged_netcdf2png,,0.1,0,0,,,,,,,,,
mvt_ID0000119,None,compute,0,1694342958.0,,,1694342963.0,1694342966.0,1694342977.0,33382690.4,1694342964.0,1694343034.0,1694343023.0,1694343026.0,20716.0,1694343034.0,1694343039.0,5.0,,1.0,70.0,5.0,11.0,177143652.0,3.0,65525.0,poseidon,condorpool,poseidon-worker-1-container-20-23,mvt,/opt/mvt/mvt,,40.4,0,0,0.0,805361.0,36864.0,464.0,9.0,39.6,0.2,20134.0,3686.4
post_vel_ID0000118,None,compute,0,1694342958.0,,,1694342963.0,1694342966.0,1694342977.0,35026527.6,1694342964.0,1694342994.0,1694342983.0,1694342986.0,4571.0,1694342994.0,1694342999.0,5.0,,1.0,30.0,5.0,11.0,177143937.0,3.0,14402.0,poseidon,condorpool,poseidon-worker-1-container-16-19,post_vel,/opt/netcdf2png/merged_netcdf2png,,0.2,0,0,,,,,,,,,
post_vel_ID0000038,None,compute,0,1694342958.0,,,1694342963.0,1694342966.0,1694342977.0,34407129.6,1694342964.0,1694342994.0,1694342983.0,1694342986.0,3400.0,1694342994.0,1694342999.0,5.0,,1.0,30.0,5.0,11.0,177143937.0,3.0,11227.0,poseidon,condorpool,poseidon-worker-2-container-36-39,post_vel,/opt/netcdf2png/merged_netcdf2png,,0.1,0,0,,,,,,,,,
mvt_ID0000039,None,compute,0,1694342958.0,,,1694342963.0,1694342966.0,1694342978.0,28107896.3,1694342965.0,1694343034.0,1694343024.0,1694343027.0,11122.0,1694343034.0,1694343039.0,5.0,,2.0,69.0,5.0,12.0,177143652.0,3.0,34386.0,poseidon,condorpool,poseidon-worker-1-container-36-39,mvt,/opt/mvt/mvt,,40.3,0,0,0.0,795680.0,16384.0,443.0,4.0,39.9,0.1,19892.0,819.2
post_vel_ID0000018,None,compute,0,1694342958.0,,,1694342963.0,1694342966.0,1694342977.0,31201949.4,1694342964.0,1694342994.0,1694342983.0,1694342986.0,3733.0,1694342994.0,1694342999.0,5.0,,1.0,30.0,5.0,11.0,177143937.0,3.0,11645.0,poseidon,condorpool,poseidon-worker-1-container-40-43,post_vel,/opt/netcdf2png/merged_netcdf2png,,0.1,0,0,,,,,,,,,
mvt_ID0000019,None,compute,0,1694342958.0,,,1694342963.0,1694342966.0,1694342977.0,35087190.2,1694342964.0,1694343034.0,1694343023.0,1694343026.0,11731.0,1694343034.0,1694343039.0,5.0,,1.0,70.0,5.0,11.0,177143652.0,3.0,36245.0,poseidon,condorpool,poseidon-worker-2-container-12-15,mvt,/opt/mvt/mvt,,40.2,0,0,0.0,795680.0,20480.0,443.0,5.0,39.9,0.1,19892.0,1024.0
register_condorpool_0_2,None,auxiliary,0,1694342963.0,,,1694343019.0,,,0.0,1694343020.0,1694343024.0,,,0.0,1694343024.0,1694343029.0,56.0,,1.0,4.0,5.0,,,,,poseidon,local,poseidon-submit,pegasus::rc-client,/mnt/poseidon-data/poseidon/pegasus-5.1.0panorama/bin/pegasus-rc-client,"-n pegasus::rc-client -N null -R local  -L casa-wind-full -T 2023-09-08T07:29:05+00:00 /home/poseidon/pegasus-5.1.0panorama/bin/pegasus-rc-client --prefix pegasus.catalog.replica.output --conf /mnt/poseidon-data/poseidon/workflows/casa-wind-workflow-full/submit/poseidon/pegasus/casa-wind-full/run0132/pegasus.1107228677926455542.properties -v --meta /mnt/poseidon-data/poseidon/workflows/casa-wind-workflow-full/submit/poseidon/pegasus/casa-wind-full/run0132/00/00/unzip_ID0000001.meta,/mnt/poseidon-data/poseidon/workflows/casa-wind-workflow-full/submit/poseidon/pegasus/casa-wind-full/run0132/00/00/unzip_ID0000071.meta,/mnt/poseidon-data/poseidon/workflows/casa-wind-workflow-full/submit/poseidon/pegasus/casa-wind-full/run0132/00/00/unzip_ID0000076.meta,/mnt/poseidon-data/poseidon/workflows/casa-wind-workflow-full/submit/poseidon/pegasus/casa-wind-full/run0132/00/00/unzip_ID0000051.meta,/mnt/poseidon-data/poseidon/workflows/casa-wind-workflow-full/submit/poseidon/pegasus/casa-wind-full/run0132/00/00/unzip_ID0000026.meta,/mnt/poseidon-data/poseidon/workflows/casa-wind-workflow-full/submit/poseidon/pegasus/casa-wind-full/run0132/00/00/unzip_ID0000101.meta,/mnt/poseidon-data/poseidon/workflows/casa-wind-workflow-full/submit/poseidon/pegasus/casa-wind-full/run0132/00/00/unzip_ID0000006.meta,/mnt/poseidon-data/poseidon/workflows/casa-wind-workflow-full/submit/poseidon/pegasus/casa-wind-full/run0132/00/00/unzip_ID0000121.meta,/mnt/poseidon-data/poseidon/workflows/casa-wind-workflow-full/submit/poseidon/pegasus/casa-wind-full/run0132/00/00/unzip_ID0000111.meta,/mnt/poseidon-data/poseidon/workflows/casa-wind-workflow-full/submit/poseidon/pegasus/casa-wind-full/run0132/00/00/unzip_ID0000126.meta,/mnt/poseidon-data/poseidon/workflows/casa-wind-workflow-full/submit/poseidon/pegasus/casa-wind-full/run0132/00/00/unzip_ID0000046.meta,/mnt/poseidon-data/poseidon/workflows/casa-wind-workflow-full/submit/poseidon/pegasus/casa-wind-full/run0132/00/00/unzip_ID0000081.meta,/mnt/poseidon-data/poseidon/workflows/casa-wind-workflow-full/submit/poseidon/pegasus/casa-wind-full/run0132/00/00/unzip_ID0000096.meta,/mnt/poseidon-data/poseidon/workflows/casa-wind-workflow-full/submit/poseidon/pegasus/casa-wind-full/run0132/00/00/unzip_ID0000016.meta,/mnt/poseidon-data/poseidon/workflows/casa-wind-workflow-full/submit/poseidon/pegasus/casa-wind-full/run0132/00/00/unzip_ID0000041.meta,/mnt/poseidon-data/poseidon/workflows/casa-wind-workflow-full/submit/poseidon/pegasus/casa-wind-full/run0132/00/00/unzip_ID0000116.meta,/mnt/poseidon-data/poseidon/workflows/casa-wind-workflow-full/submit/poseidon/pegasus/casa-wind-full/run0132/00/00/unzip_ID0000036.meta,/mnt/poseidon-data/poseidon/workflows/casa-wind-workflow-full/submit/poseidon/pegasus/casa-wind-full/run0132/00/00/unzip_ID0000106.meta,/mnt/poseidon-data/poseidon/workflows/casa-wind-workflow-full/submit/poseidon/pegasus/casa-wind-full/run0132/00/00/unzip_ID0000031.meta,/mnt/poseidon-data/poseidon/workflows/casa-wind-workflow-full/submit/poseidon/pegasus/casa-wind-full/run0132/00/00/unzip_ID0000091.meta,/mnt/poseidon-data/poseidon/workflows/casa-wind-workflow-full/submit/poseidon/pegasus/casa-wind-full/run0132/00/00/unzip_ID0000061.meta,/mnt/poseidon-data/poseidon/workflows/casa-wind-workflow-full/submit/poseidon/pegasus/casa-wind-full/run0132/00/00/unzip_ID0000066.meta,/mnt/poseidon-data/poseidon/workflows/casa-wind-workflow-full/submit/poseidon/pegasus/casa-wind-full/run0132/00/00/unzip_ID0000056.meta,/mnt/poseidon-data/poseidon/workflows/casa-wind-workflow-full/submit/poseidon/pegasus/casa-wind-full/run0132/00/00/unzip_ID0000086.meta,/mnt/poseidon-data/poseidon/workflows/casa-wind-workflow-full/submit/poseidon/pegasus/casa-wind-full/run0132/00/00/unzip_ID0000011.meta,/mnt/poseidon-data/poseidon/workflows/casa-wind-workflow-full/submit/poseidon/pegasus/casa-wind-full/run0132/00/00/unzip_ID0000021.meta --insert /mnt/poseidon-data/poseidon/workflows/casa-wind-workflow-full/submit/poseidon/pegasus/casa-wind-full/run0132/00/00/register_condorpool_0_2.in",2.9,0,0,,,,,,,,,
mvt_ID0000004,None,compute,0,1694342963.0,,,1694342969.0,1694342971.0,1694342982.0,35046621.0,1694342970.0,1694343039.0,1694343028.0,1694343031.0,9424.0,1694343039.0,1694343044.0,6.0,,1.0,69.0,5.0,11.0,177143652.0,3.0,28781.0,poseidon,condorpool,poseidon-worker-1-container-24-27,mvt,/opt/mvt/mvt,,40.1,0,0,0.0,806629.0,16384.0,467.0,4.0,39.9,0.1,20165.7,819.2
mvt_ID0000014,None,compute,0,1694342963.0,,,1694342969.0,1694342972.0,1694342983.0,34977795.8,1694342970.0,1694343039.0,1694343028.0,1694343031.0,10406.0,1694343039.0,1694343044.0,6.0,,1.0,69.0,5.0,11.0,177143652.0,3.0,31991.0,poseidon,condorpool,poseidon-worker-1-container-0-3,mvt,/opt/mvt/mvt,,39.6,0,0,0.0,799996.0,16384.0,446.0,4.0,29.9,0.1,26666.5,819.2
post_vel_ID0000003,None,compute,0,1694342963.0,,,1694342969.0,1694342971.0,1694342983.0,33745181.6,1694342970.0,1694342999.0,1694342988.0,1694342991.0,3437.0,1694342999.0,1694343004.0,6.0,,1.0,29.0,5.0,12.0,177143937.0,3.0,10865.0,poseidon,condorpool,poseidon-worker-1-container-4-7,post_vel,/opt/netcdf2png/merged_netcdf2png,,0.1,0,0,,,,,,,,,
register_condorpool_0_1,None,auxiliary,0,1694342963.0,,,1694342969.0,,,0.0,1694342969.0,1694342974.0,,,0.0,1694342974.0,1694342979.0,6.0,,0.0,5.0,5.0,,,,,poseidon,local,poseidon-submit,pegasus::rc-client,/mnt/poseidon-data/poseidon/pegasus-5.1.0panorama/bin/pegasus-rc-client,"-n pegasus::rc-client -N null -R local  -L casa-wind-full -T 2023-09-08T07:29:05+00:00 /home/poseidon/pegasus-5.1.0panorama/bin/pegasus-rc-client --prefix pegasus.catalog.replica.output --conf /mnt/poseidon-data/poseidon/workflows/casa-wind-workflow-full/submit/poseidon/pegasus/casa-wind-full/run0132/pegasus.1107228677926455542.properties -v --meta /mnt/poseidon-data/poseidon/workflows/casa-wind-workflow-full/submit/poseidon/pegasus/casa-wind-full/run0132/00/00/unzip_ID0000001.meta,/mnt/poseidon-data/poseidon/workflows/casa-wind-workflow-full/submit/poseidon/pegasus/casa-wind-full/run0132/00/00/unzip_ID0000071.meta,/mnt/poseidon-data/poseidon/workflows/casa-wind-workflow-full/submit/poseidon/pegasus/casa-wind-full/run0132/00/00/unzip_ID0000076.meta,/mnt/poseidon-data/poseidon/workflows/casa-wind-workflow-full/submit/poseidon/pegasus/casa-wind-full/run0132/00/00/unzip_ID0000051.meta,/mnt/poseidon-data/poseidon/workflows/casa-wind-workflow-full/submit/poseidon/pegasus/casa-wind-full/run0132/00/00/unzip_ID0000026.meta,/mnt/poseidon-data/poseidon/workflows/casa-wind-workflow-full/submit/poseidon/pegasus/casa-wind-full/run0132/00/00/unzip_ID0000101.meta,/mnt/poseidon-data/poseidon/workflows/casa-wind-workflow-full/submit/poseidon/pegasus/casa-wind-full/run0132/00/00/unzip_ID0000006.meta,/mnt/poseidon-data/poseidon/workflows/casa-wind-workflow-full/submit/poseidon/pegasus/casa-wind-full/run0132/00/00/unzip_ID0000121.meta,/mnt/poseidon-data/poseidon/workflows/casa-wind-workflow-full/submit/poseidon/pegasus/casa-wind-full/run0132/00/00/unzip_ID0000111.meta,/mnt/poseidon-data/poseidon/workflows/casa-wind-workflow-full/submit/poseidon/pegasus/casa-wind-full/run0132/00/00/unzip_ID0000126.meta,/mnt/poseidon-data/poseidon/workflows/casa-wind-workflow-full/submit/poseidon/pegasus/casa-wind-full/run0132/00/00/unzip_ID0000046.meta,/mnt/poseidon-data/poseidon/workflows/casa-wind-workflow-full/submit/poseidon/pegasus/casa-wind-full/run0132/00/00/unzip_ID0000081.meta,/mnt/poseidon-data/poseidon/workflows/casa-wind-workflow-full/submit/poseidon/pegasus/casa-wind-full/run0132/00/00/unzip_ID0000096.meta,/mnt/poseidon-data/poseidon/workflows/casa-wind-workflow-full/submit/poseidon/pegasus/casa-wind-full/run0132/00/00/unzip_ID0000016.meta,/mnt/poseidon-data/poseidon/workflows/casa-wind-workflow-full/submit/poseidon/pegasus/casa-wind-full/run0132/00/00/unzip_ID0000041.meta,/mnt/poseidon-data/poseidon/workflows/casa-wind-workflow-full/submit/poseidon/pegasus/casa-wind-full/run0132/00/00/unzip_ID0000116.meta,/mnt/poseidon-data/poseidon/workflows/casa-wind-workflow-full/submit/poseidon/pegasus/casa-wind-full/run0132/00/00/unzip_ID0000036.meta,/mnt/poseidon-data/poseidon/workflows/casa-wind-workflow-full/submit/poseidon/pegasus/casa-wind-full/run0132/00/00/unzip_ID0000106.meta,/mnt/poseidon-data/poseidon/workflows/casa-wind-workflow-full/submit/poseidon/pegasus/casa-wind-full/run0132/00/00/unzip_ID0000031.meta,/mnt/poseidon-data/poseidon/workflows/casa-wind-workflow-full/submit/poseidon/pegasus/casa-wind-full/run0132/00/00/unzip_ID0000091.meta,/mnt/poseidon-data/poseidon/workflows/casa-wind-workflow-full/submit/poseidon/pegasus/casa-wind-full/run0132/00/00/unzip_ID0000061.meta,/mnt/poseidon-data/poseidon/workflows/casa-wind-workflow-full/submit/poseidon/pegasus/casa-wind-full/run0132/00/00/unzip_ID0000066.meta,/mnt/poseidon-data/poseidon/workflows/casa-wind-workflow-full/submit/poseidon/pegasus/casa-wind-full/run0132/00/00/unzip_ID0000056.meta,/mnt/poseidon-data/poseidon/workflows/casa-wind-workflow-full/submit/poseidon/pegasus/casa-wind-full/run0132/00/00/unzip_ID0000086.meta,/mnt/poseidon-data/poseidon/workflows/casa-wind-workflow-full/submit/poseidon/pegasus/casa-wind-full/run0132/00/00/unzip_ID0000011.meta,/mnt/poseidon-data/poseidon/workflows/casa-wind-workflow-full/submit/poseidon/pegasus/casa-wind-full/run0132/00/00/unzip_ID0000021.meta --insert /mnt/poseidon-data/poseidon/workflows/casa-wind-workflow-full/submit/poseidon/pegasus/casa-wind-full/run0132/00/00/register_condorpool_0_1.in",3.0,0,0,,,,,,,,,
register_condorpool_0_0,None,auxiliary,0,1694342963.0,,,1694342979.0,,,0.0,1694342980.0,1694342984.0,,,0.0,1694342984.0,1694342989.0,16.0,,1.0,4.0,5.0,,,,,poseidon,local,poseidon-submit,pegasus::rc-client,/mnt/poseidon-data/poseidon/pegasus-5.1.0panorama/bin/pegasus-rc-client,"-n pegasus::rc-client -N null -R local  -L casa-wind-full -T 2023-09-08T07:29:05+00:00 /home/poseidon/pegasus-5.1.0panorama/bin/pegasus-rc-client --prefix pegasus.catalog.replica.output --conf /mnt/poseidon-data/poseidon/workflows/casa-wind-workflow-full/submit/poseidon/pegasus/casa-wind-full/run0132/pegasus.1107228677926455542.properties -v --meta /mnt/poseidon-data/poseidon/workflows/casa-wind-workflow-full/submit/poseidon/pegasus/casa-wind-full/run0132/00/00/unzip_ID0000001.meta,/mnt/poseidon-data/poseidon/workflows/casa-wind-workflow-full/submit/poseidon/pegasus/casa-wind-full/run0132/00/00/unzip_ID0000071.meta,/mnt/poseidon-data/poseidon/workflows/casa-wind-workflow-full/submit/poseidon/pegasus/casa-wind-full/run0132/00/00/unzip_ID0000076.meta,/mnt/poseidon-data/poseidon/workflows/casa-wind-workflow-full/submit/poseidon/pegasus/casa-wind-full/run0132/00/00/unzip_ID0000051.meta,/mnt/poseidon-data/poseidon/workflows/casa-wind-workflow-full/submit/poseidon/pegasus/casa-wind-full/run0132/00/00/unzip_ID0000026.meta,/mnt/poseidon-data/poseidon/workflows/casa-wind-workflow-full/submit/poseidon/pegasus/casa-wind-full/run0132/00/00/unzip_ID0000101.meta,/mnt/poseidon-data/poseidon/workflows/casa-wind-workflow-full/submit/poseidon/pegasus/casa-wind-full/run0132/00/00/unzip_ID0000006.meta,/mnt/poseidon-data/poseidon/workflows/casa-wind-workflow-full/submit/poseidon/pegasus/casa-wind-full/run0132/00/00/unzip_ID0000121.meta,/mnt/poseidon-data/poseidon/workflows/casa-wind-workflow-full/submit/poseidon/pegasus/casa-wind-full/run0132/00/00/unzip_ID0000111.meta,/mnt/poseidon-data/poseidon/workflows/casa-wind-workflow-full/submit/poseidon/pegasus/casa-wind-full/run0132/00/00/unzip_ID0000126.meta,/mnt/poseidon-data/poseidon/workflows/casa-wind-workflow-full/submit/poseidon/pegasus/casa-wind-full/run0132/00/00/unzip_ID0000046.meta,/mnt/poseidon-data/poseidon/workflows/casa-wind-workflow-full/submit/poseidon/pegasus/casa-wind-full/run0132/00/00/unzip_ID0000081.meta,/mnt/poseidon-data/poseidon/workflows/casa-wind-workflow-full/submit/poseidon/pegasus/casa-wind-full/run0132/00/00/unzip_ID0000096.meta,/mnt/poseidon-data/poseidon/workflows/casa-wind-workflow-full/submit/poseidon/pegasus/casa-wind-full/run0132/00/00/unzip_ID0000016.meta,/mnt/poseidon-data/poseidon/workflows/casa-wind-workflow-full/submit/poseidon/pegasus/casa-wind-full/run0132/00/00/unzip_ID0000041.meta,/mnt/poseidon-data/poseidon/workflows/casa-wind-workflow-full/submit/poseidon/pegasus/casa-wind-full/run0132/00/00/unzip_ID0000116.meta,/mnt/poseidon-data/poseidon/workflows/casa-wind-workflow-full/submit/poseidon/pegasus/casa-wind-full/run0132/00/00/unzip_ID0000036.meta,/mnt/poseidon-data/poseidon/workflows/casa-wind-workflow-full/submit/poseidon/pegasus/casa-wind-full/run0132/00/00/unzip_ID0000106.meta,/mnt/poseidon-data/poseidon/workflows/casa-wind-workflow-full/submit/poseidon/pegasus/casa-wind-full/run0132/00/00/unzip_ID0000031.meta,/mnt/poseidon-data/poseidon/workflows/casa-wind-workflow-full/submit/poseidon/pegasus/casa-wind-full/run0132/00/00/unzip_ID0000091.meta,/mnt/poseidon-data/poseidon/workflows/casa-wind-workflow-full/submit/poseidon/pegasus/casa-wind-full/run0132/00/00/unzip_ID0000061.meta,/mnt/poseidon-data/poseidon/workflows/casa-wind-workflow-full/submit/poseidon/pegasus/casa-wind-full/run0132/00/00/unzip_ID0000066.meta,/mnt/poseidon-data/poseidon/workflows/casa-wind-workflow-full/submit/poseidon/pegasus/casa-wind-full/run0132/00/00/unzip_ID0000056.meta,/mnt/poseidon-data/poseidon/workflows/casa-wind-workflow-full/submit/poseidon/pegasus/casa-wind-full/run0132/00/00/unzip_ID0000086.meta,/mnt/poseidon-data/poseidon/workflows/casa-wind-workflow-full/submit/poseidon/pegasus/casa-wind-full/run0132/00/00/unzip_ID0000011.meta,/mnt/poseidon-data/poseidon/workflows/casa-wind-workflow-full/submit/poseidon/pegasus/casa-wind-full/run0132/00/00/unzip_ID0000021.meta --insert /mnt/poseidon-data/poseidon/workflows/casa-wind-workflow-full/submit/poseidon/pegasus/casa-wind-full/run0132/00/00/register_condorpool_0_0.in",2.9,0,0,,,,,,,,,
post_vel_ID0000013,None,compute,0,1694342963.0,,,1694342969.0,1694342971.0,1694342982.0,35011380.8,1694342970.0,1694342999.0,1694342988.0,1694342991.0,3550.0,1694342999.0,1694343004.0,6.0,,1.0,29.0,5.0,11.0,177143937.0,3.0,11040.0,poseidon,condorpool,poseidon-worker-2-container-32-35,post_vel,/opt/netcdf2png/merged_netcdf2png,,0.1,0,0,,,,,,,,,
post_vel_ID0000108,None,compute,0,1694342963.0,,,1694342968.0,1694342971.0,1694342982.0,35090670.2,1694342970.0,1694342999.0,1694342988.0,1694342991.0,4453.0,1694342999.0,1694343004.0,5.0,,2.0,29.0,5.0,11.0,177143937.0,3.0,13907.0,poseidon,condorpool,poseidon-worker-2-container-44-47,post_vel,/opt/netcdf2png/merged_netcdf2png,,0.1,0,0,,,,,,,,,
mvt_ID0000109,None,compute,0,1694342963.0,,,1694342969.0,1694342972.0,1694342983.0,34366597.2,1694342971.0,1694343039.0,1694343028.0,1694343031.0,19489.0,1694343039.0,1694343044.0,6.0,,2.0,68.0,5.0,11.0,177143652.0,3.0,59954.0,poseidon,condorpool,poseidon-worker-1-container-32-35,mvt,/opt/mvt/mvt,,39.6,0,0,0.0,800095.0,32768.0,446.0,8.0,29.9,0.1,26669.8,1638.4
mvt_ID0000104,None,compute,0,1694342969.0,,,1694342974.0,1694342988.0,1694342999.0,32819067.4,1694342986.0,1694343054.0,1694343044.0,1694343047.0,18882.0,1694343054.0,1694343059.0,5.0,,12.0,68.0,5.0,11.0,177143652.0,3.0,59590.0,poseidon,condorpool,poseidon-worker-1-container-32-35,mvt,/opt/mvt/mvt,,39.7,0,0,0.0,819376.0,32768.0,488.0,8.0,29.9,0.1,27312.5,3276.8
mvt_ID0000049,None,compute,0,1694342969.0,,,1694342974.0,1694342987.0,1694342999.0,26931878.6,1694342985.0,1694343054.0,1694343044.0,1694343047.0,7534.0,1694343054.0,1694343059.0,5.0,,11.0,69.0,5.0,12.0,177143652.0,3.0,24108.0,poseidon,condorpool,poseidon-worker-2-container-44-47,mvt,/opt/mvt/mvt,,39.8,0,0,0.0,791975.0,12288.0,428.0,3.0,29.9,0.1,26399.2,1228.8
stage_out_local_condorpool_1_2,None,transfer,0,1694342969.0,,,1694342974.0,,,0.0,1694342975.0,1694342979.0,,,0.0,1694342979.0,1694342984.0,5.0,,1.0,4.0,5.0,,,,,poseidon,local,poseidon-submit,pegasus::transfer,/mnt/poseidon-data/poseidon/pegasus-5.1.0panorama/bin/pegasus-transfer,/home/poseidon/pegasus-5.1.0panorama/bin/../bin/pegasus-kickstart  -n pegasus::transfer -N null -i - -R local  -L casa-wind-full -T 2023-09-08T07:29:05+00:00 /home/poseidon/pegasus-5.1.0panorama/bin/../bin/pegasus-transfer  --threads 2,0.8,0,0,,,,,,,,,
mvt_ID0000034,None,compute,0,1694342969.0,,,1694342974.0,1694342977.0,1694342988.0,29590369.5,1694342975.0,1694343044.0,1694343033.0,1694343036.0,10114.0,1694343044.0,1694343049.0,5.0,,1.0,69.0,5.0,11.0,177143652.0,3.0,30976.0,poseidon,condorpool,poseidon-worker-1-container-8-11,mvt,/opt/mvt/mvt,,39.9,0,0,0.0,798677.0,16384.0,443.0,4.0,29.9,0.1,26622.6,819.2
post_vel_ID0000033,None,compute,0,1694342969.0,,,1694342974.0,1694342977.0,1694342988.0,34708562.4,1694342975.0,1694343004.0,1694342994.0,1694342997.0,3788.0,1694343004.0,1694343009.0,5.0,,1.0,29.0,5.0,11.0,177143937.0,3.0,11464.0,poseidon,condorpool,poseidon-worker-2-container-28-31,post_vel,/opt/netcdf2png/merged_netcdf2png,,0.1,0,0,,,,,,,,,
stage_out_local_condorpool_1_1,None,transfer,0,1694342969.0,,,1694342974.0,,,0.0,1694342975.0,1694342979.0,,,0.0,1694342979.0,1694342984.0,5.0,,1.0,4.0,5.0,,,,,poseidon,local,poseidon-submit,pegasus::transfer,/mnt/poseidon-data/poseidon/pegasus-5.1.0panorama/bin/pegasus-transfer,/home/poseidon/pegasus-5.1.0panorama/bin/../bin/pegasus-kickstart  -n pegasus::transfer -N null -i - -R local  -L casa-wind-full -T 2023-09-08T07:29:05+00:00 /home/poseidon/pegasus-5.1.0panorama/bin/../bin/pegasus-transfer  --threads 2,0.9,0,0,,,,,,,,,
post_vel_ID0000008,None,compute,0,1694342969.0,,,1694342974.0,1694342987.0,1694343000.0,24070047.0,1694342985.0,1694343014.0,1694343005.0,1694343008.0,3605.0,1694343014.0,1694343019.0,5.0,,11.0,29.0,5.0,13.0,177143937.0,3.0,10982.0,poseidon,condorpool,poseidon-worker-2-container-36-39,post_vel,/opt/netcdf2png/merged_netcdf2png,,0.1,0,0,,,,,,,,,
mvt_ID0000009,None,compute,0,1694342969.0,,,1694342974.0,1694342987.0,1694342999.0,27711082.4,1694342985.0,1694343054.0,1694343044.0,1694343047.0,11398.0,1694343054.0,1694343059.0,5.0,,11.0,69.0,5.0,12.0,177143652.0,3.0,35429.0,poseidon,condorpool,poseidon-worker-2-container-32-35,mvt,/opt/mvt/mvt,,39.9,0,0,0.0,791975.0,20480.0,428.0,5.0,29.9,0.1,26399.2,1024.0
post_vel_ID0000048,None,compute,0,1694342969.0,,,1694342974.0,1694342986.0,1694342998.0,27749758.8,1694342984.0,1694343014.0,1694343004.0,1694343007.0,3309.0,1694343014.0,1694343019.0,5.0,,10.0,30.0,5.0,12.0,177143937.0,3.0,10371.0,poseidon,condorpool,poseidon-worker-1-container-12-15,post_vel,/opt/netcdf2png/merged_netcdf2png,,0.1,0,0,,,,,,,,,
post_vel_ID0000103,None,compute,0,1694342969.0,,,1694342974.0,1694342987.0,1694342998.0,30029468.8,1694342985.0,1694343014.0,1694343004.0,1694343007.0,4416.0,1694343014.0,1694343019.0,5.0,,11.0,29.0,5.0,11.0,177143937.0,3.0,13815.0,poseidon,condorpool,poseidon-worker-1-container-40-43,post_vel,/opt/netcdf2png/merged_netcdf2png,,0.1,0,0,,,,,,,,,
mvt_ID0000099,None,compute,0,1694342969.0,,,1694342974.0,1694342977.0,1694342988.0,34719876.6,1694342975.0,1694343044.0,1694343034.0,1694343037.0,16356.0,1694343044.0,1694343049.0,5.0,,1.0,69.0,5.0,11.0,177143652.0,3.0,50118.0,poseidon,condorpool,poseidon-worker-2-container-4-7,mvt,/opt/mvt/mvt,,40.0,0,0,0.0,798641.0,28672.0,443.0,7.0,29.9,0.1,26621.4,1433.6
post_vel_ID0000083,None,compute,0,1694342969.0,,,1694342974.0,1694342977.0,1694342989.0,30022395.6,1694342975.0,1694343004.0,1694342995.0,1694342998.0,4199.0,1694343004.0,1694343009.0,5.0,,1.0,29.0,5.0,12.0,177143937.0,3.0,12720.0,poseidon,condorpool,poseidon-worker-1-container-20-23,post_vel,/opt/netcdf2png/merged_netcdf2png,,0.1,0,0,,,,,,,,,
post_vel_ID0000088,None,compute,0,1694342969.0,,,1694342974.0,1694342986.0,1694342998.0,30661162.8,1694342984.0,1694343014.0,1694343003.0,1694343006.0,4100.0,1694343014.0,1694343019.0,5.0,,10.0,30.0,5.0,12.0,177143937.0,3.0,12740.0,poseidon,condorpool,poseidon-worker-1-container-4-7,post_vel,/opt/netcdf2png/merged_netcdf2png,,0.1,0,0,,,,,,,,,
mvt_ID0000089,None,compute,0,1694342969.0,,,1694342974.0,1694342987.0,1694342999.0,27429421.0,1694342985.0,1694343054.0,1694343044.0,1694343047.0,15289.0,1694343054.0,1694343059.0,5.0,,11.0,69.0,5.0,12.0,177143652.0,3.0,48475.0,poseidon,condorpool,poseidon-worker-2-container-20-23,mvt,/opt/mvt/mvt,,39.9,0,0,0.0,791975.0,24576.0,428.0,6.0,29.9,0.1,26399.2,2457.6
post_vel_ID0000093,None,compute,0,1694342969.0,,,1694342974.0,1694342987.0,1694342998.0,32112886.4,1694342985.0,1694343014.0,1694343004.0,1694343007.0,4242.0,1694343014.0,1694343019.0,5.0,,11.0,29.0,5.0,11.0,177143937.0,3.0,13303.0,poseidon,condorpool,poseidon-worker-1-container-28-31,post_vel,/opt/netcdf2png/merged_netcdf2png,,0.1,0,0,,,,,,,,,
mvt_ID0000064,None,compute,0,1694342969.0,,,1694342974.0,1694342987.0,1694342999.0,24255613.3,1694342985.0,1694343054.0,1694343045.0,1694343048.0,10034.0,1694343054.0,1694343059.0,5.0,,11.0,69.0,5.0,12.0,177143652.0,3.0,31148.0,poseidon,condorpool,poseidon-worker-2-container-40-43,mvt,/opt/mvt/mvt,,39.9,0,0,0.0,823508.0,16384.0,497.0,4.0,29.9,0.1,27450.3,819.2
post_vel_ID0000063,None,compute,0,1694342969.0,,,1694342974.0,1694342987.0,1694342998.0,29640837.5,1694342985.0,1694343014.0,1694343004.0,1694343007.0,3788.0,1694343014.0,1694343019.0,5.0,,11.0,29.0,5.0,11.0,177143937.0,3.0,11628.0,poseidon,condorpool,poseidon-worker-2-container-12-15,post_vel,/opt/netcdf2png/merged_netcdf2png,,0.1,0,0,,,,,,,,,
mvt_ID0000069,None,compute,0,1694342969.0,,,1694342974.0,1694342987.0,1694342999.0,28016402.0,1694342984.0,1694343054.0,1694343043.0,1694343047.0,11286.0,1694343054.0,1694343059.0,5.0,,10.0,70.0,5.0,12.0,177143652.0,4.0,35309.0,poseidon,condorpool,poseidon-worker-1-container-20-23,mvt,/opt/mvt/mvt,,39.4,0,0,0.0,849708.0,16384.0,554.0,4.0,29.9,0.1,28323.6,819.2
mvt_ID0000084,None,compute,0,1694342969.0,,,1694342974.0,1694342977.0,1694342989.0,33851670.6,1694342975.0,1694343044.0,1694343035.0,1694343038.0,15815.0,1694343044.0,1694343049.0,5.0,,1.0,69.0,5.0,12.0,177143652.0,3.0,47998.0,poseidon,condorpool,poseidon-worker-1-container-44-47,mvt,/opt/mvt/mvt,,39.8,0,0,0.0,851043.0,24576.0,557.0,6.0,29.8,0.1,28368.1,1228.8
post_vel_ID0000098,None,compute,0,1694342969.0,,,1694342974.0,1694342977.0,1694342988.0,35100740.8,1694342975.0,1694343004.0,1694342994.0,1694342997.0,4411.0,1694343004.0,1694343009.0,5.0,,1.0,29.0,5.0,11.0,177143937.0,3.0,13355.0,poseidon,condorpool,poseidon-worker-2-container-8-11,post_vel,/opt/netcdf2png/merged_netcdf2png,,0.1,0,0,,,,,,,,,
mvt_ID0000054,None,compute,0,1694342969.0,,,1694342974.0,1694342987.0,1694342999.0,27187033.7,1694342985.0,1694343054.0,1694343043.0,1694343047.0,8973.0,1694343054.0,1694343059.0,5.0,,11.0,69.0,5.0,12.0,177143652.0,4.0,28552.0,poseidon,condorpool,poseidon-worker-1-container-24-27,mvt,/opt/mvt/mvt,,39.4,0,0,0.0,823504.0,12288.0,497.0,3.0,29.9,0.1,27450.1,1228.8
post_vel_ID0000053,None,compute,0,1694342969.0,,,1694342974.0,1694342987.0,1694342998.0,27773824.6,1694342984.0,1694343014.0,1694343004.0,1694343007.0,3499.0,1694343014.0,1694343019.0,5.0,,10.0,30.0,5.0,11.0,177143937.0,3.0,11004.0,poseidon,condorpool,poseidon-worker-1-container-36-39,post_vel,/opt/netcdf2png/merged_netcdf2png,,0.1,0,0,,,,,,,,,
post_vel_ID0000113,None,compute,0,1694342969.0,,,1694342974.0,1694342987.0,1694342998.0,29593126.0,1694342985.0,1694343014.0,1694343004.0,1694343007.0,4725.0,1694343014.0,1694343019.0,5.0,,11.0,29.0,5.0,11.0,177143937.0,3.0,14745.0,poseidon,condorpool,poseidon-worker-1-container-16-19,post_vel,/opt/netcdf2png/merged_netcdf2png,,0.1,0,0,,,,,,,,,
mvt_ID0000114,None,compute,0,1694342969.0,,,1694342974.0,1694342988.0,1694342999.0,30947322.0,1694342986.0,1694343054.0,1694343044.0,1694343047.0,23416.0,1694343054.0,1694343059.0,5.0,,12.0,68.0,5.0,11.0,177143652.0,3.0,73234.0,poseidon,condorpool,poseidon-worker-1-container-0-3,mvt,/opt/mvt/mvt,,39.5,0,0,0.0,819261.0,40960.0,488.0,10.0,29.9,0.1,27308.7,4096.0
mvt_ID0000094,None,compute,0,1694342969.0,,,1694342974.0,1694342988.0,1694342998.0,29595025.0,1694342985.0,1694343054.0,1694343044.0,1694343047.0,16738.0,1694343054.0,1694343059.0,5.0,,11.0,69.0,5.0,10.0,177143652.0,3.0,52407.0,poseidon,condorpool,poseidon-worker-2-container-28-31,mvt,/opt/mvt/mvt,,39.9,0,0,0.0,789214.0,28672.0,422.0,7.0,29.9,0.1,26307.1,1433.6
post_vel_ID0000068,None,compute,0,1694342969.0,,,1694342974.0,1694342987.0,1694342998.0,29896194.5,1694342985.0,1694343014.0,1694343003.0,1694343006.0,3690.0,1694343014.0,1694343019.0,5.0,,11.0,29.0,5.0,11.0,177143937.0,3.0,11398.0,poseidon,condorpool,poseidon-worker-1-container-44-47,post_vel,/opt/netcdf2png/merged_netcdf2png,,0.1,0,0,,,,,,,,,
mvt_ID0000059,None,compute,0,1694342974.0,,,1694342979.0,1694342987.0,1694343001.0,24113310.0,1694342984.0,1694343054.0,1694343046.0,1694343049.0,9053.0,1694343054.0,1694343059.0,5.0,,5.0,70.0,5.0,14.0,177143652.0,3.0,28164.0,poseidon,condorpool,poseidon-worker-1-container-44-47,mvt,/opt/mvt/mvt,,39.6,0,0,0.0,893609.0,12288.0,650.0,3.0,29.8,0.1,29787.0,1228.8
post_vel_ID0000123,None,compute,0,1694342974.0,,,1694342979.0,1694342988.0,1694342999.0,28644004.2,1694342986.0,1694343014.0,1694343005.0,1694343008.0,4763.0,1694343014.0,1694343019.0,5.0,,7.0,28.0,5.0,11.0,177143937.0,3.0,14777.0,poseidon,condorpool,poseidon-worker-2-container-24-27,post_vel,/opt/netcdf2png/merged_netcdf2png,,0.1,0,0,,,,,,,,,
mvt_ID0000124,None,compute,0,1694342974.0,,,1694342979.0,1694342988.0,1694342999.0,34997235.2,1694342986.0,1694343054.0,1694343045.0,1694343048.0,22723.0,1694343054.0,1694343059.0,5.0,,7.0,68.0,5.0,11.0,177143652.0,3.0,70564.0,poseidon,condorpool,poseidon-worker-2-container-16-19,mvt,/opt/mvt/mvt,,40.6,0,0,0.0,795766.0,40960.0,443.0,10.0,39.9,0.1,19894.1,4096.0
post_vel_ID0000058,None,compute,0,1694342974.0,,,1694342979.0,1694342990.0,1694343001.0,33199863.4,1694342988.0,1694343019.0,1694343006.0,1694343009.0,3619.0,1694343019.0,1694343024.0,5.0,,9.0,31.0,5.0,11.0,177143937.0,3.0,10981.0,poseidon,condorpool,poseidon-worker-1-container-20-23,post_vel,/opt/netcdf2png/merged_netcdf2png,,0.1,0,0,,,,,,,,,
mvt_ID0000024,None,compute,0,1694342974.0,,,1694342979.0,1694342987.0,1694342999.0,27029135.8,1694342985.0,1694343054.0,1694343042.0,1694343045.0,10033.0,1694343054.0,1694343059.0,5.0,,6.0,69.0,5.0,12.0,177143652.0,3.0,30705.0,poseidon,condorpool,poseidon-worker-2-container-0-3,mvt,/opt/mvt/mvt,,38.1,0,0,0.0,791887.0,16384.0,428.0,4.0,29.9,0.1,26396.2,819.2
post_vel_ID0000028,None,compute,0,1694342974.0,,,1694342979.0,1694342987.0,1694342998.0,31525637.0,1694342985.0,1694343014.0,1694343004.0,1694343007.0,3687.0,1694343014.0,1694343019.0,5.0,,6.0,29.0,5.0,11.0,177143937.0,3.0,11529.0,poseidon,condorpool,poseidon-worker-2-container-8-11,post_vel,/opt/netcdf2png/merged_netcdf2png,,0.1,0,0,,,,,,,,,
mvt_ID0000029,None,compute,0,1694342974.0,,,1694342979.0,1694342987.0,1694343000.0,24068605.3,1694342985.0,1694343054.0,1694343045.0,1694343048.0,12383.0,1694343054.0,1694343059.0,5.0,,6.0,69.0,5.0,13.0,177143652.0,3.0,38341.0,poseidon,condorpool,poseidon-worker-1-container-8-11,mvt,/opt/mvt/mvt,,39.7,0,0,0.0,819315.0,20480.0,488.0,5.0,29.9,0.1,27310.5,1024.0
stage_out_local_condorpool_1_0,None,transfer,0,1694342974.0,,,1694342979.0,,,0.0,1694342980.0,1694342989.0,,,0.0,1694342989.0,1694342994.0,5.0,,1.0,9.0,5.0,,,,,poseidon,local,poseidon-submit,pegasus::transfer,/mnt/poseidon-data/poseidon/pegasus-5.1.0panorama/bin/pegasus-transfer,/home/poseidon/pegasus-5.1.0panorama/bin/../bin/pegasus-kickstart  -n pegasus::transfer -N null -i - -R local  -L casa-wind-full -T 2023-09-08T07:29:05+00:00 /home/poseidon/pegasus-5.1.0panorama/bin/../bin/pegasus-transfer  --threads 2,0.9,0,0,,,,,,,,,
post_vel_ID0000023,None,compute,0,1694342974.0,,,1694342979.0,1694342986.0,1694342998.0,28576412.7,1694342984.0,1694343014.0,1694343004.0,1694343007.0,3631.0,1694343014.0,1694343019.0,5.0,,5.0,30.0,5.0,12.0,177143937.0,3.0,11372.0,poseidon,condorpool,poseidon-worker-2-container-4-7,post_vel,/opt/netcdf2png/merged_netcdf2png,,0.1,0,0,,,,,,,,,
register_condorpool_1_2,None,auxiliary,0,1694342984.0,,,1694342989.0,,,0.0,1694342989.0,1694342994.0,,,0.0,1694342994.0,1694342999.0,5.0,,0.0,5.0,5.0,,,,,poseidon,local,poseidon-submit,pegasus::rc-client,/mnt/poseidon-data/poseidon/pegasus-5.1.0panorama/bin/pegasus-rc-client,"-n pegasus::rc-client -N null -R local  -L casa-wind-full -T 2023-09-08T07:29:05+00:00 /home/poseidon/pegasus-5.1.0panorama/bin/pegasus-rc-client --prefix pegasus.catalog.replica.output --conf /mnt/poseidon-data/poseidon/workflows/casa-wind-workflow-full/submit/poseidon/pegasus/casa-wind-full/run0132/pegasus.1107228677926455542.properties -v --meta /mnt/poseidon-data/poseidon/workflows/casa-wind-workflow-full/submit/poseidon/pegasus/casa-wind-full/run0132/00/01/um_vel_ID0000112.meta,/mnt/poseidon-data/poseidon/workflows/casa-wind-workflow-full/submit/poseidon/pegasus/casa-wind-full/run0132/00/01/um_vel_ID0000062.meta,/mnt/poseidon-data/poseidon/workflows/casa-wind-workflow-full/submit/poseidon/pegasus/casa-wind-full/run0132/00/00/um_vel_ID0000117.meta,/mnt/poseidon-data/poseidon/workflows/casa-wind-workflow-full/submit/poseidon/pegasus/casa-wind-full/run0132/00/00/um_vel_ID0000012.meta,/mnt/poseidon-data/poseidon/workflows/casa-wind-workflow-full/submit/poseidon/pegasus/casa-wind-full/run0132/00/01/um_vel_ID0000107.meta,/mnt/poseidon-data/poseidon/workflows/casa-wind-workflow-full/submit/poseidon/pegasus/casa-wind-full/run0132/00/00/um_vel_ID0000002.meta,/mnt/poseidon-data/poseidon/workflows/casa-wind-workflow-full/submit/poseidon/pegasus/casa-wind-full/run0132/00/01/um_vel_ID0000052.meta,/mnt/poseidon-data/poseidon/workflows/casa-wind-workflow-full/submit/poseidon/pegasus/casa-wind-full/run0132/00/00/um_vel_ID0000032.meta --insert /mnt/poseidon-data/poseidon/workflows/casa-wind-workflow-full/submit/poseidon/pegasus/casa-wind-full/run0132/00/01/register_condorpool_1_2.in",2.6,0,0,,,,,,,,,
register_condorpool_1_1,None,auxiliary,0,1694342984.0,,,1694342999.0,,,0.0,1694343000.0,1694343004.0,,,0.0,1694343004.0,1694343009.0,15.0,,1.0,4.0,5.0,,,,,poseidon,local,poseidon-submit,pegasus::rc-client,/mnt/poseidon-data/poseidon/pegasus-5.1.0panorama/bin/pegasus-rc-client,"-n pegasus::rc-client -N null -R local  -L casa-wind-full -T 2023-09-08T07:29:05+00:00 /home/poseidon/pegasus-5.1.0panorama/bin/pegasus-rc-client --prefix pegasus.catalog.replica.output --conf /mnt/poseidon-data/poseidon/workflows/casa-wind-workflow-full/submit/poseidon/pegasus/casa-wind-full/run0132/pegasus.1107228677926455542.properties -v --meta /mnt/poseidon-data/poseidon/workflows/casa-wind-workflow-full/submit/poseidon/pegasus/casa-wind-full/run0132/00/00/um_vel_ID0000097.meta,/mnt/poseidon-data/poseidon/workflows/casa-wind-workflow-full/submit/poseidon/pegasus/casa-wind-full/run0132/00/01/um_vel_ID0000047.meta,/mnt/poseidon-data/poseidon/workflows/casa-wind-workflow-full/submit/poseidon/pegasus/casa-wind-full/run0132/00/00/um_vel_ID0000087.meta,/mnt/poseidon-data/poseidon/workflows/casa-wind-workflow-full/submit/poseidon/pegasus/casa-wind-full/run0132/00/01/um_vel_ID0000007.meta,/mnt/poseidon-data/poseidon/workflows/casa-wind-workflow-full/submit/poseidon/pegasus/casa-wind-full/run0132/00/00/um_vel_ID0000082.meta,/mnt/poseidon-data/poseidon/workflows/casa-wind-workflow-full/submit/poseidon/pegasus/casa-wind-full/run0132/00/01/um_vel_ID0000072.meta,/mnt/poseidon-data/poseidon/workflows/casa-wind-workflow-full/submit/poseidon/pegasus/casa-wind-full/run0132/00/01/um_vel_ID0000102.meta,/mnt/poseidon-data/poseidon/workflows/casa-wind-workflow-full/submit/poseidon/pegasus/casa-wind-full/run0132/00/00/um_vel_ID0000017.meta,/mnt/poseidon-data/poseidon/workflows/casa-wind-workflow-full/submit/poseidon/pegasus/casa-wind-full/run0132/00/01/um_vel_ID0000037.meta --insert /mnt/poseidon-data/poseidon/workflows/casa-wind-workflow-full/submit/poseidon/pegasus/casa-wind-full/run0132/00/01/register_condorpool_1_1.in",2.6,0,0,,,,,,,,,
register_condorpool_1_0,None,auxiliary,0,1694342994.0,,,1694343009.0,,,0.0,1694343009.0,1694343014.0,,,0.0,1694343014.0,1694343019.0,15.0,,0.0,5.0,5.0,,,,,poseidon,local,poseidon-submit,pegasus::rc-client,/mnt/poseidon-data/poseidon/pegasus-5.1.0panorama/bin/pegasus-rc-client,"-n pegasus::rc-client -N null -R local  -L casa-wind-full -T 2023-09-08T07:29:05+00:00 /home/poseidon/pegasus-5.1.0panorama/bin/pegasus-rc-client --prefix pegasus.catalog.replica.output --conf /mnt/poseidon-data/poseidon/workflows/casa-wind-workflow-full/submit/poseidon/pegasus/casa-wind-full/run0132/pegasus.1107228677926455542.properties -v --meta /mnt/poseidon-data/poseidon/workflows/casa-wind-workflow-full/submit/poseidon/pegasus/casa-wind-full/run0132/00/00/um_vel_ID0000022.meta,/mnt/poseidon-data/poseidon/workflows/casa-wind-workflow-full/submit/poseidon/pegasus/casa-wind-full/run0132/00/00/um_vel_ID0000027.meta,/mnt/poseidon-data/poseidon/workflows/casa-wind-workflow-full/submit/poseidon/pegasus/casa-wind-full/run0132/00/01/um_vel_ID0000057.meta,/mnt/poseidon-data/poseidon/workflows/casa-wind-workflow-full/submit/poseidon/pegasus/casa-wind-full/run0132/00/00/um_vel_ID0000122.meta,/mnt/poseidon-data/poseidon/workflows/casa-wind-workflow-full/submit/poseidon/pegasus/casa-wind-full/run0132/00/00/um_vel_ID0000127.meta,/mnt/poseidon-data/poseidon/workflows/casa-wind-workflow-full/submit/poseidon/pegasus/casa-wind-full/run0132/00/00/um_vel_ID0000092.meta,/mnt/poseidon-data/poseidon/workflows/casa-wind-workflow-full/submit/poseidon/pegasus/casa-wind-full/run0132/00/01/um_vel_ID0000067.meta,/mnt/poseidon-data/poseidon/workflows/casa-wind-workflow-full/submit/poseidon/pegasus/casa-wind-full/run0132/00/01/um_vel_ID0000077.meta,/mnt/poseidon-data/poseidon/workflows/casa-wind-workflow-full/submit/poseidon/pegasus/casa-wind-full/run0132/00/01/um_vel_ID0000042.meta --insert /mnt/poseidon-data/poseidon/workflows/casa-wind-workflow-full/submit/poseidon/pegasus/casa-wind-full/run0132/00/01/register_condorpool_1_0.in",2.6,0,0,,,,,,,,,
point_alert_ID0000130,None,compute,0,1694343039.0,,,1694343044.0,1694343047.0,1694343059.0,28504677.0,1694343045.0,1694343074.0,1694343064.0,1694343067.0,7487.0,1694343074.0,1694343079.0,5.0,,1.0,29.0,5.0,12.0,176672472.0,3.0,23118.0,poseidon,condorpool,poseidon-worker-1-container-20-23,point_alert,/opt/pointAlert/pointAlert,,0.0,0,0,,,,,,,,,
point_alert_ID0000080,None,compute,0,1694343039.0,,,1694343044.0,1694343047.0,1694343058.0,35083289.4,1694343045.0,1694343074.0,1694343063.0,1694343066.0,6597.0,1694343074.0,1694343079.0,5.0,,1.0,29.0,5.0,11.0,176653320.0,3.0,20718.0,poseidon,condorpool,poseidon-worker-2-container-4-7,point_alert,/opt/pointAlert/pointAlert,,0.0,0,0,,,,,,,,,
point_alert_ID0000075,None,compute,0,1694343039.0,,,1694343044.0,1694343047.0,1694343058.0,34015497.8,1694343045.0,1694343074.0,1694343063.0,1694343066.0,6539.0,1694343074.0,1694343079.0,5.0,,1.0,29.0,5.0,11.0,176646838.0,3.0,20558.0,poseidon,condorpool,poseidon-worker-1-container-4-7,point_alert,/opt/pointAlert/pointAlert,,0.0,0,0,,,,,,,,,
point_alert_ID0000120,None,compute,0,1694343039.0,,,1694343044.0,1694343047.0,1694343059.0,28454426.4,1694343045.0,1694343074.0,1694343064.0,1694343067.0,7084.0,1694343074.0,1694343079.0,5.0,,1.0,29.0,5.0,12.0,176673508.0,3.0,21998.0,poseidon,condorpool,poseidon-worker-1-container-20-23,point_alert,/opt/pointAlert/pointAlert,,0.0,0,0,,,,,,,,,
point_alert_ID0000020,None,compute,0,1694343039.0,,,1694343044.0,1694343047.0,1694343058.0,29616073.0,1694343045.0,1694343074.0,1694343063.0,1694343066.0,6630.0,1694343074.0,1694343079.0,5.0,,1.0,29.0,5.0,11.0,176644228.0,3.0,20478.0,poseidon,condorpool,poseidon-worker-2-container-12-15,point_alert,/opt/pointAlert/pointAlert,,0.0,0,0,,,,,,,,,
point_alert_ID0000040,None,compute,0,1694343039.0,,,1694343044.0,1694343047.0,1694343058.0,29657203.5,1694343045.0,1694343074.0,1694343063.0,1694343066.0,6656.0,1694343074.0,1694343079.0,5.0,,1.0,29.0,5.0,11.0,176642369.0,3.0,20558.0,poseidon,condorpool,poseidon-worker-2-container-12-15,point_alert,/opt/pointAlert/pointAlert,,0.0,0,0,,,,,,,,,
point_alert_ID0000045,None,compute,0,1694343039.0,,,1694343044.0,1694343047.0,1694343058.0,34404594.4,1694343045.0,1694343074.0,1694343063.0,1694343066.0,6529.0,1694343074.0,1694343079.0,5.0,,1.0,29.0,5.0,11.0,176636096.0,3.0,20798.0,poseidon,condorpool,poseidon-worker-1-container-36-39,point_alert,/opt/pointAlert/pointAlert,,0.0,0,0,,,,,,,,,
point_alert_ID0000110,None,compute,0,1694343044.0,,,1694343049.0,1694343052.0,1694343063.0,35299535.4,1694343051.0,1694343079.0,1694343068.0,1694343071.0,6803.0,1694343079.0,1694343084.0,5.0,,2.0,28.0,5.0,11.0,176667937.0,3.0,21038.0,poseidon,condorpool,poseidon-worker-2-container-24-27,point_alert,/opt/pointAlert/pointAlert,,0.0,0,0,,,,,,,,,
point_alert_ID0000005,None,compute,0,1694343044.0,,,1694343049.0,1694343052.0,1694343063.0,29588998.0,1694343051.0,1694343079.0,1694343068.0,1694343071.0,6552.0,1694343079.0,1694343084.0,5.0,,2.0,28.0,5.0,11.0,176636764.0,3.0,20398.0,poseidon,condorpool,poseidon-worker-1-container-28-31,point_alert,/opt/pointAlert/pointAlert,,0.0,0,0,,,,,,,,,
point_alert_ID0000015,None,compute,0,1694343044.0,,,1694343049.0,1694343052.0,1694343063.0,33875578.4,1694343051.0,1694343079.0,1694343068.0,1694343071.0,6657.0,1694343079.0,1694343084.0,5.0,,2.0,28.0,5.0,11.0,176639974.0,3.0,20558.0,poseidon,condorpool,poseidon-worker-1-container-44-47,point_alert,/opt/pointAlert/pointAlert,,0.0,0,0,,,,,,,,,
point_alert_ID0000100,None,compute,0,1694343049.0,,,1694343054.0,1694343057.0,1694343068.0,29519337.0,1694343056.0,1694343084.0,1694343074.0,1694343077.0,6767.0,1694343084.0,1694343089.0,5.0,,2.0,28.0,5.0,11.0,176658101.0,3.0,20638.0,poseidon,condorpool,poseidon-worker-2-container-28-31,point_alert,/opt/pointAlert/pointAlert,,0.0,0,0,,,,,,,,,
point_alert_ID0000035,None,compute,0,1694343049.0,,,1694343054.0,1694343057.0,1694343068.0,29580542.0,1694343056.0,1694343084.0,1694343074.0,1694343077.0,6578.0,1694343084.0,1694343089.0,5.0,,2.0,28.0,5.0,11.0,176638959.0,3.0,20078.0,poseidon,condorpool,poseidon-worker-2-container-44-47,point_alert,/opt/pointAlert/pointAlert,,0.0,0,0,,,,,,,,,
point_alert_ID0000085,None,compute,0,1694343049.0,,,1694343054.0,1694343057.0,1694343068.0,29622852.0,1694343056.0,1694343084.0,1694343073.0,1694343076.0,6835.0,1694343084.0,1694343089.0,5.0,,2.0,28.0,5.0,11.0,176655981.0,3.0,21118.0,poseidon,condorpool,poseidon-worker-1-container-44-47,point_alert,/opt/pointAlert/pointAlert,,0.0,0,0,,,,,,,,,
stage_out_local_condorpool_2_2,None,transfer,0,1694343059.0,,,1694343064.0,,,0.0,1694343064.0,1694343074.0,,,0.0,1694343074.0,1694343079.0,5.0,,0.0,10.0,5.0,,,,,poseidon,local,poseidon-submit,pegasus::transfer,/mnt/poseidon-data/poseidon/pegasus-5.1.0panorama/bin/pegasus-transfer,/home/poseidon/pegasus-5.1.0panorama/bin/../bin/pegasus-kickstart  -n pegasus::transfer -N null -i - -R local  -L casa-wind-full -T 2023-09-08T07:29:05+00:00 /home/poseidon/pegasus-5.1.0panorama/bin/../bin/pegasus-transfer  --threads 2,1.0,0,0,,,,,,,,,
point_alert_ID0000010,None,compute,0,1694343059.0,,,1694343064.0,1694343067.0,1694343079.0,27904977.0,1694343065.0,1694343094.0,1694343084.0,1694343087.0,6456.0,1694343094.0,1694343099.0,5.0,,1.0,29.0,5.0,12.0,176643412.0,3.0,20478.0,poseidon,condorpool,poseidon-worker-1-container-32-35,point_alert,/opt/pointAlert/pointAlert,,0.0,0,0,,,,,,,,,
stage_out_local_condorpool_2_4,None,transfer,0,1694343059.0,,,1694343064.0,,,0.0,1694343064.0,1694343069.0,,,0.0,1694343069.0,1694343074.0,5.0,,0.0,5.0,5.0,,,,,poseidon,local,poseidon-submit,pegasus::transfer,/mnt/poseidon-data/poseidon/pegasus-5.1.0panorama/bin/pegasus-transfer,/home/poseidon/pegasus-5.1.0panorama/bin/../bin/pegasus-kickstart  -n pegasus::transfer -N null -i - -R local  -L casa-wind-full -T 2023-09-08T07:29:05+00:00 /home/poseidon/pegasus-5.1.0panorama/bin/../bin/pegasus-transfer  --threads 2,0.9,0,0,,,,,,,,,
stage_out_local_condorpool_2_3,None,transfer,0,1694343059.0,,,1694343064.0,,,0.0,1694343064.0,1694343074.0,,,0.0,1694343074.0,1694343079.0,5.0,,0.0,10.0,5.0,,,,,poseidon,local,poseidon-submit,pegasus::transfer,/mnt/poseidon-data/poseidon/pegasus-5.1.0panorama/bin/pegasus-transfer,/home/poseidon/pegasus-5.1.0panorama/bin/../bin/pegasus-kickstart  -n pegasus::transfer -N null -i - -R local  -L casa-wind-full -T 2023-09-08T07:29:05+00:00 /home/poseidon/pegasus-5.1.0panorama/bin/../bin/pegasus-transfer  --threads 2,1.0,0,0,,,,,,,,,
point_alert_ID0000050,None,compute,0,1694343059.0,,,1694343064.0,1694343067.0,1694343078.0,35035065.0,1694343065.0,1694343094.0,1694343083.0,1694343086.0,6650.0,1694343094.0,1694343099.0,5.0,,1.0,29.0,5.0,11.0,176632091.0,3.0,20878.0,poseidon,condorpool,poseidon-worker-1-container-0-3,point_alert,/opt/pointAlert/pointAlert,,0.0,0,0,,,,,,,,,
point_alert_ID0000105,None,compute,0,1694343059.0,,,1694343064.0,1694343069.0,1694343080.0,29633052.0,1694343068.0,1694343094.0,1694343085.0,1694343088.0,6909.0,1694343094.0,1694343099.0,5.0,,4.0,26.0,5.0,11.0,176667573.0,3.0,21278.0,poseidon,condorpool,poseidon-worker-1-container-8-11,point_alert,/opt/pointAlert/pointAlert,,0.0,0,0,,,,,,,,,
stage_out_local_condorpool_2_5,None,transfer,0,1694343059.0,,,1694343064.0,,,0.0,1694343064.0,1694343069.0,,,0.0,1694343069.0,1694343074.0,5.0,,0.0,5.0,5.0,,,,,poseidon,local,poseidon-submit,pegasus::transfer,/mnt/poseidon-data/poseidon/pegasus-5.1.0panorama/bin/pegasus-transfer,/home/poseidon/pegasus-5.1.0panorama/bin/../bin/pegasus-kickstart  -n pegasus::transfer -N null -i - -R local  -L casa-wind-full -T 2023-09-08T07:29:05+00:00 /home/poseidon/pegasus-5.1.0panorama/bin/../bin/pegasus-transfer  --threads 2,0.9,0,0,,,,,,,,,
stage_out_local_condorpool_2_1,None,transfer,0,1694343059.0,,,1694343064.0,,,0.0,1694343064.0,1694343074.0,,,0.0,1694343074.0,1694343079.0,5.0,,0.0,10.0,5.0,,,,,poseidon,local,poseidon-submit,pegasus::transfer,/mnt/poseidon-data/poseidon/pegasus-5.1.0panorama/bin/pegasus-transfer,/home/poseidon/pegasus-5.1.0panorama/bin/../bin/pegasus-kickstart  -n pegasus::transfer -N null -i - -R local  -L casa-wind-full -T 2023-09-08T07:29:05+00:00 /home/poseidon/pegasus-5.1.0panorama/bin/../bin/pegasus-transfer  --threads 2,1.0,0,0,,,,,,,,,
point_alert_ID0000095,None,compute,0,1694343059.0,,,1694343064.0,1694343068.0,1694343079.0,32911237.8,1694343067.0,1694343094.0,1694343085.0,1694343088.0,6685.0,1694343094.0,1694343099.0,5.0,,3.0,27.0,5.0,11.0,176660390.0,3.0,20718.0,poseidon,condorpool,poseidon-worker-1-container-32-35,point_alert,/opt/pointAlert/pointAlert,,0.0,0,0,,,,,,,,,
stage_out_local_condorpool_2_0,None,transfer,0,1694343059.0,,,1694343064.0,,,0.0,1694343064.0,1694343074.0,,,0.0,1694343074.0,1694343079.0,5.0,,0.0,10.0,5.0,,,,,poseidon,local,poseidon-submit,pegasus::transfer,/mnt/poseidon-data/poseidon/pegasus-5.1.0panorama/bin/pegasus-transfer,/home/poseidon/pegasus-5.1.0panorama/bin/../bin/pegasus-kickstart  -n pegasus::transfer -N null -i - -R local  -L casa-wind-full -T 2023-09-08T07:29:05+00:00 /home/poseidon/pegasus-5.1.0panorama/bin/../bin/pegasus-transfer  --threads 2,1.0,0,0,,,,,,,,,
point_alert_ID0000030,None,compute,0,1694343059.0,,,1694343064.0,1694343067.0,1694343078.0,34964027.8,1694343065.0,1694343094.0,1694343083.0,1694343086.0,6494.0,1694343094.0,1694343099.0,5.0,,1.0,29.0,5.0,11.0,176646324.0,3.0,20158.0,poseidon,condorpool,poseidon-worker-2-container-0-3,point_alert,/opt/pointAlert/pointAlert,,0.0,0,0,,,,,,,,,
point_alert_ID0000125,None,compute,0,1694343059.0,,,1694343064.0,1694343067.0,1694343078.0,29563974.5,1694343065.0,1694343094.0,1694343083.0,1694343086.0,7219.0,1694343094.0,1694343099.0,5.0,,1.0,29.0,5.0,11.0,176678547.0,3.0,22878.0,poseidon,condorpool,poseidon-worker-1-container-20-23,point_alert,/opt/pointAlert/pointAlert,,0.0,0,0,,,,,,,,,
point_alert_ID0000070,None,compute,0,1694343059.0,,,1694343064.0,1694343067.0,1694343078.0,29812538.6,1694343065.0,1694343094.0,1694343083.0,1694343086.0,6489.0,1694343094.0,1694343099.0,5.0,,1.0,29.0,5.0,11.0,176643292.0,3.0,20558.0,poseidon,condorpool,poseidon-worker-2-container-16-19,point_alert,/opt/pointAlert/pointAlert,,0.0,0,0,,,,,,,,,
point_alert_ID0000025,None,compute,0,1694343059.0,,,1694343064.0,1694343067.0,1694343078.0,33189840.0,1694343066.0,1694343094.0,1694343084.0,1694343087.0,6417.0,1694343094.0,1694343099.0,5.0,,2.0,28.0,5.0,11.0,176638688.0,3.0,20078.0,poseidon,condorpool,poseidon-worker-2-container-40-43,point_alert,/opt/pointAlert/pointAlert,,0.0,0,0,,,,,,,,,
point_alert_ID0000065,None,compute,0,1694343059.0,,,1694343064.0,1694343067.0,1694343078.0,33453875.4,1694343065.0,1694343094.0,1694343083.0,1694343086.0,6435.0,1694343094.0,1694343099.0,5.0,,1.0,29.0,5.0,11.0,176639131.0,3.0,20238.0,poseidon,condorpool,poseidon-worker-1-container-24-27,point_alert,/opt/pointAlert/pointAlert,,0.0,0,0,,,,,,,,,
point_alert_ID0000055,None,compute,0,1694343059.0,,,1694343064.0,1694343067.0,1694343079.0,29175975.7,1694343065.0,1694343094.0,1694343084.0,1694343087.0,6562.0,1694343094.0,1694343099.0,5.0,,1.0,29.0,5.0,12.0,176636535.0,3.0,20638.0,poseidon,condorpool,poseidon-worker-2-container-32-35,point_alert,/opt/pointAlert/pointAlert,,0.0,0,0,,,,,,,,,
point_alert_ID0000115,None,compute,0,1694343059.0,,,1694343064.0,1694343068.0,1694343079.0,29692572.0,1694343066.0,1694343094.0,1694343084.0,1694343087.0,6893.0,1694343094.0,1694343099.0,5.0,,2.0,28.0,5.0,11.0,176681217.0,3.0,21598.0,poseidon,condorpool,poseidon-worker-1-container-0-3,point_alert,/opt/pointAlert/pointAlert,,0.0,0,0,,,,,,,,,
point_alert_ID0000060,None,compute,0,1694343059.0,,,1694343064.0,1694343067.0,1694343078.0,34915343.4,1694343065.0,1694343094.0,1694343083.0,1694343086.0,6702.0,1694343094.0,1694343099.0,5.0,,1.0,29.0,5.0,11.0,176636147.0,3.0,20878.0,poseidon,condorpool,poseidon-worker-2-container-20-23,point_alert,/opt/pointAlert/pointAlert,,0.0,0,0,,,,,,,,,
point_alert_ID0000090,None,compute,0,1694343059.0,,,1694343064.0,1694343067.0,1694343078.0,33623075.0,1694343065.0,1694343094.0,1694343083.0,1694343086.0,6491.0,1694343094.0,1694343099.0,5.0,,1.0,29.0,5.0,11.0,176656458.0,3.0,20638.0,poseidon,condorpool,poseidon-worker-1-container-8-11,point_alert,/opt/pointAlert/pointAlert,,0.0,0,0,,,,,,,,,
register_condorpool_2_4,None,auxiliary,0,1694343074.0,,,1694343079.0,,,0.0,1694343080.0,1694343084.0,,,0.0,1694343084.0,1694343089.0,5.0,,1.0,4.0,5.0,,,,,poseidon,local,poseidon-submit,pegasus::rc-client,/mnt/poseidon-data/poseidon/pegasus-5.1.0panorama/bin/pegasus-rc-client,"-n pegasus::rc-client -N null -R local  -L casa-wind-full -T 2023-09-08T07:29:05+00:00 /home/poseidon/pegasus-5.1.0panorama/bin/pegasus-rc-client --prefix pegasus.catalog.replica.output --conf /mnt/poseidon-data/poseidon/workflows/casa-wind-workflow-full/submit/poseidon/pegasus/casa-wind-full/run0132/pegasus.1107228677926455542.properties -v --meta /mnt/poseidon-data/poseidon/workflows/casa-wind-workflow-full/submit/poseidon/pegasus/casa-wind-full/run0132/00/02/post_vel_ID0000113.meta,/mnt/poseidon-data/poseidon/workflows/casa-wind-workflow-full/submit/poseidon/pegasus/casa-wind-full/run0132/00/02/mvt_ID0000054.meta,/mnt/poseidon-data/poseidon/workflows/casa-wind-workflow-full/submit/poseidon/pegasus/casa-wind-full/run0132/00/01/post_vel_ID0000013.meta,/mnt/poseidon-data/poseidon/workflows/casa-wind-workflow-full/submit/poseidon/pegasus/casa-wind-full/run0132/00/01/post_vel_ID0000063.meta,/mnt/poseidon-data/poseidon/workflows/casa-wind-workflow-full/submit/poseidon/pegasus/casa-wind-full/run0132/00/01/post_vel_ID0000033.meta,/mnt/poseidon-data/poseidon/workflows/casa-wind-workflow-full/submit/poseidon/pegasus/casa-wind-full/run0132/00/02/post_vel_ID0000108.meta,/mnt/poseidon-data/poseidon/workflows/casa-wind-workflow-full/submit/poseidon/pegasus/casa-wind-full/run0132/00/01/post_vel_ID0000003.meta,/mnt/poseidon-data/poseidon/workflows/casa-wind-workflow-full/submit/poseidon/pegasus/casa-wind-full/run0132/00/01/post_vel_ID0000118.meta --insert /mnt/poseidon-data/poseidon/workflows/casa-wind-workflow-full/submit/poseidon/pegasus/casa-wind-full/run0132/00/02/register_condorpool_2_4.in",2.8,0,0,,,,,,,,,
register_condorpool_2_5,None,auxiliary,0,1694343074.0,,,1694343159.0,,,0.0,1694343159.0,1694343164.0,,,0.0,1694343164.0,1694343169.0,85.0,,0.0,5.0,5.0,,,,,poseidon,local,poseidon-submit,pegasus::rc-client,/mnt/poseidon-data/poseidon/pegasus-5.1.0panorama/bin/pegasus-rc-client,"-n pegasus::rc-client -N null -R local  -L casa-wind-full -T 2023-09-08T07:29:05+00:00 /home/poseidon/pegasus-5.1.0panorama/bin/pegasus-rc-client --prefix pegasus.catalog.replica.output --conf /mnt/poseidon-data/poseidon/workflows/casa-wind-workflow-full/submit/poseidon/pegasus/casa-wind-full/run0132/pegasus.1107228677926455542.properties -v --meta /mnt/poseidon-data/poseidon/workflows/casa-wind-workflow-full/submit/poseidon/pegasus/casa-wind-full/run0132/00/01/mvt_ID0000004.meta,/mnt/poseidon-data/poseidon/workflows/casa-wind-workflow-full/submit/poseidon/pegasus/casa-wind-full/run0132/00/02/mvt_ID0000109.meta,/mnt/poseidon-data/poseidon/workflows/casa-wind-workflow-full/submit/poseidon/pegasus/casa-wind-full/run0132/00/01/mvt_ID0000014.meta,/mnt/poseidon-data/poseidon/workflows/casa-wind-workflow-full/submit/poseidon/pegasus/casa-wind-full/run0132/00/01/mvt_ID0000064.meta,/mnt/poseidon-data/poseidon/workflows/casa-wind-workflow-full/submit/poseidon/pegasus/casa-wind-full/run0132/00/01/mvt_ID0000034.meta,/mnt/poseidon-data/poseidon/workflows/casa-wind-workflow-full/submit/poseidon/pegasus/casa-wind-full/run0132/00/01/mvt_ID0000119.meta,/mnt/poseidon-data/poseidon/workflows/casa-wind-workflow-full/submit/poseidon/pegasus/casa-wind-full/run0132/00/02/mvt_ID0000114.meta,/mnt/poseidon-data/poseidon/workflows/casa-wind-workflow-full/submit/poseidon/pegasus/casa-wind-full/run0132/00/02/post_vel_ID0000053.meta --insert /mnt/poseidon-data/poseidon/workflows/casa-wind-workflow-full/submit/poseidon/pegasus/casa-wind-full/run0132/00/02/register_condorpool_2_5.in",2.7,0,0,,,,,,,,,
register_condorpool_2_3,None,auxiliary,0,1694343079.0,,,1694343089.0,,,0.0,1694343089.0,1694343094.0,,,0.0,1694343094.0,1694343099.0,10.0,,0.0,5.0,5.0,,,,,poseidon,local,poseidon-submit,pegasus::rc-client,/mnt/poseidon-data/poseidon/pegasus-5.1.0panorama/bin/pegasus-rc-client,"-n pegasus::rc-client -N null -R local  -L casa-wind-full -T 2023-09-08T07:29:05+00:00 /home/poseidon/pegasus-5.1.0panorama/bin/pegasus-rc-client --prefix pegasus.catalog.replica.output --conf /mnt/poseidon-data/poseidon/workflows/casa-wind-workflow-full/submit/poseidon/pegasus/casa-wind-full/run0132/pegasus.1107228677926455542.properties -v --meta /mnt/poseidon-data/poseidon/workflows/casa-wind-workflow-full/submit/poseidon/pegasus/casa-wind-full/run0132/00/01/mvt_ID0000084.meta,/mnt/poseidon-data/poseidon/workflows/casa-wind-workflow-full/submit/poseidon/pegasus/casa-wind-full/run0132/00/02/post_vel_ID0000038.meta,/mnt/poseidon-data/poseidon/workflows/casa-wind-workflow-full/submit/poseidon/pegasus/casa-wind-full/run0132/00/01/mvt_ID0000009.meta,/mnt/poseidon-data/poseidon/workflows/casa-wind-workflow-full/submit/poseidon/pegasus/casa-wind-full/run0132/00/01/post_vel_ID0000098.meta,/mnt/poseidon-data/poseidon/workflows/casa-wind-workflow-full/submit/poseidon/pegasus/casa-wind-full/run0132/00/02/mvt_ID0000074.meta,/mnt/poseidon-data/poseidon/workflows/casa-wind-workflow-full/submit/poseidon/pegasus/casa-wind-full/run0132/00/02/post_vel_ID0000048.meta,/mnt/poseidon-data/poseidon/workflows/casa-wind-workflow-full/submit/poseidon/pegasus/casa-wind-full/run0132/00/01/mvt_ID0000089.meta,/mnt/poseidon-data/poseidon/workflows/casa-wind-workflow-full/submit/poseidon/pegasus/casa-wind-full/run0132/00/01/post_vel_ID0000018.meta,/mnt/poseidon-data/poseidon/workflows/casa-wind-workflow-full/submit/poseidon/pegasus/casa-wind-full/run0132/00/02/post_vel_ID0000103.meta --insert /mnt/poseidon-data/poseidon/workflows/casa-wind-workflow-full/submit/poseidon/pegasus/casa-wind-full/run0132/00/02/register_condorpool_2_3.in",2.8,0,0,,,,,,,,,
register_condorpool_2_0,None,auxiliary,0,1694343079.0,,,1694343149.0,,,0.0,1694343150.0,1694343154.0,,,0.0,1694343154.0,1694343159.0,70.0,,1.0,4.0,5.0,,,,,poseidon,local,poseidon-submit,pegasus::rc-client,/mnt/poseidon-data/poseidon/pegasus-5.1.0panorama/bin/pegasus-rc-client,"-n pegasus::rc-client -N null -R local  -L casa-wind-full -T 2023-09-08T07:29:05+00:00 /home/poseidon/pegasus-5.1.0panorama/bin/pegasus-rc-client --prefix pegasus.catalog.replica.output --conf /mnt/poseidon-data/poseidon/workflows/casa-wind-workflow-full/submit/poseidon/pegasus/casa-wind-full/run0132/pegasus.1107228677926455542.properties -v --meta /mnt/poseidon-data/poseidon/workflows/casa-wind-workflow-full/submit/poseidon/pegasus/casa-wind-full/run0132/00/02/mvt_ID0000044.meta,/mnt/poseidon-data/poseidon/workflows/casa-wind-workflow-full/submit/poseidon/pegasus/casa-wind-full/run0132/00/01/post_vel_ID0000068.meta,/mnt/poseidon-data/poseidon/workflows/casa-wind-workflow-full/submit/poseidon/pegasus/casa-wind-full/run0132/00/01/mvt_ID0000129.meta,/mnt/poseidon-data/poseidon/workflows/casa-wind-workflow-full/submit/poseidon/pegasus/casa-wind-full/run0132/00/02/post_vel_ID0000058.meta,/mnt/poseidon-data/poseidon/workflows/casa-wind-workflow-full/submit/poseidon/pegasus/casa-wind-full/run0132/00/01/mvt_ID0000029.meta,/mnt/poseidon-data/poseidon/workflows/casa-wind-workflow-full/submit/poseidon/pegasus/casa-wind-full/run0132/00/02/post_vel_ID0000078.meta,/mnt/poseidon-data/poseidon/workflows/casa-wind-workflow-full/submit/poseidon/pegasus/casa-wind-full/run0132/00/01/post_vel_ID0000123.meta,/mnt/poseidon-data/poseidon/workflows/casa-wind-workflow-full/submit/poseidon/pegasus/casa-wind-full/run0132/00/01/post_vel_ID0000023.meta,/mnt/poseidon-data/poseidon/workflows/casa-wind-workflow-full/submit/poseidon/pegasus/casa-wind-full/run0132/00/01/post_vel_ID0000093.meta --insert /mnt/poseidon-data/poseidon/workflows/casa-wind-workflow-full/submit/poseidon/pegasus/casa-wind-full/run0132/00/02/register_condorpool_2_0.in",2.8,0,0,,,,,,,,,
register_condorpool_2_1,None,auxiliary,0,1694343079.0,,,1694343099.0,,,0.0,1694343100.0,1694343104.0,,,0.0,1694343104.0,1694343109.0,20.0,,1.0,4.0,5.0,,,,,poseidon,local,poseidon-submit,pegasus::rc-client,/mnt/poseidon-data/poseidon/pegasus-5.1.0panorama/bin/pegasus-rc-client,"-n pegasus::rc-client -N null -R local  -L casa-wind-full -T 2023-09-08T07:29:05+00:00 /home/poseidon/pegasus-5.1.0panorama/bin/pegasus-rc-client --prefix pegasus.catalog.replica.output --conf /mnt/poseidon-data/poseidon/workflows/casa-wind-workflow-full/submit/poseidon/pegasus/casa-wind-full/run0132/pegasus.1107228677926455542.properties -v --meta /mnt/poseidon-data/poseidon/workflows/casa-wind-workflow-full/submit/poseidon/pegasus/casa-wind-full/run0132/00/01/mvt_ID0000124.meta,/mnt/poseidon-data/poseidon/workflows/casa-wind-workflow-full/submit/poseidon/pegasus/casa-wind-full/run0132/00/01/mvt_ID0000094.meta,/mnt/poseidon-data/poseidon/workflows/casa-wind-workflow-full/submit/poseidon/pegasus/casa-wind-full/run0132/00/02/mvt_ID0000059.meta,/mnt/poseidon-data/poseidon/workflows/casa-wind-workflow-full/submit/poseidon/pegasus/casa-wind-full/run0132/00/02/mvt_ID0000079.meta,/mnt/poseidon-data/poseidon/workflows/casa-wind-workflow-full/submit/poseidon/pegasus/casa-wind-full/run0132/00/01/mvt_ID0000024.meta,/mnt/poseidon-data/poseidon/workflows/casa-wind-workflow-full/submit/poseidon/pegasus/casa-wind-full/run0132/00/01/post_vel_ID0000028.meta,/mnt/poseidon-data/poseidon/workflows/casa-wind-workflow-full/submit/poseidon/pegasus/casa-wind-full/run0132/00/01/post_vel_ID0000128.meta,/mnt/poseidon-data/poseidon/workflows/casa-wind-workflow-full/submit/poseidon/pegasus/casa-wind-full/run0132/00/02/post_vel_ID0000043.meta,/mnt/poseidon-data/poseidon/workflows/casa-wind-workflow-full/submit/poseidon/pegasus/casa-wind-full/run0132/00/01/mvt_ID0000069.meta --insert /mnt/poseidon-data/poseidon/workflows/casa-wind-workflow-full/submit/poseidon/pegasus/casa-wind-full/run0132/00/02/register_condorpool_2_1.in",2.7,0,0,,,,,,,,,
register_condorpool_2_2,None,auxiliary,0,1694343079.0,,,1694343109.0,,,0.0,1694343110.0,1694343114.0,,,0.0,1694343114.0,1694343119.0,30.0,,1.0,4.0,5.0,,,,,poseidon,local,poseidon-submit,pegasus::rc-client,/mnt/poseidon-data/poseidon/pegasus-5.1.0panorama/bin/pegasus-rc-client,"-n pegasus::rc-client -N null -R local  -L casa-wind-full -T 2023-09-08T07:29:05+00:00 /home/poseidon/pegasus-5.1.0panorama/bin/pegasus-rc-client --prefix pegasus.catalog.replica.output --conf /mnt/poseidon-data/poseidon/workflows/casa-wind-workflow-full/submit/poseidon/pegasus/casa-wind-full/run0132/pegasus.1107228677926455542.properties -v --meta /mnt/poseidon-data/poseidon/workflows/casa-wind-workflow-full/submit/poseidon/pegasus/casa-wind-full/run0132/00/01/mvt_ID0000019.meta,/mnt/poseidon-data/poseidon/workflows/casa-wind-workflow-full/submit/poseidon/pegasus/casa-wind-full/run0132/00/01/mvt_ID0000099.meta,/mnt/poseidon-data/poseidon/workflows/casa-wind-workflow-full/submit/poseidon/pegasus/casa-wind-full/run0132/00/01/post_vel_ID0000008.meta,/mnt/poseidon-data/poseidon/workflows/casa-wind-workflow-full/submit/poseidon/pegasus/casa-wind-full/run0132/00/02/mvt_ID0000039.meta,/mnt/poseidon-data/poseidon/workflows/casa-wind-workflow-full/submit/poseidon/pegasus/casa-wind-full/run0132/00/02/mvt_ID0000049.meta,/mnt/poseidon-data/poseidon/workflows/casa-wind-workflow-full/submit/poseidon/pegasus/casa-wind-full/run0132/00/02/post_vel_ID0000073.meta,/mnt/poseidon-data/poseidon/workflows/casa-wind-workflow-full/submit/poseidon/pegasus/casa-wind-full/run0132/00/01/post_vel_ID0000088.meta,/mnt/poseidon-data/poseidon/workflows/casa-wind-workflow-full/submit/poseidon/pegasus/casa-wind-full/run0132/00/02/mvt_ID0000104.meta,/mnt/poseidon-data/poseidon/workflows/casa-wind-workflow-full/submit/poseidon/pegasus/casa-wind-full/run0132/00/01/post_vel_ID0000083.meta --insert /mnt/poseidon-data/poseidon/workflows/casa-wind-workflow-full/submit/poseidon/pegasus/casa-wind-full/run0132/00/02/register_condorpool_2_2.in",2.6,0,0,,,,,,,,,
stage_out_local_condorpool_3_1,None,transfer,0,1694343099.0,,,1694343104.0,,,0.0,1694343105.0,1694343109.0,,,0.0,1694343109.0,1694343114.0,5.0,,1.0,4.0,5.0,,,,,poseidon,local,poseidon-submit,pegasus::transfer,/mnt/poseidon-data/poseidon/pegasus-5.1.0panorama/bin/pegasus-transfer,/home/poseidon/pegasus-5.1.0panorama/bin/../bin/pegasus-kickstart  -n pegasus::transfer -N null -i - -R local  -L casa-wind-full -T 2023-09-08T07:29:05+00:00 /home/poseidon/pegasus-5.1.0panorama/bin/../bin/pegasus-transfer  --threads 2,0.9,0,0,,,,,,,,,
stage_out_local_condorpool_3_0,None,transfer,0,1694343099.0,,,1694343104.0,,,0.0,1694343105.0,1694343109.0,,,0.0,1694343109.0,1694343114.0,5.0,,1.0,4.0,5.0,,,,,poseidon,local,poseidon-submit,pegasus::transfer,/mnt/poseidon-data/poseidon/pegasus-5.1.0panorama/bin/pegasus-transfer,/home/poseidon/pegasus-5.1.0panorama/bin/../bin/pegasus-kickstart  -n pegasus::transfer -N null -i - -R local  -L casa-wind-full -T 2023-09-08T07:29:05+00:00 /home/poseidon/pegasus-5.1.0panorama/bin/../bin/pegasus-transfer  --threads 2,1.0,0,0,,,,,,,,,
stage_out_local_condorpool_3_2,None,transfer,0,1694343099.0,,,1694343104.0,,,0.0,1694343105.0,1694343109.0,,,0.0,1694343109.0,1694343114.0,5.0,,1.0,4.0,5.0,,,,,poseidon,local,poseidon-submit,pegasus::transfer,/mnt/poseidon-data/poseidon/pegasus-5.1.0panorama/bin/pegasus-transfer,/home/poseidon/pegasus-5.1.0panorama/bin/../bin/pegasus-kickstart  -n pegasus::transfer -N null -i - -R local  -L casa-wind-full -T 2023-09-08T07:29:05+00:00 /home/poseidon/pegasus-5.1.0panorama/bin/../bin/pegasus-transfer  --threads 2,0.9,0,0,,,,,,,,,
cleanup_casa-wind-full_0_condorpool,None,auxiliary,0,1694343114.0,,,1694343119.0,,,0.0,1694343119.0,1694343124.0,,,0.0,1694343124.0,1694343129.0,5.0,,0.0,5.0,5.0,,,,,poseidon,local,poseidon-submit,pegasus::cleanup,/mnt/poseidon-data/poseidon/pegasus-5.1.0panorama/bin/pegasus-transfer,pegasus-kickstart  -n pegasus::cleanup -N null -i - -R local  -L casa-wind-full -T 2023-09-08T07:29:05+00:00 pegasus-transfer,0.2,0,0,,,,,,,,,
register_condorpool_3_0,None,auxiliary,0,1694343114.0,,,1694343129.0,,,0.0,1694343130.0,1694343134.0,,,0.0,1694343134.0,1694343139.0,15.0,,1.0,4.0,5.0,,,,,poseidon,local,poseidon-submit,pegasus::rc-client,/mnt/poseidon-data/poseidon/pegasus-5.1.0panorama/bin/pegasus-rc-client,"-n pegasus::rc-client -N null -R local  -L casa-wind-full -T 2023-09-08T07:29:05+00:00 /home/poseidon/pegasus-5.1.0panorama/bin/pegasus-rc-client --prefix pegasus.catalog.replica.output --conf /mnt/poseidon-data/poseidon/workflows/casa-wind-workflow-full/submit/poseidon/pegasus/casa-wind-full/run0132/pegasus.1107228677926455542.properties -v --meta /mnt/poseidon-data/poseidon/workflows/casa-wind-workflow-full/submit/poseidon/pegasus/casa-wind-full/run0132/00/02/point_alert_ID0000070.meta,/mnt/poseidon-data/poseidon/workflows/casa-wind-workflow-full/submit/poseidon/pegasus/casa-wind-full/run0132/00/02/point_alert_ID0000095.meta,/mnt/poseidon-data/poseidon/workflows/casa-wind-workflow-full/submit/poseidon/pegasus/casa-wind-full/run0132/00/02/point_alert_ID0000025.meta,/mnt/poseidon-data/poseidon/workflows/casa-wind-workflow-full/submit/poseidon/pegasus/casa-wind-full/run0132/00/02/point_alert_ID0000125.meta,/mnt/poseidon-data/poseidon/workflows/casa-wind-workflow-full/submit/poseidon/pegasus/casa-wind-full/run0132/00/02/point_alert_ID0000080.meta,/mnt/poseidon-data/poseidon/workflows/casa-wind-workflow-full/submit/poseidon/pegasus/casa-wind-full/run0132/00/02/point_alert_ID0000130.meta,/mnt/poseidon-data/poseidon/workflows/casa-wind-workflow-full/submit/poseidon/pegasus/casa-wind-full/run0132/00/03/point_alert_ID0000060.meta,/mnt/poseidon-data/poseidon/workflows/casa-wind-workflow-full/submit/poseidon/pegasus/casa-wind-full/run0132/00/02/point_alert_ID0000030.meta,/mnt/poseidon-data/poseidon/workflows/casa-wind-workflow-full/submit/poseidon/pegasus/casa-wind-full/run0132/00/03/point_alert_ID0000045.meta --insert /mnt/poseidon-data/poseidon/workflows/casa-wind-workflow-full/submit/poseidon/pegasus/casa-wind-full/run0132/00/03/register_condorpool_3_0.in",2.8,0,0,,,,,,,,,
register_condorpool_3_2,None,auxiliary,0,1694343114.0,,,1694343139.0,,,0.0,1694343140.0,1694343144.0,,,0.0,1694343144.0,1694343149.0,25.0,,1.0,4.0,5.0,,,,,poseidon,local,poseidon-submit,pegasus::rc-client,/mnt/poseidon-data/poseidon/pegasus-5.1.0panorama/bin/pegasus-rc-client,"-n pegasus::rc-client -N null -R local  -L casa-wind-full -T 2023-09-08T07:29:05+00:00 /home/poseidon/pegasus-5.1.0panorama/bin/pegasus-rc-client --prefix pegasus.catalog.replica.output --conf /mnt/poseidon-data/poseidon/workflows/casa-wind-workflow-full/submit/poseidon/pegasus/casa-wind-full/run0132/pegasus.1107228677926455542.properties -v --meta /mnt/poseidon-data/poseidon/workflows/casa-wind-workflow-full/submit/poseidon/pegasus/casa-wind-full/run0132/00/02/point_alert_ID0000120.meta,/mnt/poseidon-data/poseidon/workflows/casa-wind-workflow-full/submit/poseidon/pegasus/casa-wind-full/run0132/00/02/point_alert_ID0000015.meta,/mnt/poseidon-data/poseidon/workflows/casa-wind-workflow-full/submit/poseidon/pegasus/casa-wind-full/run0132/00/02/point_alert_ID0000005.meta,/mnt/poseidon-data/poseidon/workflows/casa-wind-workflow-full/submit/poseidon/pegasus/casa-wind-full/run0132/00/02/point_alert_ID0000035.meta,/mnt/poseidon-data/poseidon/workflows/casa-wind-workflow-full/submit/poseidon/pegasus/casa-wind-full/run0132/00/03/point_alert_ID0000055.meta,/mnt/poseidon-data/poseidon/workflows/casa-wind-workflow-full/submit/poseidon/pegasus/casa-wind-full/run0132/00/02/point_alert_ID0000065.meta,/mnt/poseidon-data/poseidon/workflows/casa-wind-workflow-full/submit/poseidon/pegasus/casa-wind-full/run0132/00/02/point_alert_ID0000115.meta,/mnt/poseidon-data/poseidon/workflows/casa-wind-workflow-full/submit/poseidon/pegasus/casa-wind-full/run0132/00/03/point_alert_ID0000110.meta --insert /mnt/poseidon-data/poseidon/workflows/casa-wind-workflow-full/submit/poseidon/pegasus/casa-wind-full/run0132/00/03/register_condorpool_3_2.in",2.7,0,0,,,,,,,,,
register_condorpool_3_1,None,auxiliary,0,1694343114.0,,,1694343119.0,,,0.0,1694343119.0,1694343124.0,,,0.0,1694343124.0,1694343129.0,5.0,,0.0,5.0,5.0,,,,,poseidon,local,poseidon-submit,pegasus::rc-client,/mnt/poseidon-data/poseidon/pegasus-5.1.0panorama/bin/pegasus-rc-client,"-n pegasus::rc-client -N null -R local  -L casa-wind-full -T 2023-09-08T07:29:05+00:00 /home/poseidon/pegasus-5.1.0panorama/bin/pegasus-rc-client --prefix pegasus.catalog.replica.output --conf /mnt/poseidon-data/poseidon/workflows/casa-wind-workflow-full/submit/poseidon/pegasus/casa-wind-full/run0132/pegasus.1107228677926455542.properties -v --meta /mnt/poseidon-data/poseidon/workflows/casa-wind-workflow-full/submit/poseidon/pegasus/casa-wind-full/run0132/00/02/point_alert_ID0000020.meta,/mnt/poseidon-data/poseidon/workflows/casa-wind-workflow-full/submit/poseidon/pegasus/casa-wind-full/run0132/00/03/point_alert_ID0000040.meta,/mnt/poseidon-data/poseidon/workflows/casa-wind-workflow-full/submit/poseidon/pegasus/casa-wind-full/run0132/00/03/point_alert_ID0000050.meta,/mnt/poseidon-data/poseidon/workflows/casa-wind-workflow-full/submit/poseidon/pegasus/casa-wind-full/run0132/00/03/point_alert_ID0000105.meta,/mnt/poseidon-data/poseidon/workflows/casa-wind-workflow-full/submit/poseidon/pegasus/casa-wind-full/run0132/00/02/point_alert_ID0000100.meta,/mnt/poseidon-data/poseidon/workflows/casa-wind-workflow-full/submit/poseidon/pegasus/casa-wind-full/run0132/00/02/point_alert_ID0000085.meta,/mnt/poseidon-data/poseidon/workflows/casa-wind-workflow-full/submit/poseidon/pegasus/casa-wind-full/run0132/00/02/point_alert_ID0000010.meta,/mnt/poseidon-data/poseidon/workflows/casa-wind-workflow-full/submit/poseidon/pegasus/casa-wind-full/run0132/00/02/point_alert_ID0000075.meta,/mnt/poseidon-data/poseidon/workflows/casa-wind-workflow-full/submit/poseidon/pegasus/casa-wind-full/run0132/00/02/point_alert_ID0000090.meta --insert /mnt/poseidon-data/poseidon/workflows/casa-wind-workflow-full/submit/poseidon/pegasus/casa-wind-full/run0132/00/03/register_condorpool_3_1.in",2.6,0,0,,,,,,,,,
