,anomaly_type,type,is_clustered,ready,pre_script_start,pre_script_end,submit,stage_in_start,stage_in_end,stage_in_effective_bytes_per_sec,execute_start,execute_end,stage_out_start,stage_out_end,stage_out_effective_bytes_per_sec,post_script_start,post_script_end,wms_delay,pre_script_delay,queue_delay,runtime,post_script_delay,stage_in_delay,stage_in_bytes,stage_out_delay,stage_out_bytes,kickstart_user,kickstart_site,kickstart_hostname,kickstart_transformations,kickstart_executables,kickstart_executables_argv,kickstart_executables_cpu_time,kickstart_status,kickstart_executables_exitcode,kickstart_online_iowait,kickstart_online_bytes_read,kickstart_online_bytes_written,kickstart_online_read_system_calls,kickstart_online_write_system_calls,kickstart_online_utime,kickstart_online_stime,kickstart_online_bytes_read_per_second,kickstart_online_bytes_written_per_second
create_dir_casa-wind-full_0_condorpool,None,auxiliary,0,1694380131.0,,,1694380132.0,,,0.0,1694380135.0,1694380142.0,,,0.0,1694380142.0,1694380147.0,1.0,,3.0,7.0,5.0,,,,,poseidon,local,poseidon-submit,pegasus::dirmanager,/mnt/poseidon-data/poseidon/pegasus-5.1.0panorama/bin/pegasus-transfer,pegasus-kickstart  -n pegasus::dirmanager -N null -i - -R local  -L casa-wind-full -T 2023-09-08T07:29:05+00:00 pegasus-transfer,0.2,0,0,,,,,,,,,
unzip_ID0000006,cpu_2,compute,0,1694380147.0,,,1694380152.0,1694380173.0,1694380181.0,27144441.0,1694380171.0,1694380222.0,1694380194.0,1694380214.0,25986503.0,1694380222.0,1694380227.0,5.0,,19.0,51.0,5.0,8.0,222753803.0,20.0,501616588.0,poseidon,condorpool,poseidon-worker-2-container-40-43,unzip,/usr/bin/gunzip,,3.9,0,0,,,,,,,,,
unzip_ID0000046,None,compute,0,1694380147.0,,,1694380152.0,1694380170.0,1694380179.0,24756791.0,1694380168.0,1694380222.0,1694380192.0,1694380216.0,22180293.0,1694380222.0,1694380227.0,5.0,,16.0,54.0,5.0,9.0,229692821.0,24.0,523855228.0,poseidon,condorpool,poseidon-worker-2-container-4-7,unzip,/usr/bin/gunzip,,4.0,0,0,,,,,,,,,
unzip_ID0000101,None,compute,0,1694380147.0,,,1694380152.0,1694380168.0,1694380178.0,26742164.0,1694380167.0,1694380217.0,1694380191.0,1694380210.0,29864883.0,1694380217.0,1694380222.0,5.0,,15.0,50.0,5.0,10.0,250988249.0,19.0,561551644.0,poseidon,condorpool,poseidon-worker-1-container-8-11,unzip,/usr/bin/gunzip,,4.3,0,0,,,,,,,,,
unzip_ID0000026,None,compute,0,1694380147.0,,,1694380152.0,1694380169.0,1694380177.0,28113709.0,1694380167.0,1694380217.0,1694380191.0,1694380209.0,29355325.0,1694380217.0,1694380222.0,5.0,,15.0,50.0,5.0,8.0,227963832.0,18.0,523917888.0,poseidon,condorpool,poseidon-worker-1-container-4-7,unzip,/usr/bin/gunzip,,4.0,0,0,,,,,,,,,
unzip_ID0000126,None,compute,0,1694380147.0,,,1694380152.0,1694380169.0,1694380178.0,30595387.0,1694380168.0,1694380217.0,1694380191.0,1694380206.0,35858945.0,1694380217.0,1694380222.0,5.0,,16.0,49.0,5.0,9.0,249343892.0,15.0,520618424.0,poseidon,condorpool,poseidon-worker-1-container-0-3,unzip,/usr/bin/gunzip,,4.2,0,0,,,,,,,,,
unzip_ID0000031,cpu_2,compute,0,1694380147.0,,,1694380152.0,1694380169.0,1694380178.0,25148190.0,1694380167.0,1694380217.0,1694380192.0,1694380211.0,28046380.0,1694380217.0,1694380222.0,5.0,,15.0,50.0,5.0,9.0,237517035.0,19.0,539438752.0,poseidon,condorpool,poseidon-worker-2-container-8-11,unzip,/usr/bin/gunzip,,4.2,0,0,,,,,,,,,
unzip_ID0000076,None,compute,0,1694380147.0,,,1694380152.0,1694380169.0,1694380177.0,26788374.0,1694380167.0,1694380207.0,1694380190.0,1694380201.0,48710375.0,1694380207.0,1694380212.0,5.0,,15.0,40.0,5.0,8.0,233747923.0,11.0,523942844.0,poseidon,condorpool,poseidon-worker-2-container-0-3,unzip,/usr/bin/gunzip,,4.1,0,0,,,,,,,,,
unzip_ID0000011,None,compute,0,1694380147.0,,,1694380152.0,1694380169.0,1694380178.0,26613630.0,1694380167.0,1694380217.0,1694380191.0,1694380209.0,32235389.0,1694380217.0,1694380222.0,5.0,,15.0,50.0,5.0,9.0,235998389.0,18.0,565205920.0,poseidon,condorpool,poseidon-worker-1-container-20-23,unzip,/usr/bin/gunzip,,4.2,0,0,,,,,,,,,
unzip_ID0000056,None,compute,0,1694380147.0,,,1694380152.0,1694380169.0,1694380178.0,25697659.0,1694380167.0,1694380217.0,1694380191.0,1694380209.0,30058613.0,1694380217.0,1694380222.0,5.0,,15.0,50.0,5.0,9.0,232139969.0,18.0,528026776.0,poseidon,condorpool,poseidon-worker-1-container-32-35,unzip,/usr/bin/gunzip,,4.1,0,0,,,,,,,,,
unzip_ID0000111,None,compute,0,1694380147.0,,,1694380152.0,1694380169.0,1694380178.0,26931097.0,1694380167.0,1694380222.0,1694380192.0,1694380212.0,29053677.0,1694380222.0,1694380227.0,5.0,,15.0,55.0,5.0,9.0,256320311.0,20.0,567950764.0,poseidon,condorpool,poseidon-worker-1-container-24-27,unzip,/usr/bin/gunzip,,4.4,0,0,,,,,,,,,
unzip_ID0000071,None,compute,0,1694380147.0,,,1694380152.0,1694380169.0,1694380178.0,25953983.0,1694380167.0,1694380222.0,1694380191.0,1694380214.0,23804430.0,1694380222.0,1694380227.0,5.0,,15.0,55.0,5.0,9.0,240896692.0,23.0,539506600.0,poseidon,condorpool,poseidon-worker-2-container-36-39,unzip,/usr/bin/gunzip,,4.2,0,0,,,,,,,,,
unzip_ID0000051,None,compute,0,1694380147.0,,,1694380152.0,1694380169.0,1694380177.0,27760327.0,1694380167.0,1694380217.0,1694380191.0,1694380209.0,30319875.0,1694380217.0,1694380222.0,5.0,,15.0,50.0,5.0,8.0,239630266.0,18.0,544301296.0,poseidon,condorpool,poseidon-worker-1-container-16-19,unzip,/usr/bin/gunzip,,4.2,0,0,,,,,,,,,
unzip_ID0000106,None,compute,0,1694380147.0,,,1694380152.0,1694380172.0,1694380181.0,26293618.0,1694380170.0,1694380222.0,1694380195.0,1694380215.0,25368975.0,1694380222.0,1694380227.0,5.0,,18.0,52.0,5.0,9.0,241199298.0,20.0,501821816.0,poseidon,condorpool,poseidon-worker-2-container-32-35,unzip,/usr/bin/gunzip,,4.1,0,0,,,,,,,,,
unzip_ID0000091,cpu_2,compute,0,1694380147.0,,,1694380152.0,1694380169.0,1694380178.0,29142211.0,1694380167.0,1694380217.0,1694380191.0,1694380206.0,35614086.0,1694380217.0,1694380222.0,5.0,,15.0,50.0,5.0,9.0,246447087.0,15.0,539109992.0,poseidon,condorpool,poseidon-worker-2-container-12-15,unzip,/usr/bin/gunzip,,4.3,0,0,,,,,,,,,
unzip_ID0000081,None,compute,0,1694380147.0,,,1694380152.0,1694380169.0,1694380178.0,26937154.0,1694380167.0,1694380222.0,1694380191.0,1694380215.0,22853443.0,1694380222.0,1694380227.0,5.0,,15.0,55.0,5.0,9.0,245619741.0,24.0,543190672.0,poseidon,condorpool,poseidon-worker-2-container-32-35,unzip,/usr/bin/gunzip,,4.3,0,0,,,,,,,,,
unzip_ID0000041,cpu_2,compute,0,1694380147.0,,,1694380152.0,1694380169.0,1694380178.0,26205142.0,1694380167.0,1694380217.0,1694380191.0,1694380207.0,34385775.0,1694380217.0,1694380222.0,5.0,,15.0,50.0,5.0,9.0,238944758.0,16.0,540768928.0,poseidon,condorpool,poseidon-worker-1-container-44-47,unzip,/usr/bin/gunzip,,4.1,0,0,,,,,,,,,
unzip_ID0000061,cpu_2,compute,0,1694380147.0,,,1694380152.0,1694380169.0,1694380178.0,26938808.0,1694380167.0,1694380339.0,1694380191.0,1694380332.0,7689095.0,1694380339.0,1694380344.0,5.0,,15.0,172.0,5.0,9.0,240463185.0,141.0,1083891640.0,poseidon,condorpool,poseidon-worker-2-container-40-43,unzip,/usr/bin/gunzip,,4.2,0,0,,,,,,,,,
unzip_ID0000121,None,compute,0,1694380147.0,,,1694380152.0,1694380168.0,1694380179.0,24347004.0,1694380167.0,1694380222.0,1694380192.0,1694380216.0,23288262.0,1694380222.0,1694380227.0,5.0,,15.0,55.0,5.0,11.0,250860096.0,24.0,550782944.0,poseidon,condorpool,poseidon-worker-2-container-28-31,unzip,/usr/bin/gunzip,,4.3,0,0,,,,,,,,,
unzip_ID0000066,None,compute,0,1694380147.0,,,1694380152.0,1694380169.0,1694380178.0,26459612.0,1694380167.0,1694380212.0,1694380190.0,1694380203.0,39562229.0,1694380212.0,1694380217.0,5.0,,15.0,45.0,5.0,9.0,232031705.0,13.0,523661496.0,poseidon,condorpool,poseidon-worker-2-container-44-47,unzip,/usr/bin/gunzip,,4.1,0,0,,,,,,,,,
unzip_ID0000001,cpu_2,compute,0,1694380147.0,,,1694380152.0,1694380169.0,1694380178.0,25419717.0,1694380167.0,1694380217.0,1694380191.0,1694380210.0,29557832.0,1694380217.0,1694380222.0,5.0,,15.0,50.0,5.0,9.0,232473216.0,19.0,561354992.0,poseidon,condorpool,poseidon-worker-1-container-40-43,unzip,/usr/bin/gunzip,,4.2,0,0,,,,,,,,,
unzip_ID0000086,None,compute,0,1694380147.0,,,1694380152.0,1694380169.0,1694380178.0,25935373.0,1694380167.0,1694380217.0,1694380191.0,1694380208.0,31606122.0,1694380217.0,1694380222.0,5.0,,15.0,50.0,5.0,9.0,234836668.0,17.0,518838800.0,poseidon,condorpool,poseidon-worker-1-container-12-15,unzip,/usr/bin/gunzip,,4.1,0,0,,,,,,,,,
unzip_ID0000016,None,compute,0,1694380147.0,,,1694380152.0,1694380169.0,1694380177.0,26202331.0,1694380167.0,1694380207.0,1694380190.0,1694380200.0,49682873.0,1694380207.0,1694380212.0,5.0,,15.0,40.0,5.0,8.0,225238888.0,10.0,523826084.0,poseidon,condorpool,poseidon-worker-2-container-24-27,unzip,/usr/bin/gunzip,,4.0,0,0,,,,,,,,,
unzip_ID0000036,None,compute,0,1694380147.0,,,1694380152.0,1694380169.0,1694380177.0,29796918.0,1694380167.0,1694380212.0,1694380190.0,1694380204.0,36226911.0,1694380212.0,1694380217.0,5.0,,15.0,45.0,5.0,8.0,232020704.0,14.0,526952240.0,poseidon,condorpool,poseidon-worker-1-container-28-31,unzip,/usr/bin/gunzip,,4.0,0,0,,,,,,,,,
unzip_ID0000116,None,compute,0,1694380147.0,,,1694380152.0,1694380168.0,1694380177.0,28177615.0,1694380167.0,1694380217.0,1694380191.0,1694380211.0,26218458.0,1694380217.0,1694380222.0,5.0,,15.0,50.0,5.0,9.0,249255741.0,20.0,520850676.0,poseidon,condorpool,poseidon-worker-2-container-16-19,unzip,/usr/bin/gunzip,,4.2,0,0,,,,,,,,,
unzip_ID0000021,None,compute,0,1694380147.0,,,1694380152.0,1694380169.0,1694380178.0,24992632.0,1694380167.0,1694380222.0,1694380192.0,1694380212.0,27017300.0,1694380222.0,1694380227.0,5.0,,15.0,55.0,5.0,9.0,235136662.0,20.0,539178100.0,poseidon,condorpool,poseidon-worker-1-container-36-39,unzip,/usr/bin/gunzip,,4.1,0,0,,,,,,,,,
unzip_ID0000096,None,compute,0,1694380147.0,,,1694380152.0,1694380169.0,1694380177.0,28218058.0,1694380167.0,1694380207.0,1694380190.0,1694380201.0,49097056.0,1694380207.0,1694380212.0,5.0,,15.0,40.0,5.0,8.0,240753402.0,11.0,524013876.0,poseidon,condorpool,poseidon-worker-2-container-20-23,unzip,/usr/bin/gunzip,,4.2,0,0,,,,,,,,,
um_vel_ID0000017,cpu_2,compute,0,1694380212.0,,,1694380217.0,1694380220.0,1694380242.0,42161320.4,1694380219.0,1694380262.0,1694380251.0,1694380254.0,177006.0,1694380262.0,1694380267.0,5.0,,2.0,43.0,5.0,22.0,700412836.0,3.0,556900.0,poseidon,condorpool,poseidon-worker-1-container-44-47,um_vel,/opt/UM_VEL/UM_VEL,,1.8,0,0,,,,,,,,,
um_vel_ID0000077,None,compute,0,1694380212.0,,,1694380217.0,1694380220.0,1694380239.0,53128948.5,1694380219.0,1694380257.0,1694380248.0,1694380251.0,170011.0,1694380257.0,1694380262.0,5.0,,2.0,38.0,5.0,19.0,700529596.0,3.0,556900.0,poseidon,condorpool,poseidon-worker-2-container-16-19,um_vel,/opt/UM_VEL/UM_VEL,,1.8,0,0,,,,,,,,,
um_vel_ID0000097,cpu_2,compute,0,1694380212.0,,,1694380217.0,1694380220.0,1694380241.0,46784208.6,1694380219.0,1694380262.0,1694380251.0,1694380254.0,174940.0,1694380262.0,1694380267.0,5.0,,2.0,43.0,5.0,21.0,700600628.0,3.0,556900.0,poseidon,condorpool,poseidon-worker-2-container-8-11,um_vel,/opt/UM_VEL/UM_VEL,,1.8,0,0,,,,,,,,,
um_vel_ID0000037,None,compute,0,1694380217.0,,,1694380222.0,1694380225.0,1694380244.0,52312086.3,1694380224.0,1694380262.0,1694380253.0,1694380256.0,176113.0,1694380262.0,1694380267.0,5.0,,2.0,38.0,5.0,19.0,703538992.0,3.0,556900.0,poseidon,condorpool,poseidon-worker-1-container-24-27,um_vel,/opt/UM_VEL/UM_VEL,,1.8,0,0,,,,,,,,,
um_vel_ID0000067,None,compute,0,1694380217.0,,,1694380222.0,1694380225.0,1694380245.0,48693664.1,1694380224.0,1694380267.0,1694380255.0,1694380258.0,175820.0,1694380267.0,1694380272.0,5.0,,2.0,43.0,5.0,20.0,700248248.0,3.0,556900.0,poseidon,condorpool,poseidon-worker-2-container-4-7,um_vel,/opt/UM_VEL/UM_VEL,,1.7,0,0,,,,,,,,,
um_vel_ID0000002,None,compute,0,1694380222.0,,,1694380227.0,1694380230.0,1694380251.0,49461184.1,1694380228.0,1694380272.0,1694380260.0,1694380263.0,174463.0,1694380272.0,1694380277.0,5.0,,1.0,44.0,5.0,21.0,737941744.0,3.0,556900.0,poseidon,condorpool,poseidon-worker-2-container-0-3,um_vel,/opt/UM_VEL/UM_VEL,,1.7,0,0,,,,,,,,,
um_vel_ID0000102,None,compute,0,1694380222.0,,,1694380227.0,1694380230.0,1694380251.0,48760905.0,1694380228.0,1694380272.0,1694380260.0,1694380263.0,171789.0,1694380272.0,1694380277.0,5.0,,1.0,44.0,5.0,21.0,738138396.0,3.0,556900.0,poseidon,condorpool,poseidon-worker-1-container-16-19,um_vel,/opt/UM_VEL/UM_VEL,,1.7,0,0,,,,,,,,,
um_vel_ID0000087,None,compute,0,1694380222.0,,,1694380227.0,1694380230.0,1694380251.0,46749625.9,1694380228.0,1694380272.0,1694380259.0,1694380262.0,175127.0,1694380272.0,1694380277.0,5.0,,1.0,44.0,5.0,21.0,695425552.0,3.0,556900.0,poseidon,condorpool,poseidon-worker-2-container-44-47,um_vel,/opt/UM_VEL/UM_VEL,,1.7,0,0,,,,,,,,,
um_vel_ID0000027,None,compute,0,1694380222.0,,,1694380227.0,1694380230.0,1694380249.0,52526105.5,1694380228.0,1694380267.0,1694380258.0,1694380261.0,175906.0,1694380267.0,1694380272.0,5.0,,1.0,39.0,5.0,19.0,700504640.0,3.0,556900.0,poseidon,condorpool,poseidon-worker-2-container-20-23,um_vel,/opt/UM_VEL/UM_VEL,,1.7,0,0,,,,,,,,,
um_vel_ID0000042,None,compute,0,1694380222.0,,,1694380227.0,1694380230.0,1694380249.0,52356032.8,1694380228.0,1694380267.0,1694380258.0,1694380261.0,176962.0,1694380267.0,1694380272.0,5.0,,1.0,39.0,5.0,19.0,717355680.0,3.0,556900.0,poseidon,condorpool,poseidon-worker-1-container-28-31,um_vel,/opt/UM_VEL/UM_VEL,,1.7,0,0,,,,,,,,,
um_vel_ID0000117,None,compute,0,1694380222.0,,,1694380227.0,1694380230.0,1694380249.0,50628999.5,1694380228.0,1694380272.0,1694380258.0,1694380261.0,174817.0,1694380272.0,1694380277.0,5.0,,1.0,44.0,5.0,19.0,697437428.0,3.0,556900.0,poseidon,condorpool,poseidon-worker-1-container-20-23,um_vel,/opt/UM_VEL/UM_VEL,,1.7,0,0,,,,,,,,,
um_vel_ID0000092,cpu_2,compute,0,1694380222.0,,,1694380227.0,1694380230.0,1694380251.0,46671666.5,1694380228.0,1694380272.0,1694380260.0,1694380263.0,175635.0,1694380272.0,1694380277.0,5.0,,1.0,44.0,5.0,21.0,715696744.0,3.0,556900.0,poseidon,condorpool,poseidon-worker-1-container-40-43,um_vel,/opt/UM_VEL/UM_VEL,,1.7,0,0,,,,,,,,,
um_vel_ID0000127,cpu_2,compute,0,1694380222.0,,,1694380227.0,1694380230.0,1694380250.0,49720709.4,1694380228.0,1694380272.0,1694380259.0,1694380262.0,175175.0,1694380272.0,1694380277.0,5.0,,1.0,44.0,5.0,20.0,697205176.0,3.0,556900.0,poseidon,condorpool,poseidon-worker-2-container-12-15,um_vel,/opt/UM_VEL/UM_VEL,,1.7,0,0,,,,,,,,,
um_vel_ID0000052,None,compute,0,1694380222.0,,,1694380227.0,1694380230.0,1694380250.0,50746838.6,1694380228.0,1694380267.0,1694380258.0,1694380262.0,175810.0,1694380267.0,1694380272.0,5.0,,1.0,39.0,5.0,20.0,720888048.0,4.0,556900.0,poseidon,condorpool,poseidon-worker-2-container-32-35,um_vel,/opt/UM_VEL/UM_VEL,,1.7,0,0,,,,,,,,,
um_vel_ID0000032,None,compute,0,1694380222.0,,,1694380227.0,1694380230.0,1694380251.0,44882153.0,1694380228.0,1694380272.0,1694380260.0,1694380263.0,170452.0,1694380272.0,1694380277.0,5.0,,1.0,44.0,5.0,21.0,716025504.0,3.0,556900.0,poseidon,condorpool,poseidon-worker-1-container-4-7,um_vel,/opt/UM_VEL/UM_VEL,,1.6,0,0,,,,,,,,,
um_vel_ID0000057,None,compute,0,1694380222.0,,,1694380227.0,1694380230.0,1694380249.0,52571676.8,1694380228.0,1694380267.0,1694380258.0,1694380261.0,176466.0,1694380267.0,1694380272.0,5.0,,1.0,39.0,5.0,19.0,704613528.0,3.0,556900.0,poseidon,condorpool,poseidon-worker-1-container-0-3,um_vel,/opt/UM_VEL/UM_VEL,,1.7,0,0,,,,,,,,,
um_vel_ID0000012,None,compute,0,1694380222.0,,,1694380227.0,1694380230.0,1694380252.0,45528777.0,1694380228.0,1694380272.0,1694380261.0,1694380264.0,175921.0,1694380272.0,1694380277.0,5.0,,1.0,44.0,5.0,22.0,741792672.0,3.0,556900.0,poseidon,condorpool,poseidon-worker-2-container-24-27,um_vel,/opt/UM_VEL/UM_VEL,,1.8,0,0,,,,,,,,,
um_vel_ID0000047,None,compute,0,1694380227.0,,,1694380232.0,1694380235.0,1694380254.0,55224878.0,1694380234.0,1694380272.0,1694380263.0,1694380266.0,174015.0,1694380272.0,1694380277.0,5.0,,2.0,38.0,5.0,19.0,700441980.0,3.0,556900.0,poseidon,condorpool,poseidon-worker-1-container-8-11,um_vel,/opt/UM_VEL/UM_VEL,,1.7,0,0,,,,,,,,,
um_vel_ID0000072,None,compute,0,1694380227.0,,,1694380232.0,1694380238.0,1694380258.0,50125770.5,1694380236.0,1694380277.0,1694380267.0,1694380270.0,178442.0,1694380277.0,1694380282.0,5.0,,4.0,41.0,5.0,20.0,716093352.0,3.0,556900.0,poseidon,condorpool,poseidon-worker-1-container-12-15,um_vel,/opt/UM_VEL/UM_VEL,,1.6,0,0,,,,,,,,,
um_vel_ID0000122,None,compute,0,1694380227.0,,,1694380232.0,1694380236.0,1694380255.0,50862127.7,1694380234.0,1694380277.0,1694380265.0,1694380268.0,175841.0,1694380277.0,1694380282.0,5.0,,2.0,43.0,5.0,19.0,727369696.0,3.0,556900.0,poseidon,condorpool,poseidon-worker-2-container-32-35,um_vel,/opt/UM_VEL/UM_VEL,,1.8,0,0,,,,,,,,,
um_vel_ID0000082,None,compute,0,1694380227.0,,,1694380232.0,1694380235.0,1694380255.0,51526794.6,1694380234.0,1694380277.0,1694380264.0,1694380267.0,176612.0,1694380277.0,1694380282.0,5.0,,2.0,43.0,5.0,20.0,719777424.0,3.0,556900.0,poseidon,condorpool,poseidon-worker-1-container-36-39,um_vel,/opt/UM_VEL/UM_VEL,,1.7,0,0,,,,,,,,,
um_vel_ID0000007,None,compute,0,1694380227.0,,,1694380232.0,1694380235.0,1694380254.0,52970197.5,1694380234.0,1694380277.0,1694380263.0,1694380266.0,169771.0,1694380277.0,1694380282.0,5.0,,2.0,43.0,5.0,19.0,678203340.0,3.0,556900.0,poseidon,condorpool,poseidon-worker-1-container-32-35,um_vel,/opt/UM_VEL/UM_VEL,,1.7,0,0,,,,,,,,,
um_vel_ID0000022,None,compute,0,1694380227.0,,,1694380232.0,1694380235.0,1694380254.0,53026003.8,1694380233.0,1694380277.0,1694380263.0,1694380266.0,174029.0,1694380277.0,1694380282.0,5.0,,1.0,44.0,5.0,19.0,715764852.0,3.0,556900.0,poseidon,condorpool,poseidon-worker-2-container-36-39,um_vel,/opt/UM_VEL/UM_VEL,,1.7,0,0,,,,,,,,,
um_vel_ID0000112,None,compute,0,1694380227.0,,,1694380232.0,1694380236.0,1694380255.0,53138930.5,1694380234.0,1694380277.0,1694380264.0,1694380267.0,175425.0,1694380277.0,1694380282.0,5.0,,2.0,43.0,5.0,19.0,744537516.0,3.0,556900.0,poseidon,condorpool,poseidon-worker-2-container-28-31,um_vel,/opt/UM_VEL/UM_VEL,,1.8,0,0,,,,,,,,,
um_vel_ID0000107,cpu_2,compute,0,1694380227.0,,,1694380232.0,1694380236.0,1694380255.0,51001248.6,1694380234.0,1694380272.0,1694380263.0,1694380266.0,175064.0,1694380272.0,1694380277.0,5.0,,2.0,38.0,5.0,19.0,678408568.0,3.0,556900.0,poseidon,condorpool,poseidon-worker-2-container-40-43,um_vel,/opt/UM_VEL/UM_VEL,,1.7,0,0,,,,,,,,,
mvt_ID0000079,None,compute,0,1694380262.0,,,1694380267.0,1694380270.0,1694380281.0,34480882.2,1694380269.0,1694380339.0,1694380326.0,1694380329.0,14599.0,1694380339.0,1694380344.0,5.0,,2.0,70.0,5.0,11.0,177143652.0,3.0,45337.0,poseidon,condorpool,poseidon-worker-2-container-4-7,mvt,/opt/mvt/mvt,,40.0,0,0,0.0,795590.0,24576.0,443.0,6.0,39.9,0.1,19889.8,1228.8
post_vel_ID0000078,None,compute,0,1694380262.0,,,1694380267.0,1694380270.0,1694380281.0,29975131.0,1694380269.0,1694380298.0,1694380286.0,1694380290.0,3794.0,1694380298.0,1694380303.0,5.0,,2.0,29.0,5.0,11.0,177143937.0,4.0,12264.0,poseidon,condorpool,poseidon-worker-1-container-24-27,post_vel,/opt/netcdf2png/merged_netcdf2png,,0.1,0,0,,,,,,,,,
post_vel_ID0000098,cpu_2,compute,0,1694380267.0,,,1694380272.0,1694380275.0,1694380289.0,20979599.8,1694380273.0,1694380308.0,1694380294.0,1694380298.0,4274.0,1694380308.0,1694380313.0,5.0,,1.0,35.0,5.0,14.0,177143937.0,4.0,13355.0,poseidon,condorpool,poseidon-worker-1-container-44-47,post_vel,/opt/netcdf2png/merged_netcdf2png,,0.1,0,0,,,,,,,,,
post_vel_ID0000038,None,compute,0,1694380267.0,,,1694380272.0,1694380275.0,1694380285.0,29721082.5,1694380273.0,1694380303.0,1694380291.0,1694380294.0,3601.0,1694380303.0,1694380308.0,5.0,,1.0,30.0,5.0,10.0,177143937.0,3.0,11227.0,poseidon,condorpool,poseidon-worker-1-container-0-3,post_vel,/opt/netcdf2png/merged_netcdf2png,,0.1,0,0,,,,,,,,,
post_vel_ID0000018,cpu_2,compute,0,1694380267.0,,,1694380272.0,1694380274.0,1694380285.0,29792033.5,1694380272.0,1694380303.0,1694380291.0,1694380294.0,3689.0,1694380303.0,1694380308.0,5.0,,0.0,31.0,5.0,11.0,177143937.0,3.0,11645.0,poseidon,condorpool,poseidon-worker-2-container-40-43,post_vel,/opt/netcdf2png/merged_netcdf2png,,0.1,0,0,,,,,,,,,
mvt_ID0000039,None,compute,0,1694380267.0,,,1694380272.0,1694380275.0,1694380286.0,29985545.5,1694380273.0,1694380344.0,1694380331.0,1694380334.0,11223.0,1694380344.0,1694380349.0,5.0,,1.0,71.0,5.0,11.0,177143652.0,3.0,34386.0,poseidon,condorpool,poseidon-worker-2-container-16-19,mvt,/opt/mvt/mvt,,40.1,0,0,0.0,806631.0,16384.0,467.0,4.0,39.9,0.1,20165.8,819.2
mvt_ID0000019,None,compute,0,1694380267.0,,,1694380272.0,1694380274.0,1694380285.0,29697019.5,1694380272.0,1694380339.0,1694380330.0,1694380333.0,11854.0,1694380339.0,1694380344.0,5.0,,0.0,67.0,5.0,11.0,177143652.0,3.0,36245.0,poseidon,condorpool,poseidon-worker-1-container-8-11,mvt,/opt/mvt/mvt,,39.8,0,0,0.0,789105.0,20480.0,422.0,5.0,29.7,0.3,26303.5,1024.0
mvt_ID0000099,cpu_2,compute,0,1694380267.0,,,1694380272.0,1694380275.0,1694380286.0,32303672.8,1694380273.0,1694380344.0,1694380332.0,1694380335.0,16333.0,1694380344.0,1694380349.0,5.0,,1.0,71.0,5.0,11.0,177143652.0,3.0,50118.0,poseidon,condorpool,poseidon-worker-2-container-8-11,mvt,/opt/mvt/mvt,,40.2,0,0,0.0,792850.0,28672.0,437.0,7.0,39.8,0.2,19821.2,1433.6
post_vel_ID0000053,None,compute,0,1694380272.0,,,1694380277.0,1694380281.0,1694380292.0,30669940.0,1694380279.0,1694380308.0,1694380298.0,1694380301.0,3591.0,1694380308.0,1694380313.0,5.0,,2.0,29.0,5.0,11.0,177143937.0,3.0,11004.0,poseidon,condorpool,poseidon-worker-2-container-32-35,post_vel,/opt/netcdf2png/merged_netcdf2png,,0.1,0,0,,,,,,,,,
post_vel_ID0000058,None,compute,0,1694380272.0,,,1694380277.0,1694380280.0,1694380291.0,29677710.0,1694380278.0,1694380308.0,1694380297.0,1694380300.0,3588.0,1694380308.0,1694380313.0,5.0,,1.0,30.0,5.0,11.0,177143937.0,3.0,10981.0,poseidon,condorpool,poseidon-worker-1-container-4-7,post_vel,/opt/netcdf2png/merged_netcdf2png,,0.1,0,0,,,,,,,,,
mvt_ID0000059,None,compute,0,1694380272.0,,,1694380277.0,1694380280.0,1694380291.0,29875211.0,1694380278.0,1694380349.0,1694380336.0,1694380339.0,9261.0,1694380349.0,1694380355.0,5.0,,1.0,71.0,6.0,11.0,177143652.0,3.0,28164.0,poseidon,condorpool,poseidon-worker-1-container-16-19,mvt,/opt/mvt/mvt,,39.6,0,0,0.0,790515.0,12288.0,425.0,3.0,29.9,0.1,26350.5,1228.8
mvt_ID0000044,None,compute,0,1694380272.0,,,1694380277.0,1694380280.0,1694380292.0,26928677.3,1694380278.0,1694380349.0,1694380337.0,1694380340.0,9220.0,1694380349.0,1694380355.0,5.0,,1.0,71.0,6.0,12.0,177143652.0,3.0,28113.0,poseidon,condorpool,poseidon-worker-1-container-20-23,mvt,/opt/mvt/mvt,,39.6,0,0,0.0,791897.0,12288.0,428.0,3.0,29.9,0.1,26396.6,1228.8
mvt_ID0000029,cpu_2,compute,0,1694380272.0,,,1694380277.0,1694380280.0,1694380292.0,27477914.8,1694380278.0,1694380349.0,1694380337.0,1694380340.0,12650.0,1694380349.0,1694380355.0,5.0,,1.0,71.0,6.0,12.0,177143652.0,3.0,38341.0,poseidon,condorpool,poseidon-worker-2-container-12-15,mvt,/opt/mvt/mvt,,40.1,0,0,0.0,806639.0,20480.0,467.0,5.0,40.0,0.0,20166.0,1024.0
mvt_ID0000069,None,compute,0,1694380272.0,,,1694380277.0,1694380280.0,1694380291.0,29778587.0,1694380279.0,1694380349.0,1694380336.0,1694380339.0,11582.0,1694380349.0,1694380355.0,5.0,,2.0,70.0,6.0,11.0,177143652.0,3.0,35309.0,poseidon,condorpool,poseidon-worker-1-container-28-31,mvt,/opt/mvt/mvt,,39.5,0,0,0.0,797351.0,16384.0,440.0,4.0,29.9,0.1,26578.4,819.2
mvt_ID0000054,None,compute,0,1694380272.0,,,1694380277.0,1694380281.0,1694380292.0,34225314.8,1694380279.0,1694380349.0,1694380337.0,1694380340.0,9330.0,1694380349.0,1694380355.0,5.0,,2.0,70.0,6.0,11.0,177143652.0,3.0,28552.0,poseidon,condorpool,poseidon-worker-2-container-24-27,mvt,/opt/mvt/mvt,,40.0,0,0,0.0,802508.0,40840.0,458.0,10.0,39.9,0.1,20062.7,2042.0
post_vel_ID0000028,None,compute,0,1694380272.0,,,1694380277.0,1694380281.0,1694380292.0,29915930.5,1694380279.0,1694380308.0,1694380297.0,1694380300.0,3762.0,1694380308.0,1694380313.0,5.0,,2.0,29.0,5.0,11.0,177143937.0,3.0,11529.0,poseidon,condorpool,poseidon-worker-2-container-44-47,post_vel,/opt/netcdf2png/merged_netcdf2png,,0.1,0,0,,,,,,,,,
post_vel_ID0000043,None,compute,0,1694380272.0,,,1694380277.0,1694380280.0,1694380291.0,34470677.0,1694380279.0,1694380308.0,1694380297.0,1694380300.0,3597.0,1694380308.0,1694380313.0,5.0,,2.0,29.0,5.0,11.0,177143937.0,3.0,11050.0,poseidon,condorpool,poseidon-worker-2-container-20-23,post_vel,/opt/netcdf2png/merged_netcdf2png,,0.1,0,0,,,,,,,,,
post_vel_ID0000068,cpu_2,compute,0,1694380272.0,,,1694380277.0,1694380281.0,1694380293.0,29441800.7,1694380279.0,1694380308.0,1694380299.0,1694380302.0,3758.0,1694380308.0,1694380313.0,5.0,,2.0,29.0,5.0,12.0,177143937.0,3.0,11398.0,poseidon,condorpool,poseidon-worker-1-container-40-43,post_vel,/opt/netcdf2png/merged_netcdf2png,,0.1,0,0,,,,,,,,,
mvt_ID0000104,None,compute,0,1694380277.0,,,1694380282.0,1694380290.0,1694380302.0,31938290.2,1694380289.0,1694380363.0,1694380347.0,1694380350.0,19395.0,1694380363.0,1694380368.0,5.0,,7.0,74.0,5.0,12.0,177143652.0,3.0,59590.0,poseidon,condorpool,poseidon-worker-1-container-12-15,mvt,/opt/mvt/mvt,,39.9,0,0,0.0,822127.0,32768.0,494.0,8.0,29.9,0.1,27404.2,3276.8
post_vel_ID0000108,cpu_2,compute,0,1694380277.0,,,1694380282.0,1694380291.0,1694380302.0,29671329.0,1694380289.0,1694380318.0,1694380308.0,1694380311.0,4531.0,1694380318.0,1694380324.0,5.0,,7.0,29.0,6.0,11.0,177143937.0,3.0,13907.0,poseidon,condorpool,poseidon-worker-2-container-12-15,post_vel,/opt/netcdf2png/merged_netcdf2png,,0.1,0,0,,,,,,,,,
mvt_ID0000129,cpu_2,compute,0,1694380277.0,,,1694380282.0,1694380292.0,1694380303.0,29778796.0,1694380290.0,1694380363.0,1694380348.0,1694380351.0,21164.0,1694380363.0,1694380368.0,5.0,,8.0,73.0,5.0,11.0,177143652.0,3.0,64489.0,poseidon,condorpool,poseidon-worker-1-container-40-43,mvt,/opt/mvt/mvt,,39.8,0,0,0.0,793293.0,36864.0,431.0,9.0,29.8,0.0,26443.1,3686.4
mvt_ID0000034,None,compute,0,1694380277.0,,,1694380282.0,1694380291.0,1694380301.0,30010552.5,1694380289.0,1694380363.0,1694380346.0,1694380349.0,10212.0,1694380363.0,1694380368.0,5.0,,7.0,74.0,5.0,10.0,177143652.0,3.0,30976.0,poseidon,condorpool,poseidon-worker-2-container-32-35,mvt,/opt/mvt/mvt,,39.7,0,0,0.0,830389.0,16384.0,512.0,4.0,29.8,0.1,27679.6,819.2
mvt_ID0000049,None,compute,0,1694380277.0,,,1694380282.0,1694380290.0,1694380301.0,29709238.5,1694380289.0,1694380363.0,1694380346.0,1694380349.0,7777.0,1694380363.0,1694380368.0,5.0,,7.0,74.0,5.0,11.0,177143652.0,3.0,24108.0,poseidon,condorpool,poseidon-worker-1-container-28-31,mvt,/opt/mvt/mvt,,39.8,0,0,0.0,820762.0,12288.0,491.0,3.0,29.9,0.1,27358.7,1228.8
post_vel_ID0000033,None,compute,0,1694380277.0,,,1694380282.0,1694380286.0,1694380297.0,34041769.6,1694380284.0,1694380313.0,1694380302.0,1694380305.0,3736.0,1694380313.0,1694380318.0,5.0,,2.0,29.0,5.0,11.0,177143937.0,3.0,11464.0,poseidon,condorpool,poseidon-worker-1-container-36-39,post_vel,/opt/netcdf2png/merged_netcdf2png,,0.1,0,0,,,,,,,,,
mvt_ID0000014,None,compute,0,1694380277.0,,,1694380282.0,1694380286.0,1694380297.0,29572453.0,1694380284.0,1694380355.0,1694380342.0,1694380345.0,10522.0,1694380355.0,1694380363.0,5.0,,2.0,71.0,8.0,11.0,177143652.0,3.0,31991.0,poseidon,condorpool,poseidon-worker-2-container-36-39,mvt,/opt/mvt/mvt,,39.9,0,0,0.0,790515.0,16384.0,425.0,4.0,29.9,0.1,26350.5,819.2
post_vel_ID0000013,None,compute,0,1694380277.0,,,1694380282.0,1694380286.0,1694380298.0,25573976.0,1694380284.0,1694380313.0,1694380304.0,1694380307.0,3575.0,1694380313.0,1694380318.0,5.0,,2.0,29.0,5.0,12.0,177143937.0,3.0,11040.0,poseidon,condorpool,poseidon-worker-1-container-32-35,post_vel,/opt/netcdf2png/merged_netcdf2png,,0.1,0,0,,,,,,,,,
post_vel_ID0000048,None,compute,0,1694380277.0,,,1694380282.0,1694380290.0,1694380302.0,28421977.6,1694380288.0,1694380318.0,1694380308.0,1694380311.0,3136.0,1694380318.0,1694380324.0,5.0,,6.0,30.0,6.0,12.0,177143937.0,3.0,10371.0,poseidon,condorpool,poseidon-worker-2-container-16-19,post_vel,/opt/netcdf2png/merged_netcdf2png,,0.1,0,0,,,,,,,,,
post_vel_ID0000128,None,compute,0,1694380277.0,,,1694380282.0,1694380291.0,1694380301.0,35309060.6,1694380289.0,1694380318.0,1694380307.0,1694380310.0,4695.0,1694380318.0,1694380324.0,5.0,,7.0,29.0,6.0,10.0,177143937.0,3.0,14512.0,poseidon,condorpool,poseidon-worker-2-container-28-31,post_vel,/opt/netcdf2png/merged_netcdf2png,,0.1,0,0,,,,,,,,,
post_vel_ID0000103,None,compute,0,1694380277.0,,,1694380282.0,1694380290.0,1694380301.0,29744759.0,1694380288.0,1694380318.0,1694380307.0,1694380310.0,4485.0,1694380318.0,1694380324.0,5.0,,6.0,30.0,6.0,11.0,177143937.0,3.0,13815.0,poseidon,condorpool,poseidon-worker-2-container-24-27,post_vel,/opt/netcdf2png/merged_netcdf2png,,0.1,0,0,,,,,,,,,
mvt_ID0000109,None,compute,0,1694380277.0,,,1694380282.0,1694380291.0,1694380302.0,29596077.0,1694380289.0,1694380363.0,1694380347.0,1694380350.0,19560.0,1694380363.0,1694380368.0,5.0,,7.0,74.0,5.0,11.0,177143652.0,3.0,59954.0,poseidon,condorpool,poseidon-worker-2-container-20-23,mvt,/opt/mvt/mvt,,39.7,0,0,0.0,804299.0,32768.0,455.0,8.0,29.9,0.1,26810.0,1638.4
mvt_ID0000094,None,compute,0,1694380277.0,,,1694380282.0,1694380290.0,1694380301.0,30009137.5,1694380289.0,1694380363.0,1694380346.0,1694380349.0,16855.0,1694380363.0,1694380368.0,5.0,,7.0,74.0,5.0,11.0,177143652.0,3.0,52407.0,poseidon,condorpool,poseidon-worker-1-container-36-39,mvt,/opt/mvt/mvt,,39.8,0,0,0.0,819391.0,28672.0,488.0,7.0,29.9,0.1,27313.0,1433.6
post_vel_ID0000093,None,compute,0,1694380277.0,,,1694380282.0,1694380291.0,1694380303.0,28501235.6,1694380289.0,1694380319.0,1694380308.0,1694380312.0,3970.0,1694380319.0,1694380324.0,5.0,,7.0,30.0,5.0,12.0,177143937.0,4.0,13303.0,poseidon,condorpool,poseidon-worker-2-container-44-47,post_vel,/opt/netcdf2png/merged_netcdf2png,,0.1,0,0,,,,,,,,,
post_vel_ID0000003,None,compute,0,1694380277.0,,,1694380282.0,1694380286.0,1694380306.0,13053367.1,1694380284.0,1694380324.0,1694380311.0,1694380314.0,3560.0,1694380324.0,1694380329.0,5.0,,2.0,40.0,5.0,20.0,177143937.0,3.0,10865.0,poseidon,condorpool,poseidon-worker-2-container-28-31,post_vel,/opt/netcdf2png/merged_netcdf2png,,0.1,0,0,,,,,,,,,
mvt_ID0000004,None,compute,0,1694380277.0,,,1694380282.0,1694380286.0,1694380297.0,30342328.8,1694380284.0,1694380355.0,1694380343.0,1694380346.0,9456.0,1694380355.0,1694380363.0,5.0,,2.0,71.0,8.0,11.0,177143652.0,3.0,28781.0,poseidon,condorpool,poseidon-worker-2-container-32-35,mvt,/opt/mvt/mvt,,39.9,0,0,0.0,844162.0,16384.0,542.0,4.0,29.9,0.1,28138.7,819.2
mvt_ID0000119,None,compute,0,1694380277.0,,,1694380282.0,1694380286.0,1694380299.0,22412517.1,1694380284.0,1694380355.0,1694380344.0,1694380347.0,21352.0,1694380355.0,1694380363.0,5.0,,2.0,71.0,8.0,13.0,177143652.0,3.0,65525.0,poseidon,condorpool,poseidon-worker-1-container-12-15,mvt,/opt/mvt/mvt,,39.8,0,0,0.0,816611.0,36864.0,482.0,9.0,29.9,0.1,27220.4,3686.4
post_vel_ID0000118,None,compute,0,1694380277.0,,,1694380282.0,1694380286.0,1694380299.0,21152429.1,1694380284.0,1694380318.0,1694380305.0,1694380308.0,4678.0,1694380318.0,1694380324.0,5.0,,2.0,34.0,6.0,13.0,177143937.0,3.0,14402.0,poseidon,condorpool,poseidon-worker-2-container-0-3,post_vel,/opt/netcdf2png/merged_netcdf2png,,0.1,0,0,,,,,,,,,
post_vel_ID0000088,cpu_2,compute,0,1694380277.0,,,1694380282.0,1694380291.0,1694380303.0,29888141.0,1694380289.0,1694380319.0,1694380308.0,1694380311.0,4163.0,1694380319.0,1694380324.0,5.0,,7.0,30.0,5.0,12.0,177143937.0,3.0,12740.0,poseidon,condorpool,poseidon-worker-2-container-40-43,post_vel,/opt/netcdf2png/merged_netcdf2png,,0.1,0,0,,,,,,,,,
mvt_ID0000089,cpu_2,compute,0,1694380277.0,,,1694380282.0,1694380291.0,1694380302.0,31885467.4,1694380289.0,1694380363.0,1694380348.0,1694380351.0,14929.0,1694380363.0,1694380368.0,5.0,,7.0,74.0,5.0,11.0,177143652.0,3.0,48475.0,poseidon,condorpool,poseidon-worker-1-container-44-47,mvt,/opt/mvt/mvt,,39.6,0,0,0.0,816245.0,24576.0,488.0,6.0,39.5,0.1,20406.1,2457.6
post_vel_ID0000123,cpu_2,compute,0,1694380282.0,,,1694380288.0,1694380310.0,1694380321.0,27102882.0,1694380308.0,1694380339.0,1694380327.0,1694380330.0,4683.0,1694380339.0,1694380344.0,6.0,,20.0,31.0,5.0,11.0,177143937.0,3.0,14777.0,poseidon,condorpool,poseidon-worker-1-container-44-47,post_vel,/opt/netcdf2png/merged_netcdf2png,,0.1,0,0,,,,,,,,,
mvt_ID0000124,cpu_2,compute,0,1694380282.0,,,1694380288.0,1694380310.0,1694380321.0,30411585.2,1694380308.0,1694380378.0,1694380366.0,1694380369.0,22799.0,1694380378.0,1694380383.0,6.0,,20.0,70.0,5.0,11.0,177143652.0,3.0,70564.0,poseidon,condorpool,poseidon-worker-1-container-40-43,mvt,/opt/mvt/mvt,,39.8,0,0,0.0,818089.0,40960.0,485.0,10.0,29.9,0.1,27269.6,4096.0
post_vel_ID0000023,None,compute,0,1694380282.0,,,1694380287.0,1694380307.0,1694380318.0,35402044.6,1694380306.0,1694380334.0,1694380324.0,1694380327.0,3717.0,1694380334.0,1694380339.0,5.0,,19.0,28.0,5.0,11.0,177143937.0,3.0,11372.0,poseidon,condorpool,poseidon-worker-2-container-20-23,post_vel,/opt/netcdf2png/merged_netcdf2png,,0.1,0,0,,,,,,,,,
stage_out_local_condorpool_1_0,None,transfer,0,1694380282.0,,,1694380287.0,,,0.0,1694380289.0,1694380298.0,,,0.0,1694380298.0,1694380303.0,5.0,,2.0,9.0,5.0,,,,,poseidon,local,poseidon-submit,pegasus::transfer,/mnt/poseidon-data/poseidon/pegasus-5.1.0panorama/bin/pegasus-transfer,/home/poseidon/pegasus-5.1.0panorama/bin/../bin/pegasus-kickstart  -n pegasus::transfer -N null -i - -R local  -L casa-wind-full -T 2023-09-08T07:29:05+00:00 /home/poseidon/pegasus-5.1.0panorama/bin/../bin/pegasus-transfer  --threads 2,0.9,0,0,,,,,,,,,
mvt_ID0000024,None,compute,0,1694380282.0,,,1694380287.0,1694380307.0,1694380318.0,29750735.0,1694380306.0,1694380373.0,1694380363.0,1694380366.0,9995.0,1694380373.0,1694380378.0,5.0,,19.0,67.0,5.0,11.0,177143652.0,3.0,30705.0,poseidon,condorpool,poseidon-worker-1-container-4-7,mvt,/opt/mvt/mvt,,39.6,0,0,0.0,790506.0,16384.0,425.0,4.0,29.9,0.1,26350.2,819.2
mvt_ID0000009,None,compute,0,1694380282.0,,,1694380288.0,1694380309.0,1694380320.0,27995189.4,1694380307.0,1694380373.0,1694380365.0,1694380368.0,11573.0,1694380373.0,1694380378.0,6.0,,19.0,66.0,5.0,11.0,177143652.0,3.0,35429.0,poseidon,condorpool,poseidon-worker-2-container-32-35,mvt,/opt/mvt/mvt,,38.9,0,0,0.0,882664.0,20480.0,626.0,5.0,29.9,0.1,29422.1,1024.0
stage_out_local_condorpool_1_1,None,transfer,0,1694380282.0,,,1694380287.0,,,0.0,1694380289.0,1694380298.0,,,0.0,1694380298.0,1694380303.0,5.0,,2.0,9.0,5.0,,,,,poseidon,local,poseidon-submit,pegasus::transfer,/mnt/poseidon-data/poseidon/pegasus-5.1.0panorama/bin/pegasus-transfer,/home/poseidon/pegasus-5.1.0panorama/bin/../bin/pegasus-kickstart  -n pegasus::transfer -N null -i - -R local  -L casa-wind-full -T 2023-09-08T07:29:05+00:00 /home/poseidon/pegasus-5.1.0panorama/bin/../bin/pegasus-transfer  --threads 2,0.9,0,0,,,,,,,,,
post_vel_ID0000008,None,compute,0,1694380282.0,,,1694380288.0,1694380308.0,1694380320.0,32654627.2,1694380307.0,1694380334.0,1694380325.0,1694380328.0,3509.0,1694380334.0,1694380339.0,6.0,,19.0,27.0,5.0,12.0,177143937.0,3.0,10982.0,poseidon,condorpool,poseidon-worker-2-container-44-47,post_vel,/opt/netcdf2png/merged_netcdf2png,,0.1,0,0,,,,,,,,,
post_vel_ID0000083,cpu_2,compute,0,1694380282.0,,,1694380287.0,1694380302.0,1694380313.0,35330793.0,1694380301.0,1694380329.0,1694380319.0,1694380322.0,4204.0,1694380329.0,1694380334.0,5.0,,14.0,28.0,5.0,11.0,177143937.0,3.0,12720.0,poseidon,condorpool,poseidon-worker-2-container-40-43,post_vel,/opt/netcdf2png/merged_netcdf2png,,0.1,0,0,,,,,,,,,
mvt_ID0000114,None,compute,0,1694380282.0,,,1694380287.0,1694380302.0,1694380313.0,29664997.0,1694380300.0,1694380368.0,1694380357.0,1694380360.0,23327.0,1694380368.0,1694380373.0,5.0,,13.0,68.0,5.0,11.0,177143652.0,3.0,73234.0,poseidon,condorpool,poseidon-worker-1-container-0-3,mvt,/opt/mvt/mvt,,39.1,0,0,0.0,791896.0,40960.0,428.0,10.0,29.9,0.1,26396.5,4096.0
post_vel_ID0000113,None,compute,0,1694380282.0,,,1694380287.0,1694380298.0,1694380308.0,30062825.5,1694380296.0,1694380324.0,1694380314.0,1694380317.0,4859.0,1694380324.0,1694380329.0,5.0,,9.0,28.0,5.0,10.0,177143937.0,3.0,14745.0,poseidon,condorpool,poseidon-worker-1-container-24-27,post_vel,/opt/netcdf2png/merged_netcdf2png,,0.1,0,0,,,,,,,,,
mvt_ID0000074,cpu_2,compute,0,1694380282.0,,,1694380288.0,1694380310.0,1694380321.0,29770925.5,1694380308.0,1694380373.0,1694380364.0,1694380367.0,12612.0,1694380373.0,1694380378.0,6.0,,20.0,65.0,5.0,11.0,177143652.0,3.0,38855.0,poseidon,condorpool,poseidon-worker-2-container-40-43,mvt,/opt/mvt/mvt,,38.5,0,0,0.0,823444.0,20480.0,497.0,5.0,29.8,0.1,27448.1,1024.0
post_vel_ID0000073,None,compute,0,1694380282.0,,,1694380288.0,1694380310.0,1694380321.0,30030793.4,1694380308.0,1694380339.0,1694380327.0,1694380330.0,3754.0,1694380339.0,1694380344.0,6.0,,20.0,31.0,5.0,11.0,177143937.0,3.0,11825.0,poseidon,condorpool,poseidon-worker-2-container-32-35,post_vel,/opt/netcdf2png/merged_netcdf2png,,0.1,0,0,,,,,,,,,
mvt_ID0000084,cpu_2,compute,0,1694380282.0,,,1694380287.0,1694380305.0,1694380317.0,29764822.5,1694380304.0,1694380373.0,1694380362.0,1694380365.0,15491.0,1694380373.0,1694380378.0,5.0,,17.0,69.0,5.0,12.0,177143652.0,3.0,47998.0,poseidon,condorpool,poseidon-worker-1-container-44-47,mvt,/opt/mvt/mvt,,39.5,0,0,0.0,841435.0,24576.0,536.0,6.0,29.6,0.1,28047.8,1228.8
register_condorpool_1_1,None,auxiliary,0,1694380303.0,,,1694380308.0,,,0.0,1694380312.0,1694380318.0,,,0.0,1694380318.0,1694380324.0,5.0,,4.0,6.0,6.0,,,,,poseidon,local,poseidon-submit,pegasus::rc-client,/mnt/poseidon-data/poseidon/pegasus-5.1.0panorama/bin/pegasus-rc-client,"-n pegasus::rc-client -N null -R local  -L casa-wind-full -T 2023-09-08T07:29:05+00:00 /home/poseidon/pegasus-5.1.0panorama/bin/pegasus-rc-client --prefix pegasus.catalog.replica.output --conf /mnt/poseidon-data/poseidon/workflows/casa-wind-workflow-full/submit/poseidon/pegasus/casa-wind-full/run0210/pegasus.2894708134487604187.properties -v --meta /mnt/poseidon-data/poseidon/workflows/casa-wind-workflow-full/submit/poseidon/pegasus/casa-wind-full/run0210/00/00/um_vel_ID0000017.meta,/mnt/poseidon-data/poseidon/workflows/casa-wind-workflow-full/submit/poseidon/pegasus/casa-wind-full/run0210/00/01/um_vel_ID0000037.meta,/mnt/poseidon-data/poseidon/workflows/casa-wind-workflow-full/submit/poseidon/pegasus/casa-wind-full/run0210/00/00/um_vel_ID0000082.meta,/mnt/poseidon-data/poseidon/workflows/casa-wind-workflow-full/submit/poseidon/pegasus/casa-wind-full/run0210/00/00/um_vel_ID0000097.meta,/mnt/poseidon-data/poseidon/workflows/casa-wind-workflow-full/submit/poseidon/pegasus/casa-wind-full/run0210/00/01/um_vel_ID0000047.meta,/mnt/poseidon-data/poseidon/workflows/casa-wind-workflow-full/submit/poseidon/pegasus/casa-wind-full/run0210/00/00/um_vel_ID0000087.meta,/mnt/poseidon-data/poseidon/workflows/casa-wind-workflow-full/submit/poseidon/pegasus/casa-wind-full/run0210/00/01/um_vel_ID0000007.meta,/mnt/poseidon-data/poseidon/workflows/casa-wind-workflow-full/submit/poseidon/pegasus/casa-wind-full/run0210/00/01/um_vel_ID0000072.meta,/mnt/poseidon-data/poseidon/workflows/casa-wind-workflow-full/submit/poseidon/pegasus/casa-wind-full/run0210/00/01/um_vel_ID0000102.meta --insert /mnt/poseidon-data/poseidon/workflows/casa-wind-workflow-full/submit/poseidon/pegasus/casa-wind-full/run0210/00/01/register_condorpool_1_1.in",2.6,0,0,,,,,,,,,
register_condorpool_1_0,None,auxiliary,0,1694380303.0,,,1694380324.0,,,0.0,1694380324.0,1694380329.0,,,0.0,1694380329.0,1694380334.0,21.0,,0.0,5.0,5.0,,,,,poseidon,local,poseidon-submit,pegasus::rc-client,/mnt/poseidon-data/poseidon/pegasus-5.1.0panorama/bin/pegasus-rc-client,"-n pegasus::rc-client -N null -R local  -L casa-wind-full -T 2023-09-08T07:29:05+00:00 /home/poseidon/pegasus-5.1.0panorama/bin/pegasus-rc-client --prefix pegasus.catalog.replica.output --conf /mnt/poseidon-data/poseidon/workflows/casa-wind-workflow-full/submit/poseidon/pegasus/casa-wind-full/run0210/pegasus.2894708134487604187.properties -v --meta /mnt/poseidon-data/poseidon/workflows/casa-wind-workflow-full/submit/poseidon/pegasus/casa-wind-full/run0210/00/01/um_vel_ID0000067.meta,/mnt/poseidon-data/poseidon/workflows/casa-wind-workflow-full/submit/poseidon/pegasus/casa-wind-full/run0210/00/00/um_vel_ID0000127.meta,/mnt/poseidon-data/poseidon/workflows/casa-wind-workflow-full/submit/poseidon/pegasus/casa-wind-full/run0210/00/00/um_vel_ID0000122.meta,/mnt/poseidon-data/poseidon/workflows/casa-wind-workflow-full/submit/poseidon/pegasus/casa-wind-full/run0210/00/00/um_vel_ID0000092.meta,/mnt/poseidon-data/poseidon/workflows/casa-wind-workflow-full/submit/poseidon/pegasus/casa-wind-full/run0210/00/01/um_vel_ID0000077.meta,/mnt/poseidon-data/poseidon/workflows/casa-wind-workflow-full/submit/poseidon/pegasus/casa-wind-full/run0210/00/01/um_vel_ID0000057.meta,/mnt/poseidon-data/poseidon/workflows/casa-wind-workflow-full/submit/poseidon/pegasus/casa-wind-full/run0210/00/00/um_vel_ID0000027.meta,/mnt/poseidon-data/poseidon/workflows/casa-wind-workflow-full/submit/poseidon/pegasus/casa-wind-full/run0210/00/01/um_vel_ID0000042.meta,/mnt/poseidon-data/poseidon/workflows/casa-wind-workflow-full/submit/poseidon/pegasus/casa-wind-full/run0210/00/00/um_vel_ID0000022.meta --insert /mnt/poseidon-data/poseidon/workflows/casa-wind-workflow-full/submit/poseidon/pegasus/casa-wind-full/run0210/00/01/register_condorpool_1_0.in",2.8,0,0,,,,,,,,,
point_alert_ID0000080,cpu_2,compute,0,1694380344.0,,,1694380349.0,1694380352.0,1694380364.0,27745876.6,1694380350.0,1694380378.0,1694380369.0,1694380372.0,6839.0,1694380378.0,1694380383.0,5.0,,1.0,28.0,5.0,12.0,176653320.0,3.0,20718.0,poseidon,condorpool,poseidon-worker-2-container-40-43,point_alert,/opt/pointAlert/pointAlert,,0.0,0,0,,,,,,,,,
point_alert_ID0000020,None,compute,0,1694380344.0,,,1694380349.0,1694380352.0,1694380363.0,29926202.5,1694380350.0,1694380378.0,1694380368.0,1694380371.0,6754.0,1694380378.0,1694380383.0,5.0,,1.0,28.0,5.0,11.0,176644228.0,3.0,20478.0,poseidon,condorpool,poseidon-worker-1-container-24-27,point_alert,/opt/pointAlert/pointAlert,,0.0,0,0,,,,,,,,,
um_vel_ID0000062,None,compute,0,1694380344.0,,,1694380349.0,1694380352.0,1694380373.0,47476573.7,1694380350.0,1694380393.0,1694380381.0,1694380385.0,178771.0,1694380393.0,1694380398.0,5.0,,1.0,43.0,5.0,21.0,718532572.0,4.0,556900.0,poseidon,condorpool,poseidon-worker-2-container-4-7,um_vel,/opt/UM_VEL/UM_VEL,,1.8,0,0,,,,,,,,,
stage_out_local_condorpool_0_0,None,transfer,0,1694380344.0,,,1694380349.0,,,0.0,1694380350.0,1694380383.0,,,0.0,1694380383.0,1694380388.0,5.0,,1.0,33.0,5.0,,,,,poseidon,local,poseidon-submit,pegasus::transfer,/mnt/poseidon-data/poseidon/pegasus-5.1.0panorama/bin/pegasus-transfer,/home/poseidon/pegasus-5.1.0panorama/bin/../bin/pegasus-kickstart  -n pegasus::transfer -N null -i - -R local  -L casa-wind-full -T 2023-09-08T07:29:05+00:00 /home/poseidon/pegasus-5.1.0panorama/bin/../bin/pegasus-transfer  --threads 2,36.1,0,0,,,,,,,,,
stage_out_local_condorpool_0_1,None,transfer,0,1694380344.0,,,1694380349.0,,,0.0,1694380350.0,1694380383.0,,,0.0,1694380383.0,1694380388.0,5.0,,1.0,33.0,5.0,,,,,poseidon,local,poseidon-submit,pegasus::transfer,/mnt/poseidon-data/poseidon/pegasus-5.1.0panorama/bin/pegasus-transfer,/home/poseidon/pegasus-5.1.0panorama/bin/../bin/pegasus-kickstart  -n pegasus::transfer -N null -i - -R local  -L casa-wind-full -T 2023-09-08T07:29:05+00:00 /home/poseidon/pegasus-5.1.0panorama/bin/../bin/pegasus-transfer  --threads 2,35.4,0,0,,,,,,,,,
stage_out_local_condorpool_0_2,None,transfer,0,1694380344.0,,,1694380349.0,,,0.0,1694380350.0,1694380383.0,,,0.0,1694380383.0,1694380388.0,5.0,,1.0,33.0,5.0,,,,,poseidon,local,poseidon-submit,pegasus::transfer,/mnt/poseidon-data/poseidon/pegasus-5.1.0panorama/bin/pegasus-transfer,/home/poseidon/pegasus-5.1.0panorama/bin/../bin/pegasus-kickstart  -n pegasus::transfer -N null -i - -R local  -L casa-wind-full -T 2023-09-08T07:29:05+00:00 /home/poseidon/pegasus-5.1.0panorama/bin/../bin/pegasus-transfer  --threads 2,35.6,0,0,,,,,,,,,
point_alert_ID0000100,None,compute,0,1694380349.0,,,1694380355.0,1694380358.0,1694380369.0,29570497.5,1694380356.0,1694380383.0,1694380374.0,1694380378.0,6702.0,1694380383.0,1694380388.0,6.0,,1.0,27.0,5.0,11.0,176658101.0,4.0,20638.0,poseidon,condorpool,poseidon-worker-2-container-16-19,point_alert,/opt/pointAlert/pointAlert,,0.0,0,0,,,,,,,,,
point_alert_ID0000040,cpu_2,compute,0,1694380349.0,,,1694380354.0,1694380358.0,1694380370.0,29794021.4,1694380356.0,1694380388.0,1694380375.0,1694380378.0,6735.0,1694380388.0,1694380393.0,5.0,,2.0,32.0,5.0,12.0,176642369.0,3.0,20558.0,poseidon,condorpool,poseidon-worker-2-container-8-11,point_alert,/opt/pointAlert/pointAlert,,0.0,0,0,,,,,,,,,
point_alert_ID0000055,None,compute,0,1694380355.0,,,1694380360.0,1694380367.0,1694380379.0,29594798.0,1694380365.0,1694380398.0,1694380384.0,1694380387.0,6576.0,1694380398.0,1694380403.0,5.0,,5.0,33.0,5.0,12.0,176636535.0,3.0,20638.0,poseidon,condorpool,poseidon-worker-2-container-32-35,point_alert,/opt/pointAlert/pointAlert,,0.0,0,0,,,,,,,,,
point_alert_ID0000060,None,compute,0,1694380355.0,,,1694380360.0,1694380367.0,1694380378.0,34537373.6,1694380366.0,1694380398.0,1694380384.0,1694380387.0,6785.0,1694380398.0,1694380403.0,5.0,,6.0,32.0,5.0,11.0,176636147.0,3.0,20878.0,poseidon,condorpool,poseidon-worker-1-container-28-31,point_alert,/opt/pointAlert/pointAlert,,0.0,0,0,,,,,,,,,
point_alert_ID0000045,cpu_2,compute,0,1694380355.0,,,1694380362.0,1694380368.0,1694380378.0,29655812.5,1694380366.0,1694380393.0,1694380384.0,1694380387.0,6770.0,1694380393.0,1694380398.0,7.0,,4.0,27.0,5.0,10.0,176636096.0,3.0,20798.0,poseidon,condorpool,poseidon-worker-2-container-12-15,point_alert,/opt/pointAlert/pointAlert,,0.0,0,0,,,,,,,,,
point_alert_ID0000030,cpu_2,compute,0,1694380355.0,,,1694380361.0,1694380368.0,1694380379.0,29553776.0,1694380365.0,1694380393.0,1694380384.0,1694380387.0,6611.0,1694380393.0,1694380398.0,6.0,,4.0,28.0,5.0,11.0,176646324.0,3.0,20158.0,poseidon,condorpool,poseidon-worker-1-container-44-47,point_alert,/opt/pointAlert/pointAlert,,0.0,0,0,,,,,,,,,
point_alert_ID0000070,None,compute,0,1694380355.0,,,1694380362.0,1694380367.0,1694380378.0,29778095.0,1694380366.0,1694380393.0,1694380384.0,1694380387.0,6657.0,1694380393.0,1694380398.0,7.0,,4.0,27.0,5.0,11.0,176643292.0,3.0,20558.0,poseidon,condorpool,poseidon-worker-1-container-16-19,point_alert,/opt/pointAlert/pointAlert,,0.0,0,0,,,,,,,,,
point_alert_ID0000120,None,compute,0,1694380363.0,,,1694380368.0,1694380371.0,1694380382.0,29568583.5,1694380369.0,1694380398.0,1694380387.0,1694380390.0,7169.0,1694380398.0,1694380403.0,5.0,,1.0,29.0,5.0,11.0,176673508.0,3.0,21998.0,poseidon,condorpool,poseidon-worker-1-container-28-31,point_alert,/opt/pointAlert/pointAlert,,0.0,0,0,,,,,,,,,
point_alert_ID0000005,None,compute,0,1694380363.0,,,1694380368.0,1694380371.0,1694380382.0,35137079.6,1694380369.0,1694380398.0,1694380387.0,1694380390.0,6726.0,1694380398.0,1694380403.0,5.0,,1.0,29.0,5.0,11.0,176636764.0,3.0,20398.0,poseidon,condorpool,poseidon-worker-2-container-24-27,point_alert,/opt/pointAlert/pointAlert,,0.0,0,0,,,,,,,,,
point_alert_ID0000015,None,compute,0,1694380363.0,,,1694380368.0,1694380371.0,1694380382.0,29600147.5,1694380369.0,1694380398.0,1694380387.0,1694380390.0,6713.0,1694380398.0,1694380403.0,5.0,,1.0,29.0,5.0,11.0,176639974.0,3.0,20558.0,poseidon,condorpool,poseidon-worker-1-container-0-3,point_alert,/opt/pointAlert/pointAlert,,0.0,0,0,,,,,,,,,
stage_out_local_condorpool_2_0,None,transfer,0,1694380368.0,,,1694380373.0,,,0.0,1694380374.0,1694380383.0,,,0.0,1694380383.0,1694380388.0,5.0,,1.0,9.0,5.0,,,,,poseidon,local,poseidon-submit,pegasus::transfer,/mnt/poseidon-data/poseidon/pegasus-5.1.0panorama/bin/pegasus-transfer,/home/poseidon/pegasus-5.1.0panorama/bin/../bin/pegasus-kickstart  -n pegasus::transfer -N null -i - -R local  -L casa-wind-full -T 2023-09-08T07:29:05+00:00 /home/poseidon/pegasus-5.1.0panorama/bin/../bin/pegasus-transfer  --threads 2,1.0,0,0,,,,,,,,,
point_alert_ID0000130,None,compute,0,1694380368.0,,,1694380373.0,1694380377.0,1694380388.0,29639909.5,1694380375.0,1694380403.0,1694380393.0,1694380397.0,7509.0,1694380403.0,1694380408.0,5.0,,2.0,28.0,5.0,11.0,176672472.0,4.0,23118.0,poseidon,condorpool,poseidon-worker-2-container-32-35,point_alert,/opt/pointAlert/pointAlert,,0.0,0,0,,,,,,,,,
point_alert_ID0000050,None,compute,0,1694380368.0,,,1694380373.0,1694380377.0,1694380388.0,29536900.0,1694380375.0,1694380403.0,1694380393.0,1694380396.0,6774.0,1694380403.0,1694380408.0,5.0,,2.0,28.0,5.0,11.0,176632091.0,3.0,20878.0,poseidon,condorpool,poseidon-worker-1-container-12-15,point_alert,/opt/pointAlert/pointAlert,,0.0,0,0,,,,,,,,,
point_alert_ID0000105,cpu_2,compute,0,1694380368.0,,,1694380373.0,1694380377.0,1694380388.0,29597429.5,1694380375.0,1694380403.0,1694380393.0,1694380396.0,6905.0,1694380403.0,1694380408.0,5.0,,2.0,28.0,5.0,11.0,176667573.0,3.0,21278.0,poseidon,condorpool,poseidon-worker-1-container-44-47,point_alert,/opt/pointAlert/pointAlert,,0.0,0,0,,,,,,,,,
stage_out_local_condorpool_2_2,None,transfer,0,1694380368.0,,,1694380373.0,,,0.0,1694380374.0,1694380383.0,,,0.0,1694380383.0,1694380388.0,5.0,,1.0,9.0,5.0,,,,,poseidon,local,poseidon-submit,pegasus::transfer,/mnt/poseidon-data/poseidon/pegasus-5.1.0panorama/bin/pegasus-transfer,/home/poseidon/pegasus-5.1.0panorama/bin/../bin/pegasus-kickstart  -n pegasus::transfer -N null -i - -R local  -L casa-wind-full -T 2023-09-08T07:29:05+00:00 /home/poseidon/pegasus-5.1.0panorama/bin/../bin/pegasus-transfer  --threads 2,1.0,0,0,,,,,,,,,
point_alert_ID0000035,None,compute,0,1694380368.0,,,1694380373.0,1694380377.0,1694380388.0,33963141.6,1694380375.0,1694380403.0,1694380393.0,1694380396.0,6502.0,1694380403.0,1694380408.0,5.0,,2.0,28.0,5.0,11.0,176638959.0,3.0,20078.0,poseidon,condorpool,poseidon-worker-2-container-32-35,point_alert,/opt/pointAlert/pointAlert,,0.0,0,0,,,,,,,,,
point_alert_ID0000110,cpu_2,compute,0,1694380368.0,,,1694380373.0,1694380376.0,1694380388.0,26994955.0,1694380375.0,1694380403.0,1694380393.0,1694380397.0,6872.0,1694380403.0,1694380408.0,5.0,,2.0,28.0,5.0,12.0,176667937.0,4.0,21038.0,poseidon,condorpool,poseidon-worker-2-container-40-43,point_alert,/opt/pointAlert/pointAlert,,0.0,0,0,,,,,,,,,
point_alert_ID0000095,None,compute,0,1694380368.0,,,1694380373.0,1694380377.0,1694380388.0,33934836.2,1694380375.0,1694380403.0,1694380393.0,1694380396.0,6687.0,1694380403.0,1694380408.0,5.0,,2.0,28.0,5.0,11.0,176660390.0,3.0,20718.0,poseidon,condorpool,poseidon-worker-1-container-4-7,point_alert,/opt/pointAlert/pointAlert,,0.0,0,0,,,,,,,,,
point_alert_ID0000090,None,compute,0,1694380368.0,,,1694380373.0,1694380376.0,1694380387.0,34597299.6,1694380375.0,1694380403.0,1694380393.0,1694380396.0,6669.0,1694380403.0,1694380408.0,5.0,,2.0,28.0,5.0,11.0,176656458.0,3.0,20638.0,poseidon,condorpool,poseidon-worker-2-container-20-23,point_alert,/opt/pointAlert/pointAlert,,0.0,0,0,,,,,,,,,
point_alert_ID0000115,cpu_2,compute,0,1694380373.0,,,1694380378.0,1694380381.0,1694380392.0,32514785.6,1694380379.0,1694380408.0,1694380397.0,1694380400.0,7100.0,1694380408.0,1694380413.0,5.0,,1.0,29.0,5.0,11.0,176681217.0,3.0,21598.0,poseidon,condorpool,poseidon-worker-2-container-40-43,point_alert,/opt/pointAlert/pointAlert,,0.0,0,0,,,,,,,,,
point_alert_ID0000025,cpu_2,compute,0,1694380378.0,,,1694380383.0,1694380386.0,1694380397.0,29584276.5,1694380384.0,1694380413.0,1694380402.0,1694380405.0,6542.0,1694380413.0,1694380418.0,5.0,,1.0,29.0,5.0,11.0,176638688.0,3.0,20078.0,poseidon,condorpool,poseidon-worker-1-container-40-43,point_alert,/opt/pointAlert/pointAlert,,0.0,0,0,,,,,,,,,
point_alert_ID0000010,None,compute,0,1694380378.0,,,1694380383.0,1694380386.0,1694380397.0,29608544.5,1694380384.0,1694380413.0,1694380402.0,1694380405.0,6676.0,1694380413.0,1694380418.0,5.0,,1.0,29.0,5.0,11.0,176643412.0,3.0,20478.0,poseidon,condorpool,poseidon-worker-2-container-16-19,point_alert,/opt/pointAlert/pointAlert,,0.0,0,0,,,,,,,,,
point_alert_ID0000085,cpu_2,compute,0,1694380378.0,,,1694380383.0,1694380386.0,1694380397.0,29645106.5,1694380384.0,1694380413.0,1694380402.0,1694380405.0,6887.0,1694380413.0,1694380418.0,5.0,,1.0,29.0,5.0,11.0,176655981.0,3.0,21118.0,poseidon,condorpool,poseidon-worker-2-container-8-11,point_alert,/opt/pointAlert/pointAlert,,0.0,0,0,,,,,,,,,
stage_out_local_condorpool_2_3,None,transfer,0,1694380378.0,,,1694380383.0,,,0.0,1694380384.0,1694380388.0,,,0.0,1694380388.0,1694380393.0,5.0,,1.0,4.0,5.0,,,,,poseidon,local,poseidon-submit,pegasus::transfer,/mnt/poseidon-data/poseidon/pegasus-5.1.0panorama/bin/pegasus-transfer,/home/poseidon/pegasus-5.1.0panorama/bin/../bin/pegasus-kickstart  -n pegasus::transfer -N null -i - -R local  -L casa-wind-full -T 2023-09-08T07:29:05+00:00 /home/poseidon/pegasus-5.1.0panorama/bin/../bin/pegasus-transfer  --threads 2,1.0,0,0,,,,,,,,,
point_alert_ID0000075,None,compute,0,1694380378.0,,,1694380383.0,1694380386.0,1694380397.0,29836237.0,1694380384.0,1694380413.0,1694380402.0,1694380405.0,6638.0,1694380413.0,1694380418.0,5.0,,1.0,29.0,5.0,11.0,176646838.0,3.0,20558.0,poseidon,condorpool,poseidon-worker-1-container-24-27,point_alert,/opt/pointAlert/pointAlert,,0.0,0,0,,,,,,,,,
point_alert_ID0000125,None,compute,0,1694380383.0,,,1694380388.0,1694380391.0,1694380402.0,29538858.0,1694380390.0,1694380418.0,1694380408.0,1694380411.0,7470.0,1694380418.0,1694380423.0,5.0,,2.0,28.0,5.0,11.0,176678547.0,3.0,22878.0,poseidon,condorpool,poseidon-worker-2-container-32-35,point_alert,/opt/pointAlert/pointAlert,,0.0,0,0,,,,,,,,,
stage_out_local_condorpool_2_1,None,transfer,0,1694380383.0,,,1694380388.0,,,0.0,1694380389.0,1694380398.0,,,0.0,1694380398.0,1694380403.0,5.0,,1.0,9.0,5.0,,,,,poseidon,local,poseidon-submit,pegasus::transfer,/mnt/poseidon-data/poseidon/pegasus-5.1.0panorama/bin/pegasus-transfer,/home/poseidon/pegasus-5.1.0panorama/bin/../bin/pegasus-kickstart  -n pegasus::transfer -N null -i - -R local  -L casa-wind-full -T 2023-09-08T07:29:05+00:00 /home/poseidon/pegasus-5.1.0panorama/bin/../bin/pegasus-transfer  --threads 2,0.9,0,0,,,,,,,,,
register_condorpool_0_1,None,auxiliary,0,1694380388.0,,,1694380483.0,,,0.0,1694380484.0,1694380488.0,,,0.0,1694380488.0,1694380493.0,95.0,,1.0,4.0,5.0,,,,,poseidon,local,poseidon-submit,pegasus::rc-client,/mnt/poseidon-data/poseidon/pegasus-5.1.0panorama/bin/pegasus-rc-client,"-n pegasus::rc-client -N null -R local  -L casa-wind-full -T 2023-09-08T07:29:05+00:00 /home/poseidon/pegasus-5.1.0panorama/bin/pegasus-rc-client --prefix pegasus.catalog.replica.output --conf /mnt/poseidon-data/poseidon/workflows/casa-wind-workflow-full/submit/poseidon/pegasus/casa-wind-full/run0210/pegasus.2894708134487604187.properties -v --meta /mnt/poseidon-data/poseidon/workflows/casa-wind-workflow-full/submit/poseidon/pegasus/casa-wind-full/run0210/00/00/unzip_ID0000026.meta,/mnt/poseidon-data/poseidon/workflows/casa-wind-workflow-full/submit/poseidon/pegasus/casa-wind-full/run0210/00/00/unzip_ID0000061.meta,/mnt/poseidon-data/poseidon/workflows/casa-wind-workflow-full/submit/poseidon/pegasus/casa-wind-full/run0210/00/00/unzip_ID0000071.meta,/mnt/poseidon-data/poseidon/workflows/casa-wind-workflow-full/submit/poseidon/pegasus/casa-wind-full/run0210/00/00/unzip_ID0000041.meta,/mnt/poseidon-data/poseidon/workflows/casa-wind-workflow-full/submit/poseidon/pegasus/casa-wind-full/run0210/00/00/unzip_ID0000016.meta,/mnt/poseidon-data/poseidon/workflows/casa-wind-workflow-full/submit/poseidon/pegasus/casa-wind-full/run0210/00/00/unzip_ID0000111.meta,/mnt/poseidon-data/poseidon/workflows/casa-wind-workflow-full/submit/poseidon/pegasus/casa-wind-full/run0210/00/00/unzip_ID0000011.meta,/mnt/poseidon-data/poseidon/workflows/casa-wind-workflow-full/submit/poseidon/pegasus/casa-wind-full/run0210/00/00/unzip_ID0000081.meta,/mnt/poseidon-data/poseidon/workflows/casa-wind-workflow-full/submit/poseidon/pegasus/casa-wind-full/run0210/00/00/unzip_ID0000066.meta,/mnt/poseidon-data/poseidon/workflows/casa-wind-workflow-full/submit/poseidon/pegasus/casa-wind-full/run0210/00/00/unzip_ID0000096.meta,/mnt/poseidon-data/poseidon/workflows/casa-wind-workflow-full/submit/poseidon/pegasus/casa-wind-full/run0210/00/00/unzip_ID0000051.meta,/mnt/poseidon-data/poseidon/workflows/casa-wind-workflow-full/submit/poseidon/pegasus/casa-wind-full/run0210/00/00/unzip_ID0000031.meta,/mnt/poseidon-data/poseidon/workflows/casa-wind-workflow-full/submit/poseidon/pegasus/casa-wind-full/run0210/00/00/unzip_ID0000116.meta,/mnt/poseidon-data/poseidon/workflows/casa-wind-workflow-full/submit/poseidon/pegasus/casa-wind-full/run0210/00/00/unzip_ID0000101.meta,/mnt/poseidon-data/poseidon/workflows/casa-wind-workflow-full/submit/poseidon/pegasus/casa-wind-full/run0210/00/00/unzip_ID0000121.meta,/mnt/poseidon-data/poseidon/workflows/casa-wind-workflow-full/submit/poseidon/pegasus/casa-wind-full/run0210/00/00/unzip_ID0000106.meta,/mnt/poseidon-data/poseidon/workflows/casa-wind-workflow-full/submit/poseidon/pegasus/casa-wind-full/run0210/00/00/unzip_ID0000046.meta,/mnt/poseidon-data/poseidon/workflows/casa-wind-workflow-full/submit/poseidon/pegasus/casa-wind-full/run0210/00/00/unzip_ID0000076.meta,/mnt/poseidon-data/poseidon/workflows/casa-wind-workflow-full/submit/poseidon/pegasus/casa-wind-full/run0210/00/00/unzip_ID0000056.meta,/mnt/poseidon-data/poseidon/workflows/casa-wind-workflow-full/submit/poseidon/pegasus/casa-wind-full/run0210/00/00/unzip_ID0000021.meta,/mnt/poseidon-data/poseidon/workflows/casa-wind-workflow-full/submit/poseidon/pegasus/casa-wind-full/run0210/00/00/unzip_ID0000086.meta,/mnt/poseidon-data/poseidon/workflows/casa-wind-workflow-full/submit/poseidon/pegasus/casa-wind-full/run0210/00/00/unzip_ID0000126.meta,/mnt/poseidon-data/poseidon/workflows/casa-wind-workflow-full/submit/poseidon/pegasus/casa-wind-full/run0210/00/00/unzip_ID0000006.meta,/mnt/poseidon-data/poseidon/workflows/casa-wind-workflow-full/submit/poseidon/pegasus/casa-wind-full/run0210/00/00/unzip_ID0000036.meta,/mnt/poseidon-data/poseidon/workflows/casa-wind-workflow-full/submit/poseidon/pegasus/casa-wind-full/run0210/00/00/unzip_ID0000001.meta,/mnt/poseidon-data/poseidon/workflows/casa-wind-workflow-full/submit/poseidon/pegasus/casa-wind-full/run0210/00/00/unzip_ID0000091.meta --insert /mnt/poseidon-data/poseidon/workflows/casa-wind-workflow-full/submit/poseidon/pegasus/casa-wind-full/run0210/00/00/register_condorpool_0_1.in",3.0,0,0,,,,,,,,,
register_condorpool_0_0,None,auxiliary,0,1694380388.0,,,1694380473.0,,,0.0,1694380474.0,1694380478.0,,,0.0,1694380478.0,1694380483.0,85.0,,1.0,4.0,5.0,,,,,poseidon,local,poseidon-submit,pegasus::rc-client,/mnt/poseidon-data/poseidon/pegasus-5.1.0panorama/bin/pegasus-rc-client,"-n pegasus::rc-client -N null -R local  -L casa-wind-full -T 2023-09-08T07:29:05+00:00 /home/poseidon/pegasus-5.1.0panorama/bin/pegasus-rc-client --prefix pegasus.catalog.replica.output --conf /mnt/poseidon-data/poseidon/workflows/casa-wind-workflow-full/submit/poseidon/pegasus/casa-wind-full/run0210/pegasus.2894708134487604187.properties -v --meta /mnt/poseidon-data/poseidon/workflows/casa-wind-workflow-full/submit/poseidon/pegasus/casa-wind-full/run0210/00/00/unzip_ID0000026.meta,/mnt/poseidon-data/poseidon/workflows/casa-wind-workflow-full/submit/poseidon/pegasus/casa-wind-full/run0210/00/00/unzip_ID0000061.meta,/mnt/poseidon-data/poseidon/workflows/casa-wind-workflow-full/submit/poseidon/pegasus/casa-wind-full/run0210/00/00/unzip_ID0000071.meta,/mnt/poseidon-data/poseidon/workflows/casa-wind-workflow-full/submit/poseidon/pegasus/casa-wind-full/run0210/00/00/unzip_ID0000041.meta,/mnt/poseidon-data/poseidon/workflows/casa-wind-workflow-full/submit/poseidon/pegasus/casa-wind-full/run0210/00/00/unzip_ID0000016.meta,/mnt/poseidon-data/poseidon/workflows/casa-wind-workflow-full/submit/poseidon/pegasus/casa-wind-full/run0210/00/00/unzip_ID0000111.meta,/mnt/poseidon-data/poseidon/workflows/casa-wind-workflow-full/submit/poseidon/pegasus/casa-wind-full/run0210/00/00/unzip_ID0000011.meta,/mnt/poseidon-data/poseidon/workflows/casa-wind-workflow-full/submit/poseidon/pegasus/casa-wind-full/run0210/00/00/unzip_ID0000081.meta,/mnt/poseidon-data/poseidon/workflows/casa-wind-workflow-full/submit/poseidon/pegasus/casa-wind-full/run0210/00/00/unzip_ID0000066.meta,/mnt/poseidon-data/poseidon/workflows/casa-wind-workflow-full/submit/poseidon/pegasus/casa-wind-full/run0210/00/00/unzip_ID0000096.meta,/mnt/poseidon-data/poseidon/workflows/casa-wind-workflow-full/submit/poseidon/pegasus/casa-wind-full/run0210/00/00/unzip_ID0000051.meta,/mnt/poseidon-data/poseidon/workflows/casa-wind-workflow-full/submit/poseidon/pegasus/casa-wind-full/run0210/00/00/unzip_ID0000031.meta,/mnt/poseidon-data/poseidon/workflows/casa-wind-workflow-full/submit/poseidon/pegasus/casa-wind-full/run0210/00/00/unzip_ID0000116.meta,/mnt/poseidon-data/poseidon/workflows/casa-wind-workflow-full/submit/poseidon/pegasus/casa-wind-full/run0210/00/00/unzip_ID0000101.meta,/mnt/poseidon-data/poseidon/workflows/casa-wind-workflow-full/submit/poseidon/pegasus/casa-wind-full/run0210/00/00/unzip_ID0000121.meta,/mnt/poseidon-data/poseidon/workflows/casa-wind-workflow-full/submit/poseidon/pegasus/casa-wind-full/run0210/00/00/unzip_ID0000106.meta,/mnt/poseidon-data/poseidon/workflows/casa-wind-workflow-full/submit/poseidon/pegasus/casa-wind-full/run0210/00/00/unzip_ID0000046.meta,/mnt/poseidon-data/poseidon/workflows/casa-wind-workflow-full/submit/poseidon/pegasus/casa-wind-full/run0210/00/00/unzip_ID0000076.meta,/mnt/poseidon-data/poseidon/workflows/casa-wind-workflow-full/submit/poseidon/pegasus/casa-wind-full/run0210/00/00/unzip_ID0000056.meta,/mnt/poseidon-data/poseidon/workflows/casa-wind-workflow-full/submit/poseidon/pegasus/casa-wind-full/run0210/00/00/unzip_ID0000021.meta,/mnt/poseidon-data/poseidon/workflows/casa-wind-workflow-full/submit/poseidon/pegasus/casa-wind-full/run0210/00/00/unzip_ID0000086.meta,/mnt/poseidon-data/poseidon/workflows/casa-wind-workflow-full/submit/poseidon/pegasus/casa-wind-full/run0210/00/00/unzip_ID0000126.meta,/mnt/poseidon-data/poseidon/workflows/casa-wind-workflow-full/submit/poseidon/pegasus/casa-wind-full/run0210/00/00/unzip_ID0000006.meta,/mnt/poseidon-data/poseidon/workflows/casa-wind-workflow-full/submit/poseidon/pegasus/casa-wind-full/run0210/00/00/unzip_ID0000036.meta,/mnt/poseidon-data/poseidon/workflows/casa-wind-workflow-full/submit/poseidon/pegasus/casa-wind-full/run0210/00/00/unzip_ID0000001.meta,/mnt/poseidon-data/poseidon/workflows/casa-wind-workflow-full/submit/poseidon/pegasus/casa-wind-full/run0210/00/00/unzip_ID0000091.meta --insert /mnt/poseidon-data/poseidon/workflows/casa-wind-workflow-full/submit/poseidon/pegasus/casa-wind-full/run0210/00/00/register_condorpool_0_0.in",3.0,0,0,,,,,,,,,
register_condorpool_2_0,None,auxiliary,0,1694380388.0,,,1694380423.0,,,0.0,1694380424.0,1694380428.0,,,0.0,1694380428.0,1694380433.0,35.0,,1.0,4.0,5.0,,,,,poseidon,local,poseidon-submit,pegasus::rc-client,/mnt/poseidon-data/poseidon/pegasus-5.1.0panorama/bin/pegasus-rc-client,"-n pegasus::rc-client -N null -R local  -L casa-wind-full -T 2023-09-08T07:29:05+00:00 /home/poseidon/pegasus-5.1.0panorama/bin/pegasus-rc-client --prefix pegasus.catalog.replica.output --conf /mnt/poseidon-data/poseidon/workflows/casa-wind-workflow-full/submit/poseidon/pegasus/casa-wind-full/run0210/pegasus.2894708134487604187.properties -v --meta /mnt/poseidon-data/poseidon/workflows/casa-wind-workflow-full/submit/poseidon/pegasus/casa-wind-full/run0210/00/01/post_vel_ID0000023.meta,/mnt/poseidon-data/poseidon/workflows/casa-wind-workflow-full/submit/poseidon/pegasus/casa-wind-full/run0210/00/01/post_vel_ID0000093.meta,/mnt/poseidon-data/poseidon/workflows/casa-wind-workflow-full/submit/poseidon/pegasus/casa-wind-full/run0210/00/01/mvt_ID0000129.meta,/mnt/poseidon-data/poseidon/workflows/casa-wind-workflow-full/submit/poseidon/pegasus/casa-wind-full/run0210/00/02/mvt_ID0000044.meta,/mnt/poseidon-data/poseidon/workflows/casa-wind-workflow-full/submit/poseidon/pegasus/casa-wind-full/run0210/00/02/post_vel_ID0000058.meta,/mnt/poseidon-data/poseidon/workflows/casa-wind-workflow-full/submit/poseidon/pegasus/casa-wind-full/run0210/00/01/post_vel_ID0000068.meta,/mnt/poseidon-data/poseidon/workflows/casa-wind-workflow-full/submit/poseidon/pegasus/casa-wind-full/run0210/00/01/post_vel_ID0000123.meta,/mnt/poseidon-data/poseidon/workflows/casa-wind-workflow-full/submit/poseidon/pegasus/casa-wind-full/run0210/00/02/post_vel_ID0000078.meta,/mnt/poseidon-data/poseidon/workflows/casa-wind-workflow-full/submit/poseidon/pegasus/casa-wind-full/run0210/00/01/mvt_ID0000029.meta --insert /mnt/poseidon-data/poseidon/workflows/casa-wind-workflow-full/submit/poseidon/pegasus/casa-wind-full/run0210/00/02/register_condorpool_2_0.in",2.7,0,0,,,,,,,,,
register_condorpool_2_2,None,auxiliary,0,1694380388.0,,,1694380393.0,,,0.0,1694380394.0,1694380398.0,,,0.0,1694380398.0,1694380403.0,5.0,,1.0,4.0,5.0,,,,,poseidon,local,poseidon-submit,pegasus::rc-client,/mnt/poseidon-data/poseidon/pegasus-5.1.0panorama/bin/pegasus-rc-client,"-n pegasus::rc-client -N null -R local  -L casa-wind-full -T 2023-09-08T07:29:05+00:00 /home/poseidon/pegasus-5.1.0panorama/bin/pegasus-rc-client --prefix pegasus.catalog.replica.output --conf /mnt/poseidon-data/poseidon/workflows/casa-wind-workflow-full/submit/poseidon/pegasus/casa-wind-full/run0210/pegasus.2894708134487604187.properties -v --meta /mnt/poseidon-data/poseidon/workflows/casa-wind-workflow-full/submit/poseidon/pegasus/casa-wind-full/run0210/00/02/post_vel_ID0000073.meta,/mnt/poseidon-data/poseidon/workflows/casa-wind-workflow-full/submit/poseidon/pegasus/casa-wind-full/run0210/00/02/mvt_ID0000039.meta,/mnt/poseidon-data/poseidon/workflows/casa-wind-workflow-full/submit/poseidon/pegasus/casa-wind-full/run0210/00/01/mvt_ID0000099.meta,/mnt/poseidon-data/poseidon/workflows/casa-wind-workflow-full/submit/poseidon/pegasus/casa-wind-full/run0210/00/01/post_vel_ID0000008.meta,/mnt/poseidon-data/poseidon/workflows/casa-wind-workflow-full/submit/poseidon/pegasus/casa-wind-full/run0210/00/02/mvt_ID0000049.meta,/mnt/poseidon-data/poseidon/workflows/casa-wind-workflow-full/submit/poseidon/pegasus/casa-wind-full/run0210/00/01/mvt_ID0000019.meta,/mnt/poseidon-data/poseidon/workflows/casa-wind-workflow-full/submit/poseidon/pegasus/casa-wind-full/run0210/00/02/mvt_ID0000104.meta,/mnt/poseidon-data/poseidon/workflows/casa-wind-workflow-full/submit/poseidon/pegasus/casa-wind-full/run0210/00/01/post_vel_ID0000083.meta,/mnt/poseidon-data/poseidon/workflows/casa-wind-workflow-full/submit/poseidon/pegasus/casa-wind-full/run0210/00/01/post_vel_ID0000088.meta --insert /mnt/poseidon-data/poseidon/workflows/casa-wind-workflow-full/submit/poseidon/pegasus/casa-wind-full/run0210/00/02/register_condorpool_2_2.in",2.7,0,0,,,,,,,,,
register_condorpool_0_2,None,auxiliary,0,1694380388.0,,,1694380493.0,,,0.0,1694380493.0,1694380498.0,,,0.0,1694380498.0,1694380503.0,105.0,,0.0,5.0,5.0,,,,,poseidon,local,poseidon-submit,pegasus::rc-client,/mnt/poseidon-data/poseidon/pegasus-5.1.0panorama/bin/pegasus-rc-client,"-n pegasus::rc-client -N null -R local  -L casa-wind-full -T 2023-09-08T07:29:05+00:00 /home/poseidon/pegasus-5.1.0panorama/bin/pegasus-rc-client --prefix pegasus.catalog.replica.output --conf /mnt/poseidon-data/poseidon/workflows/casa-wind-workflow-full/submit/poseidon/pegasus/casa-wind-full/run0210/pegasus.2894708134487604187.properties -v --meta /mnt/poseidon-data/poseidon/workflows/casa-wind-workflow-full/submit/poseidon/pegasus/casa-wind-full/run0210/00/00/unzip_ID0000026.meta,/mnt/poseidon-data/poseidon/workflows/casa-wind-workflow-full/submit/poseidon/pegasus/casa-wind-full/run0210/00/00/unzip_ID0000061.meta,/mnt/poseidon-data/poseidon/workflows/casa-wind-workflow-full/submit/poseidon/pegasus/casa-wind-full/run0210/00/00/unzip_ID0000071.meta,/mnt/poseidon-data/poseidon/workflows/casa-wind-workflow-full/submit/poseidon/pegasus/casa-wind-full/run0210/00/00/unzip_ID0000041.meta,/mnt/poseidon-data/poseidon/workflows/casa-wind-workflow-full/submit/poseidon/pegasus/casa-wind-full/run0210/00/00/unzip_ID0000016.meta,/mnt/poseidon-data/poseidon/workflows/casa-wind-workflow-full/submit/poseidon/pegasus/casa-wind-full/run0210/00/00/unzip_ID0000111.meta,/mnt/poseidon-data/poseidon/workflows/casa-wind-workflow-full/submit/poseidon/pegasus/casa-wind-full/run0210/00/00/unzip_ID0000011.meta,/mnt/poseidon-data/poseidon/workflows/casa-wind-workflow-full/submit/poseidon/pegasus/casa-wind-full/run0210/00/00/unzip_ID0000081.meta,/mnt/poseidon-data/poseidon/workflows/casa-wind-workflow-full/submit/poseidon/pegasus/casa-wind-full/run0210/00/00/unzip_ID0000066.meta,/mnt/poseidon-data/poseidon/workflows/casa-wind-workflow-full/submit/poseidon/pegasus/casa-wind-full/run0210/00/00/unzip_ID0000096.meta,/mnt/poseidon-data/poseidon/workflows/casa-wind-workflow-full/submit/poseidon/pegasus/casa-wind-full/run0210/00/00/unzip_ID0000051.meta,/mnt/poseidon-data/poseidon/workflows/casa-wind-workflow-full/submit/poseidon/pegasus/casa-wind-full/run0210/00/00/unzip_ID0000031.meta,/mnt/poseidon-data/poseidon/workflows/casa-wind-workflow-full/submit/poseidon/pegasus/casa-wind-full/run0210/00/00/unzip_ID0000116.meta,/mnt/poseidon-data/poseidon/workflows/casa-wind-workflow-full/submit/poseidon/pegasus/casa-wind-full/run0210/00/00/unzip_ID0000101.meta,/mnt/poseidon-data/poseidon/workflows/casa-wind-workflow-full/submit/poseidon/pegasus/casa-wind-full/run0210/00/00/unzip_ID0000121.meta,/mnt/poseidon-data/poseidon/workflows/casa-wind-workflow-full/submit/poseidon/pegasus/casa-wind-full/run0210/00/00/unzip_ID0000106.meta,/mnt/poseidon-data/poseidon/workflows/casa-wind-workflow-full/submit/poseidon/pegasus/casa-wind-full/run0210/00/00/unzip_ID0000046.meta,/mnt/poseidon-data/poseidon/workflows/casa-wind-workflow-full/submit/poseidon/pegasus/casa-wind-full/run0210/00/00/unzip_ID0000076.meta,/mnt/poseidon-data/poseidon/workflows/casa-wind-workflow-full/submit/poseidon/pegasus/casa-wind-full/run0210/00/00/unzip_ID0000056.meta,/mnt/poseidon-data/poseidon/workflows/casa-wind-workflow-full/submit/poseidon/pegasus/casa-wind-full/run0210/00/00/unzip_ID0000021.meta,/mnt/poseidon-data/poseidon/workflows/casa-wind-workflow-full/submit/poseidon/pegasus/casa-wind-full/run0210/00/00/unzip_ID0000086.meta,/mnt/poseidon-data/poseidon/workflows/casa-wind-workflow-full/submit/poseidon/pegasus/casa-wind-full/run0210/00/00/unzip_ID0000126.meta,/mnt/poseidon-data/poseidon/workflows/casa-wind-workflow-full/submit/poseidon/pegasus/casa-wind-full/run0210/00/00/unzip_ID0000006.meta,/mnt/poseidon-data/poseidon/workflows/casa-wind-workflow-full/submit/poseidon/pegasus/casa-wind-full/run0210/00/00/unzip_ID0000036.meta,/mnt/poseidon-data/poseidon/workflows/casa-wind-workflow-full/submit/poseidon/pegasus/casa-wind-full/run0210/00/00/unzip_ID0000001.meta,/mnt/poseidon-data/poseidon/workflows/casa-wind-workflow-full/submit/poseidon/pegasus/casa-wind-full/run0210/00/00/unzip_ID0000091.meta --insert /mnt/poseidon-data/poseidon/workflows/casa-wind-workflow-full/submit/poseidon/pegasus/casa-wind-full/run0210/00/00/register_condorpool_0_2.in",3.1,0,0,,,,,,,,,
register_condorpool_2_3,None,auxiliary,0,1694380393.0,,,1694380403.0,,,0.0,1694380404.0,1694380408.0,,,0.0,1694380408.0,1694380413.0,10.0,,1.0,4.0,5.0,,,,,poseidon,local,poseidon-submit,pegasus::rc-client,/mnt/poseidon-data/poseidon/pegasus-5.1.0panorama/bin/pegasus-rc-client,"-n pegasus::rc-client -N null -R local  -L casa-wind-full -T 2023-09-08T07:29:05+00:00 /home/poseidon/pegasus-5.1.0panorama/bin/pegasus-rc-client --prefix pegasus.catalog.replica.output --conf /mnt/poseidon-data/poseidon/workflows/casa-wind-workflow-full/submit/poseidon/pegasus/casa-wind-full/run0210/pegasus.2894708134487604187.properties -v --meta /mnt/poseidon-data/poseidon/workflows/casa-wind-workflow-full/submit/poseidon/pegasus/casa-wind-full/run0210/00/01/mvt_ID0000084.meta,/mnt/poseidon-data/poseidon/workflows/casa-wind-workflow-full/submit/poseidon/pegasus/casa-wind-full/run0210/00/02/post_vel_ID0000103.meta,/mnt/poseidon-data/poseidon/workflows/casa-wind-workflow-full/submit/poseidon/pegasus/casa-wind-full/run0210/00/01/post_vel_ID0000098.meta,/mnt/poseidon-data/poseidon/workflows/casa-wind-workflow-full/submit/poseidon/pegasus/casa-wind-full/run0210/00/02/post_vel_ID0000048.meta,/mnt/poseidon-data/poseidon/workflows/casa-wind-workflow-full/submit/poseidon/pegasus/casa-wind-full/run0210/00/01/mvt_ID0000009.meta,/mnt/poseidon-data/poseidon/workflows/casa-wind-workflow-full/submit/poseidon/pegasus/casa-wind-full/run0210/00/01/post_vel_ID0000018.meta,/mnt/poseidon-data/poseidon/workflows/casa-wind-workflow-full/submit/poseidon/pegasus/casa-wind-full/run0210/00/01/mvt_ID0000089.meta,/mnt/poseidon-data/poseidon/workflows/casa-wind-workflow-full/submit/poseidon/pegasus/casa-wind-full/run0210/00/02/mvt_ID0000074.meta,/mnt/poseidon-data/poseidon/workflows/casa-wind-workflow-full/submit/poseidon/pegasus/casa-wind-full/run0210/00/02/post_vel_ID0000038.meta --insert /mnt/poseidon-data/poseidon/workflows/casa-wind-workflow-full/submit/poseidon/pegasus/casa-wind-full/run0210/00/02/register_condorpool_2_3.in",2.8,0,0,,,,,,,,,
post_vel_ID0000063,None,compute,0,1694380398.0,,,1694380403.0,1694380406.0,1694380417.0,35060642.2,1694380404.0,1694380433.0,1694380422.0,1694380425.0,3766.0,1694380433.0,1694380438.0,5.0,,1.0,29.0,5.0,11.0,177143937.0,3.0,11628.0,poseidon,condorpool,poseidon-worker-2-container-4-7,post_vel,/opt/netcdf2png/merged_netcdf2png,,0.1,0,0,,,,,,,,,
stage_out_local_condorpool_1_2,None,transfer,0,1694380398.0,,,1694380403.0,,,0.0,1694380404.0,1694380408.0,,,0.0,1694380408.0,1694380413.0,5.0,,1.0,4.0,5.0,,,,,poseidon,local,poseidon-submit,pegasus::transfer,/mnt/poseidon-data/poseidon/pegasus-5.1.0panorama/bin/pegasus-transfer,/home/poseidon/pegasus-5.1.0panorama/bin/../bin/pegasus-kickstart  -n pegasus::transfer -N null -i - -R local  -L casa-wind-full -T 2023-09-08T07:29:05+00:00 /home/poseidon/pegasus-5.1.0panorama/bin/../bin/pegasus-transfer  --threads 2,0.9,0,0,,,,,,,,,
mvt_ID0000064,cpu_2,compute,0,1694380398.0,,,1694380403.0,1694380406.0,1694380417.0,28577849.6,1694380404.0,1694380468.0,1694380460.0,1694380463.0,10048.0,1694380468.0,1694380473.0,5.0,,1.0,64.0,5.0,11.0,177143652.0,3.0,31148.0,poseidon,condorpool,poseidon-worker-2-container-40-43,mvt,/opt/mvt/mvt,,37.0,0,0,0.0,789236.0,16384.0,422.0,4.0,29.9,0.1,26307.9,819.2
register_condorpool_2_1,None,auxiliary,0,1694380403.0,,,1694380413.0,,,0.0,1694380413.0,1694380418.0,,,0.0,1694380418.0,1694380423.0,10.0,,0.0,5.0,5.0,,,,,poseidon,local,poseidon-submit,pegasus::rc-client,/mnt/poseidon-data/poseidon/pegasus-5.1.0panorama/bin/pegasus-rc-client,"-n pegasus::rc-client -N null -R local  -L casa-wind-full -T 2023-09-08T07:29:05+00:00 /home/poseidon/pegasus-5.1.0panorama/bin/pegasus-rc-client --prefix pegasus.catalog.replica.output --conf /mnt/poseidon-data/poseidon/workflows/casa-wind-workflow-full/submit/poseidon/pegasus/casa-wind-full/run0210/pegasus.2894708134487604187.properties -v --meta /mnt/poseidon-data/poseidon/workflows/casa-wind-workflow-full/submit/poseidon/pegasus/casa-wind-full/run0210/00/01/post_vel_ID0000028.meta,/mnt/poseidon-data/poseidon/workflows/casa-wind-workflow-full/submit/poseidon/pegasus/casa-wind-full/run0210/00/02/post_vel_ID0000043.meta,/mnt/poseidon-data/poseidon/workflows/casa-wind-workflow-full/submit/poseidon/pegasus/casa-wind-full/run0210/00/01/post_vel_ID0000128.meta,/mnt/poseidon-data/poseidon/workflows/casa-wind-workflow-full/submit/poseidon/pegasus/casa-wind-full/run0210/00/01/mvt_ID0000094.meta,/mnt/poseidon-data/poseidon/workflows/casa-wind-workflow-full/submit/poseidon/pegasus/casa-wind-full/run0210/00/01/mvt_ID0000069.meta,/mnt/poseidon-data/poseidon/workflows/casa-wind-workflow-full/submit/poseidon/pegasus/casa-wind-full/run0210/00/02/mvt_ID0000059.meta,/mnt/poseidon-data/poseidon/workflows/casa-wind-workflow-full/submit/poseidon/pegasus/casa-wind-full/run0210/00/01/mvt_ID0000124.meta,/mnt/poseidon-data/poseidon/workflows/casa-wind-workflow-full/submit/poseidon/pegasus/casa-wind-full/run0210/00/01/mvt_ID0000024.meta,/mnt/poseidon-data/poseidon/workflows/casa-wind-workflow-full/submit/poseidon/pegasus/casa-wind-full/run0210/00/02/mvt_ID0000079.meta --insert /mnt/poseidon-data/poseidon/workflows/casa-wind-workflow-full/submit/poseidon/pegasus/casa-wind-full/run0210/00/02/register_condorpool_2_1.in",2.7,0,0,,,,,,,,,
register_condorpool_1_2,None,auxiliary,0,1694380413.0,,,1694380433.0,,,0.0,1694380434.0,1694380438.0,,,0.0,1694380438.0,1694380443.0,20.0,,1.0,4.0,5.0,,,,,poseidon,local,poseidon-submit,pegasus::rc-client,/mnt/poseidon-data/poseidon/pegasus-5.1.0panorama/bin/pegasus-rc-client,"-n pegasus::rc-client -N null -R local  -L casa-wind-full -T 2023-09-08T07:29:05+00:00 /home/poseidon/pegasus-5.1.0panorama/bin/pegasus-rc-client --prefix pegasus.catalog.replica.output --conf /mnt/poseidon-data/poseidon/workflows/casa-wind-workflow-full/submit/poseidon/pegasus/casa-wind-full/run0210/pegasus.2894708134487604187.properties -v --meta /mnt/poseidon-data/poseidon/workflows/casa-wind-workflow-full/submit/poseidon/pegasus/casa-wind-full/run0210/00/00/um_vel_ID0000117.meta,/mnt/poseidon-data/poseidon/workflows/casa-wind-workflow-full/submit/poseidon/pegasus/casa-wind-full/run0210/00/01/um_vel_ID0000052.meta,/mnt/poseidon-data/poseidon/workflows/casa-wind-workflow-full/submit/poseidon/pegasus/casa-wind-full/run0210/00/00/um_vel_ID0000002.meta,/mnt/poseidon-data/poseidon/workflows/casa-wind-workflow-full/submit/poseidon/pegasus/casa-wind-full/run0210/00/00/um_vel_ID0000012.meta,/mnt/poseidon-data/poseidon/workflows/casa-wind-workflow-full/submit/poseidon/pegasus/casa-wind-full/run0210/00/00/um_vel_ID0000032.meta,/mnt/poseidon-data/poseidon/workflows/casa-wind-workflow-full/submit/poseidon/pegasus/casa-wind-full/run0210/00/01/um_vel_ID0000062.meta,/mnt/poseidon-data/poseidon/workflows/casa-wind-workflow-full/submit/poseidon/pegasus/casa-wind-full/run0210/00/01/um_vel_ID0000112.meta,/mnt/poseidon-data/poseidon/workflows/casa-wind-workflow-full/submit/poseidon/pegasus/casa-wind-full/run0210/00/01/um_vel_ID0000107.meta --insert /mnt/poseidon-data/poseidon/workflows/casa-wind-workflow-full/submit/poseidon/pegasus/casa-wind-full/run0210/00/01/register_condorpool_1_2.in",2.8,0,0,,,,,,,,,
stage_out_local_condorpool_3_1,None,transfer,0,1694380418.0,,,1694380423.0,,,0.0,1694380424.0,1694380428.0,,,0.0,1694380428.0,1694380433.0,5.0,,1.0,4.0,5.0,,,,,poseidon,local,poseidon-submit,pegasus::transfer,/mnt/poseidon-data/poseidon/pegasus-5.1.0panorama/bin/pegasus-transfer,/home/poseidon/pegasus-5.1.0panorama/bin/../bin/pegasus-kickstart  -n pegasus::transfer -N null -i - -R local  -L casa-wind-full -T 2023-09-08T07:29:05+00:00 /home/poseidon/pegasus-5.1.0panorama/bin/../bin/pegasus-transfer  --threads 2,0.9,0,0,,,,,,,,,
stage_out_local_condorpool_3_0,None,transfer,0,1694380423.0,,,1694380428.0,,,0.0,1694380429.0,1694380433.0,,,0.0,1694380433.0,1694380438.0,5.0,,1.0,4.0,5.0,,,,,poseidon,local,poseidon-submit,pegasus::transfer,/mnt/poseidon-data/poseidon/pegasus-5.1.0panorama/bin/pegasus-transfer,/home/poseidon/pegasus-5.1.0panorama/bin/../bin/pegasus-kickstart  -n pegasus::transfer -N null -i - -R local  -L casa-wind-full -T 2023-09-08T07:29:05+00:00 /home/poseidon/pegasus-5.1.0panorama/bin/../bin/pegasus-transfer  --threads 2,0.9,0,0,,,,,,,,,
register_condorpool_3_1,None,auxiliary,0,1694380433.0,,,1694380443.0,,,0.0,1694380443.0,1694380448.0,,,0.0,1694380448.0,1694380453.0,10.0,,0.0,5.0,5.0,,,,,poseidon,local,poseidon-submit,pegasus::rc-client,/mnt/poseidon-data/poseidon/pegasus-5.1.0panorama/bin/pegasus-rc-client,"-n pegasus::rc-client -N null -R local  -L casa-wind-full -T 2023-09-08T07:29:05+00:00 /home/poseidon/pegasus-5.1.0panorama/bin/pegasus-rc-client --prefix pegasus.catalog.replica.output --conf /mnt/poseidon-data/poseidon/workflows/casa-wind-workflow-full/submit/poseidon/pegasus/casa-wind-full/run0210/pegasus.2894708134487604187.properties -v --meta /mnt/poseidon-data/poseidon/workflows/casa-wind-workflow-full/submit/poseidon/pegasus/casa-wind-full/run0210/00/02/point_alert_ID0000010.meta,/mnt/poseidon-data/poseidon/workflows/casa-wind-workflow-full/submit/poseidon/pegasus/casa-wind-full/run0210/00/02/point_alert_ID0000090.meta,/mnt/poseidon-data/poseidon/workflows/casa-wind-workflow-full/submit/poseidon/pegasus/casa-wind-full/run0210/00/02/point_alert_ID0000085.meta,/mnt/poseidon-data/poseidon/workflows/casa-wind-workflow-full/submit/poseidon/pegasus/casa-wind-full/run0210/00/02/point_alert_ID0000075.meta,/mnt/poseidon-data/poseidon/workflows/casa-wind-workflow-full/submit/poseidon/pegasus/casa-wind-full/run0210/00/02/point_alert_ID0000100.meta,/mnt/poseidon-data/poseidon/workflows/casa-wind-workflow-full/submit/poseidon/pegasus/casa-wind-full/run0210/00/03/point_alert_ID0000040.meta,/mnt/poseidon-data/poseidon/workflows/casa-wind-workflow-full/submit/poseidon/pegasus/casa-wind-full/run0210/00/02/point_alert_ID0000020.meta,/mnt/poseidon-data/poseidon/workflows/casa-wind-workflow-full/submit/poseidon/pegasus/casa-wind-full/run0210/00/03/point_alert_ID0000050.meta,/mnt/poseidon-data/poseidon/workflows/casa-wind-workflow-full/submit/poseidon/pegasus/casa-wind-full/run0210/00/03/point_alert_ID0000105.meta --insert /mnt/poseidon-data/poseidon/workflows/casa-wind-workflow-full/submit/poseidon/pegasus/casa-wind-full/run0210/00/03/register_condorpool_3_1.in",2.6,0,0,,,,,,,,,
stage_out_local_condorpool_2_4,None,transfer,0,1694380438.0,,,1694380443.0,,,0.0,1694380443.0,1694380448.0,,,0.0,1694380448.0,1694380453.0,5.0,,0.0,5.0,5.0,,,,,poseidon,local,poseidon-submit,pegasus::transfer,/mnt/poseidon-data/poseidon/pegasus-5.1.0panorama/bin/pegasus-transfer,/home/poseidon/pegasus-5.1.0panorama/bin/../bin/pegasus-kickstart  -n pegasus::transfer -N null -i - -R local  -L casa-wind-full -T 2023-09-08T07:29:05+00:00 /home/poseidon/pegasus-5.1.0panorama/bin/../bin/pegasus-transfer  --threads 2,0.9,0,0,,,,,,,,,
register_condorpool_3_0,None,auxiliary,0,1694380438.0,,,1694380453.0,,,0.0,1694380453.0,1694380458.0,,,0.0,1694380458.0,1694380463.0,15.0,,0.0,5.0,5.0,,,,,poseidon,local,poseidon-submit,pegasus::rc-client,/mnt/poseidon-data/poseidon/pegasus-5.1.0panorama/bin/pegasus-rc-client,"-n pegasus::rc-client -N null -R local  -L casa-wind-full -T 2023-09-08T07:29:05+00:00 /home/poseidon/pegasus-5.1.0panorama/bin/pegasus-rc-client --prefix pegasus.catalog.replica.output --conf /mnt/poseidon-data/poseidon/workflows/casa-wind-workflow-full/submit/poseidon/pegasus/casa-wind-full/run0210/pegasus.2894708134487604187.properties -v --meta /mnt/poseidon-data/poseidon/workflows/casa-wind-workflow-full/submit/poseidon/pegasus/casa-wind-full/run0210/00/02/point_alert_ID0000125.meta,/mnt/poseidon-data/poseidon/workflows/casa-wind-workflow-full/submit/poseidon/pegasus/casa-wind-full/run0210/00/02/point_alert_ID0000095.meta,/mnt/poseidon-data/poseidon/workflows/casa-wind-workflow-full/submit/poseidon/pegasus/casa-wind-full/run0210/00/03/point_alert_ID0000060.meta,/mnt/poseidon-data/poseidon/workflows/casa-wind-workflow-full/submit/poseidon/pegasus/casa-wind-full/run0210/00/02/point_alert_ID0000030.meta,/mnt/poseidon-data/poseidon/workflows/casa-wind-workflow-full/submit/poseidon/pegasus/casa-wind-full/run0210/00/02/point_alert_ID0000025.meta,/mnt/poseidon-data/poseidon/workflows/casa-wind-workflow-full/submit/poseidon/pegasus/casa-wind-full/run0210/00/03/point_alert_ID0000045.meta,/mnt/poseidon-data/poseidon/workflows/casa-wind-workflow-full/submit/poseidon/pegasus/casa-wind-full/run0210/00/02/point_alert_ID0000130.meta,/mnt/poseidon-data/poseidon/workflows/casa-wind-workflow-full/submit/poseidon/pegasus/casa-wind-full/run0210/00/02/point_alert_ID0000070.meta,/mnt/poseidon-data/poseidon/workflows/casa-wind-workflow-full/submit/poseidon/pegasus/casa-wind-full/run0210/00/02/point_alert_ID0000080.meta --insert /mnt/poseidon-data/poseidon/workflows/casa-wind-workflow-full/submit/poseidon/pegasus/casa-wind-full/run0210/00/03/register_condorpool_3_0.in",2.7,0,0,,,,,,,,,
register_condorpool_2_4,None,auxiliary,0,1694380453.0,,,1694380463.0,,,0.0,1694380464.0,1694380468.0,,,0.0,1694380468.0,1694380473.0,10.0,,1.0,4.0,5.0,,,,,poseidon,local,poseidon-submit,pegasus::rc-client,/mnt/poseidon-data/poseidon/pegasus-5.1.0panorama/bin/pegasus-rc-client,"-n pegasus::rc-client -N null -R local  -L casa-wind-full -T 2023-09-08T07:29:05+00:00 /home/poseidon/pegasus-5.1.0panorama/bin/pegasus-rc-client --prefix pegasus.catalog.replica.output --conf /mnt/poseidon-data/poseidon/workflows/casa-wind-workflow-full/submit/poseidon/pegasus/casa-wind-full/run0210/pegasus.2894708134487604187.properties -v --meta /mnt/poseidon-data/poseidon/workflows/casa-wind-workflow-full/submit/poseidon/pegasus/casa-wind-full/run0210/00/02/post_vel_ID0000108.meta,/mnt/poseidon-data/poseidon/workflows/casa-wind-workflow-full/submit/poseidon/pegasus/casa-wind-full/run0210/00/01/post_vel_ID0000063.meta,/mnt/poseidon-data/poseidon/workflows/casa-wind-workflow-full/submit/poseidon/pegasus/casa-wind-full/run0210/00/01/post_vel_ID0000013.meta,/mnt/poseidon-data/poseidon/workflows/casa-wind-workflow-full/submit/poseidon/pegasus/casa-wind-full/run0210/00/02/mvt_ID0000054.meta,/mnt/poseidon-data/poseidon/workflows/casa-wind-workflow-full/submit/poseidon/pegasus/casa-wind-full/run0210/00/01/post_vel_ID0000033.meta,/mnt/poseidon-data/poseidon/workflows/casa-wind-workflow-full/submit/poseidon/pegasus/casa-wind-full/run0210/00/02/post_vel_ID0000113.meta,/mnt/poseidon-data/poseidon/workflows/casa-wind-workflow-full/submit/poseidon/pegasus/casa-wind-full/run0210/00/01/post_vel_ID0000003.meta,/mnt/poseidon-data/poseidon/workflows/casa-wind-workflow-full/submit/poseidon/pegasus/casa-wind-full/run0210/00/01/post_vel_ID0000118.meta --insert /mnt/poseidon-data/poseidon/workflows/casa-wind-workflow-full/submit/poseidon/pegasus/casa-wind-full/run0210/00/02/register_condorpool_2_4.in",2.8,0,0,,,,,,,,,
point_alert_ID0000065,cpu_2,compute,0,1694380473.0,,,1694380478.0,1694380481.0,1694380492.0,29651647.5,1694380480.0,1694380508.0,1694380497.0,1694380500.0,6511.0,1694380508.0,1694380513.0,5.0,,2.0,28.0,5.0,11.0,176639131.0,3.0,20238.0,poseidon,condorpool,poseidon-worker-2-container-40-43,point_alert,/opt/pointAlert/pointAlert,,0.0,0,0,,,,,,,,,
stage_out_local_condorpool_2_5,None,transfer,0,1694380473.0,,,1694380478.0,,,0.0,1694380479.0,1694380488.0,,,0.0,1694380488.0,1694380493.0,5.0,,1.0,9.0,5.0,,,,,poseidon,local,poseidon-submit,pegasus::transfer,/mnt/poseidon-data/poseidon/pegasus-5.1.0panorama/bin/pegasus-transfer,/home/poseidon/pegasus-5.1.0panorama/bin/../bin/pegasus-kickstart  -n pegasus::transfer -N null -i - -R local  -L casa-wind-full -T 2023-09-08T07:29:05+00:00 /home/poseidon/pegasus-5.1.0panorama/bin/../bin/pegasus-transfer  --threads 2,0.8,0,0,,,,,,,,,
register_condorpool_2_5,None,auxiliary,0,1694380493.0,,,1694380503.0,,,0.0,1694380504.0,1694380508.0,,,0.0,1694380508.0,1694380513.0,10.0,,1.0,4.0,5.0,,,,,poseidon,local,poseidon-submit,pegasus::rc-client,/mnt/poseidon-data/poseidon/pegasus-5.1.0panorama/bin/pegasus-rc-client,"-n pegasus::rc-client -N null -R local  -L casa-wind-full -T 2023-09-08T07:29:05+00:00 /home/poseidon/pegasus-5.1.0panorama/bin/pegasus-rc-client --prefix pegasus.catalog.replica.output --conf /mnt/poseidon-data/poseidon/workflows/casa-wind-workflow-full/submit/poseidon/pegasus/casa-wind-full/run0210/pegasus.2894708134487604187.properties -v --meta /mnt/poseidon-data/poseidon/workflows/casa-wind-workflow-full/submit/poseidon/pegasus/casa-wind-full/run0210/00/01/mvt_ID0000004.meta,/mnt/poseidon-data/poseidon/workflows/casa-wind-workflow-full/submit/poseidon/pegasus/casa-wind-full/run0210/00/01/mvt_ID0000119.meta,/mnt/poseidon-data/poseidon/workflows/casa-wind-workflow-full/submit/poseidon/pegasus/casa-wind-full/run0210/00/02/post_vel_ID0000053.meta,/mnt/poseidon-data/poseidon/workflows/casa-wind-workflow-full/submit/poseidon/pegasus/casa-wind-full/run0210/00/02/mvt_ID0000114.meta,/mnt/poseidon-data/poseidon/workflows/casa-wind-workflow-full/submit/poseidon/pegasus/casa-wind-full/run0210/00/01/mvt_ID0000034.meta,/mnt/poseidon-data/poseidon/workflows/casa-wind-workflow-full/submit/poseidon/pegasus/casa-wind-full/run0210/00/01/mvt_ID0000014.meta,/mnt/poseidon-data/poseidon/workflows/casa-wind-workflow-full/submit/poseidon/pegasus/casa-wind-full/run0210/00/02/mvt_ID0000109.meta,/mnt/poseidon-data/poseidon/workflows/casa-wind-workflow-full/submit/poseidon/pegasus/casa-wind-full/run0210/00/01/mvt_ID0000064.meta --insert /mnt/poseidon-data/poseidon/workflows/casa-wind-workflow-full/submit/poseidon/pegasus/casa-wind-full/run0210/00/02/register_condorpool_2_5.in",2.7,0,0,,,,,,,,,
stage_out_local_condorpool_3_2,None,transfer,0,1694380513.0,,,1694380518.0,,,0.0,1694380519.0,1694380523.0,,,0.0,1694380523.0,1694380528.0,5.0,,1.0,4.0,5.0,,,,,poseidon,local,poseidon-submit,pegasus::transfer,/mnt/poseidon-data/poseidon/pegasus-5.1.0panorama/bin/pegasus-transfer,/home/poseidon/pegasus-5.1.0panorama/bin/../bin/pegasus-kickstart  -n pegasus::transfer -N null -i - -R local  -L casa-wind-full -T 2023-09-08T07:29:05+00:00 /home/poseidon/pegasus-5.1.0panorama/bin/../bin/pegasus-transfer  --threads 2,0.8,0,0,,,,,,,,,
cleanup_casa-wind-full_0_condorpool,None,auxiliary,0,1694380528.0,,,1694380533.0,,,0.0,1694380533.0,1694380538.0,,,0.0,1694380538.0,1694380543.0,5.0,,0.0,5.0,5.0,,,,,poseidon,local,poseidon-submit,pegasus::cleanup,/mnt/poseidon-data/poseidon/pegasus-5.1.0panorama/bin/pegasus-transfer,pegasus-kickstart  -n pegasus::cleanup -N null -i - -R local  -L casa-wind-full -T 2023-09-08T07:29:05+00:00 pegasus-transfer,0.3,0,0,,,,,,,,,
register_condorpool_3_2,None,auxiliary,0,1694380528.0,,,1694380533.0,,,0.0,1694380533.0,1694380538.0,,,0.0,1694380538.0,1694380543.0,5.0,,0.0,5.0,5.0,,,,,poseidon,local,poseidon-submit,pegasus::rc-client,/mnt/poseidon-data/poseidon/pegasus-5.1.0panorama/bin/pegasus-rc-client,"-n pegasus::rc-client -N null -R local  -L casa-wind-full -T 2023-09-08T07:29:05+00:00 /home/poseidon/pegasus-5.1.0panorama/bin/pegasus-rc-client --prefix pegasus.catalog.replica.output --conf /mnt/poseidon-data/poseidon/workflows/casa-wind-workflow-full/submit/poseidon/pegasus/casa-wind-full/run0210/pegasus.2894708134487604187.properties -v --meta /mnt/poseidon-data/poseidon/workflows/casa-wind-workflow-full/submit/poseidon/pegasus/casa-wind-full/run0210/00/03/point_alert_ID0000110.meta,/mnt/poseidon-data/poseidon/workflows/casa-wind-workflow-full/submit/poseidon/pegasus/casa-wind-full/run0210/00/03/point_alert_ID0000055.meta,/mnt/poseidon-data/poseidon/workflows/casa-wind-workflow-full/submit/poseidon/pegasus/casa-wind-full/run0210/00/02/point_alert_ID0000115.meta,/mnt/poseidon-data/poseidon/workflows/casa-wind-workflow-full/submit/poseidon/pegasus/casa-wind-full/run0210/00/02/point_alert_ID0000120.meta,/mnt/poseidon-data/poseidon/workflows/casa-wind-workflow-full/submit/poseidon/pegasus/casa-wind-full/run0210/00/02/point_alert_ID0000035.meta,/mnt/poseidon-data/poseidon/workflows/casa-wind-workflow-full/submit/poseidon/pegasus/casa-wind-full/run0210/00/02/point_alert_ID0000015.meta,/mnt/poseidon-data/poseidon/workflows/casa-wind-workflow-full/submit/poseidon/pegasus/casa-wind-full/run0210/00/02/point_alert_ID0000065.meta,/mnt/poseidon-data/poseidon/workflows/casa-wind-workflow-full/submit/poseidon/pegasus/casa-wind-full/run0210/00/02/point_alert_ID0000005.meta --insert /mnt/poseidon-data/poseidon/workflows/casa-wind-workflow-full/submit/poseidon/pegasus/casa-wind-full/run0210/00/03/register_condorpool_3_2.in",2.7,0,0,,,,,,,,,
