,anomaly_type,type,is_clustered,ready,pre_script_start,pre_script_end,submit,stage_in_start,stage_in_end,stage_in_effective_bytes_per_sec,execute_start,execute_end,stage_out_start,stage_out_end,stage_out_effective_bytes_per_sec,post_script_start,post_script_end,wms_delay,pre_script_delay,queue_delay,runtime,post_script_delay,stage_in_delay,stage_in_bytes,stage_out_delay,stage_out_bytes,kickstart_user,kickstart_site,kickstart_hostname,kickstart_transformations,kickstart_executables,kickstart_executables_argv,kickstart_executables_cpu_time,kickstart_status,kickstart_executables_exitcode,kickstart_online_iowait,kickstart_online_bytes_read,kickstart_online_bytes_written,kickstart_online_read_system_calls,kickstart_online_write_system_calls,kickstart_online_utime,kickstart_online_stime,kickstart_online_bytes_read_per_second,kickstart_online_bytes_written_per_second
create_dir_casa-wind-full_0_condorpool,None,auxiliary,0,1694508115.0,,,1694508116.0,,,0.0,1694508121.0,1694508126.0,,,0.0,1694508126.0,1694508131.0,1.0,,5.0,5.0,5.0,,,,,poseidon,local,poseidon-submit,pegasus::dirmanager,/mnt/poseidon-data/poseidon/pegasus-5.1.0panorama/bin/pegasus-transfer,pegasus-kickstart  -n pegasus::dirmanager -N null -i - -R local  -L casa-wind-full -T 2023-09-08T07:29:05+00:00 pegasus-transfer,0.2,0,0,,,,,,,,,
unzip_ID0000006,None,compute,0,1694508131.0,,,1694508137.0,1694508161.0,1694508168.0,34575831.0,1694508159.0,1694508213.0,1694508181.0,1694508203.0,22944719.0,1694508213.0,1694508218.0,6.0,,22.0,54.0,5.0,7.0,222753803.0,22.0,501616588.0,poseidon,condorpool,poseidon-worker-1-container-8-11,unzip,/usr/bin/gunzip,,3.9,0,0,,,,,,,,,
unzip_ID0000106,None,compute,0,1694508131.0,,,1694508137.0,1694508161.0,1694508169.0,29294098.0,1694508159.0,1694508208.0,1694508183.0,1694508201.0,28211388.0,1694508208.0,1694508213.0,6.0,,22.0,49.0,5.0,8.0,241199298.0,18.0,501821816.0,poseidon,condorpool,poseidon-worker-1-container-40-43,unzip,/usr/bin/gunzip,,4.0,0,0,,,,,,,,,
unzip_ID0000046,None,compute,0,1694508131.0,,,1694508137.0,1694508157.0,1694508166.0,25759120.0,1694508156.0,1694508202.0,1694508178.0,1694508192.0,39187167.0,1694508202.0,1694508208.0,6.0,,19.0,46.0,6.0,9.0,229692821.0,14.0,523855228.0,poseidon,condorpool,poseidon-worker-2-container-4-7,unzip,/usr/bin/gunzip,,4.0,0,0,,,,,,,,,
unzip_ID0000101,None,compute,0,1694508131.0,,,1694508137.0,1694508158.0,1694508167.0,28622128.0,1694508157.0,1694508208.0,1694508180.0,1694508201.0,26434016.0,1694508208.0,1694508213.0,6.0,,20.0,51.0,5.0,9.0,250988249.0,21.0,561551644.0,poseidon,condorpool,poseidon-worker-2-container-12-15,unzip,/usr/bin/gunzip,,4.4,0,0,,,,,,,,,
unzip_ID0000026,cpu_3,compute,0,1694508131.0,,,1694508137.0,1694508157.0,1694508166.0,27627516.0,1694508155.0,1694508202.0,1694508178.0,1694508194.0,34558989.0,1694508202.0,1694508208.0,6.0,,18.0,47.0,6.0,9.0,227963832.0,16.0,523917888.0,poseidon,condorpool,poseidon-worker-1-container-0-3,unzip,/usr/bin/gunzip,,4.0,0,0,,,,,,,,,
unzip_ID0000126,cpu_3,compute,0,1694508131.0,,,1694508137.0,1694508158.0,1694508166.0,30029569.0,1694508156.0,1694508202.0,1694508179.0,1694508194.0,34489520.0,1694508202.0,1694508208.0,6.0,,19.0,46.0,6.0,8.0,249343892.0,15.0,520618424.0,poseidon,condorpool,poseidon-worker-1-container-4-7,unzip,/usr/bin/gunzip,,4.2,0,0,,,,,,,,,
unzip_ID0000031,None,compute,0,1694508131.0,,,1694508137.0,1694508157.0,1694508167.0,24578786.0,1694508155.0,1694508208.0,1694508180.0,1694508197.0,30762525.0,1694508208.0,1694508213.0,6.0,,18.0,53.0,5.0,10.0,237517035.0,17.0,539438752.0,poseidon,condorpool,poseidon-worker-2-container-28-31,unzip,/usr/bin/gunzip,,4.2,0,0,,,,,,,,,
unzip_ID0000076,cpu_3,compute,0,1694508131.0,,,1694508137.0,1694508158.0,1694508165.0,30927370.0,1694508156.0,1694508197.0,1694508178.0,1694508189.0,47569195.0,1694508197.0,1694508202.0,6.0,,19.0,41.0,5.0,7.0,233747923.0,11.0,523942844.0,poseidon,condorpool,poseidon-worker-2-container-8-11,unzip,/usr/bin/gunzip,,4.1,0,0,,,,,,,,,
unzip_ID0000056,None,compute,0,1694508131.0,,,1694508137.0,1694508157.0,1694508167.0,25512709.0,1694508156.0,1694508208.0,1694508181.0,1694508197.0,31468407.0,1694508208.0,1694508213.0,6.0,,19.0,52.0,5.0,10.0,232139969.0,16.0,528026776.0,poseidon,condorpool,poseidon-worker-1-container-24-27,unzip,/usr/bin/gunzip,,4.1,0,0,,,,,,,,,
unzip_ID0000111,None,compute,0,1694508131.0,,,1694508137.0,1694508157.0,1694508166.0,28770750.0,1694508156.0,1694508208.0,1694508180.0,1694508198.0,30212272.0,1694508208.0,1694508213.0,6.0,,19.0,52.0,5.0,9.0,256320311.0,18.0,567950764.0,poseidon,condorpool,poseidon-worker-2-container-32-35,unzip,/usr/bin/gunzip,,4.4,0,0,,,,,,,,,
unzip_ID0000071,None,compute,0,1694508131.0,,,1694508137.0,1694508157.0,1694508166.0,26627669.0,1694508156.0,1694508202.0,1694508179.0,1694508196.0,31599891.0,1694508202.0,1694508208.0,6.0,,19.0,46.0,6.0,9.0,240896692.0,17.0,539506600.0,poseidon,condorpool,poseidon-worker-2-container-36-39,unzip,/usr/bin/gunzip,,4.2,0,0,,,,,,,,,
unzip_ID0000051,None,compute,0,1694508131.0,,,1694508137.0,1694508158.0,1694508165.0,31744635.0,1694508156.0,1694508197.0,1694508178.0,1694508190.0,46441306.0,1694508197.0,1694508202.0,6.0,,19.0,41.0,5.0,7.0,239630266.0,12.0,544301296.0,poseidon,condorpool,poseidon-worker-2-container-24-27,unzip,/usr/bin/gunzip,,4.2,0,0,,,,,,,,,
unzip_ID0000011,cpu_3,compute,0,1694508131.0,,,1694508137.0,1694508158.0,1694508168.0,22641560.0,1694508156.0,1694508208.0,1694508181.0,1694508201.0,28757849.0,1694508208.0,1694508213.0,6.0,,19.0,52.0,5.0,10.0,235998389.0,20.0,565205920.0,poseidon,condorpool,poseidon-worker-2-container-0-3,unzip,/usr/bin/gunzip,,4.2,0,0,,,,,,,,,
unzip_ID0000091,cpu_3,compute,0,1694508131.0,,,1694508137.0,1694508157.0,1694508164.0,35499024.0,1694508155.0,1694508197.0,1694508177.0,1694508186.0,55266527.0,1694508197.0,1694508202.0,6.0,,18.0,42.0,5.0,7.0,246447087.0,9.0,539109992.0,poseidon,condorpool,poseidon-worker-2-container-16-19,unzip,/usr/bin/gunzip,,4.2,0,0,,,,,,,,,
unzip_ID0000081,None,compute,0,1694508131.0,,,1694508137.0,1694508158.0,1694508167.0,27723066.0,1694508156.0,1694508208.0,1694508181.0,1694508200.0,27945524.0,1694508208.0,1694508213.0,6.0,,19.0,52.0,5.0,9.0,245619741.0,19.0,543190672.0,poseidon,condorpool,poseidon-worker-1-container-40-43,unzip,/usr/bin/gunzip,,4.2,0,0,,,,,,,,,
unzip_ID0000096,None,compute,0,1694508131.0,,,1694508137.0,1694508158.0,1694508165.0,33972598.0,1694508156.0,1694508202.0,1694508178.0,1694508194.0,33059193.0,1694508202.0,1694508208.0,6.0,,19.0,46.0,6.0,7.0,240753402.0,16.0,524013876.0,poseidon,condorpool,poseidon-worker-1-container-8-11,unzip,/usr/bin/gunzip,,4.1,0,0,,,,,,,,,
unzip_ID0000061,cpu_3,compute,0,1694508131.0,,,1694508137.0,1694508157.0,1694508167.0,25697231.0,1694508155.0,1694508208.0,1694508181.0,1694508199.0,29399630.0,1694508208.0,1694508213.0,6.0,,18.0,53.0,5.0,10.0,240463185.0,18.0,541945820.0,poseidon,condorpool,poseidon-worker-1-container-44-47,unzip,/usr/bin/gunzip,,4.2,0,0,,,,,,,,,
unzip_ID0000001,cpu_3,compute,0,1694508131.0,,,1694508137.0,1694508158.0,1694508168.0,23175991.0,1694508156.0,1694508208.0,1694508181.0,1694508199.0,30862942.0,1694508208.0,1694508213.0,6.0,,19.0,52.0,5.0,10.0,232473216.0,18.0,561354992.0,poseidon,condorpool,poseidon-worker-1-container-20-23,unzip,/usr/bin/gunzip,,4.2,0,0,,,,,,,,,
unzip_ID0000121,cpu_3,compute,0,1694508131.0,,,1694508137.0,1694508157.0,1694508165.0,31860664.0,1694508155.0,1694508202.0,1694508178.0,1694508191.0,45342688.0,1694508202.0,1694508208.0,6.0,,18.0,47.0,6.0,8.0,250860096.0,13.0,550782944.0,poseidon,condorpool,poseidon-worker-1-container-16-19,unzip,/usr/bin/gunzip,,4.3,0,0,,,,,,,,,
unzip_ID0000066,None,compute,0,1694508131.0,,,1694508137.0,1694508157.0,1694508165.0,29284363.0,1694508155.0,1694508197.0,1694508178.0,1694508189.0,47569172.0,1694508197.0,1694508202.0,6.0,,18.0,42.0,5.0,8.0,232031705.0,11.0,523661496.0,poseidon,condorpool,poseidon-worker-2-container-44-47,unzip,/usr/bin/gunzip,,4.1,0,0,,,,,,,,,
unzip_ID0000041,None,compute,0,1694508131.0,,,1694508137.0,1694508157.0,1694508166.0,25447825.0,1694508155.0,1694508213.0,1694508181.0,1694508204.0,23323857.0,1694508213.0,1694508218.0,6.0,,18.0,58.0,5.0,9.0,238944758.0,23.0,540768928.0,poseidon,condorpool,poseidon-worker-1-container-32-35,unzip,/usr/bin/gunzip,,4.1,0,0,,,,,,,,,
unzip_ID0000086,None,compute,0,1694508131.0,,,1694508137.0,1694508157.0,1694508166.0,27889091.0,1694508156.0,1694508197.0,1694508178.0,1694508190.0,44572097.0,1694508197.0,1694508202.0,6.0,,19.0,41.0,5.0,9.0,234836668.0,12.0,518838800.0,poseidon,condorpool,poseidon-worker-1-container-36-39,unzip,/usr/bin/gunzip,,4.1,0,0,,,,,,,,,
unzip_ID0000016,cpu_3,compute,0,1694508131.0,,,1694508137.0,1694508157.0,1694508165.0,29846045.0,1694508155.0,1694508197.0,1694508178.0,1694508189.0,45337914.0,1694508197.0,1694508202.0,6.0,,18.0,42.0,5.0,8.0,225238888.0,11.0,523826084.0,poseidon,condorpool,poseidon-worker-2-container-20-23,unzip,/usr/bin/gunzip,,4.0,0,0,,,,,,,,,
unzip_ID0000036,None,compute,0,1694508131.0,,,1694508137.0,1694508157.0,1694508164.0,30747009.0,1694508155.0,1694508197.0,1694508177.0,1694508186.0,57024582.0,1694508197.0,1694508202.0,6.0,,18.0,42.0,5.0,7.0,232020704.0,9.0,526952240.0,poseidon,condorpool,poseidon-worker-2-container-40-43,unzip,/usr/bin/gunzip,,4.1,0,0,,,,,,,,,
unzip_ID0000116,None,compute,0,1694508131.0,,,1694508137.0,1694508157.0,1694508168.0,23037012.0,1694508155.0,1694508208.0,1694508182.0,1694508199.0,30080495.0,1694508208.0,1694508213.0,6.0,,18.0,53.0,5.0,11.0,249255741.0,17.0,520850676.0,poseidon,condorpool,poseidon-worker-1-container-28-31,unzip,/usr/bin/gunzip,,4.2,0,0,,,,,,,,,
unzip_ID0000021,cpu_3,compute,0,1694508131.0,,,1694508137.0,1694508157.0,1694508164.0,32865752.0,1694508155.0,1694508202.0,1694508178.0,1694508192.0,38903267.0,1694508202.0,1694508208.0,6.0,,18.0,47.0,6.0,7.0,235136662.0,14.0,539178100.0,poseidon,condorpool,poseidon-worker-1-container-12-15,unzip,/usr/bin/gunzip,,4.1,0,0,,,,,,,,,
um_vel_ID0000037,None,compute,0,1694508202.0,,,1694508207.0,1694508210.0,1694508231.0,46676243.0,1694508209.0,1694508254.0,1694508240.0,1694508243.0,168813.0,1694508254.0,1694508259.0,5.0,,2.0,45.0,5.0,21.0,703538992.0,3.0,556900.0,poseidon,condorpool,poseidon-worker-2-container-28-31,um_vel,/opt/UM_VEL/UM_VEL,,1.7,0,0,,,,,,,,,
um_vel_ID0000077,None,compute,0,1694508202.0,,,1694508208.0,1694508210.0,1694508230.0,49124553.9,1694508209.0,1694508249.0,1694508239.0,1694508242.0,171538.0,1694508249.0,1694508254.0,6.0,,1.0,40.0,5.0,20.0,700529596.0,3.0,556900.0,poseidon,condorpool,poseidon-worker-2-container-40-43,um_vel,/opt/UM_VEL/UM_VEL,,1.7,0,0,,,,,,,,,
um_vel_ID0000052,None,compute,0,1694508202.0,,,1694508208.0,1694508210.0,1694508231.0,47941140.6,1694508209.0,1694508254.0,1694508240.0,1694508243.0,168074.0,1694508254.0,1694508259.0,6.0,,1.0,45.0,5.0,21.0,720888048.0,3.0,556900.0,poseidon,condorpool,poseidon-worker-2-container-36-39,um_vel,/opt/UM_VEL/UM_VEL,,1.7,0,0,,,,,,,,,
um_vel_ID0000067,None,compute,0,1694508202.0,,,1694508208.0,1694508210.0,1694508229.0,53464964.5,1694508209.0,1694508249.0,1694508238.0,1694508241.0,160023.0,1694508249.0,1694508254.0,6.0,,1.0,40.0,5.0,19.0,700248248.0,3.0,556900.0,poseidon,condorpool,poseidon-worker-2-container-44-47,um_vel,/opt/UM_VEL/UM_VEL,,1.7,0,0,,,,,,,,,
um_vel_ID0000087,None,compute,0,1694508202.0,,,1694508208.0,1694508210.0,1694508229.0,51743287.8,1694508209.0,1694508249.0,1694508238.0,1694508242.0,173941.0,1694508249.0,1694508254.0,6.0,,1.0,40.0,5.0,19.0,695425552.0,4.0,556900.0,poseidon,condorpool,poseidon-worker-1-container-8-11,um_vel,/opt/UM_VEL/UM_VEL,,1.9,0,0,,,,,,,,,
um_vel_ID0000017,cpu_3,compute,0,1694508202.0,,,1694508207.0,1694508210.0,1694508230.0,51207151.0,1694508209.0,1694508249.0,1694508239.0,1694508242.0,169787.0,1694508249.0,1694508254.0,5.0,,2.0,40.0,5.0,20.0,700412836.0,3.0,556900.0,poseidon,condorpool,poseidon-worker-1-container-20-23,um_vel,/opt/UM_VEL/UM_VEL,,1.9,0,0,,,,,,,,,
um_vel_ID0000092,cpu_3,compute,0,1694508202.0,,,1694508207.0,1694508210.0,1694508232.0,46670319.6,1694508209.0,1694508254.0,1694508240.0,1694508243.0,176615.0,1694508254.0,1694508259.0,5.0,,2.0,45.0,5.0,22.0,715696744.0,3.0,556900.0,poseidon,condorpool,poseidon-worker-2-container-20-23,um_vel,/opt/UM_VEL/UM_VEL,,1.7,0,0,,,,,,,,,
um_vel_ID0000047,None,compute,0,1694508208.0,,,1694508213.0,1694508216.0,1694508235.0,53128331.2,1694508214.0,1694508254.0,1694508244.0,1694508247.0,176878.0,1694508254.0,1694508259.0,5.0,,1.0,40.0,5.0,19.0,700441980.0,3.0,556900.0,poseidon,condorpool,poseidon-worker-2-container-4-7,um_vel,/opt/UM_VEL/UM_VEL,,1.7,0,0,,,,,,,,,
um_vel_ID0000027,None,compute,0,1694508208.0,,,1694508213.0,1694508216.0,1694508237.0,45224018.1,1694508214.0,1694508259.0,1694508246.0,1694508249.0,174767.0,1694508259.0,1694508265.0,5.0,,1.0,45.0,6.0,21.0,700504640.0,3.0,556900.0,poseidon,condorpool,poseidon-worker-2-container-24-27,um_vel,/opt/UM_VEL/UM_VEL,,1.7,0,0,,,,,,,,,
um_vel_ID0000127,None,compute,0,1694508208.0,,,1694508213.0,1694508216.0,1694508235.0,50618397.5,1694508214.0,1694508254.0,1694508244.0,1694508247.0,165754.0,1694508254.0,1694508259.0,5.0,,1.0,40.0,5.0,19.0,697205176.0,3.0,556900.0,poseidon,condorpool,poseidon-worker-1-container-8-11,um_vel,/opt/UM_VEL/UM_VEL,,1.7,0,0,,,,,,,,,
um_vel_ID0000097,None,compute,0,1694508208.0,,,1694508213.0,1694508216.0,1694508237.0,45651502.9,1694508214.0,1694508259.0,1694508247.0,1694508250.0,172483.0,1694508259.0,1694508265.0,5.0,,1.0,45.0,6.0,21.0,700600628.0,3.0,556900.0,poseidon,condorpool,poseidon-worker-1-container-32-35,um_vel,/opt/UM_VEL/UM_VEL,,1.7,0,0,,,,,,,,,
um_vel_ID0000072,None,compute,0,1694508208.0,,,1694508213.0,1694508216.0,1694508236.0,48139057.6,1694508214.0,1694508259.0,1694508245.0,1694508248.0,176850.0,1694508259.0,1694508265.0,5.0,,1.0,45.0,6.0,20.0,716093352.0,3.0,556900.0,poseidon,condorpool,poseidon-worker-2-container-12-15,um_vel,/opt/UM_VEL/UM_VEL,,1.7,0,0,,,,,,,,,
um_vel_ID0000022,cpu_3,compute,0,1694508208.0,,,1694508213.0,1694508216.0,1694508239.0,41049076.1,1694508214.0,1694508259.0,1694508249.0,1694508252.0,177248.0,1694508259.0,1694508265.0,5.0,,1.0,45.0,6.0,23.0,715764852.0,3.0,556900.0,poseidon,condorpool,poseidon-worker-1-container-16-19,um_vel,/opt/UM_VEL/UM_VEL,,1.7,0,0,,,,,,,,,
um_vel_ID0000122,None,compute,0,1694508208.0,,,1694508213.0,1694508216.0,1694508237.0,47417948.0,1694508214.0,1694508259.0,1694508247.0,1694508250.0,177815.0,1694508259.0,1694508265.0,5.0,,1.0,45.0,6.0,21.0,727369696.0,3.0,556900.0,poseidon,condorpool,poseidon-worker-1-container-24-27,um_vel,/opt/UM_VEL/UM_VEL,,1.7,0,0,,,,,,,,,
um_vel_ID0000117,cpu_3,compute,0,1694508213.0,,,1694508218.0,1694508222.0,1694508243.0,44613560.1,1694508220.0,1694508265.0,1694508252.0,1694508255.0,176565.0,1694508265.0,1694508270.0,5.0,,2.0,45.0,5.0,21.0,697437428.0,3.0,556900.0,poseidon,condorpool,poseidon-worker-1-container-44-47,um_vel,/opt/UM_VEL/UM_VEL,,1.7,0,0,,,,,,,,,
um_vel_ID0000112,None,compute,0,1694508213.0,,,1694508218.0,1694508222.0,1694508242.0,51683345.9,1694508220.0,1694508265.0,1694508251.0,1694508254.0,176752.0,1694508265.0,1694508270.0,5.0,,2.0,45.0,5.0,20.0,744537516.0,3.0,556900.0,poseidon,condorpool,poseidon-worker-1-container-40-43,um_vel,/opt/UM_VEL/UM_VEL,,1.8,0,0,,,,,,,,,
um_vel_ID0000057,None,compute,0,1694508213.0,,,1694508218.0,1694508222.0,1694508240.0,57938836.6,1694508220.0,1694508259.0,1694508249.0,1694508252.0,177407.0,1694508259.0,1694508265.0,5.0,,2.0,39.0,6.0,18.0,704613528.0,3.0,556900.0,poseidon,condorpool,poseidon-worker-2-container-32-35,um_vel,/opt/UM_VEL/UM_VEL,,1.7,0,0,,,,,,,,,
um_vel_ID0000012,cpu_3,compute,0,1694508213.0,,,1694508218.0,1694508222.0,1694508244.0,44457291.8,1694508220.0,1694508265.0,1694508253.0,1694508256.0,176589.0,1694508265.0,1694508270.0,5.0,,2.0,45.0,5.0,22.0,741792672.0,3.0,556900.0,poseidon,condorpool,poseidon-worker-2-container-8-11,um_vel,/opt/UM_VEL/UM_VEL,,1.7,0,0,,,,,,,,,
um_vel_ID0000002,cpu_3,compute,0,1694508213.0,,,1694508218.0,1694508222.0,1694508242.0,50310612.7,1694508220.0,1694508265.0,1694508251.0,1694508254.0,177220.0,1694508265.0,1694508270.0,5.0,,2.0,45.0,5.0,20.0,737941744.0,3.0,556900.0,poseidon,condorpool,poseidon-worker-1-container-0-3,um_vel,/opt/UM_VEL/UM_VEL,,1.8,0,0,,,,,,,,,
um_vel_ID0000032,cpu_3,compute,0,1694508213.0,,,1694508218.0,1694508222.0,1694508241.0,52034281.2,1694508220.0,1694508259.0,1694508250.0,1694508253.0,177221.0,1694508259.0,1694508265.0,5.0,,2.0,39.0,6.0,19.0,716025504.0,3.0,556900.0,poseidon,condorpool,poseidon-worker-1-container-12-15,um_vel,/opt/UM_VEL/UM_VEL,,1.7,0,0,,,,,,,,,
um_vel_ID0000062,None,compute,0,1694508213.0,,,1694508218.0,1694508222.0,1694508242.0,49709056.2,1694508220.0,1694508265.0,1694508251.0,1694508254.0,176376.0,1694508265.0,1694508270.0,5.0,,2.0,45.0,5.0,20.0,718532572.0,3.0,556900.0,poseidon,condorpool,poseidon-worker-1-container-40-43,um_vel,/opt/UM_VEL/UM_VEL,,1.7,0,0,,,,,,,,,
um_vel_ID0000102,None,compute,0,1694508213.0,,,1694508218.0,1694508222.0,1694508243.0,48459765.0,1694508221.0,1694508265.0,1694508252.0,1694508255.0,176709.0,1694508265.0,1694508270.0,5.0,,3.0,44.0,5.0,21.0,738138396.0,3.0,556900.0,poseidon,condorpool,poseidon-worker-1-container-36-39,um_vel,/opt/UM_VEL/UM_VEL,,1.7,0,0,,,,,,,,,
um_vel_ID0000082,cpu_3,compute,0,1694508213.0,,,1694508218.0,1694508222.0,1694508242.0,49690406.2,1694508220.0,1694508259.0,1694508250.0,1694508253.0,176410.0,1694508259.0,1694508265.0,5.0,,2.0,39.0,6.0,20.0,719777424.0,3.0,556900.0,poseidon,condorpool,poseidon-worker-2-container-0-3,um_vel,/opt/UM_VEL/UM_VEL,,1.7,0,0,,,,,,,,,
um_vel_ID0000107,cpu_3,compute,0,1694508213.0,,,1694508218.0,1694508222.0,1694508242.0,49544333.2,1694508220.0,1694508265.0,1694508250.0,1694508254.0,174811.0,1694508265.0,1694508270.0,5.0,,2.0,45.0,5.0,20.0,678408568.0,4.0,556900.0,poseidon,condorpool,poseidon-worker-1-container-4-7,um_vel,/opt/UM_VEL/UM_VEL,,1.7,0,0,,,,,,,,,
um_vel_ID0000007,None,compute,0,1694508218.0,,,1694508224.0,1694508227.0,1694508244.0,58017451.7,1694508225.0,1694508265.0,1694508253.0,1694508256.0,176626.0,1694508265.0,1694508270.0,6.0,,1.0,40.0,5.0,17.0,678203340.0,3.0,556900.0,poseidon,condorpool,poseidon-worker-1-container-28-31,um_vel,/opt/UM_VEL/UM_VEL,,1.6,0,0,,,,,,,,,
stage_out_local_condorpool_0_2,None,transfer,0,1694508218.0,,,1694508224.0,,,0.0,1694508224.0,1694508259.0,,,0.0,1694508259.0,1694508265.0,6.0,,0.0,35.0,6.0,,,,,poseidon,local,poseidon-submit,pegasus::transfer,/mnt/poseidon-data/poseidon/pegasus-5.1.0panorama/bin/pegasus-transfer,/home/poseidon/pegasus-5.1.0panorama/bin/../bin/pegasus-kickstart  -n pegasus::transfer -N null -i - -R local  -L casa-wind-full -T 2023-09-08T07:29:05+00:00 /home/poseidon/pegasus-5.1.0panorama/bin/../bin/pegasus-transfer  --threads 2,34.7,0,0,,,,,,,,,
stage_out_local_condorpool_0_1,None,transfer,0,1694508218.0,,,1694508224.0,,,0.0,1694508224.0,1694508259.0,,,0.0,1694508259.0,1694508265.0,6.0,,0.0,35.0,6.0,,,,,poseidon,local,poseidon-submit,pegasus::transfer,/mnt/poseidon-data/poseidon/pegasus-5.1.0panorama/bin/pegasus-transfer,/home/poseidon/pegasus-5.1.0panorama/bin/../bin/pegasus-kickstart  -n pegasus::transfer -N null -i - -R local  -L casa-wind-full -T 2023-09-08T07:29:05+00:00 /home/poseidon/pegasus-5.1.0panorama/bin/../bin/pegasus-transfer  --threads 2,34.4,0,0,,,,,,,,,
stage_out_local_condorpool_0_0,None,transfer,0,1694508218.0,,,1694508224.0,,,0.0,1694508224.0,1694508259.0,,,0.0,1694508259.0,1694508265.0,6.0,,0.0,35.0,6.0,,,,,poseidon,local,poseidon-submit,pegasus::transfer,/mnt/poseidon-data/poseidon/pegasus-5.1.0panorama/bin/pegasus-transfer,/home/poseidon/pegasus-5.1.0panorama/bin/../bin/pegasus-kickstart  -n pegasus::transfer -N null -i - -R local  -L casa-wind-full -T 2023-09-08T07:29:05+00:00 /home/poseidon/pegasus-5.1.0panorama/bin/../bin/pegasus-transfer  --threads 2,35.1,0,0,,,,,,,,,
um_vel_ID0000042,None,compute,0,1694508218.0,,,1694508224.0,1694508232.0,1694508251.0,52913479.2,1694508229.0,1694508270.0,1694508260.0,1694508263.0,178192.0,1694508270.0,1694508275.0,6.0,,5.0,41.0,5.0,19.0,717355680.0,3.0,556900.0,poseidon,condorpool,poseidon-worker-1-container-40-43,um_vel,/opt/UM_VEL/UM_VEL,,1.7,0,0,,,,,,,,,
post_vel_ID0000078,None,compute,0,1694508254.0,,,1694508259.0,1694508262.0,1694508273.0,35158797.2,1694508260.0,1694508290.0,1694508278.0,1694508282.0,3909.0,1694508290.0,1694508295.0,5.0,,1.0,30.0,5.0,11.0,177143937.0,4.0,12264.0,poseidon,condorpool,poseidon-worker-2-container-44-47,post_vel,/opt/netcdf2png/merged_netcdf2png,,0.1,0,0,,,,,,,,,
post_vel_ID0000018,None,compute,0,1694508254.0,,,1694508259.0,1694508262.0,1694508273.0,33696787.2,1694508260.0,1694508290.0,1694508279.0,1694508282.0,3800.0,1694508290.0,1694508295.0,5.0,,1.0,30.0,5.0,11.0,177143937.0,3.0,11645.0,poseidon,condorpool,poseidon-worker-1-container-8-11,post_vel,/opt/netcdf2png/merged_netcdf2png,,0.1,0,0,,,,,,,,,
mvt_ID0000019,None,compute,0,1694508254.0,,,1694508259.0,1694508262.0,1694508273.0,34933506.6,1694508260.0,1694508330.0,1694508319.0,1694508322.0,11854.0,1694508330.0,1694508335.0,5.0,,1.0,70.0,5.0,11.0,177143652.0,3.0,36245.0,poseidon,condorpool,poseidon-worker-2-container-40-43,mvt,/opt/mvt/mvt,,40.7,0,0,0.0,794307.0,20480.0,440.0,5.0,39.6,0.3,19857.7,1024.0
mvt_ID0000089,None,compute,0,1694508254.0,,,1694508259.0,1694508262.0,1694508273.0,35159967.4,1694508260.0,1694508330.0,1694508319.0,1694508322.0,15788.0,1694508330.0,1694508335.0,5.0,,1.0,70.0,5.0,11.0,177143652.0,3.0,48475.0,poseidon,condorpool,poseidon-worker-2-container-28-31,mvt,/opt/mvt/mvt,,40.6,0,0,0.0,794300.0,24576.0,440.0,6.0,39.7,0.3,19857.5,2457.6
post_vel_ID0000088,None,compute,0,1694508254.0,,,1694508259.0,1694508262.0,1694508273.0,34730466.0,1694508260.0,1694508290.0,1694508279.0,1694508282.0,4167.0,1694508290.0,1694508295.0,5.0,,1.0,30.0,5.0,11.0,177143937.0,3.0,12740.0,poseidon,condorpool,poseidon-worker-1-container-32-35,post_vel,/opt/netcdf2png/merged_netcdf2png,,0.2,0,0,,,,,,,,,
mvt_ID0000079,None,compute,0,1694508254.0,,,1694508259.0,1694508262.0,1694508273.0,34995529.0,1694508260.0,1694508330.0,1694508317.0,1694508320.0,14512.0,1694508330.0,1694508335.0,5.0,,1.0,70.0,5.0,11.0,177143652.0,3.0,45337.0,poseidon,condorpool,poseidon-worker-2-container-36-39,mvt,/opt/mvt/mvt,,39.0,0,0,0.0,791897.0,24576.0,428.0,6.0,29.9,0.1,26396.6,1228.8
post_vel_ID0000068,cpu_3,compute,0,1694508254.0,,,1694508259.0,1694508262.0,1694508273.0,35127030.4,1694508260.0,1694508290.0,1694508279.0,1694508282.0,3728.0,1694508290.0,1694508295.0,5.0,,1.0,30.0,5.0,11.0,177143937.0,3.0,11398.0,poseidon,condorpool,poseidon-worker-1-container-20-23,post_vel,/opt/netcdf2png/merged_netcdf2png,,0.1,0,0,,,,,,,,,
mvt_ID0000069,cpu_3,compute,0,1694508254.0,,,1694508259.0,1694508262.0,1694508273.0,35083039.8,1694508260.0,1694508350.0,1694508339.0,1694508343.0,10929.0,1694508350.0,1694508355.0,5.0,,1.0,90.0,5.0,11.0,177143652.0,4.0,35309.0,poseidon,condorpool,poseidon-worker-2-container-20-23,mvt,/opt/mvt/mvt,,40.4,0,0,0.0,801751.0,16384.0,470.0,4.0,39.6,0.3,13362.5,819.2
post_vel_ID0000093,None,compute,0,1694508259.0,,,1694508264.0,1694508267.0,1694508279.0,35120842.8,1694508266.0,1694508295.0,1694508284.0,1694508287.0,4243.0,1694508295.0,1694508300.0,5.0,,2.0,29.0,5.0,12.0,177143937.0,3.0,13303.0,poseidon,condorpool,poseidon-worker-1-container-24-27,post_vel,/opt/netcdf2png/merged_netcdf2png,,0.1,0,0,,,,,,,,,
post_vel_ID0000038,None,compute,0,1694508259.0,,,1694508265.0,1694508268.0,1694508279.0,30430170.6,1694508266.0,1694508295.0,1694508285.0,1694508288.0,3617.0,1694508295.0,1694508300.0,6.0,,1.0,29.0,5.0,11.0,177143937.0,3.0,11227.0,poseidon,condorpool,poseidon-worker-2-container-12-15,post_vel,/opt/netcdf2png/merged_netcdf2png,,0.1,0,0,,,,,,,,,
mvt_ID0000039,cpu_3,compute,0,1694508259.0,,,1694508265.0,1694508268.0,1694508279.0,29868640.4,1694508266.0,1694508360.0,1694508349.0,1694508352.0,10690.0,1694508360.0,1694508365.0,6.0,,1.0,94.0,5.0,11.0,177143652.0,3.0,34386.0,poseidon,condorpool,poseidon-worker-1-container-16-19,mvt,/opt/mvt/mvt,,39.9,0,0,0.0,812691.0,16384.0,494.0,4.0,37.5,0.2,13544.9,819.2
mvt_ID0000094,None,compute,0,1694508259.0,,,1694508265.0,1694508268.0,1694508279.0,29793742.8,1694508266.0,1694508335.0,1694508325.0,1694508328.0,17117.0,1694508335.0,1694508340.0,6.0,,1.0,69.0,5.0,11.0,177143652.0,3.0,52407.0,poseidon,condorpool,poseidon-worker-2-container-24-27,mvt,/opt/mvt/mvt,,40.4,0,0,0.0,803876.0,28672.0,461.0,7.0,39.9,0.1,20096.9,1433.6
post_vel_ID0000053,None,compute,0,1694508259.0,,,1694508265.0,1694508268.0,1694508279.0,29993283.5,1694508266.0,1694508295.0,1694508284.0,1694508287.0,3446.0,1694508295.0,1694508300.0,6.0,,1.0,29.0,5.0,11.0,177143937.0,3.0,11004.0,poseidon,condorpool,poseidon-worker-1-container-8-11,post_vel,/opt/netcdf2png/merged_netcdf2png,,0.2,0,0,,,,,,,,,
mvt_ID0000129,cpu_3,compute,0,1694508259.0,,,1694508265.0,1694508268.0,1694508279.0,34884086.4,1694508266.0,1694508360.0,1694508348.0,1694508351.0,19633.0,1694508360.0,1694508365.0,6.0,,1.0,94.0,5.0,11.0,177143652.0,3.0,64489.0,poseidon,condorpool,poseidon-worker-1-container-44-47,mvt,/opt/mvt/mvt,,40.1,0,0,0.0,812686.0,36864.0,494.0,9.0,37.8,0.3,13544.8,3686.4
post_vel_ID0000128,cpu_3,compute,0,1694508259.0,,,1694508265.0,1694508268.0,1694508279.0,33482677.4,1694508266.0,1694508295.0,1694508284.0,1694508287.0,4456.0,1694508295.0,1694508300.0,6.0,,1.0,29.0,5.0,11.0,177143937.0,3.0,14512.0,poseidon,condorpool,poseidon-worker-2-container-0-3,post_vel,/opt/netcdf2png/merged_netcdf2png,,0.1,0,0,,,,,,,,,
mvt_ID0000049,cpu_3,compute,0,1694508259.0,,,1694508265.0,1694508268.0,1694508279.0,33821059.2,1694508267.0,1694508360.0,1694508348.0,1694508351.0,7401.0,1694508360.0,1694508365.0,6.0,,2.0,93.0,5.0,11.0,177143652.0,3.0,24108.0,poseidon,condorpool,poseidon-worker-1-container-4-7,mvt,/opt/mvt/mvt,,39.8,0,0,0.0,815347.0,12288.0,500.0,3.0,38.1,0.1,13589.1,1228.8
post_vel_ID0000048,cpu_3,compute,0,1694508259.0,,,1694508265.0,1694508268.0,1694508279.0,34786855.0,1694508266.0,1694508295.0,1694508284.0,1694508287.0,3192.0,1694508295.0,1694508300.0,6.0,,1.0,29.0,5.0,11.0,177143937.0,3.0,10371.0,poseidon,condorpool,poseidon-worker-1-container-12-15,post_vel,/opt/netcdf2png/merged_netcdf2png,,0.1,0,0,,,,,,,,,
mvt_ID0000054,None,compute,0,1694508259.0,,,1694508265.0,1694508267.0,1694508279.0,29676254.2,1694508266.0,1694508335.0,1694508325.0,1694508328.0,9355.0,1694508335.0,1694508340.0,6.0,,1.0,69.0,5.0,12.0,177143652.0,3.0,28552.0,poseidon,condorpool,poseidon-worker-2-container-4-7,mvt,/opt/mvt/mvt,,40.3,0,0,0.0,803775.0,12288.0,461.0,3.0,39.9,0.1,20094.4,1228.8
mvt_ID0000034,None,compute,0,1694508265.0,,,1694508270.0,1694508283.0,1694508294.0,33964662.4,1694508281.0,1694508350.0,1694508339.0,1694508342.0,10144.0,1694508350.0,1694508355.0,5.0,,11.0,69.0,5.0,11.0,177143652.0,3.0,30976.0,poseidon,condorpool,poseidon-worker-1-container-8-11,mvt,/opt/mvt/mvt,,39.8,0,0,0.0,789182.0,16384.0,422.0,4.0,29.9,0.1,26306.1,819.2
mvt_ID0000029,None,compute,0,1694508265.0,,,1694508270.0,1694508274.0,1694508285.0,34091531.8,1694508272.0,1694508340.0,1694508330.0,1694508333.0,12630.0,1694508340.0,1694508345.0,5.0,,2.0,68.0,5.0,11.0,177143652.0,3.0,38341.0,poseidon,condorpool,poseidon-worker-1-container-36-39,mvt,/opt/mvt/mvt,,39.8,0,0,0.0,801485.0,20480.0,449.0,5.0,29.9,0.1,26716.2,1024.0
register_condorpool_0_0,None,auxiliary,0,1694508265.0,,,1694508280.0,,,0.0,1694508281.0,1694508285.0,,,0.0,1694508285.0,1694508290.0,15.0,,1.0,4.0,5.0,,,,,poseidon,local,poseidon-submit,pegasus::rc-client,/mnt/poseidon-data/poseidon/pegasus-5.1.0panorama/bin/pegasus-rc-client,"-n pegasus::rc-client -N null -R local  -L casa-wind-full -T 2023-09-08T07:29:05+00:00 /home/poseidon/pegasus-5.1.0panorama/bin/pegasus-rc-client --prefix pegasus.catalog.replica.output --conf /mnt/poseidon-data/poseidon/workflows/casa-wind-workflow-full/submit/poseidon/pegasus/casa-wind-full/run0477/pegasus.7330677257467472027.properties -v --meta /mnt/poseidon-data/poseidon/workflows/casa-wind-workflow-full/submit/poseidon/pegasus/casa-wind-full/run0477/00/00/unzip_ID0000026.meta,/mnt/poseidon-data/poseidon/workflows/casa-wind-workflow-full/submit/poseidon/pegasus/casa-wind-full/run0477/00/00/unzip_ID0000061.meta,/mnt/poseidon-data/poseidon/workflows/casa-wind-workflow-full/submit/poseidon/pegasus/casa-wind-full/run0477/00/00/unzip_ID0000071.meta,/mnt/poseidon-data/poseidon/workflows/casa-wind-workflow-full/submit/poseidon/pegasus/casa-wind-full/run0477/00/00/unzip_ID0000041.meta,/mnt/poseidon-data/poseidon/workflows/casa-wind-workflow-full/submit/poseidon/pegasus/casa-wind-full/run0477/00/00/unzip_ID0000016.meta,/mnt/poseidon-data/poseidon/workflows/casa-wind-workflow-full/submit/poseidon/pegasus/casa-wind-full/run0477/00/00/unzip_ID0000111.meta,/mnt/poseidon-data/poseidon/workflows/casa-wind-workflow-full/submit/poseidon/pegasus/casa-wind-full/run0477/00/00/unzip_ID0000011.meta,/mnt/poseidon-data/poseidon/workflows/casa-wind-workflow-full/submit/poseidon/pegasus/casa-wind-full/run0477/00/00/unzip_ID0000081.meta,/mnt/poseidon-data/poseidon/workflows/casa-wind-workflow-full/submit/poseidon/pegasus/casa-wind-full/run0477/00/00/unzip_ID0000066.meta,/mnt/poseidon-data/poseidon/workflows/casa-wind-workflow-full/submit/poseidon/pegasus/casa-wind-full/run0477/00/00/unzip_ID0000096.meta,/mnt/poseidon-data/poseidon/workflows/casa-wind-workflow-full/submit/poseidon/pegasus/casa-wind-full/run0477/00/00/unzip_ID0000051.meta,/mnt/poseidon-data/poseidon/workflows/casa-wind-workflow-full/submit/poseidon/pegasus/casa-wind-full/run0477/00/00/unzip_ID0000031.meta,/mnt/poseidon-data/poseidon/workflows/casa-wind-workflow-full/submit/poseidon/pegasus/casa-wind-full/run0477/00/00/unzip_ID0000116.meta,/mnt/poseidon-data/poseidon/workflows/casa-wind-workflow-full/submit/poseidon/pegasus/casa-wind-full/run0477/00/00/unzip_ID0000101.meta,/mnt/poseidon-data/poseidon/workflows/casa-wind-workflow-full/submit/poseidon/pegasus/casa-wind-full/run0477/00/00/unzip_ID0000121.meta,/mnt/poseidon-data/poseidon/workflows/casa-wind-workflow-full/submit/poseidon/pegasus/casa-wind-full/run0477/00/00/unzip_ID0000106.meta,/mnt/poseidon-data/poseidon/workflows/casa-wind-workflow-full/submit/poseidon/pegasus/casa-wind-full/run0477/00/00/unzip_ID0000046.meta,/mnt/poseidon-data/poseidon/workflows/casa-wind-workflow-full/submit/poseidon/pegasus/casa-wind-full/run0477/00/00/unzip_ID0000076.meta,/mnt/poseidon-data/poseidon/workflows/casa-wind-workflow-full/submit/poseidon/pegasus/casa-wind-full/run0477/00/00/unzip_ID0000056.meta,/mnt/poseidon-data/poseidon/workflows/casa-wind-workflow-full/submit/poseidon/pegasus/casa-wind-full/run0477/00/00/unzip_ID0000021.meta,/mnt/poseidon-data/poseidon/workflows/casa-wind-workflow-full/submit/poseidon/pegasus/casa-wind-full/run0477/00/00/unzip_ID0000086.meta,/mnt/poseidon-data/poseidon/workflows/casa-wind-workflow-full/submit/poseidon/pegasus/casa-wind-full/run0477/00/00/unzip_ID0000126.meta,/mnt/poseidon-data/poseidon/workflows/casa-wind-workflow-full/submit/poseidon/pegasus/casa-wind-full/run0477/00/00/unzip_ID0000006.meta,/mnt/poseidon-data/poseidon/workflows/casa-wind-workflow-full/submit/poseidon/pegasus/casa-wind-full/run0477/00/00/unzip_ID0000036.meta,/mnt/poseidon-data/poseidon/workflows/casa-wind-workflow-full/submit/poseidon/pegasus/casa-wind-full/run0477/00/00/unzip_ID0000001.meta,/mnt/poseidon-data/poseidon/workflows/casa-wind-workflow-full/submit/poseidon/pegasus/casa-wind-full/run0477/00/00/unzip_ID0000091.meta --insert /mnt/poseidon-data/poseidon/workflows/casa-wind-workflow-full/submit/poseidon/pegasus/casa-wind-full/run0477/00/00/register_condorpool_0_0.in",3.0,0,0,,,,,,,,,
register_condorpool_0_1,None,auxiliary,0,1694508265.0,,,1694508270.0,,,0.0,1694508271.0,1694508275.0,,,0.0,1694508275.0,1694508280.0,5.0,,1.0,4.0,5.0,,,,,poseidon,local,poseidon-submit,pegasus::rc-client,/mnt/poseidon-data/poseidon/pegasus-5.1.0panorama/bin/pegasus-rc-client,"-n pegasus::rc-client -N null -R local  -L casa-wind-full -T 2023-09-08T07:29:05+00:00 /home/poseidon/pegasus-5.1.0panorama/bin/pegasus-rc-client --prefix pegasus.catalog.replica.output --conf /mnt/poseidon-data/poseidon/workflows/casa-wind-workflow-full/submit/poseidon/pegasus/casa-wind-full/run0477/pegasus.7330677257467472027.properties -v --meta /mnt/poseidon-data/poseidon/workflows/casa-wind-workflow-full/submit/poseidon/pegasus/casa-wind-full/run0477/00/00/unzip_ID0000026.meta,/mnt/poseidon-data/poseidon/workflows/casa-wind-workflow-full/submit/poseidon/pegasus/casa-wind-full/run0477/00/00/unzip_ID0000061.meta,/mnt/poseidon-data/poseidon/workflows/casa-wind-workflow-full/submit/poseidon/pegasus/casa-wind-full/run0477/00/00/unzip_ID0000071.meta,/mnt/poseidon-data/poseidon/workflows/casa-wind-workflow-full/submit/poseidon/pegasus/casa-wind-full/run0477/00/00/unzip_ID0000041.meta,/mnt/poseidon-data/poseidon/workflows/casa-wind-workflow-full/submit/poseidon/pegasus/casa-wind-full/run0477/00/00/unzip_ID0000016.meta,/mnt/poseidon-data/poseidon/workflows/casa-wind-workflow-full/submit/poseidon/pegasus/casa-wind-full/run0477/00/00/unzip_ID0000111.meta,/mnt/poseidon-data/poseidon/workflows/casa-wind-workflow-full/submit/poseidon/pegasus/casa-wind-full/run0477/00/00/unzip_ID0000011.meta,/mnt/poseidon-data/poseidon/workflows/casa-wind-workflow-full/submit/poseidon/pegasus/casa-wind-full/run0477/00/00/unzip_ID0000081.meta,/mnt/poseidon-data/poseidon/workflows/casa-wind-workflow-full/submit/poseidon/pegasus/casa-wind-full/run0477/00/00/unzip_ID0000066.meta,/mnt/poseidon-data/poseidon/workflows/casa-wind-workflow-full/submit/poseidon/pegasus/casa-wind-full/run0477/00/00/unzip_ID0000096.meta,/mnt/poseidon-data/poseidon/workflows/casa-wind-workflow-full/submit/poseidon/pegasus/casa-wind-full/run0477/00/00/unzip_ID0000051.meta,/mnt/poseidon-data/poseidon/workflows/casa-wind-workflow-full/submit/poseidon/pegasus/casa-wind-full/run0477/00/00/unzip_ID0000031.meta,/mnt/poseidon-data/poseidon/workflows/casa-wind-workflow-full/submit/poseidon/pegasus/casa-wind-full/run0477/00/00/unzip_ID0000116.meta,/mnt/poseidon-data/poseidon/workflows/casa-wind-workflow-full/submit/poseidon/pegasus/casa-wind-full/run0477/00/00/unzip_ID0000101.meta,/mnt/poseidon-data/poseidon/workflows/casa-wind-workflow-full/submit/poseidon/pegasus/casa-wind-full/run0477/00/00/unzip_ID0000121.meta,/mnt/poseidon-data/poseidon/workflows/casa-wind-workflow-full/submit/poseidon/pegasus/casa-wind-full/run0477/00/00/unzip_ID0000106.meta,/mnt/poseidon-data/poseidon/workflows/casa-wind-workflow-full/submit/poseidon/pegasus/casa-wind-full/run0477/00/00/unzip_ID0000046.meta,/mnt/poseidon-data/poseidon/workflows/casa-wind-workflow-full/submit/poseidon/pegasus/casa-wind-full/run0477/00/00/unzip_ID0000076.meta,/mnt/poseidon-data/poseidon/workflows/casa-wind-workflow-full/submit/poseidon/pegasus/casa-wind-full/run0477/00/00/unzip_ID0000056.meta,/mnt/poseidon-data/poseidon/workflows/casa-wind-workflow-full/submit/poseidon/pegasus/casa-wind-full/run0477/00/00/unzip_ID0000021.meta,/mnt/poseidon-data/poseidon/workflows/casa-wind-workflow-full/submit/poseidon/pegasus/casa-wind-full/run0477/00/00/unzip_ID0000086.meta,/mnt/poseidon-data/poseidon/workflows/casa-wind-workflow-full/submit/poseidon/pegasus/casa-wind-full/run0477/00/00/unzip_ID0000126.meta,/mnt/poseidon-data/poseidon/workflows/casa-wind-workflow-full/submit/poseidon/pegasus/casa-wind-full/run0477/00/00/unzip_ID0000006.meta,/mnt/poseidon-data/poseidon/workflows/casa-wind-workflow-full/submit/poseidon/pegasus/casa-wind-full/run0477/00/00/unzip_ID0000036.meta,/mnt/poseidon-data/poseidon/workflows/casa-wind-workflow-full/submit/poseidon/pegasus/casa-wind-full/run0477/00/00/unzip_ID0000001.meta,/mnt/poseidon-data/poseidon/workflows/casa-wind-workflow-full/submit/poseidon/pegasus/casa-wind-full/run0477/00/00/unzip_ID0000091.meta --insert /mnt/poseidon-data/poseidon/workflows/casa-wind-workflow-full/submit/poseidon/pegasus/casa-wind-full/run0477/00/00/register_condorpool_0_1.in",3.0,0,0,,,,,,,,,
mvt_ID0000059,cpu_3,compute,0,1694508265.0,,,1694508270.0,1694508283.0,1694508296.0,33454986.8,1694508281.0,1694508376.0,1694508367.0,1694508370.0,9277.0,1694508376.0,1694508381.0,5.0,,11.0,95.0,5.0,13.0,177143652.0,3.0,28164.0,poseidon,condorpool,poseidon-worker-1-container-16-19,mvt,/opt/mvt/mvt,,39.6,0,0,0.0,833307.0,12288.0,539.0,3.0,36.0,0.1,13888.5,614.4
register_condorpool_0_2,None,auxiliary,0,1694508265.0,,,1694508290.0,,,0.0,1694508290.0,1694508295.0,,,0.0,1694508295.0,1694508300.0,25.0,,0.0,5.0,5.0,,,,,poseidon,local,poseidon-submit,pegasus::rc-client,/mnt/poseidon-data/poseidon/pegasus-5.1.0panorama/bin/pegasus-rc-client,"-n pegasus::rc-client -N null -R local  -L casa-wind-full -T 2023-09-08T07:29:05+00:00 /home/poseidon/pegasus-5.1.0panorama/bin/pegasus-rc-client --prefix pegasus.catalog.replica.output --conf /mnt/poseidon-data/poseidon/workflows/casa-wind-workflow-full/submit/poseidon/pegasus/casa-wind-full/run0477/pegasus.7330677257467472027.properties -v --meta /mnt/poseidon-data/poseidon/workflows/casa-wind-workflow-full/submit/poseidon/pegasus/casa-wind-full/run0477/00/00/unzip_ID0000026.meta,/mnt/poseidon-data/poseidon/workflows/casa-wind-workflow-full/submit/poseidon/pegasus/casa-wind-full/run0477/00/00/unzip_ID0000061.meta,/mnt/poseidon-data/poseidon/workflows/casa-wind-workflow-full/submit/poseidon/pegasus/casa-wind-full/run0477/00/00/unzip_ID0000071.meta,/mnt/poseidon-data/poseidon/workflows/casa-wind-workflow-full/submit/poseidon/pegasus/casa-wind-full/run0477/00/00/unzip_ID0000041.meta,/mnt/poseidon-data/poseidon/workflows/casa-wind-workflow-full/submit/poseidon/pegasus/casa-wind-full/run0477/00/00/unzip_ID0000016.meta,/mnt/poseidon-data/poseidon/workflows/casa-wind-workflow-full/submit/poseidon/pegasus/casa-wind-full/run0477/00/00/unzip_ID0000111.meta,/mnt/poseidon-data/poseidon/workflows/casa-wind-workflow-full/submit/poseidon/pegasus/casa-wind-full/run0477/00/00/unzip_ID0000011.meta,/mnt/poseidon-data/poseidon/workflows/casa-wind-workflow-full/submit/poseidon/pegasus/casa-wind-full/run0477/00/00/unzip_ID0000081.meta,/mnt/poseidon-data/poseidon/workflows/casa-wind-workflow-full/submit/poseidon/pegasus/casa-wind-full/run0477/00/00/unzip_ID0000066.meta,/mnt/poseidon-data/poseidon/workflows/casa-wind-workflow-full/submit/poseidon/pegasus/casa-wind-full/run0477/00/00/unzip_ID0000096.meta,/mnt/poseidon-data/poseidon/workflows/casa-wind-workflow-full/submit/poseidon/pegasus/casa-wind-full/run0477/00/00/unzip_ID0000051.meta,/mnt/poseidon-data/poseidon/workflows/casa-wind-workflow-full/submit/poseidon/pegasus/casa-wind-full/run0477/00/00/unzip_ID0000031.meta,/mnt/poseidon-data/poseidon/workflows/casa-wind-workflow-full/submit/poseidon/pegasus/casa-wind-full/run0477/00/00/unzip_ID0000116.meta,/mnt/poseidon-data/poseidon/workflows/casa-wind-workflow-full/submit/poseidon/pegasus/casa-wind-full/run0477/00/00/unzip_ID0000101.meta,/mnt/poseidon-data/poseidon/workflows/casa-wind-workflow-full/submit/poseidon/pegasus/casa-wind-full/run0477/00/00/unzip_ID0000121.meta,/mnt/poseidon-data/poseidon/workflows/casa-wind-workflow-full/submit/poseidon/pegasus/casa-wind-full/run0477/00/00/unzip_ID0000106.meta,/mnt/poseidon-data/poseidon/workflows/casa-wind-workflow-full/submit/poseidon/pegasus/casa-wind-full/run0477/00/00/unzip_ID0000046.meta,/mnt/poseidon-data/poseidon/workflows/casa-wind-workflow-full/submit/poseidon/pegasus/casa-wind-full/run0477/00/00/unzip_ID0000076.meta,/mnt/poseidon-data/poseidon/workflows/casa-wind-workflow-full/submit/poseidon/pegasus/casa-wind-full/run0477/00/00/unzip_ID0000056.meta,/mnt/poseidon-data/poseidon/workflows/casa-wind-workflow-full/submit/poseidon/pegasus/casa-wind-full/run0477/00/00/unzip_ID0000021.meta,/mnt/poseidon-data/poseidon/workflows/casa-wind-workflow-full/submit/poseidon/pegasus/casa-wind-full/run0477/00/00/unzip_ID0000086.meta,/mnt/poseidon-data/poseidon/workflows/casa-wind-workflow-full/submit/poseidon/pegasus/casa-wind-full/run0477/00/00/unzip_ID0000126.meta,/mnt/poseidon-data/poseidon/workflows/casa-wind-workflow-full/submit/poseidon/pegasus/casa-wind-full/run0477/00/00/unzip_ID0000006.meta,/mnt/poseidon-data/poseidon/workflows/casa-wind-workflow-full/submit/poseidon/pegasus/casa-wind-full/run0477/00/00/unzip_ID0000036.meta,/mnt/poseidon-data/poseidon/workflows/casa-wind-workflow-full/submit/poseidon/pegasus/casa-wind-full/run0477/00/00/unzip_ID0000001.meta,/mnt/poseidon-data/poseidon/workflows/casa-wind-workflow-full/submit/poseidon/pegasus/casa-wind-full/run0477/00/00/unzip_ID0000091.meta --insert /mnt/poseidon-data/poseidon/workflows/casa-wind-workflow-full/submit/poseidon/pegasus/casa-wind-full/run0477/00/00/register_condorpool_0_2.in",3.0,0,0,,,,,,,,,
post_vel_ID0000058,cpu_3,compute,0,1694508265.0,,,1694508270.0,1694508284.0,1694508296.0,28461476.7,1694508282.0,1694508310.0,1694508301.0,1694508304.0,3577.0,1694508310.0,1694508315.0,5.0,,12.0,28.0,5.0,12.0,177143937.0,3.0,10981.0,poseidon,condorpool,poseidon-worker-1-container-20-23,post_vel,/opt/netcdf2png/merged_netcdf2png,,0.1,0,0,,,,,,,,,
mvt_ID0000074,None,compute,0,1694508265.0,,,1694508270.0,1694508273.0,1694508284.0,34380366.0,1694508271.0,1694508340.0,1694508330.0,1694508333.0,12595.0,1694508340.0,1694508345.0,5.0,,1.0,69.0,5.0,11.0,177143652.0,3.0,38855.0,poseidon,condorpool,poseidon-worker-1-container-40-43,mvt,/opt/mvt/mvt,,39.7,0,0,0.0,857563.0,20480.0,578.0,5.0,39.0,0.1,21439.1,1024.0
post_vel_ID0000033,None,compute,0,1694508265.0,,,1694508270.0,1694508284.0,1694508297.0,29649542.0,1694508282.0,1694508315.0,1694508303.0,1694508306.0,3776.0,1694508315.0,1694508320.0,5.0,,12.0,33.0,5.0,13.0,177143937.0,3.0,11464.0,poseidon,condorpool,poseidon-worker-1-container-40-43,post_vel,/opt/netcdf2png/merged_netcdf2png,,0.1,0,0,,,,,,,,,
post_vel_ID0000028,None,compute,0,1694508265.0,,,1694508270.0,1694508273.0,1694508284.0,35156422.8,1694508271.0,1694508300.0,1694508290.0,1694508293.0,3742.0,1694508300.0,1694508305.0,5.0,,1.0,29.0,5.0,11.0,177143937.0,3.0,11529.0,poseidon,condorpool,poseidon-worker-1-container-28-31,post_vel,/opt/netcdf2png/merged_netcdf2png,,0.1,0,0,,,,,,,,,
mvt_ID0000099,cpu_3,compute,0,1694508265.0,,,1694508270.0,1694508273.0,1694508286.0,28218826.6,1694508271.0,1694508345.0,1694508332.0,1694508335.0,16523.0,1694508345.0,1694508350.0,5.0,,1.0,74.0,5.0,13.0,177143652.0,3.0,50118.0,poseidon,condorpool,poseidon-worker-1-container-0-3,mvt,/opt/mvt/mvt,,39.8,0,0,0.0,802326.0,28672.0,458.0,7.0,38.9,0.1,20058.2,1433.6
post_vel_ID0000098,cpu_3,compute,0,1694508265.0,,,1694508270.0,1694508273.0,1694508286.0,28894499.0,1694508271.0,1694508305.0,1694508292.0,1694508295.0,4390.0,1694508305.0,1694508310.0,5.0,,1.0,34.0,5.0,13.0,177143937.0,3.0,13355.0,poseidon,condorpool,poseidon-worker-2-container-8-11,post_vel,/opt/netcdf2png/merged_netcdf2png,,0.1,0,0,,,,,,,,,
post_vel_ID0000073,None,compute,0,1694508265.0,,,1694508270.0,1694508274.0,1694508285.0,34394621.0,1694508272.0,1694508300.0,1694508290.0,1694508294.0,3873.0,1694508300.0,1694508305.0,5.0,,2.0,28.0,5.0,11.0,177143937.0,4.0,11825.0,poseidon,condorpool,poseidon-worker-1-container-40-43,post_vel,/opt/netcdf2png/merged_netcdf2png,,0.1,0,0,,,,,,,,,
post_vel_ID0000083,None,compute,0,1694508265.0,,,1694508270.0,1694508283.0,1694508296.0,24986114.4,1694508281.0,1694508310.0,1694508301.0,1694508304.0,4159.0,1694508310.0,1694508315.0,5.0,,11.0,29.0,5.0,13.0,177143937.0,3.0,12720.0,poseidon,condorpool,poseidon-worker-1-container-32-35,post_vel,/opt/netcdf2png/merged_netcdf2png,,0.1,0,0,,,,,,,,,
mvt_ID0000084,cpu_3,compute,0,1694508265.0,,,1694508270.0,1694508284.0,1694508297.0,33049513.8,1694508282.0,1694508376.0,1694508367.0,1694508370.0,15708.0,1694508376.0,1694508381.0,5.0,,12.0,94.0,5.0,13.0,177143652.0,3.0,47998.0,poseidon,condorpool,poseidon-worker-1-container-44-47,mvt,/opt/mvt/mvt,,39.6,0,0,0.0,833305.0,24576.0,539.0,6.0,36.5,0.0,13888.4,819.2
mvt_ID0000024,cpu_3,compute,0,1694508265.0,,,1694508270.0,1694508284.0,1694508295.0,28452855.3,1694508282.0,1694508350.0,1694508340.0,1694508344.0,10077.0,1694508350.0,1694508355.0,5.0,,12.0,68.0,5.0,11.0,177143652.0,4.0,30705.0,poseidon,condorpool,poseidon-worker-1-container-12-15,mvt,/opt/mvt/mvt,,39.8,0,0,0.0,790486.0,16384.0,425.0,4.0,29.9,0.0,26349.5,819.2
post_vel_ID0000023,None,compute,0,1694508265.0,,,1694508270.0,1694508283.0,1694508294.0,29665006.0,1694508281.0,1694508310.0,1694508299.0,1694508302.0,3734.0,1694508310.0,1694508315.0,5.0,,11.0,29.0,5.0,11.0,177143937.0,3.0,11372.0,poseidon,condorpool,poseidon-worker-2-container-44-47,post_vel,/opt/netcdf2png/merged_netcdf2png,,0.1,0,0,,,,,,,,,
mvt_ID0000124,None,compute,0,1694508265.0,,,1694508270.0,1694508273.0,1694508284.0,34279720.4,1694508271.0,1694508340.0,1694508330.0,1694508333.0,23104.0,1694508340.0,1694508345.0,5.0,,1.0,69.0,5.0,11.0,177143652.0,3.0,70564.0,poseidon,condorpool,poseidon-worker-1-container-40-43,mvt,/opt/mvt/mvt,,40.4,0,0,0.0,857563.0,40960.0,578.0,10.0,39.8,0.1,21439.1,4096.0
post_vel_ID0000123,None,compute,0,1694508265.0,,,1694508270.0,1694508273.0,1694508284.0,29676124.0,1694508271.0,1694508300.0,1694508289.0,1694508292.0,4530.0,1694508300.0,1694508305.0,5.0,,1.0,29.0,5.0,11.0,177143937.0,3.0,14777.0,poseidon,condorpool,poseidon-worker-2-container-32-35,post_vel,/opt/netcdf2png/merged_netcdf2png,,0.1,0,0,,,,,,,,,
mvt_ID0000009,cpu_3,compute,0,1694508270.0,,,1694508275.0,1694508284.0,1694508297.0,24770880.0,1694508281.0,1694508350.0,1694508342.0,1694508345.0,11719.0,1694508350.0,1694508355.0,5.0,,6.0,69.0,5.0,13.0,177143652.0,3.0,35429.0,poseidon,condorpool,poseidon-worker-2-container-8-11,mvt,/opt/mvt/mvt,,39.8,0,0,0.0,790441.0,20480.0,425.0,5.0,29.9,0.1,26348.0,1024.0
post_vel_ID0000008,cpu_3,compute,0,1694508270.0,,,1694508275.0,1694508283.0,1694508300.0,16228162.0,1694508281.0,1694508315.0,1694508305.0,1694508308.0,3634.0,1694508315.0,1694508320.0,5.0,,6.0,34.0,5.0,17.0,177143937.0,3.0,10982.0,poseidon,condorpool,poseidon-worker-2-container-0-3,post_vel,/opt/netcdf2png/merged_netcdf2png,,0.1,0,0,,,,,,,,,
mvt_ID0000109,None,compute,0,1694508270.0,,,1694508275.0,1694508283.0,1694508294.0,31605041.8,1694508281.0,1694508350.0,1694508339.0,1694508342.0,19535.0,1694508350.0,1694508355.0,5.0,,6.0,69.0,5.0,11.0,177143652.0,3.0,59954.0,poseidon,condorpool,poseidon-worker-1-container-28-31,mvt,/opt/mvt/mvt,,39.3,0,0,0.0,790594.0,32768.0,425.0,8.0,29.9,0.1,26353.1,1638.4
post_vel_ID0000108,None,compute,0,1694508270.0,,,1694508275.0,1694508283.0,1694508295.0,31391964.0,1694508281.0,1694508310.0,1694508300.0,1694508303.0,4525.0,1694508310.0,1694508315.0,5.0,,6.0,29.0,5.0,12.0,177143937.0,3.0,13907.0,poseidon,condorpool,poseidon-worker-2-container-40-43,post_vel,/opt/netcdf2png/merged_netcdf2png,,0.1,0,0,,,,,,,,,
stage_out_local_condorpool_1_2,None,transfer,0,1694508270.0,,,1694508275.0,,,0.0,1694508276.0,1694508285.0,,,0.0,1694508285.0,1694508290.0,5.0,,1.0,9.0,5.0,,,,,poseidon,local,poseidon-submit,pegasus::transfer,/mnt/poseidon-data/poseidon/pegasus-5.1.0panorama/bin/pegasus-transfer,/home/poseidon/pegasus-5.1.0panorama/bin/../bin/pegasus-kickstart  -n pegasus::transfer -N null -i - -R local  -L casa-wind-full -T 2023-09-08T07:29:05+00:00 /home/poseidon/pegasus-5.1.0panorama/bin/../bin/pegasus-transfer  --threads 2,0.8,0,0,,,,,,,,,
post_vel_ID0000063,None,compute,0,1694508270.0,,,1694508275.0,1694508284.0,1694508295.0,31333448.4,1694508282.0,1694508310.0,1694508301.0,1694508304.0,3779.0,1694508310.0,1694508315.0,5.0,,7.0,28.0,5.0,11.0,177143937.0,3.0,11628.0,poseidon,condorpool,poseidon-worker-1-container-36-39,post_vel,/opt/netcdf2png/merged_netcdf2png,,0.1,0,0,,,,,,,,,
post_vel_ID0000103,None,compute,0,1694508270.0,,,1694508275.0,1694508283.0,1694508295.0,28650355.4,1694508281.0,1694508310.0,1694508300.0,1694508303.0,4482.0,1694508310.0,1694508315.0,5.0,,6.0,29.0,5.0,12.0,177143937.0,3.0,13815.0,poseidon,condorpool,poseidon-worker-2-container-36-39,post_vel,/opt/netcdf2png/merged_netcdf2png,,0.2,0,0,,,,,,,,,
mvt_ID0000104,None,compute,0,1694508270.0,,,1694508275.0,1694508283.0,1694508294.0,35409796.0,1694508281.0,1694508350.0,1694508338.0,1694508341.0,19471.0,1694508350.0,1694508355.0,5.0,,6.0,69.0,5.0,11.0,177143652.0,3.0,59590.0,poseidon,condorpool,poseidon-worker-2-container-24-27,mvt,/opt/mvt/mvt,,38.2,0,0,0.0,819373.0,32768.0,488.0,8.0,29.9,0.1,27312.4,3276.8
stage_out_local_condorpool_1_1,None,transfer,0,1694508270.0,,,1694508275.0,,,0.0,1694508276.0,1694508285.0,,,0.0,1694508285.0,1694508290.0,5.0,,1.0,9.0,5.0,,,,,poseidon,local,poseidon-submit,pegasus::transfer,/mnt/poseidon-data/poseidon/pegasus-5.1.0panorama/bin/pegasus-transfer,/home/poseidon/pegasus-5.1.0panorama/bin/../bin/pegasus-kickstart  -n pegasus::transfer -N null -i - -R local  -L casa-wind-full -T 2023-09-08T07:29:05+00:00 /home/poseidon/pegasus-5.1.0panorama/bin/../bin/pegasus-transfer  --threads 2,0.9,0,0,,,,,,,,,
post_vel_ID0000003,None,compute,0,1694508270.0,,,1694508275.0,1694508283.0,1694508295.0,31853811.0,1694508281.0,1694508310.0,1694508300.0,1694508303.0,3562.0,1694508310.0,1694508315.0,5.0,,6.0,29.0,5.0,12.0,177143937.0,3.0,10865.0,poseidon,condorpool,poseidon-worker-2-container-28-31,post_vel,/opt/netcdf2png/merged_netcdf2png,,0.1,0,0,,,,,,,,,
mvt_ID0000004,cpu_3,compute,0,1694508270.0,,,1694508275.0,1694508285.0,1694508298.0,34086161.4,1694508283.0,1694508381.0,1694508368.0,1694508371.0,9429.0,1694508381.0,1694508386.0,5.0,,8.0,98.0,5.0,13.0,177143652.0,3.0,28781.0,poseidon,condorpool,poseidon-worker-1-container-4-7,mvt,/opt/mvt/mvt,,39.6,0,0,0.0,833208.0,16384.0,539.0,4.0,36.6,0.1,13886.8,819.2
post_vel_ID0000118,None,compute,0,1694508270.0,,,1694508275.0,1694508284.0,1694508295.0,28055533.8,1694508282.0,1694508310.0,1694508301.0,1694508304.0,4665.0,1694508310.0,1694508315.0,5.0,,7.0,28.0,5.0,11.0,177143937.0,3.0,14402.0,poseidon,condorpool,poseidon-worker-2-container-4-7,post_vel,/opt/netcdf2png/merged_netcdf2png,,0.1,0,0,,,,,,,,,
mvt_ID0000014,None,compute,0,1694508270.0,,,1694508275.0,1694508283.0,1694508295.0,28699598.8,1694508281.0,1694508350.0,1694508339.0,1694508343.0,10454.0,1694508350.0,1694508355.0,5.0,,6.0,69.0,5.0,12.0,177143652.0,4.0,31991.0,poseidon,condorpool,poseidon-worker-1-container-24-27,mvt,/opt/mvt/mvt,,39.3,0,0,0.0,790594.0,16384.0,425.0,4.0,29.9,0.1,26353.1,819.2
post_vel_ID0000013,None,compute,0,1694508270.0,,,1694508275.0,1694508284.0,1694508295.0,31678052.0,1694508282.0,1694508310.0,1694508300.0,1694508303.0,3564.0,1694508310.0,1694508315.0,5.0,,7.0,28.0,5.0,11.0,177143937.0,3.0,11040.0,poseidon,condorpool,poseidon-worker-2-container-32-35,post_vel,/opt/netcdf2png/merged_netcdf2png,,0.1,0,0,,,,,,,,,
mvt_ID0000119,cpu_3,compute,0,1694508270.0,,,1694508275.0,1694508283.0,1694508298.0,18314702.8,1694508281.0,1694508355.0,1694508343.0,1694508346.0,21367.0,1694508355.0,1694508360.0,5.0,,6.0,74.0,5.0,15.0,177143652.0,3.0,65525.0,poseidon,condorpool,poseidon-worker-2-container-16-19,mvt,/opt/mvt/mvt,,39.8,0,0,0.0,790298.0,36864.0,425.0,9.0,29.9,0.1,26343.3,3686.4
mvt_ID0000064,cpu_3,compute,0,1694508270.0,,,1694508275.0,1694508286.0,1694508299.0,33031986.0,1694508281.0,1694508376.0,1694508363.0,1694508367.0,10158.0,1694508376.0,1694508381.0,5.0,,6.0,95.0,5.0,13.0,177143652.0,4.0,31148.0,poseidon,condorpool,poseidon-worker-2-container-20-23,mvt,/opt/mvt/mvt,,39.2,0,0,0.0,829519.0,16384.0,524.0,4.0,31.2,0.0,16590.4,546.1
post_vel_ID0000113,cpu_3,compute,0,1694508270.0,,,1694508275.0,1694508283.0,1694508296.0,33632316.4,1694508281.0,1694508315.0,1694508302.0,1694508305.0,4574.0,1694508315.0,1694508320.0,5.0,,6.0,34.0,5.0,13.0,177143937.0,3.0,14745.0,poseidon,condorpool,poseidon-worker-1-container-0-3,post_vel,/opt/netcdf2png/merged_netcdf2png,,0.1,0,0,,,,,,,,,
mvt_ID0000114,None,compute,0,1694508270.0,,,1694508275.0,1694508284.0,1694508303.0,13583106.2,1694508283.0,1694508360.0,1694508346.0,1694508349.0,23777.0,1694508360.0,1694508365.0,5.0,,8.0,77.0,5.0,19.0,177143652.0,3.0,73234.0,poseidon,condorpool,poseidon-worker-2-container-12-15,mvt,/opt/mvt/mvt,,38.1,0,0,0.0,791980.0,40960.0,428.0,10.0,29.9,0.1,26399.3,4096.0
stage_out_local_condorpool_1_0,None,transfer,0,1694508275.0,,,1694508280.0,,,0.0,1694508281.0,1694508290.0,,,0.0,1694508290.0,1694508295.0,5.0,,1.0,9.0,5.0,,,,,poseidon,local,poseidon-submit,pegasus::transfer,/mnt/poseidon-data/poseidon/pegasus-5.1.0panorama/bin/pegasus-transfer,/home/poseidon/pegasus-5.1.0panorama/bin/../bin/pegasus-kickstart  -n pegasus::transfer -N null -i - -R local  -L casa-wind-full -T 2023-09-08T07:29:05+00:00 /home/poseidon/pegasus-5.1.0panorama/bin/../bin/pegasus-transfer  --threads 2,0.9,0,0,,,,,,,,,
post_vel_ID0000043,cpu_3,compute,0,1694508275.0,,,1694508280.0,1694508289.0,1694508301.0,33703697.6,1694508288.0,1694508315.0,1694508306.0,1694508309.0,3660.0,1694508315.0,1694508320.0,5.0,,8.0,27.0,5.0,12.0,177143937.0,3.0,11050.0,poseidon,condorpool,poseidon-worker-1-container-20-23,post_vel,/opt/netcdf2png/merged_netcdf2png,,0.1,0,0,,,,,,,,,
mvt_ID0000044,None,compute,0,1694508275.0,,,1694508280.0,1694508289.0,1694508300.0,33675351.8,1694508288.0,1694508355.0,1694508345.0,1694508348.0,9187.0,1694508355.0,1694508360.0,5.0,,8.0,67.0,5.0,11.0,177143652.0,3.0,28113.0,poseidon,condorpool,poseidon-worker-2-container-44-47,mvt,/opt/mvt/mvt,,39.6,0,0,0.0,819458.0,12288.0,488.0,3.0,29.9,0.1,27315.3,1228.8
register_condorpool_1_2,None,auxiliary,0,1694508290.0,,,1694508300.0,,,0.0,1694508301.0,1694508305.0,,,0.0,1694508305.0,1694508310.0,10.0,,1.0,4.0,5.0,,,,,poseidon,local,poseidon-submit,pegasus::rc-client,/mnt/poseidon-data/poseidon/pegasus-5.1.0panorama/bin/pegasus-rc-client,"-n pegasus::rc-client -N null -R local  -L casa-wind-full -T 2023-09-08T07:29:05+00:00 /home/poseidon/pegasus-5.1.0panorama/bin/pegasus-rc-client --prefix pegasus.catalog.replica.output --conf /mnt/poseidon-data/poseidon/workflows/casa-wind-workflow-full/submit/poseidon/pegasus/casa-wind-full/run0477/pegasus.7330677257467472027.properties -v --meta /mnt/poseidon-data/poseidon/workflows/casa-wind-workflow-full/submit/poseidon/pegasus/casa-wind-full/run0477/00/00/um_vel_ID0000117.meta,/mnt/poseidon-data/poseidon/workflows/casa-wind-workflow-full/submit/poseidon/pegasus/casa-wind-full/run0477/00/01/um_vel_ID0000052.meta,/mnt/poseidon-data/poseidon/workflows/casa-wind-workflow-full/submit/poseidon/pegasus/casa-wind-full/run0477/00/00/um_vel_ID0000002.meta,/mnt/poseidon-data/poseidon/workflows/casa-wind-workflow-full/submit/poseidon/pegasus/casa-wind-full/run0477/00/00/um_vel_ID0000012.meta,/mnt/poseidon-data/poseidon/workflows/casa-wind-workflow-full/submit/poseidon/pegasus/casa-wind-full/run0477/00/00/um_vel_ID0000032.meta,/mnt/poseidon-data/poseidon/workflows/casa-wind-workflow-full/submit/poseidon/pegasus/casa-wind-full/run0477/00/01/um_vel_ID0000062.meta,/mnt/poseidon-data/poseidon/workflows/casa-wind-workflow-full/submit/poseidon/pegasus/casa-wind-full/run0477/00/01/um_vel_ID0000112.meta,/mnt/poseidon-data/poseidon/workflows/casa-wind-workflow-full/submit/poseidon/pegasus/casa-wind-full/run0477/00/01/um_vel_ID0000107.meta --insert /mnt/poseidon-data/poseidon/workflows/casa-wind-workflow-full/submit/poseidon/pegasus/casa-wind-full/run0477/00/01/register_condorpool_1_2.in",2.6,0,0,,,,,,,,,
register_condorpool_1_1,None,auxiliary,0,1694508290.0,,,1694508310.0,,,0.0,1694508310.0,1694508315.0,,,0.0,1694508315.0,1694508320.0,20.0,,0.0,5.0,5.0,,,,,poseidon,local,poseidon-submit,pegasus::rc-client,/mnt/poseidon-data/poseidon/pegasus-5.1.0panorama/bin/pegasus-rc-client,"-n pegasus::rc-client -N null -R local  -L casa-wind-full -T 2023-09-08T07:29:05+00:00 /home/poseidon/pegasus-5.1.0panorama/bin/pegasus-rc-client --prefix pegasus.catalog.replica.output --conf /mnt/poseidon-data/poseidon/workflows/casa-wind-workflow-full/submit/poseidon/pegasus/casa-wind-full/run0477/pegasus.7330677257467472027.properties -v --meta /mnt/poseidon-data/poseidon/workflows/casa-wind-workflow-full/submit/poseidon/pegasus/casa-wind-full/run0477/00/00/um_vel_ID0000017.meta,/mnt/poseidon-data/poseidon/workflows/casa-wind-workflow-full/submit/poseidon/pegasus/casa-wind-full/run0477/00/01/um_vel_ID0000037.meta,/mnt/poseidon-data/poseidon/workflows/casa-wind-workflow-full/submit/poseidon/pegasus/casa-wind-full/run0477/00/00/um_vel_ID0000082.meta,/mnt/poseidon-data/poseidon/workflows/casa-wind-workflow-full/submit/poseidon/pegasus/casa-wind-full/run0477/00/00/um_vel_ID0000097.meta,/mnt/poseidon-data/poseidon/workflows/casa-wind-workflow-full/submit/poseidon/pegasus/casa-wind-full/run0477/00/01/um_vel_ID0000047.meta,/mnt/poseidon-data/poseidon/workflows/casa-wind-workflow-full/submit/poseidon/pegasus/casa-wind-full/run0477/00/00/um_vel_ID0000087.meta,/mnt/poseidon-data/poseidon/workflows/casa-wind-workflow-full/submit/poseidon/pegasus/casa-wind-full/run0477/00/01/um_vel_ID0000007.meta,/mnt/poseidon-data/poseidon/workflows/casa-wind-workflow-full/submit/poseidon/pegasus/casa-wind-full/run0477/00/01/um_vel_ID0000072.meta,/mnt/poseidon-data/poseidon/workflows/casa-wind-workflow-full/submit/poseidon/pegasus/casa-wind-full/run0477/00/01/um_vel_ID0000102.meta --insert /mnt/poseidon-data/poseidon/workflows/casa-wind-workflow-full/submit/poseidon/pegasus/casa-wind-full/run0477/00/01/register_condorpool_1_1.in",2.6,0,0,,,,,,,,,
register_condorpool_1_0,None,auxiliary,0,1694508295.0,,,1694508320.0,,,0.0,1694508321.0,1694508325.0,,,0.0,1694508325.0,1694508330.0,25.0,,1.0,4.0,5.0,,,,,poseidon,local,poseidon-submit,pegasus::rc-client,/mnt/poseidon-data/poseidon/pegasus-5.1.0panorama/bin/pegasus-rc-client,"-n pegasus::rc-client -N null -R local  -L casa-wind-full -T 2023-09-08T07:29:05+00:00 /home/poseidon/pegasus-5.1.0panorama/bin/pegasus-rc-client --prefix pegasus.catalog.replica.output --conf /mnt/poseidon-data/poseidon/workflows/casa-wind-workflow-full/submit/poseidon/pegasus/casa-wind-full/run0477/pegasus.7330677257467472027.properties -v --meta /mnt/poseidon-data/poseidon/workflows/casa-wind-workflow-full/submit/poseidon/pegasus/casa-wind-full/run0477/00/01/um_vel_ID0000067.meta,/mnt/poseidon-data/poseidon/workflows/casa-wind-workflow-full/submit/poseidon/pegasus/casa-wind-full/run0477/00/00/um_vel_ID0000127.meta,/mnt/poseidon-data/poseidon/workflows/casa-wind-workflow-full/submit/poseidon/pegasus/casa-wind-full/run0477/00/00/um_vel_ID0000122.meta,/mnt/poseidon-data/poseidon/workflows/casa-wind-workflow-full/submit/poseidon/pegasus/casa-wind-full/run0477/00/00/um_vel_ID0000092.meta,/mnt/poseidon-data/poseidon/workflows/casa-wind-workflow-full/submit/poseidon/pegasus/casa-wind-full/run0477/00/01/um_vel_ID0000077.meta,/mnt/poseidon-data/poseidon/workflows/casa-wind-workflow-full/submit/poseidon/pegasus/casa-wind-full/run0477/00/01/um_vel_ID0000057.meta,/mnt/poseidon-data/poseidon/workflows/casa-wind-workflow-full/submit/poseidon/pegasus/casa-wind-full/run0477/00/00/um_vel_ID0000027.meta,/mnt/poseidon-data/poseidon/workflows/casa-wind-workflow-full/submit/poseidon/pegasus/casa-wind-full/run0477/00/01/um_vel_ID0000042.meta,/mnt/poseidon-data/poseidon/workflows/casa-wind-workflow-full/submit/poseidon/pegasus/casa-wind-full/run0477/00/00/um_vel_ID0000022.meta --insert /mnt/poseidon-data/poseidon/workflows/casa-wind-workflow-full/submit/poseidon/pegasus/casa-wind-full/run0477/00/01/register_condorpool_1_0.in",2.6,0,0,,,,,,,,,
point_alert_ID0000090,cpu_3,compute,0,1694508335.0,,,1694508340.0,1694508343.0,1694508353.0,29686401.5,1694508341.0,1694508371.0,1694508359.0,1694508362.0,6788.0,1694508371.0,1694508376.0,5.0,,1.0,30.0,5.0,10.0,176656458.0,3.0,20638.0,poseidon,condorpool,poseidon-worker-1-container-20-23,point_alert,/opt/pointAlert/pointAlert,,0.0,0,0,,,,,,,,,
point_alert_ID0000080,None,compute,0,1694508335.0,,,1694508340.0,1694508343.0,1694508354.0,29888463.8,1694508341.0,1694508371.0,1694508359.0,1694508363.0,6597.0,1694508371.0,1694508376.0,5.0,,1.0,30.0,5.0,11.0,176653320.0,4.0,20718.0,poseidon,condorpool,poseidon-worker-2-container-28-31,point_alert,/opt/pointAlert/pointAlert,,0.0,0,0,,,,,,,,,
point_alert_ID0000020,None,compute,0,1694508335.0,,,1694508340.0,1694508343.0,1694508354.0,29764899.6,1694508341.0,1694508371.0,1694508359.0,1694508363.0,6527.0,1694508371.0,1694508376.0,5.0,,1.0,30.0,5.0,11.0,176644228.0,4.0,20478.0,poseidon,condorpool,poseidon-worker-2-container-36-39,point_alert,/opt/pointAlert/pointAlert,,0.0,0,0,,,,,,,,,
point_alert_ID0000055,None,compute,0,1694508340.0,,,1694508345.0,1694508348.0,1694508359.0,34980683.4,1694508346.0,1694508376.0,1694508364.0,1694508367.0,6529.0,1694508376.0,1694508381.0,5.0,,1.0,30.0,5.0,11.0,176636535.0,3.0,20638.0,poseidon,condorpool,poseidon-worker-2-container-36-39,point_alert,/opt/pointAlert/pointAlert,,0.0,0,0,,,,,,,,,
stage_out_local_condorpool_2_4,None,transfer,0,1694508340.0,,,1694508345.0,,,0.0,1694508346.0,1694508350.0,,,0.0,1694508350.0,1694508355.0,5.0,,1.0,4.0,5.0,,,,,poseidon,local,poseidon-submit,pegasus::transfer,/mnt/poseidon-data/poseidon/pegasus-5.1.0panorama/bin/pegasus-transfer,/home/poseidon/pegasus-5.1.0panorama/bin/../bin/pegasus-kickstart  -n pegasus::transfer -N null -i - -R local  -L casa-wind-full -T 2023-09-08T07:29:05+00:00 /home/poseidon/pegasus-5.1.0panorama/bin/../bin/pegasus-transfer  --threads 2,0.8,0,0,,,,,,,,,
point_alert_ID0000095,None,compute,0,1694508340.0,,,1694508345.0,1694508348.0,1694508359.0,34435333.2,1694508346.0,1694508376.0,1694508364.0,1694508367.0,6589.0,1694508376.0,1694508381.0,5.0,,1.0,30.0,5.0,11.0,176660390.0,3.0,20718.0,poseidon,condorpool,poseidon-worker-2-container-40-43,point_alert,/opt/pointAlert/pointAlert,,0.0,0,0,,,,,,,,,
point_alert_ID0000075,cpu_3,compute,0,1694508345.0,,,1694508350.0,1694508356.0,1694508367.0,33493320.6,1694508352.0,1694508386.0,1694508373.0,1694508376.0,6711.0,1694508386.0,1694508391.0,5.0,,2.0,34.0,5.0,11.0,176646838.0,3.0,20558.0,poseidon,condorpool,poseidon-worker-2-container-20-23,point_alert,/opt/pointAlert/pointAlert,,0.0,0,0,,,,,,,,,
point_alert_ID0000125,None,compute,0,1694508345.0,,,1694508350.0,1694508353.0,1694508364.0,34940381.0,1694508352.0,1694508381.0,1694508369.0,1694508372.0,7516.0,1694508381.0,1694508386.0,5.0,,2.0,29.0,5.0,11.0,176678547.0,3.0,22878.0,poseidon,condorpool,poseidon-worker-1-container-28-31,point_alert,/opt/pointAlert/pointAlert,,0.0,0,0,,,,,,,,,
point_alert_ID0000030,None,compute,0,1694508345.0,,,1694508350.0,1694508353.0,1694508364.0,29870645.5,1694508352.0,1694508381.0,1694508369.0,1694508372.0,6594.0,1694508381.0,1694508386.0,5.0,,2.0,29.0,5.0,11.0,176646324.0,3.0,20158.0,poseidon,condorpool,poseidon-worker-1-container-8-11,point_alert,/opt/pointAlert/pointAlert,,0.0,0,0,,,,,,,,,
point_alert_ID0000100,None,compute,0,1694508350.0,,,1694508355.0,1694508357.0,1694508368.0,29666921.0,1694508356.0,1694508386.0,1694508374.0,1694508377.0,6777.0,1694508386.0,1694508391.0,5.0,,1.0,30.0,5.0,11.0,176658101.0,3.0,20638.0,poseidon,condorpool,poseidon-worker-2-container-44-47,point_alert,/opt/pointAlert/pointAlert,,0.0,0,0,,,,,,,,,
point_alert_ID0000015,cpu_3,compute,0,1694508355.0,,,1694508360.0,1694508363.0,1694508374.0,32417788.2,1694508361.0,1694508391.0,1694508379.0,1694508382.0,6656.0,1694508391.0,1694508396.0,5.0,,1.0,30.0,5.0,11.0,176639974.0,3.0,20558.0,poseidon,condorpool,poseidon-worker-2-container-16-19,point_alert,/opt/pointAlert/pointAlert,,0.0,0,0,,,,,,,,,
point_alert_ID0000035,cpu_3,compute,0,1694508355.0,,,1694508360.0,1694508363.0,1694508374.0,34139581.0,1694508361.0,1694508391.0,1694508379.0,1694508382.0,6553.0,1694508391.0,1694508396.0,5.0,,1.0,30.0,5.0,11.0,176638959.0,3.0,20078.0,poseidon,condorpool,poseidon-worker-1-container-12-15,point_alert,/opt/pointAlert/pointAlert,,0.0,0,0,,,,,,,,,
point_alert_ID0000025,cpu_3,compute,0,1694508355.0,,,1694508360.0,1694508366.0,1694508377.0,28918617.0,1694508361.0,1694508391.0,1694508382.0,1694508385.0,6557.0,1694508391.0,1694508396.0,5.0,,1.0,30.0,5.0,11.0,176638688.0,3.0,20078.0,poseidon,condorpool,poseidon-worker-1-container-16-19,point_alert,/opt/pointAlert/pointAlert,,0.0,0,0,,,,,,,,,
point_alert_ID0000070,cpu_3,compute,0,1694508355.0,,,1694508360.0,1694508366.0,1694508377.0,34328348.8,1694508361.0,1694508391.0,1694508382.0,1694508385.0,6776.0,1694508391.0,1694508396.0,5.0,,1.0,30.0,5.0,11.0,176643292.0,3.0,20558.0,poseidon,condorpool,poseidon-worker-1-container-4-7,point_alert,/opt/pointAlert/pointAlert,,0.0,0,0,,,,,,,,,
point_alert_ID0000010,None,compute,0,1694508355.0,,,1694508360.0,1694508363.0,1694508374.0,31688007.2,1694508361.0,1694508391.0,1694508379.0,1694508382.0,6712.0,1694508391.0,1694508396.0,5.0,,1.0,30.0,5.0,11.0,176643412.0,3.0,20478.0,poseidon,condorpool,poseidon-worker-2-container-12-15,point_alert,/opt/pointAlert/pointAlert,,0.0,0,0,,,,,,,,,
register_condorpool_2_4,None,auxiliary,0,1694508355.0,,,1694508360.0,,,0.0,1694508361.0,1694508365.0,,,0.0,1694508365.0,1694508371.0,5.0,,1.0,4.0,6.0,,,,,poseidon,local,poseidon-submit,pegasus::rc-client,/mnt/poseidon-data/poseidon/pegasus-5.1.0panorama/bin/pegasus-rc-client,"-n pegasus::rc-client -N null -R local  -L casa-wind-full -T 2023-09-08T07:29:05+00:00 /home/poseidon/pegasus-5.1.0panorama/bin/pegasus-rc-client --prefix pegasus.catalog.replica.output --conf /mnt/poseidon-data/poseidon/workflows/casa-wind-workflow-full/submit/poseidon/pegasus/casa-wind-full/run0477/pegasus.7330677257467472027.properties -v --meta /mnt/poseidon-data/poseidon/workflows/casa-wind-workflow-full/submit/poseidon/pegasus/casa-wind-full/run0477/00/02/post_vel_ID0000108.meta,/mnt/poseidon-data/poseidon/workflows/casa-wind-workflow-full/submit/poseidon/pegasus/casa-wind-full/run0477/00/01/post_vel_ID0000063.meta,/mnt/poseidon-data/poseidon/workflows/casa-wind-workflow-full/submit/poseidon/pegasus/casa-wind-full/run0477/00/01/post_vel_ID0000013.meta,/mnt/poseidon-data/poseidon/workflows/casa-wind-workflow-full/submit/poseidon/pegasus/casa-wind-full/run0477/00/02/mvt_ID0000054.meta,/mnt/poseidon-data/poseidon/workflows/casa-wind-workflow-full/submit/poseidon/pegasus/casa-wind-full/run0477/00/01/post_vel_ID0000033.meta,/mnt/poseidon-data/poseidon/workflows/casa-wind-workflow-full/submit/poseidon/pegasus/casa-wind-full/run0477/00/02/post_vel_ID0000113.meta,/mnt/poseidon-data/poseidon/workflows/casa-wind-workflow-full/submit/poseidon/pegasus/casa-wind-full/run0477/00/01/post_vel_ID0000003.meta,/mnt/poseidon-data/poseidon/workflows/casa-wind-workflow-full/submit/poseidon/pegasus/casa-wind-full/run0477/00/01/post_vel_ID0000118.meta --insert /mnt/poseidon-data/poseidon/workflows/casa-wind-workflow-full/submit/poseidon/pegasus/casa-wind-full/run0477/00/02/register_condorpool_2_4.in",2.6,0,0,,,,,,,,,
point_alert_ID0000110,cpu_3,compute,0,1694508355.0,,,1694508360.0,1694508366.0,1694508377.0,34154410.6,1694508361.0,1694508391.0,1694508382.0,1694508385.0,6885.0,1694508391.0,1694508396.0,5.0,,1.0,30.0,5.0,11.0,176667937.0,3.0,21038.0,poseidon,condorpool,poseidon-worker-1-container-44-47,point_alert,/opt/pointAlert/pointAlert,,0.0,0,0,,,,,,,,,
point_alert_ID0000105,None,compute,0,1694508355.0,,,1694508360.0,1694508363.0,1694508374.0,29621564.5,1694508361.0,1694508391.0,1694508379.0,1694508382.0,6899.0,1694508391.0,1694508396.0,5.0,,1.0,30.0,5.0,11.0,176667573.0,3.0,21278.0,poseidon,condorpool,poseidon-worker-1-container-24-27,point_alert,/opt/pointAlert/pointAlert,,0.0,0,0,,,,,,,,,
point_alert_ID0000120,None,compute,0,1694508360.0,,,1694508365.0,1694508368.0,1694508379.0,29479662.5,1694508366.0,1694508396.0,1694508384.0,1694508387.0,7199.0,1694508396.0,1694508401.0,5.0,,1.0,30.0,5.0,11.0,176673508.0,3.0,21998.0,poseidon,condorpool,poseidon-worker-2-container-24-27,point_alert,/opt/pointAlert/pointAlert,,0.0,0,0,,,,,,,,,
point_alert_ID0000045,cpu_3,compute,0,1694508360.0,,,1694508365.0,1694508368.0,1694508379.0,32486605.8,1694508366.0,1694508396.0,1694508384.0,1694508387.0,6809.0,1694508396.0,1694508401.0,5.0,,1.0,30.0,5.0,11.0,176636096.0,3.0,20798.0,poseidon,condorpool,poseidon-worker-2-container-8-11,point_alert,/opt/pointAlert/pointAlert,,0.0,0,0,,,,,,,,,
stage_out_local_condorpool_2_2,None,transfer,0,1694508365.0,,,1694508370.0,,,0.0,1694508371.0,1694508376.0,,,0.0,1694508376.0,1694508381.0,5.0,,1.0,5.0,5.0,,,,,poseidon,local,poseidon-submit,pegasus::transfer,/mnt/poseidon-data/poseidon/pegasus-5.1.0panorama/bin/pegasus-transfer,/home/poseidon/pegasus-5.1.0panorama/bin/../bin/pegasus-kickstart  -n pegasus::transfer -N null -i - -R local  -L casa-wind-full -T 2023-09-08T07:29:05+00:00 /home/poseidon/pegasus-5.1.0panorama/bin/../bin/pegasus-transfer  --threads 2,0.9,0,0,,,,,,,,,
point_alert_ID0000050,None,compute,0,1694508365.0,,,1694508370.0,1694508374.0,1694508385.0,34010092.6,1694508372.0,1694508401.0,1694508390.0,1694508393.0,6823.0,1694508401.0,1694508406.0,5.0,,2.0,29.0,5.0,11.0,176632091.0,3.0,20878.0,poseidon,condorpool,poseidon-worker-2-container-36-39,point_alert,/opt/pointAlert/pointAlert,,0.0,0,0,,,,,,,,,
point_alert_ID0000040,None,compute,0,1694508365.0,,,1694508370.0,1694508374.0,1694508384.0,29509480.5,1694508372.0,1694508401.0,1694508390.0,1694508393.0,6653.0,1694508401.0,1694508406.0,5.0,,2.0,29.0,5.0,10.0,176642369.0,3.0,20558.0,poseidon,condorpool,poseidon-worker-2-container-28-31,point_alert,/opt/pointAlert/pointAlert,,0.0,0,0,,,,,,,,,
stage_out_local_condorpool_2_0,None,transfer,0,1694508365.0,,,1694508370.0,,,0.0,1694508371.0,1694508376.0,,,0.0,1694508376.0,1694508381.0,5.0,,1.0,5.0,5.0,,,,,poseidon,local,poseidon-submit,pegasus::transfer,/mnt/poseidon-data/poseidon/pegasus-5.1.0panorama/bin/pegasus-transfer,/home/poseidon/pegasus-5.1.0panorama/bin/../bin/pegasus-kickstart  -n pegasus::transfer -N null -i - -R local  -L casa-wind-full -T 2023-09-08T07:29:05+00:00 /home/poseidon/pegasus-5.1.0panorama/bin/../bin/pegasus-transfer  --threads 2,0.9,0,0,,,,,,,,,
point_alert_ID0000130,cpu_3,compute,0,1694508365.0,,,1694508370.0,1694508375.0,1694508385.0,29668071.5,1694508373.0,1694508401.0,1694508390.0,1694508394.0,7563.0,1694508401.0,1694508406.0,5.0,,3.0,28.0,5.0,10.0,176672472.0,4.0,23118.0,poseidon,condorpool,poseidon-worker-2-container-20-23,point_alert,/opt/pointAlert/pointAlert,,0.0,0,0,,,,,,,,,
point_alert_ID0000115,cpu_3,compute,0,1694508365.0,,,1694508370.0,1694508373.0,1694508384.0,29647425.0,1694508372.0,1694508401.0,1694508389.0,1694508392.0,7023.0,1694508401.0,1694508406.0,5.0,,2.0,29.0,5.0,11.0,176681217.0,3.0,21598.0,poseidon,condorpool,poseidon-worker-1-container-20-23,point_alert,/opt/pointAlert/pointAlert,,0.0,0,0,,,,,,,,,
point_alert_ID0000060,None,compute,0,1694508381.0,,,1694508386.0,1694508389.0,1694508400.0,29595519.0,1694508387.0,1694508416.0,1694508405.0,1694508408.0,6649.0,1694508416.0,1694508421.0,5.0,,1.0,29.0,5.0,11.0,176636147.0,3.0,20878.0,poseidon,condorpool,poseidon-worker-1-container-28-31,point_alert,/opt/pointAlert/pointAlert,,0.0,0,0,,,,,,,,,
point_alert_ID0000065,None,compute,0,1694508381.0,,,1694508386.0,1694508389.0,1694508400.0,29828800.0,1694508387.0,1694508416.0,1694508405.0,1694508408.0,6297.0,1694508416.0,1694508421.0,5.0,,1.0,29.0,5.0,11.0,176639131.0,3.0,20238.0,poseidon,condorpool,poseidon-worker-1-container-8-11,point_alert,/opt/pointAlert/pointAlert,,0.0,0,0,,,,,,,,,
stage_out_local_condorpool_2_3,None,transfer,0,1694508381.0,,,1694508386.0,,,0.0,1694508387.0,1694508391.0,,,0.0,1694508391.0,1694508396.0,5.0,,1.0,4.0,5.0,,,,,poseidon,local,poseidon-submit,pegasus::transfer,/mnt/poseidon-data/poseidon/pegasus-5.1.0panorama/bin/pegasus-transfer,/home/poseidon/pegasus-5.1.0panorama/bin/../bin/pegasus-kickstart  -n pegasus::transfer -N null -i - -R local  -L casa-wind-full -T 2023-09-08T07:29:05+00:00 /home/poseidon/pegasus-5.1.0panorama/bin/../bin/pegasus-transfer  --threads 2,0.9,0,0,,,,,,,,,
point_alert_ID0000085,cpu_3,compute,0,1694508381.0,,,1694508386.0,1694508389.0,1694508400.0,29966667.5,1694508387.0,1694508416.0,1694508405.0,1694508408.0,6682.0,1694508416.0,1694508421.0,5.0,,1.0,29.0,5.0,11.0,176655981.0,3.0,21118.0,poseidon,condorpool,poseidon-worker-1-container-16-19,point_alert,/opt/pointAlert/pointAlert,,0.0,0,0,,,,,,,,,
register_condorpool_2_0,None,auxiliary,0,1694508381.0,,,1694508396.0,,,0.0,1694508397.0,1694508401.0,,,0.0,1694508401.0,1694508406.0,15.0,,1.0,4.0,5.0,,,,,poseidon,local,poseidon-submit,pegasus::rc-client,/mnt/poseidon-data/poseidon/pegasus-5.1.0panorama/bin/pegasus-rc-client,"-n pegasus::rc-client -N null -R local  -L casa-wind-full -T 2023-09-08T07:29:05+00:00 /home/poseidon/pegasus-5.1.0panorama/bin/pegasus-rc-client --prefix pegasus.catalog.replica.output --conf /mnt/poseidon-data/poseidon/workflows/casa-wind-workflow-full/submit/poseidon/pegasus/casa-wind-full/run0477/pegasus.7330677257467472027.properties -v --meta /mnt/poseidon-data/poseidon/workflows/casa-wind-workflow-full/submit/poseidon/pegasus/casa-wind-full/run0477/00/01/post_vel_ID0000023.meta,/mnt/poseidon-data/poseidon/workflows/casa-wind-workflow-full/submit/poseidon/pegasus/casa-wind-full/run0477/00/01/post_vel_ID0000093.meta,/mnt/poseidon-data/poseidon/workflows/casa-wind-workflow-full/submit/poseidon/pegasus/casa-wind-full/run0477/00/01/mvt_ID0000129.meta,/mnt/poseidon-data/poseidon/workflows/casa-wind-workflow-full/submit/poseidon/pegasus/casa-wind-full/run0477/00/02/mvt_ID0000044.meta,/mnt/poseidon-data/poseidon/workflows/casa-wind-workflow-full/submit/poseidon/pegasus/casa-wind-full/run0477/00/02/post_vel_ID0000058.meta,/mnt/poseidon-data/poseidon/workflows/casa-wind-workflow-full/submit/poseidon/pegasus/casa-wind-full/run0477/00/01/post_vel_ID0000068.meta,/mnt/poseidon-data/poseidon/workflows/casa-wind-workflow-full/submit/poseidon/pegasus/casa-wind-full/run0477/00/01/post_vel_ID0000123.meta,/mnt/poseidon-data/poseidon/workflows/casa-wind-workflow-full/submit/poseidon/pegasus/casa-wind-full/run0477/00/02/post_vel_ID0000078.meta,/mnt/poseidon-data/poseidon/workflows/casa-wind-workflow-full/submit/poseidon/pegasus/casa-wind-full/run0477/00/01/mvt_ID0000029.meta --insert /mnt/poseidon-data/poseidon/workflows/casa-wind-workflow-full/submit/poseidon/pegasus/casa-wind-full/run0477/00/02/register_condorpool_2_0.in",2.6,0,0,,,,,,,,,
stage_out_local_condorpool_2_1,None,transfer,0,1694508381.0,,,1694508386.0,,,0.0,1694508387.0,1694508391.0,,,0.0,1694508391.0,1694508396.0,5.0,,1.0,4.0,5.0,,,,,poseidon,local,poseidon-submit,pegasus::transfer,/mnt/poseidon-data/poseidon/pegasus-5.1.0panorama/bin/pegasus-transfer,/home/poseidon/pegasus-5.1.0panorama/bin/../bin/pegasus-kickstart  -n pegasus::transfer -N null -i - -R local  -L casa-wind-full -T 2023-09-08T07:29:05+00:00 /home/poseidon/pegasus-5.1.0panorama/bin/../bin/pegasus-transfer  --threads 2,0.9,0,0,,,,,,,,,
register_condorpool_2_2,None,auxiliary,0,1694508381.0,,,1694508386.0,,,0.0,1694508387.0,1694508391.0,,,0.0,1694508391.0,1694508396.0,5.0,,1.0,4.0,5.0,,,,,poseidon,local,poseidon-submit,pegasus::rc-client,/mnt/poseidon-data/poseidon/pegasus-5.1.0panorama/bin/pegasus-rc-client,"-n pegasus::rc-client -N null -R local  -L casa-wind-full -T 2023-09-08T07:29:05+00:00 /home/poseidon/pegasus-5.1.0panorama/bin/pegasus-rc-client --prefix pegasus.catalog.replica.output --conf /mnt/poseidon-data/poseidon/workflows/casa-wind-workflow-full/submit/poseidon/pegasus/casa-wind-full/run0477/pegasus.7330677257467472027.properties -v --meta /mnt/poseidon-data/poseidon/workflows/casa-wind-workflow-full/submit/poseidon/pegasus/casa-wind-full/run0477/00/02/post_vel_ID0000073.meta,/mnt/poseidon-data/poseidon/workflows/casa-wind-workflow-full/submit/poseidon/pegasus/casa-wind-full/run0477/00/02/mvt_ID0000039.meta,/mnt/poseidon-data/poseidon/workflows/casa-wind-workflow-full/submit/poseidon/pegasus/casa-wind-full/run0477/00/01/mvt_ID0000099.meta,/mnt/poseidon-data/poseidon/workflows/casa-wind-workflow-full/submit/poseidon/pegasus/casa-wind-full/run0477/00/01/post_vel_ID0000008.meta,/mnt/poseidon-data/poseidon/workflows/casa-wind-workflow-full/submit/poseidon/pegasus/casa-wind-full/run0477/00/02/mvt_ID0000049.meta,/mnt/poseidon-data/poseidon/workflows/casa-wind-workflow-full/submit/poseidon/pegasus/casa-wind-full/run0477/00/01/mvt_ID0000019.meta,/mnt/poseidon-data/poseidon/workflows/casa-wind-workflow-full/submit/poseidon/pegasus/casa-wind-full/run0477/00/02/mvt_ID0000104.meta,/mnt/poseidon-data/poseidon/workflows/casa-wind-workflow-full/submit/poseidon/pegasus/casa-wind-full/run0477/00/01/post_vel_ID0000083.meta,/mnt/poseidon-data/poseidon/workflows/casa-wind-workflow-full/submit/poseidon/pegasus/casa-wind-full/run0477/00/01/post_vel_ID0000088.meta --insert /mnt/poseidon-data/poseidon/workflows/casa-wind-workflow-full/submit/poseidon/pegasus/casa-wind-full/run0477/00/02/register_condorpool_2_2.in",2.8,0,0,,,,,,,,,
stage_out_local_condorpool_2_5,None,transfer,0,1694508386.0,,,1694508391.0,,,0.0,1694508392.0,1694508401.0,,,0.0,1694508401.0,1694508406.0,5.0,,1.0,9.0,5.0,,,,,poseidon,local,poseidon-submit,pegasus::transfer,/mnt/poseidon-data/poseidon/pegasus-5.1.0panorama/bin/pegasus-transfer,/home/poseidon/pegasus-5.1.0panorama/bin/../bin/pegasus-kickstart  -n pegasus::transfer -N null -i - -R local  -L casa-wind-full -T 2023-09-08T07:29:05+00:00 /home/poseidon/pegasus-5.1.0panorama/bin/../bin/pegasus-transfer  --threads 2,0.8,0,0,,,,,,,,,
point_alert_ID0000005,cpu_3,compute,0,1694508386.0,,,1694508391.0,1694508394.0,1694508405.0,29625293.5,1694508393.0,1694508421.0,1694508410.0,1694508413.0,6721.0,1694508421.0,1694508426.0,5.0,,2.0,28.0,5.0,11.0,176636764.0,3.0,20398.0,poseidon,condorpool,poseidon-worker-2-container-20-23,point_alert,/opt/pointAlert/pointAlert,,0.0,0,0,,,,,,,,,
register_condorpool_2_1,None,auxiliary,0,1694508396.0,,,1694508406.0,,,0.0,1694508407.0,1694508411.0,,,0.0,1694508411.0,1694508416.0,10.0,,1.0,4.0,5.0,,,,,poseidon,local,poseidon-submit,pegasus::rc-client,/mnt/poseidon-data/poseidon/pegasus-5.1.0panorama/bin/pegasus-rc-client,"-n pegasus::rc-client -N null -R local  -L casa-wind-full -T 2023-09-08T07:29:05+00:00 /home/poseidon/pegasus-5.1.0panorama/bin/pegasus-rc-client --prefix pegasus.catalog.replica.output --conf /mnt/poseidon-data/poseidon/workflows/casa-wind-workflow-full/submit/poseidon/pegasus/casa-wind-full/run0477/pegasus.7330677257467472027.properties -v --meta /mnt/poseidon-data/poseidon/workflows/casa-wind-workflow-full/submit/poseidon/pegasus/casa-wind-full/run0477/00/01/post_vel_ID0000028.meta,/mnt/poseidon-data/poseidon/workflows/casa-wind-workflow-full/submit/poseidon/pegasus/casa-wind-full/run0477/00/02/post_vel_ID0000043.meta,/mnt/poseidon-data/poseidon/workflows/casa-wind-workflow-full/submit/poseidon/pegasus/casa-wind-full/run0477/00/01/post_vel_ID0000128.meta,/mnt/poseidon-data/poseidon/workflows/casa-wind-workflow-full/submit/poseidon/pegasus/casa-wind-full/run0477/00/01/mvt_ID0000094.meta,/mnt/poseidon-data/poseidon/workflows/casa-wind-workflow-full/submit/poseidon/pegasus/casa-wind-full/run0477/00/01/mvt_ID0000069.meta,/mnt/poseidon-data/poseidon/workflows/casa-wind-workflow-full/submit/poseidon/pegasus/casa-wind-full/run0477/00/02/mvt_ID0000059.meta,/mnt/poseidon-data/poseidon/workflows/casa-wind-workflow-full/submit/poseidon/pegasus/casa-wind-full/run0477/00/01/mvt_ID0000124.meta,/mnt/poseidon-data/poseidon/workflows/casa-wind-workflow-full/submit/poseidon/pegasus/casa-wind-full/run0477/00/01/mvt_ID0000024.meta,/mnt/poseidon-data/poseidon/workflows/casa-wind-workflow-full/submit/poseidon/pegasus/casa-wind-full/run0477/00/02/mvt_ID0000079.meta --insert /mnt/poseidon-data/poseidon/workflows/casa-wind-workflow-full/submit/poseidon/pegasus/casa-wind-full/run0477/00/02/register_condorpool_2_1.in",2.7,0,0,,,,,,,,,
register_condorpool_2_3,None,auxiliary,0,1694508396.0,,,1694508426.0,,,0.0,1694508426.0,1694508431.0,,,0.0,1694508431.0,1694508436.0,30.0,,0.0,5.0,5.0,,,,,poseidon,local,poseidon-submit,pegasus::rc-client,/mnt/poseidon-data/poseidon/pegasus-5.1.0panorama/bin/pegasus-rc-client,"-n pegasus::rc-client -N null -R local  -L casa-wind-full -T 2023-09-08T07:29:05+00:00 /home/poseidon/pegasus-5.1.0panorama/bin/pegasus-rc-client --prefix pegasus.catalog.replica.output --conf /mnt/poseidon-data/poseidon/workflows/casa-wind-workflow-full/submit/poseidon/pegasus/casa-wind-full/run0477/pegasus.7330677257467472027.properties -v --meta /mnt/poseidon-data/poseidon/workflows/casa-wind-workflow-full/submit/poseidon/pegasus/casa-wind-full/run0477/00/01/mvt_ID0000084.meta,/mnt/poseidon-data/poseidon/workflows/casa-wind-workflow-full/submit/poseidon/pegasus/casa-wind-full/run0477/00/02/post_vel_ID0000103.meta,/mnt/poseidon-data/poseidon/workflows/casa-wind-workflow-full/submit/poseidon/pegasus/casa-wind-full/run0477/00/01/post_vel_ID0000098.meta,/mnt/poseidon-data/poseidon/workflows/casa-wind-workflow-full/submit/poseidon/pegasus/casa-wind-full/run0477/00/02/post_vel_ID0000048.meta,/mnt/poseidon-data/poseidon/workflows/casa-wind-workflow-full/submit/poseidon/pegasus/casa-wind-full/run0477/00/01/mvt_ID0000009.meta,/mnt/poseidon-data/poseidon/workflows/casa-wind-workflow-full/submit/poseidon/pegasus/casa-wind-full/run0477/00/01/post_vel_ID0000018.meta,/mnt/poseidon-data/poseidon/workflows/casa-wind-workflow-full/submit/poseidon/pegasus/casa-wind-full/run0477/00/01/mvt_ID0000089.meta,/mnt/poseidon-data/poseidon/workflows/casa-wind-workflow-full/submit/poseidon/pegasus/casa-wind-full/run0477/00/02/mvt_ID0000074.meta,/mnt/poseidon-data/poseidon/workflows/casa-wind-workflow-full/submit/poseidon/pegasus/casa-wind-full/run0477/00/02/post_vel_ID0000038.meta --insert /mnt/poseidon-data/poseidon/workflows/casa-wind-workflow-full/submit/poseidon/pegasus/casa-wind-full/run0477/00/02/register_condorpool_2_3.in",2.7,0,0,,,,,,,,,
register_condorpool_2_5,None,auxiliary,0,1694508406.0,,,1694508416.0,,,0.0,1694508417.0,1694508421.0,,,0.0,1694508421.0,1694508426.0,10.0,,1.0,4.0,5.0,,,,,poseidon,local,poseidon-submit,pegasus::rc-client,/mnt/poseidon-data/poseidon/pegasus-5.1.0panorama/bin/pegasus-rc-client,"-n pegasus::rc-client -N null -R local  -L casa-wind-full -T 2023-09-08T07:29:05+00:00 /home/poseidon/pegasus-5.1.0panorama/bin/pegasus-rc-client --prefix pegasus.catalog.replica.output --conf /mnt/poseidon-data/poseidon/workflows/casa-wind-workflow-full/submit/poseidon/pegasus/casa-wind-full/run0477/pegasus.7330677257467472027.properties -v --meta /mnt/poseidon-data/poseidon/workflows/casa-wind-workflow-full/submit/poseidon/pegasus/casa-wind-full/run0477/00/01/mvt_ID0000004.meta,/mnt/poseidon-data/poseidon/workflows/casa-wind-workflow-full/submit/poseidon/pegasus/casa-wind-full/run0477/00/01/mvt_ID0000119.meta,/mnt/poseidon-data/poseidon/workflows/casa-wind-workflow-full/submit/poseidon/pegasus/casa-wind-full/run0477/00/02/post_vel_ID0000053.meta,/mnt/poseidon-data/poseidon/workflows/casa-wind-workflow-full/submit/poseidon/pegasus/casa-wind-full/run0477/00/02/mvt_ID0000114.meta,/mnt/poseidon-data/poseidon/workflows/casa-wind-workflow-full/submit/poseidon/pegasus/casa-wind-full/run0477/00/01/mvt_ID0000034.meta,/mnt/poseidon-data/poseidon/workflows/casa-wind-workflow-full/submit/poseidon/pegasus/casa-wind-full/run0477/00/01/mvt_ID0000014.meta,/mnt/poseidon-data/poseidon/workflows/casa-wind-workflow-full/submit/poseidon/pegasus/casa-wind-full/run0477/00/02/mvt_ID0000109.meta,/mnt/poseidon-data/poseidon/workflows/casa-wind-workflow-full/submit/poseidon/pegasus/casa-wind-full/run0477/00/01/mvt_ID0000064.meta --insert /mnt/poseidon-data/poseidon/workflows/casa-wind-workflow-full/submit/poseidon/pegasus/casa-wind-full/run0477/00/02/register_condorpool_2_5.in",2.7,0,0,,,,,,,,,
stage_out_local_condorpool_3_1,None,transfer,0,1694508421.0,,,1694508426.0,,,0.0,1694508426.0,1694508431.0,,,0.0,1694508431.0,1694508436.0,5.0,,0.0,5.0,5.0,,,,,poseidon,local,poseidon-submit,pegasus::transfer,/mnt/poseidon-data/poseidon/pegasus-5.1.0panorama/bin/pegasus-transfer,/home/poseidon/pegasus-5.1.0panorama/bin/../bin/pegasus-kickstart  -n pegasus::transfer -N null -i - -R local  -L casa-wind-full -T 2023-09-08T07:29:05+00:00 /home/poseidon/pegasus-5.1.0panorama/bin/../bin/pegasus-transfer  --threads 2,0.9,0,0,,,,,,,,,
stage_out_local_condorpool_3_0,None,transfer,0,1694508421.0,,,1694508426.0,,,0.0,1694508426.0,1694508431.0,,,0.0,1694508431.0,1694508436.0,5.0,,0.0,5.0,5.0,,,,,poseidon,local,poseidon-submit,pegasus::transfer,/mnt/poseidon-data/poseidon/pegasus-5.1.0panorama/bin/pegasus-transfer,/home/poseidon/pegasus-5.1.0panorama/bin/../bin/pegasus-kickstart  -n pegasus::transfer -N null -i - -R local  -L casa-wind-full -T 2023-09-08T07:29:05+00:00 /home/poseidon/pegasus-5.1.0panorama/bin/../bin/pegasus-transfer  --threads 2,0.9,0,0,,,,,,,,,
stage_out_local_condorpool_3_2,None,transfer,0,1694508426.0,,,1694508431.0,,,0.0,1694508431.0,1694508436.0,,,0.0,1694508436.0,1694508441.0,5.0,,0.0,5.0,5.0,,,,,poseidon,local,poseidon-submit,pegasus::transfer,/mnt/poseidon-data/poseidon/pegasus-5.1.0panorama/bin/pegasus-transfer,/home/poseidon/pegasus-5.1.0panorama/bin/../bin/pegasus-kickstart  -n pegasus::transfer -N null -i - -R local  -L casa-wind-full -T 2023-09-08T07:29:05+00:00 /home/poseidon/pegasus-5.1.0panorama/bin/../bin/pegasus-transfer  --threads 2,0.8,0,0,,,,,,,,,
register_condorpool_3_0,None,auxiliary,0,1694508436.0,,,1694508441.0,,,0.0,1694508442.0,1694508446.0,,,0.0,1694508446.0,1694508451.0,5.0,,1.0,4.0,5.0,,,,,poseidon,local,poseidon-submit,pegasus::rc-client,/mnt/poseidon-data/poseidon/pegasus-5.1.0panorama/bin/pegasus-rc-client,"-n pegasus::rc-client -N null -R local  -L casa-wind-full -T 2023-09-08T07:29:05+00:00 /home/poseidon/pegasus-5.1.0panorama/bin/pegasus-rc-client --prefix pegasus.catalog.replica.output --conf /mnt/poseidon-data/poseidon/workflows/casa-wind-workflow-full/submit/poseidon/pegasus/casa-wind-full/run0477/pegasus.7330677257467472027.properties -v --meta /mnt/poseidon-data/poseidon/workflows/casa-wind-workflow-full/submit/poseidon/pegasus/casa-wind-full/run0477/00/02/point_alert_ID0000125.meta,/mnt/poseidon-data/poseidon/workflows/casa-wind-workflow-full/submit/poseidon/pegasus/casa-wind-full/run0477/00/02/point_alert_ID0000095.meta,/mnt/poseidon-data/poseidon/workflows/casa-wind-workflow-full/submit/poseidon/pegasus/casa-wind-full/run0477/00/03/point_alert_ID0000060.meta,/mnt/poseidon-data/poseidon/workflows/casa-wind-workflow-full/submit/poseidon/pegasus/casa-wind-full/run0477/00/02/point_alert_ID0000030.meta,/mnt/poseidon-data/poseidon/workflows/casa-wind-workflow-full/submit/poseidon/pegasus/casa-wind-full/run0477/00/02/point_alert_ID0000025.meta,/mnt/poseidon-data/poseidon/workflows/casa-wind-workflow-full/submit/poseidon/pegasus/casa-wind-full/run0477/00/03/point_alert_ID0000045.meta,/mnt/poseidon-data/poseidon/workflows/casa-wind-workflow-full/submit/poseidon/pegasus/casa-wind-full/run0477/00/02/point_alert_ID0000130.meta,/mnt/poseidon-data/poseidon/workflows/casa-wind-workflow-full/submit/poseidon/pegasus/casa-wind-full/run0477/00/02/point_alert_ID0000070.meta,/mnt/poseidon-data/poseidon/workflows/casa-wind-workflow-full/submit/poseidon/pegasus/casa-wind-full/run0477/00/02/point_alert_ID0000080.meta --insert /mnt/poseidon-data/poseidon/workflows/casa-wind-workflow-full/submit/poseidon/pegasus/casa-wind-full/run0477/00/03/register_condorpool_3_0.in",2.7,0,0,,,,,,,,,
register_condorpool_3_1,None,auxiliary,0,1694508436.0,,,1694508461.0,,,0.0,1694508461.0,1694508466.0,,,0.0,1694508466.0,1694508471.0,25.0,,0.0,5.0,5.0,,,,,poseidon,local,poseidon-submit,pegasus::rc-client,/mnt/poseidon-data/poseidon/pegasus-5.1.0panorama/bin/pegasus-rc-client,"-n pegasus::rc-client -N null -R local  -L casa-wind-full -T 2023-09-08T07:29:05+00:00 /home/poseidon/pegasus-5.1.0panorama/bin/pegasus-rc-client --prefix pegasus.catalog.replica.output --conf /mnt/poseidon-data/poseidon/workflows/casa-wind-workflow-full/submit/poseidon/pegasus/casa-wind-full/run0477/pegasus.7330677257467472027.properties -v --meta /mnt/poseidon-data/poseidon/workflows/casa-wind-workflow-full/submit/poseidon/pegasus/casa-wind-full/run0477/00/02/point_alert_ID0000010.meta,/mnt/poseidon-data/poseidon/workflows/casa-wind-workflow-full/submit/poseidon/pegasus/casa-wind-full/run0477/00/02/point_alert_ID0000090.meta,/mnt/poseidon-data/poseidon/workflows/casa-wind-workflow-full/submit/poseidon/pegasus/casa-wind-full/run0477/00/02/point_alert_ID0000085.meta,/mnt/poseidon-data/poseidon/workflows/casa-wind-workflow-full/submit/poseidon/pegasus/casa-wind-full/run0477/00/02/point_alert_ID0000075.meta,/mnt/poseidon-data/poseidon/workflows/casa-wind-workflow-full/submit/poseidon/pegasus/casa-wind-full/run0477/00/02/point_alert_ID0000100.meta,/mnt/poseidon-data/poseidon/workflows/casa-wind-workflow-full/submit/poseidon/pegasus/casa-wind-full/run0477/00/03/point_alert_ID0000040.meta,/mnt/poseidon-data/poseidon/workflows/casa-wind-workflow-full/submit/poseidon/pegasus/casa-wind-full/run0477/00/02/point_alert_ID0000020.meta,/mnt/poseidon-data/poseidon/workflows/casa-wind-workflow-full/submit/poseidon/pegasus/casa-wind-full/run0477/00/03/point_alert_ID0000050.meta,/mnt/poseidon-data/poseidon/workflows/casa-wind-workflow-full/submit/poseidon/pegasus/casa-wind-full/run0477/00/03/point_alert_ID0000105.meta --insert /mnt/poseidon-data/poseidon/workflows/casa-wind-workflow-full/submit/poseidon/pegasus/casa-wind-full/run0477/00/03/register_condorpool_3_1.in",2.7,0,0,,,,,,,,,
cleanup_casa-wind-full_0_condorpool,None,auxiliary,0,1694508441.0,,,1694508446.0,,,0.0,1694508447.0,1694508451.0,,,0.0,1694508451.0,1694508456.0,5.0,,1.0,4.0,5.0,,,,,poseidon,local,poseidon-submit,pegasus::cleanup,/mnt/poseidon-data/poseidon/pegasus-5.1.0panorama/bin/pegasus-transfer,pegasus-kickstart  -n pegasus::cleanup -N null -i - -R local  -L casa-wind-full -T 2023-09-08T07:29:05+00:00 pegasus-transfer,0.2,0,0,,,,,,,,,
register_condorpool_3_2,None,auxiliary,0,1694508441.0,,,1694508451.0,,,0.0,1694508452.0,1694508456.0,,,0.0,1694508456.0,1694508461.0,10.0,,1.0,4.0,5.0,,,,,poseidon,local,poseidon-submit,pegasus::rc-client,/mnt/poseidon-data/poseidon/pegasus-5.1.0panorama/bin/pegasus-rc-client,"-n pegasus::rc-client -N null -R local  -L casa-wind-full -T 2023-09-08T07:29:05+00:00 /home/poseidon/pegasus-5.1.0panorama/bin/pegasus-rc-client --prefix pegasus.catalog.replica.output --conf /mnt/poseidon-data/poseidon/workflows/casa-wind-workflow-full/submit/poseidon/pegasus/casa-wind-full/run0477/pegasus.7330677257467472027.properties -v --meta /mnt/poseidon-data/poseidon/workflows/casa-wind-workflow-full/submit/poseidon/pegasus/casa-wind-full/run0477/00/03/point_alert_ID0000110.meta,/mnt/poseidon-data/poseidon/workflows/casa-wind-workflow-full/submit/poseidon/pegasus/casa-wind-full/run0477/00/03/point_alert_ID0000055.meta,/mnt/poseidon-data/poseidon/workflows/casa-wind-workflow-full/submit/poseidon/pegasus/casa-wind-full/run0477/00/02/point_alert_ID0000115.meta,/mnt/poseidon-data/poseidon/workflows/casa-wind-workflow-full/submit/poseidon/pegasus/casa-wind-full/run0477/00/02/point_alert_ID0000120.meta,/mnt/poseidon-data/poseidon/workflows/casa-wind-workflow-full/submit/poseidon/pegasus/casa-wind-full/run0477/00/02/point_alert_ID0000035.meta,/mnt/poseidon-data/poseidon/workflows/casa-wind-workflow-full/submit/poseidon/pegasus/casa-wind-full/run0477/00/02/point_alert_ID0000015.meta,/mnt/poseidon-data/poseidon/workflows/casa-wind-workflow-full/submit/poseidon/pegasus/casa-wind-full/run0477/00/02/point_alert_ID0000065.meta,/mnt/poseidon-data/poseidon/workflows/casa-wind-workflow-full/submit/poseidon/pegasus/casa-wind-full/run0477/00/02/point_alert_ID0000005.meta --insert /mnt/poseidon-data/poseidon/workflows/casa-wind-workflow-full/submit/poseidon/pegasus/casa-wind-full/run0477/00/03/register_condorpool_3_2.in",2.7,0,0,,,,,,,,,
