,anomaly_type,type,is_clustered,ready,pre_script_start,pre_script_end,submit,stage_in_start,stage_in_end,stage_in_effective_bytes_per_sec,execute_start,execute_end,stage_out_start,stage_out_end,stage_out_effective_bytes_per_sec,post_script_start,post_script_end,wms_delay,pre_script_delay,queue_delay,runtime,post_script_delay,stage_in_delay,stage_in_bytes,stage_out_delay,stage_out_bytes,kickstart_user,kickstart_site,kickstart_hostname,kickstart_transformations,kickstart_executables,kickstart_executables_argv,kickstart_executables_cpu_time,kickstart_status,kickstart_executables_exitcode,kickstart_online_iowait,kickstart_online_bytes_read,kickstart_online_bytes_written,kickstart_online_read_system_calls,kickstart_online_write_system_calls,kickstart_online_utime,kickstart_online_stime,kickstart_online_bytes_read_per_second,kickstart_online_bytes_written_per_second
create_dir_casa-wind-full_0_condorpool,None,auxiliary,0,1694355234.0,,,1694355235.0,,,0.0,1694355239.0,1694355245.0,,,0.0,1694355245.0,1694355250.0,1.0,,4.0,6.0,5.0,,,,,poseidon,local,poseidon-submit,pegasus::dirmanager,/mnt/poseidon-data/poseidon/pegasus-5.1.0panorama/bin/pegasus-transfer,pegasus-kickstart  -n pegasus::dirmanager -N null -i - -R local  -L casa-wind-full -T 2023-09-08T07:29:05+00:00 pegasus-transfer,0.2,0,0,,,,,,,,,
unzip_ID0000006,None,compute,0,1694355250.0,,,1694355256.0,1694355280.0,1694355290.0,23441206.0,1694355278.0,1694355321.0,1694355302.0,1694355315.0,39656261.0,1694355321.0,1694355326.0,6.0,,22.0,43.0,5.0,10.0,222753803.0,13.0,501616588.0,poseidon,condorpool,poseidon-worker-1-container-0-3,unzip,/usr/bin/gunzip,,3.9,0,0,,,,,,,,,
unzip_ID0000106,None,compute,0,1694355250.0,,,1694355256.0,1694355278.0,1694355287.0,28387946.0,1694355277.0,1694355326.0,1694355300.0,1694355317.0,28789315.0,1694355326.0,1694355331.0,6.0,,21.0,49.0,5.0,9.0,241199298.0,17.0,501821816.0,poseidon,condorpool,poseidon-worker-1-container-44-47,unzip,/usr/bin/gunzip,,4.1,0,0,,,,,,,,,
unzip_ID0000046,None,compute,0,1694355250.0,,,1694355256.0,1694355276.0,1694355284.0,28667358.0,1694355274.0,1694355316.0,1694355296.0,1694355306.0,53725991.0,1694355316.0,1694355321.0,6.0,,18.0,42.0,5.0,8.0,229692821.0,10.0,523855228.0,poseidon,condorpool,poseidon-worker-2-container-4-7,unzip,/usr/bin/gunzip,,4.0,0,0,,,,,,,,,
unzip_ID0000101,None,compute,0,1694355250.0,,,1694355256.0,1694355276.0,1694355284.0,31815881.0,1694355274.0,1694355321.0,1694355297.0,1694355311.0,39373438.0,1694355321.0,1694355326.0,6.0,,18.0,47.0,5.0,8.0,250988249.0,14.0,561551644.0,poseidon,condorpool,poseidon-worker-2-container-8-11,unzip,/usr/bin/gunzip,,4.3,0,0,,,,,,,,,
unzip_ID0000026,None,compute,0,1694355250.0,,,1694355256.0,1694355276.0,1694355285.0,26317249.0,1694355275.0,1694355316.0,1694355297.0,1694355309.0,45731839.0,1694355316.0,1694355321.0,6.0,,19.0,41.0,5.0,9.0,227963832.0,12.0,523917888.0,poseidon,condorpool,poseidon-worker-1-container-8-11,unzip,/usr/bin/gunzip,,4.0,0,0,,,,,,,,,
unzip_ID0000126,None,compute,0,1694355250.0,,,1694355256.0,1694355277.0,1694355286.0,30799618.0,1694355276.0,1694355326.0,1694355298.0,1694355320.0,23265018.0,1694355326.0,1694355331.0,6.0,,20.0,50.0,5.0,9.0,249343892.0,22.0,520618424.0,poseidon,condorpool,poseidon-worker-1-container-4-7,unzip,/usr/bin/gunzip,,4.2,0,0,,,,,,,,,
unzip_ID0000076,None,compute,0,1694355250.0,,,1694355256.0,1694355276.0,1694355283.0,34559769.0,1694355274.0,1694355311.0,1694355295.0,1694355305.0,56513350.0,1694355311.0,1694355316.0,6.0,,18.0,37.0,5.0,7.0,233747923.0,10.0,523942844.0,poseidon,condorpool,poseidon-worker-2-container-16-19,unzip,/usr/bin/gunzip,,4.0,0,0,,,,,,,,,
unzip_ID0000011,None,compute,0,1694355250.0,,,1694355256.0,1694355276.0,1694355286.0,23819233.0,1694355274.0,1694355331.0,1694355299.0,1694355323.0,24024385.0,1694355331.0,1694355336.0,6.0,,18.0,57.0,5.0,10.0,235998389.0,24.0,565205920.0,poseidon,condorpool,poseidon-worker-2-container-24-27,unzip,/usr/bin/gunzip,,4.2,0,0,,,,,,,,,
unzip_ID0000056,None,compute,0,1694355250.0,,,1694355255.0,1694355276.0,1694355284.0,28044788.0,1694355274.0,1694355316.0,1694355297.0,1694355307.0,51529618.0,1694355316.0,1694355321.0,5.0,,19.0,42.0,5.0,8.0,232139969.0,10.0,528026776.0,poseidon,condorpool,poseidon-worker-1-container-16-19,unzip,/usr/bin/gunzip,,4.1,0,0,,,,,,,,,
unzip_ID0000111,None,compute,0,1694355250.0,,,1694355255.0,1694355276.0,1694355286.0,26911340.0,1694355274.0,1694355321.0,1694355299.0,1694355314.0,37268306.0,1694355321.0,1694355326.0,5.0,,19.0,47.0,5.0,10.0,256320311.0,15.0,567950764.0,poseidon,condorpool,poseidon-worker-2-container-32-35,unzip,/usr/bin/gunzip,,4.4,0,0,,,,,,,,,
unzip_ID0000071,None,compute,0,1694355250.0,,,1694355255.0,1694355277.0,1694355287.0,24606150.0,1694355275.0,1694355321.0,1694355300.0,1694355314.0,38546930.0,1694355321.0,1694355326.0,5.0,,20.0,46.0,5.0,10.0,240896692.0,14.0,539506600.0,poseidon,condorpool,poseidon-worker-2-container-0-3,unzip,/usr/bin/gunzip,,4.2,0,0,,,,,,,,,
unzip_ID0000051,None,compute,0,1694355250.0,,,1694355255.0,1694355276.0,1694355286.0,23822295.0,1694355274.0,1694355331.0,1694355299.0,1694355324.0,22355506.0,1694355331.0,1694355336.0,5.0,,19.0,57.0,5.0,10.0,239630266.0,25.0,544301296.0,poseidon,condorpool,poseidon-worker-2-container-20-23,unzip,/usr/bin/gunzip,,4.2,0,0,,,,,,,,,
unzip_ID0000031,None,compute,0,1694355250.0,,,1694355256.0,1694355276.0,1694355286.0,23505723.0,1694355274.0,1694355321.0,1694355299.0,1694355315.0,35823877.0,1694355321.0,1694355326.0,6.0,,18.0,47.0,5.0,10.0,237517035.0,16.0,539438752.0,poseidon,condorpool,poseidon-worker-2-container-12-15,unzip,/usr/bin/gunzip,,4.2,0,0,,,,,,,,,
unzip_ID0000091,None,compute,0,1694355250.0,,,1694355255.0,1694355276.0,1694355283.0,34534751.0,1694355274.0,1694355316.0,1694355296.0,1694355305.0,55476832.0,1694355316.0,1694355321.0,5.0,,19.0,42.0,5.0,7.0,246447087.0,9.0,539109992.0,poseidon,condorpool,poseidon-worker-2-container-44-47,unzip,/usr/bin/gunzip,,4.2,0,0,,,,,,,,,
unzip_ID0000096,None,compute,0,1694355250.0,,,1694355255.0,1694355276.0,1694355284.0,28555781.0,1694355274.0,1694355316.0,1694355297.0,1694355307.0,53170074.0,1694355316.0,1694355321.0,5.0,,19.0,42.0,5.0,8.0,240753402.0,10.0,524013876.0,poseidon,condorpool,poseidon-worker-2-container-28-31,unzip,/usr/bin/gunzip,,4.2,0,0,,,,,,,,,
unzip_ID0000081,None,compute,0,1694355250.0,,,1694355255.0,1694355276.0,1694355287.0,22889052.0,1694355274.0,1694355326.0,1694355300.0,1694355316.0,33098643.0,1694355326.0,1694355331.0,5.0,,19.0,52.0,5.0,11.0,245619741.0,16.0,543190672.0,poseidon,condorpool,poseidon-worker-1-container-44-47,unzip,/usr/bin/gunzip,,4.3,0,0,,,,,,,,,
unzip_ID0000061,None,compute,0,1694355250.0,,,1694355255.0,1694355276.0,1694355288.0,21288299.0,1694355275.0,1694355321.0,1694355300.0,1694355313.0,42015385.0,1694355321.0,1694355326.0,5.0,,20.0,46.0,5.0,12.0,240463185.0,13.0,541945820.0,poseidon,condorpool,poseidon-worker-1-container-40-43,unzip,/usr/bin/gunzip,,4.2,0,0,,,,,,,,,
unzip_ID0000001,cpu_2,compute,0,1694355250.0,,,1694355255.0,1694355276.0,1694355286.0,23667096.0,1694355274.0,1694355331.0,1694355299.0,1694355322.0,24688858.0,1694355331.0,1694355336.0,5.0,,19.0,57.0,5.0,10.0,232473216.0,23.0,561354992.0,poseidon,condorpool,poseidon-worker-2-container-36-39,unzip,/usr/bin/gunzip,,4.2,0,0,,,,,,,,,
unzip_ID0000121,None,compute,0,1694355250.0,,,1694355255.0,1694355276.0,1694355285.0,29488286.0,1694355274.0,1694355321.0,1694355297.0,1694355312.0,37982139.0,1694355321.0,1694355326.0,5.0,,19.0,47.0,5.0,9.0,250860096.0,15.0,550782944.0,poseidon,condorpool,poseidon-worker-1-container-36-39,unzip,/usr/bin/gunzip,,4.3,0,0,,,,,,,,,
unzip_ID0000066,cpu_2,compute,0,1694355250.0,,,1694355255.0,1694355276.0,1694355284.0,30517605.0,1694355274.0,1694355316.0,1694355296.0,1694355306.0,55381788.0,1694355316.0,1694355321.0,5.0,,19.0,42.0,5.0,8.0,232031705.0,10.0,523661496.0,poseidon,condorpool,poseidon-worker-1-container-28-31,unzip,/usr/bin/gunzip,,4.0,0,0,,,,,,,,,
unzip_ID0000041,None,compute,0,1694355250.0,,,1694355255.0,1694355276.0,1694355283.0,32597905.0,1694355274.0,1694355311.0,1694355295.0,1694355305.0,55517561.0,1694355311.0,1694355316.0,5.0,,19.0,37.0,5.0,7.0,238944758.0,10.0,540768928.0,poseidon,condorpool,poseidon-worker-1-container-0-3,unzip,/usr/bin/gunzip,,4.0,0,0,,,,,,,,,
unzip_ID0000021,None,compute,0,1694355250.0,,,1694355255.0,1694355276.0,1694355285.0,27183390.0,1694355274.0,1694355321.0,1694355297.0,1694355313.0,34859558.0,1694355321.0,1694355326.0,5.0,,19.0,47.0,5.0,9.0,235136662.0,16.0,539178100.0,poseidon,condorpool,poseidon-worker-1-container-20-23,unzip,/usr/bin/gunzip,,4.1,0,0,,,,,,,,,
unzip_ID0000086,None,compute,0,1694355250.0,,,1694355255.0,1694355276.0,1694355284.0,27960828.0,1694355274.0,1694355316.0,1694355297.0,1694355306.0,53913856.0,1694355316.0,1694355321.0,5.0,,19.0,42.0,5.0,8.0,234836668.0,9.0,518838800.0,poseidon,condorpool,poseidon-worker-2-container-40-43,unzip,/usr/bin/gunzip,,4.1,0,0,,,,,,,,,
unzip_ID0000016,None,compute,0,1694355250.0,,,1694355255.0,1694355276.0,1694355285.0,25228913.0,1694355274.0,1694355316.0,1694355297.0,1694355307.0,50760653.0,1694355316.0,1694355321.0,5.0,,19.0,42.0,5.0,9.0,225238888.0,10.0,523826084.0,poseidon,condorpool,poseidon-worker-1-container-24-27,unzip,/usr/bin/gunzip,,3.9,0,0,,,,,,,,,
unzip_ID0000036,None,compute,0,1694355250.0,,,1694355255.0,1694355276.0,1694355286.0,23726865.0,1694355275.0,1694355321.0,1694355299.0,1694355313.0,38783524.0,1694355321.0,1694355326.0,5.0,,20.0,46.0,5.0,10.0,232020704.0,14.0,526952240.0,poseidon,condorpool,poseidon-worker-1-container-12-15,unzip,/usr/bin/gunzip,,4.1,0,0,,,,,,,,,
unzip_ID0000116,None,compute,0,1694355250.0,,,1694355255.0,1694355276.0,1694355285.0,27398159.0,1694355274.0,1694355321.0,1694355298.0,1694355312.0,36499533.0,1694355321.0,1694355326.0,5.0,,19.0,47.0,5.0,9.0,249255741.0,14.0,520850676.0,poseidon,condorpool,poseidon-worker-1-container-32-35,unzip,/usr/bin/gunzip,,4.2,0,0,,,,,,,,,
um_vel_ID0000042,None,compute,0,1694355316.0,,,1694355321.0,1694355324.0,1694355344.0,51315433.5,1694355323.0,1694355366.0,1694355352.0,1694355356.0,173717.0,1694355366.0,1694355371.0,5.0,,2.0,43.0,5.0,20.0,717355680.0,4.0,556900.0,poseidon,condorpool,poseidon-worker-2-container-44-47,um_vel,/opt/UM_VEL/UM_VEL,,1.7,0,0,,,,,,,,,
um_vel_ID0000077,None,compute,0,1694355316.0,,,1694355321.0,1694355324.0,1694355344.0,48748587.1,1694355323.0,1694355366.0,1694355353.0,1694355356.0,173000.0,1694355366.0,1694355371.0,5.0,,2.0,43.0,5.0,20.0,700529596.0,3.0,556900.0,poseidon,condorpool,poseidon-worker-1-container-16-19,um_vel,/opt/UM_VEL/UM_VEL,,2.0,0,0,,,,,,,,,
um_vel_ID0000017,None,compute,0,1694355321.0,,,1694355326.0,1694355329.0,1694355350.0,45860002.0,1694355327.0,1694355371.0,1694355358.0,1694355362.0,170846.0,1694355371.0,1694355376.0,5.0,,1.0,44.0,5.0,21.0,700412836.0,4.0,556900.0,poseidon,condorpool,poseidon-worker-1-container-32-35,um_vel,/opt/UM_VEL/UM_VEL,,1.6,0,0,,,,,,,,,
um_vel_ID0000047,None,compute,0,1694355321.0,,,1694355326.0,1694355329.0,1694355347.0,55554303.0,1694355327.0,1694355366.0,1694355355.0,1694355359.0,172536.0,1694355366.0,1694355371.0,5.0,,1.0,39.0,5.0,18.0,700441980.0,4.0,556900.0,poseidon,condorpool,poseidon-worker-2-container-0-3,um_vel,/opt/UM_VEL/UM_VEL,,1.7,0,0,,,,,,,,,
um_vel_ID0000092,None,compute,0,1694355321.0,,,1694355326.0,1694355329.0,1694355350.0,45371933.6,1694355327.0,1694355371.0,1694355359.0,1694355362.0,177841.0,1694355371.0,1694355376.0,5.0,,1.0,44.0,5.0,21.0,715696744.0,3.0,556900.0,poseidon,condorpool,poseidon-worker-2-container-8-11,um_vel,/opt/UM_VEL/UM_VEL,,1.6,0,0,,,,,,,,,
um_vel_ID0000027,None,compute,0,1694355321.0,,,1694355326.0,1694355329.0,1694355348.0,50230261.5,1694355327.0,1694355371.0,1694355357.0,1694355360.0,176007.0,1694355371.0,1694355376.0,5.0,,1.0,44.0,5.0,19.0,700504640.0,3.0,556900.0,poseidon,condorpool,poseidon-worker-2-container-12-15,um_vel,/opt/UM_VEL/UM_VEL,,1.7,0,0,,,,,,,,,
um_vel_ID0000067,None,compute,0,1694355321.0,,,1694355326.0,1694355329.0,1694355347.0,56735248.2,1694355327.0,1694355366.0,1694355356.0,1694355359.0,172456.0,1694355366.0,1694355371.0,5.0,,1.0,39.0,5.0,18.0,700248248.0,3.0,556900.0,poseidon,condorpool,poseidon-worker-1-container-44-47,um_vel,/opt/UM_VEL/UM_VEL,,1.7,0,0,,,,,,,,,
um_vel_ID0000057,cpu_2,compute,0,1694355321.0,,,1694355326.0,1694355329.0,1694355347.0,56736979.9,1694355327.0,1694355366.0,1694355356.0,1694355359.0,170287.0,1694355366.0,1694355371.0,5.0,,1.0,39.0,5.0,18.0,704613528.0,3.0,556900.0,poseidon,condorpool,poseidon-worker-1-container-28-31,um_vel,/opt/UM_VEL/UM_VEL,,1.7,0,0,,,,,,,,,
um_vel_ID0000087,None,compute,0,1694355321.0,,,1694355326.0,1694355329.0,1694355348.0,53154742.5,1694355327.0,1694355366.0,1694355356.0,1694355360.0,175603.0,1694355366.0,1694355371.0,5.0,,1.0,39.0,5.0,19.0,695425552.0,4.0,556900.0,poseidon,condorpool,poseidon-worker-1-container-12-15,um_vel,/opt/UM_VEL/UM_VEL,,1.7,0,0,,,,,,,,,
um_vel_ID0000097,None,compute,0,1694355321.0,,,1694355326.0,1694355329.0,1694355350.0,45489088.8,1694355327.0,1694355371.0,1694355359.0,1694355362.0,171637.0,1694355371.0,1694355376.0,5.0,,1.0,44.0,5.0,21.0,700600628.0,3.0,556900.0,poseidon,condorpool,poseidon-worker-1-container-20-23,um_vel,/opt/UM_VEL/UM_VEL,,1.7,0,0,,,,,,,,,
um_vel_ID0000007,None,compute,0,1694355326.0,,,1694355331.0,1694355334.0,1694355354.0,50272494.2,1694355333.0,1694355376.0,1694355364.0,1694355367.0,178701.0,1694355376.0,1694355382.0,5.0,,2.0,43.0,6.0,20.0,678203340.0,3.0,556900.0,poseidon,condorpool,poseidon-worker-2-container-4-7,um_vel,/opt/UM_VEL/UM_VEL,,1.7,0,0,,,,,,,,,
um_vel_ID0000102,None,compute,0,1694355326.0,,,1694355331.0,1694355334.0,1694355353.0,55653400.5,1694355333.0,1694355371.0,1694355362.0,1694355365.0,179753.0,1694355371.0,1694355376.0,5.0,,2.0,38.0,5.0,19.0,738138396.0,3.0,556900.0,poseidon,condorpool,poseidon-worker-1-container-0-3,um_vel,/opt/UM_VEL/UM_VEL,,1.8,0,0,,,,,,,,,
um_vel_ID0000032,None,compute,0,1694355326.0,,,1694355331.0,1694355334.0,1694355355.0,47928676.7,1694355332.0,1694355376.0,1694355363.0,1694355366.0,178540.0,1694355376.0,1694355382.0,5.0,,1.0,44.0,6.0,21.0,716025504.0,3.0,556900.0,poseidon,condorpool,poseidon-worker-1-container-44-47,um_vel,/opt/UM_VEL/UM_VEL,,1.7,0,0,,,,,,,,,
um_vel_ID0000112,None,compute,0,1694355326.0,,,1694355331.0,1694355334.0,1694355355.0,49558498.2,1694355333.0,1694355376.0,1694355365.0,1694355368.0,174957.0,1694355376.0,1694355382.0,5.0,,2.0,43.0,6.0,21.0,744537516.0,3.0,556900.0,poseidon,condorpool,poseidon-worker-2-container-40-43,um_vel,/opt/UM_VEL/UM_VEL,,1.8,0,0,,,,,,,,,
um_vel_ID0000117,None,compute,0,1694355326.0,,,1694355331.0,1694355334.0,1694355355.0,48370743.8,1694355333.0,1694355376.0,1694355365.0,1694355368.0,174839.0,1694355376.0,1694355382.0,5.0,,2.0,43.0,6.0,21.0,697437428.0,3.0,556900.0,poseidon,condorpool,poseidon-worker-2-container-16-19,um_vel,/opt/UM_VEL/UM_VEL,,1.7,0,0,,,,,,,,,
um_vel_ID0000072,None,compute,0,1694355326.0,,,1694355331.0,1694355334.0,1694355356.0,45675731.1,1694355333.0,1694355376.0,1694355364.0,1694355368.0,175526.0,1694355376.0,1694355382.0,5.0,,2.0,43.0,6.0,22.0,716093352.0,4.0,556900.0,poseidon,condorpool,poseidon-worker-1-container-40-43,um_vel,/opt/UM_VEL/UM_VEL,,1.8,0,0,,,,,,,,,
um_vel_ID0000037,cpu_2,compute,0,1694355326.0,,,1694355331.0,1694355335.0,1694355354.0,51616012.3,1694355333.0,1694355376.0,1694355365.0,1694355368.0,174064.0,1694355376.0,1694355382.0,5.0,,2.0,43.0,6.0,19.0,703538992.0,3.0,556900.0,poseidon,condorpool,poseidon-worker-2-container-36-39,um_vel,/opt/UM_VEL/UM_VEL,,1.7,0,0,,,,,,,,,
um_vel_ID0000022,None,compute,0,1694355326.0,,,1694355331.0,1694355335.0,1694355354.0,51998100.6,1694355333.0,1694355376.0,1694355365.0,1694355368.0,172891.0,1694355376.0,1694355382.0,5.0,,2.0,43.0,6.0,19.0,715764852.0,3.0,556900.0,poseidon,condorpool,poseidon-worker-2-container-20-23,um_vel,/opt/UM_VEL/UM_VEL,,1.7,0,0,,,,,,,,,
um_vel_ID0000122,None,compute,0,1694355326.0,,,1694355331.0,1694355334.0,1694355354.0,52739894.5,1694355333.0,1694355376.0,1694355365.0,1694355368.0,175198.0,1694355376.0,1694355382.0,5.0,,2.0,43.0,6.0,20.0,727369696.0,3.0,556900.0,poseidon,condorpool,poseidon-worker-2-container-32-35,um_vel,/opt/UM_VEL/UM_VEL,,1.7,0,0,,,,,,,,,
um_vel_ID0000062,None,compute,0,1694355326.0,,,1694355331.0,1694355334.0,1694355355.0,46696318.1,1694355333.0,1694355376.0,1694355365.0,1694355369.0,154294.0,1694355376.0,1694355382.0,5.0,,2.0,43.0,6.0,21.0,718532572.0,4.0,556900.0,poseidon,condorpool,poseidon-worker-2-container-24-27,um_vel,/opt/UM_VEL/UM_VEL,,1.7,0,0,,,,,,,,,
um_vel_ID0000082,None,compute,0,1694355331.0,,,1694355336.0,1694355339.0,1694355357.0,55668110.5,1694355337.0,1694355377.0,1694355366.0,1694355369.0,177975.0,1694355377.0,1694355382.0,5.0,,1.0,40.0,5.0,18.0,719777424.0,3.0,556900.0,poseidon,condorpool,poseidon-worker-1-container-0-3,um_vel,/opt/UM_VEL/UM_VEL,,1.7,0,0,,,,,,,,,
um_vel_ID0000127,None,compute,0,1694355331.0,,,1694355336.0,1694355339.0,1694355356.0,57904183.3,1694355337.0,1694355376.0,1694355365.0,1694355368.0,175354.0,1694355376.0,1694355382.0,5.0,,1.0,39.0,6.0,17.0,697205176.0,3.0,556900.0,poseidon,condorpool,poseidon-worker-1-container-4-7,um_vel,/opt/UM_VEL/UM_VEL,,1.7,0,0,,,,,,,,,
um_vel_ID0000107,None,compute,0,1694355331.0,,,1694355336.0,1694355339.0,1694355358.0,50976487.2,1694355337.0,1694355377.0,1694355366.0,1694355369.0,175522.0,1694355377.0,1694355382.0,5.0,,1.0,40.0,5.0,19.0,678408568.0,3.0,556900.0,poseidon,condorpool,poseidon-worker-1-container-8-11,um_vel,/opt/UM_VEL/UM_VEL,,1.7,0,0,,,,,,,,,
um_vel_ID0000052,None,compute,0,1694355336.0,,,1694355341.0,1694355364.0,1694355385.0,46110223.0,1694355362.0,1694355407.0,1694355394.0,1694355397.0,176751.0,1694355407.0,1694355412.0,5.0,,21.0,45.0,5.0,21.0,720888048.0,3.0,556900.0,poseidon,condorpool,poseidon-worker-1-container-16-19,um_vel,/opt/UM_VEL/UM_VEL,,1.7,0,0,,,,,,,,,
stage_out_local_condorpool_0_2,None,transfer,0,1694355336.0,,,1694355341.0,,,0.0,1694355342.0,1694355376.0,,,0.0,1694355376.0,1694355382.0,5.0,,1.0,34.0,6.0,,,,,poseidon,local,poseidon-submit,pegasus::transfer,/mnt/poseidon-data/poseidon/pegasus-5.1.0panorama/bin/pegasus-transfer,/home/poseidon/pegasus-5.1.0panorama/bin/../bin/pegasus-kickstart  -n pegasus::transfer -N null -i - -R local  -L casa-wind-full -T 2023-09-08T07:29:05+00:00 /home/poseidon/pegasus-5.1.0panorama/bin/../bin/pegasus-transfer  --threads 2,36.0,0,0,,,,,,,,,
stage_out_local_condorpool_0_1,None,transfer,0,1694355336.0,,,1694355341.0,,,0.0,1694355342.0,1694355376.0,,,0.0,1694355376.0,1694355382.0,5.0,,1.0,34.0,6.0,,,,,poseidon,local,poseidon-submit,pegasus::transfer,/mnt/poseidon-data/poseidon/pegasus-5.1.0panorama/bin/pegasus-transfer,/home/poseidon/pegasus-5.1.0panorama/bin/../bin/pegasus-kickstart  -n pegasus::transfer -N null -i - -R local  -L casa-wind-full -T 2023-09-08T07:29:05+00:00 /home/poseidon/pegasus-5.1.0panorama/bin/../bin/pegasus-transfer  --threads 2,35.7,0,0,,,,,,,,,
stage_out_local_condorpool_0_0,None,transfer,0,1694355336.0,,,1694355341.0,,,0.0,1694355342.0,1694355377.0,,,0.0,1694355377.0,1694355382.0,5.0,,1.0,35.0,5.0,,,,,poseidon,local,poseidon-submit,pegasus::transfer,/mnt/poseidon-data/poseidon/pegasus-5.1.0panorama/bin/pegasus-transfer,/home/poseidon/pegasus-5.1.0panorama/bin/../bin/pegasus-kickstart  -n pegasus::transfer -N null -i - -R local  -L casa-wind-full -T 2023-09-08T07:29:05+00:00 /home/poseidon/pegasus-5.1.0panorama/bin/../bin/pegasus-transfer  --threads 2,36.4,0,0,,,,,,,,,
um_vel_ID0000002,None,compute,0,1694355336.0,,,1694355341.0,1694355344.0,1694355366.0,45816802.8,1694355342.0,1694355387.0,1694355374.0,1694355377.0,178827.0,1694355387.0,1694355392.0,5.0,,1.0,45.0,5.0,22.0,737941744.0,3.0,556900.0,poseidon,condorpool,poseidon-worker-1-container-36-39,um_vel,/opt/UM_VEL/UM_VEL,,1.7,0,0,,,,,,,,,
um_vel_ID0000012,None,compute,0,1694355336.0,,,1694355341.0,1694355366.0,1694355385.0,57350856.0,1694355365.0,1694355407.0,1694355394.0,1694355397.0,172141.0,1694355407.0,1694355412.0,5.0,,24.0,42.0,5.0,19.0,741792672.0,3.0,556900.0,poseidon,condorpool,poseidon-worker-2-container-0-3,um_vel,/opt/UM_VEL/UM_VEL,,1.7,0,0,,,,,,,,,
post_vel_ID0000088,None,compute,0,1694355371.0,,,1694355376.0,1694355380.0,1694355392.0,26761002.8,1694355378.0,1694355407.0,1694355397.0,1694355400.0,4111.0,1694355407.0,1694355412.0,5.0,,2.0,29.0,5.0,12.0,177143937.0,3.0,12740.0,poseidon,condorpool,poseidon-worker-2-container-20-23,post_vel,/opt/netcdf2png/merged_netcdf2png,,0.1,0,0,,,,,,,,,
post_vel_ID0000058,None,compute,0,1694355371.0,,,1694355376.0,1694355380.0,1694355391.0,34976460.4,1694355378.0,1694355407.0,1694355396.0,1694355399.0,3352.0,1694355407.0,1694355412.0,5.0,,2.0,29.0,5.0,11.0,177143937.0,3.0,10981.0,poseidon,condorpool,poseidon-worker-1-container-32-35,post_vel,/opt/netcdf2png/merged_netcdf2png,,0.1,0,0,,,,,,,,,
mvt_ID0000089,None,compute,0,1694355371.0,,,1694355376.0,1694355379.0,1694355390.0,34186663.4,1694355378.0,1694355447.0,1694355436.0,1694355439.0,15649.0,1694355447.0,1694355452.0,5.0,,2.0,69.0,5.0,11.0,177143652.0,3.0,48475.0,poseidon,condorpool,poseidon-worker-2-container-12-15,mvt,/opt/mvt/mvt,,40.4,0,0,0.0,795681.0,24576.0,443.0,6.0,39.9,0.1,19892.0,2457.6
mvt_ID0000059,None,compute,0,1694355371.0,,,1694355376.0,1694355379.0,1694355390.0,34782632.4,1694355378.0,1694355447.0,1694355436.0,1694355440.0,9144.0,1694355447.0,1694355452.0,5.0,,2.0,69.0,5.0,11.0,177143652.0,4.0,28164.0,poseidon,condorpool,poseidon-worker-1-container-20-23,mvt,/opt/mvt/mvt,,40.8,0,0,0.0,795685.0,12288.0,443.0,3.0,39.4,0.6,19892.1,1228.8
mvt_ID0000069,None,compute,0,1694355371.0,,,1694355376.0,1694355380.0,1694355391.0,35047047.4,1694355378.0,1694355447.0,1694355436.0,1694355440.0,11339.0,1694355447.0,1694355452.0,5.0,,2.0,69.0,5.0,11.0,177143652.0,4.0,35309.0,poseidon,condorpool,poseidon-worker-2-container-24-27,mvt,/opt/mvt/mvt,,40.6,0,0,0.0,792929.0,16384.0,437.0,4.0,39.5,0.5,19823.2,819.2
post_vel_ID0000068,None,compute,0,1694355371.0,,,1694355376.0,1694355379.0,1694355392.0,25625251.0,1694355378.0,1694355407.0,1694355397.0,1694355400.0,3526.0,1694355407.0,1694355412.0,5.0,,2.0,29.0,5.0,13.0,177143937.0,3.0,11398.0,poseidon,condorpool,poseidon-worker-1-container-12-15,post_vel,/opt/netcdf2png/merged_netcdf2png,,0.2,0,0,,,,,,,,,
post_vel_ID0000078,None,compute,0,1694355371.0,,,1694355376.0,1694355379.0,1694355391.0,28329880.2,1694355378.0,1694355407.0,1694355396.0,1694355400.0,4006.0,1694355407.0,1694355412.0,5.0,,2.0,29.0,5.0,12.0,177143937.0,4.0,12264.0,poseidon,condorpool,poseidon-worker-1-container-44-47,post_vel,/opt/netcdf2png/merged_netcdf2png,,0.1,0,0,,,,,,,,,
mvt_ID0000079,None,compute,0,1694355371.0,,,1694355376.0,1694355379.0,1694355390.0,34802022.6,1694355378.0,1694355447.0,1694355436.0,1694355439.0,14538.0,1694355447.0,1694355452.0,5.0,,2.0,69.0,5.0,11.0,177143652.0,3.0,45337.0,poseidon,condorpool,poseidon-worker-2-container-8-11,mvt,/opt/mvt/mvt,,40.3,0,0,0.0,792886.0,24576.0,437.0,6.0,39.9,0.1,19822.2,1228.8
mvt_ID0000044,None,compute,0,1694355371.0,,,1694355376.0,1694355379.0,1694355390.0,34700339.4,1694355378.0,1694355447.0,1694355436.0,1694355439.0,9002.0,1694355447.0,1694355452.0,5.0,,2.0,69.0,5.0,11.0,177143652.0,3.0,28113.0,poseidon,condorpool,poseidon-worker-2-container-44-47,mvt,/opt/mvt/mvt,,40.3,0,0,0.0,795678.0,12288.0,443.0,3.0,39.9,0.1,19892.0,1228.8
post_vel_ID0000043,cpu_2,compute,0,1694355371.0,,,1694355376.0,1694355379.0,1694355390.0,35008094.2,1694355378.0,1694355407.0,1694355396.0,1694355399.0,3589.0,1694355407.0,1694355412.0,5.0,,2.0,29.0,5.0,11.0,177143937.0,3.0,11050.0,poseidon,condorpool,poseidon-worker-2-container-36-39,post_vel,/opt/netcdf2png/merged_netcdf2png,,0.1,0,0,,,,,,,,,
mvt_ID0000049,cpu_2,compute,0,1694355371.0,,,1694355376.0,1694355380.0,1694355390.0,34920611.6,1694355378.0,1694355447.0,1694355434.0,1694355437.0,7710.0,1694355447.0,1694355452.0,5.0,,2.0,69.0,5.0,10.0,177143652.0,3.0,24108.0,poseidon,condorpool,poseidon-worker-1-container-28-31,mvt,/opt/mvt/mvt,,38.4,0,0,0.0,787774.0,12288.0,419.0,3.0,29.9,0.1,26259.1,1228.8
post_vel_ID0000048,None,compute,0,1694355371.0,,,1694355376.0,1694355379.0,1694355390.0,34827978.0,1694355378.0,1694355407.0,1694355396.0,1694355399.0,3347.0,1694355407.0,1694355412.0,5.0,,2.0,29.0,5.0,11.0,177143937.0,3.0,10371.0,poseidon,condorpool,poseidon-worker-1-container-40-43,post_vel,/opt/netcdf2png/merged_netcdf2png,,0.1,0,0,,,,,,,,,
post_vel_ID0000028,None,compute,0,1694355376.0,,,1694355382.0,1694355385.0,1694355396.0,33503025.8,1694355383.0,1694355412.0,1694355402.0,1694355405.0,3590.0,1694355412.0,1694355417.0,6.0,,1.0,29.0,5.0,11.0,177143937.0,3.0,11529.0,poseidon,condorpool,poseidon-worker-2-container-40-43,post_vel,/opt/netcdf2png/merged_netcdf2png,,0.2,0,0,,,,,,,,,
mvt_ID0000104,None,compute,0,1694355376.0,,,1694355382.0,1694355385.0,1694355396.0,34423011.8,1694355384.0,1694355452.0,1694355442.0,1694355445.0,19198.0,1694355452.0,1694355457.0,6.0,,2.0,68.0,5.0,11.0,177143652.0,3.0,59590.0,poseidon,condorpool,poseidon-worker-1-container-8-11,mvt,/opt/mvt/mvt,,40.1,0,0,0.0,803834.0,32768.0,461.0,8.0,39.8,0.1,20095.8,3276.8
post_vel_ID0000103,None,compute,0,1694355376.0,,,1694355382.0,1694355385.0,1694355396.0,33487110.6,1694355383.0,1694355412.0,1694355402.0,1694355405.0,4377.0,1694355412.0,1694355417.0,6.0,,1.0,29.0,5.0,11.0,177143937.0,3.0,13815.0,poseidon,condorpool,poseidon-worker-1-container-36-39,post_vel,/opt/netcdf2png/merged_netcdf2png,,0.1,0,0,,,,,,,,,
mvt_ID0000094,None,compute,0,1694355376.0,,,1694355382.0,1694355385.0,1694355396.0,35113258.4,1694355383.0,1694355452.0,1694355440.0,1694355443.0,17053.0,1694355452.0,1694355457.0,6.0,,1.0,69.0,5.0,11.0,177143652.0,3.0,52407.0,poseidon,condorpool,poseidon-worker-1-container-0-3,mvt,/opt/mvt/mvt,,38.3,0,0,0.0,839811.0,28672.0,533.0,7.0,29.9,0.1,27993.7,1433.6
post_vel_ID0000098,None,compute,0,1694355376.0,,,1694355382.0,1694355385.0,1694355396.0,33245788.2,1694355383.0,1694355412.0,1694355402.0,1694355405.0,4237.0,1694355412.0,1694355417.0,6.0,,1.0,29.0,5.0,11.0,177143937.0,3.0,13355.0,poseidon,condorpool,poseidon-worker-2-container-16-19,post_vel,/opt/netcdf2png/merged_netcdf2png,,0.1,0,0,,,,,,,,,
mvt_ID0000029,None,compute,0,1694355376.0,,,1694355382.0,1694355385.0,1694355396.0,34769159.2,1694355384.0,1694355452.0,1694355442.0,1694355445.0,12443.0,1694355452.0,1694355457.0,6.0,,2.0,68.0,5.0,11.0,177143652.0,3.0,38341.0,poseidon,condorpool,poseidon-worker-2-container-32-35,mvt,/opt/mvt/mvt,,39.8,0,0,0.1,805247.0,20480.0,464.0,5.0,39.7,0.1,20131.2,1024.0
post_vel_ID0000093,None,compute,0,1694355376.0,,,1694355382.0,1694355385.0,1694355396.0,29644067.0,1694355384.0,1694355412.0,1694355402.0,1694355405.0,4235.0,1694355412.0,1694355417.0,6.0,,2.0,28.0,5.0,11.0,177143937.0,3.0,13303.0,poseidon,condorpool,poseidon-worker-1-container-4-7,post_vel,/opt/netcdf2png/merged_netcdf2png,,0.1,0,0,,,,,,,,,
mvt_ID0000099,None,compute,0,1694355376.0,,,1694355382.0,1694355385.0,1694355396.0,32258172.6,1694355384.0,1694355452.0,1694355441.0,1694355445.0,16132.0,1694355452.0,1694355457.0,6.0,,2.0,68.0,5.0,11.0,177143652.0,4.0,50118.0,poseidon,condorpool,poseidon-worker-2-container-4-7,mvt,/opt/mvt/mvt,,39.8,0,0,0.0,801365.0,28672.0,449.0,7.0,29.9,0.1,26712.2,1433.6
post_vel_ID0000018,None,compute,0,1694355376.0,,,1694355382.0,1694355385.0,1694355396.0,35035736.0,1694355384.0,1694355412.0,1694355402.0,1694355405.0,3667.0,1694355412.0,1694355417.0,6.0,,2.0,28.0,5.0,11.0,177143937.0,3.0,11645.0,poseidon,condorpool,poseidon-worker-1-container-0-3,post_vel,/opt/netcdf2png/merged_netcdf2png,,0.1,0,0,,,,,,,,,
mvt_ID0000019,None,compute,0,1694355376.0,,,1694355382.0,1694355385.0,1694355396.0,32428562.0,1694355383.0,1694355452.0,1694355442.0,1694355445.0,11801.0,1694355452.0,1694355457.0,6.0,,1.0,69.0,5.0,11.0,177143652.0,3.0,36245.0,poseidon,condorpool,poseidon-worker-1-container-44-47,mvt,/opt/mvt/mvt,,40.1,0,0,0.0,834202.0,20480.0,527.0,5.0,39.8,0.1,20855.0,1024.0
post_vel_ID0000118,None,compute,0,1694355382.0,,,1694355387.0,1694355401.0,1694355413.0,29276010.0,1694355398.0,1694355427.0,1694355418.0,1694355422.0,4674.0,1694355427.0,1694355432.0,5.0,,11.0,29.0,5.0,12.0,177143937.0,4.0,14402.0,poseidon,condorpool,poseidon-worker-1-container-40-43,post_vel,/opt/netcdf2png/merged_netcdf2png,,0.1,0,0,,,,,,,,,
post_vel_ID0000128,None,compute,0,1694355382.0,,,1694355387.0,1694355401.0,1694355412.0,29568888.5,1694355399.0,1694355427.0,1694355418.0,1694355421.0,4708.0,1694355427.0,1694355432.0,5.0,,12.0,28.0,5.0,11.0,177143937.0,3.0,14512.0,poseidon,condorpool,poseidon-worker-2-container-32-35,post_vel,/opt/netcdf2png/merged_netcdf2png,,0.1,0,0,,,,,,,,,
stage_out_local_condorpool_1_0,None,transfer,0,1694355382.0,,,1694355387.0,,,0.0,1694355389.0,1694355397.0,,,0.0,1694355397.0,1694355402.0,5.0,,2.0,8.0,5.0,,,,,poseidon,local,poseidon-submit,pegasus::transfer,/mnt/poseidon-data/poseidon/pegasus-5.1.0panorama/bin/pegasus-transfer,/home/poseidon/pegasus-5.1.0panorama/bin/../bin/pegasus-kickstart  -n pegasus::transfer -N null -i - -R local  -L casa-wind-full -T 2023-09-08T07:29:05+00:00 /home/poseidon/pegasus-5.1.0panorama/bin/../bin/pegasus-transfer  --threads 2,1.0,0,0,,,,,,,,,
mvt_ID0000064,None,compute,0,1694355382.0,,,1694355387.0,1694355401.0,1694355412.0,29577515.0,1694355398.0,1694355467.0,1694355457.0,1694355460.0,9835.0,1694355467.0,1694355472.0,5.0,,11.0,69.0,5.0,11.0,177143652.0,3.0,31148.0,poseidon,condorpool,poseidon-worker-1-container-8-11,mvt,/opt/mvt/mvt,,39.9,0,0,0.0,819313.0,16384.0,488.0,4.0,29.9,0.1,27310.4,819.2
post_vel_ID0000063,None,compute,0,1694355382.0,,,1694355387.0,1694355401.0,1694355412.0,34424623.6,1694355399.0,1694355427.0,1694355418.0,1694355421.0,3736.0,1694355427.0,1694355432.0,5.0,,12.0,28.0,5.0,11.0,177143937.0,3.0,11628.0,poseidon,condorpool,poseidon-worker-1-container-4-7,post_vel,/opt/netcdf2png/merged_netcdf2png,,0.2,0,0,,,,,,,,,
mvt_ID0000084,None,compute,0,1694355382.0,,,1694355387.0,1694355400.0,1694355411.0,29938322.5,1694355398.0,1694355467.0,1694355456.0,1694355460.0,15165.0,1694355467.0,1694355472.0,5.0,,11.0,69.0,5.0,11.0,177143652.0,4.0,47998.0,poseidon,condorpool,poseidon-worker-2-container-4-7,mvt,/opt/mvt/mvt,,39.9,0,0,0.0,820622.0,24576.0,491.0,6.0,29.9,0.1,27354.1,1228.8
post_vel_ID0000108,None,compute,0,1694355382.0,,,1694355387.0,1694355401.0,1694355413.0,27367277.8,1694355399.0,1694355427.0,1694355418.0,1694355422.0,4436.0,1694355427.0,1694355432.0,5.0,,12.0,28.0,5.0,12.0,177143937.0,4.0,13907.0,poseidon,condorpool,poseidon-worker-1-container-24-27,post_vel,/opt/netcdf2png/merged_netcdf2png,,0.2,0,0,,,,,,,,,
mvt_ID0000109,None,compute,0,1694355382.0,,,1694355387.0,1694355401.0,1694355415.0,19925058.0,1694355399.0,1694355472.0,1694355460.0,1694355464.0,19086.0,1694355472.0,1694355477.0,5.0,,12.0,73.0,5.0,14.0,177143652.0,4.0,59954.0,poseidon,condorpool,poseidon-worker-2-container-28-31,mvt,/opt/mvt/mvt,,39.9,0,0,0.0,791788.0,32768.0,428.0,8.0,29.9,0.1,26392.9,1638.4
register_condorpool_0_0,None,auxiliary,0,1694355382.0,,,1694355427.0,,,0.0,1694355428.0,1694355432.0,,,0.0,1694355432.0,1694355437.0,45.0,,1.0,4.0,5.0,,,,,poseidon,local,poseidon-submit,pegasus::rc-client,/mnt/poseidon-data/poseidon/pegasus-5.1.0panorama/bin/pegasus-rc-client,"-n pegasus::rc-client -N null -R local  -L casa-wind-full -T 2023-09-08T07:29:05+00:00 /home/poseidon/pegasus-5.1.0panorama/bin/pegasus-rc-client --prefix pegasus.catalog.replica.output --conf /mnt/poseidon-data/poseidon/workflows/casa-wind-workflow-full/submit/poseidon/pegasus/casa-wind-full/run0158/pegasus.11701649743286086438.properties -v --meta /mnt/poseidon-data/poseidon/workflows/casa-wind-workflow-full/submit/poseidon/pegasus/casa-wind-full/run0158/00/00/unzip_ID0000001.meta,/mnt/poseidon-data/poseidon/workflows/casa-wind-workflow-full/submit/poseidon/pegasus/casa-wind-full/run0158/00/00/unzip_ID0000071.meta,/mnt/poseidon-data/poseidon/workflows/casa-wind-workflow-full/submit/poseidon/pegasus/casa-wind-full/run0158/00/00/unzip_ID0000076.meta,/mnt/poseidon-data/poseidon/workflows/casa-wind-workflow-full/submit/poseidon/pegasus/casa-wind-full/run0158/00/00/unzip_ID0000051.meta,/mnt/poseidon-data/poseidon/workflows/casa-wind-workflow-full/submit/poseidon/pegasus/casa-wind-full/run0158/00/00/unzip_ID0000026.meta,/mnt/poseidon-data/poseidon/workflows/casa-wind-workflow-full/submit/poseidon/pegasus/casa-wind-full/run0158/00/00/unzip_ID0000101.meta,/mnt/poseidon-data/poseidon/workflows/casa-wind-workflow-full/submit/poseidon/pegasus/casa-wind-full/run0158/00/00/unzip_ID0000006.meta,/mnt/poseidon-data/poseidon/workflows/casa-wind-workflow-full/submit/poseidon/pegasus/casa-wind-full/run0158/00/00/unzip_ID0000121.meta,/mnt/poseidon-data/poseidon/workflows/casa-wind-workflow-full/submit/poseidon/pegasus/casa-wind-full/run0158/00/00/unzip_ID0000111.meta,/mnt/poseidon-data/poseidon/workflows/casa-wind-workflow-full/submit/poseidon/pegasus/casa-wind-full/run0158/00/00/unzip_ID0000126.meta,/mnt/poseidon-data/poseidon/workflows/casa-wind-workflow-full/submit/poseidon/pegasus/casa-wind-full/run0158/00/00/unzip_ID0000046.meta,/mnt/poseidon-data/poseidon/workflows/casa-wind-workflow-full/submit/poseidon/pegasus/casa-wind-full/run0158/00/00/unzip_ID0000081.meta,/mnt/poseidon-data/poseidon/workflows/casa-wind-workflow-full/submit/poseidon/pegasus/casa-wind-full/run0158/00/00/unzip_ID0000096.meta,/mnt/poseidon-data/poseidon/workflows/casa-wind-workflow-full/submit/poseidon/pegasus/casa-wind-full/run0158/00/00/unzip_ID0000016.meta,/mnt/poseidon-data/poseidon/workflows/casa-wind-workflow-full/submit/poseidon/pegasus/casa-wind-full/run0158/00/00/unzip_ID0000041.meta,/mnt/poseidon-data/poseidon/workflows/casa-wind-workflow-full/submit/poseidon/pegasus/casa-wind-full/run0158/00/00/unzip_ID0000116.meta,/mnt/poseidon-data/poseidon/workflows/casa-wind-workflow-full/submit/poseidon/pegasus/casa-wind-full/run0158/00/00/unzip_ID0000036.meta,/mnt/poseidon-data/poseidon/workflows/casa-wind-workflow-full/submit/poseidon/pegasus/casa-wind-full/run0158/00/00/unzip_ID0000106.meta,/mnt/poseidon-data/poseidon/workflows/casa-wind-workflow-full/submit/poseidon/pegasus/casa-wind-full/run0158/00/00/unzip_ID0000031.meta,/mnt/poseidon-data/poseidon/workflows/casa-wind-workflow-full/submit/poseidon/pegasus/casa-wind-full/run0158/00/00/unzip_ID0000091.meta,/mnt/poseidon-data/poseidon/workflows/casa-wind-workflow-full/submit/poseidon/pegasus/casa-wind-full/run0158/00/00/unzip_ID0000061.meta,/mnt/poseidon-data/poseidon/workflows/casa-wind-workflow-full/submit/poseidon/pegasus/casa-wind-full/run0158/00/00/unzip_ID0000066.meta,/mnt/poseidon-data/poseidon/workflows/casa-wind-workflow-full/submit/poseidon/pegasus/casa-wind-full/run0158/00/00/unzip_ID0000056.meta,/mnt/poseidon-data/poseidon/workflows/casa-wind-workflow-full/submit/poseidon/pegasus/casa-wind-full/run0158/00/00/unzip_ID0000086.meta,/mnt/poseidon-data/poseidon/workflows/casa-wind-workflow-full/submit/poseidon/pegasus/casa-wind-full/run0158/00/00/unzip_ID0000011.meta,/mnt/poseidon-data/poseidon/workflows/casa-wind-workflow-full/submit/poseidon/pegasus/casa-wind-full/run0158/00/00/unzip_ID0000021.meta --insert /mnt/poseidon-data/poseidon/workflows/casa-wind-workflow-full/submit/poseidon/pegasus/casa-wind-full/run0158/00/00/register_condorpool_0_0.in",3.0,0,0,,,,,,,,,
register_condorpool_0_1,None,auxiliary,0,1694355382.0,,,1694355397.0,,,0.0,1694355397.0,1694355402.0,,,0.0,1694355402.0,1694355407.0,15.0,,0.0,5.0,5.0,,,,,poseidon,local,poseidon-submit,pegasus::rc-client,/mnt/poseidon-data/poseidon/pegasus-5.1.0panorama/bin/pegasus-rc-client,"-n pegasus::rc-client -N null -R local  -L casa-wind-full -T 2023-09-08T07:29:05+00:00 /home/poseidon/pegasus-5.1.0panorama/bin/pegasus-rc-client --prefix pegasus.catalog.replica.output --conf /mnt/poseidon-data/poseidon/workflows/casa-wind-workflow-full/submit/poseidon/pegasus/casa-wind-full/run0158/pegasus.11701649743286086438.properties -v --meta /mnt/poseidon-data/poseidon/workflows/casa-wind-workflow-full/submit/poseidon/pegasus/casa-wind-full/run0158/00/00/unzip_ID0000001.meta,/mnt/poseidon-data/poseidon/workflows/casa-wind-workflow-full/submit/poseidon/pegasus/casa-wind-full/run0158/00/00/unzip_ID0000071.meta,/mnt/poseidon-data/poseidon/workflows/casa-wind-workflow-full/submit/poseidon/pegasus/casa-wind-full/run0158/00/00/unzip_ID0000076.meta,/mnt/poseidon-data/poseidon/workflows/casa-wind-workflow-full/submit/poseidon/pegasus/casa-wind-full/run0158/00/00/unzip_ID0000051.meta,/mnt/poseidon-data/poseidon/workflows/casa-wind-workflow-full/submit/poseidon/pegasus/casa-wind-full/run0158/00/00/unzip_ID0000026.meta,/mnt/poseidon-data/poseidon/workflows/casa-wind-workflow-full/submit/poseidon/pegasus/casa-wind-full/run0158/00/00/unzip_ID0000101.meta,/mnt/poseidon-data/poseidon/workflows/casa-wind-workflow-full/submit/poseidon/pegasus/casa-wind-full/run0158/00/00/unzip_ID0000006.meta,/mnt/poseidon-data/poseidon/workflows/casa-wind-workflow-full/submit/poseidon/pegasus/casa-wind-full/run0158/00/00/unzip_ID0000121.meta,/mnt/poseidon-data/poseidon/workflows/casa-wind-workflow-full/submit/poseidon/pegasus/casa-wind-full/run0158/00/00/unzip_ID0000111.meta,/mnt/poseidon-data/poseidon/workflows/casa-wind-workflow-full/submit/poseidon/pegasus/casa-wind-full/run0158/00/00/unzip_ID0000126.meta,/mnt/poseidon-data/poseidon/workflows/casa-wind-workflow-full/submit/poseidon/pegasus/casa-wind-full/run0158/00/00/unzip_ID0000046.meta,/mnt/poseidon-data/poseidon/workflows/casa-wind-workflow-full/submit/poseidon/pegasus/casa-wind-full/run0158/00/00/unzip_ID0000081.meta,/mnt/poseidon-data/poseidon/workflows/casa-wind-workflow-full/submit/poseidon/pegasus/casa-wind-full/run0158/00/00/unzip_ID0000096.meta,/mnt/poseidon-data/poseidon/workflows/casa-wind-workflow-full/submit/poseidon/pegasus/casa-wind-full/run0158/00/00/unzip_ID0000016.meta,/mnt/poseidon-data/poseidon/workflows/casa-wind-workflow-full/submit/poseidon/pegasus/casa-wind-full/run0158/00/00/unzip_ID0000041.meta,/mnt/poseidon-data/poseidon/workflows/casa-wind-workflow-full/submit/poseidon/pegasus/casa-wind-full/run0158/00/00/unzip_ID0000116.meta,/mnt/poseidon-data/poseidon/workflows/casa-wind-workflow-full/submit/poseidon/pegasus/casa-wind-full/run0158/00/00/unzip_ID0000036.meta,/mnt/poseidon-data/poseidon/workflows/casa-wind-workflow-full/submit/poseidon/pegasus/casa-wind-full/run0158/00/00/unzip_ID0000106.meta,/mnt/poseidon-data/poseidon/workflows/casa-wind-workflow-full/submit/poseidon/pegasus/casa-wind-full/run0158/00/00/unzip_ID0000031.meta,/mnt/poseidon-data/poseidon/workflows/casa-wind-workflow-full/submit/poseidon/pegasus/casa-wind-full/run0158/00/00/unzip_ID0000091.meta,/mnt/poseidon-data/poseidon/workflows/casa-wind-workflow-full/submit/poseidon/pegasus/casa-wind-full/run0158/00/00/unzip_ID0000061.meta,/mnt/poseidon-data/poseidon/workflows/casa-wind-workflow-full/submit/poseidon/pegasus/casa-wind-full/run0158/00/00/unzip_ID0000066.meta,/mnt/poseidon-data/poseidon/workflows/casa-wind-workflow-full/submit/poseidon/pegasus/casa-wind-full/run0158/00/00/unzip_ID0000056.meta,/mnt/poseidon-data/poseidon/workflows/casa-wind-workflow-full/submit/poseidon/pegasus/casa-wind-full/run0158/00/00/unzip_ID0000086.meta,/mnt/poseidon-data/poseidon/workflows/casa-wind-workflow-full/submit/poseidon/pegasus/casa-wind-full/run0158/00/00/unzip_ID0000011.meta,/mnt/poseidon-data/poseidon/workflows/casa-wind-workflow-full/submit/poseidon/pegasus/casa-wind-full/run0158/00/00/unzip_ID0000021.meta --insert /mnt/poseidon-data/poseidon/workflows/casa-wind-workflow-full/submit/poseidon/pegasus/casa-wind-full/run0158/00/00/register_condorpool_0_1.in",3.5,0,0,,,,,,,,,
register_condorpool_0_2,None,auxiliary,0,1694355382.0,,,1694355387.0,,,0.0,1694355389.0,1694355392.0,,,0.0,1694355392.0,1694355397.0,5.0,,2.0,3.0,5.0,,,,,poseidon,local,poseidon-submit,pegasus::rc-client,/mnt/poseidon-data/poseidon/pegasus-5.1.0panorama/bin/pegasus-rc-client,"-n pegasus::rc-client -N null -R local  -L casa-wind-full -T 2023-09-08T07:29:05+00:00 /home/poseidon/pegasus-5.1.0panorama/bin/pegasus-rc-client --prefix pegasus.catalog.replica.output --conf /mnt/poseidon-data/poseidon/workflows/casa-wind-workflow-full/submit/poseidon/pegasus/casa-wind-full/run0158/pegasus.11701649743286086438.properties -v --meta /mnt/poseidon-data/poseidon/workflows/casa-wind-workflow-full/submit/poseidon/pegasus/casa-wind-full/run0158/00/00/unzip_ID0000001.meta,/mnt/poseidon-data/poseidon/workflows/casa-wind-workflow-full/submit/poseidon/pegasus/casa-wind-full/run0158/00/00/unzip_ID0000071.meta,/mnt/poseidon-data/poseidon/workflows/casa-wind-workflow-full/submit/poseidon/pegasus/casa-wind-full/run0158/00/00/unzip_ID0000076.meta,/mnt/poseidon-data/poseidon/workflows/casa-wind-workflow-full/submit/poseidon/pegasus/casa-wind-full/run0158/00/00/unzip_ID0000051.meta,/mnt/poseidon-data/poseidon/workflows/casa-wind-workflow-full/submit/poseidon/pegasus/casa-wind-full/run0158/00/00/unzip_ID0000026.meta,/mnt/poseidon-data/poseidon/workflows/casa-wind-workflow-full/submit/poseidon/pegasus/casa-wind-full/run0158/00/00/unzip_ID0000101.meta,/mnt/poseidon-data/poseidon/workflows/casa-wind-workflow-full/submit/poseidon/pegasus/casa-wind-full/run0158/00/00/unzip_ID0000006.meta,/mnt/poseidon-data/poseidon/workflows/casa-wind-workflow-full/submit/poseidon/pegasus/casa-wind-full/run0158/00/00/unzip_ID0000121.meta,/mnt/poseidon-data/poseidon/workflows/casa-wind-workflow-full/submit/poseidon/pegasus/casa-wind-full/run0158/00/00/unzip_ID0000111.meta,/mnt/poseidon-data/poseidon/workflows/casa-wind-workflow-full/submit/poseidon/pegasus/casa-wind-full/run0158/00/00/unzip_ID0000126.meta,/mnt/poseidon-data/poseidon/workflows/casa-wind-workflow-full/submit/poseidon/pegasus/casa-wind-full/run0158/00/00/unzip_ID0000046.meta,/mnt/poseidon-data/poseidon/workflows/casa-wind-workflow-full/submit/poseidon/pegasus/casa-wind-full/run0158/00/00/unzip_ID0000081.meta,/mnt/poseidon-data/poseidon/workflows/casa-wind-workflow-full/submit/poseidon/pegasus/casa-wind-full/run0158/00/00/unzip_ID0000096.meta,/mnt/poseidon-data/poseidon/workflows/casa-wind-workflow-full/submit/poseidon/pegasus/casa-wind-full/run0158/00/00/unzip_ID0000016.meta,/mnt/poseidon-data/poseidon/workflows/casa-wind-workflow-full/submit/poseidon/pegasus/casa-wind-full/run0158/00/00/unzip_ID0000041.meta,/mnt/poseidon-data/poseidon/workflows/casa-wind-workflow-full/submit/poseidon/pegasus/casa-wind-full/run0158/00/00/unzip_ID0000116.meta,/mnt/poseidon-data/poseidon/workflows/casa-wind-workflow-full/submit/poseidon/pegasus/casa-wind-full/run0158/00/00/unzip_ID0000036.meta,/mnt/poseidon-data/poseidon/workflows/casa-wind-workflow-full/submit/poseidon/pegasus/casa-wind-full/run0158/00/00/unzip_ID0000106.meta,/mnt/poseidon-data/poseidon/workflows/casa-wind-workflow-full/submit/poseidon/pegasus/casa-wind-full/run0158/00/00/unzip_ID0000031.meta,/mnt/poseidon-data/poseidon/workflows/casa-wind-workflow-full/submit/poseidon/pegasus/casa-wind-full/run0158/00/00/unzip_ID0000091.meta,/mnt/poseidon-data/poseidon/workflows/casa-wind-workflow-full/submit/poseidon/pegasus/casa-wind-full/run0158/00/00/unzip_ID0000061.meta,/mnt/poseidon-data/poseidon/workflows/casa-wind-workflow-full/submit/poseidon/pegasus/casa-wind-full/run0158/00/00/unzip_ID0000066.meta,/mnt/poseidon-data/poseidon/workflows/casa-wind-workflow-full/submit/poseidon/pegasus/casa-wind-full/run0158/00/00/unzip_ID0000056.meta,/mnt/poseidon-data/poseidon/workflows/casa-wind-workflow-full/submit/poseidon/pegasus/casa-wind-full/run0158/00/00/unzip_ID0000086.meta,/mnt/poseidon-data/poseidon/workflows/casa-wind-workflow-full/submit/poseidon/pegasus/casa-wind-full/run0158/00/00/unzip_ID0000011.meta,/mnt/poseidon-data/poseidon/workflows/casa-wind-workflow-full/submit/poseidon/pegasus/casa-wind-full/run0158/00/00/unzip_ID0000021.meta --insert /mnt/poseidon-data/poseidon/workflows/casa-wind-workflow-full/submit/poseidon/pegasus/casa-wind-full/run0158/00/00/register_condorpool_0_2.in",3.1,0,0,,,,,,,,,
stage_out_local_condorpool_1_1,None,transfer,0,1694355382.0,,,1694355387.0,,,0.0,1694355389.0,1694355397.0,,,0.0,1694355397.0,1694355402.0,5.0,,2.0,8.0,5.0,,,,,poseidon,local,poseidon-submit,pegasus::transfer,/mnt/poseidon-data/poseidon/pegasus-5.1.0panorama/bin/pegasus-transfer,/home/poseidon/pegasus-5.1.0panorama/bin/../bin/pegasus-kickstart  -n pegasus::transfer -N null -i - -R local  -L casa-wind-full -T 2023-09-08T07:29:05+00:00 /home/poseidon/pegasus-5.1.0panorama/bin/../bin/pegasus-transfer  --threads 2,1.0,0,0,,,,,,,,,
post_vel_ID0000008,None,compute,0,1694355382.0,,,1694355387.0,1694355401.0,1694355413.0,31073978.0,1694355399.0,1694355427.0,1694355418.0,1694355421.0,3557.0,1694355427.0,1694355432.0,5.0,,12.0,28.0,5.0,12.0,177143937.0,3.0,10982.0,poseidon,condorpool,poseidon-worker-1-container-16-19,post_vel,/opt/netcdf2png/merged_netcdf2png,,0.1,0,0,,,,,,,,,
mvt_ID0000009,None,compute,0,1694355382.0,,,1694355387.0,1694355401.0,1694355420.0,13372200.1,1694355399.0,1694355477.0,1694355465.0,1694355468.0,11399.0,1694355477.0,1694355482.0,5.0,,12.0,78.0,5.0,19.0,177143652.0,3.0,35429.0,poseidon,condorpool,poseidon-worker-2-container-24-27,mvt,/opt/mvt/mvt,,39.3,0,0,0.0,819378.0,20480.0,488.0,5.0,29.9,0.1,27312.6,1024.0
post_vel_ID0000038,None,compute,0,1694355382.0,,,1694355387.0,1694355401.0,1694355412.0,29608392.5,1694355399.0,1694355427.0,1694355418.0,1694355421.0,3616.0,1694355427.0,1694355432.0,5.0,,12.0,28.0,5.0,11.0,177143937.0,3.0,11227.0,poseidon,condorpool,poseidon-worker-2-container-12-15,post_vel,/opt/netcdf2png/merged_netcdf2png,,0.1,0,0,,,,,,,,,
mvt_ID0000129,None,compute,0,1694355382.0,,,1694355387.0,1694355400.0,1694355411.0,32129209.0,1694355398.0,1694355467.0,1694355456.0,1694355460.0,20316.0,1694355467.0,1694355472.0,5.0,,11.0,69.0,5.0,11.0,177143652.0,4.0,64489.0,poseidon,condorpool,poseidon-worker-2-container-0-3,mvt,/opt/mvt/mvt,,39.7,0,0,0.0,791892.0,36864.0,428.0,9.0,29.9,0.1,26396.4,3686.4
mvt_ID0000034,cpu_2,compute,0,1694355382.0,,,1694355387.0,1694355401.0,1694355412.0,29766383.4,1694355398.0,1694355467.0,1694355457.0,1694355460.0,9930.0,1694355467.0,1694355472.0,5.0,,11.0,69.0,5.0,11.0,177143652.0,3.0,30976.0,poseidon,condorpool,poseidon-worker-1-container-28-31,mvt,/opt/mvt/mvt,,39.9,0,0,0.0,818013.0,16384.0,485.0,4.0,29.9,0.1,27267.1,819.2
post_vel_ID0000083,None,compute,0,1694355382.0,,,1694355387.0,1694355401.0,1694355412.0,29618700.0,1694355399.0,1694355427.0,1694355417.0,1694355420.0,4132.0,1694355427.0,1694355432.0,5.0,,12.0,28.0,5.0,11.0,177143937.0,3.0,12720.0,poseidon,condorpool,poseidon-worker-2-container-8-11,post_vel,/opt/netcdf2png/merged_netcdf2png,,0.1,0,0,,,,,,,,,
post_vel_ID0000123,None,compute,0,1694355382.0,,,1694355387.0,1694355401.0,1694355412.0,29697971.5,1694355399.0,1694355427.0,1694355417.0,1694355421.0,4778.0,1694355427.0,1694355432.0,5.0,,12.0,28.0,5.0,11.0,177143937.0,4.0,14777.0,poseidon,condorpool,poseidon-worker-1-container-44-47,post_vel,/opt/netcdf2png/merged_netcdf2png,,0.1,0,0,,,,,,,,,
mvt_ID0000124,None,compute,0,1694355382.0,,,1694355387.0,1694355402.0,1694355413.0,29650444.5,1694355400.0,1694355467.0,1694355459.0,1694355462.0,22748.0,1694355467.0,1694355472.0,5.0,,13.0,67.0,5.0,11.0,177143652.0,3.0,70564.0,poseidon,condorpool,poseidon-worker-1-container-0-3,mvt,/opt/mvt/mvt,,40.5,0,0,0.0,856034.0,40960.0,575.0,10.0,39.9,0.1,21400.9,4096.0
mvt_ID0000119,cpu_2,compute,0,1694355382.0,,,1694355387.0,1694355401.0,1694355412.0,29726196.0,1694355399.0,1694355467.0,1694355457.0,1694355460.0,20989.0,1694355467.0,1694355472.0,5.0,,12.0,68.0,5.0,11.0,177143652.0,3.0,65525.0,poseidon,condorpool,poseidon-worker-2-container-36-39,mvt,/opt/mvt/mvt,,39.6,0,0,0.0,790547.0,36864.0,425.0,9.0,29.9,0.1,26351.6,3686.4
post_vel_ID0000023,None,compute,0,1694355382.0,,,1694355387.0,1694355401.0,1694355413.0,27044126.4,1694355398.0,1694355427.0,1694355418.0,1694355421.0,3688.0,1694355427.0,1694355432.0,5.0,,11.0,29.0,5.0,12.0,177143937.0,3.0,11372.0,poseidon,condorpool,poseidon-worker-1-container-12-15,post_vel,/opt/netcdf2png/merged_netcdf2png,,0.1,0,0,,,,,,,,,
mvt_ID0000024,None,compute,0,1694355382.0,,,1694355387.0,1694355401.0,1694355412.0,35389333.4,1694355399.0,1694355467.0,1694355457.0,1694355460.0,9831.0,1694355467.0,1694355472.0,5.0,,12.0,68.0,5.0,11.0,177143652.0,3.0,30705.0,poseidon,condorpool,poseidon-worker-1-container-32-35,mvt,/opt/mvt/mvt,,39.9,0,0,0.0,789214.0,16384.0,422.0,4.0,29.9,0.1,26307.1,819.2
post_vel_ID0000033,None,compute,0,1694355382.0,,,1694355387.0,1694355400.0,1694355411.0,32905338.6,1694355398.0,1694355427.0,1694355417.0,1694355420.0,3663.0,1694355427.0,1694355432.0,5.0,,11.0,29.0,5.0,11.0,177143937.0,3.0,11464.0,poseidon,condorpool,poseidon-worker-1-container-36-39,post_vel,/opt/netcdf2png/merged_netcdf2png,,0.1,0,0,,,,,,,,,
mvt_ID0000039,None,compute,0,1694355382.0,,,1694355387.0,1694355400.0,1694355411.0,29985785.0,1694355398.0,1694355467.0,1694355456.0,1694355460.0,11078.0,1694355467.0,1694355472.0,5.0,,11.0,69.0,5.0,11.0,177143652.0,4.0,34386.0,poseidon,condorpool,poseidon-worker-2-container-16-19,mvt,/opt/mvt/mvt,,40.0,0,0,0.0,795757.0,16384.0,443.0,4.0,39.8,0.1,19893.9,819.2
mvt_ID0000114,None,compute,0,1694355382.0,,,1694355387.0,1694355400.0,1694355412.0,31624467.4,1694355398.0,1694355467.0,1694355457.0,1694355460.0,22743.0,1694355467.0,1694355472.0,5.0,,11.0,69.0,5.0,12.0,177143652.0,3.0,73234.0,poseidon,condorpool,poseidon-worker-2-container-40-43,mvt,/opt/mvt/mvt,,39.9,0,0,0.0,791983.0,40960.0,428.0,10.0,29.9,0.1,26399.4,4096.0
post_vel_ID0000113,None,compute,0,1694355382.0,,,1694355387.0,1694355401.0,1694355413.0,27755772.0,1694355399.0,1694355427.0,1694355418.0,1694355422.0,4726.0,1694355427.0,1694355432.0,5.0,,12.0,28.0,5.0,12.0,177143937.0,4.0,14745.0,poseidon,condorpool,poseidon-worker-1-container-20-23,post_vel,/opt/netcdf2png/merged_netcdf2png,,0.1,0,0,,,,,,,,,
mvt_ID0000074,None,compute,0,1694355382.0,,,1694355387.0,1694355401.0,1694355412.0,34365610.6,1694355399.0,1694355467.0,1694355457.0,1694355460.0,12368.0,1694355467.0,1694355472.0,5.0,,12.0,68.0,5.0,11.0,177143652.0,3.0,38855.0,poseidon,condorpool,poseidon-worker-2-container-20-23,mvt,/opt/mvt/mvt,,39.6,0,0,0.0,789214.0,20480.0,422.0,5.0,29.9,0.1,26307.1,1024.0
post_vel_ID0000073,None,compute,0,1694355382.0,,,1694355387.0,1694355401.0,1694355412.0,29459278.0,1694355398.0,1694355427.0,1694355418.0,1694355421.0,3826.0,1694355427.0,1694355432.0,5.0,,11.0,29.0,5.0,11.0,177143937.0,3.0,11825.0,poseidon,condorpool,poseidon-worker-2-container-44-47,post_vel,/opt/netcdf2png/merged_netcdf2png,,0.1,0,0,,,,,,,,,
mvt_ID0000004,None,compute,0,1694355392.0,,,1694355397.0,1694355401.0,1694355412.0,30371647.2,1694355398.0,1694355467.0,1694355457.0,1694355460.0,9274.0,1694355467.0,1694355472.0,5.0,,1.0,69.0,5.0,11.0,177143652.0,3.0,28781.0,poseidon,condorpool,poseidon-worker-1-container-0-3,mvt,/opt/mvt/mvt,,39.9,0,0,0.0,846752.0,16384.0,548.0,4.0,29.9,0.1,28225.1,819.2
post_vel_ID0000003,None,compute,0,1694355392.0,,,1694355397.0,1694355403.0,1694355415.0,33131917.4,1694355402.0,1694355432.0,1694355420.0,1694355423.0,3505.0,1694355432.0,1694355437.0,5.0,,5.0,30.0,5.0,12.0,177143937.0,3.0,10865.0,poseidon,condorpool,poseidon-worker-1-container-12-15,post_vel,/opt/netcdf2png/merged_netcdf2png,,0.1,0,0,,,,,,,,,
register_condorpool_1_0,None,auxiliary,0,1694355402.0,,,1694355417.0,,,0.0,1694355417.0,1694355422.0,,,0.0,1694355422.0,1694355427.0,15.0,,0.0,5.0,5.0,,,,,poseidon,local,poseidon-submit,pegasus::rc-client,/mnt/poseidon-data/poseidon/pegasus-5.1.0panorama/bin/pegasus-rc-client,"-n pegasus::rc-client -N null -R local  -L casa-wind-full -T 2023-09-08T07:29:05+00:00 /home/poseidon/pegasus-5.1.0panorama/bin/pegasus-rc-client --prefix pegasus.catalog.replica.output --conf /mnt/poseidon-data/poseidon/workflows/casa-wind-workflow-full/submit/poseidon/pegasus/casa-wind-full/run0158/pegasus.11701649743286086438.properties -v --meta /mnt/poseidon-data/poseidon/workflows/casa-wind-workflow-full/submit/poseidon/pegasus/casa-wind-full/run0158/00/00/um_vel_ID0000022.meta,/mnt/poseidon-data/poseidon/workflows/casa-wind-workflow-full/submit/poseidon/pegasus/casa-wind-full/run0158/00/00/um_vel_ID0000027.meta,/mnt/poseidon-data/poseidon/workflows/casa-wind-workflow-full/submit/poseidon/pegasus/casa-wind-full/run0158/00/01/um_vel_ID0000057.meta,/mnt/poseidon-data/poseidon/workflows/casa-wind-workflow-full/submit/poseidon/pegasus/casa-wind-full/run0158/00/00/um_vel_ID0000122.meta,/mnt/poseidon-data/poseidon/workflows/casa-wind-workflow-full/submit/poseidon/pegasus/casa-wind-full/run0158/00/00/um_vel_ID0000127.meta,/mnt/poseidon-data/poseidon/workflows/casa-wind-workflow-full/submit/poseidon/pegasus/casa-wind-full/run0158/00/00/um_vel_ID0000092.meta,/mnt/poseidon-data/poseidon/workflows/casa-wind-workflow-full/submit/poseidon/pegasus/casa-wind-full/run0158/00/01/um_vel_ID0000067.meta,/mnt/poseidon-data/poseidon/workflows/casa-wind-workflow-full/submit/poseidon/pegasus/casa-wind-full/run0158/00/01/um_vel_ID0000077.meta,/mnt/poseidon-data/poseidon/workflows/casa-wind-workflow-full/submit/poseidon/pegasus/casa-wind-full/run0158/00/01/um_vel_ID0000042.meta --insert /mnt/poseidon-data/poseidon/workflows/casa-wind-workflow-full/submit/poseidon/pegasus/casa-wind-full/run0158/00/01/register_condorpool_1_0.in",2.8,0,0,,,,,,,,,
register_condorpool_1_1,None,auxiliary,0,1694355402.0,,,1694355407.0,,,0.0,1694355408.0,1694355412.0,,,0.0,1694355412.0,1694355417.0,5.0,,1.0,4.0,5.0,,,,,poseidon,local,poseidon-submit,pegasus::rc-client,/mnt/poseidon-data/poseidon/pegasus-5.1.0panorama/bin/pegasus-rc-client,"-n pegasus::rc-client -N null -R local  -L casa-wind-full -T 2023-09-08T07:29:05+00:00 /home/poseidon/pegasus-5.1.0panorama/bin/pegasus-rc-client --prefix pegasus.catalog.replica.output --conf /mnt/poseidon-data/poseidon/workflows/casa-wind-workflow-full/submit/poseidon/pegasus/casa-wind-full/run0158/pegasus.11701649743286086438.properties -v --meta /mnt/poseidon-data/poseidon/workflows/casa-wind-workflow-full/submit/poseidon/pegasus/casa-wind-full/run0158/00/00/um_vel_ID0000097.meta,/mnt/poseidon-data/poseidon/workflows/casa-wind-workflow-full/submit/poseidon/pegasus/casa-wind-full/run0158/00/01/um_vel_ID0000047.meta,/mnt/poseidon-data/poseidon/workflows/casa-wind-workflow-full/submit/poseidon/pegasus/casa-wind-full/run0158/00/00/um_vel_ID0000087.meta,/mnt/poseidon-data/poseidon/workflows/casa-wind-workflow-full/submit/poseidon/pegasus/casa-wind-full/run0158/00/01/um_vel_ID0000007.meta,/mnt/poseidon-data/poseidon/workflows/casa-wind-workflow-full/submit/poseidon/pegasus/casa-wind-full/run0158/00/00/um_vel_ID0000082.meta,/mnt/poseidon-data/poseidon/workflows/casa-wind-workflow-full/submit/poseidon/pegasus/casa-wind-full/run0158/00/01/um_vel_ID0000072.meta,/mnt/poseidon-data/poseidon/workflows/casa-wind-workflow-full/submit/poseidon/pegasus/casa-wind-full/run0158/00/01/um_vel_ID0000102.meta,/mnt/poseidon-data/poseidon/workflows/casa-wind-workflow-full/submit/poseidon/pegasus/casa-wind-full/run0158/00/00/um_vel_ID0000017.meta,/mnt/poseidon-data/poseidon/workflows/casa-wind-workflow-full/submit/poseidon/pegasus/casa-wind-full/run0158/00/01/um_vel_ID0000037.meta --insert /mnt/poseidon-data/poseidon/workflows/casa-wind-workflow-full/submit/poseidon/pegasus/casa-wind-full/run0158/00/01/register_condorpool_1_1.in",2.7,0,0,,,,,,,,,
mvt_ID0000054,None,compute,0,1694355412.0,,,1694355417.0,1694355420.0,1694355430.0,29743226.0,1694355418.0,1694355487.0,1694355475.0,1694355478.0,9282.0,1694355487.0,1694355492.0,5.0,,1.0,69.0,5.0,10.0,177143652.0,3.0,28552.0,poseidon,condorpool,poseidon-worker-1-container-12-15,mvt,/opt/mvt/mvt,,39.1,0,0,0.0,791983.0,12288.0,428.0,3.0,29.9,0.1,26399.4,1228.8
stage_out_local_condorpool_1_2,None,transfer,0,1694355412.0,,,1694355417.0,,,0.0,1694355417.0,1694355422.0,,,0.0,1694355422.0,1694355427.0,5.0,,0.0,5.0,5.0,,,,,poseidon,local,poseidon-submit,pegasus::transfer,/mnt/poseidon-data/poseidon/pegasus-5.1.0panorama/bin/pegasus-transfer,/home/poseidon/pegasus-5.1.0panorama/bin/../bin/pegasus-kickstart  -n pegasus::transfer -N null -i - -R local  -L casa-wind-full -T 2023-09-08T07:29:05+00:00 /home/poseidon/pegasus-5.1.0panorama/bin/../bin/pegasus-transfer  --threads 2,0.9,0,0,,,,,,,,,
mvt_ID0000014,cpu_2,compute,0,1694355412.0,,,1694355417.0,1694355420.0,1694355431.0,34078989.6,1694355418.0,1694355487.0,1694355475.0,1694355478.0,10313.0,1694355487.0,1694355492.0,5.0,,1.0,69.0,5.0,11.0,177143652.0,3.0,31991.0,poseidon,condorpool,poseidon-worker-2-container-36-39,mvt,/opt/mvt/mvt,,39.2,0,0,0.0,818080.0,16384.0,485.0,4.0,29.9,0.1,27269.3,819.2
post_vel_ID0000053,None,compute,0,1694355412.0,,,1694355417.0,1694355420.0,1694355431.0,29905198.5,1694355418.0,1694355447.0,1694355436.0,1694355439.0,3585.0,1694355447.0,1694355452.0,5.0,,1.0,29.0,5.0,11.0,177143937.0,3.0,11004.0,poseidon,condorpool,poseidon-worker-1-container-44-47,post_vel,/opt/netcdf2png/merged_netcdf2png,,0.1,0,0,,,,,,,,,
post_vel_ID0000013,None,compute,0,1694355412.0,,,1694355417.0,1694355420.0,1694355431.0,29769997.0,1694355418.0,1694355447.0,1694355436.0,1694355439.0,3593.0,1694355447.0,1694355452.0,5.0,,1.0,29.0,5.0,11.0,177143937.0,3.0,11040.0,poseidon,condorpool,poseidon-worker-1-container-16-19,post_vel,/opt/netcdf2png/merged_netcdf2png,,0.1,0,0,,,,,,,,,
register_condorpool_1_2,None,auxiliary,0,1694355427.0,,,1694355437.0,,,0.0,1694355437.0,1694355442.0,,,0.0,1694355442.0,1694355447.0,10.0,,0.0,5.0,5.0,,,,,poseidon,local,poseidon-submit,pegasus::rc-client,/mnt/poseidon-data/poseidon/pegasus-5.1.0panorama/bin/pegasus-rc-client,"-n pegasus::rc-client -N null -R local  -L casa-wind-full -T 2023-09-08T07:29:05+00:00 /home/poseidon/pegasus-5.1.0panorama/bin/pegasus-rc-client --prefix pegasus.catalog.replica.output --conf /mnt/poseidon-data/poseidon/workflows/casa-wind-workflow-full/submit/poseidon/pegasus/casa-wind-full/run0158/pegasus.11701649743286086438.properties -v --meta /mnt/poseidon-data/poseidon/workflows/casa-wind-workflow-full/submit/poseidon/pegasus/casa-wind-full/run0158/00/01/um_vel_ID0000112.meta,/mnt/poseidon-data/poseidon/workflows/casa-wind-workflow-full/submit/poseidon/pegasus/casa-wind-full/run0158/00/01/um_vel_ID0000062.meta,/mnt/poseidon-data/poseidon/workflows/casa-wind-workflow-full/submit/poseidon/pegasus/casa-wind-full/run0158/00/00/um_vel_ID0000117.meta,/mnt/poseidon-data/poseidon/workflows/casa-wind-workflow-full/submit/poseidon/pegasus/casa-wind-full/run0158/00/00/um_vel_ID0000012.meta,/mnt/poseidon-data/poseidon/workflows/casa-wind-workflow-full/submit/poseidon/pegasus/casa-wind-full/run0158/00/01/um_vel_ID0000107.meta,/mnt/poseidon-data/poseidon/workflows/casa-wind-workflow-full/submit/poseidon/pegasus/casa-wind-full/run0158/00/00/um_vel_ID0000002.meta,/mnt/poseidon-data/poseidon/workflows/casa-wind-workflow-full/submit/poseidon/pegasus/casa-wind-full/run0158/00/01/um_vel_ID0000052.meta,/mnt/poseidon-data/poseidon/workflows/casa-wind-workflow-full/submit/poseidon/pegasus/casa-wind-full/run0158/00/00/um_vel_ID0000032.meta --insert /mnt/poseidon-data/poseidon/workflows/casa-wind-workflow-full/submit/poseidon/pegasus/casa-wind-full/run0158/00/01/register_condorpool_1_2.in",2.7,0,0,,,,,,,,,
point_alert_ID0000060,None,compute,0,1694355452.0,,,1694355457.0,1694355460.0,1694355472.0,31775009.8,1694355459.0,1694355487.0,1694355477.0,1694355480.0,6642.0,1694355487.0,1694355492.0,5.0,,2.0,28.0,5.0,12.0,176636147.0,3.0,20878.0,poseidon,condorpool,poseidon-worker-2-container-24-27,point_alert,/opt/pointAlert/pointAlert,,0.0,0,0,,,,,,,,,
point_alert_ID0000070,None,compute,0,1694355452.0,,,1694355457.0,1694355460.0,1694355472.0,29907636.6,1694355459.0,1694355487.0,1694355477.0,1694355480.0,6623.0,1694355487.0,1694355492.0,5.0,,2.0,28.0,5.0,12.0,176643292.0,3.0,20558.0,poseidon,condorpool,poseidon-worker-2-container-44-47,point_alert,/opt/pointAlert/pointAlert,,0.0,0,0,,,,,,,,,
point_alert_ID0000090,None,compute,0,1694355452.0,,,1694355457.0,1694355460.0,1694355471.0,29567661.5,1694355459.0,1694355487.0,1694355476.0,1694355480.0,6709.0,1694355487.0,1694355492.0,5.0,,2.0,28.0,5.0,11.0,176656458.0,4.0,20638.0,poseidon,condorpool,poseidon-worker-1-container-16-19,point_alert,/opt/pointAlert/pointAlert,,0.0,0,0,,,,,,,,,
point_alert_ID0000045,None,compute,0,1694355452.0,,,1694355457.0,1694355460.0,1694355471.0,34334253.6,1694355459.0,1694355487.0,1694355477.0,1694355480.0,6609.0,1694355487.0,1694355492.0,5.0,,2.0,28.0,5.0,11.0,176636096.0,3.0,20798.0,poseidon,condorpool,poseidon-worker-2-container-12-15,point_alert,/opt/pointAlert/pointAlert,,0.0,0,0,,,,,,,,,
point_alert_ID0000050,None,compute,0,1694355452.0,,,1694355457.0,1694355460.0,1694355471.0,29632232.5,1694355459.0,1694355487.0,1694355477.0,1694355480.0,6811.0,1694355487.0,1694355492.0,5.0,,2.0,28.0,5.0,11.0,176632091.0,3.0,20878.0,poseidon,condorpool,poseidon-worker-1-container-12-15,point_alert,/opt/pointAlert/pointAlert,,0.0,0,0,,,,,,,,,
point_alert_ID0000080,None,compute,0,1694355452.0,,,1694355457.0,1694355460.0,1694355471.0,34523766.8,1694355459.0,1694355487.0,1694355477.0,1694355480.0,6662.0,1694355487.0,1694355492.0,5.0,,2.0,28.0,5.0,11.0,176653320.0,3.0,20718.0,poseidon,condorpool,poseidon-worker-1-container-44-47,point_alert,/opt/pointAlert/pointAlert,,0.0,0,0,,,,,,,,,
point_alert_ID0000105,None,compute,0,1694355457.0,,,1694355462.0,1694355465.0,1694355477.0,29898430.0,1694355464.0,1694355492.0,1694355482.0,1694355485.0,6907.0,1694355492.0,1694355497.0,5.0,,2.0,28.0,5.0,12.0,176667573.0,3.0,21278.0,poseidon,condorpool,poseidon-worker-1-container-20-23,point_alert,/opt/pointAlert/pointAlert,,0.0,0,0,,,,,,,,,
point_alert_ID0000020,None,compute,0,1694355457.0,,,1694355462.0,1694355465.0,1694355476.0,29617654.5,1694355464.0,1694355492.0,1694355481.0,1694355485.0,6577.0,1694355492.0,1694355497.0,5.0,,2.0,28.0,5.0,11.0,176644228.0,4.0,20478.0,poseidon,condorpool,poseidon-worker-2-container-8-11,point_alert,/opt/pointAlert/pointAlert,,0.0,0,0,,,,,,,,,
point_alert_ID0000030,None,compute,0,1694355457.0,,,1694355462.0,1694355465.0,1694355476.0,29899718.0,1694355464.0,1694355492.0,1694355481.0,1694355485.0,6453.0,1694355492.0,1694355497.0,5.0,,2.0,28.0,5.0,11.0,176646324.0,4.0,20158.0,poseidon,condorpool,poseidon-worker-2-container-12-15,point_alert,/opt/pointAlert/pointAlert,,0.0,0,0,,,,,,,,,
point_alert_ID0000095,cpu_2,compute,0,1694355457.0,,,1694355462.0,1694355465.0,1694355476.0,32778907.2,1694355464.0,1694355492.0,1694355482.0,1694355485.0,6698.0,1694355492.0,1694355497.0,5.0,,2.0,28.0,5.0,11.0,176660390.0,3.0,20718.0,poseidon,condorpool,poseidon-worker-1-container-28-31,point_alert,/opt/pointAlert/pointAlert,,0.0,0,0,,,,,,,,,
point_alert_ID0000100,None,compute,0,1694355457.0,,,1694355462.0,1694355465.0,1694355476.0,29793440.5,1694355464.0,1694355492.0,1694355481.0,1694355485.0,6624.0,1694355492.0,1694355497.0,5.0,,2.0,28.0,5.0,11.0,176658101.0,4.0,20638.0,poseidon,condorpool,poseidon-worker-2-container-4-7,point_alert,/opt/pointAlert/pointAlert,,0.0,0,0,,,,,,,,,
stage_out_local_condorpool_2_1,None,transfer,0,1694355472.0,,,1694355477.0,,,0.0,1694355478.0,1694355482.0,,,0.0,1694355482.0,1694355487.0,5.0,,1.0,4.0,5.0,,,,,poseidon,local,poseidon-submit,pegasus::transfer,/mnt/poseidon-data/poseidon/pegasus-5.1.0panorama/bin/pegasus-transfer,/home/poseidon/pegasus-5.1.0panorama/bin/../bin/pegasus-kickstart  -n pegasus::transfer -N null -i - -R local  -L casa-wind-full -T 2023-09-08T07:29:05+00:00 /home/poseidon/pegasus-5.1.0panorama/bin/../bin/pegasus-transfer  --threads 2,0.9,0,0,,,,,,,,,
stage_out_local_condorpool_2_0,None,transfer,0,1694355472.0,,,1694355477.0,,,0.0,1694355478.0,1694355482.0,,,0.0,1694355482.0,1694355487.0,5.0,,1.0,4.0,5.0,,,,,poseidon,local,poseidon-submit,pegasus::transfer,/mnt/poseidon-data/poseidon/pegasus-5.1.0panorama/bin/pegasus-transfer,/home/poseidon/pegasus-5.1.0panorama/bin/../bin/pegasus-kickstart  -n pegasus::transfer -N null -i - -R local  -L casa-wind-full -T 2023-09-08T07:29:05+00:00 /home/poseidon/pegasus-5.1.0panorama/bin/../bin/pegasus-transfer  --threads 2,0.9,0,0,,,,,,,,,
point_alert_ID0000035,None,compute,0,1694355472.0,,,1694355477.0,1694355480.0,1694355491.0,29708735.5,1694355478.0,1694355508.0,1694355496.0,1694355500.0,6386.0,1694355508.0,1694355513.0,5.0,,1.0,30.0,5.0,11.0,176638959.0,4.0,20078.0,poseidon,condorpool,poseidon-worker-2-container-4-7,point_alert,/opt/pointAlert/pointAlert,,0.0,0,0,,,,,,,,,
point_alert_ID0000130,None,compute,0,1694355472.0,,,1694355477.0,1694355480.0,1694355491.0,30873977.2,1694355478.0,1694355508.0,1694355497.0,1694355500.0,7440.0,1694355508.0,1694355513.0,5.0,,1.0,30.0,5.0,11.0,176672472.0,3.0,23118.0,poseidon,condorpool,poseidon-worker-2-container-0-3,point_alert,/opt/pointAlert/pointAlert,,0.0,0,0,,,,,,,,,
stage_out_local_condorpool_2_2,None,transfer,0,1694355472.0,,,1694355477.0,,,0.0,1694355478.0,1694355482.0,,,0.0,1694355482.0,1694355487.0,5.0,,1.0,4.0,5.0,,,,,poseidon,local,poseidon-submit,pegasus::transfer,/mnt/poseidon-data/poseidon/pegasus-5.1.0panorama/bin/pegasus-transfer,/home/poseidon/pegasus-5.1.0panorama/bin/../bin/pegasus-kickstart  -n pegasus::transfer -N null -i - -R local  -L casa-wind-full -T 2023-09-08T07:29:05+00:00 /home/poseidon/pegasus-5.1.0panorama/bin/../bin/pegasus-transfer  --threads 2,0.9,0,0,,,,,,,,,
point_alert_ID0000125,None,compute,0,1694355472.0,,,1694355477.0,1694355480.0,1694355491.0,29594399.0,1694355478.0,1694355507.0,1694355496.0,1694355500.0,7240.0,1694355507.0,1694355513.0,5.0,,1.0,29.0,6.0,11.0,176678547.0,4.0,22878.0,poseidon,condorpool,poseidon-worker-2-container-32-35,point_alert,/opt/pointAlert/pointAlert,,0.0,0,0,,,,,,,,,
point_alert_ID0000115,None,compute,0,1694355472.0,,,1694355477.0,1694355480.0,1694355493.0,25054657.3,1694355478.0,1694355508.0,1694355498.0,1694355501.0,7022.0,1694355508.0,1694355513.0,5.0,,1.0,30.0,5.0,13.0,176681217.0,3.0,21598.0,poseidon,condorpool,poseidon-worker-2-container-28-31,point_alert,/opt/pointAlert/pointAlert,,0.0,0,0,,,,,,,,,
point_alert_ID0000075,None,compute,0,1694355472.0,,,1694355477.0,1694355480.0,1694355492.0,27159869.6,1694355478.0,1694355508.0,1694355497.0,1694355500.0,6607.0,1694355508.0,1694355513.0,5.0,,1.0,30.0,5.0,12.0,176646838.0,3.0,20558.0,poseidon,condorpool,poseidon-worker-2-container-24-27,point_alert,/opt/pointAlert/pointAlert,,0.0,0,0,,,,,,,,,
point_alert_ID0000120,None,compute,0,1694355472.0,,,1694355477.0,1694355480.0,1694355491.0,29885894.0,1694355478.0,1694355507.0,1694355496.0,1694355499.0,7023.0,1694355507.0,1694355513.0,5.0,,1.0,29.0,6.0,11.0,176673508.0,3.0,21998.0,poseidon,condorpool,poseidon-worker-1-container-44-47,point_alert,/opt/pointAlert/pointAlert,,0.0,0,0,,,,,,,,,
point_alert_ID0000040,None,compute,0,1694355472.0,,,1694355477.0,1694355480.0,1694355491.0,29605007.0,1694355478.0,1694355507.0,1694355496.0,1694355499.0,6433.0,1694355507.0,1694355513.0,5.0,,1.0,29.0,6.0,11.0,176642369.0,3.0,20558.0,poseidon,condorpool,poseidon-worker-1-container-8-11,point_alert,/opt/pointAlert/pointAlert,,0.0,0,0,,,,,,,,,
point_alert_ID0000025,cpu_2,compute,0,1694355472.0,,,1694355477.0,1694355480.0,1694355492.0,28354509.0,1694355478.0,1694355508.0,1694355497.0,1694355500.0,6419.0,1694355508.0,1694355513.0,5.0,,1.0,30.0,5.0,12.0,176638688.0,3.0,20078.0,poseidon,condorpool,poseidon-worker-1-container-28-31,point_alert,/opt/pointAlert/pointAlert,,0.0,0,0,,,,,,,,,
point_alert_ID0000005,None,compute,0,1694355472.0,,,1694355477.0,1694355480.0,1694355491.0,29407778.4,1694355478.0,1694355508.0,1694355497.0,1694355500.0,6546.0,1694355508.0,1694355513.0,5.0,,1.0,30.0,5.0,11.0,176636764.0,3.0,20398.0,poseidon,condorpool,poseidon-worker-2-container-20-23,point_alert,/opt/pointAlert/pointAlert,,0.0,0,0,,,,,,,,,
point_alert_ID0000065,None,compute,0,1694355472.0,,,1694355477.0,1694355480.0,1694355491.0,34329105.0,1694355478.0,1694355507.0,1694355496.0,1694355499.0,6376.0,1694355507.0,1694355513.0,5.0,,1.0,29.0,6.0,11.0,176639131.0,3.0,20238.0,poseidon,condorpool,poseidon-worker-1-container-0-3,point_alert,/opt/pointAlert/pointAlert,,0.0,0,0,,,,,,,,,
point_alert_ID0000085,None,compute,0,1694355472.0,,,1694355477.0,1694355480.0,1694355491.0,33410389.4,1694355479.0,1694355508.0,1694355497.0,1694355500.0,6745.0,1694355508.0,1694355513.0,5.0,,2.0,29.0,5.0,11.0,176655981.0,3.0,21118.0,poseidon,condorpool,poseidon-worker-2-container-40-43,point_alert,/opt/pointAlert/pointAlert,,0.0,0,0,,,,,,,,,
point_alert_ID0000110,cpu_2,compute,0,1694355477.0,,,1694355482.0,1694355485.0,1694355496.0,29631947.0,1694355484.0,1694355513.0,1694355501.0,1694355504.0,6857.0,1694355513.0,1694355518.0,5.0,,2.0,29.0,5.0,11.0,176667937.0,3.0,21038.0,poseidon,condorpool,poseidon-worker-2-container-36-39,point_alert,/opt/pointAlert/pointAlert,,0.0,0,0,,,,,,,,,
point_alert_ID0000010,None,compute,0,1694355482.0,,,1694355487.0,1694355489.0,1694355500.0,35063144.2,1694355488.0,1694355518.0,1694355506.0,1694355509.0,6699.0,1694355518.0,1694355523.0,5.0,,1.0,30.0,5.0,11.0,176643412.0,3.0,20478.0,poseidon,condorpool,poseidon-worker-1-container-16-19,point_alert,/opt/pointAlert/pointAlert,,0.0,0,0,,,,,,,,,
stage_out_local_condorpool_2_3,None,transfer,0,1694355482.0,,,1694355487.0,,,0.0,1694355488.0,1694355497.0,,,0.0,1694355497.0,1694355502.0,5.0,,1.0,9.0,5.0,,,,,poseidon,local,poseidon-submit,pegasus::transfer,/mnt/poseidon-data/poseidon/pegasus-5.1.0panorama/bin/pegasus-transfer,/home/poseidon/pegasus-5.1.0panorama/bin/../bin/pegasus-kickstart  -n pegasus::transfer -N null -i - -R local  -L casa-wind-full -T 2023-09-08T07:29:05+00:00 /home/poseidon/pegasus-5.1.0panorama/bin/../bin/pegasus-transfer  --threads 2,0.9,0,0,,,,,,,,,
register_condorpool_2_0,None,auxiliary,0,1694355487.0,,,1694355492.0,,,0.0,1694355493.0,1694355497.0,,,0.0,1694355497.0,1694355502.0,5.0,,1.0,4.0,5.0,,,,,poseidon,local,poseidon-submit,pegasus::rc-client,/mnt/poseidon-data/poseidon/pegasus-5.1.0panorama/bin/pegasus-rc-client,"-n pegasus::rc-client -N null -R local  -L casa-wind-full -T 2023-09-08T07:29:05+00:00 /home/poseidon/pegasus-5.1.0panorama/bin/pegasus-rc-client --prefix pegasus.catalog.replica.output --conf /mnt/poseidon-data/poseidon/workflows/casa-wind-workflow-full/submit/poseidon/pegasus/casa-wind-full/run0158/pegasus.11701649743286086438.properties -v --meta /mnt/poseidon-data/poseidon/workflows/casa-wind-workflow-full/submit/poseidon/pegasus/casa-wind-full/run0158/00/02/mvt_ID0000044.meta,/mnt/poseidon-data/poseidon/workflows/casa-wind-workflow-full/submit/poseidon/pegasus/casa-wind-full/run0158/00/01/post_vel_ID0000068.meta,/mnt/poseidon-data/poseidon/workflows/casa-wind-workflow-full/submit/poseidon/pegasus/casa-wind-full/run0158/00/01/mvt_ID0000129.meta,/mnt/poseidon-data/poseidon/workflows/casa-wind-workflow-full/submit/poseidon/pegasus/casa-wind-full/run0158/00/02/post_vel_ID0000058.meta,/mnt/poseidon-data/poseidon/workflows/casa-wind-workflow-full/submit/poseidon/pegasus/casa-wind-full/run0158/00/01/mvt_ID0000029.meta,/mnt/poseidon-data/poseidon/workflows/casa-wind-workflow-full/submit/poseidon/pegasus/casa-wind-full/run0158/00/02/post_vel_ID0000078.meta,/mnt/poseidon-data/poseidon/workflows/casa-wind-workflow-full/submit/poseidon/pegasus/casa-wind-full/run0158/00/01/post_vel_ID0000123.meta,/mnt/poseidon-data/poseidon/workflows/casa-wind-workflow-full/submit/poseidon/pegasus/casa-wind-full/run0158/00/01/post_vel_ID0000023.meta,/mnt/poseidon-data/poseidon/workflows/casa-wind-workflow-full/submit/poseidon/pegasus/casa-wind-full/run0158/00/01/post_vel_ID0000093.meta --insert /mnt/poseidon-data/poseidon/workflows/casa-wind-workflow-full/submit/poseidon/pegasus/casa-wind-full/run0158/00/02/register_condorpool_2_0.in",2.6,0,0,,,,,,,,,
register_condorpool_2_2,None,auxiliary,0,1694355487.0,,,1694355523.0,,,0.0,1694355524.0,1694355528.0,,,0.0,1694355528.0,1694355533.0,36.0,,1.0,4.0,5.0,,,,,poseidon,local,poseidon-submit,pegasus::rc-client,/mnt/poseidon-data/poseidon/pegasus-5.1.0panorama/bin/pegasus-rc-client,"-n pegasus::rc-client -N null -R local  -L casa-wind-full -T 2023-09-08T07:29:05+00:00 /home/poseidon/pegasus-5.1.0panorama/bin/pegasus-rc-client --prefix pegasus.catalog.replica.output --conf /mnt/poseidon-data/poseidon/workflows/casa-wind-workflow-full/submit/poseidon/pegasus/casa-wind-full/run0158/pegasus.11701649743286086438.properties -v --meta /mnt/poseidon-data/poseidon/workflows/casa-wind-workflow-full/submit/poseidon/pegasus/casa-wind-full/run0158/00/01/mvt_ID0000019.meta,/mnt/poseidon-data/poseidon/workflows/casa-wind-workflow-full/submit/poseidon/pegasus/casa-wind-full/run0158/00/01/mvt_ID0000099.meta,/mnt/poseidon-data/poseidon/workflows/casa-wind-workflow-full/submit/poseidon/pegasus/casa-wind-full/run0158/00/01/post_vel_ID0000008.meta,/mnt/poseidon-data/poseidon/workflows/casa-wind-workflow-full/submit/poseidon/pegasus/casa-wind-full/run0158/00/02/mvt_ID0000039.meta,/mnt/poseidon-data/poseidon/workflows/casa-wind-workflow-full/submit/poseidon/pegasus/casa-wind-full/run0158/00/02/mvt_ID0000049.meta,/mnt/poseidon-data/poseidon/workflows/casa-wind-workflow-full/submit/poseidon/pegasus/casa-wind-full/run0158/00/02/post_vel_ID0000073.meta,/mnt/poseidon-data/poseidon/workflows/casa-wind-workflow-full/submit/poseidon/pegasus/casa-wind-full/run0158/00/01/post_vel_ID0000088.meta,/mnt/poseidon-data/poseidon/workflows/casa-wind-workflow-full/submit/poseidon/pegasus/casa-wind-full/run0158/00/02/mvt_ID0000104.meta,/mnt/poseidon-data/poseidon/workflows/casa-wind-workflow-full/submit/poseidon/pegasus/casa-wind-full/run0158/00/01/post_vel_ID0000083.meta --insert /mnt/poseidon-data/poseidon/workflows/casa-wind-workflow-full/submit/poseidon/pegasus/casa-wind-full/run0158/00/02/register_condorpool_2_2.in",2.6,0,0,,,,,,,,,
register_condorpool_2_1,None,auxiliary,0,1694355487.0,,,1694355502.0,,,0.0,1694355503.0,1694355507.0,,,0.0,1694355507.0,1694355513.0,15.0,,1.0,4.0,6.0,,,,,poseidon,local,poseidon-submit,pegasus::rc-client,/mnt/poseidon-data/poseidon/pegasus-5.1.0panorama/bin/pegasus-rc-client,"-n pegasus::rc-client -N null -R local  -L casa-wind-full -T 2023-09-08T07:29:05+00:00 /home/poseidon/pegasus-5.1.0panorama/bin/pegasus-rc-client --prefix pegasus.catalog.replica.output --conf /mnt/poseidon-data/poseidon/workflows/casa-wind-workflow-full/submit/poseidon/pegasus/casa-wind-full/run0158/pegasus.11701649743286086438.properties -v --meta /mnt/poseidon-data/poseidon/workflows/casa-wind-workflow-full/submit/poseidon/pegasus/casa-wind-full/run0158/00/01/mvt_ID0000124.meta,/mnt/poseidon-data/poseidon/workflows/casa-wind-workflow-full/submit/poseidon/pegasus/casa-wind-full/run0158/00/01/mvt_ID0000094.meta,/mnt/poseidon-data/poseidon/workflows/casa-wind-workflow-full/submit/poseidon/pegasus/casa-wind-full/run0158/00/02/mvt_ID0000059.meta,/mnt/poseidon-data/poseidon/workflows/casa-wind-workflow-full/submit/poseidon/pegasus/casa-wind-full/run0158/00/02/mvt_ID0000079.meta,/mnt/poseidon-data/poseidon/workflows/casa-wind-workflow-full/submit/poseidon/pegasus/casa-wind-full/run0158/00/01/mvt_ID0000024.meta,/mnt/poseidon-data/poseidon/workflows/casa-wind-workflow-full/submit/poseidon/pegasus/casa-wind-full/run0158/00/01/post_vel_ID0000028.meta,/mnt/poseidon-data/poseidon/workflows/casa-wind-workflow-full/submit/poseidon/pegasus/casa-wind-full/run0158/00/01/post_vel_ID0000128.meta,/mnt/poseidon-data/poseidon/workflows/casa-wind-workflow-full/submit/poseidon/pegasus/casa-wind-full/run0158/00/02/post_vel_ID0000043.meta,/mnt/poseidon-data/poseidon/workflows/casa-wind-workflow-full/submit/poseidon/pegasus/casa-wind-full/run0158/00/01/mvt_ID0000069.meta --insert /mnt/poseidon-data/poseidon/workflows/casa-wind-workflow-full/submit/poseidon/pegasus/casa-wind-full/run0158/00/02/register_condorpool_2_1.in",2.8,0,0,,,,,,,,,
stage_out_local_condorpool_2_4,None,transfer,0,1694355492.0,,,1694355497.0,,,0.0,1694355498.0,1694355502.0,,,0.0,1694355502.0,1694355507.0,5.0,,1.0,4.0,5.0,,,,,poseidon,local,poseidon-submit,pegasus::transfer,/mnt/poseidon-data/poseidon/pegasus-5.1.0panorama/bin/pegasus-transfer,/home/poseidon/pegasus-5.1.0panorama/bin/../bin/pegasus-kickstart  -n pegasus::transfer -N null -i - -R local  -L casa-wind-full -T 2023-09-08T07:29:05+00:00 /home/poseidon/pegasus-5.1.0panorama/bin/../bin/pegasus-transfer  --threads 2,0.8,0,0,,,,,,,,,
point_alert_ID0000015,None,compute,0,1694355492.0,,,1694355497.0,1694355500.0,1694355511.0,29570291.5,1694355498.0,1694355528.0,1694355516.0,1694355519.0,6697.0,1694355528.0,1694355533.0,5.0,,1.0,30.0,5.0,11.0,176639974.0,3.0,20558.0,poseidon,condorpool,poseidon-worker-2-container-44-47,point_alert,/opt/pointAlert/pointAlert,,0.0,0,0,,,,,,,,,
point_alert_ID0000055,None,compute,0,1694355492.0,,,1694355497.0,1694355500.0,1694355511.0,29569747.0,1694355498.0,1694355528.0,1694355516.0,1694355519.0,6732.0,1694355528.0,1694355533.0,5.0,,1.0,30.0,5.0,11.0,176636535.0,3.0,20638.0,poseidon,condorpool,poseidon-worker-1-container-12-15,point_alert,/opt/pointAlert/pointAlert,,0.0,0,0,,,,,,,,,
stage_out_local_condorpool_2_5,None,transfer,0,1694355492.0,,,1694355497.0,,,0.0,1694355498.0,1694355502.0,,,0.0,1694355502.0,1694355507.0,5.0,,1.0,4.0,5.0,,,,,poseidon,local,poseidon-submit,pegasus::transfer,/mnt/poseidon-data/poseidon/pegasus-5.1.0panorama/bin/pegasus-transfer,/home/poseidon/pegasus-5.1.0panorama/bin/../bin/pegasus-kickstart  -n pegasus::transfer -N null -i - -R local  -L casa-wind-full -T 2023-09-08T07:29:05+00:00 /home/poseidon/pegasus-5.1.0panorama/bin/../bin/pegasus-transfer  --threads 2,0.9,0,0,,,,,,,,,
register_condorpool_2_3,None,auxiliary,0,1694355502.0,,,1694355513.0,,,0.0,1694355513.0,1694355518.0,,,0.0,1694355518.0,1694355523.0,11.0,,0.0,5.0,5.0,,,,,poseidon,local,poseidon-submit,pegasus::rc-client,/mnt/poseidon-data/poseidon/pegasus-5.1.0panorama/bin/pegasus-rc-client,"-n pegasus::rc-client -N null -R local  -L casa-wind-full -T 2023-09-08T07:29:05+00:00 /home/poseidon/pegasus-5.1.0panorama/bin/pegasus-rc-client --prefix pegasus.catalog.replica.output --conf /mnt/poseidon-data/poseidon/workflows/casa-wind-workflow-full/submit/poseidon/pegasus/casa-wind-full/run0158/pegasus.11701649743286086438.properties -v --meta /mnt/poseidon-data/poseidon/workflows/casa-wind-workflow-full/submit/poseidon/pegasus/casa-wind-full/run0158/00/01/mvt_ID0000084.meta,/mnt/poseidon-data/poseidon/workflows/casa-wind-workflow-full/submit/poseidon/pegasus/casa-wind-full/run0158/00/02/post_vel_ID0000038.meta,/mnt/poseidon-data/poseidon/workflows/casa-wind-workflow-full/submit/poseidon/pegasus/casa-wind-full/run0158/00/01/mvt_ID0000009.meta,/mnt/poseidon-data/poseidon/workflows/casa-wind-workflow-full/submit/poseidon/pegasus/casa-wind-full/run0158/00/01/post_vel_ID0000098.meta,/mnt/poseidon-data/poseidon/workflows/casa-wind-workflow-full/submit/poseidon/pegasus/casa-wind-full/run0158/00/02/mvt_ID0000074.meta,/mnt/poseidon-data/poseidon/workflows/casa-wind-workflow-full/submit/poseidon/pegasus/casa-wind-full/run0158/00/02/post_vel_ID0000048.meta,/mnt/poseidon-data/poseidon/workflows/casa-wind-workflow-full/submit/poseidon/pegasus/casa-wind-full/run0158/00/01/mvt_ID0000089.meta,/mnt/poseidon-data/poseidon/workflows/casa-wind-workflow-full/submit/poseidon/pegasus/casa-wind-full/run0158/00/01/post_vel_ID0000018.meta,/mnt/poseidon-data/poseidon/workflows/casa-wind-workflow-full/submit/poseidon/pegasus/casa-wind-full/run0158/00/02/post_vel_ID0000103.meta --insert /mnt/poseidon-data/poseidon/workflows/casa-wind-workflow-full/submit/poseidon/pegasus/casa-wind-full/run0158/00/02/register_condorpool_2_3.in",2.8,0,0,,,,,,,,,
register_condorpool_2_5,None,auxiliary,0,1694355507.0,,,1694355573.0,,,0.0,1694355573.0,1694355578.0,,,0.0,1694355578.0,1694355583.0,66.0,,0.0,5.0,5.0,,,,,poseidon,local,poseidon-submit,pegasus::rc-client,/mnt/poseidon-data/poseidon/pegasus-5.1.0panorama/bin/pegasus-rc-client,"-n pegasus::rc-client -N null -R local  -L casa-wind-full -T 2023-09-08T07:29:05+00:00 /home/poseidon/pegasus-5.1.0panorama/bin/pegasus-rc-client --prefix pegasus.catalog.replica.output --conf /mnt/poseidon-data/poseidon/workflows/casa-wind-workflow-full/submit/poseidon/pegasus/casa-wind-full/run0158/pegasus.11701649743286086438.properties -v --meta /mnt/poseidon-data/poseidon/workflows/casa-wind-workflow-full/submit/poseidon/pegasus/casa-wind-full/run0158/00/01/mvt_ID0000004.meta,/mnt/poseidon-data/poseidon/workflows/casa-wind-workflow-full/submit/poseidon/pegasus/casa-wind-full/run0158/00/02/mvt_ID0000109.meta,/mnt/poseidon-data/poseidon/workflows/casa-wind-workflow-full/submit/poseidon/pegasus/casa-wind-full/run0158/00/01/mvt_ID0000014.meta,/mnt/poseidon-data/poseidon/workflows/casa-wind-workflow-full/submit/poseidon/pegasus/casa-wind-full/run0158/00/01/mvt_ID0000064.meta,/mnt/poseidon-data/poseidon/workflows/casa-wind-workflow-full/submit/poseidon/pegasus/casa-wind-full/run0158/00/01/mvt_ID0000034.meta,/mnt/poseidon-data/poseidon/workflows/casa-wind-workflow-full/submit/poseidon/pegasus/casa-wind-full/run0158/00/01/mvt_ID0000119.meta,/mnt/poseidon-data/poseidon/workflows/casa-wind-workflow-full/submit/poseidon/pegasus/casa-wind-full/run0158/00/02/mvt_ID0000114.meta,/mnt/poseidon-data/poseidon/workflows/casa-wind-workflow-full/submit/poseidon/pegasus/casa-wind-full/run0158/00/02/post_vel_ID0000053.meta --insert /mnt/poseidon-data/poseidon/workflows/casa-wind-workflow-full/submit/poseidon/pegasus/casa-wind-full/run0158/00/02/register_condorpool_2_5.in",2.7,0,0,,,,,,,,,
register_condorpool_2_4,None,auxiliary,0,1694355507.0,,,1694355543.0,,,0.0,1694355543.0,1694355548.0,,,0.0,1694355548.0,1694355553.0,36.0,,0.0,5.0,5.0,,,,,poseidon,local,poseidon-submit,pegasus::rc-client,/mnt/poseidon-data/poseidon/pegasus-5.1.0panorama/bin/pegasus-rc-client,"-n pegasus::rc-client -N null -R local  -L casa-wind-full -T 2023-09-08T07:29:05+00:00 /home/poseidon/pegasus-5.1.0panorama/bin/pegasus-rc-client --prefix pegasus.catalog.replica.output --conf /mnt/poseidon-data/poseidon/workflows/casa-wind-workflow-full/submit/poseidon/pegasus/casa-wind-full/run0158/pegasus.11701649743286086438.properties -v --meta /mnt/poseidon-data/poseidon/workflows/casa-wind-workflow-full/submit/poseidon/pegasus/casa-wind-full/run0158/00/02/post_vel_ID0000113.meta,/mnt/poseidon-data/poseidon/workflows/casa-wind-workflow-full/submit/poseidon/pegasus/casa-wind-full/run0158/00/02/mvt_ID0000054.meta,/mnt/poseidon-data/poseidon/workflows/casa-wind-workflow-full/submit/poseidon/pegasus/casa-wind-full/run0158/00/01/post_vel_ID0000013.meta,/mnt/poseidon-data/poseidon/workflows/casa-wind-workflow-full/submit/poseidon/pegasus/casa-wind-full/run0158/00/01/post_vel_ID0000063.meta,/mnt/poseidon-data/poseidon/workflows/casa-wind-workflow-full/submit/poseidon/pegasus/casa-wind-full/run0158/00/01/post_vel_ID0000033.meta,/mnt/poseidon-data/poseidon/workflows/casa-wind-workflow-full/submit/poseidon/pegasus/casa-wind-full/run0158/00/02/post_vel_ID0000108.meta,/mnt/poseidon-data/poseidon/workflows/casa-wind-workflow-full/submit/poseidon/pegasus/casa-wind-full/run0158/00/01/post_vel_ID0000003.meta,/mnt/poseidon-data/poseidon/workflows/casa-wind-workflow-full/submit/poseidon/pegasus/casa-wind-full/run0158/00/01/post_vel_ID0000118.meta --insert /mnt/poseidon-data/poseidon/workflows/casa-wind-workflow-full/submit/poseidon/pegasus/casa-wind-full/run0158/00/02/register_condorpool_2_4.in",2.6,0,0,,,,,,,,,
stage_out_local_condorpool_3_0,None,transfer,0,1694355513.0,,,1694355518.0,,,0.0,1694355518.0,1694355523.0,,,0.0,1694355523.0,1694355528.0,5.0,,0.0,5.0,5.0,,,,,poseidon,local,poseidon-submit,pegasus::transfer,/mnt/poseidon-data/poseidon/pegasus-5.1.0panorama/bin/pegasus-transfer,/home/poseidon/pegasus-5.1.0panorama/bin/../bin/pegasus-kickstart  -n pegasus::transfer -N null -i - -R local  -L casa-wind-full -T 2023-09-08T07:29:05+00:00 /home/poseidon/pegasus-5.1.0panorama/bin/../bin/pegasus-transfer  --threads 2,0.9,0,0,,,,,,,,,
stage_out_local_condorpool_3_1,None,transfer,0,1694355523.0,,,1694355528.0,,,0.0,1694355529.0,1694355538.0,,,0.0,1694355538.0,1694355543.0,5.0,,1.0,9.0,5.0,,,,,poseidon,local,poseidon-submit,pegasus::transfer,/mnt/poseidon-data/poseidon/pegasus-5.1.0panorama/bin/pegasus-transfer,/home/poseidon/pegasus-5.1.0panorama/bin/../bin/pegasus-kickstart  -n pegasus::transfer -N null -i - -R local  -L casa-wind-full -T 2023-09-08T07:29:05+00:00 /home/poseidon/pegasus-5.1.0panorama/bin/../bin/pegasus-transfer  --threads 2,0.9,0,0,,,,,,,,,
register_condorpool_3_0,None,auxiliary,0,1694355528.0,,,1694355533.0,,,0.0,1694355534.0,1694355538.0,,,0.0,1694355538.0,1694355543.0,5.0,,1.0,4.0,5.0,,,,,poseidon,local,poseidon-submit,pegasus::rc-client,/mnt/poseidon-data/poseidon/pegasus-5.1.0panorama/bin/pegasus-rc-client,"-n pegasus::rc-client -N null -R local  -L casa-wind-full -T 2023-09-08T07:29:05+00:00 /home/poseidon/pegasus-5.1.0panorama/bin/pegasus-rc-client --prefix pegasus.catalog.replica.output --conf /mnt/poseidon-data/poseidon/workflows/casa-wind-workflow-full/submit/poseidon/pegasus/casa-wind-full/run0158/pegasus.11701649743286086438.properties -v --meta /mnt/poseidon-data/poseidon/workflows/casa-wind-workflow-full/submit/poseidon/pegasus/casa-wind-full/run0158/00/02/point_alert_ID0000070.meta,/mnt/poseidon-data/poseidon/workflows/casa-wind-workflow-full/submit/poseidon/pegasus/casa-wind-full/run0158/00/02/point_alert_ID0000095.meta,/mnt/poseidon-data/poseidon/workflows/casa-wind-workflow-full/submit/poseidon/pegasus/casa-wind-full/run0158/00/02/point_alert_ID0000025.meta,/mnt/poseidon-data/poseidon/workflows/casa-wind-workflow-full/submit/poseidon/pegasus/casa-wind-full/run0158/00/02/point_alert_ID0000125.meta,/mnt/poseidon-data/poseidon/workflows/casa-wind-workflow-full/submit/poseidon/pegasus/casa-wind-full/run0158/00/02/point_alert_ID0000080.meta,/mnt/poseidon-data/poseidon/workflows/casa-wind-workflow-full/submit/poseidon/pegasus/casa-wind-full/run0158/00/02/point_alert_ID0000130.meta,/mnt/poseidon-data/poseidon/workflows/casa-wind-workflow-full/submit/poseidon/pegasus/casa-wind-full/run0158/00/03/point_alert_ID0000060.meta,/mnt/poseidon-data/poseidon/workflows/casa-wind-workflow-full/submit/poseidon/pegasus/casa-wind-full/run0158/00/02/point_alert_ID0000030.meta,/mnt/poseidon-data/poseidon/workflows/casa-wind-workflow-full/submit/poseidon/pegasus/casa-wind-full/run0158/00/03/point_alert_ID0000045.meta --insert /mnt/poseidon-data/poseidon/workflows/casa-wind-workflow-full/submit/poseidon/pegasus/casa-wind-full/run0158/00/03/register_condorpool_3_0.in",2.6,0,0,,,,,,,,,
stage_out_local_condorpool_3_2,None,transfer,0,1694355533.0,,,1694355538.0,,,0.0,1694355538.0,1694355543.0,,,0.0,1694355543.0,1694355548.0,5.0,,0.0,5.0,5.0,,,,,poseidon,local,poseidon-submit,pegasus::transfer,/mnt/poseidon-data/poseidon/pegasus-5.1.0panorama/bin/pegasus-transfer,/home/poseidon/pegasus-5.1.0panorama/bin/../bin/pegasus-kickstart  -n pegasus::transfer -N null -i - -R local  -L casa-wind-full -T 2023-09-08T07:29:05+00:00 /home/poseidon/pegasus-5.1.0panorama/bin/../bin/pegasus-transfer  --threads 2,0.8,0,0,,,,,,,,,
register_condorpool_3_1,None,auxiliary,0,1694355543.0,,,1694355553.0,,,0.0,1694355554.0,1694355558.0,,,0.0,1694355558.0,1694355563.0,10.0,,1.0,4.0,5.0,,,,,poseidon,local,poseidon-submit,pegasus::rc-client,/mnt/poseidon-data/poseidon/pegasus-5.1.0panorama/bin/pegasus-rc-client,"-n pegasus::rc-client -N null -R local  -L casa-wind-full -T 2023-09-08T07:29:05+00:00 /home/poseidon/pegasus-5.1.0panorama/bin/pegasus-rc-client --prefix pegasus.catalog.replica.output --conf /mnt/poseidon-data/poseidon/workflows/casa-wind-workflow-full/submit/poseidon/pegasus/casa-wind-full/run0158/pegasus.11701649743286086438.properties -v --meta /mnt/poseidon-data/poseidon/workflows/casa-wind-workflow-full/submit/poseidon/pegasus/casa-wind-full/run0158/00/02/point_alert_ID0000020.meta,/mnt/poseidon-data/poseidon/workflows/casa-wind-workflow-full/submit/poseidon/pegasus/casa-wind-full/run0158/00/03/point_alert_ID0000040.meta,/mnt/poseidon-data/poseidon/workflows/casa-wind-workflow-full/submit/poseidon/pegasus/casa-wind-full/run0158/00/03/point_alert_ID0000050.meta,/mnt/poseidon-data/poseidon/workflows/casa-wind-workflow-full/submit/poseidon/pegasus/casa-wind-full/run0158/00/03/point_alert_ID0000105.meta,/mnt/poseidon-data/poseidon/workflows/casa-wind-workflow-full/submit/poseidon/pegasus/casa-wind-full/run0158/00/02/point_alert_ID0000100.meta,/mnt/poseidon-data/poseidon/workflows/casa-wind-workflow-full/submit/poseidon/pegasus/casa-wind-full/run0158/00/02/point_alert_ID0000085.meta,/mnt/poseidon-data/poseidon/workflows/casa-wind-workflow-full/submit/poseidon/pegasus/casa-wind-full/run0158/00/02/point_alert_ID0000010.meta,/mnt/poseidon-data/poseidon/workflows/casa-wind-workflow-full/submit/poseidon/pegasus/casa-wind-full/run0158/00/02/point_alert_ID0000075.meta,/mnt/poseidon-data/poseidon/workflows/casa-wind-workflow-full/submit/poseidon/pegasus/casa-wind-full/run0158/00/02/point_alert_ID0000090.meta --insert /mnt/poseidon-data/poseidon/workflows/casa-wind-workflow-full/submit/poseidon/pegasus/casa-wind-full/run0158/00/03/register_condorpool_3_1.in",2.6,0,0,,,,,,,,,
cleanup_casa-wind-full_0_condorpool,None,auxiliary,0,1694355548.0,,,1694355553.0,,,0.0,1694355554.0,1694355558.0,,,0.0,1694355558.0,1694355563.0,5.0,,1.0,4.0,5.0,,,,,poseidon,local,poseidon-submit,pegasus::cleanup,/mnt/poseidon-data/poseidon/pegasus-5.1.0panorama/bin/pegasus-transfer,pegasus-kickstart  -n pegasus::cleanup -N null -i - -R local  -L casa-wind-full -T 2023-09-08T07:29:05+00:00 pegasus-transfer,0.2,0,0,,,,,,,,,
register_condorpool_3_2,None,auxiliary,0,1694355548.0,,,1694355563.0,,,0.0,1694355564.0,1694355568.0,,,0.0,1694355568.0,1694355573.0,15.0,,1.0,4.0,5.0,,,,,poseidon,local,poseidon-submit,pegasus::rc-client,/mnt/poseidon-data/poseidon/pegasus-5.1.0panorama/bin/pegasus-rc-client,"-n pegasus::rc-client -N null -R local  -L casa-wind-full -T 2023-09-08T07:29:05+00:00 /home/poseidon/pegasus-5.1.0panorama/bin/pegasus-rc-client --prefix pegasus.catalog.replica.output --conf /mnt/poseidon-data/poseidon/workflows/casa-wind-workflow-full/submit/poseidon/pegasus/casa-wind-full/run0158/pegasus.11701649743286086438.properties -v --meta /mnt/poseidon-data/poseidon/workflows/casa-wind-workflow-full/submit/poseidon/pegasus/casa-wind-full/run0158/00/02/point_alert_ID0000120.meta,/mnt/poseidon-data/poseidon/workflows/casa-wind-workflow-full/submit/poseidon/pegasus/casa-wind-full/run0158/00/02/point_alert_ID0000015.meta,/mnt/poseidon-data/poseidon/workflows/casa-wind-workflow-full/submit/poseidon/pegasus/casa-wind-full/run0158/00/02/point_alert_ID0000005.meta,/mnt/poseidon-data/poseidon/workflows/casa-wind-workflow-full/submit/poseidon/pegasus/casa-wind-full/run0158/00/02/point_alert_ID0000035.meta,/mnt/poseidon-data/poseidon/workflows/casa-wind-workflow-full/submit/poseidon/pegasus/casa-wind-full/run0158/00/03/point_alert_ID0000055.meta,/mnt/poseidon-data/poseidon/workflows/casa-wind-workflow-full/submit/poseidon/pegasus/casa-wind-full/run0158/00/02/point_alert_ID0000065.meta,/mnt/poseidon-data/poseidon/workflows/casa-wind-workflow-full/submit/poseidon/pegasus/casa-wind-full/run0158/00/02/point_alert_ID0000115.meta,/mnt/poseidon-data/poseidon/workflows/casa-wind-workflow-full/submit/poseidon/pegasus/casa-wind-full/run0158/00/03/point_alert_ID0000110.meta --insert /mnt/poseidon-data/poseidon/workflows/casa-wind-workflow-full/submit/poseidon/pegasus/casa-wind-full/run0158/00/03/register_condorpool_3_2.in",2.6,0,0,,,,,,,,,
