,anomaly_type,type,is_clustered,ready,pre_script_start,pre_script_end,submit,stage_in_start,stage_in_end,stage_in_effective_bytes_per_sec,execute_start,execute_end,stage_out_start,stage_out_end,stage_out_effective_bytes_per_sec,post_script_start,post_script_end,wms_delay,pre_script_delay,queue_delay,runtime,post_script_delay,stage_in_delay,stage_in_bytes,stage_out_delay,stage_out_bytes,kickstart_user,kickstart_site,kickstart_hostname,kickstart_transformations,kickstart_executables,kickstart_executables_argv,kickstart_executables_cpu_time,kickstart_status,kickstart_executables_exitcode,kickstart_online_iowait,kickstart_online_bytes_read,kickstart_online_bytes_written,kickstart_online_read_system_calls,kickstart_online_write_system_calls,kickstart_online_utime,kickstart_online_stime,kickstart_online_bytes_read_per_second,kickstart_online_bytes_written_per_second
create_dir_casa-wind-full_0_condorpool,None,auxiliary,0,1694454485.0,,,1694454486.0,,,0.0,1694454491.0,1694454496.0,,,0.0,1694454496.0,1694454501.0,1.0,,5.0,5.0,5.0,,,,,poseidon,local,poseidon-submit,pegasus::dirmanager,/mnt/poseidon-data/poseidon/pegasus-5.1.0panorama/bin/pegasus-transfer,pegasus-kickstart  -n pegasus::dirmanager -N null -i - -R local  -L casa-wind-full -T 2023-09-08T07:29:05+00:00 pegasus-transfer,0.2,0,0,,,,,,,,,
unzip_ID0000006,None,compute,0,1694454501.0,,,1694454506.0,1694454527.0,1694454536.0,27267823.0,1694454526.0,1694454576.0,1694454548.0,1694454567.0,26541467.0,1694454576.0,1694454581.0,5.0,,20.0,50.0,5.0,9.0,222753803.0,19.0,501616588.0,poseidon,condorpool,poseidon-worker-2-container-44-47,unzip,/usr/bin/gunzip,,3.9,0,0,,,,,,,,,
unzip_ID0000106,cpu_3,compute,0,1694454501.0,,,1694454506.0,1694454528.0,1694454537.0,27081520.0,1694454526.0,1694454576.0,1694454552.0,1694454568.0,30791380.0,1694454576.0,1694454581.0,5.0,,20.0,50.0,5.0,9.0,241199298.0,16.0,501821816.0,poseidon,condorpool,poseidon-worker-2-container-32-35,unzip,/usr/bin/gunzip,,4.0,0,0,,,,,,,,,
unzip_ID0000046,None,compute,0,1694454501.0,,,1694454506.0,1694454525.0,1694454536.0,21860434.0,1694454523.0,1694454576.0,1694454548.0,1694454566.0,28766089.0,1694454576.0,1694454581.0,5.0,,17.0,53.0,5.0,11.0,229692821.0,18.0,523855228.0,poseidon,condorpool,poseidon-worker-2-container-4-7,unzip,/usr/bin/gunzip,,4.0,0,0,,,,,,,,,
unzip_ID0000026,None,compute,0,1694454501.0,,,1694454506.0,1694454524.0,1694454532.0,27044296.0,1694454522.0,1694454561.0,1694454544.0,1694454554.0,52333394.0,1694454561.0,1694454566.0,5.0,,16.0,39.0,5.0,8.0,227963832.0,10.0,523917888.0,poseidon,condorpool,poseidon-worker-2-container-20-23,unzip,/usr/bin/gunzip,,4.0,0,0,,,,,,,,,
unzip_ID0000126,None,compute,0,1694454501.0,,,1694454506.0,1694454523.0,1694454533.0,27056278.0,1694454522.0,1694454566.0,1694454545.0,1694454556.0,47464968.0,1694454566.0,1694454571.0,5.0,,16.0,44.0,5.0,10.0,249343892.0,11.0,520618424.0,poseidon,condorpool,poseidon-worker-2-container-16-19,unzip,/usr/bin/gunzip,,4.2,0,0,,,,,,,,,
unzip_ID0000031,None,compute,0,1694454501.0,,,1694454506.0,1694454524.0,1694454533.0,26390776.0,1694454522.0,1694454571.0,1694454546.0,1694454563.0,31046319.0,1694454571.0,1694454576.0,5.0,,16.0,49.0,5.0,9.0,237517035.0,17.0,539438752.0,poseidon,condorpool,poseidon-worker-2-container-24-27,unzip,/usr/bin/gunzip,,4.2,0,0,,,,,,,,,
unzip_ID0000076,None,compute,0,1694454501.0,,,1694454506.0,1694454524.0,1694454533.0,27901755.0,1694454523.0,1694454571.0,1694454546.0,1694454562.0,31702862.0,1694454571.0,1694454576.0,5.0,,17.0,48.0,5.0,9.0,233747923.0,16.0,523942844.0,poseidon,condorpool,poseidon-worker-2-container-12-15,unzip,/usr/bin/gunzip,,4.1,0,0,,,,,,,,,
unzip_ID0000011,None,compute,0,1694454501.0,,,1694454506.0,1694454524.0,1694454533.0,24652972.0,1694454522.0,1694454576.0,1694454546.0,1694454566.0,28256923.0,1694454576.0,1694454581.0,5.0,,16.0,54.0,5.0,9.0,235998389.0,20.0,565205920.0,poseidon,condorpool,poseidon-worker-2-container-28-31,unzip,/usr/bin/gunzip,,4.2,0,0,,,,,,,,,
unzip_ID0000056,None,compute,0,1694454501.0,,,1694454506.0,1694454524.0,1694454533.0,25698125.0,1694454522.0,1694454576.0,1694454546.0,1694454567.0,25684204.0,1694454576.0,1694454581.0,5.0,,16.0,54.0,5.0,9.0,232139969.0,21.0,528026776.0,poseidon,condorpool,poseidon-worker-1-container-16-19,unzip,/usr/bin/gunzip,,4.1,0,0,,,,,,,,,
unzip_ID0000111,None,compute,0,1694454501.0,,,1694454506.0,1694454524.0,1694454531.0,35778123.0,1694454522.0,1694454566.0,1694454544.0,1694454556.0,46879578.0,1694454566.0,1694454571.0,5.0,,16.0,44.0,5.0,7.0,256320311.0,12.0,567950764.0,poseidon,condorpool,poseidon-worker-1-container-28-31,unzip,/usr/bin/gunzip,,4.4,0,0,,,,,,,,,
unzip_ID0000071,None,compute,0,1694454501.0,,,1694454506.0,1694454523.0,1694454531.0,32926614.0,1694454522.0,1694454561.0,1694454543.0,1694454552.0,58971063.0,1694454561.0,1694454566.0,5.0,,16.0,39.0,5.0,8.0,240896692.0,9.0,539506600.0,poseidon,condorpool,poseidon-worker-1-container-4-7,unzip,/usr/bin/gunzip,,4.1,0,0,,,,,,,,,
unzip_ID0000051,None,compute,0,1694454501.0,,,1694454506.0,1694454524.0,1694454533.0,26102004.0,1694454522.0,1694454576.0,1694454547.0,1694454570.0,23178127.0,1694454576.0,1694454581.0,5.0,,16.0,54.0,5.0,9.0,239630266.0,23.0,544301296.0,poseidon,condorpool,poseidon-worker-1-container-12-15,unzip,/usr/bin/gunzip,,4.2,0,0,,,,,,,,,
unzip_ID0000101,None,compute,0,1694454501.0,,,1694454506.0,1694454524.0,1694454533.0,26359511.0,1694454522.0,1694454576.0,1694454546.0,1694454567.0,26530292.0,1694454576.0,1694454581.0,5.0,,16.0,54.0,5.0,9.0,250988249.0,21.0,561551644.0,poseidon,condorpool,poseidon-worker-2-container-8-11,unzip,/usr/bin/gunzip,,4.4,0,0,,,,,,,,,
unzip_ID0000091,None,compute,0,1694454501.0,,,1694454506.0,1694454523.0,1694454532.0,30008981.0,1694454522.0,1694454561.0,1694454544.0,1694454554.0,53604604.0,1694454561.0,1694454566.0,5.0,,16.0,39.0,5.0,9.0,246447087.0,10.0,539109992.0,poseidon,condorpool,poseidon-worker-1-container-0-3,unzip,/usr/bin/gunzip,,4.3,0,0,,,,,,,,,
unzip_ID0000096,None,compute,0,1694454501.0,,,1694454506.0,1694454523.0,1694454533.0,25617192.0,1694454522.0,1694454571.0,1694454546.0,1694454561.0,33705724.0,1694454571.0,1694454576.0,5.0,,16.0,49.0,5.0,10.0,240753402.0,15.0,524013876.0,poseidon,condorpool,poseidon-worker-2-container-36-39,unzip,/usr/bin/gunzip,,4.2,0,0,,,,,,,,,
unzip_ID0000081,cpu_3,compute,0,1694454501.0,,,1694454506.0,1694454523.0,1694454531.0,30800145.0,1694454521.0,1694454576.0,1694454546.0,1694454566.0,26414308.0,1694454576.0,1694454581.0,5.0,,15.0,55.0,5.0,8.0,245619741.0,20.0,543190672.0,poseidon,condorpool,poseidon-worker-2-container-32-35,unzip,/usr/bin/gunzip,,4.2,0,0,,,,,,,,,
unzip_ID0000061,None,compute,0,1694454501.0,,,1694454506.0,1694454523.0,1694454533.0,24450778.0,1694454522.0,1694454576.0,1694454547.0,1694454570.0,23325309.0,1694454576.0,1694454581.0,5.0,,16.0,54.0,5.0,10.0,240463185.0,23.0,541945820.0,poseidon,condorpool,poseidon-worker-1-container-32-35,unzip,/usr/bin/gunzip,,4.2,0,0,,,,,,,,,
unzip_ID0000001,None,compute,0,1694454501.0,,,1694454506.0,1694454524.0,1694454533.0,24872252.0,1694454522.0,1694454576.0,1694454546.0,1694454566.0,28084162.0,1694454576.0,1694454581.0,5.0,,16.0,54.0,5.0,9.0,232473216.0,20.0,561354992.0,poseidon,condorpool,poseidon-worker-2-container-0-3,unzip,/usr/bin/gunzip,,4.2,0,0,,,,,,,,,
unzip_ID0000121,cpu_3,compute,0,1694454501.0,,,1694454506.0,1694454523.0,1694454534.0,22937554.0,1694454522.0,1694454576.0,1694454548.0,1694454566.0,29422651.0,1694454576.0,1694454581.0,5.0,,16.0,54.0,5.0,11.0,250860096.0,18.0,550782944.0,poseidon,condorpool,poseidon-worker-1-container-40-43,unzip,/usr/bin/gunzip,,4.3,0,0,,,,,,,,,
unzip_ID0000041,None,compute,0,1694454501.0,,,1694454506.0,1694454523.0,1694454531.0,28525575.0,1694454521.0,1694454561.0,1694454544.0,1694454555.0,51514181.0,1694454561.0,1694454566.0,5.0,,15.0,40.0,5.0,8.0,238944758.0,11.0,540768928.0,poseidon,condorpool,poseidon-worker-1-container-44-47,unzip,/usr/bin/gunzip,,4.1,0,0,,,,,,,,,
unzip_ID0000021,None,compute,0,1694454501.0,,,1694454506.0,1694454524.0,1694454535.0,22164227.0,1694454522.0,1694454576.0,1694454547.0,1694454566.0,29034635.0,1694454576.0,1694454581.0,5.0,,16.0,54.0,5.0,11.0,235136662.0,19.0,539178100.0,poseidon,condorpool,poseidon-worker-2-container-40-43,unzip,/usr/bin/gunzip,,4.1,0,0,,,,,,,,,
unzip_ID0000086,None,compute,0,1694454501.0,,,1694454506.0,1694454523.0,1694454532.0,26655199.0,1694454522.0,1694454561.0,1694454544.0,1694454555.0,48397432.0,1694454561.0,1694454566.0,5.0,,16.0,39.0,5.0,9.0,234836668.0,11.0,518838800.0,poseidon,condorpool,poseidon-worker-1-container-8-11,unzip,/usr/bin/gunzip,,4.1,0,0,,,,,,,,,
unzip_ID0000016,None,compute,0,1694454501.0,,,1694454506.0,1694454523.0,1694454532.0,25814046.0,1694454522.0,1694454561.0,1694454544.0,1694454554.0,52569532.0,1694454561.0,1694454566.0,5.0,,16.0,39.0,5.0,9.0,225238888.0,10.0,523826084.0,poseidon,condorpool,poseidon-worker-1-container-24-27,unzip,/usr/bin/gunzip,,4.0,0,0,,,,,,,,,
unzip_ID0000036,None,compute,0,1694454501.0,,,1694454506.0,1694454523.0,1694454531.0,29235573.0,1694454522.0,1694454561.0,1694454544.0,1694454554.0,54852646.0,1694454561.0,1694454566.0,5.0,,16.0,39.0,5.0,8.0,232020704.0,10.0,526952240.0,poseidon,condorpool,poseidon-worker-1-container-36-39,unzip,/usr/bin/gunzip,,4.1,0,0,,,,,,,,,
unzip_ID0000066,None,compute,0,1694454501.0,,,1694454506.0,1694454523.0,1694454532.0,28343827.0,1694454522.0,1694454561.0,1694454544.0,1694454554.0,50964620.0,1694454561.0,1694454566.0,5.0,,16.0,39.0,5.0,9.0,232031705.0,10.0,523661496.0,poseidon,condorpool,poseidon-worker-2-container-44-47,unzip,/usr/bin/gunzip,,4.0,0,0,,,,,,,,,
unzip_ID0000116,None,compute,0,1694454501.0,,,1694454506.0,1694454524.0,1694454533.0,26595243.0,1694454522.0,1694454576.0,1694454547.0,1694454566.0,27626785.0,1694454576.0,1694454581.0,5.0,,16.0,54.0,5.0,9.0,249255741.0,19.0,520850676.0,poseidon,condorpool,poseidon-worker-1-container-20-23,unzip,/usr/bin/gunzip,,4.2,0,0,,,,,,,,,
um_vel_ID0000017,None,compute,0,1694454566.0,,,1694454571.0,1694454574.0,1694454593.0,49888091.3,1694454572.0,1694454611.0,1694454602.0,1694454605.0,173595.0,1694454611.0,1694454616.0,5.0,,1.0,39.0,5.0,19.0,700412836.0,3.0,556900.0,poseidon,condorpool,poseidon-worker-2-container-44-47,um_vel,/opt/UM_VEL/UM_VEL,,1.8,0,0,,,,,,,,,
um_vel_ID0000087,None,compute,0,1694454566.0,,,1694454571.0,1694454574.0,1694454593.0,51891976.2,1694454572.0,1694454611.0,1694454601.0,1694454605.0,171475.0,1694454611.0,1694454616.0,5.0,,1.0,39.0,5.0,19.0,695425552.0,4.0,556900.0,poseidon,condorpool,poseidon-worker-1-container-4-7,um_vel,/opt/UM_VEL/UM_VEL,,1.7,0,0,,,,,,,,,
um_vel_ID0000067,None,compute,0,1694454566.0,,,1694454571.0,1694454574.0,1694454592.0,55821776.8,1694454572.0,1694454611.0,1694454601.0,1694454604.0,168734.0,1694454611.0,1694454616.0,5.0,,1.0,39.0,5.0,18.0,700248248.0,3.0,556900.0,poseidon,condorpool,poseidon-worker-1-container-44-47,um_vel,/opt/UM_VEL/UM_VEL,,1.7,0,0,,,,,,,,,
um_vel_ID0000072,None,compute,0,1694454566.0,,,1694454571.0,1694454574.0,1694454595.0,45138960.6,1694454572.0,1694454616.0,1694454605.0,1694454608.0,174364.0,1694454616.0,1694454622.0,5.0,,1.0,44.0,6.0,21.0,716093352.0,3.0,556900.0,poseidon,condorpool,poseidon-worker-1-container-0-3,um_vel,/opt/UM_VEL/UM_VEL,,1.7,0,0,,,,,,,,,
um_vel_ID0000092,None,compute,0,1694454566.0,,,1694454571.0,1694454574.0,1694454595.0,45692808.1,1694454572.0,1694454616.0,1694454604.0,1694454607.0,176286.0,1694454616.0,1694454622.0,5.0,,1.0,44.0,6.0,21.0,715696744.0,3.0,556900.0,poseidon,condorpool,poseidon-worker-2-container-36-39,um_vel,/opt/UM_VEL/UM_VEL,,1.8,0,0,,,,,,,,,
um_vel_ID0000027,None,compute,0,1694454566.0,,,1694454571.0,1694454574.0,1694454592.0,56918099.0,1694454572.0,1694454611.0,1694454600.0,1694454604.0,171610.0,1694454611.0,1694454616.0,5.0,,1.0,39.0,5.0,18.0,700504640.0,4.0,556900.0,poseidon,condorpool,poseidon-worker-1-container-24-27,um_vel,/opt/UM_VEL/UM_VEL,,1.7,0,0,,,,,,,,,
um_vel_ID0000037,None,compute,0,1694454566.0,,,1694454571.0,1694454574.0,1694454593.0,50838391.0,1694454572.0,1694454611.0,1694454602.0,1694454605.0,176603.0,1694454611.0,1694454616.0,5.0,,1.0,39.0,5.0,19.0,703538992.0,3.0,556900.0,poseidon,condorpool,poseidon-worker-1-container-8-11,um_vel,/opt/UM_VEL/UM_VEL,,1.8,0,0,,,,,,,,,
um_vel_ID0000042,None,compute,0,1694454566.0,,,1694454571.0,1694454574.0,1694454594.0,49306346.0,1694454572.0,1694454616.0,1694454603.0,1694454606.0,172793.0,1694454616.0,1694454622.0,5.0,,1.0,44.0,6.0,20.0,717355680.0,3.0,556900.0,poseidon,condorpool,poseidon-worker-2-container-12-15,um_vel,/opt/UM_VEL/UM_VEL,,1.8,0,0,,,,,,,,,
um_vel_ID0000127,cpu_3,compute,0,1694454571.0,,,1694454576.0,1694454579.0,1694454601.0,47048729.9,1694454577.0,1694454622.0,1694454610.0,1694454613.0,178460.0,1694454622.0,1694454627.0,5.0,,1.0,45.0,5.0,22.0,697205176.0,3.0,556900.0,poseidon,condorpool,poseidon-worker-2-container-32-35,um_vel,/opt/UM_VEL/UM_VEL,,1.7,0,0,,,,,,,,,
um_vel_ID0000112,cpu_3,compute,0,1694454571.0,,,1694454576.0,1694454579.0,1694454599.0,50466072.4,1694454577.0,1694454622.0,1694454608.0,1694454611.0,176469.0,1694454622.0,1694454627.0,5.0,,1.0,45.0,5.0,20.0,744537516.0,3.0,556900.0,poseidon,condorpool,poseidon-worker-1-container-40-43,um_vel,/opt/UM_VEL/UM_VEL,,1.8,0,0,,,,,,,,,
um_vel_ID0000097,None,compute,0,1694454576.0,,,1694454581.0,1694454584.0,1694454603.0,51629465.8,1694454582.0,1694454622.0,1694454612.0,1694454615.0,174697.0,1694454622.0,1694454627.0,5.0,,1.0,40.0,5.0,19.0,700600628.0,3.0,556900.0,poseidon,condorpool,poseidon-worker-2-container-40-43,um_vel,/opt/UM_VEL/UM_VEL,,1.8,0,0,,,,,,,,,
um_vel_ID0000032,None,compute,0,1694454576.0,,,1694454581.0,1694454584.0,1694454604.0,47957478.6,1694454582.0,1694454627.0,1694454614.0,1694454617.0,177818.0,1694454627.0,1694454632.0,5.0,,1.0,45.0,5.0,20.0,716025504.0,3.0,556900.0,poseidon,condorpool,poseidon-worker-2-container-4-7,um_vel,/opt/UM_VEL/UM_VEL,,1.8,0,0,,,,,,,,,
um_vel_ID0000077,None,compute,0,1694454576.0,,,1694454581.0,1694454584.0,1694454601.0,58881622.3,1694454582.0,1694454622.0,1694454610.0,1694454613.0,175909.0,1694454622.0,1694454627.0,5.0,,1.0,40.0,5.0,17.0,700529596.0,3.0,556900.0,poseidon,condorpool,poseidon-worker-2-container-8-11,um_vel,/opt/UM_VEL/UM_VEL,,1.8,0,0,,,,,,,,,
um_vel_ID0000107,None,compute,0,1694454581.0,,,1694454586.0,1694454589.0,1694454608.0,52187212.5,1694454587.0,1694454627.0,1694454616.0,1694454620.0,176182.0,1694454627.0,1694454632.0,5.0,,1.0,40.0,5.0,19.0,678408568.0,4.0,556900.0,poseidon,condorpool,poseidon-worker-2-container-28-31,um_vel,/opt/UM_VEL/UM_VEL,,1.7,0,0,,,,,,,,,
um_vel_ID0000102,None,compute,0,1694454581.0,,,1694454586.0,1694454589.0,1694454609.0,51992778.5,1694454587.0,1694454627.0,1694454618.0,1694454621.0,175435.0,1694454627.0,1694454632.0,5.0,,1.0,40.0,5.0,20.0,738138396.0,3.0,556900.0,poseidon,condorpool,poseidon-worker-2-container-24-27,um_vel,/opt/UM_VEL/UM_VEL,,1.8,0,0,,,,,,,,,
stage_out_local_condorpool_0_0,None,transfer,0,1694454581.0,,,1694454586.0,,,0.0,1694454587.0,1694454622.0,,,0.0,1694454622.0,1694454627.0,5.0,,1.0,35.0,5.0,,,,,poseidon,local,poseidon-submit,pegasus::transfer,/mnt/poseidon-data/poseidon/pegasus-5.1.0panorama/bin/pegasus-transfer,/home/poseidon/pegasus-5.1.0panorama/bin/../bin/pegasus-kickstart  -n pegasus::transfer -N null -i - -R local  -L casa-wind-full -T 2023-09-08T07:29:05+00:00 /home/poseidon/pegasus-5.1.0panorama/bin/../bin/pegasus-transfer  --threads 2,34.7,0,0,,,,,,,,,
stage_out_local_condorpool_0_2,None,transfer,0,1694454581.0,,,1694454586.0,,,0.0,1694454587.0,1694454622.0,,,0.0,1694454622.0,1694454627.0,5.0,,1.0,35.0,5.0,,,,,poseidon,local,poseidon-submit,pegasus::transfer,/mnt/poseidon-data/poseidon/pegasus-5.1.0panorama/bin/pegasus-transfer,/home/poseidon/pegasus-5.1.0panorama/bin/../bin/pegasus-kickstart  -n pegasus::transfer -N null -i - -R local  -L casa-wind-full -T 2023-09-08T07:29:05+00:00 /home/poseidon/pegasus-5.1.0panorama/bin/../bin/pegasus-transfer  --threads 2,34.6,0,0,,,,,,,,,
um_vel_ID0000007,None,compute,0,1694454581.0,,,1694454586.0,1694454589.0,1694454608.0,51038935.3,1694454587.0,1694454627.0,1694454616.0,1694454619.0,176746.0,1694454627.0,1694454632.0,5.0,,1.0,40.0,5.0,19.0,678203340.0,3.0,556900.0,poseidon,condorpool,poseidon-worker-2-container-44-47,um_vel,/opt/UM_VEL/UM_VEL,,1.6,0,0,,,,,,,,,
um_vel_ID0000047,None,compute,0,1694454581.0,,,1694454586.0,1694454589.0,1694454610.0,46739017.6,1694454587.0,1694454627.0,1694454618.0,1694454621.0,176389.0,1694454627.0,1694454632.0,5.0,,1.0,40.0,5.0,21.0,700441980.0,3.0,556900.0,poseidon,condorpool,poseidon-worker-1-container-16-19,um_vel,/opt/UM_VEL/UM_VEL,,1.7,0,0,,,,,,,,,
stage_out_local_condorpool_0_1,None,transfer,0,1694454581.0,,,1694454586.0,,,0.0,1694454587.0,1694454622.0,,,0.0,1694454622.0,1694454627.0,5.0,,1.0,35.0,5.0,,,,,poseidon,local,poseidon-submit,pegasus::transfer,/mnt/poseidon-data/poseidon/pegasus-5.1.0panorama/bin/pegasus-transfer,/home/poseidon/pegasus-5.1.0panorama/bin/../bin/pegasus-kickstart  -n pegasus::transfer -N null -i - -R local  -L casa-wind-full -T 2023-09-08T07:29:05+00:00 /home/poseidon/pegasus-5.1.0panorama/bin/../bin/pegasus-transfer  --threads 2,34.1,0,0,,,,,,,,,
um_vel_ID0000052,None,compute,0,1694454581.0,,,1694454586.0,1694454589.0,1694454610.0,47227870.7,1694454587.0,1694454632.0,1694454619.0,1694454622.0,177413.0,1694454632.0,1694454637.0,5.0,,1.0,45.0,5.0,21.0,720888048.0,3.0,556900.0,poseidon,condorpool,poseidon-worker-2-container-16-19,um_vel,/opt/UM_VEL/UM_VEL,,1.7,0,0,,,,,,,,,
um_vel_ID0000057,None,compute,0,1694454581.0,,,1694454586.0,1694454589.0,1694454609.0,49644765.2,1694454587.0,1694454627.0,1694454617.0,1694454620.0,176168.0,1694454627.0,1694454632.0,5.0,,1.0,40.0,5.0,20.0,704613528.0,3.0,556900.0,poseidon,condorpool,poseidon-worker-1-container-32-35,um_vel,/opt/UM_VEL/UM_VEL,,1.7,0,0,,,,,,,,,
um_vel_ID0000117,cpu_3,compute,0,1694454581.0,,,1694454586.0,1694454595.0,1694454614.0,51094021.3,1694454592.0,1694454632.0,1694454623.0,1694454626.0,176735.0,1694454632.0,1694454637.0,5.0,,6.0,40.0,5.0,19.0,697437428.0,3.0,556900.0,poseidon,condorpool,poseidon-worker-2-container-32-35,um_vel,/opt/UM_VEL/UM_VEL,,1.7,0,0,,,,,,,,,
um_vel_ID0000022,None,compute,0,1694454581.0,,,1694454586.0,1694454589.0,1694454609.0,51715590.1,1694454588.0,1694454627.0,1694454617.0,1694454620.0,174523.0,1694454627.0,1694454632.0,5.0,,2.0,39.0,5.0,20.0,715764852.0,3.0,556900.0,poseidon,condorpool,poseidon-worker-1-container-20-23,um_vel,/opt/UM_VEL/UM_VEL,,1.7,0,0,,,,,,,,,
um_vel_ID0000122,cpu_3,compute,0,1694454581.0,,,1694454586.0,1694454590.0,1694454611.0,47554589.2,1694454587.0,1694454632.0,1694454620.0,1694454623.0,170460.0,1694454632.0,1694454637.0,5.0,,1.0,45.0,5.0,21.0,727369696.0,3.0,556900.0,poseidon,condorpool,poseidon-worker-2-container-32-35,um_vel,/opt/UM_VEL/UM_VEL,,1.7,0,0,,,,,,,,,
um_vel_ID0000002,None,compute,0,1694454581.0,,,1694454586.0,1694454595.0,1694454616.0,47674326.8,1694454593.0,1694454637.0,1694454625.0,1694454628.0,174747.0,1694454637.0,1694454642.0,5.0,,7.0,44.0,5.0,21.0,737941744.0,3.0,556900.0,poseidon,condorpool,poseidon-worker-2-container-44-47,um_vel,/opt/UM_VEL/UM_VEL,,1.7,0,0,,,,,,,,,
um_vel_ID0000062,None,compute,0,1694454581.0,,,1694454586.0,1694454589.0,1694454610.0,47482055.0,1694454587.0,1694454632.0,1694454618.0,1694454622.0,174815.0,1694454632.0,1694454637.0,5.0,,1.0,45.0,5.0,21.0,718532572.0,4.0,556900.0,poseidon,condorpool,poseidon-worker-1-container-12-15,um_vel,/opt/UM_VEL/UM_VEL,,1.7,0,0,,,,,,,,,
um_vel_ID0000082,None,compute,0,1694454581.0,,,1694454586.0,1694454589.0,1694454609.0,49672376.5,1694454588.0,1694454627.0,1694454618.0,1694454621.0,174854.0,1694454627.0,1694454632.0,5.0,,2.0,39.0,5.0,20.0,719777424.0,3.0,556900.0,poseidon,condorpool,poseidon-worker-2-container-0-3,um_vel,/opt/UM_VEL/UM_VEL,,1.7,0,0,,,,,,,,,
um_vel_ID0000012,None,compute,0,1694454581.0,,,1694454586.0,1694454589.0,1694454612.0,42937234.5,1694454587.0,1694454632.0,1694454620.0,1694454624.0,177749.0,1694454632.0,1694454637.0,5.0,,1.0,45.0,5.0,23.0,741792672.0,4.0,556900.0,poseidon,condorpool,poseidon-worker-1-container-28-31,um_vel,/opt/UM_VEL/UM_VEL,,1.7,0,0,,,,,,,,,
post_vel_ID0000088,None,compute,0,1694454616.0,,,1694454622.0,1694454625.0,1694454636.0,32226005.8,1694454623.0,1694454652.0,1694454641.0,1694454644.0,4090.0,1694454652.0,1694454657.0,6.0,,1.0,29.0,5.0,11.0,177143937.0,3.0,12740.0,poseidon,condorpool,poseidon-worker-2-container-12-15,post_vel,/opt/netcdf2png/merged_netcdf2png,,0.1,0,0,,,,,,,,,
mvt_ID0000089,None,compute,0,1694454616.0,,,1694454622.0,1694454625.0,1694454636.0,34553814.2,1694454623.0,1694454692.0,1694454681.0,1694454684.0,15837.0,1694454692.0,1694454697.0,6.0,,1.0,69.0,5.0,11.0,177143652.0,3.0,48475.0,poseidon,condorpool,poseidon-worker-2-container-44-47,mvt,/opt/mvt/mvt,,40.2,0,0,0.0,830056.0,24576.0,518.0,6.0,39.8,0.2,20751.4,2457.6
mvt_ID0000029,None,compute,0,1694454616.0,,,1694454621.0,1694454624.0,1694454635.0,34951723.0,1694454623.0,1694454692.0,1694454680.0,1694454683.0,12583.0,1694454692.0,1694454697.0,5.0,,2.0,69.0,5.0,11.0,177143652.0,3.0,38341.0,poseidon,condorpool,poseidon-worker-1-container-8-11,mvt,/opt/mvt/mvt,,39.5,0,0,0.0,791859.0,20480.0,428.0,5.0,29.9,0.1,26395.3,1024.0
post_vel_ID0000028,None,compute,0,1694454616.0,,,1694454621.0,1694454624.0,1694454635.0,35113104.0,1694454623.0,1694454652.0,1694454641.0,1694454644.0,3738.0,1694454652.0,1694454657.0,5.0,,2.0,29.0,5.0,11.0,177143937.0,3.0,11529.0,poseidon,condorpool,poseidon-worker-1-container-4-7,post_vel,/opt/netcdf2png/merged_netcdf2png,,0.1,0,0,,,,,,,,,
post_vel_ID0000038,cpu_3,compute,0,1694454616.0,,,1694454621.0,1694454625.0,1694454635.0,35189176.0,1694454623.0,1694454652.0,1694454641.0,1694454644.0,3510.0,1694454652.0,1694454657.0,5.0,,2.0,29.0,5.0,10.0,177143937.0,3.0,11227.0,poseidon,condorpool,poseidon-worker-1-container-40-43,post_vel,/opt/netcdf2png/merged_netcdf2png,,0.1,0,0,,,,,,,,,
post_vel_ID0000018,None,compute,0,1694454616.0,,,1694454622.0,1694454624.0,1694454635.0,34918677.8,1694454623.0,1694454652.0,1694454641.0,1694454644.0,3787.0,1694454652.0,1694454657.0,6.0,,1.0,29.0,5.0,11.0,177143937.0,3.0,11645.0,poseidon,condorpool,poseidon-worker-1-container-0-3,post_vel,/opt/netcdf2png/merged_netcdf2png,,0.1,0,0,,,,,,,,,
mvt_ID0000039,cpu_3,compute,0,1694454616.0,,,1694454621.0,1694454625.0,1694454637.0,34843668.2,1694454623.0,1694454747.0,1694454736.0,1694454740.0,10316.0,1694454747.0,1694454752.0,5.0,,2.0,124.0,5.0,12.0,177143652.0,4.0,34386.0,poseidon,condorpool,poseidon-worker-2-container-32-35,mvt,/opt/mvt/mvt,,39.2,0,0,0.0,830972.0,16384.0,554.0,4.0,37.6,0.1,9233.0,819.2
post_vel_ID0000068,None,compute,0,1694454616.0,,,1694454622.0,1694454625.0,1694454636.0,34851756.0,1694454623.0,1694454652.0,1694454641.0,1694454644.0,3670.0,1694454652.0,1694454657.0,6.0,,1.0,29.0,5.0,11.0,177143937.0,3.0,11398.0,poseidon,condorpool,poseidon-worker-2-container-40-43,post_vel,/opt/netcdf2png/merged_netcdf2png,,0.1,0,0,,,,,,,,,
mvt_ID0000019,None,compute,0,1694454616.0,,,1694454622.0,1694454625.0,1694454635.0,29701528.5,1694454623.0,1694454692.0,1694454681.0,1694454684.0,11773.0,1694454692.0,1694454697.0,6.0,,1.0,69.0,5.0,10.0,177143652.0,3.0,36245.0,poseidon,condorpool,poseidon-worker-2-container-8-11,mvt,/opt/mvt/mvt,,40.2,0,0,0.0,798375.0,20480.0,449.0,5.0,39.8,0.2,19959.4,1024.0
mvt_ID0000069,None,compute,0,1694454616.0,,,1694454622.0,1694454624.0,1694454635.0,34674311.4,1694454623.0,1694454692.0,1694454681.0,1694454684.0,11571.0,1694454692.0,1694454697.0,6.0,,1.0,69.0,5.0,11.0,177143652.0,3.0,35309.0,poseidon,condorpool,poseidon-worker-1-container-44-47,mvt,/opt/mvt/mvt,,40.0,0,0,0.0,789145.0,16384.0,422.0,4.0,29.7,0.3,26304.8,819.2
mvt_ID0000074,None,compute,0,1694454622.0,,,1694454627.0,1694454630.0,1694454641.0,34514938.2,1694454628.0,1694454697.0,1694454686.0,1694454689.0,12695.0,1694454697.0,1694454702.0,5.0,,1.0,69.0,5.0,11.0,177143652.0,3.0,38855.0,poseidon,condorpool,poseidon-worker-2-container-28-31,mvt,/opt/mvt/mvt,,39.3,0,0,0.0,791898.0,20480.0,428.0,5.0,29.9,0.1,26396.6,1024.0
post_vel_ID0000093,None,compute,0,1694454622.0,,,1694454627.0,1694454630.0,1694454641.0,34334535.6,1694454628.0,1694454657.0,1694454647.0,1694454650.0,4345.0,1694454657.0,1694454662.0,5.0,,1.0,29.0,5.0,11.0,177143937.0,3.0,13303.0,poseidon,condorpool,poseidon-worker-2-container-4-7,post_vel,/opt/netcdf2png/merged_netcdf2png,,0.1,0,0,,,,,,,,,
post_vel_ID0000073,None,compute,0,1694454622.0,,,1694454627.0,1694454630.0,1694454642.0,29007705.3,1694454628.0,1694454657.0,1694454647.0,1694454651.0,3874.0,1694454657.0,1694454662.0,5.0,,1.0,29.0,5.0,12.0,177143937.0,4.0,11825.0,poseidon,condorpool,poseidon-worker-2-container-44-47,post_vel,/opt/netcdf2png/merged_netcdf2png,,0.1,0,0,,,,,,,,,
post_vel_ID0000043,None,compute,0,1694454622.0,,,1694454627.0,1694454630.0,1694454641.0,35239460.6,1694454628.0,1694454657.0,1694454646.0,1694454649.0,3624.0,1694454657.0,1694454662.0,5.0,,1.0,29.0,5.0,11.0,177143937.0,3.0,11050.0,poseidon,condorpool,poseidon-worker-1-container-24-27,post_vel,/opt/netcdf2png/merged_netcdf2png,,0.1,0,0,,,,,,,,,
mvt_ID0000044,None,compute,0,1694454622.0,,,1694454627.0,1694454630.0,1694454641.0,34891327.8,1694454628.0,1694454697.0,1694454686.0,1694454689.0,9146.0,1694454697.0,1694454702.0,5.0,,1.0,69.0,5.0,11.0,177143652.0,3.0,28113.0,poseidon,condorpool,poseidon-worker-1-container-16-19,mvt,/opt/mvt/mvt,,39.8,0,0,0.0,791898.0,12288.0,428.0,3.0,29.8,0.1,26396.6,1228.8
mvt_ID0000094,None,compute,0,1694454622.0,,,1694454627.0,1694454630.0,1694454641.0,34832107.2,1694454628.0,1694454697.0,1694454686.0,1694454689.0,17140.0,1694454697.0,1694454702.0,5.0,,1.0,69.0,5.0,11.0,177143652.0,3.0,52407.0,poseidon,condorpool,poseidon-worker-1-container-32-35,mvt,/opt/mvt/mvt,,39.8,0,0,0.0,802849.0,28672.0,452.0,7.0,29.8,0.1,26761.6,1433.6
mvt_ID0000114,None,compute,0,1694454627.0,,,1694454632.0,1694454635.0,1694454646.0,35170505.6,1694454634.0,1694454702.0,1694454691.0,1694454694.0,23425.0,1694454702.0,1694454707.0,5.0,,2.0,68.0,5.0,11.0,177143652.0,3.0,73234.0,poseidon,condorpool,poseidon-worker-1-container-28-31,mvt,/opt/mvt/mvt,,39.7,0,0,0.0,789143.0,40960.0,422.0,10.0,29.9,0.1,26304.8,4096.0
mvt_ID0000079,None,compute,0,1694454627.0,,,1694454632.0,1694454635.0,1694454646.0,35061375.8,1694454634.0,1694454702.0,1694454691.0,1694454694.0,14763.0,1694454702.0,1694454707.0,5.0,,2.0,68.0,5.0,11.0,177143652.0,3.0,45337.0,poseidon,condorpool,poseidon-worker-1-container-20-23,mvt,/opt/mvt/mvt,,39.8,0,0,0.0,802846.0,24576.0,452.0,6.0,29.9,0.1,26761.5,1228.8
post_vel_ID0000128,None,compute,0,1694454627.0,,,1694454632.0,1694454635.0,1694454647.0,32236725.2,1694454634.0,1694454662.0,1694454653.0,1694454656.0,4706.0,1694454662.0,1694454667.0,5.0,,2.0,28.0,5.0,12.0,177143937.0,3.0,14512.0,poseidon,condorpool,poseidon-worker-2-container-0-3,post_vel,/opt/netcdf2png/merged_netcdf2png,,0.1,0,0,,,,,,,,,
register_condorpool_0_0,None,auxiliary,0,1694454627.0,,,1694454642.0,,,0.0,1694454643.0,1694454647.0,,,0.0,1694454647.0,1694454652.0,15.0,,1.0,4.0,5.0,,,,,poseidon,local,poseidon-submit,pegasus::rc-client,/mnt/poseidon-data/poseidon/pegasus-5.1.0panorama/bin/pegasus-rc-client,"-n pegasus::rc-client -N null -R local  -L casa-wind-full -T 2023-09-08T07:29:05+00:00 /home/poseidon/pegasus-5.1.0panorama/bin/pegasus-rc-client --prefix pegasus.catalog.replica.output --conf /mnt/poseidon-data/poseidon/workflows/casa-wind-workflow-full/submit/poseidon/pegasus/casa-wind-full/run0366/pegasus.4536551737691290496.properties -v --meta /mnt/poseidon-data/poseidon/workflows/casa-wind-workflow-full/submit/poseidon/pegasus/casa-wind-full/run0366/00/00/unzip_ID0000026.meta,/mnt/poseidon-data/poseidon/workflows/casa-wind-workflow-full/submit/poseidon/pegasus/casa-wind-full/run0366/00/00/unzip_ID0000061.meta,/mnt/poseidon-data/poseidon/workflows/casa-wind-workflow-full/submit/poseidon/pegasus/casa-wind-full/run0366/00/00/unzip_ID0000071.meta,/mnt/poseidon-data/poseidon/workflows/casa-wind-workflow-full/submit/poseidon/pegasus/casa-wind-full/run0366/00/00/unzip_ID0000041.meta,/mnt/poseidon-data/poseidon/workflows/casa-wind-workflow-full/submit/poseidon/pegasus/casa-wind-full/run0366/00/00/unzip_ID0000016.meta,/mnt/poseidon-data/poseidon/workflows/casa-wind-workflow-full/submit/poseidon/pegasus/casa-wind-full/run0366/00/00/unzip_ID0000111.meta,/mnt/poseidon-data/poseidon/workflows/casa-wind-workflow-full/submit/poseidon/pegasus/casa-wind-full/run0366/00/00/unzip_ID0000011.meta,/mnt/poseidon-data/poseidon/workflows/casa-wind-workflow-full/submit/poseidon/pegasus/casa-wind-full/run0366/00/00/unzip_ID0000081.meta,/mnt/poseidon-data/poseidon/workflows/casa-wind-workflow-full/submit/poseidon/pegasus/casa-wind-full/run0366/00/00/unzip_ID0000066.meta,/mnt/poseidon-data/poseidon/workflows/casa-wind-workflow-full/submit/poseidon/pegasus/casa-wind-full/run0366/00/00/unzip_ID0000096.meta,/mnt/poseidon-data/poseidon/workflows/casa-wind-workflow-full/submit/poseidon/pegasus/casa-wind-full/run0366/00/00/unzip_ID0000051.meta,/mnt/poseidon-data/poseidon/workflows/casa-wind-workflow-full/submit/poseidon/pegasus/casa-wind-full/run0366/00/00/unzip_ID0000031.meta,/mnt/poseidon-data/poseidon/workflows/casa-wind-workflow-full/submit/poseidon/pegasus/casa-wind-full/run0366/00/00/unzip_ID0000116.meta,/mnt/poseidon-data/poseidon/workflows/casa-wind-workflow-full/submit/poseidon/pegasus/casa-wind-full/run0366/00/00/unzip_ID0000101.meta,/mnt/poseidon-data/poseidon/workflows/casa-wind-workflow-full/submit/poseidon/pegasus/casa-wind-full/run0366/00/00/unzip_ID0000121.meta,/mnt/poseidon-data/poseidon/workflows/casa-wind-workflow-full/submit/poseidon/pegasus/casa-wind-full/run0366/00/00/unzip_ID0000106.meta,/mnt/poseidon-data/poseidon/workflows/casa-wind-workflow-full/submit/poseidon/pegasus/casa-wind-full/run0366/00/00/unzip_ID0000046.meta,/mnt/poseidon-data/poseidon/workflows/casa-wind-workflow-full/submit/poseidon/pegasus/casa-wind-full/run0366/00/00/unzip_ID0000076.meta,/mnt/poseidon-data/poseidon/workflows/casa-wind-workflow-full/submit/poseidon/pegasus/casa-wind-full/run0366/00/00/unzip_ID0000056.meta,/mnt/poseidon-data/poseidon/workflows/casa-wind-workflow-full/submit/poseidon/pegasus/casa-wind-full/run0366/00/00/unzip_ID0000021.meta,/mnt/poseidon-data/poseidon/workflows/casa-wind-workflow-full/submit/poseidon/pegasus/casa-wind-full/run0366/00/00/unzip_ID0000086.meta,/mnt/poseidon-data/poseidon/workflows/casa-wind-workflow-full/submit/poseidon/pegasus/casa-wind-full/run0366/00/00/unzip_ID0000126.meta,/mnt/poseidon-data/poseidon/workflows/casa-wind-workflow-full/submit/poseidon/pegasus/casa-wind-full/run0366/00/00/unzip_ID0000006.meta,/mnt/poseidon-data/poseidon/workflows/casa-wind-workflow-full/submit/poseidon/pegasus/casa-wind-full/run0366/00/00/unzip_ID0000036.meta,/mnt/poseidon-data/poseidon/workflows/casa-wind-workflow-full/submit/poseidon/pegasus/casa-wind-full/run0366/00/00/unzip_ID0000001.meta,/mnt/poseidon-data/poseidon/workflows/casa-wind-workflow-full/submit/poseidon/pegasus/casa-wind-full/run0366/00/00/unzip_ID0000091.meta --insert /mnt/poseidon-data/poseidon/workflows/casa-wind-workflow-full/submit/poseidon/pegasus/casa-wind-full/run0366/00/00/register_condorpool_0_0.in",3.1,0,0,,,,,,,,,
register_condorpool_0_1,None,auxiliary,0,1694454627.0,,,1694454687.0,,,0.0,1694454688.0,1694454692.0,,,0.0,1694454692.0,1694454697.0,60.0,,1.0,4.0,5.0,,,,,poseidon,local,poseidon-submit,pegasus::rc-client,/mnt/poseidon-data/poseidon/pegasus-5.1.0panorama/bin/pegasus-rc-client,"-n pegasus::rc-client -N null -R local  -L casa-wind-full -T 2023-09-08T07:29:05+00:00 /home/poseidon/pegasus-5.1.0panorama/bin/pegasus-rc-client --prefix pegasus.catalog.replica.output --conf /mnt/poseidon-data/poseidon/workflows/casa-wind-workflow-full/submit/poseidon/pegasus/casa-wind-full/run0366/pegasus.4536551737691290496.properties -v --meta /mnt/poseidon-data/poseidon/workflows/casa-wind-workflow-full/submit/poseidon/pegasus/casa-wind-full/run0366/00/00/unzip_ID0000026.meta,/mnt/poseidon-data/poseidon/workflows/casa-wind-workflow-full/submit/poseidon/pegasus/casa-wind-full/run0366/00/00/unzip_ID0000061.meta,/mnt/poseidon-data/poseidon/workflows/casa-wind-workflow-full/submit/poseidon/pegasus/casa-wind-full/run0366/00/00/unzip_ID0000071.meta,/mnt/poseidon-data/poseidon/workflows/casa-wind-workflow-full/submit/poseidon/pegasus/casa-wind-full/run0366/00/00/unzip_ID0000041.meta,/mnt/poseidon-data/poseidon/workflows/casa-wind-workflow-full/submit/poseidon/pegasus/casa-wind-full/run0366/00/00/unzip_ID0000016.meta,/mnt/poseidon-data/poseidon/workflows/casa-wind-workflow-full/submit/poseidon/pegasus/casa-wind-full/run0366/00/00/unzip_ID0000111.meta,/mnt/poseidon-data/poseidon/workflows/casa-wind-workflow-full/submit/poseidon/pegasus/casa-wind-full/run0366/00/00/unzip_ID0000011.meta,/mnt/poseidon-data/poseidon/workflows/casa-wind-workflow-full/submit/poseidon/pegasus/casa-wind-full/run0366/00/00/unzip_ID0000081.meta,/mnt/poseidon-data/poseidon/workflows/casa-wind-workflow-full/submit/poseidon/pegasus/casa-wind-full/run0366/00/00/unzip_ID0000066.meta,/mnt/poseidon-data/poseidon/workflows/casa-wind-workflow-full/submit/poseidon/pegasus/casa-wind-full/run0366/00/00/unzip_ID0000096.meta,/mnt/poseidon-data/poseidon/workflows/casa-wind-workflow-full/submit/poseidon/pegasus/casa-wind-full/run0366/00/00/unzip_ID0000051.meta,/mnt/poseidon-data/poseidon/workflows/casa-wind-workflow-full/submit/poseidon/pegasus/casa-wind-full/run0366/00/00/unzip_ID0000031.meta,/mnt/poseidon-data/poseidon/workflows/casa-wind-workflow-full/submit/poseidon/pegasus/casa-wind-full/run0366/00/00/unzip_ID0000116.meta,/mnt/poseidon-data/poseidon/workflows/casa-wind-workflow-full/submit/poseidon/pegasus/casa-wind-full/run0366/00/00/unzip_ID0000101.meta,/mnt/poseidon-data/poseidon/workflows/casa-wind-workflow-full/submit/poseidon/pegasus/casa-wind-full/run0366/00/00/unzip_ID0000121.meta,/mnt/poseidon-data/poseidon/workflows/casa-wind-workflow-full/submit/poseidon/pegasus/casa-wind-full/run0366/00/00/unzip_ID0000106.meta,/mnt/poseidon-data/poseidon/workflows/casa-wind-workflow-full/submit/poseidon/pegasus/casa-wind-full/run0366/00/00/unzip_ID0000046.meta,/mnt/poseidon-data/poseidon/workflows/casa-wind-workflow-full/submit/poseidon/pegasus/casa-wind-full/run0366/00/00/unzip_ID0000076.meta,/mnt/poseidon-data/poseidon/workflows/casa-wind-workflow-full/submit/poseidon/pegasus/casa-wind-full/run0366/00/00/unzip_ID0000056.meta,/mnt/poseidon-data/poseidon/workflows/casa-wind-workflow-full/submit/poseidon/pegasus/casa-wind-full/run0366/00/00/unzip_ID0000021.meta,/mnt/poseidon-data/poseidon/workflows/casa-wind-workflow-full/submit/poseidon/pegasus/casa-wind-full/run0366/00/00/unzip_ID0000086.meta,/mnt/poseidon-data/poseidon/workflows/casa-wind-workflow-full/submit/poseidon/pegasus/casa-wind-full/run0366/00/00/unzip_ID0000126.meta,/mnt/poseidon-data/poseidon/workflows/casa-wind-workflow-full/submit/poseidon/pegasus/casa-wind-full/run0366/00/00/unzip_ID0000006.meta,/mnt/poseidon-data/poseidon/workflows/casa-wind-workflow-full/submit/poseidon/pegasus/casa-wind-full/run0366/00/00/unzip_ID0000036.meta,/mnt/poseidon-data/poseidon/workflows/casa-wind-workflow-full/submit/poseidon/pegasus/casa-wind-full/run0366/00/00/unzip_ID0000001.meta,/mnt/poseidon-data/poseidon/workflows/casa-wind-workflow-full/submit/poseidon/pegasus/casa-wind-full/run0366/00/00/unzip_ID0000091.meta --insert /mnt/poseidon-data/poseidon/workflows/casa-wind-workflow-full/submit/poseidon/pegasus/casa-wind-full/run0366/00/00/register_condorpool_0_1.in",3.0,0,0,,,,,,,,,
post_vel_ID0000113,None,compute,0,1694454627.0,,,1694454632.0,1694454635.0,1694454647.0,34281150.6,1694454634.0,1694454662.0,1694454653.0,1694454656.0,4721.0,1694454662.0,1694454667.0,5.0,,2.0,28.0,5.0,12.0,177143937.0,3.0,14745.0,poseidon,condorpool,poseidon-worker-2-container-16-19,post_vel,/opt/netcdf2png/merged_netcdf2png,,0.1,0,0,,,,,,,,,
register_condorpool_0_2,None,auxiliary,0,1694454627.0,,,1694454632.0,,,0.0,1694454633.0,1694454637.0,,,0.0,1694454637.0,1694454642.0,5.0,,1.0,4.0,5.0,,,,,poseidon,local,poseidon-submit,pegasus::rc-client,/mnt/poseidon-data/poseidon/pegasus-5.1.0panorama/bin/pegasus-rc-client,"-n pegasus::rc-client -N null -R local  -L casa-wind-full -T 2023-09-08T07:29:05+00:00 /home/poseidon/pegasus-5.1.0panorama/bin/pegasus-rc-client --prefix pegasus.catalog.replica.output --conf /mnt/poseidon-data/poseidon/workflows/casa-wind-workflow-full/submit/poseidon/pegasus/casa-wind-full/run0366/pegasus.4536551737691290496.properties -v --meta /mnt/poseidon-data/poseidon/workflows/casa-wind-workflow-full/submit/poseidon/pegasus/casa-wind-full/run0366/00/00/unzip_ID0000026.meta,/mnt/poseidon-data/poseidon/workflows/casa-wind-workflow-full/submit/poseidon/pegasus/casa-wind-full/run0366/00/00/unzip_ID0000061.meta,/mnt/poseidon-data/poseidon/workflows/casa-wind-workflow-full/submit/poseidon/pegasus/casa-wind-full/run0366/00/00/unzip_ID0000071.meta,/mnt/poseidon-data/poseidon/workflows/casa-wind-workflow-full/submit/poseidon/pegasus/casa-wind-full/run0366/00/00/unzip_ID0000041.meta,/mnt/poseidon-data/poseidon/workflows/casa-wind-workflow-full/submit/poseidon/pegasus/casa-wind-full/run0366/00/00/unzip_ID0000016.meta,/mnt/poseidon-data/poseidon/workflows/casa-wind-workflow-full/submit/poseidon/pegasus/casa-wind-full/run0366/00/00/unzip_ID0000111.meta,/mnt/poseidon-data/poseidon/workflows/casa-wind-workflow-full/submit/poseidon/pegasus/casa-wind-full/run0366/00/00/unzip_ID0000011.meta,/mnt/poseidon-data/poseidon/workflows/casa-wind-workflow-full/submit/poseidon/pegasus/casa-wind-full/run0366/00/00/unzip_ID0000081.meta,/mnt/poseidon-data/poseidon/workflows/casa-wind-workflow-full/submit/poseidon/pegasus/casa-wind-full/run0366/00/00/unzip_ID0000066.meta,/mnt/poseidon-data/poseidon/workflows/casa-wind-workflow-full/submit/poseidon/pegasus/casa-wind-full/run0366/00/00/unzip_ID0000096.meta,/mnt/poseidon-data/poseidon/workflows/casa-wind-workflow-full/submit/poseidon/pegasus/casa-wind-full/run0366/00/00/unzip_ID0000051.meta,/mnt/poseidon-data/poseidon/workflows/casa-wind-workflow-full/submit/poseidon/pegasus/casa-wind-full/run0366/00/00/unzip_ID0000031.meta,/mnt/poseidon-data/poseidon/workflows/casa-wind-workflow-full/submit/poseidon/pegasus/casa-wind-full/run0366/00/00/unzip_ID0000116.meta,/mnt/poseidon-data/poseidon/workflows/casa-wind-workflow-full/submit/poseidon/pegasus/casa-wind-full/run0366/00/00/unzip_ID0000101.meta,/mnt/poseidon-data/poseidon/workflows/casa-wind-workflow-full/submit/poseidon/pegasus/casa-wind-full/run0366/00/00/unzip_ID0000121.meta,/mnt/poseidon-data/poseidon/workflows/casa-wind-workflow-full/submit/poseidon/pegasus/casa-wind-full/run0366/00/00/unzip_ID0000106.meta,/mnt/poseidon-data/poseidon/workflows/casa-wind-workflow-full/submit/poseidon/pegasus/casa-wind-full/run0366/00/00/unzip_ID0000046.meta,/mnt/poseidon-data/poseidon/workflows/casa-wind-workflow-full/submit/poseidon/pegasus/casa-wind-full/run0366/00/00/unzip_ID0000076.meta,/mnt/poseidon-data/poseidon/workflows/casa-wind-workflow-full/submit/poseidon/pegasus/casa-wind-full/run0366/00/00/unzip_ID0000056.meta,/mnt/poseidon-data/poseidon/workflows/casa-wind-workflow-full/submit/poseidon/pegasus/casa-wind-full/run0366/00/00/unzip_ID0000021.meta,/mnt/poseidon-data/poseidon/workflows/casa-wind-workflow-full/submit/poseidon/pegasus/casa-wind-full/run0366/00/00/unzip_ID0000086.meta,/mnt/poseidon-data/poseidon/workflows/casa-wind-workflow-full/submit/poseidon/pegasus/casa-wind-full/run0366/00/00/unzip_ID0000126.meta,/mnt/poseidon-data/poseidon/workflows/casa-wind-workflow-full/submit/poseidon/pegasus/casa-wind-full/run0366/00/00/unzip_ID0000006.meta,/mnt/poseidon-data/poseidon/workflows/casa-wind-workflow-full/submit/poseidon/pegasus/casa-wind-full/run0366/00/00/unzip_ID0000036.meta,/mnt/poseidon-data/poseidon/workflows/casa-wind-workflow-full/submit/poseidon/pegasus/casa-wind-full/run0366/00/00/unzip_ID0000001.meta,/mnt/poseidon-data/poseidon/workflows/casa-wind-workflow-full/submit/poseidon/pegasus/casa-wind-full/run0366/00/00/unzip_ID0000091.meta --insert /mnt/poseidon-data/poseidon/workflows/casa-wind-workflow-full/submit/poseidon/pegasus/casa-wind-full/run0366/00/00/register_condorpool_0_2.in",3.1,0,0,,,,,,,,,
post_vel_ID0000078,None,compute,0,1694454627.0,,,1694454632.0,1694454635.0,1694454647.0,35040989.6,1694454634.0,1694454662.0,1694454653.0,1694454656.0,3998.0,1694454662.0,1694454667.0,5.0,,2.0,28.0,5.0,12.0,177143937.0,3.0,12264.0,poseidon,condorpool,poseidon-worker-2-container-24-27,post_vel,/opt/netcdf2png/merged_netcdf2png,,0.1,0,0,,,,,,,,,
mvt_ID0000129,None,compute,0,1694454627.0,,,1694454632.0,1694454635.0,1694454647.0,32374700.2,1694454634.0,1694454702.0,1694454692.0,1694454695.0,20816.0,1694454702.0,1694454707.0,5.0,,2.0,68.0,5.0,12.0,177143652.0,3.0,64489.0,poseidon,condorpool,poseidon-worker-2-container-36-39,mvt,/opt/mvt/mvt,,39.3,0,0,0.0,806926.0,36864.0,461.0,9.0,29.9,0.1,26897.5,3686.4
mvt_ID0000099,cpu_3,compute,0,1694454627.0,,,1694454632.0,1694454637.0,1694454651.0,34676456.2,1694454634.0,1694454767.0,1694454756.0,1694454759.0,15537.0,1694454767.0,1694454773.0,5.0,,2.0,133.0,6.0,14.0,177143652.0,3.0,50118.0,poseidon,condorpool,poseidon-worker-2-container-32-35,mvt,/opt/mvt/mvt,,38.4,0,0,0.0,874870.0,28672.0,650.0,7.0,33.5,0.1,9720.8,955.7
post_vel_ID0000098,cpu_3,compute,0,1694454627.0,,,1694454632.0,1694454637.0,1694454651.0,34776817.8,1694454634.0,1694454667.0,1694454657.0,1694454660.0,3989.0,1694454667.0,1694454672.0,5.0,,2.0,33.0,5.0,14.0,177143937.0,3.0,13355.0,poseidon,condorpool,poseidon-worker-2-container-32-35,post_vel,/opt/netcdf2png/merged_netcdf2png,,0.1,0,0,,,,,,,,,
mvt_ID0000049,cpu_3,compute,0,1694454632.0,,,1694454637.0,1694454652.0,1694454666.0,33432759.8,1694454647.0,1694454778.0,1694454765.0,1694454768.0,7797.0,1694454778.0,1694454783.0,5.0,,10.0,131.0,5.0,14.0,177143652.0,3.0,24108.0,poseidon,condorpool,poseidon-worker-2-container-32-35,mvt,/opt/mvt/mvt,,37.8,0,0,0.0,874886.0,12288.0,650.0,3.0,35.2,0.1,9721.0,1228.8
post_vel_ID0000048,None,compute,0,1694454632.0,,,1694454637.0,1694454645.0,1694454656.0,29598731.0,1694454643.0,1694454672.0,1694454661.0,1694454665.0,3371.0,1694454672.0,1694454677.0,5.0,,6.0,29.0,5.0,11.0,177143937.0,4.0,10371.0,poseidon,condorpool,poseidon-worker-2-container-44-47,post_vel,/opt/netcdf2png/merged_netcdf2png,,0.1,0,0,,,,,,,,,
post_vel_ID0000108,None,compute,0,1694454632.0,,,1694454637.0,1694454645.0,1694454657.0,28193359.3,1694454643.0,1694454672.0,1694454663.0,1694454666.0,4599.0,1694454672.0,1694454677.0,5.0,,6.0,29.0,5.0,12.0,177143937.0,3.0,13907.0,poseidon,condorpool,poseidon-worker-2-container-40-43,post_vel,/opt/netcdf2png/merged_netcdf2png,,0.1,0,0,,,,,,,,,
mvt_ID0000034,cpu_3,compute,0,1694454632.0,,,1694454637.0,1694454645.0,1694454658.0,25051834.0,1694454643.0,1694454747.0,1694454736.0,1694454740.0,9476.0,1694454747.0,1694454752.0,5.0,,6.0,104.0,5.0,13.0,177143652.0,4.0,30976.0,poseidon,condorpool,poseidon-worker-1-container-40-43,mvt,/opt/mvt/mvt,,39.6,0,0,0.0,833026.0,16384.0,545.0,4.0,37.8,0.2,11900.4,819.2
post_vel_ID0000033,None,compute,0,1694454632.0,,,1694454637.0,1694454645.0,1694454656.0,35393045.2,1694454643.0,1694454672.0,1694454661.0,1694454664.0,3710.0,1694454672.0,1694454677.0,5.0,,6.0,29.0,5.0,11.0,177143937.0,3.0,11464.0,poseidon,condorpool,poseidon-worker-2-container-0-3,post_vel,/opt/netcdf2png/merged_netcdf2png,,0.1,0,0,,,,,,,,,
mvt_ID0000109,None,compute,0,1694454632.0,,,1694454637.0,1694454645.0,1694454655.0,29722126.0,1694454643.0,1694454712.0,1694454701.0,1694454704.0,19445.0,1694454712.0,1694454717.0,5.0,,6.0,69.0,5.0,10.0,177143652.0,3.0,59954.0,poseidon,condorpool,poseidon-worker-1-container-8-11,mvt,/opt/mvt/mvt,,39.8,0,0,0.0,827574.0,32768.0,506.0,8.0,29.9,0.1,27585.8,1638.4
post_vel_ID0000023,None,compute,0,1694454632.0,,,1694454637.0,1694454645.0,1694454656.0,32350985.2,1694454643.0,1694454672.0,1694454661.0,1694454664.0,3719.0,1694454672.0,1694454677.0,5.0,,6.0,29.0,5.0,11.0,177143937.0,3.0,11372.0,poseidon,condorpool,poseidon-worker-1-container-24-27,post_vel,/opt/netcdf2png/merged_netcdf2png,,0.1,0,0,,,,,,,,,
post_vel_ID0000103,None,compute,0,1694454632.0,,,1694454637.0,1694454645.0,1694454663.0,14861552.4,1694454643.0,1694454682.0,1694454668.0,1694454671.0,4490.0,1694454682.0,1694454687.0,5.0,,6.0,39.0,5.0,18.0,177143937.0,3.0,13815.0,poseidon,condorpool,poseidon-worker-2-container-36-39,post_vel,/opt/netcdf2png/merged_netcdf2png,,0.1,0,0,,,,,,,,,
mvt_ID0000104,None,compute,0,1694454632.0,,,1694454637.0,1694454645.0,1694454657.0,29433846.0,1694454643.0,1694454712.0,1694454702.0,1694454705.0,19364.0,1694454712.0,1694454717.0,5.0,,6.0,69.0,5.0,12.0,177143652.0,3.0,59590.0,poseidon,condorpool,poseidon-worker-1-container-0-3,mvt,/opt/mvt/mvt,,39.6,0,0,0.0,817940.0,32768.0,485.0,8.0,29.9,0.1,27264.7,3276.8
mvt_ID0000059,None,compute,0,1694454632.0,,,1694454637.0,1694454639.0,1694454650.0,34995792.4,1694454638.0,1694454707.0,1694454696.0,1694454699.0,9199.0,1694454707.0,1694454712.0,5.0,,1.0,69.0,5.0,11.0,177143652.0,3.0,28164.0,poseidon,condorpool,poseidon-worker-1-container-12-15,mvt,/opt/mvt/mvt,,39.7,0,0,0.0,817982.0,12288.0,485.0,3.0,29.9,0.1,27266.1,1228.8
post_vel_ID0000058,None,compute,0,1694454632.0,,,1694454637.0,1694454640.0,1694454650.0,29649612.5,1694454638.0,1694454667.0,1694454656.0,1694454659.0,3636.0,1694454667.0,1694454672.0,5.0,,1.0,29.0,5.0,10.0,177143937.0,3.0,10981.0,poseidon,condorpool,poseidon-worker-2-container-44-47,post_vel,/opt/netcdf2png/merged_netcdf2png,,0.1,0,0,,,,,,,,,
mvt_ID0000024,None,compute,0,1694454632.0,,,1694454637.0,1694454645.0,1694454656.0,32748667.6,1694454643.0,1694454712.0,1694454701.0,1694454704.0,9953.0,1694454712.0,1694454717.0,5.0,,6.0,69.0,5.0,11.0,177143652.0,3.0,30705.0,poseidon,condorpool,poseidon-worker-1-container-20-23,mvt,/opt/mvt/mvt,,39.6,0,0,0.0,823497.0,16384.0,497.0,4.0,29.9,0.1,27449.9,819.2
post_vel_ID0000083,None,compute,0,1694454632.0,,,1694454637.0,1694454645.0,1694454656.0,29680899.5,1694454643.0,1694454672.0,1694454661.0,1694454664.0,4129.0,1694454672.0,1694454677.0,5.0,,6.0,29.0,5.0,11.0,177143937.0,3.0,12720.0,poseidon,condorpool,poseidon-worker-1-container-12-15,post_vel,/opt/netcdf2png/merged_netcdf2png,,0.1,0,0,,,,,,,,,
stage_out_local_condorpool_1_1,None,transfer,0,1694454632.0,,,1694454637.0,,,0.0,1694454637.0,1694454642.0,,,0.0,1694454642.0,1694454647.0,5.0,,0.0,5.0,5.0,,,,,poseidon,local,poseidon-submit,pegasus::transfer,/mnt/poseidon-data/poseidon/pegasus-5.1.0panorama/bin/pegasus-transfer,/home/poseidon/pegasus-5.1.0panorama/bin/../bin/pegasus-kickstart  -n pegasus::transfer -N null -i - -R local  -L casa-wind-full -T 2023-09-08T07:29:05+00:00 /home/poseidon/pegasus-5.1.0panorama/bin/../bin/pegasus-transfer  --threads 2,0.9,0,0,,,,,,,,,
post_vel_ID0000008,None,compute,0,1694454632.0,,,1694454637.0,1694454645.0,1694454656.0,27797825.2,1694454643.0,1694454672.0,1694454662.0,1694454665.0,3586.0,1694454672.0,1694454677.0,5.0,,6.0,29.0,5.0,11.0,177143937.0,3.0,10982.0,poseidon,condorpool,poseidon-worker-1-container-44-47,post_vel,/opt/netcdf2png/merged_netcdf2png,,0.1,0,0,,,,,,,,,
mvt_ID0000009,None,compute,0,1694454632.0,,,1694454637.0,1694454645.0,1694454656.0,29607784.5,1694454643.0,1694454712.0,1694454701.0,1694454704.0,11554.0,1694454712.0,1694454717.0,5.0,,6.0,69.0,5.0,11.0,177143652.0,3.0,35429.0,poseidon,condorpool,poseidon-worker-1-container-32-35,mvt,/opt/mvt/mvt,,39.6,0,0,0.0,822133.0,20480.0,494.0,5.0,29.9,0.0,27404.4,1024.0
mvt_ID0000084,None,compute,0,1694454632.0,,,1694454637.0,1694454645.0,1694454656.0,29656152.5,1694454643.0,1694454712.0,1694454701.0,1694454704.0,15659.0,1694454712.0,1694454717.0,5.0,,6.0,69.0,5.0,11.0,177143652.0,3.0,47998.0,poseidon,condorpool,poseidon-worker-1-container-4-7,mvt,/opt/mvt/mvt,,39.8,0,0,0.0,820685.0,24576.0,491.0,6.0,29.9,0.1,27356.2,1228.8
post_vel_ID0000063,None,compute,0,1694454637.0,,,1694454642.0,1694454652.0,1694454663.0,29717314.5,1694454650.0,1694454682.0,1694454668.0,1694454671.0,3795.0,1694454682.0,1694454687.0,5.0,,8.0,32.0,5.0,11.0,177143937.0,3.0,11628.0,poseidon,condorpool,poseidon-worker-1-container-4-7,post_vel,/opt/netcdf2png/merged_netcdf2png,,0.1,0,0,,,,,,,,,
mvt_ID0000054,cpu_3,compute,0,1694454637.0,,,1694454642.0,1694454652.0,1694454664.0,30207703.4,1694454650.0,1694454752.0,1694454742.0,1694454745.0,9436.0,1694454752.0,1694454757.0,5.0,,8.0,102.0,5.0,12.0,177143652.0,3.0,28552.0,poseidon,condorpool,poseidon-worker-1-container-40-43,mvt,/opt/mvt/mvt,,39.4,0,0,0.0,837155.0,12288.0,554.0,3.0,36.2,0.1,11959.4,614.4
post_vel_ID0000118,None,compute,0,1694454637.0,,,1694454642.0,1694454657.0,1694454668.0,34695719.6,1694454656.0,1694454687.0,1694454674.0,1694454677.0,4750.0,1694454687.0,1694454692.0,5.0,,14.0,31.0,5.0,11.0,177143937.0,3.0,14402.0,poseidon,condorpool,poseidon-worker-2-container-4-7,post_vel,/opt/netcdf2png/merged_netcdf2png,,0.1,0,0,,,,,,,,,
post_vel_ID0000053,None,compute,0,1694454637.0,,,1694454642.0,1694454652.0,1694454663.0,33065235.6,1694454650.0,1694454677.0,1694454668.0,1694454671.0,3567.0,1694454677.0,1694454682.0,5.0,,8.0,27.0,5.0,11.0,177143937.0,3.0,11004.0,poseidon,condorpool,poseidon-worker-1-container-0-3,post_vel,/opt/netcdf2png/merged_netcdf2png,,0.1,0,0,,,,,,,,,
mvt_ID0000119,None,compute,0,1694454637.0,,,1694454642.0,1694454658.0,1694454671.0,27043312.7,1694454657.0,1694454727.0,1694454715.0,1694454718.0,21576.0,1694454727.0,1694454732.0,5.0,,15.0,70.0,5.0,13.0,177143652.0,3.0,65525.0,poseidon,condorpool,poseidon-worker-2-container-44-47,mvt,/opt/mvt/mvt,,38.5,0,0,0.0,818082.0,36864.0,485.0,9.0,29.9,0.1,27269.4,3686.4
post_vel_ID0000013,None,compute,0,1694454637.0,,,1694454642.0,1694454652.0,1694454663.0,35115397.0,1694454650.0,1694454682.0,1694454669.0,1694454672.0,3625.0,1694454682.0,1694454687.0,5.0,,8.0,32.0,5.0,11.0,177143937.0,3.0,11040.0,poseidon,condorpool,poseidon-worker-2-container-12-15,post_vel,/opt/netcdf2png/merged_netcdf2png,,0.1,0,0,,,,,,,,,
mvt_ID0000014,None,compute,0,1694454637.0,,,1694454642.0,1694454657.0,1694454668.0,29766631.5,1694454655.0,1694454722.0,1694454713.0,1694454716.0,10496.0,1694454722.0,1694454727.0,5.0,,13.0,67.0,5.0,11.0,177143652.0,3.0,31991.0,poseidon,condorpool,poseidon-worker-1-container-24-27,mvt,/opt/mvt/mvt,,39.7,0,0,0.0,790590.0,16384.0,425.0,4.0,29.9,0.1,26353.0,819.2
mvt_ID0000064,None,compute,0,1694454637.0,,,1694454642.0,1694454652.0,1694454663.0,34069274.8,1694454650.0,1694454717.0,1694454707.0,1694454710.0,10233.0,1694454717.0,1694454722.0,5.0,,8.0,67.0,5.0,11.0,177143652.0,3.0,31148.0,poseidon,condorpool,poseidon-worker-2-container-40-43,mvt,/opt/mvt/mvt,,38.5,0,0,0.0,813933.0,16384.0,476.0,4.0,29.9,0.1,27131.1,819.2
post_vel_ID0000123,None,compute,0,1694454637.0,,,1694454642.0,1694454663.0,1694454674.0,29975116.5,1694454662.0,1694454692.0,1694454680.0,1694454683.0,4812.0,1694454692.0,1694454697.0,5.0,,20.0,30.0,5.0,11.0,177143937.0,3.0,14777.0,poseidon,condorpool,poseidon-worker-2-container-16-19,post_vel,/opt/netcdf2png/merged_netcdf2png,,0.2,0,0,,,,,,,,,
stage_out_local_condorpool_1_0,None,transfer,0,1694454637.0,,,1694454642.0,,,0.0,1694454643.0,1694454647.0,,,0.0,1694454647.0,1694454652.0,5.0,,1.0,4.0,5.0,,,,,poseidon,local,poseidon-submit,pegasus::transfer,/mnt/poseidon-data/poseidon/pegasus-5.1.0panorama/bin/pegasus-transfer,/home/poseidon/pegasus-5.1.0panorama/bin/../bin/pegasus-kickstart  -n pegasus::transfer -N null -i - -R local  -L casa-wind-full -T 2023-09-08T07:29:05+00:00 /home/poseidon/pegasus-5.1.0panorama/bin/../bin/pegasus-transfer  --threads 2,1.0,0,0,,,,,,,,,
mvt_ID0000124,None,compute,0,1694454637.0,,,1694454642.0,1694454664.0,1694454674.0,29770919.5,1694454662.0,1694454727.0,1694454719.0,1694454722.0,23032.0,1694454727.0,1694454732.0,5.0,,20.0,65.0,5.0,10.0,177143652.0,3.0,70564.0,poseidon,condorpool,poseidon-worker-2-container-24-27,mvt,/opt/mvt/mvt,,39.0,0,0,0.0,790598.0,40960.0,425.0,10.0,29.9,0.1,26353.3,4096.0
stage_out_local_condorpool_1_2,None,transfer,0,1694454642.0,,,1694454647.0,,,0.0,1694454648.0,1694454657.0,,,0.0,1694454657.0,1694454662.0,5.0,,1.0,9.0,5.0,,,,,poseidon,local,poseidon-submit,pegasus::transfer,/mnt/poseidon-data/poseidon/pegasus-5.1.0panorama/bin/pegasus-transfer,/home/poseidon/pegasus-5.1.0panorama/bin/../bin/pegasus-kickstart  -n pegasus::transfer -N null -i - -R local  -L casa-wind-full -T 2023-09-08T07:29:05+00:00 /home/poseidon/pegasus-5.1.0panorama/bin/../bin/pegasus-transfer  --threads 2,0.9,0,0,,,,,,,,,
mvt_ID0000004,None,compute,0,1694454642.0,,,1694454647.0,1694454665.0,1694454676.0,33355272.2,1694454663.0,1694454732.0,1694454721.0,1694454724.0,9381.0,1694454732.0,1694454737.0,5.0,,16.0,69.0,5.0,11.0,177143652.0,3.0,28781.0,poseidon,condorpool,poseidon-worker-1-container-44-47,mvt,/opt/mvt/mvt,,39.6,0,0,0.0,815244.0,16384.0,479.0,4.0,29.9,0.1,27174.8,819.2
post_vel_ID0000003,None,compute,0,1694454642.0,,,1694454647.0,1694454664.0,1694454675.0,29931091.0,1694454662.0,1694454692.0,1694454681.0,1694454684.0,3583.0,1694454692.0,1694454697.0,5.0,,15.0,30.0,5.0,11.0,177143937.0,3.0,10865.0,poseidon,condorpool,poseidon-worker-2-container-0-3,post_vel,/opt/netcdf2png/merged_netcdf2png,,0.1,0,0,,,,,,,,,
register_condorpool_1_1,None,auxiliary,0,1694454647.0,,,1694454652.0,,,0.0,1694454653.0,1694454657.0,,,0.0,1694454657.0,1694454662.0,5.0,,1.0,4.0,5.0,,,,,poseidon,local,poseidon-submit,pegasus::rc-client,/mnt/poseidon-data/poseidon/pegasus-5.1.0panorama/bin/pegasus-rc-client,"-n pegasus::rc-client -N null -R local  -L casa-wind-full -T 2023-09-08T07:29:05+00:00 /home/poseidon/pegasus-5.1.0panorama/bin/pegasus-rc-client --prefix pegasus.catalog.replica.output --conf /mnt/poseidon-data/poseidon/workflows/casa-wind-workflow-full/submit/poseidon/pegasus/casa-wind-full/run0366/pegasus.4536551737691290496.properties -v --meta /mnt/poseidon-data/poseidon/workflows/casa-wind-workflow-full/submit/poseidon/pegasus/casa-wind-full/run0366/00/00/um_vel_ID0000017.meta,/mnt/poseidon-data/poseidon/workflows/casa-wind-workflow-full/submit/poseidon/pegasus/casa-wind-full/run0366/00/01/um_vel_ID0000037.meta,/mnt/poseidon-data/poseidon/workflows/casa-wind-workflow-full/submit/poseidon/pegasus/casa-wind-full/run0366/00/00/um_vel_ID0000082.meta,/mnt/poseidon-data/poseidon/workflows/casa-wind-workflow-full/submit/poseidon/pegasus/casa-wind-full/run0366/00/00/um_vel_ID0000097.meta,/mnt/poseidon-data/poseidon/workflows/casa-wind-workflow-full/submit/poseidon/pegasus/casa-wind-full/run0366/00/01/um_vel_ID0000047.meta,/mnt/poseidon-data/poseidon/workflows/casa-wind-workflow-full/submit/poseidon/pegasus/casa-wind-full/run0366/00/00/um_vel_ID0000087.meta,/mnt/poseidon-data/poseidon/workflows/casa-wind-workflow-full/submit/poseidon/pegasus/casa-wind-full/run0366/00/01/um_vel_ID0000007.meta,/mnt/poseidon-data/poseidon/workflows/casa-wind-workflow-full/submit/poseidon/pegasus/casa-wind-full/run0366/00/01/um_vel_ID0000072.meta,/mnt/poseidon-data/poseidon/workflows/casa-wind-workflow-full/submit/poseidon/pegasus/casa-wind-full/run0366/00/01/um_vel_ID0000102.meta --insert /mnt/poseidon-data/poseidon/workflows/casa-wind-workflow-full/submit/poseidon/pegasus/casa-wind-full/run0366/00/01/register_condorpool_1_1.in",2.6,0,0,,,,,,,,,
register_condorpool_1_0,None,auxiliary,0,1694454652.0,,,1694454662.0,,,0.0,1694454668.0,1694454672.0,,,0.0,1694454672.0,1694454677.0,10.0,,6.0,4.0,5.0,,,,,poseidon,local,poseidon-submit,pegasus::rc-client,/mnt/poseidon-data/poseidon/pegasus-5.1.0panorama/bin/pegasus-rc-client,"-n pegasus::rc-client -N null -R local  -L casa-wind-full -T 2023-09-08T07:29:05+00:00 /home/poseidon/pegasus-5.1.0panorama/bin/pegasus-rc-client --prefix pegasus.catalog.replica.output --conf /mnt/poseidon-data/poseidon/workflows/casa-wind-workflow-full/submit/poseidon/pegasus/casa-wind-full/run0366/pegasus.4536551737691290496.properties -v --meta /mnt/poseidon-data/poseidon/workflows/casa-wind-workflow-full/submit/poseidon/pegasus/casa-wind-full/run0366/00/01/um_vel_ID0000067.meta,/mnt/poseidon-data/poseidon/workflows/casa-wind-workflow-full/submit/poseidon/pegasus/casa-wind-full/run0366/00/00/um_vel_ID0000127.meta,/mnt/poseidon-data/poseidon/workflows/casa-wind-workflow-full/submit/poseidon/pegasus/casa-wind-full/run0366/00/00/um_vel_ID0000122.meta,/mnt/poseidon-data/poseidon/workflows/casa-wind-workflow-full/submit/poseidon/pegasus/casa-wind-full/run0366/00/00/um_vel_ID0000092.meta,/mnt/poseidon-data/poseidon/workflows/casa-wind-workflow-full/submit/poseidon/pegasus/casa-wind-full/run0366/00/01/um_vel_ID0000077.meta,/mnt/poseidon-data/poseidon/workflows/casa-wind-workflow-full/submit/poseidon/pegasus/casa-wind-full/run0366/00/01/um_vel_ID0000057.meta,/mnt/poseidon-data/poseidon/workflows/casa-wind-workflow-full/submit/poseidon/pegasus/casa-wind-full/run0366/00/00/um_vel_ID0000027.meta,/mnt/poseidon-data/poseidon/workflows/casa-wind-workflow-full/submit/poseidon/pegasus/casa-wind-full/run0366/00/01/um_vel_ID0000042.meta,/mnt/poseidon-data/poseidon/workflows/casa-wind-workflow-full/submit/poseidon/pegasus/casa-wind-full/run0366/00/00/um_vel_ID0000022.meta --insert /mnt/poseidon-data/poseidon/workflows/casa-wind-workflow-full/submit/poseidon/pegasus/casa-wind-full/run0366/00/01/register_condorpool_1_0.in",2.6,0,0,,,,,,,,,
register_condorpool_1_2,None,auxiliary,0,1694454662.0,,,1694454677.0,,,0.0,1694454677.0,1694454682.0,,,0.0,1694454682.0,1694454687.0,15.0,,0.0,5.0,5.0,,,,,poseidon,local,poseidon-submit,pegasus::rc-client,/mnt/poseidon-data/poseidon/pegasus-5.1.0panorama/bin/pegasus-rc-client,"-n pegasus::rc-client -N null -R local  -L casa-wind-full -T 2023-09-08T07:29:05+00:00 /home/poseidon/pegasus-5.1.0panorama/bin/pegasus-rc-client --prefix pegasus.catalog.replica.output --conf /mnt/poseidon-data/poseidon/workflows/casa-wind-workflow-full/submit/poseidon/pegasus/casa-wind-full/run0366/pegasus.4536551737691290496.properties -v --meta /mnt/poseidon-data/poseidon/workflows/casa-wind-workflow-full/submit/poseidon/pegasus/casa-wind-full/run0366/00/00/um_vel_ID0000117.meta,/mnt/poseidon-data/poseidon/workflows/casa-wind-workflow-full/submit/poseidon/pegasus/casa-wind-full/run0366/00/01/um_vel_ID0000052.meta,/mnt/poseidon-data/poseidon/workflows/casa-wind-workflow-full/submit/poseidon/pegasus/casa-wind-full/run0366/00/00/um_vel_ID0000002.meta,/mnt/poseidon-data/poseidon/workflows/casa-wind-workflow-full/submit/poseidon/pegasus/casa-wind-full/run0366/00/00/um_vel_ID0000012.meta,/mnt/poseidon-data/poseidon/workflows/casa-wind-workflow-full/submit/poseidon/pegasus/casa-wind-full/run0366/00/00/um_vel_ID0000032.meta,/mnt/poseidon-data/poseidon/workflows/casa-wind-workflow-full/submit/poseidon/pegasus/casa-wind-full/run0366/00/01/um_vel_ID0000062.meta,/mnt/poseidon-data/poseidon/workflows/casa-wind-workflow-full/submit/poseidon/pegasus/casa-wind-full/run0366/00/01/um_vel_ID0000112.meta,/mnt/poseidon-data/poseidon/workflows/casa-wind-workflow-full/submit/poseidon/pegasus/casa-wind-full/run0366/00/01/um_vel_ID0000107.meta --insert /mnt/poseidon-data/poseidon/workflows/casa-wind-workflow-full/submit/poseidon/pegasus/casa-wind-full/run0366/00/01/register_condorpool_1_2.in",2.6,0,0,,,,,,,,,
point_alert_ID0000020,None,compute,0,1694454697.0,,,1694454702.0,1694454705.0,1694454716.0,29630497.5,1694454703.0,1694454732.0,1694454721.0,1694454724.0,6683.0,1694454732.0,1694454737.0,5.0,,1.0,29.0,5.0,11.0,176644228.0,3.0,20478.0,poseidon,condorpool,poseidon-worker-1-container-8-11,point_alert,/opt/pointAlert/pointAlert,,0.0,0,0,,,,,,,,,
point_alert_ID0000030,None,compute,0,1694454697.0,,,1694454702.0,1694454705.0,1694454716.0,29818880.8,1694454703.0,1694454732.0,1694454722.0,1694454725.0,6502.0,1694454732.0,1694454737.0,5.0,,1.0,29.0,5.0,11.0,176646324.0,3.0,20158.0,poseidon,condorpool,poseidon-worker-1-container-44-47,point_alert,/opt/pointAlert/pointAlert,,0.0,0,0,,,,,,,,,
point_alert_ID0000090,None,compute,0,1694454697.0,,,1694454702.0,1694454705.0,1694454716.0,29914872.6,1694454703.0,1694454732.0,1694454721.0,1694454725.0,6676.0,1694454732.0,1694454737.0,5.0,,1.0,29.0,5.0,11.0,176656458.0,4.0,20638.0,poseidon,condorpool,poseidon-worker-1-container-4-7,point_alert,/opt/pointAlert/pointAlert,,0.0,0,0,,,,,,,,,
point_alert_ID0000070,None,compute,0,1694454697.0,,,1694454702.0,1694454705.0,1694454715.0,29646353.0,1694454703.0,1694454732.0,1694454721.0,1694454724.0,6701.0,1694454732.0,1694454737.0,5.0,,1.0,29.0,5.0,10.0,176643292.0,3.0,20558.0,poseidon,condorpool,poseidon-worker-2-container-0-3,point_alert,/opt/pointAlert/pointAlert,,0.0,0,0,,,,,,,,,
point_alert_ID0000095,None,compute,0,1694454702.0,,,1694454707.0,1694454710.0,1694454721.0,29694100.0,1694454708.0,1694454737.0,1694454726.0,1694454729.0,6737.0,1694454737.0,1694454742.0,5.0,,1.0,29.0,5.0,11.0,176660390.0,3.0,20718.0,poseidon,condorpool,poseidon-worker-2-container-8-11,point_alert,/opt/pointAlert/pointAlert,,0.0,0,0,,,,,,,,,
point_alert_ID0000075,None,compute,0,1694454702.0,,,1694454707.0,1694454710.0,1694454721.0,29510225.0,1694454708.0,1694454737.0,1694454726.0,1694454729.0,6700.0,1694454737.0,1694454742.0,5.0,,1.0,29.0,5.0,11.0,176646838.0,3.0,20558.0,poseidon,condorpool,poseidon-worker-1-container-44-47,point_alert,/opt/pointAlert/pointAlert,,0.0,0,0,,,,,,,,,
point_alert_ID0000045,None,compute,0,1694454702.0,,,1694454707.0,1694454710.0,1694454721.0,29928466.0,1694454708.0,1694454737.0,1694454726.0,1694454729.0,6721.0,1694454737.0,1694454742.0,5.0,,1.0,29.0,5.0,11.0,176636096.0,3.0,20798.0,poseidon,condorpool,poseidon-worker-2-container-4-7,point_alert,/opt/pointAlert/pointAlert,,0.0,0,0,,,,,,,,,
stage_out_local_condorpool_2_0,None,transfer,0,1694454707.0,,,1694454712.0,,,0.0,1694454714.0,1694454722.0,,,0.0,1694454722.0,1694454727.0,5.0,,2.0,8.0,5.0,,,,,poseidon,local,poseidon-submit,pegasus::transfer,/mnt/poseidon-data/poseidon/pegasus-5.1.0panorama/bin/pegasus-transfer,/home/poseidon/pegasus-5.1.0panorama/bin/../bin/pegasus-kickstart  -n pegasus::transfer -N null -i - -R local  -L casa-wind-full -T 2023-09-08T07:29:05+00:00 /home/poseidon/pegasus-5.1.0panorama/bin/../bin/pegasus-transfer  --threads 2,0.9,0,0,,,,,,,,,
point_alert_ID0000115,None,compute,0,1694454707.0,,,1694454712.0,1694454715.0,1694454726.0,35059648.4,1694454714.0,1694454742.0,1694454731.0,1694454734.0,7119.0,1694454742.0,1694454747.0,5.0,,2.0,28.0,5.0,11.0,176681217.0,3.0,21598.0,poseidon,condorpool,poseidon-worker-1-container-8-11,point_alert,/opt/pointAlert/pointAlert,,0.0,0,0,,,,,,,,,
point_alert_ID0000080,None,compute,0,1694454707.0,,,1694454712.0,1694454715.0,1694454726.0,35061861.6,1694454714.0,1694454742.0,1694454731.0,1694454735.0,6763.0,1694454742.0,1694454747.0,5.0,,2.0,28.0,5.0,11.0,176653320.0,4.0,20718.0,poseidon,condorpool,poseidon-worker-1-container-4-7,point_alert,/opt/pointAlert/pointAlert,,0.0,0,0,,,,,,,,,
point_alert_ID0000130,None,compute,0,1694454707.0,,,1694454712.0,1694454715.0,1694454726.0,31738154.4,1694454714.0,1694454742.0,1694454732.0,1694454735.0,7433.0,1694454742.0,1694454747.0,5.0,,2.0,28.0,5.0,11.0,176672472.0,3.0,23118.0,poseidon,condorpool,poseidon-worker-1-container-20-23,point_alert,/opt/pointAlert/pointAlert,,0.0,0,0,,,,,,,,,
point_alert_ID0000060,None,compute,0,1694454712.0,,,1694454717.0,1694454720.0,1694454731.0,29591849.0,1694454718.0,1694454747.0,1694454736.0,1694454739.0,6790.0,1694454747.0,1694454752.0,5.0,,1.0,29.0,5.0,11.0,176636147.0,3.0,20878.0,poseidon,condorpool,poseidon-worker-1-container-32-35,point_alert,/opt/pointAlert/pointAlert,,0.0,0,0,,,,,,,,,
point_alert_ID0000010,None,compute,0,1694454717.0,,,1694454722.0,1694454725.0,1694454736.0,29621194.0,1694454723.0,1694454752.0,1694454741.0,1694454744.0,6653.0,1694454752.0,1694454757.0,5.0,,1.0,29.0,5.0,11.0,176643412.0,3.0,20478.0,poseidon,condorpool,poseidon-worker-1-container-24-27,point_alert,/opt/pointAlert/pointAlert,,0.0,0,0,,,,,,,,,
stage_out_local_condorpool_2_3,None,transfer,0,1694454717.0,,,1694454722.0,,,0.0,1694454723.0,1694454727.0,,,0.0,1694454727.0,1694454732.0,5.0,,1.0,4.0,5.0,,,,,poseidon,local,poseidon-submit,pegasus::transfer,/mnt/poseidon-data/poseidon/pegasus-5.1.0panorama/bin/pegasus-transfer,/home/poseidon/pegasus-5.1.0panorama/bin/../bin/pegasus-kickstart  -n pegasus::transfer -N null -i - -R local  -L casa-wind-full -T 2023-09-08T07:29:05+00:00 /home/poseidon/pegasus-5.1.0panorama/bin/../bin/pegasus-transfer  --threads 2,0.9,0,0,,,,,,,,,
point_alert_ID0000110,None,compute,0,1694454717.0,,,1694454722.0,1694454725.0,1694454736.0,29668779.5,1694454723.0,1694454752.0,1694454741.0,1694454744.0,6794.0,1694454752.0,1694454757.0,5.0,,1.0,29.0,5.0,11.0,176667937.0,3.0,21038.0,poseidon,condorpool,poseidon-worker-1-container-0-3,point_alert,/opt/pointAlert/pointAlert,,0.0,0,0,,,,,,,,,
point_alert_ID0000085,None,compute,0,1694454717.0,,,1694454722.0,1694454725.0,1694454736.0,31804593.8,1694454723.0,1694454752.0,1694454741.0,1694454744.0,6796.0,1694454752.0,1694454757.0,5.0,,1.0,29.0,5.0,11.0,176655981.0,3.0,21118.0,poseidon,condorpool,poseidon-worker-2-container-36-39,point_alert,/opt/pointAlert/pointAlert,,0.0,0,0,,,,,,,,,
point_alert_ID0000105,None,compute,0,1694454717.0,,,1694454722.0,1694454725.0,1694454736.0,29827125.8,1694454723.0,1694454752.0,1694454741.0,1694454745.0,6894.0,1694454752.0,1694454757.0,5.0,,1.0,29.0,5.0,11.0,176667573.0,4.0,21278.0,poseidon,condorpool,poseidon-worker-1-container-28-31,point_alert,/opt/pointAlert/pointAlert,,0.0,0,0,,,,,,,,,
point_alert_ID0000025,None,compute,0,1694454717.0,,,1694454722.0,1694454725.0,1694454736.0,29633276.5,1694454723.0,1694454752.0,1694454741.0,1694454744.0,6543.0,1694454752.0,1694454757.0,5.0,,1.0,29.0,5.0,11.0,176638688.0,3.0,20078.0,poseidon,condorpool,poseidon-worker-2-container-40-43,point_alert,/opt/pointAlert/pointAlert,,0.0,0,0,,,,,,,,,
point_alert_ID0000065,None,compute,0,1694454722.0,,,1694454727.0,1694454730.0,1694454741.0,33673392.8,1694454728.0,1694454757.0,1694454746.0,1694454749.0,6667.0,1694454757.0,1694454762.0,5.0,,1.0,29.0,5.0,11.0,176639131.0,3.0,20238.0,poseidon,condorpool,poseidon-worker-2-container-44-47,point_alert,/opt/pointAlert/pointAlert,,0.0,0,0,,,,,,,,,
point_alert_ID0000015,None,compute,0,1694454727.0,,,1694454732.0,1694454735.0,1694454746.0,29600013.5,1694454734.0,1694454762.0,1694454751.0,1694454755.0,6736.0,1694454762.0,1694454767.0,5.0,,2.0,28.0,5.0,11.0,176639974.0,4.0,20558.0,poseidon,condorpool,poseidon-worker-1-container-8-11,point_alert,/opt/pointAlert/pointAlert,,0.0,0,0,,,,,,,,,
register_condorpool_2_0,None,auxiliary,0,1694454727.0,,,1694454732.0,,,0.0,1694454734.0,1694454737.0,,,0.0,1694454737.0,1694454742.0,5.0,,2.0,3.0,5.0,,,,,poseidon,local,poseidon-submit,pegasus::rc-client,/mnt/poseidon-data/poseidon/pegasus-5.1.0panorama/bin/pegasus-rc-client,"-n pegasus::rc-client -N null -R local  -L casa-wind-full -T 2023-09-08T07:29:05+00:00 /home/poseidon/pegasus-5.1.0panorama/bin/pegasus-rc-client --prefix pegasus.catalog.replica.output --conf /mnt/poseidon-data/poseidon/workflows/casa-wind-workflow-full/submit/poseidon/pegasus/casa-wind-full/run0366/pegasus.4536551737691290496.properties -v --meta /mnt/poseidon-data/poseidon/workflows/casa-wind-workflow-full/submit/poseidon/pegasus/casa-wind-full/run0366/00/01/post_vel_ID0000023.meta,/mnt/poseidon-data/poseidon/workflows/casa-wind-workflow-full/submit/poseidon/pegasus/casa-wind-full/run0366/00/01/post_vel_ID0000093.meta,/mnt/poseidon-data/poseidon/workflows/casa-wind-workflow-full/submit/poseidon/pegasus/casa-wind-full/run0366/00/01/mvt_ID0000129.meta,/mnt/poseidon-data/poseidon/workflows/casa-wind-workflow-full/submit/poseidon/pegasus/casa-wind-full/run0366/00/02/mvt_ID0000044.meta,/mnt/poseidon-data/poseidon/workflows/casa-wind-workflow-full/submit/poseidon/pegasus/casa-wind-full/run0366/00/02/post_vel_ID0000058.meta,/mnt/poseidon-data/poseidon/workflows/casa-wind-workflow-full/submit/poseidon/pegasus/casa-wind-full/run0366/00/01/post_vel_ID0000068.meta,/mnt/poseidon-data/poseidon/workflows/casa-wind-workflow-full/submit/poseidon/pegasus/casa-wind-full/run0366/00/01/post_vel_ID0000123.meta,/mnt/poseidon-data/poseidon/workflows/casa-wind-workflow-full/submit/poseidon/pegasus/casa-wind-full/run0366/00/02/post_vel_ID0000078.meta,/mnt/poseidon-data/poseidon/workflows/casa-wind-workflow-full/submit/poseidon/pegasus/casa-wind-full/run0366/00/01/mvt_ID0000029.meta --insert /mnt/poseidon-data/poseidon/workflows/casa-wind-workflow-full/submit/poseidon/pegasus/casa-wind-full/run0366/00/02/register_condorpool_2_0.in",2.6,0,0,,,,,,,,,
stage_out_local_condorpool_2_1,None,transfer,0,1694454732.0,,,1694454737.0,,,0.0,1694454737.0,1694454742.0,,,0.0,1694454742.0,1694454747.0,5.0,,0.0,5.0,5.0,,,,,poseidon,local,poseidon-submit,pegasus::transfer,/mnt/poseidon-data/poseidon/pegasus-5.1.0panorama/bin/pegasus-transfer,/home/poseidon/pegasus-5.1.0panorama/bin/../bin/pegasus-kickstart  -n pegasus::transfer -N null -i - -R local  -L casa-wind-full -T 2023-09-08T07:29:05+00:00 /home/poseidon/pegasus-5.1.0panorama/bin/../bin/pegasus-transfer  --threads 2,0.9,0,0,,,,,,,,,
point_alert_ID0000125,None,compute,0,1694454732.0,,,1694454737.0,1694454740.0,1694454750.0,29595682.0,1694454738.0,1694454767.0,1694454756.0,1694454759.0,7475.0,1694454767.0,1694454773.0,5.0,,1.0,29.0,6.0,10.0,176678547.0,3.0,22878.0,poseidon,condorpool,poseidon-worker-1-container-44-47,point_alert,/opt/pointAlert/pointAlert,,0.0,0,0,,,,,,,,,
point_alert_ID0000120,None,compute,0,1694454732.0,,,1694454737.0,1694454739.0,1694454750.0,29605320.5,1694454738.0,1694454767.0,1694454756.0,1694454759.0,7131.0,1694454767.0,1694454773.0,5.0,,1.0,29.0,6.0,11.0,176673508.0,3.0,21998.0,poseidon,condorpool,poseidon-worker-1-container-44-47,point_alert,/opt/pointAlert/pointAlert,,0.0,0,0,,,,,,,,,
register_condorpool_2_3,None,auxiliary,0,1694454732.0,,,1694454742.0,,,0.0,1694454743.0,1694454747.0,,,0.0,1694454747.0,1694454752.0,10.0,,1.0,4.0,5.0,,,,,poseidon,local,poseidon-submit,pegasus::rc-client,/mnt/poseidon-data/poseidon/pegasus-5.1.0panorama/bin/pegasus-rc-client,"-n pegasus::rc-client -N null -R local  -L casa-wind-full -T 2023-09-08T07:29:05+00:00 /home/poseidon/pegasus-5.1.0panorama/bin/pegasus-rc-client --prefix pegasus.catalog.replica.output --conf /mnt/poseidon-data/poseidon/workflows/casa-wind-workflow-full/submit/poseidon/pegasus/casa-wind-full/run0366/pegasus.4536551737691290496.properties -v --meta /mnt/poseidon-data/poseidon/workflows/casa-wind-workflow-full/submit/poseidon/pegasus/casa-wind-full/run0366/00/01/mvt_ID0000084.meta,/mnt/poseidon-data/poseidon/workflows/casa-wind-workflow-full/submit/poseidon/pegasus/casa-wind-full/run0366/00/02/post_vel_ID0000103.meta,/mnt/poseidon-data/poseidon/workflows/casa-wind-workflow-full/submit/poseidon/pegasus/casa-wind-full/run0366/00/01/post_vel_ID0000098.meta,/mnt/poseidon-data/poseidon/workflows/casa-wind-workflow-full/submit/poseidon/pegasus/casa-wind-full/run0366/00/02/post_vel_ID0000048.meta,/mnt/poseidon-data/poseidon/workflows/casa-wind-workflow-full/submit/poseidon/pegasus/casa-wind-full/run0366/00/01/mvt_ID0000009.meta,/mnt/poseidon-data/poseidon/workflows/casa-wind-workflow-full/submit/poseidon/pegasus/casa-wind-full/run0366/00/01/post_vel_ID0000018.meta,/mnt/poseidon-data/poseidon/workflows/casa-wind-workflow-full/submit/poseidon/pegasus/casa-wind-full/run0366/00/01/mvt_ID0000089.meta,/mnt/poseidon-data/poseidon/workflows/casa-wind-workflow-full/submit/poseidon/pegasus/casa-wind-full/run0366/00/02/mvt_ID0000074.meta,/mnt/poseidon-data/poseidon/workflows/casa-wind-workflow-full/submit/poseidon/pegasus/casa-wind-full/run0366/00/02/post_vel_ID0000038.meta --insert /mnt/poseidon-data/poseidon/workflows/casa-wind-workflow-full/submit/poseidon/pegasus/casa-wind-full/run0366/00/02/register_condorpool_2_3.in",2.6,0,0,,,,,,,,,
point_alert_ID0000005,None,compute,0,1694454737.0,,,1694454742.0,1694454745.0,1694454756.0,29554591.5,1694454743.0,1694454773.0,1694454761.0,1694454764.0,6697.0,1694454773.0,1694454778.0,5.0,,1.0,30.0,5.0,11.0,176636764.0,3.0,20398.0,poseidon,condorpool,poseidon-worker-1-container-4-7,point_alert,/opt/pointAlert/pointAlert,,0.0,0,0,,,,,,,,,
register_condorpool_2_1,None,auxiliary,0,1694454747.0,,,1694454752.0,,,0.0,1694454752.0,1694454757.0,,,0.0,1694454757.0,1694454762.0,5.0,,0.0,5.0,5.0,,,,,poseidon,local,poseidon-submit,pegasus::rc-client,/mnt/poseidon-data/poseidon/pegasus-5.1.0panorama/bin/pegasus-rc-client,"-n pegasus::rc-client -N null -R local  -L casa-wind-full -T 2023-09-08T07:29:05+00:00 /home/poseidon/pegasus-5.1.0panorama/bin/pegasus-rc-client --prefix pegasus.catalog.replica.output --conf /mnt/poseidon-data/poseidon/workflows/casa-wind-workflow-full/submit/poseidon/pegasus/casa-wind-full/run0366/pegasus.4536551737691290496.properties -v --meta /mnt/poseidon-data/poseidon/workflows/casa-wind-workflow-full/submit/poseidon/pegasus/casa-wind-full/run0366/00/01/post_vel_ID0000028.meta,/mnt/poseidon-data/poseidon/workflows/casa-wind-workflow-full/submit/poseidon/pegasus/casa-wind-full/run0366/00/02/post_vel_ID0000043.meta,/mnt/poseidon-data/poseidon/workflows/casa-wind-workflow-full/submit/poseidon/pegasus/casa-wind-full/run0366/00/01/post_vel_ID0000128.meta,/mnt/poseidon-data/poseidon/workflows/casa-wind-workflow-full/submit/poseidon/pegasus/casa-wind-full/run0366/00/01/mvt_ID0000094.meta,/mnt/poseidon-data/poseidon/workflows/casa-wind-workflow-full/submit/poseidon/pegasus/casa-wind-full/run0366/00/01/mvt_ID0000069.meta,/mnt/poseidon-data/poseidon/workflows/casa-wind-workflow-full/submit/poseidon/pegasus/casa-wind-full/run0366/00/02/mvt_ID0000059.meta,/mnt/poseidon-data/poseidon/workflows/casa-wind-workflow-full/submit/poseidon/pegasus/casa-wind-full/run0366/00/01/mvt_ID0000124.meta,/mnt/poseidon-data/poseidon/workflows/casa-wind-workflow-full/submit/poseidon/pegasus/casa-wind-full/run0366/00/01/mvt_ID0000024.meta,/mnt/poseidon-data/poseidon/workflows/casa-wind-workflow-full/submit/poseidon/pegasus/casa-wind-full/run0366/00/02/mvt_ID0000079.meta --insert /mnt/poseidon-data/poseidon/workflows/casa-wind-workflow-full/submit/poseidon/pegasus/casa-wind-full/run0366/00/02/register_condorpool_2_1.in",2.7,0,0,,,,,,,,,
stage_out_local_condorpool_2_5,None,transfer,0,1694454752.0,,,1694454757.0,,,0.0,1694454757.0,1694454762.0,,,0.0,1694454762.0,1694454767.0,5.0,,0.0,5.0,5.0,,,,,poseidon,local,poseidon-submit,pegasus::transfer,/mnt/poseidon-data/poseidon/pegasus-5.1.0panorama/bin/pegasus-transfer,/home/poseidon/pegasus-5.1.0panorama/bin/../bin/pegasus-kickstart  -n pegasus::transfer -N null -i - -R local  -L casa-wind-full -T 2023-09-08T07:29:05+00:00 /home/poseidon/pegasus-5.1.0panorama/bin/../bin/pegasus-transfer  --threads 2,0.8,0,0,,,,,,,,,
point_alert_ID0000035,None,compute,0,1694454752.0,,,1694454757.0,1694454760.0,1694454770.0,29648700.0,1694454758.0,1694454788.0,1694454776.0,1694454779.0,6579.0,1694454788.0,1694454793.0,5.0,,1.0,30.0,5.0,10.0,176638959.0,3.0,20078.0,poseidon,condorpool,poseidon-worker-1-container-20-23,point_alert,/opt/pointAlert/pointAlert,,0.0,0,0,,,,,,,,,
point_alert_ID0000040,cpu_3,compute,0,1694454752.0,,,1694454757.0,1694454762.0,1694454773.0,33120629.8,1694454758.0,1694454788.0,1694454778.0,1694454781.0,6736.0,1694454788.0,1694454793.0,5.0,,1.0,30.0,5.0,11.0,176642369.0,3.0,20558.0,poseidon,condorpool,poseidon-worker-2-container-32-35,point_alert,/opt/pointAlert/pointAlert,,0.0,0,0,,,,,,,,,
stage_out_local_condorpool_2_4,None,transfer,0,1694454757.0,,,1694454762.0,,,0.0,1694454763.0,1694454767.0,,,0.0,1694454767.0,1694454773.0,5.0,,1.0,4.0,6.0,,,,,poseidon,local,poseidon-submit,pegasus::transfer,/mnt/poseidon-data/poseidon/pegasus-5.1.0panorama/bin/pegasus-transfer,/home/poseidon/pegasus-5.1.0panorama/bin/../bin/pegasus-kickstart  -n pegasus::transfer -N null -i - -R local  -L casa-wind-full -T 2023-09-08T07:29:05+00:00 /home/poseidon/pegasus-5.1.0panorama/bin/../bin/pegasus-transfer  --threads 2,0.8,0,0,,,,,,,,,
point_alert_ID0000055,None,compute,0,1694454757.0,,,1694454762.0,1694454765.0,1694454776.0,29607896.5,1694454763.0,1694454793.0,1694454781.0,1694454784.0,6765.0,1694454793.0,1694454798.0,5.0,,1.0,30.0,5.0,11.0,176636535.0,3.0,20638.0,poseidon,condorpool,poseidon-worker-1-container-8-11,point_alert,/opt/pointAlert/pointAlert,,0.0,0,0,,,,,,,,,
register_condorpool_2_5,None,auxiliary,0,1694454767.0,,,1694454773.0,,,0.0,1694454773.0,1694454778.0,,,0.0,1694454778.0,1694454783.0,6.0,,0.0,5.0,5.0,,,,,poseidon,local,poseidon-submit,pegasus::rc-client,/mnt/poseidon-data/poseidon/pegasus-5.1.0panorama/bin/pegasus-rc-client,"-n pegasus::rc-client -N null -R local  -L casa-wind-full -T 2023-09-08T07:29:05+00:00 /home/poseidon/pegasus-5.1.0panorama/bin/pegasus-rc-client --prefix pegasus.catalog.replica.output --conf /mnt/poseidon-data/poseidon/workflows/casa-wind-workflow-full/submit/poseidon/pegasus/casa-wind-full/run0366/pegasus.4536551737691290496.properties -v --meta /mnt/poseidon-data/poseidon/workflows/casa-wind-workflow-full/submit/poseidon/pegasus/casa-wind-full/run0366/00/01/mvt_ID0000004.meta,/mnt/poseidon-data/poseidon/workflows/casa-wind-workflow-full/submit/poseidon/pegasus/casa-wind-full/run0366/00/01/mvt_ID0000119.meta,/mnt/poseidon-data/poseidon/workflows/casa-wind-workflow-full/submit/poseidon/pegasus/casa-wind-full/run0366/00/02/post_vel_ID0000053.meta,/mnt/poseidon-data/poseidon/workflows/casa-wind-workflow-full/submit/poseidon/pegasus/casa-wind-full/run0366/00/02/mvt_ID0000114.meta,/mnt/poseidon-data/poseidon/workflows/casa-wind-workflow-full/submit/poseidon/pegasus/casa-wind-full/run0366/00/01/mvt_ID0000034.meta,/mnt/poseidon-data/poseidon/workflows/casa-wind-workflow-full/submit/poseidon/pegasus/casa-wind-full/run0366/00/01/mvt_ID0000014.meta,/mnt/poseidon-data/poseidon/workflows/casa-wind-workflow-full/submit/poseidon/pegasus/casa-wind-full/run0366/00/02/mvt_ID0000109.meta,/mnt/poseidon-data/poseidon/workflows/casa-wind-workflow-full/submit/poseidon/pegasus/casa-wind-full/run0366/00/01/mvt_ID0000064.meta --insert /mnt/poseidon-data/poseidon/workflows/casa-wind-workflow-full/submit/poseidon/pegasus/casa-wind-full/run0366/00/02/register_condorpool_2_5.in",2.6,0,0,,,,,,,,,
point_alert_ID0000100,None,compute,0,1694454773.0,,,1694454778.0,1694454780.0,1694454791.0,29593010.0,1694454779.0,1694454808.0,1694454796.0,1694454800.0,6626.0,1694454808.0,1694454813.0,5.0,,1.0,29.0,5.0,11.0,176658101.0,4.0,20638.0,poseidon,condorpool,poseidon-worker-1-container-44-47,point_alert,/opt/pointAlert/pointAlert,,0.0,0,0,,,,,,,,,
stage_out_local_condorpool_3_0,None,transfer,0,1694454773.0,,,1694454778.0,,,0.0,1694454778.0,1694454783.0,,,0.0,1694454783.0,1694454788.0,5.0,,0.0,5.0,5.0,,,,,poseidon,local,poseidon-submit,pegasus::transfer,/mnt/poseidon-data/poseidon/pegasus-5.1.0panorama/bin/pegasus-transfer,/home/poseidon/pegasus-5.1.0panorama/bin/../bin/pegasus-kickstart  -n pegasus::transfer -N null -i - -R local  -L casa-wind-full -T 2023-09-08T07:29:05+00:00 /home/poseidon/pegasus-5.1.0panorama/bin/../bin/pegasus-transfer  --threads 2,0.9,0,0,,,,,,,,,
register_condorpool_2_4,None,auxiliary,0,1694454773.0,,,1694454783.0,,,0.0,1694454783.0,1694454788.0,,,0.0,1694454788.0,1694454793.0,10.0,,0.0,5.0,5.0,,,,,poseidon,local,poseidon-submit,pegasus::rc-client,/mnt/poseidon-data/poseidon/pegasus-5.1.0panorama/bin/pegasus-rc-client,"-n pegasus::rc-client -N null -R local  -L casa-wind-full -T 2023-09-08T07:29:05+00:00 /home/poseidon/pegasus-5.1.0panorama/bin/pegasus-rc-client --prefix pegasus.catalog.replica.output --conf /mnt/poseidon-data/poseidon/workflows/casa-wind-workflow-full/submit/poseidon/pegasus/casa-wind-full/run0366/pegasus.4536551737691290496.properties -v --meta /mnt/poseidon-data/poseidon/workflows/casa-wind-workflow-full/submit/poseidon/pegasus/casa-wind-full/run0366/00/02/post_vel_ID0000108.meta,/mnt/poseidon-data/poseidon/workflows/casa-wind-workflow-full/submit/poseidon/pegasus/casa-wind-full/run0366/00/01/post_vel_ID0000063.meta,/mnt/poseidon-data/poseidon/workflows/casa-wind-workflow-full/submit/poseidon/pegasus/casa-wind-full/run0366/00/01/post_vel_ID0000013.meta,/mnt/poseidon-data/poseidon/workflows/casa-wind-workflow-full/submit/poseidon/pegasus/casa-wind-full/run0366/00/02/mvt_ID0000054.meta,/mnt/poseidon-data/poseidon/workflows/casa-wind-workflow-full/submit/poseidon/pegasus/casa-wind-full/run0366/00/01/post_vel_ID0000033.meta,/mnt/poseidon-data/poseidon/workflows/casa-wind-workflow-full/submit/poseidon/pegasus/casa-wind-full/run0366/00/02/post_vel_ID0000113.meta,/mnt/poseidon-data/poseidon/workflows/casa-wind-workflow-full/submit/poseidon/pegasus/casa-wind-full/run0366/00/01/post_vel_ID0000003.meta,/mnt/poseidon-data/poseidon/workflows/casa-wind-workflow-full/submit/poseidon/pegasus/casa-wind-full/run0366/00/01/post_vel_ID0000118.meta --insert /mnt/poseidon-data/poseidon/workflows/casa-wind-workflow-full/submit/poseidon/pegasus/casa-wind-full/run0366/00/02/register_condorpool_2_4.in",2.7,0,0,,,,,,,,,
point_alert_ID0000050,None,compute,0,1694454783.0,,,1694454788.0,1694454791.0,1694454802.0,29627781.0,1694454789.0,1694454818.0,1694454807.0,1694454810.0,6832.0,1694454818.0,1694454823.0,5.0,,1.0,29.0,5.0,11.0,176632091.0,3.0,20878.0,poseidon,condorpool,poseidon-worker-1-container-4-7,point_alert,/opt/pointAlert/pointAlert,,0.0,0,0,,,,,,,,,
stage_out_local_condorpool_2_2,None,transfer,0,1694454783.0,,,1694454788.0,,,0.0,1694454789.0,1694454793.0,,,0.0,1694454793.0,1694454798.0,5.0,,1.0,4.0,5.0,,,,,poseidon,local,poseidon-submit,pegasus::transfer,/mnt/poseidon-data/poseidon/pegasus-5.1.0panorama/bin/pegasus-transfer,/home/poseidon/pegasus-5.1.0panorama/bin/../bin/pegasus-kickstart  -n pegasus::transfer -N null -i - -R local  -L casa-wind-full -T 2023-09-08T07:29:05+00:00 /home/poseidon/pegasus-5.1.0panorama/bin/../bin/pegasus-transfer  --threads 2,0.9,0,0,,,,,,,,,
register_condorpool_3_0,None,auxiliary,0,1694454788.0,,,1694454793.0,,,0.0,1694454794.0,1694454798.0,,,0.0,1694454798.0,1694454803.0,5.0,,1.0,4.0,5.0,,,,,poseidon,local,poseidon-submit,pegasus::rc-client,/mnt/poseidon-data/poseidon/pegasus-5.1.0panorama/bin/pegasus-rc-client,"-n pegasus::rc-client -N null -R local  -L casa-wind-full -T 2023-09-08T07:29:05+00:00 /home/poseidon/pegasus-5.1.0panorama/bin/pegasus-rc-client --prefix pegasus.catalog.replica.output --conf /mnt/poseidon-data/poseidon/workflows/casa-wind-workflow-full/submit/poseidon/pegasus/casa-wind-full/run0366/pegasus.4536551737691290496.properties -v --meta /mnt/poseidon-data/poseidon/workflows/casa-wind-workflow-full/submit/poseidon/pegasus/casa-wind-full/run0366/00/02/point_alert_ID0000125.meta,/mnt/poseidon-data/poseidon/workflows/casa-wind-workflow-full/submit/poseidon/pegasus/casa-wind-full/run0366/00/02/point_alert_ID0000095.meta,/mnt/poseidon-data/poseidon/workflows/casa-wind-workflow-full/submit/poseidon/pegasus/casa-wind-full/run0366/00/03/point_alert_ID0000060.meta,/mnt/poseidon-data/poseidon/workflows/casa-wind-workflow-full/submit/poseidon/pegasus/casa-wind-full/run0366/00/02/point_alert_ID0000030.meta,/mnt/poseidon-data/poseidon/workflows/casa-wind-workflow-full/submit/poseidon/pegasus/casa-wind-full/run0366/00/02/point_alert_ID0000025.meta,/mnt/poseidon-data/poseidon/workflows/casa-wind-workflow-full/submit/poseidon/pegasus/casa-wind-full/run0366/00/03/point_alert_ID0000045.meta,/mnt/poseidon-data/poseidon/workflows/casa-wind-workflow-full/submit/poseidon/pegasus/casa-wind-full/run0366/00/02/point_alert_ID0000130.meta,/mnt/poseidon-data/poseidon/workflows/casa-wind-workflow-full/submit/poseidon/pegasus/casa-wind-full/run0366/00/02/point_alert_ID0000070.meta,/mnt/poseidon-data/poseidon/workflows/casa-wind-workflow-full/submit/poseidon/pegasus/casa-wind-full/run0366/00/02/point_alert_ID0000080.meta --insert /mnt/poseidon-data/poseidon/workflows/casa-wind-workflow-full/submit/poseidon/pegasus/casa-wind-full/run0366/00/03/register_condorpool_3_0.in",2.6,0,0,,,,,,,,,
stage_out_local_condorpool_3_2,None,transfer,0,1694454798.0,,,1694454803.0,,,0.0,1694454803.0,1694454808.0,,,0.0,1694454808.0,1694454813.0,5.0,,0.0,5.0,5.0,,,,,poseidon,local,poseidon-submit,pegasus::transfer,/mnt/poseidon-data/poseidon/pegasus-5.1.0panorama/bin/pegasus-transfer,/home/poseidon/pegasus-5.1.0panorama/bin/../bin/pegasus-kickstart  -n pegasus::transfer -N null -i - -R local  -L casa-wind-full -T 2023-09-08T07:29:05+00:00 /home/poseidon/pegasus-5.1.0panorama/bin/../bin/pegasus-transfer  --threads 2,0.8,0,0,,,,,,,,,
register_condorpool_2_2,None,auxiliary,0,1694454798.0,,,1694454803.0,,,0.0,1694454803.0,1694454808.0,,,0.0,1694454808.0,1694454813.0,5.0,,0.0,5.0,5.0,,,,,poseidon,local,poseidon-submit,pegasus::rc-client,/mnt/poseidon-data/poseidon/pegasus-5.1.0panorama/bin/pegasus-rc-client,"-n pegasus::rc-client -N null -R local  -L casa-wind-full -T 2023-09-08T07:29:05+00:00 /home/poseidon/pegasus-5.1.0panorama/bin/pegasus-rc-client --prefix pegasus.catalog.replica.output --conf /mnt/poseidon-data/poseidon/workflows/casa-wind-workflow-full/submit/poseidon/pegasus/casa-wind-full/run0366/pegasus.4536551737691290496.properties -v --meta /mnt/poseidon-data/poseidon/workflows/casa-wind-workflow-full/submit/poseidon/pegasus/casa-wind-full/run0366/00/02/post_vel_ID0000073.meta,/mnt/poseidon-data/poseidon/workflows/casa-wind-workflow-full/submit/poseidon/pegasus/casa-wind-full/run0366/00/02/mvt_ID0000039.meta,/mnt/poseidon-data/poseidon/workflows/casa-wind-workflow-full/submit/poseidon/pegasus/casa-wind-full/run0366/00/01/mvt_ID0000099.meta,/mnt/poseidon-data/poseidon/workflows/casa-wind-workflow-full/submit/poseidon/pegasus/casa-wind-full/run0366/00/01/post_vel_ID0000008.meta,/mnt/poseidon-data/poseidon/workflows/casa-wind-workflow-full/submit/poseidon/pegasus/casa-wind-full/run0366/00/02/mvt_ID0000049.meta,/mnt/poseidon-data/poseidon/workflows/casa-wind-workflow-full/submit/poseidon/pegasus/casa-wind-full/run0366/00/01/mvt_ID0000019.meta,/mnt/poseidon-data/poseidon/workflows/casa-wind-workflow-full/submit/poseidon/pegasus/casa-wind-full/run0366/00/02/mvt_ID0000104.meta,/mnt/poseidon-data/poseidon/workflows/casa-wind-workflow-full/submit/poseidon/pegasus/casa-wind-full/run0366/00/01/post_vel_ID0000083.meta,/mnt/poseidon-data/poseidon/workflows/casa-wind-workflow-full/submit/poseidon/pegasus/casa-wind-full/run0366/00/01/post_vel_ID0000088.meta --insert /mnt/poseidon-data/poseidon/workflows/casa-wind-workflow-full/submit/poseidon/pegasus/casa-wind-full/run0366/00/02/register_condorpool_2_2.in",2.6,0,0,,,,,,,,,
register_condorpool_3_2,None,auxiliary,0,1694454813.0,,,1694454818.0,,,0.0,1694454819.0,1694454823.0,,,0.0,1694454823.0,1694454828.0,5.0,,1.0,4.0,5.0,,,,,poseidon,local,poseidon-submit,pegasus::rc-client,/mnt/poseidon-data/poseidon/pegasus-5.1.0panorama/bin/pegasus-rc-client,"-n pegasus::rc-client -N null -R local  -L casa-wind-full -T 2023-09-08T07:29:05+00:00 /home/poseidon/pegasus-5.1.0panorama/bin/pegasus-rc-client --prefix pegasus.catalog.replica.output --conf /mnt/poseidon-data/poseidon/workflows/casa-wind-workflow-full/submit/poseidon/pegasus/casa-wind-full/run0366/pegasus.4536551737691290496.properties -v --meta /mnt/poseidon-data/poseidon/workflows/casa-wind-workflow-full/submit/poseidon/pegasus/casa-wind-full/run0366/00/03/point_alert_ID0000110.meta,/mnt/poseidon-data/poseidon/workflows/casa-wind-workflow-full/submit/poseidon/pegasus/casa-wind-full/run0366/00/03/point_alert_ID0000055.meta,/mnt/poseidon-data/poseidon/workflows/casa-wind-workflow-full/submit/poseidon/pegasus/casa-wind-full/run0366/00/02/point_alert_ID0000115.meta,/mnt/poseidon-data/poseidon/workflows/casa-wind-workflow-full/submit/poseidon/pegasus/casa-wind-full/run0366/00/02/point_alert_ID0000120.meta,/mnt/poseidon-data/poseidon/workflows/casa-wind-workflow-full/submit/poseidon/pegasus/casa-wind-full/run0366/00/02/point_alert_ID0000035.meta,/mnt/poseidon-data/poseidon/workflows/casa-wind-workflow-full/submit/poseidon/pegasus/casa-wind-full/run0366/00/02/point_alert_ID0000015.meta,/mnt/poseidon-data/poseidon/workflows/casa-wind-workflow-full/submit/poseidon/pegasus/casa-wind-full/run0366/00/02/point_alert_ID0000065.meta,/mnt/poseidon-data/poseidon/workflows/casa-wind-workflow-full/submit/poseidon/pegasus/casa-wind-full/run0366/00/02/point_alert_ID0000005.meta --insert /mnt/poseidon-data/poseidon/workflows/casa-wind-workflow-full/submit/poseidon/pegasus/casa-wind-full/run0366/00/03/register_condorpool_3_2.in",2.6,0,0,,,,,,,,,
stage_out_local_condorpool_3_1,None,transfer,0,1694454823.0,,,1694454828.0,,,0.0,1694454829.0,1694454833.0,,,0.0,1694454833.0,1694454838.0,5.0,,1.0,4.0,5.0,,,,,poseidon,local,poseidon-submit,pegasus::transfer,/mnt/poseidon-data/poseidon/pegasus-5.1.0panorama/bin/pegasus-transfer,/home/poseidon/pegasus-5.1.0panorama/bin/../bin/pegasus-kickstart  -n pegasus::transfer -N null -i - -R local  -L casa-wind-full -T 2023-09-08T07:29:05+00:00 /home/poseidon/pegasus-5.1.0panorama/bin/../bin/pegasus-transfer  --threads 2,0.9,0,0,,,,,,,,,
cleanup_casa-wind-full_0_condorpool,None,auxiliary,0,1694454838.0,,,1694454843.0,,,0.0,1694454843.0,1694454848.0,,,0.0,1694454848.0,1694454853.0,5.0,,0.0,5.0,5.0,,,,,poseidon,local,poseidon-submit,pegasus::cleanup,/mnt/poseidon-data/poseidon/pegasus-5.1.0panorama/bin/pegasus-transfer,pegasus-kickstart  -n pegasus::cleanup -N null -i - -R local  -L casa-wind-full -T 2023-09-08T07:29:05+00:00 pegasus-transfer,0.2,0,0,,,,,,,,,
register_condorpool_3_1,None,auxiliary,0,1694454838.0,,,1694454843.0,,,0.0,1694454843.0,1694454848.0,,,0.0,1694454848.0,1694454853.0,5.0,,0.0,5.0,5.0,,,,,poseidon,local,poseidon-submit,pegasus::rc-client,/mnt/poseidon-data/poseidon/pegasus-5.1.0panorama/bin/pegasus-rc-client,"-n pegasus::rc-client -N null -R local  -L casa-wind-full -T 2023-09-08T07:29:05+00:00 /home/poseidon/pegasus-5.1.0panorama/bin/pegasus-rc-client --prefix pegasus.catalog.replica.output --conf /mnt/poseidon-data/poseidon/workflows/casa-wind-workflow-full/submit/poseidon/pegasus/casa-wind-full/run0366/pegasus.4536551737691290496.properties -v --meta /mnt/poseidon-data/poseidon/workflows/casa-wind-workflow-full/submit/poseidon/pegasus/casa-wind-full/run0366/00/02/point_alert_ID0000010.meta,/mnt/poseidon-data/poseidon/workflows/casa-wind-workflow-full/submit/poseidon/pegasus/casa-wind-full/run0366/00/02/point_alert_ID0000090.meta,/mnt/poseidon-data/poseidon/workflows/casa-wind-workflow-full/submit/poseidon/pegasus/casa-wind-full/run0366/00/02/point_alert_ID0000085.meta,/mnt/poseidon-data/poseidon/workflows/casa-wind-workflow-full/submit/poseidon/pegasus/casa-wind-full/run0366/00/02/point_alert_ID0000075.meta,/mnt/poseidon-data/poseidon/workflows/casa-wind-workflow-full/submit/poseidon/pegasus/casa-wind-full/run0366/00/02/point_alert_ID0000100.meta,/mnt/poseidon-data/poseidon/workflows/casa-wind-workflow-full/submit/poseidon/pegasus/casa-wind-full/run0366/00/03/point_alert_ID0000040.meta,/mnt/poseidon-data/poseidon/workflows/casa-wind-workflow-full/submit/poseidon/pegasus/casa-wind-full/run0366/00/02/point_alert_ID0000020.meta,/mnt/poseidon-data/poseidon/workflows/casa-wind-workflow-full/submit/poseidon/pegasus/casa-wind-full/run0366/00/03/point_alert_ID0000050.meta,/mnt/poseidon-data/poseidon/workflows/casa-wind-workflow-full/submit/poseidon/pegasus/casa-wind-full/run0366/00/03/point_alert_ID0000105.meta --insert /mnt/poseidon-data/poseidon/workflows/casa-wind-workflow-full/submit/poseidon/pegasus/casa-wind-full/run0366/00/03/register_condorpool_3_1.in",2.6,0,0,,,,,,,,,
