,anomaly_type,type,is_clustered,ready,pre_script_start,pre_script_end,submit,stage_in_start,stage_in_end,stage_in_effective_bytes_per_sec,execute_start,execute_end,stage_out_start,stage_out_end,stage_out_effective_bytes_per_sec,post_script_start,post_script_end,wms_delay,pre_script_delay,queue_delay,runtime,post_script_delay,stage_in_delay,stage_in_bytes,stage_out_delay,stage_out_bytes,kickstart_user,kickstart_site,kickstart_hostname,kickstart_transformations,kickstart_executables,kickstart_executables_argv,kickstart_executables_cpu_time,kickstart_status,kickstart_executables_exitcode,kickstart_online_iowait,kickstart_online_bytes_read,kickstart_online_bytes_written,kickstart_online_read_system_calls,kickstart_online_write_system_calls,kickstart_online_utime,kickstart_online_stime,kickstart_online_bytes_read_per_second,kickstart_online_bytes_written_per_second
create_dir_casa-wind-full_0_condorpool,None,auxiliary,0,1694349474.0,,,1694349475.0,,,0.0,1694349480.0,1694349485.0,,,0.0,1694349485.0,1694349490.0,1.0,,5.0,5.0,5.0,,,,,poseidon,local,poseidon-submit,pegasus::dirmanager,/mnt/poseidon-data/poseidon/pegasus-5.1.0panorama/bin/pegasus-transfer,pegasus-kickstart  -n pegasus::dirmanager -N null -i - -R local  -L casa-wind-full -T 2023-09-08T07:29:05+00:00 pegasus-transfer,0.2,0,0,,,,,,,,,
unzip_ID0000006,None,compute,0,1694349490.0,,,1694349496.0,1694349516.0,1694349523.0,35107240.0,1694349515.0,1694349556.0,1694349536.0,1694349547.0,42173899.0,1694349556.0,1694349561.0,6.0,,19.0,41.0,5.0,7.0,222753803.0,11.0,501616588.0,poseidon,condorpool,poseidon-worker-2-container-44-47,unzip,/usr/bin/gunzip,,3.9,0,0,,,,,,,,,
unzip_ID0000106,None,compute,0,1694349490.0,,,1694349496.0,1694349520.0,1694349529.0,29186403.0,1694349518.0,1694349566.0,1694349542.0,1694349560.0,27483814.0,1694349566.0,1694349571.0,6.0,,22.0,48.0,5.0,9.0,241199298.0,18.0,501821816.0,poseidon,condorpool,poseidon-worker-1-container-44-47,unzip,/usr/bin/gunzip,,4.1,0,0,,,,,,,,,
unzip_ID0000046,None,compute,0,1694349490.0,,,1694349496.0,1694349516.0,1694349523.0,31621002.0,1694349514.0,1694349556.0,1694349536.0,1694349547.0,47933334.0,1694349556.0,1694349561.0,6.0,,18.0,42.0,5.0,7.0,229692821.0,11.0,523855228.0,poseidon,condorpool,poseidon-worker-2-container-4-7,unzip,/usr/bin/gunzip,,4.0,0,0,,,,,,,,,
unzip_ID0000101,None,compute,0,1694349490.0,,,1694349496.0,1694349516.0,1694349525.0,28074348.0,1694349515.0,1694349571.0,1694349538.0,1694349560.0,25127829.0,1694349571.0,1694349576.0,6.0,,19.0,56.0,5.0,9.0,250988249.0,22.0,561551644.0,poseidon,condorpool,poseidon-worker-1-container-8-11,unzip,/usr/bin/gunzip,,4.4,0,0,,,,,,,,,
unzip_ID0000026,None,compute,0,1694349490.0,,,1694349496.0,1694349516.0,1694349524.0,29853833.0,1694349514.0,1694349561.0,1694349536.0,1694349551.0,35755433.0,1694349561.0,1694349566.0,6.0,,18.0,47.0,5.0,8.0,227963832.0,15.0,523917888.0,poseidon,condorpool,poseidon-worker-2-container-0-3,unzip,/usr/bin/gunzip,,4.0,0,0,,,,,,,,,
unzip_ID0000126,None,compute,0,1694349490.0,,,1694349496.0,1694349517.0,1694349524.0,34723711.0,1694349515.0,1694349556.0,1694349536.0,1694349547.0,49551079.0,1694349556.0,1694349561.0,6.0,,19.0,41.0,5.0,7.0,249343892.0,11.0,520618424.0,poseidon,condorpool,poseidon-worker-2-container-8-11,unzip,/usr/bin/gunzip,,4.2,0,0,,,,,,,,,
unzip_ID0000031,None,compute,0,1694349490.0,,,1694349496.0,1694349516.0,1694349527.0,23031490.0,1694349515.0,1694349571.0,1694349540.0,1694349561.0,25507226.0,1694349571.0,1694349576.0,6.0,,19.0,56.0,5.0,11.0,237517035.0,21.0,539438752.0,poseidon,condorpool,poseidon-worker-2-container-16-19,unzip,/usr/bin/gunzip,,4.1,0,0,,,,,,,,,
unzip_ID0000076,None,compute,0,1694349490.0,,,1694349496.0,1694349517.0,1694349524.0,33518490.0,1694349515.0,1694349556.0,1694349536.0,1694349546.0,53610443.0,1694349556.0,1694349561.0,6.0,,19.0,41.0,5.0,7.0,233747923.0,10.0,523942844.0,poseidon,condorpool,poseidon-worker-1-container-12-15,unzip,/usr/bin/gunzip,,4.1,0,0,,,,,,,,,
unzip_ID0000011,None,compute,0,1694349490.0,,,1694349496.0,1694349516.0,1694349527.0,23330849.0,1694349515.0,1694349566.0,1694349540.0,1694349559.0,30872482.0,1694349566.0,1694349571.0,6.0,,19.0,51.0,5.0,11.0,235998389.0,19.0,565205920.0,poseidon,condorpool,poseidon-worker-2-container-12-15,unzip,/usr/bin/gunzip,,4.2,0,0,,,,,,,,,
unzip_ID0000056,None,compute,0,1694349490.0,,,1694349496.0,1694349516.0,1694349525.0,27952146.0,1694349515.0,1694349566.0,1694349537.0,1694349558.0,25058772.0,1694349566.0,1694349571.0,6.0,,19.0,51.0,5.0,9.0,232139969.0,21.0,528026776.0,poseidon,condorpool,poseidon-worker-1-container-0-3,unzip,/usr/bin/gunzip,,4.1,0,0,,,,,,,,,
unzip_ID0000071,None,compute,0,1694349490.0,,,1694349496.0,1694349516.0,1694349526.0,25767709.0,1694349515.0,1694349571.0,1694349538.0,1694349562.0,23086600.0,1694349571.0,1694349576.0,6.0,,19.0,56.0,5.0,10.0,240896692.0,24.0,539506600.0,poseidon,condorpool,poseidon-worker-2-container-20-23,unzip,/usr/bin/gunzip,,4.2,0,0,,,,,,,,,
unzip_ID0000051,None,compute,0,1694349490.0,,,1694349496.0,1694349516.0,1694349523.0,34564961.0,1694349514.0,1694349561.0,1694349536.0,1694349551.0,37952006.0,1694349561.0,1694349566.0,6.0,,18.0,47.0,5.0,7.0,239630266.0,15.0,544301296.0,poseidon,condorpool,poseidon-worker-2-container-36-39,unzip,/usr/bin/gunzip,,4.2,0,0,,,,,,,,,
unzip_ID0000111,None,compute,0,1694349490.0,,,1694349496.0,1694349516.0,1694349523.0,37558621.0,1694349515.0,1694349561.0,1694349536.0,1694349551.0,37278502.0,1694349561.0,1694349566.0,6.0,,19.0,46.0,5.0,7.0,256320311.0,15.0,567950764.0,poseidon,condorpool,poseidon-worker-2-container-24-27,unzip,/usr/bin/gunzip,,4.4,0,0,,,,,,,,,
unzip_ID0000091,None,compute,0,1694349490.0,,,1694349496.0,1694349516.0,1694349523.0,35124915.0,1694349514.0,1694349556.0,1694349536.0,1694349548.0,45578468.0,1694349556.0,1694349561.0,6.0,,18.0,42.0,5.0,7.0,246447087.0,12.0,539109992.0,poseidon,condorpool,poseidon-worker-1-container-16-19,unzip,/usr/bin/gunzip,,4.2,0,0,,,,,,,,,
unzip_ID0000081,None,compute,0,1694349490.0,,,1694349495.0,1694349517.0,1694349526.0,24890056.0,1694349515.0,1694349571.0,1694349539.0,1694349563.0,22321132.0,1694349571.0,1694349576.0,5.0,,20.0,56.0,5.0,9.0,245619741.0,24.0,543190672.0,poseidon,condorpool,poseidon-worker-1-container-44-47,unzip,/usr/bin/gunzip,,4.2,0,0,,,,,,,,,
unzip_ID0000041,None,compute,0,1694349490.0,,,1694349495.0,1694349516.0,1694349524.0,30674809.0,1694349514.0,1694349556.0,1694349536.0,1694349547.0,46844085.0,1694349556.0,1694349561.0,5.0,,19.0,42.0,5.0,8.0,238944758.0,11.0,540768928.0,poseidon,condorpool,poseidon-worker-1-container-20-23,unzip,/usr/bin/gunzip,,4.0,0,0,,,,,,,,,
unzip_ID0000061,None,compute,0,1694349490.0,,,1694349496.0,1694349516.0,1694349523.0,33468792.0,1694349514.0,1694349561.0,1694349536.0,1694349554.0,30898447.0,1694349561.0,1694349566.0,6.0,,18.0,47.0,5.0,7.0,240463185.0,18.0,541945820.0,poseidon,condorpool,poseidon-worker-2-container-44-47,unzip,/usr/bin/gunzip,,4.2,0,0,,,,,,,,,
unzip_ID0000096,None,compute,0,1694349490.0,,,1694349496.0,1694349516.0,1694349526.0,25533148.0,1694349514.0,1694349571.0,1694349539.0,1694349562.0,22748616.0,1694349571.0,1694349576.0,6.0,,18.0,57.0,5.0,10.0,240753402.0,23.0,524013876.0,poseidon,condorpool,poseidon-worker-1-container-24-27,unzip,/usr/bin/gunzip,,4.2,0,0,,,,,,,,,
unzip_ID0000121,None,compute,0,1694349490.0,,,1694349496.0,1694349516.0,1694349526.0,26495989.0,1694349514.0,1694349571.0,1694349539.0,1694349561.0,24977857.0,1694349571.0,1694349576.0,6.0,,18.0,57.0,5.0,10.0,250860096.0,22.0,550782944.0,poseidon,condorpool,poseidon-worker-1-container-40-43,unzip,/usr/bin/gunzip,,4.4,0,0,,,,,,,,,
unzip_ID0000066,None,compute,0,1694349490.0,,,1694349496.0,1694349516.0,1694349525.0,25053320.0,1694349514.0,1694349561.0,1694349537.0,1694349554.0,30911306.0,1694349561.0,1694349566.0,6.0,,18.0,47.0,5.0,9.0,232031705.0,17.0,523661496.0,poseidon,condorpool,poseidon-worker-1-container-4-7,unzip,/usr/bin/gunzip,,4.0,0,0,,,,,,,,,
unzip_ID0000001,None,compute,0,1694349490.0,,,1694349496.0,1694349516.0,1694349525.0,25466879.0,1694349514.0,1694349566.0,1694349538.0,1694349559.0,27131699.0,1694349566.0,1694349571.0,6.0,,18.0,52.0,5.0,9.0,232473216.0,21.0,561354992.0,poseidon,condorpool,poseidon-worker-2-container-40-43,unzip,/usr/bin/gunzip,,4.2,0,0,,,,,,,,,
unzip_ID0000086,None,compute,0,1694349490.0,,,1694349496.0,1694349516.0,1694349524.0,31233199.0,1694349514.0,1694349561.0,1694349536.0,1694349551.0,34401349.0,1694349561.0,1694349566.0,6.0,,18.0,47.0,5.0,8.0,234836668.0,15.0,518838800.0,poseidon,condorpool,poseidon-worker-1-container-32-35,unzip,/usr/bin/gunzip,,4.1,0,0,,,,,,,,,
unzip_ID0000016,None,compute,0,1694349490.0,,,1694349496.0,1694349516.0,1694349525.0,24615817.0,1694349514.0,1694349566.0,1694349537.0,1694349556.0,28724694.0,1694349566.0,1694349571.0,6.0,,18.0,52.0,5.0,9.0,225238888.0,19.0,523826084.0,poseidon,condorpool,poseidon-worker-1-container-28-31,unzip,/usr/bin/gunzip,,4.0,0,0,,,,,,,,,
unzip_ID0000036,None,compute,0,1694349490.0,,,1694349496.0,1694349516.0,1694349523.0,35486172.0,1694349514.0,1694349556.0,1694349536.0,1694349547.0,49522306.0,1694349556.0,1694349561.0,6.0,,18.0,42.0,5.0,7.0,232020704.0,11.0,526952240.0,poseidon,condorpool,poseidon-worker-2-container-32-35,unzip,/usr/bin/gunzip,,4.1,0,0,,,,,,,,,
unzip_ID0000116,None,compute,0,1694349490.0,,,1694349496.0,1694349516.0,1694349523.0,33429802.0,1694349514.0,1694349556.0,1694349536.0,1694349548.0,45724302.0,1694349556.0,1694349561.0,6.0,,18.0,42.0,5.0,7.0,249255741.0,12.0,520850676.0,poseidon,condorpool,poseidon-worker-2-container-28-31,unzip,/usr/bin/gunzip,,4.2,0,0,,,,,,,,,
unzip_ID0000021,None,compute,0,1694349490.0,,,1694349496.0,1694349516.0,1694349526.0,24541671.0,1694349514.0,1694349571.0,1694349538.0,1694349561.0,23798943.0,1694349571.0,1694349576.0,6.0,,18.0,57.0,5.0,10.0,235136662.0,23.0,539178100.0,poseidon,condorpool,poseidon-worker-1-container-36-39,unzip,/usr/bin/gunzip,,4.1,0,0,,,,,,,,,
um_vel_ID0000117,None,compute,0,1694349561.0,,,1694349566.0,1694349568.0,1694349589.0,48325550.9,1694349567.0,1694349607.0,1694349598.0,1694349601.0,173092.0,1694349607.0,1694349612.0,5.0,,1.0,40.0,5.0,21.0,697437428.0,3.0,556900.0,poseidon,condorpool,poseidon-worker-2-container-8-11,um_vel,/opt/UM_VEL/UM_VEL,,1.7,0,0,,,,,,,,,
um_vel_ID0000007,None,compute,0,1694349561.0,,,1694349566.0,1694349568.0,1694349588.0,50459979.2,1694349567.0,1694349607.0,1694349596.0,1694349599.0,171609.0,1694349607.0,1694349612.0,5.0,,1.0,40.0,5.0,20.0,678203340.0,3.0,556900.0,poseidon,condorpool,poseidon-worker-1-container-28-31,um_vel,/opt/UM_VEL/UM_VEL,,1.7,0,0,,,,,,,,,
um_vel_ID0000047,None,compute,0,1694349561.0,,,1694349566.0,1694349569.0,1694349588.0,50163667.0,1694349567.0,1694349607.0,1694349597.0,1694349600.0,170018.0,1694349607.0,1694349612.0,5.0,,1.0,40.0,5.0,19.0,700441980.0,3.0,556900.0,poseidon,condorpool,poseidon-worker-2-container-44-47,um_vel,/opt/UM_VEL/UM_VEL,,1.7,0,0,,,,,,,,,
um_vel_ID0000077,None,compute,0,1694349561.0,,,1694349566.0,1694349569.0,1694349589.0,48723695.1,1694349567.0,1694349607.0,1694349598.0,1694349601.0,172937.0,1694349607.0,1694349612.0,5.0,,1.0,40.0,5.0,20.0,700529596.0,3.0,556900.0,poseidon,condorpool,poseidon-worker-2-container-44-47,um_vel,/opt/UM_VEL/UM_VEL,,1.7,0,0,,,,,,,,,
um_vel_ID0000092,None,compute,0,1694349561.0,,,1694349566.0,1694349568.0,1694349590.0,46430952.3,1694349567.0,1694349612.0,1694349598.0,1694349601.0,173896.0,1694349612.0,1694349617.0,5.0,,1.0,45.0,5.0,22.0,715696744.0,3.0,556900.0,poseidon,condorpool,poseidon-worker-1-container-12-15,um_vel,/opt/UM_VEL/UM_VEL,,1.8,0,0,,,,,,,,,
um_vel_ID0000037,None,compute,0,1694349561.0,,,1694349566.0,1694349568.0,1694349589.0,49090927.0,1694349567.0,1694349607.0,1694349598.0,1694349601.0,170927.0,1694349607.0,1694349612.0,5.0,,1.0,40.0,5.0,21.0,703538992.0,3.0,556900.0,poseidon,condorpool,poseidon-worker-2-container-4-7,um_vel,/opt/UM_VEL/UM_VEL,,1.7,0,0,,,,,,,,,
um_vel_ID0000127,None,compute,0,1694349561.0,,,1694349566.0,1694349569.0,1694349589.0,45890384.4,1694349567.0,1694349612.0,1694349598.0,1694349601.0,174159.0,1694349612.0,1694349617.0,5.0,,1.0,45.0,5.0,20.0,697205176.0,3.0,556900.0,poseidon,condorpool,poseidon-worker-2-container-28-31,um_vel,/opt/UM_VEL/UM_VEL,,1.7,0,0,,,,,,,,,
um_vel_ID0000042,None,compute,0,1694349561.0,,,1694349566.0,1694349569.0,1694349589.0,49973929.9,1694349567.0,1694349612.0,1694349598.0,1694349601.0,169996.0,1694349612.0,1694349617.0,5.0,,1.0,45.0,5.0,20.0,717355680.0,3.0,556900.0,poseidon,condorpool,poseidon-worker-2-container-24-27,um_vel,/opt/UM_VEL/UM_VEL,,1.8,0,0,,,,,,,,,
um_vel_ID0000087,None,compute,0,1694349566.0,,,1694349571.0,1694349574.0,1694349593.0,51057467.2,1694349572.0,1694349612.0,1694349602.0,1694349605.0,175908.0,1694349612.0,1694349617.0,5.0,,1.0,40.0,5.0,19.0,695425552.0,3.0,556900.0,poseidon,condorpool,poseidon-worker-1-container-44-47,um_vel,/opt/UM_VEL/UM_VEL,,1.6,0,0,,,,,,,,,
um_vel_ID0000067,None,compute,0,1694349566.0,,,1694349571.0,1694349574.0,1694349595.0,45517585.3,1694349573.0,1694349617.0,1694349604.0,1694349607.0,177604.0,1694349617.0,1694349622.0,5.0,,2.0,44.0,5.0,21.0,700248248.0,3.0,556900.0,poseidon,condorpool,poseidon-worker-2-container-16-19,um_vel,/opt/UM_VEL/UM_VEL,,1.8,0,0,,,,,,,,,
um_vel_ID0000052,None,compute,0,1694349566.0,,,1694349571.0,1694349574.0,1694349595.0,47307313.4,1694349572.0,1694349617.0,1694349604.0,1694349607.0,177931.0,1694349617.0,1694349622.0,5.0,,1.0,45.0,5.0,21.0,720888048.0,3.0,556900.0,poseidon,condorpool,poseidon-worker-2-container-12-15,um_vel,/opt/UM_VEL/UM_VEL,,1.8,0,0,,,,,,,,,
um_vel_ID0000112,None,compute,0,1694349566.0,,,1694349571.0,1694349574.0,1694349594.0,51756932.7,1694349572.0,1694349612.0,1694349603.0,1694349606.0,175938.0,1694349612.0,1694349617.0,5.0,,1.0,40.0,5.0,20.0,744537516.0,3.0,556900.0,poseidon,condorpool,poseidon-worker-1-container-36-39,um_vel,/opt/UM_VEL/UM_VEL,,1.8,0,0,,,,,,,,,
um_vel_ID0000062,None,compute,0,1694349566.0,,,1694349571.0,1694349574.0,1694349594.0,52927094.9,1694349573.0,1694349612.0,1694349602.0,1694349606.0,176773.0,1694349612.0,1694349617.0,5.0,,2.0,39.0,5.0,20.0,718532572.0,4.0,556900.0,poseidon,condorpool,poseidon-worker-2-container-20-23,um_vel,/opt/UM_VEL/UM_VEL,,1.7,0,0,,,,,,,,,
um_vel_ID0000027,None,compute,0,1694349566.0,,,1694349571.0,1694349574.0,1694349594.0,51961447.0,1694349573.0,1694349617.0,1694349602.0,1694349605.0,178049.0,1694349617.0,1694349622.0,5.0,,2.0,44.0,5.0,20.0,700504640.0,3.0,556900.0,poseidon,condorpool,poseidon-worker-2-container-0-3,um_vel,/opt/UM_VEL/UM_VEL,,1.7,0,0,,,,,,,,,
um_vel_ID0000017,None,compute,0,1694349571.0,,,1694349576.0,1694349579.0,1694349599.0,48858544.2,1694349578.0,1694349617.0,1694349608.0,1694349611.0,175597.0,1694349617.0,1694349622.0,5.0,,2.0,39.0,5.0,20.0,700412836.0,3.0,556900.0,poseidon,condorpool,poseidon-worker-1-container-4-7,um_vel,/opt/UM_VEL/UM_VEL,,1.8,0,0,,,,,,,,,
um_vel_ID0000002,None,compute,0,1694349571.0,,,1694349576.0,1694349579.0,1694349599.0,52404038.2,1694349578.0,1694349617.0,1694349608.0,1694349611.0,174646.0,1694349617.0,1694349622.0,5.0,,2.0,39.0,5.0,20.0,737941744.0,3.0,556900.0,poseidon,condorpool,poseidon-worker-1-container-44-47,um_vel,/opt/UM_VEL/UM_VEL,,1.8,0,0,,,,,,,,,
um_vel_ID0000057,None,compute,0,1694349571.0,,,1694349576.0,1694349579.0,1694349599.0,50719860.2,1694349578.0,1694349617.0,1694349607.0,1694349610.0,177465.0,1694349617.0,1694349622.0,5.0,,2.0,39.0,5.0,20.0,704613528.0,3.0,556900.0,poseidon,condorpool,poseidon-worker-1-container-8-11,um_vel,/opt/UM_VEL/UM_VEL,,1.7,0,0,,,,,,,,,
um_vel_ID0000012,None,compute,0,1694349571.0,,,1694349576.0,1694349579.0,1694349602.0,45790208.8,1694349578.0,1694349622.0,1694349611.0,1694349614.0,178274.0,1694349622.0,1694349627.0,5.0,,2.0,44.0,5.0,23.0,741792672.0,3.0,556900.0,poseidon,condorpool,poseidon-worker-2-container-32-35,um_vel,/opt/UM_VEL/UM_VEL,,1.7,0,0,,,,,,,,,
um_vel_ID0000107,None,compute,0,1694349571.0,,,1694349576.0,1694349579.0,1694349599.0,49454036.6,1694349578.0,1694349617.0,1694349607.0,1694349610.0,177439.0,1694349617.0,1694349622.0,5.0,,2.0,39.0,5.0,20.0,678408568.0,3.0,556900.0,poseidon,condorpool,poseidon-worker-1-container-20-23,um_vel,/opt/UM_VEL/UM_VEL,,1.6,0,0,,,,,,,,,
um_vel_ID0000022,None,compute,0,1694349576.0,,,1694349581.0,1694349585.0,1694349604.0,51975887.5,1694349583.0,1694349622.0,1694349613.0,1694349616.0,176226.0,1694349622.0,1694349627.0,5.0,,2.0,39.0,5.0,19.0,715764852.0,3.0,556900.0,poseidon,condorpool,poseidon-worker-1-container-24-27,um_vel,/opt/UM_VEL/UM_VEL,,1.7,0,0,,,,,,,,,
um_vel_ID0000082,None,compute,0,1694349576.0,,,1694349582.0,1694349585.0,1694349605.0,50001381.0,1694349583.0,1694349627.0,1694349614.0,1694349617.0,177687.0,1694349627.0,1694349632.0,6.0,,1.0,44.0,5.0,20.0,719777424.0,3.0,556900.0,poseidon,condorpool,poseidon-worker-1-container-0-3,um_vel,/opt/UM_VEL/UM_VEL,,1.7,0,0,,,,,,,,,
stage_out_local_condorpool_0_2,None,transfer,0,1694349576.0,,,1694349581.0,,,0.0,1694349582.0,1694349617.0,,,0.0,1694349617.0,1694349622.0,5.0,,1.0,35.0,5.0,,,,,poseidon,local,poseidon-submit,pegasus::transfer,/mnt/poseidon-data/poseidon/pegasus-5.1.0panorama/bin/pegasus-transfer,/home/poseidon/pegasus-5.1.0panorama/bin/../bin/pegasus-kickstart  -n pegasus::transfer -N null -i - -R local  -L casa-wind-full -T 2023-09-08T07:29:05+00:00 /home/poseidon/pegasus-5.1.0panorama/bin/../bin/pegasus-transfer  --threads 2,35.7,0,0,,,,,,,,,
stage_out_local_condorpool_0_1,None,transfer,0,1694349576.0,,,1694349581.0,,,0.0,1694349582.0,1694349617.0,,,0.0,1694349617.0,1694349622.0,5.0,,1.0,35.0,5.0,,,,,poseidon,local,poseidon-submit,pegasus::transfer,/mnt/poseidon-data/poseidon/pegasus-5.1.0panorama/bin/pegasus-transfer,/home/poseidon/pegasus-5.1.0panorama/bin/../bin/pegasus-kickstart  -n pegasus::transfer -N null -i - -R local  -L casa-wind-full -T 2023-09-08T07:29:05+00:00 /home/poseidon/pegasus-5.1.0panorama/bin/../bin/pegasus-transfer  --threads 2,35.1,0,0,,,,,,,,,
stage_out_local_condorpool_0_0,None,transfer,0,1694349576.0,,,1694349581.0,,,0.0,1694349582.0,1694349617.0,,,0.0,1694349617.0,1694349622.0,5.0,,1.0,35.0,5.0,,,,,poseidon,local,poseidon-submit,pegasus::transfer,/mnt/poseidon-data/poseidon/pegasus-5.1.0panorama/bin/pegasus-transfer,/home/poseidon/pegasus-5.1.0panorama/bin/../bin/pegasus-kickstart  -n pegasus::transfer -N null -i - -R local  -L casa-wind-full -T 2023-09-08T07:29:05+00:00 /home/poseidon/pegasus-5.1.0panorama/bin/../bin/pegasus-transfer  --threads 2,36.1,0,0,,,,,,,,,
um_vel_ID0000032,None,compute,0,1694349576.0,,,1694349582.0,1694349589.0,1694349608.0,50894631.4,1694349587.0,1694349627.0,1694349617.0,1694349620.0,179441.0,1694349627.0,1694349632.0,6.0,,5.0,40.0,5.0,19.0,716025504.0,3.0,556900.0,poseidon,condorpool,poseidon-worker-1-container-44-47,um_vel,/opt/UM_VEL/UM_VEL,,1.6,0,0,,,,,,,,,
um_vel_ID0000072,None,compute,0,1694349576.0,,,1694349582.0,1694349585.0,1694349606.0,46163294.6,1694349583.0,1694349627.0,1694349615.0,1694349618.0,177714.0,1694349627.0,1694349632.0,6.0,,1.0,44.0,5.0,21.0,716093352.0,3.0,556900.0,poseidon,condorpool,poseidon-worker-2-container-40-43,um_vel,/opt/UM_VEL/UM_VEL,,1.6,0,0,,,,,,,,,
um_vel_ID0000097,None,compute,0,1694349576.0,,,1694349581.0,1694349585.0,1694349604.0,53055932.2,1694349583.0,1694349622.0,1694349612.0,1694349615.0,177834.0,1694349622.0,1694349627.0,5.0,,2.0,39.0,5.0,19.0,700600628.0,3.0,556900.0,poseidon,condorpool,poseidon-worker-1-container-32-35,um_vel,/opt/UM_VEL/UM_VEL,,1.7,0,0,,,,,,,,,
um_vel_ID0000102,None,compute,0,1694349576.0,,,1694349581.0,1694349585.0,1694349605.0,50558086.2,1694349583.0,1694349627.0,1694349614.0,1694349617.0,176371.0,1694349627.0,1694349632.0,5.0,,2.0,44.0,5.0,20.0,738138396.0,3.0,556900.0,poseidon,condorpool,poseidon-worker-2-container-36-39,um_vel,/opt/UM_VEL/UM_VEL,,1.7,0,0,,,,,,,,,
um_vel_ID0000122,None,compute,0,1694349576.0,,,1694349581.0,1694349585.0,1694349604.0,52118034.8,1694349583.0,1694349622.0,1694349613.0,1694349616.0,178489.0,1694349622.0,1694349627.0,5.0,,2.0,39.0,5.0,19.0,727369696.0,3.0,556900.0,poseidon,condorpool,poseidon-worker-1-container-40-43,um_vel,/opt/UM_VEL/UM_VEL,,1.7,0,0,,,,,,,,,
mvt_ID0000079,None,compute,0,1694349612.0,,,1694349617.0,1694349620.0,1694349633.0,25069950.3,1694349618.0,1694349687.0,1694349678.0,1694349681.0,14691.0,1694349687.0,1694349692.0,5.0,,1.0,69.0,5.0,13.0,177143652.0,3.0,45337.0,poseidon,condorpool,poseidon-worker-1-container-44-47,mvt,/opt/mvt/mvt,,39.8,0,0,0.0,849587.0,24576.0,554.0,6.0,29.9,0.1,28319.6,1228.8
mvt_ID0000039,None,compute,0,1694349612.0,,,1694349617.0,1694349620.0,1694349631.0,34972819.6,1694349618.0,1694349687.0,1694349676.0,1694349679.0,10990.0,1694349687.0,1694349692.0,5.0,,1.0,69.0,5.0,11.0,177143652.0,3.0,34386.0,poseidon,condorpool,poseidon-worker-1-container-36-39,mvt,/opt/mvt/mvt,,40.1,0,0,0.0,792928.0,16384.0,437.0,4.0,39.9,0.1,19823.2,819.2
mvt_ID0000009,None,compute,0,1694349612.0,,,1694349617.0,1694349620.0,1694349631.0,30804423.6,1694349618.0,1694349687.0,1694349677.0,1694349680.0,11657.0,1694349687.0,1694349692.0,5.0,,1.0,69.0,5.0,11.0,177143652.0,3.0,35429.0,poseidon,condorpool,poseidon-worker-2-container-20-23,mvt,/opt/mvt/mvt,,40.1,0,0,0.0,792924.0,20480.0,437.0,5.0,39.9,0.1,19823.1,1024.0
post_vel_ID0000008,None,compute,0,1694349612.0,,,1694349617.0,1694349620.0,1694349632.0,29232531.3,1694349618.0,1694349647.0,1694349637.0,1694349640.0,3603.0,1694349647.0,1694349652.0,5.0,,1.0,29.0,5.0,12.0,177143937.0,3.0,10982.0,poseidon,condorpool,poseidon-worker-2-container-8-11,post_vel,/opt/netcdf2png/merged_netcdf2png,,0.1,0,0,,,,,,,,,
post_vel_ID0000078,None,compute,0,1694349612.0,,,1694349617.0,1694349620.0,1694349635.0,20689123.0,1694349619.0,1694349652.0,1694349640.0,1694349643.0,3984.0,1694349652.0,1694349657.0,5.0,,2.0,33.0,5.0,15.0,177143937.0,3.0,12264.0,poseidon,condorpool,poseidon-worker-1-container-28-31,post_vel,/opt/netcdf2png/merged_netcdf2png,,0.1,0,0,,,,,,,,,
post_vel_ID0000038,None,compute,0,1694349612.0,,,1694349617.0,1694349620.0,1694349632.0,27731798.0,1694349618.0,1694349647.0,1694349637.0,1694349640.0,3725.0,1694349647.0,1694349652.0,5.0,,1.0,29.0,5.0,12.0,177143937.0,3.0,11227.0,poseidon,condorpool,poseidon-worker-2-container-44-47,post_vel,/opt/netcdf2png/merged_netcdf2png,,0.1,0,0,,,,,,,,,
mvt_ID0000049,None,compute,0,1694349612.0,,,1694349617.0,1694349620.0,1694349633.0,22705081.9,1694349619.0,1694349692.0,1694349679.0,1694349682.0,7928.0,1694349692.0,1694349697.0,5.0,,2.0,73.0,5.0,13.0,177143652.0,3.0,24108.0,poseidon,condorpool,poseidon-worker-2-container-44-47,mvt,/opt/mvt/mvt,,40.4,0,0,0.0,831345.0,12288.0,521.0,3.0,39.8,0.2,20783.6,1228.8
post_vel_ID0000048,None,compute,0,1694349612.0,,,1694349617.0,1694349620.0,1694349631.0,33515998.6,1694349618.0,1694349647.0,1694349637.0,1694349640.0,3267.0,1694349647.0,1694349652.0,5.0,,1.0,29.0,5.0,11.0,177143937.0,3.0,10371.0,poseidon,condorpool,poseidon-worker-2-container-4-7,post_vel,/opt/netcdf2png/merged_netcdf2png,,0.1,0,0,,,,,,,,,
post_vel_ID0000118,None,compute,0,1694349612.0,,,1694349617.0,1694349620.0,1694349633.0,23813927.0,1694349618.0,1694349652.0,1694349639.0,1694349642.0,4749.0,1694349652.0,1694349657.0,5.0,,1.0,34.0,5.0,13.0,177143937.0,3.0,14402.0,poseidon,condorpool,poseidon-worker-2-container-16-19,post_vel,/opt/netcdf2png/merged_netcdf2png,,0.2,0,0,,,,,,,,,
mvt_ID0000119,None,compute,0,1694349612.0,,,1694349617.0,1694349620.0,1694349632.0,27953772.2,1694349618.0,1694349687.0,1694349677.0,1694349680.0,21474.0,1694349687.0,1694349692.0,5.0,,1.0,69.0,5.0,12.0,177143652.0,3.0,65525.0,poseidon,condorpool,poseidon-worker-2-container-28-31,mvt,/opt/mvt/mvt,,40.1,0,0,0.0,792923.0,36864.0,437.0,9.0,39.9,0.1,19823.1,3686.4
post_vel_ID0000113,None,compute,0,1694349617.0,,,1694349622.0,1694349625.0,1694349636.0,35109069.4,1694349623.0,1694349652.0,1694349641.0,1694349645.0,4637.0,1694349652.0,1694349657.0,5.0,,1.0,29.0,5.0,11.0,177143937.0,4.0,14745.0,poseidon,condorpool,poseidon-worker-1-container-32-35,post_vel,/opt/netcdf2png/merged_netcdf2png,,0.1,0,0,,,,,,,,,
mvt_ID0000094,None,compute,0,1694349617.0,,,1694349622.0,1694349626.0,1694349637.0,33715129.0,1694349625.0,1694349692.0,1694349682.0,1694349686.0,17143.0,1694349692.0,1694349697.0,5.0,,3.0,67.0,5.0,11.0,177143652.0,4.0,52407.0,poseidon,condorpool,poseidon-worker-2-container-24-27,mvt,/opt/mvt/mvt,,39.9,0,0,0.0,802837.0,28672.0,452.0,7.0,29.9,0.1,26761.2,1433.6
mvt_ID0000114,None,compute,0,1694349617.0,,,1694349622.0,1694349625.0,1694349636.0,35033282.6,1694349623.0,1694349692.0,1694349681.0,1694349684.0,23517.0,1694349692.0,1694349697.0,5.0,,1.0,69.0,5.0,11.0,177143652.0,3.0,73234.0,poseidon,condorpool,poseidon-worker-1-container-24-27,mvt,/opt/mvt/mvt,,39.8,0,0,0.0,805593.0,40960.0,458.0,10.0,29.9,0.1,26853.1,4096.0
post_vel_ID0000093,None,compute,0,1694349617.0,,,1694349622.0,1694349625.0,1694349636.0,34906900.0,1694349623.0,1694349652.0,1694349642.0,1694349645.0,4215.0,1694349652.0,1694349657.0,5.0,,1.0,29.0,5.0,11.0,177143937.0,3.0,13303.0,poseidon,condorpool,poseidon-worker-1-container-12-15,post_vel,/opt/netcdf2png/merged_netcdf2png,,0.2,0,0,,,,,,,,,
mvt_ID0000089,None,compute,0,1694349617.0,,,1694349622.0,1694349625.0,1694349636.0,33461291.6,1694349623.0,1694349692.0,1694349681.0,1694349684.0,15782.0,1694349692.0,1694349697.0,5.0,,1.0,69.0,5.0,11.0,177143652.0,3.0,48475.0,poseidon,condorpool,poseidon-worker-1-container-20-23,mvt,/opt/mvt/mvt,,39.8,0,0,0.0,802835.0,24576.0,452.0,6.0,29.9,0.1,26761.2,2457.6
mvt_ID0000129,None,compute,0,1694349617.0,,,1694349622.0,1694349625.0,1694349636.0,34810235.4,1694349623.0,1694349692.0,1694349681.0,1694349684.0,20938.0,1694349692.0,1694349697.0,5.0,,1.0,69.0,5.0,11.0,177143652.0,3.0,64489.0,poseidon,condorpool,poseidon-worker-1-container-4-7,mvt,/opt/mvt/mvt,,39.8,0,0,0.0,802744.0,36864.0,452.0,9.0,29.9,0.1,26758.1,3686.4
post_vel_ID0000128,None,compute,0,1694349617.0,,,1694349622.0,1694349625.0,1694349640.0,21282348.3,1694349623.0,1694349657.0,1694349645.0,1694349648.0,4705.0,1694349657.0,1694349662.0,5.0,,1.0,34.0,5.0,15.0,177143937.0,3.0,14512.0,poseidon,condorpool,poseidon-worker-1-container-8-11,post_vel,/opt/netcdf2png/merged_netcdf2png,,0.1,0,0,,,,,,,,,
mvt_ID0000044,None,compute,0,1694349617.0,,,1694349622.0,1694349625.0,1694349637.0,29196128.0,1694349623.0,1694349692.0,1694349682.0,1694349685.0,9266.0,1694349692.0,1694349697.0,5.0,,1.0,69.0,5.0,12.0,177143652.0,3.0,28113.0,poseidon,condorpool,poseidon-worker-2-container-0-3,mvt,/opt/mvt/mvt,,40.1,0,0,0.0,803769.0,12288.0,461.0,3.0,39.9,0.1,20094.2,1228.8
post_vel_ID0000043,None,compute,0,1694349617.0,,,1694349622.0,1694349625.0,1694349636.0,34908581.0,1694349623.0,1694349652.0,1694349641.0,1694349644.0,3402.0,1694349652.0,1694349657.0,5.0,,1.0,29.0,5.0,11.0,177143937.0,3.0,11050.0,poseidon,condorpool,poseidon-worker-2-container-12-15,post_vel,/opt/netcdf2png/merged_netcdf2png,,0.1,0,0,,,,,,,,,
post_vel_ID0000063,None,compute,0,1694349617.0,,,1694349622.0,1694349625.0,1694349636.0,30405663.4,1694349623.0,1694349652.0,1694349642.0,1694349645.0,3686.0,1694349652.0,1694349657.0,5.0,,1.0,29.0,5.0,11.0,177143937.0,3.0,11628.0,poseidon,condorpool,poseidon-worker-2-container-32-35,post_vel,/opt/netcdf2png/merged_netcdf2png,,0.1,0,0,,,,,,,,,
mvt_ID0000064,None,compute,0,1694349617.0,,,1694349622.0,1694349625.0,1694349636.0,35145114.4,1694349623.0,1694349692.0,1694349681.0,1694349684.0,10081.0,1694349692.0,1694349697.0,5.0,,1.0,69.0,5.0,11.0,177143652.0,3.0,31148.0,poseidon,condorpool,poseidon-worker-1-container-40-43,mvt,/opt/mvt/mvt,,39.8,0,0,0.0,801464.0,16384.0,449.0,4.0,29.9,0.1,26715.5,819.2
post_vel_ID0000088,None,compute,0,1694349617.0,,,1694349622.0,1694349626.0,1694349637.0,33105276.2,1694349624.0,1694349652.0,1694349642.0,1694349645.0,4081.0,1694349652.0,1694349657.0,5.0,,2.0,28.0,5.0,11.0,177143937.0,3.0,12740.0,poseidon,condorpool,poseidon-worker-1-container-44-47,post_vel,/opt/netcdf2png/merged_netcdf2png,,0.1,0,0,,,,,,,,,
mvt_ID0000019,None,compute,0,1694349622.0,,,1694349627.0,1694349641.0,1694349652.0,29638216.5,1694349639.0,1694349707.0,1694349696.0,1694349699.0,11823.0,1694349707.0,1694349712.0,5.0,,12.0,68.0,5.0,11.0,177143652.0,3.0,36245.0,poseidon,condorpool,poseidon-worker-1-container-36-39,mvt,/opt/mvt/mvt,,39.1,0,0,0.0,819378.0,20480.0,488.0,5.0,29.9,0.1,27312.6,1024.0
mvt_ID0000029,None,compute,0,1694349622.0,,,1694349627.0,1694349640.0,1694349652.0,27210627.0,1694349638.0,1694349707.0,1694349697.0,1694349701.0,12557.0,1694349707.0,1694349712.0,5.0,,11.0,69.0,5.0,12.0,177143652.0,4.0,38341.0,poseidon,condorpool,poseidon-worker-1-container-28-31,mvt,/opt/mvt/mvt,,39.9,0,0,0.0,791976.0,20480.0,428.0,5.0,29.9,0.1,26399.2,1024.0
mvt_ID0000059,None,compute,0,1694349622.0,,,1694349627.0,1694349630.0,1694349641.0,35115559.8,1694349628.0,1694349697.0,1694349686.0,1694349689.0,9211.0,1694349697.0,1694349702.0,5.0,,1.0,69.0,5.0,11.0,177143652.0,3.0,28164.0,poseidon,condorpool,poseidon-worker-1-container-0-3,mvt,/opt/mvt/mvt,,39.7,0,0,0.0,798630.0,12288.0,443.0,3.0,29.9,0.1,26621.0,1228.8
post_vel_ID0000058,None,compute,0,1694349622.0,,,1694349627.0,1694349630.0,1694349641.0,33808154.4,1694349628.0,1694349657.0,1694349647.0,1694349650.0,3592.0,1694349657.0,1694349662.0,5.0,,1.0,29.0,5.0,11.0,177143937.0,3.0,10981.0,poseidon,condorpool,poseidon-worker-2-container-40-43,post_vel,/opt/netcdf2png/merged_netcdf2png,,0.1,0,0,,,,,,,,,
post_vel_ID0000028,None,compute,0,1694349622.0,,,1694349627.0,1694349641.0,1694349653.0,28505648.0,1694349639.0,1694349667.0,1694349658.0,1694349661.0,3695.0,1694349667.0,1694349672.0,5.0,,12.0,28.0,5.0,12.0,177143937.0,3.0,11529.0,poseidon,condorpool,poseidon-worker-2-container-32-35,post_vel,/opt/netcdf2png/merged_netcdf2png,,0.1,0,0,,,,,,,,,
post_vel_ID0000053,None,compute,0,1694349622.0,,,1694349627.0,1694349641.0,1694349653.0,32586503.8,1694349639.0,1694349667.0,1694349658.0,1694349661.0,3559.0,1694349667.0,1694349672.0,5.0,,12.0,28.0,5.0,12.0,177143937.0,3.0,11004.0,poseidon,condorpool,poseidon-worker-2-container-44-47,post_vel,/opt/netcdf2png/merged_netcdf2png,,0.1,0,0,,,,,,,,,
post_vel_ID0000003,None,compute,0,1694349622.0,,,1694349627.0,1694349642.0,1694349653.0,29622697.8,1694349640.0,1694349672.0,1694349658.0,1694349661.0,3547.0,1694349672.0,1694349677.0,5.0,,13.0,32.0,5.0,11.0,177143937.0,3.0,10865.0,poseidon,condorpool,poseidon-worker-1-container-20-23,post_vel,/opt/netcdf2png/merged_netcdf2png,,0.1,0,0,,,,,,,,,
post_vel_ID0000108,None,compute,0,1694349622.0,,,1694349627.0,1694349641.0,1694349652.0,32637275.0,1694349639.0,1694349667.0,1694349657.0,1694349661.0,4511.0,1694349667.0,1694349672.0,5.0,,12.0,28.0,5.0,11.0,177143937.0,4.0,13907.0,poseidon,condorpool,poseidon-worker-1-container-40-43,post_vel,/opt/netcdf2png/merged_netcdf2png,,0.1,0,0,,,,,,,,,
mvt_ID0000004,None,compute,0,1694349622.0,,,1694349627.0,1694349641.0,1694349652.0,29632330.5,1694349638.0,1694349707.0,1694349696.0,1694349699.0,9435.0,1694349707.0,1694349712.0,5.0,,11.0,69.0,5.0,11.0,177143652.0,3.0,28781.0,poseidon,condorpool,poseidon-worker-2-container-40-43,mvt,/opt/mvt/mvt,,39.5,0,0,0.0,818066.0,16384.0,485.0,4.0,29.9,0.1,27268.9,819.2
register_condorpool_0_1,None,auxiliary,0,1694349622.0,,,1694349637.0,,,0.0,1694349638.0,1694349642.0,,,0.0,1694349642.0,1694349647.0,15.0,,1.0,4.0,5.0,,,,,poseidon,local,poseidon-submit,pegasus::rc-client,/mnt/poseidon-data/poseidon/pegasus-5.1.0panorama/bin/pegasus-rc-client,"-n pegasus::rc-client -N null -R local  -L casa-wind-full -T 2023-09-08T07:29:05+00:00 /home/poseidon/pegasus-5.1.0panorama/bin/pegasus-rc-client --prefix pegasus.catalog.replica.output --conf /mnt/poseidon-data/poseidon/workflows/casa-wind-workflow-full/submit/poseidon/pegasus/casa-wind-full/run0146/pegasus.12069937263564317310.properties -v --meta /mnt/poseidon-data/poseidon/workflows/casa-wind-workflow-full/submit/poseidon/pegasus/casa-wind-full/run0146/00/00/unzip_ID0000026.meta,/mnt/poseidon-data/poseidon/workflows/casa-wind-workflow-full/submit/poseidon/pegasus/casa-wind-full/run0146/00/00/unzip_ID0000061.meta,/mnt/poseidon-data/poseidon/workflows/casa-wind-workflow-full/submit/poseidon/pegasus/casa-wind-full/run0146/00/00/unzip_ID0000071.meta,/mnt/poseidon-data/poseidon/workflows/casa-wind-workflow-full/submit/poseidon/pegasus/casa-wind-full/run0146/00/00/unzip_ID0000041.meta,/mnt/poseidon-data/poseidon/workflows/casa-wind-workflow-full/submit/poseidon/pegasus/casa-wind-full/run0146/00/00/unzip_ID0000016.meta,/mnt/poseidon-data/poseidon/workflows/casa-wind-workflow-full/submit/poseidon/pegasus/casa-wind-full/run0146/00/00/unzip_ID0000111.meta,/mnt/poseidon-data/poseidon/workflows/casa-wind-workflow-full/submit/poseidon/pegasus/casa-wind-full/run0146/00/00/unzip_ID0000011.meta,/mnt/poseidon-data/poseidon/workflows/casa-wind-workflow-full/submit/poseidon/pegasus/casa-wind-full/run0146/00/00/unzip_ID0000081.meta,/mnt/poseidon-data/poseidon/workflows/casa-wind-workflow-full/submit/poseidon/pegasus/casa-wind-full/run0146/00/00/unzip_ID0000066.meta,/mnt/poseidon-data/poseidon/workflows/casa-wind-workflow-full/submit/poseidon/pegasus/casa-wind-full/run0146/00/00/unzip_ID0000096.meta,/mnt/poseidon-data/poseidon/workflows/casa-wind-workflow-full/submit/poseidon/pegasus/casa-wind-full/run0146/00/00/unzip_ID0000051.meta,/mnt/poseidon-data/poseidon/workflows/casa-wind-workflow-full/submit/poseidon/pegasus/casa-wind-full/run0146/00/00/unzip_ID0000031.meta,/mnt/poseidon-data/poseidon/workflows/casa-wind-workflow-full/submit/poseidon/pegasus/casa-wind-full/run0146/00/00/unzip_ID0000116.meta,/mnt/poseidon-data/poseidon/workflows/casa-wind-workflow-full/submit/poseidon/pegasus/casa-wind-full/run0146/00/00/unzip_ID0000101.meta,/mnt/poseidon-data/poseidon/workflows/casa-wind-workflow-full/submit/poseidon/pegasus/casa-wind-full/run0146/00/00/unzip_ID0000121.meta,/mnt/poseidon-data/poseidon/workflows/casa-wind-workflow-full/submit/poseidon/pegasus/casa-wind-full/run0146/00/00/unzip_ID0000106.meta,/mnt/poseidon-data/poseidon/workflows/casa-wind-workflow-full/submit/poseidon/pegasus/casa-wind-full/run0146/00/00/unzip_ID0000046.meta,/mnt/poseidon-data/poseidon/workflows/casa-wind-workflow-full/submit/poseidon/pegasus/casa-wind-full/run0146/00/00/unzip_ID0000076.meta,/mnt/poseidon-data/poseidon/workflows/casa-wind-workflow-full/submit/poseidon/pegasus/casa-wind-full/run0146/00/00/unzip_ID0000056.meta,/mnt/poseidon-data/poseidon/workflows/casa-wind-workflow-full/submit/poseidon/pegasus/casa-wind-full/run0146/00/00/unzip_ID0000021.meta,/mnt/poseidon-data/poseidon/workflows/casa-wind-workflow-full/submit/poseidon/pegasus/casa-wind-full/run0146/00/00/unzip_ID0000086.meta,/mnt/poseidon-data/poseidon/workflows/casa-wind-workflow-full/submit/poseidon/pegasus/casa-wind-full/run0146/00/00/unzip_ID0000126.meta,/mnt/poseidon-data/poseidon/workflows/casa-wind-workflow-full/submit/poseidon/pegasus/casa-wind-full/run0146/00/00/unzip_ID0000006.meta,/mnt/poseidon-data/poseidon/workflows/casa-wind-workflow-full/submit/poseidon/pegasus/casa-wind-full/run0146/00/00/unzip_ID0000036.meta,/mnt/poseidon-data/poseidon/workflows/casa-wind-workflow-full/submit/poseidon/pegasus/casa-wind-full/run0146/00/00/unzip_ID0000001.meta,/mnt/poseidon-data/poseidon/workflows/casa-wind-workflow-full/submit/poseidon/pegasus/casa-wind-full/run0146/00/00/unzip_ID0000091.meta --insert /mnt/poseidon-data/poseidon/workflows/casa-wind-workflow-full/submit/poseidon/pegasus/casa-wind-full/run0146/00/00/register_condorpool_0_1.in",3.2,0,0,,,,,,,,,
post_vel_ID0000068,None,compute,0,1694349622.0,,,1694349627.0,1694349630.0,1694349641.0,33324721.6,1694349628.0,1694349657.0,1694349647.0,1694349650.0,3728.0,1694349657.0,1694349662.0,5.0,,1.0,29.0,5.0,11.0,177143937.0,3.0,11398.0,poseidon,condorpool,poseidon-worker-2-container-36-39,post_vel,/opt/netcdf2png/merged_netcdf2png,,0.1,0,0,,,,,,,,,
mvt_ID0000069,None,compute,0,1694349622.0,,,1694349627.0,1694349630.0,1694349641.0,29715135.5,1694349628.0,1694349697.0,1694349686.0,1694349689.0,11536.0,1694349697.0,1694349702.0,5.0,,1.0,69.0,5.0,11.0,177143652.0,3.0,35309.0,poseidon,condorpool,poseidon-worker-1-container-44-47,mvt,/opt/mvt/mvt,,39.8,0,0,0.0,853741.0,16384.0,563.0,4.0,29.9,0.1,28458.0,819.2
register_condorpool_0_0,None,auxiliary,0,1694349622.0,,,1694349627.0,,,0.0,1694349628.0,1694349632.0,,,0.0,1694349632.0,1694349637.0,5.0,,1.0,4.0,5.0,,,,,poseidon,local,poseidon-submit,pegasus::rc-client,/mnt/poseidon-data/poseidon/pegasus-5.1.0panorama/bin/pegasus-rc-client,"-n pegasus::rc-client -N null -R local  -L casa-wind-full -T 2023-09-08T07:29:05+00:00 /home/poseidon/pegasus-5.1.0panorama/bin/pegasus-rc-client --prefix pegasus.catalog.replica.output --conf /mnt/poseidon-data/poseidon/workflows/casa-wind-workflow-full/submit/poseidon/pegasus/casa-wind-full/run0146/pegasus.12069937263564317310.properties -v --meta /mnt/poseidon-data/poseidon/workflows/casa-wind-workflow-full/submit/poseidon/pegasus/casa-wind-full/run0146/00/00/unzip_ID0000026.meta,/mnt/poseidon-data/poseidon/workflows/casa-wind-workflow-full/submit/poseidon/pegasus/casa-wind-full/run0146/00/00/unzip_ID0000061.meta,/mnt/poseidon-data/poseidon/workflows/casa-wind-workflow-full/submit/poseidon/pegasus/casa-wind-full/run0146/00/00/unzip_ID0000071.meta,/mnt/poseidon-data/poseidon/workflows/casa-wind-workflow-full/submit/poseidon/pegasus/casa-wind-full/run0146/00/00/unzip_ID0000041.meta,/mnt/poseidon-data/poseidon/workflows/casa-wind-workflow-full/submit/poseidon/pegasus/casa-wind-full/run0146/00/00/unzip_ID0000016.meta,/mnt/poseidon-data/poseidon/workflows/casa-wind-workflow-full/submit/poseidon/pegasus/casa-wind-full/run0146/00/00/unzip_ID0000111.meta,/mnt/poseidon-data/poseidon/workflows/casa-wind-workflow-full/submit/poseidon/pegasus/casa-wind-full/run0146/00/00/unzip_ID0000011.meta,/mnt/poseidon-data/poseidon/workflows/casa-wind-workflow-full/submit/poseidon/pegasus/casa-wind-full/run0146/00/00/unzip_ID0000081.meta,/mnt/poseidon-data/poseidon/workflows/casa-wind-workflow-full/submit/poseidon/pegasus/casa-wind-full/run0146/00/00/unzip_ID0000066.meta,/mnt/poseidon-data/poseidon/workflows/casa-wind-workflow-full/submit/poseidon/pegasus/casa-wind-full/run0146/00/00/unzip_ID0000096.meta,/mnt/poseidon-data/poseidon/workflows/casa-wind-workflow-full/submit/poseidon/pegasus/casa-wind-full/run0146/00/00/unzip_ID0000051.meta,/mnt/poseidon-data/poseidon/workflows/casa-wind-workflow-full/submit/poseidon/pegasus/casa-wind-full/run0146/00/00/unzip_ID0000031.meta,/mnt/poseidon-data/poseidon/workflows/casa-wind-workflow-full/submit/poseidon/pegasus/casa-wind-full/run0146/00/00/unzip_ID0000116.meta,/mnt/poseidon-data/poseidon/workflows/casa-wind-workflow-full/submit/poseidon/pegasus/casa-wind-full/run0146/00/00/unzip_ID0000101.meta,/mnt/poseidon-data/poseidon/workflows/casa-wind-workflow-full/submit/poseidon/pegasus/casa-wind-full/run0146/00/00/unzip_ID0000121.meta,/mnt/poseidon-data/poseidon/workflows/casa-wind-workflow-full/submit/poseidon/pegasus/casa-wind-full/run0146/00/00/unzip_ID0000106.meta,/mnt/poseidon-data/poseidon/workflows/casa-wind-workflow-full/submit/poseidon/pegasus/casa-wind-full/run0146/00/00/unzip_ID0000046.meta,/mnt/poseidon-data/poseidon/workflows/casa-wind-workflow-full/submit/poseidon/pegasus/casa-wind-full/run0146/00/00/unzip_ID0000076.meta,/mnt/poseidon-data/poseidon/workflows/casa-wind-workflow-full/submit/poseidon/pegasus/casa-wind-full/run0146/00/00/unzip_ID0000056.meta,/mnt/poseidon-data/poseidon/workflows/casa-wind-workflow-full/submit/poseidon/pegasus/casa-wind-full/run0146/00/00/unzip_ID0000021.meta,/mnt/poseidon-data/poseidon/workflows/casa-wind-workflow-full/submit/poseidon/pegasus/casa-wind-full/run0146/00/00/unzip_ID0000086.meta,/mnt/poseidon-data/poseidon/workflows/casa-wind-workflow-full/submit/poseidon/pegasus/casa-wind-full/run0146/00/00/unzip_ID0000126.meta,/mnt/poseidon-data/poseidon/workflows/casa-wind-workflow-full/submit/poseidon/pegasus/casa-wind-full/run0146/00/00/unzip_ID0000006.meta,/mnt/poseidon-data/poseidon/workflows/casa-wind-workflow-full/submit/poseidon/pegasus/casa-wind-full/run0146/00/00/unzip_ID0000036.meta,/mnt/poseidon-data/poseidon/workflows/casa-wind-workflow-full/submit/poseidon/pegasus/casa-wind-full/run0146/00/00/unzip_ID0000001.meta,/mnt/poseidon-data/poseidon/workflows/casa-wind-workflow-full/submit/poseidon/pegasus/casa-wind-full/run0146/00/00/unzip_ID0000091.meta --insert /mnt/poseidon-data/poseidon/workflows/casa-wind-workflow-full/submit/poseidon/pegasus/casa-wind-full/run0146/00/00/register_condorpool_0_0.in",3.0,0,0,,,,,,,,,
mvt_ID0000109,None,compute,0,1694349622.0,,,1694349627.0,1694349641.0,1694349652.0,29587932.5,1694349639.0,1694349707.0,1694349697.0,1694349700.0,19367.0,1694349707.0,1694349712.0,5.0,,12.0,68.0,5.0,11.0,177143652.0,3.0,59954.0,poseidon,condorpool,poseidon-worker-1-container-4-7,mvt,/opt/mvt/mvt,,39.9,0,0,0.0,822002.0,32768.0,494.0,8.0,29.9,0.1,27400.1,1638.4
post_vel_ID0000018,None,compute,0,1694349622.0,,,1694349627.0,1694349641.0,1694349653.0,29490623.3,1694349639.0,1694349672.0,1694349658.0,1694349661.0,3820.0,1694349672.0,1694349677.0,5.0,,12.0,33.0,5.0,12.0,177143937.0,3.0,11645.0,poseidon,condorpool,poseidon-worker-1-container-32-35,post_vel,/opt/netcdf2png/merged_netcdf2png,,0.1,0,0,,,,,,,,,
mvt_ID0000054,None,compute,0,1694349622.0,,,1694349627.0,1694349640.0,1694349651.0,29724686.0,1694349638.0,1694349707.0,1694349696.0,1694349699.0,9432.0,1694349707.0,1694349712.0,5.0,,11.0,69.0,5.0,11.0,177143652.0,3.0,28552.0,poseidon,condorpool,poseidon-worker-1-container-44-47,mvt,/opt/mvt/mvt,,39.1,0,0,0.0,853809.0,12288.0,563.0,3.0,29.9,0.1,28460.3,1228.8
register_condorpool_0_2,None,auxiliary,0,1694349622.0,,,1694349647.0,,,0.0,1694349647.0,1694349652.0,,,0.0,1694349652.0,1694349657.0,25.0,,0.0,5.0,5.0,,,,,poseidon,local,poseidon-submit,pegasus::rc-client,/mnt/poseidon-data/poseidon/pegasus-5.1.0panorama/bin/pegasus-rc-client,"-n pegasus::rc-client -N null -R local  -L casa-wind-full -T 2023-09-08T07:29:05+00:00 /home/poseidon/pegasus-5.1.0panorama/bin/pegasus-rc-client --prefix pegasus.catalog.replica.output --conf /mnt/poseidon-data/poseidon/workflows/casa-wind-workflow-full/submit/poseidon/pegasus/casa-wind-full/run0146/pegasus.12069937263564317310.properties -v --meta /mnt/poseidon-data/poseidon/workflows/casa-wind-workflow-full/submit/poseidon/pegasus/casa-wind-full/run0146/00/00/unzip_ID0000026.meta,/mnt/poseidon-data/poseidon/workflows/casa-wind-workflow-full/submit/poseidon/pegasus/casa-wind-full/run0146/00/00/unzip_ID0000061.meta,/mnt/poseidon-data/poseidon/workflows/casa-wind-workflow-full/submit/poseidon/pegasus/casa-wind-full/run0146/00/00/unzip_ID0000071.meta,/mnt/poseidon-data/poseidon/workflows/casa-wind-workflow-full/submit/poseidon/pegasus/casa-wind-full/run0146/00/00/unzip_ID0000041.meta,/mnt/poseidon-data/poseidon/workflows/casa-wind-workflow-full/submit/poseidon/pegasus/casa-wind-full/run0146/00/00/unzip_ID0000016.meta,/mnt/poseidon-data/poseidon/workflows/casa-wind-workflow-full/submit/poseidon/pegasus/casa-wind-full/run0146/00/00/unzip_ID0000111.meta,/mnt/poseidon-data/poseidon/workflows/casa-wind-workflow-full/submit/poseidon/pegasus/casa-wind-full/run0146/00/00/unzip_ID0000011.meta,/mnt/poseidon-data/poseidon/workflows/casa-wind-workflow-full/submit/poseidon/pegasus/casa-wind-full/run0146/00/00/unzip_ID0000081.meta,/mnt/poseidon-data/poseidon/workflows/casa-wind-workflow-full/submit/poseidon/pegasus/casa-wind-full/run0146/00/00/unzip_ID0000066.meta,/mnt/poseidon-data/poseidon/workflows/casa-wind-workflow-full/submit/poseidon/pegasus/casa-wind-full/run0146/00/00/unzip_ID0000096.meta,/mnt/poseidon-data/poseidon/workflows/casa-wind-workflow-full/submit/poseidon/pegasus/casa-wind-full/run0146/00/00/unzip_ID0000051.meta,/mnt/poseidon-data/poseidon/workflows/casa-wind-workflow-full/submit/poseidon/pegasus/casa-wind-full/run0146/00/00/unzip_ID0000031.meta,/mnt/poseidon-data/poseidon/workflows/casa-wind-workflow-full/submit/poseidon/pegasus/casa-wind-full/run0146/00/00/unzip_ID0000116.meta,/mnt/poseidon-data/poseidon/workflows/casa-wind-workflow-full/submit/poseidon/pegasus/casa-wind-full/run0146/00/00/unzip_ID0000101.meta,/mnt/poseidon-data/poseidon/workflows/casa-wind-workflow-full/submit/poseidon/pegasus/casa-wind-full/run0146/00/00/unzip_ID0000121.meta,/mnt/poseidon-data/poseidon/workflows/casa-wind-workflow-full/submit/poseidon/pegasus/casa-wind-full/run0146/00/00/unzip_ID0000106.meta,/mnt/poseidon-data/poseidon/workflows/casa-wind-workflow-full/submit/poseidon/pegasus/casa-wind-full/run0146/00/00/unzip_ID0000046.meta,/mnt/poseidon-data/poseidon/workflows/casa-wind-workflow-full/submit/poseidon/pegasus/casa-wind-full/run0146/00/00/unzip_ID0000076.meta,/mnt/poseidon-data/poseidon/workflows/casa-wind-workflow-full/submit/poseidon/pegasus/casa-wind-full/run0146/00/00/unzip_ID0000056.meta,/mnt/poseidon-data/poseidon/workflows/casa-wind-workflow-full/submit/poseidon/pegasus/casa-wind-full/run0146/00/00/unzip_ID0000021.meta,/mnt/poseidon-data/poseidon/workflows/casa-wind-workflow-full/submit/poseidon/pegasus/casa-wind-full/run0146/00/00/unzip_ID0000086.meta,/mnt/poseidon-data/poseidon/workflows/casa-wind-workflow-full/submit/poseidon/pegasus/casa-wind-full/run0146/00/00/unzip_ID0000126.meta,/mnt/poseidon-data/poseidon/workflows/casa-wind-workflow-full/submit/poseidon/pegasus/casa-wind-full/run0146/00/00/unzip_ID0000006.meta,/mnt/poseidon-data/poseidon/workflows/casa-wind-workflow-full/submit/poseidon/pegasus/casa-wind-full/run0146/00/00/unzip_ID0000036.meta,/mnt/poseidon-data/poseidon/workflows/casa-wind-workflow-full/submit/poseidon/pegasus/casa-wind-full/run0146/00/00/unzip_ID0000001.meta,/mnt/poseidon-data/poseidon/workflows/casa-wind-workflow-full/submit/poseidon/pegasus/casa-wind-full/run0146/00/00/unzip_ID0000091.meta --insert /mnt/poseidon-data/poseidon/workflows/casa-wind-workflow-full/submit/poseidon/pegasus/casa-wind-full/run0146/00/00/register_condorpool_0_2.in",3.0,0,0,,,,,,,,,
stage_out_local_condorpool_1_0,None,transfer,0,1694349627.0,,,1694349632.0,,,0.0,1694349633.0,1694349642.0,,,0.0,1694349642.0,1694349647.0,5.0,,1.0,9.0,5.0,,,,,poseidon,local,poseidon-submit,pegasus::transfer,/mnt/poseidon-data/poseidon/pegasus-5.1.0panorama/bin/pegasus-transfer,/home/poseidon/pegasus-5.1.0panorama/bin/../bin/pegasus-kickstart  -n pegasus::transfer -N null -i - -R local  -L casa-wind-full -T 2023-09-08T07:29:05+00:00 /home/poseidon/pegasus-5.1.0panorama/bin/../bin/pegasus-transfer  --threads 2,0.9,0,0,,,,,,,,,
mvt_ID0000099,None,compute,0,1694349627.0,,,1694349632.0,1694349643.0,1694349654.0,32792998.6,1694349641.0,1694349707.0,1694349699.0,1694349702.0,16395.0,1694349707.0,1694349712.0,5.0,,9.0,66.0,5.0,11.0,177143652.0,3.0,50118.0,poseidon,condorpool,poseidon-worker-2-container-24-27,mvt,/opt/mvt/mvt,,39.5,0,0,0.0,824889.0,28672.0,500.0,7.0,29.9,0.1,27496.3,1433.6
post_vel_ID0000123,None,compute,0,1694349627.0,,,1694349632.0,1694349642.0,1694349653.0,35179385.4,1694349641.0,1694349672.0,1694349659.0,1694349662.0,4729.0,1694349672.0,1694349677.0,5.0,,9.0,31.0,5.0,11.0,177143937.0,3.0,14777.0,poseidon,condorpool,poseidon-worker-2-container-28-31,post_vel,/opt/netcdf2png/merged_netcdf2png,,0.1,0,0,,,,,,,,,
mvt_ID0000014,None,compute,0,1694349627.0,,,1694349632.0,1694349641.0,1694349652.0,28310827.0,1694349638.0,1694349707.0,1694349697.0,1694349700.0,10366.0,1694349707.0,1694349712.0,5.0,,6.0,69.0,5.0,11.0,177143652.0,3.0,31991.0,poseidon,condorpool,poseidon-worker-2-container-20-23,mvt,/opt/mvt/mvt,,39.6,0,0,0.0,820746.0,16384.0,491.0,4.0,29.9,0.1,27358.2,819.2
post_vel_ID0000013,None,compute,0,1694349627.0,,,1694349632.0,1694349641.0,1694349652.0,30936083.4,1694349639.0,1694349667.0,1694349658.0,1694349661.0,3554.0,1694349667.0,1694349672.0,5.0,,7.0,28.0,5.0,11.0,177143937.0,3.0,11040.0,poseidon,condorpool,poseidon-worker-2-container-36-39,post_vel,/opt/netcdf2png/merged_netcdf2png,,0.1,0,0,,,,,,,,,
post_vel_ID0000098,None,compute,0,1694349627.0,,,1694349632.0,1694349640.0,1694349652.0,28893438.2,1694349638.0,1694349667.0,1694349657.0,1694349661.0,4310.0,1694349667.0,1694349672.0,5.0,,6.0,29.0,5.0,12.0,177143937.0,4.0,13355.0,poseidon,condorpool,poseidon-worker-1-container-0-3,post_vel,/opt/netcdf2png/merged_netcdf2png,,0.1,0,0,,,,,,,,,
mvt_ID0000124,None,compute,0,1694349627.0,,,1694349632.0,1694349641.0,1694349653.0,31539369.8,1694349639.0,1694349707.0,1694349698.0,1694349701.0,22812.0,1694349707.0,1694349712.0,5.0,,7.0,68.0,5.0,12.0,177143652.0,3.0,70564.0,poseidon,condorpool,poseidon-worker-1-container-24-27,mvt,/opt/mvt/mvt,,40.5,0,0,0.0,825921.0,40960.0,509.0,10.0,39.9,0.1,20648.0,4096.0
post_vel_ID0000023,None,compute,0,1694349627.0,,,1694349632.0,1694349641.0,1694349652.0,32062546.2,1694349639.0,1694349667.0,1694349658.0,1694349661.0,3702.0,1694349667.0,1694349672.0,5.0,,7.0,28.0,5.0,11.0,177143937.0,3.0,11372.0,poseidon,condorpool,poseidon-worker-2-container-12-15,post_vel,/opt/netcdf2png/merged_netcdf2png,,0.1,0,0,,,,,,,,,
mvt_ID0000024,None,compute,0,1694349627.0,,,1694349632.0,1694349642.0,1694349653.0,29574160.0,1694349640.0,1694349707.0,1694349698.0,1694349701.0,9981.0,1694349707.0,1694349712.0,5.0,,8.0,67.0,5.0,11.0,177143652.0,3.0,30705.0,poseidon,condorpool,poseidon-worker-1-container-12-15,mvt,/opt/mvt/mvt,,39.8,0,0,0.0,789213.0,16384.0,422.0,4.0,29.9,0.1,26307.1,819.2
mvt_ID0000034,None,compute,0,1694349632.0,,,1694349637.0,1694349644.0,1694349655.0,34215205.2,1694349643.0,1694349712.0,1694349700.0,1694349703.0,10100.0,1694349712.0,1694349717.0,5.0,,6.0,69.0,5.0,11.0,177143652.0,3.0,30976.0,poseidon,condorpool,poseidon-worker-2-container-44-47,mvt,/opt/mvt/mvt,,39.3,0,0,0.0,853736.0,16384.0,563.0,4.0,29.9,0.1,28457.9,819.2
post_vel_ID0000083,None,compute,0,1694349632.0,,,1694349637.0,1694349641.0,1694349656.0,19289406.1,1694349639.0,1694349672.0,1694349661.0,1694349664.0,4218.0,1694349672.0,1694349677.0,5.0,,2.0,33.0,5.0,15.0,177143937.0,3.0,12720.0,poseidon,condorpool,poseidon-worker-2-container-16-19,post_vel,/opt/netcdf2png/merged_netcdf2png,,0.1,0,0,,,,,,,,,
mvt_ID0000084,None,compute,0,1694349632.0,,,1694349637.0,1694349640.0,1694349652.0,34990885.4,1694349638.0,1694349707.0,1694349696.0,1694349699.0,15674.0,1694349707.0,1694349712.0,5.0,,1.0,69.0,5.0,12.0,177143652.0,3.0,47998.0,poseidon,condorpool,poseidon-worker-2-container-8-11,mvt,/opt/mvt/mvt,,39.6,0,0,0.0,793303.0,24576.0,431.0,6.0,29.9,0.1,26443.4,1228.8
stage_out_local_condorpool_1_1,None,transfer,0,1694349632.0,,,1694349637.0,,,0.0,1694349638.0,1694349647.0,,,0.0,1694349647.0,1694349652.0,5.0,,1.0,9.0,5.0,,,,,poseidon,local,poseidon-submit,pegasus::transfer,/mnt/poseidon-data/poseidon/pegasus-5.1.0panorama/bin/pegasus-transfer,/home/poseidon/pegasus-5.1.0panorama/bin/../bin/pegasus-kickstart  -n pegasus::transfer -N null -i - -R local  -L casa-wind-full -T 2023-09-08T07:29:05+00:00 /home/poseidon/pegasus-5.1.0panorama/bin/../bin/pegasus-transfer  --threads 2,1.0,0,0,,,,,,,,,
post_vel_ID0000033,None,compute,0,1694349632.0,,,1694349637.0,1694349644.0,1694349655.0,34346434.4,1694349643.0,1694349672.0,1694349661.0,1694349664.0,3800.0,1694349672.0,1694349677.0,5.0,,6.0,29.0,5.0,11.0,177143937.0,3.0,11464.0,poseidon,condorpool,poseidon-worker-2-container-40-43,post_vel,/opt/netcdf2png/merged_netcdf2png,,0.1,0,0,,,,,,,,,
stage_out_local_condorpool_1_2,None,transfer,0,1694349632.0,,,1694349637.0,,,0.0,1694349638.0,1694349647.0,,,0.0,1694349647.0,1694349652.0,5.0,,1.0,9.0,5.0,,,,,poseidon,local,poseidon-submit,pegasus::transfer,/mnt/poseidon-data/poseidon/pegasus-5.1.0panorama/bin/pegasus-transfer,/home/poseidon/pegasus-5.1.0panorama/bin/../bin/pegasus-kickstart  -n pegasus::transfer -N null -i - -R local  -L casa-wind-full -T 2023-09-08T07:29:05+00:00 /home/poseidon/pegasus-5.1.0panorama/bin/../bin/pegasus-transfer  --threads 2,0.9,0,0,,,,,,,,,
post_vel_ID0000073,None,compute,0,1694349632.0,,,1694349637.0,1694349640.0,1694349652.0,30437675.2,1694349638.0,1694349667.0,1694349657.0,1694349660.0,3876.0,1694349667.0,1694349672.0,5.0,,1.0,29.0,5.0,12.0,177143937.0,3.0,11825.0,poseidon,condorpool,poseidon-worker-2-container-4-7,post_vel,/opt/netcdf2png/merged_netcdf2png,,0.1,0,0,,,,,,,,,
post_vel_ID0000103,None,compute,0,1694349632.0,,,1694349637.0,1694349641.0,1694349653.0,33071804.0,1694349639.0,1694349667.0,1694349658.0,1694349661.0,4477.0,1694349667.0,1694349672.0,5.0,,2.0,28.0,5.0,12.0,177143937.0,3.0,13815.0,poseidon,condorpool,poseidon-worker-1-container-8-11,post_vel,/opt/netcdf2png/merged_netcdf2png,,0.1,0,0,,,,,,,,,
mvt_ID0000104,None,compute,0,1694349632.0,,,1694349637.0,1694349641.0,1694349653.0,29307116.8,1694349639.0,1694349707.0,1694349697.0,1694349700.0,19354.0,1694349707.0,1694349712.0,5.0,,2.0,68.0,5.0,12.0,177143652.0,3.0,59590.0,poseidon,condorpool,poseidon-worker-2-container-0-3,mvt,/opt/mvt/mvt,,39.5,0,0,0.0,819253.0,32768.0,488.0,8.0,29.9,0.1,27308.4,3276.8
mvt_ID0000074,None,compute,0,1694349632.0,,,1694349637.0,1694349641.0,1694349653.0,28045904.2,1694349639.0,1694349707.0,1694349698.0,1694349701.0,12584.0,1694349707.0,1694349712.0,5.0,,2.0,68.0,5.0,12.0,177143652.0,3.0,38855.0,poseidon,condorpool,poseidon-worker-1-container-16-19,mvt,/opt/mvt/mvt,,39.8,0,0,0.0,791780.0,20480.0,428.0,5.0,29.9,0.1,26392.7,1024.0
register_condorpool_1_0,None,auxiliary,0,1694349647.0,,,1694349657.0,,,0.0,1694349658.0,1694349662.0,,,0.0,1694349662.0,1694349667.0,10.0,,1.0,4.0,5.0,,,,,poseidon,local,poseidon-submit,pegasus::rc-client,/mnt/poseidon-data/poseidon/pegasus-5.1.0panorama/bin/pegasus-rc-client,"-n pegasus::rc-client -N null -R local  -L casa-wind-full -T 2023-09-08T07:29:05+00:00 /home/poseidon/pegasus-5.1.0panorama/bin/pegasus-rc-client --prefix pegasus.catalog.replica.output --conf /mnt/poseidon-data/poseidon/workflows/casa-wind-workflow-full/submit/poseidon/pegasus/casa-wind-full/run0146/pegasus.12069937263564317310.properties -v --meta /mnt/poseidon-data/poseidon/workflows/casa-wind-workflow-full/submit/poseidon/pegasus/casa-wind-full/run0146/00/01/um_vel_ID0000067.meta,/mnt/poseidon-data/poseidon/workflows/casa-wind-workflow-full/submit/poseidon/pegasus/casa-wind-full/run0146/00/00/um_vel_ID0000127.meta,/mnt/poseidon-data/poseidon/workflows/casa-wind-workflow-full/submit/poseidon/pegasus/casa-wind-full/run0146/00/00/um_vel_ID0000122.meta,/mnt/poseidon-data/poseidon/workflows/casa-wind-workflow-full/submit/poseidon/pegasus/casa-wind-full/run0146/00/00/um_vel_ID0000092.meta,/mnt/poseidon-data/poseidon/workflows/casa-wind-workflow-full/submit/poseidon/pegasus/casa-wind-full/run0146/00/01/um_vel_ID0000077.meta,/mnt/poseidon-data/poseidon/workflows/casa-wind-workflow-full/submit/poseidon/pegasus/casa-wind-full/run0146/00/01/um_vel_ID0000057.meta,/mnt/poseidon-data/poseidon/workflows/casa-wind-workflow-full/submit/poseidon/pegasus/casa-wind-full/run0146/00/00/um_vel_ID0000027.meta,/mnt/poseidon-data/poseidon/workflows/casa-wind-workflow-full/submit/poseidon/pegasus/casa-wind-full/run0146/00/01/um_vel_ID0000042.meta,/mnt/poseidon-data/poseidon/workflows/casa-wind-workflow-full/submit/poseidon/pegasus/casa-wind-full/run0146/00/00/um_vel_ID0000022.meta --insert /mnt/poseidon-data/poseidon/workflows/casa-wind-workflow-full/submit/poseidon/pegasus/casa-wind-full/run0146/00/01/register_condorpool_1_0.in",2.6,0,0,,,,,,,,,
register_condorpool_1_1,None,auxiliary,0,1694349652.0,,,1694349667.0,,,0.0,1694349667.0,1694349672.0,,,0.0,1694349672.0,1694349677.0,15.0,,0.0,5.0,5.0,,,,,poseidon,local,poseidon-submit,pegasus::rc-client,/mnt/poseidon-data/poseidon/pegasus-5.1.0panorama/bin/pegasus-rc-client,"-n pegasus::rc-client -N null -R local  -L casa-wind-full -T 2023-09-08T07:29:05+00:00 /home/poseidon/pegasus-5.1.0panorama/bin/pegasus-rc-client --prefix pegasus.catalog.replica.output --conf /mnt/poseidon-data/poseidon/workflows/casa-wind-workflow-full/submit/poseidon/pegasus/casa-wind-full/run0146/pegasus.12069937263564317310.properties -v --meta /mnt/poseidon-data/poseidon/workflows/casa-wind-workflow-full/submit/poseidon/pegasus/casa-wind-full/run0146/00/00/um_vel_ID0000017.meta,/mnt/poseidon-data/poseidon/workflows/casa-wind-workflow-full/submit/poseidon/pegasus/casa-wind-full/run0146/00/01/um_vel_ID0000037.meta,/mnt/poseidon-data/poseidon/workflows/casa-wind-workflow-full/submit/poseidon/pegasus/casa-wind-full/run0146/00/00/um_vel_ID0000082.meta,/mnt/poseidon-data/poseidon/workflows/casa-wind-workflow-full/submit/poseidon/pegasus/casa-wind-full/run0146/00/00/um_vel_ID0000097.meta,/mnt/poseidon-data/poseidon/workflows/casa-wind-workflow-full/submit/poseidon/pegasus/casa-wind-full/run0146/00/01/um_vel_ID0000047.meta,/mnt/poseidon-data/poseidon/workflows/casa-wind-workflow-full/submit/poseidon/pegasus/casa-wind-full/run0146/00/00/um_vel_ID0000087.meta,/mnt/poseidon-data/poseidon/workflows/casa-wind-workflow-full/submit/poseidon/pegasus/casa-wind-full/run0146/00/01/um_vel_ID0000007.meta,/mnt/poseidon-data/poseidon/workflows/casa-wind-workflow-full/submit/poseidon/pegasus/casa-wind-full/run0146/00/01/um_vel_ID0000072.meta,/mnt/poseidon-data/poseidon/workflows/casa-wind-workflow-full/submit/poseidon/pegasus/casa-wind-full/run0146/00/01/um_vel_ID0000102.meta --insert /mnt/poseidon-data/poseidon/workflows/casa-wind-workflow-full/submit/poseidon/pegasus/casa-wind-full/run0146/00/01/register_condorpool_1_1.in",2.6,0,0,,,,,,,,,
register_condorpool_1_2,None,auxiliary,0,1694349652.0,,,1694349677.0,,,0.0,1694349678.0,1694349682.0,,,0.0,1694349682.0,1694349687.0,25.0,,1.0,4.0,5.0,,,,,poseidon,local,poseidon-submit,pegasus::rc-client,/mnt/poseidon-data/poseidon/pegasus-5.1.0panorama/bin/pegasus-rc-client,"-n pegasus::rc-client -N null -R local  -L casa-wind-full -T 2023-09-08T07:29:05+00:00 /home/poseidon/pegasus-5.1.0panorama/bin/pegasus-rc-client --prefix pegasus.catalog.replica.output --conf /mnt/poseidon-data/poseidon/workflows/casa-wind-workflow-full/submit/poseidon/pegasus/casa-wind-full/run0146/pegasus.12069937263564317310.properties -v --meta /mnt/poseidon-data/poseidon/workflows/casa-wind-workflow-full/submit/poseidon/pegasus/casa-wind-full/run0146/00/00/um_vel_ID0000117.meta,/mnt/poseidon-data/poseidon/workflows/casa-wind-workflow-full/submit/poseidon/pegasus/casa-wind-full/run0146/00/01/um_vel_ID0000052.meta,/mnt/poseidon-data/poseidon/workflows/casa-wind-workflow-full/submit/poseidon/pegasus/casa-wind-full/run0146/00/00/um_vel_ID0000002.meta,/mnt/poseidon-data/poseidon/workflows/casa-wind-workflow-full/submit/poseidon/pegasus/casa-wind-full/run0146/00/00/um_vel_ID0000012.meta,/mnt/poseidon-data/poseidon/workflows/casa-wind-workflow-full/submit/poseidon/pegasus/casa-wind-full/run0146/00/00/um_vel_ID0000032.meta,/mnt/poseidon-data/poseidon/workflows/casa-wind-workflow-full/submit/poseidon/pegasus/casa-wind-full/run0146/00/01/um_vel_ID0000062.meta,/mnt/poseidon-data/poseidon/workflows/casa-wind-workflow-full/submit/poseidon/pegasus/casa-wind-full/run0146/00/01/um_vel_ID0000112.meta,/mnt/poseidon-data/poseidon/workflows/casa-wind-workflow-full/submit/poseidon/pegasus/casa-wind-full/run0146/00/01/um_vel_ID0000107.meta --insert /mnt/poseidon-data/poseidon/workflows/casa-wind-workflow-full/submit/poseidon/pegasus/casa-wind-full/run0146/00/01/register_condorpool_1_2.in",2.8,0,0,,,,,,,,,
point_alert_ID0000120,None,compute,0,1694349692.0,,,1694349697.0,1694349700.0,1694349711.0,29788390.2,1694349698.0,1694349727.0,1694349717.0,1694349720.0,7229.0,1694349727.0,1694349732.0,5.0,,1.0,29.0,5.0,11.0,176673508.0,3.0,21998.0,poseidon,condorpool,poseidon-worker-2-container-16-19,point_alert,/opt/pointAlert/pointAlert,,0.0,0,0,,,,,,,,,
point_alert_ID0000080,None,compute,0,1694349692.0,,,1694349697.0,1694349700.0,1694349711.0,29615726.5,1694349698.0,1694349727.0,1694349716.0,1694349719.0,6814.0,1694349727.0,1694349732.0,5.0,,1.0,29.0,5.0,11.0,176653320.0,3.0,20718.0,poseidon,condorpool,poseidon-worker-1-container-20-23,point_alert,/opt/pointAlert/pointAlert,,0.0,0,0,,,,,,,,,
point_alert_ID0000010,None,compute,0,1694349692.0,,,1694349697.0,1694349700.0,1694349711.0,33130407.2,1694349698.0,1694349727.0,1694349716.0,1694349719.0,6426.0,1694349727.0,1694349732.0,5.0,,1.0,29.0,5.0,11.0,176643412.0,3.0,20478.0,poseidon,condorpool,poseidon-worker-1-container-0-3,point_alert,/opt/pointAlert/pointAlert,,0.0,0,0,,,,,,,,,
point_alert_ID0000040,None,compute,0,1694349692.0,,,1694349697.0,1694349700.0,1694349711.0,29578501.0,1694349698.0,1694349727.0,1694349716.0,1694349719.0,6608.0,1694349727.0,1694349732.0,5.0,,1.0,29.0,5.0,11.0,176642369.0,3.0,20558.0,poseidon,condorpool,poseidon-worker-1-container-44-47,point_alert,/opt/pointAlert/pointAlert,,0.0,0,0,,,,,,,,,
point_alert_ID0000050,None,compute,0,1694349697.0,,,1694349702.0,1694349705.0,1694349716.0,34487352.6,1694349703.0,1694349732.0,1694349721.0,1694349724.0,6740.0,1694349732.0,1694349738.0,5.0,,1.0,29.0,6.0,11.0,176632091.0,3.0,20878.0,poseidon,condorpool,poseidon-worker-2-container-28-31,point_alert,/opt/pointAlert/pointAlert,,0.0,0,0,,,,,,,,,
point_alert_ID0000130,None,compute,0,1694349697.0,,,1694349702.0,1694349705.0,1694349716.0,31378577.8,1694349703.0,1694349732.0,1694349722.0,1694349725.0,7465.0,1694349732.0,1694349738.0,5.0,,1.0,29.0,6.0,11.0,176672472.0,3.0,23118.0,poseidon,condorpool,poseidon-worker-1-container-4-7,point_alert,/opt/pointAlert/pointAlert,,0.0,0,0,,,,,,,,,
point_alert_ID0000095,None,compute,0,1694349697.0,,,1694349702.0,1694349705.0,1694349716.0,33950741.4,1694349703.0,1694349732.0,1694349721.0,1694349724.0,6697.0,1694349732.0,1694349738.0,5.0,,1.0,29.0,6.0,11.0,176660390.0,3.0,20718.0,poseidon,condorpool,poseidon-worker-2-container-24-27,point_alert,/opt/pointAlert/pointAlert,,0.0,0,0,,,,,,,,,
point_alert_ID0000115,None,compute,0,1694349697.0,,,1694349702.0,1694349705.0,1694349719.0,21914420.8,1694349703.0,1694349738.0,1694349724.0,1694349727.0,7051.0,1694349738.0,1694349743.0,5.0,,1.0,35.0,5.0,14.0,176681217.0,3.0,21598.0,poseidon,condorpool,poseidon-worker-2-container-0-3,point_alert,/opt/pointAlert/pointAlert,,0.0,0,0,,,,,,,,,
point_alert_ID0000090,None,compute,0,1694349697.0,,,1694349702.0,1694349705.0,1694349717.0,29285902.7,1694349703.0,1694349733.0,1694349722.0,1694349725.0,6792.0,1694349733.0,1694349738.0,5.0,,1.0,30.0,5.0,12.0,176656458.0,3.0,20638.0,poseidon,condorpool,poseidon-worker-2-container-20-23,point_alert,/opt/pointAlert/pointAlert,,0.0,0,0,,,,,,,,,
point_alert_ID0000045,None,compute,0,1694349697.0,,,1694349702.0,1694349705.0,1694349716.0,29652210.0,1694349703.0,1694349732.0,1694349721.0,1694349724.0,6716.0,1694349732.0,1694349738.0,5.0,,1.0,29.0,6.0,11.0,176636096.0,3.0,20798.0,poseidon,condorpool,poseidon-worker-2-container-44-47,point_alert,/opt/pointAlert/pointAlert,,0.0,0,0,,,,,,,,,
point_alert_ID0000065,None,compute,0,1694349697.0,,,1694349702.0,1694349705.0,1694349717.0,28790242.6,1694349703.0,1694349732.0,1694349722.0,1694349725.0,6593.0,1694349732.0,1694349738.0,5.0,,1.0,29.0,6.0,12.0,176639131.0,3.0,20238.0,poseidon,condorpool,poseidon-worker-1-container-36-39,point_alert,/opt/pointAlert/pointAlert,,0.0,0,0,,,,,,,,,
point_alert_ID0000060,None,compute,0,1694349702.0,,,1694349707.0,1694349710.0,1694349721.0,29477181.0,1694349708.0,1694349738.0,1694349726.0,1694349729.0,6882.0,1694349738.0,1694349743.0,5.0,,1.0,30.0,5.0,11.0,176636147.0,3.0,20878.0,poseidon,condorpool,poseidon-worker-1-container-44-47,point_alert,/opt/pointAlert/pointAlert,,0.0,0,0,,,,,,,,,
point_alert_ID0000070,None,compute,0,1694349702.0,,,1694349707.0,1694349710.0,1694349721.0,29623288.5,1694349708.0,1694349738.0,1694349726.0,1694349730.0,6772.0,1694349738.0,1694349743.0,5.0,,1.0,30.0,5.0,11.0,176643292.0,4.0,20558.0,poseidon,condorpool,poseidon-worker-1-container-16-19,point_alert,/opt/pointAlert/pointAlert,,0.0,0,0,,,,,,,,,
point_alert_ID0000110,None,compute,0,1694349712.0,,,1694349717.0,1694349720.0,1694349731.0,31829719.0,1694349718.0,1694349748.0,1694349736.0,1694349740.0,6775.0,1694349748.0,1694349753.0,5.0,,1.0,30.0,5.0,11.0,176667937.0,4.0,21038.0,poseidon,condorpool,poseidon-worker-1-container-24-27,point_alert,/opt/pointAlert/pointAlert,,0.0,0,0,,,,,,,,,
point_alert_ID0000020,None,compute,0,1694349712.0,,,1694349717.0,1694349720.0,1694349731.0,34653581.6,1694349718.0,1694349748.0,1694349736.0,1694349739.0,6601.0,1694349748.0,1694349753.0,5.0,,1.0,30.0,5.0,11.0,176644228.0,3.0,20478.0,poseidon,condorpool,poseidon-worker-1-container-4-7,point_alert,/opt/pointAlert/pointAlert,,0.0,0,0,,,,,,,,,
stage_out_local_condorpool_2_4,None,transfer,0,1694349712.0,,,1694349717.0,,,0.0,1694349718.0,1694349722.0,,,0.0,1694349722.0,1694349727.0,5.0,,1.0,4.0,5.0,,,,,poseidon,local,poseidon-submit,pegasus::transfer,/mnt/poseidon-data/poseidon/pegasus-5.1.0panorama/bin/pegasus-transfer,/home/poseidon/pegasus-5.1.0panorama/bin/../bin/pegasus-kickstart  -n pegasus::transfer -N null -i - -R local  -L casa-wind-full -T 2023-09-08T07:29:05+00:00 /home/poseidon/pegasus-5.1.0panorama/bin/../bin/pegasus-transfer  --threads 2,0.9,0,0,,,,,,,,,
point_alert_ID0000105,None,compute,0,1694349712.0,,,1694349717.0,1694349720.0,1694349731.0,33551137.2,1694349718.0,1694349748.0,1694349736.0,1694349739.0,6783.0,1694349748.0,1694349753.0,5.0,,1.0,30.0,5.0,11.0,176667573.0,3.0,21278.0,poseidon,condorpool,poseidon-worker-1-container-28-31,point_alert,/opt/pointAlert/pointAlert,,0.0,0,0,,,,,,,,,
stage_out_local_condorpool_2_1,None,transfer,0,1694349712.0,,,1694349717.0,,,0.0,1694349718.0,1694349722.0,,,0.0,1694349722.0,1694349727.0,5.0,,1.0,4.0,5.0,,,,,poseidon,local,poseidon-submit,pegasus::transfer,/mnt/poseidon-data/poseidon/pegasus-5.1.0panorama/bin/pegasus-transfer,/home/poseidon/pegasus-5.1.0panorama/bin/../bin/pegasus-kickstart  -n pegasus::transfer -N null -i - -R local  -L casa-wind-full -T 2023-09-08T07:29:05+00:00 /home/poseidon/pegasus-5.1.0panorama/bin/../bin/pegasus-transfer  --threads 2,1.0,0,0,,,,,,,,,
point_alert_ID0000030,None,compute,0,1694349712.0,,,1694349717.0,1694349720.0,1694349732.0,26915652.0,1694349719.0,1694349748.0,1694349738.0,1694349741.0,6596.0,1694349748.0,1694349753.0,5.0,,2.0,29.0,5.0,12.0,176646324.0,3.0,20158.0,poseidon,condorpool,poseidon-worker-2-container-8-11,point_alert,/opt/pointAlert/pointAlert,,0.0,0,0,,,,,,,,,
point_alert_ID0000005,None,compute,0,1694349712.0,,,1694349717.0,1694349720.0,1694349731.0,34535698.2,1694349718.0,1694349748.0,1694349736.0,1694349739.0,6537.0,1694349748.0,1694349753.0,5.0,,1.0,30.0,5.0,11.0,176636764.0,3.0,20398.0,poseidon,condorpool,poseidon-worker-1-container-20-23,point_alert,/opt/pointAlert/pointAlert,,0.0,0,0,,,,,,,,,
point_alert_ID0000085,None,compute,0,1694349712.0,,,1694349717.0,1694349720.0,1694349732.0,27277763.7,1694349718.0,1694349748.0,1694349737.0,1694349740.0,6810.0,1694349748.0,1694349753.0,5.0,,1.0,30.0,5.0,12.0,176655981.0,3.0,21118.0,poseidon,condorpool,poseidon-worker-2-container-0-3,point_alert,/opt/pointAlert/pointAlert,,0.0,0,0,,,,,,,,,
point_alert_ID0000125,None,compute,0,1694349712.0,,,1694349717.0,1694349721.0,1694349732.0,33970571.6,1694349719.0,1694349748.0,1694349737.0,1694349740.0,7322.0,1694349748.0,1694349753.0,5.0,,2.0,29.0,5.0,11.0,176678547.0,3.0,22878.0,poseidon,condorpool,poseidon-worker-1-container-36-39,point_alert,/opt/pointAlert/pointAlert,,0.0,0,0,,,,,,,,,
stage_out_local_condorpool_2_3,None,transfer,0,1694349712.0,,,1694349717.0,,,0.0,1694349718.0,1694349722.0,,,0.0,1694349722.0,1694349727.0,5.0,,1.0,4.0,5.0,,,,,poseidon,local,poseidon-submit,pegasus::transfer,/mnt/poseidon-data/poseidon/pegasus-5.1.0panorama/bin/pegasus-transfer,/home/poseidon/pegasus-5.1.0panorama/bin/../bin/pegasus-kickstart  -n pegasus::transfer -N null -i - -R local  -L casa-wind-full -T 2023-09-08T07:29:05+00:00 /home/poseidon/pegasus-5.1.0panorama/bin/../bin/pegasus-transfer  --threads 2,0.9,0,0,,,,,,,,,
point_alert_ID0000015,None,compute,0,1694349712.0,,,1694349717.0,1694349720.0,1694349731.0,33311579.8,1694349719.0,1694349748.0,1694349737.0,1694349740.0,6634.0,1694349748.0,1694349753.0,5.0,,2.0,29.0,5.0,11.0,176639974.0,3.0,20558.0,poseidon,condorpool,poseidon-worker-2-container-20-23,point_alert,/opt/pointAlert/pointAlert,,0.0,0,0,,,,,,,,,
point_alert_ID0000025,None,compute,0,1694349712.0,,,1694349717.0,1694349720.0,1694349732.0,29361885.6,1694349718.0,1694349748.0,1694349737.0,1694349740.0,6468.0,1694349748.0,1694349753.0,5.0,,1.0,30.0,5.0,12.0,176638688.0,3.0,20078.0,poseidon,condorpool,poseidon-worker-1-container-40-43,point_alert,/opt/pointAlert/pointAlert,,0.0,0,0,,,,,,,,,
point_alert_ID0000075,None,compute,0,1694349712.0,,,1694349717.0,1694349720.0,1694349732.0,28806097.4,1694349718.0,1694349748.0,1694349737.0,1694349740.0,6590.0,1694349748.0,1694349753.0,5.0,,1.0,30.0,5.0,12.0,176646838.0,3.0,20558.0,poseidon,condorpool,poseidon-worker-1-container-12-15,point_alert,/opt/pointAlert/pointAlert,,0.0,0,0,,,,,,,,,
point_alert_ID0000055,None,compute,0,1694349712.0,,,1694349717.0,1694349720.0,1694349732.0,27008058.0,1694349719.0,1694349748.0,1694349737.0,1694349740.0,6679.0,1694349748.0,1694349753.0,5.0,,2.0,29.0,5.0,12.0,176636535.0,3.0,20638.0,poseidon,condorpool,poseidon-worker-1-container-24-27,point_alert,/opt/pointAlert/pointAlert,,0.0,0,0,,,,,,,,,
point_alert_ID0000100,None,compute,0,1694349712.0,,,1694349717.0,1694349720.0,1694349731.0,32914062.8,1694349718.0,1694349748.0,1694349736.0,1694349739.0,6638.0,1694349748.0,1694349753.0,5.0,,1.0,30.0,5.0,11.0,176658101.0,3.0,20638.0,poseidon,condorpool,poseidon-worker-2-container-40-43,point_alert,/opt/pointAlert/pointAlert,,0.0,0,0,,,,,,,,,
stage_out_local_condorpool_2_0,None,transfer,0,1694349712.0,,,1694349717.0,,,0.0,1694349718.0,1694349722.0,,,0.0,1694349722.0,1694349727.0,5.0,,1.0,4.0,5.0,,,,,poseidon,local,poseidon-submit,pegasus::transfer,/mnt/poseidon-data/poseidon/pegasus-5.1.0panorama/bin/pegasus-transfer,/home/poseidon/pegasus-5.1.0panorama/bin/../bin/pegasus-kickstart  -n pegasus::transfer -N null -i - -R local  -L casa-wind-full -T 2023-09-08T07:29:05+00:00 /home/poseidon/pegasus-5.1.0panorama/bin/../bin/pegasus-transfer  --threads 2,0.9,0,0,,,,,,,,,
stage_out_local_condorpool_2_2,None,transfer,0,1694349712.0,,,1694349717.0,,,0.0,1694349718.0,1694349722.0,,,0.0,1694349722.0,1694349727.0,5.0,,1.0,4.0,5.0,,,,,poseidon,local,poseidon-submit,pegasus::transfer,/mnt/poseidon-data/poseidon/pegasus-5.1.0panorama/bin/pegasus-transfer,/home/poseidon/pegasus-5.1.0panorama/bin/../bin/pegasus-kickstart  -n pegasus::transfer -N null -i - -R local  -L casa-wind-full -T 2023-09-08T07:29:05+00:00 /home/poseidon/pegasus-5.1.0panorama/bin/../bin/pegasus-transfer  --threads 2,1.0,0,0,,,,,,,,,
stage_out_local_condorpool_2_5,None,transfer,0,1694349717.0,,,1694349722.0,,,0.0,1694349723.0,1694349727.0,,,0.0,1694349727.0,1694349732.0,5.0,,1.0,4.0,5.0,,,,,poseidon,local,poseidon-submit,pegasus::transfer,/mnt/poseidon-data/poseidon/pegasus-5.1.0panorama/bin/pegasus-transfer,/home/poseidon/pegasus-5.1.0panorama/bin/../bin/pegasus-kickstart  -n pegasus::transfer -N null -i - -R local  -L casa-wind-full -T 2023-09-08T07:29:05+00:00 /home/poseidon/pegasus-5.1.0panorama/bin/../bin/pegasus-transfer  --threads 2,0.8,0,0,,,,,,,,,
point_alert_ID0000035,None,compute,0,1694349717.0,,,1694349722.0,1694349725.0,1694349736.0,29876079.5,1694349723.0,1694349753.0,1694349741.0,1694349744.0,6612.0,1694349753.0,1694349758.0,5.0,,1.0,30.0,5.0,11.0,176638959.0,3.0,20078.0,poseidon,condorpool,poseidon-worker-2-container-24-27,point_alert,/opt/pointAlert/pointAlert,,0.0,0,0,,,,,,,,,
register_condorpool_2_0,None,auxiliary,0,1694349727.0,,,1694349773.0,,,0.0,1694349773.0,1694349778.0,,,0.0,1694349778.0,1694349783.0,46.0,,0.0,5.0,5.0,,,,,poseidon,local,poseidon-submit,pegasus::rc-client,/mnt/poseidon-data/poseidon/pegasus-5.1.0panorama/bin/pegasus-rc-client,"-n pegasus::rc-client -N null -R local  -L casa-wind-full -T 2023-09-08T07:29:05+00:00 /home/poseidon/pegasus-5.1.0panorama/bin/pegasus-rc-client --prefix pegasus.catalog.replica.output --conf /mnt/poseidon-data/poseidon/workflows/casa-wind-workflow-full/submit/poseidon/pegasus/casa-wind-full/run0146/pegasus.12069937263564317310.properties -v --meta /mnt/poseidon-data/poseidon/workflows/casa-wind-workflow-full/submit/poseidon/pegasus/casa-wind-full/run0146/00/01/post_vel_ID0000023.meta,/mnt/poseidon-data/poseidon/workflows/casa-wind-workflow-full/submit/poseidon/pegasus/casa-wind-full/run0146/00/01/post_vel_ID0000093.meta,/mnt/poseidon-data/poseidon/workflows/casa-wind-workflow-full/submit/poseidon/pegasus/casa-wind-full/run0146/00/01/mvt_ID0000129.meta,/mnt/poseidon-data/poseidon/workflows/casa-wind-workflow-full/submit/poseidon/pegasus/casa-wind-full/run0146/00/02/mvt_ID0000044.meta,/mnt/poseidon-data/poseidon/workflows/casa-wind-workflow-full/submit/poseidon/pegasus/casa-wind-full/run0146/00/02/post_vel_ID0000058.meta,/mnt/poseidon-data/poseidon/workflows/casa-wind-workflow-full/submit/poseidon/pegasus/casa-wind-full/run0146/00/01/post_vel_ID0000068.meta,/mnt/poseidon-data/poseidon/workflows/casa-wind-workflow-full/submit/poseidon/pegasus/casa-wind-full/run0146/00/01/post_vel_ID0000123.meta,/mnt/poseidon-data/poseidon/workflows/casa-wind-workflow-full/submit/poseidon/pegasus/casa-wind-full/run0146/00/02/post_vel_ID0000078.meta,/mnt/poseidon-data/poseidon/workflows/casa-wind-workflow-full/submit/poseidon/pegasus/casa-wind-full/run0146/00/01/mvt_ID0000029.meta --insert /mnt/poseidon-data/poseidon/workflows/casa-wind-workflow-full/submit/poseidon/pegasus/casa-wind-full/run0146/00/02/register_condorpool_2_0.in",2.6,0,0,,,,,,,,,
register_condorpool_2_1,None,auxiliary,0,1694349727.0,,,1694349763.0,,,0.0,1694349764.0,1694349768.0,,,0.0,1694349768.0,1694349773.0,36.0,,1.0,4.0,5.0,,,,,poseidon,local,poseidon-submit,pegasus::rc-client,/mnt/poseidon-data/poseidon/pegasus-5.1.0panorama/bin/pegasus-rc-client,"-n pegasus::rc-client -N null -R local  -L casa-wind-full -T 2023-09-08T07:29:05+00:00 /home/poseidon/pegasus-5.1.0panorama/bin/pegasus-rc-client --prefix pegasus.catalog.replica.output --conf /mnt/poseidon-data/poseidon/workflows/casa-wind-workflow-full/submit/poseidon/pegasus/casa-wind-full/run0146/pegasus.12069937263564317310.properties -v --meta /mnt/poseidon-data/poseidon/workflows/casa-wind-workflow-full/submit/poseidon/pegasus/casa-wind-full/run0146/00/01/post_vel_ID0000028.meta,/mnt/poseidon-data/poseidon/workflows/casa-wind-workflow-full/submit/poseidon/pegasus/casa-wind-full/run0146/00/02/post_vel_ID0000043.meta,/mnt/poseidon-data/poseidon/workflows/casa-wind-workflow-full/submit/poseidon/pegasus/casa-wind-full/run0146/00/01/post_vel_ID0000128.meta,/mnt/poseidon-data/poseidon/workflows/casa-wind-workflow-full/submit/poseidon/pegasus/casa-wind-full/run0146/00/01/mvt_ID0000094.meta,/mnt/poseidon-data/poseidon/workflows/casa-wind-workflow-full/submit/poseidon/pegasus/casa-wind-full/run0146/00/01/mvt_ID0000069.meta,/mnt/poseidon-data/poseidon/workflows/casa-wind-workflow-full/submit/poseidon/pegasus/casa-wind-full/run0146/00/02/mvt_ID0000059.meta,/mnt/poseidon-data/poseidon/workflows/casa-wind-workflow-full/submit/poseidon/pegasus/casa-wind-full/run0146/00/01/mvt_ID0000124.meta,/mnt/poseidon-data/poseidon/workflows/casa-wind-workflow-full/submit/poseidon/pegasus/casa-wind-full/run0146/00/01/mvt_ID0000024.meta,/mnt/poseidon-data/poseidon/workflows/casa-wind-workflow-full/submit/poseidon/pegasus/casa-wind-full/run0146/00/02/mvt_ID0000079.meta --insert /mnt/poseidon-data/poseidon/workflows/casa-wind-workflow-full/submit/poseidon/pegasus/casa-wind-full/run0146/00/02/register_condorpool_2_1.in",2.6,0,0,,,,,,,,,
register_condorpool_2_4,None,auxiliary,0,1694349727.0,,,1694349732.0,,,0.0,1694349733.0,1694349738.0,,,0.0,1694349738.0,1694349743.0,5.0,,1.0,5.0,5.0,,,,,poseidon,local,poseidon-submit,pegasus::rc-client,/mnt/poseidon-data/poseidon/pegasus-5.1.0panorama/bin/pegasus-rc-client,"-n pegasus::rc-client -N null -R local  -L casa-wind-full -T 2023-09-08T07:29:05+00:00 /home/poseidon/pegasus-5.1.0panorama/bin/pegasus-rc-client --prefix pegasus.catalog.replica.output --conf /mnt/poseidon-data/poseidon/workflows/casa-wind-workflow-full/submit/poseidon/pegasus/casa-wind-full/run0146/pegasus.12069937263564317310.properties -v --meta /mnt/poseidon-data/poseidon/workflows/casa-wind-workflow-full/submit/poseidon/pegasus/casa-wind-full/run0146/00/02/post_vel_ID0000108.meta,/mnt/poseidon-data/poseidon/workflows/casa-wind-workflow-full/submit/poseidon/pegasus/casa-wind-full/run0146/00/01/post_vel_ID0000063.meta,/mnt/poseidon-data/poseidon/workflows/casa-wind-workflow-full/submit/poseidon/pegasus/casa-wind-full/run0146/00/01/post_vel_ID0000013.meta,/mnt/poseidon-data/poseidon/workflows/casa-wind-workflow-full/submit/poseidon/pegasus/casa-wind-full/run0146/00/02/mvt_ID0000054.meta,/mnt/poseidon-data/poseidon/workflows/casa-wind-workflow-full/submit/poseidon/pegasus/casa-wind-full/run0146/00/01/post_vel_ID0000033.meta,/mnt/poseidon-data/poseidon/workflows/casa-wind-workflow-full/submit/poseidon/pegasus/casa-wind-full/run0146/00/02/post_vel_ID0000113.meta,/mnt/poseidon-data/poseidon/workflows/casa-wind-workflow-full/submit/poseidon/pegasus/casa-wind-full/run0146/00/01/post_vel_ID0000003.meta,/mnt/poseidon-data/poseidon/workflows/casa-wind-workflow-full/submit/poseidon/pegasus/casa-wind-full/run0146/00/01/post_vel_ID0000118.meta --insert /mnt/poseidon-data/poseidon/workflows/casa-wind-workflow-full/submit/poseidon/pegasus/casa-wind-full/run0146/00/02/register_condorpool_2_4.in",2.6,0,0,,,,,,,,,
register_condorpool_2_2,None,auxiliary,0,1694349727.0,,,1694349813.0,,,0.0,1694349813.0,1694349818.0,,,0.0,1694349818.0,1694349823.0,86.0,,0.0,5.0,5.0,,,,,poseidon,local,poseidon-submit,pegasus::rc-client,/mnt/poseidon-data/poseidon/pegasus-5.1.0panorama/bin/pegasus-rc-client,"-n pegasus::rc-client -N null -R local  -L casa-wind-full -T 2023-09-08T07:29:05+00:00 /home/poseidon/pegasus-5.1.0panorama/bin/pegasus-rc-client --prefix pegasus.catalog.replica.output --conf /mnt/poseidon-data/poseidon/workflows/casa-wind-workflow-full/submit/poseidon/pegasus/casa-wind-full/run0146/pegasus.12069937263564317310.properties -v --meta /mnt/poseidon-data/poseidon/workflows/casa-wind-workflow-full/submit/poseidon/pegasus/casa-wind-full/run0146/00/02/post_vel_ID0000073.meta,/mnt/poseidon-data/poseidon/workflows/casa-wind-workflow-full/submit/poseidon/pegasus/casa-wind-full/run0146/00/02/mvt_ID0000039.meta,/mnt/poseidon-data/poseidon/workflows/casa-wind-workflow-full/submit/poseidon/pegasus/casa-wind-full/run0146/00/01/mvt_ID0000099.meta,/mnt/poseidon-data/poseidon/workflows/casa-wind-workflow-full/submit/poseidon/pegasus/casa-wind-full/run0146/00/01/post_vel_ID0000008.meta,/mnt/poseidon-data/poseidon/workflows/casa-wind-workflow-full/submit/poseidon/pegasus/casa-wind-full/run0146/00/02/mvt_ID0000049.meta,/mnt/poseidon-data/poseidon/workflows/casa-wind-workflow-full/submit/poseidon/pegasus/casa-wind-full/run0146/00/01/mvt_ID0000019.meta,/mnt/poseidon-data/poseidon/workflows/casa-wind-workflow-full/submit/poseidon/pegasus/casa-wind-full/run0146/00/02/mvt_ID0000104.meta,/mnt/poseidon-data/poseidon/workflows/casa-wind-workflow-full/submit/poseidon/pegasus/casa-wind-full/run0146/00/01/post_vel_ID0000083.meta,/mnt/poseidon-data/poseidon/workflows/casa-wind-workflow-full/submit/poseidon/pegasus/casa-wind-full/run0146/00/01/post_vel_ID0000088.meta --insert /mnt/poseidon-data/poseidon/workflows/casa-wind-workflow-full/submit/poseidon/pegasus/casa-wind-full/run0146/00/02/register_condorpool_2_2.in",2.6,0,0,,,,,,,,,
register_condorpool_2_3,None,auxiliary,0,1694349727.0,,,1694349753.0,,,0.0,1694349754.0,1694349758.0,,,0.0,1694349758.0,1694349763.0,26.0,,1.0,4.0,5.0,,,,,poseidon,local,poseidon-submit,pegasus::rc-client,/mnt/poseidon-data/poseidon/pegasus-5.1.0panorama/bin/pegasus-rc-client,"-n pegasus::rc-client -N null -R local  -L casa-wind-full -T 2023-09-08T07:29:05+00:00 /home/poseidon/pegasus-5.1.0panorama/bin/pegasus-rc-client --prefix pegasus.catalog.replica.output --conf /mnt/poseidon-data/poseidon/workflows/casa-wind-workflow-full/submit/poseidon/pegasus/casa-wind-full/run0146/pegasus.12069937263564317310.properties -v --meta /mnt/poseidon-data/poseidon/workflows/casa-wind-workflow-full/submit/poseidon/pegasus/casa-wind-full/run0146/00/01/mvt_ID0000084.meta,/mnt/poseidon-data/poseidon/workflows/casa-wind-workflow-full/submit/poseidon/pegasus/casa-wind-full/run0146/00/02/post_vel_ID0000103.meta,/mnt/poseidon-data/poseidon/workflows/casa-wind-workflow-full/submit/poseidon/pegasus/casa-wind-full/run0146/00/01/post_vel_ID0000098.meta,/mnt/poseidon-data/poseidon/workflows/casa-wind-workflow-full/submit/poseidon/pegasus/casa-wind-full/run0146/00/02/post_vel_ID0000048.meta,/mnt/poseidon-data/poseidon/workflows/casa-wind-workflow-full/submit/poseidon/pegasus/casa-wind-full/run0146/00/01/mvt_ID0000009.meta,/mnt/poseidon-data/poseidon/workflows/casa-wind-workflow-full/submit/poseidon/pegasus/casa-wind-full/run0146/00/01/post_vel_ID0000018.meta,/mnt/poseidon-data/poseidon/workflows/casa-wind-workflow-full/submit/poseidon/pegasus/casa-wind-full/run0146/00/01/mvt_ID0000089.meta,/mnt/poseidon-data/poseidon/workflows/casa-wind-workflow-full/submit/poseidon/pegasus/casa-wind-full/run0146/00/02/mvt_ID0000074.meta,/mnt/poseidon-data/poseidon/workflows/casa-wind-workflow-full/submit/poseidon/pegasus/casa-wind-full/run0146/00/02/post_vel_ID0000038.meta --insert /mnt/poseidon-data/poseidon/workflows/casa-wind-workflow-full/submit/poseidon/pegasus/casa-wind-full/run0146/00/02/register_condorpool_2_3.in",2.7,0,0,,,,,,,,,
register_condorpool_2_5,None,auxiliary,0,1694349732.0,,,1694349743.0,,,0.0,1694349743.0,1694349748.0,,,0.0,1694349748.0,1694349753.0,11.0,,0.0,5.0,5.0,,,,,poseidon,local,poseidon-submit,pegasus::rc-client,/mnt/poseidon-data/poseidon/pegasus-5.1.0panorama/bin/pegasus-rc-client,"-n pegasus::rc-client -N null -R local  -L casa-wind-full -T 2023-09-08T07:29:05+00:00 /home/poseidon/pegasus-5.1.0panorama/bin/pegasus-rc-client --prefix pegasus.catalog.replica.output --conf /mnt/poseidon-data/poseidon/workflows/casa-wind-workflow-full/submit/poseidon/pegasus/casa-wind-full/run0146/pegasus.12069937263564317310.properties -v --meta /mnt/poseidon-data/poseidon/workflows/casa-wind-workflow-full/submit/poseidon/pegasus/casa-wind-full/run0146/00/01/mvt_ID0000004.meta,/mnt/poseidon-data/poseidon/workflows/casa-wind-workflow-full/submit/poseidon/pegasus/casa-wind-full/run0146/00/01/mvt_ID0000119.meta,/mnt/poseidon-data/poseidon/workflows/casa-wind-workflow-full/submit/poseidon/pegasus/casa-wind-full/run0146/00/02/post_vel_ID0000053.meta,/mnt/poseidon-data/poseidon/workflows/casa-wind-workflow-full/submit/poseidon/pegasus/casa-wind-full/run0146/00/02/mvt_ID0000114.meta,/mnt/poseidon-data/poseidon/workflows/casa-wind-workflow-full/submit/poseidon/pegasus/casa-wind-full/run0146/00/01/mvt_ID0000034.meta,/mnt/poseidon-data/poseidon/workflows/casa-wind-workflow-full/submit/poseidon/pegasus/casa-wind-full/run0146/00/01/mvt_ID0000014.meta,/mnt/poseidon-data/poseidon/workflows/casa-wind-workflow-full/submit/poseidon/pegasus/casa-wind-full/run0146/00/02/mvt_ID0000109.meta,/mnt/poseidon-data/poseidon/workflows/casa-wind-workflow-full/submit/poseidon/pegasus/casa-wind-full/run0146/00/01/mvt_ID0000064.meta --insert /mnt/poseidon-data/poseidon/workflows/casa-wind-workflow-full/submit/poseidon/pegasus/casa-wind-full/run0146/00/02/register_condorpool_2_5.in",2.7,0,0,,,,,,,,,
stage_out_local_condorpool_3_0,None,transfer,0,1694349753.0,,,1694349758.0,,,0.0,1694349759.0,1694349768.0,,,0.0,1694349768.0,1694349773.0,5.0,,1.0,9.0,5.0,,,,,poseidon,local,poseidon-submit,pegasus::transfer,/mnt/poseidon-data/poseidon/pegasus-5.1.0panorama/bin/pegasus-transfer,/home/poseidon/pegasus-5.1.0panorama/bin/../bin/pegasus-kickstart  -n pegasus::transfer -N null -i - -R local  -L casa-wind-full -T 2023-09-08T07:29:05+00:00 /home/poseidon/pegasus-5.1.0panorama/bin/../bin/pegasus-transfer  --threads 2,0.9,0,0,,,,,,,,,
stage_out_local_condorpool_3_1,None,transfer,0,1694349753.0,,,1694349758.0,,,0.0,1694349759.0,1694349768.0,,,0.0,1694349768.0,1694349773.0,5.0,,1.0,9.0,5.0,,,,,poseidon,local,poseidon-submit,pegasus::transfer,/mnt/poseidon-data/poseidon/pegasus-5.1.0panorama/bin/pegasus-transfer,/home/poseidon/pegasus-5.1.0panorama/bin/../bin/pegasus-kickstart  -n pegasus::transfer -N null -i - -R local  -L casa-wind-full -T 2023-09-08T07:29:05+00:00 /home/poseidon/pegasus-5.1.0panorama/bin/../bin/pegasus-transfer  --threads 2,0.9,0,0,,,,,,,,,
stage_out_local_condorpool_3_2,None,transfer,0,1694349758.0,,,1694349763.0,,,0.0,1694349764.0,1694349773.0,,,0.0,1694349773.0,1694349778.0,5.0,,1.0,9.0,5.0,,,,,poseidon,local,poseidon-submit,pegasus::transfer,/mnt/poseidon-data/poseidon/pegasus-5.1.0panorama/bin/pegasus-transfer,/home/poseidon/pegasus-5.1.0panorama/bin/../bin/pegasus-kickstart  -n pegasus::transfer -N null -i - -R local  -L casa-wind-full -T 2023-09-08T07:29:05+00:00 /home/poseidon/pegasus-5.1.0panorama/bin/../bin/pegasus-transfer  --threads 2,0.8,0,0,,,,,,,,,
register_condorpool_3_0,None,auxiliary,0,1694349773.0,,,1694349793.0,,,0.0,1694349793.0,1694349798.0,,,0.0,1694349798.0,1694349803.0,20.0,,0.0,5.0,5.0,,,,,poseidon,local,poseidon-submit,pegasus::rc-client,/mnt/poseidon-data/poseidon/pegasus-5.1.0panorama/bin/pegasus-rc-client,"-n pegasus::rc-client -N null -R local  -L casa-wind-full -T 2023-09-08T07:29:05+00:00 /home/poseidon/pegasus-5.1.0panorama/bin/pegasus-rc-client --prefix pegasus.catalog.replica.output --conf /mnt/poseidon-data/poseidon/workflows/casa-wind-workflow-full/submit/poseidon/pegasus/casa-wind-full/run0146/pegasus.12069937263564317310.properties -v --meta /mnt/poseidon-data/poseidon/workflows/casa-wind-workflow-full/submit/poseidon/pegasus/casa-wind-full/run0146/00/02/point_alert_ID0000125.meta,/mnt/poseidon-data/poseidon/workflows/casa-wind-workflow-full/submit/poseidon/pegasus/casa-wind-full/run0146/00/02/point_alert_ID0000095.meta,/mnt/poseidon-data/poseidon/workflows/casa-wind-workflow-full/submit/poseidon/pegasus/casa-wind-full/run0146/00/03/point_alert_ID0000060.meta,/mnt/poseidon-data/poseidon/workflows/casa-wind-workflow-full/submit/poseidon/pegasus/casa-wind-full/run0146/00/02/point_alert_ID0000030.meta,/mnt/poseidon-data/poseidon/workflows/casa-wind-workflow-full/submit/poseidon/pegasus/casa-wind-full/run0146/00/02/point_alert_ID0000025.meta,/mnt/poseidon-data/poseidon/workflows/casa-wind-workflow-full/submit/poseidon/pegasus/casa-wind-full/run0146/00/03/point_alert_ID0000045.meta,/mnt/poseidon-data/poseidon/workflows/casa-wind-workflow-full/submit/poseidon/pegasus/casa-wind-full/run0146/00/02/point_alert_ID0000130.meta,/mnt/poseidon-data/poseidon/workflows/casa-wind-workflow-full/submit/poseidon/pegasus/casa-wind-full/run0146/00/02/point_alert_ID0000070.meta,/mnt/poseidon-data/poseidon/workflows/casa-wind-workflow-full/submit/poseidon/pegasus/casa-wind-full/run0146/00/02/point_alert_ID0000080.meta --insert /mnt/poseidon-data/poseidon/workflows/casa-wind-workflow-full/submit/poseidon/pegasus/casa-wind-full/run0146/00/03/register_condorpool_3_0.in",2.6,0,0,,,,,,,,,
register_condorpool_3_1,None,auxiliary,0,1694349773.0,,,1694349783.0,,,0.0,1694349784.0,1694349788.0,,,0.0,1694349788.0,1694349793.0,10.0,,1.0,4.0,5.0,,,,,poseidon,local,poseidon-submit,pegasus::rc-client,/mnt/poseidon-data/poseidon/pegasus-5.1.0panorama/bin/pegasus-rc-client,"-n pegasus::rc-client -N null -R local  -L casa-wind-full -T 2023-09-08T07:29:05+00:00 /home/poseidon/pegasus-5.1.0panorama/bin/pegasus-rc-client --prefix pegasus.catalog.replica.output --conf /mnt/poseidon-data/poseidon/workflows/casa-wind-workflow-full/submit/poseidon/pegasus/casa-wind-full/run0146/pegasus.12069937263564317310.properties -v --meta /mnt/poseidon-data/poseidon/workflows/casa-wind-workflow-full/submit/poseidon/pegasus/casa-wind-full/run0146/00/02/point_alert_ID0000010.meta,/mnt/poseidon-data/poseidon/workflows/casa-wind-workflow-full/submit/poseidon/pegasus/casa-wind-full/run0146/00/02/point_alert_ID0000090.meta,/mnt/poseidon-data/poseidon/workflows/casa-wind-workflow-full/submit/poseidon/pegasus/casa-wind-full/run0146/00/02/point_alert_ID0000085.meta,/mnt/poseidon-data/poseidon/workflows/casa-wind-workflow-full/submit/poseidon/pegasus/casa-wind-full/run0146/00/02/point_alert_ID0000075.meta,/mnt/poseidon-data/poseidon/workflows/casa-wind-workflow-full/submit/poseidon/pegasus/casa-wind-full/run0146/00/02/point_alert_ID0000100.meta,/mnt/poseidon-data/poseidon/workflows/casa-wind-workflow-full/submit/poseidon/pegasus/casa-wind-full/run0146/00/03/point_alert_ID0000040.meta,/mnt/poseidon-data/poseidon/workflows/casa-wind-workflow-full/submit/poseidon/pegasus/casa-wind-full/run0146/00/02/point_alert_ID0000020.meta,/mnt/poseidon-data/poseidon/workflows/casa-wind-workflow-full/submit/poseidon/pegasus/casa-wind-full/run0146/00/03/point_alert_ID0000050.meta,/mnt/poseidon-data/poseidon/workflows/casa-wind-workflow-full/submit/poseidon/pegasus/casa-wind-full/run0146/00/03/point_alert_ID0000105.meta --insert /mnt/poseidon-data/poseidon/workflows/casa-wind-workflow-full/submit/poseidon/pegasus/casa-wind-full/run0146/00/03/register_condorpool_3_1.in",2.6,0,0,,,,,,,,,
cleanup_casa-wind-full_0_condorpool,None,auxiliary,0,1694349778.0,,,1694349783.0,,,0.0,1694349784.0,1694349788.0,,,0.0,1694349788.0,1694349793.0,5.0,,1.0,4.0,5.0,,,,,poseidon,local,poseidon-submit,pegasus::cleanup,/mnt/poseidon-data/poseidon/pegasus-5.1.0panorama/bin/pegasus-transfer,pegasus-kickstart  -n pegasus::cleanup -N null -i - -R local  -L casa-wind-full -T 2023-09-08T07:29:05+00:00 pegasus-transfer,0.2,0,0,,,,,,,,,
register_condorpool_3_2,None,auxiliary,0,1694349778.0,,,1694349803.0,,,0.0,1694349803.0,1694349808.0,,,0.0,1694349808.0,1694349813.0,25.0,,0.0,5.0,5.0,,,,,poseidon,local,poseidon-submit,pegasus::rc-client,/mnt/poseidon-data/poseidon/pegasus-5.1.0panorama/bin/pegasus-rc-client,"-n pegasus::rc-client -N null -R local  -L casa-wind-full -T 2023-09-08T07:29:05+00:00 /home/poseidon/pegasus-5.1.0panorama/bin/pegasus-rc-client --prefix pegasus.catalog.replica.output --conf /mnt/poseidon-data/poseidon/workflows/casa-wind-workflow-full/submit/poseidon/pegasus/casa-wind-full/run0146/pegasus.12069937263564317310.properties -v --meta /mnt/poseidon-data/poseidon/workflows/casa-wind-workflow-full/submit/poseidon/pegasus/casa-wind-full/run0146/00/03/point_alert_ID0000110.meta,/mnt/poseidon-data/poseidon/workflows/casa-wind-workflow-full/submit/poseidon/pegasus/casa-wind-full/run0146/00/03/point_alert_ID0000055.meta,/mnt/poseidon-data/poseidon/workflows/casa-wind-workflow-full/submit/poseidon/pegasus/casa-wind-full/run0146/00/02/point_alert_ID0000115.meta,/mnt/poseidon-data/poseidon/workflows/casa-wind-workflow-full/submit/poseidon/pegasus/casa-wind-full/run0146/00/02/point_alert_ID0000120.meta,/mnt/poseidon-data/poseidon/workflows/casa-wind-workflow-full/submit/poseidon/pegasus/casa-wind-full/run0146/00/02/point_alert_ID0000035.meta,/mnt/poseidon-data/poseidon/workflows/casa-wind-workflow-full/submit/poseidon/pegasus/casa-wind-full/run0146/00/02/point_alert_ID0000015.meta,/mnt/poseidon-data/poseidon/workflows/casa-wind-workflow-full/submit/poseidon/pegasus/casa-wind-full/run0146/00/02/point_alert_ID0000065.meta,/mnt/poseidon-data/poseidon/workflows/casa-wind-workflow-full/submit/poseidon/pegasus/casa-wind-full/run0146/00/02/point_alert_ID0000005.meta --insert /mnt/poseidon-data/poseidon/workflows/casa-wind-workflow-full/submit/poseidon/pegasus/casa-wind-full/run0146/00/03/register_condorpool_3_2.in",2.7,0,0,,,,,,,,,
