,anomaly_type,type,is_clustered,ready,pre_script_start,pre_script_end,submit,stage_in_start,stage_in_end,stage_in_effective_bytes_per_sec,execute_start,execute_end,stage_out_start,stage_out_end,stage_out_effective_bytes_per_sec,post_script_start,post_script_end,wms_delay,pre_script_delay,queue_delay,runtime,post_script_delay,stage_in_delay,stage_in_bytes,stage_out_delay,stage_out_bytes,kickstart_user,kickstart_site,kickstart_hostname,kickstart_transformations,kickstart_executables,kickstart_executables_argv,kickstart_executables_cpu_time,kickstart_status,kickstart_executables_exitcode,kickstart_online_iowait,kickstart_online_bytes_read,kickstart_online_bytes_written,kickstart_online_read_system_calls,kickstart_online_write_system_calls,kickstart_online_utime,kickstart_online_stime,kickstart_online_bytes_read_per_second,kickstart_online_bytes_written_per_second
create_dir_casa-wind-full_0_condorpool,None,auxiliary,0,1694315574.0,,,1694315575.0,,,0.0,1694315578.0,1694315585.0,,,0.0,1694315585.0,1694315590.0,1.0,,3.0,7.0,5.0,,,,,poseidon,local,poseidon-submit,pegasus::dirmanager,/mnt/poseidon-data/poseidon/pegasus-5.1.0panorama/bin/pegasus-transfer,pegasus-kickstart  -n pegasus::dirmanager -N null -i - -R local  -L casa-wind-full -T 2023-09-08T07:29:05+00:00 pegasus-transfer,0.2,0,0,,,,,,,,,
unzip_ID0000006,None,compute,0,1694315590.0,,,1694315595.0,1694315605.0,1694315614.0,25592081.0,1694315603.0,1694315645.0,1694315628.0,1694315637.0,54294741.0,1694315645.0,1694315650.0,5.0,,8.0,42.0,5.0,9.0,222753803.0,9.0,501616588.0,poseidon,condorpool,poseidon-worker-1-container-32-35,unzip,/usr/bin/gunzip,,3.9,0,0,,,,,,,,,
unzip_ID0000046,None,compute,0,1694315590.0,,,1694315595.0,1694315601.0,1694315609.0,26741015.0,1694315599.0,1694315645.0,1694315622.0,1694315637.0,36151506.0,1694315645.0,1694315650.0,5.0,,4.0,46.0,5.0,8.0,229692821.0,15.0,523855228.0,poseidon,condorpool,poseidon-worker-2-container-8-11,unzip,/usr/bin/gunzip,,4.0,0,0,,,,,,,,,
unzip_ID0000101,None,compute,0,1694315590.0,,,1694315595.0,1694315601.0,1694315610.0,27643482.0,1694315599.0,1694315650.0,1694315624.0,1694315641.0,32239233.0,1694315650.0,1694315656.0,5.0,,4.0,51.0,6.0,9.0,250988249.0,17.0,561551644.0,poseidon,condorpool,poseidon-worker-1-container-4-7,unzip,/usr/bin/gunzip,,4.4,0,0,,,,,,,,,
unzip_ID0000026,None,compute,0,1694315590.0,,,1694315595.0,1694315602.0,1694315610.0,29731397.0,1694315601.0,1694315645.0,1694315622.0,1694315635.0,41057117.0,1694315645.0,1694315650.0,5.0,,6.0,44.0,5.0,8.0,227963832.0,13.0,523917888.0,poseidon,condorpool,poseidon-worker-2-container-12-15,unzip,/usr/bin/gunzip,,4.0,0,0,,,,,,,,,
unzip_ID0000126,None,compute,0,1694315590.0,,,1694315595.0,1694315601.0,1694315610.0,29125785.0,1694315599.0,1694315640.0,1694315622.0,1694315633.0,47954569.0,1694315640.0,1694315645.0,5.0,,4.0,41.0,5.0,9.0,249343892.0,11.0,520618424.0,poseidon,condorpool,poseidon-worker-2-container-24-27,unzip,/usr/bin/gunzip,,4.2,0,0,,,,,,,,,
unzip_ID0000031,None,compute,0,1694315590.0,,,1694315595.0,1694315601.0,1694315611.0,24773163.0,1694315600.0,1694315645.0,1694315624.0,1694315636.0,47610412.0,1694315645.0,1694315650.0,5.0,,5.0,45.0,5.0,10.0,237517035.0,12.0,539438752.0,poseidon,condorpool,poseidon-worker-2-container-0-3,unzip,/usr/bin/gunzip,,4.2,0,0,,,,,,,,,
unzip_ID0000076,None,compute,0,1694315590.0,,,1694315595.0,1694315602.0,1694315610.0,29247852.0,1694315600.0,1694315645.0,1694315622.0,1694315637.0,37038506.0,1694315645.0,1694315650.0,5.0,,5.0,45.0,5.0,8.0,233747923.0,15.0,523942844.0,poseidon,condorpool,poseidon-worker-2-container-20-23,unzip,/usr/bin/gunzip,,4.1,0,0,,,,,,,,,
unzip_ID0000011,None,compute,0,1694315590.0,,,1694315595.0,1694315600.0,1694315610.0,23855850.0,1694315599.0,1694315645.0,1694315624.0,1694315636.0,45723403.0,1694315645.0,1694315650.0,5.0,,4.0,46.0,5.0,10.0,235998389.0,12.0,565205920.0,poseidon,condorpool,poseidon-worker-2-container-4-7,unzip,/usr/bin/gunzip,,4.2,0,0,,,,,,,,,
unzip_ID0000056,None,compute,0,1694315590.0,,,1694315595.0,1694315601.0,1694315611.0,24479206.0,1694315599.0,1694315645.0,1694315624.0,1694315636.0,42523435.0,1694315645.0,1694315650.0,5.0,,4.0,46.0,5.0,10.0,232139969.0,12.0,528026776.0,poseidon,condorpool,poseidon-worker-1-container-8-11,unzip,/usr/bin/gunzip,,4.1,0,0,,,,,,,,,
unzip_ID0000111,None,compute,0,1694315590.0,,,1694315595.0,1694315601.0,1694315610.0,28498749.0,1694315599.0,1694315645.0,1694315623.0,1694315635.0,48827951.0,1694315645.0,1694315650.0,5.0,,4.0,46.0,5.0,9.0,256320311.0,12.0,567950764.0,poseidon,condorpool,poseidon-worker-2-container-36-39,unzip,/usr/bin/gunzip,,4.4,0,0,,,,,,,,,
unzip_ID0000071,None,compute,0,1694315590.0,,,1694315595.0,1694315601.0,1694315610.0,25490964.0,1694315599.0,1694315645.0,1694315622.0,1694315637.0,38087360.0,1694315645.0,1694315650.0,5.0,,4.0,46.0,5.0,9.0,240896692.0,15.0,539506600.0,poseidon,condorpool,poseidon-worker-2-container-40-43,unzip,/usr/bin/gunzip,,4.2,0,0,,,,,,,,,
unzip_ID0000051,None,compute,0,1694315590.0,,,1694315595.0,1694315601.0,1694315608.0,30518018.0,1694315599.0,1694315640.0,1694315621.0,1694315631.0,54209287.0,1694315640.0,1694315645.0,5.0,,4.0,41.0,5.0,7.0,239630266.0,10.0,544301296.0,poseidon,condorpool,poseidon-worker-2-container-28-31,unzip,/usr/bin/gunzip,,4.1,0,0,,,,,,,,,
unzip_ID0000106,None,compute,0,1694315590.0,,,1694315595.0,1694315605.0,1694315613.0,29789867.0,1694315603.0,1694315645.0,1694315626.0,1694315638.0,45115400.0,1694315645.0,1694315650.0,5.0,,8.0,42.0,5.0,8.0,241199298.0,12.0,501821816.0,poseidon,condorpool,poseidon-worker-1-container-44-47,unzip,/usr/bin/gunzip,,4.1,0,0,,,,,,,,,
unzip_ID0000091,None,compute,0,1694315590.0,,,1694315595.0,1694315600.0,1694315610.0,24724689.0,1694315599.0,1694315645.0,1694315624.0,1694315635.0,46458270.0,1694315645.0,1694315650.0,5.0,,4.0,46.0,5.0,10.0,246447087.0,11.0,539109992.0,poseidon,condorpool,poseidon-worker-1-container-12-15,unzip,/usr/bin/gunzip,,4.2,0,0,,,,,,,,,
unzip_ID0000081,None,compute,0,1694315590.0,,,1694315595.0,1694315601.0,1694315610.0,28061357.0,1694315599.0,1694315645.0,1694315623.0,1694315635.0,44021710.0,1694315645.0,1694315650.0,5.0,,4.0,46.0,5.0,9.0,245619741.0,12.0,543190672.0,poseidon,condorpool,poseidon-worker-1-container-44-47,unzip,/usr/bin/gunzip,,4.2,0,0,,,,,,,,,
unzip_ID0000041,None,compute,0,1694315590.0,,,1694315595.0,1694315601.0,1694315609.0,27075939.0,1694315599.0,1694315645.0,1694315622.0,1694315637.0,36583634.0,1694315645.0,1694315650.0,5.0,,4.0,46.0,5.0,8.0,238944758.0,15.0,540768928.0,poseidon,condorpool,poseidon-worker-2-container-44-47,unzip,/usr/bin/gunzip,,4.2,0,0,,,,,,,,,
unzip_ID0000096,None,compute,0,1694315590.0,,,1694315595.0,1694315600.0,1694315608.0,30483220.0,1694315599.0,1694315640.0,1694315621.0,1694315632.0,48590297.0,1694315640.0,1694315645.0,5.0,,4.0,41.0,5.0,8.0,240753402.0,11.0,524013876.0,poseidon,condorpool,poseidon-worker-2-container-16-19,unzip,/usr/bin/gunzip,,4.1,0,0,,,,,,,,,
unzip_ID0000001,None,compute,0,1694315590.0,,,1694315595.0,1694315601.0,1694315609.0,27231270.0,1694315599.0,1694315645.0,1694315623.0,1694315638.0,38121872.0,1694315645.0,1694315650.0,5.0,,4.0,46.0,5.0,8.0,232473216.0,15.0,561354992.0,poseidon,condorpool,poseidon-worker-1-container-36-39,unzip,/usr/bin/gunzip,,4.1,0,0,,,,,,,,,
unzip_ID0000121,None,compute,0,1694315590.0,,,1694315595.0,1694315601.0,1694315611.0,25781181.0,1694315599.0,1694315650.0,1694315624.0,1694315643.0,28733023.0,1694315650.0,1694315656.0,5.0,,4.0,51.0,6.0,10.0,250860096.0,19.0,550782944.0,poseidon,condorpool,poseidon-worker-1-container-24-27,unzip,/usr/bin/gunzip,,4.3,0,0,,,,,,,,,
unzip_ID0000061,None,compute,0,1694315590.0,,,1694315595.0,1694315601.0,1694315611.0,23680083.0,1694315599.0,1694315650.0,1694315624.0,1694315640.0,32966104.0,1694315650.0,1694315656.0,5.0,,4.0,51.0,6.0,10.0,240463185.0,16.0,541945820.0,poseidon,condorpool,poseidon-worker-1-container-28-31,unzip,/usr/bin/gunzip,,4.2,0,0,,,,,,,,,
unzip_ID0000021,None,compute,0,1694315590.0,,,1694315595.0,1694315601.0,1694315611.0,23682130.0,1694315599.0,1694315650.0,1694315624.0,1694315641.0,30775995.0,1694315650.0,1694315656.0,5.0,,4.0,51.0,6.0,10.0,235136662.0,17.0,539178100.0,poseidon,condorpool,poseidon-worker-1-container-0-3,unzip,/usr/bin/gunzip,,4.1,0,0,,,,,,,,,
unzip_ID0000086,None,compute,0,1694315590.0,,,1694315595.0,1694315601.0,1694315609.0,27574676.0,1694315599.0,1694315640.0,1694315622.0,1694315631.0,53347753.0,1694315640.0,1694315645.0,5.0,,4.0,41.0,5.0,8.0,234836668.0,9.0,518838800.0,poseidon,condorpool,poseidon-worker-1-container-32-35,unzip,/usr/bin/gunzip,,4.1,0,0,,,,,,,,,
unzip_ID0000016,None,compute,0,1694315590.0,,,1694315595.0,1694315601.0,1694315609.0,26126537.0,1694315599.0,1694315640.0,1694315622.0,1694315632.0,53546582.0,1694315640.0,1694315645.0,5.0,,4.0,41.0,5.0,8.0,225238888.0,10.0,523826084.0,poseidon,condorpool,poseidon-worker-1-container-20-23,unzip,/usr/bin/gunzip,,4.0,0,0,,,,,,,,,
unzip_ID0000036,None,compute,0,1694315590.0,,,1694315595.0,1694315601.0,1694315610.0,25452115.0,1694315599.0,1694315640.0,1694315622.0,1694315635.0,42739358.0,1694315640.0,1694315645.0,5.0,,4.0,41.0,5.0,9.0,232020704.0,13.0,526952240.0,poseidon,condorpool,poseidon-worker-2-container-32-35,unzip,/usr/bin/gunzip,,4.1,0,0,,,,,,,,,
unzip_ID0000116,None,compute,0,1694315590.0,,,1694315595.0,1694315601.0,1694315609.0,31223366.0,1694315600.0,1694315640.0,1694315622.0,1694315632.0,53264922.0,1694315640.0,1694315645.0,5.0,,5.0,40.0,5.0,8.0,249255741.0,10.0,520850676.0,poseidon,condorpool,poseidon-worker-1-container-16-19,unzip,/usr/bin/gunzip,,4.1,0,0,,,,,,,,,
unzip_ID0000066,None,compute,0,1694315590.0,,,1694315595.0,1694315601.0,1694315610.0,26967182.0,1694315599.0,1694315640.0,1694315624.0,1694315635.0,48945782.0,1694315640.0,1694315645.0,5.0,,4.0,41.0,5.0,9.0,232031705.0,11.0,523661496.0,poseidon,condorpool,poseidon-worker-1-container-40-43,unzip,/usr/bin/gunzip,,4.1,0,0,,,,,,,,,
um_vel_ID0000127,None,compute,0,1694315645.0,,,1694315650.0,1694315653.0,1694315673.0,47653590.8,1694315651.0,1694315696.0,1694315683.0,1694315686.0,178867.0,1694315696.0,1694315701.0,5.0,,1.0,45.0,5.0,20.0,697205176.0,3.0,556900.0,poseidon,condorpool,poseidon-worker-1-container-8-11,um_vel,/opt/UM_VEL/UM_VEL,,1.7,0,0,,,,,,,,,
um_vel_ID0000052,None,compute,0,1694315645.0,,,1694315650.0,1694315653.0,1694315676.0,42581738.5,1694315651.0,1694315696.0,1694315685.0,1694315688.0,177960.0,1694315696.0,1694315701.0,5.0,,1.0,45.0,5.0,23.0,720888048.0,3.0,556900.0,poseidon,condorpool,poseidon-worker-1-container-44-47,um_vel,/opt/UM_VEL/UM_VEL,,1.8,0,0,,,,,,,,,
um_vel_ID0000097,None,compute,0,1694315645.0,,,1694315650.0,1694315653.0,1694315672.0,53303609.5,1694315651.0,1694315691.0,1694315681.0,1694315684.0,173666.0,1694315691.0,1694315696.0,5.0,,1.0,40.0,5.0,19.0,700600628.0,3.0,556900.0,poseidon,condorpool,poseidon-worker-2-container-40-43,um_vel,/opt/UM_VEL/UM_VEL,,1.8,0,0,,,,,,,,,
um_vel_ID0000117,None,compute,0,1694315645.0,,,1694315650.0,1694315653.0,1694315674.0,46862717.6,1694315651.0,1694315696.0,1694315683.0,1694315686.0,178257.0,1694315696.0,1694315701.0,5.0,,1.0,45.0,5.0,21.0,697437428.0,3.0,556900.0,poseidon,condorpool,poseidon-worker-1-container-32-35,um_vel,/opt/UM_VEL/UM_VEL,,1.7,0,0,,,,,,,,,
um_vel_ID0000037,None,compute,0,1694315645.0,,,1694315650.0,1694315653.0,1694315673.0,49520737.8,1694315651.0,1694315691.0,1694315682.0,1694315685.0,176935.0,1694315691.0,1694315696.0,5.0,,1.0,40.0,5.0,20.0,703538992.0,3.0,556900.0,poseidon,condorpool,poseidon-worker-1-container-12-15,um_vel,/opt/UM_VEL/UM_VEL,,1.7,0,0,,,,,,,,,
um_vel_ID0000017,None,compute,0,1694315645.0,,,1694315650.0,1694315653.0,1694315673.0,50634589.0,1694315651.0,1694315691.0,1694315682.0,1694315685.0,175459.0,1694315691.0,1694315696.0,5.0,,1.0,40.0,5.0,20.0,700412836.0,3.0,556900.0,poseidon,condorpool,poseidon-worker-2-container-32-35,um_vel,/opt/UM_VEL/UM_VEL,,1.7,0,0,,,,,,,,,
um_vel_ID0000087,None,compute,0,1694315645.0,,,1694315650.0,1694315653.0,1694315673.0,50178187.8,1694315651.0,1694315691.0,1694315682.0,1694315685.0,175179.0,1694315691.0,1694315696.0,5.0,,1.0,40.0,5.0,20.0,695425552.0,3.0,556900.0,poseidon,condorpool,poseidon-worker-2-container-16-19,um_vel,/opt/UM_VEL/UM_VEL,,1.7,0,0,,,,,,,,,
um_vel_ID0000067,None,compute,0,1694315645.0,,,1694315650.0,1694315653.0,1694315673.0,48425267.7,1694315651.0,1694315696.0,1694315683.0,1694315686.0,176474.0,1694315696.0,1694315701.0,5.0,,1.0,45.0,5.0,20.0,700248248.0,3.0,556900.0,poseidon,condorpool,poseidon-worker-1-container-24-27,um_vel,/opt/UM_VEL/UM_VEL,,1.7,0,0,,,,,,,,,
um_vel_ID0000057,None,compute,0,1694315650.0,,,1694315656.0,1694315659.0,1694315680.0,46139355.9,1694315657.0,1694315701.0,1694315689.0,1694315692.0,174260.0,1694315701.0,1694315706.0,6.0,,1.0,44.0,5.0,21.0,704613528.0,3.0,556900.0,poseidon,condorpool,poseidon-worker-1-container-20-23,um_vel,/opt/UM_VEL/UM_VEL,,1.8,0,0,,,,,,,,,
um_vel_ID0000027,None,compute,0,1694315650.0,,,1694315656.0,1694315660.0,1694315680.0,48991412.4,1694315658.0,1694315701.0,1694315689.0,1694315692.0,170978.0,1694315701.0,1694315706.0,6.0,,2.0,43.0,5.0,20.0,700504640.0,3.0,556900.0,poseidon,condorpool,poseidon-worker-1-container-36-39,um_vel,/opt/UM_VEL/UM_VEL,,1.7,0,0,,,,,,,,,
um_vel_ID0000047,None,compute,0,1694315650.0,,,1694315656.0,1694315659.0,1694315679.0,51049813.2,1694315658.0,1694315701.0,1694315688.0,1694315691.0,178713.0,1694315701.0,1694315706.0,6.0,,2.0,43.0,5.0,20.0,700441980.0,3.0,556900.0,poseidon,condorpool,poseidon-worker-1-container-32-35,um_vel,/opt/UM_VEL/UM_VEL,,1.7,0,0,,,,,,,,,
um_vel_ID0000032,None,compute,0,1694315650.0,,,1694315656.0,1694315659.0,1694315680.0,48636716.2,1694315658.0,1694315701.0,1694315689.0,1694315692.0,172042.0,1694315701.0,1694315706.0,6.0,,2.0,43.0,5.0,21.0,716025504.0,3.0,556900.0,poseidon,condorpool,poseidon-worker-2-container-12-15,um_vel,/opt/UM_VEL/UM_VEL,,1.7,0,0,,,,,,,,,
um_vel_ID0000077,None,compute,0,1694315650.0,,,1694315656.0,1694315659.0,1694315680.0,44881441.7,1694315657.0,1694315701.0,1694315689.0,1694315692.0,174225.0,1694315701.0,1694315706.0,6.0,,1.0,44.0,5.0,21.0,700529596.0,3.0,556900.0,poseidon,condorpool,poseidon-worker-2-container-36-39,um_vel,/opt/UM_VEL/UM_VEL,,1.6,0,0,,,,,,,,,
um_vel_ID0000012,None,compute,0,1694315650.0,,,1694315656.0,1694315659.0,1694315681.0,46305540.6,1694315657.0,1694315701.0,1694315689.0,1694315693.0,175849.0,1694315701.0,1694315706.0,6.0,,1.0,44.0,5.0,22.0,741792672.0,4.0,556900.0,poseidon,condorpool,poseidon-worker-2-container-4-7,um_vel,/opt/UM_VEL/UM_VEL,,1.7,0,0,,,,,,,,,
um_vel_ID0000112,None,compute,0,1694315650.0,,,1694315656.0,1694315659.0,1694315679.0,52895232.9,1694315657.0,1694315701.0,1694315688.0,1694315691.0,175933.0,1694315701.0,1694315706.0,6.0,,1.0,44.0,5.0,20.0,744537516.0,3.0,556900.0,poseidon,condorpool,poseidon-worker-2-container-28-31,um_vel,/opt/UM_VEL/UM_VEL,,1.8,0,0,,,,,,,,,
um_vel_ID0000107,None,compute,0,1694315650.0,,,1694315656.0,1694315659.0,1694315679.0,47645850.7,1694315657.0,1694315701.0,1694315688.0,1694315691.0,175480.0,1694315701.0,1694315706.0,6.0,,1.0,44.0,5.0,20.0,678408568.0,3.0,556900.0,poseidon,condorpool,poseidon-worker-2-container-20-23,um_vel,/opt/UM_VEL/UM_VEL,,1.7,0,0,,,,,,,,,
um_vel_ID0000082,None,compute,0,1694315650.0,,,1694315656.0,1694315659.0,1694315681.0,44769030.6,1694315657.0,1694315701.0,1694315689.0,1694315692.0,178012.0,1694315701.0,1694315706.0,6.0,,1.0,44.0,5.0,22.0,719777424.0,3.0,556900.0,poseidon,condorpool,poseidon-worker-1-container-40-43,um_vel,/opt/UM_VEL/UM_VEL,,1.7,0,0,,,,,,,,,
um_vel_ID0000042,None,compute,0,1694315650.0,,,1694315656.0,1694315659.0,1694315679.0,48779203.0,1694315657.0,1694315701.0,1694315688.0,1694315691.0,178523.0,1694315701.0,1694315706.0,6.0,,1.0,44.0,5.0,20.0,717355680.0,3.0,556900.0,poseidon,condorpool,poseidon-worker-1-container-4-7,um_vel,/opt/UM_VEL/UM_VEL,,1.7,0,0,,,,,,,,,
um_vel_ID0000092,None,compute,0,1694315650.0,,,1694315656.0,1694315659.0,1694315679.0,47427980.7,1694315657.0,1694315701.0,1694315688.0,1694315692.0,174742.0,1694315701.0,1694315706.0,6.0,,1.0,44.0,5.0,20.0,715696744.0,4.0,556900.0,poseidon,condorpool,poseidon-worker-2-container-8-11,um_vel,/opt/UM_VEL/UM_VEL,,1.7,0,0,,,,,,,,,
um_vel_ID0000007,None,compute,0,1694315650.0,,,1694315656.0,1694315659.0,1694315677.0,57287078.0,1694315657.0,1694315696.0,1694315686.0,1694315689.0,178111.0,1694315696.0,1694315701.0,6.0,,1.0,39.0,5.0,18.0,678203340.0,3.0,556900.0,poseidon,condorpool,poseidon-worker-1-container-16-19,um_vel,/opt/UM_VEL/UM_VEL,,1.6,0,0,,,,,,,,,
um_vel_ID0000002,None,compute,0,1694315650.0,,,1694315656.0,1694315659.0,1694315680.0,48288335.8,1694315657.0,1694315701.0,1694315689.0,1694315692.0,173592.0,1694315701.0,1694315706.0,6.0,,1.0,44.0,5.0,21.0,737941744.0,3.0,556900.0,poseidon,condorpool,poseidon-worker-1-container-44-47,um_vel,/opt/UM_VEL/UM_VEL,,1.7,0,0,,,,,,,,,
um_vel_ID0000072,None,compute,0,1694315650.0,,,1694315656.0,1694315659.0,1694315680.0,46076998.4,1694315657.0,1694315701.0,1694315689.0,1694315692.0,173769.0,1694315701.0,1694315706.0,6.0,,1.0,44.0,5.0,21.0,716093352.0,3.0,556900.0,poseidon,condorpool,poseidon-worker-1-container-0-3,um_vel,/opt/UM_VEL/UM_VEL,,1.7,0,0,,,,,,,,,
stage_out_local_condorpool_0_1,None,transfer,0,1694315656.0,,,1694315661.0,,,0.0,1694315661.0,1694315696.0,,,0.0,1694315696.0,1694315701.0,5.0,,0.0,35.0,5.0,,,,,poseidon,local,poseidon-submit,pegasus::transfer,/mnt/poseidon-data/poseidon/pegasus-5.1.0panorama/bin/pegasus-transfer,/home/poseidon/pegasus-5.1.0panorama/bin/../bin/pegasus-kickstart  -n pegasus::transfer -N null -i - -R local  -L casa-wind-full -T 2023-09-08T07:29:05+00:00 /home/poseidon/pegasus-5.1.0panorama/bin/../bin/pegasus-transfer  --threads 2,34.7,0,0,,,,,,,,,
stage_out_local_condorpool_0_0,None,transfer,0,1694315656.0,,,1694315661.0,,,0.0,1694315661.0,1694315696.0,,,0.0,1694315696.0,1694315701.0,5.0,,0.0,35.0,5.0,,,,,poseidon,local,poseidon-submit,pegasus::transfer,/mnt/poseidon-data/poseidon/pegasus-5.1.0panorama/bin/pegasus-transfer,/home/poseidon/pegasus-5.1.0panorama/bin/../bin/pegasus-kickstart  -n pegasus::transfer -N null -i - -R local  -L casa-wind-full -T 2023-09-08T07:29:05+00:00 /home/poseidon/pegasus-5.1.0panorama/bin/../bin/pegasus-transfer  --threads 2,35.4,0,0,,,,,,,,,
stage_out_local_condorpool_0_2,None,transfer,0,1694315656.0,,,1694315661.0,,,0.0,1694315661.0,1694315696.0,,,0.0,1694315696.0,1694315701.0,5.0,,0.0,35.0,5.0,,,,,poseidon,local,poseidon-submit,pegasus::transfer,/mnt/poseidon-data/poseidon/pegasus-5.1.0panorama/bin/pegasus-transfer,/home/poseidon/pegasus-5.1.0panorama/bin/../bin/pegasus-kickstart  -n pegasus::transfer -N null -i - -R local  -L casa-wind-full -T 2023-09-08T07:29:05+00:00 /home/poseidon/pegasus-5.1.0panorama/bin/../bin/pegasus-transfer  --threads 2,35.4,0,0,,,,,,,,,
um_vel_ID0000122,None,compute,0,1694315656.0,,,1694315661.0,1694315664.0,1694315684.0,51333656.5,1694315662.0,1694315701.0,1694315692.0,1694315695.0,176640.0,1694315701.0,1694315706.0,5.0,,1.0,39.0,5.0,20.0,727369696.0,3.0,556900.0,poseidon,condorpool,poseidon-worker-1-container-28-31,um_vel,/opt/UM_VEL/UM_VEL,,1.7,0,0,,,,,,,,,
um_vel_ID0000022,None,compute,0,1694315656.0,,,1694315661.0,1694315664.0,1694315684.0,48159616.7,1694315662.0,1694315706.0,1694315693.0,1694315696.0,176677.0,1694315706.0,1694315711.0,5.0,,1.0,44.0,5.0,20.0,715764852.0,3.0,556900.0,poseidon,condorpool,poseidon-worker-2-container-0-3,um_vel,/opt/UM_VEL/UM_VEL,,1.7,0,0,,,,,,,,,
um_vel_ID0000062,None,compute,0,1694315656.0,,,1694315661.0,1694315664.0,1694315685.0,46641388.3,1694315662.0,1694315706.0,1694315694.0,1694315697.0,177627.0,1694315706.0,1694315711.0,5.0,,1.0,44.0,5.0,21.0,718532572.0,3.0,556900.0,poseidon,condorpool,poseidon-worker-2-container-24-27,um_vel,/opt/UM_VEL/UM_VEL,,1.7,0,0,,,,,,,,,
um_vel_ID0000102,None,compute,0,1694315656.0,,,1694315661.0,1694315664.0,1694315683.0,53188412.8,1694315662.0,1694315701.0,1694315693.0,1694315696.0,176645.0,1694315701.0,1694315706.0,5.0,,1.0,39.0,5.0,19.0,738138396.0,3.0,556900.0,poseidon,condorpool,poseidon-worker-2-container-44-47,um_vel,/opt/UM_VEL/UM_VEL,,1.8,0,0,,,,,,,,,
mvt_ID0000089,None,compute,0,1694315696.0,,,1694315701.0,1694315704.0,1694315716.0,30650976.8,1694315703.0,1694315771.0,1694315761.0,1694315764.0,15492.0,1694315771.0,1694315776.0,5.0,,2.0,68.0,5.0,12.0,177143652.0,3.0,48475.0,poseidon,condorpool,poseidon-worker-1-container-8-11,mvt,/opt/mvt/mvt,,39.7,0,0,0.0,791854.0,24576.0,428.0,6.0,29.9,0.1,26395.1,2457.6
post_vel_ID0000098,None,compute,0,1694315696.0,,,1694315701.0,1694315704.0,1694315715.0,34088702.8,1694315703.0,1694315731.0,1694315721.0,1694315724.0,4428.0,1694315731.0,1694315736.0,5.0,,2.0,28.0,5.0,11.0,177143937.0,3.0,13355.0,poseidon,condorpool,poseidon-worker-2-container-16-19,post_vel,/opt/netcdf2png/merged_netcdf2png,,0.1,0,0,,,,,,,,,
post_vel_ID0000038,None,compute,0,1694315696.0,,,1694315701.0,1694315704.0,1694315716.0,29545697.6,1694315703.0,1694315731.0,1694315721.0,1694315724.0,3683.0,1694315731.0,1694315736.0,5.0,,2.0,28.0,5.0,12.0,177143937.0,3.0,11227.0,poseidon,condorpool,poseidon-worker-1-container-32-35,post_vel,/opt/netcdf2png/merged_netcdf2png,,0.1,0,0,,,,,,,,,
mvt_ID0000039,None,compute,0,1694315696.0,,,1694315701.0,1694315704.0,1694315716.0,29707759.4,1694315703.0,1694315771.0,1694315761.0,1694315764.0,11113.0,1694315771.0,1694315776.0,5.0,,2.0,68.0,5.0,12.0,177143652.0,3.0,34386.0,poseidon,condorpool,poseidon-worker-2-container-40-43,mvt,/opt/mvt/mvt,,40.1,0,0,0.0,795678.0,16384.0,443.0,4.0,39.9,0.1,19892.0,819.2
post_vel_ID0000018,None,compute,0,1694315696.0,,,1694315701.0,1694315704.0,1694315716.0,27620378.2,1694315703.0,1694315731.0,1694315721.0,1694315724.0,3750.0,1694315731.0,1694315736.0,5.0,,2.0,28.0,5.0,12.0,177143937.0,3.0,11645.0,poseidon,condorpool,poseidon-worker-1-container-24-27,post_vel,/opt/netcdf2png/merged_netcdf2png,,0.1,0,0,,,,,,,,,
mvt_ID0000019,None,compute,0,1694315696.0,,,1694315701.0,1694315704.0,1694315715.0,34353813.6,1694315703.0,1694315771.0,1694315761.0,1694315764.0,11970.0,1694315771.0,1694315776.0,5.0,,2.0,68.0,5.0,11.0,177143652.0,3.0,36245.0,poseidon,condorpool,poseidon-worker-2-container-32-35,mvt,/opt/mvt/mvt,,40.3,0,0,0.0,792917.0,20480.0,437.0,5.0,39.9,0.1,19822.9,1024.0
post_vel_ID0000088,None,compute,0,1694315696.0,,,1694315701.0,1694315704.0,1694315715.0,32867661.6,1694315702.0,1694315731.0,1694315720.0,1694315724.0,3886.0,1694315731.0,1694315736.0,5.0,,1.0,29.0,5.0,11.0,177143937.0,4.0,12740.0,poseidon,condorpool,poseidon-worker-2-container-44-47,post_vel,/opt/netcdf2png/merged_netcdf2png,,0.1,0,0,,,,,,,,,
mvt_ID0000099,None,compute,0,1694315696.0,,,1694315701.0,1694315704.0,1694315715.0,32568598.2,1694315703.0,1694315771.0,1694315761.0,1694315764.0,16207.0,1694315771.0,1694315776.0,5.0,,2.0,68.0,5.0,11.0,177143652.0,3.0,50118.0,poseidon,condorpool,poseidon-worker-1-container-44-47,mvt,/opt/mvt/mvt,,40.3,0,0,0.0,802589.0,28672.0,458.0,7.0,39.8,0.1,20064.7,1433.6
post_vel_ID0000008,None,compute,0,1694315701.0,,,1694315706.0,1694315709.0,1694315720.0,33167835.8,1694315707.0,1694315736.0,1694315726.0,1694315729.0,3368.0,1694315736.0,1694315741.0,5.0,,1.0,29.0,5.0,11.0,177143937.0,3.0,10982.0,poseidon,condorpool,poseidon-worker-1-container-0-3,post_vel,/opt/netcdf2png/merged_netcdf2png,,0.1,0,0,,,,,,,,,
mvt_ID0000129,None,compute,0,1694315701.0,,,1694315706.0,1694315709.0,1694315720.0,35058378.6,1694315707.0,1694315776.0,1694315765.0,1694315768.0,20923.0,1694315776.0,1694315781.0,5.0,,1.0,69.0,5.0,11.0,177143652.0,3.0,64489.0,poseidon,condorpool,poseidon-worker-2-container-28-31,mvt,/opt/mvt/mvt,,40.2,0,0,0.0,817575.0,36864.0,491.0,9.0,39.9,0.1,20439.4,3686.4
post_vel_ID0000128,None,compute,0,1694315701.0,,,1694315706.0,1694315709.0,1694315720.0,34970255.2,1694315707.0,1694315736.0,1694315725.0,1694315728.0,4622.0,1694315736.0,1694315741.0,5.0,,1.0,29.0,5.0,11.0,177143937.0,3.0,14512.0,poseidon,condorpool,poseidon-worker-2-container-4-7,post_vel,/opt/netcdf2png/merged_netcdf2png,,0.1,0,0,,,,,,,,,
post_vel_ID0000053,None,compute,0,1694315701.0,,,1694315706.0,1694315709.0,1694315720.0,33753766.8,1694315707.0,1694315736.0,1694315725.0,1694315729.0,3510.0,1694315736.0,1694315741.0,5.0,,1.0,29.0,5.0,11.0,177143937.0,4.0,11004.0,poseidon,condorpool,poseidon-worker-1-container-20-23,post_vel,/opt/netcdf2png/merged_netcdf2png,,0.1,0,0,,,,,,,,,
mvt_ID0000054,None,compute,0,1694315701.0,,,1694315706.0,1694315709.0,1694315720.0,34835226.6,1694315708.0,1694315776.0,1694315765.0,1694315769.0,9142.0,1694315776.0,1694315781.0,5.0,,2.0,68.0,5.0,11.0,177143652.0,4.0,28552.0,poseidon,condorpool,poseidon-worker-2-container-8-11,mvt,/opt/mvt/mvt,,40.1,0,0,0.0,809318.0,12288.0,473.0,3.0,39.9,0.1,20232.9,1228.8
post_vel_ID0000118,None,compute,0,1694315701.0,,,1694315706.0,1694315709.0,1694315720.0,34427475.4,1694315708.0,1694315736.0,1694315726.0,1694315729.0,4684.0,1694315736.0,1694315741.0,5.0,,2.0,28.0,5.0,11.0,177143937.0,3.0,14402.0,poseidon,condorpool,poseidon-worker-1-container-32-35,post_vel,/opt/netcdf2png/merged_netcdf2png,,0.1,0,0,,,,,,,,,
register_condorpool_0_0,None,auxiliary,0,1694315701.0,,,1694315726.0,,,0.0,1694315726.0,1694315731.0,,,0.0,1694315731.0,1694315736.0,25.0,,0.0,5.0,5.0,,,,,poseidon,local,poseidon-submit,pegasus::rc-client,/mnt/poseidon-data/poseidon/pegasus-5.1.0panorama/bin/pegasus-rc-client,"-n pegasus::rc-client -N null -R local  -L casa-wind-full -T 2023-09-08T07:29:05+00:00 /home/poseidon/pegasus-5.1.0panorama/bin/pegasus-rc-client --prefix pegasus.catalog.replica.output --conf /mnt/poseidon-data/poseidon/workflows/casa-wind-workflow-full/submit/poseidon/pegasus/casa-wind-full/run0075/pegasus.10602335278263858600.properties -v --meta /mnt/poseidon-data/poseidon/workflows/casa-wind-workflow-full/submit/poseidon/pegasus/casa-wind-full/run0075/00/00/unzip_ID0000026.meta,/mnt/poseidon-data/poseidon/workflows/casa-wind-workflow-full/submit/poseidon/pegasus/casa-wind-full/run0075/00/00/unzip_ID0000061.meta,/mnt/poseidon-data/poseidon/workflows/casa-wind-workflow-full/submit/poseidon/pegasus/casa-wind-full/run0075/00/00/unzip_ID0000071.meta,/mnt/poseidon-data/poseidon/workflows/casa-wind-workflow-full/submit/poseidon/pegasus/casa-wind-full/run0075/00/00/unzip_ID0000041.meta,/mnt/poseidon-data/poseidon/workflows/casa-wind-workflow-full/submit/poseidon/pegasus/casa-wind-full/run0075/00/00/unzip_ID0000016.meta,/mnt/poseidon-data/poseidon/workflows/casa-wind-workflow-full/submit/poseidon/pegasus/casa-wind-full/run0075/00/00/unzip_ID0000111.meta,/mnt/poseidon-data/poseidon/workflows/casa-wind-workflow-full/submit/poseidon/pegasus/casa-wind-full/run0075/00/00/unzip_ID0000011.meta,/mnt/poseidon-data/poseidon/workflows/casa-wind-workflow-full/submit/poseidon/pegasus/casa-wind-full/run0075/00/00/unzip_ID0000081.meta,/mnt/poseidon-data/poseidon/workflows/casa-wind-workflow-full/submit/poseidon/pegasus/casa-wind-full/run0075/00/00/unzip_ID0000066.meta,/mnt/poseidon-data/poseidon/workflows/casa-wind-workflow-full/submit/poseidon/pegasus/casa-wind-full/run0075/00/00/unzip_ID0000096.meta,/mnt/poseidon-data/poseidon/workflows/casa-wind-workflow-full/submit/poseidon/pegasus/casa-wind-full/run0075/00/00/unzip_ID0000051.meta,/mnt/poseidon-data/poseidon/workflows/casa-wind-workflow-full/submit/poseidon/pegasus/casa-wind-full/run0075/00/00/unzip_ID0000031.meta,/mnt/poseidon-data/poseidon/workflows/casa-wind-workflow-full/submit/poseidon/pegasus/casa-wind-full/run0075/00/00/unzip_ID0000116.meta,/mnt/poseidon-data/poseidon/workflows/casa-wind-workflow-full/submit/poseidon/pegasus/casa-wind-full/run0075/00/00/unzip_ID0000101.meta,/mnt/poseidon-data/poseidon/workflows/casa-wind-workflow-full/submit/poseidon/pegasus/casa-wind-full/run0075/00/00/unzip_ID0000121.meta,/mnt/poseidon-data/poseidon/workflows/casa-wind-workflow-full/submit/poseidon/pegasus/casa-wind-full/run0075/00/00/unzip_ID0000106.meta,/mnt/poseidon-data/poseidon/workflows/casa-wind-workflow-full/submit/poseidon/pegasus/casa-wind-full/run0075/00/00/unzip_ID0000046.meta,/mnt/poseidon-data/poseidon/workflows/casa-wind-workflow-full/submit/poseidon/pegasus/casa-wind-full/run0075/00/00/unzip_ID0000076.meta,/mnt/poseidon-data/poseidon/workflows/casa-wind-workflow-full/submit/poseidon/pegasus/casa-wind-full/run0075/00/00/unzip_ID0000056.meta,/mnt/poseidon-data/poseidon/workflows/casa-wind-workflow-full/submit/poseidon/pegasus/casa-wind-full/run0075/00/00/unzip_ID0000021.meta,/mnt/poseidon-data/poseidon/workflows/casa-wind-workflow-full/submit/poseidon/pegasus/casa-wind-full/run0075/00/00/unzip_ID0000086.meta,/mnt/poseidon-data/poseidon/workflows/casa-wind-workflow-full/submit/poseidon/pegasus/casa-wind-full/run0075/00/00/unzip_ID0000126.meta,/mnt/poseidon-data/poseidon/workflows/casa-wind-workflow-full/submit/poseidon/pegasus/casa-wind-full/run0075/00/00/unzip_ID0000006.meta,/mnt/poseidon-data/poseidon/workflows/casa-wind-workflow-full/submit/poseidon/pegasus/casa-wind-full/run0075/00/00/unzip_ID0000036.meta,/mnt/poseidon-data/poseidon/workflows/casa-wind-workflow-full/submit/poseidon/pegasus/casa-wind-full/run0075/00/00/unzip_ID0000001.meta,/mnt/poseidon-data/poseidon/workflows/casa-wind-workflow-full/submit/poseidon/pegasus/casa-wind-full/run0075/00/00/unzip_ID0000091.meta --insert /mnt/poseidon-data/poseidon/workflows/casa-wind-workflow-full/submit/poseidon/pegasus/casa-wind-full/run0075/00/00/register_condorpool_0_0.in",3.0,0,0,,,,,,,,,
mvt_ID0000119,None,compute,0,1694315701.0,,,1694315706.0,1694315709.0,1694315720.0,34155971.0,1694315708.0,1694315776.0,1694315765.0,1694315768.0,21312.0,1694315776.0,1694315781.0,5.0,,2.0,68.0,5.0,11.0,177143652.0,3.0,65525.0,poseidon,condorpool,poseidon-worker-1-container-40-43,mvt,/opt/mvt/mvt,,39.8,0,0,0.0,797343.0,36864.0,440.0,9.0,29.9,0.1,26578.1,3686.4
register_condorpool_0_2,None,auxiliary,0,1694315701.0,,,1694315706.0,,,0.0,1694315707.0,1694315711.0,,,0.0,1694315711.0,1694315716.0,5.0,,1.0,4.0,5.0,,,,,poseidon,local,poseidon-submit,pegasus::rc-client,/mnt/poseidon-data/poseidon/pegasus-5.1.0panorama/bin/pegasus-rc-client,"-n pegasus::rc-client -N null -R local  -L casa-wind-full -T 2023-09-08T07:29:05+00:00 /home/poseidon/pegasus-5.1.0panorama/bin/pegasus-rc-client --prefix pegasus.catalog.replica.output --conf /mnt/poseidon-data/poseidon/workflows/casa-wind-workflow-full/submit/poseidon/pegasus/casa-wind-full/run0075/pegasus.10602335278263858600.properties -v --meta /mnt/poseidon-data/poseidon/workflows/casa-wind-workflow-full/submit/poseidon/pegasus/casa-wind-full/run0075/00/00/unzip_ID0000026.meta,/mnt/poseidon-data/poseidon/workflows/casa-wind-workflow-full/submit/poseidon/pegasus/casa-wind-full/run0075/00/00/unzip_ID0000061.meta,/mnt/poseidon-data/poseidon/workflows/casa-wind-workflow-full/submit/poseidon/pegasus/casa-wind-full/run0075/00/00/unzip_ID0000071.meta,/mnt/poseidon-data/poseidon/workflows/casa-wind-workflow-full/submit/poseidon/pegasus/casa-wind-full/run0075/00/00/unzip_ID0000041.meta,/mnt/poseidon-data/poseidon/workflows/casa-wind-workflow-full/submit/poseidon/pegasus/casa-wind-full/run0075/00/00/unzip_ID0000016.meta,/mnt/poseidon-data/poseidon/workflows/casa-wind-workflow-full/submit/poseidon/pegasus/casa-wind-full/run0075/00/00/unzip_ID0000111.meta,/mnt/poseidon-data/poseidon/workflows/casa-wind-workflow-full/submit/poseidon/pegasus/casa-wind-full/run0075/00/00/unzip_ID0000011.meta,/mnt/poseidon-data/poseidon/workflows/casa-wind-workflow-full/submit/poseidon/pegasus/casa-wind-full/run0075/00/00/unzip_ID0000081.meta,/mnt/poseidon-data/poseidon/workflows/casa-wind-workflow-full/submit/poseidon/pegasus/casa-wind-full/run0075/00/00/unzip_ID0000066.meta,/mnt/poseidon-data/poseidon/workflows/casa-wind-workflow-full/submit/poseidon/pegasus/casa-wind-full/run0075/00/00/unzip_ID0000096.meta,/mnt/poseidon-data/poseidon/workflows/casa-wind-workflow-full/submit/poseidon/pegasus/casa-wind-full/run0075/00/00/unzip_ID0000051.meta,/mnt/poseidon-data/poseidon/workflows/casa-wind-workflow-full/submit/poseidon/pegasus/casa-wind-full/run0075/00/00/unzip_ID0000031.meta,/mnt/poseidon-data/poseidon/workflows/casa-wind-workflow-full/submit/poseidon/pegasus/casa-wind-full/run0075/00/00/unzip_ID0000116.meta,/mnt/poseidon-data/poseidon/workflows/casa-wind-workflow-full/submit/poseidon/pegasus/casa-wind-full/run0075/00/00/unzip_ID0000101.meta,/mnt/poseidon-data/poseidon/workflows/casa-wind-workflow-full/submit/poseidon/pegasus/casa-wind-full/run0075/00/00/unzip_ID0000121.meta,/mnt/poseidon-data/poseidon/workflows/casa-wind-workflow-full/submit/poseidon/pegasus/casa-wind-full/run0075/00/00/unzip_ID0000106.meta,/mnt/poseidon-data/poseidon/workflows/casa-wind-workflow-full/submit/poseidon/pegasus/casa-wind-full/run0075/00/00/unzip_ID0000046.meta,/mnt/poseidon-data/poseidon/workflows/casa-wind-workflow-full/submit/poseidon/pegasus/casa-wind-full/run0075/00/00/unzip_ID0000076.meta,/mnt/poseidon-data/poseidon/workflows/casa-wind-workflow-full/submit/poseidon/pegasus/casa-wind-full/run0075/00/00/unzip_ID0000056.meta,/mnt/poseidon-data/poseidon/workflows/casa-wind-workflow-full/submit/poseidon/pegasus/casa-wind-full/run0075/00/00/unzip_ID0000021.meta,/mnt/poseidon-data/poseidon/workflows/casa-wind-workflow-full/submit/poseidon/pegasus/casa-wind-full/run0075/00/00/unzip_ID0000086.meta,/mnt/poseidon-data/poseidon/workflows/casa-wind-workflow-full/submit/poseidon/pegasus/casa-wind-full/run0075/00/00/unzip_ID0000126.meta,/mnt/poseidon-data/poseidon/workflows/casa-wind-workflow-full/submit/poseidon/pegasus/casa-wind-full/run0075/00/00/unzip_ID0000006.meta,/mnt/poseidon-data/poseidon/workflows/casa-wind-workflow-full/submit/poseidon/pegasus/casa-wind-full/run0075/00/00/unzip_ID0000036.meta,/mnt/poseidon-data/poseidon/workflows/casa-wind-workflow-full/submit/poseidon/pegasus/casa-wind-full/run0075/00/00/unzip_ID0000001.meta,/mnt/poseidon-data/poseidon/workflows/casa-wind-workflow-full/submit/poseidon/pegasus/casa-wind-full/run0075/00/00/unzip_ID0000091.meta --insert /mnt/poseidon-data/poseidon/workflows/casa-wind-workflow-full/submit/poseidon/pegasus/casa-wind-full/run0075/00/00/register_condorpool_0_2.in",3.1,0,0,,,,,,,,,
mvt_ID0000009,None,compute,0,1694315701.0,,,1694315706.0,1694315709.0,1694315720.0,34261643.4,1694315707.0,1694315776.0,1694315765.0,1694315768.0,11597.0,1694315776.0,1694315781.0,5.0,,1.0,69.0,5.0,11.0,177143652.0,3.0,35429.0,poseidon,condorpool,poseidon-worker-1-container-16-19,mvt,/opt/mvt/mvt,,39.8,0,0,0.0,801458.0,20480.0,449.0,5.0,29.9,0.1,26715.3,1024.0
post_vel_ID0000068,None,compute,0,1694315701.0,,,1694315706.0,1694315709.0,1694315721.0,31277994.0,1694315708.0,1694315736.0,1694315726.0,1694315729.0,3602.0,1694315736.0,1694315741.0,5.0,,2.0,28.0,5.0,12.0,177143937.0,3.0,11398.0,poseidon,condorpool,poseidon-worker-1-container-12-15,post_vel,/opt/netcdf2png/merged_netcdf2png,,0.1,0,0,,,,,,,,,
mvt_ID0000069,None,compute,0,1694315701.0,,,1694315706.0,1694315709.0,1694315720.0,33355869.0,1694315707.0,1694315776.0,1694315765.0,1694315768.0,11337.0,1694315776.0,1694315781.0,5.0,,1.0,69.0,5.0,11.0,177143652.0,3.0,35309.0,poseidon,condorpool,poseidon-worker-1-container-36-39,mvt,/opt/mvt/mvt,,39.7,0,0,0.0,801458.0,16384.0,449.0,4.0,29.9,0.1,26715.3,819.2
register_condorpool_0_1,None,auxiliary,0,1694315701.0,,,1694315716.0,,,0.0,1694315717.0,1694315721.0,,,0.0,1694315721.0,1694315726.0,15.0,,1.0,4.0,5.0,,,,,poseidon,local,poseidon-submit,pegasus::rc-client,/mnt/poseidon-data/poseidon/pegasus-5.1.0panorama/bin/pegasus-rc-client,"-n pegasus::rc-client -N null -R local  -L casa-wind-full -T 2023-09-08T07:29:05+00:00 /home/poseidon/pegasus-5.1.0panorama/bin/pegasus-rc-client --prefix pegasus.catalog.replica.output --conf /mnt/poseidon-data/poseidon/workflows/casa-wind-workflow-full/submit/poseidon/pegasus/casa-wind-full/run0075/pegasus.10602335278263858600.properties -v --meta /mnt/poseidon-data/poseidon/workflows/casa-wind-workflow-full/submit/poseidon/pegasus/casa-wind-full/run0075/00/00/unzip_ID0000026.meta,/mnt/poseidon-data/poseidon/workflows/casa-wind-workflow-full/submit/poseidon/pegasus/casa-wind-full/run0075/00/00/unzip_ID0000061.meta,/mnt/poseidon-data/poseidon/workflows/casa-wind-workflow-full/submit/poseidon/pegasus/casa-wind-full/run0075/00/00/unzip_ID0000071.meta,/mnt/poseidon-data/poseidon/workflows/casa-wind-workflow-full/submit/poseidon/pegasus/casa-wind-full/run0075/00/00/unzip_ID0000041.meta,/mnt/poseidon-data/poseidon/workflows/casa-wind-workflow-full/submit/poseidon/pegasus/casa-wind-full/run0075/00/00/unzip_ID0000016.meta,/mnt/poseidon-data/poseidon/workflows/casa-wind-workflow-full/submit/poseidon/pegasus/casa-wind-full/run0075/00/00/unzip_ID0000111.meta,/mnt/poseidon-data/poseidon/workflows/casa-wind-workflow-full/submit/poseidon/pegasus/casa-wind-full/run0075/00/00/unzip_ID0000011.meta,/mnt/poseidon-data/poseidon/workflows/casa-wind-workflow-full/submit/poseidon/pegasus/casa-wind-full/run0075/00/00/unzip_ID0000081.meta,/mnt/poseidon-data/poseidon/workflows/casa-wind-workflow-full/submit/poseidon/pegasus/casa-wind-full/run0075/00/00/unzip_ID0000066.meta,/mnt/poseidon-data/poseidon/workflows/casa-wind-workflow-full/submit/poseidon/pegasus/casa-wind-full/run0075/00/00/unzip_ID0000096.meta,/mnt/poseidon-data/poseidon/workflows/casa-wind-workflow-full/submit/poseidon/pegasus/casa-wind-full/run0075/00/00/unzip_ID0000051.meta,/mnt/poseidon-data/poseidon/workflows/casa-wind-workflow-full/submit/poseidon/pegasus/casa-wind-full/run0075/00/00/unzip_ID0000031.meta,/mnt/poseidon-data/poseidon/workflows/casa-wind-workflow-full/submit/poseidon/pegasus/casa-wind-full/run0075/00/00/unzip_ID0000116.meta,/mnt/poseidon-data/poseidon/workflows/casa-wind-workflow-full/submit/poseidon/pegasus/casa-wind-full/run0075/00/00/unzip_ID0000101.meta,/mnt/poseidon-data/poseidon/workflows/casa-wind-workflow-full/submit/poseidon/pegasus/casa-wind-full/run0075/00/00/unzip_ID0000121.meta,/mnt/poseidon-data/poseidon/workflows/casa-wind-workflow-full/submit/poseidon/pegasus/casa-wind-full/run0075/00/00/unzip_ID0000106.meta,/mnt/poseidon-data/poseidon/workflows/casa-wind-workflow-full/submit/poseidon/pegasus/casa-wind-full/run0075/00/00/unzip_ID0000046.meta,/mnt/poseidon-data/poseidon/workflows/casa-wind-workflow-full/submit/poseidon/pegasus/casa-wind-full/run0075/00/00/unzip_ID0000076.meta,/mnt/poseidon-data/poseidon/workflows/casa-wind-workflow-full/submit/poseidon/pegasus/casa-wind-full/run0075/00/00/unzip_ID0000056.meta,/mnt/poseidon-data/poseidon/workflows/casa-wind-workflow-full/submit/poseidon/pegasus/casa-wind-full/run0075/00/00/unzip_ID0000021.meta,/mnt/poseidon-data/poseidon/workflows/casa-wind-workflow-full/submit/poseidon/pegasus/casa-wind-full/run0075/00/00/unzip_ID0000086.meta,/mnt/poseidon-data/poseidon/workflows/casa-wind-workflow-full/submit/poseidon/pegasus/casa-wind-full/run0075/00/00/unzip_ID0000126.meta,/mnt/poseidon-data/poseidon/workflows/casa-wind-workflow-full/submit/poseidon/pegasus/casa-wind-full/run0075/00/00/unzip_ID0000006.meta,/mnt/poseidon-data/poseidon/workflows/casa-wind-workflow-full/submit/poseidon/pegasus/casa-wind-full/run0075/00/00/unzip_ID0000036.meta,/mnt/poseidon-data/poseidon/workflows/casa-wind-workflow-full/submit/poseidon/pegasus/casa-wind-full/run0075/00/00/unzip_ID0000001.meta,/mnt/poseidon-data/poseidon/workflows/casa-wind-workflow-full/submit/poseidon/pegasus/casa-wind-full/run0075/00/00/unzip_ID0000091.meta --insert /mnt/poseidon-data/poseidon/workflows/casa-wind-workflow-full/submit/poseidon/pegasus/casa-wind-full/run0075/00/00/register_condorpool_0_1.in",2.9,0,0,,,,,,,,,
post_vel_ID0000033,None,compute,0,1694315706.0,,,1694315711.0,1694315725.0,1694315736.0,34230011.0,1694315723.0,1694315751.0,1694315741.0,1694315744.0,3767.0,1694315751.0,1694315756.0,5.0,,12.0,28.0,5.0,11.0,177143937.0,3.0,11464.0,poseidon,condorpool,poseidon-worker-1-container-44-47,post_vel,/opt/netcdf2png/merged_netcdf2png,,0.1,0,0,,,,,,,,,
mvt_ID0000034,None,compute,0,1694315706.0,,,1694315711.0,1694315726.0,1694315737.0,27277508.8,1694315723.0,1694315791.0,1694315782.0,1694315785.0,9972.0,1694315791.0,1694315796.0,5.0,,12.0,68.0,5.0,11.0,177143652.0,3.0,30976.0,poseidon,condorpool,poseidon-worker-1-container-32-35,mvt,/opt/mvt/mvt,,39.7,0,0,0.0,790591.0,16384.0,425.0,4.0,29.9,0.1,26353.0,819.2
mvt_ID0000029,None,compute,0,1694315706.0,,,1694315711.0,1694315714.0,1694315725.0,34949353.4,1694315713.0,1694315781.0,1694315770.0,1694315773.0,12542.0,1694315781.0,1694315786.0,5.0,,2.0,68.0,5.0,11.0,177143652.0,3.0,38341.0,poseidon,condorpool,poseidon-worker-1-container-4-7,mvt,/opt/mvt/mvt,,39.5,0,0,0.0,808188.0,20480.0,464.0,5.0,29.9,0.1,26939.6,1024.0
mvt_ID0000004,None,compute,0,1694315706.0,,,1694315711.0,1694315714.0,1694315726.0,33274503.6,1694315713.0,1694315781.0,1694315771.0,1694315774.0,9463.0,1694315781.0,1694315786.0,5.0,,2.0,68.0,5.0,12.0,177143652.0,3.0,28781.0,poseidon,condorpool,poseidon-worker-2-container-36-39,mvt,/opt/mvt/mvt,,40.1,0,0,0.0,806619.0,16384.0,467.0,4.0,39.9,0.0,20165.5,819.2
post_vel_ID0000028,None,compute,0,1694315706.0,,,1694315711.0,1694315714.0,1694315726.0,34128626.6,1694315713.0,1694315741.0,1694315731.0,1694315734.0,3799.0,1694315741.0,1694315746.0,5.0,,2.0,28.0,5.0,12.0,177143937.0,3.0,11529.0,poseidon,condorpool,poseidon-worker-2-container-24-27,post_vel,/opt/netcdf2png/merged_netcdf2png,,0.1,0,0,,,,,,,,,
post_vel_ID0000103,None,compute,0,1694315706.0,,,1694315711.0,1694315726.0,1694315737.0,35160771.4,1694315724.0,1694315751.0,1694315742.0,1694315745.0,4510.0,1694315751.0,1694315756.0,5.0,,13.0,27.0,5.0,11.0,177143937.0,3.0,13815.0,poseidon,condorpool,poseidon-worker-2-container-12-15,post_vel,/opt/netcdf2png/merged_netcdf2png,,0.1,0,0,,,,,,,,,
mvt_ID0000049,None,compute,0,1694315706.0,,,1694315711.0,1694315725.0,1694315737.0,28118015.7,1694315723.0,1694315791.0,1694315782.0,1694315785.0,7723.0,1694315791.0,1694315796.0,5.0,,12.0,68.0,5.0,12.0,177143652.0,3.0,24108.0,poseidon,condorpool,poseidon-worker-1-container-16-19,mvt,/opt/mvt/mvt,,39.7,0,0,0.0,823502.0,12288.0,497.0,3.0,29.9,0.1,27450.1,1228.8
mvt_ID0000079,None,compute,0,1694315706.0,,,1694315711.0,1694315725.0,1694315739.0,20072564.8,1694315723.0,1694315796.0,1694315784.0,1694315787.0,14869.0,1694315796.0,1694315801.0,5.0,,12.0,73.0,5.0,14.0,177143652.0,3.0,45337.0,poseidon,condorpool,poseidon-worker-2-container-32-35,mvt,/opt/mvt/mvt,,39.9,0,0,0.0,819375.0,24576.0,488.0,6.0,29.9,0.1,27312.5,1228.8
stage_out_local_condorpool_1_1,None,transfer,0,1694315706.0,,,1694315711.0,,,0.0,1694315712.0,1694315721.0,,,0.0,1694315721.0,1694315726.0,5.0,,1.0,9.0,5.0,,,,,poseidon,local,poseidon-submit,pegasus::transfer,/mnt/poseidon-data/poseidon/pegasus-5.1.0panorama/bin/pegasus-transfer,/home/poseidon/pegasus-5.1.0panorama/bin/../bin/pegasus-kickstart  -n pegasus::transfer -N null -i - -R local  -L casa-wind-full -T 2023-09-08T07:29:05+00:00 /home/poseidon/pegasus-5.1.0panorama/bin/../bin/pegasus-transfer  --threads 2,1.0,0,0,,,,,,,,,
post_vel_ID0000048,None,compute,0,1694315706.0,,,1694315711.0,1694315726.0,1694315737.0,34739347.8,1694315724.0,1694315751.0,1694315742.0,1694315745.0,3413.0,1694315751.0,1694315756.0,5.0,,13.0,27.0,5.0,11.0,177143937.0,3.0,10371.0,poseidon,condorpool,poseidon-worker-1-container-12-15,post_vel,/opt/netcdf2png/merged_netcdf2png,,0.1,0,0,,,,,,,,,
post_vel_ID0000108,None,compute,0,1694315706.0,,,1694315711.0,1694315714.0,1694315726.0,33541459.2,1694315713.0,1694315741.0,1694315731.0,1694315734.0,4555.0,1694315741.0,1694315746.0,5.0,,2.0,28.0,5.0,12.0,177143937.0,3.0,13907.0,poseidon,condorpool,poseidon-worker-2-container-0-3,post_vel,/opt/netcdf2png/merged_netcdf2png,,0.1,0,0,,,,,,,,,
mvt_ID0000109,None,compute,0,1694315706.0,,,1694315711.0,1694315714.0,1694315726.0,35040478.2,1694315713.0,1694315781.0,1694315771.0,1694315774.0,19394.0,1694315781.0,1694315786.0,5.0,,2.0,68.0,5.0,12.0,177143652.0,3.0,59954.0,poseidon,condorpool,poseidon-worker-1-container-28-31,mvt,/opt/mvt/mvt,,39.8,0,0,0.0,811057.0,32768.0,470.0,8.0,29.9,0.1,27035.2,1638.4
mvt_ID0000104,None,compute,0,1694315706.0,,,1694315711.0,1694315725.0,1694315736.0,32820972.4,1694315723.0,1694315791.0,1694315781.0,1694315784.0,19299.0,1694315791.0,1694315796.0,5.0,,12.0,68.0,5.0,11.0,177143652.0,3.0,59590.0,poseidon,condorpool,poseidon-worker-2-container-24-27,mvt,/opt/mvt/mvt,,39.9,0,0,0.0,789205.0,32768.0,422.0,8.0,29.9,0.1,26306.8,3276.8
post_vel_ID0000078,None,compute,0,1694315706.0,,,1694315711.0,1694315726.0,1694315737.0,29407225.7,1694315723.0,1694315756.0,1694315743.0,1694315746.0,4007.0,1694315756.0,1694315761.0,5.0,,12.0,33.0,5.0,11.0,177143937.0,3.0,12264.0,poseidon,condorpool,poseidon-worker-1-container-20-23,post_vel,/opt/netcdf2png/merged_netcdf2png,,0.1,0,0,,,,,,,,,
post_vel_ID0000123,None,compute,0,1694315706.0,,,1694315711.0,1694315725.0,1694315736.0,34012165.2,1694315723.0,1694315751.0,1694315741.0,1694315744.0,4842.0,1694315751.0,1694315756.0,5.0,,12.0,28.0,5.0,11.0,177143937.0,3.0,14777.0,poseidon,condorpool,poseidon-worker-2-container-20-23,post_vel,/opt/netcdf2png/merged_netcdf2png,,0.1,0,0,,,,,,,,,
post_vel_ID0000013,None,compute,0,1694315706.0,,,1694315711.0,1694315725.0,1694315736.0,34394753.2,1694315723.0,1694315751.0,1694315742.0,1694315745.0,3634.0,1694315751.0,1694315756.0,5.0,,12.0,28.0,5.0,11.0,177143937.0,3.0,11040.0,poseidon,condorpool,poseidon-worker-1-container-8-11,post_vel,/opt/netcdf2png/merged_netcdf2png,,0.1,0,0,,,,,,,,,
post_vel_ID0000043,None,compute,0,1694315706.0,,,1694315711.0,1694315725.0,1694315739.0,20347953.5,1694315723.0,1694315756.0,1694315745.0,1694315748.0,3666.0,1694315756.0,1694315761.0,5.0,,12.0,33.0,5.0,14.0,177143937.0,3.0,11050.0,poseidon,condorpool,poseidon-worker-1-container-28-31,post_vel,/opt/netcdf2png/merged_netcdf2png,,0.1,0,0,,,,,,,,,
mvt_ID0000044,None,compute,0,1694315706.0,,,1694315711.0,1694315725.0,1694315737.0,30414633.4,1694315723.0,1694315791.0,1694315782.0,1694315785.0,9135.0,1694315791.0,1694315796.0,5.0,,12.0,68.0,5.0,12.0,177143652.0,3.0,28113.0,poseidon,condorpool,poseidon-worker-2-container-44-47,mvt,/opt/mvt/mvt,,39.9,0,0,0.0,816684.0,12288.0,482.0,3.0,29.9,0.1,27222.8,1228.8
mvt_ID0000084,None,compute,0,1694315706.0,,,1694315711.0,1694315725.0,1694315739.0,22052786.4,1694315723.0,1694315796.0,1694315783.0,1694315787.0,15432.0,1694315796.0,1694315801.0,5.0,,12.0,73.0,5.0,14.0,177143652.0,4.0,47998.0,poseidon,condorpool,poseidon-worker-2-container-36-39,mvt,/opt/mvt/mvt,,39.5,0,0,0.0,823496.0,24576.0,497.0,6.0,29.9,0.1,27449.9,1228.8
post_vel_ID0000093,None,compute,0,1694315706.0,,,1694315711.0,1694315714.0,1694315726.0,28512736.0,1694315713.0,1694315741.0,1694315732.0,1694315735.0,4332.0,1694315741.0,1694315746.0,5.0,,2.0,28.0,5.0,12.0,177143937.0,3.0,13303.0,poseidon,condorpool,poseidon-worker-1-container-44-47,post_vel,/opt/netcdf2png/merged_netcdf2png,,0.1,0,0,,,,,,,,,
mvt_ID0000094,None,compute,0,1694315706.0,,,1694315711.0,1694315714.0,1694315726.0,34482622.6,1694315713.0,1694315781.0,1694315771.0,1694315774.0,17182.0,1694315781.0,1694315786.0,5.0,,2.0,68.0,5.0,12.0,177143652.0,3.0,52407.0,poseidon,condorpool,poseidon-worker-2-container-12-15,mvt,/opt/mvt/mvt,,40.1,0,0,0.0,802495.0,28672.0,458.0,7.0,39.9,0.1,20062.4,1433.6
mvt_ID0000124,None,compute,0,1694315706.0,,,1694315711.0,1694315724.0,1694315735.0,33788880.2,1694315722.0,1694315791.0,1694315781.0,1694315784.0,22903.0,1694315791.0,1694315796.0,5.0,,11.0,69.0,5.0,11.0,177143652.0,3.0,70564.0,poseidon,condorpool,poseidon-worker-2-container-0-3,mvt,/opt/mvt/mvt,,40.3,0,0,0.0,792911.0,40960.0,437.0,10.0,39.9,0.1,19822.8,4096.0
post_vel_ID0000083,None,compute,0,1694315706.0,,,1694315711.0,1694315725.0,1694315736.0,27041566.0,1694315723.0,1694315751.0,1694315742.0,1694315745.0,4151.0,1694315751.0,1694315756.0,5.0,,12.0,28.0,5.0,11.0,177143937.0,3.0,12720.0,poseidon,condorpool,poseidon-worker-2-container-40-43,post_vel,/opt/netcdf2png/merged_netcdf2png,,0.1,0,0,,,,,,,,,
mvt_ID0000014,None,compute,0,1694315706.0,,,1694315711.0,1694315725.0,1694315736.0,33654084.2,1694315724.0,1694315791.0,1694315781.0,1694315784.0,10346.0,1694315791.0,1694315796.0,5.0,,13.0,67.0,5.0,11.0,177143652.0,3.0,31991.0,poseidon,condorpool,poseidon-worker-2-container-4-7,mvt,/opt/mvt/mvt,,39.6,0,0,0.0,789130.0,16384.0,422.0,4.0,29.9,0.1,26304.3,819.2
mvt_ID0000074,None,compute,0,1694315706.0,,,1694315711.0,1694315725.0,1694315737.0,29325645.3,1694315723.0,1694315791.0,1694315782.0,1694315785.0,12478.0,1694315791.0,1694315796.0,5.0,,12.0,68.0,5.0,12.0,177143652.0,3.0,38855.0,poseidon,condorpool,poseidon-worker-2-container-28-31,mvt,/opt/mvt/mvt,,39.9,0,0,0.0,849612.0,20480.0,554.0,5.0,29.8,0.1,28320.4,1024.0
post_vel_ID0000113,None,compute,0,1694315706.0,,,1694315711.0,1694315725.0,1694315738.0,22377713.3,1694315723.0,1694315756.0,1694315743.0,1694315747.0,4820.0,1694315756.0,1694315761.0,5.0,,12.0,33.0,5.0,13.0,177143937.0,4.0,14745.0,poseidon,condorpool,poseidon-worker-1-container-36-39,post_vel,/opt/netcdf2png/merged_netcdf2png,,0.1,0,0,,,,,,,,,
mvt_ID0000114,None,compute,0,1694315706.0,,,1694315711.0,1694315725.0,1694315739.0,22089940.3,1694315723.0,1694315796.0,1694315784.0,1694315787.0,23422.0,1694315796.0,1694315801.0,5.0,,12.0,73.0,5.0,14.0,177143652.0,3.0,73234.0,poseidon,condorpool,poseidon-worker-1-container-24-27,mvt,/opt/mvt/mvt,,39.7,0,0,0.0,791975.0,40960.0,428.0,10.0,29.9,0.1,26399.2,4096.0
post_vel_ID0000058,None,compute,0,1694315706.0,,,1694315711.0,1694315726.0,1694315739.0,24441342.6,1694315723.0,1694315756.0,1694315744.0,1694315747.0,3595.0,1694315756.0,1694315761.0,5.0,,12.0,33.0,5.0,13.0,177143937.0,3.0,10981.0,poseidon,condorpool,poseidon-worker-1-container-40-43,post_vel,/opt/netcdf2png/merged_netcdf2png,,0.1,0,0,,,,,,,,,
mvt_ID0000059,None,compute,0,1694315706.0,,,1694315711.0,1694315724.0,1694315736.0,30558876.0,1694315722.0,1694315791.0,1694315781.0,1694315784.0,9194.0,1694315791.0,1694315796.0,5.0,,11.0,69.0,5.0,12.0,177143652.0,3.0,28164.0,poseidon,condorpool,poseidon-worker-1-container-0-3,mvt,/opt/mvt/mvt,,39.7,0,0,0.0,791889.0,12288.0,428.0,3.0,29.9,0.1,26396.3,1228.8
post_vel_ID0000073,None,compute,0,1694315706.0,,,1694315711.0,1694315725.0,1694315737.0,23955736.3,1694315722.0,1694315756.0,1694315743.0,1694315746.0,3897.0,1694315756.0,1694315761.0,5.0,,11.0,34.0,5.0,12.0,177143937.0,3.0,11825.0,poseidon,condorpool,poseidon-worker-2-container-16-19,post_vel,/opt/netcdf2png/merged_netcdf2png,,0.1,0,0,,,,,,,,,
post_vel_ID0000003,None,compute,0,1694315706.0,,,1694315711.0,1694315714.0,1694315726.0,33903769.2,1694315713.0,1694315741.0,1694315731.0,1694315734.0,3562.0,1694315741.0,1694315746.0,5.0,,2.0,28.0,5.0,12.0,177143937.0,3.0,10865.0,poseidon,condorpool,poseidon-worker-2-container-20-23,post_vel,/opt/netcdf2png/merged_netcdf2png,,0.1,0,0,,,,,,,,,
mvt_ID0000024,None,compute,0,1694315711.0,,,1694315716.0,1694315725.0,1694315737.0,25174678.3,1694315723.0,1694315791.0,1694315782.0,1694315785.0,9968.0,1694315791.0,1694315796.0,5.0,,7.0,68.0,5.0,12.0,177143652.0,3.0,30705.0,poseidon,condorpool,poseidon-worker-2-container-28-31,mvt,/opt/mvt/mvt,,39.5,0,0,0.0,855118.0,16384.0,566.0,4.0,29.9,0.1,28503.9,819.2
post_vel_ID0000023,None,compute,0,1694315711.0,,,1694315716.0,1694315727.0,1694315738.0,35112903.2,1694315726.0,1694315756.0,1694315744.0,1694315747.0,3743.0,1694315756.0,1694315761.0,5.0,,10.0,30.0,5.0,11.0,177143937.0,3.0,11372.0,poseidon,condorpool,poseidon-worker-2-container-44-47,post_vel,/opt/netcdf2png/merged_netcdf2png,,0.1,0,0,,,,,,,,,
stage_out_local_condorpool_1_2,None,transfer,0,1694315711.0,,,1694315716.0,,,0.0,1694315717.0,1694315726.0,,,0.0,1694315726.0,1694315731.0,5.0,,1.0,9.0,5.0,,,,,poseidon,local,poseidon-submit,pegasus::transfer,/mnt/poseidon-data/poseidon/pegasus-5.1.0panorama/bin/pegasus-transfer,/home/poseidon/pegasus-5.1.0panorama/bin/../bin/pegasus-kickstart  -n pegasus::transfer -N null -i - -R local  -L casa-wind-full -T 2023-09-08T07:29:05+00:00 /home/poseidon/pegasus-5.1.0panorama/bin/../bin/pegasus-transfer  --threads 2,0.8,0,0,,,,,,,,,
post_vel_ID0000063,None,compute,0,1694315711.0,,,1694315716.0,1694315726.0,1694315744.0,14545604.0,1694315724.0,1694315761.0,1694315749.0,1694315752.0,3830.0,1694315761.0,1694315766.0,5.0,,8.0,37.0,5.0,18.0,177143937.0,3.0,11628.0,poseidon,condorpool,poseidon-worker-1-container-4-7,post_vel,/opt/netcdf2png/merged_netcdf2png,,0.1,0,0,,,,,,,,,
stage_out_local_condorpool_1_0,None,transfer,0,1694315711.0,,,1694315716.0,,,0.0,1694315717.0,1694315726.0,,,0.0,1694315726.0,1694315731.0,5.0,,1.0,9.0,5.0,,,,,poseidon,local,poseidon-submit,pegasus::transfer,/mnt/poseidon-data/poseidon/pegasus-5.1.0panorama/bin/pegasus-transfer,/home/poseidon/pegasus-5.1.0panorama/bin/../bin/pegasus-kickstart  -n pegasus::transfer -N null -i - -R local  -L casa-wind-full -T 2023-09-08T07:29:05+00:00 /home/poseidon/pegasus-5.1.0panorama/bin/../bin/pegasus-transfer  --threads 2,0.9,0,0,,,,,,,,,
mvt_ID0000064,None,compute,0,1694315711.0,,,1694315716.0,1694315725.0,1694315736.0,33656753.4,1694315723.0,1694315791.0,1694315782.0,1694315785.0,10207.0,1694315791.0,1694315796.0,5.0,,7.0,68.0,5.0,11.0,177143652.0,3.0,31148.0,poseidon,condorpool,poseidon-worker-2-container-8-11,mvt,/opt/mvt/mvt,,39.9,0,0,0.0,822067.0,16384.0,494.0,4.0,29.9,0.1,27402.2,819.2
register_condorpool_1_1,None,auxiliary,0,1694315726.0,,,1694315736.0,,,0.0,1694315737.0,1694315741.0,,,0.0,1694315741.0,1694315746.0,10.0,,1.0,4.0,5.0,,,,,poseidon,local,poseidon-submit,pegasus::rc-client,/mnt/poseidon-data/poseidon/pegasus-5.1.0panorama/bin/pegasus-rc-client,"-n pegasus::rc-client -N null -R local  -L casa-wind-full -T 2023-09-08T07:29:05+00:00 /home/poseidon/pegasus-5.1.0panorama/bin/pegasus-rc-client --prefix pegasus.catalog.replica.output --conf /mnt/poseidon-data/poseidon/workflows/casa-wind-workflow-full/submit/poseidon/pegasus/casa-wind-full/run0075/pegasus.10602335278263858600.properties -v --meta /mnt/poseidon-data/poseidon/workflows/casa-wind-workflow-full/submit/poseidon/pegasus/casa-wind-full/run0075/00/00/um_vel_ID0000017.meta,/mnt/poseidon-data/poseidon/workflows/casa-wind-workflow-full/submit/poseidon/pegasus/casa-wind-full/run0075/00/01/um_vel_ID0000037.meta,/mnt/poseidon-data/poseidon/workflows/casa-wind-workflow-full/submit/poseidon/pegasus/casa-wind-full/run0075/00/00/um_vel_ID0000082.meta,/mnt/poseidon-data/poseidon/workflows/casa-wind-workflow-full/submit/poseidon/pegasus/casa-wind-full/run0075/00/00/um_vel_ID0000097.meta,/mnt/poseidon-data/poseidon/workflows/casa-wind-workflow-full/submit/poseidon/pegasus/casa-wind-full/run0075/00/01/um_vel_ID0000047.meta,/mnt/poseidon-data/poseidon/workflows/casa-wind-workflow-full/submit/poseidon/pegasus/casa-wind-full/run0075/00/00/um_vel_ID0000087.meta,/mnt/poseidon-data/poseidon/workflows/casa-wind-workflow-full/submit/poseidon/pegasus/casa-wind-full/run0075/00/01/um_vel_ID0000007.meta,/mnt/poseidon-data/poseidon/workflows/casa-wind-workflow-full/submit/poseidon/pegasus/casa-wind-full/run0075/00/01/um_vel_ID0000072.meta,/mnt/poseidon-data/poseidon/workflows/casa-wind-workflow-full/submit/poseidon/pegasus/casa-wind-full/run0075/00/01/um_vel_ID0000102.meta --insert /mnt/poseidon-data/poseidon/workflows/casa-wind-workflow-full/submit/poseidon/pegasus/casa-wind-full/run0075/00/01/register_condorpool_1_1.in",2.6,0,0,,,,,,,,,
register_condorpool_1_2,None,auxiliary,0,1694315731.0,,,1694315756.0,,,0.0,1694315757.0,1694315761.0,,,0.0,1694315761.0,1694315766.0,25.0,,1.0,4.0,5.0,,,,,poseidon,local,poseidon-submit,pegasus::rc-client,/mnt/poseidon-data/poseidon/pegasus-5.1.0panorama/bin/pegasus-rc-client,"-n pegasus::rc-client -N null -R local  -L casa-wind-full -T 2023-09-08T07:29:05+00:00 /home/poseidon/pegasus-5.1.0panorama/bin/pegasus-rc-client --prefix pegasus.catalog.replica.output --conf /mnt/poseidon-data/poseidon/workflows/casa-wind-workflow-full/submit/poseidon/pegasus/casa-wind-full/run0075/pegasus.10602335278263858600.properties -v --meta /mnt/poseidon-data/poseidon/workflows/casa-wind-workflow-full/submit/poseidon/pegasus/casa-wind-full/run0075/00/00/um_vel_ID0000117.meta,/mnt/poseidon-data/poseidon/workflows/casa-wind-workflow-full/submit/poseidon/pegasus/casa-wind-full/run0075/00/01/um_vel_ID0000052.meta,/mnt/poseidon-data/poseidon/workflows/casa-wind-workflow-full/submit/poseidon/pegasus/casa-wind-full/run0075/00/00/um_vel_ID0000002.meta,/mnt/poseidon-data/poseidon/workflows/casa-wind-workflow-full/submit/poseidon/pegasus/casa-wind-full/run0075/00/00/um_vel_ID0000012.meta,/mnt/poseidon-data/poseidon/workflows/casa-wind-workflow-full/submit/poseidon/pegasus/casa-wind-full/run0075/00/00/um_vel_ID0000032.meta,/mnt/poseidon-data/poseidon/workflows/casa-wind-workflow-full/submit/poseidon/pegasus/casa-wind-full/run0075/00/01/um_vel_ID0000062.meta,/mnt/poseidon-data/poseidon/workflows/casa-wind-workflow-full/submit/poseidon/pegasus/casa-wind-full/run0075/00/01/um_vel_ID0000112.meta,/mnt/poseidon-data/poseidon/workflows/casa-wind-workflow-full/submit/poseidon/pegasus/casa-wind-full/run0075/00/01/um_vel_ID0000107.meta --insert /mnt/poseidon-data/poseidon/workflows/casa-wind-workflow-full/submit/poseidon/pegasus/casa-wind-full/run0075/00/01/register_condorpool_1_2.in",2.6,0,0,,,,,,,,,
register_condorpool_1_0,None,auxiliary,0,1694315731.0,,,1694315746.0,,,0.0,1694315746.0,1694315751.0,,,0.0,1694315751.0,1694315756.0,15.0,,0.0,5.0,5.0,,,,,poseidon,local,poseidon-submit,pegasus::rc-client,/mnt/poseidon-data/poseidon/pegasus-5.1.0panorama/bin/pegasus-rc-client,"-n pegasus::rc-client -N null -R local  -L casa-wind-full -T 2023-09-08T07:29:05+00:00 /home/poseidon/pegasus-5.1.0panorama/bin/pegasus-rc-client --prefix pegasus.catalog.replica.output --conf /mnt/poseidon-data/poseidon/workflows/casa-wind-workflow-full/submit/poseidon/pegasus/casa-wind-full/run0075/pegasus.10602335278263858600.properties -v --meta /mnt/poseidon-data/poseidon/workflows/casa-wind-workflow-full/submit/poseidon/pegasus/casa-wind-full/run0075/00/01/um_vel_ID0000067.meta,/mnt/poseidon-data/poseidon/workflows/casa-wind-workflow-full/submit/poseidon/pegasus/casa-wind-full/run0075/00/00/um_vel_ID0000127.meta,/mnt/poseidon-data/poseidon/workflows/casa-wind-workflow-full/submit/poseidon/pegasus/casa-wind-full/run0075/00/00/um_vel_ID0000122.meta,/mnt/poseidon-data/poseidon/workflows/casa-wind-workflow-full/submit/poseidon/pegasus/casa-wind-full/run0075/00/00/um_vel_ID0000092.meta,/mnt/poseidon-data/poseidon/workflows/casa-wind-workflow-full/submit/poseidon/pegasus/casa-wind-full/run0075/00/01/um_vel_ID0000077.meta,/mnt/poseidon-data/poseidon/workflows/casa-wind-workflow-full/submit/poseidon/pegasus/casa-wind-full/run0075/00/01/um_vel_ID0000057.meta,/mnt/poseidon-data/poseidon/workflows/casa-wind-workflow-full/submit/poseidon/pegasus/casa-wind-full/run0075/00/00/um_vel_ID0000027.meta,/mnt/poseidon-data/poseidon/workflows/casa-wind-workflow-full/submit/poseidon/pegasus/casa-wind-full/run0075/00/01/um_vel_ID0000042.meta,/mnt/poseidon-data/poseidon/workflows/casa-wind-workflow-full/submit/poseidon/pegasus/casa-wind-full/run0075/00/00/um_vel_ID0000022.meta --insert /mnt/poseidon-data/poseidon/workflows/casa-wind-workflow-full/submit/poseidon/pegasus/casa-wind-full/run0075/00/01/register_condorpool_1_0.in",2.7,0,0,,,,,,,,,
point_alert_ID0000020,None,compute,0,1694315776.0,,,1694315781.0,1694315784.0,1694315795.0,29924123.0,1694315782.0,1694315811.0,1694315800.0,1694315803.0,6536.0,1694315811.0,1694315816.0,5.0,,1.0,29.0,5.0,11.0,176644228.0,3.0,20478.0,poseidon,condorpool,poseidon-worker-1-container-8-11,point_alert,/opt/pointAlert/pointAlert,,0.0,0,0,,,,,,,,,
point_alert_ID0000040,None,compute,0,1694315776.0,,,1694315781.0,1694315784.0,1694315795.0,29552676.0,1694315782.0,1694315811.0,1694315800.0,1694315803.0,6720.0,1694315811.0,1694315816.0,5.0,,1.0,29.0,5.0,11.0,176642369.0,3.0,20558.0,poseidon,condorpool,poseidon-worker-1-container-44-47,point_alert,/opt/pointAlert/pointAlert,,0.0,0,0,,,,,,,,,
point_alert_ID0000090,None,compute,0,1694315776.0,,,1694315781.0,1694315784.0,1694315795.0,32238564.4,1694315782.0,1694315811.0,1694315801.0,1694315804.0,6693.0,1694315811.0,1694315816.0,5.0,,1.0,29.0,5.0,11.0,176656458.0,3.0,20638.0,poseidon,condorpool,poseidon-worker-2-container-32-35,point_alert,/opt/pointAlert/pointAlert,,0.0,0,0,,,,,,,,,
point_alert_ID0000100,None,compute,0,1694315776.0,,,1694315781.0,1694315784.0,1694315795.0,29654616.0,1694315782.0,1694315811.0,1694315800.0,1694315803.0,6624.0,1694315811.0,1694315816.0,5.0,,1.0,29.0,5.0,11.0,176658101.0,3.0,20638.0,poseidon,condorpool,poseidon-worker-2-container-20-23,point_alert,/opt/pointAlert/pointAlert,,0.0,0,0,,,,,,,,,
point_alert_ID0000070,None,compute,0,1694315781.0,,,1694315786.0,1694315789.0,1694315800.0,32083898.6,1694315788.0,1694315816.0,1694315806.0,1694315809.0,6595.0,1694315816.0,1694315821.0,5.0,,2.0,28.0,5.0,11.0,176643292.0,3.0,20558.0,poseidon,condorpool,poseidon-worker-2-container-40-43,point_alert,/opt/pointAlert/pointAlert,,0.0,0,0,,,,,,,,,
stage_out_local_condorpool_2_4,None,transfer,0,1694315781.0,,,1694315786.0,,,0.0,1694315787.0,1694315796.0,,,0.0,1694315796.0,1694315801.0,5.0,,1.0,9.0,5.0,,,,,poseidon,local,poseidon-submit,pegasus::transfer,/mnt/poseidon-data/poseidon/pegasus-5.1.0panorama/bin/pegasus-transfer,/home/poseidon/pegasus-5.1.0panorama/bin/../bin/pegasus-kickstart  -n pegasus::transfer -N null -i - -R local  -L casa-wind-full -T 2023-09-08T07:29:05+00:00 /home/poseidon/pegasus-5.1.0panorama/bin/../bin/pegasus-transfer  --threads 2,0.8,0,0,,,,,,,,,
point_alert_ID0000130,None,compute,0,1694315781.0,,,1694315786.0,1694315789.0,1694315800.0,33857178.0,1694315788.0,1694315816.0,1694315806.0,1694315809.0,7493.0,1694315816.0,1694315821.0,5.0,,2.0,28.0,5.0,11.0,176672472.0,3.0,23118.0,poseidon,condorpool,poseidon-worker-1-container-40-43,point_alert,/opt/pointAlert/pointAlert,,0.0,0,0,,,,,,,,,
point_alert_ID0000055,None,compute,0,1694315781.0,,,1694315786.0,1694315789.0,1694315800.0,32917615.4,1694315788.0,1694315816.0,1694315806.0,1694315809.0,6553.0,1694315816.0,1694315821.0,5.0,,2.0,28.0,5.0,11.0,176636535.0,3.0,20638.0,poseidon,condorpool,poseidon-worker-1-container-36-39,point_alert,/opt/pointAlert/pointAlert,,0.0,0,0,,,,,,,,,
point_alert_ID0000010,None,compute,0,1694315781.0,,,1694315786.0,1694315789.0,1694315800.0,33563657.0,1694315788.0,1694315816.0,1694315805.0,1694315808.0,6628.0,1694315816.0,1694315821.0,5.0,,2.0,28.0,5.0,11.0,176643412.0,3.0,20478.0,poseidon,condorpool,poseidon-worker-2-container-28-31,point_alert,/opt/pointAlert/pointAlert,,0.0,0,0,,,,,,,,,
point_alert_ID0000120,None,compute,0,1694315781.0,,,1694315786.0,1694315789.0,1694315800.0,29841532.0,1694315788.0,1694315816.0,1694315805.0,1694315808.0,7080.0,1694315816.0,1694315821.0,5.0,,2.0,28.0,5.0,11.0,176673508.0,3.0,21998.0,poseidon,condorpool,poseidon-worker-2-container-8-11,point_alert,/opt/pointAlert/pointAlert,,0.0,0,0,,,,,,,,,
point_alert_ID0000110,None,compute,0,1694315786.0,,,1694315791.0,1694315794.0,1694315805.0,29517955.5,1694315793.0,1694315821.0,1694315811.0,1694315814.0,6850.0,1694315821.0,1694315826.0,5.0,,2.0,28.0,5.0,11.0,176667937.0,3.0,21038.0,poseidon,condorpool,poseidon-worker-2-container-44-47,point_alert,/opt/pointAlert/pointAlert,,0.0,0,0,,,,,,,,,
point_alert_ID0000030,None,compute,0,1694315786.0,,,1694315791.0,1694315794.0,1694315805.0,29479819.0,1694315793.0,1694315821.0,1694315811.0,1694315814.0,6574.0,1694315821.0,1694315826.0,5.0,,2.0,28.0,5.0,11.0,176646324.0,3.0,20158.0,poseidon,condorpool,poseidon-worker-2-container-28-31,point_alert,/opt/pointAlert/pointAlert,,0.0,0,0,,,,,,,,,
point_alert_ID0000005,None,compute,0,1694315786.0,,,1694315791.0,1694315794.0,1694315805.0,29814951.0,1694315793.0,1694315821.0,1694315811.0,1694315814.0,6645.0,1694315821.0,1694315826.0,5.0,,2.0,28.0,5.0,11.0,176636764.0,3.0,20398.0,poseidon,condorpool,poseidon-worker-2-container-8-11,point_alert,/opt/pointAlert/pointAlert,,0.0,0,0,,,,,,,,,
point_alert_ID0000095,None,compute,0,1694315786.0,,,1694315791.0,1694315794.0,1694315805.0,29730292.5,1694315793.0,1694315821.0,1694315811.0,1694315814.0,6748.0,1694315821.0,1694315826.0,5.0,,2.0,28.0,5.0,11.0,176660390.0,3.0,20718.0,poseidon,condorpool,poseidon-worker-2-container-24-27,point_alert,/opt/pointAlert/pointAlert,,0.0,0,0,,,,,,,,,
point_alert_ID0000125,None,compute,0,1694315796.0,,,1694315801.0,1694315804.0,1694315815.0,35059299.2,1694315802.0,1694315831.0,1694315820.0,1694315823.0,7465.0,1694315831.0,1694315836.0,5.0,,1.0,29.0,5.0,11.0,176678547.0,3.0,22878.0,poseidon,condorpool,poseidon-worker-1-container-32-35,point_alert,/opt/pointAlert/pointAlert,,0.0,0,0,,,,,,,,,
point_alert_ID0000025,None,compute,0,1694315796.0,,,1694315801.0,1694315804.0,1694315815.0,29897991.5,1694315803.0,1694315831.0,1694315820.0,1694315823.0,6512.0,1694315831.0,1694315836.0,5.0,,2.0,28.0,5.0,11.0,176638688.0,3.0,20078.0,poseidon,condorpool,poseidon-worker-2-container-12-15,point_alert,/opt/pointAlert/pointAlert,,0.0,0,0,,,,,,,,,
point_alert_ID0000050,None,compute,0,1694315796.0,,,1694315801.0,1694315804.0,1694315816.0,29529408.0,1694315802.0,1694315831.0,1694315821.0,1694315824.0,6760.0,1694315831.0,1694315836.0,5.0,,1.0,29.0,5.0,12.0,176632091.0,3.0,20878.0,poseidon,condorpool,poseidon-worker-1-container-16-19,point_alert,/opt/pointAlert/pointAlert,,0.0,0,0,,,,,,,,,
point_alert_ID0000105,None,compute,0,1694315796.0,,,1694315801.0,1694315804.0,1694315815.0,33022058.2,1694315802.0,1694315831.0,1694315820.0,1694315824.0,6859.0,1694315831.0,1694315836.0,5.0,,1.0,29.0,5.0,11.0,176667573.0,4.0,21278.0,poseidon,condorpool,poseidon-worker-2-container-36-39,point_alert,/opt/pointAlert/pointAlert,,0.0,0,0,,,,,,,,,
stage_out_local_condorpool_2_0,None,transfer,0,1694315796.0,,,1694315801.0,,,0.0,1694315802.0,1694315806.0,,,0.0,1694315806.0,1694315811.0,5.0,,1.0,4.0,5.0,,,,,poseidon,local,poseidon-submit,pegasus::transfer,/mnt/poseidon-data/poseidon/pegasus-5.1.0panorama/bin/pegasus-transfer,/home/poseidon/pegasus-5.1.0panorama/bin/../bin/pegasus-kickstart  -n pegasus::transfer -N null -i - -R local  -L casa-wind-full -T 2023-09-08T07:29:05+00:00 /home/poseidon/pegasus-5.1.0panorama/bin/../bin/pegasus-transfer  --threads 2,0.9,0,0,,,,,,,,,
point_alert_ID0000065,None,compute,0,1694315796.0,,,1694315801.0,1694315804.0,1694315815.0,29527734.0,1694315802.0,1694315831.0,1694315820.0,1694315823.0,6544.0,1694315831.0,1694315836.0,5.0,,1.0,29.0,5.0,11.0,176639131.0,3.0,20238.0,poseidon,condorpool,poseidon-worker-2-container-28-31,point_alert,/opt/pointAlert/pointAlert,,0.0,0,0,,,,,,,,,
stage_out_local_condorpool_2_2,None,transfer,0,1694315796.0,,,1694315801.0,,,0.0,1694315802.0,1694315806.0,,,0.0,1694315806.0,1694315811.0,5.0,,1.0,4.0,5.0,,,,,poseidon,local,poseidon-submit,pegasus::transfer,/mnt/poseidon-data/poseidon/pegasus-5.1.0panorama/bin/pegasus-transfer,/home/poseidon/pegasus-5.1.0panorama/bin/../bin/pegasus-kickstart  -n pegasus::transfer -N null -i - -R local  -L casa-wind-full -T 2023-09-08T07:29:05+00:00 /home/poseidon/pegasus-5.1.0panorama/bin/../bin/pegasus-transfer  --threads 2,0.9,0,0,,,,,,,,,
point_alert_ID0000015,None,compute,0,1694315796.0,,,1694315801.0,1694315804.0,1694315815.0,34400096.6,1694315803.0,1694315831.0,1694315820.0,1694315824.0,6546.0,1694315831.0,1694315836.0,5.0,,2.0,28.0,5.0,11.0,176639974.0,4.0,20558.0,poseidon,condorpool,poseidon-worker-1-container-0-3,point_alert,/opt/pointAlert/pointAlert,,0.0,0,0,,,,,,,,,
point_alert_ID0000060,None,compute,0,1694315796.0,,,1694315801.0,1694315805.0,1694315816.0,32955501.4,1694315803.0,1694315831.0,1694315821.0,1694315824.0,6735.0,1694315831.0,1694315836.0,5.0,,2.0,28.0,5.0,11.0,176636147.0,3.0,20878.0,poseidon,condorpool,poseidon-worker-2-container-36-39,point_alert,/opt/pointAlert/pointAlert,,0.0,0,0,,,,,,,,,
point_alert_ID0000075,None,compute,0,1694315796.0,,,1694315801.0,1694315804.0,1694315815.0,29567216.0,1694315802.0,1694315831.0,1694315820.0,1694315823.0,6639.0,1694315831.0,1694315836.0,5.0,,1.0,29.0,5.0,11.0,176646838.0,3.0,20558.0,poseidon,condorpool,poseidon-worker-2-container-32-35,point_alert,/opt/pointAlert/pointAlert,,0.0,0,0,,,,,,,,,
point_alert_ID0000035,None,compute,0,1694315796.0,,,1694315801.0,1694315804.0,1694315816.0,29618157.8,1694315802.0,1694315831.0,1694315821.0,1694315824.0,6519.0,1694315831.0,1694315836.0,5.0,,1.0,29.0,5.0,12.0,176638959.0,3.0,20078.0,poseidon,condorpool,poseidon-worker-1-container-16-19,point_alert,/opt/pointAlert/pointAlert,,0.0,0,0,,,,,,,,,
point_alert_ID0000045,None,compute,0,1694315796.0,,,1694315801.0,1694315804.0,1694315815.0,29575014.5,1694315802.0,1694315831.0,1694315820.0,1694315823.0,6671.0,1694315831.0,1694315836.0,5.0,,1.0,29.0,5.0,11.0,176636096.0,3.0,20798.0,poseidon,condorpool,poseidon-worker-2-container-0-3,point_alert,/opt/pointAlert/pointAlert,,0.0,0,0,,,,,,,,,
stage_out_local_condorpool_2_3,None,transfer,0,1694315801.0,,,1694315806.0,,,0.0,1694315807.0,1694315811.0,,,0.0,1694315811.0,1694315816.0,5.0,,1.0,4.0,5.0,,,,,poseidon,local,poseidon-submit,pegasus::transfer,/mnt/poseidon-data/poseidon/pegasus-5.1.0panorama/bin/pegasus-transfer,/home/poseidon/pegasus-5.1.0panorama/bin/../bin/pegasus-kickstart  -n pegasus::transfer -N null -i - -R local  -L casa-wind-full -T 2023-09-08T07:29:05+00:00 /home/poseidon/pegasus-5.1.0panorama/bin/../bin/pegasus-transfer  --threads 2,0.9,0,0,,,,,,,,,
register_condorpool_2_4,None,auxiliary,0,1694315801.0,,,1694315806.0,,,0.0,1694315807.0,1694315811.0,,,0.0,1694315811.0,1694315816.0,5.0,,1.0,4.0,5.0,,,,,poseidon,local,poseidon-submit,pegasus::rc-client,/mnt/poseidon-data/poseidon/pegasus-5.1.0panorama/bin/pegasus-rc-client,"-n pegasus::rc-client -N null -R local  -L casa-wind-full -T 2023-09-08T07:29:05+00:00 /home/poseidon/pegasus-5.1.0panorama/bin/pegasus-rc-client --prefix pegasus.catalog.replica.output --conf /mnt/poseidon-data/poseidon/workflows/casa-wind-workflow-full/submit/poseidon/pegasus/casa-wind-full/run0075/pegasus.10602335278263858600.properties -v --meta /mnt/poseidon-data/poseidon/workflows/casa-wind-workflow-full/submit/poseidon/pegasus/casa-wind-full/run0075/00/02/post_vel_ID0000108.meta,/mnt/poseidon-data/poseidon/workflows/casa-wind-workflow-full/submit/poseidon/pegasus/casa-wind-full/run0075/00/01/post_vel_ID0000063.meta,/mnt/poseidon-data/poseidon/workflows/casa-wind-workflow-full/submit/poseidon/pegasus/casa-wind-full/run0075/00/01/post_vel_ID0000013.meta,/mnt/poseidon-data/poseidon/workflows/casa-wind-workflow-full/submit/poseidon/pegasus/casa-wind-full/run0075/00/02/mvt_ID0000054.meta,/mnt/poseidon-data/poseidon/workflows/casa-wind-workflow-full/submit/poseidon/pegasus/casa-wind-full/run0075/00/01/post_vel_ID0000033.meta,/mnt/poseidon-data/poseidon/workflows/casa-wind-workflow-full/submit/poseidon/pegasus/casa-wind-full/run0075/00/02/post_vel_ID0000113.meta,/mnt/poseidon-data/poseidon/workflows/casa-wind-workflow-full/submit/poseidon/pegasus/casa-wind-full/run0075/00/01/post_vel_ID0000003.meta,/mnt/poseidon-data/poseidon/workflows/casa-wind-workflow-full/submit/poseidon/pegasus/casa-wind-full/run0075/00/01/post_vel_ID0000118.meta --insert /mnt/poseidon-data/poseidon/workflows/casa-wind-workflow-full/submit/poseidon/pegasus/casa-wind-full/run0075/00/02/register_condorpool_2_4.in",2.6,0,0,,,,,,,,,
point_alert_ID0000085,None,compute,0,1694315801.0,,,1694315806.0,1694315809.0,1694315820.0,29871223.0,1694315807.0,1694315836.0,1694315825.0,1694315828.0,6880.0,1694315836.0,1694315841.0,5.0,,1.0,29.0,5.0,11.0,176655981.0,3.0,21118.0,poseidon,condorpool,poseidon-worker-2-container-4-7,point_alert,/opt/pointAlert/pointAlert,,0.0,0,0,,,,,,,,,
stage_out_local_condorpool_2_5,None,transfer,0,1694315801.0,,,1694315806.0,,,0.0,1694315807.0,1694315811.0,,,0.0,1694315811.0,1694315816.0,5.0,,1.0,4.0,5.0,,,,,poseidon,local,poseidon-submit,pegasus::transfer,/mnt/poseidon-data/poseidon/pegasus-5.1.0panorama/bin/pegasus-transfer,/home/poseidon/pegasus-5.1.0panorama/bin/../bin/pegasus-kickstart  -n pegasus::transfer -N null -i - -R local  -L casa-wind-full -T 2023-09-08T07:29:05+00:00 /home/poseidon/pegasus-5.1.0panorama/bin/../bin/pegasus-transfer  --threads 2,0.9,0,0,,,,,,,,,
stage_out_local_condorpool_2_1,None,transfer,0,1694315801.0,,,1694315806.0,,,0.0,1694315807.0,1694315811.0,,,0.0,1694315811.0,1694315816.0,5.0,,1.0,4.0,5.0,,,,,poseidon,local,poseidon-submit,pegasus::transfer,/mnt/poseidon-data/poseidon/pegasus-5.1.0panorama/bin/pegasus-transfer,/home/poseidon/pegasus-5.1.0panorama/bin/../bin/pegasus-kickstart  -n pegasus::transfer -N null -i - -R local  -L casa-wind-full -T 2023-09-08T07:29:05+00:00 /home/poseidon/pegasus-5.1.0panorama/bin/../bin/pegasus-transfer  --threads 2,0.9,0,0,,,,,,,,,
point_alert_ID0000080,None,compute,0,1694315801.0,,,1694315806.0,1694315809.0,1694315820.0,33162599.6,1694315807.0,1694315836.0,1694315825.0,1694315828.0,6751.0,1694315836.0,1694315841.0,5.0,,1.0,29.0,5.0,11.0,176653320.0,3.0,20718.0,poseidon,condorpool,poseidon-worker-1-container-24-27,point_alert,/opt/pointAlert/pointAlert,,0.0,0,0,,,,,,,,,
point_alert_ID0000115,None,compute,0,1694315801.0,,,1694315806.0,1694315811.0,1694315822.0,29918999.5,1694315809.0,1694315836.0,1694315827.0,1694315830.0,7030.0,1694315836.0,1694315841.0,5.0,,3.0,27.0,5.0,11.0,176681217.0,3.0,21598.0,poseidon,condorpool,poseidon-worker-1-container-8-11,point_alert,/opt/pointAlert/pointAlert,,0.0,0,0,,,,,,,,,
register_condorpool_2_0,None,auxiliary,0,1694315811.0,,,1694315856.0,,,0.0,1694315857.0,1694315861.0,,,0.0,1694315861.0,1694315866.0,45.0,,1.0,4.0,5.0,,,,,poseidon,local,poseidon-submit,pegasus::rc-client,/mnt/poseidon-data/poseidon/pegasus-5.1.0panorama/bin/pegasus-rc-client,"-n pegasus::rc-client -N null -R local  -L casa-wind-full -T 2023-09-08T07:29:05+00:00 /home/poseidon/pegasus-5.1.0panorama/bin/pegasus-rc-client --prefix pegasus.catalog.replica.output --conf /mnt/poseidon-data/poseidon/workflows/casa-wind-workflow-full/submit/poseidon/pegasus/casa-wind-full/run0075/pegasus.10602335278263858600.properties -v --meta /mnt/poseidon-data/poseidon/workflows/casa-wind-workflow-full/submit/poseidon/pegasus/casa-wind-full/run0075/00/01/post_vel_ID0000023.meta,/mnt/poseidon-data/poseidon/workflows/casa-wind-workflow-full/submit/poseidon/pegasus/casa-wind-full/run0075/00/01/post_vel_ID0000093.meta,/mnt/poseidon-data/poseidon/workflows/casa-wind-workflow-full/submit/poseidon/pegasus/casa-wind-full/run0075/00/01/mvt_ID0000129.meta,/mnt/poseidon-data/poseidon/workflows/casa-wind-workflow-full/submit/poseidon/pegasus/casa-wind-full/run0075/00/02/mvt_ID0000044.meta,/mnt/poseidon-data/poseidon/workflows/casa-wind-workflow-full/submit/poseidon/pegasus/casa-wind-full/run0075/00/02/post_vel_ID0000058.meta,/mnt/poseidon-data/poseidon/workflows/casa-wind-workflow-full/submit/poseidon/pegasus/casa-wind-full/run0075/00/01/post_vel_ID0000068.meta,/mnt/poseidon-data/poseidon/workflows/casa-wind-workflow-full/submit/poseidon/pegasus/casa-wind-full/run0075/00/01/post_vel_ID0000123.meta,/mnt/poseidon-data/poseidon/workflows/casa-wind-workflow-full/submit/poseidon/pegasus/casa-wind-full/run0075/00/02/post_vel_ID0000078.meta,/mnt/poseidon-data/poseidon/workflows/casa-wind-workflow-full/submit/poseidon/pegasus/casa-wind-full/run0075/00/01/mvt_ID0000029.meta --insert /mnt/poseidon-data/poseidon/workflows/casa-wind-workflow-full/submit/poseidon/pegasus/casa-wind-full/run0075/00/02/register_condorpool_2_0.in",2.8,0,0,,,,,,,,,
register_condorpool_2_2,None,auxiliary,0,1694315811.0,,,1694315816.0,,,0.0,1694315816.0,1694315821.0,,,0.0,1694315821.0,1694315826.0,5.0,,0.0,5.0,5.0,,,,,poseidon,local,poseidon-submit,pegasus::rc-client,/mnt/poseidon-data/poseidon/pegasus-5.1.0panorama/bin/pegasus-rc-client,"-n pegasus::rc-client -N null -R local  -L casa-wind-full -T 2023-09-08T07:29:05+00:00 /home/poseidon/pegasus-5.1.0panorama/bin/pegasus-rc-client --prefix pegasus.catalog.replica.output --conf /mnt/poseidon-data/poseidon/workflows/casa-wind-workflow-full/submit/poseidon/pegasus/casa-wind-full/run0075/pegasus.10602335278263858600.properties -v --meta /mnt/poseidon-data/poseidon/workflows/casa-wind-workflow-full/submit/poseidon/pegasus/casa-wind-full/run0075/00/02/post_vel_ID0000073.meta,/mnt/poseidon-data/poseidon/workflows/casa-wind-workflow-full/submit/poseidon/pegasus/casa-wind-full/run0075/00/02/mvt_ID0000039.meta,/mnt/poseidon-data/poseidon/workflows/casa-wind-workflow-full/submit/poseidon/pegasus/casa-wind-full/run0075/00/01/mvt_ID0000099.meta,/mnt/poseidon-data/poseidon/workflows/casa-wind-workflow-full/submit/poseidon/pegasus/casa-wind-full/run0075/00/01/post_vel_ID0000008.meta,/mnt/poseidon-data/poseidon/workflows/casa-wind-workflow-full/submit/poseidon/pegasus/casa-wind-full/run0075/00/02/mvt_ID0000049.meta,/mnt/poseidon-data/poseidon/workflows/casa-wind-workflow-full/submit/poseidon/pegasus/casa-wind-full/run0075/00/01/mvt_ID0000019.meta,/mnt/poseidon-data/poseidon/workflows/casa-wind-workflow-full/submit/poseidon/pegasus/casa-wind-full/run0075/00/02/mvt_ID0000104.meta,/mnt/poseidon-data/poseidon/workflows/casa-wind-workflow-full/submit/poseidon/pegasus/casa-wind-full/run0075/00/01/post_vel_ID0000083.meta,/mnt/poseidon-data/poseidon/workflows/casa-wind-workflow-full/submit/poseidon/pegasus/casa-wind-full/run0075/00/01/post_vel_ID0000088.meta --insert /mnt/poseidon-data/poseidon/workflows/casa-wind-workflow-full/submit/poseidon/pegasus/casa-wind-full/run0075/00/02/register_condorpool_2_2.in",2.7,0,0,,,,,,,,,
register_condorpool_2_1,None,auxiliary,0,1694315816.0,,,1694315826.0,,,0.0,1694315827.0,1694315831.0,,,0.0,1694315831.0,1694315836.0,10.0,,1.0,4.0,5.0,,,,,poseidon,local,poseidon-submit,pegasus::rc-client,/mnt/poseidon-data/poseidon/pegasus-5.1.0panorama/bin/pegasus-rc-client,"-n pegasus::rc-client -N null -R local  -L casa-wind-full -T 2023-09-08T07:29:05+00:00 /home/poseidon/pegasus-5.1.0panorama/bin/pegasus-rc-client --prefix pegasus.catalog.replica.output --conf /mnt/poseidon-data/poseidon/workflows/casa-wind-workflow-full/submit/poseidon/pegasus/casa-wind-full/run0075/pegasus.10602335278263858600.properties -v --meta /mnt/poseidon-data/poseidon/workflows/casa-wind-workflow-full/submit/poseidon/pegasus/casa-wind-full/run0075/00/01/post_vel_ID0000028.meta,/mnt/poseidon-data/poseidon/workflows/casa-wind-workflow-full/submit/poseidon/pegasus/casa-wind-full/run0075/00/02/post_vel_ID0000043.meta,/mnt/poseidon-data/poseidon/workflows/casa-wind-workflow-full/submit/poseidon/pegasus/casa-wind-full/run0075/00/01/post_vel_ID0000128.meta,/mnt/poseidon-data/poseidon/workflows/casa-wind-workflow-full/submit/poseidon/pegasus/casa-wind-full/run0075/00/01/mvt_ID0000094.meta,/mnt/poseidon-data/poseidon/workflows/casa-wind-workflow-full/submit/poseidon/pegasus/casa-wind-full/run0075/00/01/mvt_ID0000069.meta,/mnt/poseidon-data/poseidon/workflows/casa-wind-workflow-full/submit/poseidon/pegasus/casa-wind-full/run0075/00/02/mvt_ID0000059.meta,/mnt/poseidon-data/poseidon/workflows/casa-wind-workflow-full/submit/poseidon/pegasus/casa-wind-full/run0075/00/01/mvt_ID0000124.meta,/mnt/poseidon-data/poseidon/workflows/casa-wind-workflow-full/submit/poseidon/pegasus/casa-wind-full/run0075/00/01/mvt_ID0000024.meta,/mnt/poseidon-data/poseidon/workflows/casa-wind-workflow-full/submit/poseidon/pegasus/casa-wind-full/run0075/00/02/mvt_ID0000079.meta --insert /mnt/poseidon-data/poseidon/workflows/casa-wind-workflow-full/submit/poseidon/pegasus/casa-wind-full/run0075/00/02/register_condorpool_2_1.in",2.8,0,0,,,,,,,,,
register_condorpool_2_5,None,auxiliary,0,1694315816.0,,,1694315846.0,,,0.0,1694315846.0,1694315851.0,,,0.0,1694315851.0,1694315856.0,30.0,,0.0,5.0,5.0,,,,,poseidon,local,poseidon-submit,pegasus::rc-client,/mnt/poseidon-data/poseidon/pegasus-5.1.0panorama/bin/pegasus-rc-client,"-n pegasus::rc-client -N null -R local  -L casa-wind-full -T 2023-09-08T07:29:05+00:00 /home/poseidon/pegasus-5.1.0panorama/bin/pegasus-rc-client --prefix pegasus.catalog.replica.output --conf /mnt/poseidon-data/poseidon/workflows/casa-wind-workflow-full/submit/poseidon/pegasus/casa-wind-full/run0075/pegasus.10602335278263858600.properties -v --meta /mnt/poseidon-data/poseidon/workflows/casa-wind-workflow-full/submit/poseidon/pegasus/casa-wind-full/run0075/00/01/mvt_ID0000004.meta,/mnt/poseidon-data/poseidon/workflows/casa-wind-workflow-full/submit/poseidon/pegasus/casa-wind-full/run0075/00/01/mvt_ID0000119.meta,/mnt/poseidon-data/poseidon/workflows/casa-wind-workflow-full/submit/poseidon/pegasus/casa-wind-full/run0075/00/02/post_vel_ID0000053.meta,/mnt/poseidon-data/poseidon/workflows/casa-wind-workflow-full/submit/poseidon/pegasus/casa-wind-full/run0075/00/02/mvt_ID0000114.meta,/mnt/poseidon-data/poseidon/workflows/casa-wind-workflow-full/submit/poseidon/pegasus/casa-wind-full/run0075/00/01/mvt_ID0000034.meta,/mnt/poseidon-data/poseidon/workflows/casa-wind-workflow-full/submit/poseidon/pegasus/casa-wind-full/run0075/00/01/mvt_ID0000014.meta,/mnt/poseidon-data/poseidon/workflows/casa-wind-workflow-full/submit/poseidon/pegasus/casa-wind-full/run0075/00/02/mvt_ID0000109.meta,/mnt/poseidon-data/poseidon/workflows/casa-wind-workflow-full/submit/poseidon/pegasus/casa-wind-full/run0075/00/01/mvt_ID0000064.meta --insert /mnt/poseidon-data/poseidon/workflows/casa-wind-workflow-full/submit/poseidon/pegasus/casa-wind-full/run0075/00/02/register_condorpool_2_5.in",2.7,0,0,,,,,,,,,
register_condorpool_2_3,None,auxiliary,0,1694315816.0,,,1694315836.0,,,0.0,1694315837.0,1694315841.0,,,0.0,1694315841.0,1694315846.0,20.0,,1.0,4.0,5.0,,,,,poseidon,local,poseidon-submit,pegasus::rc-client,/mnt/poseidon-data/poseidon/pegasus-5.1.0panorama/bin/pegasus-rc-client,"-n pegasus::rc-client -N null -R local  -L casa-wind-full -T 2023-09-08T07:29:05+00:00 /home/poseidon/pegasus-5.1.0panorama/bin/pegasus-rc-client --prefix pegasus.catalog.replica.output --conf /mnt/poseidon-data/poseidon/workflows/casa-wind-workflow-full/submit/poseidon/pegasus/casa-wind-full/run0075/pegasus.10602335278263858600.properties -v --meta /mnt/poseidon-data/poseidon/workflows/casa-wind-workflow-full/submit/poseidon/pegasus/casa-wind-full/run0075/00/01/mvt_ID0000084.meta,/mnt/poseidon-data/poseidon/workflows/casa-wind-workflow-full/submit/poseidon/pegasus/casa-wind-full/run0075/00/02/post_vel_ID0000103.meta,/mnt/poseidon-data/poseidon/workflows/casa-wind-workflow-full/submit/poseidon/pegasus/casa-wind-full/run0075/00/01/post_vel_ID0000098.meta,/mnt/poseidon-data/poseidon/workflows/casa-wind-workflow-full/submit/poseidon/pegasus/casa-wind-full/run0075/00/02/post_vel_ID0000048.meta,/mnt/poseidon-data/poseidon/workflows/casa-wind-workflow-full/submit/poseidon/pegasus/casa-wind-full/run0075/00/01/mvt_ID0000009.meta,/mnt/poseidon-data/poseidon/workflows/casa-wind-workflow-full/submit/poseidon/pegasus/casa-wind-full/run0075/00/01/post_vel_ID0000018.meta,/mnt/poseidon-data/poseidon/workflows/casa-wind-workflow-full/submit/poseidon/pegasus/casa-wind-full/run0075/00/01/mvt_ID0000089.meta,/mnt/poseidon-data/poseidon/workflows/casa-wind-workflow-full/submit/poseidon/pegasus/casa-wind-full/run0075/00/02/mvt_ID0000074.meta,/mnt/poseidon-data/poseidon/workflows/casa-wind-workflow-full/submit/poseidon/pegasus/casa-wind-full/run0075/00/02/post_vel_ID0000038.meta --insert /mnt/poseidon-data/poseidon/workflows/casa-wind-workflow-full/submit/poseidon/pegasus/casa-wind-full/run0075/00/02/register_condorpool_2_3.in",2.7,0,0,,,,,,,,,
stage_out_local_condorpool_3_0,None,transfer,0,1694315841.0,,,1694315846.0,,,0.0,1694315846.0,1694315851.0,,,0.0,1694315851.0,1694315856.0,5.0,,0.0,5.0,5.0,,,,,poseidon,local,poseidon-submit,pegasus::transfer,/mnt/poseidon-data/poseidon/pegasus-5.1.0panorama/bin/pegasus-transfer,/home/poseidon/pegasus-5.1.0panorama/bin/../bin/pegasus-kickstart  -n pegasus::transfer -N null -i - -R local  -L casa-wind-full -T 2023-09-08T07:29:05+00:00 /home/poseidon/pegasus-5.1.0panorama/bin/../bin/pegasus-transfer  --threads 2,0.9,0,0,,,,,,,,,
stage_out_local_condorpool_3_2,None,transfer,0,1694315841.0,,,1694315846.0,,,0.0,1694315846.0,1694315851.0,,,0.0,1694315851.0,1694315856.0,5.0,,0.0,5.0,5.0,,,,,poseidon,local,poseidon-submit,pegasus::transfer,/mnt/poseidon-data/poseidon/pegasus-5.1.0panorama/bin/pegasus-transfer,/home/poseidon/pegasus-5.1.0panorama/bin/../bin/pegasus-kickstart  -n pegasus::transfer -N null -i - -R local  -L casa-wind-full -T 2023-09-08T07:29:05+00:00 /home/poseidon/pegasus-5.1.0panorama/bin/../bin/pegasus-transfer  --threads 2,0.8,0,0,,,,,,,,,
stage_out_local_condorpool_3_1,None,transfer,0,1694315841.0,,,1694315846.0,,,0.0,1694315846.0,1694315851.0,,,0.0,1694315851.0,1694315856.0,5.0,,0.0,5.0,5.0,,,,,poseidon,local,poseidon-submit,pegasus::transfer,/mnt/poseidon-data/poseidon/pegasus-5.1.0panorama/bin/pegasus-transfer,/home/poseidon/pegasus-5.1.0panorama/bin/../bin/pegasus-kickstart  -n pegasus::transfer -N null -i - -R local  -L casa-wind-full -T 2023-09-08T07:29:05+00:00 /home/poseidon/pegasus-5.1.0panorama/bin/../bin/pegasus-transfer  --threads 2,0.9,0,0,,,,,,,,,
register_condorpool_3_0,None,auxiliary,0,1694315856.0,,,1694315876.0,,,0.0,1694315876.0,1694315881.0,,,0.0,1694315881.0,1694315886.0,20.0,,0.0,5.0,5.0,,,,,poseidon,local,poseidon-submit,pegasus::rc-client,/mnt/poseidon-data/poseidon/pegasus-5.1.0panorama/bin/pegasus-rc-client,"-n pegasus::rc-client -N null -R local  -L casa-wind-full -T 2023-09-08T07:29:05+00:00 /home/poseidon/pegasus-5.1.0panorama/bin/pegasus-rc-client --prefix pegasus.catalog.replica.output --conf /mnt/poseidon-data/poseidon/workflows/casa-wind-workflow-full/submit/poseidon/pegasus/casa-wind-full/run0075/pegasus.10602335278263858600.properties -v --meta /mnt/poseidon-data/poseidon/workflows/casa-wind-workflow-full/submit/poseidon/pegasus/casa-wind-full/run0075/00/02/point_alert_ID0000125.meta,/mnt/poseidon-data/poseidon/workflows/casa-wind-workflow-full/submit/poseidon/pegasus/casa-wind-full/run0075/00/02/point_alert_ID0000095.meta,/mnt/poseidon-data/poseidon/workflows/casa-wind-workflow-full/submit/poseidon/pegasus/casa-wind-full/run0075/00/03/point_alert_ID0000060.meta,/mnt/poseidon-data/poseidon/workflows/casa-wind-workflow-full/submit/poseidon/pegasus/casa-wind-full/run0075/00/02/point_alert_ID0000030.meta,/mnt/poseidon-data/poseidon/workflows/casa-wind-workflow-full/submit/poseidon/pegasus/casa-wind-full/run0075/00/02/point_alert_ID0000025.meta,/mnt/poseidon-data/poseidon/workflows/casa-wind-workflow-full/submit/poseidon/pegasus/casa-wind-full/run0075/00/03/point_alert_ID0000045.meta,/mnt/poseidon-data/poseidon/workflows/casa-wind-workflow-full/submit/poseidon/pegasus/casa-wind-full/run0075/00/02/point_alert_ID0000130.meta,/mnt/poseidon-data/poseidon/workflows/casa-wind-workflow-full/submit/poseidon/pegasus/casa-wind-full/run0075/00/02/point_alert_ID0000070.meta,/mnt/poseidon-data/poseidon/workflows/casa-wind-workflow-full/submit/poseidon/pegasus/casa-wind-full/run0075/00/02/point_alert_ID0000080.meta --insert /mnt/poseidon-data/poseidon/workflows/casa-wind-workflow-full/submit/poseidon/pegasus/casa-wind-full/run0075/00/03/register_condorpool_3_0.in",2.6,0,0,,,,,,,,,
register_condorpool_3_2,None,auxiliary,0,1694315856.0,,,1694315886.0,,,0.0,1694315886.0,1694315891.0,,,0.0,1694315891.0,1694315896.0,30.0,,0.0,5.0,5.0,,,,,poseidon,local,poseidon-submit,pegasus::rc-client,/mnt/poseidon-data/poseidon/pegasus-5.1.0panorama/bin/pegasus-rc-client,"-n pegasus::rc-client -N null -R local  -L casa-wind-full -T 2023-09-08T07:29:05+00:00 /home/poseidon/pegasus-5.1.0panorama/bin/pegasus-rc-client --prefix pegasus.catalog.replica.output --conf /mnt/poseidon-data/poseidon/workflows/casa-wind-workflow-full/submit/poseidon/pegasus/casa-wind-full/run0075/pegasus.10602335278263858600.properties -v --meta /mnt/poseidon-data/poseidon/workflows/casa-wind-workflow-full/submit/poseidon/pegasus/casa-wind-full/run0075/00/03/point_alert_ID0000110.meta,/mnt/poseidon-data/poseidon/workflows/casa-wind-workflow-full/submit/poseidon/pegasus/casa-wind-full/run0075/00/03/point_alert_ID0000055.meta,/mnt/poseidon-data/poseidon/workflows/casa-wind-workflow-full/submit/poseidon/pegasus/casa-wind-full/run0075/00/02/point_alert_ID0000115.meta,/mnt/poseidon-data/poseidon/workflows/casa-wind-workflow-full/submit/poseidon/pegasus/casa-wind-full/run0075/00/02/point_alert_ID0000120.meta,/mnt/poseidon-data/poseidon/workflows/casa-wind-workflow-full/submit/poseidon/pegasus/casa-wind-full/run0075/00/02/point_alert_ID0000035.meta,/mnt/poseidon-data/poseidon/workflows/casa-wind-workflow-full/submit/poseidon/pegasus/casa-wind-full/run0075/00/02/point_alert_ID0000015.meta,/mnt/poseidon-data/poseidon/workflows/casa-wind-workflow-full/submit/poseidon/pegasus/casa-wind-full/run0075/00/02/point_alert_ID0000065.meta,/mnt/poseidon-data/poseidon/workflows/casa-wind-workflow-full/submit/poseidon/pegasus/casa-wind-full/run0075/00/02/point_alert_ID0000005.meta --insert /mnt/poseidon-data/poseidon/workflows/casa-wind-workflow-full/submit/poseidon/pegasus/casa-wind-full/run0075/00/03/register_condorpool_3_2.in",2.6,0,0,,,,,,,,,
cleanup_casa-wind-full_0_condorpool,None,auxiliary,0,1694315856.0,,,1694315861.0,,,0.0,1694315862.0,1694315866.0,,,0.0,1694315866.0,1694315871.0,5.0,,1.0,4.0,5.0,,,,,poseidon,local,poseidon-submit,pegasus::cleanup,/mnt/poseidon-data/poseidon/pegasus-5.1.0panorama/bin/pegasus-transfer,pegasus-kickstart  -n pegasus::cleanup -N null -i - -R local  -L casa-wind-full -T 2023-09-08T07:29:05+00:00 pegasus-transfer,0.2,0,0,,,,,,,,,
register_condorpool_3_1,None,auxiliary,0,1694315856.0,,,1694315866.0,,,0.0,1694315867.0,1694315871.0,,,0.0,1694315871.0,1694315876.0,10.0,,1.0,4.0,5.0,,,,,poseidon,local,poseidon-submit,pegasus::rc-client,/mnt/poseidon-data/poseidon/pegasus-5.1.0panorama/bin/pegasus-rc-client,"-n pegasus::rc-client -N null -R local  -L casa-wind-full -T 2023-09-08T07:29:05+00:00 /home/poseidon/pegasus-5.1.0panorama/bin/pegasus-rc-client --prefix pegasus.catalog.replica.output --conf /mnt/poseidon-data/poseidon/workflows/casa-wind-workflow-full/submit/poseidon/pegasus/casa-wind-full/run0075/pegasus.10602335278263858600.properties -v --meta /mnt/poseidon-data/poseidon/workflows/casa-wind-workflow-full/submit/poseidon/pegasus/casa-wind-full/run0075/00/02/point_alert_ID0000010.meta,/mnt/poseidon-data/poseidon/workflows/casa-wind-workflow-full/submit/poseidon/pegasus/casa-wind-full/run0075/00/02/point_alert_ID0000090.meta,/mnt/poseidon-data/poseidon/workflows/casa-wind-workflow-full/submit/poseidon/pegasus/casa-wind-full/run0075/00/02/point_alert_ID0000085.meta,/mnt/poseidon-data/poseidon/workflows/casa-wind-workflow-full/submit/poseidon/pegasus/casa-wind-full/run0075/00/02/point_alert_ID0000075.meta,/mnt/poseidon-data/poseidon/workflows/casa-wind-workflow-full/submit/poseidon/pegasus/casa-wind-full/run0075/00/02/point_alert_ID0000100.meta,/mnt/poseidon-data/poseidon/workflows/casa-wind-workflow-full/submit/poseidon/pegasus/casa-wind-full/run0075/00/03/point_alert_ID0000040.meta,/mnt/poseidon-data/poseidon/workflows/casa-wind-workflow-full/submit/poseidon/pegasus/casa-wind-full/run0075/00/02/point_alert_ID0000020.meta,/mnt/poseidon-data/poseidon/workflows/casa-wind-workflow-full/submit/poseidon/pegasus/casa-wind-full/run0075/00/03/point_alert_ID0000050.meta,/mnt/poseidon-data/poseidon/workflows/casa-wind-workflow-full/submit/poseidon/pegasus/casa-wind-full/run0075/00/03/point_alert_ID0000105.meta --insert /mnt/poseidon-data/poseidon/workflows/casa-wind-workflow-full/submit/poseidon/pegasus/casa-wind-full/run0075/00/03/register_condorpool_3_1.in",2.7,0,0,,,,,,,,,
