,anomaly_type,type,is_clustered,ready,pre_script_start,pre_script_end,submit,stage_in_start,stage_in_end,stage_in_effective_bytes_per_sec,execute_start,execute_end,stage_out_start,stage_out_end,stage_out_effective_bytes_per_sec,post_script_start,post_script_end,wms_delay,pre_script_delay,queue_delay,runtime,post_script_delay,stage_in_delay,stage_in_bytes,stage_out_delay,stage_out_bytes,kickstart_user,kickstart_site,kickstart_hostname,kickstart_transformations,kickstart_executables,kickstart_executables_argv,kickstart_executables_cpu_time,kickstart_status,kickstart_executables_exitcode,kickstart_online_iowait,kickstart_online_bytes_read,kickstart_online_bytes_written,kickstart_online_read_system_calls,kickstart_online_write_system_calls,kickstart_online_utime,kickstart_online_stime,kickstart_online_bytes_read_per_second,kickstart_online_bytes_written_per_second
create_dir_casa-wind-full_0_condorpool,None,auxiliary,0,1694305039.0,,,1694305040.0,,,0.0,1694305045.0,1694305050.0,,,0.0,1694305050.0,1694305055.0,1.0,,5.0,5.0,5.0,,,,,poseidon,local,poseidon-submit,pegasus::dirmanager,/mnt/poseidon-data/poseidon/pegasus-5.1.0panorama/bin/pegasus-transfer,pegasus-kickstart  -n pegasus::dirmanager -N null -i - -R local  -L casa-wind-full -T 2023-09-08T07:29:05+00:00 pegasus-transfer,0.2,0,0,,,,,,,,,
unzip_ID0000006,None,compute,0,1694305055.0,,,1694305061.0,1694305085.0,1694305094.0,26241796.0,1694305083.0,1694305132.0,1694305106.0,1694305122.0,31492315.0,1694305132.0,1694305137.0,6.0,,22.0,49.0,5.0,9.0,222753803.0,16.0,501616588.0,poseidon,condorpool,poseidon-worker-1-container-32-35,unzip,/usr/bin/gunzip,,3.9,0,0,,,,,,,,,
unzip_ID0000106,None,compute,0,1694305055.0,,,1694305061.0,1694305085.0,1694305093.0,30682976.0,1694305084.0,1694305132.0,1694305107.0,1694305122.0,32607494.0,1694305132.0,1694305137.0,6.0,,23.0,48.0,5.0,8.0,241199298.0,15.0,501821816.0,poseidon,condorpool,poseidon-worker-1-container-44-47,unzip,/usr/bin/gunzip,,4.1,0,0,,,,,,,,,
unzip_ID0000046,None,compute,0,1694305055.0,,,1694305061.0,1694305082.0,1694305090.0,28892244.0,1694305080.0,1694305126.0,1694305103.0,1694305116.0,38567461.0,1694305126.0,1694305132.0,6.0,,19.0,46.0,6.0,8.0,229692821.0,13.0,523855228.0,poseidon,condorpool,poseidon-worker-2-container-4-7,unzip,/usr/bin/gunzip,,4.0,0,0,,,,,,,,,
unzip_ID0000101,None,compute,0,1694305055.0,,,1694305061.0,1694305082.0,1694305091.0,29539029.0,1694305081.0,1694305137.0,1694305104.0,1694305129.0,22582427.0,1694305137.0,1694305142.0,6.0,,20.0,56.0,5.0,9.0,250988249.0,25.0,561551644.0,poseidon,condorpool,poseidon-worker-2-container-8-11,unzip,/usr/bin/gunzip,,4.3,0,0,,,,,,,,,
unzip_ID0000026,None,compute,0,1694305055.0,,,1694305061.0,1694305082.0,1694305091.0,25988239.0,1694305080.0,1694305126.0,1694305103.0,1694305119.0,33442100.0,1694305126.0,1694305132.0,6.0,,19.0,46.0,6.0,9.0,227963832.0,16.0,523917888.0,poseidon,condorpool,poseidon-worker-1-container-0-3,unzip,/usr/bin/gunzip,,4.0,0,0,,,,,,,,,
unzip_ID0000126,None,compute,0,1694305055.0,,,1694305061.0,1694305082.0,1694305089.0,34659464.0,1694305080.0,1694305121.0,1694305101.0,1694305112.0,49163289.0,1694305121.0,1694305126.0,6.0,,19.0,41.0,5.0,7.0,249343892.0,11.0,520618424.0,poseidon,condorpool,poseidon-worker-2-container-20-23,unzip,/usr/bin/gunzip,,4.2,0,0,,,,,,,,,
unzip_ID0000031,None,compute,0,1694305055.0,,,1694305061.0,1694305081.0,1694305088.0,31500755.0,1694305079.0,1694305121.0,1694305101.0,1694305111.0,55098295.0,1694305121.0,1694305126.0,6.0,,18.0,42.0,5.0,7.0,237517035.0,10.0,539438752.0,poseidon,condorpool,poseidon-worker-2-container-12-15,unzip,/usr/bin/gunzip,,4.1,0,0,,,,,,,,,
unzip_ID0000076,None,compute,0,1694305055.0,,,1694305061.0,1694305083.0,1694305092.0,24645314.0,1694305081.0,1694305132.0,1694305106.0,1694305124.0,28521785.0,1694305132.0,1694305137.0,6.0,,20.0,51.0,5.0,9.0,233747923.0,18.0,523942844.0,poseidon,condorpool,poseidon-worker-2-container-16-19,unzip,/usr/bin/gunzip,,4.1,0,0,,,,,,,,,
unzip_ID0000011,None,compute,0,1694305055.0,,,1694305061.0,1694305082.0,1694305091.0,27278373.0,1694305080.0,1694305132.0,1694305104.0,1694305121.0,31938518.0,1694305132.0,1694305137.0,6.0,,19.0,52.0,5.0,9.0,235998389.0,17.0,565205920.0,poseidon,condorpool,poseidon-worker-1-container-12-15,unzip,/usr/bin/gunzip,,4.2,0,0,,,,,,,,,
unzip_ID0000056,None,compute,0,1694305055.0,,,1694305061.0,1694305081.0,1694305088.0,31095620.0,1694305079.0,1694305121.0,1694305101.0,1694305111.0,50467303.0,1694305121.0,1694305126.0,6.0,,18.0,42.0,5.0,7.0,232139969.0,10.0,528026776.0,poseidon,condorpool,poseidon-worker-1-container-36-39,unzip,/usr/bin/gunzip,,4.1,0,0,,,,,,,,,
unzip_ID0000071,None,compute,0,1694305055.0,,,1694305061.0,1694305081.0,1694305089.0,31252141.0,1694305079.0,1694305126.0,1694305101.0,1694305119.0,30313659.0,1694305126.0,1694305132.0,6.0,,18.0,47.0,6.0,8.0,240896692.0,18.0,539506600.0,poseidon,condorpool,poseidon-worker-1-container-20-23,unzip,/usr/bin/gunzip,,4.1,0,0,,,,,,,,,
unzip_ID0000051,None,compute,0,1694305055.0,,,1694305061.0,1694305081.0,1694305090.0,27923755.0,1694305079.0,1694305126.0,1694305103.0,1694305118.0,35817071.0,1694305126.0,1694305132.0,6.0,,18.0,47.0,6.0,9.0,239630266.0,15.0,544301296.0,poseidon,condorpool,poseidon-worker-1-container-8-11,unzip,/usr/bin/gunzip,,4.2,0,0,,,,,,,,,
unzip_ID0000111,None,compute,0,1694305055.0,,,1694305061.0,1694305081.0,1694305090.0,30903127.0,1694305080.0,1694305132.0,1694305103.0,1694305123.0,29312051.0,1694305132.0,1694305137.0,6.0,,19.0,52.0,5.0,9.0,256320311.0,20.0,567950764.0,poseidon,condorpool,poseidon-worker-2-container-40-43,unzip,/usr/bin/gunzip,,4.4,0,0,,,,,,,,,
unzip_ID0000091,None,compute,0,1694305055.0,,,1694305061.0,1694305081.0,1694305090.0,27554434.0,1694305079.0,1694305132.0,1694305103.0,1694305123.0,27718995.0,1694305132.0,1694305137.0,6.0,,18.0,53.0,5.0,9.0,246447087.0,20.0,539109992.0,poseidon,condorpool,poseidon-worker-2-container-32-35,unzip,/usr/bin/gunzip,,4.2,0,0,,,,,,,,,
unzip_ID0000081,None,compute,0,1694305055.0,,,1694305060.0,1694305081.0,1694305090.0,29746787.0,1694305079.0,1694305126.0,1694305102.0,1694305118.0,34874001.0,1694305126.0,1694305132.0,5.0,,19.0,47.0,6.0,9.0,245619741.0,16.0,543190672.0,poseidon,condorpool,poseidon-worker-1-container-44-47,unzip,/usr/bin/gunzip,,4.2,0,0,,,,,,,,,
unzip_ID0000041,None,compute,0,1694305055.0,,,1694305060.0,1694305083.0,1694305091.0,29155210.0,1694305081.0,1694305126.0,1694305104.0,1694305120.0,32292539.0,1694305126.0,1694305132.0,5.0,,21.0,45.0,6.0,8.0,238944758.0,16.0,540768928.0,poseidon,condorpool,poseidon-worker-2-container-28-31,unzip,/usr/bin/gunzip,,4.1,0,0,,,,,,,,,
unzip_ID0000061,None,compute,0,1694305055.0,,,1694305060.0,1694305081.0,1694305090.0,28033527.0,1694305079.0,1694305126.0,1694305103.0,1694305117.0,38036002.0,1694305126.0,1694305132.0,5.0,,19.0,47.0,6.0,9.0,240463185.0,14.0,541945820.0,poseidon,condorpool,poseidon-worker-1-container-40-43,unzip,/usr/bin/gunzip,,4.2,0,0,,,,,,,,,
unzip_ID0000096,None,compute,0,1694305055.0,,,1694305061.0,1694305081.0,1694305088.0,31920284.0,1694305079.0,1694305126.0,1694305101.0,1694305115.0,36012436.0,1694305126.0,1694305132.0,6.0,,18.0,47.0,6.0,7.0,240753402.0,14.0,524013876.0,poseidon,condorpool,poseidon-worker-2-container-24-27,unzip,/usr/bin/gunzip,,4.1,0,0,,,,,,,,,
unzip_ID0000121,None,compute,0,1694305055.0,,,1694305060.0,1694305081.0,1694305090.0,29130553.0,1694305079.0,1694305126.0,1694305103.0,1694305120.0,32583232.0,1694305126.0,1694305132.0,5.0,,19.0,47.0,6.0,9.0,250860096.0,17.0,550782944.0,poseidon,condorpool,poseidon-worker-1-container-32-35,unzip,/usr/bin/gunzip,,4.3,0,0,,,,,,,,,
unzip_ID0000066,None,compute,0,1694305055.0,,,1694305061.0,1694305081.0,1694305089.0,29904504.0,1694305079.0,1694305126.0,1694305101.0,1694305117.0,33843069.0,1694305126.0,1694305132.0,6.0,,18.0,47.0,6.0,8.0,232031705.0,16.0,523661496.0,poseidon,condorpool,poseidon-worker-2-container-36-39,unzip,/usr/bin/gunzip,,4.0,0,0,,,,,,,,,
unzip_ID0000001,None,compute,0,1694305055.0,,,1694305060.0,1694305081.0,1694305089.0,28090528.0,1694305079.0,1694305126.0,1694305102.0,1694305120.0,32131715.0,1694305126.0,1694305132.0,5.0,,19.0,47.0,6.0,8.0,232473216.0,18.0,561354992.0,poseidon,condorpool,poseidon-worker-2-container-0-3,unzip,/usr/bin/gunzip,,4.2,0,0,,,,,,,,,
unzip_ID0000086,None,compute,0,1694305055.0,,,1694305061.0,1694305081.0,1694305089.0,31729665.0,1694305080.0,1694305121.0,1694305101.0,1694305111.0,53096684.0,1694305121.0,1694305126.0,6.0,,19.0,41.0,5.0,8.0,234836668.0,10.0,518838800.0,poseidon,condorpool,poseidon-worker-1-container-24-27,unzip,/usr/bin/gunzip,,4.0,0,0,,,,,,,,,
unzip_ID0000016,None,compute,0,1694305055.0,,,1694305061.0,1694305081.0,1694305089.0,27926615.0,1694305079.0,1694305121.0,1694305101.0,1694305111.0,52648081.0,1694305121.0,1694305126.0,6.0,,18.0,42.0,5.0,8.0,225238888.0,10.0,523826084.0,poseidon,condorpool,poseidon-worker-1-container-16-19,unzip,/usr/bin/gunzip,,3.9,0,0,,,,,,,,,
unzip_ID0000036,None,compute,0,1694305055.0,,,1694305061.0,1694305081.0,1694305088.0,32140560.0,1694305079.0,1694305121.0,1694305101.0,1694305113.0,43330496.0,1694305121.0,1694305126.0,6.0,,18.0,42.0,5.0,7.0,232020704.0,12.0,526952240.0,poseidon,condorpool,poseidon-worker-2-container-44-47,unzip,/usr/bin/gunzip,,4.0,0,0,,,,,,,,,
unzip_ID0000116,None,compute,0,1694305055.0,,,1694305061.0,1694305081.0,1694305090.0,27479694.0,1694305079.0,1694305126.0,1694305103.0,1694305119.0,32196305.0,1694305126.0,1694305132.0,6.0,,18.0,47.0,6.0,9.0,249255741.0,16.0,520850676.0,poseidon,condorpool,poseidon-worker-1-container-4-7,unzip,/usr/bin/gunzip,,4.2,0,0,,,,,,,,,
unzip_ID0000021,None,compute,0,1694305055.0,,,1694305061.0,1694305081.0,1694305089.0,28183173.0,1694305079.0,1694305121.0,1694305101.0,1694305111.0,54337078.0,1694305121.0,1694305126.0,6.0,,18.0,42.0,5.0,8.0,235136662.0,10.0,539178100.0,poseidon,condorpool,poseidon-worker-1-container-28-31,unzip,/usr/bin/gunzip,,4.1,0,0,,,,,,,,,
um_vel_ID0000087,None,compute,0,1694305126.0,,,1694305131.0,1694305135.0,1694305155.0,48356091.9,1694305133.0,1694305177.0,1694305164.0,1694305167.0,174990.0,1694305177.0,1694305182.0,5.0,,2.0,44.0,5.0,20.0,695425552.0,3.0,556900.0,poseidon,condorpool,poseidon-worker-2-container-0-3,um_vel,/opt/UM_VEL/UM_VEL,,1.7,0,0,,,,,,,,,
um_vel_ID0000127,None,compute,0,1694305126.0,,,1694305132.0,1694305135.0,1694305154.0,51580843.5,1694305133.0,1694305172.0,1694305163.0,1694305166.0,171526.0,1694305172.0,1694305177.0,6.0,,1.0,39.0,5.0,19.0,697205176.0,3.0,556900.0,poseidon,condorpool,poseidon-worker-2-container-16-19,um_vel,/opt/UM_VEL/UM_VEL,,1.7,0,0,,,,,,,,,
um_vel_ID0000032,None,compute,0,1694305126.0,,,1694305132.0,1694305135.0,1694305155.0,50800495.3,1694305133.0,1694305172.0,1694305163.0,1694305166.0,174870.0,1694305172.0,1694305177.0,6.0,,1.0,39.0,5.0,20.0,716025504.0,3.0,556900.0,poseidon,condorpool,poseidon-worker-1-container-24-27,um_vel,/opt/UM_VEL/UM_VEL,,1.7,0,0,,,,,,,,,
um_vel_ID0000057,None,compute,0,1694305126.0,,,1694305132.0,1694305135.0,1694305154.0,54365295.5,1694305133.0,1694305172.0,1694305163.0,1694305166.0,171817.0,1694305172.0,1694305177.0,6.0,,1.0,39.0,5.0,19.0,704613528.0,3.0,556900.0,poseidon,condorpool,poseidon-worker-2-container-20-23,um_vel,/opt/UM_VEL/UM_VEL,,1.7,0,0,,,,,,,,,
um_vel_ID0000037,None,compute,0,1694305126.0,,,1694305132.0,1694305135.0,1694305158.0,39771822.1,1694305133.0,1694305177.0,1694305167.0,1694305170.0,178286.0,1694305177.0,1694305182.0,6.0,,1.0,44.0,5.0,23.0,703538992.0,3.0,556900.0,poseidon,condorpool,poseidon-worker-2-container-40-43,um_vel,/opt/UM_VEL/UM_VEL,,1.7,0,0,,,,,,,,,
um_vel_ID0000022,None,compute,0,1694305126.0,,,1694305131.0,1694305135.0,1694305156.0,47426745.3,1694305133.0,1694305177.0,1694305165.0,1694305168.0,172544.0,1694305177.0,1694305182.0,5.0,,2.0,44.0,5.0,21.0,715764852.0,3.0,556900.0,poseidon,condorpool,poseidon-worker-2-container-32-35,um_vel,/opt/UM_VEL/UM_VEL,,1.7,0,0,,,,,,,,,
um_vel_ID0000017,None,compute,0,1694305126.0,,,1694305132.0,1694305135.0,1694305156.0,44877992.3,1694305133.0,1694305177.0,1694305165.0,1694305168.0,173862.0,1694305177.0,1694305182.0,6.0,,1.0,44.0,5.0,21.0,700412836.0,3.0,556900.0,poseidon,condorpool,poseidon-worker-1-container-4-7,um_vel,/opt/UM_VEL/UM_VEL,,1.7,0,0,,,,,,,,,
um_vel_ID0000122,None,compute,0,1694305132.0,,,1694305137.0,1694305140.0,1694305161.0,48548690.7,1694305138.0,1694305182.0,1694305169.0,1694305173.0,176222.0,1694305182.0,1694305188.0,5.0,,1.0,44.0,6.0,21.0,727369696.0,4.0,556900.0,poseidon,condorpool,poseidon-worker-1-container-0-3,um_vel,/opt/UM_VEL/UM_VEL,,1.8,0,0,,,,,,,,,
um_vel_ID0000047,None,compute,0,1694305132.0,,,1694305137.0,1694305140.0,1694305163.0,42424143.2,1694305139.0,1694305182.0,1694305171.0,1694305174.0,177032.0,1694305182.0,1694305188.0,5.0,,2.0,43.0,6.0,23.0,700441980.0,3.0,556900.0,poseidon,condorpool,poseidon-worker-1-container-32-35,um_vel,/opt/UM_VEL/UM_VEL,,1.6,0,0,,,,,,,,,
um_vel_ID0000027,None,compute,0,1694305132.0,,,1694305137.0,1694305140.0,1694305160.0,50504062.5,1694305138.0,1694305177.0,1694305168.0,1694305171.0,173891.0,1694305177.0,1694305182.0,5.0,,1.0,39.0,5.0,20.0,700504640.0,3.0,556900.0,poseidon,condorpool,poseidon-worker-2-container-4-7,um_vel,/opt/UM_VEL/UM_VEL,,1.7,0,0,,,,,,,,,
um_vel_ID0000082,None,compute,0,1694305132.0,,,1694305137.0,1694305140.0,1694305160.0,52604318.4,1694305138.0,1694305182.0,1694305168.0,1694305171.0,177008.0,1694305182.0,1694305188.0,5.0,,1.0,44.0,6.0,20.0,719777424.0,3.0,556900.0,poseidon,condorpool,poseidon-worker-2-container-28-31,um_vel,/opt/UM_VEL/UM_VEL,,1.7,0,0,,,,,,,,,
um_vel_ID0000042,None,compute,0,1694305132.0,,,1694305137.0,1694305140.0,1694305159.0,53404562.2,1694305138.0,1694305177.0,1694305168.0,1694305171.0,177329.0,1694305177.0,1694305182.0,5.0,,1.0,39.0,5.0,19.0,717355680.0,3.0,556900.0,poseidon,condorpool,poseidon-worker-1-container-16-19,um_vel,/opt/UM_VEL/UM_VEL,,1.7,0,0,,,,,,,,,
um_vel_ID0000072,None,compute,0,1694305132.0,,,1694305137.0,1694305140.0,1694305160.0,50461107.1,1694305139.0,1694305182.0,1694305169.0,1694305172.0,176325.0,1694305182.0,1694305188.0,5.0,,2.0,43.0,6.0,20.0,716093352.0,3.0,556900.0,poseidon,condorpool,poseidon-worker-1-container-36-39,um_vel,/opt/UM_VEL/UM_VEL,,1.8,0,0,,,,,,,,,
um_vel_ID0000062,None,compute,0,1694305132.0,,,1694305137.0,1694305140.0,1694305160.0,52225315.0,1694305138.0,1694305182.0,1694305168.0,1694305171.0,176015.0,1694305182.0,1694305188.0,5.0,,1.0,44.0,6.0,20.0,718532572.0,3.0,556900.0,poseidon,condorpool,poseidon-worker-2-container-24-27,um_vel,/opt/UM_VEL/UM_VEL,,1.7,0,0,,,,,,,,,
um_vel_ID0000097,None,compute,0,1694305132.0,,,1694305137.0,1694305140.0,1694305159.0,51873155.8,1694305138.0,1694305177.0,1694305168.0,1694305171.0,175244.0,1694305177.0,1694305182.0,5.0,,1.0,39.0,5.0,19.0,700600628.0,3.0,556900.0,poseidon,condorpool,poseidon-worker-1-container-8-11,um_vel,/opt/UM_VEL/UM_VEL,,1.7,0,0,,,,,,,,,
um_vel_ID0000117,None,compute,0,1694305132.0,,,1694305137.0,1694305140.0,1694305160.0,50917693.7,1694305138.0,1694305182.0,1694305168.0,1694305171.0,174343.0,1694305182.0,1694305188.0,5.0,,1.0,44.0,6.0,20.0,697437428.0,3.0,556900.0,poseidon,condorpool,poseidon-worker-1-container-28-31,um_vel,/opt/UM_VEL/UM_VEL,,1.7,0,0,,,,,,,,,
um_vel_ID0000002,None,compute,0,1694305132.0,,,1694305137.0,1694305140.0,1694305160.0,50883451.6,1694305139.0,1694305182.0,1694305169.0,1694305172.0,175932.0,1694305182.0,1694305188.0,5.0,,2.0,43.0,6.0,20.0,737941744.0,3.0,556900.0,poseidon,condorpool,poseidon-worker-2-container-12-15,um_vel,/opt/UM_VEL/UM_VEL,,1.7,0,0,,,,,,,,,
um_vel_ID0000052,None,compute,0,1694305132.0,,,1694305137.0,1694305140.0,1694305159.0,53078929.8,1694305138.0,1694305177.0,1694305168.0,1694305171.0,176515.0,1694305177.0,1694305182.0,5.0,,1.0,39.0,5.0,19.0,720888048.0,3.0,556900.0,poseidon,condorpool,poseidon-worker-2-container-44-47,um_vel,/opt/UM_VEL/UM_VEL,,1.8,0,0,,,,,,,,,
um_vel_ID0000067,None,compute,0,1694305132.0,,,1694305137.0,1694305140.0,1694305159.0,53370959.8,1694305138.0,1694305177.0,1694305168.0,1694305171.0,177440.0,1694305177.0,1694305182.0,5.0,,1.0,39.0,5.0,19.0,700248248.0,3.0,556900.0,poseidon,condorpool,poseidon-worker-2-container-36-39,um_vel,/opt/UM_VEL/UM_VEL,,1.7,0,0,,,,,,,,,
um_vel_ID0000112,None,compute,0,1694305137.0,,,1694305142.0,1694305145.0,1694305165.0,54047291.6,1694305144.0,1694305188.0,1694305174.0,1694305177.0,175137.0,1694305188.0,1694305193.0,5.0,,2.0,44.0,5.0,20.0,744537516.0,3.0,556900.0,poseidon,condorpool,poseidon-worker-1-container-44-47,um_vel,/opt/UM_VEL/UM_VEL,,1.8,0,0,,,,,,,,,
um_vel_ID0000107,None,compute,0,1694305137.0,,,1694305142.0,1694305145.0,1694305165.0,49477700.1,1694305144.0,1694305182.0,1694305173.0,1694305176.0,175924.0,1694305182.0,1694305188.0,5.0,,2.0,38.0,6.0,20.0,678408568.0,3.0,556900.0,poseidon,condorpool,poseidon-worker-2-container-8-11,um_vel,/opt/UM_VEL/UM_VEL,,1.6,0,0,,,,,,,,,
um_vel_ID0000012,None,compute,0,1694305137.0,,,1694305142.0,1694305145.0,1694305165.0,52295869.4,1694305144.0,1694305188.0,1694305174.0,1694305177.0,175398.0,1694305188.0,1694305193.0,5.0,,2.0,44.0,5.0,20.0,741792672.0,3.0,556900.0,poseidon,condorpool,poseidon-worker-1-container-12-15,um_vel,/opt/UM_VEL/UM_VEL,,1.8,0,0,,,,,,,,,
um_vel_ID0000077,None,compute,0,1694305137.0,,,1694305142.0,1694305145.0,1694305164.0,56478730.0,1694305144.0,1694305182.0,1694305172.0,1694305175.0,176519.0,1694305182.0,1694305188.0,5.0,,2.0,38.0,6.0,19.0,700529596.0,3.0,556900.0,poseidon,condorpool,poseidon-worker-1-container-32-35,um_vel,/opt/UM_VEL/UM_VEL,,1.7,0,0,,,,,,,,,
um_vel_ID0000092,None,compute,0,1694305137.0,,,1694305142.0,1694305145.0,1694305165.0,52138953.1,1694305144.0,1694305182.0,1694305173.0,1694305177.0,174356.0,1694305182.0,1694305188.0,5.0,,2.0,38.0,6.0,20.0,715696744.0,4.0,556900.0,poseidon,condorpool,poseidon-worker-1-container-20-23,um_vel,/opt/UM_VEL/UM_VEL,,1.7,0,0,,,,,,,,,
um_vel_ID0000007,None,compute,0,1694305137.0,,,1694305142.0,1694305145.0,1694305164.0,51184746.7,1694305144.0,1694305182.0,1694305173.0,1694305176.0,175868.0,1694305182.0,1694305188.0,5.0,,2.0,38.0,6.0,19.0,678203340.0,3.0,556900.0,poseidon,condorpool,poseidon-worker-1-container-40-43,um_vel,/opt/UM_VEL/UM_VEL,,1.7,0,0,,,,,,,,,
stage_out_local_condorpool_0_2,None,transfer,0,1694305142.0,,,1694305147.0,,,0.0,1694305149.0,1694305182.0,,,0.0,1694305182.0,1694305188.0,5.0,,2.0,33.0,6.0,,,,,poseidon,local,poseidon-submit,pegasus::transfer,/mnt/poseidon-data/poseidon/pegasus-5.1.0panorama/bin/pegasus-transfer,/home/poseidon/pegasus-5.1.0panorama/bin/../bin/pegasus-kickstart  -n pegasus::transfer -N null -i - -R local  -L casa-wind-full -T 2023-09-08T07:29:05+00:00 /home/poseidon/pegasus-5.1.0panorama/bin/../bin/pegasus-transfer  --threads 2,35.3,0,0,,,,,,,,,
stage_out_local_condorpool_0_0,None,transfer,0,1694305142.0,,,1694305147.0,,,0.0,1694305148.0,1694305182.0,,,0.0,1694305182.0,1694305188.0,5.0,,1.0,34.0,6.0,,,,,poseidon,local,poseidon-submit,pegasus::transfer,/mnt/poseidon-data/poseidon/pegasus-5.1.0panorama/bin/pegasus-transfer,/home/poseidon/pegasus-5.1.0panorama/bin/../bin/pegasus-kickstart  -n pegasus::transfer -N null -i - -R local  -L casa-wind-full -T 2023-09-08T07:29:05+00:00 /home/poseidon/pegasus-5.1.0panorama/bin/../bin/pegasus-transfer  --threads 2,35.8,0,0,,,,,,,,,
um_vel_ID0000102,None,compute,0,1694305142.0,,,1694305147.0,1694305150.0,1694305169.0,56441832.4,1694305149.0,1694305188.0,1694305177.0,1694305181.0,178801.0,1694305188.0,1694305193.0,5.0,,2.0,39.0,5.0,19.0,738138396.0,4.0,556900.0,poseidon,condorpool,poseidon-worker-1-container-44-47,um_vel,/opt/UM_VEL/UM_VEL,,1.7,0,0,,,,,,,,,
stage_out_local_condorpool_0_1,None,transfer,0,1694305142.0,,,1694305147.0,,,0.0,1694305149.0,1694305182.0,,,0.0,1694305182.0,1694305188.0,5.0,,2.0,33.0,6.0,,,,,poseidon,local,poseidon-submit,pegasus::transfer,/mnt/poseidon-data/poseidon/pegasus-5.1.0panorama/bin/pegasus-transfer,/home/poseidon/pegasus-5.1.0panorama/bin/../bin/pegasus-kickstart  -n pegasus::transfer -N null -i - -R local  -L casa-wind-full -T 2023-09-08T07:29:05+00:00 /home/poseidon/pegasus-5.1.0panorama/bin/../bin/pegasus-transfer  --threads 2,34.9,0,0,,,,,,,,,
post_vel_ID0000058,None,compute,0,1694305177.0,,,1694305182.0,1694305185.0,1694305196.0,35051904.6,1694305183.0,1694305213.0,1694305201.0,1694305204.0,3572.0,1694305213.0,1694305218.0,5.0,,1.0,30.0,5.0,11.0,177143937.0,3.0,10981.0,poseidon,condorpool,poseidon-worker-2-container-0-3,post_vel,/opt/netcdf2png/merged_netcdf2png,,0.1,0,0,,,,,,,,,
post_vel_ID0000033,None,compute,0,1694305177.0,,,1694305182.0,1694305185.0,1694305196.0,34617468.2,1694305183.0,1694305213.0,1694305201.0,1694305204.0,3501.0,1694305213.0,1694305218.0,5.0,,1.0,30.0,5.0,11.0,177143937.0,3.0,11464.0,poseidon,condorpool,poseidon-worker-1-container-4-7,post_vel,/opt/netcdf2png/merged_netcdf2png,,0.1,0,0,,,,,,,,,
mvt_ID0000034,None,compute,0,1694305177.0,,,1694305182.0,1694305185.0,1694305196.0,34625023.2,1694305183.0,1694305253.0,1694305241.0,1694305244.0,9795.0,1694305253.0,1694305258.0,5.0,,1.0,70.0,5.0,11.0,177143652.0,3.0,30976.0,poseidon,condorpool,poseidon-worker-1-container-24-27,mvt,/opt/mvt/mvt,,40.1,0,0,0.0,792915.0,16384.0,437.0,4.0,39.9,0.1,19822.9,819.2
mvt_ID0000059,None,compute,0,1694305177.0,,,1694305182.0,1694305185.0,1694305196.0,35071856.6,1694305183.0,1694305253.0,1694305241.0,1694305244.0,8989.0,1694305253.0,1694305258.0,5.0,,1.0,70.0,5.0,11.0,177143652.0,3.0,28164.0,poseidon,condorpool,poseidon-worker-2-container-32-35,mvt,/opt/mvt/mvt,,40.1,0,0,0.0,795673.0,12288.0,443.0,3.0,39.9,0.1,19891.8,1228.8
post_vel_ID0000128,None,compute,0,1694305177.0,,,1694305182.0,1694305185.0,1694305196.0,35053307.0,1694305183.0,1694305213.0,1694305201.0,1694305204.0,4576.0,1694305213.0,1694305218.0,5.0,,1.0,30.0,5.0,11.0,177143937.0,3.0,14512.0,poseidon,condorpool,poseidon-worker-2-container-20-23,post_vel,/opt/netcdf2png/merged_netcdf2png,,0.1,0,0,,,,,,,,,
mvt_ID0000129,None,compute,0,1694305177.0,,,1694305182.0,1694305185.0,1694305196.0,35053044.0,1694305183.0,1694305253.0,1694305241.0,1694305244.0,20861.0,1694305253.0,1694305258.0,5.0,,1.0,70.0,5.0,11.0,177143652.0,3.0,64489.0,poseidon,condorpool,poseidon-worker-2-container-40-43,mvt,/opt/mvt/mvt,,40.1,0,0,0.0,795670.0,36864.0,443.0,9.0,39.9,0.1,19891.8,3686.4
mvt_ID0000029,None,compute,0,1694305182.0,,,1694305188.0,1694305191.0,1694305203.0,29480050.0,1694305190.0,1694305258.0,1694305249.0,1694305252.0,12289.0,1694305258.0,1694305263.0,6.0,,2.0,68.0,5.0,12.0,177143652.0,3.0,38341.0,poseidon,condorpool,poseidon-worker-2-container-28-31,mvt,/opt/mvt/mvt,,40.1,0,0,0.0,813458.0,20480.0,482.0,5.0,39.9,0.1,20336.4,1024.0
post_vel_ID0000028,None,compute,0,1694305182.0,,,1694305188.0,1694305191.0,1694305203.0,27761302.3,1694305190.0,1694305218.0,1694305209.0,1694305212.0,3679.0,1694305218.0,1694305223.0,6.0,,2.0,28.0,5.0,12.0,177143937.0,3.0,11529.0,poseidon,condorpool,poseidon-worker-2-container-24-27,post_vel,/opt/netcdf2png/merged_netcdf2png,,0.1,0,0,,,,,,,,,
post_vel_ID0000018,None,compute,0,1694305182.0,,,1694305188.0,1694305191.0,1694305202.0,33783308.6,1694305189.0,1694305218.0,1694305208.0,1694305211.0,3770.0,1694305218.0,1694305223.0,6.0,,1.0,29.0,5.0,11.0,177143937.0,3.0,11645.0,poseidon,condorpool,poseidon-worker-1-container-20-23,post_vel,/opt/netcdf2png/merged_netcdf2png,,0.1,0,0,,,,,,,,,
post_vel_ID0000053,None,compute,0,1694305182.0,,,1694305187.0,1694305191.0,1694305202.0,32826991.2,1694305189.0,1694305218.0,1694305207.0,1694305210.0,3563.0,1694305218.0,1694305223.0,5.0,,2.0,29.0,5.0,11.0,177143937.0,3.0,11004.0,poseidon,condorpool,poseidon-worker-2-container-4-7,post_vel,/opt/netcdf2png/merged_netcdf2png,,0.1,0,0,,,,,,,,,
mvt_ID0000054,None,compute,0,1694305182.0,,,1694305187.0,1694305191.0,1694305202.0,29606706.0,1694305189.0,1694305258.0,1694305248.0,1694305251.0,9102.0,1694305258.0,1694305263.0,5.0,,2.0,69.0,5.0,11.0,177143652.0,3.0,28552.0,poseidon,condorpool,poseidon-worker-1-container-0-3,mvt,/opt/mvt/mvt,,39.9,0,0,0.0,806812.0,12288.0,461.0,3.0,29.9,0.1,26893.7,1228.8
post_vel_ID0000098,None,compute,0,1694305182.0,,,1694305188.0,1694305191.0,1694305204.0,25119693.6,1694305189.0,1694305218.0,1694305209.0,1694305212.0,4301.0,1694305218.0,1694305223.0,6.0,,1.0,29.0,5.0,13.0,177143937.0,3.0,13355.0,poseidon,condorpool,poseidon-worker-2-container-12-15,post_vel,/opt/netcdf2png/merged_netcdf2png,,0.1,0,0,,,,,,,,,
post_vel_ID0000038,None,compute,0,1694305182.0,,,1694305187.0,1694305191.0,1694305205.0,21716597.5,1694305190.0,1694305223.0,1694305211.0,1694305214.0,3610.0,1694305223.0,1694305228.0,5.0,,3.0,33.0,5.0,14.0,177143937.0,3.0,11227.0,poseidon,condorpool,poseidon-worker-1-container-36-39,post_vel,/opt/netcdf2png/merged_netcdf2png,,0.1,0,0,,,,,,,,,
mvt_ID0000039,None,compute,0,1694305182.0,,,1694305187.0,1694305191.0,1694305202.0,32266882.2,1694305189.0,1694305258.0,1694305247.0,1694305250.0,10960.0,1694305258.0,1694305263.0,5.0,,2.0,69.0,5.0,11.0,177143652.0,3.0,34386.0,poseidon,condorpool,poseidon-worker-2-container-44-47,mvt,/opt/mvt/mvt,,40.1,0,0,0.0,806627.0,16384.0,467.0,4.0,39.9,0.1,20165.7,819.2
mvt_ID0000019,None,compute,0,1694305182.0,,,1694305188.0,1694305191.0,1694305204.0,24632463.6,1694305190.0,1694305258.0,1694305249.0,1694305252.0,11668.0,1694305258.0,1694305263.0,6.0,,2.0,68.0,5.0,13.0,177143652.0,3.0,36245.0,poseidon,condorpool,poseidon-worker-2-container-8-11,mvt,/opt/mvt/mvt,,39.5,0,0,0.0,809625.0,20480.0,467.0,5.0,29.9,0.1,26987.5,1024.0
mvt_ID0000099,None,compute,0,1694305182.0,,,1694305188.0,1694305191.0,1694305204.0,25472264.3,1694305189.0,1694305258.0,1694305249.0,1694305252.0,15999.0,1694305258.0,1694305263.0,6.0,,1.0,69.0,5.0,13.0,177143652.0,3.0,50118.0,poseidon,condorpool,poseidon-worker-1-container-16-19,mvt,/opt/mvt/mvt,,39.7,0,0,0.0,809679.0,28672.0,467.0,7.0,29.9,0.1,26989.3,1433.6
post_vel_ID0000088,None,compute,0,1694305182.0,,,1694305187.0,1694305191.0,1694305203.0,24431711.3,1694305189.0,1694305218.0,1694305209.0,1694305212.0,4116.0,1694305218.0,1694305223.0,5.0,,2.0,29.0,5.0,12.0,177143937.0,3.0,12740.0,poseidon,condorpool,poseidon-worker-2-container-16-19,post_vel,/opt/netcdf2png/merged_netcdf2png,,0.1,0,0,,,,,,,,,
post_vel_ID0000043,None,compute,0,1694305182.0,,,1694305187.0,1694305191.0,1694305202.0,28804621.6,1694305189.0,1694305218.0,1694305208.0,1694305211.0,3554.0,1694305218.0,1694305223.0,5.0,,2.0,29.0,5.0,11.0,177143937.0,3.0,11050.0,poseidon,condorpool,poseidon-worker-1-container-32-35,post_vel,/opt/netcdf2png/merged_netcdf2png,,0.2,0,0,,,,,,,,,
mvt_ID0000044,None,compute,0,1694305182.0,,,1694305187.0,1694305190.0,1694305201.0,33905999.0,1694305189.0,1694305258.0,1694305247.0,1694305250.0,9122.0,1694305258.0,1694305263.0,5.0,,2.0,69.0,5.0,11.0,177143652.0,3.0,28113.0,poseidon,condorpool,poseidon-worker-2-container-36-39,mvt,/opt/mvt/mvt,,40.1,0,0,0.0,809362.0,12288.0,473.0,3.0,39.9,0.1,20234.1,1228.8
mvt_ID0000089,None,compute,0,1694305182.0,,,1694305187.0,1694305191.0,1694305202.0,30775077.8,1694305189.0,1694305258.0,1694305247.0,1694305250.0,15549.0,1694305258.0,1694305263.0,5.0,,2.0,69.0,5.0,11.0,177143652.0,3.0,48475.0,poseidon,condorpool,poseidon-worker-1-container-8-11,mvt,/opt/mvt/mvt,,40.1,0,0,0.0,806575.0,24576.0,467.0,6.0,39.9,0.1,20164.4,2457.6
post_vel_ID0000068,None,compute,0,1694305182.0,,,1694305188.0,1694305191.0,1694305202.0,29490369.0,1694305189.0,1694305218.0,1694305208.0,1694305211.0,3663.0,1694305218.0,1694305223.0,6.0,,1.0,29.0,5.0,11.0,177143937.0,3.0,11398.0,poseidon,condorpool,poseidon-worker-1-container-44-47,post_vel,/opt/netcdf2png/merged_netcdf2png,,0.2,0,0,,,,,,,,,
mvt_ID0000069,None,compute,0,1694305182.0,,,1694305188.0,1694305191.0,1694305203.0,28246228.4,1694305189.0,1694305258.0,1694305248.0,1694305251.0,11510.0,1694305258.0,1694305263.0,6.0,,1.0,69.0,5.0,12.0,177143652.0,3.0,35309.0,poseidon,condorpool,poseidon-worker-1-container-40-43,mvt,/opt/mvt/mvt,,40.0,0,0,0.0,806927.0,16384.0,461.0,4.0,29.9,0.1,26897.6,819.2
post_vel_ID0000023,None,compute,0,1694305182.0,,,1694305188.0,1694305191.0,1694305204.0,25338220.7,1694305189.0,1694305218.0,1694305209.0,1694305212.0,3666.0,1694305218.0,1694305223.0,6.0,,1.0,29.0,5.0,13.0,177143937.0,3.0,11372.0,poseidon,condorpool,poseidon-worker-1-container-28-31,post_vel,/opt/netcdf2png/merged_netcdf2png,,0.1,0,0,,,,,,,,,
mvt_ID0000024,None,compute,0,1694305182.0,,,1694305188.0,1694305191.0,1694305202.0,33977588.4,1694305189.0,1694305258.0,1694305247.0,1694305250.0,9970.0,1694305258.0,1694305263.0,6.0,,1.0,69.0,5.0,11.0,177143652.0,3.0,30705.0,poseidon,condorpool,poseidon-worker-1-container-12-15,mvt,/opt/mvt/mvt,,40.0,0,0,0.0,805241.0,16384.0,464.0,4.0,39.9,0.1,20131.0,819.2
mvt_ID0000049,None,compute,0,1694305188.0,,,1694305193.0,1694305205.0,1694305217.0,27779404.7,1694305203.0,1694305273.0,1694305262.0,1694305265.0,7813.0,1694305273.0,1694305278.0,5.0,,10.0,70.0,5.0,12.0,177143652.0,3.0,24108.0,poseidon,condorpool,poseidon-worker-1-container-16-19,mvt,/opt/mvt/mvt,,39.8,0,0,0.0,824886.0,12288.0,500.0,3.0,29.9,0.1,27496.2,1228.8
register_condorpool_0_0,None,auxiliary,0,1694305188.0,,,1694305243.0,,,0.0,1694305244.0,1694305248.0,,,0.0,1694305248.0,1694305253.0,55.0,,1.0,4.0,5.0,,,,,poseidon,local,poseidon-submit,pegasus::rc-client,/mnt/poseidon-data/poseidon/pegasus-5.1.0panorama/bin/pegasus-rc-client,"-n pegasus::rc-client -N null -R local  -L casa-wind-full -T 2023-09-08T07:29:05+00:00 /home/poseidon/pegasus-5.1.0panorama/bin/pegasus-rc-client --prefix pegasus.catalog.replica.output --conf /mnt/poseidon-data/poseidon/workflows/casa-wind-workflow-full/submit/poseidon/pegasus/casa-wind-full/run0053/pegasus.18397866027473783591.properties -v --meta /mnt/poseidon-data/poseidon/workflows/casa-wind-workflow-full/submit/poseidon/pegasus/casa-wind-full/run0053/00/00/unzip_ID0000001.meta,/mnt/poseidon-data/poseidon/workflows/casa-wind-workflow-full/submit/poseidon/pegasus/casa-wind-full/run0053/00/00/unzip_ID0000071.meta,/mnt/poseidon-data/poseidon/workflows/casa-wind-workflow-full/submit/poseidon/pegasus/casa-wind-full/run0053/00/00/unzip_ID0000076.meta,/mnt/poseidon-data/poseidon/workflows/casa-wind-workflow-full/submit/poseidon/pegasus/casa-wind-full/run0053/00/00/unzip_ID0000051.meta,/mnt/poseidon-data/poseidon/workflows/casa-wind-workflow-full/submit/poseidon/pegasus/casa-wind-full/run0053/00/00/unzip_ID0000026.meta,/mnt/poseidon-data/poseidon/workflows/casa-wind-workflow-full/submit/poseidon/pegasus/casa-wind-full/run0053/00/00/unzip_ID0000101.meta,/mnt/poseidon-data/poseidon/workflows/casa-wind-workflow-full/submit/poseidon/pegasus/casa-wind-full/run0053/00/00/unzip_ID0000006.meta,/mnt/poseidon-data/poseidon/workflows/casa-wind-workflow-full/submit/poseidon/pegasus/casa-wind-full/run0053/00/00/unzip_ID0000121.meta,/mnt/poseidon-data/poseidon/workflows/casa-wind-workflow-full/submit/poseidon/pegasus/casa-wind-full/run0053/00/00/unzip_ID0000111.meta,/mnt/poseidon-data/poseidon/workflows/casa-wind-workflow-full/submit/poseidon/pegasus/casa-wind-full/run0053/00/00/unzip_ID0000126.meta,/mnt/poseidon-data/poseidon/workflows/casa-wind-workflow-full/submit/poseidon/pegasus/casa-wind-full/run0053/00/00/unzip_ID0000046.meta,/mnt/poseidon-data/poseidon/workflows/casa-wind-workflow-full/submit/poseidon/pegasus/casa-wind-full/run0053/00/00/unzip_ID0000081.meta,/mnt/poseidon-data/poseidon/workflows/casa-wind-workflow-full/submit/poseidon/pegasus/casa-wind-full/run0053/00/00/unzip_ID0000096.meta,/mnt/poseidon-data/poseidon/workflows/casa-wind-workflow-full/submit/poseidon/pegasus/casa-wind-full/run0053/00/00/unzip_ID0000016.meta,/mnt/poseidon-data/poseidon/workflows/casa-wind-workflow-full/submit/poseidon/pegasus/casa-wind-full/run0053/00/00/unzip_ID0000041.meta,/mnt/poseidon-data/poseidon/workflows/casa-wind-workflow-full/submit/poseidon/pegasus/casa-wind-full/run0053/00/00/unzip_ID0000116.meta,/mnt/poseidon-data/poseidon/workflows/casa-wind-workflow-full/submit/poseidon/pegasus/casa-wind-full/run0053/00/00/unzip_ID0000036.meta,/mnt/poseidon-data/poseidon/workflows/casa-wind-workflow-full/submit/poseidon/pegasus/casa-wind-full/run0053/00/00/unzip_ID0000106.meta,/mnt/poseidon-data/poseidon/workflows/casa-wind-workflow-full/submit/poseidon/pegasus/casa-wind-full/run0053/00/00/unzip_ID0000031.meta,/mnt/poseidon-data/poseidon/workflows/casa-wind-workflow-full/submit/poseidon/pegasus/casa-wind-full/run0053/00/00/unzip_ID0000091.meta,/mnt/poseidon-data/poseidon/workflows/casa-wind-workflow-full/submit/poseidon/pegasus/casa-wind-full/run0053/00/00/unzip_ID0000061.meta,/mnt/poseidon-data/poseidon/workflows/casa-wind-workflow-full/submit/poseidon/pegasus/casa-wind-full/run0053/00/00/unzip_ID0000066.meta,/mnt/poseidon-data/poseidon/workflows/casa-wind-workflow-full/submit/poseidon/pegasus/casa-wind-full/run0053/00/00/unzip_ID0000056.meta,/mnt/poseidon-data/poseidon/workflows/casa-wind-workflow-full/submit/poseidon/pegasus/casa-wind-full/run0053/00/00/unzip_ID0000086.meta,/mnt/poseidon-data/poseidon/workflows/casa-wind-workflow-full/submit/poseidon/pegasus/casa-wind-full/run0053/00/00/unzip_ID0000011.meta,/mnt/poseidon-data/poseidon/workflows/casa-wind-workflow-full/submit/poseidon/pegasus/casa-wind-full/run0053/00/00/unzip_ID0000021.meta --insert /mnt/poseidon-data/poseidon/workflows/casa-wind-workflow-full/submit/poseidon/pegasus/casa-wind-full/run0053/00/00/register_condorpool_0_0.in",3.4,0,0,,,,,,,,,
register_condorpool_0_1,None,auxiliary,0,1694305188.0,,,1694305203.0,,,0.0,1694305204.0,1694305208.0,,,0.0,1694305208.0,1694305213.0,15.0,,1.0,4.0,5.0,,,,,poseidon,local,poseidon-submit,pegasus::rc-client,/mnt/poseidon-data/poseidon/pegasus-5.1.0panorama/bin/pegasus-rc-client,"-n pegasus::rc-client -N null -R local  -L casa-wind-full -T 2023-09-08T07:29:05+00:00 /home/poseidon/pegasus-5.1.0panorama/bin/pegasus-rc-client --prefix pegasus.catalog.replica.output --conf /mnt/poseidon-data/poseidon/workflows/casa-wind-workflow-full/submit/poseidon/pegasus/casa-wind-full/run0053/pegasus.18397866027473783591.properties -v --meta /mnt/poseidon-data/poseidon/workflows/casa-wind-workflow-full/submit/poseidon/pegasus/casa-wind-full/run0053/00/00/unzip_ID0000001.meta,/mnt/poseidon-data/poseidon/workflows/casa-wind-workflow-full/submit/poseidon/pegasus/casa-wind-full/run0053/00/00/unzip_ID0000071.meta,/mnt/poseidon-data/poseidon/workflows/casa-wind-workflow-full/submit/poseidon/pegasus/casa-wind-full/run0053/00/00/unzip_ID0000076.meta,/mnt/poseidon-data/poseidon/workflows/casa-wind-workflow-full/submit/poseidon/pegasus/casa-wind-full/run0053/00/00/unzip_ID0000051.meta,/mnt/poseidon-data/poseidon/workflows/casa-wind-workflow-full/submit/poseidon/pegasus/casa-wind-full/run0053/00/00/unzip_ID0000026.meta,/mnt/poseidon-data/poseidon/workflows/casa-wind-workflow-full/submit/poseidon/pegasus/casa-wind-full/run0053/00/00/unzip_ID0000101.meta,/mnt/poseidon-data/poseidon/workflows/casa-wind-workflow-full/submit/poseidon/pegasus/casa-wind-full/run0053/00/00/unzip_ID0000006.meta,/mnt/poseidon-data/poseidon/workflows/casa-wind-workflow-full/submit/poseidon/pegasus/casa-wind-full/run0053/00/00/unzip_ID0000121.meta,/mnt/poseidon-data/poseidon/workflows/casa-wind-workflow-full/submit/poseidon/pegasus/casa-wind-full/run0053/00/00/unzip_ID0000111.meta,/mnt/poseidon-data/poseidon/workflows/casa-wind-workflow-full/submit/poseidon/pegasus/casa-wind-full/run0053/00/00/unzip_ID0000126.meta,/mnt/poseidon-data/poseidon/workflows/casa-wind-workflow-full/submit/poseidon/pegasus/casa-wind-full/run0053/00/00/unzip_ID0000046.meta,/mnt/poseidon-data/poseidon/workflows/casa-wind-workflow-full/submit/poseidon/pegasus/casa-wind-full/run0053/00/00/unzip_ID0000081.meta,/mnt/poseidon-data/poseidon/workflows/casa-wind-workflow-full/submit/poseidon/pegasus/casa-wind-full/run0053/00/00/unzip_ID0000096.meta,/mnt/poseidon-data/poseidon/workflows/casa-wind-workflow-full/submit/poseidon/pegasus/casa-wind-full/run0053/00/00/unzip_ID0000016.meta,/mnt/poseidon-data/poseidon/workflows/casa-wind-workflow-full/submit/poseidon/pegasus/casa-wind-full/run0053/00/00/unzip_ID0000041.meta,/mnt/poseidon-data/poseidon/workflows/casa-wind-workflow-full/submit/poseidon/pegasus/casa-wind-full/run0053/00/00/unzip_ID0000116.meta,/mnt/poseidon-data/poseidon/workflows/casa-wind-workflow-full/submit/poseidon/pegasus/casa-wind-full/run0053/00/00/unzip_ID0000036.meta,/mnt/poseidon-data/poseidon/workflows/casa-wind-workflow-full/submit/poseidon/pegasus/casa-wind-full/run0053/00/00/unzip_ID0000106.meta,/mnt/poseidon-data/poseidon/workflows/casa-wind-workflow-full/submit/poseidon/pegasus/casa-wind-full/run0053/00/00/unzip_ID0000031.meta,/mnt/poseidon-data/poseidon/workflows/casa-wind-workflow-full/submit/poseidon/pegasus/casa-wind-full/run0053/00/00/unzip_ID0000091.meta,/mnt/poseidon-data/poseidon/workflows/casa-wind-workflow-full/submit/poseidon/pegasus/casa-wind-full/run0053/00/00/unzip_ID0000061.meta,/mnt/poseidon-data/poseidon/workflows/casa-wind-workflow-full/submit/poseidon/pegasus/casa-wind-full/run0053/00/00/unzip_ID0000066.meta,/mnt/poseidon-data/poseidon/workflows/casa-wind-workflow-full/submit/poseidon/pegasus/casa-wind-full/run0053/00/00/unzip_ID0000056.meta,/mnt/poseidon-data/poseidon/workflows/casa-wind-workflow-full/submit/poseidon/pegasus/casa-wind-full/run0053/00/00/unzip_ID0000086.meta,/mnt/poseidon-data/poseidon/workflows/casa-wind-workflow-full/submit/poseidon/pegasus/casa-wind-full/run0053/00/00/unzip_ID0000011.meta,/mnt/poseidon-data/poseidon/workflows/casa-wind-workflow-full/submit/poseidon/pegasus/casa-wind-full/run0053/00/00/unzip_ID0000021.meta --insert /mnt/poseidon-data/poseidon/workflows/casa-wind-workflow-full/submit/poseidon/pegasus/casa-wind-full/run0053/00/00/register_condorpool_0_1.in",3.4,0,0,,,,,,,,,
mvt_ID0000079,None,compute,0,1694305188.0,,,1694305193.0,1694305205.0,1694305217.0,27971960.4,1694305203.0,1694305273.0,1694305262.0,1694305265.0,14203.0,1694305273.0,1694305278.0,5.0,,10.0,70.0,5.0,12.0,177143652.0,3.0,45337.0,poseidon,condorpool,poseidon-worker-2-container-32-35,mvt,/opt/mvt/mvt,,39.3,0,0,0.0,824887.0,24576.0,500.0,6.0,29.9,0.1,27496.2,1228.8
post_vel_ID0000083,None,compute,0,1694305188.0,,,1694305193.0,1694305196.0,1694305208.0,29861824.0,1694305194.0,1694305223.0,1694305213.0,1694305216.0,4168.0,1694305223.0,1694305228.0,5.0,,1.0,29.0,5.0,12.0,177143937.0,3.0,12720.0,poseidon,condorpool,poseidon-worker-1-container-32-35,post_vel,/opt/netcdf2png/merged_netcdf2png,,0.1,0,0,,,,,,,,,
mvt_ID0000084,None,compute,0,1694305188.0,,,1694305193.0,1694305196.0,1694305207.0,33324840.0,1694305194.0,1694305263.0,1694305252.0,1694305255.0,15474.0,1694305263.0,1694305268.0,5.0,,1.0,69.0,5.0,11.0,177143652.0,3.0,47998.0,poseidon,condorpool,poseidon-worker-1-container-44-47,mvt,/opt/mvt/mvt,,39.7,0,0,0.0,835873.0,24576.0,524.0,6.0,29.9,0.1,27862.4,1228.8
stage_out_local_condorpool_1_0,None,transfer,0,1694305188.0,,,1694305193.0,,,0.0,1694305194.0,1694305198.0,,,0.0,1694305198.0,1694305203.0,5.0,,1.0,4.0,5.0,,,,,poseidon,local,poseidon-submit,pegasus::transfer,/mnt/poseidon-data/poseidon/pegasus-5.1.0panorama/bin/pegasus-transfer,/home/poseidon/pegasus-5.1.0panorama/bin/../bin/pegasus-kickstart  -n pegasus::transfer -N null -i - -R local  -L casa-wind-full -T 2023-09-08T07:29:05+00:00 /home/poseidon/pegasus-5.1.0panorama/bin/../bin/pegasus-transfer  --threads 2,1.0,0,0,,,,,,,,,
post_vel_ID0000063,None,compute,0,1694305188.0,,,1694305193.0,1694305205.0,1694305217.0,28381410.6,1694305203.0,1694305233.0,1694305222.0,1694305226.0,3722.0,1694305233.0,1694305238.0,5.0,,10.0,30.0,5.0,12.0,177143937.0,4.0,11628.0,poseidon,condorpool,poseidon-worker-1-container-28-31,post_vel,/opt/netcdf2png/merged_netcdf2png,,0.1,0,0,,,,,,,,,
mvt_ID0000064,None,compute,0,1694305188.0,,,1694305193.0,1694305205.0,1694305216.0,33327597.2,1694305203.0,1694305273.0,1694305261.0,1694305264.0,10006.0,1694305273.0,1694305278.0,5.0,,10.0,70.0,5.0,11.0,177143652.0,3.0,31148.0,poseidon,condorpool,poseidon-worker-1-container-24-27,mvt,/opt/mvt/mvt,,39.3,0,0,0.0,819371.0,16384.0,488.0,4.0,29.9,0.1,27312.4,819.2
post_vel_ID0000048,None,compute,0,1694305188.0,,,1694305193.0,1694305206.0,1694305217.0,35217019.6,1694305204.0,1694305233.0,1694305222.0,1694305225.0,3354.0,1694305233.0,1694305238.0,5.0,,11.0,29.0,5.0,11.0,177143937.0,3.0,10371.0,poseidon,condorpool,poseidon-worker-2-container-44-47,post_vel,/opt/netcdf2png/merged_netcdf2png,,0.1,0,0,,,,,,,,,
post_vel_ID0000078,None,compute,0,1694305188.0,,,1694305193.0,1694305206.0,1694305218.0,29206522.3,1694305204.0,1694305233.0,1694305223.0,1694305227.0,3968.0,1694305233.0,1694305238.0,5.0,,11.0,29.0,5.0,12.0,177143937.0,4.0,12264.0,poseidon,condorpool,poseidon-worker-1-container-4-7,post_vel,/opt/netcdf2png/merged_netcdf2png,,0.1,0,0,,,,,,,,,
post_vel_ID0000003,None,compute,0,1694305188.0,,,1694305193.0,1694305205.0,1694305217.0,26650983.2,1694305203.0,1694305233.0,1694305223.0,1694305226.0,3491.0,1694305233.0,1694305238.0,5.0,,10.0,30.0,5.0,12.0,177143937.0,3.0,10865.0,poseidon,condorpool,poseidon-worker-2-container-0-3,post_vel,/opt/netcdf2png/merged_netcdf2png,,0.1,0,0,,,,,,,,,
mvt_ID0000109,None,compute,0,1694305188.0,,,1694305193.0,1694305205.0,1694305221.0,18126386.1,1694305203.0,1694305278.0,1694305266.0,1694305269.0,19156.0,1694305278.0,1694305283.0,5.0,,10.0,75.0,5.0,16.0,177143652.0,3.0,59954.0,poseidon,condorpool,poseidon-worker-1-container-12-15,mvt,/opt/mvt/mvt,,39.7,0,0,0.0,820750.0,32768.0,491.0,8.0,29.9,0.1,27358.3,1638.4
mvt_ID0000004,None,compute,0,1694305188.0,,,1694305193.0,1694305205.0,1694305217.0,28544945.4,1694305203.0,1694305273.0,1694305261.0,1694305264.0,9290.0,1694305273.0,1694305278.0,5.0,,10.0,70.0,5.0,12.0,177143652.0,3.0,28781.0,poseidon,condorpool,poseidon-worker-2-container-36-39,mvt,/opt/mvt/mvt,,39.3,0,0,0.0,824867.0,16384.0,500.0,4.0,29.9,0.1,27495.6,819.2
post_vel_ID0000008,None,compute,0,1694305188.0,,,1694305193.0,1694305205.0,1694305218.0,26396726.3,1694305203.0,1694305233.0,1694305223.0,1694305226.0,3509.0,1694305233.0,1694305238.0,5.0,,10.0,30.0,5.0,13.0,177143937.0,3.0,10982.0,poseidon,condorpool,poseidon-worker-1-container-20-23,post_vel,/opt/netcdf2png/merged_netcdf2png,,0.1,0,0,,,,,,,,,
mvt_ID0000009,None,compute,0,1694305188.0,,,1694305193.0,1694305205.0,1694305217.0,26704347.4,1694305203.0,1694305273.0,1694305262.0,1694305265.0,11227.0,1694305273.0,1694305278.0,5.0,,10.0,70.0,5.0,12.0,177143652.0,3.0,35429.0,poseidon,condorpool,poseidon-worker-2-container-40-43,mvt,/opt/mvt/mvt,,39.4,0,0,0.0,822123.0,20480.0,494.0,5.0,29.9,0.1,27404.1,1024.0
mvt_ID0000074,None,compute,0,1694305188.0,,,1694305193.0,1694305205.0,1694305218.0,23879739.3,1694305203.0,1694305273.0,1694305263.0,1694305266.0,12384.0,1694305273.0,1694305278.0,5.0,,10.0,70.0,5.0,13.0,177143652.0,3.0,38855.0,poseidon,condorpool,poseidon-worker-1-container-40-43,mvt,/opt/mvt/mvt,,39.8,0,0,0.0,818000.0,20480.0,485.0,5.0,29.9,0.1,27266.7,1024.0
post_vel_ID0000073,None,compute,0,1694305188.0,,,1694305193.0,1694305205.0,1694305217.0,27885750.8,1694305203.0,1694305233.0,1694305223.0,1694305226.0,3775.0,1694305233.0,1694305238.0,5.0,,10.0,30.0,5.0,12.0,177143937.0,3.0,11825.0,poseidon,condorpool,poseidon-worker-2-container-28-31,post_vel,/opt/netcdf2png/merged_netcdf2png,,0.1,0,0,,,,,,,,,
post_vel_ID0000123,None,compute,0,1694305188.0,,,1694305193.0,1694305205.0,1694305218.0,24694387.4,1694305203.0,1694305233.0,1694305224.0,1694305227.0,4728.0,1694305233.0,1694305238.0,5.0,,10.0,30.0,5.0,13.0,177143937.0,3.0,14777.0,poseidon,condorpool,poseidon-worker-2-container-24-27,post_vel,/opt/netcdf2png/merged_netcdf2png,,0.1,0,0,,,,,,,,,
mvt_ID0000124,None,compute,0,1694305188.0,,,1694305193.0,1694305205.0,1694305218.0,25189492.7,1694305203.0,1694305273.0,1694305264.0,1694305267.0,22684.0,1694305273.0,1694305278.0,5.0,,10.0,70.0,5.0,13.0,177143652.0,3.0,70564.0,poseidon,condorpool,poseidon-worker-1-container-8-11,mvt,/opt/mvt/mvt,,40.5,0,0,0.0,825856.0,40960.0,509.0,10.0,39.9,0.1,20646.4,4096.0
mvt_ID0000094,None,compute,0,1694305188.0,,,1694305193.0,1694305205.0,1694305216.0,33532692.8,1694305203.0,1694305273.0,1694305261.0,1694305264.0,16662.0,1694305273.0,1694305278.0,5.0,,10.0,70.0,5.0,11.0,177143652.0,3.0,52407.0,poseidon,condorpool,poseidon-worker-2-container-12-15,mvt,/opt/mvt/mvt,,39.4,0,0,0.0,790583.0,28672.0,425.0,7.0,29.9,0.1,26352.8,1433.6
post_vel_ID0000093,None,compute,0,1694305188.0,,,1694305193.0,1694305205.0,1694305217.0,29220846.8,1694305203.0,1694305233.0,1694305222.0,1694305226.0,4212.0,1694305233.0,1694305238.0,5.0,,10.0,30.0,5.0,12.0,177143937.0,4.0,13303.0,poseidon,condorpool,poseidon-worker-2-container-16-19,post_vel,/opt/netcdf2png/merged_netcdf2png,,0.1,0,0,,,,,,,,,
mvt_ID0000119,None,compute,0,1694305188.0,,,1694305193.0,1694305206.0,1694305217.0,29604129.0,1694305204.0,1694305273.0,1694305262.0,1694305265.0,20991.0,1694305273.0,1694305278.0,5.0,,11.0,69.0,5.0,11.0,177143652.0,3.0,65525.0,poseidon,condorpool,poseidon-worker-1-container-32-35,mvt,/opt/mvt/mvt,,39.8,0,0,0.0,816694.0,36864.0,482.0,9.0,29.9,0.1,27223.1,3686.4
post_vel_ID0000118,None,compute,0,1694305188.0,,,1694305193.0,1694305206.0,1694305217.0,27438571.4,1694305203.0,1694305233.0,1694305223.0,1694305226.0,4568.0,1694305233.0,1694305238.0,5.0,,10.0,30.0,5.0,11.0,177143937.0,3.0,14402.0,poseidon,condorpool,poseidon-worker-1-container-44-47,post_vel,/opt/netcdf2png/merged_netcdf2png,,0.1,0,0,,,,,,,,,
register_condorpool_0_2,None,auxiliary,0,1694305188.0,,,1694305193.0,,,0.0,1694305194.0,1694305198.0,,,0.0,1694305198.0,1694305203.0,5.0,,1.0,4.0,5.0,,,,,poseidon,local,poseidon-submit,pegasus::rc-client,/mnt/poseidon-data/poseidon/pegasus-5.1.0panorama/bin/pegasus-rc-client,"-n pegasus::rc-client -N null -R local  -L casa-wind-full -T 2023-09-08T07:29:05+00:00 /home/poseidon/pegasus-5.1.0panorama/bin/pegasus-rc-client --prefix pegasus.catalog.replica.output --conf /mnt/poseidon-data/poseidon/workflows/casa-wind-workflow-full/submit/poseidon/pegasus/casa-wind-full/run0053/pegasus.18397866027473783591.properties -v --meta /mnt/poseidon-data/poseidon/workflows/casa-wind-workflow-full/submit/poseidon/pegasus/casa-wind-full/run0053/00/00/unzip_ID0000001.meta,/mnt/poseidon-data/poseidon/workflows/casa-wind-workflow-full/submit/poseidon/pegasus/casa-wind-full/run0053/00/00/unzip_ID0000071.meta,/mnt/poseidon-data/poseidon/workflows/casa-wind-workflow-full/submit/poseidon/pegasus/casa-wind-full/run0053/00/00/unzip_ID0000076.meta,/mnt/poseidon-data/poseidon/workflows/casa-wind-workflow-full/submit/poseidon/pegasus/casa-wind-full/run0053/00/00/unzip_ID0000051.meta,/mnt/poseidon-data/poseidon/workflows/casa-wind-workflow-full/submit/poseidon/pegasus/casa-wind-full/run0053/00/00/unzip_ID0000026.meta,/mnt/poseidon-data/poseidon/workflows/casa-wind-workflow-full/submit/poseidon/pegasus/casa-wind-full/run0053/00/00/unzip_ID0000101.meta,/mnt/poseidon-data/poseidon/workflows/casa-wind-workflow-full/submit/poseidon/pegasus/casa-wind-full/run0053/00/00/unzip_ID0000006.meta,/mnt/poseidon-data/poseidon/workflows/casa-wind-workflow-full/submit/poseidon/pegasus/casa-wind-full/run0053/00/00/unzip_ID0000121.meta,/mnt/poseidon-data/poseidon/workflows/casa-wind-workflow-full/submit/poseidon/pegasus/casa-wind-full/run0053/00/00/unzip_ID0000111.meta,/mnt/poseidon-data/poseidon/workflows/casa-wind-workflow-full/submit/poseidon/pegasus/casa-wind-full/run0053/00/00/unzip_ID0000126.meta,/mnt/poseidon-data/poseidon/workflows/casa-wind-workflow-full/submit/poseidon/pegasus/casa-wind-full/run0053/00/00/unzip_ID0000046.meta,/mnt/poseidon-data/poseidon/workflows/casa-wind-workflow-full/submit/poseidon/pegasus/casa-wind-full/run0053/00/00/unzip_ID0000081.meta,/mnt/poseidon-data/poseidon/workflows/casa-wind-workflow-full/submit/poseidon/pegasus/casa-wind-full/run0053/00/00/unzip_ID0000096.meta,/mnt/poseidon-data/poseidon/workflows/casa-wind-workflow-full/submit/poseidon/pegasus/casa-wind-full/run0053/00/00/unzip_ID0000016.meta,/mnt/poseidon-data/poseidon/workflows/casa-wind-workflow-full/submit/poseidon/pegasus/casa-wind-full/run0053/00/00/unzip_ID0000041.meta,/mnt/poseidon-data/poseidon/workflows/casa-wind-workflow-full/submit/poseidon/pegasus/casa-wind-full/run0053/00/00/unzip_ID0000116.meta,/mnt/poseidon-data/poseidon/workflows/casa-wind-workflow-full/submit/poseidon/pegasus/casa-wind-full/run0053/00/00/unzip_ID0000036.meta,/mnt/poseidon-data/poseidon/workflows/casa-wind-workflow-full/submit/poseidon/pegasus/casa-wind-full/run0053/00/00/unzip_ID0000106.meta,/mnt/poseidon-data/poseidon/workflows/casa-wind-workflow-full/submit/poseidon/pegasus/casa-wind-full/run0053/00/00/unzip_ID0000031.meta,/mnt/poseidon-data/poseidon/workflows/casa-wind-workflow-full/submit/poseidon/pegasus/casa-wind-full/run0053/00/00/unzip_ID0000091.meta,/mnt/poseidon-data/poseidon/workflows/casa-wind-workflow-full/submit/poseidon/pegasus/casa-wind-full/run0053/00/00/unzip_ID0000061.meta,/mnt/poseidon-data/poseidon/workflows/casa-wind-workflow-full/submit/poseidon/pegasus/casa-wind-full/run0053/00/00/unzip_ID0000066.meta,/mnt/poseidon-data/poseidon/workflows/casa-wind-workflow-full/submit/poseidon/pegasus/casa-wind-full/run0053/00/00/unzip_ID0000056.meta,/mnt/poseidon-data/poseidon/workflows/casa-wind-workflow-full/submit/poseidon/pegasus/casa-wind-full/run0053/00/00/unzip_ID0000086.meta,/mnt/poseidon-data/poseidon/workflows/casa-wind-workflow-full/submit/poseidon/pegasus/casa-wind-full/run0053/00/00/unzip_ID0000011.meta,/mnt/poseidon-data/poseidon/workflows/casa-wind-workflow-full/submit/poseidon/pegasus/casa-wind-full/run0053/00/00/unzip_ID0000021.meta --insert /mnt/poseidon-data/poseidon/workflows/casa-wind-workflow-full/submit/poseidon/pegasus/casa-wind-full/run0053/00/00/register_condorpool_0_2.in",3.5,0,0,,,,,,,,,
post_vel_ID0000108,None,compute,0,1694305188.0,,,1694305193.0,1694305205.0,1694305217.0,28190431.2,1694305203.0,1694305233.0,1694305222.0,1694305226.0,4423.0,1694305233.0,1694305238.0,5.0,,10.0,30.0,5.0,12.0,177143937.0,4.0,13907.0,poseidon,condorpool,poseidon-worker-1-container-36-39,post_vel,/opt/netcdf2png/merged_netcdf2png,,0.1,0,0,,,,,,,,,
stage_out_local_condorpool_1_1,None,transfer,0,1694305193.0,,,1694305198.0,,,0.0,1694305199.0,1694305203.0,,,0.0,1694305203.0,1694305208.0,5.0,,1.0,4.0,5.0,,,,,poseidon,local,poseidon-submit,pegasus::transfer,/mnt/poseidon-data/poseidon/pegasus-5.1.0panorama/bin/pegasus-transfer,/home/poseidon/pegasus-5.1.0panorama/bin/../bin/pegasus-kickstart  -n pegasus::transfer -N null -i - -R local  -L casa-wind-full -T 2023-09-08T07:29:05+00:00 /home/poseidon/pegasus-5.1.0panorama/bin/../bin/pegasus-transfer  --threads 2,1.0,0,0,,,,,,,,,
stage_out_local_condorpool_1_2,None,transfer,0,1694305193.0,,,1694305198.0,,,0.0,1694305199.0,1694305203.0,,,0.0,1694305203.0,1694305208.0,5.0,,1.0,4.0,5.0,,,,,poseidon,local,poseidon-submit,pegasus::transfer,/mnt/poseidon-data/poseidon/pegasus-5.1.0panorama/bin/pegasus-transfer,/home/poseidon/pegasus-5.1.0panorama/bin/../bin/pegasus-kickstart  -n pegasus::transfer -N null -i - -R local  -L casa-wind-full -T 2023-09-08T07:29:05+00:00 /home/poseidon/pegasus-5.1.0panorama/bin/../bin/pegasus-transfer  --threads 2,0.9,0,0,,,,,,,,,
post_vel_ID0000103,None,compute,0,1694305193.0,,,1694305198.0,1694305206.0,1694305218.0,27872170.0,1694305204.0,1694305233.0,1694305223.0,1694305226.0,4425.0,1694305233.0,1694305238.0,5.0,,6.0,29.0,5.0,12.0,177143937.0,3.0,13815.0,poseidon,condorpool,poseidon-worker-2-container-4-7,post_vel,/opt/netcdf2png/merged_netcdf2png,,0.1,0,0,,,,,,,,,
mvt_ID0000104,None,compute,0,1694305193.0,,,1694305198.0,1694305205.0,1694305218.0,23480740.1,1694305203.0,1694305273.0,1694305263.0,1694305266.0,19107.0,1694305273.0,1694305278.0,5.0,,5.0,70.0,5.0,13.0,177143652.0,3.0,59590.0,poseidon,condorpool,poseidon-worker-2-container-8-11,mvt,/opt/mvt/mvt,,39.2,0,0,0.0,822066.0,32768.0,494.0,8.0,29.9,0.1,27402.2,3276.8
mvt_ID0000014,None,compute,0,1694305193.0,,,1694305198.0,1694305210.0,1694305221.0,34288338.0,1694305208.0,1694305278.0,1694305266.0,1694305269.0,10369.0,1694305278.0,1694305283.0,5.0,,10.0,70.0,5.0,11.0,177143652.0,3.0,31991.0,poseidon,condorpool,poseidon-worker-1-container-32-35,mvt,/opt/mvt/mvt,,39.7,0,0,0.0,822202.0,16384.0,494.0,4.0,29.9,0.1,27406.7,819.2
post_vel_ID0000013,None,compute,0,1694305193.0,,,1694305198.0,1694305205.0,1694305216.0,32765203.6,1694305203.0,1694305233.0,1694305222.0,1694305225.0,3593.0,1694305233.0,1694305238.0,5.0,,5.0,30.0,5.0,11.0,177143937.0,3.0,11040.0,poseidon,condorpool,poseidon-worker-1-container-44-47,post_vel,/opt/netcdf2png/merged_netcdf2png,,0.1,0,0,,,,,,,,,
mvt_ID0000114,None,compute,0,1694305193.0,,,1694305198.0,1694305205.0,1694305217.0,31333330.4,1694305203.0,1694305273.0,1694305261.0,1694305264.0,23148.0,1694305273.0,1694305278.0,5.0,,5.0,70.0,5.0,12.0,177143652.0,3.0,73234.0,poseidon,condorpool,poseidon-worker-1-container-0-3,mvt,/opt/mvt/mvt,,39.3,0,0,0.0,819248.0,40960.0,488.0,10.0,29.9,0.1,27308.3,4096.0
post_vel_ID0000113,None,compute,0,1694305193.0,,,1694305198.0,1694305205.0,1694305224.0,13733266.8,1694305204.0,1694305238.0,1694305229.0,1694305233.0,4801.0,1694305238.0,1694305243.0,5.0,,6.0,34.0,5.0,19.0,177143937.0,4.0,14745.0,poseidon,condorpool,poseidon-worker-2-container-20-23,post_vel,/opt/netcdf2png/merged_netcdf2png,,0.1,0,0,,,,,,,,,
register_condorpool_1_0,None,auxiliary,0,1694305203.0,,,1694305213.0,,,0.0,1694305213.0,1694305218.0,,,0.0,1694305218.0,1694305223.0,10.0,,0.0,5.0,5.0,,,,,poseidon,local,poseidon-submit,pegasus::rc-client,/mnt/poseidon-data/poseidon/pegasus-5.1.0panorama/bin/pegasus-rc-client,"-n pegasus::rc-client -N null -R local  -L casa-wind-full -T 2023-09-08T07:29:05+00:00 /home/poseidon/pegasus-5.1.0panorama/bin/pegasus-rc-client --prefix pegasus.catalog.replica.output --conf /mnt/poseidon-data/poseidon/workflows/casa-wind-workflow-full/submit/poseidon/pegasus/casa-wind-full/run0053/pegasus.18397866027473783591.properties -v --meta /mnt/poseidon-data/poseidon/workflows/casa-wind-workflow-full/submit/poseidon/pegasus/casa-wind-full/run0053/00/00/um_vel_ID0000022.meta,/mnt/poseidon-data/poseidon/workflows/casa-wind-workflow-full/submit/poseidon/pegasus/casa-wind-full/run0053/00/00/um_vel_ID0000027.meta,/mnt/poseidon-data/poseidon/workflows/casa-wind-workflow-full/submit/poseidon/pegasus/casa-wind-full/run0053/00/01/um_vel_ID0000057.meta,/mnt/poseidon-data/poseidon/workflows/casa-wind-workflow-full/submit/poseidon/pegasus/casa-wind-full/run0053/00/00/um_vel_ID0000122.meta,/mnt/poseidon-data/poseidon/workflows/casa-wind-workflow-full/submit/poseidon/pegasus/casa-wind-full/run0053/00/00/um_vel_ID0000127.meta,/mnt/poseidon-data/poseidon/workflows/casa-wind-workflow-full/submit/poseidon/pegasus/casa-wind-full/run0053/00/00/um_vel_ID0000092.meta,/mnt/poseidon-data/poseidon/workflows/casa-wind-workflow-full/submit/poseidon/pegasus/casa-wind-full/run0053/00/01/um_vel_ID0000067.meta,/mnt/poseidon-data/poseidon/workflows/casa-wind-workflow-full/submit/poseidon/pegasus/casa-wind-full/run0053/00/01/um_vel_ID0000077.meta,/mnt/poseidon-data/poseidon/workflows/casa-wind-workflow-full/submit/poseidon/pegasus/casa-wind-full/run0053/00/01/um_vel_ID0000042.meta --insert /mnt/poseidon-data/poseidon/workflows/casa-wind-workflow-full/submit/poseidon/pegasus/casa-wind-full/run0053/00/01/register_condorpool_1_0.in",2.9,0,0,,,,,,,,,
register_condorpool_1_2,None,auxiliary,0,1694305208.0,,,1694305223.0,,,0.0,1694305224.0,1694305228.0,,,0.0,1694305228.0,1694305233.0,15.0,,1.0,4.0,5.0,,,,,poseidon,local,poseidon-submit,pegasus::rc-client,/mnt/poseidon-data/poseidon/pegasus-5.1.0panorama/bin/pegasus-rc-client,"-n pegasus::rc-client -N null -R local  -L casa-wind-full -T 2023-09-08T07:29:05+00:00 /home/poseidon/pegasus-5.1.0panorama/bin/pegasus-rc-client --prefix pegasus.catalog.replica.output --conf /mnt/poseidon-data/poseidon/workflows/casa-wind-workflow-full/submit/poseidon/pegasus/casa-wind-full/run0053/pegasus.18397866027473783591.properties -v --meta /mnt/poseidon-data/poseidon/workflows/casa-wind-workflow-full/submit/poseidon/pegasus/casa-wind-full/run0053/00/01/um_vel_ID0000112.meta,/mnt/poseidon-data/poseidon/workflows/casa-wind-workflow-full/submit/poseidon/pegasus/casa-wind-full/run0053/00/01/um_vel_ID0000062.meta,/mnt/poseidon-data/poseidon/workflows/casa-wind-workflow-full/submit/poseidon/pegasus/casa-wind-full/run0053/00/00/um_vel_ID0000117.meta,/mnt/poseidon-data/poseidon/workflows/casa-wind-workflow-full/submit/poseidon/pegasus/casa-wind-full/run0053/00/00/um_vel_ID0000012.meta,/mnt/poseidon-data/poseidon/workflows/casa-wind-workflow-full/submit/poseidon/pegasus/casa-wind-full/run0053/00/01/um_vel_ID0000107.meta,/mnt/poseidon-data/poseidon/workflows/casa-wind-workflow-full/submit/poseidon/pegasus/casa-wind-full/run0053/00/00/um_vel_ID0000002.meta,/mnt/poseidon-data/poseidon/workflows/casa-wind-workflow-full/submit/poseidon/pegasus/casa-wind-full/run0053/00/01/um_vel_ID0000052.meta,/mnt/poseidon-data/poseidon/workflows/casa-wind-workflow-full/submit/poseidon/pegasus/casa-wind-full/run0053/00/00/um_vel_ID0000032.meta --insert /mnt/poseidon-data/poseidon/workflows/casa-wind-workflow-full/submit/poseidon/pegasus/casa-wind-full/run0053/00/01/register_condorpool_1_2.in",2.8,0,0,,,,,,,,,
register_condorpool_1_1,None,auxiliary,0,1694305208.0,,,1694305233.0,,,0.0,1694305233.0,1694305238.0,,,0.0,1694305238.0,1694305243.0,25.0,,0.0,5.0,5.0,,,,,poseidon,local,poseidon-submit,pegasus::rc-client,/mnt/poseidon-data/poseidon/pegasus-5.1.0panorama/bin/pegasus-rc-client,"-n pegasus::rc-client -N null -R local  -L casa-wind-full -T 2023-09-08T07:29:05+00:00 /home/poseidon/pegasus-5.1.0panorama/bin/pegasus-rc-client --prefix pegasus.catalog.replica.output --conf /mnt/poseidon-data/poseidon/workflows/casa-wind-workflow-full/submit/poseidon/pegasus/casa-wind-full/run0053/pegasus.18397866027473783591.properties -v --meta /mnt/poseidon-data/poseidon/workflows/casa-wind-workflow-full/submit/poseidon/pegasus/casa-wind-full/run0053/00/00/um_vel_ID0000097.meta,/mnt/poseidon-data/poseidon/workflows/casa-wind-workflow-full/submit/poseidon/pegasus/casa-wind-full/run0053/00/01/um_vel_ID0000047.meta,/mnt/poseidon-data/poseidon/workflows/casa-wind-workflow-full/submit/poseidon/pegasus/casa-wind-full/run0053/00/00/um_vel_ID0000087.meta,/mnt/poseidon-data/poseidon/workflows/casa-wind-workflow-full/submit/poseidon/pegasus/casa-wind-full/run0053/00/01/um_vel_ID0000007.meta,/mnt/poseidon-data/poseidon/workflows/casa-wind-workflow-full/submit/poseidon/pegasus/casa-wind-full/run0053/00/00/um_vel_ID0000082.meta,/mnt/poseidon-data/poseidon/workflows/casa-wind-workflow-full/submit/poseidon/pegasus/casa-wind-full/run0053/00/01/um_vel_ID0000072.meta,/mnt/poseidon-data/poseidon/workflows/casa-wind-workflow-full/submit/poseidon/pegasus/casa-wind-full/run0053/00/01/um_vel_ID0000102.meta,/mnt/poseidon-data/poseidon/workflows/casa-wind-workflow-full/submit/poseidon/pegasus/casa-wind-full/run0053/00/00/um_vel_ID0000017.meta,/mnt/poseidon-data/poseidon/workflows/casa-wind-workflow-full/submit/poseidon/pegasus/casa-wind-full/run0053/00/01/um_vel_ID0000037.meta --insert /mnt/poseidon-data/poseidon/workflows/casa-wind-workflow-full/submit/poseidon/pegasus/casa-wind-full/run0053/00/01/register_condorpool_1_1.in",2.8,0,0,,,,,,,,,
point_alert_ID0000130,None,compute,0,1694305258.0,,,1694305263.0,1694305266.0,1694305277.0,29603283.0,1694305264.0,1694305293.0,1694305282.0,1694305285.0,7313.0,1694305293.0,1694305298.0,5.0,,1.0,29.0,5.0,11.0,176672472.0,3.0,23118.0,poseidon,condorpool,poseidon-worker-2-container-44-47,point_alert,/opt/pointAlert/pointAlert,,0.0,0,0,,,,,,,,,
point_alert_ID0000035,None,compute,0,1694305258.0,,,1694305263.0,1694305266.0,1694305277.0,29646401.0,1694305264.0,1694305293.0,1694305282.0,1694305285.0,6356.0,1694305293.0,1694305298.0,5.0,,1.0,29.0,5.0,11.0,176638959.0,3.0,20078.0,poseidon,condorpool,poseidon-worker-2-container-32-35,point_alert,/opt/pointAlert/pointAlert,,0.0,0,0,,,,,,,,,
point_alert_ID0000060,None,compute,0,1694305258.0,,,1694305263.0,1694305266.0,1694305277.0,29627220.5,1694305264.0,1694305293.0,1694305282.0,1694305285.0,6608.0,1694305293.0,1694305298.0,5.0,,1.0,29.0,5.0,11.0,176636147.0,3.0,20878.0,poseidon,condorpool,poseidon-worker-2-container-40-43,point_alert,/opt/pointAlert/pointAlert,,0.0,0,0,,,,,,,,,
stage_out_local_condorpool_2_0,None,transfer,0,1694305263.0,,,1694305268.0,,,0.0,1694305269.0,1694305273.0,,,0.0,1694305273.0,1694305278.0,5.0,,1.0,4.0,5.0,,,,,poseidon,local,poseidon-submit,pegasus::transfer,/mnt/poseidon-data/poseidon/pegasus-5.1.0panorama/bin/pegasus-transfer,/home/poseidon/pegasus-5.1.0panorama/bin/../bin/pegasus-kickstart  -n pegasus::transfer -N null -i - -R local  -L casa-wind-full -T 2023-09-08T07:29:05+00:00 /home/poseidon/pegasus-5.1.0panorama/bin/../bin/pegasus-transfer  --threads 2,1.0,0,0,,,,,,,,,
stage_out_local_condorpool_2_4,None,transfer,0,1694305263.0,,,1694305268.0,,,0.0,1694305269.0,1694305273.0,,,0.0,1694305273.0,1694305278.0,5.0,,1.0,4.0,5.0,,,,,poseidon,local,poseidon-submit,pegasus::transfer,/mnt/poseidon-data/poseidon/pegasus-5.1.0panorama/bin/pegasus-transfer,/home/poseidon/pegasus-5.1.0panorama/bin/../bin/pegasus-kickstart  -n pegasus::transfer -N null -i - -R local  -L casa-wind-full -T 2023-09-08T07:29:05+00:00 /home/poseidon/pegasus-5.1.0panorama/bin/../bin/pegasus-transfer  --threads 2,0.9,0,0,,,,,,,,,
point_alert_ID0000055,None,compute,0,1694305263.0,,,1694305268.0,1694305272.0,1694305283.0,29839534.5,1694305271.0,1694305298.0,1694305288.0,1694305291.0,6586.0,1694305298.0,1694305303.0,5.0,,3.0,27.0,5.0,11.0,176636535.0,3.0,20638.0,poseidon,condorpool,poseidon-worker-2-container-44-47,point_alert,/opt/pointAlert/pointAlert,,0.0,0,0,,,,,,,,,
point_alert_ID0000100,None,compute,0,1694305263.0,,,1694305268.0,1694305271.0,1694305282.0,34112812.8,1694305270.0,1694305298.0,1694305288.0,1694305291.0,6599.0,1694305298.0,1694305303.0,5.0,,2.0,28.0,5.0,11.0,176658101.0,3.0,20638.0,poseidon,condorpool,poseidon-worker-2-container-28-31,point_alert,/opt/pointAlert/pointAlert,,0.0,0,0,,,,,,,,,
point_alert_ID0000040,None,compute,0,1694305263.0,,,1694305268.0,1694305271.0,1694305283.0,28077759.8,1694305270.0,1694305298.0,1694305288.0,1694305291.0,6578.0,1694305298.0,1694305303.0,5.0,,2.0,28.0,5.0,12.0,176642369.0,3.0,20558.0,poseidon,condorpool,poseidon-worker-2-container-36-39,point_alert,/opt/pointAlert/pointAlert,,0.0,0,0,,,,,,,,,
point_alert_ID0000030,None,compute,0,1694305263.0,,,1694305268.0,1694305271.0,1694305283.0,28463211.2,1694305270.0,1694305298.0,1694305288.0,1694305291.0,6365.0,1694305298.0,1694305303.0,5.0,,2.0,28.0,5.0,12.0,176646324.0,3.0,20158.0,poseidon,condorpool,poseidon-worker-1-container-8-11,point_alert,/opt/pointAlert/pointAlert,,0.0,0,0,,,,,,,,,
point_alert_ID0000020,None,compute,0,1694305263.0,,,1694305268.0,1694305271.0,1694305282.0,29883993.5,1694305270.0,1694305298.0,1694305287.0,1694305291.0,6462.0,1694305298.0,1694305303.0,5.0,,2.0,28.0,5.0,11.0,176644228.0,4.0,20478.0,poseidon,condorpool,poseidon-worker-1-container-12-15,point_alert,/opt/pointAlert/pointAlert,,0.0,0,0,,,,,,,,,
point_alert_ID0000090,None,compute,0,1694305263.0,,,1694305268.0,1694305271.0,1694305282.0,34221450.8,1694305270.0,1694305298.0,1694305288.0,1694305291.0,6506.0,1694305298.0,1694305303.0,5.0,,2.0,28.0,5.0,11.0,176656458.0,3.0,20638.0,poseidon,condorpool,poseidon-worker-1-container-16-19,point_alert,/opt/pointAlert/pointAlert,,0.0,0,0,,,,,,,,,
point_alert_ID0000025,None,compute,0,1694305263.0,,,1694305268.0,1694305271.0,1694305282.0,29651363.5,1694305270.0,1694305298.0,1694305287.0,1694305291.0,6387.0,1694305298.0,1694305303.0,5.0,,2.0,28.0,5.0,11.0,176638688.0,4.0,20078.0,poseidon,condorpool,poseidon-worker-1-container-0-3,point_alert,/opt/pointAlert/pointAlert,,0.0,0,0,,,,,,,,,
point_alert_ID0000070,None,compute,0,1694305263.0,,,1694305268.0,1694305271.0,1694305282.0,33974812.2,1694305270.0,1694305298.0,1694305288.0,1694305291.0,6568.0,1694305298.0,1694305303.0,5.0,,2.0,28.0,5.0,11.0,176643292.0,3.0,20558.0,poseidon,condorpool,poseidon-worker-2-container-8-11,point_alert,/opt/pointAlert/pointAlert,,0.0,0,0,,,,,,,,,
point_alert_ID0000045,None,compute,0,1694305263.0,,,1694305268.0,1694305271.0,1694305282.0,35137812.8,1694305270.0,1694305298.0,1694305287.0,1694305291.0,6588.0,1694305298.0,1694305303.0,5.0,,2.0,28.0,5.0,11.0,176636096.0,4.0,20798.0,poseidon,condorpool,poseidon-worker-1-container-24-27,point_alert,/opt/pointAlert/pointAlert,,0.0,0,0,,,,,,,,,
point_alert_ID0000085,None,compute,0,1694305268.0,,,1694305273.0,1694305276.0,1694305287.0,35245411.4,1694305275.0,1694305303.0,1694305293.0,1694305296.0,6904.0,1694305303.0,1694305308.0,5.0,,2.0,28.0,5.0,11.0,176655981.0,3.0,21118.0,poseidon,condorpool,poseidon-worker-2-container-36-39,point_alert,/opt/pointAlert/pointAlert,,0.0,0,0,,,,,,,,,
stage_out_local_condorpool_2_2,None,transfer,0,1694305278.0,,,1694305283.0,,,0.0,1694305284.0,1694305288.0,,,0.0,1694305288.0,1694305293.0,5.0,,1.0,4.0,5.0,,,,,poseidon,local,poseidon-submit,pegasus::transfer,/mnt/poseidon-data/poseidon/pegasus-5.1.0panorama/bin/pegasus-transfer,/home/poseidon/pegasus-5.1.0panorama/bin/../bin/pegasus-kickstart  -n pegasus::transfer -N null -i - -R local  -L casa-wind-full -T 2023-09-08T07:29:05+00:00 /home/poseidon/pegasus-5.1.0panorama/bin/../bin/pegasus-transfer  --threads 2,0.9,0,0,,,,,,,,,
point_alert_ID0000010,None,compute,0,1694305278.0,,,1694305283.0,1694305286.0,1694305297.0,32763094.6,1694305284.0,1694305313.0,1694305302.0,1694305306.0,6464.0,1694305313.0,1694305318.0,5.0,,1.0,29.0,5.0,11.0,176643412.0,4.0,20478.0,poseidon,condorpool,poseidon-worker-2-container-32-35,point_alert,/opt/pointAlert/pointAlert,,0.0,0,0,,,,,,,,,
point_alert_ID0000050,None,compute,0,1694305278.0,,,1694305283.0,1694305286.0,1694305297.0,29799743.5,1694305285.0,1694305313.0,1694305302.0,1694305306.0,6580.0,1694305313.0,1694305318.0,5.0,,2.0,28.0,5.0,11.0,176632091.0,4.0,20878.0,poseidon,condorpool,poseidon-worker-2-container-8-11,point_alert,/opt/pointAlert/pointAlert,,0.0,0,0,,,,,,,,,
register_condorpool_2_0,None,auxiliary,0,1694305278.0,,,1694305283.0,,,0.0,1694305284.0,1694305288.0,,,0.0,1694305288.0,1694305293.0,5.0,,1.0,4.0,5.0,,,,,poseidon,local,poseidon-submit,pegasus::rc-client,/mnt/poseidon-data/poseidon/pegasus-5.1.0panorama/bin/pegasus-rc-client,"-n pegasus::rc-client -N null -R local  -L casa-wind-full -T 2023-09-08T07:29:05+00:00 /home/poseidon/pegasus-5.1.0panorama/bin/pegasus-rc-client --prefix pegasus.catalog.replica.output --conf /mnt/poseidon-data/poseidon/workflows/casa-wind-workflow-full/submit/poseidon/pegasus/casa-wind-full/run0053/pegasus.18397866027473783591.properties -v --meta /mnt/poseidon-data/poseidon/workflows/casa-wind-workflow-full/submit/poseidon/pegasus/casa-wind-full/run0053/00/02/mvt_ID0000044.meta,/mnt/poseidon-data/poseidon/workflows/casa-wind-workflow-full/submit/poseidon/pegasus/casa-wind-full/run0053/00/01/post_vel_ID0000068.meta,/mnt/poseidon-data/poseidon/workflows/casa-wind-workflow-full/submit/poseidon/pegasus/casa-wind-full/run0053/00/01/mvt_ID0000129.meta,/mnt/poseidon-data/poseidon/workflows/casa-wind-workflow-full/submit/poseidon/pegasus/casa-wind-full/run0053/00/02/post_vel_ID0000058.meta,/mnt/poseidon-data/poseidon/workflows/casa-wind-workflow-full/submit/poseidon/pegasus/casa-wind-full/run0053/00/01/mvt_ID0000029.meta,/mnt/poseidon-data/poseidon/workflows/casa-wind-workflow-full/submit/poseidon/pegasus/casa-wind-full/run0053/00/02/post_vel_ID0000078.meta,/mnt/poseidon-data/poseidon/workflows/casa-wind-workflow-full/submit/poseidon/pegasus/casa-wind-full/run0053/00/01/post_vel_ID0000123.meta,/mnt/poseidon-data/poseidon/workflows/casa-wind-workflow-full/submit/poseidon/pegasus/casa-wind-full/run0053/00/01/post_vel_ID0000023.meta,/mnt/poseidon-data/poseidon/workflows/casa-wind-workflow-full/submit/poseidon/pegasus/casa-wind-full/run0053/00/01/post_vel_ID0000093.meta --insert /mnt/poseidon-data/poseidon/workflows/casa-wind-workflow-full/submit/poseidon/pegasus/casa-wind-full/run0053/00/02/register_condorpool_2_0.in",2.8,0,0,,,,,,,,,
register_condorpool_2_4,None,auxiliary,0,1694305278.0,,,1694305293.0,,,0.0,1694305294.0,1694305298.0,,,0.0,1694305298.0,1694305303.0,15.0,,1.0,4.0,5.0,,,,,poseidon,local,poseidon-submit,pegasus::rc-client,/mnt/poseidon-data/poseidon/pegasus-5.1.0panorama/bin/pegasus-rc-client,"-n pegasus::rc-client -N null -R local  -L casa-wind-full -T 2023-09-08T07:29:05+00:00 /home/poseidon/pegasus-5.1.0panorama/bin/pegasus-rc-client --prefix pegasus.catalog.replica.output --conf /mnt/poseidon-data/poseidon/workflows/casa-wind-workflow-full/submit/poseidon/pegasus/casa-wind-full/run0053/pegasus.18397866027473783591.properties -v --meta /mnt/poseidon-data/poseidon/workflows/casa-wind-workflow-full/submit/poseidon/pegasus/casa-wind-full/run0053/00/02/post_vel_ID0000113.meta,/mnt/poseidon-data/poseidon/workflows/casa-wind-workflow-full/submit/poseidon/pegasus/casa-wind-full/run0053/00/02/mvt_ID0000054.meta,/mnt/poseidon-data/poseidon/workflows/casa-wind-workflow-full/submit/poseidon/pegasus/casa-wind-full/run0053/00/01/post_vel_ID0000013.meta,/mnt/poseidon-data/poseidon/workflows/casa-wind-workflow-full/submit/poseidon/pegasus/casa-wind-full/run0053/00/01/post_vel_ID0000063.meta,/mnt/poseidon-data/poseidon/workflows/casa-wind-workflow-full/submit/poseidon/pegasus/casa-wind-full/run0053/00/01/post_vel_ID0000033.meta,/mnt/poseidon-data/poseidon/workflows/casa-wind-workflow-full/submit/poseidon/pegasus/casa-wind-full/run0053/00/02/post_vel_ID0000108.meta,/mnt/poseidon-data/poseidon/workflows/casa-wind-workflow-full/submit/poseidon/pegasus/casa-wind-full/run0053/00/01/post_vel_ID0000003.meta,/mnt/poseidon-data/poseidon/workflows/casa-wind-workflow-full/submit/poseidon/pegasus/casa-wind-full/run0053/00/01/post_vel_ID0000118.meta --insert /mnt/poseidon-data/poseidon/workflows/casa-wind-workflow-full/submit/poseidon/pegasus/casa-wind-full/run0053/00/02/register_condorpool_2_4.in",2.8,0,0,,,,,,,,,
stage_out_local_condorpool_2_3,None,transfer,0,1694305278.0,,,1694305283.0,,,0.0,1694305284.0,1694305288.0,,,0.0,1694305288.0,1694305293.0,5.0,,1.0,4.0,5.0,,,,,poseidon,local,poseidon-submit,pegasus::transfer,/mnt/poseidon-data/poseidon/pegasus-5.1.0panorama/bin/pegasus-transfer,/home/poseidon/pegasus-5.1.0panorama/bin/../bin/pegasus-kickstart  -n pegasus::transfer -N null -i - -R local  -L casa-wind-full -T 2023-09-08T07:29:05+00:00 /home/poseidon/pegasus-5.1.0panorama/bin/../bin/pegasus-transfer  --threads 2,0.9,0,0,,,,,,,,,
point_alert_ID0000105,None,compute,0,1694305278.0,,,1694305283.0,1694305286.0,1694305298.0,30907705.8,1694305284.0,1694305313.0,1694305303.0,1694305306.0,6731.0,1694305313.0,1694305318.0,5.0,,1.0,29.0,5.0,12.0,176667573.0,3.0,21278.0,poseidon,condorpool,poseidon-worker-1-container-8-11,point_alert,/opt/pointAlert/pointAlert,,0.0,0,0,,,,,,,,,
point_alert_ID0000065,None,compute,0,1694305278.0,,,1694305283.0,1694305286.0,1694305297.0,34794849.0,1694305284.0,1694305313.0,1694305302.0,1694305305.0,6422.0,1694305313.0,1694305318.0,5.0,,1.0,29.0,5.0,11.0,176639131.0,3.0,20238.0,poseidon,condorpool,poseidon-worker-2-container-40-43,point_alert,/opt/pointAlert/pointAlert,,0.0,0,0,,,,,,,,,
point_alert_ID0000080,None,compute,0,1694305278.0,,,1694305283.0,1694305286.0,1694305297.0,29566484.5,1694305284.0,1694305313.0,1694305302.0,1694305305.0,6564.0,1694305313.0,1694305318.0,5.0,,1.0,29.0,5.0,11.0,176653320.0,3.0,20718.0,poseidon,condorpool,poseidon-worker-1-container-16-19,point_alert,/opt/pointAlert/pointAlert,,0.0,0,0,,,,,,,,,
point_alert_ID0000115,None,compute,0,1694305278.0,,,1694305283.0,1694305286.0,1694305297.0,33171703.4,1694305284.0,1694305313.0,1694305302.0,1694305306.0,6832.0,1694305313.0,1694305318.0,5.0,,1.0,29.0,5.0,11.0,176681217.0,4.0,21598.0,poseidon,condorpool,poseidon-worker-1-container-24-27,point_alert,/opt/pointAlert/pointAlert,,0.0,0,0,,,,,,,,,
point_alert_ID0000075,None,compute,0,1694305278.0,,,1694305283.0,1694305287.0,1694305298.0,33734624.4,1694305285.0,1694305313.0,1694305303.0,1694305306.0,6430.0,1694305313.0,1694305318.0,5.0,,2.0,28.0,5.0,11.0,176646838.0,3.0,20558.0,poseidon,condorpool,poseidon-worker-1-container-32-35,point_alert,/opt/pointAlert/pointAlert,,0.0,0,0,,,,,,,,,
point_alert_ID0000095,None,compute,0,1694305278.0,,,1694305283.0,1694305286.0,1694305297.0,34498654.4,1694305284.0,1694305313.0,1694305302.0,1694305306.0,6539.0,1694305313.0,1694305318.0,5.0,,1.0,29.0,5.0,11.0,176660390.0,4.0,20718.0,poseidon,condorpool,poseidon-worker-2-container-12-15,point_alert,/opt/pointAlert/pointAlert,,0.0,0,0,,,,,,,,,
point_alert_ID0000120,None,compute,0,1694305278.0,,,1694305283.0,1694305286.0,1694305297.0,34773498.8,1694305284.0,1694305313.0,1694305302.0,1694305306.0,6880.0,1694305313.0,1694305318.0,5.0,,1.0,29.0,5.0,11.0,176673508.0,4.0,21998.0,poseidon,condorpool,poseidon-worker-1-container-0-3,point_alert,/opt/pointAlert/pointAlert,,0.0,0,0,,,,,,,,,
point_alert_ID0000125,None,compute,0,1694305278.0,,,1694305283.0,1694305286.0,1694305298.0,31411656.8,1694305284.0,1694305313.0,1694305303.0,1694305306.0,7262.0,1694305313.0,1694305318.0,5.0,,1.0,29.0,5.0,12.0,176678547.0,3.0,22878.0,poseidon,condorpool,poseidon-worker-1-container-12-15,point_alert,/opt/pointAlert/pointAlert,,0.0,0,0,,,,,,,,,
point_alert_ID0000005,None,compute,0,1694305278.0,,,1694305283.0,1694305286.0,1694305301.0,19992127.2,1694305285.0,1694305318.0,1694305306.0,1694305309.0,6590.0,1694305318.0,1694305323.0,5.0,,2.0,33.0,5.0,15.0,176636764.0,3.0,20398.0,poseidon,condorpool,poseidon-worker-1-container-32-35,point_alert,/opt/pointAlert/pointAlert,,0.0,0,0,,,,,,,,,
stage_out_local_condorpool_2_1,None,transfer,0,1694305278.0,,,1694305283.0,,,0.0,1694305284.0,1694305288.0,,,0.0,1694305288.0,1694305293.0,5.0,,1.0,4.0,5.0,,,,,poseidon,local,poseidon-submit,pegasus::transfer,/mnt/poseidon-data/poseidon/pegasus-5.1.0panorama/bin/pegasus-transfer,/home/poseidon/pegasus-5.1.0panorama/bin/../bin/pegasus-kickstart  -n pegasus::transfer -N null -i - -R local  -L casa-wind-full -T 2023-09-08T07:29:05+00:00 /home/poseidon/pegasus-5.1.0panorama/bin/../bin/pegasus-transfer  --threads 2,0.9,0,0,,,,,,,,,
point_alert_ID0000015,None,compute,0,1694305283.0,,,1694305288.0,1694305291.0,1694305303.0,29361760.8,1694305289.0,1694305318.0,1694305308.0,1694305311.0,6665.0,1694305318.0,1694305323.0,5.0,,1.0,29.0,5.0,12.0,176639974.0,3.0,20558.0,poseidon,condorpool,poseidon-worker-1-container-40-43,point_alert,/opt/pointAlert/pointAlert,,0.0,0,0,,,,,,,,,
stage_out_local_condorpool_2_5,None,transfer,0,1694305283.0,,,1694305288.0,,,0.0,1694305289.0,1694305293.0,,,0.0,1694305293.0,1694305298.0,5.0,,1.0,4.0,5.0,,,,,poseidon,local,poseidon-submit,pegasus::transfer,/mnt/poseidon-data/poseidon/pegasus-5.1.0panorama/bin/pegasus-transfer,/home/poseidon/pegasus-5.1.0panorama/bin/../bin/pegasus-kickstart  -n pegasus::transfer -N null -i - -R local  -L casa-wind-full -T 2023-09-08T07:29:05+00:00 /home/poseidon/pegasus-5.1.0panorama/bin/../bin/pegasus-transfer  --threads 2,0.8,0,0,,,,,,,,,
point_alert_ID0000110,None,compute,0,1694305283.0,,,1694305288.0,1694305293.0,1694305304.0,35060590.6,1694305291.0,1694305318.0,1694305309.0,1694305312.0,6852.0,1694305318.0,1694305323.0,5.0,,3.0,27.0,5.0,11.0,176667937.0,3.0,21038.0,poseidon,condorpool,poseidon-worker-2-container-44-47,point_alert,/opt/pointAlert/pointAlert,,0.0,0,0,,,,,,,,,
register_condorpool_2_1,None,auxiliary,0,1694305293.0,,,1694305313.0,,,0.0,1694305314.0,1694305318.0,,,0.0,1694305318.0,1694305323.0,20.0,,1.0,4.0,5.0,,,,,poseidon,local,poseidon-submit,pegasus::rc-client,/mnt/poseidon-data/poseidon/pegasus-5.1.0panorama/bin/pegasus-rc-client,"-n pegasus::rc-client -N null -R local  -L casa-wind-full -T 2023-09-08T07:29:05+00:00 /home/poseidon/pegasus-5.1.0panorama/bin/pegasus-rc-client --prefix pegasus.catalog.replica.output --conf /mnt/poseidon-data/poseidon/workflows/casa-wind-workflow-full/submit/poseidon/pegasus/casa-wind-full/run0053/pegasus.18397866027473783591.properties -v --meta /mnt/poseidon-data/poseidon/workflows/casa-wind-workflow-full/submit/poseidon/pegasus/casa-wind-full/run0053/00/01/mvt_ID0000124.meta,/mnt/poseidon-data/poseidon/workflows/casa-wind-workflow-full/submit/poseidon/pegasus/casa-wind-full/run0053/00/01/mvt_ID0000094.meta,/mnt/poseidon-data/poseidon/workflows/casa-wind-workflow-full/submit/poseidon/pegasus/casa-wind-full/run0053/00/02/mvt_ID0000059.meta,/mnt/poseidon-data/poseidon/workflows/casa-wind-workflow-full/submit/poseidon/pegasus/casa-wind-full/run0053/00/02/mvt_ID0000079.meta,/mnt/poseidon-data/poseidon/workflows/casa-wind-workflow-full/submit/poseidon/pegasus/casa-wind-full/run0053/00/01/mvt_ID0000024.meta,/mnt/poseidon-data/poseidon/workflows/casa-wind-workflow-full/submit/poseidon/pegasus/casa-wind-full/run0053/00/01/post_vel_ID0000028.meta,/mnt/poseidon-data/poseidon/workflows/casa-wind-workflow-full/submit/poseidon/pegasus/casa-wind-full/run0053/00/01/post_vel_ID0000128.meta,/mnt/poseidon-data/poseidon/workflows/casa-wind-workflow-full/submit/poseidon/pegasus/casa-wind-full/run0053/00/02/post_vel_ID0000043.meta,/mnt/poseidon-data/poseidon/workflows/casa-wind-workflow-full/submit/poseidon/pegasus/casa-wind-full/run0053/00/01/mvt_ID0000069.meta --insert /mnt/poseidon-data/poseidon/workflows/casa-wind-workflow-full/submit/poseidon/pegasus/casa-wind-full/run0053/00/02/register_condorpool_2_1.in",2.8,0,0,,,,,,,,,
register_condorpool_2_3,None,auxiliary,0,1694305293.0,,,1694305303.0,,,0.0,1694305303.0,1694305308.0,,,0.0,1694305308.0,1694305313.0,10.0,,0.0,5.0,5.0,,,,,poseidon,local,poseidon-submit,pegasus::rc-client,/mnt/poseidon-data/poseidon/pegasus-5.1.0panorama/bin/pegasus-rc-client,"-n pegasus::rc-client -N null -R local  -L casa-wind-full -T 2023-09-08T07:29:05+00:00 /home/poseidon/pegasus-5.1.0panorama/bin/pegasus-rc-client --prefix pegasus.catalog.replica.output --conf /mnt/poseidon-data/poseidon/workflows/casa-wind-workflow-full/submit/poseidon/pegasus/casa-wind-full/run0053/pegasus.18397866027473783591.properties -v --meta /mnt/poseidon-data/poseidon/workflows/casa-wind-workflow-full/submit/poseidon/pegasus/casa-wind-full/run0053/00/01/mvt_ID0000084.meta,/mnt/poseidon-data/poseidon/workflows/casa-wind-workflow-full/submit/poseidon/pegasus/casa-wind-full/run0053/00/02/post_vel_ID0000038.meta,/mnt/poseidon-data/poseidon/workflows/casa-wind-workflow-full/submit/poseidon/pegasus/casa-wind-full/run0053/00/01/mvt_ID0000009.meta,/mnt/poseidon-data/poseidon/workflows/casa-wind-workflow-full/submit/poseidon/pegasus/casa-wind-full/run0053/00/01/post_vel_ID0000098.meta,/mnt/poseidon-data/poseidon/workflows/casa-wind-workflow-full/submit/poseidon/pegasus/casa-wind-full/run0053/00/02/mvt_ID0000074.meta,/mnt/poseidon-data/poseidon/workflows/casa-wind-workflow-full/submit/poseidon/pegasus/casa-wind-full/run0053/00/02/post_vel_ID0000048.meta,/mnt/poseidon-data/poseidon/workflows/casa-wind-workflow-full/submit/poseidon/pegasus/casa-wind-full/run0053/00/01/mvt_ID0000089.meta,/mnt/poseidon-data/poseidon/workflows/casa-wind-workflow-full/submit/poseidon/pegasus/casa-wind-full/run0053/00/01/post_vel_ID0000018.meta,/mnt/poseidon-data/poseidon/workflows/casa-wind-workflow-full/submit/poseidon/pegasus/casa-wind-full/run0053/00/02/post_vel_ID0000103.meta --insert /mnt/poseidon-data/poseidon/workflows/casa-wind-workflow-full/submit/poseidon/pegasus/casa-wind-full/run0053/00/02/register_condorpool_2_3.in",2.8,0,0,,,,,,,,,
register_condorpool_2_2,None,auxiliary,0,1694305293.0,,,1694305323.0,,,0.0,1694305323.0,1694305328.0,,,0.0,1694305328.0,1694305333.0,30.0,,0.0,5.0,5.0,,,,,poseidon,local,poseidon-submit,pegasus::rc-client,/mnt/poseidon-data/poseidon/pegasus-5.1.0panorama/bin/pegasus-rc-client,"-n pegasus::rc-client -N null -R local  -L casa-wind-full -T 2023-09-08T07:29:05+00:00 /home/poseidon/pegasus-5.1.0panorama/bin/pegasus-rc-client --prefix pegasus.catalog.replica.output --conf /mnt/poseidon-data/poseidon/workflows/casa-wind-workflow-full/submit/poseidon/pegasus/casa-wind-full/run0053/pegasus.18397866027473783591.properties -v --meta /mnt/poseidon-data/poseidon/workflows/casa-wind-workflow-full/submit/poseidon/pegasus/casa-wind-full/run0053/00/01/mvt_ID0000019.meta,/mnt/poseidon-data/poseidon/workflows/casa-wind-workflow-full/submit/poseidon/pegasus/casa-wind-full/run0053/00/01/mvt_ID0000099.meta,/mnt/poseidon-data/poseidon/workflows/casa-wind-workflow-full/submit/poseidon/pegasus/casa-wind-full/run0053/00/01/post_vel_ID0000008.meta,/mnt/poseidon-data/poseidon/workflows/casa-wind-workflow-full/submit/poseidon/pegasus/casa-wind-full/run0053/00/02/mvt_ID0000039.meta,/mnt/poseidon-data/poseidon/workflows/casa-wind-workflow-full/submit/poseidon/pegasus/casa-wind-full/run0053/00/02/mvt_ID0000049.meta,/mnt/poseidon-data/poseidon/workflows/casa-wind-workflow-full/submit/poseidon/pegasus/casa-wind-full/run0053/00/02/post_vel_ID0000073.meta,/mnt/poseidon-data/poseidon/workflows/casa-wind-workflow-full/submit/poseidon/pegasus/casa-wind-full/run0053/00/01/post_vel_ID0000088.meta,/mnt/poseidon-data/poseidon/workflows/casa-wind-workflow-full/submit/poseidon/pegasus/casa-wind-full/run0053/00/02/mvt_ID0000104.meta,/mnt/poseidon-data/poseidon/workflows/casa-wind-workflow-full/submit/poseidon/pegasus/casa-wind-full/run0053/00/01/post_vel_ID0000083.meta --insert /mnt/poseidon-data/poseidon/workflows/casa-wind-workflow-full/submit/poseidon/pegasus/casa-wind-full/run0053/00/02/register_condorpool_2_2.in",2.8,0,0,,,,,,,,,
register_condorpool_2_5,None,auxiliary,0,1694305298.0,,,1694305333.0,,,0.0,1694305333.0,1694305338.0,,,0.0,1694305338.0,1694305343.0,35.0,,0.0,5.0,5.0,,,,,poseidon,local,poseidon-submit,pegasus::rc-client,/mnt/poseidon-data/poseidon/pegasus-5.1.0panorama/bin/pegasus-rc-client,"-n pegasus::rc-client -N null -R local  -L casa-wind-full -T 2023-09-08T07:29:05+00:00 /home/poseidon/pegasus-5.1.0panorama/bin/pegasus-rc-client --prefix pegasus.catalog.replica.output --conf /mnt/poseidon-data/poseidon/workflows/casa-wind-workflow-full/submit/poseidon/pegasus/casa-wind-full/run0053/pegasus.18397866027473783591.properties -v --meta /mnt/poseidon-data/poseidon/workflows/casa-wind-workflow-full/submit/poseidon/pegasus/casa-wind-full/run0053/00/01/mvt_ID0000004.meta,/mnt/poseidon-data/poseidon/workflows/casa-wind-workflow-full/submit/poseidon/pegasus/casa-wind-full/run0053/00/02/mvt_ID0000109.meta,/mnt/poseidon-data/poseidon/workflows/casa-wind-workflow-full/submit/poseidon/pegasus/casa-wind-full/run0053/00/01/mvt_ID0000014.meta,/mnt/poseidon-data/poseidon/workflows/casa-wind-workflow-full/submit/poseidon/pegasus/casa-wind-full/run0053/00/01/mvt_ID0000064.meta,/mnt/poseidon-data/poseidon/workflows/casa-wind-workflow-full/submit/poseidon/pegasus/casa-wind-full/run0053/00/01/mvt_ID0000034.meta,/mnt/poseidon-data/poseidon/workflows/casa-wind-workflow-full/submit/poseidon/pegasus/casa-wind-full/run0053/00/01/mvt_ID0000119.meta,/mnt/poseidon-data/poseidon/workflows/casa-wind-workflow-full/submit/poseidon/pegasus/casa-wind-full/run0053/00/02/mvt_ID0000114.meta,/mnt/poseidon-data/poseidon/workflows/casa-wind-workflow-full/submit/poseidon/pegasus/casa-wind-full/run0053/00/02/post_vel_ID0000053.meta --insert /mnt/poseidon-data/poseidon/workflows/casa-wind-workflow-full/submit/poseidon/pegasus/casa-wind-full/run0053/00/02/register_condorpool_2_5.in",2.7,0,0,,,,,,,,,
stage_out_local_condorpool_3_1,None,transfer,0,1694305318.0,,,1694305323.0,,,0.0,1694305323.0,1694305328.0,,,0.0,1694305328.0,1694305333.0,5.0,,0.0,5.0,5.0,,,,,poseidon,local,poseidon-submit,pegasus::transfer,/mnt/poseidon-data/poseidon/pegasus-5.1.0panorama/bin/pegasus-transfer,/home/poseidon/pegasus-5.1.0panorama/bin/../bin/pegasus-kickstart  -n pegasus::transfer -N null -i - -R local  -L casa-wind-full -T 2023-09-08T07:29:05+00:00 /home/poseidon/pegasus-5.1.0panorama/bin/../bin/pegasus-transfer  --threads 2,0.9,0,0,,,,,,,,,
stage_out_local_condorpool_3_0,None,transfer,0,1694305318.0,,,1694305323.0,,,0.0,1694305323.0,1694305328.0,,,0.0,1694305328.0,1694305333.0,5.0,,0.0,5.0,5.0,,,,,poseidon,local,poseidon-submit,pegasus::transfer,/mnt/poseidon-data/poseidon/pegasus-5.1.0panorama/bin/pegasus-transfer,/home/poseidon/pegasus-5.1.0panorama/bin/../bin/pegasus-kickstart  -n pegasus::transfer -N null -i - -R local  -L casa-wind-full -T 2023-09-08T07:29:05+00:00 /home/poseidon/pegasus-5.1.0panorama/bin/../bin/pegasus-transfer  --threads 2,0.9,0,0,,,,,,,,,
stage_out_local_condorpool_3_2,None,transfer,0,1694305323.0,,,1694305328.0,,,0.0,1694305328.0,1694305333.0,,,0.0,1694305333.0,1694305338.0,5.0,,0.0,5.0,5.0,,,,,poseidon,local,poseidon-submit,pegasus::transfer,/mnt/poseidon-data/poseidon/pegasus-5.1.0panorama/bin/pegasus-transfer,/home/poseidon/pegasus-5.1.0panorama/bin/../bin/pegasus-kickstart  -n pegasus::transfer -N null -i - -R local  -L casa-wind-full -T 2023-09-08T07:29:05+00:00 /home/poseidon/pegasus-5.1.0panorama/bin/../bin/pegasus-transfer  --threads 2,0.8,0,0,,,,,,,,,
register_condorpool_3_0,None,auxiliary,0,1694305333.0,,,1694305353.0,,,0.0,1694305353.0,1694305358.0,,,0.0,1694305358.0,1694305363.0,20.0,,0.0,5.0,5.0,,,,,poseidon,local,poseidon-submit,pegasus::rc-client,/mnt/poseidon-data/poseidon/pegasus-5.1.0panorama/bin/pegasus-rc-client,"-n pegasus::rc-client -N null -R local  -L casa-wind-full -T 2023-09-08T07:29:05+00:00 /home/poseidon/pegasus-5.1.0panorama/bin/pegasus-rc-client --prefix pegasus.catalog.replica.output --conf /mnt/poseidon-data/poseidon/workflows/casa-wind-workflow-full/submit/poseidon/pegasus/casa-wind-full/run0053/pegasus.18397866027473783591.properties -v --meta /mnt/poseidon-data/poseidon/workflows/casa-wind-workflow-full/submit/poseidon/pegasus/casa-wind-full/run0053/00/02/point_alert_ID0000070.meta,/mnt/poseidon-data/poseidon/workflows/casa-wind-workflow-full/submit/poseidon/pegasus/casa-wind-full/run0053/00/02/point_alert_ID0000095.meta,/mnt/poseidon-data/poseidon/workflows/casa-wind-workflow-full/submit/poseidon/pegasus/casa-wind-full/run0053/00/02/point_alert_ID0000025.meta,/mnt/poseidon-data/poseidon/workflows/casa-wind-workflow-full/submit/poseidon/pegasus/casa-wind-full/run0053/00/02/point_alert_ID0000125.meta,/mnt/poseidon-data/poseidon/workflows/casa-wind-workflow-full/submit/poseidon/pegasus/casa-wind-full/run0053/00/02/point_alert_ID0000080.meta,/mnt/poseidon-data/poseidon/workflows/casa-wind-workflow-full/submit/poseidon/pegasus/casa-wind-full/run0053/00/02/point_alert_ID0000130.meta,/mnt/poseidon-data/poseidon/workflows/casa-wind-workflow-full/submit/poseidon/pegasus/casa-wind-full/run0053/00/03/point_alert_ID0000060.meta,/mnt/poseidon-data/poseidon/workflows/casa-wind-workflow-full/submit/poseidon/pegasus/casa-wind-full/run0053/00/02/point_alert_ID0000030.meta,/mnt/poseidon-data/poseidon/workflows/casa-wind-workflow-full/submit/poseidon/pegasus/casa-wind-full/run0053/00/03/point_alert_ID0000045.meta --insert /mnt/poseidon-data/poseidon/workflows/casa-wind-workflow-full/submit/poseidon/pegasus/casa-wind-full/run0053/00/03/register_condorpool_3_0.in",2.6,0,0,,,,,,,,,
register_condorpool_3_1,None,auxiliary,0,1694305333.0,,,1694305343.0,,,0.0,1694305344.0,1694305348.0,,,0.0,1694305348.0,1694305353.0,10.0,,1.0,4.0,5.0,,,,,poseidon,local,poseidon-submit,pegasus::rc-client,/mnt/poseidon-data/poseidon/pegasus-5.1.0panorama/bin/pegasus-rc-client,"-n pegasus::rc-client -N null -R local  -L casa-wind-full -T 2023-09-08T07:29:05+00:00 /home/poseidon/pegasus-5.1.0panorama/bin/pegasus-rc-client --prefix pegasus.catalog.replica.output --conf /mnt/poseidon-data/poseidon/workflows/casa-wind-workflow-full/submit/poseidon/pegasus/casa-wind-full/run0053/pegasus.18397866027473783591.properties -v --meta /mnt/poseidon-data/poseidon/workflows/casa-wind-workflow-full/submit/poseidon/pegasus/casa-wind-full/run0053/00/02/point_alert_ID0000020.meta,/mnt/poseidon-data/poseidon/workflows/casa-wind-workflow-full/submit/poseidon/pegasus/casa-wind-full/run0053/00/03/point_alert_ID0000040.meta,/mnt/poseidon-data/poseidon/workflows/casa-wind-workflow-full/submit/poseidon/pegasus/casa-wind-full/run0053/00/03/point_alert_ID0000050.meta,/mnt/poseidon-data/poseidon/workflows/casa-wind-workflow-full/submit/poseidon/pegasus/casa-wind-full/run0053/00/03/point_alert_ID0000105.meta,/mnt/poseidon-data/poseidon/workflows/casa-wind-workflow-full/submit/poseidon/pegasus/casa-wind-full/run0053/00/02/point_alert_ID0000100.meta,/mnt/poseidon-data/poseidon/workflows/casa-wind-workflow-full/submit/poseidon/pegasus/casa-wind-full/run0053/00/02/point_alert_ID0000085.meta,/mnt/poseidon-data/poseidon/workflows/casa-wind-workflow-full/submit/poseidon/pegasus/casa-wind-full/run0053/00/02/point_alert_ID0000010.meta,/mnt/poseidon-data/poseidon/workflows/casa-wind-workflow-full/submit/poseidon/pegasus/casa-wind-full/run0053/00/02/point_alert_ID0000075.meta,/mnt/poseidon-data/poseidon/workflows/casa-wind-workflow-full/submit/poseidon/pegasus/casa-wind-full/run0053/00/02/point_alert_ID0000090.meta --insert /mnt/poseidon-data/poseidon/workflows/casa-wind-workflow-full/submit/poseidon/pegasus/casa-wind-full/run0053/00/03/register_condorpool_3_1.in",2.7,0,0,,,,,,,,,
cleanup_casa-wind-full_0_condorpool,None,auxiliary,0,1694305338.0,,,1694305343.0,,,0.0,1694305344.0,1694305348.0,,,0.0,1694305348.0,1694305353.0,5.0,,1.0,4.0,5.0,,,,,poseidon,local,poseidon-submit,pegasus::cleanup,/mnt/poseidon-data/poseidon/pegasus-5.1.0panorama/bin/pegasus-transfer,pegasus-kickstart  -n pegasus::cleanup -N null -i - -R local  -L casa-wind-full -T 2023-09-08T07:29:05+00:00 pegasus-transfer,0.2,0,0,,,,,,,,,
register_condorpool_3_2,None,auxiliary,0,1694305338.0,,,1694305363.0,,,0.0,1694305363.0,1694305368.0,,,0.0,1694305368.0,1694305373.0,25.0,,0.0,5.0,5.0,,,,,poseidon,local,poseidon-submit,pegasus::rc-client,/mnt/poseidon-data/poseidon/pegasus-5.1.0panorama/bin/pegasus-rc-client,"-n pegasus::rc-client -N null -R local  -L casa-wind-full -T 2023-09-08T07:29:05+00:00 /home/poseidon/pegasus-5.1.0panorama/bin/pegasus-rc-client --prefix pegasus.catalog.replica.output --conf /mnt/poseidon-data/poseidon/workflows/casa-wind-workflow-full/submit/poseidon/pegasus/casa-wind-full/run0053/pegasus.18397866027473783591.properties -v --meta /mnt/poseidon-data/poseidon/workflows/casa-wind-workflow-full/submit/poseidon/pegasus/casa-wind-full/run0053/00/02/point_alert_ID0000120.meta,/mnt/poseidon-data/poseidon/workflows/casa-wind-workflow-full/submit/poseidon/pegasus/casa-wind-full/run0053/00/02/point_alert_ID0000015.meta,/mnt/poseidon-data/poseidon/workflows/casa-wind-workflow-full/submit/poseidon/pegasus/casa-wind-full/run0053/00/02/point_alert_ID0000005.meta,/mnt/poseidon-data/poseidon/workflows/casa-wind-workflow-full/submit/poseidon/pegasus/casa-wind-full/run0053/00/02/point_alert_ID0000035.meta,/mnt/poseidon-data/poseidon/workflows/casa-wind-workflow-full/submit/poseidon/pegasus/casa-wind-full/run0053/00/03/point_alert_ID0000055.meta,/mnt/poseidon-data/poseidon/workflows/casa-wind-workflow-full/submit/poseidon/pegasus/casa-wind-full/run0053/00/02/point_alert_ID0000065.meta,/mnt/poseidon-data/poseidon/workflows/casa-wind-workflow-full/submit/poseidon/pegasus/casa-wind-full/run0053/00/02/point_alert_ID0000115.meta,/mnt/poseidon-data/poseidon/workflows/casa-wind-workflow-full/submit/poseidon/pegasus/casa-wind-full/run0053/00/03/point_alert_ID0000110.meta --insert /mnt/poseidon-data/poseidon/workflows/casa-wind-workflow-full/submit/poseidon/pegasus/casa-wind-full/run0053/00/03/register_condorpool_3_2.in",2.6,0,0,,,,,,,,,
