,anomaly_type,type,is_clustered,ready,pre_script_start,pre_script_end,submit,stage_in_start,stage_in_end,stage_in_effective_bytes_per_sec,execute_start,execute_end,stage_out_start,stage_out_end,stage_out_effective_bytes_per_sec,post_script_start,post_script_end,wms_delay,pre_script_delay,queue_delay,runtime,post_script_delay,stage_in_delay,stage_in_bytes,stage_out_delay,stage_out_bytes,kickstart_user,kickstart_site,kickstart_hostname,kickstart_transformations,kickstart_executables,kickstart_executables_argv,kickstart_executables_cpu_time,kickstart_status,kickstart_executables_exitcode,kickstart_online_iowait,kickstart_online_bytes_read,kickstart_online_bytes_written,kickstart_online_read_system_calls,kickstart_online_write_system_calls,kickstart_online_utime,kickstart_online_stime,kickstart_online_bytes_read_per_second,kickstart_online_bytes_written_per_second
create_dir_casa-wind-full_0_condorpool,None,auxiliary,0,1694473966.0,,,1694473967.0,,,0.0,1694473972.0,1694473977.0,,,0.0,1694473977.0,1694473982.0,1.0,,5.0,5.0,5.0,,,,,poseidon,local,poseidon-submit,pegasus::dirmanager,/mnt/poseidon-data/poseidon/pegasus-5.1.0panorama/bin/pegasus-transfer,pegasus-kickstart  -n pegasus::dirmanager -N null -i - -R local  -L casa-wind-full -T 2023-09-08T07:29:05+00:00 pegasus-transfer,0.2,0,0,,,,,,,,,
unzip_ID0000006,cpu_3,compute,0,1694473982.0,,,1694473987.0,1694474013.0,1694474022.0,26055210.0,1694474011.0,1694474073.0,1694474040.0,1694474064.0,20310015.0,1694474073.0,1694474078.0,5.0,,24.0,62.0,5.0,9.0,222753803.0,24.0,501616588.0,poseidon,condorpool,poseidon-worker-1-container-40-43,unzip,/usr/bin/gunzip,,3.9,0,0,,,,,,,,,
unzip_ID0000106,None,compute,0,1694473982.0,,,1694473987.0,1694474011.0,1694474019.0,29915191.0,1694474009.0,1694474073.0,1694474033.0,1694474062.0,17061527.0,1694474073.0,1694474078.0,5.0,,22.0,64.0,5.0,8.0,241199298.0,29.0,501821816.0,poseidon,condorpool,poseidon-worker-1-container-0-3,unzip,/usr/bin/gunzip,,4.0,0,0,,,,,,,,,
unzip_ID0000046,None,compute,0,1694473982.0,,,1694473987.0,1694474010.0,1694474016.0,35565677.0,1694474008.0,1694474047.0,1694474028.0,1694474037.0,57839706.0,1694474047.0,1694474052.0,5.0,,21.0,39.0,5.0,6.0,229692821.0,9.0,523855228.0,poseidon,condorpool,poseidon-worker-1-container-8-11,unzip,/usr/bin/gunzip,,4.0,0,0,,,,,,,,,
unzip_ID0000101,None,compute,0,1694473982.0,,,1694473987.0,1694474009.0,1694474016.0,35097056.0,1694474008.0,1694474047.0,1694474029.0,1694474038.0,60414391.0,1694474047.0,1694474052.0,5.0,,21.0,39.0,5.0,7.0,250988249.0,9.0,561551644.0,poseidon,condorpool,poseidon-worker-2-container-8-11,unzip,/usr/bin/gunzip,,4.3,0,0,,,,,,,,,
unzip_ID0000026,None,compute,0,1694473982.0,,,1694473987.0,1694474009.0,1694474019.0,21892908.0,1694474007.0,1694474067.0,1694474032.0,1694474057.0,20902350.0,1694474067.0,1694474073.0,5.0,,20.0,60.0,6.0,10.0,227963832.0,25.0,523917888.0,poseidon,condorpool,poseidon-worker-2-container-12-15,unzip,/usr/bin/gunzip,,4.0,0,0,,,,,,,,,
unzip_ID0000126,None,compute,0,1694473982.0,,,1694473987.0,1694474009.0,1694474016.0,32729819.0,1694474007.0,1694474047.0,1694474029.0,1694474038.0,59765760.0,1694474047.0,1694474052.0,5.0,,20.0,40.0,5.0,7.0,249343892.0,9.0,520618424.0,poseidon,condorpool,poseidon-worker-2-container-28-31,unzip,/usr/bin/gunzip,,4.2,0,0,,,,,,,,,
unzip_ID0000076,None,compute,0,1694473982.0,,,1694473987.0,1694474010.0,1694474017.0,30403063.0,1694474008.0,1694474047.0,1694474031.0,1694474041.0,50619388.0,1694474047.0,1694474052.0,5.0,,21.0,39.0,5.0,7.0,233747923.0,10.0,523942844.0,poseidon,condorpool,poseidon-worker-1-container-16-19,unzip,/usr/bin/gunzip,,4.1,0,0,,,,,,,,,
unzip_ID0000011,None,compute,0,1694473982.0,,,1694473987.0,1694474009.0,1694474018.0,25988178.0,1694474008.0,1694474062.0,1694474031.0,1694474052.0,27448960.0,1694474062.0,1694474067.0,5.0,,21.0,54.0,5.0,9.0,235998389.0,21.0,565205920.0,poseidon,condorpool,poseidon-worker-2-container-16-19,unzip,/usr/bin/gunzip,,4.2,0,0,,,,,,,,,
unzip_ID0000056,None,compute,0,1694473982.0,,,1694473987.0,1694474010.0,1694474019.0,25804250.0,1694474008.0,1694474047.0,1694474031.0,1694474041.0,52834339.0,1694474047.0,1694474052.0,5.0,,21.0,39.0,5.0,9.0,232139969.0,10.0,528026776.0,poseidon,condorpool,poseidon-worker-2-container-24-27,unzip,/usr/bin/gunzip,,4.1,0,0,,,,,,,,,
unzip_ID0000111,cpu_3,compute,0,1694473982.0,,,1694473987.0,1694474010.0,1694474020.0,25009030.0,1694474008.0,1694474062.0,1694474034.0,1694474056.0,25320070.0,1694474062.0,1694474067.0,5.0,,21.0,54.0,5.0,10.0,256320311.0,22.0,567950764.0,poseidon,condorpool,poseidon-worker-2-container-4-7,unzip,/usr/bin/gunzip,,4.4,0,0,,,,,,,,,
unzip_ID0000071,None,compute,0,1694473982.0,,,1694473987.0,1694474009.0,1694474016.0,34770945.0,1694474008.0,1694474047.0,1694474029.0,1694474038.0,58296610.0,1694474047.0,1694474052.0,5.0,,21.0,39.0,5.0,7.0,240896692.0,9.0,539506600.0,poseidon,condorpool,poseidon-worker-2-container-32-35,unzip,/usr/bin/gunzip,,4.1,0,0,,,,,,,,,
unzip_ID0000051,None,compute,0,1694473982.0,,,1694473987.0,1694474010.0,1694474018.0,29766604.0,1694474008.0,1694474062.0,1694474033.0,1694474054.0,26011480.0,1694474062.0,1694474067.0,5.0,,21.0,54.0,5.0,8.0,239630266.0,21.0,544301296.0,poseidon,condorpool,poseidon-worker-1-container-12-15,unzip,/usr/bin/gunzip,,4.2,0,0,,,,,,,,,
unzip_ID0000031,None,compute,0,1694473982.0,,,1694473987.0,1694474009.0,1694474018.0,26223417.0,1694474007.0,1694474052.0,1694474031.0,1694474042.0,52396996.0,1694474052.0,1694474057.0,5.0,,20.0,45.0,5.0,9.0,237517035.0,11.0,539438752.0,poseidon,condorpool,poseidon-worker-2-container-0-3,unzip,/usr/bin/gunzip,,4.2,0,0,,,,,,,,,
unzip_ID0000091,None,compute,0,1694473982.0,,,1694473987.0,1694474009.0,1694474017.0,31988816.0,1694474008.0,1694474052.0,1694474032.0,1694474043.0,49682299.0,1694474052.0,1694474057.0,5.0,,21.0,44.0,5.0,8.0,246447087.0,11.0,539109992.0,poseidon,condorpool,poseidon-worker-1-container-28-31,unzip,/usr/bin/gunzip,,4.2,0,0,,,,,,,,,
unzip_ID0000096,None,compute,0,1694473982.0,,,1694473987.0,1694474009.0,1694474019.0,25137205.0,1694474007.0,1694474062.0,1694474033.0,1694474056.0,22262327.0,1694474062.0,1694474067.0,5.0,,20.0,55.0,5.0,10.0,240753402.0,23.0,524013876.0,poseidon,condorpool,poseidon-worker-1-container-24-27,unzip,/usr/bin/gunzip,,4.2,0,0,,,,,,,,,
unzip_ID0000081,None,compute,0,1694473982.0,,,1694473987.0,1694474009.0,1694474016.0,35460703.0,1694474007.0,1694474047.0,1694474029.0,1694474038.0,59458938.0,1694474047.0,1694474052.0,5.0,,20.0,40.0,5.0,7.0,245619741.0,9.0,543190672.0,poseidon,condorpool,poseidon-worker-1-container-0-3,unzip,/usr/bin/gunzip,,4.0,0,0,,,,,,,,,
unzip_ID0000041,None,compute,0,1694473982.0,,,1694473987.0,1694474009.0,1694474018.0,26514350.0,1694474007.0,1694474067.0,1694474032.0,1694474060.0,18961002.0,1694474067.0,1694474073.0,5.0,,20.0,60.0,6.0,9.0,238944758.0,28.0,540768928.0,poseidon,condorpool,poseidon-worker-1-container-4-7,unzip,/usr/bin/gunzip,,4.1,0,0,,,,,,,,,
unzip_ID0000061,cpu_3,compute,0,1694473982.0,,,1694473987.0,1694474009.0,1694474018.0,27265014.0,1694474007.0,1694474052.0,1694474032.0,1694474044.0,43420892.0,1694474052.0,1694474057.0,5.0,,20.0,45.0,5.0,9.0,240463185.0,12.0,541945820.0,poseidon,condorpool,poseidon-worker-1-container-44-47,unzip,/usr/bin/gunzip,,4.2,0,0,,,,,,,,,
unzip_ID0000001,cpu_3,compute,0,1694473982.0,,,1694473987.0,1694474010.0,1694474020.0,23204958.0,1694474008.0,1694474073.0,1694474037.0,1694474062.0,22771614.0,1694474073.0,1694474078.0,5.0,,21.0,65.0,5.0,10.0,232473216.0,25.0,561354992.0,poseidon,condorpool,poseidon-worker-1-container-40-43,unzip,/usr/bin/gunzip,,4.1,0,0,,,,,,,,,
unzip_ID0000066,cpu_3,compute,0,1694473982.0,,,1694473987.0,1694474010.0,1694474020.0,24466572.0,1694474008.0,1694474062.0,1694474033.0,1694474052.0,27521048.0,1694474062.0,1694474067.0,5.0,,21.0,54.0,5.0,10.0,232031705.0,19.0,523661496.0,poseidon,condorpool,poseidon-worker-1-container-36-39,unzip,/usr/bin/gunzip,,4.0,0,0,,,,,,,,,
unzip_ID0000121,cpu_3,compute,0,1694473982.0,,,1694473987.0,1694474009.0,1694474019.0,24647593.0,1694474007.0,1694474062.0,1694474033.0,1694474053.0,27679348.0,1694474062.0,1694474067.0,5.0,,20.0,55.0,5.0,10.0,250860096.0,20.0,550782944.0,poseidon,condorpool,poseidon-worker-2-container-20-23,unzip,/usr/bin/gunzip,,4.3,0,0,,,,,,,,,
unzip_ID0000021,None,compute,0,1694473982.0,,,1694473987.0,1694474009.0,1694474019.0,23130921.0,1694474008.0,1694474062.0,1694474033.0,1694474053.0,26318209.0,1694474062.0,1694474067.0,5.0,,21.0,54.0,5.0,10.0,235136662.0,20.0,539178100.0,poseidon,condorpool,poseidon-worker-2-container-44-47,unzip,/usr/bin/gunzip,,4.1,0,0,,,,,,,,,
unzip_ID0000086,None,compute,0,1694473982.0,,,1694473987.0,1694474009.0,1694474018.0,26450828.0,1694474007.0,1694474047.0,1694474031.0,1694474040.0,55329373.0,1694474047.0,1694474052.0,5.0,,20.0,40.0,5.0,9.0,234836668.0,9.0,518838800.0,poseidon,condorpool,poseidon-worker-2-container-40-43,unzip,/usr/bin/gunzip,,4.1,0,0,,,,,,,,,
unzip_ID0000016,None,compute,0,1694473982.0,,,1694473987.0,1694474009.0,1694474018.0,24833291.0,1694474007.0,1694474067.0,1694474032.0,1694474059.0,18975551.0,1694474067.0,1694474073.0,5.0,,20.0,60.0,6.0,9.0,225238888.0,27.0,523826084.0,poseidon,condorpool,poseidon-worker-1-container-32-35,unzip,/usr/bin/gunzip,,4.0,0,0,,,,,,,,,
unzip_ID0000036,None,compute,0,1694473982.0,,,1694473987.0,1694474009.0,1694474018.0,24865158.0,1694474007.0,1694474047.0,1694474031.0,1694474041.0,54463518.0,1694474047.0,1694474052.0,5.0,,20.0,40.0,5.0,9.0,232020704.0,10.0,526952240.0,poseidon,condorpool,poseidon-worker-2-container-36-39,unzip,/usr/bin/gunzip,,4.1,0,0,,,,,,,,,
unzip_ID0000116,None,compute,0,1694473982.0,,,1694473987.0,1694474009.0,1694474018.0,30697282.0,1694474008.0,1694474052.0,1694474032.0,1694474045.0,40436451.0,1694474052.0,1694474057.0,5.0,,21.0,44.0,5.0,9.0,249255741.0,13.0,520850676.0,poseidon,condorpool,poseidon-worker-1-container-20-23,unzip,/usr/bin/gunzip,,4.2,0,0,,,,,,,,,
um_vel_ID0000077,None,compute,0,1694474052.0,,,1694474057.0,1694474060.0,1694474081.0,43816984.5,1694474058.0,1694474103.0,1694474090.0,1694474093.0,173618.0,1694474103.0,1694474108.0,5.0,,1.0,45.0,5.0,21.0,700529596.0,3.0,556900.0,poseidon,condorpool,poseidon-worker-1-container-16-19,um_vel,/opt/UM_VEL/UM_VEL,,1.7,0,0,,,,,,,,,
um_vel_ID0000087,None,compute,0,1694474052.0,,,1694474057.0,1694474060.0,1694474078.0,52754187.5,1694474058.0,1694474098.0,1694474087.0,1694474090.0,177314.0,1694474098.0,1694474103.0,5.0,,1.0,40.0,5.0,18.0,695425552.0,3.0,556900.0,poseidon,condorpool,poseidon-worker-1-container-28-31,um_vel,/opt/UM_VEL/UM_VEL,,1.7,0,0,,,,,,,,,
um_vel_ID0000037,None,compute,0,1694474052.0,,,1694474057.0,1694474060.0,1694474081.0,43486822.0,1694474058.0,1694474103.0,1694474090.0,1694474093.0,172413.0,1694474103.0,1694474108.0,5.0,,1.0,45.0,5.0,21.0,703538992.0,3.0,556900.0,poseidon,condorpool,poseidon-worker-2-container-8-11,um_vel,/opt/UM_VEL/UM_VEL,,1.7,0,0,,,,,,,,,
um_vel_ID0000127,None,compute,0,1694474052.0,,,1694474057.0,1694474060.0,1694474079.0,51087465.5,1694474058.0,1694474103.0,1694474087.0,1694474090.0,177876.0,1694474103.0,1694474108.0,5.0,,1.0,45.0,5.0,19.0,697205176.0,3.0,556900.0,poseidon,condorpool,poseidon-worker-1-container-20-23,um_vel,/opt/UM_VEL/UM_VEL,,1.7,0,0,,,,,,,,,
um_vel_ID0000082,None,compute,0,1694474052.0,,,1694474057.0,1694474060.0,1694474079.0,52604300.8,1694474058.0,1694474103.0,1694474088.0,1694474091.0,174797.0,1694474103.0,1694474108.0,5.0,,1.0,45.0,5.0,19.0,719777424.0,3.0,556900.0,poseidon,condorpool,poseidon-worker-2-container-0-3,um_vel,/opt/UM_VEL/UM_VEL,,1.7,0,0,,,,,,,,,
um_vel_ID0000047,None,compute,0,1694474052.0,,,1694474057.0,1694474060.0,1694474079.0,52065909.2,1694474058.0,1694474103.0,1694474087.0,1694474090.0,174034.0,1694474103.0,1694474108.0,5.0,,1.0,45.0,5.0,19.0,700441980.0,3.0,556900.0,poseidon,condorpool,poseidon-worker-1-container-0-3,um_vel,/opt/UM_VEL/UM_VEL,,1.7,0,0,,,,,,,,,
um_vel_ID0000057,None,compute,0,1694474052.0,,,1694474057.0,1694474060.0,1694474081.0,45610857.7,1694474058.0,1694474103.0,1694474090.0,1694474093.0,175466.0,1694474103.0,1694474108.0,5.0,,1.0,45.0,5.0,21.0,704613528.0,3.0,556900.0,poseidon,condorpool,poseidon-worker-2-container-28-31,um_vel,/opt/UM_VEL/UM_VEL,,1.7,0,0,,,,,,,,,
um_vel_ID0000102,None,compute,0,1694474052.0,,,1694474057.0,1694474060.0,1694474082.0,44093323.0,1694474058.0,1694474103.0,1694474091.0,1694474094.0,175168.0,1694474103.0,1694474108.0,5.0,,1.0,45.0,5.0,22.0,738138396.0,3.0,556900.0,poseidon,condorpool,poseidon-worker-2-container-32-35,um_vel,/opt/UM_VEL/UM_VEL,,1.8,0,0,,,,,,,,,
um_vel_ID0000072,None,compute,0,1694474052.0,,,1694474057.0,1694474060.0,1694474078.0,56674023.6,1694474058.0,1694474098.0,1694474086.0,1694474090.0,171765.0,1694474098.0,1694474103.0,5.0,,1.0,40.0,5.0,18.0,716093352.0,4.0,556900.0,poseidon,condorpool,poseidon-worker-2-container-36-39,um_vel,/opt/UM_VEL/UM_VEL,,1.7,0,0,,,,,,,,,
um_vel_ID0000032,cpu_3,compute,0,1694474057.0,,,1694474062.0,1694474065.0,1694474085.0,47644935.4,1694474063.0,1694474103.0,1694474094.0,1694474097.0,175995.0,1694474103.0,1694474108.0,5.0,,1.0,40.0,5.0,20.0,716025504.0,3.0,556900.0,poseidon,condorpool,poseidon-worker-2-container-4-7,um_vel,/opt/UM_VEL/UM_VEL,,1.7,0,0,,,,,,,,,
um_vel_ID0000062,cpu_3,compute,0,1694474057.0,,,1694474062.0,1694474065.0,1694474084.0,52880749.2,1694474063.0,1694474103.0,1694474092.0,1694474096.0,176510.0,1694474103.0,1694474108.0,5.0,,1.0,40.0,5.0,19.0,718532572.0,4.0,556900.0,poseidon,condorpool,poseidon-worker-2-container-20-23,um_vel,/opt/UM_VEL/UM_VEL,,1.7,0,0,,,,,,,,,
um_vel_ID0000117,None,compute,0,1694474057.0,,,1694474062.0,1694474065.0,1694474085.0,47242722.4,1694474063.0,1694474103.0,1694474093.0,1694474097.0,177627.0,1694474103.0,1694474108.0,5.0,,1.0,40.0,5.0,20.0,697437428.0,4.0,556900.0,poseidon,condorpool,poseidon-worker-2-container-44-47,um_vel,/opt/UM_VEL/UM_VEL,,1.7,0,0,,,,,,,,,
um_vel_ID0000092,cpu_3,compute,0,1694474057.0,,,1694474062.0,1694474065.0,1694474084.0,53867353.8,1694474063.0,1694474103.0,1694474092.0,1694474096.0,174480.0,1694474103.0,1694474108.0,5.0,,1.0,40.0,5.0,19.0,715696744.0,4.0,556900.0,poseidon,condorpool,poseidon-worker-1-container-36-39,um_vel,/opt/UM_VEL/UM_VEL,,1.7,0,0,,,,,,,,,
um_vel_ID0000012,None,compute,0,1694474067.0,,,1694474073.0,1694474076.0,1694474096.0,51581667.9,1694474074.0,1694474114.0,1694474104.0,1694474107.0,178608.0,1694474114.0,1694474119.0,6.0,,1.0,40.0,5.0,20.0,741792672.0,3.0,556900.0,poseidon,condorpool,poseidon-worker-1-container-12-15,um_vel,/opt/UM_VEL/UM_VEL,,1.8,0,0,,,,,,,,,
um_vel_ID0000112,None,compute,0,1694474067.0,,,1694474072.0,1694474076.0,1694474095.0,52875297.2,1694474074.0,1694474114.0,1694474104.0,1694474107.0,179298.0,1694474114.0,1694474119.0,5.0,,2.0,40.0,5.0,19.0,744537516.0,3.0,556900.0,poseidon,condorpool,poseidon-worker-1-container-0-3,um_vel,/opt/UM_VEL/UM_VEL,,1.8,0,0,,,,,,,,,
um_vel_ID0000052,None,compute,0,1694474067.0,,,1694474073.0,1694474075.0,1694474097.0,45380984.7,1694474074.0,1694474119.0,1694474106.0,1694474109.0,179668.0,1694474119.0,1694474124.0,6.0,,1.0,45.0,5.0,22.0,720888048.0,3.0,556900.0,poseidon,condorpool,poseidon-worker-1-container-4-7,um_vel,/opt/UM_VEL/UM_VEL,,1.7,0,0,,,,,,,,,
um_vel_ID0000097,None,compute,0,1694474067.0,,,1694474072.0,1694474075.0,1694474093.0,60288118.3,1694474074.0,1694474114.0,1694474101.0,1694474104.0,176348.0,1694474114.0,1694474119.0,5.0,,2.0,40.0,5.0,18.0,700600628.0,3.0,556900.0,poseidon,condorpool,poseidon-worker-2-container-12-15,um_vel,/opt/UM_VEL/UM_VEL,,1.6,0,0,,,,,,,,,
um_vel_ID0000022,None,compute,0,1694474067.0,,,1694474073.0,1694474076.0,1694474097.0,45184419.3,1694474074.0,1694474119.0,1694474106.0,1694474109.0,179359.0,1694474119.0,1694474124.0,6.0,,1.0,45.0,5.0,21.0,715764852.0,3.0,556900.0,poseidon,condorpool,poseidon-worker-1-container-32-35,um_vel,/opt/UM_VEL/UM_VEL,,1.7,0,0,,,,,,,,,
um_vel_ID0000067,None,compute,0,1694474067.0,,,1694474073.0,1694474076.0,1694474095.0,50550153.2,1694474074.0,1694474114.0,1694474104.0,1694474107.0,179344.0,1694474114.0,1694474119.0,6.0,,1.0,40.0,5.0,19.0,700248248.0,3.0,556900.0,poseidon,condorpool,poseidon-worker-1-container-24-27,um_vel,/opt/UM_VEL/UM_VEL,,1.7,0,0,,,,,,,,,
um_vel_ID0000122,cpu_3,compute,0,1694474067.0,,,1694474073.0,1694474076.0,1694474096.0,50677127.2,1694474074.0,1694474114.0,1694474105.0,1694474108.0,173539.0,1694474114.0,1694474119.0,6.0,,1.0,40.0,5.0,20.0,727369696.0,3.0,556900.0,poseidon,condorpool,poseidon-worker-1-container-40-43,um_vel,/opt/UM_VEL/UM_VEL,,1.7,0,0,,,,,,,,,
um_vel_ID0000027,cpu_3,compute,0,1694474073.0,,,1694474078.0,1694474081.0,1694474100.0,54622656.5,1694474079.0,1694474119.0,1694474108.0,1694474111.0,178671.0,1694474119.0,1694474124.0,5.0,,1.0,40.0,5.0,19.0,700504640.0,3.0,556900.0,poseidon,condorpool,poseidon-worker-1-container-40-43,um_vel,/opt/UM_VEL/UM_VEL,,1.7,0,0,,,,,,,,,
um_vel_ID0000042,None,compute,0,1694474073.0,,,1694474078.0,1694474101.0,1694474123.0,44189430.8,1694474099.0,1694474145.0,1694474132.0,1694474135.0,178360.0,1694474145.0,1694474150.0,5.0,,21.0,46.0,5.0,22.0,717355680.0,3.0,556900.0,poseidon,condorpool,poseidon-worker-1-container-0-3,um_vel,/opt/UM_VEL/UM_VEL,,1.7,0,0,,,,,,,,,
um_vel_ID0000017,None,compute,0,1694474073.0,,,1694474078.0,1694474081.0,1694474098.0,60648904.9,1694474079.0,1694474119.0,1694474107.0,1694474110.0,180058.0,1694474119.0,1694474124.0,5.0,,1.0,40.0,5.0,17.0,700412836.0,3.0,556900.0,poseidon,condorpool,poseidon-worker-2-container-16-19,um_vel,/opt/UM_VEL/UM_VEL,,1.6,0,0,,,,,,,,,
um_vel_ID0000002,cpu_3,compute,0,1694474078.0,,,1694474083.0,1694474101.0,1694474120.0,53989890.6,1694474099.0,1694474140.0,1694474129.0,1694474133.0,179107.0,1694474140.0,1694474145.0,5.0,,16.0,41.0,5.0,19.0,737941744.0,4.0,556900.0,poseidon,condorpool,poseidon-worker-2-container-20-23,um_vel,/opt/UM_VEL/UM_VEL,,1.7,0,0,,,,,,,,,
um_vel_ID0000107,None,compute,0,1694474078.0,,,1694474083.0,1694474101.0,1694474119.0,55724693.8,1694474099.0,1694474140.0,1694474127.0,1694474130.0,176305.0,1694474140.0,1694474145.0,5.0,,16.0,41.0,5.0,18.0,678408568.0,3.0,556900.0,poseidon,condorpool,poseidon-worker-1-container-4-7,um_vel,/opt/UM_VEL/UM_VEL,,1.6,0,0,,,,,,,,,
stage_out_local_condorpool_0_0,None,transfer,0,1694474078.0,,,1694474083.0,,,0.0,1694474083.0,1694474119.0,,,0.0,1694474119.0,1694474124.0,5.0,,0.0,36.0,5.0,,,,,poseidon,local,poseidon-submit,pegasus::transfer,/mnt/poseidon-data/poseidon/pegasus-5.1.0panorama/bin/pegasus-transfer,/home/poseidon/pegasus-5.1.0panorama/bin/../bin/pegasus-kickstart  -n pegasus::transfer -N null -i - -R local  -L casa-wind-full -T 2023-09-08T07:29:05+00:00 /home/poseidon/pegasus-5.1.0panorama/bin/../bin/pegasus-transfer  --threads 2,36.2,0,0,,,,,,,,,
stage_out_local_condorpool_0_1,None,transfer,0,1694474078.0,,,1694474083.0,,,0.0,1694474083.0,1694474119.0,,,0.0,1694474119.0,1694474124.0,5.0,,0.0,36.0,5.0,,,,,poseidon,local,poseidon-submit,pegasus::transfer,/mnt/poseidon-data/poseidon/pegasus-5.1.0panorama/bin/pegasus-transfer,/home/poseidon/pegasus-5.1.0panorama/bin/../bin/pegasus-kickstart  -n pegasus::transfer -N null -i - -R local  -L casa-wind-full -T 2023-09-08T07:29:05+00:00 /home/poseidon/pegasus-5.1.0panorama/bin/../bin/pegasus-transfer  --threads 2,35.5,0,0,,,,,,,,,
stage_out_local_condorpool_0_2,None,transfer,0,1694474078.0,,,1694474083.0,,,0.0,1694474083.0,1694474119.0,,,0.0,1694474119.0,1694474124.0,5.0,,0.0,36.0,5.0,,,,,poseidon,local,poseidon-submit,pegasus::transfer,/mnt/poseidon-data/poseidon/pegasus-5.1.0panorama/bin/pegasus-transfer,/home/poseidon/pegasus-5.1.0panorama/bin/../bin/pegasus-kickstart  -n pegasus::transfer -N null -i - -R local  -L casa-wind-full -T 2023-09-08T07:29:05+00:00 /home/poseidon/pegasus-5.1.0panorama/bin/../bin/pegasus-transfer  --threads 2,36.2,0,0,,,,,,,,,
um_vel_ID0000007,cpu_3,compute,0,1694474078.0,,,1694474083.0,1694474102.0,1694474120.0,52974320.8,1694474099.0,1694474140.0,1694474129.0,1694474132.0,179505.0,1694474140.0,1694474145.0,5.0,,16.0,41.0,5.0,18.0,678203340.0,3.0,556900.0,poseidon,condorpool,poseidon-worker-1-container-40-43,um_vel,/opt/UM_VEL/UM_VEL,,1.6,0,0,,,,,,,,,
post_vel_ID0000088,None,compute,0,1694474103.0,,,1694474108.0,1694474111.0,1694474122.0,35169292.4,1694474110.0,1694474140.0,1694474127.0,1694474130.0,4165.0,1694474140.0,1694474145.0,5.0,,2.0,30.0,5.0,11.0,177143937.0,3.0,12740.0,poseidon,condorpool,poseidon-worker-2-container-8-11,post_vel,/opt/netcdf2png/merged_netcdf2png,,0.1,0,0,,,,,,,,,
mvt_ID0000089,None,compute,0,1694474103.0,,,1694474108.0,1694474111.0,1694474122.0,34702640.2,1694474110.0,1694474175.0,1694474167.0,1694474170.0,15947.0,1694474175.0,1694474180.0,5.0,,2.0,65.0,5.0,11.0,177143652.0,3.0,48475.0,poseidon,condorpool,poseidon-worker-1-container-16-19,mvt,/opt/mvt/mvt,,39.5,0,0,0.0,790517.0,24576.0,425.0,6.0,29.9,0.1,26350.6,2457.6
post_vel_ID0000073,cpu_3,compute,0,1694474103.0,,,1694474108.0,1694474111.0,1694474122.0,35058514.4,1694474110.0,1694474140.0,1694474127.0,1694474131.0,3844.0,1694474140.0,1694474145.0,5.0,,2.0,30.0,5.0,11.0,177143937.0,4.0,11825.0,poseidon,condorpool,poseidon-worker-2-container-4-7,post_vel,/opt/netcdf2png/merged_netcdf2png,,0.1,0,0,,,,,,,,,
mvt_ID0000074,None,compute,0,1694474103.0,,,1694474108.0,1694474111.0,1694474122.0,33843534.2,1694474110.0,1694474180.0,1694474168.0,1694474171.0,12716.0,1694474180.0,1694474185.0,5.0,,2.0,70.0,5.0,11.0,177143652.0,3.0,38855.0,poseidon,condorpool,poseidon-worker-1-container-0-3,mvt,/opt/mvt/mvt,,40.0,0,0,0.0,858737.0,20480.0,581.0,5.0,39.7,0.2,21468.4,1024.0
post_vel_ID0000063,None,compute,0,1694474108.0,,,1694474114.0,1694474118.0,1694474129.0,29666620.0,1694474116.0,1694474145.0,1694474134.0,1694474137.0,3778.0,1694474145.0,1694474150.0,6.0,,2.0,29.0,5.0,11.0,177143937.0,3.0,11628.0,poseidon,condorpool,poseidon-worker-2-container-16-19,post_vel,/opt/netcdf2png/merged_netcdf2png,,0.1,0,0,,,,,,,,,
post_vel_ID0000058,None,compute,0,1694474108.0,,,1694474114.0,1694474117.0,1694474128.0,31990371.6,1694474115.0,1694474145.0,1694474133.0,1694474136.0,3617.0,1694474145.0,1694474150.0,6.0,,1.0,30.0,5.0,11.0,177143937.0,3.0,10981.0,poseidon,condorpool,poseidon-worker-2-container-36-39,post_vel,/opt/netcdf2png/merged_netcdf2png,,0.1,0,0,,,,,,,,,
mvt_ID0000059,None,compute,0,1694474108.0,,,1694474114.0,1694474117.0,1694474129.0,27740829.0,1694474115.0,1694474185.0,1694474174.0,1694474177.0,9222.0,1694474185.0,1694474190.0,6.0,,1.0,70.0,5.0,12.0,177143652.0,3.0,28164.0,poseidon,condorpool,poseidon-worker-1-container-24-27,mvt,/opt/mvt/mvt,,39.7,0,0,0.0,791898.0,12288.0,428.0,3.0,29.9,0.1,26396.6,1228.8
mvt_ID0000094,None,compute,0,1694474108.0,,,1694474114.0,1694474117.0,1694474128.0,34197923.6,1694474115.0,1694474185.0,1694474173.0,1694474176.0,17138.0,1694474185.0,1694474190.0,6.0,,1.0,70.0,5.0,11.0,177143652.0,3.0,52407.0,poseidon,condorpool,poseidon-worker-1-container-4-7,mvt,/opt/mvt/mvt,,40.1,0,0,0.0,849113.0,28672.0,560.0,7.0,39.8,0.2,21227.8,1433.6
post_vel_ID0000093,None,compute,0,1694474108.0,,,1694474114.0,1694474117.0,1694474129.0,27578596.4,1694474115.0,1694474145.0,1694474134.0,1694474137.0,4275.0,1694474145.0,1694474150.0,6.0,,1.0,30.0,5.0,12.0,177143937.0,3.0,13303.0,poseidon,condorpool,poseidon-worker-1-container-32-35,post_vel,/opt/netcdf2png/merged_netcdf2png,,0.1,0,0,,,,,,,,,
mvt_ID0000119,cpu_3,compute,0,1694474108.0,,,1694474114.0,1694474122.0,1694474133.0,29594492.0,1694474118.0,1694474235.0,1694474223.0,1694474226.0,20517.0,1694474235.0,1694474241.0,6.0,,4.0,117.0,6.0,11.0,177143652.0,3.0,65525.0,poseidon,condorpool,poseidon-worker-1-container-40-43,mvt,/opt/mvt/mvt,,39.5,0,0,0.0,876524.0,36864.0,647.0,9.0,36.8,0.1,10956.6,1843.2
post_vel_ID0000118,None,compute,0,1694474108.0,,,1694474114.0,1694474120.0,1694474131.0,34906119.8,1694474118.0,1694474150.0,1694474136.0,1694474140.0,4709.0,1694474150.0,1694474155.0,6.0,,4.0,32.0,5.0,11.0,177143937.0,4.0,14402.0,poseidon,condorpool,poseidon-worker-1-container-0-3,post_vel,/opt/netcdf2png/merged_netcdf2png,,0.1,0,0,,,,,,,,,
post_vel_ID0000038,None,compute,0,1694474108.0,,,1694474114.0,1694474117.0,1694474128.0,32389055.6,1694474115.0,1694474145.0,1694474134.0,1694474137.0,3651.0,1694474145.0,1694474150.0,6.0,,1.0,30.0,5.0,11.0,177143937.0,3.0,11227.0,poseidon,condorpool,poseidon-worker-2-container-32-35,post_vel,/opt/netcdf2png/merged_netcdf2png,,0.1,0,0,,,,,,,,,
mvt_ID0000039,None,compute,0,1694474108.0,,,1694474114.0,1694474117.0,1694474128.0,33050725.8,1694474115.0,1694474185.0,1694474173.0,1694474176.0,11234.0,1694474185.0,1694474190.0,6.0,,1.0,70.0,5.0,11.0,177143652.0,3.0,34386.0,poseidon,condorpool,poseidon-worker-1-container-20-23,mvt,/opt/mvt/mvt,,39.8,0,0,0.0,791896.0,16384.0,428.0,4.0,29.9,0.1,26396.5,819.2
mvt_ID0000049,None,compute,0,1694474108.0,,,1694474113.0,1694474117.0,1694474130.0,27032498.7,1694474115.0,1694474185.0,1694474175.0,1694474178.0,7898.0,1694474185.0,1694474190.0,5.0,,2.0,70.0,5.0,13.0,177143652.0,3.0,24108.0,poseidon,condorpool,poseidon-worker-1-container-0-3,mvt,/opt/mvt/mvt,,39.9,0,0,0.0,877976.0,12288.0,623.0,3.0,39.8,0.1,21949.4,1228.8
post_vel_ID0000083,cpu_3,compute,0,1694474108.0,,,1694474113.0,1694474117.0,1694474130.0,30862889.4,1694474114.0,1694474145.0,1694474136.0,1694474139.0,4046.0,1694474145.0,1694474150.0,5.0,,1.0,31.0,5.0,13.0,177143937.0,3.0,12720.0,poseidon,condorpool,poseidon-worker-1-container-40-43,post_vel,/opt/netcdf2png/merged_netcdf2png,,0.1,0,0,,,,,,,,,
mvt_ID0000104,None,compute,0,1694474108.0,,,1694474114.0,1694474117.0,1694474129.0,27933474.6,1694474115.0,1694474185.0,1694474174.0,1694474177.0,19420.0,1694474185.0,1694474190.0,6.0,,1.0,70.0,5.0,12.0,177143652.0,3.0,59590.0,poseidon,condorpool,poseidon-worker-1-container-28-31,mvt,/opt/mvt/mvt,,39.8,0,0,0.0,789143.0,32768.0,422.0,8.0,29.9,0.1,26304.8,3276.8
post_vel_ID0000078,None,compute,0,1694474108.0,,,1694474113.0,1694474117.0,1694474128.0,35119313.8,1694474116.0,1694474145.0,1694474134.0,1694474137.0,3961.0,1694474145.0,1694474150.0,5.0,,3.0,29.0,5.0,11.0,177143937.0,3.0,12264.0,poseidon,condorpool,poseidon-worker-2-container-28-31,post_vel,/opt/netcdf2png/merged_netcdf2png,,0.1,0,0,,,,,,,,,
mvt_ID0000079,None,compute,0,1694474108.0,,,1694474114.0,1694474117.0,1694474128.0,34914612.4,1694474115.0,1694474185.0,1694474173.0,1694474176.0,14744.0,1694474185.0,1694474190.0,6.0,,1.0,70.0,5.0,11.0,177143652.0,3.0,45337.0,poseidon,condorpool,poseidon-worker-2-container-44-47,mvt,/opt/mvt/mvt,,39.9,0,0,0.0,790513.0,24576.0,425.0,6.0,29.9,0.1,26350.4,1228.8
post_vel_ID0000033,None,compute,0,1694474108.0,,,1694474114.0,1694474120.0,1694474131.0,29709475.5,1694474118.0,1694474145.0,1694474136.0,1694474140.0,3739.0,1694474145.0,1694474150.0,6.0,,4.0,27.0,5.0,11.0,177143937.0,4.0,11464.0,poseidon,condorpool,poseidon-worker-1-container-4-7,post_vel,/opt/netcdf2png/merged_netcdf2png,,0.1,0,0,,,,,,,,,
mvt_ID0000034,cpu_3,compute,0,1694474108.0,,,1694474114.0,1694474121.0,1694474132.0,34247755.8,1694474118.0,1694474220.0,1694474208.0,1694474212.0,9364.0,1694474220.0,1694474225.0,6.0,,4.0,102.0,5.0,11.0,177143652.0,4.0,30976.0,poseidon,condorpool,poseidon-worker-2-container-20-23,mvt,/opt/mvt/mvt,,39.9,0,0,0.0,859009.0,16384.0,602.0,4.0,39.5,0.1,12271.6,819.2
mvt_ID0000129,None,compute,0,1694474108.0,,,1694474113.0,1694474117.0,1694474128.0,29483961.2,1694474115.0,1694474185.0,1694474172.0,1694474175.0,20956.0,1694474185.0,1694474190.0,5.0,,2.0,70.0,5.0,11.0,177143652.0,3.0,64489.0,poseidon,condorpool,poseidon-worker-2-container-0-3,mvt,/opt/mvt/mvt,,38.3,0,0,0.0,789059.0,36864.0,422.0,9.0,29.9,0.1,26302.0,3686.4
post_vel_ID0000128,cpu_3,compute,0,1694474108.0,,,1694474113.0,1694474117.0,1694474131.0,28920320.0,1694474115.0,1694474145.0,1694474136.0,1694474139.0,4691.0,1694474145.0,1694474150.0,5.0,,2.0,30.0,5.0,14.0,177143937.0,3.0,14512.0,poseidon,condorpool,poseidon-worker-2-container-20-23,post_vel,/opt/netcdf2png/merged_netcdf2png,,0.1,0,0,,,,,,,,,
post_vel_ID0000048,cpu_3,compute,0,1694474108.0,,,1694474113.0,1694474117.0,1694474128.0,34508906.0,1694474116.0,1694474145.0,1694474134.0,1694474137.0,3341.0,1694474145.0,1694474150.0,5.0,,3.0,29.0,5.0,11.0,177143937.0,3.0,10371.0,poseidon,condorpool,poseidon-worker-1-container-36-39,post_vel,/opt/netcdf2png/merged_netcdf2png,,0.1,0,0,,,,,,,,,
post_vel_ID0000103,None,compute,0,1694474108.0,,,1694474114.0,1694474117.0,1694474129.0,27000718.7,1694474115.0,1694474145.0,1694474134.0,1694474138.0,4514.0,1694474145.0,1694474150.0,6.0,,1.0,30.0,5.0,12.0,177143937.0,4.0,13815.0,poseidon,condorpool,poseidon-worker-1-container-12-15,post_vel,/opt/netcdf2png/merged_netcdf2png,,0.1,0,0,,,,,,,,,
mvt_ID0000064,cpu_3,compute,0,1694474108.0,,,1694474114.0,1694474121.0,1694474132.0,34663764.8,1694474117.0,1694474235.0,1694474222.0,1694474225.0,9834.0,1694474235.0,1694474241.0,6.0,,3.0,118.0,6.0,11.0,177143652.0,3.0,31148.0,poseidon,condorpool,poseidon-worker-1-container-40-43,mvt,/opt/mvt/mvt,,39.5,0,0,0.0,864216.0,16384.0,620.0,4.0,37.1,0.1,10802.7,546.1
mvt_ID0000084,None,compute,0,1694474108.0,,,1694474113.0,1694474117.0,1694474128.0,33314146.0,1694474115.0,1694474185.0,1694474172.0,1694474175.0,15617.0,1694474185.0,1694474190.0,5.0,,2.0,70.0,5.0,11.0,177143652.0,3.0,47998.0,poseidon,condorpool,poseidon-worker-2-container-12-15,mvt,/opt/mvt/mvt,,39.0,0,0,0.0,789145.0,24576.0,422.0,6.0,29.9,0.1,26304.8,1228.8
post_vel_ID0000013,cpu_3,compute,0,1694474119.0,,,1694474124.0,1694474143.0,1694474157.0,32763683.2,1694474138.0,1694474175.0,1694474163.0,1694474166.0,3460.0,1694474175.0,1694474180.0,5.0,,14.0,37.0,5.0,14.0,177143937.0,3.0,11040.0,poseidon,condorpool,poseidon-worker-2-container-20-23,post_vel,/opt/netcdf2png/merged_netcdf2png,,0.1,0,0,,,,,,,,,
mvt_ID0000114,None,compute,0,1694474119.0,,,1694474124.0,1694474140.0,1694474151.0,33668970.6,1694474138.0,1694474205.0,1694474196.0,1694474199.0,24005.0,1694474205.0,1694474210.0,5.0,,14.0,67.0,5.0,11.0,177143652.0,3.0,73234.0,poseidon,condorpool,poseidon-worker-1-container-20-23,mvt,/opt/mvt/mvt,,39.4,0,0,0.0,822140.0,40960.0,494.0,10.0,29.9,0.1,27404.7,4096.0
post_vel_ID0000113,None,compute,0,1694474119.0,,,1694474124.0,1694474140.0,1694474152.0,29491999.0,1694474138.0,1694474170.0,1694474157.0,1694474160.0,4764.0,1694474170.0,1694474175.0,5.0,,14.0,32.0,5.0,12.0,177143937.0,3.0,14745.0,poseidon,condorpool,poseidon-worker-2-container-36-39,post_vel,/opt/netcdf2png/merged_netcdf2png,,0.1,0,0,,,,,,,,,
mvt_ID0000014,cpu_3,compute,0,1694474119.0,,,1694474124.0,1694474140.0,1694474151.0,34224760.0,1694474139.0,1694474210.0,1694474198.0,1694474201.0,10008.0,1694474210.0,1694474215.0,5.0,,15.0,71.0,5.0,11.0,177143652.0,3.0,31991.0,poseidon,condorpool,poseidon-worker-1-container-36-39,mvt,/opt/mvt/mvt,,39.8,0,0,0.0,812029.0,16384.0,479.0,4.0,38.7,0.1,20300.7,819.2
mvt_ID0000099,None,compute,0,1694474119.0,,,1694474124.0,1694474140.0,1694474152.0,27194731.0,1694474138.0,1694474210.0,1694474197.0,1694474200.0,16153.0,1694474210.0,1694474215.0,5.0,,14.0,72.0,5.0,12.0,177143652.0,3.0,50118.0,poseidon,condorpool,poseidon-worker-2-container-44-47,mvt,/opt/mvt/mvt,,39.9,0,0,0.0,819376.0,28672.0,488.0,7.0,29.9,0.1,27312.5,1433.6
mvt_ID0000124,None,compute,0,1694474119.0,,,1694474124.0,1694474140.0,1694474151.0,34153849.0,1694474138.0,1694474210.0,1694474197.0,1694474200.0,22679.0,1694474210.0,1694474215.0,5.0,,14.0,72.0,5.0,11.0,177143652.0,3.0,70564.0,poseidon,condorpool,poseidon-worker-1-container-4-7,mvt,/opt/mvt/mvt,,40.6,0,0,0.0,879314.0,40960.0,626.0,10.0,39.8,0.1,21982.9,4096.0
post_vel_ID0000098,None,compute,0,1694474119.0,,,1694474124.0,1694474140.0,1694474152.0,28974594.0,1694474138.0,1694474170.0,1694474157.0,1694474160.0,4386.0,1694474170.0,1694474175.0,5.0,,14.0,32.0,5.0,12.0,177143937.0,3.0,13355.0,poseidon,condorpool,poseidon-worker-1-container-32-35,post_vel,/opt/netcdf2png/merged_netcdf2png,,0.1,0,0,,,,,,,,,
post_vel_ID0000123,cpu_3,compute,0,1694474119.0,,,1694474124.0,1694474139.0,1694474149.0,35295387.4,1694474137.0,1694474165.0,1694474155.0,1694474158.0,4703.0,1694474165.0,1694474170.0,5.0,,13.0,28.0,5.0,10.0,177143937.0,3.0,14777.0,poseidon,condorpool,poseidon-worker-2-container-4-7,post_vel,/opt/netcdf2png/merged_netcdf2png,,0.1,0,0,,,,,,,,,
mvt_ID0000069,None,compute,0,1694474119.0,,,1694474124.0,1694474138.0,1694474149.0,34836455.6,1694474137.0,1694474205.0,1694474194.0,1694474197.0,11367.0,1694474205.0,1694474210.0,5.0,,13.0,68.0,5.0,11.0,177143652.0,3.0,35309.0,poseidon,condorpool,poseidon-worker-2-container-8-11,mvt,/opt/mvt/mvt,,39.9,0,0,0.0,789179.0,16384.0,422.0,4.0,29.9,0.1,26306.0,819.2
post_vel_ID0000068,None,compute,0,1694474119.0,,,1694474124.0,1694474138.0,1694474150.0,29730176.4,1694474136.0,1694474165.0,1694474155.0,1694474158.0,3789.0,1694474165.0,1694474170.0,5.0,,12.0,29.0,5.0,12.0,177143937.0,3.0,11398.0,poseidon,condorpool,poseidon-worker-1-container-4-7,post_vel,/opt/netcdf2png/merged_netcdf2png,,0.1,0,0,,,,,,,,,
register_condorpool_0_1,None,auxiliary,0,1694474124.0,,,1694474140.0,,,0.0,1694474142.0,1694474145.0,,,0.0,1694474145.0,1694474150.0,16.0,,2.0,3.0,5.0,,,,,poseidon,local,poseidon-submit,pegasus::rc-client,/mnt/poseidon-data/poseidon/pegasus-5.1.0panorama/bin/pegasus-rc-client,"-n pegasus::rc-client -N null -R local  -L casa-wind-full -T 2023-09-08T07:29:05+00:00 /home/poseidon/pegasus-5.1.0panorama/bin/pegasus-rc-client --prefix pegasus.catalog.replica.output --conf /mnt/poseidon-data/poseidon/workflows/casa-wind-workflow-full/submit/poseidon/pegasus/casa-wind-full/run0407/pegasus.7774438305148577579.properties -v --meta /mnt/poseidon-data/poseidon/workflows/casa-wind-workflow-full/submit/poseidon/pegasus/casa-wind-full/run0407/00/00/unzip_ID0000026.meta,/mnt/poseidon-data/poseidon/workflows/casa-wind-workflow-full/submit/poseidon/pegasus/casa-wind-full/run0407/00/00/unzip_ID0000061.meta,/mnt/poseidon-data/poseidon/workflows/casa-wind-workflow-full/submit/poseidon/pegasus/casa-wind-full/run0407/00/00/unzip_ID0000071.meta,/mnt/poseidon-data/poseidon/workflows/casa-wind-workflow-full/submit/poseidon/pegasus/casa-wind-full/run0407/00/00/unzip_ID0000041.meta,/mnt/poseidon-data/poseidon/workflows/casa-wind-workflow-full/submit/poseidon/pegasus/casa-wind-full/run0407/00/00/unzip_ID0000016.meta,/mnt/poseidon-data/poseidon/workflows/casa-wind-workflow-full/submit/poseidon/pegasus/casa-wind-full/run0407/00/00/unzip_ID0000111.meta,/mnt/poseidon-data/poseidon/workflows/casa-wind-workflow-full/submit/poseidon/pegasus/casa-wind-full/run0407/00/00/unzip_ID0000011.meta,/mnt/poseidon-data/poseidon/workflows/casa-wind-workflow-full/submit/poseidon/pegasus/casa-wind-full/run0407/00/00/unzip_ID0000081.meta,/mnt/poseidon-data/poseidon/workflows/casa-wind-workflow-full/submit/poseidon/pegasus/casa-wind-full/run0407/00/00/unzip_ID0000066.meta,/mnt/poseidon-data/poseidon/workflows/casa-wind-workflow-full/submit/poseidon/pegasus/casa-wind-full/run0407/00/00/unzip_ID0000096.meta,/mnt/poseidon-data/poseidon/workflows/casa-wind-workflow-full/submit/poseidon/pegasus/casa-wind-full/run0407/00/00/unzip_ID0000051.meta,/mnt/poseidon-data/poseidon/workflows/casa-wind-workflow-full/submit/poseidon/pegasus/casa-wind-full/run0407/00/00/unzip_ID0000031.meta,/mnt/poseidon-data/poseidon/workflows/casa-wind-workflow-full/submit/poseidon/pegasus/casa-wind-full/run0407/00/00/unzip_ID0000116.meta,/mnt/poseidon-data/poseidon/workflows/casa-wind-workflow-full/submit/poseidon/pegasus/casa-wind-full/run0407/00/00/unzip_ID0000101.meta,/mnt/poseidon-data/poseidon/workflows/casa-wind-workflow-full/submit/poseidon/pegasus/casa-wind-full/run0407/00/00/unzip_ID0000121.meta,/mnt/poseidon-data/poseidon/workflows/casa-wind-workflow-full/submit/poseidon/pegasus/casa-wind-full/run0407/00/00/unzip_ID0000106.meta,/mnt/poseidon-data/poseidon/workflows/casa-wind-workflow-full/submit/poseidon/pegasus/casa-wind-full/run0407/00/00/unzip_ID0000046.meta,/mnt/poseidon-data/poseidon/workflows/casa-wind-workflow-full/submit/poseidon/pegasus/casa-wind-full/run0407/00/00/unzip_ID0000076.meta,/mnt/poseidon-data/poseidon/workflows/casa-wind-workflow-full/submit/poseidon/pegasus/casa-wind-full/run0407/00/00/unzip_ID0000056.meta,/mnt/poseidon-data/poseidon/workflows/casa-wind-workflow-full/submit/poseidon/pegasus/casa-wind-full/run0407/00/00/unzip_ID0000021.meta,/mnt/poseidon-data/poseidon/workflows/casa-wind-workflow-full/submit/poseidon/pegasus/casa-wind-full/run0407/00/00/unzip_ID0000086.meta,/mnt/poseidon-data/poseidon/workflows/casa-wind-workflow-full/submit/poseidon/pegasus/casa-wind-full/run0407/00/00/unzip_ID0000126.meta,/mnt/poseidon-data/poseidon/workflows/casa-wind-workflow-full/submit/poseidon/pegasus/casa-wind-full/run0407/00/00/unzip_ID0000006.meta,/mnt/poseidon-data/poseidon/workflows/casa-wind-workflow-full/submit/poseidon/pegasus/casa-wind-full/run0407/00/00/unzip_ID0000036.meta,/mnt/poseidon-data/poseidon/workflows/casa-wind-workflow-full/submit/poseidon/pegasus/casa-wind-full/run0407/00/00/unzip_ID0000001.meta,/mnt/poseidon-data/poseidon/workflows/casa-wind-workflow-full/submit/poseidon/pegasus/casa-wind-full/run0407/00/00/unzip_ID0000091.meta --insert /mnt/poseidon-data/poseidon/workflows/casa-wind-workflow-full/submit/poseidon/pegasus/casa-wind-full/run0407/00/00/register_condorpool_0_1.in",3.1,0,0,,,,,,,,,
register_condorpool_0_2,None,auxiliary,0,1694474124.0,,,1694474150.0,,,0.0,1694474151.0,1694474155.0,,,0.0,1694474155.0,1694474160.0,26.0,,1.0,4.0,5.0,,,,,poseidon,local,poseidon-submit,pegasus::rc-client,/mnt/poseidon-data/poseidon/pegasus-5.1.0panorama/bin/pegasus-rc-client,"-n pegasus::rc-client -N null -R local  -L casa-wind-full -T 2023-09-08T07:29:05+00:00 /home/poseidon/pegasus-5.1.0panorama/bin/pegasus-rc-client --prefix pegasus.catalog.replica.output --conf /mnt/poseidon-data/poseidon/workflows/casa-wind-workflow-full/submit/poseidon/pegasus/casa-wind-full/run0407/pegasus.7774438305148577579.properties -v --meta /mnt/poseidon-data/poseidon/workflows/casa-wind-workflow-full/submit/poseidon/pegasus/casa-wind-full/run0407/00/00/unzip_ID0000026.meta,/mnt/poseidon-data/poseidon/workflows/casa-wind-workflow-full/submit/poseidon/pegasus/casa-wind-full/run0407/00/00/unzip_ID0000061.meta,/mnt/poseidon-data/poseidon/workflows/casa-wind-workflow-full/submit/poseidon/pegasus/casa-wind-full/run0407/00/00/unzip_ID0000071.meta,/mnt/poseidon-data/poseidon/workflows/casa-wind-workflow-full/submit/poseidon/pegasus/casa-wind-full/run0407/00/00/unzip_ID0000041.meta,/mnt/poseidon-data/poseidon/workflows/casa-wind-workflow-full/submit/poseidon/pegasus/casa-wind-full/run0407/00/00/unzip_ID0000016.meta,/mnt/poseidon-data/poseidon/workflows/casa-wind-workflow-full/submit/poseidon/pegasus/casa-wind-full/run0407/00/00/unzip_ID0000111.meta,/mnt/poseidon-data/poseidon/workflows/casa-wind-workflow-full/submit/poseidon/pegasus/casa-wind-full/run0407/00/00/unzip_ID0000011.meta,/mnt/poseidon-data/poseidon/workflows/casa-wind-workflow-full/submit/poseidon/pegasus/casa-wind-full/run0407/00/00/unzip_ID0000081.meta,/mnt/poseidon-data/poseidon/workflows/casa-wind-workflow-full/submit/poseidon/pegasus/casa-wind-full/run0407/00/00/unzip_ID0000066.meta,/mnt/poseidon-data/poseidon/workflows/casa-wind-workflow-full/submit/poseidon/pegasus/casa-wind-full/run0407/00/00/unzip_ID0000096.meta,/mnt/poseidon-data/poseidon/workflows/casa-wind-workflow-full/submit/poseidon/pegasus/casa-wind-full/run0407/00/00/unzip_ID0000051.meta,/mnt/poseidon-data/poseidon/workflows/casa-wind-workflow-full/submit/poseidon/pegasus/casa-wind-full/run0407/00/00/unzip_ID0000031.meta,/mnt/poseidon-data/poseidon/workflows/casa-wind-workflow-full/submit/poseidon/pegasus/casa-wind-full/run0407/00/00/unzip_ID0000116.meta,/mnt/poseidon-data/poseidon/workflows/casa-wind-workflow-full/submit/poseidon/pegasus/casa-wind-full/run0407/00/00/unzip_ID0000101.meta,/mnt/poseidon-data/poseidon/workflows/casa-wind-workflow-full/submit/poseidon/pegasus/casa-wind-full/run0407/00/00/unzip_ID0000121.meta,/mnt/poseidon-data/poseidon/workflows/casa-wind-workflow-full/submit/poseidon/pegasus/casa-wind-full/run0407/00/00/unzip_ID0000106.meta,/mnt/poseidon-data/poseidon/workflows/casa-wind-workflow-full/submit/poseidon/pegasus/casa-wind-full/run0407/00/00/unzip_ID0000046.meta,/mnt/poseidon-data/poseidon/workflows/casa-wind-workflow-full/submit/poseidon/pegasus/casa-wind-full/run0407/00/00/unzip_ID0000076.meta,/mnt/poseidon-data/poseidon/workflows/casa-wind-workflow-full/submit/poseidon/pegasus/casa-wind-full/run0407/00/00/unzip_ID0000056.meta,/mnt/poseidon-data/poseidon/workflows/casa-wind-workflow-full/submit/poseidon/pegasus/casa-wind-full/run0407/00/00/unzip_ID0000021.meta,/mnt/poseidon-data/poseidon/workflows/casa-wind-workflow-full/submit/poseidon/pegasus/casa-wind-full/run0407/00/00/unzip_ID0000086.meta,/mnt/poseidon-data/poseidon/workflows/casa-wind-workflow-full/submit/poseidon/pegasus/casa-wind-full/run0407/00/00/unzip_ID0000126.meta,/mnt/poseidon-data/poseidon/workflows/casa-wind-workflow-full/submit/poseidon/pegasus/casa-wind-full/run0407/00/00/unzip_ID0000006.meta,/mnt/poseidon-data/poseidon/workflows/casa-wind-workflow-full/submit/poseidon/pegasus/casa-wind-full/run0407/00/00/unzip_ID0000036.meta,/mnt/poseidon-data/poseidon/workflows/casa-wind-workflow-full/submit/poseidon/pegasus/casa-wind-full/run0407/00/00/unzip_ID0000001.meta,/mnt/poseidon-data/poseidon/workflows/casa-wind-workflow-full/submit/poseidon/pegasus/casa-wind-full/run0407/00/00/unzip_ID0000091.meta --insert /mnt/poseidon-data/poseidon/workflows/casa-wind-workflow-full/submit/poseidon/pegasus/casa-wind-full/run0407/00/00/register_condorpool_0_2.in",3.1,0,0,,,,,,,,,
post_vel_ID0000028,None,compute,0,1694474124.0,,,1694474130.0,1694474140.0,1694474151.0,29986646.4,1694474138.0,1694474170.0,1694474157.0,1694474160.0,3774.0,1694474170.0,1694474175.0,6.0,,8.0,32.0,5.0,11.0,177143937.0,3.0,11529.0,poseidon,condorpool,poseidon-worker-2-container-0-3,post_vel,/opt/netcdf2png/merged_netcdf2png,,0.1,0,0,,,,,,,,,
mvt_ID0000029,None,compute,0,1694474124.0,,,1694474130.0,1694474140.0,1694474151.0,34111218.2,1694474138.0,1694474205.0,1694474195.0,1694474199.0,12571.0,1694474205.0,1694474210.0,6.0,,8.0,67.0,5.0,11.0,177143652.0,4.0,38341.0,poseidon,condorpool,poseidon-worker-1-container-16-19,mvt,/opt/mvt/mvt,,39.4,0,0,0.0,823513.0,20480.0,497.0,5.0,29.9,0.1,27450.4,1024.0
mvt_ID0000054,None,compute,0,1694474124.0,,,1694474129.0,1694474140.0,1694474152.0,28229504.7,1694474138.0,1694474210.0,1694474197.0,1694474200.0,9282.0,1694474210.0,1694474215.0,5.0,,9.0,72.0,5.0,12.0,177143652.0,3.0,28552.0,poseidon,condorpool,poseidon-worker-1-container-12-15,mvt,/opt/mvt/mvt,,39.8,0,0,0.0,790591.0,12288.0,425.0,3.0,29.9,0.1,26353.0,1228.8
post_vel_ID0000023,None,compute,0,1694474124.0,,,1694474129.0,1694474140.0,1694474151.0,33171676.6,1694474138.0,1694474170.0,1694474157.0,1694474160.0,3729.0,1694474170.0,1694474175.0,5.0,,9.0,32.0,5.0,11.0,177143937.0,3.0,11372.0,poseidon,condorpool,poseidon-worker-1-container-28-31,post_vel,/opt/netcdf2png/merged_netcdf2png,,0.1,0,0,,,,,,,,,
mvt_ID0000024,None,compute,0,1694474124.0,,,1694474129.0,1694474140.0,1694474151.0,32158491.4,1694474138.0,1694474205.0,1694474196.0,1694474199.0,10013.0,1694474205.0,1694474210.0,5.0,,9.0,67.0,5.0,11.0,177143652.0,3.0,30705.0,poseidon,condorpool,poseidon-worker-1-container-24-27,mvt,/opt/mvt/mvt,,39.4,0,0,0.0,824893.0,16384.0,500.0,4.0,29.9,0.1,27496.4,819.2
mvt_ID0000019,cpu_3,compute,0,1694474124.0,,,1694474129.0,1694474140.0,1694474151.0,34475053.2,1694474138.0,1694474210.0,1694474196.0,1694474200.0,11847.0,1694474210.0,1694474215.0,5.0,,9.0,72.0,5.0,11.0,177143652.0,4.0,36245.0,poseidon,condorpool,poseidon-worker-2-container-4-7,mvt,/opt/mvt/mvt,,39.9,0,0,0.0,821596.0,20480.0,500.0,5.0,39.7,0.1,20539.9,1024.0
post_vel_ID0000018,None,compute,0,1694474124.0,,,1694474130.0,1694474140.0,1694474151.0,29635899.5,1694474138.0,1694474165.0,1694474156.0,1694474159.0,3822.0,1694474165.0,1694474170.0,6.0,,8.0,27.0,5.0,11.0,177143937.0,3.0,11645.0,poseidon,condorpool,poseidon-worker-2-container-16-19,post_vel,/opt/netcdf2png/merged_netcdf2png,,0.1,0,0,,,,,,,,,
post_vel_ID0000053,None,compute,0,1694474124.0,,,1694474129.0,1694474140.0,1694474151.0,33005067.4,1694474138.0,1694474165.0,1694474156.0,1694474159.0,3579.0,1694474165.0,1694474170.0,5.0,,9.0,27.0,5.0,11.0,177143937.0,3.0,11004.0,poseidon,condorpool,poseidon-worker-2-container-32-35,post_vel,/opt/netcdf2png/merged_netcdf2png,,0.1,0,0,,,,,,,,,
register_condorpool_0_0,None,auxiliary,0,1694474124.0,,,1694474130.0,,,0.0,1694474131.0,1694474135.0,,,0.0,1694474135.0,1694474140.0,6.0,,1.0,4.0,5.0,,,,,poseidon,local,poseidon-submit,pegasus::rc-client,/mnt/poseidon-data/poseidon/pegasus-5.1.0panorama/bin/pegasus-rc-client,"-n pegasus::rc-client -N null -R local  -L casa-wind-full -T 2023-09-08T07:29:05+00:00 /home/poseidon/pegasus-5.1.0panorama/bin/pegasus-rc-client --prefix pegasus.catalog.replica.output --conf /mnt/poseidon-data/poseidon/workflows/casa-wind-workflow-full/submit/poseidon/pegasus/casa-wind-full/run0407/pegasus.7774438305148577579.properties -v --meta /mnt/poseidon-data/poseidon/workflows/casa-wind-workflow-full/submit/poseidon/pegasus/casa-wind-full/run0407/00/00/unzip_ID0000026.meta,/mnt/poseidon-data/poseidon/workflows/casa-wind-workflow-full/submit/poseidon/pegasus/casa-wind-full/run0407/00/00/unzip_ID0000061.meta,/mnt/poseidon-data/poseidon/workflows/casa-wind-workflow-full/submit/poseidon/pegasus/casa-wind-full/run0407/00/00/unzip_ID0000071.meta,/mnt/poseidon-data/poseidon/workflows/casa-wind-workflow-full/submit/poseidon/pegasus/casa-wind-full/run0407/00/00/unzip_ID0000041.meta,/mnt/poseidon-data/poseidon/workflows/casa-wind-workflow-full/submit/poseidon/pegasus/casa-wind-full/run0407/00/00/unzip_ID0000016.meta,/mnt/poseidon-data/poseidon/workflows/casa-wind-workflow-full/submit/poseidon/pegasus/casa-wind-full/run0407/00/00/unzip_ID0000111.meta,/mnt/poseidon-data/poseidon/workflows/casa-wind-workflow-full/submit/poseidon/pegasus/casa-wind-full/run0407/00/00/unzip_ID0000011.meta,/mnt/poseidon-data/poseidon/workflows/casa-wind-workflow-full/submit/poseidon/pegasus/casa-wind-full/run0407/00/00/unzip_ID0000081.meta,/mnt/poseidon-data/poseidon/workflows/casa-wind-workflow-full/submit/poseidon/pegasus/casa-wind-full/run0407/00/00/unzip_ID0000066.meta,/mnt/poseidon-data/poseidon/workflows/casa-wind-workflow-full/submit/poseidon/pegasus/casa-wind-full/run0407/00/00/unzip_ID0000096.meta,/mnt/poseidon-data/poseidon/workflows/casa-wind-workflow-full/submit/poseidon/pegasus/casa-wind-full/run0407/00/00/unzip_ID0000051.meta,/mnt/poseidon-data/poseidon/workflows/casa-wind-workflow-full/submit/poseidon/pegasus/casa-wind-full/run0407/00/00/unzip_ID0000031.meta,/mnt/poseidon-data/poseidon/workflows/casa-wind-workflow-full/submit/poseidon/pegasus/casa-wind-full/run0407/00/00/unzip_ID0000116.meta,/mnt/poseidon-data/poseidon/workflows/casa-wind-workflow-full/submit/poseidon/pegasus/casa-wind-full/run0407/00/00/unzip_ID0000101.meta,/mnt/poseidon-data/poseidon/workflows/casa-wind-workflow-full/submit/poseidon/pegasus/casa-wind-full/run0407/00/00/unzip_ID0000121.meta,/mnt/poseidon-data/poseidon/workflows/casa-wind-workflow-full/submit/poseidon/pegasus/casa-wind-full/run0407/00/00/unzip_ID0000106.meta,/mnt/poseidon-data/poseidon/workflows/casa-wind-workflow-full/submit/poseidon/pegasus/casa-wind-full/run0407/00/00/unzip_ID0000046.meta,/mnt/poseidon-data/poseidon/workflows/casa-wind-workflow-full/submit/poseidon/pegasus/casa-wind-full/run0407/00/00/unzip_ID0000076.meta,/mnt/poseidon-data/poseidon/workflows/casa-wind-workflow-full/submit/poseidon/pegasus/casa-wind-full/run0407/00/00/unzip_ID0000056.meta,/mnt/poseidon-data/poseidon/workflows/casa-wind-workflow-full/submit/poseidon/pegasus/casa-wind-full/run0407/00/00/unzip_ID0000021.meta,/mnt/poseidon-data/poseidon/workflows/casa-wind-workflow-full/submit/poseidon/pegasus/casa-wind-full/run0407/00/00/unzip_ID0000086.meta,/mnt/poseidon-data/poseidon/workflows/casa-wind-workflow-full/submit/poseidon/pegasus/casa-wind-full/run0407/00/00/unzip_ID0000126.meta,/mnt/poseidon-data/poseidon/workflows/casa-wind-workflow-full/submit/poseidon/pegasus/casa-wind-full/run0407/00/00/unzip_ID0000006.meta,/mnt/poseidon-data/poseidon/workflows/casa-wind-workflow-full/submit/poseidon/pegasus/casa-wind-full/run0407/00/00/unzip_ID0000036.meta,/mnt/poseidon-data/poseidon/workflows/casa-wind-workflow-full/submit/poseidon/pegasus/casa-wind-full/run0407/00/00/unzip_ID0000001.meta,/mnt/poseidon-data/poseidon/workflows/casa-wind-workflow-full/submit/poseidon/pegasus/casa-wind-full/run0407/00/00/unzip_ID0000091.meta --insert /mnt/poseidon-data/poseidon/workflows/casa-wind-workflow-full/submit/poseidon/pegasus/casa-wind-full/run0407/00/00/register_condorpool_0_0.in",3.0,0,0,,,,,,,,,
post_vel_ID0000008,None,compute,0,1694474145.0,,,1694474150.0,1694474153.0,1694474164.0,29755966.5,1694474152.0,1694474180.0,1694474170.0,1694474173.0,3601.0,1694474180.0,1694474185.0,5.0,,2.0,28.0,5.0,11.0,177143937.0,3.0,10982.0,poseidon,condorpool,poseidon-worker-1-container-4-7,post_vel,/opt/netcdf2png/merged_netcdf2png,,0.1,0,0,,,,,,,,,
stage_out_local_condorpool_1_1,None,transfer,0,1694474145.0,,,1694474150.0,,,0.0,1694474151.0,1694474160.0,,,0.0,1694474160.0,1694474165.0,5.0,,1.0,9.0,5.0,,,,,poseidon,local,poseidon-submit,pegasus::transfer,/mnt/poseidon-data/poseidon/pegasus-5.1.0panorama/bin/pegasus-transfer,/home/poseidon/pegasus-5.1.0panorama/bin/../bin/pegasus-kickstart  -n pegasus::transfer -N null -i - -R local  -L casa-wind-full -T 2023-09-08T07:29:05+00:00 /home/poseidon/pegasus-5.1.0panorama/bin/../bin/pegasus-transfer  --threads 2,0.9,0,0,,,,,,,,,
mvt_ID0000109,cpu_3,compute,0,1694474145.0,,,1694474150.0,1694474158.0,1694474171.0,33884976.6,1694474152.0,1694474276.0,1694474263.0,1694474266.0,19226.0,1694474276.0,1694474281.0,5.0,,2.0,124.0,5.0,13.0,177143652.0,3.0,59954.0,poseidon,condorpool,poseidon-worker-2-container-20-23,mvt,/opt/mvt/mvt,,38.1,0,0,0.0,867003.0,32768.0,626.0,8.0,34.5,0.1,10837.5,819.2
mvt_ID0000009,None,compute,0,1694474145.0,,,1694474150.0,1694474153.0,1694474164.0,34489930.6,1694474152.0,1694474220.0,1694474209.0,1694474212.0,11581.0,1694474220.0,1694474225.0,5.0,,2.0,68.0,5.0,11.0,177143652.0,3.0,35429.0,poseidon,condorpool,poseidon-worker-1-container-32-35,mvt,/opt/mvt/mvt,,39.3,0,0,0.0,789222.0,20480.0,422.0,5.0,29.9,0.1,26307.4,1024.0
stage_out_local_condorpool_1_2,None,transfer,0,1694474145.0,,,1694474150.0,,,0.0,1694474151.0,1694474160.0,,,0.0,1694474160.0,1694474165.0,5.0,,1.0,9.0,5.0,,,,,poseidon,local,poseidon-submit,pegasus::transfer,/mnt/poseidon-data/poseidon/pegasus-5.1.0panorama/bin/pegasus-transfer,/home/poseidon/pegasus-5.1.0panorama/bin/../bin/pegasus-kickstart  -n pegasus::transfer -N null -i - -R local  -L casa-wind-full -T 2023-09-08T07:29:05+00:00 /home/poseidon/pegasus-5.1.0panorama/bin/../bin/pegasus-transfer  --threads 2,0.9,0,0,,,,,,,,,
mvt_ID0000004,cpu_3,compute,0,1694474145.0,,,1694474150.0,1694474158.0,1694474171.0,32721493.2,1694474152.0,1694474276.0,1694474263.0,1694474266.0,9224.0,1694474276.0,1694474281.0,5.0,,2.0,124.0,5.0,13.0,177143652.0,3.0,28781.0,poseidon,condorpool,poseidon-worker-2-container-20-23,mvt,/opt/mvt/mvt,,38.1,0,0,0.0,866991.0,16384.0,626.0,4.0,34.5,0.0,10837.4,819.2
post_vel_ID0000003,None,compute,0,1694474145.0,,,1694474150.0,1694474153.0,1694474164.0,35034109.2,1694474152.0,1694474180.0,1694474170.0,1694474173.0,3553.0,1694474180.0,1694474185.0,5.0,,2.0,28.0,5.0,11.0,177143937.0,3.0,10865.0,poseidon,condorpool,poseidon-worker-1-container-0-3,post_vel,/opt/netcdf2png/merged_netcdf2png,,0.1,0,0,,,,,,,,,
post_vel_ID0000108,cpu_3,compute,0,1694474145.0,,,1694474150.0,1694474153.0,1694474166.0,35258877.6,1694474152.0,1694474185.0,1694474172.0,1694474175.0,4331.0,1694474185.0,1694474190.0,5.0,,2.0,33.0,5.0,13.0,177143937.0,3.0,13907.0,poseidon,condorpool,poseidon-worker-1-container-36-39,post_vel,/opt/netcdf2png/merged_netcdf2png,,0.1,0,0,,,,,,,,,
mvt_ID0000044,None,compute,0,1694474150.0,,,1694474155.0,1694474157.0,1694474168.0,29654433.0,1694474156.0,1694474225.0,1694474213.0,1694474216.0,9213.0,1694474225.0,1694474230.0,5.0,,1.0,69.0,5.0,11.0,177143652.0,3.0,28113.0,poseidon,condorpool,poseidon-worker-2-container-28-31,mvt,/opt/mvt/mvt,,39.3,0,0,0.0,791979.0,12288.0,428.0,3.0,29.9,0.1,26399.3,1228.8
stage_out_local_condorpool_1_0,None,transfer,0,1694474150.0,,,1694474155.0,,,0.0,1694474155.0,1694474160.0,,,0.0,1694474160.0,1694474165.0,5.0,,0.0,5.0,5.0,,,,,poseidon,local,poseidon-submit,pegasus::transfer,/mnt/poseidon-data/poseidon/pegasus-5.1.0panorama/bin/pegasus-transfer,/home/poseidon/pegasus-5.1.0panorama/bin/../bin/pegasus-kickstart  -n pegasus::transfer -N null -i - -R local  -L casa-wind-full -T 2023-09-08T07:29:05+00:00 /home/poseidon/pegasus-5.1.0panorama/bin/../bin/pegasus-transfer  --threads 2,0.9,0,0,,,,,,,,,
post_vel_ID0000043,cpu_3,compute,0,1694474150.0,,,1694474155.0,1694474162.0,1694474176.0,32682030.2,1694474156.0,1694474195.0,1694474182.0,1694474186.0,3333.0,1694474195.0,1694474200.0,5.0,,1.0,39.0,5.0,14.0,177143937.0,4.0,11050.0,poseidon,condorpool,poseidon-worker-1-container-40-43,post_vel,/opt/netcdf2png/merged_netcdf2png,,0.1,0,0,,,,,,,,,
register_condorpool_1_0,None,auxiliary,0,1694474165.0,,,1694474190.0,,,0.0,1694474191.0,1694474195.0,,,0.0,1694474195.0,1694474200.0,25.0,,1.0,4.0,5.0,,,,,poseidon,local,poseidon-submit,pegasus::rc-client,/mnt/poseidon-data/poseidon/pegasus-5.1.0panorama/bin/pegasus-rc-client,"-n pegasus::rc-client -N null -R local  -L casa-wind-full -T 2023-09-08T07:29:05+00:00 /home/poseidon/pegasus-5.1.0panorama/bin/pegasus-rc-client --prefix pegasus.catalog.replica.output --conf /mnt/poseidon-data/poseidon/workflows/casa-wind-workflow-full/submit/poseidon/pegasus/casa-wind-full/run0407/pegasus.7774438305148577579.properties -v --meta /mnt/poseidon-data/poseidon/workflows/casa-wind-workflow-full/submit/poseidon/pegasus/casa-wind-full/run0407/00/01/um_vel_ID0000067.meta,/mnt/poseidon-data/poseidon/workflows/casa-wind-workflow-full/submit/poseidon/pegasus/casa-wind-full/run0407/00/00/um_vel_ID0000127.meta,/mnt/poseidon-data/poseidon/workflows/casa-wind-workflow-full/submit/poseidon/pegasus/casa-wind-full/run0407/00/00/um_vel_ID0000122.meta,/mnt/poseidon-data/poseidon/workflows/casa-wind-workflow-full/submit/poseidon/pegasus/casa-wind-full/run0407/00/00/um_vel_ID0000092.meta,/mnt/poseidon-data/poseidon/workflows/casa-wind-workflow-full/submit/poseidon/pegasus/casa-wind-full/run0407/00/01/um_vel_ID0000077.meta,/mnt/poseidon-data/poseidon/workflows/casa-wind-workflow-full/submit/poseidon/pegasus/casa-wind-full/run0407/00/01/um_vel_ID0000057.meta,/mnt/poseidon-data/poseidon/workflows/casa-wind-workflow-full/submit/poseidon/pegasus/casa-wind-full/run0407/00/00/um_vel_ID0000027.meta,/mnt/poseidon-data/poseidon/workflows/casa-wind-workflow-full/submit/poseidon/pegasus/casa-wind-full/run0407/00/01/um_vel_ID0000042.meta,/mnt/poseidon-data/poseidon/workflows/casa-wind-workflow-full/submit/poseidon/pegasus/casa-wind-full/run0407/00/00/um_vel_ID0000022.meta --insert /mnt/poseidon-data/poseidon/workflows/casa-wind-workflow-full/submit/poseidon/pegasus/casa-wind-full/run0407/00/01/register_condorpool_1_0.in",2.6,0,0,,,,,,,,,
register_condorpool_1_1,None,auxiliary,0,1694474165.0,,,1694474170.0,,,0.0,1694474171.0,1694474175.0,,,0.0,1694474175.0,1694474180.0,5.0,,1.0,4.0,5.0,,,,,poseidon,local,poseidon-submit,pegasus::rc-client,/mnt/poseidon-data/poseidon/pegasus-5.1.0panorama/bin/pegasus-rc-client,"-n pegasus::rc-client -N null -R local  -L casa-wind-full -T 2023-09-08T07:29:05+00:00 /home/poseidon/pegasus-5.1.0panorama/bin/pegasus-rc-client --prefix pegasus.catalog.replica.output --conf /mnt/poseidon-data/poseidon/workflows/casa-wind-workflow-full/submit/poseidon/pegasus/casa-wind-full/run0407/pegasus.7774438305148577579.properties -v --meta /mnt/poseidon-data/poseidon/workflows/casa-wind-workflow-full/submit/poseidon/pegasus/casa-wind-full/run0407/00/00/um_vel_ID0000017.meta,/mnt/poseidon-data/poseidon/workflows/casa-wind-workflow-full/submit/poseidon/pegasus/casa-wind-full/run0407/00/01/um_vel_ID0000037.meta,/mnt/poseidon-data/poseidon/workflows/casa-wind-workflow-full/submit/poseidon/pegasus/casa-wind-full/run0407/00/00/um_vel_ID0000082.meta,/mnt/poseidon-data/poseidon/workflows/casa-wind-workflow-full/submit/poseidon/pegasus/casa-wind-full/run0407/00/00/um_vel_ID0000097.meta,/mnt/poseidon-data/poseidon/workflows/casa-wind-workflow-full/submit/poseidon/pegasus/casa-wind-full/run0407/00/01/um_vel_ID0000047.meta,/mnt/poseidon-data/poseidon/workflows/casa-wind-workflow-full/submit/poseidon/pegasus/casa-wind-full/run0407/00/00/um_vel_ID0000087.meta,/mnt/poseidon-data/poseidon/workflows/casa-wind-workflow-full/submit/poseidon/pegasus/casa-wind-full/run0407/00/01/um_vel_ID0000007.meta,/mnt/poseidon-data/poseidon/workflows/casa-wind-workflow-full/submit/poseidon/pegasus/casa-wind-full/run0407/00/01/um_vel_ID0000072.meta,/mnt/poseidon-data/poseidon/workflows/casa-wind-workflow-full/submit/poseidon/pegasus/casa-wind-full/run0407/00/01/um_vel_ID0000102.meta --insert /mnt/poseidon-data/poseidon/workflows/casa-wind-workflow-full/submit/poseidon/pegasus/casa-wind-full/run0407/00/01/register_condorpool_1_1.in",2.7,0,0,,,,,,,,,
register_condorpool_1_2,None,auxiliary,0,1694474165.0,,,1694474180.0,,,0.0,1694474180.0,1694474185.0,,,0.0,1694474185.0,1694474190.0,15.0,,0.0,5.0,5.0,,,,,poseidon,local,poseidon-submit,pegasus::rc-client,/mnt/poseidon-data/poseidon/pegasus-5.1.0panorama/bin/pegasus-rc-client,"-n pegasus::rc-client -N null -R local  -L casa-wind-full -T 2023-09-08T07:29:05+00:00 /home/poseidon/pegasus-5.1.0panorama/bin/pegasus-rc-client --prefix pegasus.catalog.replica.output --conf /mnt/poseidon-data/poseidon/workflows/casa-wind-workflow-full/submit/poseidon/pegasus/casa-wind-full/run0407/pegasus.7774438305148577579.properties -v --meta /mnt/poseidon-data/poseidon/workflows/casa-wind-workflow-full/submit/poseidon/pegasus/casa-wind-full/run0407/00/00/um_vel_ID0000117.meta,/mnt/poseidon-data/poseidon/workflows/casa-wind-workflow-full/submit/poseidon/pegasus/casa-wind-full/run0407/00/01/um_vel_ID0000052.meta,/mnt/poseidon-data/poseidon/workflows/casa-wind-workflow-full/submit/poseidon/pegasus/casa-wind-full/run0407/00/00/um_vel_ID0000002.meta,/mnt/poseidon-data/poseidon/workflows/casa-wind-workflow-full/submit/poseidon/pegasus/casa-wind-full/run0407/00/00/um_vel_ID0000012.meta,/mnt/poseidon-data/poseidon/workflows/casa-wind-workflow-full/submit/poseidon/pegasus/casa-wind-full/run0407/00/00/um_vel_ID0000032.meta,/mnt/poseidon-data/poseidon/workflows/casa-wind-workflow-full/submit/poseidon/pegasus/casa-wind-full/run0407/00/01/um_vel_ID0000062.meta,/mnt/poseidon-data/poseidon/workflows/casa-wind-workflow-full/submit/poseidon/pegasus/casa-wind-full/run0407/00/01/um_vel_ID0000112.meta,/mnt/poseidon-data/poseidon/workflows/casa-wind-workflow-full/submit/poseidon/pegasus/casa-wind-full/run0407/00/01/um_vel_ID0000107.meta --insert /mnt/poseidon-data/poseidon/workflows/casa-wind-workflow-full/submit/poseidon/pegasus/casa-wind-full/run0407/00/01/register_condorpool_1_2.in",2.6,0,0,,,,,,,,,
point_alert_ID0000090,None,compute,0,1694474180.0,,,1694474185.0,1694474188.0,1694474199.0,29640362.0,1694474186.0,1694474215.0,1694474204.0,1694474207.0,6743.0,1694474215.0,1694474220.0,5.0,,1.0,29.0,5.0,11.0,176656458.0,3.0,20638.0,poseidon,condorpool,poseidon-worker-1-container-0-3,point_alert,/opt/pointAlert/pointAlert,,0.0,0,0,,,,,,,,,
point_alert_ID0000075,None,compute,0,1694474185.0,,,1694474190.0,1694474193.0,1694474204.0,29640121.0,1694474191.0,1694474220.0,1694474209.0,1694474212.0,6775.0,1694474220.0,1694474225.0,5.0,,1.0,29.0,5.0,11.0,176646838.0,3.0,20558.0,poseidon,condorpool,poseidon-worker-1-container-0-3,point_alert,/opt/pointAlert/pointAlert,,0.0,0,0,,,,,,,,,
point_alert_ID0000050,None,compute,0,1694474190.0,,,1694474195.0,1694474198.0,1694474209.0,29591499.0,1694474197.0,1694474225.0,1694474214.0,1694474217.0,6770.0,1694474225.0,1694474230.0,5.0,,2.0,28.0,5.0,11.0,176632091.0,3.0,20878.0,poseidon,condorpool,poseidon-worker-1-container-4-7,point_alert,/opt/pointAlert/pointAlert,,0.0,0,0,,,,,,,,,
point_alert_ID0000080,None,compute,0,1694474190.0,,,1694474195.0,1694474198.0,1694474209.0,29671751.5,1694474197.0,1694474225.0,1694474214.0,1694474217.0,6768.0,1694474225.0,1694474230.0,5.0,,2.0,28.0,5.0,11.0,176653320.0,3.0,20718.0,poseidon,condorpool,poseidon-worker-1-container-16-19,point_alert,/opt/pointAlert/pointAlert,,0.0,0,0,,,,,,,,,
point_alert_ID0000060,cpu_3,compute,0,1694474190.0,,,1694474195.0,1694474203.0,1694474217.0,32425007.2,1694474197.0,1694474235.0,1694474223.0,1694474226.0,6649.0,1694474235.0,1694474241.0,5.0,,2.0,38.0,6.0,14.0,176636147.0,3.0,20878.0,poseidon,condorpool,poseidon-worker-1-container-40-43,point_alert,/opt/pointAlert/pointAlert,,0.0,0,0,,,,,,,,,
point_alert_ID0000095,None,compute,0,1694474190.0,,,1694474195.0,1694474198.0,1694474209.0,29625218.0,1694474197.0,1694474225.0,1694474214.0,1694474217.0,6737.0,1694474225.0,1694474230.0,5.0,,2.0,28.0,5.0,11.0,176660390.0,3.0,20718.0,poseidon,condorpool,poseidon-worker-1-container-0-3,point_alert,/opt/pointAlert/pointAlert,,0.0,0,0,,,,,,,,,
point_alert_ID0000130,cpu_3,compute,0,1694474190.0,,,1694474195.0,1694474199.0,1694474210.0,29672248.0,1694474197.0,1694474225.0,1694474215.0,1694474218.0,7580.0,1694474225.0,1694474230.0,5.0,,2.0,28.0,5.0,11.0,176672472.0,3.0,23118.0,poseidon,condorpool,poseidon-worker-1-container-36-39,point_alert,/opt/pointAlert/pointAlert,,0.0,0,0,,,,,,,,,
point_alert_ID0000040,None,compute,0,1694474190.0,,,1694474195.0,1694474198.0,1694474209.0,29853331.0,1694474197.0,1694474225.0,1694474214.0,1694474217.0,6617.0,1694474225.0,1694474230.0,5.0,,2.0,28.0,5.0,11.0,176642369.0,3.0,20558.0,poseidon,condorpool,poseidon-worker-2-container-12-15,point_alert,/opt/pointAlert/pointAlert,,0.0,0,0,,,,,,,,,
point_alert_ID0000085,None,compute,0,1694474190.0,,,1694474195.0,1694474198.0,1694474209.0,34235406.4,1694474197.0,1694474225.0,1694474214.0,1694474217.0,6883.0,1694474225.0,1694474230.0,5.0,,2.0,28.0,5.0,11.0,176655981.0,3.0,21118.0,poseidon,condorpool,poseidon-worker-2-container-44-47,point_alert,/opt/pointAlert/pointAlert,,0.0,0,0,,,,,,,,,
point_alert_ID0000105,None,compute,0,1694474190.0,,,1694474195.0,1694474198.0,1694474209.0,29613038.5,1694474197.0,1694474225.0,1694474214.0,1694474217.0,6851.0,1694474225.0,1694474230.0,5.0,,2.0,28.0,5.0,11.0,176667573.0,3.0,21278.0,poseidon,condorpool,poseidon-worker-2-container-0-3,point_alert,/opt/pointAlert/pointAlert,,0.0,0,0,,,,,,,,,
point_alert_ID0000025,None,compute,0,1694474210.0,,,1694474215.0,1694474218.0,1694474229.0,29619394.0,1694474216.0,1694474246.0,1694474234.0,1694474237.0,6451.0,1694474246.0,1694474251.0,5.0,,1.0,30.0,5.0,11.0,176638688.0,3.0,20078.0,poseidon,condorpool,poseidon-worker-1-container-0-3,point_alert,/opt/pointAlert/pointAlert,,0.0,0,0,,,,,,,,,
point_alert_ID0000070,None,compute,0,1694474210.0,,,1694474215.0,1694474218.0,1694474229.0,29936993.0,1694474216.0,1694474246.0,1694474234.0,1694474237.0,6715.0,1694474246.0,1694474251.0,5.0,,1.0,30.0,5.0,11.0,176643292.0,3.0,20558.0,poseidon,condorpool,poseidon-worker-1-container-20-23,point_alert,/opt/pointAlert/pointAlert,,0.0,0,0,,,,,,,,,
point_alert_ID0000115,cpu_3,compute,0,1694474210.0,,,1694474215.0,1694474218.0,1694474229.0,33819768.4,1694474216.0,1694474246.0,1694474234.0,1694474237.0,7050.0,1694474246.0,1694474251.0,5.0,,1.0,30.0,5.0,11.0,176681217.0,3.0,21598.0,poseidon,condorpool,poseidon-worker-2-container-4-7,point_alert,/opt/pointAlert/pointAlert,,0.0,0,0,,,,,,,,,
point_alert_ID0000030,None,compute,0,1694474210.0,,,1694474215.0,1694474218.0,1694474229.0,34144485.8,1694474216.0,1694474246.0,1694474234.0,1694474237.0,6524.0,1694474246.0,1694474251.0,5.0,,1.0,30.0,5.0,11.0,176646324.0,3.0,20158.0,poseidon,condorpool,poseidon-worker-2-container-8-11,point_alert,/opt/pointAlert/pointAlert,,0.0,0,0,,,,,,,,,
point_alert_ID0000100,None,compute,0,1694474215.0,,,1694474220.0,1694474223.0,1694474234.0,29538368.0,1694474222.0,1694474251.0,1694474239.0,1694474243.0,6712.0,1694474251.0,1694474256.0,5.0,,2.0,29.0,5.0,11.0,176658101.0,4.0,20638.0,poseidon,condorpool,poseidon-worker-1-container-32-35,point_alert,/opt/pointAlert/pointAlert,,0.0,0,0,,,,,,,,,
point_alert_ID0000055,None,compute,0,1694474215.0,,,1694474220.0,1694474223.0,1694474234.0,29469799.0,1694474222.0,1694474251.0,1694474240.0,1694474243.0,6711.0,1694474251.0,1694474256.0,5.0,,2.0,29.0,5.0,11.0,176636535.0,3.0,20638.0,poseidon,condorpool,poseidon-worker-1-container-0-3,point_alert,/opt/pointAlert/pointAlert,,0.0,0,0,,,,,,,,,
point_alert_ID0000125,None,compute,0,1694474215.0,,,1694474220.0,1694474223.0,1694474234.0,33613496.6,1694474222.0,1694474251.0,1694474240.0,1694474243.0,7465.0,1694474251.0,1694474256.0,5.0,,2.0,29.0,5.0,11.0,176678547.0,3.0,22878.0,poseidon,condorpool,poseidon-worker-1-container-12-15,point_alert,/opt/pointAlert/pointAlert,,0.0,0,0,,,,,,,,,
point_alert_ID0000015,None,compute,0,1694474215.0,,,1694474220.0,1694474223.0,1694474235.0,31354105.6,1694474222.0,1694474251.0,1694474240.0,1694474243.0,6690.0,1694474251.0,1694474256.0,5.0,,2.0,29.0,5.0,12.0,176639974.0,3.0,20558.0,poseidon,condorpool,poseidon-worker-1-container-4-7,point_alert,/opt/pointAlert/pointAlert,,0.0,0,0,,,,,,,,,
stage_out_local_condorpool_2_2,None,transfer,0,1694474215.0,,,1694474220.0,,,0.0,1694474222.0,1694474230.0,,,0.0,1694474230.0,1694474235.0,5.0,,2.0,8.0,5.0,,,,,poseidon,local,poseidon-submit,pegasus::transfer,/mnt/poseidon-data/poseidon/pegasus-5.1.0panorama/bin/pegasus-transfer,/home/poseidon/pegasus-5.1.0panorama/bin/../bin/pegasus-kickstart  -n pegasus::transfer -N null -i - -R local  -L casa-wind-full -T 2023-09-08T07:29:05+00:00 /home/poseidon/pegasus-5.1.0panorama/bin/../bin/pegasus-transfer  --threads 2,0.9,0,0,,,,,,,,,
stage_out_local_condorpool_2_4,None,transfer,0,1694474215.0,,,1694474220.0,,,0.0,1694474222.0,1694474230.0,,,0.0,1694474230.0,1694474235.0,5.0,,2.0,8.0,5.0,,,,,poseidon,local,poseidon-submit,pegasus::transfer,/mnt/poseidon-data/poseidon/pegasus-5.1.0panorama/bin/pegasus-transfer,/home/poseidon/pegasus-5.1.0panorama/bin/../bin/pegasus-kickstart  -n pegasus::transfer -N null -i - -R local  -L casa-wind-full -T 2023-09-08T07:29:05+00:00 /home/poseidon/pegasus-5.1.0panorama/bin/../bin/pegasus-transfer  --threads 2,0.8,0,0,,,,,,,,,
stage_out_local_condorpool_2_1,None,transfer,0,1694474215.0,,,1694474220.0,,,0.0,1694474222.0,1694474230.0,,,0.0,1694474230.0,1694474235.0,5.0,,2.0,8.0,5.0,,,,,poseidon,local,poseidon-submit,pegasus::transfer,/mnt/poseidon-data/poseidon/pegasus-5.1.0panorama/bin/pegasus-transfer,/home/poseidon/pegasus-5.1.0panorama/bin/../bin/pegasus-kickstart  -n pegasus::transfer -N null -i - -R local  -L casa-wind-full -T 2023-09-08T07:29:05+00:00 /home/poseidon/pegasus-5.1.0panorama/bin/../bin/pegasus-transfer  --threads 2,0.9,0,0,,,,,,,,,
point_alert_ID0000020,cpu_3,compute,0,1694474215.0,,,1694474220.0,1694474223.0,1694474234.0,29704139.5,1694474222.0,1694474251.0,1694474239.0,1694474242.0,6682.0,1694474251.0,1694474256.0,5.0,,2.0,29.0,5.0,11.0,176644228.0,3.0,20478.0,poseidon,condorpool,poseidon-worker-1-container-36-39,point_alert,/opt/pointAlert/pointAlert,,0.0,0,0,,,,,,,,,
point_alert_ID0000010,None,compute,0,1694474225.0,,,1694474230.0,1694474233.0,1694474244.0,29871168.6,1694474231.0,1694474261.0,1694474250.0,1694474253.0,6699.0,1694474261.0,1694474266.0,5.0,,1.0,30.0,5.0,11.0,176643412.0,3.0,20478.0,poseidon,condorpool,poseidon-worker-1-container-4-7,point_alert,/opt/pointAlert/pointAlert,,0.0,0,0,,,,,,,,,
stage_out_local_condorpool_2_3,None,transfer,0,1694474225.0,,,1694474230.0,,,0.0,1694474231.0,1694474235.0,,,0.0,1694474235.0,1694474241.0,5.0,,1.0,4.0,6.0,,,,,poseidon,local,poseidon-submit,pegasus::transfer,/mnt/poseidon-data/poseidon/pegasus-5.1.0panorama/bin/pegasus-transfer,/home/poseidon/pegasus-5.1.0panorama/bin/../bin/pegasus-kickstart  -n pegasus::transfer -N null -i - -R local  -L casa-wind-full -T 2023-09-08T07:29:05+00:00 /home/poseidon/pegasus-5.1.0panorama/bin/../bin/pegasus-transfer  --threads 2,0.9,0,0,,,,,,,,,
point_alert_ID0000035,None,compute,0,1694474225.0,,,1694474230.0,1694474233.0,1694474244.0,29963958.5,1694474231.0,1694474261.0,1694474249.0,1694474252.0,6545.0,1694474261.0,1694474266.0,5.0,,1.0,30.0,5.0,11.0,176638959.0,3.0,20078.0,poseidon,condorpool,poseidon-worker-2-container-12-15,point_alert,/opt/pointAlert/pointAlert,,0.0,0,0,,,,,,,,,
point_alert_ID0000045,None,compute,0,1694474230.0,,,1694474235.0,1694474238.0,1694474249.0,29628997.0,1694474236.0,1694474266.0,1694474254.0,1694474257.0,6790.0,1694474266.0,1694474271.0,5.0,,1.0,30.0,5.0,11.0,176636096.0,3.0,20798.0,poseidon,condorpool,poseidon-worker-1-container-16-19,point_alert,/opt/pointAlert/pointAlert,,0.0,0,0,,,,,,,,,
stage_out_local_condorpool_2_0,None,transfer,0,1694474230.0,,,1694474235.0,,,0.0,1694474236.0,1694474241.0,,,0.0,1694474241.0,1694474246.0,5.0,,1.0,5.0,5.0,,,,,poseidon,local,poseidon-submit,pegasus::transfer,/mnt/poseidon-data/poseidon/pegasus-5.1.0panorama/bin/pegasus-transfer,/home/poseidon/pegasus-5.1.0panorama/bin/../bin/pegasus-kickstart  -n pegasus::transfer -N null -i - -R local  -L casa-wind-full -T 2023-09-08T07:29:05+00:00 /home/poseidon/pegasus-5.1.0panorama/bin/../bin/pegasus-transfer  --threads 2,0.9,0,0,,,,,,,,,
register_condorpool_2_2,None,auxiliary,0,1694474235.0,,,1694474271.0,,,0.0,1694474271.0,1694474276.0,,,0.0,1694474276.0,1694474281.0,36.0,,0.0,5.0,5.0,,,,,poseidon,local,poseidon-submit,pegasus::rc-client,/mnt/poseidon-data/poseidon/pegasus-5.1.0panorama/bin/pegasus-rc-client,"-n pegasus::rc-client -N null -R local  -L casa-wind-full -T 2023-09-08T07:29:05+00:00 /home/poseidon/pegasus-5.1.0panorama/bin/pegasus-rc-client --prefix pegasus.catalog.replica.output --conf /mnt/poseidon-data/poseidon/workflows/casa-wind-workflow-full/submit/poseidon/pegasus/casa-wind-full/run0407/pegasus.7774438305148577579.properties -v --meta /mnt/poseidon-data/poseidon/workflows/casa-wind-workflow-full/submit/poseidon/pegasus/casa-wind-full/run0407/00/02/post_vel_ID0000073.meta,/mnt/poseidon-data/poseidon/workflows/casa-wind-workflow-full/submit/poseidon/pegasus/casa-wind-full/run0407/00/02/mvt_ID0000039.meta,/mnt/poseidon-data/poseidon/workflows/casa-wind-workflow-full/submit/poseidon/pegasus/casa-wind-full/run0407/00/01/mvt_ID0000099.meta,/mnt/poseidon-data/poseidon/workflows/casa-wind-workflow-full/submit/poseidon/pegasus/casa-wind-full/run0407/00/01/post_vel_ID0000008.meta,/mnt/poseidon-data/poseidon/workflows/casa-wind-workflow-full/submit/poseidon/pegasus/casa-wind-full/run0407/00/02/mvt_ID0000049.meta,/mnt/poseidon-data/poseidon/workflows/casa-wind-workflow-full/submit/poseidon/pegasus/casa-wind-full/run0407/00/01/mvt_ID0000019.meta,/mnt/poseidon-data/poseidon/workflows/casa-wind-workflow-full/submit/poseidon/pegasus/casa-wind-full/run0407/00/02/mvt_ID0000104.meta,/mnt/poseidon-data/poseidon/workflows/casa-wind-workflow-full/submit/poseidon/pegasus/casa-wind-full/run0407/00/01/post_vel_ID0000083.meta,/mnt/poseidon-data/poseidon/workflows/casa-wind-workflow-full/submit/poseidon/pegasus/casa-wind-full/run0407/00/01/post_vel_ID0000088.meta --insert /mnt/poseidon-data/poseidon/workflows/casa-wind-workflow-full/submit/poseidon/pegasus/casa-wind-full/run0407/00/02/register_condorpool_2_2.in",2.7,0,0,,,,,,,,,
register_condorpool_2_1,None,auxiliary,0,1694474235.0,,,1694474261.0,,,0.0,1694474262.0,1694474266.0,,,0.0,1694474266.0,1694474271.0,26.0,,1.0,4.0,5.0,,,,,poseidon,local,poseidon-submit,pegasus::rc-client,/mnt/poseidon-data/poseidon/pegasus-5.1.0panorama/bin/pegasus-rc-client,"-n pegasus::rc-client -N null -R local  -L casa-wind-full -T 2023-09-08T07:29:05+00:00 /home/poseidon/pegasus-5.1.0panorama/bin/pegasus-rc-client --prefix pegasus.catalog.replica.output --conf /mnt/poseidon-data/poseidon/workflows/casa-wind-workflow-full/submit/poseidon/pegasus/casa-wind-full/run0407/pegasus.7774438305148577579.properties -v --meta /mnt/poseidon-data/poseidon/workflows/casa-wind-workflow-full/submit/poseidon/pegasus/casa-wind-full/run0407/00/01/post_vel_ID0000028.meta,/mnt/poseidon-data/poseidon/workflows/casa-wind-workflow-full/submit/poseidon/pegasus/casa-wind-full/run0407/00/02/post_vel_ID0000043.meta,/mnt/poseidon-data/poseidon/workflows/casa-wind-workflow-full/submit/poseidon/pegasus/casa-wind-full/run0407/00/01/post_vel_ID0000128.meta,/mnt/poseidon-data/poseidon/workflows/casa-wind-workflow-full/submit/poseidon/pegasus/casa-wind-full/run0407/00/01/mvt_ID0000094.meta,/mnt/poseidon-data/poseidon/workflows/casa-wind-workflow-full/submit/poseidon/pegasus/casa-wind-full/run0407/00/01/mvt_ID0000069.meta,/mnt/poseidon-data/poseidon/workflows/casa-wind-workflow-full/submit/poseidon/pegasus/casa-wind-full/run0407/00/02/mvt_ID0000059.meta,/mnt/poseidon-data/poseidon/workflows/casa-wind-workflow-full/submit/poseidon/pegasus/casa-wind-full/run0407/00/01/mvt_ID0000124.meta,/mnt/poseidon-data/poseidon/workflows/casa-wind-workflow-full/submit/poseidon/pegasus/casa-wind-full/run0407/00/01/mvt_ID0000024.meta,/mnt/poseidon-data/poseidon/workflows/casa-wind-workflow-full/submit/poseidon/pegasus/casa-wind-full/run0407/00/02/mvt_ID0000079.meta --insert /mnt/poseidon-data/poseidon/workflows/casa-wind-workflow-full/submit/poseidon/pegasus/casa-wind-full/run0407/00/02/register_condorpool_2_1.in",2.6,0,0,,,,,,,,,
register_condorpool_2_4,None,auxiliary,0,1694474235.0,,,1694474241.0,,,0.0,1694474241.0,1694474246.0,,,0.0,1694474246.0,1694474251.0,6.0,,0.0,5.0,5.0,,,,,poseidon,local,poseidon-submit,pegasus::rc-client,/mnt/poseidon-data/poseidon/pegasus-5.1.0panorama/bin/pegasus-rc-client,"-n pegasus::rc-client -N null -R local  -L casa-wind-full -T 2023-09-08T07:29:05+00:00 /home/poseidon/pegasus-5.1.0panorama/bin/pegasus-rc-client --prefix pegasus.catalog.replica.output --conf /mnt/poseidon-data/poseidon/workflows/casa-wind-workflow-full/submit/poseidon/pegasus/casa-wind-full/run0407/pegasus.7774438305148577579.properties -v --meta /mnt/poseidon-data/poseidon/workflows/casa-wind-workflow-full/submit/poseidon/pegasus/casa-wind-full/run0407/00/02/post_vel_ID0000108.meta,/mnt/poseidon-data/poseidon/workflows/casa-wind-workflow-full/submit/poseidon/pegasus/casa-wind-full/run0407/00/01/post_vel_ID0000063.meta,/mnt/poseidon-data/poseidon/workflows/casa-wind-workflow-full/submit/poseidon/pegasus/casa-wind-full/run0407/00/01/post_vel_ID0000013.meta,/mnt/poseidon-data/poseidon/workflows/casa-wind-workflow-full/submit/poseidon/pegasus/casa-wind-full/run0407/00/02/mvt_ID0000054.meta,/mnt/poseidon-data/poseidon/workflows/casa-wind-workflow-full/submit/poseidon/pegasus/casa-wind-full/run0407/00/01/post_vel_ID0000033.meta,/mnt/poseidon-data/poseidon/workflows/casa-wind-workflow-full/submit/poseidon/pegasus/casa-wind-full/run0407/00/02/post_vel_ID0000113.meta,/mnt/poseidon-data/poseidon/workflows/casa-wind-workflow-full/submit/poseidon/pegasus/casa-wind-full/run0407/00/01/post_vel_ID0000003.meta,/mnt/poseidon-data/poseidon/workflows/casa-wind-workflow-full/submit/poseidon/pegasus/casa-wind-full/run0407/00/01/post_vel_ID0000118.meta --insert /mnt/poseidon-data/poseidon/workflows/casa-wind-workflow-full/submit/poseidon/pegasus/casa-wind-full/run0407/00/02/register_condorpool_2_4.in",2.6,0,0,,,,,,,,,
register_condorpool_2_3,None,auxiliary,0,1694474241.0,,,1694474251.0,,,0.0,1694474252.0,1694474256.0,,,0.0,1694474256.0,1694474261.0,10.0,,1.0,4.0,5.0,,,,,poseidon,local,poseidon-submit,pegasus::rc-client,/mnt/poseidon-data/poseidon/pegasus-5.1.0panorama/bin/pegasus-rc-client,"-n pegasus::rc-client -N null -R local  -L casa-wind-full -T 2023-09-08T07:29:05+00:00 /home/poseidon/pegasus-5.1.0panorama/bin/pegasus-rc-client --prefix pegasus.catalog.replica.output --conf /mnt/poseidon-data/poseidon/workflows/casa-wind-workflow-full/submit/poseidon/pegasus/casa-wind-full/run0407/pegasus.7774438305148577579.properties -v --meta /mnt/poseidon-data/poseidon/workflows/casa-wind-workflow-full/submit/poseidon/pegasus/casa-wind-full/run0407/00/01/mvt_ID0000084.meta,/mnt/poseidon-data/poseidon/workflows/casa-wind-workflow-full/submit/poseidon/pegasus/casa-wind-full/run0407/00/02/post_vel_ID0000103.meta,/mnt/poseidon-data/poseidon/workflows/casa-wind-workflow-full/submit/poseidon/pegasus/casa-wind-full/run0407/00/01/post_vel_ID0000098.meta,/mnt/poseidon-data/poseidon/workflows/casa-wind-workflow-full/submit/poseidon/pegasus/casa-wind-full/run0407/00/02/post_vel_ID0000048.meta,/mnt/poseidon-data/poseidon/workflows/casa-wind-workflow-full/submit/poseidon/pegasus/casa-wind-full/run0407/00/01/mvt_ID0000009.meta,/mnt/poseidon-data/poseidon/workflows/casa-wind-workflow-full/submit/poseidon/pegasus/casa-wind-full/run0407/00/01/post_vel_ID0000018.meta,/mnt/poseidon-data/poseidon/workflows/casa-wind-workflow-full/submit/poseidon/pegasus/casa-wind-full/run0407/00/01/mvt_ID0000089.meta,/mnt/poseidon-data/poseidon/workflows/casa-wind-workflow-full/submit/poseidon/pegasus/casa-wind-full/run0407/00/02/mvt_ID0000074.meta,/mnt/poseidon-data/poseidon/workflows/casa-wind-workflow-full/submit/poseidon/pegasus/casa-wind-full/run0407/00/02/post_vel_ID0000038.meta --insert /mnt/poseidon-data/poseidon/workflows/casa-wind-workflow-full/submit/poseidon/pegasus/casa-wind-full/run0407/00/02/register_condorpool_2_3.in",2.6,0,0,,,,,,,,,
point_alert_ID0000120,None,compute,0,1694474241.0,,,1694474246.0,1694474248.0,1694474260.0,28452623.8,1694474247.0,1694474276.0,1694474265.0,1694474268.0,7127.0,1694474276.0,1694474281.0,5.0,,1.0,29.0,5.0,12.0,176673508.0,3.0,21998.0,poseidon,condorpool,poseidon-worker-1-container-0-3,point_alert,/opt/pointAlert/pointAlert,,0.0,0,0,,,,,,,,,
point_alert_ID0000065,None,compute,0,1694474241.0,,,1694474246.0,1694474248.0,1694474259.0,29855396.0,1694474247.0,1694474276.0,1694474264.0,1694474268.0,6624.0,1694474276.0,1694474281.0,5.0,,1.0,29.0,5.0,11.0,176639131.0,4.0,20238.0,poseidon,condorpool,poseidon-worker-1-container-20-23,point_alert,/opt/pointAlert/pointAlert,,0.0,0,0,,,,,,,,,
register_condorpool_2_0,None,auxiliary,0,1694474246.0,,,1694474281.0,,,0.0,1694474282.0,1694474286.0,,,0.0,1694474286.0,1694474291.0,35.0,,1.0,4.0,5.0,,,,,poseidon,local,poseidon-submit,pegasus::rc-client,/mnt/poseidon-data/poseidon/pegasus-5.1.0panorama/bin/pegasus-rc-client,"-n pegasus::rc-client -N null -R local  -L casa-wind-full -T 2023-09-08T07:29:05+00:00 /home/poseidon/pegasus-5.1.0panorama/bin/pegasus-rc-client --prefix pegasus.catalog.replica.output --conf /mnt/poseidon-data/poseidon/workflows/casa-wind-workflow-full/submit/poseidon/pegasus/casa-wind-full/run0407/pegasus.7774438305148577579.properties -v --meta /mnt/poseidon-data/poseidon/workflows/casa-wind-workflow-full/submit/poseidon/pegasus/casa-wind-full/run0407/00/01/post_vel_ID0000023.meta,/mnt/poseidon-data/poseidon/workflows/casa-wind-workflow-full/submit/poseidon/pegasus/casa-wind-full/run0407/00/01/post_vel_ID0000093.meta,/mnt/poseidon-data/poseidon/workflows/casa-wind-workflow-full/submit/poseidon/pegasus/casa-wind-full/run0407/00/01/mvt_ID0000129.meta,/mnt/poseidon-data/poseidon/workflows/casa-wind-workflow-full/submit/poseidon/pegasus/casa-wind-full/run0407/00/02/mvt_ID0000044.meta,/mnt/poseidon-data/poseidon/workflows/casa-wind-workflow-full/submit/poseidon/pegasus/casa-wind-full/run0407/00/02/post_vel_ID0000058.meta,/mnt/poseidon-data/poseidon/workflows/casa-wind-workflow-full/submit/poseidon/pegasus/casa-wind-full/run0407/00/01/post_vel_ID0000068.meta,/mnt/poseidon-data/poseidon/workflows/casa-wind-workflow-full/submit/poseidon/pegasus/casa-wind-full/run0407/00/01/post_vel_ID0000123.meta,/mnt/poseidon-data/poseidon/workflows/casa-wind-workflow-full/submit/poseidon/pegasus/casa-wind-full/run0407/00/02/post_vel_ID0000078.meta,/mnt/poseidon-data/poseidon/workflows/casa-wind-workflow-full/submit/poseidon/pegasus/casa-wind-full/run0407/00/01/mvt_ID0000029.meta --insert /mnt/poseidon-data/poseidon/workflows/casa-wind-workflow-full/submit/poseidon/pegasus/casa-wind-full/run0407/00/02/register_condorpool_2_0.in",2.7,0,0,,,,,,,,,
stage_out_local_condorpool_3_1,None,transfer,0,1694474266.0,,,1694474271.0,,,0.0,1694474271.0,1694474276.0,,,0.0,1694474276.0,1694474281.0,5.0,,0.0,5.0,5.0,,,,,poseidon,local,poseidon-submit,pegasus::transfer,/mnt/poseidon-data/poseidon/pegasus-5.1.0panorama/bin/pegasus-transfer,/home/poseidon/pegasus-5.1.0panorama/bin/../bin/pegasus-kickstart  -n pegasus::transfer -N null -i - -R local  -L casa-wind-full -T 2023-09-08T07:29:05+00:00 /home/poseidon/pegasus-5.1.0panorama/bin/../bin/pegasus-transfer  --threads 2,0.9,0,0,,,,,,,,,
stage_out_local_condorpool_3_0,None,transfer,0,1694474271.0,,,1694474276.0,,,0.0,1694474276.0,1694474281.0,,,0.0,1694474281.0,1694474286.0,5.0,,0.0,5.0,5.0,,,,,poseidon,local,poseidon-submit,pegasus::transfer,/mnt/poseidon-data/poseidon/pegasus-5.1.0panorama/bin/pegasus-transfer,/home/poseidon/pegasus-5.1.0panorama/bin/../bin/pegasus-kickstart  -n pegasus::transfer -N null -i - -R local  -L casa-wind-full -T 2023-09-08T07:29:05+00:00 /home/poseidon/pegasus-5.1.0panorama/bin/../bin/pegasus-transfer  --threads 2,0.9,0,0,,,,,,,,,
stage_out_local_condorpool_2_5,None,transfer,0,1694474281.0,,,1694474286.0,,,0.0,1694474287.0,1694474296.0,,,0.0,1694474296.0,1694474301.0,5.0,,1.0,9.0,5.0,,,,,poseidon,local,poseidon-submit,pegasus::transfer,/mnt/poseidon-data/poseidon/pegasus-5.1.0panorama/bin/pegasus-transfer,/home/poseidon/pegasus-5.1.0panorama/bin/../bin/pegasus-kickstart  -n pegasus::transfer -N null -i - -R local  -L casa-wind-full -T 2023-09-08T07:29:05+00:00 /home/poseidon/pegasus-5.1.0panorama/bin/../bin/pegasus-transfer  --threads 2,0.8,0,0,,,,,,,,,
point_alert_ID0000005,None,compute,0,1694474281.0,,,1694474286.0,1694474289.0,1694474300.0,29577870.0,1694474288.0,1694474316.0,1694474305.0,1694474308.0,6526.0,1694474316.0,1694474321.0,5.0,,2.0,28.0,5.0,11.0,176636764.0,3.0,20398.0,poseidon,condorpool,poseidon-worker-1-container-0-3,point_alert,/opt/pointAlert/pointAlert,,0.0,0,0,,,,,,,,,
point_alert_ID0000110,None,compute,0,1694474281.0,,,1694474286.0,1694474289.0,1694474300.0,29903941.5,1694474288.0,1694474316.0,1694474305.0,1694474308.0,6664.0,1694474316.0,1694474321.0,5.0,,2.0,28.0,5.0,11.0,176667937.0,3.0,21038.0,poseidon,condorpool,poseidon-worker-1-container-20-23,point_alert,/opt/pointAlert/pointAlert,,0.0,0,0,,,,,,,,,
register_condorpool_3_1,None,auxiliary,0,1694474281.0,,,1694474291.0,,,0.0,1694474292.0,1694474296.0,,,0.0,1694474296.0,1694474301.0,10.0,,1.0,4.0,5.0,,,,,poseidon,local,poseidon-submit,pegasus::rc-client,/mnt/poseidon-data/poseidon/pegasus-5.1.0panorama/bin/pegasus-rc-client,"-n pegasus::rc-client -N null -R local  -L casa-wind-full -T 2023-09-08T07:29:05+00:00 /home/poseidon/pegasus-5.1.0panorama/bin/pegasus-rc-client --prefix pegasus.catalog.replica.output --conf /mnt/poseidon-data/poseidon/workflows/casa-wind-workflow-full/submit/poseidon/pegasus/casa-wind-full/run0407/pegasus.7774438305148577579.properties -v --meta /mnt/poseidon-data/poseidon/workflows/casa-wind-workflow-full/submit/poseidon/pegasus/casa-wind-full/run0407/00/02/point_alert_ID0000010.meta,/mnt/poseidon-data/poseidon/workflows/casa-wind-workflow-full/submit/poseidon/pegasus/casa-wind-full/run0407/00/02/point_alert_ID0000090.meta,/mnt/poseidon-data/poseidon/workflows/casa-wind-workflow-full/submit/poseidon/pegasus/casa-wind-full/run0407/00/02/point_alert_ID0000085.meta,/mnt/poseidon-data/poseidon/workflows/casa-wind-workflow-full/submit/poseidon/pegasus/casa-wind-full/run0407/00/02/point_alert_ID0000075.meta,/mnt/poseidon-data/poseidon/workflows/casa-wind-workflow-full/submit/poseidon/pegasus/casa-wind-full/run0407/00/02/point_alert_ID0000100.meta,/mnt/poseidon-data/poseidon/workflows/casa-wind-workflow-full/submit/poseidon/pegasus/casa-wind-full/run0407/00/03/point_alert_ID0000040.meta,/mnt/poseidon-data/poseidon/workflows/casa-wind-workflow-full/submit/poseidon/pegasus/casa-wind-full/run0407/00/02/point_alert_ID0000020.meta,/mnt/poseidon-data/poseidon/workflows/casa-wind-workflow-full/submit/poseidon/pegasus/casa-wind-full/run0407/00/03/point_alert_ID0000050.meta,/mnt/poseidon-data/poseidon/workflows/casa-wind-workflow-full/submit/poseidon/pegasus/casa-wind-full/run0407/00/03/point_alert_ID0000105.meta --insert /mnt/poseidon-data/poseidon/workflows/casa-wind-workflow-full/submit/poseidon/pegasus/casa-wind-full/run0407/00/03/register_condorpool_3_1.in",2.6,0,0,,,,,,,,,
register_condorpool_3_0,None,auxiliary,0,1694474286.0,,,1694474301.0,,,0.0,1694474301.0,1694474306.0,,,0.0,1694474306.0,1694474311.0,15.0,,0.0,5.0,5.0,,,,,poseidon,local,poseidon-submit,pegasus::rc-client,/mnt/poseidon-data/poseidon/pegasus-5.1.0panorama/bin/pegasus-rc-client,"-n pegasus::rc-client -N null -R local  -L casa-wind-full -T 2023-09-08T07:29:05+00:00 /home/poseidon/pegasus-5.1.0panorama/bin/pegasus-rc-client --prefix pegasus.catalog.replica.output --conf /mnt/poseidon-data/poseidon/workflows/casa-wind-workflow-full/submit/poseidon/pegasus/casa-wind-full/run0407/pegasus.7774438305148577579.properties -v --meta /mnt/poseidon-data/poseidon/workflows/casa-wind-workflow-full/submit/poseidon/pegasus/casa-wind-full/run0407/00/02/point_alert_ID0000125.meta,/mnt/poseidon-data/poseidon/workflows/casa-wind-workflow-full/submit/poseidon/pegasus/casa-wind-full/run0407/00/02/point_alert_ID0000095.meta,/mnt/poseidon-data/poseidon/workflows/casa-wind-workflow-full/submit/poseidon/pegasus/casa-wind-full/run0407/00/03/point_alert_ID0000060.meta,/mnt/poseidon-data/poseidon/workflows/casa-wind-workflow-full/submit/poseidon/pegasus/casa-wind-full/run0407/00/02/point_alert_ID0000030.meta,/mnt/poseidon-data/poseidon/workflows/casa-wind-workflow-full/submit/poseidon/pegasus/casa-wind-full/run0407/00/02/point_alert_ID0000025.meta,/mnt/poseidon-data/poseidon/workflows/casa-wind-workflow-full/submit/poseidon/pegasus/casa-wind-full/run0407/00/03/point_alert_ID0000045.meta,/mnt/poseidon-data/poseidon/workflows/casa-wind-workflow-full/submit/poseidon/pegasus/casa-wind-full/run0407/00/02/point_alert_ID0000130.meta,/mnt/poseidon-data/poseidon/workflows/casa-wind-workflow-full/submit/poseidon/pegasus/casa-wind-full/run0407/00/02/point_alert_ID0000070.meta,/mnt/poseidon-data/poseidon/workflows/casa-wind-workflow-full/submit/poseidon/pegasus/casa-wind-full/run0407/00/02/point_alert_ID0000080.meta --insert /mnt/poseidon-data/poseidon/workflows/casa-wind-workflow-full/submit/poseidon/pegasus/casa-wind-full/run0407/00/03/register_condorpool_3_0.in",2.7,0,0,,,,,,,,,
register_condorpool_2_5,None,auxiliary,0,1694474301.0,,,1694474311.0,,,0.0,1694474312.0,1694474316.0,,,0.0,1694474316.0,1694474321.0,10.0,,1.0,4.0,5.0,,,,,poseidon,local,poseidon-submit,pegasus::rc-client,/mnt/poseidon-data/poseidon/pegasus-5.1.0panorama/bin/pegasus-rc-client,"-n pegasus::rc-client -N null -R local  -L casa-wind-full -T 2023-09-08T07:29:05+00:00 /home/poseidon/pegasus-5.1.0panorama/bin/pegasus-rc-client --prefix pegasus.catalog.replica.output --conf /mnt/poseidon-data/poseidon/workflows/casa-wind-workflow-full/submit/poseidon/pegasus/casa-wind-full/run0407/pegasus.7774438305148577579.properties -v --meta /mnt/poseidon-data/poseidon/workflows/casa-wind-workflow-full/submit/poseidon/pegasus/casa-wind-full/run0407/00/01/mvt_ID0000004.meta,/mnt/poseidon-data/poseidon/workflows/casa-wind-workflow-full/submit/poseidon/pegasus/casa-wind-full/run0407/00/01/mvt_ID0000119.meta,/mnt/poseidon-data/poseidon/workflows/casa-wind-workflow-full/submit/poseidon/pegasus/casa-wind-full/run0407/00/02/post_vel_ID0000053.meta,/mnt/poseidon-data/poseidon/workflows/casa-wind-workflow-full/submit/poseidon/pegasus/casa-wind-full/run0407/00/02/mvt_ID0000114.meta,/mnt/poseidon-data/poseidon/workflows/casa-wind-workflow-full/submit/poseidon/pegasus/casa-wind-full/run0407/00/01/mvt_ID0000034.meta,/mnt/poseidon-data/poseidon/workflows/casa-wind-workflow-full/submit/poseidon/pegasus/casa-wind-full/run0407/00/01/mvt_ID0000014.meta,/mnt/poseidon-data/poseidon/workflows/casa-wind-workflow-full/submit/poseidon/pegasus/casa-wind-full/run0407/00/02/mvt_ID0000109.meta,/mnt/poseidon-data/poseidon/workflows/casa-wind-workflow-full/submit/poseidon/pegasus/casa-wind-full/run0407/00/01/mvt_ID0000064.meta --insert /mnt/poseidon-data/poseidon/workflows/casa-wind-workflow-full/submit/poseidon/pegasus/casa-wind-full/run0407/00/02/register_condorpool_2_5.in",2.7,0,0,,,,,,,,,
stage_out_local_condorpool_3_2,None,transfer,0,1694474321.0,,,1694474326.0,,,0.0,1694474327.0,1694474331.0,,,0.0,1694474331.0,1694474336.0,5.0,,1.0,4.0,5.0,,,,,poseidon,local,poseidon-submit,pegasus::transfer,/mnt/poseidon-data/poseidon/pegasus-5.1.0panorama/bin/pegasus-transfer,/home/poseidon/pegasus-5.1.0panorama/bin/../bin/pegasus-kickstart  -n pegasus::transfer -N null -i - -R local  -L casa-wind-full -T 2023-09-08T07:29:05+00:00 /home/poseidon/pegasus-5.1.0panorama/bin/../bin/pegasus-transfer  --threads 2,0.8,0,0,,,,,,,,,
cleanup_casa-wind-full_0_condorpool,None,auxiliary,0,1694474336.0,,,1694474341.0,,,0.0,1694474342.0,1694474346.0,,,0.0,1694474346.0,1694474351.0,5.0,,1.0,4.0,5.0,,,,,poseidon,local,poseidon-submit,pegasus::cleanup,/mnt/poseidon-data/poseidon/pegasus-5.1.0panorama/bin/pegasus-transfer,pegasus-kickstart  -n pegasus::cleanup -N null -i - -R local  -L casa-wind-full -T 2023-09-08T07:29:05+00:00 pegasus-transfer,0.2,0,0,,,,,,,,,
register_condorpool_3_2,None,auxiliary,0,1694474336.0,,,1694474341.0,,,0.0,1694474342.0,1694474346.0,,,0.0,1694474346.0,1694474351.0,5.0,,1.0,4.0,5.0,,,,,poseidon,local,poseidon-submit,pegasus::rc-client,/mnt/poseidon-data/poseidon/pegasus-5.1.0panorama/bin/pegasus-rc-client,"-n pegasus::rc-client -N null -R local  -L casa-wind-full -T 2023-09-08T07:29:05+00:00 /home/poseidon/pegasus-5.1.0panorama/bin/pegasus-rc-client --prefix pegasus.catalog.replica.output --conf /mnt/poseidon-data/poseidon/workflows/casa-wind-workflow-full/submit/poseidon/pegasus/casa-wind-full/run0407/pegasus.7774438305148577579.properties -v --meta /mnt/poseidon-data/poseidon/workflows/casa-wind-workflow-full/submit/poseidon/pegasus/casa-wind-full/run0407/00/03/point_alert_ID0000110.meta,/mnt/poseidon-data/poseidon/workflows/casa-wind-workflow-full/submit/poseidon/pegasus/casa-wind-full/run0407/00/03/point_alert_ID0000055.meta,/mnt/poseidon-data/poseidon/workflows/casa-wind-workflow-full/submit/poseidon/pegasus/casa-wind-full/run0407/00/02/point_alert_ID0000115.meta,/mnt/poseidon-data/poseidon/workflows/casa-wind-workflow-full/submit/poseidon/pegasus/casa-wind-full/run0407/00/02/point_alert_ID0000120.meta,/mnt/poseidon-data/poseidon/workflows/casa-wind-workflow-full/submit/poseidon/pegasus/casa-wind-full/run0407/00/02/point_alert_ID0000035.meta,/mnt/poseidon-data/poseidon/workflows/casa-wind-workflow-full/submit/poseidon/pegasus/casa-wind-full/run0407/00/02/point_alert_ID0000015.meta,/mnt/poseidon-data/poseidon/workflows/casa-wind-workflow-full/submit/poseidon/pegasus/casa-wind-full/run0407/00/02/point_alert_ID0000065.meta,/mnt/poseidon-data/poseidon/workflows/casa-wind-workflow-full/submit/poseidon/pegasus/casa-wind-full/run0407/00/02/point_alert_ID0000005.meta --insert /mnt/poseidon-data/poseidon/workflows/casa-wind-workflow-full/submit/poseidon/pegasus/casa-wind-full/run0407/00/03/register_condorpool_3_2.in",2.6,0,0,,,,,,,,,
