,anomaly_type,type,is_clustered,ready,pre_script_start,pre_script_end,submit,stage_in_start,stage_in_end,stage_in_effective_bytes_per_sec,execute_start,execute_end,stage_out_start,stage_out_end,stage_out_effective_bytes_per_sec,post_script_start,post_script_end,wms_delay,pre_script_delay,queue_delay,runtime,post_script_delay,stage_in_delay,stage_in_bytes,stage_out_delay,stage_out_bytes,kickstart_user,kickstart_site,kickstart_hostname,kickstart_transformations,kickstart_executables,kickstart_executables_argv,kickstart_executables_cpu_time,kickstart_status,kickstart_executables_exitcode,kickstart_online_iowait,kickstart_online_bytes_read,kickstart_online_bytes_written,kickstart_online_read_system_calls,kickstart_online_write_system_calls,kickstart_online_utime,kickstart_online_stime,kickstart_online_bytes_read_per_second,kickstart_online_bytes_written_per_second
create_dir_casa-wind-full_0_condorpool,None,auxiliary,0,1694440522.0,,,1694440523.0,,,0.0,1694440526.0,1694440533.0,,,0.0,1694440533.0,1694440538.0,1.0,,3.0,7.0,5.0,,,,,poseidon,local,poseidon-submit,pegasus::dirmanager,/mnt/poseidon-data/poseidon/pegasus-5.1.0panorama/bin/pegasus-transfer,pegasus-kickstart  -n pegasus::dirmanager -N null -i - -R local  -L casa-wind-full -T 2023-09-08T07:29:05+00:00 pegasus-transfer,0.2,0,0,,,,,,,,,
unzip_ID0000006,cpu_2,compute,0,1694440538.0,,,1694440543.0,1694440569.0,1694440578.0,25059796.0,1694440567.0,1694440613.0,1694440592.0,1694440605.0,39017162.0,1694440613.0,1694440618.0,5.0,,24.0,46.0,5.0,9.0,222753803.0,13.0,501616588.0,poseidon,condorpool,poseidon-worker-1-container-16-19,unzip,/usr/bin/gunzip,,3.8,0,0,,,,,,,,,
unzip_ID0000106,cpu_2,compute,0,1694440538.0,,,1694440543.0,1694440569.0,1694440578.0,27363699.0,1694440567.0,1694440613.0,1694440591.0,1694440605.0,36072658.0,1694440613.0,1694440618.0,5.0,,24.0,46.0,5.0,9.0,241199298.0,14.0,501821816.0,poseidon,condorpool,poseidon-worker-2-container-20-23,unzip,/usr/bin/gunzip,,4.0,0,0,,,,,,,,,
unzip_ID0000046,None,compute,0,1694440538.0,,,1694440543.0,1694440566.0,1694440574.0,25572973.0,1694440564.0,1694440608.0,1694440588.0,1694440601.0,38275504.0,1694440608.0,1694440613.0,5.0,,21.0,44.0,5.0,8.0,229692821.0,13.0,523855228.0,poseidon,condorpool,poseidon-worker-2-container-4-7,unzip,/usr/bin/gunzip,,4.0,0,0,,,,,,,,,
unzip_ID0000101,cpu_2,compute,0,1694440538.0,,,1694440543.0,1694440565.0,1694440575.0,25244367.0,1694440564.0,1694440613.0,1694440590.0,1694440605.0,37047271.0,1694440613.0,1694440618.0,5.0,,21.0,49.0,5.0,10.0,250988249.0,15.0,561551644.0,poseidon,condorpool,poseidon-worker-1-container-4-7,unzip,/usr/bin/gunzip,,4.4,0,0,,,,,,,,,
unzip_ID0000126,None,compute,0,1694440538.0,,,1694440543.0,1694440565.0,1694440574.0,27438795.0,1694440563.0,1694440608.0,1694440588.0,1694440601.0,38035476.0,1694440608.0,1694440613.0,5.0,,20.0,45.0,5.0,9.0,249343892.0,13.0,520618424.0,poseidon,condorpool,poseidon-worker-1-container-0-3,unzip,/usr/bin/gunzip,,4.2,0,0,,,,,,,,,
unzip_ID0000031,None,compute,0,1694440538.0,,,1694440543.0,1694440565.0,1694440574.0,25275227.0,1694440563.0,1694440608.0,1694440587.0,1694440602.0,35818318.0,1694440608.0,1694440613.0,5.0,,20.0,45.0,5.0,9.0,237517035.0,15.0,539438752.0,poseidon,condorpool,poseidon-worker-2-container-8-11,unzip,/usr/bin/gunzip,,4.1,0,0,,,,,,,,,
unzip_ID0000076,cpu_2,compute,0,1694440538.0,,,1694440543.0,1694440565.0,1694440573.0,28245827.0,1694440563.0,1694440603.0,1694440585.0,1694440595.0,51747615.0,1694440603.0,1694440608.0,5.0,,20.0,40.0,5.0,8.0,233747923.0,10.0,523942844.0,poseidon,condorpool,poseidon-worker-2-container-16-19,unzip,/usr/bin/gunzip,,4.1,0,0,,,,,,,,,
unzip_ID0000011,None,compute,0,1694440538.0,,,1694440543.0,1694440565.0,1694440573.0,28927512.0,1694440563.0,1694440613.0,1694440586.0,1694440604.0,31966506.0,1694440613.0,1694440618.0,5.0,,20.0,50.0,5.0,8.0,235998389.0,18.0,565205920.0,poseidon,condorpool,poseidon-worker-2-container-0-3,unzip,/usr/bin/gunzip,,4.2,0,0,,,,,,,,,
unzip_ID0000056,cpu_2,compute,0,1694440538.0,,,1694440543.0,1694440565.0,1694440572.0,30956356.0,1694440563.0,1694440603.0,1694440585.0,1694440595.0,54819423.0,1694440603.0,1694440608.0,5.0,,20.0,40.0,5.0,7.0,232139969.0,10.0,528026776.0,poseidon,condorpool,poseidon-worker-2-container-12-15,unzip,/usr/bin/gunzip,,4.1,0,0,,,,,,,,,
unzip_ID0000111,None,compute,0,1694440538.0,,,1694440543.0,1694440565.0,1694440571.0,36806694.0,1694440563.0,1694440603.0,1694440585.0,1694440598.0,43665042.0,1694440603.0,1694440608.0,5.0,,20.0,40.0,5.0,6.0,256320311.0,13.0,567950764.0,poseidon,condorpool,poseidon-worker-2-container-32-35,unzip,/usr/bin/gunzip,,4.4,0,0,,,,,,,,,
unzip_ID0000071,cpu_2,compute,0,1694440538.0,,,1694440543.0,1694440565.0,1694440572.0,34687442.0,1694440563.0,1694440603.0,1694440584.0,1694440594.0,57410419.0,1694440603.0,1694440608.0,5.0,,20.0,40.0,5.0,7.0,240896692.0,10.0,539506600.0,poseidon,condorpool,poseidon-worker-2-container-24-27,unzip,/usr/bin/gunzip,,4.1,0,0,,,,,,,,,
unzip_ID0000051,cpu_2,compute,0,1694440538.0,,,1694440543.0,1694440565.0,1694440573.0,28761611.0,1694440563.0,1694440603.0,1694440586.0,1694440597.0,51169066.0,1694440603.0,1694440608.0,5.0,,20.0,40.0,5.0,8.0,239630266.0,11.0,544301296.0,poseidon,condorpool,poseidon-worker-1-container-8-11,unzip,/usr/bin/gunzip,,4.2,0,0,,,,,,,,,
unzip_ID0000026,cpu_2,compute,0,1694440538.0,,,1694440543.0,1694440566.0,1694440574.0,27205044.0,1694440564.0,1694440618.0,1694440588.0,1694440610.0,23562409.0,1694440618.0,1694440623.0,5.0,,21.0,54.0,5.0,8.0,227963832.0,22.0,523917888.0,poseidon,condorpool,poseidon-worker-1-container-24-27,unzip,/usr/bin/gunzip,,4.0,0,0,,,,,,,,,
unzip_ID0000091,cpu_2,compute,0,1694440538.0,,,1694440543.0,1694440565.0,1694440575.0,25582205.0,1694440563.0,1694440608.0,1694440588.0,1694440602.0,37667581.0,1694440608.0,1694440613.0,5.0,,20.0,45.0,5.0,10.0,246447087.0,14.0,539109992.0,poseidon,condorpool,poseidon-worker-2-container-28-31,unzip,/usr/bin/gunzip,,4.3,0,0,,,,,,,,,
unzip_ID0000116,cpu_2,compute,0,1694440538.0,,,1694440543.0,1694440565.0,1694440572.0,37895277.0,1694440563.0,1694440603.0,1694440584.0,1694440593.0,56166078.0,1694440603.0,1694440608.0,5.0,,20.0,40.0,5.0,7.0,249255741.0,9.0,520850676.0,poseidon,condorpool,poseidon-worker-1-container-32-35,unzip,/usr/bin/gunzip,,4.1,0,0,,,,,,,,,
unzip_ID0000036,None,compute,0,1694440538.0,,,1694440543.0,1694440565.0,1694440572.0,31372873.0,1694440563.0,1694440603.0,1694440585.0,1694440595.0,53026513.0,1694440603.0,1694440608.0,5.0,,20.0,40.0,5.0,7.0,232020704.0,10.0,526952240.0,poseidon,condorpool,poseidon-worker-1-container-12-15,unzip,/usr/bin/gunzip,,4.0,0,0,,,,,,,,,
unzip_ID0000016,cpu_2,compute,0,1694440538.0,,,1694440543.0,1694440565.0,1694440574.0,25016660.0,1694440563.0,1694440618.0,1694440588.0,1694440610.0,23022881.0,1694440618.0,1694440623.0,5.0,,20.0,55.0,5.0,9.0,225238888.0,22.0,523826084.0,poseidon,condorpool,poseidon-worker-1-container-16-19,unzip,/usr/bin/gunzip,,4.0,0,0,,,,,,,,,
unzip_ID0000086,None,compute,0,1694440538.0,,,1694440543.0,1694440564.0,1694440574.0,25253843.0,1694440563.0,1694440613.0,1694440587.0,1694440603.0,32128192.0,1694440613.0,1694440618.0,5.0,,20.0,50.0,5.0,10.0,234836668.0,16.0,518838800.0,poseidon,condorpool,poseidon-worker-1-container-20-23,unzip,/usr/bin/gunzip,,4.1,0,0,,,,,,,,,
unzip_ID0000021,None,compute,0,1694440538.0,,,1694440543.0,1694440565.0,1694440573.0,29139677.0,1694440563.0,1694440608.0,1694440586.0,1694440601.0,35253887.0,1694440608.0,1694440613.0,5.0,,20.0,45.0,5.0,8.0,235136662.0,15.0,539178100.0,poseidon,condorpool,poseidon-worker-1-container-40-43,unzip,/usr/bin/gunzip,,4.0,0,0,,,,,,,,,
unzip_ID0000066,cpu_2,compute,0,1694440538.0,,,1694440543.0,1694440565.0,1694440574.0,26017177.0,1694440563.0,1694440603.0,1694440586.0,1694440597.0,48188327.0,1694440603.0,1694440608.0,5.0,,20.0,40.0,5.0,9.0,232031705.0,11.0,523661496.0,poseidon,condorpool,poseidon-worker-1-container-36-39,unzip,/usr/bin/gunzip,,4.1,0,0,,,,,,,,,
unzip_ID0000121,cpu_2,compute,0,1694440538.0,,,1694440543.0,1694440565.0,1694440574.0,26092811.0,1694440563.0,1694440613.0,1694440589.0,1694440603.0,38205943.0,1694440613.0,1694440618.0,5.0,,20.0,50.0,5.0,9.0,250860096.0,14.0,550782944.0,poseidon,condorpool,poseidon-worker-1-container-28-31,unzip,/usr/bin/gunzip,,4.3,0,0,,,,,,,,,
unzip_ID0000096,None,compute,0,1694440538.0,,,1694440543.0,1694440565.0,1694440573.0,27635710.0,1694440563.0,1694440613.0,1694440586.0,1694440604.0,29913792.0,1694440613.0,1694440618.0,5.0,,20.0,50.0,5.0,8.0,240753402.0,18.0,524013876.0,poseidon,condorpool,poseidon-worker-2-container-36-39,unzip,/usr/bin/gunzip,,4.2,0,0,,,,,,,,,
unzip_ID0000001,cpu_2,compute,0,1694440538.0,,,1694440543.0,1694440565.0,1694440575.0,22994762.0,1694440563.0,1694440613.0,1694440589.0,1694440603.0,38702310.0,1694440613.0,1694440618.0,5.0,,20.0,50.0,5.0,10.0,232473216.0,14.0,561354992.0,poseidon,condorpool,poseidon-worker-2-container-44-47,unzip,/usr/bin/gunzip,,4.2,0,0,,,,,,,,,
unzip_ID0000061,cpu_2,compute,0,1694440538.0,,,1694440543.0,1694440565.0,1694440572.0,34940400.0,1694440563.0,1694440603.0,1694440584.0,1694440594.0,55554970.0,1694440603.0,1694440608.0,5.0,,20.0,40.0,5.0,7.0,240463185.0,10.0,541945820.0,poseidon,condorpool,poseidon-worker-1-container-44-47,unzip,/usr/bin/gunzip,,4.2,0,0,,,,,,,,,
unzip_ID0000041,cpu_2,compute,0,1694440538.0,,,1694440543.0,1694440565.0,1694440572.0,31116809.0,1694440563.0,1694440603.0,1694440585.0,1694440595.0,53416764.0,1694440603.0,1694440608.0,5.0,,20.0,40.0,5.0,7.0,238944758.0,10.0,540768928.0,poseidon,condorpool,poseidon-worker-2-container-40-43,unzip,/usr/bin/gunzip,,4.1,0,0,,,,,,,,,
unzip_ID0000081,cpu_2,compute,0,1694440538.0,,,1694440543.0,1694440565.0,1694440573.0,28755302.0,1694440563.0,1694440608.0,1694440586.0,1694440600.0,38794366.0,1694440608.0,1694440613.0,5.0,,20.0,45.0,5.0,8.0,245619741.0,14.0,543190672.0,poseidon,condorpool,poseidon-worker-2-container-20-23,unzip,/usr/bin/gunzip,,4.2,0,0,,,,,,,,,
um_vel_ID0000052,cpu_2,compute,0,1694440608.0,,,1694440613.0,1694440617.0,1694440636.0,51408185.1,1694440615.0,1694440658.0,1694440646.0,1694440649.0,174819.0,1694440658.0,1694440663.0,5.0,,2.0,43.0,5.0,19.0,720888048.0,3.0,556900.0,poseidon,condorpool,poseidon-worker-1-container-36-39,um_vel,/opt/UM_VEL/UM_VEL,,1.8,0,0,,,,,,,,,
um_vel_ID0000112,None,compute,0,1694440608.0,,,1694440613.0,1694440616.0,1694440638.0,48021149.4,1694440615.0,1694440658.0,1694440647.0,1694440650.0,173141.0,1694440658.0,1694440663.0,5.0,,2.0,43.0,5.0,22.0,744537516.0,3.0,556900.0,poseidon,condorpool,poseidon-worker-2-container-4-7,um_vel,/opt/UM_VEL/UM_VEL,,1.8,0,0,,,,,,,,,
um_vel_ID0000117,cpu_2,compute,0,1694440608.0,,,1694440613.0,1694440616.0,1694440637.0,47453018.3,1694440614.0,1694440658.0,1694440646.0,1694440649.0,176657.0,1694440658.0,1694440663.0,5.0,,1.0,44.0,5.0,21.0,697437428.0,3.0,556900.0,poseidon,condorpool,poseidon-worker-1-container-4-7,um_vel,/opt/UM_VEL/UM_VEL,,1.7,0,0,,,,,,,,,
um_vel_ID0000072,cpu_2,compute,0,1694440608.0,,,1694440613.0,1694440616.0,1694440636.0,49941802.2,1694440614.0,1694440658.0,1694440645.0,1694440648.0,176389.0,1694440658.0,1694440663.0,5.0,,1.0,44.0,5.0,20.0,716093352.0,3.0,556900.0,poseidon,condorpool,poseidon-worker-1-container-8-11,um_vel,/opt/UM_VEL/UM_VEL,,1.7,0,0,,,,,,,,,
um_vel_ID0000037,cpu_2,compute,0,1694440608.0,,,1694440613.0,1694440617.0,1694440636.0,51713065.2,1694440615.0,1694440653.0,1694440644.0,1694440648.0,167285.0,1694440653.0,1694440658.0,5.0,,2.0,38.0,5.0,19.0,703538992.0,4.0,556900.0,poseidon,condorpool,poseidon-worker-2-container-16-19,um_vel,/opt/UM_VEL/UM_VEL,,1.7,0,0,,,,,,,,,
um_vel_ID0000062,None,compute,0,1694440608.0,,,1694440613.0,1694440616.0,1694440635.0,53972298.0,1694440614.0,1694440653.0,1694440644.0,1694440647.0,175453.0,1694440653.0,1694440658.0,5.0,,1.0,39.0,5.0,19.0,718532572.0,3.0,556900.0,poseidon,condorpool,poseidon-worker-1-container-20-23,um_vel,/opt/UM_VEL/UM_VEL,,1.7,0,0,,,,,,,,,
um_vel_ID0000042,cpu_2,compute,0,1694440608.0,,,1694440613.0,1694440616.0,1694440637.0,46806236.0,1694440614.0,1694440658.0,1694440646.0,1694440649.0,172605.0,1694440658.0,1694440663.0,5.0,,1.0,44.0,5.0,21.0,717355680.0,3.0,556900.0,poseidon,condorpool,poseidon-worker-2-container-40-43,um_vel,/opt/UM_VEL/UM_VEL,,1.7,0,0,,,,,,,,,
um_vel_ID0000057,None,compute,0,1694440608.0,,,1694440613.0,1694440616.0,1694440637.0,47052034.4,1694440614.0,1694440658.0,1694440646.0,1694440649.0,176391.0,1694440658.0,1694440663.0,5.0,,1.0,44.0,5.0,21.0,704613528.0,3.0,556900.0,poseidon,condorpool,poseidon-worker-2-container-32-35,um_vel,/opt/UM_VEL/UM_VEL,,1.8,0,0,,,,,,,,,
um_vel_ID0000067,None,compute,0,1694440608.0,,,1694440613.0,1694440616.0,1694440635.0,54536878.5,1694440614.0,1694440653.0,1694440643.0,1694440647.0,171631.0,1694440653.0,1694440658.0,5.0,,1.0,39.0,5.0,19.0,700248248.0,4.0,556900.0,poseidon,condorpool,poseidon-worker-1-container-12-15,um_vel,/opt/UM_VEL/UM_VEL,,1.7,0,0,,,,,,,,,
um_vel_ID0000077,cpu_2,compute,0,1694440608.0,,,1694440613.0,1694440616.0,1694440636.0,51662675.0,1694440614.0,1694440658.0,1694440644.0,1694440647.0,176332.0,1694440658.0,1694440663.0,5.0,,1.0,44.0,5.0,20.0,700529596.0,3.0,556900.0,poseidon,condorpool,poseidon-worker-2-container-20-23,um_vel,/opt/UM_VEL/UM_VEL,,1.7,0,0,,,,,,,,,
um_vel_ID0000022,cpu_2,compute,0,1694440613.0,,,1694440618.0,1694440621.0,1694440646.0,37384105.3,1694440619.0,1694440668.0,1694440654.0,1694440657.0,176971.0,1694440668.0,1694440673.0,5.0,,1.0,49.0,5.0,25.0,715764852.0,3.0,556900.0,poseidon,condorpool,poseidon-worker-1-container-16-19,um_vel,/opt/UM_VEL/UM_VEL,,1.7,0,0,,,,,,,,,
um_vel_ID0000047,cpu_2,compute,0,1694440613.0,,,1694440618.0,1694440621.0,1694440641.0,48129090.6,1694440619.0,1694440658.0,1694440649.0,1694440652.0,176946.0,1694440658.0,1694440663.0,5.0,,1.0,39.0,5.0,20.0,700441980.0,3.0,556900.0,poseidon,condorpool,poseidon-worker-1-container-16-19,um_vel,/opt/UM_VEL/UM_VEL,,1.7,0,0,,,,,,,,,
um_vel_ID0000127,cpu_2,compute,0,1694440613.0,,,1694440618.0,1694440621.0,1694440641.0,46058556.3,1694440619.0,1694440663.0,1694440651.0,1694440654.0,177484.0,1694440663.0,1694440668.0,5.0,,1.0,44.0,5.0,20.0,697205176.0,3.0,556900.0,poseidon,condorpool,poseidon-worker-2-container-24-27,um_vel,/opt/UM_VEL/UM_VEL,,1.7,0,0,,,,,,,,,
um_vel_ID0000092,None,compute,0,1694440613.0,,,1694440618.0,1694440620.0,1694440641.0,48125333.4,1694440619.0,1694440663.0,1694440650.0,1694440653.0,177484.0,1694440663.0,1694440668.0,5.0,,1.0,44.0,5.0,21.0,715696744.0,3.0,556900.0,poseidon,condorpool,poseidon-worker-2-container-8-11,um_vel,/opt/UM_VEL/UM_VEL,,1.7,0,0,,,,,,,,,
um_vel_ID0000032,cpu_2,compute,0,1694440613.0,,,1694440618.0,1694440621.0,1694440640.0,51513538.4,1694440619.0,1694440658.0,1694440650.0,1694440653.0,177265.0,1694440658.0,1694440663.0,5.0,,1.0,39.0,5.0,19.0,716025504.0,3.0,556900.0,poseidon,condorpool,poseidon-worker-2-container-44-47,um_vel,/opt/UM_VEL/UM_VEL,,1.7,0,0,,,,,,,,,
um_vel_ID0000082,cpu_2,compute,0,1694440613.0,,,1694440618.0,1694440620.0,1694440642.0,46224663.4,1694440619.0,1694440663.0,1694440650.0,1694440653.0,177856.0,1694440663.0,1694440668.0,5.0,,1.0,44.0,5.0,22.0,719777424.0,3.0,556900.0,poseidon,condorpool,poseidon-worker-1-container-28-31,um_vel,/opt/UM_VEL/UM_VEL,,1.7,0,0,,,,,,,,,
um_vel_ID0000107,cpu_2,compute,0,1694440618.0,,,1694440623.0,1694440626.0,1694440645.0,52985229.2,1694440624.0,1694440663.0,1694440653.0,1694440657.0,174720.0,1694440663.0,1694440668.0,5.0,,1.0,39.0,5.0,19.0,678408568.0,4.0,556900.0,poseidon,condorpool,poseidon-worker-2-container-20-23,um_vel,/opt/UM_VEL/UM_VEL,,1.6,0,0,,,,,,,,,
um_vel_ID0000007,cpu_2,compute,0,1694440618.0,,,1694440623.0,1694440627.0,1694440645.0,52205400.5,1694440625.0,1694440663.0,1694440653.0,1694440657.0,178436.0,1694440663.0,1694440668.0,5.0,,2.0,38.0,5.0,18.0,678203340.0,4.0,556900.0,poseidon,condorpool,poseidon-worker-2-container-12-15,um_vel,/opt/UM_VEL/UM_VEL,,1.6,0,0,,,,,,,,,
um_vel_ID0000102,None,compute,0,1694440618.0,,,1694440623.0,1694440626.0,1694440647.0,46141947.0,1694440624.0,1694440668.0,1694440656.0,1694440659.0,178992.0,1694440668.0,1694440673.0,5.0,,1.0,44.0,5.0,21.0,738138396.0,3.0,556900.0,poseidon,condorpool,poseidon-worker-1-container-40-43,um_vel,/opt/UM_VEL/UM_VEL,,1.7,0,0,,,,,,,,,
um_vel_ID0000097,cpu_2,compute,0,1694440618.0,,,1694440623.0,1694440626.0,1694440648.0,44471979.0,1694440624.0,1694440668.0,1694440656.0,1694440659.0,176718.0,1694440668.0,1694440673.0,5.0,,1.0,44.0,5.0,22.0,700600628.0,3.0,556900.0,poseidon,condorpool,poseidon-worker-1-container-44-47,um_vel,/opt/UM_VEL/UM_VEL,,1.6,0,0,,,,,,,,,
um_vel_ID0000012,None,compute,0,1694440618.0,,,1694440623.0,1694440626.0,1694440651.0,38536922.0,1694440624.0,1694440668.0,1694440659.0,1694440663.0,176067.0,1694440668.0,1694440673.0,5.0,,1.0,44.0,5.0,25.0,741792672.0,4.0,556900.0,poseidon,condorpool,poseidon-worker-1-container-0-3,um_vel,/opt/UM_VEL/UM_VEL,,1.7,0,0,,,,,,,,,
um_vel_ID0000002,cpu_2,compute,0,1694440618.0,,,1694440623.0,1694440626.0,1694440646.0,52123922.9,1694440625.0,1694440668.0,1694440655.0,1694440658.0,175700.0,1694440668.0,1694440673.0,5.0,,2.0,43.0,5.0,20.0,737941744.0,3.0,556900.0,poseidon,condorpool,poseidon-worker-1-container-24-27,um_vel,/opt/UM_VEL/UM_VEL,,1.7,0,0,,,,,,,,,
um_vel_ID0000087,cpu_2,compute,0,1694440618.0,,,1694440623.0,1694440626.0,1694440645.0,53339015.0,1694440624.0,1694440663.0,1694440653.0,1694440656.0,177235.0,1694440663.0,1694440668.0,5.0,,1.0,39.0,5.0,19.0,695425552.0,3.0,556900.0,poseidon,condorpool,poseidon-worker-1-container-32-35,um_vel,/opt/UM_VEL/UM_VEL,,1.6,0,0,,,,,,,,,
um_vel_ID0000122,None,compute,0,1694440618.0,,,1694440623.0,1694440626.0,1694440651.0,39155942.6,1694440624.0,1694440668.0,1694440659.0,1694440662.0,176224.0,1694440668.0,1694440673.0,5.0,,1.0,44.0,5.0,25.0,727369696.0,3.0,556900.0,poseidon,condorpool,poseidon-worker-2-container-0-3,um_vel,/opt/UM_VEL/UM_VEL,,1.8,0,0,,,,,,,,,
stage_out_local_condorpool_0_1,None,transfer,0,1694440623.0,,,1694440628.0,,,0.0,1694440629.0,1694440663.0,,,0.0,1694440663.0,1694440668.0,5.0,,1.0,34.0,5.0,,,,,poseidon,local,poseidon-submit,pegasus::transfer,/mnt/poseidon-data/poseidon/pegasus-5.1.0panorama/bin/pegasus-transfer,/home/poseidon/pegasus-5.1.0panorama/bin/../bin/pegasus-kickstart  -n pegasus::transfer -N null -i - -R local  -L casa-wind-full -T 2023-09-08T07:29:05+00:00 /home/poseidon/pegasus-5.1.0panorama/bin/../bin/pegasus-transfer  --threads 2,34.5,0,0,,,,,,,,,
stage_out_local_condorpool_0_2,None,transfer,0,1694440623.0,,,1694440628.0,,,0.0,1694440629.0,1694440663.0,,,0.0,1694440663.0,1694440668.0,5.0,,1.0,34.0,5.0,,,,,poseidon,local,poseidon-submit,pegasus::transfer,/mnt/poseidon-data/poseidon/pegasus-5.1.0panorama/bin/pegasus-transfer,/home/poseidon/pegasus-5.1.0panorama/bin/../bin/pegasus-kickstart  -n pegasus::transfer -N null -i - -R local  -L casa-wind-full -T 2023-09-08T07:29:05+00:00 /home/poseidon/pegasus-5.1.0panorama/bin/../bin/pegasus-transfer  --threads 2,35.4,0,0,,,,,,,,,
um_vel_ID0000027,cpu_2,compute,0,1694440623.0,,,1694440628.0,1694440631.0,1694440650.0,51815885.8,1694440629.0,1694440668.0,1694440659.0,1694440662.0,176806.0,1694440668.0,1694440673.0,5.0,,1.0,39.0,5.0,19.0,700504640.0,3.0,556900.0,poseidon,condorpool,poseidon-worker-2-container-28-31,um_vel,/opt/UM_VEL/UM_VEL,,1.7,0,0,,,,,,,,,
um_vel_ID0000017,None,compute,0,1694440623.0,,,1694440628.0,1694440631.0,1694440650.0,51989554.8,1694440629.0,1694440668.0,1694440659.0,1694440662.0,176625.0,1694440668.0,1694440673.0,5.0,,1.0,39.0,5.0,19.0,700412836.0,3.0,556900.0,poseidon,condorpool,poseidon-worker-2-container-36-39,um_vel,/opt/UM_VEL/UM_VEL,,1.7,0,0,,,,,,,,,
stage_out_local_condorpool_0_0,None,transfer,0,1694440623.0,,,1694440628.0,,,0.0,1694440629.0,1694440663.0,,,0.0,1694440663.0,1694440668.0,5.0,,1.0,34.0,5.0,,,,,poseidon,local,poseidon-submit,pegasus::transfer,/mnt/poseidon-data/poseidon/pegasus-5.1.0panorama/bin/pegasus-transfer,/home/poseidon/pegasus-5.1.0panorama/bin/../bin/pegasus-kickstart  -n pegasus::transfer -N null -i - -R local  -L casa-wind-full -T 2023-09-08T07:29:05+00:00 /home/poseidon/pegasus-5.1.0panorama/bin/../bin/pegasus-transfer  --threads 2,35.5,0,0,,,,,,,,,
post_vel_ID0000068,cpu_2,compute,0,1694440658.0,,,1694440663.0,1694440666.0,1694440676.0,34761023.0,1694440664.0,1694440693.0,1694440682.0,1694440685.0,3647.0,1694440693.0,1694440698.0,5.0,,1.0,29.0,5.0,10.0,177143937.0,3.0,11398.0,poseidon,condorpool,poseidon-worker-1-container-4-7,post_vel,/opt/netcdf2png/merged_netcdf2png,,0.1,0,0,,,,,,,,,
mvt_ID0000064,cpu_2,compute,0,1694440658.0,,,1694440663.0,1694440666.0,1694440677.0,34942924.6,1694440664.0,1694440733.0,1694440722.0,1694440725.0,10081.0,1694440733.0,1694440738.0,5.0,,1.0,69.0,5.0,11.0,177143652.0,3.0,31148.0,poseidon,condorpool,poseidon-worker-2-container-16-19,mvt,/opt/mvt/mvt,,40.3,0,0,0.0,792932.0,16384.0,437.0,4.0,39.9,0.1,19823.3,819.2
mvt_ID0000069,None,compute,0,1694440658.0,,,1694440663.0,1694440665.0,1694440677.0,29836956.8,1694440664.0,1694440733.0,1694440722.0,1694440726.0,11429.0,1694440733.0,1694440738.0,5.0,,1.0,69.0,5.0,12.0,177143652.0,4.0,35309.0,poseidon,condorpool,poseidon-worker-2-container-32-35,mvt,/opt/mvt/mvt,,40.4,0,0,0.0,792927.0,16384.0,437.0,4.0,39.9,0.1,19823.2,819.2
post_vel_ID0000038,cpu_2,compute,0,1694440658.0,,,1694440663.0,1694440666.0,1694440677.0,33711523.2,1694440664.0,1694440693.0,1694440682.0,1694440685.0,3579.0,1694440693.0,1694440698.0,5.0,,1.0,29.0,5.0,11.0,177143937.0,3.0,11227.0,poseidon,condorpool,poseidon-worker-1-container-16-19,post_vel,/opt/netcdf2png/merged_netcdf2png,,0.1,0,0,,,,,,,,,
post_vel_ID0000063,cpu_2,compute,0,1694440658.0,,,1694440663.0,1694440666.0,1694440676.0,35146655.8,1694440664.0,1694440693.0,1694440682.0,1694440685.0,3675.0,1694440693.0,1694440698.0,5.0,,1.0,29.0,5.0,10.0,177143937.0,3.0,11628.0,poseidon,condorpool,poseidon-worker-1-container-8-11,post_vel,/opt/netcdf2png/merged_netcdf2png,,0.1,0,0,,,,,,,,,
mvt_ID0000039,None,compute,0,1694440658.0,,,1694440663.0,1694440665.0,1694440676.0,34342157.0,1694440664.0,1694440733.0,1694440721.0,1694440724.0,10881.0,1694440733.0,1694440738.0,5.0,,1.0,69.0,5.0,11.0,177143652.0,3.0,34386.0,poseidon,condorpool,poseidon-worker-1-container-12-15,mvt,/opt/mvt/mvt,,39.3,0,0,0.0,789139.0,16384.0,422.0,4.0,29.9,0.1,26304.6,819.2
post_vel_ID0000113,cpu_2,compute,0,1694440663.0,,,1694440668.0,1694440672.0,1694440683.0,31008899.4,1694440670.0,1694440698.0,1694440688.0,1694440691.0,4587.0,1694440698.0,1694440703.0,5.0,,2.0,28.0,5.0,11.0,177143937.0,3.0,14745.0,poseidon,condorpool,poseidon-worker-1-container-44-47,post_vel,/opt/netcdf2png/merged_netcdf2png,,0.1,0,0,,,,,,,,,
mvt_ID0000119,cpu_2,compute,0,1694440663.0,,,1694440668.0,1694440671.0,1694440682.0,33135409.0,1694440670.0,1694440738.0,1694440727.0,1694440730.0,21014.0,1694440738.0,1694440743.0,5.0,,2.0,68.0,5.0,11.0,177143652.0,3.0,65525.0,poseidon,condorpool,poseidon-worker-1-container-24-27,mvt,/opt/mvt/mvt,,39.6,0,0,0.0,801477.0,36864.0,449.0,9.0,29.9,0.0,26715.9,3686.4
post_vel_ID0000118,cpu_2,compute,0,1694440663.0,,,1694440668.0,1694440671.0,1694440684.0,25800761.3,1694440670.0,1694440703.0,1694440689.0,1694440692.0,4630.0,1694440703.0,1694440708.0,5.0,,2.0,33.0,5.0,13.0,177143937.0,3.0,14402.0,poseidon,condorpool,poseidon-worker-1-container-32-35,post_vel,/opt/netcdf2png/merged_netcdf2png,,0.1,0,0,,,,,,,,,
post_vel_ID0000073,cpu_2,compute,0,1694440663.0,,,1694440668.0,1694440672.0,1694440685.0,21528584.9,1694440670.0,1694440703.0,1694440691.0,1694440694.0,3838.0,1694440703.0,1694440708.0,5.0,,2.0,33.0,5.0,13.0,177143937.0,3.0,11825.0,poseidon,condorpool,poseidon-worker-2-container-20-23,post_vel,/opt/netcdf2png/merged_netcdf2png,,0.1,0,0,,,,,,,,,
post_vel_ID0000053,cpu_2,compute,0,1694440663.0,,,1694440668.0,1694440672.0,1694440683.0,33170177.2,1694440670.0,1694440698.0,1694440688.0,1694440692.0,3476.0,1694440698.0,1694440703.0,5.0,,2.0,28.0,5.0,11.0,177143937.0,4.0,11004.0,poseidon,condorpool,poseidon-worker-2-container-44-47,post_vel,/opt/netcdf2png/merged_netcdf2png,,0.1,0,0,,,,,,,,,
mvt_ID0000074,None,compute,0,1694440663.0,,,1694440668.0,1694440672.0,1694440683.0,28164964.8,1694440670.0,1694440738.0,1694440729.0,1694440732.0,12375.0,1694440738.0,1694440743.0,5.0,,2.0,68.0,5.0,11.0,177143652.0,3.0,38855.0,poseidon,condorpool,poseidon-worker-2-container-0-3,mvt,/opt/mvt/mvt,,40.2,0,0,0.0,806523.0,20480.0,467.0,5.0,39.9,0.1,20163.1,1024.0
mvt_ID0000114,cpu_2,compute,0,1694440663.0,,,1694440668.0,1694440672.0,1694440688.0,16469978.8,1694440670.0,1694440743.0,1694440734.0,1694440737.0,23835.0,1694440743.0,1694440748.0,5.0,,2.0,73.0,5.0,16.0,177143652.0,3.0,73234.0,poseidon,condorpool,poseidon-worker-2-container-12-15,mvt,/opt/mvt/mvt,,40.1,0,0,0.0,802519.0,40960.0,458.0,10.0,39.9,0.1,20063.0,4096.0
mvt_ID0000079,cpu_2,compute,0,1694440663.0,,,1694440668.0,1694440672.0,1694440683.0,27176794.6,1694440670.0,1694440738.0,1694440729.0,1694440732.0,14512.0,1694440738.0,1694440743.0,5.0,,2.0,68.0,5.0,11.0,177143652.0,3.0,45337.0,poseidon,condorpool,poseidon-worker-2-container-40-43,mvt,/opt/mvt/mvt,,40.2,0,0,0.0,802517.0,24576.0,458.0,6.0,39.6,0.1,20062.9,1228.8
mvt_ID0000059,None,compute,0,1694440663.0,,,1694440668.0,1694440672.0,1694440683.0,28543039.0,1694440670.0,1694440738.0,1694440728.0,1694440731.0,9077.0,1694440738.0,1694440743.0,5.0,,2.0,68.0,5.0,11.0,177143652.0,3.0,28164.0,poseidon,condorpool,poseidon-worker-1-container-20-23,mvt,/opt/mvt/mvt,,39.6,0,0,0.0,805593.0,12288.0,458.0,3.0,29.7,0.3,26853.1,1228.8
mvt_ID0000049,cpu_2,compute,0,1694440663.0,,,1694440668.0,1694440672.0,1694440682.0,29673730.5,1694440670.0,1694440738.0,1694440727.0,1694440730.0,7855.0,1694440738.0,1694440743.0,5.0,,2.0,68.0,5.0,10.0,177143652.0,3.0,24108.0,poseidon,condorpool,poseidon-worker-1-container-16-19,mvt,/opt/mvt/mvt,,39.2,0,0,0.0,827635.0,12288.0,506.0,3.0,29.7,0.1,27587.8,1228.8
post_vel_ID0000078,None,compute,0,1694440663.0,,,1694440668.0,1694440670.0,1694440681.0,34983544.6,1694440669.0,1694440698.0,1694440687.0,1694440690.0,3569.0,1694440698.0,1694440703.0,5.0,,1.0,29.0,5.0,11.0,177143937.0,3.0,12264.0,poseidon,condorpool,poseidon-worker-1-container-0-3,post_vel,/opt/netcdf2png/merged_netcdf2png,,0.1,0,0,,,,,,,,,
mvt_ID0000054,cpu_2,compute,0,1694440663.0,,,1694440668.0,1694440672.0,1694440683.0,31150527.8,1694440670.0,1694440738.0,1694440729.0,1694440732.0,9128.0,1694440738.0,1694440743.0,5.0,,2.0,68.0,5.0,11.0,177143652.0,3.0,28552.0,poseidon,condorpool,poseidon-worker-2-container-24-27,mvt,/opt/mvt/mvt,,40.1,0,0,0.0,803887.0,12288.0,461.0,3.0,39.5,0.1,20097.2,1228.8
post_vel_ID0000033,cpu_2,compute,0,1694440663.0,,,1694440668.0,1694440671.0,1694440683.0,30624622.4,1694440669.0,1694440698.0,1694440688.0,1694440691.0,3625.0,1694440698.0,1694440703.0,5.0,,1.0,29.0,5.0,12.0,177143937.0,3.0,11464.0,poseidon,condorpool,poseidon-worker-1-container-28-31,post_vel,/opt/netcdf2png/merged_netcdf2png,,0.1,0,0,,,,,,,,,
post_vel_ID0000043,cpu_2,compute,0,1694440663.0,,,1694440668.0,1694440671.0,1694440682.0,34865162.4,1694440670.0,1694440698.0,1694440688.0,1694440691.0,3471.0,1694440698.0,1694440703.0,5.0,,2.0,28.0,5.0,11.0,177143937.0,3.0,11050.0,poseidon,condorpool,poseidon-worker-1-container-36-39,post_vel,/opt/netcdf2png/merged_netcdf2png,,0.1,0,0,,,,,,,,,
mvt_ID0000044,None,compute,0,1694440663.0,,,1694440668.0,1694440671.0,1694440682.0,31686457.6,1694440670.0,1694440738.0,1694440728.0,1694440731.0,9131.0,1694440738.0,1694440743.0,5.0,,2.0,68.0,5.0,11.0,177143652.0,3.0,28113.0,poseidon,condorpool,poseidon-worker-2-container-4-7,mvt,/opt/mvt/mvt,,40.2,0,0,0.0,803770.0,12288.0,461.0,3.0,39.9,0.1,20094.3,1228.8
mvt_ID0000034,None,compute,0,1694440663.0,,,1694440668.0,1694440672.0,1694440683.0,33653803.8,1694440670.0,1694440738.0,1694440728.0,1694440731.0,9949.0,1694440738.0,1694440743.0,5.0,,2.0,68.0,5.0,11.0,177143652.0,3.0,30976.0,poseidon,condorpool,poseidon-worker-2-container-8-11,mvt,/opt/mvt/mvt,,40.2,0,0,0.0,803818.0,16384.0,461.0,4.0,39.9,0.1,20095.4,819.2
post_vel_ID0000058,cpu_2,compute,0,1694440663.0,,,1694440668.0,1694440672.0,1694440683.0,34100182.2,1694440670.0,1694440698.0,1694440689.0,1694440692.0,3359.0,1694440698.0,1694440703.0,5.0,,2.0,28.0,5.0,11.0,177143937.0,3.0,10981.0,poseidon,condorpool,poseidon-worker-2-container-20-23,post_vel,/opt/netcdf2png/merged_netcdf2png,,0.1,0,0,,,,,,,,,
post_vel_ID0000048,None,compute,0,1694440663.0,,,1694440668.0,1694440672.0,1694440684.0,27108992.0,1694440670.0,1694440703.0,1694440689.0,1694440692.0,3342.0,1694440703.0,1694440708.0,5.0,,2.0,33.0,5.0,12.0,177143937.0,3.0,10371.0,poseidon,condorpool,poseidon-worker-1-container-40-43,post_vel,/opt/netcdf2png/merged_netcdf2png,,0.1,0,0,,,,,,,,,
mvt_ID0000129,cpu_2,compute,0,1694440668.0,,,1694440673.0,1694440688.0,1694440699.0,30711976.8,1694440685.0,1694440753.0,1694440744.0,1694440747.0,20549.0,1694440753.0,1694440758.0,5.0,,12.0,68.0,5.0,11.0,177143652.0,3.0,64489.0,poseidon,condorpool,poseidon-worker-2-container-44-47,mvt,/opt/mvt/mvt,,39.7,0,0,0.0,813947.0,36864.0,476.0,9.0,29.8,0.1,27131.6,3686.4
post_vel_ID0000128,cpu_2,compute,0,1694440668.0,,,1694440673.0,1694440688.0,1694440699.0,34115380.4,1694440685.0,1694440713.0,1694440704.0,1694440707.0,4614.0,1694440713.0,1694440718.0,5.0,,12.0,28.0,5.0,11.0,177143937.0,3.0,14512.0,poseidon,condorpool,poseidon-worker-1-container-28-31,post_vel,/opt/netcdf2png/merged_netcdf2png,,0.1,0,0,,,,,,,,,
mvt_ID0000109,None,compute,0,1694440668.0,,,1694440673.0,1694440687.0,1694440698.0,31462798.8,1694440685.0,1694440753.0,1694440743.0,1694440746.0,19198.0,1694440753.0,1694440758.0,5.0,,12.0,68.0,5.0,11.0,177143652.0,3.0,59954.0,poseidon,condorpool,poseidon-worker-1-container-12-15,mvt,/opt/mvt/mvt,,39.4,0,0,0.0,819372.0,32768.0,488.0,8.0,29.9,0.1,27312.4,1638.4
mvt_ID0000094,cpu_2,compute,0,1694440668.0,,,1694440673.0,1694440688.0,1694440699.0,29672793.5,1694440686.0,1694440753.0,1694440744.0,1694440747.0,16831.0,1694440753.0,1694440758.0,5.0,,13.0,67.0,5.0,11.0,177143652.0,3.0,52407.0,poseidon,condorpool,poseidon-worker-1-container-16-19,mvt,/opt/mvt/mvt,,39.4,0,0,0.0,819455.0,28672.0,488.0,7.0,29.9,0.1,27315.2,1433.6
post_vel_ID0000093,cpu_2,compute,0,1694440668.0,,,1694440673.0,1694440688.0,1694440701.0,22573624.4,1694440686.0,1694440718.0,1694440707.0,1694440710.0,4333.0,1694440718.0,1694440723.0,5.0,,13.0,32.0,5.0,13.0,177143937.0,3.0,13303.0,poseidon,condorpool,poseidon-worker-2-container-20-23,post_vel,/opt/netcdf2png/merged_netcdf2png,,0.1,0,0,,,,,,,,,
post_vel_ID0000108,None,compute,0,1694440668.0,,,1694440673.0,1694440688.0,1694440699.0,34672266.8,1694440686.0,1694440713.0,1694440704.0,1694440707.0,4516.0,1694440713.0,1694440718.0,5.0,,13.0,27.0,5.0,11.0,177143937.0,3.0,13907.0,poseidon,condorpool,poseidon-worker-1-container-20-23,post_vel,/opt/netcdf2png/merged_netcdf2png,,0.1,0,0,,,,,,,,,
mvt_ID0000089,cpu_2,compute,0,1694440668.0,,,1694440673.0,1694440687.0,1694440698.0,33341246.6,1694440685.0,1694440753.0,1694440742.0,1694440745.0,15713.0,1694440753.0,1694440758.0,5.0,,12.0,68.0,5.0,11.0,177143652.0,3.0,48475.0,poseidon,condorpool,poseidon-worker-1-container-44-47,mvt,/opt/mvt/mvt,,38.7,0,0,0.0,787848.0,24576.0,419.0,6.0,29.9,0.1,26261.6,2457.6
post_vel_ID0000088,cpu_2,compute,0,1694440668.0,,,1694440673.0,1694440687.0,1694440699.0,26613963.6,1694440685.0,1694440718.0,1694440705.0,1694440708.0,4111.0,1694440718.0,1694440723.0,5.0,,12.0,33.0,5.0,12.0,177143937.0,3.0,12740.0,poseidon,condorpool,poseidon-worker-2-container-40-43,post_vel,/opt/netcdf2png/merged_netcdf2png,,0.1,0,0,,,,,,,,,
register_condorpool_0_0,None,auxiliary,0,1694440668.0,,,1694440683.0,,,0.0,1694440684.0,1694440688.0,,,0.0,1694440688.0,1694440693.0,15.0,,1.0,4.0,5.0,,,,,poseidon,local,poseidon-submit,pegasus::rc-client,/mnt/poseidon-data/poseidon/pegasus-5.1.0panorama/bin/pegasus-rc-client,"-n pegasus::rc-client -N null -R local  -L casa-wind-full -T 2023-09-08T07:29:05+00:00 /home/poseidon/pegasus-5.1.0panorama/bin/pegasus-rc-client --prefix pegasus.catalog.replica.output --conf /mnt/poseidon-data/poseidon/workflows/casa-wind-workflow-full/submit/poseidon/pegasus/casa-wind-full/run0337/pegasus.15847676196777694535.properties -v --meta /mnt/poseidon-data/poseidon/workflows/casa-wind-workflow-full/submit/poseidon/pegasus/casa-wind-full/run0337/00/00/unzip_ID0000026.meta,/mnt/poseidon-data/poseidon/workflows/casa-wind-workflow-full/submit/poseidon/pegasus/casa-wind-full/run0337/00/00/unzip_ID0000061.meta,/mnt/poseidon-data/poseidon/workflows/casa-wind-workflow-full/submit/poseidon/pegasus/casa-wind-full/run0337/00/00/unzip_ID0000071.meta,/mnt/poseidon-data/poseidon/workflows/casa-wind-workflow-full/submit/poseidon/pegasus/casa-wind-full/run0337/00/00/unzip_ID0000041.meta,/mnt/poseidon-data/poseidon/workflows/casa-wind-workflow-full/submit/poseidon/pegasus/casa-wind-full/run0337/00/00/unzip_ID0000016.meta,/mnt/poseidon-data/poseidon/workflows/casa-wind-workflow-full/submit/poseidon/pegasus/casa-wind-full/run0337/00/00/unzip_ID0000111.meta,/mnt/poseidon-data/poseidon/workflows/casa-wind-workflow-full/submit/poseidon/pegasus/casa-wind-full/run0337/00/00/unzip_ID0000011.meta,/mnt/poseidon-data/poseidon/workflows/casa-wind-workflow-full/submit/poseidon/pegasus/casa-wind-full/run0337/00/00/unzip_ID0000081.meta,/mnt/poseidon-data/poseidon/workflows/casa-wind-workflow-full/submit/poseidon/pegasus/casa-wind-full/run0337/00/00/unzip_ID0000066.meta,/mnt/poseidon-data/poseidon/workflows/casa-wind-workflow-full/submit/poseidon/pegasus/casa-wind-full/run0337/00/00/unzip_ID0000096.meta,/mnt/poseidon-data/poseidon/workflows/casa-wind-workflow-full/submit/poseidon/pegasus/casa-wind-full/run0337/00/00/unzip_ID0000051.meta,/mnt/poseidon-data/poseidon/workflows/casa-wind-workflow-full/submit/poseidon/pegasus/casa-wind-full/run0337/00/00/unzip_ID0000031.meta,/mnt/poseidon-data/poseidon/workflows/casa-wind-workflow-full/submit/poseidon/pegasus/casa-wind-full/run0337/00/00/unzip_ID0000116.meta,/mnt/poseidon-data/poseidon/workflows/casa-wind-workflow-full/submit/poseidon/pegasus/casa-wind-full/run0337/00/00/unzip_ID0000101.meta,/mnt/poseidon-data/poseidon/workflows/casa-wind-workflow-full/submit/poseidon/pegasus/casa-wind-full/run0337/00/00/unzip_ID0000121.meta,/mnt/poseidon-data/poseidon/workflows/casa-wind-workflow-full/submit/poseidon/pegasus/casa-wind-full/run0337/00/00/unzip_ID0000106.meta,/mnt/poseidon-data/poseidon/workflows/casa-wind-workflow-full/submit/poseidon/pegasus/casa-wind-full/run0337/00/00/unzip_ID0000046.meta,/mnt/poseidon-data/poseidon/workflows/casa-wind-workflow-full/submit/poseidon/pegasus/casa-wind-full/run0337/00/00/unzip_ID0000076.meta,/mnt/poseidon-data/poseidon/workflows/casa-wind-workflow-full/submit/poseidon/pegasus/casa-wind-full/run0337/00/00/unzip_ID0000056.meta,/mnt/poseidon-data/poseidon/workflows/casa-wind-workflow-full/submit/poseidon/pegasus/casa-wind-full/run0337/00/00/unzip_ID0000021.meta,/mnt/poseidon-data/poseidon/workflows/casa-wind-workflow-full/submit/poseidon/pegasus/casa-wind-full/run0337/00/00/unzip_ID0000086.meta,/mnt/poseidon-data/poseidon/workflows/casa-wind-workflow-full/submit/poseidon/pegasus/casa-wind-full/run0337/00/00/unzip_ID0000126.meta,/mnt/poseidon-data/poseidon/workflows/casa-wind-workflow-full/submit/poseidon/pegasus/casa-wind-full/run0337/00/00/unzip_ID0000006.meta,/mnt/poseidon-data/poseidon/workflows/casa-wind-workflow-full/submit/poseidon/pegasus/casa-wind-full/run0337/00/00/unzip_ID0000036.meta,/mnt/poseidon-data/poseidon/workflows/casa-wind-workflow-full/submit/poseidon/pegasus/casa-wind-full/run0337/00/00/unzip_ID0000001.meta,/mnt/poseidon-data/poseidon/workflows/casa-wind-workflow-full/submit/poseidon/pegasus/casa-wind-full/run0337/00/00/unzip_ID0000091.meta --insert /mnt/poseidon-data/poseidon/workflows/casa-wind-workflow-full/submit/poseidon/pegasus/casa-wind-full/run0337/00/00/register_condorpool_0_0.in",3.4,0,0,,,,,,,,,
register_condorpool_0_1,None,auxiliary,0,1694440668.0,,,1694440723.0,,,0.0,1694440723.0,1694440728.0,,,0.0,1694440728.0,1694440733.0,55.0,,0.0,5.0,5.0,,,,,poseidon,local,poseidon-submit,pegasus::rc-client,/mnt/poseidon-data/poseidon/pegasus-5.1.0panorama/bin/pegasus-rc-client,"-n pegasus::rc-client -N null -R local  -L casa-wind-full -T 2023-09-08T07:29:05+00:00 /home/poseidon/pegasus-5.1.0panorama/bin/pegasus-rc-client --prefix pegasus.catalog.replica.output --conf /mnt/poseidon-data/poseidon/workflows/casa-wind-workflow-full/submit/poseidon/pegasus/casa-wind-full/run0337/pegasus.15847676196777694535.properties -v --meta /mnt/poseidon-data/poseidon/workflows/casa-wind-workflow-full/submit/poseidon/pegasus/casa-wind-full/run0337/00/00/unzip_ID0000026.meta,/mnt/poseidon-data/poseidon/workflows/casa-wind-workflow-full/submit/poseidon/pegasus/casa-wind-full/run0337/00/00/unzip_ID0000061.meta,/mnt/poseidon-data/poseidon/workflows/casa-wind-workflow-full/submit/poseidon/pegasus/casa-wind-full/run0337/00/00/unzip_ID0000071.meta,/mnt/poseidon-data/poseidon/workflows/casa-wind-workflow-full/submit/poseidon/pegasus/casa-wind-full/run0337/00/00/unzip_ID0000041.meta,/mnt/poseidon-data/poseidon/workflows/casa-wind-workflow-full/submit/poseidon/pegasus/casa-wind-full/run0337/00/00/unzip_ID0000016.meta,/mnt/poseidon-data/poseidon/workflows/casa-wind-workflow-full/submit/poseidon/pegasus/casa-wind-full/run0337/00/00/unzip_ID0000111.meta,/mnt/poseidon-data/poseidon/workflows/casa-wind-workflow-full/submit/poseidon/pegasus/casa-wind-full/run0337/00/00/unzip_ID0000011.meta,/mnt/poseidon-data/poseidon/workflows/casa-wind-workflow-full/submit/poseidon/pegasus/casa-wind-full/run0337/00/00/unzip_ID0000081.meta,/mnt/poseidon-data/poseidon/workflows/casa-wind-workflow-full/submit/poseidon/pegasus/casa-wind-full/run0337/00/00/unzip_ID0000066.meta,/mnt/poseidon-data/poseidon/workflows/casa-wind-workflow-full/submit/poseidon/pegasus/casa-wind-full/run0337/00/00/unzip_ID0000096.meta,/mnt/poseidon-data/poseidon/workflows/casa-wind-workflow-full/submit/poseidon/pegasus/casa-wind-full/run0337/00/00/unzip_ID0000051.meta,/mnt/poseidon-data/poseidon/workflows/casa-wind-workflow-full/submit/poseidon/pegasus/casa-wind-full/run0337/00/00/unzip_ID0000031.meta,/mnt/poseidon-data/poseidon/workflows/casa-wind-workflow-full/submit/poseidon/pegasus/casa-wind-full/run0337/00/00/unzip_ID0000116.meta,/mnt/poseidon-data/poseidon/workflows/casa-wind-workflow-full/submit/poseidon/pegasus/casa-wind-full/run0337/00/00/unzip_ID0000101.meta,/mnt/poseidon-data/poseidon/workflows/casa-wind-workflow-full/submit/poseidon/pegasus/casa-wind-full/run0337/00/00/unzip_ID0000121.meta,/mnt/poseidon-data/poseidon/workflows/casa-wind-workflow-full/submit/poseidon/pegasus/casa-wind-full/run0337/00/00/unzip_ID0000106.meta,/mnt/poseidon-data/poseidon/workflows/casa-wind-workflow-full/submit/poseidon/pegasus/casa-wind-full/run0337/00/00/unzip_ID0000046.meta,/mnt/poseidon-data/poseidon/workflows/casa-wind-workflow-full/submit/poseidon/pegasus/casa-wind-full/run0337/00/00/unzip_ID0000076.meta,/mnt/poseidon-data/poseidon/workflows/casa-wind-workflow-full/submit/poseidon/pegasus/casa-wind-full/run0337/00/00/unzip_ID0000056.meta,/mnt/poseidon-data/poseidon/workflows/casa-wind-workflow-full/submit/poseidon/pegasus/casa-wind-full/run0337/00/00/unzip_ID0000021.meta,/mnt/poseidon-data/poseidon/workflows/casa-wind-workflow-full/submit/poseidon/pegasus/casa-wind-full/run0337/00/00/unzip_ID0000086.meta,/mnt/poseidon-data/poseidon/workflows/casa-wind-workflow-full/submit/poseidon/pegasus/casa-wind-full/run0337/00/00/unzip_ID0000126.meta,/mnt/poseidon-data/poseidon/workflows/casa-wind-workflow-full/submit/poseidon/pegasus/casa-wind-full/run0337/00/00/unzip_ID0000006.meta,/mnt/poseidon-data/poseidon/workflows/casa-wind-workflow-full/submit/poseidon/pegasus/casa-wind-full/run0337/00/00/unzip_ID0000036.meta,/mnt/poseidon-data/poseidon/workflows/casa-wind-workflow-full/submit/poseidon/pegasus/casa-wind-full/run0337/00/00/unzip_ID0000001.meta,/mnt/poseidon-data/poseidon/workflows/casa-wind-workflow-full/submit/poseidon/pegasus/casa-wind-full/run0337/00/00/unzip_ID0000091.meta --insert /mnt/poseidon-data/poseidon/workflows/casa-wind-workflow-full/submit/poseidon/pegasus/casa-wind-full/run0337/00/00/register_condorpool_0_1.in",3.2,0,0,,,,,,,,,
register_condorpool_0_2,None,auxiliary,0,1694440668.0,,,1694440673.0,,,0.0,1694440674.0,1694440678.0,,,0.0,1694440678.0,1694440683.0,5.0,,1.0,4.0,5.0,,,,,poseidon,local,poseidon-submit,pegasus::rc-client,/mnt/poseidon-data/poseidon/pegasus-5.1.0panorama/bin/pegasus-rc-client,"-n pegasus::rc-client -N null -R local  -L casa-wind-full -T 2023-09-08T07:29:05+00:00 /home/poseidon/pegasus-5.1.0panorama/bin/pegasus-rc-client --prefix pegasus.catalog.replica.output --conf /mnt/poseidon-data/poseidon/workflows/casa-wind-workflow-full/submit/poseidon/pegasus/casa-wind-full/run0337/pegasus.15847676196777694535.properties -v --meta /mnt/poseidon-data/poseidon/workflows/casa-wind-workflow-full/submit/poseidon/pegasus/casa-wind-full/run0337/00/00/unzip_ID0000026.meta,/mnt/poseidon-data/poseidon/workflows/casa-wind-workflow-full/submit/poseidon/pegasus/casa-wind-full/run0337/00/00/unzip_ID0000061.meta,/mnt/poseidon-data/poseidon/workflows/casa-wind-workflow-full/submit/poseidon/pegasus/casa-wind-full/run0337/00/00/unzip_ID0000071.meta,/mnt/poseidon-data/poseidon/workflows/casa-wind-workflow-full/submit/poseidon/pegasus/casa-wind-full/run0337/00/00/unzip_ID0000041.meta,/mnt/poseidon-data/poseidon/workflows/casa-wind-workflow-full/submit/poseidon/pegasus/casa-wind-full/run0337/00/00/unzip_ID0000016.meta,/mnt/poseidon-data/poseidon/workflows/casa-wind-workflow-full/submit/poseidon/pegasus/casa-wind-full/run0337/00/00/unzip_ID0000111.meta,/mnt/poseidon-data/poseidon/workflows/casa-wind-workflow-full/submit/poseidon/pegasus/casa-wind-full/run0337/00/00/unzip_ID0000011.meta,/mnt/poseidon-data/poseidon/workflows/casa-wind-workflow-full/submit/poseidon/pegasus/casa-wind-full/run0337/00/00/unzip_ID0000081.meta,/mnt/poseidon-data/poseidon/workflows/casa-wind-workflow-full/submit/poseidon/pegasus/casa-wind-full/run0337/00/00/unzip_ID0000066.meta,/mnt/poseidon-data/poseidon/workflows/casa-wind-workflow-full/submit/poseidon/pegasus/casa-wind-full/run0337/00/00/unzip_ID0000096.meta,/mnt/poseidon-data/poseidon/workflows/casa-wind-workflow-full/submit/poseidon/pegasus/casa-wind-full/run0337/00/00/unzip_ID0000051.meta,/mnt/poseidon-data/poseidon/workflows/casa-wind-workflow-full/submit/poseidon/pegasus/casa-wind-full/run0337/00/00/unzip_ID0000031.meta,/mnt/poseidon-data/poseidon/workflows/casa-wind-workflow-full/submit/poseidon/pegasus/casa-wind-full/run0337/00/00/unzip_ID0000116.meta,/mnt/poseidon-data/poseidon/workflows/casa-wind-workflow-full/submit/poseidon/pegasus/casa-wind-full/run0337/00/00/unzip_ID0000101.meta,/mnt/poseidon-data/poseidon/workflows/casa-wind-workflow-full/submit/poseidon/pegasus/casa-wind-full/run0337/00/00/unzip_ID0000121.meta,/mnt/poseidon-data/poseidon/workflows/casa-wind-workflow-full/submit/poseidon/pegasus/casa-wind-full/run0337/00/00/unzip_ID0000106.meta,/mnt/poseidon-data/poseidon/workflows/casa-wind-workflow-full/submit/poseidon/pegasus/casa-wind-full/run0337/00/00/unzip_ID0000046.meta,/mnt/poseidon-data/poseidon/workflows/casa-wind-workflow-full/submit/poseidon/pegasus/casa-wind-full/run0337/00/00/unzip_ID0000076.meta,/mnt/poseidon-data/poseidon/workflows/casa-wind-workflow-full/submit/poseidon/pegasus/casa-wind-full/run0337/00/00/unzip_ID0000056.meta,/mnt/poseidon-data/poseidon/workflows/casa-wind-workflow-full/submit/poseidon/pegasus/casa-wind-full/run0337/00/00/unzip_ID0000021.meta,/mnt/poseidon-data/poseidon/workflows/casa-wind-workflow-full/submit/poseidon/pegasus/casa-wind-full/run0337/00/00/unzip_ID0000086.meta,/mnt/poseidon-data/poseidon/workflows/casa-wind-workflow-full/submit/poseidon/pegasus/casa-wind-full/run0337/00/00/unzip_ID0000126.meta,/mnt/poseidon-data/poseidon/workflows/casa-wind-workflow-full/submit/poseidon/pegasus/casa-wind-full/run0337/00/00/unzip_ID0000006.meta,/mnt/poseidon-data/poseidon/workflows/casa-wind-workflow-full/submit/poseidon/pegasus/casa-wind-full/run0337/00/00/unzip_ID0000036.meta,/mnt/poseidon-data/poseidon/workflows/casa-wind-workflow-full/submit/poseidon/pegasus/casa-wind-full/run0337/00/00/unzip_ID0000001.meta,/mnt/poseidon-data/poseidon/workflows/casa-wind-workflow-full/submit/poseidon/pegasus/casa-wind-full/run0337/00/00/unzip_ID0000091.meta --insert /mnt/poseidon-data/poseidon/workflows/casa-wind-workflow-full/submit/poseidon/pegasus/casa-wind-full/run0337/00/00/register_condorpool_0_2.in",3.2,0,0,,,,,,,,,
post_vel_ID0000083,None,compute,0,1694440668.0,,,1694440673.0,1694440676.0,1694440686.0,35081727.6,1694440674.0,1694440703.0,1694440692.0,1694440695.0,4147.0,1694440703.0,1694440708.0,5.0,,1.0,29.0,5.0,10.0,177143937.0,3.0,12720.0,poseidon,condorpool,poseidon-worker-2-container-36-39,post_vel,/opt/netcdf2png/merged_netcdf2png,,0.1,0,0,,,,,,,,,
post_vel_ID0000008,cpu_2,compute,0,1694440668.0,,,1694440673.0,1694440687.0,1694440699.0,27982623.0,1694440685.0,1694440713.0,1694440704.0,1694440707.0,3489.0,1694440713.0,1694440718.0,5.0,,12.0,28.0,5.0,12.0,177143937.0,3.0,10982.0,poseidon,condorpool,poseidon-worker-1-container-36-39,post_vel,/opt/netcdf2png/merged_netcdf2png,,0.1,0,0,,,,,,,,,
mvt_ID0000009,None,compute,0,1694440668.0,,,1694440673.0,1694440688.0,1694440699.0,33733069.0,1694440686.0,1694440753.0,1694440744.0,1694440747.0,11174.0,1694440753.0,1694440758.0,5.0,,13.0,67.0,5.0,11.0,177143652.0,3.0,35429.0,poseidon,condorpool,poseidon-worker-1-container-40-43,mvt,/opt/mvt/mvt,,39.4,0,0,0.0,791977.0,20480.0,428.0,5.0,29.9,0.1,26399.2,1024.0
mvt_ID0000084,cpu_2,compute,0,1694440668.0,,,1694440673.0,1694440676.0,1694440687.0,32004566.4,1694440674.0,1694440743.0,1694440733.0,1694440736.0,14792.0,1694440743.0,1694440748.0,5.0,,1.0,69.0,5.0,11.0,177143652.0,3.0,47998.0,poseidon,condorpool,poseidon-worker-2-container-28-31,mvt,/opt/mvt/mvt,,40.2,0,0,0.0,802521.0,24576.0,458.0,6.0,39.8,0.1,20063.0,1228.8
mvt_ID0000104,None,compute,0,1694440673.0,,,1694440678.0,1694440688.0,1694440699.0,26791034.4,1694440685.0,1694440753.0,1694440743.0,1694440746.0,18971.0,1694440753.0,1694440758.0,5.0,,7.0,68.0,5.0,11.0,177143652.0,3.0,59590.0,poseidon,condorpool,poseidon-worker-1-container-0-3,mvt,/opt/mvt/mvt,,38.6,0,0,0.0,789134.0,32768.0,422.0,8.0,29.9,0.1,26304.5,3276.8
post_vel_ID0000103,cpu_2,compute,0,1694440673.0,,,1694440678.0,1694440688.0,1694440699.0,29981466.0,1694440686.0,1694440713.0,1694440705.0,1694440708.0,4386.0,1694440713.0,1694440718.0,5.0,,8.0,27.0,5.0,11.0,177143937.0,3.0,13815.0,poseidon,condorpool,poseidon-worker-1-container-24-27,post_vel,/opt/netcdf2png/merged_netcdf2png,,0.1,0,0,,,,,,,,,
stage_out_local_condorpool_1_2,None,transfer,0,1694440673.0,,,1694440678.0,,,0.0,1694440678.0,1694440683.0,,,0.0,1694440683.0,1694440688.0,5.0,,0.0,5.0,5.0,,,,,poseidon,local,poseidon-submit,pegasus::transfer,/mnt/poseidon-data/poseidon/pegasus-5.1.0panorama/bin/pegasus-transfer,/home/poseidon/pegasus-5.1.0panorama/bin/../bin/pegasus-kickstart  -n pegasus::transfer -N null -i - -R local  -L casa-wind-full -T 2023-09-08T07:29:05+00:00 /home/poseidon/pegasus-5.1.0panorama/bin/../bin/pegasus-transfer  --threads 2,0.9,0,0,,,,,,,,,
stage_out_local_condorpool_1_1,None,transfer,0,1694440673.0,,,1694440678.0,,,0.0,1694440678.0,1694440683.0,,,0.0,1694440683.0,1694440688.0,5.0,,0.0,5.0,5.0,,,,,poseidon,local,poseidon-submit,pegasus::transfer,/mnt/poseidon-data/poseidon/pegasus-5.1.0panorama/bin/pegasus-transfer,/home/poseidon/pegasus-5.1.0panorama/bin/../bin/pegasus-kickstart  -n pegasus::transfer -N null -i - -R local  -L casa-wind-full -T 2023-09-08T07:29:05+00:00 /home/poseidon/pegasus-5.1.0panorama/bin/../bin/pegasus-transfer  --threads 2,1.0,0,0,,,,,,,,,
post_vel_ID0000028,cpu_2,compute,0,1694440673.0,,,1694440678.0,1694440687.0,1694440700.0,24404231.7,1694440685.0,1694440718.0,1694440705.0,1694440708.0,3728.0,1694440718.0,1694440723.0,5.0,,7.0,33.0,5.0,13.0,177143937.0,3.0,11529.0,poseidon,condorpool,poseidon-worker-1-container-8-11,post_vel,/opt/netcdf2png/merged_netcdf2png,,0.1,0,0,,,,,,,,,
mvt_ID0000099,cpu_2,compute,0,1694440673.0,,,1694440678.0,1694440688.0,1694440700.0,26570174.7,1694440686.0,1694440758.0,1694440745.0,1694440748.0,16042.0,1694440758.0,1694440763.0,5.0,,8.0,72.0,5.0,12.0,177143652.0,3.0,50118.0,poseidon,condorpool,poseidon-worker-2-container-24-27,mvt,/opt/mvt/mvt,,39.8,0,0,0.0,818012.0,28672.0,485.0,7.0,29.9,0.1,27267.1,1433.6
stage_out_local_condorpool_1_0,None,transfer,0,1694440673.0,,,1694440678.0,,,0.0,1694440678.0,1694440683.0,,,0.0,1694440683.0,1694440688.0,5.0,,0.0,5.0,5.0,,,,,poseidon,local,poseidon-submit,pegasus::transfer,/mnt/poseidon-data/poseidon/pegasus-5.1.0panorama/bin/pegasus-transfer,/home/poseidon/pegasus-5.1.0panorama/bin/../bin/pegasus-kickstart  -n pegasus::transfer -N null -i - -R local  -L casa-wind-full -T 2023-09-08T07:29:05+00:00 /home/poseidon/pegasus-5.1.0panorama/bin/../bin/pegasus-transfer  --threads 2,1.0,0,0,,,,,,,,,
post_vel_ID0000003,cpu_2,compute,0,1694440673.0,,,1694440678.0,1694440687.0,1694440699.0,29948115.0,1694440685.0,1694440713.0,1694440704.0,1694440708.0,3475.0,1694440713.0,1694440718.0,5.0,,7.0,28.0,5.0,12.0,177143937.0,4.0,10865.0,poseidon,condorpool,poseidon-worker-2-container-12-15,post_vel,/opt/netcdf2png/merged_netcdf2png,,0.1,0,0,,,,,,,,,
mvt_ID0000029,None,compute,0,1694440673.0,,,1694440678.0,1694440687.0,1694440700.0,24755012.7,1694440685.0,1694440758.0,1694440745.0,1694440748.0,12236.0,1694440758.0,1694440763.0,5.0,,7.0,73.0,5.0,13.0,177143652.0,3.0,38341.0,poseidon,condorpool,poseidon-worker-2-container-36-39,mvt,/opt/mvt/mvt,,39.7,0,0,0.0,791976.0,20480.0,428.0,5.0,29.9,0.1,26399.2,1024.0
post_vel_ID0000123,cpu_2,compute,0,1694440673.0,,,1694440678.0,1694440687.0,1694440702.0,19145227.2,1694440685.0,1694440718.0,1694440707.0,1694440710.0,4812.0,1694440718.0,1694440723.0,5.0,,7.0,33.0,5.0,15.0,177143937.0,3.0,14777.0,poseidon,condorpool,poseidon-worker-2-container-16-19,post_vel,/opt/netcdf2png/merged_netcdf2png,,0.1,0,0,,,,,,,,,
mvt_ID0000124,None,compute,0,1694440673.0,,,1694440678.0,1694440687.0,1694440698.0,29668185.5,1694440685.0,1694440753.0,1694440744.0,1694440747.0,22268.0,1694440753.0,1694440758.0,5.0,,7.0,68.0,5.0,11.0,177143652.0,3.0,70564.0,poseidon,condorpool,poseidon-worker-2-container-8-11,mvt,/opt/mvt/mvt,,40.5,0,0,0.0,825850.0,40960.0,509.0,10.0,39.9,0.1,20646.2,4096.0
post_vel_ID0000023,cpu_2,compute,0,1694440673.0,,,1694440678.0,1694440687.0,1694440699.0,28079868.4,1694440685.0,1694440713.0,1694440704.0,1694440708.0,3613.0,1694440713.0,1694440718.0,5.0,,7.0,28.0,5.0,12.0,177143937.0,4.0,11372.0,poseidon,condorpool,poseidon-worker-1-container-32-35,post_vel,/opt/netcdf2png/merged_netcdf2png,,0.1,0,0,,,,,,,,,
mvt_ID0000024,cpu_2,compute,0,1694440673.0,,,1694440678.0,1694440687.0,1694440700.0,24916848.7,1694440685.0,1694440758.0,1694440745.0,1694440748.0,9788.0,1694440758.0,1694440763.0,5.0,,7.0,73.0,5.0,13.0,177143652.0,3.0,30705.0,poseidon,condorpool,poseidon-worker-2-container-28-31,mvt,/opt/mvt/mvt,,39.7,0,0,0.0,819388.0,16384.0,488.0,4.0,29.8,0.1,27312.9,819.2
mvt_ID0000004,None,compute,0,1694440673.0,,,1694440678.0,1694440686.0,1694440698.0,32578563.0,1694440685.0,1694440753.0,1694440743.0,1694440746.0,9316.0,1694440753.0,1694440758.0,5.0,,7.0,68.0,5.0,12.0,177143652.0,3.0,28781.0,poseidon,condorpool,poseidon-worker-2-container-0-3,mvt,/opt/mvt/mvt,,39.9,0,0,0.0,826133.0,16384.0,503.0,4.0,29.9,0.1,27537.8,819.2
post_vel_ID0000018,cpu_2,compute,0,1694440673.0,,,1694440678.0,1694440688.0,1694440700.0,30100160.2,1694440686.0,1694440718.0,1694440705.0,1694440708.0,3695.0,1694440718.0,1694440723.0,5.0,,8.0,32.0,5.0,12.0,177143937.0,3.0,11645.0,poseidon,condorpool,poseidon-worker-2-container-20-23,post_vel,/opt/netcdf2png/merged_netcdf2png,,0.1,0,0,,,,,,,,,
post_vel_ID0000098,None,compute,0,1694440673.0,,,1694440678.0,1694440687.0,1694440699.0,27524966.7,1694440685.0,1694440713.0,1694440705.0,1694440708.0,4178.0,1694440713.0,1694440718.0,5.0,,7.0,28.0,5.0,12.0,177143937.0,3.0,13355.0,poseidon,condorpool,poseidon-worker-2-container-32-35,post_vel,/opt/netcdf2png/merged_netcdf2png,,0.1,0,0,,,,,,,,,
post_vel_ID0000013,cpu_2,compute,0,1694440673.0,,,1694440678.0,1694440687.0,1694440698.0,31758742.2,1694440685.0,1694440713.0,1694440704.0,1694440707.0,3471.0,1694440713.0,1694440718.0,5.0,,7.0,28.0,5.0,11.0,177143937.0,3.0,11040.0,poseidon,condorpool,poseidon-worker-1-container-4-7,post_vel,/opt/netcdf2png/merged_netcdf2png,,0.1,0,0,,,,,,,,,
mvt_ID0000014,None,compute,0,1694440673.0,,,1694440678.0,1694440687.0,1694440698.0,29693977.0,1694440685.0,1694440753.0,1694440743.0,1694440746.0,10311.0,1694440753.0,1694440758.0,5.0,,7.0,68.0,5.0,11.0,177143652.0,3.0,31991.0,poseidon,condorpool,poseidon-worker-2-container-4-7,mvt,/opt/mvt/mvt,,39.9,0,0,0.0,819248.0,16384.0,488.0,4.0,29.9,0.1,27308.3,819.2
mvt_ID0000019,cpu_2,compute,0,1694440673.0,,,1694440678.0,1694440689.0,1694440700.0,35159099.0,1694440687.0,1694440758.0,1694440745.0,1694440748.0,11642.0,1694440758.0,1694440763.0,5.0,,9.0,71.0,5.0,11.0,177143652.0,3.0,36245.0,poseidon,condorpool,poseidon-worker-2-container-44-47,mvt,/opt/mvt/mvt,,39.8,0,0,0.0,819452.0,20480.0,488.0,5.0,29.9,0.1,27315.1,1024.0
register_condorpool_1_2,None,auxiliary,0,1694440688.0,,,1694440713.0,,,0.0,1694440714.0,1694440718.0,,,0.0,1694440718.0,1694440723.0,25.0,,1.0,4.0,5.0,,,,,poseidon,local,poseidon-submit,pegasus::rc-client,/mnt/poseidon-data/poseidon/pegasus-5.1.0panorama/bin/pegasus-rc-client,"-n pegasus::rc-client -N null -R local  -L casa-wind-full -T 2023-09-08T07:29:05+00:00 /home/poseidon/pegasus-5.1.0panorama/bin/pegasus-rc-client --prefix pegasus.catalog.replica.output --conf /mnt/poseidon-data/poseidon/workflows/casa-wind-workflow-full/submit/poseidon/pegasus/casa-wind-full/run0337/pegasus.15847676196777694535.properties -v --meta /mnt/poseidon-data/poseidon/workflows/casa-wind-workflow-full/submit/poseidon/pegasus/casa-wind-full/run0337/00/00/um_vel_ID0000117.meta,/mnt/poseidon-data/poseidon/workflows/casa-wind-workflow-full/submit/poseidon/pegasus/casa-wind-full/run0337/00/01/um_vel_ID0000052.meta,/mnt/poseidon-data/poseidon/workflows/casa-wind-workflow-full/submit/poseidon/pegasus/casa-wind-full/run0337/00/00/um_vel_ID0000002.meta,/mnt/poseidon-data/poseidon/workflows/casa-wind-workflow-full/submit/poseidon/pegasus/casa-wind-full/run0337/00/00/um_vel_ID0000012.meta,/mnt/poseidon-data/poseidon/workflows/casa-wind-workflow-full/submit/poseidon/pegasus/casa-wind-full/run0337/00/00/um_vel_ID0000032.meta,/mnt/poseidon-data/poseidon/workflows/casa-wind-workflow-full/submit/poseidon/pegasus/casa-wind-full/run0337/00/01/um_vel_ID0000062.meta,/mnt/poseidon-data/poseidon/workflows/casa-wind-workflow-full/submit/poseidon/pegasus/casa-wind-full/run0337/00/01/um_vel_ID0000112.meta,/mnt/poseidon-data/poseidon/workflows/casa-wind-workflow-full/submit/poseidon/pegasus/casa-wind-full/run0337/00/01/um_vel_ID0000107.meta --insert /mnt/poseidon-data/poseidon/workflows/casa-wind-workflow-full/submit/poseidon/pegasus/casa-wind-full/run0337/00/01/register_condorpool_1_2.in",2.7,0,0,,,,,,,,,
register_condorpool_1_0,None,auxiliary,0,1694440688.0,,,1694440703.0,,,0.0,1694440703.0,1694440708.0,,,0.0,1694440708.0,1694440713.0,15.0,,0.0,5.0,5.0,,,,,poseidon,local,poseidon-submit,pegasus::rc-client,/mnt/poseidon-data/poseidon/pegasus-5.1.0panorama/bin/pegasus-rc-client,"-n pegasus::rc-client -N null -R local  -L casa-wind-full -T 2023-09-08T07:29:05+00:00 /home/poseidon/pegasus-5.1.0panorama/bin/pegasus-rc-client --prefix pegasus.catalog.replica.output --conf /mnt/poseidon-data/poseidon/workflows/casa-wind-workflow-full/submit/poseidon/pegasus/casa-wind-full/run0337/pegasus.15847676196777694535.properties -v --meta /mnt/poseidon-data/poseidon/workflows/casa-wind-workflow-full/submit/poseidon/pegasus/casa-wind-full/run0337/00/01/um_vel_ID0000067.meta,/mnt/poseidon-data/poseidon/workflows/casa-wind-workflow-full/submit/poseidon/pegasus/casa-wind-full/run0337/00/00/um_vel_ID0000127.meta,/mnt/poseidon-data/poseidon/workflows/casa-wind-workflow-full/submit/poseidon/pegasus/casa-wind-full/run0337/00/00/um_vel_ID0000122.meta,/mnt/poseidon-data/poseidon/workflows/casa-wind-workflow-full/submit/poseidon/pegasus/casa-wind-full/run0337/00/00/um_vel_ID0000092.meta,/mnt/poseidon-data/poseidon/workflows/casa-wind-workflow-full/submit/poseidon/pegasus/casa-wind-full/run0337/00/01/um_vel_ID0000077.meta,/mnt/poseidon-data/poseidon/workflows/casa-wind-workflow-full/submit/poseidon/pegasus/casa-wind-full/run0337/00/01/um_vel_ID0000057.meta,/mnt/poseidon-data/poseidon/workflows/casa-wind-workflow-full/submit/poseidon/pegasus/casa-wind-full/run0337/00/00/um_vel_ID0000027.meta,/mnt/poseidon-data/poseidon/workflows/casa-wind-workflow-full/submit/poseidon/pegasus/casa-wind-full/run0337/00/01/um_vel_ID0000042.meta,/mnt/poseidon-data/poseidon/workflows/casa-wind-workflow-full/submit/poseidon/pegasus/casa-wind-full/run0337/00/00/um_vel_ID0000022.meta --insert /mnt/poseidon-data/poseidon/workflows/casa-wind-workflow-full/submit/poseidon/pegasus/casa-wind-full/run0337/00/01/register_condorpool_1_0.in",2.7,0,0,,,,,,,,,
register_condorpool_1_1,None,auxiliary,0,1694440688.0,,,1694440693.0,,,0.0,1694440694.0,1694440698.0,,,0.0,1694440698.0,1694440703.0,5.0,,1.0,4.0,5.0,,,,,poseidon,local,poseidon-submit,pegasus::rc-client,/mnt/poseidon-data/poseidon/pegasus-5.1.0panorama/bin/pegasus-rc-client,"-n pegasus::rc-client -N null -R local  -L casa-wind-full -T 2023-09-08T07:29:05+00:00 /home/poseidon/pegasus-5.1.0panorama/bin/pegasus-rc-client --prefix pegasus.catalog.replica.output --conf /mnt/poseidon-data/poseidon/workflows/casa-wind-workflow-full/submit/poseidon/pegasus/casa-wind-full/run0337/pegasus.15847676196777694535.properties -v --meta /mnt/poseidon-data/poseidon/workflows/casa-wind-workflow-full/submit/poseidon/pegasus/casa-wind-full/run0337/00/00/um_vel_ID0000017.meta,/mnt/poseidon-data/poseidon/workflows/casa-wind-workflow-full/submit/poseidon/pegasus/casa-wind-full/run0337/00/01/um_vel_ID0000037.meta,/mnt/poseidon-data/poseidon/workflows/casa-wind-workflow-full/submit/poseidon/pegasus/casa-wind-full/run0337/00/00/um_vel_ID0000082.meta,/mnt/poseidon-data/poseidon/workflows/casa-wind-workflow-full/submit/poseidon/pegasus/casa-wind-full/run0337/00/00/um_vel_ID0000097.meta,/mnt/poseidon-data/poseidon/workflows/casa-wind-workflow-full/submit/poseidon/pegasus/casa-wind-full/run0337/00/01/um_vel_ID0000047.meta,/mnt/poseidon-data/poseidon/workflows/casa-wind-workflow-full/submit/poseidon/pegasus/casa-wind-full/run0337/00/00/um_vel_ID0000087.meta,/mnt/poseidon-data/poseidon/workflows/casa-wind-workflow-full/submit/poseidon/pegasus/casa-wind-full/run0337/00/01/um_vel_ID0000007.meta,/mnt/poseidon-data/poseidon/workflows/casa-wind-workflow-full/submit/poseidon/pegasus/casa-wind-full/run0337/00/01/um_vel_ID0000072.meta,/mnt/poseidon-data/poseidon/workflows/casa-wind-workflow-full/submit/poseidon/pegasus/casa-wind-full/run0337/00/01/um_vel_ID0000102.meta --insert /mnt/poseidon-data/poseidon/workflows/casa-wind-workflow-full/submit/poseidon/pegasus/casa-wind-full/run0337/00/01/register_condorpool_1_1.in",2.9,0,0,,,,,,,,,
point_alert_ID0000065,cpu_2,compute,0,1694440738.0,,,1694440743.0,1694440746.0,1694440757.0,29683850.5,1694440744.0,1694440773.0,1694440762.0,1694440765.0,6619.0,1694440773.0,1694440778.0,5.0,,1.0,29.0,5.0,11.0,176639131.0,3.0,20238.0,poseidon,condorpool,poseidon-worker-2-container-12-15,point_alert,/opt/pointAlert/pointAlert,,0.0,0,0,,,,,,,,,
point_alert_ID0000070,cpu_2,compute,0,1694440738.0,,,1694440743.0,1694440746.0,1694440757.0,32268632.6,1694440744.0,1694440773.0,1694440762.0,1694440765.0,6721.0,1694440773.0,1694440778.0,5.0,,1.0,29.0,5.0,11.0,176643292.0,3.0,20558.0,poseidon,condorpool,poseidon-worker-2-container-16-19,point_alert,/opt/pointAlert/pointAlert,,0.0,0,0,,,,,,,,,
point_alert_ID0000040,cpu_2,compute,0,1694440738.0,,,1694440743.0,1694440746.0,1694440756.0,29668653.0,1694440744.0,1694440773.0,1694440761.0,1694440765.0,6557.0,1694440773.0,1694440778.0,5.0,,1.0,29.0,5.0,10.0,176642369.0,4.0,20558.0,poseidon,condorpool,poseidon-worker-1-container-28-31,point_alert,/opt/pointAlert/pointAlert,,0.0,0,0,,,,,,,,,
point_alert_ID0000075,cpu_2,compute,0,1694440743.0,,,1694440748.0,1694440751.0,1694440762.0,32988754.4,1694440749.0,1694440778.0,1694440767.0,1694440770.0,6619.0,1694440778.0,1694440783.0,5.0,,1.0,29.0,5.0,11.0,176646838.0,3.0,20558.0,poseidon,condorpool,poseidon-worker-2-container-24-27,point_alert,/opt/pointAlert/pointAlert,,0.0,0,0,,,,,,,,,
point_alert_ID0000055,None,compute,0,1694440743.0,,,1694440748.0,1694440751.0,1694440762.0,29948019.0,1694440749.0,1694440778.0,1694440767.0,1694440770.0,6498.0,1694440778.0,1694440783.0,5.0,,1.0,29.0,5.0,11.0,176636535.0,3.0,20638.0,poseidon,condorpool,poseidon-worker-1-container-12-15,point_alert,/opt/pointAlert/pointAlert,,0.0,0,0,,,,,,,,,
stage_out_local_condorpool_2_4,None,transfer,0,1694440743.0,,,1694440748.0,,,0.0,1694440749.0,1694440753.0,,,0.0,1694440753.0,1694440758.0,5.0,,1.0,4.0,5.0,,,,,poseidon,local,poseidon-submit,pegasus::transfer,/mnt/poseidon-data/poseidon/pegasus-5.1.0panorama/bin/pegasus-transfer,/home/poseidon/pegasus-5.1.0panorama/bin/../bin/pegasus-kickstart  -n pegasus::transfer -N null -i - -R local  -L casa-wind-full -T 2023-09-08T07:29:05+00:00 /home/poseidon/pegasus-5.1.0panorama/bin/../bin/pegasus-transfer  --threads 2,0.9,0,0,,,,,,,,,
point_alert_ID0000120,cpu_2,compute,0,1694440743.0,,,1694440748.0,1694440751.0,1694440762.0,33518839.0,1694440749.0,1694440778.0,1694440767.0,1694440771.0,7026.0,1694440778.0,1694440783.0,5.0,,1.0,29.0,5.0,11.0,176673508.0,4.0,21998.0,poseidon,condorpool,poseidon-worker-2-container-40-43,point_alert,/opt/pointAlert/pointAlert,,0.0,0,0,,,,,,,,,
point_alert_ID0000045,None,compute,0,1694440743.0,,,1694440748.0,1694440751.0,1694440762.0,32122625.0,1694440749.0,1694440778.0,1694440767.0,1694440771.0,6645.0,1694440778.0,1694440783.0,5.0,,1.0,29.0,5.0,11.0,176636096.0,4.0,20798.0,poseidon,condorpool,poseidon-worker-2-container-32-35,point_alert,/opt/pointAlert/pointAlert,,0.0,0,0,,,,,,,,,
point_alert_ID0000035,None,compute,0,1694440743.0,,,1694440748.0,1694440751.0,1694440762.0,29635565.0,1694440749.0,1694440778.0,1694440767.0,1694440770.0,6449.0,1694440778.0,1694440783.0,5.0,,1.0,29.0,5.0,11.0,176638959.0,3.0,20078.0,poseidon,condorpool,poseidon-worker-1-container-20-23,point_alert,/opt/pointAlert/pointAlert,,0.0,0,0,,,,,,,,,
point_alert_ID0000050,cpu_2,compute,0,1694440743.0,,,1694440748.0,1694440751.0,1694440762.0,34529427.8,1694440749.0,1694440778.0,1694440767.0,1694440771.0,6622.0,1694440778.0,1694440783.0,5.0,,1.0,29.0,5.0,11.0,176632091.0,4.0,20878.0,poseidon,condorpool,poseidon-worker-2-container-16-19,point_alert,/opt/pointAlert/pointAlert,,0.0,0,0,,,,,,,,,
point_alert_ID0000080,None,compute,0,1694440743.0,,,1694440748.0,1694440751.0,1694440762.0,28318235.2,1694440749.0,1694440778.0,1694440768.0,1694440771.0,6583.0,1694440778.0,1694440783.0,5.0,,1.0,29.0,5.0,11.0,176653320.0,3.0,20718.0,poseidon,condorpool,poseidon-worker-2-container-8-11,point_alert,/opt/pointAlert/pointAlert,,0.0,0,0,,,,,,,,,
point_alert_ID0000060,None,compute,0,1694440743.0,,,1694440748.0,1694440751.0,1694440762.0,34748460.0,1694440749.0,1694440778.0,1694440767.0,1694440770.0,6643.0,1694440778.0,1694440783.0,5.0,,1.0,29.0,5.0,11.0,176636147.0,3.0,20878.0,poseidon,condorpool,poseidon-worker-2-container-4-7,point_alert,/opt/pointAlert/pointAlert,,0.0,0,0,,,,,,,,,
point_alert_ID0000115,cpu_2,compute,0,1694440748.0,,,1694440753.0,1694440756.0,1694440767.0,29738263.5,1694440754.0,1694440783.0,1694440772.0,1694440775.0,6987.0,1694440783.0,1694440788.0,5.0,,1.0,29.0,5.0,11.0,176681217.0,3.0,21598.0,poseidon,condorpool,poseidon-worker-2-container-44-47,point_alert,/opt/pointAlert/pointAlert,,0.0,0,0,,,,,,,,,
point_alert_ID0000085,None,compute,0,1694440748.0,,,1694440753.0,1694440756.0,1694440767.0,33193735.4,1694440754.0,1694440783.0,1694440772.0,1694440775.0,6801.0,1694440783.0,1694440788.0,5.0,,1.0,29.0,5.0,11.0,176655981.0,3.0,21118.0,poseidon,condorpool,poseidon-worker-1-container-0-3,point_alert,/opt/pointAlert/pointAlert,,0.0,0,0,,,,,,,,,
stage_out_local_condorpool_2_3,None,transfer,0,1694440758.0,,,1694440763.0,,,0.0,1694440763.0,1694440768.0,,,0.0,1694440768.0,1694440773.0,5.0,,0.0,5.0,5.0,,,,,poseidon,local,poseidon-submit,pegasus::transfer,/mnt/poseidon-data/poseidon/pegasus-5.1.0panorama/bin/pegasus-transfer,/home/poseidon/pegasus-5.1.0panorama/bin/../bin/pegasus-kickstart  -n pegasus::transfer -N null -i - -R local  -L casa-wind-full -T 2023-09-08T07:29:05+00:00 /home/poseidon/pegasus-5.1.0panorama/bin/../bin/pegasus-transfer  --threads 2,0.9,0,0,,,,,,,,,
point_alert_ID0000110,None,compute,0,1694440758.0,,,1694440763.0,1694440766.0,1694440777.0,29607034.0,1694440764.0,1694440793.0,1694440782.0,1694440785.0,6716.0,1694440793.0,1694440798.0,5.0,,1.0,29.0,5.0,11.0,176667937.0,3.0,21038.0,poseidon,condorpool,poseidon-worker-1-container-40-43,point_alert,/opt/pointAlert/pointAlert,,0.0,0,0,,,,,,,,,
point_alert_ID0000010,cpu_2,compute,0,1694440758.0,,,1694440763.0,1694440766.0,1694440777.0,34171443.4,1694440764.0,1694440793.0,1694440782.0,1694440785.0,6505.0,1694440793.0,1694440798.0,5.0,,1.0,29.0,5.0,11.0,176643412.0,3.0,20478.0,poseidon,condorpool,poseidon-worker-1-container-44-47,point_alert,/opt/pointAlert/pointAlert,,0.0,0,0,,,,,,,,,
register_condorpool_2_4,None,auxiliary,0,1694440758.0,,,1694440763.0,,,0.0,1694440763.0,1694440768.0,,,0.0,1694440768.0,1694440773.0,5.0,,0.0,5.0,5.0,,,,,poseidon,local,poseidon-submit,pegasus::rc-client,/mnt/poseidon-data/poseidon/pegasus-5.1.0panorama/bin/pegasus-rc-client,"-n pegasus::rc-client -N null -R local  -L casa-wind-full -T 2023-09-08T07:29:05+00:00 /home/poseidon/pegasus-5.1.0panorama/bin/pegasus-rc-client --prefix pegasus.catalog.replica.output --conf /mnt/poseidon-data/poseidon/workflows/casa-wind-workflow-full/submit/poseidon/pegasus/casa-wind-full/run0337/pegasus.15847676196777694535.properties -v --meta /mnt/poseidon-data/poseidon/workflows/casa-wind-workflow-full/submit/poseidon/pegasus/casa-wind-full/run0337/00/02/post_vel_ID0000108.meta,/mnt/poseidon-data/poseidon/workflows/casa-wind-workflow-full/submit/poseidon/pegasus/casa-wind-full/run0337/00/01/post_vel_ID0000063.meta,/mnt/poseidon-data/poseidon/workflows/casa-wind-workflow-full/submit/poseidon/pegasus/casa-wind-full/run0337/00/01/post_vel_ID0000013.meta,/mnt/poseidon-data/poseidon/workflows/casa-wind-workflow-full/submit/poseidon/pegasus/casa-wind-full/run0337/00/02/mvt_ID0000054.meta,/mnt/poseidon-data/poseidon/workflows/casa-wind-workflow-full/submit/poseidon/pegasus/casa-wind-full/run0337/00/01/post_vel_ID0000033.meta,/mnt/poseidon-data/poseidon/workflows/casa-wind-workflow-full/submit/poseidon/pegasus/casa-wind-full/run0337/00/02/post_vel_ID0000113.meta,/mnt/poseidon-data/poseidon/workflows/casa-wind-workflow-full/submit/poseidon/pegasus/casa-wind-full/run0337/00/01/post_vel_ID0000003.meta,/mnt/poseidon-data/poseidon/workflows/casa-wind-workflow-full/submit/poseidon/pegasus/casa-wind-full/run0337/00/01/post_vel_ID0000118.meta --insert /mnt/poseidon-data/poseidon/workflows/casa-wind-workflow-full/submit/poseidon/pegasus/casa-wind-full/run0337/00/02/register_condorpool_2_4.in",2.8,0,0,,,,,,,,,
stage_out_local_condorpool_2_5,None,transfer,0,1694440758.0,,,1694440763.0,,,0.0,1694440763.0,1694440768.0,,,0.0,1694440768.0,1694440773.0,5.0,,0.0,5.0,5.0,,,,,poseidon,local,poseidon-submit,pegasus::transfer,/mnt/poseidon-data/poseidon/pegasus-5.1.0panorama/bin/pegasus-transfer,/home/poseidon/pegasus-5.1.0panorama/bin/../bin/pegasus-kickstart  -n pegasus::transfer -N null -i - -R local  -L casa-wind-full -T 2023-09-08T07:29:05+00:00 /home/poseidon/pegasus-5.1.0panorama/bin/../bin/pegasus-transfer  --threads 2,0.8,0,0,,,,,,,,,
point_alert_ID0000105,None,compute,0,1694440758.0,,,1694440763.0,1694440766.0,1694440777.0,29908991.5,1694440764.0,1694440793.0,1694440782.0,1694440785.0,6740.0,1694440793.0,1694440798.0,5.0,,1.0,29.0,5.0,11.0,176667573.0,3.0,21278.0,poseidon,condorpool,poseidon-worker-1-container-12-15,point_alert,/opt/pointAlert/pointAlert,,0.0,0,0,,,,,,,,,
point_alert_ID0000015,None,compute,0,1694440758.0,,,1694440763.0,1694440766.0,1694440777.0,29568503.5,1694440764.0,1694440793.0,1694440782.0,1694440785.0,6549.0,1694440793.0,1694440798.0,5.0,,1.0,29.0,5.0,11.0,176639974.0,3.0,20558.0,poseidon,condorpool,poseidon-worker-2-container-8-11,point_alert,/opt/pointAlert/pointAlert,,0.0,0,0,,,,,,,,,
point_alert_ID0000130,cpu_2,compute,0,1694440758.0,,,1694440763.0,1694440766.0,1694440777.0,29924071.5,1694440764.0,1694440793.0,1694440782.0,1694440785.0,7472.0,1694440793.0,1694440798.0,5.0,,1.0,29.0,5.0,11.0,176672472.0,3.0,23118.0,poseidon,condorpool,poseidon-worker-2-container-24-27,point_alert,/opt/pointAlert/pointAlert,,0.0,0,0,,,,,,,,,
point_alert_ID0000095,None,compute,0,1694440758.0,,,1694440763.0,1694440766.0,1694440777.0,29531062.0,1694440764.0,1694440793.0,1694440782.0,1694440785.0,6523.0,1694440793.0,1694440798.0,5.0,,1.0,29.0,5.0,11.0,176660390.0,3.0,20718.0,poseidon,condorpool,poseidon-worker-2-container-0-3,point_alert,/opt/pointAlert/pointAlert,,0.0,0,0,,,,,,,,,
point_alert_ID0000090,None,compute,0,1694440758.0,,,1694440763.0,1694440766.0,1694440778.0,29383312.0,1694440764.0,1694440793.0,1694440783.0,1694440786.0,6628.0,1694440793.0,1694440798.0,5.0,,1.0,29.0,5.0,12.0,176656458.0,3.0,20638.0,poseidon,condorpool,poseidon-worker-2-container-36-39,point_alert,/opt/pointAlert/pointAlert,,0.0,0,0,,,,,,,,,
point_alert_ID0000125,cpu_2,compute,0,1694440758.0,,,1694440763.0,1694440766.0,1694440777.0,29670500.5,1694440764.0,1694440793.0,1694440782.0,1694440785.0,7332.0,1694440793.0,1694440798.0,5.0,,1.0,29.0,5.0,11.0,176678547.0,3.0,22878.0,poseidon,condorpool,poseidon-worker-1-container-16-19,point_alert,/opt/pointAlert/pointAlert,,0.0,0,0,,,,,,,,,
point_alert_ID0000005,cpu_2,compute,0,1694440758.0,,,1694440763.0,1694440766.0,1694440777.0,33640246.0,1694440764.0,1694440793.0,1694440782.0,1694440785.0,6508.0,1694440793.0,1694440798.0,5.0,,1.0,29.0,5.0,11.0,176636764.0,3.0,20398.0,poseidon,condorpool,poseidon-worker-2-container-28-31,point_alert,/opt/pointAlert/pointAlert,,0.0,0,0,,,,,,,,,
stage_out_local_condorpool_2_1,None,transfer,0,1694440763.0,,,1694440768.0,,,0.0,1694440768.0,1694440773.0,,,0.0,1694440773.0,1694440778.0,5.0,,0.0,5.0,5.0,,,,,poseidon,local,poseidon-submit,pegasus::transfer,/mnt/poseidon-data/poseidon/pegasus-5.1.0panorama/bin/pegasus-transfer,/home/poseidon/pegasus-5.1.0panorama/bin/../bin/pegasus-kickstart  -n pegasus::transfer -N null -i - -R local  -L casa-wind-full -T 2023-09-08T07:29:05+00:00 /home/poseidon/pegasus-5.1.0panorama/bin/../bin/pegasus-transfer  --threads 2,0.9,0,0,,,,,,,,,
stage_out_local_condorpool_2_0,None,transfer,0,1694440763.0,,,1694440768.0,,,0.0,1694440768.0,1694440773.0,,,0.0,1694440773.0,1694440778.0,5.0,,0.0,5.0,5.0,,,,,poseidon,local,poseidon-submit,pegasus::transfer,/mnt/poseidon-data/poseidon/pegasus-5.1.0panorama/bin/pegasus-transfer,/home/poseidon/pegasus-5.1.0panorama/bin/../bin/pegasus-kickstart  -n pegasus::transfer -N null -i - -R local  -L casa-wind-full -T 2023-09-08T07:29:05+00:00 /home/poseidon/pegasus-5.1.0panorama/bin/../bin/pegasus-transfer  --threads 2,0.9,0,0,,,,,,,,,
point_alert_ID0000100,cpu_2,compute,0,1694440763.0,,,1694440768.0,1694440773.0,1694440784.0,34466133.2,1694440771.0,1694440798.0,1694440789.0,1694440792.0,6676.0,1694440798.0,1694440803.0,5.0,,3.0,27.0,5.0,11.0,176658101.0,3.0,20638.0,poseidon,condorpool,poseidon-worker-2-container-12-15,point_alert,/opt/pointAlert/pointAlert,,0.0,0,0,,,,,,,,,
point_alert_ID0000020,cpu_2,compute,0,1694440763.0,,,1694440768.0,1694440772.0,1694440783.0,29565644.5,1694440771.0,1694440798.0,1694440788.0,1694440791.0,6644.0,1694440798.0,1694440803.0,5.0,,3.0,27.0,5.0,11.0,176644228.0,3.0,20478.0,poseidon,condorpool,poseidon-worker-1-container-28-31,point_alert,/opt/pointAlert/pointAlert,,0.0,0,0,,,,,,,,,
point_alert_ID0000025,cpu_2,compute,0,1694440763.0,,,1694440768.0,1694440771.0,1694440782.0,29676334.5,1694440769.0,1694440798.0,1694440787.0,1694440790.0,6454.0,1694440798.0,1694440803.0,5.0,,1.0,29.0,5.0,11.0,176638688.0,3.0,20078.0,poseidon,condorpool,poseidon-worker-2-container-44-47,point_alert,/opt/pointAlert/pointAlert,,0.0,0,0,,,,,,,,,
stage_out_local_condorpool_2_2,None,transfer,0,1694440763.0,,,1694440768.0,,,0.0,1694440768.0,1694440773.0,,,0.0,1694440773.0,1694440778.0,5.0,,0.0,5.0,5.0,,,,,poseidon,local,poseidon-submit,pegasus::transfer,/mnt/poseidon-data/poseidon/pegasus-5.1.0panorama/bin/pegasus-transfer,/home/poseidon/pegasus-5.1.0panorama/bin/../bin/pegasus-kickstart  -n pegasus::transfer -N null -i - -R local  -L casa-wind-full -T 2023-09-08T07:29:05+00:00 /home/poseidon/pegasus-5.1.0panorama/bin/../bin/pegasus-transfer  --threads 2,0.9,0,0,,,,,,,,,
point_alert_ID0000030,None,compute,0,1694440763.0,,,1694440768.0,1694440771.0,1694440782.0,29632228.0,1694440769.0,1694440798.0,1694440787.0,1694440790.0,6516.0,1694440798.0,1694440803.0,5.0,,1.0,29.0,5.0,11.0,176646324.0,3.0,20158.0,poseidon,condorpool,poseidon-worker-2-container-4-7,point_alert,/opt/pointAlert/pointAlert,,0.0,0,0,,,,,,,,,
register_condorpool_2_3,None,auxiliary,0,1694440773.0,,,1694440818.0,,,0.0,1694440818.0,1694440823.0,,,0.0,1694440823.0,1694440828.0,45.0,,0.0,5.0,5.0,,,,,poseidon,local,poseidon-submit,pegasus::rc-client,/mnt/poseidon-data/poseidon/pegasus-5.1.0panorama/bin/pegasus-rc-client,"-n pegasus::rc-client -N null -R local  -L casa-wind-full -T 2023-09-08T07:29:05+00:00 /home/poseidon/pegasus-5.1.0panorama/bin/pegasus-rc-client --prefix pegasus.catalog.replica.output --conf /mnt/poseidon-data/poseidon/workflows/casa-wind-workflow-full/submit/poseidon/pegasus/casa-wind-full/run0337/pegasus.15847676196777694535.properties -v --meta /mnt/poseidon-data/poseidon/workflows/casa-wind-workflow-full/submit/poseidon/pegasus/casa-wind-full/run0337/00/01/mvt_ID0000084.meta,/mnt/poseidon-data/poseidon/workflows/casa-wind-workflow-full/submit/poseidon/pegasus/casa-wind-full/run0337/00/02/post_vel_ID0000103.meta,/mnt/poseidon-data/poseidon/workflows/casa-wind-workflow-full/submit/poseidon/pegasus/casa-wind-full/run0337/00/01/post_vel_ID0000098.meta,/mnt/poseidon-data/poseidon/workflows/casa-wind-workflow-full/submit/poseidon/pegasus/casa-wind-full/run0337/00/02/post_vel_ID0000048.meta,/mnt/poseidon-data/poseidon/workflows/casa-wind-workflow-full/submit/poseidon/pegasus/casa-wind-full/run0337/00/01/mvt_ID0000009.meta,/mnt/poseidon-data/poseidon/workflows/casa-wind-workflow-full/submit/poseidon/pegasus/casa-wind-full/run0337/00/01/post_vel_ID0000018.meta,/mnt/poseidon-data/poseidon/workflows/casa-wind-workflow-full/submit/poseidon/pegasus/casa-wind-full/run0337/00/01/mvt_ID0000089.meta,/mnt/poseidon-data/poseidon/workflows/casa-wind-workflow-full/submit/poseidon/pegasus/casa-wind-full/run0337/00/02/mvt_ID0000074.meta,/mnt/poseidon-data/poseidon/workflows/casa-wind-workflow-full/submit/poseidon/pegasus/casa-wind-full/run0337/00/02/post_vel_ID0000038.meta --insert /mnt/poseidon-data/poseidon/workflows/casa-wind-workflow-full/submit/poseidon/pegasus/casa-wind-full/run0337/00/02/register_condorpool_2_3.in",2.6,0,0,,,,,,,,,
register_condorpool_2_5,None,auxiliary,0,1694440773.0,,,1694440778.0,,,0.0,1694440779.0,1694440783.0,,,0.0,1694440783.0,1694440788.0,5.0,,1.0,4.0,5.0,,,,,poseidon,local,poseidon-submit,pegasus::rc-client,/mnt/poseidon-data/poseidon/pegasus-5.1.0panorama/bin/pegasus-rc-client,"-n pegasus::rc-client -N null -R local  -L casa-wind-full -T 2023-09-08T07:29:05+00:00 /home/poseidon/pegasus-5.1.0panorama/bin/pegasus-rc-client --prefix pegasus.catalog.replica.output --conf /mnt/poseidon-data/poseidon/workflows/casa-wind-workflow-full/submit/poseidon/pegasus/casa-wind-full/run0337/pegasus.15847676196777694535.properties -v --meta /mnt/poseidon-data/poseidon/workflows/casa-wind-workflow-full/submit/poseidon/pegasus/casa-wind-full/run0337/00/01/mvt_ID0000004.meta,/mnt/poseidon-data/poseidon/workflows/casa-wind-workflow-full/submit/poseidon/pegasus/casa-wind-full/run0337/00/01/mvt_ID0000119.meta,/mnt/poseidon-data/poseidon/workflows/casa-wind-workflow-full/submit/poseidon/pegasus/casa-wind-full/run0337/00/02/post_vel_ID0000053.meta,/mnt/poseidon-data/poseidon/workflows/casa-wind-workflow-full/submit/poseidon/pegasus/casa-wind-full/run0337/00/02/mvt_ID0000114.meta,/mnt/poseidon-data/poseidon/workflows/casa-wind-workflow-full/submit/poseidon/pegasus/casa-wind-full/run0337/00/01/mvt_ID0000034.meta,/mnt/poseidon-data/poseidon/workflows/casa-wind-workflow-full/submit/poseidon/pegasus/casa-wind-full/run0337/00/01/mvt_ID0000014.meta,/mnt/poseidon-data/poseidon/workflows/casa-wind-workflow-full/submit/poseidon/pegasus/casa-wind-full/run0337/00/02/mvt_ID0000109.meta,/mnt/poseidon-data/poseidon/workflows/casa-wind-workflow-full/submit/poseidon/pegasus/casa-wind-full/run0337/00/01/mvt_ID0000064.meta --insert /mnt/poseidon-data/poseidon/workflows/casa-wind-workflow-full/submit/poseidon/pegasus/casa-wind-full/run0337/00/02/register_condorpool_2_5.in",2.5,0,0,,,,,,,,,
register_condorpool_2_2,None,auxiliary,0,1694440778.0,,,1694440808.0,,,0.0,1694440809.0,1694440813.0,,,0.0,1694440813.0,1694440818.0,30.0,,1.0,4.0,5.0,,,,,poseidon,local,poseidon-submit,pegasus::rc-client,/mnt/poseidon-data/poseidon/pegasus-5.1.0panorama/bin/pegasus-rc-client,"-n pegasus::rc-client -N null -R local  -L casa-wind-full -T 2023-09-08T07:29:05+00:00 /home/poseidon/pegasus-5.1.0panorama/bin/pegasus-rc-client --prefix pegasus.catalog.replica.output --conf /mnt/poseidon-data/poseidon/workflows/casa-wind-workflow-full/submit/poseidon/pegasus/casa-wind-full/run0337/pegasus.15847676196777694535.properties -v --meta /mnt/poseidon-data/poseidon/workflows/casa-wind-workflow-full/submit/poseidon/pegasus/casa-wind-full/run0337/00/02/post_vel_ID0000073.meta,/mnt/poseidon-data/poseidon/workflows/casa-wind-workflow-full/submit/poseidon/pegasus/casa-wind-full/run0337/00/02/mvt_ID0000039.meta,/mnt/poseidon-data/poseidon/workflows/casa-wind-workflow-full/submit/poseidon/pegasus/casa-wind-full/run0337/00/01/mvt_ID0000099.meta,/mnt/poseidon-data/poseidon/workflows/casa-wind-workflow-full/submit/poseidon/pegasus/casa-wind-full/run0337/00/01/post_vel_ID0000008.meta,/mnt/poseidon-data/poseidon/workflows/casa-wind-workflow-full/submit/poseidon/pegasus/casa-wind-full/run0337/00/02/mvt_ID0000049.meta,/mnt/poseidon-data/poseidon/workflows/casa-wind-workflow-full/submit/poseidon/pegasus/casa-wind-full/run0337/00/01/mvt_ID0000019.meta,/mnt/poseidon-data/poseidon/workflows/casa-wind-workflow-full/submit/poseidon/pegasus/casa-wind-full/run0337/00/02/mvt_ID0000104.meta,/mnt/poseidon-data/poseidon/workflows/casa-wind-workflow-full/submit/poseidon/pegasus/casa-wind-full/run0337/00/01/post_vel_ID0000083.meta,/mnt/poseidon-data/poseidon/workflows/casa-wind-workflow-full/submit/poseidon/pegasus/casa-wind-full/run0337/00/01/post_vel_ID0000088.meta --insert /mnt/poseidon-data/poseidon/workflows/casa-wind-workflow-full/submit/poseidon/pegasus/casa-wind-full/run0337/00/02/register_condorpool_2_2.in",2.5,0,0,,,,,,,,,
register_condorpool_2_0,None,auxiliary,0,1694440778.0,,,1694440788.0,,,0.0,1694440788.0,1694440793.0,,,0.0,1694440793.0,1694440798.0,10.0,,0.0,5.0,5.0,,,,,poseidon,local,poseidon-submit,pegasus::rc-client,/mnt/poseidon-data/poseidon/pegasus-5.1.0panorama/bin/pegasus-rc-client,"-n pegasus::rc-client -N null -R local  -L casa-wind-full -T 2023-09-08T07:29:05+00:00 /home/poseidon/pegasus-5.1.0panorama/bin/pegasus-rc-client --prefix pegasus.catalog.replica.output --conf /mnt/poseidon-data/poseidon/workflows/casa-wind-workflow-full/submit/poseidon/pegasus/casa-wind-full/run0337/pegasus.15847676196777694535.properties -v --meta /mnt/poseidon-data/poseidon/workflows/casa-wind-workflow-full/submit/poseidon/pegasus/casa-wind-full/run0337/00/01/post_vel_ID0000023.meta,/mnt/poseidon-data/poseidon/workflows/casa-wind-workflow-full/submit/poseidon/pegasus/casa-wind-full/run0337/00/01/post_vel_ID0000093.meta,/mnt/poseidon-data/poseidon/workflows/casa-wind-workflow-full/submit/poseidon/pegasus/casa-wind-full/run0337/00/01/mvt_ID0000129.meta,/mnt/poseidon-data/poseidon/workflows/casa-wind-workflow-full/submit/poseidon/pegasus/casa-wind-full/run0337/00/02/mvt_ID0000044.meta,/mnt/poseidon-data/poseidon/workflows/casa-wind-workflow-full/submit/poseidon/pegasus/casa-wind-full/run0337/00/02/post_vel_ID0000058.meta,/mnt/poseidon-data/poseidon/workflows/casa-wind-workflow-full/submit/poseidon/pegasus/casa-wind-full/run0337/00/01/post_vel_ID0000068.meta,/mnt/poseidon-data/poseidon/workflows/casa-wind-workflow-full/submit/poseidon/pegasus/casa-wind-full/run0337/00/01/post_vel_ID0000123.meta,/mnt/poseidon-data/poseidon/workflows/casa-wind-workflow-full/submit/poseidon/pegasus/casa-wind-full/run0337/00/02/post_vel_ID0000078.meta,/mnt/poseidon-data/poseidon/workflows/casa-wind-workflow-full/submit/poseidon/pegasus/casa-wind-full/run0337/00/01/mvt_ID0000029.meta --insert /mnt/poseidon-data/poseidon/workflows/casa-wind-workflow-full/submit/poseidon/pegasus/casa-wind-full/run0337/00/02/register_condorpool_2_0.in",2.6,0,0,,,,,,,,,
register_condorpool_2_1,None,auxiliary,0,1694440778.0,,,1694440798.0,,,0.0,1694440799.0,1694440803.0,,,0.0,1694440803.0,1694440808.0,20.0,,1.0,4.0,5.0,,,,,poseidon,local,poseidon-submit,pegasus::rc-client,/mnt/poseidon-data/poseidon/pegasus-5.1.0panorama/bin/pegasus-rc-client,"-n pegasus::rc-client -N null -R local  -L casa-wind-full -T 2023-09-08T07:29:05+00:00 /home/poseidon/pegasus-5.1.0panorama/bin/pegasus-rc-client --prefix pegasus.catalog.replica.output --conf /mnt/poseidon-data/poseidon/workflows/casa-wind-workflow-full/submit/poseidon/pegasus/casa-wind-full/run0337/pegasus.15847676196777694535.properties -v --meta /mnt/poseidon-data/poseidon/workflows/casa-wind-workflow-full/submit/poseidon/pegasus/casa-wind-full/run0337/00/01/post_vel_ID0000028.meta,/mnt/poseidon-data/poseidon/workflows/casa-wind-workflow-full/submit/poseidon/pegasus/casa-wind-full/run0337/00/02/post_vel_ID0000043.meta,/mnt/poseidon-data/poseidon/workflows/casa-wind-workflow-full/submit/poseidon/pegasus/casa-wind-full/run0337/00/01/post_vel_ID0000128.meta,/mnt/poseidon-data/poseidon/workflows/casa-wind-workflow-full/submit/poseidon/pegasus/casa-wind-full/run0337/00/01/mvt_ID0000094.meta,/mnt/poseidon-data/poseidon/workflows/casa-wind-workflow-full/submit/poseidon/pegasus/casa-wind-full/run0337/00/01/mvt_ID0000069.meta,/mnt/poseidon-data/poseidon/workflows/casa-wind-workflow-full/submit/poseidon/pegasus/casa-wind-full/run0337/00/02/mvt_ID0000059.meta,/mnt/poseidon-data/poseidon/workflows/casa-wind-workflow-full/submit/poseidon/pegasus/casa-wind-full/run0337/00/01/mvt_ID0000124.meta,/mnt/poseidon-data/poseidon/workflows/casa-wind-workflow-full/submit/poseidon/pegasus/casa-wind-full/run0337/00/01/mvt_ID0000024.meta,/mnt/poseidon-data/poseidon/workflows/casa-wind-workflow-full/submit/poseidon/pegasus/casa-wind-full/run0337/00/02/mvt_ID0000079.meta --insert /mnt/poseidon-data/poseidon/workflows/casa-wind-workflow-full/submit/poseidon/pegasus/casa-wind-full/run0337/00/02/register_condorpool_2_1.in",2.6,0,0,,,,,,,,,
stage_out_local_condorpool_3_2,None,transfer,0,1694440798.0,,,1694440803.0,,,0.0,1694440804.0,1694440813.0,,,0.0,1694440813.0,1694440818.0,5.0,,1.0,9.0,5.0,,,,,poseidon,local,poseidon-submit,pegasus::transfer,/mnt/poseidon-data/poseidon/pegasus-5.1.0panorama/bin/pegasus-transfer,/home/poseidon/pegasus-5.1.0panorama/bin/../bin/pegasus-kickstart  -n pegasus::transfer -N null -i - -R local  -L casa-wind-full -T 2023-09-08T07:29:05+00:00 /home/poseidon/pegasus-5.1.0panorama/bin/../bin/pegasus-transfer  --threads 2,0.8,0,0,,,,,,,,,
stage_out_local_condorpool_3_0,None,transfer,0,1694440803.0,,,1694440808.0,,,0.0,1694440809.0,1694440818.0,,,0.0,1694440818.0,1694440823.0,5.0,,1.0,9.0,5.0,,,,,poseidon,local,poseidon-submit,pegasus::transfer,/mnt/poseidon-data/poseidon/pegasus-5.1.0panorama/bin/pegasus-transfer,/home/poseidon/pegasus-5.1.0panorama/bin/../bin/pegasus-kickstart  -n pegasus::transfer -N null -i - -R local  -L casa-wind-full -T 2023-09-08T07:29:05+00:00 /home/poseidon/pegasus-5.1.0panorama/bin/../bin/pegasus-transfer  --threads 2,0.9,0,0,,,,,,,,,
stage_out_local_condorpool_3_1,None,transfer,0,1694440803.0,,,1694440808.0,,,0.0,1694440809.0,1694440818.0,,,0.0,1694440818.0,1694440823.0,5.0,,1.0,9.0,5.0,,,,,poseidon,local,poseidon-submit,pegasus::transfer,/mnt/poseidon-data/poseidon/pegasus-5.1.0panorama/bin/pegasus-transfer,/home/poseidon/pegasus-5.1.0panorama/bin/../bin/pegasus-kickstart  -n pegasus::transfer -N null -i - -R local  -L casa-wind-full -T 2023-09-08T07:29:05+00:00 /home/poseidon/pegasus-5.1.0panorama/bin/../bin/pegasus-transfer  --threads 2,0.9,0,0,,,,,,,,,
register_condorpool_3_2,None,auxiliary,0,1694440818.0,,,1694440828.0,,,0.0,1694440829.0,1694440833.0,,,0.0,1694440833.0,1694440838.0,10.0,,1.0,4.0,5.0,,,,,poseidon,local,poseidon-submit,pegasus::rc-client,/mnt/poseidon-data/poseidon/pegasus-5.1.0panorama/bin/pegasus-rc-client,"-n pegasus::rc-client -N null -R local  -L casa-wind-full -T 2023-09-08T07:29:05+00:00 /home/poseidon/pegasus-5.1.0panorama/bin/pegasus-rc-client --prefix pegasus.catalog.replica.output --conf /mnt/poseidon-data/poseidon/workflows/casa-wind-workflow-full/submit/poseidon/pegasus/casa-wind-full/run0337/pegasus.15847676196777694535.properties -v --meta /mnt/poseidon-data/poseidon/workflows/casa-wind-workflow-full/submit/poseidon/pegasus/casa-wind-full/run0337/00/03/point_alert_ID0000110.meta,/mnt/poseidon-data/poseidon/workflows/casa-wind-workflow-full/submit/poseidon/pegasus/casa-wind-full/run0337/00/03/point_alert_ID0000055.meta,/mnt/poseidon-data/poseidon/workflows/casa-wind-workflow-full/submit/poseidon/pegasus/casa-wind-full/run0337/00/02/point_alert_ID0000115.meta,/mnt/poseidon-data/poseidon/workflows/casa-wind-workflow-full/submit/poseidon/pegasus/casa-wind-full/run0337/00/02/point_alert_ID0000120.meta,/mnt/poseidon-data/poseidon/workflows/casa-wind-workflow-full/submit/poseidon/pegasus/casa-wind-full/run0337/00/02/point_alert_ID0000035.meta,/mnt/poseidon-data/poseidon/workflows/casa-wind-workflow-full/submit/poseidon/pegasus/casa-wind-full/run0337/00/02/point_alert_ID0000015.meta,/mnt/poseidon-data/poseidon/workflows/casa-wind-workflow-full/submit/poseidon/pegasus/casa-wind-full/run0337/00/02/point_alert_ID0000065.meta,/mnt/poseidon-data/poseidon/workflows/casa-wind-workflow-full/submit/poseidon/pegasus/casa-wind-full/run0337/00/02/point_alert_ID0000005.meta --insert /mnt/poseidon-data/poseidon/workflows/casa-wind-workflow-full/submit/poseidon/pegasus/casa-wind-full/run0337/00/03/register_condorpool_3_2.in",2.6,0,0,,,,,,,,,
register_condorpool_3_0,None,auxiliary,0,1694440823.0,,,1694440848.0,,,0.0,1694440848.0,1694440853.0,,,0.0,1694440853.0,1694440858.0,25.0,,0.0,5.0,5.0,,,,,poseidon,local,poseidon-submit,pegasus::rc-client,/mnt/poseidon-data/poseidon/pegasus-5.1.0panorama/bin/pegasus-rc-client,"-n pegasus::rc-client -N null -R local  -L casa-wind-full -T 2023-09-08T07:29:05+00:00 /home/poseidon/pegasus-5.1.0panorama/bin/pegasus-rc-client --prefix pegasus.catalog.replica.output --conf /mnt/poseidon-data/poseidon/workflows/casa-wind-workflow-full/submit/poseidon/pegasus/casa-wind-full/run0337/pegasus.15847676196777694535.properties -v --meta /mnt/poseidon-data/poseidon/workflows/casa-wind-workflow-full/submit/poseidon/pegasus/casa-wind-full/run0337/00/02/point_alert_ID0000125.meta,/mnt/poseidon-data/poseidon/workflows/casa-wind-workflow-full/submit/poseidon/pegasus/casa-wind-full/run0337/00/02/point_alert_ID0000095.meta,/mnt/poseidon-data/poseidon/workflows/casa-wind-workflow-full/submit/poseidon/pegasus/casa-wind-full/run0337/00/03/point_alert_ID0000060.meta,/mnt/poseidon-data/poseidon/workflows/casa-wind-workflow-full/submit/poseidon/pegasus/casa-wind-full/run0337/00/02/point_alert_ID0000030.meta,/mnt/poseidon-data/poseidon/workflows/casa-wind-workflow-full/submit/poseidon/pegasus/casa-wind-full/run0337/00/02/point_alert_ID0000025.meta,/mnt/poseidon-data/poseidon/workflows/casa-wind-workflow-full/submit/poseidon/pegasus/casa-wind-full/run0337/00/03/point_alert_ID0000045.meta,/mnt/poseidon-data/poseidon/workflows/casa-wind-workflow-full/submit/poseidon/pegasus/casa-wind-full/run0337/00/02/point_alert_ID0000130.meta,/mnt/poseidon-data/poseidon/workflows/casa-wind-workflow-full/submit/poseidon/pegasus/casa-wind-full/run0337/00/02/point_alert_ID0000070.meta,/mnt/poseidon-data/poseidon/workflows/casa-wind-workflow-full/submit/poseidon/pegasus/casa-wind-full/run0337/00/02/point_alert_ID0000080.meta --insert /mnt/poseidon-data/poseidon/workflows/casa-wind-workflow-full/submit/poseidon/pegasus/casa-wind-full/run0337/00/03/register_condorpool_3_0.in",2.6,0,0,,,,,,,,,
cleanup_casa-wind-full_0_condorpool,None,auxiliary,0,1694440823.0,,,1694440828.0,,,0.0,1694440829.0,1694440838.0,,,0.0,1694440838.0,1694440843.0,5.0,,1.0,9.0,5.0,,,,,poseidon,local,poseidon-submit,pegasus::cleanup,/mnt/poseidon-data/poseidon/pegasus-5.1.0panorama/bin/pegasus-transfer,pegasus-kickstart  -n pegasus::cleanup -N null -i - -R local  -L casa-wind-full -T 2023-09-08T07:29:05+00:00 pegasus-transfer,0.2,0,0,,,,,,,,,
register_condorpool_3_1,None,auxiliary,0,1694440823.0,,,1694440838.0,,,0.0,1694440839.0,1694440843.0,,,0.0,1694440843.0,1694440848.0,15.0,,1.0,4.0,5.0,,,,,poseidon,local,poseidon-submit,pegasus::rc-client,/mnt/poseidon-data/poseidon/pegasus-5.1.0panorama/bin/pegasus-rc-client,"-n pegasus::rc-client -N null -R local  -L casa-wind-full -T 2023-09-08T07:29:05+00:00 /home/poseidon/pegasus-5.1.0panorama/bin/pegasus-rc-client --prefix pegasus.catalog.replica.output --conf /mnt/poseidon-data/poseidon/workflows/casa-wind-workflow-full/submit/poseidon/pegasus/casa-wind-full/run0337/pegasus.15847676196777694535.properties -v --meta /mnt/poseidon-data/poseidon/workflows/casa-wind-workflow-full/submit/poseidon/pegasus/casa-wind-full/run0337/00/02/point_alert_ID0000010.meta,/mnt/poseidon-data/poseidon/workflows/casa-wind-workflow-full/submit/poseidon/pegasus/casa-wind-full/run0337/00/02/point_alert_ID0000090.meta,/mnt/poseidon-data/poseidon/workflows/casa-wind-workflow-full/submit/poseidon/pegasus/casa-wind-full/run0337/00/02/point_alert_ID0000085.meta,/mnt/poseidon-data/poseidon/workflows/casa-wind-workflow-full/submit/poseidon/pegasus/casa-wind-full/run0337/00/02/point_alert_ID0000075.meta,/mnt/poseidon-data/poseidon/workflows/casa-wind-workflow-full/submit/poseidon/pegasus/casa-wind-full/run0337/00/02/point_alert_ID0000100.meta,/mnt/poseidon-data/poseidon/workflows/casa-wind-workflow-full/submit/poseidon/pegasus/casa-wind-full/run0337/00/03/point_alert_ID0000040.meta,/mnt/poseidon-data/poseidon/workflows/casa-wind-workflow-full/submit/poseidon/pegasus/casa-wind-full/run0337/00/02/point_alert_ID0000020.meta,/mnt/poseidon-data/poseidon/workflows/casa-wind-workflow-full/submit/poseidon/pegasus/casa-wind-full/run0337/00/03/point_alert_ID0000050.meta,/mnt/poseidon-data/poseidon/workflows/casa-wind-workflow-full/submit/poseidon/pegasus/casa-wind-full/run0337/00/03/point_alert_ID0000105.meta --insert /mnt/poseidon-data/poseidon/workflows/casa-wind-workflow-full/submit/poseidon/pegasus/casa-wind-full/run0337/00/03/register_condorpool_3_1.in",2.6,0,0,,,,,,,,,
