,anomaly_type,type,is_clustered,ready,pre_script_start,pre_script_end,submit,stage_in_start,stage_in_end,stage_in_effective_bytes_per_sec,execute_start,execute_end,stage_out_start,stage_out_end,stage_out_effective_bytes_per_sec,post_script_start,post_script_end,wms_delay,pre_script_delay,queue_delay,runtime,post_script_delay,stage_in_delay,stage_in_bytes,stage_out_delay,stage_out_bytes,kickstart_user,kickstart_site,kickstart_hostname,kickstart_transformations,kickstart_executables,kickstart_executables_argv,kickstart_executables_cpu_time,kickstart_status,kickstart_executables_exitcode,kickstart_online_iowait,kickstart_online_bytes_read,kickstart_online_bytes_written,kickstart_online_read_system_calls,kickstart_online_write_system_calls,kickstart_online_utime,kickstart_online_stime,kickstart_online_bytes_read_per_second,kickstart_online_bytes_written_per_second
create_dir_casa-wind-full_0_condorpool,None,auxiliary,0,1694385962.0,,,1694385963.0,,,0.0,1694385967.0,1694385973.0,,,0.0,1694385973.0,1694385978.0,1.0,,4.0,6.0,5.0,,,,,poseidon,local,poseidon-submit,pegasus::dirmanager,/mnt/poseidon-data/poseidon/pegasus-5.1.0panorama/bin/pegasus-transfer,pegasus-kickstart  -n pegasus::dirmanager -N null -i - -R local  -L casa-wind-full -T 2023-09-08T07:29:05+00:00 pegasus-transfer,0.2,0,0,,,,,,,,,
unzip_ID0000006,cpu_2,compute,0,1694385978.0,,,1694385984.0,1694385992.0,1694386002.0,22590473.0,1694385990.0,1694386039.0,1694386015.0,1694386032.0,29530217.0,1694386039.0,1694386044.0,6.0,,6.0,49.0,5.0,10.0,222753803.0,17.0,501616588.0,poseidon,condorpool,poseidon-worker-1-container-40-43,unzip,/usr/bin/gunzip,,3.9,0,0,,,,,,,,,
unzip_ID0000106,None,compute,0,1694385978.0,,,1694385984.0,1694385995.0,1694386004.0,27056446.0,1694385993.0,1694386049.0,1694386017.0,1694386040.0,21037763.0,1694386049.0,1694386054.0,6.0,,9.0,56.0,5.0,9.0,241199298.0,23.0,501821816.0,poseidon,condorpool,poseidon-worker-1-container-0-3,unzip,/usr/bin/gunzip,,4.1,0,0,,,,,,,,,
unzip_ID0000046,cpu_2,compute,0,1694385978.0,,,1694385984.0,1694385992.0,1694386000.0,29112410.0,1694385990.0,1694386034.0,1694386014.0,1694386024.0,52000910.0,1694386034.0,1694386039.0,6.0,,6.0,44.0,5.0,8.0,229692821.0,10.0,523855228.0,poseidon,condorpool,poseidon-worker-2-container-8-11,unzip,/usr/bin/gunzip,,4.0,0,0,,,,,,,,,
unzip_ID0000101,None,compute,0,1694385978.0,,,1694385984.0,1694385992.0,1694386002.0,25363866.0,1694385991.0,1694386054.0,1694386017.0,1694386044.0,20612723.0,1694386054.0,1694386059.0,6.0,,7.0,63.0,5.0,10.0,250988249.0,27.0,561551644.0,poseidon,condorpool,poseidon-worker-2-container-12-15,unzip,/usr/bin/gunzip,,4.4,0,0,,,,,,,,,
unzip_ID0000026,None,compute,0,1694385978.0,,,1694385984.0,1694385992.0,1694386000.0,26878045.0,1694385990.0,1694386029.0,1694386013.0,1694386022.0,53580390.0,1694386029.0,1694386034.0,6.0,,6.0,39.0,5.0,8.0,227963832.0,9.0,523917888.0,poseidon,condorpool,poseidon-worker-2-container-16-19,unzip,/usr/bin/gunzip,,4.0,0,0,,,,,,,,,
unzip_ID0000126,None,compute,0,1694385978.0,,,1694385984.0,1694385993.0,1694386002.0,27914174.0,1694385991.0,1694386044.0,1694386017.0,1694386037.0,25033260.0,1694386044.0,1694386049.0,6.0,,7.0,53.0,5.0,9.0,249343892.0,20.0,520618424.0,poseidon,condorpool,poseidon-worker-2-container-20-23,unzip,/usr/bin/gunzip,,4.2,0,0,,,,,,,,,
unzip_ID0000031,cpu_2,compute,0,1694385978.0,,,1694385983.0,1694385992.0,1694386001.0,24885238.0,1694385990.0,1694386044.0,1694386015.0,1694386035.0,26942808.0,1694386044.0,1694386049.0,5.0,,7.0,54.0,5.0,9.0,237517035.0,20.0,539438752.0,poseidon,condorpool,poseidon-worker-1-container-28-31,unzip,/usr/bin/gunzip,,4.2,0,0,,,,,,,,,
unzip_ID0000011,None,compute,0,1694385978.0,,,1694385983.0,1694385992.0,1694386001.0,25555252.0,1694385990.0,1694386034.0,1694386014.0,1694386026.0,46383796.0,1694386034.0,1694386039.0,5.0,,7.0,44.0,5.0,9.0,235998389.0,12.0,565205920.0,poseidon,condorpool,poseidon-worker-2-container-4-7,unzip,/usr/bin/gunzip,,4.2,0,0,,,,,,,,,
unzip_ID0000056,None,compute,0,1694385978.0,,,1694385983.0,1694385992.0,1694386002.0,23047410.0,1694385990.0,1694386044.0,1694386015.0,1694386038.0,22936002.0,1694386044.0,1694386049.0,5.0,,7.0,54.0,5.0,10.0,232139969.0,23.0,528026776.0,poseidon,condorpool,poseidon-worker-1-container-24-27,unzip,/usr/bin/gunzip,,4.1,0,0,,,,,,,,,
unzip_ID0000111,None,compute,0,1694385978.0,,,1694385983.0,1694385992.0,1694385999.0,36005093.0,1694385990.0,1694386029.0,1694386011.0,1694386020.0,63377791.0,1694386029.0,1694386034.0,5.0,,7.0,39.0,5.0,7.0,256320311.0,9.0,567950764.0,poseidon,condorpool,poseidon-worker-2-container-0-3,unzip,/usr/bin/gunzip,,4.3,0,0,,,,,,,,,
unzip_ID0000071,None,compute,0,1694385978.0,,,1694385983.0,1694385993.0,1694386001.0,27074542.0,1694385991.0,1694386054.0,1694386015.0,1694386046.0,17651201.0,1694386054.0,1694386059.0,5.0,,8.0,63.0,5.0,8.0,240896692.0,31.0,539506600.0,poseidon,condorpool,poseidon-worker-1-container-8-11,unzip,/usr/bin/gunzip,,4.2,0,0,,,,,,,,,
unzip_ID0000051,None,compute,0,1694385978.0,,,1694385983.0,1694385992.0,1694386002.0,25192966.0,1694385991.0,1694386054.0,1694386015.0,1694386046.0,17888505.0,1694386054.0,1694386059.0,5.0,,8.0,63.0,5.0,10.0,239630266.0,31.0,544301296.0,poseidon,condorpool,poseidon-worker-2-container-40-43,unzip,/usr/bin/gunzip,,4.2,0,0,,,,,,,,,
unzip_ID0000076,None,compute,0,1694385978.0,,,1694385983.0,1694385994.0,1694386004.0,23235609.0,1694385992.0,1694386054.0,1694386017.0,1694386044.0,19324823.0,1694386054.0,1694386059.0,5.0,,9.0,62.0,5.0,10.0,233747923.0,27.0,523942844.0,poseidon,condorpool,poseidon-worker-1-container-4-7,unzip,/usr/bin/gunzip,,4.1,0,0,,,,,,,,,
unzip_ID0000091,None,compute,0,1694385978.0,,,1694385983.0,1694385993.0,1694386003.0,24065919.0,1694385991.0,1694386049.0,1694386017.0,1694386041.0,21803088.0,1694386049.0,1694386054.0,5.0,,8.0,58.0,5.0,10.0,246447087.0,24.0,539109992.0,poseidon,condorpool,poseidon-worker-1-container-20-23,unzip,/usr/bin/gunzip,,4.3,0,0,,,,,,,,,
unzip_ID0000096,None,compute,0,1694385978.0,,,1694385983.0,1694385992.0,1694386002.0,24872582.0,1694385990.0,1694386049.0,1694386017.0,1694386040.0,23165116.0,1694386049.0,1694386054.0,5.0,,7.0,59.0,5.0,10.0,240753402.0,23.0,524013876.0,poseidon,condorpool,poseidon-worker-2-container-36-39,unzip,/usr/bin/gunzip,,4.2,0,0,,,,,,,,,
unzip_ID0000041,cpu_2,compute,0,1694385978.0,,,1694385983.0,1694385993.0,1694386003.0,24502904.0,1694385991.0,1694386049.0,1694386016.0,1694386042.0,21329804.0,1694386049.0,1694386054.0,5.0,,8.0,58.0,5.0,10.0,238944758.0,26.0,540768928.0,poseidon,condorpool,poseidon-worker-1-container-44-47,unzip,/usr/bin/gunzip,,4.2,0,0,,,,,,,,,
unzip_ID0000061,cpu_2,compute,0,1694385978.0,,,1694385983.0,1694385992.0,1694386002.0,25313889.0,1694385990.0,1694386054.0,1694386015.0,1694386044.0,18429017.0,1694386054.0,1694386059.0,5.0,,7.0,64.0,5.0,10.0,240463185.0,29.0,541945820.0,poseidon,condorpool,poseidon-worker-1-container-40-43,unzip,/usr/bin/gunzip,,4.2,0,0,,,,,,,,,
unzip_ID0000001,None,compute,0,1694385978.0,,,1694385983.0,1694385992.0,1694386000.0,28941132.0,1694385990.0,1694386034.0,1694386014.0,1694386025.0,52338926.0,1694386034.0,1694386039.0,5.0,,7.0,44.0,5.0,8.0,232473216.0,11.0,561354992.0,poseidon,condorpool,poseidon-worker-2-container-24-27,unzip,/usr/bin/gunzip,,4.1,0,0,,,,,,,,,
unzip_ID0000121,None,compute,0,1694385978.0,,,1694385983.0,1694385992.0,1694386002.0,25713874.0,1694385990.0,1694386044.0,1694386016.0,1694386037.0,25400797.0,1694386044.0,1694386049.0,5.0,,7.0,54.0,5.0,10.0,250860096.0,21.0,550782944.0,poseidon,condorpool,poseidon-worker-2-container-44-47,unzip,/usr/bin/gunzip,,4.3,0,0,,,,,,,,,
unzip_ID0000066,None,compute,0,1694385978.0,,,1694385983.0,1694385992.0,1694386000.0,28010221.0,1694385990.0,1694386029.0,1694386013.0,1694386022.0,55111251.0,1694386029.0,1694386034.0,5.0,,7.0,39.0,5.0,8.0,232031705.0,9.0,523661496.0,poseidon,condorpool,poseidon-worker-1-container-36-39,unzip,/usr/bin/gunzip,,4.0,0,0,,,,,,,,,
unzip_ID0000081,None,compute,0,1694385978.0,,,1694385983.0,1694385992.0,1694386001.0,26191466.0,1694385990.0,1694386044.0,1694386015.0,1694386036.0,26110287.0,1694386044.0,1694386049.0,5.0,,7.0,54.0,5.0,9.0,245619741.0,21.0,543190672.0,poseidon,condorpool,poseidon-worker-1-container-0-3,unzip,/usr/bin/gunzip,,4.3,0,0,,,,,,,,,
unzip_ID0000086,None,compute,0,1694385978.0,,,1694385983.0,1694385993.0,1694386001.0,28083468.0,1694385991.0,1694386044.0,1694386015.0,1694386036.0,24778244.0,1694386044.0,1694386049.0,5.0,,8.0,53.0,5.0,8.0,234836668.0,21.0,518838800.0,poseidon,condorpool,poseidon-worker-1-container-32-35,unzip,/usr/bin/gunzip,,4.0,0,0,,,,,,,,,
unzip_ID0000016,None,compute,0,1694385978.0,,,1694385983.0,1694385992.0,1694385999.0,34829502.0,1694385990.0,1694386029.0,1694386011.0,1694386020.0,60795602.0,1694386029.0,1694386034.0,5.0,,7.0,39.0,5.0,7.0,225238888.0,9.0,523826084.0,poseidon,condorpool,poseidon-worker-2-container-32-35,unzip,/usr/bin/gunzip,,3.9,0,0,,,,,,,,,
unzip_ID0000036,None,compute,0,1694385978.0,,,1694385983.0,1694385992.0,1694386001.0,27304863.0,1694385990.0,1694386034.0,1694386014.0,1694386024.0,50020576.0,1694386034.0,1694386039.0,5.0,,7.0,44.0,5.0,9.0,232020704.0,10.0,526952240.0,poseidon,condorpool,poseidon-worker-1-container-16-19,unzip,/usr/bin/gunzip,,4.0,0,0,,,,,,,,,
unzip_ID0000116,None,compute,0,1694385978.0,,,1694385983.0,1694385992.0,1694385999.0,37361640.0,1694385990.0,1694386029.0,1694386011.0,1694386020.0,61266747.0,1694386029.0,1694386034.0,5.0,,7.0,39.0,5.0,7.0,249255741.0,9.0,520850676.0,poseidon,condorpool,poseidon-worker-1-container-12-15,unzip,/usr/bin/gunzip,,4.1,0,0,,,,,,,,,
unzip_ID0000021,cpu_2,compute,0,1694385978.0,,,1694385983.0,1694385992.0,1694385999.0,34578484.0,1694385990.0,1694386029.0,1694386011.0,1694386020.0,61010968.0,1694386029.0,1694386034.0,5.0,,7.0,39.0,5.0,7.0,235136662.0,9.0,539178100.0,poseidon,condorpool,poseidon-worker-2-container-28-31,unzip,/usr/bin/gunzip,,4.0,0,0,,,,,,,,,
um_vel_ID0000112,cpu_2,compute,0,1694386034.0,,,1694386039.0,1694386042.0,1694386061.0,57398484.2,1694386041.0,1694386084.0,1694386070.0,1694386073.0,173574.0,1694386084.0,1694386089.0,5.0,,2.0,43.0,5.0,19.0,744537516.0,3.0,556900.0,poseidon,condorpool,poseidon-worker-2-container-28-31,um_vel,/opt/UM_VEL/UM_VEL,,1.8,0,0,,,,,,,,,
um_vel_ID0000117,None,compute,0,1694386034.0,,,1694386039.0,1694386042.0,1694386062.0,49759360.1,1694386041.0,1694386084.0,1694386070.0,1694386073.0,177202.0,1694386084.0,1694386089.0,5.0,,2.0,43.0,5.0,20.0,697437428.0,3.0,556900.0,poseidon,condorpool,poseidon-worker-1-container-12-15,um_vel,/opt/UM_VEL/UM_VEL,,1.7,0,0,,,,,,,,,
um_vel_ID0000027,None,compute,0,1694386034.0,,,1694386039.0,1694386042.0,1694386062.0,49814644.3,1694386041.0,1694386084.0,1694386070.0,1694386074.0,175006.0,1694386084.0,1694386089.0,5.0,,2.0,43.0,5.0,20.0,700504640.0,4.0,556900.0,poseidon,condorpool,poseidon-worker-2-container-0-3,um_vel,/opt/UM_VEL/UM_VEL,,1.8,0,0,,,,,,,,,
um_vel_ID0000017,None,compute,0,1694386034.0,,,1694386039.0,1694386042.0,1694386063.0,47881360.8,1694386041.0,1694386084.0,1694386071.0,1694386074.0,172362.0,1694386084.0,1694386089.0,5.0,,2.0,43.0,5.0,21.0,700412836.0,3.0,556900.0,poseidon,condorpool,poseidon-worker-1-container-16-19,um_vel,/opt/UM_VEL/UM_VEL,,1.8,0,0,,,,,,,,,
um_vel_ID0000067,cpu_2,compute,0,1694386034.0,,,1694386039.0,1694386042.0,1694386062.0,51639281.0,1694386041.0,1694386084.0,1694386070.0,1694386073.0,170484.0,1694386084.0,1694386089.0,5.0,,2.0,43.0,5.0,20.0,700248248.0,3.0,556900.0,poseidon,condorpool,poseidon-worker-1-container-40-43,um_vel,/opt/UM_VEL/UM_VEL,,1.7,0,0,,,,,,,,,
um_vel_ID0000022,None,compute,0,1694386034.0,,,1694386039.0,1694386042.0,1694386063.0,47836489.5,1694386041.0,1694386084.0,1694386072.0,1694386075.0,175136.0,1694386084.0,1694386089.0,5.0,,2.0,43.0,5.0,21.0,715764852.0,3.0,556900.0,poseidon,condorpool,poseidon-worker-2-container-16-19,um_vel,/opt/UM_VEL/UM_VEL,,1.7,0,0,,,,,,,,,
um_vel_ID0000037,cpu_2,compute,0,1694386039.0,,,1694386044.0,1694386047.0,1694386066.0,51833789.0,1694386045.0,1694386084.0,1694386074.0,1694386077.0,178355.0,1694386084.0,1694386089.0,5.0,,1.0,39.0,5.0,19.0,703538992.0,3.0,556900.0,poseidon,condorpool,poseidon-worker-1-container-28-31,um_vel,/opt/UM_VEL/UM_VEL,,1.7,0,0,,,,,,,,,
um_vel_ID0000002,None,compute,0,1694386039.0,,,1694386044.0,1694386047.0,1694386067.0,48929224.6,1694386045.0,1694386089.0,1694386076.0,1694386079.0,172512.0,1694386089.0,1694386094.0,5.0,,1.0,44.0,5.0,20.0,737941744.0,3.0,556900.0,poseidon,condorpool,poseidon-worker-2-container-20-23,um_vel,/opt/UM_VEL/UM_VEL,,1.8,0,0,,,,,,,,,
um_vel_ID0000047,None,compute,0,1694386039.0,,,1694386044.0,1694386047.0,1694386066.0,50818522.4,1694386045.0,1694386084.0,1694386075.0,1694386078.0,176011.0,1694386084.0,1694386089.0,5.0,,1.0,39.0,5.0,19.0,700441980.0,3.0,556900.0,poseidon,condorpool,poseidon-worker-2-container-44-47,um_vel,/opt/UM_VEL/UM_VEL,,1.7,0,0,,,,,,,,,
um_vel_ID0000012,None,compute,0,1694386039.0,,,1694386044.0,1694386047.0,1694386068.0,48494671.7,1694386045.0,1694386089.0,1694386077.0,1694386080.0,176196.0,1694386089.0,1694386094.0,5.0,,1.0,44.0,5.0,21.0,741792672.0,3.0,556900.0,poseidon,condorpool,poseidon-worker-1-container-0-3,um_vel,/opt/UM_VEL/UM_VEL,,1.8,0,0,,,,,,,,,
um_vel_ID0000007,None,compute,0,1694386044.0,,,1694386049.0,1694386052.0,1694386071.0,49301841.5,1694386050.0,1694386094.0,1694386080.0,1694386083.0,178301.0,1694386094.0,1694386099.0,5.0,,1.0,44.0,5.0,19.0,678203340.0,3.0,556900.0,poseidon,condorpool,poseidon-worker-1-container-20-23,um_vel,/opt/UM_VEL/UM_VEL,,1.7,0,0,,,,,,,,,
um_vel_ID0000127,None,compute,0,1694386049.0,,,1694386054.0,1694386057.0,1694386076.0,52145007.1,1694386056.0,1694386094.0,1694386085.0,1694386089.0,177636.0,1694386094.0,1694386099.0,5.0,,2.0,38.0,5.0,19.0,697205176.0,4.0,556900.0,poseidon,condorpool,poseidon-worker-1-container-4-7,um_vel,/opt/UM_VEL/UM_VEL,,1.7,0,0,,,,,,,,,
um_vel_ID0000057,None,compute,0,1694386049.0,,,1694386054.0,1694386058.0,1694386076.0,53814999.8,1694386056.0,1694386094.0,1694386085.0,1694386088.0,177101.0,1694386094.0,1694386099.0,5.0,,2.0,38.0,5.0,18.0,704613528.0,3.0,556900.0,poseidon,condorpool,poseidon-worker-2-container-40-43,um_vel,/opt/UM_VEL/UM_VEL,,1.7,0,0,,,,,,,,,
um_vel_ID0000032,None,compute,0,1694386049.0,,,1694386054.0,1694386057.0,1694386078.0,47823681.9,1694386056.0,1694386099.0,1694386086.0,1694386089.0,177776.0,1694386099.0,1694386104.0,5.0,,2.0,43.0,5.0,21.0,716025504.0,3.0,556900.0,poseidon,condorpool,poseidon-worker-2-container-12-15,um_vel,/opt/UM_VEL/UM_VEL,,1.6,0,0,,,,,,,,,
um_vel_ID0000087,None,compute,0,1694386049.0,,,1694386054.0,1694386057.0,1694386077.0,51192194.6,1694386056.0,1694386094.0,1694386085.0,1694386089.0,177490.0,1694386094.0,1694386099.0,5.0,,2.0,38.0,5.0,20.0,695425552.0,4.0,556900.0,poseidon,condorpool,poseidon-worker-1-container-0-3,um_vel,/opt/UM_VEL/UM_VEL,,1.7,0,0,,,,,,,,,
um_vel_ID0000082,None,compute,0,1694386049.0,,,1694386054.0,1694386057.0,1694386077.0,51215098.8,1694386056.0,1694386094.0,1694386086.0,1694386089.0,176378.0,1694386094.0,1694386099.0,5.0,,2.0,38.0,5.0,20.0,719777424.0,3.0,556900.0,poseidon,condorpool,poseidon-worker-2-container-36-39,um_vel,/opt/UM_VEL/UM_VEL,,1.7,0,0,,,,,,,,,
um_vel_ID0000122,cpu_2,compute,0,1694386049.0,,,1694386054.0,1694386058.0,1694386078.0,50927200.4,1694386056.0,1694386099.0,1694386086.0,1694386089.0,179090.0,1694386099.0,1694386104.0,5.0,,2.0,43.0,5.0,20.0,727369696.0,3.0,556900.0,poseidon,condorpool,poseidon-worker-1-container-40-43,um_vel,/opt/UM_VEL/UM_VEL,,1.7,0,0,,,,,,,,,
um_vel_ID0000097,cpu_2,compute,0,1694386054.0,,,1694386059.0,1694386062.0,1694386081.0,53739694.5,1694386061.0,1694386099.0,1694386090.0,1694386093.0,178542.0,1694386099.0,1694386104.0,5.0,,2.0,38.0,5.0,19.0,700600628.0,3.0,556900.0,poseidon,condorpool,poseidon-worker-1-container-44-47,um_vel,/opt/UM_VEL/UM_VEL,,1.7,0,0,,,,,,,,,
um_vel_ID0000092,None,compute,0,1694386054.0,,,1694386059.0,1694386062.0,1694386082.0,50827169.8,1694386060.0,1694386099.0,1694386090.0,1694386093.0,177600.0,1694386099.0,1694386104.0,5.0,,1.0,39.0,5.0,20.0,715696744.0,3.0,556900.0,poseidon,condorpool,poseidon-worker-1-container-32-35,um_vel,/opt/UM_VEL/UM_VEL,,1.7,0,0,,,,,,,,,
um_vel_ID0000042,None,compute,0,1694386054.0,,,1694386059.0,1694386062.0,1694386081.0,52825246.0,1694386060.0,1694386099.0,1694386090.0,1694386093.0,175940.0,1694386099.0,1694386104.0,5.0,,1.0,39.0,5.0,19.0,717355680.0,3.0,556900.0,poseidon,condorpool,poseidon-worker-1-container-24-27,um_vel,/opt/UM_VEL/UM_VEL,,1.7,0,0,,,,,,,,,
um_vel_ID0000107,None,compute,0,1694386054.0,,,1694386059.0,1694386062.0,1694386080.0,52343262.0,1694386060.0,1694386099.0,1694386089.0,1694386092.0,178738.0,1694386099.0,1694386104.0,5.0,,1.0,39.0,5.0,18.0,678408568.0,3.0,556900.0,poseidon,condorpool,poseidon-worker-1-container-8-11,um_vel,/opt/UM_VEL/UM_VEL,,1.7,0,0,,,,,,,,,
um_vel_ID0000072,cpu_2,compute,0,1694386059.0,,,1694386064.0,1694386084.0,1694386105.0,47167650.2,1694386082.0,1694386124.0,1694386113.0,1694386116.0,180262.0,1694386124.0,1694386129.0,5.0,,18.0,42.0,5.0,21.0,716093352.0,3.0,556900.0,poseidon,condorpool,poseidon-worker-1-container-44-47,um_vel,/opt/UM_VEL/UM_VEL,,1.7,0,0,,,,,,,,,
um_vel_ID0000052,cpu_2,compute,0,1694386059.0,,,1694386064.0,1694386084.0,1694386104.0,48032932.8,1694386082.0,1694386124.0,1694386113.0,1694386116.0,180434.0,1694386124.0,1694386129.0,5.0,,18.0,42.0,5.0,20.0,720888048.0,3.0,556900.0,poseidon,condorpool,poseidon-worker-2-container-28-31,um_vel,/opt/UM_VEL/UM_VEL,,1.7,0,0,,,,,,,,,
stage_out_local_condorpool_0_1,None,transfer,0,1694386059.0,,,1694386064.0,,,0.0,1694386065.0,1694386099.0,,,0.0,1694386099.0,1694386104.0,5.0,,1.0,34.0,5.0,,,,,poseidon,local,poseidon-submit,pegasus::transfer,/mnt/poseidon-data/poseidon/pegasus-5.1.0panorama/bin/pegasus-transfer,/home/poseidon/pegasus-5.1.0panorama/bin/../bin/pegasus-kickstart  -n pegasus::transfer -N null -i - -R local  -L casa-wind-full -T 2023-09-08T07:29:05+00:00 /home/poseidon/pegasus-5.1.0panorama/bin/../bin/pegasus-transfer  --threads 2,34.8,0,0,,,,,,,,,
stage_out_local_condorpool_0_0,None,transfer,0,1694386059.0,,,1694386064.0,,,0.0,1694386065.0,1694386099.0,,,0.0,1694386099.0,1694386104.0,5.0,,1.0,34.0,5.0,,,,,poseidon,local,poseidon-submit,pegasus::transfer,/mnt/poseidon-data/poseidon/pegasus-5.1.0panorama/bin/pegasus-transfer,/home/poseidon/pegasus-5.1.0panorama/bin/../bin/pegasus-kickstart  -n pegasus::transfer -N null -i - -R local  -L casa-wind-full -T 2023-09-08T07:29:05+00:00 /home/poseidon/pegasus-5.1.0panorama/bin/../bin/pegasus-transfer  --threads 2,35.9,0,0,,,,,,,,,
stage_out_local_condorpool_0_2,None,transfer,0,1694386059.0,,,1694386064.0,,,0.0,1694386065.0,1694386099.0,,,0.0,1694386099.0,1694386104.0,5.0,,1.0,34.0,5.0,,,,,poseidon,local,poseidon-submit,pegasus::transfer,/mnt/poseidon-data/poseidon/pegasus-5.1.0panorama/bin/pegasus-transfer,/home/poseidon/pegasus-5.1.0panorama/bin/../bin/pegasus-kickstart  -n pegasus::transfer -N null -i - -R local  -L casa-wind-full -T 2023-09-08T07:29:05+00:00 /home/poseidon/pegasus-5.1.0panorama/bin/../bin/pegasus-transfer  --threads 2,35.4,0,0,,,,,,,,,
um_vel_ID0000062,cpu_2,compute,0,1694386059.0,,,1694386064.0,1694386084.0,1694386106.0,44042460.9,1694386082.0,1694386129.0,1694386115.0,1694386118.0,172011.0,1694386129.0,1694386134.0,5.0,,18.0,47.0,5.0,22.0,718532572.0,3.0,556900.0,poseidon,condorpool,poseidon-worker-1-container-40-43,um_vel,/opt/UM_VEL/UM_VEL,,1.7,0,0,,,,,,,,,
um_vel_ID0000077,None,compute,0,1694386059.0,,,1694386064.0,1694386084.0,1694386104.0,48758051.4,1694386082.0,1694386124.0,1694386113.0,1694386116.0,179142.0,1694386124.0,1694386129.0,5.0,,18.0,42.0,5.0,20.0,700529596.0,3.0,556900.0,poseidon,condorpool,poseidon-worker-1-container-0-3,um_vel,/opt/UM_VEL/UM_VEL,,1.6,0,0,,,,,,,,,
um_vel_ID0000102,None,compute,0,1694386059.0,,,1694386064.0,1694386084.0,1694386103.0,55513399.8,1694386082.0,1694386124.0,1694386111.0,1694386114.0,176936.0,1694386124.0,1694386129.0,5.0,,18.0,42.0,5.0,19.0,738138396.0,3.0,556900.0,poseidon,condorpool,poseidon-worker-2-container-44-47,um_vel,/opt/UM_VEL/UM_VEL,,1.7,0,0,,,,,,,,,
mvt_ID0000019,None,compute,0,1694386089.0,,,1694386094.0,1694386098.0,1694386109.0,32195008.4,1694386096.0,1694386164.0,1694386154.0,1694386157.0,11735.0,1694386164.0,1694386169.0,5.0,,2.0,68.0,5.0,11.0,177143652.0,3.0,36245.0,poseidon,condorpool,poseidon-worker-2-container-40-43,mvt,/opt/mvt/mvt,,39.7,0,0,0.0,789141.0,20480.0,422.0,5.0,29.9,0.1,26304.7,1024.0
mvt_ID0000114,None,compute,0,1694386089.0,,,1694386094.0,1694386098.0,1694386109.0,34952296.4,1694386096.0,1694386164.0,1694386155.0,1694386158.0,23654.0,1694386164.0,1694386169.0,5.0,,2.0,68.0,5.0,11.0,177143652.0,3.0,73234.0,poseidon,condorpool,poseidon-worker-1-container-0-3,mvt,/opt/mvt/mvt,,40.1,0,0,0.0,849163.0,40960.0,560.0,10.0,39.9,0.1,21229.1,4096.0
post_vel_ID0000113,None,compute,0,1694386089.0,,,1694386094.0,1694386097.0,1694386108.0,33299265.4,1694386096.0,1694386124.0,1694386114.0,1694386117.0,4833.0,1694386124.0,1694386129.0,5.0,,2.0,28.0,5.0,11.0,177143937.0,3.0,14745.0,poseidon,condorpool,poseidon-worker-2-container-0-3,post_vel,/opt/netcdf2png/merged_netcdf2png,,0.1,0,0,,,,,,,,,
mvt_ID0000029,cpu_2,compute,0,1694386089.0,,,1694386094.0,1694386099.0,1694386109.0,34956033.2,1694386097.0,1694386164.0,1694386155.0,1694386158.0,12616.0,1694386164.0,1694386169.0,5.0,,3.0,67.0,5.0,10.0,177143652.0,3.0,38341.0,poseidon,condorpool,poseidon-worker-2-container-28-31,mvt,/opt/mvt/mvt,,39.7,0,0,0.0,819042.0,20480.0,494.0,5.0,39.5,0.1,20476.0,1024.0
post_vel_ID0000028,None,compute,0,1694386089.0,,,1694386094.0,1694386098.0,1694386110.0,28762536.7,1694386096.0,1694386129.0,1694386116.0,1694386119.0,3732.0,1694386129.0,1694386134.0,5.0,,2.0,33.0,5.0,12.0,177143937.0,3.0,11529.0,poseidon,condorpool,poseidon-worker-2-container-16-19,post_vel,/opt/netcdf2png/merged_netcdf2png,,0.1,0,0,,,,,,,,,
mvt_ID0000049,cpu_2,compute,0,1694386089.0,,,1694386094.0,1694386098.0,1694386109.0,35319659.6,1694386096.0,1694386164.0,1694386154.0,1694386158.0,7810.0,1694386164.0,1694386169.0,5.0,,2.0,68.0,5.0,11.0,177143652.0,4.0,24108.0,poseidon,condorpool,poseidon-worker-1-container-28-31,mvt,/opt/mvt/mvt,,39.6,0,0,0.0,792935.0,12288.0,437.0,3.0,39.4,0.1,19823.4,1228.8
post_vel_ID0000048,None,compute,0,1694386089.0,,,1694386094.0,1694386098.0,1694386110.0,27898613.0,1694386096.0,1694386124.0,1694386115.0,1694386118.0,3302.0,1694386124.0,1694386129.0,5.0,,2.0,28.0,5.0,12.0,177143937.0,3.0,10371.0,poseidon,condorpool,poseidon-worker-1-container-12-15,post_vel,/opt/netcdf2png/merged_netcdf2png,,0.1,0,0,,,,,,,,,
mvt_ID0000119,None,compute,0,1694386089.0,,,1694386094.0,1694386098.0,1694386109.0,27132437.6,1694386096.0,1694386164.0,1694386156.0,1694386159.0,21355.0,1694386164.0,1694386169.0,5.0,,2.0,68.0,5.0,11.0,177143652.0,3.0,65525.0,poseidon,condorpool,poseidon-worker-1-container-20-23,mvt,/opt/mvt/mvt,,40.8,0,0,0.0,795689.0,36864.0,443.0,9.0,39.2,0.8,19892.2,3686.4
post_vel_ID0000118,None,compute,0,1694386089.0,,,1694386094.0,1694386098.0,1694386110.0,29173608.0,1694386096.0,1694386129.0,1694386115.0,1694386118.0,4574.0,1694386129.0,1694386134.0,5.0,,2.0,33.0,5.0,12.0,177143937.0,3.0,14402.0,poseidon,condorpool,poseidon-worker-1-container-16-19,post_vel,/opt/netcdf2png/merged_netcdf2png,,0.1,0,0,,,,,,,,,
post_vel_ID0000038,None,compute,0,1694386089.0,,,1694386094.0,1694386098.0,1694386110.0,28140304.6,1694386096.0,1694386129.0,1694386116.0,1694386119.0,3622.0,1694386129.0,1694386134.0,5.0,,2.0,33.0,5.0,12.0,177143937.0,3.0,11227.0,poseidon,condorpool,poseidon-worker-2-container-44-47,post_vel,/opt/netcdf2png/merged_netcdf2png,,0.1,0,0,,,,,,,,,
mvt_ID0000039,None,compute,0,1694386089.0,,,1694386094.0,1694386097.0,1694386107.0,35218495.0,1694386095.0,1694386164.0,1694386153.0,1694386156.0,11335.0,1694386164.0,1694386169.0,5.0,,1.0,69.0,5.0,10.0,177143652.0,3.0,34386.0,poseidon,condorpool,poseidon-worker-2-container-36-39,mvt,/opt/mvt/mvt,,39.6,0,0,0.0,789143.0,16384.0,422.0,4.0,29.9,0.1,26304.8,819.2
post_vel_ID0000018,None,compute,0,1694386089.0,,,1694386094.0,1694386098.0,1694386109.0,29652929.8,1694386096.0,1694386124.0,1694386115.0,1694386118.0,3726.0,1694386124.0,1694386129.0,5.0,,2.0,28.0,5.0,11.0,177143937.0,3.0,11645.0,poseidon,condorpool,poseidon-worker-1-container-4-7,post_vel,/opt/netcdf2png/merged_netcdf2png,,0.1,0,0,,,,,,,,,
mvt_ID0000024,cpu_2,compute,0,1694386089.0,,,1694386094.0,1694386098.0,1694386109.0,32177985.2,1694386096.0,1694386169.0,1694386157.0,1694386160.0,10032.0,1694386169.0,1694386174.0,5.0,,2.0,73.0,5.0,11.0,177143652.0,3.0,30705.0,poseidon,condorpool,poseidon-worker-1-container-40-43,mvt,/opt/mvt/mvt,,39.6,0,0,0.0,846602.0,16384.0,554.0,4.0,37.2,0.1,21165.0,819.2
post_vel_ID0000068,None,compute,0,1694386089.0,,,1694386094.0,1694386098.0,1694386109.0,34956766.0,1694386096.0,1694386124.0,1694386114.0,1694386117.0,3730.0,1694386124.0,1694386129.0,5.0,,2.0,28.0,5.0,11.0,177143937.0,3.0,11398.0,poseidon,condorpool,poseidon-worker-2-container-20-23,post_vel,/opt/netcdf2png/merged_netcdf2png,,0.1,0,0,,,,,,,,,
mvt_ID0000069,cpu_2,compute,0,1694386089.0,,,1694386094.0,1694386098.0,1694386109.0,29318151.0,1694386096.0,1694386169.0,1694386156.0,1694386160.0,11059.0,1694386169.0,1694386174.0,5.0,,2.0,73.0,5.0,11.0,177143652.0,4.0,35309.0,poseidon,condorpool,poseidon-worker-1-container-40-43,mvt,/opt/mvt/mvt,,40.1,0,0,0.0,847969.0,16384.0,557.0,4.0,38.6,0.1,21199.2,819.2
post_vel_ID0000023,None,compute,0,1694386089.0,,,1694386094.0,1694386098.0,1694386109.0,28395543.2,1694386096.0,1694386124.0,1694386115.0,1694386118.0,3698.0,1694386124.0,1694386129.0,5.0,,2.0,28.0,5.0,11.0,177143937.0,3.0,11372.0,poseidon,condorpool,poseidon-worker-1-container-0-3,post_vel,/opt/netcdf2png/merged_netcdf2png,,0.1,0,0,,,,,,,,,
post_vel_ID0000013,None,compute,0,1694386094.0,,,1694386099.0,1694386101.0,1694386112.0,34527514.2,1694386099.0,1694386129.0,1694386118.0,1694386121.0,3562.0,1694386129.0,1694386134.0,5.0,,0.0,30.0,5.0,11.0,177143937.0,3.0,11040.0,poseidon,condorpool,poseidon-worker-1-container-32-35,post_vel,/opt/netcdf2png/merged_netcdf2png,,0.1,0,0,,,,,,,,,
mvt_ID0000004,None,compute,0,1694386094.0,,,1694386099.0,1694386102.0,1694386113.0,35051798.6,1694386100.0,1694386169.0,1694386158.0,1694386161.0,9412.0,1694386169.0,1694386174.0,5.0,,1.0,69.0,5.0,11.0,177143652.0,3.0,28781.0,poseidon,condorpool,poseidon-worker-1-container-8-11,mvt,/opt/mvt/mvt,,39.8,0,0,0.0,791856.0,16384.0,428.0,4.0,29.9,0.1,26395.2,819.2
post_vel_ID0000003,cpu_2,compute,0,1694386094.0,,,1694386099.0,1694386102.0,1694386113.0,35120425.2,1694386100.0,1694386129.0,1694386118.0,1694386122.0,3494.0,1694386129.0,1694386134.0,5.0,,1.0,29.0,5.0,11.0,177143937.0,4.0,10865.0,poseidon,condorpool,poseidon-worker-1-container-44-47,post_vel,/opt/netcdf2png/merged_netcdf2png,,0.1,0,0,,,,,,,,,
mvt_ID0000014,None,compute,0,1694386094.0,,,1694386099.0,1694386102.0,1694386112.0,35083634.6,1694386100.0,1694386169.0,1694386157.0,1694386160.0,10361.0,1694386169.0,1694386174.0,5.0,,1.0,69.0,5.0,10.0,177143652.0,3.0,31991.0,poseidon,condorpool,poseidon-worker-2-container-12-15,mvt,/opt/mvt/mvt,,39.7,0,0,0.0,789143.0,16384.0,422.0,4.0,29.9,0.1,26304.8,819.2
post_vel_ID0000088,None,compute,0,1694386099.0,,,1694386104.0,1694386122.0,1694386133.0,35357225.4,1694386120.0,1694386149.0,1694386138.0,1694386141.0,4098.0,1694386149.0,1694386154.0,5.0,,16.0,29.0,5.0,11.0,177143937.0,3.0,12740.0,poseidon,condorpool,poseidon-worker-1-container-12-15,post_vel,/opt/netcdf2png/merged_netcdf2png,,0.1,0,0,,,,,,,,,
mvt_ID0000059,cpu_2,compute,0,1694386099.0,,,1694386104.0,1694386123.0,1694386135.0,26819420.0,1694386120.0,1694386189.0,1694386180.0,1694386183.0,9070.0,1694386189.0,1694386194.0,5.0,,16.0,69.0,5.0,12.0,177143652.0,3.0,28164.0,poseidon,condorpool,poseidon-worker-2-container-28-31,mvt,/opt/mvt/mvt,,39.7,0,0,0.0,819464.0,12288.0,488.0,3.0,29.9,0.1,27315.5,1228.8
post_vel_ID0000058,None,compute,0,1694386099.0,,,1694386104.0,1694386123.0,1694386134.0,34338108.4,1694386121.0,1694386149.0,1694386140.0,1694386143.0,3582.0,1694386149.0,1694386154.0,5.0,,17.0,28.0,5.0,11.0,177143937.0,3.0,10981.0,poseidon,condorpool,poseidon-worker-2-container-44-47,post_vel,/opt/netcdf2png/merged_netcdf2png,,0.1,0,0,,,,,,,,,
post_vel_ID0000083,None,compute,0,1694386099.0,,,1694386104.0,1694386122.0,1694386133.0,29756107.0,1694386120.0,1694386149.0,1694386138.0,1694386141.0,4144.0,1694386149.0,1694386154.0,5.0,,16.0,29.0,5.0,11.0,177143937.0,3.0,12720.0,poseidon,condorpool,poseidon-worker-1-container-32-35,post_vel,/opt/netcdf2png/merged_netcdf2png,,0.1,0,0,,,,,,,,,
mvt_ID0000129,None,compute,0,1694386099.0,,,1694386104.0,1694386107.0,1694386118.0,34877443.6,1694386105.0,1694386174.0,1694386164.0,1694386167.0,21127.0,1694386174.0,1694386179.0,5.0,,1.0,69.0,5.0,11.0,177143652.0,3.0,64489.0,poseidon,condorpool,poseidon-worker-1-container-24-27,mvt,/opt/mvt/mvt,,39.8,0,0,0.0,802853.0,36864.0,452.0,9.0,29.9,0.1,26761.8,3686.4
post_vel_ID0000128,None,compute,0,1694386099.0,,,1694386104.0,1694386123.0,1694386140.0,15856992.6,1694386121.0,1694386154.0,1694386145.0,1694386148.0,4682.0,1694386154.0,1694386159.0,5.0,,17.0,33.0,5.0,17.0,177143937.0,3.0,14512.0,poseidon,condorpool,poseidon-worker-1-container-0-3,post_vel,/opt/netcdf2png/merged_netcdf2png,,0.1,0,0,,,,,,,,,
mvt_ID0000009,cpu_2,compute,0,1694386099.0,,,1694386104.0,1694386122.0,1694386133.0,29733259.5,1694386120.0,1694386189.0,1694386178.0,1694386181.0,11360.0,1694386189.0,1694386194.0,5.0,,16.0,69.0,5.0,11.0,177143652.0,3.0,35429.0,poseidon,condorpool,poseidon-worker-1-container-44-47,mvt,/opt/mvt/mvt,,39.2,0,0,0.0,789225.0,20480.0,422.0,5.0,29.9,0.1,26307.5,1024.0
post_vel_ID0000008,cpu_2,compute,0,1694386099.0,,,1694386104.0,1694386126.0,1694386140.0,32182795.4,1694386122.0,1694386159.0,1694386146.0,1694386149.0,3403.0,1694386159.0,1694386164.0,5.0,,18.0,37.0,5.0,14.0,177143937.0,3.0,10982.0,poseidon,condorpool,poseidon-worker-1-container-40-43,post_vel,/opt/netcdf2png/merged_netcdf2png,,0.1,0,0,,,,,,,,,
mvt_ID0000089,None,compute,0,1694386099.0,,,1694386104.0,1694386122.0,1694386134.0,29398199.0,1694386120.0,1694386189.0,1694386179.0,1694386182.0,15832.0,1694386189.0,1694386194.0,5.0,,16.0,69.0,5.0,12.0,177143652.0,3.0,48475.0,poseidon,condorpool,poseidon-worker-1-container-20-23,mvt,/opt/mvt/mvt,,39.8,0,0,0.0,824904.0,24576.0,500.0,6.0,29.9,0.1,27496.8,2457.6
mvt_ID0000084,None,compute,0,1694386099.0,,,1694386104.0,1694386122.0,1694386134.0,29662243.6,1694386120.0,1694386189.0,1694386179.0,1694386182.0,15502.0,1694386189.0,1694386194.0,5.0,,16.0,69.0,5.0,12.0,177143652.0,3.0,47998.0,poseidon,condorpool,poseidon-worker-1-container-16-19,mvt,/opt/mvt/mvt,,39.8,0,0,0.0,800169.0,24576.0,446.0,6.0,29.9,0.1,26672.3,1228.8
register_condorpool_0_2,None,auxiliary,0,1694386104.0,,,1694386109.0,,,0.0,1694386111.0,1694386114.0,,,0.0,1694386114.0,1694386119.0,5.0,,2.0,3.0,5.0,,,,,poseidon,local,poseidon-submit,pegasus::rc-client,/mnt/poseidon-data/poseidon/pegasus-5.1.0panorama/bin/pegasus-rc-client,"-n pegasus::rc-client -N null -R local  -L casa-wind-full -T 2023-09-08T07:29:05+00:00 /home/poseidon/pegasus-5.1.0panorama/bin/pegasus-rc-client --prefix pegasus.catalog.replica.output --conf /mnt/poseidon-data/poseidon/workflows/casa-wind-workflow-full/submit/poseidon/pegasus/casa-wind-full/run0222/pegasus.2681722923398706911.properties -v --meta /mnt/poseidon-data/poseidon/workflows/casa-wind-workflow-full/submit/poseidon/pegasus/casa-wind-full/run0222/00/00/unzip_ID0000026.meta,/mnt/poseidon-data/poseidon/workflows/casa-wind-workflow-full/submit/poseidon/pegasus/casa-wind-full/run0222/00/00/unzip_ID0000061.meta,/mnt/poseidon-data/poseidon/workflows/casa-wind-workflow-full/submit/poseidon/pegasus/casa-wind-full/run0222/00/00/unzip_ID0000071.meta,/mnt/poseidon-data/poseidon/workflows/casa-wind-workflow-full/submit/poseidon/pegasus/casa-wind-full/run0222/00/00/unzip_ID0000041.meta,/mnt/poseidon-data/poseidon/workflows/casa-wind-workflow-full/submit/poseidon/pegasus/casa-wind-full/run0222/00/00/unzip_ID0000016.meta,/mnt/poseidon-data/poseidon/workflows/casa-wind-workflow-full/submit/poseidon/pegasus/casa-wind-full/run0222/00/00/unzip_ID0000111.meta,/mnt/poseidon-data/poseidon/workflows/casa-wind-workflow-full/submit/poseidon/pegasus/casa-wind-full/run0222/00/00/unzip_ID0000011.meta,/mnt/poseidon-data/poseidon/workflows/casa-wind-workflow-full/submit/poseidon/pegasus/casa-wind-full/run0222/00/00/unzip_ID0000081.meta,/mnt/poseidon-data/poseidon/workflows/casa-wind-workflow-full/submit/poseidon/pegasus/casa-wind-full/run0222/00/00/unzip_ID0000066.meta,/mnt/poseidon-data/poseidon/workflows/casa-wind-workflow-full/submit/poseidon/pegasus/casa-wind-full/run0222/00/00/unzip_ID0000096.meta,/mnt/poseidon-data/poseidon/workflows/casa-wind-workflow-full/submit/poseidon/pegasus/casa-wind-full/run0222/00/00/unzip_ID0000051.meta,/mnt/poseidon-data/poseidon/workflows/casa-wind-workflow-full/submit/poseidon/pegasus/casa-wind-full/run0222/00/00/unzip_ID0000031.meta,/mnt/poseidon-data/poseidon/workflows/casa-wind-workflow-full/submit/poseidon/pegasus/casa-wind-full/run0222/00/00/unzip_ID0000116.meta,/mnt/poseidon-data/poseidon/workflows/casa-wind-workflow-full/submit/poseidon/pegasus/casa-wind-full/run0222/00/00/unzip_ID0000101.meta,/mnt/poseidon-data/poseidon/workflows/casa-wind-workflow-full/submit/poseidon/pegasus/casa-wind-full/run0222/00/00/unzip_ID0000121.meta,/mnt/poseidon-data/poseidon/workflows/casa-wind-workflow-full/submit/poseidon/pegasus/casa-wind-full/run0222/00/00/unzip_ID0000106.meta,/mnt/poseidon-data/poseidon/workflows/casa-wind-workflow-full/submit/poseidon/pegasus/casa-wind-full/run0222/00/00/unzip_ID0000046.meta,/mnt/poseidon-data/poseidon/workflows/casa-wind-workflow-full/submit/poseidon/pegasus/casa-wind-full/run0222/00/00/unzip_ID0000076.meta,/mnt/poseidon-data/poseidon/workflows/casa-wind-workflow-full/submit/poseidon/pegasus/casa-wind-full/run0222/00/00/unzip_ID0000056.meta,/mnt/poseidon-data/poseidon/workflows/casa-wind-workflow-full/submit/poseidon/pegasus/casa-wind-full/run0222/00/00/unzip_ID0000021.meta,/mnt/poseidon-data/poseidon/workflows/casa-wind-workflow-full/submit/poseidon/pegasus/casa-wind-full/run0222/00/00/unzip_ID0000086.meta,/mnt/poseidon-data/poseidon/workflows/casa-wind-workflow-full/submit/poseidon/pegasus/casa-wind-full/run0222/00/00/unzip_ID0000126.meta,/mnt/poseidon-data/poseidon/workflows/casa-wind-workflow-full/submit/poseidon/pegasus/casa-wind-full/run0222/00/00/unzip_ID0000006.meta,/mnt/poseidon-data/poseidon/workflows/casa-wind-workflow-full/submit/poseidon/pegasus/casa-wind-full/run0222/00/00/unzip_ID0000036.meta,/mnt/poseidon-data/poseidon/workflows/casa-wind-workflow-full/submit/poseidon/pegasus/casa-wind-full/run0222/00/00/unzip_ID0000001.meta,/mnt/poseidon-data/poseidon/workflows/casa-wind-workflow-full/submit/poseidon/pegasus/casa-wind-full/run0222/00/00/unzip_ID0000091.meta --insert /mnt/poseidon-data/poseidon/workflows/casa-wind-workflow-full/submit/poseidon/pegasus/casa-wind-full/run0222/00/00/register_condorpool_0_2.in",3.0,0,0,,,,,,,,,
mvt_ID0000034,None,compute,0,1694386104.0,,,1694386109.0,1694386123.0,1694386134.0,29690132.0,1694386121.0,1694386189.0,1694386179.0,1694386182.0,9965.0,1694386189.0,1694386194.0,5.0,,12.0,68.0,5.0,11.0,177143652.0,3.0,30976.0,poseidon,condorpool,poseidon-worker-2-container-12-15,mvt,/opt/mvt/mvt,,39.7,0,0,0.0,819385.0,16384.0,488.0,4.0,29.8,0.1,27312.8,819.2
post_vel_ID0000108,None,compute,0,1694386104.0,,,1694386109.0,1694386122.0,1694386134.0,31736932.0,1694386120.0,1694386149.0,1694386139.0,1694386142.0,4544.0,1694386149.0,1694386154.0,5.0,,11.0,29.0,5.0,12.0,177143937.0,3.0,13907.0,poseidon,condorpool,poseidon-worker-1-container-8-11,post_vel,/opt/netcdf2png/merged_netcdf2png,,0.1,0,0,,,,,,,,,
register_condorpool_0_1,None,auxiliary,0,1694386104.0,,,1694386119.0,,,0.0,1694386119.0,1694386124.0,,,0.0,1694386124.0,1694386129.0,15.0,,0.0,5.0,5.0,,,,,poseidon,local,poseidon-submit,pegasus::rc-client,/mnt/poseidon-data/poseidon/pegasus-5.1.0panorama/bin/pegasus-rc-client,"-n pegasus::rc-client -N null -R local  -L casa-wind-full -T 2023-09-08T07:29:05+00:00 /home/poseidon/pegasus-5.1.0panorama/bin/pegasus-rc-client --prefix pegasus.catalog.replica.output --conf /mnt/poseidon-data/poseidon/workflows/casa-wind-workflow-full/submit/poseidon/pegasus/casa-wind-full/run0222/pegasus.2681722923398706911.properties -v --meta /mnt/poseidon-data/poseidon/workflows/casa-wind-workflow-full/submit/poseidon/pegasus/casa-wind-full/run0222/00/00/unzip_ID0000026.meta,/mnt/poseidon-data/poseidon/workflows/casa-wind-workflow-full/submit/poseidon/pegasus/casa-wind-full/run0222/00/00/unzip_ID0000061.meta,/mnt/poseidon-data/poseidon/workflows/casa-wind-workflow-full/submit/poseidon/pegasus/casa-wind-full/run0222/00/00/unzip_ID0000071.meta,/mnt/poseidon-data/poseidon/workflows/casa-wind-workflow-full/submit/poseidon/pegasus/casa-wind-full/run0222/00/00/unzip_ID0000041.meta,/mnt/poseidon-data/poseidon/workflows/casa-wind-workflow-full/submit/poseidon/pegasus/casa-wind-full/run0222/00/00/unzip_ID0000016.meta,/mnt/poseidon-data/poseidon/workflows/casa-wind-workflow-full/submit/poseidon/pegasus/casa-wind-full/run0222/00/00/unzip_ID0000111.meta,/mnt/poseidon-data/poseidon/workflows/casa-wind-workflow-full/submit/poseidon/pegasus/casa-wind-full/run0222/00/00/unzip_ID0000011.meta,/mnt/poseidon-data/poseidon/workflows/casa-wind-workflow-full/submit/poseidon/pegasus/casa-wind-full/run0222/00/00/unzip_ID0000081.meta,/mnt/poseidon-data/poseidon/workflows/casa-wind-workflow-full/submit/poseidon/pegasus/casa-wind-full/run0222/00/00/unzip_ID0000066.meta,/mnt/poseidon-data/poseidon/workflows/casa-wind-workflow-full/submit/poseidon/pegasus/casa-wind-full/run0222/00/00/unzip_ID0000096.meta,/mnt/poseidon-data/poseidon/workflows/casa-wind-workflow-full/submit/poseidon/pegasus/casa-wind-full/run0222/00/00/unzip_ID0000051.meta,/mnt/poseidon-data/poseidon/workflows/casa-wind-workflow-full/submit/poseidon/pegasus/casa-wind-full/run0222/00/00/unzip_ID0000031.meta,/mnt/poseidon-data/poseidon/workflows/casa-wind-workflow-full/submit/poseidon/pegasus/casa-wind-full/run0222/00/00/unzip_ID0000116.meta,/mnt/poseidon-data/poseidon/workflows/casa-wind-workflow-full/submit/poseidon/pegasus/casa-wind-full/run0222/00/00/unzip_ID0000101.meta,/mnt/poseidon-data/poseidon/workflows/casa-wind-workflow-full/submit/poseidon/pegasus/casa-wind-full/run0222/00/00/unzip_ID0000121.meta,/mnt/poseidon-data/poseidon/workflows/casa-wind-workflow-full/submit/poseidon/pegasus/casa-wind-full/run0222/00/00/unzip_ID0000106.meta,/mnt/poseidon-data/poseidon/workflows/casa-wind-workflow-full/submit/poseidon/pegasus/casa-wind-full/run0222/00/00/unzip_ID0000046.meta,/mnt/poseidon-data/poseidon/workflows/casa-wind-workflow-full/submit/poseidon/pegasus/casa-wind-full/run0222/00/00/unzip_ID0000076.meta,/mnt/poseidon-data/poseidon/workflows/casa-wind-workflow-full/submit/poseidon/pegasus/casa-wind-full/run0222/00/00/unzip_ID0000056.meta,/mnt/poseidon-data/poseidon/workflows/casa-wind-workflow-full/submit/poseidon/pegasus/casa-wind-full/run0222/00/00/unzip_ID0000021.meta,/mnt/poseidon-data/poseidon/workflows/casa-wind-workflow-full/submit/poseidon/pegasus/casa-wind-full/run0222/00/00/unzip_ID0000086.meta,/mnt/poseidon-data/poseidon/workflows/casa-wind-workflow-full/submit/poseidon/pegasus/casa-wind-full/run0222/00/00/unzip_ID0000126.meta,/mnt/poseidon-data/poseidon/workflows/casa-wind-workflow-full/submit/poseidon/pegasus/casa-wind-full/run0222/00/00/unzip_ID0000006.meta,/mnt/poseidon-data/poseidon/workflows/casa-wind-workflow-full/submit/poseidon/pegasus/casa-wind-full/run0222/00/00/unzip_ID0000036.meta,/mnt/poseidon-data/poseidon/workflows/casa-wind-workflow-full/submit/poseidon/pegasus/casa-wind-full/run0222/00/00/unzip_ID0000001.meta,/mnt/poseidon-data/poseidon/workflows/casa-wind-workflow-full/submit/poseidon/pegasus/casa-wind-full/run0222/00/00/unzip_ID0000091.meta --insert /mnt/poseidon-data/poseidon/workflows/casa-wind-workflow-full/submit/poseidon/pegasus/casa-wind-full/run0222/00/00/register_condorpool_0_1.in",3.3,0,0,,,,,,,,,
register_condorpool_0_0,None,auxiliary,0,1694386104.0,,,1694386129.0,,,0.0,1694386129.0,1694386134.0,,,0.0,1694386134.0,1694386139.0,25.0,,0.0,5.0,5.0,,,,,poseidon,local,poseidon-submit,pegasus::rc-client,/mnt/poseidon-data/poseidon/pegasus-5.1.0panorama/bin/pegasus-rc-client,"-n pegasus::rc-client -N null -R local  -L casa-wind-full -T 2023-09-08T07:29:05+00:00 /home/poseidon/pegasus-5.1.0panorama/bin/pegasus-rc-client --prefix pegasus.catalog.replica.output --conf /mnt/poseidon-data/poseidon/workflows/casa-wind-workflow-full/submit/poseidon/pegasus/casa-wind-full/run0222/pegasus.2681722923398706911.properties -v --meta /mnt/poseidon-data/poseidon/workflows/casa-wind-workflow-full/submit/poseidon/pegasus/casa-wind-full/run0222/00/00/unzip_ID0000026.meta,/mnt/poseidon-data/poseidon/workflows/casa-wind-workflow-full/submit/poseidon/pegasus/casa-wind-full/run0222/00/00/unzip_ID0000061.meta,/mnt/poseidon-data/poseidon/workflows/casa-wind-workflow-full/submit/poseidon/pegasus/casa-wind-full/run0222/00/00/unzip_ID0000071.meta,/mnt/poseidon-data/poseidon/workflows/casa-wind-workflow-full/submit/poseidon/pegasus/casa-wind-full/run0222/00/00/unzip_ID0000041.meta,/mnt/poseidon-data/poseidon/workflows/casa-wind-workflow-full/submit/poseidon/pegasus/casa-wind-full/run0222/00/00/unzip_ID0000016.meta,/mnt/poseidon-data/poseidon/workflows/casa-wind-workflow-full/submit/poseidon/pegasus/casa-wind-full/run0222/00/00/unzip_ID0000111.meta,/mnt/poseidon-data/poseidon/workflows/casa-wind-workflow-full/submit/poseidon/pegasus/casa-wind-full/run0222/00/00/unzip_ID0000011.meta,/mnt/poseidon-data/poseidon/workflows/casa-wind-workflow-full/submit/poseidon/pegasus/casa-wind-full/run0222/00/00/unzip_ID0000081.meta,/mnt/poseidon-data/poseidon/workflows/casa-wind-workflow-full/submit/poseidon/pegasus/casa-wind-full/run0222/00/00/unzip_ID0000066.meta,/mnt/poseidon-data/poseidon/workflows/casa-wind-workflow-full/submit/poseidon/pegasus/casa-wind-full/run0222/00/00/unzip_ID0000096.meta,/mnt/poseidon-data/poseidon/workflows/casa-wind-workflow-full/submit/poseidon/pegasus/casa-wind-full/run0222/00/00/unzip_ID0000051.meta,/mnt/poseidon-data/poseidon/workflows/casa-wind-workflow-full/submit/poseidon/pegasus/casa-wind-full/run0222/00/00/unzip_ID0000031.meta,/mnt/poseidon-data/poseidon/workflows/casa-wind-workflow-full/submit/poseidon/pegasus/casa-wind-full/run0222/00/00/unzip_ID0000116.meta,/mnt/poseidon-data/poseidon/workflows/casa-wind-workflow-full/submit/poseidon/pegasus/casa-wind-full/run0222/00/00/unzip_ID0000101.meta,/mnt/poseidon-data/poseidon/workflows/casa-wind-workflow-full/submit/poseidon/pegasus/casa-wind-full/run0222/00/00/unzip_ID0000121.meta,/mnt/poseidon-data/poseidon/workflows/casa-wind-workflow-full/submit/poseidon/pegasus/casa-wind-full/run0222/00/00/unzip_ID0000106.meta,/mnt/poseidon-data/poseidon/workflows/casa-wind-workflow-full/submit/poseidon/pegasus/casa-wind-full/run0222/00/00/unzip_ID0000046.meta,/mnt/poseidon-data/poseidon/workflows/casa-wind-workflow-full/submit/poseidon/pegasus/casa-wind-full/run0222/00/00/unzip_ID0000076.meta,/mnt/poseidon-data/poseidon/workflows/casa-wind-workflow-full/submit/poseidon/pegasus/casa-wind-full/run0222/00/00/unzip_ID0000056.meta,/mnt/poseidon-data/poseidon/workflows/casa-wind-workflow-full/submit/poseidon/pegasus/casa-wind-full/run0222/00/00/unzip_ID0000021.meta,/mnt/poseidon-data/poseidon/workflows/casa-wind-workflow-full/submit/poseidon/pegasus/casa-wind-full/run0222/00/00/unzip_ID0000086.meta,/mnt/poseidon-data/poseidon/workflows/casa-wind-workflow-full/submit/poseidon/pegasus/casa-wind-full/run0222/00/00/unzip_ID0000126.meta,/mnt/poseidon-data/poseidon/workflows/casa-wind-workflow-full/submit/poseidon/pegasus/casa-wind-full/run0222/00/00/unzip_ID0000006.meta,/mnt/poseidon-data/poseidon/workflows/casa-wind-workflow-full/submit/poseidon/pegasus/casa-wind-full/run0222/00/00/unzip_ID0000036.meta,/mnt/poseidon-data/poseidon/workflows/casa-wind-workflow-full/submit/poseidon/pegasus/casa-wind-full/run0222/00/00/unzip_ID0000001.meta,/mnt/poseidon-data/poseidon/workflows/casa-wind-workflow-full/submit/poseidon/pegasus/casa-wind-full/run0222/00/00/unzip_ID0000091.meta --insert /mnt/poseidon-data/poseidon/workflows/casa-wind-workflow-full/submit/poseidon/pegasus/casa-wind-full/run0222/00/00/register_condorpool_0_0.in",3.1,0,0,,,,,,,,,
mvt_ID0000109,None,compute,0,1694386104.0,,,1694386109.0,1694386123.0,1694386134.0,29714738.2,1694386121.0,1694386189.0,1694386179.0,1694386182.0,19374.0,1694386189.0,1694386194.0,5.0,,12.0,68.0,5.0,11.0,177143652.0,3.0,59954.0,poseidon,condorpool,poseidon-worker-2-container-0-3,mvt,/opt/mvt/mvt,,39.6,0,0,0.0,811020.0,32768.0,470.0,8.0,29.9,0.1,27034.0,1638.4
post_vel_ID0000033,None,compute,0,1694386104.0,,,1694386109.0,1694386122.0,1694386133.0,34875108.6,1694386120.0,1694386149.0,1694386139.0,1694386142.0,3766.0,1694386149.0,1694386154.0,5.0,,11.0,29.0,5.0,11.0,177143937.0,3.0,11464.0,poseidon,condorpool,poseidon-worker-2-container-16-19,post_vel,/opt/netcdf2png/merged_netcdf2png,,0.1,0,0,,,,,,,,,
mvt_ID0000099,None,compute,0,1694386104.0,,,1694386109.0,1694386122.0,1694386133.0,34734593.2,1694386120.0,1694386189.0,1694386178.0,1694386181.0,16282.0,1694386189.0,1694386194.0,5.0,,11.0,69.0,5.0,11.0,177143652.0,3.0,50118.0,poseidon,condorpool,poseidon-worker-1-container-24-27,mvt,/opt/mvt/mvt,,39.8,0,0,0.0,824893.0,28672.0,500.0,7.0,29.9,0.1,27496.4,1433.6
mvt_ID0000094,None,compute,0,1694386104.0,,,1694386109.0,1694386122.0,1694386134.0,27416223.0,1694386120.0,1694386189.0,1694386179.0,1694386182.0,16895.0,1694386189.0,1694386194.0,5.0,,11.0,69.0,5.0,12.0,177143652.0,3.0,52407.0,poseidon,condorpool,poseidon-worker-1-container-36-39,mvt,/opt/mvt/mvt,,39.9,0,0,0.0,789035.0,28672.0,422.0,7.0,29.9,0.1,26301.2,1433.6
mvt_ID0000044,None,compute,0,1694386104.0,,,1694386109.0,1694386122.0,1694386133.0,31475712.8,1694386120.0,1694386189.0,1694386178.0,1694386181.0,9168.0,1694386189.0,1694386194.0,5.0,,11.0,69.0,5.0,11.0,177143652.0,3.0,28113.0,poseidon,condorpool,poseidon-worker-2-container-36-39,mvt,/opt/mvt/mvt,,39.6,0,0,0.0,820752.0,12288.0,491.0,3.0,29.9,0.1,27358.4,1228.8
post_vel_ID0000043,None,compute,0,1694386104.0,,,1694386109.0,1694386122.0,1694386134.0,29873664.2,1694386120.0,1694386149.0,1694386139.0,1694386142.0,3623.0,1694386149.0,1694386154.0,5.0,,11.0,29.0,5.0,12.0,177143937.0,3.0,11050.0,poseidon,condorpool,poseidon-worker-2-container-40-43,post_vel,/opt/netcdf2png/merged_netcdf2png,,0.1,0,0,,,,,,,,,
post_vel_ID0000123,cpu_2,compute,0,1694386104.0,,,1694386109.0,1694386123.0,1694386136.0,27898157.4,1694386121.0,1694386154.0,1694386141.0,1694386144.0,4875.0,1694386154.0,1694386159.0,5.0,,12.0,33.0,5.0,13.0,177143937.0,3.0,14777.0,poseidon,condorpool,poseidon-worker-1-container-28-31,post_vel,/opt/netcdf2png/merged_netcdf2png,,0.1,0,0,,,,,,,,,
mvt_ID0000124,None,compute,0,1694386104.0,,,1694386109.0,1694386123.0,1694386134.0,32183805.0,1694386121.0,1694386189.0,1694386180.0,1694386183.0,22753.0,1694386189.0,1694386194.0,5.0,,12.0,68.0,5.0,11.0,177143652.0,3.0,70564.0,poseidon,condorpool,poseidon-worker-2-container-20-23,mvt,/opt/mvt/mvt,,40.6,0,0,0.0,812166.0,40960.0,479.0,10.0,39.8,0.2,20304.2,2048.0
post_vel_ID0000098,None,compute,0,1694386104.0,,,1694386109.0,1694386122.0,1694386135.0,24693617.7,1694386120.0,1694386154.0,1694386141.0,1694386144.0,4409.0,1694386154.0,1694386159.0,5.0,,11.0,34.0,5.0,13.0,177143937.0,3.0,13355.0,poseidon,condorpool,poseidon-worker-1-container-4-7,post_vel,/opt/netcdf2png/merged_netcdf2png,,0.2,0,0,,,,,,,,,
post_vel_ID0000093,None,compute,0,1694386104.0,,,1694386109.0,1694386122.0,1694386134.0,26907294.4,1694386120.0,1694386149.0,1694386139.0,1694386142.0,4257.0,1694386149.0,1694386154.0,5.0,,11.0,29.0,5.0,12.0,177143937.0,3.0,13303.0,poseidon,condorpool,poseidon-worker-2-container-24-27,post_vel,/opt/netcdf2png/merged_netcdf2png,,0.1,0,0,,,,,,,,,
stage_out_local_condorpool_1_1,None,transfer,0,1694386129.0,,,1694386134.0,,,0.0,1694386135.0,1694386144.0,,,0.0,1694386144.0,1694386149.0,5.0,,1.0,9.0,5.0,,,,,poseidon,local,poseidon-submit,pegasus::transfer,/mnt/poseidon-data/poseidon/pegasus-5.1.0panorama/bin/pegasus-transfer,/home/poseidon/pegasus-5.1.0panorama/bin/../bin/pegasus-kickstart  -n pegasus::transfer -N null -i - -R local  -L casa-wind-full -T 2023-09-08T07:29:05+00:00 /home/poseidon/pegasus-5.1.0panorama/bin/../bin/pegasus-transfer  --threads 2,0.9,0,0,,,,,,,,,
post_vel_ID0000078,None,compute,0,1694386129.0,,,1694386134.0,1694386137.0,1694386148.0,29587165.0,1694386135.0,1694386164.0,1694386154.0,1694386157.0,3888.0,1694386164.0,1694386169.0,5.0,,1.0,29.0,5.0,11.0,177143937.0,3.0,12264.0,poseidon,condorpool,poseidon-worker-2-container-16-19,post_vel,/opt/netcdf2png/merged_netcdf2png,,0.1,0,0,,,,,,,,,
mvt_ID0000104,None,compute,0,1694386129.0,,,1694386134.0,1694386137.0,1694386148.0,29749606.0,1694386135.0,1694386204.0,1694386193.0,1694386196.0,19248.0,1694386204.0,1694386209.0,5.0,,1.0,69.0,5.0,11.0,177143652.0,3.0,59590.0,poseidon,condorpool,poseidon-worker-2-container-44-47,mvt,/opt/mvt/mvt,,39.2,0,0,0.0,820843.0,32768.0,491.0,8.0,29.9,0.1,27361.4,3276.8
mvt_ID0000054,None,compute,0,1694386129.0,,,1694386134.0,1694386137.0,1694386148.0,34698203.6,1694386135.0,1694386204.0,1694386193.0,1694386196.0,9155.0,1694386204.0,1694386209.0,5.0,,1.0,69.0,5.0,11.0,177143652.0,3.0,28552.0,poseidon,condorpool,poseidon-worker-2-container-20-23,mvt,/opt/mvt/mvt,,39.0,0,0,0.0,820822.0,12288.0,491.0,3.0,29.9,0.1,27360.7,1228.8
stage_out_local_condorpool_1_0,None,transfer,0,1694386129.0,,,1694386134.0,,,0.0,1694386135.0,1694386144.0,,,0.0,1694386144.0,1694386149.0,5.0,,1.0,9.0,5.0,,,,,poseidon,local,poseidon-submit,pegasus::transfer,/mnt/poseidon-data/poseidon/pegasus-5.1.0panorama/bin/pegasus-transfer,/home/poseidon/pegasus-5.1.0panorama/bin/../bin/pegasus-kickstart  -n pegasus::transfer -N null -i - -R local  -L casa-wind-full -T 2023-09-08T07:29:05+00:00 /home/poseidon/pegasus-5.1.0panorama/bin/../bin/pegasus-transfer  --threads 2,1.0,0,0,,,,,,,,,
post_vel_ID0000053,None,compute,0,1694386129.0,,,1694386134.0,1694386137.0,1694386148.0,29740979.5,1694386136.0,1694386164.0,1694386154.0,1694386157.0,3587.0,1694386164.0,1694386169.0,5.0,,2.0,28.0,5.0,11.0,177143937.0,3.0,11004.0,poseidon,condorpool,poseidon-worker-2-container-44-47,post_vel,/opt/netcdf2png/merged_netcdf2png,,0.1,0,0,,,,,,,,,
post_vel_ID0000073,None,compute,0,1694386129.0,,,1694386134.0,1694386137.0,1694386148.0,29667316.5,1694386135.0,1694386164.0,1694386154.0,1694386157.0,3840.0,1694386164.0,1694386169.0,5.0,,1.0,29.0,5.0,11.0,177143937.0,3.0,11825.0,poseidon,condorpool,poseidon-worker-1-container-16-19,post_vel,/opt/netcdf2png/merged_netcdf2png,,0.1,0,0,,,,,,,,,
mvt_ID0000074,None,compute,0,1694386129.0,,,1694386134.0,1694386137.0,1694386148.0,32838172.4,1694386135.0,1694386204.0,1694386193.0,1694386196.0,12414.0,1694386204.0,1694386209.0,5.0,,1.0,69.0,5.0,11.0,177143652.0,3.0,38855.0,poseidon,condorpool,poseidon-worker-1-container-4-7,mvt,/opt/mvt/mvt,,39.1,0,0,0.0,789138.0,20480.0,422.0,5.0,29.9,0.1,26304.6,1024.0
post_vel_ID0000103,None,compute,0,1694386129.0,,,1694386134.0,1694386137.0,1694386148.0,34156765.4,1694386135.0,1694386164.0,1694386154.0,1694386157.0,4493.0,1694386164.0,1694386169.0,5.0,,1.0,29.0,5.0,11.0,177143937.0,3.0,13815.0,poseidon,condorpool,poseidon-worker-1-container-12-15,post_vel,/opt/netcdf2png/merged_netcdf2png,,0.1,0,0,,,,,,,,,
mvt_ID0000079,None,compute,0,1694386129.0,,,1694386134.0,1694386137.0,1694386148.0,35418892.8,1694386135.0,1694386204.0,1694386193.0,1694386196.0,14345.0,1694386204.0,1694386209.0,5.0,,1.0,69.0,5.0,11.0,177143652.0,3.0,45337.0,poseidon,condorpool,poseidon-worker-2-container-0-3,mvt,/opt/mvt/mvt,,39.1,0,0,0.0,826204.0,24576.0,503.0,6.0,29.9,0.1,27540.1,1228.8
stage_out_local_condorpool_1_2,None,transfer,0,1694386134.0,,,1694386139.0,,,0.0,1694386140.0,1694386149.0,,,0.0,1694386149.0,1694386154.0,5.0,,1.0,9.0,5.0,,,,,poseidon,local,poseidon-submit,pegasus::transfer,/mnt/poseidon-data/poseidon/pegasus-5.1.0panorama/bin/pegasus-transfer,/home/poseidon/pegasus-5.1.0panorama/bin/../bin/pegasus-kickstart  -n pegasus::transfer -N null -i - -R local  -L casa-wind-full -T 2023-09-08T07:29:05+00:00 /home/poseidon/pegasus-5.1.0panorama/bin/../bin/pegasus-transfer  --threads 2,0.9,0,0,,,,,,,,,
mvt_ID0000064,None,compute,0,1694386134.0,,,1694386139.0,1694386142.0,1694386153.0,31717651.2,1694386140.0,1694386209.0,1694386197.0,1694386200.0,10203.0,1694386209.0,1694386215.0,5.0,,1.0,69.0,6.0,11.0,177143652.0,3.0,31148.0,poseidon,condorpool,poseidon-worker-1-container-0-3,mvt,/opt/mvt/mvt,,38.6,0,0,0.0,839893.0,16384.0,533.0,4.0,29.9,0.1,27996.4,819.2
post_vel_ID0000063,None,compute,0,1694386134.0,,,1694386139.0,1694386142.0,1694386153.0,31356662.4,1694386140.0,1694386169.0,1694386158.0,1694386161.0,3823.0,1694386169.0,1694386174.0,5.0,,1.0,29.0,5.0,11.0,177143937.0,3.0,11628.0,poseidon,condorpool,poseidon-worker-1-container-0-3,post_vel,/opt/netcdf2png/merged_netcdf2png,,0.1,0,0,,,,,,,,,
register_condorpool_1_1,None,auxiliary,0,1694386149.0,,,1694386174.0,,,0.0,1694386175.0,1694386179.0,,,0.0,1694386179.0,1694386184.0,25.0,,1.0,4.0,5.0,,,,,poseidon,local,poseidon-submit,pegasus::rc-client,/mnt/poseidon-data/poseidon/pegasus-5.1.0panorama/bin/pegasus-rc-client,"-n pegasus::rc-client -N null -R local  -L casa-wind-full -T 2023-09-08T07:29:05+00:00 /home/poseidon/pegasus-5.1.0panorama/bin/pegasus-rc-client --prefix pegasus.catalog.replica.output --conf /mnt/poseidon-data/poseidon/workflows/casa-wind-workflow-full/submit/poseidon/pegasus/casa-wind-full/run0222/pegasus.2681722923398706911.properties -v --meta /mnt/poseidon-data/poseidon/workflows/casa-wind-workflow-full/submit/poseidon/pegasus/casa-wind-full/run0222/00/00/um_vel_ID0000017.meta,/mnt/poseidon-data/poseidon/workflows/casa-wind-workflow-full/submit/poseidon/pegasus/casa-wind-full/run0222/00/01/um_vel_ID0000037.meta,/mnt/poseidon-data/poseidon/workflows/casa-wind-workflow-full/submit/poseidon/pegasus/casa-wind-full/run0222/00/00/um_vel_ID0000082.meta,/mnt/poseidon-data/poseidon/workflows/casa-wind-workflow-full/submit/poseidon/pegasus/casa-wind-full/run0222/00/00/um_vel_ID0000097.meta,/mnt/poseidon-data/poseidon/workflows/casa-wind-workflow-full/submit/poseidon/pegasus/casa-wind-full/run0222/00/01/um_vel_ID0000047.meta,/mnt/poseidon-data/poseidon/workflows/casa-wind-workflow-full/submit/poseidon/pegasus/casa-wind-full/run0222/00/00/um_vel_ID0000087.meta,/mnt/poseidon-data/poseidon/workflows/casa-wind-workflow-full/submit/poseidon/pegasus/casa-wind-full/run0222/00/01/um_vel_ID0000007.meta,/mnt/poseidon-data/poseidon/workflows/casa-wind-workflow-full/submit/poseidon/pegasus/casa-wind-full/run0222/00/01/um_vel_ID0000072.meta,/mnt/poseidon-data/poseidon/workflows/casa-wind-workflow-full/submit/poseidon/pegasus/casa-wind-full/run0222/00/01/um_vel_ID0000102.meta --insert /mnt/poseidon-data/poseidon/workflows/casa-wind-workflow-full/submit/poseidon/pegasus/casa-wind-full/run0222/00/01/register_condorpool_1_1.in",2.9,0,0,,,,,,,,,
register_condorpool_1_0,None,auxiliary,0,1694386149.0,,,1694386154.0,,,0.0,1694386155.0,1694386159.0,,,0.0,1694386159.0,1694386164.0,5.0,,1.0,4.0,5.0,,,,,poseidon,local,poseidon-submit,pegasus::rc-client,/mnt/poseidon-data/poseidon/pegasus-5.1.0panorama/bin/pegasus-rc-client,"-n pegasus::rc-client -N null -R local  -L casa-wind-full -T 2023-09-08T07:29:05+00:00 /home/poseidon/pegasus-5.1.0panorama/bin/pegasus-rc-client --prefix pegasus.catalog.replica.output --conf /mnt/poseidon-data/poseidon/workflows/casa-wind-workflow-full/submit/poseidon/pegasus/casa-wind-full/run0222/pegasus.2681722923398706911.properties -v --meta /mnt/poseidon-data/poseidon/workflows/casa-wind-workflow-full/submit/poseidon/pegasus/casa-wind-full/run0222/00/01/um_vel_ID0000067.meta,/mnt/poseidon-data/poseidon/workflows/casa-wind-workflow-full/submit/poseidon/pegasus/casa-wind-full/run0222/00/00/um_vel_ID0000127.meta,/mnt/poseidon-data/poseidon/workflows/casa-wind-workflow-full/submit/poseidon/pegasus/casa-wind-full/run0222/00/00/um_vel_ID0000122.meta,/mnt/poseidon-data/poseidon/workflows/casa-wind-workflow-full/submit/poseidon/pegasus/casa-wind-full/run0222/00/00/um_vel_ID0000092.meta,/mnt/poseidon-data/poseidon/workflows/casa-wind-workflow-full/submit/poseidon/pegasus/casa-wind-full/run0222/00/01/um_vel_ID0000077.meta,/mnt/poseidon-data/poseidon/workflows/casa-wind-workflow-full/submit/poseidon/pegasus/casa-wind-full/run0222/00/01/um_vel_ID0000057.meta,/mnt/poseidon-data/poseidon/workflows/casa-wind-workflow-full/submit/poseidon/pegasus/casa-wind-full/run0222/00/00/um_vel_ID0000027.meta,/mnt/poseidon-data/poseidon/workflows/casa-wind-workflow-full/submit/poseidon/pegasus/casa-wind-full/run0222/00/01/um_vel_ID0000042.meta,/mnt/poseidon-data/poseidon/workflows/casa-wind-workflow-full/submit/poseidon/pegasus/casa-wind-full/run0222/00/00/um_vel_ID0000022.meta --insert /mnt/poseidon-data/poseidon/workflows/casa-wind-workflow-full/submit/poseidon/pegasus/casa-wind-full/run0222/00/01/register_condorpool_1_0.in",2.6,0,0,,,,,,,,,
register_condorpool_1_2,None,auxiliary,0,1694386154.0,,,1694386164.0,,,0.0,1694386165.0,1694386169.0,,,0.0,1694386169.0,1694386174.0,10.0,,1.0,4.0,5.0,,,,,poseidon,local,poseidon-submit,pegasus::rc-client,/mnt/poseidon-data/poseidon/pegasus-5.1.0panorama/bin/pegasus-rc-client,"-n pegasus::rc-client -N null -R local  -L casa-wind-full -T 2023-09-08T07:29:05+00:00 /home/poseidon/pegasus-5.1.0panorama/bin/pegasus-rc-client --prefix pegasus.catalog.replica.output --conf /mnt/poseidon-data/poseidon/workflows/casa-wind-workflow-full/submit/poseidon/pegasus/casa-wind-full/run0222/pegasus.2681722923398706911.properties -v --meta /mnt/poseidon-data/poseidon/workflows/casa-wind-workflow-full/submit/poseidon/pegasus/casa-wind-full/run0222/00/00/um_vel_ID0000117.meta,/mnt/poseidon-data/poseidon/workflows/casa-wind-workflow-full/submit/poseidon/pegasus/casa-wind-full/run0222/00/01/um_vel_ID0000052.meta,/mnt/poseidon-data/poseidon/workflows/casa-wind-workflow-full/submit/poseidon/pegasus/casa-wind-full/run0222/00/00/um_vel_ID0000002.meta,/mnt/poseidon-data/poseidon/workflows/casa-wind-workflow-full/submit/poseidon/pegasus/casa-wind-full/run0222/00/00/um_vel_ID0000012.meta,/mnt/poseidon-data/poseidon/workflows/casa-wind-workflow-full/submit/poseidon/pegasus/casa-wind-full/run0222/00/00/um_vel_ID0000032.meta,/mnt/poseidon-data/poseidon/workflows/casa-wind-workflow-full/submit/poseidon/pegasus/casa-wind-full/run0222/00/01/um_vel_ID0000062.meta,/mnt/poseidon-data/poseidon/workflows/casa-wind-workflow-full/submit/poseidon/pegasus/casa-wind-full/run0222/00/01/um_vel_ID0000112.meta,/mnt/poseidon-data/poseidon/workflows/casa-wind-workflow-full/submit/poseidon/pegasus/casa-wind-full/run0222/00/01/um_vel_ID0000107.meta --insert /mnt/poseidon-data/poseidon/workflows/casa-wind-workflow-full/submit/poseidon/pegasus/casa-wind-full/run0222/00/01/register_condorpool_1_2.in",2.8,0,0,,,,,,,,,
point_alert_ID0000050,None,compute,0,1694386169.0,,,1694386174.0,1694386177.0,1694386188.0,29540681.0,1694386175.0,1694386204.0,1694386193.0,1694386196.0,6698.0,1694386204.0,1694386209.0,5.0,,1.0,29.0,5.0,11.0,176632091.0,3.0,20878.0,poseidon,condorpool,poseidon-worker-1-container-12-15,point_alert,/opt/pointAlert/pointAlert,,0.0,0,0,,,,,,,,,
point_alert_ID0000030,cpu_2,compute,0,1694386169.0,,,1694386174.0,1694386177.0,1694386188.0,34150826.2,1694386175.0,1694386204.0,1694386193.0,1694386196.0,6563.0,1694386204.0,1694386209.0,5.0,,1.0,29.0,5.0,11.0,176646324.0,3.0,20158.0,poseidon,condorpool,poseidon-worker-1-container-28-31,point_alert,/opt/pointAlert/pointAlert,,0.0,0,0,,,,,,,,,
point_alert_ID0000120,cpu_2,compute,0,1694386169.0,,,1694386174.0,1694386177.0,1694386189.0,27194942.0,1694386175.0,1694386204.0,1694386194.0,1694386197.0,7112.0,1694386204.0,1694386209.0,5.0,,1.0,29.0,5.0,12.0,176673508.0,3.0,21998.0,poseidon,condorpool,poseidon-worker-1-container-40-43,point_alert,/opt/pointAlert/pointAlert,,0.0,0,0,,,,,,,,,
point_alert_ID0000040,None,compute,0,1694386169.0,,,1694386174.0,1694386177.0,1694386188.0,29551063.5,1694386175.0,1694386204.0,1694386193.0,1694386196.0,6659.0,1694386204.0,1694386209.0,5.0,,1.0,29.0,5.0,11.0,176642369.0,3.0,20558.0,poseidon,condorpool,poseidon-worker-2-container-12-15,point_alert,/opt/pointAlert/pointAlert,,0.0,0,0,,,,,,,,,
point_alert_ID0000020,None,compute,0,1694386169.0,,,1694386174.0,1694386177.0,1694386188.0,34710537.2,1694386175.0,1694386204.0,1694386193.0,1694386196.0,6515.0,1694386204.0,1694386209.0,5.0,,1.0,29.0,5.0,11.0,176644228.0,3.0,20478.0,poseidon,condorpool,poseidon-worker-1-container-0-3,point_alert,/opt/pointAlert/pointAlert,,0.0,0,0,,,,,,,,,
point_alert_ID0000115,None,compute,0,1694386169.0,,,1694386174.0,1694386177.0,1694386188.0,29626744.5,1694386175.0,1694386204.0,1694386193.0,1694386197.0,6843.0,1694386204.0,1694386209.0,5.0,,1.0,29.0,5.0,11.0,176681217.0,4.0,21598.0,poseidon,condorpool,poseidon-worker-2-container-44-47,point_alert,/opt/pointAlert/pointAlert,,0.0,0,0,,,,,,,,,
point_alert_ID0000025,None,compute,0,1694386174.0,,,1694386179.0,1694386182.0,1694386193.0,29688657.5,1694386181.0,1694386209.0,1694386198.0,1694386201.0,6557.0,1694386209.0,1694386215.0,5.0,,2.0,28.0,6.0,11.0,176638688.0,3.0,20078.0,poseidon,condorpool,poseidon-worker-1-container-0-3,point_alert,/opt/pointAlert/pointAlert,,0.0,0,0,,,,,,,,,
point_alert_ID0000015,None,compute,0,1694386174.0,,,1694386179.0,1694386182.0,1694386193.0,29593078.5,1694386181.0,1694386209.0,1694386198.0,1694386201.0,6732.0,1694386209.0,1694386215.0,5.0,,2.0,28.0,6.0,11.0,176639974.0,3.0,20558.0,poseidon,condorpool,poseidon-worker-1-container-16-19,point_alert,/opt/pointAlert/pointAlert,,0.0,0,0,,,,,,,,,
point_alert_ID0000005,cpu_2,compute,0,1694386174.0,,,1694386179.0,1694386182.0,1694386193.0,34450884.2,1694386181.0,1694386209.0,1694386198.0,1694386202.0,6635.0,1694386209.0,1694386215.0,5.0,,2.0,28.0,6.0,11.0,176636764.0,4.0,20398.0,poseidon,condorpool,poseidon-worker-2-container-28-31,point_alert,/opt/pointAlert/pointAlert,,0.0,0,0,,,,,,,,,
point_alert_ID0000070,None,compute,0,1694386174.0,,,1694386179.0,1694386182.0,1694386193.0,35291038.0,1694386181.0,1694386209.0,1694386198.0,1694386201.0,6663.0,1694386209.0,1694386215.0,5.0,,2.0,28.0,6.0,11.0,176643292.0,3.0,20558.0,poseidon,condorpool,poseidon-worker-2-container-16-19,point_alert,/opt/pointAlert/pointAlert,,0.0,0,0,,,,,,,,,
point_alert_ID0000130,None,compute,0,1694386179.0,,,1694386184.0,1694386186.0,1694386197.0,34044983.2,1694386185.0,1694386215.0,1694386203.0,1694386206.0,7303.0,1694386215.0,1694386220.0,5.0,,1.0,30.0,5.0,11.0,176672472.0,3.0,23118.0,poseidon,condorpool,poseidon-worker-1-container-20-23,point_alert,/opt/pointAlert/pointAlert,,0.0,0,0,,,,,,,,,
point_alert_ID0000100,None,compute,0,1694386194.0,,,1694386199.0,1694386202.0,1694386213.0,29561009.5,1694386201.0,1694386230.0,1694386219.0,1694386222.0,6702.0,1694386230.0,1694386235.0,5.0,,2.0,29.0,5.0,11.0,176658101.0,3.0,20638.0,poseidon,condorpool,poseidon-worker-1-container-20-23,point_alert,/opt/pointAlert/pointAlert,,0.0,0,0,,,,,,,,,
point_alert_ID0000045,None,compute,0,1694386194.0,,,1694386199.0,1694386202.0,1694386213.0,29496246.0,1694386200.0,1694386230.0,1694386218.0,1694386221.0,6672.0,1694386230.0,1694386235.0,5.0,,1.0,30.0,5.0,11.0,176636096.0,3.0,20798.0,poseidon,condorpool,poseidon-worker-1-container-24-27,point_alert,/opt/pointAlert/pointAlert,,0.0,0,0,,,,,,,,,
point_alert_ID0000010,cpu_2,compute,0,1694386194.0,,,1694386199.0,1694386202.0,1694386213.0,29634701.5,1694386200.0,1694386230.0,1694386218.0,1694386221.0,6508.0,1694386230.0,1694386235.0,5.0,,1.0,30.0,5.0,11.0,176643412.0,3.0,20478.0,poseidon,condorpool,poseidon-worker-1-container-44-47,point_alert,/opt/pointAlert/pointAlert,,0.0,0,0,,,,,,,,,
point_alert_ID0000060,cpu_2,compute,0,1694386194.0,,,1694386199.0,1694386202.0,1694386213.0,29448273.0,1694386200.0,1694386230.0,1694386218.0,1694386221.0,6690.0,1694386230.0,1694386235.0,5.0,,1.0,30.0,5.0,11.0,176636147.0,3.0,20878.0,poseidon,condorpool,poseidon-worker-1-container-40-43,point_alert,/opt/pointAlert/pointAlert,,0.0,0,0,,,,,,,,,
point_alert_ID0000090,None,compute,0,1694386194.0,,,1694386199.0,1694386202.0,1694386213.0,29531611.0,1694386201.0,1694386230.0,1694386218.0,1694386222.0,6540.0,1694386230.0,1694386235.0,5.0,,2.0,29.0,5.0,11.0,176656458.0,4.0,20638.0,poseidon,condorpool,poseidon-worker-2-container-0-3,point_alert,/opt/pointAlert/pointAlert,,0.0,0,0,,,,,,,,,
point_alert_ID0000035,None,compute,0,1694386194.0,,,1694386199.0,1694386202.0,1694386213.0,29524727.5,1694386200.0,1694386230.0,1694386218.0,1694386221.0,6353.0,1694386230.0,1694386235.0,5.0,,1.0,30.0,5.0,11.0,176638959.0,3.0,20078.0,poseidon,condorpool,poseidon-worker-2-container-12-15,point_alert,/opt/pointAlert/pointAlert,,0.0,0,0,,,,,,,,,
point_alert_ID0000085,None,compute,0,1694386194.0,,,1694386199.0,1694386202.0,1694386213.0,29640123.0,1694386200.0,1694386230.0,1694386219.0,1694386222.0,6807.0,1694386230.0,1694386235.0,5.0,,1.0,30.0,5.0,11.0,176655981.0,3.0,21118.0,poseidon,condorpool,poseidon-worker-1-container-0-3,point_alert,/opt/pointAlert/pointAlert,,0.0,0,0,,,,,,,,,
stage_out_local_condorpool_2_0,None,transfer,0,1694386194.0,,,1694386199.0,,,0.0,1694386200.0,1694386204.0,,,0.0,1694386204.0,1694386209.0,5.0,,1.0,4.0,5.0,,,,,poseidon,local,poseidon-submit,pegasus::transfer,/mnt/poseidon-data/poseidon/pegasus-5.1.0panorama/bin/pegasus-transfer,/home/poseidon/pegasus-5.1.0panorama/bin/../bin/pegasus-kickstart  -n pegasus::transfer -N null -i - -R local  -L casa-wind-full -T 2023-09-08T07:29:05+00:00 /home/poseidon/pegasus-5.1.0panorama/bin/../bin/pegasus-transfer  --threads 2,0.9,0,0,,,,,,,,,
point_alert_ID0000125,None,compute,0,1694386194.0,,,1694386199.0,1694386202.0,1694386214.0,25021058.7,1694386200.0,1694386230.0,1694386220.0,1694386223.0,7488.0,1694386230.0,1694386235.0,5.0,,1.0,30.0,5.0,12.0,176678547.0,3.0,22878.0,poseidon,condorpool,poseidon-worker-2-container-36-39,point_alert,/opt/pointAlert/pointAlert,,0.0,0,0,,,,,,,,,
point_alert_ID0000110,None,compute,0,1694386194.0,,,1694386199.0,1694386202.0,1694386214.0,29930603.8,1694386201.0,1694386230.0,1694386219.0,1694386222.0,6841.0,1694386230.0,1694386235.0,5.0,,2.0,29.0,5.0,12.0,176667937.0,3.0,21038.0,poseidon,condorpool,poseidon-worker-1-container-16-19,point_alert,/opt/pointAlert/pointAlert,,0.0,0,0,,,,,,,,,
point_alert_ID0000095,None,compute,0,1694386194.0,,,1694386199.0,1694386202.0,1694386213.0,29564346.5,1694386200.0,1694386230.0,1694386218.0,1694386221.0,6364.0,1694386230.0,1694386235.0,5.0,,1.0,30.0,5.0,11.0,176660390.0,3.0,20718.0,poseidon,condorpool,poseidon-worker-2-container-20-23,point_alert,/opt/pointAlert/pointAlert,,0.0,0,0,,,,,,,,,
stage_out_local_condorpool_2_3,None,transfer,0,1694386209.0,,,1694386215.0,,,0.0,1694386215.0,1694386220.0,,,0.0,1694386220.0,1694386225.0,6.0,,0.0,5.0,5.0,,,,,poseidon,local,poseidon-submit,pegasus::transfer,/mnt/poseidon-data/poseidon/pegasus-5.1.0panorama/bin/pegasus-transfer,/home/poseidon/pegasus-5.1.0panorama/bin/../bin/pegasus-kickstart  -n pegasus::transfer -N null -i - -R local  -L casa-wind-full -T 2023-09-08T07:29:05+00:00 /home/poseidon/pegasus-5.1.0panorama/bin/../bin/pegasus-transfer  --threads 2,1.0,0,0,,,,,,,,,
register_condorpool_2_0,None,auxiliary,0,1694386209.0,,,1694386215.0,,,0.0,1694386215.0,1694386220.0,,,0.0,1694386220.0,1694386225.0,6.0,,0.0,5.0,5.0,,,,,poseidon,local,poseidon-submit,pegasus::rc-client,/mnt/poseidon-data/poseidon/pegasus-5.1.0panorama/bin/pegasus-rc-client,"-n pegasus::rc-client -N null -R local  -L casa-wind-full -T 2023-09-08T07:29:05+00:00 /home/poseidon/pegasus-5.1.0panorama/bin/pegasus-rc-client --prefix pegasus.catalog.replica.output --conf /mnt/poseidon-data/poseidon/workflows/casa-wind-workflow-full/submit/poseidon/pegasus/casa-wind-full/run0222/pegasus.2681722923398706911.properties -v --meta /mnt/poseidon-data/poseidon/workflows/casa-wind-workflow-full/submit/poseidon/pegasus/casa-wind-full/run0222/00/01/post_vel_ID0000023.meta,/mnt/poseidon-data/poseidon/workflows/casa-wind-workflow-full/submit/poseidon/pegasus/casa-wind-full/run0222/00/01/post_vel_ID0000093.meta,/mnt/poseidon-data/poseidon/workflows/casa-wind-workflow-full/submit/poseidon/pegasus/casa-wind-full/run0222/00/01/mvt_ID0000129.meta,/mnt/poseidon-data/poseidon/workflows/casa-wind-workflow-full/submit/poseidon/pegasus/casa-wind-full/run0222/00/02/mvt_ID0000044.meta,/mnt/poseidon-data/poseidon/workflows/casa-wind-workflow-full/submit/poseidon/pegasus/casa-wind-full/run0222/00/02/post_vel_ID0000058.meta,/mnt/poseidon-data/poseidon/workflows/casa-wind-workflow-full/submit/poseidon/pegasus/casa-wind-full/run0222/00/01/post_vel_ID0000068.meta,/mnt/poseidon-data/poseidon/workflows/casa-wind-workflow-full/submit/poseidon/pegasus/casa-wind-full/run0222/00/01/post_vel_ID0000123.meta,/mnt/poseidon-data/poseidon/workflows/casa-wind-workflow-full/submit/poseidon/pegasus/casa-wind-full/run0222/00/02/post_vel_ID0000078.meta,/mnt/poseidon-data/poseidon/workflows/casa-wind-workflow-full/submit/poseidon/pegasus/casa-wind-full/run0222/00/01/mvt_ID0000029.meta --insert /mnt/poseidon-data/poseidon/workflows/casa-wind-workflow-full/submit/poseidon/pegasus/casa-wind-full/run0222/00/02/register_condorpool_2_0.in",2.7,0,0,,,,,,,,,
stage_out_local_condorpool_2_2,None,transfer,0,1694386209.0,,,1694386215.0,,,0.0,1694386215.0,1694386220.0,,,0.0,1694386220.0,1694386225.0,6.0,,0.0,5.0,5.0,,,,,poseidon,local,poseidon-submit,pegasus::transfer,/mnt/poseidon-data/poseidon/pegasus-5.1.0panorama/bin/pegasus-transfer,/home/poseidon/pegasus-5.1.0panorama/bin/../bin/pegasus-kickstart  -n pegasus::transfer -N null -i - -R local  -L casa-wind-full -T 2023-09-08T07:29:05+00:00 /home/poseidon/pegasus-5.1.0panorama/bin/../bin/pegasus-transfer  --threads 2,1.0,0,0,,,,,,,,,
point_alert_ID0000055,None,compute,0,1694386209.0,,,1694386215.0,1694386217.0,1694386228.0,29605519.5,1694386216.0,1694386245.0,1694386233.0,1694386237.0,6650.0,1694386245.0,1694386250.0,6.0,,1.0,29.0,5.0,11.0,176636535.0,4.0,20638.0,poseidon,condorpool,poseidon-worker-2-container-44-47,point_alert,/opt/pointAlert/pointAlert,,0.0,0,0,,,,,,,,,
point_alert_ID0000105,cpu_2,compute,0,1694386209.0,,,1694386215.0,1694386217.0,1694386228.0,29909809.0,1694386216.0,1694386245.0,1694386233.0,1694386237.0,6669.0,1694386245.0,1694386250.0,6.0,,1.0,29.0,5.0,11.0,176667573.0,4.0,21278.0,poseidon,condorpool,poseidon-worker-1-container-28-31,point_alert,/opt/pointAlert/pointAlert,,0.0,0,0,,,,,,,,,
stage_out_local_condorpool_2_1,None,transfer,0,1694386209.0,,,1694386215.0,,,0.0,1694386215.0,1694386220.0,,,0.0,1694386220.0,1694386225.0,6.0,,0.0,5.0,5.0,,,,,poseidon,local,poseidon-submit,pegasus::transfer,/mnt/poseidon-data/poseidon/pegasus-5.1.0panorama/bin/pegasus-transfer,/home/poseidon/pegasus-5.1.0panorama/bin/../bin/pegasus-kickstart  -n pegasus::transfer -N null -i - -R local  -L casa-wind-full -T 2023-09-08T07:29:05+00:00 /home/poseidon/pegasus-5.1.0panorama/bin/../bin/pegasus-transfer  --threads 2,1.0,0,0,,,,,,,,,
point_alert_ID0000080,None,compute,0,1694386209.0,,,1694386215.0,1694386217.0,1694386228.0,34063735.4,1694386216.0,1694386245.0,1694386234.0,1694386237.0,6698.0,1694386245.0,1694386250.0,6.0,,1.0,29.0,5.0,11.0,176653320.0,3.0,20718.0,poseidon,condorpool,poseidon-worker-1-container-0-3,point_alert,/opt/pointAlert/pointAlert,,0.0,0,0,,,,,,,,,
point_alert_ID0000075,None,compute,0,1694386209.0,,,1694386215.0,1694386217.0,1694386228.0,29576174.5,1694386216.0,1694386245.0,1694386233.0,1694386237.0,6611.0,1694386245.0,1694386250.0,6.0,,1.0,29.0,5.0,11.0,176646838.0,4.0,20558.0,poseidon,condorpool,poseidon-worker-2-container-12-15,point_alert,/opt/pointAlert/pointAlert,,0.0,0,0,,,,,,,,,
stage_out_local_condorpool_2_4,None,transfer,0,1694386209.0,,,1694386215.0,,,0.0,1694386215.0,1694386220.0,,,0.0,1694386220.0,1694386225.0,6.0,,0.0,5.0,5.0,,,,,poseidon,local,poseidon-submit,pegasus::transfer,/mnt/poseidon-data/poseidon/pegasus-5.1.0panorama/bin/pegasus-transfer,/home/poseidon/pegasus-5.1.0panorama/bin/../bin/pegasus-kickstart  -n pegasus::transfer -N null -i - -R local  -L casa-wind-full -T 2023-09-08T07:29:05+00:00 /home/poseidon/pegasus-5.1.0panorama/bin/../bin/pegasus-transfer  --threads 2,0.9,0,0,,,,,,,,,
stage_out_local_condorpool_2_5,None,transfer,0,1694386215.0,,,1694386220.0,,,0.0,1694386220.0,1694386225.0,,,0.0,1694386225.0,1694386230.0,5.0,,0.0,5.0,5.0,,,,,poseidon,local,poseidon-submit,pegasus::transfer,/mnt/poseidon-data/poseidon/pegasus-5.1.0panorama/bin/pegasus-transfer,/home/poseidon/pegasus-5.1.0panorama/bin/../bin/pegasus-kickstart  -n pegasus::transfer -N null -i - -R local  -L casa-wind-full -T 2023-09-08T07:29:05+00:00 /home/poseidon/pegasus-5.1.0panorama/bin/../bin/pegasus-transfer  --threads 2,0.8,0,0,,,,,,,,,
point_alert_ID0000065,None,compute,0,1694386215.0,,,1694386220.0,1694386223.0,1694386233.0,29593386.0,1694386221.0,1694386250.0,1694386239.0,1694386242.0,6639.0,1694386250.0,1694386255.0,5.0,,1.0,29.0,5.0,10.0,176639131.0,3.0,20238.0,poseidon,condorpool,poseidon-worker-1-container-12-15,point_alert,/opt/pointAlert/pointAlert,,0.0,0,0,,,,,,,,,
register_condorpool_2_3,None,auxiliary,0,1694386225.0,,,1694386250.0,,,0.0,1694386250.0,1694386255.0,,,0.0,1694386255.0,1694386260.0,25.0,,0.0,5.0,5.0,,,,,poseidon,local,poseidon-submit,pegasus::rc-client,/mnt/poseidon-data/poseidon/pegasus-5.1.0panorama/bin/pegasus-rc-client,"-n pegasus::rc-client -N null -R local  -L casa-wind-full -T 2023-09-08T07:29:05+00:00 /home/poseidon/pegasus-5.1.0panorama/bin/pegasus-rc-client --prefix pegasus.catalog.replica.output --conf /mnt/poseidon-data/poseidon/workflows/casa-wind-workflow-full/submit/poseidon/pegasus/casa-wind-full/run0222/pegasus.2681722923398706911.properties -v --meta /mnt/poseidon-data/poseidon/workflows/casa-wind-workflow-full/submit/poseidon/pegasus/casa-wind-full/run0222/00/01/mvt_ID0000084.meta,/mnt/poseidon-data/poseidon/workflows/casa-wind-workflow-full/submit/poseidon/pegasus/casa-wind-full/run0222/00/02/post_vel_ID0000103.meta,/mnt/poseidon-data/poseidon/workflows/casa-wind-workflow-full/submit/poseidon/pegasus/casa-wind-full/run0222/00/01/post_vel_ID0000098.meta,/mnt/poseidon-data/poseidon/workflows/casa-wind-workflow-full/submit/poseidon/pegasus/casa-wind-full/run0222/00/02/post_vel_ID0000048.meta,/mnt/poseidon-data/poseidon/workflows/casa-wind-workflow-full/submit/poseidon/pegasus/casa-wind-full/run0222/00/01/mvt_ID0000009.meta,/mnt/poseidon-data/poseidon/workflows/casa-wind-workflow-full/submit/poseidon/pegasus/casa-wind-full/run0222/00/01/post_vel_ID0000018.meta,/mnt/poseidon-data/poseidon/workflows/casa-wind-workflow-full/submit/poseidon/pegasus/casa-wind-full/run0222/00/01/mvt_ID0000089.meta,/mnt/poseidon-data/poseidon/workflows/casa-wind-workflow-full/submit/poseidon/pegasus/casa-wind-full/run0222/00/02/mvt_ID0000074.meta,/mnt/poseidon-data/poseidon/workflows/casa-wind-workflow-full/submit/poseidon/pegasus/casa-wind-full/run0222/00/02/post_vel_ID0000038.meta --insert /mnt/poseidon-data/poseidon/workflows/casa-wind-workflow-full/submit/poseidon/pegasus/casa-wind-full/run0222/00/02/register_condorpool_2_3.in",2.6,0,0,,,,,,,,,
register_condorpool_2_2,None,auxiliary,0,1694386225.0,,,1694386260.0,,,0.0,1694386261.0,1694386265.0,,,0.0,1694386265.0,1694386270.0,35.0,,1.0,4.0,5.0,,,,,poseidon,local,poseidon-submit,pegasus::rc-client,/mnt/poseidon-data/poseidon/pegasus-5.1.0panorama/bin/pegasus-rc-client,"-n pegasus::rc-client -N null -R local  -L casa-wind-full -T 2023-09-08T07:29:05+00:00 /home/poseidon/pegasus-5.1.0panorama/bin/pegasus-rc-client --prefix pegasus.catalog.replica.output --conf /mnt/poseidon-data/poseidon/workflows/casa-wind-workflow-full/submit/poseidon/pegasus/casa-wind-full/run0222/pegasus.2681722923398706911.properties -v --meta /mnt/poseidon-data/poseidon/workflows/casa-wind-workflow-full/submit/poseidon/pegasus/casa-wind-full/run0222/00/02/post_vel_ID0000073.meta,/mnt/poseidon-data/poseidon/workflows/casa-wind-workflow-full/submit/poseidon/pegasus/casa-wind-full/run0222/00/02/mvt_ID0000039.meta,/mnt/poseidon-data/poseidon/workflows/casa-wind-workflow-full/submit/poseidon/pegasus/casa-wind-full/run0222/00/01/mvt_ID0000099.meta,/mnt/poseidon-data/poseidon/workflows/casa-wind-workflow-full/submit/poseidon/pegasus/casa-wind-full/run0222/00/01/post_vel_ID0000008.meta,/mnt/poseidon-data/poseidon/workflows/casa-wind-workflow-full/submit/poseidon/pegasus/casa-wind-full/run0222/00/02/mvt_ID0000049.meta,/mnt/poseidon-data/poseidon/workflows/casa-wind-workflow-full/submit/poseidon/pegasus/casa-wind-full/run0222/00/01/mvt_ID0000019.meta,/mnt/poseidon-data/poseidon/workflows/casa-wind-workflow-full/submit/poseidon/pegasus/casa-wind-full/run0222/00/02/mvt_ID0000104.meta,/mnt/poseidon-data/poseidon/workflows/casa-wind-workflow-full/submit/poseidon/pegasus/casa-wind-full/run0222/00/01/post_vel_ID0000083.meta,/mnt/poseidon-data/poseidon/workflows/casa-wind-workflow-full/submit/poseidon/pegasus/casa-wind-full/run0222/00/01/post_vel_ID0000088.meta --insert /mnt/poseidon-data/poseidon/workflows/casa-wind-workflow-full/submit/poseidon/pegasus/casa-wind-full/run0222/00/02/register_condorpool_2_2.in",2.6,0,0,,,,,,,,,
register_condorpool_2_4,None,auxiliary,0,1694386225.0,,,1694386300.0,,,0.0,1694386300.0,1694386305.0,,,0.0,1694386305.0,1694386310.0,75.0,,0.0,5.0,5.0,,,,,poseidon,local,poseidon-submit,pegasus::rc-client,/mnt/poseidon-data/poseidon/pegasus-5.1.0panorama/bin/pegasus-rc-client,"-n pegasus::rc-client -N null -R local  -L casa-wind-full -T 2023-09-08T07:29:05+00:00 /home/poseidon/pegasus-5.1.0panorama/bin/pegasus-rc-client --prefix pegasus.catalog.replica.output --conf /mnt/poseidon-data/poseidon/workflows/casa-wind-workflow-full/submit/poseidon/pegasus/casa-wind-full/run0222/pegasus.2681722923398706911.properties -v --meta /mnt/poseidon-data/poseidon/workflows/casa-wind-workflow-full/submit/poseidon/pegasus/casa-wind-full/run0222/00/02/post_vel_ID0000108.meta,/mnt/poseidon-data/poseidon/workflows/casa-wind-workflow-full/submit/poseidon/pegasus/casa-wind-full/run0222/00/01/post_vel_ID0000063.meta,/mnt/poseidon-data/poseidon/workflows/casa-wind-workflow-full/submit/poseidon/pegasus/casa-wind-full/run0222/00/01/post_vel_ID0000013.meta,/mnt/poseidon-data/poseidon/workflows/casa-wind-workflow-full/submit/poseidon/pegasus/casa-wind-full/run0222/00/02/mvt_ID0000054.meta,/mnt/poseidon-data/poseidon/workflows/casa-wind-workflow-full/submit/poseidon/pegasus/casa-wind-full/run0222/00/01/post_vel_ID0000033.meta,/mnt/poseidon-data/poseidon/workflows/casa-wind-workflow-full/submit/poseidon/pegasus/casa-wind-full/run0222/00/02/post_vel_ID0000113.meta,/mnt/poseidon-data/poseidon/workflows/casa-wind-workflow-full/submit/poseidon/pegasus/casa-wind-full/run0222/00/01/post_vel_ID0000003.meta,/mnt/poseidon-data/poseidon/workflows/casa-wind-workflow-full/submit/poseidon/pegasus/casa-wind-full/run0222/00/01/post_vel_ID0000118.meta --insert /mnt/poseidon-data/poseidon/workflows/casa-wind-workflow-full/submit/poseidon/pegasus/casa-wind-full/run0222/00/02/register_condorpool_2_4.in",2.7,0,0,,,,,,,,,
register_condorpool_2_1,None,auxiliary,0,1694386225.0,,,1694386230.0,,,0.0,1694386231.0,1694386235.0,,,0.0,1694386235.0,1694386240.0,5.0,,1.0,4.0,5.0,,,,,poseidon,local,poseidon-submit,pegasus::rc-client,/mnt/poseidon-data/poseidon/pegasus-5.1.0panorama/bin/pegasus-rc-client,"-n pegasus::rc-client -N null -R local  -L casa-wind-full -T 2023-09-08T07:29:05+00:00 /home/poseidon/pegasus-5.1.0panorama/bin/pegasus-rc-client --prefix pegasus.catalog.replica.output --conf /mnt/poseidon-data/poseidon/workflows/casa-wind-workflow-full/submit/poseidon/pegasus/casa-wind-full/run0222/pegasus.2681722923398706911.properties -v --meta /mnt/poseidon-data/poseidon/workflows/casa-wind-workflow-full/submit/poseidon/pegasus/casa-wind-full/run0222/00/01/post_vel_ID0000028.meta,/mnt/poseidon-data/poseidon/workflows/casa-wind-workflow-full/submit/poseidon/pegasus/casa-wind-full/run0222/00/02/post_vel_ID0000043.meta,/mnt/poseidon-data/poseidon/workflows/casa-wind-workflow-full/submit/poseidon/pegasus/casa-wind-full/run0222/00/01/post_vel_ID0000128.meta,/mnt/poseidon-data/poseidon/workflows/casa-wind-workflow-full/submit/poseidon/pegasus/casa-wind-full/run0222/00/01/mvt_ID0000094.meta,/mnt/poseidon-data/poseidon/workflows/casa-wind-workflow-full/submit/poseidon/pegasus/casa-wind-full/run0222/00/01/mvt_ID0000069.meta,/mnt/poseidon-data/poseidon/workflows/casa-wind-workflow-full/submit/poseidon/pegasus/casa-wind-full/run0222/00/02/mvt_ID0000059.meta,/mnt/poseidon-data/poseidon/workflows/casa-wind-workflow-full/submit/poseidon/pegasus/casa-wind-full/run0222/00/01/mvt_ID0000124.meta,/mnt/poseidon-data/poseidon/workflows/casa-wind-workflow-full/submit/poseidon/pegasus/casa-wind-full/run0222/00/01/mvt_ID0000024.meta,/mnt/poseidon-data/poseidon/workflows/casa-wind-workflow-full/submit/poseidon/pegasus/casa-wind-full/run0222/00/02/mvt_ID0000079.meta --insert /mnt/poseidon-data/poseidon/workflows/casa-wind-workflow-full/submit/poseidon/pegasus/casa-wind-full/run0222/00/02/register_condorpool_2_1.in",2.8,0,0,,,,,,,,,
register_condorpool_2_5,None,auxiliary,0,1694386230.0,,,1694386240.0,,,0.0,1694386240.0,1694386245.0,,,0.0,1694386245.0,1694386250.0,10.0,,0.0,5.0,5.0,,,,,poseidon,local,poseidon-submit,pegasus::rc-client,/mnt/poseidon-data/poseidon/pegasus-5.1.0panorama/bin/pegasus-rc-client,"-n pegasus::rc-client -N null -R local  -L casa-wind-full -T 2023-09-08T07:29:05+00:00 /home/poseidon/pegasus-5.1.0panorama/bin/pegasus-rc-client --prefix pegasus.catalog.replica.output --conf /mnt/poseidon-data/poseidon/workflows/casa-wind-workflow-full/submit/poseidon/pegasus/casa-wind-full/run0222/pegasus.2681722923398706911.properties -v --meta /mnt/poseidon-data/poseidon/workflows/casa-wind-workflow-full/submit/poseidon/pegasus/casa-wind-full/run0222/00/01/mvt_ID0000004.meta,/mnt/poseidon-data/poseidon/workflows/casa-wind-workflow-full/submit/poseidon/pegasus/casa-wind-full/run0222/00/01/mvt_ID0000119.meta,/mnt/poseidon-data/poseidon/workflows/casa-wind-workflow-full/submit/poseidon/pegasus/casa-wind-full/run0222/00/02/post_vel_ID0000053.meta,/mnt/poseidon-data/poseidon/workflows/casa-wind-workflow-full/submit/poseidon/pegasus/casa-wind-full/run0222/00/02/mvt_ID0000114.meta,/mnt/poseidon-data/poseidon/workflows/casa-wind-workflow-full/submit/poseidon/pegasus/casa-wind-full/run0222/00/01/mvt_ID0000034.meta,/mnt/poseidon-data/poseidon/workflows/casa-wind-workflow-full/submit/poseidon/pegasus/casa-wind-full/run0222/00/01/mvt_ID0000014.meta,/mnt/poseidon-data/poseidon/workflows/casa-wind-workflow-full/submit/poseidon/pegasus/casa-wind-full/run0222/00/02/mvt_ID0000109.meta,/mnt/poseidon-data/poseidon/workflows/casa-wind-workflow-full/submit/poseidon/pegasus/casa-wind-full/run0222/00/01/mvt_ID0000064.meta --insert /mnt/poseidon-data/poseidon/workflows/casa-wind-workflow-full/submit/poseidon/pegasus/casa-wind-full/run0222/00/02/register_condorpool_2_5.in",2.7,0,0,,,,,,,,,
stage_out_local_condorpool_3_0,None,transfer,0,1694386250.0,,,1694386255.0,,,0.0,1694386256.0,1694386260.0,,,0.0,1694386260.0,1694386265.0,5.0,,1.0,4.0,5.0,,,,,poseidon,local,poseidon-submit,pegasus::transfer,/mnt/poseidon-data/poseidon/pegasus-5.1.0panorama/bin/pegasus-transfer,/home/poseidon/pegasus-5.1.0panorama/bin/../bin/pegasus-kickstart  -n pegasus::transfer -N null -i - -R local  -L casa-wind-full -T 2023-09-08T07:29:05+00:00 /home/poseidon/pegasus-5.1.0panorama/bin/../bin/pegasus-transfer  --threads 2,0.9,0,0,,,,,,,,,
stage_out_local_condorpool_3_1,None,transfer,0,1694386250.0,,,1694386255.0,,,0.0,1694386256.0,1694386260.0,,,0.0,1694386260.0,1694386265.0,5.0,,1.0,4.0,5.0,,,,,poseidon,local,poseidon-submit,pegasus::transfer,/mnt/poseidon-data/poseidon/pegasus-5.1.0panorama/bin/pegasus-transfer,/home/poseidon/pegasus-5.1.0panorama/bin/../bin/pegasus-kickstart  -n pegasus::transfer -N null -i - -R local  -L casa-wind-full -T 2023-09-08T07:29:05+00:00 /home/poseidon/pegasus-5.1.0panorama/bin/../bin/pegasus-transfer  --threads 2,0.9,0,0,,,,,,,,,
stage_out_local_condorpool_3_2,None,transfer,0,1694386255.0,,,1694386260.0,,,0.0,1694386261.0,1694386270.0,,,0.0,1694386270.0,1694386275.0,5.0,,1.0,9.0,5.0,,,,,poseidon,local,poseidon-submit,pegasus::transfer,/mnt/poseidon-data/poseidon/pegasus-5.1.0panorama/bin/pegasus-transfer,/home/poseidon/pegasus-5.1.0panorama/bin/../bin/pegasus-kickstart  -n pegasus::transfer -N null -i - -R local  -L casa-wind-full -T 2023-09-08T07:29:05+00:00 /home/poseidon/pegasus-5.1.0panorama/bin/../bin/pegasus-transfer  --threads 2,0.8,0,0,,,,,,,,,
register_condorpool_3_0,None,auxiliary,0,1694386265.0,,,1694386270.0,,,0.0,1694386270.0,1694386275.0,,,0.0,1694386275.0,1694386280.0,5.0,,0.0,5.0,5.0,,,,,poseidon,local,poseidon-submit,pegasus::rc-client,/mnt/poseidon-data/poseidon/pegasus-5.1.0panorama/bin/pegasus-rc-client,"-n pegasus::rc-client -N null -R local  -L casa-wind-full -T 2023-09-08T07:29:05+00:00 /home/poseidon/pegasus-5.1.0panorama/bin/pegasus-rc-client --prefix pegasus.catalog.replica.output --conf /mnt/poseidon-data/poseidon/workflows/casa-wind-workflow-full/submit/poseidon/pegasus/casa-wind-full/run0222/pegasus.2681722923398706911.properties -v --meta /mnt/poseidon-data/poseidon/workflows/casa-wind-workflow-full/submit/poseidon/pegasus/casa-wind-full/run0222/00/02/point_alert_ID0000125.meta,/mnt/poseidon-data/poseidon/workflows/casa-wind-workflow-full/submit/poseidon/pegasus/casa-wind-full/run0222/00/02/point_alert_ID0000095.meta,/mnt/poseidon-data/poseidon/workflows/casa-wind-workflow-full/submit/poseidon/pegasus/casa-wind-full/run0222/00/03/point_alert_ID0000060.meta,/mnt/poseidon-data/poseidon/workflows/casa-wind-workflow-full/submit/poseidon/pegasus/casa-wind-full/run0222/00/02/point_alert_ID0000030.meta,/mnt/poseidon-data/poseidon/workflows/casa-wind-workflow-full/submit/poseidon/pegasus/casa-wind-full/run0222/00/02/point_alert_ID0000025.meta,/mnt/poseidon-data/poseidon/workflows/casa-wind-workflow-full/submit/poseidon/pegasus/casa-wind-full/run0222/00/03/point_alert_ID0000045.meta,/mnt/poseidon-data/poseidon/workflows/casa-wind-workflow-full/submit/poseidon/pegasus/casa-wind-full/run0222/00/02/point_alert_ID0000130.meta,/mnt/poseidon-data/poseidon/workflows/casa-wind-workflow-full/submit/poseidon/pegasus/casa-wind-full/run0222/00/02/point_alert_ID0000070.meta,/mnt/poseidon-data/poseidon/workflows/casa-wind-workflow-full/submit/poseidon/pegasus/casa-wind-full/run0222/00/02/point_alert_ID0000080.meta --insert /mnt/poseidon-data/poseidon/workflows/casa-wind-workflow-full/submit/poseidon/pegasus/casa-wind-full/run0222/00/03/register_condorpool_3_0.in",2.7,0,0,,,,,,,,,
register_condorpool_3_1,None,auxiliary,0,1694386265.0,,,1694386280.0,,,0.0,1694386281.0,1694386285.0,,,0.0,1694386285.0,1694386290.0,15.0,,1.0,4.0,5.0,,,,,poseidon,local,poseidon-submit,pegasus::rc-client,/mnt/poseidon-data/poseidon/pegasus-5.1.0panorama/bin/pegasus-rc-client,"-n pegasus::rc-client -N null -R local  -L casa-wind-full -T 2023-09-08T07:29:05+00:00 /home/poseidon/pegasus-5.1.0panorama/bin/pegasus-rc-client --prefix pegasus.catalog.replica.output --conf /mnt/poseidon-data/poseidon/workflows/casa-wind-workflow-full/submit/poseidon/pegasus/casa-wind-full/run0222/pegasus.2681722923398706911.properties -v --meta /mnt/poseidon-data/poseidon/workflows/casa-wind-workflow-full/submit/poseidon/pegasus/casa-wind-full/run0222/00/02/point_alert_ID0000010.meta,/mnt/poseidon-data/poseidon/workflows/casa-wind-workflow-full/submit/poseidon/pegasus/casa-wind-full/run0222/00/02/point_alert_ID0000090.meta,/mnt/poseidon-data/poseidon/workflows/casa-wind-workflow-full/submit/poseidon/pegasus/casa-wind-full/run0222/00/02/point_alert_ID0000085.meta,/mnt/poseidon-data/poseidon/workflows/casa-wind-workflow-full/submit/poseidon/pegasus/casa-wind-full/run0222/00/02/point_alert_ID0000075.meta,/mnt/poseidon-data/poseidon/workflows/casa-wind-workflow-full/submit/poseidon/pegasus/casa-wind-full/run0222/00/02/point_alert_ID0000100.meta,/mnt/poseidon-data/poseidon/workflows/casa-wind-workflow-full/submit/poseidon/pegasus/casa-wind-full/run0222/00/03/point_alert_ID0000040.meta,/mnt/poseidon-data/poseidon/workflows/casa-wind-workflow-full/submit/poseidon/pegasus/casa-wind-full/run0222/00/02/point_alert_ID0000020.meta,/mnt/poseidon-data/poseidon/workflows/casa-wind-workflow-full/submit/poseidon/pegasus/casa-wind-full/run0222/00/03/point_alert_ID0000050.meta,/mnt/poseidon-data/poseidon/workflows/casa-wind-workflow-full/submit/poseidon/pegasus/casa-wind-full/run0222/00/03/point_alert_ID0000105.meta --insert /mnt/poseidon-data/poseidon/workflows/casa-wind-workflow-full/submit/poseidon/pegasus/casa-wind-full/run0222/00/03/register_condorpool_3_1.in",2.6,0,0,,,,,,,,,
cleanup_casa-wind-full_0_condorpool,None,auxiliary,0,1694386275.0,,,1694386280.0,,,0.0,1694386281.0,1694386285.0,,,0.0,1694386285.0,1694386290.0,5.0,,1.0,4.0,5.0,,,,,poseidon,local,poseidon-submit,pegasus::cleanup,/mnt/poseidon-data/poseidon/pegasus-5.1.0panorama/bin/pegasus-transfer,pegasus-kickstart  -n pegasus::cleanup -N null -i - -R local  -L casa-wind-full -T 2023-09-08T07:29:05+00:00 pegasus-transfer,0.2,0,0,,,,,,,,,
register_condorpool_3_2,None,auxiliary,0,1694386275.0,,,1694386290.0,,,0.0,1694386291.0,1694386295.0,,,0.0,1694386295.0,1694386300.0,15.0,,1.0,4.0,5.0,,,,,poseidon,local,poseidon-submit,pegasus::rc-client,/mnt/poseidon-data/poseidon/pegasus-5.1.0panorama/bin/pegasus-rc-client,"-n pegasus::rc-client -N null -R local  -L casa-wind-full -T 2023-09-08T07:29:05+00:00 /home/poseidon/pegasus-5.1.0panorama/bin/pegasus-rc-client --prefix pegasus.catalog.replica.output --conf /mnt/poseidon-data/poseidon/workflows/casa-wind-workflow-full/submit/poseidon/pegasus/casa-wind-full/run0222/pegasus.2681722923398706911.properties -v --meta /mnt/poseidon-data/poseidon/workflows/casa-wind-workflow-full/submit/poseidon/pegasus/casa-wind-full/run0222/00/03/point_alert_ID0000110.meta,/mnt/poseidon-data/poseidon/workflows/casa-wind-workflow-full/submit/poseidon/pegasus/casa-wind-full/run0222/00/03/point_alert_ID0000055.meta,/mnt/poseidon-data/poseidon/workflows/casa-wind-workflow-full/submit/poseidon/pegasus/casa-wind-full/run0222/00/02/point_alert_ID0000115.meta,/mnt/poseidon-data/poseidon/workflows/casa-wind-workflow-full/submit/poseidon/pegasus/casa-wind-full/run0222/00/02/point_alert_ID0000120.meta,/mnt/poseidon-data/poseidon/workflows/casa-wind-workflow-full/submit/poseidon/pegasus/casa-wind-full/run0222/00/02/point_alert_ID0000035.meta,/mnt/poseidon-data/poseidon/workflows/casa-wind-workflow-full/submit/poseidon/pegasus/casa-wind-full/run0222/00/02/point_alert_ID0000015.meta,/mnt/poseidon-data/poseidon/workflows/casa-wind-workflow-full/submit/poseidon/pegasus/casa-wind-full/run0222/00/02/point_alert_ID0000065.meta,/mnt/poseidon-data/poseidon/workflows/casa-wind-workflow-full/submit/poseidon/pegasus/casa-wind-full/run0222/00/02/point_alert_ID0000005.meta --insert /mnt/poseidon-data/poseidon/workflows/casa-wind-workflow-full/submit/poseidon/pegasus/casa-wind-full/run0222/00/03/register_condorpool_3_2.in",2.7,0,0,,,,,,,,,
