,anomaly_type,type,is_clustered,ready,pre_script_start,pre_script_end,submit,stage_in_start,stage_in_end,stage_in_effective_bytes_per_sec,execute_start,execute_end,stage_out_start,stage_out_end,stage_out_effective_bytes_per_sec,post_script_start,post_script_end,wms_delay,pre_script_delay,queue_delay,runtime,post_script_delay,stage_in_delay,stage_in_bytes,stage_out_delay,stage_out_bytes,kickstart_user,kickstart_site,kickstart_hostname,kickstart_transformations,kickstart_executables,kickstart_executables_argv,kickstart_executables_cpu_time,kickstart_status,kickstart_executables_exitcode,kickstart_online_iowait,kickstart_online_bytes_read,kickstart_online_bytes_written,kickstart_online_read_system_calls,kickstart_online_write_system_calls,kickstart_online_utime,kickstart_online_stime,kickstart_online_bytes_read_per_second,kickstart_online_bytes_written_per_second
create_dir_casa-wind-full_0_condorpool,None,auxiliary,0,1694232700.0,,,1694232701.0,,,0.0,1694232705.0,1694232711.0,,,0.0,1694232711.0,1694232716.0,1.0,,4.0,6.0,5.0,,,,,poseidon,local,poseidon-submit,pegasus::dirmanager,/mnt/poseidon-data/poseidon/pegasus-5.1.0panorama/bin/pegasus-transfer,pegasus-kickstart  -n pegasus::dirmanager -N null -i - -R local  -L casa-wind-full -T 2023-09-08T07:29:05+00:00 pegasus-transfer,0.2,0,0,,,,,,,,,
unzip_ID0000006,None,compute,0,1694232716.0,,,1694232722.0,1694232743.0,1694232751.0,28510818.0,1694232741.0,1694232787.0,1694232762.0,1694232777.0,34297453.0,1694232787.0,1694232792.0,6.0,,19.0,46.0,5.0,8.0,222753803.0,15.0,501616588.0,poseidon,condorpool,poseidon-worker-2-container-0-3,unzip,/usr/bin/gunzip,,3.9,0,0,,,,,,,,,
unzip_ID0000106,None,compute,0,1694232716.0,,,1694232722.0,1694232747.0,1694232755.0,29864018.0,1694232745.0,1694232792.0,1694232767.0,1694232785.0,27561096.0,1694232792.0,1694232797.0,6.0,,23.0,47.0,5.0,8.0,241199298.0,18.0,501821816.0,poseidon,condorpool,poseidon-worker-2-container-32-35,unzip,/usr/bin/gunzip,,4.1,0,0,,,,,,,,,
unzip_ID0000046,None,compute,0,1694232716.0,,,1694232722.0,1694232743.0,1694232750.0,31764683.0,1694232741.0,1694232782.0,1694232762.0,1694232772.0,55852839.0,1694232782.0,1694232787.0,6.0,,19.0,41.0,5.0,7.0,229692821.0,10.0,523855228.0,poseidon,condorpool,poseidon-worker-2-container-4-7,unzip,/usr/bin/gunzip,,4.0,0,0,,,,,,,,,
unzip_ID0000101,None,compute,0,1694232716.0,,,1694232722.0,1694232743.0,1694232752.0,28887115.0,1694232741.0,1694232792.0,1694232764.0,1694232785.0,27582114.0,1694232792.0,1694232797.0,6.0,,19.0,51.0,5.0,9.0,250988249.0,21.0,561551644.0,poseidon,condorpool,poseidon-worker-2-container-8-11,unzip,/usr/bin/gunzip,,4.4,0,0,,,,,,,,,
unzip_ID0000026,None,compute,0,1694232716.0,,,1694232722.0,1694232742.0,1694232753.0,22328366.0,1694232741.0,1694232797.0,1694232765.0,1694232788.0,22575693.0,1694232797.0,1694232803.0,6.0,,19.0,56.0,6.0,11.0,227963832.0,23.0,523917888.0,poseidon,condorpool,poseidon-worker-1-container-4-7,unzip,/usr/bin/gunzip,,4.0,0,0,,,,,,,,,
unzip_ID0000126,None,compute,0,1694232716.0,,,1694232722.0,1694232742.0,1694232751.0,28870866.0,1694232740.0,1694232782.0,1694232763.0,1694232773.0,52063794.0,1694232782.0,1694232787.0,6.0,,18.0,42.0,5.0,9.0,249343892.0,10.0,520618424.0,poseidon,condorpool,poseidon-worker-2-container-12-15,unzip,/usr/bin/gunzip,,4.2,0,0,,,,,,,,,
unzip_ID0000031,None,compute,0,1694232716.0,,,1694232722.0,1694232742.0,1694232749.0,34516482.0,1694232741.0,1694232777.0,1694232761.0,1694232770.0,57621403.0,1694232777.0,1694232782.0,6.0,,19.0,36.0,5.0,7.0,237517035.0,9.0,539438752.0,poseidon,condorpool,poseidon-worker-2-container-20-23,unzip,/usr/bin/gunzip,,4.0,0,0,,,,,,,,,
unzip_ID0000076,None,compute,0,1694232716.0,,,1694232722.0,1694232742.0,1694232751.0,27625936.0,1694232740.0,1694232787.0,1694232763.0,1694232777.0,37427370.0,1694232787.0,1694232792.0,6.0,,18.0,47.0,5.0,9.0,233747923.0,14.0,523942844.0,poseidon,condorpool,poseidon-worker-1-container-28-31,unzip,/usr/bin/gunzip,,4.1,0,0,,,,,,,,,
unzip_ID0000011,None,compute,0,1694232716.0,,,1694232722.0,1694232742.0,1694232752.0,25451101.0,1694232741.0,1694232792.0,1694232764.0,1694232784.0,28002768.0,1694232792.0,1694232797.0,6.0,,19.0,51.0,5.0,10.0,235998389.0,20.0,565205920.0,poseidon,condorpool,poseidon-worker-2-container-16-19,unzip,/usr/bin/gunzip,,4.3,0,0,,,,,,,,,
unzip_ID0000056,None,compute,0,1694232716.0,,,1694232722.0,1694232742.0,1694232752.0,24765037.0,1694232741.0,1694232797.0,1694232765.0,1694232789.0,21957236.0,1694232797.0,1694232803.0,6.0,,19.0,56.0,6.0,10.0,232139969.0,24.0,528026776.0,poseidon,condorpool,poseidon-worker-1-container-24-27,unzip,/usr/bin/gunzip,,4.1,0,0,,,,,,,,,
unzip_ID0000111,None,compute,0,1694232716.0,,,1694232722.0,1694232742.0,1694232751.0,27257062.0,1694232740.0,1694232792.0,1694232765.0,1694232785.0,27818322.0,1694232792.0,1694232797.0,6.0,,18.0,52.0,5.0,9.0,256320311.0,20.0,567950764.0,poseidon,condorpool,poseidon-worker-1-container-32-35,unzip,/usr/bin/gunzip,,4.4,0,0,,,,,,,,,
unzip_ID0000051,None,compute,0,1694232716.0,,,1694232722.0,1694232743.0,1694232751.0,27352606.0,1694232741.0,1694232792.0,1694232764.0,1694232783.0,28823020.0,1694232792.0,1694232797.0,6.0,,19.0,51.0,5.0,8.0,239630266.0,19.0,544301296.0,poseidon,condorpool,poseidon-worker-2-container-44-47,unzip,/usr/bin/gunzip,,4.2,0,0,,,,,,,,,
unzip_ID0000071,None,compute,0,1694232716.0,,,1694232722.0,1694232742.0,1694232751.0,25707009.0,1694232740.0,1694232792.0,1694232764.0,1694232786.0,24886412.0,1694232792.0,1694232797.0,6.0,,18.0,52.0,5.0,9.0,240896692.0,22.0,539506600.0,poseidon,condorpool,poseidon-worker-1-container-12-15,unzip,/usr/bin/gunzip,,4.2,0,0,,,,,,,,,
unzip_ID0000091,None,compute,0,1694232716.0,,,1694232722.0,1694232742.0,1694232751.0,26303996.0,1694232740.0,1694232787.0,1694232764.0,1694232778.0,36987800.0,1694232787.0,1694232792.0,6.0,,18.0,47.0,5.0,9.0,246447087.0,14.0,539109992.0,poseidon,condorpool,poseidon-worker-2-container-24-27,unzip,/usr/bin/gunzip,,4.3,0,0,,,,,,,,,
unzip_ID0000081,None,compute,0,1694232716.0,,,1694232721.0,1694232742.0,1694232753.0,22613693.0,1694232740.0,1694232797.0,1694232765.0,1694232789.0,22587676.0,1694232797.0,1694232803.0,5.0,,19.0,57.0,6.0,11.0,245619741.0,24.0,543190672.0,poseidon,condorpool,poseidon-worker-2-container-32-35,unzip,/usr/bin/gunzip,,4.3,0,0,,,,,,,,,
unzip_ID0000041,None,compute,0,1694232716.0,,,1694232721.0,1694232742.0,1694232752.0,25005764.0,1694232740.0,1694232792.0,1694232766.0,1694232785.0,28072136.0,1694232792.0,1694232797.0,5.0,,19.0,52.0,5.0,10.0,238944758.0,19.0,540768928.0,poseidon,condorpool,poseidon-worker-1-container-44-47,unzip,/usr/bin/gunzip,,5.1,0,0,,,,,,,,,
unzip_ID0000061,None,compute,0,1694232716.0,,,1694232721.0,1694232742.0,1694232750.0,29392327.0,1694232740.0,1694232787.0,1694232762.0,1694232779.0,33383603.0,1694232787.0,1694232792.0,5.0,,19.0,47.0,5.0,8.0,240463185.0,17.0,541945820.0,poseidon,condorpool,poseidon-worker-2-container-0-3,unzip,/usr/bin/gunzip,,4.2,0,0,,,,,,,,,
unzip_ID0000001,None,compute,0,1694232716.0,,,1694232721.0,1694232742.0,1694232751.0,26455572.0,1694232740.0,1694232787.0,1694232764.0,1694232780.0,34944675.0,1694232787.0,1694232792.0,5.0,,19.0,47.0,5.0,9.0,232473216.0,16.0,561354992.0,poseidon,condorpool,poseidon-worker-1-container-40-43,unzip,/usr/bin/gunzip,,4.1,0,0,,,,,,,,,
unzip_ID0000096,None,compute,0,1694232716.0,,,1694232722.0,1694232747.0,1694232755.0,29377371.0,1694232745.0,1694232797.0,1694232768.0,1694232788.0,26656828.0,1694232797.0,1694232803.0,6.0,,23.0,52.0,6.0,8.0,240753402.0,20.0,524013876.0,poseidon,condorpool,poseidon-worker-1-container-16-19,unzip,/usr/bin/gunzip,,4.0,0,0,,,,,,,,,
unzip_ID0000066,None,compute,0,1694232716.0,,,1694232721.0,1694232742.0,1694232751.0,25151512.0,1694232740.0,1694232787.0,1694232764.0,1694232779.0,35608962.0,1694232787.0,1694232792.0,5.0,,19.0,47.0,5.0,9.0,232031705.0,15.0,523661496.0,poseidon,condorpool,poseidon-worker-1-container-8-11,unzip,/usr/bin/gunzip,,4.1,0,0,,,,,,,,,
unzip_ID0000121,None,compute,0,1694232716.0,,,1694232721.0,1694232742.0,1694232751.0,28738714.0,1694232740.0,1694232797.0,1694232764.0,1694232786.0,24436375.0,1694232797.0,1694232803.0,5.0,,19.0,57.0,6.0,9.0,250860096.0,22.0,550782944.0,poseidon,condorpool,poseidon-worker-1-container-36-39,unzip,/usr/bin/gunzip,,4.3,0,0,,,,,,,,,
unzip_ID0000086,None,compute,0,1694232716.0,,,1694232722.0,1694232742.0,1694232749.0,31459217.0,1694232740.0,1694232777.0,1694232761.0,1694232771.0,55975225.0,1694232777.0,1694232782.0,6.0,,18.0,37.0,5.0,7.0,234836668.0,10.0,518838800.0,poseidon,condorpool,poseidon-worker-1-container-20-23,unzip,/usr/bin/gunzip,,3.9,0,0,,,,,,,,,
unzip_ID0000016,None,compute,0,1694232716.0,,,1694232722.0,1694232742.0,1694232752.0,22543192.0,1694232740.0,1694232787.0,1694232763.0,1694232781.0,30069160.0,1694232787.0,1694232792.0,6.0,,18.0,47.0,5.0,10.0,225238888.0,18.0,523826084.0,poseidon,condorpool,poseidon-worker-2-container-40-43,unzip,/usr/bin/gunzip,,4.0,0,0,,,,,,,,,
unzip_ID0000036,None,compute,0,1694232716.0,,,1694232722.0,1694232742.0,1694232750.0,28729680.0,1694232740.0,1694232782.0,1694232762.0,1694232771.0,55450074.0,1694232782.0,1694232787.0,6.0,,18.0,42.0,5.0,8.0,232020704.0,9.0,526952240.0,poseidon,condorpool,poseidon-worker-1-container-0-3,unzip,/usr/bin/gunzip,,3.9,0,0,,,,,,,,,
unzip_ID0000116,None,compute,0,1694232716.0,,,1694232722.0,1694232742.0,1694232750.0,30233024.0,1694232740.0,1694232782.0,1694232762.0,1694232772.0,52885878.0,1694232782.0,1694232787.0,6.0,,18.0,42.0,5.0,8.0,249255741.0,10.0,520850676.0,poseidon,condorpool,poseidon-worker-2-container-36-39,unzip,/usr/bin/gunzip,,4.2,0,0,,,,,,,,,
unzip_ID0000021,None,compute,0,1694232716.0,,,1694232721.0,1694232742.0,1694232752.0,23584983.0,1694232740.0,1694232787.0,1694232764.0,1694232781.0,31176718.0,1694232787.0,1694232792.0,5.0,,19.0,47.0,5.0,10.0,235136662.0,17.0,539178100.0,poseidon,condorpool,poseidon-worker-2-container-28-31,unzip,/usr/bin/gunzip,,4.1,0,0,,,,,,,,,
um_vel_ID0000032,None,compute,0,1694232782.0,,,1694232787.0,1694232790.0,1694232812.0,42990700.6,1694232788.0,1694232833.0,1694232821.0,1694232824.0,177743.0,1694232833.0,1694232838.0,5.0,,1.0,45.0,5.0,22.0,716025504.0,3.0,556900.0,poseidon,condorpool,poseidon-worker-2-container-36-39,um_vel,/opt/UM_VEL/UM_VEL,,1.8,0,0,,,,,,,,,
um_vel_ID0000087,None,compute,0,1694232782.0,,,1694232787.0,1694232790.0,1694232809.0,51833899.5,1694232788.0,1694232828.0,1694232818.0,1694232821.0,170583.0,1694232828.0,1694232833.0,5.0,,1.0,40.0,5.0,19.0,695425552.0,3.0,556900.0,poseidon,condorpool,poseidon-worker-2-container-4-7,um_vel,/opt/UM_VEL/UM_VEL,,1.7,0,0,,,,,,,,,
um_vel_ID0000037,None,compute,0,1694232787.0,,,1694232792.0,1694232794.0,1694232814.0,50721753.5,1694232793.0,1694232833.0,1694232823.0,1694232826.0,176750.0,1694232833.0,1694232838.0,5.0,,1.0,40.0,5.0,20.0,703538992.0,3.0,556900.0,poseidon,condorpool,poseidon-worker-2-container-16-19,um_vel,/opt/UM_VEL/UM_VEL,,1.7,0,0,,,,,,,,,
um_vel_ID0000047,None,compute,0,1694232787.0,,,1694232792.0,1694232794.0,1694232815.0,49054175.0,1694232793.0,1694232833.0,1694232823.0,1694232826.0,176117.0,1694232833.0,1694232838.0,5.0,,1.0,40.0,5.0,21.0,700441980.0,3.0,556900.0,poseidon,condorpool,poseidon-worker-1-container-12-15,um_vel,/opt/UM_VEL/UM_VEL,,1.7,0,0,,,,,,,,,
um_vel_ID0000117,None,compute,0,1694232787.0,,,1694232792.0,1694232794.0,1694232816.0,44785998.7,1694232793.0,1694232833.0,1694232824.0,1694232827.0,177602.0,1694232833.0,1694232838.0,5.0,,1.0,40.0,5.0,22.0,697437428.0,3.0,556900.0,poseidon,condorpool,poseidon-worker-2-container-8-11,um_vel,/opt/UM_VEL/UM_VEL,,1.7,0,0,,,,,,,,,
um_vel_ID0000127,None,compute,0,1694232787.0,,,1694232792.0,1694232794.0,1694232817.0,42181811.5,1694232793.0,1694232838.0,1694232825.0,1694232828.0,177849.0,1694232838.0,1694232843.0,5.0,,1.0,45.0,5.0,23.0,697205176.0,3.0,556900.0,poseidon,condorpool,poseidon-worker-2-container-0-3,um_vel,/opt/UM_VEL/UM_VEL,,1.7,0,0,,,,,,,,,
um_vel_ID0000022,None,compute,0,1694232792.0,,,1694232797.0,1694232800.0,1694232823.0,41025712.5,1694232798.0,1694232843.0,1694232832.0,1694232835.0,177174.0,1694232843.0,1694232848.0,5.0,,1.0,45.0,5.0,23.0,715764852.0,3.0,556900.0,poseidon,condorpool,poseidon-worker-1-container-8-11,um_vel,/opt/UM_VEL/UM_VEL,,1.7,0,0,,,,,,,,,
um_vel_ID0000007,None,compute,0,1694232792.0,,,1694232797.0,1694232801.0,1694232828.0,32124467.5,1694232799.0,1694232848.0,1694232836.0,1694232839.0,176815.0,1694232848.0,1694232853.0,5.0,,2.0,49.0,5.0,27.0,678203340.0,3.0,556900.0,poseidon,condorpool,poseidon-worker-1-container-16-19,um_vel,/opt/UM_VEL/UM_VEL,,1.6,0,0,,,,,,,,,
um_vel_ID0000077,None,compute,0,1694232792.0,,,1694232797.0,1694232800.0,1694232821.0,46089377.0,1694232798.0,1694232843.0,1694232830.0,1694232833.0,175332.0,1694232843.0,1694232848.0,5.0,,1.0,45.0,5.0,21.0,700529596.0,3.0,556900.0,poseidon,condorpool,poseidon-worker-2-container-40-43,um_vel,/opt/UM_VEL/UM_VEL,,1.7,0,0,,,,,,,,,
um_vel_ID0000092,None,compute,0,1694232792.0,,,1694232797.0,1694232800.0,1694232820.0,48789645.1,1694232798.0,1694232838.0,1694232829.0,1694232832.0,179311.0,1694232838.0,1694232843.0,5.0,,1.0,40.0,5.0,20.0,715696744.0,3.0,556900.0,poseidon,condorpool,poseidon-worker-1-container-44-47,um_vel,/opt/UM_VEL/UM_VEL,,1.7,0,0,,,,,,,,,
um_vel_ID0000067,None,compute,0,1694232792.0,,,1694232797.0,1694232800.0,1694232820.0,49172265.3,1694232798.0,1694232838.0,1694232828.0,1694232831.0,179721.0,1694232838.0,1694232843.0,5.0,,1.0,40.0,5.0,20.0,700248248.0,3.0,556900.0,poseidon,condorpool,poseidon-worker-1-container-28-31,um_vel,/opt/UM_VEL/UM_VEL,,1.7,0,0,,,,,,,,,
um_vel_ID0000002,None,compute,0,1694232792.0,,,1694232797.0,1694232800.0,1694232821.0,47088232.7,1694232798.0,1694232843.0,1694232830.0,1694232833.0,177102.0,1694232843.0,1694232848.0,5.0,,1.0,45.0,5.0,21.0,737941744.0,3.0,556900.0,poseidon,condorpool,poseidon-worker-2-container-44-47,um_vel,/opt/UM_VEL/UM_VEL,,1.8,0,0,,,,,,,,,
um_vel_ID0000017,None,compute,0,1694232792.0,,,1694232797.0,1694232800.0,1694232822.0,44166729.7,1694232798.0,1694232843.0,1694232830.0,1694232833.0,175788.0,1694232843.0,1694232848.0,5.0,,1.0,45.0,5.0,22.0,700412836.0,3.0,556900.0,poseidon,condorpool,poseidon-worker-1-container-0-3,um_vel,/opt/UM_VEL/UM_VEL,,1.7,0,0,,,,,,,,,
um_vel_ID0000062,None,compute,0,1694232792.0,,,1694232797.0,1694232800.0,1694232821.0,47962185.6,1694232798.0,1694232843.0,1694232829.0,1694232833.0,176332.0,1694232843.0,1694232848.0,5.0,,1.0,45.0,5.0,21.0,718532572.0,4.0,556900.0,poseidon,condorpool,poseidon-worker-2-container-28-31,um_vel,/opt/UM_VEL/UM_VEL,,1.8,0,0,,,,,,,,,
um_vel_ID0000052,None,compute,0,1694232797.0,,,1694232803.0,1694232806.0,1694232827.0,47002687.1,1694232804.0,1694232848.0,1694232835.0,1694232838.0,179561.0,1694232848.0,1694232853.0,6.0,,1.0,44.0,5.0,21.0,720888048.0,3.0,556900.0,poseidon,condorpool,poseidon-worker-1-container-32-35,um_vel,/opt/UM_VEL/UM_VEL,,1.6,0,0,,,,,,,,,
um_vel_ID0000072,None,compute,0,1694232797.0,,,1694232803.0,1694232806.0,1694232826.0,47344338.3,1694232804.0,1694232848.0,1694232835.0,1694232838.0,177182.0,1694232848.0,1694232853.0,6.0,,1.0,44.0,5.0,20.0,716093352.0,3.0,556900.0,poseidon,condorpool,poseidon-worker-2-container-32-35,um_vel,/opt/UM_VEL/UM_VEL,,1.7,0,0,,,,,,,,,
um_vel_ID0000112,None,compute,0,1694232797.0,,,1694232803.0,1694232805.0,1694232830.0,39744017.1,1694232804.0,1694232848.0,1694232838.0,1694232842.0,176712.0,1694232848.0,1694232853.0,6.0,,1.0,44.0,5.0,25.0,744537516.0,4.0,556900.0,poseidon,condorpool,poseidon-worker-1-container-40-43,um_vel,/opt/UM_VEL/UM_VEL,,1.7,0,0,,,,,,,,,
um_vel_ID0000012,None,compute,0,1694232797.0,,,1694232802.0,1694232806.0,1694232828.0,44290397.2,1694232804.0,1694232848.0,1694232836.0,1694232840.0,179069.0,1694232848.0,1694232853.0,5.0,,2.0,44.0,5.0,22.0,741792672.0,4.0,556900.0,poseidon,condorpool,poseidon-worker-2-container-32-35,um_vel,/opt/UM_VEL/UM_VEL,,1.7,0,0,,,,,,,,,
um_vel_ID0000042,None,compute,0,1694232797.0,,,1694232803.0,1694232806.0,1694232824.0,54999748.5,1694232804.0,1694232843.0,1694232833.0,1694232836.0,179345.0,1694232843.0,1694232848.0,6.0,,1.0,39.0,5.0,18.0,717355680.0,3.0,556900.0,poseidon,condorpool,poseidon-worker-1-container-4-7,um_vel,/opt/UM_VEL/UM_VEL,,1.6,0,0,,,,,,,,,
um_vel_ID0000102,None,compute,0,1694232797.0,,,1694232802.0,1694232805.0,1694232827.0,47829039.7,1694232804.0,1694232848.0,1694232835.0,1694232838.0,178174.0,1694232848.0,1694232853.0,5.0,,2.0,44.0,5.0,22.0,738138396.0,3.0,556900.0,poseidon,condorpool,poseidon-worker-2-container-12-15,um_vel,/opt/UM_VEL/UM_VEL,,1.7,0,0,,,,,,,,,
um_vel_ID0000107,None,compute,0,1694232797.0,,,1694232803.0,1694232806.0,1694232825.0,50933985.8,1694232804.0,1694232843.0,1694232833.0,1694232836.0,176511.0,1694232843.0,1694232848.0,6.0,,1.0,39.0,5.0,19.0,678408568.0,3.0,556900.0,poseidon,condorpool,poseidon-worker-2-container-24-27,um_vel,/opt/UM_VEL/UM_VEL,,1.7,0,0,,,,,,,,,
um_vel_ID0000122,None,compute,0,1694232803.0,,,1694232808.0,1694232830.0,1694232849.0,52891549.9,1694232828.0,1694232868.0,1694232858.0,1694232861.0,179421.0,1694232868.0,1694232873.0,5.0,,20.0,40.0,5.0,19.0,727369696.0,3.0,556900.0,poseidon,condorpool,poseidon-worker-2-container-0-3,um_vel,/opt/UM_VEL/UM_VEL,,1.7,0,0,,,,,,,,,
stage_out_local_condorpool_0_2,None,transfer,0,1694232803.0,,,1694232808.0,,,0.0,1694232808.0,1694232843.0,,,0.0,1694232843.0,1694232848.0,5.0,,0.0,35.0,5.0,,,,,poseidon,local,poseidon-submit,pegasus::transfer,/mnt/poseidon-data/poseidon/pegasus-5.1.0panorama/bin/pegasus-transfer,/home/poseidon/pegasus-5.1.0panorama/bin/../bin/pegasus-kickstart  -n pegasus::transfer -N null -i - -R local  -L casa-wind-full -T 2023-09-08T07:29:05+00:00 /home/poseidon/pegasus-5.1.0panorama/bin/../bin/pegasus-transfer  --threads 2,34.8,0,0,,,,,,,,,
stage_out_local_condorpool_0_1,None,transfer,0,1694232803.0,,,1694232808.0,,,0.0,1694232808.0,1694232843.0,,,0.0,1694232843.0,1694232848.0,5.0,,0.0,35.0,5.0,,,,,poseidon,local,poseidon-submit,pegasus::transfer,/mnt/poseidon-data/poseidon/pegasus-5.1.0panorama/bin/pegasus-transfer,/home/poseidon/pegasus-5.1.0panorama/bin/../bin/pegasus-kickstart  -n pegasus::transfer -N null -i - -R local  -L casa-wind-full -T 2023-09-08T07:29:05+00:00 /home/poseidon/pegasus-5.1.0panorama/bin/../bin/pegasus-transfer  --threads 2,34.1,0,0,,,,,,,,,
stage_out_local_condorpool_0_0,None,transfer,0,1694232803.0,,,1694232808.0,,,0.0,1694232808.0,1694232843.0,,,0.0,1694232843.0,1694232848.0,5.0,,0.0,35.0,5.0,,,,,poseidon,local,poseidon-submit,pegasus::transfer,/mnt/poseidon-data/poseidon/pegasus-5.1.0panorama/bin/pegasus-transfer,/home/poseidon/pegasus-5.1.0panorama/bin/../bin/pegasus-kickstart  -n pegasus::transfer -N null -i - -R local  -L casa-wind-full -T 2023-09-08T07:29:05+00:00 /home/poseidon/pegasus-5.1.0panorama/bin/../bin/pegasus-transfer  --threads 2,35.0,0,0,,,,,,,,,
um_vel_ID0000082,None,compute,0,1694232803.0,,,1694232808.0,1694232830.0,1694232847.0,60004827.2,1694232828.0,1694232868.0,1694232856.0,1694232859.0,169547.0,1694232868.0,1694232873.0,5.0,,20.0,40.0,5.0,17.0,719777424.0,3.0,556900.0,poseidon,condorpool,poseidon-worker-2-container-32-35,um_vel,/opt/UM_VEL/UM_VEL,,1.9,0,0,,,,,,,,,
um_vel_ID0000057,None,compute,0,1694232803.0,,,1694232808.0,1694232811.0,1694232830.0,50665350.9,1694232809.0,1694232848.0,1694232839.0,1694232842.0,177826.0,1694232848.0,1694232853.0,5.0,,1.0,39.0,5.0,19.0,704613528.0,3.0,556900.0,poseidon,condorpool,poseidon-worker-2-container-0-3,um_vel,/opt/UM_VEL/UM_VEL,,1.7,0,0,,,,,,,,,
um_vel_ID0000097,None,compute,0,1694232803.0,,,1694232808.0,1694232810.0,1694232830.0,51200620.8,1694232809.0,1694232848.0,1694232838.0,1694232842.0,178345.0,1694232848.0,1694232853.0,5.0,,1.0,39.0,5.0,20.0,700600628.0,4.0,556900.0,poseidon,condorpool,poseidon-worker-1-container-24-27,um_vel,/opt/UM_VEL/UM_VEL,,1.7,0,0,,,,,,,,,
um_vel_ID0000027,None,compute,0,1694232803.0,,,1694232808.0,1694232810.0,1694232830.0,49788706.7,1694232809.0,1694232848.0,1694232839.0,1694232842.0,177566.0,1694232848.0,1694232853.0,5.0,,1.0,39.0,5.0,20.0,700504640.0,3.0,556900.0,poseidon,condorpool,poseidon-worker-1-container-36-39,um_vel,/opt/UM_VEL/UM_VEL,,1.7,0,0,,,,,,,,,
mvt_ID0000089,None,compute,0,1694232833.0,,,1694232838.0,1694232840.0,1694232851.0,33845983.0,1694232839.0,1694232908.0,1694232896.0,1694232900.0,15633.0,1694232908.0,1694232913.0,5.0,,1.0,69.0,5.0,11.0,177143652.0,4.0,48475.0,poseidon,condorpool,poseidon-worker-2-container-4-7,mvt,/opt/mvt/mvt,,39.8,0,0,0.0,790420.0,24576.0,425.0,6.0,29.9,0.0,26347.3,2457.6
post_vel_ID0000088,None,compute,0,1694232833.0,,,1694232838.0,1694232840.0,1694232851.0,34842404.4,1694232839.0,1694232868.0,1694232857.0,1694232860.0,4162.0,1694232868.0,1694232873.0,5.0,,1.0,29.0,5.0,11.0,177143937.0,3.0,12740.0,poseidon,condorpool,poseidon-worker-1-container-12-15,post_vel,/opt/netcdf2png/merged_netcdf2png,,0.1,0,0,,,,,,,,,
mvt_ID0000049,None,compute,0,1694232838.0,,,1694232843.0,1694232846.0,1694232858.0,30289971.0,1694232844.0,1694232913.0,1694232903.0,1694232906.0,7802.0,1694232913.0,1694232918.0,5.0,,1.0,69.0,5.0,12.0,177143652.0,3.0,24108.0,poseidon,condorpool,poseidon-worker-2-container-36-39,mvt,/opt/mvt/mvt,,40.4,0,0,0.0,795669.0,12288.0,443.0,3.0,39.6,0.3,19891.7,1228.8
post_vel_ID0000048,None,compute,0,1694232838.0,,,1694232843.0,1694232846.0,1694232857.0,35038958.8,1694232844.0,1694232873.0,1694232863.0,1694232866.0,3368.0,1694232873.0,1694232878.0,5.0,,1.0,29.0,5.0,11.0,177143937.0,3.0,10371.0,poseidon,condorpool,poseidon-worker-2-container-0-3,post_vel,/opt/netcdf2png/merged_netcdf2png,,0.1,0,0,,,,,,,,,
mvt_ID0000119,None,compute,0,1694232838.0,,,1694232843.0,1694232846.0,1694232857.0,34203568.4,1694232844.0,1694232913.0,1694232902.0,1694232905.0,21263.0,1694232913.0,1694232918.0,5.0,,1.0,69.0,5.0,11.0,177143652.0,3.0,65525.0,poseidon,condorpool,poseidon-worker-1-container-28-31,mvt,/opt/mvt/mvt,,40.2,0,0,0.1,795666.0,36864.0,443.0,9.0,39.8,0.1,19891.7,3686.4
post_vel_ID0000118,None,compute,0,1694232838.0,,,1694232843.0,1694232846.0,1694232857.0,29754726.6,1694232844.0,1694232873.0,1694232863.0,1694232866.0,4687.0,1694232873.0,1694232878.0,5.0,,1.0,29.0,5.0,11.0,177143937.0,3.0,14402.0,poseidon,condorpool,poseidon-worker-1-container-44-47,post_vel,/opt/netcdf2png/merged_netcdf2png,,0.1,0,0,,,,,,,,,
post_vel_ID0000038,None,compute,0,1694232838.0,,,1694232843.0,1694232847.0,1694232858.0,32851667.2,1694232845.0,1694232873.0,1694232863.0,1694232866.0,3703.0,1694232873.0,1694232878.0,5.0,,2.0,28.0,5.0,11.0,177143937.0,3.0,11227.0,poseidon,condorpool,poseidon-worker-1-container-0-3,post_vel,/opt/netcdf2png/merged_netcdf2png,,0.1,0,0,,,,,,,,,
mvt_ID0000039,None,compute,0,1694232838.0,,,1694232843.0,1694232846.0,1694232857.0,34856169.2,1694232844.0,1694232913.0,1694232903.0,1694232906.0,11098.0,1694232913.0,1694232918.0,5.0,,1.0,69.0,5.0,11.0,177143652.0,3.0,34386.0,poseidon,condorpool,poseidon-worker-2-container-40-43,mvt,/opt/mvt/mvt,,40.7,0,0,0.0,795670.0,16384.0,443.0,4.0,39.5,0.5,19891.8,819.2
mvt_ID0000034,None,compute,0,1694232838.0,,,1694232843.0,1694232847.0,1694232858.0,34139113.8,1694232846.0,1694232913.0,1694232904.0,1694232907.0,10074.0,1694232913.0,1694232918.0,5.0,,3.0,67.0,5.0,11.0,177143652.0,3.0,30976.0,poseidon,condorpool,poseidon-worker-2-container-16-19,mvt,/opt/mvt/mvt,,40.4,0,0,0.0,794285.0,16384.0,440.0,4.0,39.8,0.2,19857.1,819.2
post_vel_ID0000033,None,compute,0,1694232838.0,,,1694232843.0,1694232846.0,1694232857.0,34875607.8,1694232844.0,1694232873.0,1694232862.0,1694232865.0,3765.0,1694232873.0,1694232878.0,5.0,,1.0,29.0,5.0,11.0,177143937.0,3.0,11464.0,poseidon,condorpool,poseidon-worker-2-container-8-11,post_vel,/opt/netcdf2png/merged_netcdf2png,,0.1,0,0,,,,,,,,,
post_vel_ID0000068,None,compute,0,1694232843.0,,,1694232848.0,1694232851.0,1694232862.0,34091498.2,1694232850.0,1694232878.0,1694232868.0,1694232871.0,3738.0,1694232878.0,1694232883.0,5.0,,2.0,28.0,5.0,11.0,177143937.0,3.0,11398.0,poseidon,condorpool,poseidon-worker-2-container-44-47,post_vel,/opt/netcdf2png/merged_netcdf2png,,0.1,0,0,,,,,,,,,
mvt_ID0000069,None,compute,0,1694232843.0,,,1694232848.0,1694232851.0,1694232863.0,30134655.6,1694232850.0,1694232918.0,1694232908.0,1694232911.0,11582.0,1694232918.0,1694232923.0,5.0,,2.0,68.0,5.0,12.0,177143652.0,3.0,35309.0,poseidon,condorpool,poseidon-worker-2-container-28-31,mvt,/opt/mvt/mvt,,40.1,0,0,0.0,801107.0,16384.0,455.0,4.0,39.9,0.1,20027.7,819.2
mvt_ID0000129,None,compute,0,1694232843.0,,,1694232848.0,1694232857.0,1694232868.0,34260096.0,1694232855.0,1694232923.0,1694232911.0,1694232915.0,20942.0,1694232923.0,1694232928.0,5.0,,7.0,68.0,5.0,11.0,177143652.0,4.0,64489.0,poseidon,condorpool,poseidon-worker-1-container-16-19,mvt,/opt/mvt/mvt,,38.5,0,0,0.0,809672.0,36864.0,467.0,9.0,29.9,0.1,26989.1,3686.4
post_vel_ID0000128,None,compute,0,1694232843.0,,,1694232848.0,1694232851.0,1694232864.0,24222775.7,1694232850.0,1694232883.0,1694232870.0,1694232873.0,4668.0,1694232883.0,1694232888.0,5.0,,2.0,33.0,5.0,13.0,177143937.0,3.0,14512.0,poseidon,condorpool,poseidon-worker-1-container-8-11,post_vel,/opt/netcdf2png/merged_netcdf2png,,0.1,0,0,,,,,,,,,
mvt_ID0000094,None,compute,0,1694232843.0,,,1694232848.0,1694232851.0,1694232863.0,28029832.0,1694232850.0,1694232918.0,1694232908.0,1694232911.0,17099.0,1694232918.0,1694232923.0,5.0,,2.0,68.0,5.0,12.0,177143652.0,3.0,52407.0,poseidon,condorpool,poseidon-worker-2-container-12-15,mvt,/opt/mvt/mvt,,40.1,0,0,0.0,801108.0,28672.0,455.0,7.0,39.9,0.1,20027.7,1433.6
post_vel_ID0000093,None,compute,0,1694232843.0,,,1694232848.0,1694232851.0,1694232863.0,31144434.6,1694232850.0,1694232878.0,1694232868.0,1694232871.0,4146.0,1694232878.0,1694232883.0,5.0,,2.0,28.0,5.0,12.0,177143937.0,3.0,13303.0,poseidon,condorpool,poseidon-worker-2-container-32-35,post_vel,/opt/netcdf2png/merged_netcdf2png,,0.1,0,0,,,,,,,,,
register_condorpool_0_1,None,auxiliary,0,1694232848.0,,,1694232863.0,,,0.0,1694232864.0,1694232868.0,,,0.0,1694232868.0,1694232873.0,15.0,,1.0,4.0,5.0,,,,,poseidon,local,poseidon-submit,pegasus::rc-client,/mnt/poseidon-data/poseidon/pegasus-5.1.0panorama/bin/pegasus-rc-client,"-n pegasus::rc-client -N null -R local  -L casa-wind-full -T 2023-09-08T07:29:05+00:00 /home/poseidon/pegasus-5.1.0panorama/bin/pegasus-rc-client --prefix pegasus.catalog.replica.output --conf /mnt/poseidon-data/poseidon/workflows/casa-wind-workflow-full/submit/poseidon/pegasus/casa-wind-full/run0004/pegasus.8620170017318805708.properties -v --meta /mnt/poseidon-data/poseidon/workflows/casa-wind-workflow-full/submit/poseidon/pegasus/casa-wind-full/run0004/00/00/unzip_ID0000026.meta,/mnt/poseidon-data/poseidon/workflows/casa-wind-workflow-full/submit/poseidon/pegasus/casa-wind-full/run0004/00/00/unzip_ID0000061.meta,/mnt/poseidon-data/poseidon/workflows/casa-wind-workflow-full/submit/poseidon/pegasus/casa-wind-full/run0004/00/00/unzip_ID0000071.meta,/mnt/poseidon-data/poseidon/workflows/casa-wind-workflow-full/submit/poseidon/pegasus/casa-wind-full/run0004/00/00/unzip_ID0000041.meta,/mnt/poseidon-data/poseidon/workflows/casa-wind-workflow-full/submit/poseidon/pegasus/casa-wind-full/run0004/00/00/unzip_ID0000016.meta,/mnt/poseidon-data/poseidon/workflows/casa-wind-workflow-full/submit/poseidon/pegasus/casa-wind-full/run0004/00/00/unzip_ID0000111.meta,/mnt/poseidon-data/poseidon/workflows/casa-wind-workflow-full/submit/poseidon/pegasus/casa-wind-full/run0004/00/00/unzip_ID0000011.meta,/mnt/poseidon-data/poseidon/workflows/casa-wind-workflow-full/submit/poseidon/pegasus/casa-wind-full/run0004/00/00/unzip_ID0000081.meta,/mnt/poseidon-data/poseidon/workflows/casa-wind-workflow-full/submit/poseidon/pegasus/casa-wind-full/run0004/00/00/unzip_ID0000066.meta,/mnt/poseidon-data/poseidon/workflows/casa-wind-workflow-full/submit/poseidon/pegasus/casa-wind-full/run0004/00/00/unzip_ID0000096.meta,/mnt/poseidon-data/poseidon/workflows/casa-wind-workflow-full/submit/poseidon/pegasus/casa-wind-full/run0004/00/00/unzip_ID0000051.meta,/mnt/poseidon-data/poseidon/workflows/casa-wind-workflow-full/submit/poseidon/pegasus/casa-wind-full/run0004/00/00/unzip_ID0000031.meta,/mnt/poseidon-data/poseidon/workflows/casa-wind-workflow-full/submit/poseidon/pegasus/casa-wind-full/run0004/00/00/unzip_ID0000116.meta,/mnt/poseidon-data/poseidon/workflows/casa-wind-workflow-full/submit/poseidon/pegasus/casa-wind-full/run0004/00/00/unzip_ID0000101.meta,/mnt/poseidon-data/poseidon/workflows/casa-wind-workflow-full/submit/poseidon/pegasus/casa-wind-full/run0004/00/00/unzip_ID0000121.meta,/mnt/poseidon-data/poseidon/workflows/casa-wind-workflow-full/submit/poseidon/pegasus/casa-wind-full/run0004/00/00/unzip_ID0000106.meta,/mnt/poseidon-data/poseidon/workflows/casa-wind-workflow-full/submit/poseidon/pegasus/casa-wind-full/run0004/00/00/unzip_ID0000046.meta,/mnt/poseidon-data/poseidon/workflows/casa-wind-workflow-full/submit/poseidon/pegasus/casa-wind-full/run0004/00/00/unzip_ID0000076.meta,/mnt/poseidon-data/poseidon/workflows/casa-wind-workflow-full/submit/poseidon/pegasus/casa-wind-full/run0004/00/00/unzip_ID0000056.meta,/mnt/poseidon-data/poseidon/workflows/casa-wind-workflow-full/submit/poseidon/pegasus/casa-wind-full/run0004/00/00/unzip_ID0000021.meta,/mnt/poseidon-data/poseidon/workflows/casa-wind-workflow-full/submit/poseidon/pegasus/casa-wind-full/run0004/00/00/unzip_ID0000086.meta,/mnt/poseidon-data/poseidon/workflows/casa-wind-workflow-full/submit/poseidon/pegasus/casa-wind-full/run0004/00/00/unzip_ID0000126.meta,/mnt/poseidon-data/poseidon/workflows/casa-wind-workflow-full/submit/poseidon/pegasus/casa-wind-full/run0004/00/00/unzip_ID0000006.meta,/mnt/poseidon-data/poseidon/workflows/casa-wind-workflow-full/submit/poseidon/pegasus/casa-wind-full/run0004/00/00/unzip_ID0000036.meta,/mnt/poseidon-data/poseidon/workflows/casa-wind-workflow-full/submit/poseidon/pegasus/casa-wind-full/run0004/00/00/unzip_ID0000001.meta,/mnt/poseidon-data/poseidon/workflows/casa-wind-workflow-full/submit/poseidon/pegasus/casa-wind-full/run0004/00/00/unzip_ID0000091.meta --insert /mnt/poseidon-data/poseidon/workflows/casa-wind-workflow-full/submit/poseidon/pegasus/casa-wind-full/run0004/00/00/register_condorpool_0_1.in",2.9,0,0,,,,,,,,,
mvt_ID0000079,None,compute,0,1694232848.0,,,1694232853.0,1694232856.0,1694232867.0,34980194.0,1694232854.0,1694232923.0,1694232912.0,1694232915.0,14703.0,1694232923.0,1694232928.0,5.0,,1.0,69.0,5.0,11.0,177143652.0,3.0,45337.0,poseidon,condorpool,poseidon-worker-1-container-36-39,mvt,/opt/mvt/mvt,,40.1,0,0,0.0,806620.0,24576.0,467.0,6.0,39.9,0.1,20165.5,1228.8
post_vel_ID0000078,None,compute,0,1694232848.0,,,1694232853.0,1694232856.0,1694232867.0,35108183.8,1694232854.0,1694232883.0,1694232872.0,1694232875.0,3945.0,1694232883.0,1694232888.0,5.0,,1.0,29.0,5.0,11.0,177143937.0,3.0,12264.0,poseidon,condorpool,poseidon-worker-2-container-24-27,post_vel,/opt/netcdf2png/merged_netcdf2png,,0.1,0,0,,,,,,,,,
post_vel_ID0000108,None,compute,0,1694232848.0,,,1694232853.0,1694232870.0,1694232881.0,33870136.8,1694232868.0,1694232898.0,1694232886.0,1694232890.0,4407.0,1694232898.0,1694232903.0,5.0,,15.0,30.0,5.0,11.0,177143937.0,4.0,13907.0,poseidon,condorpool,poseidon-worker-2-container-0-3,post_vel,/opt/netcdf2png/merged_netcdf2png,,0.1,0,0,,,,,,,,,
mvt_ID0000109,None,compute,0,1694232848.0,,,1694232853.0,1694232870.0,1694232882.0,27101693.0,1694232868.0,1694232938.0,1694232927.0,1694232930.0,19089.0,1694232938.0,1694232943.0,5.0,,15.0,70.0,5.0,12.0,177143652.0,3.0,59954.0,poseidon,condorpool,poseidon-worker-1-container-44-47,mvt,/opt/mvt/mvt,,39.8,0,0,0.0,805669.0,32768.0,458.0,8.0,29.9,0.1,26855.6,1638.4
mvt_ID0000004,None,compute,0,1694232848.0,,,1694232853.0,1694232856.0,1694232867.0,35041993.2,1694232854.0,1694232923.0,1694232912.0,1694232915.0,9335.0,1694232923.0,1694232928.0,5.0,,1.0,69.0,5.0,11.0,177143652.0,3.0,28781.0,poseidon,condorpool,poseidon-worker-1-container-24-27,mvt,/opt/mvt/mvt,,40.1,0,0,0.0,806615.0,16384.0,467.0,4.0,39.9,0.1,20165.4,819.2
register_condorpool_0_0,None,auxiliary,0,1694232848.0,,,1694232883.0,,,0.0,1694232884.0,1694232888.0,,,0.0,1694232888.0,1694232893.0,35.0,,1.0,4.0,5.0,,,,,poseidon,local,poseidon-submit,pegasus::rc-client,/mnt/poseidon-data/poseidon/pegasus-5.1.0panorama/bin/pegasus-rc-client,"-n pegasus::rc-client -N null -R local  -L casa-wind-full -T 2023-09-08T07:29:05+00:00 /home/poseidon/pegasus-5.1.0panorama/bin/pegasus-rc-client --prefix pegasus.catalog.replica.output --conf /mnt/poseidon-data/poseidon/workflows/casa-wind-workflow-full/submit/poseidon/pegasus/casa-wind-full/run0004/pegasus.8620170017318805708.properties -v --meta /mnt/poseidon-data/poseidon/workflows/casa-wind-workflow-full/submit/poseidon/pegasus/casa-wind-full/run0004/00/00/unzip_ID0000026.meta,/mnt/poseidon-data/poseidon/workflows/casa-wind-workflow-full/submit/poseidon/pegasus/casa-wind-full/run0004/00/00/unzip_ID0000061.meta,/mnt/poseidon-data/poseidon/workflows/casa-wind-workflow-full/submit/poseidon/pegasus/casa-wind-full/run0004/00/00/unzip_ID0000071.meta,/mnt/poseidon-data/poseidon/workflows/casa-wind-workflow-full/submit/poseidon/pegasus/casa-wind-full/run0004/00/00/unzip_ID0000041.meta,/mnt/poseidon-data/poseidon/workflows/casa-wind-workflow-full/submit/poseidon/pegasus/casa-wind-full/run0004/00/00/unzip_ID0000016.meta,/mnt/poseidon-data/poseidon/workflows/casa-wind-workflow-full/submit/poseidon/pegasus/casa-wind-full/run0004/00/00/unzip_ID0000111.meta,/mnt/poseidon-data/poseidon/workflows/casa-wind-workflow-full/submit/poseidon/pegasus/casa-wind-full/run0004/00/00/unzip_ID0000011.meta,/mnt/poseidon-data/poseidon/workflows/casa-wind-workflow-full/submit/poseidon/pegasus/casa-wind-full/run0004/00/00/unzip_ID0000081.meta,/mnt/poseidon-data/poseidon/workflows/casa-wind-workflow-full/submit/poseidon/pegasus/casa-wind-full/run0004/00/00/unzip_ID0000066.meta,/mnt/poseidon-data/poseidon/workflows/casa-wind-workflow-full/submit/poseidon/pegasus/casa-wind-full/run0004/00/00/unzip_ID0000096.meta,/mnt/poseidon-data/poseidon/workflows/casa-wind-workflow-full/submit/poseidon/pegasus/casa-wind-full/run0004/00/00/unzip_ID0000051.meta,/mnt/poseidon-data/poseidon/workflows/casa-wind-workflow-full/submit/poseidon/pegasus/casa-wind-full/run0004/00/00/unzip_ID0000031.meta,/mnt/poseidon-data/poseidon/workflows/casa-wind-workflow-full/submit/poseidon/pegasus/casa-wind-full/run0004/00/00/unzip_ID0000116.meta,/mnt/poseidon-data/poseidon/workflows/casa-wind-workflow-full/submit/poseidon/pegasus/casa-wind-full/run0004/00/00/unzip_ID0000101.meta,/mnt/poseidon-data/poseidon/workflows/casa-wind-workflow-full/submit/poseidon/pegasus/casa-wind-full/run0004/00/00/unzip_ID0000121.meta,/mnt/poseidon-data/poseidon/workflows/casa-wind-workflow-full/submit/poseidon/pegasus/casa-wind-full/run0004/00/00/unzip_ID0000106.meta,/mnt/poseidon-data/poseidon/workflows/casa-wind-workflow-full/submit/poseidon/pegasus/casa-wind-full/run0004/00/00/unzip_ID0000046.meta,/mnt/poseidon-data/poseidon/workflows/casa-wind-workflow-full/submit/poseidon/pegasus/casa-wind-full/run0004/00/00/unzip_ID0000076.meta,/mnt/poseidon-data/poseidon/workflows/casa-wind-workflow-full/submit/poseidon/pegasus/casa-wind-full/run0004/00/00/unzip_ID0000056.meta,/mnt/poseidon-data/poseidon/workflows/casa-wind-workflow-full/submit/poseidon/pegasus/casa-wind-full/run0004/00/00/unzip_ID0000021.meta,/mnt/poseidon-data/poseidon/workflows/casa-wind-workflow-full/submit/poseidon/pegasus/casa-wind-full/run0004/00/00/unzip_ID0000086.meta,/mnt/poseidon-data/poseidon/workflows/casa-wind-workflow-full/submit/poseidon/pegasus/casa-wind-full/run0004/00/00/unzip_ID0000126.meta,/mnt/poseidon-data/poseidon/workflows/casa-wind-workflow-full/submit/poseidon/pegasus/casa-wind-full/run0004/00/00/unzip_ID0000006.meta,/mnt/poseidon-data/poseidon/workflows/casa-wind-workflow-full/submit/poseidon/pegasus/casa-wind-full/run0004/00/00/unzip_ID0000036.meta,/mnt/poseidon-data/poseidon/workflows/casa-wind-workflow-full/submit/poseidon/pegasus/casa-wind-full/run0004/00/00/unzip_ID0000001.meta,/mnt/poseidon-data/poseidon/workflows/casa-wind-workflow-full/submit/poseidon/pegasus/casa-wind-full/run0004/00/00/unzip_ID0000091.meta --insert /mnt/poseidon-data/poseidon/workflows/casa-wind-workflow-full/submit/poseidon/pegasus/casa-wind-full/run0004/00/00/register_condorpool_0_0.in",3.0,0,0,,,,,,,,,
mvt_ID0000044,None,compute,0,1694232848.0,,,1694232853.0,1694232856.0,1694232867.0,29764529.0,1694232854.0,1694232923.0,1694232912.0,1694232915.0,9205.0,1694232923.0,1694232928.0,5.0,,1.0,69.0,5.0,11.0,177143652.0,3.0,28113.0,poseidon,condorpool,poseidon-worker-2-container-32-35,mvt,/opt/mvt/mvt,,39.7,0,0,0.0,839988.0,12288.0,533.0,3.0,29.9,0.1,27999.6,1228.8
post_vel_ID0000023,None,compute,0,1694232848.0,,,1694232853.0,1694232867.0,1694232879.0,28823065.4,1694232866.0,1694232898.0,1694232885.0,1694232888.0,3664.0,1694232898.0,1694232903.0,5.0,,13.0,32.0,5.0,12.0,177143937.0,3.0,11372.0,poseidon,condorpool,poseidon-worker-2-container-32-35,post_vel,/opt/netcdf2png/merged_netcdf2png,,0.1,0,0,,,,,,,,,
mvt_ID0000024,None,compute,0,1694232848.0,,,1694232853.0,1694232867.0,1694232879.0,29511559.2,1694232866.0,1694232933.0,1694232924.0,1694232927.0,10062.0,1694232933.0,1694232938.0,5.0,,13.0,67.0,5.0,12.0,177143652.0,3.0,30705.0,poseidon,condorpool,poseidon-worker-1-container-12-15,mvt,/opt/mvt/mvt,,39.8,0,0,0.0,816675.0,16384.0,482.0,4.0,29.9,0.1,27222.5,819.2
post_vel_ID0000003,None,compute,0,1694232848.0,,,1694232853.0,1694232856.0,1694232868.0,29829861.4,1694232855.0,1694232883.0,1694232873.0,1694232876.0,3544.0,1694232883.0,1694232888.0,5.0,,2.0,28.0,5.0,12.0,177143937.0,3.0,10865.0,poseidon,condorpool,poseidon-worker-2-container-0-3,post_vel,/opt/netcdf2png/merged_netcdf2png,,0.1,0,0,,,,,,,,,
mvt_ID0000064,None,compute,0,1694232848.0,,,1694232853.0,1694232856.0,1694232867.0,32870221.4,1694232854.0,1694232923.0,1694232912.0,1694232915.0,10132.0,1694232923.0,1694232928.0,5.0,,1.0,69.0,5.0,11.0,177143652.0,3.0,31148.0,poseidon,condorpool,poseidon-worker-1-container-40-43,mvt,/opt/mvt/mvt,,40.0,0,0,0.0,806617.0,16384.0,467.0,4.0,39.9,0.1,20165.4,819.2
mvt_ID0000019,None,compute,0,1694232848.0,,,1694232853.0,1694232869.0,1694232880.0,29677156.5,1694232867.0,1694232933.0,1694232924.0,1694232927.0,11577.0,1694232933.0,1694232938.0,5.0,,14.0,66.0,5.0,11.0,177143652.0,3.0,36245.0,poseidon,condorpool,poseidon-worker-2-container-0-3,mvt,/opt/mvt/mvt,,38.8,0,0,0.0,824751.0,20480.0,500.0,5.0,29.9,0.1,27491.7,1024.0
register_condorpool_0_2,None,auxiliary,0,1694232848.0,,,1694232853.0,,,0.0,1694232855.0,1694232858.0,,,0.0,1694232858.0,1694232863.0,5.0,,2.0,3.0,5.0,,,,,poseidon,local,poseidon-submit,pegasus::rc-client,/mnt/poseidon-data/poseidon/pegasus-5.1.0panorama/bin/pegasus-rc-client,"-n pegasus::rc-client -N null -R local  -L casa-wind-full -T 2023-09-08T07:29:05+00:00 /home/poseidon/pegasus-5.1.0panorama/bin/pegasus-rc-client --prefix pegasus.catalog.replica.output --conf /mnt/poseidon-data/poseidon/workflows/casa-wind-workflow-full/submit/poseidon/pegasus/casa-wind-full/run0004/pegasus.8620170017318805708.properties -v --meta /mnt/poseidon-data/poseidon/workflows/casa-wind-workflow-full/submit/poseidon/pegasus/casa-wind-full/run0004/00/00/unzip_ID0000026.meta,/mnt/poseidon-data/poseidon/workflows/casa-wind-workflow-full/submit/poseidon/pegasus/casa-wind-full/run0004/00/00/unzip_ID0000061.meta,/mnt/poseidon-data/poseidon/workflows/casa-wind-workflow-full/submit/poseidon/pegasus/casa-wind-full/run0004/00/00/unzip_ID0000071.meta,/mnt/poseidon-data/poseidon/workflows/casa-wind-workflow-full/submit/poseidon/pegasus/casa-wind-full/run0004/00/00/unzip_ID0000041.meta,/mnt/poseidon-data/poseidon/workflows/casa-wind-workflow-full/submit/poseidon/pegasus/casa-wind-full/run0004/00/00/unzip_ID0000016.meta,/mnt/poseidon-data/poseidon/workflows/casa-wind-workflow-full/submit/poseidon/pegasus/casa-wind-full/run0004/00/00/unzip_ID0000111.meta,/mnt/poseidon-data/poseidon/workflows/casa-wind-workflow-full/submit/poseidon/pegasus/casa-wind-full/run0004/00/00/unzip_ID0000011.meta,/mnt/poseidon-data/poseidon/workflows/casa-wind-workflow-full/submit/poseidon/pegasus/casa-wind-full/run0004/00/00/unzip_ID0000081.meta,/mnt/poseidon-data/poseidon/workflows/casa-wind-workflow-full/submit/poseidon/pegasus/casa-wind-full/run0004/00/00/unzip_ID0000066.meta,/mnt/poseidon-data/poseidon/workflows/casa-wind-workflow-full/submit/poseidon/pegasus/casa-wind-full/run0004/00/00/unzip_ID0000096.meta,/mnt/poseidon-data/poseidon/workflows/casa-wind-workflow-full/submit/poseidon/pegasus/casa-wind-full/run0004/00/00/unzip_ID0000051.meta,/mnt/poseidon-data/poseidon/workflows/casa-wind-workflow-full/submit/poseidon/pegasus/casa-wind-full/run0004/00/00/unzip_ID0000031.meta,/mnt/poseidon-data/poseidon/workflows/casa-wind-workflow-full/submit/poseidon/pegasus/casa-wind-full/run0004/00/00/unzip_ID0000116.meta,/mnt/poseidon-data/poseidon/workflows/casa-wind-workflow-full/submit/poseidon/pegasus/casa-wind-full/run0004/00/00/unzip_ID0000101.meta,/mnt/poseidon-data/poseidon/workflows/casa-wind-workflow-full/submit/poseidon/pegasus/casa-wind-full/run0004/00/00/unzip_ID0000121.meta,/mnt/poseidon-data/poseidon/workflows/casa-wind-workflow-full/submit/poseidon/pegasus/casa-wind-full/run0004/00/00/unzip_ID0000106.meta,/mnt/poseidon-data/poseidon/workflows/casa-wind-workflow-full/submit/poseidon/pegasus/casa-wind-full/run0004/00/00/unzip_ID0000046.meta,/mnt/poseidon-data/poseidon/workflows/casa-wind-workflow-full/submit/poseidon/pegasus/casa-wind-full/run0004/00/00/unzip_ID0000076.meta,/mnt/poseidon-data/poseidon/workflows/casa-wind-workflow-full/submit/poseidon/pegasus/casa-wind-full/run0004/00/00/unzip_ID0000056.meta,/mnt/poseidon-data/poseidon/workflows/casa-wind-workflow-full/submit/poseidon/pegasus/casa-wind-full/run0004/00/00/unzip_ID0000021.meta,/mnt/poseidon-data/poseidon/workflows/casa-wind-workflow-full/submit/poseidon/pegasus/casa-wind-full/run0004/00/00/unzip_ID0000086.meta,/mnt/poseidon-data/poseidon/workflows/casa-wind-workflow-full/submit/poseidon/pegasus/casa-wind-full/run0004/00/00/unzip_ID0000126.meta,/mnt/poseidon-data/poseidon/workflows/casa-wind-workflow-full/submit/poseidon/pegasus/casa-wind-full/run0004/00/00/unzip_ID0000006.meta,/mnt/poseidon-data/poseidon/workflows/casa-wind-workflow-full/submit/poseidon/pegasus/casa-wind-full/run0004/00/00/unzip_ID0000036.meta,/mnt/poseidon-data/poseidon/workflows/casa-wind-workflow-full/submit/poseidon/pegasus/casa-wind-full/run0004/00/00/unzip_ID0000001.meta,/mnt/poseidon-data/poseidon/workflows/casa-wind-workflow-full/submit/poseidon/pegasus/casa-wind-full/run0004/00/00/unzip_ID0000091.meta --insert /mnt/poseidon-data/poseidon/workflows/casa-wind-workflow-full/submit/poseidon/pegasus/casa-wind-full/run0004/00/00/register_condorpool_0_2.in",2.9,0,0,,,,,,,,,
post_vel_ID0000018,None,compute,0,1694232848.0,,,1694232853.0,1694232872.0,1694232883.0,29703726.0,1694232870.0,1694232898.0,1694232889.0,1694232892.0,3798.0,1694232898.0,1694232903.0,5.0,,17.0,28.0,5.0,11.0,177143937.0,3.0,11645.0,poseidon,condorpool,poseidon-worker-2-container-32-35,post_vel,/opt/netcdf2png/merged_netcdf2png,,0.1,0,0,,,,,,,,,
post_vel_ID0000063,None,compute,0,1694232848.0,,,1694232853.0,1694232856.0,1694232867.0,35205865.2,1694232854.0,1694232883.0,1694232872.0,1694232875.0,3722.0,1694232883.0,1694232888.0,5.0,,1.0,29.0,5.0,11.0,177143937.0,3.0,11628.0,poseidon,condorpool,poseidon-worker-1-container-4-7,post_vel,/opt/netcdf2png/merged_netcdf2png,,0.1,0,0,,,,,,,,,
post_vel_ID0000043,None,compute,0,1694232848.0,,,1694232853.0,1694232856.0,1694232867.0,34950782.0,1694232854.0,1694232883.0,1694232872.0,1694232875.0,3560.0,1694232883.0,1694232888.0,5.0,,1.0,29.0,5.0,11.0,177143937.0,3.0,11050.0,poseidon,condorpool,poseidon-worker-1-container-32-35,post_vel,/opt/netcdf2png/merged_netcdf2png,,0.1,0,0,,,,,,,,,
post_vel_ID0000103,None,compute,0,1694232853.0,,,1694232858.0,1694232870.0,1694232882.0,29415784.7,1694232868.0,1694232898.0,1694232887.0,1694232891.0,4413.0,1694232898.0,1694232903.0,5.0,,10.0,30.0,5.0,12.0,177143937.0,4.0,13815.0,poseidon,condorpool,poseidon-worker-1-container-36-39,post_vel,/opt/netcdf2png/merged_netcdf2png,,0.1,0,0,,,,,,,,,
post_vel_ID0000008,None,compute,0,1694232853.0,,,1694232858.0,1694232870.0,1694232881.0,33681183.8,1694232868.0,1694232898.0,1694232887.0,1694232890.0,3491.0,1694232898.0,1694232903.0,5.0,,10.0,30.0,5.0,11.0,177143937.0,3.0,10982.0,poseidon,condorpool,poseidon-worker-1-container-12-15,post_vel,/opt/netcdf2png/merged_netcdf2png,,0.1,0,0,,,,,,,,,
post_vel_ID0000028,None,compute,0,1694232853.0,,,1694232858.0,1694232870.0,1694232883.0,27159505.3,1694232868.0,1694232898.0,1694232888.0,1694232891.0,3784.0,1694232898.0,1694232903.0,5.0,,10.0,30.0,5.0,13.0,177143937.0,3.0,11529.0,poseidon,condorpool,poseidon-worker-2-container-16-19,post_vel,/opt/netcdf2png/merged_netcdf2png,,0.1,0,0,,,,,,,,,
mvt_ID0000029,None,compute,0,1694232853.0,,,1694232858.0,1694232870.0,1694232882.0,28875423.3,1694232868.0,1694232938.0,1694232927.0,1694232930.0,12411.0,1694232938.0,1694232943.0,5.0,,10.0,70.0,5.0,12.0,177143652.0,3.0,38341.0,poseidon,condorpool,poseidon-worker-1-container-24-27,mvt,/opt/mvt/mvt,,39.8,0,0,0.0,822120.0,20480.0,494.0,5.0,29.9,0.1,27404.0,1024.0
stage_out_local_condorpool_1_2,None,transfer,0,1694232853.0,,,1694232858.0,,,0.0,1694232859.0,1694232863.0,,,0.0,1694232863.0,1694232868.0,5.0,,1.0,4.0,5.0,,,,,poseidon,local,poseidon-submit,pegasus::transfer,/mnt/poseidon-data/poseidon/pegasus-5.1.0panorama/bin/pegasus-transfer,/home/poseidon/pegasus-5.1.0panorama/bin/../bin/pegasus-kickstart  -n pegasus::transfer -N null -i - -R local  -L casa-wind-full -T 2023-09-08T07:29:05+00:00 /home/poseidon/pegasus-5.1.0panorama/bin/../bin/pegasus-transfer  --threads 2,0.8,0,0,,,,,,,,,
mvt_ID0000009,None,compute,0,1694232853.0,,,1694232858.0,1694232870.0,1694232882.0,29150649.8,1694232868.0,1694232938.0,1694232927.0,1694232930.0,11412.0,1694232938.0,1694232943.0,5.0,,10.0,70.0,5.0,12.0,177143652.0,3.0,35429.0,poseidon,condorpool,poseidon-worker-1-container-32-35,mvt,/opt/mvt/mvt,,39.9,0,0,0.0,791965.0,20480.0,428.0,5.0,29.9,0.1,26398.8,1024.0
mvt_ID0000104,None,compute,0,1694232853.0,,,1694232858.0,1694232870.0,1694232881.0,33907644.8,1694232868.0,1694232938.0,1694232926.0,1694232930.0,18932.0,1694232938.0,1694232943.0,5.0,,10.0,70.0,5.0,11.0,177143652.0,4.0,59590.0,poseidon,condorpool,poseidon-worker-1-container-40-43,mvt,/opt/mvt/mvt,,39.8,0,0,0.0,822123.0,32768.0,494.0,8.0,29.9,0.1,27404.1,3276.8
mvt_ID0000099,None,compute,0,1694232853.0,,,1694232858.0,1694232870.0,1694232883.0,25855149.7,1694232868.0,1694232938.0,1694232926.0,1694232929.0,15934.0,1694232938.0,1694232943.0,5.0,,10.0,70.0,5.0,13.0,177143652.0,3.0,50118.0,poseidon,condorpool,poseidon-worker-1-container-4-7,mvt,/opt/mvt/mvt,,38.5,0,0,0.0,793251.0,28672.0,431.0,7.0,29.9,0.1,26441.7,1433.6
post_vel_ID0000013,None,compute,0,1694232853.0,,,1694232858.0,1694232870.0,1694232882.0,28477642.4,1694232868.0,1694232898.0,1694232887.0,1694232890.0,3545.0,1694232898.0,1694232903.0,5.0,,10.0,30.0,5.0,12.0,177143937.0,3.0,11040.0,poseidon,condorpool,poseidon-worker-1-container-28-31,post_vel,/opt/netcdf2png/merged_netcdf2png,,0.1,0,0,,,,,,,,,
mvt_ID0000014,None,compute,0,1694232853.0,,,1694232858.0,1694232870.0,1694232881.0,34888041.0,1694232869.0,1694232938.0,1694232926.0,1694232929.0,10412.0,1694232938.0,1694232943.0,5.0,,11.0,69.0,5.0,11.0,177143652.0,3.0,31991.0,poseidon,condorpool,poseidon-worker-2-container-12-15,mvt,/opt/mvt/mvt,,39.8,0,0,0.0,822124.0,16384.0,494.0,4.0,29.9,0.1,27404.1,819.2
mvt_ID0000059,None,compute,0,1694232853.0,,,1694232858.0,1694232870.0,1694232881.0,27860095.8,1694232868.0,1694232938.0,1694232926.0,1694232930.0,8901.0,1694232938.0,1694232943.0,5.0,,10.0,70.0,5.0,11.0,177143652.0,4.0,28164.0,poseidon,condorpool,poseidon-worker-2-container-24-27,mvt,/opt/mvt/mvt,,39.8,0,0,0.0,790575.0,12288.0,425.0,3.0,29.9,0.1,26352.5,1228.8
post_vel_ID0000058,None,compute,0,1694232853.0,,,1694232858.0,1694232870.0,1694232881.0,32989707.0,1694232868.0,1694232898.0,1694232886.0,1694232890.0,3494.0,1694232898.0,1694232903.0,5.0,,10.0,30.0,5.0,11.0,177143937.0,4.0,10981.0,poseidon,condorpool,poseidon-worker-2-container-36-39,post_vel,/opt/netcdf2png/merged_netcdf2png,,0.1,0,0,,,,,,,,,
mvt_ID0000114,None,compute,0,1694232853.0,,,1694232858.0,1694232870.0,1694232881.0,34264645.2,1694232868.0,1694232938.0,1694232926.0,1694232929.0,23547.0,1694232938.0,1694232943.0,5.0,,10.0,70.0,5.0,11.0,177143652.0,3.0,73234.0,poseidon,condorpool,poseidon-worker-2-container-44-47,mvt,/opt/mvt/mvt,,39.8,0,0,0.0,789203.0,40960.0,422.0,10.0,29.9,0.1,26306.8,4096.0
post_vel_ID0000113,None,compute,0,1694232853.0,,,1694232858.0,1694232871.0,1694232881.0,29939048.5,1694232869.0,1694232898.0,1694232887.0,1694232890.0,4657.0,1694232898.0,1694232903.0,5.0,,11.0,29.0,5.0,10.0,177143937.0,3.0,14745.0,poseidon,condorpool,poseidon-worker-1-container-16-19,post_vel,/opt/netcdf2png/merged_netcdf2png,,0.1,0,0,,,,,,,,,
mvt_ID0000074,None,compute,0,1694232853.0,,,1694232858.0,1694232870.0,1694232883.0,27611913.0,1694232868.0,1694232938.0,1694232927.0,1694232930.0,12437.0,1694232938.0,1694232943.0,5.0,,10.0,70.0,5.0,13.0,177143652.0,3.0,38855.0,poseidon,condorpool,poseidon-worker-1-container-0-3,mvt,/opt/mvt/mvt,,38.6,0,0,0.0,805564.0,20480.0,458.0,5.0,29.9,0.1,26852.1,1024.0
post_vel_ID0000073,None,compute,0,1694232853.0,,,1694232858.0,1694232870.0,1694232882.0,25837155.7,1694232868.0,1694232898.0,1694232888.0,1694232891.0,3844.0,1694232898.0,1694232903.0,5.0,,10.0,30.0,5.0,12.0,177143937.0,3.0,11825.0,poseidon,condorpool,poseidon-worker-2-container-40-43,post_vel,/opt/netcdf2png/merged_netcdf2png,,0.1,0,0,,,,,,,,,
post_vel_ID0000053,None,compute,0,1694232853.0,,,1694232858.0,1694232870.0,1694232885.0,19484609.7,1694232869.0,1694232903.0,1694232891.0,1694232894.0,3585.0,1694232903.0,1694232908.0,5.0,,11.0,34.0,5.0,15.0,177143937.0,3.0,11004.0,poseidon,condorpool,poseidon-worker-2-container-28-31,post_vel,/opt/netcdf2png/merged_netcdf2png,,0.1,0,0,,,,,,,,,
mvt_ID0000054,None,compute,0,1694232853.0,,,1694232858.0,1694232870.0,1694232881.0,33185157.4,1694232868.0,1694232938.0,1694232926.0,1694232929.0,9152.0,1694232938.0,1694232943.0,5.0,,10.0,70.0,5.0,11.0,177143652.0,3.0,28552.0,poseidon,condorpool,poseidon-worker-1-container-8-11,mvt,/opt/mvt/mvt,,39.8,0,0,0.0,791924.0,12288.0,428.0,3.0,29.9,0.1,26397.5,1228.8
post_vel_ID0000098,None,compute,0,1694232853.0,,,1694232858.0,1694232870.0,1694232881.0,33787695.4,1694232868.0,1694232898.0,1694232886.0,1694232889.0,4292.0,1694232898.0,1694232903.0,5.0,,10.0,30.0,5.0,11.0,177143937.0,3.0,13355.0,poseidon,condorpool,poseidon-worker-2-container-8-11,post_vel,/opt/netcdf2png/merged_netcdf2png,,0.1,0,0,,,,,,,,,
register_condorpool_1_2,None,auxiliary,0,1694232868.0,,,1694232873.0,,,0.0,1694232875.0,1694232878.0,,,0.0,1694232878.0,1694232883.0,5.0,,2.0,3.0,5.0,,,,,poseidon,local,poseidon-submit,pegasus::rc-client,/mnt/poseidon-data/poseidon/pegasus-5.1.0panorama/bin/pegasus-rc-client,"-n pegasus::rc-client -N null -R local  -L casa-wind-full -T 2023-09-08T07:29:05+00:00 /home/poseidon/pegasus-5.1.0panorama/bin/pegasus-rc-client --prefix pegasus.catalog.replica.output --conf /mnt/poseidon-data/poseidon/workflows/casa-wind-workflow-full/submit/poseidon/pegasus/casa-wind-full/run0004/pegasus.8620170017318805708.properties -v --meta /mnt/poseidon-data/poseidon/workflows/casa-wind-workflow-full/submit/poseidon/pegasus/casa-wind-full/run0004/00/00/um_vel_ID0000117.meta,/mnt/poseidon-data/poseidon/workflows/casa-wind-workflow-full/submit/poseidon/pegasus/casa-wind-full/run0004/00/01/um_vel_ID0000052.meta,/mnt/poseidon-data/poseidon/workflows/casa-wind-workflow-full/submit/poseidon/pegasus/casa-wind-full/run0004/00/00/um_vel_ID0000002.meta,/mnt/poseidon-data/poseidon/workflows/casa-wind-workflow-full/submit/poseidon/pegasus/casa-wind-full/run0004/00/00/um_vel_ID0000012.meta,/mnt/poseidon-data/poseidon/workflows/casa-wind-workflow-full/submit/poseidon/pegasus/casa-wind-full/run0004/00/00/um_vel_ID0000032.meta,/mnt/poseidon-data/poseidon/workflows/casa-wind-workflow-full/submit/poseidon/pegasus/casa-wind-full/run0004/00/01/um_vel_ID0000062.meta,/mnt/poseidon-data/poseidon/workflows/casa-wind-workflow-full/submit/poseidon/pegasus/casa-wind-full/run0004/00/01/um_vel_ID0000112.meta,/mnt/poseidon-data/poseidon/workflows/casa-wind-workflow-full/submit/poseidon/pegasus/casa-wind-full/run0004/00/01/um_vel_ID0000107.meta --insert /mnt/poseidon-data/poseidon/workflows/casa-wind-workflow-full/submit/poseidon/pegasus/casa-wind-full/run0004/00/01/register_condorpool_1_2.in",2.5,0,0,,,,,,,,,
post_vel_ID0000083,None,compute,0,1694232873.0,,,1694232878.0,1694232881.0,1694232892.0,30066962.0,1694232879.0,1694232908.0,1694232897.0,1694232900.0,4135.0,1694232908.0,1694232913.0,5.0,,1.0,29.0,5.0,11.0,177143937.0,3.0,12720.0,poseidon,condorpool,poseidon-worker-2-container-0-3,post_vel,/opt/netcdf2png/merged_netcdf2png,,0.2,0,0,,,,,,,,,
mvt_ID0000084,None,compute,0,1694232873.0,,,1694232878.0,1694232881.0,1694232892.0,30045680.5,1694232879.0,1694232948.0,1694232936.0,1694232940.0,15071.0,1694232948.0,1694232953.0,5.0,,1.0,69.0,5.0,11.0,177143652.0,4.0,47998.0,poseidon,condorpool,poseidon-worker-2-container-8-11,mvt,/opt/mvt/mvt,,39.4,0,0,0.0,791926.0,24576.0,428.0,6.0,29.9,0.1,26397.5,1228.8
stage_out_local_condorpool_1_1,None,transfer,0,1694232873.0,,,1694232878.0,,,0.0,1694232878.0,1694232883.0,,,0.0,1694232883.0,1694232888.0,5.0,,0.0,5.0,5.0,,,,,poseidon,local,poseidon-submit,pegasus::transfer,/mnt/poseidon-data/poseidon/pegasus-5.1.0panorama/bin/pegasus-transfer,/home/poseidon/pegasus-5.1.0panorama/bin/../bin/pegasus-kickstart  -n pegasus::transfer -N null -i - -R local  -L casa-wind-full -T 2023-09-08T07:29:05+00:00 /home/poseidon/pegasus-5.1.0panorama/bin/../bin/pegasus-transfer  --threads 2,1.0,0,0,,,,,,,,,
post_vel_ID0000123,None,compute,0,1694232873.0,,,1694232878.0,1694232881.0,1694232892.0,34188552.6,1694232879.0,1694232908.0,1694232897.0,1694232900.0,4785.0,1694232908.0,1694232913.0,5.0,,1.0,29.0,5.0,11.0,177143937.0,3.0,14777.0,poseidon,condorpool,poseidon-worker-1-container-0-3,post_vel,/opt/netcdf2png/merged_netcdf2png,,0.1,0,0,,,,,,,,,
mvt_ID0000124,None,compute,0,1694232873.0,,,1694232878.0,1694232881.0,1694232892.0,33042844.2,1694232879.0,1694232948.0,1694232937.0,1694232940.0,22731.0,1694232948.0,1694232953.0,5.0,,1.0,69.0,5.0,11.0,177143652.0,3.0,70564.0,poseidon,condorpool,poseidon-worker-1-container-44-47,mvt,/opt/mvt/mvt,,40.0,0,0,0.0,830104.0,40960.0,518.0,10.0,39.9,0.1,20752.6,4096.0
stage_out_local_condorpool_1_0,None,transfer,0,1694232873.0,,,1694232878.0,,,0.0,1694232878.0,1694232883.0,,,0.0,1694232883.0,1694232888.0,5.0,,0.0,5.0,5.0,,,,,poseidon,local,poseidon-submit,pegasus::transfer,/mnt/poseidon-data/poseidon/pegasus-5.1.0panorama/bin/pegasus-transfer,/home/poseidon/pegasus-5.1.0panorama/bin/../bin/pegasus-kickstart  -n pegasus::transfer -N null -i - -R local  -L casa-wind-full -T 2023-09-08T07:29:05+00:00 /home/poseidon/pegasus-5.1.0panorama/bin/../bin/pegasus-transfer  --threads 2,1.0,0,0,,,,,,,,,
register_condorpool_1_0,None,auxiliary,0,1694232888.0,,,1694232893.0,,,0.0,1694232893.0,1694232898.0,,,0.0,1694232898.0,1694232903.0,5.0,,0.0,5.0,5.0,,,,,poseidon,local,poseidon-submit,pegasus::rc-client,/mnt/poseidon-data/poseidon/pegasus-5.1.0panorama/bin/pegasus-rc-client,"-n pegasus::rc-client -N null -R local  -L casa-wind-full -T 2023-09-08T07:29:05+00:00 /home/poseidon/pegasus-5.1.0panorama/bin/pegasus-rc-client --prefix pegasus.catalog.replica.output --conf /mnt/poseidon-data/poseidon/workflows/casa-wind-workflow-full/submit/poseidon/pegasus/casa-wind-full/run0004/pegasus.8620170017318805708.properties -v --meta /mnt/poseidon-data/poseidon/workflows/casa-wind-workflow-full/submit/poseidon/pegasus/casa-wind-full/run0004/00/01/um_vel_ID0000067.meta,/mnt/poseidon-data/poseidon/workflows/casa-wind-workflow-full/submit/poseidon/pegasus/casa-wind-full/run0004/00/00/um_vel_ID0000127.meta,/mnt/poseidon-data/poseidon/workflows/casa-wind-workflow-full/submit/poseidon/pegasus/casa-wind-full/run0004/00/00/um_vel_ID0000122.meta,/mnt/poseidon-data/poseidon/workflows/casa-wind-workflow-full/submit/poseidon/pegasus/casa-wind-full/run0004/00/00/um_vel_ID0000092.meta,/mnt/poseidon-data/poseidon/workflows/casa-wind-workflow-full/submit/poseidon/pegasus/casa-wind-full/run0004/00/01/um_vel_ID0000077.meta,/mnt/poseidon-data/poseidon/workflows/casa-wind-workflow-full/submit/poseidon/pegasus/casa-wind-full/run0004/00/01/um_vel_ID0000057.meta,/mnt/poseidon-data/poseidon/workflows/casa-wind-workflow-full/submit/poseidon/pegasus/casa-wind-full/run0004/00/00/um_vel_ID0000027.meta,/mnt/poseidon-data/poseidon/workflows/casa-wind-workflow-full/submit/poseidon/pegasus/casa-wind-full/run0004/00/01/um_vel_ID0000042.meta,/mnt/poseidon-data/poseidon/workflows/casa-wind-workflow-full/submit/poseidon/pegasus/casa-wind-full/run0004/00/00/um_vel_ID0000022.meta --insert /mnt/poseidon-data/poseidon/workflows/casa-wind-workflow-full/submit/poseidon/pegasus/casa-wind-full/run0004/00/01/register_condorpool_1_0.in",2.6,0,0,,,,,,,,,
register_condorpool_1_1,None,auxiliary,0,1694232888.0,,,1694232903.0,,,0.0,1694232903.0,1694232908.0,,,0.0,1694232908.0,1694232913.0,15.0,,0.0,5.0,5.0,,,,,poseidon,local,poseidon-submit,pegasus::rc-client,/mnt/poseidon-data/poseidon/pegasus-5.1.0panorama/bin/pegasus-rc-client,"-n pegasus::rc-client -N null -R local  -L casa-wind-full -T 2023-09-08T07:29:05+00:00 /home/poseidon/pegasus-5.1.0panorama/bin/pegasus-rc-client --prefix pegasus.catalog.replica.output --conf /mnt/poseidon-data/poseidon/workflows/casa-wind-workflow-full/submit/poseidon/pegasus/casa-wind-full/run0004/pegasus.8620170017318805708.properties -v --meta /mnt/poseidon-data/poseidon/workflows/casa-wind-workflow-full/submit/poseidon/pegasus/casa-wind-full/run0004/00/00/um_vel_ID0000017.meta,/mnt/poseidon-data/poseidon/workflows/casa-wind-workflow-full/submit/poseidon/pegasus/casa-wind-full/run0004/00/01/um_vel_ID0000037.meta,/mnt/poseidon-data/poseidon/workflows/casa-wind-workflow-full/submit/poseidon/pegasus/casa-wind-full/run0004/00/00/um_vel_ID0000082.meta,/mnt/poseidon-data/poseidon/workflows/casa-wind-workflow-full/submit/poseidon/pegasus/casa-wind-full/run0004/00/00/um_vel_ID0000097.meta,/mnt/poseidon-data/poseidon/workflows/casa-wind-workflow-full/submit/poseidon/pegasus/casa-wind-full/run0004/00/01/um_vel_ID0000047.meta,/mnt/poseidon-data/poseidon/workflows/casa-wind-workflow-full/submit/poseidon/pegasus/casa-wind-full/run0004/00/00/um_vel_ID0000087.meta,/mnt/poseidon-data/poseidon/workflows/casa-wind-workflow-full/submit/poseidon/pegasus/casa-wind-full/run0004/00/01/um_vel_ID0000007.meta,/mnt/poseidon-data/poseidon/workflows/casa-wind-workflow-full/submit/poseidon/pegasus/casa-wind-full/run0004/00/01/um_vel_ID0000072.meta,/mnt/poseidon-data/poseidon/workflows/casa-wind-workflow-full/submit/poseidon/pegasus/casa-wind-full/run0004/00/01/um_vel_ID0000102.meta --insert /mnt/poseidon-data/poseidon/workflows/casa-wind-workflow-full/submit/poseidon/pegasus/casa-wind-full/run0004/00/01/register_condorpool_1_1.in",2.7,0,0,,,,,,,,,
point_alert_ID0000090,None,compute,0,1694232913.0,,,1694232918.0,1694232920.0,1694232931.0,29904763.5,1694232919.0,1694232948.0,1694232936.0,1694232939.0,6713.0,1694232948.0,1694232953.0,5.0,,1.0,29.0,5.0,11.0,176656458.0,3.0,20638.0,poseidon,condorpool,poseidon-worker-2-container-4-7,point_alert,/opt/pointAlert/pointAlert,,0.0,0,0,,,,,,,,,
point_alert_ID0000035,None,compute,0,1694232918.0,,,1694232923.0,1694232926.0,1694232937.0,29464126.0,1694232924.0,1694232953.0,1694232942.0,1694232945.0,6575.0,1694232953.0,1694232958.0,5.0,,1.0,29.0,5.0,11.0,176638959.0,3.0,20078.0,poseidon,condorpool,poseidon-worker-2-container-0-3,point_alert,/opt/pointAlert/pointAlert,,0.0,0,0,,,,,,,,,
point_alert_ID0000050,None,compute,0,1694232918.0,,,1694232923.0,1694232926.0,1694232937.0,32410291.2,1694232924.0,1694232953.0,1694232942.0,1694232945.0,6772.0,1694232953.0,1694232958.0,5.0,,1.0,29.0,5.0,11.0,176632091.0,3.0,20878.0,poseidon,condorpool,poseidon-worker-2-container-28-31,point_alert,/opt/pointAlert/pointAlert,,0.0,0,0,,,,,,,,,
point_alert_ID0000040,None,compute,0,1694232918.0,,,1694232923.0,1694232926.0,1694232936.0,35272566.8,1694232924.0,1694232953.0,1694232942.0,1694232945.0,6671.0,1694232953.0,1694232958.0,5.0,,1.0,29.0,5.0,10.0,176642369.0,3.0,20558.0,poseidon,condorpool,poseidon-worker-2-container-36-39,point_alert,/opt/pointAlert/pointAlert,,0.0,0,0,,,,,,,,,
point_alert_ID0000120,None,compute,0,1694232918.0,,,1694232923.0,1694232927.0,1694232938.0,29871027.0,1694232925.0,1694232953.0,1694232943.0,1694232946.0,7233.0,1694232953.0,1694232958.0,5.0,,2.0,28.0,5.0,11.0,176673508.0,3.0,21998.0,poseidon,condorpool,poseidon-worker-1-container-16-19,point_alert,/opt/pointAlert/pointAlert,,0.0,0,0,,,,,,,,,
point_alert_ID0000070,None,compute,0,1694232923.0,,,1694232928.0,1694232931.0,1694232942.0,31174999.0,1694232929.0,1694232958.0,1694232948.0,1694232951.0,6701.0,1694232958.0,1694232963.0,5.0,,1.0,29.0,5.0,11.0,176643292.0,3.0,20558.0,poseidon,condorpool,poseidon-worker-2-container-16-19,point_alert,/opt/pointAlert/pointAlert,,0.0,0,0,,,,,,,,,
point_alert_ID0000095,None,compute,0,1694232923.0,,,1694232928.0,1694232931.0,1694232942.0,32951968.8,1694232929.0,1694232958.0,1694232947.0,1694232950.0,6702.0,1694232958.0,1694232963.0,5.0,,1.0,29.0,5.0,11.0,176660390.0,3.0,20718.0,poseidon,condorpool,poseidon-worker-2-container-40-43,point_alert,/opt/pointAlert/pointAlert,,0.0,0,0,,,,,,,,,
point_alert_ID0000080,None,compute,0,1694232928.0,,,1694232933.0,1694232936.0,1694232947.0,29617998.5,1694232934.0,1694232963.0,1694232952.0,1694232955.0,6644.0,1694232963.0,1694232968.0,5.0,,1.0,29.0,5.0,11.0,176653320.0,3.0,20718.0,poseidon,condorpool,poseidon-worker-2-container-28-31,point_alert,/opt/pointAlert/pointAlert,,0.0,0,0,,,,,,,,,
point_alert_ID0000130,None,compute,0,1694232928.0,,,1694232933.0,1694232936.0,1694232947.0,29557669.5,1694232934.0,1694232963.0,1694232952.0,1694232955.0,7429.0,1694232963.0,1694232968.0,5.0,,1.0,29.0,5.0,11.0,176672472.0,3.0,23118.0,poseidon,condorpool,poseidon-worker-2-container-12-15,point_alert,/opt/pointAlert/pointAlert,,0.0,0,0,,,,,,,,,
point_alert_ID0000065,None,compute,0,1694232928.0,,,1694232933.0,1694232936.0,1694232947.0,29931375.0,1694232934.0,1694232963.0,1694232952.0,1694232955.0,6538.0,1694232963.0,1694232968.0,5.0,,1.0,29.0,5.0,11.0,176639131.0,3.0,20238.0,poseidon,condorpool,poseidon-worker-2-container-0-3,point_alert,/opt/pointAlert/pointAlert,,0.0,0,0,,,,,,,,,
point_alert_ID0000005,None,compute,0,1694232928.0,,,1694232933.0,1694232936.0,1694232947.0,29889564.0,1694232934.0,1694232963.0,1694232952.0,1694232955.0,6578.0,1694232963.0,1694232968.0,5.0,,1.0,29.0,5.0,11.0,176636764.0,3.0,20398.0,poseidon,condorpool,poseidon-worker-1-container-12-15,point_alert,/opt/pointAlert/pointAlert,,0.0,0,0,,,,,,,,,
point_alert_ID0000045,None,compute,0,1694232928.0,,,1694232933.0,1694232936.0,1694232947.0,29593551.0,1694232934.0,1694232963.0,1694232952.0,1694232955.0,6715.0,1694232963.0,1694232968.0,5.0,,1.0,29.0,5.0,11.0,176636096.0,3.0,20798.0,poseidon,condorpool,poseidon-worker-1-container-28-31,point_alert,/opt/pointAlert/pointAlert,,0.0,0,0,,,,,,,,,
point_alert_ID0000020,None,compute,0,1694232938.0,,,1694232943.0,1694232945.0,1694232956.0,29548917.5,1694232944.0,1694232973.0,1694232962.0,1694232965.0,6715.0,1694232973.0,1694232978.0,5.0,,1.0,29.0,5.0,11.0,176644228.0,3.0,20478.0,poseidon,condorpool,poseidon-worker-1-container-4-7,point_alert,/opt/pointAlert/pointAlert,,0.0,0,0,,,,,,,,,
point_alert_ID0000025,None,compute,0,1694232938.0,,,1694232943.0,1694232946.0,1694232957.0,27650677.4,1694232944.0,1694232973.0,1694232963.0,1694232966.0,6572.0,1694232973.0,1694232978.0,5.0,,1.0,29.0,5.0,11.0,176638688.0,3.0,20078.0,poseidon,condorpool,poseidon-worker-2-container-44-47,point_alert,/opt/pointAlert/pointAlert,,0.0,0,0,,,,,,,,,
stage_out_local_condorpool_2_5,None,transfer,0,1694232943.0,,,1694232948.0,,,0.0,1694232948.0,1694232953.0,,,0.0,1694232953.0,1694232958.0,5.0,,0.0,5.0,5.0,,,,,poseidon,local,poseidon-submit,pegasus::transfer,/mnt/poseidon-data/poseidon/pegasus-5.1.0panorama/bin/pegasus-transfer,/home/poseidon/pegasus-5.1.0panorama/bin/../bin/pegasus-kickstart  -n pegasus::transfer -N null -i - -R local  -L casa-wind-full -T 2023-09-08T07:29:05+00:00 /home/poseidon/pegasus-5.1.0panorama/bin/../bin/pegasus-transfer  --threads 2,0.9,0,0,,,,,,,,,
stage_out_local_condorpool_2_4,None,transfer,0,1694232943.0,,,1694232948.0,,,0.0,1694232948.0,1694232953.0,,,0.0,1694232953.0,1694232958.0,5.0,,0.0,5.0,5.0,,,,,poseidon,local,poseidon-submit,pegasus::transfer,/mnt/poseidon-data/poseidon/pegasus-5.1.0panorama/bin/pegasus-transfer,/home/poseidon/pegasus-5.1.0panorama/bin/../bin/pegasus-kickstart  -n pegasus::transfer -N null -i - -R local  -L casa-wind-full -T 2023-09-08T07:29:05+00:00 /home/poseidon/pegasus-5.1.0panorama/bin/../bin/pegasus-transfer  --threads 2,0.9,0,0,,,,,,,,,
stage_out_local_condorpool_2_2,None,transfer,0,1694232943.0,,,1694232948.0,,,0.0,1694232948.0,1694232953.0,,,0.0,1694232953.0,1694232958.0,5.0,,0.0,5.0,5.0,,,,,poseidon,local,poseidon-submit,pegasus::transfer,/mnt/poseidon-data/poseidon/pegasus-5.1.0panorama/bin/pegasus-transfer,/home/poseidon/pegasus-5.1.0panorama/bin/../bin/pegasus-kickstart  -n pegasus::transfer -N null -i - -R local  -L casa-wind-full -T 2023-09-08T07:29:05+00:00 /home/poseidon/pegasus-5.1.0panorama/bin/../bin/pegasus-transfer  --threads 2,1.0,0,0,,,,,,,,,
point_alert_ID0000010,None,compute,0,1694232943.0,,,1694232948.0,1694232951.0,1694232962.0,29574773.0,1694232949.0,1694232978.0,1694232967.0,1694232970.0,6558.0,1694232978.0,1694232983.0,5.0,,1.0,29.0,5.0,11.0,176643412.0,3.0,20478.0,poseidon,condorpool,poseidon-worker-1-container-44-47,point_alert,/opt/pointAlert/pointAlert,,0.0,0,0,,,,,,,,,
point_alert_ID0000110,None,compute,0,1694232943.0,,,1694232948.0,1694232951.0,1694232962.0,35290075.6,1694232949.0,1694232978.0,1694232967.0,1694232970.0,6768.0,1694232978.0,1694232983.0,5.0,,1.0,29.0,5.0,11.0,176667937.0,3.0,21038.0,poseidon,condorpool,poseidon-worker-1-container-32-35,point_alert,/opt/pointAlert/pointAlert,,0.0,0,0,,,,,,,,,
point_alert_ID0000105,None,compute,0,1694232943.0,,,1694232948.0,1694232951.0,1694232962.0,29941392.0,1694232949.0,1694232978.0,1694232967.0,1694232970.0,6836.0,1694232978.0,1694232983.0,5.0,,1.0,29.0,5.0,11.0,176667573.0,3.0,21278.0,poseidon,condorpool,poseidon-worker-2-container-8-11,point_alert,/opt/pointAlert/pointAlert,,0.0,0,0,,,,,,,,,
point_alert_ID0000115,None,compute,0,1694232943.0,,,1694232948.0,1694232951.0,1694232962.0,29577105.5,1694232949.0,1694232978.0,1694232967.0,1694232970.0,6897.0,1694232978.0,1694232983.0,5.0,,1.0,29.0,5.0,11.0,176681217.0,3.0,21598.0,poseidon,condorpool,poseidon-worker-1-container-8-11,point_alert,/opt/pointAlert/pointAlert,,0.0,0,0,,,,,,,,,
stage_out_local_condorpool_2_0,None,transfer,0,1694232943.0,,,1694232948.0,,,0.0,1694232948.0,1694232953.0,,,0.0,1694232953.0,1694232958.0,5.0,,0.0,5.0,5.0,,,,,poseidon,local,poseidon-submit,pegasus::transfer,/mnt/poseidon-data/poseidon/pegasus-5.1.0panorama/bin/pegasus-transfer,/home/poseidon/pegasus-5.1.0panorama/bin/../bin/pegasus-kickstart  -n pegasus::transfer -N null -i - -R local  -L casa-wind-full -T 2023-09-08T07:29:05+00:00 /home/poseidon/pegasus-5.1.0panorama/bin/../bin/pegasus-transfer  --threads 2,1.0,0,0,,,,,,,,,
point_alert_ID0000015,None,compute,0,1694232943.0,,,1694232948.0,1694232951.0,1694232962.0,29574979.0,1694232949.0,1694232978.0,1694232967.0,1694232970.0,6630.0,1694232978.0,1694232983.0,5.0,,1.0,29.0,5.0,11.0,176639974.0,3.0,20558.0,poseidon,condorpool,poseidon-worker-2-container-12-15,point_alert,/opt/pointAlert/pointAlert,,0.0,0,0,,,,,,,,,
point_alert_ID0000060,None,compute,0,1694232943.0,,,1694232948.0,1694232952.0,1694232962.0,34557864.2,1694232950.0,1694232978.0,1694232968.0,1694232971.0,6844.0,1694232978.0,1694232983.0,5.0,,2.0,28.0,5.0,10.0,176636147.0,3.0,20878.0,poseidon,condorpool,poseidon-worker-1-container-24-27,point_alert,/opt/pointAlert/pointAlert,,0.0,0,0,,,,,,,,,
point_alert_ID0000075,None,compute,0,1694232943.0,,,1694232948.0,1694232951.0,1694232962.0,34253422.4,1694232949.0,1694232978.0,1694232967.0,1694232970.0,6688.0,1694232978.0,1694232983.0,5.0,,1.0,29.0,5.0,11.0,176646838.0,3.0,20558.0,poseidon,condorpool,poseidon-worker-2-container-24-27,point_alert,/opt/pointAlert/pointAlert,,0.0,0,0,,,,,,,,,
point_alert_ID0000055,None,compute,0,1694232943.0,,,1694232948.0,1694232952.0,1694232963.0,29639298.0,1694232950.0,1694232978.0,1694232968.0,1694232971.0,6751.0,1694232978.0,1694232983.0,5.0,,2.0,28.0,5.0,11.0,176636535.0,3.0,20638.0,poseidon,condorpool,poseidon-worker-1-container-44-47,point_alert,/opt/pointAlert/pointAlert,,0.0,0,0,,,,,,,,,
point_alert_ID0000100,None,compute,0,1694232943.0,,,1694232948.0,1694232951.0,1694232962.0,29861056.5,1694232949.0,1694232978.0,1694232967.0,1694232970.0,6601.0,1694232978.0,1694232983.0,5.0,,1.0,29.0,5.0,11.0,176658101.0,3.0,20638.0,poseidon,condorpool,poseidon-worker-2-container-4-7,point_alert,/opt/pointAlert/pointAlert,,0.0,0,0,,,,,,,,,
point_alert_ID0000030,None,compute,0,1694232943.0,,,1694232948.0,1694232951.0,1694232962.0,29585461.5,1694232949.0,1694232978.0,1694232967.0,1694232970.0,6558.0,1694232978.0,1694232983.0,5.0,,1.0,29.0,5.0,11.0,176646324.0,3.0,20158.0,poseidon,condorpool,poseidon-worker-1-container-0-3,point_alert,/opt/pointAlert/pointAlert,,0.0,0,0,,,,,,,,,
stage_out_local_condorpool_2_1,None,transfer,0,1694232953.0,,,1694232958.0,,,0.0,1694232959.0,1694232968.0,,,0.0,1694232968.0,1694232973.0,5.0,,1.0,9.0,5.0,,,,,poseidon,local,poseidon-submit,pegasus::transfer,/mnt/poseidon-data/poseidon/pegasus-5.1.0panorama/bin/pegasus-transfer,/home/poseidon/pegasus-5.1.0panorama/bin/../bin/pegasus-kickstart  -n pegasus::transfer -N null -i - -R local  -L casa-wind-full -T 2023-09-08T07:29:05+00:00 /home/poseidon/pegasus-5.1.0panorama/bin/../bin/pegasus-transfer  --threads 2,0.9,0,0,,,,,,,,,
point_alert_ID0000125,None,compute,0,1694232953.0,,,1694232958.0,1694232961.0,1694232972.0,29646789.0,1694232960.0,1694232988.0,1694232977.0,1694232980.0,7489.0,1694232988.0,1694232993.0,5.0,,2.0,28.0,5.0,11.0,176678547.0,3.0,22878.0,poseidon,condorpool,poseidon-worker-2-container-36-39,point_alert,/opt/pointAlert/pointAlert,,0.0,0,0,,,,,,,,,
point_alert_ID0000085,None,compute,0,1694232953.0,,,1694232958.0,1694232961.0,1694232972.0,29610170.5,1694232960.0,1694232988.0,1694232977.0,1694232980.0,6883.0,1694232988.0,1694232993.0,5.0,,2.0,28.0,5.0,11.0,176655981.0,3.0,21118.0,poseidon,condorpool,poseidon-worker-2-container-28-31,point_alert,/opt/pointAlert/pointAlert,,0.0,0,0,,,,,,,,,
stage_out_local_condorpool_2_3,None,transfer,0,1694232953.0,,,1694232958.0,,,0.0,1694232959.0,1694232968.0,,,0.0,1694232968.0,1694232973.0,5.0,,1.0,9.0,5.0,,,,,poseidon,local,poseidon-submit,pegasus::transfer,/mnt/poseidon-data/poseidon/pegasus-5.1.0panorama/bin/pegasus-transfer,/home/poseidon/pegasus-5.1.0panorama/bin/../bin/pegasus-kickstart  -n pegasus::transfer -N null -i - -R local  -L casa-wind-full -T 2023-09-08T07:29:05+00:00 /home/poseidon/pegasus-5.1.0panorama/bin/../bin/pegasus-transfer  --threads 2,0.9,0,0,,,,,,,,,
register_condorpool_2_2,None,auxiliary,0,1694232958.0,,,1694232973.0,,,0.0,1694232974.0,1694232978.0,,,0.0,1694232978.0,1694232983.0,15.0,,1.0,4.0,5.0,,,,,poseidon,local,poseidon-submit,pegasus::rc-client,/mnt/poseidon-data/poseidon/pegasus-5.1.0panorama/bin/pegasus-rc-client,"-n pegasus::rc-client -N null -R local  -L casa-wind-full -T 2023-09-08T07:29:05+00:00 /home/poseidon/pegasus-5.1.0panorama/bin/pegasus-rc-client --prefix pegasus.catalog.replica.output --conf /mnt/poseidon-data/poseidon/workflows/casa-wind-workflow-full/submit/poseidon/pegasus/casa-wind-full/run0004/pegasus.8620170017318805708.properties -v --meta /mnt/poseidon-data/poseidon/workflows/casa-wind-workflow-full/submit/poseidon/pegasus/casa-wind-full/run0004/00/02/post_vel_ID0000073.meta,/mnt/poseidon-data/poseidon/workflows/casa-wind-workflow-full/submit/poseidon/pegasus/casa-wind-full/run0004/00/02/mvt_ID0000039.meta,/mnt/poseidon-data/poseidon/workflows/casa-wind-workflow-full/submit/poseidon/pegasus/casa-wind-full/run0004/00/01/mvt_ID0000099.meta,/mnt/poseidon-data/poseidon/workflows/casa-wind-workflow-full/submit/poseidon/pegasus/casa-wind-full/run0004/00/01/post_vel_ID0000008.meta,/mnt/poseidon-data/poseidon/workflows/casa-wind-workflow-full/submit/poseidon/pegasus/casa-wind-full/run0004/00/02/mvt_ID0000049.meta,/mnt/poseidon-data/poseidon/workflows/casa-wind-workflow-full/submit/poseidon/pegasus/casa-wind-full/run0004/00/01/mvt_ID0000019.meta,/mnt/poseidon-data/poseidon/workflows/casa-wind-workflow-full/submit/poseidon/pegasus/casa-wind-full/run0004/00/02/mvt_ID0000104.meta,/mnt/poseidon-data/poseidon/workflows/casa-wind-workflow-full/submit/poseidon/pegasus/casa-wind-full/run0004/00/01/post_vel_ID0000083.meta,/mnt/poseidon-data/poseidon/workflows/casa-wind-workflow-full/submit/poseidon/pegasus/casa-wind-full/run0004/00/01/post_vel_ID0000088.meta --insert /mnt/poseidon-data/poseidon/workflows/casa-wind-workflow-full/submit/poseidon/pegasus/casa-wind-full/run0004/00/02/register_condorpool_2_2.in",2.6,0,0,,,,,,,,,
register_condorpool_2_5,None,auxiliary,0,1694232958.0,,,1694232963.0,,,0.0,1694232964.0,1694232968.0,,,0.0,1694232968.0,1694232973.0,5.0,,1.0,4.0,5.0,,,,,poseidon,local,poseidon-submit,pegasus::rc-client,/mnt/poseidon-data/poseidon/pegasus-5.1.0panorama/bin/pegasus-rc-client,"-n pegasus::rc-client -N null -R local  -L casa-wind-full -T 2023-09-08T07:29:05+00:00 /home/poseidon/pegasus-5.1.0panorama/bin/pegasus-rc-client --prefix pegasus.catalog.replica.output --conf /mnt/poseidon-data/poseidon/workflows/casa-wind-workflow-full/submit/poseidon/pegasus/casa-wind-full/run0004/pegasus.8620170017318805708.properties -v --meta /mnt/poseidon-data/poseidon/workflows/casa-wind-workflow-full/submit/poseidon/pegasus/casa-wind-full/run0004/00/01/mvt_ID0000004.meta,/mnt/poseidon-data/poseidon/workflows/casa-wind-workflow-full/submit/poseidon/pegasus/casa-wind-full/run0004/00/01/mvt_ID0000119.meta,/mnt/poseidon-data/poseidon/workflows/casa-wind-workflow-full/submit/poseidon/pegasus/casa-wind-full/run0004/00/02/post_vel_ID0000053.meta,/mnt/poseidon-data/poseidon/workflows/casa-wind-workflow-full/submit/poseidon/pegasus/casa-wind-full/run0004/00/02/mvt_ID0000114.meta,/mnt/poseidon-data/poseidon/workflows/casa-wind-workflow-full/submit/poseidon/pegasus/casa-wind-full/run0004/00/01/mvt_ID0000034.meta,/mnt/poseidon-data/poseidon/workflows/casa-wind-workflow-full/submit/poseidon/pegasus/casa-wind-full/run0004/00/01/mvt_ID0000014.meta,/mnt/poseidon-data/poseidon/workflows/casa-wind-workflow-full/submit/poseidon/pegasus/casa-wind-full/run0004/00/02/mvt_ID0000109.meta,/mnt/poseidon-data/poseidon/workflows/casa-wind-workflow-full/submit/poseidon/pegasus/casa-wind-full/run0004/00/01/mvt_ID0000064.meta --insert /mnt/poseidon-data/poseidon/workflows/casa-wind-workflow-full/submit/poseidon/pegasus/casa-wind-full/run0004/00/02/register_condorpool_2_5.in",2.6,0,0,,,,,,,,,
register_condorpool_2_4,None,auxiliary,0,1694232958.0,,,1694233043.0,,,0.0,1694233044.0,1694233048.0,,,0.0,1694233048.0,1694233053.0,85.0,,1.0,4.0,5.0,,,,,poseidon,local,poseidon-submit,pegasus::rc-client,/mnt/poseidon-data/poseidon/pegasus-5.1.0panorama/bin/pegasus-rc-client,"-n pegasus::rc-client -N null -R local  -L casa-wind-full -T 2023-09-08T07:29:05+00:00 /home/poseidon/pegasus-5.1.0panorama/bin/pegasus-rc-client --prefix pegasus.catalog.replica.output --conf /mnt/poseidon-data/poseidon/workflows/casa-wind-workflow-full/submit/poseidon/pegasus/casa-wind-full/run0004/pegasus.8620170017318805708.properties -v --meta /mnt/poseidon-data/poseidon/workflows/casa-wind-workflow-full/submit/poseidon/pegasus/casa-wind-full/run0004/00/02/post_vel_ID0000108.meta,/mnt/poseidon-data/poseidon/workflows/casa-wind-workflow-full/submit/poseidon/pegasus/casa-wind-full/run0004/00/01/post_vel_ID0000063.meta,/mnt/poseidon-data/poseidon/workflows/casa-wind-workflow-full/submit/poseidon/pegasus/casa-wind-full/run0004/00/01/post_vel_ID0000013.meta,/mnt/poseidon-data/poseidon/workflows/casa-wind-workflow-full/submit/poseidon/pegasus/casa-wind-full/run0004/00/02/mvt_ID0000054.meta,/mnt/poseidon-data/poseidon/workflows/casa-wind-workflow-full/submit/poseidon/pegasus/casa-wind-full/run0004/00/01/post_vel_ID0000033.meta,/mnt/poseidon-data/poseidon/workflows/casa-wind-workflow-full/submit/poseidon/pegasus/casa-wind-full/run0004/00/02/post_vel_ID0000113.meta,/mnt/poseidon-data/poseidon/workflows/casa-wind-workflow-full/submit/poseidon/pegasus/casa-wind-full/run0004/00/01/post_vel_ID0000003.meta,/mnt/poseidon-data/poseidon/workflows/casa-wind-workflow-full/submit/poseidon/pegasus/casa-wind-full/run0004/00/01/post_vel_ID0000118.meta --insert /mnt/poseidon-data/poseidon/workflows/casa-wind-workflow-full/submit/poseidon/pegasus/casa-wind-full/run0004/00/02/register_condorpool_2_4.in",2.6,0,0,,,,,,,,,
register_condorpool_2_0,None,auxiliary,0,1694232958.0,,,1694233033.0,,,0.0,1694233034.0,1694233038.0,,,0.0,1694233038.0,1694233043.0,75.0,,1.0,4.0,5.0,,,,,poseidon,local,poseidon-submit,pegasus::rc-client,/mnt/poseidon-data/poseidon/pegasus-5.1.0panorama/bin/pegasus-rc-client,"-n pegasus::rc-client -N null -R local  -L casa-wind-full -T 2023-09-08T07:29:05+00:00 /home/poseidon/pegasus-5.1.0panorama/bin/pegasus-rc-client --prefix pegasus.catalog.replica.output --conf /mnt/poseidon-data/poseidon/workflows/casa-wind-workflow-full/submit/poseidon/pegasus/casa-wind-full/run0004/pegasus.8620170017318805708.properties -v --meta /mnt/poseidon-data/poseidon/workflows/casa-wind-workflow-full/submit/poseidon/pegasus/casa-wind-full/run0004/00/01/post_vel_ID0000023.meta,/mnt/poseidon-data/poseidon/workflows/casa-wind-workflow-full/submit/poseidon/pegasus/casa-wind-full/run0004/00/01/post_vel_ID0000093.meta,/mnt/poseidon-data/poseidon/workflows/casa-wind-workflow-full/submit/poseidon/pegasus/casa-wind-full/run0004/00/01/mvt_ID0000129.meta,/mnt/poseidon-data/poseidon/workflows/casa-wind-workflow-full/submit/poseidon/pegasus/casa-wind-full/run0004/00/02/mvt_ID0000044.meta,/mnt/poseidon-data/poseidon/workflows/casa-wind-workflow-full/submit/poseidon/pegasus/casa-wind-full/run0004/00/02/post_vel_ID0000058.meta,/mnt/poseidon-data/poseidon/workflows/casa-wind-workflow-full/submit/poseidon/pegasus/casa-wind-full/run0004/00/01/post_vel_ID0000068.meta,/mnt/poseidon-data/poseidon/workflows/casa-wind-workflow-full/submit/poseidon/pegasus/casa-wind-full/run0004/00/01/post_vel_ID0000123.meta,/mnt/poseidon-data/poseidon/workflows/casa-wind-workflow-full/submit/poseidon/pegasus/casa-wind-full/run0004/00/02/post_vel_ID0000078.meta,/mnt/poseidon-data/poseidon/workflows/casa-wind-workflow-full/submit/poseidon/pegasus/casa-wind-full/run0004/00/01/mvt_ID0000029.meta --insert /mnt/poseidon-data/poseidon/workflows/casa-wind-workflow-full/submit/poseidon/pegasus/casa-wind-full/run0004/00/02/register_condorpool_2_0.in",2.9,0,0,,,,,,,,,
register_condorpool_2_3,None,auxiliary,0,1694232973.0,,,1694232983.0,,,0.0,1694232983.0,1694232988.0,,,0.0,1694232988.0,1694232993.0,10.0,,0.0,5.0,5.0,,,,,poseidon,local,poseidon-submit,pegasus::rc-client,/mnt/poseidon-data/poseidon/pegasus-5.1.0panorama/bin/pegasus-rc-client,"-n pegasus::rc-client -N null -R local  -L casa-wind-full -T 2023-09-08T07:29:05+00:00 /home/poseidon/pegasus-5.1.0panorama/bin/pegasus-rc-client --prefix pegasus.catalog.replica.output --conf /mnt/poseidon-data/poseidon/workflows/casa-wind-workflow-full/submit/poseidon/pegasus/casa-wind-full/run0004/pegasus.8620170017318805708.properties -v --meta /mnt/poseidon-data/poseidon/workflows/casa-wind-workflow-full/submit/poseidon/pegasus/casa-wind-full/run0004/00/01/mvt_ID0000084.meta,/mnt/poseidon-data/poseidon/workflows/casa-wind-workflow-full/submit/poseidon/pegasus/casa-wind-full/run0004/00/02/post_vel_ID0000103.meta,/mnt/poseidon-data/poseidon/workflows/casa-wind-workflow-full/submit/poseidon/pegasus/casa-wind-full/run0004/00/01/post_vel_ID0000098.meta,/mnt/poseidon-data/poseidon/workflows/casa-wind-workflow-full/submit/poseidon/pegasus/casa-wind-full/run0004/00/02/post_vel_ID0000048.meta,/mnt/poseidon-data/poseidon/workflows/casa-wind-workflow-full/submit/poseidon/pegasus/casa-wind-full/run0004/00/01/mvt_ID0000009.meta,/mnt/poseidon-data/poseidon/workflows/casa-wind-workflow-full/submit/poseidon/pegasus/casa-wind-full/run0004/00/01/post_vel_ID0000018.meta,/mnt/poseidon-data/poseidon/workflows/casa-wind-workflow-full/submit/poseidon/pegasus/casa-wind-full/run0004/00/01/mvt_ID0000089.meta,/mnt/poseidon-data/poseidon/workflows/casa-wind-workflow-full/submit/poseidon/pegasus/casa-wind-full/run0004/00/02/mvt_ID0000074.meta,/mnt/poseidon-data/poseidon/workflows/casa-wind-workflow-full/submit/poseidon/pegasus/casa-wind-full/run0004/00/02/post_vel_ID0000038.meta --insert /mnt/poseidon-data/poseidon/workflows/casa-wind-workflow-full/submit/poseidon/pegasus/casa-wind-full/run0004/00/02/register_condorpool_2_3.in",2.7,0,0,,,,,,,,,
register_condorpool_2_1,None,auxiliary,0,1694232973.0,,,1694232993.0,,,0.0,1694232993.0,1694232998.0,,,0.0,1694232998.0,1694233003.0,20.0,,0.0,5.0,5.0,,,,,poseidon,local,poseidon-submit,pegasus::rc-client,/mnt/poseidon-data/poseidon/pegasus-5.1.0panorama/bin/pegasus-rc-client,"-n pegasus::rc-client -N null -R local  -L casa-wind-full -T 2023-09-08T07:29:05+00:00 /home/poseidon/pegasus-5.1.0panorama/bin/pegasus-rc-client --prefix pegasus.catalog.replica.output --conf /mnt/poseidon-data/poseidon/workflows/casa-wind-workflow-full/submit/poseidon/pegasus/casa-wind-full/run0004/pegasus.8620170017318805708.properties -v --meta /mnt/poseidon-data/poseidon/workflows/casa-wind-workflow-full/submit/poseidon/pegasus/casa-wind-full/run0004/00/01/post_vel_ID0000028.meta,/mnt/poseidon-data/poseidon/workflows/casa-wind-workflow-full/submit/poseidon/pegasus/casa-wind-full/run0004/00/02/post_vel_ID0000043.meta,/mnt/poseidon-data/poseidon/workflows/casa-wind-workflow-full/submit/poseidon/pegasus/casa-wind-full/run0004/00/01/post_vel_ID0000128.meta,/mnt/poseidon-data/poseidon/workflows/casa-wind-workflow-full/submit/poseidon/pegasus/casa-wind-full/run0004/00/01/mvt_ID0000094.meta,/mnt/poseidon-data/poseidon/workflows/casa-wind-workflow-full/submit/poseidon/pegasus/casa-wind-full/run0004/00/01/mvt_ID0000069.meta,/mnt/poseidon-data/poseidon/workflows/casa-wind-workflow-full/submit/poseidon/pegasus/casa-wind-full/run0004/00/02/mvt_ID0000059.meta,/mnt/poseidon-data/poseidon/workflows/casa-wind-workflow-full/submit/poseidon/pegasus/casa-wind-full/run0004/00/01/mvt_ID0000124.meta,/mnt/poseidon-data/poseidon/workflows/casa-wind-workflow-full/submit/poseidon/pegasus/casa-wind-full/run0004/00/01/mvt_ID0000024.meta,/mnt/poseidon-data/poseidon/workflows/casa-wind-workflow-full/submit/poseidon/pegasus/casa-wind-full/run0004/00/02/mvt_ID0000079.meta --insert /mnt/poseidon-data/poseidon/workflows/casa-wind-workflow-full/submit/poseidon/pegasus/casa-wind-full/run0004/00/02/register_condorpool_2_1.in",2.6,0,0,,,,,,,,,
stage_out_local_condorpool_3_2,None,transfer,0,1694232983.0,,,1694232988.0,,,0.0,1694232988.0,1694232993.0,,,0.0,1694232993.0,1694232998.0,5.0,,0.0,5.0,5.0,,,,,poseidon,local,poseidon-submit,pegasus::transfer,/mnt/poseidon-data/poseidon/pegasus-5.1.0panorama/bin/pegasus-transfer,/home/poseidon/pegasus-5.1.0panorama/bin/../bin/pegasus-kickstart  -n pegasus::transfer -N null -i - -R local  -L casa-wind-full -T 2023-09-08T07:29:05+00:00 /home/poseidon/pegasus-5.1.0panorama/bin/../bin/pegasus-transfer  --threads 2,0.8,0,0,,,,,,,,,
stage_out_local_condorpool_3_0,None,transfer,0,1694232993.0,,,1694232998.0,,,0.0,1694232999.0,1694233003.0,,,0.0,1694233003.0,1694233008.0,5.0,,1.0,4.0,5.0,,,,,poseidon,local,poseidon-submit,pegasus::transfer,/mnt/poseidon-data/poseidon/pegasus-5.1.0panorama/bin/pegasus-transfer,/home/poseidon/pegasus-5.1.0panorama/bin/../bin/pegasus-kickstart  -n pegasus::transfer -N null -i - -R local  -L casa-wind-full -T 2023-09-08T07:29:05+00:00 /home/poseidon/pegasus-5.1.0panorama/bin/../bin/pegasus-transfer  --threads 2,0.9,0,0,,,,,,,,,
stage_out_local_condorpool_3_1,None,transfer,0,1694232993.0,,,1694232998.0,,,0.0,1694232999.0,1694233003.0,,,0.0,1694233003.0,1694233008.0,5.0,,1.0,4.0,5.0,,,,,poseidon,local,poseidon-submit,pegasus::transfer,/mnt/poseidon-data/poseidon/pegasus-5.1.0panorama/bin/pegasus-transfer,/home/poseidon/pegasus-5.1.0panorama/bin/../bin/pegasus-kickstart  -n pegasus::transfer -N null -i - -R local  -L casa-wind-full -T 2023-09-08T07:29:05+00:00 /home/poseidon/pegasus-5.1.0panorama/bin/../bin/pegasus-transfer  --threads 2,0.9,0,0,,,,,,,,,
register_condorpool_3_2,None,auxiliary,0,1694232998.0,,,1694233003.0,,,0.0,1694233004.0,1694233008.0,,,0.0,1694233008.0,1694233013.0,5.0,,1.0,4.0,5.0,,,,,poseidon,local,poseidon-submit,pegasus::rc-client,/mnt/poseidon-data/poseidon/pegasus-5.1.0panorama/bin/pegasus-rc-client,"-n pegasus::rc-client -N null -R local  -L casa-wind-full -T 2023-09-08T07:29:05+00:00 /home/poseidon/pegasus-5.1.0panorama/bin/pegasus-rc-client --prefix pegasus.catalog.replica.output --conf /mnt/poseidon-data/poseidon/workflows/casa-wind-workflow-full/submit/poseidon/pegasus/casa-wind-full/run0004/pegasus.8620170017318805708.properties -v --meta /mnt/poseidon-data/poseidon/workflows/casa-wind-workflow-full/submit/poseidon/pegasus/casa-wind-full/run0004/00/03/point_alert_ID0000110.meta,/mnt/poseidon-data/poseidon/workflows/casa-wind-workflow-full/submit/poseidon/pegasus/casa-wind-full/run0004/00/03/point_alert_ID0000055.meta,/mnt/poseidon-data/poseidon/workflows/casa-wind-workflow-full/submit/poseidon/pegasus/casa-wind-full/run0004/00/02/point_alert_ID0000115.meta,/mnt/poseidon-data/poseidon/workflows/casa-wind-workflow-full/submit/poseidon/pegasus/casa-wind-full/run0004/00/02/point_alert_ID0000120.meta,/mnt/poseidon-data/poseidon/workflows/casa-wind-workflow-full/submit/poseidon/pegasus/casa-wind-full/run0004/00/02/point_alert_ID0000035.meta,/mnt/poseidon-data/poseidon/workflows/casa-wind-workflow-full/submit/poseidon/pegasus/casa-wind-full/run0004/00/02/point_alert_ID0000015.meta,/mnt/poseidon-data/poseidon/workflows/casa-wind-workflow-full/submit/poseidon/pegasus/casa-wind-full/run0004/00/02/point_alert_ID0000065.meta,/mnt/poseidon-data/poseidon/workflows/casa-wind-workflow-full/submit/poseidon/pegasus/casa-wind-full/run0004/00/02/point_alert_ID0000005.meta --insert /mnt/poseidon-data/poseidon/workflows/casa-wind-workflow-full/submit/poseidon/pegasus/casa-wind-full/run0004/00/03/register_condorpool_3_2.in",2.7,0,0,,,,,,,,,
cleanup_casa-wind-full_0_condorpool,None,auxiliary,0,1694233008.0,,,1694233013.0,,,0.0,1694233013.0,1694233018.0,,,0.0,1694233018.0,1694233023.0,5.0,,0.0,5.0,5.0,,,,,poseidon,local,poseidon-submit,pegasus::cleanup,/mnt/poseidon-data/poseidon/pegasus-5.1.0panorama/bin/pegasus-transfer,pegasus-kickstart  -n pegasus::cleanup -N null -i - -R local  -L casa-wind-full -T 2023-09-08T07:29:05+00:00 pegasus-transfer,0.2,0,0,,,,,,,,,
register_condorpool_3_0,None,auxiliary,0,1694233008.0,,,1694233013.0,,,0.0,1694233013.0,1694233018.0,,,0.0,1694233018.0,1694233023.0,5.0,,0.0,5.0,5.0,,,,,poseidon,local,poseidon-submit,pegasus::rc-client,/mnt/poseidon-data/poseidon/pegasus-5.1.0panorama/bin/pegasus-rc-client,"-n pegasus::rc-client -N null -R local  -L casa-wind-full -T 2023-09-08T07:29:05+00:00 /home/poseidon/pegasus-5.1.0panorama/bin/pegasus-rc-client --prefix pegasus.catalog.replica.output --conf /mnt/poseidon-data/poseidon/workflows/casa-wind-workflow-full/submit/poseidon/pegasus/casa-wind-full/run0004/pegasus.8620170017318805708.properties -v --meta /mnt/poseidon-data/poseidon/workflows/casa-wind-workflow-full/submit/poseidon/pegasus/casa-wind-full/run0004/00/02/point_alert_ID0000125.meta,/mnt/poseidon-data/poseidon/workflows/casa-wind-workflow-full/submit/poseidon/pegasus/casa-wind-full/run0004/00/02/point_alert_ID0000095.meta,/mnt/poseidon-data/poseidon/workflows/casa-wind-workflow-full/submit/poseidon/pegasus/casa-wind-full/run0004/00/03/point_alert_ID0000060.meta,/mnt/poseidon-data/poseidon/workflows/casa-wind-workflow-full/submit/poseidon/pegasus/casa-wind-full/run0004/00/02/point_alert_ID0000030.meta,/mnt/poseidon-data/poseidon/workflows/casa-wind-workflow-full/submit/poseidon/pegasus/casa-wind-full/run0004/00/02/point_alert_ID0000025.meta,/mnt/poseidon-data/poseidon/workflows/casa-wind-workflow-full/submit/poseidon/pegasus/casa-wind-full/run0004/00/03/point_alert_ID0000045.meta,/mnt/poseidon-data/poseidon/workflows/casa-wind-workflow-full/submit/poseidon/pegasus/casa-wind-full/run0004/00/02/point_alert_ID0000130.meta,/mnt/poseidon-data/poseidon/workflows/casa-wind-workflow-full/submit/poseidon/pegasus/casa-wind-full/run0004/00/02/point_alert_ID0000070.meta,/mnt/poseidon-data/poseidon/workflows/casa-wind-workflow-full/submit/poseidon/pegasus/casa-wind-full/run0004/00/02/point_alert_ID0000080.meta --insert /mnt/poseidon-data/poseidon/workflows/casa-wind-workflow-full/submit/poseidon/pegasus/casa-wind-full/run0004/00/03/register_condorpool_3_0.in",2.7,0,0,,,,,,,,,
register_condorpool_3_1,None,auxiliary,0,1694233008.0,,,1694233023.0,,,0.0,1694233023.0,1694233028.0,,,0.0,1694233028.0,1694233033.0,15.0,,0.0,5.0,5.0,,,,,poseidon,local,poseidon-submit,pegasus::rc-client,/mnt/poseidon-data/poseidon/pegasus-5.1.0panorama/bin/pegasus-rc-client,"-n pegasus::rc-client -N null -R local  -L casa-wind-full -T 2023-09-08T07:29:05+00:00 /home/poseidon/pegasus-5.1.0panorama/bin/pegasus-rc-client --prefix pegasus.catalog.replica.output --conf /mnt/poseidon-data/poseidon/workflows/casa-wind-workflow-full/submit/poseidon/pegasus/casa-wind-full/run0004/pegasus.8620170017318805708.properties -v --meta /mnt/poseidon-data/poseidon/workflows/casa-wind-workflow-full/submit/poseidon/pegasus/casa-wind-full/run0004/00/02/point_alert_ID0000010.meta,/mnt/poseidon-data/poseidon/workflows/casa-wind-workflow-full/submit/poseidon/pegasus/casa-wind-full/run0004/00/02/point_alert_ID0000090.meta,/mnt/poseidon-data/poseidon/workflows/casa-wind-workflow-full/submit/poseidon/pegasus/casa-wind-full/run0004/00/02/point_alert_ID0000085.meta,/mnt/poseidon-data/poseidon/workflows/casa-wind-workflow-full/submit/poseidon/pegasus/casa-wind-full/run0004/00/02/point_alert_ID0000075.meta,/mnt/poseidon-data/poseidon/workflows/casa-wind-workflow-full/submit/poseidon/pegasus/casa-wind-full/run0004/00/02/point_alert_ID0000100.meta,/mnt/poseidon-data/poseidon/workflows/casa-wind-workflow-full/submit/poseidon/pegasus/casa-wind-full/run0004/00/03/point_alert_ID0000040.meta,/mnt/poseidon-data/poseidon/workflows/casa-wind-workflow-full/submit/poseidon/pegasus/casa-wind-full/run0004/00/02/point_alert_ID0000020.meta,/mnt/poseidon-data/poseidon/workflows/casa-wind-workflow-full/submit/poseidon/pegasus/casa-wind-full/run0004/00/03/point_alert_ID0000050.meta,/mnt/poseidon-data/poseidon/workflows/casa-wind-workflow-full/submit/poseidon/pegasus/casa-wind-full/run0004/00/03/point_alert_ID0000105.meta --insert /mnt/poseidon-data/poseidon/workflows/casa-wind-workflow-full/submit/poseidon/pegasus/casa-wind-full/run0004/00/03/register_condorpool_3_1.in",2.7,0,0,,,,,,,,,
