,anomaly_type,type,is_clustered,ready,pre_script_start,pre_script_end,submit,stage_in_start,stage_in_end,stage_in_effective_bytes_per_sec,execute_start,execute_end,stage_out_start,stage_out_end,stage_out_effective_bytes_per_sec,post_script_start,post_script_end,wms_delay,pre_script_delay,queue_delay,runtime,post_script_delay,stage_in_delay,stage_in_bytes,stage_out_delay,stage_out_bytes,kickstart_user,kickstart_site,kickstart_hostname,kickstart_transformations,kickstart_executables,kickstart_executables_argv,kickstart_executables_cpu_time,kickstart_status,kickstart_executables_exitcode,kickstart_online_iowait,kickstart_online_bytes_read,kickstart_online_bytes_written,kickstart_online_read_system_calls,kickstart_online_write_system_calls,kickstart_online_utime,kickstart_online_stime,kickstart_online_bytes_read_per_second,kickstart_online_bytes_written_per_second
create_dir_casa-wind-full_0_condorpool,None,auxiliary,0,1694253625.0,,,1694253627.0,,,0.0,1694253630.0,1694253637.0,,,0.0,1694253637.0,1694253642.0,2.0,,3.0,7.0,5.0,,,,,poseidon,local,poseidon-submit,pegasus::dirmanager,/mnt/poseidon-data/poseidon/pegasus-5.1.0panorama/bin/pegasus-transfer,pegasus-kickstart  -n pegasus::dirmanager -N null -i - -R local  -L casa-wind-full -T 2023-09-08T07:29:05+00:00 pegasus-transfer,0.2,0,0,,,,,,,,,
unzip_ID0000106,None,compute,0,1694253642.0,,,1694253647.0,1694253671.0,1694253678.0,37133085.0,1694253670.0,1694253712.0,1694253690.0,1694253705.0,34206945.0,1694253712.0,1694253717.0,5.0,,23.0,42.0,5.0,7.0,241199298.0,15.0,501821816.0,poseidon,condorpool,poseidon-worker-1-container-36-39,unzip,/usr/bin/gunzip,,4.1,0,0,,,,,,,,,
unzip_ID0000046,None,compute,0,1694253642.0,,,1694253647.0,1694253670.0,1694253676.0,35513202.0,1694253668.0,1694253707.0,1694253688.0,1694253697.0,56501199.0,1694253707.0,1694253712.0,5.0,,21.0,39.0,5.0,6.0,229692821.0,9.0,523855228.0,poseidon,condorpool,poseidon-worker-2-container-8-11,unzip,/usr/bin/gunzip,,3.9,0,0,,,,,,,,,
unzip_ID0000101,None,compute,0,1694253642.0,,,1694253647.0,1694253670.0,1694253679.0,26718432.0,1694253668.0,1694253717.0,1694253693.0,1694253708.0,37973132.0,1694253717.0,1694253722.0,5.0,,21.0,49.0,5.0,9.0,250988249.0,15.0,561551644.0,poseidon,condorpool,poseidon-worker-2-container-12-15,unzip,/usr/bin/gunzip,,4.4,0,0,,,,,,,,,
unzip_ID0000026,None,compute,0,1694253642.0,,,1694253647.0,1694253671.0,1694253679.0,27065324.0,1694253669.0,1694253717.0,1694253691.0,1694253711.0,26538425.0,1694253717.0,1694253722.0,5.0,,22.0,48.0,5.0,8.0,227963832.0,20.0,523917888.0,poseidon,condorpool,poseidon-worker-2-container-16-19,unzip,/usr/bin/gunzip,,4.0,0,0,,,,,,,,,
unzip_ID0000126,None,compute,0,1694253642.0,,,1694253647.0,1694253669.0,1694253678.0,29195994.0,1694253667.0,1694253707.0,1694253690.0,1694253701.0,46495529.0,1694253707.0,1694253712.0,5.0,,20.0,40.0,5.0,9.0,249343892.0,11.0,520618424.0,poseidon,condorpool,poseidon-worker-2-container-24-27,unzip,/usr/bin/gunzip,,4.1,0,0,,,,,,,,,
unzip_ID0000031,None,compute,0,1694253642.0,,,1694253647.0,1694253670.0,1694253679.0,26060541.0,1694253668.0,1694253717.0,1694253692.0,1694253709.0,31202340.0,1694253717.0,1694253722.0,5.0,,21.0,49.0,5.0,9.0,237517035.0,17.0,539438752.0,poseidon,condorpool,poseidon-worker-2-container-20-23,unzip,/usr/bin/gunzip,,4.1,0,0,,,,,,,,,
unzip_ID0000076,None,compute,0,1694253642.0,,,1694253647.0,1694253670.0,1694253678.0,28422669.0,1694253669.0,1694253712.0,1694253690.0,1694253705.0,35919467.0,1694253712.0,1694253717.0,5.0,,22.0,43.0,5.0,8.0,233747923.0,15.0,523942844.0,poseidon,condorpool,poseidon-worker-2-container-28-31,unzip,/usr/bin/gunzip,,4.1,0,0,,,,,,,,,
unzip_ID0000011,None,compute,0,1694253642.0,,,1694253647.0,1694253670.0,1694253679.0,24052257.0,1694253668.0,1694253712.0,1694253692.0,1694253707.0,38831075.0,1694253712.0,1694253717.0,5.0,,21.0,44.0,5.0,9.0,235998389.0,15.0,565205920.0,poseidon,condorpool,poseidon-worker-2-container-0-3,unzip,/usr/bin/gunzip,,4.2,0,0,,,,,,,,,
unzip_ID0000056,None,compute,0,1694253642.0,,,1694253647.0,1694253670.0,1694253678.0,29127898.0,1694253668.0,1694253712.0,1694253690.0,1694253707.0,32818373.0,1694253712.0,1694253717.0,5.0,,21.0,44.0,5.0,8.0,232139969.0,17.0,528026776.0,poseidon,condorpool,poseidon-worker-1-container-4-7,unzip,/usr/bin/gunzip,,4.1,0,0,,,,,,,,,
unzip_ID0000111,None,compute,0,1694253642.0,,,1694253647.0,1694253670.0,1694253680.0,23830793.0,1694253668.0,1694253717.0,1694253693.0,1694253708.0,40008098.0,1694253717.0,1694253722.0,5.0,,21.0,49.0,5.0,10.0,256320311.0,15.0,567950764.0,poseidon,condorpool,poseidon-worker-1-container-8-11,unzip,/usr/bin/gunzip,,4.4,0,0,,,,,,,,,
unzip_ID0000071,None,compute,0,1694253642.0,,,1694253647.0,1694253669.0,1694253679.0,24840790.0,1694253667.0,1694253722.0,1694253692.0,1694253716.0,21993215.0,1694253722.0,1694253727.0,5.0,,20.0,55.0,5.0,10.0,240896692.0,24.0,539506600.0,poseidon,condorpool,poseidon-worker-1-container-20-23,unzip,/usr/bin/gunzip,,4.2,0,0,,,,,,,,,
unzip_ID0000051,None,compute,0,1694253642.0,,,1694253647.0,1694253670.0,1694253679.0,26797863.0,1694253668.0,1694253717.0,1694253691.0,1694253709.0,30884794.0,1694253717.0,1694253722.0,5.0,,21.0,49.0,5.0,9.0,239630266.0,18.0,544301296.0,poseidon,condorpool,poseidon-worker-2-container-40-43,unzip,/usr/bin/gunzip,,4.2,0,0,,,,,,,,,
unzip_ID0000006,None,compute,0,1694253642.0,,,1694253647.0,1694253672.0,1694253681.0,25204642.0,1694253671.0,1694253717.0,1694253693.0,1694253709.0,33113102.0,1694253717.0,1694253722.0,5.0,,24.0,46.0,5.0,9.0,222753803.0,16.0,501616588.0,poseidon,condorpool,poseidon-worker-1-container-44-47,unzip,/usr/bin/gunzip,,3.8,0,0,,,,,,,,,
unzip_ID0000091,None,compute,0,1694253642.0,,,1694253647.0,1694253670.0,1694253678.0,29127123.0,1694253668.0,1694253712.0,1694253691.0,1694253707.0,35307251.0,1694253712.0,1694253717.0,5.0,,21.0,44.0,5.0,8.0,246447087.0,16.0,539109992.0,poseidon,condorpool,poseidon-worker-1-container-16-19,unzip,/usr/bin/gunzip,,4.2,0,0,,,,,,,,,
unzip_ID0000096,None,compute,0,1694253642.0,,,1694253647.0,1694253669.0,1694253678.0,27052912.0,1694253667.0,1694253712.0,1694253690.0,1694253702.0,43057872.0,1694253712.0,1694253717.0,5.0,,20.0,45.0,5.0,9.0,240753402.0,12.0,524013876.0,poseidon,condorpool,poseidon-worker-1-container-24-27,unzip,/usr/bin/gunzip,,4.2,0,0,,,,,,,,,
unzip_ID0000041,None,compute,0,1694253642.0,,,1694253647.0,1694253670.0,1694253679.0,26759147.0,1694253668.0,1694253717.0,1694253691.0,1694253708.0,32330951.0,1694253717.0,1694253722.0,5.0,,21.0,49.0,5.0,9.0,238944758.0,17.0,540768928.0,poseidon,condorpool,poseidon-worker-1-container-44-47,unzip,/usr/bin/gunzip,,4.2,0,0,,,,,,,,,
unzip_ID0000061,None,compute,0,1694253642.0,,,1694253647.0,1694253670.0,1694253678.0,28770275.0,1694253668.0,1694253712.0,1694253690.0,1694253702.0,43902479.0,1694253712.0,1694253717.0,5.0,,21.0,44.0,5.0,8.0,240463185.0,12.0,541945820.0,poseidon,condorpool,poseidon-worker-1-container-0-3,unzip,/usr/bin/gunzip,,4.1,0,0,,,,,,,,,
unzip_ID0000001,None,compute,0,1694253642.0,,,1694253647.0,1694253669.0,1694253678.0,28201391.0,1694253667.0,1694253707.0,1694253690.0,1694253701.0,48395224.0,1694253707.0,1694253712.0,5.0,,20.0,40.0,5.0,9.0,232473216.0,11.0,561354992.0,poseidon,condorpool,poseidon-worker-1-container-28-31,unzip,/usr/bin/gunzip,,4.1,0,0,,,,,,,,,
unzip_ID0000121,None,compute,0,1694253642.0,,,1694253647.0,1694253674.0,1694253682.0,29762642.0,1694253672.0,1694253717.0,1694253696.0,1694253709.0,43309023.0,1694253717.0,1694253722.0,5.0,,25.0,45.0,5.0,8.0,250860096.0,13.0,550782944.0,poseidon,condorpool,poseidon-worker-2-container-44-47,unzip,/usr/bin/gunzip,,4.3,0,0,,,,,,,,,
unzip_ID0000081,None,compute,0,1694253642.0,,,1694253647.0,1694253669.0,1694253676.0,35186968.0,1694253667.0,1694253707.0,1694253689.0,1694253701.0,45525662.0,1694253707.0,1694253712.0,5.0,,20.0,40.0,5.0,7.0,245619741.0,12.0,543190672.0,poseidon,condorpool,poseidon-worker-1-container-36-39,unzip,/usr/bin/gunzip,,4.2,0,0,,,,,,,,,
unzip_ID0000021,None,compute,0,1694253642.0,,,1694253647.0,1694253669.0,1694253680.0,21364541.0,1694253667.0,1694253717.0,1694253693.0,1694253707.0,37221860.0,1694253717.0,1694253722.0,5.0,,20.0,50.0,5.0,11.0,235136662.0,14.0,539178100.0,poseidon,condorpool,poseidon-worker-2-container-32-35,unzip,/usr/bin/gunzip,,4.1,0,0,,,,,,,,,
unzip_ID0000086,None,compute,0,1694253642.0,,,1694253647.0,1694253669.0,1694253679.0,25032231.0,1694253668.0,1694253707.0,1694253690.0,1694253701.0,46979080.0,1694253707.0,1694253712.0,5.0,,21.0,39.0,5.0,10.0,234836668.0,11.0,518838800.0,poseidon,condorpool,poseidon-worker-1-container-12-15,unzip,/usr/bin/gunzip,,3.9,0,0,,,,,,,,,
unzip_ID0000016,None,compute,0,1694253642.0,,,1694253647.0,1694253669.0,1694253679.0,24348370.0,1694253667.0,1694253712.0,1694253691.0,1694253707.0,32848502.0,1694253712.0,1694253717.0,5.0,,20.0,45.0,5.0,10.0,225238888.0,16.0,523826084.0,poseidon,condorpool,poseidon-worker-1-container-32-35,unzip,/usr/bin/gunzip,,4.0,0,0,,,,,,,,,
unzip_ID0000036,None,compute,0,1694253642.0,,,1694253647.0,1694253669.0,1694253678.0,27893327.0,1694253668.0,1694253712.0,1694253689.0,1694253702.0,42003357.0,1694253712.0,1694253717.0,5.0,,21.0,44.0,5.0,9.0,232020704.0,13.0,526952240.0,poseidon,condorpool,poseidon-worker-2-container-36-39,unzip,/usr/bin/gunzip,,4.0,0,0,,,,,,,,,
unzip_ID0000116,None,compute,0,1694253642.0,,,1694253647.0,1694253669.0,1694253678.0,29270826.0,1694253668.0,1694253712.0,1694253690.0,1694253702.0,44586113.0,1694253712.0,1694253717.0,5.0,,21.0,44.0,5.0,9.0,249255741.0,12.0,520850676.0,poseidon,condorpool,poseidon-worker-2-container-4-7,unzip,/usr/bin/gunzip,,4.2,0,0,,,,,,,,,
unzip_ID0000066,None,compute,0,1694253642.0,,,1694253647.0,1694253669.0,1694253677.0,31507095.0,1694253667.0,1694253707.0,1694253689.0,1694253699.0,52233163.0,1694253707.0,1694253712.0,5.0,,20.0,40.0,5.0,8.0,232031705.0,10.0,523661496.0,poseidon,condorpool,poseidon-worker-1-container-40-43,unzip,/usr/bin/gunzip,,4.0,0,0,,,,,,,,,
um_vel_ID0000082,None,compute,0,1694253712.0,,,1694253717.0,1694253719.0,1694253739.0,50784146.4,1694253718.0,1694253762.0,1694253749.0,1694253752.0,174402.0,1694253762.0,1694253767.0,5.0,,1.0,44.0,5.0,20.0,719777424.0,3.0,556900.0,poseidon,condorpool,poseidon-worker-2-container-28-31,um_vel,/opt/UM_VEL/UM_VEL,,1.7,0,0,,,,,,,,,
um_vel_ID0000047,None,compute,0,1694253712.0,,,1694253717.0,1694253720.0,1694253740.0,46492231.9,1694253718.0,1694253762.0,1694253749.0,1694253752.0,174266.0,1694253762.0,1694253767.0,5.0,,1.0,44.0,5.0,20.0,700441980.0,3.0,556900.0,poseidon,condorpool,poseidon-worker-1-container-0-3,um_vel,/opt/UM_VEL/UM_VEL,,1.7,0,0,,,,,,,,,
um_vel_ID0000127,None,compute,0,1694253712.0,,,1694253717.0,1694253720.0,1694253740.0,49468375.7,1694253718.0,1694253762.0,1694253749.0,1694253752.0,170533.0,1694253762.0,1694253767.0,5.0,,1.0,44.0,5.0,20.0,697205176.0,3.0,556900.0,poseidon,condorpool,poseidon-worker-1-container-36-39,um_vel,/opt/UM_VEL/UM_VEL,,1.8,0,0,,,,,,,,,
um_vel_ID0000002,None,compute,0,1694253712.0,,,1694253717.0,1694253720.0,1694253741.0,47918608.7,1694253718.0,1694253762.0,1694253750.0,1694253753.0,175908.0,1694253762.0,1694253767.0,5.0,,1.0,44.0,5.0,21.0,737941744.0,3.0,556900.0,poseidon,condorpool,poseidon-worker-1-container-28-31,um_vel,/opt/UM_VEL/UM_VEL,,1.8,0,0,,,,,,,,,
um_vel_ID0000067,None,compute,0,1694253712.0,,,1694253717.0,1694253720.0,1694253740.0,47386413.4,1694253718.0,1694253762.0,1694253749.0,1694253752.0,173438.0,1694253762.0,1694253767.0,5.0,,1.0,44.0,5.0,20.0,700248248.0,3.0,556900.0,poseidon,condorpool,poseidon-worker-1-container-12-15,um_vel,/opt/UM_VEL/UM_VEL,,1.7,0,0,,,,,,,,,
um_vel_ID0000087,None,compute,0,1694253712.0,,,1694253717.0,1694253720.0,1694253739.0,51385453.3,1694253718.0,1694253757.0,1694253748.0,1694253751.0,174438.0,1694253757.0,1694253762.0,5.0,,1.0,39.0,5.0,19.0,695425552.0,3.0,556900.0,poseidon,condorpool,poseidon-worker-1-container-44-47,um_vel,/opt/UM_VEL/UM_VEL,,1.7,0,0,,,,,,,,,
um_vel_ID0000092,None,compute,0,1694253717.0,,,1694253722.0,1694253726.0,1694253748.0,44060753.2,1694253724.0,1694253767.0,1694253756.0,1694253759.0,176734.0,1694253767.0,1694253772.0,5.0,,2.0,43.0,5.0,22.0,715696744.0,3.0,556900.0,poseidon,condorpool,poseidon-worker-1-container-24-27,um_vel,/opt/UM_VEL/UM_VEL,,1.7,0,0,,,,,,,,,
um_vel_ID0000057,None,compute,0,1694253717.0,,,1694253722.0,1694253725.0,1694253746.0,47488145.5,1694253724.0,1694253767.0,1694253755.0,1694253758.0,177086.0,1694253767.0,1694253772.0,5.0,,2.0,43.0,5.0,21.0,704613528.0,3.0,556900.0,poseidon,condorpool,poseidon-worker-2-container-40-43,um_vel,/opt/UM_VEL/UM_VEL,,1.7,0,0,,,,,,,,,
um_vel_ID0000097,None,compute,0,1694253717.0,,,1694253722.0,1694253725.0,1694253746.0,47514703.8,1694253724.0,1694253767.0,1694253755.0,1694253758.0,173871.0,1694253767.0,1694253772.0,5.0,,2.0,43.0,5.0,21.0,700600628.0,3.0,556900.0,poseidon,condorpool,poseidon-worker-2-container-12-15,um_vel,/opt/UM_VEL/UM_VEL,,1.7,0,0,,,,,,,,,
um_vel_ID0000117,None,compute,0,1694253717.0,,,1694253722.0,1694253725.0,1694253745.0,49897861.8,1694253723.0,1694253767.0,1694253754.0,1694253757.0,175234.0,1694253767.0,1694253772.0,5.0,,1.0,44.0,5.0,20.0,697437428.0,3.0,556900.0,poseidon,condorpool,poseidon-worker-2-container-8-11,um_vel,/opt/UM_VEL/UM_VEL,,1.7,0,0,,,,,,,,,
um_vel_ID0000062,None,compute,0,1694253717.0,,,1694253722.0,1694253725.0,1694253746.0,47286881.6,1694253724.0,1694253767.0,1694253755.0,1694253758.0,175881.0,1694253767.0,1694253772.0,5.0,,2.0,43.0,5.0,21.0,718532572.0,3.0,556900.0,poseidon,condorpool,poseidon-worker-2-container-16-19,um_vel,/opt/UM_VEL/UM_VEL,,1.7,0,0,,,,,,,,,
um_vel_ID0000017,None,compute,0,1694253717.0,,,1694253722.0,1694253725.0,1694253744.0,53948193.5,1694253723.0,1694253762.0,1694253753.0,1694253756.0,178577.0,1694253762.0,1694253767.0,5.0,,1.0,39.0,5.0,19.0,700412836.0,3.0,556900.0,poseidon,condorpool,poseidon-worker-2-container-24-27,um_vel,/opt/UM_VEL/UM_VEL,,1.7,0,0,,,,,,,,,
um_vel_ID0000012,None,compute,0,1694253717.0,,,1694253722.0,1694253725.0,1694253745.0,53272438.5,1694253724.0,1694253767.0,1694253754.0,1694253757.0,176822.0,1694253767.0,1694253772.0,5.0,,2.0,43.0,5.0,20.0,741792672.0,3.0,556900.0,poseidon,condorpool,poseidon-worker-1-container-32-35,um_vel,/opt/UM_VEL/UM_VEL,,1.7,0,0,,,,,,,,,
um_vel_ID0000107,None,compute,0,1694253717.0,,,1694253722.0,1694253725.0,1694253746.0,46283073.0,1694253724.0,1694253767.0,1694253755.0,1694253758.0,176503.0,1694253767.0,1694253772.0,5.0,,2.0,43.0,5.0,21.0,678408568.0,3.0,556900.0,poseidon,condorpool,poseidon-worker-2-container-32-35,um_vel,/opt/UM_VEL/UM_VEL,,1.6,0,0,,,,,,,,,
um_vel_ID0000037,None,compute,0,1694253717.0,,,1694253722.0,1694253725.0,1694253747.0,44627814.8,1694253724.0,1694253767.0,1694253756.0,1694253759.0,175078.0,1694253767.0,1694253772.0,5.0,,2.0,43.0,5.0,22.0,703538992.0,3.0,556900.0,poseidon,condorpool,poseidon-worker-1-container-44-47,um_vel,/opt/UM_VEL/UM_VEL,,1.7,0,0,,,,,,,,,
um_vel_ID0000077,None,compute,0,1694253717.0,,,1694253722.0,1694253725.0,1694253745.0,50769843.9,1694253723.0,1694253762.0,1694253753.0,1694253757.0,176224.0,1694253762.0,1694253767.0,5.0,,1.0,39.0,5.0,20.0,700529596.0,4.0,556900.0,poseidon,condorpool,poseidon-worker-1-container-20-23,um_vel,/opt/UM_VEL/UM_VEL,,1.7,0,0,,,,,,,,,
um_vel_ID0000102,None,compute,0,1694253722.0,,,1694253727.0,1694253730.0,1694253751.0,47799642.6,1694253728.0,1694253772.0,1694253759.0,1694253763.0,176004.0,1694253772.0,1694253777.0,5.0,,1.0,44.0,5.0,21.0,738138396.0,4.0,556900.0,poseidon,condorpool,poseidon-worker-1-container-4-7,um_vel,/opt/UM_VEL/UM_VEL,,1.7,0,0,,,,,,,,,
um_vel_ID0000027,None,compute,0,1694253722.0,,,1694253727.0,1694253730.0,1694253751.0,45520685.6,1694253728.0,1694253772.0,1694253759.0,1694253762.0,174676.0,1694253772.0,1694253777.0,5.0,,1.0,44.0,5.0,21.0,700504640.0,3.0,556900.0,poseidon,condorpool,poseidon-worker-2-container-20-23,um_vel,/opt/UM_VEL/UM_VEL,,1.7,0,0,,,,,,,,,
um_vel_ID0000032,None,compute,0,1694253722.0,,,1694253727.0,1694253730.0,1694253750.0,49296614.4,1694253728.0,1694253772.0,1694253759.0,1694253762.0,176115.0,1694253772.0,1694253777.0,5.0,,1.0,44.0,5.0,20.0,716025504.0,3.0,556900.0,poseidon,condorpool,poseidon-worker-2-container-36-39,um_vel,/opt/UM_VEL/UM_VEL,,1.7,0,0,,,,,,,,,
um_vel_ID0000022,None,compute,0,1694253722.0,,,1694253727.0,1694253730.0,1694253750.0,47306301.8,1694253728.0,1694253772.0,1694253759.0,1694253762.0,173985.0,1694253772.0,1694253777.0,5.0,,1.0,44.0,5.0,20.0,715764852.0,3.0,556900.0,poseidon,condorpool,poseidon-worker-1-container-8-11,um_vel,/opt/UM_VEL/UM_VEL,,1.7,0,0,,,,,,,,,
um_vel_ID0000007,None,compute,0,1694253722.0,,,1694253727.0,1694253730.0,1694253750.0,48239905.8,1694253728.0,1694253767.0,1694253758.0,1694253761.0,173559.0,1694253767.0,1694253772.0,5.0,,1.0,39.0,5.0,20.0,678203340.0,3.0,556900.0,poseidon,condorpool,poseidon-worker-2-container-4-7,um_vel,/opt/UM_VEL/UM_VEL,,1.7,0,0,,,,,,,,,
um_vel_ID0000052,None,compute,0,1694253722.0,,,1694253727.0,1694253730.0,1694253750.0,50813586.8,1694253728.0,1694253772.0,1694253758.0,1694253761.0,171985.0,1694253772.0,1694253777.0,5.0,,1.0,44.0,5.0,20.0,720888048.0,3.0,556900.0,poseidon,condorpool,poseidon-worker-1-container-40-43,um_vel,/opt/UM_VEL/UM_VEL,,1.7,0,0,,,,,,,,,
um_vel_ID0000122,None,compute,0,1694253722.0,,,1694253727.0,1694253731.0,1694253750.0,53594133.8,1694253729.0,1694253772.0,1694253759.0,1694253762.0,172838.0,1694253772.0,1694253777.0,5.0,,2.0,43.0,5.0,19.0,727369696.0,3.0,556900.0,poseidon,condorpool,poseidon-worker-2-container-44-47,um_vel,/opt/UM_VEL/UM_VEL,,1.8,0,0,,,,,,,,,
um_vel_ID0000042,None,compute,0,1694253722.0,,,1694253727.0,1694253730.0,1694253750.0,48726994.0,1694253728.0,1694253772.0,1694253758.0,1694253762.0,174957.0,1694253772.0,1694253777.0,5.0,,1.0,44.0,5.0,20.0,717355680.0,4.0,556900.0,poseidon,condorpool,poseidon-worker-1-container-36-39,um_vel,/opt/UM_VEL/UM_VEL,,1.7,0,0,,,,,,,,,
um_vel_ID0000112,None,compute,0,1694253722.0,,,1694253727.0,1694253730.0,1694253750.0,49503142.2,1694253728.0,1694253772.0,1694253759.0,1694253762.0,175084.0,1694253772.0,1694253777.0,5.0,,1.0,44.0,5.0,20.0,744537516.0,3.0,556900.0,poseidon,condorpool,poseidon-worker-2-container-0-3,um_vel,/opt/UM_VEL/UM_VEL,,1.7,0,0,,,,,,,,,
stage_out_local_condorpool_0_2,None,transfer,0,1694253727.0,,,1694253732.0,,,0.0,1694253733.0,1694253767.0,,,0.0,1694253767.0,1694253772.0,5.0,,1.0,34.0,5.0,,,,,poseidon,local,poseidon-submit,pegasus::transfer,/mnt/poseidon-data/poseidon/pegasus-5.1.0panorama/bin/pegasus-transfer,/home/poseidon/pegasus-5.1.0panorama/bin/../bin/pegasus-kickstart  -n pegasus::transfer -N null -i - -R local  -L casa-wind-full -T 2023-09-08T07:29:05+00:00 /home/poseidon/pegasus-5.1.0panorama/bin/../bin/pegasus-transfer  --threads 2,36.2,0,0,,,,,,,,,
um_vel_ID0000072,None,compute,0,1694253727.0,,,1694253732.0,1694253735.0,1694253756.0,46196344.6,1694253733.0,1694253777.0,1694253764.0,1694253767.0,177466.0,1694253777.0,1694253782.0,5.0,,1.0,44.0,5.0,21.0,716093352.0,3.0,556900.0,poseidon,condorpool,poseidon-worker-1-container-16-19,um_vel,/opt/UM_VEL/UM_VEL,,1.6,0,0,,,,,,,,,
stage_out_local_condorpool_0_0,None,transfer,0,1694253727.0,,,1694253732.0,,,0.0,1694253733.0,1694253767.0,,,0.0,1694253767.0,1694253772.0,5.0,,1.0,34.0,5.0,,,,,poseidon,local,poseidon-submit,pegasus::transfer,/mnt/poseidon-data/poseidon/pegasus-5.1.0panorama/bin/pegasus-transfer,/home/poseidon/pegasus-5.1.0panorama/bin/../bin/pegasus-kickstart  -n pegasus::transfer -N null -i - -R local  -L casa-wind-full -T 2023-09-08T07:29:05+00:00 /home/poseidon/pegasus-5.1.0panorama/bin/../bin/pegasus-transfer  --threads 2,36.4,0,0,,,,,,,,,
stage_out_local_condorpool_0_1,None,transfer,0,1694253727.0,,,1694253732.0,,,0.0,1694253733.0,1694253767.0,,,0.0,1694253767.0,1694253772.0,5.0,,1.0,34.0,5.0,,,,,poseidon,local,poseidon-submit,pegasus::transfer,/mnt/poseidon-data/poseidon/pegasus-5.1.0panorama/bin/pegasus-transfer,/home/poseidon/pegasus-5.1.0panorama/bin/../bin/pegasus-kickstart  -n pegasus::transfer -N null -i - -R local  -L casa-wind-full -T 2023-09-08T07:29:05+00:00 /home/poseidon/pegasus-5.1.0panorama/bin/../bin/pegasus-transfer  --threads 2,35.6,0,0,,,,,,,,,
mvt_ID0000089,None,compute,0,1694253762.0,,,1694253767.0,1694253769.0,1694253781.0,27972217.2,1694253768.0,1694253837.0,1694253826.0,1694253829.0,15473.0,1694253837.0,1694253842.0,5.0,,1.0,69.0,5.0,12.0,177143652.0,3.0,48475.0,poseidon,condorpool,poseidon-worker-2-container-28-31,mvt,/opt/mvt/mvt,,39.9,0,0,0.0,791890.0,24576.0,428.0,6.0,29.9,0.1,26396.3,2457.6
post_vel_ID0000088,None,compute,0,1694253762.0,,,1694253767.0,1694253769.0,1694253780.0,35137356.4,1694253768.0,1694253797.0,1694253786.0,1694253789.0,3988.0,1694253797.0,1694253802.0,5.0,,1.0,29.0,5.0,11.0,177143937.0,3.0,12740.0,poseidon,condorpool,poseidon-worker-1-container-44-47,post_vel,/opt/netcdf2png/merged_netcdf2png,,0.1,0,0,,,,,,,,,
post_vel_ID0000048,None,compute,0,1694253767.0,,,1694253772.0,1694253775.0,1694253786.0,34805473.6,1694253773.0,1694253802.0,1694253792.0,1694253795.0,3288.0,1694253802.0,1694253807.0,5.0,,1.0,29.0,5.0,11.0,177143937.0,3.0,10371.0,poseidon,condorpool,poseidon-worker-2-container-24-27,post_vel,/opt/netcdf2png/merged_netcdf2png,,0.1,0,0,,,,,,,,,
mvt_ID0000069,None,compute,0,1694253767.0,,,1694253772.0,1694253775.0,1694253786.0,35020866.2,1694253773.0,1694253842.0,1694253831.0,1694253835.0,11345.0,1694253842.0,1694253847.0,5.0,,1.0,69.0,5.0,11.0,177143652.0,4.0,35309.0,poseidon,condorpool,poseidon-worker-1-container-28-31,mvt,/opt/mvt/mvt,,40.2,0,0,0.0,806623.0,16384.0,467.0,4.0,39.9,0.1,20165.6,819.2
post_vel_ID0000068,None,compute,0,1694253767.0,,,1694253772.0,1694253775.0,1694253787.0,27434591.3,1694253773.0,1694253802.0,1694253792.0,1694253796.0,3624.0,1694253802.0,1694253807.0,5.0,,1.0,29.0,5.0,12.0,177143937.0,4.0,11398.0,poseidon,condorpool,poseidon-worker-1-container-36-39,post_vel,/opt/netcdf2png/merged_netcdf2png,,0.1,0,0,,,,,,,,,
mvt_ID0000049,None,compute,0,1694253767.0,,,1694253772.0,1694253775.0,1694253787.0,28879556.4,1694253773.0,1694253842.0,1694253832.0,1694253835.0,7790.0,1694253842.0,1694253847.0,5.0,,1.0,69.0,5.0,12.0,177143652.0,3.0,24108.0,poseidon,condorpool,poseidon-worker-1-container-44-47,mvt,/opt/mvt/mvt,,40.2,0,0,0.0,831432.0,12288.0,521.0,3.0,39.8,0.1,20785.8,1228.8
post_vel_ID0000128,None,compute,0,1694253767.0,,,1694253772.0,1694253775.0,1694253786.0,34936603.4,1694253773.0,1694253802.0,1694253792.0,1694253795.0,4591.0,1694253802.0,1694253807.0,5.0,,1.0,29.0,5.0,11.0,177143937.0,3.0,14512.0,poseidon,condorpool,poseidon-worker-1-container-24-27,post_vel,/opt/netcdf2png/merged_netcdf2png,,0.1,0,0,,,,,,,,,
mvt_ID0000004,None,compute,0,1694253767.0,,,1694253772.0,1694253775.0,1694253786.0,34308691.4,1694253774.0,1694253842.0,1694253832.0,1694253835.0,9295.0,1694253842.0,1694253847.0,5.0,,2.0,68.0,5.0,11.0,177143652.0,3.0,28781.0,poseidon,condorpool,poseidon-worker-2-container-8-11,mvt,/opt/mvt/mvt,,39.9,0,0,0.0,800039.0,16384.0,446.0,4.0,29.9,0.1,26668.0,819.2
post_vel_ID0000003,None,compute,0,1694253767.0,,,1694253772.0,1694253775.0,1694253787.0,27816901.8,1694253773.0,1694253802.0,1694253792.0,1694253795.0,3481.0,1694253802.0,1694253807.0,5.0,,1.0,29.0,5.0,12.0,177143937.0,3.0,10865.0,poseidon,condorpool,poseidon-worker-1-container-0-3,post_vel,/opt/netcdf2png/merged_netcdf2png,,0.1,0,0,,,,,,,,,
mvt_ID0000129,None,compute,0,1694253767.0,,,1694253772.0,1694253775.0,1694253787.0,27413916.3,1694253773.0,1694253842.0,1694253832.0,1694253835.0,20579.0,1694253842.0,1694253847.0,5.0,,1.0,69.0,5.0,12.0,177143652.0,3.0,64489.0,poseidon,condorpool,poseidon-worker-2-container-32-35,mvt,/opt/mvt/mvt,,39.8,0,0,0.0,800090.0,36864.0,446.0,9.0,29.9,0.1,26669.7,3686.4
mvt_ID0000079,None,compute,0,1694253767.0,,,1694253772.0,1694253775.0,1694253786.0,34022888.4,1694253773.0,1694253842.0,1694253830.0,1694253833.0,14638.0,1694253842.0,1694253847.0,5.0,,1.0,69.0,5.0,11.0,177143652.0,3.0,45337.0,poseidon,condorpool,poseidon-worker-1-container-32-35,mvt,/opt/mvt/mvt,,38.8,0,0,0.0,801461.0,24576.0,449.0,6.0,29.9,0.1,26715.4,1228.8
post_vel_ID0000078,None,compute,0,1694253767.0,,,1694253772.0,1694253775.0,1694253786.0,35037270.0,1694253773.0,1694253802.0,1694253791.0,1694253795.0,3905.0,1694253802.0,1694253807.0,5.0,,1.0,29.0,5.0,11.0,177143937.0,4.0,12264.0,poseidon,condorpool,poseidon-worker-2-container-16-19,post_vel,/opt/netcdf2png/merged_netcdf2png,,0.1,0,0,,,,,,,,,
mvt_ID0000084,None,compute,0,1694253767.0,,,1694253772.0,1694253775.0,1694253788.0,24527246.9,1694253773.0,1694253847.0,1694253834.0,1694253837.0,15383.0,1694253847.0,1694253852.0,5.0,,1.0,74.0,5.0,13.0,177143652.0,3.0,47998.0,poseidon,condorpool,poseidon-worker-1-container-20-23,mvt,/opt/mvt/mvt,,40.1,0,0,0.0,810703.0,24576.0,476.0,6.0,39.9,0.1,20267.6,1228.8
post_vel_ID0000083,None,compute,0,1694253767.0,,,1694253772.0,1694253775.0,1694253788.0,22592323.9,1694253773.0,1694253807.0,1694253794.0,1694253797.0,4107.0,1694253807.0,1694253812.0,5.0,,1.0,34.0,5.0,13.0,177143937.0,3.0,12720.0,poseidon,condorpool,poseidon-worker-1-container-12-15,post_vel,/opt/netcdf2png/merged_netcdf2png,,0.2,0,0,,,,,,,,,
mvt_ID0000019,None,compute,0,1694253767.0,,,1694253772.0,1694253775.0,1694253788.0,24007896.7,1694253774.0,1694253847.0,1694253833.0,1694253836.0,11787.0,1694253847.0,1694253852.0,5.0,,2.0,73.0,5.0,13.0,177143652.0,3.0,36245.0,poseidon,condorpool,poseidon-worker-2-container-40-43,mvt,/opt/mvt/mvt,,39.7,0,0,0.0,808292.0,20480.0,464.0,5.0,29.9,0.1,26943.1,1024.0
post_vel_ID0000018,None,compute,0,1694253767.0,,,1694253772.0,1694253775.0,1694253788.0,26036106.3,1694253774.0,1694253802.0,1694253793.0,1694253796.0,3795.0,1694253802.0,1694253807.0,5.0,,2.0,28.0,5.0,13.0,177143937.0,3.0,11645.0,poseidon,condorpool,poseidon-worker-2-container-12-15,post_vel,/opt/netcdf2png/merged_netcdf2png,,0.2,0,0,,,,,,,,,
mvt_ID0000014,None,compute,0,1694253772.0,,,1694253777.0,1694253780.0,1694253792.0,34994487.8,1694253779.0,1694253847.0,1694253837.0,1694253840.0,10304.0,1694253847.0,1694253852.0,5.0,,2.0,68.0,5.0,12.0,177143652.0,3.0,31991.0,poseidon,condorpool,poseidon-worker-1-container-40-43,mvt,/opt/mvt/mvt,,39.9,0,0,0.0,801473.0,16384.0,449.0,4.0,29.9,0.1,26715.8,819.2
post_vel_ID0000013,None,compute,0,1694253772.0,,,1694253777.0,1694253781.0,1694253792.0,33853535.4,1694253779.0,1694253807.0,1694253797.0,1694253801.0,3516.0,1694253807.0,1694253812.0,5.0,,2.0,28.0,5.0,11.0,177143937.0,4.0,11040.0,poseidon,condorpool,poseidon-worker-2-container-20-23,post_vel,/opt/netcdf2png/merged_netcdf2png,,0.1,0,0,,,,,,,,,
post_vel_ID0000108,None,compute,0,1694253772.0,,,1694253777.0,1694253780.0,1694253792.0,31873563.0,1694253779.0,1694253807.0,1694253797.0,1694253800.0,4484.0,1694253807.0,1694253812.0,5.0,,2.0,28.0,5.0,12.0,177143937.0,3.0,13907.0,poseidon,condorpool,poseidon-worker-2-container-36-39,post_vel,/opt/netcdf2png/merged_netcdf2png,,0.1,0,0,,,,,,,,,
register_condorpool_0_0,None,auxiliary,0,1694253772.0,,,1694253777.0,,,0.0,1694253779.0,1694253782.0,,,0.0,1694253782.0,1694253787.0,5.0,,2.0,3.0,5.0,,,,,poseidon,local,poseidon-submit,pegasus::rc-client,/mnt/poseidon-data/poseidon/pegasus-5.1.0panorama/bin/pegasus-rc-client,"-n pegasus::rc-client -N null -R local  -L casa-wind-full -T 2023-09-08T07:29:05+00:00 /home/poseidon/pegasus-5.1.0panorama/bin/pegasus-rc-client --prefix pegasus.catalog.replica.output --conf /mnt/poseidon-data/poseidon/workflows/casa-wind-workflow-full/submit/poseidon/pegasus/casa-wind-full/run0048/pegasus.5383513529809772013.properties -v --meta /mnt/poseidon-data/poseidon/workflows/casa-wind-workflow-full/submit/poseidon/pegasus/casa-wind-full/run0048/00/00/unzip_ID0000026.meta,/mnt/poseidon-data/poseidon/workflows/casa-wind-workflow-full/submit/poseidon/pegasus/casa-wind-full/run0048/00/00/unzip_ID0000061.meta,/mnt/poseidon-data/poseidon/workflows/casa-wind-workflow-full/submit/poseidon/pegasus/casa-wind-full/run0048/00/00/unzip_ID0000071.meta,/mnt/poseidon-data/poseidon/workflows/casa-wind-workflow-full/submit/poseidon/pegasus/casa-wind-full/run0048/00/00/unzip_ID0000041.meta,/mnt/poseidon-data/poseidon/workflows/casa-wind-workflow-full/submit/poseidon/pegasus/casa-wind-full/run0048/00/00/unzip_ID0000016.meta,/mnt/poseidon-data/poseidon/workflows/casa-wind-workflow-full/submit/poseidon/pegasus/casa-wind-full/run0048/00/00/unzip_ID0000111.meta,/mnt/poseidon-data/poseidon/workflows/casa-wind-workflow-full/submit/poseidon/pegasus/casa-wind-full/run0048/00/00/unzip_ID0000011.meta,/mnt/poseidon-data/poseidon/workflows/casa-wind-workflow-full/submit/poseidon/pegasus/casa-wind-full/run0048/00/00/unzip_ID0000081.meta,/mnt/poseidon-data/poseidon/workflows/casa-wind-workflow-full/submit/poseidon/pegasus/casa-wind-full/run0048/00/00/unzip_ID0000066.meta,/mnt/poseidon-data/poseidon/workflows/casa-wind-workflow-full/submit/poseidon/pegasus/casa-wind-full/run0048/00/00/unzip_ID0000096.meta,/mnt/poseidon-data/poseidon/workflows/casa-wind-workflow-full/submit/poseidon/pegasus/casa-wind-full/run0048/00/00/unzip_ID0000051.meta,/mnt/poseidon-data/poseidon/workflows/casa-wind-workflow-full/submit/poseidon/pegasus/casa-wind-full/run0048/00/00/unzip_ID0000031.meta,/mnt/poseidon-data/poseidon/workflows/casa-wind-workflow-full/submit/poseidon/pegasus/casa-wind-full/run0048/00/00/unzip_ID0000116.meta,/mnt/poseidon-data/poseidon/workflows/casa-wind-workflow-full/submit/poseidon/pegasus/casa-wind-full/run0048/00/00/unzip_ID0000101.meta,/mnt/poseidon-data/poseidon/workflows/casa-wind-workflow-full/submit/poseidon/pegasus/casa-wind-full/run0048/00/00/unzip_ID0000121.meta,/mnt/poseidon-data/poseidon/workflows/casa-wind-workflow-full/submit/poseidon/pegasus/casa-wind-full/run0048/00/00/unzip_ID0000106.meta,/mnt/poseidon-data/poseidon/workflows/casa-wind-workflow-full/submit/poseidon/pegasus/casa-wind-full/run0048/00/00/unzip_ID0000046.meta,/mnt/poseidon-data/poseidon/workflows/casa-wind-workflow-full/submit/poseidon/pegasus/casa-wind-full/run0048/00/00/unzip_ID0000076.meta,/mnt/poseidon-data/poseidon/workflows/casa-wind-workflow-full/submit/poseidon/pegasus/casa-wind-full/run0048/00/00/unzip_ID0000056.meta,/mnt/poseidon-data/poseidon/workflows/casa-wind-workflow-full/submit/poseidon/pegasus/casa-wind-full/run0048/00/00/unzip_ID0000021.meta,/mnt/poseidon-data/poseidon/workflows/casa-wind-workflow-full/submit/poseidon/pegasus/casa-wind-full/run0048/00/00/unzip_ID0000086.meta,/mnt/poseidon-data/poseidon/workflows/casa-wind-workflow-full/submit/poseidon/pegasus/casa-wind-full/run0048/00/00/unzip_ID0000126.meta,/mnt/poseidon-data/poseidon/workflows/casa-wind-workflow-full/submit/poseidon/pegasus/casa-wind-full/run0048/00/00/unzip_ID0000006.meta,/mnt/poseidon-data/poseidon/workflows/casa-wind-workflow-full/submit/poseidon/pegasus/casa-wind-full/run0048/00/00/unzip_ID0000036.meta,/mnt/poseidon-data/poseidon/workflows/casa-wind-workflow-full/submit/poseidon/pegasus/casa-wind-full/run0048/00/00/unzip_ID0000001.meta,/mnt/poseidon-data/poseidon/workflows/casa-wind-workflow-full/submit/poseidon/pegasus/casa-wind-full/run0048/00/00/unzip_ID0000091.meta --insert /mnt/poseidon-data/poseidon/workflows/casa-wind-workflow-full/submit/poseidon/pegasus/casa-wind-full/run0048/00/00/register_condorpool_0_0.in",3.4,0,0,,,,,,,,,
register_condorpool_0_1,None,auxiliary,0,1694253772.0,,,1694253787.0,,,0.0,1694253788.0,1694253792.0,,,0.0,1694253792.0,1694253797.0,15.0,,1.0,4.0,5.0,,,,,poseidon,local,poseidon-submit,pegasus::rc-client,/mnt/poseidon-data/poseidon/pegasus-5.1.0panorama/bin/pegasus-rc-client,"-n pegasus::rc-client -N null -R local  -L casa-wind-full -T 2023-09-08T07:29:05+00:00 /home/poseidon/pegasus-5.1.0panorama/bin/pegasus-rc-client --prefix pegasus.catalog.replica.output --conf /mnt/poseidon-data/poseidon/workflows/casa-wind-workflow-full/submit/poseidon/pegasus/casa-wind-full/run0048/pegasus.5383513529809772013.properties -v --meta /mnt/poseidon-data/poseidon/workflows/casa-wind-workflow-full/submit/poseidon/pegasus/casa-wind-full/run0048/00/00/unzip_ID0000026.meta,/mnt/poseidon-data/poseidon/workflows/casa-wind-workflow-full/submit/poseidon/pegasus/casa-wind-full/run0048/00/00/unzip_ID0000061.meta,/mnt/poseidon-data/poseidon/workflows/casa-wind-workflow-full/submit/poseidon/pegasus/casa-wind-full/run0048/00/00/unzip_ID0000071.meta,/mnt/poseidon-data/poseidon/workflows/casa-wind-workflow-full/submit/poseidon/pegasus/casa-wind-full/run0048/00/00/unzip_ID0000041.meta,/mnt/poseidon-data/poseidon/workflows/casa-wind-workflow-full/submit/poseidon/pegasus/casa-wind-full/run0048/00/00/unzip_ID0000016.meta,/mnt/poseidon-data/poseidon/workflows/casa-wind-workflow-full/submit/poseidon/pegasus/casa-wind-full/run0048/00/00/unzip_ID0000111.meta,/mnt/poseidon-data/poseidon/workflows/casa-wind-workflow-full/submit/poseidon/pegasus/casa-wind-full/run0048/00/00/unzip_ID0000011.meta,/mnt/poseidon-data/poseidon/workflows/casa-wind-workflow-full/submit/poseidon/pegasus/casa-wind-full/run0048/00/00/unzip_ID0000081.meta,/mnt/poseidon-data/poseidon/workflows/casa-wind-workflow-full/submit/poseidon/pegasus/casa-wind-full/run0048/00/00/unzip_ID0000066.meta,/mnt/poseidon-data/poseidon/workflows/casa-wind-workflow-full/submit/poseidon/pegasus/casa-wind-full/run0048/00/00/unzip_ID0000096.meta,/mnt/poseidon-data/poseidon/workflows/casa-wind-workflow-full/submit/poseidon/pegasus/casa-wind-full/run0048/00/00/unzip_ID0000051.meta,/mnt/poseidon-data/poseidon/workflows/casa-wind-workflow-full/submit/poseidon/pegasus/casa-wind-full/run0048/00/00/unzip_ID0000031.meta,/mnt/poseidon-data/poseidon/workflows/casa-wind-workflow-full/submit/poseidon/pegasus/casa-wind-full/run0048/00/00/unzip_ID0000116.meta,/mnt/poseidon-data/poseidon/workflows/casa-wind-workflow-full/submit/poseidon/pegasus/casa-wind-full/run0048/00/00/unzip_ID0000101.meta,/mnt/poseidon-data/poseidon/workflows/casa-wind-workflow-full/submit/poseidon/pegasus/casa-wind-full/run0048/00/00/unzip_ID0000121.meta,/mnt/poseidon-data/poseidon/workflows/casa-wind-workflow-full/submit/poseidon/pegasus/casa-wind-full/run0048/00/00/unzip_ID0000106.meta,/mnt/poseidon-data/poseidon/workflows/casa-wind-workflow-full/submit/poseidon/pegasus/casa-wind-full/run0048/00/00/unzip_ID0000046.meta,/mnt/poseidon-data/poseidon/workflows/casa-wind-workflow-full/submit/poseidon/pegasus/casa-wind-full/run0048/00/00/unzip_ID0000076.meta,/mnt/poseidon-data/poseidon/workflows/casa-wind-workflow-full/submit/poseidon/pegasus/casa-wind-full/run0048/00/00/unzip_ID0000056.meta,/mnt/poseidon-data/poseidon/workflows/casa-wind-workflow-full/submit/poseidon/pegasus/casa-wind-full/run0048/00/00/unzip_ID0000021.meta,/mnt/poseidon-data/poseidon/workflows/casa-wind-workflow-full/submit/poseidon/pegasus/casa-wind-full/run0048/00/00/unzip_ID0000086.meta,/mnt/poseidon-data/poseidon/workflows/casa-wind-workflow-full/submit/poseidon/pegasus/casa-wind-full/run0048/00/00/unzip_ID0000126.meta,/mnt/poseidon-data/poseidon/workflows/casa-wind-workflow-full/submit/poseidon/pegasus/casa-wind-full/run0048/00/00/unzip_ID0000006.meta,/mnt/poseidon-data/poseidon/workflows/casa-wind-workflow-full/submit/poseidon/pegasus/casa-wind-full/run0048/00/00/unzip_ID0000036.meta,/mnt/poseidon-data/poseidon/workflows/casa-wind-workflow-full/submit/poseidon/pegasus/casa-wind-full/run0048/00/00/unzip_ID0000001.meta,/mnt/poseidon-data/poseidon/workflows/casa-wind-workflow-full/submit/poseidon/pegasus/casa-wind-full/run0048/00/00/unzip_ID0000091.meta --insert /mnt/poseidon-data/poseidon/workflows/casa-wind-workflow-full/submit/poseidon/pegasus/casa-wind-full/run0048/00/00/register_condorpool_0_1.in",3.4,0,0,,,,,,,,,
register_condorpool_0_2,None,auxiliary,0,1694253772.0,,,1694253827.0,,,0.0,1694253827.0,1694253832.0,,,0.0,1694253832.0,1694253837.0,55.0,,0.0,5.0,5.0,,,,,poseidon,local,poseidon-submit,pegasus::rc-client,/mnt/poseidon-data/poseidon/pegasus-5.1.0panorama/bin/pegasus-rc-client,"-n pegasus::rc-client -N null -R local  -L casa-wind-full -T 2023-09-08T07:29:05+00:00 /home/poseidon/pegasus-5.1.0panorama/bin/pegasus-rc-client --prefix pegasus.catalog.replica.output --conf /mnt/poseidon-data/poseidon/workflows/casa-wind-workflow-full/submit/poseidon/pegasus/casa-wind-full/run0048/pegasus.5383513529809772013.properties -v --meta /mnt/poseidon-data/poseidon/workflows/casa-wind-workflow-full/submit/poseidon/pegasus/casa-wind-full/run0048/00/00/unzip_ID0000026.meta,/mnt/poseidon-data/poseidon/workflows/casa-wind-workflow-full/submit/poseidon/pegasus/casa-wind-full/run0048/00/00/unzip_ID0000061.meta,/mnt/poseidon-data/poseidon/workflows/casa-wind-workflow-full/submit/poseidon/pegasus/casa-wind-full/run0048/00/00/unzip_ID0000071.meta,/mnt/poseidon-data/poseidon/workflows/casa-wind-workflow-full/submit/poseidon/pegasus/casa-wind-full/run0048/00/00/unzip_ID0000041.meta,/mnt/poseidon-data/poseidon/workflows/casa-wind-workflow-full/submit/poseidon/pegasus/casa-wind-full/run0048/00/00/unzip_ID0000016.meta,/mnt/poseidon-data/poseidon/workflows/casa-wind-workflow-full/submit/poseidon/pegasus/casa-wind-full/run0048/00/00/unzip_ID0000111.meta,/mnt/poseidon-data/poseidon/workflows/casa-wind-workflow-full/submit/poseidon/pegasus/casa-wind-full/run0048/00/00/unzip_ID0000011.meta,/mnt/poseidon-data/poseidon/workflows/casa-wind-workflow-full/submit/poseidon/pegasus/casa-wind-full/run0048/00/00/unzip_ID0000081.meta,/mnt/poseidon-data/poseidon/workflows/casa-wind-workflow-full/submit/poseidon/pegasus/casa-wind-full/run0048/00/00/unzip_ID0000066.meta,/mnt/poseidon-data/poseidon/workflows/casa-wind-workflow-full/submit/poseidon/pegasus/casa-wind-full/run0048/00/00/unzip_ID0000096.meta,/mnt/poseidon-data/poseidon/workflows/casa-wind-workflow-full/submit/poseidon/pegasus/casa-wind-full/run0048/00/00/unzip_ID0000051.meta,/mnt/poseidon-data/poseidon/workflows/casa-wind-workflow-full/submit/poseidon/pegasus/casa-wind-full/run0048/00/00/unzip_ID0000031.meta,/mnt/poseidon-data/poseidon/workflows/casa-wind-workflow-full/submit/poseidon/pegasus/casa-wind-full/run0048/00/00/unzip_ID0000116.meta,/mnt/poseidon-data/poseidon/workflows/casa-wind-workflow-full/submit/poseidon/pegasus/casa-wind-full/run0048/00/00/unzip_ID0000101.meta,/mnt/poseidon-data/poseidon/workflows/casa-wind-workflow-full/submit/poseidon/pegasus/casa-wind-full/run0048/00/00/unzip_ID0000121.meta,/mnt/poseidon-data/poseidon/workflows/casa-wind-workflow-full/submit/poseidon/pegasus/casa-wind-full/run0048/00/00/unzip_ID0000106.meta,/mnt/poseidon-data/poseidon/workflows/casa-wind-workflow-full/submit/poseidon/pegasus/casa-wind-full/run0048/00/00/unzip_ID0000046.meta,/mnt/poseidon-data/poseidon/workflows/casa-wind-workflow-full/submit/poseidon/pegasus/casa-wind-full/run0048/00/00/unzip_ID0000076.meta,/mnt/poseidon-data/poseidon/workflows/casa-wind-workflow-full/submit/poseidon/pegasus/casa-wind-full/run0048/00/00/unzip_ID0000056.meta,/mnt/poseidon-data/poseidon/workflows/casa-wind-workflow-full/submit/poseidon/pegasus/casa-wind-full/run0048/00/00/unzip_ID0000021.meta,/mnt/poseidon-data/poseidon/workflows/casa-wind-workflow-full/submit/poseidon/pegasus/casa-wind-full/run0048/00/00/unzip_ID0000086.meta,/mnt/poseidon-data/poseidon/workflows/casa-wind-workflow-full/submit/poseidon/pegasus/casa-wind-full/run0048/00/00/unzip_ID0000126.meta,/mnt/poseidon-data/poseidon/workflows/casa-wind-workflow-full/submit/poseidon/pegasus/casa-wind-full/run0048/00/00/unzip_ID0000006.meta,/mnt/poseidon-data/poseidon/workflows/casa-wind-workflow-full/submit/poseidon/pegasus/casa-wind-full/run0048/00/00/unzip_ID0000036.meta,/mnt/poseidon-data/poseidon/workflows/casa-wind-workflow-full/submit/poseidon/pegasus/casa-wind-full/run0048/00/00/unzip_ID0000001.meta,/mnt/poseidon-data/poseidon/workflows/casa-wind-workflow-full/submit/poseidon/pegasus/casa-wind-full/run0048/00/00/unzip_ID0000091.meta --insert /mnt/poseidon-data/poseidon/workflows/casa-wind-workflow-full/submit/poseidon/pegasus/casa-wind-full/run0048/00/00/register_condorpool_0_2.in",2.9,0,0,,,,,,,,,
post_vel_ID0000008,None,compute,0,1694253772.0,,,1694253777.0,1694253793.0,1694253804.0,34639057.0,1694253791.0,1694253822.0,1694253810.0,1694253813.0,3547.0,1694253822.0,1694253827.0,5.0,,14.0,31.0,5.0,11.0,177143937.0,3.0,10982.0,poseidon,condorpool,poseidon-worker-2-container-44-47,post_vel,/opt/netcdf2png/merged_netcdf2png,,0.1,0,0,,,,,,,,,
mvt_ID0000009,None,compute,0,1694253772.0,,,1694253777.0,1694253791.0,1694253802.0,32395441.2,1694253789.0,1694253857.0,1694253847.0,1694253850.0,11423.0,1694253857.0,1694253862.0,5.0,,12.0,68.0,5.0,11.0,177143652.0,3.0,35429.0,poseidon,condorpool,poseidon-worker-1-container-40-43,mvt,/opt/mvt/mvt,,39.9,0,0,0.0,822127.0,20480.0,494.0,5.0,29.9,0.1,27404.2,1024.0
mvt_ID0000059,None,compute,0,1694253772.0,,,1694253777.0,1694253781.0,1694253792.0,33408429.0,1694253779.0,1694253847.0,1694253836.0,1694253839.0,9192.0,1694253847.0,1694253852.0,5.0,,2.0,68.0,5.0,11.0,177143652.0,3.0,28164.0,poseidon,condorpool,poseidon-worker-1-container-36-39,mvt,/opt/mvt/mvt,,38.6,0,0,0.0,824897.0,12288.0,500.0,3.0,29.9,0.1,27496.6,1228.8
mvt_ID0000109,None,compute,0,1694253772.0,,,1694253777.0,1694253780.0,1694253792.0,34910330.8,1694253779.0,1694253847.0,1694253836.0,1694253839.0,19268.0,1694253847.0,1694253852.0,5.0,,2.0,68.0,5.0,12.0,177143652.0,3.0,59954.0,poseidon,condorpool,poseidon-worker-2-container-0-3,mvt,/opt/mvt/mvt,,39.5,0,0,0.0,798622.0,32768.0,443.0,8.0,29.9,0.1,26620.7,1638.4
post_vel_ID0000058,None,compute,0,1694253772.0,,,1694253777.0,1694253780.0,1694253792.0,34552602.6,1694253779.0,1694253807.0,1694253797.0,1694253800.0,3524.0,1694253807.0,1694253812.0,5.0,,2.0,28.0,5.0,12.0,177143937.0,3.0,10981.0,poseidon,condorpool,poseidon-worker-1-container-8-11,post_vel,/opt/netcdf2png/merged_netcdf2png,,0.1,0,0,,,,,,,,,
mvt_ID0000099,None,compute,0,1694253772.0,,,1694253777.0,1694253790.0,1694253801.0,32199873.2,1694253788.0,1694253857.0,1694253845.0,1694253848.0,16143.0,1694253857.0,1694253862.0,5.0,,11.0,69.0,5.0,11.0,177143652.0,3.0,50118.0,poseidon,condorpool,poseidon-worker-1-container-0-3,mvt,/opt/mvt/mvt,,38.3,0,0,0.0,791880.0,28672.0,428.0,7.0,29.9,0.1,26396.0,1433.6
post_vel_ID0000038,None,compute,0,1694253772.0,,,1694253777.0,1694253781.0,1694253792.0,34997075.4,1694253779.0,1694253807.0,1694253797.0,1694253800.0,3616.0,1694253807.0,1694253812.0,5.0,,2.0,28.0,5.0,11.0,177143937.0,3.0,11227.0,poseidon,condorpool,poseidon-worker-1-container-16-19,post_vel,/opt/netcdf2png/merged_netcdf2png,,0.1,0,0,,,,,,,,,
mvt_ID0000039,None,compute,0,1694253772.0,,,1694253777.0,1694253785.0,1694253797.0,29133817.8,1694253784.0,1694253852.0,1694253841.0,1694253844.0,11194.0,1694253852.0,1694253857.0,5.0,,7.0,68.0,5.0,12.0,177143652.0,3.0,34386.0,poseidon,condorpool,poseidon-worker-2-container-44-47,mvt,/opt/mvt/mvt,,39.0,0,0,0.0,817980.0,16384.0,485.0,4.0,29.9,0.1,27266.0,819.2
mvt_ID0000064,None,compute,0,1694253772.0,,,1694253777.0,1694253790.0,1694253801.0,34335433.2,1694253788.0,1694253857.0,1694253847.0,1694253850.0,10065.0,1694253857.0,1694253862.0,5.0,,11.0,69.0,5.0,11.0,177143652.0,3.0,31148.0,poseidon,condorpool,poseidon-worker-1-container-44-47,mvt,/opt/mvt/mvt,,39.8,0,0,0.0,852084.0,16384.0,566.0,4.0,39.5,0.1,21302.1,819.2
post_vel_ID0000118,None,compute,0,1694253772.0,,,1694253777.0,1694253780.0,1694253792.0,31968173.6,1694253779.0,1694253807.0,1694253797.0,1694253800.0,4659.0,1694253807.0,1694253812.0,5.0,,2.0,28.0,5.0,12.0,177143937.0,3.0,14402.0,poseidon,condorpool,poseidon-worker-2-container-4-7,post_vel,/opt/netcdf2png/merged_netcdf2png,,0.1,0,0,,,,,,,,,
mvt_ID0000119,None,compute,0,1694253772.0,,,1694253777.0,1694253781.0,1694253792.0,34939279.0,1694253779.0,1694253847.0,1694253837.0,1694253840.0,20877.0,1694253847.0,1694253852.0,5.0,,2.0,68.0,5.0,11.0,177143652.0,3.0,65525.0,poseidon,condorpool,poseidon-worker-1-container-4-7,mvt,/opt/mvt/mvt,,39.9,0,0,0.0,801374.0,36864.0,449.0,9.0,29.9,0.1,26712.5,3686.4
post_vel_ID0000093,None,compute,0,1694253772.0,,,1694253777.0,1694253790.0,1694253803.0,24270245.7,1694253788.0,1694253817.0,1694253809.0,1694253812.0,4270.0,1694253817.0,1694253822.0,5.0,,11.0,29.0,5.0,13.0,177143937.0,3.0,13303.0,poseidon,condorpool,poseidon-worker-2-container-32-35,post_vel,/opt/netcdf2png/merged_netcdf2png,,0.1,0,0,,,,,,,,,
mvt_ID0000094,None,compute,0,1694253772.0,,,1694253777.0,1694253790.0,1694253803.0,25734174.3,1694253788.0,1694253857.0,1694253848.0,1694253851.0,16683.0,1694253857.0,1694253862.0,5.0,,11.0,69.0,5.0,13.0,177143652.0,3.0,52407.0,poseidon,condorpool,poseidon-worker-1-container-12-15,mvt,/opt/mvt/mvt,,39.9,0,0,0.0,791969.0,28672.0,428.0,7.0,29.9,0.1,26399.0,1433.6
post_vel_ID0000063,None,compute,0,1694253772.0,,,1694253777.0,1694253791.0,1694253804.0,23802105.7,1694253788.0,1694253822.0,1694253809.0,1694253812.0,3727.0,1694253822.0,1694253827.0,5.0,,11.0,34.0,5.0,13.0,177143937.0,3.0,11628.0,poseidon,condorpool,poseidon-worker-1-container-36-39,post_vel,/opt/netcdf2png/merged_netcdf2png,,0.1,0,0,,,,,,,,,
post_vel_ID0000098,None,compute,0,1694253772.0,,,1694253777.0,1694253791.0,1694253803.0,25924148.7,1694253789.0,1694253817.0,1694253808.0,1694253811.0,4342.0,1694253817.0,1694253822.0,5.0,,12.0,28.0,5.0,12.0,177143937.0,3.0,13355.0,poseidon,condorpool,poseidon-worker-1-container-28-31,post_vel,/opt/netcdf2png/merged_netcdf2png,,0.1,0,0,,,,,,,,,
post_vel_ID0000123,None,compute,0,1694253777.0,,,1694253782.0,1694253791.0,1694253802.0,33570634.0,1694253789.0,1694253817.0,1694253807.0,1694253810.0,4730.0,1694253817.0,1694253822.0,5.0,,7.0,28.0,5.0,11.0,177143937.0,3.0,14777.0,poseidon,condorpool,poseidon-worker-2-container-12-15,post_vel,/opt/netcdf2png/merged_netcdf2png,,0.1,0,0,,,,,,,,,
mvt_ID0000124,None,compute,0,1694253777.0,,,1694253782.0,1694253791.0,1694253802.0,30062965.4,1694253789.0,1694253857.0,1694253848.0,1694253851.0,22507.0,1694253857.0,1694253862.0,5.0,,7.0,68.0,5.0,11.0,177143652.0,3.0,70564.0,poseidon,condorpool,poseidon-worker-2-container-8-11,mvt,/opt/mvt/mvt,,40.6,0,0,0.0,823092.0,40960.0,503.0,10.0,39.9,0.1,20577.3,4096.0
post_vel_ID0000023,None,compute,0,1694253777.0,,,1694253782.0,1694253790.0,1694253803.0,25260041.1,1694253789.0,1694253817.0,1694253809.0,1694253812.0,3647.0,1694253817.0,1694253822.0,5.0,,7.0,28.0,5.0,13.0,177143937.0,3.0,11372.0,poseidon,condorpool,poseidon-worker-2-container-24-27,post_vel,/opt/netcdf2png/merged_netcdf2png,,0.1,0,0,,,,,,,,,
stage_out_local_condorpool_1_2,None,transfer,0,1694253777.0,,,1694253782.0,,,0.0,1694253782.0,1694253787.0,,,0.0,1694253787.0,1694253792.0,5.0,,0.0,5.0,5.0,,,,,poseidon,local,poseidon-submit,pegasus::transfer,/mnt/poseidon-data/poseidon/pegasus-5.1.0panorama/bin/pegasus-transfer,/home/poseidon/pegasus-5.1.0panorama/bin/../bin/pegasus-kickstart  -n pegasus::transfer -N null -i - -R local  -L casa-wind-full -T 2023-09-08T07:29:05+00:00 /home/poseidon/pegasus-5.1.0panorama/bin/../bin/pegasus-transfer  --threads 2,0.9,0,0,,,,,,,,,
post_vel_ID0000043,None,compute,0,1694253777.0,,,1694253782.0,1694253791.0,1694253804.0,24396832.7,1694253789.0,1694253822.0,1694253809.0,1694253813.0,3547.0,1694253822.0,1694253827.0,5.0,,7.0,33.0,5.0,13.0,177143937.0,4.0,11050.0,poseidon,condorpool,poseidon-worker-2-container-20-23,post_vel,/opt/netcdf2png/merged_netcdf2png,,0.1,0,0,,,,,,,,,
post_vel_ID0000053,None,compute,0,1694253777.0,,,1694253782.0,1694253790.0,1694253801.0,34419278.8,1694253788.0,1694253817.0,1694253807.0,1694253810.0,3510.0,1694253817.0,1694253822.0,5.0,,6.0,29.0,5.0,11.0,177143937.0,3.0,11004.0,poseidon,condorpool,poseidon-worker-2-container-0-3,post_vel,/opt/netcdf2png/merged_netcdf2png,,0.1,0,0,,,,,,,,,
post_vel_ID0000103,None,compute,0,1694253777.0,,,1694253782.0,1694253791.0,1694253802.0,33753495.4,1694253789.0,1694253817.0,1694253807.0,1694253810.0,4494.0,1694253817.0,1694253822.0,5.0,,7.0,28.0,5.0,11.0,177143937.0,3.0,13815.0,poseidon,condorpool,poseidon-worker-1-container-16-19,post_vel,/opt/netcdf2png/merged_netcdf2png,,0.1,0,0,,,,,,,,,
mvt_ID0000044,None,compute,0,1694253777.0,,,1694253782.0,1694253790.0,1694253802.0,28691566.8,1694253788.0,1694253857.0,1694253847.0,1694253850.0,9137.0,1694253857.0,1694253862.0,5.0,,6.0,69.0,5.0,12.0,177143652.0,3.0,28113.0,poseidon,condorpool,poseidon-worker-2-container-28-31,mvt,/opt/mvt/mvt,,39.9,0,0,0.0,822129.0,12288.0,494.0,3.0,29.9,0.1,27404.3,1228.8
mvt_ID0000104,None,compute,0,1694253777.0,,,1694253782.0,1694253790.0,1694253803.0,25879365.7,1694253788.0,1694253857.0,1694253848.0,1694253851.0,19093.0,1694253857.0,1694253862.0,5.0,,6.0,69.0,5.0,13.0,177143652.0,3.0,59590.0,poseidon,condorpool,poseidon-worker-2-container-4-7,mvt,/opt/mvt/mvt,,39.9,0,0,0.0,789131.0,32768.0,422.0,8.0,29.9,0.1,26304.4,3276.8
mvt_ID0000029,None,compute,0,1694253777.0,,,1694253782.0,1694253791.0,1694253805.0,20709042.8,1694253789.0,1694253862.0,1694253850.0,1694253853.0,12454.0,1694253862.0,1694253867.0,5.0,,7.0,73.0,5.0,14.0,177143652.0,3.0,38341.0,poseidon,condorpool,poseidon-worker-1-container-24-27,mvt,/opt/mvt/mvt,,39.9,0,0,0.0,791974.0,20480.0,428.0,5.0,29.9,0.1,26399.1,1024.0
stage_out_local_condorpool_1_0,None,transfer,0,1694253777.0,,,1694253782.0,,,0.0,1694253782.0,1694253787.0,,,0.0,1694253787.0,1694253792.0,5.0,,0.0,5.0,5.0,,,,,poseidon,local,poseidon-submit,pegasus::transfer,/mnt/poseidon-data/poseidon/pegasus-5.1.0panorama/bin/pegasus-transfer,/home/poseidon/pegasus-5.1.0panorama/bin/../bin/pegasus-kickstart  -n pegasus::transfer -N null -i - -R local  -L casa-wind-full -T 2023-09-08T07:29:05+00:00 /home/poseidon/pegasus-5.1.0panorama/bin/../bin/pegasus-transfer  --threads 2,1.0,0,0,,,,,,,,,
post_vel_ID0000113,None,compute,0,1694253777.0,,,1694253782.0,1694253791.0,1694253804.0,22238896.6,1694253789.0,1694253822.0,1694253810.0,1694253813.0,4741.0,1694253822.0,1694253827.0,5.0,,7.0,33.0,5.0,13.0,177143937.0,3.0,14745.0,poseidon,condorpool,poseidon-worker-1-container-32-35,post_vel,/opt/netcdf2png/merged_netcdf2png,,0.1,0,0,,,,,,,,,
mvt_ID0000114,None,compute,0,1694253777.0,,,1694253782.0,1694253790.0,1694253802.0,27259446.8,1694253789.0,1694253857.0,1694253848.0,1694253851.0,23081.0,1694253857.0,1694253862.0,5.0,,7.0,68.0,5.0,12.0,177143652.0,3.0,73234.0,poseidon,condorpool,poseidon-worker-2-container-36-39,mvt,/opt/mvt/mvt,,39.9,0,0,0.0,790591.0,40960.0,425.0,10.0,29.9,0.1,26353.0,4096.0
mvt_ID0000034,None,compute,0,1694253777.0,,,1694253782.0,1694253790.0,1694253801.0,33630964.6,1694253788.0,1694253857.0,1694253847.0,1694253850.0,10047.0,1694253857.0,1694253862.0,5.0,,6.0,69.0,5.0,11.0,177143652.0,3.0,30976.0,poseidon,condorpool,poseidon-worker-1-container-8-11,mvt,/opt/mvt/mvt,,39.9,0,0,0.0,791928.0,16384.0,428.0,4.0,29.9,0.1,26397.6,819.2
post_vel_ID0000033,None,compute,0,1694253777.0,,,1694253782.0,1694253791.0,1694253803.0,28094967.7,1694253789.0,1694253817.0,1694253808.0,1694253811.0,3712.0,1694253817.0,1694253822.0,5.0,,7.0,28.0,5.0,12.0,177143937.0,3.0,11464.0,poseidon,condorpool,poseidon-worker-1-container-20-23,post_vel,/opt/netcdf2png/merged_netcdf2png,,0.1,0,0,,,,,,,,,
mvt_ID0000054,None,compute,0,1694253777.0,,,1694253782.0,1694253791.0,1694253804.0,24535590.7,1694253789.0,1694253857.0,1694253849.0,1694253852.0,9200.0,1694253857.0,1694253862.0,5.0,,7.0,68.0,5.0,13.0,177143652.0,3.0,28552.0,poseidon,condorpool,poseidon-worker-1-container-4-7,mvt,/opt/mvt/mvt,,39.8,0,0,0.0,821999.0,12288.0,494.0,3.0,29.9,0.1,27400.0,1228.8
post_vel_ID0000028,None,compute,0,1694253777.0,,,1694253782.0,1694253791.0,1694253803.0,28882431.0,1694253789.0,1694253817.0,1694253808.0,1694253811.0,3727.0,1694253817.0,1694253822.0,5.0,,7.0,28.0,5.0,12.0,177143937.0,3.0,11529.0,poseidon,condorpool,poseidon-worker-2-container-40-43,post_vel,/opt/netcdf2png/merged_netcdf2png,,0.1,0,0,,,,,,,,,
mvt_ID0000024,None,compute,0,1694253777.0,,,1694253782.0,1694253790.0,1694253802.0,28181176.2,1694253789.0,1694253857.0,1694253847.0,1694253851.0,9707.0,1694253857.0,1694253862.0,5.0,,7.0,68.0,5.0,12.0,177143652.0,4.0,30705.0,poseidon,condorpool,poseidon-worker-2-container-16-19,mvt,/opt/mvt/mvt,,39.9,0,0,0.0,801550.0,16384.0,449.0,4.0,29.9,0.1,26718.3,819.2
post_vel_ID0000073,None,compute,0,1694253782.0,,,1694253787.0,1694253797.0,1694253808.0,29728967.5,1694253795.0,1694253827.0,1694253814.0,1694253817.0,3587.0,1694253827.0,1694253832.0,5.0,,8.0,32.0,5.0,11.0,177143937.0,3.0,11825.0,poseidon,condorpool,poseidon-worker-1-container-44-47,post_vel,/opt/netcdf2png/merged_netcdf2png,,0.1,0,0,,,,,,,,,
mvt_ID0000074,None,compute,0,1694253782.0,,,1694253787.0,1694253802.0,1694253813.0,35092236.8,1694253801.0,1694253867.0,1694253858.0,1694253861.0,12635.0,1694253867.0,1694253872.0,5.0,,14.0,66.0,5.0,11.0,177143652.0,3.0,38855.0,poseidon,condorpool,poseidon-worker-2-container-16-19,mvt,/opt/mvt/mvt,,39.3,0,0,0.0,822200.0,20480.0,494.0,5.0,29.9,0.1,27406.7,1024.0
stage_out_local_condorpool_1_1,None,transfer,0,1694253782.0,,,1694253787.0,,,0.0,1694253788.0,1694253792.0,,,0.0,1694253792.0,1694253797.0,5.0,,1.0,4.0,5.0,,,,,poseidon,local,poseidon-submit,pegasus::transfer,/mnt/poseidon-data/poseidon/pegasus-5.1.0panorama/bin/pegasus-transfer,/home/poseidon/pegasus-5.1.0panorama/bin/../bin/pegasus-kickstart  -n pegasus::transfer -N null -i - -R local  -L casa-wind-full -T 2023-09-08T07:29:05+00:00 /home/poseidon/pegasus-5.1.0panorama/bin/../bin/pegasus-transfer  --threads 2,1.0,0,0,,,,,,,,,
register_condorpool_1_2,None,auxiliary,0,1694253792.0,,,1694253797.0,,,0.0,1694253798.0,1694253802.0,,,0.0,1694253802.0,1694253807.0,5.0,,1.0,4.0,5.0,,,,,poseidon,local,poseidon-submit,pegasus::rc-client,/mnt/poseidon-data/poseidon/pegasus-5.1.0panorama/bin/pegasus-rc-client,"-n pegasus::rc-client -N null -R local  -L casa-wind-full -T 2023-09-08T07:29:05+00:00 /home/poseidon/pegasus-5.1.0panorama/bin/pegasus-rc-client --prefix pegasus.catalog.replica.output --conf /mnt/poseidon-data/poseidon/workflows/casa-wind-workflow-full/submit/poseidon/pegasus/casa-wind-full/run0048/pegasus.5383513529809772013.properties -v --meta /mnt/poseidon-data/poseidon/workflows/casa-wind-workflow-full/submit/poseidon/pegasus/casa-wind-full/run0048/00/00/um_vel_ID0000117.meta,/mnt/poseidon-data/poseidon/workflows/casa-wind-workflow-full/submit/poseidon/pegasus/casa-wind-full/run0048/00/01/um_vel_ID0000052.meta,/mnt/poseidon-data/poseidon/workflows/casa-wind-workflow-full/submit/poseidon/pegasus/casa-wind-full/run0048/00/00/um_vel_ID0000002.meta,/mnt/poseidon-data/poseidon/workflows/casa-wind-workflow-full/submit/poseidon/pegasus/casa-wind-full/run0048/00/00/um_vel_ID0000012.meta,/mnt/poseidon-data/poseidon/workflows/casa-wind-workflow-full/submit/poseidon/pegasus/casa-wind-full/run0048/00/00/um_vel_ID0000032.meta,/mnt/poseidon-data/poseidon/workflows/casa-wind-workflow-full/submit/poseidon/pegasus/casa-wind-full/run0048/00/01/um_vel_ID0000062.meta,/mnt/poseidon-data/poseidon/workflows/casa-wind-workflow-full/submit/poseidon/pegasus/casa-wind-full/run0048/00/01/um_vel_ID0000112.meta,/mnt/poseidon-data/poseidon/workflows/casa-wind-workflow-full/submit/poseidon/pegasus/casa-wind-full/run0048/00/01/um_vel_ID0000107.meta --insert /mnt/poseidon-data/poseidon/workflows/casa-wind-workflow-full/submit/poseidon/pegasus/casa-wind-full/run0048/00/01/register_condorpool_1_2.in",2.7,0,0,,,,,,,,,
register_condorpool_1_0,None,auxiliary,0,1694253792.0,,,1694253817.0,,,0.0,1694253818.0,1694253822.0,,,0.0,1694253822.0,1694253827.0,25.0,,1.0,4.0,5.0,,,,,poseidon,local,poseidon-submit,pegasus::rc-client,/mnt/poseidon-data/poseidon/pegasus-5.1.0panorama/bin/pegasus-rc-client,"-n pegasus::rc-client -N null -R local  -L casa-wind-full -T 2023-09-08T07:29:05+00:00 /home/poseidon/pegasus-5.1.0panorama/bin/pegasus-rc-client --prefix pegasus.catalog.replica.output --conf /mnt/poseidon-data/poseidon/workflows/casa-wind-workflow-full/submit/poseidon/pegasus/casa-wind-full/run0048/pegasus.5383513529809772013.properties -v --meta /mnt/poseidon-data/poseidon/workflows/casa-wind-workflow-full/submit/poseidon/pegasus/casa-wind-full/run0048/00/01/um_vel_ID0000067.meta,/mnt/poseidon-data/poseidon/workflows/casa-wind-workflow-full/submit/poseidon/pegasus/casa-wind-full/run0048/00/00/um_vel_ID0000127.meta,/mnt/poseidon-data/poseidon/workflows/casa-wind-workflow-full/submit/poseidon/pegasus/casa-wind-full/run0048/00/00/um_vel_ID0000122.meta,/mnt/poseidon-data/poseidon/workflows/casa-wind-workflow-full/submit/poseidon/pegasus/casa-wind-full/run0048/00/00/um_vel_ID0000092.meta,/mnt/poseidon-data/poseidon/workflows/casa-wind-workflow-full/submit/poseidon/pegasus/casa-wind-full/run0048/00/01/um_vel_ID0000077.meta,/mnt/poseidon-data/poseidon/workflows/casa-wind-workflow-full/submit/poseidon/pegasus/casa-wind-full/run0048/00/01/um_vel_ID0000057.meta,/mnt/poseidon-data/poseidon/workflows/casa-wind-workflow-full/submit/poseidon/pegasus/casa-wind-full/run0048/00/00/um_vel_ID0000027.meta,/mnt/poseidon-data/poseidon/workflows/casa-wind-workflow-full/submit/poseidon/pegasus/casa-wind-full/run0048/00/01/um_vel_ID0000042.meta,/mnt/poseidon-data/poseidon/workflows/casa-wind-workflow-full/submit/poseidon/pegasus/casa-wind-full/run0048/00/00/um_vel_ID0000022.meta --insert /mnt/poseidon-data/poseidon/workflows/casa-wind-workflow-full/submit/poseidon/pegasus/casa-wind-full/run0048/00/01/register_condorpool_1_0.in",2.7,0,0,,,,,,,,,
register_condorpool_1_1,None,auxiliary,0,1694253797.0,,,1694253807.0,,,0.0,1694253807.0,1694253812.0,,,0.0,1694253812.0,1694253817.0,10.0,,0.0,5.0,5.0,,,,,poseidon,local,poseidon-submit,pegasus::rc-client,/mnt/poseidon-data/poseidon/pegasus-5.1.0panorama/bin/pegasus-rc-client,"-n pegasus::rc-client -N null -R local  -L casa-wind-full -T 2023-09-08T07:29:05+00:00 /home/poseidon/pegasus-5.1.0panorama/bin/pegasus-rc-client --prefix pegasus.catalog.replica.output --conf /mnt/poseidon-data/poseidon/workflows/casa-wind-workflow-full/submit/poseidon/pegasus/casa-wind-full/run0048/pegasus.5383513529809772013.properties -v --meta /mnt/poseidon-data/poseidon/workflows/casa-wind-workflow-full/submit/poseidon/pegasus/casa-wind-full/run0048/00/00/um_vel_ID0000017.meta,/mnt/poseidon-data/poseidon/workflows/casa-wind-workflow-full/submit/poseidon/pegasus/casa-wind-full/run0048/00/01/um_vel_ID0000037.meta,/mnt/poseidon-data/poseidon/workflows/casa-wind-workflow-full/submit/poseidon/pegasus/casa-wind-full/run0048/00/00/um_vel_ID0000082.meta,/mnt/poseidon-data/poseidon/workflows/casa-wind-workflow-full/submit/poseidon/pegasus/casa-wind-full/run0048/00/00/um_vel_ID0000097.meta,/mnt/poseidon-data/poseidon/workflows/casa-wind-workflow-full/submit/poseidon/pegasus/casa-wind-full/run0048/00/01/um_vel_ID0000047.meta,/mnt/poseidon-data/poseidon/workflows/casa-wind-workflow-full/submit/poseidon/pegasus/casa-wind-full/run0048/00/00/um_vel_ID0000087.meta,/mnt/poseidon-data/poseidon/workflows/casa-wind-workflow-full/submit/poseidon/pegasus/casa-wind-full/run0048/00/01/um_vel_ID0000007.meta,/mnt/poseidon-data/poseidon/workflows/casa-wind-workflow-full/submit/poseidon/pegasus/casa-wind-full/run0048/00/01/um_vel_ID0000072.meta,/mnt/poseidon-data/poseidon/workflows/casa-wind-workflow-full/submit/poseidon/pegasus/casa-wind-full/run0048/00/01/um_vel_ID0000102.meta --insert /mnt/poseidon-data/poseidon/workflows/casa-wind-workflow-full/submit/poseidon/pegasus/casa-wind-full/run0048/00/01/register_condorpool_1_1.in",2.7,0,0,,,,,,,,,
point_alert_ID0000090,None,compute,0,1694253842.0,,,1694253847.0,1694253850.0,1694253861.0,34419631.0,1694253848.0,1694253877.0,1694253866.0,1694253869.0,6738.0,1694253877.0,1694253882.0,5.0,,1.0,29.0,5.0,11.0,176656458.0,3.0,20638.0,poseidon,condorpool,poseidon-worker-1-container-28-31,point_alert,/opt/pointAlert/pointAlert,,0.0,0,0,,,,,,,,,
point_alert_ID0000050,None,compute,0,1694253847.0,,,1694253852.0,1694253855.0,1694253866.0,33597501.6,1694253853.0,1694253882.0,1694253871.0,1694253874.0,6719.0,1694253882.0,1694253887.0,5.0,,1.0,29.0,5.0,11.0,176632091.0,3.0,20878.0,poseidon,condorpool,poseidon-worker-1-container-20-23,point_alert,/opt/pointAlert/pointAlert,,0.0,0,0,,,,,,,,,
point_alert_ID0000005,None,compute,0,1694253847.0,,,1694253852.0,1694253855.0,1694253866.0,29903339.0,1694253853.0,1694253882.0,1694253871.0,1694253874.0,6509.0,1694253882.0,1694253887.0,5.0,,1.0,29.0,5.0,11.0,176636764.0,3.0,20398.0,poseidon,condorpool,poseidon-worker-2-container-8-11,point_alert,/opt/pointAlert/pointAlert,,0.0,0,0,,,,,,,,,
point_alert_ID0000070,None,compute,0,1694253847.0,,,1694253852.0,1694253855.0,1694253866.0,29682056.4,1694253853.0,1694253882.0,1694253872.0,1694253875.0,6546.0,1694253882.0,1694253887.0,5.0,,1.0,29.0,5.0,11.0,176643292.0,3.0,20558.0,poseidon,condorpool,poseidon-worker-2-container-28-31,point_alert,/opt/pointAlert/pointAlert,,0.0,0,0,,,,,,,,,
point_alert_ID0000130,None,compute,0,1694253847.0,,,1694253852.0,1694253855.0,1694253867.0,28688730.6,1694253853.0,1694253882.0,1694253872.0,1694253875.0,7497.0,1694253882.0,1694253887.0,5.0,,1.0,29.0,5.0,12.0,176672472.0,3.0,23118.0,poseidon,condorpool,poseidon-worker-2-container-32-35,point_alert,/opt/pointAlert/pointAlert,,0.0,0,0,,,,,,,,,
point_alert_ID0000080,None,compute,0,1694253847.0,,,1694253852.0,1694253855.0,1694253866.0,29557125.0,1694253853.0,1694253882.0,1694253871.0,1694253874.0,6607.0,1694253882.0,1694253887.0,5.0,,1.0,29.0,5.0,11.0,176653320.0,3.0,20718.0,poseidon,condorpool,poseidon-worker-1-container-28-31,point_alert,/opt/pointAlert/pointAlert,,0.0,0,0,,,,,,,,,
point_alert_ID0000015,None,compute,0,1694253852.0,,,1694253857.0,1694253860.0,1694253872.0,29908305.0,1694253859.0,1694253887.0,1694253877.0,1694253880.0,6574.0,1694253887.0,1694253892.0,5.0,,2.0,28.0,5.0,12.0,176639974.0,3.0,20558.0,poseidon,condorpool,poseidon-worker-1-container-44-47,point_alert,/opt/pointAlert/pointAlert,,0.0,0,0,,,,,,,,,
point_alert_ID0000110,None,compute,0,1694253852.0,,,1694253857.0,1694253860.0,1694253871.0,35122347.4,1694253859.0,1694253887.0,1694253876.0,1694253880.0,6771.0,1694253887.0,1694253892.0,5.0,,2.0,28.0,5.0,11.0,176667937.0,4.0,21038.0,poseidon,condorpool,poseidon-worker-2-container-16-19,point_alert,/opt/pointAlert/pointAlert,,0.0,0,0,,,,,,,,,
point_alert_ID0000060,None,compute,0,1694253852.0,,,1694253857.0,1694253860.0,1694253871.0,29504042.0,1694253859.0,1694253887.0,1694253876.0,1694253880.0,6702.0,1694253887.0,1694253892.0,5.0,,2.0,28.0,5.0,11.0,176636147.0,4.0,20878.0,poseidon,condorpool,poseidon-worker-2-container-28-31,point_alert,/opt/pointAlert/pointAlert,,0.0,0,0,,,,,,,,,
point_alert_ID0000020,None,compute,0,1694253852.0,,,1694253857.0,1694253860.0,1694253871.0,33931762.6,1694253858.0,1694253887.0,1694253876.0,1694253879.0,6639.0,1694253887.0,1694253892.0,5.0,,1.0,29.0,5.0,11.0,176644228.0,3.0,20478.0,poseidon,condorpool,poseidon-worker-1-container-4-7,point_alert,/opt/pointAlert/pointAlert,,0.0,0,0,,,,,,,,,
point_alert_ID0000085,None,compute,0,1694253852.0,,,1694253857.0,1694253860.0,1694253871.0,29871233.0,1694253859.0,1694253887.0,1694253877.0,1694253880.0,6746.0,1694253887.0,1694253892.0,5.0,,2.0,28.0,5.0,11.0,176655981.0,3.0,21118.0,poseidon,condorpool,poseidon-worker-1-container-8-11,point_alert,/opt/pointAlert/pointAlert,,0.0,0,0,,,,,,,,,
point_alert_ID0000120,None,compute,0,1694253852.0,,,1694253857.0,1694253860.0,1694253871.0,29633107.5,1694253859.0,1694253887.0,1694253877.0,1694253880.0,7102.0,1694253887.0,1694253892.0,5.0,,2.0,28.0,5.0,11.0,176673508.0,3.0,21998.0,poseidon,condorpool,poseidon-worker-1-container-40-43,point_alert,/opt/pointAlert/pointAlert,,0.0,0,0,,,,,,,,,
point_alert_ID0000040,None,compute,0,1694253857.0,,,1694253862.0,1694253864.0,1694253876.0,32900549.6,1694253863.0,1694253892.0,1694253881.0,1694253884.0,6710.0,1694253892.0,1694253897.0,5.0,,1.0,29.0,5.0,12.0,176642369.0,3.0,20558.0,poseidon,condorpool,poseidon-worker-1-container-32-35,point_alert,/opt/pointAlert/pointAlert,,0.0,0,0,,,,,,,,,
point_alert_ID0000010,None,compute,0,1694253862.0,,,1694253867.0,1694253870.0,1694253881.0,29529093.5,1694253868.0,1694253897.0,1694253886.0,1694253889.0,6549.0,1694253897.0,1694253902.0,5.0,,1.0,29.0,5.0,11.0,176643412.0,3.0,20478.0,poseidon,condorpool,poseidon-worker-1-container-4-7,point_alert,/opt/pointAlert/pointAlert,,0.0,0,0,,,,,,,,,
stage_out_local_condorpool_2_2,None,transfer,0,1694253862.0,,,1694253867.0,,,0.0,1694253868.0,1694253877.0,,,0.0,1694253877.0,1694253882.0,5.0,,1.0,9.0,5.0,,,,,poseidon,local,poseidon-submit,pegasus::transfer,/mnt/poseidon-data/poseidon/pegasus-5.1.0panorama/bin/pegasus-transfer,/home/poseidon/pegasus-5.1.0panorama/bin/../bin/pegasus-kickstart  -n pegasus::transfer -N null -i - -R local  -L casa-wind-full -T 2023-09-08T07:29:05+00:00 /home/poseidon/pegasus-5.1.0panorama/bin/../bin/pegasus-transfer  --threads 2,1.0,0,0,,,,,,,,,
point_alert_ID0000100,None,compute,0,1694253862.0,,,1694253867.0,1694253870.0,1694253882.0,27761874.6,1694253868.0,1694253897.0,1694253887.0,1694253890.0,6552.0,1694253897.0,1694253902.0,5.0,,1.0,29.0,5.0,12.0,176658101.0,3.0,20638.0,poseidon,condorpool,poseidon-worker-2-container-40-43,point_alert,/opt/pointAlert/pointAlert,,0.0,0,0,,,,,,,,,
stage_out_local_condorpool_2_5,None,transfer,0,1694253862.0,,,1694253867.0,,,0.0,1694253868.0,1694253877.0,,,0.0,1694253877.0,1694253882.0,5.0,,1.0,9.0,5.0,,,,,poseidon,local,poseidon-submit,pegasus::transfer,/mnt/poseidon-data/poseidon/pegasus-5.1.0panorama/bin/pegasus-transfer,/home/poseidon/pegasus-5.1.0panorama/bin/../bin/pegasus-kickstart  -n pegasus::transfer -N null -i - -R local  -L casa-wind-full -T 2023-09-08T07:29:05+00:00 /home/poseidon/pegasus-5.1.0panorama/bin/../bin/pegasus-transfer  --threads 2,0.9,0,0,,,,,,,,,
stage_out_local_condorpool_2_4,None,transfer,0,1694253862.0,,,1694253867.0,,,0.0,1694253868.0,1694253877.0,,,0.0,1694253877.0,1694253882.0,5.0,,1.0,9.0,5.0,,,,,poseidon,local,poseidon-submit,pegasus::transfer,/mnt/poseidon-data/poseidon/pegasus-5.1.0panorama/bin/pegasus-transfer,/home/poseidon/pegasus-5.1.0panorama/bin/../bin/pegasus-kickstart  -n pegasus::transfer -N null -i - -R local  -L casa-wind-full -T 2023-09-08T07:29:05+00:00 /home/poseidon/pegasus-5.1.0panorama/bin/../bin/pegasus-transfer  --threads 2,0.9,0,0,,,,,,,,,
point_alert_ID0000045,None,compute,0,1694253862.0,,,1694253867.0,1694253870.0,1694253882.0,28434392.7,1694253868.0,1694253897.0,1694253887.0,1694253891.0,6658.0,1694253897.0,1694253902.0,5.0,,1.0,29.0,5.0,12.0,176636096.0,4.0,20798.0,poseidon,condorpool,poseidon-worker-2-container-36-39,point_alert,/opt/pointAlert/pointAlert,,0.0,0,0,,,,,,,,,
point_alert_ID0000065,None,compute,0,1694253862.0,,,1694253867.0,1694253870.0,1694253881.0,29586338.5,1694253868.0,1694253897.0,1694253886.0,1694253889.0,6488.0,1694253897.0,1694253902.0,5.0,,1.0,29.0,5.0,11.0,176639131.0,3.0,20238.0,poseidon,condorpool,poseidon-worker-1-container-0-3,point_alert,/opt/pointAlert/pointAlert,,0.0,0,0,,,,,,,,,
point_alert_ID0000105,None,compute,0,1694253862.0,,,1694253867.0,1694253871.0,1694253882.0,29610660.0,1694253869.0,1694253897.0,1694253887.0,1694253890.0,6786.0,1694253897.0,1694253902.0,5.0,,2.0,28.0,5.0,11.0,176667573.0,3.0,21278.0,poseidon,condorpool,poseidon-worker-2-container-44-47,point_alert,/opt/pointAlert/pointAlert,,0.0,0,0,,,,,,,,,
point_alert_ID0000055,None,compute,0,1694253862.0,,,1694253867.0,1694253870.0,1694253881.0,29563503.0,1694253868.0,1694253897.0,1694253886.0,1694253889.0,6566.0,1694253897.0,1694253902.0,5.0,,1.0,29.0,5.0,11.0,176636535.0,3.0,20638.0,poseidon,condorpool,poseidon-worker-2-container-0-3,point_alert,/opt/pointAlert/pointAlert,,0.0,0,0,,,,,,,,,
point_alert_ID0000125,None,compute,0,1694253862.0,,,1694253867.0,1694253870.0,1694253883.0,24891786.7,1694253868.0,1694253897.0,1694253888.0,1694253891.0,7430.0,1694253897.0,1694253902.0,5.0,,1.0,29.0,5.0,13.0,176678547.0,3.0,22878.0,poseidon,condorpool,poseidon-worker-1-container-36-39,point_alert,/opt/pointAlert/pointAlert,,0.0,0,0,,,,,,,,,
point_alert_ID0000025,None,compute,0,1694253862.0,,,1694253867.0,1694253870.0,1694253881.0,34486192.0,1694253868.0,1694253897.0,1694253887.0,1694253890.0,6418.0,1694253897.0,1694253902.0,5.0,,1.0,29.0,5.0,11.0,176638688.0,3.0,20078.0,poseidon,condorpool,poseidon-worker-1-container-40-43,point_alert,/opt/pointAlert/pointAlert,,0.0,0,0,,,,,,,,,
point_alert_ID0000035,None,compute,0,1694253862.0,,,1694253867.0,1694253870.0,1694253881.0,29583022.0,1694253869.0,1694253897.0,1694253886.0,1694253890.0,6423.0,1694253897.0,1694253902.0,5.0,,2.0,28.0,5.0,11.0,176638959.0,4.0,20078.0,poseidon,condorpool,poseidon-worker-2-container-16-19,point_alert,/opt/pointAlert/pointAlert,,0.0,0,0,,,,,,,,,
point_alert_ID0000095,None,compute,0,1694253862.0,,,1694253867.0,1694253870.0,1694253881.0,32523916.8,1694253868.0,1694253897.0,1694253886.0,1694253890.0,6514.0,1694253897.0,1694253902.0,5.0,,1.0,29.0,5.0,11.0,176660390.0,4.0,20718.0,poseidon,condorpool,poseidon-worker-2-container-4-7,point_alert,/opt/pointAlert/pointAlert,,0.0,0,0,,,,,,,,,
stage_out_local_condorpool_2_1,None,transfer,0,1694253862.0,,,1694253867.0,,,0.0,1694253868.0,1694253877.0,,,0.0,1694253877.0,1694253882.0,5.0,,1.0,9.0,5.0,,,,,poseidon,local,poseidon-submit,pegasus::transfer,/mnt/poseidon-data/poseidon/pegasus-5.1.0panorama/bin/pegasus-transfer,/home/poseidon/pegasus-5.1.0panorama/bin/../bin/pegasus-kickstart  -n pegasus::transfer -N null -i - -R local  -L casa-wind-full -T 2023-09-08T07:29:05+00:00 /home/poseidon/pegasus-5.1.0panorama/bin/../bin/pegasus-transfer  --threads 2,1.0,0,0,,,,,,,,,
point_alert_ID0000115,None,compute,0,1694253862.0,,,1694253867.0,1694253870.0,1694253881.0,32796110.2,1694253868.0,1694253897.0,1694253887.0,1694253890.0,6907.0,1694253897.0,1694253902.0,5.0,,1.0,29.0,5.0,11.0,176681217.0,3.0,21598.0,poseidon,condorpool,poseidon-worker-1-container-24-27,point_alert,/opt/pointAlert/pointAlert,,0.0,0,0,,,,,,,,,
point_alert_ID0000030,None,compute,0,1694253867.0,,,1694253872.0,1694253875.0,1694253886.0,34420105.0,1694253873.0,1694253902.0,1694253891.0,1694253894.0,6579.0,1694253902.0,1694253907.0,5.0,,1.0,29.0,5.0,11.0,176646324.0,3.0,20158.0,poseidon,condorpool,poseidon-worker-1-container-12-15,point_alert,/opt/pointAlert/pointAlert,,0.0,0,0,,,,,,,,,
stage_out_local_condorpool_2_0,None,transfer,0,1694253867.0,,,1694253872.0,,,0.0,1694253873.0,1694253882.0,,,0.0,1694253882.0,1694253887.0,5.0,,1.0,9.0,5.0,,,,,poseidon,local,poseidon-submit,pegasus::transfer,/mnt/poseidon-data/poseidon/pegasus-5.1.0panorama/bin/pegasus-transfer,/home/poseidon/pegasus-5.1.0panorama/bin/../bin/pegasus-kickstart  -n pegasus::transfer -N null -i - -R local  -L casa-wind-full -T 2023-09-08T07:29:05+00:00 /home/poseidon/pegasus-5.1.0panorama/bin/../bin/pegasus-transfer  --threads 2,0.9,0,0,,,,,,,,,
point_alert_ID0000075,None,compute,0,1694253872.0,,,1694253877.0,1694253880.0,1694253891.0,29616100.0,1694253879.0,1694253907.0,1694253896.0,1694253899.0,6628.0,1694253907.0,1694253912.0,5.0,,2.0,28.0,5.0,11.0,176646838.0,3.0,20558.0,poseidon,condorpool,poseidon-worker-1-container-28-31,point_alert,/opt/pointAlert/pointAlert,,0.0,0,0,,,,,,,,,
stage_out_local_condorpool_2_3,None,transfer,0,1694253872.0,,,1694253877.0,,,0.0,1694253878.0,1694253887.0,,,0.0,1694253887.0,1694253892.0,5.0,,1.0,9.0,5.0,,,,,poseidon,local,poseidon-submit,pegasus::transfer,/mnt/poseidon-data/poseidon/pegasus-5.1.0panorama/bin/pegasus-transfer,/home/poseidon/pegasus-5.1.0panorama/bin/../bin/pegasus-kickstart  -n pegasus::transfer -N null -i - -R local  -L casa-wind-full -T 2023-09-08T07:29:05+00:00 /home/poseidon/pegasus-5.1.0panorama/bin/../bin/pegasus-transfer  --threads 2,0.9,0,0,,,,,,,,,
register_condorpool_2_1,None,auxiliary,0,1694253882.0,,,1694253957.0,,,0.0,1694253957.0,1694253962.0,,,0.0,1694253962.0,1694253967.0,75.0,,0.0,5.0,5.0,,,,,poseidon,local,poseidon-submit,pegasus::rc-client,/mnt/poseidon-data/poseidon/pegasus-5.1.0panorama/bin/pegasus-rc-client,"-n pegasus::rc-client -N null -R local  -L casa-wind-full -T 2023-09-08T07:29:05+00:00 /home/poseidon/pegasus-5.1.0panorama/bin/pegasus-rc-client --prefix pegasus.catalog.replica.output --conf /mnt/poseidon-data/poseidon/workflows/casa-wind-workflow-full/submit/poseidon/pegasus/casa-wind-full/run0048/pegasus.5383513529809772013.properties -v --meta /mnt/poseidon-data/poseidon/workflows/casa-wind-workflow-full/submit/poseidon/pegasus/casa-wind-full/run0048/00/01/post_vel_ID0000028.meta,/mnt/poseidon-data/poseidon/workflows/casa-wind-workflow-full/submit/poseidon/pegasus/casa-wind-full/run0048/00/02/post_vel_ID0000043.meta,/mnt/poseidon-data/poseidon/workflows/casa-wind-workflow-full/submit/poseidon/pegasus/casa-wind-full/run0048/00/01/post_vel_ID0000128.meta,/mnt/poseidon-data/poseidon/workflows/casa-wind-workflow-full/submit/poseidon/pegasus/casa-wind-full/run0048/00/01/mvt_ID0000094.meta,/mnt/poseidon-data/poseidon/workflows/casa-wind-workflow-full/submit/poseidon/pegasus/casa-wind-full/run0048/00/01/mvt_ID0000069.meta,/mnt/poseidon-data/poseidon/workflows/casa-wind-workflow-full/submit/poseidon/pegasus/casa-wind-full/run0048/00/02/mvt_ID0000059.meta,/mnt/poseidon-data/poseidon/workflows/casa-wind-workflow-full/submit/poseidon/pegasus/casa-wind-full/run0048/00/01/mvt_ID0000124.meta,/mnt/poseidon-data/poseidon/workflows/casa-wind-workflow-full/submit/poseidon/pegasus/casa-wind-full/run0048/00/01/mvt_ID0000024.meta,/mnt/poseidon-data/poseidon/workflows/casa-wind-workflow-full/submit/poseidon/pegasus/casa-wind-full/run0048/00/02/mvt_ID0000079.meta --insert /mnt/poseidon-data/poseidon/workflows/casa-wind-workflow-full/submit/poseidon/pegasus/casa-wind-full/run0048/00/02/register_condorpool_2_1.in",2.7,0,0,,,,,,,,,
register_condorpool_2_4,None,auxiliary,0,1694253882.0,,,1694253887.0,,,0.0,1694253887.0,1694253892.0,,,0.0,1694253892.0,1694253897.0,5.0,,0.0,5.0,5.0,,,,,poseidon,local,poseidon-submit,pegasus::rc-client,/mnt/poseidon-data/poseidon/pegasus-5.1.0panorama/bin/pegasus-rc-client,"-n pegasus::rc-client -N null -R local  -L casa-wind-full -T 2023-09-08T07:29:05+00:00 /home/poseidon/pegasus-5.1.0panorama/bin/pegasus-rc-client --prefix pegasus.catalog.replica.output --conf /mnt/poseidon-data/poseidon/workflows/casa-wind-workflow-full/submit/poseidon/pegasus/casa-wind-full/run0048/pegasus.5383513529809772013.properties -v --meta /mnt/poseidon-data/poseidon/workflows/casa-wind-workflow-full/submit/poseidon/pegasus/casa-wind-full/run0048/00/02/post_vel_ID0000108.meta,/mnt/poseidon-data/poseidon/workflows/casa-wind-workflow-full/submit/poseidon/pegasus/casa-wind-full/run0048/00/01/post_vel_ID0000063.meta,/mnt/poseidon-data/poseidon/workflows/casa-wind-workflow-full/submit/poseidon/pegasus/casa-wind-full/run0048/00/01/post_vel_ID0000013.meta,/mnt/poseidon-data/poseidon/workflows/casa-wind-workflow-full/submit/poseidon/pegasus/casa-wind-full/run0048/00/02/mvt_ID0000054.meta,/mnt/poseidon-data/poseidon/workflows/casa-wind-workflow-full/submit/poseidon/pegasus/casa-wind-full/run0048/00/01/post_vel_ID0000033.meta,/mnt/poseidon-data/poseidon/workflows/casa-wind-workflow-full/submit/poseidon/pegasus/casa-wind-full/run0048/00/02/post_vel_ID0000113.meta,/mnt/poseidon-data/poseidon/workflows/casa-wind-workflow-full/submit/poseidon/pegasus/casa-wind-full/run0048/00/01/post_vel_ID0000003.meta,/mnt/poseidon-data/poseidon/workflows/casa-wind-workflow-full/submit/poseidon/pegasus/casa-wind-full/run0048/00/01/post_vel_ID0000118.meta --insert /mnt/poseidon-data/poseidon/workflows/casa-wind-workflow-full/submit/poseidon/pegasus/casa-wind-full/run0048/00/02/register_condorpool_2_4.in",2.8,0,0,,,,,,,,,
register_condorpool_2_5,None,auxiliary,0,1694253882.0,,,1694253907.0,,,0.0,1694253907.0,1694253912.0,,,0.0,1694253912.0,1694253917.0,25.0,,0.0,5.0,5.0,,,,,poseidon,local,poseidon-submit,pegasus::rc-client,/mnt/poseidon-data/poseidon/pegasus-5.1.0panorama/bin/pegasus-rc-client,"-n pegasus::rc-client -N null -R local  -L casa-wind-full -T 2023-09-08T07:29:05+00:00 /home/poseidon/pegasus-5.1.0panorama/bin/pegasus-rc-client --prefix pegasus.catalog.replica.output --conf /mnt/poseidon-data/poseidon/workflows/casa-wind-workflow-full/submit/poseidon/pegasus/casa-wind-full/run0048/pegasus.5383513529809772013.properties -v --meta /mnt/poseidon-data/poseidon/workflows/casa-wind-workflow-full/submit/poseidon/pegasus/casa-wind-full/run0048/00/01/mvt_ID0000004.meta,/mnt/poseidon-data/poseidon/workflows/casa-wind-workflow-full/submit/poseidon/pegasus/casa-wind-full/run0048/00/01/mvt_ID0000119.meta,/mnt/poseidon-data/poseidon/workflows/casa-wind-workflow-full/submit/poseidon/pegasus/casa-wind-full/run0048/00/02/post_vel_ID0000053.meta,/mnt/poseidon-data/poseidon/workflows/casa-wind-workflow-full/submit/poseidon/pegasus/casa-wind-full/run0048/00/02/mvt_ID0000114.meta,/mnt/poseidon-data/poseidon/workflows/casa-wind-workflow-full/submit/poseidon/pegasus/casa-wind-full/run0048/00/01/mvt_ID0000034.meta,/mnt/poseidon-data/poseidon/workflows/casa-wind-workflow-full/submit/poseidon/pegasus/casa-wind-full/run0048/00/01/mvt_ID0000014.meta,/mnt/poseidon-data/poseidon/workflows/casa-wind-workflow-full/submit/poseidon/pegasus/casa-wind-full/run0048/00/02/mvt_ID0000109.meta,/mnt/poseidon-data/poseidon/workflows/casa-wind-workflow-full/submit/poseidon/pegasus/casa-wind-full/run0048/00/01/mvt_ID0000064.meta --insert /mnt/poseidon-data/poseidon/workflows/casa-wind-workflow-full/submit/poseidon/pegasus/casa-wind-full/run0048/00/02/register_condorpool_2_5.in",2.6,0,0,,,,,,,,,
register_condorpool_2_2,None,auxiliary,0,1694253882.0,,,1694253917.0,,,0.0,1694253918.0,1694253922.0,,,0.0,1694253922.0,1694253927.0,35.0,,1.0,4.0,5.0,,,,,poseidon,local,poseidon-submit,pegasus::rc-client,/mnt/poseidon-data/poseidon/pegasus-5.1.0panorama/bin/pegasus-rc-client,"-n pegasus::rc-client -N null -R local  -L casa-wind-full -T 2023-09-08T07:29:05+00:00 /home/poseidon/pegasus-5.1.0panorama/bin/pegasus-rc-client --prefix pegasus.catalog.replica.output --conf /mnt/poseidon-data/poseidon/workflows/casa-wind-workflow-full/submit/poseidon/pegasus/casa-wind-full/run0048/pegasus.5383513529809772013.properties -v --meta /mnt/poseidon-data/poseidon/workflows/casa-wind-workflow-full/submit/poseidon/pegasus/casa-wind-full/run0048/00/02/post_vel_ID0000073.meta,/mnt/poseidon-data/poseidon/workflows/casa-wind-workflow-full/submit/poseidon/pegasus/casa-wind-full/run0048/00/02/mvt_ID0000039.meta,/mnt/poseidon-data/poseidon/workflows/casa-wind-workflow-full/submit/poseidon/pegasus/casa-wind-full/run0048/00/01/mvt_ID0000099.meta,/mnt/poseidon-data/poseidon/workflows/casa-wind-workflow-full/submit/poseidon/pegasus/casa-wind-full/run0048/00/01/post_vel_ID0000008.meta,/mnt/poseidon-data/poseidon/workflows/casa-wind-workflow-full/submit/poseidon/pegasus/casa-wind-full/run0048/00/02/mvt_ID0000049.meta,/mnt/poseidon-data/poseidon/workflows/casa-wind-workflow-full/submit/poseidon/pegasus/casa-wind-full/run0048/00/01/mvt_ID0000019.meta,/mnt/poseidon-data/poseidon/workflows/casa-wind-workflow-full/submit/poseidon/pegasus/casa-wind-full/run0048/00/02/mvt_ID0000104.meta,/mnt/poseidon-data/poseidon/workflows/casa-wind-workflow-full/submit/poseidon/pegasus/casa-wind-full/run0048/00/01/post_vel_ID0000083.meta,/mnt/poseidon-data/poseidon/workflows/casa-wind-workflow-full/submit/poseidon/pegasus/casa-wind-full/run0048/00/01/post_vel_ID0000088.meta --insert /mnt/poseidon-data/poseidon/workflows/casa-wind-workflow-full/submit/poseidon/pegasus/casa-wind-full/run0048/00/02/register_condorpool_2_2.in",2.6,0,0,,,,,,,,,
register_condorpool_2_0,None,auxiliary,0,1694253887.0,,,1694253897.0,,,0.0,1694253898.0,1694253902.0,,,0.0,1694253902.0,1694253907.0,10.0,,1.0,4.0,5.0,,,,,poseidon,local,poseidon-submit,pegasus::rc-client,/mnt/poseidon-data/poseidon/pegasus-5.1.0panorama/bin/pegasus-rc-client,"-n pegasus::rc-client -N null -R local  -L casa-wind-full -T 2023-09-08T07:29:05+00:00 /home/poseidon/pegasus-5.1.0panorama/bin/pegasus-rc-client --prefix pegasus.catalog.replica.output --conf /mnt/poseidon-data/poseidon/workflows/casa-wind-workflow-full/submit/poseidon/pegasus/casa-wind-full/run0048/pegasus.5383513529809772013.properties -v --meta /mnt/poseidon-data/poseidon/workflows/casa-wind-workflow-full/submit/poseidon/pegasus/casa-wind-full/run0048/00/01/post_vel_ID0000023.meta,/mnt/poseidon-data/poseidon/workflows/casa-wind-workflow-full/submit/poseidon/pegasus/casa-wind-full/run0048/00/01/post_vel_ID0000093.meta,/mnt/poseidon-data/poseidon/workflows/casa-wind-workflow-full/submit/poseidon/pegasus/casa-wind-full/run0048/00/01/mvt_ID0000129.meta,/mnt/poseidon-data/poseidon/workflows/casa-wind-workflow-full/submit/poseidon/pegasus/casa-wind-full/run0048/00/02/mvt_ID0000044.meta,/mnt/poseidon-data/poseidon/workflows/casa-wind-workflow-full/submit/poseidon/pegasus/casa-wind-full/run0048/00/02/post_vel_ID0000058.meta,/mnt/poseidon-data/poseidon/workflows/casa-wind-workflow-full/submit/poseidon/pegasus/casa-wind-full/run0048/00/01/post_vel_ID0000068.meta,/mnt/poseidon-data/poseidon/workflows/casa-wind-workflow-full/submit/poseidon/pegasus/casa-wind-full/run0048/00/01/post_vel_ID0000123.meta,/mnt/poseidon-data/poseidon/workflows/casa-wind-workflow-full/submit/poseidon/pegasus/casa-wind-full/run0048/00/02/post_vel_ID0000078.meta,/mnt/poseidon-data/poseidon/workflows/casa-wind-workflow-full/submit/poseidon/pegasus/casa-wind-full/run0048/00/01/mvt_ID0000029.meta --insert /mnt/poseidon-data/poseidon/workflows/casa-wind-workflow-full/submit/poseidon/pegasus/casa-wind-full/run0048/00/02/register_condorpool_2_0.in",2.6,0,0,,,,,,,,,
register_condorpool_2_3,None,auxiliary,0,1694253892.0,,,1694253967.0,,,0.0,1694253967.0,1694253972.0,,,0.0,1694253972.0,1694253977.0,75.0,,0.0,5.0,5.0,,,,,poseidon,local,poseidon-submit,pegasus::rc-client,/mnt/poseidon-data/poseidon/pegasus-5.1.0panorama/bin/pegasus-rc-client,"-n pegasus::rc-client -N null -R local  -L casa-wind-full -T 2023-09-08T07:29:05+00:00 /home/poseidon/pegasus-5.1.0panorama/bin/pegasus-rc-client --prefix pegasus.catalog.replica.output --conf /mnt/poseidon-data/poseidon/workflows/casa-wind-workflow-full/submit/poseidon/pegasus/casa-wind-full/run0048/pegasus.5383513529809772013.properties -v --meta /mnt/poseidon-data/poseidon/workflows/casa-wind-workflow-full/submit/poseidon/pegasus/casa-wind-full/run0048/00/01/mvt_ID0000084.meta,/mnt/poseidon-data/poseidon/workflows/casa-wind-workflow-full/submit/poseidon/pegasus/casa-wind-full/run0048/00/02/post_vel_ID0000103.meta,/mnt/poseidon-data/poseidon/workflows/casa-wind-workflow-full/submit/poseidon/pegasus/casa-wind-full/run0048/00/01/post_vel_ID0000098.meta,/mnt/poseidon-data/poseidon/workflows/casa-wind-workflow-full/submit/poseidon/pegasus/casa-wind-full/run0048/00/02/post_vel_ID0000048.meta,/mnt/poseidon-data/poseidon/workflows/casa-wind-workflow-full/submit/poseidon/pegasus/casa-wind-full/run0048/00/01/mvt_ID0000009.meta,/mnt/poseidon-data/poseidon/workflows/casa-wind-workflow-full/submit/poseidon/pegasus/casa-wind-full/run0048/00/01/post_vel_ID0000018.meta,/mnt/poseidon-data/poseidon/workflows/casa-wind-workflow-full/submit/poseidon/pegasus/casa-wind-full/run0048/00/01/mvt_ID0000089.meta,/mnt/poseidon-data/poseidon/workflows/casa-wind-workflow-full/submit/poseidon/pegasus/casa-wind-full/run0048/00/02/mvt_ID0000074.meta,/mnt/poseidon-data/poseidon/workflows/casa-wind-workflow-full/submit/poseidon/pegasus/casa-wind-full/run0048/00/02/post_vel_ID0000038.meta --insert /mnt/poseidon-data/poseidon/workflows/casa-wind-workflow-full/submit/poseidon/pegasus/casa-wind-full/run0048/00/02/register_condorpool_2_3.in",2.6,0,0,,,,,,,,,
stage_out_local_condorpool_3_2,None,transfer,0,1694253902.0,,,1694253907.0,,,0.0,1694253907.0,1694253912.0,,,0.0,1694253912.0,1694253917.0,5.0,,0.0,5.0,5.0,,,,,poseidon,local,poseidon-submit,pegasus::transfer,/mnt/poseidon-data/poseidon/pegasus-5.1.0panorama/bin/pegasus-transfer,/home/poseidon/pegasus-5.1.0panorama/bin/../bin/pegasus-kickstart  -n pegasus::transfer -N null -i - -R local  -L casa-wind-full -T 2023-09-08T07:29:05+00:00 /home/poseidon/pegasus-5.1.0panorama/bin/../bin/pegasus-transfer  --threads 2,0.9,0,0,,,,,,,,,
stage_out_local_condorpool_3_0,None,transfer,0,1694253907.0,,,1694253912.0,,,0.0,1694253913.0,1694253917.0,,,0.0,1694253917.0,1694253922.0,5.0,,1.0,4.0,5.0,,,,,poseidon,local,poseidon-submit,pegasus::transfer,/mnt/poseidon-data/poseidon/pegasus-5.1.0panorama/bin/pegasus-transfer,/home/poseidon/pegasus-5.1.0panorama/bin/../bin/pegasus-kickstart  -n pegasus::transfer -N null -i - -R local  -L casa-wind-full -T 2023-09-08T07:29:05+00:00 /home/poseidon/pegasus-5.1.0panorama/bin/../bin/pegasus-transfer  --threads 2,0.9,0,0,,,,,,,,,
stage_out_local_condorpool_3_1,None,transfer,0,1694253912.0,,,1694253917.0,,,0.0,1694253918.0,1694253922.0,,,0.0,1694253922.0,1694253927.0,5.0,,1.0,4.0,5.0,,,,,poseidon,local,poseidon-submit,pegasus::transfer,/mnt/poseidon-data/poseidon/pegasus-5.1.0panorama/bin/pegasus-transfer,/home/poseidon/pegasus-5.1.0panorama/bin/../bin/pegasus-kickstart  -n pegasus::transfer -N null -i - -R local  -L casa-wind-full -T 2023-09-08T07:29:05+00:00 /home/poseidon/pegasus-5.1.0panorama/bin/../bin/pegasus-transfer  --threads 2,0.9,0,0,,,,,,,,,
register_condorpool_3_2,None,auxiliary,0,1694253917.0,,,1694253927.0,,,0.0,1694253927.0,1694253932.0,,,0.0,1694253932.0,1694253937.0,10.0,,0.0,5.0,5.0,,,,,poseidon,local,poseidon-submit,pegasus::rc-client,/mnt/poseidon-data/poseidon/pegasus-5.1.0panorama/bin/pegasus-rc-client,"-n pegasus::rc-client -N null -R local  -L casa-wind-full -T 2023-09-08T07:29:05+00:00 /home/poseidon/pegasus-5.1.0panorama/bin/pegasus-rc-client --prefix pegasus.catalog.replica.output --conf /mnt/poseidon-data/poseidon/workflows/casa-wind-workflow-full/submit/poseidon/pegasus/casa-wind-full/run0048/pegasus.5383513529809772013.properties -v --meta /mnt/poseidon-data/poseidon/workflows/casa-wind-workflow-full/submit/poseidon/pegasus/casa-wind-full/run0048/00/03/point_alert_ID0000110.meta,/mnt/poseidon-data/poseidon/workflows/casa-wind-workflow-full/submit/poseidon/pegasus/casa-wind-full/run0048/00/03/point_alert_ID0000055.meta,/mnt/poseidon-data/poseidon/workflows/casa-wind-workflow-full/submit/poseidon/pegasus/casa-wind-full/run0048/00/02/point_alert_ID0000115.meta,/mnt/poseidon-data/poseidon/workflows/casa-wind-workflow-full/submit/poseidon/pegasus/casa-wind-full/run0048/00/02/point_alert_ID0000120.meta,/mnt/poseidon-data/poseidon/workflows/casa-wind-workflow-full/submit/poseidon/pegasus/casa-wind-full/run0048/00/02/point_alert_ID0000035.meta,/mnt/poseidon-data/poseidon/workflows/casa-wind-workflow-full/submit/poseidon/pegasus/casa-wind-full/run0048/00/02/point_alert_ID0000015.meta,/mnt/poseidon-data/poseidon/workflows/casa-wind-workflow-full/submit/poseidon/pegasus/casa-wind-full/run0048/00/02/point_alert_ID0000065.meta,/mnt/poseidon-data/poseidon/workflows/casa-wind-workflow-full/submit/poseidon/pegasus/casa-wind-full/run0048/00/02/point_alert_ID0000005.meta --insert /mnt/poseidon-data/poseidon/workflows/casa-wind-workflow-full/submit/poseidon/pegasus/casa-wind-full/run0048/00/03/register_condorpool_3_2.in",2.8,0,0,,,,,,,,,
register_condorpool_3_0,None,auxiliary,0,1694253922.0,,,1694253947.0,,,0.0,1694253948.0,1694253952.0,,,0.0,1694253952.0,1694253957.0,25.0,,1.0,4.0,5.0,,,,,poseidon,local,poseidon-submit,pegasus::rc-client,/mnt/poseidon-data/poseidon/pegasus-5.1.0panorama/bin/pegasus-rc-client,"-n pegasus::rc-client -N null -R local  -L casa-wind-full -T 2023-09-08T07:29:05+00:00 /home/poseidon/pegasus-5.1.0panorama/bin/pegasus-rc-client --prefix pegasus.catalog.replica.output --conf /mnt/poseidon-data/poseidon/workflows/casa-wind-workflow-full/submit/poseidon/pegasus/casa-wind-full/run0048/pegasus.5383513529809772013.properties -v --meta /mnt/poseidon-data/poseidon/workflows/casa-wind-workflow-full/submit/poseidon/pegasus/casa-wind-full/run0048/00/02/point_alert_ID0000125.meta,/mnt/poseidon-data/poseidon/workflows/casa-wind-workflow-full/submit/poseidon/pegasus/casa-wind-full/run0048/00/02/point_alert_ID0000095.meta,/mnt/poseidon-data/poseidon/workflows/casa-wind-workflow-full/submit/poseidon/pegasus/casa-wind-full/run0048/00/03/point_alert_ID0000060.meta,/mnt/poseidon-data/poseidon/workflows/casa-wind-workflow-full/submit/poseidon/pegasus/casa-wind-full/run0048/00/02/point_alert_ID0000030.meta,/mnt/poseidon-data/poseidon/workflows/casa-wind-workflow-full/submit/poseidon/pegasus/casa-wind-full/run0048/00/02/point_alert_ID0000025.meta,/mnt/poseidon-data/poseidon/workflows/casa-wind-workflow-full/submit/poseidon/pegasus/casa-wind-full/run0048/00/03/point_alert_ID0000045.meta,/mnt/poseidon-data/poseidon/workflows/casa-wind-workflow-full/submit/poseidon/pegasus/casa-wind-full/run0048/00/02/point_alert_ID0000130.meta,/mnt/poseidon-data/poseidon/workflows/casa-wind-workflow-full/submit/poseidon/pegasus/casa-wind-full/run0048/00/02/point_alert_ID0000070.meta,/mnt/poseidon-data/poseidon/workflows/casa-wind-workflow-full/submit/poseidon/pegasus/casa-wind-full/run0048/00/02/point_alert_ID0000080.meta --insert /mnt/poseidon-data/poseidon/workflows/casa-wind-workflow-full/submit/poseidon/pegasus/casa-wind-full/run0048/00/03/register_condorpool_3_0.in",2.6,0,0,,,,,,,,,
cleanup_casa-wind-full_0_condorpool,None,auxiliary,0,1694253927.0,,,1694253932.0,,,0.0,1694253932.0,1694253937.0,,,0.0,1694253937.0,1694253942.0,5.0,,0.0,5.0,5.0,,,,,poseidon,local,poseidon-submit,pegasus::cleanup,/mnt/poseidon-data/poseidon/pegasus-5.1.0panorama/bin/pegasus-transfer,pegasus-kickstart  -n pegasus::cleanup -N null -i - -R local  -L casa-wind-full -T 2023-09-08T07:29:05+00:00 pegasus-transfer,0.2,0,0,,,,,,,,,
register_condorpool_3_1,None,auxiliary,0,1694253927.0,,,1694253937.0,,,0.0,1694253937.0,1694253942.0,,,0.0,1694253942.0,1694253947.0,10.0,,0.0,5.0,5.0,,,,,poseidon,local,poseidon-submit,pegasus::rc-client,/mnt/poseidon-data/poseidon/pegasus-5.1.0panorama/bin/pegasus-rc-client,"-n pegasus::rc-client -N null -R local  -L casa-wind-full -T 2023-09-08T07:29:05+00:00 /home/poseidon/pegasus-5.1.0panorama/bin/pegasus-rc-client --prefix pegasus.catalog.replica.output --conf /mnt/poseidon-data/poseidon/workflows/casa-wind-workflow-full/submit/poseidon/pegasus/casa-wind-full/run0048/pegasus.5383513529809772013.properties -v --meta /mnt/poseidon-data/poseidon/workflows/casa-wind-workflow-full/submit/poseidon/pegasus/casa-wind-full/run0048/00/02/point_alert_ID0000010.meta,/mnt/poseidon-data/poseidon/workflows/casa-wind-workflow-full/submit/poseidon/pegasus/casa-wind-full/run0048/00/02/point_alert_ID0000090.meta,/mnt/poseidon-data/poseidon/workflows/casa-wind-workflow-full/submit/poseidon/pegasus/casa-wind-full/run0048/00/02/point_alert_ID0000085.meta,/mnt/poseidon-data/poseidon/workflows/casa-wind-workflow-full/submit/poseidon/pegasus/casa-wind-full/run0048/00/02/point_alert_ID0000075.meta,/mnt/poseidon-data/poseidon/workflows/casa-wind-workflow-full/submit/poseidon/pegasus/casa-wind-full/run0048/00/02/point_alert_ID0000100.meta,/mnt/poseidon-data/poseidon/workflows/casa-wind-workflow-full/submit/poseidon/pegasus/casa-wind-full/run0048/00/03/point_alert_ID0000040.meta,/mnt/poseidon-data/poseidon/workflows/casa-wind-workflow-full/submit/poseidon/pegasus/casa-wind-full/run0048/00/02/point_alert_ID0000020.meta,/mnt/poseidon-data/poseidon/workflows/casa-wind-workflow-full/submit/poseidon/pegasus/casa-wind-full/run0048/00/03/point_alert_ID0000050.meta,/mnt/poseidon-data/poseidon/workflows/casa-wind-workflow-full/submit/poseidon/pegasus/casa-wind-full/run0048/00/03/point_alert_ID0000105.meta --insert /mnt/poseidon-data/poseidon/workflows/casa-wind-workflow-full/submit/poseidon/pegasus/casa-wind-full/run0048/00/03/register_condorpool_3_1.in",2.6,0,0,,,,,,,,,
