,anomaly_type,type,is_clustered,ready,pre_script_start,pre_script_end,submit,stage_in_start,stage_in_end,stage_in_effective_bytes_per_sec,execute_start,execute_end,stage_out_start,stage_out_end,stage_out_effective_bytes_per_sec,post_script_start,post_script_end,wms_delay,pre_script_delay,queue_delay,runtime,post_script_delay,stage_in_delay,stage_in_bytes,stage_out_delay,stage_out_bytes,kickstart_user,kickstart_site,kickstart_hostname,kickstart_transformations,kickstart_executables,kickstart_executables_argv,kickstart_executables_cpu_time,kickstart_status,kickstart_executables_exitcode,kickstart_online_iowait,kickstart_online_bytes_read,kickstart_online_bytes_written,kickstart_online_read_system_calls,kickstart_online_write_system_calls,kickstart_online_utime,kickstart_online_stime,kickstart_online_bytes_read_per_second,kickstart_online_bytes_written_per_second
create_dir_casa-wind-full_0_condorpool,None,auxiliary,0,1694357683.0,,,1694357684.0,,,0.0,1694357687.0,1694357694.0,,,0.0,1694357694.0,1694357699.0,1.0,,3.0,7.0,5.0,,,,,poseidon,local,poseidon-submit,pegasus::dirmanager,/mnt/poseidon-data/poseidon/pegasus-5.1.0panorama/bin/pegasus-transfer,pegasus-kickstart  -n pegasus::dirmanager -N null -i - -R local  -L casa-wind-full -T 2023-09-08T07:29:05+00:00 pegasus-transfer,0.2,0,0,,,,,,,,,
unzip_ID0000006,cpu_2,compute,0,1694357699.0,,,1694357704.0,1694357728.0,1694357736.0,26155753.0,1694357726.0,1694357774.0,1694357749.0,1694357768.0,27615958.0,1694357774.0,1694357779.0,5.0,,22.0,48.0,5.0,8.0,222753803.0,19.0,501616588.0,poseidon,condorpool,poseidon-worker-2-container-16-19,unzip,/usr/bin/gunzip,,3.9,0,0,,,,,,,,,
unzip_ID0000106,None,compute,0,1694357699.0,,,1694357704.0,1694357725.0,1694357731.0,37385466.0,1694357723.0,1694357764.0,1694357744.0,1694357757.0,38639895.0,1694357764.0,1694357769.0,5.0,,19.0,41.0,5.0,6.0,241199298.0,13.0,501821816.0,poseidon,condorpool,poseidon-worker-1-container-36-39,unzip,/usr/bin/gunzip,,4.1,0,0,,,,,,,,,
unzip_ID0000046,None,compute,0,1694357699.0,,,1694357704.0,1694357724.0,1694357734.0,23673822.0,1694357723.0,1694357779.0,1694357747.0,1694357771.0,22169698.0,1694357779.0,1694357784.0,5.0,,19.0,56.0,5.0,10.0,229692821.0,24.0,523855228.0,poseidon,condorpool,poseidon-worker-2-container-4-7,unzip,/usr/bin/gunzip,,4.1,0,0,,,,,,,,,
unzip_ID0000101,None,compute,0,1694357699.0,,,1694357704.0,1694357727.0,1694357735.0,29109537.0,1694357725.0,1694357779.0,1694357750.0,1694357769.0,29380700.0,1694357779.0,1694357784.0,5.0,,21.0,54.0,5.0,8.0,250988249.0,19.0,561551644.0,poseidon,condorpool,poseidon-worker-1-container-4-7,unzip,/usr/bin/gunzip,,4.4,0,0,,,,,,,,,
unzip_ID0000026,None,compute,0,1694357699.0,,,1694357704.0,1694357725.0,1694357732.0,28567287.0,1694357723.0,1694357769.0,1694357746.0,1694357761.0,34610207.0,1694357769.0,1694357774.0,5.0,,19.0,46.0,5.0,7.0,227963832.0,15.0,523917888.0,poseidon,condorpool,poseidon-worker-1-container-8-11,unzip,/usr/bin/gunzip,,4.0,0,0,,,,,,,,,
unzip_ID0000126,None,compute,0,1694357699.0,,,1694357704.0,1694357723.0,1694357730.0,39683811.0,1694357722.0,1694357759.0,1694357742.0,1694357751.0,58735700.0,1694357759.0,1694357764.0,5.0,,18.0,37.0,5.0,7.0,249343892.0,9.0,520618424.0,poseidon,condorpool,poseidon-worker-1-container-16-19,unzip,/usr/bin/gunzip,,4.1,0,0,,,,,,,,,
unzip_ID0000031,None,compute,0,1694357699.0,,,1694357704.0,1694357724.0,1694357732.0,28194130.0,1694357722.0,1694357769.0,1694357746.0,1694357761.0,35039855.0,1694357769.0,1694357774.0,5.0,,18.0,47.0,5.0,8.0,237517035.0,15.0,539438752.0,poseidon,condorpool,poseidon-worker-1-container-24-27,unzip,/usr/bin/gunzip,,4.1,0,0,,,,,,,,,
unzip_ID0000076,None,compute,0,1694357699.0,,,1694357704.0,1694357724.0,1694357733.0,26903478.0,1694357722.0,1694357769.0,1694357746.0,1694357762.0,31744688.0,1694357769.0,1694357774.0,5.0,,18.0,47.0,5.0,9.0,233747923.0,16.0,523942844.0,poseidon,condorpool,poseidon-worker-1-container-12-15,unzip,/usr/bin/gunzip,,4.1,0,0,,,,,,,,,
unzip_ID0000056,cpu_2,compute,0,1694357699.0,,,1694357704.0,1694357724.0,1694357733.0,25320733.0,1694357722.0,1694357769.0,1694357746.0,1694357760.0,35782690.0,1694357769.0,1694357774.0,5.0,,18.0,47.0,5.0,9.0,232139969.0,14.0,528026776.0,poseidon,condorpool,poseidon-worker-2-container-8-11,unzip,/usr/bin/gunzip,,4.1,0,0,,,,,,,,,
unzip_ID0000111,None,compute,0,1694357699.0,,,1694357704.0,1694357724.0,1694357733.0,26378321.0,1694357722.0,1694357779.0,1694357747.0,1694357771.0,24019261.0,1694357779.0,1694357784.0,5.0,,18.0,57.0,5.0,9.0,256320311.0,24.0,567950764.0,poseidon,condorpool,poseidon-worker-2-container-40-43,unzip,/usr/bin/gunzip,,4.4,0,0,,,,,,,,,
unzip_ID0000071,None,compute,0,1694357699.0,,,1694357704.0,1694357724.0,1694357732.0,27955184.0,1694357722.0,1694357769.0,1694357745.0,1694357761.0,33635111.0,1694357769.0,1694357774.0,5.0,,18.0,47.0,5.0,8.0,240896692.0,16.0,539506600.0,poseidon,condorpool,poseidon-worker-2-container-28-31,unzip,/usr/bin/gunzip,,4.1,0,0,,,,,,,,,
unzip_ID0000051,None,compute,0,1694357699.0,,,1694357704.0,1694357724.0,1694357733.0,25342005.0,1694357722.0,1694357774.0,1694357746.0,1694357764.0,30683641.0,1694357774.0,1694357779.0,5.0,,18.0,52.0,5.0,9.0,239630266.0,18.0,544301296.0,poseidon,condorpool,poseidon-worker-2-container-0-3,unzip,/usr/bin/gunzip,,4.2,0,0,,,,,,,,,
unzip_ID0000011,None,compute,0,1694357699.0,,,1694357704.0,1694357724.0,1694357733.0,25934878.0,1694357722.0,1694357779.0,1694357747.0,1694357770.0,23936429.0,1694357779.0,1694357784.0,5.0,,18.0,57.0,5.0,9.0,235998389.0,23.0,565205920.0,poseidon,condorpool,poseidon-worker-1-container-20-23,unzip,/usr/bin/gunzip,,4.2,0,0,,,,,,,,,
unzip_ID0000091,None,compute,0,1694357699.0,,,1694357704.0,1694357724.0,1694357731.0,34439828.0,1694357723.0,1694357769.0,1694357744.0,1694357761.0,31410485.0,1694357769.0,1694357774.0,5.0,,19.0,46.0,5.0,7.0,246447087.0,17.0,539109992.0,poseidon,condorpool,poseidon-worker-2-container-12-15,unzip,/usr/bin/gunzip,,4.2,0,0,,,,,,,,,
unzip_ID0000081,None,compute,0,1694357699.0,,,1694357704.0,1694357724.0,1694357732.0,32041096.0,1694357723.0,1694357769.0,1694357745.0,1694357763.0,30714984.0,1694357769.0,1694357774.0,5.0,,19.0,46.0,5.0,8.0,245619741.0,18.0,543190672.0,poseidon,condorpool,poseidon-worker-1-container-36-39,unzip,/usr/bin/gunzip,,4.2,0,0,,,,,,,,,
unzip_ID0000096,None,compute,0,1694357699.0,,,1694357704.0,1694357724.0,1694357734.0,23242345.0,1694357722.0,1694357774.0,1694357748.0,1694357766.0,28446579.0,1694357774.0,1694357779.0,5.0,,18.0,52.0,5.0,10.0,240753402.0,18.0,524013876.0,poseidon,condorpool,poseidon-worker-2-container-20-23,unzip,/usr/bin/gunzip,,4.2,0,0,,,,,,,,,
unzip_ID0000061,None,compute,0,1694357699.0,,,1694357704.0,1694357724.0,1694357734.0,24016194.0,1694357722.0,1694357774.0,1694357748.0,1694357766.0,30659577.0,1694357774.0,1694357779.0,5.0,,18.0,52.0,5.0,10.0,240463185.0,18.0,541945820.0,poseidon,condorpool,poseidon-worker-1-container-0-3,unzip,/usr/bin/gunzip,,4.1,0,0,,,,,,,,,
unzip_ID0000001,None,compute,0,1694357699.0,,,1694357704.0,1694357724.0,1694357733.0,24047799.0,1694357722.0,1694357774.0,1694357747.0,1694357766.0,29248702.0,1694357774.0,1694357779.0,5.0,,18.0,52.0,5.0,9.0,232473216.0,19.0,561354992.0,poseidon,condorpool,poseidon-worker-2-container-44-47,unzip,/usr/bin/gunzip,,4.2,0,0,,,,,,,,,
unzip_ID0000121,None,compute,0,1694357699.0,,,1694357704.0,1694357724.0,1694357732.0,28855311.0,1694357722.0,1694357774.0,1694357746.0,1694357765.0,28049512.0,1694357774.0,1694357779.0,5.0,,18.0,52.0,5.0,8.0,250860096.0,19.0,550782944.0,poseidon,condorpool,poseidon-worker-1-container-32-35,unzip,/usr/bin/gunzip,,4.3,0,0,,,,,,,,,
unzip_ID0000066,None,compute,0,1694357699.0,,,1694357704.0,1694357724.0,1694357732.0,28196264.0,1694357722.0,1694357769.0,1694357745.0,1694357760.0,34687570.0,1694357769.0,1694357774.0,5.0,,18.0,47.0,5.0,8.0,232031705.0,15.0,523661496.0,poseidon,condorpool,poseidon-worker-1-container-40-43,unzip,/usr/bin/gunzip,,4.1,0,0,,,,,,,,,
unzip_ID0000041,None,compute,0,1694357699.0,,,1694357704.0,1694357723.0,1694357730.0,35016303.0,1694357722.0,1694357759.0,1694357743.0,1694357752.0,58692417.0,1694357759.0,1694357764.0,5.0,,18.0,37.0,5.0,7.0,238944758.0,9.0,540768928.0,poseidon,condorpool,poseidon-worker-1-container-44-47,unzip,/usr/bin/gunzip,,4.0,0,0,,,,,,,,,
unzip_ID0000086,None,compute,0,1694357699.0,,,1694357704.0,1694357723.0,1694357732.0,27559271.0,1694357722.0,1694357769.0,1694357745.0,1694357760.0,34084454.0,1694357769.0,1694357774.0,5.0,,18.0,47.0,5.0,9.0,234836668.0,15.0,518838800.0,poseidon,condorpool,poseidon-worker-2-container-24-27,unzip,/usr/bin/gunzip,,4.1,0,0,,,,,,,,,
unzip_ID0000016,None,compute,0,1694357699.0,,,1694357704.0,1694357724.0,1694357731.0,29452493.0,1694357722.0,1694357764.0,1694357745.0,1694357756.0,45714708.0,1694357764.0,1694357769.0,5.0,,18.0,42.0,5.0,7.0,225238888.0,11.0,523826084.0,poseidon,condorpool,poseidon-worker-1-container-28-31,unzip,/usr/bin/gunzip,,4.0,0,0,,,,,,,,,
unzip_ID0000036,None,compute,0,1694357699.0,,,1694357704.0,1694357724.0,1694357733.0,26529701.0,1694357722.0,1694357769.0,1694357745.0,1694357761.0,31508166.0,1694357769.0,1694357774.0,5.0,,18.0,47.0,5.0,9.0,232020704.0,16.0,526952240.0,poseidon,condorpool,poseidon-worker-2-container-32-35,unzip,/usr/bin/gunzip,,4.1,0,0,,,,,,,,,
unzip_ID0000116,cpu_2,compute,0,1694357699.0,,,1694357704.0,1694357724.0,1694357732.0,28791908.0,1694357722.0,1694357764.0,1694357745.0,1694357756.0,46450674.0,1694357764.0,1694357769.0,5.0,,18.0,42.0,5.0,8.0,249255741.0,11.0,520850676.0,poseidon,condorpool,poseidon-worker-2-container-16-19,unzip,/usr/bin/gunzip,,4.2,0,0,,,,,,,,,
unzip_ID0000021,None,compute,0,1694357699.0,,,1694357704.0,1694357724.0,1694357733.0,24037961.0,1694357722.0,1694357774.0,1694357747.0,1694357765.0,30187600.0,1694357774.0,1694357779.0,5.0,,18.0,52.0,5.0,9.0,235136662.0,18.0,539178100.0,poseidon,condorpool,poseidon-worker-2-container-36-39,unzip,/usr/bin/gunzip,,4.1,0,0,,,,,,,,,
um_vel_ID0000042,None,compute,0,1694357764.0,,,1694357769.0,1694357772.0,1694357792.0,48177731.4,1694357770.0,1694357814.0,1694357801.0,1694357804.0,178413.0,1694357814.0,1694357819.0,5.0,,1.0,44.0,5.0,20.0,717355680.0,3.0,556900.0,poseidon,condorpool,poseidon-worker-1-container-36-39,um_vel,/opt/UM_VEL/UM_VEL,,1.8,0,0,,,,,,,,,
um_vel_ID0000127,None,compute,0,1694357764.0,,,1694357769.0,1694357772.0,1694357792.0,47176381.7,1694357770.0,1694357814.0,1694357801.0,1694357804.0,171748.0,1694357814.0,1694357819.0,5.0,,1.0,44.0,5.0,20.0,697205176.0,3.0,556900.0,poseidon,condorpool,poseidon-worker-1-container-36-39,um_vel,/opt/UM_VEL/UM_VEL,,1.7,0,0,,,,,,,,,
um_vel_ID0000017,cpu_2,compute,0,1694357769.0,,,1694357774.0,1694357777.0,1694357798.0,48018363.2,1694357776.0,1694357819.0,1694357806.0,1694357809.0,175986.0,1694357819.0,1694357824.0,5.0,,2.0,43.0,5.0,21.0,700412836.0,3.0,556900.0,poseidon,condorpool,poseidon-worker-2-container-8-11,um_vel,/opt/UM_VEL/UM_VEL,,1.7,0,0,,,,,,,,,
um_vel_ID0000107,None,compute,0,1694357769.0,,,1694357774.0,1694357777.0,1694357796.0,51762062.2,1694357776.0,1694357814.0,1694357805.0,1694357808.0,175603.0,1694357814.0,1694357819.0,5.0,,2.0,38.0,5.0,19.0,678408568.0,3.0,556900.0,poseidon,condorpool,poseidon-worker-2-container-36-39,um_vel,/opt/UM_VEL/UM_VEL,,1.7,0,0,,,,,,,,,
um_vel_ID0000117,cpu_2,compute,0,1694357769.0,,,1694357774.0,1694357777.0,1694357798.0,45646698.7,1694357776.0,1694357819.0,1694357807.0,1694357810.0,176618.0,1694357819.0,1694357824.0,5.0,,2.0,43.0,5.0,21.0,697437428.0,3.0,556900.0,poseidon,condorpool,poseidon-worker-2-container-16-19,um_vel,/opt/UM_VEL/UM_VEL,,1.7,0,0,,,,,,,,,
um_vel_ID0000027,None,compute,0,1694357774.0,,,1694357779.0,1694357782.0,1694357801.0,53625772.2,1694357780.0,1694357819.0,1694357810.0,1694357813.0,176999.0,1694357819.0,1694357824.0,5.0,,1.0,39.0,5.0,19.0,700504640.0,3.0,556900.0,poseidon,condorpool,poseidon-worker-1-container-8-11,um_vel,/opt/UM_VEL/UM_VEL,,1.8,0,0,,,,,,,,,
um_vel_ID0000032,None,compute,0,1694357774.0,,,1694357779.0,1694357782.0,1694357803.0,46101293.0,1694357780.0,1694357824.0,1694357812.0,1694357815.0,175816.0,1694357824.0,1694357830.0,5.0,,1.0,44.0,6.0,21.0,716025504.0,3.0,556900.0,poseidon,condorpool,poseidon-worker-1-container-16-19,um_vel,/opt/UM_VEL/UM_VEL,,1.8,0,0,,,,,,,,,
um_vel_ID0000077,None,compute,0,1694357774.0,,,1694357779.0,1694357782.0,1694357803.0,45776443.4,1694357780.0,1694357824.0,1694357811.0,1694357815.0,177826.0,1694357824.0,1694357830.0,5.0,,1.0,44.0,6.0,21.0,700529596.0,4.0,556900.0,poseidon,condorpool,poseidon-worker-1-container-20-23,um_vel,/opt/UM_VEL/UM_VEL,,1.7,0,0,,,,,,,,,
um_vel_ID0000057,None,compute,0,1694357774.0,,,1694357779.0,1694357782.0,1694357802.0,51115685.6,1694357780.0,1694357824.0,1694357810.0,1694357813.0,176135.0,1694357824.0,1694357830.0,5.0,,1.0,44.0,6.0,20.0,704613528.0,3.0,556900.0,poseidon,condorpool,poseidon-worker-2-container-0-3,um_vel,/opt/UM_VEL/UM_VEL,,1.7,0,0,,,,,,,,,
um_vel_ID0000092,None,compute,0,1694357774.0,,,1694357779.0,1694357782.0,1694357802.0,52725991.2,1694357781.0,1694357824.0,1694357810.0,1694357813.0,177819.0,1694357824.0,1694357830.0,5.0,,2.0,43.0,6.0,20.0,715696744.0,3.0,556900.0,poseidon,condorpool,poseidon-worker-1-container-44-47,um_vel,/opt/UM_VEL/UM_VEL,,1.8,0,0,,,,,,,,,
um_vel_ID0000072,cpu_2,compute,0,1694357774.0,,,1694357779.0,1694357782.0,1694357802.0,48719956.1,1694357780.0,1694357824.0,1694357811.0,1694357814.0,177066.0,1694357824.0,1694357830.0,5.0,,1.0,44.0,6.0,20.0,716093352.0,3.0,556900.0,poseidon,condorpool,poseidon-worker-2-container-16-19,um_vel,/opt/UM_VEL/UM_VEL,,1.7,0,0,,,,,,,,,
um_vel_ID0000087,None,compute,0,1694357774.0,,,1694357779.0,1694357782.0,1694357801.0,52807148.2,1694357780.0,1694357819.0,1694357810.0,1694357813.0,178330.0,1694357819.0,1694357824.0,5.0,,1.0,39.0,5.0,19.0,695425552.0,3.0,556900.0,poseidon,condorpool,poseidon-worker-2-container-4-7,um_vel,/opt/UM_VEL/UM_VEL,,1.7,0,0,,,,,,,,,
um_vel_ID0000037,None,compute,0,1694357774.0,,,1694357779.0,1694357782.0,1694357804.0,44216989.7,1694357780.0,1694357824.0,1694357812.0,1694357815.0,178516.0,1694357824.0,1694357830.0,5.0,,1.0,44.0,6.0,22.0,703538992.0,3.0,556900.0,poseidon,condorpool,poseidon-worker-2-container-32-35,um_vel,/opt/UM_VEL/UM_VEL,,1.7,0,0,,,,,,,,,
um_vel_ID0000082,None,compute,0,1694357774.0,,,1694357779.0,1694357782.0,1694357802.0,48388073.4,1694357780.0,1694357824.0,1694357811.0,1694357814.0,179297.0,1694357824.0,1694357830.0,5.0,,1.0,44.0,6.0,20.0,719777424.0,3.0,556900.0,poseidon,condorpool,poseidon-worker-2-container-24-27,um_vel,/opt/UM_VEL/UM_VEL,,1.7,0,0,,,,,,,,,
um_vel_ID0000067,None,compute,0,1694357774.0,,,1694357779.0,1694357782.0,1694357801.0,50902252.2,1694357780.0,1694357824.0,1694357810.0,1694357813.0,177065.0,1694357824.0,1694357830.0,5.0,,1.0,44.0,6.0,19.0,700248248.0,3.0,556900.0,poseidon,condorpool,poseidon-worker-1-container-0-3,um_vel,/opt/UM_VEL/UM_VEL,,1.7,0,0,,,,,,,,,
um_vel_ID0000062,None,compute,0,1694357779.0,,,1694357784.0,1694357788.0,1694357808.0,49787147.2,1694357786.0,1694357830.0,1694357817.0,1694357821.0,179322.0,1694357830.0,1694357835.0,5.0,,2.0,44.0,5.0,20.0,718532572.0,4.0,556900.0,poseidon,condorpool,poseidon-worker-1-container-32-35,um_vel,/opt/UM_VEL/UM_VEL,,1.7,0,0,,,,,,,,,
um_vel_ID0000002,None,compute,0,1694357779.0,,,1694357784.0,1694357787.0,1694357808.0,49947185.6,1694357786.0,1694357830.0,1694357818.0,1694357821.0,178858.0,1694357830.0,1694357835.0,5.0,,2.0,44.0,5.0,21.0,737941744.0,3.0,556900.0,poseidon,condorpool,poseidon-worker-1-container-40-43,um_vel,/opt/UM_VEL/UM_VEL,,1.8,0,0,,,,,,,,,
um_vel_ID0000122,None,compute,0,1694357779.0,,,1694357784.0,1694357787.0,1694357808.0,48711012.4,1694357786.0,1694357830.0,1694357817.0,1694357820.0,174279.0,1694357830.0,1694357835.0,5.0,,2.0,44.0,5.0,21.0,727369696.0,3.0,556900.0,poseidon,condorpool,poseidon-worker-2-container-40-43,um_vel,/opt/UM_VEL/UM_VEL,,1.7,0,0,,,,,,,,,
um_vel_ID0000007,None,compute,0,1694357779.0,,,1694357784.0,1694357787.0,1694357805.0,56861378.4,1694357785.0,1694357824.0,1694357814.0,1694357817.0,180017.0,1694357824.0,1694357830.0,5.0,,1.0,39.0,6.0,18.0,678203340.0,3.0,556900.0,poseidon,condorpool,poseidon-worker-2-container-20-23,um_vel,/opt/UM_VEL/UM_VEL,,1.6,0,0,,,,,,,,,
um_vel_ID0000022,None,compute,0,1694357779.0,,,1694357784.0,1694357788.0,1694357808.0,50214420.1,1694357786.0,1694357830.0,1694357816.0,1694357819.0,177547.0,1694357830.0,1694357835.0,5.0,,2.0,44.0,5.0,20.0,715764852.0,3.0,556900.0,poseidon,condorpool,poseidon-worker-2-container-28-31,um_vel,/opt/UM_VEL/UM_VEL,,1.8,0,0,,,,,,,,,
um_vel_ID0000052,None,compute,0,1694357779.0,,,1694357784.0,1694357788.0,1694357808.0,48423519.4,1694357786.0,1694357830.0,1694357817.0,1694357820.0,174676.0,1694357830.0,1694357835.0,5.0,,2.0,44.0,5.0,20.0,720888048.0,3.0,556900.0,poseidon,condorpool,poseidon-worker-2-container-44-47,um_vel,/opt/UM_VEL/UM_VEL,,1.7,0,0,,,,,,,,,
um_vel_ID0000097,None,compute,0,1694357779.0,,,1694357784.0,1694357788.0,1694357807.0,53133126.5,1694357786.0,1694357824.0,1694357815.0,1694357818.0,178758.0,1694357824.0,1694357830.0,5.0,,2.0,38.0,6.0,19.0,700600628.0,3.0,556900.0,poseidon,condorpool,poseidon-worker-2-container-12-15,um_vel,/opt/UM_VEL/UM_VEL,,1.7,0,0,,,,,,,,,
um_vel_ID0000112,None,compute,0,1694357784.0,,,1694357789.0,1694357813.0,1694357832.0,55343262.7,1694357811.0,1694357850.0,1694357841.0,1694357844.0,176787.0,1694357850.0,1694357855.0,5.0,,22.0,39.0,5.0,19.0,744537516.0,3.0,556900.0,poseidon,condorpool,poseidon-worker-1-container-36-39,um_vel,/opt/UM_VEL/UM_VEL,,1.8,0,0,,,,,,,,,
um_vel_ID0000102,None,compute,0,1694357784.0,,,1694357789.0,1694357792.0,1694357811.0,56178864.8,1694357791.0,1694357830.0,1694357820.0,1694357823.0,178471.0,1694357830.0,1694357835.0,5.0,,2.0,39.0,5.0,19.0,738138396.0,3.0,556900.0,poseidon,condorpool,poseidon-worker-1-container-4-7,um_vel,/opt/UM_VEL/UM_VEL,,1.8,0,0,,,,,,,,,
um_vel_ID0000047,None,compute,0,1694357784.0,,,1694357789.0,1694357792.0,1694357811.0,53128225.8,1694357791.0,1694357830.0,1694357820.0,1694357823.0,178918.0,1694357830.0,1694357835.0,5.0,,2.0,39.0,5.0,19.0,700441980.0,3.0,556900.0,poseidon,condorpool,poseidon-worker-1-container-12-15,um_vel,/opt/UM_VEL/UM_VEL,,1.7,0,0,,,,,,,,,
stage_out_local_condorpool_0_0,None,transfer,0,1694357784.0,,,1694357789.0,,,0.0,1694357790.0,1694357824.0,,,0.0,1694357824.0,1694357830.0,5.0,,1.0,34.0,6.0,,,,,poseidon,local,poseidon-submit,pegasus::transfer,/mnt/poseidon-data/poseidon/pegasus-5.1.0panorama/bin/pegasus-transfer,/home/poseidon/pegasus-5.1.0panorama/bin/../bin/pegasus-kickstart  -n pegasus::transfer -N null -i - -R local  -L casa-wind-full -T 2023-09-08T07:29:05+00:00 /home/poseidon/pegasus-5.1.0panorama/bin/../bin/pegasus-transfer  --threads 2,35.6,0,0,,,,,,,,,
stage_out_local_condorpool_0_1,None,transfer,0,1694357784.0,,,1694357789.0,,,0.0,1694357790.0,1694357824.0,,,0.0,1694357824.0,1694357830.0,5.0,,1.0,34.0,6.0,,,,,poseidon,local,poseidon-submit,pegasus::transfer,/mnt/poseidon-data/poseidon/pegasus-5.1.0panorama/bin/pegasus-transfer,/home/poseidon/pegasus-5.1.0panorama/bin/../bin/pegasus-kickstart  -n pegasus::transfer -N null -i - -R local  -L casa-wind-full -T 2023-09-08T07:29:05+00:00 /home/poseidon/pegasus-5.1.0panorama/bin/../bin/pegasus-transfer  --threads 2,34.5,0,0,,,,,,,,,
stage_out_local_condorpool_0_2,None,transfer,0,1694357784.0,,,1694357789.0,,,0.0,1694357790.0,1694357824.0,,,0.0,1694357824.0,1694357830.0,5.0,,1.0,34.0,6.0,,,,,poseidon,local,poseidon-submit,pegasus::transfer,/mnt/poseidon-data/poseidon/pegasus-5.1.0panorama/bin/pegasus-transfer,/home/poseidon/pegasus-5.1.0panorama/bin/../bin/pegasus-kickstart  -n pegasus::transfer -N null -i - -R local  -L casa-wind-full -T 2023-09-08T07:29:05+00:00 /home/poseidon/pegasus-5.1.0panorama/bin/../bin/pegasus-transfer  --threads 2,35.2,0,0,,,,,,,,,
um_vel_ID0000012,None,compute,0,1694357784.0,,,1694357789.0,1694357792.0,1694357812.0,51850524.0,1694357791.0,1694357830.0,1694357821.0,1694357824.0,179049.0,1694357830.0,1694357835.0,5.0,,2.0,39.0,5.0,20.0,741792672.0,3.0,556900.0,poseidon,condorpool,poseidon-worker-1-container-24-27,um_vel,/opt/UM_VEL/UM_VEL,,1.8,0,0,,,,,,,,,
mvt_ID0000129,None,compute,0,1694357819.0,,,1694357824.0,1694357827.0,1694357838.0,34803913.0,1694357825.0,1694357895.0,1694357883.0,1694357886.0,21172.0,1694357895.0,1694357900.0,5.0,,1.0,70.0,5.0,11.0,177143652.0,3.0,64489.0,poseidon,condorpool,poseidon-worker-2-container-36-39,mvt,/opt/mvt/mvt,,39.7,0,0,0.0,791896.0,36864.0,428.0,9.0,29.9,0.1,26396.5,3686.4
post_vel_ID0000128,cpu_2,compute,0,1694357819.0,,,1694357824.0,1694357827.0,1694357838.0,34825749.0,1694357825.0,1694357855.0,1694357843.0,1694357846.0,4760.0,1694357855.0,1694357860.0,5.0,,1.0,30.0,5.0,11.0,177143937.0,3.0,14512.0,poseidon,condorpool,poseidon-worker-2-container-16-19,post_vel,/opt/netcdf2png/merged_netcdf2png,,0.1,0,0,,,,,,,,,
post_vel_ID0000108,None,compute,0,1694357819.0,,,1694357824.0,1694357827.0,1694357838.0,29654695.5,1694357825.0,1694357855.0,1694357843.0,1694357846.0,4563.0,1694357855.0,1694357860.0,5.0,,1.0,30.0,5.0,11.0,177143937.0,3.0,13907.0,poseidon,condorpool,poseidon-worker-1-container-36-39,post_vel,/opt/netcdf2png/merged_netcdf2png,,0.1,0,0,,,,,,,,,
mvt_ID0000109,None,compute,0,1694357819.0,,,1694357824.0,1694357827.0,1694357838.0,29623925.5,1694357825.0,1694357895.0,1694357883.0,1694357886.0,19679.0,1694357895.0,1694357900.0,5.0,,1.0,70.0,5.0,11.0,177143652.0,3.0,59954.0,poseidon,condorpool,poseidon-worker-1-container-36-39,mvt,/opt/mvt/mvt,,40.2,0,0,0.0,854799.0,32768.0,572.0,8.0,39.7,0.2,21370.0,1638.4
post_vel_ID0000043,None,compute,0,1694357819.0,,,1694357824.0,1694357827.0,1694357838.0,35089749.2,1694357825.0,1694357855.0,1694357843.0,1694357846.0,3642.0,1694357855.0,1694357860.0,5.0,,1.0,30.0,5.0,11.0,177143937.0,3.0,11050.0,poseidon,condorpool,poseidon-worker-2-container-32-35,post_vel,/opt/netcdf2png/merged_netcdf2png,,0.1,0,0,,,,,,,,,
mvt_ID0000044,cpu_2,compute,0,1694357819.0,,,1694357824.0,1694357827.0,1694357838.0,33830044.6,1694357825.0,1694357895.0,1694357884.0,1694357887.0,8720.0,1694357895.0,1694357900.0,5.0,,1.0,70.0,5.0,11.0,177143652.0,3.0,28113.0,poseidon,condorpool,poseidon-worker-2-container-8-11,mvt,/opt/mvt/mvt,,40.5,0,0,0.0,791479.0,12288.0,434.0,3.0,39.8,0.1,19787.0,1228.8
mvt_ID0000119,None,compute,0,1694357824.0,,,1694357829.0,1694357832.0,1694357844.0,31768743.4,1694357831.0,1694357900.0,1694357889.0,1694357893.0,21434.0,1694357900.0,1694357905.0,5.0,,2.0,69.0,5.0,12.0,177143652.0,4.0,65525.0,poseidon,condorpool,poseidon-worker-2-container-0-3,mvt,/opt/mvt/mvt,,40.6,0,0,0.0,795590.0,36864.0,443.0,9.0,39.9,0.1,19889.8,3686.4
post_vel_ID0000118,None,compute,0,1694357824.0,,,1694357829.0,1694357832.0,1694357843.0,34832404.2,1694357831.0,1694357860.0,1694357849.0,1694357852.0,4749.0,1694357860.0,1694357865.0,5.0,,2.0,29.0,5.0,11.0,177143937.0,3.0,14402.0,poseidon,condorpool,poseidon-worker-1-container-16-19,post_vel,/opt/netcdf2png/merged_netcdf2png,,0.1,0,0,,,,,,,,,
post_vel_ID0000028,None,compute,0,1694357824.0,,,1694357829.0,1694357832.0,1694357844.0,34944180.6,1694357831.0,1694357860.0,1694357849.0,1694357852.0,3795.0,1694357860.0,1694357865.0,5.0,,2.0,29.0,5.0,12.0,177143937.0,3.0,11529.0,poseidon,condorpool,poseidon-worker-1-container-44-47,post_vel,/opt/netcdf2png/merged_netcdf2png,,0.1,0,0,,,,,,,,,
mvt_ID0000029,cpu_2,compute,0,1694357824.0,,,1694357829.0,1694357833.0,1694357844.0,29997552.8,1694357831.0,1694357900.0,1694357890.0,1694357893.0,12579.0,1694357900.0,1694357905.0,5.0,,2.0,69.0,5.0,11.0,177143652.0,3.0,38341.0,poseidon,condorpool,poseidon-worker-2-container-16-19,mvt,/opt/mvt/mvt,,40.0,0,0,0.0,816361.0,20480.0,488.0,5.0,39.2,0.1,20409.0,1024.0
mvt_ID0000019,None,compute,0,1694357824.0,,,1694357829.0,1694357832.0,1694357843.0,32681144.2,1694357831.0,1694357900.0,1694357889.0,1694357892.0,11901.0,1694357900.0,1694357905.0,5.0,,2.0,69.0,5.0,11.0,177143652.0,3.0,36245.0,poseidon,condorpool,poseidon-worker-2-container-4-7,mvt,/opt/mvt/mvt,,40.7,0,0,0.0,795596.0,20480.0,443.0,5.0,39.8,0.2,19889.9,1024.0
post_vel_ID0000088,None,compute,0,1694357824.0,,,1694357829.0,1694357832.0,1694357844.0,34928506.8,1694357831.0,1694357860.0,1694357849.0,1694357852.0,4156.0,1694357860.0,1694357865.0,5.0,,2.0,29.0,5.0,12.0,177143937.0,3.0,12740.0,poseidon,condorpool,poseidon-worker-1-container-8-11,post_vel,/opt/netcdf2png/merged_netcdf2png,,0.1,0,0,,,,,,,,,
mvt_ID0000089,None,compute,0,1694357824.0,,,1694357829.0,1694357832.0,1694357843.0,34060291.8,1694357831.0,1694357900.0,1694357889.0,1694357892.0,15826.0,1694357900.0,1694357905.0,5.0,,2.0,69.0,5.0,11.0,177143652.0,3.0,48475.0,poseidon,condorpool,poseidon-worker-2-container-24-27,mvt,/opt/mvt/mvt,,40.5,0,0,0.0,795681.0,24576.0,443.0,6.0,39.9,0.1,19892.0,2457.6
post_vel_ID0000018,None,compute,0,1694357824.0,,,1694357830.0,1694357832.0,1694357843.0,34902380.6,1694357831.0,1694357860.0,1694357849.0,1694357852.0,3844.0,1694357860.0,1694357865.0,6.0,,1.0,29.0,5.0,11.0,177143937.0,3.0,11645.0,poseidon,condorpool,poseidon-worker-1-container-0-3,post_vel,/opt/netcdf2png/merged_netcdf2png,,0.1,0,0,,,,,,,,,
post_vel_ID0000078,None,compute,0,1694357830.0,,,1694357835.0,1694357838.0,1694357849.0,34743205.8,1694357836.0,1694357865.0,1694357855.0,1694357858.0,3907.0,1694357865.0,1694357870.0,5.0,,1.0,29.0,5.0,11.0,177143937.0,3.0,12264.0,poseidon,condorpool,poseidon-worker-1-container-12-15,post_vel,/opt/netcdf2png/merged_netcdf2png,,0.1,0,0,,,,,,,,,
mvt_ID0000059,None,compute,0,1694357830.0,,,1694357835.0,1694357838.0,1694357849.0,30870653.8,1694357836.0,1694357905.0,1694357894.0,1694357897.0,9261.0,1694357905.0,1694357910.0,5.0,,1.0,69.0,5.0,11.0,177143652.0,3.0,28164.0,poseidon,condorpool,poseidon-worker-1-container-32-35,mvt,/opt/mvt/mvt,,39.3,0,0,0.0,813793.0,12288.0,476.0,3.0,29.9,0.1,27126.4,1228.8
post_vel_ID0000058,None,compute,0,1694357830.0,,,1694357835.0,1694357838.0,1694357850.0,29028473.6,1694357836.0,1694357865.0,1694357855.0,1694357858.0,3588.0,1694357865.0,1694357870.0,5.0,,1.0,29.0,5.0,12.0,177143937.0,3.0,10981.0,poseidon,condorpool,poseidon-worker-2-container-44-47,post_vel,/opt/netcdf2png/merged_netcdf2png,,0.1,0,0,,,,,,,,,
mvt_ID0000079,None,compute,0,1694357830.0,,,1694357835.0,1694357838.0,1694357850.0,27226426.0,1694357836.0,1694357905.0,1694357895.0,1694357898.0,14753.0,1694357905.0,1694357910.0,5.0,,1.0,69.0,5.0,12.0,177143652.0,3.0,45337.0,poseidon,condorpool,poseidon-worker-1-container-24-27,mvt,/opt/mvt/mvt,,40.2,0,0,0.0,806639.0,24576.0,467.0,6.0,39.7,0.3,20166.0,1228.8
register_condorpool_0_2,None,auxiliary,0,1694357830.0,,,1694357835.0,,,0.0,1694357836.0,1694357840.0,,,0.0,1694357840.0,1694357845.0,5.0,,1.0,4.0,5.0,,,,,poseidon,local,poseidon-submit,pegasus::rc-client,/mnt/poseidon-data/poseidon/pegasus-5.1.0panorama/bin/pegasus-rc-client,"-n pegasus::rc-client -N null -R local  -L casa-wind-full -T 2023-09-08T07:29:05+00:00 /home/poseidon/pegasus-5.1.0panorama/bin/pegasus-rc-client --prefix pegasus.catalog.replica.output --conf /mnt/poseidon-data/poseidon/workflows/casa-wind-workflow-full/submit/poseidon/pegasus/casa-wind-full/run0163/pegasus.12950534592782059370.properties -v --meta /mnt/poseidon-data/poseidon/workflows/casa-wind-workflow-full/submit/poseidon/pegasus/casa-wind-full/run0163/00/00/unzip_ID0000001.meta,/mnt/poseidon-data/poseidon/workflows/casa-wind-workflow-full/submit/poseidon/pegasus/casa-wind-full/run0163/00/00/unzip_ID0000071.meta,/mnt/poseidon-data/poseidon/workflows/casa-wind-workflow-full/submit/poseidon/pegasus/casa-wind-full/run0163/00/00/unzip_ID0000076.meta,/mnt/poseidon-data/poseidon/workflows/casa-wind-workflow-full/submit/poseidon/pegasus/casa-wind-full/run0163/00/00/unzip_ID0000051.meta,/mnt/poseidon-data/poseidon/workflows/casa-wind-workflow-full/submit/poseidon/pegasus/casa-wind-full/run0163/00/00/unzip_ID0000026.meta,/mnt/poseidon-data/poseidon/workflows/casa-wind-workflow-full/submit/poseidon/pegasus/casa-wind-full/run0163/00/00/unzip_ID0000101.meta,/mnt/poseidon-data/poseidon/workflows/casa-wind-workflow-full/submit/poseidon/pegasus/casa-wind-full/run0163/00/00/unzip_ID0000006.meta,/mnt/poseidon-data/poseidon/workflows/casa-wind-workflow-full/submit/poseidon/pegasus/casa-wind-full/run0163/00/00/unzip_ID0000121.meta,/mnt/poseidon-data/poseidon/workflows/casa-wind-workflow-full/submit/poseidon/pegasus/casa-wind-full/run0163/00/00/unzip_ID0000111.meta,/mnt/poseidon-data/poseidon/workflows/casa-wind-workflow-full/submit/poseidon/pegasus/casa-wind-full/run0163/00/00/unzip_ID0000126.meta,/mnt/poseidon-data/poseidon/workflows/casa-wind-workflow-full/submit/poseidon/pegasus/casa-wind-full/run0163/00/00/unzip_ID0000046.meta,/mnt/poseidon-data/poseidon/workflows/casa-wind-workflow-full/submit/poseidon/pegasus/casa-wind-full/run0163/00/00/unzip_ID0000081.meta,/mnt/poseidon-data/poseidon/workflows/casa-wind-workflow-full/submit/poseidon/pegasus/casa-wind-full/run0163/00/00/unzip_ID0000096.meta,/mnt/poseidon-data/poseidon/workflows/casa-wind-workflow-full/submit/poseidon/pegasus/casa-wind-full/run0163/00/00/unzip_ID0000016.meta,/mnt/poseidon-data/poseidon/workflows/casa-wind-workflow-full/submit/poseidon/pegasus/casa-wind-full/run0163/00/00/unzip_ID0000041.meta,/mnt/poseidon-data/poseidon/workflows/casa-wind-workflow-full/submit/poseidon/pegasus/casa-wind-full/run0163/00/00/unzip_ID0000116.meta,/mnt/poseidon-data/poseidon/workflows/casa-wind-workflow-full/submit/poseidon/pegasus/casa-wind-full/run0163/00/00/unzip_ID0000036.meta,/mnt/poseidon-data/poseidon/workflows/casa-wind-workflow-full/submit/poseidon/pegasus/casa-wind-full/run0163/00/00/unzip_ID0000106.meta,/mnt/poseidon-data/poseidon/workflows/casa-wind-workflow-full/submit/poseidon/pegasus/casa-wind-full/run0163/00/00/unzip_ID0000031.meta,/mnt/poseidon-data/poseidon/workflows/casa-wind-workflow-full/submit/poseidon/pegasus/casa-wind-full/run0163/00/00/unzip_ID0000091.meta,/mnt/poseidon-data/poseidon/workflows/casa-wind-workflow-full/submit/poseidon/pegasus/casa-wind-full/run0163/00/00/unzip_ID0000061.meta,/mnt/poseidon-data/poseidon/workflows/casa-wind-workflow-full/submit/poseidon/pegasus/casa-wind-full/run0163/00/00/unzip_ID0000066.meta,/mnt/poseidon-data/poseidon/workflows/casa-wind-workflow-full/submit/poseidon/pegasus/casa-wind-full/run0163/00/00/unzip_ID0000056.meta,/mnt/poseidon-data/poseidon/workflows/casa-wind-workflow-full/submit/poseidon/pegasus/casa-wind-full/run0163/00/00/unzip_ID0000086.meta,/mnt/poseidon-data/poseidon/workflows/casa-wind-workflow-full/submit/poseidon/pegasus/casa-wind-full/run0163/00/00/unzip_ID0000011.meta,/mnt/poseidon-data/poseidon/workflows/casa-wind-workflow-full/submit/poseidon/pegasus/casa-wind-full/run0163/00/00/unzip_ID0000021.meta --insert /mnt/poseidon-data/poseidon/workflows/casa-wind-workflow-full/submit/poseidon/pegasus/casa-wind-full/run0163/00/00/register_condorpool_0_2.in",3.2,0,0,,,,,,,,,
mvt_ID0000034,None,compute,0,1694357830.0,,,1694357835.0,1694357853.0,1694357864.0,31281235.2,1694357850.0,1694357920.0,1694357910.0,1694357913.0,10129.0,1694357920.0,1694357926.0,5.0,,15.0,70.0,6.0,11.0,177143652.0,3.0,30976.0,poseidon,condorpool,poseidon-worker-2-container-24-27,mvt,/opt/mvt/mvt,,39.8,0,0,0.0,822140.0,16384.0,494.0,4.0,29.9,0.1,27404.7,819.2
register_condorpool_0_0,None,auxiliary,0,1694357830.0,,,1694357885.0,,,0.0,1694357885.0,1694357890.0,,,0.0,1694357890.0,1694357895.0,55.0,,0.0,5.0,5.0,,,,,poseidon,local,poseidon-submit,pegasus::rc-client,/mnt/poseidon-data/poseidon/pegasus-5.1.0panorama/bin/pegasus-rc-client,"-n pegasus::rc-client -N null -R local  -L casa-wind-full -T 2023-09-08T07:29:05+00:00 /home/poseidon/pegasus-5.1.0panorama/bin/pegasus-rc-client --prefix pegasus.catalog.replica.output --conf /mnt/poseidon-data/poseidon/workflows/casa-wind-workflow-full/submit/poseidon/pegasus/casa-wind-full/run0163/pegasus.12950534592782059370.properties -v --meta /mnt/poseidon-data/poseidon/workflows/casa-wind-workflow-full/submit/poseidon/pegasus/casa-wind-full/run0163/00/00/unzip_ID0000001.meta,/mnt/poseidon-data/poseidon/workflows/casa-wind-workflow-full/submit/poseidon/pegasus/casa-wind-full/run0163/00/00/unzip_ID0000071.meta,/mnt/poseidon-data/poseidon/workflows/casa-wind-workflow-full/submit/poseidon/pegasus/casa-wind-full/run0163/00/00/unzip_ID0000076.meta,/mnt/poseidon-data/poseidon/workflows/casa-wind-workflow-full/submit/poseidon/pegasus/casa-wind-full/run0163/00/00/unzip_ID0000051.meta,/mnt/poseidon-data/poseidon/workflows/casa-wind-workflow-full/submit/poseidon/pegasus/casa-wind-full/run0163/00/00/unzip_ID0000026.meta,/mnt/poseidon-data/poseidon/workflows/casa-wind-workflow-full/submit/poseidon/pegasus/casa-wind-full/run0163/00/00/unzip_ID0000101.meta,/mnt/poseidon-data/poseidon/workflows/casa-wind-workflow-full/submit/poseidon/pegasus/casa-wind-full/run0163/00/00/unzip_ID0000006.meta,/mnt/poseidon-data/poseidon/workflows/casa-wind-workflow-full/submit/poseidon/pegasus/casa-wind-full/run0163/00/00/unzip_ID0000121.meta,/mnt/poseidon-data/poseidon/workflows/casa-wind-workflow-full/submit/poseidon/pegasus/casa-wind-full/run0163/00/00/unzip_ID0000111.meta,/mnt/poseidon-data/poseidon/workflows/casa-wind-workflow-full/submit/poseidon/pegasus/casa-wind-full/run0163/00/00/unzip_ID0000126.meta,/mnt/poseidon-data/poseidon/workflows/casa-wind-workflow-full/submit/poseidon/pegasus/casa-wind-full/run0163/00/00/unzip_ID0000046.meta,/mnt/poseidon-data/poseidon/workflows/casa-wind-workflow-full/submit/poseidon/pegasus/casa-wind-full/run0163/00/00/unzip_ID0000081.meta,/mnt/poseidon-data/poseidon/workflows/casa-wind-workflow-full/submit/poseidon/pegasus/casa-wind-full/run0163/00/00/unzip_ID0000096.meta,/mnt/poseidon-data/poseidon/workflows/casa-wind-workflow-full/submit/poseidon/pegasus/casa-wind-full/run0163/00/00/unzip_ID0000016.meta,/mnt/poseidon-data/poseidon/workflows/casa-wind-workflow-full/submit/poseidon/pegasus/casa-wind-full/run0163/00/00/unzip_ID0000041.meta,/mnt/poseidon-data/poseidon/workflows/casa-wind-workflow-full/submit/poseidon/pegasus/casa-wind-full/run0163/00/00/unzip_ID0000116.meta,/mnt/poseidon-data/poseidon/workflows/casa-wind-workflow-full/submit/poseidon/pegasus/casa-wind-full/run0163/00/00/unzip_ID0000036.meta,/mnt/poseidon-data/poseidon/workflows/casa-wind-workflow-full/submit/poseidon/pegasus/casa-wind-full/run0163/00/00/unzip_ID0000106.meta,/mnt/poseidon-data/poseidon/workflows/casa-wind-workflow-full/submit/poseidon/pegasus/casa-wind-full/run0163/00/00/unzip_ID0000031.meta,/mnt/poseidon-data/poseidon/workflows/casa-wind-workflow-full/submit/poseidon/pegasus/casa-wind-full/run0163/00/00/unzip_ID0000091.meta,/mnt/poseidon-data/poseidon/workflows/casa-wind-workflow-full/submit/poseidon/pegasus/casa-wind-full/run0163/00/00/unzip_ID0000061.meta,/mnt/poseidon-data/poseidon/workflows/casa-wind-workflow-full/submit/poseidon/pegasus/casa-wind-full/run0163/00/00/unzip_ID0000066.meta,/mnt/poseidon-data/poseidon/workflows/casa-wind-workflow-full/submit/poseidon/pegasus/casa-wind-full/run0163/00/00/unzip_ID0000056.meta,/mnt/poseidon-data/poseidon/workflows/casa-wind-workflow-full/submit/poseidon/pegasus/casa-wind-full/run0163/00/00/unzip_ID0000086.meta,/mnt/poseidon-data/poseidon/workflows/casa-wind-workflow-full/submit/poseidon/pegasus/casa-wind-full/run0163/00/00/unzip_ID0000011.meta,/mnt/poseidon-data/poseidon/workflows/casa-wind-workflow-full/submit/poseidon/pegasus/casa-wind-full/run0163/00/00/unzip_ID0000021.meta --insert /mnt/poseidon-data/poseidon/workflows/casa-wind-workflow-full/submit/poseidon/pegasus/casa-wind-full/run0163/00/00/register_condorpool_0_0.in",2.9,0,0,,,,,,,,,
register_condorpool_0_1,None,auxiliary,0,1694357830.0,,,1694357845.0,,,0.0,1694357846.0,1694357850.0,,,0.0,1694357850.0,1694357855.0,15.0,,1.0,4.0,5.0,,,,,poseidon,local,poseidon-submit,pegasus::rc-client,/mnt/poseidon-data/poseidon/pegasus-5.1.0panorama/bin/pegasus-rc-client,"-n pegasus::rc-client -N null -R local  -L casa-wind-full -T 2023-09-08T07:29:05+00:00 /home/poseidon/pegasus-5.1.0panorama/bin/pegasus-rc-client --prefix pegasus.catalog.replica.output --conf /mnt/poseidon-data/poseidon/workflows/casa-wind-workflow-full/submit/poseidon/pegasus/casa-wind-full/run0163/pegasus.12950534592782059370.properties -v --meta /mnt/poseidon-data/poseidon/workflows/casa-wind-workflow-full/submit/poseidon/pegasus/casa-wind-full/run0163/00/00/unzip_ID0000001.meta,/mnt/poseidon-data/poseidon/workflows/casa-wind-workflow-full/submit/poseidon/pegasus/casa-wind-full/run0163/00/00/unzip_ID0000071.meta,/mnt/poseidon-data/poseidon/workflows/casa-wind-workflow-full/submit/poseidon/pegasus/casa-wind-full/run0163/00/00/unzip_ID0000076.meta,/mnt/poseidon-data/poseidon/workflows/casa-wind-workflow-full/submit/poseidon/pegasus/casa-wind-full/run0163/00/00/unzip_ID0000051.meta,/mnt/poseidon-data/poseidon/workflows/casa-wind-workflow-full/submit/poseidon/pegasus/casa-wind-full/run0163/00/00/unzip_ID0000026.meta,/mnt/poseidon-data/poseidon/workflows/casa-wind-workflow-full/submit/poseidon/pegasus/casa-wind-full/run0163/00/00/unzip_ID0000101.meta,/mnt/poseidon-data/poseidon/workflows/casa-wind-workflow-full/submit/poseidon/pegasus/casa-wind-full/run0163/00/00/unzip_ID0000006.meta,/mnt/poseidon-data/poseidon/workflows/casa-wind-workflow-full/submit/poseidon/pegasus/casa-wind-full/run0163/00/00/unzip_ID0000121.meta,/mnt/poseidon-data/poseidon/workflows/casa-wind-workflow-full/submit/poseidon/pegasus/casa-wind-full/run0163/00/00/unzip_ID0000111.meta,/mnt/poseidon-data/poseidon/workflows/casa-wind-workflow-full/submit/poseidon/pegasus/casa-wind-full/run0163/00/00/unzip_ID0000126.meta,/mnt/poseidon-data/poseidon/workflows/casa-wind-workflow-full/submit/poseidon/pegasus/casa-wind-full/run0163/00/00/unzip_ID0000046.meta,/mnt/poseidon-data/poseidon/workflows/casa-wind-workflow-full/submit/poseidon/pegasus/casa-wind-full/run0163/00/00/unzip_ID0000081.meta,/mnt/poseidon-data/poseidon/workflows/casa-wind-workflow-full/submit/poseidon/pegasus/casa-wind-full/run0163/00/00/unzip_ID0000096.meta,/mnt/poseidon-data/poseidon/workflows/casa-wind-workflow-full/submit/poseidon/pegasus/casa-wind-full/run0163/00/00/unzip_ID0000016.meta,/mnt/poseidon-data/poseidon/workflows/casa-wind-workflow-full/submit/poseidon/pegasus/casa-wind-full/run0163/00/00/unzip_ID0000041.meta,/mnt/poseidon-data/poseidon/workflows/casa-wind-workflow-full/submit/poseidon/pegasus/casa-wind-full/run0163/00/00/unzip_ID0000116.meta,/mnt/poseidon-data/poseidon/workflows/casa-wind-workflow-full/submit/poseidon/pegasus/casa-wind-full/run0163/00/00/unzip_ID0000036.meta,/mnt/poseidon-data/poseidon/workflows/casa-wind-workflow-full/submit/poseidon/pegasus/casa-wind-full/run0163/00/00/unzip_ID0000106.meta,/mnt/poseidon-data/poseidon/workflows/casa-wind-workflow-full/submit/poseidon/pegasus/casa-wind-full/run0163/00/00/unzip_ID0000031.meta,/mnt/poseidon-data/poseidon/workflows/casa-wind-workflow-full/submit/poseidon/pegasus/casa-wind-full/run0163/00/00/unzip_ID0000091.meta,/mnt/poseidon-data/poseidon/workflows/casa-wind-workflow-full/submit/poseidon/pegasus/casa-wind-full/run0163/00/00/unzip_ID0000061.meta,/mnt/poseidon-data/poseidon/workflows/casa-wind-workflow-full/submit/poseidon/pegasus/casa-wind-full/run0163/00/00/unzip_ID0000066.meta,/mnt/poseidon-data/poseidon/workflows/casa-wind-workflow-full/submit/poseidon/pegasus/casa-wind-full/run0163/00/00/unzip_ID0000056.meta,/mnt/poseidon-data/poseidon/workflows/casa-wind-workflow-full/submit/poseidon/pegasus/casa-wind-full/run0163/00/00/unzip_ID0000086.meta,/mnt/poseidon-data/poseidon/workflows/casa-wind-workflow-full/submit/poseidon/pegasus/casa-wind-full/run0163/00/00/unzip_ID0000011.meta,/mnt/poseidon-data/poseidon/workflows/casa-wind-workflow-full/submit/poseidon/pegasus/casa-wind-full/run0163/00/00/unzip_ID0000021.meta --insert /mnt/poseidon-data/poseidon/workflows/casa-wind-workflow-full/submit/poseidon/pegasus/casa-wind-full/run0163/00/00/register_condorpool_0_1.in",3.0,0,0,,,,,,,,,
post_vel_ID0000008,None,compute,0,1694357830.0,,,1694357835.0,1694357854.0,1694357865.0,29678050.0,1694357852.0,1694357880.0,1694357870.0,1694357873.0,3550.0,1694357880.0,1694357885.0,5.0,,17.0,28.0,5.0,11.0,177143937.0,3.0,10982.0,poseidon,condorpool,poseidon-worker-1-container-0-3,post_vel,/opt/netcdf2png/merged_netcdf2png,,0.1,0,0,,,,,,,,,
mvt_ID0000009,None,compute,0,1694357830.0,,,1694357835.0,1694357853.0,1694357865.0,29117291.4,1694357851.0,1694357920.0,1694357910.0,1694357913.0,11397.0,1694357920.0,1694357926.0,5.0,,16.0,69.0,6.0,12.0,177143652.0,3.0,35429.0,poseidon,condorpool,poseidon-worker-2-container-44-47,mvt,/opt/mvt/mvt,,39.6,0,0,0.0,789213.0,20480.0,422.0,5.0,29.9,0.1,26307.1,1024.0
mvt_ID0000074,None,compute,0,1694357830.0,,,1694357835.0,1694357852.0,1694357864.0,27057068.0,1694357850.0,1694357920.0,1694357909.0,1694357912.0,12582.0,1694357920.0,1694357926.0,5.0,,15.0,70.0,6.0,12.0,177143652.0,3.0,38855.0,poseidon,condorpool,poseidon-worker-1-container-44-47,mvt,/opt/mvt/mvt,,39.7,0,0,0.0,791977.0,20480.0,428.0,5.0,29.9,0.1,26399.2,1024.0
post_vel_ID0000033,None,compute,0,1694357830.0,,,1694357835.0,1694357853.0,1694357864.0,31328053.2,1694357850.0,1694357880.0,1694357869.0,1694357872.0,3678.0,1694357880.0,1694357885.0,5.0,,15.0,30.0,5.0,11.0,177143937.0,3.0,11464.0,poseidon,condorpool,poseidon-worker-2-container-36-39,post_vel,/opt/netcdf2png/merged_netcdf2png,,0.1,0,0,,,,,,,,,
post_vel_ID0000073,cpu_2,compute,0,1694357830.0,,,1694357835.0,1694357854.0,1694357866.0,29888761.2,1694357851.0,1694357885.0,1694357872.0,1694357875.0,3923.0,1694357885.0,1694357890.0,5.0,,16.0,34.0,5.0,12.0,177143937.0,3.0,11825.0,poseidon,condorpool,poseidon-worker-2-container-16-19,post_vel,/opt/netcdf2png/merged_netcdf2png,,0.1,0,0,,,,,,,,,
mvt_ID0000099,None,compute,0,1694357830.0,,,1694357835.0,1694357852.0,1694357865.0,25094778.7,1694357850.0,1694357920.0,1694357910.0,1694357913.0,16109.0,1694357920.0,1694357926.0,5.0,,15.0,70.0,6.0,13.0,177143652.0,3.0,50118.0,poseidon,condorpool,poseidon-worker-1-container-32-35,mvt,/opt/mvt/mvt,,39.7,0,0,0.0,827619.0,28672.0,506.0,7.0,29.9,0.1,27587.3,1433.6
post_vel_ID0000093,None,compute,0,1694357830.0,,,1694357835.0,1694357838.0,1694357850.0,27599770.2,1694357836.0,1694357865.0,1694357856.0,1694357859.0,4211.0,1694357865.0,1694357870.0,5.0,,1.0,29.0,5.0,12.0,177143937.0,3.0,13303.0,poseidon,condorpool,poseidon-worker-1-container-4-7,post_vel,/opt/netcdf2png/merged_netcdf2png,,0.2,0,0,,,,,,,,,
post_vel_ID0000098,None,compute,0,1694357830.0,,,1694357835.0,1694357853.0,1694357865.0,25537977.3,1694357850.0,1694357880.0,1694357871.0,1694357874.0,4371.0,1694357880.0,1694357885.0,5.0,,15.0,30.0,5.0,12.0,177143937.0,3.0,13355.0,poseidon,condorpool,poseidon-worker-1-container-40-43,post_vel,/opt/netcdf2png/merged_netcdf2png,,0.1,0,0,,,,,,,,,
post_vel_ID0000083,None,compute,0,1694357830.0,,,1694357835.0,1694357838.0,1694357849.0,30443076.6,1694357836.0,1694357865.0,1694357855.0,1694357858.0,4118.0,1694357865.0,1694357870.0,5.0,,1.0,29.0,5.0,11.0,177143937.0,3.0,12720.0,poseidon,condorpool,poseidon-worker-2-container-28-31,post_vel,/opt/netcdf2png/merged_netcdf2png,,0.1,0,0,,,,,,,,,
mvt_ID0000084,None,compute,0,1694357830.0,,,1694357835.0,1694357838.0,1694357849.0,32600315.8,1694357836.0,1694357905.0,1694357894.0,1694357898.0,15686.0,1694357905.0,1694357910.0,5.0,,1.0,69.0,5.0,11.0,177143652.0,4.0,47998.0,poseidon,condorpool,poseidon-worker-2-container-12-15,mvt,/opt/mvt/mvt,,39.9,0,0,0.0,800096.0,24576.0,446.0,6.0,29.9,0.1,26669.9,1228.8
post_vel_ID0000068,None,compute,0,1694357830.0,,,1694357835.0,1694357838.0,1694357849.0,34650608.0,1694357836.0,1694357865.0,1694357855.0,1694357858.0,3683.0,1694357865.0,1694357870.0,5.0,,1.0,29.0,5.0,11.0,177143937.0,3.0,11398.0,poseidon,condorpool,poseidon-worker-1-container-20-23,post_vel,/opt/netcdf2png/merged_netcdf2png,,0.2,0,0,,,,,,,,,
mvt_ID0000094,None,compute,0,1694357830.0,,,1694357835.0,1694357853.0,1694357865.0,30122303.0,1694357851.0,1694357920.0,1694357909.0,1694357913.0,16784.0,1694357920.0,1694357926.0,5.0,,16.0,69.0,6.0,12.0,177143652.0,4.0,52407.0,poseidon,condorpool,poseidon-worker-1-container-36-39,mvt,/opt/mvt/mvt,,39.7,0,0,0.0,829037.0,28672.0,509.0,7.0,29.9,0.1,27634.6,1433.6
mvt_ID0000069,None,compute,0,1694357830.0,,,1694357835.0,1694357838.0,1694357849.0,30864479.0,1694357836.0,1694357905.0,1694357895.0,1694357898.0,11507.0,1694357905.0,1694357910.0,5.0,,1.0,69.0,5.0,11.0,177143652.0,3.0,35309.0,poseidon,condorpool,poseidon-worker-2-container-20-23,mvt,/opt/mvt/mvt,,40.3,0,0,0.0,806640.0,16384.0,467.0,4.0,39.8,0.2,20166.0,819.2
post_vel_ID0000038,None,compute,0,1694357830.0,,,1694357835.0,1694357838.0,1694357849.0,30395943.0,1694357836.0,1694357865.0,1694357855.0,1694357858.0,3598.0,1694357865.0,1694357870.0,5.0,,1.0,29.0,5.0,11.0,177143937.0,3.0,11227.0,poseidon,condorpool,poseidon-worker-2-container-40-43,post_vel,/opt/netcdf2png/merged_netcdf2png,,0.1,0,0,,,,,,,,,
mvt_ID0000039,None,compute,0,1694357830.0,,,1694357835.0,1694357838.0,1694357849.0,32538969.8,1694357836.0,1694357905.0,1694357895.0,1694357898.0,11182.0,1694357905.0,1694357910.0,5.0,,1.0,69.0,5.0,11.0,177143652.0,3.0,34386.0,poseidon,condorpool,poseidon-worker-1-container-40-43,mvt,/opt/mvt/mvt,,40.1,0,0,0.0,806632.0,16384.0,467.0,4.0,39.9,0.1,20165.8,819.2
post_vel_ID0000123,None,compute,0,1694357835.0,,,1694357840.0,1694357853.0,1694357866.0,23675243.4,1694357850.0,1694357885.0,1694357871.0,1694357874.0,4860.0,1694357885.0,1694357890.0,5.0,,10.0,35.0,5.0,13.0,177143937.0,3.0,14777.0,poseidon,condorpool,poseidon-worker-2-container-32-35,post_vel,/opt/netcdf2png/merged_netcdf2png,,0.1,0,0,,,,,,,,,
mvt_ID0000004,None,compute,0,1694357835.0,,,1694357840.0,1694357853.0,1694357865.0,26810985.3,1694357851.0,1694357921.0,1694357910.0,1694357913.0,9360.0,1694357921.0,1694357926.0,5.0,,11.0,70.0,5.0,12.0,177143652.0,3.0,28781.0,poseidon,condorpool,poseidon-worker-2-container-40-43,mvt,/opt/mvt/mvt,,39.8,0,0,0.0,790588.0,16384.0,425.0,4.0,29.9,0.1,26352.9,819.2
mvt_ID0000054,None,compute,0,1694357835.0,,,1694357840.0,1694357853.0,1694357867.0,21177462.3,1694357851.0,1694357921.0,1694357912.0,1694357915.0,9314.0,1694357921.0,1694357926.0,5.0,,11.0,70.0,5.0,14.0,177143652.0,3.0,28552.0,poseidon,condorpool,poseidon-worker-1-container-12-15,mvt,/opt/mvt/mvt,,39.7,0,0,0.0,791977.0,12288.0,428.0,3.0,29.9,0.1,26399.2,1228.8
post_vel_ID0000048,None,compute,0,1694357835.0,,,1694357840.0,1694357853.0,1694357865.0,29877010.8,1694357851.0,1694357880.0,1694357870.0,1694357873.0,3331.0,1694357880.0,1694357885.0,5.0,,11.0,29.0,5.0,12.0,177143937.0,3.0,10371.0,poseidon,condorpool,poseidon-worker-1-container-20-23,post_vel,/opt/netcdf2png/merged_netcdf2png,,0.1,0,0,,,,,,,,,
mvt_ID0000064,None,compute,0,1694357835.0,,,1694357840.0,1694357852.0,1694357864.0,32981679.4,1694357850.0,1694357920.0,1694357908.0,1694357912.0,9844.0,1694357920.0,1694357926.0,5.0,,10.0,70.0,6.0,12.0,177143652.0,4.0,31148.0,poseidon,condorpool,poseidon-worker-1-container-8-11,mvt,/opt/mvt/mvt,,39.6,0,0,0.0,791933.0,16384.0,428.0,4.0,29.9,0.1,26397.8,819.2
post_vel_ID0000063,None,compute,0,1694357835.0,,,1694357840.0,1694357852.0,1694357865.0,26655093.0,1694357850.0,1694357880.0,1694357870.0,1694357873.0,3725.0,1694357880.0,1694357885.0,5.0,,10.0,30.0,5.0,13.0,177143937.0,3.0,11628.0,poseidon,condorpool,poseidon-worker-1-container-16-19,post_vel,/opt/netcdf2png/merged_netcdf2png,,0.1,0,0,,,,,,,,,
stage_out_local_condorpool_1_1,None,transfer,0,1694357835.0,,,1694357840.0,,,0.0,1694357841.0,1694357845.0,,,0.0,1694357845.0,1694357850.0,5.0,,1.0,4.0,5.0,,,,,poseidon,local,poseidon-submit,pegasus::transfer,/mnt/poseidon-data/poseidon/pegasus-5.1.0panorama/bin/pegasus-transfer,/home/poseidon/pegasus-5.1.0panorama/bin/../bin/pegasus-kickstart  -n pegasus::transfer -N null -i - -R local  -L casa-wind-full -T 2023-09-08T07:29:05+00:00 /home/poseidon/pegasus-5.1.0panorama/bin/../bin/pegasus-transfer  --threads 2,0.9,0,0,,,,,,,,,
post_vel_ID0000003,None,compute,0,1694357835.0,,,1694357840.0,1694357853.0,1694357864.0,29561377.5,1694357851.0,1694357880.0,1694357869.0,1694357872.0,3368.0,1694357880.0,1694357885.0,5.0,,11.0,29.0,5.0,11.0,177143937.0,3.0,10865.0,poseidon,condorpool,poseidon-worker-2-container-28-31,post_vel,/opt/netcdf2png/merged_netcdf2png,,0.1,0,0,,,,,,,,,
post_vel_ID0000103,None,compute,0,1694357835.0,,,1694357840.0,1694357854.0,1694357865.0,29617479.5,1694357852.0,1694357880.0,1694357870.0,1694357873.0,4487.0,1694357880.0,1694357885.0,5.0,,12.0,28.0,5.0,11.0,177143937.0,3.0,13815.0,poseidon,condorpool,poseidon-worker-2-container-4-7,post_vel,/opt/netcdf2png/merged_netcdf2png,,0.1,0,0,,,,,,,,,
mvt_ID0000049,cpu_2,compute,0,1694357835.0,,,1694357840.0,1694357856.0,1694357867.0,29732644.0,1694357855.0,1694357926.0,1694357912.0,1694357915.0,7915.0,1694357926.0,1694357931.0,5.0,,15.0,71.0,5.0,11.0,177143652.0,3.0,24108.0,poseidon,condorpool,poseidon-worker-2-container-8-11,mvt,/opt/mvt/mvt,,39.7,0,0,0.0,817896.0,12288.0,485.0,3.0,29.8,0.1,27263.2,1228.8
post_vel_ID0000053,None,compute,0,1694357835.0,,,1694357840.0,1694357853.0,1694357865.0,28090046.4,1694357851.0,1694357880.0,1694357870.0,1694357873.0,3573.0,1694357880.0,1694357885.0,5.0,,11.0,29.0,5.0,12.0,177143937.0,3.0,11004.0,poseidon,condorpool,poseidon-worker-1-container-24-27,post_vel,/opt/netcdf2png/merged_netcdf2png,,0.1,0,0,,,,,,,,,
mvt_ID0000124,None,compute,0,1694357835.0,,,1694357840.0,1694357852.0,1694357864.0,32485853.8,1694357850.0,1694357920.0,1694357909.0,1694357912.0,22764.0,1694357920.0,1694357926.0,5.0,,10.0,70.0,6.0,12.0,177143652.0,3.0,70564.0,poseidon,condorpool,poseidon-worker-2-container-12-15,mvt,/opt/mvt/mvt,,40.3,0,0,0.0,823168.0,40960.0,503.0,10.0,39.9,0.1,20579.2,4096.0
stage_out_local_condorpool_1_0,None,transfer,0,1694357835.0,,,1694357840.0,,,0.0,1694357841.0,1694357845.0,,,0.0,1694357845.0,1694357850.0,5.0,,1.0,4.0,5.0,,,,,poseidon,local,poseidon-submit,pegasus::transfer,/mnt/poseidon-data/poseidon/pegasus-5.1.0panorama/bin/pegasus-transfer,/home/poseidon/pegasus-5.1.0panorama/bin/../bin/pegasus-kickstart  -n pegasus::transfer -N null -i - -R local  -L casa-wind-full -T 2023-09-08T07:29:05+00:00 /home/poseidon/pegasus-5.1.0panorama/bin/../bin/pegasus-transfer  --threads 2,0.9,0,0,,,,,,,,,
post_vel_ID0000023,None,compute,0,1694357835.0,,,1694357840.0,1694357853.0,1694357865.0,31423130.6,1694357851.0,1694357880.0,1694357870.0,1694357873.0,3726.0,1694357880.0,1694357885.0,5.0,,11.0,29.0,5.0,12.0,177143937.0,3.0,11372.0,poseidon,condorpool,poseidon-worker-2-container-20-23,post_vel,/opt/netcdf2png/merged_netcdf2png,,0.1,0,0,,,,,,,,,
mvt_ID0000024,None,compute,0,1694357835.0,,,1694357840.0,1694357853.0,1694357865.0,27921909.4,1694357851.0,1694357921.0,1694357910.0,1694357913.0,9858.0,1694357921.0,1694357926.0,5.0,,11.0,70.0,5.0,12.0,177143652.0,3.0,30705.0,poseidon,condorpool,poseidon-worker-2-container-0-3,mvt,/opt/mvt/mvt,,39.6,0,0,0.0,822008.0,16384.0,494.0,4.0,29.9,0.1,27400.3,819.2
mvt_ID0000014,None,compute,0,1694357835.0,,,1694357840.0,1694357853.0,1694357865.0,26606537.8,1694357851.0,1694357920.0,1694357910.0,1694357913.0,10314.0,1694357920.0,1694357926.0,5.0,,11.0,69.0,6.0,12.0,177143652.0,3.0,31991.0,poseidon,condorpool,poseidon-worker-1-container-0-3,mvt,/opt/mvt/mvt,,39.6,0,0,0.0,815190.0,16384.0,479.0,4.0,29.9,0.1,27173.0,819.2
post_vel_ID0000013,None,compute,0,1694357835.0,,,1694357840.0,1694357853.0,1694357865.0,27043634.7,1694357851.0,1694357880.0,1694357870.0,1694357874.0,3587.0,1694357880.0,1694357885.0,5.0,,11.0,29.0,5.0,12.0,177143937.0,4.0,11040.0,poseidon,condorpool,poseidon-worker-1-container-28-31,post_vel,/opt/netcdf2png/merged_netcdf2png,,0.1,0,0,,,,,,,,,
mvt_ID0000104,None,compute,0,1694357835.0,,,1694357840.0,1694357853.0,1694357864.0,30738014.4,1694357851.0,1694357920.0,1694357909.0,1694357912.0,19164.0,1694357920.0,1694357926.0,5.0,,11.0,69.0,6.0,11.0,177143652.0,3.0,59590.0,poseidon,condorpool,poseidon-worker-1-container-4-7,mvt,/opt/mvt/mvt,,39.7,0,0,0.0,791892.0,32768.0,428.0,8.0,29.9,0.1,26396.4,3276.8
register_condorpool_1_0,None,auxiliary,0,1694357850.0,,,1694357855.0,,,0.0,1694357855.0,1694357860.0,,,0.0,1694357860.0,1694357865.0,5.0,,0.0,5.0,5.0,,,,,poseidon,local,poseidon-submit,pegasus::rc-client,/mnt/poseidon-data/poseidon/pegasus-5.1.0panorama/bin/pegasus-rc-client,"-n pegasus::rc-client -N null -R local  -L casa-wind-full -T 2023-09-08T07:29:05+00:00 /home/poseidon/pegasus-5.1.0panorama/bin/pegasus-rc-client --prefix pegasus.catalog.replica.output --conf /mnt/poseidon-data/poseidon/workflows/casa-wind-workflow-full/submit/poseidon/pegasus/casa-wind-full/run0163/pegasus.12950534592782059370.properties -v --meta /mnt/poseidon-data/poseidon/workflows/casa-wind-workflow-full/submit/poseidon/pegasus/casa-wind-full/run0163/00/00/um_vel_ID0000022.meta,/mnt/poseidon-data/poseidon/workflows/casa-wind-workflow-full/submit/poseidon/pegasus/casa-wind-full/run0163/00/00/um_vel_ID0000027.meta,/mnt/poseidon-data/poseidon/workflows/casa-wind-workflow-full/submit/poseidon/pegasus/casa-wind-full/run0163/00/01/um_vel_ID0000057.meta,/mnt/poseidon-data/poseidon/workflows/casa-wind-workflow-full/submit/poseidon/pegasus/casa-wind-full/run0163/00/00/um_vel_ID0000122.meta,/mnt/poseidon-data/poseidon/workflows/casa-wind-workflow-full/submit/poseidon/pegasus/casa-wind-full/run0163/00/00/um_vel_ID0000127.meta,/mnt/poseidon-data/poseidon/workflows/casa-wind-workflow-full/submit/poseidon/pegasus/casa-wind-full/run0163/00/00/um_vel_ID0000092.meta,/mnt/poseidon-data/poseidon/workflows/casa-wind-workflow-full/submit/poseidon/pegasus/casa-wind-full/run0163/00/01/um_vel_ID0000067.meta,/mnt/poseidon-data/poseidon/workflows/casa-wind-workflow-full/submit/poseidon/pegasus/casa-wind-full/run0163/00/01/um_vel_ID0000077.meta,/mnt/poseidon-data/poseidon/workflows/casa-wind-workflow-full/submit/poseidon/pegasus/casa-wind-full/run0163/00/01/um_vel_ID0000042.meta --insert /mnt/poseidon-data/poseidon/workflows/casa-wind-workflow-full/submit/poseidon/pegasus/casa-wind-full/run0163/00/01/register_condorpool_1_0.in",2.6,0,0,,,,,,,,,
register_condorpool_1_1,None,auxiliary,0,1694357850.0,,,1694357865.0,,,0.0,1694357866.0,1694357870.0,,,0.0,1694357870.0,1694357875.0,15.0,,1.0,4.0,5.0,,,,,poseidon,local,poseidon-submit,pegasus::rc-client,/mnt/poseidon-data/poseidon/pegasus-5.1.0panorama/bin/pegasus-rc-client,"-n pegasus::rc-client -N null -R local  -L casa-wind-full -T 2023-09-08T07:29:05+00:00 /home/poseidon/pegasus-5.1.0panorama/bin/pegasus-rc-client --prefix pegasus.catalog.replica.output --conf /mnt/poseidon-data/poseidon/workflows/casa-wind-workflow-full/submit/poseidon/pegasus/casa-wind-full/run0163/pegasus.12950534592782059370.properties -v --meta /mnt/poseidon-data/poseidon/workflows/casa-wind-workflow-full/submit/poseidon/pegasus/casa-wind-full/run0163/00/00/um_vel_ID0000097.meta,/mnt/poseidon-data/poseidon/workflows/casa-wind-workflow-full/submit/poseidon/pegasus/casa-wind-full/run0163/00/01/um_vel_ID0000047.meta,/mnt/poseidon-data/poseidon/workflows/casa-wind-workflow-full/submit/poseidon/pegasus/casa-wind-full/run0163/00/00/um_vel_ID0000087.meta,/mnt/poseidon-data/poseidon/workflows/casa-wind-workflow-full/submit/poseidon/pegasus/casa-wind-full/run0163/00/01/um_vel_ID0000007.meta,/mnt/poseidon-data/poseidon/workflows/casa-wind-workflow-full/submit/poseidon/pegasus/casa-wind-full/run0163/00/00/um_vel_ID0000082.meta,/mnt/poseidon-data/poseidon/workflows/casa-wind-workflow-full/submit/poseidon/pegasus/casa-wind-full/run0163/00/01/um_vel_ID0000072.meta,/mnt/poseidon-data/poseidon/workflows/casa-wind-workflow-full/submit/poseidon/pegasus/casa-wind-full/run0163/00/01/um_vel_ID0000102.meta,/mnt/poseidon-data/poseidon/workflows/casa-wind-workflow-full/submit/poseidon/pegasus/casa-wind-full/run0163/00/00/um_vel_ID0000017.meta,/mnt/poseidon-data/poseidon/workflows/casa-wind-workflow-full/submit/poseidon/pegasus/casa-wind-full/run0163/00/01/um_vel_ID0000037.meta --insert /mnt/poseidon-data/poseidon/workflows/casa-wind-workflow-full/submit/poseidon/pegasus/casa-wind-full/run0163/00/01/register_condorpool_1_1.in",2.6,0,0,,,,,,,,,
mvt_ID0000114,cpu_2,compute,0,1694357855.0,,,1694357860.0,1694357863.0,1694357875.0,35004476.0,1694357861.0,1694357931.0,1694357920.0,1694357923.0,23784.0,1694357931.0,1694357936.0,5.0,,1.0,70.0,5.0,12.0,177143652.0,3.0,73234.0,poseidon,condorpool,poseidon-worker-2-container-16-19,mvt,/opt/mvt/mvt,,39.4,0,0,0.0,818092.0,40960.0,485.0,10.0,29.8,0.1,27269.7,4096.0
stage_out_local_condorpool_1_2,None,transfer,0,1694357855.0,,,1694357860.0,,,0.0,1694357861.0,1694357865.0,,,0.0,1694357865.0,1694357870.0,5.0,,1.0,4.0,5.0,,,,,poseidon,local,poseidon-submit,pegasus::transfer,/mnt/poseidon-data/poseidon/pegasus-5.1.0panorama/bin/pegasus-transfer,/home/poseidon/pegasus-5.1.0panorama/bin/../bin/pegasus-kickstart  -n pegasus::transfer -N null -i - -R local  -L casa-wind-full -T 2023-09-08T07:29:05+00:00 /home/poseidon/pegasus-5.1.0panorama/bin/../bin/pegasus-transfer  --threads 2,0.8,0,0,,,,,,,,,
post_vel_ID0000113,None,compute,0,1694357855.0,,,1694357860.0,1694357863.0,1694357874.0,29699736.5,1694357861.0,1694357890.0,1694357880.0,1694357883.0,4878.0,1694357890.0,1694357895.0,5.0,,1.0,29.0,5.0,11.0,177143937.0,3.0,14745.0,poseidon,condorpool,poseidon-worker-1-container-36-39,post_vel,/opt/netcdf2png/merged_netcdf2png,,0.1,0,0,,,,,,,,,
register_condorpool_1_2,None,auxiliary,0,1694357870.0,,,1694357875.0,,,0.0,1694357875.0,1694357880.0,,,0.0,1694357880.0,1694357885.0,5.0,,0.0,5.0,5.0,,,,,poseidon,local,poseidon-submit,pegasus::rc-client,/mnt/poseidon-data/poseidon/pegasus-5.1.0panorama/bin/pegasus-rc-client,"-n pegasus::rc-client -N null -R local  -L casa-wind-full -T 2023-09-08T07:29:05+00:00 /home/poseidon/pegasus-5.1.0panorama/bin/pegasus-rc-client --prefix pegasus.catalog.replica.output --conf /mnt/poseidon-data/poseidon/workflows/casa-wind-workflow-full/submit/poseidon/pegasus/casa-wind-full/run0163/pegasus.12950534592782059370.properties -v --meta /mnt/poseidon-data/poseidon/workflows/casa-wind-workflow-full/submit/poseidon/pegasus/casa-wind-full/run0163/00/01/um_vel_ID0000112.meta,/mnt/poseidon-data/poseidon/workflows/casa-wind-workflow-full/submit/poseidon/pegasus/casa-wind-full/run0163/00/01/um_vel_ID0000062.meta,/mnt/poseidon-data/poseidon/workflows/casa-wind-workflow-full/submit/poseidon/pegasus/casa-wind-full/run0163/00/00/um_vel_ID0000117.meta,/mnt/poseidon-data/poseidon/workflows/casa-wind-workflow-full/submit/poseidon/pegasus/casa-wind-full/run0163/00/00/um_vel_ID0000012.meta,/mnt/poseidon-data/poseidon/workflows/casa-wind-workflow-full/submit/poseidon/pegasus/casa-wind-full/run0163/00/01/um_vel_ID0000107.meta,/mnt/poseidon-data/poseidon/workflows/casa-wind-workflow-full/submit/poseidon/pegasus/casa-wind-full/run0163/00/00/um_vel_ID0000002.meta,/mnt/poseidon-data/poseidon/workflows/casa-wind-workflow-full/submit/poseidon/pegasus/casa-wind-full/run0163/00/01/um_vel_ID0000052.meta,/mnt/poseidon-data/poseidon/workflows/casa-wind-workflow-full/submit/poseidon/pegasus/casa-wind-full/run0163/00/00/um_vel_ID0000032.meta --insert /mnt/poseidon-data/poseidon/workflows/casa-wind-workflow-full/submit/poseidon/pegasus/casa-wind-full/run0163/00/01/register_condorpool_1_2.in",2.6,0,0,,,,,,,,,
point_alert_ID0000110,None,compute,0,1694357900.0,,,1694357905.0,1694357908.0,1694357919.0,31539573.4,1694357906.0,1694357936.0,1694357924.0,1694357927.0,6839.0,1694357936.0,1694357941.0,5.0,,1.0,30.0,5.0,11.0,176667937.0,3.0,21038.0,poseidon,condorpool,poseidon-worker-2-container-36-39,point_alert,/opt/pointAlert/pointAlert,,0.0,0,0,,,,,,,,,
point_alert_ID0000045,None,compute,0,1694357900.0,,,1694357905.0,1694357908.0,1694357919.0,29778434.4,1694357906.0,1694357936.0,1694357924.0,1694357927.0,6753.0,1694357936.0,1694357941.0,5.0,,1.0,30.0,5.0,11.0,176636096.0,3.0,20798.0,poseidon,condorpool,poseidon-worker-1-container-28-31,point_alert,/opt/pointAlert/pointAlert,,0.0,0,0,,,,,,,,,
point_alert_ID0000130,None,compute,0,1694357900.0,,,1694357905.0,1694357908.0,1694357919.0,29804037.2,1694357906.0,1694357936.0,1694357924.0,1694357927.0,7559.0,1694357936.0,1694357941.0,5.0,,1.0,30.0,5.0,11.0,176672472.0,3.0,23118.0,poseidon,condorpool,poseidon-worker-1-container-36-39,point_alert,/opt/pointAlert/pointAlert,,0.0,0,0,,,,,,,,,
point_alert_ID0000030,None,compute,0,1694357905.0,,,1694357910.0,1694357913.0,1694357924.0,29689631.0,1694357911.0,1694357941.0,1694357929.0,1694357932.0,6499.0,1694357941.0,1694357946.0,5.0,,1.0,30.0,5.0,11.0,176646324.0,3.0,20158.0,poseidon,condorpool,poseidon-worker-2-container-36-39,point_alert,/opt/pointAlert/pointAlert,,0.0,0,0,,,,,,,,,
stage_out_local_condorpool_2_0,None,transfer,0,1694357905.0,,,1694357910.0,,,0.0,1694357911.0,1694357915.0,,,0.0,1694357915.0,1694357920.0,5.0,,1.0,4.0,5.0,,,,,poseidon,local,poseidon-submit,pegasus::transfer,/mnt/poseidon-data/poseidon/pegasus-5.1.0panorama/bin/pegasus-transfer,/home/poseidon/pegasus-5.1.0panorama/bin/../bin/pegasus-kickstart  -n pegasus::transfer -N null -i - -R local  -L casa-wind-full -T 2023-09-08T07:29:05+00:00 /home/poseidon/pegasus-5.1.0panorama/bin/../bin/pegasus-transfer  --threads 2,0.9,0,0,,,,,,,,,
point_alert_ID0000120,None,compute,0,1694357905.0,,,1694357910.0,1694357913.0,1694357924.0,29619847.5,1694357911.0,1694357941.0,1694357929.0,1694357932.0,7097.0,1694357941.0,1694357946.0,5.0,,1.0,30.0,5.0,11.0,176673508.0,3.0,21998.0,poseidon,condorpool,poseidon-worker-2-container-24-27,point_alert,/opt/pointAlert/pointAlert,,0.0,0,0,,,,,,,,,
point_alert_ID0000020,None,compute,0,1694357905.0,,,1694357910.0,1694357913.0,1694357924.0,29569251.5,1694357911.0,1694357941.0,1694357929.0,1694357932.0,6598.0,1694357941.0,1694357946.0,5.0,,1.0,30.0,5.0,11.0,176644228.0,3.0,20478.0,poseidon,condorpool,poseidon-worker-1-container-36-39,point_alert,/opt/pointAlert/pointAlert,,0.0,0,0,,,,,,,,,
point_alert_ID0000090,cpu_2,compute,0,1694357905.0,,,1694357910.0,1694357913.0,1694357924.0,29614046.0,1694357911.0,1694357941.0,1694357929.0,1694357932.0,6723.0,1694357941.0,1694357946.0,5.0,,1.0,30.0,5.0,11.0,176656458.0,3.0,20638.0,poseidon,condorpool,poseidon-worker-2-container-8-11,point_alert,/opt/pointAlert/pointAlert,,0.0,0,0,,,,,,,,,
point_alert_ID0000085,None,compute,0,1694357910.0,,,1694357915.0,1694357918.0,1694357929.0,29552245.0,1694357916.0,1694357946.0,1694357935.0,1694357938.0,6524.0,1694357946.0,1694357951.0,5.0,,1.0,30.0,5.0,11.0,176655981.0,3.0,21118.0,poseidon,condorpool,poseidon-worker-2-container-20-23,point_alert,/opt/pointAlert/pointAlert,,0.0,0,0,,,,,,,,,
point_alert_ID0000040,cpu_2,compute,0,1694357910.0,,,1694357915.0,1694357918.0,1694357930.0,30177188.0,1694357916.0,1694357946.0,1694357935.0,1694357938.0,6582.0,1694357946.0,1694357951.0,5.0,,1.0,30.0,5.0,12.0,176642369.0,3.0,20558.0,poseidon,condorpool,poseidon-worker-2-container-16-19,point_alert,/opt/pointAlert/pointAlert,,0.0,0,0,,,,,,,,,
point_alert_ID0000060,None,compute,0,1694357910.0,,,1694357915.0,1694357918.0,1694357929.0,34846696.2,1694357916.0,1694357946.0,1694357935.0,1694357938.0,6601.0,1694357946.0,1694357951.0,5.0,,1.0,30.0,5.0,11.0,176636147.0,3.0,20878.0,poseidon,condorpool,poseidon-worker-2-container-0-3,point_alert,/opt/pointAlert/pointAlert,,0.0,0,0,,,,,,,,,
point_alert_ID0000080,None,compute,0,1694357910.0,,,1694357915.0,1694357918.0,1694357929.0,34359454.8,1694357916.0,1694357946.0,1694357935.0,1694357938.0,6340.0,1694357946.0,1694357951.0,5.0,,1.0,30.0,5.0,11.0,176653320.0,3.0,20718.0,poseidon,condorpool,poseidon-worker-2-container-12-15,point_alert,/opt/pointAlert/pointAlert,,0.0,0,0,,,,,,,,,
point_alert_ID0000070,None,compute,0,1694357910.0,,,1694357915.0,1694357918.0,1694357929.0,29561707.0,1694357916.0,1694357946.0,1694357935.0,1694357938.0,6547.0,1694357946.0,1694357951.0,5.0,,1.0,30.0,5.0,11.0,176643292.0,3.0,20558.0,poseidon,condorpool,poseidon-worker-2-container-4-7,point_alert,/opt/pointAlert/pointAlert,,0.0,0,0,,,,,,,,,
register_condorpool_2_0,None,auxiliary,0,1694357920.0,,,1694357926.0,,,0.0,1694357926.0,1694357931.0,,,0.0,1694357931.0,1694357936.0,6.0,,0.0,5.0,5.0,,,,,poseidon,local,poseidon-submit,pegasus::rc-client,/mnt/poseidon-data/poseidon/pegasus-5.1.0panorama/bin/pegasus-rc-client,"-n pegasus::rc-client -N null -R local  -L casa-wind-full -T 2023-09-08T07:29:05+00:00 /home/poseidon/pegasus-5.1.0panorama/bin/pegasus-rc-client --prefix pegasus.catalog.replica.output --conf /mnt/poseidon-data/poseidon/workflows/casa-wind-workflow-full/submit/poseidon/pegasus/casa-wind-full/run0163/pegasus.12950534592782059370.properties -v --meta /mnt/poseidon-data/poseidon/workflows/casa-wind-workflow-full/submit/poseidon/pegasus/casa-wind-full/run0163/00/02/mvt_ID0000044.meta,/mnt/poseidon-data/poseidon/workflows/casa-wind-workflow-full/submit/poseidon/pegasus/casa-wind-full/run0163/00/01/post_vel_ID0000068.meta,/mnt/poseidon-data/poseidon/workflows/casa-wind-workflow-full/submit/poseidon/pegasus/casa-wind-full/run0163/00/01/mvt_ID0000129.meta,/mnt/poseidon-data/poseidon/workflows/casa-wind-workflow-full/submit/poseidon/pegasus/casa-wind-full/run0163/00/02/post_vel_ID0000058.meta,/mnt/poseidon-data/poseidon/workflows/casa-wind-workflow-full/submit/poseidon/pegasus/casa-wind-full/run0163/00/01/mvt_ID0000029.meta,/mnt/poseidon-data/poseidon/workflows/casa-wind-workflow-full/submit/poseidon/pegasus/casa-wind-full/run0163/00/02/post_vel_ID0000078.meta,/mnt/poseidon-data/poseidon/workflows/casa-wind-workflow-full/submit/poseidon/pegasus/casa-wind-full/run0163/00/01/post_vel_ID0000123.meta,/mnt/poseidon-data/poseidon/workflows/casa-wind-workflow-full/submit/poseidon/pegasus/casa-wind-full/run0163/00/01/post_vel_ID0000023.meta,/mnt/poseidon-data/poseidon/workflows/casa-wind-workflow-full/submit/poseidon/pegasus/casa-wind-full/run0163/00/01/post_vel_ID0000093.meta --insert /mnt/poseidon-data/poseidon/workflows/casa-wind-workflow-full/submit/poseidon/pegasus/casa-wind-full/run0163/00/02/register_condorpool_2_0.in",2.6,0,0,,,,,,,,,
point_alert_ID0000010,None,compute,0,1694357926.0,,,1694357931.0,1694357934.0,1694357945.0,33057820.0,1694357933.0,1694357961.0,1694357951.0,1694357954.0,6552.0,1694357961.0,1694357966.0,5.0,,2.0,28.0,5.0,11.0,176643412.0,3.0,20478.0,poseidon,condorpool,poseidon-worker-1-container-12-15,point_alert,/opt/pointAlert/pointAlert,,0.0,0,0,,,,,,,,,
stage_out_local_condorpool_2_3,None,transfer,0,1694357926.0,,,1694357931.0,,,0.0,1694357932.0,1694357936.0,,,0.0,1694357936.0,1694357941.0,5.0,,1.0,4.0,5.0,,,,,poseidon,local,poseidon-submit,pegasus::transfer,/mnt/poseidon-data/poseidon/pegasus-5.1.0panorama/bin/pegasus-transfer,/home/poseidon/pegasus-5.1.0panorama/bin/../bin/pegasus-kickstart  -n pegasus::transfer -N null -i - -R local  -L casa-wind-full -T 2023-09-08T07:29:05+00:00 /home/poseidon/pegasus-5.1.0panorama/bin/../bin/pegasus-transfer  --threads 2,0.9,0,0,,,,,,,,,
point_alert_ID0000065,cpu_2,compute,0,1694357926.0,,,1694357931.0,1694357934.0,1694357946.0,26525983.8,1694357932.0,1694357961.0,1694357952.0,1694357955.0,6607.0,1694357961.0,1694357966.0,5.0,,1.0,29.0,5.0,12.0,176639131.0,3.0,20238.0,poseidon,condorpool,poseidon-worker-2-container-8-11,point_alert,/opt/pointAlert/pointAlert,,0.0,0,0,,,,,,,,,
point_alert_ID0000105,None,compute,0,1694357926.0,,,1694357931.0,1694357934.0,1694357945.0,29587015.5,1694357932.0,1694357961.0,1694357950.0,1694357954.0,6737.0,1694357961.0,1694357966.0,5.0,,1.0,29.0,5.0,11.0,176667573.0,4.0,21278.0,poseidon,condorpool,poseidon-worker-2-container-0-3,point_alert,/opt/pointAlert/pointAlert,,0.0,0,0,,,,,,,,,
stage_out_local_condorpool_2_1,None,transfer,0,1694357926.0,,,1694357931.0,,,0.0,1694357932.0,1694357936.0,,,0.0,1694357936.0,1694357941.0,5.0,,1.0,4.0,5.0,,,,,poseidon,local,poseidon-submit,pegasus::transfer,/mnt/poseidon-data/poseidon/pegasus-5.1.0panorama/bin/pegasus-transfer,/home/poseidon/pegasus-5.1.0panorama/bin/../bin/pegasus-kickstart  -n pegasus::transfer -N null -i - -R local  -L casa-wind-full -T 2023-09-08T07:29:05+00:00 /home/poseidon/pegasus-5.1.0panorama/bin/../bin/pegasus-transfer  --threads 2,0.9,0,0,,,,,,,,,
point_alert_ID0000005,None,compute,0,1694357926.0,,,1694357931.0,1694357934.0,1694357945.0,29542130.5,1694357932.0,1694357961.0,1694357950.0,1694357953.0,6408.0,1694357961.0,1694357966.0,5.0,,1.0,29.0,5.0,11.0,176636764.0,3.0,20398.0,poseidon,condorpool,poseidon-worker-1-container-36-39,point_alert,/opt/pointAlert/pointAlert,,0.0,0,0,,,,,,,,,
stage_out_local_condorpool_2_4,None,transfer,0,1694357926.0,,,1694357931.0,,,0.0,1694357932.0,1694357936.0,,,0.0,1694357936.0,1694357941.0,5.0,,1.0,4.0,5.0,,,,,poseidon,local,poseidon-submit,pegasus::transfer,/mnt/poseidon-data/poseidon/pegasus-5.1.0panorama/bin/pegasus-transfer,/home/poseidon/pegasus-5.1.0panorama/bin/../bin/pegasus-kickstart  -n pegasus::transfer -N null -i - -R local  -L casa-wind-full -T 2023-09-08T07:29:05+00:00 /home/poseidon/pegasus-5.1.0panorama/bin/../bin/pegasus-transfer  --threads 2,0.8,0,0,,,,,,,,,
point_alert_ID0000025,None,compute,0,1694357926.0,,,1694357931.0,1694357934.0,1694357945.0,33774183.6,1694357932.0,1694357961.0,1694357950.0,1694357953.0,6286.0,1694357961.0,1694357966.0,5.0,,1.0,29.0,5.0,11.0,176638688.0,3.0,20078.0,poseidon,condorpool,poseidon-worker-1-container-0-3,point_alert,/opt/pointAlert/pointAlert,,0.0,0,0,,,,,,,,,
point_alert_ID0000125,None,compute,0,1694357926.0,,,1694357931.0,1694357934.0,1694357945.0,29557704.5,1694357932.0,1694357961.0,1694357950.0,1694357953.0,7304.0,1694357961.0,1694357966.0,5.0,,1.0,29.0,5.0,11.0,176678547.0,3.0,22878.0,poseidon,condorpool,poseidon-worker-2-container-24-27,point_alert,/opt/pointAlert/pointAlert,,0.0,0,0,,,,,,,,,
point_alert_ID0000100,None,compute,0,1694357926.0,,,1694357931.0,1694357934.0,1694357945.0,29601750.5,1694357932.0,1694357961.0,1694357950.0,1694357954.0,6535.0,1694357961.0,1694357966.0,5.0,,1.0,29.0,5.0,11.0,176658101.0,4.0,20638.0,poseidon,condorpool,poseidon-worker-2-container-40-43,point_alert,/opt/pointAlert/pointAlert,,0.0,0,0,,,,,,,,,
point_alert_ID0000055,None,compute,0,1694357926.0,,,1694357931.0,1694357934.0,1694357945.0,29569361.5,1694357932.0,1694357961.0,1694357950.0,1694357953.0,6373.0,1694357961.0,1694357966.0,5.0,,1.0,29.0,5.0,11.0,176636535.0,3.0,20638.0,poseidon,condorpool,poseidon-worker-1-container-4-7,point_alert,/opt/pointAlert/pointAlert,,0.0,0,0,,,,,,,,,
point_alert_ID0000075,None,compute,0,1694357926.0,,,1694357931.0,1694357934.0,1694357945.0,29838006.5,1694357932.0,1694357961.0,1694357950.0,1694357954.0,6484.0,1694357961.0,1694357966.0,5.0,,1.0,29.0,5.0,11.0,176646838.0,4.0,20558.0,poseidon,condorpool,poseidon-worker-2-container-12-15,point_alert,/opt/pointAlert/pointAlert,,0.0,0,0,,,,,,,,,
point_alert_ID0000095,cpu_2,compute,0,1694357926.0,,,1694357931.0,1694357935.0,1694357946.0,31547421.8,1694357933.0,1694357961.0,1694357952.0,1694357955.0,6778.0,1694357961.0,1694357966.0,5.0,,2.0,28.0,5.0,11.0,176660390.0,3.0,20718.0,poseidon,condorpool,poseidon-worker-2-container-16-19,point_alert,/opt/pointAlert/pointAlert,,0.0,0,0,,,,,,,,,
point_alert_ID0000015,None,compute,0,1694357926.0,,,1694357931.0,1694357934.0,1694357945.0,29573501.5,1694357933.0,1694357961.0,1694357950.0,1694357954.0,6472.0,1694357961.0,1694357966.0,5.0,,2.0,28.0,5.0,11.0,176639974.0,4.0,20558.0,poseidon,condorpool,poseidon-worker-1-container-8-11,point_alert,/opt/pointAlert/pointAlert,,0.0,0,0,,,,,,,,,
point_alert_ID0000035,None,compute,0,1694357926.0,,,1694357931.0,1694357935.0,1694357946.0,34457877.0,1694357933.0,1694357961.0,1694357952.0,1694357955.0,6533.0,1694357961.0,1694357966.0,5.0,,2.0,28.0,5.0,11.0,176638959.0,3.0,20078.0,poseidon,condorpool,poseidon-worker-2-container-44-47,point_alert,/opt/pointAlert/pointAlert,,0.0,0,0,,,,,,,,,
stage_out_local_condorpool_2_2,None,transfer,0,1694357931.0,,,1694357936.0,,,0.0,1694357937.0,1694357946.0,,,0.0,1694357946.0,1694357951.0,5.0,,1.0,9.0,5.0,,,,,poseidon,local,poseidon-submit,pegasus::transfer,/mnt/poseidon-data/poseidon/pegasus-5.1.0panorama/bin/pegasus-transfer,/home/poseidon/pegasus-5.1.0panorama/bin/../bin/pegasus-kickstart  -n pegasus::transfer -N null -i - -R local  -L casa-wind-full -T 2023-09-08T07:29:05+00:00 /home/poseidon/pegasus-5.1.0panorama/bin/../bin/pegasus-transfer  --threads 2,0.9,0,0,,,,,,,,,
point_alert_ID0000050,None,compute,0,1694357931.0,,,1694357936.0,1694357939.0,1694357950.0,29583852.0,1694357938.0,1694357966.0,1694357956.0,1694357959.0,6819.0,1694357966.0,1694357971.0,5.0,,2.0,28.0,5.0,11.0,176632091.0,3.0,20878.0,poseidon,condorpool,poseidon-worker-1-container-28-31,point_alert,/opt/pointAlert/pointAlert,,0.0,0,0,,,,,,,,,
point_alert_ID0000115,None,compute,0,1694357936.0,,,1694357941.0,1694357943.0,1694357954.0,29682435.0,1694357942.0,1694357971.0,1694357960.0,1694357963.0,7032.0,1694357971.0,1694357976.0,5.0,,1.0,29.0,5.0,11.0,176681217.0,3.0,21598.0,poseidon,condorpool,poseidon-worker-2-container-36-39,point_alert,/opt/pointAlert/pointAlert,,0.0,0,0,,,,,,,,,
stage_out_local_condorpool_2_5,None,transfer,0,1694357936.0,,,1694357941.0,,,0.0,1694357942.0,1694357951.0,,,0.0,1694357951.0,1694357956.0,5.0,,1.0,9.0,5.0,,,,,poseidon,local,poseidon-submit,pegasus::transfer,/mnt/poseidon-data/poseidon/pegasus-5.1.0panorama/bin/pegasus-transfer,/home/poseidon/pegasus-5.1.0panorama/bin/../bin/pegasus-kickstart  -n pegasus::transfer -N null -i - -R local  -L casa-wind-full -T 2023-09-08T07:29:05+00:00 /home/poseidon/pegasus-5.1.0panorama/bin/../bin/pegasus-transfer  --threads 2,0.8,0,0,,,,,,,,,
register_condorpool_2_3,None,auxiliary,0,1694357941.0,,,1694357956.0,,,0.0,1694357957.0,1694357961.0,,,0.0,1694357961.0,1694357966.0,15.0,,1.0,4.0,5.0,,,,,poseidon,local,poseidon-submit,pegasus::rc-client,/mnt/poseidon-data/poseidon/pegasus-5.1.0panorama/bin/pegasus-rc-client,"-n pegasus::rc-client -N null -R local  -L casa-wind-full -T 2023-09-08T07:29:05+00:00 /home/poseidon/pegasus-5.1.0panorama/bin/pegasus-rc-client --prefix pegasus.catalog.replica.output --conf /mnt/poseidon-data/poseidon/workflows/casa-wind-workflow-full/submit/poseidon/pegasus/casa-wind-full/run0163/pegasus.12950534592782059370.properties -v --meta /mnt/poseidon-data/poseidon/workflows/casa-wind-workflow-full/submit/poseidon/pegasus/casa-wind-full/run0163/00/01/mvt_ID0000084.meta,/mnt/poseidon-data/poseidon/workflows/casa-wind-workflow-full/submit/poseidon/pegasus/casa-wind-full/run0163/00/02/post_vel_ID0000038.meta,/mnt/poseidon-data/poseidon/workflows/casa-wind-workflow-full/submit/poseidon/pegasus/casa-wind-full/run0163/00/01/mvt_ID0000009.meta,/mnt/poseidon-data/poseidon/workflows/casa-wind-workflow-full/submit/poseidon/pegasus/casa-wind-full/run0163/00/01/post_vel_ID0000098.meta,/mnt/poseidon-data/poseidon/workflows/casa-wind-workflow-full/submit/poseidon/pegasus/casa-wind-full/run0163/00/02/mvt_ID0000074.meta,/mnt/poseidon-data/poseidon/workflows/casa-wind-workflow-full/submit/poseidon/pegasus/casa-wind-full/run0163/00/02/post_vel_ID0000048.meta,/mnt/poseidon-data/poseidon/workflows/casa-wind-workflow-full/submit/poseidon/pegasus/casa-wind-full/run0163/00/01/mvt_ID0000089.meta,/mnt/poseidon-data/poseidon/workflows/casa-wind-workflow-full/submit/poseidon/pegasus/casa-wind-full/run0163/00/01/post_vel_ID0000018.meta,/mnt/poseidon-data/poseidon/workflows/casa-wind-workflow-full/submit/poseidon/pegasus/casa-wind-full/run0163/00/02/post_vel_ID0000103.meta --insert /mnt/poseidon-data/poseidon/workflows/casa-wind-workflow-full/submit/poseidon/pegasus/casa-wind-full/run0163/00/02/register_condorpool_2_3.in",2.5,0,0,,,,,,,,,
register_condorpool_2_4,None,auxiliary,0,1694357941.0,,,1694357976.0,,,0.0,1694357977.0,1694357981.0,,,0.0,1694357981.0,1694357986.0,35.0,,1.0,4.0,5.0,,,,,poseidon,local,poseidon-submit,pegasus::rc-client,/mnt/poseidon-data/poseidon/pegasus-5.1.0panorama/bin/pegasus-rc-client,"-n pegasus::rc-client -N null -R local  -L casa-wind-full -T 2023-09-08T07:29:05+00:00 /home/poseidon/pegasus-5.1.0panorama/bin/pegasus-rc-client --prefix pegasus.catalog.replica.output --conf /mnt/poseidon-data/poseidon/workflows/casa-wind-workflow-full/submit/poseidon/pegasus/casa-wind-full/run0163/pegasus.12950534592782059370.properties -v --meta /mnt/poseidon-data/poseidon/workflows/casa-wind-workflow-full/submit/poseidon/pegasus/casa-wind-full/run0163/00/02/post_vel_ID0000113.meta,/mnt/poseidon-data/poseidon/workflows/casa-wind-workflow-full/submit/poseidon/pegasus/casa-wind-full/run0163/00/02/mvt_ID0000054.meta,/mnt/poseidon-data/poseidon/workflows/casa-wind-workflow-full/submit/poseidon/pegasus/casa-wind-full/run0163/00/01/post_vel_ID0000013.meta,/mnt/poseidon-data/poseidon/workflows/casa-wind-workflow-full/submit/poseidon/pegasus/casa-wind-full/run0163/00/01/post_vel_ID0000063.meta,/mnt/poseidon-data/poseidon/workflows/casa-wind-workflow-full/submit/poseidon/pegasus/casa-wind-full/run0163/00/01/post_vel_ID0000033.meta,/mnt/poseidon-data/poseidon/workflows/casa-wind-workflow-full/submit/poseidon/pegasus/casa-wind-full/run0163/00/02/post_vel_ID0000108.meta,/mnt/poseidon-data/poseidon/workflows/casa-wind-workflow-full/submit/poseidon/pegasus/casa-wind-full/run0163/00/01/post_vel_ID0000003.meta,/mnt/poseidon-data/poseidon/workflows/casa-wind-workflow-full/submit/poseidon/pegasus/casa-wind-full/run0163/00/01/post_vel_ID0000118.meta --insert /mnt/poseidon-data/poseidon/workflows/casa-wind-workflow-full/submit/poseidon/pegasus/casa-wind-full/run0163/00/02/register_condorpool_2_4.in",2.5,0,0,,,,,,,,,
register_condorpool_2_1,None,auxiliary,0,1694357941.0,,,1694357946.0,,,0.0,1694357947.0,1694357951.0,,,0.0,1694357951.0,1694357956.0,5.0,,1.0,4.0,5.0,,,,,poseidon,local,poseidon-submit,pegasus::rc-client,/mnt/poseidon-data/poseidon/pegasus-5.1.0panorama/bin/pegasus-rc-client,"-n pegasus::rc-client -N null -R local  -L casa-wind-full -T 2023-09-08T07:29:05+00:00 /home/poseidon/pegasus-5.1.0panorama/bin/pegasus-rc-client --prefix pegasus.catalog.replica.output --conf /mnt/poseidon-data/poseidon/workflows/casa-wind-workflow-full/submit/poseidon/pegasus/casa-wind-full/run0163/pegasus.12950534592782059370.properties -v --meta /mnt/poseidon-data/poseidon/workflows/casa-wind-workflow-full/submit/poseidon/pegasus/casa-wind-full/run0163/00/01/mvt_ID0000124.meta,/mnt/poseidon-data/poseidon/workflows/casa-wind-workflow-full/submit/poseidon/pegasus/casa-wind-full/run0163/00/01/mvt_ID0000094.meta,/mnt/poseidon-data/poseidon/workflows/casa-wind-workflow-full/submit/poseidon/pegasus/casa-wind-full/run0163/00/02/mvt_ID0000059.meta,/mnt/poseidon-data/poseidon/workflows/casa-wind-workflow-full/submit/poseidon/pegasus/casa-wind-full/run0163/00/02/mvt_ID0000079.meta,/mnt/poseidon-data/poseidon/workflows/casa-wind-workflow-full/submit/poseidon/pegasus/casa-wind-full/run0163/00/01/mvt_ID0000024.meta,/mnt/poseidon-data/poseidon/workflows/casa-wind-workflow-full/submit/poseidon/pegasus/casa-wind-full/run0163/00/01/post_vel_ID0000028.meta,/mnt/poseidon-data/poseidon/workflows/casa-wind-workflow-full/submit/poseidon/pegasus/casa-wind-full/run0163/00/01/post_vel_ID0000128.meta,/mnt/poseidon-data/poseidon/workflows/casa-wind-workflow-full/submit/poseidon/pegasus/casa-wind-full/run0163/00/02/post_vel_ID0000043.meta,/mnt/poseidon-data/poseidon/workflows/casa-wind-workflow-full/submit/poseidon/pegasus/casa-wind-full/run0163/00/01/mvt_ID0000069.meta --insert /mnt/poseidon-data/poseidon/workflows/casa-wind-workflow-full/submit/poseidon/pegasus/casa-wind-full/run0163/00/02/register_condorpool_2_1.in",2.6,0,0,,,,,,,,,
register_condorpool_2_2,None,auxiliary,0,1694357951.0,,,1694358016.0,,,0.0,1694358017.0,1694358021.0,,,0.0,1694358021.0,1694358026.0,65.0,,1.0,4.0,5.0,,,,,poseidon,local,poseidon-submit,pegasus::rc-client,/mnt/poseidon-data/poseidon/pegasus-5.1.0panorama/bin/pegasus-rc-client,"-n pegasus::rc-client -N null -R local  -L casa-wind-full -T 2023-09-08T07:29:05+00:00 /home/poseidon/pegasus-5.1.0panorama/bin/pegasus-rc-client --prefix pegasus.catalog.replica.output --conf /mnt/poseidon-data/poseidon/workflows/casa-wind-workflow-full/submit/poseidon/pegasus/casa-wind-full/run0163/pegasus.12950534592782059370.properties -v --meta /mnt/poseidon-data/poseidon/workflows/casa-wind-workflow-full/submit/poseidon/pegasus/casa-wind-full/run0163/00/01/mvt_ID0000019.meta,/mnt/poseidon-data/poseidon/workflows/casa-wind-workflow-full/submit/poseidon/pegasus/casa-wind-full/run0163/00/01/mvt_ID0000099.meta,/mnt/poseidon-data/poseidon/workflows/casa-wind-workflow-full/submit/poseidon/pegasus/casa-wind-full/run0163/00/01/post_vel_ID0000008.meta,/mnt/poseidon-data/poseidon/workflows/casa-wind-workflow-full/submit/poseidon/pegasus/casa-wind-full/run0163/00/02/mvt_ID0000039.meta,/mnt/poseidon-data/poseidon/workflows/casa-wind-workflow-full/submit/poseidon/pegasus/casa-wind-full/run0163/00/02/mvt_ID0000049.meta,/mnt/poseidon-data/poseidon/workflows/casa-wind-workflow-full/submit/poseidon/pegasus/casa-wind-full/run0163/00/02/post_vel_ID0000073.meta,/mnt/poseidon-data/poseidon/workflows/casa-wind-workflow-full/submit/poseidon/pegasus/casa-wind-full/run0163/00/01/post_vel_ID0000088.meta,/mnt/poseidon-data/poseidon/workflows/casa-wind-workflow-full/submit/poseidon/pegasus/casa-wind-full/run0163/00/02/mvt_ID0000104.meta,/mnt/poseidon-data/poseidon/workflows/casa-wind-workflow-full/submit/poseidon/pegasus/casa-wind-full/run0163/00/01/post_vel_ID0000083.meta --insert /mnt/poseidon-data/poseidon/workflows/casa-wind-workflow-full/submit/poseidon/pegasus/casa-wind-full/run0163/00/02/register_condorpool_2_2.in",2.6,0,0,,,,,,,,,
register_condorpool_2_5,None,auxiliary,0,1694357956.0,,,1694357966.0,,,0.0,1694357966.0,1694357971.0,,,0.0,1694357971.0,1694357976.0,10.0,,0.0,5.0,5.0,,,,,poseidon,local,poseidon-submit,pegasus::rc-client,/mnt/poseidon-data/poseidon/pegasus-5.1.0panorama/bin/pegasus-rc-client,"-n pegasus::rc-client -N null -R local  -L casa-wind-full -T 2023-09-08T07:29:05+00:00 /home/poseidon/pegasus-5.1.0panorama/bin/pegasus-rc-client --prefix pegasus.catalog.replica.output --conf /mnt/poseidon-data/poseidon/workflows/casa-wind-workflow-full/submit/poseidon/pegasus/casa-wind-full/run0163/pegasus.12950534592782059370.properties -v --meta /mnt/poseidon-data/poseidon/workflows/casa-wind-workflow-full/submit/poseidon/pegasus/casa-wind-full/run0163/00/01/mvt_ID0000004.meta,/mnt/poseidon-data/poseidon/workflows/casa-wind-workflow-full/submit/poseidon/pegasus/casa-wind-full/run0163/00/02/mvt_ID0000109.meta,/mnt/poseidon-data/poseidon/workflows/casa-wind-workflow-full/submit/poseidon/pegasus/casa-wind-full/run0163/00/01/mvt_ID0000014.meta,/mnt/poseidon-data/poseidon/workflows/casa-wind-workflow-full/submit/poseidon/pegasus/casa-wind-full/run0163/00/01/mvt_ID0000064.meta,/mnt/poseidon-data/poseidon/workflows/casa-wind-workflow-full/submit/poseidon/pegasus/casa-wind-full/run0163/00/01/mvt_ID0000034.meta,/mnt/poseidon-data/poseidon/workflows/casa-wind-workflow-full/submit/poseidon/pegasus/casa-wind-full/run0163/00/01/mvt_ID0000119.meta,/mnt/poseidon-data/poseidon/workflows/casa-wind-workflow-full/submit/poseidon/pegasus/casa-wind-full/run0163/00/02/mvt_ID0000114.meta,/mnt/poseidon-data/poseidon/workflows/casa-wind-workflow-full/submit/poseidon/pegasus/casa-wind-full/run0163/00/02/post_vel_ID0000053.meta --insert /mnt/poseidon-data/poseidon/workflows/casa-wind-workflow-full/submit/poseidon/pegasus/casa-wind-full/run0163/00/02/register_condorpool_2_5.in",2.5,0,0,,,,,,,,,
stage_out_local_condorpool_3_0,None,transfer,0,1694357966.0,,,1694357971.0,,,0.0,1694357971.0,1694357976.0,,,0.0,1694357976.0,1694357981.0,5.0,,0.0,5.0,5.0,,,,,poseidon,local,poseidon-submit,pegasus::transfer,/mnt/poseidon-data/poseidon/pegasus-5.1.0panorama/bin/pegasus-transfer,/home/poseidon/pegasus-5.1.0panorama/bin/../bin/pegasus-kickstart  -n pegasus::transfer -N null -i - -R local  -L casa-wind-full -T 2023-09-08T07:29:05+00:00 /home/poseidon/pegasus-5.1.0panorama/bin/../bin/pegasus-transfer  --threads 2,0.9,0,0,,,,,,,,,
stage_out_local_condorpool_3_1,None,transfer,0,1694357971.0,,,1694357976.0,,,0.0,1694357977.0,1694357981.0,,,0.0,1694357981.0,1694357986.0,5.0,,1.0,4.0,5.0,,,,,poseidon,local,poseidon-submit,pegasus::transfer,/mnt/poseidon-data/poseidon/pegasus-5.1.0panorama/bin/pegasus-transfer,/home/poseidon/pegasus-5.1.0panorama/bin/../bin/pegasus-kickstart  -n pegasus::transfer -N null -i - -R local  -L casa-wind-full -T 2023-09-08T07:29:05+00:00 /home/poseidon/pegasus-5.1.0panorama/bin/../bin/pegasus-transfer  --threads 2,0.9,0,0,,,,,,,,,
stage_out_local_condorpool_3_2,None,transfer,0,1694357976.0,,,1694357981.0,,,0.0,1694357982.0,1694357986.0,,,0.0,1694357986.0,1694357991.0,5.0,,1.0,4.0,5.0,,,,,poseidon,local,poseidon-submit,pegasus::transfer,/mnt/poseidon-data/poseidon/pegasus-5.1.0panorama/bin/pegasus-transfer,/home/poseidon/pegasus-5.1.0panorama/bin/../bin/pegasus-kickstart  -n pegasus::transfer -N null -i - -R local  -L casa-wind-full -T 2023-09-08T07:29:05+00:00 /home/poseidon/pegasus-5.1.0panorama/bin/../bin/pegasus-transfer  --threads 2,0.8,0,0,,,,,,,,,
register_condorpool_3_0,None,auxiliary,0,1694357981.0,,,1694357986.0,,,0.0,1694357987.0,1694357991.0,,,0.0,1694357991.0,1694357996.0,5.0,,1.0,4.0,5.0,,,,,poseidon,local,poseidon-submit,pegasus::rc-client,/mnt/poseidon-data/poseidon/pegasus-5.1.0panorama/bin/pegasus-rc-client,"-n pegasus::rc-client -N null -R local  -L casa-wind-full -T 2023-09-08T07:29:05+00:00 /home/poseidon/pegasus-5.1.0panorama/bin/pegasus-rc-client --prefix pegasus.catalog.replica.output --conf /mnt/poseidon-data/poseidon/workflows/casa-wind-workflow-full/submit/poseidon/pegasus/casa-wind-full/run0163/pegasus.12950534592782059370.properties -v --meta /mnt/poseidon-data/poseidon/workflows/casa-wind-workflow-full/submit/poseidon/pegasus/casa-wind-full/run0163/00/02/point_alert_ID0000070.meta,/mnt/poseidon-data/poseidon/workflows/casa-wind-workflow-full/submit/poseidon/pegasus/casa-wind-full/run0163/00/02/point_alert_ID0000095.meta,/mnt/poseidon-data/poseidon/workflows/casa-wind-workflow-full/submit/poseidon/pegasus/casa-wind-full/run0163/00/02/point_alert_ID0000025.meta,/mnt/poseidon-data/poseidon/workflows/casa-wind-workflow-full/submit/poseidon/pegasus/casa-wind-full/run0163/00/02/point_alert_ID0000125.meta,/mnt/poseidon-data/poseidon/workflows/casa-wind-workflow-full/submit/poseidon/pegasus/casa-wind-full/run0163/00/02/point_alert_ID0000080.meta,/mnt/poseidon-data/poseidon/workflows/casa-wind-workflow-full/submit/poseidon/pegasus/casa-wind-full/run0163/00/02/point_alert_ID0000130.meta,/mnt/poseidon-data/poseidon/workflows/casa-wind-workflow-full/submit/poseidon/pegasus/casa-wind-full/run0163/00/03/point_alert_ID0000060.meta,/mnt/poseidon-data/poseidon/workflows/casa-wind-workflow-full/submit/poseidon/pegasus/casa-wind-full/run0163/00/02/point_alert_ID0000030.meta,/mnt/poseidon-data/poseidon/workflows/casa-wind-workflow-full/submit/poseidon/pegasus/casa-wind-full/run0163/00/03/point_alert_ID0000045.meta --insert /mnt/poseidon-data/poseidon/workflows/casa-wind-workflow-full/submit/poseidon/pegasus/casa-wind-full/run0163/00/03/register_condorpool_3_0.in",2.7,0,0,,,,,,,,,
register_condorpool_3_1,None,auxiliary,0,1694357986.0,,,1694357996.0,,,0.0,1694357996.0,1694358001.0,,,0.0,1694358001.0,1694358006.0,10.0,,0.0,5.0,5.0,,,,,poseidon,local,poseidon-submit,pegasus::rc-client,/mnt/poseidon-data/poseidon/pegasus-5.1.0panorama/bin/pegasus-rc-client,"-n pegasus::rc-client -N null -R local  -L casa-wind-full -T 2023-09-08T07:29:05+00:00 /home/poseidon/pegasus-5.1.0panorama/bin/pegasus-rc-client --prefix pegasus.catalog.replica.output --conf /mnt/poseidon-data/poseidon/workflows/casa-wind-workflow-full/submit/poseidon/pegasus/casa-wind-full/run0163/pegasus.12950534592782059370.properties -v --meta /mnt/poseidon-data/poseidon/workflows/casa-wind-workflow-full/submit/poseidon/pegasus/casa-wind-full/run0163/00/02/point_alert_ID0000020.meta,/mnt/poseidon-data/poseidon/workflows/casa-wind-workflow-full/submit/poseidon/pegasus/casa-wind-full/run0163/00/03/point_alert_ID0000040.meta,/mnt/poseidon-data/poseidon/workflows/casa-wind-workflow-full/submit/poseidon/pegasus/casa-wind-full/run0163/00/03/point_alert_ID0000050.meta,/mnt/poseidon-data/poseidon/workflows/casa-wind-workflow-full/submit/poseidon/pegasus/casa-wind-full/run0163/00/03/point_alert_ID0000105.meta,/mnt/poseidon-data/poseidon/workflows/casa-wind-workflow-full/submit/poseidon/pegasus/casa-wind-full/run0163/00/02/point_alert_ID0000100.meta,/mnt/poseidon-data/poseidon/workflows/casa-wind-workflow-full/submit/poseidon/pegasus/casa-wind-full/run0163/00/02/point_alert_ID0000085.meta,/mnt/poseidon-data/poseidon/workflows/casa-wind-workflow-full/submit/poseidon/pegasus/casa-wind-full/run0163/00/02/point_alert_ID0000010.meta,/mnt/poseidon-data/poseidon/workflows/casa-wind-workflow-full/submit/poseidon/pegasus/casa-wind-full/run0163/00/02/point_alert_ID0000075.meta,/mnt/poseidon-data/poseidon/workflows/casa-wind-workflow-full/submit/poseidon/pegasus/casa-wind-full/run0163/00/02/point_alert_ID0000090.meta --insert /mnt/poseidon-data/poseidon/workflows/casa-wind-workflow-full/submit/poseidon/pegasus/casa-wind-full/run0163/00/03/register_condorpool_3_1.in",2.5,0,0,,,,,,,,,
cleanup_casa-wind-full_0_condorpool,None,auxiliary,0,1694357991.0,,,1694357996.0,,,0.0,1694357996.0,1694358001.0,,,0.0,1694358001.0,1694358006.0,5.0,,0.0,5.0,5.0,,,,,poseidon,local,poseidon-submit,pegasus::cleanup,/mnt/poseidon-data/poseidon/pegasus-5.1.0panorama/bin/pegasus-transfer,pegasus-kickstart  -n pegasus::cleanup -N null -i - -R local  -L casa-wind-full -T 2023-09-08T07:29:05+00:00 pegasus-transfer,0.2,0,0,,,,,,,,,
register_condorpool_3_2,None,auxiliary,0,1694357991.0,,,1694358006.0,,,0.0,1694358007.0,1694358011.0,,,0.0,1694358011.0,1694358016.0,15.0,,1.0,4.0,5.0,,,,,poseidon,local,poseidon-submit,pegasus::rc-client,/mnt/poseidon-data/poseidon/pegasus-5.1.0panorama/bin/pegasus-rc-client,"-n pegasus::rc-client -N null -R local  -L casa-wind-full -T 2023-09-08T07:29:05+00:00 /home/poseidon/pegasus-5.1.0panorama/bin/pegasus-rc-client --prefix pegasus.catalog.replica.output --conf /mnt/poseidon-data/poseidon/workflows/casa-wind-workflow-full/submit/poseidon/pegasus/casa-wind-full/run0163/pegasus.12950534592782059370.properties -v --meta /mnt/poseidon-data/poseidon/workflows/casa-wind-workflow-full/submit/poseidon/pegasus/casa-wind-full/run0163/00/02/point_alert_ID0000120.meta,/mnt/poseidon-data/poseidon/workflows/casa-wind-workflow-full/submit/poseidon/pegasus/casa-wind-full/run0163/00/02/point_alert_ID0000015.meta,/mnt/poseidon-data/poseidon/workflows/casa-wind-workflow-full/submit/poseidon/pegasus/casa-wind-full/run0163/00/02/point_alert_ID0000005.meta,/mnt/poseidon-data/poseidon/workflows/casa-wind-workflow-full/submit/poseidon/pegasus/casa-wind-full/run0163/00/02/point_alert_ID0000035.meta,/mnt/poseidon-data/poseidon/workflows/casa-wind-workflow-full/submit/poseidon/pegasus/casa-wind-full/run0163/00/03/point_alert_ID0000055.meta,/mnt/poseidon-data/poseidon/workflows/casa-wind-workflow-full/submit/poseidon/pegasus/casa-wind-full/run0163/00/02/point_alert_ID0000065.meta,/mnt/poseidon-data/poseidon/workflows/casa-wind-workflow-full/submit/poseidon/pegasus/casa-wind-full/run0163/00/02/point_alert_ID0000115.meta,/mnt/poseidon-data/poseidon/workflows/casa-wind-workflow-full/submit/poseidon/pegasus/casa-wind-full/run0163/00/03/point_alert_ID0000110.meta --insert /mnt/poseidon-data/poseidon/workflows/casa-wind-workflow-full/submit/poseidon/pegasus/casa-wind-full/run0163/00/03/register_condorpool_3_2.in",2.6,0,0,,,,,,,,,
