,anomaly_type,type,is_clustered,ready,pre_script_start,pre_script_end,submit,stage_in_start,stage_in_end,stage_in_effective_bytes_per_sec,execute_start,execute_end,stage_out_start,stage_out_end,stage_out_effective_bytes_per_sec,post_script_start,post_script_end,wms_delay,pre_script_delay,queue_delay,runtime,post_script_delay,stage_in_delay,stage_in_bytes,stage_out_delay,stage_out_bytes,kickstart_user,kickstart_site,kickstart_hostname,kickstart_transformations,kickstart_executables,kickstart_executables_argv,kickstart_executables_cpu_time,kickstart_status,kickstart_executables_exitcode,kickstart_online_iowait,kickstart_online_bytes_read,kickstart_online_bytes_written,kickstart_online_read_system_calls,kickstart_online_write_system_calls,kickstart_online_utime,kickstart_online_stime,kickstart_online_bytes_read_per_second,kickstart_online_bytes_written_per_second
create_dir_casa-wind-full_0_condorpool,None,auxiliary,0,1694420665.0,,,1694420666.0,,,0.0,1694420671.0,1694420676.0,,,0.0,1694420676.0,1694420681.0,1.0,,5.0,5.0,5.0,,,,,poseidon,local,poseidon-submit,pegasus::dirmanager,/mnt/poseidon-data/poseidon/pegasus-5.1.0panorama/bin/pegasus-transfer,pegasus-kickstart  -n pegasus::dirmanager -N null -i - -R local  -L casa-wind-full -T 2023-09-08T07:29:05+00:00 pegasus-transfer,0.2,0,0,,,,,,,,,
unzip_ID0000006,cpu_2,compute,0,1694420681.0,,,1694420686.0,1694420712.0,1694420720.0,27535955.0,1694420710.0,1694420761.0,1694420732.0,1694420752.0,24855426.0,1694420761.0,1694420766.0,5.0,,24.0,51.0,5.0,8.0,222753803.0,20.0,501616588.0,poseidon,condorpool,poseidon-worker-2-container-40-43,unzip,/usr/bin/gunzip,,3.9,0,0,,,,,,,,,
unzip_ID0000106,cpu_2,compute,0,1694420681.0,,,1694420686.0,1694420711.0,1694420719.0,31998929.0,1694420709.0,1694420761.0,1694420732.0,1694420753.0,23619988.0,1694420761.0,1694420766.0,5.0,,23.0,52.0,5.0,8.0,241199298.0,21.0,501821816.0,poseidon,condorpool,poseidon-worker-2-container-36-39,unzip,/usr/bin/gunzip,,4.1,0,0,,,,,,,,,
unzip_ID0000046,None,compute,0,1694420681.0,,,1694420686.0,1694420707.0,1694420717.0,23869667.0,1694420705.0,1694420756.0,1694420730.0,1694420749.0,28480430.0,1694420756.0,1694420761.0,5.0,,19.0,51.0,5.0,10.0,229692821.0,19.0,523855228.0,poseidon,condorpool,poseidon-worker-2-container-4-7,unzip,/usr/bin/gunzip,,4.1,0,0,,,,,,,,,
unzip_ID0000101,None,compute,0,1694420681.0,,,1694420686.0,1694420709.0,1694420719.0,26131758.0,1694420707.0,1694420761.0,1694420732.0,1694420753.0,27148766.0,1694420761.0,1694420766.0,5.0,,21.0,54.0,5.0,10.0,250988249.0,21.0,561551644.0,poseidon,condorpool,poseidon-worker-1-container-4-7,unzip,/usr/bin/gunzip,,4.4,0,0,,,,,,,,,
unzip_ID0000026,None,compute,0,1694420681.0,,,1694420686.0,1694420707.0,1694420716.0,26378773.0,1694420706.0,1694420751.0,1694420729.0,1694420744.0,35869816.0,1694420751.0,1694420756.0,5.0,,20.0,45.0,5.0,9.0,227963832.0,15.0,523917888.0,poseidon,condorpool,poseidon-worker-2-container-8-11,unzip,/usr/bin/gunzip,,4.0,0,0,,,,,,,,,
unzip_ID0000126,None,compute,0,1694420681.0,,,1694420686.0,1694420708.0,1694420717.0,27049502.0,1694420707.0,1694420761.0,1694420731.0,1694420752.0,24989805.0,1694420761.0,1694420766.0,5.0,,21.0,54.0,5.0,9.0,249343892.0,21.0,520618424.0,poseidon,condorpool,poseidon-worker-2-container-20-23,unzip,/usr/bin/gunzip,,4.2,0,0,,,,,,,,,
unzip_ID0000031,cpu_2,compute,0,1694420681.0,,,1694420686.0,1694420708.0,1694420715.0,31666665.0,1694420706.0,1694420746.0,1694420728.0,1694420740.0,45931996.0,1694420746.0,1694420751.0,5.0,,20.0,40.0,5.0,7.0,237517035.0,12.0,539438752.0,poseidon,condorpool,poseidon-worker-1-container-12-15,unzip,/usr/bin/gunzip,,4.1,0,0,,,,,,,,,
unzip_ID0000076,None,compute,0,1694420681.0,,,1694420686.0,1694420707.0,1694420716.0,27335620.0,1694420706.0,1694420761.0,1694420730.0,1694420751.0,25511885.0,1694420761.0,1694420766.0,5.0,,20.0,55.0,5.0,9.0,233747923.0,21.0,523942844.0,poseidon,condorpool,poseidon-worker-2-container-24-27,unzip,/usr/bin/gunzip,,4.1,0,0,,,,,,,,,
unzip_ID0000011,cpu_2,compute,0,1694420681.0,,,1694420686.0,1694420708.0,1694420717.0,25007331.0,1694420706.0,1694420756.0,1694420730.0,1694420749.0,29987329.0,1694420756.0,1694420761.0,5.0,,20.0,50.0,5.0,9.0,235998389.0,19.0,565205920.0,poseidon,condorpool,poseidon-worker-1-container-8-11,unzip,/usr/bin/gunzip,,4.2,0,0,,,,,,,,,
unzip_ID0000056,None,compute,0,1694420681.0,,,1694420686.0,1694420707.0,1694420716.0,25753313.0,1694420706.0,1694420761.0,1694420730.0,1694420752.0,24927577.0,1694420761.0,1694420766.0,5.0,,20.0,55.0,5.0,9.0,232139969.0,22.0,528026776.0,poseidon,condorpool,poseidon-worker-2-container-44-47,unzip,/usr/bin/gunzip,,4.1,0,0,,,,,,,,,
unzip_ID0000071,cpu_2,compute,0,1694420681.0,,,1694420686.0,1694420708.0,1694420717.0,26304712.0,1694420706.0,1694420761.0,1694420731.0,1694420756.0,22271145.0,1694420761.0,1694420766.0,5.0,,20.0,55.0,5.0,9.0,240896692.0,25.0,539506600.0,poseidon,condorpool,poseidon-worker-2-container-12-15,unzip,/usr/bin/gunzip,,4.2,0,0,,,,,,,,,
unzip_ID0000051,None,compute,0,1694420681.0,,,1694420686.0,1694420708.0,1694420715.0,32893262.0,1694420706.0,1694420746.0,1694420727.0,1694420738.0,52490765.0,1694420746.0,1694420751.0,5.0,,20.0,40.0,5.0,7.0,239630266.0,11.0,544301296.0,poseidon,condorpool,poseidon-worker-1-container-24-27,unzip,/usr/bin/gunzip,,4.2,0,0,,,,,,,,,
unzip_ID0000111,None,compute,0,1694420681.0,,,1694420686.0,1694420708.0,1694420718.0,27960714.0,1694420707.0,1694420761.0,1694420730.0,1694420752.0,26359471.0,1694420761.0,1694420766.0,5.0,,21.0,54.0,5.0,10.0,256320311.0,22.0,567950764.0,poseidon,condorpool,poseidon-worker-1-container-16-19,unzip,/usr/bin/gunzip,,4.4,0,0,,,,,,,,,
unzip_ID0000091,None,compute,0,1694420681.0,,,1694420686.0,1694420707.0,1694420715.0,31892898.0,1694420705.0,1694420746.0,1694420728.0,1694420740.0,44711933.0,1694420746.0,1694420751.0,5.0,,19.0,41.0,5.0,8.0,246447087.0,12.0,539109992.0,poseidon,condorpool,poseidon-worker-2-container-28-31,unzip,/usr/bin/gunzip,,4.2,0,0,,,,,,,,,
unzip_ID0000081,cpu_2,compute,0,1694420681.0,,,1694420686.0,1694420708.0,1694420715.0,32273462.0,1694420706.0,1694420751.0,1694420729.0,1694420745.0,35369656.0,1694420751.0,1694420756.0,5.0,,20.0,45.0,5.0,7.0,245619741.0,16.0,543190672.0,poseidon,condorpool,poseidon-worker-2-container-36-39,unzip,/usr/bin/gunzip,,4.2,0,0,,,,,,,,,
unzip_ID0000041,None,compute,0,1694420681.0,,,1694420686.0,1694420708.0,1694420717.0,26600207.0,1694420706.0,1694420751.0,1694420730.0,1694420744.0,37045787.0,1694420751.0,1694420756.0,5.0,,20.0,45.0,5.0,9.0,238944758.0,14.0,540768928.0,poseidon,condorpool,poseidon-worker-1-container-44-47,unzip,/usr/bin/gunzip,,4.1,0,0,,,,,,,,,
unzip_ID0000061,cpu_2,compute,0,1694420681.0,,,1694420686.0,1694420707.0,1694420717.0,24602112.0,1694420706.0,1694420761.0,1694420731.0,1694420755.0,22616292.0,1694420761.0,1694420766.0,5.0,,20.0,55.0,5.0,10.0,240463185.0,24.0,541945820.0,poseidon,condorpool,poseidon-worker-2-container-0-3,unzip,/usr/bin/gunzip,,4.2,0,0,,,,,,,,,
unzip_ID0000096,None,compute,0,1694420681.0,,,1694420686.0,1694420707.0,1694420714.0,33418295.0,1694420706.0,1694420746.0,1694420727.0,1694420736.0,59136143.0,1694420746.0,1694420751.0,5.0,,20.0,40.0,5.0,7.0,240753402.0,9.0,524013876.0,poseidon,condorpool,poseidon-worker-1-container-28-31,unzip,/usr/bin/gunzip,,4.1,0,0,,,,,,,,,
unzip_ID0000121,cpu_2,compute,0,1694420681.0,,,1694420686.0,1694420707.0,1694420716.0,28885139.0,1694420706.0,1694420761.0,1694420730.0,1694420752.0,25613646.0,1694420761.0,1694420766.0,5.0,,20.0,55.0,5.0,9.0,250860096.0,22.0,550782944.0,poseidon,condorpool,poseidon-worker-2-container-16-19,unzip,/usr/bin/gunzip,,4.3,0,0,,,,,,,,,
unzip_ID0000066,None,compute,0,1694420681.0,,,1694420686.0,1694420707.0,1694420715.0,27595563.0,1694420705.0,1694420746.0,1694420728.0,1694420740.0,43505095.0,1694420746.0,1694420751.0,5.0,,19.0,41.0,5.0,8.0,232031705.0,12.0,523661496.0,poseidon,condorpool,poseidon-worker-1-container-32-35,unzip,/usr/bin/gunzip,,4.0,0,0,,,,,,,,,
unzip_ID0000001,cpu_2,compute,0,1694420681.0,,,1694420686.0,1694420708.0,1694420715.0,30433491.0,1694420706.0,1694420751.0,1694420729.0,1694420745.0,35800774.0,1694420751.0,1694420756.0,5.0,,20.0,45.0,5.0,7.0,232473216.0,16.0,561354992.0,poseidon,condorpool,poseidon-worker-2-container-40-43,unzip,/usr/bin/gunzip,,4.1,0,0,,,,,,,,,
unzip_ID0000086,cpu_2,compute,0,1694420681.0,,,1694420686.0,1694420708.0,1694420717.0,23619248.0,1694420706.0,1694420756.0,1694420730.0,1694420750.0,25653894.0,1694420756.0,1694420761.0,5.0,,20.0,50.0,5.0,9.0,234836668.0,20.0,518838800.0,poseidon,condorpool,poseidon-worker-1-container-36-39,unzip,/usr/bin/gunzip,,4.0,0,0,,,,,,,,,
unzip_ID0000016,None,compute,0,1694420681.0,,,1694420686.0,1694420707.0,1694420716.0,26000925.0,1694420705.0,1694420746.0,1694420728.0,1694420739.0,47476562.0,1694420746.0,1694420751.0,5.0,,19.0,41.0,5.0,9.0,225238888.0,11.0,523826084.0,poseidon,condorpool,poseidon-worker-1-container-20-23,unzip,/usr/bin/gunzip,,3.9,0,0,,,,,,,,,
unzip_ID0000036,cpu_2,compute,0,1694420681.0,,,1694420686.0,1694420708.0,1694420714.0,35657055.0,1694420706.0,1694420746.0,1694420727.0,1694420736.0,58003461.0,1694420746.0,1694420751.0,5.0,,20.0,40.0,5.0,6.0,232020704.0,9.0,526952240.0,poseidon,condorpool,poseidon-worker-1-container-40-43,unzip,/usr/bin/gunzip,,4.0,0,0,,,,,,,,,
unzip_ID0000116,None,compute,0,1694420681.0,,,1694420686.0,1694420707.0,1694420715.0,34093420.0,1694420706.0,1694420746.0,1694420727.0,1694420737.0,54214420.0,1694420746.0,1694420751.0,5.0,,20.0,40.0,5.0,8.0,249255741.0,10.0,520850676.0,poseidon,condorpool,poseidon-worker-1-container-0-3,unzip,/usr/bin/gunzip,,4.2,0,0,,,,,,,,,
unzip_ID0000021,cpu_2,compute,0,1694420681.0,,,1694420686.0,1694420707.0,1694420717.0,25191503.0,1694420706.0,1694420761.0,1694420730.0,1694420752.0,25519115.0,1694420761.0,1694420766.0,5.0,,20.0,55.0,5.0,10.0,235136662.0,22.0,539178100.0,poseidon,condorpool,poseidon-worker-2-container-32-35,unzip,/usr/bin/gunzip,,4.1,0,0,,,,,,,,,
um_vel_ID0000037,cpu_2,compute,0,1694420751.0,,,1694420756.0,1694420759.0,1694420778.0,50347768.7,1694420757.0,1694420796.0,1694420787.0,1694420790.0,176594.0,1694420796.0,1694420801.0,5.0,,1.0,39.0,5.0,19.0,703538992.0,3.0,556900.0,poseidon,condorpool,poseidon-worker-1-container-8-11,um_vel,/opt/UM_VEL/UM_VEL,,1.7,0,0,,,,,,,,,
um_vel_ID0000032,cpu_2,compute,0,1694420751.0,,,1694420756.0,1694420759.0,1694420778.0,50620262.8,1694420757.0,1694420801.0,1694420787.0,1694420790.0,175161.0,1694420801.0,1694420806.0,5.0,,1.0,44.0,5.0,19.0,716025504.0,3.0,556900.0,poseidon,condorpool,poseidon-worker-2-container-40-43,um_vel,/opt/UM_VEL/UM_VEL,,1.7,0,0,,,,,,,,,
um_vel_ID0000052,None,compute,0,1694420751.0,,,1694420756.0,1694420759.0,1694420780.0,47443442.0,1694420757.0,1694420801.0,1694420788.0,1694420791.0,172072.0,1694420801.0,1694420806.0,5.0,,1.0,44.0,5.0,21.0,720888048.0,3.0,556900.0,poseidon,condorpool,poseidon-worker-1-container-0-3,um_vel,/opt/UM_VEL/UM_VEL,,1.7,0,0,,,,,,,,,
um_vel_ID0000097,cpu_2,compute,0,1694420751.0,,,1694420756.0,1694420759.0,1694420777.0,54448117.8,1694420757.0,1694420796.0,1694420786.0,1694420789.0,173981.0,1694420796.0,1694420801.0,5.0,,1.0,39.0,5.0,18.0,700600628.0,3.0,556900.0,poseidon,condorpool,poseidon-worker-1-container-40-43,um_vel,/opt/UM_VEL/UM_VEL,,1.7,0,0,,,,,,,,,
um_vel_ID0000092,None,compute,0,1694420751.0,,,1694420756.0,1694420759.0,1694420777.0,54714194.0,1694420757.0,1694420796.0,1694420786.0,1694420789.0,175177.0,1694420796.0,1694420801.0,5.0,,1.0,39.0,5.0,18.0,715696744.0,3.0,556900.0,poseidon,condorpool,poseidon-worker-1-container-32-35,um_vel,/opt/UM_VEL/UM_VEL,,1.8,0,0,,,,,,,,,
um_vel_ID0000117,cpu_2,compute,0,1694420751.0,,,1694420756.0,1694420759.0,1694420778.0,52210196.5,1694420757.0,1694420796.0,1694420786.0,1694420789.0,177579.0,1694420796.0,1694420801.0,5.0,,1.0,39.0,5.0,19.0,697437428.0,3.0,556900.0,poseidon,condorpool,poseidon-worker-1-container-12-15,um_vel,/opt/UM_VEL/UM_VEL,,1.7,0,0,,,,,,,,,
um_vel_ID0000017,None,compute,0,1694420751.0,,,1694420756.0,1694420759.0,1694420779.0,45879392.1,1694420757.0,1694420801.0,1694420788.0,1694420791.0,174855.0,1694420801.0,1694420806.0,5.0,,1.0,44.0,5.0,20.0,700412836.0,3.0,556900.0,poseidon,condorpool,poseidon-worker-2-container-28-31,um_vel,/opt/UM_VEL/UM_VEL,,1.8,0,0,,,,,,,,,
um_vel_ID0000067,cpu_2,compute,0,1694420751.0,,,1694420756.0,1694420759.0,1694420779.0,49743487.8,1694420757.0,1694420796.0,1694420787.0,1694420790.0,176263.0,1694420796.0,1694420801.0,5.0,,1.0,39.0,5.0,20.0,700248248.0,3.0,556900.0,poseidon,condorpool,poseidon-worker-1-container-36-39,um_vel,/opt/UM_VEL/UM_VEL,,1.7,0,0,,,,,,,,,
um_vel_ID0000002,cpu_2,compute,0,1694420756.0,,,1694420761.0,1694420764.0,1694420784.0,50250235.2,1694420762.0,1694420806.0,1694420793.0,1694420796.0,178864.0,1694420806.0,1694420811.0,5.0,,1.0,44.0,5.0,20.0,737941744.0,3.0,556900.0,poseidon,condorpool,poseidon-worker-2-container-0-3,um_vel,/opt/UM_VEL/UM_VEL,,1.8,0,0,,,,,,,,,
um_vel_ID0000042,cpu_2,compute,0,1694420756.0,,,1694420761.0,1694420764.0,1694420786.0,44930995.9,1694420762.0,1694420806.0,1694420794.0,1694420797.0,178592.0,1694420806.0,1694420811.0,5.0,,1.0,44.0,5.0,22.0,717355680.0,3.0,556900.0,poseidon,condorpool,poseidon-worker-2-container-40-43,um_vel,/opt/UM_VEL/UM_VEL,,1.8,0,0,,,,,,,,,
um_vel_ID0000082,cpu_2,compute,0,1694420756.0,,,1694420761.0,1694420764.0,1694420784.0,49522860.6,1694420762.0,1694420806.0,1694420793.0,1694420796.0,179329.0,1694420806.0,1694420811.0,5.0,,1.0,44.0,5.0,20.0,719777424.0,3.0,556900.0,poseidon,condorpool,poseidon-worker-2-container-12-15,um_vel,/opt/UM_VEL/UM_VEL,,1.7,0,0,,,,,,,,,
um_vel_ID0000027,cpu_2,compute,0,1694420756.0,,,1694420761.0,1694420764.0,1694420784.0,48600589.9,1694420762.0,1694420801.0,1694420792.0,1694420795.0,178655.0,1694420801.0,1694420806.0,5.0,,1.0,39.0,5.0,20.0,700504640.0,3.0,556900.0,poseidon,condorpool,poseidon-worker-2-container-16-19,um_vel,/opt/UM_VEL/UM_VEL,,1.7,0,0,,,,,,,,,
um_vel_ID0000047,None,compute,0,1694420761.0,,,1694420766.0,1694420769.0,1694420788.0,50361578.8,1694420767.0,1694420806.0,1694420798.0,1694420801.0,177888.0,1694420806.0,1694420811.0,5.0,,1.0,39.0,5.0,19.0,700441980.0,3.0,556900.0,poseidon,condorpool,poseidon-worker-2-container-20-23,um_vel,/opt/UM_VEL/UM_VEL,,1.7,0,0,,,,,,,,,
um_vel_ID0000012,None,compute,0,1694420761.0,,,1694420766.0,1694420768.0,1694420788.0,51778857.7,1694420767.0,1694420806.0,1694420797.0,1694420800.0,179351.0,1694420806.0,1694420811.0,5.0,,1.0,39.0,5.0,20.0,741792672.0,3.0,556900.0,poseidon,condorpool,poseidon-worker-1-container-44-47,um_vel,/opt/UM_VEL/UM_VEL,,1.7,0,0,,,,,,,,,
um_vel_ID0000087,None,compute,0,1694420761.0,,,1694420766.0,1694420768.0,1694420789.0,47653610.9,1694420767.0,1694420811.0,1694420798.0,1694420801.0,180919.0,1694420811.0,1694420816.0,5.0,,1.0,44.0,5.0,21.0,695425552.0,3.0,556900.0,poseidon,condorpool,poseidon-worker-2-container-8-11,um_vel,/opt/UM_VEL/UM_VEL,,1.7,0,0,,,,,,,,,
um_vel_ID0000022,None,compute,0,1694420766.0,,,1694420771.0,1694420774.0,1694420795.0,46447145.3,1694420772.0,1694420816.0,1694420804.0,1694420807.0,180184.0,1694420816.0,1694420822.0,5.0,,1.0,44.0,6.0,21.0,715764852.0,3.0,556900.0,poseidon,condorpool,poseidon-worker-2-container-44-47,um_vel,/opt/UM_VEL/UM_VEL,,1.7,0,0,,,,,,,,,
um_vel_ID0000007,None,compute,0,1694420766.0,,,1694420771.0,1694420774.0,1694420798.0,36861616.3,1694420772.0,1694420816.0,1694420806.0,1694420809.0,179732.0,1694420816.0,1694420822.0,5.0,,1.0,44.0,6.0,24.0,678203340.0,3.0,556900.0,poseidon,condorpool,poseidon-worker-1-container-16-19,um_vel,/opt/UM_VEL/UM_VEL,,1.6,0,0,,,,,,,,,
stage_out_local_condorpool_0_2,None,transfer,0,1694420766.0,,,1694420771.0,,,0.0,1694420772.0,1694420806.0,,,0.0,1694420806.0,1694420811.0,5.0,,1.0,34.0,5.0,,,,,poseidon,local,poseidon-submit,pegasus::transfer,/mnt/poseidon-data/poseidon/pegasus-5.1.0panorama/bin/pegasus-transfer,/home/poseidon/pegasus-5.1.0panorama/bin/../bin/pegasus-kickstart  -n pegasus::transfer -N null -i - -R local  -L casa-wind-full -T 2023-09-08T07:29:05+00:00 /home/poseidon/pegasus-5.1.0panorama/bin/../bin/pegasus-transfer  --threads 2,35.7,0,0,,,,,,,,,
stage_out_local_condorpool_0_1,None,transfer,0,1694420766.0,,,1694420771.0,,,0.0,1694420772.0,1694420806.0,,,0.0,1694420806.0,1694420811.0,5.0,,1.0,34.0,5.0,,,,,poseidon,local,poseidon-submit,pegasus::transfer,/mnt/poseidon-data/poseidon/pegasus-5.1.0panorama/bin/pegasus-transfer,/home/poseidon/pegasus-5.1.0panorama/bin/../bin/pegasus-kickstart  -n pegasus::transfer -N null -i - -R local  -L casa-wind-full -T 2023-09-08T07:29:05+00:00 /home/poseidon/pegasus-5.1.0panorama/bin/../bin/pegasus-transfer  --threads 2,35.2,0,0,,,,,,,,,
stage_out_local_condorpool_0_0,None,transfer,0,1694420766.0,,,1694420771.0,,,0.0,1694420772.0,1694420806.0,,,0.0,1694420806.0,1694420811.0,5.0,,1.0,34.0,5.0,,,,,poseidon,local,poseidon-submit,pegasus::transfer,/mnt/poseidon-data/poseidon/pegasus-5.1.0panorama/bin/pegasus-transfer,/home/poseidon/pegasus-5.1.0panorama/bin/../bin/pegasus-kickstart  -n pegasus::transfer -N null -i - -R local  -L casa-wind-full -T 2023-09-08T07:29:05+00:00 /home/poseidon/pegasus-5.1.0panorama/bin/../bin/pegasus-transfer  --threads 2,36.1,0,0,,,,,,,,,
um_vel_ID0000107,cpu_2,compute,0,1694420766.0,,,1694420771.0,1694420779.0,1694420798.0,53567989.6,1694420777.0,1694420816.0,1694420806.0,1694420809.0,176535.0,1694420816.0,1694420822.0,5.0,,6.0,39.0,6.0,19.0,678408568.0,3.0,556900.0,poseidon,condorpool,poseidon-worker-2-container-36-39,um_vel,/opt/UM_VEL/UM_VEL,,1.6,0,0,,,,,,,,,
um_vel_ID0000102,None,compute,0,1694420766.0,,,1694420771.0,1694420774.0,1694420796.0,44416609.5,1694420772.0,1694420816.0,1694420805.0,1694420808.0,180805.0,1694420816.0,1694420822.0,5.0,,1.0,44.0,6.0,22.0,738138396.0,3.0,556900.0,poseidon,condorpool,poseidon-worker-2-container-4-7,um_vel,/opt/UM_VEL/UM_VEL,,1.7,0,0,,,,,,,,,
um_vel_ID0000077,None,compute,0,1694420766.0,,,1694420771.0,1694420774.0,1694420793.0,50471183.8,1694420772.0,1694420811.0,1694420802.0,1694420805.0,180057.0,1694420811.0,1694420816.0,5.0,,1.0,39.0,5.0,19.0,700529596.0,3.0,556900.0,poseidon,condorpool,poseidon-worker-2-container-24-27,um_vel,/opt/UM_VEL/UM_VEL,,1.8,0,0,,,,,,,,,
um_vel_ID0000057,None,compute,0,1694420766.0,,,1694420771.0,1694420774.0,1694420793.0,50512572.5,1694420772.0,1694420811.0,1694420802.0,1694420805.0,178714.0,1694420811.0,1694420816.0,5.0,,1.0,39.0,5.0,19.0,704613528.0,3.0,556900.0,poseidon,condorpool,poseidon-worker-1-container-4-7,um_vel,/opt/UM_VEL/UM_VEL,,1.6,0,0,,,,,,,,,
um_vel_ID0000112,cpu_2,compute,0,1694420766.0,,,1694420771.0,1694420774.0,1694420794.0,52502213.4,1694420772.0,1694420811.0,1694420802.0,1694420805.0,180363.0,1694420811.0,1694420816.0,5.0,,1.0,39.0,5.0,20.0,744537516.0,3.0,556900.0,poseidon,condorpool,poseidon-worker-2-container-32-35,um_vel,/opt/UM_VEL/UM_VEL,,1.8,0,0,,,,,,,,,
um_vel_ID0000072,None,compute,0,1694420766.0,,,1694420771.0,1694420779.0,1694420798.0,55938478.2,1694420777.0,1694420816.0,1694420806.0,1694420809.0,178690.0,1694420816.0,1694420822.0,5.0,,6.0,39.0,6.0,19.0,716093352.0,3.0,556900.0,poseidon,condorpool,poseidon-worker-1-container-44-47,um_vel,/opt/UM_VEL/UM_VEL,,1.7,0,0,,,,,,,,,
um_vel_ID0000062,cpu_2,compute,0,1694420766.0,,,1694420771.0,1694420779.0,1694420799.0,51547814.5,1694420777.0,1694420822.0,1694420808.0,1694420811.0,177257.0,1694420822.0,1694420827.0,5.0,,6.0,45.0,5.0,20.0,718532572.0,3.0,556900.0,poseidon,condorpool,poseidon-worker-2-container-40-43,um_vel,/opt/UM_VEL/UM_VEL,,1.7,0,0,,,,,,,,,
um_vel_ID0000122,cpu_2,compute,0,1694420766.0,,,1694420771.0,1694420774.0,1694420802.0,34270844.4,1694420773.0,1694420822.0,1694420810.0,1694420813.0,178765.0,1694420822.0,1694420827.0,5.0,,2.0,49.0,5.0,28.0,727369696.0,3.0,556900.0,poseidon,condorpool,poseidon-worker-2-container-36-39,um_vel,/opt/UM_VEL/UM_VEL,,1.7,0,0,,,,,,,,,
um_vel_ID0000127,cpu_2,compute,0,1694420766.0,,,1694420771.0,1694420774.0,1694420795.0,47405662.4,1694420772.0,1694420816.0,1694420803.0,1694420807.0,171006.0,1694420816.0,1694420822.0,5.0,,1.0,44.0,6.0,21.0,697205176.0,4.0,556900.0,poseidon,condorpool,poseidon-worker-2-container-36-39,um_vel,/opt/UM_VEL/UM_VEL,,1.7,0,0,,,,,,,,,
mvt_ID0000069,cpu_2,compute,0,1694420801.0,,,1694420806.0,1694420809.0,1694420822.0,25253329.7,1694420808.0,1694420877.0,1694420866.0,1694420869.0,11597.0,1694420877.0,1694420882.0,5.0,,2.0,69.0,5.0,13.0,177143652.0,3.0,35309.0,poseidon,condorpool,poseidon-worker-1-container-8-11,mvt,/opt/mvt/mvt,,39.2,0,0,0.0,789070.0,16384.0,422.0,4.0,29.9,0.1,26302.3,819.2
post_vel_ID0000098,cpu_2,compute,0,1694420801.0,,,1694420806.0,1694420809.0,1694420822.0,27492126.7,1694420808.0,1694420837.0,1694420827.0,1694420830.0,4318.0,1694420837.0,1694420842.0,5.0,,2.0,29.0,5.0,13.0,177143937.0,3.0,13355.0,poseidon,condorpool,poseidon-worker-2-container-40-43,post_vel,/opt/netcdf2png/merged_netcdf2png,,0.1,0,0,,,,,,,,,
mvt_ID0000094,cpu_2,compute,0,1694420801.0,,,1694420806.0,1694420809.0,1694420821.0,27306452.0,1694420808.0,1694420877.0,1694420866.0,1694420869.0,16285.0,1694420877.0,1694420882.0,5.0,,2.0,69.0,5.0,12.0,177143652.0,3.0,52407.0,poseidon,condorpool,poseidon-worker-2-container-0-3,mvt,/opt/mvt/mvt,,39.4,0,0,0.0,791771.0,28672.0,428.0,7.0,29.9,0.1,26392.4,1433.6
post_vel_ID0000093,cpu_2,compute,0,1694420801.0,,,1694420806.0,1694420809.0,1694420820.0,33778673.2,1694420808.0,1694420837.0,1694420826.0,1694420829.0,4252.0,1694420837.0,1694420842.0,5.0,,2.0,29.0,5.0,11.0,177143937.0,3.0,13303.0,poseidon,condorpool,poseidon-worker-2-container-16-19,post_vel,/opt/netcdf2png/merged_netcdf2png,,0.1,0,0,,,,,,,,,
mvt_ID0000119,cpu_2,compute,0,1694420801.0,,,1694420806.0,1694420809.0,1694420823.0,22400296.7,1694420808.0,1694420882.0,1694420868.0,1694420871.0,21531.0,1694420882.0,1694420887.0,5.0,,2.0,74.0,5.0,14.0,177143652.0,3.0,65525.0,poseidon,condorpool,poseidon-worker-2-container-12-15,mvt,/opt/mvt/mvt,,40.3,0,0,0.0,792931.0,36864.0,437.0,9.0,39.8,0.2,19823.3,3686.4
post_vel_ID0000118,cpu_2,compute,0,1694420801.0,,,1694420806.0,1694420809.0,1694420821.0,27777701.0,1694420808.0,1694420837.0,1694420827.0,1694420830.0,4735.0,1694420837.0,1694420842.0,5.0,,2.0,29.0,5.0,12.0,177143937.0,3.0,14402.0,poseidon,condorpool,poseidon-worker-1-container-12-15,post_vel,/opt/netcdf2png/merged_netcdf2png,,0.1,0,0,,,,,,,,,
post_vel_ID0000038,None,compute,0,1694420801.0,,,1694420806.0,1694420809.0,1694420821.0,27604519.3,1694420808.0,1694420837.0,1694420827.0,1694420830.0,3688.0,1694420837.0,1694420842.0,5.0,,2.0,29.0,5.0,12.0,177143937.0,3.0,11227.0,poseidon,condorpool,poseidon-worker-1-container-0-3,post_vel,/opt/netcdf2png/merged_netcdf2png,,0.1,0,0,,,,,,,,,
mvt_ID0000039,None,compute,0,1694420801.0,,,1694420806.0,1694420809.0,1694420820.0,34851228.8,1694420808.0,1694420877.0,1694420866.0,1694420869.0,11233.0,1694420877.0,1694420882.0,5.0,,2.0,69.0,5.0,11.0,177143652.0,3.0,34386.0,poseidon,condorpool,poseidon-worker-2-container-20-23,mvt,/opt/mvt/mvt,,40.3,0,0,0.0,794303.0,16384.0,440.0,4.0,39.9,0.1,19857.6,819.2
post_vel_ID0000068,cpu_2,compute,0,1694420801.0,,,1694420806.0,1694420809.0,1694420821.0,28470822.0,1694420808.0,1694420837.0,1694420827.0,1694420830.0,3756.0,1694420837.0,1694420842.0,5.0,,2.0,29.0,5.0,12.0,177143937.0,3.0,11398.0,poseidon,condorpool,poseidon-worker-1-container-36-39,post_vel,/opt/netcdf2png/merged_netcdf2png,,0.1,0,0,,,,,,,,,
mvt_ID0000099,cpu_2,compute,0,1694420801.0,,,1694420806.0,1694420809.0,1694420822.0,24811417.7,1694420808.0,1694420877.0,1694420867.0,1694420870.0,16412.0,1694420877.0,1694420882.0,5.0,,2.0,69.0,5.0,13.0,177143652.0,3.0,50118.0,poseidon,condorpool,poseidon-worker-1-container-40-43,mvt,/opt/mvt/mvt,,39.5,0,0,0.0,793199.0,28672.0,431.0,7.0,29.8,0.1,26440.0,1433.6
post_vel_ID0000033,cpu_2,compute,0,1694420806.0,,,1694420811.0,1694420814.0,1694420824.0,35214471.6,1694420811.0,1694420842.0,1694420830.0,1694420833.0,3788.0,1694420842.0,1694420847.0,5.0,,0.0,31.0,5.0,10.0,177143937.0,3.0,11464.0,poseidon,condorpool,poseidon-worker-2-container-32-35,post_vel,/opt/netcdf2png/merged_netcdf2png,,0.1,0,0,,,,,,,,,
post_vel_ID0000053,None,compute,0,1694420806.0,,,1694420811.0,1694420814.0,1694420826.0,31389442.2,1694420813.0,1694420842.0,1694420831.0,1694420834.0,3642.0,1694420842.0,1694420847.0,5.0,,2.0,29.0,5.0,12.0,177143937.0,3.0,11004.0,poseidon,condorpool,poseidon-worker-1-container-32-35,post_vel,/opt/netcdf2png/merged_netcdf2png,,0.1,0,0,,,,,,,,,
mvt_ID0000054,cpu_2,compute,0,1694420806.0,,,1694420811.0,1694420815.0,1694420827.0,26465680.0,1694420813.0,1694420887.0,1694420876.0,1694420879.0,9444.0,1694420887.0,1694420892.0,5.0,,2.0,74.0,5.0,12.0,177143652.0,3.0,28552.0,poseidon,condorpool,poseidon-worker-2-container-40-43,mvt,/opt/mvt/mvt,,40.1,0,0,0.0,852040.0,12288.0,566.0,3.0,36.7,0.1,21301.0,1228.8
post_vel_ID0000028,None,compute,0,1694420806.0,,,1694420811.0,1694420814.0,1694420825.0,35152825.8,1694420812.0,1694420842.0,1694420830.0,1694420833.0,3801.0,1694420842.0,1694420847.0,5.0,,1.0,30.0,5.0,11.0,177143937.0,3.0,11529.0,poseidon,condorpool,poseidon-worker-2-container-8-11,post_vel,/opt/netcdf2png/merged_netcdf2png,,0.1,0,0,,,,,,,,,
mvt_ID0000019,None,compute,0,1694420806.0,,,1694420811.0,1694420814.0,1694420825.0,35190505.4,1694420812.0,1694420882.0,1694420869.0,1694420872.0,11984.0,1694420882.0,1694420887.0,5.0,,1.0,70.0,5.0,11.0,177143652.0,3.0,36245.0,poseidon,condorpool,poseidon-worker-1-container-4-7,mvt,/opt/mvt/mvt,,39.6,0,0,0.0,789061.0,20480.0,422.0,5.0,29.9,0.1,26302.0,1024.0
post_vel_ID0000018,None,compute,0,1694420806.0,,,1694420811.0,1694420815.0,1694420826.0,33271171.6,1694420813.0,1694420842.0,1694420831.0,1694420834.0,3845.0,1694420842.0,1694420847.0,5.0,,2.0,29.0,5.0,11.0,177143937.0,3.0,11645.0,poseidon,condorpool,poseidon-worker-2-container-24-27,post_vel,/opt/netcdf2png/merged_netcdf2png,,0.1,0,0,,,,,,,,,
mvt_ID0000034,None,compute,0,1694420806.0,,,1694420811.0,1694420814.0,1694420825.0,34948488.2,1694420812.0,1694420882.0,1694420870.0,1694420873.0,10215.0,1694420882.0,1694420887.0,5.0,,1.0,70.0,5.0,11.0,177143652.0,3.0,30976.0,poseidon,condorpool,poseidon-worker-2-container-28-31,mvt,/opt/mvt/mvt,,40.3,0,0,0.0,794296.0,16384.0,440.0,4.0,39.8,0.1,19857.4,819.2
mvt_ID0000029,None,compute,0,1694420806.0,,,1694420811.0,1694420814.0,1694420825.0,35122813.8,1694420812.0,1694420882.0,1694420869.0,1694420873.0,12627.0,1694420882.0,1694420887.0,5.0,,1.0,70.0,5.0,11.0,177143652.0,4.0,38341.0,poseidon,condorpool,poseidon-worker-1-container-44-47,mvt,/opt/mvt/mvt,,39.4,0,0,0.0,829016.0,20480.0,509.0,5.0,29.9,0.1,27633.9,1024.0
register_condorpool_0_0,None,auxiliary,0,1694420811.0,,,1694420827.0,,,0.0,1694420832.0,1694420837.0,,,0.0,1694420837.0,1694420842.0,16.0,,5.0,5.0,5.0,,,,,poseidon,local,poseidon-submit,pegasus::rc-client,/mnt/poseidon-data/poseidon/pegasus-5.1.0panorama/bin/pegasus-rc-client,"-n pegasus::rc-client -N null -R local  -L casa-wind-full -T 2023-09-08T07:29:05+00:00 /home/poseidon/pegasus-5.1.0panorama/bin/pegasus-rc-client --prefix pegasus.catalog.replica.output --conf /mnt/poseidon-data/poseidon/workflows/casa-wind-workflow-full/submit/poseidon/pegasus/casa-wind-full/run0295/pegasus.10533358311361365389.properties -v --meta /mnt/poseidon-data/poseidon/workflows/casa-wind-workflow-full/submit/poseidon/pegasus/casa-wind-full/run0295/00/00/unzip_ID0000121.meta,/mnt/poseidon-data/poseidon/workflows/casa-wind-workflow-full/submit/poseidon/pegasus/casa-wind-full/run0295/00/00/unzip_ID0000111.meta,/mnt/poseidon-data/poseidon/workflows/casa-wind-workflow-full/submit/poseidon/pegasus/casa-wind-full/run0295/00/00/unzip_ID0000101.meta,/mnt/poseidon-data/poseidon/workflows/casa-wind-workflow-full/submit/poseidon/pegasus/casa-wind-full/run0295/00/00/unzip_ID0000056.meta,/mnt/poseidon-data/poseidon/workflows/casa-wind-workflow-full/submit/poseidon/pegasus/casa-wind-full/run0295/00/00/unzip_ID0000081.meta,/mnt/poseidon-data/poseidon/workflows/casa-wind-workflow-full/submit/poseidon/pegasus/casa-wind-full/run0295/00/00/unzip_ID0000106.meta,/mnt/poseidon-data/poseidon/workflows/casa-wind-workflow-full/submit/poseidon/pegasus/casa-wind-full/run0295/00/00/unzip_ID0000061.meta,/mnt/poseidon-data/poseidon/workflows/casa-wind-workflow-full/submit/poseidon/pegasus/casa-wind-full/run0295/00/00/unzip_ID0000086.meta,/mnt/poseidon-data/poseidon/workflows/casa-wind-workflow-full/submit/poseidon/pegasus/casa-wind-full/run0295/00/00/unzip_ID0000076.meta,/mnt/poseidon-data/poseidon/workflows/casa-wind-workflow-full/submit/poseidon/pegasus/casa-wind-full/run0295/00/00/unzip_ID0000006.meta,/mnt/poseidon-data/poseidon/workflows/casa-wind-workflow-full/submit/poseidon/pegasus/casa-wind-full/run0295/00/00/unzip_ID0000001.meta,/mnt/poseidon-data/poseidon/workflows/casa-wind-workflow-full/submit/poseidon/pegasus/casa-wind-full/run0295/00/00/unzip_ID0000011.meta,/mnt/poseidon-data/poseidon/workflows/casa-wind-workflow-full/submit/poseidon/pegasus/casa-wind-full/run0295/00/00/unzip_ID0000031.meta,/mnt/poseidon-data/poseidon/workflows/casa-wind-workflow-full/submit/poseidon/pegasus/casa-wind-full/run0295/00/00/unzip_ID0000036.meta,/mnt/poseidon-data/poseidon/workflows/casa-wind-workflow-full/submit/poseidon/pegasus/casa-wind-full/run0295/00/00/unzip_ID0000091.meta,/mnt/poseidon-data/poseidon/workflows/casa-wind-workflow-full/submit/poseidon/pegasus/casa-wind-full/run0295/00/00/unzip_ID0000051.meta,/mnt/poseidon-data/poseidon/workflows/casa-wind-workflow-full/submit/poseidon/pegasus/casa-wind-full/run0295/00/00/unzip_ID0000041.meta,/mnt/poseidon-data/poseidon/workflows/casa-wind-workflow-full/submit/poseidon/pegasus/casa-wind-full/run0295/00/00/unzip_ID0000026.meta,/mnt/poseidon-data/poseidon/workflows/casa-wind-workflow-full/submit/poseidon/pegasus/casa-wind-full/run0295/00/00/unzip_ID0000096.meta,/mnt/poseidon-data/poseidon/workflows/casa-wind-workflow-full/submit/poseidon/pegasus/casa-wind-full/run0295/00/00/unzip_ID0000021.meta,/mnt/poseidon-data/poseidon/workflows/casa-wind-workflow-full/submit/poseidon/pegasus/casa-wind-full/run0295/00/00/unzip_ID0000066.meta,/mnt/poseidon-data/poseidon/workflows/casa-wind-workflow-full/submit/poseidon/pegasus/casa-wind-full/run0295/00/00/unzip_ID0000071.meta,/mnt/poseidon-data/poseidon/workflows/casa-wind-workflow-full/submit/poseidon/pegasus/casa-wind-full/run0295/00/00/unzip_ID0000046.meta,/mnt/poseidon-data/poseidon/workflows/casa-wind-workflow-full/submit/poseidon/pegasus/casa-wind-full/run0295/00/00/unzip_ID0000116.meta,/mnt/poseidon-data/poseidon/workflows/casa-wind-workflow-full/submit/poseidon/pegasus/casa-wind-full/run0295/00/00/unzip_ID0000126.meta,/mnt/poseidon-data/poseidon/workflows/casa-wind-workflow-full/submit/poseidon/pegasus/casa-wind-full/run0295/00/00/unzip_ID0000016.meta --insert /mnt/poseidon-data/poseidon/workflows/casa-wind-workflow-full/submit/poseidon/pegasus/casa-wind-full/run0295/00/00/register_condorpool_0_0.in",3.0,0,0,,,,,,,,,
post_vel_ID0000083,cpu_2,compute,0,1694420811.0,,,1694420816.0,1694420820.0,1694420832.0,35044524.0,1694420818.0,1694420847.0,1694420838.0,1694420841.0,3887.0,1694420847.0,1694420852.0,5.0,,2.0,29.0,5.0,12.0,177143937.0,3.0,12720.0,poseidon,condorpool,poseidon-worker-2-container-36-39,post_vel,/opt/netcdf2png/merged_netcdf2png,,0.1,0,0,,,,,,,,,
mvt_ID0000084,None,compute,0,1694420811.0,,,1694420816.0,1694420819.0,1694420830.0,29702695.8,1694420817.0,1694420887.0,1694420875.0,1694420878.0,15756.0,1694420887.0,1694420892.0,5.0,,1.0,70.0,5.0,11.0,177143652.0,3.0,47998.0,poseidon,condorpool,poseidon-worker-1-container-16-19,mvt,/opt/mvt/mvt,,39.5,0,0,0.0,791894.0,24576.0,428.0,6.0,29.9,0.1,26396.5,1228.8
mvt_ID0000044,cpu_2,compute,0,1694420811.0,,,1694420816.0,1694420829.0,1694420840.0,29710271.5,1694420827.0,1694420912.0,1694420900.0,1694420903.0,9304.0,1694420912.0,1694420918.0,5.0,,11.0,85.0,6.0,11.0,177143652.0,3.0,28113.0,poseidon,condorpool,poseidon-worker-2-container-36-39,mvt,/opt/mvt/mvt,,39.6,0,0,0.0,881987.0,12288.0,638.0,3.0,35.7,0.0,17639.7,1228.8
post_vel_ID0000043,cpu_2,compute,0,1694420811.0,,,1694420816.0,1694420829.0,1694420842.0,35228752.0,1694420827.0,1694420862.0,1694420848.0,1694420851.0,3467.0,1694420862.0,1694420867.0,5.0,,11.0,35.0,5.0,13.0,177143937.0,3.0,11050.0,poseidon,condorpool,poseidon-worker-2-container-40-43,post_vel,/opt/netcdf2png/merged_netcdf2png,,0.1,0,0,,,,,,,,,
register_condorpool_0_2,None,auxiliary,0,1694420811.0,,,1694420816.0,,,0.0,1694420817.0,1694420822.0,,,0.0,1694420822.0,1694420827.0,5.0,,1.0,5.0,5.0,,,,,poseidon,local,poseidon-submit,pegasus::rc-client,/mnt/poseidon-data/poseidon/pegasus-5.1.0panorama/bin/pegasus-rc-client,"-n pegasus::rc-client -N null -R local  -L casa-wind-full -T 2023-09-08T07:29:05+00:00 /home/poseidon/pegasus-5.1.0panorama/bin/pegasus-rc-client --prefix pegasus.catalog.replica.output --conf /mnt/poseidon-data/poseidon/workflows/casa-wind-workflow-full/submit/poseidon/pegasus/casa-wind-full/run0295/pegasus.10533358311361365389.properties -v --meta /mnt/poseidon-data/poseidon/workflows/casa-wind-workflow-full/submit/poseidon/pegasus/casa-wind-full/run0295/00/00/unzip_ID0000121.meta,/mnt/poseidon-data/poseidon/workflows/casa-wind-workflow-full/submit/poseidon/pegasus/casa-wind-full/run0295/00/00/unzip_ID0000111.meta,/mnt/poseidon-data/poseidon/workflows/casa-wind-workflow-full/submit/poseidon/pegasus/casa-wind-full/run0295/00/00/unzip_ID0000101.meta,/mnt/poseidon-data/poseidon/workflows/casa-wind-workflow-full/submit/poseidon/pegasus/casa-wind-full/run0295/00/00/unzip_ID0000056.meta,/mnt/poseidon-data/poseidon/workflows/casa-wind-workflow-full/submit/poseidon/pegasus/casa-wind-full/run0295/00/00/unzip_ID0000081.meta,/mnt/poseidon-data/poseidon/workflows/casa-wind-workflow-full/submit/poseidon/pegasus/casa-wind-full/run0295/00/00/unzip_ID0000106.meta,/mnt/poseidon-data/poseidon/workflows/casa-wind-workflow-full/submit/poseidon/pegasus/casa-wind-full/run0295/00/00/unzip_ID0000061.meta,/mnt/poseidon-data/poseidon/workflows/casa-wind-workflow-full/submit/poseidon/pegasus/casa-wind-full/run0295/00/00/unzip_ID0000086.meta,/mnt/poseidon-data/poseidon/workflows/casa-wind-workflow-full/submit/poseidon/pegasus/casa-wind-full/run0295/00/00/unzip_ID0000076.meta,/mnt/poseidon-data/poseidon/workflows/casa-wind-workflow-full/submit/poseidon/pegasus/casa-wind-full/run0295/00/00/unzip_ID0000006.meta,/mnt/poseidon-data/poseidon/workflows/casa-wind-workflow-full/submit/poseidon/pegasus/casa-wind-full/run0295/00/00/unzip_ID0000001.meta,/mnt/poseidon-data/poseidon/workflows/casa-wind-workflow-full/submit/poseidon/pegasus/casa-wind-full/run0295/00/00/unzip_ID0000011.meta,/mnt/poseidon-data/poseidon/workflows/casa-wind-workflow-full/submit/poseidon/pegasus/casa-wind-full/run0295/00/00/unzip_ID0000031.meta,/mnt/poseidon-data/poseidon/workflows/casa-wind-workflow-full/submit/poseidon/pegasus/casa-wind-full/run0295/00/00/unzip_ID0000036.meta,/mnt/poseidon-data/poseidon/workflows/casa-wind-workflow-full/submit/poseidon/pegasus/casa-wind-full/run0295/00/00/unzip_ID0000091.meta,/mnt/poseidon-data/poseidon/workflows/casa-wind-workflow-full/submit/poseidon/pegasus/casa-wind-full/run0295/00/00/unzip_ID0000051.meta,/mnt/poseidon-data/poseidon/workflows/casa-wind-workflow-full/submit/poseidon/pegasus/casa-wind-full/run0295/00/00/unzip_ID0000041.meta,/mnt/poseidon-data/poseidon/workflows/casa-wind-workflow-full/submit/poseidon/pegasus/casa-wind-full/run0295/00/00/unzip_ID0000026.meta,/mnt/poseidon-data/poseidon/workflows/casa-wind-workflow-full/submit/poseidon/pegasus/casa-wind-full/run0295/00/00/unzip_ID0000096.meta,/mnt/poseidon-data/poseidon/workflows/casa-wind-workflow-full/submit/poseidon/pegasus/casa-wind-full/run0295/00/00/unzip_ID0000021.meta,/mnt/poseidon-data/poseidon/workflows/casa-wind-workflow-full/submit/poseidon/pegasus/casa-wind-full/run0295/00/00/unzip_ID0000066.meta,/mnt/poseidon-data/poseidon/workflows/casa-wind-workflow-full/submit/poseidon/pegasus/casa-wind-full/run0295/00/00/unzip_ID0000071.meta,/mnt/poseidon-data/poseidon/workflows/casa-wind-workflow-full/submit/poseidon/pegasus/casa-wind-full/run0295/00/00/unzip_ID0000046.meta,/mnt/poseidon-data/poseidon/workflows/casa-wind-workflow-full/submit/poseidon/pegasus/casa-wind-full/run0295/00/00/unzip_ID0000116.meta,/mnt/poseidon-data/poseidon/workflows/casa-wind-workflow-full/submit/poseidon/pegasus/casa-wind-full/run0295/00/00/unzip_ID0000126.meta,/mnt/poseidon-data/poseidon/workflows/casa-wind-workflow-full/submit/poseidon/pegasus/casa-wind-full/run0295/00/00/unzip_ID0000016.meta --insert /mnt/poseidon-data/poseidon/workflows/casa-wind-workflow-full/submit/poseidon/pegasus/casa-wind-full/run0295/00/00/register_condorpool_0_2.in",3.2,0,0,,,,,,,,,
post_vel_ID0000003,None,compute,0,1694420811.0,,,1694420816.0,1694420819.0,1694420830.0,34047524.0,1694420818.0,1694420847.0,1694420836.0,1694420839.0,3574.0,1694420847.0,1694420852.0,5.0,,2.0,29.0,5.0,11.0,177143937.0,3.0,10865.0,poseidon,condorpool,poseidon-worker-1-container-44-47,post_vel,/opt/netcdf2png/merged_netcdf2png,,0.1,0,0,,,,,,,,,
mvt_ID0000049,None,compute,0,1694420811.0,,,1694420816.0,1694420819.0,1694420830.0,34960684.0,1694420817.0,1694420887.0,1694420876.0,1694420879.0,7935.0,1694420887.0,1694420892.0,5.0,,1.0,70.0,5.0,11.0,177143652.0,3.0,24108.0,poseidon,condorpool,poseidon-worker-2-container-4-7,mvt,/opt/mvt/mvt,,40.1,0,0,0.0,794209.0,12288.0,440.0,3.0,39.9,0.1,19855.2,1228.8
post_vel_ID0000048,None,compute,0,1694420811.0,,,1694420816.0,1694420819.0,1694420831.0,30174337.6,1694420817.0,1694420847.0,1694420836.0,1694420839.0,3392.0,1694420847.0,1694420852.0,5.0,,1.0,30.0,5.0,12.0,177143937.0,3.0,10371.0,poseidon,condorpool,poseidon-worker-2-container-44-47,post_vel,/opt/netcdf2png/merged_netcdf2png,,0.1,0,0,,,,,,,,,
register_condorpool_0_1,None,auxiliary,0,1694420811.0,,,1694420842.0,,,0.0,1694420843.0,1694420847.0,,,0.0,1694420847.0,1694420852.0,31.0,,1.0,4.0,5.0,,,,,poseidon,local,poseidon-submit,pegasus::rc-client,/mnt/poseidon-data/poseidon/pegasus-5.1.0panorama/bin/pegasus-rc-client,"-n pegasus::rc-client -N null -R local  -L casa-wind-full -T 2023-09-08T07:29:05+00:00 /home/poseidon/pegasus-5.1.0panorama/bin/pegasus-rc-client --prefix pegasus.catalog.replica.output --conf /mnt/poseidon-data/poseidon/workflows/casa-wind-workflow-full/submit/poseidon/pegasus/casa-wind-full/run0295/pegasus.10533358311361365389.properties -v --meta /mnt/poseidon-data/poseidon/workflows/casa-wind-workflow-full/submit/poseidon/pegasus/casa-wind-full/run0295/00/00/unzip_ID0000121.meta,/mnt/poseidon-data/poseidon/workflows/casa-wind-workflow-full/submit/poseidon/pegasus/casa-wind-full/run0295/00/00/unzip_ID0000111.meta,/mnt/poseidon-data/poseidon/workflows/casa-wind-workflow-full/submit/poseidon/pegasus/casa-wind-full/run0295/00/00/unzip_ID0000101.meta,/mnt/poseidon-data/poseidon/workflows/casa-wind-workflow-full/submit/poseidon/pegasus/casa-wind-full/run0295/00/00/unzip_ID0000056.meta,/mnt/poseidon-data/poseidon/workflows/casa-wind-workflow-full/submit/poseidon/pegasus/casa-wind-full/run0295/00/00/unzip_ID0000081.meta,/mnt/poseidon-data/poseidon/workflows/casa-wind-workflow-full/submit/poseidon/pegasus/casa-wind-full/run0295/00/00/unzip_ID0000106.meta,/mnt/poseidon-data/poseidon/workflows/casa-wind-workflow-full/submit/poseidon/pegasus/casa-wind-full/run0295/00/00/unzip_ID0000061.meta,/mnt/poseidon-data/poseidon/workflows/casa-wind-workflow-full/submit/poseidon/pegasus/casa-wind-full/run0295/00/00/unzip_ID0000086.meta,/mnt/poseidon-data/poseidon/workflows/casa-wind-workflow-full/submit/poseidon/pegasus/casa-wind-full/run0295/00/00/unzip_ID0000076.meta,/mnt/poseidon-data/poseidon/workflows/casa-wind-workflow-full/submit/poseidon/pegasus/casa-wind-full/run0295/00/00/unzip_ID0000006.meta,/mnt/poseidon-data/poseidon/workflows/casa-wind-workflow-full/submit/poseidon/pegasus/casa-wind-full/run0295/00/00/unzip_ID0000001.meta,/mnt/poseidon-data/poseidon/workflows/casa-wind-workflow-full/submit/poseidon/pegasus/casa-wind-full/run0295/00/00/unzip_ID0000011.meta,/mnt/poseidon-data/poseidon/workflows/casa-wind-workflow-full/submit/poseidon/pegasus/casa-wind-full/run0295/00/00/unzip_ID0000031.meta,/mnt/poseidon-data/poseidon/workflows/casa-wind-workflow-full/submit/poseidon/pegasus/casa-wind-full/run0295/00/00/unzip_ID0000036.meta,/mnt/poseidon-data/poseidon/workflows/casa-wind-workflow-full/submit/poseidon/pegasus/casa-wind-full/run0295/00/00/unzip_ID0000091.meta,/mnt/poseidon-data/poseidon/workflows/casa-wind-workflow-full/submit/poseidon/pegasus/casa-wind-full/run0295/00/00/unzip_ID0000051.meta,/mnt/poseidon-data/poseidon/workflows/casa-wind-workflow-full/submit/poseidon/pegasus/casa-wind-full/run0295/00/00/unzip_ID0000041.meta,/mnt/poseidon-data/poseidon/workflows/casa-wind-workflow-full/submit/poseidon/pegasus/casa-wind-full/run0295/00/00/unzip_ID0000026.meta,/mnt/poseidon-data/poseidon/workflows/casa-wind-workflow-full/submit/poseidon/pegasus/casa-wind-full/run0295/00/00/unzip_ID0000096.meta,/mnt/poseidon-data/poseidon/workflows/casa-wind-workflow-full/submit/poseidon/pegasus/casa-wind-full/run0295/00/00/unzip_ID0000021.meta,/mnt/poseidon-data/poseidon/workflows/casa-wind-workflow-full/submit/poseidon/pegasus/casa-wind-full/run0295/00/00/unzip_ID0000066.meta,/mnt/poseidon-data/poseidon/workflows/casa-wind-workflow-full/submit/poseidon/pegasus/casa-wind-full/run0295/00/00/unzip_ID0000071.meta,/mnt/poseidon-data/poseidon/workflows/casa-wind-workflow-full/submit/poseidon/pegasus/casa-wind-full/run0295/00/00/unzip_ID0000046.meta,/mnt/poseidon-data/poseidon/workflows/casa-wind-workflow-full/submit/poseidon/pegasus/casa-wind-full/run0295/00/00/unzip_ID0000116.meta,/mnt/poseidon-data/poseidon/workflows/casa-wind-workflow-full/submit/poseidon/pegasus/casa-wind-full/run0295/00/00/unzip_ID0000126.meta,/mnt/poseidon-data/poseidon/workflows/casa-wind-workflow-full/submit/poseidon/pegasus/casa-wind-full/run0295/00/00/unzip_ID0000016.meta --insert /mnt/poseidon-data/poseidon/workflows/casa-wind-workflow-full/submit/poseidon/pegasus/casa-wind-full/run0295/00/00/register_condorpool_0_1.in",3.0,0,0,,,,,,,,,
mvt_ID0000004,cpu_2,compute,0,1694420811.0,,,1694420816.0,1694420820.0,1694420832.0,35170628.0,1694420818.0,1694420897.0,1694420888.0,1694420891.0,9497.0,1694420897.0,1694420902.0,5.0,,2.0,79.0,5.0,12.0,177143652.0,3.0,28781.0,poseidon,condorpool,poseidon-worker-2-container-36-39,mvt,/opt/mvt/mvt,,39.3,0,0,0.0,855835.0,16384.0,581.0,4.0,37.9,0.1,17116.7,819.2
mvt_ID0000014,cpu_2,compute,0,1694420811.0,,,1694420816.0,1694420822.0,1694420833.0,29725749.0,1694420820.0,1694420912.0,1694420902.0,1694420905.0,10596.0,1694420912.0,1694420918.0,5.0,,4.0,92.0,6.0,11.0,177143652.0,3.0,31991.0,poseidon,condorpool,poseidon-worker-2-container-36-39,mvt,/opt/mvt/mvt,,39.6,0,0,0.0,884381.0,16384.0,650.0,4.0,36.0,0.1,14739.7,819.2
post_vel_ID0000013,cpu_2,compute,0,1694420811.0,,,1694420816.0,1694420819.0,1694420830.0,32934909.4,1694420817.0,1694420847.0,1694420836.0,1694420840.0,3420.0,1694420847.0,1694420852.0,5.0,,1.0,30.0,5.0,11.0,177143937.0,4.0,11040.0,poseidon,condorpool,poseidon-worker-2-container-40-43,post_vel,/opt/netcdf2png/merged_netcdf2png,,0.1,0,0,,,,,,,,,
mvt_ID0000079,None,compute,0,1694420816.0,,,1694420821.0,1694420829.0,1694420840.0,34099214.4,1694420827.0,1694420897.0,1694420885.0,1694420888.0,14926.0,1694420897.0,1694420902.0,5.0,,6.0,70.0,5.0,11.0,177143652.0,3.0,45337.0,poseidon,condorpool,poseidon-worker-1-container-32-35,mvt,/opt/mvt/mvt,,39.8,0,0,0.0,812513.0,24576.0,473.0,6.0,29.9,0.1,27083.8,1228.8
post_vel_ID0000078,cpu_2,compute,0,1694420816.0,,,1694420821.0,1694420829.0,1694420840.0,29696265.0,1694420827.0,1694420857.0,1694420845.0,1694420848.0,3955.0,1694420857.0,1694420862.0,5.0,,6.0,30.0,5.0,11.0,177143937.0,3.0,12264.0,poseidon,condorpool,poseidon-worker-2-container-16-19,post_vel,/opt/netcdf2png/merged_netcdf2png,,0.1,0,0,,,,,,,,,
mvt_ID0000114,cpu_2,compute,0,1694420816.0,,,1694420822.0,1694420829.0,1694420840.0,29462780.0,1694420827.0,1694420897.0,1694420885.0,1694420888.0,24033.0,1694420897.0,1694420902.0,6.0,,5.0,70.0,5.0,11.0,177143652.0,3.0,73234.0,poseidon,condorpool,poseidon-worker-1-container-36-39,mvt,/opt/mvt/mvt,,39.1,0,0,0.0,797440.0,40960.0,440.0,10.0,29.8,0.1,26581.3,4096.0
post_vel_ID0000058,cpu_2,compute,0,1694420816.0,,,1694420822.0,1694420829.0,1694420840.0,33699770.4,1694420827.0,1694420857.0,1694420845.0,1694420848.0,3604.0,1694420857.0,1694420862.0,6.0,,5.0,30.0,5.0,11.0,177143937.0,3.0,10981.0,poseidon,condorpool,poseidon-worker-1-container-40-43,post_vel,/opt/netcdf2png/merged_netcdf2png,,0.1,0,0,,,,,,,,,
post_vel_ID0000113,cpu_2,compute,0,1694420816.0,,,1694420821.0,1694420829.0,1694420840.0,29784737.0,1694420827.0,1694420857.0,1694420845.0,1694420848.0,4791.0,1694420857.0,1694420862.0,5.0,,6.0,30.0,5.0,11.0,177143937.0,3.0,14745.0,poseidon,condorpool,poseidon-worker-2-container-32-35,post_vel,/opt/netcdf2png/merged_netcdf2png,,0.1,0,0,,,,,,,,,
post_vel_ID0000088,None,compute,0,1694420816.0,,,1694420821.0,1694420829.0,1694420840.0,35047308.2,1694420827.0,1694420857.0,1694420845.0,1694420848.0,4237.0,1694420857.0,1694420862.0,5.0,,6.0,30.0,5.0,11.0,177143937.0,3.0,12740.0,poseidon,condorpool,poseidon-worker-1-container-44-47,post_vel,/opt/netcdf2png/merged_netcdf2png,,0.1,0,0,,,,,,,,,
mvt_ID0000089,cpu_2,compute,0,1694420816.0,,,1694420821.0,1694420829.0,1694420840.0,35348682.0,1694420827.0,1694420897.0,1694420888.0,1694420891.0,15759.0,1694420897.0,1694420902.0,5.0,,6.0,70.0,5.0,11.0,177143652.0,3.0,48475.0,poseidon,condorpool,poseidon-worker-2-container-0-3,mvt,/opt/mvt/mvt,,39.7,0,0,0.0,821673.0,24576.0,500.0,6.0,36.9,0.1,20541.8,1228.8
mvt_ID0000059,None,compute,0,1694420816.0,,,1694420822.0,1694420829.0,1694420840.0,33200110.2,1694420827.0,1694420897.0,1694420885.0,1694420888.0,9296.0,1694420897.0,1694420902.0,6.0,,5.0,70.0,5.0,11.0,177143652.0,3.0,28164.0,poseidon,condorpool,poseidon-worker-1-container-0-3,mvt,/opt/mvt/mvt,,39.8,0,0,0.0,798703.0,12288.0,443.0,3.0,29.9,0.1,26623.4,1228.8
post_vel_ID0000108,None,compute,0,1694420822.0,,,1694420827.0,1694420847.0,1694420858.0,28868435.8,1694420845.0,1694420872.0,1694420864.0,1694420867.0,4629.0,1694420872.0,1694420877.0,5.0,,18.0,27.0,5.0,11.0,177143937.0,3.0,13907.0,poseidon,condorpool,poseidon-worker-2-container-44-47,post_vel,/opt/netcdf2png/merged_netcdf2png,,0.1,0,0,,,,,,,,,
post_vel_ID0000023,cpu_2,compute,0,1694420822.0,,,1694420827.0,1694420838.0,1694420849.0,33492563.4,1694420836.0,1694420867.0,1694420854.0,1694420857.0,3772.0,1694420867.0,1694420872.0,5.0,,9.0,31.0,5.0,11.0,177143937.0,3.0,11372.0,poseidon,condorpool,poseidon-worker-1-container-12-15,post_vel,/opt/netcdf2png/merged_netcdf2png,,0.1,0,0,,,,,,,,,
mvt_ID0000024,None,compute,0,1694420822.0,,,1694420827.0,1694420838.0,1694420849.0,35077026.0,1694420836.0,1694420907.0,1694420894.0,1694420897.0,10173.0,1694420907.0,1694420912.0,5.0,,9.0,71.0,5.0,11.0,177143652.0,3.0,30705.0,poseidon,condorpool,poseidon-worker-1-container-0-3,mvt,/opt/mvt/mvt,,39.7,0,0,0.0,820689.0,16384.0,491.0,4.0,29.9,0.1,27356.3,819.2
post_vel_ID0000103,cpu_2,compute,0,1694420822.0,,,1694420827.0,1694420838.0,1694420849.0,29741841.0,1694420836.0,1694420867.0,1694420854.0,1694420857.0,4592.0,1694420867.0,1694420872.0,5.0,,9.0,31.0,5.0,11.0,177143937.0,3.0,13815.0,poseidon,condorpool,poseidon-worker-1-container-36-39,post_vel,/opt/netcdf2png/merged_netcdf2png,,0.1,0,0,,,,,,,,,
mvt_ID0000104,cpu_2,compute,0,1694420822.0,,,1694420827.0,1694420837.0,1694420848.0,29596314.5,1694420835.0,1694420902.0,1694420893.0,1694420896.0,19611.0,1694420902.0,1694420907.0,5.0,,8.0,67.0,5.0,11.0,177143652.0,3.0,59590.0,poseidon,condorpool,poseidon-worker-2-container-16-19,mvt,/opt/mvt/mvt,,39.4,0,0,0.0,823529.0,32768.0,497.0,8.0,29.9,0.1,27451.0,3276.8
mvt_ID0000009,None,compute,0,1694420822.0,,,1694420827.0,1694420842.0,1694420853.0,29760072.0,1694420840.0,1694420907.0,1694420898.0,1694420901.0,11660.0,1694420907.0,1694420912.0,5.0,,13.0,67.0,5.0,11.0,177143652.0,3.0,35429.0,poseidon,condorpool,poseidon-worker-1-container-32-35,mvt,/opt/mvt/mvt,,39.6,0,0,0.0,849677.0,20480.0,554.0,5.0,29.9,0.1,28322.6,1024.0
post_vel_ID0000128,cpu_2,compute,0,1694420822.0,,,1694420827.0,1694420841.0,1694420852.0,29800845.5,1694420839.0,1694420867.0,1694420857.0,1694420860.0,4804.0,1694420867.0,1694420872.0,5.0,,12.0,28.0,5.0,11.0,177143937.0,3.0,14512.0,poseidon,condorpool,poseidon-worker-2-container-32-35,post_vel,/opt/netcdf2png/merged_netcdf2png,,0.1,0,0,,,,,,,,,
mvt_ID0000129,cpu_2,compute,0,1694420822.0,,,1694420827.0,1694420838.0,1694420851.0,32274507.2,1694420837.0,1694420928.0,1694420915.0,1694420918.0,21114.0,1694420928.0,1694420933.0,5.0,,10.0,91.0,5.0,13.0,177143652.0,3.0,64489.0,poseidon,condorpool,poseidon-worker-2-container-40-43,mvt,/opt/mvt/mvt,,39.3,0,0,0.0,858607.0,36864.0,587.0,9.0,31.8,0.0,17172.1,3686.4
stage_out_local_condorpool_1_1,None,transfer,0,1694420822.0,,,1694420827.0,,,0.0,1694420832.0,1694420837.0,,,0.0,1694420837.0,1694420842.0,5.0,,5.0,5.0,5.0,,,,,poseidon,local,poseidon-submit,pegasus::transfer,/mnt/poseidon-data/poseidon/pegasus-5.1.0panorama/bin/pegasus-transfer,/home/poseidon/pegasus-5.1.0panorama/bin/../bin/pegasus-kickstart  -n pegasus::transfer -N null -i - -R local  -L casa-wind-full -T 2023-09-08T07:29:05+00:00 /home/poseidon/pegasus-5.1.0panorama/bin/../bin/pegasus-transfer  --threads 2,0.9,0,0,,,,,,,,,
post_vel_ID0000073,None,compute,0,1694420822.0,,,1694420827.0,1694420842.0,1694420854.0,34703436.8,1694420840.0,1694420872.0,1694420859.0,1694420862.0,3917.0,1694420872.0,1694420877.0,5.0,,13.0,32.0,5.0,12.0,177143937.0,3.0,11825.0,poseidon,condorpool,poseidon-worker-2-container-24-27,post_vel,/opt/netcdf2png/merged_netcdf2png,,0.1,0,0,,,,,,,,,
mvt_ID0000074,None,compute,0,1694420822.0,,,1694420827.0,1694420847.0,1694420857.0,29984594.0,1694420845.0,1694420912.0,1694420902.0,1694420905.0,12731.0,1694420912.0,1694420918.0,5.0,,18.0,67.0,6.0,10.0,177143652.0,3.0,38855.0,poseidon,condorpool,poseidon-worker-1-container-44-47,mvt,/opt/mvt/mvt,,39.4,0,0,0.0,851047.0,20480.0,557.0,5.0,29.9,0.1,28368.2,1024.0
mvt_ID0000109,cpu_2,compute,0,1694420822.0,,,1694420827.0,1694420848.0,1694420861.0,32993985.6,1694420846.0,1694420938.0,1694420925.0,1694420928.0,19626.0,1694420938.0,1694420943.0,5.0,,19.0,92.0,5.0,13.0,177143652.0,3.0,59954.0,poseidon,condorpool,poseidon-worker-2-container-40-43,mvt,/opt/mvt/mvt,,38.5,0,0,0.0,854528.0,32768.0,578.0,8.0,30.1,0.0,17090.6,1092.3
post_vel_ID0000008,None,compute,0,1694420822.0,,,1694420827.0,1694420841.0,1694420852.0,34024831.6,1694420839.0,1694420867.0,1694420858.0,1694420861.0,3621.0,1694420867.0,1694420872.0,5.0,,12.0,28.0,5.0,11.0,177143937.0,3.0,10982.0,poseidon,condorpool,poseidon-worker-2-container-8-11,post_vel,/opt/netcdf2png/merged_netcdf2png,,0.1,0,0,,,,,,,,,
mvt_ID0000124,None,compute,0,1694420827.0,,,1694420832.0,1694420849.0,1694420860.0,29793401.0,1694420847.0,1694420918.0,1694420904.0,1694420907.0,23017.0,1694420918.0,1694420923.0,5.0,,15.0,71.0,5.0,11.0,177143652.0,3.0,70564.0,poseidon,condorpool,poseidon-worker-1-container-32-35,mvt,/opt/mvt/mvt,,38.7,0,0,0.0,853818.0,40960.0,563.0,10.0,29.9,0.1,28460.6,4096.0
post_vel_ID0000123,cpu_2,compute,0,1694420827.0,,,1694420832.0,1694420849.0,1694420860.0,29745693.0,1694420848.0,1694420877.0,1694420866.0,1694420869.0,4869.0,1694420877.0,1694420882.0,5.0,,16.0,29.0,5.0,11.0,177143937.0,3.0,14777.0,poseidon,condorpool,poseidon-worker-2-container-16-19,post_vel,/opt/netcdf2png/merged_netcdf2png,,0.1,0,0,,,,,,,,,
stage_out_local_condorpool_1_0,None,transfer,0,1694420827.0,,,1694420832.0,,,0.0,1694420835.0,1694420842.0,,,0.0,1694420842.0,1694420847.0,5.0,,3.0,7.0,5.0,,,,,poseidon,local,poseidon-submit,pegasus::transfer,/mnt/poseidon-data/poseidon/pegasus-5.1.0panorama/bin/pegasus-transfer,/home/poseidon/pegasus-5.1.0panorama/bin/../bin/pegasus-kickstart  -n pegasus::transfer -N null -i - -R local  -L casa-wind-full -T 2023-09-08T07:29:05+00:00 /home/poseidon/pegasus-5.1.0panorama/bin/../bin/pegasus-transfer  --threads 2,0.9,0,0,,,,,,,,,
post_vel_ID0000063,None,compute,0,1694420827.0,,,1694420832.0,1694420849.0,1694420860.0,30033389.5,1694420847.0,1694420877.0,1694420865.0,1694420869.0,3829.0,1694420877.0,1694420882.0,5.0,,15.0,30.0,5.0,11.0,177143937.0,4.0,11628.0,poseidon,condorpool,poseidon-worker-1-container-44-47,post_vel,/opt/netcdf2png/merged_netcdf2png,,0.1,0,0,,,,,,,,,
mvt_ID0000064,cpu_2,compute,0,1694420827.0,,,1694420832.0,1694420852.0,1694420865.0,33674029.2,1694420848.0,1694420923.0,1694420910.0,1694420913.0,10093.0,1694420923.0,1694420928.0,5.0,,16.0,75.0,5.0,13.0,177143652.0,3.0,31148.0,poseidon,condorpool,poseidon-worker-2-container-0-3,mvt,/opt/mvt/mvt,,38.9,0,0,0.0,841209.0,16384.0,536.0,4.0,29.5,0.1,28040.3,819.2
stage_out_local_condorpool_1_2,None,transfer,0,1694420827.0,,,1694420832.0,,,0.0,1694420835.0,1694420842.0,,,0.0,1694420842.0,1694420847.0,5.0,,3.0,7.0,5.0,,,,,poseidon,local,poseidon-submit,pegasus::transfer,/mnt/poseidon-data/poseidon/pegasus-5.1.0panorama/bin/pegasus-transfer,/home/poseidon/pegasus-5.1.0panorama/bin/../bin/pegasus-kickstart  -n pegasus::transfer -N null -i - -R local  -L casa-wind-full -T 2023-09-08T07:29:05+00:00 /home/poseidon/pegasus-5.1.0panorama/bin/../bin/pegasus-transfer  --threads 2,0.9,0,0,,,,,,,,,
register_condorpool_1_1,None,auxiliary,0,1694420842.0,,,1694420852.0,,,0.0,1694420853.0,1694420857.0,,,0.0,1694420857.0,1694420862.0,10.0,,1.0,4.0,5.0,,,,,poseidon,local,poseidon-submit,pegasus::rc-client,/mnt/poseidon-data/poseidon/pegasus-5.1.0panorama/bin/pegasus-rc-client,"-n pegasus::rc-client -N null -R local  -L casa-wind-full -T 2023-09-08T07:29:05+00:00 /home/poseidon/pegasus-5.1.0panorama/bin/pegasus-rc-client --prefix pegasus.catalog.replica.output --conf /mnt/poseidon-data/poseidon/workflows/casa-wind-workflow-full/submit/poseidon/pegasus/casa-wind-full/run0295/pegasus.10533358311361365389.properties -v --meta /mnt/poseidon-data/poseidon/workflows/casa-wind-workflow-full/submit/poseidon/pegasus/casa-wind-full/run0295/00/00/um_vel_ID0000017.meta,/mnt/poseidon-data/poseidon/workflows/casa-wind-workflow-full/submit/poseidon/pegasus/casa-wind-full/run0295/00/00/um_vel_ID0000082.meta,/mnt/poseidon-data/poseidon/workflows/casa-wind-workflow-full/submit/poseidon/pegasus/casa-wind-full/run0295/00/01/um_vel_ID0000047.meta,/mnt/poseidon-data/poseidon/workflows/casa-wind-workflow-full/submit/poseidon/pegasus/casa-wind-full/run0295/00/00/um_vel_ID0000087.meta,/mnt/poseidon-data/poseidon/workflows/casa-wind-workflow-full/submit/poseidon/pegasus/casa-wind-full/run0295/00/01/um_vel_ID0000007.meta,/mnt/poseidon-data/poseidon/workflows/casa-wind-workflow-full/submit/poseidon/pegasus/casa-wind-full/run0295/00/00/um_vel_ID0000097.meta,/mnt/poseidon-data/poseidon/workflows/casa-wind-workflow-full/submit/poseidon/pegasus/casa-wind-full/run0295/00/01/um_vel_ID0000072.meta,/mnt/poseidon-data/poseidon/workflows/casa-wind-workflow-full/submit/poseidon/pegasus/casa-wind-full/run0295/00/01/um_vel_ID0000102.meta,/mnt/poseidon-data/poseidon/workflows/casa-wind-workflow-full/submit/poseidon/pegasus/casa-wind-full/run0295/00/01/um_vel_ID0000037.meta --insert /mnt/poseidon-data/poseidon/workflows/casa-wind-workflow-full/submit/poseidon/pegasus/casa-wind-full/run0295/00/01/register_condorpool_1_1.in",2.6,0,0,,,,,,,,,
register_condorpool_1_2,None,auxiliary,0,1694420847.0,,,1694420872.0,,,0.0,1694420873.0,1694420877.0,,,0.0,1694420877.0,1694420882.0,25.0,,1.0,4.0,5.0,,,,,poseidon,local,poseidon-submit,pegasus::rc-client,/mnt/poseidon-data/poseidon/pegasus-5.1.0panorama/bin/pegasus-rc-client,"-n pegasus::rc-client -N null -R local  -L casa-wind-full -T 2023-09-08T07:29:05+00:00 /home/poseidon/pegasus-5.1.0panorama/bin/pegasus-rc-client --prefix pegasus.catalog.replica.output --conf /mnt/poseidon-data/poseidon/workflows/casa-wind-workflow-full/submit/poseidon/pegasus/casa-wind-full/run0295/pegasus.10533358311361365389.properties -v --meta /mnt/poseidon-data/poseidon/workflows/casa-wind-workflow-full/submit/poseidon/pegasus/casa-wind-full/run0295/00/00/um_vel_ID0000012.meta,/mnt/poseidon-data/poseidon/workflows/casa-wind-workflow-full/submit/poseidon/pegasus/casa-wind-full/run0295/00/00/um_vel_ID0000117.meta,/mnt/poseidon-data/poseidon/workflows/casa-wind-workflow-full/submit/poseidon/pegasus/casa-wind-full/run0295/00/01/um_vel_ID0000062.meta,/mnt/poseidon-data/poseidon/workflows/casa-wind-workflow-full/submit/poseidon/pegasus/casa-wind-full/run0295/00/00/um_vel_ID0000002.meta,/mnt/poseidon-data/poseidon/workflows/casa-wind-workflow-full/submit/poseidon/pegasus/casa-wind-full/run0295/00/01/um_vel_ID0000112.meta,/mnt/poseidon-data/poseidon/workflows/casa-wind-workflow-full/submit/poseidon/pegasus/casa-wind-full/run0295/00/01/um_vel_ID0000107.meta,/mnt/poseidon-data/poseidon/workflows/casa-wind-workflow-full/submit/poseidon/pegasus/casa-wind-full/run0295/00/00/um_vel_ID0000032.meta,/mnt/poseidon-data/poseidon/workflows/casa-wind-workflow-full/submit/poseidon/pegasus/casa-wind-full/run0295/00/01/um_vel_ID0000052.meta --insert /mnt/poseidon-data/poseidon/workflows/casa-wind-workflow-full/submit/poseidon/pegasus/casa-wind-full/run0295/00/01/register_condorpool_1_2.in",2.6,0,0,,,,,,,,,
register_condorpool_1_0,None,auxiliary,0,1694420847.0,,,1694420862.0,,,0.0,1694420862.0,1694420867.0,,,0.0,1694420867.0,1694420872.0,15.0,,0.0,5.0,5.0,,,,,poseidon,local,poseidon-submit,pegasus::rc-client,/mnt/poseidon-data/poseidon/pegasus-5.1.0panorama/bin/pegasus-rc-client,"-n pegasus::rc-client -N null -R local  -L casa-wind-full -T 2023-09-08T07:29:05+00:00 /home/poseidon/pegasus-5.1.0panorama/bin/pegasus-rc-client --prefix pegasus.catalog.replica.output --conf /mnt/poseidon-data/poseidon/workflows/casa-wind-workflow-full/submit/poseidon/pegasus/casa-wind-full/run0295/pegasus.10533358311361365389.properties -v --meta /mnt/poseidon-data/poseidon/workflows/casa-wind-workflow-full/submit/poseidon/pegasus/casa-wind-full/run0295/00/01/um_vel_ID0000077.meta,/mnt/poseidon-data/poseidon/workflows/casa-wind-workflow-full/submit/poseidon/pegasus/casa-wind-full/run0295/00/00/um_vel_ID0000022.meta,/mnt/poseidon-data/poseidon/workflows/casa-wind-workflow-full/submit/poseidon/pegasus/casa-wind-full/run0295/00/01/um_vel_ID0000067.meta,/mnt/poseidon-data/poseidon/workflows/casa-wind-workflow-full/submit/poseidon/pegasus/casa-wind-full/run0295/00/00/um_vel_ID0000092.meta,/mnt/poseidon-data/poseidon/workflows/casa-wind-workflow-full/submit/poseidon/pegasus/casa-wind-full/run0295/00/00/um_vel_ID0000127.meta,/mnt/poseidon-data/poseidon/workflows/casa-wind-workflow-full/submit/poseidon/pegasus/casa-wind-full/run0295/00/01/um_vel_ID0000042.meta,/mnt/poseidon-data/poseidon/workflows/casa-wind-workflow-full/submit/poseidon/pegasus/casa-wind-full/run0295/00/00/um_vel_ID0000122.meta,/mnt/poseidon-data/poseidon/workflows/casa-wind-workflow-full/submit/poseidon/pegasus/casa-wind-full/run0295/00/01/um_vel_ID0000057.meta,/mnt/poseidon-data/poseidon/workflows/casa-wind-workflow-full/submit/poseidon/pegasus/casa-wind-full/run0295/00/00/um_vel_ID0000027.meta --insert /mnt/poseidon-data/poseidon/workflows/casa-wind-workflow-full/submit/poseidon/pegasus/casa-wind-full/run0295/00/01/register_condorpool_1_0.in",2.6,0,0,,,,,,,,,
point_alert_ID0000095,cpu_2,compute,0,1694420882.0,,,1694420887.0,1694420890.0,1694420901.0,29545334.5,1694420888.0,1694420918.0,1694420906.0,1694420909.0,6817.0,1694420918.0,1694420923.0,5.0,,1.0,30.0,5.0,11.0,176660390.0,3.0,20718.0,poseidon,condorpool,poseidon-worker-1-container-12-15,point_alert,/opt/pointAlert/pointAlert,,0.0,0,0,,,,,,,,,
point_alert_ID0000100,cpu_2,compute,0,1694420882.0,,,1694420887.0,1694420890.0,1694420901.0,33682036.6,1694420888.0,1694420918.0,1694420906.0,1694420909.0,6791.0,1694420918.0,1694420923.0,5.0,,1.0,30.0,5.0,11.0,176658101.0,3.0,20638.0,poseidon,condorpool,poseidon-worker-2-container-12-15,point_alert,/opt/pointAlert/pointAlert,,0.0,0,0,,,,,,,,,
point_alert_ID0000070,cpu_2,compute,0,1694420882.0,,,1694420887.0,1694420890.0,1694420901.0,29634104.5,1694420888.0,1694420918.0,1694420906.0,1694420909.0,6742.0,1694420918.0,1694420923.0,5.0,,1.0,30.0,5.0,11.0,176643292.0,3.0,20558.0,poseidon,condorpool,poseidon-worker-1-container-40-43,point_alert,/opt/pointAlert/pointAlert,,0.0,0,0,,,,,,,,,
point_alert_ID0000040,cpu_2,compute,0,1694420882.0,,,1694420887.0,1694420890.0,1694420901.0,29709420.0,1694420888.0,1694420918.0,1694420906.0,1694420909.0,6727.0,1694420918.0,1694420923.0,5.0,,1.0,30.0,5.0,11.0,176642369.0,3.0,20558.0,poseidon,condorpool,poseidon-worker-2-container-0-3,point_alert,/opt/pointAlert/pointAlert,,0.0,0,0,,,,,,,,,
point_alert_ID0000035,None,compute,0,1694420887.0,,,1694420892.0,1694420895.0,1694420906.0,29603507.5,1694420894.0,1694420923.0,1694420911.0,1694420914.0,6547.0,1694420923.0,1694420928.0,5.0,,2.0,29.0,5.0,11.0,176638959.0,3.0,20078.0,poseidon,condorpool,poseidon-worker-2-container-20-23,point_alert,/opt/pointAlert/pointAlert,,0.0,0,0,,,,,,,,,
point_alert_ID0000120,None,compute,0,1694420887.0,,,1694420892.0,1694420895.0,1694420906.0,29662546.5,1694420894.0,1694420923.0,1694420911.0,1694420914.0,7189.0,1694420923.0,1694420928.0,5.0,,2.0,29.0,5.0,11.0,176673508.0,3.0,21998.0,poseidon,condorpool,poseidon-worker-2-container-28-31,point_alert,/opt/pointAlert/pointAlert,,0.0,0,0,,,,,,,,,
point_alert_ID0000030,cpu_2,compute,0,1694420887.0,,,1694420892.0,1694420895.0,1694420906.0,35306439.6,1694420894.0,1694420923.0,1694420911.0,1694420914.0,6632.0,1694420923.0,1694420928.0,5.0,,2.0,29.0,5.0,11.0,176646324.0,3.0,20158.0,poseidon,condorpool,poseidon-worker-2-container-16-19,point_alert,/opt/pointAlert/pointAlert,,0.0,0,0,,,,,,,,,
point_alert_ID0000020,cpu_2,compute,0,1694420887.0,,,1694420892.0,1694420895.0,1694420906.0,34405348.6,1694420894.0,1694420923.0,1694420911.0,1694420914.0,6667.0,1694420923.0,1694420928.0,5.0,,2.0,29.0,5.0,11.0,176644228.0,3.0,20478.0,poseidon,condorpool,poseidon-worker-1-container-8-11,point_alert,/opt/pointAlert/pointAlert,,0.0,0,0,,,,,,,,,
stage_out_local_condorpool_2_4,None,transfer,0,1694420892.0,,,1694420897.0,,,0.0,1694420898.0,1694420907.0,,,0.0,1694420907.0,1694420912.0,5.0,,1.0,9.0,5.0,,,,,poseidon,local,poseidon-submit,pegasus::transfer,/mnt/poseidon-data/poseidon/pegasus-5.1.0panorama/bin/pegasus-transfer,/home/poseidon/pegasus-5.1.0panorama/bin/../bin/pegasus-kickstart  -n pegasus::transfer -N null -i - -R local  -L casa-wind-full -T 2023-09-08T07:29:05+00:00 /home/poseidon/pegasus-5.1.0panorama/bin/../bin/pegasus-transfer  --threads 2,0.8,0,0,,,,,,,,,
point_alert_ID0000055,None,compute,0,1694420892.0,,,1694420897.0,1694420900.0,1694420911.0,29647290.0,1694420899.0,1694420928.0,1694420916.0,1694420919.0,6821.0,1694420928.0,1694420933.0,5.0,,2.0,29.0,5.0,11.0,176636535.0,3.0,20638.0,poseidon,condorpool,poseidon-worker-1-container-0-3,point_alert,/opt/pointAlert/pointAlert,,0.0,0,0,,,,,,,,,
point_alert_ID0000085,cpu_2,compute,0,1694420892.0,,,1694420897.0,1694420901.0,1694420912.0,34283931.2,1694420899.0,1694420928.0,1694420918.0,1694420921.0,6966.0,1694420928.0,1694420933.0,5.0,,2.0,29.0,5.0,11.0,176655981.0,3.0,21118.0,poseidon,condorpool,poseidon-worker-2-container-40-43,point_alert,/opt/pointAlert/pointAlert,,0.0,0,0,,,,,,,,,
point_alert_ID0000050,cpu_2,compute,0,1694420892.0,,,1694420897.0,1694420901.0,1694420911.0,34704438.8,1694420899.0,1694420928.0,1694420917.0,1694420920.0,6882.0,1694420928.0,1694420933.0,5.0,,2.0,29.0,5.0,10.0,176632091.0,3.0,20878.0,poseidon,condorpool,poseidon-worker-2-container-0-3,point_alert,/opt/pointAlert/pointAlert,,0.0,0,0,,,,,,,,,
point_alert_ID0000090,None,compute,0,1694420902.0,,,1694420907.0,1694420910.0,1694420921.0,29547972.5,1694420908.0,1694420938.0,1694420926.0,1694420929.0,6675.0,1694420938.0,1694420943.0,5.0,,1.0,30.0,5.0,11.0,176656458.0,3.0,20638.0,poseidon,condorpool,poseidon-worker-1-container-32-35,point_alert,/opt/pointAlert/pointAlert,,0.0,0,0,,,,,,,,,
point_alert_ID0000115,cpu_2,compute,0,1694420902.0,,,1694420907.0,1694420910.0,1694420921.0,29681062.5,1694420908.0,1694420938.0,1694420926.0,1694420929.0,7012.0,1694420938.0,1694420943.0,5.0,,1.0,30.0,5.0,11.0,176681217.0,3.0,21598.0,poseidon,condorpool,poseidon-worker-2-container-36-39,point_alert,/opt/pointAlert/pointAlert,,0.0,0,0,,,,,,,,,
point_alert_ID0000060,None,compute,0,1694420902.0,,,1694420907.0,1694420910.0,1694420921.0,29529645.5,1694420908.0,1694420938.0,1694420926.0,1694420929.0,6660.0,1694420938.0,1694420943.0,5.0,,1.0,30.0,5.0,11.0,176636147.0,3.0,20878.0,poseidon,condorpool,poseidon-worker-1-container-0-3,point_alert,/opt/pointAlert/pointAlert,,0.0,0,0,,,,,,,,,
point_alert_ID0000080,cpu_2,compute,0,1694420902.0,,,1694420907.0,1694420910.0,1694420921.0,29889637.5,1694420908.0,1694420938.0,1694420926.0,1694420929.0,6752.0,1694420938.0,1694420943.0,5.0,,1.0,30.0,5.0,11.0,176653320.0,3.0,20718.0,poseidon,condorpool,poseidon-worker-2-container-16-19,point_alert,/opt/pointAlert/pointAlert,,0.0,0,0,,,,,,,,,
point_alert_ID0000005,cpu_2,compute,0,1694420902.0,,,1694420907.0,1694420910.0,1694420921.0,29622437.0,1694420908.0,1694420938.0,1694420926.0,1694420929.0,6613.0,1694420938.0,1694420943.0,5.0,,1.0,30.0,5.0,11.0,176636764.0,3.0,20398.0,poseidon,condorpool,poseidon-worker-1-container-36-39,point_alert,/opt/pointAlert/pointAlert,,0.0,0,0,,,,,,,,,
stage_out_local_condorpool_2_2,None,transfer,0,1694420907.0,,,1694420912.0,,,0.0,1694420913.0,1694420918.0,,,0.0,1694420918.0,1694420923.0,5.0,,1.0,5.0,5.0,,,,,poseidon,local,poseidon-submit,pegasus::transfer,/mnt/poseidon-data/poseidon/pegasus-5.1.0panorama/bin/pegasus-transfer,/home/poseidon/pegasus-5.1.0panorama/bin/../bin/pegasus-kickstart  -n pegasus::transfer -N null -i - -R local  -L casa-wind-full -T 2023-09-08T07:29:05+00:00 /home/poseidon/pegasus-5.1.0panorama/bin/../bin/pegasus-transfer  --threads 2,0.9,0,0,,,,,,,,,
point_alert_ID0000105,None,compute,0,1694420907.0,,,1694420912.0,1694420915.0,1694420926.0,29816376.5,1694420913.0,1694420943.0,1694420931.0,1694420934.0,6962.0,1694420943.0,1694420948.0,5.0,,1.0,30.0,5.0,11.0,176667573.0,3.0,21278.0,poseidon,condorpool,poseidon-worker-1-container-44-47,point_alert,/opt/pointAlert/pointAlert,,0.0,0,0,,,,,,,,,
point_alert_ID0000010,cpu_2,compute,0,1694420912.0,,,1694420918.0,1694420920.0,1694420931.0,29597015.0,1694420919.0,1694420948.0,1694420936.0,1694420939.0,6732.0,1694420948.0,1694420953.0,6.0,,1.0,29.0,5.0,11.0,176643412.0,3.0,20478.0,poseidon,condorpool,poseidon-worker-1-container-12-15,point_alert,/opt/pointAlert/pointAlert,,0.0,0,0,,,,,,,,,
point_alert_ID0000025,cpu_2,compute,0,1694420912.0,,,1694420918.0,1694420920.0,1694420931.0,29622453.5,1694420919.0,1694420948.0,1694420936.0,1694420939.0,6597.0,1694420948.0,1694420953.0,6.0,,1.0,29.0,5.0,11.0,176638688.0,3.0,20078.0,poseidon,condorpool,poseidon-worker-1-container-40-43,point_alert,/opt/pointAlert/pointAlert,,0.0,0,0,,,,,,,,,
register_condorpool_2_4,None,auxiliary,0,1694420912.0,,,1694420917.0,,,0.0,1694420918.0,1694420923.0,,,0.0,1694420923.0,1694420928.0,5.0,,1.0,5.0,5.0,,,,,poseidon,local,poseidon-submit,pegasus::rc-client,/mnt/poseidon-data/poseidon/pegasus-5.1.0panorama/bin/pegasus-rc-client,"-n pegasus::rc-client -N null -R local  -L casa-wind-full -T 2023-09-08T07:29:05+00:00 /home/poseidon/pegasus-5.1.0panorama/bin/pegasus-rc-client --prefix pegasus.catalog.replica.output --conf /mnt/poseidon-data/poseidon/workflows/casa-wind-workflow-full/submit/poseidon/pegasus/casa-wind-full/run0295/pegasus.10533358311361365389.properties -v --meta /mnt/poseidon-data/poseidon/workflows/casa-wind-workflow-full/submit/poseidon/pegasus/casa-wind-full/run0295/00/01/post_vel_ID0000003.meta,/mnt/poseidon-data/poseidon/workflows/casa-wind-workflow-full/submit/poseidon/pegasus/casa-wind-full/run0295/00/02/mvt_ID0000054.meta,/mnt/poseidon-data/poseidon/workflows/casa-wind-workflow-full/submit/poseidon/pegasus/casa-wind-full/run0295/00/01/post_vel_ID0000063.meta,/mnt/poseidon-data/poseidon/workflows/casa-wind-workflow-full/submit/poseidon/pegasus/casa-wind-full/run0295/00/01/post_vel_ID0000013.meta,/mnt/poseidon-data/poseidon/workflows/casa-wind-workflow-full/submit/poseidon/pegasus/casa-wind-full/run0295/00/02/post_vel_ID0000113.meta,/mnt/poseidon-data/poseidon/workflows/casa-wind-workflow-full/submit/poseidon/pegasus/casa-wind-full/run0295/00/01/post_vel_ID0000118.meta,/mnt/poseidon-data/poseidon/workflows/casa-wind-workflow-full/submit/poseidon/pegasus/casa-wind-full/run0295/00/01/post_vel_ID0000033.meta,/mnt/poseidon-data/poseidon/workflows/casa-wind-workflow-full/submit/poseidon/pegasus/casa-wind-full/run0295/00/02/post_vel_ID0000108.meta --insert /mnt/poseidon-data/poseidon/workflows/casa-wind-workflow-full/submit/poseidon/pegasus/casa-wind-full/run0295/00/02/register_condorpool_2_4.in",2.6,0,0,,,,,,,,,
point_alert_ID0000015,cpu_2,compute,0,1694420918.0,,,1694420923.0,1694420926.0,1694420937.0,29689596.5,1694420924.0,1694420953.0,1694420942.0,1694420945.0,6785.0,1694420953.0,1694420958.0,5.0,,1.0,29.0,5.0,11.0,176639974.0,3.0,20558.0,poseidon,condorpool,poseidon-worker-2-container-12-15,point_alert,/opt/pointAlert/pointAlert,,0.0,0,0,,,,,,,,,
point_alert_ID0000075,None,compute,0,1694420918.0,,,1694420923.0,1694420926.0,1694420937.0,29587560.5,1694420924.0,1694420953.0,1694420942.0,1694420945.0,6747.0,1694420953.0,1694420958.0,5.0,,1.0,29.0,5.0,11.0,176646838.0,3.0,20558.0,poseidon,condorpool,poseidon-worker-2-container-20-23,point_alert,/opt/pointAlert/pointAlert,,0.0,0,0,,,,,,,,,
point_alert_ID0000045,cpu_2,compute,0,1694420918.0,,,1694420923.0,1694420926.0,1694420937.0,29931117.5,1694420924.0,1694420953.0,1694420942.0,1694420945.0,6815.0,1694420953.0,1694420958.0,5.0,,1.0,29.0,5.0,11.0,176636096.0,3.0,20798.0,poseidon,condorpool,poseidon-worker-2-container-0-3,point_alert,/opt/pointAlert/pointAlert,,0.0,0,0,,,,,,,,,
stage_out_local_condorpool_2_3,None,transfer,0,1694420918.0,,,1694420923.0,,,0.0,1694420923.0,1694420928.0,,,0.0,1694420928.0,1694420933.0,5.0,,0.0,5.0,5.0,,,,,poseidon,local,poseidon-submit,pegasus::transfer,/mnt/poseidon-data/poseidon/pegasus-5.1.0panorama/bin/pegasus-transfer,/home/poseidon/pegasus-5.1.0panorama/bin/../bin/pegasus-kickstart  -n pegasus::transfer -N null -i - -R local  -L casa-wind-full -T 2023-09-08T07:29:05+00:00 /home/poseidon/pegasus-5.1.0panorama/bin/../bin/pegasus-transfer  --threads 2,0.9,0,0,,,,,,,,,
stage_out_local_condorpool_2_1,None,transfer,0,1694420923.0,,,1694420928.0,,,0.0,1694420929.0,1694420933.0,,,0.0,1694420933.0,1694420938.0,5.0,,1.0,4.0,5.0,,,,,poseidon,local,poseidon-submit,pegasus::transfer,/mnt/poseidon-data/poseidon/pegasus-5.1.0panorama/bin/pegasus-transfer,/home/poseidon/pegasus-5.1.0panorama/bin/../bin/pegasus-kickstart  -n pegasus::transfer -N null -i - -R local  -L casa-wind-full -T 2023-09-08T07:29:05+00:00 /home/poseidon/pegasus-5.1.0panorama/bin/../bin/pegasus-transfer  --threads 2,0.9,0,0,,,,,,,,,
register_condorpool_2_2,None,auxiliary,0,1694420923.0,,,1694420928.0,,,0.0,1694420929.0,1694420933.0,,,0.0,1694420933.0,1694420938.0,5.0,,1.0,4.0,5.0,,,,,poseidon,local,poseidon-submit,pegasus::rc-client,/mnt/poseidon-data/poseidon/pegasus-5.1.0panorama/bin/pegasus-rc-client,"-n pegasus::rc-client -N null -R local  -L casa-wind-full -T 2023-09-08T07:29:05+00:00 /home/poseidon/pegasus-5.1.0panorama/bin/pegasus-rc-client --prefix pegasus.catalog.replica.output --conf /mnt/poseidon-data/poseidon/workflows/casa-wind-workflow-full/submit/poseidon/pegasus/casa-wind-full/run0295/pegasus.10533358311361365389.properties -v --meta /mnt/poseidon-data/poseidon/workflows/casa-wind-workflow-full/submit/poseidon/pegasus/casa-wind-full/run0295/00/01/post_vel_ID0000088.meta,/mnt/poseidon-data/poseidon/workflows/casa-wind-workflow-full/submit/poseidon/pegasus/casa-wind-full/run0295/00/01/mvt_ID0000099.meta,/mnt/poseidon-data/poseidon/workflows/casa-wind-workflow-full/submit/poseidon/pegasus/casa-wind-full/run0295/00/02/mvt_ID0000049.meta,/mnt/poseidon-data/poseidon/workflows/casa-wind-workflow-full/submit/poseidon/pegasus/casa-wind-full/run0295/00/02/mvt_ID0000104.meta,/mnt/poseidon-data/poseidon/workflows/casa-wind-workflow-full/submit/poseidon/pegasus/casa-wind-full/run0295/00/01/mvt_ID0000019.meta,/mnt/poseidon-data/poseidon/workflows/casa-wind-workflow-full/submit/poseidon/pegasus/casa-wind-full/run0295/00/01/post_vel_ID0000083.meta,/mnt/poseidon-data/poseidon/workflows/casa-wind-workflow-full/submit/poseidon/pegasus/casa-wind-full/run0295/00/01/post_vel_ID0000008.meta,/mnt/poseidon-data/poseidon/workflows/casa-wind-workflow-full/submit/poseidon/pegasus/casa-wind-full/run0295/00/02/mvt_ID0000039.meta,/mnt/poseidon-data/poseidon/workflows/casa-wind-workflow-full/submit/poseidon/pegasus/casa-wind-full/run0295/00/02/post_vel_ID0000073.meta --insert /mnt/poseidon-data/poseidon/workflows/casa-wind-workflow-full/submit/poseidon/pegasus/casa-wind-full/run0295/00/02/register_condorpool_2_2.in",2.7,0,0,,,,,,,,,
point_alert_ID0000125,cpu_2,compute,0,1694420923.0,,,1694420928.0,1694420931.0,1694420942.0,35017301.8,1694420929.0,1694420958.0,1694420947.0,1694420950.0,7527.0,1694420958.0,1694420963.0,5.0,,1.0,29.0,5.0,11.0,176678547.0,3.0,22878.0,poseidon,condorpool,poseidon-worker-2-container-40-43,point_alert,/opt/pointAlert/pointAlert,,0.0,0,0,,,,,,,,,
point_alert_ID0000065,None,compute,0,1694420928.0,,,1694420933.0,1694420936.0,1694420947.0,29579370.0,1694420935.0,1694420963.0,1694420952.0,1694420955.0,6653.0,1694420963.0,1694420968.0,5.0,,2.0,28.0,5.0,11.0,176639131.0,3.0,20238.0,poseidon,condorpool,poseidon-worker-1-container-0-3,point_alert,/opt/pointAlert/pointAlert,,0.0,0,0,,,,,,,,,
register_condorpool_2_3,None,auxiliary,0,1694420933.0,,,1694420938.0,,,0.0,1694420939.0,1694420943.0,,,0.0,1694420943.0,1694420948.0,5.0,,1.0,4.0,5.0,,,,,poseidon,local,poseidon-submit,pegasus::rc-client,/mnt/poseidon-data/poseidon/pegasus-5.1.0panorama/bin/pegasus-rc-client,"-n pegasus::rc-client -N null -R local  -L casa-wind-full -T 2023-09-08T07:29:05+00:00 /home/poseidon/pegasus-5.1.0panorama/bin/pegasus-rc-client --prefix pegasus.catalog.replica.output --conf /mnt/poseidon-data/poseidon/workflows/casa-wind-workflow-full/submit/poseidon/pegasus/casa-wind-full/run0295/pegasus.10533358311361365389.properties -v --meta /mnt/poseidon-data/poseidon/workflows/casa-wind-workflow-full/submit/poseidon/pegasus/casa-wind-full/run0295/00/01/post_vel_ID0000018.meta,/mnt/poseidon-data/poseidon/workflows/casa-wind-workflow-full/submit/poseidon/pegasus/casa-wind-full/run0295/00/01/post_vel_ID0000098.meta,/mnt/poseidon-data/poseidon/workflows/casa-wind-workflow-full/submit/poseidon/pegasus/casa-wind-full/run0295/00/01/mvt_ID0000009.meta,/mnt/poseidon-data/poseidon/workflows/casa-wind-workflow-full/submit/poseidon/pegasus/casa-wind-full/run0295/00/02/post_vel_ID0000038.meta,/mnt/poseidon-data/poseidon/workflows/casa-wind-workflow-full/submit/poseidon/pegasus/casa-wind-full/run0295/00/02/post_vel_ID0000048.meta,/mnt/poseidon-data/poseidon/workflows/casa-wind-workflow-full/submit/poseidon/pegasus/casa-wind-full/run0295/00/02/mvt_ID0000074.meta,/mnt/poseidon-data/poseidon/workflows/casa-wind-workflow-full/submit/poseidon/pegasus/casa-wind-full/run0295/00/01/mvt_ID0000089.meta,/mnt/poseidon-data/poseidon/workflows/casa-wind-workflow-full/submit/poseidon/pegasus/casa-wind-full/run0295/00/02/post_vel_ID0000103.meta,/mnt/poseidon-data/poseidon/workflows/casa-wind-workflow-full/submit/poseidon/pegasus/casa-wind-full/run0295/00/01/mvt_ID0000084.meta --insert /mnt/poseidon-data/poseidon/workflows/casa-wind-workflow-full/submit/poseidon/pegasus/casa-wind-full/run0295/00/02/register_condorpool_2_3.in",2.6,0,0,,,,,,,,,
stage_out_local_condorpool_2_0,None,transfer,0,1694420933.0,,,1694420938.0,,,0.0,1694420939.0,1694420948.0,,,0.0,1694420948.0,1694420953.0,5.0,,1.0,9.0,5.0,,,,,poseidon,local,poseidon-submit,pegasus::transfer,/mnt/poseidon-data/poseidon/pegasus-5.1.0panorama/bin/pegasus-transfer,/home/poseidon/pegasus-5.1.0panorama/bin/../bin/pegasus-kickstart  -n pegasus::transfer -N null -i - -R local  -L casa-wind-full -T 2023-09-08T07:29:05+00:00 /home/poseidon/pegasus-5.1.0panorama/bin/../bin/pegasus-transfer  --threads 2,0.9,0,0,,,,,,,,,
point_alert_ID0000130,cpu_2,compute,0,1694420933.0,,,1694420938.0,1694420940.0,1694420951.0,29902682.0,1694420939.0,1694420968.0,1694420956.0,1694420959.0,7623.0,1694420968.0,1694420973.0,5.0,,1.0,29.0,5.0,11.0,176672472.0,3.0,23118.0,poseidon,condorpool,poseidon-worker-2-container-16-19,point_alert,/opt/pointAlert/pointAlert,,0.0,0,0,,,,,,,,,
register_condorpool_2_1,None,auxiliary,0,1694420938.0,,,1694420948.0,,,0.0,1694420949.0,1694420953.0,,,0.0,1694420953.0,1694420958.0,10.0,,1.0,4.0,5.0,,,,,poseidon,local,poseidon-submit,pegasus::rc-client,/mnt/poseidon-data/poseidon/pegasus-5.1.0panorama/bin/pegasus-rc-client,"-n pegasus::rc-client -N null -R local  -L casa-wind-full -T 2023-09-08T07:29:05+00:00 /home/poseidon/pegasus-5.1.0panorama/bin/pegasus-rc-client --prefix pegasus.catalog.replica.output --conf /mnt/poseidon-data/poseidon/workflows/casa-wind-workflow-full/submit/poseidon/pegasus/casa-wind-full/run0295/pegasus.10533358311361365389.properties -v --meta /mnt/poseidon-data/poseidon/workflows/casa-wind-workflow-full/submit/poseidon/pegasus/casa-wind-full/run0295/00/02/post_vel_ID0000043.meta,/mnt/poseidon-data/poseidon/workflows/casa-wind-workflow-full/submit/poseidon/pegasus/casa-wind-full/run0295/00/01/mvt_ID0000069.meta,/mnt/poseidon-data/poseidon/workflows/casa-wind-workflow-full/submit/poseidon/pegasus/casa-wind-full/run0295/00/01/post_vel_ID0000128.meta,/mnt/poseidon-data/poseidon/workflows/casa-wind-workflow-full/submit/poseidon/pegasus/casa-wind-full/run0295/00/02/mvt_ID0000059.meta,/mnt/poseidon-data/poseidon/workflows/casa-wind-workflow-full/submit/poseidon/pegasus/casa-wind-full/run0295/00/01/post_vel_ID0000028.meta,/mnt/poseidon-data/poseidon/workflows/casa-wind-workflow-full/submit/poseidon/pegasus/casa-wind-full/run0295/00/02/mvt_ID0000079.meta,/mnt/poseidon-data/poseidon/workflows/casa-wind-workflow-full/submit/poseidon/pegasus/casa-wind-full/run0295/00/01/mvt_ID0000124.meta,/mnt/poseidon-data/poseidon/workflows/casa-wind-workflow-full/submit/poseidon/pegasus/casa-wind-full/run0295/00/01/mvt_ID0000024.meta,/mnt/poseidon-data/poseidon/workflows/casa-wind-workflow-full/submit/poseidon/pegasus/casa-wind-full/run0295/00/01/mvt_ID0000094.meta --insert /mnt/poseidon-data/poseidon/workflows/casa-wind-workflow-full/submit/poseidon/pegasus/casa-wind-full/run0295/00/02/register_condorpool_2_1.in",2.7,0,0,,,,,,,,,
point_alert_ID0000110,cpu_2,compute,0,1694420943.0,,,1694420948.0,1694420951.0,1694420962.0,29647188.0,1694420949.0,1694420978.0,1694420967.0,1694420970.0,6940.0,1694420978.0,1694420983.0,5.0,,1.0,29.0,5.0,11.0,176667937.0,3.0,21038.0,poseidon,condorpool,poseidon-worker-1-container-40-43,point_alert,/opt/pointAlert/pointAlert,,0.0,0,0,,,,,,,,,
stage_out_local_condorpool_2_5,None,transfer,0,1694420943.0,,,1694420948.0,,,0.0,1694420949.0,1694420953.0,,,0.0,1694420953.0,1694420958.0,5.0,,1.0,4.0,5.0,,,,,poseidon,local,poseidon-submit,pegasus::transfer,/mnt/poseidon-data/poseidon/pegasus-5.1.0panorama/bin/pegasus-transfer,/home/poseidon/pegasus-5.1.0panorama/bin/../bin/pegasus-kickstart  -n pegasus::transfer -N null -i - -R local  -L casa-wind-full -T 2023-09-08T07:29:05+00:00 /home/poseidon/pegasus-5.1.0panorama/bin/../bin/pegasus-transfer  --threads 2,0.8,0,0,,,,,,,,,
register_condorpool_2_0,None,auxiliary,0,1694420953.0,,,1694420958.0,,,0.0,1694420958.0,1694420963.0,,,0.0,1694420963.0,1694420968.0,5.0,,0.0,5.0,5.0,,,,,poseidon,local,poseidon-submit,pegasus::rc-client,/mnt/poseidon-data/poseidon/pegasus-5.1.0panorama/bin/pegasus-rc-client,"-n pegasus::rc-client -N null -R local  -L casa-wind-full -T 2023-09-08T07:29:05+00:00 /home/poseidon/pegasus-5.1.0panorama/bin/pegasus-rc-client --prefix pegasus.catalog.replica.output --conf /mnt/poseidon-data/poseidon/workflows/casa-wind-workflow-full/submit/poseidon/pegasus/casa-wind-full/run0295/pegasus.10533358311361365389.properties -v --meta /mnt/poseidon-data/poseidon/workflows/casa-wind-workflow-full/submit/poseidon/pegasus/casa-wind-full/run0295/00/01/post_vel_ID0000123.meta,/mnt/poseidon-data/poseidon/workflows/casa-wind-workflow-full/submit/poseidon/pegasus/casa-wind-full/run0295/00/02/mvt_ID0000044.meta,/mnt/poseidon-data/poseidon/workflows/casa-wind-workflow-full/submit/poseidon/pegasus/casa-wind-full/run0295/00/01/post_vel_ID0000023.meta,/mnt/poseidon-data/poseidon/workflows/casa-wind-workflow-full/submit/poseidon/pegasus/casa-wind-full/run0295/00/01/mvt_ID0000129.meta,/mnt/poseidon-data/poseidon/workflows/casa-wind-workflow-full/submit/poseidon/pegasus/casa-wind-full/run0295/00/01/post_vel_ID0000068.meta,/mnt/poseidon-data/poseidon/workflows/casa-wind-workflow-full/submit/poseidon/pegasus/casa-wind-full/run0295/00/01/mvt_ID0000029.meta,/mnt/poseidon-data/poseidon/workflows/casa-wind-workflow-full/submit/poseidon/pegasus/casa-wind-full/run0295/00/01/post_vel_ID0000093.meta,/mnt/poseidon-data/poseidon/workflows/casa-wind-workflow-full/submit/poseidon/pegasus/casa-wind-full/run0295/00/02/post_vel_ID0000078.meta,/mnt/poseidon-data/poseidon/workflows/casa-wind-workflow-full/submit/poseidon/pegasus/casa-wind-full/run0295/00/02/post_vel_ID0000058.meta --insert /mnt/poseidon-data/poseidon/workflows/casa-wind-workflow-full/submit/poseidon/pegasus/casa-wind-full/run0295/00/02/register_condorpool_2_0.in",2.6,0,0,,,,,,,,,
register_condorpool_2_5,None,auxiliary,0,1694420958.0,,,1694420968.0,,,0.0,1694420968.0,1694420973.0,,,0.0,1694420973.0,1694420978.0,10.0,,0.0,5.0,5.0,,,,,poseidon,local,poseidon-submit,pegasus::rc-client,/mnt/poseidon-data/poseidon/pegasus-5.1.0panorama/bin/pegasus-rc-client,"-n pegasus::rc-client -N null -R local  -L casa-wind-full -T 2023-09-08T07:29:05+00:00 /home/poseidon/pegasus-5.1.0panorama/bin/pegasus-rc-client --prefix pegasus.catalog.replica.output --conf /mnt/poseidon-data/poseidon/workflows/casa-wind-workflow-full/submit/poseidon/pegasus/casa-wind-full/run0295/pegasus.10533358311361365389.properties -v --meta /mnt/poseidon-data/poseidon/workflows/casa-wind-workflow-full/submit/poseidon/pegasus/casa-wind-full/run0295/00/02/mvt_ID0000114.meta,/mnt/poseidon-data/poseidon/workflows/casa-wind-workflow-full/submit/poseidon/pegasus/casa-wind-full/run0295/00/02/post_vel_ID0000053.meta,/mnt/poseidon-data/poseidon/workflows/casa-wind-workflow-full/submit/poseidon/pegasus/casa-wind-full/run0295/00/01/mvt_ID0000014.meta,/mnt/poseidon-data/poseidon/workflows/casa-wind-workflow-full/submit/poseidon/pegasus/casa-wind-full/run0295/00/01/mvt_ID0000064.meta,/mnt/poseidon-data/poseidon/workflows/casa-wind-workflow-full/submit/poseidon/pegasus/casa-wind-full/run0295/00/01/mvt_ID0000034.meta,/mnt/poseidon-data/poseidon/workflows/casa-wind-workflow-full/submit/poseidon/pegasus/casa-wind-full/run0295/00/02/mvt_ID0000109.meta,/mnt/poseidon-data/poseidon/workflows/casa-wind-workflow-full/submit/poseidon/pegasus/casa-wind-full/run0295/00/01/mvt_ID0000004.meta,/mnt/poseidon-data/poseidon/workflows/casa-wind-workflow-full/submit/poseidon/pegasus/casa-wind-full/run0295/00/01/mvt_ID0000119.meta --insert /mnt/poseidon-data/poseidon/workflows/casa-wind-workflow-full/submit/poseidon/pegasus/casa-wind-full/run0295/00/02/register_condorpool_2_5.in",2.6,0,0,,,,,,,,,
stage_out_local_condorpool_3_1,None,transfer,0,1694420958.0,,,1694420963.0,,,0.0,1694420963.0,1694420968.0,,,0.0,1694420968.0,1694420973.0,5.0,,0.0,5.0,5.0,,,,,poseidon,local,poseidon-submit,pegasus::transfer,/mnt/poseidon-data/poseidon/pegasus-5.1.0panorama/bin/pegasus-transfer,/home/poseidon/pegasus-5.1.0panorama/bin/../bin/pegasus-kickstart  -n pegasus::transfer -N null -i - -R local  -L casa-wind-full -T 2023-09-08T07:29:05+00:00 /home/poseidon/pegasus-5.1.0panorama/bin/../bin/pegasus-transfer  --threads 2,0.9,0,0,,,,,,,,,
stage_out_local_condorpool_3_0,None,transfer,0,1694420973.0,,,1694420978.0,,,0.0,1694420979.0,1694420988.0,,,0.0,1694420988.0,1694420993.0,5.0,,1.0,9.0,5.0,,,,,poseidon,local,poseidon-submit,pegasus::transfer,/mnt/poseidon-data/poseidon/pegasus-5.1.0panorama/bin/pegasus-transfer,/home/poseidon/pegasus-5.1.0panorama/bin/../bin/pegasus-kickstart  -n pegasus::transfer -N null -i - -R local  -L casa-wind-full -T 2023-09-08T07:29:05+00:00 /home/poseidon/pegasus-5.1.0panorama/bin/../bin/pegasus-transfer  --threads 2,0.9,0,0,,,,,,,,,
register_condorpool_3_1,None,auxiliary,0,1694420973.0,,,1694420978.0,,,0.0,1694420979.0,1694420983.0,,,0.0,1694420983.0,1694420988.0,5.0,,1.0,4.0,5.0,,,,,poseidon,local,poseidon-submit,pegasus::rc-client,/mnt/poseidon-data/poseidon/pegasus-5.1.0panorama/bin/pegasus-rc-client,"-n pegasus::rc-client -N null -R local  -L casa-wind-full -T 2023-09-08T07:29:05+00:00 /home/poseidon/pegasus-5.1.0panorama/bin/pegasus-rc-client --prefix pegasus.catalog.replica.output --conf /mnt/poseidon-data/poseidon/workflows/casa-wind-workflow-full/submit/poseidon/pegasus/casa-wind-full/run0295/pegasus.10533358311361365389.properties -v --meta /mnt/poseidon-data/poseidon/workflows/casa-wind-workflow-full/submit/poseidon/pegasus/casa-wind-full/run0295/00/02/point_alert_ID0000075.meta,/mnt/poseidon-data/poseidon/workflows/casa-wind-workflow-full/submit/poseidon/pegasus/casa-wind-full/run0295/00/02/point_alert_ID0000100.meta,/mnt/poseidon-data/poseidon/workflows/casa-wind-workflow-full/submit/poseidon/pegasus/casa-wind-full/run0295/00/02/point_alert_ID0000020.meta,/mnt/poseidon-data/poseidon/workflows/casa-wind-workflow-full/submit/poseidon/pegasus/casa-wind-full/run0295/00/02/point_alert_ID0000090.meta,/mnt/poseidon-data/poseidon/workflows/casa-wind-workflow-full/submit/poseidon/pegasus/casa-wind-full/run0295/00/03/point_alert_ID0000105.meta,/mnt/poseidon-data/poseidon/workflows/casa-wind-workflow-full/submit/poseidon/pegasus/casa-wind-full/run0295/00/02/point_alert_ID0000010.meta,/mnt/poseidon-data/poseidon/workflows/casa-wind-workflow-full/submit/poseidon/pegasus/casa-wind-full/run0295/00/03/point_alert_ID0000050.meta,/mnt/poseidon-data/poseidon/workflows/casa-wind-workflow-full/submit/poseidon/pegasus/casa-wind-full/run0295/00/02/point_alert_ID0000085.meta,/mnt/poseidon-data/poseidon/workflows/casa-wind-workflow-full/submit/poseidon/pegasus/casa-wind-full/run0295/00/03/point_alert_ID0000040.meta --insert /mnt/poseidon-data/poseidon/workflows/casa-wind-workflow-full/submit/poseidon/pegasus/casa-wind-full/run0295/00/03/register_condorpool_3_1.in",2.6,0,0,,,,,,,,,
stage_out_local_condorpool_3_2,None,transfer,0,1694420983.0,,,1694420988.0,,,0.0,1694420988.0,1694420993.0,,,0.0,1694420993.0,1694420998.0,5.0,,0.0,5.0,5.0,,,,,poseidon,local,poseidon-submit,pegasus::transfer,/mnt/poseidon-data/poseidon/pegasus-5.1.0panorama/bin/pegasus-transfer,/home/poseidon/pegasus-5.1.0panorama/bin/../bin/pegasus-kickstart  -n pegasus::transfer -N null -i - -R local  -L casa-wind-full -T 2023-09-08T07:29:05+00:00 /home/poseidon/pegasus-5.1.0panorama/bin/../bin/pegasus-transfer  --threads 2,0.8,0,0,,,,,,,,,
register_condorpool_3_0,None,auxiliary,0,1694420993.0,,,1694420998.0,,,0.0,1694420999.0,1694421003.0,,,0.0,1694421003.0,1694421008.0,5.0,,1.0,4.0,5.0,,,,,poseidon,local,poseidon-submit,pegasus::rc-client,/mnt/poseidon-data/poseidon/pegasus-5.1.0panorama/bin/pegasus-rc-client,"-n pegasus::rc-client -N null -R local  -L casa-wind-full -T 2023-09-08T07:29:05+00:00 /home/poseidon/pegasus-5.1.0panorama/bin/pegasus-rc-client --prefix pegasus.catalog.replica.output --conf /mnt/poseidon-data/poseidon/workflows/casa-wind-workflow-full/submit/poseidon/pegasus/casa-wind-full/run0295/pegasus.10533358311361365389.properties -v --meta /mnt/poseidon-data/poseidon/workflows/casa-wind-workflow-full/submit/poseidon/pegasus/casa-wind-full/run0295/00/02/point_alert_ID0000095.meta,/mnt/poseidon-data/poseidon/workflows/casa-wind-workflow-full/submit/poseidon/pegasus/casa-wind-full/run0295/00/02/point_alert_ID0000130.meta,/mnt/poseidon-data/poseidon/workflows/casa-wind-workflow-full/submit/poseidon/pegasus/casa-wind-full/run0295/00/02/point_alert_ID0000125.meta,/mnt/poseidon-data/poseidon/workflows/casa-wind-workflow-full/submit/poseidon/pegasus/casa-wind-full/run0295/00/02/point_alert_ID0000030.meta,/mnt/poseidon-data/poseidon/workflows/casa-wind-workflow-full/submit/poseidon/pegasus/casa-wind-full/run0295/00/03/point_alert_ID0000060.meta,/mnt/poseidon-data/poseidon/workflows/casa-wind-workflow-full/submit/poseidon/pegasus/casa-wind-full/run0295/00/02/point_alert_ID0000025.meta,/mnt/poseidon-data/poseidon/workflows/casa-wind-workflow-full/submit/poseidon/pegasus/casa-wind-full/run0295/00/02/point_alert_ID0000070.meta,/mnt/poseidon-data/poseidon/workflows/casa-wind-workflow-full/submit/poseidon/pegasus/casa-wind-full/run0295/00/02/point_alert_ID0000080.meta,/mnt/poseidon-data/poseidon/workflows/casa-wind-workflow-full/submit/poseidon/pegasus/casa-wind-full/run0295/00/03/point_alert_ID0000045.meta --insert /mnt/poseidon-data/poseidon/workflows/casa-wind-workflow-full/submit/poseidon/pegasus/casa-wind-full/run0295/00/03/register_condorpool_3_0.in",2.5,0,0,,,,,,,,,
register_condorpool_3_2,None,auxiliary,0,1694420998.0,,,1694421008.0,,,0.0,1694421009.0,1694421013.0,,,0.0,1694421013.0,1694421018.0,10.0,,1.0,4.0,5.0,,,,,poseidon,local,poseidon-submit,pegasus::rc-client,/mnt/poseidon-data/poseidon/pegasus-5.1.0panorama/bin/pegasus-rc-client,"-n pegasus::rc-client -N null -R local  -L casa-wind-full -T 2023-09-08T07:29:05+00:00 /home/poseidon/pegasus-5.1.0panorama/bin/pegasus-rc-client --prefix pegasus.catalog.replica.output --conf /mnt/poseidon-data/poseidon/workflows/casa-wind-workflow-full/submit/poseidon/pegasus/casa-wind-full/run0295/pegasus.10533358311361365389.properties -v --meta /mnt/poseidon-data/poseidon/workflows/casa-wind-workflow-full/submit/poseidon/pegasus/casa-wind-full/run0295/00/02/point_alert_ID0000035.meta,/mnt/poseidon-data/poseidon/workflows/casa-wind-workflow-full/submit/poseidon/pegasus/casa-wind-full/run0295/00/03/point_alert_ID0000055.meta,/mnt/poseidon-data/poseidon/workflows/casa-wind-workflow-full/submit/poseidon/pegasus/casa-wind-full/run0295/00/03/point_alert_ID0000110.meta,/mnt/poseidon-data/poseidon/workflows/casa-wind-workflow-full/submit/poseidon/pegasus/casa-wind-full/run0295/00/02/point_alert_ID0000015.meta,/mnt/poseidon-data/poseidon/workflows/casa-wind-workflow-full/submit/poseidon/pegasus/casa-wind-full/run0295/00/02/point_alert_ID0000005.meta,/mnt/poseidon-data/poseidon/workflows/casa-wind-workflow-full/submit/poseidon/pegasus/casa-wind-full/run0295/00/02/point_alert_ID0000065.meta,/mnt/poseidon-data/poseidon/workflows/casa-wind-workflow-full/submit/poseidon/pegasus/casa-wind-full/run0295/00/02/point_alert_ID0000115.meta,/mnt/poseidon-data/poseidon/workflows/casa-wind-workflow-full/submit/poseidon/pegasus/casa-wind-full/run0295/00/02/point_alert_ID0000120.meta --insert /mnt/poseidon-data/poseidon/workflows/casa-wind-workflow-full/submit/poseidon/pegasus/casa-wind-full/run0295/00/03/register_condorpool_3_2.in",2.7,0,0,,,,,,,,,
cleanup_casa-wind-full_0_condorpool,None,auxiliary,0,1694420998.0,,,1694421003.0,,,0.0,1694421004.0,1694421008.0,,,0.0,1694421008.0,1694421013.0,5.0,,1.0,4.0,5.0,,,,,poseidon,local,poseidon-submit,pegasus::cleanup,/mnt/poseidon-data/poseidon/pegasus-5.1.0panorama/bin/pegasus-transfer,pegasus-kickstart  -n pegasus::cleanup -N null -i - -R local  -L casa-wind-full -T 2023-09-08T07:29:05+00:00 pegasus-transfer,0.2,0,0,,,,,,,,,
