,anomaly_type,type,is_clustered,ready,pre_script_start,pre_script_end,submit,stage_in_start,stage_in_end,stage_in_effective_bytes_per_sec,execute_start,execute_end,stage_out_start,stage_out_end,stage_out_effective_bytes_per_sec,post_script_start,post_script_end,wms_delay,pre_script_delay,queue_delay,runtime,post_script_delay,stage_in_delay,stage_in_bytes,stage_out_delay,stage_out_bytes,kickstart_user,kickstart_site,kickstart_hostname,kickstart_transformations,kickstart_executables,kickstart_executables_argv,kickstart_executables_cpu_time,kickstart_status,kickstart_executables_exitcode,kickstart_online_iowait,kickstart_online_bytes_read,kickstart_online_bytes_written,kickstart_online_read_system_calls,kickstart_online_write_system_calls,kickstart_online_utime,kickstart_online_stime,kickstart_online_bytes_read_per_second,kickstart_online_bytes_written_per_second
create_dir_casa-wind-full_0_condorpool,None,auxiliary,0,1694350429.0,,,1694350430.0,,,0.0,1694350434.0,1694350440.0,,,0.0,1694350440.0,1694350445.0,1.0,,4.0,6.0,5.0,,,,,poseidon,local,poseidon-submit,pegasus::dirmanager,/mnt/poseidon-data/poseidon/pegasus-5.1.0panorama/bin/pegasus-transfer,pegasus-kickstart  -n pegasus::dirmanager -N null -i - -R local  -L casa-wind-full -T 2023-09-08T07:29:05+00:00 pegasus-transfer,0.2,0,0,,,,,,,,,
unzip_ID0000006,None,compute,0,1694350445.0,,,1694350451.0,1694350475.0,1694350484.0,25844958.0,1694350473.0,1694350521.0,1694350497.0,1694350514.0,28894656.0,1694350521.0,1694350526.0,6.0,,22.0,48.0,5.0,9.0,222753803.0,17.0,501616588.0,poseidon,condorpool,poseidon-worker-1-container-40-43,unzip,/usr/bin/gunzip,,3.9,0,0,,,,,,,,,
unzip_ID0000106,None,compute,0,1694350445.0,,,1694350451.0,1694350475.0,1694350484.0,27771324.0,1694350473.0,1694350521.0,1694350497.0,1694350515.0,27916568.0,1694350521.0,1694350526.0,6.0,,22.0,48.0,5.0,9.0,241199298.0,18.0,501821816.0,poseidon,condorpool,poseidon-worker-1-container-44-47,unzip,/usr/bin/gunzip,,4.0,0,0,,,,,,,,,
unzip_ID0000046,None,compute,0,1694350445.0,,,1694350451.0,1694350471.0,1694350479.0,30436555.0,1694350469.0,1694350506.0,1694350490.0,1694350499.0,58876201.0,1694350506.0,1694350511.0,6.0,,18.0,37.0,5.0,8.0,229692821.0,9.0,523855228.0,poseidon,condorpool,poseidon-worker-2-container-4-7,unzip,/usr/bin/gunzip,,3.9,0,0,,,,,,,,,
unzip_ID0000101,None,compute,0,1694350445.0,,,1694350451.0,1694350471.0,1694350480.0,26410403.0,1694350469.0,1694350516.0,1694350494.0,1694350510.0,33882501.0,1694350516.0,1694350521.0,6.0,,18.0,47.0,5.0,9.0,250988249.0,16.0,561551644.0,poseidon,condorpool,poseidon-worker-2-container-8-11,unzip,/usr/bin/gunzip,,4.4,0,0,,,,,,,,,
unzip_ID0000026,None,compute,0,1694350445.0,,,1694350450.0,1694350472.0,1694350481.0,23350435.0,1694350470.0,1694350521.0,1694350494.0,1694350513.0,27921017.0,1694350521.0,1694350526.0,5.0,,20.0,51.0,5.0,9.0,227963832.0,19.0,523917888.0,poseidon,condorpool,poseidon-worker-2-container-20-23,unzip,/usr/bin/gunzip,,4.0,0,0,,,,,,,,,
unzip_ID0000126,None,compute,0,1694350445.0,,,1694350450.0,1694350471.0,1694350480.0,29073937.0,1694350470.0,1694350516.0,1694350493.0,1694350509.0,33284567.0,1694350516.0,1694350521.0,5.0,,20.0,46.0,5.0,9.0,249343892.0,16.0,520618424.0,poseidon,condorpool,poseidon-worker-2-container-12-15,unzip,/usr/bin/gunzip,,4.2,0,0,,,,,,,,,
unzip_ID0000031,None,compute,0,1694350445.0,,,1694350450.0,1694350473.0,1694350481.0,27210781.0,1694350471.0,1694350521.0,1694350496.0,1694350514.0,29519957.0,1694350521.0,1694350526.0,5.0,,21.0,50.0,5.0,8.0,237517035.0,18.0,539438752.0,poseidon,condorpool,poseidon-worker-1-container-16-19,unzip,/usr/bin/gunzip,,4.1,0,0,,,,,,,,,
unzip_ID0000076,None,compute,0,1694350445.0,,,1694350450.0,1694350471.0,1694350480.0,26611204.0,1694350469.0,1694350511.0,1694350492.0,1694350503.0,49831315.0,1694350511.0,1694350516.0,5.0,,19.0,42.0,5.0,9.0,233747923.0,11.0,523942844.0,poseidon,condorpool,poseidon-worker-1-container-4-7,unzip,/usr/bin/gunzip,,4.1,0,0,,,,,,,,,
unzip_ID0000011,None,compute,0,1694350445.0,,,1694350450.0,1694350471.0,1694350479.0,29460367.0,1694350469.0,1694350511.0,1694350492.0,1694350504.0,49127323.0,1694350511.0,1694350516.0,5.0,,19.0,42.0,5.0,8.0,235998389.0,12.0,565205920.0,poseidon,condorpool,poseidon-worker-1-container-8-11,unzip,/usr/bin/gunzip,,4.2,0,0,,,,,,,,,
unzip_ID0000056,None,compute,0,1694350445.0,,,1694350450.0,1694350472.0,1694350481.0,25069269.0,1694350470.0,1694350516.0,1694350494.0,1694350510.0,32674273.0,1694350516.0,1694350521.0,5.0,,20.0,46.0,5.0,9.0,232139969.0,16.0,528026776.0,poseidon,condorpool,poseidon-worker-2-container-28-31,unzip,/usr/bin/gunzip,,4.1,0,0,,,,,,,,,
unzip_ID0000111,None,compute,0,1694350445.0,,,1694350450.0,1694350471.0,1694350478.0,34746777.0,1694350469.0,1694350511.0,1694350491.0,1694350501.0,58589108.0,1694350511.0,1694350516.0,5.0,,19.0,42.0,5.0,7.0,256320311.0,10.0,567950764.0,poseidon,condorpool,poseidon-worker-1-container-32-35,unzip,/usr/bin/gunzip,,4.4,0,0,,,,,,,,,
unzip_ID0000051,None,compute,0,1694350445.0,,,1694350450.0,1694350471.0,1694350481.0,24968980.0,1694350469.0,1694350521.0,1694350495.0,1694350514.0,28925542.0,1694350521.0,1694350526.0,5.0,,19.0,52.0,5.0,10.0,239630266.0,19.0,544301296.0,poseidon,condorpool,poseidon-worker-1-container-12-15,unzip,/usr/bin/gunzip,,4.2,0,0,,,,,,,,,
unzip_ID0000071,None,compute,0,1694350445.0,,,1694350450.0,1694350471.0,1694350480.0,26204715.0,1694350469.0,1694350516.0,1694350493.0,1694350507.0,39739811.0,1694350516.0,1694350521.0,5.0,,19.0,47.0,5.0,9.0,240896692.0,14.0,539506600.0,poseidon,condorpool,poseidon-worker-2-container-0-3,unzip,/usr/bin/gunzip,,4.2,0,0,,,,,,,,,
unzip_ID0000091,None,compute,0,1694350445.0,,,1694350450.0,1694350471.0,1694350480.0,26203914.0,1694350469.0,1694350516.0,1694350493.0,1694350507.0,40027542.0,1694350516.0,1694350521.0,5.0,,19.0,47.0,5.0,9.0,246447087.0,14.0,539109992.0,poseidon,condorpool,poseidon-worker-2-container-36-39,unzip,/usr/bin/gunzip,,4.2,0,0,,,,,,,,,
unzip_ID0000081,None,compute,0,1694350445.0,,,1694350450.0,1694350472.0,1694350481.0,28351539.0,1694350470.0,1694350521.0,1694350495.0,1694350515.0,27575357.0,1694350521.0,1694350526.0,5.0,,20.0,51.0,5.0,9.0,245619741.0,20.0,543190672.0,poseidon,condorpool,poseidon-worker-1-container-44-47,unzip,/usr/bin/gunzip,,4.2,0,0,,,,,,,,,
unzip_ID0000041,None,compute,0,1694350445.0,,,1694350450.0,1694350471.0,1694350480.0,26803855.0,1694350469.0,1694350511.0,1694350493.0,1694350504.0,45930154.0,1694350511.0,1694350516.0,5.0,,19.0,42.0,5.0,9.0,238944758.0,11.0,540768928.0,poseidon,condorpool,poseidon-worker-2-container-24-27,unzip,/usr/bin/gunzip,,4.2,0,0,,,,,,,,,
unzip_ID0000061,None,compute,0,1694350445.0,,,1694350450.0,1694350471.0,1694350477.0,36249309.0,1694350469.0,1694350506.0,1694350490.0,1694350499.0,59806052.0,1694350506.0,1694350511.0,5.0,,19.0,37.0,5.0,6.0,240463185.0,9.0,541945820.0,poseidon,condorpool,poseidon-worker-2-container-16-19,unzip,/usr/bin/gunzip,,4.0,0,0,,,,,,,,,
unzip_ID0000001,None,compute,0,1694350445.0,,,1694350450.0,1694350471.0,1694350481.0,23383527.0,1694350469.0,1694350526.0,1694350495.0,1694350516.0,26974783.0,1694350526.0,1694350532.0,5.0,,19.0,57.0,6.0,10.0,232473216.0,21.0,561354992.0,poseidon,condorpool,poseidon-worker-1-container-0-3,unzip,/usr/bin/gunzip,,4.2,0,0,,,,,,,,,
unzip_ID0000096,None,compute,0,1694350445.0,,,1694350450.0,1694350471.0,1694350481.0,25064786.0,1694350469.0,1694350521.0,1694350495.0,1694350515.0,26341862.0,1694350521.0,1694350526.0,5.0,,19.0,52.0,5.0,10.0,240753402.0,20.0,524013876.0,poseidon,condorpool,poseidon-worker-1-container-24-27,unzip,/usr/bin/gunzip,,4.2,0,0,,,,,,,,,
unzip_ID0000066,None,compute,0,1694350445.0,,,1694350450.0,1694350471.0,1694350481.0,24533862.0,1694350469.0,1694350516.0,1694350494.0,1694350511.0,30677762.0,1694350516.0,1694350521.0,5.0,,19.0,47.0,5.0,10.0,232031705.0,17.0,523661496.0,poseidon,condorpool,poseidon-worker-1-container-28-31,unzip,/usr/bin/gunzip,,4.1,0,0,,,,,,,,,
unzip_ID0000121,None,compute,0,1694350445.0,,,1694350450.0,1694350471.0,1694350480.0,27840497.0,1694350469.0,1694350516.0,1694350493.0,1694350509.0,35217713.0,1694350516.0,1694350521.0,5.0,,19.0,47.0,5.0,9.0,250860096.0,16.0,550782944.0,poseidon,condorpool,poseidon-worker-2-container-44-47,unzip,/usr/bin/gunzip,,4.3,0,0,,,,,,,,,
unzip_ID0000086,None,compute,0,1694350445.0,,,1694350450.0,1694350472.0,1694350479.0,33801126.0,1694350470.0,1694350506.0,1694350491.0,1694350500.0,57954930.0,1694350506.0,1694350511.0,5.0,,20.0,36.0,5.0,7.0,234836668.0,9.0,518838800.0,poseidon,condorpool,poseidon-worker-1-container-20-23,unzip,/usr/bin/gunzip,,4.1,0,0,,,,,,,,,
unzip_ID0000016,None,compute,0,1694350445.0,,,1694350450.0,1694350471.0,1694350481.0,23590961.0,1694350469.0,1694350521.0,1694350494.0,1694350511.0,29940810.0,1694350521.0,1694350526.0,5.0,,19.0,52.0,5.0,10.0,225238888.0,17.0,523826084.0,poseidon,condorpool,poseidon-worker-1-container-40-43,unzip,/usr/bin/gunzip,,4.0,0,0,,,,,,,,,
unzip_ID0000036,None,compute,0,1694350445.0,,,1694350450.0,1694350471.0,1694350482.0,21438876.0,1694350469.0,1694350521.0,1694350494.0,1694350515.0,25426923.0,1694350521.0,1694350526.0,5.0,,19.0,52.0,5.0,11.0,232020704.0,21.0,526952240.0,poseidon,condorpool,poseidon-worker-2-container-40-43,unzip,/usr/bin/gunzip,,4.1,0,0,,,,,,,,,
unzip_ID0000116,None,compute,0,1694350445.0,,,1694350450.0,1694350471.0,1694350480.0,26584335.0,1694350469.0,1694350516.0,1694350493.0,1694350506.0,41918119.0,1694350516.0,1694350521.0,5.0,,19.0,47.0,5.0,9.0,249255741.0,13.0,520850676.0,poseidon,condorpool,poseidon-worker-2-container-32-35,unzip,/usr/bin/gunzip,,4.2,0,0,,,,,,,,,
unzip_ID0000021,None,compute,0,1694350445.0,,,1694350450.0,1694350471.0,1694350481.0,23889948.0,1694350469.0,1694350521.0,1694350495.0,1694350515.0,27508877.0,1694350521.0,1694350526.0,5.0,,19.0,52.0,5.0,10.0,235136662.0,20.0,539178100.0,poseidon,condorpool,poseidon-worker-1-container-36-39,unzip,/usr/bin/gunzip,,4.1,0,0,,,,,,,,,
um_vel_ID0000047,None,compute,0,1694350511.0,,,1694350516.0,1694350519.0,1694350540.0,47512923.7,1694350517.0,1694350562.0,1694350548.0,1694350552.0,171387.0,1694350562.0,1694350567.0,5.0,,1.0,45.0,5.0,21.0,700441980.0,4.0,556900.0,poseidon,condorpool,poseidon-worker-2-container-4-7,um_vel,/opt/UM_VEL/UM_VEL,,1.7,0,0,,,,,,,,,
um_vel_ID0000062,None,compute,0,1694350511.0,,,1694350516.0,1694350519.0,1694350543.0,39376930.3,1694350517.0,1694350562.0,1694350551.0,1694350555.0,178504.0,1694350562.0,1694350567.0,5.0,,1.0,45.0,5.0,24.0,718532572.0,4.0,556900.0,poseidon,condorpool,poseidon-worker-2-container-12-15,um_vel,/opt/UM_VEL/UM_VEL,,1.7,0,0,,,,,,,,,
um_vel_ID0000087,None,compute,0,1694350511.0,,,1694350516.0,1694350519.0,1694350542.0,41396733.2,1694350517.0,1694350562.0,1694350550.0,1694350553.0,172644.0,1694350562.0,1694350567.0,5.0,,1.0,45.0,5.0,23.0,695425552.0,3.0,556900.0,poseidon,condorpool,poseidon-worker-2-container-0-3,um_vel,/opt/UM_VEL/UM_VEL,,1.7,0,0,,,,,,,,,
um_vel_ID0000112,None,compute,0,1694350516.0,,,1694350521.0,1694350524.0,1694350543.0,55162697.8,1694350522.0,1694350562.0,1694350553.0,1694350556.0,174409.0,1694350562.0,1694350567.0,5.0,,1.0,40.0,5.0,19.0,744537516.0,3.0,556900.0,poseidon,condorpool,poseidon-worker-1-container-16-19,um_vel,/opt/UM_VEL/UM_VEL,,1.8,0,0,,,,,,,,,
um_vel_ID0000077,None,compute,0,1694350516.0,,,1694350521.0,1694350524.0,1694350542.0,55220647.8,1694350522.0,1694350562.0,1694350551.0,1694350554.0,172396.0,1694350562.0,1694350567.0,5.0,,1.0,40.0,5.0,18.0,700529596.0,3.0,556900.0,poseidon,condorpool,poseidon-worker-1-container-36-39,um_vel,/opt/UM_VEL/UM_VEL,,1.8,0,0,,,,,,,,,
um_vel_ID0000012,None,compute,0,1694350516.0,,,1694350521.0,1694350524.0,1694350544.0,51838253.6,1694350522.0,1694350562.0,1694350553.0,1694350556.0,175152.0,1694350562.0,1694350567.0,5.0,,1.0,40.0,5.0,20.0,741792672.0,3.0,556900.0,poseidon,condorpool,poseidon-worker-1-container-24-27,um_vel,/opt/UM_VEL/UM_VEL,,1.8,0,0,,,,,,,,,
um_vel_ID0000042,None,compute,0,1694350516.0,,,1694350521.0,1694350524.0,1694350543.0,52707706.3,1694350522.0,1694350562.0,1694350552.0,1694350555.0,173172.0,1694350562.0,1694350567.0,5.0,,1.0,40.0,5.0,19.0,717355680.0,3.0,556900.0,poseidon,condorpool,poseidon-worker-1-container-40-43,um_vel,/opt/UM_VEL/UM_VEL,,1.7,0,0,,,,,,,,,
um_vel_ID0000102,None,compute,0,1694350521.0,,,1694350526.0,1694350529.0,1694350553.0,39563981.8,1694350527.0,1694350572.0,1694350562.0,1694350566.0,173373.0,1694350572.0,1694350577.0,5.0,,1.0,45.0,5.0,24.0,738138396.0,4.0,556900.0,poseidon,condorpool,poseidon-worker-1-container-20-23,um_vel,/opt/UM_VEL/UM_VEL,,1.8,0,0,,,,,,,,,
um_vel_ID0000122,None,compute,0,1694350521.0,,,1694350526.0,1694350529.0,1694350548.0,56264294.5,1694350527.0,1694350567.0,1694350557.0,1694350560.0,179522.0,1694350567.0,1694350572.0,5.0,,1.0,40.0,5.0,19.0,727369696.0,3.0,556900.0,poseidon,condorpool,poseidon-worker-2-container-28-31,um_vel,/opt/UM_VEL/UM_VEL,,1.7,0,0,,,,,,,,,
um_vel_ID0000067,None,compute,0,1694350521.0,,,1694350526.0,1694350529.0,1694350552.0,39396531.1,1694350527.0,1694350572.0,1694350561.0,1694350564.0,176299.0,1694350572.0,1694350577.0,5.0,,1.0,45.0,5.0,23.0,700248248.0,3.0,556900.0,poseidon,condorpool,poseidon-worker-1-container-4-7,um_vel,/opt/UM_VEL/UM_VEL,,1.7,0,0,,,,,,,,,
um_vel_ID0000117,None,compute,0,1694350521.0,,,1694350526.0,1694350529.0,1694350547.0,55929027.7,1694350527.0,1694350567.0,1694350556.0,1694350559.0,177742.0,1694350567.0,1694350572.0,5.0,,1.0,40.0,5.0,18.0,697437428.0,3.0,556900.0,poseidon,condorpool,poseidon-worker-2-container-20-23,um_vel,/opt/UM_VEL/UM_VEL,,1.7,0,0,,,,,,,,,
um_vel_ID0000092,None,compute,0,1694350521.0,,,1694350526.0,1694350529.0,1694350550.0,47428419.5,1694350527.0,1694350572.0,1694350559.0,1694350562.0,178021.0,1694350572.0,1694350577.0,5.0,,1.0,45.0,5.0,21.0,715696744.0,3.0,556900.0,poseidon,condorpool,poseidon-worker-1-container-0-3,um_vel,/opt/UM_VEL/UM_VEL,,1.7,0,0,,,,,,,,,
um_vel_ID0000072,None,compute,0,1694350521.0,,,1694350526.0,1694350529.0,1694350549.0,50993204.7,1694350527.0,1694350567.0,1694350558.0,1694350561.0,180479.0,1694350567.0,1694350572.0,5.0,,1.0,40.0,5.0,20.0,716093352.0,3.0,556900.0,poseidon,condorpool,poseidon-worker-1-container-44-47,um_vel,/opt/UM_VEL/UM_VEL,,1.7,0,0,,,,,,,,,
um_vel_ID0000057,None,compute,0,1694350521.0,,,1694350526.0,1694350529.0,1694350547.0,56936298.3,1694350527.0,1694350567.0,1694350556.0,1694350559.0,178826.0,1694350567.0,1694350572.0,5.0,,1.0,40.0,5.0,18.0,704613528.0,3.0,556900.0,poseidon,condorpool,poseidon-worker-2-container-8-11,um_vel,/opt/UM_VEL/UM_VEL,,1.7,0,0,,,,,,,,,
um_vel_ID0000127,None,compute,0,1694350521.0,,,1694350526.0,1694350529.0,1694350549.0,48407238.3,1694350528.0,1694350572.0,1694350558.0,1694350562.0,176764.0,1694350572.0,1694350577.0,5.0,,2.0,44.0,5.0,20.0,697205176.0,4.0,556900.0,poseidon,condorpool,poseidon-worker-1-container-12-15,um_vel,/opt/UM_VEL/UM_VEL,,1.7,0,0,,,,,,,,,
um_vel_ID0000007,None,compute,0,1694350526.0,,,1694350532.0,1694350535.0,1694350556.0,43707574.8,1694350533.0,1694350577.0,1694350564.0,1694350567.0,175769.0,1694350577.0,1694350582.0,6.0,,1.0,44.0,5.0,21.0,678203340.0,3.0,556900.0,poseidon,condorpool,poseidon-worker-1-container-8-11,um_vel,/opt/UM_VEL/UM_VEL,,1.7,0,0,,,,,,,,,
um_vel_ID0000107,None,compute,0,1694350526.0,,,1694350532.0,1694350535.0,1694350554.0,48312578.3,1694350533.0,1694350572.0,1694350563.0,1694350566.0,177024.0,1694350572.0,1694350577.0,6.0,,1.0,39.0,5.0,19.0,678408568.0,3.0,556900.0,poseidon,condorpool,poseidon-worker-2-container-32-35,um_vel,/opt/UM_VEL/UM_VEL,,1.7,0,0,,,,,,,,,
um_vel_ID0000082,None,compute,0,1694350526.0,,,1694350531.0,1694350535.0,1694350559.0,38518431.7,1694350533.0,1694350577.0,1694350568.0,1694350571.0,178481.0,1694350577.0,1694350582.0,5.0,,2.0,44.0,5.0,24.0,719777424.0,3.0,556900.0,poseidon,condorpool,poseidon-worker-1-container-32-35,um_vel,/opt/UM_VEL/UM_VEL,,1.7,0,0,,,,,,,,,
um_vel_ID0000027,None,compute,0,1694350526.0,,,1694350531.0,1694350535.0,1694350552.0,59071399.8,1694350533.0,1694350572.0,1694350561.0,1694350564.0,178977.0,1694350572.0,1694350577.0,5.0,,2.0,39.0,5.0,17.0,700504640.0,3.0,556900.0,poseidon,condorpool,poseidon-worker-2-container-36-39,um_vel,/opt/UM_VEL/UM_VEL,,1.7,0,0,,,,,,,,,
um_vel_ID0000022,None,compute,0,1694350526.0,,,1694350531.0,1694350535.0,1694350553.0,56062186.5,1694350533.0,1694350572.0,1694350562.0,1694350565.0,176082.0,1694350572.0,1694350577.0,5.0,,2.0,39.0,5.0,18.0,715764852.0,3.0,556900.0,poseidon,condorpool,poseidon-worker-2-container-44-47,um_vel,/opt/UM_VEL/UM_VEL,,1.7,0,0,,,,,,,,,
um_vel_ID0000052,None,compute,0,1694350526.0,,,1694350531.0,1694350535.0,1694350555.0,49407514.4,1694350533.0,1694350572.0,1694350563.0,1694350566.0,177089.0,1694350572.0,1694350577.0,5.0,,2.0,39.0,5.0,20.0,720888048.0,3.0,556900.0,poseidon,condorpool,poseidon-worker-1-container-28-31,um_vel,/opt/UM_VEL/UM_VEL,,1.7,0,0,,,,,,,,,
um_vel_ID0000097,None,compute,0,1694350526.0,,,1694350532.0,1694350535.0,1694350555.0,48884402.4,1694350533.0,1694350572.0,1694350563.0,1694350567.0,177748.0,1694350572.0,1694350577.0,6.0,,1.0,39.0,5.0,20.0,700600628.0,4.0,556900.0,poseidon,condorpool,poseidon-worker-2-container-40-43,um_vel,/opt/UM_VEL/UM_VEL,,1.7,0,0,,,,,,,,,
um_vel_ID0000037,None,compute,0,1694350526.0,,,1694350532.0,1694350535.0,1694350556.0,44372868.6,1694350533.0,1694350577.0,1694350565.0,1694350568.0,177470.0,1694350577.0,1694350582.0,6.0,,1.0,44.0,5.0,21.0,703538992.0,3.0,556900.0,poseidon,condorpool,poseidon-worker-1-container-40-43,um_vel,/opt/UM_VEL/UM_VEL,,1.7,0,0,,,,,,,,,
um_vel_ID0000032,None,compute,0,1694350526.0,,,1694350531.0,1694350535.0,1694350556.0,45928921.9,1694350533.0,1694350577.0,1694350564.0,1694350567.0,175434.0,1694350577.0,1694350582.0,5.0,,2.0,44.0,5.0,21.0,716025504.0,3.0,556900.0,poseidon,condorpool,poseidon-worker-2-container-24-27,um_vel,/opt/UM_VEL/UM_VEL,,1.7,0,0,,,,,,,,,
um_vel_ID0000017,None,compute,0,1694350526.0,,,1694350531.0,1694350535.0,1694350555.0,48678503.2,1694350533.0,1694350572.0,1694350564.0,1694350567.0,177504.0,1694350572.0,1694350577.0,5.0,,2.0,39.0,5.0,20.0,700412836.0,3.0,556900.0,poseidon,condorpool,poseidon-worker-1-container-44-47,um_vel,/opt/UM_VEL/UM_VEL,,1.7,0,0,,,,,,,,,
um_vel_ID0000002,None,compute,0,1694350532.0,,,1694350537.0,1694350559.0,1694350578.0,56275407.8,1694350557.0,1694350597.0,1694350587.0,1694350590.0,175296.0,1694350597.0,1694350602.0,5.0,,20.0,40.0,5.0,19.0,737941744.0,3.0,556900.0,poseidon,condorpool,poseidon-worker-1-container-44-47,um_vel,/opt/UM_VEL/UM_VEL,,1.7,0,0,,,,,,,,,
stage_out_local_condorpool_0_0,None,transfer,0,1694350532.0,,,1694350537.0,,,0.0,1694350537.0,1694350572.0,,,0.0,1694350572.0,1694350577.0,5.0,,0.0,35.0,5.0,,,,,poseidon,local,poseidon-submit,pegasus::transfer,/mnt/poseidon-data/poseidon/pegasus-5.1.0panorama/bin/pegasus-transfer,/home/poseidon/pegasus-5.1.0panorama/bin/../bin/pegasus-kickstart  -n pegasus::transfer -N null -i - -R local  -L casa-wind-full -T 2023-09-08T07:29:05+00:00 /home/poseidon/pegasus-5.1.0panorama/bin/../bin/pegasus-transfer  --threads 2,36.5,0,0,,,,,,,,,
stage_out_local_condorpool_0_1,None,transfer,0,1694350532.0,,,1694350537.0,,,0.0,1694350537.0,1694350572.0,,,0.0,1694350572.0,1694350577.0,5.0,,0.0,35.0,5.0,,,,,poseidon,local,poseidon-submit,pegasus::transfer,/mnt/poseidon-data/poseidon/pegasus-5.1.0panorama/bin/pegasus-transfer,/home/poseidon/pegasus-5.1.0panorama/bin/../bin/pegasus-kickstart  -n pegasus::transfer -N null -i - -R local  -L casa-wind-full -T 2023-09-08T07:29:05+00:00 /home/poseidon/pegasus-5.1.0panorama/bin/../bin/pegasus-transfer  --threads 2,35.8,0,0,,,,,,,,,
stage_out_local_condorpool_0_2,None,transfer,0,1694350532.0,,,1694350537.0,,,0.0,1694350537.0,1694350572.0,,,0.0,1694350572.0,1694350577.0,5.0,,0.0,35.0,5.0,,,,,poseidon,local,poseidon-submit,pegasus::transfer,/mnt/poseidon-data/poseidon/pegasus-5.1.0panorama/bin/pegasus-transfer,/home/poseidon/pegasus-5.1.0panorama/bin/../bin/pegasus-kickstart  -n pegasus::transfer -N null -i - -R local  -L casa-wind-full -T 2023-09-08T07:29:05+00:00 /home/poseidon/pegasus-5.1.0panorama/bin/../bin/pegasus-transfer  --threads 2,36.2,0,0,,,,,,,,,
mvt_ID0000114,None,compute,0,1694350567.0,,,1694350572.0,1694350575.0,1694350588.0,25110144.3,1694350574.0,1694350642.0,1694350633.0,1694350636.0,23728.0,1694350642.0,1694350647.0,5.0,,2.0,68.0,5.0,13.0,177143652.0,3.0,73234.0,poseidon,condorpool,poseidon-worker-1-container-24-27,mvt,/opt/mvt/mvt,,39.9,0,0,0.0,790512.0,40960.0,425.0,10.0,29.9,0.1,26350.4,4096.0
post_vel_ID0000088,None,compute,0,1694350567.0,,,1694350572.0,1694350575.0,1694350588.0,23670868.7,1694350573.0,1694350607.0,1694350594.0,1694350597.0,4181.0,1694350607.0,1694350612.0,5.0,,1.0,34.0,5.0,13.0,177143937.0,3.0,12740.0,poseidon,condorpool,poseidon-worker-1-container-0-3,post_vel,/opt/netcdf2png/merged_netcdf2png,,0.1,0,0,,,,,,,,,
mvt_ID0000089,None,compute,0,1694350567.0,,,1694350572.0,1694350576.0,1694350587.0,33947171.8,1694350574.0,1694350642.0,1694350632.0,1694350635.0,15402.0,1694350642.0,1694350647.0,5.0,,2.0,68.0,5.0,11.0,177143652.0,3.0,48475.0,poseidon,condorpool,poseidon-worker-1-container-16-19,mvt,/opt/mvt/mvt,,39.9,0,0,0.0,791899.0,24576.0,428.0,6.0,29.9,0.1,26396.6,2457.6
mvt_ID0000079,None,compute,0,1694350567.0,,,1694350572.0,1694350576.0,1694350587.0,33764444.6,1694350574.0,1694350642.0,1694350632.0,1694350635.0,14409.0,1694350642.0,1694350647.0,5.0,,2.0,68.0,5.0,11.0,177143652.0,3.0,45337.0,poseidon,condorpool,poseidon-worker-2-container-4-7,mvt,/opt/mvt/mvt,,40.0,0,0,0.0,791812.0,24576.0,428.0,6.0,29.9,0.1,26393.7,1228.8
post_vel_ID0000113,None,compute,0,1694350567.0,,,1694350572.0,1694350575.0,1694350588.0,26906313.7,1694350574.0,1694350602.0,1694350593.0,1694350596.0,4740.0,1694350602.0,1694350607.0,5.0,,2.0,28.0,5.0,13.0,177143937.0,3.0,14745.0,poseidon,condorpool,poseidon-worker-1-container-40-43,post_vel,/opt/netcdf2png/merged_netcdf2png,,0.2,0,0,,,,,,,,,
mvt_ID0000014,None,compute,0,1694350567.0,,,1694350572.0,1694350575.0,1694350587.0,28345157.7,1694350574.0,1694350642.0,1694350633.0,1694350636.0,10351.0,1694350642.0,1694350647.0,5.0,,2.0,68.0,5.0,12.0,177143652.0,3.0,31991.0,poseidon,condorpool,poseidon-worker-1-container-12-15,mvt,/opt/mvt/mvt,,39.9,0,0,0.0,789137.0,16384.0,422.0,4.0,29.9,0.1,26304.6,819.2
post_vel_ID0000013,None,compute,0,1694350567.0,,,1694350572.0,1694350575.0,1694350586.0,33482103.6,1694350574.0,1694350602.0,1694350592.0,1694350595.0,3637.0,1694350602.0,1694350607.0,5.0,,2.0,28.0,5.0,11.0,177143937.0,3.0,11040.0,poseidon,condorpool,poseidon-worker-2-container-20-23,post_vel,/opt/netcdf2png/merged_netcdf2png,,0.1,0,0,,,,,,,,,
mvt_ID0000049,None,compute,0,1694350567.0,,,1694350572.0,1694350575.0,1694350586.0,35087889.0,1694350573.0,1694350642.0,1694350631.0,1694350635.0,7081.0,1694350642.0,1694350647.0,5.0,,1.0,69.0,5.0,11.0,177143652.0,4.0,24108.0,poseidon,condorpool,poseidon-worker-1-container-44-47,mvt,/opt/mvt/mvt,,39.7,0,0,0.0,841421.0,12288.0,536.0,3.0,29.9,0.1,28047.4,1228.8
post_vel_ID0000078,None,compute,0,1694350567.0,,,1694350572.0,1694350575.0,1694350587.0,27643918.7,1694350573.0,1694350602.0,1694350593.0,1694350596.0,3968.0,1694350602.0,1694350607.0,5.0,,1.0,29.0,5.0,12.0,177143937.0,3.0,12264.0,poseidon,condorpool,poseidon-worker-1-container-36-39,post_vel,/opt/netcdf2png/merged_netcdf2png,,0.1,0,0,,,,,,,,,
post_vel_ID0000048,None,compute,0,1694350567.0,,,1694350572.0,1694350575.0,1694350587.0,29195645.0,1694350574.0,1694350602.0,1694350593.0,1694350596.0,3389.0,1694350602.0,1694350607.0,5.0,,2.0,28.0,5.0,12.0,177143937.0,3.0,10371.0,poseidon,condorpool,poseidon-worker-2-container-0-3,post_vel,/opt/netcdf2png/merged_netcdf2png,,0.1,0,0,,,,,,,,,
mvt_ID0000064,None,compute,0,1694350567.0,,,1694350572.0,1694350575.0,1694350587.0,28756659.8,1694350574.0,1694350642.0,1694350632.0,1694350636.0,9876.0,1694350642.0,1694350647.0,5.0,,2.0,68.0,5.0,12.0,177143652.0,4.0,31148.0,poseidon,condorpool,poseidon-worker-1-container-4-7,mvt,/opt/mvt/mvt,,40.1,0,0,0.0,795592.0,16384.0,443.0,4.0,39.8,0.2,19889.8,819.2
mvt_ID0000044,None,compute,0,1694350567.0,,,1694350572.0,1694350576.0,1694350587.0,34920339.8,1694350574.0,1694350642.0,1694350632.0,1694350635.0,9046.0,1694350642.0,1694350647.0,5.0,,2.0,68.0,5.0,11.0,177143652.0,3.0,28113.0,poseidon,condorpool,poseidon-worker-2-container-12-15,mvt,/opt/mvt/mvt,,40.0,0,0,0.0,791894.0,12288.0,428.0,3.0,29.9,0.1,26396.5,1228.8
post_vel_ID0000043,None,compute,0,1694350567.0,,,1694350572.0,1694350575.0,1694350587.0,26824526.8,1694350574.0,1694350602.0,1694350592.0,1694350596.0,3621.0,1694350602.0,1694350607.0,5.0,,2.0,28.0,5.0,12.0,177143937.0,4.0,11050.0,poseidon,condorpool,poseidon-worker-2-container-28-31,post_vel,/opt/netcdf2png/merged_netcdf2png,,0.1,0,0,,,,,,,,,
post_vel_ID0000063,None,compute,0,1694350567.0,,,1694350572.0,1694350575.0,1694350588.0,26753227.7,1694350574.0,1694350602.0,1694350593.0,1694350596.0,3768.0,1694350602.0,1694350607.0,5.0,,2.0,28.0,5.0,13.0,177143937.0,3.0,11628.0,poseidon,condorpool,poseidon-worker-2-container-8-11,post_vel,/opt/netcdf2png/merged_netcdf2png,,0.1,0,0,,,,,,,,,
mvt_ID0000124,None,compute,0,1694350572.0,,,1694350577.0,1694350580.0,1694350591.0,35120371.2,1694350578.0,1694350647.0,1694350637.0,1694350640.0,22917.0,1694350647.0,1694350652.0,5.0,,1.0,69.0,5.0,11.0,177143652.0,3.0,70564.0,poseidon,condorpool,poseidon-worker-2-container-24-27,mvt,/opt/mvt/mvt,,40.7,0,0,0.0,792931.0,40960.0,437.0,10.0,39.9,0.1,19823.3,4096.0
post_vel_ID0000058,None,compute,0,1694350572.0,,,1694350577.0,1694350580.0,1694350591.0,35372064.6,1694350578.0,1694350607.0,1694350596.0,1694350600.0,3311.0,1694350607.0,1694350612.0,5.0,,1.0,29.0,5.0,11.0,177143937.0,4.0,10981.0,poseidon,condorpool,poseidon-worker-1-container-44-47,post_vel,/opt/netcdf2png/merged_netcdf2png,,0.1,0,0,,,,,,,,,
mvt_ID0000074,None,compute,0,1694350572.0,,,1694350577.0,1694350580.0,1694350591.0,34034539.2,1694350578.0,1694350647.0,1694350636.0,1694350639.0,12741.0,1694350647.0,1694350652.0,5.0,,1.0,69.0,5.0,11.0,177143652.0,3.0,38855.0,poseidon,condorpool,poseidon-worker-1-container-40-43,mvt,/opt/mvt/mvt,,39.9,0,0,0.0,829000.0,20480.0,509.0,5.0,29.9,0.1,27633.3,1024.0
post_vel_ID0000073,None,compute,0,1694350572.0,,,1694350577.0,1694350580.0,1694350591.0,35070447.2,1694350578.0,1694350607.0,1694350596.0,1694350599.0,3796.0,1694350607.0,1694350612.0,5.0,,1.0,29.0,5.0,11.0,177143937.0,3.0,11825.0,poseidon,condorpool,poseidon-worker-2-container-44-47,post_vel,/opt/netcdf2png/merged_netcdf2png,,0.1,0,0,,,,,,,,,
mvt_ID0000119,None,compute,0,1694350572.0,,,1694350577.0,1694350581.0,1694350592.0,33142478.0,1694350579.0,1694350647.0,1694350637.0,1694350640.0,21351.0,1694350647.0,1694350652.0,5.0,,2.0,68.0,5.0,11.0,177143652.0,3.0,65525.0,poseidon,condorpool,poseidon-worker-1-container-32-35,mvt,/opt/mvt/mvt,,39.9,0,0,0.0,795622.0,36864.0,443.0,9.0,39.8,0.1,19890.5,3686.4
post_vel_ID0000118,None,compute,0,1694350572.0,,,1694350577.0,1694350580.0,1694350591.0,35110959.0,1694350578.0,1694350607.0,1694350596.0,1694350600.0,4344.0,1694350607.0,1694350612.0,5.0,,1.0,29.0,5.0,11.0,177143937.0,4.0,14402.0,poseidon,condorpool,poseidon-worker-1-container-28-31,post_vel,/opt/netcdf2png/merged_netcdf2png,,0.1,0,0,,,,,,,,,
mvt_ID0000059,None,compute,0,1694350572.0,,,1694350577.0,1694350580.0,1694350591.0,33777679.4,1694350578.0,1694350647.0,1694350636.0,1694350640.0,9216.0,1694350647.0,1694350652.0,5.0,,1.0,69.0,5.0,11.0,177143652.0,4.0,28164.0,poseidon,condorpool,poseidon-worker-1-container-20-23,mvt,/opt/mvt/mvt,,40.3,0,0,0.0,794301.0,12288.0,440.0,3.0,39.6,0.4,19857.5,1228.8
post_vel_ID0000123,None,compute,0,1694350572.0,,,1694350577.0,1694350582.0,1694350592.0,35078182.2,1694350580.0,1694350607.0,1694350598.0,1694350601.0,4804.0,1694350607.0,1694350612.0,5.0,,3.0,27.0,5.0,10.0,177143937.0,3.0,14777.0,poseidon,condorpool,poseidon-worker-2-container-36-39,post_vel,/opt/netcdf2png/merged_netcdf2png,,0.1,0,0,,,,,,,,,
mvt_ID0000029,None,compute,0,1694350577.0,,,1694350582.0,1694350585.0,1694350596.0,33938015.8,1694350583.0,1694350652.0,1694350641.0,1694350644.0,12544.0,1694350652.0,1694350657.0,5.0,,1.0,69.0,5.0,11.0,177143652.0,3.0,38341.0,poseidon,condorpool,poseidon-worker-2-container-32-35,mvt,/opt/mvt/mvt,,39.8,0,0,0.0,802849.0,20480.0,452.0,5.0,29.9,0.1,26761.6,1024.0
post_vel_ID0000108,None,compute,0,1694350577.0,,,1694350582.0,1694350602.0,1694350613.0,34580753.0,1694350600.0,1694350627.0,1694350618.0,1694350622.0,4501.0,1694350627.0,1694350632.0,5.0,,18.0,27.0,5.0,11.0,177143937.0,4.0,13907.0,poseidon,condorpool,poseidon-worker-1-container-32-35,post_vel,/opt/netcdf2png/merged_netcdf2png,,0.1,0,0,,,,,,,,,
mvt_ID0000129,None,compute,0,1694350577.0,,,1694350582.0,1694350600.0,1694350612.0,26931605.0,1694350598.0,1694350668.0,1694350658.0,1694350661.0,20659.0,1694350668.0,1694350673.0,5.0,,16.0,70.0,5.0,12.0,177143652.0,3.0,64489.0,poseidon,condorpool,poseidon-worker-1-container-44-47,mvt,/opt/mvt/mvt,,39.8,0,0,0.0,856227.0,36864.0,575.0,9.0,39.7,0.1,21405.7,3686.4
post_vel_ID0000028,None,compute,0,1694350577.0,,,1694350582.0,1694350585.0,1694350597.0,27802514.8,1694350583.0,1694350612.0,1694350602.0,1694350605.0,3722.0,1694350612.0,1694350617.0,5.0,,1.0,29.0,5.0,12.0,177143937.0,3.0,11529.0,poseidon,condorpool,poseidon-worker-2-container-40-43,post_vel,/opt/netcdf2png/merged_netcdf2png,,0.1,0,0,,,,,,,,,
mvt_ID0000104,None,compute,0,1694350577.0,,,1694350582.0,1694350602.0,1694350613.0,29718214.5,1694350600.0,1694350668.0,1694350658.0,1694350661.0,19207.0,1694350668.0,1694350673.0,5.0,,18.0,68.0,5.0,11.0,177143652.0,3.0,59590.0,poseidon,condorpool,poseidon-worker-2-container-36-39,mvt,/opt/mvt/mvt,,39.9,0,0,0.0,791979.0,32768.0,428.0,8.0,29.9,0.1,26399.3,3276.8
register_condorpool_0_0,None,auxiliary,0,1694350577.0,,,1694350582.0,,,0.0,1694350583.0,1694350587.0,,,0.0,1694350587.0,1694350592.0,5.0,,1.0,4.0,5.0,,,,,poseidon,local,poseidon-submit,pegasus::rc-client,/mnt/poseidon-data/poseidon/pegasus-5.1.0panorama/bin/pegasus-rc-client,"-n pegasus::rc-client -N null -R local  -L casa-wind-full -T 2023-09-08T07:29:05+00:00 /home/poseidon/pegasus-5.1.0panorama/bin/pegasus-rc-client --prefix pegasus.catalog.replica.output --conf /mnt/poseidon-data/poseidon/workflows/casa-wind-workflow-full/submit/poseidon/pegasus/casa-wind-full/run0148/pegasus.8237052809110012428.properties -v --meta /mnt/poseidon-data/poseidon/workflows/casa-wind-workflow-full/submit/poseidon/pegasus/casa-wind-full/run0148/00/00/unzip_ID0000026.meta,/mnt/poseidon-data/poseidon/workflows/casa-wind-workflow-full/submit/poseidon/pegasus/casa-wind-full/run0148/00/00/unzip_ID0000061.meta,/mnt/poseidon-data/poseidon/workflows/casa-wind-workflow-full/submit/poseidon/pegasus/casa-wind-full/run0148/00/00/unzip_ID0000071.meta,/mnt/poseidon-data/poseidon/workflows/casa-wind-workflow-full/submit/poseidon/pegasus/casa-wind-full/run0148/00/00/unzip_ID0000041.meta,/mnt/poseidon-data/poseidon/workflows/casa-wind-workflow-full/submit/poseidon/pegasus/casa-wind-full/run0148/00/00/unzip_ID0000016.meta,/mnt/poseidon-data/poseidon/workflows/casa-wind-workflow-full/submit/poseidon/pegasus/casa-wind-full/run0148/00/00/unzip_ID0000111.meta,/mnt/poseidon-data/poseidon/workflows/casa-wind-workflow-full/submit/poseidon/pegasus/casa-wind-full/run0148/00/00/unzip_ID0000011.meta,/mnt/poseidon-data/poseidon/workflows/casa-wind-workflow-full/submit/poseidon/pegasus/casa-wind-full/run0148/00/00/unzip_ID0000081.meta,/mnt/poseidon-data/poseidon/workflows/casa-wind-workflow-full/submit/poseidon/pegasus/casa-wind-full/run0148/00/00/unzip_ID0000066.meta,/mnt/poseidon-data/poseidon/workflows/casa-wind-workflow-full/submit/poseidon/pegasus/casa-wind-full/run0148/00/00/unzip_ID0000096.meta,/mnt/poseidon-data/poseidon/workflows/casa-wind-workflow-full/submit/poseidon/pegasus/casa-wind-full/run0148/00/00/unzip_ID0000051.meta,/mnt/poseidon-data/poseidon/workflows/casa-wind-workflow-full/submit/poseidon/pegasus/casa-wind-full/run0148/00/00/unzip_ID0000031.meta,/mnt/poseidon-data/poseidon/workflows/casa-wind-workflow-full/submit/poseidon/pegasus/casa-wind-full/run0148/00/00/unzip_ID0000116.meta,/mnt/poseidon-data/poseidon/workflows/casa-wind-workflow-full/submit/poseidon/pegasus/casa-wind-full/run0148/00/00/unzip_ID0000101.meta,/mnt/poseidon-data/poseidon/workflows/casa-wind-workflow-full/submit/poseidon/pegasus/casa-wind-full/run0148/00/00/unzip_ID0000121.meta,/mnt/poseidon-data/poseidon/workflows/casa-wind-workflow-full/submit/poseidon/pegasus/casa-wind-full/run0148/00/00/unzip_ID0000106.meta,/mnt/poseidon-data/poseidon/workflows/casa-wind-workflow-full/submit/poseidon/pegasus/casa-wind-full/run0148/00/00/unzip_ID0000046.meta,/mnt/poseidon-data/poseidon/workflows/casa-wind-workflow-full/submit/poseidon/pegasus/casa-wind-full/run0148/00/00/unzip_ID0000076.meta,/mnt/poseidon-data/poseidon/workflows/casa-wind-workflow-full/submit/poseidon/pegasus/casa-wind-full/run0148/00/00/unzip_ID0000056.meta,/mnt/poseidon-data/poseidon/workflows/casa-wind-workflow-full/submit/poseidon/pegasus/casa-wind-full/run0148/00/00/unzip_ID0000021.meta,/mnt/poseidon-data/poseidon/workflows/casa-wind-workflow-full/submit/poseidon/pegasus/casa-wind-full/run0148/00/00/unzip_ID0000086.meta,/mnt/poseidon-data/poseidon/workflows/casa-wind-workflow-full/submit/poseidon/pegasus/casa-wind-full/run0148/00/00/unzip_ID0000126.meta,/mnt/poseidon-data/poseidon/workflows/casa-wind-workflow-full/submit/poseidon/pegasus/casa-wind-full/run0148/00/00/unzip_ID0000006.meta,/mnt/poseidon-data/poseidon/workflows/casa-wind-workflow-full/submit/poseidon/pegasus/casa-wind-full/run0148/00/00/unzip_ID0000036.meta,/mnt/poseidon-data/poseidon/workflows/casa-wind-workflow-full/submit/poseidon/pegasus/casa-wind-full/run0148/00/00/unzip_ID0000001.meta,/mnt/poseidon-data/poseidon/workflows/casa-wind-workflow-full/submit/poseidon/pegasus/casa-wind-full/run0148/00/00/unzip_ID0000091.meta --insert /mnt/poseidon-data/poseidon/workflows/casa-wind-workflow-full/submit/poseidon/pegasus/casa-wind-full/run0148/00/00/register_condorpool_0_0.in",3.1,0,0,,,,,,,,,
register_condorpool_0_1,None,auxiliary,0,1694350577.0,,,1694350632.0,,,0.0,1694350633.0,1694350637.0,,,0.0,1694350637.0,1694350642.0,55.0,,1.0,4.0,5.0,,,,,poseidon,local,poseidon-submit,pegasus::rc-client,/mnt/poseidon-data/poseidon/pegasus-5.1.0panorama/bin/pegasus-rc-client,"-n pegasus::rc-client -N null -R local  -L casa-wind-full -T 2023-09-08T07:29:05+00:00 /home/poseidon/pegasus-5.1.0panorama/bin/pegasus-rc-client --prefix pegasus.catalog.replica.output --conf /mnt/poseidon-data/poseidon/workflows/casa-wind-workflow-full/submit/poseidon/pegasus/casa-wind-full/run0148/pegasus.8237052809110012428.properties -v --meta /mnt/poseidon-data/poseidon/workflows/casa-wind-workflow-full/submit/poseidon/pegasus/casa-wind-full/run0148/00/00/unzip_ID0000026.meta,/mnt/poseidon-data/poseidon/workflows/casa-wind-workflow-full/submit/poseidon/pegasus/casa-wind-full/run0148/00/00/unzip_ID0000061.meta,/mnt/poseidon-data/poseidon/workflows/casa-wind-workflow-full/submit/poseidon/pegasus/casa-wind-full/run0148/00/00/unzip_ID0000071.meta,/mnt/poseidon-data/poseidon/workflows/casa-wind-workflow-full/submit/poseidon/pegasus/casa-wind-full/run0148/00/00/unzip_ID0000041.meta,/mnt/poseidon-data/poseidon/workflows/casa-wind-workflow-full/submit/poseidon/pegasus/casa-wind-full/run0148/00/00/unzip_ID0000016.meta,/mnt/poseidon-data/poseidon/workflows/casa-wind-workflow-full/submit/poseidon/pegasus/casa-wind-full/run0148/00/00/unzip_ID0000111.meta,/mnt/poseidon-data/poseidon/workflows/casa-wind-workflow-full/submit/poseidon/pegasus/casa-wind-full/run0148/00/00/unzip_ID0000011.meta,/mnt/poseidon-data/poseidon/workflows/casa-wind-workflow-full/submit/poseidon/pegasus/casa-wind-full/run0148/00/00/unzip_ID0000081.meta,/mnt/poseidon-data/poseidon/workflows/casa-wind-workflow-full/submit/poseidon/pegasus/casa-wind-full/run0148/00/00/unzip_ID0000066.meta,/mnt/poseidon-data/poseidon/workflows/casa-wind-workflow-full/submit/poseidon/pegasus/casa-wind-full/run0148/00/00/unzip_ID0000096.meta,/mnt/poseidon-data/poseidon/workflows/casa-wind-workflow-full/submit/poseidon/pegasus/casa-wind-full/run0148/00/00/unzip_ID0000051.meta,/mnt/poseidon-data/poseidon/workflows/casa-wind-workflow-full/submit/poseidon/pegasus/casa-wind-full/run0148/00/00/unzip_ID0000031.meta,/mnt/poseidon-data/poseidon/workflows/casa-wind-workflow-full/submit/poseidon/pegasus/casa-wind-full/run0148/00/00/unzip_ID0000116.meta,/mnt/poseidon-data/poseidon/workflows/casa-wind-workflow-full/submit/poseidon/pegasus/casa-wind-full/run0148/00/00/unzip_ID0000101.meta,/mnt/poseidon-data/poseidon/workflows/casa-wind-workflow-full/submit/poseidon/pegasus/casa-wind-full/run0148/00/00/unzip_ID0000121.meta,/mnt/poseidon-data/poseidon/workflows/casa-wind-workflow-full/submit/poseidon/pegasus/casa-wind-full/run0148/00/00/unzip_ID0000106.meta,/mnt/poseidon-data/poseidon/workflows/casa-wind-workflow-full/submit/poseidon/pegasus/casa-wind-full/run0148/00/00/unzip_ID0000046.meta,/mnt/poseidon-data/poseidon/workflows/casa-wind-workflow-full/submit/poseidon/pegasus/casa-wind-full/run0148/00/00/unzip_ID0000076.meta,/mnt/poseidon-data/poseidon/workflows/casa-wind-workflow-full/submit/poseidon/pegasus/casa-wind-full/run0148/00/00/unzip_ID0000056.meta,/mnt/poseidon-data/poseidon/workflows/casa-wind-workflow-full/submit/poseidon/pegasus/casa-wind-full/run0148/00/00/unzip_ID0000021.meta,/mnt/poseidon-data/poseidon/workflows/casa-wind-workflow-full/submit/poseidon/pegasus/casa-wind-full/run0148/00/00/unzip_ID0000086.meta,/mnt/poseidon-data/poseidon/workflows/casa-wind-workflow-full/submit/poseidon/pegasus/casa-wind-full/run0148/00/00/unzip_ID0000126.meta,/mnt/poseidon-data/poseidon/workflows/casa-wind-workflow-full/submit/poseidon/pegasus/casa-wind-full/run0148/00/00/unzip_ID0000006.meta,/mnt/poseidon-data/poseidon/workflows/casa-wind-workflow-full/submit/poseidon/pegasus/casa-wind-full/run0148/00/00/unzip_ID0000036.meta,/mnt/poseidon-data/poseidon/workflows/casa-wind-workflow-full/submit/poseidon/pegasus/casa-wind-full/run0148/00/00/unzip_ID0000001.meta,/mnt/poseidon-data/poseidon/workflows/casa-wind-workflow-full/submit/poseidon/pegasus/casa-wind-full/run0148/00/00/unzip_ID0000091.meta --insert /mnt/poseidon-data/poseidon/workflows/casa-wind-workflow-full/submit/poseidon/pegasus/casa-wind-full/run0148/00/00/register_condorpool_0_1.in",3.1,0,0,,,,,,,,,
mvt_ID0000109,None,compute,0,1694350577.0,,,1694350582.0,1694350600.0,1694350611.0,31961529.2,1694350598.0,1694350667.0,1694350656.0,1694350659.0,19207.0,1694350667.0,1694350673.0,5.0,,16.0,69.0,6.0,11.0,177143652.0,3.0,59954.0,poseidon,condorpool,poseidon-worker-2-container-28-31,mvt,/opt/mvt/mvt,,39.8,0,0,0.0,789212.0,32768.0,422.0,8.0,29.9,0.1,26307.1,1638.4
post_vel_ID0000103,None,compute,0,1694350577.0,,,1694350582.0,1694350601.0,1694350612.0,33758701.2,1694350598.0,1694350627.0,1694350617.0,1694350620.0,4547.0,1694350627.0,1694350632.0,5.0,,16.0,29.0,5.0,11.0,177143937.0,3.0,13815.0,poseidon,condorpool,poseidon-worker-1-container-24-27,post_vel,/opt/netcdf2png/merged_netcdf2png,,0.1,0,0,,,,,,,,,
register_condorpool_0_2,None,auxiliary,0,1694350577.0,,,1694350592.0,,,0.0,1694350592.0,1694350597.0,,,0.0,1694350597.0,1694350602.0,15.0,,0.0,5.0,5.0,,,,,poseidon,local,poseidon-submit,pegasus::rc-client,/mnt/poseidon-data/poseidon/pegasus-5.1.0panorama/bin/pegasus-rc-client,"-n pegasus::rc-client -N null -R local  -L casa-wind-full -T 2023-09-08T07:29:05+00:00 /home/poseidon/pegasus-5.1.0panorama/bin/pegasus-rc-client --prefix pegasus.catalog.replica.output --conf /mnt/poseidon-data/poseidon/workflows/casa-wind-workflow-full/submit/poseidon/pegasus/casa-wind-full/run0148/pegasus.8237052809110012428.properties -v --meta /mnt/poseidon-data/poseidon/workflows/casa-wind-workflow-full/submit/poseidon/pegasus/casa-wind-full/run0148/00/00/unzip_ID0000026.meta,/mnt/poseidon-data/poseidon/workflows/casa-wind-workflow-full/submit/poseidon/pegasus/casa-wind-full/run0148/00/00/unzip_ID0000061.meta,/mnt/poseidon-data/poseidon/workflows/casa-wind-workflow-full/submit/poseidon/pegasus/casa-wind-full/run0148/00/00/unzip_ID0000071.meta,/mnt/poseidon-data/poseidon/workflows/casa-wind-workflow-full/submit/poseidon/pegasus/casa-wind-full/run0148/00/00/unzip_ID0000041.meta,/mnt/poseidon-data/poseidon/workflows/casa-wind-workflow-full/submit/poseidon/pegasus/casa-wind-full/run0148/00/00/unzip_ID0000016.meta,/mnt/poseidon-data/poseidon/workflows/casa-wind-workflow-full/submit/poseidon/pegasus/casa-wind-full/run0148/00/00/unzip_ID0000111.meta,/mnt/poseidon-data/poseidon/workflows/casa-wind-workflow-full/submit/poseidon/pegasus/casa-wind-full/run0148/00/00/unzip_ID0000011.meta,/mnt/poseidon-data/poseidon/workflows/casa-wind-workflow-full/submit/poseidon/pegasus/casa-wind-full/run0148/00/00/unzip_ID0000081.meta,/mnt/poseidon-data/poseidon/workflows/casa-wind-workflow-full/submit/poseidon/pegasus/casa-wind-full/run0148/00/00/unzip_ID0000066.meta,/mnt/poseidon-data/poseidon/workflows/casa-wind-workflow-full/submit/poseidon/pegasus/casa-wind-full/run0148/00/00/unzip_ID0000096.meta,/mnt/poseidon-data/poseidon/workflows/casa-wind-workflow-full/submit/poseidon/pegasus/casa-wind-full/run0148/00/00/unzip_ID0000051.meta,/mnt/poseidon-data/poseidon/workflows/casa-wind-workflow-full/submit/poseidon/pegasus/casa-wind-full/run0148/00/00/unzip_ID0000031.meta,/mnt/poseidon-data/poseidon/workflows/casa-wind-workflow-full/submit/poseidon/pegasus/casa-wind-full/run0148/00/00/unzip_ID0000116.meta,/mnt/poseidon-data/poseidon/workflows/casa-wind-workflow-full/submit/poseidon/pegasus/casa-wind-full/run0148/00/00/unzip_ID0000101.meta,/mnt/poseidon-data/poseidon/workflows/casa-wind-workflow-full/submit/poseidon/pegasus/casa-wind-full/run0148/00/00/unzip_ID0000121.meta,/mnt/poseidon-data/poseidon/workflows/casa-wind-workflow-full/submit/poseidon/pegasus/casa-wind-full/run0148/00/00/unzip_ID0000106.meta,/mnt/poseidon-data/poseidon/workflows/casa-wind-workflow-full/submit/poseidon/pegasus/casa-wind-full/run0148/00/00/unzip_ID0000046.meta,/mnt/poseidon-data/poseidon/workflows/casa-wind-workflow-full/submit/poseidon/pegasus/casa-wind-full/run0148/00/00/unzip_ID0000076.meta,/mnt/poseidon-data/poseidon/workflows/casa-wind-workflow-full/submit/poseidon/pegasus/casa-wind-full/run0148/00/00/unzip_ID0000056.meta,/mnt/poseidon-data/poseidon/workflows/casa-wind-workflow-full/submit/poseidon/pegasus/casa-wind-full/run0148/00/00/unzip_ID0000021.meta,/mnt/poseidon-data/poseidon/workflows/casa-wind-workflow-full/submit/poseidon/pegasus/casa-wind-full/run0148/00/00/unzip_ID0000086.meta,/mnt/poseidon-data/poseidon/workflows/casa-wind-workflow-full/submit/poseidon/pegasus/casa-wind-full/run0148/00/00/unzip_ID0000126.meta,/mnt/poseidon-data/poseidon/workflows/casa-wind-workflow-full/submit/poseidon/pegasus/casa-wind-full/run0148/00/00/unzip_ID0000006.meta,/mnt/poseidon-data/poseidon/workflows/casa-wind-workflow-full/submit/poseidon/pegasus/casa-wind-full/run0148/00/00/unzip_ID0000036.meta,/mnt/poseidon-data/poseidon/workflows/casa-wind-workflow-full/submit/poseidon/pegasus/casa-wind-full/run0148/00/00/unzip_ID0000001.meta,/mnt/poseidon-data/poseidon/workflows/casa-wind-workflow-full/submit/poseidon/pegasus/casa-wind-full/run0148/00/00/unzip_ID0000091.meta --insert /mnt/poseidon-data/poseidon/workflows/casa-wind-workflow-full/submit/poseidon/pegasus/casa-wind-full/run0148/00/00/register_condorpool_0_2.in",3.1,0,0,,,,,,,,,
stage_out_local_condorpool_1_0,None,transfer,0,1694350577.0,,,1694350582.0,,,0.0,1694350583.0,1694350592.0,,,0.0,1694350592.0,1694350597.0,5.0,,1.0,9.0,5.0,,,,,poseidon,local,poseidon-submit,pegasus::transfer,/mnt/poseidon-data/poseidon/pegasus-5.1.0panorama/bin/pegasus-transfer,/home/poseidon/pegasus-5.1.0panorama/bin/../bin/pegasus-kickstart  -n pegasus::transfer -N null -i - -R local  -L casa-wind-full -T 2023-09-08T07:29:05+00:00 /home/poseidon/pegasus-5.1.0panorama/bin/../bin/pegasus-transfer  --threads 2,0.9,0,0,,,,,,,,,
post_vel_ID0000128,None,compute,0,1694350577.0,,,1694350582.0,1694350600.0,1694350611.0,29583249.0,1694350598.0,1694350627.0,1694350616.0,1694350620.0,4655.0,1694350627.0,1694350632.0,5.0,,16.0,29.0,5.0,11.0,177143937.0,4.0,14512.0,poseidon,condorpool,poseidon-worker-1-container-40-43,post_vel,/opt/netcdf2png/merged_netcdf2png,,0.1,0,0,,,,,,,,,
mvt_ID0000099,None,compute,0,1694350577.0,,,1694350582.0,1694350600.0,1694350612.0,27550680.3,1694350598.0,1694350668.0,1694350657.0,1694350660.0,16272.0,1694350668.0,1694350673.0,5.0,,16.0,70.0,5.0,12.0,177143652.0,3.0,50118.0,poseidon,condorpool,poseidon-worker-1-container-12-15,mvt,/opt/mvt/mvt,,39.8,0,0,0.0,819371.0,28672.0,488.0,7.0,29.9,0.1,27312.4,1433.6
mvt_ID0000054,None,compute,0,1694350577.0,,,1694350582.0,1694350600.0,1694350611.0,34294482.6,1694350598.0,1694350667.0,1694350655.0,1694350658.0,9259.0,1694350667.0,1694350673.0,5.0,,16.0,69.0,6.0,11.0,177143652.0,3.0,28552.0,poseidon,condorpool,poseidon-worker-2-container-44-47,mvt,/opt/mvt/mvt,,38.6,0,0,0.0,789218.0,12288.0,422.0,3.0,29.9,0.1,26307.3,1228.8
post_vel_ID0000098,None,compute,0,1694350577.0,,,1694350582.0,1694350599.0,1694350611.0,27880012.6,1694350598.0,1694350627.0,1694350617.0,1694350620.0,4324.0,1694350627.0,1694350632.0,5.0,,16.0,29.0,5.0,12.0,177143937.0,3.0,13355.0,poseidon,condorpool,poseidon-worker-2-container-0-3,post_vel,/opt/netcdf2png/merged_netcdf2png,,0.1,0,0,,,,,,,,,
post_vel_ID0000053,None,compute,0,1694350577.0,,,1694350582.0,1694350601.0,1694350611.0,29649062.0,1694350599.0,1694350627.0,1694350617.0,1694350620.0,3556.0,1694350627.0,1694350632.0,5.0,,17.0,28.0,5.0,10.0,177143937.0,3.0,11004.0,poseidon,condorpool,poseidon-worker-1-container-28-31,post_vel,/opt/netcdf2png/merged_netcdf2png,,0.1,0,0,,,,,,,,,
mvt_ID0000094,None,compute,0,1694350577.0,,,1694350582.0,1694350598.0,1694350609.0,32935169.0,1694350596.0,1694350667.0,1694350654.0,1694350658.0,16551.0,1694350667.0,1694350673.0,5.0,,14.0,71.0,6.0,11.0,177143652.0,4.0,52407.0,poseidon,condorpool,poseidon-worker-1-container-44-47,mvt,/opt/mvt/mvt,,39.8,0,0,0.0,846933.0,28672.0,548.0,7.0,29.9,0.1,28231.1,1433.6
post_vel_ID0000093,None,compute,0,1694350577.0,,,1694350582.0,1694350585.0,1694350596.0,34951637.4,1694350583.0,1694350612.0,1694350602.0,1694350605.0,4320.0,1694350612.0,1694350617.0,5.0,,1.0,29.0,5.0,11.0,177143937.0,3.0,13303.0,poseidon,condorpool,poseidon-worker-1-container-8-11,post_vel,/opt/netcdf2png/merged_netcdf2png,,0.1,0,0,,,,,,,,,
post_vel_ID0000018,None,compute,0,1694350577.0,,,1694350582.0,1694350600.0,1694350615.0,18908836.8,1694350598.0,1694350632.0,1694350620.0,1694350623.0,3790.0,1694350632.0,1694350637.0,5.0,,16.0,34.0,5.0,15.0,177143937.0,3.0,11645.0,poseidon,condorpool,poseidon-worker-2-container-32-35,post_vel,/opt/netcdf2png/merged_netcdf2png,,0.1,0,0,,,,,,,,,
mvt_ID0000019,None,compute,0,1694350577.0,,,1694350582.0,1694350600.0,1694350613.0,23631899.3,1694350598.0,1694350668.0,1694350658.0,1694350661.0,11644.0,1694350668.0,1694350673.0,5.0,,16.0,70.0,5.0,13.0,177143652.0,3.0,36245.0,poseidon,condorpool,poseidon-worker-2-container-40-43,mvt,/opt/mvt/mvt,,39.9,0,0,0.0,790592.0,20480.0,425.0,5.0,29.9,0.1,26353.1,1024.0
mvt_ID0000024,None,compute,0,1694350577.0,,,1694350582.0,1694350600.0,1694350612.0,28480200.8,1694350598.0,1694350667.0,1694350656.0,1694350660.0,9852.0,1694350667.0,1694350673.0,5.0,,16.0,69.0,6.0,12.0,177143652.0,4.0,30705.0,poseidon,condorpool,poseidon-worker-1-container-20-23,mvt,/opt/mvt/mvt,,39.4,0,0,0.0,820751.0,16384.0,491.0,4.0,29.9,0.1,27358.4,819.2
post_vel_ID0000023,None,compute,0,1694350577.0,,,1694350582.0,1694350600.0,1694350611.0,34060512.2,1694350598.0,1694350627.0,1694350617.0,1694350620.0,3688.0,1694350627.0,1694350632.0,5.0,,16.0,29.0,5.0,11.0,177143937.0,3.0,11372.0,poseidon,condorpool,poseidon-worker-1-container-36-39,post_vel,/opt/netcdf2png/merged_netcdf2png,,0.1,0,0,,,,,,,,,
mvt_ID0000069,None,compute,0,1694350577.0,,,1694350582.0,1694350600.0,1694350611.0,33441797.2,1694350598.0,1694350667.0,1694350657.0,1694350660.0,11341.0,1694350667.0,1694350673.0,5.0,,16.0,69.0,6.0,11.0,177143652.0,3.0,35309.0,poseidon,condorpool,poseidon-worker-1-container-0-3,mvt,/opt/mvt/mvt,,39.8,0,0,0.0,801457.0,16384.0,449.0,4.0,29.9,0.1,26715.2,819.2
post_vel_ID0000068,None,compute,0,1694350577.0,,,1694350582.0,1694350600.0,1694350611.0,32858799.2,1694350598.0,1694350627.0,1694350616.0,1694350619.0,3737.0,1694350627.0,1694350632.0,5.0,,16.0,29.0,5.0,11.0,177143937.0,3.0,11398.0,poseidon,condorpool,poseidon-worker-2-container-24-27,post_vel,/opt/netcdf2png/merged_netcdf2png,,0.1,0,0,,,,,,,,,
mvt_ID0000009,None,compute,0,1694350582.0,,,1694350587.0,1694350600.0,1694350616.0,16797098.8,1694350598.0,1694350673.0,1694350661.0,1694350664.0,11573.0,1694350673.0,1694350678.0,5.0,,11.0,75.0,5.0,16.0,177143652.0,3.0,35429.0,poseidon,condorpool,poseidon-worker-2-container-16-19,mvt,/opt/mvt/mvt,,39.9,0,0,0.0,791782.0,20480.0,428.0,5.0,29.9,0.1,26392.7,1024.0
stage_out_local_condorpool_1_1,None,transfer,0,1694350582.0,,,1694350587.0,,,0.0,1694350588.0,1694350597.0,,,0.0,1694350597.0,1694350602.0,5.0,,1.0,9.0,5.0,,,,,poseidon,local,poseidon-submit,pegasus::transfer,/mnt/poseidon-data/poseidon/pegasus-5.1.0panorama/bin/pegasus-transfer,/home/poseidon/pegasus-5.1.0panorama/bin/../bin/pegasus-kickstart  -n pegasus::transfer -N null -i - -R local  -L casa-wind-full -T 2023-09-08T07:29:05+00:00 /home/poseidon/pegasus-5.1.0panorama/bin/../bin/pegasus-transfer  --threads 2,0.9,0,0,,,,,,,,,
post_vel_ID0000083,None,compute,0,1694350582.0,,,1694350587.0,1694350600.0,1694350611.0,29680123.5,1694350598.0,1694350627.0,1694350616.0,1694350619.0,4096.0,1694350627.0,1694350632.0,5.0,,11.0,29.0,5.0,11.0,177143937.0,3.0,12720.0,poseidon,condorpool,poseidon-worker-2-container-20-23,post_vel,/opt/netcdf2png/merged_netcdf2png,,0.1,0,0,,,,,,,,,
mvt_ID0000084,None,compute,0,1694350582.0,,,1694350587.0,1694350600.0,1694350611.0,34548347.8,1694350599.0,1694350667.0,1694350656.0,1694350659.0,15322.0,1694350667.0,1694350673.0,5.0,,12.0,68.0,6.0,11.0,177143652.0,3.0,47998.0,poseidon,condorpool,poseidon-worker-2-container-8-11,mvt,/opt/mvt/mvt,,39.8,0,0,0.0,789175.0,24576.0,422.0,6.0,29.9,0.1,26305.8,1228.8
post_vel_ID0000008,None,compute,0,1694350582.0,,,1694350587.0,1694350602.0,1694350613.0,28456213.4,1694350600.0,1694350632.0,1694350619.0,1694350622.0,3542.0,1694350632.0,1694350637.0,5.0,,13.0,32.0,5.0,11.0,177143937.0,3.0,10982.0,poseidon,condorpool,poseidon-worker-2-container-4-7,post_vel,/opt/netcdf2png/merged_netcdf2png,,0.1,0,0,,,,,,,,,
mvt_ID0000039,None,compute,0,1694350582.0,,,1694350587.0,1694350600.0,1694350611.0,33130743.4,1694350598.0,1694350667.0,1694350655.0,1694350659.0,11005.0,1694350667.0,1694350673.0,5.0,,11.0,69.0,6.0,11.0,177143652.0,4.0,34386.0,poseidon,condorpool,poseidon-worker-1-container-16-19,mvt,/opt/mvt/mvt,,39.6,0,0,0.0,822131.0,16384.0,494.0,4.0,29.9,0.1,27404.4,819.2
post_vel_ID0000038,None,compute,0,1694350582.0,,,1694350587.0,1694350599.0,1694350610.0,34254921.6,1694350598.0,1694350627.0,1694350616.0,1694350619.0,3528.0,1694350627.0,1694350632.0,5.0,,11.0,29.0,5.0,11.0,177143937.0,3.0,11227.0,poseidon,condorpool,poseidon-worker-2-container-12-15,post_vel,/opt/netcdf2png/merged_netcdf2png,,0.1,0,0,,,,,,,,,
mvt_ID0000034,None,compute,0,1694350582.0,,,1694350587.0,1694350600.0,1694350611.0,32898834.2,1694350598.0,1694350667.0,1694350656.0,1694350659.0,9977.0,1694350667.0,1694350673.0,5.0,,11.0,69.0,6.0,11.0,177143652.0,3.0,30976.0,poseidon,condorpool,poseidon-worker-1-container-4-7,mvt,/opt/mvt/mvt,,39.5,0,0,0.0,823384.0,16384.0,497.0,4.0,29.9,0.1,27446.1,819.2
post_vel_ID0000033,None,compute,0,1694350582.0,,,1694350587.0,1694350601.0,1694350613.0,29061718.6,1694350600.0,1694350632.0,1694350618.0,1694350622.0,3686.0,1694350632.0,1694350637.0,5.0,,13.0,32.0,5.0,12.0,177143937.0,4.0,11464.0,poseidon,condorpool,poseidon-worker-1-container-8-11,post_vel,/opt/netcdf2png/merged_netcdf2png,,0.1,0,0,,,,,,,,,
register_condorpool_1_0,None,auxiliary,0,1694350597.0,,,1694350602.0,,,0.0,1694350605.0,1694350607.0,,,0.0,1694350607.0,1694350612.0,5.0,,3.0,2.0,5.0,,,,,poseidon,local,poseidon-submit,pegasus::rc-client,/mnt/poseidon-data/poseidon/pegasus-5.1.0panorama/bin/pegasus-rc-client,"-n pegasus::rc-client -N null -R local  -L casa-wind-full -T 2023-09-08T07:29:05+00:00 /home/poseidon/pegasus-5.1.0panorama/bin/pegasus-rc-client --prefix pegasus.catalog.replica.output --conf /mnt/poseidon-data/poseidon/workflows/casa-wind-workflow-full/submit/poseidon/pegasus/casa-wind-full/run0148/pegasus.8237052809110012428.properties -v --meta /mnt/poseidon-data/poseidon/workflows/casa-wind-workflow-full/submit/poseidon/pegasus/casa-wind-full/run0148/00/01/um_vel_ID0000067.meta,/mnt/poseidon-data/poseidon/workflows/casa-wind-workflow-full/submit/poseidon/pegasus/casa-wind-full/run0148/00/00/um_vel_ID0000127.meta,/mnt/poseidon-data/poseidon/workflows/casa-wind-workflow-full/submit/poseidon/pegasus/casa-wind-full/run0148/00/00/um_vel_ID0000122.meta,/mnt/poseidon-data/poseidon/workflows/casa-wind-workflow-full/submit/poseidon/pegasus/casa-wind-full/run0148/00/00/um_vel_ID0000092.meta,/mnt/poseidon-data/poseidon/workflows/casa-wind-workflow-full/submit/poseidon/pegasus/casa-wind-full/run0148/00/01/um_vel_ID0000077.meta,/mnt/poseidon-data/poseidon/workflows/casa-wind-workflow-full/submit/poseidon/pegasus/casa-wind-full/run0148/00/01/um_vel_ID0000057.meta,/mnt/poseidon-data/poseidon/workflows/casa-wind-workflow-full/submit/poseidon/pegasus/casa-wind-full/run0148/00/00/um_vel_ID0000027.meta,/mnt/poseidon-data/poseidon/workflows/casa-wind-workflow-full/submit/poseidon/pegasus/casa-wind-full/run0148/00/01/um_vel_ID0000042.meta,/mnt/poseidon-data/poseidon/workflows/casa-wind-workflow-full/submit/poseidon/pegasus/casa-wind-full/run0148/00/00/um_vel_ID0000022.meta --insert /mnt/poseidon-data/poseidon/workflows/casa-wind-workflow-full/submit/poseidon/pegasus/casa-wind-full/run0148/00/01/register_condorpool_1_0.in",2.7,0,0,,,,,,,,,
stage_out_local_condorpool_1_2,None,transfer,0,1694350602.0,,,1694350607.0,,,0.0,1694350608.0,1694350612.0,,,0.0,1694350612.0,1694350617.0,5.0,,1.0,4.0,5.0,,,,,poseidon,local,poseidon-submit,pegasus::transfer,/mnt/poseidon-data/poseidon/pegasus-5.1.0panorama/bin/pegasus-transfer,/home/poseidon/pegasus-5.1.0panorama/bin/../bin/pegasus-kickstart  -n pegasus::transfer -N null -i - -R local  -L casa-wind-full -T 2023-09-08T07:29:05+00:00 /home/poseidon/pegasus-5.1.0panorama/bin/../bin/pegasus-transfer  --threads 2,0.9,0,0,,,,,,,,,
register_condorpool_1_1,None,auxiliary,0,1694350602.0,,,1694350612.0,,,0.0,1694350613.0,1694350617.0,,,0.0,1694350617.0,1694350622.0,10.0,,1.0,4.0,5.0,,,,,poseidon,local,poseidon-submit,pegasus::rc-client,/mnt/poseidon-data/poseidon/pegasus-5.1.0panorama/bin/pegasus-rc-client,"-n pegasus::rc-client -N null -R local  -L casa-wind-full -T 2023-09-08T07:29:05+00:00 /home/poseidon/pegasus-5.1.0panorama/bin/pegasus-rc-client --prefix pegasus.catalog.replica.output --conf /mnt/poseidon-data/poseidon/workflows/casa-wind-workflow-full/submit/poseidon/pegasus/casa-wind-full/run0148/pegasus.8237052809110012428.properties -v --meta /mnt/poseidon-data/poseidon/workflows/casa-wind-workflow-full/submit/poseidon/pegasus/casa-wind-full/run0148/00/00/um_vel_ID0000017.meta,/mnt/poseidon-data/poseidon/workflows/casa-wind-workflow-full/submit/poseidon/pegasus/casa-wind-full/run0148/00/01/um_vel_ID0000037.meta,/mnt/poseidon-data/poseidon/workflows/casa-wind-workflow-full/submit/poseidon/pegasus/casa-wind-full/run0148/00/00/um_vel_ID0000082.meta,/mnt/poseidon-data/poseidon/workflows/casa-wind-workflow-full/submit/poseidon/pegasus/casa-wind-full/run0148/00/00/um_vel_ID0000097.meta,/mnt/poseidon-data/poseidon/workflows/casa-wind-workflow-full/submit/poseidon/pegasus/casa-wind-full/run0148/00/01/um_vel_ID0000047.meta,/mnt/poseidon-data/poseidon/workflows/casa-wind-workflow-full/submit/poseidon/pegasus/casa-wind-full/run0148/00/00/um_vel_ID0000087.meta,/mnt/poseidon-data/poseidon/workflows/casa-wind-workflow-full/submit/poseidon/pegasus/casa-wind-full/run0148/00/01/um_vel_ID0000007.meta,/mnt/poseidon-data/poseidon/workflows/casa-wind-workflow-full/submit/poseidon/pegasus/casa-wind-full/run0148/00/01/um_vel_ID0000072.meta,/mnt/poseidon-data/poseidon/workflows/casa-wind-workflow-full/submit/poseidon/pegasus/casa-wind-full/run0148/00/01/um_vel_ID0000102.meta --insert /mnt/poseidon-data/poseidon/workflows/casa-wind-workflow-full/submit/poseidon/pegasus/casa-wind-full/run0148/00/01/register_condorpool_1_1.in",2.6,0,0,,,,,,,,,
mvt_ID0000004,None,compute,0,1694350602.0,,,1694350607.0,1694350610.0,1694350621.0,29779943.5,1694350608.0,1694350678.0,1694350666.0,1694350669.0,9396.0,1694350678.0,1694350683.0,5.0,,1.0,70.0,5.0,11.0,177143652.0,3.0,28781.0,poseidon,condorpool,poseidon-worker-1-container-0-3,mvt,/opt/mvt/mvt,,39.7,0,0,0.0,822073.0,16384.0,494.0,4.0,29.9,0.1,27402.4,819.2
post_vel_ID0000003,None,compute,0,1694350602.0,,,1694350607.0,1694350610.0,1694350621.0,33867436.8,1694350608.0,1694350637.0,1694350626.0,1694350630.0,3550.0,1694350637.0,1694350642.0,5.0,,1.0,29.0,5.0,11.0,177143937.0,4.0,10865.0,poseidon,condorpool,poseidon-worker-2-container-0-3,post_vel,/opt/netcdf2png/merged_netcdf2png,,0.2,0,0,,,,,,,,,
register_condorpool_1_2,None,auxiliary,0,1694350617.0,,,1694350622.0,,,0.0,1694350622.0,1694350627.0,,,0.0,1694350627.0,1694350632.0,5.0,,0.0,5.0,5.0,,,,,poseidon,local,poseidon-submit,pegasus::rc-client,/mnt/poseidon-data/poseidon/pegasus-5.1.0panorama/bin/pegasus-rc-client,"-n pegasus::rc-client -N null -R local  -L casa-wind-full -T 2023-09-08T07:29:05+00:00 /home/poseidon/pegasus-5.1.0panorama/bin/pegasus-rc-client --prefix pegasus.catalog.replica.output --conf /mnt/poseidon-data/poseidon/workflows/casa-wind-workflow-full/submit/poseidon/pegasus/casa-wind-full/run0148/pegasus.8237052809110012428.properties -v --meta /mnt/poseidon-data/poseidon/workflows/casa-wind-workflow-full/submit/poseidon/pegasus/casa-wind-full/run0148/00/00/um_vel_ID0000117.meta,/mnt/poseidon-data/poseidon/workflows/casa-wind-workflow-full/submit/poseidon/pegasus/casa-wind-full/run0148/00/01/um_vel_ID0000052.meta,/mnt/poseidon-data/poseidon/workflows/casa-wind-workflow-full/submit/poseidon/pegasus/casa-wind-full/run0148/00/00/um_vel_ID0000002.meta,/mnt/poseidon-data/poseidon/workflows/casa-wind-workflow-full/submit/poseidon/pegasus/casa-wind-full/run0148/00/00/um_vel_ID0000012.meta,/mnt/poseidon-data/poseidon/workflows/casa-wind-workflow-full/submit/poseidon/pegasus/casa-wind-full/run0148/00/00/um_vel_ID0000032.meta,/mnt/poseidon-data/poseidon/workflows/casa-wind-workflow-full/submit/poseidon/pegasus/casa-wind-full/run0148/00/01/um_vel_ID0000062.meta,/mnt/poseidon-data/poseidon/workflows/casa-wind-workflow-full/submit/poseidon/pegasus/casa-wind-full/run0148/00/01/um_vel_ID0000112.meta,/mnt/poseidon-data/poseidon/workflows/casa-wind-workflow-full/submit/poseidon/pegasus/casa-wind-full/run0148/00/01/um_vel_ID0000107.meta --insert /mnt/poseidon-data/poseidon/workflows/casa-wind-workflow-full/submit/poseidon/pegasus/casa-wind-full/run0148/00/01/register_condorpool_1_2.in",2.5,0,0,,,,,,,,,
point_alert_ID0000080,None,compute,0,1694350647.0,,,1694350652.0,1694350655.0,1694350666.0,29639397.5,1694350653.0,1694350683.0,1694350672.0,1694350675.0,6563.0,1694350683.0,1694350688.0,5.0,,1.0,30.0,5.0,11.0,176653320.0,3.0,20718.0,poseidon,condorpool,poseidon-worker-1-container-24-27,point_alert,/opt/pointAlert/pointAlert,,0.0,0,0,,,,,,,,,
point_alert_ID0000015,None,compute,0,1694350647.0,,,1694350652.0,1694350655.0,1694350666.0,29610630.5,1694350653.0,1694350683.0,1694350671.0,1694350674.0,6559.0,1694350683.0,1694350688.0,5.0,,1.0,30.0,5.0,11.0,176639974.0,3.0,20558.0,poseidon,condorpool,poseidon-worker-2-container-4-7,point_alert,/opt/pointAlert/pointAlert,,0.0,0,0,,,,,,,,,
point_alert_ID0000115,None,compute,0,1694350647.0,,,1694350652.0,1694350655.0,1694350666.0,33719194.8,1694350653.0,1694350683.0,1694350672.0,1694350675.0,6950.0,1694350683.0,1694350688.0,5.0,,1.0,30.0,5.0,11.0,176681217.0,3.0,21598.0,poseidon,condorpool,poseidon-worker-1-container-12-15,point_alert,/opt/pointAlert/pointAlert,,0.0,0,0,,,,,,,,,
point_alert_ID0000050,None,compute,0,1694350647.0,,,1694350652.0,1694350655.0,1694350666.0,29642563.0,1694350653.0,1694350683.0,1694350671.0,1694350674.0,6773.0,1694350683.0,1694350688.0,5.0,,1.0,30.0,5.0,11.0,176632091.0,3.0,20878.0,poseidon,condorpool,poseidon-worker-2-container-0-3,point_alert,/opt/pointAlert/pointAlert,,0.0,0,0,,,,,,,,,
point_alert_ID0000045,None,compute,0,1694350647.0,,,1694350652.0,1694350655.0,1694350666.0,29630488.5,1694350653.0,1694350683.0,1694350671.0,1694350674.0,6677.0,1694350683.0,1694350688.0,5.0,,1.0,30.0,5.0,11.0,176636096.0,3.0,20798.0,poseidon,condorpool,poseidon-worker-1-container-32-35,point_alert,/opt/pointAlert/pointAlert,,0.0,0,0,,,,,,,,,
point_alert_ID0000065,None,compute,0,1694350647.0,,,1694350652.0,1694350655.0,1694350666.0,29492233.0,1694350653.0,1694350683.0,1694350671.0,1694350674.0,6526.0,1694350683.0,1694350688.0,5.0,,1.0,30.0,5.0,11.0,176639131.0,3.0,20238.0,poseidon,condorpool,poseidon-worker-1-container-16-19,point_alert,/opt/pointAlert/pointAlert,,0.0,0,0,,,,,,,,,
point_alert_ID0000090,None,compute,0,1694350647.0,,,1694350652.0,1694350655.0,1694350666.0,29609981.5,1694350653.0,1694350683.0,1694350672.0,1694350675.0,6608.0,1694350683.0,1694350688.0,5.0,,1.0,30.0,5.0,11.0,176656458.0,3.0,20638.0,poseidon,condorpool,poseidon-worker-1-container-24-27,point_alert,/opt/pointAlert/pointAlert,,0.0,0,0,,,,,,,,,
point_alert_ID0000075,None,compute,0,1694350652.0,,,1694350657.0,1694350660.0,1694350671.0,29867237.0,1694350659.0,1694350688.0,1694350676.0,1694350679.0,6648.0,1694350688.0,1694350693.0,5.0,,2.0,29.0,5.0,11.0,176646838.0,3.0,20558.0,poseidon,condorpool,poseidon-worker-1-container-4-7,point_alert,/opt/pointAlert/pointAlert,,0.0,0,0,,,,,,,,,
point_alert_ID0000125,None,compute,0,1694350652.0,,,1694350657.0,1694350660.0,1694350671.0,29633798.0,1694350659.0,1694350688.0,1694350676.0,1694350679.0,7400.0,1694350688.0,1694350693.0,5.0,,2.0,29.0,5.0,11.0,176678547.0,3.0,22878.0,poseidon,condorpool,poseidon-worker-1-container-20-23,point_alert,/opt/pointAlert/pointAlert,,0.0,0,0,,,,,,,,,
point_alert_ID0000060,None,compute,0,1694350652.0,,,1694350657.0,1694350660.0,1694350671.0,34281438.8,1694350659.0,1694350688.0,1694350676.0,1694350679.0,6778.0,1694350688.0,1694350693.0,5.0,,2.0,29.0,5.0,11.0,176636147.0,3.0,20878.0,poseidon,condorpool,poseidon-worker-2-container-12-15,point_alert,/opt/pointAlert/pointAlert,,0.0,0,0,,,,,,,,,
point_alert_ID0000120,None,compute,0,1694350652.0,,,1694350657.0,1694350660.0,1694350671.0,33814747.8,1694350659.0,1694350688.0,1694350676.0,1694350680.0,7158.0,1694350688.0,1694350693.0,5.0,,2.0,29.0,5.0,11.0,176673508.0,4.0,21998.0,poseidon,condorpool,poseidon-worker-1-container-44-47,point_alert,/opt/pointAlert/pointAlert,,0.0,0,0,,,,,,,,,
point_alert_ID0000030,None,compute,0,1694350657.0,,,1694350662.0,1694350665.0,1694350676.0,32905778.8,1694350664.0,1694350693.0,1694350682.0,1694350685.0,6494.0,1694350693.0,1694350698.0,5.0,,2.0,29.0,5.0,11.0,176646324.0,3.0,20158.0,poseidon,condorpool,poseidon-worker-2-container-24-27,point_alert,/opt/pointAlert/pointAlert,,0.0,0,0,,,,,,,,,
stage_out_local_condorpool_2_4,None,transfer,0,1694350673.0,,,1694350678.0,,,0.0,1694350679.0,1694350683.0,,,0.0,1694350683.0,1694350688.0,5.0,,1.0,4.0,5.0,,,,,poseidon,local,poseidon-submit,pegasus::transfer,/mnt/poseidon-data/poseidon/pegasus-5.1.0panorama/bin/pegasus-transfer,/home/poseidon/pegasus-5.1.0panorama/bin/../bin/pegasus-kickstart  -n pegasus::transfer -N null -i - -R local  -L casa-wind-full -T 2023-09-08T07:29:05+00:00 /home/poseidon/pegasus-5.1.0panorama/bin/../bin/pegasus-transfer  --threads 2,0.9,0,0,,,,,,,,,
point_alert_ID0000105,None,compute,0,1694350673.0,,,1694350678.0,1694350681.0,1694350692.0,29564680.0,1694350679.0,1694350708.0,1694350698.0,1694350701.0,6718.0,1694350708.0,1694350713.0,5.0,,1.0,29.0,5.0,11.0,176667573.0,3.0,21278.0,poseidon,condorpool,poseidon-worker-1-container-32-35,point_alert,/opt/pointAlert/pointAlert,,0.0,0,0,,,,,,,,,
stage_out_local_condorpool_2_0,None,transfer,0,1694350673.0,,,1694350678.0,,,0.0,1694350679.0,1694350683.0,,,0.0,1694350683.0,1694350688.0,5.0,,1.0,4.0,5.0,,,,,poseidon,local,poseidon-submit,pegasus::transfer,/mnt/poseidon-data/poseidon/pegasus-5.1.0panorama/bin/pegasus-transfer,/home/poseidon/pegasus-5.1.0panorama/bin/../bin/pegasus-kickstart  -n pegasus::transfer -N null -i - -R local  -L casa-wind-full -T 2023-09-08T07:29:05+00:00 /home/poseidon/pegasus-5.1.0panorama/bin/../bin/pegasus-transfer  --threads 2,1.1,0,0,,,,,,,,,
stage_out_local_condorpool_2_1,None,transfer,0,1694350673.0,,,1694350678.0,,,0.0,1694350679.0,1694350683.0,,,0.0,1694350683.0,1694350688.0,5.0,,1.0,4.0,5.0,,,,,poseidon,local,poseidon-submit,pegasus::transfer,/mnt/poseidon-data/poseidon/pegasus-5.1.0panorama/bin/pegasus-transfer,/home/poseidon/pegasus-5.1.0panorama/bin/../bin/pegasus-kickstart  -n pegasus::transfer -N null -i - -R local  -L casa-wind-full -T 2023-09-08T07:29:05+00:00 /home/poseidon/pegasus-5.1.0panorama/bin/../bin/pegasus-transfer  --threads 2,1.1,0,0,,,,,,,,,
stage_out_local_condorpool_2_2,None,transfer,0,1694350673.0,,,1694350678.0,,,0.0,1694350679.0,1694350683.0,,,0.0,1694350683.0,1694350688.0,5.0,,1.0,4.0,5.0,,,,,poseidon,local,poseidon-submit,pegasus::transfer,/mnt/poseidon-data/poseidon/pegasus-5.1.0panorama/bin/pegasus-transfer,/home/poseidon/pegasus-5.1.0panorama/bin/../bin/pegasus-kickstart  -n pegasus::transfer -N null -i - -R local  -L casa-wind-full -T 2023-09-08T07:29:05+00:00 /home/poseidon/pegasus-5.1.0panorama/bin/../bin/pegasus-transfer  --threads 2,1.0,0,0,,,,,,,,,
point_alert_ID0000110,None,compute,0,1694350673.0,,,1694350678.0,1694350681.0,1694350692.0,31926276.0,1694350679.0,1694350708.0,1694350698.0,1694350701.0,6723.0,1694350708.0,1694350713.0,5.0,,1.0,29.0,5.0,11.0,176667937.0,3.0,21038.0,poseidon,condorpool,poseidon-worker-2-container-16-19,point_alert,/opt/pointAlert/pointAlert,,0.0,0,0,,,,,,,,,
point_alert_ID0000100,None,compute,0,1694350673.0,,,1694350678.0,1694350681.0,1694350692.0,29471034.0,1694350679.0,1694350708.0,1694350698.0,1694350701.0,6557.0,1694350708.0,1694350713.0,5.0,,1.0,29.0,5.0,11.0,176658101.0,3.0,20638.0,poseidon,condorpool,poseidon-worker-1-container-12-15,point_alert,/opt/pointAlert/pointAlert,,0.0,0,0,,,,,,,,,
point_alert_ID0000035,None,compute,0,1694350673.0,,,1694350678.0,1694350682.0,1694350693.0,34932397.6,1694350680.0,1694350708.0,1694350698.0,1694350701.0,6411.0,1694350708.0,1694350713.0,5.0,,2.0,28.0,5.0,11.0,176638959.0,3.0,20078.0,poseidon,condorpool,poseidon-worker-1-container-0-3,point_alert,/opt/pointAlert/pointAlert,,0.0,0,0,,,,,,,,,
point_alert_ID0000055,None,compute,0,1694350673.0,,,1694350678.0,1694350682.0,1694350693.0,28064118.2,1694350680.0,1694350708.0,1694350699.0,1694350702.0,6615.0,1694350708.0,1694350713.0,5.0,,2.0,28.0,5.0,11.0,176636535.0,3.0,20638.0,poseidon,condorpool,poseidon-worker-1-container-44-47,point_alert,/opt/pointAlert/pointAlert,,0.0,0,0,,,,,,,,,
point_alert_ID0000095,None,compute,0,1694350673.0,,,1694350678.0,1694350681.0,1694350692.0,29616773.0,1694350679.0,1694350708.0,1694350698.0,1694350701.0,6627.0,1694350708.0,1694350713.0,5.0,,1.0,29.0,5.0,11.0,176660390.0,3.0,20718.0,poseidon,condorpool,poseidon-worker-1-container-20-23,point_alert,/opt/pointAlert/pointAlert,,0.0,0,0,,,,,,,,,
point_alert_ID0000040,None,compute,0,1694350673.0,,,1694350678.0,1694350681.0,1694350692.0,29629563.5,1694350679.0,1694350708.0,1694350697.0,1694350700.0,6469.0,1694350708.0,1694350713.0,5.0,,1.0,29.0,5.0,11.0,176642369.0,3.0,20558.0,poseidon,condorpool,poseidon-worker-2-container-40-43,point_alert,/opt/pointAlert/pointAlert,,0.0,0,0,,,,,,,,,
point_alert_ID0000020,None,compute,0,1694350673.0,,,1694350678.0,1694350682.0,1694350693.0,34167189.8,1694350680.0,1694350708.0,1694350698.0,1694350701.0,6462.0,1694350708.0,1694350713.0,5.0,,2.0,28.0,5.0,11.0,176644228.0,3.0,20478.0,poseidon,condorpool,poseidon-worker-2-container-36-39,point_alert,/opt/pointAlert/pointAlert,,0.0,0,0,,,,,,,,,
point_alert_ID0000025,None,compute,0,1694350673.0,,,1694350678.0,1694350682.0,1694350693.0,33285270.4,1694350680.0,1694350708.0,1694350698.0,1694350701.0,6442.0,1694350708.0,1694350713.0,5.0,,2.0,28.0,5.0,11.0,176638688.0,3.0,20078.0,poseidon,condorpool,poseidon-worker-2-container-8-11,point_alert,/opt/pointAlert/pointAlert,,0.0,0,0,,,,,,,,,
point_alert_ID0000070,None,compute,0,1694350673.0,,,1694350678.0,1694350681.0,1694350692.0,29630980.5,1694350679.0,1694350708.0,1694350698.0,1694350701.0,6574.0,1694350708.0,1694350713.0,5.0,,1.0,29.0,5.0,11.0,176643292.0,3.0,20558.0,poseidon,condorpool,poseidon-worker-1-container-44-47,point_alert,/opt/pointAlert/pointAlert,,0.0,0,0,,,,,,,,,
point_alert_ID0000130,None,compute,0,1694350673.0,,,1694350678.0,1694350681.0,1694350692.0,29776008.5,1694350679.0,1694350708.0,1694350698.0,1694350701.0,7339.0,1694350708.0,1694350713.0,5.0,,1.0,29.0,5.0,11.0,176672472.0,3.0,23118.0,poseidon,condorpool,poseidon-worker-1-container-4-7,point_alert,/opt/pointAlert/pointAlert,,0.0,0,0,,,,,,,,,
point_alert_ID0000085,None,compute,0,1694350673.0,,,1694350678.0,1694350681.0,1694350692.0,29625155.0,1694350679.0,1694350708.0,1694350698.0,1694350701.0,6665.0,1694350708.0,1694350713.0,5.0,,1.0,29.0,5.0,11.0,176655981.0,3.0,21118.0,poseidon,condorpool,poseidon-worker-1-container-0-3,point_alert,/opt/pointAlert/pointAlert,,0.0,0,0,,,,,,,,,
stage_out_local_condorpool_2_3,None,transfer,0,1694350678.0,,,1694350683.0,,,0.0,1694350684.0,1694350693.0,,,0.0,1694350693.0,1694350698.0,5.0,,1.0,9.0,5.0,,,,,poseidon,local,poseidon-submit,pegasus::transfer,/mnt/poseidon-data/poseidon/pegasus-5.1.0panorama/bin/pegasus-transfer,/home/poseidon/pegasus-5.1.0panorama/bin/../bin/pegasus-kickstart  -n pegasus::transfer -N null -i - -R local  -L casa-wind-full -T 2023-09-08T07:29:05+00:00 /home/poseidon/pegasus-5.1.0panorama/bin/../bin/pegasus-transfer  --threads 2,0.9,0,0,,,,,,,,,
point_alert_ID0000010,None,compute,0,1694350678.0,,,1694350683.0,1694350686.0,1694350697.0,35085997.6,1694350685.0,1694350713.0,1694350702.0,1694350705.0,6682.0,1694350713.0,1694350718.0,5.0,,2.0,28.0,5.0,11.0,176643412.0,3.0,20478.0,poseidon,condorpool,poseidon-worker-2-container-0-3,point_alert,/opt/pointAlert/pointAlert,,0.0,0,0,,,,,,,,,
point_alert_ID0000005,None,compute,0,1694350683.0,,,1694350688.0,1694350691.0,1694350701.0,29641084.0,1694350689.0,1694350718.0,1694350707.0,1694350710.0,6653.0,1694350718.0,1694350723.0,5.0,,1.0,29.0,5.0,10.0,176636764.0,3.0,20398.0,poseidon,condorpool,poseidon-worker-1-container-32-35,point_alert,/opt/pointAlert/pointAlert,,0.0,0,0,,,,,,,,,
stage_out_local_condorpool_2_5,None,transfer,0,1694350683.0,,,1694350688.0,,,0.0,1694350689.0,1694350698.0,,,0.0,1694350698.0,1694350703.0,5.0,,1.0,9.0,5.0,,,,,poseidon,local,poseidon-submit,pegasus::transfer,/mnt/poseidon-data/poseidon/pegasus-5.1.0panorama/bin/pegasus-transfer,/home/poseidon/pegasus-5.1.0panorama/bin/../bin/pegasus-kickstart  -n pegasus::transfer -N null -i - -R local  -L casa-wind-full -T 2023-09-08T07:29:05+00:00 /home/poseidon/pegasus-5.1.0panorama/bin/../bin/pegasus-transfer  --threads 2,0.9,0,0,,,,,,,,,
register_condorpool_2_0,None,auxiliary,0,1694350688.0,,,1694350703.0,,,0.0,1694350704.0,1694350708.0,,,0.0,1694350708.0,1694350713.0,15.0,,1.0,4.0,5.0,,,,,poseidon,local,poseidon-submit,pegasus::rc-client,/mnt/poseidon-data/poseidon/pegasus-5.1.0panorama/bin/pegasus-rc-client,"-n pegasus::rc-client -N null -R local  -L casa-wind-full -T 2023-09-08T07:29:05+00:00 /home/poseidon/pegasus-5.1.0panorama/bin/pegasus-rc-client --prefix pegasus.catalog.replica.output --conf /mnt/poseidon-data/poseidon/workflows/casa-wind-workflow-full/submit/poseidon/pegasus/casa-wind-full/run0148/pegasus.8237052809110012428.properties -v --meta /mnt/poseidon-data/poseidon/workflows/casa-wind-workflow-full/submit/poseidon/pegasus/casa-wind-full/run0148/00/01/post_vel_ID0000023.meta,/mnt/poseidon-data/poseidon/workflows/casa-wind-workflow-full/submit/poseidon/pegasus/casa-wind-full/run0148/00/01/post_vel_ID0000093.meta,/mnt/poseidon-data/poseidon/workflows/casa-wind-workflow-full/submit/poseidon/pegasus/casa-wind-full/run0148/00/01/mvt_ID0000129.meta,/mnt/poseidon-data/poseidon/workflows/casa-wind-workflow-full/submit/poseidon/pegasus/casa-wind-full/run0148/00/02/mvt_ID0000044.meta,/mnt/poseidon-data/poseidon/workflows/casa-wind-workflow-full/submit/poseidon/pegasus/casa-wind-full/run0148/00/02/post_vel_ID0000058.meta,/mnt/poseidon-data/poseidon/workflows/casa-wind-workflow-full/submit/poseidon/pegasus/casa-wind-full/run0148/00/01/post_vel_ID0000068.meta,/mnt/poseidon-data/poseidon/workflows/casa-wind-workflow-full/submit/poseidon/pegasus/casa-wind-full/run0148/00/01/post_vel_ID0000123.meta,/mnt/poseidon-data/poseidon/workflows/casa-wind-workflow-full/submit/poseidon/pegasus/casa-wind-full/run0148/00/02/post_vel_ID0000078.meta,/mnt/poseidon-data/poseidon/workflows/casa-wind-workflow-full/submit/poseidon/pegasus/casa-wind-full/run0148/00/01/mvt_ID0000029.meta --insert /mnt/poseidon-data/poseidon/workflows/casa-wind-workflow-full/submit/poseidon/pegasus/casa-wind-full/run0148/00/02/register_condorpool_2_0.in",2.6,0,0,,,,,,,,,
register_condorpool_2_1,None,auxiliary,0,1694350688.0,,,1694350764.0,,,0.0,1694350764.0,1694350769.0,,,0.0,1694350769.0,1694350774.0,76.0,,0.0,5.0,5.0,,,,,poseidon,local,poseidon-submit,pegasus::rc-client,/mnt/poseidon-data/poseidon/pegasus-5.1.0panorama/bin/pegasus-rc-client,"-n pegasus::rc-client -N null -R local  -L casa-wind-full -T 2023-09-08T07:29:05+00:00 /home/poseidon/pegasus-5.1.0panorama/bin/pegasus-rc-client --prefix pegasus.catalog.replica.output --conf /mnt/poseidon-data/poseidon/workflows/casa-wind-workflow-full/submit/poseidon/pegasus/casa-wind-full/run0148/pegasus.8237052809110012428.properties -v --meta /mnt/poseidon-data/poseidon/workflows/casa-wind-workflow-full/submit/poseidon/pegasus/casa-wind-full/run0148/00/01/post_vel_ID0000028.meta,/mnt/poseidon-data/poseidon/workflows/casa-wind-workflow-full/submit/poseidon/pegasus/casa-wind-full/run0148/00/02/post_vel_ID0000043.meta,/mnt/poseidon-data/poseidon/workflows/casa-wind-workflow-full/submit/poseidon/pegasus/casa-wind-full/run0148/00/01/post_vel_ID0000128.meta,/mnt/poseidon-data/poseidon/workflows/casa-wind-workflow-full/submit/poseidon/pegasus/casa-wind-full/run0148/00/01/mvt_ID0000094.meta,/mnt/poseidon-data/poseidon/workflows/casa-wind-workflow-full/submit/poseidon/pegasus/casa-wind-full/run0148/00/01/mvt_ID0000069.meta,/mnt/poseidon-data/poseidon/workflows/casa-wind-workflow-full/submit/poseidon/pegasus/casa-wind-full/run0148/00/02/mvt_ID0000059.meta,/mnt/poseidon-data/poseidon/workflows/casa-wind-workflow-full/submit/poseidon/pegasus/casa-wind-full/run0148/00/01/mvt_ID0000124.meta,/mnt/poseidon-data/poseidon/workflows/casa-wind-workflow-full/submit/poseidon/pegasus/casa-wind-full/run0148/00/01/mvt_ID0000024.meta,/mnt/poseidon-data/poseidon/workflows/casa-wind-workflow-full/submit/poseidon/pegasus/casa-wind-full/run0148/00/02/mvt_ID0000079.meta --insert /mnt/poseidon-data/poseidon/workflows/casa-wind-workflow-full/submit/poseidon/pegasus/casa-wind-full/run0148/00/02/register_condorpool_2_1.in",2.7,0,0,,,,,,,,,
register_condorpool_2_4,None,auxiliary,0,1694350688.0,,,1694350693.0,,,0.0,1694350694.0,1694350698.0,,,0.0,1694350698.0,1694350703.0,5.0,,1.0,4.0,5.0,,,,,poseidon,local,poseidon-submit,pegasus::rc-client,/mnt/poseidon-data/poseidon/pegasus-5.1.0panorama/bin/pegasus-rc-client,"-n pegasus::rc-client -N null -R local  -L casa-wind-full -T 2023-09-08T07:29:05+00:00 /home/poseidon/pegasus-5.1.0panorama/bin/pegasus-rc-client --prefix pegasus.catalog.replica.output --conf /mnt/poseidon-data/poseidon/workflows/casa-wind-workflow-full/submit/poseidon/pegasus/casa-wind-full/run0148/pegasus.8237052809110012428.properties -v --meta /mnt/poseidon-data/poseidon/workflows/casa-wind-workflow-full/submit/poseidon/pegasus/casa-wind-full/run0148/00/02/post_vel_ID0000108.meta,/mnt/poseidon-data/poseidon/workflows/casa-wind-workflow-full/submit/poseidon/pegasus/casa-wind-full/run0148/00/01/post_vel_ID0000063.meta,/mnt/poseidon-data/poseidon/workflows/casa-wind-workflow-full/submit/poseidon/pegasus/casa-wind-full/run0148/00/01/post_vel_ID0000013.meta,/mnt/poseidon-data/poseidon/workflows/casa-wind-workflow-full/submit/poseidon/pegasus/casa-wind-full/run0148/00/02/mvt_ID0000054.meta,/mnt/poseidon-data/poseidon/workflows/casa-wind-workflow-full/submit/poseidon/pegasus/casa-wind-full/run0148/00/01/post_vel_ID0000033.meta,/mnt/poseidon-data/poseidon/workflows/casa-wind-workflow-full/submit/poseidon/pegasus/casa-wind-full/run0148/00/02/post_vel_ID0000113.meta,/mnt/poseidon-data/poseidon/workflows/casa-wind-workflow-full/submit/poseidon/pegasus/casa-wind-full/run0148/00/01/post_vel_ID0000003.meta,/mnt/poseidon-data/poseidon/workflows/casa-wind-workflow-full/submit/poseidon/pegasus/casa-wind-full/run0148/00/01/post_vel_ID0000118.meta --insert /mnt/poseidon-data/poseidon/workflows/casa-wind-workflow-full/submit/poseidon/pegasus/casa-wind-full/run0148/00/02/register_condorpool_2_4.in",2.6,0,0,,,,,,,,,
register_condorpool_2_2,None,auxiliary,0,1694350688.0,,,1694350723.0,,,0.0,1694350724.0,1694350728.0,,,0.0,1694350728.0,1694350733.0,35.0,,1.0,4.0,5.0,,,,,poseidon,local,poseidon-submit,pegasus::rc-client,/mnt/poseidon-data/poseidon/pegasus-5.1.0panorama/bin/pegasus-rc-client,"-n pegasus::rc-client -N null -R local  -L casa-wind-full -T 2023-09-08T07:29:05+00:00 /home/poseidon/pegasus-5.1.0panorama/bin/pegasus-rc-client --prefix pegasus.catalog.replica.output --conf /mnt/poseidon-data/poseidon/workflows/casa-wind-workflow-full/submit/poseidon/pegasus/casa-wind-full/run0148/pegasus.8237052809110012428.properties -v --meta /mnt/poseidon-data/poseidon/workflows/casa-wind-workflow-full/submit/poseidon/pegasus/casa-wind-full/run0148/00/02/post_vel_ID0000073.meta,/mnt/poseidon-data/poseidon/workflows/casa-wind-workflow-full/submit/poseidon/pegasus/casa-wind-full/run0148/00/02/mvt_ID0000039.meta,/mnt/poseidon-data/poseidon/workflows/casa-wind-workflow-full/submit/poseidon/pegasus/casa-wind-full/run0148/00/01/mvt_ID0000099.meta,/mnt/poseidon-data/poseidon/workflows/casa-wind-workflow-full/submit/poseidon/pegasus/casa-wind-full/run0148/00/01/post_vel_ID0000008.meta,/mnt/poseidon-data/poseidon/workflows/casa-wind-workflow-full/submit/poseidon/pegasus/casa-wind-full/run0148/00/02/mvt_ID0000049.meta,/mnt/poseidon-data/poseidon/workflows/casa-wind-workflow-full/submit/poseidon/pegasus/casa-wind-full/run0148/00/01/mvt_ID0000019.meta,/mnt/poseidon-data/poseidon/workflows/casa-wind-workflow-full/submit/poseidon/pegasus/casa-wind-full/run0148/00/02/mvt_ID0000104.meta,/mnt/poseidon-data/poseidon/workflows/casa-wind-workflow-full/submit/poseidon/pegasus/casa-wind-full/run0148/00/01/post_vel_ID0000083.meta,/mnt/poseidon-data/poseidon/workflows/casa-wind-workflow-full/submit/poseidon/pegasus/casa-wind-full/run0148/00/01/post_vel_ID0000088.meta --insert /mnt/poseidon-data/poseidon/workflows/casa-wind-workflow-full/submit/poseidon/pegasus/casa-wind-full/run0148/00/02/register_condorpool_2_2.in",2.8,0,0,,,,,,,,,
register_condorpool_2_3,None,auxiliary,0,1694350698.0,,,1694350774.0,,,0.0,1694350774.0,1694350779.0,,,0.0,1694350779.0,1694350784.0,76.0,,0.0,5.0,5.0,,,,,poseidon,local,poseidon-submit,pegasus::rc-client,/mnt/poseidon-data/poseidon/pegasus-5.1.0panorama/bin/pegasus-rc-client,"-n pegasus::rc-client -N null -R local  -L casa-wind-full -T 2023-09-08T07:29:05+00:00 /home/poseidon/pegasus-5.1.0panorama/bin/pegasus-rc-client --prefix pegasus.catalog.replica.output --conf /mnt/poseidon-data/poseidon/workflows/casa-wind-workflow-full/submit/poseidon/pegasus/casa-wind-full/run0148/pegasus.8237052809110012428.properties -v --meta /mnt/poseidon-data/poseidon/workflows/casa-wind-workflow-full/submit/poseidon/pegasus/casa-wind-full/run0148/00/01/mvt_ID0000084.meta,/mnt/poseidon-data/poseidon/workflows/casa-wind-workflow-full/submit/poseidon/pegasus/casa-wind-full/run0148/00/02/post_vel_ID0000103.meta,/mnt/poseidon-data/poseidon/workflows/casa-wind-workflow-full/submit/poseidon/pegasus/casa-wind-full/run0148/00/01/post_vel_ID0000098.meta,/mnt/poseidon-data/poseidon/workflows/casa-wind-workflow-full/submit/poseidon/pegasus/casa-wind-full/run0148/00/02/post_vel_ID0000048.meta,/mnt/poseidon-data/poseidon/workflows/casa-wind-workflow-full/submit/poseidon/pegasus/casa-wind-full/run0148/00/01/mvt_ID0000009.meta,/mnt/poseidon-data/poseidon/workflows/casa-wind-workflow-full/submit/poseidon/pegasus/casa-wind-full/run0148/00/01/post_vel_ID0000018.meta,/mnt/poseidon-data/poseidon/workflows/casa-wind-workflow-full/submit/poseidon/pegasus/casa-wind-full/run0148/00/01/mvt_ID0000089.meta,/mnt/poseidon-data/poseidon/workflows/casa-wind-workflow-full/submit/poseidon/pegasus/casa-wind-full/run0148/00/02/mvt_ID0000074.meta,/mnt/poseidon-data/poseidon/workflows/casa-wind-workflow-full/submit/poseidon/pegasus/casa-wind-full/run0148/00/02/post_vel_ID0000038.meta --insert /mnt/poseidon-data/poseidon/workflows/casa-wind-workflow-full/submit/poseidon/pegasus/casa-wind-full/run0148/00/02/register_condorpool_2_3.in",2.8,0,0,,,,,,,,,
register_condorpool_2_5,None,auxiliary,0,1694350703.0,,,1694350713.0,,,0.0,1694350713.0,1694350718.0,,,0.0,1694350718.0,1694350723.0,10.0,,0.0,5.0,5.0,,,,,poseidon,local,poseidon-submit,pegasus::rc-client,/mnt/poseidon-data/poseidon/pegasus-5.1.0panorama/bin/pegasus-rc-client,"-n pegasus::rc-client -N null -R local  -L casa-wind-full -T 2023-09-08T07:29:05+00:00 /home/poseidon/pegasus-5.1.0panorama/bin/pegasus-rc-client --prefix pegasus.catalog.replica.output --conf /mnt/poseidon-data/poseidon/workflows/casa-wind-workflow-full/submit/poseidon/pegasus/casa-wind-full/run0148/pegasus.8237052809110012428.properties -v --meta /mnt/poseidon-data/poseidon/workflows/casa-wind-workflow-full/submit/poseidon/pegasus/casa-wind-full/run0148/00/01/mvt_ID0000004.meta,/mnt/poseidon-data/poseidon/workflows/casa-wind-workflow-full/submit/poseidon/pegasus/casa-wind-full/run0148/00/01/mvt_ID0000119.meta,/mnt/poseidon-data/poseidon/workflows/casa-wind-workflow-full/submit/poseidon/pegasus/casa-wind-full/run0148/00/02/post_vel_ID0000053.meta,/mnt/poseidon-data/poseidon/workflows/casa-wind-workflow-full/submit/poseidon/pegasus/casa-wind-full/run0148/00/02/mvt_ID0000114.meta,/mnt/poseidon-data/poseidon/workflows/casa-wind-workflow-full/submit/poseidon/pegasus/casa-wind-full/run0148/00/01/mvt_ID0000034.meta,/mnt/poseidon-data/poseidon/workflows/casa-wind-workflow-full/submit/poseidon/pegasus/casa-wind-full/run0148/00/01/mvt_ID0000014.meta,/mnt/poseidon-data/poseidon/workflows/casa-wind-workflow-full/submit/poseidon/pegasus/casa-wind-full/run0148/00/02/mvt_ID0000109.meta,/mnt/poseidon-data/poseidon/workflows/casa-wind-workflow-full/submit/poseidon/pegasus/casa-wind-full/run0148/00/01/mvt_ID0000064.meta --insert /mnt/poseidon-data/poseidon/workflows/casa-wind-workflow-full/submit/poseidon/pegasus/casa-wind-full/run0148/00/02/register_condorpool_2_5.in",2.8,0,0,,,,,,,,,
stage_out_local_condorpool_3_0,None,transfer,0,1694350713.0,,,1694350718.0,,,0.0,1694350719.0,1694350723.0,,,0.0,1694350723.0,1694350728.0,5.0,,1.0,4.0,5.0,,,,,poseidon,local,poseidon-submit,pegasus::transfer,/mnt/poseidon-data/poseidon/pegasus-5.1.0panorama/bin/pegasus-transfer,/home/poseidon/pegasus-5.1.0panorama/bin/../bin/pegasus-kickstart  -n pegasus::transfer -N null -i - -R local  -L casa-wind-full -T 2023-09-08T07:29:05+00:00 /home/poseidon/pegasus-5.1.0panorama/bin/../bin/pegasus-transfer  --threads 2,0.9,0,0,,,,,,,,,
stage_out_local_condorpool_3_1,None,transfer,0,1694350718.0,,,1694350723.0,,,0.0,1694350724.0,1694350728.0,,,0.0,1694350728.0,1694350733.0,5.0,,1.0,4.0,5.0,,,,,poseidon,local,poseidon-submit,pegasus::transfer,/mnt/poseidon-data/poseidon/pegasus-5.1.0panorama/bin/pegasus-transfer,/home/poseidon/pegasus-5.1.0panorama/bin/../bin/pegasus-kickstart  -n pegasus::transfer -N null -i - -R local  -L casa-wind-full -T 2023-09-08T07:29:05+00:00 /home/poseidon/pegasus-5.1.0panorama/bin/../bin/pegasus-transfer  --threads 2,0.9,0,0,,,,,,,,,
stage_out_local_condorpool_3_2,None,transfer,0,1694350723.0,,,1694350728.0,,,0.0,1694350729.0,1694350738.0,,,0.0,1694350738.0,1694350743.0,5.0,,1.0,9.0,5.0,,,,,poseidon,local,poseidon-submit,pegasus::transfer,/mnt/poseidon-data/poseidon/pegasus-5.1.0panorama/bin/pegasus-transfer,/home/poseidon/pegasus-5.1.0panorama/bin/../bin/pegasus-kickstart  -n pegasus::transfer -N null -i - -R local  -L casa-wind-full -T 2023-09-08T07:29:05+00:00 /home/poseidon/pegasus-5.1.0panorama/bin/../bin/pegasus-transfer  --threads 2,0.8,0,0,,,,,,,,,
register_condorpool_3_0,None,auxiliary,0,1694350728.0,,,1694350733.0,,,0.0,1694350734.0,1694350738.0,,,0.0,1694350738.0,1694350743.0,5.0,,1.0,4.0,5.0,,,,,poseidon,local,poseidon-submit,pegasus::rc-client,/mnt/poseidon-data/poseidon/pegasus-5.1.0panorama/bin/pegasus-rc-client,"-n pegasus::rc-client -N null -R local  -L casa-wind-full -T 2023-09-08T07:29:05+00:00 /home/poseidon/pegasus-5.1.0panorama/bin/pegasus-rc-client --prefix pegasus.catalog.replica.output --conf /mnt/poseidon-data/poseidon/workflows/casa-wind-workflow-full/submit/poseidon/pegasus/casa-wind-full/run0148/pegasus.8237052809110012428.properties -v --meta /mnt/poseidon-data/poseidon/workflows/casa-wind-workflow-full/submit/poseidon/pegasus/casa-wind-full/run0148/00/02/point_alert_ID0000125.meta,/mnt/poseidon-data/poseidon/workflows/casa-wind-workflow-full/submit/poseidon/pegasus/casa-wind-full/run0148/00/02/point_alert_ID0000095.meta,/mnt/poseidon-data/poseidon/workflows/casa-wind-workflow-full/submit/poseidon/pegasus/casa-wind-full/run0148/00/03/point_alert_ID0000060.meta,/mnt/poseidon-data/poseidon/workflows/casa-wind-workflow-full/submit/poseidon/pegasus/casa-wind-full/run0148/00/02/point_alert_ID0000030.meta,/mnt/poseidon-data/poseidon/workflows/casa-wind-workflow-full/submit/poseidon/pegasus/casa-wind-full/run0148/00/02/point_alert_ID0000025.meta,/mnt/poseidon-data/poseidon/workflows/casa-wind-workflow-full/submit/poseidon/pegasus/casa-wind-full/run0148/00/03/point_alert_ID0000045.meta,/mnt/poseidon-data/poseidon/workflows/casa-wind-workflow-full/submit/poseidon/pegasus/casa-wind-full/run0148/00/02/point_alert_ID0000130.meta,/mnt/poseidon-data/poseidon/workflows/casa-wind-workflow-full/submit/poseidon/pegasus/casa-wind-full/run0148/00/02/point_alert_ID0000070.meta,/mnt/poseidon-data/poseidon/workflows/casa-wind-workflow-full/submit/poseidon/pegasus/casa-wind-full/run0148/00/02/point_alert_ID0000080.meta --insert /mnt/poseidon-data/poseidon/workflows/casa-wind-workflow-full/submit/poseidon/pegasus/casa-wind-full/run0148/00/03/register_condorpool_3_0.in",2.8,0,0,,,,,,,,,
register_condorpool_3_1,None,auxiliary,0,1694350733.0,,,1694350743.0,,,0.0,1694350743.0,1694350748.0,,,0.0,1694350748.0,1694350753.0,10.0,,0.0,5.0,5.0,,,,,poseidon,local,poseidon-submit,pegasus::rc-client,/mnt/poseidon-data/poseidon/pegasus-5.1.0panorama/bin/pegasus-rc-client,"-n pegasus::rc-client -N null -R local  -L casa-wind-full -T 2023-09-08T07:29:05+00:00 /home/poseidon/pegasus-5.1.0panorama/bin/pegasus-rc-client --prefix pegasus.catalog.replica.output --conf /mnt/poseidon-data/poseidon/workflows/casa-wind-workflow-full/submit/poseidon/pegasus/casa-wind-full/run0148/pegasus.8237052809110012428.properties -v --meta /mnt/poseidon-data/poseidon/workflows/casa-wind-workflow-full/submit/poseidon/pegasus/casa-wind-full/run0148/00/02/point_alert_ID0000010.meta,/mnt/poseidon-data/poseidon/workflows/casa-wind-workflow-full/submit/poseidon/pegasus/casa-wind-full/run0148/00/02/point_alert_ID0000090.meta,/mnt/poseidon-data/poseidon/workflows/casa-wind-workflow-full/submit/poseidon/pegasus/casa-wind-full/run0148/00/02/point_alert_ID0000085.meta,/mnt/poseidon-data/poseidon/workflows/casa-wind-workflow-full/submit/poseidon/pegasus/casa-wind-full/run0148/00/02/point_alert_ID0000075.meta,/mnt/poseidon-data/poseidon/workflows/casa-wind-workflow-full/submit/poseidon/pegasus/casa-wind-full/run0148/00/02/point_alert_ID0000100.meta,/mnt/poseidon-data/poseidon/workflows/casa-wind-workflow-full/submit/poseidon/pegasus/casa-wind-full/run0148/00/03/point_alert_ID0000040.meta,/mnt/poseidon-data/poseidon/workflows/casa-wind-workflow-full/submit/poseidon/pegasus/casa-wind-full/run0148/00/02/point_alert_ID0000020.meta,/mnt/poseidon-data/poseidon/workflows/casa-wind-workflow-full/submit/poseidon/pegasus/casa-wind-full/run0148/00/03/point_alert_ID0000050.meta,/mnt/poseidon-data/poseidon/workflows/casa-wind-workflow-full/submit/poseidon/pegasus/casa-wind-full/run0148/00/03/point_alert_ID0000105.meta --insert /mnt/poseidon-data/poseidon/workflows/casa-wind-workflow-full/submit/poseidon/pegasus/casa-wind-full/run0148/00/03/register_condorpool_3_1.in",2.7,0,0,,,,,,,,,
register_condorpool_3_2,None,auxiliary,0,1694350743.0,,,1694350753.0,,,0.0,1694350754.0,1694350758.0,,,0.0,1694350758.0,1694350764.0,10.0,,1.0,4.0,6.0,,,,,poseidon,local,poseidon-submit,pegasus::rc-client,/mnt/poseidon-data/poseidon/pegasus-5.1.0panorama/bin/pegasus-rc-client,"-n pegasus::rc-client -N null -R local  -L casa-wind-full -T 2023-09-08T07:29:05+00:00 /home/poseidon/pegasus-5.1.0panorama/bin/pegasus-rc-client --prefix pegasus.catalog.replica.output --conf /mnt/poseidon-data/poseidon/workflows/casa-wind-workflow-full/submit/poseidon/pegasus/casa-wind-full/run0148/pegasus.8237052809110012428.properties -v --meta /mnt/poseidon-data/poseidon/workflows/casa-wind-workflow-full/submit/poseidon/pegasus/casa-wind-full/run0148/00/03/point_alert_ID0000110.meta,/mnt/poseidon-data/poseidon/workflows/casa-wind-workflow-full/submit/poseidon/pegasus/casa-wind-full/run0148/00/03/point_alert_ID0000055.meta,/mnt/poseidon-data/poseidon/workflows/casa-wind-workflow-full/submit/poseidon/pegasus/casa-wind-full/run0148/00/02/point_alert_ID0000115.meta,/mnt/poseidon-data/poseidon/workflows/casa-wind-workflow-full/submit/poseidon/pegasus/casa-wind-full/run0148/00/02/point_alert_ID0000120.meta,/mnt/poseidon-data/poseidon/workflows/casa-wind-workflow-full/submit/poseidon/pegasus/casa-wind-full/run0148/00/02/point_alert_ID0000035.meta,/mnt/poseidon-data/poseidon/workflows/casa-wind-workflow-full/submit/poseidon/pegasus/casa-wind-full/run0148/00/02/point_alert_ID0000015.meta,/mnt/poseidon-data/poseidon/workflows/casa-wind-workflow-full/submit/poseidon/pegasus/casa-wind-full/run0148/00/02/point_alert_ID0000065.meta,/mnt/poseidon-data/poseidon/workflows/casa-wind-workflow-full/submit/poseidon/pegasus/casa-wind-full/run0148/00/02/point_alert_ID0000005.meta --insert /mnt/poseidon-data/poseidon/workflows/casa-wind-workflow-full/submit/poseidon/pegasus/casa-wind-full/run0148/00/03/register_condorpool_3_2.in",2.8,0,0,,,,,,,,,
cleanup_casa-wind-full_0_condorpool,None,auxiliary,0,1694350743.0,,,1694350748.0,,,0.0,1694350748.0,1694350753.0,,,0.0,1694350753.0,1694350758.0,5.0,,0.0,5.0,5.0,,,,,poseidon,local,poseidon-submit,pegasus::cleanup,/mnt/poseidon-data/poseidon/pegasus-5.1.0panorama/bin/pegasus-transfer,pegasus-kickstart  -n pegasus::cleanup -N null -i - -R local  -L casa-wind-full -T 2023-09-08T07:29:05+00:00 pegasus-transfer,0.2,0,0,,,,,,,,,
