,anomaly_type,type,is_clustered,ready,pre_script_start,pre_script_end,submit,stage_in_start,stage_in_end,stage_in_effective_bytes_per_sec,execute_start,execute_end,stage_out_start,stage_out_end,stage_out_effective_bytes_per_sec,post_script_start,post_script_end,wms_delay,pre_script_delay,queue_delay,runtime,post_script_delay,stage_in_delay,stage_in_bytes,stage_out_delay,stage_out_bytes,kickstart_user,kickstart_site,kickstart_hostname,kickstart_transformations,kickstart_executables,kickstart_executables_argv,kickstart_executables_cpu_time,kickstart_status,kickstart_executables_exitcode,kickstart_online_iowait,kickstart_online_bytes_read,kickstart_online_bytes_written,kickstart_online_read_system_calls,kickstart_online_write_system_calls,kickstart_online_utime,kickstart_online_stime,kickstart_online_bytes_read_per_second,kickstart_online_bytes_written_per_second
create_dir_casa-wind-full_0_condorpool,None,auxiliary,0,1694383979.0,,,1694383980.0,,,0.0,1694383983.0,1694383990.0,,,0.0,1694383990.0,1694383995.0,1.0,,3.0,7.0,5.0,,,,,poseidon,local,poseidon-submit,pegasus::dirmanager,/mnt/poseidon-data/poseidon/pegasus-5.1.0panorama/bin/pegasus-transfer,pegasus-kickstart  -n pegasus::dirmanager -N null -i - -R local  -L casa-wind-full -T 2023-09-08T07:29:05+00:00 pegasus-transfer,0.2,0,0,,,,,,,,,
unzip_ID0000006,None,compute,0,1694383995.0,,,1694384000.0,1694384026.0,1694384034.0,27346849.0,1694384024.0,1694384090.0,1694384047.0,1694384084.0,13649310.0,1694384090.0,1694384095.0,5.0,,24.0,66.0,5.0,8.0,222753803.0,37.0,501616588.0,poseidon,condorpool,poseidon-worker-2-container-0-3,unzip,/usr/bin/gunzip,,3.9,0,0,,,,,,,,,
unzip_ID0000106,None,compute,0,1694383995.0,,,1694384000.0,1694384026.0,1694384033.0,33935466.0,1694384024.0,1694384090.0,1694384046.0,1694384080.0,14855948.0,1694384090.0,1694384095.0,5.0,,24.0,66.0,5.0,7.0,241199298.0,34.0,501821816.0,poseidon,condorpool,poseidon-worker-2-container-12-15,unzip,/usr/bin/gunzip,,4.1,0,0,,,,,,,,,
unzip_ID0000046,cpu_2,compute,0,1694383995.0,,,1694384000.0,1694384023.0,1694384031.0,29210574.0,1694384022.0,1694384085.0,1694384045.0,1694384077.0,16046089.0,1694384085.0,1694384090.0,5.0,,22.0,63.0,5.0,8.0,229692821.0,32.0,523855228.0,poseidon,condorpool,poseidon-worker-2-container-4-7,unzip,/usr/bin/gunzip,,4.1,0,0,,,,,,,,,
unzip_ID0000101,cpu_2,compute,0,1694383995.0,,,1694384000.0,1694384022.0,1694384032.0,25543765.0,1694384020.0,1694384090.0,1694384046.0,1694384085.0,14335127.0,1694384090.0,1694384095.0,5.0,,20.0,70.0,5.0,10.0,250988249.0,39.0,561551644.0,poseidon,condorpool,poseidon-worker-1-container-0-3,unzip,/usr/bin/gunzip,,4.4,0,0,,,,,,,,,
unzip_ID0000026,None,compute,0,1694383995.0,,,1694384000.0,1694384021.0,1694384029.0,29053306.0,1694384020.0,1694384055.0,1694384041.0,1694384050.0,59914722.0,1694384055.0,1694384060.0,5.0,,20.0,35.0,5.0,8.0,227963832.0,9.0,523917888.0,poseidon,condorpool,poseidon-worker-2-container-8-11,unzip,/usr/bin/gunzip,,4.0,0,0,,,,,,,,,
unzip_ID0000126,None,compute,0,1694383995.0,,,1694384000.0,1694384021.0,1694384031.0,25640285.0,1694384020.0,1694384085.0,1694384045.0,1694384076.0,16399137.0,1694384085.0,1694384090.0,5.0,,20.0,65.0,5.0,10.0,249343892.0,31.0,520618424.0,poseidon,condorpool,poseidon-worker-2-container-24-27,unzip,/usr/bin/gunzip,,4.2,0,0,,,,,,,,,
unzip_ID0000031,None,compute,0,1694383995.0,,,1694384000.0,1694384022.0,1694384032.0,22820785.0,1694384020.0,1694384090.0,1694384045.0,1694384085.0,13663388.0,1694384090.0,1694384095.0,5.0,,20.0,70.0,5.0,10.0,237517035.0,40.0,539438752.0,poseidon,condorpool,poseidon-worker-2-container-16-19,unzip,/usr/bin/gunzip,,4.2,0,0,,,,,,,,,
unzip_ID0000076,cpu_2,compute,0,1694383995.0,,,1694384000.0,1694384022.0,1694384029.0,32145530.0,1694384020.0,1694384060.0,1694384042.0,1694384052.0,55795515.0,1694384060.0,1694384065.0,5.0,,20.0,40.0,5.0,7.0,233747923.0,10.0,523942844.0,poseidon,condorpool,poseidon-worker-1-container-16-19,unzip,/usr/bin/gunzip,,4.1,0,0,,,,,,,,,
unzip_ID0000056,None,compute,0,1694383995.0,,,1694384000.0,1694384022.0,1694384031.0,26235169.0,1694384020.0,1694384075.0,1694384044.0,1694384066.0,23454651.0,1694384075.0,1694384080.0,5.0,,20.0,55.0,5.0,9.0,232139969.0,22.0,528026776.0,poseidon,condorpool,poseidon-worker-2-container-28-31,unzip,/usr/bin/gunzip,,4.0,0,0,,,,,,,,,
unzip_ID0000111,cpu_2,compute,0,1694383995.0,,,1694384000.0,1694384022.0,1694384031.0,27104565.0,1694384020.0,1694384095.0,1694384045.0,1694384085.0,14206799.0,1694384095.0,1694384100.0,5.0,,20.0,75.0,5.0,9.0,256320311.0,40.0,567950764.0,poseidon,condorpool,poseidon-worker-2-container-20-23,unzip,/usr/bin/gunzip,,4.4,0,0,,,,,,,,,
unzip_ID0000071,None,compute,0,1694383995.0,,,1694384000.0,1694384021.0,1694384030.0,27409499.0,1694384020.0,1694384070.0,1694384043.0,1694384063.0,26955402.0,1694384070.0,1694384075.0,5.0,,20.0,50.0,5.0,9.0,240896692.0,20.0,539506600.0,poseidon,condorpool,poseidon-worker-1-container-8-11,unzip,/usr/bin/gunzip,,4.1,0,0,,,,,,,,,
unzip_ID0000051,None,compute,0,1694383995.0,,,1694384000.0,1694384022.0,1694384032.0,24142759.0,1694384020.0,1694384090.0,1694384046.0,1694384084.0,14258951.0,1694384090.0,1694384095.0,5.0,,20.0,70.0,5.0,10.0,239630266.0,38.0,544301296.0,poseidon,condorpool,poseidon-worker-1-container-4-7,unzip,/usr/bin/gunzip,,4.2,0,0,,,,,,,,,
unzip_ID0000011,None,compute,0,1694383995.0,,,1694384000.0,1694384023.0,1694384030.0,31346753.0,1694384021.0,1694384080.0,1694384044.0,1694384074.0,19085886.0,1694384080.0,1694384085.0,5.0,,21.0,59.0,5.0,7.0,235998389.0,30.0,565205920.0,poseidon,condorpool,poseidon-worker-1-container-12-15,unzip,/usr/bin/gunzip,,4.2,0,0,,,,,,,,,
unzip_ID0000091,None,compute,0,1694383995.0,,,1694384000.0,1694384022.0,1694384032.0,25035095.0,1694384020.0,1694384095.0,1694384045.0,1694384085.0,13504152.0,1694384095.0,1694384100.0,5.0,,20.0,75.0,5.0,10.0,246447087.0,40.0,539109992.0,poseidon,condorpool,poseidon-worker-2-container-36-39,unzip,/usr/bin/gunzip,,4.2,0,0,,,,,,,,,
unzip_ID0000081,None,compute,0,1694383995.0,,,1694384000.0,1694384021.0,1694384029.0,31435085.0,1694384020.0,1694384060.0,1694384042.0,1694384053.0,48521564.0,1694384060.0,1694384065.0,5.0,,20.0,40.0,5.0,8.0,245619741.0,11.0,543190672.0,poseidon,condorpool,poseidon-worker-2-container-12-15,unzip,/usr/bin/gunzip,,4.2,0,0,,,,,,,,,
unzip_ID0000096,None,compute,0,1694383995.0,,,1694384000.0,1694384022.0,1694384030.0,27112920.0,1694384020.0,1694384075.0,1694384044.0,1694384065.0,24204342.0,1694384075.0,1694384080.0,5.0,,20.0,55.0,5.0,8.0,240753402.0,21.0,524013876.0,poseidon,condorpool,poseidon-worker-2-container-44-47,unzip,/usr/bin/gunzip,,4.2,0,0,,,,,,,,,
unzip_ID0000061,None,compute,0,1694383995.0,,,1694384000.0,1694384022.0,1694384030.0,28043172.0,1694384020.0,1694384065.0,1694384043.0,1694384056.0,40171652.0,1694384065.0,1694384070.0,5.0,,20.0,45.0,5.0,8.0,240463185.0,13.0,541945820.0,poseidon,condorpool,poseidon-worker-2-container-0-3,unzip,/usr/bin/gunzip,,4.2,0,0,,,,,,,,,
unzip_ID0000001,None,compute,0,1694383995.0,,,1694384000.0,1694384022.0,1694384031.0,25336166.0,1694384020.0,1694384095.0,1694384046.0,1694384087.0,13709218.0,1694384095.0,1694384100.0,5.0,,20.0,75.0,5.0,9.0,232473216.0,41.0,561354992.0,poseidon,condorpool,poseidon-worker-1-container-40-43,unzip,/usr/bin/gunzip,,4.1,0,0,,,,,,,,,
unzip_ID0000121,None,compute,0,1694383995.0,,,1694384000.0,1694384021.0,1694384029.0,31029820.0,1694384020.0,1694384060.0,1694384042.0,1694384053.0,53388433.0,1694384060.0,1694384065.0,5.0,,20.0,40.0,5.0,8.0,250860096.0,11.0,550782944.0,poseidon,condorpool,poseidon-worker-2-container-40-43,unzip,/usr/bin/gunzip,,4.3,0,0,,,,,,,,,
unzip_ID0000066,None,compute,0,1694383995.0,,,1694384000.0,1694384021.0,1694384029.0,32225239.0,1694384020.0,1694384055.0,1694384041.0,1694384049.0,61005483.0,1694384055.0,1694384060.0,5.0,,20.0,35.0,5.0,8.0,232031705.0,8.0,523661496.0,poseidon,condorpool,poseidon-worker-1-container-28-31,unzip,/usr/bin/gunzip,,4.0,0,0,,,,,,,,,
unzip_ID0000041,None,compute,0,1694383995.0,,,1694384000.0,1694384022.0,1694384031.0,26345732.0,1694384020.0,1694384090.0,1694384046.0,1694384082.0,14673473.0,1694384090.0,1694384095.0,5.0,,20.0,70.0,5.0,9.0,238944758.0,36.0,540768928.0,poseidon,condorpool,poseidon-worker-1-container-44-47,unzip,/usr/bin/gunzip,,4.1,0,0,,,,,,,,,
unzip_ID0000086,None,compute,0,1694383995.0,,,1694384000.0,1694384022.0,1694384030.0,28389182.0,1694384020.0,1694384065.0,1694384043.0,1694384056.0,40918087.0,1694384065.0,1694384070.0,5.0,,20.0,45.0,5.0,8.0,234836668.0,13.0,518838800.0,poseidon,condorpool,poseidon-worker-1-container-24-27,unzip,/usr/bin/gunzip,,4.1,0,0,,,,,,,,,
unzip_ID0000016,cpu_2,compute,0,1694383995.0,,,1694384000.0,1694384022.0,1694384031.0,24210194.0,1694384020.0,1694384085.0,1694384045.0,1694384075.0,17333408.0,1694384085.0,1694384090.0,5.0,,20.0,65.0,5.0,9.0,225238888.0,30.0,523826084.0,poseidon,condorpool,poseidon-worker-2-container-32-35,unzip,/usr/bin/gunzip,,4.0,0,0,,,,,,,,,
unzip_ID0000036,None,compute,0,1694383995.0,,,1694384000.0,1694384022.0,1694384031.0,25208419.0,1694384020.0,1694384085.0,1694384044.0,1694384075.0,17168003.0,1694384085.0,1694384090.0,5.0,,20.0,65.0,5.0,9.0,232020704.0,31.0,526952240.0,poseidon,condorpool,poseidon-worker-1-container-20-23,unzip,/usr/bin/gunzip,,4.0,0,0,,,,,,,,,
unzip_ID0000116,None,compute,0,1694383995.0,,,1694384000.0,1694384022.0,1694384031.0,27362201.0,1694384020.0,1694384080.0,1694384044.0,1694384072.0,18736206.0,1694384080.0,1694384085.0,5.0,,20.0,60.0,5.0,9.0,249255741.0,28.0,520850676.0,poseidon,condorpool,poseidon-worker-1-container-32-35,unzip,/usr/bin/gunzip,,4.2,0,0,,,,,,,,,
unzip_ID0000021,None,compute,0,1694383995.0,,,1694384000.0,1694384022.0,1694384032.0,23114143.0,1694384020.0,1694384090.0,1694384046.0,1694384084.0,14061637.0,1694384090.0,1694384095.0,5.0,,20.0,70.0,5.0,10.0,235136662.0,38.0,539178100.0,poseidon,condorpool,poseidon-worker-1-container-36-39,unzip,/usr/bin/gunzip,,4.1,0,0,,,,,,,,,
um_vel_ID0000027,None,compute,0,1694384060.0,,,1694384065.0,1694384068.0,1694384090.0,42306598.6,1694384066.0,1694384110.0,1694384098.0,1694384101.0,173167.0,1694384110.0,1694384115.0,5.0,,1.0,44.0,5.0,22.0,700504640.0,3.0,556900.0,poseidon,condorpool,poseidon-worker-2-container-8-11,um_vel,/opt/UM_VEL/UM_VEL,,1.7,0,0,,,,,,,,,
um_vel_ID0000067,None,compute,0,1694384060.0,,,1694384065.0,1694384068.0,1694384092.0,37526044.2,1694384066.0,1694384110.0,1694384100.0,1694384103.0,175450.0,1694384110.0,1694384115.0,5.0,,1.0,44.0,5.0,24.0,700248248.0,3.0,556900.0,poseidon,condorpool,poseidon-worker-1-container-28-31,um_vel,/opt/UM_VEL/UM_VEL,,1.7,0,0,,,,,,,,,
um_vel_ID0000082,None,compute,0,1694384065.0,,,1694384070.0,1694384073.0,1694384093.0,49427615.3,1694384071.0,1694384115.0,1694384102.0,1694384105.0,176879.0,1694384115.0,1694384122.0,5.0,,1.0,44.0,7.0,20.0,719777424.0,3.0,556900.0,poseidon,condorpool,poseidon-worker-2-container-0-3,um_vel,/opt/UM_VEL/UM_VEL,,1.8,0,0,,,,,,,,,
um_vel_ID0000077,None,compute,0,1694384065.0,,,1694384070.0,1694384073.0,1694384093.0,47433367.4,1694384071.0,1694384115.0,1694384102.0,1694384105.0,176162.0,1694384115.0,1694384122.0,5.0,,1.0,44.0,7.0,20.0,700529596.0,3.0,556900.0,poseidon,condorpool,poseidon-worker-1-container-8-11,um_vel,/opt/UM_VEL/UM_VEL,,1.7,0,0,,,,,,,,,
um_vel_ID0000122,None,compute,0,1694384065.0,,,1694384070.0,1694384073.0,1694384094.0,47568451.9,1694384071.0,1694384115.0,1694384103.0,1694384106.0,176953.0,1694384115.0,1694384122.0,5.0,,1.0,44.0,7.0,21.0,727369696.0,3.0,556900.0,poseidon,condorpool,poseidon-worker-1-container-24-27,um_vel,/opt/UM_VEL/UM_VEL,,1.8,0,0,,,,,,,,,
um_vel_ID0000062,None,compute,0,1694384070.0,,,1694384075.0,1694384077.0,1694384097.0,52858396.2,1694384076.0,1694384115.0,1694384105.0,1694384108.0,176155.0,1694384115.0,1694384122.0,5.0,,1.0,39.0,7.0,20.0,718532572.0,3.0,556900.0,poseidon,condorpool,poseidon-worker-2-container-40-43,um_vel,/opt/UM_VEL/UM_VEL,,1.8,0,0,,,,,,,,,
um_vel_ID0000087,None,compute,0,1694384070.0,,,1694384075.0,1694384077.0,1694384096.0,52948736.8,1694384076.0,1694384115.0,1694384105.0,1694384108.0,178453.0,1694384115.0,1694384122.0,5.0,,1.0,39.0,7.0,19.0,695425552.0,3.0,556900.0,poseidon,condorpool,poseidon-worker-2-container-44-47,um_vel,/opt/UM_VEL/UM_VEL,,1.7,0,0,,,,,,,,,
um_vel_ID0000072,None,compute,0,1694384075.0,,,1694384080.0,1694384083.0,1694384103.0,48593060.2,1694384081.0,1694384127.0,1694384112.0,1694384115.0,175313.0,1694384127.0,1694384132.0,5.0,,1.0,46.0,5.0,20.0,716093352.0,3.0,556900.0,poseidon,condorpool,poseidon-worker-1-container-12-15,um_vel,/opt/UM_VEL/UM_VEL,,1.7,0,0,,,,,,,,,
um_vel_ID0000057,cpu_2,compute,0,1694384080.0,,,1694384085.0,1694384088.0,1694384107.0,54445842.8,1694384086.0,1694384127.0,1694384115.0,1694384118.0,175636.0,1694384127.0,1694384132.0,5.0,,1.0,41.0,5.0,19.0,704613528.0,3.0,556900.0,poseidon,condorpool,poseidon-worker-2-container-4-7,um_vel,/opt/UM_VEL/UM_VEL,,1.8,0,0,,,,,,,,,
um_vel_ID0000097,None,compute,0,1694384080.0,,,1694384085.0,1694384088.0,1694384108.0,47224788.9,1694384086.0,1694384127.0,1694384117.0,1694384120.0,174699.0,1694384127.0,1694384132.0,5.0,,1.0,41.0,5.0,20.0,700600628.0,3.0,556900.0,poseidon,condorpool,poseidon-worker-1-container-20-23,um_vel,/opt/UM_VEL/UM_VEL,,1.7,0,0,,,,,,,,,
um_vel_ID0000012,None,compute,0,1694384085.0,,,1694384090.0,1694384093.0,1694384113.0,53677515.9,1694384092.0,1694384132.0,1694384122.0,1694384125.0,176759.0,1694384132.0,1694384137.0,5.0,,2.0,40.0,5.0,20.0,741792672.0,3.0,556900.0,poseidon,condorpool,poseidon-worker-2-container-0-3,um_vel,/opt/UM_VEL/UM_VEL,,1.8,0,0,,,,,,,,,
um_vel_ID0000117,None,compute,0,1694384085.0,,,1694384090.0,1694384093.0,1694384112.0,55126476.5,1694384092.0,1694384132.0,1694384120.0,1694384123.0,176876.0,1694384132.0,1694384137.0,5.0,,2.0,40.0,5.0,19.0,697437428.0,3.0,556900.0,poseidon,condorpool,poseidon-worker-2-container-16-19,um_vel,/opt/UM_VEL/UM_VEL,,1.8,0,0,,,,,,,,,
um_vel_ID0000047,None,compute,0,1694384090.0,,,1694384095.0,1694384098.0,1694384116.0,53678694.8,1694384096.0,1694384137.0,1694384125.0,1694384129.0,173055.0,1694384137.0,1694384142.0,5.0,,1.0,41.0,5.0,18.0,700441980.0,4.0,556900.0,poseidon,condorpool,poseidon-worker-1-container-40-43,um_vel,/opt/UM_VEL/UM_VEL,,1.7,0,0,,,,,,,,,
um_vel_ID0000037,cpu_2,compute,0,1694384090.0,,,1694384095.0,1694384098.0,1694384116.0,54942473.0,1694384096.0,1694384137.0,1694384125.0,1694384129.0,174911.0,1694384137.0,1694384142.0,5.0,,1.0,41.0,5.0,18.0,703538992.0,4.0,556900.0,poseidon,condorpool,poseidon-worker-1-container-0-3,um_vel,/opt/UM_VEL/UM_VEL,,1.7,0,0,,,,,,,,,
um_vel_ID0000017,None,compute,0,1694384090.0,,,1694384095.0,1694384098.0,1694384116.0,54234710.2,1694384096.0,1694384137.0,1694384125.0,1694384128.0,176569.0,1694384137.0,1694384142.0,5.0,,1.0,41.0,5.0,18.0,700412836.0,3.0,556900.0,poseidon,condorpool,poseidon-worker-2-container-36-39,um_vel,/opt/UM_VEL/UM_VEL,,1.7,0,0,,,,,,,,,
um_vel_ID0000127,cpu_2,compute,0,1694384090.0,,,1694384095.0,1694384098.0,1694384117.0,52456143.2,1694384096.0,1694384137.0,1694384125.0,1694384128.0,171958.0,1694384137.0,1694384142.0,5.0,,1.0,41.0,5.0,19.0,697205176.0,3.0,556900.0,poseidon,condorpool,poseidon-worker-2-container-20-23,um_vel,/opt/UM_VEL/UM_VEL,,1.7,0,0,,,,,,,,,
um_vel_ID0000052,None,compute,0,1694384095.0,,,1694384100.0,1694384103.0,1694384124.0,47407931.6,1694384101.0,1694384142.0,1694384133.0,1694384136.0,177504.0,1694384142.0,1694384147.0,5.0,,1.0,41.0,5.0,21.0,720888048.0,3.0,556900.0,poseidon,condorpool,poseidon-worker-1-container-32-35,um_vel,/opt/UM_VEL/UM_VEL,,1.8,0,0,,,,,,,,,
um_vel_ID0000022,None,compute,0,1694384095.0,,,1694384100.0,1694384103.0,1694384123.0,52433783.0,1694384101.0,1694384142.0,1694384131.0,1694384134.0,173514.0,1694384142.0,1694384147.0,5.0,,1.0,41.0,5.0,20.0,715764852.0,3.0,556900.0,poseidon,condorpool,poseidon-worker-2-container-24-27,um_vel,/opt/UM_VEL/UM_VEL,,1.8,0,0,,,,,,,,,
um_vel_ID0000007,cpu_2,compute,0,1694384095.0,,,1694384100.0,1694384103.0,1694384123.0,47498227.8,1694384101.0,1694384142.0,1694384131.0,1694384135.0,171873.0,1694384142.0,1694384147.0,5.0,,1.0,41.0,5.0,20.0,678203340.0,4.0,556900.0,poseidon,condorpool,poseidon-worker-2-container-32-35,um_vel,/opt/UM_VEL/UM_VEL,,1.7,0,0,,,,,,,,,
um_vel_ID0000032,None,compute,0,1694384095.0,,,1694384100.0,1694384103.0,1694384123.0,48997262.0,1694384101.0,1694384142.0,1694384132.0,1694384135.0,172639.0,1694384142.0,1694384147.0,5.0,,1.0,41.0,5.0,20.0,716025504.0,3.0,556900.0,poseidon,condorpool,poseidon-worker-1-container-44-47,um_vel,/opt/UM_VEL/UM_VEL,,1.7,0,0,,,,,,,,,
um_vel_ID0000042,None,compute,0,1694384095.0,,,1694384100.0,1694384103.0,1694384123.0,50234149.9,1694384101.0,1694384142.0,1694384132.0,1694384135.0,172718.0,1694384142.0,1694384147.0,5.0,,1.0,41.0,5.0,20.0,717355680.0,3.0,556900.0,poseidon,condorpool,poseidon-worker-1-container-36-39,um_vel,/opt/UM_VEL/UM_VEL,,1.7,0,0,,,,,,,,,
um_vel_ID0000102,None,compute,0,1694384095.0,,,1694384100.0,1694384103.0,1694384123.0,53181363.0,1694384101.0,1694384142.0,1694384131.0,1694384135.0,172964.0,1694384142.0,1694384147.0,5.0,,1.0,41.0,5.0,20.0,738138396.0,4.0,556900.0,poseidon,condorpool,poseidon-worker-1-container-4-7,um_vel,/opt/UM_VEL/UM_VEL,,1.8,0,0,,,,,,,,,
um_vel_ID0000107,None,compute,0,1694384095.0,,,1694384100.0,1694384103.0,1694384122.0,50426050.0,1694384101.0,1694384142.0,1694384131.0,1694384134.0,173459.0,1694384142.0,1694384147.0,5.0,,1.0,41.0,5.0,19.0,678408568.0,3.0,556900.0,poseidon,condorpool,poseidon-worker-2-container-12-15,um_vel,/opt/UM_VEL/UM_VEL,,1.7,0,0,,,,,,,,,
um_vel_ID0000092,None,compute,0,1694384100.0,,,1694384105.0,1694384111.0,1694384131.0,52860007.1,1694384110.0,1694384152.0,1694384139.0,1694384142.0,178085.0,1694384152.0,1694384157.0,5.0,,5.0,42.0,5.0,20.0,715696744.0,3.0,556900.0,poseidon,condorpool,poseidon-worker-1-container-28-31,um_vel,/opt/UM_VEL/UM_VEL,,1.7,0,0,,,,,,,,,
stage_out_local_condorpool_0_1,None,transfer,0,1694384100.0,,,1694384105.0,,,0.0,1694384107.0,1694384142.0,,,0.0,1694384142.0,1694384147.0,5.0,,2.0,35.0,5.0,,,,,poseidon,local,poseidon-submit,pegasus::transfer,/mnt/poseidon-data/poseidon/pegasus-5.1.0panorama/bin/pegasus-transfer,/home/poseidon/pegasus-5.1.0panorama/bin/../bin/pegasus-kickstart  -n pegasus::transfer -N null -i - -R local  -L casa-wind-full -T 2023-09-08T07:29:05+00:00 /home/poseidon/pegasus-5.1.0panorama/bin/../bin/pegasus-transfer  --threads 2,35.3,0,0,,,,,,,,,
stage_out_local_condorpool_0_2,None,transfer,0,1694384100.0,,,1694384105.0,,,0.0,1694384107.0,1694384142.0,,,0.0,1694384142.0,1694384147.0,5.0,,2.0,35.0,5.0,,,,,poseidon,local,poseidon-submit,pegasus::transfer,/mnt/poseidon-data/poseidon/pegasus-5.1.0panorama/bin/pegasus-transfer,/home/poseidon/pegasus-5.1.0panorama/bin/../bin/pegasus-kickstart  -n pegasus::transfer -N null -i - -R local  -L casa-wind-full -T 2023-09-08T07:29:05+00:00 /home/poseidon/pegasus-5.1.0panorama/bin/../bin/pegasus-transfer  --threads 2,36.0,0,0,,,,,,,,,
um_vel_ID0000002,None,compute,0,1694384100.0,,,1694384105.0,1694384113.0,1694384135.0,47053556.4,1694384111.0,1694384157.0,1694384143.0,1694384146.0,175891.0,1694384157.0,1694384162.0,5.0,,6.0,46.0,5.0,22.0,737941744.0,3.0,556900.0,poseidon,condorpool,poseidon-worker-1-container-8-11,um_vel,/opt/UM_VEL/UM_VEL,,1.7,0,0,,,,,,,,,
um_vel_ID0000112,None,compute,0,1694384100.0,,,1694384105.0,1694384109.0,1694384130.0,50999444.4,1694384108.0,1694384152.0,1694384138.0,1694384142.0,176070.0,1694384152.0,1694384157.0,5.0,,3.0,44.0,5.0,21.0,744537516.0,4.0,556900.0,poseidon,condorpool,poseidon-worker-2-container-8-11,um_vel,/opt/UM_VEL/UM_VEL,,1.8,0,0,,,,,,,,,
stage_out_local_condorpool_0_0,None,transfer,0,1694384100.0,,,1694384105.0,,,0.0,1694384107.0,1694384142.0,,,0.0,1694384142.0,1694384147.0,5.0,,2.0,35.0,5.0,,,,,poseidon,local,poseidon-submit,pegasus::transfer,/mnt/poseidon-data/poseidon/pegasus-5.1.0panorama/bin/pegasus-transfer,/home/poseidon/pegasus-5.1.0panorama/bin/../bin/pegasus-kickstart  -n pegasus::transfer -N null -i - -R local  -L casa-wind-full -T 2023-09-08T07:29:05+00:00 /home/poseidon/pegasus-5.1.0panorama/bin/../bin/pegasus-transfer  --threads 2,36.3,0,0,,,,,,,,,
mvt_ID0000069,None,compute,0,1694384115.0,,,1694384122.0,1694384126.0,1694384137.0,33766857.0,1694384124.0,1694384192.0,1694384182.0,1694384185.0,11436.0,1694384192.0,1694384197.0,7.0,,2.0,68.0,5.0,11.0,177143652.0,3.0,35309.0,poseidon,condorpool,poseidon-worker-2-container-40-43,mvt,/opt/mvt/mvt,,39.9,0,0,0.0,791891.0,16384.0,428.0,4.0,29.9,0.1,26396.4,819.2
post_vel_ID0000068,None,compute,0,1694384115.0,,,1694384121.0,1694384126.0,1694384137.0,33803682.4,1694384124.0,1694384152.0,1694384142.0,1694384145.0,3722.0,1694384152.0,1694384157.0,6.0,,3.0,28.0,5.0,11.0,177143937.0,3.0,11398.0,poseidon,condorpool,poseidon-worker-2-container-0-3,post_vel,/opt/netcdf2png/merged_netcdf2png,,0.1,0,0,,,,,,,,,
post_vel_ID0000028,None,compute,0,1694384115.0,,,1694384120.0,1694384126.0,1694384137.0,29723386.0,1694384124.0,1694384152.0,1694384142.0,1694384146.0,3643.0,1694384152.0,1694384157.0,5.0,,4.0,28.0,5.0,11.0,177143937.0,4.0,11529.0,poseidon,condorpool,poseidon-worker-2-container-44-47,post_vel,/opt/netcdf2png/merged_netcdf2png,,0.1,0,0,,,,,,,,,
mvt_ID0000029,None,compute,0,1694384115.0,,,1694384120.0,1694384125.0,1694384137.0,32611361.8,1694384124.0,1694384192.0,1694384182.0,1694384185.0,12417.0,1694384192.0,1694384197.0,5.0,,4.0,68.0,5.0,12.0,177143652.0,3.0,38341.0,poseidon,condorpool,poseidon-worker-1-container-24-27,mvt,/opt/mvt/mvt,,39.9,0,0,0.0,790516.0,20480.0,425.0,5.0,29.9,0.1,26350.5,1024.0
post_vel_ID0000123,cpu_2,compute,0,1694384122.0,,,1694384127.0,1694384137.0,1694384148.0,31575410.0,1694384135.0,1694384162.0,1694384153.0,1694384156.0,4781.0,1694384162.0,1694384167.0,5.0,,8.0,27.0,5.0,11.0,177143937.0,3.0,14777.0,poseidon,condorpool,poseidon-worker-2-container-20-23,post_vel,/opt/netcdf2png/merged_netcdf2png,,0.1,0,0,,,,,,,,,
mvt_ID0000124,cpu_2,compute,0,1694384122.0,,,1694384127.0,1694384137.0,1694384148.0,35163046.6,1694384135.0,1694384202.0,1694384192.0,1694384195.0,23042.0,1694384202.0,1694384207.0,5.0,,8.0,67.0,5.0,11.0,177143652.0,3.0,70564.0,poseidon,condorpool,poseidon-worker-1-container-0-3,mvt,/opt/mvt/mvt,,38.8,0,0,0.0,789073.0,40960.0,422.0,10.0,29.9,0.1,26302.4,4096.0
post_vel_ID0000078,None,compute,0,1694384122.0,,,1694384127.0,1694384131.0,1694384142.0,35168385.4,1694384129.0,1694384157.0,1694384147.0,1694384150.0,3962.0,1694384157.0,1694384162.0,5.0,,2.0,28.0,5.0,11.0,177143937.0,3.0,12264.0,poseidon,condorpool,poseidon-worker-1-container-12-15,post_vel,/opt/netcdf2png/merged_netcdf2png,,0.1,0,0,,,,,,,,,
post_vel_ID0000083,None,compute,0,1694384122.0,,,1694384127.0,1694384133.0,1694384143.0,34135534.4,1694384131.0,1694384162.0,1694384149.0,1694384152.0,3986.0,1694384162.0,1694384167.0,5.0,,4.0,31.0,5.0,10.0,177143937.0,3.0,12720.0,poseidon,condorpool,poseidon-worker-2-container-0-3,post_vel,/opt/netcdf2png/merged_netcdf2png,,0.1,0,0,,,,,,,,,
mvt_ID0000064,cpu_2,compute,0,1694384122.0,,,1694384127.0,1694384130.0,1694384141.0,34868305.4,1694384129.0,1694384197.0,1694384187.0,1694384190.0,10067.0,1694384197.0,1694384202.0,5.0,,2.0,68.0,5.0,11.0,177143652.0,3.0,31148.0,poseidon,condorpool,poseidon-worker-2-container-4-7,mvt,/opt/mvt/mvt,,40.1,0,0,0.0,792845.0,16384.0,437.0,4.0,39.9,0.1,19821.1,819.2
post_vel_ID0000063,None,compute,0,1694384122.0,,,1694384127.0,1694384130.0,1694384141.0,35018380.2,1694384129.0,1694384157.0,1694384147.0,1694384150.0,3787.0,1694384157.0,1694384162.0,5.0,,2.0,28.0,5.0,11.0,177143937.0,3.0,11628.0,poseidon,condorpool,poseidon-worker-1-container-20-23,post_vel,/opt/netcdf2png/merged_netcdf2png,,0.1,0,0,,,,,,,,,
mvt_ID0000084,None,compute,0,1694384122.0,,,1694384127.0,1694384136.0,1694384147.0,34944969.2,1694384135.0,1694384202.0,1694384193.0,1694384196.0,15522.0,1694384202.0,1694384207.0,5.0,,8.0,67.0,5.0,11.0,177143652.0,3.0,47998.0,poseidon,condorpool,poseidon-worker-2-container-36-39,mvt,/opt/mvt/mvt,,40.1,0,0,0.0,795679.0,24576.0,443.0,6.0,39.9,0.1,19892.0,1228.8
mvt_ID0000089,None,compute,0,1694384122.0,,,1694384127.0,1694384142.0,1694384153.0,35125195.4,1694384140.0,1694384212.0,1694384198.0,1694384201.0,15665.0,1694384212.0,1694384217.0,5.0,,13.0,72.0,5.0,11.0,177143652.0,3.0,48475.0,poseidon,condorpool,poseidon-worker-2-container-12-15,mvt,/opt/mvt/mvt,,40.1,0,0,0.0,821853.0,24576.0,500.0,6.0,39.9,0.1,20546.3,2457.6
mvt_ID0000079,None,compute,0,1694384122.0,,,1694384127.0,1694384131.0,1694384143.0,30909187.4,1694384129.0,1694384197.0,1694384188.0,1694384191.0,14709.0,1694384197.0,1694384202.0,5.0,,2.0,68.0,5.0,12.0,177143652.0,3.0,45337.0,poseidon,condorpool,poseidon-worker-2-container-16-19,mvt,/opt/mvt/mvt,,40.1,0,0,0.0,795681.0,24576.0,443.0,6.0,39.9,0.1,19892.0,1228.8
post_vel_ID0000088,None,compute,0,1694384122.0,,,1694384127.0,1694384137.0,1694384148.0,35027308.8,1694384135.0,1694384162.0,1694384153.0,1694384156.0,4126.0,1694384162.0,1694384167.0,5.0,,8.0,27.0,5.0,11.0,177143937.0,3.0,12740.0,poseidon,condorpool,poseidon-worker-1-container-40-43,post_vel,/opt/netcdf2png/merged_netcdf2png,,0.1,0,0,,,,,,,,,
mvt_ID0000074,None,compute,0,1694384132.0,,,1694384137.0,1694384142.0,1694384153.0,34519491.0,1694384141.0,1694384212.0,1694384199.0,1694384202.0,12598.0,1694384212.0,1694384217.0,5.0,,4.0,71.0,5.0,11.0,177143652.0,3.0,38855.0,poseidon,condorpool,poseidon-worker-1-container-36-39,mvt,/opt/mvt/mvt,,40.0,0,0,0.0,792919.0,20480.0,437.0,5.0,39.9,0.1,19823.0,1024.0
post_vel_ID0000073,cpu_2,compute,0,1694384132.0,,,1694384137.0,1694384142.0,1694384153.0,34828855.2,1694384141.0,1694384172.0,1694384159.0,1694384162.0,3874.0,1694384172.0,1694384177.0,5.0,,4.0,31.0,5.0,11.0,177143937.0,3.0,11825.0,poseidon,condorpool,poseidon-worker-2-container-32-35,post_vel,/opt/netcdf2png/merged_netcdf2png,,0.1,0,0,,,,,,,,,
mvt_ID0000059,None,compute,0,1694384132.0,,,1694384137.0,1694384142.0,1694384153.0,35096617.2,1694384141.0,1694384212.0,1694384199.0,1694384202.0,9203.0,1694384212.0,1694384217.0,5.0,,4.0,71.0,5.0,11.0,177143652.0,3.0,28164.0,poseidon,condorpool,poseidon-worker-1-container-4-7,mvt,/opt/mvt/mvt,,40.0,0,0,0.0,794209.0,12288.0,440.0,3.0,39.9,0.1,19855.2,1228.8
post_vel_ID0000058,None,compute,0,1694384132.0,,,1694384137.0,1694384142.0,1694384153.0,35002027.6,1694384140.0,1694384172.0,1694384159.0,1694384162.0,3555.0,1694384172.0,1694384177.0,5.0,,3.0,32.0,5.0,11.0,177143937.0,3.0,10981.0,poseidon,condorpool,poseidon-worker-2-container-24-27,post_vel,/opt/netcdf2png/merged_netcdf2png,,0.1,0,0,,,,,,,,,
post_vel_ID0000098,None,compute,0,1694384132.0,,,1694384137.0,1694384143.0,1694384154.0,35164137.6,1694384142.0,1694384172.0,1694384160.0,1694384163.0,4358.0,1694384172.0,1694384177.0,5.0,,5.0,30.0,5.0,11.0,177143937.0,3.0,13355.0,poseidon,condorpool,poseidon-worker-1-container-32-35,post_vel,/opt/netcdf2png/merged_netcdf2png,,0.1,0,0,,,,,,,,,
mvt_ID0000099,None,compute,0,1694384132.0,,,1694384137.0,1694384143.0,1694384154.0,35142563.2,1694384141.0,1694384212.0,1694384199.0,1694384202.0,16186.0,1694384212.0,1694384217.0,5.0,,4.0,71.0,5.0,11.0,177143652.0,3.0,50118.0,poseidon,condorpool,poseidon-worker-1-container-44-47,mvt,/opt/mvt/mvt,,40.0,0,0,0.0,821748.0,28672.0,500.0,7.0,39.9,0.1,20543.7,1433.6
post_vel_ID0000118,None,compute,0,1694384137.0,,,1694384142.0,1694384148.0,1694384159.0,29777034.5,1694384147.0,1694384177.0,1694384164.0,1694384168.0,4620.0,1694384177.0,1694384182.0,5.0,,5.0,30.0,5.0,11.0,177143937.0,4.0,14402.0,poseidon,condorpool,poseidon-worker-1-container-44-47,post_vel,/opt/netcdf2png/merged_netcdf2png,,0.1,0,0,,,,,,,,,
mvt_ID0000014,None,compute,0,1694384137.0,,,1694384142.0,1694384148.0,1694384159.0,29702646.0,1694384147.0,1694384217.0,1694384204.0,1694384207.0,10454.0,1694384217.0,1694384222.0,5.0,,5.0,70.0,5.0,11.0,177143652.0,3.0,31991.0,poseidon,condorpool,poseidon-worker-2-container-12-15,mvt,/opt/mvt/mvt,,39.5,0,0,0.0,822207.0,16384.0,494.0,4.0,29.8,0.1,27406.9,819.2
post_vel_ID0000013,None,compute,0,1694384137.0,,,1694384142.0,1694384148.0,1694384160.0,29870590.0,1694384147.0,1694384177.0,1694384165.0,1694384168.0,3553.0,1694384177.0,1694384182.0,5.0,,5.0,30.0,5.0,12.0,177143937.0,3.0,11040.0,poseidon,condorpool,poseidon-worker-2-container-0-3,post_vel,/opt/netcdf2png/merged_netcdf2png,,0.1,0,0,,,,,,,,,
mvt_ID0000119,None,compute,0,1694384137.0,,,1694384142.0,1694384148.0,1694384159.0,29784536.5,1694384147.0,1694384217.0,1694384205.0,1694384208.0,21246.0,1694384217.0,1694384222.0,5.0,,5.0,70.0,5.0,11.0,177143652.0,3.0,65525.0,poseidon,condorpool,poseidon-worker-1-container-40-43,mvt,/opt/mvt/mvt,,40.3,0,0,0.0,806722.0,36864.0,467.0,9.0,39.5,0.4,20168.0,3686.4
mvt_ID0000049,None,compute,0,1694384142.0,,,1694384147.0,1694384149.0,1694384160.0,33479968.2,1694384148.0,1694384217.0,1694384205.0,1694384208.0,7897.0,1694384217.0,1694384222.0,5.0,,1.0,69.0,5.0,11.0,177143652.0,3.0,24108.0,poseidon,condorpool,poseidon-worker-2-container-8-11,mvt,/opt/mvt/mvt,,39.9,0,0,0.0,791935.0,12288.0,428.0,3.0,29.9,0.1,26397.8,1228.8
mvt_ID0000039,None,compute,0,1694384142.0,,,1694384147.0,1694384158.0,1694384169.0,29743826.0,1694384156.0,1694384222.0,1694384214.0,1694384217.0,11232.0,1694384222.0,1694384227.0,5.0,,9.0,66.0,5.0,11.0,177143652.0,3.0,34386.0,poseidon,condorpool,poseidon-worker-1-container-12-15,mvt,/opt/mvt/mvt,,39.9,0,0,0.0,790593.0,16384.0,425.0,4.0,29.9,0.1,26353.1,819.2
post_vel_ID0000018,None,compute,0,1694384142.0,,,1694384147.0,1694384157.0,1694384168.0,35218417.0,1694384156.0,1694384182.0,1694384174.0,1694384177.0,3814.0,1694384182.0,1694384187.0,5.0,,9.0,26.0,5.0,11.0,177143937.0,3.0,11645.0,poseidon,condorpool,poseidon-worker-1-container-20-23,post_vel,/opt/netcdf2png/merged_netcdf2png,,0.1,0,0,,,,,,,,,
mvt_ID0000019,None,compute,0,1694384142.0,,,1694384147.0,1694384154.0,1694384165.0,35055702.0,1694384153.0,1694384222.0,1694384210.0,1694384214.0,11731.0,1694384222.0,1694384227.0,5.0,,6.0,69.0,5.0,11.0,177143652.0,4.0,36245.0,poseidon,condorpool,poseidon-worker-1-container-8-11,mvt,/opt/mvt/mvt,,40.0,0,0,0.0,805268.0,20480.0,464.0,5.0,39.8,0.2,20131.7,1024.0
post_vel_ID0000128,None,compute,0,1694384142.0,,,1694384147.0,1694384153.0,1694384164.0,33443051.6,1694384152.0,1694384182.0,1694384170.0,1694384173.0,4626.0,1694384182.0,1694384187.0,5.0,,5.0,30.0,5.0,11.0,177143937.0,3.0,14512.0,poseidon,condorpool,poseidon-worker-2-container-44-47,post_vel,/opt/netcdf2png/merged_netcdf2png,,0.1,0,0,,,,,,,,,
post_vel_ID0000048,None,compute,0,1694384142.0,,,1694384147.0,1694384150.0,1694384161.0,35271213.4,1694384148.0,1694384177.0,1694384166.0,1694384169.0,3386.0,1694384177.0,1694384182.0,5.0,,1.0,29.0,5.0,11.0,177143937.0,3.0,10371.0,poseidon,condorpool,poseidon-worker-1-container-28-31,post_vel,/opt/netcdf2png/merged_netcdf2png,,0.2,0,0,,,,,,,,,
post_vel_ID0000038,None,compute,0,1694384142.0,,,1694384147.0,1694384160.0,1694384171.0,29689233.5,1694384158.0,1694384187.0,1694384176.0,1694384179.0,3682.0,1694384187.0,1694384192.0,5.0,,11.0,29.0,5.0,11.0,177143937.0,3.0,11227.0,poseidon,condorpool,poseidon-worker-2-container-0-3,post_vel,/opt/netcdf2png/merged_netcdf2png,,0.1,0,0,,,,,,,,,
mvt_ID0000129,None,compute,0,1694384142.0,,,1694384147.0,1694384153.0,1694384164.0,29731180.0,1694384151.0,1694384222.0,1694384209.0,1694384212.0,20659.0,1694384222.0,1694384227.0,5.0,,4.0,71.0,5.0,11.0,177143652.0,3.0,64489.0,poseidon,condorpool,poseidon-worker-2-container-0-3,mvt,/opt/mvt/mvt,,39.5,0,0,0.0,861823.0,36864.0,581.0,9.0,29.9,0.0,28727.4,3686.4
mvt_ID0000009,None,compute,0,1694384147.0,,,1694384152.0,1694384169.0,1694384181.0,26594724.0,1694384167.0,1694384237.0,1694384225.0,1694384228.0,11235.0,1694384237.0,1694384242.0,5.0,,15.0,70.0,5.0,12.0,177143652.0,3.0,35429.0,poseidon,condorpool,poseidon-worker-2-container-12-15,mvt,/opt/mvt/mvt,,38.9,0,0,0.0,852442.0,20480.0,560.0,5.0,29.9,0.1,28414.7,1024.0
post_vel_ID0000103,None,compute,0,1694384147.0,,,1694384152.0,1694384169.0,1694384180.0,29127851.4,1694384167.0,1694384197.0,1694384186.0,1694384189.0,4460.0,1694384197.0,1694384202.0,5.0,,15.0,30.0,5.0,11.0,177143937.0,3.0,13815.0,poseidon,condorpool,poseidon-worker-1-container-40-43,post_vel,/opt/netcdf2png/merged_netcdf2png,,0.1,0,0,,,,,,,,,
mvt_ID0000104,None,compute,0,1694384147.0,,,1694384152.0,1694384169.0,1694384179.0,29710544.5,1694384167.0,1694384232.0,1694384223.0,1694384226.0,19283.0,1694384232.0,1694384237.0,5.0,,15.0,65.0,5.0,10.0,177143652.0,3.0,59590.0,poseidon,condorpool,poseidon-worker-1-container-44-47,mvt,/opt/mvt/mvt,,37.9,0,0,0.0,822148.0,32768.0,494.0,8.0,29.9,0.1,27404.9,3276.8
mvt_ID0000044,None,compute,0,1694384147.0,,,1694384152.0,1694384169.0,1694384180.0,27888566.0,1694384167.0,1694384237.0,1694384225.0,1694384228.0,8838.0,1694384237.0,1694384242.0,5.0,,15.0,70.0,5.0,11.0,177143652.0,3.0,28113.0,poseidon,condorpool,poseidon-worker-1-container-32-35,mvt,/opt/mvt/mvt,,39.7,0,0,0.0,791978.0,12288.0,428.0,3.0,29.9,0.1,26399.3,1228.8
post_vel_ID0000043,None,compute,0,1694384147.0,,,1694384152.0,1694384169.0,1694384180.0,34472441.2,1694384167.0,1694384197.0,1694384185.0,1694384188.0,3571.0,1694384197.0,1694384202.0,5.0,,15.0,30.0,5.0,11.0,177143937.0,3.0,11050.0,poseidon,condorpool,poseidon-worker-2-container-36-39,post_vel,/opt/netcdf2png/merged_netcdf2png,,0.1,0,0,,,,,,,,,
mvt_ID0000109,cpu_2,compute,0,1694384147.0,,,1694384152.0,1694384164.0,1694384175.0,33258273.4,1694384163.0,1694384232.0,1694384221.0,1694384224.0,19508.0,1694384232.0,1694384237.0,5.0,,11.0,69.0,5.0,11.0,177143652.0,3.0,59954.0,poseidon,condorpool,poseidon-worker-2-container-20-23,mvt,/opt/mvt/mvt,,39.1,0,0,0.0,817734.0,32768.0,491.0,8.0,38.9,0.1,20443.3,1638.4
mvt_ID0000034,None,compute,0,1694384147.0,,,1694384152.0,1694384169.0,1694384181.0,27200558.2,1694384167.0,1694384237.0,1694384226.0,1694384229.0,9920.0,1694384237.0,1694384242.0,5.0,,15.0,70.0,5.0,12.0,177143652.0,3.0,30976.0,poseidon,condorpool,poseidon-worker-1-container-28-31,mvt,/opt/mvt/mvt,,39.8,0,0,0.0,790593.0,16384.0,425.0,4.0,29.9,0.1,26353.1,819.2
register_condorpool_0_1,None,auxiliary,0,1694384147.0,,,1694384152.0,,,0.0,1694384153.0,1694384157.0,,,0.0,1694384157.0,1694384162.0,5.0,,1.0,4.0,5.0,,,,,poseidon,local,poseidon-submit,pegasus::rc-client,/mnt/poseidon-data/poseidon/pegasus-5.1.0panorama/bin/pegasus-rc-client,"-n pegasus::rc-client -N null -R local  -L casa-wind-full -T 2023-09-08T07:29:05+00:00 /home/poseidon/pegasus-5.1.0panorama/bin/pegasus-rc-client --prefix pegasus.catalog.replica.output --conf /mnt/poseidon-data/poseidon/workflows/casa-wind-workflow-full/submit/poseidon/pegasus/casa-wind-full/run0218/pegasus.1488415671356297664.properties -v --meta /mnt/poseidon-data/poseidon/workflows/casa-wind-workflow-full/submit/poseidon/pegasus/casa-wind-full/run0218/00/00/unzip_ID0000026.meta,/mnt/poseidon-data/poseidon/workflows/casa-wind-workflow-full/submit/poseidon/pegasus/casa-wind-full/run0218/00/00/unzip_ID0000061.meta,/mnt/poseidon-data/poseidon/workflows/casa-wind-workflow-full/submit/poseidon/pegasus/casa-wind-full/run0218/00/00/unzip_ID0000071.meta,/mnt/poseidon-data/poseidon/workflows/casa-wind-workflow-full/submit/poseidon/pegasus/casa-wind-full/run0218/00/00/unzip_ID0000041.meta,/mnt/poseidon-data/poseidon/workflows/casa-wind-workflow-full/submit/poseidon/pegasus/casa-wind-full/run0218/00/00/unzip_ID0000016.meta,/mnt/poseidon-data/poseidon/workflows/casa-wind-workflow-full/submit/poseidon/pegasus/casa-wind-full/run0218/00/00/unzip_ID0000111.meta,/mnt/poseidon-data/poseidon/workflows/casa-wind-workflow-full/submit/poseidon/pegasus/casa-wind-full/run0218/00/00/unzip_ID0000011.meta,/mnt/poseidon-data/poseidon/workflows/casa-wind-workflow-full/submit/poseidon/pegasus/casa-wind-full/run0218/00/00/unzip_ID0000081.meta,/mnt/poseidon-data/poseidon/workflows/casa-wind-workflow-full/submit/poseidon/pegasus/casa-wind-full/run0218/00/00/unzip_ID0000066.meta,/mnt/poseidon-data/poseidon/workflows/casa-wind-workflow-full/submit/poseidon/pegasus/casa-wind-full/run0218/00/00/unzip_ID0000096.meta,/mnt/poseidon-data/poseidon/workflows/casa-wind-workflow-full/submit/poseidon/pegasus/casa-wind-full/run0218/00/00/unzip_ID0000051.meta,/mnt/poseidon-data/poseidon/workflows/casa-wind-workflow-full/submit/poseidon/pegasus/casa-wind-full/run0218/00/00/unzip_ID0000031.meta,/mnt/poseidon-data/poseidon/workflows/casa-wind-workflow-full/submit/poseidon/pegasus/casa-wind-full/run0218/00/00/unzip_ID0000116.meta,/mnt/poseidon-data/poseidon/workflows/casa-wind-workflow-full/submit/poseidon/pegasus/casa-wind-full/run0218/00/00/unzip_ID0000101.meta,/mnt/poseidon-data/poseidon/workflows/casa-wind-workflow-full/submit/poseidon/pegasus/casa-wind-full/run0218/00/00/unzip_ID0000121.meta,/mnt/poseidon-data/poseidon/workflows/casa-wind-workflow-full/submit/poseidon/pegasus/casa-wind-full/run0218/00/00/unzip_ID0000106.meta,/mnt/poseidon-data/poseidon/workflows/casa-wind-workflow-full/submit/poseidon/pegasus/casa-wind-full/run0218/00/00/unzip_ID0000046.meta,/mnt/poseidon-data/poseidon/workflows/casa-wind-workflow-full/submit/poseidon/pegasus/casa-wind-full/run0218/00/00/unzip_ID0000076.meta,/mnt/poseidon-data/poseidon/workflows/casa-wind-workflow-full/submit/poseidon/pegasus/casa-wind-full/run0218/00/00/unzip_ID0000056.meta,/mnt/poseidon-data/poseidon/workflows/casa-wind-workflow-full/submit/poseidon/pegasus/casa-wind-full/run0218/00/00/unzip_ID0000021.meta,/mnt/poseidon-data/poseidon/workflows/casa-wind-workflow-full/submit/poseidon/pegasus/casa-wind-full/run0218/00/00/unzip_ID0000086.meta,/mnt/poseidon-data/poseidon/workflows/casa-wind-workflow-full/submit/poseidon/pegasus/casa-wind-full/run0218/00/00/unzip_ID0000126.meta,/mnt/poseidon-data/poseidon/workflows/casa-wind-workflow-full/submit/poseidon/pegasus/casa-wind-full/run0218/00/00/unzip_ID0000006.meta,/mnt/poseidon-data/poseidon/workflows/casa-wind-workflow-full/submit/poseidon/pegasus/casa-wind-full/run0218/00/00/unzip_ID0000036.meta,/mnt/poseidon-data/poseidon/workflows/casa-wind-workflow-full/submit/poseidon/pegasus/casa-wind-full/run0218/00/00/unzip_ID0000001.meta,/mnt/poseidon-data/poseidon/workflows/casa-wind-workflow-full/submit/poseidon/pegasus/casa-wind-full/run0218/00/00/unzip_ID0000091.meta --insert /mnt/poseidon-data/poseidon/workflows/casa-wind-workflow-full/submit/poseidon/pegasus/casa-wind-full/run0218/00/00/register_condorpool_0_1.in",3.0,0,0,,,,,,,,,
register_condorpool_0_0,None,auxiliary,0,1694384147.0,,,1694384202.0,,,0.0,1694384203.0,1694384207.0,,,0.0,1694384207.0,1694384212.0,55.0,,1.0,4.0,5.0,,,,,poseidon,local,poseidon-submit,pegasus::rc-client,/mnt/poseidon-data/poseidon/pegasus-5.1.0panorama/bin/pegasus-rc-client,"-n pegasus::rc-client -N null -R local  -L casa-wind-full -T 2023-09-08T07:29:05+00:00 /home/poseidon/pegasus-5.1.0panorama/bin/pegasus-rc-client --prefix pegasus.catalog.replica.output --conf /mnt/poseidon-data/poseidon/workflows/casa-wind-workflow-full/submit/poseidon/pegasus/casa-wind-full/run0218/pegasus.1488415671356297664.properties -v --meta /mnt/poseidon-data/poseidon/workflows/casa-wind-workflow-full/submit/poseidon/pegasus/casa-wind-full/run0218/00/00/unzip_ID0000026.meta,/mnt/poseidon-data/poseidon/workflows/casa-wind-workflow-full/submit/poseidon/pegasus/casa-wind-full/run0218/00/00/unzip_ID0000061.meta,/mnt/poseidon-data/poseidon/workflows/casa-wind-workflow-full/submit/poseidon/pegasus/casa-wind-full/run0218/00/00/unzip_ID0000071.meta,/mnt/poseidon-data/poseidon/workflows/casa-wind-workflow-full/submit/poseidon/pegasus/casa-wind-full/run0218/00/00/unzip_ID0000041.meta,/mnt/poseidon-data/poseidon/workflows/casa-wind-workflow-full/submit/poseidon/pegasus/casa-wind-full/run0218/00/00/unzip_ID0000016.meta,/mnt/poseidon-data/poseidon/workflows/casa-wind-workflow-full/submit/poseidon/pegasus/casa-wind-full/run0218/00/00/unzip_ID0000111.meta,/mnt/poseidon-data/poseidon/workflows/casa-wind-workflow-full/submit/poseidon/pegasus/casa-wind-full/run0218/00/00/unzip_ID0000011.meta,/mnt/poseidon-data/poseidon/workflows/casa-wind-workflow-full/submit/poseidon/pegasus/casa-wind-full/run0218/00/00/unzip_ID0000081.meta,/mnt/poseidon-data/poseidon/workflows/casa-wind-workflow-full/submit/poseidon/pegasus/casa-wind-full/run0218/00/00/unzip_ID0000066.meta,/mnt/poseidon-data/poseidon/workflows/casa-wind-workflow-full/submit/poseidon/pegasus/casa-wind-full/run0218/00/00/unzip_ID0000096.meta,/mnt/poseidon-data/poseidon/workflows/casa-wind-workflow-full/submit/poseidon/pegasus/casa-wind-full/run0218/00/00/unzip_ID0000051.meta,/mnt/poseidon-data/poseidon/workflows/casa-wind-workflow-full/submit/poseidon/pegasus/casa-wind-full/run0218/00/00/unzip_ID0000031.meta,/mnt/poseidon-data/poseidon/workflows/casa-wind-workflow-full/submit/poseidon/pegasus/casa-wind-full/run0218/00/00/unzip_ID0000116.meta,/mnt/poseidon-data/poseidon/workflows/casa-wind-workflow-full/submit/poseidon/pegasus/casa-wind-full/run0218/00/00/unzip_ID0000101.meta,/mnt/poseidon-data/poseidon/workflows/casa-wind-workflow-full/submit/poseidon/pegasus/casa-wind-full/run0218/00/00/unzip_ID0000121.meta,/mnt/poseidon-data/poseidon/workflows/casa-wind-workflow-full/submit/poseidon/pegasus/casa-wind-full/run0218/00/00/unzip_ID0000106.meta,/mnt/poseidon-data/poseidon/workflows/casa-wind-workflow-full/submit/poseidon/pegasus/casa-wind-full/run0218/00/00/unzip_ID0000046.meta,/mnt/poseidon-data/poseidon/workflows/casa-wind-workflow-full/submit/poseidon/pegasus/casa-wind-full/run0218/00/00/unzip_ID0000076.meta,/mnt/poseidon-data/poseidon/workflows/casa-wind-workflow-full/submit/poseidon/pegasus/casa-wind-full/run0218/00/00/unzip_ID0000056.meta,/mnt/poseidon-data/poseidon/workflows/casa-wind-workflow-full/submit/poseidon/pegasus/casa-wind-full/run0218/00/00/unzip_ID0000021.meta,/mnt/poseidon-data/poseidon/workflows/casa-wind-workflow-full/submit/poseidon/pegasus/casa-wind-full/run0218/00/00/unzip_ID0000086.meta,/mnt/poseidon-data/poseidon/workflows/casa-wind-workflow-full/submit/poseidon/pegasus/casa-wind-full/run0218/00/00/unzip_ID0000126.meta,/mnt/poseidon-data/poseidon/workflows/casa-wind-workflow-full/submit/poseidon/pegasus/casa-wind-full/run0218/00/00/unzip_ID0000006.meta,/mnt/poseidon-data/poseidon/workflows/casa-wind-workflow-full/submit/poseidon/pegasus/casa-wind-full/run0218/00/00/unzip_ID0000036.meta,/mnt/poseidon-data/poseidon/workflows/casa-wind-workflow-full/submit/poseidon/pegasus/casa-wind-full/run0218/00/00/unzip_ID0000001.meta,/mnt/poseidon-data/poseidon/workflows/casa-wind-workflow-full/submit/poseidon/pegasus/casa-wind-full/run0218/00/00/unzip_ID0000091.meta --insert /mnt/poseidon-data/poseidon/workflows/casa-wind-workflow-full/submit/poseidon/pegasus/casa-wind-full/run0218/00/00/register_condorpool_0_0.in",3.1,0,0,,,,,,,,,
post_vel_ID0000023,cpu_2,compute,0,1694384147.0,,,1694384152.0,1694384170.0,1694384182.0,29096777.2,1694384167.0,1694384197.0,1694384187.0,1694384190.0,3663.0,1694384197.0,1694384202.0,5.0,,15.0,30.0,5.0,12.0,177143937.0,3.0,11372.0,poseidon,condorpool,poseidon-worker-2-container-32-35,post_vel,/opt/netcdf2png/merged_netcdf2png,,0.1,0,0,,,,,,,,,
mvt_ID0000024,None,compute,0,1694384147.0,,,1694384152.0,1694384168.0,1694384179.0,35395963.0,1694384167.0,1694384237.0,1694384224.0,1694384227.0,10014.0,1694384237.0,1694384242.0,5.0,,15.0,70.0,5.0,11.0,177143652.0,3.0,30705.0,poseidon,condorpool,poseidon-worker-1-container-20-23,mvt,/opt/mvt/mvt,,39.8,0,0,0.0,789216.0,16384.0,422.0,4.0,29.9,0.1,26307.2,819.2
register_condorpool_0_2,None,auxiliary,0,1694384147.0,,,1694384162.0,,,0.0,1694384163.0,1694384167.0,,,0.0,1694384167.0,1694384172.0,15.0,,1.0,4.0,5.0,,,,,poseidon,local,poseidon-submit,pegasus::rc-client,/mnt/poseidon-data/poseidon/pegasus-5.1.0panorama/bin/pegasus-rc-client,"-n pegasus::rc-client -N null -R local  -L casa-wind-full -T 2023-09-08T07:29:05+00:00 /home/poseidon/pegasus-5.1.0panorama/bin/pegasus-rc-client --prefix pegasus.catalog.replica.output --conf /mnt/poseidon-data/poseidon/workflows/casa-wind-workflow-full/submit/poseidon/pegasus/casa-wind-full/run0218/pegasus.1488415671356297664.properties -v --meta /mnt/poseidon-data/poseidon/workflows/casa-wind-workflow-full/submit/poseidon/pegasus/casa-wind-full/run0218/00/00/unzip_ID0000026.meta,/mnt/poseidon-data/poseidon/workflows/casa-wind-workflow-full/submit/poseidon/pegasus/casa-wind-full/run0218/00/00/unzip_ID0000061.meta,/mnt/poseidon-data/poseidon/workflows/casa-wind-workflow-full/submit/poseidon/pegasus/casa-wind-full/run0218/00/00/unzip_ID0000071.meta,/mnt/poseidon-data/poseidon/workflows/casa-wind-workflow-full/submit/poseidon/pegasus/casa-wind-full/run0218/00/00/unzip_ID0000041.meta,/mnt/poseidon-data/poseidon/workflows/casa-wind-workflow-full/submit/poseidon/pegasus/casa-wind-full/run0218/00/00/unzip_ID0000016.meta,/mnt/poseidon-data/poseidon/workflows/casa-wind-workflow-full/submit/poseidon/pegasus/casa-wind-full/run0218/00/00/unzip_ID0000111.meta,/mnt/poseidon-data/poseidon/workflows/casa-wind-workflow-full/submit/poseidon/pegasus/casa-wind-full/run0218/00/00/unzip_ID0000011.meta,/mnt/poseidon-data/poseidon/workflows/casa-wind-workflow-full/submit/poseidon/pegasus/casa-wind-full/run0218/00/00/unzip_ID0000081.meta,/mnt/poseidon-data/poseidon/workflows/casa-wind-workflow-full/submit/poseidon/pegasus/casa-wind-full/run0218/00/00/unzip_ID0000066.meta,/mnt/poseidon-data/poseidon/workflows/casa-wind-workflow-full/submit/poseidon/pegasus/casa-wind-full/run0218/00/00/unzip_ID0000096.meta,/mnt/poseidon-data/poseidon/workflows/casa-wind-workflow-full/submit/poseidon/pegasus/casa-wind-full/run0218/00/00/unzip_ID0000051.meta,/mnt/poseidon-data/poseidon/workflows/casa-wind-workflow-full/submit/poseidon/pegasus/casa-wind-full/run0218/00/00/unzip_ID0000031.meta,/mnt/poseidon-data/poseidon/workflows/casa-wind-workflow-full/submit/poseidon/pegasus/casa-wind-full/run0218/00/00/unzip_ID0000116.meta,/mnt/poseidon-data/poseidon/workflows/casa-wind-workflow-full/submit/poseidon/pegasus/casa-wind-full/run0218/00/00/unzip_ID0000101.meta,/mnt/poseidon-data/poseidon/workflows/casa-wind-workflow-full/submit/poseidon/pegasus/casa-wind-full/run0218/00/00/unzip_ID0000121.meta,/mnt/poseidon-data/poseidon/workflows/casa-wind-workflow-full/submit/poseidon/pegasus/casa-wind-full/run0218/00/00/unzip_ID0000106.meta,/mnt/poseidon-data/poseidon/workflows/casa-wind-workflow-full/submit/poseidon/pegasus/casa-wind-full/run0218/00/00/unzip_ID0000046.meta,/mnt/poseidon-data/poseidon/workflows/casa-wind-workflow-full/submit/poseidon/pegasus/casa-wind-full/run0218/00/00/unzip_ID0000076.meta,/mnt/poseidon-data/poseidon/workflows/casa-wind-workflow-full/submit/poseidon/pegasus/casa-wind-full/run0218/00/00/unzip_ID0000056.meta,/mnt/poseidon-data/poseidon/workflows/casa-wind-workflow-full/submit/poseidon/pegasus/casa-wind-full/run0218/00/00/unzip_ID0000021.meta,/mnt/poseidon-data/poseidon/workflows/casa-wind-workflow-full/submit/poseidon/pegasus/casa-wind-full/run0218/00/00/unzip_ID0000086.meta,/mnt/poseidon-data/poseidon/workflows/casa-wind-workflow-full/submit/poseidon/pegasus/casa-wind-full/run0218/00/00/unzip_ID0000126.meta,/mnt/poseidon-data/poseidon/workflows/casa-wind-workflow-full/submit/poseidon/pegasus/casa-wind-full/run0218/00/00/unzip_ID0000006.meta,/mnt/poseidon-data/poseidon/workflows/casa-wind-workflow-full/submit/poseidon/pegasus/casa-wind-full/run0218/00/00/unzip_ID0000036.meta,/mnt/poseidon-data/poseidon/workflows/casa-wind-workflow-full/submit/poseidon/pegasus/casa-wind-full/run0218/00/00/unzip_ID0000001.meta,/mnt/poseidon-data/poseidon/workflows/casa-wind-workflow-full/submit/poseidon/pegasus/casa-wind-full/run0218/00/00/unzip_ID0000091.meta --insert /mnt/poseidon-data/poseidon/workflows/casa-wind-workflow-full/submit/poseidon/pegasus/casa-wind-full/run0218/00/00/register_condorpool_0_2.in",3.3,0,0,,,,,,,,,
stage_out_local_condorpool_1_1,None,transfer,0,1694384147.0,,,1694384152.0,,,0.0,1694384153.0,1694384162.0,,,0.0,1694384162.0,1694384167.0,5.0,,1.0,9.0,5.0,,,,,poseidon,local,poseidon-submit,pegasus::transfer,/mnt/poseidon-data/poseidon/pegasus-5.1.0panorama/bin/pegasus-transfer,/home/poseidon/pegasus-5.1.0panorama/bin/../bin/pegasus-kickstart  -n pegasus::transfer -N null -i - -R local  -L casa-wind-full -T 2023-09-08T07:29:05+00:00 /home/poseidon/pegasus-5.1.0panorama/bin/../bin/pegasus-transfer  --threads 2,1.0,0,0,,,,,,,,,
post_vel_ID0000053,None,compute,0,1694384147.0,,,1694384152.0,1694384170.0,1694384181.0,33489639.4,1694384168.0,1694384197.0,1694384186.0,1694384189.0,3518.0,1694384197.0,1694384202.0,5.0,,16.0,29.0,5.0,11.0,177143937.0,3.0,11004.0,poseidon,condorpool,poseidon-worker-1-container-24-27,post_vel,/opt/netcdf2png/merged_netcdf2png,,0.1,0,0,,,,,,,,,
mvt_ID0000054,None,compute,0,1694384147.0,,,1694384152.0,1694384168.0,1694384179.0,35285579.2,1694384167.0,1694384232.0,1694384222.0,1694384225.0,9242.0,1694384232.0,1694384237.0,5.0,,15.0,65.0,5.0,11.0,177143652.0,3.0,28552.0,poseidon,condorpool,poseidon-worker-1-container-36-39,mvt,/opt/mvt/mvt,,37.9,0,0,0.0,824880.0,12288.0,500.0,3.0,29.9,0.1,27496.0,1228.8
post_vel_ID0000008,None,compute,0,1694384147.0,,,1694384152.0,1694384169.0,1694384181.0,29047077.4,1694384167.0,1694384197.0,1694384186.0,1694384189.0,3543.0,1694384197.0,1694384202.0,5.0,,15.0,30.0,5.0,12.0,177143937.0,3.0,10982.0,poseidon,condorpool,poseidon-worker-2-container-0-3,post_vel,/opt/netcdf2png/merged_netcdf2png,,0.1,0,0,,,,,,,,,
post_vel_ID0000033,None,compute,0,1694384147.0,,,1694384152.0,1694384169.0,1694384180.0,29776959.4,1694384167.0,1694384197.0,1694384185.0,1694384189.0,3718.0,1694384197.0,1694384202.0,5.0,,15.0,30.0,5.0,11.0,177143937.0,4.0,11464.0,poseidon,condorpool,poseidon-worker-2-container-40-43,post_vel,/opt/netcdf2png/merged_netcdf2png,,0.1,0,0,,,,,,,,,
post_vel_ID0000108,None,compute,0,1694384147.0,,,1694384152.0,1694384164.0,1694384176.0,28928601.0,1694384162.0,1694384192.0,1694384181.0,1694384184.0,4538.0,1694384192.0,1694384197.0,5.0,,10.0,30.0,5.0,12.0,177143937.0,3.0,13907.0,poseidon,condorpool,poseidon-worker-1-container-40-43,post_vel,/opt/netcdf2png/merged_netcdf2png,,0.1,0,0,,,,,,,,,
stage_out_local_condorpool_1_0,None,transfer,0,1694384157.0,,,1694384162.0,,,0.0,1694384163.0,1694384172.0,,,0.0,1694384172.0,1694384177.0,5.0,,1.0,9.0,5.0,,,,,poseidon,local,poseidon-submit,pegasus::transfer,/mnt/poseidon-data/poseidon/pegasus-5.1.0panorama/bin/pegasus-transfer,/home/poseidon/pegasus-5.1.0panorama/bin/../bin/pegasus-kickstart  -n pegasus::transfer -N null -i - -R local  -L casa-wind-full -T 2023-09-08T07:29:05+00:00 /home/poseidon/pegasus-5.1.0panorama/bin/../bin/pegasus-transfer  --threads 2,1.0,0,0,,,,,,,,,
mvt_ID0000114,None,compute,0,1694384157.0,,,1694384162.0,1694384169.0,1694384180.0,29686827.5,1694384167.0,1694384237.0,1694384225.0,1694384228.0,23548.0,1694384237.0,1694384242.0,5.0,,5.0,70.0,5.0,11.0,177143652.0,3.0,73234.0,poseidon,condorpool,poseidon-worker-1-container-4-7,mvt,/opt/mvt/mvt,,39.8,0,0,0.0,820629.0,40960.0,491.0,10.0,29.9,0.1,27354.3,4096.0
post_vel_ID0000113,None,compute,0,1694384157.0,,,1694384162.0,1694384169.0,1694384180.0,31892572.8,1694384167.0,1694384197.0,1694384186.0,1694384189.0,4678.0,1694384197.0,1694384202.0,5.0,,5.0,30.0,5.0,11.0,177143937.0,3.0,14745.0,poseidon,condorpool,poseidon-worker-2-container-44-47,post_vel,/opt/netcdf2png/merged_netcdf2png,,0.1,0,0,,,,,,,,,
mvt_ID0000094,cpu_2,compute,0,1694384157.0,,,1694384162.0,1694384169.0,1694384180.0,31677613.6,1694384167.0,1694384237.0,1694384226.0,1694384229.0,16780.0,1694384237.0,1694384242.0,5.0,,5.0,70.0,5.0,11.0,177143652.0,3.0,52407.0,poseidon,condorpool,poseidon-worker-2-container-20-23,mvt,/opt/mvt/mvt,,39.3,0,0,0.0,823246.0,28672.0,503.0,7.0,39.1,0.1,20581.2,1433.6
post_vel_ID0000093,None,compute,0,1694384157.0,,,1694384162.0,1694384171.0,1694384182.0,34812144.2,1694384169.0,1694384197.0,1694384188.0,1694384191.0,4364.0,1694384197.0,1694384202.0,5.0,,7.0,28.0,5.0,11.0,177143937.0,3.0,13303.0,poseidon,condorpool,poseidon-worker-1-container-8-11,post_vel,/opt/netcdf2png/merged_netcdf2png,,0.1,0,0,,,,,,,,,
post_vel_ID0000003,None,compute,0,1694384162.0,,,1694384167.0,1694384169.0,1694384180.0,29702909.5,1694384168.0,1694384197.0,1694384186.0,1694384189.0,3493.0,1694384197.0,1694384202.0,5.0,,1.0,29.0,5.0,11.0,177143937.0,3.0,10865.0,poseidon,condorpool,poseidon-worker-2-container-24-27,post_vel,/opt/netcdf2png/merged_netcdf2png,,0.1,0,0,,,,,,,,,
mvt_ID0000004,cpu_2,compute,0,1694384162.0,,,1694384167.0,1694384171.0,1694384182.0,29913539.0,1694384168.0,1694384237.0,1694384227.0,1694384230.0,9379.0,1694384237.0,1694384242.0,5.0,,1.0,69.0,5.0,11.0,177143652.0,3.0,28781.0,poseidon,condorpool,poseidon-worker-2-container-32-35,mvt,/opt/mvt/mvt,,39.3,0,0,0.0,813936.0,16384.0,476.0,4.0,29.9,0.1,27131.2,819.2
stage_out_local_condorpool_1_2,None,transfer,0,1694384162.0,,,1694384167.0,,,0.0,1694384167.0,1694384172.0,,,0.0,1694384172.0,1694384177.0,5.0,,0.0,5.0,5.0,,,,,poseidon,local,poseidon-submit,pegasus::transfer,/mnt/poseidon-data/poseidon/pegasus-5.1.0panorama/bin/pegasus-transfer,/home/poseidon/pegasus-5.1.0panorama/bin/../bin/pegasus-kickstart  -n pegasus::transfer -N null -i - -R local  -L casa-wind-full -T 2023-09-08T07:29:05+00:00 /home/poseidon/pegasus-5.1.0panorama/bin/../bin/pegasus-transfer  --threads 2,0.9,0,0,,,,,,,,,
register_condorpool_1_1,None,auxiliary,0,1694384167.0,,,1694384172.0,,,0.0,1694384172.0,1694384177.0,,,0.0,1694384177.0,1694384182.0,5.0,,0.0,5.0,5.0,,,,,poseidon,local,poseidon-submit,pegasus::rc-client,/mnt/poseidon-data/poseidon/pegasus-5.1.0panorama/bin/pegasus-rc-client,"-n pegasus::rc-client -N null -R local  -L casa-wind-full -T 2023-09-08T07:29:05+00:00 /home/poseidon/pegasus-5.1.0panorama/bin/pegasus-rc-client --prefix pegasus.catalog.replica.output --conf /mnt/poseidon-data/poseidon/workflows/casa-wind-workflow-full/submit/poseidon/pegasus/casa-wind-full/run0218/pegasus.1488415671356297664.properties -v --meta /mnt/poseidon-data/poseidon/workflows/casa-wind-workflow-full/submit/poseidon/pegasus/casa-wind-full/run0218/00/00/um_vel_ID0000017.meta,/mnt/poseidon-data/poseidon/workflows/casa-wind-workflow-full/submit/poseidon/pegasus/casa-wind-full/run0218/00/01/um_vel_ID0000037.meta,/mnt/poseidon-data/poseidon/workflows/casa-wind-workflow-full/submit/poseidon/pegasus/casa-wind-full/run0218/00/00/um_vel_ID0000082.meta,/mnt/poseidon-data/poseidon/workflows/casa-wind-workflow-full/submit/poseidon/pegasus/casa-wind-full/run0218/00/00/um_vel_ID0000097.meta,/mnt/poseidon-data/poseidon/workflows/casa-wind-workflow-full/submit/poseidon/pegasus/casa-wind-full/run0218/00/01/um_vel_ID0000047.meta,/mnt/poseidon-data/poseidon/workflows/casa-wind-workflow-full/submit/poseidon/pegasus/casa-wind-full/run0218/00/00/um_vel_ID0000087.meta,/mnt/poseidon-data/poseidon/workflows/casa-wind-workflow-full/submit/poseidon/pegasus/casa-wind-full/run0218/00/01/um_vel_ID0000007.meta,/mnt/poseidon-data/poseidon/workflows/casa-wind-workflow-full/submit/poseidon/pegasus/casa-wind-full/run0218/00/01/um_vel_ID0000072.meta,/mnt/poseidon-data/poseidon/workflows/casa-wind-workflow-full/submit/poseidon/pegasus/casa-wind-full/run0218/00/01/um_vel_ID0000102.meta --insert /mnt/poseidon-data/poseidon/workflows/casa-wind-workflow-full/submit/poseidon/pegasus/casa-wind-full/run0218/00/01/register_condorpool_1_1.in",2.7,0,0,,,,,,,,,
register_condorpool_1_2,None,auxiliary,0,1694384177.0,,,1694384192.0,,,0.0,1694384192.0,1694384197.0,,,0.0,1694384197.0,1694384202.0,15.0,,0.0,5.0,5.0,,,,,poseidon,local,poseidon-submit,pegasus::rc-client,/mnt/poseidon-data/poseidon/pegasus-5.1.0panorama/bin/pegasus-rc-client,"-n pegasus::rc-client -N null -R local  -L casa-wind-full -T 2023-09-08T07:29:05+00:00 /home/poseidon/pegasus-5.1.0panorama/bin/pegasus-rc-client --prefix pegasus.catalog.replica.output --conf /mnt/poseidon-data/poseidon/workflows/casa-wind-workflow-full/submit/poseidon/pegasus/casa-wind-full/run0218/pegasus.1488415671356297664.properties -v --meta /mnt/poseidon-data/poseidon/workflows/casa-wind-workflow-full/submit/poseidon/pegasus/casa-wind-full/run0218/00/00/um_vel_ID0000117.meta,/mnt/poseidon-data/poseidon/workflows/casa-wind-workflow-full/submit/poseidon/pegasus/casa-wind-full/run0218/00/01/um_vel_ID0000052.meta,/mnt/poseidon-data/poseidon/workflows/casa-wind-workflow-full/submit/poseidon/pegasus/casa-wind-full/run0218/00/00/um_vel_ID0000002.meta,/mnt/poseidon-data/poseidon/workflows/casa-wind-workflow-full/submit/poseidon/pegasus/casa-wind-full/run0218/00/00/um_vel_ID0000012.meta,/mnt/poseidon-data/poseidon/workflows/casa-wind-workflow-full/submit/poseidon/pegasus/casa-wind-full/run0218/00/00/um_vel_ID0000032.meta,/mnt/poseidon-data/poseidon/workflows/casa-wind-workflow-full/submit/poseidon/pegasus/casa-wind-full/run0218/00/01/um_vel_ID0000062.meta,/mnt/poseidon-data/poseidon/workflows/casa-wind-workflow-full/submit/poseidon/pegasus/casa-wind-full/run0218/00/01/um_vel_ID0000112.meta,/mnt/poseidon-data/poseidon/workflows/casa-wind-workflow-full/submit/poseidon/pegasus/casa-wind-full/run0218/00/01/um_vel_ID0000107.meta --insert /mnt/poseidon-data/poseidon/workflows/casa-wind-workflow-full/submit/poseidon/pegasus/casa-wind-full/run0218/00/01/register_condorpool_1_2.in",2.6,0,0,,,,,,,,,
register_condorpool_1_0,None,auxiliary,0,1694384177.0,,,1694384182.0,,,0.0,1694384183.0,1694384187.0,,,0.0,1694384187.0,1694384192.0,5.0,,1.0,4.0,5.0,,,,,poseidon,local,poseidon-submit,pegasus::rc-client,/mnt/poseidon-data/poseidon/pegasus-5.1.0panorama/bin/pegasus-rc-client,"-n pegasus::rc-client -N null -R local  -L casa-wind-full -T 2023-09-08T07:29:05+00:00 /home/poseidon/pegasus-5.1.0panorama/bin/pegasus-rc-client --prefix pegasus.catalog.replica.output --conf /mnt/poseidon-data/poseidon/workflows/casa-wind-workflow-full/submit/poseidon/pegasus/casa-wind-full/run0218/pegasus.1488415671356297664.properties -v --meta /mnt/poseidon-data/poseidon/workflows/casa-wind-workflow-full/submit/poseidon/pegasus/casa-wind-full/run0218/00/01/um_vel_ID0000067.meta,/mnt/poseidon-data/poseidon/workflows/casa-wind-workflow-full/submit/poseidon/pegasus/casa-wind-full/run0218/00/00/um_vel_ID0000127.meta,/mnt/poseidon-data/poseidon/workflows/casa-wind-workflow-full/submit/poseidon/pegasus/casa-wind-full/run0218/00/00/um_vel_ID0000122.meta,/mnt/poseidon-data/poseidon/workflows/casa-wind-workflow-full/submit/poseidon/pegasus/casa-wind-full/run0218/00/00/um_vel_ID0000092.meta,/mnt/poseidon-data/poseidon/workflows/casa-wind-workflow-full/submit/poseidon/pegasus/casa-wind-full/run0218/00/01/um_vel_ID0000077.meta,/mnt/poseidon-data/poseidon/workflows/casa-wind-workflow-full/submit/poseidon/pegasus/casa-wind-full/run0218/00/01/um_vel_ID0000057.meta,/mnt/poseidon-data/poseidon/workflows/casa-wind-workflow-full/submit/poseidon/pegasus/casa-wind-full/run0218/00/00/um_vel_ID0000027.meta,/mnt/poseidon-data/poseidon/workflows/casa-wind-workflow-full/submit/poseidon/pegasus/casa-wind-full/run0218/00/01/um_vel_ID0000042.meta,/mnt/poseidon-data/poseidon/workflows/casa-wind-workflow-full/submit/poseidon/pegasus/casa-wind-full/run0218/00/00/um_vel_ID0000022.meta --insert /mnt/poseidon-data/poseidon/workflows/casa-wind-workflow-full/submit/poseidon/pegasus/casa-wind-full/run0218/00/01/register_condorpool_1_0.in",2.6,0,0,,,,,,,,,
point_alert_ID0000070,None,compute,0,1694384197.0,,,1694384202.0,1694384205.0,1694384216.0,29904823.0,1694384204.0,1694384232.0,1694384221.0,1694384224.0,6658.0,1694384232.0,1694384237.0,5.0,,2.0,28.0,5.0,11.0,176643292.0,3.0,20558.0,poseidon,condorpool,poseidon-worker-1-container-20-23,point_alert,/opt/pointAlert/pointAlert,,0.0,0,0,,,,,,,,,
point_alert_ID0000030,None,compute,0,1694384197.0,,,1694384202.0,1694384205.0,1694384216.0,29913806.0,1694384204.0,1694384232.0,1694384221.0,1694384224.0,6596.0,1694384232.0,1694384237.0,5.0,,2.0,28.0,5.0,11.0,176646324.0,3.0,20158.0,poseidon,condorpool,poseidon-worker-2-container-36-39,point_alert,/opt/pointAlert/pointAlert,,0.0,0,0,,,,,,,,,
point_alert_ID0000065,None,compute,0,1694384202.0,,,1694384207.0,1694384209.0,1694384220.0,29895693.5,1694384208.0,1694384237.0,1694384225.0,1694384229.0,6340.0,1694384237.0,1694384242.0,5.0,,1.0,29.0,5.0,11.0,176639131.0,4.0,20238.0,poseidon,condorpool,poseidon-worker-2-container-16-19,point_alert,/opt/pointAlert/pointAlert,,0.0,0,0,,,,,,,,,
point_alert_ID0000080,cpu_2,compute,0,1694384202.0,,,1694384207.0,1694384210.0,1694384220.0,29607977.0,1694384208.0,1694384237.0,1694384225.0,1694384229.0,6610.0,1694384237.0,1694384242.0,5.0,,1.0,29.0,5.0,10.0,176653320.0,4.0,20718.0,poseidon,condorpool,poseidon-worker-2-container-4-7,point_alert,/opt/pointAlert/pointAlert,,0.0,0,0,,,,,,,,,
point_alert_ID0000125,None,compute,0,1694384207.0,,,1694384212.0,1694384215.0,1694384226.0,29626833.0,1694384213.0,1694384242.0,1694384231.0,1694384234.0,7455.0,1694384242.0,1694384248.0,5.0,,1.0,29.0,6.0,11.0,176678547.0,3.0,22878.0,poseidon,condorpool,poseidon-worker-1-container-8-11,point_alert,/opt/pointAlert/pointAlert,,0.0,0,0,,,,,,,,,
point_alert_ID0000085,None,compute,0,1694384207.0,,,1694384212.0,1694384215.0,1694384226.0,34436221.0,1694384213.0,1694384242.0,1694384231.0,1694384234.0,6883.0,1694384242.0,1694384248.0,5.0,,1.0,29.0,6.0,11.0,176655981.0,3.0,21118.0,poseidon,condorpool,poseidon-worker-2-container-40-43,point_alert,/opt/pointAlert/pointAlert,,0.0,0,0,,,,,,,,,
point_alert_ID0000090,None,compute,0,1694384217.0,,,1694384222.0,1694384225.0,1694384236.0,33797362.8,1694384224.0,1694384253.0,1694384241.0,1694384244.0,6736.0,1694384253.0,1694384258.0,5.0,,2.0,29.0,5.0,11.0,176656458.0,3.0,20638.0,poseidon,condorpool,poseidon-worker-2-container-12-15,point_alert,/opt/pointAlert/pointAlert,,0.0,0,0,,,,,,,,,
point_alert_ID0000100,None,compute,0,1694384217.0,,,1694384222.0,1694384225.0,1694384236.0,29582930.5,1694384224.0,1694384253.0,1694384242.0,1694384245.0,6714.0,1694384253.0,1694384258.0,5.0,,2.0,29.0,5.0,11.0,176658101.0,3.0,20638.0,poseidon,condorpool,poseidon-worker-1-container-12-15,point_alert,/opt/pointAlert/pointAlert,,0.0,0,0,,,,,,,,,
point_alert_ID0000075,None,compute,0,1694384217.0,,,1694384222.0,1694384225.0,1694384236.0,29568986.0,1694384224.0,1694384253.0,1694384242.0,1694384245.0,6706.0,1694384253.0,1694384258.0,5.0,,2.0,29.0,5.0,11.0,176646838.0,3.0,20558.0,poseidon,condorpool,poseidon-worker-1-container-40-43,point_alert,/opt/pointAlert/pointAlert,,0.0,0,0,,,,,,,,,
point_alert_ID0000060,None,compute,0,1694384217.0,,,1694384222.0,1694384225.0,1694384236.0,29574043.0,1694384224.0,1694384253.0,1694384242.0,1694384245.0,6800.0,1694384253.0,1694384258.0,5.0,,2.0,29.0,5.0,11.0,176636147.0,3.0,20878.0,poseidon,condorpool,poseidon-worker-1-container-8-11,point_alert,/opt/pointAlert/pointAlert,,0.0,0,0,,,,,,,,,
point_alert_ID0000120,None,compute,0,1694384222.0,,,1694384227.0,1694384229.0,1694384240.0,35313128.8,1694384228.0,1694384258.0,1694384246.0,1694384249.0,7145.0,1694384258.0,1694384263.0,5.0,,1.0,30.0,5.0,11.0,176673508.0,3.0,21998.0,poseidon,condorpool,poseidon-worker-2-container-0-3,point_alert,/opt/pointAlert/pointAlert,,0.0,0,0,,,,,,,,,
point_alert_ID0000050,None,compute,0,1694384222.0,,,1694384227.0,1694384229.0,1694384240.0,29535110.5,1694384228.0,1694384258.0,1694384246.0,1694384249.0,6796.0,1694384258.0,1694384263.0,5.0,,1.0,30.0,5.0,11.0,176632091.0,3.0,20878.0,poseidon,condorpool,poseidon-worker-2-container-12-15,point_alert,/opt/pointAlert/pointAlert,,0.0,0,0,,,,,,,,,
point_alert_ID0000015,None,compute,0,1694384222.0,,,1694384227.0,1694384229.0,1694384240.0,29560057.5,1694384228.0,1694384258.0,1694384246.0,1694384249.0,6665.0,1694384258.0,1694384263.0,5.0,,1.0,30.0,5.0,11.0,176639974.0,3.0,20558.0,poseidon,condorpool,poseidon-worker-2-container-8-11,point_alert,/opt/pointAlert/pointAlert,,0.0,0,0,,,,,,,,,
point_alert_ID0000130,None,compute,0,1694384227.0,,,1694384232.0,1694384234.0,1694384245.0,29915522.5,1694384233.0,1694384263.0,1694384251.0,1694384254.0,7429.0,1694384263.0,1694384269.0,5.0,,1.0,30.0,6.0,11.0,176672472.0,3.0,23118.0,poseidon,condorpool,poseidon-worker-1-container-20-23,point_alert,/opt/pointAlert/pointAlert,,0.0,0,0,,,,,,,,,
point_alert_ID0000020,None,compute,0,1694384227.0,,,1694384232.0,1694384234.0,1694384245.0,29818153.5,1694384233.0,1694384263.0,1694384251.0,1694384254.0,6598.0,1694384263.0,1694384269.0,5.0,,1.0,30.0,6.0,11.0,176644228.0,3.0,20478.0,poseidon,condorpool,poseidon-worker-1-container-36-39,point_alert,/opt/pointAlert/pointAlert,,0.0,0,0,,,,,,,,,
point_alert_ID0000040,cpu_2,compute,0,1694384227.0,,,1694384232.0,1694384235.0,1694384246.0,29708924.5,1694384233.0,1694384263.0,1694384251.0,1694384254.0,6595.0,1694384263.0,1694384269.0,5.0,,1.0,30.0,6.0,11.0,176642369.0,3.0,20558.0,poseidon,condorpool,poseidon-worker-2-container-20-23,point_alert,/opt/pointAlert/pointAlert,,0.0,0,0,,,,,,,,,
stage_out_local_condorpool_2_2,None,transfer,0,1694384237.0,,,1694384242.0,,,0.0,1694384243.0,1694384248.0,,,0.0,1694384248.0,1694384253.0,5.0,,1.0,5.0,5.0,,,,,poseidon,local,poseidon-submit,pegasus::transfer,/mnt/poseidon-data/poseidon/pegasus-5.1.0panorama/bin/pegasus-transfer,/home/poseidon/pegasus-5.1.0panorama/bin/../bin/pegasus-kickstart  -n pegasus::transfer -N null -i - -R local  -L casa-wind-full -T 2023-09-08T07:29:05+00:00 /home/poseidon/pegasus-5.1.0panorama/bin/../bin/pegasus-transfer  --threads 2,0.9,0,0,,,,,,,,,
point_alert_ID0000055,None,compute,0,1694384237.0,,,1694384242.0,1694384245.0,1694384256.0,29892368.5,1694384243.0,1694384274.0,1694384261.0,1694384264.0,6593.0,1694384274.0,1694384279.0,5.0,,1.0,31.0,5.0,11.0,176636535.0,3.0,20638.0,poseidon,condorpool,poseidon-worker-2-container-36-39,point_alert,/opt/pointAlert/pointAlert,,0.0,0,0,,,,,,,,,
point_alert_ID0000110,None,compute,0,1694384237.0,,,1694384242.0,1694384245.0,1694384256.0,29826415.0,1694384243.0,1694384274.0,1694384261.0,1694384264.0,6763.0,1694384274.0,1694384279.0,5.0,,1.0,31.0,5.0,11.0,176667937.0,3.0,21038.0,poseidon,condorpool,poseidon-worker-2-container-16-19,point_alert,/opt/pointAlert/pointAlert,,0.0,0,0,,,,,,,,,
point_alert_ID0000105,None,compute,0,1694384237.0,,,1694384242.0,1694384245.0,1694384256.0,34933076.2,1694384243.0,1694384274.0,1694384261.0,1694384264.0,6745.0,1694384274.0,1694384279.0,5.0,,1.0,31.0,5.0,11.0,176667573.0,3.0,21278.0,poseidon,condorpool,poseidon-worker-1-container-28-31,point_alert,/opt/pointAlert/pointAlert,,0.0,0,0,,,,,,,,,
stage_out_local_condorpool_2_4,None,transfer,0,1694384237.0,,,1694384242.0,,,0.0,1694384243.0,1694384248.0,,,0.0,1694384248.0,1694384253.0,5.0,,1.0,5.0,5.0,,,,,poseidon,local,poseidon-submit,pegasus::transfer,/mnt/poseidon-data/poseidon/pegasus-5.1.0panorama/bin/pegasus-transfer,/home/poseidon/pegasus-5.1.0panorama/bin/../bin/pegasus-kickstart  -n pegasus::transfer -N null -i - -R local  -L casa-wind-full -T 2023-09-08T07:29:05+00:00 /home/poseidon/pegasus-5.1.0panorama/bin/../bin/pegasus-transfer  --threads 2,0.9,0,0,,,,,,,,,
point_alert_ID0000010,None,compute,0,1694384242.0,,,1694384248.0,1694384250.0,1694384261.0,29571588.5,1694384249.0,1694384279.0,1694384267.0,1694384270.0,6624.0,1694384279.0,1694384284.0,6.0,,1.0,30.0,5.0,11.0,176643412.0,3.0,20478.0,poseidon,condorpool,poseidon-worker-1-container-8-11,point_alert,/opt/pointAlert/pointAlert,,0.0,0,0,,,,,,,,,
stage_out_local_condorpool_2_3,None,transfer,0,1694384242.0,,,1694384248.0,,,0.0,1694384248.0,1694384253.0,,,0.0,1694384253.0,1694384258.0,6.0,,0.0,5.0,5.0,,,,,poseidon,local,poseidon-submit,pegasus::transfer,/mnt/poseidon-data/poseidon/pegasus-5.1.0panorama/bin/pegasus-transfer,/home/poseidon/pegasus-5.1.0panorama/bin/../bin/pegasus-kickstart  -n pegasus::transfer -N null -i - -R local  -L casa-wind-full -T 2023-09-08T07:29:05+00:00 /home/poseidon/pegasus-5.1.0panorama/bin/../bin/pegasus-transfer  --threads 2,0.9,0,0,,,,,,,,,
point_alert_ID0000115,None,compute,0,1694384242.0,,,1694384248.0,1694384250.0,1694384261.0,29601484.5,1694384249.0,1694384279.0,1694384267.0,1694384270.0,6946.0,1694384279.0,1694384284.0,6.0,,1.0,30.0,5.0,11.0,176681217.0,3.0,21598.0,poseidon,condorpool,poseidon-worker-1-container-44-47,point_alert,/opt/pointAlert/pointAlert,,0.0,0,0,,,,,,,,,
stage_out_local_condorpool_2_5,None,transfer,0,1694384242.0,,,1694384248.0,,,0.0,1694384248.0,1694384253.0,,,0.0,1694384253.0,1694384258.0,6.0,,0.0,5.0,5.0,,,,,poseidon,local,poseidon-submit,pegasus::transfer,/mnt/poseidon-data/poseidon/pegasus-5.1.0panorama/bin/pegasus-transfer,/home/poseidon/pegasus-5.1.0panorama/bin/../bin/pegasus-kickstart  -n pegasus::transfer -N null -i - -R local  -L casa-wind-full -T 2023-09-08T07:29:05+00:00 /home/poseidon/pegasus-5.1.0panorama/bin/../bin/pegasus-transfer  --threads 2,0.9,0,0,,,,,,,,,
point_alert_ID0000025,None,compute,0,1694384242.0,,,1694384248.0,1694384250.0,1694384261.0,34304233.8,1694384249.0,1694384279.0,1694384267.0,1694384270.0,6478.0,1694384279.0,1694384284.0,6.0,,1.0,30.0,5.0,11.0,176638688.0,3.0,20078.0,poseidon,condorpool,poseidon-worker-1-container-32-35,point_alert,/opt/pointAlert/pointAlert,,0.0,0,0,,,,,,,,,
stage_out_local_condorpool_2_1,None,transfer,0,1694384242.0,,,1694384248.0,,,0.0,1694384248.0,1694384253.0,,,0.0,1694384253.0,1694384258.0,6.0,,0.0,5.0,5.0,,,,,poseidon,local,poseidon-submit,pegasus::transfer,/mnt/poseidon-data/poseidon/pegasus-5.1.0panorama/bin/pegasus-transfer,/home/poseidon/pegasus-5.1.0panorama/bin/../bin/pegasus-kickstart  -n pegasus::transfer -N null -i - -R local  -L casa-wind-full -T 2023-09-08T07:29:05+00:00 /home/poseidon/pegasus-5.1.0panorama/bin/../bin/pegasus-transfer  --threads 2,1.0,0,0,,,,,,,,,
point_alert_ID0000045,cpu_2,compute,0,1694384242.0,,,1694384248.0,1694384250.0,1694384261.0,34397371.0,1694384249.0,1694384279.0,1694384267.0,1694384270.0,6728.0,1694384279.0,1694384284.0,6.0,,1.0,30.0,5.0,11.0,176636096.0,3.0,20798.0,poseidon,condorpool,poseidon-worker-2-container-4-7,point_alert,/opt/pointAlert/pointAlert,,0.0,0,0,,,,,,,,,
stage_out_local_condorpool_2_0,None,transfer,0,1694384242.0,,,1694384247.0,,,0.0,1694384248.0,1694384253.0,,,0.0,1694384253.0,1694384258.0,5.0,,1.0,5.0,5.0,,,,,poseidon,local,poseidon-submit,pegasus::transfer,/mnt/poseidon-data/poseidon/pegasus-5.1.0panorama/bin/pegasus-transfer,/home/poseidon/pegasus-5.1.0panorama/bin/../bin/pegasus-kickstart  -n pegasus::transfer -N null -i - -R local  -L casa-wind-full -T 2023-09-08T07:29:05+00:00 /home/poseidon/pegasus-5.1.0panorama/bin/../bin/pegasus-transfer  --threads 2,0.9,0,0,,,,,,,,,
point_alert_ID0000005,None,compute,0,1694384242.0,,,1694384248.0,1694384250.0,1694384261.0,34474445.0,1694384249.0,1694384279.0,1694384267.0,1694384270.0,6554.0,1694384279.0,1694384284.0,6.0,,1.0,30.0,5.0,11.0,176636764.0,3.0,20398.0,poseidon,condorpool,poseidon-worker-2-container-12-15,point_alert,/opt/pointAlert/pointAlert,,0.0,0,0,,,,,,,,,
point_alert_ID0000035,None,compute,0,1694384242.0,,,1694384248.0,1694384250.0,1694384261.0,34852376.0,1694384249.0,1694384279.0,1694384267.0,1694384270.0,6428.0,1694384279.0,1694384284.0,6.0,,1.0,30.0,5.0,11.0,176638959.0,3.0,20078.0,poseidon,condorpool,poseidon-worker-2-container-40-43,point_alert,/opt/pointAlert/pointAlert,,0.0,0,0,,,,,,,,,
point_alert_ID0000095,cpu_2,compute,0,1694384242.0,,,1694384248.0,1694384250.0,1694384261.0,34362947.2,1694384249.0,1694384279.0,1694384267.0,1694384270.0,6725.0,1694384279.0,1694384284.0,6.0,,1.0,30.0,5.0,11.0,176660390.0,3.0,20718.0,poseidon,condorpool,poseidon-worker-2-container-32-35,point_alert,/opt/pointAlert/pointAlert,,0.0,0,0,,,,,,,,,
register_condorpool_2_2,None,auxiliary,0,1694384253.0,,,1694384339.0,,,0.0,1694384340.0,1694384344.0,,,0.0,1694384344.0,1694384349.0,86.0,,1.0,4.0,5.0,,,,,poseidon,local,poseidon-submit,pegasus::rc-client,/mnt/poseidon-data/poseidon/pegasus-5.1.0panorama/bin/pegasus-rc-client,"-n pegasus::rc-client -N null -R local  -L casa-wind-full -T 2023-09-08T07:29:05+00:00 /home/poseidon/pegasus-5.1.0panorama/bin/pegasus-rc-client --prefix pegasus.catalog.replica.output --conf /mnt/poseidon-data/poseidon/workflows/casa-wind-workflow-full/submit/poseidon/pegasus/casa-wind-full/run0218/pegasus.1488415671356297664.properties -v --meta /mnt/poseidon-data/poseidon/workflows/casa-wind-workflow-full/submit/poseidon/pegasus/casa-wind-full/run0218/00/02/post_vel_ID0000073.meta,/mnt/poseidon-data/poseidon/workflows/casa-wind-workflow-full/submit/poseidon/pegasus/casa-wind-full/run0218/00/02/mvt_ID0000039.meta,/mnt/poseidon-data/poseidon/workflows/casa-wind-workflow-full/submit/poseidon/pegasus/casa-wind-full/run0218/00/01/mvt_ID0000099.meta,/mnt/poseidon-data/poseidon/workflows/casa-wind-workflow-full/submit/poseidon/pegasus/casa-wind-full/run0218/00/01/post_vel_ID0000008.meta,/mnt/poseidon-data/poseidon/workflows/casa-wind-workflow-full/submit/poseidon/pegasus/casa-wind-full/run0218/00/02/mvt_ID0000049.meta,/mnt/poseidon-data/poseidon/workflows/casa-wind-workflow-full/submit/poseidon/pegasus/casa-wind-full/run0218/00/01/mvt_ID0000019.meta,/mnt/poseidon-data/poseidon/workflows/casa-wind-workflow-full/submit/poseidon/pegasus/casa-wind-full/run0218/00/02/mvt_ID0000104.meta,/mnt/poseidon-data/poseidon/workflows/casa-wind-workflow-full/submit/poseidon/pegasus/casa-wind-full/run0218/00/01/post_vel_ID0000083.meta,/mnt/poseidon-data/poseidon/workflows/casa-wind-workflow-full/submit/poseidon/pegasus/casa-wind-full/run0218/00/01/post_vel_ID0000088.meta --insert /mnt/poseidon-data/poseidon/workflows/casa-wind-workflow-full/submit/poseidon/pegasus/casa-wind-full/run0218/00/02/register_condorpool_2_2.in",2.6,0,0,,,,,,,,,
register_condorpool_2_4,None,auxiliary,0,1694384253.0,,,1694384258.0,,,0.0,1694384259.0,1694384263.0,,,0.0,1694384263.0,1694384269.0,5.0,,1.0,4.0,6.0,,,,,poseidon,local,poseidon-submit,pegasus::rc-client,/mnt/poseidon-data/poseidon/pegasus-5.1.0panorama/bin/pegasus-rc-client,"-n pegasus::rc-client -N null -R local  -L casa-wind-full -T 2023-09-08T07:29:05+00:00 /home/poseidon/pegasus-5.1.0panorama/bin/pegasus-rc-client --prefix pegasus.catalog.replica.output --conf /mnt/poseidon-data/poseidon/workflows/casa-wind-workflow-full/submit/poseidon/pegasus/casa-wind-full/run0218/pegasus.1488415671356297664.properties -v --meta /mnt/poseidon-data/poseidon/workflows/casa-wind-workflow-full/submit/poseidon/pegasus/casa-wind-full/run0218/00/02/post_vel_ID0000108.meta,/mnt/poseidon-data/poseidon/workflows/casa-wind-workflow-full/submit/poseidon/pegasus/casa-wind-full/run0218/00/01/post_vel_ID0000063.meta,/mnt/poseidon-data/poseidon/workflows/casa-wind-workflow-full/submit/poseidon/pegasus/casa-wind-full/run0218/00/01/post_vel_ID0000013.meta,/mnt/poseidon-data/poseidon/workflows/casa-wind-workflow-full/submit/poseidon/pegasus/casa-wind-full/run0218/00/02/mvt_ID0000054.meta,/mnt/poseidon-data/poseidon/workflows/casa-wind-workflow-full/submit/poseidon/pegasus/casa-wind-full/run0218/00/01/post_vel_ID0000033.meta,/mnt/poseidon-data/poseidon/workflows/casa-wind-workflow-full/submit/poseidon/pegasus/casa-wind-full/run0218/00/02/post_vel_ID0000113.meta,/mnt/poseidon-data/poseidon/workflows/casa-wind-workflow-full/submit/poseidon/pegasus/casa-wind-full/run0218/00/01/post_vel_ID0000003.meta,/mnt/poseidon-data/poseidon/workflows/casa-wind-workflow-full/submit/poseidon/pegasus/casa-wind-full/run0218/00/01/post_vel_ID0000118.meta --insert /mnt/poseidon-data/poseidon/workflows/casa-wind-workflow-full/submit/poseidon/pegasus/casa-wind-full/run0218/00/02/register_condorpool_2_4.in",2.7,0,0,,,,,,,,,
register_condorpool_2_1,None,auxiliary,0,1694384258.0,,,1694384289.0,,,0.0,1694384290.0,1694384294.0,,,0.0,1694384294.0,1694384299.0,31.0,,1.0,4.0,5.0,,,,,poseidon,local,poseidon-submit,pegasus::rc-client,/mnt/poseidon-data/poseidon/pegasus-5.1.0panorama/bin/pegasus-rc-client,"-n pegasus::rc-client -N null -R local  -L casa-wind-full -T 2023-09-08T07:29:05+00:00 /home/poseidon/pegasus-5.1.0panorama/bin/pegasus-rc-client --prefix pegasus.catalog.replica.output --conf /mnt/poseidon-data/poseidon/workflows/casa-wind-workflow-full/submit/poseidon/pegasus/casa-wind-full/run0218/pegasus.1488415671356297664.properties -v --meta /mnt/poseidon-data/poseidon/workflows/casa-wind-workflow-full/submit/poseidon/pegasus/casa-wind-full/run0218/00/01/post_vel_ID0000028.meta,/mnt/poseidon-data/poseidon/workflows/casa-wind-workflow-full/submit/poseidon/pegasus/casa-wind-full/run0218/00/02/post_vel_ID0000043.meta,/mnt/poseidon-data/poseidon/workflows/casa-wind-workflow-full/submit/poseidon/pegasus/casa-wind-full/run0218/00/01/post_vel_ID0000128.meta,/mnt/poseidon-data/poseidon/workflows/casa-wind-workflow-full/submit/poseidon/pegasus/casa-wind-full/run0218/00/01/mvt_ID0000094.meta,/mnt/poseidon-data/poseidon/workflows/casa-wind-workflow-full/submit/poseidon/pegasus/casa-wind-full/run0218/00/01/mvt_ID0000069.meta,/mnt/poseidon-data/poseidon/workflows/casa-wind-workflow-full/submit/poseidon/pegasus/casa-wind-full/run0218/00/02/mvt_ID0000059.meta,/mnt/poseidon-data/poseidon/workflows/casa-wind-workflow-full/submit/poseidon/pegasus/casa-wind-full/run0218/00/01/mvt_ID0000124.meta,/mnt/poseidon-data/poseidon/workflows/casa-wind-workflow-full/submit/poseidon/pegasus/casa-wind-full/run0218/00/01/mvt_ID0000024.meta,/mnt/poseidon-data/poseidon/workflows/casa-wind-workflow-full/submit/poseidon/pegasus/casa-wind-full/run0218/00/02/mvt_ID0000079.meta --insert /mnt/poseidon-data/poseidon/workflows/casa-wind-workflow-full/submit/poseidon/pegasus/casa-wind-full/run0218/00/02/register_condorpool_2_1.in",2.6,0,0,,,,,,,,,
register_condorpool_2_0,None,auxiliary,0,1694384258.0,,,1694384268.0,,,0.0,1694384269.0,1694384274.0,,,0.0,1694384274.0,1694384279.0,10.0,,1.0,5.0,5.0,,,,,poseidon,local,poseidon-submit,pegasus::rc-client,/mnt/poseidon-data/poseidon/pegasus-5.1.0panorama/bin/pegasus-rc-client,"-n pegasus::rc-client -N null -R local  -L casa-wind-full -T 2023-09-08T07:29:05+00:00 /home/poseidon/pegasus-5.1.0panorama/bin/pegasus-rc-client --prefix pegasus.catalog.replica.output --conf /mnt/poseidon-data/poseidon/workflows/casa-wind-workflow-full/submit/poseidon/pegasus/casa-wind-full/run0218/pegasus.1488415671356297664.properties -v --meta /mnt/poseidon-data/poseidon/workflows/casa-wind-workflow-full/submit/poseidon/pegasus/casa-wind-full/run0218/00/01/post_vel_ID0000023.meta,/mnt/poseidon-data/poseidon/workflows/casa-wind-workflow-full/submit/poseidon/pegasus/casa-wind-full/run0218/00/01/post_vel_ID0000093.meta,/mnt/poseidon-data/poseidon/workflows/casa-wind-workflow-full/submit/poseidon/pegasus/casa-wind-full/run0218/00/01/mvt_ID0000129.meta,/mnt/poseidon-data/poseidon/workflows/casa-wind-workflow-full/submit/poseidon/pegasus/casa-wind-full/run0218/00/02/mvt_ID0000044.meta,/mnt/poseidon-data/poseidon/workflows/casa-wind-workflow-full/submit/poseidon/pegasus/casa-wind-full/run0218/00/02/post_vel_ID0000058.meta,/mnt/poseidon-data/poseidon/workflows/casa-wind-workflow-full/submit/poseidon/pegasus/casa-wind-full/run0218/00/01/post_vel_ID0000068.meta,/mnt/poseidon-data/poseidon/workflows/casa-wind-workflow-full/submit/poseidon/pegasus/casa-wind-full/run0218/00/01/post_vel_ID0000123.meta,/mnt/poseidon-data/poseidon/workflows/casa-wind-workflow-full/submit/poseidon/pegasus/casa-wind-full/run0218/00/02/post_vel_ID0000078.meta,/mnt/poseidon-data/poseidon/workflows/casa-wind-workflow-full/submit/poseidon/pegasus/casa-wind-full/run0218/00/01/mvt_ID0000029.meta --insert /mnt/poseidon-data/poseidon/workflows/casa-wind-workflow-full/submit/poseidon/pegasus/casa-wind-full/run0218/00/02/register_condorpool_2_0.in",2.7,0,0,,,,,,,,,
register_condorpool_2_5,None,auxiliary,0,1694384258.0,,,1694384279.0,,,0.0,1694384279.0,1694384284.0,,,0.0,1694384284.0,1694384289.0,21.0,,0.0,5.0,5.0,,,,,poseidon,local,poseidon-submit,pegasus::rc-client,/mnt/poseidon-data/poseidon/pegasus-5.1.0panorama/bin/pegasus-rc-client,"-n pegasus::rc-client -N null -R local  -L casa-wind-full -T 2023-09-08T07:29:05+00:00 /home/poseidon/pegasus-5.1.0panorama/bin/pegasus-rc-client --prefix pegasus.catalog.replica.output --conf /mnt/poseidon-data/poseidon/workflows/casa-wind-workflow-full/submit/poseidon/pegasus/casa-wind-full/run0218/pegasus.1488415671356297664.properties -v --meta /mnt/poseidon-data/poseidon/workflows/casa-wind-workflow-full/submit/poseidon/pegasus/casa-wind-full/run0218/00/01/mvt_ID0000004.meta,/mnt/poseidon-data/poseidon/workflows/casa-wind-workflow-full/submit/poseidon/pegasus/casa-wind-full/run0218/00/01/mvt_ID0000119.meta,/mnt/poseidon-data/poseidon/workflows/casa-wind-workflow-full/submit/poseidon/pegasus/casa-wind-full/run0218/00/02/post_vel_ID0000053.meta,/mnt/poseidon-data/poseidon/workflows/casa-wind-workflow-full/submit/poseidon/pegasus/casa-wind-full/run0218/00/02/mvt_ID0000114.meta,/mnt/poseidon-data/poseidon/workflows/casa-wind-workflow-full/submit/poseidon/pegasus/casa-wind-full/run0218/00/01/mvt_ID0000034.meta,/mnt/poseidon-data/poseidon/workflows/casa-wind-workflow-full/submit/poseidon/pegasus/casa-wind-full/run0218/00/01/mvt_ID0000014.meta,/mnt/poseidon-data/poseidon/workflows/casa-wind-workflow-full/submit/poseidon/pegasus/casa-wind-full/run0218/00/02/mvt_ID0000109.meta,/mnt/poseidon-data/poseidon/workflows/casa-wind-workflow-full/submit/poseidon/pegasus/casa-wind-full/run0218/00/01/mvt_ID0000064.meta --insert /mnt/poseidon-data/poseidon/workflows/casa-wind-workflow-full/submit/poseidon/pegasus/casa-wind-full/run0218/00/02/register_condorpool_2_5.in",2.7,0,0,,,,,,,,,
register_condorpool_2_3,None,auxiliary,0,1694384258.0,,,1694384299.0,,,0.0,1694384300.0,1694384304.0,,,0.0,1694384304.0,1694384309.0,41.0,,1.0,4.0,5.0,,,,,poseidon,local,poseidon-submit,pegasus::rc-client,/mnt/poseidon-data/poseidon/pegasus-5.1.0panorama/bin/pegasus-rc-client,"-n pegasus::rc-client -N null -R local  -L casa-wind-full -T 2023-09-08T07:29:05+00:00 /home/poseidon/pegasus-5.1.0panorama/bin/pegasus-rc-client --prefix pegasus.catalog.replica.output --conf /mnt/poseidon-data/poseidon/workflows/casa-wind-workflow-full/submit/poseidon/pegasus/casa-wind-full/run0218/pegasus.1488415671356297664.properties -v --meta /mnt/poseidon-data/poseidon/workflows/casa-wind-workflow-full/submit/poseidon/pegasus/casa-wind-full/run0218/00/01/mvt_ID0000084.meta,/mnt/poseidon-data/poseidon/workflows/casa-wind-workflow-full/submit/poseidon/pegasus/casa-wind-full/run0218/00/02/post_vel_ID0000103.meta,/mnt/poseidon-data/poseidon/workflows/casa-wind-workflow-full/submit/poseidon/pegasus/casa-wind-full/run0218/00/01/post_vel_ID0000098.meta,/mnt/poseidon-data/poseidon/workflows/casa-wind-workflow-full/submit/poseidon/pegasus/casa-wind-full/run0218/00/02/post_vel_ID0000048.meta,/mnt/poseidon-data/poseidon/workflows/casa-wind-workflow-full/submit/poseidon/pegasus/casa-wind-full/run0218/00/01/mvt_ID0000009.meta,/mnt/poseidon-data/poseidon/workflows/casa-wind-workflow-full/submit/poseidon/pegasus/casa-wind-full/run0218/00/01/post_vel_ID0000018.meta,/mnt/poseidon-data/poseidon/workflows/casa-wind-workflow-full/submit/poseidon/pegasus/casa-wind-full/run0218/00/01/mvt_ID0000089.meta,/mnt/poseidon-data/poseidon/workflows/casa-wind-workflow-full/submit/poseidon/pegasus/casa-wind-full/run0218/00/02/mvt_ID0000074.meta,/mnt/poseidon-data/poseidon/workflows/casa-wind-workflow-full/submit/poseidon/pegasus/casa-wind-full/run0218/00/02/post_vel_ID0000038.meta --insert /mnt/poseidon-data/poseidon/workflows/casa-wind-workflow-full/submit/poseidon/pegasus/casa-wind-full/run0218/00/02/register_condorpool_2_3.in",2.6,0,0,,,,,,,,,
stage_out_local_condorpool_3_2,None,transfer,0,1694384284.0,,,1694384289.0,,,0.0,1694384290.0,1694384294.0,,,0.0,1694384294.0,1694384299.0,5.0,,1.0,4.0,5.0,,,,,poseidon,local,poseidon-submit,pegasus::transfer,/mnt/poseidon-data/poseidon/pegasus-5.1.0panorama/bin/pegasus-transfer,/home/poseidon/pegasus-5.1.0panorama/bin/../bin/pegasus-kickstart  -n pegasus::transfer -N null -i - -R local  -L casa-wind-full -T 2023-09-08T07:29:05+00:00 /home/poseidon/pegasus-5.1.0panorama/bin/../bin/pegasus-transfer  --threads 2,0.9,0,0,,,,,,,,,
stage_out_local_condorpool_3_1,None,transfer,0,1694384284.0,,,1694384289.0,,,0.0,1694384290.0,1694384294.0,,,0.0,1694384294.0,1694384299.0,5.0,,1.0,4.0,5.0,,,,,poseidon,local,poseidon-submit,pegasus::transfer,/mnt/poseidon-data/poseidon/pegasus-5.1.0panorama/bin/pegasus-transfer,/home/poseidon/pegasus-5.1.0panorama/bin/../bin/pegasus-kickstart  -n pegasus::transfer -N null -i - -R local  -L casa-wind-full -T 2023-09-08T07:29:05+00:00 /home/poseidon/pegasus-5.1.0panorama/bin/../bin/pegasus-transfer  --threads 2,0.9,0,0,,,,,,,,,
stage_out_local_condorpool_3_0,None,transfer,0,1694384284.0,,,1694384289.0,,,0.0,1694384290.0,1694384294.0,,,0.0,1694384294.0,1694384299.0,5.0,,1.0,4.0,5.0,,,,,poseidon,local,poseidon-submit,pegasus::transfer,/mnt/poseidon-data/poseidon/pegasus-5.1.0panorama/bin/pegasus-transfer,/home/poseidon/pegasus-5.1.0panorama/bin/../bin/pegasus-kickstart  -n pegasus::transfer -N null -i - -R local  -L casa-wind-full -T 2023-09-08T07:29:05+00:00 /home/poseidon/pegasus-5.1.0panorama/bin/../bin/pegasus-transfer  --threads 2,0.9,0,0,,,,,,,,,
cleanup_casa-wind-full_0_condorpool,None,auxiliary,0,1694384299.0,,,1694384304.0,,,0.0,1694384305.0,1694384314.0,,,0.0,1694384314.0,1694384319.0,5.0,,1.0,9.0,5.0,,,,,poseidon,local,poseidon-submit,pegasus::cleanup,/mnt/poseidon-data/poseidon/pegasus-5.1.0panorama/bin/pegasus-transfer,pegasus-kickstart  -n pegasus::cleanup -N null -i - -R local  -L casa-wind-full -T 2023-09-08T07:29:05+00:00 pegasus-transfer,0.2,0,0,,,,,,,,,
register_condorpool_3_0,None,auxiliary,0,1694384299.0,,,1694384309.0,,,0.0,1694384310.0,1694384314.0,,,0.0,1694384314.0,1694384319.0,10.0,,1.0,4.0,5.0,,,,,poseidon,local,poseidon-submit,pegasus::rc-client,/mnt/poseidon-data/poseidon/pegasus-5.1.0panorama/bin/pegasus-rc-client,"-n pegasus::rc-client -N null -R local  -L casa-wind-full -T 2023-09-08T07:29:05+00:00 /home/poseidon/pegasus-5.1.0panorama/bin/pegasus-rc-client --prefix pegasus.catalog.replica.output --conf /mnt/poseidon-data/poseidon/workflows/casa-wind-workflow-full/submit/poseidon/pegasus/casa-wind-full/run0218/pegasus.1488415671356297664.properties -v --meta /mnt/poseidon-data/poseidon/workflows/casa-wind-workflow-full/submit/poseidon/pegasus/casa-wind-full/run0218/00/02/point_alert_ID0000125.meta,/mnt/poseidon-data/poseidon/workflows/casa-wind-workflow-full/submit/poseidon/pegasus/casa-wind-full/run0218/00/02/point_alert_ID0000095.meta,/mnt/poseidon-data/poseidon/workflows/casa-wind-workflow-full/submit/poseidon/pegasus/casa-wind-full/run0218/00/03/point_alert_ID0000060.meta,/mnt/poseidon-data/poseidon/workflows/casa-wind-workflow-full/submit/poseidon/pegasus/casa-wind-full/run0218/00/02/point_alert_ID0000030.meta,/mnt/poseidon-data/poseidon/workflows/casa-wind-workflow-full/submit/poseidon/pegasus/casa-wind-full/run0218/00/02/point_alert_ID0000025.meta,/mnt/poseidon-data/poseidon/workflows/casa-wind-workflow-full/submit/poseidon/pegasus/casa-wind-full/run0218/00/03/point_alert_ID0000045.meta,/mnt/poseidon-data/poseidon/workflows/casa-wind-workflow-full/submit/poseidon/pegasus/casa-wind-full/run0218/00/02/point_alert_ID0000130.meta,/mnt/poseidon-data/poseidon/workflows/casa-wind-workflow-full/submit/poseidon/pegasus/casa-wind-full/run0218/00/02/point_alert_ID0000070.meta,/mnt/poseidon-data/poseidon/workflows/casa-wind-workflow-full/submit/poseidon/pegasus/casa-wind-full/run0218/00/02/point_alert_ID0000080.meta --insert /mnt/poseidon-data/poseidon/workflows/casa-wind-workflow-full/submit/poseidon/pegasus/casa-wind-full/run0218/00/03/register_condorpool_3_0.in",2.5,0,0,,,,,,,,,
register_condorpool_3_2,None,auxiliary,0,1694384299.0,,,1694384319.0,,,0.0,1694384319.0,1694384324.0,,,0.0,1694384324.0,1694384329.0,20.0,,0.0,5.0,5.0,,,,,poseidon,local,poseidon-submit,pegasus::rc-client,/mnt/poseidon-data/poseidon/pegasus-5.1.0panorama/bin/pegasus-rc-client,"-n pegasus::rc-client -N null -R local  -L casa-wind-full -T 2023-09-08T07:29:05+00:00 /home/poseidon/pegasus-5.1.0panorama/bin/pegasus-rc-client --prefix pegasus.catalog.replica.output --conf /mnt/poseidon-data/poseidon/workflows/casa-wind-workflow-full/submit/poseidon/pegasus/casa-wind-full/run0218/pegasus.1488415671356297664.properties -v --meta /mnt/poseidon-data/poseidon/workflows/casa-wind-workflow-full/submit/poseidon/pegasus/casa-wind-full/run0218/00/03/point_alert_ID0000110.meta,/mnt/poseidon-data/poseidon/workflows/casa-wind-workflow-full/submit/poseidon/pegasus/casa-wind-full/run0218/00/03/point_alert_ID0000055.meta,/mnt/poseidon-data/poseidon/workflows/casa-wind-workflow-full/submit/poseidon/pegasus/casa-wind-full/run0218/00/02/point_alert_ID0000115.meta,/mnt/poseidon-data/poseidon/workflows/casa-wind-workflow-full/submit/poseidon/pegasus/casa-wind-full/run0218/00/02/point_alert_ID0000120.meta,/mnt/poseidon-data/poseidon/workflows/casa-wind-workflow-full/submit/poseidon/pegasus/casa-wind-full/run0218/00/02/point_alert_ID0000035.meta,/mnt/poseidon-data/poseidon/workflows/casa-wind-workflow-full/submit/poseidon/pegasus/casa-wind-full/run0218/00/02/point_alert_ID0000015.meta,/mnt/poseidon-data/poseidon/workflows/casa-wind-workflow-full/submit/poseidon/pegasus/casa-wind-full/run0218/00/02/point_alert_ID0000065.meta,/mnt/poseidon-data/poseidon/workflows/casa-wind-workflow-full/submit/poseidon/pegasus/casa-wind-full/run0218/00/02/point_alert_ID0000005.meta --insert /mnt/poseidon-data/poseidon/workflows/casa-wind-workflow-full/submit/poseidon/pegasus/casa-wind-full/run0218/00/03/register_condorpool_3_2.in",2.6,0,0,,,,,,,,,
register_condorpool_3_1,None,auxiliary,0,1694384299.0,,,1694384329.0,,,0.0,1694384330.0,1694384334.0,,,0.0,1694384334.0,1694384339.0,30.0,,1.0,4.0,5.0,,,,,poseidon,local,poseidon-submit,pegasus::rc-client,/mnt/poseidon-data/poseidon/pegasus-5.1.0panorama/bin/pegasus-rc-client,"-n pegasus::rc-client -N null -R local  -L casa-wind-full -T 2023-09-08T07:29:05+00:00 /home/poseidon/pegasus-5.1.0panorama/bin/pegasus-rc-client --prefix pegasus.catalog.replica.output --conf /mnt/poseidon-data/poseidon/workflows/casa-wind-workflow-full/submit/poseidon/pegasus/casa-wind-full/run0218/pegasus.1488415671356297664.properties -v --meta /mnt/poseidon-data/poseidon/workflows/casa-wind-workflow-full/submit/poseidon/pegasus/casa-wind-full/run0218/00/02/point_alert_ID0000010.meta,/mnt/poseidon-data/poseidon/workflows/casa-wind-workflow-full/submit/poseidon/pegasus/casa-wind-full/run0218/00/02/point_alert_ID0000090.meta,/mnt/poseidon-data/poseidon/workflows/casa-wind-workflow-full/submit/poseidon/pegasus/casa-wind-full/run0218/00/02/point_alert_ID0000085.meta,/mnt/poseidon-data/poseidon/workflows/casa-wind-workflow-full/submit/poseidon/pegasus/casa-wind-full/run0218/00/02/point_alert_ID0000075.meta,/mnt/poseidon-data/poseidon/workflows/casa-wind-workflow-full/submit/poseidon/pegasus/casa-wind-full/run0218/00/02/point_alert_ID0000100.meta,/mnt/poseidon-data/poseidon/workflows/casa-wind-workflow-full/submit/poseidon/pegasus/casa-wind-full/run0218/00/03/point_alert_ID0000040.meta,/mnt/poseidon-data/poseidon/workflows/casa-wind-workflow-full/submit/poseidon/pegasus/casa-wind-full/run0218/00/02/point_alert_ID0000020.meta,/mnt/poseidon-data/poseidon/workflows/casa-wind-workflow-full/submit/poseidon/pegasus/casa-wind-full/run0218/00/03/point_alert_ID0000050.meta,/mnt/poseidon-data/poseidon/workflows/casa-wind-workflow-full/submit/poseidon/pegasus/casa-wind-full/run0218/00/03/point_alert_ID0000105.meta --insert /mnt/poseidon-data/poseidon/workflows/casa-wind-workflow-full/submit/poseidon/pegasus/casa-wind-full/run0218/00/03/register_condorpool_3_1.in",2.6,0,0,,,,,,,,,
