,anomaly_type,type,is_clustered,ready,pre_script_start,pre_script_end,submit,stage_in_start,stage_in_end,stage_in_effective_bytes_per_sec,execute_start,execute_end,stage_out_start,stage_out_end,stage_out_effective_bytes_per_sec,post_script_start,post_script_end,wms_delay,pre_script_delay,queue_delay,runtime,post_script_delay,stage_in_delay,stage_in_bytes,stage_out_delay,stage_out_bytes,kickstart_user,kickstart_site,kickstart_hostname,kickstart_transformations,kickstart_executables,kickstart_executables_argv,kickstart_executables_cpu_time,kickstart_status,kickstart_executables_exitcode,kickstart_online_iowait,kickstart_online_bytes_read,kickstart_online_bytes_written,kickstart_online_read_system_calls,kickstart_online_write_system_calls,kickstart_online_utime,kickstart_online_stime,kickstart_online_bytes_read_per_second,kickstart_online_bytes_written_per_second
create_dir_casa-wind-full_0_condorpool,None,auxiliary,0,1694479447.0,,,1694479448.0,,,0.0,1694479451.0,1694479458.0,,,0.0,1694479458.0,1694479463.0,1.0,,3.0,7.0,5.0,,,,,poseidon,local,poseidon-submit,pegasus::dirmanager,/mnt/poseidon-data/poseidon/pegasus-5.1.0panorama/bin/pegasus-transfer,pegasus-kickstart  -n pegasus::dirmanager -N null -i - -R local  -L casa-wind-full -T 2023-09-08T07:29:05+00:00 pegasus-transfer,0.2,0,0,,,,,,,,,
unzip_ID0000006,cpu_3,compute,0,1694479463.0,,,1694479468.0,1694479493.0,1694479502.0,24496568.0,1694479491.0,1694479553.0,1694479518.0,1694479545.0,18796943.0,1694479553.0,1694479558.0,5.0,,23.0,62.0,5.0,9.0,222753803.0,27.0,501616588.0,poseidon,condorpool,poseidon-worker-1-container-28-31,unzip,/usr/bin/gunzip,,3.9,0,0,,,,,,,,,
unzip_ID0000106,None,compute,0,1694479463.0,,,1694479468.0,1694479493.0,1694479502.0,26987606.0,1694479491.0,1694479548.0,1694479515.0,1694479541.0,19143255.0,1694479548.0,1694479553.0,5.0,,23.0,57.0,5.0,9.0,241199298.0,26.0,501821816.0,poseidon,condorpool,poseidon-worker-1-container-44-47,unzip,/usr/bin/gunzip,,4.0,0,0,,,,,,,,,
unzip_ID0000046,None,compute,0,1694479463.0,,,1694479468.0,1694479490.0,1694479500.0,23910528.0,1694479488.0,1694479548.0,1694479512.0,1694479541.0,18500635.0,1694479548.0,1694479553.0,5.0,,20.0,60.0,5.0,10.0,229692821.0,29.0,523855228.0,poseidon,condorpool,poseidon-worker-2-container-0-3,unzip,/usr/bin/gunzip,,3.9,0,0,,,,,,,,,
unzip_ID0000101,None,compute,0,1694479463.0,,,1694479468.0,1694479491.0,1694479500.0,27344278.0,1694479490.0,1694479548.0,1694479513.0,1694479541.0,20716566.0,1694479548.0,1694479553.0,5.0,,22.0,58.0,5.0,9.0,250988249.0,28.0,561551644.0,poseidon,condorpool,poseidon-worker-2-container-4-7,unzip,/usr/bin/gunzip,,4.3,0,0,,,,,,,,,
unzip_ID0000026,None,compute,0,1694479463.0,,,1694479468.0,1694479489.0,1694479497.0,26867210.0,1694479487.0,1694479528.0,1694479510.0,1694479522.0,44383889.0,1694479528.0,1694479533.0,5.0,,19.0,41.0,5.0,8.0,227963832.0,12.0,523917888.0,poseidon,condorpool,poseidon-worker-1-container-8-11,unzip,/usr/bin/gunzip,,4.0,0,0,,,,,,,,,
unzip_ID0000126,cpu_3,compute,0,1694479463.0,,,1694479468.0,1694479491.0,1694479498.0,37587520.0,1694479489.0,1694479528.0,1694479510.0,1694479522.0,42770595.0,1694479528.0,1694479533.0,5.0,,21.0,39.0,5.0,7.0,249343892.0,12.0,520618424.0,poseidon,condorpool,poseidon-worker-2-container-8-11,unzip,/usr/bin/gunzip,,4.2,0,0,,,,,,,,,
unzip_ID0000031,None,compute,0,1694479463.0,,,1694479468.0,1694479490.0,1694479497.0,34333752.0,1694479489.0,1694479533.0,1694479511.0,1694479524.0,40198409.0,1694479533.0,1694479538.0,5.0,,21.0,44.0,5.0,7.0,237517035.0,13.0,539438752.0,poseidon,condorpool,poseidon-worker-1-container-4-7,unzip,/usr/bin/gunzip,,4.1,0,0,,,,,,,,,
unzip_ID0000076,None,compute,0,1694479463.0,,,1694479468.0,1694479489.0,1694479498.0,25982386.0,1694479487.0,1694479528.0,1694479510.0,1694479520.0,55164417.0,1694479528.0,1694479533.0,5.0,,19.0,41.0,5.0,9.0,233747923.0,10.0,523942844.0,poseidon,condorpool,poseidon-worker-2-container-16-19,unzip,/usr/bin/gunzip,,4.1,0,0,,,,,,,,,
unzip_ID0000011,None,compute,0,1694479463.0,,,1694479468.0,1694479488.0,1694479497.0,27107868.0,1694479487.0,1694479528.0,1694479510.0,1694479523.0,44528938.0,1694479528.0,1694479533.0,5.0,,19.0,41.0,5.0,9.0,235998389.0,13.0,565205920.0,poseidon,condorpool,poseidon-worker-2-container-28-31,unzip,/usr/bin/gunzip,,4.2,0,0,,,,,,,,,
unzip_ID0000111,None,compute,0,1694479463.0,,,1694479468.0,1694479488.0,1694479496.0,31741001.0,1694479487.0,1694479528.0,1694479509.0,1694479520.0,52751187.0,1694479528.0,1694479533.0,5.0,,19.0,41.0,5.0,8.0,256320311.0,11.0,567950764.0,poseidon,condorpool,poseidon-worker-2-container-24-27,unzip,/usr/bin/gunzip,,4.4,0,0,,,,,,,,,
unzip_ID0000071,None,compute,0,1694479463.0,,,1694479468.0,1694479489.0,1694479498.0,26423952.0,1694479488.0,1694479553.0,1694479512.0,1694479545.0,16327517.0,1694479553.0,1694479558.0,5.0,,20.0,65.0,5.0,9.0,240896692.0,33.0,539506600.0,poseidon,condorpool,poseidon-worker-1-container-32-35,unzip,/usr/bin/gunzip,,4.1,0,0,,,,,,,,,
unzip_ID0000051,None,compute,0,1694479463.0,,,1694479468.0,1694479490.0,1694479498.0,28737966.0,1694479488.0,1694479543.0,1694479511.0,1694479533.0,24653079.0,1694479543.0,1694479548.0,5.0,,20.0,55.0,5.0,8.0,239630266.0,22.0,544301296.0,poseidon,condorpool,poseidon-worker-1-container-20-23,unzip,/usr/bin/gunzip,,4.2,0,0,,,,,,,,,
unzip_ID0000056,None,compute,0,1694479463.0,,,1694479468.0,1694479489.0,1694479496.0,33089127.0,1694479487.0,1694479523.0,1694479508.0,1694479517.0,59875032.0,1694479523.0,1694479528.0,5.0,,19.0,36.0,5.0,7.0,232139969.0,9.0,528026776.0,poseidon,condorpool,poseidon-worker-2-container-12-15,unzip,/usr/bin/gunzip,,4.0,0,0,,,,,,,,,
unzip_ID0000091,cpu_3,compute,0,1694479463.0,,,1694479468.0,1694479489.0,1694479499.0,25649983.0,1694479487.0,1694479553.0,1694479511.0,1694479543.0,16999972.0,1694479553.0,1694479558.0,5.0,,19.0,66.0,5.0,10.0,246447087.0,32.0,539109992.0,poseidon,condorpool,poseidon-worker-2-container-32-35,unzip,/usr/bin/gunzip,,4.2,0,0,,,,,,,,,
unzip_ID0000081,None,compute,0,1694479463.0,,,1694479468.0,1694479489.0,1694479498.0,26855098.0,1694479487.0,1694479538.0,1694479511.0,1694479530.0,29529639.0,1694479538.0,1694479543.0,5.0,,19.0,51.0,5.0,9.0,245619741.0,19.0,543190672.0,poseidon,condorpool,poseidon-worker-1-container-44-47,unzip,/usr/bin/gunzip,,4.2,0,0,,,,,,,,,
unzip_ID0000041,cpu_3,compute,0,1694479463.0,,,1694479468.0,1694479489.0,1694479497.0,29882458.0,1694479487.0,1694479528.0,1694479510.0,1694479522.0,43699671.0,1694479528.0,1694479533.0,5.0,,19.0,41.0,5.0,8.0,238944758.0,12.0,540768928.0,poseidon,condorpool,poseidon-worker-2-container-40-43,unzip,/usr/bin/gunzip,,4.1,0,0,,,,,,,,,
unzip_ID0000096,None,compute,0,1694479463.0,,,1694479468.0,1694479489.0,1694479498.0,25286169.0,1694479487.0,1694479548.0,1694479511.0,1694479541.0,17685511.0,1694479548.0,1694479553.0,5.0,,19.0,61.0,5.0,9.0,240753402.0,30.0,524013876.0,poseidon,condorpool,poseidon-worker-2-container-20-23,unzip,/usr/bin/gunzip,,4.2,0,0,,,,,,,,,
unzip_ID0000001,None,compute,0,1694479463.0,,,1694479468.0,1694479489.0,1694479498.0,25715508.0,1694479487.0,1694479533.0,1694479511.0,1694479523.0,45109433.0,1694479533.0,1694479538.0,5.0,,19.0,46.0,5.0,9.0,232473216.0,12.0,561354992.0,poseidon,condorpool,poseidon-worker-2-container-44-47,unzip,/usr/bin/gunzip,,4.1,0,0,,,,,,,,,
unzip_ID0000121,None,compute,0,1694479463.0,,,1694479468.0,1694479488.0,1694479495.0,35780535.0,1694479486.0,1694479523.0,1694479508.0,1694479517.0,60800722.0,1694479523.0,1694479528.0,5.0,,18.0,37.0,5.0,7.0,250860096.0,9.0,550782944.0,poseidon,condorpool,poseidon-worker-1-container-12-15,unzip,/usr/bin/gunzip,,4.3,0,0,,,,,,,,,
unzip_ID0000066,None,compute,0,1694479463.0,,,1694479468.0,1694479489.0,1694479498.0,24862324.0,1694479487.0,1694479528.0,1694479511.0,1694479523.0,43519696.0,1694479528.0,1694479533.0,5.0,,19.0,41.0,5.0,9.0,232031705.0,12.0,523661496.0,poseidon,condorpool,poseidon-worker-1-container-0-3,unzip,/usr/bin/gunzip,,4.0,0,0,,,,,,,,,
unzip_ID0000061,cpu_3,compute,0,1694479463.0,,,1694479468.0,1694479489.0,1694479498.0,26808469.0,1694479487.0,1694479538.0,1694479511.0,1694479530.0,29066258.0,1694479538.0,1694479543.0,5.0,,19.0,51.0,5.0,9.0,240463185.0,19.0,541945820.0,poseidon,condorpool,poseidon-worker-1-container-36-39,unzip,/usr/bin/gunzip,,4.2,0,0,,,,,,,,,
unzip_ID0000086,None,compute,0,1694479463.0,,,1694479468.0,1694479489.0,1694479499.0,24121989.0,1694479488.0,1694479553.0,1694479512.0,1694479545.0,15700131.0,1694479553.0,1694479558.0,5.0,,20.0,65.0,5.0,10.0,234836668.0,33.0,518838800.0,poseidon,condorpool,poseidon-worker-1-container-24-27,unzip,/usr/bin/gunzip,,4.1,0,0,,,,,,,,,
unzip_ID0000016,cpu_3,compute,0,1694479463.0,,,1694479468.0,1694479488.0,1694479499.0,22154511.0,1694479486.0,1694479548.0,1694479513.0,1694479540.0,19171486.0,1694479548.0,1694479553.0,5.0,,18.0,62.0,5.0,11.0,225238888.0,27.0,523826084.0,poseidon,condorpool,poseidon-worker-1-container-28-31,unzip,/usr/bin/gunzip,,4.0,0,0,,,,,,,,,
unzip_ID0000036,None,compute,0,1694479463.0,,,1694479468.0,1694479488.0,1694479498.0,23421779.0,1694479487.0,1694479548.0,1694479511.0,1694479540.0,18575472.0,1694479548.0,1694479553.0,5.0,,19.0,61.0,5.0,10.0,232020704.0,29.0,526952240.0,poseidon,condorpool,poseidon-worker-1-container-16-19,unzip,/usr/bin/gunzip,,4.1,0,0,,,,,,,,,
unzip_ID0000116,None,compute,0,1694479463.0,,,1694479468.0,1694479488.0,1694479498.0,26380134.0,1694479487.0,1694479538.0,1694479511.0,1694479531.0,25152571.0,1694479538.0,1694479543.0,5.0,,19.0,51.0,5.0,10.0,249255741.0,20.0,520850676.0,poseidon,condorpool,poseidon-worker-1-container-40-43,unzip,/usr/bin/gunzip,,4.2,0,0,,,,,,,,,
unzip_ID0000021,None,compute,0,1694479463.0,,,1694479468.0,1694479489.0,1694479499.0,23112852.0,1694479487.0,1694479538.0,1694479511.0,1694479532.0,25985994.0,1694479538.0,1694479543.0,5.0,,19.0,51.0,5.0,10.0,235136662.0,21.0,539178100.0,poseidon,condorpool,poseidon-worker-2-container-36-39,unzip,/usr/bin/gunzip,,4.0,0,0,,,,,,,,,
um_vel_ID0000057,None,compute,0,1694479528.0,,,1694479533.0,1694479536.0,1694479556.0,48743683.5,1694479534.0,1694479578.0,1694479564.0,1694479567.0,175371.0,1694479578.0,1694479583.0,5.0,,1.0,44.0,5.0,20.0,704613528.0,3.0,556900.0,poseidon,condorpool,poseidon-worker-2-container-44-47,um_vel,/opt/UM_VEL/UM_VEL,,1.8,0,0,,,,,,,,,
um_vel_ID0000122,None,compute,0,1694479528.0,,,1694479533.0,1694479536.0,1694479555.0,54040327.5,1694479534.0,1694479578.0,1694479563.0,1694479567.0,174214.0,1694479578.0,1694479583.0,5.0,,1.0,44.0,5.0,19.0,727369696.0,4.0,556900.0,poseidon,condorpool,poseidon-worker-2-container-12-15,um_vel,/opt/UM_VEL/UM_VEL,,1.7,0,0,,,,,,,,,
um_vel_ID0000027,None,compute,0,1694479533.0,,,1694479538.0,1694479541.0,1694479561.0,50107742.2,1694479539.0,1694479583.0,1694479569.0,1694479573.0,172026.0,1694479583.0,1694479588.0,5.0,,1.0,44.0,5.0,20.0,700504640.0,4.0,556900.0,poseidon,condorpool,poseidon-worker-1-container-44-47,um_vel,/opt/UM_VEL/UM_VEL,,1.7,0,0,,,,,,,,,
um_vel_ID0000042,None,compute,0,1694479533.0,,,1694479538.0,1694479541.0,1694479561.0,49865911.4,1694479539.0,1694479583.0,1694479570.0,1694479573.0,173842.0,1694479583.0,1694479588.0,5.0,,1.0,44.0,5.0,20.0,717355680.0,3.0,556900.0,poseidon,condorpool,poseidon-worker-2-container-36-39,um_vel,/opt/UM_VEL/UM_VEL,,1.8,0,0,,,,,,,,,
um_vel_ID0000127,None,compute,0,1694479533.0,,,1694479538.0,1694479541.0,1694479561.0,49039767.1,1694479539.0,1694479583.0,1694479570.0,1694479573.0,174643.0,1694479583.0,1694479588.0,5.0,,1.0,44.0,5.0,20.0,697205176.0,3.0,556900.0,poseidon,condorpool,poseidon-worker-2-container-28-31,um_vel,/opt/UM_VEL/UM_VEL,,1.7,0,0,,,,,,,,,
um_vel_ID0000077,None,compute,0,1694479533.0,,,1694479538.0,1694479541.0,1694479561.0,47681123.6,1694479539.0,1694479583.0,1694479570.0,1694479573.0,167609.0,1694479583.0,1694479588.0,5.0,,1.0,44.0,5.0,20.0,700529596.0,3.0,556900.0,poseidon,condorpool,poseidon-worker-1-container-12-15,um_vel,/opt/UM_VEL/UM_VEL,,1.8,0,0,,,,,,,,,
um_vel_ID0000067,None,compute,0,1694479533.0,,,1694479538.0,1694479541.0,1694479562.0,46776536.4,1694479539.0,1694479583.0,1694479570.0,1694479573.0,173736.0,1694479583.0,1694479588.0,5.0,,1.0,44.0,5.0,21.0,700248248.0,3.0,556900.0,poseidon,condorpool,poseidon-worker-2-container-24-27,um_vel,/opt/UM_VEL/UM_VEL,,1.8,0,0,,,,,,,,,
um_vel_ID0000012,None,compute,0,1694479533.0,,,1694479538.0,1694479541.0,1694479561.0,51730981.1,1694479539.0,1694479583.0,1694479570.0,1694479573.0,174518.0,1694479583.0,1694479588.0,5.0,,1.0,44.0,5.0,20.0,741792672.0,3.0,556900.0,poseidon,condorpool,poseidon-worker-2-container-16-19,um_vel,/opt/UM_VEL/UM_VEL,,1.8,0,0,,,,,,,,,
um_vel_ID0000112,None,compute,0,1694479533.0,,,1694479538.0,1694479541.0,1694479562.0,49424648.9,1694479539.0,1694479583.0,1694479571.0,1694479574.0,167178.0,1694479583.0,1694479588.0,5.0,,1.0,44.0,5.0,21.0,744537516.0,3.0,556900.0,poseidon,condorpool,poseidon-worker-1-container-40-43,um_vel,/opt/UM_VEL/UM_VEL,,1.8,0,0,,,,,,,,,
um_vel_ID0000032,None,compute,0,1694479538.0,,,1694479543.0,1694479545.0,1694479564.0,56915387.5,1694479544.0,1694479583.0,1694479572.0,1694479575.0,176823.0,1694479583.0,1694479588.0,5.0,,1.0,39.0,5.0,19.0,716025504.0,3.0,556900.0,poseidon,condorpool,poseidon-worker-1-container-4-7,um_vel,/opt/UM_VEL/UM_VEL,,1.7,0,0,,,,,,,,,
um_vel_ID0000002,cpu_3,compute,0,1694479538.0,,,1694479543.0,1694479546.0,1694479566.0,51036044.7,1694479544.0,1694479588.0,1694479574.0,1694479578.0,176101.0,1694479588.0,1694479593.0,5.0,,1.0,44.0,5.0,20.0,737941744.0,4.0,556900.0,poseidon,condorpool,poseidon-worker-2-container-40-43,um_vel,/opt/UM_VEL/UM_VEL,,1.8,0,0,,,,,,,,,
um_vel_ID0000117,None,compute,0,1694479543.0,,,1694479548.0,1694479551.0,1694479570.0,52710705.8,1694479549.0,1694479588.0,1694479578.0,1694479581.0,174603.0,1694479588.0,1694479593.0,5.0,,1.0,39.0,5.0,19.0,697437428.0,3.0,556900.0,poseidon,condorpool,poseidon-worker-1-container-44-47,um_vel,/opt/UM_VEL/UM_VEL,,1.7,0,0,,,,,,,,,
um_vel_ID0000082,None,compute,0,1694479543.0,,,1694479548.0,1694479551.0,1694479569.0,57178291.1,1694479549.0,1694479588.0,1694479578.0,1694479581.0,177274.0,1694479588.0,1694479593.0,5.0,,1.0,39.0,5.0,18.0,719777424.0,3.0,556900.0,poseidon,condorpool,poseidon-worker-1-container-16-19,um_vel,/opt/UM_VEL/UM_VEL,,1.7,0,0,,,,,,,,,
um_vel_ID0000022,None,compute,0,1694479543.0,,,1694479548.0,1694479551.0,1694479572.0,45270268.0,1694479549.0,1694479593.0,1694479581.0,1694479584.0,175623.0,1694479593.0,1694479598.0,5.0,,1.0,44.0,5.0,21.0,715764852.0,3.0,556900.0,poseidon,condorpool,poseidon-worker-2-container-20-23,um_vel,/opt/UM_VEL/UM_VEL,,1.7,0,0,,,,,,,,,
um_vel_ID0000062,None,compute,0,1694479543.0,,,1694479548.0,1694479551.0,1694479572.0,47059926.9,1694479549.0,1694479593.0,1694479581.0,1694479584.0,174106.0,1694479593.0,1694479598.0,5.0,,1.0,44.0,5.0,21.0,718532572.0,3.0,556900.0,poseidon,condorpool,poseidon-worker-1-container-0-3,um_vel,/opt/UM_VEL/UM_VEL,,1.7,0,0,,,,,,,,,
um_vel_ID0000052,cpu_3,compute,0,1694479548.0,,,1694479553.0,1694479556.0,1694479578.0,44589701.6,1694479555.0,1694479598.0,1694479586.0,1694479590.0,176766.0,1694479598.0,1694479603.0,5.0,,2.0,43.0,5.0,22.0,720888048.0,4.0,556900.0,poseidon,condorpool,poseidon-worker-2-container-32-35,um_vel,/opt/UM_VEL/UM_VEL,,1.6,0,0,,,,,,,,,
um_vel_ID0000017,cpu_3,compute,0,1694479553.0,,,1694479558.0,1694479563.0,1694479584.0,47065003.0,1694479559.0,1694479608.0,1694479595.0,1694479598.0,178662.0,1694479608.0,1694479613.0,5.0,,1.0,49.0,5.0,21.0,700412836.0,3.0,556900.0,poseidon,condorpool,poseidon-worker-1-container-28-31,um_vel,/opt/UM_VEL/UM_VEL,,1.8,0,0,,,,,,,,,
um_vel_ID0000107,None,compute,0,1694479553.0,,,1694479558.0,1694479561.0,1694479579.0,53826758.5,1694479559.0,1694479598.0,1694479587.0,1694479590.0,176748.0,1694479598.0,1694479603.0,5.0,,1.0,39.0,5.0,18.0,678408568.0,3.0,556900.0,poseidon,condorpool,poseidon-worker-1-container-24-27,um_vel,/opt/UM_VEL/UM_VEL,,1.6,0,0,,,,,,,,,
um_vel_ID0000102,None,compute,0,1694479553.0,,,1694479558.0,1694479561.0,1694479581.0,52049120.1,1694479559.0,1694479598.0,1694479589.0,1694479592.0,176408.0,1694479598.0,1694479603.0,5.0,,1.0,39.0,5.0,20.0,738138396.0,3.0,556900.0,poseidon,condorpool,poseidon-worker-2-container-0-3,um_vel,/opt/UM_VEL/UM_VEL,,1.7,0,0,,,,,,,,,
um_vel_ID0000037,None,compute,0,1694479553.0,,,1694479558.0,1694479561.0,1694479580.0,53591778.2,1694479559.0,1694479598.0,1694479588.0,1694479591.0,177384.0,1694479598.0,1694479603.0,5.0,,1.0,39.0,5.0,19.0,703538992.0,3.0,556900.0,poseidon,condorpool,poseidon-worker-1-container-20-23,um_vel,/opt/UM_VEL/UM_VEL,,1.7,0,0,,,,,,,,,
um_vel_ID0000047,cpu_3,compute,0,1694479553.0,,,1694479558.0,1694479563.0,1694479583.0,50479013.5,1694479559.0,1694479603.0,1694479593.0,1694479596.0,172559.0,1694479603.0,1694479608.0,5.0,,1.0,44.0,5.0,20.0,700441980.0,3.0,556900.0,poseidon,condorpool,poseidon-worker-1-container-28-31,um_vel,/opt/UM_VEL/UM_VEL,,1.7,0,0,,,,,,,,,
um_vel_ID0000097,None,compute,0,1694479553.0,,,1694479558.0,1694479561.0,1694479580.0,52273862.4,1694479559.0,1694479598.0,1694479588.0,1694479591.0,174370.0,1694479598.0,1694479603.0,5.0,,1.0,39.0,5.0,19.0,700600628.0,3.0,556900.0,poseidon,condorpool,poseidon-worker-1-container-32-35,um_vel,/opt/UM_VEL/UM_VEL,,1.7,0,0,,,,,,,,,
um_vel_ID0000092,None,compute,0,1694479558.0,,,1694479563.0,1694479566.0,1694479584.0,57469215.4,1694479564.0,1694479603.0,1694479592.0,1694479595.0,179248.0,1694479603.0,1694479608.0,5.0,,1.0,39.0,5.0,18.0,715696744.0,3.0,556900.0,poseidon,condorpool,poseidon-worker-2-container-4-7,um_vel,/opt/UM_VEL/UM_VEL,,1.7,0,0,,,,,,,,,
um_vel_ID0000072,cpu_3,compute,0,1694479558.0,,,1694479563.0,1694479579.0,1694479602.0,43352749.7,1694479576.0,1694479623.0,1694479611.0,1694479614.0,178857.0,1694479623.0,1694479628.0,5.0,,13.0,47.0,5.0,23.0,716093352.0,3.0,556900.0,poseidon,condorpool,poseidon-worker-1-container-28-31,um_vel,/opt/UM_VEL/UM_VEL,,1.7,0,0,,,,,,,,,
um_vel_ID0000087,cpu_3,compute,0,1694479558.0,,,1694479563.0,1694479579.0,1694479597.0,55706807.2,1694479576.0,1694479618.0,1694479605.0,1694479608.0,179247.0,1694479618.0,1694479623.0,5.0,,13.0,42.0,5.0,18.0,695425552.0,3.0,556900.0,poseidon,condorpool,poseidon-worker-2-container-40-43,um_vel,/opt/UM_VEL/UM_VEL,,1.7,0,0,,,,,,,,,
stage_out_local_condorpool_0_0,None,transfer,0,1694479558.0,,,1694479563.0,,,0.0,1694479564.0,1694479598.0,,,0.0,1694479598.0,1694479603.0,5.0,,1.0,34.0,5.0,,,,,poseidon,local,poseidon-submit,pegasus::transfer,/mnt/poseidon-data/poseidon/pegasus-5.1.0panorama/bin/pegasus-transfer,/home/poseidon/pegasus-5.1.0panorama/bin/../bin/pegasus-kickstart  -n pegasus::transfer -N null -i - -R local  -L casa-wind-full -T 2023-09-08T07:29:05+00:00 /home/poseidon/pegasus-5.1.0panorama/bin/../bin/pegasus-transfer  --threads 2,36.6,0,0,,,,,,,,,
stage_out_local_condorpool_0_1,None,transfer,0,1694479558.0,,,1694479563.0,,,0.0,1694479564.0,1694479598.0,,,0.0,1694479598.0,1694479603.0,5.0,,1.0,34.0,5.0,,,,,poseidon,local,poseidon-submit,pegasus::transfer,/mnt/poseidon-data/poseidon/pegasus-5.1.0panorama/bin/pegasus-transfer,/home/poseidon/pegasus-5.1.0panorama/bin/../bin/pegasus-kickstart  -n pegasus::transfer -N null -i - -R local  -L casa-wind-full -T 2023-09-08T07:29:05+00:00 /home/poseidon/pegasus-5.1.0panorama/bin/../bin/pegasus-transfer  --threads 2,36.0,0,0,,,,,,,,,
stage_out_local_condorpool_0_2,None,transfer,0,1694479558.0,,,1694479563.0,,,0.0,1694479564.0,1694479598.0,,,0.0,1694479598.0,1694479603.0,5.0,,1.0,34.0,5.0,,,,,poseidon,local,poseidon-submit,pegasus::transfer,/mnt/poseidon-data/poseidon/pegasus-5.1.0panorama/bin/pegasus-transfer,/home/poseidon/pegasus-5.1.0panorama/bin/../bin/pegasus-kickstart  -n pegasus::transfer -N null -i - -R local  -L casa-wind-full -T 2023-09-08T07:29:05+00:00 /home/poseidon/pegasus-5.1.0panorama/bin/../bin/pegasus-transfer  --threads 2,36.2,0,0,,,,,,,,,
um_vel_ID0000007,None,compute,0,1694479558.0,,,1694479563.0,1694479579.0,1694479597.0,53901407.2,1694479576.0,1694479618.0,1694479606.0,1694479609.0,178364.0,1694479618.0,1694479623.0,5.0,,13.0,42.0,5.0,18.0,678203340.0,3.0,556900.0,poseidon,condorpool,poseidon-worker-1-container-44-47,um_vel,/opt/UM_VEL/UM_VEL,,1.7,0,0,,,,,,,,,
post_vel_ID0000058,None,compute,0,1694479583.0,,,1694479588.0,1694479591.0,1694479602.0,35151199.4,1694479589.0,1694479618.0,1694479607.0,1694479610.0,3644.0,1694479618.0,1694479623.0,5.0,,1.0,29.0,5.0,11.0,177143937.0,3.0,10981.0,poseidon,condorpool,poseidon-worker-2-container-44-47,post_vel,/opt/netcdf2png/merged_netcdf2png,,0.1,0,0,,,,,,,,,
mvt_ID0000059,None,compute,0,1694479583.0,,,1694479588.0,1694479591.0,1694479602.0,35119187.0,1694479589.0,1694479658.0,1694479647.0,1694479650.0,9286.0,1694479658.0,1694479663.0,5.0,,1.0,69.0,5.0,11.0,177143652.0,3.0,28164.0,poseidon,condorpool,poseidon-worker-2-container-12-15,mvt,/opt/mvt/mvt,,40.1,0,0,0.0,795680.0,12288.0,443.0,3.0,39.9,0.1,19892.0,1228.8
post_vel_ID0000123,None,compute,0,1694479583.0,,,1694479588.0,1694479591.0,1694479602.0,34057008.8,1694479589.0,1694479618.0,1694479607.0,1694479610.0,4848.0,1694479618.0,1694479623.0,5.0,,1.0,29.0,5.0,11.0,177143937.0,3.0,14777.0,poseidon,condorpool,poseidon-worker-1-container-12-15,post_vel,/opt/netcdf2png/merged_netcdf2png,,0.1,0,0,,,,,,,,,
mvt_ID0000124,None,compute,0,1694479583.0,,,1694479588.0,1694479591.0,1694479602.0,29717028.5,1694479589.0,1694479658.0,1694479647.0,1694479650.0,23049.0,1694479658.0,1694479663.0,5.0,,1.0,69.0,5.0,11.0,177143652.0,3.0,70564.0,poseidon,condorpool,poseidon-worker-1-container-16-19,mvt,/opt/mvt/mvt,,40.1,0,0,0.0,795685.0,40960.0,443.0,10.0,39.9,0.1,19892.1,4096.0
mvt_ID0000079,cpu_3,compute,0,1694479588.0,,,1694479593.0,1694479597.0,1694479608.0,34243967.6,1694479595.0,1694479698.0,1694479687.0,1694479690.0,13524.0,1694479698.0,1694479703.0,5.0,,2.0,103.0,5.0,11.0,177143652.0,3.0,45337.0,poseidon,condorpool,poseidon-worker-2-container-40-43,mvt,/opt/mvt/mvt,,40.0,0,0,0.0,830226.0,24576.0,539.0,6.0,38.8,0.1,11860.4,1228.8
mvt_ID0000029,None,compute,0,1694479588.0,,,1694479593.0,1694479597.0,1694479608.0,35099117.8,1694479595.0,1694479663.0,1694479653.0,1694479656.0,12539.0,1694479663.0,1694479668.0,5.0,,2.0,68.0,5.0,11.0,177143652.0,3.0,38341.0,poseidon,condorpool,poseidon-worker-1-container-44-47,mvt,/opt/mvt/mvt,,39.7,0,0,0.0,845530.0,20480.0,545.0,5.0,29.9,0.1,28184.3,1024.0
post_vel_ID0000128,None,compute,0,1694479588.0,,,1694479593.0,1694479596.0,1694479607.0,35114841.0,1694479595.0,1694479623.0,1694479613.0,1694479616.0,4705.0,1694479623.0,1694479628.0,5.0,,2.0,28.0,5.0,11.0,177143937.0,3.0,14512.0,poseidon,condorpool,poseidon-worker-1-container-44-47,post_vel,/opt/netcdf2png/merged_netcdf2png,,0.1,0,0,,,,,,,,,
mvt_ID0000129,None,compute,0,1694479588.0,,,1694479593.0,1694479596.0,1694479607.0,35010183.6,1694479595.0,1694479663.0,1694479652.0,1694479655.0,21029.0,1694479663.0,1694479668.0,5.0,,2.0,68.0,5.0,11.0,177143652.0,3.0,64489.0,poseidon,condorpool,poseidon-worker-1-container-40-43,mvt,/opt/mvt/mvt,,39.7,0,0,0.0,790512.0,36864.0,425.0,9.0,29.9,0.1,26350.4,3686.4
mvt_ID0000034,None,compute,0,1694479588.0,,,1694479593.0,1694479599.0,1694479610.0,35059945.8,1694479597.0,1694479668.0,1694479655.0,1694479658.0,10225.0,1694479668.0,1694479673.0,5.0,,4.0,71.0,5.0,11.0,177143652.0,3.0,30976.0,poseidon,condorpool,poseidon-worker-1-container-20-23,mvt,/opt/mvt/mvt,,39.7,0,0,0.0,805587.0,16384.0,458.0,4.0,29.9,0.1,26852.9,819.2
post_vel_ID0000033,None,compute,0,1694479588.0,,,1694479593.0,1694479598.0,1694479609.0,34833541.0,1694479597.0,1694479628.0,1694479615.0,1694479618.0,3768.0,1694479628.0,1694479633.0,5.0,,4.0,31.0,5.0,11.0,177143937.0,3.0,11464.0,poseidon,condorpool,poseidon-worker-1-container-24-27,post_vel,/opt/netcdf2png/merged_netcdf2png,,0.1,0,0,,,,,,,,,
post_vel_ID0000113,None,compute,0,1694479588.0,,,1694479593.0,1694479596.0,1694479608.0,29021689.6,1694479595.0,1694479623.0,1694479613.0,1694479616.0,4793.0,1694479623.0,1694479628.0,5.0,,2.0,28.0,5.0,12.0,177143937.0,3.0,14745.0,poseidon,condorpool,poseidon-worker-1-container-0-3,post_vel,/opt/netcdf2png/merged_netcdf2png,,0.1,0,0,,,,,,,,,
post_vel_ID0000028,None,compute,0,1694479588.0,,,1694479593.0,1694479596.0,1694479608.0,27901205.7,1694479595.0,1694479623.0,1694479614.0,1694479617.0,3755.0,1694479623.0,1694479628.0,5.0,,2.0,28.0,5.0,12.0,177143937.0,3.0,11529.0,poseidon,condorpool,poseidon-worker-2-container-20-23,post_vel,/opt/netcdf2png/merged_netcdf2png,,0.1,0,0,,,,,,,,,
mvt_ID0000114,cpu_3,compute,0,1694479588.0,,,1694479593.0,1694479597.0,1694479609.0,29494700.4,1694479596.0,1694479668.0,1694479658.0,1694479661.0,24016.0,1694479668.0,1694479673.0,5.0,,3.0,72.0,5.0,12.0,177143652.0,3.0,73234.0,poseidon,condorpool,poseidon-worker-2-container-32-35,mvt,/opt/mvt/mvt,,40.4,0,0,0.0,794200.0,40960.0,440.0,10.0,36.2,0.2,19855.0,2048.0
post_vel_ID0000068,None,compute,0,1694479588.0,,,1694479593.0,1694479596.0,1694479607.0,33424447.4,1694479595.0,1694479623.0,1694479613.0,1694479616.0,3686.0,1694479623.0,1694479628.0,5.0,,2.0,28.0,5.0,11.0,177143937.0,3.0,11398.0,poseidon,condorpool,poseidon-worker-2-container-28-31,post_vel,/opt/netcdf2png/merged_netcdf2png,,0.1,0,0,,,,,,,,,
mvt_ID0000044,None,compute,0,1694479588.0,,,1694479593.0,1694479596.0,1694479607.0,32543279.8,1694479595.0,1694479663.0,1694479653.0,1694479656.0,9239.0,1694479663.0,1694479668.0,5.0,,2.0,68.0,5.0,11.0,177143652.0,3.0,28113.0,poseidon,condorpool,poseidon-worker-2-container-16-19,mvt,/opt/mvt/mvt,,40.4,0,0,0.0,794301.0,12288.0,440.0,3.0,39.9,0.1,19857.5,1228.8
post_vel_ID0000078,None,compute,0,1694479588.0,,,1694479593.0,1694479596.0,1694479608.0,31512162.6,1694479595.0,1694479623.0,1694479613.0,1694479616.0,4036.0,1694479623.0,1694479628.0,5.0,,2.0,28.0,5.0,12.0,177143937.0,3.0,12264.0,poseidon,condorpool,poseidon-worker-1-container-4-7,post_vel,/opt/netcdf2png/merged_netcdf2png,,0.1,0,0,,,,,,,,,
post_vel_ID0000013,None,compute,0,1694479588.0,,,1694479593.0,1694479599.0,1694479610.0,35041657.2,1694479597.0,1694479628.0,1694479616.0,1694479619.0,3631.0,1694479628.0,1694479633.0,5.0,,4.0,31.0,5.0,11.0,177143937.0,3.0,11040.0,poseidon,condorpool,poseidon-worker-1-container-32-35,post_vel,/opt/netcdf2png/merged_netcdf2png,,0.1,0,0,,,,,,,,,
mvt_ID0000014,None,compute,0,1694479588.0,,,1694479593.0,1694479600.0,1694479611.0,35136421.8,1694479598.0,1694479668.0,1694479656.0,1694479659.0,10551.0,1694479668.0,1694479673.0,5.0,,5.0,70.0,5.0,11.0,177143652.0,3.0,31991.0,poseidon,condorpool,poseidon-worker-2-container-0-3,mvt,/opt/mvt/mvt,,39.6,0,0,0.0,813636.0,16384.0,476.0,4.0,29.9,0.1,27121.2,819.2
mvt_ID0000069,None,compute,0,1694479588.0,,,1694479593.0,1694479596.0,1694479607.0,35004752.8,1694479595.0,1694479663.0,1694479652.0,1694479655.0,11663.0,1694479663.0,1694479668.0,5.0,,2.0,68.0,5.0,11.0,177143652.0,3.0,35309.0,poseidon,condorpool,poseidon-worker-2-container-36-39,mvt,/opt/mvt/mvt,,39.5,0,0,0.0,791897.0,16384.0,428.0,4.0,29.9,0.0,26396.6,819.2
post_vel_ID0000043,None,compute,0,1694479588.0,,,1694479593.0,1694479596.0,1694479607.0,34931919.6,1694479595.0,1694479623.0,1694479613.0,1694479616.0,3621.0,1694479623.0,1694479628.0,5.0,,2.0,28.0,5.0,11.0,177143937.0,3.0,11050.0,poseidon,condorpool,poseidon-worker-2-container-24-27,post_vel,/opt/netcdf2png/merged_netcdf2png,,0.1,0,0,,,,,,,,,
post_vel_ID0000083,None,compute,0,1694479593.0,,,1694479598.0,1694479603.0,1694479614.0,35157233.0,1694479602.0,1694479628.0,1694479619.0,1694479622.0,4215.0,1694479628.0,1694479633.0,5.0,,4.0,26.0,5.0,11.0,177143937.0,3.0,12720.0,poseidon,condorpool,poseidon-worker-2-container-4-7,post_vel,/opt/netcdf2png/merged_netcdf2png,,0.1,0,0,,,,,,,,,
post_vel_ID0000118,cpu_3,compute,0,1694479593.0,,,1694479598.0,1694479617.0,1694479631.0,28800357.3,1694479615.0,1694479648.0,1694479637.0,1694479640.0,4500.0,1694479648.0,1694479653.0,5.0,,17.0,33.0,5.0,14.0,177143937.0,3.0,14402.0,poseidon,condorpool,poseidon-worker-1-container-28-31,post_vel,/opt/netcdf2png/merged_netcdf2png,,0.1,0,0,,,,,,,,,
mvt_ID0000084,cpu_3,compute,0,1694479593.0,,,1694479598.0,1694479605.0,1694479616.0,33210969.8,1694479602.0,1694479673.0,1694479663.0,1694479666.0,15855.0,1694479673.0,1694479678.0,5.0,,4.0,71.0,5.0,11.0,177143652.0,3.0,47998.0,poseidon,condorpool,poseidon-worker-1-container-28-31,mvt,/opt/mvt/mvt,,39.6,0,0,0.0,836709.0,24576.0,533.0,6.0,38.3,0.1,20917.7,1228.8
mvt_ID0000004,None,compute,0,1694479593.0,,,1694479598.0,1694479617.0,1694479628.0,35029269.0,1694479615.0,1694479683.0,1694479673.0,1694479676.0,9236.0,1694479683.0,1694479688.0,5.0,,17.0,68.0,5.0,11.0,177143652.0,3.0,28781.0,poseidon,condorpool,poseidon-worker-1-container-44-47,mvt,/opt/mvt/mvt,,39.7,0,0,0.0,842742.0,16384.0,539.0,4.0,29.9,0.1,28091.4,819.2
post_vel_ID0000003,cpu_3,compute,0,1694479593.0,,,1694479598.0,1694479607.0,1694479617.0,35293847.6,1694479604.0,1694479633.0,1694479624.0,1694479627.0,3376.0,1694479633.0,1694479638.0,5.0,,6.0,29.0,5.0,10.0,177143937.0,3.0,10865.0,poseidon,condorpool,poseidon-worker-1-container-28-31,post_vel,/opt/netcdf2png/merged_netcdf2png,,0.1,0,0,,,,,,,,,
mvt_ID0000119,cpu_3,compute,0,1694479593.0,,,1694479598.0,1694479622.0,1694479635.0,33520509.6,1694479618.0,1694479738.0,1694479729.0,1694479732.0,20395.0,1694479738.0,1694479743.0,5.0,,20.0,120.0,5.0,13.0,177143652.0,3.0,65525.0,poseidon,condorpool,poseidon-worker-2-container-40-43,mvt,/opt/mvt/mvt,,38.7,0,0,0.0,850511.0,36864.0,590.0,9.0,34.7,0.1,10631.4,1843.2
mvt_ID0000024,None,compute,0,1694479598.0,,,1694479603.0,1694479617.0,1694479628.0,31487195.0,1694479615.0,1694479683.0,1694479673.0,1694479676.0,9901.0,1694479683.0,1694479688.0,5.0,,12.0,68.0,5.0,11.0,177143652.0,3.0,30705.0,poseidon,condorpool,poseidon-worker-1-container-12-15,mvt,/opt/mvt/mvt,,39.8,0,0,0.0,813936.0,16384.0,476.0,4.0,29.9,0.1,27131.2,819.2
post_vel_ID0000023,None,compute,0,1694479598.0,,,1694479603.0,1694479617.0,1694479629.0,29200839.0,1694479615.0,1694479648.0,1694479634.0,1694479637.0,3696.0,1694479648.0,1694479653.0,5.0,,12.0,33.0,5.0,12.0,177143937.0,3.0,11372.0,poseidon,condorpool,poseidon-worker-2-container-44-47,post_vel,/opt/netcdf2png/merged_netcdf2png,,0.1,0,0,,,,,,,,,
mvt_ID0000064,None,compute,0,1694479598.0,,,1694479603.0,1694479618.0,1694479628.0,29702713.0,1694479616.0,1694479683.0,1694479673.0,1694479676.0,10072.0,1694479683.0,1694479688.0,5.0,,13.0,67.0,5.0,10.0,177143652.0,3.0,31148.0,poseidon,condorpool,poseidon-worker-2-container-36-39,mvt,/opt/mvt/mvt,,39.6,0,0,0.0,822141.0,16384.0,494.0,4.0,29.9,0.1,27404.7,819.2
post_vel_ID0000063,None,compute,0,1694479598.0,,,1694479603.0,1694479618.0,1694479629.0,28024828.0,1694479616.0,1694479648.0,1694479635.0,1694479638.0,3828.0,1694479648.0,1694479653.0,5.0,,13.0,32.0,5.0,11.0,177143937.0,3.0,11628.0,poseidon,condorpool,poseidon-worker-1-container-0-3,post_vel,/opt/netcdf2png/merged_netcdf2png,,0.1,0,0,,,,,,,,,
post_vel_ID0000103,None,compute,0,1694479603.0,,,1694479608.0,1694479617.0,1694479628.0,28605744.2,1694479615.0,1694479643.0,1694479634.0,1694479637.0,4475.0,1694479643.0,1694479648.0,5.0,,7.0,28.0,5.0,11.0,177143937.0,3.0,13815.0,poseidon,condorpool,poseidon-worker-2-container-28-31,post_vel,/opt/netcdf2png/merged_netcdf2png,,0.1,0,0,,,,,,,,,
mvt_ID0000104,None,compute,0,1694479603.0,,,1694479608.0,1694479617.0,1694479629.0,25832632.0,1694479615.0,1694479683.0,1694479674.0,1694479677.0,19511.0,1694479683.0,1694479688.0,5.0,,7.0,68.0,5.0,12.0,177143652.0,3.0,59590.0,poseidon,condorpool,poseidon-worker-2-container-12-15,mvt,/opt/mvt/mvt,,39.7,0,0,0.0,826269.0,32768.0,503.0,8.0,29.9,0.1,27542.3,3276.8
stage_out_local_condorpool_1_2,None,transfer,0,1694479603.0,,,1694479608.0,,,0.0,1694479612.0,1694479618.0,,,0.0,1694479618.0,1694479623.0,5.0,,4.0,6.0,5.0,,,,,poseidon,local,poseidon-submit,pegasus::transfer,/mnt/poseidon-data/poseidon/pegasus-5.1.0panorama/bin/pegasus-transfer,/home/poseidon/pegasus-5.1.0panorama/bin/../bin/pegasus-kickstart  -n pegasus::transfer -N null -i - -R local  -L casa-wind-full -T 2023-09-08T07:29:05+00:00 /home/poseidon/pegasus-5.1.0panorama/bin/../bin/pegasus-transfer  --threads 2,1.0,0,0,,,,,,,,,
post_vel_ID0000108,None,compute,0,1694479603.0,,,1694479608.0,1694479617.0,1694479629.0,27319070.2,1694479615.0,1694479643.0,1694479634.0,1694479637.0,4543.0,1694479643.0,1694479648.0,5.0,,7.0,28.0,5.0,12.0,177143937.0,3.0,13907.0,poseidon,condorpool,poseidon-worker-2-container-20-23,post_vel,/opt/netcdf2png/merged_netcdf2png,,0.1,0,0,,,,,,,,,
mvt_ID0000109,None,compute,0,1694479603.0,,,1694479608.0,1694479617.0,1694479629.0,27755223.0,1694479615.0,1694479683.0,1694479674.0,1694479677.0,19454.0,1694479683.0,1694479688.0,5.0,,7.0,68.0,5.0,12.0,177143652.0,3.0,59954.0,poseidon,condorpool,poseidon-worker-1-container-20-23,mvt,/opt/mvt/mvt,,39.7,0,0,0.0,822132.0,32768.0,494.0,8.0,29.9,0.1,27404.4,1638.4
register_condorpool_0_0,None,auxiliary,0,1694479603.0,,,1694479623.0,,,0.0,1694479628.0,1694479633.0,,,0.0,1694479633.0,1694479638.0,20.0,,5.0,5.0,5.0,,,,,poseidon,local,poseidon-submit,pegasus::rc-client,/mnt/poseidon-data/poseidon/pegasus-5.1.0panorama/bin/pegasus-rc-client,"-n pegasus::rc-client -N null -R local  -L casa-wind-full -T 2023-09-08T07:29:05+00:00 /home/poseidon/pegasus-5.1.0panorama/bin/pegasus-rc-client --prefix pegasus.catalog.replica.output --conf /mnt/poseidon-data/poseidon/workflows/casa-wind-workflow-full/submit/poseidon/pegasus/casa-wind-full/run0418/pegasus.1864035898903448841.properties -v --meta /mnt/poseidon-data/poseidon/workflows/casa-wind-workflow-full/submit/poseidon/pegasus/casa-wind-full/run0418/00/00/unzip_ID0000026.meta,/mnt/poseidon-data/poseidon/workflows/casa-wind-workflow-full/submit/poseidon/pegasus/casa-wind-full/run0418/00/00/unzip_ID0000061.meta,/mnt/poseidon-data/poseidon/workflows/casa-wind-workflow-full/submit/poseidon/pegasus/casa-wind-full/run0418/00/00/unzip_ID0000071.meta,/mnt/poseidon-data/poseidon/workflows/casa-wind-workflow-full/submit/poseidon/pegasus/casa-wind-full/run0418/00/00/unzip_ID0000041.meta,/mnt/poseidon-data/poseidon/workflows/casa-wind-workflow-full/submit/poseidon/pegasus/casa-wind-full/run0418/00/00/unzip_ID0000016.meta,/mnt/poseidon-data/poseidon/workflows/casa-wind-workflow-full/submit/poseidon/pegasus/casa-wind-full/run0418/00/00/unzip_ID0000111.meta,/mnt/poseidon-data/poseidon/workflows/casa-wind-workflow-full/submit/poseidon/pegasus/casa-wind-full/run0418/00/00/unzip_ID0000011.meta,/mnt/poseidon-data/poseidon/workflows/casa-wind-workflow-full/submit/poseidon/pegasus/casa-wind-full/run0418/00/00/unzip_ID0000081.meta,/mnt/poseidon-data/poseidon/workflows/casa-wind-workflow-full/submit/poseidon/pegasus/casa-wind-full/run0418/00/00/unzip_ID0000066.meta,/mnt/poseidon-data/poseidon/workflows/casa-wind-workflow-full/submit/poseidon/pegasus/casa-wind-full/run0418/00/00/unzip_ID0000096.meta,/mnt/poseidon-data/poseidon/workflows/casa-wind-workflow-full/submit/poseidon/pegasus/casa-wind-full/run0418/00/00/unzip_ID0000051.meta,/mnt/poseidon-data/poseidon/workflows/casa-wind-workflow-full/submit/poseidon/pegasus/casa-wind-full/run0418/00/00/unzip_ID0000031.meta,/mnt/poseidon-data/poseidon/workflows/casa-wind-workflow-full/submit/poseidon/pegasus/casa-wind-full/run0418/00/00/unzip_ID0000116.meta,/mnt/poseidon-data/poseidon/workflows/casa-wind-workflow-full/submit/poseidon/pegasus/casa-wind-full/run0418/00/00/unzip_ID0000101.meta,/mnt/poseidon-data/poseidon/workflows/casa-wind-workflow-full/submit/poseidon/pegasus/casa-wind-full/run0418/00/00/unzip_ID0000121.meta,/mnt/poseidon-data/poseidon/workflows/casa-wind-workflow-full/submit/poseidon/pegasus/casa-wind-full/run0418/00/00/unzip_ID0000106.meta,/mnt/poseidon-data/poseidon/workflows/casa-wind-workflow-full/submit/poseidon/pegasus/casa-wind-full/run0418/00/00/unzip_ID0000046.meta,/mnt/poseidon-data/poseidon/workflows/casa-wind-workflow-full/submit/poseidon/pegasus/casa-wind-full/run0418/00/00/unzip_ID0000076.meta,/mnt/poseidon-data/poseidon/workflows/casa-wind-workflow-full/submit/poseidon/pegasus/casa-wind-full/run0418/00/00/unzip_ID0000056.meta,/mnt/poseidon-data/poseidon/workflows/casa-wind-workflow-full/submit/poseidon/pegasus/casa-wind-full/run0418/00/00/unzip_ID0000021.meta,/mnt/poseidon-data/poseidon/workflows/casa-wind-workflow-full/submit/poseidon/pegasus/casa-wind-full/run0418/00/00/unzip_ID0000086.meta,/mnt/poseidon-data/poseidon/workflows/casa-wind-workflow-full/submit/poseidon/pegasus/casa-wind-full/run0418/00/00/unzip_ID0000126.meta,/mnt/poseidon-data/poseidon/workflows/casa-wind-workflow-full/submit/poseidon/pegasus/casa-wind-full/run0418/00/00/unzip_ID0000006.meta,/mnt/poseidon-data/poseidon/workflows/casa-wind-workflow-full/submit/poseidon/pegasus/casa-wind-full/run0418/00/00/unzip_ID0000036.meta,/mnt/poseidon-data/poseidon/workflows/casa-wind-workflow-full/submit/poseidon/pegasus/casa-wind-full/run0418/00/00/unzip_ID0000001.meta,/mnt/poseidon-data/poseidon/workflows/casa-wind-workflow-full/submit/poseidon/pegasus/casa-wind-full/run0418/00/00/unzip_ID0000091.meta --insert /mnt/poseidon-data/poseidon/workflows/casa-wind-workflow-full/submit/poseidon/pegasus/casa-wind-full/run0418/00/00/register_condorpool_0_0.in",3.1,0,0,,,,,,,,,
register_condorpool_0_1,None,auxiliary,0,1694479603.0,,,1694479673.0,,,0.0,1694479674.0,1694479678.0,,,0.0,1694479678.0,1694479683.0,70.0,,1.0,4.0,5.0,,,,,poseidon,local,poseidon-submit,pegasus::rc-client,/mnt/poseidon-data/poseidon/pegasus-5.1.0panorama/bin/pegasus-rc-client,"-n pegasus::rc-client -N null -R local  -L casa-wind-full -T 2023-09-08T07:29:05+00:00 /home/poseidon/pegasus-5.1.0panorama/bin/pegasus-rc-client --prefix pegasus.catalog.replica.output --conf /mnt/poseidon-data/poseidon/workflows/casa-wind-workflow-full/submit/poseidon/pegasus/casa-wind-full/run0418/pegasus.1864035898903448841.properties -v --meta /mnt/poseidon-data/poseidon/workflows/casa-wind-workflow-full/submit/poseidon/pegasus/casa-wind-full/run0418/00/00/unzip_ID0000026.meta,/mnt/poseidon-data/poseidon/workflows/casa-wind-workflow-full/submit/poseidon/pegasus/casa-wind-full/run0418/00/00/unzip_ID0000061.meta,/mnt/poseidon-data/poseidon/workflows/casa-wind-workflow-full/submit/poseidon/pegasus/casa-wind-full/run0418/00/00/unzip_ID0000071.meta,/mnt/poseidon-data/poseidon/workflows/casa-wind-workflow-full/submit/poseidon/pegasus/casa-wind-full/run0418/00/00/unzip_ID0000041.meta,/mnt/poseidon-data/poseidon/workflows/casa-wind-workflow-full/submit/poseidon/pegasus/casa-wind-full/run0418/00/00/unzip_ID0000016.meta,/mnt/poseidon-data/poseidon/workflows/casa-wind-workflow-full/submit/poseidon/pegasus/casa-wind-full/run0418/00/00/unzip_ID0000111.meta,/mnt/poseidon-data/poseidon/workflows/casa-wind-workflow-full/submit/poseidon/pegasus/casa-wind-full/run0418/00/00/unzip_ID0000011.meta,/mnt/poseidon-data/poseidon/workflows/casa-wind-workflow-full/submit/poseidon/pegasus/casa-wind-full/run0418/00/00/unzip_ID0000081.meta,/mnt/poseidon-data/poseidon/workflows/casa-wind-workflow-full/submit/poseidon/pegasus/casa-wind-full/run0418/00/00/unzip_ID0000066.meta,/mnt/poseidon-data/poseidon/workflows/casa-wind-workflow-full/submit/poseidon/pegasus/casa-wind-full/run0418/00/00/unzip_ID0000096.meta,/mnt/poseidon-data/poseidon/workflows/casa-wind-workflow-full/submit/poseidon/pegasus/casa-wind-full/run0418/00/00/unzip_ID0000051.meta,/mnt/poseidon-data/poseidon/workflows/casa-wind-workflow-full/submit/poseidon/pegasus/casa-wind-full/run0418/00/00/unzip_ID0000031.meta,/mnt/poseidon-data/poseidon/workflows/casa-wind-workflow-full/submit/poseidon/pegasus/casa-wind-full/run0418/00/00/unzip_ID0000116.meta,/mnt/poseidon-data/poseidon/workflows/casa-wind-workflow-full/submit/poseidon/pegasus/casa-wind-full/run0418/00/00/unzip_ID0000101.meta,/mnt/poseidon-data/poseidon/workflows/casa-wind-workflow-full/submit/poseidon/pegasus/casa-wind-full/run0418/00/00/unzip_ID0000121.meta,/mnt/poseidon-data/poseidon/workflows/casa-wind-workflow-full/submit/poseidon/pegasus/casa-wind-full/run0418/00/00/unzip_ID0000106.meta,/mnt/poseidon-data/poseidon/workflows/casa-wind-workflow-full/submit/poseidon/pegasus/casa-wind-full/run0418/00/00/unzip_ID0000046.meta,/mnt/poseidon-data/poseidon/workflows/casa-wind-workflow-full/submit/poseidon/pegasus/casa-wind-full/run0418/00/00/unzip_ID0000076.meta,/mnt/poseidon-data/poseidon/workflows/casa-wind-workflow-full/submit/poseidon/pegasus/casa-wind-full/run0418/00/00/unzip_ID0000056.meta,/mnt/poseidon-data/poseidon/workflows/casa-wind-workflow-full/submit/poseidon/pegasus/casa-wind-full/run0418/00/00/unzip_ID0000021.meta,/mnt/poseidon-data/poseidon/workflows/casa-wind-workflow-full/submit/poseidon/pegasus/casa-wind-full/run0418/00/00/unzip_ID0000086.meta,/mnt/poseidon-data/poseidon/workflows/casa-wind-workflow-full/submit/poseidon/pegasus/casa-wind-full/run0418/00/00/unzip_ID0000126.meta,/mnt/poseidon-data/poseidon/workflows/casa-wind-workflow-full/submit/poseidon/pegasus/casa-wind-full/run0418/00/00/unzip_ID0000006.meta,/mnt/poseidon-data/poseidon/workflows/casa-wind-workflow-full/submit/poseidon/pegasus/casa-wind-full/run0418/00/00/unzip_ID0000036.meta,/mnt/poseidon-data/poseidon/workflows/casa-wind-workflow-full/submit/poseidon/pegasus/casa-wind-full/run0418/00/00/unzip_ID0000001.meta,/mnt/poseidon-data/poseidon/workflows/casa-wind-workflow-full/submit/poseidon/pegasus/casa-wind-full/run0418/00/00/unzip_ID0000091.meta --insert /mnt/poseidon-data/poseidon/workflows/casa-wind-workflow-full/submit/poseidon/pegasus/casa-wind-full/run0418/00/00/register_condorpool_0_1.in",3.1,0,0,,,,,,,,,
register_condorpool_0_2,None,auxiliary,0,1694479603.0,,,1694479608.0,,,0.0,1694479612.0,1694479618.0,,,0.0,1694479618.0,1694479623.0,5.0,,4.0,6.0,5.0,,,,,poseidon,local,poseidon-submit,pegasus::rc-client,/mnt/poseidon-data/poseidon/pegasus-5.1.0panorama/bin/pegasus-rc-client,"-n pegasus::rc-client -N null -R local  -L casa-wind-full -T 2023-09-08T07:29:05+00:00 /home/poseidon/pegasus-5.1.0panorama/bin/pegasus-rc-client --prefix pegasus.catalog.replica.output --conf /mnt/poseidon-data/poseidon/workflows/casa-wind-workflow-full/submit/poseidon/pegasus/casa-wind-full/run0418/pegasus.1864035898903448841.properties -v --meta /mnt/poseidon-data/poseidon/workflows/casa-wind-workflow-full/submit/poseidon/pegasus/casa-wind-full/run0418/00/00/unzip_ID0000026.meta,/mnt/poseidon-data/poseidon/workflows/casa-wind-workflow-full/submit/poseidon/pegasus/casa-wind-full/run0418/00/00/unzip_ID0000061.meta,/mnt/poseidon-data/poseidon/workflows/casa-wind-workflow-full/submit/poseidon/pegasus/casa-wind-full/run0418/00/00/unzip_ID0000071.meta,/mnt/poseidon-data/poseidon/workflows/casa-wind-workflow-full/submit/poseidon/pegasus/casa-wind-full/run0418/00/00/unzip_ID0000041.meta,/mnt/poseidon-data/poseidon/workflows/casa-wind-workflow-full/submit/poseidon/pegasus/casa-wind-full/run0418/00/00/unzip_ID0000016.meta,/mnt/poseidon-data/poseidon/workflows/casa-wind-workflow-full/submit/poseidon/pegasus/casa-wind-full/run0418/00/00/unzip_ID0000111.meta,/mnt/poseidon-data/poseidon/workflows/casa-wind-workflow-full/submit/poseidon/pegasus/casa-wind-full/run0418/00/00/unzip_ID0000011.meta,/mnt/poseidon-data/poseidon/workflows/casa-wind-workflow-full/submit/poseidon/pegasus/casa-wind-full/run0418/00/00/unzip_ID0000081.meta,/mnt/poseidon-data/poseidon/workflows/casa-wind-workflow-full/submit/poseidon/pegasus/casa-wind-full/run0418/00/00/unzip_ID0000066.meta,/mnt/poseidon-data/poseidon/workflows/casa-wind-workflow-full/submit/poseidon/pegasus/casa-wind-full/run0418/00/00/unzip_ID0000096.meta,/mnt/poseidon-data/poseidon/workflows/casa-wind-workflow-full/submit/poseidon/pegasus/casa-wind-full/run0418/00/00/unzip_ID0000051.meta,/mnt/poseidon-data/poseidon/workflows/casa-wind-workflow-full/submit/poseidon/pegasus/casa-wind-full/run0418/00/00/unzip_ID0000031.meta,/mnt/poseidon-data/poseidon/workflows/casa-wind-workflow-full/submit/poseidon/pegasus/casa-wind-full/run0418/00/00/unzip_ID0000116.meta,/mnt/poseidon-data/poseidon/workflows/casa-wind-workflow-full/submit/poseidon/pegasus/casa-wind-full/run0418/00/00/unzip_ID0000101.meta,/mnt/poseidon-data/poseidon/workflows/casa-wind-workflow-full/submit/poseidon/pegasus/casa-wind-full/run0418/00/00/unzip_ID0000121.meta,/mnt/poseidon-data/poseidon/workflows/casa-wind-workflow-full/submit/poseidon/pegasus/casa-wind-full/run0418/00/00/unzip_ID0000106.meta,/mnt/poseidon-data/poseidon/workflows/casa-wind-workflow-full/submit/poseidon/pegasus/casa-wind-full/run0418/00/00/unzip_ID0000046.meta,/mnt/poseidon-data/poseidon/workflows/casa-wind-workflow-full/submit/poseidon/pegasus/casa-wind-full/run0418/00/00/unzip_ID0000076.meta,/mnt/poseidon-data/poseidon/workflows/casa-wind-workflow-full/submit/poseidon/pegasus/casa-wind-full/run0418/00/00/unzip_ID0000056.meta,/mnt/poseidon-data/poseidon/workflows/casa-wind-workflow-full/submit/poseidon/pegasus/casa-wind-full/run0418/00/00/unzip_ID0000021.meta,/mnt/poseidon-data/poseidon/workflows/casa-wind-workflow-full/submit/poseidon/pegasus/casa-wind-full/run0418/00/00/unzip_ID0000086.meta,/mnt/poseidon-data/poseidon/workflows/casa-wind-workflow-full/submit/poseidon/pegasus/casa-wind-full/run0418/00/00/unzip_ID0000126.meta,/mnt/poseidon-data/poseidon/workflows/casa-wind-workflow-full/submit/poseidon/pegasus/casa-wind-full/run0418/00/00/unzip_ID0000006.meta,/mnt/poseidon-data/poseidon/workflows/casa-wind-workflow-full/submit/poseidon/pegasus/casa-wind-full/run0418/00/00/unzip_ID0000036.meta,/mnt/poseidon-data/poseidon/workflows/casa-wind-workflow-full/submit/poseidon/pegasus/casa-wind-full/run0418/00/00/unzip_ID0000001.meta,/mnt/poseidon-data/poseidon/workflows/casa-wind-workflow-full/submit/poseidon/pegasus/casa-wind-full/run0418/00/00/unzip_ID0000091.meta --insert /mnt/poseidon-data/poseidon/workflows/casa-wind-workflow-full/submit/poseidon/pegasus/casa-wind-full/run0418/00/00/register_condorpool_0_2.in",3.1,0,0,,,,,,,,,
mvt_ID0000099,None,compute,0,1694479603.0,,,1694479608.0,1694479617.0,1694479628.0,35053732.4,1694479615.0,1694479683.0,1694479672.0,1694479675.0,16329.0,1694479683.0,1694479688.0,5.0,,7.0,68.0,5.0,11.0,177143652.0,3.0,50118.0,poseidon,condorpool,poseidon-worker-1-container-32-35,mvt,/opt/mvt/mvt,,39.4,0,0,0.0,790592.0,28672.0,425.0,7.0,29.9,0.1,26353.1,1433.6
post_vel_ID0000053,None,compute,0,1694479603.0,,,1694479608.0,1694479617.0,1694479632.0,19533750.0,1694479615.0,1694479648.0,1694479637.0,1694479640.0,3563.0,1694479648.0,1694479653.0,5.0,,7.0,33.0,5.0,15.0,177143937.0,3.0,11004.0,poseidon,condorpool,poseidon-worker-1-container-16-19,post_vel,/opt/netcdf2png/merged_netcdf2png,,0.1,0,0,,,,,,,,,
mvt_ID0000054,None,compute,0,1694479603.0,,,1694479608.0,1694479617.0,1694479628.0,29568777.4,1694479615.0,1694479683.0,1694479673.0,1694479676.0,9197.0,1694479683.0,1694479688.0,5.0,,7.0,68.0,5.0,11.0,177143652.0,3.0,28552.0,poseidon,condorpool,poseidon-worker-1-container-24-27,mvt,/opt/mvt/mvt,,39.3,0,0,0.0,791977.0,12288.0,428.0,3.0,29.9,0.1,26399.2,1228.8
post_vel_ID0000098,None,compute,0,1694479603.0,,,1694479608.0,1694479617.0,1694479628.0,29633704.0,1694479615.0,1694479643.0,1694479634.0,1694479637.0,4387.0,1694479643.0,1694479648.0,5.0,,7.0,28.0,5.0,11.0,177143937.0,3.0,13355.0,poseidon,condorpool,poseidon-worker-2-container-24-27,post_vel,/opt/netcdf2png/merged_netcdf2png,,0.1,0,0,,,,,,,,,
post_vel_ID0000038,cpu_3,compute,0,1694479603.0,,,1694479608.0,1694479624.0,1694479637.0,32748447.2,1694479619.0,1694479653.0,1694479643.0,1694479646.0,3514.0,1694479653.0,1694479658.0,5.0,,11.0,34.0,5.0,13.0,177143937.0,3.0,11227.0,poseidon,condorpool,poseidon-worker-2-container-32-35,post_vel,/opt/netcdf2png/merged_netcdf2png,,0.1,0,0,,,,,,,,,
mvt_ID0000039,None,compute,0,1694479603.0,,,1694479608.0,1694479617.0,1694479628.0,34901132.2,1694479615.0,1694479683.0,1694479673.0,1694479676.0,11067.0,1694479683.0,1694479688.0,5.0,,7.0,68.0,5.0,11.0,177143652.0,3.0,34386.0,poseidon,condorpool,poseidon-worker-1-container-40-43,mvt,/opt/mvt/mvt,,39.8,0,0,0.0,820752.0,16384.0,491.0,4.0,29.9,0.1,27358.4,819.2
post_vel_ID0000048,None,compute,0,1694479608.0,,,1694479613.0,1694479617.0,1694479629.0,27015189.8,1694479615.0,1694479648.0,1694479634.0,1694479637.0,3402.0,1694479648.0,1694479653.0,5.0,,2.0,33.0,5.0,12.0,177143937.0,3.0,10371.0,poseidon,condorpool,poseidon-worker-2-container-0-3,post_vel,/opt/netcdf2png/merged_netcdf2png,,0.1,0,0,,,,,,,,,
stage_out_local_condorpool_1_0,None,transfer,0,1694479608.0,,,1694479613.0,,,0.0,1694479615.0,1694479623.0,,,0.0,1694479623.0,1694479628.0,5.0,,2.0,8.0,5.0,,,,,poseidon,local,poseidon-submit,pegasus::transfer,/mnt/poseidon-data/poseidon/pegasus-5.1.0panorama/bin/pegasus-transfer,/home/poseidon/pegasus-5.1.0panorama/bin/../bin/pegasus-kickstart  -n pegasus::transfer -N null -i - -R local  -L casa-wind-full -T 2023-09-08T07:29:05+00:00 /home/poseidon/pegasus-5.1.0panorama/bin/../bin/pegasus-transfer  --threads 2,1.0,0,0,,,,,,,,,
mvt_ID0000094,None,compute,0,1694479608.0,,,1694479613.0,1694479617.0,1694479628.0,29351791.6,1694479615.0,1694479683.0,1694479673.0,1694479676.0,16860.0,1694479683.0,1694479688.0,5.0,,2.0,68.0,5.0,11.0,177143652.0,3.0,52407.0,poseidon,condorpool,poseidon-worker-1-container-4-7,mvt,/opt/mvt/mvt,,39.4,0,0,0.0,793263.0,28672.0,431.0,7.0,29.9,0.1,26442.1,1433.6
post_vel_ID0000093,None,compute,0,1694479608.0,,,1694479613.0,1694479617.0,1694479628.0,29911570.0,1694479615.0,1694479643.0,1694479634.0,1694479637.0,4369.0,1694479643.0,1694479648.0,5.0,,2.0,28.0,5.0,11.0,177143937.0,3.0,13303.0,poseidon,condorpool,poseidon-worker-2-container-16-19,post_vel,/opt/netcdf2png/merged_netcdf2png,,0.1,0,0,,,,,,,,,
mvt_ID0000049,None,compute,0,1694479608.0,,,1694479613.0,1694479617.0,1694479628.0,29921624.6,1694479615.0,1694479683.0,1694479673.0,1694479676.0,7804.0,1694479683.0,1694479688.0,5.0,,2.0,68.0,5.0,11.0,177143652.0,3.0,24108.0,poseidon,condorpool,poseidon-worker-2-container-4-7,mvt,/opt/mvt/mvt,,39.6,0,0,0.0,789137.0,12288.0,422.0,3.0,29.9,0.1,26304.6,1228.8
post_vel_ID0000018,None,compute,0,1694479613.0,,,1694479618.0,1694479621.0,1694479632.0,35105966.0,1694479619.0,1694479648.0,1694479637.0,1694479640.0,3773.0,1694479648.0,1694479653.0,5.0,,1.0,29.0,5.0,11.0,177143937.0,3.0,11645.0,poseidon,condorpool,poseidon-worker-1-container-12-15,post_vel,/opt/netcdf2png/merged_netcdf2png,,0.1,0,0,,,,,,,,,
mvt_ID0000019,None,compute,0,1694479613.0,,,1694479618.0,1694479620.0,1694479632.0,34184857.2,1694479619.0,1694479688.0,1694479676.0,1694479679.0,11846.0,1694479688.0,1694479693.0,5.0,,1.0,69.0,5.0,12.0,177143652.0,3.0,36245.0,poseidon,condorpool,poseidon-worker-2-container-44-47,mvt,/opt/mvt/mvt,,39.6,0,0,0.0,822133.0,20480.0,494.0,5.0,29.9,0.1,27404.4,1024.0
post_vel_ID0000088,None,compute,0,1694479623.0,,,1694479628.0,1694479631.0,1694479643.0,29704162.5,1694479629.0,1694479658.0,1694479648.0,1694479651.0,4141.0,1694479658.0,1694479663.0,5.0,,1.0,29.0,5.0,12.0,177143937.0,3.0,12740.0,poseidon,condorpool,poseidon-worker-1-container-44-47,post_vel,/opt/netcdf2png/merged_netcdf2png,,0.1,0,0,,,,,,,,,
mvt_ID0000089,None,compute,0,1694479623.0,,,1694479628.0,1694479631.0,1694479642.0,34714177.4,1694479629.0,1694479698.0,1694479686.0,1694479689.0,15920.0,1694479698.0,1694479703.0,5.0,,1.0,69.0,5.0,11.0,177143652.0,3.0,48475.0,poseidon,condorpool,poseidon-worker-2-container-28-31,mvt,/opt/mvt/mvt,,39.3,0,0,0.0,789217.0,24576.0,422.0,6.0,29.9,0.1,26307.2,2457.6
mvt_ID0000009,None,compute,0,1694479623.0,,,1694479628.0,1694479631.0,1694479642.0,33793590.6,1694479629.0,1694479698.0,1694479686.0,1694479689.0,11606.0,1694479698.0,1694479703.0,5.0,,1.0,69.0,5.0,11.0,177143652.0,3.0,35429.0,poseidon,condorpool,poseidon-worker-2-container-20-23,mvt,/opt/mvt/mvt,,39.1,0,0,0.0,791983.0,20480.0,428.0,5.0,29.9,0.1,26399.4,1024.0
post_vel_ID0000008,None,compute,0,1694479623.0,,,1694479628.0,1694479631.0,1694479643.0,29672861.5,1694479629.0,1694479658.0,1694479648.0,1694479651.0,3635.0,1694479658.0,1694479663.0,5.0,,1.0,29.0,5.0,12.0,177143937.0,3.0,10982.0,poseidon,condorpool,poseidon-worker-1-container-44-47,post_vel,/opt/netcdf2png/merged_netcdf2png,,0.1,0,0,,,,,,,,,
register_condorpool_1_2,None,auxiliary,0,1694479623.0,,,1694479653.0,,,0.0,1694479654.0,1694479658.0,,,0.0,1694479658.0,1694479663.0,30.0,,1.0,4.0,5.0,,,,,poseidon,local,poseidon-submit,pegasus::rc-client,/mnt/poseidon-data/poseidon/pegasus-5.1.0panorama/bin/pegasus-rc-client,"-n pegasus::rc-client -N null -R local  -L casa-wind-full -T 2023-09-08T07:29:05+00:00 /home/poseidon/pegasus-5.1.0panorama/bin/pegasus-rc-client --prefix pegasus.catalog.replica.output --conf /mnt/poseidon-data/poseidon/workflows/casa-wind-workflow-full/submit/poseidon/pegasus/casa-wind-full/run0418/pegasus.1864035898903448841.properties -v --meta /mnt/poseidon-data/poseidon/workflows/casa-wind-workflow-full/submit/poseidon/pegasus/casa-wind-full/run0418/00/00/um_vel_ID0000117.meta,/mnt/poseidon-data/poseidon/workflows/casa-wind-workflow-full/submit/poseidon/pegasus/casa-wind-full/run0418/00/01/um_vel_ID0000052.meta,/mnt/poseidon-data/poseidon/workflows/casa-wind-workflow-full/submit/poseidon/pegasus/casa-wind-full/run0418/00/00/um_vel_ID0000002.meta,/mnt/poseidon-data/poseidon/workflows/casa-wind-workflow-full/submit/poseidon/pegasus/casa-wind-full/run0418/00/00/um_vel_ID0000012.meta,/mnt/poseidon-data/poseidon/workflows/casa-wind-workflow-full/submit/poseidon/pegasus/casa-wind-full/run0418/00/00/um_vel_ID0000032.meta,/mnt/poseidon-data/poseidon/workflows/casa-wind-workflow-full/submit/poseidon/pegasus/casa-wind-full/run0418/00/01/um_vel_ID0000062.meta,/mnt/poseidon-data/poseidon/workflows/casa-wind-workflow-full/submit/poseidon/pegasus/casa-wind-full/run0418/00/01/um_vel_ID0000112.meta,/mnt/poseidon-data/poseidon/workflows/casa-wind-workflow-full/submit/poseidon/pegasus/casa-wind-full/run0418/00/01/um_vel_ID0000107.meta --insert /mnt/poseidon-data/poseidon/workflows/casa-wind-workflow-full/submit/poseidon/pegasus/casa-wind-full/run0418/00/01/register_condorpool_1_2.in",2.6,0,0,,,,,,,,,
mvt_ID0000074,cpu_3,compute,0,1694479628.0,,,1694479633.0,1694479639.0,1694479654.0,30022382.0,1694479635.0,1694479748.0,1694479737.0,1694479740.0,12846.0,1694479748.0,1694479753.0,5.0,,2.0,113.0,5.0,15.0,177143652.0,3.0,38855.0,poseidon,condorpool,poseidon-worker-2-container-40-43,mvt,/opt/mvt/mvt,,38.1,0,0,0.0,867325.0,20480.0,620.0,5.0,30.5,0.1,12390.4,1024.0
register_condorpool_1_0,None,auxiliary,0,1694479628.0,,,1694479638.0,,,0.0,1694479643.0,1694479648.0,,,0.0,1694479648.0,1694479653.0,10.0,,5.0,5.0,5.0,,,,,poseidon,local,poseidon-submit,pegasus::rc-client,/mnt/poseidon-data/poseidon/pegasus-5.1.0panorama/bin/pegasus-rc-client,"-n pegasus::rc-client -N null -R local  -L casa-wind-full -T 2023-09-08T07:29:05+00:00 /home/poseidon/pegasus-5.1.0panorama/bin/pegasus-rc-client --prefix pegasus.catalog.replica.output --conf /mnt/poseidon-data/poseidon/workflows/casa-wind-workflow-full/submit/poseidon/pegasus/casa-wind-full/run0418/pegasus.1864035898903448841.properties -v --meta /mnt/poseidon-data/poseidon/workflows/casa-wind-workflow-full/submit/poseidon/pegasus/casa-wind-full/run0418/00/01/um_vel_ID0000067.meta,/mnt/poseidon-data/poseidon/workflows/casa-wind-workflow-full/submit/poseidon/pegasus/casa-wind-full/run0418/00/00/um_vel_ID0000127.meta,/mnt/poseidon-data/poseidon/workflows/casa-wind-workflow-full/submit/poseidon/pegasus/casa-wind-full/run0418/00/00/um_vel_ID0000122.meta,/mnt/poseidon-data/poseidon/workflows/casa-wind-workflow-full/submit/poseidon/pegasus/casa-wind-full/run0418/00/00/um_vel_ID0000092.meta,/mnt/poseidon-data/poseidon/workflows/casa-wind-workflow-full/submit/poseidon/pegasus/casa-wind-full/run0418/00/01/um_vel_ID0000077.meta,/mnt/poseidon-data/poseidon/workflows/casa-wind-workflow-full/submit/poseidon/pegasus/casa-wind-full/run0418/00/01/um_vel_ID0000057.meta,/mnt/poseidon-data/poseidon/workflows/casa-wind-workflow-full/submit/poseidon/pegasus/casa-wind-full/run0418/00/00/um_vel_ID0000027.meta,/mnt/poseidon-data/poseidon/workflows/casa-wind-workflow-full/submit/poseidon/pegasus/casa-wind-full/run0418/00/01/um_vel_ID0000042.meta,/mnt/poseidon-data/poseidon/workflows/casa-wind-workflow-full/submit/poseidon/pegasus/casa-wind-full/run0418/00/00/um_vel_ID0000022.meta --insert /mnt/poseidon-data/poseidon/workflows/casa-wind-workflow-full/submit/poseidon/pegasus/casa-wind-full/run0418/00/01/register_condorpool_1_0.in",2.6,0,0,,,,,,,,,
post_vel_ID0000073,None,compute,0,1694479628.0,,,1694479633.0,1694479636.0,1694479647.0,29756781.5,1694479635.0,1694479663.0,1694479652.0,1694479655.0,3901.0,1694479663.0,1694479668.0,5.0,,2.0,28.0,5.0,11.0,177143937.0,3.0,11825.0,poseidon,condorpool,poseidon-worker-1-container-32-35,post_vel,/opt/netcdf2png/merged_netcdf2png,,0.1,0,0,,,,,,,,,
stage_out_local_condorpool_1_1,None,transfer,0,1694479628.0,,,1694479633.0,,,0.0,1694479638.0,1694479643.0,,,0.0,1694479643.0,1694479648.0,5.0,,5.0,5.0,5.0,,,,,poseidon,local,poseidon-submit,pegasus::transfer,/mnt/poseidon-data/poseidon/pegasus-5.1.0panorama/bin/pegasus-transfer,/home/poseidon/pegasus-5.1.0panorama/bin/../bin/pegasus-kickstart  -n pegasus::transfer -N null -i - -R local  -L casa-wind-full -T 2023-09-08T07:29:05+00:00 /home/poseidon/pegasus-5.1.0panorama/bin/../bin/pegasus-transfer  --threads 2,1.0,0,0,,,,,,,,,
register_condorpool_1_1,None,auxiliary,0,1694479648.0,,,1694479663.0,,,0.0,1694479663.0,1694479668.0,,,0.0,1694479668.0,1694479673.0,15.0,,0.0,5.0,5.0,,,,,poseidon,local,poseidon-submit,pegasus::rc-client,/mnt/poseidon-data/poseidon/pegasus-5.1.0panorama/bin/pegasus-rc-client,"-n pegasus::rc-client -N null -R local  -L casa-wind-full -T 2023-09-08T07:29:05+00:00 /home/poseidon/pegasus-5.1.0panorama/bin/pegasus-rc-client --prefix pegasus.catalog.replica.output --conf /mnt/poseidon-data/poseidon/workflows/casa-wind-workflow-full/submit/poseidon/pegasus/casa-wind-full/run0418/pegasus.1864035898903448841.properties -v --meta /mnt/poseidon-data/poseidon/workflows/casa-wind-workflow-full/submit/poseidon/pegasus/casa-wind-full/run0418/00/00/um_vel_ID0000017.meta,/mnt/poseidon-data/poseidon/workflows/casa-wind-workflow-full/submit/poseidon/pegasus/casa-wind-full/run0418/00/01/um_vel_ID0000037.meta,/mnt/poseidon-data/poseidon/workflows/casa-wind-workflow-full/submit/poseidon/pegasus/casa-wind-full/run0418/00/00/um_vel_ID0000082.meta,/mnt/poseidon-data/poseidon/workflows/casa-wind-workflow-full/submit/poseidon/pegasus/casa-wind-full/run0418/00/00/um_vel_ID0000097.meta,/mnt/poseidon-data/poseidon/workflows/casa-wind-workflow-full/submit/poseidon/pegasus/casa-wind-full/run0418/00/01/um_vel_ID0000047.meta,/mnt/poseidon-data/poseidon/workflows/casa-wind-workflow-full/submit/poseidon/pegasus/casa-wind-full/run0418/00/00/um_vel_ID0000087.meta,/mnt/poseidon-data/poseidon/workflows/casa-wind-workflow-full/submit/poseidon/pegasus/casa-wind-full/run0418/00/01/um_vel_ID0000007.meta,/mnt/poseidon-data/poseidon/workflows/casa-wind-workflow-full/submit/poseidon/pegasus/casa-wind-full/run0418/00/01/um_vel_ID0000072.meta,/mnt/poseidon-data/poseidon/workflows/casa-wind-workflow-full/submit/poseidon/pegasus/casa-wind-full/run0418/00/01/um_vel_ID0000102.meta --insert /mnt/poseidon-data/poseidon/workflows/casa-wind-workflow-full/submit/poseidon/pegasus/casa-wind-full/run0418/00/01/register_condorpool_1_1.in",2.7,0,0,,,,,,,,,
point_alert_ID0000060,cpu_3,compute,0,1694479663.0,,,1694479668.0,1694479671.0,1694479682.0,29652034.0,1694479669.0,1694479698.0,1694479687.0,1694479690.0,6857.0,1694479698.0,1694479703.0,5.0,,1.0,29.0,5.0,11.0,176636147.0,3.0,20878.0,poseidon,condorpool,poseidon-worker-2-container-32-35,point_alert,/opt/pointAlert/pointAlert,,0.0,0,0,,,,,,,,,
point_alert_ID0000125,None,compute,0,1694479663.0,,,1694479668.0,1694479671.0,1694479682.0,34535540.8,1694479669.0,1694479698.0,1694479687.0,1694479690.0,7486.0,1694479698.0,1694479703.0,5.0,,1.0,29.0,5.0,11.0,176678547.0,3.0,22878.0,poseidon,condorpool,poseidon-worker-2-container-12-15,point_alert,/opt/pointAlert/pointAlert,,0.0,0,0,,,,,,,,,
point_alert_ID0000045,None,compute,0,1694479668.0,,,1694479673.0,1694479676.0,1694479687.0,32427401.8,1694479674.0,1694479703.0,1694479692.0,1694479695.0,6834.0,1694479703.0,1694479708.0,5.0,,1.0,29.0,5.0,11.0,176636096.0,3.0,20798.0,poseidon,condorpool,poseidon-worker-1-container-16-19,point_alert,/opt/pointAlert/pointAlert,,0.0,0,0,,,,,,,,,
point_alert_ID0000070,None,compute,0,1694479668.0,,,1694479673.0,1694479676.0,1694479687.0,29559046.0,1694479674.0,1694479703.0,1694479692.0,1694479695.0,6668.0,1694479703.0,1694479708.0,5.0,,1.0,29.0,5.0,11.0,176643292.0,3.0,20558.0,poseidon,condorpool,poseidon-worker-1-container-44-47,point_alert,/opt/pointAlert/pointAlert,,0.0,0,0,,,,,,,,,
point_alert_ID0000130,cpu_3,compute,0,1694479668.0,,,1694479673.0,1694479676.0,1694479687.0,34521202.6,1694479674.0,1694479703.0,1694479692.0,1694479695.0,7514.0,1694479703.0,1694479708.0,5.0,,1.0,29.0,5.0,11.0,176672472.0,3.0,23118.0,poseidon,condorpool,poseidon-worker-1-container-28-31,point_alert,/opt/pointAlert/pointAlert,,0.0,0,0,,,,,,,,,
stage_out_local_condorpool_2_0,None,transfer,0,1694479668.0,,,1694479673.0,,,0.0,1694479674.0,1694479678.0,,,0.0,1694479678.0,1694479683.0,5.0,,1.0,4.0,5.0,,,,,poseidon,local,poseidon-submit,pegasus::transfer,/mnt/poseidon-data/poseidon/pegasus-5.1.0panorama/bin/pegasus-transfer,/home/poseidon/pegasus-5.1.0panorama/bin/../bin/pegasus-kickstart  -n pegasus::transfer -N null -i - -R local  -L casa-wind-full -T 2023-09-08T07:29:05+00:00 /home/poseidon/pegasus-5.1.0panorama/bin/../bin/pegasus-transfer  --threads 2,1.0,0,0,,,,,,,,,
point_alert_ID0000030,cpu_3,compute,0,1694479668.0,,,1694479673.0,1694479676.0,1694479687.0,35068609.6,1694479674.0,1694479703.0,1694479692.0,1694479695.0,6638.0,1694479703.0,1694479708.0,5.0,,1.0,29.0,5.0,11.0,176646324.0,3.0,20158.0,poseidon,condorpool,poseidon-worker-2-container-32-35,point_alert,/opt/pointAlert/pointAlert,,0.0,0,0,,,,,,,,,
point_alert_ID0000115,None,compute,0,1694479673.0,,,1694479678.0,1694479681.0,1694479692.0,29581687.0,1694479680.0,1694479708.0,1694479697.0,1694479700.0,7058.0,1694479708.0,1694479713.0,5.0,,2.0,28.0,5.0,11.0,176681217.0,3.0,21598.0,poseidon,condorpool,poseidon-worker-1-container-44-47,point_alert,/opt/pointAlert/pointAlert,,0.0,0,0,,,,,,,,,
point_alert_ID0000035,None,compute,0,1694479673.0,,,1694479678.0,1694479681.0,1694479692.0,29658410.5,1694479680.0,1694479708.0,1694479697.0,1694479700.0,6542.0,1694479708.0,1694479713.0,5.0,,2.0,28.0,5.0,11.0,176638959.0,3.0,20078.0,poseidon,condorpool,poseidon-worker-2-container-36-39,point_alert,/opt/pointAlert/pointAlert,,0.0,0,0,,,,,,,,,
point_alert_ID0000015,None,compute,0,1694479673.0,,,1694479678.0,1694479681.0,1694479692.0,29553244.0,1694479680.0,1694479708.0,1694479697.0,1694479700.0,6679.0,1694479708.0,1694479713.0,5.0,,2.0,28.0,5.0,11.0,176639974.0,3.0,20558.0,poseidon,condorpool,poseidon-worker-1-container-40-43,point_alert,/opt/pointAlert/pointAlert,,0.0,0,0,,,,,,,,,
point_alert_ID0000085,None,compute,0,1694479678.0,,,1694479683.0,1694479685.0,1694479696.0,29610346.0,1694479684.0,1694479713.0,1694479702.0,1694479705.0,6949.0,1694479713.0,1694479718.0,5.0,,1.0,29.0,5.0,11.0,176655981.0,3.0,21118.0,poseidon,condorpool,poseidon-worker-1-container-32-35,point_alert,/opt/pointAlert/pointAlert,,0.0,0,0,,,,,,,,,
register_condorpool_2_0,None,auxiliary,0,1694479683.0,,,1694479688.0,,,0.0,1694479691.0,1694479693.0,,,0.0,1694479693.0,1694479698.0,5.0,,3.0,2.0,5.0,,,,,poseidon,local,poseidon-submit,pegasus::rc-client,/mnt/poseidon-data/poseidon/pegasus-5.1.0panorama/bin/pegasus-rc-client,"-n pegasus::rc-client -N null -R local  -L casa-wind-full -T 2023-09-08T07:29:05+00:00 /home/poseidon/pegasus-5.1.0panorama/bin/pegasus-rc-client --prefix pegasus.catalog.replica.output --conf /mnt/poseidon-data/poseidon/workflows/casa-wind-workflow-full/submit/poseidon/pegasus/casa-wind-full/run0418/pegasus.1864035898903448841.properties -v --meta /mnt/poseidon-data/poseidon/workflows/casa-wind-workflow-full/submit/poseidon/pegasus/casa-wind-full/run0418/00/01/post_vel_ID0000023.meta,/mnt/poseidon-data/poseidon/workflows/casa-wind-workflow-full/submit/poseidon/pegasus/casa-wind-full/run0418/00/01/post_vel_ID0000093.meta,/mnt/poseidon-data/poseidon/workflows/casa-wind-workflow-full/submit/poseidon/pegasus/casa-wind-full/run0418/00/01/mvt_ID0000129.meta,/mnt/poseidon-data/poseidon/workflows/casa-wind-workflow-full/submit/poseidon/pegasus/casa-wind-full/run0418/00/02/mvt_ID0000044.meta,/mnt/poseidon-data/poseidon/workflows/casa-wind-workflow-full/submit/poseidon/pegasus/casa-wind-full/run0418/00/02/post_vel_ID0000058.meta,/mnt/poseidon-data/poseidon/workflows/casa-wind-workflow-full/submit/poseidon/pegasus/casa-wind-full/run0418/00/01/post_vel_ID0000068.meta,/mnt/poseidon-data/poseidon/workflows/casa-wind-workflow-full/submit/poseidon/pegasus/casa-wind-full/run0418/00/01/post_vel_ID0000123.meta,/mnt/poseidon-data/poseidon/workflows/casa-wind-workflow-full/submit/poseidon/pegasus/casa-wind-full/run0418/00/02/post_vel_ID0000078.meta,/mnt/poseidon-data/poseidon/workflows/casa-wind-workflow-full/submit/poseidon/pegasus/casa-wind-full/run0418/00/01/mvt_ID0000029.meta --insert /mnt/poseidon-data/poseidon/workflows/casa-wind-workflow-full/submit/poseidon/pegasus/casa-wind-full/run0418/00/02/register_condorpool_2_0.in",2.6,0,0,,,,,,,,,
point_alert_ID0000050,None,compute,0,1694479688.0,,,1694479693.0,1694479697.0,1694479707.0,29648508.5,1694479695.0,1694479723.0,1694479713.0,1694479716.0,6655.0,1694479723.0,1694479728.0,5.0,,2.0,28.0,5.0,10.0,176632091.0,3.0,20878.0,poseidon,condorpool,poseidon-worker-1-container-12-15,point_alert,/opt/pointAlert/pointAlert,,0.0,0,0,,,,,,,,,
stage_out_local_condorpool_2_4,None,transfer,0,1694479688.0,,,1694479693.0,,,0.0,1694479694.0,1694479703.0,,,0.0,1694479703.0,1694479708.0,5.0,,1.0,9.0,5.0,,,,,poseidon,local,poseidon-submit,pegasus::transfer,/mnt/poseidon-data/poseidon/pegasus-5.1.0panorama/bin/pegasus-transfer,/home/poseidon/pegasus-5.1.0panorama/bin/../bin/pegasus-kickstart  -n pegasus::transfer -N null -i - -R local  -L casa-wind-full -T 2023-09-08T07:29:05+00:00 /home/poseidon/pegasus-5.1.0panorama/bin/../bin/pegasus-transfer  --threads 2,0.8,0,0,,,,,,,,,
point_alert_ID0000110,None,compute,0,1694479688.0,,,1694479693.0,1694479696.0,1694479707.0,34688430.6,1694479694.0,1694479723.0,1694479713.0,1694479716.0,6734.0,1694479723.0,1694479728.0,5.0,,1.0,29.0,5.0,11.0,176667937.0,3.0,21038.0,poseidon,condorpool,poseidon-worker-1-container-20-23,point_alert,/opt/pointAlert/pointAlert,,0.0,0,0,,,,,,,,,
point_alert_ID0000105,None,compute,0,1694479688.0,,,1694479693.0,1694479696.0,1694479707.0,29555498.0,1694479695.0,1694479723.0,1694479712.0,1694479715.0,6811.0,1694479723.0,1694479728.0,5.0,,2.0,28.0,5.0,11.0,176667573.0,3.0,21278.0,poseidon,condorpool,poseidon-worker-2-container-12-15,point_alert,/opt/pointAlert/pointAlert,,0.0,0,0,,,,,,,,,
point_alert_ID0000040,None,compute,0,1694479688.0,,,1694479693.0,1694479696.0,1694479707.0,29528471.0,1694479695.0,1694479723.0,1694479713.0,1694479716.0,6556.0,1694479723.0,1694479728.0,5.0,,2.0,28.0,5.0,11.0,176642369.0,3.0,20558.0,poseidon,condorpool,poseidon-worker-1-container-40-43,point_alert,/opt/pointAlert/pointAlert,,0.0,0,0,,,,,,,,,
point_alert_ID0000055,None,compute,0,1694479688.0,,,1694479693.0,1694479696.0,1694479707.0,29602686.5,1694479695.0,1694479723.0,1694479712.0,1694479715.0,6631.0,1694479723.0,1694479728.0,5.0,,2.0,28.0,5.0,11.0,176636535.0,3.0,20638.0,poseidon,condorpool,poseidon-worker-2-container-36-39,point_alert,/opt/pointAlert/pointAlert,,0.0,0,0,,,,,,,,,
point_alert_ID0000065,None,compute,0,1694479688.0,,,1694479693.0,1694479696.0,1694479707.0,29465828.0,1694479695.0,1694479723.0,1694479713.0,1694479716.0,6378.0,1694479723.0,1694479728.0,5.0,,2.0,28.0,5.0,11.0,176639131.0,3.0,20238.0,poseidon,condorpool,poseidon-worker-1-container-24-27,point_alert,/opt/pointAlert/pointAlert,,0.0,0,0,,,,,,,,,
point_alert_ID0000005,None,compute,0,1694479688.0,,,1694479693.0,1694479696.0,1694479707.0,29535467.0,1694479695.0,1694479723.0,1694479713.0,1694479716.0,6467.0,1694479723.0,1694479728.0,5.0,,2.0,28.0,5.0,11.0,176636764.0,3.0,20398.0,poseidon,condorpool,poseidon-worker-1-container-44-47,point_alert,/opt/pointAlert/pointAlert,,0.0,0,0,,,,,,,,,
point_alert_ID0000025,None,compute,0,1694479688.0,,,1694479693.0,1694479696.0,1694479707.0,29607837.5,1694479695.0,1694479723.0,1694479712.0,1694479715.0,6403.0,1694479723.0,1694479728.0,5.0,,2.0,28.0,5.0,11.0,176638688.0,3.0,20078.0,poseidon,condorpool,poseidon-worker-2-container-44-47,point_alert,/opt/pointAlert/pointAlert,,0.0,0,0,,,,,,,,,
point_alert_ID0000095,None,compute,0,1694479688.0,,,1694479693.0,1694479696.0,1694479707.0,33325632.6,1694479695.0,1694479723.0,1694479712.0,1694479716.0,6684.0,1694479723.0,1694479728.0,5.0,,2.0,28.0,5.0,11.0,176660390.0,4.0,20718.0,poseidon,condorpool,poseidon-worker-2-container-4-7,point_alert,/opt/pointAlert/pointAlert,,0.0,0,0,,,,,,,,,
point_alert_ID0000100,None,compute,0,1694479688.0,,,1694479693.0,1694479697.0,1694479708.0,33910454.8,1694479695.0,1694479723.0,1694479713.0,1694479716.0,6674.0,1694479723.0,1694479728.0,5.0,,2.0,28.0,5.0,11.0,176658101.0,3.0,20638.0,poseidon,condorpool,poseidon-worker-1-container-4-7,point_alert,/opt/pointAlert/pointAlert,,0.0,0,0,,,,,,,,,
point_alert_ID0000020,cpu_3,compute,0,1694479693.0,,,1694479698.0,1694479701.0,1694479711.0,35250953.0,1694479699.0,1694479728.0,1694479717.0,1694479720.0,6789.0,1694479728.0,1694479733.0,5.0,,1.0,29.0,5.0,10.0,176644228.0,3.0,20478.0,poseidon,condorpool,poseidon-worker-2-container-32-35,point_alert,/opt/pointAlert/pointAlert,,0.0,0,0,,,,,,,,,
stage_out_local_condorpool_2_2,None,transfer,0,1694479693.0,,,1694479698.0,,,0.0,1694479699.0,1694479708.0,,,0.0,1694479708.0,1694479713.0,5.0,,1.0,9.0,5.0,,,,,poseidon,local,poseidon-submit,pegasus::transfer,/mnt/poseidon-data/poseidon/pegasus-5.1.0panorama/bin/pegasus-transfer,/home/poseidon/pegasus-5.1.0panorama/bin/../bin/pegasus-kickstart  -n pegasus::transfer -N null -i - -R local  -L casa-wind-full -T 2023-09-08T07:29:05+00:00 /home/poseidon/pegasus-5.1.0panorama/bin/../bin/pegasus-transfer  --threads 2,0.9,0,0,,,,,,,,,
stage_out_local_condorpool_2_1,None,transfer,0,1694479703.0,,,1694479708.0,,,0.0,1694479709.0,1694479713.0,,,0.0,1694479713.0,1694479718.0,5.0,,1.0,4.0,5.0,,,,,poseidon,local,poseidon-submit,pegasus::transfer,/mnt/poseidon-data/poseidon/pegasus-5.1.0panorama/bin/pegasus-transfer,/home/poseidon/pegasus-5.1.0panorama/bin/../bin/pegasus-kickstart  -n pegasus::transfer -N null -i - -R local  -L casa-wind-full -T 2023-09-08T07:29:05+00:00 /home/poseidon/pegasus-5.1.0panorama/bin/../bin/pegasus-transfer  --threads 2,0.9,0,0,,,,,,,,,
point_alert_ID0000090,None,compute,0,1694479703.0,,,1694479708.0,1694479711.0,1694479722.0,29627726.5,1694479709.0,1694479738.0,1694479727.0,1694479730.0,6758.0,1694479738.0,1694479743.0,5.0,,1.0,29.0,5.0,11.0,176656458.0,3.0,20638.0,poseidon,condorpool,poseidon-worker-1-container-16-19,point_alert,/opt/pointAlert/pointAlert,,0.0,0,0,,,,,,,,,
point_alert_ID0000080,None,compute,0,1694479703.0,,,1694479708.0,1694479711.0,1694479722.0,29593096.5,1694479709.0,1694479738.0,1694479727.0,1694479730.0,6764.0,1694479738.0,1694479743.0,5.0,,1.0,29.0,5.0,11.0,176653320.0,3.0,20718.0,poseidon,condorpool,poseidon-worker-1-container-44-47,point_alert,/opt/pointAlert/pointAlert,,0.0,0,0,,,,,,,,,
point_alert_ID0000010,None,compute,0,1694479703.0,,,1694479708.0,1694479711.0,1694479722.0,29603006.5,1694479709.0,1694479738.0,1694479727.0,1694479730.0,6739.0,1694479738.0,1694479743.0,5.0,,1.0,29.0,5.0,11.0,176643412.0,3.0,20478.0,poseidon,condorpool,poseidon-worker-2-container-12-15,point_alert,/opt/pointAlert/pointAlert,,0.0,0,0,,,,,,,,,
register_condorpool_2_4,None,auxiliary,0,1694479708.0,,,1694479713.0,,,0.0,1694479714.0,1694479718.0,,,0.0,1694479718.0,1694479723.0,5.0,,1.0,4.0,5.0,,,,,poseidon,local,poseidon-submit,pegasus::rc-client,/mnt/poseidon-data/poseidon/pegasus-5.1.0panorama/bin/pegasus-rc-client,"-n pegasus::rc-client -N null -R local  -L casa-wind-full -T 2023-09-08T07:29:05+00:00 /home/poseidon/pegasus-5.1.0panorama/bin/pegasus-rc-client --prefix pegasus.catalog.replica.output --conf /mnt/poseidon-data/poseidon/workflows/casa-wind-workflow-full/submit/poseidon/pegasus/casa-wind-full/run0418/pegasus.1864035898903448841.properties -v --meta /mnt/poseidon-data/poseidon/workflows/casa-wind-workflow-full/submit/poseidon/pegasus/casa-wind-full/run0418/00/02/post_vel_ID0000108.meta,/mnt/poseidon-data/poseidon/workflows/casa-wind-workflow-full/submit/poseidon/pegasus/casa-wind-full/run0418/00/01/post_vel_ID0000063.meta,/mnt/poseidon-data/poseidon/workflows/casa-wind-workflow-full/submit/poseidon/pegasus/casa-wind-full/run0418/00/01/post_vel_ID0000013.meta,/mnt/poseidon-data/poseidon/workflows/casa-wind-workflow-full/submit/poseidon/pegasus/casa-wind-full/run0418/00/02/mvt_ID0000054.meta,/mnt/poseidon-data/poseidon/workflows/casa-wind-workflow-full/submit/poseidon/pegasus/casa-wind-full/run0418/00/01/post_vel_ID0000033.meta,/mnt/poseidon-data/poseidon/workflows/casa-wind-workflow-full/submit/poseidon/pegasus/casa-wind-full/run0418/00/02/post_vel_ID0000113.meta,/mnt/poseidon-data/poseidon/workflows/casa-wind-workflow-full/submit/poseidon/pegasus/casa-wind-full/run0418/00/01/post_vel_ID0000003.meta,/mnt/poseidon-data/poseidon/workflows/casa-wind-workflow-full/submit/poseidon/pegasus/casa-wind-full/run0418/00/01/post_vel_ID0000118.meta --insert /mnt/poseidon-data/poseidon/workflows/casa-wind-workflow-full/submit/poseidon/pegasus/casa-wind-full/run0418/00/02/register_condorpool_2_4.in",2.7,0,0,,,,,,,,,
register_condorpool_2_2,None,auxiliary,0,1694479713.0,,,1694479723.0,,,0.0,1694479723.0,1694479728.0,,,0.0,1694479728.0,1694479733.0,10.0,,0.0,5.0,5.0,,,,,poseidon,local,poseidon-submit,pegasus::rc-client,/mnt/poseidon-data/poseidon/pegasus-5.1.0panorama/bin/pegasus-rc-client,"-n pegasus::rc-client -N null -R local  -L casa-wind-full -T 2023-09-08T07:29:05+00:00 /home/poseidon/pegasus-5.1.0panorama/bin/pegasus-rc-client --prefix pegasus.catalog.replica.output --conf /mnt/poseidon-data/poseidon/workflows/casa-wind-workflow-full/submit/poseidon/pegasus/casa-wind-full/run0418/pegasus.1864035898903448841.properties -v --meta /mnt/poseidon-data/poseidon/workflows/casa-wind-workflow-full/submit/poseidon/pegasus/casa-wind-full/run0418/00/02/post_vel_ID0000073.meta,/mnt/poseidon-data/poseidon/workflows/casa-wind-workflow-full/submit/poseidon/pegasus/casa-wind-full/run0418/00/02/mvt_ID0000039.meta,/mnt/poseidon-data/poseidon/workflows/casa-wind-workflow-full/submit/poseidon/pegasus/casa-wind-full/run0418/00/01/mvt_ID0000099.meta,/mnt/poseidon-data/poseidon/workflows/casa-wind-workflow-full/submit/poseidon/pegasus/casa-wind-full/run0418/00/01/post_vel_ID0000008.meta,/mnt/poseidon-data/poseidon/workflows/casa-wind-workflow-full/submit/poseidon/pegasus/casa-wind-full/run0418/00/02/mvt_ID0000049.meta,/mnt/poseidon-data/poseidon/workflows/casa-wind-workflow-full/submit/poseidon/pegasus/casa-wind-full/run0418/00/01/mvt_ID0000019.meta,/mnt/poseidon-data/poseidon/workflows/casa-wind-workflow-full/submit/poseidon/pegasus/casa-wind-full/run0418/00/02/mvt_ID0000104.meta,/mnt/poseidon-data/poseidon/workflows/casa-wind-workflow-full/submit/poseidon/pegasus/casa-wind-full/run0418/00/01/post_vel_ID0000083.meta,/mnt/poseidon-data/poseidon/workflows/casa-wind-workflow-full/submit/poseidon/pegasus/casa-wind-full/run0418/00/01/post_vel_ID0000088.meta --insert /mnt/poseidon-data/poseidon/workflows/casa-wind-workflow-full/submit/poseidon/pegasus/casa-wind-full/run0418/00/02/register_condorpool_2_2.in",2.6,0,0,,,,,,,,,
register_condorpool_2_1,None,auxiliary,0,1694479718.0,,,1694479733.0,,,0.0,1694479734.0,1694479738.0,,,0.0,1694479738.0,1694479743.0,15.0,,1.0,4.0,5.0,,,,,poseidon,local,poseidon-submit,pegasus::rc-client,/mnt/poseidon-data/poseidon/pegasus-5.1.0panorama/bin/pegasus-rc-client,"-n pegasus::rc-client -N null -R local  -L casa-wind-full -T 2023-09-08T07:29:05+00:00 /home/poseidon/pegasus-5.1.0panorama/bin/pegasus-rc-client --prefix pegasus.catalog.replica.output --conf /mnt/poseidon-data/poseidon/workflows/casa-wind-workflow-full/submit/poseidon/pegasus/casa-wind-full/run0418/pegasus.1864035898903448841.properties -v --meta /mnt/poseidon-data/poseidon/workflows/casa-wind-workflow-full/submit/poseidon/pegasus/casa-wind-full/run0418/00/01/post_vel_ID0000028.meta,/mnt/poseidon-data/poseidon/workflows/casa-wind-workflow-full/submit/poseidon/pegasus/casa-wind-full/run0418/00/02/post_vel_ID0000043.meta,/mnt/poseidon-data/poseidon/workflows/casa-wind-workflow-full/submit/poseidon/pegasus/casa-wind-full/run0418/00/01/post_vel_ID0000128.meta,/mnt/poseidon-data/poseidon/workflows/casa-wind-workflow-full/submit/poseidon/pegasus/casa-wind-full/run0418/00/01/mvt_ID0000094.meta,/mnt/poseidon-data/poseidon/workflows/casa-wind-workflow-full/submit/poseidon/pegasus/casa-wind-full/run0418/00/01/mvt_ID0000069.meta,/mnt/poseidon-data/poseidon/workflows/casa-wind-workflow-full/submit/poseidon/pegasus/casa-wind-full/run0418/00/02/mvt_ID0000059.meta,/mnt/poseidon-data/poseidon/workflows/casa-wind-workflow-full/submit/poseidon/pegasus/casa-wind-full/run0418/00/01/mvt_ID0000124.meta,/mnt/poseidon-data/poseidon/workflows/casa-wind-workflow-full/submit/poseidon/pegasus/casa-wind-full/run0418/00/01/mvt_ID0000024.meta,/mnt/poseidon-data/poseidon/workflows/casa-wind-workflow-full/submit/poseidon/pegasus/casa-wind-full/run0418/00/02/mvt_ID0000079.meta --insert /mnt/poseidon-data/poseidon/workflows/casa-wind-workflow-full/submit/poseidon/pegasus/casa-wind-full/run0418/00/02/register_condorpool_2_1.in",2.6,0,0,,,,,,,,,
stage_out_local_condorpool_3_0,None,transfer,0,1694479743.0,,,1694479748.0,,,0.0,1694479748.0,1694479753.0,,,0.0,1694479753.0,1694479758.0,5.0,,0.0,5.0,5.0,,,,,poseidon,local,poseidon-submit,pegasus::transfer,/mnt/poseidon-data/poseidon/pegasus-5.1.0panorama/bin/pegasus-transfer,/home/poseidon/pegasus-5.1.0panorama/bin/../bin/pegasus-kickstart  -n pegasus::transfer -N null -i - -R local  -L casa-wind-full -T 2023-09-08T07:29:05+00:00 /home/poseidon/pegasus-5.1.0panorama/bin/../bin/pegasus-transfer  --threads 2,0.9,0,0,,,,,,,,,
stage_out_local_condorpool_2_5,None,transfer,0,1694479743.0,,,1694479748.0,,,0.0,1694479748.0,1694479753.0,,,0.0,1694479753.0,1694479758.0,5.0,,0.0,5.0,5.0,,,,,poseidon,local,poseidon-submit,pegasus::transfer,/mnt/poseidon-data/poseidon/pegasus-5.1.0panorama/bin/pegasus-transfer,/home/poseidon/pegasus-5.1.0panorama/bin/../bin/pegasus-kickstart  -n pegasus::transfer -N null -i - -R local  -L casa-wind-full -T 2023-09-08T07:29:05+00:00 /home/poseidon/pegasus-5.1.0panorama/bin/../bin/pegasus-transfer  --threads 2,0.8,0,0,,,,,,,,,
point_alert_ID0000120,None,compute,0,1694479743.0,,,1694479748.0,1694479750.0,1694479761.0,29636055.5,1694479749.0,1694479778.0,1694479766.0,1694479770.0,7075.0,1694479778.0,1694479783.0,5.0,,1.0,29.0,5.0,11.0,176673508.0,4.0,21998.0,poseidon,condorpool,poseidon-worker-2-container-44-47,point_alert,/opt/pointAlert/pointAlert,,0.0,0,0,,,,,,,,,
point_alert_ID0000075,None,compute,0,1694479753.0,,,1694479758.0,1694479761.0,1694479772.0,29514124.5,1694479759.0,1694479788.0,1694479777.0,1694479780.0,6781.0,1694479788.0,1694479793.0,5.0,,1.0,29.0,5.0,11.0,176646838.0,3.0,20558.0,poseidon,condorpool,poseidon-worker-2-container-12-15,point_alert,/opt/pointAlert/pointAlert,,0.0,0,0,,,,,,,,,
stage_out_local_condorpool_2_3,None,transfer,0,1694479753.0,,,1694479758.0,,,0.0,1694479759.0,1694479763.0,,,0.0,1694479763.0,1694479768.0,5.0,,1.0,4.0,5.0,,,,,poseidon,local,poseidon-submit,pegasus::transfer,/mnt/poseidon-data/poseidon/pegasus-5.1.0panorama/bin/pegasus-transfer,/home/poseidon/pegasus-5.1.0panorama/bin/../bin/pegasus-kickstart  -n pegasus::transfer -N null -i - -R local  -L casa-wind-full -T 2023-09-08T07:29:05+00:00 /home/poseidon/pegasus-5.1.0panorama/bin/../bin/pegasus-transfer  --threads 2,0.9,0,0,,,,,,,,,
register_condorpool_2_5,None,auxiliary,0,1694479758.0,,,1694479773.0,,,0.0,1694479774.0,1694479778.0,,,0.0,1694479778.0,1694479783.0,15.0,,1.0,4.0,5.0,,,,,poseidon,local,poseidon-submit,pegasus::rc-client,/mnt/poseidon-data/poseidon/pegasus-5.1.0panorama/bin/pegasus-rc-client,"-n pegasus::rc-client -N null -R local  -L casa-wind-full -T 2023-09-08T07:29:05+00:00 /home/poseidon/pegasus-5.1.0panorama/bin/pegasus-rc-client --prefix pegasus.catalog.replica.output --conf /mnt/poseidon-data/poseidon/workflows/casa-wind-workflow-full/submit/poseidon/pegasus/casa-wind-full/run0418/pegasus.1864035898903448841.properties -v --meta /mnt/poseidon-data/poseidon/workflows/casa-wind-workflow-full/submit/poseidon/pegasus/casa-wind-full/run0418/00/01/mvt_ID0000004.meta,/mnt/poseidon-data/poseidon/workflows/casa-wind-workflow-full/submit/poseidon/pegasus/casa-wind-full/run0418/00/01/mvt_ID0000119.meta,/mnt/poseidon-data/poseidon/workflows/casa-wind-workflow-full/submit/poseidon/pegasus/casa-wind-full/run0418/00/02/post_vel_ID0000053.meta,/mnt/poseidon-data/poseidon/workflows/casa-wind-workflow-full/submit/poseidon/pegasus/casa-wind-full/run0418/00/02/mvt_ID0000114.meta,/mnt/poseidon-data/poseidon/workflows/casa-wind-workflow-full/submit/poseidon/pegasus/casa-wind-full/run0418/00/01/mvt_ID0000034.meta,/mnt/poseidon-data/poseidon/workflows/casa-wind-workflow-full/submit/poseidon/pegasus/casa-wind-full/run0418/00/01/mvt_ID0000014.meta,/mnt/poseidon-data/poseidon/workflows/casa-wind-workflow-full/submit/poseidon/pegasus/casa-wind-full/run0418/00/02/mvt_ID0000109.meta,/mnt/poseidon-data/poseidon/workflows/casa-wind-workflow-full/submit/poseidon/pegasus/casa-wind-full/run0418/00/01/mvt_ID0000064.meta --insert /mnt/poseidon-data/poseidon/workflows/casa-wind-workflow-full/submit/poseidon/pegasus/casa-wind-full/run0418/00/02/register_condorpool_2_5.in",2.6,0,0,,,,,,,,,
register_condorpool_3_0,None,auxiliary,0,1694479758.0,,,1694479763.0,,,0.0,1694479764.0,1694479768.0,,,0.0,1694479768.0,1694479773.0,5.0,,1.0,4.0,5.0,,,,,poseidon,local,poseidon-submit,pegasus::rc-client,/mnt/poseidon-data/poseidon/pegasus-5.1.0panorama/bin/pegasus-rc-client,"-n pegasus::rc-client -N null -R local  -L casa-wind-full -T 2023-09-08T07:29:05+00:00 /home/poseidon/pegasus-5.1.0panorama/bin/pegasus-rc-client --prefix pegasus.catalog.replica.output --conf /mnt/poseidon-data/poseidon/workflows/casa-wind-workflow-full/submit/poseidon/pegasus/casa-wind-full/run0418/pegasus.1864035898903448841.properties -v --meta /mnt/poseidon-data/poseidon/workflows/casa-wind-workflow-full/submit/poseidon/pegasus/casa-wind-full/run0418/00/02/point_alert_ID0000125.meta,/mnt/poseidon-data/poseidon/workflows/casa-wind-workflow-full/submit/poseidon/pegasus/casa-wind-full/run0418/00/02/point_alert_ID0000095.meta,/mnt/poseidon-data/poseidon/workflows/casa-wind-workflow-full/submit/poseidon/pegasus/casa-wind-full/run0418/00/03/point_alert_ID0000060.meta,/mnt/poseidon-data/poseidon/workflows/casa-wind-workflow-full/submit/poseidon/pegasus/casa-wind-full/run0418/00/02/point_alert_ID0000030.meta,/mnt/poseidon-data/poseidon/workflows/casa-wind-workflow-full/submit/poseidon/pegasus/casa-wind-full/run0418/00/02/point_alert_ID0000025.meta,/mnt/poseidon-data/poseidon/workflows/casa-wind-workflow-full/submit/poseidon/pegasus/casa-wind-full/run0418/00/03/point_alert_ID0000045.meta,/mnt/poseidon-data/poseidon/workflows/casa-wind-workflow-full/submit/poseidon/pegasus/casa-wind-full/run0418/00/02/point_alert_ID0000130.meta,/mnt/poseidon-data/poseidon/workflows/casa-wind-workflow-full/submit/poseidon/pegasus/casa-wind-full/run0418/00/02/point_alert_ID0000070.meta,/mnt/poseidon-data/poseidon/workflows/casa-wind-workflow-full/submit/poseidon/pegasus/casa-wind-full/run0418/00/02/point_alert_ID0000080.meta --insert /mnt/poseidon-data/poseidon/workflows/casa-wind-workflow-full/submit/poseidon/pegasus/casa-wind-full/run0418/00/03/register_condorpool_3_0.in",2.6,0,0,,,,,,,,,
register_condorpool_2_3,None,auxiliary,0,1694479768.0,,,1694479783.0,,,0.0,1694479783.0,1694479788.0,,,0.0,1694479788.0,1694479793.0,15.0,,0.0,5.0,5.0,,,,,poseidon,local,poseidon-submit,pegasus::rc-client,/mnt/poseidon-data/poseidon/pegasus-5.1.0panorama/bin/pegasus-rc-client,"-n pegasus::rc-client -N null -R local  -L casa-wind-full -T 2023-09-08T07:29:05+00:00 /home/poseidon/pegasus-5.1.0panorama/bin/pegasus-rc-client --prefix pegasus.catalog.replica.output --conf /mnt/poseidon-data/poseidon/workflows/casa-wind-workflow-full/submit/poseidon/pegasus/casa-wind-full/run0418/pegasus.1864035898903448841.properties -v --meta /mnt/poseidon-data/poseidon/workflows/casa-wind-workflow-full/submit/poseidon/pegasus/casa-wind-full/run0418/00/01/mvt_ID0000084.meta,/mnt/poseidon-data/poseidon/workflows/casa-wind-workflow-full/submit/poseidon/pegasus/casa-wind-full/run0418/00/02/post_vel_ID0000103.meta,/mnt/poseidon-data/poseidon/workflows/casa-wind-workflow-full/submit/poseidon/pegasus/casa-wind-full/run0418/00/01/post_vel_ID0000098.meta,/mnt/poseidon-data/poseidon/workflows/casa-wind-workflow-full/submit/poseidon/pegasus/casa-wind-full/run0418/00/02/post_vel_ID0000048.meta,/mnt/poseidon-data/poseidon/workflows/casa-wind-workflow-full/submit/poseidon/pegasus/casa-wind-full/run0418/00/01/mvt_ID0000009.meta,/mnt/poseidon-data/poseidon/workflows/casa-wind-workflow-full/submit/poseidon/pegasus/casa-wind-full/run0418/00/01/post_vel_ID0000018.meta,/mnt/poseidon-data/poseidon/workflows/casa-wind-workflow-full/submit/poseidon/pegasus/casa-wind-full/run0418/00/01/mvt_ID0000089.meta,/mnt/poseidon-data/poseidon/workflows/casa-wind-workflow-full/submit/poseidon/pegasus/casa-wind-full/run0418/00/02/mvt_ID0000074.meta,/mnt/poseidon-data/poseidon/workflows/casa-wind-workflow-full/submit/poseidon/pegasus/casa-wind-full/run0418/00/02/post_vel_ID0000038.meta --insert /mnt/poseidon-data/poseidon/workflows/casa-wind-workflow-full/submit/poseidon/pegasus/casa-wind-full/run0418/00/02/register_condorpool_2_3.in",2.6,0,0,,,,,,,,,
stage_out_local_condorpool_3_2,None,transfer,0,1694479783.0,,,1694479788.0,,,0.0,1694479788.0,1694479793.0,,,0.0,1694479793.0,1694479798.0,5.0,,0.0,5.0,5.0,,,,,poseidon,local,poseidon-submit,pegasus::transfer,/mnt/poseidon-data/poseidon/pegasus-5.1.0panorama/bin/pegasus-transfer,/home/poseidon/pegasus-5.1.0panorama/bin/../bin/pegasus-kickstart  -n pegasus::transfer -N null -i - -R local  -L casa-wind-full -T 2023-09-08T07:29:05+00:00 /home/poseidon/pegasus-5.1.0panorama/bin/../bin/pegasus-transfer  --threads 2,0.8,0,0,,,,,,,,,
stage_out_local_condorpool_3_1,None,transfer,0,1694479793.0,,,1694479798.0,,,0.0,1694479799.0,1694479803.0,,,0.0,1694479803.0,1694479808.0,5.0,,1.0,4.0,5.0,,,,,poseidon,local,poseidon-submit,pegasus::transfer,/mnt/poseidon-data/poseidon/pegasus-5.1.0panorama/bin/pegasus-transfer,/home/poseidon/pegasus-5.1.0panorama/bin/../bin/pegasus-kickstart  -n pegasus::transfer -N null -i - -R local  -L casa-wind-full -T 2023-09-08T07:29:05+00:00 /home/poseidon/pegasus-5.1.0panorama/bin/../bin/pegasus-transfer  --threads 2,0.9,0,0,,,,,,,,,
register_condorpool_3_2,None,auxiliary,0,1694479798.0,,,1694479803.0,,,0.0,1694479804.0,1694479808.0,,,0.0,1694479808.0,1694479813.0,5.0,,1.0,4.0,5.0,,,,,poseidon,local,poseidon-submit,pegasus::rc-client,/mnt/poseidon-data/poseidon/pegasus-5.1.0panorama/bin/pegasus-rc-client,"-n pegasus::rc-client -N null -R local  -L casa-wind-full -T 2023-09-08T07:29:05+00:00 /home/poseidon/pegasus-5.1.0panorama/bin/pegasus-rc-client --prefix pegasus.catalog.replica.output --conf /mnt/poseidon-data/poseidon/workflows/casa-wind-workflow-full/submit/poseidon/pegasus/casa-wind-full/run0418/pegasus.1864035898903448841.properties -v --meta /mnt/poseidon-data/poseidon/workflows/casa-wind-workflow-full/submit/poseidon/pegasus/casa-wind-full/run0418/00/03/point_alert_ID0000110.meta,/mnt/poseidon-data/poseidon/workflows/casa-wind-workflow-full/submit/poseidon/pegasus/casa-wind-full/run0418/00/03/point_alert_ID0000055.meta,/mnt/poseidon-data/poseidon/workflows/casa-wind-workflow-full/submit/poseidon/pegasus/casa-wind-full/run0418/00/02/point_alert_ID0000115.meta,/mnt/poseidon-data/poseidon/workflows/casa-wind-workflow-full/submit/poseidon/pegasus/casa-wind-full/run0418/00/02/point_alert_ID0000120.meta,/mnt/poseidon-data/poseidon/workflows/casa-wind-workflow-full/submit/poseidon/pegasus/casa-wind-full/run0418/00/02/point_alert_ID0000035.meta,/mnt/poseidon-data/poseidon/workflows/casa-wind-workflow-full/submit/poseidon/pegasus/casa-wind-full/run0418/00/02/point_alert_ID0000015.meta,/mnt/poseidon-data/poseidon/workflows/casa-wind-workflow-full/submit/poseidon/pegasus/casa-wind-full/run0418/00/02/point_alert_ID0000065.meta,/mnt/poseidon-data/poseidon/workflows/casa-wind-workflow-full/submit/poseidon/pegasus/casa-wind-full/run0418/00/02/point_alert_ID0000005.meta --insert /mnt/poseidon-data/poseidon/workflows/casa-wind-workflow-full/submit/poseidon/pegasus/casa-wind-full/run0418/00/03/register_condorpool_3_2.in",2.6,0,0,,,,,,,,,
cleanup_casa-wind-full_0_condorpool,None,auxiliary,0,1694479808.0,,,1694479813.0,,,0.0,1694479813.0,1694479818.0,,,0.0,1694479818.0,1694479823.0,5.0,,0.0,5.0,5.0,,,,,poseidon,local,poseidon-submit,pegasus::cleanup,/mnt/poseidon-data/poseidon/pegasus-5.1.0panorama/bin/pegasus-transfer,pegasus-kickstart  -n pegasus::cleanup -N null -i - -R local  -L casa-wind-full -T 2023-09-08T07:29:05+00:00 pegasus-transfer,0.2,0,0,,,,,,,,,
register_condorpool_3_1,None,auxiliary,0,1694479808.0,,,1694479813.0,,,0.0,1694479813.0,1694479818.0,,,0.0,1694479818.0,1694479823.0,5.0,,0.0,5.0,5.0,,,,,poseidon,local,poseidon-submit,pegasus::rc-client,/mnt/poseidon-data/poseidon/pegasus-5.1.0panorama/bin/pegasus-rc-client,"-n pegasus::rc-client -N null -R local  -L casa-wind-full -T 2023-09-08T07:29:05+00:00 /home/poseidon/pegasus-5.1.0panorama/bin/pegasus-rc-client --prefix pegasus.catalog.replica.output --conf /mnt/poseidon-data/poseidon/workflows/casa-wind-workflow-full/submit/poseidon/pegasus/casa-wind-full/run0418/pegasus.1864035898903448841.properties -v --meta /mnt/poseidon-data/poseidon/workflows/casa-wind-workflow-full/submit/poseidon/pegasus/casa-wind-full/run0418/00/02/point_alert_ID0000010.meta,/mnt/poseidon-data/poseidon/workflows/casa-wind-workflow-full/submit/poseidon/pegasus/casa-wind-full/run0418/00/02/point_alert_ID0000090.meta,/mnt/poseidon-data/poseidon/workflows/casa-wind-workflow-full/submit/poseidon/pegasus/casa-wind-full/run0418/00/02/point_alert_ID0000085.meta,/mnt/poseidon-data/poseidon/workflows/casa-wind-workflow-full/submit/poseidon/pegasus/casa-wind-full/run0418/00/02/point_alert_ID0000075.meta,/mnt/poseidon-data/poseidon/workflows/casa-wind-workflow-full/submit/poseidon/pegasus/casa-wind-full/run0418/00/02/point_alert_ID0000100.meta,/mnt/poseidon-data/poseidon/workflows/casa-wind-workflow-full/submit/poseidon/pegasus/casa-wind-full/run0418/00/03/point_alert_ID0000040.meta,/mnt/poseidon-data/poseidon/workflows/casa-wind-workflow-full/submit/poseidon/pegasus/casa-wind-full/run0418/00/02/point_alert_ID0000020.meta,/mnt/poseidon-data/poseidon/workflows/casa-wind-workflow-full/submit/poseidon/pegasus/casa-wind-full/run0418/00/03/point_alert_ID0000050.meta,/mnt/poseidon-data/poseidon/workflows/casa-wind-workflow-full/submit/poseidon/pegasus/casa-wind-full/run0418/00/03/point_alert_ID0000105.meta --insert /mnt/poseidon-data/poseidon/workflows/casa-wind-workflow-full/submit/poseidon/pegasus/casa-wind-full/run0418/00/03/register_condorpool_3_1.in",2.7,0,0,,,,,,,,,
