,anomaly_type,type,is_clustered,ready,pre_script_start,pre_script_end,submit,stage_in_start,stage_in_end,stage_in_effective_bytes_per_sec,execute_start,execute_end,stage_out_start,stage_out_end,stage_out_effective_bytes_per_sec,post_script_start,post_script_end,wms_delay,pre_script_delay,queue_delay,runtime,post_script_delay,stage_in_delay,stage_in_bytes,stage_out_delay,stage_out_bytes,kickstart_user,kickstart_site,kickstart_hostname,kickstart_transformations,kickstart_executables,kickstart_executables_argv,kickstart_executables_cpu_time,kickstart_status,kickstart_executables_exitcode,kickstart_online_iowait,kickstart_online_bytes_read,kickstart_online_bytes_written,kickstart_online_read_system_calls,kickstart_online_write_system_calls,kickstart_online_utime,kickstart_online_stime,kickstart_online_bytes_read_per_second,kickstart_online_bytes_written_per_second
create_dir_casa-wind-full_0_condorpool,None,auxiliary,0,1694450134.0,,,1694450135.0,,,0.0,1694450139.0,1694450145.0,,,0.0,1694450145.0,1694450150.0,1.0,,4.0,6.0,5.0,,,,,poseidon,local,poseidon-submit,pegasus::dirmanager,/mnt/poseidon-data/poseidon/pegasus-5.1.0panorama/bin/pegasus-transfer,pegasus-kickstart  -n pegasus::dirmanager -N null -i - -R local  -L casa-wind-full -T 2023-09-08T07:29:05+00:00 pegasus-transfer,0.2,0,0,,,,,,,,,
unzip_ID0000006,None,compute,0,1694450150.0,,,1694450156.0,1694450171.0,1694450180.0,24095891.0,1694450169.0,1694450226.0,1694450194.0,1694450217.0,21713679.0,1694450226.0,1694450231.0,6.0,,13.0,57.0,5.0,9.0,222753803.0,23.0,501616588.0,poseidon,condorpool,poseidon-worker-2-container-28-31,unzip,/usr/bin/gunzip,,3.8,0,0,,,,,,,,,
unzip_ID0000106,None,compute,0,1694450150.0,,,1694450156.0,1694450170.0,1694450179.0,26822802.0,1694450168.0,1694450226.0,1694450193.0,1694450217.0,20888492.0,1694450226.0,1694450231.0,6.0,,12.0,58.0,5.0,9.0,241199298.0,24.0,501821816.0,poseidon,condorpool,poseidon-worker-2-container-40-43,unzip,/usr/bin/gunzip,,4.1,0,0,,,,,,,,,
unzip_ID0000046,None,compute,0,1694450150.0,,,1694450156.0,1694450167.0,1694450174.0,35656531.0,1694450165.0,1694450201.0,1694450186.0,1694450195.0,60053181.0,1694450201.0,1694450206.0,6.0,,9.0,36.0,5.0,7.0,229692821.0,9.0,523855228.0,poseidon,condorpool,poseidon-worker-2-container-4-7,unzip,/usr/bin/gunzip,,4.0,0,0,,,,,,,,,
unzip_ID0000101,None,compute,0,1694450150.0,,,1694450156.0,1694450168.0,1694450175.0,35351026.0,1694450166.0,1694450221.0,1694450188.0,1694450210.0,25504937.0,1694450221.0,1694450226.0,6.0,,10.0,55.0,5.0,7.0,250988249.0,22.0,561551644.0,poseidon,condorpool,poseidon-worker-2-container-8-11,unzip,/usr/bin/gunzip,,4.3,0,0,,,,,,,,,
unzip_ID0000026,None,compute,0,1694450150.0,,,1694450156.0,1694450168.0,1694450176.0,28061546.0,1694450166.0,1694450211.0,1694450189.0,1694450203.0,36761609.0,1694450211.0,1694450216.0,6.0,,10.0,45.0,5.0,8.0,227963832.0,14.0,523917888.0,poseidon,condorpool,poseidon-worker-1-container-8-11,unzip,/usr/bin/gunzip,,4.0,0,0,,,,,,,,,
unzip_ID0000126,None,compute,0,1694450150.0,,,1694450155.0,1694450168.0,1694450178.0,26129846.0,1694450167.0,1694450221.0,1694450192.0,1694450215.0,22585022.0,1694450221.0,1694450226.0,5.0,,12.0,54.0,5.0,10.0,249343892.0,23.0,520618424.0,poseidon,condorpool,poseidon-worker-2-container-12-15,unzip,/usr/bin/gunzip,,4.2,0,0,,,,,,,,,
unzip_ID0000031,None,compute,0,1694450150.0,,,1694450155.0,1694450168.0,1694450177.0,26424993.0,1694450166.0,1694450221.0,1694450190.0,1694450210.0,27112549.0,1694450221.0,1694450226.0,5.0,,11.0,55.0,5.0,9.0,237517035.0,20.0,539438752.0,poseidon,condorpool,poseidon-worker-2-container-20-23,unzip,/usr/bin/gunzip,,4.1,0,0,,,,,,,,,
unzip_ID0000011,None,compute,0,1694450150.0,,,1694450155.0,1694450168.0,1694450176.0,29471353.0,1694450166.0,1694450226.0,1694450190.0,1694450219.0,19510480.0,1694450226.0,1694450231.0,5.0,,11.0,60.0,5.0,8.0,235998389.0,29.0,565205920.0,poseidon,condorpool,poseidon-worker-2-container-16-19,unzip,/usr/bin/gunzip,,4.2,0,0,,,,,,,,,
unzip_ID0000056,None,compute,0,1694450150.0,,,1694450155.0,1694450167.0,1694450176.0,24844033.0,1694450165.0,1694450206.0,1694450188.0,1694450199.0,47294231.0,1694450206.0,1694450211.0,5.0,,10.0,41.0,5.0,9.0,232139969.0,11.0,528026776.0,poseidon,condorpool,poseidon-worker-1-container-4-7,unzip,/usr/bin/gunzip,,4.1,0,0,,,,,,,,,
unzip_ID0000111,None,compute,0,1694450150.0,,,1694450155.0,1694450167.0,1694450175.0,33145246.0,1694450165.0,1694450206.0,1694450187.0,1694450199.0,47359356.0,1694450206.0,1694450211.0,5.0,,10.0,41.0,5.0,8.0,256320311.0,12.0,567950764.0,poseidon,condorpool,poseidon-worker-1-container-0-3,unzip,/usr/bin/gunzip,,4.3,0,0,,,,,,,,,
unzip_ID0000071,None,compute,0,1694450150.0,,,1694450155.0,1694450168.0,1694450177.0,25715147.0,1694450166.0,1694450216.0,1694450190.0,1694450209.0,28660188.0,1694450216.0,1694450221.0,5.0,,11.0,50.0,5.0,9.0,240896692.0,19.0,539506600.0,poseidon,condorpool,poseidon-worker-1-container-16-19,unzip,/usr/bin/gunzip,,4.0,0,0,,,,,,,,,
unzip_ID0000051,None,compute,0,1694450150.0,,,1694450155.0,1694450168.0,1694450176.0,29111600.0,1694450166.0,1694450221.0,1694450189.0,1694450215.0,20639687.0,1694450221.0,1694450226.0,5.0,,11.0,55.0,5.0,8.0,239630266.0,26.0,544301296.0,poseidon,condorpool,poseidon-worker-1-container-12-15,unzip,/usr/bin/gunzip,,4.2,0,0,,,,,,,,,
unzip_ID0000076,None,compute,0,1694450150.0,,,1694450155.0,1694450167.0,1694450176.0,26882002.0,1694450165.0,1694450216.0,1694450190.0,1694450207.0,30184812.0,1694450216.0,1694450221.0,5.0,,10.0,51.0,5.0,9.0,233747923.0,17.0,523942844.0,poseidon,condorpool,poseidon-worker-2-container-24-27,unzip,/usr/bin/gunzip,,4.0,0,0,,,,,,,,,
unzip_ID0000091,None,compute,0,1694450150.0,,,1694450155.0,1694450167.0,1694450174.0,35574749.0,1694450165.0,1694450206.0,1694450186.0,1694450195.0,56930099.0,1694450206.0,1694450211.0,5.0,,10.0,41.0,5.0,7.0,246447087.0,9.0,539109992.0,poseidon,condorpool,poseidon-worker-1-container-40-43,unzip,/usr/bin/gunzip,,4.0,0,0,,,,,,,,,
unzip_ID0000096,None,compute,0,1694450150.0,,,1694450155.0,1694450167.0,1694450177.0,25701687.0,1694450165.0,1694450216.0,1694450190.0,1694450208.0,30079636.0,1694450216.0,1694450221.0,5.0,,10.0,51.0,5.0,10.0,240753402.0,18.0,524013876.0,poseidon,condorpool,poseidon-worker-2-container-28-31,unzip,/usr/bin/gunzip,,4.2,0,0,,,,,,,,,
unzip_ID0000041,None,compute,0,1694450150.0,,,1694450155.0,1694450167.0,1694450176.0,25478430.0,1694450165.0,1694450206.0,1694450189.0,1694450199.0,50503957.0,1694450206.0,1694450211.0,5.0,,10.0,41.0,5.0,9.0,238944758.0,10.0,540768928.0,poseidon,condorpool,poseidon-worker-1-container-44-47,unzip,/usr/bin/gunzip,,4.1,0,0,,,,,,,,,
unzip_ID0000061,None,compute,0,1694450150.0,,,1694450155.0,1694450168.0,1694450179.0,20748763.0,1694450166.0,1694450221.0,1694450193.0,1694450216.0,23492520.0,1694450221.0,1694450226.0,5.0,,11.0,55.0,5.0,11.0,240463185.0,23.0,541945820.0,poseidon,condorpool,poseidon-worker-2-container-32-35,unzip,/usr/bin/gunzip,,4.2,0,0,,,,,,,,,
unzip_ID0000001,cpu_3,compute,0,1694450150.0,,,1694450155.0,1694450168.0,1694450176.0,28887784.0,1694450166.0,1694450226.0,1694450190.0,1694450217.0,20492287.0,1694450226.0,1694450231.0,5.0,,11.0,60.0,5.0,8.0,232473216.0,27.0,561354992.0,poseidon,condorpool,poseidon-worker-2-container-0-3,unzip,/usr/bin/gunzip,,4.1,0,0,,,,,,,,,
unzip_ID0000121,cpu_3,compute,0,1694450150.0,,,1694450155.0,1694450167.0,1694450176.0,29621355.0,1694450165.0,1694450216.0,1694450189.0,1694450208.0,28543947.0,1694450216.0,1694450221.0,5.0,,10.0,51.0,5.0,9.0,250860096.0,19.0,550782944.0,poseidon,condorpool,poseidon-worker-1-container-32-35,unzip,/usr/bin/gunzip,,4.3,0,0,,,,,,,,,
unzip_ID0000066,None,compute,0,1694450150.0,,,1694450155.0,1694450167.0,1694450176.0,25915324.0,1694450165.0,1694450206.0,1694450189.0,1694450199.0,49621166.0,1694450206.0,1694450211.0,5.0,,10.0,41.0,5.0,9.0,232031705.0,10.0,523661496.0,poseidon,condorpool,poseidon-worker-1-container-28-31,unzip,/usr/bin/gunzip,,4.1,0,0,,,,,,,,,
unzip_ID0000081,None,compute,0,1694450150.0,,,1694450155.0,1694450167.0,1694450178.0,23214132.0,1694450165.0,1694450226.0,1694450191.0,1694450216.0,21997692.0,1694450226.0,1694450231.0,5.0,,10.0,61.0,5.0,11.0,245619741.0,25.0,543190672.0,poseidon,condorpool,poseidon-worker-2-container-40-43,unzip,/usr/bin/gunzip,,4.3,0,0,,,,,,,,,
unzip_ID0000086,None,compute,0,1694450150.0,,,1694450155.0,1694450167.0,1694450175.0,26791677.0,1694450165.0,1694450216.0,1694450190.0,1694450208.0,28252667.0,1694450216.0,1694450221.0,5.0,,10.0,51.0,5.0,8.0,234836668.0,18.0,518838800.0,poseidon,condorpool,poseidon-worker-2-container-44-47,unzip,/usr/bin/gunzip,,4.0,0,0,,,,,,,,,
unzip_ID0000016,None,compute,0,1694450150.0,,,1694450155.0,1694450167.0,1694450175.0,28529518.0,1694450165.0,1694450206.0,1694450187.0,1694450196.0,56710455.0,1694450206.0,1694450211.0,5.0,,10.0,41.0,5.0,8.0,225238888.0,9.0,523826084.0,poseidon,condorpool,poseidon-worker-1-container-24-27,unzip,/usr/bin/gunzip,,4.0,0,0,,,,,,,,,
unzip_ID0000036,None,compute,0,1694450150.0,,,1694450155.0,1694450167.0,1694450174.0,31466488.0,1694450165.0,1694450206.0,1694450187.0,1694450196.0,57328211.0,1694450206.0,1694450211.0,5.0,,10.0,41.0,5.0,7.0,232020704.0,9.0,526952240.0,poseidon,condorpool,poseidon-worker-1-container-20-23,unzip,/usr/bin/gunzip,,4.0,0,0,,,,,,,,,
unzip_ID0000116,None,compute,0,1694450150.0,,,1694450155.0,1694450167.0,1694450176.0,26731271.0,1694450165.0,1694450206.0,1694450189.0,1694450198.0,55298990.0,1694450206.0,1694450211.0,5.0,,10.0,41.0,5.0,9.0,249255741.0,9.0,520850676.0,poseidon,condorpool,poseidon-worker-1-container-36-39,unzip,/usr/bin/gunzip,,4.2,0,0,,,,,,,,,
unzip_ID0000021,None,compute,0,1694450150.0,,,1694450155.0,1694450167.0,1694450179.0,20287591.0,1694450165.0,1694450226.0,1694450193.0,1694450216.0,22850654.0,1694450226.0,1694450231.0,5.0,,10.0,61.0,5.0,12.0,235136662.0,23.0,539178100.0,poseidon,condorpool,poseidon-worker-2-container-36-39,unzip,/usr/bin/gunzip,,4.1,0,0,,,,,,,,,
um_vel_ID0000047,None,compute,0,1694450206.0,,,1694450211.0,1694450214.0,1694450234.0,47883182.5,1694450212.0,1694450256.0,1694450243.0,1694450246.0,169897.0,1694450256.0,1694450261.0,5.0,,1.0,44.0,5.0,20.0,700441980.0,3.0,556900.0,poseidon,condorpool,poseidon-worker-1-container-0-3,um_vel,/opt/UM_VEL/UM_VEL,,1.7,0,0,,,,,,,,,
um_vel_ID0000117,None,compute,0,1694450211.0,,,1694450216.0,1694450218.0,1694450238.0,51045493.2,1694450217.0,1694450256.0,1694450247.0,1694450250.0,168769.0,1694450256.0,1694450261.0,5.0,,1.0,39.0,5.0,20.0,697437428.0,3.0,556900.0,poseidon,condorpool,poseidon-worker-2-container-24-27,um_vel,/opt/UM_VEL/UM_VEL,,1.7,0,0,,,,,,,,,
um_vel_ID0000037,None,compute,0,1694450211.0,,,1694450216.0,1694450219.0,1694450238.0,52072286.2,1694450217.0,1694450256.0,1694450246.0,1694450249.0,173865.0,1694450256.0,1694450261.0,5.0,,1.0,39.0,5.0,19.0,703538992.0,3.0,556900.0,poseidon,condorpool,poseidon-worker-1-container-28-31,um_vel,/opt/UM_VEL/UM_VEL,,1.7,0,0,,,,,,,,,
um_vel_ID0000017,None,compute,0,1694450211.0,,,1694450216.0,1694450219.0,1694450236.0,59827547.7,1694450217.0,1694450256.0,1694450245.0,1694450248.0,170184.0,1694450256.0,1694450261.0,5.0,,1.0,39.0,5.0,17.0,700412836.0,3.0,556900.0,poseidon,condorpool,poseidon-worker-1-container-16-19,um_vel,/opt/UM_VEL/UM_VEL,,1.7,0,0,,,,,,,,,
um_vel_ID0000112,None,compute,0,1694450211.0,,,1694450216.0,1694450219.0,1694450239.0,51241486.5,1694450217.0,1694450261.0,1694450248.0,1694450252.0,168333.0,1694450261.0,1694450266.0,5.0,,1.0,44.0,5.0,20.0,744537516.0,4.0,556900.0,poseidon,condorpool,poseidon-worker-2-container-4-7,um_vel,/opt/UM_VEL/UM_VEL,,1.8,0,0,,,,,,,,,
um_vel_ID0000092,None,compute,0,1694450211.0,,,1694450216.0,1694450219.0,1694450238.0,50532155.5,1694450217.0,1694450256.0,1694450247.0,1694450250.0,171277.0,1694450256.0,1694450261.0,5.0,,1.0,39.0,5.0,19.0,715696744.0,3.0,556900.0,poseidon,condorpool,poseidon-worker-1-container-24-27,um_vel,/opt/UM_VEL/UM_VEL,,1.7,0,0,,,,,,,,,
um_vel_ID0000057,cpu_3,compute,0,1694450211.0,,,1694450216.0,1694450219.0,1694450238.0,51889527.2,1694450217.0,1694450256.0,1694450246.0,1694450249.0,169121.0,1694450256.0,1694450261.0,5.0,,1.0,39.0,5.0,19.0,704613528.0,3.0,556900.0,poseidon,condorpool,poseidon-worker-1-container-32-35,um_vel,/opt/UM_VEL/UM_VEL,,1.7,0,0,,,,,,,,,
um_vel_ID0000042,None,compute,0,1694450211.0,,,1694450216.0,1694450219.0,1694450239.0,47351814.3,1694450217.0,1694450261.0,1694450248.0,1694450251.0,175067.0,1694450261.0,1694450266.0,5.0,,1.0,44.0,5.0,20.0,717355680.0,3.0,556900.0,poseidon,condorpool,poseidon-worker-1-container-44-47,um_vel,/opt/UM_VEL/UM_VEL,,1.7,0,0,,,,,,,,,
um_vel_ID0000067,None,compute,0,1694450211.0,,,1694450216.0,1694450219.0,1694450236.0,58214983.0,1694450217.0,1694450256.0,1694450245.0,1694450248.0,174113.0,1694450256.0,1694450261.0,5.0,,1.0,39.0,5.0,17.0,700248248.0,3.0,556900.0,poseidon,condorpool,poseidon-worker-1-container-40-43,um_vel,/opt/UM_VEL/UM_VEL,,1.7,0,0,,,,,,,,,
um_vel_ID0000027,None,compute,0,1694450216.0,,,1694450221.0,1694450223.0,1694450242.0,56138566.5,1694450222.0,1694450261.0,1694450251.0,1694450254.0,176934.0,1694450261.0,1694450266.0,5.0,,1.0,39.0,5.0,19.0,700504640.0,3.0,556900.0,poseidon,condorpool,poseidon-worker-2-container-32-35,um_vel,/opt/UM_VEL/UM_VEL,,1.8,0,0,,,,,,,,,
um_vel_ID0000097,None,compute,0,1694450221.0,,,1694450226.0,1694450229.0,1694450250.0,48834518.5,1694450228.0,1694450271.0,1694450260.0,1694450263.0,171531.0,1694450271.0,1694450276.0,5.0,,2.0,43.0,5.0,21.0,700600628.0,3.0,556900.0,poseidon,condorpool,poseidon-worker-2-container-40-43,um_vel,/opt/UM_VEL/UM_VEL,,1.7,0,0,,,,,,,,,
um_vel_ID0000077,None,compute,0,1694450221.0,,,1694450226.0,1694450229.0,1694450248.0,53173190.0,1694450228.0,1694450266.0,1694450257.0,1694450260.0,177562.0,1694450266.0,1694450271.0,5.0,,2.0,38.0,5.0,19.0,700529596.0,3.0,556900.0,poseidon,condorpool,poseidon-worker-2-container-12-15,um_vel,/opt/UM_VEL/UM_VEL,,1.8,0,0,,,,,,,,,
um_vel_ID0000072,None,compute,0,1694450221.0,,,1694450226.0,1694450229.0,1694450250.0,48990232.5,1694450228.0,1694450271.0,1694450261.0,1694450264.0,173100.0,1694450271.0,1694450276.0,5.0,,2.0,43.0,5.0,21.0,716093352.0,3.0,556900.0,poseidon,condorpool,poseidon-worker-2-container-28-31,um_vel,/opt/UM_VEL/UM_VEL,,1.7,0,0,,,,,,,,,
um_vel_ID0000087,None,compute,0,1694450221.0,,,1694450226.0,1694450229.0,1694450250.0,46031876.3,1694450228.0,1694450271.0,1694450261.0,1694450264.0,173283.0,1694450271.0,1694450276.0,5.0,,2.0,43.0,5.0,21.0,695425552.0,3.0,556900.0,poseidon,condorpool,poseidon-worker-2-container-36-39,um_vel,/opt/UM_VEL/UM_VEL,,1.7,0,0,,,,,,,,,
um_vel_ID0000122,None,compute,0,1694450221.0,,,1694450226.0,1694450229.0,1694450250.0,48334974.4,1694450228.0,1694450271.0,1694450261.0,1694450264.0,174010.0,1694450271.0,1694450276.0,5.0,,2.0,43.0,5.0,21.0,727369696.0,3.0,556900.0,poseidon,condorpool,poseidon-worker-2-container-16-19,um_vel,/opt/UM_VEL/UM_VEL,,1.7,0,0,,,,,,,,,
um_vel_ID0000052,None,compute,0,1694450226.0,,,1694450231.0,1694450234.0,1694450254.0,50868928.2,1694450232.0,1694450271.0,1694450262.0,1694450265.0,176401.0,1694450271.0,1694450276.0,5.0,,1.0,39.0,5.0,20.0,720888048.0,3.0,556900.0,poseidon,condorpool,poseidon-worker-1-container-12-15,um_vel,/opt/UM_VEL/UM_VEL,,1.6,0,0,,,,,,,,,
um_vel_ID0000032,None,compute,0,1694450226.0,,,1694450231.0,1694450234.0,1694450256.0,43923189.4,1694450232.0,1694450276.0,1694450264.0,1694450267.0,178351.0,1694450276.0,1694450281.0,5.0,,1.0,44.0,5.0,22.0,716025504.0,3.0,556900.0,poseidon,condorpool,poseidon-worker-2-container-44-47,um_vel,/opt/UM_VEL/UM_VEL,,1.7,0,0,,,,,,,,,
um_vel_ID0000127,None,compute,0,1694450226.0,,,1694450231.0,1694450234.0,1694450253.0,51230080.5,1694450232.0,1694450271.0,1694450261.0,1694450265.0,174834.0,1694450271.0,1694450276.0,5.0,,1.0,39.0,5.0,19.0,697205176.0,4.0,556900.0,poseidon,condorpool,poseidon-worker-1-container-8-11,um_vel,/opt/UM_VEL/UM_VEL,,1.6,0,0,,,,,,,,,
um_vel_ID0000062,None,compute,0,1694450226.0,,,1694450231.0,1694450234.0,1694450255.0,49185090.7,1694450232.0,1694450276.0,1694450264.0,1694450267.0,178695.0,1694450276.0,1694450281.0,5.0,,1.0,44.0,5.0,21.0,718532572.0,3.0,556900.0,poseidon,condorpool,poseidon-worker-2-container-20-23,um_vel,/opt/UM_VEL/UM_VEL,,1.7,0,0,,,,,,,,,
um_vel_ID0000102,cpu_3,compute,0,1694450226.0,,,1694450231.0,1694450234.0,1694450255.0,48467146.9,1694450232.0,1694450276.0,1694450264.0,1694450267.0,178552.0,1694450276.0,1694450281.0,5.0,,1.0,44.0,5.0,21.0,738138396.0,3.0,556900.0,poseidon,condorpool,poseidon-worker-2-container-0-3,um_vel,/opt/UM_VEL/UM_VEL,,1.7,0,0,,,,,,,,,
um_vel_ID0000007,None,compute,0,1694450231.0,,,1694450236.0,1694450239.0,1694450258.0,51043766.1,1694450237.0,1694450276.0,1694450266.0,1694450270.0,179005.0,1694450276.0,1694450281.0,5.0,,1.0,39.0,5.0,19.0,678203340.0,4.0,556900.0,poseidon,condorpool,poseidon-worker-2-container-8-11,um_vel,/opt/UM_VEL/UM_VEL,,1.6,0,0,,,,,,,,,
stage_out_local_condorpool_0_2,None,transfer,0,1694450231.0,,,1694450236.0,,,0.0,1694450237.0,1694450271.0,,,0.0,1694450271.0,1694450276.0,5.0,,1.0,34.0,5.0,,,,,poseidon,local,poseidon-submit,pegasus::transfer,/mnt/poseidon-data/poseidon/pegasus-5.1.0panorama/bin/pegasus-transfer,/home/poseidon/pegasus-5.1.0panorama/bin/../bin/pegasus-kickstart  -n pegasus::transfer -N null -i - -R local  -L casa-wind-full -T 2023-09-08T07:29:05+00:00 /home/poseidon/pegasus-5.1.0panorama/bin/../bin/pegasus-transfer  --threads 2,36.6,0,0,,,,,,,,,
stage_out_local_condorpool_0_0,None,transfer,0,1694450231.0,,,1694450236.0,,,0.0,1694450237.0,1694450271.0,,,0.0,1694450271.0,1694450276.0,5.0,,1.0,34.0,5.0,,,,,poseidon,local,poseidon-submit,pegasus::transfer,/mnt/poseidon-data/poseidon/pegasus-5.1.0panorama/bin/pegasus-transfer,/home/poseidon/pegasus-5.1.0panorama/bin/../bin/pegasus-kickstart  -n pegasus::transfer -N null -i - -R local  -L casa-wind-full -T 2023-09-08T07:29:05+00:00 /home/poseidon/pegasus-5.1.0panorama/bin/../bin/pegasus-transfer  --threads 2,37.1,0,0,,,,,,,,,
um_vel_ID0000107,None,compute,0,1694450231.0,,,1694450236.0,1694450239.0,1694450260.0,43905283.4,1694450237.0,1694450281.0,1694450268.0,1694450271.0,176674.0,1694450281.0,1694450286.0,5.0,,1.0,44.0,5.0,21.0,678408568.0,3.0,556900.0,poseidon,condorpool,poseidon-worker-2-container-40-43,um_vel,/opt/UM_VEL/UM_VEL,,1.6,0,0,,,,,,,,,
stage_out_local_condorpool_0_1,None,transfer,0,1694450231.0,,,1694450236.0,,,0.0,1694450237.0,1694450271.0,,,0.0,1694450271.0,1694450276.0,5.0,,1.0,34.0,5.0,,,,,poseidon,local,poseidon-submit,pegasus::transfer,/mnt/poseidon-data/poseidon/pegasus-5.1.0panorama/bin/pegasus-transfer,/home/poseidon/pegasus-5.1.0panorama/bin/../bin/pegasus-kickstart  -n pegasus::transfer -N null -i - -R local  -L casa-wind-full -T 2023-09-08T07:29:05+00:00 /home/poseidon/pegasus-5.1.0panorama/bin/../bin/pegasus-transfer  --threads 2,35.7,0,0,,,,,,,,,
um_vel_ID0000002,None,compute,0,1694450231.0,,,1694450236.0,1694450255.0,1694450276.0,48588089.4,1694450252.0,1694450297.0,1694450285.0,1694450288.0,178973.0,1694450297.0,1694450302.0,5.0,,16.0,45.0,5.0,21.0,737941744.0,3.0,556900.0,poseidon,condorpool,poseidon-worker-2-container-28-31,um_vel,/opt/UM_VEL/UM_VEL,,1.8,0,0,,,,,,,,,
um_vel_ID0000012,None,compute,0,1694450231.0,,,1694450236.0,1694450255.0,1694450274.0,55098952.0,1694450252.0,1694450292.0,1694450282.0,1694450286.0,176375.0,1694450292.0,1694450297.0,5.0,,16.0,40.0,5.0,19.0,741792672.0,4.0,556900.0,poseidon,condorpool,poseidon-worker-1-container-44-47,um_vel,/opt/UM_VEL/UM_VEL,,1.7,0,0,,,,,,,,,
um_vel_ID0000022,None,compute,0,1694450231.0,,,1694450236.0,1694450255.0,1694450275.0,49400623.1,1694450252.0,1694450297.0,1694450284.0,1694450287.0,179996.0,1694450297.0,1694450302.0,5.0,,16.0,45.0,5.0,20.0,715764852.0,3.0,556900.0,poseidon,condorpool,poseidon-worker-2-container-40-43,um_vel,/opt/UM_VEL/UM_VEL,,1.8,0,0,,,,,,,,,
um_vel_ID0000082,None,compute,0,1694450231.0,,,1694450236.0,1694450239.0,1694450260.0,46653461.0,1694450237.0,1694450281.0,1694450268.0,1694450272.0,162132.0,1694450281.0,1694450286.0,5.0,,1.0,44.0,5.0,21.0,719777424.0,4.0,556900.0,poseidon,condorpool,poseidon-worker-2-container-28-31,um_vel,/opt/UM_VEL/UM_VEL,,1.7,0,0,,,,,,,,,
mvt_ID0000059,None,compute,0,1694450261.0,,,1694450266.0,1694450269.0,1694450280.0,33185705.0,1694450268.0,1694450337.0,1694450326.0,1694450329.0,9263.0,1694450337.0,1694450342.0,5.0,,2.0,69.0,5.0,11.0,177143652.0,3.0,28164.0,poseidon,condorpool,poseidon-worker-2-container-24-27,mvt,/opt/mvt/mvt,,39.8,0,0,0.0,789145.0,12288.0,422.0,3.0,29.9,0.1,26304.8,1228.8
mvt_ID0000094,None,compute,0,1694450261.0,,,1694450266.0,1694450272.0,1694450283.0,34657386.6,1694450270.0,1694450342.0,1694450329.0,1694450332.0,17249.0,1694450342.0,1694450347.0,5.0,,4.0,72.0,5.0,11.0,177143652.0,3.0,52407.0,poseidon,condorpool,poseidon-worker-2-container-36-39,mvt,/opt/mvt/mvt,,40.7,0,0,0.0,792931.0,28672.0,437.0,7.0,39.8,0.2,19823.3,1433.6
post_vel_ID0000093,None,compute,0,1694450261.0,,,1694450266.0,1694450272.0,1694450283.0,29818549.0,1694450270.0,1694450302.0,1694450289.0,1694450292.0,4389.0,1694450302.0,1694450307.0,5.0,,4.0,32.0,5.0,11.0,177143937.0,3.0,13303.0,poseidon,condorpool,poseidon-worker-2-container-16-19,post_vel,/opt/netcdf2png/merged_netcdf2png,,0.2,0,0,,,,,,,,,
mvt_ID0000119,None,compute,0,1694450261.0,,,1694450266.0,1694450269.0,1694450280.0,29659178.5,1694450268.0,1694450337.0,1694450324.0,1694450327.0,21550.0,1694450337.0,1694450342.0,5.0,,2.0,69.0,5.0,11.0,177143652.0,3.0,65525.0,poseidon,condorpool,poseidon-worker-1-container-40-43,mvt,/opt/mvt/mvt,,38.7,0,0,0.0,789141.0,36864.0,422.0,9.0,29.9,0.1,26304.7,3686.4
post_vel_ID0000118,None,compute,0,1694450261.0,,,1694450266.0,1694450269.0,1694450282.0,23836094.9,1694450267.0,1694450297.0,1694450288.0,1694450291.0,4759.0,1694450297.0,1694450302.0,5.0,,1.0,30.0,5.0,13.0,177143937.0,3.0,14402.0,poseidon,condorpool,poseidon-worker-2-container-32-35,post_vel,/opt/netcdf2png/merged_netcdf2png,,0.1,0,0,,,,,,,,,
post_vel_ID0000038,None,compute,0,1694450261.0,,,1694450266.0,1694450271.0,1694450282.0,33150081.8,1694450270.0,1694450297.0,1694450288.0,1694450291.0,3697.0,1694450297.0,1694450302.0,5.0,,4.0,27.0,5.0,11.0,177143937.0,3.0,11227.0,poseidon,condorpool,poseidon-worker-2-container-40-43,post_vel,/opt/netcdf2png/merged_netcdf2png,,0.1,0,0,,,,,,,,,
post_vel_ID0000058,None,compute,0,1694450261.0,,,1694450266.0,1694450269.0,1694450280.0,34329952.6,1694450267.0,1694450297.0,1694450285.0,1694450288.0,3558.0,1694450297.0,1694450302.0,5.0,,1.0,30.0,5.0,11.0,177143937.0,3.0,10981.0,poseidon,condorpool,poseidon-worker-1-container-24-27,post_vel,/opt/netcdf2png/merged_netcdf2png,,0.1,0,0,,,,,,,,,
mvt_ID0000039,None,compute,0,1694450261.0,,,1694450266.0,1694450269.0,1694450280.0,34506329.8,1694450267.0,1694450337.0,1694450326.0,1694450329.0,11184.0,1694450337.0,1694450342.0,5.0,,1.0,70.0,5.0,11.0,177143652.0,3.0,34386.0,poseidon,condorpool,poseidon-worker-2-container-4-7,mvt,/opt/mvt/mvt,,40.5,0,0,0.0,795590.0,16384.0,443.0,4.0,39.9,0.1,19889.8,819.2
post_vel_ID0000018,cpu_3,compute,0,1694450261.0,,,1694450266.0,1694450269.0,1694450280.0,34290967.2,1694450267.0,1694450297.0,1694450285.0,1694450288.0,3833.0,1694450297.0,1694450302.0,5.0,,1.0,30.0,5.0,11.0,177143937.0,3.0,11645.0,poseidon,condorpool,poseidon-worker-1-container-32-35,post_vel,/opt/netcdf2png/merged_netcdf2png,,0.1,0,0,,,,,,,,,
mvt_ID0000019,None,compute,0,1694450261.0,,,1694450266.0,1694450269.0,1694450280.0,34857904.4,1694450268.0,1694450337.0,1694450325.0,1694450328.0,11983.0,1694450337.0,1694450342.0,5.0,,2.0,69.0,5.0,11.0,177143652.0,3.0,36245.0,poseidon,condorpool,poseidon-worker-1-container-0-3,mvt,/opt/mvt/mvt,,39.5,0,0,0.0,793184.0,20480.0,431.0,5.0,29.9,0.1,26439.5,1024.0
mvt_ID0000069,None,compute,0,1694450261.0,,,1694450266.0,1694450269.0,1694450281.0,27679329.6,1694450268.0,1694450337.0,1694450326.0,1694450329.0,11598.0,1694450337.0,1694450342.0,5.0,,2.0,69.0,5.0,12.0,177143652.0,3.0,35309.0,poseidon,condorpool,poseidon-worker-1-container-28-31,mvt,/opt/mvt/mvt,,39.4,0,0,0.0,794644.0,16384.0,434.0,4.0,29.8,0.2,26488.1,819.2
post_vel_ID0000048,None,compute,0,1694450261.0,,,1694450266.0,1694450269.0,1694450280.0,29802297.0,1694450268.0,1694450297.0,1694450286.0,1694450289.0,3371.0,1694450297.0,1694450302.0,5.0,,2.0,29.0,5.0,11.0,177143937.0,3.0,10371.0,poseidon,condorpool,poseidon-worker-1-container-16-19,post_vel,/opt/netcdf2png/merged_netcdf2png,,0.1,0,0,,,,,,,,,
mvt_ID0000049,None,compute,0,1694450261.0,,,1694450266.0,1694450268.0,1694450280.0,32077857.2,1694450267.0,1694450337.0,1694450326.0,1694450329.0,7928.0,1694450337.0,1694450342.0,5.0,,1.0,70.0,5.0,12.0,177143652.0,3.0,24108.0,poseidon,condorpool,poseidon-worker-2-container-12-15,mvt,/opt/mvt/mvt,,40.6,0,0,0.0,794301.0,12288.0,440.0,3.0,39.8,0.2,19857.5,1228.8
post_vel_ID0000068,None,compute,0,1694450261.0,,,1694450266.0,1694450269.0,1694450280.0,35020563.0,1694450267.0,1694450297.0,1694450285.0,1694450288.0,3761.0,1694450297.0,1694450302.0,5.0,,1.0,30.0,5.0,11.0,177143937.0,3.0,11398.0,poseidon,condorpool,poseidon-worker-1-container-44-47,post_vel,/opt/netcdf2png/merged_netcdf2png,,0.1,0,0,,,,,,,,,
mvt_ID0000029,None,compute,0,1694450266.0,,,1694450271.0,1694450275.0,1694450286.0,31681045.2,1694450273.0,1694450342.0,1694450332.0,1694450335.0,12645.0,1694450342.0,1694450347.0,5.0,,2.0,69.0,5.0,11.0,177143652.0,3.0,38341.0,poseidon,condorpool,poseidon-worker-2-container-20-23,mvt,/opt/mvt/mvt,,40.7,0,0,0.0,798384.0,20480.0,449.0,5.0,39.8,0.2,19959.6,1024.0
post_vel_ID0000028,None,compute,0,1694450266.0,,,1694450271.0,1694450275.0,1694450286.0,30866865.8,1694450273.0,1694450302.0,1694450292.0,1694450295.0,3799.0,1694450302.0,1694450307.0,5.0,,2.0,29.0,5.0,11.0,177143937.0,3.0,11529.0,poseidon,condorpool,poseidon-worker-2-container-44-47,post_vel,/opt/netcdf2png/merged_netcdf2png,,0.1,0,0,,,,,,,,,
post_vel_ID0000043,None,compute,0,1694450266.0,,,1694450271.0,1694450274.0,1694450285.0,35066714.0,1694450272.0,1694450302.0,1694450291.0,1694450294.0,3425.0,1694450302.0,1694450307.0,5.0,,1.0,30.0,5.0,11.0,177143937.0,3.0,11050.0,poseidon,condorpool,poseidon-worker-1-container-12-15,post_vel,/opt/netcdf2png/merged_netcdf2png,,0.1,0,0,,,,,,,,,
mvt_ID0000044,None,compute,0,1694450266.0,,,1694450271.0,1694450274.0,1694450286.0,31857284.6,1694450273.0,1694450342.0,1694450332.0,1694450335.0,9312.0,1694450342.0,1694450347.0,5.0,,2.0,69.0,5.0,12.0,177143652.0,3.0,28113.0,poseidon,condorpool,poseidon-worker-2-container-28-31,mvt,/opt/mvt/mvt,,40.1,0,0,0.0,831386.0,12288.0,521.0,3.0,39.9,0.1,20784.6,1228.8
post_vel_ID0000113,None,compute,0,1694450266.0,,,1694450271.0,1694450274.0,1694450285.0,34249723.4,1694450272.0,1694450302.0,1694450291.0,1694450294.0,4615.0,1694450302.0,1694450307.0,5.0,,1.0,30.0,5.0,11.0,177143937.0,3.0,14745.0,poseidon,condorpool,poseidon-worker-1-container-8-11,post_vel,/opt/netcdf2png/merged_netcdf2png,,0.1,0,0,,,,,,,,,
mvt_ID0000114,cpu_3,compute,0,1694450266.0,,,1694450271.0,1694450275.0,1694450286.0,27448584.4,1694450273.0,1694450347.0,1694450336.0,1694450339.0,24224.0,1694450347.0,1694450352.0,5.0,,2.0,74.0,5.0,11.0,177143652.0,3.0,73234.0,poseidon,condorpool,poseidon-worker-2-container-0-3,mvt,/opt/mvt/mvt,,40.5,0,0,0.0,799565.0,40960.0,452.0,10.0,36.3,0.2,19989.1,2048.0
mvt_ID0000079,None,compute,0,1694450271.0,,,1694450276.0,1694450280.0,1694450292.0,27555579.6,1694450278.0,1694450347.0,1694450338.0,1694450341.0,14775.0,1694450347.0,1694450352.0,5.0,,2.0,69.0,5.0,12.0,177143652.0,3.0,45337.0,poseidon,condorpool,poseidon-worker-2-container-40-43,mvt,/opt/mvt/mvt,,40.5,0,0,0.0,817678.0,24576.0,491.0,6.0,39.6,0.4,20441.9,1228.8
post_vel_ID0000078,None,compute,0,1694450271.0,,,1694450276.0,1694450279.0,1694450290.0,33904619.8,1694450277.0,1694450307.0,1694450295.0,1694450298.0,3973.0,1694450307.0,1694450312.0,5.0,,1.0,30.0,5.0,11.0,177143937.0,3.0,12264.0,poseidon,condorpool,poseidon-worker-2-container-8-11,post_vel,/opt/netcdf2png/merged_netcdf2png,,0.1,0,0,,,,,,,,,
mvt_ID0000129,cpu_3,compute,0,1694450276.0,,,1694450281.0,1694450295.0,1694450310.0,19031543.0,1694450293.0,1694450402.0,1694450391.0,1694450394.0,21067.0,1694450402.0,1694450407.0,5.0,,12.0,109.0,5.0,15.0,177143652.0,3.0,64489.0,poseidon,condorpool,poseidon-worker-1-container-32-35,mvt,/opt/mvt/mvt,,38.8,0,0,0.0,837160.0,36864.0,554.0,9.0,35.0,0.1,11959.4,1843.2
post_vel_ID0000128,None,compute,0,1694450276.0,,,1694450281.0,1694450294.0,1694450305.0,34491328.6,1694450292.0,1694450322.0,1694450311.0,1694450314.0,4618.0,1694450322.0,1694450327.0,5.0,,11.0,30.0,5.0,11.0,177143937.0,3.0,14512.0,poseidon,condorpool,poseidon-worker-1-container-28-31,post_vel,/opt/netcdf2png/merged_netcdf2png,,0.1,0,0,,,,,,,,,
register_condorpool_0_0,None,auxiliary,0,1694450276.0,,,1694450292.0,,,0.0,1694450298.0,1694450302.0,,,0.0,1694450302.0,1694450307.0,16.0,,6.0,4.0,5.0,,,,,poseidon,local,poseidon-submit,pegasus::rc-client,/mnt/poseidon-data/poseidon/pegasus-5.1.0panorama/bin/pegasus-rc-client,"-n pegasus::rc-client -N null -R local  -L casa-wind-full -T 2023-09-08T07:29:05+00:00 /home/poseidon/pegasus-5.1.0panorama/bin/pegasus-rc-client --prefix pegasus.catalog.replica.output --conf /mnt/poseidon-data/poseidon/workflows/casa-wind-workflow-full/submit/poseidon/pegasus/casa-wind-full/run0357/pegasus.12105754674265025681.properties -v --meta /mnt/poseidon-data/poseidon/workflows/casa-wind-workflow-full/submit/poseidon/pegasus/casa-wind-full/run0357/00/00/unzip_ID0000026.meta,/mnt/poseidon-data/poseidon/workflows/casa-wind-workflow-full/submit/poseidon/pegasus/casa-wind-full/run0357/00/00/unzip_ID0000061.meta,/mnt/poseidon-data/poseidon/workflows/casa-wind-workflow-full/submit/poseidon/pegasus/casa-wind-full/run0357/00/00/unzip_ID0000071.meta,/mnt/poseidon-data/poseidon/workflows/casa-wind-workflow-full/submit/poseidon/pegasus/casa-wind-full/run0357/00/00/unzip_ID0000041.meta,/mnt/poseidon-data/poseidon/workflows/casa-wind-workflow-full/submit/poseidon/pegasus/casa-wind-full/run0357/00/00/unzip_ID0000016.meta,/mnt/poseidon-data/poseidon/workflows/casa-wind-workflow-full/submit/poseidon/pegasus/casa-wind-full/run0357/00/00/unzip_ID0000111.meta,/mnt/poseidon-data/poseidon/workflows/casa-wind-workflow-full/submit/poseidon/pegasus/casa-wind-full/run0357/00/00/unzip_ID0000011.meta,/mnt/poseidon-data/poseidon/workflows/casa-wind-workflow-full/submit/poseidon/pegasus/casa-wind-full/run0357/00/00/unzip_ID0000081.meta,/mnt/poseidon-data/poseidon/workflows/casa-wind-workflow-full/submit/poseidon/pegasus/casa-wind-full/run0357/00/00/unzip_ID0000066.meta,/mnt/poseidon-data/poseidon/workflows/casa-wind-workflow-full/submit/poseidon/pegasus/casa-wind-full/run0357/00/00/unzip_ID0000096.meta,/mnt/poseidon-data/poseidon/workflows/casa-wind-workflow-full/submit/poseidon/pegasus/casa-wind-full/run0357/00/00/unzip_ID0000051.meta,/mnt/poseidon-data/poseidon/workflows/casa-wind-workflow-full/submit/poseidon/pegasus/casa-wind-full/run0357/00/00/unzip_ID0000031.meta,/mnt/poseidon-data/poseidon/workflows/casa-wind-workflow-full/submit/poseidon/pegasus/casa-wind-full/run0357/00/00/unzip_ID0000116.meta,/mnt/poseidon-data/poseidon/workflows/casa-wind-workflow-full/submit/poseidon/pegasus/casa-wind-full/run0357/00/00/unzip_ID0000101.meta,/mnt/poseidon-data/poseidon/workflows/casa-wind-workflow-full/submit/poseidon/pegasus/casa-wind-full/run0357/00/00/unzip_ID0000121.meta,/mnt/poseidon-data/poseidon/workflows/casa-wind-workflow-full/submit/poseidon/pegasus/casa-wind-full/run0357/00/00/unzip_ID0000106.meta,/mnt/poseidon-data/poseidon/workflows/casa-wind-workflow-full/submit/poseidon/pegasus/casa-wind-full/run0357/00/00/unzip_ID0000046.meta,/mnt/poseidon-data/poseidon/workflows/casa-wind-workflow-full/submit/poseidon/pegasus/casa-wind-full/run0357/00/00/unzip_ID0000076.meta,/mnt/poseidon-data/poseidon/workflows/casa-wind-workflow-full/submit/poseidon/pegasus/casa-wind-full/run0357/00/00/unzip_ID0000056.meta,/mnt/poseidon-data/poseidon/workflows/casa-wind-workflow-full/submit/poseidon/pegasus/casa-wind-full/run0357/00/00/unzip_ID0000021.meta,/mnt/poseidon-data/poseidon/workflows/casa-wind-workflow-full/submit/poseidon/pegasus/casa-wind-full/run0357/00/00/unzip_ID0000086.meta,/mnt/poseidon-data/poseidon/workflows/casa-wind-workflow-full/submit/poseidon/pegasus/casa-wind-full/run0357/00/00/unzip_ID0000126.meta,/mnt/poseidon-data/poseidon/workflows/casa-wind-workflow-full/submit/poseidon/pegasus/casa-wind-full/run0357/00/00/unzip_ID0000006.meta,/mnt/poseidon-data/poseidon/workflows/casa-wind-workflow-full/submit/poseidon/pegasus/casa-wind-full/run0357/00/00/unzip_ID0000036.meta,/mnt/poseidon-data/poseidon/workflows/casa-wind-workflow-full/submit/poseidon/pegasus/casa-wind-full/run0357/00/00/unzip_ID0000001.meta,/mnt/poseidon-data/poseidon/workflows/casa-wind-workflow-full/submit/poseidon/pegasus/casa-wind-full/run0357/00/00/unzip_ID0000091.meta --insert /mnt/poseidon-data/poseidon/workflows/casa-wind-workflow-full/submit/poseidon/pegasus/casa-wind-full/run0357/00/00/register_condorpool_0_0.in",3.0,0,0,,,,,,,,,
register_condorpool_0_1,None,auxiliary,0,1694450276.0,,,1694450307.0,,,0.0,1694450308.0,1694450312.0,,,0.0,1694450312.0,1694450317.0,31.0,,1.0,4.0,5.0,,,,,poseidon,local,poseidon-submit,pegasus::rc-client,/mnt/poseidon-data/poseidon/pegasus-5.1.0panorama/bin/pegasus-rc-client,"-n pegasus::rc-client -N null -R local  -L casa-wind-full -T 2023-09-08T07:29:05+00:00 /home/poseidon/pegasus-5.1.0panorama/bin/pegasus-rc-client --prefix pegasus.catalog.replica.output --conf /mnt/poseidon-data/poseidon/workflows/casa-wind-workflow-full/submit/poseidon/pegasus/casa-wind-full/run0357/pegasus.12105754674265025681.properties -v --meta /mnt/poseidon-data/poseidon/workflows/casa-wind-workflow-full/submit/poseidon/pegasus/casa-wind-full/run0357/00/00/unzip_ID0000026.meta,/mnt/poseidon-data/poseidon/workflows/casa-wind-workflow-full/submit/poseidon/pegasus/casa-wind-full/run0357/00/00/unzip_ID0000061.meta,/mnt/poseidon-data/poseidon/workflows/casa-wind-workflow-full/submit/poseidon/pegasus/casa-wind-full/run0357/00/00/unzip_ID0000071.meta,/mnt/poseidon-data/poseidon/workflows/casa-wind-workflow-full/submit/poseidon/pegasus/casa-wind-full/run0357/00/00/unzip_ID0000041.meta,/mnt/poseidon-data/poseidon/workflows/casa-wind-workflow-full/submit/poseidon/pegasus/casa-wind-full/run0357/00/00/unzip_ID0000016.meta,/mnt/poseidon-data/poseidon/workflows/casa-wind-workflow-full/submit/poseidon/pegasus/casa-wind-full/run0357/00/00/unzip_ID0000111.meta,/mnt/poseidon-data/poseidon/workflows/casa-wind-workflow-full/submit/poseidon/pegasus/casa-wind-full/run0357/00/00/unzip_ID0000011.meta,/mnt/poseidon-data/poseidon/workflows/casa-wind-workflow-full/submit/poseidon/pegasus/casa-wind-full/run0357/00/00/unzip_ID0000081.meta,/mnt/poseidon-data/poseidon/workflows/casa-wind-workflow-full/submit/poseidon/pegasus/casa-wind-full/run0357/00/00/unzip_ID0000066.meta,/mnt/poseidon-data/poseidon/workflows/casa-wind-workflow-full/submit/poseidon/pegasus/casa-wind-full/run0357/00/00/unzip_ID0000096.meta,/mnt/poseidon-data/poseidon/workflows/casa-wind-workflow-full/submit/poseidon/pegasus/casa-wind-full/run0357/00/00/unzip_ID0000051.meta,/mnt/poseidon-data/poseidon/workflows/casa-wind-workflow-full/submit/poseidon/pegasus/casa-wind-full/run0357/00/00/unzip_ID0000031.meta,/mnt/poseidon-data/poseidon/workflows/casa-wind-workflow-full/submit/poseidon/pegasus/casa-wind-full/run0357/00/00/unzip_ID0000116.meta,/mnt/poseidon-data/poseidon/workflows/casa-wind-workflow-full/submit/poseidon/pegasus/casa-wind-full/run0357/00/00/unzip_ID0000101.meta,/mnt/poseidon-data/poseidon/workflows/casa-wind-workflow-full/submit/poseidon/pegasus/casa-wind-full/run0357/00/00/unzip_ID0000121.meta,/mnt/poseidon-data/poseidon/workflows/casa-wind-workflow-full/submit/poseidon/pegasus/casa-wind-full/run0357/00/00/unzip_ID0000106.meta,/mnt/poseidon-data/poseidon/workflows/casa-wind-workflow-full/submit/poseidon/pegasus/casa-wind-full/run0357/00/00/unzip_ID0000046.meta,/mnt/poseidon-data/poseidon/workflows/casa-wind-workflow-full/submit/poseidon/pegasus/casa-wind-full/run0357/00/00/unzip_ID0000076.meta,/mnt/poseidon-data/poseidon/workflows/casa-wind-workflow-full/submit/poseidon/pegasus/casa-wind-full/run0357/00/00/unzip_ID0000056.meta,/mnt/poseidon-data/poseidon/workflows/casa-wind-workflow-full/submit/poseidon/pegasus/casa-wind-full/run0357/00/00/unzip_ID0000021.meta,/mnt/poseidon-data/poseidon/workflows/casa-wind-workflow-full/submit/poseidon/pegasus/casa-wind-full/run0357/00/00/unzip_ID0000086.meta,/mnt/poseidon-data/poseidon/workflows/casa-wind-workflow-full/submit/poseidon/pegasus/casa-wind-full/run0357/00/00/unzip_ID0000126.meta,/mnt/poseidon-data/poseidon/workflows/casa-wind-workflow-full/submit/poseidon/pegasus/casa-wind-full/run0357/00/00/unzip_ID0000006.meta,/mnt/poseidon-data/poseidon/workflows/casa-wind-workflow-full/submit/poseidon/pegasus/casa-wind-full/run0357/00/00/unzip_ID0000036.meta,/mnt/poseidon-data/poseidon/workflows/casa-wind-workflow-full/submit/poseidon/pegasus/casa-wind-full/run0357/00/00/unzip_ID0000001.meta,/mnt/poseidon-data/poseidon/workflows/casa-wind-workflow-full/submit/poseidon/pegasus/casa-wind-full/run0357/00/00/unzip_ID0000091.meta --insert /mnt/poseidon-data/poseidon/workflows/casa-wind-workflow-full/submit/poseidon/pegasus/casa-wind-full/run0357/00/00/register_condorpool_0_1.in",3.1,0,0,,,,,,,,,
register_condorpool_0_2,None,auxiliary,0,1694450276.0,,,1694450281.0,,,0.0,1694450282.0,1694450286.0,,,0.0,1694450286.0,1694450292.0,5.0,,1.0,4.0,6.0,,,,,poseidon,local,poseidon-submit,pegasus::rc-client,/mnt/poseidon-data/poseidon/pegasus-5.1.0panorama/bin/pegasus-rc-client,"-n pegasus::rc-client -N null -R local  -L casa-wind-full -T 2023-09-08T07:29:05+00:00 /home/poseidon/pegasus-5.1.0panorama/bin/pegasus-rc-client --prefix pegasus.catalog.replica.output --conf /mnt/poseidon-data/poseidon/workflows/casa-wind-workflow-full/submit/poseidon/pegasus/casa-wind-full/run0357/pegasus.12105754674265025681.properties -v --meta /mnt/poseidon-data/poseidon/workflows/casa-wind-workflow-full/submit/poseidon/pegasus/casa-wind-full/run0357/00/00/unzip_ID0000026.meta,/mnt/poseidon-data/poseidon/workflows/casa-wind-workflow-full/submit/poseidon/pegasus/casa-wind-full/run0357/00/00/unzip_ID0000061.meta,/mnt/poseidon-data/poseidon/workflows/casa-wind-workflow-full/submit/poseidon/pegasus/casa-wind-full/run0357/00/00/unzip_ID0000071.meta,/mnt/poseidon-data/poseidon/workflows/casa-wind-workflow-full/submit/poseidon/pegasus/casa-wind-full/run0357/00/00/unzip_ID0000041.meta,/mnt/poseidon-data/poseidon/workflows/casa-wind-workflow-full/submit/poseidon/pegasus/casa-wind-full/run0357/00/00/unzip_ID0000016.meta,/mnt/poseidon-data/poseidon/workflows/casa-wind-workflow-full/submit/poseidon/pegasus/casa-wind-full/run0357/00/00/unzip_ID0000111.meta,/mnt/poseidon-data/poseidon/workflows/casa-wind-workflow-full/submit/poseidon/pegasus/casa-wind-full/run0357/00/00/unzip_ID0000011.meta,/mnt/poseidon-data/poseidon/workflows/casa-wind-workflow-full/submit/poseidon/pegasus/casa-wind-full/run0357/00/00/unzip_ID0000081.meta,/mnt/poseidon-data/poseidon/workflows/casa-wind-workflow-full/submit/poseidon/pegasus/casa-wind-full/run0357/00/00/unzip_ID0000066.meta,/mnt/poseidon-data/poseidon/workflows/casa-wind-workflow-full/submit/poseidon/pegasus/casa-wind-full/run0357/00/00/unzip_ID0000096.meta,/mnt/poseidon-data/poseidon/workflows/casa-wind-workflow-full/submit/poseidon/pegasus/casa-wind-full/run0357/00/00/unzip_ID0000051.meta,/mnt/poseidon-data/poseidon/workflows/casa-wind-workflow-full/submit/poseidon/pegasus/casa-wind-full/run0357/00/00/unzip_ID0000031.meta,/mnt/poseidon-data/poseidon/workflows/casa-wind-workflow-full/submit/poseidon/pegasus/casa-wind-full/run0357/00/00/unzip_ID0000116.meta,/mnt/poseidon-data/poseidon/workflows/casa-wind-workflow-full/submit/poseidon/pegasus/casa-wind-full/run0357/00/00/unzip_ID0000101.meta,/mnt/poseidon-data/poseidon/workflows/casa-wind-workflow-full/submit/poseidon/pegasus/casa-wind-full/run0357/00/00/unzip_ID0000121.meta,/mnt/poseidon-data/poseidon/workflows/casa-wind-workflow-full/submit/poseidon/pegasus/casa-wind-full/run0357/00/00/unzip_ID0000106.meta,/mnt/poseidon-data/poseidon/workflows/casa-wind-workflow-full/submit/poseidon/pegasus/casa-wind-full/run0357/00/00/unzip_ID0000046.meta,/mnt/poseidon-data/poseidon/workflows/casa-wind-workflow-full/submit/poseidon/pegasus/casa-wind-full/run0357/00/00/unzip_ID0000076.meta,/mnt/poseidon-data/poseidon/workflows/casa-wind-workflow-full/submit/poseidon/pegasus/casa-wind-full/run0357/00/00/unzip_ID0000056.meta,/mnt/poseidon-data/poseidon/workflows/casa-wind-workflow-full/submit/poseidon/pegasus/casa-wind-full/run0357/00/00/unzip_ID0000021.meta,/mnt/poseidon-data/poseidon/workflows/casa-wind-workflow-full/submit/poseidon/pegasus/casa-wind-full/run0357/00/00/unzip_ID0000086.meta,/mnt/poseidon-data/poseidon/workflows/casa-wind-workflow-full/submit/poseidon/pegasus/casa-wind-full/run0357/00/00/unzip_ID0000126.meta,/mnt/poseidon-data/poseidon/workflows/casa-wind-workflow-full/submit/poseidon/pegasus/casa-wind-full/run0357/00/00/unzip_ID0000006.meta,/mnt/poseidon-data/poseidon/workflows/casa-wind-workflow-full/submit/poseidon/pegasus/casa-wind-full/run0357/00/00/unzip_ID0000036.meta,/mnt/poseidon-data/poseidon/workflows/casa-wind-workflow-full/submit/poseidon/pegasus/casa-wind-full/run0357/00/00/unzip_ID0000001.meta,/mnt/poseidon-data/poseidon/workflows/casa-wind-workflow-full/submit/poseidon/pegasus/casa-wind-full/run0357/00/00/unzip_ID0000091.meta --insert /mnt/poseidon-data/poseidon/workflows/casa-wind-workflow-full/submit/poseidon/pegasus/casa-wind-full/run0357/00/00/register_condorpool_0_2.in",3.1,0,0,,,,,,,,,
mvt_ID0000074,None,compute,0,1694450276.0,,,1694450281.0,1694450294.0,1694450305.0,35029935.0,1694450292.0,1694450362.0,1694450350.0,1694450353.0,12655.0,1694450362.0,1694450367.0,5.0,,11.0,70.0,5.0,11.0,177143652.0,3.0,38855.0,poseidon,condorpool,poseidon-worker-2-container-44-47,mvt,/opt/mvt/mvt,,39.7,0,0,0.0,789216.0,20480.0,422.0,5.0,29.9,0.1,26307.2,1024.0
mvt_ID0000099,None,compute,0,1694450276.0,,,1694450281.0,1694450284.0,1694450295.0,29721535.0,1694450282.0,1694450352.0,1694450341.0,1694450344.0,16412.0,1694450352.0,1694450357.0,5.0,,1.0,70.0,5.0,11.0,177143652.0,3.0,50118.0,poseidon,condorpool,poseidon-worker-2-container-28-31,mvt,/opt/mvt/mvt,,40.0,0,0,0.0,845161.0,28672.0,551.0,7.0,39.9,0.1,21129.0,1433.6
post_vel_ID0000053,cpu_3,compute,0,1694450276.0,,,1694450281.0,1694450297.0,1694450310.0,33411371.4,1694450292.0,1694450327.0,1694450316.0,1694450319.0,3439.0,1694450327.0,1694450332.0,5.0,,11.0,35.0,5.0,13.0,177143937.0,3.0,11004.0,poseidon,condorpool,poseidon-worker-2-container-0-3,post_vel,/opt/netcdf2png/merged_netcdf2png,,0.1,0,0,,,,,,,,,
mvt_ID0000054,None,compute,0,1694450276.0,,,1694450281.0,1694450294.0,1694450306.0,29437295.8,1694450292.0,1694450362.0,1694450351.0,1694450354.0,9163.0,1694450362.0,1694450367.0,5.0,,11.0,70.0,5.0,12.0,177143652.0,3.0,28552.0,poseidon,condorpool,poseidon-worker-2-container-32-35,mvt,/opt/mvt/mvt,,39.9,0,0,0.0,802931.0,12288.0,452.0,3.0,29.9,0.1,26764.4,1228.8
post_vel_ID0000098,None,compute,0,1694450276.0,,,1694450281.0,1694450295.0,1694450306.0,29974424.0,1694450293.0,1694450322.0,1694450311.0,1694450314.0,4300.0,1694450322.0,1694450327.0,5.0,,12.0,29.0,5.0,11.0,177143937.0,3.0,13355.0,poseidon,condorpool,poseidon-worker-2-container-40-43,post_vel,/opt/netcdf2png/merged_netcdf2png,,0.1,0,0,,,,,,,,,
mvt_ID0000089,None,compute,0,1694450276.0,,,1694450281.0,1694450294.0,1694450305.0,34912297.0,1694450292.0,1694450362.0,1694450350.0,1694450353.0,15787.0,1694450362.0,1694450367.0,5.0,,11.0,70.0,5.0,11.0,177143652.0,3.0,48475.0,poseidon,condorpool,poseidon-worker-1-container-44-47,mvt,/opt/mvt/mvt,,39.1,0,0,0.0,827652.0,24576.0,506.0,6.0,29.9,0.1,27588.4,2457.6
post_vel_ID0000088,None,compute,0,1694450276.0,,,1694450281.0,1694450294.0,1694450306.0,32165868.4,1694450292.0,1694450322.0,1694450311.0,1694450314.0,4135.0,1694450322.0,1694450327.0,5.0,,11.0,30.0,5.0,12.0,177143937.0,3.0,12740.0,poseidon,condorpool,poseidon-worker-2-container-28-31,post_vel,/opt/netcdf2png/merged_netcdf2png,,0.1,0,0,,,,,,,,,
post_vel_ID0000073,None,compute,0,1694450276.0,,,1694450281.0,1694450295.0,1694450307.0,27456142.3,1694450292.0,1694450322.0,1694450312.0,1694450315.0,3906.0,1694450322.0,1694450327.0,5.0,,11.0,30.0,5.0,12.0,177143937.0,3.0,11825.0,poseidon,condorpool,poseidon-worker-2-container-36-39,post_vel,/opt/netcdf2png/merged_netcdf2png,,0.1,0,0,,,,,,,,,
post_vel_ID0000123,None,compute,0,1694450276.0,,,1694450281.0,1694450294.0,1694450305.0,29907969.8,1694450292.0,1694450322.0,1694450311.0,1694450314.0,4691.0,1694450322.0,1694450327.0,5.0,,11.0,30.0,5.0,11.0,177143937.0,3.0,14777.0,poseidon,condorpool,poseidon-worker-1-container-24-27,post_vel,/opt/netcdf2png/merged_netcdf2png,,0.1,0,0,,,,,,,,,
mvt_ID0000124,None,compute,0,1694450276.0,,,1694450281.0,1694450295.0,1694450306.0,29769629.0,1694450294.0,1694450362.0,1694450351.0,1694450354.0,22937.0,1694450362.0,1694450367.0,5.0,,13.0,68.0,5.0,11.0,177143652.0,3.0,70564.0,poseidon,condorpool,poseidon-worker-1-container-40-43,mvt,/opt/mvt/mvt,,39.8,0,0,0.0,822143.0,40960.0,494.0,10.0,29.9,0.1,27404.8,4096.0
mvt_ID0000009,None,compute,0,1694450281.0,,,1694450286.0,1694450294.0,1694450305.0,29732785.0,1694450292.0,1694450362.0,1694450349.0,1694450352.0,11680.0,1694450362.0,1694450367.0,5.0,,6.0,70.0,5.0,11.0,177143652.0,3.0,35429.0,poseidon,condorpool,poseidon-worker-1-container-8-11,mvt,/opt/mvt/mvt,,39.2,0,0,0.0,790554.0,20480.0,425.0,5.0,29.9,0.1,26351.8,1024.0
post_vel_ID0000008,None,compute,0,1694450281.0,,,1694450286.0,1694450295.0,1694450306.0,29633868.0,1694450293.0,1694450322.0,1694450311.0,1694450314.0,3566.0,1694450322.0,1694450327.0,5.0,,7.0,29.0,5.0,11.0,177143937.0,3.0,10982.0,poseidon,condorpool,poseidon-worker-2-container-12-15,post_vel,/opt/netcdf2png/merged_netcdf2png,,0.1,0,0,,,,,,,,,
post_vel_ID0000063,None,compute,0,1694450281.0,,,1694450286.0,1694450294.0,1694450308.0,21463536.3,1694450292.0,1694450322.0,1694450313.0,1694450316.0,3783.0,1694450322.0,1694450327.0,5.0,,6.0,30.0,5.0,14.0,177143937.0,3.0,11628.0,poseidon,condorpool,poseidon-worker-1-container-0-3,post_vel,/opt/netcdf2png/merged_netcdf2png,,0.1,0,0,,,,,,,,,
mvt_ID0000064,None,compute,0,1694450281.0,,,1694450286.0,1694450294.0,1694450305.0,31919519.4,1694450292.0,1694450362.0,1694450351.0,1694450354.0,10040.0,1694450362.0,1694450367.0,5.0,,6.0,70.0,5.0,11.0,177143652.0,3.0,31148.0,poseidon,condorpool,poseidon-worker-2-container-16-19,mvt,/opt/mvt/mvt,,39.9,0,0,0.0,801545.0,16384.0,449.0,4.0,29.9,0.1,26718.2,819.2
mvt_ID0000104,None,compute,0,1694450281.0,,,1694450286.0,1694450296.0,1694450306.0,29692397.0,1694450294.0,1694450362.0,1694450351.0,1694450354.0,19057.0,1694450362.0,1694450367.0,5.0,,8.0,68.0,5.0,10.0,177143652.0,3.0,59590.0,poseidon,condorpool,poseidon-worker-1-container-12-15,mvt,/opt/mvt/mvt,,39.3,0,0,0.0,791977.0,32768.0,428.0,8.0,29.9,0.1,26399.2,3276.8
post_vel_ID0000103,None,compute,0,1694450281.0,,,1694450286.0,1694450294.0,1694450305.0,31943289.2,1694450292.0,1694450322.0,1694450311.0,1694450314.0,4539.0,1694450322.0,1694450327.0,5.0,,6.0,30.0,5.0,11.0,177143937.0,3.0,13815.0,poseidon,condorpool,poseidon-worker-1-container-16-19,post_vel,/opt/netcdf2png/merged_netcdf2png,,0.2,0,0,,,,,,,,,
mvt_ID0000034,None,compute,0,1694450281.0,,,1694450286.0,1694450294.0,1694450308.0,20520455.8,1694450292.0,1694450367.0,1694450354.0,1694450357.0,10165.0,1694450367.0,1694450372.0,5.0,,6.0,75.0,5.0,14.0,177143652.0,3.0,30976.0,poseidon,condorpool,poseidon-worker-2-container-20-23,mvt,/opt/mvt/mvt,,39.9,0,0,0.0,822135.0,16384.0,494.0,4.0,29.9,0.1,27404.5,819.2
post_vel_ID0000033,None,compute,0,1694450281.0,,,1694450286.0,1694450294.0,1694450305.0,35405943.2,1694450292.0,1694450322.0,1694450311.0,1694450314.0,3723.0,1694450322.0,1694450327.0,5.0,,6.0,30.0,5.0,11.0,177143937.0,3.0,11464.0,poseidon,condorpool,poseidon-worker-2-container-24-27,post_vel,/opt/netcdf2png/merged_netcdf2png,,0.1,0,0,,,,,,,,,
mvt_ID0000084,cpu_3,compute,0,1694450286.0,,,1694450292.0,1694450297.0,1694450307.0,29859528.5,1694450295.0,1694450402.0,1694450388.0,1694450392.0,15132.0,1694450402.0,1694450407.0,6.0,,3.0,107.0,5.0,10.0,177143652.0,4.0,47998.0,poseidon,condorpool,poseidon-worker-1-container-32-35,mvt,/opt/mvt/mvt,,38.9,0,0,0.0,831667.0,24576.0,542.0,6.0,36.0,0.1,11881.0,1228.8
stage_out_local_condorpool_1_1,None,transfer,0,1694450286.0,,,1694450292.0,,,0.0,1694450298.0,1694450307.0,,,0.0,1694450307.0,1694450312.0,6.0,,6.0,9.0,5.0,,,,,poseidon,local,poseidon-submit,pegasus::transfer,/mnt/poseidon-data/poseidon/pegasus-5.1.0panorama/bin/pegasus-transfer,/home/poseidon/pegasus-5.1.0panorama/bin/../bin/pegasus-kickstart  -n pegasus::transfer -N null -i - -R local  -L casa-wind-full -T 2023-09-08T07:29:05+00:00 /home/poseidon/pegasus-5.1.0panorama/bin/../bin/pegasus-transfer  --threads 2,0.9,0,0,,,,,,,,,
post_vel_ID0000083,None,compute,0,1694450286.0,,,1694450292.0,1694450296.0,1694450307.0,33446086.4,1694450294.0,1694450322.0,1694450313.0,1694450316.0,4117.0,1694450322.0,1694450327.0,6.0,,2.0,28.0,5.0,11.0,177143937.0,3.0,12720.0,poseidon,condorpool,poseidon-worker-2-container-28-31,post_vel,/opt/netcdf2png/merged_netcdf2png,,0.1,0,0,,,,,,,,,
post_vel_ID0000108,None,compute,0,1694450286.0,,,1694450292.0,1694450295.0,1694450306.0,31173025.2,1694450293.0,1694450322.0,1694450311.0,1694450314.0,4502.0,1694450322.0,1694450327.0,6.0,,1.0,29.0,5.0,11.0,177143937.0,3.0,13907.0,poseidon,condorpool,poseidon-worker-1-container-44-47,post_vel,/opt/netcdf2png/merged_netcdf2png,,0.1,0,0,,,,,,,,,
mvt_ID0000109,None,compute,0,1694450286.0,,,1694450292.0,1694450296.0,1694450307.0,33744940.0,1694450294.0,1694450362.0,1694450352.0,1694450355.0,19584.0,1694450362.0,1694450367.0,6.0,,2.0,68.0,5.0,11.0,177143652.0,3.0,59954.0,poseidon,condorpool,poseidon-worker-2-container-40-43,mvt,/opt/mvt/mvt,,39.6,0,0,0.0,857888.0,32768.0,572.0,8.0,29.9,0.1,28596.3,1638.4
post_vel_ID0000013,None,compute,0,1694450297.0,,,1694450302.0,1694450305.0,1694450316.0,34160696.0,1694450303.0,1694450332.0,1694450321.0,1694450324.0,3648.0,1694450332.0,1694450337.0,5.0,,1.0,29.0,5.0,11.0,177143937.0,3.0,11040.0,poseidon,condorpool,poseidon-worker-1-container-16-19,post_vel,/opt/netcdf2png/merged_netcdf2png,,0.1,0,0,,,,,,,,,
mvt_ID0000014,None,compute,0,1694450297.0,,,1694450302.0,1694450305.0,1694450317.0,29994836.5,1694450303.0,1694450372.0,1694450361.0,1694450364.0,10527.0,1694450372.0,1694450377.0,5.0,,1.0,69.0,5.0,12.0,177143652.0,3.0,31991.0,poseidon,condorpool,poseidon-worker-2-container-40-43,mvt,/opt/mvt/mvt,,39.1,0,0,0.0,852446.0,16384.0,560.0,4.0,29.9,0.1,28414.9,819.2
stage_out_local_condorpool_1_0,None,transfer,0,1694450302.0,,,1694450307.0,,,0.0,1694450308.0,1694450317.0,,,0.0,1694450317.0,1694450322.0,5.0,,1.0,9.0,5.0,,,,,poseidon,local,poseidon-submit,pegasus::transfer,/mnt/poseidon-data/poseidon/pegasus-5.1.0panorama/bin/pegasus-transfer,/home/poseidon/pegasus-5.1.0panorama/bin/../bin/pegasus-kickstart  -n pegasus::transfer -N null -i - -R local  -L casa-wind-full -T 2023-09-08T07:29:05+00:00 /home/poseidon/pegasus-5.1.0panorama/bin/../bin/pegasus-transfer  --threads 2,1.0,0,0,,,,,,,,,
post_vel_ID0000023,None,compute,0,1694450302.0,,,1694450307.0,1694450310.0,1694450321.0,29815621.0,1694450308.0,1694450337.0,1694450327.0,1694450330.0,3772.0,1694450337.0,1694450342.0,5.0,,1.0,29.0,5.0,11.0,177143937.0,3.0,11372.0,poseidon,condorpool,poseidon-worker-1-container-44-47,post_vel,/opt/netcdf2png/merged_netcdf2png,,0.1,0,0,,,,,,,,,
mvt_ID0000024,None,compute,0,1694450302.0,,,1694450307.0,1694450310.0,1694450321.0,29764494.0,1694450308.0,1694450377.0,1694450366.0,1694450369.0,10072.0,1694450377.0,1694450382.0,5.0,,1.0,69.0,5.0,11.0,177143652.0,3.0,30705.0,poseidon,condorpool,poseidon-worker-1-container-24-27,mvt,/opt/mvt/mvt,,39.1,0,0,0.0,790590.0,16384.0,425.0,4.0,29.9,0.1,26353.0,819.2
post_vel_ID0000003,None,compute,0,1694450302.0,,,1694450307.0,1694450310.0,1694450321.0,29573445.5,1694450308.0,1694450337.0,1694450327.0,1694450330.0,3598.0,1694450337.0,1694450342.0,5.0,,1.0,29.0,5.0,11.0,177143937.0,3.0,10865.0,poseidon,condorpool,poseidon-worker-2-container-32-35,post_vel,/opt/netcdf2png/merged_netcdf2png,,0.1,0,0,,,,,,,,,
mvt_ID0000004,None,compute,0,1694450302.0,,,1694450307.0,1694450310.0,1694450321.0,33585600.0,1694450308.0,1694450377.0,1694450366.0,1694450369.0,9172.0,1694450377.0,1694450382.0,5.0,,1.0,69.0,5.0,11.0,177143652.0,3.0,28781.0,poseidon,condorpool,poseidon-worker-2-container-16-19,mvt,/opt/mvt/mvt,,39.4,0,0,0.0,820818.0,16384.0,491.0,4.0,29.9,0.1,27360.6,819.2
stage_out_local_condorpool_1_2,None,transfer,0,1694450302.0,,,1694450307.0,,,0.0,1694450308.0,1694450317.0,,,0.0,1694450317.0,1694450322.0,5.0,,1.0,9.0,5.0,,,,,poseidon,local,poseidon-submit,pegasus::transfer,/mnt/poseidon-data/poseidon/pegasus-5.1.0panorama/bin/pegasus-transfer,/home/poseidon/pegasus-5.1.0panorama/bin/../bin/pegasus-kickstart  -n pegasus::transfer -N null -i - -R local  -L casa-wind-full -T 2023-09-08T07:29:05+00:00 /home/poseidon/pegasus-5.1.0panorama/bin/../bin/pegasus-transfer  --threads 2,0.9,0,0,,,,,,,,,
register_condorpool_1_1,None,auxiliary,0,1694450312.0,,,1694450317.0,,,0.0,1694450317.0,1694450322.0,,,0.0,1694450322.0,1694450327.0,5.0,,0.0,5.0,5.0,,,,,poseidon,local,poseidon-submit,pegasus::rc-client,/mnt/poseidon-data/poseidon/pegasus-5.1.0panorama/bin/pegasus-rc-client,"-n pegasus::rc-client -N null -R local  -L casa-wind-full -T 2023-09-08T07:29:05+00:00 /home/poseidon/pegasus-5.1.0panorama/bin/pegasus-rc-client --prefix pegasus.catalog.replica.output --conf /mnt/poseidon-data/poseidon/workflows/casa-wind-workflow-full/submit/poseidon/pegasus/casa-wind-full/run0357/pegasus.12105754674265025681.properties -v --meta /mnt/poseidon-data/poseidon/workflows/casa-wind-workflow-full/submit/poseidon/pegasus/casa-wind-full/run0357/00/00/um_vel_ID0000017.meta,/mnt/poseidon-data/poseidon/workflows/casa-wind-workflow-full/submit/poseidon/pegasus/casa-wind-full/run0357/00/01/um_vel_ID0000037.meta,/mnt/poseidon-data/poseidon/workflows/casa-wind-workflow-full/submit/poseidon/pegasus/casa-wind-full/run0357/00/00/um_vel_ID0000082.meta,/mnt/poseidon-data/poseidon/workflows/casa-wind-workflow-full/submit/poseidon/pegasus/casa-wind-full/run0357/00/00/um_vel_ID0000097.meta,/mnt/poseidon-data/poseidon/workflows/casa-wind-workflow-full/submit/poseidon/pegasus/casa-wind-full/run0357/00/01/um_vel_ID0000047.meta,/mnt/poseidon-data/poseidon/workflows/casa-wind-workflow-full/submit/poseidon/pegasus/casa-wind-full/run0357/00/00/um_vel_ID0000087.meta,/mnt/poseidon-data/poseidon/workflows/casa-wind-workflow-full/submit/poseidon/pegasus/casa-wind-full/run0357/00/01/um_vel_ID0000007.meta,/mnt/poseidon-data/poseidon/workflows/casa-wind-workflow-full/submit/poseidon/pegasus/casa-wind-full/run0357/00/01/um_vel_ID0000072.meta,/mnt/poseidon-data/poseidon/workflows/casa-wind-workflow-full/submit/poseidon/pegasus/casa-wind-full/run0357/00/01/um_vel_ID0000102.meta --insert /mnt/poseidon-data/poseidon/workflows/casa-wind-workflow-full/submit/poseidon/pegasus/casa-wind-full/run0357/00/01/register_condorpool_1_1.in",2.5,0,0,,,,,,,,,
register_condorpool_1_2,None,auxiliary,0,1694450322.0,,,1694450337.0,,,0.0,1694450337.0,1694450342.0,,,0.0,1694450342.0,1694450347.0,15.0,,0.0,5.0,5.0,,,,,poseidon,local,poseidon-submit,pegasus::rc-client,/mnt/poseidon-data/poseidon/pegasus-5.1.0panorama/bin/pegasus-rc-client,"-n pegasus::rc-client -N null -R local  -L casa-wind-full -T 2023-09-08T07:29:05+00:00 /home/poseidon/pegasus-5.1.0panorama/bin/pegasus-rc-client --prefix pegasus.catalog.replica.output --conf /mnt/poseidon-data/poseidon/workflows/casa-wind-workflow-full/submit/poseidon/pegasus/casa-wind-full/run0357/pegasus.12105754674265025681.properties -v --meta /mnt/poseidon-data/poseidon/workflows/casa-wind-workflow-full/submit/poseidon/pegasus/casa-wind-full/run0357/00/00/um_vel_ID0000117.meta,/mnt/poseidon-data/poseidon/workflows/casa-wind-workflow-full/submit/poseidon/pegasus/casa-wind-full/run0357/00/01/um_vel_ID0000052.meta,/mnt/poseidon-data/poseidon/workflows/casa-wind-workflow-full/submit/poseidon/pegasus/casa-wind-full/run0357/00/00/um_vel_ID0000002.meta,/mnt/poseidon-data/poseidon/workflows/casa-wind-workflow-full/submit/poseidon/pegasus/casa-wind-full/run0357/00/00/um_vel_ID0000012.meta,/mnt/poseidon-data/poseidon/workflows/casa-wind-workflow-full/submit/poseidon/pegasus/casa-wind-full/run0357/00/00/um_vel_ID0000032.meta,/mnt/poseidon-data/poseidon/workflows/casa-wind-workflow-full/submit/poseidon/pegasus/casa-wind-full/run0357/00/01/um_vel_ID0000062.meta,/mnt/poseidon-data/poseidon/workflows/casa-wind-workflow-full/submit/poseidon/pegasus/casa-wind-full/run0357/00/01/um_vel_ID0000112.meta,/mnt/poseidon-data/poseidon/workflows/casa-wind-workflow-full/submit/poseidon/pegasus/casa-wind-full/run0357/00/01/um_vel_ID0000107.meta --insert /mnt/poseidon-data/poseidon/workflows/casa-wind-workflow-full/submit/poseidon/pegasus/casa-wind-full/run0357/00/01/register_condorpool_1_2.in",2.6,0,0,,,,,,,,,
register_condorpool_1_0,None,auxiliary,0,1694450322.0,,,1694450327.0,,,0.0,1694450328.0,1694450332.0,,,0.0,1694450332.0,1694450337.0,5.0,,1.0,4.0,5.0,,,,,poseidon,local,poseidon-submit,pegasus::rc-client,/mnt/poseidon-data/poseidon/pegasus-5.1.0panorama/bin/pegasus-rc-client,"-n pegasus::rc-client -N null -R local  -L casa-wind-full -T 2023-09-08T07:29:05+00:00 /home/poseidon/pegasus-5.1.0panorama/bin/pegasus-rc-client --prefix pegasus.catalog.replica.output --conf /mnt/poseidon-data/poseidon/workflows/casa-wind-workflow-full/submit/poseidon/pegasus/casa-wind-full/run0357/pegasus.12105754674265025681.properties -v --meta /mnt/poseidon-data/poseidon/workflows/casa-wind-workflow-full/submit/poseidon/pegasus/casa-wind-full/run0357/00/01/um_vel_ID0000067.meta,/mnt/poseidon-data/poseidon/workflows/casa-wind-workflow-full/submit/poseidon/pegasus/casa-wind-full/run0357/00/00/um_vel_ID0000127.meta,/mnt/poseidon-data/poseidon/workflows/casa-wind-workflow-full/submit/poseidon/pegasus/casa-wind-full/run0357/00/00/um_vel_ID0000122.meta,/mnt/poseidon-data/poseidon/workflows/casa-wind-workflow-full/submit/poseidon/pegasus/casa-wind-full/run0357/00/00/um_vel_ID0000092.meta,/mnt/poseidon-data/poseidon/workflows/casa-wind-workflow-full/submit/poseidon/pegasus/casa-wind-full/run0357/00/01/um_vel_ID0000077.meta,/mnt/poseidon-data/poseidon/workflows/casa-wind-workflow-full/submit/poseidon/pegasus/casa-wind-full/run0357/00/01/um_vel_ID0000057.meta,/mnt/poseidon-data/poseidon/workflows/casa-wind-workflow-full/submit/poseidon/pegasus/casa-wind-full/run0357/00/00/um_vel_ID0000027.meta,/mnt/poseidon-data/poseidon/workflows/casa-wind-workflow-full/submit/poseidon/pegasus/casa-wind-full/run0357/00/01/um_vel_ID0000042.meta,/mnt/poseidon-data/poseidon/workflows/casa-wind-workflow-full/submit/poseidon/pegasus/casa-wind-full/run0357/00/00/um_vel_ID0000022.meta --insert /mnt/poseidon-data/poseidon/workflows/casa-wind-workflow-full/submit/poseidon/pegasus/casa-wind-full/run0357/00/01/register_condorpool_1_0.in",2.8,0,0,,,,,,,,,
point_alert_ID0000050,None,compute,0,1694450342.0,,,1694450347.0,1694450350.0,1694450362.0,26601006.6,1694450348.0,1694450377.0,1694450367.0,1694450370.0,6827.0,1694450377.0,1694450382.0,5.0,,1.0,29.0,5.0,12.0,176632091.0,3.0,20878.0,poseidon,condorpool,poseidon-worker-1-container-0-3,point_alert,/opt/pointAlert/pointAlert,,0.0,0,0,,,,,,,,,
point_alert_ID0000060,None,compute,0,1694450342.0,,,1694450347.0,1694450350.0,1694450361.0,34138861.6,1694450348.0,1694450377.0,1694450366.0,1694450370.0,6632.0,1694450377.0,1694450382.0,5.0,,1.0,29.0,5.0,11.0,176636147.0,4.0,20878.0,poseidon,condorpool,poseidon-worker-1-container-44-47,point_alert,/opt/pointAlert/pointAlert,,0.0,0,0,,,,,,,,,
point_alert_ID0000120,None,compute,0,1694450342.0,,,1694450347.0,1694450350.0,1694450361.0,29928616.5,1694450348.0,1694450377.0,1694450366.0,1694450369.0,7099.0,1694450377.0,1694450382.0,5.0,,1.0,29.0,5.0,11.0,176673508.0,3.0,21998.0,poseidon,condorpool,poseidon-worker-2-container-24-27,point_alert,/opt/pointAlert/pointAlert,,0.0,0,0,,,,,,,,,
point_alert_ID0000020,None,compute,0,1694450342.0,,,1694450347.0,1694450350.0,1694450362.0,28965999.6,1694450348.0,1694450377.0,1694450367.0,1694450370.0,6637.0,1694450377.0,1694450382.0,5.0,,1.0,29.0,5.0,12.0,176644228.0,3.0,20478.0,poseidon,condorpool,poseidon-worker-1-container-28-31,point_alert,/opt/pointAlert/pointAlert,,0.0,0,0,,,,,,,,,
point_alert_ID0000040,None,compute,0,1694450342.0,,,1694450347.0,1694450350.0,1694450361.0,29594247.0,1694450349.0,1694450377.0,1694450366.0,1694450370.0,6609.0,1694450377.0,1694450382.0,5.0,,2.0,28.0,5.0,11.0,176642369.0,4.0,20558.0,poseidon,condorpool,poseidon-worker-1-container-28-31,point_alert,/opt/pointAlert/pointAlert,,0.0,0,0,,,,,,,,,
point_alert_ID0000070,None,compute,0,1694450342.0,,,1694450347.0,1694450350.0,1694450362.0,27761421.2,1694450348.0,1694450377.0,1694450367.0,1694450370.0,6687.0,1694450377.0,1694450382.0,5.0,,1.0,29.0,5.0,12.0,176643292.0,3.0,20558.0,poseidon,condorpool,poseidon-worker-1-container-16-19,point_alert,/opt/pointAlert/pointAlert,,0.0,0,0,,,,,,,,,
point_alert_ID0000095,None,compute,0,1694450347.0,,,1694450352.0,1694450354.0,1694450365.0,35168414.6,1694450353.0,1694450382.0,1694450371.0,1694450374.0,6723.0,1694450382.0,1694450387.0,5.0,,1.0,29.0,5.0,11.0,176660390.0,3.0,20718.0,poseidon,condorpool,poseidon-worker-1-container-40-43,point_alert,/opt/pointAlert/pointAlert,,0.0,0,0,,,,,,,,,
point_alert_ID0000045,None,compute,0,1694450347.0,,,1694450352.0,1694450354.0,1694450365.0,29880934.0,1694450353.0,1694450382.0,1694450371.0,1694450374.0,6766.0,1694450382.0,1694450387.0,5.0,,1.0,29.0,5.0,11.0,176636096.0,3.0,20798.0,poseidon,condorpool,poseidon-worker-2-container-24-27,point_alert,/opt/pointAlert/pointAlert,,0.0,0,0,,,,,,,,,
point_alert_ID0000030,None,compute,0,1694450347.0,,,1694450352.0,1694450354.0,1694450366.0,31923526.6,1694450353.0,1694450382.0,1694450371.0,1694450374.0,6571.0,1694450382.0,1694450387.0,5.0,,1.0,29.0,5.0,12.0,176646324.0,3.0,20158.0,poseidon,condorpool,poseidon-worker-2-container-32-35,point_alert,/opt/pointAlert/pointAlert,,0.0,0,0,,,,,,,,,
point_alert_ID0000115,None,compute,0,1694450352.0,,,1694450357.0,1694450360.0,1694450371.0,29558274.0,1694450358.0,1694450387.0,1694450376.0,1694450379.0,7023.0,1694450387.0,1694450392.0,5.0,,1.0,29.0,5.0,11.0,176681217.0,3.0,21598.0,poseidon,condorpool,poseidon-worker-2-container-12-15,point_alert,/opt/pointAlert/pointAlert,,0.0,0,0,,,,,,,,,
point_alert_ID0000080,None,compute,0,1694450352.0,,,1694450357.0,1694450360.0,1694450371.0,34535359.4,1694450358.0,1694450387.0,1694450376.0,1694450379.0,6748.0,1694450387.0,1694450392.0,5.0,,1.0,29.0,5.0,11.0,176653320.0,3.0,20718.0,poseidon,condorpool,poseidon-worker-2-container-4-7,point_alert,/opt/pointAlert/pointAlert,,0.0,0,0,,,,,,,,,
point_alert_ID0000100,None,compute,0,1694450357.0,,,1694450362.0,1694450365.0,1694450376.0,29548986.0,1694450363.0,1694450392.0,1694450381.0,1694450384.0,6754.0,1694450392.0,1694450397.0,5.0,,1.0,29.0,5.0,11.0,176658101.0,3.0,20638.0,poseidon,condorpool,poseidon-worker-2-container-16-19,point_alert,/opt/pointAlert/pointAlert,,0.0,0,0,,,,,,,,,
point_alert_ID0000065,None,compute,0,1694450367.0,,,1694450372.0,1694450376.0,1694450387.0,29118323.4,1694450374.0,1694450402.0,1694450393.0,1694450396.0,6518.0,1694450402.0,1694450407.0,5.0,,2.0,28.0,5.0,11.0,176639131.0,3.0,20238.0,poseidon,condorpool,poseidon-worker-2-container-40-43,point_alert,/opt/pointAlert/pointAlert,,0.0,0,0,,,,,,,,,
stage_out_local_condorpool_2_2,None,transfer,0,1694450367.0,,,1694450372.0,,,0.0,1694450373.0,1694450382.0,,,0.0,1694450382.0,1694450387.0,5.0,,1.0,9.0,5.0,,,,,poseidon,local,poseidon-submit,pegasus::transfer,/mnt/poseidon-data/poseidon/pegasus-5.1.0panorama/bin/pegasus-transfer,/home/poseidon/pegasus-5.1.0panorama/bin/../bin/pegasus-kickstart  -n pegasus::transfer -N null -i - -R local  -L casa-wind-full -T 2023-09-08T07:29:05+00:00 /home/poseidon/pegasus-5.1.0panorama/bin/../bin/pegasus-transfer  --threads 2,0.9,0,0,,,,,,,,,
point_alert_ID0000110,None,compute,0,1694450367.0,,,1694450372.0,1694450375.0,1694450386.0,29591255.0,1694450374.0,1694450402.0,1694450392.0,1694450395.0,6757.0,1694450402.0,1694450407.0,5.0,,2.0,28.0,5.0,11.0,176667937.0,3.0,21038.0,poseidon,condorpool,poseidon-worker-2-container-28-31,point_alert,/opt/pointAlert/pointAlert,,0.0,0,0,,,,,,,,,
stage_out_local_condorpool_2_4,None,transfer,0,1694450367.0,,,1694450372.0,,,0.0,1694450373.0,1694450382.0,,,0.0,1694450382.0,1694450387.0,5.0,,1.0,9.0,5.0,,,,,poseidon,local,poseidon-submit,pegasus::transfer,/mnt/poseidon-data/poseidon/pegasus-5.1.0panorama/bin/pegasus-transfer,/home/poseidon/pegasus-5.1.0panorama/bin/../bin/pegasus-kickstart  -n pegasus::transfer -N null -i - -R local  -L casa-wind-full -T 2023-09-08T07:29:05+00:00 /home/poseidon/pegasus-5.1.0panorama/bin/../bin/pegasus-transfer  --threads 2,0.8,0,0,,,,,,,,,
point_alert_ID0000090,None,compute,0,1694450367.0,,,1694450372.0,1694450375.0,1694450386.0,33240520.2,1694450374.0,1694450402.0,1694450392.0,1694450395.0,6517.0,1694450402.0,1694450407.0,5.0,,2.0,28.0,5.0,11.0,176656458.0,3.0,20638.0,poseidon,condorpool,poseidon-worker-2-container-44-47,point_alert,/opt/pointAlert/pointAlert,,0.0,0,0,,,,,,,,,
point_alert_ID0000105,None,compute,0,1694450367.0,,,1694450372.0,1694450375.0,1694450387.0,29857255.0,1694450374.0,1694450402.0,1694450392.0,1694450395.0,6794.0,1694450402.0,1694450407.0,5.0,,2.0,28.0,5.0,12.0,176667573.0,3.0,21278.0,poseidon,condorpool,poseidon-worker-2-container-32-35,point_alert,/opt/pointAlert/pointAlert,,0.0,0,0,,,,,,,,,
point_alert_ID0000010,None,compute,0,1694450367.0,,,1694450372.0,1694450375.0,1694450386.0,29939554.5,1694450374.0,1694450402.0,1694450391.0,1694450394.0,6720.0,1694450402.0,1694450407.0,5.0,,2.0,28.0,5.0,11.0,176643412.0,3.0,20478.0,poseidon,condorpool,poseidon-worker-1-container-44-47,point_alert,/opt/pointAlert/pointAlert,,0.0,0,0,,,,,,,,,
point_alert_ID0000075,cpu_3,compute,0,1694450367.0,,,1694450372.0,1694450376.0,1694450386.0,29655821.0,1694450374.0,1694450402.0,1694450392.0,1694450395.0,6576.0,1694450402.0,1694450407.0,5.0,,2.0,28.0,5.0,10.0,176646838.0,3.0,20558.0,poseidon,condorpool,poseidon-worker-2-container-0-3,point_alert,/opt/pointAlert/pointAlert,,0.0,0,0,,,,,,,,,
point_alert_ID0000055,None,compute,0,1694450367.0,,,1694450372.0,1694450375.0,1694450386.0,32422514.6,1694450374.0,1694450402.0,1694450392.0,1694450395.0,6543.0,1694450402.0,1694450407.0,5.0,,2.0,28.0,5.0,11.0,176636535.0,3.0,20638.0,poseidon,condorpool,poseidon-worker-2-container-20-23,point_alert,/opt/pointAlert/pointAlert,,0.0,0,0,,,,,,,,,
point_alert_ID0000125,None,compute,0,1694450367.0,,,1694450372.0,1694450376.0,1694450387.0,29786219.0,1694450374.0,1694450402.0,1694450392.0,1694450396.0,7348.0,1694450402.0,1694450407.0,5.0,,2.0,28.0,5.0,11.0,176678547.0,4.0,22878.0,poseidon,condorpool,poseidon-worker-2-container-40-43,point_alert,/opt/pointAlert/pointAlert,,0.0,0,0,,,,,,,,,
point_alert_ID0000035,None,compute,0,1694450372.0,,,1694450377.0,1694450379.0,1694450390.0,34219941.6,1694450378.0,1694450407.0,1694450396.0,1694450399.0,6592.0,1694450407.0,1694450412.0,5.0,,1.0,29.0,5.0,11.0,176638959.0,3.0,20078.0,poseidon,condorpool,poseidon-worker-1-container-16-19,point_alert,/opt/pointAlert/pointAlert,,0.0,0,0,,,,,,,,,
point_alert_ID0000015,None,compute,0,1694450377.0,,,1694450382.0,1694450385.0,1694450396.0,35060915.0,1694450383.0,1694450412.0,1694450401.0,1694450404.0,6734.0,1694450412.0,1694450417.0,5.0,,1.0,29.0,5.0,11.0,176639974.0,3.0,20558.0,poseidon,condorpool,poseidon-worker-1-container-0-3,point_alert,/opt/pointAlert/pointAlert,,0.0,0,0,,,,,,,,,
stage_out_local_condorpool_2_1,None,transfer,0,1694450382.0,,,1694450387.0,,,0.0,1694450388.0,1694450397.0,,,0.0,1694450397.0,1694450402.0,5.0,,1.0,9.0,5.0,,,,,poseidon,local,poseidon-submit,pegasus::transfer,/mnt/poseidon-data/poseidon/pegasus-5.1.0panorama/bin/pegasus-transfer,/home/poseidon/pegasus-5.1.0panorama/bin/../bin/pegasus-kickstart  -n pegasus::transfer -N null -i - -R local  -L casa-wind-full -T 2023-09-08T07:29:05+00:00 /home/poseidon/pegasus-5.1.0panorama/bin/../bin/pegasus-transfer  --threads 2,0.9,0,0,,,,,,,,,
point_alert_ID0000005,None,compute,0,1694450382.0,,,1694450387.0,1694450390.0,1694450401.0,35293161.8,1694450388.0,1694450417.0,1694450406.0,1694450409.0,6638.0,1694450417.0,1694450422.0,5.0,,1.0,29.0,5.0,11.0,176636764.0,3.0,20398.0,poseidon,condorpool,poseidon-worker-1-container-28-31,point_alert,/opt/pointAlert/pointAlert,,0.0,0,0,,,,,,,,,
stage_out_local_condorpool_2_5,None,transfer,0,1694450382.0,,,1694450387.0,,,0.0,1694450388.0,1694450397.0,,,0.0,1694450397.0,1694450402.0,5.0,,1.0,9.0,5.0,,,,,poseidon,local,poseidon-submit,pegasus::transfer,/mnt/poseidon-data/poseidon/pegasus-5.1.0panorama/bin/pegasus-transfer,/home/poseidon/pegasus-5.1.0panorama/bin/../bin/pegasus-kickstart  -n pegasus::transfer -N null -i - -R local  -L casa-wind-full -T 2023-09-08T07:29:05+00:00 /home/poseidon/pegasus-5.1.0panorama/bin/../bin/pegasus-transfer  --threads 2,0.9,0,0,,,,,,,,,
point_alert_ID0000025,None,compute,0,1694450382.0,,,1694450387.0,1694450390.0,1694450401.0,29488403.5,1694450388.0,1694450417.0,1694450406.0,1694450409.0,6592.0,1694450417.0,1694450422.0,5.0,,1.0,29.0,5.0,11.0,176638688.0,3.0,20078.0,poseidon,condorpool,poseidon-worker-2-container-24-27,point_alert,/opt/pointAlert/pointAlert,,0.0,0,0,,,,,,,,,
register_condorpool_2_2,None,auxiliary,0,1694450387.0,,,1694450392.0,,,0.0,1694450393.0,1694450397.0,,,0.0,1694450397.0,1694450402.0,5.0,,1.0,4.0,5.0,,,,,poseidon,local,poseidon-submit,pegasus::rc-client,/mnt/poseidon-data/poseidon/pegasus-5.1.0panorama/bin/pegasus-rc-client,"-n pegasus::rc-client -N null -R local  -L casa-wind-full -T 2023-09-08T07:29:05+00:00 /home/poseidon/pegasus-5.1.0panorama/bin/pegasus-rc-client --prefix pegasus.catalog.replica.output --conf /mnt/poseidon-data/poseidon/workflows/casa-wind-workflow-full/submit/poseidon/pegasus/casa-wind-full/run0357/pegasus.12105754674265025681.properties -v --meta /mnt/poseidon-data/poseidon/workflows/casa-wind-workflow-full/submit/poseidon/pegasus/casa-wind-full/run0357/00/02/post_vel_ID0000073.meta,/mnt/poseidon-data/poseidon/workflows/casa-wind-workflow-full/submit/poseidon/pegasus/casa-wind-full/run0357/00/02/mvt_ID0000039.meta,/mnt/poseidon-data/poseidon/workflows/casa-wind-workflow-full/submit/poseidon/pegasus/casa-wind-full/run0357/00/01/mvt_ID0000099.meta,/mnt/poseidon-data/poseidon/workflows/casa-wind-workflow-full/submit/poseidon/pegasus/casa-wind-full/run0357/00/01/post_vel_ID0000008.meta,/mnt/poseidon-data/poseidon/workflows/casa-wind-workflow-full/submit/poseidon/pegasus/casa-wind-full/run0357/00/02/mvt_ID0000049.meta,/mnt/poseidon-data/poseidon/workflows/casa-wind-workflow-full/submit/poseidon/pegasus/casa-wind-full/run0357/00/01/mvt_ID0000019.meta,/mnt/poseidon-data/poseidon/workflows/casa-wind-workflow-full/submit/poseidon/pegasus/casa-wind-full/run0357/00/02/mvt_ID0000104.meta,/mnt/poseidon-data/poseidon/workflows/casa-wind-workflow-full/submit/poseidon/pegasus/casa-wind-full/run0357/00/01/post_vel_ID0000083.meta,/mnt/poseidon-data/poseidon/workflows/casa-wind-workflow-full/submit/poseidon/pegasus/casa-wind-full/run0357/00/01/post_vel_ID0000088.meta --insert /mnt/poseidon-data/poseidon/workflows/casa-wind-workflow-full/submit/poseidon/pegasus/casa-wind-full/run0357/00/02/register_condorpool_2_2.in",2.6,0,0,,,,,,,,,
register_condorpool_2_4,None,auxiliary,0,1694450387.0,,,1694450402.0,,,0.0,1694450402.0,1694450407.0,,,0.0,1694450407.0,1694450412.0,15.0,,0.0,5.0,5.0,,,,,poseidon,local,poseidon-submit,pegasus::rc-client,/mnt/poseidon-data/poseidon/pegasus-5.1.0panorama/bin/pegasus-rc-client,"-n pegasus::rc-client -N null -R local  -L casa-wind-full -T 2023-09-08T07:29:05+00:00 /home/poseidon/pegasus-5.1.0panorama/bin/pegasus-rc-client --prefix pegasus.catalog.replica.output --conf /mnt/poseidon-data/poseidon/workflows/casa-wind-workflow-full/submit/poseidon/pegasus/casa-wind-full/run0357/pegasus.12105754674265025681.properties -v --meta /mnt/poseidon-data/poseidon/workflows/casa-wind-workflow-full/submit/poseidon/pegasus/casa-wind-full/run0357/00/02/post_vel_ID0000108.meta,/mnt/poseidon-data/poseidon/workflows/casa-wind-workflow-full/submit/poseidon/pegasus/casa-wind-full/run0357/00/01/post_vel_ID0000063.meta,/mnt/poseidon-data/poseidon/workflows/casa-wind-workflow-full/submit/poseidon/pegasus/casa-wind-full/run0357/00/01/post_vel_ID0000013.meta,/mnt/poseidon-data/poseidon/workflows/casa-wind-workflow-full/submit/poseidon/pegasus/casa-wind-full/run0357/00/02/mvt_ID0000054.meta,/mnt/poseidon-data/poseidon/workflows/casa-wind-workflow-full/submit/poseidon/pegasus/casa-wind-full/run0357/00/01/post_vel_ID0000033.meta,/mnt/poseidon-data/poseidon/workflows/casa-wind-workflow-full/submit/poseidon/pegasus/casa-wind-full/run0357/00/02/post_vel_ID0000113.meta,/mnt/poseidon-data/poseidon/workflows/casa-wind-workflow-full/submit/poseidon/pegasus/casa-wind-full/run0357/00/01/post_vel_ID0000003.meta,/mnt/poseidon-data/poseidon/workflows/casa-wind-workflow-full/submit/poseidon/pegasus/casa-wind-full/run0357/00/01/post_vel_ID0000118.meta --insert /mnt/poseidon-data/poseidon/workflows/casa-wind-workflow-full/submit/poseidon/pegasus/casa-wind-full/run0357/00/02/register_condorpool_2_4.in",2.7,0,0,,,,,,,,,
register_condorpool_2_5,None,auxiliary,0,1694450402.0,,,1694450422.0,,,0.0,1694450422.0,1694450427.0,,,0.0,1694450427.0,1694450432.0,20.0,,0.0,5.0,5.0,,,,,poseidon,local,poseidon-submit,pegasus::rc-client,/mnt/poseidon-data/poseidon/pegasus-5.1.0panorama/bin/pegasus-rc-client,"-n pegasus::rc-client -N null -R local  -L casa-wind-full -T 2023-09-08T07:29:05+00:00 /home/poseidon/pegasus-5.1.0panorama/bin/pegasus-rc-client --prefix pegasus.catalog.replica.output --conf /mnt/poseidon-data/poseidon/workflows/casa-wind-workflow-full/submit/poseidon/pegasus/casa-wind-full/run0357/pegasus.12105754674265025681.properties -v --meta /mnt/poseidon-data/poseidon/workflows/casa-wind-workflow-full/submit/poseidon/pegasus/casa-wind-full/run0357/00/01/mvt_ID0000004.meta,/mnt/poseidon-data/poseidon/workflows/casa-wind-workflow-full/submit/poseidon/pegasus/casa-wind-full/run0357/00/01/mvt_ID0000119.meta,/mnt/poseidon-data/poseidon/workflows/casa-wind-workflow-full/submit/poseidon/pegasus/casa-wind-full/run0357/00/02/post_vel_ID0000053.meta,/mnt/poseidon-data/poseidon/workflows/casa-wind-workflow-full/submit/poseidon/pegasus/casa-wind-full/run0357/00/02/mvt_ID0000114.meta,/mnt/poseidon-data/poseidon/workflows/casa-wind-workflow-full/submit/poseidon/pegasus/casa-wind-full/run0357/00/01/mvt_ID0000034.meta,/mnt/poseidon-data/poseidon/workflows/casa-wind-workflow-full/submit/poseidon/pegasus/casa-wind-full/run0357/00/01/mvt_ID0000014.meta,/mnt/poseidon-data/poseidon/workflows/casa-wind-workflow-full/submit/poseidon/pegasus/casa-wind-full/run0357/00/02/mvt_ID0000109.meta,/mnt/poseidon-data/poseidon/workflows/casa-wind-workflow-full/submit/poseidon/pegasus/casa-wind-full/run0357/00/01/mvt_ID0000064.meta --insert /mnt/poseidon-data/poseidon/workflows/casa-wind-workflow-full/submit/poseidon/pegasus/casa-wind-full/run0357/00/02/register_condorpool_2_5.in",2.7,0,0,,,,,,,,,
register_condorpool_2_1,None,auxiliary,0,1694450402.0,,,1694450412.0,,,0.0,1694450413.0,1694450417.0,,,0.0,1694450417.0,1694450422.0,10.0,,1.0,4.0,5.0,,,,,poseidon,local,poseidon-submit,pegasus::rc-client,/mnt/poseidon-data/poseidon/pegasus-5.1.0panorama/bin/pegasus-rc-client,"-n pegasus::rc-client -N null -R local  -L casa-wind-full -T 2023-09-08T07:29:05+00:00 /home/poseidon/pegasus-5.1.0panorama/bin/pegasus-rc-client --prefix pegasus.catalog.replica.output --conf /mnt/poseidon-data/poseidon/workflows/casa-wind-workflow-full/submit/poseidon/pegasus/casa-wind-full/run0357/pegasus.12105754674265025681.properties -v --meta /mnt/poseidon-data/poseidon/workflows/casa-wind-workflow-full/submit/poseidon/pegasus/casa-wind-full/run0357/00/01/post_vel_ID0000028.meta,/mnt/poseidon-data/poseidon/workflows/casa-wind-workflow-full/submit/poseidon/pegasus/casa-wind-full/run0357/00/02/post_vel_ID0000043.meta,/mnt/poseidon-data/poseidon/workflows/casa-wind-workflow-full/submit/poseidon/pegasus/casa-wind-full/run0357/00/01/post_vel_ID0000128.meta,/mnt/poseidon-data/poseidon/workflows/casa-wind-workflow-full/submit/poseidon/pegasus/casa-wind-full/run0357/00/01/mvt_ID0000094.meta,/mnt/poseidon-data/poseidon/workflows/casa-wind-workflow-full/submit/poseidon/pegasus/casa-wind-full/run0357/00/01/mvt_ID0000069.meta,/mnt/poseidon-data/poseidon/workflows/casa-wind-workflow-full/submit/poseidon/pegasus/casa-wind-full/run0357/00/02/mvt_ID0000059.meta,/mnt/poseidon-data/poseidon/workflows/casa-wind-workflow-full/submit/poseidon/pegasus/casa-wind-full/run0357/00/01/mvt_ID0000124.meta,/mnt/poseidon-data/poseidon/workflows/casa-wind-workflow-full/submit/poseidon/pegasus/casa-wind-full/run0357/00/01/mvt_ID0000024.meta,/mnt/poseidon-data/poseidon/workflows/casa-wind-workflow-full/submit/poseidon/pegasus/casa-wind-full/run0357/00/02/mvt_ID0000079.meta --insert /mnt/poseidon-data/poseidon/workflows/casa-wind-workflow-full/submit/poseidon/pegasus/casa-wind-full/run0357/00/02/register_condorpool_2_1.in",2.6,0,0,,,,,,,,,
point_alert_ID0000085,None,compute,0,1694450407.0,,,1694450412.0,1694450415.0,1694450426.0,31513484.0,1694450414.0,1694450442.0,1694450432.0,1694450435.0,6870.0,1694450442.0,1694450447.0,5.0,,2.0,28.0,5.0,11.0,176655981.0,3.0,21118.0,poseidon,condorpool,poseidon-worker-2-container-40-43,point_alert,/opt/pointAlert/pointAlert,,0.0,0,0,,,,,,,,,
stage_out_local_condorpool_2_3,None,transfer,0,1694450407.0,,,1694450412.0,,,0.0,1694450413.0,1694450422.0,,,0.0,1694450422.0,1694450427.0,5.0,,1.0,9.0,5.0,,,,,poseidon,local,poseidon-submit,pegasus::transfer,/mnt/poseidon-data/poseidon/pegasus-5.1.0panorama/bin/pegasus-transfer,/home/poseidon/pegasus-5.1.0panorama/bin/../bin/pegasus-kickstart  -n pegasus::transfer -N null -i - -R local  -L casa-wind-full -T 2023-09-08T07:29:05+00:00 /home/poseidon/pegasus-5.1.0panorama/bin/../bin/pegasus-transfer  --threads 2,0.9,0,0,,,,,,,,,
stage_out_local_condorpool_2_0,None,transfer,0,1694450407.0,,,1694450412.0,,,0.0,1694450413.0,1694450422.0,,,0.0,1694450422.0,1694450427.0,5.0,,1.0,9.0,5.0,,,,,poseidon,local,poseidon-submit,pegasus::transfer,/mnt/poseidon-data/poseidon/pegasus-5.1.0panorama/bin/pegasus-transfer,/home/poseidon/pegasus-5.1.0panorama/bin/../bin/pegasus-kickstart  -n pegasus::transfer -N null -i - -R local  -L casa-wind-full -T 2023-09-08T07:29:05+00:00 /home/poseidon/pegasus-5.1.0panorama/bin/../bin/pegasus-transfer  --threads 2,0.9,0,0,,,,,,,,,
point_alert_ID0000130,None,compute,0,1694450407.0,,,1694450412.0,1694450415.0,1694450426.0,35113332.8,1694450414.0,1694450442.0,1694450431.0,1694450434.0,7378.0,1694450442.0,1694450447.0,5.0,,2.0,28.0,5.0,11.0,176672472.0,3.0,23118.0,poseidon,condorpool,poseidon-worker-1-container-16-19,point_alert,/opt/pointAlert/pointAlert,,0.0,0,0,,,,,,,,,
stage_out_local_condorpool_3_2,None,transfer,0,1694450422.0,,,1694450427.0,,,0.0,1694450428.0,1694450432.0,,,0.0,1694450432.0,1694450437.0,5.0,,1.0,4.0,5.0,,,,,poseidon,local,poseidon-submit,pegasus::transfer,/mnt/poseidon-data/poseidon/pegasus-5.1.0panorama/bin/pegasus-transfer,/home/poseidon/pegasus-5.1.0panorama/bin/../bin/pegasus-kickstart  -n pegasus::transfer -N null -i - -R local  -L casa-wind-full -T 2023-09-08T07:29:05+00:00 /home/poseidon/pegasus-5.1.0panorama/bin/../bin/pegasus-transfer  --threads 2,0.8,0,0,,,,,,,,,
register_condorpool_2_3,None,auxiliary,0,1694450427.0,,,1694450452.0,,,0.0,1694450453.0,1694450457.0,,,0.0,1694450457.0,1694450462.0,25.0,,1.0,4.0,5.0,,,,,poseidon,local,poseidon-submit,pegasus::rc-client,/mnt/poseidon-data/poseidon/pegasus-5.1.0panorama/bin/pegasus-rc-client,"-n pegasus::rc-client -N null -R local  -L casa-wind-full -T 2023-09-08T07:29:05+00:00 /home/poseidon/pegasus-5.1.0panorama/bin/pegasus-rc-client --prefix pegasus.catalog.replica.output --conf /mnt/poseidon-data/poseidon/workflows/casa-wind-workflow-full/submit/poseidon/pegasus/casa-wind-full/run0357/pegasus.12105754674265025681.properties -v --meta /mnt/poseidon-data/poseidon/workflows/casa-wind-workflow-full/submit/poseidon/pegasus/casa-wind-full/run0357/00/01/mvt_ID0000084.meta,/mnt/poseidon-data/poseidon/workflows/casa-wind-workflow-full/submit/poseidon/pegasus/casa-wind-full/run0357/00/02/post_vel_ID0000103.meta,/mnt/poseidon-data/poseidon/workflows/casa-wind-workflow-full/submit/poseidon/pegasus/casa-wind-full/run0357/00/01/post_vel_ID0000098.meta,/mnt/poseidon-data/poseidon/workflows/casa-wind-workflow-full/submit/poseidon/pegasus/casa-wind-full/run0357/00/02/post_vel_ID0000048.meta,/mnt/poseidon-data/poseidon/workflows/casa-wind-workflow-full/submit/poseidon/pegasus/casa-wind-full/run0357/00/01/mvt_ID0000009.meta,/mnt/poseidon-data/poseidon/workflows/casa-wind-workflow-full/submit/poseidon/pegasus/casa-wind-full/run0357/00/01/post_vel_ID0000018.meta,/mnt/poseidon-data/poseidon/workflows/casa-wind-workflow-full/submit/poseidon/pegasus/casa-wind-full/run0357/00/01/mvt_ID0000089.meta,/mnt/poseidon-data/poseidon/workflows/casa-wind-workflow-full/submit/poseidon/pegasus/casa-wind-full/run0357/00/02/mvt_ID0000074.meta,/mnt/poseidon-data/poseidon/workflows/casa-wind-workflow-full/submit/poseidon/pegasus/casa-wind-full/run0357/00/02/post_vel_ID0000038.meta --insert /mnt/poseidon-data/poseidon/workflows/casa-wind-workflow-full/submit/poseidon/pegasus/casa-wind-full/run0357/00/02/register_condorpool_2_3.in",2.7,0,0,,,,,,,,,
register_condorpool_2_0,None,auxiliary,0,1694450427.0,,,1694450432.0,,,0.0,1694450433.0,1694450437.0,,,0.0,1694450437.0,1694450442.0,5.0,,1.0,4.0,5.0,,,,,poseidon,local,poseidon-submit,pegasus::rc-client,/mnt/poseidon-data/poseidon/pegasus-5.1.0panorama/bin/pegasus-rc-client,"-n pegasus::rc-client -N null -R local  -L casa-wind-full -T 2023-09-08T07:29:05+00:00 /home/poseidon/pegasus-5.1.0panorama/bin/pegasus-rc-client --prefix pegasus.catalog.replica.output --conf /mnt/poseidon-data/poseidon/workflows/casa-wind-workflow-full/submit/poseidon/pegasus/casa-wind-full/run0357/pegasus.12105754674265025681.properties -v --meta /mnt/poseidon-data/poseidon/workflows/casa-wind-workflow-full/submit/poseidon/pegasus/casa-wind-full/run0357/00/01/post_vel_ID0000023.meta,/mnt/poseidon-data/poseidon/workflows/casa-wind-workflow-full/submit/poseidon/pegasus/casa-wind-full/run0357/00/01/post_vel_ID0000093.meta,/mnt/poseidon-data/poseidon/workflows/casa-wind-workflow-full/submit/poseidon/pegasus/casa-wind-full/run0357/00/01/mvt_ID0000129.meta,/mnt/poseidon-data/poseidon/workflows/casa-wind-workflow-full/submit/poseidon/pegasus/casa-wind-full/run0357/00/02/mvt_ID0000044.meta,/mnt/poseidon-data/poseidon/workflows/casa-wind-workflow-full/submit/poseidon/pegasus/casa-wind-full/run0357/00/02/post_vel_ID0000058.meta,/mnt/poseidon-data/poseidon/workflows/casa-wind-workflow-full/submit/poseidon/pegasus/casa-wind-full/run0357/00/01/post_vel_ID0000068.meta,/mnt/poseidon-data/poseidon/workflows/casa-wind-workflow-full/submit/poseidon/pegasus/casa-wind-full/run0357/00/01/post_vel_ID0000123.meta,/mnt/poseidon-data/poseidon/workflows/casa-wind-workflow-full/submit/poseidon/pegasus/casa-wind-full/run0357/00/02/post_vel_ID0000078.meta,/mnt/poseidon-data/poseidon/workflows/casa-wind-workflow-full/submit/poseidon/pegasus/casa-wind-full/run0357/00/01/mvt_ID0000029.meta --insert /mnt/poseidon-data/poseidon/workflows/casa-wind-workflow-full/submit/poseidon/pegasus/casa-wind-full/run0357/00/02/register_condorpool_2_0.in",2.7,0,0,,,,,,,,,
register_condorpool_3_2,None,auxiliary,0,1694450437.0,,,1694450442.0,,,0.0,1694450442.0,1694450447.0,,,0.0,1694450447.0,1694450452.0,5.0,,0.0,5.0,5.0,,,,,poseidon,local,poseidon-submit,pegasus::rc-client,/mnt/poseidon-data/poseidon/pegasus-5.1.0panorama/bin/pegasus-rc-client,"-n pegasus::rc-client -N null -R local  -L casa-wind-full -T 2023-09-08T07:29:05+00:00 /home/poseidon/pegasus-5.1.0panorama/bin/pegasus-rc-client --prefix pegasus.catalog.replica.output --conf /mnt/poseidon-data/poseidon/workflows/casa-wind-workflow-full/submit/poseidon/pegasus/casa-wind-full/run0357/pegasus.12105754674265025681.properties -v --meta /mnt/poseidon-data/poseidon/workflows/casa-wind-workflow-full/submit/poseidon/pegasus/casa-wind-full/run0357/00/03/point_alert_ID0000110.meta,/mnt/poseidon-data/poseidon/workflows/casa-wind-workflow-full/submit/poseidon/pegasus/casa-wind-full/run0357/00/03/point_alert_ID0000055.meta,/mnt/poseidon-data/poseidon/workflows/casa-wind-workflow-full/submit/poseidon/pegasus/casa-wind-full/run0357/00/02/point_alert_ID0000115.meta,/mnt/poseidon-data/poseidon/workflows/casa-wind-workflow-full/submit/poseidon/pegasus/casa-wind-full/run0357/00/02/point_alert_ID0000120.meta,/mnt/poseidon-data/poseidon/workflows/casa-wind-workflow-full/submit/poseidon/pegasus/casa-wind-full/run0357/00/02/point_alert_ID0000035.meta,/mnt/poseidon-data/poseidon/workflows/casa-wind-workflow-full/submit/poseidon/pegasus/casa-wind-full/run0357/00/02/point_alert_ID0000015.meta,/mnt/poseidon-data/poseidon/workflows/casa-wind-workflow-full/submit/poseidon/pegasus/casa-wind-full/run0357/00/02/point_alert_ID0000065.meta,/mnt/poseidon-data/poseidon/workflows/casa-wind-workflow-full/submit/poseidon/pegasus/casa-wind-full/run0357/00/02/point_alert_ID0000005.meta --insert /mnt/poseidon-data/poseidon/workflows/casa-wind-workflow-full/submit/poseidon/pegasus/casa-wind-full/run0357/00/03/register_condorpool_3_2.in",2.7,0,0,,,,,,,,,
stage_out_local_condorpool_3_0,None,transfer,0,1694450447.0,,,1694450452.0,,,0.0,1694450453.0,1694450457.0,,,0.0,1694450457.0,1694450462.0,5.0,,1.0,4.0,5.0,,,,,poseidon,local,poseidon-submit,pegasus::transfer,/mnt/poseidon-data/poseidon/pegasus-5.1.0panorama/bin/pegasus-transfer,/home/poseidon/pegasus-5.1.0panorama/bin/../bin/pegasus-kickstart  -n pegasus::transfer -N null -i - -R local  -L casa-wind-full -T 2023-09-08T07:29:05+00:00 /home/poseidon/pegasus-5.1.0panorama/bin/../bin/pegasus-transfer  --threads 2,0.9,0,0,,,,,,,,,
stage_out_local_condorpool_3_1,None,transfer,0,1694450447.0,,,1694450452.0,,,0.0,1694450453.0,1694450457.0,,,0.0,1694450457.0,1694450462.0,5.0,,1.0,4.0,5.0,,,,,poseidon,local,poseidon-submit,pegasus::transfer,/mnt/poseidon-data/poseidon/pegasus-5.1.0panorama/bin/pegasus-transfer,/home/poseidon/pegasus-5.1.0panorama/bin/../bin/pegasus-kickstart  -n pegasus::transfer -N null -i - -R local  -L casa-wind-full -T 2023-09-08T07:29:05+00:00 /home/poseidon/pegasus-5.1.0panorama/bin/../bin/pegasus-transfer  --threads 2,0.9,0,0,,,,,,,,,
cleanup_casa-wind-full_0_condorpool,None,auxiliary,0,1694450462.0,,,1694450467.0,,,0.0,1694450468.0,1694450477.0,,,0.0,1694450477.0,1694450482.0,5.0,,1.0,9.0,5.0,,,,,poseidon,local,poseidon-submit,pegasus::cleanup,/mnt/poseidon-data/poseidon/pegasus-5.1.0panorama/bin/pegasus-transfer,pegasus-kickstart  -n pegasus::cleanup -N null -i - -R local  -L casa-wind-full -T 2023-09-08T07:29:05+00:00 pegasus-transfer,0.2,0,0,,,,,,,,,
register_condorpool_3_0,None,auxiliary,0,1694450462.0,,,1694450477.0,,,0.0,1694450477.0,1694450482.0,,,0.0,1694450482.0,1694450487.0,15.0,,0.0,5.0,5.0,,,,,poseidon,local,poseidon-submit,pegasus::rc-client,/mnt/poseidon-data/poseidon/pegasus-5.1.0panorama/bin/pegasus-rc-client,"-n pegasus::rc-client -N null -R local  -L casa-wind-full -T 2023-09-08T07:29:05+00:00 /home/poseidon/pegasus-5.1.0panorama/bin/pegasus-rc-client --prefix pegasus.catalog.replica.output --conf /mnt/poseidon-data/poseidon/workflows/casa-wind-workflow-full/submit/poseidon/pegasus/casa-wind-full/run0357/pegasus.12105754674265025681.properties -v --meta /mnt/poseidon-data/poseidon/workflows/casa-wind-workflow-full/submit/poseidon/pegasus/casa-wind-full/run0357/00/02/point_alert_ID0000125.meta,/mnt/poseidon-data/poseidon/workflows/casa-wind-workflow-full/submit/poseidon/pegasus/casa-wind-full/run0357/00/02/point_alert_ID0000095.meta,/mnt/poseidon-data/poseidon/workflows/casa-wind-workflow-full/submit/poseidon/pegasus/casa-wind-full/run0357/00/03/point_alert_ID0000060.meta,/mnt/poseidon-data/poseidon/workflows/casa-wind-workflow-full/submit/poseidon/pegasus/casa-wind-full/run0357/00/02/point_alert_ID0000030.meta,/mnt/poseidon-data/poseidon/workflows/casa-wind-workflow-full/submit/poseidon/pegasus/casa-wind-full/run0357/00/02/point_alert_ID0000025.meta,/mnt/poseidon-data/poseidon/workflows/casa-wind-workflow-full/submit/poseidon/pegasus/casa-wind-full/run0357/00/03/point_alert_ID0000045.meta,/mnt/poseidon-data/poseidon/workflows/casa-wind-workflow-full/submit/poseidon/pegasus/casa-wind-full/run0357/00/02/point_alert_ID0000130.meta,/mnt/poseidon-data/poseidon/workflows/casa-wind-workflow-full/submit/poseidon/pegasus/casa-wind-full/run0357/00/02/point_alert_ID0000070.meta,/mnt/poseidon-data/poseidon/workflows/casa-wind-workflow-full/submit/poseidon/pegasus/casa-wind-full/run0357/00/02/point_alert_ID0000080.meta --insert /mnt/poseidon-data/poseidon/workflows/casa-wind-workflow-full/submit/poseidon/pegasus/casa-wind-full/run0357/00/03/register_condorpool_3_0.in",2.9,0,0,,,,,,,,,
register_condorpool_3_1,None,auxiliary,0,1694450462.0,,,1694450467.0,,,0.0,1694450468.0,1694450472.0,,,0.0,1694450472.0,1694450477.0,5.0,,1.0,4.0,5.0,,,,,poseidon,local,poseidon-submit,pegasus::rc-client,/mnt/poseidon-data/poseidon/pegasus-5.1.0panorama/bin/pegasus-rc-client,"-n pegasus::rc-client -N null -R local  -L casa-wind-full -T 2023-09-08T07:29:05+00:00 /home/poseidon/pegasus-5.1.0panorama/bin/pegasus-rc-client --prefix pegasus.catalog.replica.output --conf /mnt/poseidon-data/poseidon/workflows/casa-wind-workflow-full/submit/poseidon/pegasus/casa-wind-full/run0357/pegasus.12105754674265025681.properties -v --meta /mnt/poseidon-data/poseidon/workflows/casa-wind-workflow-full/submit/poseidon/pegasus/casa-wind-full/run0357/00/02/point_alert_ID0000010.meta,/mnt/poseidon-data/poseidon/workflows/casa-wind-workflow-full/submit/poseidon/pegasus/casa-wind-full/run0357/00/02/point_alert_ID0000090.meta,/mnt/poseidon-data/poseidon/workflows/casa-wind-workflow-full/submit/poseidon/pegasus/casa-wind-full/run0357/00/02/point_alert_ID0000085.meta,/mnt/poseidon-data/poseidon/workflows/casa-wind-workflow-full/submit/poseidon/pegasus/casa-wind-full/run0357/00/02/point_alert_ID0000075.meta,/mnt/poseidon-data/poseidon/workflows/casa-wind-workflow-full/submit/poseidon/pegasus/casa-wind-full/run0357/00/02/point_alert_ID0000100.meta,/mnt/poseidon-data/poseidon/workflows/casa-wind-workflow-full/submit/poseidon/pegasus/casa-wind-full/run0357/00/03/point_alert_ID0000040.meta,/mnt/poseidon-data/poseidon/workflows/casa-wind-workflow-full/submit/poseidon/pegasus/casa-wind-full/run0357/00/02/point_alert_ID0000020.meta,/mnt/poseidon-data/poseidon/workflows/casa-wind-workflow-full/submit/poseidon/pegasus/casa-wind-full/run0357/00/03/point_alert_ID0000050.meta,/mnt/poseidon-data/poseidon/workflows/casa-wind-workflow-full/submit/poseidon/pegasus/casa-wind-full/run0357/00/03/point_alert_ID0000105.meta --insert /mnt/poseidon-data/poseidon/workflows/casa-wind-workflow-full/submit/poseidon/pegasus/casa-wind-full/run0357/00/03/register_condorpool_3_1.in",2.7,0,0,,,,,,,,,
