,anomaly_type,type,is_clustered,ready,pre_script_start,pre_script_end,submit,stage_in_start,stage_in_end,stage_in_effective_bytes_per_sec,execute_start,execute_end,stage_out_start,stage_out_end,stage_out_effective_bytes_per_sec,post_script_start,post_script_end,wms_delay,pre_script_delay,queue_delay,runtime,post_script_delay,stage_in_delay,stage_in_bytes,stage_out_delay,stage_out_bytes,kickstart_user,kickstart_site,kickstart_hostname,kickstart_transformations,kickstart_executables,kickstart_executables_argv,kickstart_executables_cpu_time,kickstart_status,kickstart_executables_exitcode,kickstart_online_iowait,kickstart_online_bytes_read,kickstart_online_bytes_written,kickstart_online_read_system_calls,kickstart_online_write_system_calls,kickstart_online_utime,kickstart_online_stime,kickstart_online_bytes_read_per_second,kickstart_online_bytes_written_per_second
create_dir_casa-wind-full_0_condorpool,None,auxiliary,0,1694472548.0,,,1694472549.0,,,0.0,1694472553.0,1694472559.0,,,0.0,1694472559.0,1694472564.0,1.0,,4.0,6.0,5.0,,,,,poseidon,local,poseidon-submit,pegasus::dirmanager,/mnt/poseidon-data/poseidon/pegasus-5.1.0panorama/bin/pegasus-transfer,pegasus-kickstart  -n pegasus::dirmanager -N null -i - -R local  -L casa-wind-full -T 2023-09-08T07:29:05+00:00 pegasus-transfer,0.2,0,0,,,,,,,,,
unzip_ID0000006,None,compute,0,1694472564.0,,,1694472570.0,1694472593.0,1694472602.0,26070749.0,1694472592.0,1694472645.0,1694472615.0,1694472636.0,23864420.0,1694472645.0,1694472651.0,6.0,,22.0,53.0,6.0,9.0,222753803.0,21.0,501616588.0,poseidon,condorpool,poseidon-worker-2-container-44-47,unzip,/usr/bin/gunzip,,3.8,0,0,,,,,,,,,
unzip_ID0000106,None,compute,0,1694472564.0,,,1694472570.0,1694472594.0,1694472602.0,29799660.0,1694472592.0,1694472640.0,1694472615.0,1694472632.0,30006823.0,1694472640.0,1694472645.0,6.0,,22.0,48.0,5.0,8.0,241199298.0,17.0,501821816.0,poseidon,condorpool,poseidon-worker-1-container-44-47,unzip,/usr/bin/gunzip,,4.1,0,0,,,,,,,,,
unzip_ID0000046,None,compute,0,1694472564.0,,,1694472570.0,1694472590.0,1694472600.0,23892908.0,1694472588.0,1694472640.0,1694472614.0,1694472631.0,30868744.0,1694472640.0,1694472645.0,6.0,,18.0,52.0,5.0,10.0,229692821.0,17.0,523855228.0,poseidon,condorpool,poseidon-worker-2-container-0-3,unzip,/usr/bin/gunzip,,4.0,0,0,,,,,,,,,
unzip_ID0000101,None,compute,0,1694472564.0,,,1694472570.0,1694472590.0,1694472598.0,31423720.0,1694472588.0,1694472630.0,1694472610.0,1694472622.0,47471203.0,1694472630.0,1694472635.0,6.0,,18.0,42.0,5.0,8.0,250988249.0,12.0,561551644.0,poseidon,condorpool,poseidon-worker-2-container-4-7,unzip,/usr/bin/gunzip,,4.2,0,0,,,,,,,,,
unzip_ID0000026,None,compute,0,1694472564.0,,,1694472570.0,1694472590.0,1694472599.0,23857675.0,1694472588.0,1694472645.0,1694472614.0,1694472637.0,23090522.0,1694472645.0,1694472651.0,6.0,,18.0,57.0,6.0,9.0,227963832.0,23.0,523917888.0,poseidon,condorpool,poseidon-worker-2-container-8-11,unzip,/usr/bin/gunzip,,4.0,0,0,,,,,,,,,
unzip_ID0000126,None,compute,0,1694472564.0,,,1694472570.0,1694472590.0,1694472599.0,29403628.0,1694472588.0,1694472630.0,1694472612.0,1694472624.0,43390417.0,1694472630.0,1694472635.0,6.0,,18.0,42.0,5.0,9.0,249343892.0,12.0,520618424.0,poseidon,condorpool,poseidon-worker-1-container-4-7,unzip,/usr/bin/gunzip,,4.2,0,0,,,,,,,,,
unzip_ID0000031,None,compute,0,1694472564.0,,,1694472570.0,1694472590.0,1694472599.0,26612836.0,1694472588.0,1694472630.0,1694472612.0,1694472623.0,48481176.0,1694472630.0,1694472635.0,6.0,,18.0,42.0,5.0,9.0,237517035.0,11.0,539438752.0,poseidon,condorpool,poseidon-worker-1-container-32-35,unzip,/usr/bin/gunzip,,4.1,0,0,,,,,,,,,
unzip_ID0000011,cpu_3,compute,0,1694472564.0,,,1694472570.0,1694472591.0,1694472598.0,33316175.0,1694472589.0,1694472630.0,1694472611.0,1694472623.0,48044900.0,1694472630.0,1694472635.0,6.0,,19.0,41.0,5.0,7.0,235998389.0,12.0,565205920.0,poseidon,condorpool,poseidon-worker-2-container-20-23,unzip,/usr/bin/gunzip,,4.2,0,0,,,,,,,,,
unzip_ID0000056,None,compute,0,1694472564.0,,,1694472570.0,1694472590.0,1694472599.0,27502437.0,1694472588.0,1694472630.0,1694472611.0,1694472622.0,47823878.0,1694472630.0,1694472635.0,6.0,,18.0,42.0,5.0,9.0,232139969.0,11.0,528026776.0,poseidon,condorpool,poseidon-worker-1-container-16-19,unzip,/usr/bin/gunzip,,4.1,0,0,,,,,,,,,
unzip_ID0000111,cpu_3,compute,0,1694472564.0,,,1694472570.0,1694472591.0,1694472601.0,25838067.0,1694472589.0,1694472640.0,1694472614.0,1694472633.0,29589626.0,1694472640.0,1694472645.0,6.0,,19.0,51.0,5.0,10.0,256320311.0,19.0,567950764.0,poseidon,condorpool,poseidon-worker-2-container-16-19,unzip,/usr/bin/gunzip,,4.4,0,0,,,,,,,,,
unzip_ID0000071,None,compute,0,1694472564.0,,,1694472569.0,1694472590.0,1694472600.0,24796925.0,1694472589.0,1694472635.0,1694472612.0,1694472629.0,32432878.0,1694472635.0,1694472640.0,5.0,,20.0,46.0,5.0,10.0,240896692.0,17.0,539506600.0,poseidon,condorpool,poseidon-worker-1-container-0-3,unzip,/usr/bin/gunzip,,4.1,0,0,,,,,,,,,
unzip_ID0000051,None,compute,0,1694472564.0,,,1694472569.0,1694472590.0,1694472600.0,23215527.0,1694472588.0,1694472630.0,1694472612.0,1694472624.0,45045744.0,1694472630.0,1694472635.0,5.0,,19.0,42.0,5.0,10.0,239630266.0,12.0,544301296.0,poseidon,condorpool,poseidon-worker-1-container-20-23,unzip,/usr/bin/gunzip,,4.1,0,0,,,,,,,,,
unzip_ID0000076,None,compute,0,1694472564.0,,,1694472570.0,1694472591.0,1694472600.0,24466051.0,1694472589.0,1694472640.0,1694472614.0,1694472632.0,29321004.0,1694472640.0,1694472645.0,6.0,,19.0,51.0,5.0,9.0,233747923.0,18.0,523942844.0,poseidon,condorpool,poseidon-worker-2-container-12-15,unzip,/usr/bin/gunzip,,4.1,0,0,,,,,,,,,
unzip_ID0000091,None,compute,0,1694472564.0,,,1694472569.0,1694472590.0,1694472599.0,27756004.0,1694472588.0,1694472630.0,1694472612.0,1694472622.0,49519309.0,1694472630.0,1694472635.0,5.0,,19.0,42.0,5.0,9.0,246447087.0,10.0,539109992.0,poseidon,condorpool,poseidon-worker-1-container-12-15,unzip,/usr/bin/gunzip,,4.2,0,0,,,,,,,,,
unzip_ID0000096,None,compute,0,1694472564.0,,,1694472569.0,1694472590.0,1694472599.0,28943229.0,1694472589.0,1694472635.0,1694472613.0,1694472627.0,38352083.0,1694472635.0,1694472640.0,5.0,,20.0,46.0,5.0,9.0,240753402.0,14.0,524013876.0,poseidon,condorpool,poseidon-worker-2-container-32-35,unzip,/usr/bin/gunzip,,4.1,0,0,,,,,,,,,
unzip_ID0000041,cpu_3,compute,0,1694472564.0,,,1694472569.0,1694472590.0,1694472599.0,26733194.0,1694472588.0,1694472640.0,1694472614.0,1694472633.0,28621661.0,1694472640.0,1694472645.0,5.0,,19.0,52.0,5.0,9.0,238944758.0,19.0,540768928.0,poseidon,condorpool,poseidon-worker-2-container-40-43,unzip,/usr/bin/gunzip,,4.2,0,0,,,,,,,,,
unzip_ID0000061,None,compute,0,1694472564.0,,,1694472569.0,1694472590.0,1694472599.0,27776005.0,1694472588.0,1694472630.0,1694472612.0,1694472623.0,49207350.0,1694472630.0,1694472635.0,5.0,,19.0,42.0,5.0,9.0,240463185.0,11.0,541945820.0,poseidon,condorpool,poseidon-worker-1-container-24-27,unzip,/usr/bin/gunzip,,4.1,0,0,,,,,,,,,
unzip_ID0000001,None,compute,0,1694472564.0,,,1694472569.0,1694472590.0,1694472601.0,22148016.0,1694472588.0,1694472640.0,1694472613.0,1694472630.0,33090402.0,1694472640.0,1694472645.0,5.0,,19.0,52.0,5.0,11.0,232473216.0,17.0,561354992.0,poseidon,condorpool,poseidon-worker-1-container-8-11,unzip,/usr/bin/gunzip,,4.2,0,0,,,,,,,,,
unzip_ID0000121,cpu_3,compute,0,1694472564.0,,,1694472569.0,1694472591.0,1694472598.0,33925895.0,1694472589.0,1694472635.0,1694472613.0,1694472630.0,33277079.0,1694472635.0,1694472640.0,5.0,,20.0,46.0,5.0,7.0,250860096.0,17.0,550782944.0,poseidon,condorpool,poseidon-worker-2-container-36-39,unzip,/usr/bin/gunzip,,4.3,0,0,,,,,,,,,
unzip_ID0000066,None,compute,0,1694472564.0,,,1694472569.0,1694472591.0,1694472598.0,33404183.0,1694472589.0,1694472630.0,1694472610.0,1694472619.0,57513809.0,1694472630.0,1694472635.0,5.0,,20.0,41.0,5.0,7.0,232031705.0,9.0,523661496.0,poseidon,condorpool,poseidon-worker-1-container-36-39,unzip,/usr/bin/gunzip,,4.0,0,0,,,,,,,,,
unzip_ID0000081,None,compute,0,1694472564.0,,,1694472569.0,1694472590.0,1694472600.0,26378326.0,1694472588.0,1694472635.0,1694472612.0,1694472625.0,41429270.0,1694472635.0,1694472640.0,5.0,,19.0,47.0,5.0,10.0,245619741.0,13.0,543190672.0,poseidon,condorpool,poseidon-worker-1-container-44-47,unzip,/usr/bin/gunzip,,4.2,0,0,,,,,,,,,
unzip_ID0000086,None,compute,0,1694472564.0,,,1694472569.0,1694472590.0,1694472597.0,35585208.0,1694472588.0,1694472625.0,1694472609.0,1694472618.0,60519383.0,1694472625.0,1694472630.0,5.0,,19.0,37.0,5.0,7.0,234836668.0,9.0,518838800.0,poseidon,condorpool,poseidon-worker-1-container-28-31,unzip,/usr/bin/gunzip,,4.0,0,0,,,,,,,,,
unzip_ID0000016,cpu_3,compute,0,1694472564.0,,,1694472569.0,1694472590.0,1694472597.0,34204500.0,1694472588.0,1694472625.0,1694472609.0,1694472618.0,58333967.0,1694472625.0,1694472630.0,5.0,,19.0,37.0,5.0,7.0,225238888.0,9.0,523826084.0,poseidon,condorpool,poseidon-worker-2-container-24-27,unzip,/usr/bin/gunzip,,3.9,0,0,,,,,,,,,
unzip_ID0000036,None,compute,0,1694472564.0,,,1694472569.0,1694472590.0,1694472600.0,23791160.0,1694472588.0,1694472635.0,1694472614.0,1694472630.0,33794184.0,1694472635.0,1694472640.0,5.0,,19.0,47.0,5.0,10.0,232020704.0,16.0,526952240.0,poseidon,condorpool,poseidon-worker-2-container-28-31,unzip,/usr/bin/gunzip,,4.1,0,0,,,,,,,,,
unzip_ID0000116,None,compute,0,1694472564.0,,,1694472569.0,1694472590.0,1694472599.0,29048985.0,1694472588.0,1694472630.0,1694472612.0,1694472622.0,47983648.0,1694472630.0,1694472635.0,5.0,,19.0,42.0,5.0,9.0,249255741.0,10.0,520850676.0,poseidon,condorpool,poseidon-worker-1-container-40-43,unzip,/usr/bin/gunzip,,4.2,0,0,,,,,,,,,
unzip_ID0000021,None,compute,0,1694472564.0,,,1694472569.0,1694472590.0,1694472600.0,23257003.0,1694472588.0,1694472640.0,1694472614.0,1694472633.0,28777208.0,1694472640.0,1694472645.0,5.0,,19.0,52.0,5.0,10.0,235136662.0,19.0,539178100.0,poseidon,condorpool,poseidon-worker-2-container-44-47,unzip,/usr/bin/gunzip,,4.1,0,0,,,,,,,,,
um_vel_ID0000017,None,compute,0,1694472630.0,,,1694472635.0,1694472638.0,1694472656.0,56566854.6,1694472636.0,1694472676.0,1694472665.0,1694472668.0,174668.0,1694472676.0,1694472681.0,5.0,,1.0,40.0,5.0,18.0,700412836.0,3.0,556900.0,poseidon,condorpool,poseidon-worker-1-container-12-15,um_vel,/opt/UM_VEL/UM_VEL,,1.7,0,0,,,,,,,,,
um_vel_ID0000087,None,compute,0,1694472630.0,,,1694472635.0,1694472638.0,1694472657.0,52537089.5,1694472636.0,1694472676.0,1694472666.0,1694472669.0,175259.0,1694472676.0,1694472681.0,5.0,,1.0,40.0,5.0,19.0,695425552.0,3.0,556900.0,poseidon,condorpool,poseidon-worker-1-container-44-47,um_vel,/opt/UM_VEL/UM_VEL,,1.7,0,0,,,,,,,,,
um_vel_ID0000092,cpu_3,compute,0,1694472635.0,,,1694472640.0,1694472643.0,1694472662.0,53604232.8,1694472641.0,1694472681.0,1694472671.0,1694472674.0,177933.0,1694472681.0,1694472686.0,5.0,,1.0,40.0,5.0,19.0,715696744.0,3.0,556900.0,poseidon,condorpool,poseidon-worker-2-container-24-27,um_vel,/opt/UM_VEL/UM_VEL,,1.8,0,0,,,,,,,,,
um_vel_ID0000117,None,compute,0,1694472635.0,,,1694472640.0,1694472643.0,1694472664.0,47128129.4,1694472641.0,1694472686.0,1694472674.0,1694472677.0,168509.0,1694472686.0,1694472691.0,5.0,,1.0,45.0,5.0,21.0,697437428.0,3.0,556900.0,poseidon,condorpool,poseidon-worker-1-container-36-39,um_vel,/opt/UM_VEL/UM_VEL,,1.7,0,0,,,,,,,,,
um_vel_ID0000057,cpu_3,compute,0,1694472635.0,,,1694472640.0,1694472643.0,1694472660.0,60817980.5,1694472641.0,1694472681.0,1694472669.0,1694472672.0,174241.0,1694472681.0,1694472686.0,5.0,,1.0,40.0,5.0,17.0,704613528.0,3.0,556900.0,poseidon,condorpool,poseidon-worker-2-container-16-19,um_vel,/opt/UM_VEL/UM_VEL,,1.8,0,0,,,,,,,,,
um_vel_ID0000032,None,compute,0,1694472635.0,,,1694472640.0,1694472643.0,1694472663.0,47949597.0,1694472641.0,1694472686.0,1694472673.0,1694472676.0,173386.0,1694472686.0,1694472691.0,5.0,,1.0,45.0,5.0,20.0,716025504.0,3.0,556900.0,poseidon,condorpool,poseidon-worker-1-container-8-11,um_vel,/opt/UM_VEL/UM_VEL,,1.7,0,0,,,,,,,,,
um_vel_ID0000012,None,compute,0,1694472635.0,,,1694472640.0,1694472643.0,1694472664.0,48268859.2,1694472641.0,1694472686.0,1694472672.0,1694472676.0,175959.0,1694472686.0,1694472691.0,5.0,,1.0,45.0,5.0,21.0,741792672.0,4.0,556900.0,poseidon,condorpool,poseidon-worker-2-container-12-15,um_vel,/opt/UM_VEL/UM_VEL,,1.8,0,0,,,,,,,,,
um_vel_ID0000062,None,compute,0,1694472635.0,,,1694472640.0,1694472643.0,1694472663.0,50456859.2,1694472641.0,1694472681.0,1694472672.0,1694472675.0,177076.0,1694472681.0,1694472686.0,5.0,,1.0,40.0,5.0,20.0,718532572.0,3.0,556900.0,poseidon,condorpool,poseidon-worker-2-container-28-31,um_vel,/opt/UM_VEL/UM_VEL,,1.7,0,0,,,,,,,,,
um_vel_ID0000127,None,compute,0,1694472635.0,,,1694472640.0,1694472643.0,1694472660.0,60740622.1,1694472641.0,1694472681.0,1694472669.0,1694472672.0,176198.0,1694472681.0,1694472686.0,5.0,,1.0,40.0,5.0,17.0,697205176.0,3.0,556900.0,poseidon,condorpool,poseidon-worker-1-container-32-35,um_vel,/opt/UM_VEL/UM_VEL,,1.7,0,0,,,,,,,,,
um_vel_ID0000102,cpu_3,compute,0,1694472635.0,,,1694472640.0,1694472643.0,1694472662.0,55428751.1,1694472641.0,1694472681.0,1694472671.0,1694472674.0,176399.0,1694472681.0,1694472686.0,5.0,,1.0,40.0,5.0,19.0,738138396.0,3.0,556900.0,poseidon,condorpool,poseidon-worker-2-container-40-43,um_vel,/opt/UM_VEL/UM_VEL,,1.8,0,0,,,,,,,,,
um_vel_ID0000067,None,compute,0,1694472635.0,,,1694472640.0,1694472643.0,1694472667.0,38902295.2,1694472642.0,1694472686.0,1694472676.0,1694472680.0,176444.0,1694472686.0,1694472691.0,5.0,,2.0,44.0,5.0,24.0,700248248.0,4.0,556900.0,poseidon,condorpool,poseidon-worker-1-container-0-3,um_vel,/opt/UM_VEL/UM_VEL,,1.8,0,0,,,,,,,,,
um_vel_ID0000052,None,compute,0,1694472635.0,,,1694472640.0,1694472643.0,1694472660.0,60991426.0,1694472641.0,1694472681.0,1694472669.0,1694472672.0,168027.0,1694472681.0,1694472686.0,5.0,,1.0,40.0,5.0,17.0,720888048.0,3.0,556900.0,poseidon,condorpool,poseidon-worker-1-container-44-47,um_vel,/opt/UM_VEL/UM_VEL,,1.8,0,0,,,,,,,,,
um_vel_ID0000072,None,compute,0,1694472640.0,,,1694472645.0,1694472648.0,1694472666.0,58976505.4,1694472647.0,1694472686.0,1694472675.0,1694472678.0,178749.0,1694472686.0,1694472691.0,5.0,,2.0,39.0,5.0,18.0,716093352.0,3.0,556900.0,poseidon,condorpool,poseidon-worker-2-container-44-47,um_vel,/opt/UM_VEL/UM_VEL,,1.7,0,0,,,,,,,,,
um_vel_ID0000097,cpu_3,compute,0,1694472640.0,,,1694472645.0,1694472648.0,1694472668.0,51096505.6,1694472646.0,1694472686.0,1694472676.0,1694472679.0,178178.0,1694472686.0,1694472691.0,5.0,,1.0,40.0,5.0,20.0,700600628.0,3.0,556900.0,poseidon,condorpool,poseidon-worker-2-container-36-39,um_vel,/opt/UM_VEL/UM_VEL,,1.7,0,0,,,,,,,,,
um_vel_ID0000037,None,compute,0,1694472640.0,,,1694472645.0,1694472648.0,1694472669.0,45187989.4,1694472646.0,1694472691.0,1694472679.0,1694472682.0,177619.0,1694472691.0,1694472696.0,5.0,,1.0,45.0,5.0,21.0,703538992.0,3.0,556900.0,poseidon,condorpool,poseidon-worker-2-container-32-35,um_vel,/opt/UM_VEL/UM_VEL,,1.7,0,0,,,,,,,,,
um_vel_ID0000122,None,compute,0,1694472640.0,,,1694472645.0,1694472648.0,1694472670.0,45901179.6,1694472647.0,1694472691.0,1694472680.0,1694472683.0,178032.0,1694472691.0,1694472696.0,5.0,,2.0,44.0,5.0,22.0,727369696.0,3.0,556900.0,poseidon,condorpool,poseidon-worker-2-container-0-3,um_vel,/opt/UM_VEL/UM_VEL,,1.7,0,0,,,,,,,,,
um_vel_ID0000082,None,compute,0,1694472640.0,,,1694472645.0,1694472648.0,1694472670.0,46544585.7,1694472647.0,1694472691.0,1694472678.0,1694472682.0,176348.0,1694472691.0,1694472696.0,5.0,,2.0,44.0,5.0,22.0,719777424.0,4.0,556900.0,poseidon,condorpool,poseidon-worker-1-container-40-43,um_vel,/opt/UM_VEL/UM_VEL,,1.7,0,0,,,,,,,,,
um_vel_ID0000112,None,compute,0,1694472645.0,,,1694472651.0,1694472654.0,1694472676.0,45313862.4,1694472652.0,1694472696.0,1694472684.0,1694472688.0,176466.0,1694472696.0,1694472701.0,6.0,,1.0,44.0,5.0,22.0,744537516.0,4.0,556900.0,poseidon,condorpool,poseidon-worker-2-container-4-7,um_vel,/opt/UM_VEL/UM_VEL,,1.8,0,0,,,,,,,,,
um_vel_ID0000022,None,compute,0,1694472645.0,,,1694472651.0,1694472654.0,1694472674.0,47911019.1,1694472652.0,1694472696.0,1694472683.0,1694472686.0,176655.0,1694472696.0,1694472701.0,6.0,,1.0,44.0,5.0,20.0,715764852.0,3.0,556900.0,poseidon,condorpool,poseidon-worker-1-container-24-27,um_vel,/opt/UM_VEL/UM_VEL,,1.7,0,0,,,,,,,,,
um_vel_ID0000077,cpu_3,compute,0,1694472645.0,,,1694472651.0,1694472654.0,1694472673.0,53007031.8,1694472652.0,1694472691.0,1694472681.0,1694472685.0,173730.0,1694472691.0,1694472696.0,6.0,,1.0,39.0,5.0,19.0,700529596.0,4.0,556900.0,poseidon,condorpool,poseidon-worker-2-container-20-23,um_vel,/opt/UM_VEL/UM_VEL,,1.7,0,0,,,,,,,,,
um_vel_ID0000002,None,compute,0,1694472645.0,,,1694472651.0,1694472654.0,1694472673.0,53544756.5,1694472652.0,1694472691.0,1694472682.0,1694472685.0,175725.0,1694472691.0,1694472696.0,6.0,,1.0,39.0,5.0,19.0,737941744.0,3.0,556900.0,poseidon,condorpool,poseidon-worker-2-container-44-47,um_vel,/opt/UM_VEL/UM_VEL,,1.8,0,0,,,,,,,,,
um_vel_ID0000042,None,compute,0,1694472645.0,,,1694472651.0,1694472653.0,1694472675.0,44251861.8,1694472652.0,1694472696.0,1694472684.0,1694472687.0,177556.0,1694472696.0,1694472701.0,6.0,,1.0,44.0,5.0,22.0,717355680.0,3.0,556900.0,poseidon,condorpool,poseidon-worker-2-container-8-11,um_vel,/opt/UM_VEL/UM_VEL,,1.7,0,0,,,,,,,,,
um_vel_ID0000047,None,compute,0,1694472645.0,,,1694472651.0,1694472654.0,1694472673.0,50270945.2,1694472652.0,1694472696.0,1694472682.0,1694472685.0,177056.0,1694472696.0,1694472701.0,6.0,,1.0,44.0,5.0,19.0,700441980.0,3.0,556900.0,poseidon,condorpool,poseidon-worker-1-container-20-23,um_vel,/opt/UM_VEL/UM_VEL,,1.9,0,0,,,,,,,,,
um_vel_ID0000107,None,compute,0,1694472645.0,,,1694472650.0,1694472654.0,1694472673.0,51062942.2,1694472652.0,1694472691.0,1694472681.0,1694472684.0,178089.0,1694472691.0,1694472696.0,5.0,,2.0,39.0,5.0,19.0,678408568.0,3.0,556900.0,poseidon,condorpool,poseidon-worker-1-container-4-7,um_vel,/opt/UM_VEL/UM_VEL,,1.6,0,0,,,,,,,,,
um_vel_ID0000007,None,compute,0,1694472651.0,,,1694472656.0,1694472677.0,1694472693.0,61110222.0,1694472675.0,1694472711.0,1694472702.0,1694472705.0,175755.0,1694472711.0,1694472716.0,5.0,,19.0,36.0,5.0,16.0,678203340.0,3.0,556900.0,poseidon,condorpool,poseidon-worker-1-container-12-15,um_vel,/opt/UM_VEL/UM_VEL,,1.6,0,0,,,,,,,,,
stage_out_local_condorpool_0_2,None,transfer,0,1694472651.0,,,1694472656.0,,,0.0,1694472656.0,1694472691.0,,,0.0,1694472691.0,1694472696.0,5.0,,0.0,35.0,5.0,,,,,poseidon,local,poseidon-submit,pegasus::transfer,/mnt/poseidon-data/poseidon/pegasus-5.1.0panorama/bin/pegasus-transfer,/home/poseidon/pegasus-5.1.0panorama/bin/../bin/pegasus-kickstart  -n pegasus::transfer -N null -i - -R local  -L casa-wind-full -T 2023-09-08T07:29:05+00:00 /home/poseidon/pegasus-5.1.0panorama/bin/../bin/pegasus-transfer  --threads 2,36.5,0,0,,,,,,,,,
stage_out_local_condorpool_0_0,None,transfer,0,1694472651.0,,,1694472656.0,,,0.0,1694472656.0,1694472691.0,,,0.0,1694472691.0,1694472696.0,5.0,,0.0,35.0,5.0,,,,,poseidon,local,poseidon-submit,pegasus::transfer,/mnt/poseidon-data/poseidon/pegasus-5.1.0panorama/bin/pegasus-transfer,/home/poseidon/pegasus-5.1.0panorama/bin/../bin/pegasus-kickstart  -n pegasus::transfer -N null -i - -R local  -L casa-wind-full -T 2023-09-08T07:29:05+00:00 /home/poseidon/pegasus-5.1.0panorama/bin/../bin/pegasus-transfer  --threads 2,37.2,0,0,,,,,,,,,
um_vel_ID0000027,None,compute,0,1694472651.0,,,1694472656.0,1694472677.0,1694472696.0,51311276.2,1694472675.0,1694472716.0,1694472704.0,1694472708.0,176949.0,1694472716.0,1694472721.0,5.0,,19.0,41.0,5.0,19.0,700504640.0,4.0,556900.0,poseidon,condorpool,poseidon-worker-1-container-44-47,um_vel,/opt/UM_VEL/UM_VEL,,1.6,0,0,,,,,,,,,
stage_out_local_condorpool_0_1,None,transfer,0,1694472651.0,,,1694472656.0,,,0.0,1694472656.0,1694472691.0,,,0.0,1694472691.0,1694472696.0,5.0,,0.0,35.0,5.0,,,,,poseidon,local,poseidon-submit,pegasus::transfer,/mnt/poseidon-data/poseidon/pegasus-5.1.0panorama/bin/pegasus-transfer,/home/poseidon/pegasus-5.1.0panorama/bin/../bin/pegasus-kickstart  -n pegasus::transfer -N null -i - -R local  -L casa-wind-full -T 2023-09-08T07:29:05+00:00 /home/poseidon/pegasus-5.1.0panorama/bin/../bin/pegasus-transfer  --threads 2,36.1,0,0,,,,,,,,,
post_vel_ID0000018,None,compute,0,1694472681.0,,,1694472686.0,1694472689.0,1694472705.0,17619263.0,1694472688.0,1694472721.0,1694472711.0,1694472714.0,3823.0,1694472721.0,1694472726.0,5.0,,2.0,33.0,5.0,16.0,177143937.0,3.0,11645.0,poseidon,condorpool,poseidon-worker-2-container-28-31,post_vel,/opt/netcdf2png/merged_netcdf2png,,0.1,0,0,,,,,,,,,
mvt_ID0000019,None,compute,0,1694472681.0,,,1694472686.0,1694472689.0,1694472700.0,34008549.2,1694472688.0,1694472756.0,1694472746.0,1694472749.0,11807.0,1694472756.0,1694472761.0,5.0,,2.0,68.0,5.0,11.0,177143652.0,3.0,36245.0,poseidon,condorpool,poseidon-worker-1-container-32-35,mvt,/opt/mvt/mvt,,40.3,0,0,0.0,795683.0,20480.0,443.0,5.0,39.7,0.2,19892.1,1024.0
mvt_ID0000089,None,compute,0,1694472681.0,,,1694472686.0,1694472689.0,1694472701.0,29980012.4,1694472688.0,1694472756.0,1694472746.0,1694472750.0,15740.0,1694472756.0,1694472761.0,5.0,,2.0,68.0,5.0,12.0,177143652.0,4.0,48475.0,poseidon,condorpool,poseidon-worker-1-container-36-39,mvt,/opt/mvt/mvt,,40.4,0,0,0.0,792934.0,24576.0,437.0,6.0,39.7,0.3,19823.4,2457.6
post_vel_ID0000088,cpu_3,compute,0,1694472681.0,,,1694472686.0,1694472690.0,1694472701.0,26958255.0,1694472688.0,1694472716.0,1694472707.0,1694472710.0,4145.0,1694472716.0,1694472721.0,5.0,,2.0,28.0,5.0,11.0,177143937.0,3.0,12740.0,poseidon,condorpool,poseidon-worker-2-container-16-19,post_vel,/opt/netcdf2png/merged_netcdf2png,,0.1,0,0,,,,,,,,,
post_vel_ID0000058,None,compute,0,1694472686.0,,,1694472691.0,1694472694.0,1694472705.0,34951221.2,1694472692.0,1694472721.0,1694472711.0,1694472714.0,3499.0,1694472721.0,1694472726.0,5.0,,1.0,29.0,5.0,11.0,177143937.0,3.0,10981.0,poseidon,condorpool,poseidon-worker-2-container-44-47,post_vel,/opt/netcdf2png/merged_netcdf2png,,0.1,0,0,,,,,,,,,
mvt_ID0000054,cpu_3,compute,0,1694472686.0,,,1694472691.0,1694472694.0,1694472705.0,31617018.6,1694472692.0,1694472766.0,1694472754.0,1694472757.0,9383.0,1694472766.0,1694472771.0,5.0,,1.0,74.0,5.0,11.0,177143652.0,3.0,28552.0,poseidon,condorpool,poseidon-worker-2-container-40-43,mvt,/opt/mvt/mvt,,40.0,0,0,0.0,794198.0,12288.0,440.0,3.0,36.1,0.3,19855.0,1228.8
post_vel_ID0000053,None,compute,0,1694472686.0,,,1694472691.0,1694472694.0,1694472708.0,19909752.8,1694472692.0,1694472726.0,1694472714.0,1694472717.0,3634.0,1694472726.0,1694472731.0,5.0,,1.0,34.0,5.0,14.0,177143937.0,3.0,11004.0,poseidon,condorpool,poseidon-worker-1-container-0-3,post_vel,/opt/netcdf2png/merged_netcdf2png,,0.1,0,0,,,,,,,,,
mvt_ID0000059,None,compute,0,1694472686.0,,,1694472691.0,1694472694.0,1694472706.0,29203560.7,1694472692.0,1694472761.0,1694472752.0,1694472755.0,9128.0,1694472761.0,1694472766.0,5.0,,1.0,69.0,5.0,12.0,177143652.0,3.0,28164.0,poseidon,condorpool,poseidon-worker-1-container-4-7,mvt,/opt/mvt/mvt,,40.6,0,0,0.0,794216.0,12288.0,440.0,3.0,39.5,0.5,19855.4,1228.8
mvt_ID0000129,None,compute,0,1694472686.0,,,1694472691.0,1694472694.0,1694472705.0,34150177.4,1694472692.0,1694472761.0,1694472750.0,1694472753.0,20760.0,1694472761.0,1694472766.0,5.0,,1.0,69.0,5.0,11.0,177143652.0,3.0,64489.0,poseidon,condorpool,poseidon-worker-1-container-40-43,mvt,/opt/mvt/mvt,,39.5,0,0,0.0,794637.0,36864.0,434.0,9.0,29.9,0.1,26487.9,3686.4
mvt_ID0000064,None,compute,0,1694472686.0,,,1694472691.0,1694472694.0,1694472705.0,35025324.8,1694472692.0,1694472761.0,1694472750.0,1694472753.0,10054.0,1694472761.0,1694472766.0,5.0,,1.0,69.0,5.0,11.0,177143652.0,3.0,31148.0,poseidon,condorpool,poseidon-worker-1-container-44-47,mvt,/opt/mvt/mvt,,39.5,0,0,0.0,815307.0,16384.0,479.0,4.0,29.9,0.1,27176.9,819.2
post_vel_ID0000063,cpu_3,compute,0,1694472686.0,,,1694472691.0,1694472694.0,1694472705.0,34932909.4,1694472693.0,1694472721.0,1694472711.0,1694472714.0,3743.0,1694472721.0,1694472726.0,5.0,,2.0,28.0,5.0,11.0,177143937.0,3.0,11628.0,poseidon,condorpool,poseidon-worker-2-container-24-27,post_vel,/opt/netcdf2png/merged_netcdf2png,,0.1,0,0,,,,,,,,,
mvt_ID0000094,None,compute,0,1694472686.0,,,1694472691.0,1694472694.0,1694472707.0,23894626.3,1694472692.0,1694472761.0,1694472752.0,1694472755.0,17074.0,1694472761.0,1694472766.0,5.0,,1.0,69.0,5.0,13.0,177143652.0,3.0,52407.0,poseidon,condorpool,poseidon-worker-2-container-0-3,mvt,/opt/mvt/mvt,,39.6,0,0,0.0,789060.0,28672.0,422.0,7.0,29.9,0.1,26302.0,1433.6
post_vel_ID0000128,cpu_3,compute,0,1694472686.0,,,1694472691.0,1694472694.0,1694472706.0,28038239.2,1694472692.0,1694472721.0,1694472711.0,1694472714.0,4765.0,1694472721.0,1694472726.0,5.0,,1.0,29.0,5.0,12.0,177143937.0,3.0,14512.0,poseidon,condorpool,poseidon-worker-2-container-36-39,post_vel,/opt/netcdf2png/merged_netcdf2png,,0.1,0,0,,,,,,,,,
mvt_ID0000104,None,compute,0,1694472686.0,,,1694472691.0,1694472694.0,1694472705.0,33525861.6,1694472692.0,1694472761.0,1694472750.0,1694472753.0,19341.0,1694472761.0,1694472766.0,5.0,,1.0,69.0,5.0,11.0,177143652.0,3.0,59590.0,poseidon,condorpool,poseidon-worker-1-container-8-11,mvt,/opt/mvt/mvt,,39.5,0,0,0.0,789107.0,32768.0,422.0,8.0,29.8,0.1,26303.6,3276.8
post_vel_ID0000103,None,compute,0,1694472686.0,,,1694472691.0,1694472694.0,1694472706.0,27548514.6,1694472693.0,1694472721.0,1694472712.0,1694472715.0,4543.0,1694472721.0,1694472726.0,5.0,,2.0,28.0,5.0,12.0,177143937.0,3.0,13815.0,poseidon,condorpool,poseidon-worker-2-container-12-15,post_vel,/opt/netcdf2png/merged_netcdf2png,,0.1,0,0,,,,,,,,,
post_vel_ID0000093,None,compute,0,1694472686.0,,,1694472691.0,1694472694.0,1694472705.0,34799783.6,1694472692.0,1694472721.0,1694472711.0,1694472714.0,4304.0,1694472721.0,1694472726.0,5.0,,1.0,29.0,5.0,11.0,177143937.0,3.0,13303.0,poseidon,condorpool,poseidon-worker-2-container-32-35,post_vel,/opt/netcdf2png/merged_netcdf2png,,0.1,0,0,,,,,,,,,
post_vel_ID0000013,cpu_3,compute,0,1694472691.0,,,1694472696.0,1694472724.0,1694472737.0,33152611.6,1694472719.0,1694472756.0,1694472743.0,1694472747.0,3408.0,1694472756.0,1694472761.0,5.0,,23.0,37.0,5.0,13.0,177143937.0,4.0,11040.0,poseidon,condorpool,poseidon-worker-2-container-40-43,post_vel,/opt/netcdf2png/merged_netcdf2png,,0.1,0,0,,,,,,,,,
post_vel_ID0000033,None,compute,0,1694472691.0,,,1694472696.0,1694472699.0,1694472711.0,29507189.2,1694472698.0,1694472726.0,1694472716.0,1694472719.0,3746.0,1694472726.0,1694472731.0,5.0,,2.0,28.0,5.0,12.0,177143937.0,3.0,11464.0,poseidon,condorpool,poseidon-worker-1-container-20-23,post_vel,/opt/netcdf2png/merged_netcdf2png,,0.1,0,0,,,,,,,,,
mvt_ID0000034,None,compute,0,1694472691.0,,,1694472696.0,1694472699.0,1694472710.0,29670096.0,1694472698.0,1694472766.0,1694472756.0,1694472759.0,10124.0,1694472766.0,1694472771.0,5.0,,2.0,68.0,5.0,11.0,177143652.0,3.0,30976.0,poseidon,condorpool,poseidon-worker-2-container-44-47,mvt,/opt/mvt/mvt,,40.3,0,0,0.0,820488.0,16384.0,497.0,4.0,39.9,0.1,20512.2,819.2
mvt_ID0000074,None,compute,0,1694472691.0,,,1694472696.0,1694472699.0,1694472710.0,35238113.8,1694472698.0,1694472766.0,1694472755.0,1694472758.0,12728.0,1694472766.0,1694472771.0,5.0,,2.0,68.0,5.0,11.0,177143652.0,3.0,38855.0,poseidon,condorpool,poseidon-worker-2-container-4-7,mvt,/opt/mvt/mvt,,39.7,0,0,0.0,790429.0,20480.0,425.0,5.0,29.9,0.1,26347.6,1024.0
post_vel_ID0000073,cpu_3,compute,0,1694472691.0,,,1694472696.0,1694472699.0,1694472710.0,34823735.2,1694472698.0,1694472726.0,1694472716.0,1694472719.0,3855.0,1694472726.0,1694472731.0,5.0,,2.0,28.0,5.0,11.0,177143937.0,3.0,11825.0,poseidon,condorpool,poseidon-worker-2-container-20-23,post_vel,/opt/netcdf2png/merged_netcdf2png,,0.1,0,0,,,,,,,,,
post_vel_ID0000098,None,compute,0,1694472691.0,,,1694472696.0,1694472699.0,1694472710.0,35030344.2,1694472698.0,1694472726.0,1694472716.0,1694472719.0,4389.0,1694472726.0,1694472731.0,5.0,,2.0,28.0,5.0,11.0,177143937.0,3.0,13355.0,poseidon,condorpool,poseidon-worker-2-container-8-11,post_vel,/opt/netcdf2png/merged_netcdf2png,,0.1,0,0,,,,,,,,,
mvt_ID0000014,None,compute,0,1694472691.0,,,1694472696.0,1694472719.0,1694472729.0,34620792.0,1694472716.0,1694472786.0,1694472774.0,1694472777.0,10319.0,1694472786.0,1694472791.0,5.0,,20.0,70.0,5.0,10.0,177143652.0,3.0,31991.0,poseidon,condorpool,poseidon-worker-1-container-24-27,mvt,/opt/mvt/mvt,,39.3,0,0,0.0,824892.0,16384.0,500.0,4.0,29.9,0.1,27496.4,819.2
mvt_ID0000099,None,compute,0,1694472691.0,,,1694472696.0,1694472699.0,1694472710.0,34340122.6,1694472697.0,1694472766.0,1694472756.0,1694472759.0,16182.0,1694472766.0,1694472771.0,5.0,,1.0,69.0,5.0,11.0,177143652.0,3.0,50118.0,poseidon,condorpool,poseidon-worker-1-container-24-27,mvt,/opt/mvt/mvt,,40.3,0,0,0.0,795687.0,28672.0,443.0,7.0,39.8,0.1,19892.2,1433.6
post_vel_ID0000118,None,compute,0,1694472691.0,,,1694472696.0,1694472713.0,1694472724.0,29661689.0,1694472711.0,1694472741.0,1694472729.0,1694472732.0,4673.0,1694472741.0,1694472746.0,5.0,,15.0,30.0,5.0,11.0,177143937.0,3.0,14402.0,poseidon,condorpool,poseidon-worker-1-container-12-15,post_vel,/opt/netcdf2png/merged_netcdf2png,,0.1,0,0,,,,,,,,,
mvt_ID0000119,None,compute,0,1694472691.0,,,1694472696.0,1694472715.0,1694472727.0,30874151.6,1694472714.0,1694472781.0,1694472772.0,1694472775.0,20816.0,1694472781.0,1694472786.0,5.0,,18.0,67.0,5.0,12.0,177143652.0,3.0,65525.0,poseidon,condorpool,poseidon-worker-1-container-44-47,mvt,/opt/mvt/mvt,,39.6,0,0,0.0,849671.0,36864.0,554.0,9.0,29.9,0.1,28322.4,3686.4
mvt_ID0000069,None,compute,0,1694472691.0,,,1694472696.0,1694472718.0,1694472730.0,30281220.0,1694472716.0,1694472786.0,1694472774.0,1694472778.0,11295.0,1694472786.0,1694472791.0,5.0,,20.0,70.0,5.0,12.0,177143652.0,4.0,35309.0,poseidon,condorpool,poseidon-worker-2-container-44-47,mvt,/opt/mvt/mvt,,39.6,0,0,0.0,827721.0,16384.0,506.0,4.0,29.9,0.1,27590.7,819.2
post_vel_ID0000068,None,compute,0,1694472691.0,,,1694472696.0,1694472719.0,1694472730.0,33517873.6,1694472716.0,1694472746.0,1694472735.0,1694472738.0,3689.0,1694472746.0,1694472751.0,5.0,,20.0,30.0,5.0,11.0,177143937.0,3.0,11398.0,poseidon,condorpool,poseidon-worker-1-container-44-47,post_vel,/opt/netcdf2png/merged_netcdf2png,,0.1,0,0,,,,,,,,,
mvt_ID0000109,None,compute,0,1694472696.0,,,1694472701.0,1694472719.0,1694472735.0,15840235.0,1694472716.0,1694472791.0,1694472780.0,1694472783.0,19177.0,1694472791.0,1694472796.0,5.0,,15.0,75.0,5.0,16.0,177143652.0,3.0,59954.0,poseidon,condorpool,poseidon-worker-1-container-0-3,mvt,/opt/mvt/mvt,,38.9,0,0,0.0,791894.0,32768.0,428.0,8.0,29.9,0.1,26396.5,1638.4
register_condorpool_0_1,None,auxiliary,0,1694472696.0,,,1694472701.0,,,0.0,1694472703.0,1694472706.0,,,0.0,1694472706.0,1694472711.0,5.0,,2.0,3.0,5.0,,,,,poseidon,local,poseidon-submit,pegasus::rc-client,/mnt/poseidon-data/poseidon/pegasus-5.1.0panorama/bin/pegasus-rc-client,"-n pegasus::rc-client -N null -R local  -L casa-wind-full -T 2023-09-08T07:29:05+00:00 /home/poseidon/pegasus-5.1.0panorama/bin/pegasus-rc-client --prefix pegasus.catalog.replica.output --conf /mnt/poseidon-data/poseidon/workflows/casa-wind-workflow-full/submit/poseidon/pegasus/casa-wind-full/run0404/pegasus.1797235831371499358.properties -v --meta /mnt/poseidon-data/poseidon/workflows/casa-wind-workflow-full/submit/poseidon/pegasus/casa-wind-full/run0404/00/00/unzip_ID0000026.meta,/mnt/poseidon-data/poseidon/workflows/casa-wind-workflow-full/submit/poseidon/pegasus/casa-wind-full/run0404/00/00/unzip_ID0000061.meta,/mnt/poseidon-data/poseidon/workflows/casa-wind-workflow-full/submit/poseidon/pegasus/casa-wind-full/run0404/00/00/unzip_ID0000071.meta,/mnt/poseidon-data/poseidon/workflows/casa-wind-workflow-full/submit/poseidon/pegasus/casa-wind-full/run0404/00/00/unzip_ID0000041.meta,/mnt/poseidon-data/poseidon/workflows/casa-wind-workflow-full/submit/poseidon/pegasus/casa-wind-full/run0404/00/00/unzip_ID0000016.meta,/mnt/poseidon-data/poseidon/workflows/casa-wind-workflow-full/submit/poseidon/pegasus/casa-wind-full/run0404/00/00/unzip_ID0000111.meta,/mnt/poseidon-data/poseidon/workflows/casa-wind-workflow-full/submit/poseidon/pegasus/casa-wind-full/run0404/00/00/unzip_ID0000011.meta,/mnt/poseidon-data/poseidon/workflows/casa-wind-workflow-full/submit/poseidon/pegasus/casa-wind-full/run0404/00/00/unzip_ID0000081.meta,/mnt/poseidon-data/poseidon/workflows/casa-wind-workflow-full/submit/poseidon/pegasus/casa-wind-full/run0404/00/00/unzip_ID0000066.meta,/mnt/poseidon-data/poseidon/workflows/casa-wind-workflow-full/submit/poseidon/pegasus/casa-wind-full/run0404/00/00/unzip_ID0000096.meta,/mnt/poseidon-data/poseidon/workflows/casa-wind-workflow-full/submit/poseidon/pegasus/casa-wind-full/run0404/00/00/unzip_ID0000051.meta,/mnt/poseidon-data/poseidon/workflows/casa-wind-workflow-full/submit/poseidon/pegasus/casa-wind-full/run0404/00/00/unzip_ID0000031.meta,/mnt/poseidon-data/poseidon/workflows/casa-wind-workflow-full/submit/poseidon/pegasus/casa-wind-full/run0404/00/00/unzip_ID0000116.meta,/mnt/poseidon-data/poseidon/workflows/casa-wind-workflow-full/submit/poseidon/pegasus/casa-wind-full/run0404/00/00/unzip_ID0000101.meta,/mnt/poseidon-data/poseidon/workflows/casa-wind-workflow-full/submit/poseidon/pegasus/casa-wind-full/run0404/00/00/unzip_ID0000121.meta,/mnt/poseidon-data/poseidon/workflows/casa-wind-workflow-full/submit/poseidon/pegasus/casa-wind-full/run0404/00/00/unzip_ID0000106.meta,/mnt/poseidon-data/poseidon/workflows/casa-wind-workflow-full/submit/poseidon/pegasus/casa-wind-full/run0404/00/00/unzip_ID0000046.meta,/mnt/poseidon-data/poseidon/workflows/casa-wind-workflow-full/submit/poseidon/pegasus/casa-wind-full/run0404/00/00/unzip_ID0000076.meta,/mnt/poseidon-data/poseidon/workflows/casa-wind-workflow-full/submit/poseidon/pegasus/casa-wind-full/run0404/00/00/unzip_ID0000056.meta,/mnt/poseidon-data/poseidon/workflows/casa-wind-workflow-full/submit/poseidon/pegasus/casa-wind-full/run0404/00/00/unzip_ID0000021.meta,/mnt/poseidon-data/poseidon/workflows/casa-wind-workflow-full/submit/poseidon/pegasus/casa-wind-full/run0404/00/00/unzip_ID0000086.meta,/mnt/poseidon-data/poseidon/workflows/casa-wind-workflow-full/submit/poseidon/pegasus/casa-wind-full/run0404/00/00/unzip_ID0000126.meta,/mnt/poseidon-data/poseidon/workflows/casa-wind-workflow-full/submit/poseidon/pegasus/casa-wind-full/run0404/00/00/unzip_ID0000006.meta,/mnt/poseidon-data/poseidon/workflows/casa-wind-workflow-full/submit/poseidon/pegasus/casa-wind-full/run0404/00/00/unzip_ID0000036.meta,/mnt/poseidon-data/poseidon/workflows/casa-wind-workflow-full/submit/poseidon/pegasus/casa-wind-full/run0404/00/00/unzip_ID0000001.meta,/mnt/poseidon-data/poseidon/workflows/casa-wind-workflow-full/submit/poseidon/pegasus/casa-wind-full/run0404/00/00/unzip_ID0000091.meta --insert /mnt/poseidon-data/poseidon/workflows/casa-wind-workflow-full/submit/poseidon/pegasus/casa-wind-full/run0404/00/00/register_condorpool_0_1.in",3.2,0,0,,,,,,,,,
register_condorpool_0_0,None,auxiliary,0,1694472696.0,,,1694472736.0,,,0.0,1694472737.0,1694472741.0,,,0.0,1694472741.0,1694472746.0,40.0,,1.0,4.0,5.0,,,,,poseidon,local,poseidon-submit,pegasus::rc-client,/mnt/poseidon-data/poseidon/pegasus-5.1.0panorama/bin/pegasus-rc-client,"-n pegasus::rc-client -N null -R local  -L casa-wind-full -T 2023-09-08T07:29:05+00:00 /home/poseidon/pegasus-5.1.0panorama/bin/pegasus-rc-client --prefix pegasus.catalog.replica.output --conf /mnt/poseidon-data/poseidon/workflows/casa-wind-workflow-full/submit/poseidon/pegasus/casa-wind-full/run0404/pegasus.1797235831371499358.properties -v --meta /mnt/poseidon-data/poseidon/workflows/casa-wind-workflow-full/submit/poseidon/pegasus/casa-wind-full/run0404/00/00/unzip_ID0000026.meta,/mnt/poseidon-data/poseidon/workflows/casa-wind-workflow-full/submit/poseidon/pegasus/casa-wind-full/run0404/00/00/unzip_ID0000061.meta,/mnt/poseidon-data/poseidon/workflows/casa-wind-workflow-full/submit/poseidon/pegasus/casa-wind-full/run0404/00/00/unzip_ID0000071.meta,/mnt/poseidon-data/poseidon/workflows/casa-wind-workflow-full/submit/poseidon/pegasus/casa-wind-full/run0404/00/00/unzip_ID0000041.meta,/mnt/poseidon-data/poseidon/workflows/casa-wind-workflow-full/submit/poseidon/pegasus/casa-wind-full/run0404/00/00/unzip_ID0000016.meta,/mnt/poseidon-data/poseidon/workflows/casa-wind-workflow-full/submit/poseidon/pegasus/casa-wind-full/run0404/00/00/unzip_ID0000111.meta,/mnt/poseidon-data/poseidon/workflows/casa-wind-workflow-full/submit/poseidon/pegasus/casa-wind-full/run0404/00/00/unzip_ID0000011.meta,/mnt/poseidon-data/poseidon/workflows/casa-wind-workflow-full/submit/poseidon/pegasus/casa-wind-full/run0404/00/00/unzip_ID0000081.meta,/mnt/poseidon-data/poseidon/workflows/casa-wind-workflow-full/submit/poseidon/pegasus/casa-wind-full/run0404/00/00/unzip_ID0000066.meta,/mnt/poseidon-data/poseidon/workflows/casa-wind-workflow-full/submit/poseidon/pegasus/casa-wind-full/run0404/00/00/unzip_ID0000096.meta,/mnt/poseidon-data/poseidon/workflows/casa-wind-workflow-full/submit/poseidon/pegasus/casa-wind-full/run0404/00/00/unzip_ID0000051.meta,/mnt/poseidon-data/poseidon/workflows/casa-wind-workflow-full/submit/poseidon/pegasus/casa-wind-full/run0404/00/00/unzip_ID0000031.meta,/mnt/poseidon-data/poseidon/workflows/casa-wind-workflow-full/submit/poseidon/pegasus/casa-wind-full/run0404/00/00/unzip_ID0000116.meta,/mnt/poseidon-data/poseidon/workflows/casa-wind-workflow-full/submit/poseidon/pegasus/casa-wind-full/run0404/00/00/unzip_ID0000101.meta,/mnt/poseidon-data/poseidon/workflows/casa-wind-workflow-full/submit/poseidon/pegasus/casa-wind-full/run0404/00/00/unzip_ID0000121.meta,/mnt/poseidon-data/poseidon/workflows/casa-wind-workflow-full/submit/poseidon/pegasus/casa-wind-full/run0404/00/00/unzip_ID0000106.meta,/mnt/poseidon-data/poseidon/workflows/casa-wind-workflow-full/submit/poseidon/pegasus/casa-wind-full/run0404/00/00/unzip_ID0000046.meta,/mnt/poseidon-data/poseidon/workflows/casa-wind-workflow-full/submit/poseidon/pegasus/casa-wind-full/run0404/00/00/unzip_ID0000076.meta,/mnt/poseidon-data/poseidon/workflows/casa-wind-workflow-full/submit/poseidon/pegasus/casa-wind-full/run0404/00/00/unzip_ID0000056.meta,/mnt/poseidon-data/poseidon/workflows/casa-wind-workflow-full/submit/poseidon/pegasus/casa-wind-full/run0404/00/00/unzip_ID0000021.meta,/mnt/poseidon-data/poseidon/workflows/casa-wind-workflow-full/submit/poseidon/pegasus/casa-wind-full/run0404/00/00/unzip_ID0000086.meta,/mnt/poseidon-data/poseidon/workflows/casa-wind-workflow-full/submit/poseidon/pegasus/casa-wind-full/run0404/00/00/unzip_ID0000126.meta,/mnt/poseidon-data/poseidon/workflows/casa-wind-workflow-full/submit/poseidon/pegasus/casa-wind-full/run0404/00/00/unzip_ID0000006.meta,/mnt/poseidon-data/poseidon/workflows/casa-wind-workflow-full/submit/poseidon/pegasus/casa-wind-full/run0404/00/00/unzip_ID0000036.meta,/mnt/poseidon-data/poseidon/workflows/casa-wind-workflow-full/submit/poseidon/pegasus/casa-wind-full/run0404/00/00/unzip_ID0000001.meta,/mnt/poseidon-data/poseidon/workflows/casa-wind-workflow-full/submit/poseidon/pegasus/casa-wind-full/run0404/00/00/unzip_ID0000091.meta --insert /mnt/poseidon-data/poseidon/workflows/casa-wind-workflow-full/submit/poseidon/pegasus/casa-wind-full/run0404/00/00/register_condorpool_0_0.in",3.1,0,0,,,,,,,,,
post_vel_ID0000108,None,compute,0,1694472696.0,,,1694472701.0,1694472718.0,1694472730.0,27220456.2,1694472716.0,1694472746.0,1694472736.0,1694472739.0,4483.0,1694472746.0,1694472751.0,5.0,,15.0,30.0,5.0,12.0,177143937.0,3.0,13907.0,poseidon,condorpool,poseidon-worker-1-container-20-23,post_vel,/opt/netcdf2png/merged_netcdf2png,,0.1,0,0,,,,,,,,,
post_vel_ID0000083,None,compute,0,1694472696.0,,,1694472701.0,1694472719.0,1694472731.0,27086731.3,1694472716.0,1694472746.0,1694472736.0,1694472739.0,4138.0,1694472746.0,1694472751.0,5.0,,15.0,30.0,5.0,12.0,177143937.0,3.0,12720.0,poseidon,condorpool,poseidon-worker-1-container-36-39,post_vel,/opt/netcdf2png/merged_netcdf2png,,0.1,0,0,,,,,,,,,
mvt_ID0000084,cpu_3,compute,0,1694472696.0,,,1694472701.0,1694472719.0,1694472732.0,26856775.0,1694472717.0,1694472816.0,1694472806.0,1694472810.0,14518.0,1694472816.0,1694472821.0,5.0,,16.0,99.0,5.0,13.0,177143652.0,4.0,47998.0,poseidon,condorpool,poseidon-worker-2-container-24-27,mvt,/opt/mvt/mvt,,39.4,0,0,0.0,810034.0,24576.0,488.0,6.0,34.5,0.1,13500.6,1228.8
register_condorpool_0_2,None,auxiliary,0,1694472696.0,,,1694472711.0,,,0.0,1694472712.0,1694472716.0,,,0.0,1694472716.0,1694472721.0,15.0,,1.0,4.0,5.0,,,,,poseidon,local,poseidon-submit,pegasus::rc-client,/mnt/poseidon-data/poseidon/pegasus-5.1.0panorama/bin/pegasus-rc-client,"-n pegasus::rc-client -N null -R local  -L casa-wind-full -T 2023-09-08T07:29:05+00:00 /home/poseidon/pegasus-5.1.0panorama/bin/pegasus-rc-client --prefix pegasus.catalog.replica.output --conf /mnt/poseidon-data/poseidon/workflows/casa-wind-workflow-full/submit/poseidon/pegasus/casa-wind-full/run0404/pegasus.1797235831371499358.properties -v --meta /mnt/poseidon-data/poseidon/workflows/casa-wind-workflow-full/submit/poseidon/pegasus/casa-wind-full/run0404/00/00/unzip_ID0000026.meta,/mnt/poseidon-data/poseidon/workflows/casa-wind-workflow-full/submit/poseidon/pegasus/casa-wind-full/run0404/00/00/unzip_ID0000061.meta,/mnt/poseidon-data/poseidon/workflows/casa-wind-workflow-full/submit/poseidon/pegasus/casa-wind-full/run0404/00/00/unzip_ID0000071.meta,/mnt/poseidon-data/poseidon/workflows/casa-wind-workflow-full/submit/poseidon/pegasus/casa-wind-full/run0404/00/00/unzip_ID0000041.meta,/mnt/poseidon-data/poseidon/workflows/casa-wind-workflow-full/submit/poseidon/pegasus/casa-wind-full/run0404/00/00/unzip_ID0000016.meta,/mnt/poseidon-data/poseidon/workflows/casa-wind-workflow-full/submit/poseidon/pegasus/casa-wind-full/run0404/00/00/unzip_ID0000111.meta,/mnt/poseidon-data/poseidon/workflows/casa-wind-workflow-full/submit/poseidon/pegasus/casa-wind-full/run0404/00/00/unzip_ID0000011.meta,/mnt/poseidon-data/poseidon/workflows/casa-wind-workflow-full/submit/poseidon/pegasus/casa-wind-full/run0404/00/00/unzip_ID0000081.meta,/mnt/poseidon-data/poseidon/workflows/casa-wind-workflow-full/submit/poseidon/pegasus/casa-wind-full/run0404/00/00/unzip_ID0000066.meta,/mnt/poseidon-data/poseidon/workflows/casa-wind-workflow-full/submit/poseidon/pegasus/casa-wind-full/run0404/00/00/unzip_ID0000096.meta,/mnt/poseidon-data/poseidon/workflows/casa-wind-workflow-full/submit/poseidon/pegasus/casa-wind-full/run0404/00/00/unzip_ID0000051.meta,/mnt/poseidon-data/poseidon/workflows/casa-wind-workflow-full/submit/poseidon/pegasus/casa-wind-full/run0404/00/00/unzip_ID0000031.meta,/mnt/poseidon-data/poseidon/workflows/casa-wind-workflow-full/submit/poseidon/pegasus/casa-wind-full/run0404/00/00/unzip_ID0000116.meta,/mnt/poseidon-data/poseidon/workflows/casa-wind-workflow-full/submit/poseidon/pegasus/casa-wind-full/run0404/00/00/unzip_ID0000101.meta,/mnt/poseidon-data/poseidon/workflows/casa-wind-workflow-full/submit/poseidon/pegasus/casa-wind-full/run0404/00/00/unzip_ID0000121.meta,/mnt/poseidon-data/poseidon/workflows/casa-wind-workflow-full/submit/poseidon/pegasus/casa-wind-full/run0404/00/00/unzip_ID0000106.meta,/mnt/poseidon-data/poseidon/workflows/casa-wind-workflow-full/submit/poseidon/pegasus/casa-wind-full/run0404/00/00/unzip_ID0000046.meta,/mnt/poseidon-data/poseidon/workflows/casa-wind-workflow-full/submit/poseidon/pegasus/casa-wind-full/run0404/00/00/unzip_ID0000076.meta,/mnt/poseidon-data/poseidon/workflows/casa-wind-workflow-full/submit/poseidon/pegasus/casa-wind-full/run0404/00/00/unzip_ID0000056.meta,/mnt/poseidon-data/poseidon/workflows/casa-wind-workflow-full/submit/poseidon/pegasus/casa-wind-full/run0404/00/00/unzip_ID0000021.meta,/mnt/poseidon-data/poseidon/workflows/casa-wind-workflow-full/submit/poseidon/pegasus/casa-wind-full/run0404/00/00/unzip_ID0000086.meta,/mnt/poseidon-data/poseidon/workflows/casa-wind-workflow-full/submit/poseidon/pegasus/casa-wind-full/run0404/00/00/unzip_ID0000126.meta,/mnt/poseidon-data/poseidon/workflows/casa-wind-workflow-full/submit/poseidon/pegasus/casa-wind-full/run0404/00/00/unzip_ID0000006.meta,/mnt/poseidon-data/poseidon/workflows/casa-wind-workflow-full/submit/poseidon/pegasus/casa-wind-full/run0404/00/00/unzip_ID0000036.meta,/mnt/poseidon-data/poseidon/workflows/casa-wind-workflow-full/submit/poseidon/pegasus/casa-wind-full/run0404/00/00/unzip_ID0000001.meta,/mnt/poseidon-data/poseidon/workflows/casa-wind-workflow-full/submit/poseidon/pegasus/casa-wind-full/run0404/00/00/unzip_ID0000091.meta --insert /mnt/poseidon-data/poseidon/workflows/casa-wind-workflow-full/submit/poseidon/pegasus/casa-wind-full/run0404/00/00/register_condorpool_0_2.in",3.1,0,0,,,,,,,,,
mvt_ID0000004,None,compute,0,1694472696.0,,,1694472701.0,1694472718.0,1694472729.0,32096199.2,1694472716.0,1694472786.0,1694472774.0,1694472777.0,9328.0,1694472786.0,1694472791.0,5.0,,15.0,70.0,5.0,11.0,177143652.0,3.0,28781.0,poseidon,condorpool,poseidon-worker-2-container-32-35,mvt,/opt/mvt/mvt,,39.6,0,0,0.0,791977.0,16384.0,428.0,4.0,29.9,0.1,26399.2,819.2
mvt_ID0000079,cpu_3,compute,0,1694472696.0,,,1694472701.0,1694472719.0,1694472730.0,29261143.0,1694472717.0,1694472786.0,1694472775.0,1694472778.0,14458.0,1694472786.0,1694472791.0,5.0,,16.0,69.0,5.0,11.0,177143652.0,3.0,45337.0,poseidon,condorpool,poseidon-worker-2-container-20-23,mvt,/opt/mvt/mvt,,39.8,0,0,0.0,790489.0,24576.0,425.0,6.0,29.9,0.1,26349.6,1228.8
post_vel_ID0000003,None,compute,0,1694472696.0,,,1694472701.0,1694472719.0,1694472730.0,29955577.0,1694472717.0,1694472746.0,1694472736.0,1694472739.0,3460.0,1694472746.0,1694472751.0,5.0,,16.0,29.0,5.0,11.0,177143937.0,3.0,10865.0,poseidon,condorpool,poseidon-worker-1-container-12-15,post_vel,/opt/netcdf2png/merged_netcdf2png,,0.1,0,0,,,,,,,,,
post_vel_ID0000123,None,compute,0,1694472696.0,,,1694472701.0,1694472719.0,1694472730.0,33376882.6,1694472716.0,1694472746.0,1694472735.0,1694472738.0,4651.0,1694472746.0,1694472751.0,5.0,,15.0,30.0,5.0,11.0,177143937.0,3.0,14777.0,poseidon,condorpool,poseidon-worker-1-container-8-11,post_vel,/opt/netcdf2png/merged_netcdf2png,,0.1,0,0,,,,,,,,,
mvt_ID0000124,cpu_3,compute,0,1694472696.0,,,1694472701.0,1694472718.0,1694472730.0,29226535.3,1694472716.0,1694472786.0,1694472776.0,1694472779.0,22841.0,1694472786.0,1694472791.0,5.0,,15.0,70.0,5.0,12.0,177143652.0,3.0,70564.0,poseidon,condorpool,poseidon-worker-2-container-36-39,mvt,/opt/mvt/mvt,,40.5,0,0,0.0,794277.0,40960.0,440.0,10.0,39.9,0.1,19856.9,4096.0
post_vel_ID0000038,None,compute,0,1694472696.0,,,1694472701.0,1694472718.0,1694472730.0,27619456.8,1694472716.0,1694472746.0,1694472735.0,1694472738.0,3624.0,1694472746.0,1694472751.0,5.0,,15.0,30.0,5.0,12.0,177143937.0,3.0,11227.0,poseidon,condorpool,poseidon-worker-1-container-40-43,post_vel,/opt/netcdf2png/merged_netcdf2png,,0.1,0,0,,,,,,,,,
mvt_ID0000039,None,compute,0,1694472696.0,,,1694472701.0,1694472718.0,1694472729.0,30714053.0,1694472716.0,1694472786.0,1694472774.0,1694472777.0,10937.0,1694472786.0,1694472791.0,5.0,,15.0,70.0,5.0,11.0,177143652.0,3.0,34386.0,poseidon,condorpool,poseidon-worker-2-container-28-31,mvt,/opt/mvt/mvt,,39.6,0,0,0.0,818066.0,16384.0,485.0,4.0,29.9,0.1,27268.9,819.2
post_vel_ID0000078,cpu_3,compute,0,1694472696.0,,,1694472701.0,1694472718.0,1694472729.0,31662906.2,1694472716.0,1694472746.0,1694472735.0,1694472738.0,4043.0,1694472746.0,1694472751.0,5.0,,15.0,30.0,5.0,11.0,177143937.0,3.0,12264.0,poseidon,condorpool,poseidon-worker-2-container-16-19,post_vel,/opt/netcdf2png/merged_netcdf2png,,0.1,0,0,,,,,,,,,
mvt_ID0000024,None,compute,0,1694472701.0,,,1694472706.0,1694472719.0,1694472731.0,27202634.3,1694472717.0,1694472786.0,1694472775.0,1694472778.0,9929.0,1694472786.0,1694472791.0,5.0,,11.0,69.0,5.0,12.0,177143652.0,3.0,30705.0,poseidon,condorpool,poseidon-worker-1-container-32-35,mvt,/opt/mvt/mvt,,39.2,0,0,0.0,823506.0,16384.0,497.0,4.0,29.9,0.1,27450.2,819.2
stage_out_local_condorpool_1_2,None,transfer,0,1694472701.0,,,1694472706.0,,,0.0,1694472706.0,1694472711.0,,,0.0,1694472711.0,1694472716.0,5.0,,0.0,5.0,5.0,,,,,poseidon,local,poseidon-submit,pegasus::transfer,/mnt/poseidon-data/poseidon/pegasus-5.1.0panorama/bin/pegasus-transfer,/home/poseidon/pegasus-5.1.0panorama/bin/../bin/pegasus-kickstart  -n pegasus::transfer -N null -i - -R local  -L casa-wind-full -T 2023-09-08T07:29:05+00:00 /home/poseidon/pegasus-5.1.0panorama/bin/../bin/pegasus-transfer  --threads 2,0.9,0,0,,,,,,,,,
post_vel_ID0000048,None,compute,0,1694472701.0,,,1694472706.0,1694472718.0,1694472730.0,27860127.2,1694472717.0,1694472746.0,1694472736.0,1694472739.0,3320.0,1694472746.0,1694472751.0,5.0,,11.0,29.0,5.0,12.0,177143937.0,3.0,10371.0,poseidon,condorpool,poseidon-worker-2-container-8-11,post_vel,/opt/netcdf2png/merged_netcdf2png,,0.1,0,0,,,,,,,,,
mvt_ID0000049,None,compute,0,1694472701.0,,,1694472706.0,1694472719.0,1694472730.0,33177291.8,1694472717.0,1694472786.0,1694472775.0,1694472778.0,7768.0,1694472786.0,1694472791.0,5.0,,11.0,69.0,5.0,11.0,177143652.0,3.0,24108.0,poseidon,condorpool,poseidon-worker-1-container-4-7,mvt,/opt/mvt/mvt,,39.5,0,0,0.0,822004.0,12288.0,494.0,3.0,29.9,0.0,27400.1,1228.8
post_vel_ID0000023,None,compute,0,1694472701.0,,,1694472706.0,1694472718.0,1694472729.0,35142053.4,1694472716.0,1694472746.0,1694472734.0,1694472738.0,3742.0,1694472746.0,1694472751.0,5.0,,10.0,30.0,5.0,11.0,177143937.0,4.0,11372.0,poseidon,condorpool,poseidon-worker-2-container-12-15,post_vel,/opt/netcdf2png/merged_netcdf2png,,0.1,0,0,,,,,,,,,
mvt_ID0000114,None,compute,0,1694472701.0,,,1694472706.0,1694472718.0,1694472737.0,13447753.5,1694472716.0,1694472791.0,1694472782.0,1694472785.0,23241.0,1694472791.0,1694472796.0,5.0,,10.0,75.0,5.0,19.0,177143652.0,3.0,73234.0,poseidon,condorpool,poseidon-worker-1-container-16-19,mvt,/opt/mvt/mvt,,39.5,0,0,0.0,789042.0,40960.0,422.0,10.0,29.9,0.1,26301.4,4096.0
mvt_ID0000044,None,compute,0,1694472701.0,,,1694472706.0,1694472718.0,1694472730.0,27924755.8,1694472716.0,1694472786.0,1694472775.0,1694472778.0,9049.0,1694472786.0,1694472791.0,5.0,,10.0,70.0,5.0,12.0,177143652.0,3.0,28113.0,poseidon,condorpool,poseidon-worker-2-container-4-7,mvt,/opt/mvt/mvt,,39.8,0,0,0.0,820624.0,12288.0,491.0,3.0,29.9,0.1,27354.1,1228.8
post_vel_ID0000043,None,compute,0,1694472701.0,,,1694472706.0,1694472718.0,1694472731.0,26946452.0,1694472716.0,1694472746.0,1694472736.0,1694472739.0,3539.0,1694472746.0,1694472751.0,5.0,,10.0,30.0,5.0,13.0,177143937.0,3.0,11050.0,poseidon,condorpool,poseidon-worker-2-container-0-3,post_vel,/opt/netcdf2png/merged_netcdf2png,,0.1,0,0,,,,,,,,,
post_vel_ID0000113,None,compute,0,1694472701.0,,,1694472706.0,1694472718.0,1694472734.0,18189477.6,1694472716.0,1694472751.0,1694472739.0,1694472742.0,4753.0,1694472751.0,1694472756.0,5.0,,10.0,35.0,5.0,16.0,177143937.0,3.0,14745.0,poseidon,condorpool,poseidon-worker-1-container-28-31,post_vel,/opt/netcdf2png/merged_netcdf2png,,0.1,0,0,,,,,,,,,
mvt_ID0000009,None,compute,0,1694472716.0,,,1694472721.0,1694472724.0,1694472735.0,34206550.0,1694472723.0,1694472791.0,1694472780.0,1694472783.0,11378.0,1694472791.0,1694472796.0,5.0,,2.0,68.0,5.0,11.0,177143652.0,3.0,35429.0,poseidon,condorpool,poseidon-worker-2-container-28-31,mvt,/opt/mvt/mvt,,39.4,0,0,0.0,822208.0,20480.0,494.0,5.0,29.9,0.1,27406.9,1024.0
register_condorpool_1_2,None,auxiliary,0,1694472716.0,,,1694472721.0,,,0.0,1694472725.0,1694472731.0,,,0.0,1694472731.0,1694472736.0,5.0,,4.0,6.0,5.0,,,,,poseidon,local,poseidon-submit,pegasus::rc-client,/mnt/poseidon-data/poseidon/pegasus-5.1.0panorama/bin/pegasus-rc-client,"-n pegasus::rc-client -N null -R local  -L casa-wind-full -T 2023-09-08T07:29:05+00:00 /home/poseidon/pegasus-5.1.0panorama/bin/pegasus-rc-client --prefix pegasus.catalog.replica.output --conf /mnt/poseidon-data/poseidon/workflows/casa-wind-workflow-full/submit/poseidon/pegasus/casa-wind-full/run0404/pegasus.1797235831371499358.properties -v --meta /mnt/poseidon-data/poseidon/workflows/casa-wind-workflow-full/submit/poseidon/pegasus/casa-wind-full/run0404/00/00/um_vel_ID0000117.meta,/mnt/poseidon-data/poseidon/workflows/casa-wind-workflow-full/submit/poseidon/pegasus/casa-wind-full/run0404/00/01/um_vel_ID0000052.meta,/mnt/poseidon-data/poseidon/workflows/casa-wind-workflow-full/submit/poseidon/pegasus/casa-wind-full/run0404/00/00/um_vel_ID0000002.meta,/mnt/poseidon-data/poseidon/workflows/casa-wind-workflow-full/submit/poseidon/pegasus/casa-wind-full/run0404/00/00/um_vel_ID0000012.meta,/mnt/poseidon-data/poseidon/workflows/casa-wind-workflow-full/submit/poseidon/pegasus/casa-wind-full/run0404/00/00/um_vel_ID0000032.meta,/mnt/poseidon-data/poseidon/workflows/casa-wind-workflow-full/submit/poseidon/pegasus/casa-wind-full/run0404/00/01/um_vel_ID0000062.meta,/mnt/poseidon-data/poseidon/workflows/casa-wind-workflow-full/submit/poseidon/pegasus/casa-wind-full/run0404/00/01/um_vel_ID0000112.meta,/mnt/poseidon-data/poseidon/workflows/casa-wind-workflow-full/submit/poseidon/pegasus/casa-wind-full/run0404/00/01/um_vel_ID0000107.meta --insert /mnt/poseidon-data/poseidon/workflows/casa-wind-workflow-full/submit/poseidon/pegasus/casa-wind-full/run0404/00/01/register_condorpool_1_2.in",2.8,0,0,,,,,,,,,
post_vel_ID0000008,cpu_3,compute,0,1694472716.0,,,1694472721.0,1694472725.0,1694472736.0,32411490.8,1694472723.0,1694472751.0,1694472741.0,1694472744.0,3613.0,1694472751.0,1694472756.0,5.0,,2.0,28.0,5.0,11.0,177143937.0,3.0,10982.0,poseidon,condorpool,poseidon-worker-2-container-16-19,post_vel,/opt/netcdf2png/merged_netcdf2png,,0.1,0,0,,,,,,,,,
stage_out_local_condorpool_1_1,None,transfer,0,1694472716.0,,,1694472721.0,,,0.0,1694472725.0,1694472731.0,,,0.0,1694472731.0,1694472736.0,5.0,,4.0,6.0,5.0,,,,,poseidon,local,poseidon-submit,pegasus::transfer,/mnt/poseidon-data/poseidon/pegasus-5.1.0panorama/bin/pegasus-transfer,/home/poseidon/pegasus-5.1.0panorama/bin/../bin/pegasus-kickstart  -n pegasus::transfer -N null -i - -R local  -L casa-wind-full -T 2023-09-08T07:29:05+00:00 /home/poseidon/pegasus-5.1.0panorama/bin/../bin/pegasus-transfer  --threads 2,1.0,0,0,,,,,,,,,
post_vel_ID0000028,None,compute,0,1694472721.0,,,1694472726.0,1694472729.0,1694472740.0,29758736.0,1694472727.0,1694472756.0,1694472745.0,1694472748.0,3742.0,1694472756.0,1694472761.0,5.0,,1.0,29.0,5.0,11.0,177143937.0,3.0,11529.0,poseidon,condorpool,poseidon-worker-2-container-12-15,post_vel,/opt/netcdf2png/merged_netcdf2png,,0.1,0,0,,,,,,,,,
mvt_ID0000029,cpu_3,compute,0,1694472721.0,,,1694472726.0,1694472729.0,1694472742.0,34718625.6,1694472727.0,1694472826.0,1694472816.0,1694472819.0,12366.0,1694472826.0,1694472831.0,5.0,,1.0,99.0,5.0,13.0,177143652.0,3.0,38341.0,poseidon,condorpool,poseidon-worker-2-container-24-27,mvt,/opt/mvt/mvt,,38.9,0,0,0.0,831998.0,20480.0,536.0,5.0,30.3,0.1,13866.6,1024.0
stage_out_local_condorpool_1_0,None,transfer,0,1694472721.0,,,1694472726.0,,,0.0,1694472728.0,1694472736.0,,,0.0,1694472736.0,1694472741.0,5.0,,2.0,8.0,5.0,,,,,poseidon,local,poseidon-submit,pegasus::transfer,/mnt/poseidon-data/poseidon/pegasus-5.1.0panorama/bin/pegasus-transfer,/home/poseidon/pegasus-5.1.0panorama/bin/../bin/pegasus-kickstart  -n pegasus::transfer -N null -i - -R local  -L casa-wind-full -T 2023-09-08T07:29:05+00:00 /home/poseidon/pegasus-5.1.0panorama/bin/../bin/pegasus-transfer  --threads 2,1.0,0,0,,,,,,,,,
register_condorpool_1_1,None,auxiliary,0,1694472736.0,,,1694472746.0,,,0.0,1694472746.0,1694472751.0,,,0.0,1694472751.0,1694472756.0,10.0,,0.0,5.0,5.0,,,,,poseidon,local,poseidon-submit,pegasus::rc-client,/mnt/poseidon-data/poseidon/pegasus-5.1.0panorama/bin/pegasus-rc-client,"-n pegasus::rc-client -N null -R local  -L casa-wind-full -T 2023-09-08T07:29:05+00:00 /home/poseidon/pegasus-5.1.0panorama/bin/pegasus-rc-client --prefix pegasus.catalog.replica.output --conf /mnt/poseidon-data/poseidon/workflows/casa-wind-workflow-full/submit/poseidon/pegasus/casa-wind-full/run0404/pegasus.1797235831371499358.properties -v --meta /mnt/poseidon-data/poseidon/workflows/casa-wind-workflow-full/submit/poseidon/pegasus/casa-wind-full/run0404/00/00/um_vel_ID0000017.meta,/mnt/poseidon-data/poseidon/workflows/casa-wind-workflow-full/submit/poseidon/pegasus/casa-wind-full/run0404/00/01/um_vel_ID0000037.meta,/mnt/poseidon-data/poseidon/workflows/casa-wind-workflow-full/submit/poseidon/pegasus/casa-wind-full/run0404/00/00/um_vel_ID0000082.meta,/mnt/poseidon-data/poseidon/workflows/casa-wind-workflow-full/submit/poseidon/pegasus/casa-wind-full/run0404/00/00/um_vel_ID0000097.meta,/mnt/poseidon-data/poseidon/workflows/casa-wind-workflow-full/submit/poseidon/pegasus/casa-wind-full/run0404/00/01/um_vel_ID0000047.meta,/mnt/poseidon-data/poseidon/workflows/casa-wind-workflow-full/submit/poseidon/pegasus/casa-wind-full/run0404/00/00/um_vel_ID0000087.meta,/mnt/poseidon-data/poseidon/workflows/casa-wind-workflow-full/submit/poseidon/pegasus/casa-wind-full/run0404/00/01/um_vel_ID0000007.meta,/mnt/poseidon-data/poseidon/workflows/casa-wind-workflow-full/submit/poseidon/pegasus/casa-wind-full/run0404/00/01/um_vel_ID0000072.meta,/mnt/poseidon-data/poseidon/workflows/casa-wind-workflow-full/submit/poseidon/pegasus/casa-wind-full/run0404/00/01/um_vel_ID0000102.meta --insert /mnt/poseidon-data/poseidon/workflows/casa-wind-workflow-full/submit/poseidon/pegasus/casa-wind-full/run0404/00/01/register_condorpool_1_1.in",2.8,0,0,,,,,,,,,
register_condorpool_1_0,None,auxiliary,0,1694472741.0,,,1694472756.0,,,0.0,1694472757.0,1694472761.0,,,0.0,1694472761.0,1694472766.0,15.0,,1.0,4.0,5.0,,,,,poseidon,local,poseidon-submit,pegasus::rc-client,/mnt/poseidon-data/poseidon/pegasus-5.1.0panorama/bin/pegasus-rc-client,"-n pegasus::rc-client -N null -R local  -L casa-wind-full -T 2023-09-08T07:29:05+00:00 /home/poseidon/pegasus-5.1.0panorama/bin/pegasus-rc-client --prefix pegasus.catalog.replica.output --conf /mnt/poseidon-data/poseidon/workflows/casa-wind-workflow-full/submit/poseidon/pegasus/casa-wind-full/run0404/pegasus.1797235831371499358.properties -v --meta /mnt/poseidon-data/poseidon/workflows/casa-wind-workflow-full/submit/poseidon/pegasus/casa-wind-full/run0404/00/01/um_vel_ID0000067.meta,/mnt/poseidon-data/poseidon/workflows/casa-wind-workflow-full/submit/poseidon/pegasus/casa-wind-full/run0404/00/00/um_vel_ID0000127.meta,/mnt/poseidon-data/poseidon/workflows/casa-wind-workflow-full/submit/poseidon/pegasus/casa-wind-full/run0404/00/00/um_vel_ID0000122.meta,/mnt/poseidon-data/poseidon/workflows/casa-wind-workflow-full/submit/poseidon/pegasus/casa-wind-full/run0404/00/00/um_vel_ID0000092.meta,/mnt/poseidon-data/poseidon/workflows/casa-wind-workflow-full/submit/poseidon/pegasus/casa-wind-full/run0404/00/01/um_vel_ID0000077.meta,/mnt/poseidon-data/poseidon/workflows/casa-wind-workflow-full/submit/poseidon/pegasus/casa-wind-full/run0404/00/01/um_vel_ID0000057.meta,/mnt/poseidon-data/poseidon/workflows/casa-wind-workflow-full/submit/poseidon/pegasus/casa-wind-full/run0404/00/00/um_vel_ID0000027.meta,/mnt/poseidon-data/poseidon/workflows/casa-wind-workflow-full/submit/poseidon/pegasus/casa-wind-full/run0404/00/01/um_vel_ID0000042.meta,/mnt/poseidon-data/poseidon/workflows/casa-wind-workflow-full/submit/poseidon/pegasus/casa-wind-full/run0404/00/00/um_vel_ID0000022.meta --insert /mnt/poseidon-data/poseidon/workflows/casa-wind-workflow-full/submit/poseidon/pegasus/casa-wind-full/run0404/00/01/register_condorpool_1_0.in",2.8,0,0,,,,,,,,,
point_alert_ID0000020,None,compute,0,1694472761.0,,,1694472766.0,1694472768.0,1694472779.0,29631278.5,1694472767.0,1694472796.0,1694472785.0,1694472788.0,6644.0,1694472796.0,1694472801.0,5.0,,1.0,29.0,5.0,11.0,176644228.0,3.0,20478.0,poseidon,condorpool,poseidon-worker-1-container-12-15,point_alert,/opt/pointAlert/pointAlert,,0.0,0,0,,,,,,,,,
point_alert_ID0000090,cpu_3,compute,0,1694472761.0,,,1694472766.0,1694472769.0,1694472780.0,29945541.5,1694472767.0,1694472796.0,1694472785.0,1694472788.0,6774.0,1694472796.0,1694472801.0,5.0,,1.0,29.0,5.0,11.0,176656458.0,3.0,20638.0,poseidon,condorpool,poseidon-worker-2-container-40-43,point_alert,/opt/pointAlert/pointAlert,,0.0,0,0,,,,,,,,,
point_alert_ID0000060,cpu_3,compute,0,1694472766.0,,,1694472771.0,1694472774.0,1694472785.0,33242320.4,1694472772.0,1694472801.0,1694472790.0,1694472793.0,6758.0,1694472801.0,1694472806.0,5.0,,1.0,29.0,5.0,11.0,176636147.0,3.0,20878.0,poseidon,condorpool,poseidon-worker-2-container-16-19,point_alert,/opt/pointAlert/pointAlert,,0.0,0,0,,,,,,,,,
point_alert_ID0000105,None,compute,0,1694472766.0,,,1694472771.0,1694472774.0,1694472785.0,29607246.0,1694472772.0,1694472801.0,1694472790.0,1694472793.0,6865.0,1694472801.0,1694472806.0,5.0,,1.0,29.0,5.0,11.0,176667573.0,3.0,21278.0,poseidon,condorpool,poseidon-worker-1-container-44-47,point_alert,/opt/pointAlert/pointAlert,,0.0,0,0,,,,,,,,,
point_alert_ID0000095,None,compute,0,1694472766.0,,,1694472771.0,1694472774.0,1694472785.0,34120855.2,1694472772.0,1694472801.0,1694472790.0,1694472793.0,6776.0,1694472801.0,1694472806.0,5.0,,1.0,29.0,5.0,11.0,176660390.0,3.0,20718.0,poseidon,condorpool,poseidon-worker-1-container-36-39,point_alert,/opt/pointAlert/pointAlert,,0.0,0,0,,,,,,,,,
point_alert_ID0000130,None,compute,0,1694472766.0,,,1694472771.0,1694472774.0,1694472785.0,33943463.0,1694472772.0,1694472801.0,1694472790.0,1694472793.0,7484.0,1694472801.0,1694472806.0,5.0,,1.0,29.0,5.0,11.0,176672472.0,3.0,23118.0,poseidon,condorpool,poseidon-worker-1-container-32-35,point_alert,/opt/pointAlert/pointAlert,,0.0,0,0,,,,,,,,,
point_alert_ID0000065,None,compute,0,1694472766.0,,,1694472771.0,1694472774.0,1694472785.0,32504054.0,1694472772.0,1694472801.0,1694472790.0,1694472793.0,6538.0,1694472801.0,1694472806.0,5.0,,1.0,29.0,5.0,11.0,176639131.0,3.0,20238.0,poseidon,condorpool,poseidon-worker-1-container-28-31,point_alert,/opt/pointAlert/pointAlert,,0.0,0,0,,,,,,,,,
point_alert_ID0000100,None,compute,0,1694472771.0,,,1694472776.0,1694472779.0,1694472790.0,34764851.2,1694472777.0,1694472806.0,1694472795.0,1694472798.0,6702.0,1694472806.0,1694472811.0,5.0,,1.0,29.0,5.0,11.0,176658101.0,3.0,20638.0,poseidon,condorpool,poseidon-worker-2-container-0-3,point_alert,/opt/pointAlert/pointAlert,,0.0,0,0,,,,,,,,,
point_alert_ID0000055,None,compute,0,1694472771.0,,,1694472776.0,1694472779.0,1694472790.0,29939962.0,1694472777.0,1694472806.0,1694472795.0,1694472798.0,6664.0,1694472806.0,1694472811.0,5.0,,1.0,29.0,5.0,11.0,176636535.0,3.0,20638.0,poseidon,condorpool,poseidon-worker-1-container-8-11,point_alert,/opt/pointAlert/pointAlert,,0.0,0,0,,,,,,,,,
point_alert_ID0000075,None,compute,0,1694472771.0,,,1694472776.0,1694472779.0,1694472790.0,34251683.2,1694472777.0,1694472806.0,1694472795.0,1694472798.0,6677.0,1694472806.0,1694472811.0,5.0,,1.0,29.0,5.0,11.0,176646838.0,3.0,20558.0,poseidon,condorpool,poseidon-worker-2-container-12-15,point_alert,/opt/pointAlert/pointAlert,,0.0,0,0,,,,,,,,,
point_alert_ID0000035,cpu_3,compute,0,1694472771.0,,,1694472776.0,1694472779.0,1694472790.0,29942668.5,1694472777.0,1694472806.0,1694472795.0,1694472798.0,6549.0,1694472806.0,1694472811.0,5.0,,1.0,29.0,5.0,11.0,176638959.0,3.0,20078.0,poseidon,condorpool,poseidon-worker-2-container-40-43,point_alert,/opt/pointAlert/pointAlert,,0.0,0,0,,,,,,,,,
stage_out_local_condorpool_2_4,None,transfer,0,1694472771.0,,,1694472776.0,,,0.0,1694472777.0,1694472781.0,,,0.0,1694472781.0,1694472786.0,5.0,,1.0,4.0,5.0,,,,,poseidon,local,poseidon-submit,pegasus::transfer,/mnt/poseidon-data/poseidon/pegasus-5.1.0panorama/bin/pegasus-transfer,/home/poseidon/pegasus-5.1.0panorama/bin/../bin/pegasus-kickstart  -n pegasus::transfer -N null -i - -R local  -L casa-wind-full -T 2023-09-08T07:29:05+00:00 /home/poseidon/pegasus-5.1.0panorama/bin/../bin/pegasus-transfer  --threads 2,0.9,0,0,,,,,,,,,
point_alert_ID0000120,None,compute,0,1694472786.0,,,1694472791.0,1694472793.0,1694472804.0,29595908.0,1694472792.0,1694472821.0,1694472809.0,1694472813.0,7156.0,1694472821.0,1694472826.0,5.0,,1.0,29.0,5.0,11.0,176673508.0,4.0,21998.0,poseidon,condorpool,poseidon-worker-1-container-44-47,point_alert,/opt/pointAlert/pointAlert,,0.0,0,0,,,,,,,,,
register_condorpool_2_4,None,auxiliary,0,1694472786.0,,,1694472791.0,,,0.0,1694472791.0,1694472796.0,,,0.0,1694472796.0,1694472801.0,5.0,,0.0,5.0,5.0,,,,,poseidon,local,poseidon-submit,pegasus::rc-client,/mnt/poseidon-data/poseidon/pegasus-5.1.0panorama/bin/pegasus-rc-client,"-n pegasus::rc-client -N null -R local  -L casa-wind-full -T 2023-09-08T07:29:05+00:00 /home/poseidon/pegasus-5.1.0panorama/bin/pegasus-rc-client --prefix pegasus.catalog.replica.output --conf /mnt/poseidon-data/poseidon/workflows/casa-wind-workflow-full/submit/poseidon/pegasus/casa-wind-full/run0404/pegasus.1797235831371499358.properties -v --meta /mnt/poseidon-data/poseidon/workflows/casa-wind-workflow-full/submit/poseidon/pegasus/casa-wind-full/run0404/00/02/post_vel_ID0000108.meta,/mnt/poseidon-data/poseidon/workflows/casa-wind-workflow-full/submit/poseidon/pegasus/casa-wind-full/run0404/00/01/post_vel_ID0000063.meta,/mnt/poseidon-data/poseidon/workflows/casa-wind-workflow-full/submit/poseidon/pegasus/casa-wind-full/run0404/00/01/post_vel_ID0000013.meta,/mnt/poseidon-data/poseidon/workflows/casa-wind-workflow-full/submit/poseidon/pegasus/casa-wind-full/run0404/00/02/mvt_ID0000054.meta,/mnt/poseidon-data/poseidon/workflows/casa-wind-workflow-full/submit/poseidon/pegasus/casa-wind-full/run0404/00/01/post_vel_ID0000033.meta,/mnt/poseidon-data/poseidon/workflows/casa-wind-workflow-full/submit/poseidon/pegasus/casa-wind-full/run0404/00/02/post_vel_ID0000113.meta,/mnt/poseidon-data/poseidon/workflows/casa-wind-workflow-full/submit/poseidon/pegasus/casa-wind-full/run0404/00/01/post_vel_ID0000003.meta,/mnt/poseidon-data/poseidon/workflows/casa-wind-workflow-full/submit/poseidon/pegasus/casa-wind-full/run0404/00/01/post_vel_ID0000118.meta --insert /mnt/poseidon-data/poseidon/workflows/casa-wind-workflow-full/submit/poseidon/pegasus/casa-wind-full/run0404/00/02/register_condorpool_2_4.in",2.9,0,0,,,,,,,,,
point_alert_ID0000050,cpu_3,compute,0,1694472791.0,,,1694472796.0,1694472799.0,1694472810.0,29845611.5,1694472797.0,1694472826.0,1694472815.0,1694472818.0,6709.0,1694472826.0,1694472831.0,5.0,,1.0,29.0,5.0,11.0,176632091.0,3.0,20878.0,poseidon,condorpool,poseidon-worker-2-container-40-43,point_alert,/opt/pointAlert/pointAlert,,0.0,0,0,,,,,,,,,
stage_out_local_condorpool_2_2,None,transfer,0,1694472791.0,,,1694472796.0,,,0.0,1694472796.0,1694472801.0,,,0.0,1694472801.0,1694472806.0,5.0,,0.0,5.0,5.0,,,,,poseidon,local,poseidon-submit,pegasus::transfer,/mnt/poseidon-data/poseidon/pegasus-5.1.0panorama/bin/pegasus-transfer,/home/poseidon/pegasus-5.1.0panorama/bin/../bin/pegasus-kickstart  -n pegasus::transfer -N null -i - -R local  -L casa-wind-full -T 2023-09-08T07:29:05+00:00 /home/poseidon/pegasus-5.1.0panorama/bin/../bin/pegasus-transfer  --threads 2,1.0,0,0,,,,,,,,,
stage_out_local_condorpool_2_1,None,transfer,0,1694472791.0,,,1694472796.0,,,0.0,1694472796.0,1694472801.0,,,0.0,1694472801.0,1694472806.0,5.0,,0.0,5.0,5.0,,,,,poseidon,local,poseidon-submit,pegasus::transfer,/mnt/poseidon-data/poseidon/pegasus-5.1.0panorama/bin/pegasus-transfer,/home/poseidon/pegasus-5.1.0panorama/bin/../bin/pegasus-kickstart  -n pegasus::transfer -N null -i - -R local  -L casa-wind-full -T 2023-09-08T07:29:05+00:00 /home/poseidon/pegasus-5.1.0panorama/bin/../bin/pegasus-transfer  --threads 2,1.0,0,0,,,,,,,,,
point_alert_ID0000025,None,compute,0,1694472791.0,,,1694472796.0,1694472799.0,1694472810.0,31686858.4,1694472797.0,1694472826.0,1694472815.0,1694472818.0,6367.0,1694472826.0,1694472831.0,5.0,,1.0,29.0,5.0,11.0,176638688.0,3.0,20078.0,poseidon,condorpool,poseidon-worker-1-container-0-3,point_alert,/opt/pointAlert/pointAlert,,0.0,0,0,,,,,,,,,
point_alert_ID0000070,None,compute,0,1694472791.0,,,1694472796.0,1694472799.0,1694472810.0,29562342.0,1694472797.0,1694472826.0,1694472815.0,1694472818.0,6596.0,1694472826.0,1694472831.0,5.0,,1.0,29.0,5.0,11.0,176643292.0,3.0,20558.0,poseidon,condorpool,poseidon-worker-2-container-28-31,point_alert,/opt/pointAlert/pointAlert,,0.0,0,0,,,,,,,,,
point_alert_ID0000015,None,compute,0,1694472791.0,,,1694472796.0,1694472799.0,1694472810.0,29543774.5,1694472797.0,1694472826.0,1694472815.0,1694472818.0,6607.0,1694472826.0,1694472831.0,5.0,,1.0,29.0,5.0,11.0,176639974.0,3.0,20558.0,poseidon,condorpool,poseidon-worker-1-container-32-35,point_alert,/opt/pointAlert/pointAlert,,0.0,0,0,,,,,,,,,
point_alert_ID0000040,None,compute,0,1694472791.0,,,1694472796.0,1694472799.0,1694472810.0,31596145.0,1694472797.0,1694472826.0,1694472815.0,1694472818.0,6484.0,1694472826.0,1694472831.0,5.0,,1.0,29.0,5.0,11.0,176642369.0,3.0,20558.0,poseidon,condorpool,poseidon-worker-1-container-16-19,point_alert,/opt/pointAlert/pointAlert,,0.0,0,0,,,,,,,,,
point_alert_ID0000125,None,compute,0,1694472791.0,,,1694472796.0,1694472799.0,1694472810.0,29641515.5,1694472797.0,1694472826.0,1694472815.0,1694472818.0,7272.0,1694472826.0,1694472831.0,5.0,,1.0,29.0,5.0,11.0,176678547.0,3.0,22878.0,poseidon,condorpool,poseidon-worker-2-container-44-47,point_alert,/opt/pointAlert/pointAlert,,0.0,0,0,,,,,,,,,
point_alert_ID0000005,None,compute,0,1694472791.0,,,1694472796.0,1694472799.0,1694472810.0,28017254.0,1694472797.0,1694472826.0,1694472816.0,1694472819.0,6518.0,1694472826.0,1694472831.0,5.0,,1.0,29.0,5.0,11.0,176636764.0,3.0,20398.0,poseidon,condorpool,poseidon-worker-1-container-12-15,point_alert,/opt/pointAlert/pointAlert,,0.0,0,0,,,,,,,,,
point_alert_ID0000045,None,compute,0,1694472791.0,,,1694472796.0,1694472799.0,1694472811.0,27072250.0,1694472797.0,1694472826.0,1694472816.0,1694472819.0,6725.0,1694472826.0,1694472831.0,5.0,,1.0,29.0,5.0,12.0,176636096.0,3.0,20798.0,poseidon,condorpool,poseidon-worker-2-container-32-35,point_alert,/opt/pointAlert/pointAlert,,0.0,0,0,,,,,,,,,
point_alert_ID0000080,None,compute,0,1694472791.0,,,1694472796.0,1694472799.0,1694472810.0,34167386.4,1694472797.0,1694472826.0,1694472815.0,1694472818.0,6589.0,1694472826.0,1694472831.0,5.0,,1.0,29.0,5.0,11.0,176653320.0,3.0,20718.0,poseidon,condorpool,poseidon-worker-2-container-4-7,point_alert,/opt/pointAlert/pointAlert,,0.0,0,0,,,,,,,,,
point_alert_ID0000115,None,compute,0,1694472796.0,,,1694472801.0,1694472804.0,1694472815.0,29610104.0,1694472802.0,1694472831.0,1694472820.0,1694472823.0,7037.0,1694472831.0,1694472836.0,5.0,,1.0,29.0,5.0,11.0,176681217.0,3.0,21598.0,poseidon,condorpool,poseidon-worker-1-container-36-39,point_alert,/opt/pointAlert/pointAlert,,0.0,0,0,,,,,,,,,
stage_out_local_condorpool_2_5,None,transfer,0,1694472796.0,,,1694472801.0,,,0.0,1694472802.0,1694472806.0,,,0.0,1694472806.0,1694472811.0,5.0,,1.0,4.0,5.0,,,,,poseidon,local,poseidon-submit,pegasus::transfer,/mnt/poseidon-data/poseidon/pegasus-5.1.0panorama/bin/pegasus-transfer,/home/poseidon/pegasus-5.1.0panorama/bin/../bin/pegasus-kickstart  -n pegasus::transfer -N null -i - -R local  -L casa-wind-full -T 2023-09-08T07:29:05+00:00 /home/poseidon/pegasus-5.1.0panorama/bin/../bin/pegasus-transfer  --threads 2,0.9,0,0,,,,,,,,,
point_alert_ID0000110,None,compute,0,1694472796.0,,,1694472801.0,1694472804.0,1694472815.0,29640170.5,1694472802.0,1694472831.0,1694472820.0,1694472823.0,6814.0,1694472831.0,1694472836.0,5.0,,1.0,29.0,5.0,11.0,176667937.0,3.0,21038.0,poseidon,condorpool,poseidon-worker-1-container-32-35,point_alert,/opt/pointAlert/pointAlert,,0.0,0,0,,,,,,,,,
point_alert_ID0000010,cpu_3,compute,0,1694472796.0,,,1694472801.0,1694472804.0,1694472815.0,35057478.0,1694472802.0,1694472831.0,1694472820.0,1694472823.0,6675.0,1694472831.0,1694472836.0,5.0,,1.0,29.0,5.0,11.0,176643412.0,3.0,20478.0,poseidon,condorpool,poseidon-worker-2-container-16-19,point_alert,/opt/pointAlert/pointAlert,,0.0,0,0,,,,,,,,,
register_condorpool_2_2,None,auxiliary,0,1694472806.0,,,1694472811.0,,,0.0,1694472811.0,1694472816.0,,,0.0,1694472816.0,1694472821.0,5.0,,0.0,5.0,5.0,,,,,poseidon,local,poseidon-submit,pegasus::rc-client,/mnt/poseidon-data/poseidon/pegasus-5.1.0panorama/bin/pegasus-rc-client,"-n pegasus::rc-client -N null -R local  -L casa-wind-full -T 2023-09-08T07:29:05+00:00 /home/poseidon/pegasus-5.1.0panorama/bin/pegasus-rc-client --prefix pegasus.catalog.replica.output --conf /mnt/poseidon-data/poseidon/workflows/casa-wind-workflow-full/submit/poseidon/pegasus/casa-wind-full/run0404/pegasus.1797235831371499358.properties -v --meta /mnt/poseidon-data/poseidon/workflows/casa-wind-workflow-full/submit/poseidon/pegasus/casa-wind-full/run0404/00/02/post_vel_ID0000073.meta,/mnt/poseidon-data/poseidon/workflows/casa-wind-workflow-full/submit/poseidon/pegasus/casa-wind-full/run0404/00/02/mvt_ID0000039.meta,/mnt/poseidon-data/poseidon/workflows/casa-wind-workflow-full/submit/poseidon/pegasus/casa-wind-full/run0404/00/01/mvt_ID0000099.meta,/mnt/poseidon-data/poseidon/workflows/casa-wind-workflow-full/submit/poseidon/pegasus/casa-wind-full/run0404/00/01/post_vel_ID0000008.meta,/mnt/poseidon-data/poseidon/workflows/casa-wind-workflow-full/submit/poseidon/pegasus/casa-wind-full/run0404/00/02/mvt_ID0000049.meta,/mnt/poseidon-data/poseidon/workflows/casa-wind-workflow-full/submit/poseidon/pegasus/casa-wind-full/run0404/00/01/mvt_ID0000019.meta,/mnt/poseidon-data/poseidon/workflows/casa-wind-workflow-full/submit/poseidon/pegasus/casa-wind-full/run0404/00/02/mvt_ID0000104.meta,/mnt/poseidon-data/poseidon/workflows/casa-wind-workflow-full/submit/poseidon/pegasus/casa-wind-full/run0404/00/01/post_vel_ID0000083.meta,/mnt/poseidon-data/poseidon/workflows/casa-wind-workflow-full/submit/poseidon/pegasus/casa-wind-full/run0404/00/01/post_vel_ID0000088.meta --insert /mnt/poseidon-data/poseidon/workflows/casa-wind-workflow-full/submit/poseidon/pegasus/casa-wind-full/run0404/00/02/register_condorpool_2_2.in",2.8,0,0,,,,,,,,,
register_condorpool_2_1,None,auxiliary,0,1694472806.0,,,1694472831.0,,,0.0,1694472832.0,1694472836.0,,,0.0,1694472836.0,1694472841.0,25.0,,1.0,4.0,5.0,,,,,poseidon,local,poseidon-submit,pegasus::rc-client,/mnt/poseidon-data/poseidon/pegasus-5.1.0panorama/bin/pegasus-rc-client,"-n pegasus::rc-client -N null -R local  -L casa-wind-full -T 2023-09-08T07:29:05+00:00 /home/poseidon/pegasus-5.1.0panorama/bin/pegasus-rc-client --prefix pegasus.catalog.replica.output --conf /mnt/poseidon-data/poseidon/workflows/casa-wind-workflow-full/submit/poseidon/pegasus/casa-wind-full/run0404/pegasus.1797235831371499358.properties -v --meta /mnt/poseidon-data/poseidon/workflows/casa-wind-workflow-full/submit/poseidon/pegasus/casa-wind-full/run0404/00/01/post_vel_ID0000028.meta,/mnt/poseidon-data/poseidon/workflows/casa-wind-workflow-full/submit/poseidon/pegasus/casa-wind-full/run0404/00/02/post_vel_ID0000043.meta,/mnt/poseidon-data/poseidon/workflows/casa-wind-workflow-full/submit/poseidon/pegasus/casa-wind-full/run0404/00/01/post_vel_ID0000128.meta,/mnt/poseidon-data/poseidon/workflows/casa-wind-workflow-full/submit/poseidon/pegasus/casa-wind-full/run0404/00/01/mvt_ID0000094.meta,/mnt/poseidon-data/poseidon/workflows/casa-wind-workflow-full/submit/poseidon/pegasus/casa-wind-full/run0404/00/01/mvt_ID0000069.meta,/mnt/poseidon-data/poseidon/workflows/casa-wind-workflow-full/submit/poseidon/pegasus/casa-wind-full/run0404/00/02/mvt_ID0000059.meta,/mnt/poseidon-data/poseidon/workflows/casa-wind-workflow-full/submit/poseidon/pegasus/casa-wind-full/run0404/00/01/mvt_ID0000124.meta,/mnt/poseidon-data/poseidon/workflows/casa-wind-workflow-full/submit/poseidon/pegasus/casa-wind-full/run0404/00/01/mvt_ID0000024.meta,/mnt/poseidon-data/poseidon/workflows/casa-wind-workflow-full/submit/poseidon/pegasus/casa-wind-full/run0404/00/02/mvt_ID0000079.meta --insert /mnt/poseidon-data/poseidon/workflows/casa-wind-workflow-full/submit/poseidon/pegasus/casa-wind-full/run0404/00/02/register_condorpool_2_1.in",2.7,0,0,,,,,,,,,
register_condorpool_2_5,None,auxiliary,0,1694472811.0,,,1694472821.0,,,0.0,1694472821.0,1694472826.0,,,0.0,1694472826.0,1694472831.0,10.0,,0.0,5.0,5.0,,,,,poseidon,local,poseidon-submit,pegasus::rc-client,/mnt/poseidon-data/poseidon/pegasus-5.1.0panorama/bin/pegasus-rc-client,"-n pegasus::rc-client -N null -R local  -L casa-wind-full -T 2023-09-08T07:29:05+00:00 /home/poseidon/pegasus-5.1.0panorama/bin/pegasus-rc-client --prefix pegasus.catalog.replica.output --conf /mnt/poseidon-data/poseidon/workflows/casa-wind-workflow-full/submit/poseidon/pegasus/casa-wind-full/run0404/pegasus.1797235831371499358.properties -v --meta /mnt/poseidon-data/poseidon/workflows/casa-wind-workflow-full/submit/poseidon/pegasus/casa-wind-full/run0404/00/01/mvt_ID0000004.meta,/mnt/poseidon-data/poseidon/workflows/casa-wind-workflow-full/submit/poseidon/pegasus/casa-wind-full/run0404/00/01/mvt_ID0000119.meta,/mnt/poseidon-data/poseidon/workflows/casa-wind-workflow-full/submit/poseidon/pegasus/casa-wind-full/run0404/00/02/post_vel_ID0000053.meta,/mnt/poseidon-data/poseidon/workflows/casa-wind-workflow-full/submit/poseidon/pegasus/casa-wind-full/run0404/00/02/mvt_ID0000114.meta,/mnt/poseidon-data/poseidon/workflows/casa-wind-workflow-full/submit/poseidon/pegasus/casa-wind-full/run0404/00/01/mvt_ID0000034.meta,/mnt/poseidon-data/poseidon/workflows/casa-wind-workflow-full/submit/poseidon/pegasus/casa-wind-full/run0404/00/01/mvt_ID0000014.meta,/mnt/poseidon-data/poseidon/workflows/casa-wind-workflow-full/submit/poseidon/pegasus/casa-wind-full/run0404/00/02/mvt_ID0000109.meta,/mnt/poseidon-data/poseidon/workflows/casa-wind-workflow-full/submit/poseidon/pegasus/casa-wind-full/run0404/00/01/mvt_ID0000064.meta --insert /mnt/poseidon-data/poseidon/workflows/casa-wind-workflow-full/submit/poseidon/pegasus/casa-wind-full/run0404/00/02/register_condorpool_2_5.in",2.8,0,0,,,,,,,,,
stage_out_local_condorpool_2_3,None,transfer,0,1694472821.0,,,1694472826.0,,,0.0,1694472827.0,1694472831.0,,,0.0,1694472831.0,1694472836.0,5.0,,1.0,4.0,5.0,,,,,poseidon,local,poseidon-submit,pegasus::transfer,/mnt/poseidon-data/poseidon/pegasus-5.1.0panorama/bin/pegasus-transfer,/home/poseidon/pegasus-5.1.0panorama/bin/../bin/pegasus-kickstart  -n pegasus::transfer -N null -i - -R local  -L casa-wind-full -T 2023-09-08T07:29:05+00:00 /home/poseidon/pegasus-5.1.0panorama/bin/../bin/pegasus-transfer  --threads 2,0.9,0,0,,,,,,,,,
point_alert_ID0000085,None,compute,0,1694472821.0,,,1694472826.0,1694472829.0,1694472840.0,32932114.2,1694472827.0,1694472856.0,1694472845.0,1694472848.0,6772.0,1694472856.0,1694472861.0,5.0,,1.0,29.0,5.0,11.0,176655981.0,3.0,21118.0,poseidon,condorpool,poseidon-worker-1-container-12-15,point_alert,/opt/pointAlert/pointAlert,,0.0,0,0,,,,,,,,,
stage_out_local_condorpool_2_0,None,transfer,0,1694472831.0,,,1694472836.0,,,0.0,1694472836.0,1694472841.0,,,0.0,1694472841.0,1694472846.0,5.0,,0.0,5.0,5.0,,,,,poseidon,local,poseidon-submit,pegasus::transfer,/mnt/poseidon-data/poseidon/pegasus-5.1.0panorama/bin/pegasus-transfer,/home/poseidon/pegasus-5.1.0panorama/bin/../bin/pegasus-kickstart  -n pegasus::transfer -N null -i - -R local  -L casa-wind-full -T 2023-09-08T07:29:05+00:00 /home/poseidon/pegasus-5.1.0panorama/bin/../bin/pegasus-transfer  --threads 2,0.9,0,0,,,,,,,,,
point_alert_ID0000030,None,compute,0,1694472831.0,,,1694472836.0,1694472838.0,1694472849.0,35185066.6,1694472837.0,1694472866.0,1694472854.0,1694472858.0,6604.0,1694472866.0,1694472871.0,5.0,,1.0,29.0,5.0,11.0,176646324.0,4.0,20158.0,poseidon,condorpool,poseidon-worker-1-container-44-47,point_alert,/opt/pointAlert/pointAlert,,0.0,0,0,,,,,,,,,
stage_out_local_condorpool_3_2,None,transfer,0,1694472836.0,,,1694472841.0,,,0.0,1694472841.0,1694472846.0,,,0.0,1694472846.0,1694472851.0,5.0,,0.0,5.0,5.0,,,,,poseidon,local,poseidon-submit,pegasus::transfer,/mnt/poseidon-data/poseidon/pegasus-5.1.0panorama/bin/pegasus-transfer,/home/poseidon/pegasus-5.1.0panorama/bin/../bin/pegasus-kickstart  -n pegasus::transfer -N null -i - -R local  -L casa-wind-full -T 2023-09-08T07:29:05+00:00 /home/poseidon/pegasus-5.1.0panorama/bin/../bin/pegasus-transfer  --threads 2,0.8,0,0,,,,,,,,,
register_condorpool_2_3,None,auxiliary,0,1694472836.0,,,1694472841.0,,,0.0,1694472841.0,1694472846.0,,,0.0,1694472846.0,1694472851.0,5.0,,0.0,5.0,5.0,,,,,poseidon,local,poseidon-submit,pegasus::rc-client,/mnt/poseidon-data/poseidon/pegasus-5.1.0panorama/bin/pegasus-rc-client,"-n pegasus::rc-client -N null -R local  -L casa-wind-full -T 2023-09-08T07:29:05+00:00 /home/poseidon/pegasus-5.1.0panorama/bin/pegasus-rc-client --prefix pegasus.catalog.replica.output --conf /mnt/poseidon-data/poseidon/workflows/casa-wind-workflow-full/submit/poseidon/pegasus/casa-wind-full/run0404/pegasus.1797235831371499358.properties -v --meta /mnt/poseidon-data/poseidon/workflows/casa-wind-workflow-full/submit/poseidon/pegasus/casa-wind-full/run0404/00/01/mvt_ID0000084.meta,/mnt/poseidon-data/poseidon/workflows/casa-wind-workflow-full/submit/poseidon/pegasus/casa-wind-full/run0404/00/02/post_vel_ID0000103.meta,/mnt/poseidon-data/poseidon/workflows/casa-wind-workflow-full/submit/poseidon/pegasus/casa-wind-full/run0404/00/01/post_vel_ID0000098.meta,/mnt/poseidon-data/poseidon/workflows/casa-wind-workflow-full/submit/poseidon/pegasus/casa-wind-full/run0404/00/02/post_vel_ID0000048.meta,/mnt/poseidon-data/poseidon/workflows/casa-wind-workflow-full/submit/poseidon/pegasus/casa-wind-full/run0404/00/01/mvt_ID0000009.meta,/mnt/poseidon-data/poseidon/workflows/casa-wind-workflow-full/submit/poseidon/pegasus/casa-wind-full/run0404/00/01/post_vel_ID0000018.meta,/mnt/poseidon-data/poseidon/workflows/casa-wind-workflow-full/submit/poseidon/pegasus/casa-wind-full/run0404/00/01/mvt_ID0000089.meta,/mnt/poseidon-data/poseidon/workflows/casa-wind-workflow-full/submit/poseidon/pegasus/casa-wind-full/run0404/00/02/mvt_ID0000074.meta,/mnt/poseidon-data/poseidon/workflows/casa-wind-workflow-full/submit/poseidon/pegasus/casa-wind-full/run0404/00/02/post_vel_ID0000038.meta --insert /mnt/poseidon-data/poseidon/workflows/casa-wind-workflow-full/submit/poseidon/pegasus/casa-wind-full/run0404/00/02/register_condorpool_2_3.in",2.7,0,0,,,,,,,,,
register_condorpool_2_0,None,auxiliary,0,1694472846.0,,,1694472851.0,,,0.0,1694472852.0,1694472856.0,,,0.0,1694472856.0,1694472861.0,5.0,,1.0,4.0,5.0,,,,,poseidon,local,poseidon-submit,pegasus::rc-client,/mnt/poseidon-data/poseidon/pegasus-5.1.0panorama/bin/pegasus-rc-client,"-n pegasus::rc-client -N null -R local  -L casa-wind-full -T 2023-09-08T07:29:05+00:00 /home/poseidon/pegasus-5.1.0panorama/bin/pegasus-rc-client --prefix pegasus.catalog.replica.output --conf /mnt/poseidon-data/poseidon/workflows/casa-wind-workflow-full/submit/poseidon/pegasus/casa-wind-full/run0404/pegasus.1797235831371499358.properties -v --meta /mnt/poseidon-data/poseidon/workflows/casa-wind-workflow-full/submit/poseidon/pegasus/casa-wind-full/run0404/00/01/post_vel_ID0000023.meta,/mnt/poseidon-data/poseidon/workflows/casa-wind-workflow-full/submit/poseidon/pegasus/casa-wind-full/run0404/00/01/post_vel_ID0000093.meta,/mnt/poseidon-data/poseidon/workflows/casa-wind-workflow-full/submit/poseidon/pegasus/casa-wind-full/run0404/00/01/mvt_ID0000129.meta,/mnt/poseidon-data/poseidon/workflows/casa-wind-workflow-full/submit/poseidon/pegasus/casa-wind-full/run0404/00/02/mvt_ID0000044.meta,/mnt/poseidon-data/poseidon/workflows/casa-wind-workflow-full/submit/poseidon/pegasus/casa-wind-full/run0404/00/02/post_vel_ID0000058.meta,/mnt/poseidon-data/poseidon/workflows/casa-wind-workflow-full/submit/poseidon/pegasus/casa-wind-full/run0404/00/01/post_vel_ID0000068.meta,/mnt/poseidon-data/poseidon/workflows/casa-wind-workflow-full/submit/poseidon/pegasus/casa-wind-full/run0404/00/01/post_vel_ID0000123.meta,/mnt/poseidon-data/poseidon/workflows/casa-wind-workflow-full/submit/poseidon/pegasus/casa-wind-full/run0404/00/02/post_vel_ID0000078.meta,/mnt/poseidon-data/poseidon/workflows/casa-wind-workflow-full/submit/poseidon/pegasus/casa-wind-full/run0404/00/01/mvt_ID0000029.meta --insert /mnt/poseidon-data/poseidon/workflows/casa-wind-workflow-full/submit/poseidon/pegasus/casa-wind-full/run0404/00/02/register_condorpool_2_0.in",2.6,0,0,,,,,,,,,
register_condorpool_3_2,None,auxiliary,0,1694472851.0,,,1694472861.0,,,0.0,1694472861.0,1694472866.0,,,0.0,1694472866.0,1694472871.0,10.0,,0.0,5.0,5.0,,,,,poseidon,local,poseidon-submit,pegasus::rc-client,/mnt/poseidon-data/poseidon/pegasus-5.1.0panorama/bin/pegasus-rc-client,"-n pegasus::rc-client -N null -R local  -L casa-wind-full -T 2023-09-08T07:29:05+00:00 /home/poseidon/pegasus-5.1.0panorama/bin/pegasus-rc-client --prefix pegasus.catalog.replica.output --conf /mnt/poseidon-data/poseidon/workflows/casa-wind-workflow-full/submit/poseidon/pegasus/casa-wind-full/run0404/pegasus.1797235831371499358.properties -v --meta /mnt/poseidon-data/poseidon/workflows/casa-wind-workflow-full/submit/poseidon/pegasus/casa-wind-full/run0404/00/03/point_alert_ID0000110.meta,/mnt/poseidon-data/poseidon/workflows/casa-wind-workflow-full/submit/poseidon/pegasus/casa-wind-full/run0404/00/03/point_alert_ID0000055.meta,/mnt/poseidon-data/poseidon/workflows/casa-wind-workflow-full/submit/poseidon/pegasus/casa-wind-full/run0404/00/02/point_alert_ID0000115.meta,/mnt/poseidon-data/poseidon/workflows/casa-wind-workflow-full/submit/poseidon/pegasus/casa-wind-full/run0404/00/02/point_alert_ID0000120.meta,/mnt/poseidon-data/poseidon/workflows/casa-wind-workflow-full/submit/poseidon/pegasus/casa-wind-full/run0404/00/02/point_alert_ID0000035.meta,/mnt/poseidon-data/poseidon/workflows/casa-wind-workflow-full/submit/poseidon/pegasus/casa-wind-full/run0404/00/02/point_alert_ID0000015.meta,/mnt/poseidon-data/poseidon/workflows/casa-wind-workflow-full/submit/poseidon/pegasus/casa-wind-full/run0404/00/02/point_alert_ID0000065.meta,/mnt/poseidon-data/poseidon/workflows/casa-wind-workflow-full/submit/poseidon/pegasus/casa-wind-full/run0404/00/02/point_alert_ID0000005.meta --insert /mnt/poseidon-data/poseidon/workflows/casa-wind-workflow-full/submit/poseidon/pegasus/casa-wind-full/run0404/00/03/register_condorpool_3_2.in",2.7,0,0,,,,,,,,,
stage_out_local_condorpool_3_1,None,transfer,0,1694472861.0,,,1694472866.0,,,0.0,1694472866.0,1694472871.0,,,0.0,1694472871.0,1694472876.0,5.0,,0.0,5.0,5.0,,,,,poseidon,local,poseidon-submit,pegasus::transfer,/mnt/poseidon-data/poseidon/pegasus-5.1.0panorama/bin/pegasus-transfer,/home/poseidon/pegasus-5.1.0panorama/bin/../bin/pegasus-kickstart  -n pegasus::transfer -N null -i - -R local  -L casa-wind-full -T 2023-09-08T07:29:05+00:00 /home/poseidon/pegasus-5.1.0panorama/bin/../bin/pegasus-transfer  --threads 2,0.9,0,0,,,,,,,,,
stage_out_local_condorpool_3_0,None,transfer,0,1694472871.0,,,1694472876.0,,,0.0,1694472876.0,1694472881.0,,,0.0,1694472881.0,1694472886.0,5.0,,0.0,5.0,5.0,,,,,poseidon,local,poseidon-submit,pegasus::transfer,/mnt/poseidon-data/poseidon/pegasus-5.1.0panorama/bin/pegasus-transfer,/home/poseidon/pegasus-5.1.0panorama/bin/../bin/pegasus-kickstart  -n pegasus::transfer -N null -i - -R local  -L casa-wind-full -T 2023-09-08T07:29:05+00:00 /home/poseidon/pegasus-5.1.0panorama/bin/../bin/pegasus-transfer  --threads 2,0.9,0,0,,,,,,,,,
register_condorpool_3_1,None,auxiliary,0,1694472876.0,,,1694472881.0,,,0.0,1694472881.0,1694472886.0,,,0.0,1694472886.0,1694472891.0,5.0,,0.0,5.0,5.0,,,,,poseidon,local,poseidon-submit,pegasus::rc-client,/mnt/poseidon-data/poseidon/pegasus-5.1.0panorama/bin/pegasus-rc-client,"-n pegasus::rc-client -N null -R local  -L casa-wind-full -T 2023-09-08T07:29:05+00:00 /home/poseidon/pegasus-5.1.0panorama/bin/pegasus-rc-client --prefix pegasus.catalog.replica.output --conf /mnt/poseidon-data/poseidon/workflows/casa-wind-workflow-full/submit/poseidon/pegasus/casa-wind-full/run0404/pegasus.1797235831371499358.properties -v --meta /mnt/poseidon-data/poseidon/workflows/casa-wind-workflow-full/submit/poseidon/pegasus/casa-wind-full/run0404/00/02/point_alert_ID0000010.meta,/mnt/poseidon-data/poseidon/workflows/casa-wind-workflow-full/submit/poseidon/pegasus/casa-wind-full/run0404/00/02/point_alert_ID0000090.meta,/mnt/poseidon-data/poseidon/workflows/casa-wind-workflow-full/submit/poseidon/pegasus/casa-wind-full/run0404/00/02/point_alert_ID0000085.meta,/mnt/poseidon-data/poseidon/workflows/casa-wind-workflow-full/submit/poseidon/pegasus/casa-wind-full/run0404/00/02/point_alert_ID0000075.meta,/mnt/poseidon-data/poseidon/workflows/casa-wind-workflow-full/submit/poseidon/pegasus/casa-wind-full/run0404/00/02/point_alert_ID0000100.meta,/mnt/poseidon-data/poseidon/workflows/casa-wind-workflow-full/submit/poseidon/pegasus/casa-wind-full/run0404/00/03/point_alert_ID0000040.meta,/mnt/poseidon-data/poseidon/workflows/casa-wind-workflow-full/submit/poseidon/pegasus/casa-wind-full/run0404/00/02/point_alert_ID0000020.meta,/mnt/poseidon-data/poseidon/workflows/casa-wind-workflow-full/submit/poseidon/pegasus/casa-wind-full/run0404/00/03/point_alert_ID0000050.meta,/mnt/poseidon-data/poseidon/workflows/casa-wind-workflow-full/submit/poseidon/pegasus/casa-wind-full/run0404/00/03/point_alert_ID0000105.meta --insert /mnt/poseidon-data/poseidon/workflows/casa-wind-workflow-full/submit/poseidon/pegasus/casa-wind-full/run0404/00/03/register_condorpool_3_1.in",2.6,0,0,,,,,,,,,
register_condorpool_3_0,None,auxiliary,0,1694472886.0,,,1694472891.0,,,0.0,1694472892.0,1694472896.0,,,0.0,1694472896.0,1694472901.0,5.0,,1.0,4.0,5.0,,,,,poseidon,local,poseidon-submit,pegasus::rc-client,/mnt/poseidon-data/poseidon/pegasus-5.1.0panorama/bin/pegasus-rc-client,"-n pegasus::rc-client -N null -R local  -L casa-wind-full -T 2023-09-08T07:29:05+00:00 /home/poseidon/pegasus-5.1.0panorama/bin/pegasus-rc-client --prefix pegasus.catalog.replica.output --conf /mnt/poseidon-data/poseidon/workflows/casa-wind-workflow-full/submit/poseidon/pegasus/casa-wind-full/run0404/pegasus.1797235831371499358.properties -v --meta /mnt/poseidon-data/poseidon/workflows/casa-wind-workflow-full/submit/poseidon/pegasus/casa-wind-full/run0404/00/02/point_alert_ID0000125.meta,/mnt/poseidon-data/poseidon/workflows/casa-wind-workflow-full/submit/poseidon/pegasus/casa-wind-full/run0404/00/02/point_alert_ID0000095.meta,/mnt/poseidon-data/poseidon/workflows/casa-wind-workflow-full/submit/poseidon/pegasus/casa-wind-full/run0404/00/03/point_alert_ID0000060.meta,/mnt/poseidon-data/poseidon/workflows/casa-wind-workflow-full/submit/poseidon/pegasus/casa-wind-full/run0404/00/02/point_alert_ID0000030.meta,/mnt/poseidon-data/poseidon/workflows/casa-wind-workflow-full/submit/poseidon/pegasus/casa-wind-full/run0404/00/02/point_alert_ID0000025.meta,/mnt/poseidon-data/poseidon/workflows/casa-wind-workflow-full/submit/poseidon/pegasus/casa-wind-full/run0404/00/03/point_alert_ID0000045.meta,/mnt/poseidon-data/poseidon/workflows/casa-wind-workflow-full/submit/poseidon/pegasus/casa-wind-full/run0404/00/02/point_alert_ID0000130.meta,/mnt/poseidon-data/poseidon/workflows/casa-wind-workflow-full/submit/poseidon/pegasus/casa-wind-full/run0404/00/02/point_alert_ID0000070.meta,/mnt/poseidon-data/poseidon/workflows/casa-wind-workflow-full/submit/poseidon/pegasus/casa-wind-full/run0404/00/02/point_alert_ID0000080.meta --insert /mnt/poseidon-data/poseidon/workflows/casa-wind-workflow-full/submit/poseidon/pegasus/casa-wind-full/run0404/00/03/register_condorpool_3_0.in",2.6,0,0,,,,,,,,,
cleanup_casa-wind-full_0_condorpool,None,auxiliary,0,1694472886.0,,,1694472891.0,,,0.0,1694472892.0,1694472896.0,,,0.0,1694472896.0,1694472901.0,5.0,,1.0,4.0,5.0,,,,,poseidon,local,poseidon-submit,pegasus::cleanup,/mnt/poseidon-data/poseidon/pegasus-5.1.0panorama/bin/pegasus-transfer,pegasus-kickstart  -n pegasus::cleanup -N null -i - -R local  -L casa-wind-full -T 2023-09-08T07:29:05+00:00 pegasus-transfer,0.3,0,0,,,,,,,,,
