,anomaly_type,type,is_clustered,ready,pre_script_start,pre_script_end,submit,stage_in_start,stage_in_end,stage_in_effective_bytes_per_sec,execute_start,execute_end,stage_out_start,stage_out_end,stage_out_effective_bytes_per_sec,post_script_start,post_script_end,wms_delay,pre_script_delay,queue_delay,runtime,post_script_delay,stage_in_delay,stage_in_bytes,stage_out_delay,stage_out_bytes,kickstart_user,kickstart_site,kickstart_hostname,kickstart_transformations,kickstart_executables,kickstart_executables_argv,kickstart_executables_cpu_time,kickstart_status,kickstart_executables_exitcode,kickstart_online_iowait,kickstart_online_bytes_read,kickstart_online_bytes_written,kickstart_online_read_system_calls,kickstart_online_write_system_calls,kickstart_online_utime,kickstart_online_stime,kickstart_online_bytes_read_per_second,kickstart_online_bytes_written_per_second
create_dir_casa-wind-full_0_condorpool,None,auxiliary,0,1694367709.0,,,1694367710.0,,,0.0,1694367713.0,1694367720.0,,,0.0,1694367720.0,1694367725.0,1.0,,3.0,7.0,5.0,,,,,poseidon,local,poseidon-submit,pegasus::dirmanager,/mnt/poseidon-data/poseidon/pegasus-5.1.0panorama/bin/pegasus-transfer,pegasus-kickstart  -n pegasus::dirmanager -N null -i - -R local  -L casa-wind-full -T 2023-09-08T07:29:05+00:00 pegasus-transfer,0.2,0,0,,,,,,,,,
unzip_ID0000006,None,compute,0,1694367725.0,,,1694367730.0,1694367755.0,1694367763.0,26495687.0,1694367753.0,1694367800.0,1694367776.0,1694367791.0,33712606.0,1694367800.0,1694367806.0,5.0,,23.0,47.0,6.0,8.0,222753803.0,15.0,501616588.0,poseidon,condorpool,poseidon-worker-1-container-20-23,unzip,/usr/bin/gunzip,,3.9,0,0,,,,,,,,,
unzip_ID0000106,None,compute,0,1694367725.0,,,1694367730.0,1694367754.0,1694367761.0,30766505.0,1694367752.0,1694367795.0,1694367774.0,1694367789.0,34343569.0,1694367795.0,1694367800.0,5.0,,22.0,43.0,5.0,7.0,241199298.0,15.0,501821816.0,poseidon,condorpool,poseidon-worker-1-container-44-47,unzip,/usr/bin/gunzip,,4.1,0,0,,,,,,,,,
unzip_ID0000046,cpu_2,compute,0,1694367725.0,,,1694367730.0,1694367753.0,1694367763.0,24231827.0,1694367751.0,1694367800.0,1694367776.0,1694367793.0,31448204.0,1694367800.0,1694367806.0,5.0,,21.0,49.0,6.0,10.0,229692821.0,17.0,523855228.0,poseidon,condorpool,poseidon-worker-2-container-4-7,unzip,/usr/bin/gunzip,,4.0,0,0,,,,,,,,,
unzip_ID0000101,None,compute,0,1694367725.0,,,1694367730.0,1694367752.0,1694367761.0,28573498.0,1694367750.0,1694367800.0,1694367774.0,1694367793.0,29328762.0,1694367800.0,1694367806.0,5.0,,20.0,50.0,6.0,9.0,250988249.0,19.0,561551644.0,poseidon,condorpool,poseidon-worker-2-container-20-23,unzip,/usr/bin/gunzip,,4.3,0,0,,,,,,,,,
unzip_ID0000026,None,compute,0,1694367725.0,,,1694367730.0,1694367752.0,1694367759.0,32725606.0,1694367750.0,1694367790.0,1694367771.0,1694367784.0,40748626.0,1694367790.0,1694367795.0,5.0,,20.0,40.0,5.0,7.0,227963832.0,13.0,523917888.0,poseidon,condorpool,poseidon-worker-2-container-0-3,unzip,/usr/bin/gunzip,,3.9,0,0,,,,,,,,,
unzip_ID0000126,None,compute,0,1694367725.0,,,1694367730.0,1694367752.0,1694367760.0,32148618.0,1694367751.0,1694367795.0,1694367773.0,1694367785.0,44030001.0,1694367795.0,1694367800.0,5.0,,21.0,44.0,5.0,8.0,249343892.0,12.0,520618424.0,poseidon,condorpool,poseidon-worker-2-container-16-19,unzip,/usr/bin/gunzip,,4.2,0,0,,,,,,,,,
unzip_ID0000031,None,compute,0,1694367725.0,,,1694367730.0,1694367752.0,1694367761.0,24466897.0,1694367750.0,1694367800.0,1694367775.0,1694367790.0,35698957.0,1694367800.0,1694367806.0,5.0,,20.0,50.0,6.0,9.0,237517035.0,15.0,539438752.0,poseidon,condorpool,poseidon-worker-2-container-8-11,unzip,/usr/bin/gunzip,,4.2,0,0,,,,,,,,,
unzip_ID0000076,None,compute,0,1694367725.0,,,1694367730.0,1694367754.0,1694367763.0,26074046.0,1694367752.0,1694367806.0,1694367775.0,1694367798.0,22921275.0,1694367806.0,1694367811.0,5.0,,22.0,54.0,5.0,9.0,233747923.0,23.0,523942844.0,poseidon,condorpool,poseidon-worker-1-container-16-19,unzip,/usr/bin/gunzip,,4.1,0,0,,,,,,,,,
unzip_ID0000011,None,compute,0,1694367725.0,,,1694367730.0,1694367751.0,1694367760.0,25890667.0,1694367750.0,1694367790.0,1694367773.0,1694367785.0,49942848.0,1694367790.0,1694367795.0,5.0,,20.0,40.0,5.0,9.0,235998389.0,12.0,565205920.0,poseidon,condorpool,poseidon-worker-1-container-32-35,unzip,/usr/bin/gunzip,,4.2,0,0,,,,,,,,,
unzip_ID0000056,None,compute,0,1694367725.0,,,1694367730.0,1694367753.0,1694367761.0,27207870.0,1694367751.0,1694367795.0,1694367774.0,1694367788.0,37466832.0,1694367795.0,1694367800.0,5.0,,21.0,44.0,5.0,8.0,232139969.0,14.0,528026776.0,poseidon,condorpool,poseidon-worker-1-container-8-11,unzip,/usr/bin/gunzip,,4.1,0,0,,,,,,,,,
unzip_ID0000071,None,compute,0,1694367725.0,,,1694367730.0,1694367752.0,1694367761.0,26409426.0,1694367750.0,1694367795.0,1694367773.0,1694367787.0,39401579.0,1694367795.0,1694367800.0,5.0,,20.0,45.0,5.0,9.0,240896692.0,14.0,539506600.0,poseidon,condorpool,poseidon-worker-2-container-24-27,unzip,/usr/bin/gunzip,,4.2,0,0,,,,,,,,,
unzip_ID0000051,None,compute,0,1694367725.0,,,1694367730.0,1694367752.0,1694367759.0,36346315.0,1694367750.0,1694367790.0,1694367772.0,1694367783.0,50057477.0,1694367790.0,1694367795.0,5.0,,20.0,40.0,5.0,7.0,239630266.0,11.0,544301296.0,poseidon,condorpool,poseidon-worker-1-container-0-3,unzip,/usr/bin/gunzip,,4.1,0,0,,,,,,,,,
unzip_ID0000111,None,compute,0,1694367725.0,,,1694367730.0,1694367752.0,1694367760.0,31082260.0,1694367750.0,1694367795.0,1694367773.0,1694367787.0,41590023.0,1694367795.0,1694367800.0,5.0,,20.0,45.0,5.0,8.0,256320311.0,14.0,567950764.0,poseidon,condorpool,poseidon-worker-1-container-4-7,unzip,/usr/bin/gunzip,,4.4,0,0,,,,,,,,,
unzip_ID0000091,None,compute,0,1694367725.0,,,1694367730.0,1694367752.0,1694367763.0,22622234.0,1694367750.0,1694367806.0,1694367778.0,1694367795.0,31738510.0,1694367806.0,1694367811.0,5.0,,20.0,56.0,5.0,11.0,246447087.0,17.0,539109992.0,poseidon,condorpool,poseidon-worker-2-container-28-31,unzip,/usr/bin/gunzip,,4.2,0,0,,,,,,,,,
unzip_ID0000081,None,compute,0,1694367725.0,,,1694367730.0,1694367752.0,1694367759.0,33626200.0,1694367750.0,1694367790.0,1694367772.0,1694367783.0,48218544.0,1694367790.0,1694367795.0,5.0,,20.0,40.0,5.0,7.0,245619741.0,11.0,543190672.0,poseidon,condorpool,poseidon-worker-1-container-44-47,unzip,/usr/bin/gunzip,,4.2,0,0,,,,,,,,,
unzip_ID0000041,cpu_2,compute,0,1694367725.0,,,1694367730.0,1694367752.0,1694367760.0,28914010.0,1694367750.0,1694367795.0,1694367773.0,1694367786.0,42042558.0,1694367795.0,1694367800.0,5.0,,20.0,45.0,5.0,8.0,238944758.0,13.0,540768928.0,poseidon,condorpool,poseidon-worker-2-container-12-15,unzip,/usr/bin/gunzip,,4.1,0,0,,,,,,,,,
unzip_ID0000061,None,compute,0,1694367725.0,,,1694367730.0,1694367752.0,1694367762.0,24992216.0,1694367750.0,1694367806.0,1694367775.0,1694367797.0,24498371.0,1694367806.0,1694367811.0,5.0,,20.0,56.0,5.0,10.0,240463185.0,22.0,541945820.0,poseidon,condorpool,poseidon-worker-2-container-36-39,unzip,/usr/bin/gunzip,,4.2,0,0,,,,,,,,,
unzip_ID0000096,None,compute,0,1694367725.0,,,1694367730.0,1694367752.0,1694367759.0,32158798.0,1694367750.0,1694367795.0,1694367772.0,1694367787.0,34785931.0,1694367795.0,1694367800.0,5.0,,20.0,45.0,5.0,7.0,240753402.0,15.0,524013876.0,poseidon,condorpool,poseidon-worker-2-container-32-35,unzip,/usr/bin/gunzip,,4.1,0,0,,,,,,,,,
unzip_ID0000121,None,compute,0,1694367725.0,,,1694367730.0,1694367752.0,1694367763.0,21621158.0,1694367750.0,1694367806.0,1694367778.0,1694367795.0,32565951.0,1694367806.0,1694367811.0,5.0,,20.0,56.0,5.0,11.0,250860096.0,17.0,550782944.0,poseidon,condorpool,poseidon-worker-2-container-44-47,unzip,/usr/bin/gunzip,,4.3,0,0,,,,,,,,,
unzip_ID0000066,None,compute,0,1694367725.0,,,1694367730.0,1694367752.0,1694367760.0,26002521.0,1694367750.0,1694367800.0,1694367773.0,1694367790.0,30159295.0,1694367800.0,1694367806.0,5.0,,20.0,50.0,6.0,8.0,232031705.0,17.0,523661496.0,poseidon,condorpool,poseidon-worker-1-container-36-39,unzip,/usr/bin/gunzip,,4.1,0,0,,,,,,,,,
unzip_ID0000001,None,compute,0,1694367725.0,,,1694367730.0,1694367752.0,1694367760.0,28009555.0,1694367750.0,1694367795.0,1694367773.0,1694367788.0,37905201.0,1694367795.0,1694367800.0,5.0,,20.0,45.0,5.0,8.0,232473216.0,15.0,561354992.0,poseidon,condorpool,poseidon-worker-2-container-40-43,unzip,/usr/bin/gunzip,,4.1,0,0,,,,,,,,,
unzip_ID0000086,None,compute,0,1694367725.0,,,1694367730.0,1694367752.0,1694367759.0,31215368.0,1694367750.0,1694367790.0,1694367772.0,1694367781.0,55968911.0,1694367790.0,1694367795.0,5.0,,20.0,40.0,5.0,7.0,234836668.0,9.0,518838800.0,poseidon,condorpool,poseidon-worker-1-container-40-43,unzip,/usr/bin/gunzip,,4.1,0,0,,,,,,,,,
unzip_ID0000016,None,compute,0,1694367725.0,,,1694367730.0,1694367752.0,1694367759.0,31757091.0,1694367750.0,1694367790.0,1694367772.0,1694367782.0,52866238.0,1694367790.0,1694367795.0,5.0,,20.0,40.0,5.0,7.0,225238888.0,10.0,523826084.0,poseidon,condorpool,poseidon-worker-1-container-20-23,unzip,/usr/bin/gunzip,,4.0,0,0,,,,,,,,,
unzip_ID0000036,None,compute,0,1694367725.0,,,1694367730.0,1694367751.0,1694367761.0,24538658.0,1694367750.0,1694367790.0,1694367773.0,1694367784.0,48208710.0,1694367790.0,1694367795.0,5.0,,20.0,40.0,5.0,10.0,232020704.0,11.0,526952240.0,poseidon,condorpool,poseidon-worker-1-container-24-27,unzip,/usr/bin/gunzip,,4.1,0,0,,,,,,,,,
unzip_ID0000116,None,compute,0,1694367725.0,,,1694367730.0,1694367752.0,1694367759.0,34734918.0,1694367750.0,1694367790.0,1694367772.0,1694367781.0,56160418.0,1694367790.0,1694367795.0,5.0,,20.0,40.0,5.0,7.0,249255741.0,9.0,520850676.0,poseidon,condorpool,poseidon-worker-1-container-12-15,unzip,/usr/bin/gunzip,,4.1,0,0,,,,,,,,,
unzip_ID0000021,None,compute,0,1694367725.0,,,1694367730.0,1694367752.0,1694367761.0,25828872.0,1694367750.0,1694367795.0,1694367774.0,1694367787.0,40566822.0,1694367795.0,1694367800.0,5.0,,20.0,45.0,5.0,9.0,235136662.0,13.0,539178100.0,poseidon,condorpool,poseidon-worker-1-container-28-31,unzip,/usr/bin/gunzip,,4.1,0,0,,,,,,,,,
um_vel_ID0000017,None,compute,0,1694367795.0,,,1694367800.0,1694367803.0,1694367821.0,56982544.8,1694367801.0,1694367841.0,1694367829.0,1694367833.0,174516.0,1694367841.0,1694367846.0,5.0,,1.0,40.0,5.0,18.0,700412836.0,4.0,556900.0,poseidon,condorpool,poseidon-worker-2-container-20-23,um_vel,/opt/UM_VEL/UM_VEL,,1.7,0,0,,,,,,,,,
um_vel_ID0000027,None,compute,0,1694367795.0,,,1694367800.0,1694367803.0,1694367822.0,51382629.5,1694367801.0,1694367841.0,1694367831.0,1694367834.0,173973.0,1694367841.0,1694367846.0,5.0,,1.0,40.0,5.0,19.0,700504640.0,3.0,556900.0,poseidon,condorpool,poseidon-worker-1-container-20-23,um_vel,/opt/UM_VEL/UM_VEL,,1.7,0,0,,,,,,,,,
um_vel_ID0000012,None,compute,0,1694367795.0,,,1694367800.0,1694367803.0,1694367822.0,56483557.8,1694367801.0,1694367841.0,1694367831.0,1694367834.0,171687.0,1694367841.0,1694367846.0,5.0,,1.0,40.0,5.0,19.0,741792672.0,3.0,556900.0,poseidon,condorpool,poseidon-worker-1-container-32-35,um_vel,/opt/UM_VEL/UM_VEL,,1.8,0,0,,,,,,,,,
um_vel_ID0000117,None,compute,0,1694367795.0,,,1694367800.0,1694367803.0,1694367824.0,44882639.8,1694367801.0,1694367841.0,1694367832.0,1694367836.0,170217.0,1694367841.0,1694367846.0,5.0,,1.0,40.0,5.0,21.0,697437428.0,4.0,556900.0,poseidon,condorpool,poseidon-worker-2-container-16-19,um_vel,/opt/UM_VEL/UM_VEL,,1.7,0,0,,,,,,,,,
um_vel_ID0000037,None,compute,0,1694367795.0,,,1694367800.0,1694367803.0,1694367823.0,48436849.7,1694367801.0,1694367841.0,1694367832.0,1694367835.0,172237.0,1694367841.0,1694367846.0,5.0,,1.0,40.0,5.0,20.0,703538992.0,3.0,556900.0,poseidon,condorpool,poseidon-worker-2-container-24-27,um_vel,/opt/UM_VEL/UM_VEL,,1.8,0,0,,,,,,,,,
um_vel_ID0000087,None,compute,0,1694367795.0,,,1694367800.0,1694367803.0,1694367823.0,49276357.7,1694367801.0,1694367841.0,1694367831.0,1694367834.0,170410.0,1694367841.0,1694367846.0,5.0,,1.0,40.0,5.0,20.0,695425552.0,3.0,556900.0,poseidon,condorpool,poseidon-worker-1-container-8-11,um_vel,/opt/UM_VEL/UM_VEL,,1.7,0,0,,,,,,,,,
um_vel_ID0000052,None,compute,0,1694367795.0,,,1694367800.0,1694367803.0,1694367824.0,48264686.1,1694367801.0,1694367846.0,1694367832.0,1694367835.0,172019.0,1694367846.0,1694367851.0,5.0,,1.0,45.0,5.0,21.0,720888048.0,3.0,556900.0,poseidon,condorpool,poseidon-worker-1-container-40-43,um_vel,/opt/UM_VEL/UM_VEL,,1.7,0,0,,,,,,,,,
um_vel_ID0000082,None,compute,0,1694367795.0,,,1694367800.0,1694367803.0,1694367825.0,43816271.5,1694367801.0,1694367846.0,1694367834.0,1694367837.0,168530.0,1694367846.0,1694367851.0,5.0,,1.0,45.0,5.0,22.0,719777424.0,3.0,556900.0,poseidon,condorpool,poseidon-worker-1-container-0-3,um_vel,/opt/UM_VEL/UM_VEL,,1.8,0,0,,,,,,,,,
um_vel_ID0000107,None,compute,0,1694367800.0,,,1694367806.0,1694367808.0,1694367827.0,50835104.7,1694367807.0,1694367846.0,1694367836.0,1694367840.0,173596.0,1694367846.0,1694367851.0,6.0,,1.0,39.0,5.0,19.0,678408568.0,4.0,556900.0,poseidon,condorpool,poseidon-worker-1-container-16-19,um_vel,/opt/UM_VEL/UM_VEL,,1.7,0,0,,,,,,,,,
um_vel_ID0000022,cpu_2,compute,0,1694367800.0,,,1694367806.0,1694367809.0,1694367828.0,54571531.5,1694367807.0,1694367846.0,1694367836.0,1694367839.0,176492.0,1694367846.0,1694367851.0,6.0,,1.0,39.0,5.0,19.0,715764852.0,3.0,556900.0,poseidon,condorpool,poseidon-worker-2-container-4-7,um_vel,/opt/UM_VEL/UM_VEL,,1.7,0,0,,,,,,,,,
um_vel_ID0000002,None,compute,0,1694367800.0,,,1694367806.0,1694367809.0,1694367831.0,43848724.1,1694367807.0,1694367851.0,1694367841.0,1694367844.0,178125.0,1694367851.0,1694367856.0,6.0,,1.0,44.0,5.0,22.0,737941744.0,3.0,556900.0,poseidon,condorpool,poseidon-worker-1-container-44-47,um_vel,/opt/UM_VEL/UM_VEL,,1.7,0,0,,,,,,,,,
um_vel_ID0000097,None,compute,0,1694367800.0,,,1694367806.0,1694367809.0,1694367828.0,50222346.3,1694367807.0,1694367846.0,1694367837.0,1694367840.0,176625.0,1694367846.0,1694367851.0,6.0,,1.0,39.0,5.0,19.0,700600628.0,3.0,556900.0,poseidon,condorpool,poseidon-worker-2-container-44-47,um_vel,/opt/UM_VEL/UM_VEL,,1.7,0,0,,,,,,,,,
um_vel_ID0000072,None,compute,0,1694367800.0,,,1694367806.0,1694367809.0,1694367828.0,55166825.2,1694367807.0,1694367846.0,1694367836.0,1694367840.0,176621.0,1694367846.0,1694367851.0,6.0,,1.0,39.0,5.0,19.0,716093352.0,4.0,556900.0,poseidon,condorpool,poseidon-worker-1-container-20-23,um_vel,/opt/UM_VEL/UM_VEL,,1.7,0,0,,,,,,,,,
um_vel_ID0000112,None,compute,0,1694367800.0,,,1694367806.0,1694367809.0,1694367828.0,58213016.5,1694367808.0,1694367846.0,1694367838.0,1694367841.0,178786.0,1694367846.0,1694367851.0,6.0,,2.0,38.0,5.0,19.0,744537516.0,3.0,556900.0,poseidon,condorpool,poseidon-worker-1-container-36-39,um_vel,/opt/UM_VEL/UM_VEL,,1.8,0,0,,,,,,,,,
um_vel_ID0000057,None,compute,0,1694367800.0,,,1694367806.0,1694367808.0,1694367828.0,52542148.2,1694367807.0,1694367846.0,1694367836.0,1694367840.0,176507.0,1694367846.0,1694367851.0,6.0,,1.0,39.0,5.0,20.0,704613528.0,4.0,556900.0,poseidon,condorpool,poseidon-worker-2-container-40-43,um_vel,/opt/UM_VEL/UM_VEL,,1.7,0,0,,,,,,,,,
um_vel_ID0000042,None,compute,0,1694367800.0,,,1694367806.0,1694367809.0,1694367829.0,50318116.2,1694367807.0,1694367851.0,1694367838.0,1694367841.0,173755.0,1694367851.0,1694367856.0,6.0,,1.0,44.0,5.0,20.0,717355680.0,3.0,556900.0,poseidon,condorpool,poseidon-worker-1-container-4-7,um_vel,/opt/UM_VEL/UM_VEL,,1.7,0,0,,,,,,,,,
um_vel_ID0000127,None,compute,0,1694367800.0,,,1694367806.0,1694367808.0,1694367827.0,56451146.0,1694367807.0,1694367846.0,1694367835.0,1694367838.0,177384.0,1694367846.0,1694367851.0,6.0,,1.0,39.0,5.0,19.0,697205176.0,3.0,556900.0,poseidon,condorpool,poseidon-worker-2-container-28-31,um_vel,/opt/UM_VEL/UM_VEL,,1.7,0,0,,,,,,,,,
um_vel_ID0000007,None,compute,0,1694367806.0,,,1694367811.0,1694367814.0,1694367835.0,43916861.6,1694367812.0,1694367856.0,1694367843.0,1694367847.0,179098.0,1694367856.0,1694367861.0,5.0,,1.0,44.0,5.0,21.0,678203340.0,4.0,556900.0,poseidon,condorpool,poseidon-worker-2-container-0-3,um_vel,/opt/UM_VEL/UM_VEL,,1.6,0,0,,,,,,,,,
um_vel_ID0000047,None,compute,0,1694367806.0,,,1694367811.0,1694367819.0,1694367840.0,47078162.6,1694367817.0,1694367861.0,1694367848.0,1694367851.0,178098.0,1694367861.0,1694367866.0,5.0,,6.0,44.0,5.0,21.0,700441980.0,3.0,556900.0,poseidon,condorpool,poseidon-worker-2-container-32-35,um_vel,/opt/UM_VEL/UM_VEL,,1.7,0,0,,,,,,,,,
um_vel_ID0000102,None,compute,0,1694367806.0,,,1694367811.0,1694367814.0,1694367834.0,51498627.3,1694367812.0,1694367856.0,1694367843.0,1694367846.0,175517.0,1694367856.0,1694367861.0,5.0,,1.0,44.0,5.0,20.0,738138396.0,3.0,556900.0,poseidon,condorpool,poseidon-worker-2-container-8-11,um_vel,/opt/UM_VEL/UM_VEL,,1.7,0,0,,,,,,,,,
um_vel_ID0000067,None,compute,0,1694367806.0,,,1694367811.0,1694367814.0,1694367833.0,51380480.2,1694367812.0,1694367851.0,1694367842.0,1694367845.0,176183.0,1694367851.0,1694367856.0,5.0,,1.0,39.0,5.0,19.0,700248248.0,3.0,556900.0,poseidon,condorpool,poseidon-worker-1-container-44-47,um_vel,/opt/UM_VEL/UM_VEL,,1.7,0,0,,,,,,,,,
um_vel_ID0000032,None,compute,0,1694367806.0,,,1694367811.0,1694367814.0,1694367836.0,42795479.0,1694367812.0,1694367856.0,1694367845.0,1694367848.0,177313.0,1694367856.0,1694367861.0,5.0,,1.0,44.0,5.0,22.0,716025504.0,3.0,556900.0,poseidon,condorpool,poseidon-worker-1-container-24-27,um_vel,/opt/UM_VEL/UM_VEL,,1.7,0,0,,,,,,,,,
um_vel_ID0000077,None,compute,0,1694367811.0,,,1694367816.0,1694367824.0,1694367845.0,46707992.1,1694367822.0,1694367866.0,1694367853.0,1694367857.0,174894.0,1694367866.0,1694367871.0,5.0,,6.0,44.0,5.0,21.0,700529596.0,4.0,556900.0,poseidon,condorpool,poseidon-worker-1-container-44-47,um_vel,/opt/UM_VEL/UM_VEL,,1.6,0,0,,,,,,,,,
um_vel_ID0000092,cpu_2,compute,0,1694367811.0,,,1694367816.0,1694367819.0,1694367840.0,49264678.2,1694367817.0,1694367861.0,1694367848.0,1694367851.0,177235.0,1694367861.0,1694367866.0,5.0,,1.0,44.0,5.0,21.0,715696744.0,3.0,556900.0,poseidon,condorpool,poseidon-worker-2-container-12-15,um_vel,/opt/UM_VEL/UM_VEL,,1.6,0,0,,,,,,,,,
stage_out_local_condorpool_0_0,None,transfer,0,1694367811.0,,,1694367816.0,,,0.0,1694367817.0,1694367851.0,,,0.0,1694367851.0,1694367856.0,5.0,,1.0,34.0,5.0,,,,,poseidon,local,poseidon-submit,pegasus::transfer,/mnt/poseidon-data/poseidon/pegasus-5.1.0panorama/bin/pegasus-transfer,/home/poseidon/pegasus-5.1.0panorama/bin/../bin/pegasus-kickstart  -n pegasus::transfer -N null -i - -R local  -L casa-wind-full -T 2023-09-08T07:29:05+00:00 /home/poseidon/pegasus-5.1.0panorama/bin/../bin/pegasus-transfer  --threads 2,37.0,0,0,,,,,,,,,
stage_out_local_condorpool_0_1,None,transfer,0,1694367811.0,,,1694367816.0,,,0.0,1694367817.0,1694367851.0,,,0.0,1694367851.0,1694367856.0,5.0,,1.0,34.0,5.0,,,,,poseidon,local,poseidon-submit,pegasus::transfer,/mnt/poseidon-data/poseidon/pegasus-5.1.0panorama/bin/pegasus-transfer,/home/poseidon/pegasus-5.1.0panorama/bin/../bin/pegasus-kickstart  -n pegasus::transfer -N null -i - -R local  -L casa-wind-full -T 2023-09-08T07:29:05+00:00 /home/poseidon/pegasus-5.1.0panorama/bin/../bin/pegasus-transfer  --threads 2,35.8,0,0,,,,,,,,,
stage_out_local_condorpool_0_2,None,transfer,0,1694367811.0,,,1694367816.0,,,0.0,1694367817.0,1694367851.0,,,0.0,1694367851.0,1694367856.0,5.0,,1.0,34.0,5.0,,,,,poseidon,local,poseidon-submit,pegasus::transfer,/mnt/poseidon-data/poseidon/pegasus-5.1.0panorama/bin/pegasus-transfer,/home/poseidon/pegasus-5.1.0panorama/bin/../bin/pegasus-kickstart  -n pegasus::transfer -N null -i - -R local  -L casa-wind-full -T 2023-09-08T07:29:05+00:00 /home/poseidon/pegasus-5.1.0panorama/bin/../bin/pegasus-transfer  --threads 2,36.4,0,0,,,,,,,,,
um_vel_ID0000062,None,compute,0,1694367811.0,,,1694367816.0,1694367819.0,1694367838.0,52838720.4,1694367817.0,1694367856.0,1694367847.0,1694367850.0,177365.0,1694367856.0,1694367861.0,5.0,,1.0,39.0,5.0,19.0,718532572.0,3.0,556900.0,poseidon,condorpool,poseidon-worker-2-container-36-39,um_vel,/opt/UM_VEL/UM_VEL,,1.7,0,0,,,,,,,,,
um_vel_ID0000122,None,compute,0,1694367811.0,,,1694367816.0,1694367819.0,1694367841.0,45631900.1,1694367817.0,1694367861.0,1694367850.0,1694367853.0,177537.0,1694367861.0,1694367866.0,5.0,,1.0,44.0,5.0,22.0,727369696.0,3.0,556900.0,poseidon,condorpool,poseidon-worker-1-container-28-31,um_vel,/opt/UM_VEL/UM_VEL,,1.7,0,0,,,,,,,,,
mvt_ID0000019,None,compute,0,1694367846.0,,,1694367851.0,1694367854.0,1694367865.0,35134898.8,1694367852.0,1694367921.0,1694367910.0,1694367914.0,11620.0,1694367921.0,1694367926.0,5.0,,1.0,69.0,5.0,11.0,177143652.0,4.0,36245.0,poseidon,condorpool,poseidon-worker-1-container-8-11,mvt,/opt/mvt/mvt,,40.1,0,0,0.0,794249.0,20480.0,440.0,5.0,39.9,0.1,19856.2,1024.0
post_vel_ID0000018,None,compute,0,1694367846.0,,,1694367851.0,1694367854.0,1694367865.0,34252517.4,1694367852.0,1694367881.0,1694367870.0,1694367874.0,3332.0,1694367881.0,1694367886.0,5.0,,1.0,29.0,5.0,11.0,177143937.0,4.0,11645.0,poseidon,condorpool,poseidon-worker-2-container-24-27,post_vel,/opt/netcdf2png/merged_netcdf2png,,0.1,0,0,,,,,,,,,
mvt_ID0000039,None,compute,0,1694367846.0,,,1694367851.0,1694367854.0,1694367865.0,32719036.2,1694367852.0,1694367921.0,1694367910.0,1694367913.0,11074.0,1694367921.0,1694367926.0,5.0,,1.0,69.0,5.0,11.0,177143652.0,3.0,34386.0,poseidon,condorpool,poseidon-worker-2-container-40-43,mvt,/opt/mvt/mvt,,40.0,0,0,0.0,795679.0,16384.0,443.0,4.0,39.9,0.1,19892.0,819.2
post_vel_ID0000013,None,compute,0,1694367846.0,,,1694367851.0,1694367854.0,1694367865.0,35090769.2,1694367852.0,1694367881.0,1694367870.0,1694367873.0,3347.0,1694367881.0,1694367886.0,5.0,,1.0,29.0,5.0,11.0,177143937.0,3.0,11040.0,poseidon,condorpool,poseidon-worker-1-container-20-23,post_vel,/opt/netcdf2png/merged_netcdf2png,,0.1,0,0,,,,,,,,,
mvt_ID0000014,None,compute,0,1694367846.0,,,1694367851.0,1694367854.0,1694367865.0,35392203.2,1694367853.0,1694367921.0,1694367910.0,1694367913.0,10200.0,1694367921.0,1694367926.0,5.0,,2.0,68.0,5.0,11.0,177143652.0,3.0,31991.0,poseidon,condorpool,poseidon-worker-2-container-20-23,mvt,/opt/mvt/mvt,,40.0,0,0,0.0,792923.0,16384.0,437.0,4.0,39.9,0.1,19823.1,819.2
post_vel_ID0000028,None,compute,0,1694367846.0,,,1694367851.0,1694367854.0,1694367865.0,34577388.2,1694367852.0,1694367881.0,1694367870.0,1694367873.0,3708.0,1694367881.0,1694367886.0,5.0,,1.0,29.0,5.0,11.0,177143937.0,3.0,11529.0,poseidon,condorpool,poseidon-worker-1-container-40-43,post_vel,/opt/netcdf2png/merged_netcdf2png,,0.1,0,0,,,,,,,,,
post_vel_ID0000118,None,compute,0,1694367846.0,,,1694367851.0,1694367854.0,1694367865.0,30857133.2,1694367852.0,1694367881.0,1694367871.0,1694367874.0,4457.0,1694367881.0,1694367886.0,5.0,,1.0,29.0,5.0,11.0,177143937.0,3.0,14402.0,poseidon,condorpool,poseidon-worker-2-container-28-31,post_vel,/opt/netcdf2png/merged_netcdf2png,,0.1,0,0,,,,,,,,,
mvt_ID0000029,None,compute,0,1694367846.0,,,1694367851.0,1694367854.0,1694367865.0,35382000.4,1694367852.0,1694367921.0,1694367910.0,1694367913.0,12226.0,1694367921.0,1694367926.0,5.0,,1.0,69.0,5.0,11.0,177143652.0,3.0,38341.0,poseidon,condorpool,poseidon-worker-2-container-16-19,mvt,/opt/mvt/mvt,,40.0,0,0,0.0,795680.0,20480.0,443.0,5.0,39.9,0.1,19892.0,1024.0
mvt_ID0000119,None,compute,0,1694367846.0,,,1694367851.0,1694367854.0,1694367865.0,34934760.0,1694367852.0,1694367921.0,1694367910.0,1694367913.0,20905.0,1694367921.0,1694367926.0,5.0,,1.0,69.0,5.0,11.0,177143652.0,3.0,65525.0,poseidon,condorpool,poseidon-worker-2-container-44-47,mvt,/opt/mvt/mvt,,40.0,0,0,0.0,795680.0,36864.0,443.0,9.0,39.9,0.1,19892.0,3686.4
mvt_ID0000089,None,compute,0,1694367846.0,,,1694367851.0,1694367855.0,1694367866.0,34979973.0,1694367853.0,1694367921.0,1694367911.0,1694367914.0,15424.0,1694367921.0,1694367926.0,5.0,,2.0,68.0,5.0,11.0,177143652.0,3.0,48475.0,poseidon,condorpool,poseidon-worker-1-container-0-3,mvt,/opt/mvt/mvt,,39.8,0,0,0.0,789060.0,24576.0,422.0,6.0,29.9,0.1,26302.0,2457.6
post_vel_ID0000038,None,compute,0,1694367846.0,,,1694367851.0,1694367854.0,1694367866.0,29768253.8,1694367852.0,1694367881.0,1694367871.0,1694367874.0,3592.0,1694367881.0,1694367886.0,5.0,,1.0,29.0,5.0,12.0,177143937.0,3.0,11227.0,poseidon,condorpool,poseidon-worker-1-container-36-39,post_vel,/opt/netcdf2png/merged_netcdf2png,,0.1,0,0,,,,,,,,,
post_vel_ID0000088,None,compute,0,1694367846.0,,,1694367851.0,1694367854.0,1694367865.0,35062296.6,1694367852.0,1694367881.0,1694367870.0,1694367874.0,3876.0,1694367881.0,1694367886.0,5.0,,1.0,29.0,5.0,11.0,177143937.0,4.0,12740.0,poseidon,condorpool,poseidon-worker-1-container-32-35,post_vel,/opt/netcdf2png/merged_netcdf2png,,0.1,0,0,,,,,,,,,
post_vel_ID0000053,None,compute,0,1694367851.0,,,1694367856.0,1694367859.0,1694367871.0,27054976.6,1694367858.0,1694367886.0,1694367877.0,1694367880.0,3542.0,1694367886.0,1694367891.0,5.0,,2.0,28.0,5.0,12.0,177143937.0,3.0,11004.0,poseidon,condorpool,poseidon-worker-1-container-24-27,post_vel,/opt/netcdf2png/merged_netcdf2png,,0.1,0,0,,,,,,,,,
post_vel_ID0000108,None,compute,0,1694367851.0,,,1694367856.0,1694367859.0,1694367871.0,30053359.4,1694367858.0,1694367886.0,1694367876.0,1694367879.0,4482.0,1694367886.0,1694367891.0,5.0,,2.0,28.0,5.0,12.0,177143937.0,3.0,13907.0,poseidon,condorpool,poseidon-worker-1-container-16-19,post_vel,/opt/netcdf2png/merged_netcdf2png,,0.1,0,0,,,,,,,,,
mvt_ID0000074,None,compute,0,1694367851.0,,,1694367856.0,1694367874.0,1694367885.0,34090556.2,1694367872.0,1694367942.0,1694367930.0,1694367933.0,12574.0,1694367942.0,1694367947.0,5.0,,16.0,70.0,5.0,11.0,177143652.0,3.0,38855.0,poseidon,condorpool,poseidon-worker-2-container-36-39,mvt,/opt/mvt/mvt,,39.7,0,0,0.0,791980.0,20480.0,428.0,5.0,29.9,0.1,26399.3,1024.0
post_vel_ID0000113,None,compute,0,1694367851.0,,,1694367856.0,1694367860.0,1694367871.0,34193744.8,1694367859.0,1694367886.0,1694367877.0,1694367880.0,4709.0,1694367886.0,1694367891.0,5.0,,3.0,27.0,5.0,11.0,177143937.0,3.0,14745.0,poseidon,condorpool,poseidon-worker-1-container-28-31,post_vel,/opt/netcdf2png/merged_netcdf2png,,0.1,0,0,,,,,,,,,
mvt_ID0000114,None,compute,0,1694367851.0,,,1694367856.0,1694367864.0,1694367876.0,29973082.2,1694367863.0,1694367931.0,1694367922.0,1694367925.0,23600.0,1694367931.0,1694367937.0,5.0,,7.0,68.0,6.0,12.0,177143652.0,3.0,73234.0,poseidon,condorpool,poseidon-worker-1-container-44-47,mvt,/opt/mvt/mvt,,39.8,0,0,0.0,871321.0,40960.0,608.0,10.0,39.5,0.1,21783.0,4096.0
post_vel_ID0000058,cpu_2,compute,0,1694367851.0,,,1694367856.0,1694367859.0,1694367870.0,32950870.2,1694367857.0,1694367886.0,1694367876.0,1694367879.0,3563.0,1694367886.0,1694367891.0,5.0,,1.0,29.0,5.0,11.0,177143937.0,3.0,10981.0,poseidon,condorpool,poseidon-worker-2-container-12-15,post_vel,/opt/netcdf2png/merged_netcdf2png,,0.1,0,0,,,,,,,,,
mvt_ID0000059,None,compute,0,1694367851.0,,,1694367856.0,1694367859.0,1694367871.0,27307499.0,1694367858.0,1694367926.0,1694367917.0,1694367920.0,8986.0,1694367926.0,1694367931.0,5.0,,2.0,68.0,5.0,12.0,177143652.0,3.0,28164.0,poseidon,condorpool,poseidon-worker-2-container-32-35,mvt,/opt/mvt/mvt,,40.0,0,0,0.0,813467.0,12288.0,482.0,3.0,39.9,0.1,20336.7,1228.8
mvt_ID0000129,None,compute,0,1694367851.0,,,1694367856.0,1694367860.0,1694367872.0,28411838.7,1694367858.0,1694367931.0,1694367918.0,1694367921.0,20927.0,1694367931.0,1694367937.0,5.0,,2.0,73.0,6.0,12.0,177143652.0,3.0,64489.0,poseidon,condorpool,poseidon-worker-1-container-44-47,mvt,/opt/mvt/mvt,,39.8,0,0,0.0,874014.0,36864.0,614.0,9.0,39.0,0.1,21850.3,3686.4
post_vel_ID0000128,None,compute,0,1694367851.0,,,1694367856.0,1694367860.0,1694367871.0,30972180.4,1694367859.0,1694367886.0,1694367877.0,1694367880.0,4663.0,1694367886.0,1694367891.0,5.0,,3.0,27.0,5.0,11.0,177143937.0,3.0,14512.0,poseidon,condorpool,poseidon-worker-1-container-4-7,post_vel,/opt/netcdf2png/merged_netcdf2png,,0.1,0,0,,,,,,,,,
mvt_ID0000109,None,compute,0,1694367851.0,,,1694367856.0,1694367860.0,1694367871.0,30324761.8,1694367858.0,1694367926.0,1694367916.0,1694367919.0,19062.0,1694367926.0,1694367931.0,5.0,,2.0,68.0,5.0,11.0,177143652.0,3.0,59954.0,poseidon,condorpool,poseidon-worker-1-container-44-47,mvt,/opt/mvt/mvt,,39.6,0,0,0.0,866087.0,32768.0,590.0,8.0,29.9,0.1,28869.6,1638.4
mvt_ID0000054,None,compute,0,1694367851.0,,,1694367856.0,1694367859.0,1694367871.0,30629141.0,1694367858.0,1694367926.0,1694367916.0,1694367919.0,9101.0,1694367926.0,1694367931.0,5.0,,2.0,68.0,5.0,12.0,177143652.0,3.0,28552.0,poseidon,condorpool,poseidon-worker-2-container-0-3,mvt,/opt/mvt/mvt,,40.0,0,0,0.0,796961.0,12288.0,446.0,3.0,39.8,0.2,19924.0,1228.8
post_vel_ID0000073,cpu_2,compute,0,1694367851.0,,,1694367856.0,1694367875.0,1694367886.0,31384684.2,1694367873.0,1694367901.0,1694367891.0,1694367894.0,3780.0,1694367901.0,1694367906.0,5.0,,17.0,28.0,5.0,11.0,177143937.0,3.0,11825.0,poseidon,condorpool,poseidon-worker-2-container-12-15,post_vel,/opt/netcdf2png/merged_netcdf2png,,0.1,0,0,,,,,,,,,
post_vel_ID0000098,None,compute,0,1694367851.0,,,1694367856.0,1694367859.0,1694367871.0,29538208.8,1694367858.0,1694367886.0,1694367877.0,1694367880.0,4291.0,1694367886.0,1694367891.0,5.0,,2.0,28.0,5.0,12.0,177143937.0,3.0,13355.0,poseidon,condorpool,poseidon-worker-2-container-36-39,post_vel,/opt/netcdf2png/merged_netcdf2png,,0.1,0,0,,,,,,,,,
mvt_ID0000099,None,compute,0,1694367851.0,,,1694367856.0,1694367859.0,1694367871.0,30859731.2,1694367858.0,1694367926.0,1694367916.0,1694367919.0,16044.0,1694367926.0,1694367931.0,5.0,,2.0,68.0,5.0,12.0,177143652.0,3.0,50118.0,poseidon,condorpool,poseidon-worker-2-container-8-11,mvt,/opt/mvt/mvt,,40.0,0,0,0.0,795631.0,28672.0,443.0,7.0,39.7,0.1,19890.8,1433.6
mvt_ID0000024,cpu_2,compute,0,1694367851.0,,,1694367856.0,1694367859.0,1694367870.0,33121393.4,1694367858.0,1694367926.0,1694367916.0,1694367919.0,9830.0,1694367926.0,1694367931.0,5.0,,2.0,68.0,5.0,11.0,177143652.0,3.0,30705.0,poseidon,condorpool,poseidon-worker-2-container-4-7,mvt,/opt/mvt/mvt,,40.0,0,0,0.0,789062.0,16384.0,422.0,4.0,29.9,0.1,26302.1,819.2
post_vel_ID0000023,None,compute,0,1694367851.0,,,1694367856.0,1694367859.0,1694367870.0,34649727.4,1694367858.0,1694367886.0,1694367876.0,1694367879.0,3687.0,1694367886.0,1694367891.0,5.0,,2.0,28.0,5.0,11.0,177143937.0,3.0,11372.0,poseidon,condorpool,poseidon-worker-1-container-20-23,post_vel,/opt/netcdf2png/merged_netcdf2png,,0.1,0,0,,,,,,,,,
post_vel_ID0000083,None,compute,0,1694367851.0,,,1694367856.0,1694367874.0,1694367886.0,33888186.0,1694367872.0,1694367901.0,1694367892.0,1694367895.0,4105.0,1694367901.0,1694367906.0,5.0,,16.0,29.0,5.0,12.0,177143937.0,3.0,12720.0,poseidon,condorpool,poseidon-worker-1-container-44-47,post_vel,/opt/netcdf2png/merged_netcdf2png,,0.1,0,0,,,,,,,,,
mvt_ID0000084,None,compute,0,1694367851.0,,,1694367856.0,1694367874.0,1694367885.0,33403388.6,1694367872.0,1694367942.0,1694367930.0,1694367933.0,15074.0,1694367942.0,1694367947.0,5.0,,16.0,70.0,5.0,11.0,177143652.0,3.0,47998.0,poseidon,condorpool,poseidon-worker-1-container-20-23,mvt,/opt/mvt/mvt,,39.7,0,0,0.0,827652.0,24576.0,506.0,6.0,29.9,0.1,27588.4,1228.8
register_condorpool_0_1,None,auxiliary,0,1694367856.0,,,1694367871.0,,,0.0,1694367872.0,1694367876.0,,,0.0,1694367876.0,1694367881.0,15.0,,1.0,4.0,5.0,,,,,poseidon,local,poseidon-submit,pegasus::rc-client,/mnt/poseidon-data/poseidon/pegasus-5.1.0panorama/bin/pegasus-rc-client,"-n pegasus::rc-client -N null -R local  -L casa-wind-full -T 2023-09-08T07:29:05+00:00 /home/poseidon/pegasus-5.1.0panorama/bin/pegasus-rc-client --prefix pegasus.catalog.replica.output --conf /mnt/poseidon-data/poseidon/workflows/casa-wind-workflow-full/submit/poseidon/pegasus/casa-wind-full/run0184/pegasus.5579972246607368091.properties -v --meta /mnt/poseidon-data/poseidon/workflows/casa-wind-workflow-full/submit/poseidon/pegasus/casa-wind-full/run0184/00/00/unzip_ID0000026.meta,/mnt/poseidon-data/poseidon/workflows/casa-wind-workflow-full/submit/poseidon/pegasus/casa-wind-full/run0184/00/00/unzip_ID0000061.meta,/mnt/poseidon-data/poseidon/workflows/casa-wind-workflow-full/submit/poseidon/pegasus/casa-wind-full/run0184/00/00/unzip_ID0000071.meta,/mnt/poseidon-data/poseidon/workflows/casa-wind-workflow-full/submit/poseidon/pegasus/casa-wind-full/run0184/00/00/unzip_ID0000041.meta,/mnt/poseidon-data/poseidon/workflows/casa-wind-workflow-full/submit/poseidon/pegasus/casa-wind-full/run0184/00/00/unzip_ID0000016.meta,/mnt/poseidon-data/poseidon/workflows/casa-wind-workflow-full/submit/poseidon/pegasus/casa-wind-full/run0184/00/00/unzip_ID0000111.meta,/mnt/poseidon-data/poseidon/workflows/casa-wind-workflow-full/submit/poseidon/pegasus/casa-wind-full/run0184/00/00/unzip_ID0000011.meta,/mnt/poseidon-data/poseidon/workflows/casa-wind-workflow-full/submit/poseidon/pegasus/casa-wind-full/run0184/00/00/unzip_ID0000081.meta,/mnt/poseidon-data/poseidon/workflows/casa-wind-workflow-full/submit/poseidon/pegasus/casa-wind-full/run0184/00/00/unzip_ID0000066.meta,/mnt/poseidon-data/poseidon/workflows/casa-wind-workflow-full/submit/poseidon/pegasus/casa-wind-full/run0184/00/00/unzip_ID0000096.meta,/mnt/poseidon-data/poseidon/workflows/casa-wind-workflow-full/submit/poseidon/pegasus/casa-wind-full/run0184/00/00/unzip_ID0000051.meta,/mnt/poseidon-data/poseidon/workflows/casa-wind-workflow-full/submit/poseidon/pegasus/casa-wind-full/run0184/00/00/unzip_ID0000031.meta,/mnt/poseidon-data/poseidon/workflows/casa-wind-workflow-full/submit/poseidon/pegasus/casa-wind-full/run0184/00/00/unzip_ID0000116.meta,/mnt/poseidon-data/poseidon/workflows/casa-wind-workflow-full/submit/poseidon/pegasus/casa-wind-full/run0184/00/00/unzip_ID0000101.meta,/mnt/poseidon-data/poseidon/workflows/casa-wind-workflow-full/submit/poseidon/pegasus/casa-wind-full/run0184/00/00/unzip_ID0000121.meta,/mnt/poseidon-data/poseidon/workflows/casa-wind-workflow-full/submit/poseidon/pegasus/casa-wind-full/run0184/00/00/unzip_ID0000106.meta,/mnt/poseidon-data/poseidon/workflows/casa-wind-workflow-full/submit/poseidon/pegasus/casa-wind-full/run0184/00/00/unzip_ID0000046.meta,/mnt/poseidon-data/poseidon/workflows/casa-wind-workflow-full/submit/poseidon/pegasus/casa-wind-full/run0184/00/00/unzip_ID0000076.meta,/mnt/poseidon-data/poseidon/workflows/casa-wind-workflow-full/submit/poseidon/pegasus/casa-wind-full/run0184/00/00/unzip_ID0000056.meta,/mnt/poseidon-data/poseidon/workflows/casa-wind-workflow-full/submit/poseidon/pegasus/casa-wind-full/run0184/00/00/unzip_ID0000021.meta,/mnt/poseidon-data/poseidon/workflows/casa-wind-workflow-full/submit/poseidon/pegasus/casa-wind-full/run0184/00/00/unzip_ID0000086.meta,/mnt/poseidon-data/poseidon/workflows/casa-wind-workflow-full/submit/poseidon/pegasus/casa-wind-full/run0184/00/00/unzip_ID0000126.meta,/mnt/poseidon-data/poseidon/workflows/casa-wind-workflow-full/submit/poseidon/pegasus/casa-wind-full/run0184/00/00/unzip_ID0000006.meta,/mnt/poseidon-data/poseidon/workflows/casa-wind-workflow-full/submit/poseidon/pegasus/casa-wind-full/run0184/00/00/unzip_ID0000036.meta,/mnt/poseidon-data/poseidon/workflows/casa-wind-workflow-full/submit/poseidon/pegasus/casa-wind-full/run0184/00/00/unzip_ID0000001.meta,/mnt/poseidon-data/poseidon/workflows/casa-wind-workflow-full/submit/poseidon/pegasus/casa-wind-full/run0184/00/00/unzip_ID0000091.meta --insert /mnt/poseidon-data/poseidon/workflows/casa-wind-workflow-full/submit/poseidon/pegasus/casa-wind-full/run0184/00/00/register_condorpool_0_1.in",3.1,0,0,,,,,,,,,
mvt_ID0000069,None,compute,0,1694367856.0,,,1694367861.0,1694367874.0,1694367891.0,15874761.8,1694367872.0,1694367947.0,1694367936.0,1694367939.0,11487.0,1694367947.0,1694367952.0,5.0,,11.0,75.0,5.0,17.0,177143652.0,3.0,35309.0,poseidon,condorpool,poseidon-worker-1-container-24-27,mvt,/opt/mvt/mvt,,39.4,0,0,0.0,791982.0,16384.0,428.0,4.0,29.9,0.1,26399.4,819.2
post_vel_ID0000068,None,compute,0,1694367856.0,,,1694367861.0,1694367874.0,1694367886.0,28802184.2,1694367872.0,1694367901.0,1694367891.0,1694367894.0,3625.0,1694367901.0,1694367906.0,5.0,,11.0,29.0,5.0,12.0,177143937.0,3.0,11398.0,poseidon,condorpool,poseidon-worker-1-container-40-43,post_vel,/opt/netcdf2png/merged_netcdf2png,,0.1,0,0,,,,,,,,,
mvt_ID0000044,None,compute,0,1694367856.0,,,1694367861.0,1694367874.0,1694367885.0,32991395.2,1694367872.0,1694367942.0,1694367930.0,1694367933.0,8937.0,1694367942.0,1694367947.0,5.0,,11.0,70.0,5.0,11.0,177143652.0,3.0,28113.0,poseidon,condorpool,poseidon-worker-1-container-36-39,mvt,/opt/mvt/mvt,,39.7,0,0,0.0,820844.0,12288.0,491.0,3.0,29.9,0.1,27361.5,1228.8
mvt_ID0000004,None,compute,0,1694367856.0,,,1694367861.0,1694367874.0,1694367885.0,32165850.8,1694367872.0,1694367942.0,1694367930.0,1694367933.0,9221.0,1694367942.0,1694367947.0,5.0,,11.0,70.0,5.0,11.0,177143652.0,3.0,28781.0,poseidon,condorpool,poseidon-worker-2-container-44-47,mvt,/opt/mvt/mvt,,39.1,0,0,0.0,822134.0,16384.0,494.0,4.0,29.9,0.0,27404.5,819.2
post_vel_ID0000003,None,compute,0,1694367856.0,,,1694367861.0,1694367874.0,1694367885.0,32495776.2,1694367872.0,1694367901.0,1694367890.0,1694367893.0,3460.0,1694367901.0,1694367906.0,5.0,,11.0,29.0,5.0,11.0,177143937.0,3.0,10865.0,poseidon,condorpool,poseidon-worker-2-container-40-43,post_vel,/opt/netcdf2png/merged_netcdf2png,,0.1,0,0,,,,,,,,,
register_condorpool_0_2,None,auxiliary,0,1694367856.0,,,1694367861.0,,,0.0,1694367862.0,1694367866.0,,,0.0,1694367866.0,1694367871.0,5.0,,1.0,4.0,5.0,,,,,poseidon,local,poseidon-submit,pegasus::rc-client,/mnt/poseidon-data/poseidon/pegasus-5.1.0panorama/bin/pegasus-rc-client,"-n pegasus::rc-client -N null -R local  -L casa-wind-full -T 2023-09-08T07:29:05+00:00 /home/poseidon/pegasus-5.1.0panorama/bin/pegasus-rc-client --prefix pegasus.catalog.replica.output --conf /mnt/poseidon-data/poseidon/workflows/casa-wind-workflow-full/submit/poseidon/pegasus/casa-wind-full/run0184/pegasus.5579972246607368091.properties -v --meta /mnt/poseidon-data/poseidon/workflows/casa-wind-workflow-full/submit/poseidon/pegasus/casa-wind-full/run0184/00/00/unzip_ID0000026.meta,/mnt/poseidon-data/poseidon/workflows/casa-wind-workflow-full/submit/poseidon/pegasus/casa-wind-full/run0184/00/00/unzip_ID0000061.meta,/mnt/poseidon-data/poseidon/workflows/casa-wind-workflow-full/submit/poseidon/pegasus/casa-wind-full/run0184/00/00/unzip_ID0000071.meta,/mnt/poseidon-data/poseidon/workflows/casa-wind-workflow-full/submit/poseidon/pegasus/casa-wind-full/run0184/00/00/unzip_ID0000041.meta,/mnt/poseidon-data/poseidon/workflows/casa-wind-workflow-full/submit/poseidon/pegasus/casa-wind-full/run0184/00/00/unzip_ID0000016.meta,/mnt/poseidon-data/poseidon/workflows/casa-wind-workflow-full/submit/poseidon/pegasus/casa-wind-full/run0184/00/00/unzip_ID0000111.meta,/mnt/poseidon-data/poseidon/workflows/casa-wind-workflow-full/submit/poseidon/pegasus/casa-wind-full/run0184/00/00/unzip_ID0000011.meta,/mnt/poseidon-data/poseidon/workflows/casa-wind-workflow-full/submit/poseidon/pegasus/casa-wind-full/run0184/00/00/unzip_ID0000081.meta,/mnt/poseidon-data/poseidon/workflows/casa-wind-workflow-full/submit/poseidon/pegasus/casa-wind-full/run0184/00/00/unzip_ID0000066.meta,/mnt/poseidon-data/poseidon/workflows/casa-wind-workflow-full/submit/poseidon/pegasus/casa-wind-full/run0184/00/00/unzip_ID0000096.meta,/mnt/poseidon-data/poseidon/workflows/casa-wind-workflow-full/submit/poseidon/pegasus/casa-wind-full/run0184/00/00/unzip_ID0000051.meta,/mnt/poseidon-data/poseidon/workflows/casa-wind-workflow-full/submit/poseidon/pegasus/casa-wind-full/run0184/00/00/unzip_ID0000031.meta,/mnt/poseidon-data/poseidon/workflows/casa-wind-workflow-full/submit/poseidon/pegasus/casa-wind-full/run0184/00/00/unzip_ID0000116.meta,/mnt/poseidon-data/poseidon/workflows/casa-wind-workflow-full/submit/poseidon/pegasus/casa-wind-full/run0184/00/00/unzip_ID0000101.meta,/mnt/poseidon-data/poseidon/workflows/casa-wind-workflow-full/submit/poseidon/pegasus/casa-wind-full/run0184/00/00/unzip_ID0000121.meta,/mnt/poseidon-data/poseidon/workflows/casa-wind-workflow-full/submit/poseidon/pegasus/casa-wind-full/run0184/00/00/unzip_ID0000106.meta,/mnt/poseidon-data/poseidon/workflows/casa-wind-workflow-full/submit/poseidon/pegasus/casa-wind-full/run0184/00/00/unzip_ID0000046.meta,/mnt/poseidon-data/poseidon/workflows/casa-wind-workflow-full/submit/poseidon/pegasus/casa-wind-full/run0184/00/00/unzip_ID0000076.meta,/mnt/poseidon-data/poseidon/workflows/casa-wind-workflow-full/submit/poseidon/pegasus/casa-wind-full/run0184/00/00/unzip_ID0000056.meta,/mnt/poseidon-data/poseidon/workflows/casa-wind-workflow-full/submit/poseidon/pegasus/casa-wind-full/run0184/00/00/unzip_ID0000021.meta,/mnt/poseidon-data/poseidon/workflows/casa-wind-workflow-full/submit/poseidon/pegasus/casa-wind-full/run0184/00/00/unzip_ID0000086.meta,/mnt/poseidon-data/poseidon/workflows/casa-wind-workflow-full/submit/poseidon/pegasus/casa-wind-full/run0184/00/00/unzip_ID0000126.meta,/mnt/poseidon-data/poseidon/workflows/casa-wind-workflow-full/submit/poseidon/pegasus/casa-wind-full/run0184/00/00/unzip_ID0000006.meta,/mnt/poseidon-data/poseidon/workflows/casa-wind-workflow-full/submit/poseidon/pegasus/casa-wind-full/run0184/00/00/unzip_ID0000036.meta,/mnt/poseidon-data/poseidon/workflows/casa-wind-workflow-full/submit/poseidon/pegasus/casa-wind-full/run0184/00/00/unzip_ID0000001.meta,/mnt/poseidon-data/poseidon/workflows/casa-wind-workflow-full/submit/poseidon/pegasus/casa-wind-full/run0184/00/00/unzip_ID0000091.meta --insert /mnt/poseidon-data/poseidon/workflows/casa-wind-workflow-full/submit/poseidon/pegasus/casa-wind-full/run0184/00/00/register_condorpool_0_2.in",3.2,0,0,,,,,,,,,
post_vel_ID0000043,None,compute,0,1694367856.0,,,1694367861.0,1694367874.0,1694367886.0,30812598.8,1694367872.0,1694367901.0,1694367891.0,1694367894.0,3561.0,1694367901.0,1694367906.0,5.0,,11.0,29.0,5.0,12.0,177143937.0,3.0,11050.0,poseidon,condorpool,poseidon-worker-1-container-28-31,post_vel,/opt/netcdf2png/merged_netcdf2png,,0.1,0,0,,,,,,,,,
register_condorpool_0_0,None,auxiliary,0,1694367856.0,,,1694367911.0,,,0.0,1694367912.0,1694367916.0,,,0.0,1694367916.0,1694367921.0,55.0,,1.0,4.0,5.0,,,,,poseidon,local,poseidon-submit,pegasus::rc-client,/mnt/poseidon-data/poseidon/pegasus-5.1.0panorama/bin/pegasus-rc-client,"-n pegasus::rc-client -N null -R local  -L casa-wind-full -T 2023-09-08T07:29:05+00:00 /home/poseidon/pegasus-5.1.0panorama/bin/pegasus-rc-client --prefix pegasus.catalog.replica.output --conf /mnt/poseidon-data/poseidon/workflows/casa-wind-workflow-full/submit/poseidon/pegasus/casa-wind-full/run0184/pegasus.5579972246607368091.properties -v --meta /mnt/poseidon-data/poseidon/workflows/casa-wind-workflow-full/submit/poseidon/pegasus/casa-wind-full/run0184/00/00/unzip_ID0000026.meta,/mnt/poseidon-data/poseidon/workflows/casa-wind-workflow-full/submit/poseidon/pegasus/casa-wind-full/run0184/00/00/unzip_ID0000061.meta,/mnt/poseidon-data/poseidon/workflows/casa-wind-workflow-full/submit/poseidon/pegasus/casa-wind-full/run0184/00/00/unzip_ID0000071.meta,/mnt/poseidon-data/poseidon/workflows/casa-wind-workflow-full/submit/poseidon/pegasus/casa-wind-full/run0184/00/00/unzip_ID0000041.meta,/mnt/poseidon-data/poseidon/workflows/casa-wind-workflow-full/submit/poseidon/pegasus/casa-wind-full/run0184/00/00/unzip_ID0000016.meta,/mnt/poseidon-data/poseidon/workflows/casa-wind-workflow-full/submit/poseidon/pegasus/casa-wind-full/run0184/00/00/unzip_ID0000111.meta,/mnt/poseidon-data/poseidon/workflows/casa-wind-workflow-full/submit/poseidon/pegasus/casa-wind-full/run0184/00/00/unzip_ID0000011.meta,/mnt/poseidon-data/poseidon/workflows/casa-wind-workflow-full/submit/poseidon/pegasus/casa-wind-full/run0184/00/00/unzip_ID0000081.meta,/mnt/poseidon-data/poseidon/workflows/casa-wind-workflow-full/submit/poseidon/pegasus/casa-wind-full/run0184/00/00/unzip_ID0000066.meta,/mnt/poseidon-data/poseidon/workflows/casa-wind-workflow-full/submit/poseidon/pegasus/casa-wind-full/run0184/00/00/unzip_ID0000096.meta,/mnt/poseidon-data/poseidon/workflows/casa-wind-workflow-full/submit/poseidon/pegasus/casa-wind-full/run0184/00/00/unzip_ID0000051.meta,/mnt/poseidon-data/poseidon/workflows/casa-wind-workflow-full/submit/poseidon/pegasus/casa-wind-full/run0184/00/00/unzip_ID0000031.meta,/mnt/poseidon-data/poseidon/workflows/casa-wind-workflow-full/submit/poseidon/pegasus/casa-wind-full/run0184/00/00/unzip_ID0000116.meta,/mnt/poseidon-data/poseidon/workflows/casa-wind-workflow-full/submit/poseidon/pegasus/casa-wind-full/run0184/00/00/unzip_ID0000101.meta,/mnt/poseidon-data/poseidon/workflows/casa-wind-workflow-full/submit/poseidon/pegasus/casa-wind-full/run0184/00/00/unzip_ID0000121.meta,/mnt/poseidon-data/poseidon/workflows/casa-wind-workflow-full/submit/poseidon/pegasus/casa-wind-full/run0184/00/00/unzip_ID0000106.meta,/mnt/poseidon-data/poseidon/workflows/casa-wind-workflow-full/submit/poseidon/pegasus/casa-wind-full/run0184/00/00/unzip_ID0000046.meta,/mnt/poseidon-data/poseidon/workflows/casa-wind-workflow-full/submit/poseidon/pegasus/casa-wind-full/run0184/00/00/unzip_ID0000076.meta,/mnt/poseidon-data/poseidon/workflows/casa-wind-workflow-full/submit/poseidon/pegasus/casa-wind-full/run0184/00/00/unzip_ID0000056.meta,/mnt/poseidon-data/poseidon/workflows/casa-wind-workflow-full/submit/poseidon/pegasus/casa-wind-full/run0184/00/00/unzip_ID0000021.meta,/mnt/poseidon-data/poseidon/workflows/casa-wind-workflow-full/submit/poseidon/pegasus/casa-wind-full/run0184/00/00/unzip_ID0000086.meta,/mnt/poseidon-data/poseidon/workflows/casa-wind-workflow-full/submit/poseidon/pegasus/casa-wind-full/run0184/00/00/unzip_ID0000126.meta,/mnt/poseidon-data/poseidon/workflows/casa-wind-workflow-full/submit/poseidon/pegasus/casa-wind-full/run0184/00/00/unzip_ID0000006.meta,/mnt/poseidon-data/poseidon/workflows/casa-wind-workflow-full/submit/poseidon/pegasus/casa-wind-full/run0184/00/00/unzip_ID0000036.meta,/mnt/poseidon-data/poseidon/workflows/casa-wind-workflow-full/submit/poseidon/pegasus/casa-wind-full/run0184/00/00/unzip_ID0000001.meta,/mnt/poseidon-data/poseidon/workflows/casa-wind-workflow-full/submit/poseidon/pegasus/casa-wind-full/run0184/00/00/unzip_ID0000091.meta --insert /mnt/poseidon-data/poseidon/workflows/casa-wind-workflow-full/submit/poseidon/pegasus/casa-wind-full/run0184/00/00/register_condorpool_0_0.in",3.2,0,0,,,,,,,,,
post_vel_ID0000103,None,compute,0,1694367861.0,,,1694367866.0,1694367874.0,1694367885.0,27829141.4,1694367872.0,1694367901.0,1694367891.0,1694367894.0,4384.0,1694367901.0,1694367906.0,5.0,,6.0,29.0,5.0,11.0,177143937.0,3.0,13815.0,poseidon,condorpool,poseidon-worker-2-container-24-27,post_vel,/opt/netcdf2png/merged_netcdf2png,,0.1,0,0,,,,,,,,,
post_vel_ID0000063,None,compute,0,1694367861.0,,,1694367866.0,1694367874.0,1694367886.0,29781877.4,1694367872.0,1694367901.0,1694367891.0,1694367894.0,3698.0,1694367901.0,1694367906.0,5.0,,6.0,29.0,5.0,12.0,177143937.0,3.0,11628.0,poseidon,condorpool,poseidon-worker-2-container-28-31,post_vel,/opt/netcdf2png/merged_netcdf2png,,0.1,0,0,,,,,,,,,
mvt_ID0000104,None,compute,0,1694367861.0,,,1694367866.0,1694367875.0,1694367886.0,29744893.0,1694367874.0,1694367942.0,1694367931.0,1694367934.0,19198.0,1694367942.0,1694367947.0,5.0,,8.0,68.0,5.0,11.0,177143652.0,3.0,59590.0,poseidon,condorpool,poseidon-worker-1-container-0-3,mvt,/opt/mvt/mvt,,39.6,0,0,0.0,822004.0,32768.0,494.0,8.0,29.9,0.0,27400.1,3276.8
mvt_ID0000034,None,compute,0,1694367861.0,,,1694367866.0,1694367874.0,1694367885.0,33405474.6,1694367872.0,1694367942.0,1694367930.0,1694367933.0,9934.0,1694367942.0,1694367947.0,5.0,,6.0,70.0,5.0,11.0,177143652.0,3.0,30976.0,poseidon,condorpool,poseidon-worker-1-container-16-19,mvt,/opt/mvt/mvt,,39.7,0,0,0.0,789215.0,16384.0,422.0,4.0,29.9,0.1,26307.2,819.2
post_vel_ID0000033,None,compute,0,1694367861.0,,,1694367866.0,1694367874.0,1694367886.0,27221385.4,1694367872.0,1694367901.0,1694367891.0,1694367895.0,3681.0,1694367901.0,1694367906.0,5.0,,6.0,29.0,5.0,12.0,177143937.0,4.0,11464.0,poseidon,condorpool,poseidon-worker-1-container-32-35,post_vel,/opt/netcdf2png/merged_netcdf2png,,0.1,0,0,,,,,,,,,
post_vel_ID0000008,None,compute,0,1694367861.0,,,1694367866.0,1694367875.0,1694367886.0,29687398.5,1694367873.0,1694367901.0,1694367891.0,1694367895.0,3462.0,1694367901.0,1694367906.0,5.0,,7.0,28.0,5.0,11.0,177143937.0,4.0,10982.0,poseidon,condorpool,poseidon-worker-1-container-4-7,post_vel,/opt/netcdf2png/merged_netcdf2png,,0.1,0,0,,,,,,,,,
mvt_ID0000009,None,compute,0,1694367861.0,,,1694367866.0,1694367875.0,1694367886.0,27583777.6,1694367872.0,1694367942.0,1694367931.0,1694367934.0,11507.0,1694367942.0,1694367947.0,5.0,,6.0,70.0,5.0,11.0,177143652.0,3.0,35429.0,poseidon,condorpool,poseidon-worker-1-container-8-11,mvt,/opt/mvt/mvt,,39.6,0,0,0.0,820690.0,20480.0,491.0,5.0,29.9,0.1,27356.3,1024.0
mvt_ID0000064,None,compute,0,1694367861.0,,,1694367866.0,1694367874.0,1694367886.0,28487112.6,1694367872.0,1694367942.0,1694367930.0,1694367933.0,9931.0,1694367942.0,1694367947.0,5.0,,6.0,70.0,5.0,12.0,177143652.0,3.0,31148.0,poseidon,condorpool,poseidon-worker-2-container-32-35,mvt,/opt/mvt/mvt,,39.0,0,0,0.0,823505.0,16384.0,497.0,4.0,29.9,0.1,27450.2,819.2
stage_out_local_condorpool_1_2,None,transfer,0,1694367861.0,,,1694367866.0,,,0.0,1694367867.0,1694367871.0,,,0.0,1694367871.0,1694367876.0,5.0,,1.0,4.0,5.0,,,,,poseidon,local,poseidon-submit,pegasus::transfer,/mnt/poseidon-data/poseidon/pegasus-5.1.0panorama/bin/pegasus-transfer,/home/poseidon/pegasus-5.1.0panorama/bin/../bin/pegasus-kickstart  -n pegasus::transfer -N null -i - -R local  -L casa-wind-full -T 2023-09-08T07:29:05+00:00 /home/poseidon/pegasus-5.1.0panorama/bin/../bin/pegasus-transfer  --threads 2,0.9,0,0,,,,,,,,,
stage_out_local_condorpool_1_1,None,transfer,0,1694367866.0,,,1694367871.0,,,0.0,1694367872.0,1694367881.0,,,0.0,1694367881.0,1694367886.0,5.0,,1.0,9.0,5.0,,,,,poseidon,local,poseidon-submit,pegasus::transfer,/mnt/poseidon-data/poseidon/pegasus-5.1.0panorama/bin/pegasus-transfer,/home/poseidon/pegasus-5.1.0panorama/bin/../bin/pegasus-kickstart  -n pegasus::transfer -N null -i - -R local  -L casa-wind-full -T 2023-09-08T07:29:05+00:00 /home/poseidon/pegasus-5.1.0panorama/bin/../bin/pegasus-transfer  --threads 2,1.0,0,0,,,,,,,,,
mvt_ID0000094,None,compute,0,1694367866.0,,,1694367871.0,1694367882.0,1694367893.0,34375858.8,1694367880.0,1694367947.0,1694367938.0,1694367941.0,16865.0,1694367947.0,1694367952.0,5.0,,9.0,67.0,5.0,11.0,177143652.0,3.0,52407.0,poseidon,condorpool,poseidon-worker-2-container-24-27,mvt,/opt/mvt/mvt,,39.7,0,0,0.0,820832.0,28672.0,491.0,7.0,29.9,0.1,27361.1,1433.6
mvt_ID0000049,None,compute,0,1694367866.0,,,1694367871.0,1694367882.0,1694367893.0,31888957.2,1694367880.0,1694367947.0,1694367938.0,1694367941.0,7783.0,1694367947.0,1694367952.0,5.0,,9.0,67.0,5.0,11.0,177143652.0,3.0,24108.0,poseidon,condorpool,poseidon-worker-2-container-28-31,mvt,/opt/mvt/mvt,,39.8,0,0,0.0,815308.0,12288.0,479.0,3.0,29.9,0.1,27176.9,1228.8
post_vel_ID0000123,None,compute,0,1694367866.0,,,1694367871.0,1694367881.0,1694367892.0,29634228.0,1694367880.0,1694367906.0,1694367897.0,1694367900.0,4775.0,1694367906.0,1694367911.0,5.0,,9.0,26.0,5.0,11.0,177143937.0,3.0,14777.0,poseidon,condorpool,poseidon-worker-1-container-40-43,post_vel,/opt/netcdf2png/merged_netcdf2png,,0.1,0,0,,,,,,,,,
mvt_ID0000124,None,compute,0,1694367866.0,,,1694367871.0,1694367881.0,1694367892.0,33097297.4,1694367880.0,1694367947.0,1694367938.0,1694367941.0,22774.0,1694367947.0,1694367952.0,5.0,,9.0,67.0,5.0,11.0,177143652.0,3.0,70564.0,poseidon,condorpool,poseidon-worker-1-container-20-23,mvt,/opt/mvt/mvt,,40.0,0,0,0.0,857592.0,40960.0,578.0,10.0,39.9,0.1,21439.8,4096.0
post_vel_ID0000093,None,compute,0,1694367866.0,,,1694367871.0,1694367881.0,1694367892.0,34777519.2,1694367880.0,1694367911.0,1694367898.0,1694367901.0,4293.0,1694367911.0,1694367916.0,5.0,,9.0,31.0,5.0,11.0,177143937.0,3.0,13303.0,poseidon,condorpool,poseidon-worker-1-container-32-35,post_vel,/opt/netcdf2png/merged_netcdf2png,,0.1,0,0,,,,,,,,,
post_vel_ID0000048,None,compute,0,1694367866.0,,,1694367871.0,1694367882.0,1694367893.0,33931632.4,1694367880.0,1694367911.0,1694367899.0,1694367902.0,3371.0,1694367911.0,1694367916.0,5.0,,9.0,31.0,5.0,11.0,177143937.0,3.0,10371.0,poseidon,condorpool,poseidon-worker-1-container-36-39,post_vel,/opt/netcdf2png/merged_netcdf2png,,0.1,0,0,,,,,,,,,
stage_out_local_condorpool_1_0,None,transfer,0,1694367871.0,,,1694367876.0,,,0.0,1694367876.0,1694367881.0,,,0.0,1694367881.0,1694367886.0,5.0,,0.0,5.0,5.0,,,,,poseidon,local,poseidon-submit,pegasus::transfer,/mnt/poseidon-data/poseidon/pegasus-5.1.0panorama/bin/pegasus-transfer,/home/poseidon/pegasus-5.1.0panorama/bin/../bin/pegasus-kickstart  -n pegasus::transfer -N null -i - -R local  -L casa-wind-full -T 2023-09-08T07:29:05+00:00 /home/poseidon/pegasus-5.1.0panorama/bin/../bin/pegasus-transfer  --threads 2,1.0,0,0,,,,,,,,,
mvt_ID0000079,cpu_2,compute,0,1694367871.0,,,1694367876.0,1694367887.0,1694367898.0,33838718.8,1694367886.0,1694367952.0,1694367943.0,1694367946.0,14720.0,1694367952.0,1694367957.0,5.0,,10.0,66.0,5.0,11.0,177143652.0,3.0,45337.0,poseidon,condorpool,poseidon-worker-2-container-12-15,mvt,/opt/mvt/mvt,,39.6,0,0,0.0,789225.0,24576.0,422.0,6.0,29.9,0.1,26307.5,1228.8
post_vel_ID0000078,None,compute,0,1694367871.0,,,1694367876.0,1694367887.0,1694367898.0,34619440.4,1694367885.0,1694367916.0,1694367903.0,1694367907.0,4021.0,1694367916.0,1694367921.0,5.0,,9.0,31.0,5.0,11.0,177143937.0,4.0,12264.0,poseidon,condorpool,poseidon-worker-1-container-20-23,post_vel,/opt/netcdf2png/merged_netcdf2png,,0.1,0,0,,,,,,,,,
register_condorpool_1_2,None,auxiliary,0,1694367876.0,,,1694367881.0,,,0.0,1694367881.0,1694367886.0,,,0.0,1694367886.0,1694367891.0,5.0,,0.0,5.0,5.0,,,,,poseidon,local,poseidon-submit,pegasus::rc-client,/mnt/poseidon-data/poseidon/pegasus-5.1.0panorama/bin/pegasus-rc-client,"-n pegasus::rc-client -N null -R local  -L casa-wind-full -T 2023-09-08T07:29:05+00:00 /home/poseidon/pegasus-5.1.0panorama/bin/pegasus-rc-client --prefix pegasus.catalog.replica.output --conf /mnt/poseidon-data/poseidon/workflows/casa-wind-workflow-full/submit/poseidon/pegasus/casa-wind-full/run0184/pegasus.5579972246607368091.properties -v --meta /mnt/poseidon-data/poseidon/workflows/casa-wind-workflow-full/submit/poseidon/pegasus/casa-wind-full/run0184/00/00/um_vel_ID0000117.meta,/mnt/poseidon-data/poseidon/workflows/casa-wind-workflow-full/submit/poseidon/pegasus/casa-wind-full/run0184/00/01/um_vel_ID0000052.meta,/mnt/poseidon-data/poseidon/workflows/casa-wind-workflow-full/submit/poseidon/pegasus/casa-wind-full/run0184/00/00/um_vel_ID0000002.meta,/mnt/poseidon-data/poseidon/workflows/casa-wind-workflow-full/submit/poseidon/pegasus/casa-wind-full/run0184/00/00/um_vel_ID0000012.meta,/mnt/poseidon-data/poseidon/workflows/casa-wind-workflow-full/submit/poseidon/pegasus/casa-wind-full/run0184/00/00/um_vel_ID0000032.meta,/mnt/poseidon-data/poseidon/workflows/casa-wind-workflow-full/submit/poseidon/pegasus/casa-wind-full/run0184/00/01/um_vel_ID0000062.meta,/mnt/poseidon-data/poseidon/workflows/casa-wind-workflow-full/submit/poseidon/pegasus/casa-wind-full/run0184/00/01/um_vel_ID0000112.meta,/mnt/poseidon-data/poseidon/workflows/casa-wind-workflow-full/submit/poseidon/pegasus/casa-wind-full/run0184/00/01/um_vel_ID0000107.meta --insert /mnt/poseidon-data/poseidon/workflows/casa-wind-workflow-full/submit/poseidon/pegasus/casa-wind-full/run0184/00/01/register_condorpool_1_2.in",2.8,0,0,,,,,,,,,
register_condorpool_1_1,None,auxiliary,0,1694367886.0,,,1694367891.0,,,0.0,1694367892.0,1694367896.0,,,0.0,1694367896.0,1694367901.0,5.0,,1.0,4.0,5.0,,,,,poseidon,local,poseidon-submit,pegasus::rc-client,/mnt/poseidon-data/poseidon/pegasus-5.1.0panorama/bin/pegasus-rc-client,"-n pegasus::rc-client -N null -R local  -L casa-wind-full -T 2023-09-08T07:29:05+00:00 /home/poseidon/pegasus-5.1.0panorama/bin/pegasus-rc-client --prefix pegasus.catalog.replica.output --conf /mnt/poseidon-data/poseidon/workflows/casa-wind-workflow-full/submit/poseidon/pegasus/casa-wind-full/run0184/pegasus.5579972246607368091.properties -v --meta /mnt/poseidon-data/poseidon/workflows/casa-wind-workflow-full/submit/poseidon/pegasus/casa-wind-full/run0184/00/00/um_vel_ID0000017.meta,/mnt/poseidon-data/poseidon/workflows/casa-wind-workflow-full/submit/poseidon/pegasus/casa-wind-full/run0184/00/01/um_vel_ID0000037.meta,/mnt/poseidon-data/poseidon/workflows/casa-wind-workflow-full/submit/poseidon/pegasus/casa-wind-full/run0184/00/00/um_vel_ID0000082.meta,/mnt/poseidon-data/poseidon/workflows/casa-wind-workflow-full/submit/poseidon/pegasus/casa-wind-full/run0184/00/00/um_vel_ID0000097.meta,/mnt/poseidon-data/poseidon/workflows/casa-wind-workflow-full/submit/poseidon/pegasus/casa-wind-full/run0184/00/01/um_vel_ID0000047.meta,/mnt/poseidon-data/poseidon/workflows/casa-wind-workflow-full/submit/poseidon/pegasus/casa-wind-full/run0184/00/00/um_vel_ID0000087.meta,/mnt/poseidon-data/poseidon/workflows/casa-wind-workflow-full/submit/poseidon/pegasus/casa-wind-full/run0184/00/01/um_vel_ID0000007.meta,/mnt/poseidon-data/poseidon/workflows/casa-wind-workflow-full/submit/poseidon/pegasus/casa-wind-full/run0184/00/01/um_vel_ID0000072.meta,/mnt/poseidon-data/poseidon/workflows/casa-wind-workflow-full/submit/poseidon/pegasus/casa-wind-full/run0184/00/01/um_vel_ID0000102.meta --insert /mnt/poseidon-data/poseidon/workflows/casa-wind-workflow-full/submit/poseidon/pegasus/casa-wind-full/run0184/00/01/register_condorpool_1_1.in",2.7,0,0,,,,,,,,,
register_condorpool_1_0,None,auxiliary,0,1694367886.0,,,1694367901.0,,,0.0,1694367901.0,1694367906.0,,,0.0,1694367906.0,1694367911.0,15.0,,0.0,5.0,5.0,,,,,poseidon,local,poseidon-submit,pegasus::rc-client,/mnt/poseidon-data/poseidon/pegasus-5.1.0panorama/bin/pegasus-rc-client,"-n pegasus::rc-client -N null -R local  -L casa-wind-full -T 2023-09-08T07:29:05+00:00 /home/poseidon/pegasus-5.1.0panorama/bin/pegasus-rc-client --prefix pegasus.catalog.replica.output --conf /mnt/poseidon-data/poseidon/workflows/casa-wind-workflow-full/submit/poseidon/pegasus/casa-wind-full/run0184/pegasus.5579972246607368091.properties -v --meta /mnt/poseidon-data/poseidon/workflows/casa-wind-workflow-full/submit/poseidon/pegasus/casa-wind-full/run0184/00/01/um_vel_ID0000067.meta,/mnt/poseidon-data/poseidon/workflows/casa-wind-workflow-full/submit/poseidon/pegasus/casa-wind-full/run0184/00/00/um_vel_ID0000127.meta,/mnt/poseidon-data/poseidon/workflows/casa-wind-workflow-full/submit/poseidon/pegasus/casa-wind-full/run0184/00/00/um_vel_ID0000122.meta,/mnt/poseidon-data/poseidon/workflows/casa-wind-workflow-full/submit/poseidon/pegasus/casa-wind-full/run0184/00/00/um_vel_ID0000092.meta,/mnt/poseidon-data/poseidon/workflows/casa-wind-workflow-full/submit/poseidon/pegasus/casa-wind-full/run0184/00/01/um_vel_ID0000077.meta,/mnt/poseidon-data/poseidon/workflows/casa-wind-workflow-full/submit/poseidon/pegasus/casa-wind-full/run0184/00/01/um_vel_ID0000057.meta,/mnt/poseidon-data/poseidon/workflows/casa-wind-workflow-full/submit/poseidon/pegasus/casa-wind-full/run0184/00/00/um_vel_ID0000027.meta,/mnt/poseidon-data/poseidon/workflows/casa-wind-workflow-full/submit/poseidon/pegasus/casa-wind-full/run0184/00/01/um_vel_ID0000042.meta,/mnt/poseidon-data/poseidon/workflows/casa-wind-workflow-full/submit/poseidon/pegasus/casa-wind-full/run0184/00/00/um_vel_ID0000022.meta --insert /mnt/poseidon-data/poseidon/workflows/casa-wind-workflow-full/submit/poseidon/pegasus/casa-wind-full/run0184/00/01/register_condorpool_1_0.in",2.8,0,0,,,,,,,,,
point_alert_ID0000040,None,compute,0,1694367926.0,,,1694367931.0,1694367934.0,1694367945.0,33108438.4,1694367932.0,1694367962.0,1694367951.0,1694367954.0,6621.0,1694367962.0,1694367967.0,5.0,,1.0,30.0,5.0,11.0,176642369.0,3.0,20558.0,poseidon,condorpool,poseidon-worker-2-container-28-31,point_alert,/opt/pointAlert/pointAlert,,0.0,0,0,,,,,,,,,
point_alert_ID0000030,None,compute,0,1694367926.0,,,1694367931.0,1694367934.0,1694367945.0,29634305.0,1694367932.0,1694367962.0,1694367950.0,1694367953.0,6483.0,1694367962.0,1694367967.0,5.0,,1.0,30.0,5.0,11.0,176646324.0,3.0,20158.0,poseidon,condorpool,poseidon-worker-1-container-44-47,point_alert,/opt/pointAlert/pointAlert,,0.0,0,0,,,,,,,,,
point_alert_ID0000015,None,compute,0,1694367926.0,,,1694367931.0,1694367934.0,1694367946.0,27094388.0,1694367932.0,1694367962.0,1694367951.0,1694367954.0,6648.0,1694367962.0,1694367967.0,5.0,,1.0,30.0,5.0,12.0,176639974.0,3.0,20558.0,poseidon,condorpool,poseidon-worker-2-container-24-27,point_alert,/opt/pointAlert/pointAlert,,0.0,0,0,,,,,,,,,
point_alert_ID0000120,None,compute,0,1694367926.0,,,1694367931.0,1694367934.0,1694367945.0,33684115.2,1694367932.0,1694367962.0,1694367950.0,1694367954.0,7064.0,1694367962.0,1694367967.0,5.0,,1.0,30.0,5.0,11.0,176673508.0,4.0,21998.0,poseidon,condorpool,poseidon-worker-2-container-44-47,point_alert,/opt/pointAlert/pointAlert,,0.0,0,0,,,,,,,,,
point_alert_ID0000020,None,compute,0,1694367926.0,,,1694367931.0,1694367934.0,1694367945.0,33817466.8,1694367932.0,1694367962.0,1694367950.0,1694367953.0,6601.0,1694367962.0,1694367967.0,5.0,,1.0,30.0,5.0,11.0,176644228.0,3.0,20478.0,poseidon,condorpool,poseidon-worker-2-container-20-23,point_alert,/opt/pointAlert/pointAlert,,0.0,0,0,,,,,,,,,
point_alert_ID0000090,None,compute,0,1694367926.0,,,1694367931.0,1694367934.0,1694367945.0,33779645.6,1694367932.0,1694367962.0,1694367950.0,1694367954.0,6619.0,1694367962.0,1694367967.0,5.0,,1.0,30.0,5.0,11.0,176656458.0,4.0,20638.0,poseidon,condorpool,poseidon-worker-2-container-16-19,point_alert,/opt/pointAlert/pointAlert,,0.0,0,0,,,,,,,,,
point_alert_ID0000025,None,compute,0,1694367931.0,,,1694367937.0,1694367939.0,1694367950.0,34731181.8,1694367938.0,1694367967.0,1694367956.0,1694367959.0,6440.0,1694367967.0,1694367972.0,6.0,,1.0,29.0,5.0,11.0,176638688.0,3.0,20078.0,poseidon,condorpool,poseidon-worker-1-container-8-11,point_alert,/opt/pointAlert/pointAlert,,0.0,0,0,,,,,,,,,
point_alert_ID0000110,cpu_2,compute,0,1694367931.0,,,1694367937.0,1694367940.0,1694367950.0,35080951.0,1694367938.0,1694367967.0,1694367956.0,1694367959.0,6769.0,1694367967.0,1694367972.0,6.0,,1.0,29.0,5.0,10.0,176667937.0,3.0,21038.0,poseidon,condorpool,poseidon-worker-2-container-4-7,point_alert,/opt/pointAlert/pointAlert,,0.0,0,0,,,,,,,,,
point_alert_ID0000060,None,compute,0,1694367931.0,,,1694367937.0,1694367939.0,1694367951.0,28435916.4,1694367938.0,1694367967.0,1694367956.0,1694367959.0,6637.0,1694367967.0,1694367972.0,6.0,,1.0,29.0,5.0,12.0,176636147.0,3.0,20878.0,poseidon,condorpool,poseidon-worker-1-container-0-3,point_alert,/opt/pointAlert/pointAlert,,0.0,0,0,,,,,,,,,
point_alert_ID0000055,None,compute,0,1694367931.0,,,1694367937.0,1694367939.0,1694367950.0,29612189.5,1694367938.0,1694367967.0,1694367956.0,1694367959.0,6483.0,1694367967.0,1694367972.0,6.0,,1.0,29.0,5.0,11.0,176636535.0,3.0,20638.0,poseidon,condorpool,poseidon-worker-1-container-20-23,point_alert,/opt/pointAlert/pointAlert,,0.0,0,0,,,,,,,,,
stage_out_local_condorpool_2_4,None,transfer,0,1694367931.0,,,1694367936.0,,,0.0,1694367937.0,1694367942.0,,,0.0,1694367942.0,1694367947.0,5.0,,1.0,5.0,5.0,,,,,poseidon,local,poseidon-submit,pegasus::transfer,/mnt/poseidon-data/poseidon/pegasus-5.1.0panorama/bin/pegasus-transfer,/home/poseidon/pegasus-5.1.0panorama/bin/../bin/pegasus-kickstart  -n pegasus::transfer -N null -i - -R local  -L casa-wind-full -T 2023-09-08T07:29:05+00:00 /home/poseidon/pegasus-5.1.0panorama/bin/../bin/pegasus-transfer  --threads 2,0.9,0,0,,,,,,,,,
point_alert_ID0000100,None,compute,0,1694367931.0,,,1694367937.0,1694367939.0,1694367950.0,29666725.5,1694367938.0,1694367967.0,1694367956.0,1694367959.0,6653.0,1694367967.0,1694367972.0,6.0,,1.0,29.0,5.0,11.0,176658101.0,3.0,20638.0,poseidon,condorpool,poseidon-worker-2-container-40-43,point_alert,/opt/pointAlert/pointAlert,,0.0,0,0,,,,,,,,,
point_alert_ID0000115,None,compute,0,1694367937.0,,,1694367942.0,1694367944.0,1694367955.0,29739318.5,1694367943.0,1694367972.0,1694367961.0,1694367964.0,6877.0,1694367972.0,1694367977.0,5.0,,1.0,29.0,5.0,11.0,176681217.0,3.0,21598.0,poseidon,condorpool,poseidon-worker-2-container-32-35,point_alert,/opt/pointAlert/pointAlert,,0.0,0,0,,,,,,,,,
point_alert_ID0000130,None,compute,0,1694367937.0,,,1694367942.0,1694367944.0,1694367955.0,29654670.0,1694367943.0,1694367972.0,1694367961.0,1694367964.0,7388.0,1694367972.0,1694367977.0,5.0,,1.0,29.0,5.0,11.0,176672472.0,3.0,23118.0,poseidon,condorpool,poseidon-worker-1-container-8-11,point_alert,/opt/pointAlert/pointAlert,,0.0,0,0,,,,,,,,,
point_alert_ID0000075,None,compute,0,1694367947.0,,,1694367952.0,1694367955.0,1694367966.0,29738270.0,1694367954.0,1694367982.0,1694367972.0,1694367975.0,6404.0,1694367982.0,1694367987.0,5.0,,2.0,28.0,5.0,11.0,176646838.0,3.0,20558.0,poseidon,condorpool,poseidon-worker-2-container-28-31,point_alert,/opt/pointAlert/pointAlert,,0.0,0,0,,,,,,,,,
register_condorpool_2_4,None,auxiliary,0,1694367947.0,,,1694367952.0,,,0.0,1694367953.0,1694367957.0,,,0.0,1694367957.0,1694367962.0,5.0,,1.0,4.0,5.0,,,,,poseidon,local,poseidon-submit,pegasus::rc-client,/mnt/poseidon-data/poseidon/pegasus-5.1.0panorama/bin/pegasus-rc-client,"-n pegasus::rc-client -N null -R local  -L casa-wind-full -T 2023-09-08T07:29:05+00:00 /home/poseidon/pegasus-5.1.0panorama/bin/pegasus-rc-client --prefix pegasus.catalog.replica.output --conf /mnt/poseidon-data/poseidon/workflows/casa-wind-workflow-full/submit/poseidon/pegasus/casa-wind-full/run0184/pegasus.5579972246607368091.properties -v --meta /mnt/poseidon-data/poseidon/workflows/casa-wind-workflow-full/submit/poseidon/pegasus/casa-wind-full/run0184/00/02/post_vel_ID0000108.meta,/mnt/poseidon-data/poseidon/workflows/casa-wind-workflow-full/submit/poseidon/pegasus/casa-wind-full/run0184/00/01/post_vel_ID0000063.meta,/mnt/poseidon-data/poseidon/workflows/casa-wind-workflow-full/submit/poseidon/pegasus/casa-wind-full/run0184/00/01/post_vel_ID0000013.meta,/mnt/poseidon-data/poseidon/workflows/casa-wind-workflow-full/submit/poseidon/pegasus/casa-wind-full/run0184/00/02/mvt_ID0000054.meta,/mnt/poseidon-data/poseidon/workflows/casa-wind-workflow-full/submit/poseidon/pegasus/casa-wind-full/run0184/00/01/post_vel_ID0000033.meta,/mnt/poseidon-data/poseidon/workflows/casa-wind-workflow-full/submit/poseidon/pegasus/casa-wind-full/run0184/00/02/post_vel_ID0000113.meta,/mnt/poseidon-data/poseidon/workflows/casa-wind-workflow-full/submit/poseidon/pegasus/casa-wind-full/run0184/00/01/post_vel_ID0000003.meta,/mnt/poseidon-data/poseidon/workflows/casa-wind-workflow-full/submit/poseidon/pegasus/casa-wind-full/run0184/00/01/post_vel_ID0000118.meta --insert /mnt/poseidon-data/poseidon/workflows/casa-wind-workflow-full/submit/poseidon/pegasus/casa-wind-full/run0184/00/02/register_condorpool_2_4.in",3.0,0,0,,,,,,,,,
point_alert_ID0000010,None,compute,0,1694367947.0,,,1694367952.0,1694367955.0,1694367966.0,29561929.0,1694367953.0,1694367982.0,1694367971.0,1694367974.0,6380.0,1694367982.0,1694367987.0,5.0,,1.0,29.0,5.0,11.0,176643412.0,3.0,20478.0,poseidon,condorpool,poseidon-worker-2-container-36-39,point_alert,/opt/pointAlert/pointAlert,,0.0,0,0,,,,,,,,,
stage_out_local_condorpool_2_3,None,transfer,0,1694367947.0,,,1694367952.0,,,0.0,1694367953.0,1694367957.0,,,0.0,1694367957.0,1694367962.0,5.0,,1.0,4.0,5.0,,,,,poseidon,local,poseidon-submit,pegasus::transfer,/mnt/poseidon-data/poseidon/pegasus-5.1.0panorama/bin/pegasus-transfer,/home/poseidon/pegasus-5.1.0panorama/bin/../bin/pegasus-kickstart  -n pegasus::transfer -N null -i - -R local  -L casa-wind-full -T 2023-09-08T07:29:05+00:00 /home/poseidon/pegasus-5.1.0panorama/bin/../bin/pegasus-transfer  --threads 2,1.0,0,0,,,,,,,,,
point_alert_ID0000035,None,compute,0,1694367947.0,,,1694367952.0,1694367955.0,1694367966.0,35104521.6,1694367953.0,1694367982.0,1694367971.0,1694367974.0,6423.0,1694367982.0,1694367987.0,5.0,,1.0,29.0,5.0,11.0,176638959.0,3.0,20078.0,poseidon,condorpool,poseidon-worker-2-container-24-27,point_alert,/opt/pointAlert/pointAlert,,0.0,0,0,,,,,,,,,
point_alert_ID0000005,None,compute,0,1694367947.0,,,1694367952.0,1694367955.0,1694367966.0,29596636.0,1694367953.0,1694367982.0,1694367971.0,1694367974.0,6481.0,1694367982.0,1694367987.0,5.0,,1.0,29.0,5.0,11.0,176636764.0,3.0,20398.0,poseidon,condorpool,poseidon-worker-1-container-16-19,point_alert,/opt/pointAlert/pointAlert,,0.0,0,0,,,,,,,,,
stage_out_local_condorpool_2_0,None,transfer,0,1694367947.0,,,1694367952.0,,,0.0,1694367953.0,1694367957.0,,,0.0,1694367957.0,1694367962.0,5.0,,1.0,4.0,5.0,,,,,poseidon,local,poseidon-submit,pegasus::transfer,/mnt/poseidon-data/poseidon/pegasus-5.1.0panorama/bin/pegasus-transfer,/home/poseidon/pegasus-5.1.0panorama/bin/../bin/pegasus-kickstart  -n pegasus::transfer -N null -i - -R local  -L casa-wind-full -T 2023-09-08T07:29:05+00:00 /home/poseidon/pegasus-5.1.0panorama/bin/../bin/pegasus-transfer  --threads 2,1.0,0,0,,,,,,,,,
point_alert_ID0000065,None,compute,0,1694367947.0,,,1694367952.0,1694367955.0,1694367966.0,29576134.5,1694367953.0,1694367982.0,1694367971.0,1694367974.0,6442.0,1694367982.0,1694367987.0,5.0,,1.0,29.0,5.0,11.0,176639131.0,3.0,20238.0,poseidon,condorpool,poseidon-worker-1-container-20-23,point_alert,/opt/pointAlert/pointAlert,,0.0,0,0,,,,,,,,,
point_alert_ID0000105,None,compute,0,1694367947.0,,,1694367952.0,1694367955.0,1694367966.0,29864510.5,1694367953.0,1694367982.0,1694367971.0,1694367974.0,6771.0,1694367982.0,1694367987.0,5.0,,1.0,29.0,5.0,11.0,176667573.0,3.0,21278.0,poseidon,condorpool,poseidon-worker-2-container-44-47,point_alert,/opt/pointAlert/pointAlert,,0.0,0,0,,,,,,,,,
point_alert_ID0000085,None,compute,0,1694367947.0,,,1694367952.0,1694367955.0,1694367966.0,29616447.0,1694367953.0,1694367982.0,1694367971.0,1694367974.0,6682.0,1694367982.0,1694367987.0,5.0,,1.0,29.0,5.0,11.0,176655981.0,3.0,21118.0,poseidon,condorpool,poseidon-worker-1-container-36-39,point_alert,/opt/pointAlert/pointAlert,,0.0,0,0,,,,,,,,,
point_alert_ID0000045,None,compute,0,1694367947.0,,,1694367952.0,1694367955.0,1694367966.0,29573636.0,1694367953.0,1694367982.0,1694367971.0,1694367974.0,6512.0,1694367982.0,1694367987.0,5.0,,1.0,29.0,5.0,11.0,176636096.0,3.0,20798.0,poseidon,condorpool,poseidon-worker-1-container-44-47,point_alert,/opt/pointAlert/pointAlert,,0.0,0,0,,,,,,,,,
stage_out_local_condorpool_2_5,None,transfer,0,1694367947.0,,,1694367952.0,,,0.0,1694367953.0,1694367957.0,,,0.0,1694367957.0,1694367962.0,5.0,,1.0,4.0,5.0,,,,,poseidon,local,poseidon-submit,pegasus::transfer,/mnt/poseidon-data/poseidon/pegasus-5.1.0panorama/bin/pegasus-transfer,/home/poseidon/pegasus-5.1.0panorama/bin/../bin/pegasus-kickstart  -n pegasus::transfer -N null -i - -R local  -L casa-wind-full -T 2023-09-08T07:29:05+00:00 /home/poseidon/pegasus-5.1.0panorama/bin/../bin/pegasus-transfer  --threads 2,0.9,0,0,,,,,,,,,
stage_out_local_condorpool_2_2,None,transfer,0,1694367952.0,,,1694367957.0,,,0.0,1694367958.0,1694367967.0,,,0.0,1694367967.0,1694367972.0,5.0,,1.0,9.0,5.0,,,,,poseidon,local,poseidon-submit,pegasus::transfer,/mnt/poseidon-data/poseidon/pegasus-5.1.0panorama/bin/pegasus-transfer,/home/poseidon/pegasus-5.1.0panorama/bin/../bin/pegasus-kickstart  -n pegasus::transfer -N null -i - -R local  -L casa-wind-full -T 2023-09-08T07:29:05+00:00 /home/poseidon/pegasus-5.1.0panorama/bin/../bin/pegasus-transfer  --threads 2,0.9,0,0,,,,,,,,,
point_alert_ID0000070,None,compute,0,1694367952.0,,,1694367957.0,1694367960.0,1694367971.0,29565705.5,1694367959.0,1694367987.0,1694367977.0,1694367980.0,6680.0,1694367987.0,1694367992.0,5.0,,2.0,28.0,5.0,11.0,176643292.0,3.0,20558.0,poseidon,condorpool,poseidon-worker-1-container-20-23,point_alert,/opt/pointAlert/pointAlert,,0.0,0,0,,,,,,,,,
point_alert_ID0000050,None,compute,0,1694367952.0,,,1694367957.0,1694367960.0,1694367971.0,29576192.0,1694367959.0,1694367987.0,1694367977.0,1694367980.0,6627.0,1694367987.0,1694367992.0,5.0,,2.0,28.0,5.0,11.0,176632091.0,3.0,20878.0,poseidon,condorpool,poseidon-worker-1-container-0-3,point_alert,/opt/pointAlert/pointAlert,,0.0,0,0,,,,,,,,,
point_alert_ID0000125,cpu_2,compute,0,1694367952.0,,,1694367957.0,1694367960.0,1694367971.0,35270960.6,1694367959.0,1694367987.0,1694367977.0,1694367980.0,7299.0,1694367987.0,1694367992.0,5.0,,2.0,28.0,5.0,11.0,176678547.0,3.0,22878.0,poseidon,condorpool,poseidon-worker-2-container-12-15,point_alert,/opt/pointAlert/pointAlert,,0.0,0,0,,,,,,,,,
point_alert_ID0000095,None,compute,0,1694367952.0,,,1694367957.0,1694367960.0,1694367972.0,31810867.6,1694367959.0,1694367987.0,1694367977.0,1694367980.0,6478.0,1694367987.0,1694367992.0,5.0,,2.0,28.0,5.0,12.0,176660390.0,3.0,20718.0,poseidon,condorpool,poseidon-worker-1-container-24-27,point_alert,/opt/pointAlert/pointAlert,,0.0,0,0,,,,,,,,,
stage_out_local_condorpool_2_1,None,transfer,0,1694367957.0,,,1694367962.0,,,0.0,1694367963.0,1694367972.0,,,0.0,1694367972.0,1694367977.0,5.0,,1.0,9.0,5.0,,,,,poseidon,local,poseidon-submit,pegasus::transfer,/mnt/poseidon-data/poseidon/pegasus-5.1.0panorama/bin/pegasus-transfer,/home/poseidon/pegasus-5.1.0panorama/bin/../bin/pegasus-kickstart  -n pegasus::transfer -N null -i - -R local  -L casa-wind-full -T 2023-09-08T07:29:05+00:00 /home/poseidon/pegasus-5.1.0panorama/bin/../bin/pegasus-transfer  --threads 2,0.9,0,0,,,,,,,,,
point_alert_ID0000080,None,compute,0,1694367957.0,,,1694367962.0,1694367964.0,1694367975.0,29637925.5,1694367963.0,1694367992.0,1694367981.0,1694367984.0,6688.0,1694367992.0,1694367997.0,5.0,,1.0,29.0,5.0,11.0,176653320.0,3.0,20718.0,poseidon,condorpool,poseidon-worker-1-container-44-47,point_alert,/opt/pointAlert/pointAlert,,0.0,0,0,,,,,,,,,
register_condorpool_2_3,None,auxiliary,0,1694367962.0,,,1694367997.0,,,0.0,1694367998.0,1694368002.0,,,0.0,1694368002.0,1694368007.0,35.0,,1.0,4.0,5.0,,,,,poseidon,local,poseidon-submit,pegasus::rc-client,/mnt/poseidon-data/poseidon/pegasus-5.1.0panorama/bin/pegasus-rc-client,"-n pegasus::rc-client -N null -R local  -L casa-wind-full -T 2023-09-08T07:29:05+00:00 /home/poseidon/pegasus-5.1.0panorama/bin/pegasus-rc-client --prefix pegasus.catalog.replica.output --conf /mnt/poseidon-data/poseidon/workflows/casa-wind-workflow-full/submit/poseidon/pegasus/casa-wind-full/run0184/pegasus.5579972246607368091.properties -v --meta /mnt/poseidon-data/poseidon/workflows/casa-wind-workflow-full/submit/poseidon/pegasus/casa-wind-full/run0184/00/01/mvt_ID0000084.meta,/mnt/poseidon-data/poseidon/workflows/casa-wind-workflow-full/submit/poseidon/pegasus/casa-wind-full/run0184/00/02/post_vel_ID0000103.meta,/mnt/poseidon-data/poseidon/workflows/casa-wind-workflow-full/submit/poseidon/pegasus/casa-wind-full/run0184/00/01/post_vel_ID0000098.meta,/mnt/poseidon-data/poseidon/workflows/casa-wind-workflow-full/submit/poseidon/pegasus/casa-wind-full/run0184/00/02/post_vel_ID0000048.meta,/mnt/poseidon-data/poseidon/workflows/casa-wind-workflow-full/submit/poseidon/pegasus/casa-wind-full/run0184/00/01/mvt_ID0000009.meta,/mnt/poseidon-data/poseidon/workflows/casa-wind-workflow-full/submit/poseidon/pegasus/casa-wind-full/run0184/00/01/post_vel_ID0000018.meta,/mnt/poseidon-data/poseidon/workflows/casa-wind-workflow-full/submit/poseidon/pegasus/casa-wind-full/run0184/00/01/mvt_ID0000089.meta,/mnt/poseidon-data/poseidon/workflows/casa-wind-workflow-full/submit/poseidon/pegasus/casa-wind-full/run0184/00/02/mvt_ID0000074.meta,/mnt/poseidon-data/poseidon/workflows/casa-wind-workflow-full/submit/poseidon/pegasus/casa-wind-full/run0184/00/02/post_vel_ID0000038.meta --insert /mnt/poseidon-data/poseidon/workflows/casa-wind-workflow-full/submit/poseidon/pegasus/casa-wind-full/run0184/00/02/register_condorpool_2_3.in",2.6,0,0,,,,,,,,,
register_condorpool_2_5,None,auxiliary,0,1694367962.0,,,1694367977.0,,,0.0,1694367978.0,1694367982.0,,,0.0,1694367982.0,1694367987.0,15.0,,1.0,4.0,5.0,,,,,poseidon,local,poseidon-submit,pegasus::rc-client,/mnt/poseidon-data/poseidon/pegasus-5.1.0panorama/bin/pegasus-rc-client,"-n pegasus::rc-client -N null -R local  -L casa-wind-full -T 2023-09-08T07:29:05+00:00 /home/poseidon/pegasus-5.1.0panorama/bin/pegasus-rc-client --prefix pegasus.catalog.replica.output --conf /mnt/poseidon-data/poseidon/workflows/casa-wind-workflow-full/submit/poseidon/pegasus/casa-wind-full/run0184/pegasus.5579972246607368091.properties -v --meta /mnt/poseidon-data/poseidon/workflows/casa-wind-workflow-full/submit/poseidon/pegasus/casa-wind-full/run0184/00/01/mvt_ID0000004.meta,/mnt/poseidon-data/poseidon/workflows/casa-wind-workflow-full/submit/poseidon/pegasus/casa-wind-full/run0184/00/01/mvt_ID0000119.meta,/mnt/poseidon-data/poseidon/workflows/casa-wind-workflow-full/submit/poseidon/pegasus/casa-wind-full/run0184/00/02/post_vel_ID0000053.meta,/mnt/poseidon-data/poseidon/workflows/casa-wind-workflow-full/submit/poseidon/pegasus/casa-wind-full/run0184/00/02/mvt_ID0000114.meta,/mnt/poseidon-data/poseidon/workflows/casa-wind-workflow-full/submit/poseidon/pegasus/casa-wind-full/run0184/00/01/mvt_ID0000034.meta,/mnt/poseidon-data/poseidon/workflows/casa-wind-workflow-full/submit/poseidon/pegasus/casa-wind-full/run0184/00/01/mvt_ID0000014.meta,/mnt/poseidon-data/poseidon/workflows/casa-wind-workflow-full/submit/poseidon/pegasus/casa-wind-full/run0184/00/02/mvt_ID0000109.meta,/mnt/poseidon-data/poseidon/workflows/casa-wind-workflow-full/submit/poseidon/pegasus/casa-wind-full/run0184/00/01/mvt_ID0000064.meta --insert /mnt/poseidon-data/poseidon/workflows/casa-wind-workflow-full/submit/poseidon/pegasus/casa-wind-full/run0184/00/02/register_condorpool_2_5.in",2.8,0,0,,,,,,,,,
register_condorpool_2_0,None,auxiliary,0,1694367962.0,,,1694367967.0,,,0.0,1694367968.0,1694367972.0,,,0.0,1694367972.0,1694367977.0,5.0,,1.0,4.0,5.0,,,,,poseidon,local,poseidon-submit,pegasus::rc-client,/mnt/poseidon-data/poseidon/pegasus-5.1.0panorama/bin/pegasus-rc-client,"-n pegasus::rc-client -N null -R local  -L casa-wind-full -T 2023-09-08T07:29:05+00:00 /home/poseidon/pegasus-5.1.0panorama/bin/pegasus-rc-client --prefix pegasus.catalog.replica.output --conf /mnt/poseidon-data/poseidon/workflows/casa-wind-workflow-full/submit/poseidon/pegasus/casa-wind-full/run0184/pegasus.5579972246607368091.properties -v --meta /mnt/poseidon-data/poseidon/workflows/casa-wind-workflow-full/submit/poseidon/pegasus/casa-wind-full/run0184/00/01/post_vel_ID0000023.meta,/mnt/poseidon-data/poseidon/workflows/casa-wind-workflow-full/submit/poseidon/pegasus/casa-wind-full/run0184/00/01/post_vel_ID0000093.meta,/mnt/poseidon-data/poseidon/workflows/casa-wind-workflow-full/submit/poseidon/pegasus/casa-wind-full/run0184/00/01/mvt_ID0000129.meta,/mnt/poseidon-data/poseidon/workflows/casa-wind-workflow-full/submit/poseidon/pegasus/casa-wind-full/run0184/00/02/mvt_ID0000044.meta,/mnt/poseidon-data/poseidon/workflows/casa-wind-workflow-full/submit/poseidon/pegasus/casa-wind-full/run0184/00/02/post_vel_ID0000058.meta,/mnt/poseidon-data/poseidon/workflows/casa-wind-workflow-full/submit/poseidon/pegasus/casa-wind-full/run0184/00/01/post_vel_ID0000068.meta,/mnt/poseidon-data/poseidon/workflows/casa-wind-workflow-full/submit/poseidon/pegasus/casa-wind-full/run0184/00/01/post_vel_ID0000123.meta,/mnt/poseidon-data/poseidon/workflows/casa-wind-workflow-full/submit/poseidon/pegasus/casa-wind-full/run0184/00/02/post_vel_ID0000078.meta,/mnt/poseidon-data/poseidon/workflows/casa-wind-workflow-full/submit/poseidon/pegasus/casa-wind-full/run0184/00/01/mvt_ID0000029.meta --insert /mnt/poseidon-data/poseidon/workflows/casa-wind-workflow-full/submit/poseidon/pegasus/casa-wind-full/run0184/00/02/register_condorpool_2_0.in",2.9,0,0,,,,,,,,,
register_condorpool_2_2,None,auxiliary,0,1694367972.0,,,1694368037.0,,,0.0,1694368038.0,1694368042.0,,,0.0,1694368042.0,1694368047.0,65.0,,1.0,4.0,5.0,,,,,poseidon,local,poseidon-submit,pegasus::rc-client,/mnt/poseidon-data/poseidon/pegasus-5.1.0panorama/bin/pegasus-rc-client,"-n pegasus::rc-client -N null -R local  -L casa-wind-full -T 2023-09-08T07:29:05+00:00 /home/poseidon/pegasus-5.1.0panorama/bin/pegasus-rc-client --prefix pegasus.catalog.replica.output --conf /mnt/poseidon-data/poseidon/workflows/casa-wind-workflow-full/submit/poseidon/pegasus/casa-wind-full/run0184/pegasus.5579972246607368091.properties -v --meta /mnt/poseidon-data/poseidon/workflows/casa-wind-workflow-full/submit/poseidon/pegasus/casa-wind-full/run0184/00/02/post_vel_ID0000073.meta,/mnt/poseidon-data/poseidon/workflows/casa-wind-workflow-full/submit/poseidon/pegasus/casa-wind-full/run0184/00/02/mvt_ID0000039.meta,/mnt/poseidon-data/poseidon/workflows/casa-wind-workflow-full/submit/poseidon/pegasus/casa-wind-full/run0184/00/01/mvt_ID0000099.meta,/mnt/poseidon-data/poseidon/workflows/casa-wind-workflow-full/submit/poseidon/pegasus/casa-wind-full/run0184/00/01/post_vel_ID0000008.meta,/mnt/poseidon-data/poseidon/workflows/casa-wind-workflow-full/submit/poseidon/pegasus/casa-wind-full/run0184/00/02/mvt_ID0000049.meta,/mnt/poseidon-data/poseidon/workflows/casa-wind-workflow-full/submit/poseidon/pegasus/casa-wind-full/run0184/00/01/mvt_ID0000019.meta,/mnt/poseidon-data/poseidon/workflows/casa-wind-workflow-full/submit/poseidon/pegasus/casa-wind-full/run0184/00/02/mvt_ID0000104.meta,/mnt/poseidon-data/poseidon/workflows/casa-wind-workflow-full/submit/poseidon/pegasus/casa-wind-full/run0184/00/01/post_vel_ID0000083.meta,/mnt/poseidon-data/poseidon/workflows/casa-wind-workflow-full/submit/poseidon/pegasus/casa-wind-full/run0184/00/01/post_vel_ID0000088.meta --insert /mnt/poseidon-data/poseidon/workflows/casa-wind-workflow-full/submit/poseidon/pegasus/casa-wind-full/run0184/00/02/register_condorpool_2_2.in",2.7,0,0,,,,,,,,,
register_condorpool_2_1,None,auxiliary,0,1694367977.0,,,1694367987.0,,,0.0,1694367987.0,1694367992.0,,,0.0,1694367992.0,1694367997.0,10.0,,0.0,5.0,5.0,,,,,poseidon,local,poseidon-submit,pegasus::rc-client,/mnt/poseidon-data/poseidon/pegasus-5.1.0panorama/bin/pegasus-rc-client,"-n pegasus::rc-client -N null -R local  -L casa-wind-full -T 2023-09-08T07:29:05+00:00 /home/poseidon/pegasus-5.1.0panorama/bin/pegasus-rc-client --prefix pegasus.catalog.replica.output --conf /mnt/poseidon-data/poseidon/workflows/casa-wind-workflow-full/submit/poseidon/pegasus/casa-wind-full/run0184/pegasus.5579972246607368091.properties -v --meta /mnt/poseidon-data/poseidon/workflows/casa-wind-workflow-full/submit/poseidon/pegasus/casa-wind-full/run0184/00/01/post_vel_ID0000028.meta,/mnt/poseidon-data/poseidon/workflows/casa-wind-workflow-full/submit/poseidon/pegasus/casa-wind-full/run0184/00/02/post_vel_ID0000043.meta,/mnt/poseidon-data/poseidon/workflows/casa-wind-workflow-full/submit/poseidon/pegasus/casa-wind-full/run0184/00/01/post_vel_ID0000128.meta,/mnt/poseidon-data/poseidon/workflows/casa-wind-workflow-full/submit/poseidon/pegasus/casa-wind-full/run0184/00/01/mvt_ID0000094.meta,/mnt/poseidon-data/poseidon/workflows/casa-wind-workflow-full/submit/poseidon/pegasus/casa-wind-full/run0184/00/01/mvt_ID0000069.meta,/mnt/poseidon-data/poseidon/workflows/casa-wind-workflow-full/submit/poseidon/pegasus/casa-wind-full/run0184/00/02/mvt_ID0000059.meta,/mnt/poseidon-data/poseidon/workflows/casa-wind-workflow-full/submit/poseidon/pegasus/casa-wind-full/run0184/00/01/mvt_ID0000124.meta,/mnt/poseidon-data/poseidon/workflows/casa-wind-workflow-full/submit/poseidon/pegasus/casa-wind-full/run0184/00/01/mvt_ID0000024.meta,/mnt/poseidon-data/poseidon/workflows/casa-wind-workflow-full/submit/poseidon/pegasus/casa-wind-full/run0184/00/02/mvt_ID0000079.meta --insert /mnt/poseidon-data/poseidon/workflows/casa-wind-workflow-full/submit/poseidon/pegasus/casa-wind-full/run0184/00/02/register_condorpool_2_1.in",2.7,0,0,,,,,,,,,
stage_out_local_condorpool_3_2,None,transfer,0,1694367987.0,,,1694367992.0,,,0.0,1694367992.0,1694367997.0,,,0.0,1694367997.0,1694368002.0,5.0,,0.0,5.0,5.0,,,,,poseidon,local,poseidon-submit,pegasus::transfer,/mnt/poseidon-data/poseidon/pegasus-5.1.0panorama/bin/pegasus-transfer,/home/poseidon/pegasus-5.1.0panorama/bin/../bin/pegasus-kickstart  -n pegasus::transfer -N null -i - -R local  -L casa-wind-full -T 2023-09-08T07:29:05+00:00 /home/poseidon/pegasus-5.1.0panorama/bin/../bin/pegasus-transfer  --threads 2,0.9,0,0,,,,,,,,,
stage_out_local_condorpool_3_1,None,transfer,0,1694367992.0,,,1694367997.0,,,0.0,1694367998.0,1694368002.0,,,0.0,1694368002.0,1694368007.0,5.0,,1.0,4.0,5.0,,,,,poseidon,local,poseidon-submit,pegasus::transfer,/mnt/poseidon-data/poseidon/pegasus-5.1.0panorama/bin/pegasus-transfer,/home/poseidon/pegasus-5.1.0panorama/bin/../bin/pegasus-kickstart  -n pegasus::transfer -N null -i - -R local  -L casa-wind-full -T 2023-09-08T07:29:05+00:00 /home/poseidon/pegasus-5.1.0panorama/bin/../bin/pegasus-transfer  --threads 2,0.9,0,0,,,,,,,,,
stage_out_local_condorpool_3_0,None,transfer,0,1694367997.0,,,1694368002.0,,,0.0,1694368003.0,1694368012.0,,,0.0,1694368012.0,1694368017.0,5.0,,1.0,9.0,5.0,,,,,poseidon,local,poseidon-submit,pegasus::transfer,/mnt/poseidon-data/poseidon/pegasus-5.1.0panorama/bin/pegasus-transfer,/home/poseidon/pegasus-5.1.0panorama/bin/../bin/pegasus-kickstart  -n pegasus::transfer -N null -i - -R local  -L casa-wind-full -T 2023-09-08T07:29:05+00:00 /home/poseidon/pegasus-5.1.0panorama/bin/../bin/pegasus-transfer  --threads 2,0.9,0,0,,,,,,,,,
register_condorpool_3_2,None,auxiliary,0,1694368002.0,,,1694368007.0,,,0.0,1694368008.0,1694368012.0,,,0.0,1694368012.0,1694368017.0,5.0,,1.0,4.0,5.0,,,,,poseidon,local,poseidon-submit,pegasus::rc-client,/mnt/poseidon-data/poseidon/pegasus-5.1.0panorama/bin/pegasus-rc-client,"-n pegasus::rc-client -N null -R local  -L casa-wind-full -T 2023-09-08T07:29:05+00:00 /home/poseidon/pegasus-5.1.0panorama/bin/pegasus-rc-client --prefix pegasus.catalog.replica.output --conf /mnt/poseidon-data/poseidon/workflows/casa-wind-workflow-full/submit/poseidon/pegasus/casa-wind-full/run0184/pegasus.5579972246607368091.properties -v --meta /mnt/poseidon-data/poseidon/workflows/casa-wind-workflow-full/submit/poseidon/pegasus/casa-wind-full/run0184/00/03/point_alert_ID0000110.meta,/mnt/poseidon-data/poseidon/workflows/casa-wind-workflow-full/submit/poseidon/pegasus/casa-wind-full/run0184/00/03/point_alert_ID0000055.meta,/mnt/poseidon-data/poseidon/workflows/casa-wind-workflow-full/submit/poseidon/pegasus/casa-wind-full/run0184/00/02/point_alert_ID0000115.meta,/mnt/poseidon-data/poseidon/workflows/casa-wind-workflow-full/submit/poseidon/pegasus/casa-wind-full/run0184/00/02/point_alert_ID0000120.meta,/mnt/poseidon-data/poseidon/workflows/casa-wind-workflow-full/submit/poseidon/pegasus/casa-wind-full/run0184/00/02/point_alert_ID0000035.meta,/mnt/poseidon-data/poseidon/workflows/casa-wind-workflow-full/submit/poseidon/pegasus/casa-wind-full/run0184/00/02/point_alert_ID0000015.meta,/mnt/poseidon-data/poseidon/workflows/casa-wind-workflow-full/submit/poseidon/pegasus/casa-wind-full/run0184/00/02/point_alert_ID0000065.meta,/mnt/poseidon-data/poseidon/workflows/casa-wind-workflow-full/submit/poseidon/pegasus/casa-wind-full/run0184/00/02/point_alert_ID0000005.meta --insert /mnt/poseidon-data/poseidon/workflows/casa-wind-workflow-full/submit/poseidon/pegasus/casa-wind-full/run0184/00/03/register_condorpool_3_2.in",2.8,0,0,,,,,,,,,
register_condorpool_3_1,None,auxiliary,0,1694368007.0,,,1694368017.0,,,0.0,1694368017.0,1694368022.0,,,0.0,1694368022.0,1694368027.0,10.0,,0.0,5.0,5.0,,,,,poseidon,local,poseidon-submit,pegasus::rc-client,/mnt/poseidon-data/poseidon/pegasus-5.1.0panorama/bin/pegasus-rc-client,"-n pegasus::rc-client -N null -R local  -L casa-wind-full -T 2023-09-08T07:29:05+00:00 /home/poseidon/pegasus-5.1.0panorama/bin/pegasus-rc-client --prefix pegasus.catalog.replica.output --conf /mnt/poseidon-data/poseidon/workflows/casa-wind-workflow-full/submit/poseidon/pegasus/casa-wind-full/run0184/pegasus.5579972246607368091.properties -v --meta /mnt/poseidon-data/poseidon/workflows/casa-wind-workflow-full/submit/poseidon/pegasus/casa-wind-full/run0184/00/02/point_alert_ID0000010.meta,/mnt/poseidon-data/poseidon/workflows/casa-wind-workflow-full/submit/poseidon/pegasus/casa-wind-full/run0184/00/02/point_alert_ID0000090.meta,/mnt/poseidon-data/poseidon/workflows/casa-wind-workflow-full/submit/poseidon/pegasus/casa-wind-full/run0184/00/02/point_alert_ID0000085.meta,/mnt/poseidon-data/poseidon/workflows/casa-wind-workflow-full/submit/poseidon/pegasus/casa-wind-full/run0184/00/02/point_alert_ID0000075.meta,/mnt/poseidon-data/poseidon/workflows/casa-wind-workflow-full/submit/poseidon/pegasus/casa-wind-full/run0184/00/02/point_alert_ID0000100.meta,/mnt/poseidon-data/poseidon/workflows/casa-wind-workflow-full/submit/poseidon/pegasus/casa-wind-full/run0184/00/03/point_alert_ID0000040.meta,/mnt/poseidon-data/poseidon/workflows/casa-wind-workflow-full/submit/poseidon/pegasus/casa-wind-full/run0184/00/02/point_alert_ID0000020.meta,/mnt/poseidon-data/poseidon/workflows/casa-wind-workflow-full/submit/poseidon/pegasus/casa-wind-full/run0184/00/03/point_alert_ID0000050.meta,/mnt/poseidon-data/poseidon/workflows/casa-wind-workflow-full/submit/poseidon/pegasus/casa-wind-full/run0184/00/03/point_alert_ID0000105.meta --insert /mnt/poseidon-data/poseidon/workflows/casa-wind-workflow-full/submit/poseidon/pegasus/casa-wind-full/run0184/00/03/register_condorpool_3_1.in",2.6,0,0,,,,,,,,,
cleanup_casa-wind-full_0_condorpool,None,auxiliary,0,1694368017.0,,,1694368022.0,,,0.0,1694368022.0,1694368027.0,,,0.0,1694368027.0,1694368032.0,5.0,,0.0,5.0,5.0,,,,,poseidon,local,poseidon-submit,pegasus::cleanup,/mnt/poseidon-data/poseidon/pegasus-5.1.0panorama/bin/pegasus-transfer,pegasus-kickstart  -n pegasus::cleanup -N null -i - -R local  -L casa-wind-full -T 2023-09-08T07:29:05+00:00 pegasus-transfer,0.2,0,0,,,,,,,,,
register_condorpool_3_0,None,auxiliary,0,1694368017.0,,,1694368027.0,,,0.0,1694368028.0,1694368032.0,,,0.0,1694368032.0,1694368037.0,10.0,,1.0,4.0,5.0,,,,,poseidon,local,poseidon-submit,pegasus::rc-client,/mnt/poseidon-data/poseidon/pegasus-5.1.0panorama/bin/pegasus-rc-client,"-n pegasus::rc-client -N null -R local  -L casa-wind-full -T 2023-09-08T07:29:05+00:00 /home/poseidon/pegasus-5.1.0panorama/bin/pegasus-rc-client --prefix pegasus.catalog.replica.output --conf /mnt/poseidon-data/poseidon/workflows/casa-wind-workflow-full/submit/poseidon/pegasus/casa-wind-full/run0184/pegasus.5579972246607368091.properties -v --meta /mnt/poseidon-data/poseidon/workflows/casa-wind-workflow-full/submit/poseidon/pegasus/casa-wind-full/run0184/00/02/point_alert_ID0000125.meta,/mnt/poseidon-data/poseidon/workflows/casa-wind-workflow-full/submit/poseidon/pegasus/casa-wind-full/run0184/00/02/point_alert_ID0000095.meta,/mnt/poseidon-data/poseidon/workflows/casa-wind-workflow-full/submit/poseidon/pegasus/casa-wind-full/run0184/00/03/point_alert_ID0000060.meta,/mnt/poseidon-data/poseidon/workflows/casa-wind-workflow-full/submit/poseidon/pegasus/casa-wind-full/run0184/00/02/point_alert_ID0000030.meta,/mnt/poseidon-data/poseidon/workflows/casa-wind-workflow-full/submit/poseidon/pegasus/casa-wind-full/run0184/00/02/point_alert_ID0000025.meta,/mnt/poseidon-data/poseidon/workflows/casa-wind-workflow-full/submit/poseidon/pegasus/casa-wind-full/run0184/00/03/point_alert_ID0000045.meta,/mnt/poseidon-data/poseidon/workflows/casa-wind-workflow-full/submit/poseidon/pegasus/casa-wind-full/run0184/00/02/point_alert_ID0000130.meta,/mnt/poseidon-data/poseidon/workflows/casa-wind-workflow-full/submit/poseidon/pegasus/casa-wind-full/run0184/00/02/point_alert_ID0000070.meta,/mnt/poseidon-data/poseidon/workflows/casa-wind-workflow-full/submit/poseidon/pegasus/casa-wind-full/run0184/00/02/point_alert_ID0000080.meta --insert /mnt/poseidon-data/poseidon/workflows/casa-wind-workflow-full/submit/poseidon/pegasus/casa-wind-full/run0184/00/03/register_condorpool_3_0.in",2.7,0,0,,,,,,,,,
