,anomaly_type,type,is_clustered,ready,pre_script_start,pre_script_end,submit,stage_in_start,stage_in_end,stage_in_effective_bytes_per_sec,execute_start,execute_end,stage_out_start,stage_out_end,stage_out_effective_bytes_per_sec,post_script_start,post_script_end,wms_delay,pre_script_delay,queue_delay,runtime,post_script_delay,stage_in_delay,stage_in_bytes,stage_out_delay,stage_out_bytes,kickstart_user,kickstart_site,kickstart_hostname,kickstart_transformations,kickstart_executables,kickstart_executables_argv,kickstart_executables_cpu_time,kickstart_status,kickstart_executables_exitcode,kickstart_online_iowait,kickstart_online_bytes_read,kickstart_online_bytes_written,kickstart_online_read_system_calls,kickstart_online_write_system_calls,kickstart_online_utime,kickstart_online_stime,kickstart_online_bytes_read_per_second,kickstart_online_bytes_written_per_second
create_dir_casa-wind-full_0_condorpool,None,auxiliary,0,1694372532.0,,,1694372533.0,,,0.0,1694372538.0,1694372543.0,,,0.0,1694372543.0,1694372548.0,1.0,,5.0,5.0,5.0,,,,,poseidon,local,poseidon-submit,pegasus::dirmanager,/mnt/poseidon-data/poseidon/pegasus-5.1.0panorama/bin/pegasus-transfer,pegasus-kickstart  -n pegasus::dirmanager -N null -i - -R local  -L casa-wind-full -T 2023-09-08T07:29:05+00:00 pegasus-transfer,0.2,0,0,,,,,,,,,
unzip_ID0000006,cpu_2,compute,0,1694372548.0,,,1694372553.0,1694372568.0,1694372577.0,24890496.0,1694372566.0,1694372614.0,1694372590.0,1694372606.0,32178714.0,1694372614.0,1694372619.0,5.0,,13.0,48.0,5.0,9.0,222753803.0,16.0,501616588.0,poseidon,condorpool,poseidon-worker-1-container-24-27,unzip,/usr/bin/gunzip,,3.8,0,0,,,,,,,,,
unzip_ID0000106,None,compute,0,1694372548.0,,,1694372553.0,1694372564.0,1694372573.0,27633173.0,1694372563.0,1694372608.0,1694372585.0,1694372599.0,37073896.0,1694372608.0,1694372614.0,5.0,,10.0,45.0,6.0,9.0,241199298.0,14.0,501821816.0,poseidon,condorpool,poseidon-worker-2-container-36-39,unzip,/usr/bin/gunzip,,4.1,0,0,,,,,,,,,
unzip_ID0000046,None,compute,0,1694372548.0,,,1694372553.0,1694372565.0,1694372571.0,33477958.0,1694372563.0,1694372598.0,1694372583.0,1694372592.0,57888899.0,1694372598.0,1694372603.0,5.0,,10.0,35.0,5.0,6.0,229692821.0,9.0,523855228.0,poseidon,condorpool,poseidon-worker-2-container-4-7,unzip,/usr/bin/gunzip,,3.9,0,0,,,,,,,,,
unzip_ID0000101,None,compute,0,1694372548.0,,,1694372553.0,1694372565.0,1694372573.0,29874220.0,1694372563.0,1694372608.0,1694372587.0,1694372601.0,37705626.0,1694372608.0,1694372614.0,5.0,,10.0,45.0,6.0,8.0,250988249.0,14.0,561551644.0,poseidon,condorpool,poseidon-worker-2-container-8-11,unzip,/usr/bin/gunzip,,4.3,0,0,,,,,,,,,
unzip_ID0000126,None,compute,0,1694372548.0,,,1694372553.0,1694372564.0,1694372571.0,33877239.0,1694372562.0,1694372603.0,1694372585.0,1694372595.0,50826650.0,1694372603.0,1694372608.0,5.0,,9.0,41.0,5.0,7.0,249343892.0,10.0,520618424.0,poseidon,condorpool,poseidon-worker-1-container-4-7,unzip,/usr/bin/gunzip,,4.2,0,0,,,,,,,,,
unzip_ID0000031,None,compute,0,1694372548.0,,,1694372553.0,1694372564.0,1694372574.0,25817739.0,1694372563.0,1694372614.0,1694372587.0,1694372607.0,26674873.0,1694372614.0,1694372619.0,5.0,,10.0,51.0,5.0,10.0,237517035.0,20.0,539438752.0,poseidon,condorpool,poseidon-worker-2-container-20-23,unzip,/usr/bin/gunzip,,4.1,0,0,,,,,,,,,
unzip_ID0000076,None,compute,0,1694372548.0,,,1694372553.0,1694372564.0,1694372573.0,27781325.0,1694372563.0,1694372609.0,1694372586.0,1694372602.0,32373805.0,1694372609.0,1694372614.0,5.0,,10.0,46.0,5.0,9.0,233747923.0,16.0,523942844.0,poseidon,condorpool,poseidon-worker-1-container-0-3,unzip,/usr/bin/gunzip,,4.1,0,0,,,,,,,,,
unzip_ID0000011,None,compute,0,1694372548.0,,,1694372553.0,1694372565.0,1694372575.0,22452614.0,1694372563.0,1694372614.0,1694372589.0,1694372604.0,37179141.0,1694372614.0,1694372619.0,5.0,,10.0,51.0,5.0,10.0,235998389.0,15.0,565205920.0,poseidon,condorpool,poseidon-worker-2-container-24-27,unzip,/usr/bin/gunzip,,4.2,0,0,,,,,,,,,
unzip_ID0000056,None,compute,0,1694372548.0,,,1694372553.0,1694372564.0,1694372573.0,24990802.0,1694372562.0,1694372603.0,1694372586.0,1694372595.0,54012869.0,1694372603.0,1694372608.0,5.0,,9.0,41.0,5.0,9.0,232139969.0,9.0,528026776.0,poseidon,condorpool,poseidon-worker-2-container-12-15,unzip,/usr/bin/gunzip,,4.1,0,0,,,,,,,,,
unzip_ID0000111,None,compute,0,1694372548.0,,,1694372553.0,1694372564.0,1694372572.0,30498163.0,1694372562.0,1694372608.0,1694372586.0,1694372598.0,46256873.0,1694372608.0,1694372614.0,5.0,,9.0,46.0,6.0,8.0,256320311.0,12.0,567950764.0,poseidon,condorpool,poseidon-worker-1-container-16-19,unzip,/usr/bin/gunzip,,4.4,0,0,,,,,,,,,
unzip_ID0000071,None,compute,0,1694372548.0,,,1694372553.0,1694372564.0,1694372574.0,24801367.0,1694372563.0,1694372614.0,1694372587.0,1694372606.0,28407471.0,1694372614.0,1694372619.0,5.0,,10.0,51.0,5.0,10.0,240896692.0,19.0,539506600.0,poseidon,condorpool,poseidon-worker-2-container-40-43,unzip,/usr/bin/gunzip,,4.2,0,0,,,,,,,,,
unzip_ID0000051,None,compute,0,1694372548.0,,,1694372553.0,1694372564.0,1694372571.0,34665170.0,1694372563.0,1694372603.0,1694372584.0,1694372594.0,56879949.0,1694372603.0,1694372608.0,5.0,,10.0,40.0,5.0,7.0,239630266.0,10.0,544301296.0,poseidon,condorpool,poseidon-worker-1-container-12-15,unzip,/usr/bin/gunzip,,4.2,0,0,,,,,,,,,
unzip_ID0000026,None,compute,0,1694372548.0,,,1694372553.0,1694372564.0,1694372573.0,27080995.0,1694372563.0,1694372603.0,1694372585.0,1694372597.0,43830903.0,1694372603.0,1694372608.0,5.0,,10.0,40.0,5.0,9.0,227963832.0,12.0,523917888.0,poseidon,condorpool,poseidon-worker-2-container-0-3,unzip,/usr/bin/gunzip,,4.0,0,0,,,,,,,,,
unzip_ID0000091,None,compute,0,1694372548.0,,,1694372553.0,1694372565.0,1694372574.0,24998563.0,1694372563.0,1694372614.0,1694372588.0,1694372607.0,27924933.0,1694372614.0,1694372619.0,5.0,,10.0,51.0,5.0,9.0,246447087.0,19.0,539109992.0,poseidon,condorpool,poseidon-worker-1-container-28-31,unzip,/usr/bin/gunzip,,4.3,0,0,,,,,,,,,
unzip_ID0000096,None,compute,0,1694372548.0,,,1694372553.0,1694372564.0,1694372573.0,27929740.0,1694372562.0,1694372603.0,1694372585.0,1694372595.0,53358554.0,1694372603.0,1694372608.0,5.0,,9.0,41.0,5.0,9.0,240753402.0,10.0,524013876.0,poseidon,condorpool,poseidon-worker-2-container-16-19,unzip,/usr/bin/gunzip,,4.1,0,0,,,,,,,,,
unzip_ID0000081,None,compute,0,1694372548.0,,,1694372553.0,1694372564.0,1694372572.0,30970878.0,1694372562.0,1694372603.0,1694372584.0,1694372597.0,42842612.0,1694372603.0,1694372608.0,5.0,,9.0,41.0,5.0,8.0,245619741.0,13.0,543190672.0,poseidon,condorpool,poseidon-worker-2-container-36-39,unzip,/usr/bin/gunzip,,4.2,0,0,,,,,,,,,
unzip_ID0000061,None,compute,0,1694372548.0,,,1694372553.0,1694372565.0,1694372573.0,27402202.0,1694372563.0,1694372608.0,1694372587.0,1694372601.0,37216536.0,1694372608.0,1694372614.0,5.0,,10.0,45.0,6.0,8.0,240463185.0,14.0,541945820.0,poseidon,condorpool,poseidon-worker-1-container-40-43,unzip,/usr/bin/gunzip,,4.2,0,0,,,,,,,,,
unzip_ID0000001,cpu_2,compute,0,1694372548.0,,,1694372553.0,1694372564.0,1694372573.0,27712748.0,1694372562.0,1694372608.0,1694372586.0,1694372600.0,40134441.0,1694372608.0,1694372614.0,5.0,,9.0,46.0,6.0,9.0,232473216.0,14.0,561354992.0,poseidon,condorpool,poseidon-worker-2-container-28-31,unzip,/usr/bin/gunzip,,4.2,0,0,,,,,,,,,
unzip_ID0000121,cpu_2,compute,0,1694372548.0,,,1694372553.0,1694372565.0,1694372573.0,31434041.0,1694372563.0,1694372614.0,1694372587.0,1694372603.0,34334027.0,1694372614.0,1694372619.0,5.0,,10.0,51.0,5.0,8.0,250860096.0,16.0,550782944.0,poseidon,condorpool,poseidon-worker-1-container-24-27,unzip,/usr/bin/gunzip,,4.3,0,0,,,,,,,,,
unzip_ID0000041,None,compute,0,1694372548.0,,,1694372553.0,1694372564.0,1694372575.0,22564438.0,1694372562.0,1694372619.0,1694372588.0,1694372610.0,24937432.0,1694372619.0,1694372624.0,5.0,,9.0,57.0,5.0,11.0,238944758.0,22.0,540768928.0,poseidon,condorpool,poseidon-worker-1-container-44-47,unzip,/usr/bin/gunzip,,4.2,0,0,,,,,,,,,
unzip_ID0000021,None,compute,0,1694372548.0,,,1694372553.0,1694372564.0,1694372575.0,21785102.0,1694372562.0,1694372619.0,1694372588.0,1694372610.0,24679337.0,1694372619.0,1694372624.0,5.0,,9.0,57.0,5.0,11.0,235136662.0,22.0,539178100.0,poseidon,condorpool,poseidon-worker-2-container-32-35,unzip,/usr/bin/gunzip,,4.1,0,0,,,,,,,,,
unzip_ID0000086,None,compute,0,1694372548.0,,,1694372553.0,1694372564.0,1694372572.0,29678667.0,1694372563.0,1694372603.0,1694372585.0,1694372594.0,53943993.0,1694372603.0,1694372608.0,5.0,,10.0,40.0,5.0,8.0,234836668.0,9.0,518838800.0,poseidon,condorpool,poseidon-worker-1-container-20-23,unzip,/usr/bin/gunzip,,4.1,0,0,,,,,,,,,
unzip_ID0000016,None,compute,0,1694372548.0,,,1694372553.0,1694372564.0,1694372572.0,27975957.0,1694372562.0,1694372603.0,1694372585.0,1694372595.0,53013267.0,1694372603.0,1694372608.0,5.0,,9.0,41.0,5.0,8.0,225238888.0,10.0,523826084.0,poseidon,condorpool,poseidon-worker-1-container-32-35,unzip,/usr/bin/gunzip,,4.0,0,0,,,,,,,,,
unzip_ID0000036,None,compute,0,1694372548.0,,,1694372553.0,1694372565.0,1694372574.0,26097861.0,1694372563.0,1694372614.0,1694372587.0,1694372603.0,32393383.0,1694372614.0,1694372619.0,5.0,,10.0,51.0,5.0,9.0,232020704.0,16.0,526952240.0,poseidon,condorpool,poseidon-worker-2-container-44-47,unzip,/usr/bin/gunzip,,4.1,0,0,,,,,,,,,
unzip_ID0000116,None,compute,0,1694372548.0,,,1694372553.0,1694372564.0,1694372574.0,25405632.0,1694372563.0,1694372608.0,1694372588.0,1694372602.0,37424227.0,1694372608.0,1694372614.0,5.0,,10.0,45.0,6.0,10.0,249255741.0,14.0,520850676.0,poseidon,condorpool,poseidon-worker-1-container-8-11,unzip,/usr/bin/gunzip,,4.2,0,0,,,,,,,,,
unzip_ID0000066,None,compute,0,1694372548.0,,,1694372553.0,1694372565.0,1694372572.0,33571949.0,1694372563.0,1694372608.0,1694372585.0,1694372598.0,40027921.0,1694372608.0,1694372614.0,5.0,,10.0,45.0,6.0,7.0,232031705.0,13.0,523661496.0,poseidon,condorpool,poseidon-worker-1-container-36-39,unzip,/usr/bin/gunzip,,4.0,0,0,,,,,,,,,
um_vel_ID0000047,None,compute,0,1694372603.0,,,1694372608.0,1694372611.0,1694372630.0,53049221.0,1694372610.0,1694372649.0,1694372639.0,1694372642.0,169763.0,1694372649.0,1694372654.0,5.0,,2.0,39.0,5.0,19.0,700441980.0,3.0,556900.0,poseidon,condorpool,poseidon-worker-1-container-20-23,um_vel,/opt/UM_VEL/UM_VEL,,1.7,0,0,,,,,,,,,
um_vel_ID0000057,None,compute,0,1694372608.0,,,1694372614.0,1694372617.0,1694372637.0,49281814.2,1694372615.0,1694372654.0,1694372645.0,1694372649.0,173706.0,1694372654.0,1694372659.0,6.0,,1.0,39.0,5.0,20.0,704613528.0,4.0,556900.0,poseidon,condorpool,poseidon-worker-2-container-4-7,um_vel,/opt/UM_VEL/UM_VEL,,1.7,0,0,,,,,,,,,
um_vel_ID0000017,None,compute,0,1694372608.0,,,1694372614.0,1694372617.0,1694372637.0,46897489.6,1694372615.0,1694372659.0,1694372647.0,1694372650.0,177910.0,1694372659.0,1694372664.0,6.0,,1.0,44.0,5.0,20.0,700412836.0,3.0,556900.0,poseidon,condorpool,poseidon-worker-1-container-32-35,um_vel,/opt/UM_VEL/UM_VEL,,1.7,0,0,,,,,,,,,
um_vel_ID0000082,None,compute,0,1694372608.0,,,1694372614.0,1694372617.0,1694372637.0,49678157.1,1694372615.0,1694372654.0,1694372645.0,1694372649.0,173146.0,1694372654.0,1694372659.0,6.0,,1.0,39.0,5.0,20.0,719777424.0,4.0,556900.0,poseidon,condorpool,poseidon-worker-2-container-44-47,um_vel,/opt/UM_VEL/UM_VEL,,1.7,0,0,,,,,,,,,
um_vel_ID0000127,None,compute,0,1694372608.0,,,1694372614.0,1694372617.0,1694372636.0,50525238.8,1694372615.0,1694372659.0,1694372645.0,1694372649.0,176094.0,1694372659.0,1694372664.0,6.0,,1.0,44.0,5.0,19.0,697205176.0,4.0,556900.0,poseidon,condorpool,poseidon-worker-1-container-4-7,um_vel,/opt/UM_VEL/UM_VEL,,1.8,0,0,,,,,,,,,
um_vel_ID0000052,None,compute,0,1694372608.0,,,1694372614.0,1694372617.0,1694372638.0,47293358.2,1694372615.0,1694372659.0,1694372646.0,1694372649.0,176377.0,1694372659.0,1694372664.0,6.0,,1.0,44.0,5.0,21.0,720888048.0,3.0,556900.0,poseidon,condorpool,poseidon-worker-2-container-12-15,um_vel,/opt/UM_VEL/UM_VEL,,1.7,0,0,,,,,,,,,
um_vel_ID0000097,None,compute,0,1694372608.0,,,1694372614.0,1694372617.0,1694372635.0,58563750.9,1694372615.0,1694372654.0,1694372644.0,1694372647.0,173203.0,1694372654.0,1694372659.0,6.0,,1.0,39.0,5.0,18.0,700600628.0,3.0,556900.0,poseidon,condorpool,poseidon-worker-1-container-12-15,um_vel,/opt/UM_VEL/UM_VEL,,1.9,0,0,,,,,,,,,
um_vel_ID0000087,None,compute,0,1694372608.0,,,1694372614.0,1694372617.0,1694372637.0,48837478.2,1694372615.0,1694372654.0,1694372645.0,1694372648.0,174635.0,1694372654.0,1694372659.0,6.0,,1.0,39.0,5.0,20.0,695425552.0,3.0,556900.0,poseidon,condorpool,poseidon-worker-2-container-20-23,um_vel,/opt/UM_VEL/UM_VEL,,1.7,0,0,,,,,,,,,
um_vel_ID0000027,None,compute,0,1694372608.0,,,1694372614.0,1694372617.0,1694372637.0,48159964.0,1694372615.0,1694372659.0,1694372646.0,1694372649.0,171682.0,1694372659.0,1694372664.0,6.0,,1.0,44.0,5.0,20.0,700504640.0,3.0,556900.0,poseidon,condorpool,poseidon-worker-2-container-0-3,um_vel,/opt/UM_VEL/UM_VEL,,1.8,0,0,,,,,,,,,
um_vel_ID0000112,None,compute,0,1694372614.0,,,1694372619.0,1694372623.0,1694372643.0,52212902.8,1694372621.0,1694372664.0,1694372652.0,1694372655.0,175223.0,1694372664.0,1694372669.0,5.0,,2.0,43.0,5.0,20.0,744537516.0,3.0,556900.0,poseidon,condorpool,poseidon-worker-1-container-0-3,um_vel,/opt/UM_VEL/UM_VEL,,1.8,0,0,,,,,,,,,
um_vel_ID0000062,None,compute,0,1694372614.0,,,1694372619.0,1694372622.0,1694372643.0,48921975.2,1694372621.0,1694372664.0,1694372651.0,1694372654.0,174639.0,1694372664.0,1694372669.0,5.0,,2.0,43.0,5.0,21.0,718532572.0,3.0,556900.0,poseidon,condorpool,poseidon-worker-2-container-16-19,um_vel,/opt/UM_VEL/UM_VEL,,1.7,0,0,,,,,,,,,
um_vel_ID0000102,None,compute,0,1694372614.0,,,1694372619.0,1694372622.0,1694372644.0,47796429.8,1694372621.0,1694372664.0,1694372652.0,1694372655.0,178777.0,1694372664.0,1694372669.0,5.0,,2.0,43.0,5.0,22.0,738138396.0,3.0,556900.0,poseidon,condorpool,poseidon-worker-1-container-40-43,um_vel,/opt/UM_VEL/UM_VEL,,1.7,0,0,,,,,,,,,
um_vel_ID0000067,None,compute,0,1694372614.0,,,1694372619.0,1694372622.0,1694372642.0,50865675.5,1694372621.0,1694372664.0,1694372651.0,1694372654.0,176195.0,1694372664.0,1694372669.0,5.0,,2.0,43.0,5.0,20.0,700248248.0,3.0,556900.0,poseidon,condorpool,poseidon-worker-1-container-16-19,um_vel,/opt/UM_VEL/UM_VEL,,1.8,0,0,,,,,,,,,
um_vel_ID0000107,None,compute,0,1694372614.0,,,1694372619.0,1694372622.0,1694372643.0,46731567.1,1694372621.0,1694372664.0,1694372651.0,1694372654.0,177450.0,1694372664.0,1694372669.0,5.0,,2.0,43.0,5.0,21.0,678408568.0,3.0,556900.0,poseidon,condorpool,poseidon-worker-2-container-24-27,um_vel,/opt/UM_VEL/UM_VEL,,1.7,0,0,,,,,,,,,
um_vel_ID0000002,None,compute,0,1694372614.0,,,1694372619.0,1694372623.0,1694372644.0,50110659.3,1694372621.0,1694372664.0,1694372652.0,1694372655.0,178183.0,1694372664.0,1694372669.0,5.0,,2.0,43.0,5.0,21.0,737941744.0,3.0,556900.0,poseidon,condorpool,poseidon-worker-2-container-40-43,um_vel,/opt/UM_VEL/UM_VEL,,1.8,0,0,,,,,,,,,
um_vel_ID0000117,None,compute,0,1694372614.0,,,1694372619.0,1694372623.0,1694372642.0,52083760.5,1694372622.0,1694372659.0,1694372651.0,1694372654.0,176624.0,1694372659.0,1694372664.0,5.0,,3.0,37.0,5.0,19.0,697437428.0,3.0,556900.0,poseidon,condorpool,poseidon-worker-2-container-32-35,um_vel,/opt/UM_VEL/UM_VEL,,1.7,0,0,,,,,,,,,
um_vel_ID0000077,cpu_2,compute,0,1694372614.0,,,1694372619.0,1694372623.0,1694372642.0,50520103.9,1694372621.0,1694372664.0,1694372651.0,1694372655.0,172888.0,1694372664.0,1694372669.0,5.0,,2.0,43.0,5.0,19.0,700529596.0,4.0,556900.0,poseidon,condorpool,poseidon-worker-1-container-24-27,um_vel,/opt/UM_VEL/UM_VEL,,1.7,0,0,,,,,,,,,
um_vel_ID0000007,None,compute,0,1694372619.0,,,1694372624.0,1694372627.0,1694372647.0,47531926.2,1694372625.0,1694372664.0,1694372655.0,1694372658.0,175474.0,1694372664.0,1694372669.0,5.0,,1.0,39.0,5.0,20.0,678203340.0,3.0,556900.0,poseidon,condorpool,poseidon-worker-2-container-36-39,um_vel,/opt/UM_VEL/UM_VEL,,1.7,0,0,,,,,,,,,
um_vel_ID0000032,None,compute,0,1694372619.0,,,1694372624.0,1694372627.0,1694372647.0,49407356.2,1694372625.0,1694372669.0,1694372656.0,1694372659.0,173713.0,1694372669.0,1694372674.0,5.0,,1.0,44.0,5.0,20.0,716025504.0,3.0,556900.0,poseidon,condorpool,poseidon-worker-1-container-28-31,um_vel,/opt/UM_VEL/UM_VEL,,1.7,0,0,,,,,,,,,
um_vel_ID0000122,None,compute,0,1694372619.0,,,1694372624.0,1694372627.0,1694372648.0,47913953.3,1694372625.0,1694372669.0,1694372656.0,1694372659.0,175766.0,1694372669.0,1694372674.0,5.0,,1.0,44.0,5.0,21.0,727369696.0,3.0,556900.0,poseidon,condorpool,poseidon-worker-1-container-8-11,um_vel,/opt/UM_VEL/UM_VEL,,1.7,0,0,,,,,,,,,
um_vel_ID0000072,None,compute,0,1694372619.0,,,1694372624.0,1694372627.0,1694372646.0,51522558.5,1694372625.0,1694372669.0,1694372655.0,1694372658.0,175493.0,1694372669.0,1694372674.0,5.0,,1.0,44.0,5.0,19.0,716093352.0,3.0,556900.0,poseidon,condorpool,poseidon-worker-1-container-36-39,um_vel,/opt/UM_VEL/UM_VEL,,1.8,0,0,,,,,,,,,
um_vel_ID0000092,cpu_2,compute,0,1694372619.0,,,1694372624.0,1694372627.0,1694372647.0,49338499.6,1694372625.0,1694372669.0,1694372656.0,1694372659.0,175682.0,1694372669.0,1694372674.0,5.0,,1.0,44.0,5.0,20.0,715696744.0,3.0,556900.0,poseidon,condorpool,poseidon-worker-1-container-24-27,um_vel,/opt/UM_VEL/UM_VEL,,1.7,0,0,,,,,,,,,
um_vel_ID0000037,None,compute,0,1694372619.0,,,1694372624.0,1694372627.0,1694372647.0,47396958.8,1694372625.0,1694372669.0,1694372656.0,1694372659.0,177230.0,1694372669.0,1694372674.0,5.0,,1.0,44.0,5.0,20.0,703538992.0,3.0,556900.0,poseidon,condorpool,poseidon-worker-1-container-44-47,um_vel,/opt/UM_VEL/UM_VEL,,1.7,0,0,,,,,,,,,
um_vel_ID0000012,None,compute,0,1694372619.0,,,1694372624.0,1694372627.0,1694372648.0,47678857.9,1694372625.0,1694372669.0,1694372657.0,1694372660.0,177920.0,1694372669.0,1694372674.0,5.0,,1.0,44.0,5.0,21.0,741792672.0,3.0,556900.0,poseidon,condorpool,poseidon-worker-2-container-8-11,um_vel,/opt/UM_VEL/UM_VEL,,1.7,0,0,,,,,,,,,
um_vel_ID0000022,cpu_2,compute,0,1694372624.0,,,1694372629.0,1694372632.0,1694372652.0,51025137.9,1694372630.0,1694372669.0,1694372660.0,1694372663.0,178762.0,1694372669.0,1694372674.0,5.0,,1.0,39.0,5.0,20.0,715764852.0,3.0,556900.0,poseidon,condorpool,poseidon-worker-2-container-28-31,um_vel,/opt/UM_VEL/UM_VEL,,1.7,0,0,,,,,,,,,
stage_out_local_condorpool_0_0,None,transfer,0,1694372624.0,,,1694372629.0,,,0.0,1694372630.0,1694372664.0,,,0.0,1694372664.0,1694372669.0,5.0,,1.0,34.0,5.0,,,,,poseidon,local,poseidon-submit,pegasus::transfer,/mnt/poseidon-data/poseidon/pegasus-5.1.0panorama/bin/pegasus-transfer,/home/poseidon/pegasus-5.1.0panorama/bin/../bin/pegasus-kickstart  -n pegasus::transfer -N null -i - -R local  -L casa-wind-full -T 2023-09-08T07:29:05+00:00 /home/poseidon/pegasus-5.1.0panorama/bin/../bin/pegasus-transfer  --threads 2,35.4,0,0,,,,,,,,,
stage_out_local_condorpool_0_1,None,transfer,0,1694372624.0,,,1694372629.0,,,0.0,1694372630.0,1694372664.0,,,0.0,1694372664.0,1694372669.0,5.0,,1.0,34.0,5.0,,,,,poseidon,local,poseidon-submit,pegasus::transfer,/mnt/poseidon-data/poseidon/pegasus-5.1.0panorama/bin/pegasus-transfer,/home/poseidon/pegasus-5.1.0panorama/bin/../bin/pegasus-kickstart  -n pegasus::transfer -N null -i - -R local  -L casa-wind-full -T 2023-09-08T07:29:05+00:00 /home/poseidon/pegasus-5.1.0panorama/bin/../bin/pegasus-transfer  --threads 2,34.6,0,0,,,,,,,,,
stage_out_local_condorpool_0_2,None,transfer,0,1694372624.0,,,1694372629.0,,,0.0,1694372630.0,1694372664.0,,,0.0,1694372664.0,1694372669.0,5.0,,1.0,34.0,5.0,,,,,poseidon,local,poseidon-submit,pegasus::transfer,/mnt/poseidon-data/poseidon/pegasus-5.1.0panorama/bin/pegasus-transfer,/home/poseidon/pegasus-5.1.0panorama/bin/../bin/pegasus-kickstart  -n pegasus::transfer -N null -i - -R local  -L casa-wind-full -T 2023-09-08T07:29:05+00:00 /home/poseidon/pegasus-5.1.0panorama/bin/../bin/pegasus-transfer  --threads 2,35.3,0,0,,,,,,,,,
um_vel_ID0000042,None,compute,0,1694372624.0,,,1694372629.0,1694372632.0,1694372653.0,46121904.9,1694372630.0,1694372674.0,1694372661.0,1694372664.0,179465.0,1694372674.0,1694372679.0,5.0,,1.0,44.0,5.0,21.0,717355680.0,3.0,556900.0,poseidon,condorpool,poseidon-worker-2-container-36-39,um_vel,/opt/UM_VEL/UM_VEL,,1.6,0,0,,,,,,,,,
post_vel_ID0000048,None,compute,0,1694372654.0,,,1694372659.0,1694372662.0,1694372674.0,26722454.6,1694372661.0,1694372689.0,1694372679.0,1694372683.0,3308.0,1694372689.0,1694372694.0,5.0,,2.0,28.0,5.0,12.0,177143937.0,4.0,10371.0,poseidon,condorpool,poseidon-worker-1-container-12-15,post_vel,/opt/netcdf2png/merged_netcdf2png,,0.1,0,0,,,,,,,,,
mvt_ID0000049,None,compute,0,1694372654.0,,,1694372659.0,1694372662.0,1694372674.0,26993589.2,1694372661.0,1694372729.0,1694372719.0,1694372722.0,7913.0,1694372729.0,1694372734.0,5.0,,2.0,68.0,5.0,12.0,177143652.0,3.0,24108.0,poseidon,condorpool,poseidon-worker-1-container-20-23,mvt,/opt/mvt/mvt,,40.0,0,0,0.0,795682.0,12288.0,443.0,3.0,39.7,0.2,19892.0,1228.8
mvt_ID0000089,None,compute,0,1694372659.0,,,1694372664.0,1694372667.0,1694372678.0,35028708.4,1694372665.0,1694372734.0,1694372723.0,1694372726.0,15557.0,1694372734.0,1694372739.0,5.0,,1.0,69.0,5.0,11.0,177143652.0,3.0,48475.0,poseidon,condorpool,poseidon-worker-2-container-20-23,mvt,/opt/mvt/mvt,,39.9,0,0,0.0,789140.0,24576.0,422.0,6.0,29.9,0.1,26304.7,2457.6
mvt_ID0000059,None,compute,0,1694372659.0,,,1694372664.0,1694372667.0,1694372678.0,35069783.8,1694372665.0,1694372734.0,1694372722.0,1694372725.0,9152.0,1694372734.0,1694372739.0,5.0,,1.0,69.0,5.0,11.0,177143652.0,3.0,28164.0,poseidon,condorpool,poseidon-worker-2-container-12-15,mvt,/opt/mvt/mvt,,39.4,0,0,0.0,791896.0,12288.0,428.0,3.0,29.9,0.1,26396.5,1228.8
post_vel_ID0000058,None,compute,0,1694372659.0,,,1694372664.0,1694372667.0,1694372678.0,34574423.4,1694372665.0,1694372694.0,1694372683.0,1694372686.0,3566.0,1694372694.0,1694372699.0,5.0,,1.0,29.0,5.0,11.0,177143937.0,3.0,10981.0,poseidon,condorpool,poseidon-worker-2-container-4-7,post_vel,/opt/netcdf2png/merged_netcdf2png,,0.1,0,0,,,,,,,,,
post_vel_ID0000098,None,compute,0,1694372659.0,,,1694372664.0,1694372667.0,1694372678.0,34922272.8,1694372665.0,1694372694.0,1694372683.0,1694372686.0,4293.0,1694372694.0,1694372699.0,5.0,,1.0,29.0,5.0,11.0,177143937.0,3.0,13355.0,poseidon,condorpool,poseidon-worker-2-container-24-27,post_vel,/opt/netcdf2png/merged_netcdf2png,,0.1,0,0,,,,,,,,,
post_vel_ID0000088,None,compute,0,1694372659.0,,,1694372664.0,1694372667.0,1694372678.0,33528558.0,1694372665.0,1694372694.0,1694372684.0,1694372687.0,4124.0,1694372694.0,1694372699.0,5.0,,1.0,29.0,5.0,11.0,177143937.0,3.0,12740.0,poseidon,condorpool,poseidon-worker-2-container-0-3,post_vel,/opt/netcdf2png/merged_netcdf2png,,0.1,0,0,,,,,,,,,
mvt_ID0000099,None,compute,0,1694372659.0,,,1694372664.0,1694372667.0,1694372678.0,35078441.8,1694372665.0,1694372734.0,1694372723.0,1694372726.0,16251.0,1694372734.0,1694372739.0,5.0,,1.0,69.0,5.0,11.0,177143652.0,3.0,50118.0,poseidon,condorpool,poseidon-worker-2-container-44-47,mvt,/opt/mvt/mvt,,39.9,0,0,0.0,790511.0,28672.0,425.0,7.0,29.9,0.0,26350.4,1433.6
post_vel_ID0000083,None,compute,0,1694372659.0,,,1694372664.0,1694372667.0,1694372678.0,34780333.2,1694372665.0,1694372694.0,1694372683.0,1694372686.0,4164.0,1694372694.0,1694372699.0,5.0,,1.0,29.0,5.0,11.0,177143937.0,3.0,12720.0,poseidon,condorpool,poseidon-worker-1-container-32-35,post_vel,/opt/netcdf2png/merged_netcdf2png,,0.1,0,0,,,,,,,,,
mvt_ID0000084,None,compute,0,1694372659.0,,,1694372664.0,1694372667.0,1694372678.0,35139459.8,1694372665.0,1694372734.0,1694372722.0,1694372725.0,15658.0,1694372734.0,1694372739.0,5.0,,1.0,69.0,5.0,11.0,177143652.0,3.0,47998.0,poseidon,condorpool,poseidon-worker-1-container-4-7,mvt,/opt/mvt/mvt,,39.5,0,0,0.0,789062.0,24576.0,422.0,6.0,29.9,0.1,26302.1,1228.8
mvt_ID0000129,None,compute,0,1694372664.0,,,1694372669.0,1694372672.0,1694372683.0,34548906.8,1694372670.0,1694372739.0,1694372729.0,1694372732.0,20893.0,1694372739.0,1694372744.0,5.0,,1.0,69.0,5.0,11.0,177143652.0,3.0,64489.0,poseidon,condorpool,poseidon-worker-2-container-16-19,mvt,/opt/mvt/mvt,,40.1,0,0,0.0,798420.0,36864.0,449.0,9.0,39.9,0.1,19960.5,3686.4
post_vel_ID0000053,None,compute,0,1694372664.0,,,1694372669.0,1694372672.0,1694372683.0,33297293.2,1694372671.0,1694372699.0,1694372689.0,1694372692.0,3477.0,1694372699.0,1694372704.0,5.0,,2.0,28.0,5.0,11.0,177143937.0,3.0,11004.0,poseidon,condorpool,poseidon-worker-1-container-40-43,post_vel,/opt/netcdf2png/merged_netcdf2png,,0.1,0,0,,,,,,,,,
mvt_ID0000119,cpu_2,compute,0,1694372664.0,,,1694372669.0,1694372673.0,1694372683.0,34027575.8,1694372671.0,1694372744.0,1694372730.0,1694372734.0,21309.0,1694372744.0,1694372749.0,5.0,,2.0,73.0,5.0,10.0,177143652.0,4.0,65525.0,poseidon,condorpool,poseidon-worker-1-container-24-27,mvt,/opt/mvt/mvt,,39.8,0,0,0.0,817741.0,36864.0,491.0,9.0,37.9,0.1,20443.5,3686.4
post_vel_ID0000118,None,compute,0,1694372664.0,,,1694372669.0,1694372672.0,1694372683.0,33496812.6,1694372670.0,1694372699.0,1694372689.0,1694372692.0,4517.0,1694372699.0,1694372704.0,5.0,,1.0,29.0,5.0,11.0,177143937.0,3.0,14402.0,poseidon,condorpool,poseidon-worker-2-container-8-11,post_vel,/opt/netcdf2png/merged_netcdf2png,,0.1,0,0,,,,,,,,,
post_vel_ID0000018,None,compute,0,1694372664.0,,,1694372669.0,1694372672.0,1694372685.0,23630166.3,1694372671.0,1694372704.0,1694372690.0,1694372694.0,3739.0,1694372704.0,1694372709.0,5.0,,2.0,33.0,5.0,13.0,177143937.0,4.0,11645.0,poseidon,condorpool,poseidon-worker-2-container-36-39,post_vel,/opt/netcdf2png/merged_netcdf2png,,0.1,0,0,,,,,,,,,
post_vel_ID0000128,None,compute,0,1694372664.0,,,1694372669.0,1694372672.0,1694372684.0,26753606.4,1694372670.0,1694372699.0,1694372690.0,1694372693.0,4750.0,1694372699.0,1694372704.0,5.0,,1.0,29.0,5.0,12.0,177143937.0,3.0,14512.0,poseidon,condorpool,poseidon-worker-2-container-40-43,post_vel,/opt/netcdf2png/merged_netcdf2png,,0.1,0,0,,,,,,,,,
mvt_ID0000019,None,compute,0,1694372664.0,,,1694372669.0,1694372672.0,1694372686.0,21630936.9,1694372671.0,1694372744.0,1694372731.0,1694372735.0,11813.0,1694372744.0,1694372749.0,5.0,,2.0,73.0,5.0,14.0,177143652.0,4.0,36245.0,poseidon,condorpool,poseidon-worker-1-container-0-3,mvt,/opt/mvt/mvt,,40.1,0,0,0.0,806513.0,20480.0,467.0,5.0,39.9,0.1,20162.8,1024.0
post_vel_ID0000028,None,compute,0,1694372664.0,,,1694372669.0,1694372672.0,1694372683.0,32592077.2,1694372670.0,1694372699.0,1694372689.0,1694372692.0,3623.0,1694372699.0,1694372704.0,5.0,,1.0,29.0,5.0,11.0,177143937.0,3.0,11529.0,poseidon,condorpool,poseidon-worker-2-container-32-35,post_vel,/opt/netcdf2png/merged_netcdf2png,,0.1,0,0,,,,,,,,,
mvt_ID0000029,cpu_2,compute,0,1694372664.0,,,1694372669.0,1694372673.0,1694372684.0,33988104.8,1694372671.0,1694372744.0,1694372731.0,1694372734.0,12545.0,1694372744.0,1694372749.0,5.0,,2.0,73.0,5.0,11.0,177143652.0,3.0,38341.0,poseidon,condorpool,poseidon-worker-1-container-24-27,mvt,/opt/mvt/mvt,,40.1,0,0,0.0,823248.0,20480.0,503.0,5.0,38.3,0.1,20581.2,1024.0
mvt_ID0000054,None,compute,0,1694372664.0,,,1694372669.0,1694372673.0,1694372684.0,28477832.7,1694372671.0,1694372739.0,1694372729.0,1694372732.0,9271.0,1694372739.0,1694372744.0,5.0,,2.0,68.0,5.0,11.0,177143652.0,3.0,28552.0,poseidon,condorpool,poseidon-worker-1-container-16-19,mvt,/opt/mvt/mvt,,39.7,0,0,0.0,791898.0,12288.0,428.0,3.0,29.9,0.1,26396.6,1228.8
mvt_ID0000104,None,compute,0,1694372669.0,,,1694372674.0,1694372692.0,1694372704.0,30268590.0,1694372691.0,1694372760.0,1694372749.0,1694372752.0,18825.0,1694372760.0,1694372765.0,5.0,,17.0,69.0,5.0,12.0,177143652.0,3.0,59590.0,poseidon,condorpool,poseidon-worker-1-container-20-23,mvt,/opt/mvt/mvt,,39.5,0,0,0.0,827639.0,32768.0,506.0,8.0,29.9,0.1,27588.0,3276.8
mvt_ID0000114,None,compute,0,1694372669.0,,,1694372674.0,1694372677.0,1694372689.0,33886249.2,1694372676.0,1694372744.0,1694372734.0,1694372737.0,23710.0,1694372744.0,1694372749.0,5.0,,2.0,68.0,5.0,12.0,177143652.0,3.0,73234.0,poseidon,condorpool,poseidon-worker-2-container-36-39,mvt,/opt/mvt/mvt,,40.1,0,0,0.0,845125.0,40960.0,551.0,10.0,39.9,0.1,21128.1,4096.0
post_vel_ID0000113,cpu_2,compute,0,1694372669.0,,,1694372674.0,1694372677.0,1694372688.0,35188895.8,1694372675.0,1694372704.0,1694372693.0,1694372696.0,4598.0,1694372704.0,1694372709.0,5.0,,1.0,29.0,5.0,11.0,177143937.0,3.0,14745.0,poseidon,condorpool,poseidon-worker-2-container-28-31,post_vel,/opt/netcdf2png/merged_netcdf2png,,0.1,0,0,,,,,,,,,
post_vel_ID0000078,cpu_2,compute,0,1694372669.0,,,1694372674.0,1694372698.0,1694372711.0,35024565.8,1694372694.0,1694372729.0,1694372717.0,1694372720.0,3758.0,1694372729.0,1694372734.0,5.0,,20.0,35.0,5.0,13.0,177143937.0,3.0,12264.0,poseidon,condorpool,poseidon-worker-1-container-24-27,post_vel,/opt/netcdf2png/merged_netcdf2png,,0.1,0,0,,,,,,,,,
mvt_ID0000079,None,compute,0,1694372669.0,,,1694372674.0,1694372692.0,1694372704.0,29096708.2,1694372690.0,1694372759.0,1694372748.0,1694372752.0,14536.0,1694372759.0,1694372765.0,5.0,,16.0,69.0,6.0,12.0,177143652.0,4.0,45337.0,poseidon,condorpool,poseidon-worker-1-container-44-47,mvt,/opt/mvt/mvt,,39.5,0,0,0.0,791980.0,24576.0,428.0,6.0,29.9,0.1,26399.3,1228.8
post_vel_ID0000103,None,compute,0,1694372669.0,,,1694372674.0,1694372692.0,1694372705.0,27133368.7,1694372691.0,1694372724.0,1694372710.0,1694372713.0,4481.0,1694372724.0,1694372729.0,5.0,,17.0,33.0,5.0,13.0,177143937.0,3.0,13815.0,poseidon,condorpool,poseidon-worker-1-container-32-35,post_vel,/opt/netcdf2png/merged_netcdf2png,,0.1,0,0,,,,,,,,,
post_vel_ID0000008,None,compute,0,1694372669.0,,,1694372674.0,1694372692.0,1694372704.0,27669955.0,1694372691.0,1694372719.0,1694372710.0,1694372713.0,3567.0,1694372719.0,1694372724.0,5.0,,17.0,28.0,5.0,12.0,177143937.0,3.0,10982.0,poseidon,condorpool,poseidon-worker-1-container-36-39,post_vel,/opt/netcdf2png/merged_netcdf2png,,0.1,0,0,,,,,,,,,
mvt_ID0000109,None,compute,0,1694372669.0,,,1694372674.0,1694372693.0,1694372705.0,28441990.0,1694372691.0,1694372759.0,1694372749.0,1694372752.0,18998.0,1694372759.0,1694372765.0,5.0,,17.0,68.0,6.0,12.0,177143652.0,3.0,59954.0,poseidon,condorpool,poseidon-worker-2-container-36-39,mvt,/opt/mvt/mvt,,38.5,0,0,0.0,852438.0,32768.0,560.0,8.0,29.9,0.1,28414.6,1638.4
register_condorpool_0_0,None,auxiliary,0,1694372669.0,,,1694372674.0,,,0.0,1694372675.0,1694372679.0,,,0.0,1694372679.0,1694372684.0,5.0,,1.0,4.0,5.0,,,,,poseidon,local,poseidon-submit,pegasus::rc-client,/mnt/poseidon-data/poseidon/pegasus-5.1.0panorama/bin/pegasus-rc-client,"-n pegasus::rc-client -N null -R local  -L casa-wind-full -T 2023-09-08T07:29:05+00:00 /home/poseidon/pegasus-5.1.0panorama/bin/pegasus-rc-client --prefix pegasus.catalog.replica.output --conf /mnt/poseidon-data/poseidon/workflows/casa-wind-workflow-full/submit/poseidon/pegasus/casa-wind-full/run0194/pegasus.456478506846518063.properties -v --meta /mnt/poseidon-data/poseidon/workflows/casa-wind-workflow-full/submit/poseidon/pegasus/casa-wind-full/run0194/00/00/unzip_ID0000026.meta,/mnt/poseidon-data/poseidon/workflows/casa-wind-workflow-full/submit/poseidon/pegasus/casa-wind-full/run0194/00/00/unzip_ID0000061.meta,/mnt/poseidon-data/poseidon/workflows/casa-wind-workflow-full/submit/poseidon/pegasus/casa-wind-full/run0194/00/00/unzip_ID0000071.meta,/mnt/poseidon-data/poseidon/workflows/casa-wind-workflow-full/submit/poseidon/pegasus/casa-wind-full/run0194/00/00/unzip_ID0000041.meta,/mnt/poseidon-data/poseidon/workflows/casa-wind-workflow-full/submit/poseidon/pegasus/casa-wind-full/run0194/00/00/unzip_ID0000016.meta,/mnt/poseidon-data/poseidon/workflows/casa-wind-workflow-full/submit/poseidon/pegasus/casa-wind-full/run0194/00/00/unzip_ID0000111.meta,/mnt/poseidon-data/poseidon/workflows/casa-wind-workflow-full/submit/poseidon/pegasus/casa-wind-full/run0194/00/00/unzip_ID0000011.meta,/mnt/poseidon-data/poseidon/workflows/casa-wind-workflow-full/submit/poseidon/pegasus/casa-wind-full/run0194/00/00/unzip_ID0000081.meta,/mnt/poseidon-data/poseidon/workflows/casa-wind-workflow-full/submit/poseidon/pegasus/casa-wind-full/run0194/00/00/unzip_ID0000066.meta,/mnt/poseidon-data/poseidon/workflows/casa-wind-workflow-full/submit/poseidon/pegasus/casa-wind-full/run0194/00/00/unzip_ID0000096.meta,/mnt/poseidon-data/poseidon/workflows/casa-wind-workflow-full/submit/poseidon/pegasus/casa-wind-full/run0194/00/00/unzip_ID0000051.meta,/mnt/poseidon-data/poseidon/workflows/casa-wind-workflow-full/submit/poseidon/pegasus/casa-wind-full/run0194/00/00/unzip_ID0000031.meta,/mnt/poseidon-data/poseidon/workflows/casa-wind-workflow-full/submit/poseidon/pegasus/casa-wind-full/run0194/00/00/unzip_ID0000116.meta,/mnt/poseidon-data/poseidon/workflows/casa-wind-workflow-full/submit/poseidon/pegasus/casa-wind-full/run0194/00/00/unzip_ID0000101.meta,/mnt/poseidon-data/poseidon/workflows/casa-wind-workflow-full/submit/poseidon/pegasus/casa-wind-full/run0194/00/00/unzip_ID0000121.meta,/mnt/poseidon-data/poseidon/workflows/casa-wind-workflow-full/submit/poseidon/pegasus/casa-wind-full/run0194/00/00/unzip_ID0000106.meta,/mnt/poseidon-data/poseidon/workflows/casa-wind-workflow-full/submit/poseidon/pegasus/casa-wind-full/run0194/00/00/unzip_ID0000046.meta,/mnt/poseidon-data/poseidon/workflows/casa-wind-workflow-full/submit/poseidon/pegasus/casa-wind-full/run0194/00/00/unzip_ID0000076.meta,/mnt/poseidon-data/poseidon/workflows/casa-wind-workflow-full/submit/poseidon/pegasus/casa-wind-full/run0194/00/00/unzip_ID0000056.meta,/mnt/poseidon-data/poseidon/workflows/casa-wind-workflow-full/submit/poseidon/pegasus/casa-wind-full/run0194/00/00/unzip_ID0000021.meta,/mnt/poseidon-data/poseidon/workflows/casa-wind-workflow-full/submit/poseidon/pegasus/casa-wind-full/run0194/00/00/unzip_ID0000086.meta,/mnt/poseidon-data/poseidon/workflows/casa-wind-workflow-full/submit/poseidon/pegasus/casa-wind-full/run0194/00/00/unzip_ID0000126.meta,/mnt/poseidon-data/poseidon/workflows/casa-wind-workflow-full/submit/poseidon/pegasus/casa-wind-full/run0194/00/00/unzip_ID0000006.meta,/mnt/poseidon-data/poseidon/workflows/casa-wind-workflow-full/submit/poseidon/pegasus/casa-wind-full/run0194/00/00/unzip_ID0000036.meta,/mnt/poseidon-data/poseidon/workflows/casa-wind-workflow-full/submit/poseidon/pegasus/casa-wind-full/run0194/00/00/unzip_ID0000001.meta,/mnt/poseidon-data/poseidon/workflows/casa-wind-workflow-full/submit/poseidon/pegasus/casa-wind-full/run0194/00/00/unzip_ID0000091.meta --insert /mnt/poseidon-data/poseidon/workflows/casa-wind-workflow-full/submit/poseidon/pegasus/casa-wind-full/run0194/00/00/register_condorpool_0_0.in",2.9,0,0,,,,,,,,,
register_condorpool_0_1,None,auxiliary,0,1694372669.0,,,1694372724.0,,,0.0,1694372724.0,1694372729.0,,,0.0,1694372729.0,1694372734.0,55.0,,0.0,5.0,5.0,,,,,poseidon,local,poseidon-submit,pegasus::rc-client,/mnt/poseidon-data/poseidon/pegasus-5.1.0panorama/bin/pegasus-rc-client,"-n pegasus::rc-client -N null -R local  -L casa-wind-full -T 2023-09-08T07:29:05+00:00 /home/poseidon/pegasus-5.1.0panorama/bin/pegasus-rc-client --prefix pegasus.catalog.replica.output --conf /mnt/poseidon-data/poseidon/workflows/casa-wind-workflow-full/submit/poseidon/pegasus/casa-wind-full/run0194/pegasus.456478506846518063.properties -v --meta /mnt/poseidon-data/poseidon/workflows/casa-wind-workflow-full/submit/poseidon/pegasus/casa-wind-full/run0194/00/00/unzip_ID0000026.meta,/mnt/poseidon-data/poseidon/workflows/casa-wind-workflow-full/submit/poseidon/pegasus/casa-wind-full/run0194/00/00/unzip_ID0000061.meta,/mnt/poseidon-data/poseidon/workflows/casa-wind-workflow-full/submit/poseidon/pegasus/casa-wind-full/run0194/00/00/unzip_ID0000071.meta,/mnt/poseidon-data/poseidon/workflows/casa-wind-workflow-full/submit/poseidon/pegasus/casa-wind-full/run0194/00/00/unzip_ID0000041.meta,/mnt/poseidon-data/poseidon/workflows/casa-wind-workflow-full/submit/poseidon/pegasus/casa-wind-full/run0194/00/00/unzip_ID0000016.meta,/mnt/poseidon-data/poseidon/workflows/casa-wind-workflow-full/submit/poseidon/pegasus/casa-wind-full/run0194/00/00/unzip_ID0000111.meta,/mnt/poseidon-data/poseidon/workflows/casa-wind-workflow-full/submit/poseidon/pegasus/casa-wind-full/run0194/00/00/unzip_ID0000011.meta,/mnt/poseidon-data/poseidon/workflows/casa-wind-workflow-full/submit/poseidon/pegasus/casa-wind-full/run0194/00/00/unzip_ID0000081.meta,/mnt/poseidon-data/poseidon/workflows/casa-wind-workflow-full/submit/poseidon/pegasus/casa-wind-full/run0194/00/00/unzip_ID0000066.meta,/mnt/poseidon-data/poseidon/workflows/casa-wind-workflow-full/submit/poseidon/pegasus/casa-wind-full/run0194/00/00/unzip_ID0000096.meta,/mnt/poseidon-data/poseidon/workflows/casa-wind-workflow-full/submit/poseidon/pegasus/casa-wind-full/run0194/00/00/unzip_ID0000051.meta,/mnt/poseidon-data/poseidon/workflows/casa-wind-workflow-full/submit/poseidon/pegasus/casa-wind-full/run0194/00/00/unzip_ID0000031.meta,/mnt/poseidon-data/poseidon/workflows/casa-wind-workflow-full/submit/poseidon/pegasus/casa-wind-full/run0194/00/00/unzip_ID0000116.meta,/mnt/poseidon-data/poseidon/workflows/casa-wind-workflow-full/submit/poseidon/pegasus/casa-wind-full/run0194/00/00/unzip_ID0000101.meta,/mnt/poseidon-data/poseidon/workflows/casa-wind-workflow-full/submit/poseidon/pegasus/casa-wind-full/run0194/00/00/unzip_ID0000121.meta,/mnt/poseidon-data/poseidon/workflows/casa-wind-workflow-full/submit/poseidon/pegasus/casa-wind-full/run0194/00/00/unzip_ID0000106.meta,/mnt/poseidon-data/poseidon/workflows/casa-wind-workflow-full/submit/poseidon/pegasus/casa-wind-full/run0194/00/00/unzip_ID0000046.meta,/mnt/poseidon-data/poseidon/workflows/casa-wind-workflow-full/submit/poseidon/pegasus/casa-wind-full/run0194/00/00/unzip_ID0000076.meta,/mnt/poseidon-data/poseidon/workflows/casa-wind-workflow-full/submit/poseidon/pegasus/casa-wind-full/run0194/00/00/unzip_ID0000056.meta,/mnt/poseidon-data/poseidon/workflows/casa-wind-workflow-full/submit/poseidon/pegasus/casa-wind-full/run0194/00/00/unzip_ID0000021.meta,/mnt/poseidon-data/poseidon/workflows/casa-wind-workflow-full/submit/poseidon/pegasus/casa-wind-full/run0194/00/00/unzip_ID0000086.meta,/mnt/poseidon-data/poseidon/workflows/casa-wind-workflow-full/submit/poseidon/pegasus/casa-wind-full/run0194/00/00/unzip_ID0000126.meta,/mnt/poseidon-data/poseidon/workflows/casa-wind-workflow-full/submit/poseidon/pegasus/casa-wind-full/run0194/00/00/unzip_ID0000006.meta,/mnt/poseidon-data/poseidon/workflows/casa-wind-workflow-full/submit/poseidon/pegasus/casa-wind-full/run0194/00/00/unzip_ID0000036.meta,/mnt/poseidon-data/poseidon/workflows/casa-wind-workflow-full/submit/poseidon/pegasus/casa-wind-full/run0194/00/00/unzip_ID0000001.meta,/mnt/poseidon-data/poseidon/workflows/casa-wind-workflow-full/submit/poseidon/pegasus/casa-wind-full/run0194/00/00/unzip_ID0000091.meta --insert /mnt/poseidon-data/poseidon/workflows/casa-wind-workflow-full/submit/poseidon/pegasus/casa-wind-full/run0194/00/00/register_condorpool_0_1.in",3.0,0,0,,,,,,,,,
register_condorpool_0_2,None,auxiliary,0,1694372669.0,,,1694372684.0,,,0.0,1694372685.0,1694372689.0,,,0.0,1694372689.0,1694372694.0,15.0,,1.0,4.0,5.0,,,,,poseidon,local,poseidon-submit,pegasus::rc-client,/mnt/poseidon-data/poseidon/pegasus-5.1.0panorama/bin/pegasus-rc-client,"-n pegasus::rc-client -N null -R local  -L casa-wind-full -T 2023-09-08T07:29:05+00:00 /home/poseidon/pegasus-5.1.0panorama/bin/pegasus-rc-client --prefix pegasus.catalog.replica.output --conf /mnt/poseidon-data/poseidon/workflows/casa-wind-workflow-full/submit/poseidon/pegasus/casa-wind-full/run0194/pegasus.456478506846518063.properties -v --meta /mnt/poseidon-data/poseidon/workflows/casa-wind-workflow-full/submit/poseidon/pegasus/casa-wind-full/run0194/00/00/unzip_ID0000026.meta,/mnt/poseidon-data/poseidon/workflows/casa-wind-workflow-full/submit/poseidon/pegasus/casa-wind-full/run0194/00/00/unzip_ID0000061.meta,/mnt/poseidon-data/poseidon/workflows/casa-wind-workflow-full/submit/poseidon/pegasus/casa-wind-full/run0194/00/00/unzip_ID0000071.meta,/mnt/poseidon-data/poseidon/workflows/casa-wind-workflow-full/submit/poseidon/pegasus/casa-wind-full/run0194/00/00/unzip_ID0000041.meta,/mnt/poseidon-data/poseidon/workflows/casa-wind-workflow-full/submit/poseidon/pegasus/casa-wind-full/run0194/00/00/unzip_ID0000016.meta,/mnt/poseidon-data/poseidon/workflows/casa-wind-workflow-full/submit/poseidon/pegasus/casa-wind-full/run0194/00/00/unzip_ID0000111.meta,/mnt/poseidon-data/poseidon/workflows/casa-wind-workflow-full/submit/poseidon/pegasus/casa-wind-full/run0194/00/00/unzip_ID0000011.meta,/mnt/poseidon-data/poseidon/workflows/casa-wind-workflow-full/submit/poseidon/pegasus/casa-wind-full/run0194/00/00/unzip_ID0000081.meta,/mnt/poseidon-data/poseidon/workflows/casa-wind-workflow-full/submit/poseidon/pegasus/casa-wind-full/run0194/00/00/unzip_ID0000066.meta,/mnt/poseidon-data/poseidon/workflows/casa-wind-workflow-full/submit/poseidon/pegasus/casa-wind-full/run0194/00/00/unzip_ID0000096.meta,/mnt/poseidon-data/poseidon/workflows/casa-wind-workflow-full/submit/poseidon/pegasus/casa-wind-full/run0194/00/00/unzip_ID0000051.meta,/mnt/poseidon-data/poseidon/workflows/casa-wind-workflow-full/submit/poseidon/pegasus/casa-wind-full/run0194/00/00/unzip_ID0000031.meta,/mnt/poseidon-data/poseidon/workflows/casa-wind-workflow-full/submit/poseidon/pegasus/casa-wind-full/run0194/00/00/unzip_ID0000116.meta,/mnt/poseidon-data/poseidon/workflows/casa-wind-workflow-full/submit/poseidon/pegasus/casa-wind-full/run0194/00/00/unzip_ID0000101.meta,/mnt/poseidon-data/poseidon/workflows/casa-wind-workflow-full/submit/poseidon/pegasus/casa-wind-full/run0194/00/00/unzip_ID0000121.meta,/mnt/poseidon-data/poseidon/workflows/casa-wind-workflow-full/submit/poseidon/pegasus/casa-wind-full/run0194/00/00/unzip_ID0000106.meta,/mnt/poseidon-data/poseidon/workflows/casa-wind-workflow-full/submit/poseidon/pegasus/casa-wind-full/run0194/00/00/unzip_ID0000046.meta,/mnt/poseidon-data/poseidon/workflows/casa-wind-workflow-full/submit/poseidon/pegasus/casa-wind-full/run0194/00/00/unzip_ID0000076.meta,/mnt/poseidon-data/poseidon/workflows/casa-wind-workflow-full/submit/poseidon/pegasus/casa-wind-full/run0194/00/00/unzip_ID0000056.meta,/mnt/poseidon-data/poseidon/workflows/casa-wind-workflow-full/submit/poseidon/pegasus/casa-wind-full/run0194/00/00/unzip_ID0000021.meta,/mnt/poseidon-data/poseidon/workflows/casa-wind-workflow-full/submit/poseidon/pegasus/casa-wind-full/run0194/00/00/unzip_ID0000086.meta,/mnt/poseidon-data/poseidon/workflows/casa-wind-workflow-full/submit/poseidon/pegasus/casa-wind-full/run0194/00/00/unzip_ID0000126.meta,/mnt/poseidon-data/poseidon/workflows/casa-wind-workflow-full/submit/poseidon/pegasus/casa-wind-full/run0194/00/00/unzip_ID0000006.meta,/mnt/poseidon-data/poseidon/workflows/casa-wind-workflow-full/submit/poseidon/pegasus/casa-wind-full/run0194/00/00/unzip_ID0000036.meta,/mnt/poseidon-data/poseidon/workflows/casa-wind-workflow-full/submit/poseidon/pegasus/casa-wind-full/run0194/00/00/unzip_ID0000001.meta,/mnt/poseidon-data/poseidon/workflows/casa-wind-workflow-full/submit/poseidon/pegasus/casa-wind-full/run0194/00/00/unzip_ID0000091.meta --insert /mnt/poseidon-data/poseidon/workflows/casa-wind-workflow-full/submit/poseidon/pegasus/casa-wind-full/run0194/00/00/register_condorpool_0_2.in",2.9,0,0,,,,,,,,,
mvt_ID0000064,None,compute,0,1694372669.0,,,1694372674.0,1694372677.0,1694372688.0,34608149.4,1694372675.0,1694372744.0,1694372733.0,1694372736.0,10174.0,1694372744.0,1694372749.0,5.0,,1.0,69.0,5.0,11.0,177143652.0,3.0,31148.0,poseidon,condorpool,poseidon-worker-1-container-8-11,mvt,/opt/mvt/mvt,,40.1,0,0,0.0,806583.0,16384.0,467.0,4.0,39.8,0.2,20164.6,819.2
post_vel_ID0000003,None,compute,0,1694372669.0,,,1694372674.0,1694372692.0,1694372703.0,35218619.8,1694372690.0,1694372719.0,1694372709.0,1694372712.0,3588.0,1694372719.0,1694372724.0,5.0,,16.0,29.0,5.0,11.0,177143937.0,3.0,10865.0,poseidon,condorpool,poseidon-worker-1-container-40-43,post_vel,/opt/netcdf2png/merged_netcdf2png,,0.1,0,0,,,,,,,,,
mvt_ID0000004,cpu_2,compute,0,1694372669.0,,,1694372674.0,1694372693.0,1694372704.0,30120628.4,1694372690.0,1694372760.0,1694372749.0,1694372752.0,9172.0,1694372760.0,1694372765.0,5.0,,16.0,70.0,5.0,11.0,177143652.0,3.0,28781.0,poseidon,condorpool,poseidon-worker-2-container-28-31,mvt,/opt/mvt/mvt,,39.9,0,0,0.0,789221.0,16384.0,422.0,4.0,29.9,0.1,26307.4,819.2
mvt_ID0000069,None,compute,0,1694372669.0,,,1694372674.0,1694372677.0,1694372688.0,35044748.8,1694372676.0,1694372744.0,1694372733.0,1694372736.0,11410.0,1694372744.0,1694372749.0,5.0,,2.0,68.0,5.0,11.0,177143652.0,3.0,35309.0,poseidon,condorpool,poseidon-worker-1-container-28-31,mvt,/opt/mvt/mvt,,39.7,0,0,0.0,802851.0,16384.0,452.0,4.0,29.9,0.1,26761.7,819.2
post_vel_ID0000068,None,compute,0,1694372669.0,,,1694372674.0,1694372677.0,1694372688.0,35057091.2,1694372676.0,1694372704.0,1694372694.0,1694372697.0,3656.0,1694372704.0,1694372709.0,5.0,,2.0,28.0,5.0,11.0,177143937.0,3.0,11398.0,poseidon,condorpool,poseidon-worker-1-container-44-47,post_vel,/opt/netcdf2png/merged_netcdf2png,,0.1,0,0,,,,,,,,,
mvt_ID0000009,None,compute,0,1694372669.0,,,1694372674.0,1694372693.0,1694372704.0,29640616.0,1694372691.0,1694372760.0,1694372749.0,1694372752.0,11227.0,1694372760.0,1694372765.0,5.0,,17.0,69.0,5.0,11.0,177143652.0,3.0,35429.0,poseidon,condorpool,poseidon-worker-2-container-32-35,mvt,/opt/mvt/mvt,,39.9,0,0,0.0,791976.0,20480.0,428.0,5.0,29.9,0.1,26399.2,1024.0
post_vel_ID0000063,None,compute,0,1694372669.0,,,1694372674.0,1694372677.0,1694372688.0,34670203.0,1694372675.0,1694372704.0,1694372693.0,1694372696.0,3618.0,1694372704.0,1694372709.0,5.0,,1.0,29.0,5.0,11.0,177143937.0,3.0,11628.0,poseidon,condorpool,poseidon-worker-1-container-36-39,post_vel,/opt/netcdf2png/merged_netcdf2png,,0.1,0,0,,,,,,,,,
post_vel_ID0000108,None,compute,0,1694372669.0,,,1694372674.0,1694372690.0,1694372702.0,33009340.0,1694372689.0,1694372719.0,1694372707.0,1694372710.0,4452.0,1694372719.0,1694372724.0,5.0,,15.0,30.0,5.0,12.0,177143937.0,3.0,13907.0,poseidon,condorpool,poseidon-worker-1-container-12-15,post_vel,/opt/netcdf2png/merged_netcdf2png,,0.1,0,0,,,,,,,,,
stage_out_local_condorpool_1_2,None,transfer,0,1694372674.0,,,1694372679.0,,,0.0,1694372680.0,1694372684.0,,,0.0,1694372684.0,1694372689.0,5.0,,1.0,4.0,5.0,,,,,poseidon,local,poseidon-submit,pegasus::transfer,/mnt/poseidon-data/poseidon/pegasus-5.1.0panorama/bin/pegasus-transfer,/home/poseidon/pegasus-5.1.0panorama/bin/../bin/pegasus-kickstart  -n pegasus::transfer -N null -i - -R local  -L casa-wind-full -T 2023-09-08T07:29:05+00:00 /home/poseidon/pegasus-5.1.0panorama/bin/../bin/pegasus-transfer  --threads 2,0.8,0,0,,,,,,,,,
stage_out_local_condorpool_1_1,None,transfer,0,1694372674.0,,,1694372679.0,,,0.0,1694372680.0,1694372684.0,,,0.0,1694372684.0,1694372689.0,5.0,,1.0,4.0,5.0,,,,,poseidon,local,poseidon-submit,pegasus::transfer,/mnt/poseidon-data/poseidon/pegasus-5.1.0panorama/bin/pegasus-transfer,/home/poseidon/pegasus-5.1.0panorama/bin/../bin/pegasus-kickstart  -n pegasus::transfer -N null -i - -R local  -L casa-wind-full -T 2023-09-08T07:29:05+00:00 /home/poseidon/pegasus-5.1.0panorama/bin/../bin/pegasus-transfer  --threads 2,0.9,0,0,,,,,,,,,
post_vel_ID0000123,None,compute,0,1694372674.0,,,1694372679.0,1694372693.0,1694372705.0,33325149.6,1694372692.0,1694372724.0,1694372710.0,1694372713.0,4755.0,1694372724.0,1694372729.0,5.0,,13.0,32.0,5.0,12.0,177143937.0,3.0,14777.0,poseidon,condorpool,poseidon-worker-1-container-16-19,post_vel,/opt/netcdf2png/merged_netcdf2png,,0.1,0,0,,,,,,,,,
mvt_ID0000024,None,compute,0,1694372674.0,,,1694372679.0,1694372693.0,1694372705.0,26932280.4,1694372691.0,1694372760.0,1694372750.0,1694372753.0,9963.0,1694372760.0,1694372765.0,5.0,,12.0,69.0,5.0,12.0,177143652.0,3.0,30705.0,poseidon,condorpool,poseidon-worker-2-container-40-43,mvt,/opt/mvt/mvt,,39.9,0,0,0.0,790588.0,16384.0,425.0,4.0,29.9,0.1,26352.9,819.2
post_vel_ID0000033,None,compute,0,1694372674.0,,,1694372679.0,1694372694.0,1694372705.0,29754951.0,1694372692.0,1694372724.0,1694372710.0,1694372713.0,3712.0,1694372724.0,1694372729.0,5.0,,13.0,32.0,5.0,11.0,177143937.0,3.0,11464.0,poseidon,condorpool,poseidon-worker-2-container-20-23,post_vel,/opt/netcdf2png/merged_netcdf2png,,0.1,0,0,,,,,,,,,
mvt_ID0000014,None,compute,0,1694372674.0,,,1694372679.0,1694372692.0,1694372704.0,28956565.0,1694372690.0,1694372760.0,1694372749.0,1694372752.0,10160.0,1694372760.0,1694372765.0,5.0,,11.0,70.0,5.0,12.0,177143652.0,3.0,31991.0,poseidon,condorpool,poseidon-worker-2-container-8-11,mvt,/opt/mvt/mvt,,39.9,0,0,0.0,791934.0,16384.0,428.0,4.0,29.9,0.1,26397.8,819.2
post_vel_ID0000013,None,compute,0,1694372674.0,,,1694372679.0,1694372694.0,1694372705.0,29923661.0,1694372692.0,1694372719.0,1694372710.0,1694372713.0,3584.0,1694372719.0,1694372724.0,5.0,,13.0,27.0,5.0,11.0,177143937.0,3.0,11040.0,poseidon,condorpool,poseidon-worker-2-container-0-3,post_vel,/opt/netcdf2png/merged_netcdf2png,,0.1,0,0,,,,,,,,,
mvt_ID0000034,None,compute,0,1694372674.0,,,1694372679.0,1694372693.0,1694372705.0,26176656.0,1694372691.0,1694372760.0,1694372750.0,1694372753.0,9924.0,1694372760.0,1694372765.0,5.0,,12.0,69.0,5.0,12.0,177143652.0,3.0,30976.0,poseidon,condorpool,poseidon-worker-1-container-4-7,mvt,/opt/mvt/mvt,,39.6,0,0,0.0,824752.0,16384.0,500.0,4.0,29.9,0.1,27491.7,819.2
mvt_ID0000124,None,compute,0,1694372674.0,,,1694372679.0,1694372693.0,1694372705.0,31324474.2,1694372691.0,1694372760.0,1694372750.0,1694372753.0,22665.0,1694372760.0,1694372765.0,5.0,,12.0,69.0,5.0,12.0,177143652.0,3.0,70564.0,poseidon,condorpool,poseidon-worker-2-container-12-15,mvt,/opt/mvt/mvt,,40.5,0,0,0.0,825924.0,40960.0,509.0,10.0,39.9,0.1,20648.1,4096.0
mvt_ID0000074,None,compute,0,1694372674.0,,,1694372679.0,1694372693.0,1694372705.0,27564518.7,1694372691.0,1694372760.0,1694372750.0,1694372753.0,12376.0,1694372760.0,1694372765.0,5.0,,12.0,69.0,5.0,12.0,177143652.0,3.0,38855.0,poseidon,condorpool,poseidon-worker-1-container-8-11,mvt,/opt/mvt/mvt,,39.4,0,0,0.0,820698.0,20480.0,491.0,5.0,29.9,0.1,27356.6,1024.0
post_vel_ID0000073,None,compute,0,1694372674.0,,,1694372679.0,1694372692.0,1694372704.0,35401947.2,1694372690.0,1694372719.0,1694372709.0,1694372712.0,3875.0,1694372719.0,1694372724.0,5.0,,11.0,29.0,5.0,12.0,177143937.0,3.0,11825.0,poseidon,condorpool,poseidon-worker-2-container-44-47,post_vel,/opt/netcdf2png/merged_netcdf2png,,0.1,0,0,,,,,,,,,
post_vel_ID0000023,None,compute,0,1694372674.0,,,1694372679.0,1694372692.0,1694372704.0,31862732.2,1694372691.0,1694372719.0,1694372709.0,1694372712.0,3713.0,1694372719.0,1694372724.0,5.0,,12.0,28.0,5.0,12.0,177143937.0,3.0,11372.0,poseidon,condorpool,poseidon-worker-1-container-12-15,post_vel,/opt/netcdf2png/merged_netcdf2png,,0.1,0,0,,,,,,,,,
mvt_ID0000094,None,compute,0,1694372674.0,,,1694372679.0,1694372692.0,1694372704.0,27506952.4,1694372690.0,1694372760.0,1694372749.0,1694372752.0,16688.0,1694372760.0,1694372765.0,5.0,,11.0,70.0,5.0,12.0,177143652.0,3.0,52407.0,poseidon,condorpool,poseidon-worker-1-container-0-3,mvt,/opt/mvt/mvt,,39.6,0,0,0.0,824757.0,28672.0,500.0,7.0,29.9,0.1,27491.9,1433.6
post_vel_ID0000093,None,compute,0,1694372674.0,,,1694372679.0,1694372693.0,1694372704.0,29638256.5,1694372691.0,1694372719.0,1694372709.0,1694372713.0,4317.0,1694372719.0,1694372724.0,5.0,,12.0,28.0,5.0,11.0,177143937.0,4.0,13303.0,poseidon,condorpool,poseidon-worker-2-container-24-27,post_vel,/opt/netcdf2png/merged_netcdf2png,,0.1,0,0,,,,,,,,,
post_vel_ID0000038,None,compute,0,1694372674.0,,,1694372679.0,1694372693.0,1694372704.0,29608809.5,1694372690.0,1694372719.0,1694372709.0,1694372712.0,3653.0,1694372719.0,1694372724.0,5.0,,11.0,29.0,5.0,11.0,177143937.0,3.0,11227.0,poseidon,condorpool,poseidon-worker-2-container-16-19,post_vel,/opt/netcdf2png/merged_netcdf2png,,0.1,0,0,,,,,,,,,
mvt_ID0000039,None,compute,0,1694372674.0,,,1694372679.0,1694372693.0,1694372704.0,29672218.5,1694372692.0,1694372760.0,1694372749.0,1694372752.0,10954.0,1694372760.0,1694372765.0,5.0,,13.0,68.0,5.0,11.0,177143652.0,3.0,34386.0,poseidon,condorpool,poseidon-worker-1-container-28-31,mvt,/opt/mvt/mvt,,39.7,0,0,0.0,822129.0,16384.0,494.0,4.0,29.9,0.1,27404.3,819.2
stage_out_local_condorpool_1_0,None,transfer,0,1694372679.0,,,1694372684.0,,,0.0,1694372685.0,1694372694.0,,,0.0,1694372694.0,1694372699.0,5.0,,1.0,9.0,5.0,,,,,poseidon,local,poseidon-submit,pegasus::transfer,/mnt/poseidon-data/poseidon/pegasus-5.1.0panorama/bin/pegasus-transfer,/home/poseidon/pegasus-5.1.0panorama/bin/../bin/pegasus-kickstart  -n pegasus::transfer -N null -i - -R local  -L casa-wind-full -T 2023-09-08T07:29:05+00:00 /home/poseidon/pegasus-5.1.0panorama/bin/../bin/pegasus-transfer  --threads 2,0.9,0,0,,,,,,,,,
post_vel_ID0000043,None,compute,0,1694372679.0,,,1694372684.0,1694372695.0,1694372706.0,28210981.8,1694372693.0,1694372724.0,1694372712.0,1694372715.0,3654.0,1694372724.0,1694372729.0,5.0,,9.0,31.0,5.0,11.0,177143937.0,3.0,11050.0,poseidon,condorpool,poseidon-worker-2-container-36-39,post_vel,/opt/netcdf2png/merged_netcdf2png,,0.1,0,0,,,,,,,,,
mvt_ID0000044,None,compute,0,1694372679.0,,,1694372684.0,1694372694.0,1694372704.0,29597638.5,1694372692.0,1694372759.0,1694372748.0,1694372751.0,8836.0,1694372759.0,1694372765.0,5.0,,8.0,67.0,6.0,10.0,177143652.0,3.0,28113.0,poseidon,condorpool,poseidon-worker-2-container-4-7,mvt,/opt/mvt/mvt,,38.4,0,0,0.0,791890.0,12288.0,428.0,3.0,29.9,0.1,26396.3,1228.8
register_condorpool_1_1,None,auxiliary,0,1694372689.0,,,1694372694.0,,,0.0,1694372694.0,1694372699.0,,,0.0,1694372699.0,1694372704.0,5.0,,0.0,5.0,5.0,,,,,poseidon,local,poseidon-submit,pegasus::rc-client,/mnt/poseidon-data/poseidon/pegasus-5.1.0panorama/bin/pegasus-rc-client,"-n pegasus::rc-client -N null -R local  -L casa-wind-full -T 2023-09-08T07:29:05+00:00 /home/poseidon/pegasus-5.1.0panorama/bin/pegasus-rc-client --prefix pegasus.catalog.replica.output --conf /mnt/poseidon-data/poseidon/workflows/casa-wind-workflow-full/submit/poseidon/pegasus/casa-wind-full/run0194/pegasus.456478506846518063.properties -v --meta /mnt/poseidon-data/poseidon/workflows/casa-wind-workflow-full/submit/poseidon/pegasus/casa-wind-full/run0194/00/00/um_vel_ID0000017.meta,/mnt/poseidon-data/poseidon/workflows/casa-wind-workflow-full/submit/poseidon/pegasus/casa-wind-full/run0194/00/01/um_vel_ID0000037.meta,/mnt/poseidon-data/poseidon/workflows/casa-wind-workflow-full/submit/poseidon/pegasus/casa-wind-full/run0194/00/00/um_vel_ID0000082.meta,/mnt/poseidon-data/poseidon/workflows/casa-wind-workflow-full/submit/poseidon/pegasus/casa-wind-full/run0194/00/00/um_vel_ID0000097.meta,/mnt/poseidon-data/poseidon/workflows/casa-wind-workflow-full/submit/poseidon/pegasus/casa-wind-full/run0194/00/01/um_vel_ID0000047.meta,/mnt/poseidon-data/poseidon/workflows/casa-wind-workflow-full/submit/poseidon/pegasus/casa-wind-full/run0194/00/00/um_vel_ID0000087.meta,/mnt/poseidon-data/poseidon/workflows/casa-wind-workflow-full/submit/poseidon/pegasus/casa-wind-full/run0194/00/01/um_vel_ID0000007.meta,/mnt/poseidon-data/poseidon/workflows/casa-wind-workflow-full/submit/poseidon/pegasus/casa-wind-full/run0194/00/01/um_vel_ID0000072.meta,/mnt/poseidon-data/poseidon/workflows/casa-wind-workflow-full/submit/poseidon/pegasus/casa-wind-full/run0194/00/01/um_vel_ID0000102.meta --insert /mnt/poseidon-data/poseidon/workflows/casa-wind-workflow-full/submit/poseidon/pegasus/casa-wind-full/run0194/00/01/register_condorpool_1_1.in",2.7,0,0,,,,,,,,,
register_condorpool_1_2,None,auxiliary,0,1694372689.0,,,1694372704.0,,,0.0,1694372705.0,1694372709.0,,,0.0,1694372709.0,1694372714.0,15.0,,1.0,4.0,5.0,,,,,poseidon,local,poseidon-submit,pegasus::rc-client,/mnt/poseidon-data/poseidon/pegasus-5.1.0panorama/bin/pegasus-rc-client,"-n pegasus::rc-client -N null -R local  -L casa-wind-full -T 2023-09-08T07:29:05+00:00 /home/poseidon/pegasus-5.1.0panorama/bin/pegasus-rc-client --prefix pegasus.catalog.replica.output --conf /mnt/poseidon-data/poseidon/workflows/casa-wind-workflow-full/submit/poseidon/pegasus/casa-wind-full/run0194/pegasus.456478506846518063.properties -v --meta /mnt/poseidon-data/poseidon/workflows/casa-wind-workflow-full/submit/poseidon/pegasus/casa-wind-full/run0194/00/00/um_vel_ID0000117.meta,/mnt/poseidon-data/poseidon/workflows/casa-wind-workflow-full/submit/poseidon/pegasus/casa-wind-full/run0194/00/01/um_vel_ID0000052.meta,/mnt/poseidon-data/poseidon/workflows/casa-wind-workflow-full/submit/poseidon/pegasus/casa-wind-full/run0194/00/00/um_vel_ID0000002.meta,/mnt/poseidon-data/poseidon/workflows/casa-wind-workflow-full/submit/poseidon/pegasus/casa-wind-full/run0194/00/00/um_vel_ID0000012.meta,/mnt/poseidon-data/poseidon/workflows/casa-wind-workflow-full/submit/poseidon/pegasus/casa-wind-full/run0194/00/00/um_vel_ID0000032.meta,/mnt/poseidon-data/poseidon/workflows/casa-wind-workflow-full/submit/poseidon/pegasus/casa-wind-full/run0194/00/01/um_vel_ID0000062.meta,/mnt/poseidon-data/poseidon/workflows/casa-wind-workflow-full/submit/poseidon/pegasus/casa-wind-full/run0194/00/01/um_vel_ID0000112.meta,/mnt/poseidon-data/poseidon/workflows/casa-wind-workflow-full/submit/poseidon/pegasus/casa-wind-full/run0194/00/01/um_vel_ID0000107.meta --insert /mnt/poseidon-data/poseidon/workflows/casa-wind-workflow-full/submit/poseidon/pegasus/casa-wind-full/run0194/00/01/register_condorpool_1_2.in",2.7,0,0,,,,,,,,,
register_condorpool_1_0,None,auxiliary,0,1694372699.0,,,1694372714.0,,,0.0,1694372714.0,1694372719.0,,,0.0,1694372719.0,1694372724.0,15.0,,0.0,5.0,5.0,,,,,poseidon,local,poseidon-submit,pegasus::rc-client,/mnt/poseidon-data/poseidon/pegasus-5.1.0panorama/bin/pegasus-rc-client,"-n pegasus::rc-client -N null -R local  -L casa-wind-full -T 2023-09-08T07:29:05+00:00 /home/poseidon/pegasus-5.1.0panorama/bin/pegasus-rc-client --prefix pegasus.catalog.replica.output --conf /mnt/poseidon-data/poseidon/workflows/casa-wind-workflow-full/submit/poseidon/pegasus/casa-wind-full/run0194/pegasus.456478506846518063.properties -v --meta /mnt/poseidon-data/poseidon/workflows/casa-wind-workflow-full/submit/poseidon/pegasus/casa-wind-full/run0194/00/01/um_vel_ID0000067.meta,/mnt/poseidon-data/poseidon/workflows/casa-wind-workflow-full/submit/poseidon/pegasus/casa-wind-full/run0194/00/00/um_vel_ID0000127.meta,/mnt/poseidon-data/poseidon/workflows/casa-wind-workflow-full/submit/poseidon/pegasus/casa-wind-full/run0194/00/00/um_vel_ID0000122.meta,/mnt/poseidon-data/poseidon/workflows/casa-wind-workflow-full/submit/poseidon/pegasus/casa-wind-full/run0194/00/00/um_vel_ID0000092.meta,/mnt/poseidon-data/poseidon/workflows/casa-wind-workflow-full/submit/poseidon/pegasus/casa-wind-full/run0194/00/01/um_vel_ID0000077.meta,/mnt/poseidon-data/poseidon/workflows/casa-wind-workflow-full/submit/poseidon/pegasus/casa-wind-full/run0194/00/01/um_vel_ID0000057.meta,/mnt/poseidon-data/poseidon/workflows/casa-wind-workflow-full/submit/poseidon/pegasus/casa-wind-full/run0194/00/00/um_vel_ID0000027.meta,/mnt/poseidon-data/poseidon/workflows/casa-wind-workflow-full/submit/poseidon/pegasus/casa-wind-full/run0194/00/01/um_vel_ID0000042.meta,/mnt/poseidon-data/poseidon/workflows/casa-wind-workflow-full/submit/poseidon/pegasus/casa-wind-full/run0194/00/00/um_vel_ID0000022.meta --insert /mnt/poseidon-data/poseidon/workflows/casa-wind-workflow-full/submit/poseidon/pegasus/casa-wind-full/run0194/00/01/register_condorpool_1_0.in",2.6,0,0,,,,,,,,,
point_alert_ID0000050,None,compute,0,1694372734.0,,,1694372739.0,1694372741.0,1694372753.0,34495563.2,1694372740.0,1694372770.0,1694372758.0,1694372761.0,6772.0,1694372770.0,1694372775.0,5.0,,1.0,30.0,5.0,12.0,176632091.0,3.0,20878.0,poseidon,condorpool,poseidon-worker-1-container-20-23,point_alert,/opt/pointAlert/pointAlert,,0.0,0,0,,,,,,,,,
point_alert_ID0000085,None,compute,0,1694372739.0,,,1694372744.0,1694372747.0,1694372758.0,29639122.0,1694372745.0,1694372775.0,1694372763.0,1694372766.0,6874.0,1694372775.0,1694372780.0,5.0,,1.0,30.0,5.0,11.0,176655981.0,3.0,21118.0,poseidon,condorpool,poseidon-worker-2-container-12-15,point_alert,/opt/pointAlert/pointAlert,,0.0,0,0,,,,,,,,,
point_alert_ID0000090,None,compute,0,1694372739.0,,,1694372744.0,1694372747.0,1694372758.0,35052407.0,1694372745.0,1694372775.0,1694372763.0,1694372766.0,6577.0,1694372775.0,1694372780.0,5.0,,1.0,30.0,5.0,11.0,176656458.0,3.0,20638.0,poseidon,condorpool,poseidon-worker-1-container-32-35,point_alert,/opt/pointAlert/pointAlert,,0.0,0,0,,,,,,,,,
point_alert_ID0000060,None,compute,0,1694372739.0,,,1694372744.0,1694372747.0,1694372758.0,34428566.6,1694372745.0,1694372775.0,1694372763.0,1694372766.0,6793.0,1694372775.0,1694372780.0,5.0,,1.0,30.0,5.0,11.0,176636147.0,3.0,20878.0,poseidon,condorpool,poseidon-worker-1-container-4-7,point_alert,/opt/pointAlert/pointAlert,,0.0,0,0,,,,,,,,,
point_alert_ID0000100,None,compute,0,1694372739.0,,,1694372744.0,1694372747.0,1694372758.0,29637464.5,1694372745.0,1694372775.0,1694372763.0,1694372766.0,6550.0,1694372775.0,1694372780.0,5.0,,1.0,30.0,5.0,11.0,176658101.0,3.0,20638.0,poseidon,condorpool,poseidon-worker-2-container-20-23,point_alert,/opt/pointAlert/pointAlert,,0.0,0,0,,,,,,,,,
stage_out_local_condorpool_2_4,None,transfer,0,1694372744.0,,,1694372749.0,,,0.0,1694372750.0,1694372754.0,,,0.0,1694372754.0,1694372759.0,5.0,,1.0,4.0,5.0,,,,,poseidon,local,poseidon-submit,pegasus::transfer,/mnt/poseidon-data/poseidon/pegasus-5.1.0panorama/bin/pegasus-transfer,/home/poseidon/pegasus-5.1.0panorama/bin/../bin/pegasus-kickstart  -n pegasus::transfer -N null -i - -R local  -L casa-wind-full -T 2023-09-08T07:29:05+00:00 /home/poseidon/pegasus-5.1.0panorama/bin/../bin/pegasus-transfer  --threads 2,0.8,0,0,,,,,,,,,
point_alert_ID0000130,None,compute,0,1694372744.0,,,1694372749.0,1694372752.0,1694372763.0,29575594.5,1694372750.0,1694372780.0,1694372768.0,1694372771.0,7411.0,1694372780.0,1694372785.0,5.0,,1.0,30.0,5.0,11.0,176672472.0,3.0,23118.0,poseidon,condorpool,poseidon-worker-2-container-16-19,point_alert,/opt/pointAlert/pointAlert,,0.0,0,0,,,,,,,,,
point_alert_ID0000055,None,compute,0,1694372744.0,,,1694372749.0,1694372752.0,1694372763.0,29496560.0,1694372750.0,1694372780.0,1694372768.0,1694372771.0,6623.0,1694372780.0,1694372785.0,5.0,,1.0,30.0,5.0,11.0,176636535.0,3.0,20638.0,poseidon,condorpool,poseidon-worker-2-container-44-47,point_alert,/opt/pointAlert/pointAlert,,0.0,0,0,,,,,,,,,
point_alert_ID0000030,None,compute,0,1694372749.0,,,1694372754.0,1694372757.0,1694372768.0,29513293.5,1694372755.0,1694372785.0,1694372773.0,1694372777.0,6269.0,1694372785.0,1694372790.0,5.0,,1.0,30.0,5.0,11.0,176646324.0,4.0,20158.0,poseidon,condorpool,poseidon-worker-1-container-28-31,point_alert,/opt/pointAlert/pointAlert,,0.0,0,0,,,,,,,,,
point_alert_ID0000115,cpu_2,compute,0,1694372749.0,,,1694372754.0,1694372757.0,1694372768.0,29654398.0,1694372756.0,1694372785.0,1694372774.0,1694372777.0,6764.0,1694372785.0,1694372790.0,5.0,,2.0,29.0,5.0,11.0,176681217.0,3.0,21598.0,poseidon,condorpool,poseidon-worker-1-container-24-27,point_alert,/opt/pointAlert/pointAlert,,0.0,0,0,,,,,,,,,
point_alert_ID0000120,None,compute,0,1694372749.0,,,1694372754.0,1694372757.0,1694372768.0,34706692.0,1694372755.0,1694372785.0,1694372773.0,1694372777.0,6832.0,1694372785.0,1694372790.0,5.0,,1.0,30.0,5.0,11.0,176673508.0,4.0,21998.0,poseidon,condorpool,poseidon-worker-1-container-8-11,point_alert,/opt/pointAlert/pointAlert,,0.0,0,0,,,,,,,,,
point_alert_ID0000020,cpu_2,compute,0,1694372749.0,,,1694372754.0,1694372757.0,1694372768.0,29653158.0,1694372755.0,1694372785.0,1694372773.0,1694372777.0,6404.0,1694372785.0,1694372790.0,5.0,,1.0,30.0,5.0,11.0,176644228.0,4.0,20478.0,poseidon,condorpool,poseidon-worker-1-container-24-27,point_alert,/opt/pointAlert/pointAlert,,0.0,0,0,,,,,,,,,
point_alert_ID0000070,None,compute,0,1694372749.0,,,1694372754.0,1694372757.0,1694372768.0,29546321.0,1694372755.0,1694372785.0,1694372773.0,1694372776.0,6478.0,1694372785.0,1694372790.0,5.0,,1.0,30.0,5.0,11.0,176643292.0,3.0,20558.0,poseidon,condorpool,poseidon-worker-1-container-16-19,point_alert,/opt/pointAlert/pointAlert,,0.0,0,0,,,,,,,,,
point_alert_ID0000065,None,compute,0,1694372749.0,,,1694372754.0,1694372757.0,1694372768.0,34887222.4,1694372755.0,1694372785.0,1694372773.0,1694372777.0,6300.0,1694372785.0,1694372790.0,5.0,,1.0,30.0,5.0,11.0,176639131.0,4.0,20238.0,poseidon,condorpool,poseidon-worker-1-container-0-3,point_alert,/opt/pointAlert/pointAlert,,0.0,0,0,,,,,,,,,
register_condorpool_2_4,None,auxiliary,0,1694372759.0,,,1694372765.0,,,0.0,1694372765.0,1694372770.0,,,0.0,1694372770.0,1694372775.0,6.0,,0.0,5.0,5.0,,,,,poseidon,local,poseidon-submit,pegasus::rc-client,/mnt/poseidon-data/poseidon/pegasus-5.1.0panorama/bin/pegasus-rc-client,"-n pegasus::rc-client -N null -R local  -L casa-wind-full -T 2023-09-08T07:29:05+00:00 /home/poseidon/pegasus-5.1.0panorama/bin/pegasus-rc-client --prefix pegasus.catalog.replica.output --conf /mnt/poseidon-data/poseidon/workflows/casa-wind-workflow-full/submit/poseidon/pegasus/casa-wind-full/run0194/pegasus.456478506846518063.properties -v --meta /mnt/poseidon-data/poseidon/workflows/casa-wind-workflow-full/submit/poseidon/pegasus/casa-wind-full/run0194/00/02/post_vel_ID0000108.meta,/mnt/poseidon-data/poseidon/workflows/casa-wind-workflow-full/submit/poseidon/pegasus/casa-wind-full/run0194/00/01/post_vel_ID0000063.meta,/mnt/poseidon-data/poseidon/workflows/casa-wind-workflow-full/submit/poseidon/pegasus/casa-wind-full/run0194/00/01/post_vel_ID0000013.meta,/mnt/poseidon-data/poseidon/workflows/casa-wind-workflow-full/submit/poseidon/pegasus/casa-wind-full/run0194/00/02/mvt_ID0000054.meta,/mnt/poseidon-data/poseidon/workflows/casa-wind-workflow-full/submit/poseidon/pegasus/casa-wind-full/run0194/00/01/post_vel_ID0000033.meta,/mnt/poseidon-data/poseidon/workflows/casa-wind-workflow-full/submit/poseidon/pegasus/casa-wind-full/run0194/00/02/post_vel_ID0000113.meta,/mnt/poseidon-data/poseidon/workflows/casa-wind-workflow-full/submit/poseidon/pegasus/casa-wind-full/run0194/00/01/post_vel_ID0000003.meta,/mnt/poseidon-data/poseidon/workflows/casa-wind-workflow-full/submit/poseidon/pegasus/casa-wind-full/run0194/00/01/post_vel_ID0000118.meta --insert /mnt/poseidon-data/poseidon/workflows/casa-wind-workflow-full/submit/poseidon/pegasus/casa-wind-full/run0194/00/02/register_condorpool_2_4.in",2.7,0,0,,,,,,,,,
point_alert_ID0000010,None,compute,0,1694372765.0,,,1694372770.0,1694372773.0,1694372784.0,33937080.2,1694372771.0,1694372800.0,1694372789.0,1694372792.0,6518.0,1694372800.0,1694372805.0,5.0,,1.0,29.0,5.0,11.0,176643412.0,3.0,20478.0,poseidon,condorpool,poseidon-worker-1-container-20-23,point_alert,/opt/pointAlert/pointAlert,,0.0,0,0,,,,,,,,,
stage_out_local_condorpool_2_3,None,transfer,0,1694372765.0,,,1694372770.0,,,0.0,1694372771.0,1694372775.0,,,0.0,1694372775.0,1694372780.0,5.0,,1.0,4.0,5.0,,,,,poseidon,local,poseidon-submit,pegasus::transfer,/mnt/poseidon-data/poseidon/pegasus-5.1.0panorama/bin/pegasus-transfer,/home/poseidon/pegasus-5.1.0panorama/bin/../bin/pegasus-kickstart  -n pegasus::transfer -N null -i - -R local  -L casa-wind-full -T 2023-09-08T07:29:05+00:00 /home/poseidon/pegasus-5.1.0panorama/bin/../bin/pegasus-transfer  --threads 2,1.0,0,0,,,,,,,,,
stage_out_local_condorpool_2_2,None,transfer,0,1694372765.0,,,1694372770.0,,,0.0,1694372771.0,1694372775.0,,,0.0,1694372775.0,1694372780.0,5.0,,1.0,4.0,5.0,,,,,poseidon,local,poseidon-submit,pegasus::transfer,/mnt/poseidon-data/poseidon/pegasus-5.1.0panorama/bin/pegasus-transfer,/home/poseidon/pegasus-5.1.0panorama/bin/../bin/pegasus-kickstart  -n pegasus::transfer -N null -i - -R local  -L casa-wind-full -T 2023-09-08T07:29:05+00:00 /home/poseidon/pegasus-5.1.0panorama/bin/../bin/pegasus-transfer  --threads 2,1.0,0,0,,,,,,,,,
point_alert_ID0000095,None,compute,0,1694372765.0,,,1694372770.0,1694372773.0,1694372785.0,27140167.3,1694372771.0,1694372800.0,1694372791.0,1694372794.0,6703.0,1694372800.0,1694372805.0,5.0,,1.0,29.0,5.0,12.0,176660390.0,3.0,20718.0,poseidon,condorpool,poseidon-worker-2-container-40-43,point_alert,/opt/pointAlert/pointAlert,,0.0,0,0,,,,,,,,,
stage_out_local_condorpool_2_5,None,transfer,0,1694372765.0,,,1694372770.0,,,0.0,1694372771.0,1694372775.0,,,0.0,1694372775.0,1694372780.0,5.0,,1.0,4.0,5.0,,,,,poseidon,local,poseidon-submit,pegasus::transfer,/mnt/poseidon-data/poseidon/pegasus-5.1.0panorama/bin/pegasus-transfer,/home/poseidon/pegasus-5.1.0panorama/bin/../bin/pegasus-kickstart  -n pegasus::transfer -N null -i - -R local  -L casa-wind-full -T 2023-09-08T07:29:05+00:00 /home/poseidon/pegasus-5.1.0panorama/bin/../bin/pegasus-transfer  --threads 2,0.9,0,0,,,,,,,,,
point_alert_ID0000045,None,compute,0,1694372765.0,,,1694372770.0,1694372773.0,1694372784.0,29596640.5,1694372771.0,1694372800.0,1694372789.0,1694372792.0,6467.0,1694372800.0,1694372805.0,5.0,,1.0,29.0,5.0,11.0,176636096.0,3.0,20798.0,poseidon,condorpool,poseidon-worker-2-container-32-35,point_alert,/opt/pointAlert/pointAlert,,0.0,0,0,,,,,,,,,
point_alert_ID0000005,cpu_2,compute,0,1694372765.0,,,1694372770.0,1694372773.0,1694372784.0,29528878.5,1694372771.0,1694372800.0,1694372789.0,1694372792.0,6552.0,1694372800.0,1694372805.0,5.0,,1.0,29.0,5.0,11.0,176636764.0,3.0,20398.0,poseidon,condorpool,poseidon-worker-2-container-28-31,point_alert,/opt/pointAlert/pointAlert,,0.0,0,0,,,,,,,,,
point_alert_ID0000110,None,compute,0,1694372765.0,,,1694372770.0,1694372773.0,1694372784.0,29522809.0,1694372771.0,1694372800.0,1694372789.0,1694372792.0,6733.0,1694372800.0,1694372805.0,5.0,,1.0,29.0,5.0,11.0,176667937.0,3.0,21038.0,poseidon,condorpool,poseidon-worker-1-container-4-7,point_alert,/opt/pointAlert/pointAlert,,0.0,0,0,,,,,,,,,
stage_out_local_condorpool_2_1,None,transfer,0,1694372765.0,,,1694372770.0,,,0.0,1694372771.0,1694372775.0,,,0.0,1694372775.0,1694372780.0,5.0,,1.0,4.0,5.0,,,,,poseidon,local,poseidon-submit,pegasus::transfer,/mnt/poseidon-data/poseidon/pegasus-5.1.0panorama/bin/pegasus-transfer,/home/poseidon/pegasus-5.1.0panorama/bin/../bin/pegasus-kickstart  -n pegasus::transfer -N null -i - -R local  -L casa-wind-full -T 2023-09-08T07:29:05+00:00 /home/poseidon/pegasus-5.1.0panorama/bin/../bin/pegasus-transfer  --threads 2,1.0,0,0,,,,,,,,,
point_alert_ID0000075,None,compute,0,1694372765.0,,,1694372770.0,1694372773.0,1694372784.0,29523246.5,1694372772.0,1694372800.0,1694372789.0,1694372793.0,6518.0,1694372800.0,1694372805.0,5.0,,2.0,28.0,5.0,11.0,176646838.0,4.0,20558.0,poseidon,condorpool,poseidon-worker-2-container-12-15,point_alert,/opt/pointAlert/pointAlert,,0.0,0,0,,,,,,,,,
point_alert_ID0000105,None,compute,0,1694372765.0,,,1694372770.0,1694372773.0,1694372785.0,31406491.6,1694372772.0,1694372800.0,1694372790.0,1694372793.0,6790.0,1694372800.0,1694372805.0,5.0,,2.0,28.0,5.0,12.0,176667573.0,3.0,21278.0,poseidon,condorpool,poseidon-worker-1-container-28-31,point_alert,/opt/pointAlert/pointAlert,,0.0,0,0,,,,,,,,,
point_alert_ID0000015,None,compute,0,1694372765.0,,,1694372770.0,1694372773.0,1694372785.0,28058610.2,1694372771.0,1694372800.0,1694372790.0,1694372793.0,6547.0,1694372800.0,1694372805.0,5.0,,1.0,29.0,5.0,12.0,176639974.0,3.0,20558.0,poseidon,condorpool,poseidon-worker-1-container-44-47,point_alert,/opt/pointAlert/pointAlert,,0.0,0,0,,,,,,,,,
point_alert_ID0000080,None,compute,0,1694372765.0,,,1694372770.0,1694372777.0,1694372787.0,29922859.5,1694372775.0,1694372805.0,1694372793.0,1694372796.0,6760.0,1694372805.0,1694372810.0,5.0,,5.0,30.0,5.0,10.0,176653320.0,3.0,20718.0,poseidon,condorpool,poseidon-worker-1-container-20-23,point_alert,/opt/pointAlert/pointAlert,,0.0,0,0,,,,,,,,,
point_alert_ID0000040,None,compute,0,1694372765.0,,,1694372770.0,1694372773.0,1694372784.0,29503808.5,1694372771.0,1694372800.0,1694372789.0,1694372792.0,6585.0,1694372800.0,1694372805.0,5.0,,1.0,29.0,5.0,11.0,176642369.0,3.0,20558.0,poseidon,condorpool,poseidon-worker-2-container-36-39,point_alert,/opt/pointAlert/pointAlert,,0.0,0,0,,,,,,,,,
point_alert_ID0000035,None,compute,0,1694372765.0,,,1694372770.0,1694372773.0,1694372784.0,29570179.5,1694372771.0,1694372800.0,1694372789.0,1694372792.0,6430.0,1694372800.0,1694372805.0,5.0,,1.0,29.0,5.0,11.0,176638959.0,3.0,20078.0,poseidon,condorpool,poseidon-worker-1-container-0-3,point_alert,/opt/pointAlert/pointAlert,,0.0,0,0,,,,,,,,,
point_alert_ID0000025,None,compute,0,1694372765.0,,,1694372770.0,1694372773.0,1694372785.0,28421042.0,1694372771.0,1694372800.0,1694372790.0,1694372793.0,6440.0,1694372800.0,1694372805.0,5.0,,1.0,29.0,5.0,12.0,176638688.0,3.0,20078.0,poseidon,condorpool,poseidon-worker-2-container-8-11,point_alert,/opt/pointAlert/pointAlert,,0.0,0,0,,,,,,,,,
stage_out_local_condorpool_2_0,None,transfer,0,1694372765.0,,,1694372770.0,,,0.0,1694372771.0,1694372775.0,,,0.0,1694372775.0,1694372780.0,5.0,,1.0,4.0,5.0,,,,,poseidon,local,poseidon-submit,pegasus::transfer,/mnt/poseidon-data/poseidon/pegasus-5.1.0panorama/bin/pegasus-transfer,/home/poseidon/pegasus-5.1.0panorama/bin/../bin/pegasus-kickstart  -n pegasus::transfer -N null -i - -R local  -L casa-wind-full -T 2023-09-08T07:29:05+00:00 /home/poseidon/pegasus-5.1.0panorama/bin/../bin/pegasus-transfer  --threads 2,1.0,0,0,,,,,,,,,
point_alert_ID0000125,None,compute,0,1694372765.0,,,1694372770.0,1694372773.0,1694372785.0,27684103.3,1694372771.0,1694372800.0,1694372790.0,1694372794.0,7376.0,1694372800.0,1694372805.0,5.0,,1.0,29.0,5.0,12.0,176678547.0,4.0,22878.0,poseidon,condorpool,poseidon-worker-2-container-4-7,point_alert,/opt/pointAlert/pointAlert,,0.0,0,0,,,,,,,,,
register_condorpool_2_2,None,auxiliary,0,1694372780.0,,,1694372815.0,,,0.0,1694372815.0,1694372820.0,,,0.0,1694372820.0,1694372825.0,35.0,,0.0,5.0,5.0,,,,,poseidon,local,poseidon-submit,pegasus::rc-client,/mnt/poseidon-data/poseidon/pegasus-5.1.0panorama/bin/pegasus-rc-client,"-n pegasus::rc-client -N null -R local  -L casa-wind-full -T 2023-09-08T07:29:05+00:00 /home/poseidon/pegasus-5.1.0panorama/bin/pegasus-rc-client --prefix pegasus.catalog.replica.output --conf /mnt/poseidon-data/poseidon/workflows/casa-wind-workflow-full/submit/poseidon/pegasus/casa-wind-full/run0194/pegasus.456478506846518063.properties -v --meta /mnt/poseidon-data/poseidon/workflows/casa-wind-workflow-full/submit/poseidon/pegasus/casa-wind-full/run0194/00/02/post_vel_ID0000073.meta,/mnt/poseidon-data/poseidon/workflows/casa-wind-workflow-full/submit/poseidon/pegasus/casa-wind-full/run0194/00/02/mvt_ID0000039.meta,/mnt/poseidon-data/poseidon/workflows/casa-wind-workflow-full/submit/poseidon/pegasus/casa-wind-full/run0194/00/01/mvt_ID0000099.meta,/mnt/poseidon-data/poseidon/workflows/casa-wind-workflow-full/submit/poseidon/pegasus/casa-wind-full/run0194/00/01/post_vel_ID0000008.meta,/mnt/poseidon-data/poseidon/workflows/casa-wind-workflow-full/submit/poseidon/pegasus/casa-wind-full/run0194/00/02/mvt_ID0000049.meta,/mnt/poseidon-data/poseidon/workflows/casa-wind-workflow-full/submit/poseidon/pegasus/casa-wind-full/run0194/00/01/mvt_ID0000019.meta,/mnt/poseidon-data/poseidon/workflows/casa-wind-workflow-full/submit/poseidon/pegasus/casa-wind-full/run0194/00/02/mvt_ID0000104.meta,/mnt/poseidon-data/poseidon/workflows/casa-wind-workflow-full/submit/poseidon/pegasus/casa-wind-full/run0194/00/01/post_vel_ID0000083.meta,/mnt/poseidon-data/poseidon/workflows/casa-wind-workflow-full/submit/poseidon/pegasus/casa-wind-full/run0194/00/01/post_vel_ID0000088.meta --insert /mnt/poseidon-data/poseidon/workflows/casa-wind-workflow-full/submit/poseidon/pegasus/casa-wind-full/run0194/00/02/register_condorpool_2_2.in",2.6,0,0,,,,,,,,,
register_condorpool_2_0,None,auxiliary,0,1694372780.0,,,1694372785.0,,,0.0,1694372785.0,1694372790.0,,,0.0,1694372790.0,1694372795.0,5.0,,0.0,5.0,5.0,,,,,poseidon,local,poseidon-submit,pegasus::rc-client,/mnt/poseidon-data/poseidon/pegasus-5.1.0panorama/bin/pegasus-rc-client,"-n pegasus::rc-client -N null -R local  -L casa-wind-full -T 2023-09-08T07:29:05+00:00 /home/poseidon/pegasus-5.1.0panorama/bin/pegasus-rc-client --prefix pegasus.catalog.replica.output --conf /mnt/poseidon-data/poseidon/workflows/casa-wind-workflow-full/submit/poseidon/pegasus/casa-wind-full/run0194/pegasus.456478506846518063.properties -v --meta /mnt/poseidon-data/poseidon/workflows/casa-wind-workflow-full/submit/poseidon/pegasus/casa-wind-full/run0194/00/01/post_vel_ID0000023.meta,/mnt/poseidon-data/poseidon/workflows/casa-wind-workflow-full/submit/poseidon/pegasus/casa-wind-full/run0194/00/01/post_vel_ID0000093.meta,/mnt/poseidon-data/poseidon/workflows/casa-wind-workflow-full/submit/poseidon/pegasus/casa-wind-full/run0194/00/01/mvt_ID0000129.meta,/mnt/poseidon-data/poseidon/workflows/casa-wind-workflow-full/submit/poseidon/pegasus/casa-wind-full/run0194/00/02/mvt_ID0000044.meta,/mnt/poseidon-data/poseidon/workflows/casa-wind-workflow-full/submit/poseidon/pegasus/casa-wind-full/run0194/00/02/post_vel_ID0000058.meta,/mnt/poseidon-data/poseidon/workflows/casa-wind-workflow-full/submit/poseidon/pegasus/casa-wind-full/run0194/00/01/post_vel_ID0000068.meta,/mnt/poseidon-data/poseidon/workflows/casa-wind-workflow-full/submit/poseidon/pegasus/casa-wind-full/run0194/00/01/post_vel_ID0000123.meta,/mnt/poseidon-data/poseidon/workflows/casa-wind-workflow-full/submit/poseidon/pegasus/casa-wind-full/run0194/00/02/post_vel_ID0000078.meta,/mnt/poseidon-data/poseidon/workflows/casa-wind-workflow-full/submit/poseidon/pegasus/casa-wind-full/run0194/00/01/mvt_ID0000029.meta --insert /mnt/poseidon-data/poseidon/workflows/casa-wind-workflow-full/submit/poseidon/pegasus/casa-wind-full/run0194/00/02/register_condorpool_2_0.in",2.7,0,0,,,,,,,,,
register_condorpool_2_1,None,auxiliary,0,1694372780.0,,,1694372795.0,,,0.0,1694372796.0,1694372800.0,,,0.0,1694372800.0,1694372805.0,15.0,,1.0,4.0,5.0,,,,,poseidon,local,poseidon-submit,pegasus::rc-client,/mnt/poseidon-data/poseidon/pegasus-5.1.0panorama/bin/pegasus-rc-client,"-n pegasus::rc-client -N null -R local  -L casa-wind-full -T 2023-09-08T07:29:05+00:00 /home/poseidon/pegasus-5.1.0panorama/bin/pegasus-rc-client --prefix pegasus.catalog.replica.output --conf /mnt/poseidon-data/poseidon/workflows/casa-wind-workflow-full/submit/poseidon/pegasus/casa-wind-full/run0194/pegasus.456478506846518063.properties -v --meta /mnt/poseidon-data/poseidon/workflows/casa-wind-workflow-full/submit/poseidon/pegasus/casa-wind-full/run0194/00/01/post_vel_ID0000028.meta,/mnt/poseidon-data/poseidon/workflows/casa-wind-workflow-full/submit/poseidon/pegasus/casa-wind-full/run0194/00/02/post_vel_ID0000043.meta,/mnt/poseidon-data/poseidon/workflows/casa-wind-workflow-full/submit/poseidon/pegasus/casa-wind-full/run0194/00/01/post_vel_ID0000128.meta,/mnt/poseidon-data/poseidon/workflows/casa-wind-workflow-full/submit/poseidon/pegasus/casa-wind-full/run0194/00/01/mvt_ID0000094.meta,/mnt/poseidon-data/poseidon/workflows/casa-wind-workflow-full/submit/poseidon/pegasus/casa-wind-full/run0194/00/01/mvt_ID0000069.meta,/mnt/poseidon-data/poseidon/workflows/casa-wind-workflow-full/submit/poseidon/pegasus/casa-wind-full/run0194/00/02/mvt_ID0000059.meta,/mnt/poseidon-data/poseidon/workflows/casa-wind-workflow-full/submit/poseidon/pegasus/casa-wind-full/run0194/00/01/mvt_ID0000124.meta,/mnt/poseidon-data/poseidon/workflows/casa-wind-workflow-full/submit/poseidon/pegasus/casa-wind-full/run0194/00/01/mvt_ID0000024.meta,/mnt/poseidon-data/poseidon/workflows/casa-wind-workflow-full/submit/poseidon/pegasus/casa-wind-full/run0194/00/02/mvt_ID0000079.meta --insert /mnt/poseidon-data/poseidon/workflows/casa-wind-workflow-full/submit/poseidon/pegasus/casa-wind-full/run0194/00/02/register_condorpool_2_1.in",2.6,0,0,,,,,,,,,
register_condorpool_2_5,None,auxiliary,0,1694372780.0,,,1694372855.0,,,0.0,1694372856.0,1694372860.0,,,0.0,1694372860.0,1694372865.0,75.0,,1.0,4.0,5.0,,,,,poseidon,local,poseidon-submit,pegasus::rc-client,/mnt/poseidon-data/poseidon/pegasus-5.1.0panorama/bin/pegasus-rc-client,"-n pegasus::rc-client -N null -R local  -L casa-wind-full -T 2023-09-08T07:29:05+00:00 /home/poseidon/pegasus-5.1.0panorama/bin/pegasus-rc-client --prefix pegasus.catalog.replica.output --conf /mnt/poseidon-data/poseidon/workflows/casa-wind-workflow-full/submit/poseidon/pegasus/casa-wind-full/run0194/pegasus.456478506846518063.properties -v --meta /mnt/poseidon-data/poseidon/workflows/casa-wind-workflow-full/submit/poseidon/pegasus/casa-wind-full/run0194/00/01/mvt_ID0000004.meta,/mnt/poseidon-data/poseidon/workflows/casa-wind-workflow-full/submit/poseidon/pegasus/casa-wind-full/run0194/00/01/mvt_ID0000119.meta,/mnt/poseidon-data/poseidon/workflows/casa-wind-workflow-full/submit/poseidon/pegasus/casa-wind-full/run0194/00/02/post_vel_ID0000053.meta,/mnt/poseidon-data/poseidon/workflows/casa-wind-workflow-full/submit/poseidon/pegasus/casa-wind-full/run0194/00/02/mvt_ID0000114.meta,/mnt/poseidon-data/poseidon/workflows/casa-wind-workflow-full/submit/poseidon/pegasus/casa-wind-full/run0194/00/01/mvt_ID0000034.meta,/mnt/poseidon-data/poseidon/workflows/casa-wind-workflow-full/submit/poseidon/pegasus/casa-wind-full/run0194/00/01/mvt_ID0000014.meta,/mnt/poseidon-data/poseidon/workflows/casa-wind-workflow-full/submit/poseidon/pegasus/casa-wind-full/run0194/00/02/mvt_ID0000109.meta,/mnt/poseidon-data/poseidon/workflows/casa-wind-workflow-full/submit/poseidon/pegasus/casa-wind-full/run0194/00/01/mvt_ID0000064.meta --insert /mnt/poseidon-data/poseidon/workflows/casa-wind-workflow-full/submit/poseidon/pegasus/casa-wind-full/run0194/00/02/register_condorpool_2_5.in",2.6,0,0,,,,,,,,,
register_condorpool_2_3,None,auxiliary,0,1694372780.0,,,1694372805.0,,,0.0,1694372806.0,1694372810.0,,,0.0,1694372810.0,1694372815.0,25.0,,1.0,4.0,5.0,,,,,poseidon,local,poseidon-submit,pegasus::rc-client,/mnt/poseidon-data/poseidon/pegasus-5.1.0panorama/bin/pegasus-rc-client,"-n pegasus::rc-client -N null -R local  -L casa-wind-full -T 2023-09-08T07:29:05+00:00 /home/poseidon/pegasus-5.1.0panorama/bin/pegasus-rc-client --prefix pegasus.catalog.replica.output --conf /mnt/poseidon-data/poseidon/workflows/casa-wind-workflow-full/submit/poseidon/pegasus/casa-wind-full/run0194/pegasus.456478506846518063.properties -v --meta /mnt/poseidon-data/poseidon/workflows/casa-wind-workflow-full/submit/poseidon/pegasus/casa-wind-full/run0194/00/01/mvt_ID0000084.meta,/mnt/poseidon-data/poseidon/workflows/casa-wind-workflow-full/submit/poseidon/pegasus/casa-wind-full/run0194/00/02/post_vel_ID0000103.meta,/mnt/poseidon-data/poseidon/workflows/casa-wind-workflow-full/submit/poseidon/pegasus/casa-wind-full/run0194/00/01/post_vel_ID0000098.meta,/mnt/poseidon-data/poseidon/workflows/casa-wind-workflow-full/submit/poseidon/pegasus/casa-wind-full/run0194/00/02/post_vel_ID0000048.meta,/mnt/poseidon-data/poseidon/workflows/casa-wind-workflow-full/submit/poseidon/pegasus/casa-wind-full/run0194/00/01/mvt_ID0000009.meta,/mnt/poseidon-data/poseidon/workflows/casa-wind-workflow-full/submit/poseidon/pegasus/casa-wind-full/run0194/00/01/post_vel_ID0000018.meta,/mnt/poseidon-data/poseidon/workflows/casa-wind-workflow-full/submit/poseidon/pegasus/casa-wind-full/run0194/00/01/mvt_ID0000089.meta,/mnt/poseidon-data/poseidon/workflows/casa-wind-workflow-full/submit/poseidon/pegasus/casa-wind-full/run0194/00/02/mvt_ID0000074.meta,/mnt/poseidon-data/poseidon/workflows/casa-wind-workflow-full/submit/poseidon/pegasus/casa-wind-full/run0194/00/02/post_vel_ID0000038.meta --insert /mnt/poseidon-data/poseidon/workflows/casa-wind-workflow-full/submit/poseidon/pegasus/casa-wind-full/run0194/00/02/register_condorpool_2_3.in",2.7,0,0,,,,,,,,,
stage_out_local_condorpool_3_2,None,transfer,0,1694372805.0,,,1694372810.0,,,0.0,1694372810.0,1694372815.0,,,0.0,1694372815.0,1694372820.0,5.0,,0.0,5.0,5.0,,,,,poseidon,local,poseidon-submit,pegasus::transfer,/mnt/poseidon-data/poseidon/pegasus-5.1.0panorama/bin/pegasus-transfer,/home/poseidon/pegasus-5.1.0panorama/bin/../bin/pegasus-kickstart  -n pegasus::transfer -N null -i - -R local  -L casa-wind-full -T 2023-09-08T07:29:05+00:00 /home/poseidon/pegasus-5.1.0panorama/bin/../bin/pegasus-transfer  --threads 2,0.8,0,0,,,,,,,,,
stage_out_local_condorpool_3_1,None,transfer,0,1694372805.0,,,1694372810.0,,,0.0,1694372810.0,1694372815.0,,,0.0,1694372815.0,1694372820.0,5.0,,0.0,5.0,5.0,,,,,poseidon,local,poseidon-submit,pegasus::transfer,/mnt/poseidon-data/poseidon/pegasus-5.1.0panorama/bin/pegasus-transfer,/home/poseidon/pegasus-5.1.0panorama/bin/../bin/pegasus-kickstart  -n pegasus::transfer -N null -i - -R local  -L casa-wind-full -T 2023-09-08T07:29:05+00:00 /home/poseidon/pegasus-5.1.0panorama/bin/../bin/pegasus-transfer  --threads 2,0.9,0,0,,,,,,,,,
stage_out_local_condorpool_3_0,None,transfer,0,1694372810.0,,,1694372815.0,,,0.0,1694372815.0,1694372820.0,,,0.0,1694372820.0,1694372825.0,5.0,,0.0,5.0,5.0,,,,,poseidon,local,poseidon-submit,pegasus::transfer,/mnt/poseidon-data/poseidon/pegasus-5.1.0panorama/bin/pegasus-transfer,/home/poseidon/pegasus-5.1.0panorama/bin/../bin/pegasus-kickstart  -n pegasus::transfer -N null -i - -R local  -L casa-wind-full -T 2023-09-08T07:29:05+00:00 /home/poseidon/pegasus-5.1.0panorama/bin/../bin/pegasus-transfer  --threads 2,0.9,0,0,,,,,,,,,
register_condorpool_3_2,None,auxiliary,0,1694372820.0,,,1694372825.0,,,0.0,1694372826.0,1694372830.0,,,0.0,1694372830.0,1694372835.0,5.0,,1.0,4.0,5.0,,,,,poseidon,local,poseidon-submit,pegasus::rc-client,/mnt/poseidon-data/poseidon/pegasus-5.1.0panorama/bin/pegasus-rc-client,"-n pegasus::rc-client -N null -R local  -L casa-wind-full -T 2023-09-08T07:29:05+00:00 /home/poseidon/pegasus-5.1.0panorama/bin/pegasus-rc-client --prefix pegasus.catalog.replica.output --conf /mnt/poseidon-data/poseidon/workflows/casa-wind-workflow-full/submit/poseidon/pegasus/casa-wind-full/run0194/pegasus.456478506846518063.properties -v --meta /mnt/poseidon-data/poseidon/workflows/casa-wind-workflow-full/submit/poseidon/pegasus/casa-wind-full/run0194/00/03/point_alert_ID0000110.meta,/mnt/poseidon-data/poseidon/workflows/casa-wind-workflow-full/submit/poseidon/pegasus/casa-wind-full/run0194/00/03/point_alert_ID0000055.meta,/mnt/poseidon-data/poseidon/workflows/casa-wind-workflow-full/submit/poseidon/pegasus/casa-wind-full/run0194/00/02/point_alert_ID0000115.meta,/mnt/poseidon-data/poseidon/workflows/casa-wind-workflow-full/submit/poseidon/pegasus/casa-wind-full/run0194/00/02/point_alert_ID0000120.meta,/mnt/poseidon-data/poseidon/workflows/casa-wind-workflow-full/submit/poseidon/pegasus/casa-wind-full/run0194/00/02/point_alert_ID0000035.meta,/mnt/poseidon-data/poseidon/workflows/casa-wind-workflow-full/submit/poseidon/pegasus/casa-wind-full/run0194/00/02/point_alert_ID0000015.meta,/mnt/poseidon-data/poseidon/workflows/casa-wind-workflow-full/submit/poseidon/pegasus/casa-wind-full/run0194/00/02/point_alert_ID0000065.meta,/mnt/poseidon-data/poseidon/workflows/casa-wind-workflow-full/submit/poseidon/pegasus/casa-wind-full/run0194/00/02/point_alert_ID0000005.meta --insert /mnt/poseidon-data/poseidon/workflows/casa-wind-workflow-full/submit/poseidon/pegasus/casa-wind-full/run0194/00/03/register_condorpool_3_2.in",2.6,0,0,,,,,,,,,
register_condorpool_3_1,None,auxiliary,0,1694372820.0,,,1694372845.0,,,0.0,1694372845.0,1694372850.0,,,0.0,1694372850.0,1694372855.0,25.0,,0.0,5.0,5.0,,,,,poseidon,local,poseidon-submit,pegasus::rc-client,/mnt/poseidon-data/poseidon/pegasus-5.1.0panorama/bin/pegasus-rc-client,"-n pegasus::rc-client -N null -R local  -L casa-wind-full -T 2023-09-08T07:29:05+00:00 /home/poseidon/pegasus-5.1.0panorama/bin/pegasus-rc-client --prefix pegasus.catalog.replica.output --conf /mnt/poseidon-data/poseidon/workflows/casa-wind-workflow-full/submit/poseidon/pegasus/casa-wind-full/run0194/pegasus.456478506846518063.properties -v --meta /mnt/poseidon-data/poseidon/workflows/casa-wind-workflow-full/submit/poseidon/pegasus/casa-wind-full/run0194/00/02/point_alert_ID0000010.meta,/mnt/poseidon-data/poseidon/workflows/casa-wind-workflow-full/submit/poseidon/pegasus/casa-wind-full/run0194/00/02/point_alert_ID0000090.meta,/mnt/poseidon-data/poseidon/workflows/casa-wind-workflow-full/submit/poseidon/pegasus/casa-wind-full/run0194/00/02/point_alert_ID0000085.meta,/mnt/poseidon-data/poseidon/workflows/casa-wind-workflow-full/submit/poseidon/pegasus/casa-wind-full/run0194/00/02/point_alert_ID0000075.meta,/mnt/poseidon-data/poseidon/workflows/casa-wind-workflow-full/submit/poseidon/pegasus/casa-wind-full/run0194/00/02/point_alert_ID0000100.meta,/mnt/poseidon-data/poseidon/workflows/casa-wind-workflow-full/submit/poseidon/pegasus/casa-wind-full/run0194/00/03/point_alert_ID0000040.meta,/mnt/poseidon-data/poseidon/workflows/casa-wind-workflow-full/submit/poseidon/pegasus/casa-wind-full/run0194/00/02/point_alert_ID0000020.meta,/mnt/poseidon-data/poseidon/workflows/casa-wind-workflow-full/submit/poseidon/pegasus/casa-wind-full/run0194/00/03/point_alert_ID0000050.meta,/mnt/poseidon-data/poseidon/workflows/casa-wind-workflow-full/submit/poseidon/pegasus/casa-wind-full/run0194/00/03/point_alert_ID0000105.meta --insert /mnt/poseidon-data/poseidon/workflows/casa-wind-workflow-full/submit/poseidon/pegasus/casa-wind-full/run0194/00/03/register_condorpool_3_1.in",2.5,0,0,,,,,,,,,
register_condorpool_3_0,None,auxiliary,0,1694372825.0,,,1694372835.0,,,0.0,1694372836.0,1694372840.0,,,0.0,1694372840.0,1694372845.0,10.0,,1.0,4.0,5.0,,,,,poseidon,local,poseidon-submit,pegasus::rc-client,/mnt/poseidon-data/poseidon/pegasus-5.1.0panorama/bin/pegasus-rc-client,"-n pegasus::rc-client -N null -R local  -L casa-wind-full -T 2023-09-08T07:29:05+00:00 /home/poseidon/pegasus-5.1.0panorama/bin/pegasus-rc-client --prefix pegasus.catalog.replica.output --conf /mnt/poseidon-data/poseidon/workflows/casa-wind-workflow-full/submit/poseidon/pegasus/casa-wind-full/run0194/pegasus.456478506846518063.properties -v --meta /mnt/poseidon-data/poseidon/workflows/casa-wind-workflow-full/submit/poseidon/pegasus/casa-wind-full/run0194/00/02/point_alert_ID0000125.meta,/mnt/poseidon-data/poseidon/workflows/casa-wind-workflow-full/submit/poseidon/pegasus/casa-wind-full/run0194/00/02/point_alert_ID0000095.meta,/mnt/poseidon-data/poseidon/workflows/casa-wind-workflow-full/submit/poseidon/pegasus/casa-wind-full/run0194/00/03/point_alert_ID0000060.meta,/mnt/poseidon-data/poseidon/workflows/casa-wind-workflow-full/submit/poseidon/pegasus/casa-wind-full/run0194/00/02/point_alert_ID0000030.meta,/mnt/poseidon-data/poseidon/workflows/casa-wind-workflow-full/submit/poseidon/pegasus/casa-wind-full/run0194/00/02/point_alert_ID0000025.meta,/mnt/poseidon-data/poseidon/workflows/casa-wind-workflow-full/submit/poseidon/pegasus/casa-wind-full/run0194/00/03/point_alert_ID0000045.meta,/mnt/poseidon-data/poseidon/workflows/casa-wind-workflow-full/submit/poseidon/pegasus/casa-wind-full/run0194/00/02/point_alert_ID0000130.meta,/mnt/poseidon-data/poseidon/workflows/casa-wind-workflow-full/submit/poseidon/pegasus/casa-wind-full/run0194/00/02/point_alert_ID0000070.meta,/mnt/poseidon-data/poseidon/workflows/casa-wind-workflow-full/submit/poseidon/pegasus/casa-wind-full/run0194/00/02/point_alert_ID0000080.meta --insert /mnt/poseidon-data/poseidon/workflows/casa-wind-workflow-full/submit/poseidon/pegasus/casa-wind-full/run0194/00/03/register_condorpool_3_0.in",2.6,0,0,,,,,,,,,
cleanup_casa-wind-full_0_condorpool,None,auxiliary,0,1694372825.0,,,1694372830.0,,,0.0,1694372831.0,1694372835.0,,,0.0,1694372835.0,1694372840.0,5.0,,1.0,4.0,5.0,,,,,poseidon,local,poseidon-submit,pegasus::cleanup,/mnt/poseidon-data/poseidon/pegasus-5.1.0panorama/bin/pegasus-transfer,pegasus-kickstart  -n pegasus::cleanup -N null -i - -R local  -L casa-wind-full -T 2023-09-08T07:29:05+00:00 pegasus-transfer,0.2,0,0,,,,,,,,,
