,anomaly_type,type,is_clustered,ready,pre_script_start,pre_script_end,submit,stage_in_start,stage_in_end,stage_in_effective_bytes_per_sec,execute_start,execute_end,stage_out_start,stage_out_end,stage_out_effective_bytes_per_sec,post_script_start,post_script_end,wms_delay,pre_script_delay,queue_delay,runtime,post_script_delay,stage_in_delay,stage_in_bytes,stage_out_delay,stage_out_bytes,kickstart_user,kickstart_site,kickstart_hostname,kickstart_transformations,kickstart_executables,kickstart_executables_argv,kickstart_executables_cpu_time,kickstart_status,kickstart_executables_exitcode,kickstart_online_iowait,kickstart_online_bytes_read,kickstart_online_bytes_written,kickstart_online_read_system_calls,kickstart_online_write_system_calls,kickstart_online_utime,kickstart_online_stime,kickstart_online_bytes_read_per_second,kickstart_online_bytes_written_per_second
create_dir_casa-wind-full_0_condorpool,None,auxiliary,0,1694465957.0,,,1694465958.0,,,0.0,1694465963.0,1694465968.0,,,0.0,1694465968.0,1694465973.0,1.0,,5.0,5.0,5.0,,,,,poseidon,local,poseidon-submit,pegasus::dirmanager,/mnt/poseidon-data/poseidon/pegasus-5.1.0panorama/bin/pegasus-transfer,pegasus-kickstart  -n pegasus::dirmanager -N null -i - -R local  -L casa-wind-full -T 2023-09-08T07:29:05+00:00 pegasus-transfer,0.2,0,0,,,,,,,,,
unzip_ID0000006,None,compute,0,1694465973.0,,,1694465979.0,1694465999.0,1694466008.0,25586801.0,1694465998.0,1694466044.0,1694466021.0,1694466038.0,30662085.0,1694466044.0,1694466049.0,6.0,,19.0,46.0,5.0,9.0,222753803.0,17.0,501616588.0,poseidon,condorpool,poseidon-worker-2-container-40-43,unzip,/usr/bin/gunzip,,3.8,0,0,,,,,,,,,
unzip_ID0000106,None,compute,0,1694465973.0,,,1694465979.0,1694465997.0,1694466006.0,28040361.0,1694465996.0,1694466044.0,1694466018.0,1694466035.0,29910240.0,1694466044.0,1694466049.0,6.0,,17.0,48.0,5.0,9.0,241199298.0,17.0,501821816.0,poseidon,condorpool,poseidon-worker-1-container-44-47,unzip,/usr/bin/gunzip,,4.1,0,0,,,,,,,,,
unzip_ID0000046,None,compute,0,1694465973.0,,,1694465979.0,1694465997.0,1694466005.0,29092596.0,1694465995.0,1694466044.0,1694466017.0,1694466037.0,26875943.0,1694466044.0,1694466049.0,6.0,,16.0,49.0,5.0,8.0,229692821.0,20.0,523855228.0,poseidon,condorpool,poseidon-worker-2-container-4-7,unzip,/usr/bin/gunzip,,4.1,0,0,,,,,,,,,
unzip_ID0000101,cpu_3,compute,0,1694465973.0,,,1694465979.0,1694465996.0,1694466004.0,28524603.0,1694465994.0,1694466049.0,1694466018.0,1694466042.0,23677949.0,1694466049.0,1694466054.0,6.0,,15.0,55.0,5.0,8.0,250988249.0,24.0,561551644.0,poseidon,condorpool,poseidon-worker-1-container-4-7,unzip,/usr/bin/gunzip,,4.4,0,0,,,,,,,,,
unzip_ID0000126,None,compute,0,1694465973.0,,,1694465979.0,1694465995.0,1694466004.0,28640298.0,1694465994.0,1694466044.0,1694466017.0,1694466038.0,25739091.0,1694466044.0,1694466049.0,6.0,,15.0,50.0,5.0,9.0,249343892.0,21.0,520618424.0,poseidon,condorpool,poseidon-worker-2-container-0-3,unzip,/usr/bin/gunzip,,4.2,0,0,,,,,,,,,
unzip_ID0000031,None,compute,0,1694465973.0,,,1694465979.0,1694465995.0,1694466004.0,25921117.0,1694465993.0,1694466044.0,1694466017.0,1694466035.0,30437207.0,1694466044.0,1694466049.0,6.0,,14.0,51.0,5.0,9.0,237517035.0,18.0,539438752.0,poseidon,condorpool,poseidon-worker-2-container-16-19,unzip,/usr/bin/gunzip,,4.1,0,0,,,,,,,,,
unzip_ID0000076,None,compute,0,1694465973.0,,,1694465979.0,1694465995.0,1694466004.0,28388999.0,1694465994.0,1694466044.0,1694466017.0,1694466035.0,29410985.0,1694466044.0,1694466049.0,6.0,,15.0,50.0,5.0,9.0,233747923.0,18.0,523942844.0,poseidon,condorpool,poseidon-worker-2-container-12-15,unzip,/usr/bin/gunzip,,4.1,0,0,,,,,,,,,
unzip_ID0000011,None,compute,0,1694465973.0,,,1694465979.0,1694465995.0,1694466005.0,24945601.0,1694465993.0,1694466039.0,1694466017.0,1694466032.0,37753242.0,1694466039.0,1694466044.0,6.0,,14.0,46.0,5.0,10.0,235998389.0,15.0,565205920.0,poseidon,condorpool,poseidon-worker-2-container-28-31,unzip,/usr/bin/gunzip,,4.2,0,0,,,,,,,,,
unzip_ID0000056,None,compute,0,1694465973.0,,,1694465979.0,1694465995.0,1694466003.0,28257840.0,1694465993.0,1694466039.0,1694466016.0,1694466030.0,37312997.0,1694466039.0,1694466044.0,6.0,,14.0,46.0,5.0,8.0,232139969.0,14.0,528026776.0,poseidon,condorpool,poseidon-worker-2-container-44-47,unzip,/usr/bin/gunzip,,4.1,0,0,,,,,,,,,
unzip_ID0000111,None,compute,0,1694465973.0,,,1694465979.0,1694465995.0,1694466003.0,31932057.0,1694465993.0,1694466044.0,1694466017.0,1694466036.0,30597692.0,1694466044.0,1694466049.0,6.0,,14.0,51.0,5.0,8.0,256320311.0,19.0,567950764.0,poseidon,condorpool,poseidon-worker-1-container-20-23,unzip,/usr/bin/gunzip,,4.4,0,0,,,,,,,,,
unzip_ID0000071,None,compute,0,1694465973.0,,,1694465979.0,1694465995.0,1694466004.0,27063341.0,1694465993.0,1694466039.0,1694466017.0,1694466032.0,36612055.0,1694466039.0,1694466044.0,6.0,,14.0,46.0,5.0,9.0,240896692.0,15.0,539506600.0,poseidon,condorpool,poseidon-worker-1-container-12-15,unzip,/usr/bin/gunzip,,4.2,0,0,,,,,,,,,
unzip_ID0000051,None,compute,0,1694465973.0,,,1694465979.0,1694465995.0,1694466004.0,28641212.0,1694465993.0,1694466039.0,1694466017.0,1694466032.0,36916361.0,1694466039.0,1694466044.0,6.0,,14.0,46.0,5.0,9.0,239630266.0,15.0,544301296.0,poseidon,condorpool,poseidon-worker-1-container-16-19,unzip,/usr/bin/gunzip,,4.2,0,0,,,,,,,,,
unzip_ID0000026,None,compute,0,1694465973.0,,,1694465979.0,1694465995.0,1694466002.0,29324522.0,1694465993.0,1694466034.0,1694466015.0,1694466025.0,50266138.0,1694466034.0,1694466039.0,6.0,,14.0,41.0,5.0,7.0,227963832.0,10.0,523917888.0,poseidon,condorpool,poseidon-worker-2-container-8-11,unzip,/usr/bin/gunzip,,4.0,0,0,,,,,,,,,
unzip_ID0000091,None,compute,0,1694465973.0,,,1694465979.0,1694465996.0,1694466003.0,34673569.0,1694465994.0,1694466044.0,1694466017.0,1694466035.0,31468897.0,1694466044.0,1694466049.0,6.0,,15.0,50.0,5.0,7.0,246447087.0,18.0,539109992.0,poseidon,condorpool,poseidon-worker-2-container-40-43,unzip,/usr/bin/gunzip,,4.2,0,0,,,,,,,,,
unzip_ID0000096,None,compute,0,1694465973.0,,,1694465979.0,1694465995.0,1694466002.0,36756681.0,1694465994.0,1694466034.0,1694466014.0,1694466024.0,54285214.0,1694466034.0,1694466039.0,6.0,,15.0,40.0,5.0,7.0,240753402.0,10.0,524013876.0,poseidon,condorpool,poseidon-worker-1-container-8-11,unzip,/usr/bin/gunzip,,4.0,0,0,,,,,,,,,
unzip_ID0000081,None,compute,0,1694465973.0,,,1694465979.0,1694465996.0,1694466006.0,25452555.0,1694465994.0,1694466044.0,1694466018.0,1694466036.0,31304903.0,1694466044.0,1694466049.0,6.0,,15.0,50.0,5.0,10.0,245619741.0,18.0,543190672.0,poseidon,condorpool,poseidon-worker-1-container-44-47,unzip,/usr/bin/gunzip,,4.1,0,0,,,,,,,,,
unzip_ID0000041,cpu_3,compute,0,1694465973.0,,,1694465979.0,1694465997.0,1694466005.0,28779477.0,1694465995.0,1694466044.0,1694466018.0,1694466037.0,27874158.0,1694466044.0,1694466049.0,6.0,,16.0,49.0,5.0,8.0,238944758.0,19.0,540768928.0,poseidon,condorpool,poseidon-worker-2-container-20-23,unzip,/usr/bin/gunzip,,4.2,0,0,,,,,,,,,
unzip_ID0000001,None,compute,0,1694465973.0,,,1694465979.0,1694465995.0,1694466005.0,23601182.0,1694465994.0,1694466044.0,1694466018.0,1694466034.0,34152849.0,1694466044.0,1694466049.0,6.0,,15.0,50.0,5.0,10.0,232473216.0,16.0,561354992.0,poseidon,condorpool,poseidon-worker-1-container-40-43,unzip,/usr/bin/gunzip,,4.2,0,0,,,,,,,,,
unzip_ID0000121,None,compute,0,1694465973.0,,,1694465979.0,1694465995.0,1694466003.0,30601723.0,1694465993.0,1694466034.0,1694466016.0,1694466028.0,45404363.0,1694466034.0,1694466039.0,6.0,,14.0,41.0,5.0,8.0,250860096.0,12.0,550782944.0,poseidon,condorpool,poseidon-worker-1-container-24-27,unzip,/usr/bin/gunzip,,4.3,0,0,,,,,,,,,
unzip_ID0000061,None,compute,0,1694465973.0,,,1694465979.0,1694465996.0,1694466005.0,26635567.0,1694465994.0,1694466039.0,1694466018.0,1694466034.0,34015692.0,1694466039.0,1694466044.0,6.0,,15.0,45.0,5.0,9.0,240463185.0,16.0,541945820.0,poseidon,condorpool,poseidon-worker-1-container-32-35,unzip,/usr/bin/gunzip,,4.2,0,0,,,,,,,,,
unzip_ID0000021,None,compute,0,1694465973.0,,,1694465979.0,1694465995.0,1694466005.0,25309418.0,1694465994.0,1694466049.0,1694466018.0,1694466041.0,23617866.0,1694466049.0,1694466054.0,6.0,,15.0,55.0,5.0,10.0,235136662.0,23.0,539178100.0,poseidon,condorpool,poseidon-worker-1-container-36-39,unzip,/usr/bin/gunzip,,4.1,0,0,,,,,,,,,
unzip_ID0000086,None,compute,0,1694465973.0,,,1694465979.0,1694465995.0,1694466002.0,33578684.0,1694465994.0,1694466034.0,1694466015.0,1694466026.0,45374367.0,1694466034.0,1694466039.0,6.0,,15.0,40.0,5.0,7.0,234836668.0,11.0,518838800.0,poseidon,condorpool,poseidon-worker-2-container-36-39,unzip,/usr/bin/gunzip,,4.1,0,0,,,,,,,,,
unzip_ID0000016,None,compute,0,1694465973.0,,,1694465979.0,1694465995.0,1694466004.0,25132540.0,1694465993.0,1694466044.0,1694466017.0,1694466034.0,31724091.0,1694466044.0,1694466049.0,6.0,,14.0,51.0,5.0,9.0,225238888.0,17.0,523826084.0,poseidon,condorpool,poseidon-worker-2-container-24-27,unzip,/usr/bin/gunzip,,4.0,0,0,,,,,,,,,
unzip_ID0000036,None,compute,0,1694465973.0,,,1694465979.0,1694465995.0,1694466005.0,24021011.0,1694465993.0,1694466034.0,1694466017.0,1694466028.0,49896835.0,1694466034.0,1694466039.0,6.0,,14.0,41.0,5.0,10.0,232020704.0,11.0,526952240.0,poseidon,condorpool,poseidon-worker-1-container-28-31,unzip,/usr/bin/gunzip,,4.0,0,0,,,,,,,,,
unzip_ID0000116,None,compute,0,1694465973.0,,,1694465979.0,1694465995.0,1694466004.0,29024841.0,1694465993.0,1694466039.0,1694466017.0,1694466033.0,33643551.0,1694466039.0,1694466044.0,6.0,,14.0,46.0,5.0,9.0,249255741.0,16.0,520850676.0,poseidon,condorpool,poseidon-worker-1-container-0-3,unzip,/usr/bin/gunzip,,4.1,0,0,,,,,,,,,
unzip_ID0000066,None,compute,0,1694465973.0,,,1694465979.0,1694465996.0,1694466005.0,24973388.0,1694465994.0,1694466034.0,1694466017.0,1694466028.0,50723751.0,1694466034.0,1694466039.0,6.0,,15.0,40.0,5.0,9.0,232031705.0,11.0,523661496.0,poseidon,condorpool,poseidon-worker-2-container-32-35,unzip,/usr/bin/gunzip,,4.1,0,0,,,,,,,,,
um_vel_ID0000087,None,compute,0,1694466039.0,,,1694466044.0,1694466048.0,1694466067.0,49864583.5,1694466046.0,1694466090.0,1694466076.0,1694466079.0,177250.0,1694466090.0,1694466095.0,5.0,,2.0,44.0,5.0,19.0,695425552.0,3.0,556900.0,poseidon,condorpool,poseidon-worker-1-container-44-47,um_vel,/opt/UM_VEL/UM_VEL,,1.7,0,0,,,,,,,,,
um_vel_ID0000097,None,compute,0,1694466039.0,,,1694466044.0,1694466048.0,1694466071.0,39976293.7,1694466046.0,1694466090.0,1694466079.0,1694466082.0,175497.0,1694466090.0,1694466095.0,5.0,,2.0,44.0,5.0,23.0,700600628.0,3.0,556900.0,poseidon,condorpool,poseidon-worker-1-container-44-47,um_vel,/opt/UM_VEL/UM_VEL,,1.7,0,0,,,,,,,,,
um_vel_ID0000122,None,compute,0,1694466039.0,,,1694466044.0,1694466047.0,1694466070.0,44192814.8,1694466046.0,1694466090.0,1694466078.0,1694466081.0,177295.0,1694466090.0,1694466095.0,5.0,,2.0,44.0,5.0,23.0,727369696.0,3.0,556900.0,poseidon,condorpool,poseidon-worker-1-container-8-11,um_vel,/opt/UM_VEL/UM_VEL,,1.8,0,0,,,,,,,,,
um_vel_ID0000067,None,compute,0,1694466039.0,,,1694466044.0,1694466047.0,1694466067.0,51760179.2,1694466046.0,1694466084.0,1694466075.0,1694466079.0,172991.0,1694466084.0,1694466090.0,5.0,,2.0,38.0,6.0,20.0,700248248.0,4.0,556900.0,poseidon,condorpool,poseidon-worker-1-container-24-27,um_vel,/opt/UM_VEL/UM_VEL,,1.7,0,0,,,,,,,,,
um_vel_ID0000027,None,compute,0,1694466039.0,,,1694466044.0,1694466047.0,1694466071.0,38216842.6,1694466046.0,1694466090.0,1694466080.0,1694466083.0,177484.0,1694466090.0,1694466095.0,5.0,,2.0,44.0,5.0,24.0,700504640.0,3.0,556900.0,poseidon,condorpool,poseidon-worker-1-container-40-43,um_vel,/opt/UM_VEL/UM_VEL,,1.7,0,0,,,,,,,,,
um_vel_ID0000037,None,compute,0,1694466039.0,,,1694466044.0,1694466047.0,1694466066.0,53812599.5,1694466046.0,1694466084.0,1694466075.0,1694466078.0,172991.0,1694466084.0,1694466090.0,5.0,,2.0,38.0,6.0,19.0,703538992.0,3.0,556900.0,poseidon,condorpool,poseidon-worker-1-container-32-35,um_vel,/opt/UM_VEL/UM_VEL,,1.7,0,0,,,,,,,,,
um_vel_ID0000072,None,compute,0,1694466044.0,,,1694466049.0,1694466052.0,1694466073.0,47294804.7,1694466050.0,1694466095.0,1694466081.0,1694466084.0,175971.0,1694466095.0,1694466100.0,5.0,,1.0,45.0,5.0,21.0,716093352.0,3.0,556900.0,poseidon,condorpool,poseidon-worker-2-container-8-11,um_vel,/opt/UM_VEL/UM_VEL,,1.7,0,0,,,,,,,,,
um_vel_ID0000052,None,compute,0,1694466044.0,,,1694466049.0,1694466052.0,1694466070.0,58881510.5,1694466050.0,1694466090.0,1694466079.0,1694466082.0,177093.0,1694466090.0,1694466095.0,5.0,,1.0,40.0,5.0,18.0,720888048.0,3.0,556900.0,poseidon,condorpool,poseidon-worker-1-container-36-39,um_vel,/opt/UM_VEL/UM_VEL,,1.8,0,0,,,,,,,,,
um_vel_ID0000117,None,compute,0,1694466044.0,,,1694466049.0,1694466052.0,1694466072.0,48697162.9,1694466050.0,1694466090.0,1694466081.0,1694466084.0,177517.0,1694466090.0,1694466095.0,5.0,,1.0,40.0,5.0,20.0,697437428.0,3.0,556900.0,poseidon,condorpool,poseidon-worker-2-container-40-43,um_vel,/opt/UM_VEL/UM_VEL,,1.7,0,0,,,,,,,,,
um_vel_ID0000062,None,compute,0,1694466044.0,,,1694466049.0,1694466052.0,1694466073.0,47577624.4,1694466050.0,1694466095.0,1694466082.0,1694466085.0,175524.0,1694466095.0,1694466100.0,5.0,,1.0,45.0,5.0,21.0,718532572.0,3.0,556900.0,poseidon,condorpool,poseidon-worker-2-container-40-43,um_vel,/opt/UM_VEL/UM_VEL,,1.8,0,0,,,,,,,,,
um_vel_ID0000057,None,compute,0,1694466044.0,,,1694466049.0,1694466052.0,1694466070.0,56928746.2,1694466050.0,1694466090.0,1694466080.0,1694466083.0,176176.0,1694466090.0,1694466095.0,5.0,,1.0,40.0,5.0,18.0,704613528.0,3.0,556900.0,poseidon,condorpool,poseidon-worker-2-container-24-27,um_vel,/opt/UM_VEL/UM_VEL,,1.8,0,0,,,,,,,,,
um_vel_ID0000012,None,compute,0,1694466044.0,,,1694466049.0,1694466052.0,1694466072.0,52304128.7,1694466050.0,1694466090.0,1694466081.0,1694466084.0,177452.0,1694466090.0,1694466095.0,5.0,,1.0,40.0,5.0,20.0,741792672.0,3.0,556900.0,poseidon,condorpool,poseidon-worker-1-container-16-19,um_vel,/opt/UM_VEL/UM_VEL,,1.8,0,0,,,,,,,,,
um_vel_ID0000047,None,compute,0,1694466049.0,,,1694466054.0,1694466058.0,1694466080.0,42416877.1,1694466056.0,1694466100.0,1694466089.0,1694466092.0,178115.0,1694466100.0,1694466105.0,5.0,,2.0,44.0,5.0,22.0,700441980.0,3.0,556900.0,poseidon,condorpool,poseidon-worker-1-container-28-31,um_vel,/opt/UM_VEL/UM_VEL,,1.7,0,0,,,,,,,,,
um_vel_ID0000032,None,compute,0,1694466049.0,,,1694466054.0,1694466058.0,1694466079.0,44630601.9,1694466056.0,1694466100.0,1694466089.0,1694466092.0,178818.0,1694466100.0,1694466105.0,5.0,,2.0,44.0,5.0,21.0,716025504.0,3.0,556900.0,poseidon,condorpool,poseidon-worker-2-container-28-31,um_vel,/opt/UM_VEL/UM_VEL,,1.7,0,0,,,,,,,,,
um_vel_ID0000107,cpu_3,compute,0,1694466049.0,,,1694466054.0,1694466058.0,1694466076.0,54021777.4,1694466056.0,1694466095.0,1694466084.0,1694466087.0,178698.0,1694466095.0,1694466100.0,5.0,,2.0,39.0,5.0,18.0,678408568.0,3.0,556900.0,poseidon,condorpool,poseidon-worker-1-container-4-7,um_vel,/opt/UM_VEL/UM_VEL,,1.7,0,0,,,,,,,,,
um_vel_ID0000007,None,compute,0,1694466049.0,,,1694466054.0,1694466058.0,1694466075.0,57898587.2,1694466056.0,1694466095.0,1694466084.0,1694466087.0,176436.0,1694466095.0,1694466100.0,5.0,,2.0,39.0,5.0,17.0,678203340.0,3.0,556900.0,poseidon,condorpool,poseidon-worker-2-container-36-39,um_vel,/opt/UM_VEL/UM_VEL,,1.7,0,0,,,,,,,,,
um_vel_ID0000077,None,compute,0,1694466049.0,,,1694466054.0,1694466058.0,1694466078.0,48186177.6,1694466056.0,1694466095.0,1694466086.0,1694466089.0,174419.0,1694466095.0,1694466100.0,5.0,,2.0,39.0,5.0,20.0,700529596.0,3.0,556900.0,poseidon,condorpool,poseidon-worker-1-container-12-15,um_vel,/opt/UM_VEL/UM_VEL,,1.7,0,0,,,,,,,,,
um_vel_ID0000127,None,compute,0,1694466049.0,,,1694466054.0,1694466058.0,1694466077.0,51009734.9,1694466056.0,1694466095.0,1694466086.0,1694466089.0,169263.0,1694466095.0,1694466100.0,5.0,,2.0,39.0,5.0,19.0,697205176.0,3.0,556900.0,poseidon,condorpool,poseidon-worker-2-container-12-15,um_vel,/opt/UM_VEL/UM_VEL,,1.7,0,0,,,,,,,,,
um_vel_ID0000017,None,compute,0,1694466049.0,,,1694466054.0,1694466058.0,1694466076.0,53894332.7,1694466056.0,1694466095.0,1694466085.0,1694466088.0,175387.0,1694466095.0,1694466100.0,5.0,,2.0,39.0,5.0,18.0,700412836.0,3.0,556900.0,poseidon,condorpool,poseidon-worker-2-container-0-3,um_vel,/opt/UM_VEL/UM_VEL,,1.7,0,0,,,,,,,,,
um_vel_ID0000092,None,compute,0,1694466049.0,,,1694466054.0,1694466058.0,1694466077.0,51804198.5,1694466056.0,1694466095.0,1694466086.0,1694466089.0,174342.0,1694466095.0,1694466100.0,5.0,,2.0,39.0,5.0,19.0,715696744.0,3.0,556900.0,poseidon,condorpool,poseidon-worker-2-container-16-19,um_vel,/opt/UM_VEL/UM_VEL,,1.7,0,0,,,,,,,,,
um_vel_ID0000002,None,compute,0,1694466049.0,,,1694466054.0,1694466058.0,1694466079.0,46343621.7,1694466056.0,1694466100.0,1694466089.0,1694466092.0,176566.0,1694466100.0,1694466105.0,5.0,,2.0,44.0,5.0,21.0,737941744.0,3.0,556900.0,poseidon,condorpool,poseidon-worker-2-container-44-47,um_vel,/opt/UM_VEL/UM_VEL,,1.8,0,0,,,,,,,,,
um_vel_ID0000042,None,compute,0,1694466049.0,,,1694466054.0,1694466058.0,1694466079.0,44509959.2,1694466056.0,1694466100.0,1694466088.0,1694466091.0,177368.0,1694466100.0,1694466105.0,5.0,,2.0,44.0,5.0,21.0,717355680.0,3.0,556900.0,poseidon,condorpool,poseidon-worker-1-container-20-23,um_vel,/opt/UM_VEL/UM_VEL,,1.7,0,0,,,,,,,,,
um_vel_ID0000082,None,compute,0,1694466049.0,,,1694466054.0,1694466058.0,1694466078.0,48303868.1,1694466056.0,1694466100.0,1694466087.0,1694466090.0,174539.0,1694466100.0,1694466105.0,5.0,,2.0,44.0,5.0,20.0,719777424.0,3.0,556900.0,poseidon,condorpool,poseidon-worker-1-container-0-3,um_vel,/opt/UM_VEL/UM_VEL,,1.8,0,0,,,,,,,,,
um_vel_ID0000112,None,compute,0,1694466049.0,,,1694466054.0,1694466058.0,1694466080.0,44016771.6,1694466056.0,1694466100.0,1694466089.0,1694466093.0,177872.0,1694466100.0,1694466105.0,5.0,,2.0,44.0,5.0,22.0,744537516.0,4.0,556900.0,poseidon,condorpool,poseidon-worker-2-container-4-7,um_vel,/opt/UM_VEL/UM_VEL,,1.8,0,0,,,,,,,,,
um_vel_ID0000022,cpu_3,compute,0,1694466054.0,,,1694466059.0,1694466062.0,1694466083.0,50210562.4,1694466061.0,1694466100.0,1694466091.0,1694466094.0,179354.0,1694466100.0,1694466105.0,5.0,,2.0,39.0,5.0,21.0,715764852.0,3.0,556900.0,poseidon,condorpool,poseidon-worker-2-container-20-23,um_vel,/opt/UM_VEL/UM_VEL,,1.7,0,0,,,,,,,,,
um_vel_ID0000102,None,compute,0,1694466054.0,,,1694466059.0,1694466069.0,1694466088.0,57809742.2,1694466067.0,1694466105.0,1694466096.0,1694466099.0,176883.0,1694466105.0,1694466110.0,5.0,,8.0,38.0,5.0,19.0,738138396.0,3.0,556900.0,poseidon,condorpool,poseidon-worker-1-container-44-47,um_vel,/opt/UM_VEL/UM_VEL,,1.7,0,0,,,,,,,,,
stage_out_local_condorpool_0_0,None,transfer,0,1694466054.0,,,1694466059.0,,,0.0,1694466061.0,1694466095.0,,,0.0,1694466095.0,1694466100.0,5.0,,2.0,34.0,5.0,,,,,poseidon,local,poseidon-submit,pegasus::transfer,/mnt/poseidon-data/poseidon/pegasus-5.1.0panorama/bin/pegasus-transfer,/home/poseidon/pegasus-5.1.0panorama/bin/../bin/pegasus-kickstart  -n pegasus::transfer -N null -i - -R local  -L casa-wind-full -T 2023-09-08T07:29:05+00:00 /home/poseidon/pegasus-5.1.0panorama/bin/../bin/pegasus-transfer  --threads 2,35.3,0,0,,,,,,,,,
stage_out_local_condorpool_0_1,None,transfer,0,1694466054.0,,,1694466059.0,,,0.0,1694466061.0,1694466095.0,,,0.0,1694466095.0,1694466100.0,5.0,,2.0,34.0,5.0,,,,,poseidon,local,poseidon-submit,pegasus::transfer,/mnt/poseidon-data/poseidon/pegasus-5.1.0panorama/bin/pegasus-transfer,/home/poseidon/pegasus-5.1.0panorama/bin/../bin/pegasus-kickstart  -n pegasus::transfer -N null -i - -R local  -L casa-wind-full -T 2023-09-08T07:29:05+00:00 /home/poseidon/pegasus-5.1.0panorama/bin/../bin/pegasus-transfer  --threads 2,34.6,0,0,,,,,,,,,
stage_out_local_condorpool_0_2,None,transfer,0,1694466054.0,,,1694466059.0,,,0.0,1694466061.0,1694466095.0,,,0.0,1694466095.0,1694466100.0,5.0,,2.0,34.0,5.0,,,,,poseidon,local,poseidon-submit,pegasus::transfer,/mnt/poseidon-data/poseidon/pegasus-5.1.0panorama/bin/pegasus-transfer,/home/poseidon/pegasus-5.1.0panorama/bin/../bin/pegasus-kickstart  -n pegasus::transfer -N null -i - -R local  -L casa-wind-full -T 2023-09-08T07:29:05+00:00 /home/poseidon/pegasus-5.1.0panorama/bin/../bin/pegasus-transfer  --threads 2,35.1,0,0,,,,,,,,,
mvt_ID0000069,None,compute,0,1694466090.0,,,1694466095.0,1694466098.0,1694466109.0,32279225.2,1694466096.0,1694466165.0,1694466154.0,1694466157.0,11301.0,1694466165.0,1694466170.0,5.0,,1.0,69.0,5.0,11.0,177143652.0,3.0,35309.0,poseidon,condorpool,poseidon-worker-1-container-40-43,mvt,/opt/mvt/mvt,,39.3,0,0,0.0,790512.0,16384.0,425.0,4.0,29.9,0.1,26350.4,819.2
post_vel_ID0000068,None,compute,0,1694466090.0,,,1694466095.0,1694466098.0,1694466111.0,24579081.3,1694466096.0,1694466130.0,1694466116.0,1694466119.0,3709.0,1694466130.0,1694466135.0,5.0,,1.0,34.0,5.0,13.0,177143937.0,3.0,11398.0,poseidon,condorpool,poseidon-worker-1-container-44-47,post_vel,/opt/netcdf2png/merged_netcdf2png,,0.2,0,0,,,,,,,,,
mvt_ID0000039,None,compute,0,1694466090.0,,,1694466095.0,1694466098.0,1694466111.0,24469198.0,1694466096.0,1694466165.0,1694466155.0,1694466158.0,11216.0,1694466165.0,1694466170.0,5.0,,1.0,69.0,5.0,13.0,177143652.0,3.0,34386.0,poseidon,condorpool,poseidon-worker-1-container-44-47,mvt,/opt/mvt/mvt,,39.3,0,0,0.0,827616.0,16384.0,506.0,4.0,29.9,0.1,27587.2,819.2
post_vel_ID0000038,None,compute,0,1694466090.0,,,1694466095.0,1694466098.0,1694466109.0,34082085.4,1694466096.0,1694466125.0,1694466114.0,1694466118.0,3480.0,1694466125.0,1694466130.0,5.0,,1.0,29.0,5.0,11.0,177143937.0,4.0,11227.0,poseidon,condorpool,poseidon-worker-1-container-32-35,post_vel,/opt/netcdf2png/merged_netcdf2png,,0.1,0,0,,,,,,,,,
post_vel_ID0000013,cpu_3,compute,0,1694466095.0,,,1694466100.0,1694466103.0,1694466114.0,31185370.6,1694466101.0,1694466130.0,1694466120.0,1694466123.0,3448.0,1694466130.0,1694466135.0,5.0,,1.0,29.0,5.0,11.0,177143937.0,3.0,11040.0,poseidon,condorpool,poseidon-worker-1-container-4-7,post_vel,/opt/netcdf2png/merged_netcdf2png,,0.1,0,0,,,,,,,,,
mvt_ID0000059,None,compute,0,1694466095.0,,,1694466100.0,1694466103.0,1694466114.0,33445774.2,1694466101.0,1694466170.0,1694466159.0,1694466162.0,9249.0,1694466170.0,1694466175.0,5.0,,1.0,69.0,5.0,11.0,177143652.0,3.0,28164.0,poseidon,condorpool,poseidon-worker-2-container-16-19,mvt,/opt/mvt/mvt,,40.3,0,0,0.0,806636.0,12288.0,467.0,3.0,39.9,0.1,20165.9,1228.8
post_vel_ID0000058,None,compute,0,1694466095.0,,,1694466100.0,1694466103.0,1694466114.0,33813290.4,1694466101.0,1694466130.0,1694466119.0,1694466123.0,3404.0,1694466130.0,1694466135.0,5.0,,1.0,29.0,5.0,11.0,177143937.0,4.0,10981.0,poseidon,condorpool,poseidon-worker-2-container-28-31,post_vel,/opt/netcdf2png/merged_netcdf2png,,0.1,0,0,,,,,,,,,
post_vel_ID0000053,None,compute,0,1694466095.0,,,1694466100.0,1694466103.0,1694466114.0,34232326.4,1694466102.0,1694466130.0,1694466120.0,1694466123.0,3382.0,1694466130.0,1694466135.0,5.0,,2.0,28.0,5.0,11.0,177143937.0,3.0,11004.0,poseidon,condorpool,poseidon-worker-1-container-36-39,post_vel,/opt/netcdf2png/merged_netcdf2png,,0.1,0,0,,,,,,,,,
mvt_ID0000054,None,compute,0,1694466095.0,,,1694466100.0,1694466106.0,1694466117.0,35139473.4,1694466104.0,1694466175.0,1694466162.0,1694466166.0,9338.0,1694466175.0,1694466180.0,5.0,,4.0,71.0,5.0,11.0,177143652.0,4.0,28552.0,poseidon,condorpool,poseidon-worker-2-container-40-43,mvt,/opt/mvt/mvt,,40.2,0,0,0.0,836874.0,12288.0,533.0,3.0,39.8,0.2,20921.8,1228.8
post_vel_ID0000098,None,compute,0,1694466095.0,,,1694466100.0,1694466103.0,1694466117.0,21749498.3,1694466102.0,1694466135.0,1694466123.0,1694466126.0,4369.0,1694466135.0,1694466140.0,5.0,,2.0,33.0,5.0,14.0,177143937.0,3.0,13355.0,poseidon,condorpool,poseidon-worker-1-container-24-27,post_vel,/opt/netcdf2png/merged_netcdf2png,,0.2,0,0,,,,,,,,,
mvt_ID0000119,None,compute,0,1694466095.0,,,1694466100.0,1694466103.0,1694466114.0,31052064.6,1694466101.0,1694466170.0,1694466160.0,1694466163.0,21236.0,1694466170.0,1694466175.0,5.0,,1.0,69.0,5.0,11.0,177143652.0,3.0,65525.0,poseidon,condorpool,poseidon-worker-1-container-0-3,mvt,/opt/mvt/mvt,,40.1,0,0,0.0,806527.0,36864.0,467.0,9.0,39.8,0.1,20163.2,3686.4
post_vel_ID0000028,None,compute,0,1694466095.0,,,1694466100.0,1694466103.0,1694466114.0,29885532.6,1694466101.0,1694466130.0,1694466120.0,1694466123.0,3547.0,1694466130.0,1694466135.0,5.0,,1.0,29.0,5.0,11.0,177143937.0,3.0,11529.0,poseidon,condorpool,poseidon-worker-1-container-12-15,post_vel,/opt/netcdf2png/merged_netcdf2png,,0.1,0,0,,,,,,,,,
post_vel_ID0000118,None,compute,0,1694466095.0,,,1694466100.0,1694466103.0,1694466114.0,30557356.8,1694466101.0,1694466130.0,1694466120.0,1694466123.0,4351.0,1694466130.0,1694466135.0,5.0,,1.0,29.0,5.0,11.0,177143937.0,3.0,14402.0,poseidon,condorpool,poseidon-worker-2-container-0-3,post_vel,/opt/netcdf2png/merged_netcdf2png,,0.1,0,0,,,,,,,,,
mvt_ID0000029,None,compute,0,1694466095.0,,,1694466100.0,1694466103.0,1694466114.0,35100900.0,1694466101.0,1694466170.0,1694466158.0,1694466161.0,12552.0,1694466170.0,1694466175.0,5.0,,1.0,69.0,5.0,11.0,177143652.0,3.0,38341.0,poseidon,condorpool,poseidon-worker-1-container-16-19,mvt,/opt/mvt/mvt,,39.2,0,0,0.0,811050.0,20480.0,470.0,5.0,29.9,0.1,27035.0,1024.0
mvt_ID0000014,None,compute,0,1694466095.0,,,1694466100.0,1694466103.0,1694466114.0,34883093.6,1694466102.0,1694466170.0,1694466160.0,1694466163.0,10365.0,1694466170.0,1694466175.0,5.0,,2.0,68.0,5.0,11.0,177143652.0,3.0,31991.0,poseidon,condorpool,poseidon-worker-1-container-28-31,mvt,/opt/mvt/mvt,,40.1,0,0,0.0,808003.0,16384.0,470.0,4.0,39.9,0.1,20200.1,819.2
mvt_ID0000099,cpu_3,compute,0,1694466095.0,,,1694466100.0,1694466102.0,1694466113.0,34451342.2,1694466100.0,1694466170.0,1694466161.0,1694466164.0,16434.0,1694466170.0,1694466175.0,5.0,,0.0,70.0,5.0,11.0,177143652.0,3.0,50118.0,poseidon,condorpool,poseidon-worker-2-container-20-23,mvt,/opt/mvt/mvt,,40.2,0,0,0.0,807853.0,28672.0,470.0,7.0,37.8,0.1,20196.3,1433.6
post_vel_ID0000088,None,compute,0,1694466095.0,,,1694466100.0,1694466103.0,1694466114.0,34491898.4,1694466101.0,1694466130.0,1694466119.0,1694466123.0,3961.0,1694466130.0,1694466135.0,5.0,,1.0,29.0,5.0,11.0,177143937.0,4.0,12740.0,poseidon,condorpool,poseidon-worker-1-container-8-11,post_vel,/opt/netcdf2png/merged_netcdf2png,,0.1,0,0,,,,,,,,,
mvt_ID0000124,None,compute,0,1694466095.0,,,1694466100.0,1694466103.0,1694466114.0,34462874.8,1694466101.0,1694466170.0,1694466160.0,1694466163.0,22786.0,1694466170.0,1694466175.0,5.0,,1.0,69.0,5.0,11.0,177143652.0,3.0,70564.0,poseidon,condorpool,poseidon-worker-2-container-8-11,mvt,/opt/mvt/mvt,,41.1,0,0,0.0,806587.0,40960.0,467.0,10.0,39.8,0.2,20164.7,2048.0
mvt_ID0000089,None,compute,0,1694466095.0,,,1694466100.0,1694466103.0,1694466114.0,34617637.2,1694466101.0,1694466170.0,1694466159.0,1694466162.0,15779.0,1694466170.0,1694466175.0,5.0,,1.0,69.0,5.0,11.0,177143652.0,3.0,48475.0,poseidon,condorpool,poseidon-worker-2-container-24-27,mvt,/opt/mvt/mvt,,39.8,0,0,0.0,801466.0,24576.0,449.0,6.0,29.9,0.1,26715.5,2457.6
post_vel_ID0000123,None,compute,0,1694466095.0,,,1694466100.0,1694466103.0,1694466115.0,29987855.4,1694466101.0,1694466130.0,1694466120.0,1694466123.0,4533.0,1694466130.0,1694466135.0,5.0,,1.0,29.0,5.0,12.0,177143937.0,3.0,14777.0,poseidon,condorpool,poseidon-worker-2-container-40-43,post_vel,/opt/netcdf2png/merged_netcdf2png,,0.1,0,0,,,,,,,,,
mvt_ID0000019,None,compute,0,1694466100.0,,,1694466105.0,1694466109.0,1694466120.0,33949308.6,1694466107.0,1694466175.0,1694466165.0,1694466168.0,11814.0,1694466175.0,1694466180.0,5.0,,2.0,68.0,5.0,11.0,177143652.0,3.0,36245.0,poseidon,condorpool,poseidon-worker-2-container-4-7,mvt,/opt/mvt/mvt,,39.9,0,0,0.0,798626.0,20480.0,443.0,5.0,29.9,0.1,26620.9,1024.0
register_condorpool_0_0,None,auxiliary,0,1694466100.0,,,1694466105.0,,,0.0,1694466106.0,1694466110.0,,,0.0,1694466110.0,1694466115.0,5.0,,1.0,4.0,5.0,,,,,poseidon,local,poseidon-submit,pegasus::rc-client,/mnt/poseidon-data/poseidon/pegasus-5.1.0panorama/bin/pegasus-rc-client,"-n pegasus::rc-client -N null -R local  -L casa-wind-full -T 2023-09-08T07:29:05+00:00 /home/poseidon/pegasus-5.1.0panorama/bin/pegasus-rc-client --prefix pegasus.catalog.replica.output --conf /mnt/poseidon-data/poseidon/workflows/casa-wind-workflow-full/submit/poseidon/pegasus/casa-wind-full/run0390/pegasus.7438338114586602237.properties -v --meta /mnt/poseidon-data/poseidon/workflows/casa-wind-workflow-full/submit/poseidon/pegasus/casa-wind-full/run0390/00/00/unzip_ID0000001.meta,/mnt/poseidon-data/poseidon/workflows/casa-wind-workflow-full/submit/poseidon/pegasus/casa-wind-full/run0390/00/00/unzip_ID0000071.meta,/mnt/poseidon-data/poseidon/workflows/casa-wind-workflow-full/submit/poseidon/pegasus/casa-wind-full/run0390/00/00/unzip_ID0000076.meta,/mnt/poseidon-data/poseidon/workflows/casa-wind-workflow-full/submit/poseidon/pegasus/casa-wind-full/run0390/00/00/unzip_ID0000051.meta,/mnt/poseidon-data/poseidon/workflows/casa-wind-workflow-full/submit/poseidon/pegasus/casa-wind-full/run0390/00/00/unzip_ID0000026.meta,/mnt/poseidon-data/poseidon/workflows/casa-wind-workflow-full/submit/poseidon/pegasus/casa-wind-full/run0390/00/00/unzip_ID0000101.meta,/mnt/poseidon-data/poseidon/workflows/casa-wind-workflow-full/submit/poseidon/pegasus/casa-wind-full/run0390/00/00/unzip_ID0000006.meta,/mnt/poseidon-data/poseidon/workflows/casa-wind-workflow-full/submit/poseidon/pegasus/casa-wind-full/run0390/00/00/unzip_ID0000121.meta,/mnt/poseidon-data/poseidon/workflows/casa-wind-workflow-full/submit/poseidon/pegasus/casa-wind-full/run0390/00/00/unzip_ID0000111.meta,/mnt/poseidon-data/poseidon/workflows/casa-wind-workflow-full/submit/poseidon/pegasus/casa-wind-full/run0390/00/00/unzip_ID0000126.meta,/mnt/poseidon-data/poseidon/workflows/casa-wind-workflow-full/submit/poseidon/pegasus/casa-wind-full/run0390/00/00/unzip_ID0000046.meta,/mnt/poseidon-data/poseidon/workflows/casa-wind-workflow-full/submit/poseidon/pegasus/casa-wind-full/run0390/00/00/unzip_ID0000081.meta,/mnt/poseidon-data/poseidon/workflows/casa-wind-workflow-full/submit/poseidon/pegasus/casa-wind-full/run0390/00/00/unzip_ID0000096.meta,/mnt/poseidon-data/poseidon/workflows/casa-wind-workflow-full/submit/poseidon/pegasus/casa-wind-full/run0390/00/00/unzip_ID0000016.meta,/mnt/poseidon-data/poseidon/workflows/casa-wind-workflow-full/submit/poseidon/pegasus/casa-wind-full/run0390/00/00/unzip_ID0000041.meta,/mnt/poseidon-data/poseidon/workflows/casa-wind-workflow-full/submit/poseidon/pegasus/casa-wind-full/run0390/00/00/unzip_ID0000116.meta,/mnt/poseidon-data/poseidon/workflows/casa-wind-workflow-full/submit/poseidon/pegasus/casa-wind-full/run0390/00/00/unzip_ID0000036.meta,/mnt/poseidon-data/poseidon/workflows/casa-wind-workflow-full/submit/poseidon/pegasus/casa-wind-full/run0390/00/00/unzip_ID0000106.meta,/mnt/poseidon-data/poseidon/workflows/casa-wind-workflow-full/submit/poseidon/pegasus/casa-wind-full/run0390/00/00/unzip_ID0000031.meta,/mnt/poseidon-data/poseidon/workflows/casa-wind-workflow-full/submit/poseidon/pegasus/casa-wind-full/run0390/00/00/unzip_ID0000091.meta,/mnt/poseidon-data/poseidon/workflows/casa-wind-workflow-full/submit/poseidon/pegasus/casa-wind-full/run0390/00/00/unzip_ID0000061.meta,/mnt/poseidon-data/poseidon/workflows/casa-wind-workflow-full/submit/poseidon/pegasus/casa-wind-full/run0390/00/00/unzip_ID0000066.meta,/mnt/poseidon-data/poseidon/workflows/casa-wind-workflow-full/submit/poseidon/pegasus/casa-wind-full/run0390/00/00/unzip_ID0000056.meta,/mnt/poseidon-data/poseidon/workflows/casa-wind-workflow-full/submit/poseidon/pegasus/casa-wind-full/run0390/00/00/unzip_ID0000086.meta,/mnt/poseidon-data/poseidon/workflows/casa-wind-workflow-full/submit/poseidon/pegasus/casa-wind-full/run0390/00/00/unzip_ID0000011.meta,/mnt/poseidon-data/poseidon/workflows/casa-wind-workflow-full/submit/poseidon/pegasus/casa-wind-full/run0390/00/00/unzip_ID0000021.meta --insert /mnt/poseidon-data/poseidon/workflows/casa-wind-workflow-full/submit/poseidon/pegasus/casa-wind-full/run0390/00/00/register_condorpool_0_0.in",2.9,0,0,,,,,,,,,
mvt_ID0000109,None,compute,0,1694466100.0,,,1694466105.0,1694466119.0,1694466133.0,21457320.0,1694466117.0,1694466191.0,1694466178.0,1694466181.0,19324.0,1694466191.0,1694466196.0,5.0,,12.0,74.0,5.0,14.0,177143652.0,3.0,59954.0,poseidon,condorpool,poseidon-worker-1-container-32-35,mvt,/opt/mvt/mvt,,39.8,0,0,0.0,791980.0,32768.0,428.0,8.0,29.9,0.1,26399.3,1638.4
post_vel_ID0000108,cpu_3,compute,0,1694466100.0,,,1694466105.0,1694466120.0,1694466133.0,33603860.2,1694466117.0,1694466150.0,1694466139.0,1694466142.0,4299.0,1694466150.0,1694466155.0,5.0,,12.0,33.0,5.0,13.0,177143937.0,3.0,13907.0,poseidon,condorpool,poseidon-worker-2-container-20-23,post_vel,/opt/netcdf2png/merged_netcdf2png,,0.1,0,0,,,,,,,,,
post_vel_ID0000008,None,compute,0,1694466100.0,,,1694466105.0,1694466108.0,1694466119.0,34329571.2,1694466106.0,1694466135.0,1694466125.0,1694466128.0,3594.0,1694466135.0,1694466140.0,5.0,,1.0,29.0,5.0,11.0,177143937.0,3.0,10982.0,poseidon,condorpool,poseidon-worker-1-container-44-47,post_vel,/opt/netcdf2png/merged_netcdf2png,,0.2,0,0,,,,,,,,,
mvt_ID0000009,None,compute,0,1694466100.0,,,1694466105.0,1694466108.0,1694466119.0,34839189.6,1694466106.0,1694466175.0,1694466164.0,1694466167.0,11547.0,1694466175.0,1694466180.0,5.0,,1.0,69.0,5.0,11.0,177143652.0,3.0,35429.0,poseidon,condorpool,poseidon-worker-1-container-20-23,mvt,/opt/mvt/mvt,,39.9,0,0,0.0,801483.0,20480.0,449.0,5.0,29.9,0.1,26716.1,1024.0
post_vel_ID0000128,None,compute,0,1694466100.0,,,1694466105.0,1694466108.0,1694466119.0,31242256.6,1694466106.0,1694466135.0,1694466125.0,1694466128.0,4687.0,1694466135.0,1694466140.0,5.0,,1.0,29.0,5.0,11.0,177143937.0,3.0,14512.0,poseidon,condorpool,poseidon-worker-2-container-44-47,post_vel,/opt/netcdf2png/merged_netcdf2png,,0.1,0,0,,,,,,,,,
mvt_ID0000129,None,compute,0,1694466100.0,,,1694466105.0,1694466108.0,1694466119.0,34234681.4,1694466106.0,1694466175.0,1694466165.0,1694466168.0,20878.0,1694466175.0,1694466180.0,5.0,,1.0,69.0,5.0,11.0,177143652.0,3.0,64489.0,poseidon,condorpool,poseidon-worker-2-container-12-15,mvt,/opt/mvt/mvt,,39.9,0,0,0.0,798724.0,36864.0,443.0,9.0,29.9,0.1,26624.1,3686.4
mvt_ID0000079,None,compute,0,1694466100.0,,,1694466105.0,1694466119.0,1694466130.0,34465194.4,1694466117.0,1694466186.0,1694466175.0,1694466178.0,14528.0,1694466186.0,1694466191.0,5.0,,12.0,69.0,5.0,11.0,177143652.0,3.0,45337.0,poseidon,condorpool,poseidon-worker-2-container-36-39,mvt,/opt/mvt/mvt,,39.8,0,0,0.0,794723.0,24576.0,434.0,6.0,29.9,0.1,26490.8,1228.8
post_vel_ID0000078,None,compute,0,1694466100.0,,,1694466105.0,1694466120.0,1694466132.0,27251306.3,1694466118.0,1694466150.0,1694466138.0,1694466141.0,3960.0,1694466150.0,1694466155.0,5.0,,13.0,32.0,5.0,12.0,177143937.0,3.0,12264.0,poseidon,condorpool,poseidon-worker-1-container-36-39,post_vel,/opt/netcdf2png/merged_netcdf2png,,0.1,0,0,,,,,,,,,
register_condorpool_0_1,None,auxiliary,0,1694466100.0,,,1694466115.0,,,0.0,1694466116.0,1694466120.0,,,0.0,1694466120.0,1694466125.0,15.0,,1.0,4.0,5.0,,,,,poseidon,local,poseidon-submit,pegasus::rc-client,/mnt/poseidon-data/poseidon/pegasus-5.1.0panorama/bin/pegasus-rc-client,"-n pegasus::rc-client -N null -R local  -L casa-wind-full -T 2023-09-08T07:29:05+00:00 /home/poseidon/pegasus-5.1.0panorama/bin/pegasus-rc-client --prefix pegasus.catalog.replica.output --conf /mnt/poseidon-data/poseidon/workflows/casa-wind-workflow-full/submit/poseidon/pegasus/casa-wind-full/run0390/pegasus.7438338114586602237.properties -v --meta /mnt/poseidon-data/poseidon/workflows/casa-wind-workflow-full/submit/poseidon/pegasus/casa-wind-full/run0390/00/00/unzip_ID0000001.meta,/mnt/poseidon-data/poseidon/workflows/casa-wind-workflow-full/submit/poseidon/pegasus/casa-wind-full/run0390/00/00/unzip_ID0000071.meta,/mnt/poseidon-data/poseidon/workflows/casa-wind-workflow-full/submit/poseidon/pegasus/casa-wind-full/run0390/00/00/unzip_ID0000076.meta,/mnt/poseidon-data/poseidon/workflows/casa-wind-workflow-full/submit/poseidon/pegasus/casa-wind-full/run0390/00/00/unzip_ID0000051.meta,/mnt/poseidon-data/poseidon/workflows/casa-wind-workflow-full/submit/poseidon/pegasus/casa-wind-full/run0390/00/00/unzip_ID0000026.meta,/mnt/poseidon-data/poseidon/workflows/casa-wind-workflow-full/submit/poseidon/pegasus/casa-wind-full/run0390/00/00/unzip_ID0000101.meta,/mnt/poseidon-data/poseidon/workflows/casa-wind-workflow-full/submit/poseidon/pegasus/casa-wind-full/run0390/00/00/unzip_ID0000006.meta,/mnt/poseidon-data/poseidon/workflows/casa-wind-workflow-full/submit/poseidon/pegasus/casa-wind-full/run0390/00/00/unzip_ID0000121.meta,/mnt/poseidon-data/poseidon/workflows/casa-wind-workflow-full/submit/poseidon/pegasus/casa-wind-full/run0390/00/00/unzip_ID0000111.meta,/mnt/poseidon-data/poseidon/workflows/casa-wind-workflow-full/submit/poseidon/pegasus/casa-wind-full/run0390/00/00/unzip_ID0000126.meta,/mnt/poseidon-data/poseidon/workflows/casa-wind-workflow-full/submit/poseidon/pegasus/casa-wind-full/run0390/00/00/unzip_ID0000046.meta,/mnt/poseidon-data/poseidon/workflows/casa-wind-workflow-full/submit/poseidon/pegasus/casa-wind-full/run0390/00/00/unzip_ID0000081.meta,/mnt/poseidon-data/poseidon/workflows/casa-wind-workflow-full/submit/poseidon/pegasus/casa-wind-full/run0390/00/00/unzip_ID0000096.meta,/mnt/poseidon-data/poseidon/workflows/casa-wind-workflow-full/submit/poseidon/pegasus/casa-wind-full/run0390/00/00/unzip_ID0000016.meta,/mnt/poseidon-data/poseidon/workflows/casa-wind-workflow-full/submit/poseidon/pegasus/casa-wind-full/run0390/00/00/unzip_ID0000041.meta,/mnt/poseidon-data/poseidon/workflows/casa-wind-workflow-full/submit/poseidon/pegasus/casa-wind-full/run0390/00/00/unzip_ID0000116.meta,/mnt/poseidon-data/poseidon/workflows/casa-wind-workflow-full/submit/poseidon/pegasus/casa-wind-full/run0390/00/00/unzip_ID0000036.meta,/mnt/poseidon-data/poseidon/workflows/casa-wind-workflow-full/submit/poseidon/pegasus/casa-wind-full/run0390/00/00/unzip_ID0000106.meta,/mnt/poseidon-data/poseidon/workflows/casa-wind-workflow-full/submit/poseidon/pegasus/casa-wind-full/run0390/00/00/unzip_ID0000031.meta,/mnt/poseidon-data/poseidon/workflows/casa-wind-workflow-full/submit/poseidon/pegasus/casa-wind-full/run0390/00/00/unzip_ID0000091.meta,/mnt/poseidon-data/poseidon/workflows/casa-wind-workflow-full/submit/poseidon/pegasus/casa-wind-full/run0390/00/00/unzip_ID0000061.meta,/mnt/poseidon-data/poseidon/workflows/casa-wind-workflow-full/submit/poseidon/pegasus/casa-wind-full/run0390/00/00/unzip_ID0000066.meta,/mnt/poseidon-data/poseidon/workflows/casa-wind-workflow-full/submit/poseidon/pegasus/casa-wind-full/run0390/00/00/unzip_ID0000056.meta,/mnt/poseidon-data/poseidon/workflows/casa-wind-workflow-full/submit/poseidon/pegasus/casa-wind-full/run0390/00/00/unzip_ID0000086.meta,/mnt/poseidon-data/poseidon/workflows/casa-wind-workflow-full/submit/poseidon/pegasus/casa-wind-full/run0390/00/00/unzip_ID0000011.meta,/mnt/poseidon-data/poseidon/workflows/casa-wind-workflow-full/submit/poseidon/pegasus/casa-wind-full/run0390/00/00/unzip_ID0000021.meta --insert /mnt/poseidon-data/poseidon/workflows/casa-wind-workflow-full/submit/poseidon/pegasus/casa-wind-full/run0390/00/00/register_condorpool_0_1.in",3.3,0,0,,,,,,,,,
post_vel_ID0000063,None,compute,0,1694466100.0,,,1694466105.0,1694466119.0,1694466130.0,29676931.0,1694466116.0,1694466145.0,1694466135.0,1694466138.0,3807.0,1694466145.0,1694466150.0,5.0,,11.0,29.0,5.0,11.0,177143937.0,3.0,11628.0,poseidon,condorpool,poseidon-worker-1-container-40-43,post_vel,/opt/netcdf2png/merged_netcdf2png,,0.1,0,0,,,,,,,,,
register_condorpool_0_2,None,auxiliary,0,1694466100.0,,,1694466125.0,,,0.0,1694466125.0,1694466130.0,,,0.0,1694466130.0,1694466135.0,25.0,,0.0,5.0,5.0,,,,,poseidon,local,poseidon-submit,pegasus::rc-client,/mnt/poseidon-data/poseidon/pegasus-5.1.0panorama/bin/pegasus-rc-client,"-n pegasus::rc-client -N null -R local  -L casa-wind-full -T 2023-09-08T07:29:05+00:00 /home/poseidon/pegasus-5.1.0panorama/bin/pegasus-rc-client --prefix pegasus.catalog.replica.output --conf /mnt/poseidon-data/poseidon/workflows/casa-wind-workflow-full/submit/poseidon/pegasus/casa-wind-full/run0390/pegasus.7438338114586602237.properties -v --meta /mnt/poseidon-data/poseidon/workflows/casa-wind-workflow-full/submit/poseidon/pegasus/casa-wind-full/run0390/00/00/unzip_ID0000001.meta,/mnt/poseidon-data/poseidon/workflows/casa-wind-workflow-full/submit/poseidon/pegasus/casa-wind-full/run0390/00/00/unzip_ID0000071.meta,/mnt/poseidon-data/poseidon/workflows/casa-wind-workflow-full/submit/poseidon/pegasus/casa-wind-full/run0390/00/00/unzip_ID0000076.meta,/mnt/poseidon-data/poseidon/workflows/casa-wind-workflow-full/submit/poseidon/pegasus/casa-wind-full/run0390/00/00/unzip_ID0000051.meta,/mnt/poseidon-data/poseidon/workflows/casa-wind-workflow-full/submit/poseidon/pegasus/casa-wind-full/run0390/00/00/unzip_ID0000026.meta,/mnt/poseidon-data/poseidon/workflows/casa-wind-workflow-full/submit/poseidon/pegasus/casa-wind-full/run0390/00/00/unzip_ID0000101.meta,/mnt/poseidon-data/poseidon/workflows/casa-wind-workflow-full/submit/poseidon/pegasus/casa-wind-full/run0390/00/00/unzip_ID0000006.meta,/mnt/poseidon-data/poseidon/workflows/casa-wind-workflow-full/submit/poseidon/pegasus/casa-wind-full/run0390/00/00/unzip_ID0000121.meta,/mnt/poseidon-data/poseidon/workflows/casa-wind-workflow-full/submit/poseidon/pegasus/casa-wind-full/run0390/00/00/unzip_ID0000111.meta,/mnt/poseidon-data/poseidon/workflows/casa-wind-workflow-full/submit/poseidon/pegasus/casa-wind-full/run0390/00/00/unzip_ID0000126.meta,/mnt/poseidon-data/poseidon/workflows/casa-wind-workflow-full/submit/poseidon/pegasus/casa-wind-full/run0390/00/00/unzip_ID0000046.meta,/mnt/poseidon-data/poseidon/workflows/casa-wind-workflow-full/submit/poseidon/pegasus/casa-wind-full/run0390/00/00/unzip_ID0000081.meta,/mnt/poseidon-data/poseidon/workflows/casa-wind-workflow-full/submit/poseidon/pegasus/casa-wind-full/run0390/00/00/unzip_ID0000096.meta,/mnt/poseidon-data/poseidon/workflows/casa-wind-workflow-full/submit/poseidon/pegasus/casa-wind-full/run0390/00/00/unzip_ID0000016.meta,/mnt/poseidon-data/poseidon/workflows/casa-wind-workflow-full/submit/poseidon/pegasus/casa-wind-full/run0390/00/00/unzip_ID0000041.meta,/mnt/poseidon-data/poseidon/workflows/casa-wind-workflow-full/submit/poseidon/pegasus/casa-wind-full/run0390/00/00/unzip_ID0000116.meta,/mnt/poseidon-data/poseidon/workflows/casa-wind-workflow-full/submit/poseidon/pegasus/casa-wind-full/run0390/00/00/unzip_ID0000036.meta,/mnt/poseidon-data/poseidon/workflows/casa-wind-workflow-full/submit/poseidon/pegasus/casa-wind-full/run0390/00/00/unzip_ID0000106.meta,/mnt/poseidon-data/poseidon/workflows/casa-wind-workflow-full/submit/poseidon/pegasus/casa-wind-full/run0390/00/00/unzip_ID0000031.meta,/mnt/poseidon-data/poseidon/workflows/casa-wind-workflow-full/submit/poseidon/pegasus/casa-wind-full/run0390/00/00/unzip_ID0000091.meta,/mnt/poseidon-data/poseidon/workflows/casa-wind-workflow-full/submit/poseidon/pegasus/casa-wind-full/run0390/00/00/unzip_ID0000061.meta,/mnt/poseidon-data/poseidon/workflows/casa-wind-workflow-full/submit/poseidon/pegasus/casa-wind-full/run0390/00/00/unzip_ID0000066.meta,/mnt/poseidon-data/poseidon/workflows/casa-wind-workflow-full/submit/poseidon/pegasus/casa-wind-full/run0390/00/00/unzip_ID0000056.meta,/mnt/poseidon-data/poseidon/workflows/casa-wind-workflow-full/submit/poseidon/pegasus/casa-wind-full/run0390/00/00/unzip_ID0000086.meta,/mnt/poseidon-data/poseidon/workflows/casa-wind-workflow-full/submit/poseidon/pegasus/casa-wind-full/run0390/00/00/unzip_ID0000011.meta,/mnt/poseidon-data/poseidon/workflows/casa-wind-workflow-full/submit/poseidon/pegasus/casa-wind-full/run0390/00/00/unzip_ID0000021.meta --insert /mnt/poseidon-data/poseidon/workflows/casa-wind-workflow-full/submit/poseidon/pegasus/casa-wind-full/run0390/00/00/register_condorpool_0_2.in",3.1,0,0,,,,,,,,,
post_vel_ID0000018,None,compute,0,1694466100.0,,,1694466105.0,1694466108.0,1694466119.0,34439640.4,1694466107.0,1694466135.0,1694466125.0,1694466128.0,3788.0,1694466135.0,1694466140.0,5.0,,2.0,28.0,5.0,11.0,177143937.0,3.0,11645.0,poseidon,condorpool,poseidon-worker-2-container-36-39,post_vel,/opt/netcdf2png/merged_netcdf2png,,0.1,0,0,,,,,,,,,
mvt_ID0000074,None,compute,0,1694466100.0,,,1694466105.0,1694466121.0,1694466132.0,29755253.5,1694466120.0,1694466191.0,1694466177.0,1694466180.0,12470.0,1694466191.0,1694466196.0,5.0,,15.0,71.0,5.0,11.0,177143652.0,3.0,38855.0,poseidon,condorpool,poseidon-worker-2-container-40-43,mvt,/opt/mvt/mvt,,39.8,0,0,0.0,824955.0,20480.0,500.0,5.0,29.9,0.1,27498.5,1024.0
post_vel_ID0000073,None,compute,0,1694466100.0,,,1694466105.0,1694466119.0,1694466130.0,35369981.4,1694466117.0,1694466145.0,1694466135.0,1694466138.0,3811.0,1694466145.0,1694466150.0,5.0,,12.0,28.0,5.0,11.0,177143937.0,3.0,11825.0,poseidon,condorpool,poseidon-worker-1-container-44-47,post_vel,/opt/netcdf2png/merged_netcdf2png,,0.1,0,0,,,,,,,,,
post_vel_ID0000093,None,compute,0,1694466100.0,,,1694466105.0,1694466118.0,1694466130.0,28194437.8,1694466116.0,1694466145.0,1694466136.0,1694466139.0,4291.0,1694466145.0,1694466150.0,5.0,,11.0,29.0,5.0,12.0,177143937.0,3.0,13303.0,poseidon,condorpool,poseidon-worker-2-container-24-27,post_vel,/opt/netcdf2png/merged_netcdf2png,,0.1,0,0,,,,,,,,,
mvt_ID0000064,None,compute,0,1694466100.0,,,1694466105.0,1694466119.0,1694466131.0,24487581.7,1694466116.0,1694466186.0,1694466176.0,1694466180.0,9993.0,1694466186.0,1694466191.0,5.0,,11.0,70.0,5.0,12.0,177143652.0,4.0,31148.0,poseidon,condorpool,poseidon-worker-1-container-24-27,mvt,/opt/mvt/mvt,,39.8,0,0,0.0,791978.0,16384.0,428.0,4.0,29.9,0.1,26399.3,819.2
mvt_ID0000094,None,compute,0,1694466100.0,,,1694466105.0,1694466120.0,1694466131.0,31512309.2,1694466118.0,1694466186.0,1694466176.0,1694466179.0,16808.0,1694466186.0,1694466191.0,5.0,,13.0,68.0,5.0,11.0,177143652.0,3.0,52407.0,poseidon,condorpool,poseidon-worker-1-container-28-31,mvt,/opt/mvt/mvt,,39.9,0,0,0.0,822139.0,28672.0,494.0,7.0,29.9,0.1,27404.6,1433.6
mvt_ID0000114,cpu_3,compute,0,1694466105.0,,,1694466110.0,1694466119.0,1694466130.0,33987583.0,1694466117.0,1694466186.0,1694466175.0,1694466178.0,23448.0,1694466186.0,1694466191.0,5.0,,7.0,69.0,5.0,11.0,177143652.0,3.0,73234.0,poseidon,condorpool,poseidon-worker-1-container-4-7,mvt,/opt/mvt/mvt,,39.9,0,0,0.0,790440.0,40960.0,425.0,10.0,29.9,0.1,26348.0,4096.0
mvt_ID0000024,None,compute,0,1694466105.0,,,1694466110.0,1694466120.0,1694466131.0,27989719.8,1694466118.0,1694466186.0,1694466176.0,1694466179.0,9943.0,1694466186.0,1694466191.0,5.0,,8.0,68.0,5.0,11.0,177143652.0,3.0,30705.0,poseidon,condorpool,poseidon-worker-2-container-0-3,mvt,/opt/mvt/mvt,,39.0,0,0,0.0,791888.0,16384.0,428.0,4.0,29.9,0.1,26396.3,819.2
post_vel_ID0000023,None,compute,0,1694466105.0,,,1694466110.0,1694466119.0,1694466132.0,24327576.0,1694466117.0,1694466150.0,1694466137.0,1694466140.0,3698.0,1694466150.0,1694466155.0,5.0,,7.0,33.0,5.0,13.0,177143937.0,3.0,11372.0,poseidon,condorpool,poseidon-worker-2-container-16-19,post_vel,/opt/netcdf2png/merged_netcdf2png,,0.2,0,0,,,,,,,,,
stage_out_local_condorpool_1_2,None,transfer,0,1694466105.0,,,1694466110.0,,,0.0,1694466111.0,1694466120.0,,,0.0,1694466120.0,1694466125.0,5.0,,1.0,9.0,5.0,,,,,poseidon,local,poseidon-submit,pegasus::transfer,/mnt/poseidon-data/poseidon/pegasus-5.1.0panorama/bin/pegasus-transfer,/home/poseidon/pegasus-5.1.0panorama/bin/../bin/pegasus-kickstart  -n pegasus::transfer -N null -i - -R local  -L casa-wind-full -T 2023-09-08T07:29:05+00:00 /home/poseidon/pegasus-5.1.0panorama/bin/../bin/pegasus-transfer  --threads 2,0.8,0,0,,,,,,,,,
post_vel_ID0000048,None,compute,0,1694466105.0,,,1694466110.0,1694466119.0,1694466132.0,24099503.4,1694466117.0,1694466150.0,1694466137.0,1694466140.0,3365.0,1694466150.0,1694466155.0,5.0,,7.0,33.0,5.0,13.0,177143937.0,3.0,10371.0,poseidon,condorpool,poseidon-worker-2-container-12-15,post_vel,/opt/netcdf2png/merged_netcdf2png,,0.1,0,0,,,,,,,,,
mvt_ID0000049,None,compute,0,1694466105.0,,,1694466110.0,1694466119.0,1694466132.0,22455720.9,1694466117.0,1694466191.0,1694466177.0,1694466180.0,7824.0,1694466191.0,1694466196.0,5.0,,7.0,74.0,5.0,13.0,177143652.0,3.0,24108.0,poseidon,condorpool,poseidon-worker-2-container-28-31,mvt,/opt/mvt/mvt,,39.8,0,0,0.0,789220.0,12288.0,422.0,3.0,29.9,0.1,26307.3,1228.8
mvt_ID0000084,None,compute,0,1694466105.0,,,1694466110.0,1694466119.0,1694466130.0,29949954.0,1694466117.0,1694466186.0,1694466175.0,1694466178.0,15343.0,1694466186.0,1694466191.0,5.0,,7.0,69.0,5.0,11.0,177143652.0,3.0,47998.0,poseidon,condorpool,poseidon-worker-1-container-8-11,mvt,/opt/mvt/mvt,,39.9,0,0,0.0,791939.0,24576.0,428.0,6.0,29.9,0.1,26398.0,1228.8
stage_out_local_condorpool_1_0,None,transfer,0,1694466105.0,,,1694466110.0,,,0.0,1694466111.0,1694466120.0,,,0.0,1694466120.0,1694466125.0,5.0,,1.0,9.0,5.0,,,,,poseidon,local,poseidon-submit,pegasus::transfer,/mnt/poseidon-data/poseidon/pegasus-5.1.0panorama/bin/pegasus-transfer,/home/poseidon/pegasus-5.1.0panorama/bin/../bin/pegasus-kickstart  -n pegasus::transfer -N null -i - -R local  -L casa-wind-full -T 2023-09-08T07:29:05+00:00 /home/poseidon/pegasus-5.1.0panorama/bin/../bin/pegasus-transfer  --threads 2,0.9,0,0,,,,,,,,,
mvt_ID0000004,None,compute,0,1694466105.0,,,1694466110.0,1694466118.0,1694466131.0,24966615.1,1694466116.0,1694466186.0,1694466176.0,1694466179.0,9272.0,1694466186.0,1694466191.0,5.0,,6.0,70.0,5.0,13.0,177143652.0,3.0,28781.0,poseidon,condorpool,poseidon-worker-2-container-32-35,mvt,/opt/mvt/mvt,,39.9,0,0,0.0,790402.0,16384.0,425.0,4.0,29.9,0.1,26346.7,819.2
post_vel_ID0000003,None,compute,0,1694466105.0,,,1694466110.0,1694466120.0,1694466131.0,28413738.2,1694466118.0,1694466150.0,1694466137.0,1694466140.0,3462.0,1694466150.0,1694466155.0,5.0,,8.0,32.0,5.0,11.0,177143937.0,3.0,10865.0,poseidon,condorpool,poseidon-worker-2-container-4-7,post_vel,/opt/netcdf2png/merged_netcdf2png,,0.1,0,0,,,,,,,,,
mvt_ID0000034,None,compute,0,1694466105.0,,,1694466110.0,1694466119.0,1694466131.0,28991821.0,1694466117.0,1694466186.0,1694466174.0,1694466177.0,10055.0,1694466186.0,1694466191.0,5.0,,7.0,69.0,5.0,12.0,177143652.0,3.0,30976.0,poseidon,condorpool,poseidon-worker-1-container-12-15,mvt,/opt/mvt/mvt,,38.2,0,0,0.0,789216.0,16384.0,422.0,4.0,29.9,0.1,26307.2,819.2
post_vel_ID0000033,None,compute,0,1694466105.0,,,1694466110.0,1694466119.0,1694466137.0,14056307.2,1694466117.0,1694466155.0,1694466143.0,1694466146.0,3751.0,1694466155.0,1694466160.0,5.0,,7.0,38.0,5.0,18.0,177143937.0,3.0,11464.0,poseidon,condorpool,poseidon-worker-1-container-16-19,post_vel,/opt/netcdf2png/merged_netcdf2png,,0.1,0,0,,,,,,,,,
post_vel_ID0000113,None,compute,0,1694466105.0,,,1694466110.0,1694466119.0,1694466134.0,19611215.6,1694466117.0,1694466150.0,1694466139.0,1694466142.0,4816.0,1694466150.0,1694466155.0,5.0,,7.0,33.0,5.0,15.0,177143937.0,3.0,14745.0,poseidon,condorpool,poseidon-worker-2-container-8-11,post_vel,/opt/netcdf2png/merged_netcdf2png,,0.1,0,0,,,,,,,,,
post_vel_ID0000043,None,compute,0,1694466105.0,,,1694466110.0,1694466120.0,1694466131.0,34766629.2,1694466118.0,1694466150.0,1694466137.0,1694466140.0,3612.0,1694466150.0,1694466155.0,5.0,,8.0,32.0,5.0,11.0,177143937.0,3.0,11050.0,poseidon,condorpool,poseidon-worker-2-container-44-47,post_vel,/opt/netcdf2png/merged_netcdf2png,,0.1,0,0,,,,,,,,,
post_vel_ID0000083,None,compute,0,1694466105.0,,,1694466110.0,1694466119.0,1694466132.0,22627634.3,1694466117.0,1694466150.0,1694466138.0,1694466141.0,4120.0,1694466150.0,1694466155.0,5.0,,7.0,33.0,5.0,13.0,177143937.0,3.0,12720.0,poseidon,condorpool,poseidon-worker-1-container-0-3,post_vel,/opt/netcdf2png/merged_netcdf2png,,0.1,0,0,,,,,,,,,
mvt_ID0000044,None,compute,0,1694466105.0,,,1694466110.0,1694466119.0,1694466130.0,34191595.2,1694466117.0,1694466186.0,1694466175.0,1694466178.0,9114.0,1694466186.0,1694466191.0,5.0,,7.0,69.0,5.0,11.0,177143652.0,3.0,28113.0,poseidon,condorpool,poseidon-worker-1-container-20-23,mvt,/opt/mvt/mvt,,39.9,0,0,0.0,822138.0,12288.0,494.0,3.0,29.9,0.1,27404.6,1228.8
post_vel_ID0000103,None,compute,0,1694466110.0,,,1694466115.0,1694466119.0,1694466130.0,29656548.8,1694466116.0,1694466145.0,1694466135.0,1694466139.0,4433.0,1694466145.0,1694466150.0,5.0,,1.0,29.0,5.0,11.0,177143937.0,4.0,13815.0,poseidon,condorpool,poseidon-worker-1-container-16-19,post_vel,/opt/netcdf2png/merged_netcdf2png,,0.1,0,0,,,,,,,,,
mvt_ID0000104,None,compute,0,1694466110.0,,,1694466115.0,1694466119.0,1694466131.0,25003536.7,1694466117.0,1694466186.0,1694466177.0,1694466180.0,19155.0,1694466186.0,1694466191.0,5.0,,2.0,69.0,5.0,12.0,177143652.0,3.0,59590.0,poseidon,condorpool,poseidon-worker-1-container-40-43,mvt,/opt/mvt/mvt,,39.8,0,0,0.0,846841.0,32768.0,548.0,8.0,29.9,0.1,28228.0,3276.8
stage_out_local_condorpool_1_1,None,transfer,0,1694466110.0,,,1694466115.0,,,0.0,1694466116.0,1694466125.0,,,0.0,1694466125.0,1694466130.0,5.0,,1.0,9.0,5.0,,,,,poseidon,local,poseidon-submit,pegasus::transfer,/mnt/poseidon-data/poseidon/pegasus-5.1.0panorama/bin/pegasus-transfer,/home/poseidon/pegasus-5.1.0panorama/bin/../bin/pegasus-kickstart  -n pegasus::transfer -N null -i - -R local  -L casa-wind-full -T 2023-09-08T07:29:05+00:00 /home/poseidon/pegasus-5.1.0panorama/bin/../bin/pegasus-transfer  --threads 2,1.0,0,0,,,,,,,,,
register_condorpool_1_0,None,auxiliary,0,1694466125.0,,,1694466135.0,,,0.0,1694466136.0,1694466140.0,,,0.0,1694466140.0,1694466145.0,10.0,,1.0,4.0,5.0,,,,,poseidon,local,poseidon-submit,pegasus::rc-client,/mnt/poseidon-data/poseidon/pegasus-5.1.0panorama/bin/pegasus-rc-client,"-n pegasus::rc-client -N null -R local  -L casa-wind-full -T 2023-09-08T07:29:05+00:00 /home/poseidon/pegasus-5.1.0panorama/bin/pegasus-rc-client --prefix pegasus.catalog.replica.output --conf /mnt/poseidon-data/poseidon/workflows/casa-wind-workflow-full/submit/poseidon/pegasus/casa-wind-full/run0390/pegasus.7438338114586602237.properties -v --meta /mnt/poseidon-data/poseidon/workflows/casa-wind-workflow-full/submit/poseidon/pegasus/casa-wind-full/run0390/00/00/um_vel_ID0000022.meta,/mnt/poseidon-data/poseidon/workflows/casa-wind-workflow-full/submit/poseidon/pegasus/casa-wind-full/run0390/00/00/um_vel_ID0000027.meta,/mnt/poseidon-data/poseidon/workflows/casa-wind-workflow-full/submit/poseidon/pegasus/casa-wind-full/run0390/00/01/um_vel_ID0000057.meta,/mnt/poseidon-data/poseidon/workflows/casa-wind-workflow-full/submit/poseidon/pegasus/casa-wind-full/run0390/00/00/um_vel_ID0000122.meta,/mnt/poseidon-data/poseidon/workflows/casa-wind-workflow-full/submit/poseidon/pegasus/casa-wind-full/run0390/00/00/um_vel_ID0000127.meta,/mnt/poseidon-data/poseidon/workflows/casa-wind-workflow-full/submit/poseidon/pegasus/casa-wind-full/run0390/00/00/um_vel_ID0000092.meta,/mnt/poseidon-data/poseidon/workflows/casa-wind-workflow-full/submit/poseidon/pegasus/casa-wind-full/run0390/00/01/um_vel_ID0000067.meta,/mnt/poseidon-data/poseidon/workflows/casa-wind-workflow-full/submit/poseidon/pegasus/casa-wind-full/run0390/00/01/um_vel_ID0000077.meta,/mnt/poseidon-data/poseidon/workflows/casa-wind-workflow-full/submit/poseidon/pegasus/casa-wind-full/run0390/00/01/um_vel_ID0000042.meta --insert /mnt/poseidon-data/poseidon/workflows/casa-wind-workflow-full/submit/poseidon/pegasus/casa-wind-full/run0390/00/01/register_condorpool_1_0.in",2.7,0,0,,,,,,,,,
register_condorpool_1_2,None,auxiliary,0,1694466125.0,,,1694466145.0,,,0.0,1694466145.0,1694466150.0,,,0.0,1694466150.0,1694466155.0,20.0,,0.0,5.0,5.0,,,,,poseidon,local,poseidon-submit,pegasus::rc-client,/mnt/poseidon-data/poseidon/pegasus-5.1.0panorama/bin/pegasus-rc-client,"-n pegasus::rc-client -N null -R local  -L casa-wind-full -T 2023-09-08T07:29:05+00:00 /home/poseidon/pegasus-5.1.0panorama/bin/pegasus-rc-client --prefix pegasus.catalog.replica.output --conf /mnt/poseidon-data/poseidon/workflows/casa-wind-workflow-full/submit/poseidon/pegasus/casa-wind-full/run0390/pegasus.7438338114586602237.properties -v --meta /mnt/poseidon-data/poseidon/workflows/casa-wind-workflow-full/submit/poseidon/pegasus/casa-wind-full/run0390/00/01/um_vel_ID0000112.meta,/mnt/poseidon-data/poseidon/workflows/casa-wind-workflow-full/submit/poseidon/pegasus/casa-wind-full/run0390/00/01/um_vel_ID0000062.meta,/mnt/poseidon-data/poseidon/workflows/casa-wind-workflow-full/submit/poseidon/pegasus/casa-wind-full/run0390/00/00/um_vel_ID0000117.meta,/mnt/poseidon-data/poseidon/workflows/casa-wind-workflow-full/submit/poseidon/pegasus/casa-wind-full/run0390/00/00/um_vel_ID0000012.meta,/mnt/poseidon-data/poseidon/workflows/casa-wind-workflow-full/submit/poseidon/pegasus/casa-wind-full/run0390/00/01/um_vel_ID0000107.meta,/mnt/poseidon-data/poseidon/workflows/casa-wind-workflow-full/submit/poseidon/pegasus/casa-wind-full/run0390/00/00/um_vel_ID0000002.meta,/mnt/poseidon-data/poseidon/workflows/casa-wind-workflow-full/submit/poseidon/pegasus/casa-wind-full/run0390/00/01/um_vel_ID0000052.meta,/mnt/poseidon-data/poseidon/workflows/casa-wind-workflow-full/submit/poseidon/pegasus/casa-wind-full/run0390/00/00/um_vel_ID0000032.meta --insert /mnt/poseidon-data/poseidon/workflows/casa-wind-workflow-full/submit/poseidon/pegasus/casa-wind-full/run0390/00/01/register_condorpool_1_2.in",2.7,0,0,,,,,,,,,
register_condorpool_1_1,None,auxiliary,0,1694466130.0,,,1694466155.0,,,0.0,1694466156.0,1694466160.0,,,0.0,1694466160.0,1694466165.0,25.0,,1.0,4.0,5.0,,,,,poseidon,local,poseidon-submit,pegasus::rc-client,/mnt/poseidon-data/poseidon/pegasus-5.1.0panorama/bin/pegasus-rc-client,"-n pegasus::rc-client -N null -R local  -L casa-wind-full -T 2023-09-08T07:29:05+00:00 /home/poseidon/pegasus-5.1.0panorama/bin/pegasus-rc-client --prefix pegasus.catalog.replica.output --conf /mnt/poseidon-data/poseidon/workflows/casa-wind-workflow-full/submit/poseidon/pegasus/casa-wind-full/run0390/pegasus.7438338114586602237.properties -v --meta /mnt/poseidon-data/poseidon/workflows/casa-wind-workflow-full/submit/poseidon/pegasus/casa-wind-full/run0390/00/00/um_vel_ID0000097.meta,/mnt/poseidon-data/poseidon/workflows/casa-wind-workflow-full/submit/poseidon/pegasus/casa-wind-full/run0390/00/01/um_vel_ID0000047.meta,/mnt/poseidon-data/poseidon/workflows/casa-wind-workflow-full/submit/poseidon/pegasus/casa-wind-full/run0390/00/00/um_vel_ID0000087.meta,/mnt/poseidon-data/poseidon/workflows/casa-wind-workflow-full/submit/poseidon/pegasus/casa-wind-full/run0390/00/01/um_vel_ID0000007.meta,/mnt/poseidon-data/poseidon/workflows/casa-wind-workflow-full/submit/poseidon/pegasus/casa-wind-full/run0390/00/00/um_vel_ID0000082.meta,/mnt/poseidon-data/poseidon/workflows/casa-wind-workflow-full/submit/poseidon/pegasus/casa-wind-full/run0390/00/01/um_vel_ID0000072.meta,/mnt/poseidon-data/poseidon/workflows/casa-wind-workflow-full/submit/poseidon/pegasus/casa-wind-full/run0390/00/01/um_vel_ID0000102.meta,/mnt/poseidon-data/poseidon/workflows/casa-wind-workflow-full/submit/poseidon/pegasus/casa-wind-full/run0390/00/00/um_vel_ID0000017.meta,/mnt/poseidon-data/poseidon/workflows/casa-wind-workflow-full/submit/poseidon/pegasus/casa-wind-full/run0390/00/01/um_vel_ID0000037.meta --insert /mnt/poseidon-data/poseidon/workflows/casa-wind-workflow-full/submit/poseidon/pegasus/casa-wind-full/run0390/00/01/register_condorpool_1_1.in",2.7,0,0,,,,,,,,,
point_alert_ID0000070,None,compute,0,1694466170.0,,,1694466175.0,1694466178.0,1694466189.0,32775350.6,1694466176.0,1694466206.0,1694466195.0,1694466198.0,6701.0,1694466206.0,1694466211.0,5.0,,1.0,30.0,5.0,11.0,176643292.0,3.0,20558.0,poseidon,condorpool,poseidon-worker-2-container-16-19,point_alert,/opt/pointAlert/pointAlert,,0.0,0,0,,,,,,,,,
point_alert_ID0000040,None,compute,0,1694466170.0,,,1694466175.0,1694466178.0,1694466189.0,29932618.5,1694466176.0,1694466206.0,1694466194.0,1694466197.0,6558.0,1694466206.0,1694466211.0,5.0,,1.0,30.0,5.0,11.0,176642369.0,3.0,20558.0,poseidon,condorpool,poseidon-worker-2-container-24-27,point_alert,/opt/pointAlert/pointAlert,,0.0,0,0,,,,,,,,,
point_alert_ID0000015,None,compute,0,1694466175.0,,,1694466180.0,1694466183.0,1694466194.0,34111252.2,1694466182.0,1694466211.0,1694466200.0,1694466203.0,6457.0,1694466211.0,1694466216.0,5.0,,2.0,29.0,5.0,11.0,176639974.0,3.0,20558.0,poseidon,condorpool,poseidon-worker-1-container-40-43,point_alert,/opt/pointAlert/pointAlert,,0.0,0,0,,,,,,,,,
point_alert_ID0000060,None,compute,0,1694466175.0,,,1694466180.0,1694466183.0,1694466195.0,31751615.6,1694466182.0,1694466211.0,1694466200.0,1694466203.0,6407.0,1694466211.0,1694466216.0,5.0,,2.0,29.0,5.0,12.0,176636147.0,3.0,20878.0,poseidon,condorpool,poseidon-worker-2-container-8-11,point_alert,/opt/pointAlert/pointAlert,,0.0,0,0,,,,,,,,,
point_alert_ID0000125,None,compute,0,1694466175.0,,,1694466180.0,1694466183.0,1694466194.0,29601793.5,1694466182.0,1694466211.0,1694466200.0,1694466203.0,6970.0,1694466211.0,1694466216.0,5.0,,2.0,29.0,5.0,11.0,176678547.0,3.0,22878.0,poseidon,condorpool,poseidon-worker-1-container-28-31,point_alert,/opt/pointAlert/pointAlert,,0.0,0,0,,,,,,,,,
point_alert_ID0000030,None,compute,0,1694466175.0,,,1694466180.0,1694466183.0,1694466194.0,29601166.0,1694466182.0,1694466211.0,1694466199.0,1694466203.0,6235.0,1694466211.0,1694466216.0,5.0,,2.0,29.0,5.0,11.0,176646324.0,4.0,20158.0,poseidon,condorpool,poseidon-worker-1-container-44-47,point_alert,/opt/pointAlert/pointAlert,,0.0,0,0,,,,,,,,,
point_alert_ID0000090,None,compute,0,1694466175.0,,,1694466180.0,1694466183.0,1694466195.0,28946023.2,1694466182.0,1694466211.0,1694466200.0,1694466203.0,6545.0,1694466211.0,1694466216.0,5.0,,2.0,29.0,5.0,12.0,176656458.0,3.0,20638.0,poseidon,condorpool,poseidon-worker-2-container-24-27,point_alert,/opt/pointAlert/pointAlert,,0.0,0,0,,,,,,,,,
point_alert_ID0000120,None,compute,0,1694466175.0,,,1694466180.0,1694466183.0,1694466195.0,31651486.2,1694466182.0,1694466211.0,1694466200.0,1694466203.0,6921.0,1694466211.0,1694466216.0,5.0,,2.0,29.0,5.0,12.0,176673508.0,3.0,21998.0,poseidon,condorpool,poseidon-worker-1-container-16-19,point_alert,/opt/pointAlert/pointAlert,,0.0,0,0,,,,,,,,,
point_alert_ID0000100,None,compute,0,1694466175.0,,,1694466180.0,1694466183.0,1694466194.0,29484915.0,1694466182.0,1694466211.0,1694466199.0,1694466203.0,6423.0,1694466211.0,1694466216.0,5.0,,2.0,29.0,5.0,11.0,176658101.0,4.0,20638.0,poseidon,condorpool,poseidon-worker-2-container-40-43,point_alert,/opt/pointAlert/pointAlert,,0.0,0,0,,,,,,,,,
point_alert_ID0000055,None,compute,0,1694466180.0,,,1694466186.0,1694466188.0,1694466199.0,29803371.0,1694466187.0,1694466216.0,1694466205.0,1694466208.0,6588.0,1694466216.0,1694466221.0,6.0,,1.0,29.0,5.0,11.0,176636535.0,3.0,20638.0,poseidon,condorpool,poseidon-worker-1-container-20-23,point_alert,/opt/pointAlert/pointAlert,,0.0,0,0,,,,,,,,,
point_alert_ID0000020,None,compute,0,1694466180.0,,,1694466185.0,1694466188.0,1694466200.0,30335788.4,1694466187.0,1694466216.0,1694466205.0,1694466208.0,6576.0,1694466216.0,1694466221.0,5.0,,2.0,29.0,5.0,12.0,176644228.0,3.0,20478.0,poseidon,condorpool,poseidon-worker-2-container-0-3,point_alert,/opt/pointAlert/pointAlert,,0.0,0,0,,,,,,,,,
point_alert_ID0000010,None,compute,0,1694466180.0,,,1694466186.0,1694466188.0,1694466199.0,29860058.0,1694466187.0,1694466216.0,1694466204.0,1694466207.0,6579.0,1694466216.0,1694466221.0,6.0,,1.0,29.0,5.0,11.0,176643412.0,3.0,20478.0,poseidon,condorpool,poseidon-worker-2-container-36-39,point_alert,/opt/pointAlert/pointAlert,,0.0,0,0,,,,,,,,,
stage_out_local_condorpool_2_4,None,transfer,0,1694466180.0,,,1694466185.0,,,0.0,1694466187.0,1694466196.0,,,0.0,1694466196.0,1694466201.0,5.0,,2.0,9.0,5.0,,,,,poseidon,local,poseidon-submit,pegasus::transfer,/mnt/poseidon-data/poseidon/pegasus-5.1.0panorama/bin/pegasus-transfer,/home/poseidon/pegasus-5.1.0panorama/bin/../bin/pegasus-kickstart  -n pegasus::transfer -N null -i - -R local  -L casa-wind-full -T 2023-09-08T07:29:05+00:00 /home/poseidon/pegasus-5.1.0panorama/bin/../bin/pegasus-transfer  --threads 2,0.8,0,0,,,,,,,,,
point_alert_ID0000130,None,compute,0,1694466180.0,,,1694466185.0,1694466188.0,1694466199.0,34952413.6,1694466187.0,1694466216.0,1694466205.0,1694466208.0,7383.0,1694466216.0,1694466221.0,5.0,,2.0,29.0,5.0,11.0,176672472.0,3.0,23118.0,poseidon,condorpool,poseidon-worker-1-container-12-15,point_alert,/opt/pointAlert/pointAlert,,0.0,0,0,,,,,,,,,
point_alert_ID0000105,None,compute,0,1694466191.0,,,1694466196.0,1694466199.0,1694466210.0,29811134.5,1694466198.0,1694466227.0,1694466215.0,1694466219.0,6828.0,1694466227.0,1694466232.0,5.0,,2.0,29.0,5.0,11.0,176667573.0,4.0,21278.0,poseidon,condorpool,poseidon-worker-1-container-20-23,point_alert,/opt/pointAlert/pointAlert,,0.0,0,0,,,,,,,,,
stage_out_local_condorpool_2_0,None,transfer,0,1694466191.0,,,1694466196.0,,,0.0,1694466197.0,1694466201.0,,,0.0,1694466201.0,1694466206.0,5.0,,1.0,4.0,5.0,,,,,poseidon,local,poseidon-submit,pegasus::transfer,/mnt/poseidon-data/poseidon/pegasus-5.1.0panorama/bin/pegasus-transfer,/home/poseidon/pegasus-5.1.0panorama/bin/../bin/pegasus-kickstart  -n pegasus::transfer -N null -i - -R local  -L casa-wind-full -T 2023-09-08T07:29:05+00:00 /home/poseidon/pegasus-5.1.0panorama/bin/../bin/pegasus-transfer  --threads 2,0.9,0,0,,,,,,,,,
stage_out_local_condorpool_2_1,None,transfer,0,1694466191.0,,,1694466196.0,,,0.0,1694466197.0,1694466201.0,,,0.0,1694466201.0,1694466206.0,5.0,,1.0,4.0,5.0,,,,,poseidon,local,poseidon-submit,pegasus::transfer,/mnt/poseidon-data/poseidon/pegasus-5.1.0panorama/bin/pegasus-transfer,/home/poseidon/pegasus-5.1.0panorama/bin/../bin/pegasus-kickstart  -n pegasus::transfer -N null -i - -R local  -L casa-wind-full -T 2023-09-08T07:29:05+00:00 /home/poseidon/pegasus-5.1.0panorama/bin/../bin/pegasus-transfer  --threads 2,0.9,0,0,,,,,,,,,
point_alert_ID0000065,None,compute,0,1694466191.0,,,1694466196.0,1694466199.0,1694466210.0,33919076.2,1694466197.0,1694466227.0,1694466215.0,1694466219.0,6542.0,1694466227.0,1694466232.0,5.0,,1.0,30.0,5.0,11.0,176639131.0,4.0,20238.0,poseidon,condorpool,poseidon-worker-1-container-24-27,point_alert,/opt/pointAlert/pointAlert,,0.0,0,0,,,,,,,,,
point_alert_ID0000080,None,compute,0,1694466191.0,,,1694466196.0,1694466200.0,1694466211.0,34004912.0,1694466198.0,1694466227.0,1694466216.0,1694466219.0,6635.0,1694466227.0,1694466232.0,5.0,,2.0,29.0,5.0,11.0,176653320.0,3.0,20718.0,poseidon,condorpool,poseidon-worker-2-container-32-35,point_alert,/opt/pointAlert/pointAlert,,0.0,0,0,,,,,,,,,
point_alert_ID0000115,None,compute,0,1694466191.0,,,1694466196.0,1694466200.0,1694466211.0,29562068.5,1694466198.0,1694466227.0,1694466216.0,1694466219.0,6839.0,1694466227.0,1694466232.0,5.0,,2.0,29.0,5.0,11.0,176681217.0,3.0,21598.0,poseidon,condorpool,poseidon-worker-1-container-28-31,point_alert,/opt/pointAlert/pointAlert,,0.0,0,0,,,,,,,,,
point_alert_ID0000035,None,compute,0,1694466191.0,,,1694466196.0,1694466199.0,1694466210.0,33646793.2,1694466197.0,1694466227.0,1694466216.0,1694466219.0,6370.0,1694466227.0,1694466232.0,5.0,,1.0,30.0,5.0,11.0,176638959.0,3.0,20078.0,poseidon,condorpool,poseidon-worker-2-container-40-43,point_alert,/opt/pointAlert/pointAlert,,0.0,0,0,,,,,,,,,
point_alert_ID0000095,None,compute,0,1694466191.0,,,1694466196.0,1694466200.0,1694466211.0,29824557.0,1694466198.0,1694466227.0,1694466216.0,1694466219.0,6564.0,1694466227.0,1694466232.0,5.0,,2.0,29.0,5.0,11.0,176660390.0,3.0,20718.0,poseidon,condorpool,poseidon-worker-1-container-8-11,point_alert,/opt/pointAlert/pointAlert,,0.0,0,0,,,,,,,,,
point_alert_ID0000025,None,compute,0,1694466191.0,,,1694466196.0,1694466200.0,1694466211.0,31190832.0,1694466198.0,1694466227.0,1694466216.0,1694466219.0,6260.0,1694466227.0,1694466232.0,5.0,,2.0,29.0,5.0,11.0,176638688.0,3.0,20078.0,poseidon,condorpool,poseidon-worker-2-container-4-7,point_alert,/opt/pointAlert/pointAlert,,0.0,0,0,,,,,,,,,
point_alert_ID0000005,None,compute,0,1694466191.0,,,1694466196.0,1694466199.0,1694466210.0,32097167.2,1694466197.0,1694466227.0,1694466216.0,1694466219.0,6425.0,1694466227.0,1694466232.0,5.0,,1.0,30.0,5.0,11.0,176636764.0,3.0,20398.0,poseidon,condorpool,poseidon-worker-2-container-28-31,point_alert,/opt/pointAlert/pointAlert,,0.0,0,0,,,,,,,,,
point_alert_ID0000045,None,compute,0,1694466191.0,,,1694466196.0,1694466200.0,1694466211.0,33156627.8,1694466198.0,1694466227.0,1694466216.0,1694466219.0,6662.0,1694466227.0,1694466232.0,5.0,,2.0,29.0,5.0,11.0,176636096.0,3.0,20798.0,poseidon,condorpool,poseidon-worker-1-container-32-35,point_alert,/opt/pointAlert/pointAlert,,0.0,0,0,,,,,,,,,
point_alert_ID0000085,cpu_3,compute,0,1694466191.0,,,1694466196.0,1694466199.0,1694466210.0,29839613.0,1694466197.0,1694466227.0,1694466215.0,1694466218.0,6842.0,1694466227.0,1694466232.0,5.0,,1.0,30.0,5.0,11.0,176655981.0,3.0,21118.0,poseidon,condorpool,poseidon-worker-1-container-4-7,point_alert,/opt/pointAlert/pointAlert,,0.0,0,0,,,,,,,,,
stage_out_local_condorpool_2_3,None,transfer,0,1694466196.0,,,1694466201.0,,,0.0,1694466202.0,1694466211.0,,,0.0,1694466211.0,1694466216.0,5.0,,1.0,9.0,5.0,,,,,poseidon,local,poseidon-submit,pegasus::transfer,/mnt/poseidon-data/poseidon/pegasus-5.1.0panorama/bin/pegasus-transfer,/home/poseidon/pegasus-5.1.0panorama/bin/../bin/pegasus-kickstart  -n pegasus::transfer -N null -i - -R local  -L casa-wind-full -T 2023-09-08T07:29:05+00:00 /home/poseidon/pegasus-5.1.0panorama/bin/../bin/pegasus-transfer  --threads 2,0.9,0,0,,,,,,,,,
stage_out_local_condorpool_2_2,None,transfer,0,1694466196.0,,,1694466201.0,,,0.0,1694466202.0,1694466211.0,,,0.0,1694466211.0,1694466216.0,5.0,,1.0,9.0,5.0,,,,,poseidon,local,poseidon-submit,pegasus::transfer,/mnt/poseidon-data/poseidon/pegasus-5.1.0panorama/bin/pegasus-transfer,/home/poseidon/pegasus-5.1.0panorama/bin/../bin/pegasus-kickstart  -n pegasus::transfer -N null -i - -R local  -L casa-wind-full -T 2023-09-08T07:29:05+00:00 /home/poseidon/pegasus-5.1.0panorama/bin/../bin/pegasus-transfer  --threads 2,0.9,0,0,,,,,,,,,
stage_out_local_condorpool_2_5,None,transfer,0,1694466196.0,,,1694466201.0,,,0.0,1694466202.0,1694466211.0,,,0.0,1694466211.0,1694466216.0,5.0,,1.0,9.0,5.0,,,,,poseidon,local,poseidon-submit,pegasus::transfer,/mnt/poseidon-data/poseidon/pegasus-5.1.0panorama/bin/pegasus-transfer,/home/poseidon/pegasus-5.1.0panorama/bin/../bin/pegasus-kickstart  -n pegasus::transfer -N null -i - -R local  -L casa-wind-full -T 2023-09-08T07:29:05+00:00 /home/poseidon/pegasus-5.1.0panorama/bin/../bin/pegasus-transfer  --threads 2,0.8,0,0,,,,,,,,,
point_alert_ID0000050,None,compute,0,1694466196.0,,,1694466201.0,1694466204.0,1694466215.0,29538297.5,1694466203.0,1694466232.0,1694466220.0,1694466223.0,6754.0,1694466232.0,1694466237.0,5.0,,2.0,29.0,5.0,11.0,176632091.0,3.0,20878.0,poseidon,condorpool,poseidon-worker-1-container-40-43,point_alert,/opt/pointAlert/pointAlert,,0.0,0,0,,,,,,,,,
point_alert_ID0000075,None,compute,0,1694466196.0,,,1694466201.0,1694466205.0,1694466216.0,34356404.4,1694466203.0,1694466232.0,1694466221.0,1694466224.0,6589.0,1694466232.0,1694466237.0,5.0,,2.0,29.0,5.0,11.0,176646838.0,3.0,20558.0,poseidon,condorpool,poseidon-worker-2-container-24-27,point_alert,/opt/pointAlert/pointAlert,,0.0,0,0,,,,,,,,,
point_alert_ID0000110,None,compute,0,1694466196.0,,,1694466201.0,1694466205.0,1694466216.0,35289900.8,1694466204.0,1694466232.0,1694466221.0,1694466224.0,6784.0,1694466232.0,1694466237.0,5.0,,3.0,28.0,5.0,11.0,176667937.0,3.0,21038.0,poseidon,condorpool,poseidon-worker-2-container-16-19,point_alert,/opt/pointAlert/pointAlert,,0.0,0,0,,,,,,,,,
register_condorpool_2_4,None,auxiliary,0,1694466201.0,,,1694466206.0,,,0.0,1694466207.0,1694466211.0,,,0.0,1694466211.0,1694466216.0,5.0,,1.0,4.0,5.0,,,,,poseidon,local,poseidon-submit,pegasus::rc-client,/mnt/poseidon-data/poseidon/pegasus-5.1.0panorama/bin/pegasus-rc-client,"-n pegasus::rc-client -N null -R local  -L casa-wind-full -T 2023-09-08T07:29:05+00:00 /home/poseidon/pegasus-5.1.0panorama/bin/pegasus-rc-client --prefix pegasus.catalog.replica.output --conf /mnt/poseidon-data/poseidon/workflows/casa-wind-workflow-full/submit/poseidon/pegasus/casa-wind-full/run0390/pegasus.7438338114586602237.properties -v --meta /mnt/poseidon-data/poseidon/workflows/casa-wind-workflow-full/submit/poseidon/pegasus/casa-wind-full/run0390/00/02/post_vel_ID0000113.meta,/mnt/poseidon-data/poseidon/workflows/casa-wind-workflow-full/submit/poseidon/pegasus/casa-wind-full/run0390/00/02/mvt_ID0000054.meta,/mnt/poseidon-data/poseidon/workflows/casa-wind-workflow-full/submit/poseidon/pegasus/casa-wind-full/run0390/00/01/post_vel_ID0000013.meta,/mnt/poseidon-data/poseidon/workflows/casa-wind-workflow-full/submit/poseidon/pegasus/casa-wind-full/run0390/00/01/post_vel_ID0000063.meta,/mnt/poseidon-data/poseidon/workflows/casa-wind-workflow-full/submit/poseidon/pegasus/casa-wind-full/run0390/00/01/post_vel_ID0000033.meta,/mnt/poseidon-data/poseidon/workflows/casa-wind-workflow-full/submit/poseidon/pegasus/casa-wind-full/run0390/00/02/post_vel_ID0000108.meta,/mnt/poseidon-data/poseidon/workflows/casa-wind-workflow-full/submit/poseidon/pegasus/casa-wind-full/run0390/00/01/post_vel_ID0000003.meta,/mnt/poseidon-data/poseidon/workflows/casa-wind-workflow-full/submit/poseidon/pegasus/casa-wind-full/run0390/00/01/post_vel_ID0000118.meta --insert /mnt/poseidon-data/poseidon/workflows/casa-wind-workflow-full/submit/poseidon/pegasus/casa-wind-full/run0390/00/02/register_condorpool_2_4.in",2.6,0,0,,,,,,,,,
register_condorpool_2_0,None,auxiliary,0,1694466206.0,,,1694466287.0,,,0.0,1694466288.0,1694466292.0,,,0.0,1694466292.0,1694466297.0,81.0,,1.0,4.0,5.0,,,,,poseidon,local,poseidon-submit,pegasus::rc-client,/mnt/poseidon-data/poseidon/pegasus-5.1.0panorama/bin/pegasus-rc-client,"-n pegasus::rc-client -N null -R local  -L casa-wind-full -T 2023-09-08T07:29:05+00:00 /home/poseidon/pegasus-5.1.0panorama/bin/pegasus-rc-client --prefix pegasus.catalog.replica.output --conf /mnt/poseidon-data/poseidon/workflows/casa-wind-workflow-full/submit/poseidon/pegasus/casa-wind-full/run0390/pegasus.7438338114586602237.properties -v --meta /mnt/poseidon-data/poseidon/workflows/casa-wind-workflow-full/submit/poseidon/pegasus/casa-wind-full/run0390/00/02/mvt_ID0000044.meta,/mnt/poseidon-data/poseidon/workflows/casa-wind-workflow-full/submit/poseidon/pegasus/casa-wind-full/run0390/00/01/post_vel_ID0000068.meta,/mnt/poseidon-data/poseidon/workflows/casa-wind-workflow-full/submit/poseidon/pegasus/casa-wind-full/run0390/00/01/mvt_ID0000129.meta,/mnt/poseidon-data/poseidon/workflows/casa-wind-workflow-full/submit/poseidon/pegasus/casa-wind-full/run0390/00/02/post_vel_ID0000058.meta,/mnt/poseidon-data/poseidon/workflows/casa-wind-workflow-full/submit/poseidon/pegasus/casa-wind-full/run0390/00/01/mvt_ID0000029.meta,/mnt/poseidon-data/poseidon/workflows/casa-wind-workflow-full/submit/poseidon/pegasus/casa-wind-full/run0390/00/02/post_vel_ID0000078.meta,/mnt/poseidon-data/poseidon/workflows/casa-wind-workflow-full/submit/poseidon/pegasus/casa-wind-full/run0390/00/01/post_vel_ID0000123.meta,/mnt/poseidon-data/poseidon/workflows/casa-wind-workflow-full/submit/poseidon/pegasus/casa-wind-full/run0390/00/01/post_vel_ID0000023.meta,/mnt/poseidon-data/poseidon/workflows/casa-wind-workflow-full/submit/poseidon/pegasus/casa-wind-full/run0390/00/01/post_vel_ID0000093.meta --insert /mnt/poseidon-data/poseidon/workflows/casa-wind-workflow-full/submit/poseidon/pegasus/casa-wind-full/run0390/00/02/register_condorpool_2_0.in",2.7,0,0,,,,,,,,,
register_condorpool_2_1,None,auxiliary,0,1694466206.0,,,1694466216.0,,,0.0,1694466217.0,1694466221.0,,,0.0,1694466221.0,1694466227.0,10.0,,1.0,4.0,6.0,,,,,poseidon,local,poseidon-submit,pegasus::rc-client,/mnt/poseidon-data/poseidon/pegasus-5.1.0panorama/bin/pegasus-rc-client,"-n pegasus::rc-client -N null -R local  -L casa-wind-full -T 2023-09-08T07:29:05+00:00 /home/poseidon/pegasus-5.1.0panorama/bin/pegasus-rc-client --prefix pegasus.catalog.replica.output --conf /mnt/poseidon-data/poseidon/workflows/casa-wind-workflow-full/submit/poseidon/pegasus/casa-wind-full/run0390/pegasus.7438338114586602237.properties -v --meta /mnt/poseidon-data/poseidon/workflows/casa-wind-workflow-full/submit/poseidon/pegasus/casa-wind-full/run0390/00/01/mvt_ID0000124.meta,/mnt/poseidon-data/poseidon/workflows/casa-wind-workflow-full/submit/poseidon/pegasus/casa-wind-full/run0390/00/01/mvt_ID0000094.meta,/mnt/poseidon-data/poseidon/workflows/casa-wind-workflow-full/submit/poseidon/pegasus/casa-wind-full/run0390/00/02/mvt_ID0000059.meta,/mnt/poseidon-data/poseidon/workflows/casa-wind-workflow-full/submit/poseidon/pegasus/casa-wind-full/run0390/00/02/mvt_ID0000079.meta,/mnt/poseidon-data/poseidon/workflows/casa-wind-workflow-full/submit/poseidon/pegasus/casa-wind-full/run0390/00/01/mvt_ID0000024.meta,/mnt/poseidon-data/poseidon/workflows/casa-wind-workflow-full/submit/poseidon/pegasus/casa-wind-full/run0390/00/01/post_vel_ID0000028.meta,/mnt/poseidon-data/poseidon/workflows/casa-wind-workflow-full/submit/poseidon/pegasus/casa-wind-full/run0390/00/01/post_vel_ID0000128.meta,/mnt/poseidon-data/poseidon/workflows/casa-wind-workflow-full/submit/poseidon/pegasus/casa-wind-full/run0390/00/02/post_vel_ID0000043.meta,/mnt/poseidon-data/poseidon/workflows/casa-wind-workflow-full/submit/poseidon/pegasus/casa-wind-full/run0390/00/01/mvt_ID0000069.meta --insert /mnt/poseidon-data/poseidon/workflows/casa-wind-workflow-full/submit/poseidon/pegasus/casa-wind-full/run0390/00/02/register_condorpool_2_1.in",2.8,0,0,,,,,,,,,
register_condorpool_2_5,None,auxiliary,0,1694466216.0,,,1694466227.0,,,0.0,1694466227.0,1694466232.0,,,0.0,1694466232.0,1694466237.0,11.0,,0.0,5.0,5.0,,,,,poseidon,local,poseidon-submit,pegasus::rc-client,/mnt/poseidon-data/poseidon/pegasus-5.1.0panorama/bin/pegasus-rc-client,"-n pegasus::rc-client -N null -R local  -L casa-wind-full -T 2023-09-08T07:29:05+00:00 /home/poseidon/pegasus-5.1.0panorama/bin/pegasus-rc-client --prefix pegasus.catalog.replica.output --conf /mnt/poseidon-data/poseidon/workflows/casa-wind-workflow-full/submit/poseidon/pegasus/casa-wind-full/run0390/pegasus.7438338114586602237.properties -v --meta /mnt/poseidon-data/poseidon/workflows/casa-wind-workflow-full/submit/poseidon/pegasus/casa-wind-full/run0390/00/01/mvt_ID0000004.meta,/mnt/poseidon-data/poseidon/workflows/casa-wind-workflow-full/submit/poseidon/pegasus/casa-wind-full/run0390/00/02/mvt_ID0000109.meta,/mnt/poseidon-data/poseidon/workflows/casa-wind-workflow-full/submit/poseidon/pegasus/casa-wind-full/run0390/00/01/mvt_ID0000014.meta,/mnt/poseidon-data/poseidon/workflows/casa-wind-workflow-full/submit/poseidon/pegasus/casa-wind-full/run0390/00/01/mvt_ID0000064.meta,/mnt/poseidon-data/poseidon/workflows/casa-wind-workflow-full/submit/poseidon/pegasus/casa-wind-full/run0390/00/01/mvt_ID0000034.meta,/mnt/poseidon-data/poseidon/workflows/casa-wind-workflow-full/submit/poseidon/pegasus/casa-wind-full/run0390/00/01/mvt_ID0000119.meta,/mnt/poseidon-data/poseidon/workflows/casa-wind-workflow-full/submit/poseidon/pegasus/casa-wind-full/run0390/00/02/mvt_ID0000114.meta,/mnt/poseidon-data/poseidon/workflows/casa-wind-workflow-full/submit/poseidon/pegasus/casa-wind-full/run0390/00/02/post_vel_ID0000053.meta --insert /mnt/poseidon-data/poseidon/workflows/casa-wind-workflow-full/submit/poseidon/pegasus/casa-wind-full/run0390/00/02/register_condorpool_2_5.in",2.9,0,0,,,,,,,,,
register_condorpool_2_2,None,auxiliary,0,1694466216.0,,,1694466237.0,,,0.0,1694466238.0,1694466242.0,,,0.0,1694466242.0,1694466247.0,21.0,,1.0,4.0,5.0,,,,,poseidon,local,poseidon-submit,pegasus::rc-client,/mnt/poseidon-data/poseidon/pegasus-5.1.0panorama/bin/pegasus-rc-client,"-n pegasus::rc-client -N null -R local  -L casa-wind-full -T 2023-09-08T07:29:05+00:00 /home/poseidon/pegasus-5.1.0panorama/bin/pegasus-rc-client --prefix pegasus.catalog.replica.output --conf /mnt/poseidon-data/poseidon/workflows/casa-wind-workflow-full/submit/poseidon/pegasus/casa-wind-full/run0390/pegasus.7438338114586602237.properties -v --meta /mnt/poseidon-data/poseidon/workflows/casa-wind-workflow-full/submit/poseidon/pegasus/casa-wind-full/run0390/00/01/mvt_ID0000019.meta,/mnt/poseidon-data/poseidon/workflows/casa-wind-workflow-full/submit/poseidon/pegasus/casa-wind-full/run0390/00/01/mvt_ID0000099.meta,/mnt/poseidon-data/poseidon/workflows/casa-wind-workflow-full/submit/poseidon/pegasus/casa-wind-full/run0390/00/01/post_vel_ID0000008.meta,/mnt/poseidon-data/poseidon/workflows/casa-wind-workflow-full/submit/poseidon/pegasus/casa-wind-full/run0390/00/02/mvt_ID0000039.meta,/mnt/poseidon-data/poseidon/workflows/casa-wind-workflow-full/submit/poseidon/pegasus/casa-wind-full/run0390/00/02/mvt_ID0000049.meta,/mnt/poseidon-data/poseidon/workflows/casa-wind-workflow-full/submit/poseidon/pegasus/casa-wind-full/run0390/00/02/post_vel_ID0000073.meta,/mnt/poseidon-data/poseidon/workflows/casa-wind-workflow-full/submit/poseidon/pegasus/casa-wind-full/run0390/00/01/post_vel_ID0000088.meta,/mnt/poseidon-data/poseidon/workflows/casa-wind-workflow-full/submit/poseidon/pegasus/casa-wind-full/run0390/00/02/mvt_ID0000104.meta,/mnt/poseidon-data/poseidon/workflows/casa-wind-workflow-full/submit/poseidon/pegasus/casa-wind-full/run0390/00/01/post_vel_ID0000083.meta --insert /mnt/poseidon-data/poseidon/workflows/casa-wind-workflow-full/submit/poseidon/pegasus/casa-wind-full/run0390/00/02/register_condorpool_2_2.in",2.6,0,0,,,,,,,,,
register_condorpool_2_3,None,auxiliary,0,1694466216.0,,,1694466247.0,,,0.0,1694466248.0,1694466252.0,,,0.0,1694466252.0,1694466257.0,31.0,,1.0,4.0,5.0,,,,,poseidon,local,poseidon-submit,pegasus::rc-client,/mnt/poseidon-data/poseidon/pegasus-5.1.0panorama/bin/pegasus-rc-client,"-n pegasus::rc-client -N null -R local  -L casa-wind-full -T 2023-09-08T07:29:05+00:00 /home/poseidon/pegasus-5.1.0panorama/bin/pegasus-rc-client --prefix pegasus.catalog.replica.output --conf /mnt/poseidon-data/poseidon/workflows/casa-wind-workflow-full/submit/poseidon/pegasus/casa-wind-full/run0390/pegasus.7438338114586602237.properties -v --meta /mnt/poseidon-data/poseidon/workflows/casa-wind-workflow-full/submit/poseidon/pegasus/casa-wind-full/run0390/00/01/mvt_ID0000084.meta,/mnt/poseidon-data/poseidon/workflows/casa-wind-workflow-full/submit/poseidon/pegasus/casa-wind-full/run0390/00/02/post_vel_ID0000038.meta,/mnt/poseidon-data/poseidon/workflows/casa-wind-workflow-full/submit/poseidon/pegasus/casa-wind-full/run0390/00/01/mvt_ID0000009.meta,/mnt/poseidon-data/poseidon/workflows/casa-wind-workflow-full/submit/poseidon/pegasus/casa-wind-full/run0390/00/01/post_vel_ID0000098.meta,/mnt/poseidon-data/poseidon/workflows/casa-wind-workflow-full/submit/poseidon/pegasus/casa-wind-full/run0390/00/02/mvt_ID0000074.meta,/mnt/poseidon-data/poseidon/workflows/casa-wind-workflow-full/submit/poseidon/pegasus/casa-wind-full/run0390/00/02/post_vel_ID0000048.meta,/mnt/poseidon-data/poseidon/workflows/casa-wind-workflow-full/submit/poseidon/pegasus/casa-wind-full/run0390/00/01/mvt_ID0000089.meta,/mnt/poseidon-data/poseidon/workflows/casa-wind-workflow-full/submit/poseidon/pegasus/casa-wind-full/run0390/00/01/post_vel_ID0000018.meta,/mnt/poseidon-data/poseidon/workflows/casa-wind-workflow-full/submit/poseidon/pegasus/casa-wind-full/run0390/00/02/post_vel_ID0000103.meta --insert /mnt/poseidon-data/poseidon/workflows/casa-wind-workflow-full/submit/poseidon/pegasus/casa-wind-full/run0390/00/02/register_condorpool_2_3.in",2.7,0,0,,,,,,,,,
stage_out_local_condorpool_3_0,None,transfer,0,1694466232.0,,,1694466237.0,,,0.0,1694466237.0,1694466242.0,,,0.0,1694466242.0,1694466247.0,5.0,,0.0,5.0,5.0,,,,,poseidon,local,poseidon-submit,pegasus::transfer,/mnt/poseidon-data/poseidon/pegasus-5.1.0panorama/bin/pegasus-transfer,/home/poseidon/pegasus-5.1.0panorama/bin/../bin/pegasus-kickstart  -n pegasus::transfer -N null -i - -R local  -L casa-wind-full -T 2023-09-08T07:29:05+00:00 /home/poseidon/pegasus-5.1.0panorama/bin/../bin/pegasus-transfer  --threads 2,0.9,0,0,,,,,,,,,
stage_out_local_condorpool_3_1,None,transfer,0,1694466237.0,,,1694466242.0,,,0.0,1694466243.0,1694466247.0,,,0.0,1694466247.0,1694466252.0,5.0,,1.0,4.0,5.0,,,,,poseidon,local,poseidon-submit,pegasus::transfer,/mnt/poseidon-data/poseidon/pegasus-5.1.0panorama/bin/pegasus-transfer,/home/poseidon/pegasus-5.1.0panorama/bin/../bin/pegasus-kickstart  -n pegasus::transfer -N null -i - -R local  -L casa-wind-full -T 2023-09-08T07:29:05+00:00 /home/poseidon/pegasus-5.1.0panorama/bin/../bin/pegasus-transfer  --threads 2,0.9,0,0,,,,,,,,,
stage_out_local_condorpool_3_2,None,transfer,0,1694466237.0,,,1694466242.0,,,0.0,1694466243.0,1694466247.0,,,0.0,1694466247.0,1694466252.0,5.0,,1.0,4.0,5.0,,,,,poseidon,local,poseidon-submit,pegasus::transfer,/mnt/poseidon-data/poseidon/pegasus-5.1.0panorama/bin/pegasus-transfer,/home/poseidon/pegasus-5.1.0panorama/bin/../bin/pegasus-kickstart  -n pegasus::transfer -N null -i - -R local  -L casa-wind-full -T 2023-09-08T07:29:05+00:00 /home/poseidon/pegasus-5.1.0panorama/bin/../bin/pegasus-transfer  --threads 2,0.9,0,0,,,,,,,,,
register_condorpool_3_0,None,auxiliary,0,1694466247.0,,,1694466257.0,,,0.0,1694466257.0,1694466262.0,,,0.0,1694466262.0,1694466267.0,10.0,,0.0,5.0,5.0,,,,,poseidon,local,poseidon-submit,pegasus::rc-client,/mnt/poseidon-data/poseidon/pegasus-5.1.0panorama/bin/pegasus-rc-client,"-n pegasus::rc-client -N null -R local  -L casa-wind-full -T 2023-09-08T07:29:05+00:00 /home/poseidon/pegasus-5.1.0panorama/bin/pegasus-rc-client --prefix pegasus.catalog.replica.output --conf /mnt/poseidon-data/poseidon/workflows/casa-wind-workflow-full/submit/poseidon/pegasus/casa-wind-full/run0390/pegasus.7438338114586602237.properties -v --meta /mnt/poseidon-data/poseidon/workflows/casa-wind-workflow-full/submit/poseidon/pegasus/casa-wind-full/run0390/00/02/point_alert_ID0000070.meta,/mnt/poseidon-data/poseidon/workflows/casa-wind-workflow-full/submit/poseidon/pegasus/casa-wind-full/run0390/00/02/point_alert_ID0000095.meta,/mnt/poseidon-data/poseidon/workflows/casa-wind-workflow-full/submit/poseidon/pegasus/casa-wind-full/run0390/00/02/point_alert_ID0000025.meta,/mnt/poseidon-data/poseidon/workflows/casa-wind-workflow-full/submit/poseidon/pegasus/casa-wind-full/run0390/00/02/point_alert_ID0000125.meta,/mnt/poseidon-data/poseidon/workflows/casa-wind-workflow-full/submit/poseidon/pegasus/casa-wind-full/run0390/00/02/point_alert_ID0000080.meta,/mnt/poseidon-data/poseidon/workflows/casa-wind-workflow-full/submit/poseidon/pegasus/casa-wind-full/run0390/00/02/point_alert_ID0000130.meta,/mnt/poseidon-data/poseidon/workflows/casa-wind-workflow-full/submit/poseidon/pegasus/casa-wind-full/run0390/00/03/point_alert_ID0000060.meta,/mnt/poseidon-data/poseidon/workflows/casa-wind-workflow-full/submit/poseidon/pegasus/casa-wind-full/run0390/00/02/point_alert_ID0000030.meta,/mnt/poseidon-data/poseidon/workflows/casa-wind-workflow-full/submit/poseidon/pegasus/casa-wind-full/run0390/00/03/point_alert_ID0000045.meta --insert /mnt/poseidon-data/poseidon/workflows/casa-wind-workflow-full/submit/poseidon/pegasus/casa-wind-full/run0390/00/03/register_condorpool_3_0.in",2.7,0,0,,,,,,,,,
cleanup_casa-wind-full_0_condorpool,None,auxiliary,0,1694466252.0,,,1694466257.0,,,0.0,1694466257.0,1694466267.0,,,0.0,1694466267.0,1694466272.0,5.0,,0.0,10.0,5.0,,,,,poseidon,local,poseidon-submit,pegasus::cleanup,/mnt/poseidon-data/poseidon/pegasus-5.1.0panorama/bin/pegasus-transfer,pegasus-kickstart  -n pegasus::cleanup -N null -i - -R local  -L casa-wind-full -T 2023-09-08T07:29:05+00:00 pegasus-transfer,0.2,0,0,,,,,,,,,
register_condorpool_3_2,None,auxiliary,0,1694466252.0,,,1694466277.0,,,0.0,1694466278.0,1694466282.0,,,0.0,1694466282.0,1694466287.0,25.0,,1.0,4.0,5.0,,,,,poseidon,local,poseidon-submit,pegasus::rc-client,/mnt/poseidon-data/poseidon/pegasus-5.1.0panorama/bin/pegasus-rc-client,"-n pegasus::rc-client -N null -R local  -L casa-wind-full -T 2023-09-08T07:29:05+00:00 /home/poseidon/pegasus-5.1.0panorama/bin/pegasus-rc-client --prefix pegasus.catalog.replica.output --conf /mnt/poseidon-data/poseidon/workflows/casa-wind-workflow-full/submit/poseidon/pegasus/casa-wind-full/run0390/pegasus.7438338114586602237.properties -v --meta /mnt/poseidon-data/poseidon/workflows/casa-wind-workflow-full/submit/poseidon/pegasus/casa-wind-full/run0390/00/02/point_alert_ID0000120.meta,/mnt/poseidon-data/poseidon/workflows/casa-wind-workflow-full/submit/poseidon/pegasus/casa-wind-full/run0390/00/02/point_alert_ID0000015.meta,/mnt/poseidon-data/poseidon/workflows/casa-wind-workflow-full/submit/poseidon/pegasus/casa-wind-full/run0390/00/02/point_alert_ID0000005.meta,/mnt/poseidon-data/poseidon/workflows/casa-wind-workflow-full/submit/poseidon/pegasus/casa-wind-full/run0390/00/02/point_alert_ID0000035.meta,/mnt/poseidon-data/poseidon/workflows/casa-wind-workflow-full/submit/poseidon/pegasus/casa-wind-full/run0390/00/03/point_alert_ID0000055.meta,/mnt/poseidon-data/poseidon/workflows/casa-wind-workflow-full/submit/poseidon/pegasus/casa-wind-full/run0390/00/02/point_alert_ID0000065.meta,/mnt/poseidon-data/poseidon/workflows/casa-wind-workflow-full/submit/poseidon/pegasus/casa-wind-full/run0390/00/02/point_alert_ID0000115.meta,/mnt/poseidon-data/poseidon/workflows/casa-wind-workflow-full/submit/poseidon/pegasus/casa-wind-full/run0390/00/03/point_alert_ID0000110.meta --insert /mnt/poseidon-data/poseidon/workflows/casa-wind-workflow-full/submit/poseidon/pegasus/casa-wind-full/run0390/00/03/register_condorpool_3_2.in",2.6,0,0,,,,,,,,,
register_condorpool_3_1,None,auxiliary,0,1694466252.0,,,1694466267.0,,,0.0,1694466267.0,1694466272.0,,,0.0,1694466272.0,1694466277.0,15.0,,0.0,5.0,5.0,,,,,poseidon,local,poseidon-submit,pegasus::rc-client,/mnt/poseidon-data/poseidon/pegasus-5.1.0panorama/bin/pegasus-rc-client,"-n pegasus::rc-client -N null -R local  -L casa-wind-full -T 2023-09-08T07:29:05+00:00 /home/poseidon/pegasus-5.1.0panorama/bin/pegasus-rc-client --prefix pegasus.catalog.replica.output --conf /mnt/poseidon-data/poseidon/workflows/casa-wind-workflow-full/submit/poseidon/pegasus/casa-wind-full/run0390/pegasus.7438338114586602237.properties -v --meta /mnt/poseidon-data/poseidon/workflows/casa-wind-workflow-full/submit/poseidon/pegasus/casa-wind-full/run0390/00/02/point_alert_ID0000020.meta,/mnt/poseidon-data/poseidon/workflows/casa-wind-workflow-full/submit/poseidon/pegasus/casa-wind-full/run0390/00/03/point_alert_ID0000040.meta,/mnt/poseidon-data/poseidon/workflows/casa-wind-workflow-full/submit/poseidon/pegasus/casa-wind-full/run0390/00/03/point_alert_ID0000050.meta,/mnt/poseidon-data/poseidon/workflows/casa-wind-workflow-full/submit/poseidon/pegasus/casa-wind-full/run0390/00/03/point_alert_ID0000105.meta,/mnt/poseidon-data/poseidon/workflows/casa-wind-workflow-full/submit/poseidon/pegasus/casa-wind-full/run0390/00/02/point_alert_ID0000100.meta,/mnt/poseidon-data/poseidon/workflows/casa-wind-workflow-full/submit/poseidon/pegasus/casa-wind-full/run0390/00/02/point_alert_ID0000085.meta,/mnt/poseidon-data/poseidon/workflows/casa-wind-workflow-full/submit/poseidon/pegasus/casa-wind-full/run0390/00/02/point_alert_ID0000010.meta,/mnt/poseidon-data/poseidon/workflows/casa-wind-workflow-full/submit/poseidon/pegasus/casa-wind-full/run0390/00/02/point_alert_ID0000075.meta,/mnt/poseidon-data/poseidon/workflows/casa-wind-workflow-full/submit/poseidon/pegasus/casa-wind-full/run0390/00/02/point_alert_ID0000090.meta --insert /mnt/poseidon-data/poseidon/workflows/casa-wind-workflow-full/submit/poseidon/pegasus/casa-wind-full/run0390/00/03/register_condorpool_3_1.in",2.7,0,0,,,,,,,,,
