,anomaly_type,type,is_clustered,ready,pre_script_start,pre_script_end,submit,stage_in_start,stage_in_end,stage_in_effective_bytes_per_sec,execute_start,execute_end,stage_out_start,stage_out_end,stage_out_effective_bytes_per_sec,post_script_start,post_script_end,wms_delay,pre_script_delay,queue_delay,runtime,post_script_delay,stage_in_delay,stage_in_bytes,stage_out_delay,stage_out_bytes,kickstart_user,kickstart_site,kickstart_hostname,kickstart_transformations,kickstart_executables,kickstart_executables_argv,kickstart_executables_cpu_time,kickstart_status,kickstart_executables_exitcode,kickstart_online_iowait,kickstart_online_bytes_read,kickstart_online_bytes_written,kickstart_online_read_system_calls,kickstart_online_write_system_calls,kickstart_online_utime,kickstart_online_stime,kickstart_online_bytes_read_per_second,kickstart_online_bytes_written_per_second
create_dir_casa-wind-full_0_condorpool,None,auxiliary,0,1694422084.0,,,1694422085.0,,,0.0,1694422088.0,1694422095.0,,,0.0,1694422095.0,1694422100.0,1.0,,3.0,7.0,5.0,,,,,poseidon,local,poseidon-submit,pegasus::dirmanager,/mnt/poseidon-data/poseidon/pegasus-5.1.0panorama/bin/pegasus-transfer,pegasus-kickstart  -n pegasus::dirmanager -N null -i - -R local  -L casa-wind-full -T 2023-09-08T07:29:05+00:00 pegasus-transfer,0.2,0,0,,,,,,,,,
unzip_ID0000006,None,compute,0,1694422100.0,,,1694422105.0,1694422122.0,1694422129.0,31766634.0,1694422120.0,1694422160.0,1694422140.0,1694422153.0,37910108.0,1694422160.0,1694422165.0,5.0,,15.0,40.0,5.0,7.0,222753803.0,13.0,501616588.0,poseidon,condorpool,poseidon-worker-1-container-40-43,unzip,/usr/bin/gunzip,,3.7,0,0,,,,,,,,,
unzip_ID0000106,cpu_2,compute,0,1694422100.0,,,1694422105.0,1694422123.0,1694422132.0,25687935.0,1694422121.0,1694422175.0,1694422145.0,1694422166.0,24175904.0,1694422175.0,1694422180.0,5.0,,16.0,54.0,5.0,9.0,241199298.0,21.0,501821816.0,poseidon,condorpool,poseidon-worker-1-container-44-47,unzip,/usr/bin/gunzip,,4.1,0,0,,,,,,,,,
unzip_ID0000046,None,compute,0,1694422100.0,,,1694422105.0,1694422122.0,1694422131.0,25818747.0,1694422120.0,1694422170.0,1694422144.0,1694422160.0,32586050.0,1694422170.0,1694422175.0,5.0,,15.0,50.0,5.0,9.0,229692821.0,16.0,523855228.0,poseidon,condorpool,poseidon-worker-1-container-4-7,unzip,/usr/bin/gunzip,,4.0,0,0,,,,,,,,,
unzip_ID0000101,None,compute,0,1694422100.0,,,1694422105.0,1694422122.0,1694422131.0,29140314.0,1694422120.0,1694422170.0,1694422144.0,1694422164.0,28256705.0,1694422170.0,1694422175.0,5.0,,15.0,50.0,5.0,9.0,250988249.0,20.0,561551644.0,poseidon,condorpool,poseidon-worker-1-container-8-11,unzip,/usr/bin/gunzip,,4.3,0,0,,,,,,,,,
unzip_ID0000026,None,compute,0,1694422100.0,,,1694422105.0,1694422121.0,1694422130.0,26145552.0,1694422120.0,1694422165.0,1694422144.0,1694422157.0,37745757.0,1694422165.0,1694422170.0,5.0,,15.0,45.0,5.0,9.0,227963832.0,13.0,523917888.0,poseidon,condorpool,poseidon-worker-2-container-12-15,unzip,/usr/bin/gunzip,,4.0,0,0,,,,,,,,,
unzip_ID0000126,None,compute,0,1694422100.0,,,1694422105.0,1694422122.0,1694422130.0,31606885.0,1694422121.0,1694422170.0,1694422143.0,1694422164.0,25034078.0,1694422170.0,1694422175.0,5.0,,16.0,49.0,5.0,8.0,249343892.0,21.0,520618424.0,poseidon,condorpool,poseidon-worker-1-container-16-19,unzip,/usr/bin/gunzip,,4.2,0,0,,,,,,,,,
unzip_ID0000031,None,compute,0,1694422100.0,,,1694422105.0,1694422122.0,1694422132.0,23328717.0,1694422120.0,1694422175.0,1694422145.0,1694422165.0,26755007.0,1694422175.0,1694422180.0,5.0,,15.0,55.0,5.0,10.0,237517035.0,20.0,539438752.0,poseidon,condorpool,poseidon-worker-1-container-12-15,unzip,/usr/bin/gunzip,,4.1,0,0,,,,,,,,,
unzip_ID0000011,None,compute,0,1694422100.0,,,1694422105.0,1694422122.0,1694422129.0,32441996.0,1694422120.0,1694422170.0,1694422143.0,1694422164.0,26907667.0,1694422170.0,1694422175.0,5.0,,15.0,50.0,5.0,7.0,235998389.0,21.0,565205920.0,poseidon,condorpool,poseidon-worker-2-container-0-3,unzip,/usr/bin/gunzip,,4.1,0,0,,,,,,,,,
unzip_ID0000056,None,compute,0,1694422100.0,,,1694422105.0,1694422121.0,1694422130.0,28381967.0,1694422120.0,1694422170.0,1694422143.0,1694422163.0,25798944.0,1694422170.0,1694422175.0,5.0,,15.0,50.0,5.0,9.0,232139969.0,20.0,528026776.0,poseidon,condorpool,poseidon-worker-2-container-20-23,unzip,/usr/bin/gunzip,,4.1,0,0,,,,,,,,,
unzip_ID0000111,None,compute,0,1694422100.0,,,1694422105.0,1694422122.0,1694422129.0,37519528.0,1694422120.0,1694422160.0,1694422142.0,1694422152.0,54815364.0,1694422160.0,1694422165.0,5.0,,15.0,40.0,5.0,7.0,256320311.0,10.0,567950764.0,poseidon,condorpool,poseidon-worker-2-container-16-19,unzip,/usr/bin/gunzip,,4.4,0,0,,,,,,,,,
unzip_ID0000071,cpu_2,compute,0,1694422100.0,,,1694422105.0,1694422122.0,1694422132.0,24304790.0,1694422120.0,1694422175.0,1694422145.0,1694422166.0,26555439.0,1694422175.0,1694422180.0,5.0,,15.0,55.0,5.0,10.0,240896692.0,21.0,539506600.0,poseidon,condorpool,poseidon-worker-1-container-20-23,unzip,/usr/bin/gunzip,,4.2,0,0,,,,,,,,,
unzip_ID0000051,None,compute,0,1694422100.0,,,1694422105.0,1694422121.0,1694422129.0,31918481.0,1694422120.0,1694422160.0,1694422141.0,1694422154.0,43298431.0,1694422160.0,1694422165.0,5.0,,15.0,40.0,5.0,8.0,239630266.0,13.0,544301296.0,poseidon,condorpool,poseidon-worker-1-container-36-39,unzip,/usr/bin/gunzip,,4.0,0,0,,,,,,,,,
unzip_ID0000076,None,compute,0,1694422100.0,,,1694422105.0,1694422122.0,1694422131.0,25419994.0,1694422120.0,1694422170.0,1694422144.0,1694422164.0,27213963.0,1694422170.0,1694422175.0,5.0,,15.0,50.0,5.0,9.0,233747923.0,20.0,523942844.0,poseidon,condorpool,poseidon-worker-1-container-28-31,unzip,/usr/bin/gunzip,,4.1,0,0,,,,,,,,,
unzip_ID0000091,cpu_2,compute,0,1694422100.0,,,1694422105.0,1694422122.0,1694422131.0,27983261.0,1694422120.0,1694422170.0,1694422144.0,1694422162.0,30907818.0,1694422170.0,1694422175.0,5.0,,15.0,50.0,5.0,9.0,246447087.0,18.0,539109992.0,poseidon,condorpool,poseidon-worker-2-container-4-7,unzip,/usr/bin/gunzip,,4.2,0,0,,,,,,,,,
unzip_ID0000096,cpu_2,compute,0,1694422100.0,,,1694422105.0,1694422122.0,1694422131.0,27161320.0,1694422120.0,1694422170.0,1694422144.0,1694422161.0,30579657.0,1694422170.0,1694422175.0,5.0,,15.0,50.0,5.0,9.0,240753402.0,17.0,524013876.0,poseidon,condorpool,poseidon-worker-1-container-24-27,unzip,/usr/bin/gunzip,,4.1,0,0,,,,,,,,,
unzip_ID0000041,cpu_2,compute,0,1694422100.0,,,1694422105.0,1694422122.0,1694422131.0,26440537.0,1694422120.0,1694422170.0,1694422144.0,1694422164.0,28043303.0,1694422170.0,1694422175.0,5.0,,15.0,50.0,5.0,9.0,238944758.0,20.0,540768928.0,poseidon,condorpool,poseidon-worker-1-container-0-3,unzip,/usr/bin/gunzip,,4.1,0,0,,,,,,,,,
unzip_ID0000061,cpu_2,compute,0,1694422100.0,,,1694422105.0,1694422121.0,1694422130.0,27297590.0,1694422120.0,1694422165.0,1694422144.0,1694422157.0,41433984.0,1694422165.0,1694422170.0,5.0,,15.0,45.0,5.0,9.0,240463185.0,13.0,541945820.0,poseidon,condorpool,poseidon-worker-2-container-40-43,unzip,/usr/bin/gunzip,,4.2,0,0,,,,,,,,,
unzip_ID0000001,cpu_2,compute,0,1694422100.0,,,1694422105.0,1694422122.0,1694422133.0,21876835.0,1694422120.0,1694422175.0,1694422146.0,1694422167.0,25837853.0,1694422175.0,1694422180.0,5.0,,15.0,55.0,5.0,11.0,232473216.0,21.0,561354992.0,poseidon,condorpool,poseidon-worker-2-container-44-47,unzip,/usr/bin/gunzip,,4.1,0,0,,,,,,,,,
unzip_ID0000121,cpu_2,compute,0,1694422100.0,,,1694422105.0,1694422122.0,1694422132.0,26724924.0,1694422120.0,1694422170.0,1694422144.0,1694422164.0,27748365.0,1694422170.0,1694422175.0,5.0,,15.0,50.0,5.0,10.0,250860096.0,20.0,550782944.0,poseidon,condorpool,poseidon-worker-2-container-28-31,unzip,/usr/bin/gunzip,,4.3,0,0,,,,,,,,,
unzip_ID0000066,None,compute,0,1694422100.0,,,1694422105.0,1694422121.0,1694422129.0,31981141.0,1694422120.0,1694422160.0,1694422141.0,1694422150.0,57796035.0,1694422160.0,1694422165.0,5.0,,15.0,40.0,5.0,8.0,232031705.0,9.0,523661496.0,poseidon,condorpool,poseidon-worker-2-container-36-39,unzip,/usr/bin/gunzip,,4.0,0,0,,,,,,,,,
unzip_ID0000081,cpu_2,compute,0,1694422100.0,,,1694422105.0,1694422122.0,1694422132.0,25258735.0,1694422120.0,1694422175.0,1694422145.0,1694422166.0,25862839.0,1694422175.0,1694422180.0,5.0,,15.0,55.0,5.0,10.0,245619741.0,21.0,543190672.0,poseidon,condorpool,poseidon-worker-1-container-44-47,unzip,/usr/bin/gunzip,,4.2,0,0,,,,,,,,,
unzip_ID0000086,cpu_2,compute,0,1694422100.0,,,1694422105.0,1694422121.0,1694422130.0,26169145.0,1694422120.0,1694422170.0,1694422144.0,1694422162.0,29630365.0,1694422170.0,1694422175.0,5.0,,15.0,50.0,5.0,9.0,234836668.0,18.0,518838800.0,poseidon,condorpool,poseidon-worker-2-container-32-35,unzip,/usr/bin/gunzip,,4.1,0,0,,,,,,,,,
unzip_ID0000016,cpu_2,compute,0,1694422100.0,,,1694422105.0,1694422122.0,1694422131.0,27160398.0,1694422121.0,1694422170.0,1694422144.0,1694422161.0,29773422.0,1694422170.0,1694422175.0,5.0,,16.0,49.0,5.0,9.0,225238888.0,17.0,523826084.0,poseidon,condorpool,poseidon-worker-2-container-24-27,unzip,/usr/bin/gunzip,,4.0,0,0,,,,,,,,,
unzip_ID0000036,None,compute,0,1694422100.0,,,1694422105.0,1694422122.0,1694422132.0,24080311.0,1694422120.0,1694422170.0,1694422144.0,1694422164.0,27665207.0,1694422170.0,1694422175.0,5.0,,15.0,50.0,5.0,10.0,232020704.0,20.0,526952240.0,poseidon,condorpool,poseidon-worker-2-container-8-11,unzip,/usr/bin/gunzip,,4.1,0,0,,,,,,,,,
unzip_ID0000116,None,compute,0,1694422100.0,,,1694422105.0,1694422122.0,1694422130.0,30069405.0,1694422120.0,1694422170.0,1694422142.0,1694422164.0,23546695.0,1694422170.0,1694422175.0,5.0,,15.0,50.0,5.0,8.0,249255741.0,22.0,520850676.0,poseidon,condorpool,poseidon-worker-1-container-40-43,unzip,/usr/bin/gunzip,,4.2,0,0,,,,,,,,,
unzip_ID0000021,None,compute,0,1694422100.0,,,1694422105.0,1694422122.0,1694422132.0,23265356.0,1694422120.0,1694422175.0,1694422145.0,1694422168.0,23128918.0,1694422175.0,1694422180.0,5.0,,15.0,55.0,5.0,10.0,235136662.0,23.0,539178100.0,poseidon,condorpool,poseidon-worker-1-container-32-35,unzip,/usr/bin/gunzip,,4.1,0,0,,,,,,,,,
um_vel_ID0000052,cpu_2,compute,0,1694422165.0,,,1694422170.0,1694422173.0,1694422192.0,52033809.9,1694422171.0,1694422210.0,1694422201.0,1694422204.0,174060.0,1694422210.0,1694422215.0,5.0,,1.0,39.0,5.0,19.0,720888048.0,3.0,556900.0,poseidon,condorpool,poseidon-worker-2-container-4-7,um_vel,/opt/UM_VEL/UM_VEL,,1.8,0,0,,,,,,,,,
um_vel_ID0000007,None,compute,0,1694422165.0,,,1694422170.0,1694422173.0,1694422195.0,41146249.8,1694422171.0,1694422215.0,1694422204.0,1694422207.0,171260.0,1694422215.0,1694422220.0,5.0,,1.0,44.0,5.0,22.0,678203340.0,3.0,556900.0,poseidon,condorpool,poseidon-worker-2-container-12-15,um_vel,/opt/UM_VEL/UM_VEL,,1.7,0,0,,,,,,,,,
um_vel_ID0000112,None,compute,0,1694422165.0,,,1694422170.0,1694422173.0,1694422195.0,43858262.6,1694422171.0,1694422215.0,1694422205.0,1694422208.0,176950.0,1694422215.0,1694422220.0,5.0,,1.0,44.0,5.0,22.0,744537516.0,3.0,556900.0,poseidon,condorpool,poseidon-worker-2-container-36-39,um_vel,/opt/UM_VEL/UM_VEL,,1.8,0,0,,,,,,,,,
um_vel_ID0000067,None,compute,0,1694422165.0,,,1694422170.0,1694422173.0,1694422191.0,53334724.0,1694422171.0,1694422210.0,1694422200.0,1694422203.0,169174.0,1694422210.0,1694422215.0,5.0,,1.0,39.0,5.0,18.0,700248248.0,3.0,556900.0,poseidon,condorpool,poseidon-worker-2-container-0-3,um_vel,/opt/UM_VEL/UM_VEL,,1.8,0,0,,,,,,,,,
um_vel_ID0000062,cpu_2,compute,0,1694422170.0,,,1694422175.0,1694422178.0,1694422202.0,39307719.3,1694422177.0,1694422220.0,1694422211.0,1694422214.0,175053.0,1694422220.0,1694422225.0,5.0,,2.0,43.0,5.0,24.0,718532572.0,3.0,556900.0,poseidon,condorpool,poseidon-worker-2-container-40-43,um_vel,/opt/UM_VEL/UM_VEL,,1.7,0,0,,,,,,,,,
um_vel_ID0000027,None,compute,0,1694422170.0,,,1694422175.0,1694422178.0,1694422197.0,54738710.2,1694422177.0,1694422215.0,1694422206.0,1694422209.0,176194.0,1694422215.0,1694422220.0,5.0,,2.0,38.0,5.0,19.0,700504640.0,3.0,556900.0,poseidon,condorpool,poseidon-worker-1-container-12-15,um_vel,/opt/UM_VEL/UM_VEL,,1.8,0,0,,,,,,,,,
um_vel_ID0000057,None,compute,0,1694422175.0,,,1694422180.0,1694422183.0,1694422202.0,52989694.5,1694422181.0,1694422220.0,1694422211.0,1694422214.0,175993.0,1694422220.0,1694422225.0,5.0,,1.0,39.0,5.0,19.0,704613528.0,3.0,556900.0,poseidon,condorpool,poseidon-worker-2-container-20-23,um_vel,/opt/UM_VEL/UM_VEL,,1.7,0,0,,,,,,,,,
um_vel_ID0000102,None,compute,0,1694422175.0,,,1694422180.0,1694422184.0,1694422205.0,47776058.9,1694422182.0,1694422225.0,1694422213.0,1694422217.0,176663.0,1694422225.0,1694422230.0,5.0,,2.0,43.0,5.0,21.0,738138396.0,4.0,556900.0,poseidon,condorpool,poseidon-worker-2-container-16-19,um_vel,/opt/UM_VEL/UM_VEL,,1.7,0,0,,,,,,,,,
um_vel_ID0000127,cpu_2,compute,0,1694422175.0,,,1694422180.0,1694422183.0,1694422205.0,42864001.0,1694422181.0,1694422225.0,1694422213.0,1694422216.0,177134.0,1694422225.0,1694422230.0,5.0,,1.0,44.0,5.0,22.0,697205176.0,3.0,556900.0,poseidon,condorpool,poseidon-worker-1-container-20-23,um_vel,/opt/UM_VEL/UM_VEL,,1.7,0,0,,,,,,,,,
um_vel_ID0000047,cpu_2,compute,0,1694422175.0,,,1694422180.0,1694422184.0,1694422202.0,57582106.6,1694422183.0,1694422225.0,1694422211.0,1694422214.0,173601.0,1694422225.0,1694422230.0,5.0,,3.0,42.0,5.0,18.0,700441980.0,3.0,556900.0,poseidon,condorpool,poseidon-worker-1-container-44-47,um_vel,/opt/UM_VEL/UM_VEL,,1.6,0,0,,,,,,,,,
um_vel_ID0000077,None,compute,0,1694422175.0,,,1694422180.0,1694422183.0,1694422205.0,42604883.0,1694422181.0,1694422225.0,1694422214.0,1694422217.0,175762.0,1694422225.0,1694422230.0,5.0,,1.0,44.0,5.0,22.0,700529596.0,3.0,556900.0,poseidon,condorpool,poseidon-worker-1-container-36-39,um_vel,/opt/UM_VEL/UM_VEL,,1.7,0,0,,,,,,,,,
um_vel_ID0000097,cpu_2,compute,0,1694422175.0,,,1694422180.0,1694422184.0,1694422204.0,48655902.0,1694422182.0,1694422225.0,1694422212.0,1694422216.0,176115.0,1694422225.0,1694422230.0,5.0,,2.0,43.0,5.0,20.0,700600628.0,4.0,556900.0,poseidon,condorpool,poseidon-worker-1-container-24-27,um_vel,/opt/UM_VEL/UM_VEL,,1.8,0,0,,,,,,,,,
um_vel_ID0000012,cpu_2,compute,0,1694422175.0,,,1694422180.0,1694422183.0,1694422208.0,38971260.3,1694422181.0,1694422230.0,1694422217.0,1694422220.0,175164.0,1694422230.0,1694422235.0,5.0,,1.0,49.0,5.0,25.0,741792672.0,3.0,556900.0,poseidon,condorpool,poseidon-worker-2-container-32-35,um_vel,/opt/UM_VEL/UM_VEL,,1.7,0,0,,,,,,,,,
um_vel_ID0000117,cpu_2,compute,0,1694422175.0,,,1694422180.0,1694422183.0,1694422202.0,51174856.6,1694422181.0,1694422220.0,1694422211.0,1694422214.0,175289.0,1694422220.0,1694422225.0,5.0,,1.0,39.0,5.0,19.0,697437428.0,3.0,556900.0,poseidon,condorpool,poseidon-worker-1-container-44-47,um_vel,/opt/UM_VEL/UM_VEL,,1.7,0,0,,,,,,,,,
um_vel_ID0000092,None,compute,0,1694422175.0,,,1694422180.0,1694422183.0,1694422205.0,45327779.4,1694422181.0,1694422225.0,1694422213.0,1694422217.0,174325.0,1694422225.0,1694422230.0,5.0,,1.0,44.0,5.0,22.0,715696744.0,4.0,556900.0,poseidon,condorpool,poseidon-worker-1-container-32-35,um_vel,/opt/UM_VEL/UM_VEL,,1.7,0,0,,,,,,,,,
um_vel_ID0000037,None,compute,0,1694422175.0,,,1694422180.0,1694422183.0,1694422205.0,43720106.9,1694422181.0,1694422225.0,1694422214.0,1694422217.0,174145.0,1694422225.0,1694422230.0,5.0,,1.0,44.0,5.0,22.0,703538992.0,3.0,556900.0,poseidon,condorpool,poseidon-worker-1-container-4-7,um_vel,/opt/UM_VEL/UM_VEL,,1.7,0,0,,,,,,,,,
um_vel_ID0000017,None,compute,0,1694422175.0,,,1694422180.0,1694422183.0,1694422203.0,49775843.3,1694422182.0,1694422225.0,1694422212.0,1694422215.0,174751.0,1694422225.0,1694422230.0,5.0,,2.0,43.0,5.0,20.0,700412836.0,3.0,556900.0,poseidon,condorpool,poseidon-worker-1-container-8-11,um_vel,/opt/UM_VEL/UM_VEL,,1.8,0,0,,,,,,,,,
um_vel_ID0000087,cpu_2,compute,0,1694422175.0,,,1694422180.0,1694422183.0,1694422202.0,51804241.8,1694422181.0,1694422220.0,1694422211.0,1694422214.0,174594.0,1694422220.0,1694422225.0,5.0,,1.0,39.0,5.0,19.0,695425552.0,3.0,556900.0,poseidon,condorpool,poseidon-worker-2-container-44-47,um_vel,/opt/UM_VEL/UM_VEL,,1.7,0,0,,,,,,,,,
um_vel_ID0000122,None,compute,0,1694422175.0,,,1694422180.0,1694422183.0,1694422207.0,39735688.8,1694422182.0,1694422225.0,1694422216.0,1694422219.0,174641.0,1694422225.0,1694422230.0,5.0,,2.0,43.0,5.0,24.0,727369696.0,3.0,556900.0,poseidon,condorpool,poseidon-worker-1-container-40-43,um_vel,/opt/UM_VEL/UM_VEL,,1.8,0,0,,,,,,,,,
um_vel_ID0000042,None,compute,0,1694422175.0,,,1694422180.0,1694422183.0,1694422203.0,49942228.5,1694422181.0,1694422225.0,1694422212.0,1694422215.0,174395.0,1694422225.0,1694422230.0,5.0,,1.0,44.0,5.0,20.0,717355680.0,3.0,556900.0,poseidon,condorpool,poseidon-worker-1-container-28-31,um_vel,/opt/UM_VEL/UM_VEL,,1.7,0,0,,,,,,,,,
um_vel_ID0000082,cpu_2,compute,0,1694422180.0,,,1694422185.0,1694422188.0,1694422207.0,53003709.5,1694422186.0,1694422225.0,1694422216.0,1694422219.0,174939.0,1694422225.0,1694422230.0,5.0,,1.0,39.0,5.0,19.0,719777424.0,3.0,556900.0,poseidon,condorpool,poseidon-worker-1-container-0-3,um_vel,/opt/UM_VEL/UM_VEL,,1.8,0,0,,,,,,,,,
stage_out_local_condorpool_0_1,None,transfer,0,1694422180.0,,,1694422185.0,,,0.0,1694422186.0,1694422220.0,,,0.0,1694422220.0,1694422225.0,5.0,,1.0,34.0,5.0,,,,,poseidon,local,poseidon-submit,pegasus::transfer,/mnt/poseidon-data/poseidon/pegasus-5.1.0panorama/bin/pegasus-transfer,/home/poseidon/pegasus-5.1.0panorama/bin/../bin/pegasus-kickstart  -n pegasus::transfer -N null -i - -R local  -L casa-wind-full -T 2023-09-08T07:29:05+00:00 /home/poseidon/pegasus-5.1.0panorama/bin/../bin/pegasus-transfer  --threads 2,34.9,0,0,,,,,,,,,
stage_out_local_condorpool_0_0,None,transfer,0,1694422180.0,,,1694422185.0,,,0.0,1694422186.0,1694422220.0,,,0.0,1694422220.0,1694422225.0,5.0,,1.0,34.0,5.0,,,,,poseidon,local,poseidon-submit,pegasus::transfer,/mnt/poseidon-data/poseidon/pegasus-5.1.0panorama/bin/pegasus-transfer,/home/poseidon/pegasus-5.1.0panorama/bin/../bin/pegasus-kickstart  -n pegasus::transfer -N null -i - -R local  -L casa-wind-full -T 2023-09-08T07:29:05+00:00 /home/poseidon/pegasus-5.1.0panorama/bin/../bin/pegasus-transfer  --threads 2,36.0,0,0,,,,,,,,,
um_vel_ID0000107,cpu_2,compute,0,1694422180.0,,,1694422185.0,1694422188.0,1694422208.0,46634860.1,1694422186.0,1694422225.0,1694422216.0,1694422219.0,174995.0,1694422225.0,1694422230.0,5.0,,1.0,39.0,5.0,20.0,678408568.0,3.0,556900.0,poseidon,condorpool,poseidon-worker-2-container-24-27,um_vel,/opt/UM_VEL/UM_VEL,,1.6,0,0,,,,,,,,,
stage_out_local_condorpool_0_2,None,transfer,0,1694422180.0,,,1694422185.0,,,0.0,1694422186.0,1694422220.0,,,0.0,1694422220.0,1694422225.0,5.0,,1.0,34.0,5.0,,,,,poseidon,local,poseidon-submit,pegasus::transfer,/mnt/poseidon-data/poseidon/pegasus-5.1.0panorama/bin/pegasus-transfer,/home/poseidon/pegasus-5.1.0panorama/bin/../bin/pegasus-kickstart  -n pegasus::transfer -N null -i - -R local  -L casa-wind-full -T 2023-09-08T07:29:05+00:00 /home/poseidon/pegasus-5.1.0panorama/bin/../bin/pegasus-transfer  --threads 2,35.5,0,0,,,,,,,,,
um_vel_ID0000022,None,compute,0,1694422180.0,,,1694422185.0,1694422188.0,1694422208.0,50920558.8,1694422186.0,1694422225.0,1694422216.0,1694422219.0,174359.0,1694422225.0,1694422230.0,5.0,,1.0,39.0,5.0,20.0,715764852.0,3.0,556900.0,poseidon,condorpool,poseidon-worker-2-container-8-11,um_vel,/opt/UM_VEL/UM_VEL,,1.7,0,0,,,,,,,,,
um_vel_ID0000032,None,compute,0,1694422180.0,,,1694422185.0,1694422188.0,1694422207.0,55369256.2,1694422186.0,1694422225.0,1694422216.0,1694422219.0,176567.0,1694422225.0,1694422230.0,5.0,,1.0,39.0,5.0,19.0,716025504.0,3.0,556900.0,poseidon,condorpool,poseidon-worker-1-container-16-19,um_vel,/opt/UM_VEL/UM_VEL,,1.7,0,0,,,,,,,,,
um_vel_ID0000072,cpu_2,compute,0,1694422180.0,,,1694422185.0,1694422194.0,1694422214.0,49417386.8,1694422192.0,1694422235.0,1694422222.0,1694422225.0,174253.0,1694422235.0,1694422240.0,5.0,,7.0,43.0,5.0,20.0,716093352.0,3.0,556900.0,poseidon,condorpool,poseidon-worker-1-container-44-47,um_vel,/opt/UM_VEL/UM_VEL,,1.6,0,0,,,,,,,,,
um_vel_ID0000002,cpu_2,compute,0,1694422180.0,,,1694422185.0,1694422188.0,1694422208.0,51879636.4,1694422186.0,1694422230.0,1694422217.0,1694422220.0,176579.0,1694422230.0,1694422235.0,5.0,,1.0,44.0,5.0,20.0,737941744.0,3.0,556900.0,poseidon,condorpool,poseidon-worker-2-container-28-31,um_vel,/opt/UM_VEL/UM_VEL,,1.8,0,0,,,,,,,,,
mvt_ID0000069,None,compute,0,1694422215.0,,,1694422220.0,1694422222.0,1694422233.0,33209220.4,1694422221.0,1694422291.0,1694422279.0,1694422282.0,11459.0,1694422291.0,1694422296.0,5.0,,1.0,70.0,5.0,11.0,177143652.0,3.0,35309.0,poseidon,condorpool,poseidon-worker-2-container-12-15,mvt,/opt/mvt/mvt,,40.4,0,0,0.0,795687.0,16384.0,443.0,4.0,39.9,0.1,19892.2,819.2
post_vel_ID0000068,None,compute,0,1694422215.0,,,1694422220.0,1694422222.0,1694422233.0,34161973.0,1694422221.0,1694422251.0,1694422239.0,1694422242.0,3566.0,1694422251.0,1694422256.0,5.0,,1.0,30.0,5.0,11.0,177143937.0,3.0,11398.0,poseidon,condorpool,poseidon-worker-2-container-0-3,post_vel,/opt/netcdf2png/merged_netcdf2png,,0.1,0,0,,,,,,,,,
post_vel_ID0000053,None,compute,0,1694422215.0,,,1694422220.0,1694422222.0,1694422233.0,33976806.6,1694422221.0,1694422251.0,1694422239.0,1694422242.0,3426.0,1694422251.0,1694422256.0,5.0,,1.0,30.0,5.0,11.0,177143937.0,3.0,11004.0,poseidon,condorpool,poseidon-worker-1-container-12-15,post_vel,/opt/netcdf2png/merged_netcdf2png,,0.1,0,0,,,,,,,,,
mvt_ID0000054,None,compute,0,1694422215.0,,,1694422220.0,1694422222.0,1694422233.0,33674310.8,1694422221.0,1694422291.0,1694422279.0,1694422282.0,9294.0,1694422291.0,1694422296.0,5.0,,1.0,70.0,5.0,11.0,177143652.0,3.0,28552.0,poseidon,condorpool,poseidon-worker-2-container-36-39,mvt,/opt/mvt/mvt,,40.3,0,0,0.0,795677.0,12288.0,443.0,3.0,39.9,0.1,19891.9,1228.8
post_vel_ID0000008,cpu_2,compute,0,1694422220.0,,,1694422225.0,1694422228.0,1694422239.0,33909658.4,1694422226.0,1694422256.0,1694422244.0,1694422247.0,3556.0,1694422256.0,1694422261.0,5.0,,1.0,30.0,5.0,11.0,177143937.0,3.0,10982.0,poseidon,condorpool,poseidon-worker-2-container-4-7,post_vel,/opt/netcdf2png/merged_netcdf2png,,0.1,0,0,,,,,,,,,
mvt_ID0000029,cpu_2,compute,0,1694422220.0,,,1694422225.0,1694422228.0,1694422239.0,34219619.6,1694422226.0,1694422296.0,1694422284.0,1694422288.0,11880.0,1694422296.0,1694422301.0,5.0,,1.0,70.0,5.0,11.0,177143652.0,4.0,38341.0,poseidon,condorpool,poseidon-worker-1-container-20-23,mvt,/opt/mvt/mvt,,39.7,0,0,0.0,803888.0,20480.0,461.0,5.0,39.5,0.1,20097.2,1024.0
mvt_ID0000009,cpu_2,compute,0,1694422220.0,,,1694422225.0,1694422228.0,1694422239.0,35039270.0,1694422226.0,1694422296.0,1694422285.0,1694422288.0,11613.0,1694422296.0,1694422301.0,5.0,,1.0,70.0,5.0,11.0,177143652.0,3.0,35429.0,poseidon,condorpool,poseidon-worker-2-container-40-43,mvt,/opt/mvt/mvt,,40.3,0,0,0.0,803876.0,20480.0,461.0,5.0,39.3,0.2,20096.9,1024.0
post_vel_ID0000028,None,compute,0,1694422220.0,,,1694422225.0,1694422228.0,1694422239.0,35070120.8,1694422226.0,1694422256.0,1694422244.0,1694422247.0,3723.0,1694422256.0,1694422261.0,5.0,,1.0,30.0,5.0,11.0,177143937.0,3.0,11529.0,poseidon,condorpool,poseidon-worker-1-container-36-39,post_vel,/opt/netcdf2png/merged_netcdf2png,,0.1,0,0,,,,,,,,,
mvt_ID0000114,None,compute,0,1694422220.0,,,1694422225.0,1694422228.0,1694422239.0,35170837.2,1694422226.0,1694422296.0,1694422284.0,1694422287.0,23724.0,1694422296.0,1694422301.0,5.0,,1.0,70.0,5.0,11.0,177143652.0,3.0,73234.0,poseidon,condorpool,poseidon-worker-1-container-8-11,mvt,/opt/mvt/mvt,,39.9,0,0,0.0,790479.0,40960.0,425.0,10.0,29.9,0.1,26349.3,4096.0
post_vel_ID0000113,None,compute,0,1694422220.0,,,1694422225.0,1694422228.0,1694422239.0,34956830.0,1694422226.0,1694422256.0,1694422244.0,1694422248.0,4727.0,1694422256.0,1694422261.0,5.0,,1.0,30.0,5.0,11.0,177143937.0,4.0,14745.0,poseidon,condorpool,poseidon-worker-1-container-4-7,post_vel,/opt/netcdf2png/merged_netcdf2png,,0.2,0,0,,,,,,,,,
mvt_ID0000119,cpu_2,compute,0,1694422225.0,,,1694422230.0,1694422234.0,1694422245.0,30459472.0,1694422232.0,1694422327.0,1694422316.0,1694422319.0,21302.0,1694422327.0,1694422332.0,5.0,,2.0,95.0,5.0,11.0,177143652.0,3.0,65525.0,poseidon,condorpool,poseidon-worker-1-container-44-47,mvt,/opt/mvt/mvt,,39.6,0,0,0.0,863738.0,36864.0,605.0,9.0,36.9,0.1,14395.6,3686.4
post_vel_ID0000118,cpu_2,compute,0,1694422225.0,,,1694422230.0,1694422234.0,1694422245.0,27738386.8,1694422232.0,1694422261.0,1694422251.0,1694422254.0,4667.0,1694422261.0,1694422266.0,5.0,,2.0,29.0,5.0,11.0,177143937.0,3.0,14402.0,poseidon,condorpool,poseidon-worker-1-container-24-27,post_vel,/opt/netcdf2png/merged_netcdf2png,,0.1,0,0,,,,,,,,,
mvt_ID0000089,cpu_2,compute,0,1694422225.0,,,1694422230.0,1694422233.0,1694422244.0,34982443.6,1694422232.0,1694422301.0,1694422290.0,1694422293.0,15625.0,1694422301.0,1694422306.0,5.0,,2.0,69.0,5.0,11.0,177143652.0,3.0,48475.0,poseidon,condorpool,poseidon-worker-2-container-44-47,mvt,/opt/mvt/mvt,,39.9,0,0,0.0,802521.0,24576.0,458.0,6.0,39.8,0.1,20063.0,2457.6
post_vel_ID0000088,None,compute,0,1694422225.0,,,1694422230.0,1694422233.0,1694422244.0,33463046.2,1694422232.0,1694422261.0,1694422250.0,1694422253.0,4095.0,1694422261.0,1694422266.0,5.0,,2.0,29.0,5.0,11.0,177143937.0,3.0,12740.0,poseidon,condorpool,poseidon-worker-1-container-32-35,post_vel,/opt/netcdf2png/merged_netcdf2png,,0.1,0,0,,,,,,,,,
mvt_ID0000059,None,compute,0,1694422225.0,,,1694422230.0,1694422233.0,1694422245.0,26893038.8,1694422232.0,1694422301.0,1694422291.0,1694422294.0,9165.0,1694422301.0,1694422306.0,5.0,,2.0,69.0,5.0,12.0,177143652.0,3.0,28164.0,poseidon,condorpool,poseidon-worker-1-container-28-31,mvt,/opt/mvt/mvt,,39.9,0,0,0.0,798727.0,12288.0,443.0,3.0,29.9,0.1,26624.2,1228.8
post_vel_ID0000058,cpu_2,compute,0,1694422225.0,,,1694422230.0,1694422233.0,1694422245.0,33472121.0,1694422232.0,1694422261.0,1694422250.0,1694422253.0,3529.0,1694422261.0,1694422266.0,5.0,,2.0,29.0,5.0,12.0,177143937.0,3.0,10981.0,poseidon,condorpool,poseidon-worker-2-container-32-35,post_vel,/opt/netcdf2png/merged_netcdf2png,,0.1,0,0,,,,,,,,,
register_condorpool_0_2,None,auxiliary,0,1694422225.0,,,1694422281.0,,,0.0,1694422282.0,1694422286.0,,,0.0,1694422286.0,1694422291.0,56.0,,1.0,4.0,5.0,,,,,poseidon,local,poseidon-submit,pegasus::rc-client,/mnt/poseidon-data/poseidon/pegasus-5.1.0panorama/bin/pegasus-rc-client,"-n pegasus::rc-client -N null -R local  -L casa-wind-full -T 2023-09-08T07:29:05+00:00 /home/poseidon/pegasus-5.1.0panorama/bin/pegasus-rc-client --prefix pegasus.catalog.replica.output --conf /mnt/poseidon-data/poseidon/workflows/casa-wind-workflow-full/submit/poseidon/pegasus/casa-wind-full/run0298/pegasus.4829596047145384427.properties -v --meta /mnt/poseidon-data/poseidon/workflows/casa-wind-workflow-full/submit/poseidon/pegasus/casa-wind-full/run0298/00/00/unzip_ID0000026.meta,/mnt/poseidon-data/poseidon/workflows/casa-wind-workflow-full/submit/poseidon/pegasus/casa-wind-full/run0298/00/00/unzip_ID0000061.meta,/mnt/poseidon-data/poseidon/workflows/casa-wind-workflow-full/submit/poseidon/pegasus/casa-wind-full/run0298/00/00/unzip_ID0000071.meta,/mnt/poseidon-data/poseidon/workflows/casa-wind-workflow-full/submit/poseidon/pegasus/casa-wind-full/run0298/00/00/unzip_ID0000041.meta,/mnt/poseidon-data/poseidon/workflows/casa-wind-workflow-full/submit/poseidon/pegasus/casa-wind-full/run0298/00/00/unzip_ID0000016.meta,/mnt/poseidon-data/poseidon/workflows/casa-wind-workflow-full/submit/poseidon/pegasus/casa-wind-full/run0298/00/00/unzip_ID0000111.meta,/mnt/poseidon-data/poseidon/workflows/casa-wind-workflow-full/submit/poseidon/pegasus/casa-wind-full/run0298/00/00/unzip_ID0000011.meta,/mnt/poseidon-data/poseidon/workflows/casa-wind-workflow-full/submit/poseidon/pegasus/casa-wind-full/run0298/00/00/unzip_ID0000081.meta,/mnt/poseidon-data/poseidon/workflows/casa-wind-workflow-full/submit/poseidon/pegasus/casa-wind-full/run0298/00/00/unzip_ID0000066.meta,/mnt/poseidon-data/poseidon/workflows/casa-wind-workflow-full/submit/poseidon/pegasus/casa-wind-full/run0298/00/00/unzip_ID0000096.meta,/mnt/poseidon-data/poseidon/workflows/casa-wind-workflow-full/submit/poseidon/pegasus/casa-wind-full/run0298/00/00/unzip_ID0000051.meta,/mnt/poseidon-data/poseidon/workflows/casa-wind-workflow-full/submit/poseidon/pegasus/casa-wind-full/run0298/00/00/unzip_ID0000031.meta,/mnt/poseidon-data/poseidon/workflows/casa-wind-workflow-full/submit/poseidon/pegasus/casa-wind-full/run0298/00/00/unzip_ID0000116.meta,/mnt/poseidon-data/poseidon/workflows/casa-wind-workflow-full/submit/poseidon/pegasus/casa-wind-full/run0298/00/00/unzip_ID0000101.meta,/mnt/poseidon-data/poseidon/workflows/casa-wind-workflow-full/submit/poseidon/pegasus/casa-wind-full/run0298/00/00/unzip_ID0000121.meta,/mnt/poseidon-data/poseidon/workflows/casa-wind-workflow-full/submit/poseidon/pegasus/casa-wind-full/run0298/00/00/unzip_ID0000106.meta,/mnt/poseidon-data/poseidon/workflows/casa-wind-workflow-full/submit/poseidon/pegasus/casa-wind-full/run0298/00/00/unzip_ID0000046.meta,/mnt/poseidon-data/poseidon/workflows/casa-wind-workflow-full/submit/poseidon/pegasus/casa-wind-full/run0298/00/00/unzip_ID0000076.meta,/mnt/poseidon-data/poseidon/workflows/casa-wind-workflow-full/submit/poseidon/pegasus/casa-wind-full/run0298/00/00/unzip_ID0000056.meta,/mnt/poseidon-data/poseidon/workflows/casa-wind-workflow-full/submit/poseidon/pegasus/casa-wind-full/run0298/00/00/unzip_ID0000021.meta,/mnt/poseidon-data/poseidon/workflows/casa-wind-workflow-full/submit/poseidon/pegasus/casa-wind-full/run0298/00/00/unzip_ID0000086.meta,/mnt/poseidon-data/poseidon/workflows/casa-wind-workflow-full/submit/poseidon/pegasus/casa-wind-full/run0298/00/00/unzip_ID0000126.meta,/mnt/poseidon-data/poseidon/workflows/casa-wind-workflow-full/submit/poseidon/pegasus/casa-wind-full/run0298/00/00/unzip_ID0000006.meta,/mnt/poseidon-data/poseidon/workflows/casa-wind-workflow-full/submit/poseidon/pegasus/casa-wind-full/run0298/00/00/unzip_ID0000036.meta,/mnt/poseidon-data/poseidon/workflows/casa-wind-workflow-full/submit/poseidon/pegasus/casa-wind-full/run0298/00/00/unzip_ID0000001.meta,/mnt/poseidon-data/poseidon/workflows/casa-wind-workflow-full/submit/poseidon/pegasus/casa-wind-full/run0298/00/00/unzip_ID0000091.meta --insert /mnt/poseidon-data/poseidon/workflows/casa-wind-workflow-full/submit/poseidon/pegasus/casa-wind-full/run0298/00/00/register_condorpool_0_2.in",3.2,0,0,,,,,,,,,
register_condorpool_0_0,None,auxiliary,0,1694422225.0,,,1694422240.0,,,0.0,1694422241.0,1694422246.0,,,0.0,1694422246.0,1694422251.0,15.0,,1.0,5.0,5.0,,,,,poseidon,local,poseidon-submit,pegasus::rc-client,/mnt/poseidon-data/poseidon/pegasus-5.1.0panorama/bin/pegasus-rc-client,"-n pegasus::rc-client -N null -R local  -L casa-wind-full -T 2023-09-08T07:29:05+00:00 /home/poseidon/pegasus-5.1.0panorama/bin/pegasus-rc-client --prefix pegasus.catalog.replica.output --conf /mnt/poseidon-data/poseidon/workflows/casa-wind-workflow-full/submit/poseidon/pegasus/casa-wind-full/run0298/pegasus.4829596047145384427.properties -v --meta /mnt/poseidon-data/poseidon/workflows/casa-wind-workflow-full/submit/poseidon/pegasus/casa-wind-full/run0298/00/00/unzip_ID0000026.meta,/mnt/poseidon-data/poseidon/workflows/casa-wind-workflow-full/submit/poseidon/pegasus/casa-wind-full/run0298/00/00/unzip_ID0000061.meta,/mnt/poseidon-data/poseidon/workflows/casa-wind-workflow-full/submit/poseidon/pegasus/casa-wind-full/run0298/00/00/unzip_ID0000071.meta,/mnt/poseidon-data/poseidon/workflows/casa-wind-workflow-full/submit/poseidon/pegasus/casa-wind-full/run0298/00/00/unzip_ID0000041.meta,/mnt/poseidon-data/poseidon/workflows/casa-wind-workflow-full/submit/poseidon/pegasus/casa-wind-full/run0298/00/00/unzip_ID0000016.meta,/mnt/poseidon-data/poseidon/workflows/casa-wind-workflow-full/submit/poseidon/pegasus/casa-wind-full/run0298/00/00/unzip_ID0000111.meta,/mnt/poseidon-data/poseidon/workflows/casa-wind-workflow-full/submit/poseidon/pegasus/casa-wind-full/run0298/00/00/unzip_ID0000011.meta,/mnt/poseidon-data/poseidon/workflows/casa-wind-workflow-full/submit/poseidon/pegasus/casa-wind-full/run0298/00/00/unzip_ID0000081.meta,/mnt/poseidon-data/poseidon/workflows/casa-wind-workflow-full/submit/poseidon/pegasus/casa-wind-full/run0298/00/00/unzip_ID0000066.meta,/mnt/poseidon-data/poseidon/workflows/casa-wind-workflow-full/submit/poseidon/pegasus/casa-wind-full/run0298/00/00/unzip_ID0000096.meta,/mnt/poseidon-data/poseidon/workflows/casa-wind-workflow-full/submit/poseidon/pegasus/casa-wind-full/run0298/00/00/unzip_ID0000051.meta,/mnt/poseidon-data/poseidon/workflows/casa-wind-workflow-full/submit/poseidon/pegasus/casa-wind-full/run0298/00/00/unzip_ID0000031.meta,/mnt/poseidon-data/poseidon/workflows/casa-wind-workflow-full/submit/poseidon/pegasus/casa-wind-full/run0298/00/00/unzip_ID0000116.meta,/mnt/poseidon-data/poseidon/workflows/casa-wind-workflow-full/submit/poseidon/pegasus/casa-wind-full/run0298/00/00/unzip_ID0000101.meta,/mnt/poseidon-data/poseidon/workflows/casa-wind-workflow-full/submit/poseidon/pegasus/casa-wind-full/run0298/00/00/unzip_ID0000121.meta,/mnt/poseidon-data/poseidon/workflows/casa-wind-workflow-full/submit/poseidon/pegasus/casa-wind-full/run0298/00/00/unzip_ID0000106.meta,/mnt/poseidon-data/poseidon/workflows/casa-wind-workflow-full/submit/poseidon/pegasus/casa-wind-full/run0298/00/00/unzip_ID0000046.meta,/mnt/poseidon-data/poseidon/workflows/casa-wind-workflow-full/submit/poseidon/pegasus/casa-wind-full/run0298/00/00/unzip_ID0000076.meta,/mnt/poseidon-data/poseidon/workflows/casa-wind-workflow-full/submit/poseidon/pegasus/casa-wind-full/run0298/00/00/unzip_ID0000056.meta,/mnt/poseidon-data/poseidon/workflows/casa-wind-workflow-full/submit/poseidon/pegasus/casa-wind-full/run0298/00/00/unzip_ID0000021.meta,/mnt/poseidon-data/poseidon/workflows/casa-wind-workflow-full/submit/poseidon/pegasus/casa-wind-full/run0298/00/00/unzip_ID0000086.meta,/mnt/poseidon-data/poseidon/workflows/casa-wind-workflow-full/submit/poseidon/pegasus/casa-wind-full/run0298/00/00/unzip_ID0000126.meta,/mnt/poseidon-data/poseidon/workflows/casa-wind-workflow-full/submit/poseidon/pegasus/casa-wind-full/run0298/00/00/unzip_ID0000006.meta,/mnt/poseidon-data/poseidon/workflows/casa-wind-workflow-full/submit/poseidon/pegasus/casa-wind-full/run0298/00/00/unzip_ID0000036.meta,/mnt/poseidon-data/poseidon/workflows/casa-wind-workflow-full/submit/poseidon/pegasus/casa-wind-full/run0298/00/00/unzip_ID0000001.meta,/mnt/poseidon-data/poseidon/workflows/casa-wind-workflow-full/submit/poseidon/pegasus/casa-wind-full/run0298/00/00/unzip_ID0000091.meta --insert /mnt/poseidon-data/poseidon/workflows/casa-wind-workflow-full/submit/poseidon/pegasus/casa-wind-full/run0298/00/00/register_condorpool_0_0.in",3.3,0,0,,,,,,,,,
mvt_ID0000064,None,compute,0,1694422225.0,,,1694422230.0,1694422233.0,1694422245.0,33306411.2,1694422232.0,1694422301.0,1694422290.0,1694422293.0,10061.0,1694422301.0,1694422306.0,5.0,,2.0,69.0,5.0,12.0,177143652.0,3.0,31148.0,poseidon,condorpool,poseidon-worker-2-container-20-23,mvt,/opt/mvt/mvt,,40.0,0,0,0.0,806929.0,16384.0,461.0,4.0,29.9,0.1,26897.6,819.2
register_condorpool_0_1,None,auxiliary,0,1694422225.0,,,1694422230.0,,,0.0,1694422231.0,1694422235.0,,,0.0,1694422235.0,1694422240.0,5.0,,1.0,4.0,5.0,,,,,poseidon,local,poseidon-submit,pegasus::rc-client,/mnt/poseidon-data/poseidon/pegasus-5.1.0panorama/bin/pegasus-rc-client,"-n pegasus::rc-client -N null -R local  -L casa-wind-full -T 2023-09-08T07:29:05+00:00 /home/poseidon/pegasus-5.1.0panorama/bin/pegasus-rc-client --prefix pegasus.catalog.replica.output --conf /mnt/poseidon-data/poseidon/workflows/casa-wind-workflow-full/submit/poseidon/pegasus/casa-wind-full/run0298/pegasus.4829596047145384427.properties -v --meta /mnt/poseidon-data/poseidon/workflows/casa-wind-workflow-full/submit/poseidon/pegasus/casa-wind-full/run0298/00/00/unzip_ID0000026.meta,/mnt/poseidon-data/poseidon/workflows/casa-wind-workflow-full/submit/poseidon/pegasus/casa-wind-full/run0298/00/00/unzip_ID0000061.meta,/mnt/poseidon-data/poseidon/workflows/casa-wind-workflow-full/submit/poseidon/pegasus/casa-wind-full/run0298/00/00/unzip_ID0000071.meta,/mnt/poseidon-data/poseidon/workflows/casa-wind-workflow-full/submit/poseidon/pegasus/casa-wind-full/run0298/00/00/unzip_ID0000041.meta,/mnt/poseidon-data/poseidon/workflows/casa-wind-workflow-full/submit/poseidon/pegasus/casa-wind-full/run0298/00/00/unzip_ID0000016.meta,/mnt/poseidon-data/poseidon/workflows/casa-wind-workflow-full/submit/poseidon/pegasus/casa-wind-full/run0298/00/00/unzip_ID0000111.meta,/mnt/poseidon-data/poseidon/workflows/casa-wind-workflow-full/submit/poseidon/pegasus/casa-wind-full/run0298/00/00/unzip_ID0000011.meta,/mnt/poseidon-data/poseidon/workflows/casa-wind-workflow-full/submit/poseidon/pegasus/casa-wind-full/run0298/00/00/unzip_ID0000081.meta,/mnt/poseidon-data/poseidon/workflows/casa-wind-workflow-full/submit/poseidon/pegasus/casa-wind-full/run0298/00/00/unzip_ID0000066.meta,/mnt/poseidon-data/poseidon/workflows/casa-wind-workflow-full/submit/poseidon/pegasus/casa-wind-full/run0298/00/00/unzip_ID0000096.meta,/mnt/poseidon-data/poseidon/workflows/casa-wind-workflow-full/submit/poseidon/pegasus/casa-wind-full/run0298/00/00/unzip_ID0000051.meta,/mnt/poseidon-data/poseidon/workflows/casa-wind-workflow-full/submit/poseidon/pegasus/casa-wind-full/run0298/00/00/unzip_ID0000031.meta,/mnt/poseidon-data/poseidon/workflows/casa-wind-workflow-full/submit/poseidon/pegasus/casa-wind-full/run0298/00/00/unzip_ID0000116.meta,/mnt/poseidon-data/poseidon/workflows/casa-wind-workflow-full/submit/poseidon/pegasus/casa-wind-full/run0298/00/00/unzip_ID0000101.meta,/mnt/poseidon-data/poseidon/workflows/casa-wind-workflow-full/submit/poseidon/pegasus/casa-wind-full/run0298/00/00/unzip_ID0000121.meta,/mnt/poseidon-data/poseidon/workflows/casa-wind-workflow-full/submit/poseidon/pegasus/casa-wind-full/run0298/00/00/unzip_ID0000106.meta,/mnt/poseidon-data/poseidon/workflows/casa-wind-workflow-full/submit/poseidon/pegasus/casa-wind-full/run0298/00/00/unzip_ID0000046.meta,/mnt/poseidon-data/poseidon/workflows/casa-wind-workflow-full/submit/poseidon/pegasus/casa-wind-full/run0298/00/00/unzip_ID0000076.meta,/mnt/poseidon-data/poseidon/workflows/casa-wind-workflow-full/submit/poseidon/pegasus/casa-wind-full/run0298/00/00/unzip_ID0000056.meta,/mnt/poseidon-data/poseidon/workflows/casa-wind-workflow-full/submit/poseidon/pegasus/casa-wind-full/run0298/00/00/unzip_ID0000021.meta,/mnt/poseidon-data/poseidon/workflows/casa-wind-workflow-full/submit/poseidon/pegasus/casa-wind-full/run0298/00/00/unzip_ID0000086.meta,/mnt/poseidon-data/poseidon/workflows/casa-wind-workflow-full/submit/poseidon/pegasus/casa-wind-full/run0298/00/00/unzip_ID0000126.meta,/mnt/poseidon-data/poseidon/workflows/casa-wind-workflow-full/submit/poseidon/pegasus/casa-wind-full/run0298/00/00/unzip_ID0000006.meta,/mnt/poseidon-data/poseidon/workflows/casa-wind-workflow-full/submit/poseidon/pegasus/casa-wind-full/run0298/00/00/unzip_ID0000036.meta,/mnt/poseidon-data/poseidon/workflows/casa-wind-workflow-full/submit/poseidon/pegasus/casa-wind-full/run0298/00/00/unzip_ID0000001.meta,/mnt/poseidon-data/poseidon/workflows/casa-wind-workflow-full/submit/poseidon/pegasus/casa-wind-full/run0298/00/00/unzip_ID0000091.meta --insert /mnt/poseidon-data/poseidon/workflows/casa-wind-workflow-full/submit/poseidon/pegasus/casa-wind-full/run0298/00/00/register_condorpool_0_1.in",3.2,0,0,,,,,,,,,
post_vel_ID0000063,cpu_2,compute,0,1694422225.0,,,1694422230.0,1694422234.0,1694422245.0,29728630.4,1694422232.0,1694422261.0,1694422251.0,1694422254.0,3666.0,1694422261.0,1694422266.0,5.0,,2.0,29.0,5.0,11.0,177143937.0,3.0,11628.0,poseidon,condorpool,poseidon-worker-1-container-44-47,post_vel,/opt/netcdf2png/merged_netcdf2png,,0.1,0,0,,,,,,,,,
mvt_ID0000049,None,compute,0,1694422230.0,,,1694422235.0,1694422238.0,1694422250.0,28873364.3,1694422236.0,1694422306.0,1694422295.0,1694422298.0,7901.0,1694422306.0,1694422311.0,5.0,,1.0,70.0,5.0,12.0,177143652.0,3.0,24108.0,poseidon,condorpool,poseidon-worker-2-container-8-11,mvt,/opt/mvt/mvt,,39.8,0,0,0.0,819315.0,12288.0,488.0,3.0,29.9,0.1,27310.5,1228.8
post_vel_ID0000078,cpu_2,compute,0,1694422230.0,,,1694422235.0,1694422244.0,1694422255.0,34278829.0,1694422242.0,1694422271.0,1694422261.0,1694422264.0,3937.0,1694422271.0,1694422276.0,5.0,,7.0,29.0,5.0,11.0,177143937.0,3.0,12264.0,poseidon,condorpool,poseidon-worker-2-container-40-43,post_vel,/opt/netcdf2png/merged_netcdf2png,,0.1,0,0,,,,,,,,,
mvt_ID0000079,cpu_2,compute,0,1694422230.0,,,1694422235.0,1694422244.0,1694422255.0,29675835.5,1694422241.0,1694422311.0,1694422300.0,1694422303.0,14555.0,1694422311.0,1694422316.0,5.0,,6.0,70.0,5.0,11.0,177143652.0,3.0,45337.0,poseidon,condorpool,poseidon-worker-2-container-44-47,mvt,/opt/mvt/mvt,,39.6,0,0,0.0,822152.0,24576.0,494.0,6.0,29.9,0.1,27405.1,1228.8
post_vel_ID0000033,cpu_2,compute,0,1694422230.0,,,1694422235.0,1694422243.0,1694422255.0,29996410.6,1694422241.0,1694422271.0,1694422261.0,1694422264.0,3656.0,1694422271.0,1694422276.0,5.0,,6.0,30.0,5.0,12.0,177143937.0,3.0,11464.0,poseidon,condorpool,poseidon-worker-2-container-24-27,post_vel,/opt/netcdf2png/merged_netcdf2png,,0.1,0,0,,,,,,,,,
mvt_ID0000034,None,compute,0,1694422230.0,,,1694422235.0,1694422243.0,1694422255.0,29171852.6,1694422241.0,1694422311.0,1694422300.0,1694422303.0,9920.0,1694422311.0,1694422316.0,5.0,,6.0,70.0,5.0,12.0,177143652.0,3.0,30976.0,poseidon,condorpool,poseidon-worker-2-container-8-11,mvt,/opt/mvt/mvt,,39.6,0,0,0.0,824831.0,16384.0,500.0,4.0,29.9,0.1,27494.4,819.2
mvt_ID0000129,None,compute,0,1694422230.0,,,1694422235.0,1694422238.0,1694422250.0,26247152.7,1694422236.0,1694422306.0,1694422296.0,1694422299.0,20912.0,1694422306.0,1694422311.0,5.0,,1.0,70.0,5.0,12.0,177143652.0,3.0,64489.0,poseidon,condorpool,poseidon-worker-1-container-40-43,mvt,/opt/mvt/mvt,,39.8,0,0,0.0,815314.0,36864.0,479.0,9.0,29.9,0.1,27177.1,3686.4
post_vel_ID0000128,cpu_2,compute,0,1694422230.0,,,1694422235.0,1694422238.0,1694422250.0,28220986.2,1694422236.0,1694422266.0,1694422255.0,1694422258.0,4709.0,1694422266.0,1694422271.0,5.0,,1.0,30.0,5.0,12.0,177143937.0,3.0,14512.0,poseidon,condorpool,poseidon-worker-2-container-24-27,post_vel,/opt/netcdf2png/merged_netcdf2png,,0.1,0,0,,,,,,,,,
stage_out_local_condorpool_1_0,None,transfer,0,1694422230.0,,,1694422235.0,,,0.0,1694422236.0,1694422240.0,,,0.0,1694422240.0,1694422246.0,5.0,,1.0,4.0,6.0,,,,,poseidon,local,poseidon-submit,pegasus::transfer,/mnt/poseidon-data/poseidon/pegasus-5.1.0panorama/bin/pegasus-transfer,/home/poseidon/pegasus-5.1.0panorama/bin/../bin/pegasus-kickstart  -n pegasus::transfer -N null -i - -R local  -L casa-wind-full -T 2023-09-08T07:29:05+00:00 /home/poseidon/pegasus-5.1.0panorama/bin/../bin/pegasus-transfer  --threads 2,1.0,0,0,,,,,,,,,
mvt_ID0000109,None,compute,0,1694422230.0,,,1694422235.0,1694422243.0,1694422254.0,30774504.4,1694422241.0,1694422311.0,1694422299.0,1694422302.0,19180.0,1694422311.0,1694422316.0,5.0,,6.0,70.0,5.0,11.0,177143652.0,3.0,59954.0,poseidon,condorpool,poseidon-worker-1-container-12-15,mvt,/opt/mvt/mvt,,39.8,0,0,0.0,820812.0,32768.0,491.0,8.0,29.9,0.1,27360.4,1638.4
post_vel_ID0000048,cpu_2,compute,0,1694422230.0,,,1694422235.0,1694422242.0,1694422253.0,34691048.8,1694422240.0,1694422266.0,1694422258.0,1694422261.0,3429.0,1694422266.0,1694422271.0,5.0,,5.0,26.0,5.0,11.0,177143937.0,3.0,10371.0,poseidon,condorpool,poseidon-worker-1-container-0-3,post_vel,/opt/netcdf2png/merged_netcdf2png,,0.1,0,0,,,,,,,,,
mvt_ID0000104,cpu_2,compute,0,1694422230.0,,,1694422235.0,1694422243.0,1694422254.0,29779161.8,1694422241.0,1694422311.0,1694422299.0,1694422302.0,19260.0,1694422311.0,1694422316.0,5.0,,6.0,70.0,5.0,11.0,177143652.0,3.0,59590.0,poseidon,condorpool,poseidon-worker-1-container-24-27,mvt,/opt/mvt/mvt,,39.7,0,0,0.0,789222.0,32768.0,422.0,8.0,29.9,0.1,26307.4,3276.8
post_vel_ID0000103,None,compute,0,1694422230.0,,,1694422235.0,1694422243.0,1694422254.0,33347922.6,1694422241.0,1694422271.0,1694422260.0,1694422263.0,4471.0,1694422271.0,1694422276.0,5.0,,6.0,30.0,5.0,11.0,177143937.0,3.0,13815.0,poseidon,condorpool,poseidon-worker-1-container-36-39,post_vel,/opt/netcdf2png/merged_netcdf2png,,0.1,0,0,,,,,,,,,
post_vel_ID0000108,None,compute,0,1694422230.0,,,1694422235.0,1694422243.0,1694422254.0,28960813.4,1694422241.0,1694422271.0,1694422260.0,1694422263.0,4506.0,1694422271.0,1694422276.0,5.0,,6.0,30.0,5.0,11.0,177143937.0,3.0,13907.0,poseidon,condorpool,poseidon-worker-1-container-28-31,post_vel,/opt/netcdf2png/merged_netcdf2png,,0.1,0,0,,,,,,,,,
mvt_ID0000099,None,compute,0,1694422230.0,,,1694422235.0,1694422240.0,1694422251.0,35211465.0,1694422238.0,1694422306.0,1694422296.0,1694422299.0,16132.0,1694422306.0,1694422311.0,5.0,,3.0,68.0,5.0,11.0,177143652.0,3.0,50118.0,poseidon,condorpool,poseidon-worker-1-container-16-19,mvt,/opt/mvt/mvt,,39.8,0,0,0.0,791895.0,28672.0,428.0,7.0,29.9,0.1,26396.5,1433.6
post_vel_ID0000043,cpu_2,compute,0,1694422230.0,,,1694422235.0,1694422243.0,1694422256.0,26191990.3,1694422242.0,1694422271.0,1694422261.0,1694422264.0,3590.0,1694422271.0,1694422276.0,5.0,,7.0,29.0,5.0,13.0,177143937.0,3.0,11050.0,poseidon,condorpool,poseidon-worker-1-container-0-3,post_vel,/opt/netcdf2png/merged_netcdf2png,,0.1,0,0,,,,,,,,,
mvt_ID0000044,cpu_2,compute,0,1694422230.0,,,1694422235.0,1694422246.0,1694422257.0,29788064.0,1694422244.0,1694422337.0,1694422329.0,1694422332.0,9033.0,1694422337.0,1694422342.0,5.0,,9.0,93.0,5.0,11.0,177143652.0,3.0,28113.0,poseidon,condorpool,poseidon-worker-1-container-44-47,mvt,/opt/mvt/mvt,,39.4,0,0,0.0,861061.0,12288.0,599.0,3.0,33.2,0.1,14351.0,614.4
mvt_ID0000124,None,compute,0,1694422230.0,,,1694422235.0,1694422243.0,1694422257.0,24116886.7,1694422241.0,1694422316.0,1694422302.0,1694422305.0,22849.0,1694422316.0,1694422321.0,5.0,,6.0,75.0,5.0,14.0,177143652.0,3.0,70564.0,poseidon,condorpool,poseidon-worker-2-container-0-3,mvt,/opt/mvt/mvt,,40.2,0,0,0.0,820364.0,40960.0,497.0,10.0,39.9,0.1,20509.1,4096.0
post_vel_ID0000023,None,compute,0,1694422230.0,,,1694422235.0,1694422243.0,1694422255.0,27388658.0,1694422241.0,1694422271.0,1694422260.0,1694422264.0,3627.0,1694422271.0,1694422276.0,5.0,,6.0,30.0,5.0,12.0,177143937.0,4.0,11372.0,poseidon,condorpool,poseidon-worker-1-container-40-43,post_vel,/opt/netcdf2png/merged_netcdf2png,,0.1,0,0,,,,,,,,,
mvt_ID0000024,cpu_2,compute,0,1694422230.0,,,1694422235.0,1694422243.0,1694422254.0,33336658.4,1694422241.0,1694422311.0,1694422299.0,1694422303.0,9961.0,1694422311.0,1694422316.0,5.0,,6.0,70.0,5.0,11.0,177143652.0,4.0,30705.0,poseidon,condorpool,poseidon-worker-2-container-4-7,mvt,/opt/mvt/mvt,,39.8,0,0,0.0,798707.0,16384.0,443.0,4.0,29.9,0.1,26623.6,819.2
mvt_ID0000019,cpu_2,compute,0,1694422230.0,,,1694422235.0,1694422242.0,1694422253.0,34514732.0,1694422240.0,1694422311.0,1694422299.0,1694422303.0,11739.0,1694422311.0,1694422316.0,5.0,,5.0,71.0,5.0,11.0,177143652.0,4.0,36245.0,poseidon,condorpool,poseidon-worker-1-container-44-47,mvt,/opt/mvt/mvt,,39.7,0,0,0.0,872699.0,20480.0,611.0,5.0,38.4,0.1,21817.5,1024.0
post_vel_ID0000018,None,compute,0,1694422230.0,,,1694422235.0,1694422239.0,1694422251.0,30227259.4,1694422238.0,1694422266.0,1694422256.0,1694422259.0,3784.0,1694422266.0,1694422271.0,5.0,,3.0,28.0,5.0,12.0,177143937.0,3.0,11645.0,poseidon,condorpool,poseidon-worker-2-container-16-19,post_vel,/opt/netcdf2png/merged_netcdf2png,,0.1,0,0,,,,,,,,,
post_vel_ID0000123,None,compute,0,1694422230.0,,,1694422235.0,1694422243.0,1694422261.0,14678829.7,1694422241.0,1694422276.0,1694422267.0,1694422270.0,4824.0,1694422276.0,1694422281.0,5.0,,6.0,35.0,5.0,18.0,177143937.0,3.0,14777.0,poseidon,condorpool,poseidon-worker-2-container-20-23,post_vel,/opt/netcdf2png/merged_netcdf2png,,0.1,0,0,,,,,,,,,
mvt_ID0000039,cpu_2,compute,0,1694422230.0,,,1694422235.0,1694422243.0,1694422255.0,25494334.3,1694422241.0,1694422311.0,1694422301.0,1694422304.0,11256.0,1694422311.0,1694422316.0,5.0,,6.0,70.0,5.0,12.0,177143652.0,3.0,34386.0,poseidon,condorpool,poseidon-worker-1-container-20-23,mvt,/opt/mvt/mvt,,39.7,0,0,0.0,819388.0,16384.0,488.0,4.0,29.8,0.1,27312.9,819.2
post_vel_ID0000093,None,compute,0,1694422230.0,,,1694422235.0,1694422243.0,1694422254.0,29908414.8,1694422241.0,1694422271.0,1694422260.0,1694422264.0,4321.0,1694422271.0,1694422276.0,5.0,,6.0,30.0,5.0,11.0,177143937.0,4.0,13303.0,poseidon,condorpool,poseidon-worker-1-container-32-35,post_vel,/opt/netcdf2png/merged_netcdf2png,,0.2,0,0,,,,,,,,,
mvt_ID0000094,cpu_2,compute,0,1694422230.0,,,1694422235.0,1694422243.0,1694422259.0,17422596.7,1694422241.0,1694422316.0,1694422304.0,1694422307.0,16911.0,1694422316.0,1694422321.0,5.0,,6.0,75.0,5.0,16.0,177143652.0,3.0,52407.0,poseidon,condorpool,poseidon-worker-2-container-32-35,mvt,/opt/mvt/mvt,,39.6,0,0,0.0,789222.0,28672.0,422.0,7.0,29.9,0.1,26307.4,1433.6
mvt_ID0000084,None,compute,0,1694422230.0,,,1694422235.0,1694422243.0,1694422255.0,28169429.6,1694422241.0,1694422311.0,1694422300.0,1694422304.0,15529.0,1694422311.0,1694422316.0,5.0,,6.0,70.0,5.0,12.0,177143652.0,4.0,47998.0,poseidon,condorpool,poseidon-worker-2-container-36-39,mvt,/opt/mvt/mvt,,39.8,0,0,0.0,824898.0,24576.0,500.0,6.0,29.9,0.1,27496.6,1228.8
post_vel_ID0000098,cpu_2,compute,0,1694422230.0,,,1694422235.0,1694422238.0,1694422250.0,28445746.0,1694422236.0,1694422266.0,1694422255.0,1694422259.0,4359.0,1694422266.0,1694422271.0,5.0,,1.0,30.0,5.0,12.0,177143937.0,4.0,13355.0,poseidon,condorpool,poseidon-worker-2-container-28-31,post_vel,/opt/netcdf2png/merged_netcdf2png,,0.1,0,0,,,,,,,,,
post_vel_ID0000083,cpu_2,compute,0,1694422230.0,,,1694422235.0,1694422244.0,1694422255.0,34109373.4,1694422242.0,1694422271.0,1694422261.0,1694422264.0,4072.0,1694422271.0,1694422276.0,5.0,,7.0,29.0,5.0,11.0,177143937.0,3.0,12720.0,poseidon,condorpool,poseidon-worker-2-container-28-31,post_vel,/opt/netcdf2png/merged_netcdf2png,,0.1,0,0,,,,,,,,,
post_vel_ID0000038,None,compute,0,1694422230.0,,,1694422235.0,1694422243.0,1694422254.0,32936332.4,1694422241.0,1694422271.0,1694422261.0,1694422264.0,3591.0,1694422271.0,1694422276.0,5.0,,6.0,30.0,5.0,11.0,177143937.0,3.0,11227.0,poseidon,condorpool,poseidon-worker-2-container-16-19,post_vel,/opt/netcdf2png/merged_netcdf2png,,0.1,0,0,,,,,,,,,
post_vel_ID0000013,None,compute,0,1694422235.0,,,1694422240.0,1694422250.0,1694422261.0,33782079.8,1694422248.0,1694422276.0,1694422267.0,1694422270.0,3590.0,1694422276.0,1694422281.0,5.0,,8.0,28.0,5.0,11.0,177143937.0,3.0,11040.0,poseidon,condorpool,poseidon-worker-2-container-0-3,post_vel,/opt/netcdf2png/merged_netcdf2png,,0.1,0,0,,,,,,,,,
post_vel_ID0000003,cpu_2,compute,0,1694422235.0,,,1694422240.0,1694422255.0,1694422267.0,28484961.2,1694422253.0,1694422281.0,1694422272.0,1694422275.0,3550.0,1694422281.0,1694422286.0,5.0,,13.0,28.0,5.0,12.0,177143937.0,3.0,10865.0,poseidon,condorpool,poseidon-worker-2-container-4-7,post_vel,/opt/netcdf2png/merged_netcdf2png,,0.1,0,0,,,,,,,,,
mvt_ID0000014,None,compute,0,1694422235.0,,,1694422240.0,1694422250.0,1694422261.0,34244047.4,1694422248.0,1694422316.0,1694422305.0,1694422308.0,10441.0,1694422316.0,1694422321.0,5.0,,8.0,68.0,5.0,11.0,177143652.0,3.0,31991.0,poseidon,condorpool,poseidon-worker-1-container-12-15,mvt,/opt/mvt/mvt,,39.4,0,0,0.0,824950.0,16384.0,500.0,4.0,29.9,0.1,27498.3,819.2
stage_out_local_condorpool_1_2,None,transfer,0,1694422235.0,,,1694422240.0,,,0.0,1694422241.0,1694422246.0,,,0.0,1694422246.0,1694422251.0,5.0,,1.0,5.0,5.0,,,,,poseidon,local,poseidon-submit,pegasus::transfer,/mnt/poseidon-data/poseidon/pegasus-5.1.0panorama/bin/pegasus-transfer,/home/poseidon/pegasus-5.1.0panorama/bin/../bin/pegasus-kickstart  -n pegasus::transfer -N null -i - -R local  -L casa-wind-full -T 2023-09-08T07:29:05+00:00 /home/poseidon/pegasus-5.1.0panorama/bin/../bin/pegasus-transfer  --threads 2,0.9,0,0,,,,,,,,,
mvt_ID0000004,None,compute,0,1694422235.0,,,1694422240.0,1694422255.0,1694422266.0,29762649.5,1694422253.0,1694422321.0,1694422311.0,1694422314.0,9405.0,1694422321.0,1694422327.0,5.0,,13.0,68.0,6.0,11.0,177143652.0,3.0,28781.0,poseidon,condorpool,poseidon-worker-1-container-36-39,mvt,/opt/mvt/mvt,,39.6,0,0,0.0,790592.0,16384.0,425.0,4.0,29.9,0.1,26353.1,819.2
stage_out_local_condorpool_1_1,None,transfer,0,1694422240.0,,,1694422245.0,,,0.0,1694422246.0,1694422251.0,,,0.0,1694422251.0,1694422256.0,5.0,,1.0,5.0,5.0,,,,,poseidon,local,poseidon-submit,pegasus::transfer,/mnt/poseidon-data/poseidon/pegasus-5.1.0panorama/bin/pegasus-transfer,/home/poseidon/pegasus-5.1.0panorama/bin/../bin/pegasus-kickstart  -n pegasus::transfer -N null -i - -R local  -L casa-wind-full -T 2023-09-08T07:29:05+00:00 /home/poseidon/pegasus-5.1.0panorama/bin/../bin/pegasus-transfer  --threads 2,0.9,0,0,,,,,,,,,
mvt_ID0000074,None,compute,0,1694422240.0,,,1694422246.0,1694422261.0,1694422272.0,34882583.4,1694422259.0,1694422327.0,1694422317.0,1694422320.0,12781.0,1694422327.0,1694422332.0,6.0,,13.0,68.0,5.0,11.0,177143652.0,3.0,38855.0,poseidon,condorpool,poseidon-worker-1-container-32-35,mvt,/opt/mvt/mvt,,39.5,0,0,0.0,791981.0,20480.0,428.0,5.0,29.9,0.1,26399.4,1024.0
post_vel_ID0000073,None,compute,0,1694422240.0,,,1694422245.0,1694422255.0,1694422266.0,29742084.5,1694422254.0,1694422281.0,1694422271.0,1694422275.0,3862.0,1694422281.0,1694422286.0,5.0,,9.0,27.0,5.0,11.0,177143937.0,4.0,11825.0,poseidon,condorpool,poseidon-worker-1-container-4-7,post_vel,/opt/netcdf2png/merged_netcdf2png,,0.1,0,0,,,,,,,,,
register_condorpool_1_0,None,auxiliary,0,1694422246.0,,,1694422251.0,,,0.0,1694422251.0,1694422256.0,,,0.0,1694422256.0,1694422261.0,5.0,,0.0,5.0,5.0,,,,,poseidon,local,poseidon-submit,pegasus::rc-client,/mnt/poseidon-data/poseidon/pegasus-5.1.0panorama/bin/pegasus-rc-client,"-n pegasus::rc-client -N null -R local  -L casa-wind-full -T 2023-09-08T07:29:05+00:00 /home/poseidon/pegasus-5.1.0panorama/bin/pegasus-rc-client --prefix pegasus.catalog.replica.output --conf /mnt/poseidon-data/poseidon/workflows/casa-wind-workflow-full/submit/poseidon/pegasus/casa-wind-full/run0298/pegasus.4829596047145384427.properties -v --meta /mnt/poseidon-data/poseidon/workflows/casa-wind-workflow-full/submit/poseidon/pegasus/casa-wind-full/run0298/00/01/um_vel_ID0000067.meta,/mnt/poseidon-data/poseidon/workflows/casa-wind-workflow-full/submit/poseidon/pegasus/casa-wind-full/run0298/00/00/um_vel_ID0000127.meta,/mnt/poseidon-data/poseidon/workflows/casa-wind-workflow-full/submit/poseidon/pegasus/casa-wind-full/run0298/00/00/um_vel_ID0000122.meta,/mnt/poseidon-data/poseidon/workflows/casa-wind-workflow-full/submit/poseidon/pegasus/casa-wind-full/run0298/00/00/um_vel_ID0000092.meta,/mnt/poseidon-data/poseidon/workflows/casa-wind-workflow-full/submit/poseidon/pegasus/casa-wind-full/run0298/00/01/um_vel_ID0000077.meta,/mnt/poseidon-data/poseidon/workflows/casa-wind-workflow-full/submit/poseidon/pegasus/casa-wind-full/run0298/00/01/um_vel_ID0000057.meta,/mnt/poseidon-data/poseidon/workflows/casa-wind-workflow-full/submit/poseidon/pegasus/casa-wind-full/run0298/00/00/um_vel_ID0000027.meta,/mnt/poseidon-data/poseidon/workflows/casa-wind-workflow-full/submit/poseidon/pegasus/casa-wind-full/run0298/00/01/um_vel_ID0000042.meta,/mnt/poseidon-data/poseidon/workflows/casa-wind-workflow-full/submit/poseidon/pegasus/casa-wind-full/run0298/00/00/um_vel_ID0000022.meta --insert /mnt/poseidon-data/poseidon/workflows/casa-wind-workflow-full/submit/poseidon/pegasus/casa-wind-full/run0298/00/01/register_condorpool_1_0.in",2.8,0,0,,,,,,,,,
register_condorpool_1_2,None,auxiliary,0,1694422251.0,,,1694422261.0,,,0.0,1694422262.0,1694422266.0,,,0.0,1694422266.0,1694422271.0,10.0,,1.0,4.0,5.0,,,,,poseidon,local,poseidon-submit,pegasus::rc-client,/mnt/poseidon-data/poseidon/pegasus-5.1.0panorama/bin/pegasus-rc-client,"-n pegasus::rc-client -N null -R local  -L casa-wind-full -T 2023-09-08T07:29:05+00:00 /home/poseidon/pegasus-5.1.0panorama/bin/pegasus-rc-client --prefix pegasus.catalog.replica.output --conf /mnt/poseidon-data/poseidon/workflows/casa-wind-workflow-full/submit/poseidon/pegasus/casa-wind-full/run0298/pegasus.4829596047145384427.properties -v --meta /mnt/poseidon-data/poseidon/workflows/casa-wind-workflow-full/submit/poseidon/pegasus/casa-wind-full/run0298/00/00/um_vel_ID0000117.meta,/mnt/poseidon-data/poseidon/workflows/casa-wind-workflow-full/submit/poseidon/pegasus/casa-wind-full/run0298/00/01/um_vel_ID0000052.meta,/mnt/poseidon-data/poseidon/workflows/casa-wind-workflow-full/submit/poseidon/pegasus/casa-wind-full/run0298/00/00/um_vel_ID0000002.meta,/mnt/poseidon-data/poseidon/workflows/casa-wind-workflow-full/submit/poseidon/pegasus/casa-wind-full/run0298/00/00/um_vel_ID0000012.meta,/mnt/poseidon-data/poseidon/workflows/casa-wind-workflow-full/submit/poseidon/pegasus/casa-wind-full/run0298/00/00/um_vel_ID0000032.meta,/mnt/poseidon-data/poseidon/workflows/casa-wind-workflow-full/submit/poseidon/pegasus/casa-wind-full/run0298/00/01/um_vel_ID0000062.meta,/mnt/poseidon-data/poseidon/workflows/casa-wind-workflow-full/submit/poseidon/pegasus/casa-wind-full/run0298/00/01/um_vel_ID0000112.meta,/mnt/poseidon-data/poseidon/workflows/casa-wind-workflow-full/submit/poseidon/pegasus/casa-wind-full/run0298/00/01/um_vel_ID0000107.meta --insert /mnt/poseidon-data/poseidon/workflows/casa-wind-workflow-full/submit/poseidon/pegasus/casa-wind-full/run0298/00/01/register_condorpool_1_2.in",2.8,0,0,,,,,,,,,
register_condorpool_1_1,None,auxiliary,0,1694422256.0,,,1694422271.0,,,0.0,1694422271.0,1694422276.0,,,0.0,1694422276.0,1694422281.0,15.0,,0.0,5.0,5.0,,,,,poseidon,local,poseidon-submit,pegasus::rc-client,/mnt/poseidon-data/poseidon/pegasus-5.1.0panorama/bin/pegasus-rc-client,"-n pegasus::rc-client -N null -R local  -L casa-wind-full -T 2023-09-08T07:29:05+00:00 /home/poseidon/pegasus-5.1.0panorama/bin/pegasus-rc-client --prefix pegasus.catalog.replica.output --conf /mnt/poseidon-data/poseidon/workflows/casa-wind-workflow-full/submit/poseidon/pegasus/casa-wind-full/run0298/pegasus.4829596047145384427.properties -v --meta /mnt/poseidon-data/poseidon/workflows/casa-wind-workflow-full/submit/poseidon/pegasus/casa-wind-full/run0298/00/00/um_vel_ID0000017.meta,/mnt/poseidon-data/poseidon/workflows/casa-wind-workflow-full/submit/poseidon/pegasus/casa-wind-full/run0298/00/01/um_vel_ID0000037.meta,/mnt/poseidon-data/poseidon/workflows/casa-wind-workflow-full/submit/poseidon/pegasus/casa-wind-full/run0298/00/00/um_vel_ID0000082.meta,/mnt/poseidon-data/poseidon/workflows/casa-wind-workflow-full/submit/poseidon/pegasus/casa-wind-full/run0298/00/00/um_vel_ID0000097.meta,/mnt/poseidon-data/poseidon/workflows/casa-wind-workflow-full/submit/poseidon/pegasus/casa-wind-full/run0298/00/01/um_vel_ID0000047.meta,/mnt/poseidon-data/poseidon/workflows/casa-wind-workflow-full/submit/poseidon/pegasus/casa-wind-full/run0298/00/00/um_vel_ID0000087.meta,/mnt/poseidon-data/poseidon/workflows/casa-wind-workflow-full/submit/poseidon/pegasus/casa-wind-full/run0298/00/01/um_vel_ID0000007.meta,/mnt/poseidon-data/poseidon/workflows/casa-wind-workflow-full/submit/poseidon/pegasus/casa-wind-full/run0298/00/01/um_vel_ID0000072.meta,/mnt/poseidon-data/poseidon/workflows/casa-wind-workflow-full/submit/poseidon/pegasus/casa-wind-full/run0298/00/01/um_vel_ID0000102.meta --insert /mnt/poseidon-data/poseidon/workflows/casa-wind-workflow-full/submit/poseidon/pegasus/casa-wind-full/run0298/00/01/register_condorpool_1_1.in",2.8,0,0,,,,,,,,,
point_alert_ID0000070,cpu_2,compute,0,1694422296.0,,,1694422301.0,1694422304.0,1694422315.0,29568436.5,1694422302.0,1694422332.0,1694422320.0,1694422323.0,6683.0,1694422332.0,1694422337.0,5.0,,1.0,30.0,5.0,11.0,176643292.0,3.0,20558.0,poseidon,condorpool,poseidon-worker-2-container-28-31,point_alert,/opt/pointAlert/pointAlert,,0.0,0,0,,,,,,,,,
point_alert_ID0000055,None,compute,0,1694422296.0,,,1694422301.0,1694422304.0,1694422315.0,29620096.5,1694422302.0,1694422332.0,1694422320.0,1694422323.0,6751.0,1694422332.0,1694422337.0,5.0,,1.0,30.0,5.0,11.0,176636535.0,3.0,20638.0,poseidon,condorpool,poseidon-worker-2-container-0-3,point_alert,/opt/pointAlert/pointAlert,,0.0,0,0,,,,,,,,,
stage_out_local_condorpool_2_4,None,transfer,0,1694422296.0,,,1694422301.0,,,0.0,1694422302.0,1694422306.0,,,0.0,1694422306.0,1694422311.0,5.0,,1.0,4.0,5.0,,,,,poseidon,local,poseidon-submit,pegasus::transfer,/mnt/poseidon-data/poseidon/pegasus-5.1.0panorama/bin/pegasus-transfer,/home/poseidon/pegasus-5.1.0panorama/bin/../bin/pegasus-kickstart  -n pegasus::transfer -N null -i - -R local  -L casa-wind-full -T 2023-09-08T07:29:05+00:00 /home/poseidon/pegasus-5.1.0panorama/bin/../bin/pegasus-transfer  --threads 2,0.9,0,0,,,,,,,,,
point_alert_ID0000030,None,compute,0,1694422301.0,,,1694422306.0,1694422309.0,1694422320.0,35092523.0,1694422307.0,1694422337.0,1694422326.0,1694422329.0,6616.0,1694422337.0,1694422342.0,5.0,,1.0,30.0,5.0,11.0,176646324.0,3.0,20158.0,poseidon,condorpool,poseidon-worker-2-container-36-39,point_alert,/opt/pointAlert/pointAlert,,0.0,0,0,,,,,,,,,
point_alert_ID0000010,None,compute,0,1694422301.0,,,1694422306.0,1694422309.0,1694422320.0,29836178.0,1694422307.0,1694422337.0,1694422326.0,1694422329.0,6687.0,1694422337.0,1694422342.0,5.0,,1.0,30.0,5.0,11.0,176643412.0,3.0,20478.0,poseidon,condorpool,poseidon-worker-2-container-12-15,point_alert,/opt/pointAlert/pointAlert,,0.0,0,0,,,,,,,,,
point_alert_ID0000115,cpu_2,compute,0,1694422301.0,,,1694422306.0,1694422309.0,1694422320.0,35003583.8,1694422307.0,1694422337.0,1694422325.0,1694422329.0,7047.0,1694422337.0,1694422342.0,5.0,,1.0,30.0,5.0,11.0,176681217.0,4.0,21598.0,poseidon,condorpool,poseidon-worker-2-container-40-43,point_alert,/opt/pointAlert/pointAlert,,0.0,0,0,,,,,,,,,
point_alert_ID0000065,cpu_2,compute,0,1694422306.0,,,1694422311.0,1694422313.0,1694422324.0,29467571.0,1694422312.0,1694422342.0,1694422330.0,1694422333.0,6559.0,1694422342.0,1694422348.0,5.0,,1.0,30.0,6.0,11.0,176639131.0,3.0,20238.0,poseidon,condorpool,poseidon-worker-1-container-44-47,point_alert,/opt/pointAlert/pointAlert,,0.0,0,0,,,,,,,,,
point_alert_ID0000090,cpu_2,compute,0,1694422306.0,,,1694422311.0,1694422313.0,1694422324.0,29668006.0,1694422312.0,1694422342.0,1694422330.0,1694422333.0,6703.0,1694422342.0,1694422348.0,5.0,,1.0,30.0,6.0,11.0,176656458.0,3.0,20638.0,poseidon,condorpool,poseidon-worker-2-container-44-47,point_alert,/opt/pointAlert/pointAlert,,0.0,0,0,,,,,,,,,
point_alert_ID0000060,None,compute,0,1694422306.0,,,1694422311.0,1694422313.0,1694422324.0,29650959.0,1694422312.0,1694422342.0,1694422330.0,1694422333.0,6680.0,1694422342.0,1694422348.0,5.0,,1.0,30.0,6.0,11.0,176636147.0,3.0,20878.0,poseidon,condorpool,poseidon-worker-1-container-12-15,point_alert,/opt/pointAlert/pointAlert,,0.0,0,0,,,,,,,,,
point_alert_ID0000050,None,compute,0,1694422311.0,,,1694422316.0,1694422319.0,1694422330.0,35139829.6,1694422317.0,1694422348.0,1694422335.0,1694422338.0,6795.0,1694422348.0,1694422353.0,5.0,,1.0,31.0,5.0,11.0,176632091.0,3.0,20878.0,poseidon,condorpool,poseidon-worker-2-container-0-3,point_alert,/opt/pointAlert/pointAlert,,0.0,0,0,,,,,,,,,
point_alert_ID0000130,None,compute,0,1694422311.0,,,1694422316.0,1694422319.0,1694422330.0,29609795.0,1694422317.0,1694422348.0,1694422335.0,1694422338.0,7433.0,1694422348.0,1694422353.0,5.0,,1.0,31.0,5.0,11.0,176672472.0,3.0,23118.0,poseidon,condorpool,poseidon-worker-1-container-12-15,point_alert,/opt/pointAlert/pointAlert,,0.0,0,0,,,,,,,,,
register_condorpool_2_4,None,auxiliary,0,1694422311.0,,,1694422316.0,,,0.0,1694422317.0,1694422321.0,,,0.0,1694422321.0,1694422327.0,5.0,,1.0,4.0,6.0,,,,,poseidon,local,poseidon-submit,pegasus::rc-client,/mnt/poseidon-data/poseidon/pegasus-5.1.0panorama/bin/pegasus-rc-client,"-n pegasus::rc-client -N null -R local  -L casa-wind-full -T 2023-09-08T07:29:05+00:00 /home/poseidon/pegasus-5.1.0panorama/bin/pegasus-rc-client --prefix pegasus.catalog.replica.output --conf /mnt/poseidon-data/poseidon/workflows/casa-wind-workflow-full/submit/poseidon/pegasus/casa-wind-full/run0298/pegasus.4829596047145384427.properties -v --meta /mnt/poseidon-data/poseidon/workflows/casa-wind-workflow-full/submit/poseidon/pegasus/casa-wind-full/run0298/00/02/post_vel_ID0000108.meta,/mnt/poseidon-data/poseidon/workflows/casa-wind-workflow-full/submit/poseidon/pegasus/casa-wind-full/run0298/00/01/post_vel_ID0000063.meta,/mnt/poseidon-data/poseidon/workflows/casa-wind-workflow-full/submit/poseidon/pegasus/casa-wind-full/run0298/00/01/post_vel_ID0000013.meta,/mnt/poseidon-data/poseidon/workflows/casa-wind-workflow-full/submit/poseidon/pegasus/casa-wind-full/run0298/00/02/mvt_ID0000054.meta,/mnt/poseidon-data/poseidon/workflows/casa-wind-workflow-full/submit/poseidon/pegasus/casa-wind-full/run0298/00/01/post_vel_ID0000033.meta,/mnt/poseidon-data/poseidon/workflows/casa-wind-workflow-full/submit/poseidon/pegasus/casa-wind-full/run0298/00/02/post_vel_ID0000113.meta,/mnt/poseidon-data/poseidon/workflows/casa-wind-workflow-full/submit/poseidon/pegasus/casa-wind-full/run0298/00/01/post_vel_ID0000003.meta,/mnt/poseidon-data/poseidon/workflows/casa-wind-workflow-full/submit/poseidon/pegasus/casa-wind-full/run0298/00/01/post_vel_ID0000118.meta --insert /mnt/poseidon-data/poseidon/workflows/casa-wind-workflow-full/submit/poseidon/pegasus/casa-wind-full/run0298/00/02/register_condorpool_2_4.in",2.7,0,0,,,,,,,,,
point_alert_ID0000100,None,compute,0,1694422311.0,,,1694422316.0,1694422319.0,1694422330.0,29524867.5,1694422317.0,1694422348.0,1694422335.0,1694422338.0,6666.0,1694422348.0,1694422353.0,5.0,,1.0,31.0,5.0,11.0,176658101.0,3.0,20638.0,poseidon,condorpool,poseidon-worker-2-container-36-39,point_alert,/opt/pointAlert/pointAlert,,0.0,0,0,,,,,,,,,
point_alert_ID0000105,cpu_2,compute,0,1694422316.0,,,1694422321.0,1694422324.0,1694422335.0,31943971.4,1694422322.0,1694422353.0,1694422341.0,1694422344.0,6847.0,1694422353.0,1694422358.0,5.0,,1.0,31.0,5.0,11.0,176667573.0,3.0,21278.0,poseidon,condorpool,poseidon-worker-2-container-32-35,point_alert,/opt/pointAlert/pointAlert,,0.0,0,0,,,,,,,,,
stage_out_local_condorpool_2_2,None,transfer,0,1694422316.0,,,1694422321.0,,,0.0,1694422322.0,1694422327.0,,,0.0,1694422327.0,1694422332.0,5.0,,1.0,5.0,5.0,,,,,poseidon,local,poseidon-submit,pegasus::transfer,/mnt/poseidon-data/poseidon/pegasus-5.1.0panorama/bin/pegasus-transfer,/home/poseidon/pegasus-5.1.0panorama/bin/../bin/pegasus-kickstart  -n pegasus::transfer -N null -i - -R local  -L casa-wind-full -T 2023-09-08T07:29:05+00:00 /home/poseidon/pegasus-5.1.0panorama/bin/../bin/pegasus-transfer  --threads 2,1.0,0,0,,,,,,,,,
point_alert_ID0000080,None,compute,0,1694422316.0,,,1694422321.0,1694422324.0,1694422335.0,28952368.6,1694422322.0,1694422353.0,1694422341.0,1694422344.0,6570.0,1694422353.0,1694422358.0,5.0,,1.0,31.0,5.0,11.0,176653320.0,3.0,20718.0,poseidon,condorpool,poseidon-worker-1-container-40-43,point_alert,/opt/pointAlert/pointAlert,,0.0,0,0,,,,,,,,,
point_alert_ID0000035,None,compute,0,1694422316.0,,,1694422321.0,1694422324.0,1694422335.0,34703546.0,1694422322.0,1694422353.0,1694422340.0,1694422343.0,6359.0,1694422353.0,1694422358.0,5.0,,1.0,31.0,5.0,11.0,176638959.0,3.0,20078.0,poseidon,condorpool,poseidon-worker-1-container-28-31,point_alert,/opt/pointAlert/pointAlert,,0.0,0,0,,,,,,,,,
point_alert_ID0000110,cpu_2,compute,0,1694422316.0,,,1694422321.0,1694422324.0,1694422335.0,29738107.6,1694422322.0,1694422353.0,1694422341.0,1694422344.0,6671.0,1694422353.0,1694422358.0,5.0,,1.0,31.0,5.0,11.0,176667937.0,3.0,21038.0,poseidon,condorpool,poseidon-worker-1-container-24-27,point_alert,/opt/pointAlert/pointAlert,,0.0,0,0,,,,,,,,,
point_alert_ID0000040,None,compute,0,1694422316.0,,,1694422321.0,1694422324.0,1694422336.0,29818880.4,1694422322.0,1694422353.0,1694422341.0,1694422344.0,6528.0,1694422353.0,1694422358.0,5.0,,1.0,31.0,5.0,12.0,176642369.0,3.0,20558.0,poseidon,condorpool,poseidon-worker-2-container-8-11,point_alert,/opt/pointAlert/pointAlert,,0.0,0,0,,,,,,,,,
point_alert_ID0000020,cpu_2,compute,0,1694422316.0,,,1694422321.0,1694422324.0,1694422335.0,32326775.4,1694422322.0,1694422353.0,1694422341.0,1694422344.0,6527.0,1694422353.0,1694422358.0,5.0,,1.0,31.0,5.0,11.0,176644228.0,3.0,20478.0,poseidon,condorpool,poseidon-worker-2-container-4-7,point_alert,/opt/pointAlert/pointAlert,,0.0,0,0,,,,,,,,,
point_alert_ID0000025,None,compute,0,1694422316.0,,,1694422321.0,1694422324.0,1694422335.0,29923517.5,1694422322.0,1694422353.0,1694422340.0,1694422343.0,6342.0,1694422353.0,1694422358.0,5.0,,1.0,31.0,5.0,11.0,176638688.0,3.0,20078.0,poseidon,condorpool,poseidon-worker-1-container-36-39,point_alert,/opt/pointAlert/pointAlert,,0.0,0,0,,,,,,,,,
point_alert_ID0000085,cpu_2,compute,0,1694422316.0,,,1694422321.0,1694422324.0,1694422335.0,33560634.6,1694422322.0,1694422353.0,1694422340.0,1694422344.0,6740.0,1694422353.0,1694422358.0,5.0,,1.0,31.0,5.0,11.0,176655981.0,4.0,21118.0,poseidon,condorpool,poseidon-worker-1-container-20-23,point_alert,/opt/pointAlert/pointAlert,,0.0,0,0,,,,,,,,,
point_alert_ID0000125,cpu_2,compute,0,1694422321.0,,,1694422327.0,1694422331.0,1694422342.0,33535595.2,1694422329.0,1694422358.0,1694422347.0,1694422350.0,7490.0,1694422358.0,1694422363.0,6.0,,2.0,29.0,5.0,11.0,176678547.0,3.0,22878.0,poseidon,condorpool,poseidon-worker-2-container-28-31,point_alert,/opt/pointAlert/pointAlert,,0.0,0,0,,,,,,,,,
point_alert_ID0000095,None,compute,0,1694422321.0,,,1694422327.0,1694422329.0,1694422340.0,29624180.0,1694422328.0,1694422358.0,1694422345.0,1694422349.0,6749.0,1694422358.0,1694422363.0,6.0,,1.0,30.0,5.0,11.0,176660390.0,4.0,20718.0,poseidon,condorpool,poseidon-worker-1-container-32-35,point_alert,/opt/pointAlert/pointAlert,,0.0,0,0,,,,,,,,,
point_alert_ID0000015,cpu_2,compute,0,1694422321.0,,,1694422326.0,1694422330.0,1694422341.0,35244031.0,1694422328.0,1694422358.0,1694422346.0,1694422349.0,6716.0,1694422358.0,1694422363.0,5.0,,2.0,30.0,5.0,11.0,176639974.0,3.0,20558.0,poseidon,condorpool,poseidon-worker-1-container-44-47,point_alert,/opt/pointAlert/pointAlert,,0.0,0,0,,,,,,,,,
stage_out_local_condorpool_2_1,None,transfer,0,1694422321.0,,,1694422326.0,,,0.0,1694422327.0,1694422332.0,,,0.0,1694422332.0,1694422337.0,5.0,,1.0,5.0,5.0,,,,,poseidon,local,poseidon-submit,pegasus::transfer,/mnt/poseidon-data/poseidon/pegasus-5.1.0panorama/bin/pegasus-transfer,/home/poseidon/pegasus-5.1.0panorama/bin/../bin/pegasus-kickstart  -n pegasus::transfer -N null -i - -R local  -L casa-wind-full -T 2023-09-08T07:29:05+00:00 /home/poseidon/pegasus-5.1.0panorama/bin/../bin/pegasus-transfer  --threads 2,0.9,0,0,,,,,,,,,
point_alert_ID0000005,None,compute,0,1694422327.0,,,1694422332.0,1694422335.0,1694422346.0,29636950.5,1694422333.0,1694422363.0,1694422351.0,1694422354.0,6658.0,1694422363.0,1694422368.0,5.0,,1.0,30.0,5.0,11.0,176636764.0,3.0,20398.0,poseidon,condorpool,poseidon-worker-2-container-0-3,point_alert,/opt/pointAlert/pointAlert,,0.0,0,0,,,,,,,,,
register_condorpool_2_2,None,auxiliary,0,1694422332.0,,,1694422337.0,,,0.0,1694422338.0,1694422342.0,,,0.0,1694422342.0,1694422348.0,5.0,,1.0,4.0,6.0,,,,,poseidon,local,poseidon-submit,pegasus::rc-client,/mnt/poseidon-data/poseidon/pegasus-5.1.0panorama/bin/pegasus-rc-client,"-n pegasus::rc-client -N null -R local  -L casa-wind-full -T 2023-09-08T07:29:05+00:00 /home/poseidon/pegasus-5.1.0panorama/bin/pegasus-rc-client --prefix pegasus.catalog.replica.output --conf /mnt/poseidon-data/poseidon/workflows/casa-wind-workflow-full/submit/poseidon/pegasus/casa-wind-full/run0298/pegasus.4829596047145384427.properties -v --meta /mnt/poseidon-data/poseidon/workflows/casa-wind-workflow-full/submit/poseidon/pegasus/casa-wind-full/run0298/00/02/post_vel_ID0000073.meta,/mnt/poseidon-data/poseidon/workflows/casa-wind-workflow-full/submit/poseidon/pegasus/casa-wind-full/run0298/00/02/mvt_ID0000039.meta,/mnt/poseidon-data/poseidon/workflows/casa-wind-workflow-full/submit/poseidon/pegasus/casa-wind-full/run0298/00/01/mvt_ID0000099.meta,/mnt/poseidon-data/poseidon/workflows/casa-wind-workflow-full/submit/poseidon/pegasus/casa-wind-full/run0298/00/01/post_vel_ID0000008.meta,/mnt/poseidon-data/poseidon/workflows/casa-wind-workflow-full/submit/poseidon/pegasus/casa-wind-full/run0298/00/02/mvt_ID0000049.meta,/mnt/poseidon-data/poseidon/workflows/casa-wind-workflow-full/submit/poseidon/pegasus/casa-wind-full/run0298/00/01/mvt_ID0000019.meta,/mnt/poseidon-data/poseidon/workflows/casa-wind-workflow-full/submit/poseidon/pegasus/casa-wind-full/run0298/00/02/mvt_ID0000104.meta,/mnt/poseidon-data/poseidon/workflows/casa-wind-workflow-full/submit/poseidon/pegasus/casa-wind-full/run0298/00/01/post_vel_ID0000083.meta,/mnt/poseidon-data/poseidon/workflows/casa-wind-workflow-full/submit/poseidon/pegasus/casa-wind-full/run0298/00/01/post_vel_ID0000088.meta --insert /mnt/poseidon-data/poseidon/workflows/casa-wind-workflow-full/submit/poseidon/pegasus/casa-wind-full/run0298/00/02/register_condorpool_2_2.in",2.8,0,0,,,,,,,,,
stage_out_local_condorpool_2_5,None,transfer,0,1694422332.0,,,1694422337.0,,,0.0,1694422338.0,1694422342.0,,,0.0,1694422342.0,1694422348.0,5.0,,1.0,4.0,6.0,,,,,poseidon,local,poseidon-submit,pegasus::transfer,/mnt/poseidon-data/poseidon/pegasus-5.1.0panorama/bin/pegasus-transfer,/home/poseidon/pegasus-5.1.0panorama/bin/../bin/pegasus-kickstart  -n pegasus::transfer -N null -i - -R local  -L casa-wind-full -T 2023-09-08T07:29:05+00:00 /home/poseidon/pegasus-5.1.0panorama/bin/../bin/pegasus-transfer  --threads 2,0.9,0,0,,,,,,,,,
point_alert_ID0000120,None,compute,0,1694422332.0,,,1694422337.0,1694422340.0,1694422351.0,29647295.0,1694422338.0,1694422368.0,1694422356.0,1694422359.0,7155.0,1694422368.0,1694422373.0,5.0,,1.0,30.0,5.0,11.0,176673508.0,3.0,21998.0,poseidon,condorpool,poseidon-worker-2-container-36-39,point_alert,/opt/pointAlert/pointAlert,,0.0,0,0,,,,,,,,,
point_alert_ID0000075,None,compute,0,1694422332.0,,,1694422337.0,1694422340.0,1694422351.0,29954877.0,1694422338.0,1694422368.0,1694422356.0,1694422359.0,6710.0,1694422368.0,1694422373.0,5.0,,1.0,30.0,5.0,11.0,176646838.0,3.0,20558.0,poseidon,condorpool,poseidon-worker-2-container-12-15,point_alert,/opt/pointAlert/pointAlert,,0.0,0,0,,,,,,,,,
stage_out_local_condorpool_2_3,None,transfer,0,1694422332.0,,,1694422337.0,,,0.0,1694422338.0,1694422342.0,,,0.0,1694422342.0,1694422348.0,5.0,,1.0,4.0,6.0,,,,,poseidon,local,poseidon-submit,pegasus::transfer,/mnt/poseidon-data/poseidon/pegasus-5.1.0panorama/bin/pegasus-transfer,/home/poseidon/pegasus-5.1.0panorama/bin/../bin/pegasus-kickstart  -n pegasus::transfer -N null -i - -R local  -L casa-wind-full -T 2023-09-08T07:29:05+00:00 /home/poseidon/pegasus-5.1.0panorama/bin/../bin/pegasus-transfer  --threads 2,1.0,0,0,,,,,,,,,
register_condorpool_2_1,None,auxiliary,0,1694422337.0,,,1694422348.0,,,0.0,1694422348.0,1694422353.0,,,0.0,1694422353.0,1694422358.0,11.0,,0.0,5.0,5.0,,,,,poseidon,local,poseidon-submit,pegasus::rc-client,/mnt/poseidon-data/poseidon/pegasus-5.1.0panorama/bin/pegasus-rc-client,"-n pegasus::rc-client -N null -R local  -L casa-wind-full -T 2023-09-08T07:29:05+00:00 /home/poseidon/pegasus-5.1.0panorama/bin/pegasus-rc-client --prefix pegasus.catalog.replica.output --conf /mnt/poseidon-data/poseidon/workflows/casa-wind-workflow-full/submit/poseidon/pegasus/casa-wind-full/run0298/pegasus.4829596047145384427.properties -v --meta /mnt/poseidon-data/poseidon/workflows/casa-wind-workflow-full/submit/poseidon/pegasus/casa-wind-full/run0298/00/01/post_vel_ID0000028.meta,/mnt/poseidon-data/poseidon/workflows/casa-wind-workflow-full/submit/poseidon/pegasus/casa-wind-full/run0298/00/02/post_vel_ID0000043.meta,/mnt/poseidon-data/poseidon/workflows/casa-wind-workflow-full/submit/poseidon/pegasus/casa-wind-full/run0298/00/01/post_vel_ID0000128.meta,/mnt/poseidon-data/poseidon/workflows/casa-wind-workflow-full/submit/poseidon/pegasus/casa-wind-full/run0298/00/01/mvt_ID0000094.meta,/mnt/poseidon-data/poseidon/workflows/casa-wind-workflow-full/submit/poseidon/pegasus/casa-wind-full/run0298/00/01/mvt_ID0000069.meta,/mnt/poseidon-data/poseidon/workflows/casa-wind-workflow-full/submit/poseidon/pegasus/casa-wind-full/run0298/00/02/mvt_ID0000059.meta,/mnt/poseidon-data/poseidon/workflows/casa-wind-workflow-full/submit/poseidon/pegasus/casa-wind-full/run0298/00/01/mvt_ID0000124.meta,/mnt/poseidon-data/poseidon/workflows/casa-wind-workflow-full/submit/poseidon/pegasus/casa-wind-full/run0298/00/01/mvt_ID0000024.meta,/mnt/poseidon-data/poseidon/workflows/casa-wind-workflow-full/submit/poseidon/pegasus/casa-wind-full/run0298/00/02/mvt_ID0000079.meta --insert /mnt/poseidon-data/poseidon/workflows/casa-wind-workflow-full/submit/poseidon/pegasus/casa-wind-full/run0298/00/02/register_condorpool_2_1.in",2.8,0,0,,,,,,,,,
point_alert_ID0000045,cpu_2,compute,0,1694422342.0,,,1694422348.0,1694422350.0,1694422361.0,29696787.0,1694422349.0,1694422378.0,1694422366.0,1694422369.0,6745.0,1694422378.0,1694422383.0,6.0,,1.0,29.0,5.0,11.0,176636096.0,3.0,20798.0,poseidon,condorpool,poseidon-worker-1-container-44-47,point_alert,/opt/pointAlert/pointAlert,,0.0,0,0,,,,,,,,,
stage_out_local_condorpool_2_0,None,transfer,0,1694422342.0,,,1694422347.0,,,0.0,1694422348.0,1694422353.0,,,0.0,1694422353.0,1694422358.0,5.0,,1.0,5.0,5.0,,,,,poseidon,local,poseidon-submit,pegasus::transfer,/mnt/poseidon-data/poseidon/pegasus-5.1.0panorama/bin/pegasus-transfer,/home/poseidon/pegasus-5.1.0panorama/bin/../bin/pegasus-kickstart  -n pegasus::transfer -N null -i - -R local  -L casa-wind-full -T 2023-09-08T07:29:05+00:00 /home/poseidon/pegasus-5.1.0panorama/bin/../bin/pegasus-transfer  --threads 2,0.9,0,0,,,,,,,,,
register_condorpool_2_5,None,auxiliary,0,1694422348.0,,,1694422378.0,,,0.0,1694422378.0,1694422383.0,,,0.0,1694422383.0,1694422388.0,30.0,,0.0,5.0,5.0,,,,,poseidon,local,poseidon-submit,pegasus::rc-client,/mnt/poseidon-data/poseidon/pegasus-5.1.0panorama/bin/pegasus-rc-client,"-n pegasus::rc-client -N null -R local  -L casa-wind-full -T 2023-09-08T07:29:05+00:00 /home/poseidon/pegasus-5.1.0panorama/bin/pegasus-rc-client --prefix pegasus.catalog.replica.output --conf /mnt/poseidon-data/poseidon/workflows/casa-wind-workflow-full/submit/poseidon/pegasus/casa-wind-full/run0298/pegasus.4829596047145384427.properties -v --meta /mnt/poseidon-data/poseidon/workflows/casa-wind-workflow-full/submit/poseidon/pegasus/casa-wind-full/run0298/00/01/mvt_ID0000004.meta,/mnt/poseidon-data/poseidon/workflows/casa-wind-workflow-full/submit/poseidon/pegasus/casa-wind-full/run0298/00/01/mvt_ID0000119.meta,/mnt/poseidon-data/poseidon/workflows/casa-wind-workflow-full/submit/poseidon/pegasus/casa-wind-full/run0298/00/02/post_vel_ID0000053.meta,/mnt/poseidon-data/poseidon/workflows/casa-wind-workflow-full/submit/poseidon/pegasus/casa-wind-full/run0298/00/02/mvt_ID0000114.meta,/mnt/poseidon-data/poseidon/workflows/casa-wind-workflow-full/submit/poseidon/pegasus/casa-wind-full/run0298/00/01/mvt_ID0000034.meta,/mnt/poseidon-data/poseidon/workflows/casa-wind-workflow-full/submit/poseidon/pegasus/casa-wind-full/run0298/00/01/mvt_ID0000014.meta,/mnt/poseidon-data/poseidon/workflows/casa-wind-workflow-full/submit/poseidon/pegasus/casa-wind-full/run0298/00/02/mvt_ID0000109.meta,/mnt/poseidon-data/poseidon/workflows/casa-wind-workflow-full/submit/poseidon/pegasus/casa-wind-full/run0298/00/01/mvt_ID0000064.meta --insert /mnt/poseidon-data/poseidon/workflows/casa-wind-workflow-full/submit/poseidon/pegasus/casa-wind-full/run0298/00/02/register_condorpool_2_5.in",2.7,0,0,,,,,,,,,
register_condorpool_2_3,None,auxiliary,0,1694422348.0,,,1694422358.0,,,0.0,1694422359.0,1694422363.0,,,0.0,1694422363.0,1694422368.0,10.0,,1.0,4.0,5.0,,,,,poseidon,local,poseidon-submit,pegasus::rc-client,/mnt/poseidon-data/poseidon/pegasus-5.1.0panorama/bin/pegasus-rc-client,"-n pegasus::rc-client -N null -R local  -L casa-wind-full -T 2023-09-08T07:29:05+00:00 /home/poseidon/pegasus-5.1.0panorama/bin/pegasus-rc-client --prefix pegasus.catalog.replica.output --conf /mnt/poseidon-data/poseidon/workflows/casa-wind-workflow-full/submit/poseidon/pegasus/casa-wind-full/run0298/pegasus.4829596047145384427.properties -v --meta /mnt/poseidon-data/poseidon/workflows/casa-wind-workflow-full/submit/poseidon/pegasus/casa-wind-full/run0298/00/01/mvt_ID0000084.meta,/mnt/poseidon-data/poseidon/workflows/casa-wind-workflow-full/submit/poseidon/pegasus/casa-wind-full/run0298/00/02/post_vel_ID0000103.meta,/mnt/poseidon-data/poseidon/workflows/casa-wind-workflow-full/submit/poseidon/pegasus/casa-wind-full/run0298/00/01/post_vel_ID0000098.meta,/mnt/poseidon-data/poseidon/workflows/casa-wind-workflow-full/submit/poseidon/pegasus/casa-wind-full/run0298/00/02/post_vel_ID0000048.meta,/mnt/poseidon-data/poseidon/workflows/casa-wind-workflow-full/submit/poseidon/pegasus/casa-wind-full/run0298/00/01/mvt_ID0000009.meta,/mnt/poseidon-data/poseidon/workflows/casa-wind-workflow-full/submit/poseidon/pegasus/casa-wind-full/run0298/00/01/post_vel_ID0000018.meta,/mnt/poseidon-data/poseidon/workflows/casa-wind-workflow-full/submit/poseidon/pegasus/casa-wind-full/run0298/00/01/mvt_ID0000089.meta,/mnt/poseidon-data/poseidon/workflows/casa-wind-workflow-full/submit/poseidon/pegasus/casa-wind-full/run0298/00/02/mvt_ID0000074.meta,/mnt/poseidon-data/poseidon/workflows/casa-wind-workflow-full/submit/poseidon/pegasus/casa-wind-full/run0298/00/02/post_vel_ID0000038.meta --insert /mnt/poseidon-data/poseidon/workflows/casa-wind-workflow-full/submit/poseidon/pegasus/casa-wind-full/run0298/00/02/register_condorpool_2_3.in",2.8,0,0,,,,,,,,,
register_condorpool_2_0,None,auxiliary,0,1694422358.0,,,1694422368.0,,,0.0,1694422369.0,1694422373.0,,,0.0,1694422373.0,1694422378.0,10.0,,1.0,4.0,5.0,,,,,poseidon,local,poseidon-submit,pegasus::rc-client,/mnt/poseidon-data/poseidon/pegasus-5.1.0panorama/bin/pegasus-rc-client,"-n pegasus::rc-client -N null -R local  -L casa-wind-full -T 2023-09-08T07:29:05+00:00 /home/poseidon/pegasus-5.1.0panorama/bin/pegasus-rc-client --prefix pegasus.catalog.replica.output --conf /mnt/poseidon-data/poseidon/workflows/casa-wind-workflow-full/submit/poseidon/pegasus/casa-wind-full/run0298/pegasus.4829596047145384427.properties -v --meta /mnt/poseidon-data/poseidon/workflows/casa-wind-workflow-full/submit/poseidon/pegasus/casa-wind-full/run0298/00/01/post_vel_ID0000023.meta,/mnt/poseidon-data/poseidon/workflows/casa-wind-workflow-full/submit/poseidon/pegasus/casa-wind-full/run0298/00/01/post_vel_ID0000093.meta,/mnt/poseidon-data/poseidon/workflows/casa-wind-workflow-full/submit/poseidon/pegasus/casa-wind-full/run0298/00/01/mvt_ID0000129.meta,/mnt/poseidon-data/poseidon/workflows/casa-wind-workflow-full/submit/poseidon/pegasus/casa-wind-full/run0298/00/02/mvt_ID0000044.meta,/mnt/poseidon-data/poseidon/workflows/casa-wind-workflow-full/submit/poseidon/pegasus/casa-wind-full/run0298/00/02/post_vel_ID0000058.meta,/mnt/poseidon-data/poseidon/workflows/casa-wind-workflow-full/submit/poseidon/pegasus/casa-wind-full/run0298/00/01/post_vel_ID0000068.meta,/mnt/poseidon-data/poseidon/workflows/casa-wind-workflow-full/submit/poseidon/pegasus/casa-wind-full/run0298/00/01/post_vel_ID0000123.meta,/mnt/poseidon-data/poseidon/workflows/casa-wind-workflow-full/submit/poseidon/pegasus/casa-wind-full/run0298/00/02/post_vel_ID0000078.meta,/mnt/poseidon-data/poseidon/workflows/casa-wind-workflow-full/submit/poseidon/pegasus/casa-wind-full/run0298/00/01/mvt_ID0000029.meta --insert /mnt/poseidon-data/poseidon/workflows/casa-wind-workflow-full/submit/poseidon/pegasus/casa-wind-full/run0298/00/02/register_condorpool_2_0.in",2.8,0,0,,,,,,,,,
stage_out_local_condorpool_3_2,None,transfer,0,1694422373.0,,,1694422378.0,,,0.0,1694422378.0,1694422383.0,,,0.0,1694422383.0,1694422388.0,5.0,,0.0,5.0,5.0,,,,,poseidon,local,poseidon-submit,pegasus::transfer,/mnt/poseidon-data/poseidon/pegasus-5.1.0panorama/bin/pegasus-transfer,/home/poseidon/pegasus-5.1.0panorama/bin/../bin/pegasus-kickstart  -n pegasus::transfer -N null -i - -R local  -L casa-wind-full -T 2023-09-08T07:29:05+00:00 /home/poseidon/pegasus-5.1.0panorama/bin/../bin/pegasus-transfer  --threads 2,0.9,0,0,,,,,,,,,
stage_out_local_condorpool_3_1,None,transfer,0,1694422373.0,,,1694422378.0,,,0.0,1694422378.0,1694422383.0,,,0.0,1694422383.0,1694422388.0,5.0,,0.0,5.0,5.0,,,,,poseidon,local,poseidon-submit,pegasus::transfer,/mnt/poseidon-data/poseidon/pegasus-5.1.0panorama/bin/pegasus-transfer,/home/poseidon/pegasus-5.1.0panorama/bin/../bin/pegasus-kickstart  -n pegasus::transfer -N null -i - -R local  -L casa-wind-full -T 2023-09-08T07:29:05+00:00 /home/poseidon/pegasus-5.1.0panorama/bin/../bin/pegasus-transfer  --threads 2,1.0,0,0,,,,,,,,,
stage_out_local_condorpool_3_0,None,transfer,0,1694422383.0,,,1694422388.0,,,0.0,1694422389.0,1694422393.0,,,0.0,1694422393.0,1694422398.0,5.0,,1.0,4.0,5.0,,,,,poseidon,local,poseidon-submit,pegasus::transfer,/mnt/poseidon-data/poseidon/pegasus-5.1.0panorama/bin/pegasus-transfer,/home/poseidon/pegasus-5.1.0panorama/bin/../bin/pegasus-kickstart  -n pegasus::transfer -N null -i - -R local  -L casa-wind-full -T 2023-09-08T07:29:05+00:00 /home/poseidon/pegasus-5.1.0panorama/bin/../bin/pegasus-transfer  --threads 2,0.9,0,0,,,,,,,,,
register_condorpool_3_2,None,auxiliary,0,1694422388.0,,,1694422403.0,,,0.0,1694422403.0,1694422408.0,,,0.0,1694422408.0,1694422413.0,15.0,,0.0,5.0,5.0,,,,,poseidon,local,poseidon-submit,pegasus::rc-client,/mnt/poseidon-data/poseidon/pegasus-5.1.0panorama/bin/pegasus-rc-client,"-n pegasus::rc-client -N null -R local  -L casa-wind-full -T 2023-09-08T07:29:05+00:00 /home/poseidon/pegasus-5.1.0panorama/bin/pegasus-rc-client --prefix pegasus.catalog.replica.output --conf /mnt/poseidon-data/poseidon/workflows/casa-wind-workflow-full/submit/poseidon/pegasus/casa-wind-full/run0298/pegasus.4829596047145384427.properties -v --meta /mnt/poseidon-data/poseidon/workflows/casa-wind-workflow-full/submit/poseidon/pegasus/casa-wind-full/run0298/00/03/point_alert_ID0000110.meta,/mnt/poseidon-data/poseidon/workflows/casa-wind-workflow-full/submit/poseidon/pegasus/casa-wind-full/run0298/00/03/point_alert_ID0000055.meta,/mnt/poseidon-data/poseidon/workflows/casa-wind-workflow-full/submit/poseidon/pegasus/casa-wind-full/run0298/00/02/point_alert_ID0000115.meta,/mnt/poseidon-data/poseidon/workflows/casa-wind-workflow-full/submit/poseidon/pegasus/casa-wind-full/run0298/00/02/point_alert_ID0000120.meta,/mnt/poseidon-data/poseidon/workflows/casa-wind-workflow-full/submit/poseidon/pegasus/casa-wind-full/run0298/00/02/point_alert_ID0000035.meta,/mnt/poseidon-data/poseidon/workflows/casa-wind-workflow-full/submit/poseidon/pegasus/casa-wind-full/run0298/00/02/point_alert_ID0000015.meta,/mnt/poseidon-data/poseidon/workflows/casa-wind-workflow-full/submit/poseidon/pegasus/casa-wind-full/run0298/00/02/point_alert_ID0000065.meta,/mnt/poseidon-data/poseidon/workflows/casa-wind-workflow-full/submit/poseidon/pegasus/casa-wind-full/run0298/00/02/point_alert_ID0000005.meta --insert /mnt/poseidon-data/poseidon/workflows/casa-wind-workflow-full/submit/poseidon/pegasus/casa-wind-full/run0298/00/03/register_condorpool_3_2.in",2.7,0,0,,,,,,,,,
register_condorpool_3_1,None,auxiliary,0,1694422388.0,,,1694422393.0,,,0.0,1694422394.0,1694422398.0,,,0.0,1694422398.0,1694422403.0,5.0,,1.0,4.0,5.0,,,,,poseidon,local,poseidon-submit,pegasus::rc-client,/mnt/poseidon-data/poseidon/pegasus-5.1.0panorama/bin/pegasus-rc-client,"-n pegasus::rc-client -N null -R local  -L casa-wind-full -T 2023-09-08T07:29:05+00:00 /home/poseidon/pegasus-5.1.0panorama/bin/pegasus-rc-client --prefix pegasus.catalog.replica.output --conf /mnt/poseidon-data/poseidon/workflows/casa-wind-workflow-full/submit/poseidon/pegasus/casa-wind-full/run0298/pegasus.4829596047145384427.properties -v --meta /mnt/poseidon-data/poseidon/workflows/casa-wind-workflow-full/submit/poseidon/pegasus/casa-wind-full/run0298/00/02/point_alert_ID0000010.meta,/mnt/poseidon-data/poseidon/workflows/casa-wind-workflow-full/submit/poseidon/pegasus/casa-wind-full/run0298/00/02/point_alert_ID0000090.meta,/mnt/poseidon-data/poseidon/workflows/casa-wind-workflow-full/submit/poseidon/pegasus/casa-wind-full/run0298/00/02/point_alert_ID0000085.meta,/mnt/poseidon-data/poseidon/workflows/casa-wind-workflow-full/submit/poseidon/pegasus/casa-wind-full/run0298/00/02/point_alert_ID0000075.meta,/mnt/poseidon-data/poseidon/workflows/casa-wind-workflow-full/submit/poseidon/pegasus/casa-wind-full/run0298/00/02/point_alert_ID0000100.meta,/mnt/poseidon-data/poseidon/workflows/casa-wind-workflow-full/submit/poseidon/pegasus/casa-wind-full/run0298/00/03/point_alert_ID0000040.meta,/mnt/poseidon-data/poseidon/workflows/casa-wind-workflow-full/submit/poseidon/pegasus/casa-wind-full/run0298/00/02/point_alert_ID0000020.meta,/mnt/poseidon-data/poseidon/workflows/casa-wind-workflow-full/submit/poseidon/pegasus/casa-wind-full/run0298/00/03/point_alert_ID0000050.meta,/mnt/poseidon-data/poseidon/workflows/casa-wind-workflow-full/submit/poseidon/pegasus/casa-wind-full/run0298/00/03/point_alert_ID0000105.meta --insert /mnt/poseidon-data/poseidon/workflows/casa-wind-workflow-full/submit/poseidon/pegasus/casa-wind-full/run0298/00/03/register_condorpool_3_1.in",2.8,0,0,,,,,,,,,
cleanup_casa-wind-full_0_condorpool,None,auxiliary,0,1694422398.0,,,1694422403.0,,,0.0,1694422403.0,1694422408.0,,,0.0,1694422408.0,1694422413.0,5.0,,0.0,5.0,5.0,,,,,poseidon,local,poseidon-submit,pegasus::cleanup,/mnt/poseidon-data/poseidon/pegasus-5.1.0panorama/bin/pegasus-transfer,pegasus-kickstart  -n pegasus::cleanup -N null -i - -R local  -L casa-wind-full -T 2023-09-08T07:29:05+00:00 pegasus-transfer,0.2,0,0,,,,,,,,,
register_condorpool_3_0,None,auxiliary,0,1694422398.0,,,1694422413.0,,,0.0,1694422414.0,1694422418.0,,,0.0,1694422418.0,1694422423.0,15.0,,1.0,4.0,5.0,,,,,poseidon,local,poseidon-submit,pegasus::rc-client,/mnt/poseidon-data/poseidon/pegasus-5.1.0panorama/bin/pegasus-rc-client,"-n pegasus::rc-client -N null -R local  -L casa-wind-full -T 2023-09-08T07:29:05+00:00 /home/poseidon/pegasus-5.1.0panorama/bin/pegasus-rc-client --prefix pegasus.catalog.replica.output --conf /mnt/poseidon-data/poseidon/workflows/casa-wind-workflow-full/submit/poseidon/pegasus/casa-wind-full/run0298/pegasus.4829596047145384427.properties -v --meta /mnt/poseidon-data/poseidon/workflows/casa-wind-workflow-full/submit/poseidon/pegasus/casa-wind-full/run0298/00/02/point_alert_ID0000125.meta,/mnt/poseidon-data/poseidon/workflows/casa-wind-workflow-full/submit/poseidon/pegasus/casa-wind-full/run0298/00/02/point_alert_ID0000095.meta,/mnt/poseidon-data/poseidon/workflows/casa-wind-workflow-full/submit/poseidon/pegasus/casa-wind-full/run0298/00/03/point_alert_ID0000060.meta,/mnt/poseidon-data/poseidon/workflows/casa-wind-workflow-full/submit/poseidon/pegasus/casa-wind-full/run0298/00/02/point_alert_ID0000030.meta,/mnt/poseidon-data/poseidon/workflows/casa-wind-workflow-full/submit/poseidon/pegasus/casa-wind-full/run0298/00/02/point_alert_ID0000025.meta,/mnt/poseidon-data/poseidon/workflows/casa-wind-workflow-full/submit/poseidon/pegasus/casa-wind-full/run0298/00/03/point_alert_ID0000045.meta,/mnt/poseidon-data/poseidon/workflows/casa-wind-workflow-full/submit/poseidon/pegasus/casa-wind-full/run0298/00/02/point_alert_ID0000130.meta,/mnt/poseidon-data/poseidon/workflows/casa-wind-workflow-full/submit/poseidon/pegasus/casa-wind-full/run0298/00/02/point_alert_ID0000070.meta,/mnt/poseidon-data/poseidon/workflows/casa-wind-workflow-full/submit/poseidon/pegasus/casa-wind-full/run0298/00/02/point_alert_ID0000080.meta --insert /mnt/poseidon-data/poseidon/workflows/casa-wind-workflow-full/submit/poseidon/pegasus/casa-wind-full/run0298/00/03/register_condorpool_3_0.in",2.7,0,0,,,,,,,,,
