,anomaly_type,type,is_clustered,ready,pre_script_start,pre_script_end,submit,stage_in_start,stage_in_end,stage_in_effective_bytes_per_sec,execute_start,execute_end,stage_out_start,stage_out_end,stage_out_effective_bytes_per_sec,post_script_start,post_script_end,wms_delay,pre_script_delay,queue_delay,runtime,post_script_delay,stage_in_delay,stage_in_bytes,stage_out_delay,stage_out_bytes,kickstart_user,kickstart_site,kickstart_hostname,kickstart_transformations,kickstart_executables,kickstart_executables_argv,kickstart_executables_cpu_time,kickstart_status,kickstart_executables_exitcode,kickstart_online_iowait,kickstart_online_bytes_read,kickstart_online_bytes_written,kickstart_online_read_system_calls,kickstart_online_write_system_calls,kickstart_online_utime,kickstart_online_stime,kickstart_online_bytes_read_per_second,kickstart_online_bytes_written_per_second
create_dir_casa-wind-full_0_condorpool,None,auxiliary,0,1694347088.0,,,1694347089.0,,,0.0,1694347092.0,1694347099.0,,,0.0,1694347099.0,1694347104.0,1.0,,3.0,7.0,5.0,,,,,poseidon,local,poseidon-submit,pegasus::dirmanager,/mnt/poseidon-data/poseidon/pegasus-5.1.0panorama/bin/pegasus-transfer,pegasus-kickstart  -n pegasus::dirmanager -N null -i - -R local  -L casa-wind-full -T 2023-09-08T07:29:05+00:00 pegasus-transfer,0.2,0,0,,,,,,,,,
unzip_ID0000006,None,compute,0,1694347104.0,,,1694347109.0,1694347119.0,1694347129.0,23705923.0,1694347117.0,1694347164.0,1694347141.0,1694347156.0,32774617.0,1694347164.0,1694347169.0,5.0,,8.0,47.0,5.0,10.0,222753803.0,15.0,501616588.0,poseidon,condorpool,poseidon-worker-2-container-28-31,unzip,/usr/bin/gunzip,,3.9,0,0,,,,,,,,,
unzip_ID0000106,None,compute,0,1694347104.0,,,1694347109.0,1694347120.0,1694347128.0,29063146.0,1694347118.0,1694347164.0,1694347141.0,1694347156.0,33086865.0,1694347164.0,1694347169.0,5.0,,9.0,46.0,5.0,8.0,241199298.0,15.0,501821816.0,poseidon,condorpool,poseidon-worker-1-container-44-47,unzip,/usr/bin/gunzip,,4.1,0,0,,,,,,,,,
unzip_ID0000046,None,compute,0,1694347104.0,,,1694347109.0,1694347116.0,1694347126.0,25010282.0,1694347115.0,1694347164.0,1694347138.0,1694347154.0,33667392.0,1694347164.0,1694347169.0,5.0,,6.0,49.0,5.0,10.0,229692821.0,16.0,523855228.0,poseidon,condorpool,poseidon-worker-2-container-8-11,unzip,/usr/bin/gunzip,,4.0,0,0,,,,,,,,,
unzip_ID0000101,None,compute,0,1694347104.0,,,1694347109.0,1694347116.0,1694347126.0,27265332.0,1694347115.0,1694347164.0,1694347138.0,1694347154.0,35467364.0,1694347164.0,1694347169.0,5.0,,6.0,49.0,5.0,10.0,250988249.0,16.0,561551644.0,poseidon,condorpool,poseidon-worker-2-container-12-15,unzip,/usr/bin/gunzip,,4.3,0,0,,,,,,,,,
unzip_ID0000026,None,compute,0,1694347104.0,,,1694347109.0,1694347116.0,1694347128.0,19354498.0,1694347114.0,1694347164.0,1694347140.0,1694347156.0,33216141.0,1694347164.0,1694347169.0,5.0,,5.0,50.0,5.0,12.0,227963832.0,16.0,523917888.0,poseidon,condorpool,poseidon-worker-1-container-0-3,unzip,/usr/bin/gunzip,,4.0,0,0,,,,,,,,,
unzip_ID0000126,None,compute,0,1694347104.0,,,1694347109.0,1694347116.0,1694347123.0,39897646.0,1694347115.0,1694347149.0,1694347135.0,1694347143.0,59197587.0,1694347149.0,1694347154.0,5.0,,6.0,34.0,5.0,7.0,249343892.0,8.0,520618424.0,poseidon,condorpool,poseidon-worker-2-container-20-23,unzip,/usr/bin/gunzip,,4.1,0,0,,,,,,,,,
unzip_ID0000031,None,compute,0,1694347104.0,,,1694347109.0,1694347116.0,1694347126.0,24372659.0,1694347115.0,1694347174.0,1694347139.0,1694347165.0,20697902.0,1694347174.0,1694347179.0,5.0,,6.0,59.0,5.0,10.0,237517035.0,26.0,539438752.0,poseidon,condorpool,poseidon-worker-2-container-16-19,unzip,/usr/bin/gunzip,,4.1,0,0,,,,,,,,,
unzip_ID0000076,None,compute,0,1694347104.0,,,1694347109.0,1694347115.0,1694347124.0,25935772.0,1694347114.0,1694347154.0,1694347136.0,1694347147.0,50364561.0,1694347154.0,1694347159.0,5.0,,5.0,40.0,5.0,9.0,233747923.0,11.0,523942844.0,poseidon,condorpool,poseidon-worker-2-container-24-27,unzip,/usr/bin/gunzip,,4.0,0,0,,,,,,,,,
unzip_ID0000011,None,compute,0,1694347104.0,,,1694347109.0,1694347116.0,1694347126.0,23493929.0,1694347114.0,1694347169.0,1694347139.0,1694347162.0,24276125.0,1694347169.0,1694347174.0,5.0,,5.0,55.0,5.0,10.0,235998389.0,23.0,565205920.0,poseidon,condorpool,poseidon-worker-2-container-32-35,unzip,/usr/bin/gunzip,,4.2,0,0,,,,,,,,,
unzip_ID0000056,None,compute,0,1694347104.0,,,1694347109.0,1694347115.0,1694347125.0,24978259.0,1694347114.0,1694347154.0,1694347137.0,1694347147.0,50657884.0,1694347154.0,1694347159.0,5.0,,5.0,40.0,5.0,10.0,232139969.0,10.0,528026776.0,poseidon,condorpool,poseidon-worker-1-container-8-11,unzip,/usr/bin/gunzip,,4.1,0,0,,,,,,,,,
unzip_ID0000071,None,compute,0,1694347104.0,,,1694347109.0,1694347116.0,1694347126.0,22832672.0,1694347114.0,1694347169.0,1694347139.0,1694347160.0,25169784.0,1694347169.0,1694347174.0,5.0,,5.0,55.0,5.0,10.0,240896692.0,21.0,539506600.0,poseidon,condorpool,poseidon-worker-1-container-12-15,unzip,/usr/bin/gunzip,,4.2,0,0,,,,,,,,,
unzip_ID0000051,None,compute,0,1694347104.0,,,1694347109.0,1694347116.0,1694347124.0,27500754.0,1694347114.0,1694347154.0,1694347137.0,1694347148.0,47962132.0,1694347154.0,1694347159.0,5.0,,5.0,40.0,5.0,8.0,239630266.0,11.0,544301296.0,poseidon,condorpool,poseidon-worker-2-container-44-47,unzip,/usr/bin/gunzip,,4.1,0,0,,,,,,,,,
unzip_ID0000111,None,compute,0,1694347104.0,,,1694347109.0,1694347116.0,1694347127.0,23491174.0,1694347114.0,1694347174.0,1694347140.0,1694347167.0,20899635.0,1694347174.0,1694347179.0,5.0,,5.0,60.0,5.0,11.0,256320311.0,27.0,567950764.0,poseidon,condorpool,poseidon-worker-1-container-4-7,unzip,/usr/bin/gunzip,,4.4,0,0,,,,,,,,,
unzip_ID0000091,None,compute,0,1694347104.0,,,1694347109.0,1694347115.0,1694347125.0,24580863.0,1694347114.0,1694347164.0,1694347138.0,1694347154.0,33641995.0,1694347164.0,1694347169.0,5.0,,5.0,50.0,5.0,10.0,246447087.0,16.0,539109992.0,poseidon,condorpool,poseidon-worker-1-container-16-19,unzip,/usr/bin/gunzip,,4.2,0,0,,,,,,,,,
unzip_ID0000081,None,compute,0,1694347104.0,,,1694347109.0,1694347116.0,1694347126.0,25301884.0,1694347114.0,1694347164.0,1694347138.0,1694347156.0,30200958.0,1694347164.0,1694347169.0,5.0,,5.0,50.0,5.0,10.0,245619741.0,18.0,543190672.0,poseidon,condorpool,poseidon-worker-1-container-44-47,unzip,/usr/bin/gunzip,,4.2,0,0,,,,,,,,,
unzip_ID0000041,None,compute,0,1694347104.0,,,1694347109.0,1694347115.0,1694347123.0,33063202.0,1694347114.0,1694347149.0,1694347135.0,1694347144.0,59270034.0,1694347149.0,1694347154.0,5.0,,5.0,35.0,5.0,8.0,238944758.0,9.0,540768928.0,poseidon,condorpool,poseidon-worker-2-container-0-3,unzip,/usr/bin/gunzip,,4.0,0,0,,,,,,,,,
unzip_ID0000061,None,compute,0,1694347104.0,,,1694347109.0,1694347116.0,1694347126.0,23916834.0,1694347114.0,1694347164.0,1694347138.0,1694347154.0,35373621.0,1694347164.0,1694347169.0,5.0,,5.0,50.0,5.0,10.0,240463185.0,16.0,541945820.0,poseidon,condorpool,poseidon-worker-1-container-36-39,unzip,/usr/bin/gunzip,,4.2,0,0,,,,,,,,,
unzip_ID0000096,None,compute,0,1694347104.0,,,1694347109.0,1694347116.0,1694347126.0,24383704.0,1694347114.0,1694347159.0,1694347138.0,1694347150.0,43141883.0,1694347159.0,1694347164.0,5.0,,5.0,45.0,5.0,10.0,240753402.0,12.0,524013876.0,poseidon,condorpool,poseidon-worker-2-container-36-39,unzip,/usr/bin/gunzip,,4.2,0,0,,,,,,,,,
unzip_ID0000121,None,compute,0,1694347104.0,,,1694347109.0,1694347115.0,1694347125.0,25334227.0,1694347114.0,1694347164.0,1694347138.0,1694347154.0,34111397.0,1694347164.0,1694347169.0,5.0,,5.0,50.0,5.0,10.0,250860096.0,16.0,550782944.0,poseidon,condorpool,poseidon-worker-1-container-28-31,unzip,/usr/bin/gunzip,,4.3,0,0,,,,,,,,,
unzip_ID0000066,None,compute,0,1694347104.0,,,1694347109.0,1694347116.0,1694347125.0,24236144.0,1694347114.0,1694347154.0,1694347137.0,1694347147.0,51027433.0,1694347154.0,1694347159.0,5.0,,5.0,40.0,5.0,9.0,232031705.0,10.0,523661496.0,poseidon,condorpool,poseidon-worker-2-container-40-43,unzip,/usr/bin/gunzip,,4.1,0,0,,,,,,,,,
unzip_ID0000001,None,compute,0,1694347104.0,,,1694347109.0,1694347115.0,1694347125.0,23310165.0,1694347114.0,1694347159.0,1694347138.0,1694347152.0,39442542.0,1694347159.0,1694347164.0,5.0,,5.0,45.0,5.0,10.0,232473216.0,14.0,561354992.0,poseidon,condorpool,poseidon-worker-2-container-4-7,unzip,/usr/bin/gunzip,,4.2,0,0,,,,,,,,,
unzip_ID0000086,None,compute,0,1694347104.0,,,1694347109.0,1694347116.0,1694347123.0,33362733.0,1694347114.0,1694347154.0,1694347135.0,1694347146.0,50503107.0,1694347154.0,1694347159.0,5.0,,5.0,40.0,5.0,7.0,234836668.0,11.0,518838800.0,poseidon,condorpool,poseidon-worker-1-container-40-43,unzip,/usr/bin/gunzip,,3.9,0,0,,,,,,,,,
unzip_ID0000016,None,compute,0,1694347104.0,,,1694347109.0,1694347116.0,1694347125.0,25252979.0,1694347114.0,1694347154.0,1694347137.0,1694347147.0,54638398.0,1694347154.0,1694347159.0,5.0,,5.0,40.0,5.0,9.0,225238888.0,10.0,523826084.0,poseidon,condorpool,poseidon-worker-1-container-20-23,unzip,/usr/bin/gunzip,,4.0,0,0,,,,,,,,,
unzip_ID0000036,None,compute,0,1694347104.0,,,1694347109.0,1694347116.0,1694347127.0,22675524.0,1694347115.0,1694347164.0,1694347139.0,1694347155.0,33457651.0,1694347164.0,1694347169.0,5.0,,6.0,49.0,5.0,11.0,232020704.0,16.0,526952240.0,poseidon,condorpool,poseidon-worker-2-container-28-31,unzip,/usr/bin/gunzip,,4.1,0,0,,,,,,,,,
unzip_ID0000116,None,compute,0,1694347104.0,,,1694347109.0,1694347115.0,1694347125.0,24939070.0,1694347114.0,1694347154.0,1694347138.0,1694347148.0,52282842.0,1694347154.0,1694347159.0,5.0,,5.0,40.0,5.0,10.0,249255741.0,10.0,520850676.0,poseidon,condorpool,poseidon-worker-1-container-32-35,unzip,/usr/bin/gunzip,,4.2,0,0,,,,,,,,,
unzip_ID0000021,None,compute,0,1694347104.0,,,1694347109.0,1694347116.0,1694347127.0,21033860.0,1694347114.0,1694347169.0,1694347140.0,1694347162.0,24165568.0,1694347169.0,1694347174.0,5.0,,5.0,55.0,5.0,11.0,235136662.0,22.0,539178100.0,poseidon,condorpool,poseidon-worker-1-container-24-27,unzip,/usr/bin/gunzip,,4.1,0,0,,,,,,,,,
um_vel_ID0000127,None,compute,0,1694347154.0,,,1694347159.0,1694347162.0,1694347179.0,57220132.2,1694347160.0,1694347200.0,1694347188.0,1694347191.0,167981.0,1694347200.0,1694347205.0,5.0,,1.0,40.0,5.0,17.0,697205176.0,3.0,556900.0,poseidon,condorpool,poseidon-worker-1-container-8-11,um_vel,/opt/UM_VEL/UM_VEL,,1.7,0,0,,,,,,,,,
um_vel_ID0000042,None,compute,0,1694347154.0,,,1694347159.0,1694347162.0,1694347182.0,49893580.2,1694347160.0,1694347205.0,1694347190.0,1694347194.0,176331.0,1694347205.0,1694347211.0,5.0,,1.0,45.0,6.0,20.0,717355680.0,4.0,556900.0,poseidon,condorpool,poseidon-worker-2-container-44-47,um_vel,/opt/UM_VEL/UM_VEL,,1.7,0,0,,,,,,,,,
um_vel_ID0000017,None,compute,0,1694347159.0,,,1694347164.0,1694347167.0,1694347187.0,49824991.3,1694347165.0,1694347206.0,1694347196.0,1694347199.0,175641.0,1694347206.0,1694347211.0,5.0,,1.0,41.0,5.0,20.0,700412836.0,3.0,556900.0,poseidon,condorpool,poseidon-worker-1-container-36-39,um_vel,/opt/UM_VEL/UM_VEL,,1.7,0,0,,,,,,,,,
um_vel_ID0000077,None,compute,0,1694347159.0,,,1694347164.0,1694347167.0,1694347188.0,45149094.2,1694347165.0,1694347211.0,1694347197.0,1694347200.0,175613.0,1694347211.0,1694347216.0,5.0,,1.0,46.0,5.0,21.0,700529596.0,3.0,556900.0,poseidon,condorpool,poseidon-worker-2-container-24-27,um_vel,/opt/UM_VEL/UM_VEL,,1.7,0,0,,,,,,,,,
um_vel_ID0000057,None,compute,0,1694347159.0,,,1694347164.0,1694347167.0,1694347187.0,49434709.2,1694347165.0,1694347206.0,1694347196.0,1694347199.0,172584.0,1694347206.0,1694347211.0,5.0,,1.0,41.0,5.0,20.0,704613528.0,3.0,556900.0,poseidon,condorpool,poseidon-worker-1-container-0-3,um_vel,/opt/UM_VEL/UM_VEL,,1.8,0,0,,,,,,,,,
um_vel_ID0000052,None,compute,0,1694347159.0,,,1694347164.0,1694347167.0,1694347190.0,40774104.8,1694347165.0,1694347211.0,1694347199.0,1694347202.0,174091.0,1694347211.0,1694347216.0,5.0,,1.0,46.0,5.0,23.0,720888048.0,3.0,556900.0,poseidon,condorpool,poseidon-worker-1-container-44-47,um_vel,/opt/UM_VEL/UM_VEL,,1.7,0,0,,,,,,,,,
um_vel_ID0000087,None,compute,0,1694347159.0,,,1694347164.0,1694347167.0,1694347185.0,57972770.5,1694347165.0,1694347205.0,1694347194.0,1694347197.0,172224.0,1694347205.0,1694347211.0,5.0,,1.0,40.0,6.0,18.0,695425552.0,3.0,556900.0,poseidon,condorpool,poseidon-worker-2-container-40-43,um_vel,/opt/UM_VEL/UM_VEL,,1.7,0,0,,,,,,,,,
um_vel_ID0000117,None,compute,0,1694347159.0,,,1694347164.0,1694347167.0,1694347186.0,55648158.8,1694347165.0,1694347206.0,1694347194.0,1694347197.0,172205.0,1694347206.0,1694347211.0,5.0,,1.0,41.0,5.0,19.0,697437428.0,3.0,556900.0,poseidon,condorpool,poseidon-worker-2-container-8-11,um_vel,/opt/UM_VEL/UM_VEL,,1.8,0,0,,,,,,,,,
um_vel_ID0000067,None,compute,0,1694347159.0,,,1694347164.0,1694347167.0,1694347186.0,52735629.2,1694347165.0,1694347206.0,1694347195.0,1694347198.0,175518.0,1694347206.0,1694347211.0,5.0,,1.0,41.0,5.0,19.0,700248248.0,3.0,556900.0,poseidon,condorpool,poseidon-worker-2-container-28-31,um_vel,/opt/UM_VEL/UM_VEL,,1.6,0,0,,,,,,,,,
um_vel_ID0000097,None,compute,0,1694347164.0,,,1694347169.0,1694347171.0,1694347191.0,52947399.4,1694347170.0,1694347211.0,1694347199.0,1694347202.0,176421.0,1694347211.0,1694347216.0,5.0,,1.0,41.0,5.0,20.0,700600628.0,3.0,556900.0,poseidon,condorpool,poseidon-worker-2-container-32-35,um_vel,/opt/UM_VEL/UM_VEL,,1.7,0,0,,,,,,,,,
um_vel_ID0000002,None,compute,0,1694347164.0,,,1694347169.0,1694347171.0,1694347191.0,54768515.0,1694347170.0,1694347211.0,1694347199.0,1694347203.0,171603.0,1694347211.0,1694347216.0,5.0,,1.0,41.0,5.0,20.0,737941744.0,4.0,556900.0,poseidon,condorpool,poseidon-worker-1-container-40-43,um_vel,/opt/UM_VEL/UM_VEL,,1.8,0,0,,,,,,,,,
um_vel_ID0000092,None,compute,0,1694347169.0,,,1694347174.0,1694347178.0,1694347199.0,46019018.1,1694347176.0,1694347216.0,1694347207.0,1694347210.0,176536.0,1694347216.0,1694347221.0,5.0,,2.0,40.0,5.0,21.0,715696744.0,3.0,556900.0,poseidon,condorpool,poseidon-worker-1-container-4-7,um_vel,/opt/UM_VEL/UM_VEL,,1.6,0,0,,,,,,,,,
um_vel_ID0000037,None,compute,0,1694347169.0,,,1694347174.0,1694347177.0,1694347198.0,46891069.5,1694347176.0,1694347216.0,1694347207.0,1694347210.0,177103.0,1694347216.0,1694347221.0,5.0,,2.0,40.0,5.0,21.0,703538992.0,3.0,556900.0,poseidon,condorpool,poseidon-worker-2-container-4-7,um_vel,/opt/UM_VEL/UM_VEL,,1.7,0,0,,,,,,,,,
um_vel_ID0000122,None,compute,0,1694347169.0,,,1694347174.0,1694347177.0,1694347197.0,49887528.8,1694347175.0,1694347216.0,1694347206.0,1694347209.0,176857.0,1694347216.0,1694347221.0,5.0,,1.0,41.0,5.0,20.0,727369696.0,3.0,556900.0,poseidon,condorpool,poseidon-worker-2-container-20-23,um_vel,/opt/UM_VEL/UM_VEL,,1.7,0,0,,,,,,,,,
um_vel_ID0000047,None,compute,0,1694347169.0,,,1694347174.0,1694347177.0,1694347196.0,51963754.0,1694347175.0,1694347216.0,1694347205.0,1694347208.0,177420.0,1694347216.0,1694347221.0,5.0,,1.0,41.0,5.0,19.0,700441980.0,3.0,556900.0,poseidon,condorpool,poseidon-worker-2-container-16-19,um_vel,/opt/UM_VEL/UM_VEL,,1.7,0,0,,,,,,,,,
um_vel_ID0000062,None,compute,0,1694347169.0,,,1694347174.0,1694347177.0,1694347197.0,51550548.8,1694347175.0,1694347216.0,1694347206.0,1694347209.0,177909.0,1694347216.0,1694347221.0,5.0,,1.0,41.0,5.0,20.0,718532572.0,3.0,556900.0,poseidon,condorpool,poseidon-worker-1-container-16-19,um_vel,/opt/UM_VEL/UM_VEL,,1.8,0,0,,,,,,,,,
um_vel_ID0000082,None,compute,0,1694347169.0,,,1694347174.0,1694347177.0,1694347198.0,48761730.1,1694347175.0,1694347216.0,1694347206.0,1694347209.0,176354.0,1694347216.0,1694347221.0,5.0,,1.0,41.0,5.0,21.0,719777424.0,3.0,556900.0,poseidon,condorpool,poseidon-worker-1-container-20-23,um_vel,/opt/UM_VEL/UM_VEL,,1.7,0,0,,,,,,,,,
um_vel_ID0000027,None,compute,0,1694347169.0,,,1694347174.0,1694347177.0,1694347195.0,56402366.1,1694347175.0,1694347216.0,1694347204.0,1694347207.0,178356.0,1694347216.0,1694347221.0,5.0,,1.0,41.0,5.0,18.0,700504640.0,3.0,556900.0,poseidon,condorpool,poseidon-worker-2-container-36-39,um_vel,/opt/UM_VEL/UM_VEL,,1.8,0,0,,,,,,,,,
um_vel_ID0000102,None,compute,0,1694347169.0,,,1694347174.0,1694347177.0,1694347198.0,49310266.2,1694347175.0,1694347216.0,1694347206.0,1694347209.0,176543.0,1694347216.0,1694347221.0,5.0,,1.0,41.0,5.0,21.0,738138396.0,3.0,556900.0,poseidon,condorpool,poseidon-worker-1-container-44-47,um_vel,/opt/UM_VEL/UM_VEL,,1.8,0,0,,,,,,,,,
um_vel_ID0000007,None,compute,0,1694347169.0,,,1694347174.0,1694347177.0,1694347196.0,52333049.0,1694347175.0,1694347216.0,1694347204.0,1694347207.0,174883.0,1694347216.0,1694347221.0,5.0,,1.0,41.0,5.0,19.0,678203340.0,3.0,556900.0,poseidon,condorpool,poseidon-worker-1-container-12-15,um_vel,/opt/UM_VEL/UM_VEL,,1.7,0,0,,,,,,,,,
um_vel_ID0000107,None,compute,0,1694347169.0,,,1694347174.0,1694347177.0,1694347196.0,52876361.0,1694347175.0,1694347216.0,1694347204.0,1694347207.0,177210.0,1694347216.0,1694347221.0,5.0,,1.0,41.0,5.0,19.0,678408568.0,3.0,556900.0,poseidon,condorpool,poseidon-worker-2-container-28-31,um_vel,/opt/UM_VEL/UM_VEL,,1.6,0,0,,,,,,,,,
um_vel_ID0000072,None,compute,0,1694347174.0,,,1694347179.0,1694347182.0,1694347203.0,47676209.4,1694347181.0,1694347221.0,1694347211.0,1694347215.0,175792.0,1694347221.0,1694347226.0,5.0,,2.0,40.0,5.0,21.0,716093352.0,4.0,556900.0,poseidon,condorpool,poseidon-worker-2-container-12-15,um_vel,/opt/UM_VEL/UM_VEL,,1.6,0,0,,,,,,,,,
um_vel_ID0000022,None,compute,0,1694347174.0,,,1694347179.0,1694347183.0,1694347202.0,53091330.2,1694347181.0,1694347221.0,1694347211.0,1694347214.0,175594.0,1694347221.0,1694347226.0,5.0,,2.0,40.0,5.0,19.0,715764852.0,3.0,556900.0,poseidon,condorpool,poseidon-worker-1-container-28-31,um_vel,/opt/UM_VEL/UM_VEL,,1.7,0,0,,,,,,,,,
um_vel_ID0000012,None,compute,0,1694347174.0,,,1694347179.0,1694347183.0,1694347202.0,54054986.5,1694347181.0,1694347221.0,1694347211.0,1694347214.0,172914.0,1694347221.0,1694347226.0,5.0,,2.0,40.0,5.0,19.0,741792672.0,3.0,556900.0,poseidon,condorpool,poseidon-worker-1-container-24-27,um_vel,/opt/UM_VEL/UM_VEL,,1.7,0,0,,,,,,,,,
stage_out_local_condorpool_0_1,None,transfer,0,1694347179.0,,,1694347184.0,,,0.0,1694347186.0,1694347221.0,,,0.0,1694347221.0,1694347226.0,5.0,,2.0,35.0,5.0,,,,,poseidon,local,poseidon-submit,pegasus::transfer,/mnt/poseidon-data/poseidon/pegasus-5.1.0panorama/bin/pegasus-transfer,/home/poseidon/pegasus-5.1.0panorama/bin/../bin/pegasus-kickstart  -n pegasus::transfer -N null -i - -R local  -L casa-wind-full -T 2023-09-08T07:29:05+00:00 /home/poseidon/pegasus-5.1.0panorama/bin/../bin/pegasus-transfer  --threads 2,34.7,0,0,,,,,,,,,
stage_out_local_condorpool_0_2,None,transfer,0,1694347179.0,,,1694347185.0,,,0.0,1694347186.0,1694347221.0,,,0.0,1694347221.0,1694347226.0,6.0,,1.0,35.0,5.0,,,,,poseidon,local,poseidon-submit,pegasus::transfer,/mnt/poseidon-data/poseidon/pegasus-5.1.0panorama/bin/pegasus-transfer,/home/poseidon/pegasus-5.1.0panorama/bin/../bin/pegasus-kickstart  -n pegasus::transfer -N null -i - -R local  -L casa-wind-full -T 2023-09-08T07:29:05+00:00 /home/poseidon/pegasus-5.1.0panorama/bin/../bin/pegasus-transfer  --threads 2,35.2,0,0,,,,,,,,,
um_vel_ID0000032,None,compute,0,1694347179.0,,,1694347185.0,1694347202.0,1694347222.0,51530092.4,1694347199.0,1694347241.0,1694347230.0,1694347233.0,177011.0,1694347241.0,1694347246.0,6.0,,14.0,42.0,5.0,20.0,716025504.0,3.0,556900.0,poseidon,condorpool,poseidon-worker-1-container-8-11,um_vel,/opt/UM_VEL/UM_VEL,,1.7,0,0,,,,,,,,,
um_vel_ID0000112,None,compute,0,1694347179.0,,,1694347185.0,1694347202.0,1694347220.0,61318681.2,1694347201.0,1694347241.0,1694347229.0,1694347232.0,173500.0,1694347241.0,1694347246.0,6.0,,16.0,40.0,5.0,18.0,744537516.0,3.0,556900.0,poseidon,condorpool,poseidon-worker-1-container-44-47,um_vel,/opt/UM_VEL/UM_VEL,,1.8,0,0,,,,,,,,,
stage_out_local_condorpool_0_0,None,transfer,0,1694347179.0,,,1694347184.0,,,0.0,1694347186.0,1694347221.0,,,0.0,1694347221.0,1694347226.0,5.0,,2.0,35.0,5.0,,,,,poseidon,local,poseidon-submit,pegasus::transfer,/mnt/poseidon-data/poseidon/pegasus-5.1.0panorama/bin/pegasus-transfer,/home/poseidon/pegasus-5.1.0panorama/bin/../bin/pegasus-kickstart  -n pegasus::transfer -N null -i - -R local  -L casa-wind-full -T 2023-09-08T07:29:05+00:00 /home/poseidon/pegasus-5.1.0panorama/bin/../bin/pegasus-transfer  --threads 2,35.6,0,0,,,,,,,,,
post_vel_ID0000128,None,compute,0,1694347205.0,,,1694347211.0,1694347214.0,1694347225.0,34211012.2,1694347212.0,1694347241.0,1694347230.0,1694347233.0,4664.0,1694347241.0,1694347246.0,6.0,,1.0,29.0,5.0,11.0,177143937.0,3.0,14512.0,poseidon,condorpool,poseidon-worker-1-container-36-39,post_vel,/opt/netcdf2png/merged_netcdf2png,,0.1,0,0,,,,,,,,,
mvt_ID0000129,None,compute,0,1694347205.0,,,1694347211.0,1694347214.0,1694347225.0,34326812.4,1694347212.0,1694347281.0,1694347269.0,1694347272.0,21019.0,1694347281.0,1694347286.0,6.0,,1.0,69.0,5.0,11.0,177143652.0,3.0,64489.0,poseidon,condorpool,poseidon-worker-2-container-32-35,mvt,/opt/mvt/mvt,,39.1,0,0,0.0,790509.0,36864.0,425.0,9.0,29.9,0.1,26350.3,3686.4
mvt_ID0000019,None,compute,0,1694347211.0,,,1694347216.0,1694347219.0,1694347231.0,29241313.8,1694347217.0,1694347286.0,1694347276.0,1694347279.0,11802.0,1694347286.0,1694347291.0,5.0,,1.0,69.0,5.0,12.0,177143652.0,3.0,36245.0,poseidon,condorpool,poseidon-worker-2-container-28-31,mvt,/opt/mvt/mvt,,40.1,0,0,0.0,819102.0,20480.0,494.0,5.0,39.9,0.1,20477.5,1024.0
mvt_ID0000089,None,compute,0,1694347211.0,,,1694347216.0,1694347219.0,1694347233.0,23072462.6,1694347217.0,1694347286.0,1694347278.0,1694347281.0,15861.0,1694347286.0,1694347291.0,5.0,,1.0,69.0,5.0,14.0,177143652.0,3.0,48475.0,poseidon,condorpool,poseidon-worker-2-container-44-47,mvt,/opt/mvt/mvt,,39.9,0,0,0.1,792926.0,24576.0,437.0,6.0,39.8,0.1,19823.2,2457.6
post_vel_ID0000088,None,compute,0,1694347211.0,,,1694347216.0,1694347220.0,1694347231.0,34176523.4,1694347218.0,1694347246.0,1694347236.0,1694347239.0,4107.0,1694347246.0,1694347251.0,5.0,,2.0,28.0,5.0,11.0,177143937.0,3.0,12740.0,poseidon,condorpool,poseidon-worker-2-container-16-19,post_vel,/opt/netcdf2png/merged_netcdf2png,,0.1,0,0,,,,,,,,,
mvt_ID0000119,None,compute,0,1694347211.0,,,1694347216.0,1694347219.0,1694347231.0,29437728.0,1694347218.0,1694347286.0,1694347277.0,1694347280.0,20973.0,1694347286.0,1694347291.0,5.0,,2.0,68.0,5.0,12.0,177143652.0,3.0,65525.0,poseidon,condorpool,poseidon-worker-1-container-4-7,mvt,/opt/mvt/mvt,,40.2,0,0,0.0,794205.0,36864.0,440.0,9.0,39.9,0.1,19855.1,3686.4
mvt_ID0000069,None,compute,0,1694347211.0,,,1694347216.0,1694347219.0,1694347230.0,29647359.0,1694347218.0,1694347286.0,1694347275.0,1694347278.0,11629.0,1694347286.0,1694347291.0,5.0,,2.0,68.0,5.0,11.0,177143652.0,3.0,35309.0,poseidon,condorpool,poseidon-worker-1-container-44-47,mvt,/opt/mvt/mvt,,39.6,0,0,0.0,844187.0,16384.0,542.0,4.0,29.9,0.1,28139.6,819.2
post_vel_ID0000068,None,compute,0,1694347211.0,,,1694347216.0,1694347219.0,1694347231.0,31810497.4,1694347217.0,1694347246.0,1694347236.0,1694347239.0,3681.0,1694347246.0,1694347251.0,5.0,,1.0,29.0,5.0,12.0,177143937.0,3.0,11398.0,poseidon,condorpool,poseidon-worker-2-container-24-27,post_vel,/opt/netcdf2png/merged_netcdf2png,,0.2,0,0,,,,,,,,,
post_vel_ID0000058,None,compute,0,1694347211.0,,,1694347216.0,1694347219.0,1694347231.0,27442510.4,1694347217.0,1694347246.0,1694347236.0,1694347239.0,3537.0,1694347246.0,1694347251.0,5.0,,1.0,29.0,5.0,12.0,177143937.0,3.0,10981.0,poseidon,condorpool,poseidon-worker-2-container-4-7,post_vel,/opt/netcdf2png/merged_netcdf2png,,0.1,0,0,,,,,,,,,
mvt_ID0000059,None,compute,0,1694347211.0,,,1694347216.0,1694347219.0,1694347231.0,29294899.0,1694347218.0,1694347286.0,1694347277.0,1694347280.0,9121.0,1694347286.0,1694347291.0,5.0,,2.0,68.0,5.0,12.0,177143652.0,3.0,28164.0,poseidon,condorpool,poseidon-worker-2-container-28-31,mvt,/opt/mvt/mvt,,40.0,0,0,0.0,824607.0,12288.0,506.0,3.0,39.8,0.2,20615.2,1228.8
post_vel_ID0000043,None,compute,0,1694347211.0,,,1694347216.0,1694347219.0,1694347231.0,31005393.2,1694347218.0,1694347246.0,1694347236.0,1694347239.0,3585.0,1694347246.0,1694347251.0,5.0,,2.0,28.0,5.0,12.0,177143937.0,3.0,11050.0,poseidon,condorpool,poseidon-worker-2-container-8-11,post_vel,/opt/netcdf2png/merged_netcdf2png,,0.1,0,0,,,,,,,,,
mvt_ID0000044,None,compute,0,1694347211.0,,,1694347216.0,1694347220.0,1694347231.0,34134604.6,1694347219.0,1694347286.0,1694347276.0,1694347280.0,9056.0,1694347286.0,1694347291.0,5.0,,3.0,67.0,5.0,11.0,177143652.0,4.0,28113.0,poseidon,condorpool,poseidon-worker-1-container-0-3,mvt,/opt/mvt/mvt,,39.6,0,0,0.0,791816.0,12288.0,428.0,3.0,29.9,0.1,26393.9,1228.8
post_vel_ID0000018,None,compute,0,1694347211.0,,,1694347216.0,1694347219.0,1694347230.0,35035274.8,1694347218.0,1694347246.0,1694347236.0,1694347239.0,3798.0,1694347246.0,1694347251.0,5.0,,2.0,28.0,5.0,11.0,177143937.0,3.0,11645.0,poseidon,condorpool,poseidon-worker-1-container-40-43,post_vel,/opt/netcdf2png/merged_netcdf2png,,0.1,0,0,,,,,,,,,
post_vel_ID0000118,None,compute,0,1694347211.0,,,1694347216.0,1694347219.0,1694347231.0,28360689.7,1694347217.0,1694347246.0,1694347237.0,1694347240.0,4656.0,1694347246.0,1694347251.0,5.0,,1.0,29.0,5.0,12.0,177143937.0,3.0,14402.0,poseidon,condorpool,poseidon-worker-2-container-40-43,post_vel,/opt/netcdf2png/merged_netcdf2png,,0.1,0,0,,,,,,,,,
mvt_ID0000054,None,compute,0,1694347216.0,,,1694347221.0,1694347224.0,1694347235.0,35088321.4,1694347222.0,1694347291.0,1694347280.0,1694347284.0,9272.0,1694347291.0,1694347296.0,5.0,,1.0,69.0,5.0,11.0,177143652.0,4.0,28552.0,poseidon,condorpool,poseidon-worker-1-container-20-23,mvt,/opt/mvt/mvt,,40.2,0,0,0.0,795627.0,12288.0,443.0,3.0,39.9,0.1,19890.7,1228.8
post_vel_ID0000078,None,compute,0,1694347216.0,,,1694347221.0,1694347224.0,1694347235.0,27658540.4,1694347222.0,1694347251.0,1694347241.0,1694347244.0,3901.0,1694347251.0,1694347256.0,5.0,,1.0,29.0,5.0,11.0,177143937.0,3.0,12264.0,poseidon,condorpool,poseidon-worker-1-container-16-19,post_vel,/opt/netcdf2png/merged_netcdf2png,,0.1,0,0,,,,,,,,,
post_vel_ID0000098,None,compute,0,1694347216.0,,,1694347221.0,1694347224.0,1694347236.0,28623091.6,1694347222.0,1694347251.0,1694347241.0,1694347244.0,4294.0,1694347251.0,1694347256.0,5.0,,1.0,29.0,5.0,12.0,177143937.0,3.0,13355.0,poseidon,condorpool,poseidon-worker-2-container-36-39,post_vel,/opt/netcdf2png/merged_netcdf2png,,0.1,0,0,,,,,,,,,
mvt_ID0000079,None,compute,0,1694347216.0,,,1694347221.0,1694347224.0,1694347235.0,33964025.8,1694347222.0,1694347291.0,1694347281.0,1694347284.0,14623.0,1694347291.0,1694347296.0,5.0,,1.0,69.0,5.0,11.0,177143652.0,3.0,45337.0,poseidon,condorpool,poseidon-worker-1-container-44-47,mvt,/opt/mvt/mvt,,40.3,0,0,0.0,836959.0,24576.0,533.0,6.0,39.7,0.2,20924.0,1228.8
post_vel_ID0000053,None,compute,0,1694347216.0,,,1694347221.0,1694347224.0,1694347235.0,35102692.8,1694347222.0,1694347251.0,1694347240.0,1694347243.0,3555.0,1694347251.0,1694347256.0,5.0,,1.0,29.0,5.0,11.0,177143937.0,3.0,11004.0,poseidon,condorpool,poseidon-worker-2-container-20-23,post_vel,/opt/netcdf2png/merged_netcdf2png,,0.2,0,0,,,,,,,,,
mvt_ID0000099,None,compute,0,1694347216.0,,,1694347221.0,1694347224.0,1694347235.0,35065496.2,1694347222.0,1694347291.0,1694347280.0,1694347283.0,16384.0,1694347291.0,1694347296.0,5.0,,1.0,69.0,5.0,11.0,177143652.0,3.0,50118.0,poseidon,condorpool,poseidon-worker-1-container-12-15,mvt,/opt/mvt/mvt,,39.7,0,0,0.0,789140.0,28672.0,422.0,7.0,29.9,0.1,26304.7,1433.6
mvt_ID0000004,None,compute,0,1694347216.0,,,1694347221.0,1694347224.0,1694347235.0,27508450.0,1694347222.0,1694347291.0,1694347280.0,1694347283.0,9270.0,1694347291.0,1694347296.0,5.0,,1.0,69.0,5.0,11.0,177143652.0,3.0,28781.0,poseidon,condorpool,poseidon-worker-1-container-28-31,mvt,/opt/mvt/mvt,,39.7,0,0,0.0,797338.0,16384.0,440.0,4.0,29.9,0.1,26577.9,819.2
post_vel_ID0000003,None,compute,0,1694347216.0,,,1694347221.0,1694347224.0,1694347235.0,35210789.2,1694347222.0,1694347251.0,1694347240.0,1694347243.0,3502.0,1694347251.0,1694347256.0,5.0,,1.0,29.0,5.0,11.0,177143937.0,3.0,10865.0,poseidon,condorpool,poseidon-worker-1-container-24-27,post_vel,/opt/netcdf2png/merged_netcdf2png,,0.1,0,0,,,,,,,,,
mvt_ID0000039,None,compute,0,1694347221.0,,,1694347226.0,1694347244.0,1694347261.0,15818559.5,1694347242.0,1694347316.0,1694347306.0,1694347309.0,11186.0,1694347316.0,1694347321.0,5.0,,16.0,74.0,5.0,17.0,177143652.0,3.0,34386.0,poseidon,condorpool,poseidon-worker-1-container-20-23,mvt,/opt/mvt/mvt,,39.7,0,0,0.0,819386.0,16384.0,488.0,4.0,29.9,0.1,27312.9,819.2
post_vel_ID0000038,None,compute,0,1694347221.0,,,1694347226.0,1694347244.0,1694347255.0,33608684.2,1694347242.0,1694347271.0,1694347260.0,1694347263.0,3628.0,1694347271.0,1694347276.0,5.0,,16.0,29.0,5.0,11.0,177143937.0,3.0,11227.0,poseidon,condorpool,poseidon-worker-1-container-16-19,post_vel,/opt/netcdf2png/merged_netcdf2png,,0.1,0,0,,,,,,,,,
mvt_ID0000009,None,compute,0,1694347221.0,,,1694347226.0,1694347240.0,1694347251.0,28931840.2,1694347238.0,1694347306.0,1694347297.0,1694347300.0,11330.0,1694347306.0,1694347311.0,5.0,,12.0,68.0,5.0,11.0,177143652.0,3.0,35429.0,poseidon,condorpool,poseidon-worker-1-container-44-47,mvt,/opt/mvt/mvt,,39.9,0,0,0.0,885096.0,20480.0,638.0,5.0,39.6,0.1,22127.4,1024.0
post_vel_ID0000008,None,compute,0,1694347221.0,,,1694347226.0,1694347229.0,1694347240.0,34875638.2,1694347228.0,1694347256.0,1694347246.0,1694347249.0,3581.0,1694347256.0,1694347261.0,5.0,,2.0,28.0,5.0,11.0,177143937.0,3.0,10982.0,poseidon,condorpool,poseidon-worker-2-container-12-15,post_vel,/opt/netcdf2png/merged_netcdf2png,,0.1,0,0,,,,,,,,,
mvt_ID0000109,None,compute,0,1694347221.0,,,1694347226.0,1694347243.0,1694347254.0,35001414.0,1694347241.0,1694347311.0,1694347299.0,1694347302.0,19111.0,1694347311.0,1694347316.0,5.0,,15.0,70.0,5.0,11.0,177143652.0,3.0,59954.0,poseidon,condorpool,poseidon-worker-2-container-28-31,mvt,/opt/mvt/mvt,,40.0,0,0,0.0,851043.0,32768.0,557.0,8.0,29.9,0.1,28368.1,1638.4
post_vel_ID0000048,None,compute,0,1694347221.0,,,1694347226.0,1694347241.0,1694347252.0,35040260.2,1694347239.0,1694347271.0,1694347258.0,1694347261.0,3324.0,1694347271.0,1694347276.0,5.0,,13.0,32.0,5.0,11.0,177143937.0,3.0,10371.0,poseidon,condorpool,poseidon-worker-1-container-8-11,post_vel,/opt/netcdf2png/merged_netcdf2png,,0.1,0,0,,,,,,,,,
mvt_ID0000049,None,compute,0,1694347221.0,,,1694347226.0,1694347241.0,1694347252.0,29750083.0,1694347239.0,1694347306.0,1694347297.0,1694347300.0,7817.0,1694347306.0,1694347311.0,5.0,,13.0,67.0,5.0,11.0,177143652.0,3.0,24108.0,poseidon,condorpool,poseidon-worker-1-container-36-39,mvt,/opt/mvt/mvt,,39.8,0,0,0.0,818063.0,12288.0,485.0,3.0,29.9,0.0,27268.8,1228.8
post_vel_ID0000103,None,compute,0,1694347221.0,,,1694347226.0,1694347243.0,1694347254.0,34350347.4,1694347241.0,1694347271.0,1694347260.0,1694347263.0,4457.0,1694347271.0,1694347276.0,5.0,,15.0,30.0,5.0,11.0,177143937.0,3.0,13815.0,poseidon,condorpool,poseidon-worker-2-container-40-43,post_vel,/opt/netcdf2png/merged_netcdf2png,,0.1,0,0,,,,,,,,,
mvt_ID0000104,None,compute,0,1694347221.0,,,1694347226.0,1694347243.0,1694347254.0,33295586.8,1694347241.0,1694347311.0,1694347299.0,1694347302.0,18670.0,1694347311.0,1694347316.0,5.0,,15.0,70.0,5.0,11.0,177143652.0,3.0,59590.0,poseidon,condorpool,poseidon-worker-1-container-28-31,mvt,/opt/mvt/mvt,,39.8,0,0,0.0,822135.0,32768.0,494.0,8.0,29.9,0.1,27404.5,3276.8
post_vel_ID0000028,None,compute,0,1694347221.0,,,1694347226.0,1694347243.0,1694347254.0,29629586.0,1694347241.0,1694347271.0,1694347260.0,1694347263.0,3732.0,1694347271.0,1694347276.0,5.0,,15.0,30.0,5.0,11.0,177143937.0,3.0,11529.0,poseidon,condorpool,poseidon-worker-1-container-40-43,post_vel,/opt/netcdf2png/merged_netcdf2png,,0.1,0,0,,,,,,,,,
mvt_ID0000029,None,compute,0,1694347221.0,,,1694347226.0,1694347243.0,1694347254.0,29653670.0,1694347241.0,1694347311.0,1694347299.0,1694347302.0,12220.0,1694347311.0,1694347316.0,5.0,,15.0,70.0,5.0,11.0,177143652.0,3.0,38341.0,poseidon,condorpool,poseidon-worker-1-container-24-27,mvt,/opt/mvt/mvt,,39.9,0,0,0.0,791978.0,20480.0,428.0,5.0,29.9,0.1,26399.3,1024.0
post_vel_ID0000083,None,compute,0,1694347221.0,,,1694347226.0,1694347243.0,1694347254.0,33726184.2,1694347241.0,1694347271.0,1694347259.0,1694347262.0,4121.0,1694347271.0,1694347276.0,5.0,,15.0,30.0,5.0,11.0,177143937.0,3.0,12720.0,poseidon,condorpool,poseidon-worker-2-container-36-39,post_vel,/opt/netcdf2png/merged_netcdf2png,,0.1,0,0,,,,,,,,,
mvt_ID0000084,None,compute,0,1694347221.0,,,1694347226.0,1694347244.0,1694347255.0,33483372.4,1694347242.0,1694347311.0,1694347300.0,1694347304.0,15638.0,1694347311.0,1694347316.0,5.0,,16.0,69.0,5.0,11.0,177143652.0,4.0,47998.0,poseidon,condorpool,poseidon-worker-2-container-44-47,mvt,/opt/mvt/mvt,,40.0,0,0,0.0,819384.0,24576.0,488.0,6.0,29.9,0.1,27312.8,1228.8
post_vel_ID0000063,None,compute,0,1694347221.0,,,1694347226.0,1694347243.0,1694347254.0,32750199.6,1694347241.0,1694347271.0,1694347259.0,1694347262.0,3803.0,1694347271.0,1694347276.0,5.0,,15.0,30.0,5.0,11.0,177143937.0,3.0,11628.0,poseidon,condorpool,poseidon-worker-1-container-8-11,post_vel,/opt/netcdf2png/merged_netcdf2png,,0.1,0,0,,,,,,,,,
post_vel_ID0000108,None,compute,0,1694347221.0,,,1694347226.0,1694347243.0,1694347255.0,25808591.7,1694347241.0,1694347271.0,1694347261.0,1694347265.0,4189.0,1694347271.0,1694347276.0,5.0,,15.0,30.0,5.0,12.0,177143937.0,4.0,13907.0,poseidon,condorpool,poseidon-worker-1-container-44-47,post_vel,/opt/netcdf2png/merged_netcdf2png,,0.1,0,0,,,,,,,,,
mvt_ID0000064,None,compute,0,1694347221.0,,,1694347226.0,1694347243.0,1694347258.0,21215317.0,1694347241.0,1694347316.0,1694347303.0,1694347306.0,10146.0,1694347316.0,1694347321.0,5.0,,15.0,75.0,5.0,15.0,177143652.0,3.0,31148.0,poseidon,condorpool,poseidon-worker-2-container-32-35,mvt,/opt/mvt/mvt,,39.8,0,0,0.0,820753.0,16384.0,491.0,4.0,29.9,0.1,27358.4,819.2
post_vel_ID0000093,None,compute,0,1694347221.0,,,1694347226.0,1694347243.0,1694347255.0,27743925.7,1694347241.0,1694347271.0,1694347261.0,1694347264.0,4280.0,1694347271.0,1694347276.0,5.0,,15.0,30.0,5.0,12.0,177143937.0,3.0,13303.0,poseidon,condorpool,poseidon-worker-1-container-12-15,post_vel,/opt/netcdf2png/merged_netcdf2png,,0.1,0,0,,,,,,,,,
mvt_ID0000094,None,compute,0,1694347221.0,,,1694347226.0,1694347243.0,1694347254.0,29210557.0,1694347241.0,1694347311.0,1694347298.0,1694347302.0,16767.0,1694347311.0,1694347316.0,5.0,,15.0,70.0,5.0,11.0,177143652.0,4.0,52407.0,poseidon,condorpool,poseidon-worker-1-container-4-7,mvt,/opt/mvt/mvt,,38.7,0,0,0.0,820624.0,28672.0,491.0,7.0,29.9,0.1,27354.1,1433.6
post_vel_ID0000123,None,compute,0,1694347221.0,,,1694347226.0,1694347243.0,1694347256.0,25240236.7,1694347241.0,1694347271.0,1694347261.0,1694347264.0,4750.0,1694347271.0,1694347276.0,5.0,,15.0,30.0,5.0,13.0,177143937.0,3.0,14777.0,poseidon,condorpool,poseidon-worker-1-container-36-39,post_vel,/opt/netcdf2png/merged_netcdf2png,,0.1,0,0,,,,,,,,,
mvt_ID0000124,None,compute,0,1694347221.0,,,1694347226.0,1694347243.0,1694347254.0,29260321.8,1694347241.0,1694347311.0,1694347300.0,1694347304.0,22739.0,1694347311.0,1694347316.0,5.0,,15.0,70.0,5.0,11.0,177143652.0,4.0,70564.0,poseidon,condorpool,poseidon-worker-2-container-4-7,mvt,/opt/mvt/mvt,,40.7,0,0,0.0,792913.0,40960.0,437.0,10.0,39.9,0.1,19822.8,4096.0
mvt_ID0000014,None,compute,0,1694347226.0,,,1694347231.0,1694347244.0,1694347255.0,32184616.8,1694347242.0,1694347311.0,1694347300.0,1694347303.0,10272.0,1694347311.0,1694347316.0,5.0,,11.0,69.0,5.0,11.0,177143652.0,3.0,31991.0,poseidon,condorpool,poseidon-worker-2-container-16-19,mvt,/opt/mvt/mvt,,40.0,0,0,0.0,801557.0,16384.0,449.0,4.0,29.9,0.1,26718.6,819.2
mvt_ID0000024,None,compute,0,1694347226.0,,,1694347231.0,1694347244.0,1694347255.0,34808609.6,1694347243.0,1694347311.0,1694347299.0,1694347302.0,9736.0,1694347311.0,1694347316.0,5.0,,12.0,68.0,5.0,11.0,177143652.0,3.0,30705.0,poseidon,condorpool,poseidon-worker-1-container-0-3,mvt,/opt/mvt/mvt,,38.6,0,0,0.0,822006.0,16384.0,494.0,4.0,29.9,0.1,27400.2,819.2
stage_out_local_condorpool_1_1,None,transfer,0,1694347226.0,,,1694347231.0,,,0.0,1694347233.0,1694347241.0,,,0.0,1694347241.0,1694347246.0,5.0,,2.0,8.0,5.0,,,,,poseidon,local,poseidon-submit,pegasus::transfer,/mnt/poseidon-data/poseidon/pegasus-5.1.0panorama/bin/pegasus-transfer,/home/poseidon/pegasus-5.1.0panorama/bin/../bin/pegasus-kickstart  -n pegasus::transfer -N null -i - -R local  -L casa-wind-full -T 2023-09-08T07:29:05+00:00 /home/poseidon/pegasus-5.1.0panorama/bin/../bin/pegasus-transfer  --threads 2,0.9,0,0,,,,,,,,,
register_condorpool_0_1,None,auxiliary,0,1694347226.0,,,1694347231.0,,,0.0,1694347233.0,1694347236.0,,,0.0,1694347236.0,1694347241.0,5.0,,2.0,3.0,5.0,,,,,poseidon,local,poseidon-submit,pegasus::rc-client,/mnt/poseidon-data/poseidon/pegasus-5.1.0panorama/bin/pegasus-rc-client,"-n pegasus::rc-client -N null -R local  -L casa-wind-full -T 2023-09-08T07:29:05+00:00 /home/poseidon/pegasus-5.1.0panorama/bin/pegasus-rc-client --prefix pegasus.catalog.replica.output --conf /mnt/poseidon-data/poseidon/workflows/casa-wind-workflow-full/submit/poseidon/pegasus/casa-wind-full/run0141/pegasus.17427627302913015271.properties -v --meta /mnt/poseidon-data/poseidon/workflows/casa-wind-workflow-full/submit/poseidon/pegasus/casa-wind-full/run0141/00/00/unzip_ID0000001.meta,/mnt/poseidon-data/poseidon/workflows/casa-wind-workflow-full/submit/poseidon/pegasus/casa-wind-full/run0141/00/00/unzip_ID0000071.meta,/mnt/poseidon-data/poseidon/workflows/casa-wind-workflow-full/submit/poseidon/pegasus/casa-wind-full/run0141/00/00/unzip_ID0000076.meta,/mnt/poseidon-data/poseidon/workflows/casa-wind-workflow-full/submit/poseidon/pegasus/casa-wind-full/run0141/00/00/unzip_ID0000051.meta,/mnt/poseidon-data/poseidon/workflows/casa-wind-workflow-full/submit/poseidon/pegasus/casa-wind-full/run0141/00/00/unzip_ID0000026.meta,/mnt/poseidon-data/poseidon/workflows/casa-wind-workflow-full/submit/poseidon/pegasus/casa-wind-full/run0141/00/00/unzip_ID0000101.meta,/mnt/poseidon-data/poseidon/workflows/casa-wind-workflow-full/submit/poseidon/pegasus/casa-wind-full/run0141/00/00/unzip_ID0000006.meta,/mnt/poseidon-data/poseidon/workflows/casa-wind-workflow-full/submit/poseidon/pegasus/casa-wind-full/run0141/00/00/unzip_ID0000121.meta,/mnt/poseidon-data/poseidon/workflows/casa-wind-workflow-full/submit/poseidon/pegasus/casa-wind-full/run0141/00/00/unzip_ID0000111.meta,/mnt/poseidon-data/poseidon/workflows/casa-wind-workflow-full/submit/poseidon/pegasus/casa-wind-full/run0141/00/00/unzip_ID0000126.meta,/mnt/poseidon-data/poseidon/workflows/casa-wind-workflow-full/submit/poseidon/pegasus/casa-wind-full/run0141/00/00/unzip_ID0000046.meta,/mnt/poseidon-data/poseidon/workflows/casa-wind-workflow-full/submit/poseidon/pegasus/casa-wind-full/run0141/00/00/unzip_ID0000081.meta,/mnt/poseidon-data/poseidon/workflows/casa-wind-workflow-full/submit/poseidon/pegasus/casa-wind-full/run0141/00/00/unzip_ID0000096.meta,/mnt/poseidon-data/poseidon/workflows/casa-wind-workflow-full/submit/poseidon/pegasus/casa-wind-full/run0141/00/00/unzip_ID0000016.meta,/mnt/poseidon-data/poseidon/workflows/casa-wind-workflow-full/submit/poseidon/pegasus/casa-wind-full/run0141/00/00/unzip_ID0000041.meta,/mnt/poseidon-data/poseidon/workflows/casa-wind-workflow-full/submit/poseidon/pegasus/casa-wind-full/run0141/00/00/unzip_ID0000116.meta,/mnt/poseidon-data/poseidon/workflows/casa-wind-workflow-full/submit/poseidon/pegasus/casa-wind-full/run0141/00/00/unzip_ID0000036.meta,/mnt/poseidon-data/poseidon/workflows/casa-wind-workflow-full/submit/poseidon/pegasus/casa-wind-full/run0141/00/00/unzip_ID0000106.meta,/mnt/poseidon-data/poseidon/workflows/casa-wind-workflow-full/submit/poseidon/pegasus/casa-wind-full/run0141/00/00/unzip_ID0000031.meta,/mnt/poseidon-data/poseidon/workflows/casa-wind-workflow-full/submit/poseidon/pegasus/casa-wind-full/run0141/00/00/unzip_ID0000091.meta,/mnt/poseidon-data/poseidon/workflows/casa-wind-workflow-full/submit/poseidon/pegasus/casa-wind-full/run0141/00/00/unzip_ID0000061.meta,/mnt/poseidon-data/poseidon/workflows/casa-wind-workflow-full/submit/poseidon/pegasus/casa-wind-full/run0141/00/00/unzip_ID0000066.meta,/mnt/poseidon-data/poseidon/workflows/casa-wind-workflow-full/submit/poseidon/pegasus/casa-wind-full/run0141/00/00/unzip_ID0000056.meta,/mnt/poseidon-data/poseidon/workflows/casa-wind-workflow-full/submit/poseidon/pegasus/casa-wind-full/run0141/00/00/unzip_ID0000086.meta,/mnt/poseidon-data/poseidon/workflows/casa-wind-workflow-full/submit/poseidon/pegasus/casa-wind-full/run0141/00/00/unzip_ID0000011.meta,/mnt/poseidon-data/poseidon/workflows/casa-wind-workflow-full/submit/poseidon/pegasus/casa-wind-full/run0141/00/00/unzip_ID0000021.meta --insert /mnt/poseidon-data/poseidon/workflows/casa-wind-workflow-full/submit/poseidon/pegasus/casa-wind-full/run0141/00/00/register_condorpool_0_1.in",3.1,0,0,,,,,,,,,
register_condorpool_0_0,None,auxiliary,0,1694347226.0,,,1694347286.0,,,0.0,1694347287.0,1694347291.0,,,0.0,1694347291.0,1694347296.0,60.0,,1.0,4.0,5.0,,,,,poseidon,local,poseidon-submit,pegasus::rc-client,/mnt/poseidon-data/poseidon/pegasus-5.1.0panorama/bin/pegasus-rc-client,"-n pegasus::rc-client -N null -R local  -L casa-wind-full -T 2023-09-08T07:29:05+00:00 /home/poseidon/pegasus-5.1.0panorama/bin/pegasus-rc-client --prefix pegasus.catalog.replica.output --conf /mnt/poseidon-data/poseidon/workflows/casa-wind-workflow-full/submit/poseidon/pegasus/casa-wind-full/run0141/pegasus.17427627302913015271.properties -v --meta /mnt/poseidon-data/poseidon/workflows/casa-wind-workflow-full/submit/poseidon/pegasus/casa-wind-full/run0141/00/00/unzip_ID0000001.meta,/mnt/poseidon-data/poseidon/workflows/casa-wind-workflow-full/submit/poseidon/pegasus/casa-wind-full/run0141/00/00/unzip_ID0000071.meta,/mnt/poseidon-data/poseidon/workflows/casa-wind-workflow-full/submit/poseidon/pegasus/casa-wind-full/run0141/00/00/unzip_ID0000076.meta,/mnt/poseidon-data/poseidon/workflows/casa-wind-workflow-full/submit/poseidon/pegasus/casa-wind-full/run0141/00/00/unzip_ID0000051.meta,/mnt/poseidon-data/poseidon/workflows/casa-wind-workflow-full/submit/poseidon/pegasus/casa-wind-full/run0141/00/00/unzip_ID0000026.meta,/mnt/poseidon-data/poseidon/workflows/casa-wind-workflow-full/submit/poseidon/pegasus/casa-wind-full/run0141/00/00/unzip_ID0000101.meta,/mnt/poseidon-data/poseidon/workflows/casa-wind-workflow-full/submit/poseidon/pegasus/casa-wind-full/run0141/00/00/unzip_ID0000006.meta,/mnt/poseidon-data/poseidon/workflows/casa-wind-workflow-full/submit/poseidon/pegasus/casa-wind-full/run0141/00/00/unzip_ID0000121.meta,/mnt/poseidon-data/poseidon/workflows/casa-wind-workflow-full/submit/poseidon/pegasus/casa-wind-full/run0141/00/00/unzip_ID0000111.meta,/mnt/poseidon-data/poseidon/workflows/casa-wind-workflow-full/submit/poseidon/pegasus/casa-wind-full/run0141/00/00/unzip_ID0000126.meta,/mnt/poseidon-data/poseidon/workflows/casa-wind-workflow-full/submit/poseidon/pegasus/casa-wind-full/run0141/00/00/unzip_ID0000046.meta,/mnt/poseidon-data/poseidon/workflows/casa-wind-workflow-full/submit/poseidon/pegasus/casa-wind-full/run0141/00/00/unzip_ID0000081.meta,/mnt/poseidon-data/poseidon/workflows/casa-wind-workflow-full/submit/poseidon/pegasus/casa-wind-full/run0141/00/00/unzip_ID0000096.meta,/mnt/poseidon-data/poseidon/workflows/casa-wind-workflow-full/submit/poseidon/pegasus/casa-wind-full/run0141/00/00/unzip_ID0000016.meta,/mnt/poseidon-data/poseidon/workflows/casa-wind-workflow-full/submit/poseidon/pegasus/casa-wind-full/run0141/00/00/unzip_ID0000041.meta,/mnt/poseidon-data/poseidon/workflows/casa-wind-workflow-full/submit/poseidon/pegasus/casa-wind-full/run0141/00/00/unzip_ID0000116.meta,/mnt/poseidon-data/poseidon/workflows/casa-wind-workflow-full/submit/poseidon/pegasus/casa-wind-full/run0141/00/00/unzip_ID0000036.meta,/mnt/poseidon-data/poseidon/workflows/casa-wind-workflow-full/submit/poseidon/pegasus/casa-wind-full/run0141/00/00/unzip_ID0000106.meta,/mnt/poseidon-data/poseidon/workflows/casa-wind-workflow-full/submit/poseidon/pegasus/casa-wind-full/run0141/00/00/unzip_ID0000031.meta,/mnt/poseidon-data/poseidon/workflows/casa-wind-workflow-full/submit/poseidon/pegasus/casa-wind-full/run0141/00/00/unzip_ID0000091.meta,/mnt/poseidon-data/poseidon/workflows/casa-wind-workflow-full/submit/poseidon/pegasus/casa-wind-full/run0141/00/00/unzip_ID0000061.meta,/mnt/poseidon-data/poseidon/workflows/casa-wind-workflow-full/submit/poseidon/pegasus/casa-wind-full/run0141/00/00/unzip_ID0000066.meta,/mnt/poseidon-data/poseidon/workflows/casa-wind-workflow-full/submit/poseidon/pegasus/casa-wind-full/run0141/00/00/unzip_ID0000056.meta,/mnt/poseidon-data/poseidon/workflows/casa-wind-workflow-full/submit/poseidon/pegasus/casa-wind-full/run0141/00/00/unzip_ID0000086.meta,/mnt/poseidon-data/poseidon/workflows/casa-wind-workflow-full/submit/poseidon/pegasus/casa-wind-full/run0141/00/00/unzip_ID0000011.meta,/mnt/poseidon-data/poseidon/workflows/casa-wind-workflow-full/submit/poseidon/pegasus/casa-wind-full/run0141/00/00/unzip_ID0000021.meta --insert /mnt/poseidon-data/poseidon/workflows/casa-wind-workflow-full/submit/poseidon/pegasus/casa-wind-full/run0141/00/00/register_condorpool_0_0.in",3.1,0,0,,,,,,,,,
post_vel_ID0000023,None,compute,0,1694347226.0,,,1694347231.0,1694347243.0,1694347255.0,28626353.0,1694347241.0,1694347271.0,1694347261.0,1694347264.0,3682.0,1694347271.0,1694347276.0,5.0,,10.0,30.0,5.0,12.0,177143937.0,3.0,11372.0,poseidon,condorpool,poseidon-worker-2-container-20-23,post_vel,/opt/netcdf2png/merged_netcdf2png,,0.1,0,0,,,,,,,,,
register_condorpool_0_2,None,auxiliary,0,1694347226.0,,,1694347241.0,,,0.0,1694347245.0,1694347251.0,,,0.0,1694347251.0,1694347256.0,15.0,,4.0,6.0,5.0,,,,,poseidon,local,poseidon-submit,pegasus::rc-client,/mnt/poseidon-data/poseidon/pegasus-5.1.0panorama/bin/pegasus-rc-client,"-n pegasus::rc-client -N null -R local  -L casa-wind-full -T 2023-09-08T07:29:05+00:00 /home/poseidon/pegasus-5.1.0panorama/bin/pegasus-rc-client --prefix pegasus.catalog.replica.output --conf /mnt/poseidon-data/poseidon/workflows/casa-wind-workflow-full/submit/poseidon/pegasus/casa-wind-full/run0141/pegasus.17427627302913015271.properties -v --meta /mnt/poseidon-data/poseidon/workflows/casa-wind-workflow-full/submit/poseidon/pegasus/casa-wind-full/run0141/00/00/unzip_ID0000001.meta,/mnt/poseidon-data/poseidon/workflows/casa-wind-workflow-full/submit/poseidon/pegasus/casa-wind-full/run0141/00/00/unzip_ID0000071.meta,/mnt/poseidon-data/poseidon/workflows/casa-wind-workflow-full/submit/poseidon/pegasus/casa-wind-full/run0141/00/00/unzip_ID0000076.meta,/mnt/poseidon-data/poseidon/workflows/casa-wind-workflow-full/submit/poseidon/pegasus/casa-wind-full/run0141/00/00/unzip_ID0000051.meta,/mnt/poseidon-data/poseidon/workflows/casa-wind-workflow-full/submit/poseidon/pegasus/casa-wind-full/run0141/00/00/unzip_ID0000026.meta,/mnt/poseidon-data/poseidon/workflows/casa-wind-workflow-full/submit/poseidon/pegasus/casa-wind-full/run0141/00/00/unzip_ID0000101.meta,/mnt/poseidon-data/poseidon/workflows/casa-wind-workflow-full/submit/poseidon/pegasus/casa-wind-full/run0141/00/00/unzip_ID0000006.meta,/mnt/poseidon-data/poseidon/workflows/casa-wind-workflow-full/submit/poseidon/pegasus/casa-wind-full/run0141/00/00/unzip_ID0000121.meta,/mnt/poseidon-data/poseidon/workflows/casa-wind-workflow-full/submit/poseidon/pegasus/casa-wind-full/run0141/00/00/unzip_ID0000111.meta,/mnt/poseidon-data/poseidon/workflows/casa-wind-workflow-full/submit/poseidon/pegasus/casa-wind-full/run0141/00/00/unzip_ID0000126.meta,/mnt/poseidon-data/poseidon/workflows/casa-wind-workflow-full/submit/poseidon/pegasus/casa-wind-full/run0141/00/00/unzip_ID0000046.meta,/mnt/poseidon-data/poseidon/workflows/casa-wind-workflow-full/submit/poseidon/pegasus/casa-wind-full/run0141/00/00/unzip_ID0000081.meta,/mnt/poseidon-data/poseidon/workflows/casa-wind-workflow-full/submit/poseidon/pegasus/casa-wind-full/run0141/00/00/unzip_ID0000096.meta,/mnt/poseidon-data/poseidon/workflows/casa-wind-workflow-full/submit/poseidon/pegasus/casa-wind-full/run0141/00/00/unzip_ID0000016.meta,/mnt/poseidon-data/poseidon/workflows/casa-wind-workflow-full/submit/poseidon/pegasus/casa-wind-full/run0141/00/00/unzip_ID0000041.meta,/mnt/poseidon-data/poseidon/workflows/casa-wind-workflow-full/submit/poseidon/pegasus/casa-wind-full/run0141/00/00/unzip_ID0000116.meta,/mnt/poseidon-data/poseidon/workflows/casa-wind-workflow-full/submit/poseidon/pegasus/casa-wind-full/run0141/00/00/unzip_ID0000036.meta,/mnt/poseidon-data/poseidon/workflows/casa-wind-workflow-full/submit/poseidon/pegasus/casa-wind-full/run0141/00/00/unzip_ID0000106.meta,/mnt/poseidon-data/poseidon/workflows/casa-wind-workflow-full/submit/poseidon/pegasus/casa-wind-full/run0141/00/00/unzip_ID0000031.meta,/mnt/poseidon-data/poseidon/workflows/casa-wind-workflow-full/submit/poseidon/pegasus/casa-wind-full/run0141/00/00/unzip_ID0000091.meta,/mnt/poseidon-data/poseidon/workflows/casa-wind-workflow-full/submit/poseidon/pegasus/casa-wind-full/run0141/00/00/unzip_ID0000061.meta,/mnt/poseidon-data/poseidon/workflows/casa-wind-workflow-full/submit/poseidon/pegasus/casa-wind-full/run0141/00/00/unzip_ID0000066.meta,/mnt/poseidon-data/poseidon/workflows/casa-wind-workflow-full/submit/poseidon/pegasus/casa-wind-full/run0141/00/00/unzip_ID0000056.meta,/mnt/poseidon-data/poseidon/workflows/casa-wind-workflow-full/submit/poseidon/pegasus/casa-wind-full/run0141/00/00/unzip_ID0000086.meta,/mnt/poseidon-data/poseidon/workflows/casa-wind-workflow-full/submit/poseidon/pegasus/casa-wind-full/run0141/00/00/unzip_ID0000011.meta,/mnt/poseidon-data/poseidon/workflows/casa-wind-workflow-full/submit/poseidon/pegasus/casa-wind-full/run0141/00/00/unzip_ID0000021.meta --insert /mnt/poseidon-data/poseidon/workflows/casa-wind-workflow-full/submit/poseidon/pegasus/casa-wind-full/run0141/00/00/register_condorpool_0_2.in",3.1,0,0,,,,,,,,,
mvt_ID0000074,None,compute,0,1694347226.0,,,1694347231.0,1694347243.0,1694347254.0,34489176.0,1694347241.0,1694347311.0,1694347298.0,1694347301.0,12474.0,1694347311.0,1694347316.0,5.0,,10.0,70.0,5.0,11.0,177143652.0,3.0,38855.0,poseidon,condorpool,poseidon-worker-2-container-8-11,mvt,/opt/mvt/mvt,,39.0,0,0,0.0,800119.0,20480.0,446.0,5.0,29.9,0.1,26670.6,1024.0
stage_out_local_condorpool_1_0,None,transfer,0,1694347226.0,,,1694347231.0,,,0.0,1694347233.0,1694347241.0,,,0.0,1694347241.0,1694347246.0,5.0,,2.0,8.0,5.0,,,,,poseidon,local,poseidon-submit,pegasus::transfer,/mnt/poseidon-data/poseidon/pegasus-5.1.0panorama/bin/pegasus-transfer,/home/poseidon/pegasus-5.1.0panorama/bin/../bin/pegasus-kickstart  -n pegasus::transfer -N null -i - -R local  -L casa-wind-full -T 2023-09-08T07:29:05+00:00 /home/poseidon/pegasus-5.1.0panorama/bin/../bin/pegasus-transfer  --threads 2,1.0,0,0,,,,,,,,,
post_vel_ID0000013,None,compute,0,1694347226.0,,,1694347231.0,1694347244.0,1694347255.0,29912174.5,1694347242.0,1694347271.0,1694347261.0,1694347264.0,3585.0,1694347271.0,1694347276.0,5.0,,11.0,29.0,5.0,11.0,177143937.0,3.0,11040.0,poseidon,condorpool,poseidon-worker-2-container-24-27,post_vel,/opt/netcdf2png/merged_netcdf2png,,0.1,0,0,,,,,,,,,
post_vel_ID0000073,None,compute,0,1694347226.0,,,1694347231.0,1694347243.0,1694347255.0,27974777.3,1694347241.0,1694347271.0,1694347260.0,1694347264.0,3791.0,1694347271.0,1694347276.0,5.0,,10.0,30.0,5.0,12.0,177143937.0,4.0,11825.0,poseidon,condorpool,poseidon-worker-2-container-12-15,post_vel,/opt/netcdf2png/merged_netcdf2png,,0.1,0,0,,,,,,,,,
stage_out_local_condorpool_1_2,None,transfer,0,1694347246.0,,,1694347251.0,,,0.0,1694347252.0,1694347256.0,,,0.0,1694347256.0,1694347261.0,5.0,,1.0,4.0,5.0,,,,,poseidon,local,poseidon-submit,pegasus::transfer,/mnt/poseidon-data/poseidon/pegasus-5.1.0panorama/bin/pegasus-transfer,/home/poseidon/pegasus-5.1.0panorama/bin/../bin/pegasus-kickstart  -n pegasus::transfer -N null -i - -R local  -L casa-wind-full -T 2023-09-08T07:29:05+00:00 /home/poseidon/pegasus-5.1.0panorama/bin/../bin/pegasus-transfer  --threads 2,0.9,0,0,,,,,,,,,
register_condorpool_1_0,None,auxiliary,0,1694347246.0,,,1694347256.0,,,0.0,1694347257.0,1694347261.0,,,0.0,1694347261.0,1694347266.0,10.0,,1.0,4.0,5.0,,,,,poseidon,local,poseidon-submit,pegasus::rc-client,/mnt/poseidon-data/poseidon/pegasus-5.1.0panorama/bin/pegasus-rc-client,"-n pegasus::rc-client -N null -R local  -L casa-wind-full -T 2023-09-08T07:29:05+00:00 /home/poseidon/pegasus-5.1.0panorama/bin/pegasus-rc-client --prefix pegasus.catalog.replica.output --conf /mnt/poseidon-data/poseidon/workflows/casa-wind-workflow-full/submit/poseidon/pegasus/casa-wind-full/run0141/pegasus.17427627302913015271.properties -v --meta /mnt/poseidon-data/poseidon/workflows/casa-wind-workflow-full/submit/poseidon/pegasus/casa-wind-full/run0141/00/00/um_vel_ID0000022.meta,/mnt/poseidon-data/poseidon/workflows/casa-wind-workflow-full/submit/poseidon/pegasus/casa-wind-full/run0141/00/00/um_vel_ID0000027.meta,/mnt/poseidon-data/poseidon/workflows/casa-wind-workflow-full/submit/poseidon/pegasus/casa-wind-full/run0141/00/01/um_vel_ID0000057.meta,/mnt/poseidon-data/poseidon/workflows/casa-wind-workflow-full/submit/poseidon/pegasus/casa-wind-full/run0141/00/00/um_vel_ID0000122.meta,/mnt/poseidon-data/poseidon/workflows/casa-wind-workflow-full/submit/poseidon/pegasus/casa-wind-full/run0141/00/00/um_vel_ID0000127.meta,/mnt/poseidon-data/poseidon/workflows/casa-wind-workflow-full/submit/poseidon/pegasus/casa-wind-full/run0141/00/00/um_vel_ID0000092.meta,/mnt/poseidon-data/poseidon/workflows/casa-wind-workflow-full/submit/poseidon/pegasus/casa-wind-full/run0141/00/01/um_vel_ID0000067.meta,/mnt/poseidon-data/poseidon/workflows/casa-wind-workflow-full/submit/poseidon/pegasus/casa-wind-full/run0141/00/01/um_vel_ID0000077.meta,/mnt/poseidon-data/poseidon/workflows/casa-wind-workflow-full/submit/poseidon/pegasus/casa-wind-full/run0141/00/01/um_vel_ID0000042.meta --insert /mnt/poseidon-data/poseidon/workflows/casa-wind-workflow-full/submit/poseidon/pegasus/casa-wind-full/run0141/00/01/register_condorpool_1_0.in",2.7,0,0,,,,,,,,,
register_condorpool_1_1,None,auxiliary,0,1694347246.0,,,1694347266.0,,,0.0,1694347266.0,1694347271.0,,,0.0,1694347271.0,1694347276.0,20.0,,0.0,5.0,5.0,,,,,poseidon,local,poseidon-submit,pegasus::rc-client,/mnt/poseidon-data/poseidon/pegasus-5.1.0panorama/bin/pegasus-rc-client,"-n pegasus::rc-client -N null -R local  -L casa-wind-full -T 2023-09-08T07:29:05+00:00 /home/poseidon/pegasus-5.1.0panorama/bin/pegasus-rc-client --prefix pegasus.catalog.replica.output --conf /mnt/poseidon-data/poseidon/workflows/casa-wind-workflow-full/submit/poseidon/pegasus/casa-wind-full/run0141/pegasus.17427627302913015271.properties -v --meta /mnt/poseidon-data/poseidon/workflows/casa-wind-workflow-full/submit/poseidon/pegasus/casa-wind-full/run0141/00/00/um_vel_ID0000097.meta,/mnt/poseidon-data/poseidon/workflows/casa-wind-workflow-full/submit/poseidon/pegasus/casa-wind-full/run0141/00/01/um_vel_ID0000047.meta,/mnt/poseidon-data/poseidon/workflows/casa-wind-workflow-full/submit/poseidon/pegasus/casa-wind-full/run0141/00/00/um_vel_ID0000087.meta,/mnt/poseidon-data/poseidon/workflows/casa-wind-workflow-full/submit/poseidon/pegasus/casa-wind-full/run0141/00/01/um_vel_ID0000007.meta,/mnt/poseidon-data/poseidon/workflows/casa-wind-workflow-full/submit/poseidon/pegasus/casa-wind-full/run0141/00/00/um_vel_ID0000082.meta,/mnt/poseidon-data/poseidon/workflows/casa-wind-workflow-full/submit/poseidon/pegasus/casa-wind-full/run0141/00/01/um_vel_ID0000072.meta,/mnt/poseidon-data/poseidon/workflows/casa-wind-workflow-full/submit/poseidon/pegasus/casa-wind-full/run0141/00/01/um_vel_ID0000102.meta,/mnt/poseidon-data/poseidon/workflows/casa-wind-workflow-full/submit/poseidon/pegasus/casa-wind-full/run0141/00/00/um_vel_ID0000017.meta,/mnt/poseidon-data/poseidon/workflows/casa-wind-workflow-full/submit/poseidon/pegasus/casa-wind-full/run0141/00/01/um_vel_ID0000037.meta --insert /mnt/poseidon-data/poseidon/workflows/casa-wind-workflow-full/submit/poseidon/pegasus/casa-wind-full/run0141/00/01/register_condorpool_1_1.in",2.6,0,0,,,,,,,,,
post_vel_ID0000113,None,compute,0,1694347246.0,,,1694347251.0,1694347254.0,1694347265.0,35141464.2,1694347252.0,1694347281.0,1694347270.0,1694347274.0,4831.0,1694347281.0,1694347286.0,5.0,,1.0,29.0,5.0,11.0,177143937.0,4.0,14745.0,poseidon,condorpool,poseidon-worker-2-container-24-27,post_vel,/opt/netcdf2png/merged_netcdf2png,,0.1,0,0,,,,,,,,,
post_vel_ID0000033,None,compute,0,1694347246.0,,,1694347251.0,1694347254.0,1694347265.0,29927857.0,1694347252.0,1694347281.0,1694347271.0,1694347274.0,3785.0,1694347281.0,1694347286.0,5.0,,1.0,29.0,5.0,11.0,177143937.0,3.0,11464.0,poseidon,condorpool,poseidon-worker-2-container-16-19,post_vel,/opt/netcdf2png/merged_netcdf2png,,0.1,0,0,,,,,,,,,
mvt_ID0000114,None,compute,0,1694347246.0,,,1694347251.0,1694347254.0,1694347265.0,35258717.6,1694347252.0,1694347321.0,1694347309.0,1694347312.0,23642.0,1694347321.0,1694347326.0,5.0,,1.0,69.0,5.0,11.0,177143652.0,3.0,73234.0,poseidon,condorpool,poseidon-worker-2-container-8-11,mvt,/opt/mvt/mvt,,38.7,0,0,0.0,820762.0,40960.0,491.0,10.0,29.9,0.1,27358.7,4096.0
mvt_ID0000034,None,compute,0,1694347246.0,,,1694347251.0,1694347254.0,1694347265.0,34765755.2,1694347252.0,1694347321.0,1694347310.0,1694347313.0,10026.0,1694347321.0,1694347326.0,5.0,,1.0,69.0,5.0,11.0,177143652.0,3.0,30976.0,poseidon,condorpool,poseidon-worker-2-container-40-43,mvt,/opt/mvt/mvt,,39.6,0,0,0.0,791980.0,16384.0,428.0,4.0,29.9,0.1,26399.3,819.2
register_condorpool_1_2,None,auxiliary,0,1694347261.0,,,1694347276.0,,,0.0,1694347277.0,1694347281.0,,,0.0,1694347281.0,1694347286.0,15.0,,1.0,4.0,5.0,,,,,poseidon,local,poseidon-submit,pegasus::rc-client,/mnt/poseidon-data/poseidon/pegasus-5.1.0panorama/bin/pegasus-rc-client,"-n pegasus::rc-client -N null -R local  -L casa-wind-full -T 2023-09-08T07:29:05+00:00 /home/poseidon/pegasus-5.1.0panorama/bin/pegasus-rc-client --prefix pegasus.catalog.replica.output --conf /mnt/poseidon-data/poseidon/workflows/casa-wind-workflow-full/submit/poseidon/pegasus/casa-wind-full/run0141/pegasus.17427627302913015271.properties -v --meta /mnt/poseidon-data/poseidon/workflows/casa-wind-workflow-full/submit/poseidon/pegasus/casa-wind-full/run0141/00/01/um_vel_ID0000112.meta,/mnt/poseidon-data/poseidon/workflows/casa-wind-workflow-full/submit/poseidon/pegasus/casa-wind-full/run0141/00/01/um_vel_ID0000062.meta,/mnt/poseidon-data/poseidon/workflows/casa-wind-workflow-full/submit/poseidon/pegasus/casa-wind-full/run0141/00/00/um_vel_ID0000117.meta,/mnt/poseidon-data/poseidon/workflows/casa-wind-workflow-full/submit/poseidon/pegasus/casa-wind-full/run0141/00/00/um_vel_ID0000012.meta,/mnt/poseidon-data/poseidon/workflows/casa-wind-workflow-full/submit/poseidon/pegasus/casa-wind-full/run0141/00/01/um_vel_ID0000107.meta,/mnt/poseidon-data/poseidon/workflows/casa-wind-workflow-full/submit/poseidon/pegasus/casa-wind-full/run0141/00/00/um_vel_ID0000002.meta,/mnt/poseidon-data/poseidon/workflows/casa-wind-workflow-full/submit/poseidon/pegasus/casa-wind-full/run0141/00/01/um_vel_ID0000052.meta,/mnt/poseidon-data/poseidon/workflows/casa-wind-workflow-full/submit/poseidon/pegasus/casa-wind-full/run0141/00/00/um_vel_ID0000032.meta --insert /mnt/poseidon-data/poseidon/workflows/casa-wind-workflow-full/submit/poseidon/pegasus/casa-wind-full/run0141/00/01/register_condorpool_1_2.in",2.6,0,0,,,,,,,,,
point_alert_ID0000130,None,compute,0,1694347286.0,,,1694347291.0,1694347293.0,1694347304.0,33091398.6,1694347292.0,1694347321.0,1694347310.0,1694347313.0,7435.0,1694347321.0,1694347326.0,5.0,,1.0,29.0,5.0,11.0,176672472.0,3.0,23118.0,poseidon,condorpool,poseidon-worker-2-container-32-35,point_alert,/opt/pointAlert/pointAlert,,0.0,0,0,,,,,,,,,
point_alert_ID0000070,None,compute,0,1694347291.0,,,1694347296.0,1694347299.0,1694347311.0,28454204.8,1694347297.0,1694347326.0,1694347316.0,1694347319.0,6641.0,1694347326.0,1694347331.0,5.0,,1.0,29.0,5.0,12.0,176643292.0,3.0,20558.0,poseidon,condorpool,poseidon-worker-2-container-24-27,point_alert,/opt/pointAlert/pointAlert,,0.0,0,0,,,,,,,,,
point_alert_ID0000090,None,compute,0,1694347291.0,,,1694347296.0,1694347299.0,1694347310.0,34280267.6,1694347297.0,1694347326.0,1694347315.0,1694347318.0,6617.0,1694347326.0,1694347331.0,5.0,,1.0,29.0,5.0,11.0,176656458.0,3.0,20638.0,poseidon,condorpool,poseidon-worker-1-container-44-47,point_alert,/opt/pointAlert/pointAlert,,0.0,0,0,,,,,,,,,
point_alert_ID0000020,None,compute,0,1694347291.0,,,1694347296.0,1694347299.0,1694347310.0,29660813.5,1694347297.0,1694347326.0,1694347315.0,1694347318.0,6603.0,1694347326.0,1694347331.0,5.0,,1.0,29.0,5.0,11.0,176644228.0,3.0,20478.0,poseidon,condorpool,poseidon-worker-2-container-44-47,point_alert,/opt/pointAlert/pointAlert,,0.0,0,0,,,,,,,,,
point_alert_ID0000060,None,compute,0,1694347291.0,,,1694347296.0,1694347299.0,1694347310.0,29723864.0,1694347297.0,1694347326.0,1694347315.0,1694347318.0,6690.0,1694347326.0,1694347331.0,5.0,,1.0,29.0,5.0,11.0,176636147.0,3.0,20878.0,poseidon,condorpool,poseidon-worker-2-container-16-19,point_alert,/opt/pointAlert/pointAlert,,0.0,0,0,,,,,,,,,
point_alert_ID0000120,None,compute,0,1694347291.0,,,1694347296.0,1694347299.0,1694347310.0,29634167.5,1694347297.0,1694347326.0,1694347315.0,1694347318.0,7131.0,1694347326.0,1694347331.0,5.0,,1.0,29.0,5.0,11.0,176673508.0,3.0,21998.0,poseidon,condorpool,poseidon-worker-1-container-0-3,point_alert,/opt/pointAlert/pointAlert,,0.0,0,0,,,,,,,,,
point_alert_ID0000045,None,compute,0,1694347291.0,,,1694347296.0,1694347299.0,1694347310.0,34456651.0,1694347297.0,1694347326.0,1694347315.0,1694347318.0,6762.0,1694347326.0,1694347331.0,5.0,,1.0,29.0,5.0,11.0,176636096.0,3.0,20798.0,poseidon,condorpool,poseidon-worker-1-container-4-7,point_alert,/opt/pointAlert/pointAlert,,0.0,0,0,,,,,,,,,
point_alert_ID0000005,None,compute,0,1694347296.0,,,1694347301.0,1694347304.0,1694347315.0,28387675.0,1694347302.0,1694347331.0,1694347321.0,1694347324.0,6484.0,1694347331.0,1694347336.0,5.0,,1.0,29.0,5.0,11.0,176636764.0,3.0,20398.0,poseidon,condorpool,poseidon-worker-2-container-28-31,point_alert,/opt/pointAlert/pointAlert,,0.0,0,0,,,,,,,,,
point_alert_ID0000055,None,compute,0,1694347296.0,,,1694347301.0,1694347304.0,1694347315.0,33797341.6,1694347302.0,1694347331.0,1694347320.0,1694347323.0,6686.0,1694347331.0,1694347336.0,5.0,,1.0,29.0,5.0,11.0,176636535.0,3.0,20638.0,poseidon,condorpool,poseidon-worker-1-container-12-15,point_alert,/opt/pointAlert/pointAlert,,0.0,0,0,,,,,,,,,
stage_out_local_condorpool_2_4,None,transfer,0,1694347296.0,,,1694347301.0,,,0.0,1694347302.0,1694347311.0,,,0.0,1694347311.0,1694347316.0,5.0,,1.0,9.0,5.0,,,,,poseidon,local,poseidon-submit,pegasus::transfer,/mnt/poseidon-data/poseidon/pegasus-5.1.0panorama/bin/pegasus-transfer,/home/poseidon/pegasus-5.1.0panorama/bin/../bin/pegasus-kickstart  -n pegasus::transfer -N null -i - -R local  -L casa-wind-full -T 2023-09-08T07:29:05+00:00 /home/poseidon/pegasus-5.1.0panorama/bin/../bin/pegasus-transfer  --threads 2,0.9,0,0,,,,,,,,,
point_alert_ID0000100,None,compute,0,1694347296.0,,,1694347301.0,1694347304.0,1694347315.0,31832878.4,1694347302.0,1694347331.0,1694347320.0,1694347323.0,6674.0,1694347331.0,1694347336.0,5.0,,1.0,29.0,5.0,11.0,176658101.0,3.0,20638.0,poseidon,condorpool,poseidon-worker-1-container-20-23,point_alert,/opt/pointAlert/pointAlert,,0.0,0,0,,,,,,,,,
point_alert_ID0000080,None,compute,0,1694347296.0,,,1694347301.0,1694347304.0,1694347315.0,28385587.6,1694347302.0,1694347331.0,1694347321.0,1694347324.0,6703.0,1694347331.0,1694347336.0,5.0,,1.0,29.0,5.0,11.0,176653320.0,3.0,20718.0,poseidon,condorpool,poseidon-worker-2-container-28-31,point_alert,/opt/pointAlert/pointAlert,,0.0,0,0,,,,,,,,,
point_alert_ID0000010,None,compute,0,1694347311.0,,,1694347316.0,1694347318.0,1694347329.0,35222788.0,1694347317.0,1694347346.0,1694347335.0,1694347338.0,6581.0,1694347346.0,1694347351.0,5.0,,1.0,29.0,5.0,11.0,176643412.0,3.0,20478.0,poseidon,condorpool,poseidon-worker-2-container-4-7,point_alert,/opt/pointAlert/pointAlert,,0.0,0,0,,,,,,,,,
point_alert_ID0000050,None,compute,0,1694347311.0,,,1694347316.0,1694347318.0,1694347329.0,29630654.5,1694347317.0,1694347346.0,1694347335.0,1694347338.0,6606.0,1694347346.0,1694347351.0,5.0,,1.0,29.0,5.0,11.0,176632091.0,3.0,20878.0,poseidon,condorpool,poseidon-worker-1-container-4-7,point_alert,/opt/pointAlert/pointAlert,,0.0,0,0,,,,,,,,,
point_alert_ID0000110,None,compute,0,1694347316.0,,,1694347321.0,1694347325.0,1694347336.0,34042782.0,1694347323.0,1694347351.0,1694347341.0,1694347344.0,6686.0,1694347351.0,1694347356.0,5.0,,2.0,28.0,5.0,11.0,176667937.0,3.0,21038.0,poseidon,condorpool,poseidon-worker-2-container-16-19,point_alert,/opt/pointAlert/pointAlert,,0.0,0,0,,,,,,,,,
point_alert_ID0000105,None,compute,0,1694347316.0,,,1694347321.0,1694347324.0,1694347335.0,34775531.4,1694347322.0,1694347351.0,1694347340.0,1694347343.0,6726.0,1694347351.0,1694347356.0,5.0,,1.0,29.0,5.0,11.0,176667573.0,3.0,21278.0,poseidon,condorpool,poseidon-worker-2-container-8-11,point_alert,/opt/pointAlert/pointAlert,,0.0,0,0,,,,,,,,,
stage_out_local_condorpool_2_3,None,transfer,0,1694347316.0,,,1694347321.0,,,0.0,1694347322.0,1694347326.0,,,0.0,1694347326.0,1694347331.0,5.0,,1.0,4.0,5.0,,,,,poseidon,local,poseidon-submit,pegasus::transfer,/mnt/poseidon-data/poseidon/pegasus-5.1.0panorama/bin/pegasus-transfer,/home/poseidon/pegasus-5.1.0panorama/bin/../bin/pegasus-kickstart  -n pegasus::transfer -N null -i - -R local  -L casa-wind-full -T 2023-09-08T07:29:05+00:00 /home/poseidon/pegasus-5.1.0panorama/bin/../bin/pegasus-transfer  --threads 2,1.0,0,0,,,,,,,,,
stage_out_local_condorpool_2_1,None,transfer,0,1694347316.0,,,1694347321.0,,,0.0,1694347322.0,1694347326.0,,,0.0,1694347326.0,1694347331.0,5.0,,1.0,4.0,5.0,,,,,poseidon,local,poseidon-submit,pegasus::transfer,/mnt/poseidon-data/poseidon/pegasus-5.1.0panorama/bin/pegasus-transfer,/home/poseidon/pegasus-5.1.0panorama/bin/../bin/pegasus-kickstart  -n pegasus::transfer -N null -i - -R local  -L casa-wind-full -T 2023-09-08T07:29:05+00:00 /home/poseidon/pegasus-5.1.0panorama/bin/../bin/pegasus-transfer  --threads 2,1.0,0,0,,,,,,,,,
register_condorpool_2_4,None,auxiliary,0,1694347316.0,,,1694347321.0,,,0.0,1694347322.0,1694347326.0,,,0.0,1694347326.0,1694347331.0,5.0,,1.0,4.0,5.0,,,,,poseidon,local,poseidon-submit,pegasus::rc-client,/mnt/poseidon-data/poseidon/pegasus-5.1.0panorama/bin/pegasus-rc-client,"-n pegasus::rc-client -N null -R local  -L casa-wind-full -T 2023-09-08T07:29:05+00:00 /home/poseidon/pegasus-5.1.0panorama/bin/pegasus-rc-client --prefix pegasus.catalog.replica.output --conf /mnt/poseidon-data/poseidon/workflows/casa-wind-workflow-full/submit/poseidon/pegasus/casa-wind-full/run0141/pegasus.17427627302913015271.properties -v --meta /mnt/poseidon-data/poseidon/workflows/casa-wind-workflow-full/submit/poseidon/pegasus/casa-wind-full/run0141/00/02/post_vel_ID0000113.meta,/mnt/poseidon-data/poseidon/workflows/casa-wind-workflow-full/submit/poseidon/pegasus/casa-wind-full/run0141/00/02/mvt_ID0000054.meta,/mnt/poseidon-data/poseidon/workflows/casa-wind-workflow-full/submit/poseidon/pegasus/casa-wind-full/run0141/00/01/post_vel_ID0000013.meta,/mnt/poseidon-data/poseidon/workflows/casa-wind-workflow-full/submit/poseidon/pegasus/casa-wind-full/run0141/00/01/post_vel_ID0000063.meta,/mnt/poseidon-data/poseidon/workflows/casa-wind-workflow-full/submit/poseidon/pegasus/casa-wind-full/run0141/00/01/post_vel_ID0000033.meta,/mnt/poseidon-data/poseidon/workflows/casa-wind-workflow-full/submit/poseidon/pegasus/casa-wind-full/run0141/00/02/post_vel_ID0000108.meta,/mnt/poseidon-data/poseidon/workflows/casa-wind-workflow-full/submit/poseidon/pegasus/casa-wind-full/run0141/00/01/post_vel_ID0000003.meta,/mnt/poseidon-data/poseidon/workflows/casa-wind-workflow-full/submit/poseidon/pegasus/casa-wind-full/run0141/00/01/post_vel_ID0000118.meta --insert /mnt/poseidon-data/poseidon/workflows/casa-wind-workflow-full/submit/poseidon/pegasus/casa-wind-full/run0141/00/02/register_condorpool_2_4.in",2.8,0,0,,,,,,,,,
point_alert_ID0000030,None,compute,0,1694347316.0,,,1694347321.0,1694347324.0,1694347335.0,29509050.0,1694347322.0,1694347351.0,1694347340.0,1694347343.0,6403.0,1694347351.0,1694347356.0,5.0,,1.0,29.0,5.0,11.0,176646324.0,3.0,20158.0,poseidon,condorpool,poseidon-worker-2-container-32-35,point_alert,/opt/pointAlert/pointAlert,,0.0,0,0,,,,,,,,,
point_alert_ID0000125,None,compute,0,1694347316.0,,,1694347321.0,1694347324.0,1694347335.0,29457383.5,1694347322.0,1694347351.0,1694347340.0,1694347343.0,7300.0,1694347351.0,1694347356.0,5.0,,1.0,29.0,5.0,11.0,176678547.0,3.0,22878.0,poseidon,condorpool,poseidon-worker-2-container-32-35,point_alert,/opt/pointAlert/pointAlert,,0.0,0,0,,,,,,,,,
point_alert_ID0000015,None,compute,0,1694347316.0,,,1694347321.0,1694347324.0,1694347335.0,29584691.0,1694347323.0,1694347351.0,1694347340.0,1694347344.0,6479.0,1694347351.0,1694347356.0,5.0,,2.0,28.0,5.0,11.0,176639974.0,4.0,20558.0,poseidon,condorpool,poseidon-worker-1-container-20-23,point_alert,/opt/pointAlert/pointAlert,,0.0,0,0,,,,,,,,,
point_alert_ID0000075,None,compute,0,1694347316.0,,,1694347321.0,1694347324.0,1694347335.0,29787199.2,1694347322.0,1694347351.0,1694347341.0,1694347344.0,6511.0,1694347351.0,1694347356.0,5.0,,1.0,29.0,5.0,11.0,176646838.0,3.0,20558.0,poseidon,condorpool,poseidon-worker-2-container-40-43,point_alert,/opt/pointAlert/pointAlert,,0.0,0,0,,,,,,,,,
point_alert_ID0000095,None,compute,0,1694347316.0,,,1694347321.0,1694347324.0,1694347335.0,35218697.2,1694347322.0,1694347351.0,1694347340.0,1694347343.0,6563.0,1694347351.0,1694347356.0,5.0,,1.0,29.0,5.0,11.0,176660390.0,3.0,20718.0,poseidon,condorpool,poseidon-worker-2-container-28-31,point_alert,/opt/pointAlert/pointAlert,,0.0,0,0,,,,,,,,,
point_alert_ID0000025,None,compute,0,1694347316.0,,,1694347321.0,1694347324.0,1694347335.0,31837294.0,1694347322.0,1694347351.0,1694347340.0,1694347344.0,6359.0,1694347351.0,1694347356.0,5.0,,1.0,29.0,5.0,11.0,176638688.0,4.0,20078.0,poseidon,condorpool,poseidon-worker-1-container-36-39,point_alert,/opt/pointAlert/pointAlert,,0.0,0,0,,,,,,,,,
point_alert_ID0000085,None,compute,0,1694347316.0,,,1694347321.0,1694347324.0,1694347335.0,29742514.0,1694347322.0,1694347351.0,1694347340.0,1694347344.0,6705.0,1694347351.0,1694347356.0,5.0,,1.0,29.0,5.0,11.0,176655981.0,4.0,21118.0,poseidon,condorpool,poseidon-worker-2-container-8-11,point_alert,/opt/pointAlert/pointAlert,,0.0,0,0,,,,,,,,,
stage_out_local_condorpool_2_0,None,transfer,0,1694347316.0,,,1694347321.0,,,0.0,1694347321.0,1694347326.0,,,0.0,1694347326.0,1694347331.0,5.0,,0.0,5.0,5.0,,,,,poseidon,local,poseidon-submit,pegasus::transfer,/mnt/poseidon-data/poseidon/pegasus-5.1.0panorama/bin/pegasus-transfer,/home/poseidon/pegasus-5.1.0panorama/bin/../bin/pegasus-kickstart  -n pegasus::transfer -N null -i - -R local  -L casa-wind-full -T 2023-09-08T07:29:05+00:00 /home/poseidon/pegasus-5.1.0panorama/bin/../bin/pegasus-transfer  --threads 2,1.0,0,0,,,,,,,,,
point_alert_ID0000040,None,compute,0,1694347321.0,,,1694347326.0,1694347329.0,1694347340.0,34976068.0,1694347327.0,1694347356.0,1694347346.0,1694347349.0,6666.0,1694347356.0,1694347361.0,5.0,,1.0,29.0,5.0,11.0,176642369.0,3.0,20558.0,poseidon,condorpool,poseidon-worker-2-container-44-47,point_alert,/opt/pointAlert/pointAlert,,0.0,0,0,,,,,,,,,
stage_out_local_condorpool_2_2,None,transfer,0,1694347321.0,,,1694347326.0,,,0.0,1694347327.0,1694347336.0,,,0.0,1694347336.0,1694347341.0,5.0,,1.0,9.0,5.0,,,,,poseidon,local,poseidon-submit,pegasus::transfer,/mnt/poseidon-data/poseidon/pegasus-5.1.0panorama/bin/pegasus-transfer,/home/poseidon/pegasus-5.1.0panorama/bin/../bin/pegasus-kickstart  -n pegasus::transfer -N null -i - -R local  -L casa-wind-full -T 2023-09-08T07:29:05+00:00 /home/poseidon/pegasus-5.1.0panorama/bin/../bin/pegasus-transfer  --threads 2,0.9,0,0,,,,,,,,,
point_alert_ID0000065,None,compute,0,1694347321.0,,,1694347326.0,1694347329.0,1694347340.0,29518587.5,1694347327.0,1694347356.0,1694347346.0,1694347349.0,6538.0,1694347356.0,1694347361.0,5.0,,1.0,29.0,5.0,11.0,176639131.0,3.0,20238.0,poseidon,condorpool,poseidon-worker-2-container-16-19,point_alert,/opt/pointAlert/pointAlert,,0.0,0,0,,,,,,,,,
point_alert_ID0000035,None,compute,0,1694347326.0,,,1694347331.0,1694347333.0,1694347345.0,28445558.8,1694347332.0,1694347361.0,1694347350.0,1694347353.0,6501.0,1694347361.0,1694347366.0,5.0,,1.0,29.0,5.0,12.0,176638959.0,3.0,20078.0,poseidon,condorpool,poseidon-worker-1-container-4-7,point_alert,/opt/pointAlert/pointAlert,,0.0,0,0,,,,,,,,,
point_alert_ID0000115,None,compute,0,1694347326.0,,,1694347331.0,1694347333.0,1694347344.0,29535101.0,1694347332.0,1694347361.0,1694347349.0,1694347353.0,6967.0,1694347361.0,1694347366.0,5.0,,1.0,29.0,5.0,11.0,176681217.0,4.0,21598.0,poseidon,condorpool,poseidon-worker-2-container-24-27,point_alert,/opt/pointAlert/pointAlert,,0.0,0,0,,,,,,,,,
stage_out_local_condorpool_2_5,None,transfer,0,1694347326.0,,,1694347331.0,,,0.0,1694347332.0,1694347341.0,,,0.0,1694347341.0,1694347346.0,5.0,,1.0,9.0,5.0,,,,,poseidon,local,poseidon-submit,pegasus::transfer,/mnt/poseidon-data/poseidon/pegasus-5.1.0panorama/bin/pegasus-transfer,/home/poseidon/pegasus-5.1.0panorama/bin/../bin/pegasus-kickstart  -n pegasus::transfer -N null -i - -R local  -L casa-wind-full -T 2023-09-08T07:29:05+00:00 /home/poseidon/pegasus-5.1.0panorama/bin/../bin/pegasus-transfer  --threads 2,0.8,0,0,,,,,,,,,
register_condorpool_2_3,None,auxiliary,0,1694347331.0,,,1694347366.0,,,0.0,1694347367.0,1694347371.0,,,0.0,1694347371.0,1694347376.0,35.0,,1.0,4.0,5.0,,,,,poseidon,local,poseidon-submit,pegasus::rc-client,/mnt/poseidon-data/poseidon/pegasus-5.1.0panorama/bin/pegasus-rc-client,"-n pegasus::rc-client -N null -R local  -L casa-wind-full -T 2023-09-08T07:29:05+00:00 /home/poseidon/pegasus-5.1.0panorama/bin/pegasus-rc-client --prefix pegasus.catalog.replica.output --conf /mnt/poseidon-data/poseidon/workflows/casa-wind-workflow-full/submit/poseidon/pegasus/casa-wind-full/run0141/pegasus.17427627302913015271.properties -v --meta /mnt/poseidon-data/poseidon/workflows/casa-wind-workflow-full/submit/poseidon/pegasus/casa-wind-full/run0141/00/01/mvt_ID0000084.meta,/mnt/poseidon-data/poseidon/workflows/casa-wind-workflow-full/submit/poseidon/pegasus/casa-wind-full/run0141/00/02/post_vel_ID0000038.meta,/mnt/poseidon-data/poseidon/workflows/casa-wind-workflow-full/submit/poseidon/pegasus/casa-wind-full/run0141/00/01/mvt_ID0000009.meta,/mnt/poseidon-data/poseidon/workflows/casa-wind-workflow-full/submit/poseidon/pegasus/casa-wind-full/run0141/00/01/post_vel_ID0000098.meta,/mnt/poseidon-data/poseidon/workflows/casa-wind-workflow-full/submit/poseidon/pegasus/casa-wind-full/run0141/00/02/mvt_ID0000074.meta,/mnt/poseidon-data/poseidon/workflows/casa-wind-workflow-full/submit/poseidon/pegasus/casa-wind-full/run0141/00/02/post_vel_ID0000048.meta,/mnt/poseidon-data/poseidon/workflows/casa-wind-workflow-full/submit/poseidon/pegasus/casa-wind-full/run0141/00/01/mvt_ID0000089.meta,/mnt/poseidon-data/poseidon/workflows/casa-wind-workflow-full/submit/poseidon/pegasus/casa-wind-full/run0141/00/01/post_vel_ID0000018.meta,/mnt/poseidon-data/poseidon/workflows/casa-wind-workflow-full/submit/poseidon/pegasus/casa-wind-full/run0141/00/02/post_vel_ID0000103.meta --insert /mnt/poseidon-data/poseidon/workflows/casa-wind-workflow-full/submit/poseidon/pegasus/casa-wind-full/run0141/00/02/register_condorpool_2_3.in",2.7,0,0,,,,,,,,,
register_condorpool_2_0,None,auxiliary,0,1694347331.0,,,1694347346.0,,,0.0,1694347347.0,1694347351.0,,,0.0,1694347351.0,1694347356.0,15.0,,1.0,4.0,5.0,,,,,poseidon,local,poseidon-submit,pegasus::rc-client,/mnt/poseidon-data/poseidon/pegasus-5.1.0panorama/bin/pegasus-rc-client,"-n pegasus::rc-client -N null -R local  -L casa-wind-full -T 2023-09-08T07:29:05+00:00 /home/poseidon/pegasus-5.1.0panorama/bin/pegasus-rc-client --prefix pegasus.catalog.replica.output --conf /mnt/poseidon-data/poseidon/workflows/casa-wind-workflow-full/submit/poseidon/pegasus/casa-wind-full/run0141/pegasus.17427627302913015271.properties -v --meta /mnt/poseidon-data/poseidon/workflows/casa-wind-workflow-full/submit/poseidon/pegasus/casa-wind-full/run0141/00/02/mvt_ID0000044.meta,/mnt/poseidon-data/poseidon/workflows/casa-wind-workflow-full/submit/poseidon/pegasus/casa-wind-full/run0141/00/01/post_vel_ID0000068.meta,/mnt/poseidon-data/poseidon/workflows/casa-wind-workflow-full/submit/poseidon/pegasus/casa-wind-full/run0141/00/01/mvt_ID0000129.meta,/mnt/poseidon-data/poseidon/workflows/casa-wind-workflow-full/submit/poseidon/pegasus/casa-wind-full/run0141/00/02/post_vel_ID0000058.meta,/mnt/poseidon-data/poseidon/workflows/casa-wind-workflow-full/submit/poseidon/pegasus/casa-wind-full/run0141/00/01/mvt_ID0000029.meta,/mnt/poseidon-data/poseidon/workflows/casa-wind-workflow-full/submit/poseidon/pegasus/casa-wind-full/run0141/00/02/post_vel_ID0000078.meta,/mnt/poseidon-data/poseidon/workflows/casa-wind-workflow-full/submit/poseidon/pegasus/casa-wind-full/run0141/00/01/post_vel_ID0000123.meta,/mnt/poseidon-data/poseidon/workflows/casa-wind-workflow-full/submit/poseidon/pegasus/casa-wind-full/run0141/00/01/post_vel_ID0000023.meta,/mnt/poseidon-data/poseidon/workflows/casa-wind-workflow-full/submit/poseidon/pegasus/casa-wind-full/run0141/00/01/post_vel_ID0000093.meta --insert /mnt/poseidon-data/poseidon/workflows/casa-wind-workflow-full/submit/poseidon/pegasus/casa-wind-full/run0141/00/02/register_condorpool_2_0.in",2.8,0,0,,,,,,,,,
register_condorpool_2_1,None,auxiliary,0,1694347331.0,,,1694347336.0,,,0.0,1694347337.0,1694347341.0,,,0.0,1694347341.0,1694347346.0,5.0,,1.0,4.0,5.0,,,,,poseidon,local,poseidon-submit,pegasus::rc-client,/mnt/poseidon-data/poseidon/pegasus-5.1.0panorama/bin/pegasus-rc-client,"-n pegasus::rc-client -N null -R local  -L casa-wind-full -T 2023-09-08T07:29:05+00:00 /home/poseidon/pegasus-5.1.0panorama/bin/pegasus-rc-client --prefix pegasus.catalog.replica.output --conf /mnt/poseidon-data/poseidon/workflows/casa-wind-workflow-full/submit/poseidon/pegasus/casa-wind-full/run0141/pegasus.17427627302913015271.properties -v --meta /mnt/poseidon-data/poseidon/workflows/casa-wind-workflow-full/submit/poseidon/pegasus/casa-wind-full/run0141/00/01/mvt_ID0000124.meta,/mnt/poseidon-data/poseidon/workflows/casa-wind-workflow-full/submit/poseidon/pegasus/casa-wind-full/run0141/00/01/mvt_ID0000094.meta,/mnt/poseidon-data/poseidon/workflows/casa-wind-workflow-full/submit/poseidon/pegasus/casa-wind-full/run0141/00/02/mvt_ID0000059.meta,/mnt/poseidon-data/poseidon/workflows/casa-wind-workflow-full/submit/poseidon/pegasus/casa-wind-full/run0141/00/02/mvt_ID0000079.meta,/mnt/poseidon-data/poseidon/workflows/casa-wind-workflow-full/submit/poseidon/pegasus/casa-wind-full/run0141/00/01/mvt_ID0000024.meta,/mnt/poseidon-data/poseidon/workflows/casa-wind-workflow-full/submit/poseidon/pegasus/casa-wind-full/run0141/00/01/post_vel_ID0000028.meta,/mnt/poseidon-data/poseidon/workflows/casa-wind-workflow-full/submit/poseidon/pegasus/casa-wind-full/run0141/00/01/post_vel_ID0000128.meta,/mnt/poseidon-data/poseidon/workflows/casa-wind-workflow-full/submit/poseidon/pegasus/casa-wind-full/run0141/00/02/post_vel_ID0000043.meta,/mnt/poseidon-data/poseidon/workflows/casa-wind-workflow-full/submit/poseidon/pegasus/casa-wind-full/run0141/00/01/mvt_ID0000069.meta --insert /mnt/poseidon-data/poseidon/workflows/casa-wind-workflow-full/submit/poseidon/pegasus/casa-wind-full/run0141/00/02/register_condorpool_2_1.in",2.8,0,0,,,,,,,,,
register_condorpool_2_2,None,auxiliary,0,1694347341.0,,,1694347406.0,,,0.0,1694347406.0,1694347411.0,,,0.0,1694347411.0,1694347416.0,65.0,,0.0,5.0,5.0,,,,,poseidon,local,poseidon-submit,pegasus::rc-client,/mnt/poseidon-data/poseidon/pegasus-5.1.0panorama/bin/pegasus-rc-client,"-n pegasus::rc-client -N null -R local  -L casa-wind-full -T 2023-09-08T07:29:05+00:00 /home/poseidon/pegasus-5.1.0panorama/bin/pegasus-rc-client --prefix pegasus.catalog.replica.output --conf /mnt/poseidon-data/poseidon/workflows/casa-wind-workflow-full/submit/poseidon/pegasus/casa-wind-full/run0141/pegasus.17427627302913015271.properties -v --meta /mnt/poseidon-data/poseidon/workflows/casa-wind-workflow-full/submit/poseidon/pegasus/casa-wind-full/run0141/00/01/mvt_ID0000019.meta,/mnt/poseidon-data/poseidon/workflows/casa-wind-workflow-full/submit/poseidon/pegasus/casa-wind-full/run0141/00/01/mvt_ID0000099.meta,/mnt/poseidon-data/poseidon/workflows/casa-wind-workflow-full/submit/poseidon/pegasus/casa-wind-full/run0141/00/01/post_vel_ID0000008.meta,/mnt/poseidon-data/poseidon/workflows/casa-wind-workflow-full/submit/poseidon/pegasus/casa-wind-full/run0141/00/02/mvt_ID0000039.meta,/mnt/poseidon-data/poseidon/workflows/casa-wind-workflow-full/submit/poseidon/pegasus/casa-wind-full/run0141/00/02/mvt_ID0000049.meta,/mnt/poseidon-data/poseidon/workflows/casa-wind-workflow-full/submit/poseidon/pegasus/casa-wind-full/run0141/00/02/post_vel_ID0000073.meta,/mnt/poseidon-data/poseidon/workflows/casa-wind-workflow-full/submit/poseidon/pegasus/casa-wind-full/run0141/00/01/post_vel_ID0000088.meta,/mnt/poseidon-data/poseidon/workflows/casa-wind-workflow-full/submit/poseidon/pegasus/casa-wind-full/run0141/00/02/mvt_ID0000104.meta,/mnt/poseidon-data/poseidon/workflows/casa-wind-workflow-full/submit/poseidon/pegasus/casa-wind-full/run0141/00/01/post_vel_ID0000083.meta --insert /mnt/poseidon-data/poseidon/workflows/casa-wind-workflow-full/submit/poseidon/pegasus/casa-wind-full/run0141/00/02/register_condorpool_2_2.in",2.7,0,0,,,,,,,,,
register_condorpool_2_5,None,auxiliary,0,1694347346.0,,,1694347356.0,,,0.0,1694347356.0,1694347361.0,,,0.0,1694347361.0,1694347366.0,10.0,,0.0,5.0,5.0,,,,,poseidon,local,poseidon-submit,pegasus::rc-client,/mnt/poseidon-data/poseidon/pegasus-5.1.0panorama/bin/pegasus-rc-client,"-n pegasus::rc-client -N null -R local  -L casa-wind-full -T 2023-09-08T07:29:05+00:00 /home/poseidon/pegasus-5.1.0panorama/bin/pegasus-rc-client --prefix pegasus.catalog.replica.output --conf /mnt/poseidon-data/poseidon/workflows/casa-wind-workflow-full/submit/poseidon/pegasus/casa-wind-full/run0141/pegasus.17427627302913015271.properties -v --meta /mnt/poseidon-data/poseidon/workflows/casa-wind-workflow-full/submit/poseidon/pegasus/casa-wind-full/run0141/00/01/mvt_ID0000004.meta,/mnt/poseidon-data/poseidon/workflows/casa-wind-workflow-full/submit/poseidon/pegasus/casa-wind-full/run0141/00/02/mvt_ID0000109.meta,/mnt/poseidon-data/poseidon/workflows/casa-wind-workflow-full/submit/poseidon/pegasus/casa-wind-full/run0141/00/01/mvt_ID0000014.meta,/mnt/poseidon-data/poseidon/workflows/casa-wind-workflow-full/submit/poseidon/pegasus/casa-wind-full/run0141/00/01/mvt_ID0000064.meta,/mnt/poseidon-data/poseidon/workflows/casa-wind-workflow-full/submit/poseidon/pegasus/casa-wind-full/run0141/00/01/mvt_ID0000034.meta,/mnt/poseidon-data/poseidon/workflows/casa-wind-workflow-full/submit/poseidon/pegasus/casa-wind-full/run0141/00/01/mvt_ID0000119.meta,/mnt/poseidon-data/poseidon/workflows/casa-wind-workflow-full/submit/poseidon/pegasus/casa-wind-full/run0141/00/02/mvt_ID0000114.meta,/mnt/poseidon-data/poseidon/workflows/casa-wind-workflow-full/submit/poseidon/pegasus/casa-wind-full/run0141/00/02/post_vel_ID0000053.meta --insert /mnt/poseidon-data/poseidon/workflows/casa-wind-workflow-full/submit/poseidon/pegasus/casa-wind-full/run0141/00/02/register_condorpool_2_5.in",2.8,0,0,,,,,,,,,
stage_out_local_condorpool_3_0,None,transfer,0,1694347356.0,,,1694347361.0,,,0.0,1694347361.0,1694347366.0,,,0.0,1694347366.0,1694347371.0,5.0,,0.0,5.0,5.0,,,,,poseidon,local,poseidon-submit,pegasus::transfer,/mnt/poseidon-data/poseidon/pegasus-5.1.0panorama/bin/pegasus-transfer,/home/poseidon/pegasus-5.1.0panorama/bin/../bin/pegasus-kickstart  -n pegasus::transfer -N null -i - -R local  -L casa-wind-full -T 2023-09-08T07:29:05+00:00 /home/poseidon/pegasus-5.1.0panorama/bin/../bin/pegasus-transfer  --threads 2,0.9,0,0,,,,,,,,,
stage_out_local_condorpool_3_1,None,transfer,0,1694347361.0,,,1694347366.0,,,0.0,1694347367.0,1694347371.0,,,0.0,1694347371.0,1694347376.0,5.0,,1.0,4.0,5.0,,,,,poseidon,local,poseidon-submit,pegasus::transfer,/mnt/poseidon-data/poseidon/pegasus-5.1.0panorama/bin/pegasus-transfer,/home/poseidon/pegasus-5.1.0panorama/bin/../bin/pegasus-kickstart  -n pegasus::transfer -N null -i - -R local  -L casa-wind-full -T 2023-09-08T07:29:05+00:00 /home/poseidon/pegasus-5.1.0panorama/bin/../bin/pegasus-transfer  --threads 2,0.9,0,0,,,,,,,,,
stage_out_local_condorpool_3_2,None,transfer,0,1694347366.0,,,1694347371.0,,,0.0,1694347372.0,1694347381.0,,,0.0,1694347381.0,1694347386.0,5.0,,1.0,9.0,5.0,,,,,poseidon,local,poseidon-submit,pegasus::transfer,/mnt/poseidon-data/poseidon/pegasus-5.1.0panorama/bin/pegasus-transfer,/home/poseidon/pegasus-5.1.0panorama/bin/../bin/pegasus-kickstart  -n pegasus::transfer -N null -i - -R local  -L casa-wind-full -T 2023-09-08T07:29:05+00:00 /home/poseidon/pegasus-5.1.0panorama/bin/../bin/pegasus-transfer  --threads 2,0.8,0,0,,,,,,,,,
register_condorpool_3_0,None,auxiliary,0,1694347371.0,,,1694347376.0,,,0.0,1694347377.0,1694347381.0,,,0.0,1694347381.0,1694347386.0,5.0,,1.0,4.0,5.0,,,,,poseidon,local,poseidon-submit,pegasus::rc-client,/mnt/poseidon-data/poseidon/pegasus-5.1.0panorama/bin/pegasus-rc-client,"-n pegasus::rc-client -N null -R local  -L casa-wind-full -T 2023-09-08T07:29:05+00:00 /home/poseidon/pegasus-5.1.0panorama/bin/pegasus-rc-client --prefix pegasus.catalog.replica.output --conf /mnt/poseidon-data/poseidon/workflows/casa-wind-workflow-full/submit/poseidon/pegasus/casa-wind-full/run0141/pegasus.17427627302913015271.properties -v --meta /mnt/poseidon-data/poseidon/workflows/casa-wind-workflow-full/submit/poseidon/pegasus/casa-wind-full/run0141/00/02/point_alert_ID0000070.meta,/mnt/poseidon-data/poseidon/workflows/casa-wind-workflow-full/submit/poseidon/pegasus/casa-wind-full/run0141/00/02/point_alert_ID0000095.meta,/mnt/poseidon-data/poseidon/workflows/casa-wind-workflow-full/submit/poseidon/pegasus/casa-wind-full/run0141/00/02/point_alert_ID0000025.meta,/mnt/poseidon-data/poseidon/workflows/casa-wind-workflow-full/submit/poseidon/pegasus/casa-wind-full/run0141/00/02/point_alert_ID0000125.meta,/mnt/poseidon-data/poseidon/workflows/casa-wind-workflow-full/submit/poseidon/pegasus/casa-wind-full/run0141/00/02/point_alert_ID0000080.meta,/mnt/poseidon-data/poseidon/workflows/casa-wind-workflow-full/submit/poseidon/pegasus/casa-wind-full/run0141/00/02/point_alert_ID0000130.meta,/mnt/poseidon-data/poseidon/workflows/casa-wind-workflow-full/submit/poseidon/pegasus/casa-wind-full/run0141/00/03/point_alert_ID0000060.meta,/mnt/poseidon-data/poseidon/workflows/casa-wind-workflow-full/submit/poseidon/pegasus/casa-wind-full/run0141/00/02/point_alert_ID0000030.meta,/mnt/poseidon-data/poseidon/workflows/casa-wind-workflow-full/submit/poseidon/pegasus/casa-wind-full/run0141/00/03/point_alert_ID0000045.meta --insert /mnt/poseidon-data/poseidon/workflows/casa-wind-workflow-full/submit/poseidon/pegasus/casa-wind-full/run0141/00/03/register_condorpool_3_0.in",2.6,0,0,,,,,,,,,
register_condorpool_3_1,None,auxiliary,0,1694347376.0,,,1694347386.0,,,0.0,1694347386.0,1694347391.0,,,0.0,1694347391.0,1694347396.0,10.0,,0.0,5.0,5.0,,,,,poseidon,local,poseidon-submit,pegasus::rc-client,/mnt/poseidon-data/poseidon/pegasus-5.1.0panorama/bin/pegasus-rc-client,"-n pegasus::rc-client -N null -R local  -L casa-wind-full -T 2023-09-08T07:29:05+00:00 /home/poseidon/pegasus-5.1.0panorama/bin/pegasus-rc-client --prefix pegasus.catalog.replica.output --conf /mnt/poseidon-data/poseidon/workflows/casa-wind-workflow-full/submit/poseidon/pegasus/casa-wind-full/run0141/pegasus.17427627302913015271.properties -v --meta /mnt/poseidon-data/poseidon/workflows/casa-wind-workflow-full/submit/poseidon/pegasus/casa-wind-full/run0141/00/02/point_alert_ID0000020.meta,/mnt/poseidon-data/poseidon/workflows/casa-wind-workflow-full/submit/poseidon/pegasus/casa-wind-full/run0141/00/03/point_alert_ID0000040.meta,/mnt/poseidon-data/poseidon/workflows/casa-wind-workflow-full/submit/poseidon/pegasus/casa-wind-full/run0141/00/03/point_alert_ID0000050.meta,/mnt/poseidon-data/poseidon/workflows/casa-wind-workflow-full/submit/poseidon/pegasus/casa-wind-full/run0141/00/03/point_alert_ID0000105.meta,/mnt/poseidon-data/poseidon/workflows/casa-wind-workflow-full/submit/poseidon/pegasus/casa-wind-full/run0141/00/02/point_alert_ID0000100.meta,/mnt/poseidon-data/poseidon/workflows/casa-wind-workflow-full/submit/poseidon/pegasus/casa-wind-full/run0141/00/02/point_alert_ID0000085.meta,/mnt/poseidon-data/poseidon/workflows/casa-wind-workflow-full/submit/poseidon/pegasus/casa-wind-full/run0141/00/02/point_alert_ID0000010.meta,/mnt/poseidon-data/poseidon/workflows/casa-wind-workflow-full/submit/poseidon/pegasus/casa-wind-full/run0141/00/02/point_alert_ID0000075.meta,/mnt/poseidon-data/poseidon/workflows/casa-wind-workflow-full/submit/poseidon/pegasus/casa-wind-full/run0141/00/02/point_alert_ID0000090.meta --insert /mnt/poseidon-data/poseidon/workflows/casa-wind-workflow-full/submit/poseidon/pegasus/casa-wind-full/run0141/00/03/register_condorpool_3_1.in",2.6,0,0,,,,,,,,,
cleanup_casa-wind-full_0_condorpool,None,auxiliary,0,1694347386.0,,,1694347391.0,,,0.0,1694347391.0,1694347396.0,,,0.0,1694347396.0,1694347401.0,5.0,,0.0,5.0,5.0,,,,,poseidon,local,poseidon-submit,pegasus::cleanup,/mnt/poseidon-data/poseidon/pegasus-5.1.0panorama/bin/pegasus-transfer,pegasus-kickstart  -n pegasus::cleanup -N null -i - -R local  -L casa-wind-full -T 2023-09-08T07:29:05+00:00 pegasus-transfer,0.2,0,0,,,,,,,,,
register_condorpool_3_2,None,auxiliary,0,1694347386.0,,,1694347396.0,,,0.0,1694347397.0,1694347401.0,,,0.0,1694347401.0,1694347406.0,10.0,,1.0,4.0,5.0,,,,,poseidon,local,poseidon-submit,pegasus::rc-client,/mnt/poseidon-data/poseidon/pegasus-5.1.0panorama/bin/pegasus-rc-client,"-n pegasus::rc-client -N null -R local  -L casa-wind-full -T 2023-09-08T07:29:05+00:00 /home/poseidon/pegasus-5.1.0panorama/bin/pegasus-rc-client --prefix pegasus.catalog.replica.output --conf /mnt/poseidon-data/poseidon/workflows/casa-wind-workflow-full/submit/poseidon/pegasus/casa-wind-full/run0141/pegasus.17427627302913015271.properties -v --meta /mnt/poseidon-data/poseidon/workflows/casa-wind-workflow-full/submit/poseidon/pegasus/casa-wind-full/run0141/00/02/point_alert_ID0000120.meta,/mnt/poseidon-data/poseidon/workflows/casa-wind-workflow-full/submit/poseidon/pegasus/casa-wind-full/run0141/00/02/point_alert_ID0000015.meta,/mnt/poseidon-data/poseidon/workflows/casa-wind-workflow-full/submit/poseidon/pegasus/casa-wind-full/run0141/00/02/point_alert_ID0000005.meta,/mnt/poseidon-data/poseidon/workflows/casa-wind-workflow-full/submit/poseidon/pegasus/casa-wind-full/run0141/00/02/point_alert_ID0000035.meta,/mnt/poseidon-data/poseidon/workflows/casa-wind-workflow-full/submit/poseidon/pegasus/casa-wind-full/run0141/00/03/point_alert_ID0000055.meta,/mnt/poseidon-data/poseidon/workflows/casa-wind-workflow-full/submit/poseidon/pegasus/casa-wind-full/run0141/00/02/point_alert_ID0000065.meta,/mnt/poseidon-data/poseidon/workflows/casa-wind-workflow-full/submit/poseidon/pegasus/casa-wind-full/run0141/00/02/point_alert_ID0000115.meta,/mnt/poseidon-data/poseidon/workflows/casa-wind-workflow-full/submit/poseidon/pegasus/casa-wind-full/run0141/00/03/point_alert_ID0000110.meta --insert /mnt/poseidon-data/poseidon/workflows/casa-wind-workflow-full/submit/poseidon/pegasus/casa-wind-full/run0141/00/03/register_condorpool_3_2.in",2.7,0,0,,,,,,,,,
