,anomaly_type,type,is_clustered,ready,pre_script_start,pre_script_end,submit,stage_in_start,stage_in_end,stage_in_effective_bytes_per_sec,execute_start,execute_end,stage_out_start,stage_out_end,stage_out_effective_bytes_per_sec,post_script_start,post_script_end,wms_delay,pre_script_delay,queue_delay,runtime,post_script_delay,stage_in_delay,stage_in_bytes,stage_out_delay,stage_out_bytes,kickstart_user,kickstart_site,kickstart_hostname,kickstart_transformations,kickstart_executables,kickstart_executables_argv,kickstart_executables_cpu_time,kickstart_status,kickstart_executables_exitcode,kickstart_online_iowait,kickstart_online_bytes_read,kickstart_online_bytes_written,kickstart_online_read_system_calls,kickstart_online_write_system_calls,kickstart_online_utime,kickstart_online_stime,kickstart_online_bytes_read_per_second,kickstart_online_bytes_written_per_second
create_dir_casa-wind-full_0_condorpool,None,auxiliary,0,1694353324.0,,,1694353325.0,,,0.0,1694353330.0,1694353335.0,,,0.0,1694353335.0,1694353340.0,1.0,,5.0,5.0,5.0,,,,,poseidon,local,poseidon-submit,pegasus::dirmanager,/mnt/poseidon-data/poseidon/pegasus-5.1.0panorama/bin/pegasus-transfer,pegasus-kickstart  -n pegasus::dirmanager -N null -i - -R local  -L casa-wind-full -T 2023-09-08T07:29:05+00:00 pegasus-transfer,0.2,0,0,,,,,,,,,
unzip_ID0000006,None,compute,0,1694353340.0,,,1694353345.0,1694353371.0,1694353379.0,26613419.0,1694353369.0,1694353415.0,1694353393.0,1694353408.0,33486364.0,1694353415.0,1694353420.0,5.0,,24.0,46.0,5.0,8.0,222753803.0,15.0,501616588.0,poseidon,condorpool,poseidon-worker-2-container-32-35,unzip,/usr/bin/gunzip,,3.9,0,0,,,,,,,,,
unzip_ID0000106,None,compute,0,1694353340.0,,,1694353345.0,1694353370.0,1694353379.0,28477299.0,1694353368.0,1694353415.0,1694353393.0,1694353405.0,40194522.0,1694353415.0,1694353420.0,5.0,,23.0,47.0,5.0,9.0,241199298.0,12.0,501821816.0,poseidon,condorpool,poseidon-worker-2-container-44-47,unzip,/usr/bin/gunzip,,4.1,0,0,,,,,,,,,
unzip_ID0000046,cpu_2,compute,0,1694353340.0,,,1694353345.0,1694353369.0,1694353377.0,29397692.0,1694353367.0,1694353415.0,1694353390.0,1694353407.0,30932741.0,1694353415.0,1694353420.0,5.0,,22.0,48.0,5.0,8.0,229692821.0,17.0,523855228.0,poseidon,condorpool,poseidon-worker-1-container-4-7,unzip,/usr/bin/gunzip,,4.0,0,0,,,,,,,,,
unzip_ID0000101,None,compute,0,1694353340.0,,,1694353345.0,1694353366.0,1694353375.0,26852193.0,1694353364.0,1694353405.0,1694353388.0,1694353400.0,48650390.0,1694353405.0,1694353410.0,5.0,,19.0,41.0,5.0,9.0,250988249.0,12.0,561551644.0,poseidon,condorpool,poseidon-worker-2-container-8-11,unzip,/usr/bin/gunzip,,4.3,0,0,,,,,,,,,
unzip_ID0000026,None,compute,0,1694353340.0,,,1694353345.0,1694353369.0,1694353377.0,26665105.0,1694353367.0,1694353410.0,1694353390.0,1694353402.0,43144673.0,1694353410.0,1694353415.0,5.0,,22.0,43.0,5.0,8.0,227963832.0,12.0,523917888.0,poseidon,condorpool,poseidon-worker-2-container-12-15,unzip,/usr/bin/gunzip,,4.0,0,0,,,,,,,,,
unzip_ID0000126,None,compute,0,1694353340.0,,,1694353345.0,1694353366.0,1694353376.0,25610642.0,1694353365.0,1694353410.0,1694353389.0,1694353403.0,37866381.0,1694353410.0,1694353415.0,5.0,,20.0,45.0,5.0,10.0,249343892.0,14.0,520618424.0,poseidon,condorpool,poseidon-worker-2-container-16-19,unzip,/usr/bin/gunzip,,4.2,0,0,,,,,,,,,
unzip_ID0000031,None,compute,0,1694353340.0,,,1694353345.0,1694353366.0,1694353375.0,27984574.0,1694353364.0,1694353405.0,1694353387.0,1694353398.0,50657976.0,1694353405.0,1694353410.0,5.0,,19.0,41.0,5.0,9.0,237517035.0,11.0,539438752.0,poseidon,condorpool,poseidon-worker-1-container-0-3,unzip,/usr/bin/gunzip,,4.0,0,0,,,,,,,,,
unzip_ID0000076,None,compute,0,1694353340.0,,,1694353345.0,1694353366.0,1694353374.0,27371687.0,1694353364.0,1694353405.0,1694353387.0,1694353397.0,51147007.0,1694353405.0,1694353410.0,5.0,,19.0,41.0,5.0,8.0,233747923.0,10.0,523942844.0,poseidon,condorpool,poseidon-worker-1-container-20-23,unzip,/usr/bin/gunzip,,4.0,0,0,,,,,,,,,
unzip_ID0000011,None,compute,0,1694353340.0,,,1694353345.0,1694353368.0,1694353378.0,25056681.0,1694353367.0,1694353415.0,1694353391.0,1694353406.0,37196830.0,1694353415.0,1694353420.0,5.0,,22.0,48.0,5.0,10.0,235998389.0,15.0,565205920.0,poseidon,condorpool,poseidon-worker-2-container-24-27,unzip,/usr/bin/gunzip,,4.2,0,0,,,,,,,,,
unzip_ID0000111,None,compute,0,1694353340.0,,,1694353345.0,1694353369.0,1694353379.0,25627141.0,1694353367.0,1694353415.0,1694353393.0,1694353405.0,44910777.0,1694353415.0,1694353420.0,5.0,,22.0,48.0,5.0,10.0,256320311.0,12.0,567950764.0,poseidon,condorpool,poseidon-worker-1-container-12-15,unzip,/usr/bin/gunzip,,4.4,0,0,,,,,,,,,
unzip_ID0000071,None,compute,0,1694353340.0,,,1694353345.0,1694353366.0,1694353376.0,23778681.0,1694353365.0,1694353420.0,1694353389.0,1694353414.0,22085324.0,1694353420.0,1694353425.0,5.0,,20.0,55.0,5.0,10.0,240896692.0,25.0,539506600.0,poseidon,condorpool,poseidon-worker-1-container-8-11,unzip,/usr/bin/gunzip,,4.2,0,0,,,,,,,,,
unzip_ID0000051,None,compute,0,1694353340.0,,,1694353345.0,1694353366.0,1694353375.0,24818811.0,1694353364.0,1694353405.0,1694353388.0,1694353399.0,49589081.0,1694353405.0,1694353410.0,5.0,,19.0,41.0,5.0,9.0,239630266.0,11.0,544301296.0,poseidon,condorpool,poseidon-worker-1-container-16-19,unzip,/usr/bin/gunzip,,4.2,0,0,,,,,,,,,
unzip_ID0000056,None,compute,0,1694353340.0,,,1694353345.0,1694353368.0,1694353377.0,25664381.0,1694353367.0,1694353410.0,1694353390.0,1694353404.0,38623792.0,1694353410.0,1694353415.0,5.0,,22.0,43.0,5.0,9.0,232139969.0,14.0,528026776.0,poseidon,condorpool,poseidon-worker-2-container-20-23,unzip,/usr/bin/gunzip,,4.1,0,0,,,,,,,,,
unzip_ID0000091,None,compute,0,1694353340.0,,,1694353345.0,1694353366.0,1694353377.0,23314061.0,1694353364.0,1694353415.0,1694353389.0,1694353405.0,34462927.0,1694353415.0,1694353420.0,5.0,,19.0,51.0,5.0,11.0,246447087.0,16.0,539109992.0,poseidon,condorpool,poseidon-worker-2-container-40-43,unzip,/usr/bin/gunzip,,4.3,0,0,,,,,,,,,
unzip_ID0000081,None,compute,0,1694353340.0,,,1694353345.0,1694353366.0,1694353375.0,26882896.0,1694353364.0,1694353405.0,1694353387.0,1694353399.0,46925019.0,1694353405.0,1694353410.0,5.0,,19.0,41.0,5.0,9.0,245619741.0,12.0,543190672.0,poseidon,condorpool,poseidon-worker-2-container-44-47,unzip,/usr/bin/gunzip,,4.2,0,0,,,,,,,,,
unzip_ID0000041,None,compute,0,1694353340.0,,,1694353345.0,1694353368.0,1694353377.0,27753339.0,1694353366.0,1694353410.0,1694353389.0,1694353402.0,41554474.0,1694353410.0,1694353415.0,5.0,,21.0,44.0,5.0,9.0,238944758.0,13.0,540768928.0,poseidon,condorpool,poseidon-worker-2-container-4-7,unzip,/usr/bin/gunzip,,4.2,0,0,,,,,,,,,
unzip_ID0000096,None,compute,0,1694353340.0,,,1694353345.0,1694353366.0,1694353374.0,27870333.0,1694353364.0,1694353405.0,1694353386.0,1694353397.0,51525182.0,1694353405.0,1694353410.0,5.0,,19.0,41.0,5.0,8.0,240753402.0,11.0,524013876.0,poseidon,condorpool,poseidon-worker-2-container-28-31,unzip,/usr/bin/gunzip,,4.1,0,0,,,,,,,,,
unzip_ID0000001,None,compute,0,1694353340.0,,,1694353345.0,1694353367.0,1694353373.0,34083841.0,1694353365.0,1694353405.0,1694353386.0,1694353396.0,54615450.0,1694353405.0,1694353410.0,5.0,,20.0,40.0,5.0,6.0,232473216.0,10.0,561354992.0,poseidon,condorpool,poseidon-worker-1-container-40-43,unzip,/usr/bin/gunzip,,4.1,0,0,,,,,,,,,
unzip_ID0000121,cpu_2,compute,0,1694353340.0,,,1694353345.0,1694353366.0,1694353376.0,24720802.0,1694353364.0,1694353415.0,1694353390.0,1694353405.0,37157245.0,1694353415.0,1694353420.0,5.0,,19.0,51.0,5.0,10.0,250860096.0,15.0,550782944.0,poseidon,condorpool,poseidon-worker-1-container-28-31,unzip,/usr/bin/gunzip,,4.3,0,0,,,,,,,,,
unzip_ID0000066,None,compute,0,1694353340.0,,,1694353345.0,1694353367.0,1694353373.0,35476652.0,1694353365.0,1694353400.0,1694353385.0,1694353394.0,59320223.0,1694353400.0,1694353405.0,5.0,,20.0,35.0,5.0,6.0,232031705.0,9.0,523661496.0,poseidon,condorpool,poseidon-worker-2-container-36-39,unzip,/usr/bin/gunzip,,4.0,0,0,,,,,,,,,
unzip_ID0000061,None,compute,0,1694353340.0,,,1694353345.0,1694353366.0,1694353375.0,25602534.0,1694353364.0,1694353405.0,1694353387.0,1694353397.0,55443547.0,1694353405.0,1694353410.0,5.0,,19.0,41.0,5.0,9.0,240463185.0,10.0,541945820.0,poseidon,condorpool,poseidon-worker-2-container-0-3,unzip,/usr/bin/gunzip,,4.1,0,0,,,,,,,,,
unzip_ID0000086,None,compute,0,1694353340.0,,,1694353345.0,1694353368.0,1694353377.0,26145120.0,1694353366.0,1694353415.0,1694353390.0,1694353406.0,32006982.0,1694353415.0,1694353420.0,5.0,,21.0,49.0,5.0,9.0,234836668.0,16.0,518838800.0,poseidon,condorpool,poseidon-worker-1-container-36-39,unzip,/usr/bin/gunzip,,4.0,0,0,,,,,,,,,
unzip_ID0000016,None,compute,0,1694353340.0,,,1694353345.0,1694353367.0,1694353375.0,29128441.0,1694353365.0,1694353405.0,1694353387.0,1694353398.0,47953404.0,1694353405.0,1694353410.0,5.0,,20.0,40.0,5.0,8.0,225238888.0,11.0,523826084.0,poseidon,condorpool,poseidon-worker-1-container-24-27,unzip,/usr/bin/gunzip,,4.0,0,0,,,,,,,,,
unzip_ID0000036,None,compute,0,1694353340.0,,,1694353345.0,1694353368.0,1694353376.0,29266589.0,1694353366.0,1694353405.0,1694353389.0,1694353400.0,48070098.0,1694353405.0,1694353410.0,5.0,,21.0,39.0,5.0,8.0,232020704.0,11.0,526952240.0,poseidon,condorpool,poseidon-worker-1-container-32-35,unzip,/usr/bin/gunzip,,4.0,0,0,,,,,,,,,
unzip_ID0000116,None,compute,0,1694353340.0,,,1694353345.0,1694353367.0,1694353376.0,27375142.0,1694353365.0,1694353405.0,1694353388.0,1694353400.0,46634450.0,1694353405.0,1694353410.0,5.0,,20.0,40.0,5.0,9.0,249255741.0,12.0,520850676.0,poseidon,condorpool,poseidon-worker-2-container-32-35,unzip,/usr/bin/gunzip,,4.2,0,0,,,,,,,,,
unzip_ID0000021,None,compute,0,1694353340.0,,,1694353345.0,1694353367.0,1694353378.0,20919791.0,1694353365.0,1694353420.0,1694353391.0,1694353410.0,28888333.0,1694353420.0,1694353425.0,5.0,,20.0,55.0,5.0,11.0,235136662.0,19.0,539178100.0,poseidon,condorpool,poseidon-worker-1-container-44-47,unzip,/usr/bin/gunzip,,4.1,0,0,,,,,,,,,
um_vel_ID0000067,None,compute,0,1694353405.0,,,1694353410.0,1694353412.0,1694353434.0,45156266.9,1694353411.0,1694353455.0,1694353442.0,1694353445.0,173763.0,1694353455.0,1694353460.0,5.0,,1.0,44.0,5.0,22.0,700248248.0,3.0,556900.0,poseidon,condorpool,poseidon-worker-1-container-20-23,um_vel,/opt/UM_VEL/UM_VEL,,1.7,0,0,,,,,,,,,
um_vel_ID0000117,None,compute,0,1694353410.0,,,1694353415.0,1694353418.0,1694353437.0,51123275.8,1694353416.0,1694353455.0,1694353446.0,1694353449.0,174077.0,1694353455.0,1694353460.0,5.0,,1.0,39.0,5.0,19.0,697437428.0,3.0,556900.0,poseidon,condorpool,poseidon-worker-1-container-40-43,um_vel,/opt/UM_VEL/UM_VEL,,1.7,0,0,,,,,,,,,
um_vel_ID0000102,None,compute,0,1694353410.0,,,1694353415.0,1694353418.0,1694353439.0,47613588.7,1694353416.0,1694353460.0,1694353448.0,1694353451.0,173279.0,1694353460.0,1694353466.0,5.0,,1.0,44.0,6.0,21.0,738138396.0,3.0,556900.0,poseidon,condorpool,poseidon-worker-2-container-16-19,um_vel,/opt/UM_VEL/UM_VEL,,1.8,0,0,,,,,,,,,
um_vel_ID0000032,None,compute,0,1694353410.0,,,1694353415.0,1694353419.0,1694353440.0,46761877.8,1694353418.0,1694353460.0,1694353449.0,1694353452.0,175092.0,1694353460.0,1694353466.0,5.0,,3.0,42.0,6.0,21.0,716025504.0,3.0,556900.0,poseidon,condorpool,poseidon-worker-2-container-8-11,um_vel,/opt/UM_VEL/UM_VEL,,1.7,0,0,,,,,,,,,
um_vel_ID0000077,None,compute,0,1694353410.0,,,1694353415.0,1694353419.0,1694353439.0,47307873.7,1694353417.0,1694353460.0,1694353448.0,1694353451.0,171309.0,1694353460.0,1694353466.0,5.0,,2.0,43.0,6.0,20.0,700529596.0,3.0,556900.0,poseidon,condorpool,poseidon-worker-2-container-4-7,um_vel,/opt/UM_VEL/UM_VEL,,1.8,0,0,,,,,,,,,
um_vel_ID0000052,None,compute,0,1694353410.0,,,1694353415.0,1694353418.0,1694353440.0,44269764.8,1694353416.0,1694353460.0,1694353449.0,1694353452.0,172491.0,1694353460.0,1694353466.0,5.0,,1.0,44.0,6.0,22.0,720888048.0,3.0,556900.0,poseidon,condorpool,poseidon-worker-2-container-32-35,um_vel,/opt/UM_VEL/UM_VEL,,1.7,0,0,,,,,,,,,
um_vel_ID0000097,None,compute,0,1694353410.0,,,1694353415.0,1694353418.0,1694353439.0,45855032.6,1694353417.0,1694353460.0,1694353448.0,1694353451.0,175928.0,1694353460.0,1694353466.0,5.0,,2.0,43.0,6.0,21.0,700600628.0,3.0,556900.0,poseidon,condorpool,poseidon-worker-1-container-0-3,um_vel,/opt/UM_VEL/UM_VEL,,1.8,0,0,,,,,,,,,
um_vel_ID0000017,None,compute,0,1694353410.0,,,1694353415.0,1694353418.0,1694353437.0,50317834.0,1694353416.0,1694353455.0,1694353446.0,1694353449.0,176335.0,1694353455.0,1694353460.0,5.0,,1.0,39.0,5.0,19.0,700412836.0,3.0,556900.0,poseidon,condorpool,poseidon-worker-2-container-32-35,um_vel,/opt/UM_VEL/UM_VEL,,1.7,0,0,,,,,,,,,
um_vel_ID0000037,None,compute,0,1694353410.0,,,1694353415.0,1694353418.0,1694353437.0,51603377.8,1694353416.0,1694353455.0,1694353446.0,1694353449.0,172181.0,1694353455.0,1694353460.0,5.0,,1.0,39.0,5.0,19.0,703538992.0,3.0,556900.0,poseidon,condorpool,poseidon-worker-1-container-32-35,um_vel,/opt/UM_VEL/UM_VEL,,1.8,0,0,,,,,,,,,
um_vel_ID0000002,None,compute,0,1694353410.0,,,1694353415.0,1694353418.0,1694353440.0,45814649.2,1694353416.0,1694353460.0,1694353449.0,1694353452.0,168936.0,1694353460.0,1694353466.0,5.0,,1.0,44.0,6.0,22.0,737941744.0,3.0,556900.0,poseidon,condorpool,poseidon-worker-1-container-16-19,um_vel,/opt/UM_VEL/UM_VEL,,1.8,0,0,,,,,,,,,
um_vel_ID0000062,None,compute,0,1694353410.0,,,1694353415.0,1694353418.0,1694353438.0,48598499.0,1694353416.0,1694353460.0,1694353447.0,1694353450.0,174498.0,1694353460.0,1694353466.0,5.0,,1.0,44.0,6.0,20.0,718532572.0,3.0,556900.0,poseidon,condorpool,poseidon-worker-1-container-36-39,um_vel,/opt/UM_VEL/UM_VEL,,1.8,0,0,,,,,,,,,
um_vel_ID0000082,None,compute,0,1694353410.0,,,1694353415.0,1694353418.0,1694353440.0,43192870.4,1694353416.0,1694353460.0,1694353449.0,1694353452.0,172506.0,1694353460.0,1694353466.0,5.0,,1.0,44.0,6.0,22.0,719777424.0,3.0,556900.0,poseidon,condorpool,poseidon-worker-1-container-24-27,um_vel,/opt/UM_VEL/UM_VEL,,1.7,0,0,,,,,,,,,
um_vel_ID0000027,None,compute,0,1694353415.0,,,1694353420.0,1694353424.0,1694353445.0,46074812.4,1694353422.0,1694353466.0,1694353453.0,1694353456.0,176516.0,1694353466.0,1694353471.0,5.0,,2.0,44.0,5.0,21.0,700504640.0,3.0,556900.0,poseidon,condorpool,poseidon-worker-2-container-44-47,um_vel,/opt/UM_VEL/UM_VEL,,1.7,0,0,,,,,,,,,
um_vel_ID0000057,None,compute,0,1694353415.0,,,1694353420.0,1694353424.0,1694353443.0,51332669.0,1694353422.0,1694353466.0,1694353452.0,1694353455.0,174894.0,1694353466.0,1694353471.0,5.0,,2.0,44.0,5.0,19.0,704613528.0,3.0,556900.0,poseidon,condorpool,poseidon-worker-2-container-28-31,um_vel,/opt/UM_VEL/UM_VEL,,1.7,0,0,,,,,,,,,
um_vel_ID0000042,None,compute,0,1694353415.0,,,1694353420.0,1694353423.0,1694353446.0,43545689.2,1694353422.0,1694353466.0,1694353454.0,1694353458.0,175236.0,1694353466.0,1694353471.0,5.0,,2.0,44.0,5.0,23.0,717355680.0,4.0,556900.0,poseidon,condorpool,poseidon-worker-2-container-0-3,um_vel,/opt/UM_VEL/UM_VEL,,1.7,0,0,,,,,,,,,
um_vel_ID0000127,None,compute,0,1694353415.0,,,1694353420.0,1694353424.0,1694353446.0,43804498.9,1694353422.0,1694353466.0,1694353454.0,1694353457.0,171726.0,1694353466.0,1694353471.0,5.0,,2.0,44.0,5.0,22.0,697205176.0,3.0,556900.0,poseidon,condorpool,poseidon-worker-2-container-44-47,um_vel,/opt/UM_VEL/UM_VEL,,1.7,0,0,,,,,,,,,
um_vel_ID0000007,None,compute,0,1694353420.0,,,1694353425.0,1694353428.0,1694353447.0,51189369.5,1694353426.0,1694353466.0,1694353455.0,1694353459.0,174124.0,1694353466.0,1694353471.0,5.0,,1.0,40.0,5.0,19.0,678203340.0,4.0,556900.0,poseidon,condorpool,poseidon-worker-2-container-20-23,um_vel,/opt/UM_VEL/UM_VEL,,1.7,0,0,,,,,,,,,
um_vel_ID0000092,None,compute,0,1694353420.0,,,1694353425.0,1694353428.0,1694353449.0,45654454.7,1694353426.0,1694353471.0,1694353458.0,1694353461.0,175952.0,1694353471.0,1694353476.0,5.0,,1.0,45.0,5.0,21.0,715696744.0,3.0,556900.0,poseidon,condorpool,poseidon-worker-1-container-8-11,um_vel,/opt/UM_VEL/UM_VEL,,1.7,0,0,,,,,,,,,
um_vel_ID0000122,None,compute,0,1694353420.0,,,1694353425.0,1694353428.0,1694353449.0,45828140.0,1694353426.0,1694353471.0,1694353458.0,1694353461.0,174580.0,1694353471.0,1694353476.0,5.0,,1.0,45.0,5.0,21.0,727369696.0,3.0,556900.0,poseidon,condorpool,poseidon-worker-1-container-12-15,um_vel,/opt/UM_VEL/UM_VEL,,1.7,0,0,,,,,,,,,
um_vel_ID0000087,cpu_2,compute,0,1694353420.0,,,1694353425.0,1694353428.0,1694353450.0,41909146.0,1694353426.0,1694353471.0,1694353458.0,1694353461.0,177590.0,1694353471.0,1694353476.0,5.0,,1.0,45.0,5.0,22.0,695425552.0,3.0,556900.0,poseidon,condorpool,poseidon-worker-1-container-4-7,um_vel,/opt/UM_VEL/UM_VEL,,1.6,0,0,,,,,,,,,
um_vel_ID0000112,None,compute,0,1694353420.0,,,1694353425.0,1694353428.0,1694353448.0,52222927.4,1694353426.0,1694353466.0,1694353457.0,1694353460.0,175321.0,1694353466.0,1694353471.0,5.0,,1.0,40.0,5.0,20.0,744537516.0,3.0,556900.0,poseidon,condorpool,poseidon-worker-2-container-36-39,um_vel,/opt/UM_VEL/UM_VEL,,1.8,0,0,,,,,,,,,
um_vel_ID0000012,None,compute,0,1694353420.0,,,1694353425.0,1694353428.0,1694353449.0,46501411.8,1694353426.0,1694353471.0,1694353458.0,1694353461.0,176850.0,1694353471.0,1694353476.0,5.0,,1.0,45.0,5.0,21.0,741792672.0,3.0,556900.0,poseidon,condorpool,poseidon-worker-1-container-44-47,um_vel,/opt/UM_VEL/UM_VEL,,1.7,0,0,,,,,,,,,
um_vel_ID0000047,None,compute,0,1694353420.0,,,1694353425.0,1694353428.0,1694353448.0,47010482.6,1694353426.0,1694353466.0,1694353457.0,1694353460.0,176833.0,1694353466.0,1694353471.0,5.0,,1.0,40.0,5.0,20.0,700441980.0,3.0,556900.0,poseidon,condorpool,poseidon-worker-2-container-24-27,um_vel,/opt/UM_VEL/UM_VEL,,1.7,0,0,,,,,,,,,
um_vel_ID0000107,None,compute,0,1694353420.0,,,1694353425.0,1694353428.0,1694353446.0,52516560.2,1694353426.0,1694353466.0,1694353455.0,1694353458.0,174366.0,1694353466.0,1694353471.0,5.0,,1.0,40.0,5.0,18.0,678408568.0,3.0,556900.0,poseidon,condorpool,poseidon-worker-2-container-40-43,um_vel,/opt/UM_VEL/UM_VEL,,1.7,0,0,,,,,,,,,
stage_out_local_condorpool_0_1,None,transfer,0,1694353425.0,,,1694353430.0,,,0.0,1694353431.0,1694353466.0,,,0.0,1694353466.0,1694353471.0,5.0,,1.0,35.0,5.0,,,,,poseidon,local,poseidon-submit,pegasus::transfer,/mnt/poseidon-data/poseidon/pegasus-5.1.0panorama/bin/pegasus-transfer,/home/poseidon/pegasus-5.1.0panorama/bin/../bin/pegasus-kickstart  -n pegasus::transfer -N null -i - -R local  -L casa-wind-full -T 2023-09-08T07:29:05+00:00 /home/poseidon/pegasus-5.1.0panorama/bin/../bin/pegasus-transfer  --threads 2,35.1,0,0,,,,,,,,,
stage_out_local_condorpool_0_2,None,transfer,0,1694353425.0,,,1694353430.0,,,0.0,1694353431.0,1694353466.0,,,0.0,1694353466.0,1694353471.0,5.0,,1.0,35.0,5.0,,,,,poseidon,local,poseidon-submit,pegasus::transfer,/mnt/poseidon-data/poseidon/pegasus-5.1.0panorama/bin/pegasus-transfer,/home/poseidon/pegasus-5.1.0panorama/bin/../bin/pegasus-kickstart  -n pegasus::transfer -N null -i - -R local  -L casa-wind-full -T 2023-09-08T07:29:05+00:00 /home/poseidon/pegasus-5.1.0panorama/bin/../bin/pegasus-transfer  --threads 2,35.4,0,0,,,,,,,,,
um_vel_ID0000072,cpu_2,compute,0,1694353425.0,,,1694353430.0,1694353434.0,1694353454.0,47756249.9,1694353432.0,1694353476.0,1694353463.0,1694353466.0,175959.0,1694353476.0,1694353481.0,5.0,,2.0,44.0,5.0,20.0,716093352.0,3.0,556900.0,poseidon,condorpool,poseidon-worker-1-container-28-31,um_vel,/opt/UM_VEL/UM_VEL,,1.6,0,0,,,,,,,,,
um_vel_ID0000022,None,compute,0,1694353425.0,,,1694353430.0,1694353433.0,1694353453.0,48728580.5,1694353431.0,1694353471.0,1694353462.0,1694353465.0,176682.0,1694353471.0,1694353476.0,5.0,,1.0,40.0,5.0,20.0,715764852.0,3.0,556900.0,poseidon,condorpool,poseidon-worker-2-container-12-15,um_vel,/opt/UM_VEL/UM_VEL,,1.7,0,0,,,,,,,,,
stage_out_local_condorpool_0_0,None,transfer,0,1694353425.0,,,1694353430.0,,,0.0,1694353431.0,1694353466.0,,,0.0,1694353466.0,1694353471.0,5.0,,1.0,35.0,5.0,,,,,poseidon,local,poseidon-submit,pegasus::transfer,/mnt/poseidon-data/poseidon/pegasus-5.1.0panorama/bin/pegasus-transfer,/home/poseidon/pegasus-5.1.0panorama/bin/../bin/pegasus-kickstart  -n pegasus::transfer -N null -i - -R local  -L casa-wind-full -T 2023-09-08T07:29:05+00:00 /home/poseidon/pegasus-5.1.0panorama/bin/../bin/pegasus-transfer  --threads 2,35.8,0,0,,,,,,,,,
post_vel_ID0000068,None,compute,0,1694353460.0,,,1694353465.0,1694353468.0,1694353479.0,34971240.8,1694353467.0,1694353496.0,1694353485.0,1694353488.0,3658.0,1694353496.0,1694353501.0,5.0,,2.0,29.0,5.0,11.0,177143937.0,3.0,11398.0,poseidon,condorpool,poseidon-worker-1-container-20-23,post_vel,/opt/netcdf2png/merged_netcdf2png,,0.1,0,0,,,,,,,,,
mvt_ID0000039,None,compute,0,1694353460.0,,,1694353465.0,1694353468.0,1694353479.0,35013675.2,1694353467.0,1694353536.0,1694353524.0,1694353527.0,10874.0,1694353536.0,1694353541.0,5.0,,2.0,69.0,5.0,11.0,177143652.0,3.0,34386.0,poseidon,condorpool,poseidon-worker-1-container-36-39,mvt,/opt/mvt/mvt,,39.5,0,0,0.0,789142.0,16384.0,422.0,4.0,29.9,0.1,26304.7,819.2
post_vel_ID0000038,None,compute,0,1694353460.0,,,1694353465.0,1694353468.0,1694353479.0,35121746.8,1694353467.0,1694353496.0,1694353485.0,1694353488.0,3542.0,1694353496.0,1694353501.0,5.0,,2.0,29.0,5.0,11.0,177143937.0,3.0,11227.0,poseidon,condorpool,poseidon-worker-1-container-24-27,post_vel,/opt/netcdf2png/merged_netcdf2png,,0.1,0,0,,,,,,,,,
post_vel_ID0000118,None,compute,0,1694353460.0,,,1694353465.0,1694353468.0,1694353479.0,34818851.2,1694353467.0,1694353496.0,1694353485.0,1694353488.0,4590.0,1694353496.0,1694353501.0,5.0,,2.0,29.0,5.0,11.0,177143937.0,3.0,14402.0,poseidon,condorpool,poseidon-worker-2-container-4-7,post_vel,/opt/netcdf2png/merged_netcdf2png,,0.1,0,0,,,,,,,,,
mvt_ID0000069,None,compute,0,1694353460.0,,,1694353465.0,1694353468.0,1694353479.0,34654674.2,1694353467.0,1694353536.0,1694353524.0,1694353527.0,11359.0,1694353536.0,1694353541.0,5.0,,2.0,69.0,5.0,11.0,177143652.0,3.0,35309.0,poseidon,condorpool,poseidon-worker-2-container-32-35,mvt,/opt/mvt/mvt,,39.8,0,0,0.0,819464.0,16384.0,488.0,4.0,29.9,0.1,27315.5,819.2
mvt_ID0000119,None,compute,0,1694353460.0,,,1694353465.0,1694353468.0,1694353479.0,34984638.0,1694353467.0,1694353536.0,1694353524.0,1694353527.0,21372.0,1694353536.0,1694353541.0,5.0,,2.0,69.0,5.0,11.0,177143652.0,3.0,65525.0,poseidon,condorpool,poseidon-worker-1-container-16-19,mvt,/opt/mvt/mvt,,39.5,0,0,0.0,791893.0,36864.0,428.0,9.0,29.9,0.1,26396.4,3686.4
post_vel_ID0000018,None,compute,0,1694353460.0,,,1694353466.0,1694353468.0,1694353479.0,34339772.6,1694353467.0,1694353496.0,1694353485.0,1694353488.0,3702.0,1694353496.0,1694353501.0,6.0,,1.0,29.0,5.0,11.0,177143937.0,3.0,11645.0,poseidon,condorpool,poseidon-worker-2-container-8-11,post_vel,/opt/netcdf2png/merged_netcdf2png,,0.1,0,0,,,,,,,,,
mvt_ID0000019,None,compute,0,1694353460.0,,,1694353465.0,1694353468.0,1694353480.0,29809826.0,1694353467.0,1694353536.0,1694353525.0,1694353528.0,11832.0,1694353536.0,1694353541.0,5.0,,2.0,69.0,5.0,12.0,177143652.0,3.0,36245.0,poseidon,condorpool,poseidon-worker-2-container-32-35,mvt,/opt/mvt/mvt,,40.1,0,0,0.0,828764.0,20480.0,515.0,5.0,39.9,0.1,20719.1,1024.0
mvt_ID0000054,None,compute,0,1694353466.0,,,1694353471.0,1694353475.0,1694353486.0,33208759.6,1694353474.0,1694353541.0,1694353531.0,1694353534.0,9206.0,1694353541.0,1694353546.0,5.0,,3.0,67.0,5.0,11.0,177143652.0,3.0,28552.0,poseidon,condorpool,poseidon-worker-1-container-12-15,mvt,/opt/mvt/mvt,,39.7,0,0,0.0,794585.0,12288.0,434.0,3.0,29.9,0.1,26486.2,1228.8
post_vel_ID0000098,None,compute,0,1694353466.0,,,1694353471.0,1694353474.0,1694353485.0,34835889.4,1694353472.0,1694353501.0,1694353490.0,1694353493.0,4369.0,1694353501.0,1694353506.0,5.0,,1.0,29.0,5.0,11.0,177143937.0,3.0,13355.0,poseidon,condorpool,poseidon-worker-1-container-44-47,post_vel,/opt/netcdf2png/merged_netcdf2png,,0.1,0,0,,,,,,,,,
post_vel_ID0000078,None,compute,0,1694353466.0,,,1694353471.0,1694353474.0,1694353486.0,33286011.6,1694353473.0,1694353501.0,1694353491.0,1694353494.0,3946.0,1694353501.0,1694353506.0,5.0,,2.0,28.0,5.0,12.0,177143937.0,3.0,12264.0,poseidon,condorpool,poseidon-worker-1-container-32-35,post_vel,/opt/netcdf2png/merged_netcdf2png,,0.1,0,0,,,,,,,,,
mvt_ID0000079,None,compute,0,1694353466.0,,,1694353471.0,1694353474.0,1694353485.0,34465417.4,1694353472.0,1694353541.0,1694353530.0,1694353533.0,14746.0,1694353541.0,1694353546.0,5.0,,1.0,69.0,5.0,11.0,177143652.0,3.0,45337.0,poseidon,condorpool,poseidon-worker-1-container-0-3,mvt,/opt/mvt/mvt,,39.8,0,0,0.0,791811.0,24576.0,428.0,6.0,29.9,0.1,26393.7,1228.8
post_vel_ID0000033,None,compute,0,1694353466.0,,,1694353471.0,1694353474.0,1694353485.0,34645730.8,1694353472.0,1694353501.0,1694353490.0,1694353493.0,3732.0,1694353501.0,1694353506.0,5.0,,1.0,29.0,5.0,11.0,177143937.0,3.0,11464.0,poseidon,condorpool,poseidon-worker-1-container-40-43,post_vel,/opt/netcdf2png/merged_netcdf2png,,0.2,0,0,,,,,,,,,
mvt_ID0000034,None,compute,0,1694353466.0,,,1694353471.0,1694353474.0,1694353485.0,34603302.4,1694353472.0,1694353541.0,1694353531.0,1694353534.0,10107.0,1694353541.0,1694353546.0,5.0,,1.0,69.0,5.0,11.0,177143652.0,3.0,30976.0,poseidon,condorpool,poseidon-worker-2-container-16-19,mvt,/opt/mvt/mvt,,40.2,0,0,0.0,795631.0,16384.0,443.0,4.0,39.9,0.1,19890.8,819.2
mvt_ID0000104,None,compute,0,1694353466.0,,,1694353471.0,1694353475.0,1694353486.0,34848173.4,1694353473.0,1694353541.0,1694353531.0,1694353534.0,19036.0,1694353541.0,1694353546.0,5.0,,2.0,68.0,5.0,11.0,177143652.0,3.0,59590.0,poseidon,condorpool,poseidon-worker-2-container-28-31,mvt,/opt/mvt/mvt,,40.1,0,0,0.0,799742.0,32768.0,452.0,8.0,39.9,0.1,19993.5,3276.8
post_vel_ID0000103,None,compute,0,1694353466.0,,,1694353471.0,1694353475.0,1694353486.0,33705444.8,1694353473.0,1694353501.0,1694353491.0,1694353494.0,4356.0,1694353501.0,1694353506.0,5.0,,2.0,28.0,5.0,11.0,177143937.0,3.0,13815.0,poseidon,condorpool,poseidon-worker-2-container-0-3,post_vel,/opt/netcdf2png/merged_netcdf2png,,0.2,0,0,,,,,,,,,
post_vel_ID0000053,None,compute,0,1694353466.0,,,1694353471.0,1694353474.0,1694353485.0,32786668.0,1694353472.0,1694353501.0,1694353491.0,1694353494.0,3456.0,1694353501.0,1694353506.0,5.0,,1.0,29.0,5.0,11.0,177143937.0,3.0,11004.0,poseidon,condorpool,poseidon-worker-2-container-24-27,post_vel,/opt/netcdf2png/merged_netcdf2png,,0.1,0,0,,,,,,,,,
mvt_ID0000099,None,compute,0,1694353466.0,,,1694353471.0,1694353474.0,1694353485.0,34752310.2,1694353472.0,1694353541.0,1694353531.0,1694353534.0,16096.0,1694353541.0,1694353546.0,5.0,,1.0,69.0,5.0,11.0,177143652.0,3.0,50118.0,poseidon,condorpool,poseidon-worker-2-container-36-39,mvt,/opt/mvt/mvt,,40.2,0,0,0.0,798364.0,28672.0,449.0,7.0,39.9,0.1,19959.1,1433.6
post_vel_ID0000083,None,compute,0,1694353466.0,,,1694353471.0,1694353474.0,1694353486.0,30157599.6,1694353472.0,1694353501.0,1694353491.0,1694353494.0,4056.0,1694353501.0,1694353506.0,5.0,,1.0,29.0,5.0,12.0,177143937.0,3.0,12720.0,poseidon,condorpool,poseidon-worker-2-container-40-43,post_vel,/opt/netcdf2png/merged_netcdf2png,,0.1,0,0,,,,,,,,,
post_vel_ID0000063,None,compute,0,1694353466.0,,,1694353471.0,1694353474.0,1694353485.0,34868211.8,1694353472.0,1694353501.0,1694353490.0,1694353493.0,3710.0,1694353501.0,1694353506.0,5.0,,1.0,29.0,5.0,11.0,177143937.0,3.0,11628.0,poseidon,condorpool,poseidon-worker-1-container-8-11,post_vel,/opt/netcdf2png/merged_netcdf2png,,0.1,0,0,,,,,,,,,
mvt_ID0000064,cpu_2,compute,0,1694353466.0,,,1694353471.0,1694353475.0,1694353487.0,26721830.7,1694353473.0,1694353541.0,1694353532.0,1694353535.0,10158.0,1694353541.0,1694353546.0,5.0,,2.0,68.0,5.0,12.0,177143652.0,3.0,31148.0,poseidon,condorpool,poseidon-worker-1-container-4-7,mvt,/opt/mvt/mvt,,39.7,0,0,0.0,795909.0,16384.0,437.0,4.0,29.9,0.1,26530.3,819.2
mvt_ID0000004,None,compute,0,1694353466.0,,,1694353471.0,1694353474.0,1694353487.0,25121153.7,1694353472.0,1694353541.0,1694353532.0,1694353535.0,9412.0,1694353541.0,1694353546.0,5.0,,1.0,69.0,5.0,13.0,177143652.0,3.0,28781.0,poseidon,condorpool,poseidon-worker-2-container-44-47,mvt,/opt/mvt/mvt,,40.1,0,0,0.0,829968.0,16384.0,518.0,4.0,39.9,0.1,20749.2,819.2
post_vel_ID0000003,None,compute,0,1694353466.0,,,1694353471.0,1694353475.0,1694353487.0,26540177.7,1694353473.0,1694353506.0,1694353492.0,1694353496.0,3527.0,1694353506.0,1694353511.0,5.0,,2.0,33.0,5.0,12.0,177143937.0,4.0,10865.0,poseidon,condorpool,poseidon-worker-2-container-44-47,post_vel,/opt/netcdf2png/merged_netcdf2png,,0.1,0,0,,,,,,,,,
mvt_ID0000084,None,compute,0,1694353466.0,,,1694353471.0,1694353475.0,1694353486.0,29140819.7,1694353473.0,1694353541.0,1694353532.0,1694353535.0,15574.0,1694353541.0,1694353546.0,5.0,,2.0,68.0,5.0,11.0,177143652.0,3.0,47998.0,poseidon,condorpool,poseidon-worker-2-container-20-23,mvt,/opt/mvt/mvt,,40.1,0,0,0.0,798368.0,24576.0,449.0,6.0,39.9,0.1,19959.2,1228.8
mvt_ID0000029,cpu_2,compute,0,1694353471.0,,,1694353476.0,1694353479.0,1694353491.0,29875039.0,1694353478.0,1694353546.0,1694353537.0,1694353540.0,12618.0,1694353546.0,1694353551.0,5.0,,2.0,68.0,5.0,12.0,177143652.0,3.0,38341.0,poseidon,condorpool,poseidon-worker-1-container-28-31,mvt,/opt/mvt/mvt,,39.7,0,0,0.0,810735.0,20480.0,476.0,5.0,38.3,0.1,20268.4,1024.0
post_vel_ID0000128,None,compute,0,1694353471.0,,,1694353476.0,1694353493.0,1694353504.0,29617585.5,1694353491.0,1694353521.0,1694353509.0,1694353512.0,4706.0,1694353521.0,1694353526.0,5.0,,15.0,30.0,5.0,11.0,177143937.0,3.0,14512.0,poseidon,condorpool,poseidon-worker-1-container-24-27,post_vel,/opt/netcdf2png/merged_netcdf2png,,0.1,0,0,,,,,,,,,
mvt_ID0000129,None,compute,0,1694353471.0,,,1694353476.0,1694353494.0,1694353505.0,29583271.0,1694353492.0,1694353561.0,1694353550.0,1694353553.0,20533.0,1694353561.0,1694353566.0,5.0,,16.0,69.0,5.0,11.0,177143652.0,3.0,64489.0,poseidon,condorpool,poseidon-worker-1-container-36-39,mvt,/opt/mvt/mvt,,39.8,0,0,0.0,819383.0,36864.0,488.0,9.0,29.9,0.1,27312.8,3686.4
mvt_ID0000044,None,compute,0,1694353471.0,,,1694353476.0,1694353495.0,1694353506.0,30065138.4,1694353493.0,1694353561.0,1694353551.0,1694353554.0,8994.0,1694353561.0,1694353566.0,5.0,,17.0,68.0,5.0,11.0,177143652.0,3.0,28113.0,poseidon,condorpool,poseidon-worker-2-container-28-31,mvt,/opt/mvt/mvt,,39.4,0,0,0.0,820754.0,12288.0,491.0,3.0,29.9,0.0,27358.5,1228.8
post_vel_ID0000043,None,compute,0,1694353471.0,,,1694353476.0,1694353493.0,1694353504.0,29650137.5,1694353491.0,1694353521.0,1694353509.0,1694353512.0,3508.0,1694353521.0,1694353526.0,5.0,,15.0,30.0,5.0,11.0,177143937.0,3.0,11050.0,poseidon,condorpool,poseidon-worker-1-container-16-19,post_vel,/opt/netcdf2png/merged_netcdf2png,,0.1,0,0,,,,,,,,,
mvt_ID0000049,None,compute,0,1694353471.0,,,1694353476.0,1694353494.0,1694353505.0,31586699.6,1694353492.0,1694353561.0,1694353550.0,1694353553.0,7709.0,1694353561.0,1694353566.0,5.0,,16.0,69.0,5.0,11.0,177143652.0,3.0,24108.0,poseidon,condorpool,poseidon-worker-1-container-32-35,mvt,/opt/mvt/mvt,,39.4,0,0,0.0,789215.0,12288.0,422.0,3.0,29.9,0.0,26307.2,1228.8
post_vel_ID0000048,None,compute,0,1694353471.0,,,1694353476.0,1694353493.0,1694353505.0,27958892.6,1694353491.0,1694353521.0,1694353510.0,1694353513.0,3338.0,1694353521.0,1694353526.0,5.0,,15.0,30.0,5.0,12.0,177143937.0,3.0,10371.0,poseidon,condorpool,poseidon-worker-2-container-40-43,post_vel,/opt/netcdf2png/merged_netcdf2png,,0.1,0,0,,,,,,,,,
mvt_ID0000059,None,compute,0,1694353471.0,,,1694353476.0,1694353493.0,1694353504.0,35337396.4,1694353491.0,1694353561.0,1694353549.0,1694353552.0,8987.0,1694353561.0,1694353566.0,5.0,,15.0,70.0,5.0,11.0,177143652.0,3.0,28164.0,poseidon,condorpool,poseidon-worker-2-container-32-35,mvt,/opt/mvt/mvt,,39.6,0,0,0.0,879929.0,12288.0,620.0,3.0,29.9,0.1,29331.0,1228.8
mvt_ID0000114,cpu_2,compute,0,1694353471.0,,,1694353476.0,1694353494.0,1694353508.0,28642046.7,1694353491.0,1694353566.0,1694353553.0,1694353556.0,23812.0,1694353566.0,1694353571.0,5.0,,15.0,75.0,5.0,14.0,177143652.0,3.0,73234.0,poseidon,condorpool,poseidon-worker-1-container-28-31,mvt,/opt/mvt/mvt,,39.3,0,0,0.0,818025.0,40960.0,485.0,10.0,29.3,0.0,27267.5,4096.0
post_vel_ID0000113,None,compute,0,1694353471.0,,,1694353476.0,1694353494.0,1694353505.0,33963087.8,1694353492.0,1694353521.0,1694353510.0,1694353513.0,4695.0,1694353521.0,1694353526.0,5.0,,16.0,29.0,5.0,11.0,177143937.0,3.0,14745.0,poseidon,condorpool,poseidon-worker-1-container-40-43,post_vel,/opt/netcdf2png/merged_netcdf2png,,0.1,0,0,,,,,,,,,
post_vel_ID0000108,None,compute,0,1694353471.0,,,1694353476.0,1694353493.0,1694353504.0,35087406.2,1694353491.0,1694353521.0,1694353509.0,1694353512.0,4507.0,1694353521.0,1694353526.0,5.0,,15.0,30.0,5.0,11.0,177143937.0,3.0,13907.0,poseidon,condorpool,poseidon-worker-2-container-4-7,post_vel,/opt/netcdf2png/merged_netcdf2png,,0.1,0,0,,,,,,,,,
mvt_ID0000109,None,compute,0,1694353471.0,,,1694353476.0,1694353495.0,1694353506.0,29825197.8,1694353493.0,1694353561.0,1694353551.0,1694353554.0,19304.0,1694353561.0,1694353566.0,5.0,,17.0,68.0,5.0,11.0,177143652.0,3.0,59954.0,poseidon,condorpool,poseidon-worker-2-container-0-3,mvt,/opt/mvt/mvt,,39.4,0,0,0.0,791891.0,32768.0,428.0,8.0,29.9,0.1,26396.4,1638.4
register_condorpool_0_0,None,auxiliary,0,1694353471.0,,,1694353526.0,,,0.0,1694353526.0,1694353531.0,,,0.0,1694353531.0,1694353536.0,55.0,,0.0,5.0,5.0,,,,,poseidon,local,poseidon-submit,pegasus::rc-client,/mnt/poseidon-data/poseidon/pegasus-5.1.0panorama/bin/pegasus-rc-client,"-n pegasus::rc-client -N null -R local  -L casa-wind-full -T 2023-09-08T07:29:05+00:00 /home/poseidon/pegasus-5.1.0panorama/bin/pegasus-rc-client --prefix pegasus.catalog.replica.output --conf /mnt/poseidon-data/poseidon/workflows/casa-wind-workflow-full/submit/poseidon/pegasus/casa-wind-full/run0154/pegasus.7984751578906733954.properties -v --meta /mnt/poseidon-data/poseidon/workflows/casa-wind-workflow-full/submit/poseidon/pegasus/casa-wind-full/run0154/00/00/unzip_ID0000026.meta,/mnt/poseidon-data/poseidon/workflows/casa-wind-workflow-full/submit/poseidon/pegasus/casa-wind-full/run0154/00/00/unzip_ID0000061.meta,/mnt/poseidon-data/poseidon/workflows/casa-wind-workflow-full/submit/poseidon/pegasus/casa-wind-full/run0154/00/00/unzip_ID0000071.meta,/mnt/poseidon-data/poseidon/workflows/casa-wind-workflow-full/submit/poseidon/pegasus/casa-wind-full/run0154/00/00/unzip_ID0000041.meta,/mnt/poseidon-data/poseidon/workflows/casa-wind-workflow-full/submit/poseidon/pegasus/casa-wind-full/run0154/00/00/unzip_ID0000016.meta,/mnt/poseidon-data/poseidon/workflows/casa-wind-workflow-full/submit/poseidon/pegasus/casa-wind-full/run0154/00/00/unzip_ID0000111.meta,/mnt/poseidon-data/poseidon/workflows/casa-wind-workflow-full/submit/poseidon/pegasus/casa-wind-full/run0154/00/00/unzip_ID0000011.meta,/mnt/poseidon-data/poseidon/workflows/casa-wind-workflow-full/submit/poseidon/pegasus/casa-wind-full/run0154/00/00/unzip_ID0000081.meta,/mnt/poseidon-data/poseidon/workflows/casa-wind-workflow-full/submit/poseidon/pegasus/casa-wind-full/run0154/00/00/unzip_ID0000066.meta,/mnt/poseidon-data/poseidon/workflows/casa-wind-workflow-full/submit/poseidon/pegasus/casa-wind-full/run0154/00/00/unzip_ID0000096.meta,/mnt/poseidon-data/poseidon/workflows/casa-wind-workflow-full/submit/poseidon/pegasus/casa-wind-full/run0154/00/00/unzip_ID0000051.meta,/mnt/poseidon-data/poseidon/workflows/casa-wind-workflow-full/submit/poseidon/pegasus/casa-wind-full/run0154/00/00/unzip_ID0000031.meta,/mnt/poseidon-data/poseidon/workflows/casa-wind-workflow-full/submit/poseidon/pegasus/casa-wind-full/run0154/00/00/unzip_ID0000116.meta,/mnt/poseidon-data/poseidon/workflows/casa-wind-workflow-full/submit/poseidon/pegasus/casa-wind-full/run0154/00/00/unzip_ID0000101.meta,/mnt/poseidon-data/poseidon/workflows/casa-wind-workflow-full/submit/poseidon/pegasus/casa-wind-full/run0154/00/00/unzip_ID0000121.meta,/mnt/poseidon-data/poseidon/workflows/casa-wind-workflow-full/submit/poseidon/pegasus/casa-wind-full/run0154/00/00/unzip_ID0000106.meta,/mnt/poseidon-data/poseidon/workflows/casa-wind-workflow-full/submit/poseidon/pegasus/casa-wind-full/run0154/00/00/unzip_ID0000046.meta,/mnt/poseidon-data/poseidon/workflows/casa-wind-workflow-full/submit/poseidon/pegasus/casa-wind-full/run0154/00/00/unzip_ID0000076.meta,/mnt/poseidon-data/poseidon/workflows/casa-wind-workflow-full/submit/poseidon/pegasus/casa-wind-full/run0154/00/00/unzip_ID0000056.meta,/mnt/poseidon-data/poseidon/workflows/casa-wind-workflow-full/submit/poseidon/pegasus/casa-wind-full/run0154/00/00/unzip_ID0000021.meta,/mnt/poseidon-data/poseidon/workflows/casa-wind-workflow-full/submit/poseidon/pegasus/casa-wind-full/run0154/00/00/unzip_ID0000086.meta,/mnt/poseidon-data/poseidon/workflows/casa-wind-workflow-full/submit/poseidon/pegasus/casa-wind-full/run0154/00/00/unzip_ID0000126.meta,/mnt/poseidon-data/poseidon/workflows/casa-wind-workflow-full/submit/poseidon/pegasus/casa-wind-full/run0154/00/00/unzip_ID0000006.meta,/mnt/poseidon-data/poseidon/workflows/casa-wind-workflow-full/submit/poseidon/pegasus/casa-wind-full/run0154/00/00/unzip_ID0000036.meta,/mnt/poseidon-data/poseidon/workflows/casa-wind-workflow-full/submit/poseidon/pegasus/casa-wind-full/run0154/00/00/unzip_ID0000001.meta,/mnt/poseidon-data/poseidon/workflows/casa-wind-workflow-full/submit/poseidon/pegasus/casa-wind-full/run0154/00/00/unzip_ID0000091.meta --insert /mnt/poseidon-data/poseidon/workflows/casa-wind-workflow-full/submit/poseidon/pegasus/casa-wind-full/run0154/00/00/register_condorpool_0_0.in",3.1,0,0,,,,,,,,,
register_condorpool_0_1,None,auxiliary,0,1694353471.0,,,1694353486.0,,,0.0,1694353487.0,1694353491.0,,,0.0,1694353491.0,1694353496.0,15.0,,1.0,4.0,5.0,,,,,poseidon,local,poseidon-submit,pegasus::rc-client,/mnt/poseidon-data/poseidon/pegasus-5.1.0panorama/bin/pegasus-rc-client,"-n pegasus::rc-client -N null -R local  -L casa-wind-full -T 2023-09-08T07:29:05+00:00 /home/poseidon/pegasus-5.1.0panorama/bin/pegasus-rc-client --prefix pegasus.catalog.replica.output --conf /mnt/poseidon-data/poseidon/workflows/casa-wind-workflow-full/submit/poseidon/pegasus/casa-wind-full/run0154/pegasus.7984751578906733954.properties -v --meta /mnt/poseidon-data/poseidon/workflows/casa-wind-workflow-full/submit/poseidon/pegasus/casa-wind-full/run0154/00/00/unzip_ID0000026.meta,/mnt/poseidon-data/poseidon/workflows/casa-wind-workflow-full/submit/poseidon/pegasus/casa-wind-full/run0154/00/00/unzip_ID0000061.meta,/mnt/poseidon-data/poseidon/workflows/casa-wind-workflow-full/submit/poseidon/pegasus/casa-wind-full/run0154/00/00/unzip_ID0000071.meta,/mnt/poseidon-data/poseidon/workflows/casa-wind-workflow-full/submit/poseidon/pegasus/casa-wind-full/run0154/00/00/unzip_ID0000041.meta,/mnt/poseidon-data/poseidon/workflows/casa-wind-workflow-full/submit/poseidon/pegasus/casa-wind-full/run0154/00/00/unzip_ID0000016.meta,/mnt/poseidon-data/poseidon/workflows/casa-wind-workflow-full/submit/poseidon/pegasus/casa-wind-full/run0154/00/00/unzip_ID0000111.meta,/mnt/poseidon-data/poseidon/workflows/casa-wind-workflow-full/submit/poseidon/pegasus/casa-wind-full/run0154/00/00/unzip_ID0000011.meta,/mnt/poseidon-data/poseidon/workflows/casa-wind-workflow-full/submit/poseidon/pegasus/casa-wind-full/run0154/00/00/unzip_ID0000081.meta,/mnt/poseidon-data/poseidon/workflows/casa-wind-workflow-full/submit/poseidon/pegasus/casa-wind-full/run0154/00/00/unzip_ID0000066.meta,/mnt/poseidon-data/poseidon/workflows/casa-wind-workflow-full/submit/poseidon/pegasus/casa-wind-full/run0154/00/00/unzip_ID0000096.meta,/mnt/poseidon-data/poseidon/workflows/casa-wind-workflow-full/submit/poseidon/pegasus/casa-wind-full/run0154/00/00/unzip_ID0000051.meta,/mnt/poseidon-data/poseidon/workflows/casa-wind-workflow-full/submit/poseidon/pegasus/casa-wind-full/run0154/00/00/unzip_ID0000031.meta,/mnt/poseidon-data/poseidon/workflows/casa-wind-workflow-full/submit/poseidon/pegasus/casa-wind-full/run0154/00/00/unzip_ID0000116.meta,/mnt/poseidon-data/poseidon/workflows/casa-wind-workflow-full/submit/poseidon/pegasus/casa-wind-full/run0154/00/00/unzip_ID0000101.meta,/mnt/poseidon-data/poseidon/workflows/casa-wind-workflow-full/submit/poseidon/pegasus/casa-wind-full/run0154/00/00/unzip_ID0000121.meta,/mnt/poseidon-data/poseidon/workflows/casa-wind-workflow-full/submit/poseidon/pegasus/casa-wind-full/run0154/00/00/unzip_ID0000106.meta,/mnt/poseidon-data/poseidon/workflows/casa-wind-workflow-full/submit/poseidon/pegasus/casa-wind-full/run0154/00/00/unzip_ID0000046.meta,/mnt/poseidon-data/poseidon/workflows/casa-wind-workflow-full/submit/poseidon/pegasus/casa-wind-full/run0154/00/00/unzip_ID0000076.meta,/mnt/poseidon-data/poseidon/workflows/casa-wind-workflow-full/submit/poseidon/pegasus/casa-wind-full/run0154/00/00/unzip_ID0000056.meta,/mnt/poseidon-data/poseidon/workflows/casa-wind-workflow-full/submit/poseidon/pegasus/casa-wind-full/run0154/00/00/unzip_ID0000021.meta,/mnt/poseidon-data/poseidon/workflows/casa-wind-workflow-full/submit/poseidon/pegasus/casa-wind-full/run0154/00/00/unzip_ID0000086.meta,/mnt/poseidon-data/poseidon/workflows/casa-wind-workflow-full/submit/poseidon/pegasus/casa-wind-full/run0154/00/00/unzip_ID0000126.meta,/mnt/poseidon-data/poseidon/workflows/casa-wind-workflow-full/submit/poseidon/pegasus/casa-wind-full/run0154/00/00/unzip_ID0000006.meta,/mnt/poseidon-data/poseidon/workflows/casa-wind-workflow-full/submit/poseidon/pegasus/casa-wind-full/run0154/00/00/unzip_ID0000036.meta,/mnt/poseidon-data/poseidon/workflows/casa-wind-workflow-full/submit/poseidon/pegasus/casa-wind-full/run0154/00/00/unzip_ID0000001.meta,/mnt/poseidon-data/poseidon/workflows/casa-wind-workflow-full/submit/poseidon/pegasus/casa-wind-full/run0154/00/00/unzip_ID0000091.meta --insert /mnt/poseidon-data/poseidon/workflows/casa-wind-workflow-full/submit/poseidon/pegasus/casa-wind-full/run0154/00/00/register_condorpool_0_1.in",3.1,0,0,,,,,,,,,
register_condorpool_0_2,None,auxiliary,0,1694353471.0,,,1694353476.0,,,0.0,1694353478.0,1694353481.0,,,0.0,1694353481.0,1694353486.0,5.0,,2.0,3.0,5.0,,,,,poseidon,local,poseidon-submit,pegasus::rc-client,/mnt/poseidon-data/poseidon/pegasus-5.1.0panorama/bin/pegasus-rc-client,"-n pegasus::rc-client -N null -R local  -L casa-wind-full -T 2023-09-08T07:29:05+00:00 /home/poseidon/pegasus-5.1.0panorama/bin/pegasus-rc-client --prefix pegasus.catalog.replica.output --conf /mnt/poseidon-data/poseidon/workflows/casa-wind-workflow-full/submit/poseidon/pegasus/casa-wind-full/run0154/pegasus.7984751578906733954.properties -v --meta /mnt/poseidon-data/poseidon/workflows/casa-wind-workflow-full/submit/poseidon/pegasus/casa-wind-full/run0154/00/00/unzip_ID0000026.meta,/mnt/poseidon-data/poseidon/workflows/casa-wind-workflow-full/submit/poseidon/pegasus/casa-wind-full/run0154/00/00/unzip_ID0000061.meta,/mnt/poseidon-data/poseidon/workflows/casa-wind-workflow-full/submit/poseidon/pegasus/casa-wind-full/run0154/00/00/unzip_ID0000071.meta,/mnt/poseidon-data/poseidon/workflows/casa-wind-workflow-full/submit/poseidon/pegasus/casa-wind-full/run0154/00/00/unzip_ID0000041.meta,/mnt/poseidon-data/poseidon/workflows/casa-wind-workflow-full/submit/poseidon/pegasus/casa-wind-full/run0154/00/00/unzip_ID0000016.meta,/mnt/poseidon-data/poseidon/workflows/casa-wind-workflow-full/submit/poseidon/pegasus/casa-wind-full/run0154/00/00/unzip_ID0000111.meta,/mnt/poseidon-data/poseidon/workflows/casa-wind-workflow-full/submit/poseidon/pegasus/casa-wind-full/run0154/00/00/unzip_ID0000011.meta,/mnt/poseidon-data/poseidon/workflows/casa-wind-workflow-full/submit/poseidon/pegasus/casa-wind-full/run0154/00/00/unzip_ID0000081.meta,/mnt/poseidon-data/poseidon/workflows/casa-wind-workflow-full/submit/poseidon/pegasus/casa-wind-full/run0154/00/00/unzip_ID0000066.meta,/mnt/poseidon-data/poseidon/workflows/casa-wind-workflow-full/submit/poseidon/pegasus/casa-wind-full/run0154/00/00/unzip_ID0000096.meta,/mnt/poseidon-data/poseidon/workflows/casa-wind-workflow-full/submit/poseidon/pegasus/casa-wind-full/run0154/00/00/unzip_ID0000051.meta,/mnt/poseidon-data/poseidon/workflows/casa-wind-workflow-full/submit/poseidon/pegasus/casa-wind-full/run0154/00/00/unzip_ID0000031.meta,/mnt/poseidon-data/poseidon/workflows/casa-wind-workflow-full/submit/poseidon/pegasus/casa-wind-full/run0154/00/00/unzip_ID0000116.meta,/mnt/poseidon-data/poseidon/workflows/casa-wind-workflow-full/submit/poseidon/pegasus/casa-wind-full/run0154/00/00/unzip_ID0000101.meta,/mnt/poseidon-data/poseidon/workflows/casa-wind-workflow-full/submit/poseidon/pegasus/casa-wind-full/run0154/00/00/unzip_ID0000121.meta,/mnt/poseidon-data/poseidon/workflows/casa-wind-workflow-full/submit/poseidon/pegasus/casa-wind-full/run0154/00/00/unzip_ID0000106.meta,/mnt/poseidon-data/poseidon/workflows/casa-wind-workflow-full/submit/poseidon/pegasus/casa-wind-full/run0154/00/00/unzip_ID0000046.meta,/mnt/poseidon-data/poseidon/workflows/casa-wind-workflow-full/submit/poseidon/pegasus/casa-wind-full/run0154/00/00/unzip_ID0000076.meta,/mnt/poseidon-data/poseidon/workflows/casa-wind-workflow-full/submit/poseidon/pegasus/casa-wind-full/run0154/00/00/unzip_ID0000056.meta,/mnt/poseidon-data/poseidon/workflows/casa-wind-workflow-full/submit/poseidon/pegasus/casa-wind-full/run0154/00/00/unzip_ID0000021.meta,/mnt/poseidon-data/poseidon/workflows/casa-wind-workflow-full/submit/poseidon/pegasus/casa-wind-full/run0154/00/00/unzip_ID0000086.meta,/mnt/poseidon-data/poseidon/workflows/casa-wind-workflow-full/submit/poseidon/pegasus/casa-wind-full/run0154/00/00/unzip_ID0000126.meta,/mnt/poseidon-data/poseidon/workflows/casa-wind-workflow-full/submit/poseidon/pegasus/casa-wind-full/run0154/00/00/unzip_ID0000006.meta,/mnt/poseidon-data/poseidon/workflows/casa-wind-workflow-full/submit/poseidon/pegasus/casa-wind-full/run0154/00/00/unzip_ID0000036.meta,/mnt/poseidon-data/poseidon/workflows/casa-wind-workflow-full/submit/poseidon/pegasus/casa-wind-full/run0154/00/00/unzip_ID0000001.meta,/mnt/poseidon-data/poseidon/workflows/casa-wind-workflow-full/submit/poseidon/pegasus/casa-wind-full/run0154/00/00/unzip_ID0000091.meta --insert /mnt/poseidon-data/poseidon/workflows/casa-wind-workflow-full/submit/poseidon/pegasus/casa-wind-full/run0154/00/00/register_condorpool_0_2.in",3.0,0,0,,,,,,,,,
post_vel_ID0000008,None,compute,0,1694353471.0,,,1694353476.0,1694353493.0,1694353505.0,29501748.8,1694353491.0,1694353521.0,1694353510.0,1694353513.0,3505.0,1694353521.0,1694353526.0,5.0,,15.0,30.0,5.0,12.0,177143937.0,3.0,10982.0,poseidon,condorpool,poseidon-worker-2-container-36-39,post_vel,/opt/netcdf2png/merged_netcdf2png,,0.1,0,0,,,,,,,,,
mvt_ID0000009,None,compute,0,1694353471.0,,,1694353476.0,1694353494.0,1694353505.0,29749939.0,1694353492.0,1694353561.0,1694353550.0,1694353553.0,11334.0,1694353561.0,1694353566.0,5.0,,16.0,69.0,5.0,11.0,177143652.0,3.0,35429.0,poseidon,condorpool,poseidon-worker-1-container-44-47,mvt,/opt/mvt/mvt,,39.8,0,0,0.0,791976.0,20480.0,428.0,5.0,29.9,0.1,26399.2,1024.0
post_vel_ID0000058,None,compute,0,1694353471.0,,,1694353476.0,1694353495.0,1694353506.0,34730297.2,1694353493.0,1694353521.0,1694353511.0,1694353514.0,3589.0,1694353521.0,1694353526.0,5.0,,17.0,28.0,5.0,11.0,177143937.0,3.0,10981.0,poseidon,condorpool,poseidon-worker-2-container-44-47,post_vel,/opt/netcdf2png/merged_netcdf2png,,0.1,0,0,,,,,,,,,
post_vel_ID0000028,None,compute,0,1694353471.0,,,1694353476.0,1694353479.0,1694353490.0,35136543.4,1694353478.0,1694353506.0,1694353496.0,1694353499.0,3775.0,1694353506.0,1694353511.0,5.0,,2.0,28.0,5.0,11.0,177143937.0,3.0,11529.0,poseidon,condorpool,poseidon-worker-2-container-12-15,post_vel,/opt/netcdf2png/merged_netcdf2png,,0.1,0,0,,,,,,,,,
stage_out_local_condorpool_1_2,None,transfer,0,1694353476.0,,,1694353481.0,,,0.0,1694353481.0,1694353486.0,,,0.0,1694353486.0,1694353491.0,5.0,,0.0,5.0,5.0,,,,,poseidon,local,poseidon-submit,pegasus::transfer,/mnt/poseidon-data/poseidon/pegasus-5.1.0panorama/bin/pegasus-transfer,/home/poseidon/pegasus-5.1.0panorama/bin/../bin/pegasus-kickstart  -n pegasus::transfer -N null -i - -R local  -L casa-wind-full -T 2023-09-08T07:29:05+00:00 /home/poseidon/pegasus-5.1.0panorama/bin/../bin/pegasus-transfer  --threads 2,0.9,0,0,,,,,,,,,
mvt_ID0000089,None,compute,0,1694353476.0,,,1694353481.0,1694353493.0,1694353504.0,29821584.0,1694353491.0,1694353561.0,1694353549.0,1694353552.0,15311.0,1694353561.0,1694353566.0,5.0,,10.0,70.0,5.0,11.0,177143652.0,3.0,48475.0,poseidon,condorpool,poseidon-worker-1-container-0-3,mvt,/opt/mvt/mvt,,39.5,0,0,0.0,824755.0,24576.0,500.0,6.0,29.9,0.1,27491.8,2457.6
post_vel_ID0000088,None,compute,0,1694353476.0,,,1694353481.0,1694353494.0,1694353505.0,31573503.0,1694353491.0,1694353521.0,1694353510.0,1694353513.0,4062.0,1694353521.0,1694353526.0,5.0,,10.0,30.0,5.0,11.0,177143937.0,3.0,12740.0,poseidon,condorpool,poseidon-worker-1-container-20-23,post_vel,/opt/netcdf2png/merged_netcdf2png,,0.1,0,0,,,,,,,,,
stage_out_local_condorpool_1_0,None,transfer,0,1694353476.0,,,1694353481.0,,,0.0,1694353481.0,1694353486.0,,,0.0,1694353486.0,1694353491.0,5.0,,0.0,5.0,5.0,,,,,poseidon,local,poseidon-submit,pegasus::transfer,/mnt/poseidon-data/poseidon/pegasus-5.1.0panorama/bin/pegasus-transfer,/home/poseidon/pegasus-5.1.0panorama/bin/../bin/pegasus-kickstart  -n pegasus::transfer -N null -i - -R local  -L casa-wind-full -T 2023-09-08T07:29:05+00:00 /home/poseidon/pegasus-5.1.0panorama/bin/../bin/pegasus-transfer  --threads 2,1.0,0,0,,,,,,,,,
mvt_ID0000024,None,compute,0,1694353476.0,,,1694353481.0,1694353493.0,1694353504.0,30286633.8,1694353491.0,1694353561.0,1694353549.0,1694353552.0,9782.0,1694353561.0,1694353566.0,5.0,,10.0,70.0,5.0,11.0,177143652.0,3.0,30705.0,poseidon,condorpool,poseidon-worker-2-container-12-15,mvt,/opt/mvt/mvt,,39.6,0,0,0.0,791976.0,16384.0,428.0,4.0,29.9,0.1,26399.2,819.2
mvt_ID0000124,None,compute,0,1694353476.0,,,1694353481.0,1694353496.0,1694353506.0,29732693.0,1694353494.0,1694353561.0,1694353552.0,1694353555.0,22920.0,1694353561.0,1694353566.0,5.0,,13.0,67.0,5.0,10.0,177143652.0,3.0,70564.0,poseidon,condorpool,poseidon-worker-1-container-12-15,mvt,/opt/mvt/mvt,,40.4,0,0,0.0,825924.0,40960.0,509.0,10.0,39.9,0.1,20648.1,4096.0
post_vel_ID0000093,None,compute,0,1694353476.0,,,1694353481.0,1694353494.0,1694353505.0,35104065.0,1694353492.0,1694353521.0,1694353510.0,1694353513.0,4309.0,1694353521.0,1694353526.0,5.0,,11.0,29.0,5.0,11.0,177143937.0,3.0,13303.0,poseidon,condorpool,poseidon-worker-2-container-20-23,post_vel,/opt/netcdf2png/merged_netcdf2png,,0.1,0,0,,,,,,,,,
mvt_ID0000094,None,compute,0,1694353476.0,,,1694353481.0,1694353493.0,1694353505.0,28575680.7,1694353491.0,1694353561.0,1694353550.0,1694353553.0,16579.0,1694353561.0,1694353566.0,5.0,,10.0,70.0,5.0,12.0,177143652.0,3.0,52407.0,poseidon,condorpool,poseidon-worker-2-container-24-27,mvt,/opt/mvt/mvt,,39.6,0,0,0.0,789217.0,28672.0,422.0,7.0,29.9,0.1,26307.2,1433.6
post_vel_ID0000023,None,compute,0,1694353476.0,,,1694353481.0,1694353493.0,1694353505.0,27114002.0,1694353491.0,1694353521.0,1694353511.0,1694353514.0,3683.0,1694353521.0,1694353526.0,5.0,,10.0,30.0,5.0,12.0,177143937.0,3.0,11372.0,poseidon,condorpool,poseidon-worker-2-container-16-19,post_vel,/opt/netcdf2png/merged_netcdf2png,,0.1,0,0,,,,,,,,,
post_vel_ID0000013,None,compute,0,1694353476.0,,,1694353481.0,1694353493.0,1694353505.0,27516086.6,1694353491.0,1694353521.0,1694353510.0,1694353513.0,3549.0,1694353521.0,1694353526.0,5.0,,10.0,30.0,5.0,12.0,177143937.0,3.0,11040.0,poseidon,condorpool,poseidon-worker-2-container-8-11,post_vel,/opt/netcdf2png/merged_netcdf2png,,0.1,0,0,,,,,,,,,
post_vel_ID0000123,None,compute,0,1694353476.0,,,1694353481.0,1694353493.0,1694353504.0,34267615.6,1694353491.0,1694353521.0,1694353509.0,1694353512.0,4798.0,1694353521.0,1694353526.0,5.0,,10.0,30.0,5.0,11.0,177143937.0,3.0,14777.0,poseidon,condorpool,poseidon-worker-1-container-8-11,post_vel,/opt/netcdf2png/merged_netcdf2png,,0.1,0,0,,,,,,,,,
mvt_ID0000014,cpu_2,compute,0,1694353476.0,,,1694353481.0,1694353494.0,1694353505.0,34694186.6,1694353492.0,1694353561.0,1694353550.0,1694353553.0,10135.0,1694353561.0,1694353566.0,5.0,,11.0,69.0,5.0,11.0,177143652.0,3.0,31991.0,poseidon,condorpool,poseidon-worker-1-container-4-7,mvt,/opt/mvt/mvt,,39.8,0,0,0.0,819269.0,16384.0,488.0,4.0,29.9,0.1,27309.0,819.2
post_vel_ID0000073,None,compute,0,1694353481.0,,,1694353486.0,1694353494.0,1694353505.0,34714358.8,1694353492.0,1694353521.0,1694353511.0,1694353514.0,3794.0,1694353521.0,1694353526.0,5.0,,6.0,29.0,5.0,11.0,177143937.0,3.0,11825.0,poseidon,condorpool,poseidon-worker-2-container-44-47,post_vel,/opt/netcdf2png/merged_netcdf2png,,0.1,0,0,,,,,,,,,
mvt_ID0000074,None,compute,0,1694353481.0,,,1694353486.0,1694353493.0,1694353505.0,29700631.5,1694353491.0,1694353561.0,1694353549.0,1694353553.0,12468.0,1694353561.0,1694353566.0,5.0,,5.0,70.0,5.0,12.0,177143652.0,4.0,38855.0,poseidon,condorpool,poseidon-worker-2-container-32-35,mvt,/opt/mvt/mvt,,39.4,0,0,0.0,885439.0,20480.0,632.0,5.0,29.9,0.1,29514.6,1024.0
stage_out_local_condorpool_1_1,None,transfer,0,1694353481.0,,,1694353486.0,,,0.0,1694353487.0,1694353491.0,,,0.0,1694353491.0,1694353496.0,5.0,,1.0,4.0,5.0,,,,,poseidon,local,poseidon-submit,pegasus::transfer,/mnt/poseidon-data/poseidon/pegasus-5.1.0panorama/bin/pegasus-transfer,/home/poseidon/pegasus-5.1.0panorama/bin/../bin/pegasus-kickstart  -n pegasus::transfer -N null -i - -R local  -L casa-wind-full -T 2023-09-08T07:29:05+00:00 /home/poseidon/pegasus-5.1.0panorama/bin/../bin/pegasus-transfer  --threads 2,1.0,0,0,,,,,,,,,
register_condorpool_1_2,None,auxiliary,0,1694353491.0,,,1694353496.0,,,0.0,1694353497.0,1694353501.0,,,0.0,1694353501.0,1694353506.0,5.0,,1.0,4.0,5.0,,,,,poseidon,local,poseidon-submit,pegasus::rc-client,/mnt/poseidon-data/poseidon/pegasus-5.1.0panorama/bin/pegasus-rc-client,"-n pegasus::rc-client -N null -R local  -L casa-wind-full -T 2023-09-08T07:29:05+00:00 /home/poseidon/pegasus-5.1.0panorama/bin/pegasus-rc-client --prefix pegasus.catalog.replica.output --conf /mnt/poseidon-data/poseidon/workflows/casa-wind-workflow-full/submit/poseidon/pegasus/casa-wind-full/run0154/pegasus.7984751578906733954.properties -v --meta /mnt/poseidon-data/poseidon/workflows/casa-wind-workflow-full/submit/poseidon/pegasus/casa-wind-full/run0154/00/00/um_vel_ID0000117.meta,/mnt/poseidon-data/poseidon/workflows/casa-wind-workflow-full/submit/poseidon/pegasus/casa-wind-full/run0154/00/01/um_vel_ID0000052.meta,/mnt/poseidon-data/poseidon/workflows/casa-wind-workflow-full/submit/poseidon/pegasus/casa-wind-full/run0154/00/00/um_vel_ID0000002.meta,/mnt/poseidon-data/poseidon/workflows/casa-wind-workflow-full/submit/poseidon/pegasus/casa-wind-full/run0154/00/00/um_vel_ID0000012.meta,/mnt/poseidon-data/poseidon/workflows/casa-wind-workflow-full/submit/poseidon/pegasus/casa-wind-full/run0154/00/00/um_vel_ID0000032.meta,/mnt/poseidon-data/poseidon/workflows/casa-wind-workflow-full/submit/poseidon/pegasus/casa-wind-full/run0154/00/01/um_vel_ID0000062.meta,/mnt/poseidon-data/poseidon/workflows/casa-wind-workflow-full/submit/poseidon/pegasus/casa-wind-full/run0154/00/01/um_vel_ID0000112.meta,/mnt/poseidon-data/poseidon/workflows/casa-wind-workflow-full/submit/poseidon/pegasus/casa-wind-full/run0154/00/01/um_vel_ID0000107.meta --insert /mnt/poseidon-data/poseidon/workflows/casa-wind-workflow-full/submit/poseidon/pegasus/casa-wind-full/run0154/00/01/register_condorpool_1_2.in",2.8,0,0,,,,,,,,,
register_condorpool_1_0,None,auxiliary,0,1694353491.0,,,1694353516.0,,,0.0,1694353517.0,1694353521.0,,,0.0,1694353521.0,1694353526.0,25.0,,1.0,4.0,5.0,,,,,poseidon,local,poseidon-submit,pegasus::rc-client,/mnt/poseidon-data/poseidon/pegasus-5.1.0panorama/bin/pegasus-rc-client,"-n pegasus::rc-client -N null -R local  -L casa-wind-full -T 2023-09-08T07:29:05+00:00 /home/poseidon/pegasus-5.1.0panorama/bin/pegasus-rc-client --prefix pegasus.catalog.replica.output --conf /mnt/poseidon-data/poseidon/workflows/casa-wind-workflow-full/submit/poseidon/pegasus/casa-wind-full/run0154/pegasus.7984751578906733954.properties -v --meta /mnt/poseidon-data/poseidon/workflows/casa-wind-workflow-full/submit/poseidon/pegasus/casa-wind-full/run0154/00/01/um_vel_ID0000067.meta,/mnt/poseidon-data/poseidon/workflows/casa-wind-workflow-full/submit/poseidon/pegasus/casa-wind-full/run0154/00/00/um_vel_ID0000127.meta,/mnt/poseidon-data/poseidon/workflows/casa-wind-workflow-full/submit/poseidon/pegasus/casa-wind-full/run0154/00/00/um_vel_ID0000122.meta,/mnt/poseidon-data/poseidon/workflows/casa-wind-workflow-full/submit/poseidon/pegasus/casa-wind-full/run0154/00/00/um_vel_ID0000092.meta,/mnt/poseidon-data/poseidon/workflows/casa-wind-workflow-full/submit/poseidon/pegasus/casa-wind-full/run0154/00/01/um_vel_ID0000077.meta,/mnt/poseidon-data/poseidon/workflows/casa-wind-workflow-full/submit/poseidon/pegasus/casa-wind-full/run0154/00/01/um_vel_ID0000057.meta,/mnt/poseidon-data/poseidon/workflows/casa-wind-workflow-full/submit/poseidon/pegasus/casa-wind-full/run0154/00/00/um_vel_ID0000027.meta,/mnt/poseidon-data/poseidon/workflows/casa-wind-workflow-full/submit/poseidon/pegasus/casa-wind-full/run0154/00/01/um_vel_ID0000042.meta,/mnt/poseidon-data/poseidon/workflows/casa-wind-workflow-full/submit/poseidon/pegasus/casa-wind-full/run0154/00/00/um_vel_ID0000022.meta --insert /mnt/poseidon-data/poseidon/workflows/casa-wind-workflow-full/submit/poseidon/pegasus/casa-wind-full/run0154/00/01/register_condorpool_1_0.in",2.6,0,0,,,,,,,,,
register_condorpool_1_1,None,auxiliary,0,1694353496.0,,,1694353506.0,,,0.0,1694353506.0,1694353511.0,,,0.0,1694353511.0,1694353516.0,10.0,,0.0,5.0,5.0,,,,,poseidon,local,poseidon-submit,pegasus::rc-client,/mnt/poseidon-data/poseidon/pegasus-5.1.0panorama/bin/pegasus-rc-client,"-n pegasus::rc-client -N null -R local  -L casa-wind-full -T 2023-09-08T07:29:05+00:00 /home/poseidon/pegasus-5.1.0panorama/bin/pegasus-rc-client --prefix pegasus.catalog.replica.output --conf /mnt/poseidon-data/poseidon/workflows/casa-wind-workflow-full/submit/poseidon/pegasus/casa-wind-full/run0154/pegasus.7984751578906733954.properties -v --meta /mnt/poseidon-data/poseidon/workflows/casa-wind-workflow-full/submit/poseidon/pegasus/casa-wind-full/run0154/00/00/um_vel_ID0000017.meta,/mnt/poseidon-data/poseidon/workflows/casa-wind-workflow-full/submit/poseidon/pegasus/casa-wind-full/run0154/00/01/um_vel_ID0000037.meta,/mnt/poseidon-data/poseidon/workflows/casa-wind-workflow-full/submit/poseidon/pegasus/casa-wind-full/run0154/00/00/um_vel_ID0000082.meta,/mnt/poseidon-data/poseidon/workflows/casa-wind-workflow-full/submit/poseidon/pegasus/casa-wind-full/run0154/00/00/um_vel_ID0000097.meta,/mnt/poseidon-data/poseidon/workflows/casa-wind-workflow-full/submit/poseidon/pegasus/casa-wind-full/run0154/00/01/um_vel_ID0000047.meta,/mnt/poseidon-data/poseidon/workflows/casa-wind-workflow-full/submit/poseidon/pegasus/casa-wind-full/run0154/00/00/um_vel_ID0000087.meta,/mnt/poseidon-data/poseidon/workflows/casa-wind-workflow-full/submit/poseidon/pegasus/casa-wind-full/run0154/00/01/um_vel_ID0000007.meta,/mnt/poseidon-data/poseidon/workflows/casa-wind-workflow-full/submit/poseidon/pegasus/casa-wind-full/run0154/00/01/um_vel_ID0000072.meta,/mnt/poseidon-data/poseidon/workflows/casa-wind-workflow-full/submit/poseidon/pegasus/casa-wind-full/run0154/00/01/um_vel_ID0000102.meta --insert /mnt/poseidon-data/poseidon/workflows/casa-wind-workflow-full/submit/poseidon/pegasus/casa-wind-full/run0154/00/01/register_condorpool_1_1.in",2.7,0,0,,,,,,,,,
point_alert_ID0000120,None,compute,0,1694353541.0,,,1694353546.0,1694353549.0,1694353561.0,29909346.8,1694353548.0,1694353577.0,1694353566.0,1694353569.0,7145.0,1694353577.0,1694353582.0,5.0,,2.0,29.0,5.0,12.0,176673508.0,3.0,21998.0,poseidon,condorpool,poseidon-worker-1-container-36-39,point_alert,/opt/pointAlert/pointAlert,,0.0,0,0,,,,,,,,,
point_alert_ID0000040,None,compute,0,1694353541.0,,,1694353546.0,1694353549.0,1694353560.0,35116712.4,1694353548.0,1694353577.0,1694353566.0,1694353569.0,6652.0,1694353577.0,1694353582.0,5.0,,2.0,29.0,5.0,11.0,176642369.0,3.0,20558.0,poseidon,condorpool,poseidon-worker-2-container-32-35,point_alert,/opt/pointAlert/pointAlert,,0.0,0,0,,,,,,,,,
point_alert_ID0000070,None,compute,0,1694353541.0,,,1694353546.0,1694353549.0,1694353560.0,29577190.5,1694353548.0,1694353577.0,1694353565.0,1694353569.0,6540.0,1694353577.0,1694353582.0,5.0,,2.0,29.0,5.0,11.0,176643292.0,4.0,20558.0,poseidon,condorpool,poseidon-worker-1-container-16-19,point_alert,/opt/pointAlert/pointAlert,,0.0,0,0,,,,,,,,,
point_alert_ID0000020,None,compute,0,1694353541.0,,,1694353546.0,1694353549.0,1694353561.0,28144892.0,1694353548.0,1694353577.0,1694353566.0,1694353569.0,6650.0,1694353577.0,1694353582.0,5.0,,2.0,29.0,5.0,12.0,176644228.0,3.0,20478.0,poseidon,condorpool,poseidon-worker-2-container-40-43,point_alert,/opt/pointAlert/pointAlert,,0.0,0,0,,,,,,,,,
point_alert_ID0000105,None,compute,0,1694353546.0,,,1694353551.0,1694353554.0,1694353565.0,33853142.2,1694353552.0,1694353582.0,1694353570.0,1694353573.0,6833.0,1694353582.0,1694353587.0,5.0,,1.0,30.0,5.0,11.0,176667573.0,3.0,21278.0,poseidon,condorpool,poseidon-worker-2-container-20-23,point_alert,/opt/pointAlert/pointAlert,,0.0,0,0,,,,,,,,,
point_alert_ID0000035,None,compute,0,1694353546.0,,,1694353551.0,1694353553.0,1694353565.0,32814026.2,1694353552.0,1694353582.0,1694353570.0,1694353573.0,6387.0,1694353582.0,1694353587.0,5.0,,1.0,30.0,5.0,12.0,176638959.0,3.0,20078.0,poseidon,condorpool,poseidon-worker-1-container-0-3,point_alert,/opt/pointAlert/pointAlert,,0.0,0,0,,,,,,,,,
stage_out_local_condorpool_2_4,None,transfer,0,1694353546.0,,,1694353551.0,,,0.0,1694353552.0,1694353561.0,,,0.0,1694353561.0,1694353566.0,5.0,,1.0,9.0,5.0,,,,,poseidon,local,poseidon-submit,pegasus::transfer,/mnt/poseidon-data/poseidon/pegasus-5.1.0panorama/bin/pegasus-transfer,/home/poseidon/pegasus-5.1.0panorama/bin/../bin/pegasus-kickstart  -n pegasus::transfer -N null -i - -R local  -L casa-wind-full -T 2023-09-08T07:29:05+00:00 /home/poseidon/pegasus-5.1.0panorama/bin/../bin/pegasus-transfer  --threads 2,0.8,0,0,,,,,,,,,
point_alert_ID0000080,None,compute,0,1694353546.0,,,1694353551.0,1694353554.0,1694353565.0,29575604.0,1694353552.0,1694353582.0,1694353570.0,1694353573.0,6607.0,1694353582.0,1694353587.0,5.0,,1.0,30.0,5.0,11.0,176653320.0,3.0,20718.0,poseidon,condorpool,poseidon-worker-2-container-28-31,point_alert,/opt/pointAlert/pointAlert,,0.0,0,0,,,,,,,,,
point_alert_ID0000055,None,compute,0,1694353546.0,,,1694353551.0,1694353554.0,1694353565.0,29496804.5,1694353552.0,1694353582.0,1694353570.0,1694353573.0,6625.0,1694353582.0,1694353587.0,5.0,,1.0,30.0,5.0,11.0,176636535.0,3.0,20638.0,poseidon,condorpool,poseidon-worker-2-container-32-35,point_alert,/opt/pointAlert/pointAlert,,0.0,0,0,,,,,,,,,
point_alert_ID0000005,None,compute,0,1694353546.0,,,1694353551.0,1694353554.0,1694353565.0,33666810.6,1694353552.0,1694353582.0,1694353570.0,1694353573.0,6547.0,1694353582.0,1694353587.0,5.0,,1.0,30.0,5.0,11.0,176636764.0,3.0,20398.0,poseidon,condorpool,poseidon-worker-2-container-16-19,point_alert,/opt/pointAlert/pointAlert,,0.0,0,0,,,,,,,,,
point_alert_ID0000100,None,compute,0,1694353546.0,,,1694353551.0,1694353554.0,1694353565.0,32717408.8,1694353552.0,1694353582.0,1694353570.0,1694353573.0,6422.0,1694353582.0,1694353587.0,5.0,,1.0,30.0,5.0,11.0,176658101.0,3.0,20638.0,poseidon,condorpool,poseidon-worker-1-container-12-15,point_alert,/opt/pointAlert/pointAlert,,0.0,0,0,,,,,,,,,
point_alert_ID0000085,cpu_2,compute,0,1694353546.0,,,1694353551.0,1694353554.0,1694353565.0,29571625.0,1694353552.0,1694353582.0,1694353570.0,1694353573.0,6808.0,1694353582.0,1694353587.0,5.0,,1.0,30.0,5.0,11.0,176655981.0,3.0,21118.0,poseidon,condorpool,poseidon-worker-1-container-4-7,point_alert,/opt/pointAlert/pointAlert,,0.0,0,0,,,,,,,,,
point_alert_ID0000065,None,compute,0,1694353546.0,,,1694353551.0,1694353553.0,1694353565.0,29608720.5,1694353552.0,1694353582.0,1694353570.0,1694353573.0,6552.0,1694353582.0,1694353587.0,5.0,,1.0,30.0,5.0,12.0,176639131.0,3.0,20238.0,poseidon,condorpool,poseidon-worker-2-container-44-47,point_alert,/opt/pointAlert/pointAlert,,0.0,0,0,,,,,,,,,
point_alert_ID0000030,None,compute,0,1694353551.0,,,1694353556.0,1694353559.0,1694353570.0,35315496.4,1694353557.0,1694353587.0,1694353575.0,1694353578.0,6368.0,1694353587.0,1694353592.0,5.0,,1.0,30.0,5.0,11.0,176646324.0,3.0,20158.0,poseidon,condorpool,poseidon-worker-2-container-36-39,point_alert,/opt/pointAlert/pointAlert,,0.0,0,0,,,,,,,,,
point_alert_ID0000095,cpu_2,compute,0,1694353566.0,,,1694353571.0,1694353575.0,1694353586.0,34087692.8,1694353573.0,1694353602.0,1694353591.0,1694353594.0,6585.0,1694353602.0,1694353607.0,5.0,,2.0,29.0,5.0,11.0,176660390.0,3.0,20718.0,poseidon,condorpool,poseidon-worker-1-container-28-31,point_alert,/opt/pointAlert/pointAlert,,0.0,0,0,,,,,,,,,
register_condorpool_2_4,None,auxiliary,0,1694353566.0,,,1694353571.0,,,0.0,1694353572.0,1694353577.0,,,0.0,1694353577.0,1694353582.0,5.0,,1.0,5.0,5.0,,,,,poseidon,local,poseidon-submit,pegasus::rc-client,/mnt/poseidon-data/poseidon/pegasus-5.1.0panorama/bin/pegasus-rc-client,"-n pegasus::rc-client -N null -R local  -L casa-wind-full -T 2023-09-08T07:29:05+00:00 /home/poseidon/pegasus-5.1.0panorama/bin/pegasus-rc-client --prefix pegasus.catalog.replica.output --conf /mnt/poseidon-data/poseidon/workflows/casa-wind-workflow-full/submit/poseidon/pegasus/casa-wind-full/run0154/pegasus.7984751578906733954.properties -v --meta /mnt/poseidon-data/poseidon/workflows/casa-wind-workflow-full/submit/poseidon/pegasus/casa-wind-full/run0154/00/02/post_vel_ID0000108.meta,/mnt/poseidon-data/poseidon/workflows/casa-wind-workflow-full/submit/poseidon/pegasus/casa-wind-full/run0154/00/01/post_vel_ID0000063.meta,/mnt/poseidon-data/poseidon/workflows/casa-wind-workflow-full/submit/poseidon/pegasus/casa-wind-full/run0154/00/01/post_vel_ID0000013.meta,/mnt/poseidon-data/poseidon/workflows/casa-wind-workflow-full/submit/poseidon/pegasus/casa-wind-full/run0154/00/02/mvt_ID0000054.meta,/mnt/poseidon-data/poseidon/workflows/casa-wind-workflow-full/submit/poseidon/pegasus/casa-wind-full/run0154/00/01/post_vel_ID0000033.meta,/mnt/poseidon-data/poseidon/workflows/casa-wind-workflow-full/submit/poseidon/pegasus/casa-wind-full/run0154/00/02/post_vel_ID0000113.meta,/mnt/poseidon-data/poseidon/workflows/casa-wind-workflow-full/submit/poseidon/pegasus/casa-wind-full/run0154/00/01/post_vel_ID0000003.meta,/mnt/poseidon-data/poseidon/workflows/casa-wind-workflow-full/submit/poseidon/pegasus/casa-wind-full/run0154/00/01/post_vel_ID0000118.meta --insert /mnt/poseidon-data/poseidon/workflows/casa-wind-workflow-full/submit/poseidon/pegasus/casa-wind-full/run0154/00/02/register_condorpool_2_4.in",2.7,0,0,,,,,,,,,
point_alert_ID0000010,None,compute,0,1694353566.0,,,1694353571.0,1694353574.0,1694353586.0,28116407.3,1694353573.0,1694353602.0,1694353592.0,1694353595.0,6504.0,1694353602.0,1694353607.0,5.0,,2.0,29.0,5.0,12.0,176643412.0,3.0,20478.0,poseidon,condorpool,poseidon-worker-2-container-12-15,point_alert,/opt/pointAlert/pointAlert,,0.0,0,0,,,,,,,,,
stage_out_local_condorpool_2_3,None,transfer,0,1694353566.0,,,1694353571.0,,,0.0,1694353572.0,1694353577.0,,,0.0,1694353577.0,1694353582.0,5.0,,1.0,5.0,5.0,,,,,poseidon,local,poseidon-submit,pegasus::transfer,/mnt/poseidon-data/poseidon/pegasus-5.1.0panorama/bin/pegasus-transfer,/home/poseidon/pegasus-5.1.0panorama/bin/../bin/pegasus-kickstart  -n pegasus::transfer -N null -i - -R local  -L casa-wind-full -T 2023-09-08T07:29:05+00:00 /home/poseidon/pegasus-5.1.0panorama/bin/../bin/pegasus-transfer  --threads 2,1.0,0,0,,,,,,,,,
stage_out_local_condorpool_2_2,None,transfer,0,1694353566.0,,,1694353571.0,,,0.0,1694353572.0,1694353577.0,,,0.0,1694353577.0,1694353582.0,5.0,,1.0,5.0,5.0,,,,,poseidon,local,poseidon-submit,pegasus::transfer,/mnt/poseidon-data/poseidon/pegasus-5.1.0panorama/bin/pegasus-transfer,/home/poseidon/pegasus-5.1.0panorama/bin/../bin/pegasus-kickstart  -n pegasus::transfer -N null -i - -R local  -L casa-wind-full -T 2023-09-08T07:29:05+00:00 /home/poseidon/pegasus-5.1.0panorama/bin/../bin/pegasus-transfer  --threads 2,1.0,0,0,,,,,,,,,
point_alert_ID0000045,None,compute,0,1694353566.0,,,1694353571.0,1694353575.0,1694353586.0,29565827.5,1694353573.0,1694353602.0,1694353591.0,1694353594.0,6526.0,1694353602.0,1694353607.0,5.0,,2.0,29.0,5.0,11.0,176636096.0,3.0,20798.0,poseidon,condorpool,poseidon-worker-2-container-32-35,point_alert,/opt/pointAlert/pointAlert,,0.0,0,0,,,,,,,,,
point_alert_ID0000050,None,compute,0,1694353566.0,,,1694353571.0,1694353575.0,1694353586.0,27636835.4,1694353573.0,1694353602.0,1694353592.0,1694353595.0,6741.0,1694353602.0,1694353607.0,5.0,,2.0,29.0,5.0,11.0,176632091.0,3.0,20878.0,poseidon,condorpool,poseidon-worker-1-container-44-47,point_alert,/opt/pointAlert/pointAlert,,0.0,0,0,,,,,,,,,
point_alert_ID0000110,None,compute,0,1694353566.0,,,1694353571.0,1694353575.0,1694353585.0,29489032.0,1694353573.0,1694353602.0,1694353591.0,1694353594.0,6728.0,1694353602.0,1694353607.0,5.0,,2.0,29.0,5.0,10.0,176667937.0,3.0,21038.0,poseidon,condorpool,poseidon-worker-1-container-32-35,point_alert,/opt/pointAlert/pointAlert,,0.0,0,0,,,,,,,,,
stage_out_local_condorpool_2_0,None,transfer,0,1694353566.0,,,1694353571.0,,,0.0,1694353572.0,1694353577.0,,,0.0,1694353577.0,1694353582.0,5.0,,1.0,5.0,5.0,,,,,poseidon,local,poseidon-submit,pegasus::transfer,/mnt/poseidon-data/poseidon/pegasus-5.1.0panorama/bin/pegasus-transfer,/home/poseidon/pegasus-5.1.0panorama/bin/../bin/pegasus-kickstart  -n pegasus::transfer -N null -i - -R local  -L casa-wind-full -T 2023-09-08T07:29:05+00:00 /home/poseidon/pegasus-5.1.0panorama/bin/../bin/pegasus-transfer  --threads 2,1.0,0,0,,,,,,,,,
point_alert_ID0000075,None,compute,0,1694353566.0,,,1694353571.0,1694353575.0,1694353586.0,29289869.7,1694353573.0,1694353602.0,1694353592.0,1694353595.0,6572.0,1694353602.0,1694353607.0,5.0,,2.0,29.0,5.0,11.0,176646838.0,3.0,20558.0,poseidon,condorpool,poseidon-worker-1-container-36-39,point_alert,/opt/pointAlert/pointAlert,,0.0,0,0,,,,,,,,,
stage_out_local_condorpool_2_1,None,transfer,0,1694353566.0,,,1694353571.0,,,0.0,1694353572.0,1694353577.0,,,0.0,1694353577.0,1694353582.0,5.0,,1.0,5.0,5.0,,,,,poseidon,local,poseidon-submit,pegasus::transfer,/mnt/poseidon-data/poseidon/pegasus-5.1.0panorama/bin/pegasus-transfer,/home/poseidon/pegasus-5.1.0panorama/bin/../bin/pegasus-kickstart  -n pegasus::transfer -N null -i - -R local  -L casa-wind-full -T 2023-09-08T07:29:05+00:00 /home/poseidon/pegasus-5.1.0panorama/bin/../bin/pegasus-transfer  --threads 2,1.0,0,0,,,,,,,,,
point_alert_ID0000015,None,compute,0,1694353566.0,,,1694353571.0,1694353575.0,1694353586.0,29534593.5,1694353574.0,1694353602.0,1694353591.0,1694353594.0,6549.0,1694353602.0,1694353607.0,5.0,,3.0,28.0,5.0,11.0,176639974.0,3.0,20558.0,poseidon,condorpool,poseidon-worker-2-container-28-31,point_alert,/opt/pointAlert/pointAlert,,0.0,0,0,,,,,,,,,
point_alert_ID0000090,None,compute,0,1694353566.0,,,1694353571.0,1694353574.0,1694353585.0,29538031.5,1694353573.0,1694353602.0,1694353590.0,1694353594.0,6531.0,1694353602.0,1694353607.0,5.0,,2.0,29.0,5.0,11.0,176656458.0,4.0,20638.0,poseidon,condorpool,poseidon-worker-1-container-0-3,point_alert,/opt/pointAlert/pointAlert,,0.0,0,0,,,,,,,,,
point_alert_ID0000060,None,compute,0,1694353566.0,,,1694353571.0,1694353574.0,1694353586.0,33918385.0,1694353573.0,1694353602.0,1694353591.0,1694353594.0,6713.0,1694353602.0,1694353607.0,5.0,,2.0,29.0,5.0,12.0,176636147.0,3.0,20878.0,poseidon,condorpool,poseidon-worker-2-container-32-35,point_alert,/opt/pointAlert/pointAlert,,0.0,0,0,,,,,,,,,
point_alert_ID0000025,cpu_2,compute,0,1694353566.0,,,1694353571.0,1694353575.0,1694353587.0,27637826.3,1694353573.0,1694353602.0,1694353592.0,1694353595.0,6472.0,1694353602.0,1694353607.0,5.0,,2.0,29.0,5.0,12.0,176638688.0,3.0,20078.0,poseidon,condorpool,poseidon-worker-1-container-4-7,point_alert,/opt/pointAlert/pointAlert,,0.0,0,0,,,,,,,,,
point_alert_ID0000130,None,compute,0,1694353566.0,,,1694353571.0,1694353575.0,1694353586.0,35321229.4,1694353573.0,1694353602.0,1694353591.0,1694353594.0,7370.0,1694353602.0,1694353607.0,5.0,,2.0,29.0,5.0,11.0,176672472.0,3.0,23118.0,poseidon,condorpool,poseidon-worker-1-container-12-15,point_alert,/opt/pointAlert/pointAlert,,0.0,0,0,,,,,,,,,
point_alert_ID0000125,None,compute,0,1694353566.0,,,1694353571.0,1694353574.0,1694353585.0,32367372.0,1694353573.0,1694353602.0,1694353591.0,1694353594.0,7329.0,1694353602.0,1694353607.0,5.0,,2.0,29.0,5.0,11.0,176678547.0,3.0,22878.0,poseidon,condorpool,poseidon-worker-2-container-24-27,point_alert,/opt/pointAlert/pointAlert,,0.0,0,0,,,,,,,,,
point_alert_ID0000115,None,compute,0,1694353571.0,,,1694353577.0,1694353579.0,1694353591.0,29625628.5,1694353578.0,1694353607.0,1694353596.0,1694353599.0,7078.0,1694353607.0,1694353612.0,6.0,,1.0,29.0,5.0,12.0,176681217.0,3.0,21598.0,poseidon,condorpool,poseidon-worker-2-container-32-35,point_alert,/opt/pointAlert/pointAlert,,0.0,0,0,,,,,,,,,
stage_out_local_condorpool_2_5,None,transfer,0,1694353571.0,,,1694353576.0,,,0.0,1694353577.0,1694353582.0,,,0.0,1694353582.0,1694353587.0,5.0,,1.0,5.0,5.0,,,,,poseidon,local,poseidon-submit,pegasus::transfer,/mnt/poseidon-data/poseidon/pegasus-5.1.0panorama/bin/pegasus-transfer,/home/poseidon/pegasus-5.1.0panorama/bin/../bin/pegasus-kickstart  -n pegasus::transfer -N null -i - -R local  -L casa-wind-full -T 2023-09-08T07:29:05+00:00 /home/poseidon/pegasus-5.1.0panorama/bin/../bin/pegasus-transfer  --threads 2,0.9,0,0,,,,,,,,,
register_condorpool_2_3,None,auxiliary,0,1694353582.0,,,1694353607.0,,,0.0,1694353607.0,1694353612.0,,,0.0,1694353612.0,1694353617.0,25.0,,0.0,5.0,5.0,,,,,poseidon,local,poseidon-submit,pegasus::rc-client,/mnt/poseidon-data/poseidon/pegasus-5.1.0panorama/bin/pegasus-rc-client,"-n pegasus::rc-client -N null -R local  -L casa-wind-full -T 2023-09-08T07:29:05+00:00 /home/poseidon/pegasus-5.1.0panorama/bin/pegasus-rc-client --prefix pegasus.catalog.replica.output --conf /mnt/poseidon-data/poseidon/workflows/casa-wind-workflow-full/submit/poseidon/pegasus/casa-wind-full/run0154/pegasus.7984751578906733954.properties -v --meta /mnt/poseidon-data/poseidon/workflows/casa-wind-workflow-full/submit/poseidon/pegasus/casa-wind-full/run0154/00/01/mvt_ID0000084.meta,/mnt/poseidon-data/poseidon/workflows/casa-wind-workflow-full/submit/poseidon/pegasus/casa-wind-full/run0154/00/02/post_vel_ID0000103.meta,/mnt/poseidon-data/poseidon/workflows/casa-wind-workflow-full/submit/poseidon/pegasus/casa-wind-full/run0154/00/01/post_vel_ID0000098.meta,/mnt/poseidon-data/poseidon/workflows/casa-wind-workflow-full/submit/poseidon/pegasus/casa-wind-full/run0154/00/02/post_vel_ID0000048.meta,/mnt/poseidon-data/poseidon/workflows/casa-wind-workflow-full/submit/poseidon/pegasus/casa-wind-full/run0154/00/01/mvt_ID0000009.meta,/mnt/poseidon-data/poseidon/workflows/casa-wind-workflow-full/submit/poseidon/pegasus/casa-wind-full/run0154/00/01/post_vel_ID0000018.meta,/mnt/poseidon-data/poseidon/workflows/casa-wind-workflow-full/submit/poseidon/pegasus/casa-wind-full/run0154/00/01/mvt_ID0000089.meta,/mnt/poseidon-data/poseidon/workflows/casa-wind-workflow-full/submit/poseidon/pegasus/casa-wind-full/run0154/00/02/mvt_ID0000074.meta,/mnt/poseidon-data/poseidon/workflows/casa-wind-workflow-full/submit/poseidon/pegasus/casa-wind-full/run0154/00/02/post_vel_ID0000038.meta --insert /mnt/poseidon-data/poseidon/workflows/casa-wind-workflow-full/submit/poseidon/pegasus/casa-wind-full/run0154/00/02/register_condorpool_2_3.in",2.7,0,0,,,,,,,,,
register_condorpool_2_0,None,auxiliary,0,1694353582.0,,,1694353658.0,,,0.0,1694353658.0,1694353663.0,,,0.0,1694353663.0,1694353668.0,76.0,,0.0,5.0,5.0,,,,,poseidon,local,poseidon-submit,pegasus::rc-client,/mnt/poseidon-data/poseidon/pegasus-5.1.0panorama/bin/pegasus-rc-client,"-n pegasus::rc-client -N null -R local  -L casa-wind-full -T 2023-09-08T07:29:05+00:00 /home/poseidon/pegasus-5.1.0panorama/bin/pegasus-rc-client --prefix pegasus.catalog.replica.output --conf /mnt/poseidon-data/poseidon/workflows/casa-wind-workflow-full/submit/poseidon/pegasus/casa-wind-full/run0154/pegasus.7984751578906733954.properties -v --meta /mnt/poseidon-data/poseidon/workflows/casa-wind-workflow-full/submit/poseidon/pegasus/casa-wind-full/run0154/00/01/post_vel_ID0000023.meta,/mnt/poseidon-data/poseidon/workflows/casa-wind-workflow-full/submit/poseidon/pegasus/casa-wind-full/run0154/00/01/post_vel_ID0000093.meta,/mnt/poseidon-data/poseidon/workflows/casa-wind-workflow-full/submit/poseidon/pegasus/casa-wind-full/run0154/00/01/mvt_ID0000129.meta,/mnt/poseidon-data/poseidon/workflows/casa-wind-workflow-full/submit/poseidon/pegasus/casa-wind-full/run0154/00/02/mvt_ID0000044.meta,/mnt/poseidon-data/poseidon/workflows/casa-wind-workflow-full/submit/poseidon/pegasus/casa-wind-full/run0154/00/02/post_vel_ID0000058.meta,/mnt/poseidon-data/poseidon/workflows/casa-wind-workflow-full/submit/poseidon/pegasus/casa-wind-full/run0154/00/01/post_vel_ID0000068.meta,/mnt/poseidon-data/poseidon/workflows/casa-wind-workflow-full/submit/poseidon/pegasus/casa-wind-full/run0154/00/01/post_vel_ID0000123.meta,/mnt/poseidon-data/poseidon/workflows/casa-wind-workflow-full/submit/poseidon/pegasus/casa-wind-full/run0154/00/02/post_vel_ID0000078.meta,/mnt/poseidon-data/poseidon/workflows/casa-wind-workflow-full/submit/poseidon/pegasus/casa-wind-full/run0154/00/01/mvt_ID0000029.meta --insert /mnt/poseidon-data/poseidon/workflows/casa-wind-workflow-full/submit/poseidon/pegasus/casa-wind-full/run0154/00/02/register_condorpool_2_0.in",2.7,0,0,,,,,,,,,
register_condorpool_2_1,None,auxiliary,0,1694353582.0,,,1694353617.0,,,0.0,1694353618.0,1694353622.0,,,0.0,1694353622.0,1694353627.0,35.0,,1.0,4.0,5.0,,,,,poseidon,local,poseidon-submit,pegasus::rc-client,/mnt/poseidon-data/poseidon/pegasus-5.1.0panorama/bin/pegasus-rc-client,"-n pegasus::rc-client -N null -R local  -L casa-wind-full -T 2023-09-08T07:29:05+00:00 /home/poseidon/pegasus-5.1.0panorama/bin/pegasus-rc-client --prefix pegasus.catalog.replica.output --conf /mnt/poseidon-data/poseidon/workflows/casa-wind-workflow-full/submit/poseidon/pegasus/casa-wind-full/run0154/pegasus.7984751578906733954.properties -v --meta /mnt/poseidon-data/poseidon/workflows/casa-wind-workflow-full/submit/poseidon/pegasus/casa-wind-full/run0154/00/01/post_vel_ID0000028.meta,/mnt/poseidon-data/poseidon/workflows/casa-wind-workflow-full/submit/poseidon/pegasus/casa-wind-full/run0154/00/02/post_vel_ID0000043.meta,/mnt/poseidon-data/poseidon/workflows/casa-wind-workflow-full/submit/poseidon/pegasus/casa-wind-full/run0154/00/01/post_vel_ID0000128.meta,/mnt/poseidon-data/poseidon/workflows/casa-wind-workflow-full/submit/poseidon/pegasus/casa-wind-full/run0154/00/01/mvt_ID0000094.meta,/mnt/poseidon-data/poseidon/workflows/casa-wind-workflow-full/submit/poseidon/pegasus/casa-wind-full/run0154/00/01/mvt_ID0000069.meta,/mnt/poseidon-data/poseidon/workflows/casa-wind-workflow-full/submit/poseidon/pegasus/casa-wind-full/run0154/00/02/mvt_ID0000059.meta,/mnt/poseidon-data/poseidon/workflows/casa-wind-workflow-full/submit/poseidon/pegasus/casa-wind-full/run0154/00/01/mvt_ID0000124.meta,/mnt/poseidon-data/poseidon/workflows/casa-wind-workflow-full/submit/poseidon/pegasus/casa-wind-full/run0154/00/01/mvt_ID0000024.meta,/mnt/poseidon-data/poseidon/workflows/casa-wind-workflow-full/submit/poseidon/pegasus/casa-wind-full/run0154/00/02/mvt_ID0000079.meta --insert /mnt/poseidon-data/poseidon/workflows/casa-wind-workflow-full/submit/poseidon/pegasus/casa-wind-full/run0154/00/02/register_condorpool_2_1.in",2.7,0,0,,,,,,,,,
register_condorpool_2_2,None,auxiliary,0,1694353582.0,,,1694353587.0,,,0.0,1694353588.0,1694353592.0,,,0.0,1694353592.0,1694353597.0,5.0,,1.0,4.0,5.0,,,,,poseidon,local,poseidon-submit,pegasus::rc-client,/mnt/poseidon-data/poseidon/pegasus-5.1.0panorama/bin/pegasus-rc-client,"-n pegasus::rc-client -N null -R local  -L casa-wind-full -T 2023-09-08T07:29:05+00:00 /home/poseidon/pegasus-5.1.0panorama/bin/pegasus-rc-client --prefix pegasus.catalog.replica.output --conf /mnt/poseidon-data/poseidon/workflows/casa-wind-workflow-full/submit/poseidon/pegasus/casa-wind-full/run0154/pegasus.7984751578906733954.properties -v --meta /mnt/poseidon-data/poseidon/workflows/casa-wind-workflow-full/submit/poseidon/pegasus/casa-wind-full/run0154/00/02/post_vel_ID0000073.meta,/mnt/poseidon-data/poseidon/workflows/casa-wind-workflow-full/submit/poseidon/pegasus/casa-wind-full/run0154/00/02/mvt_ID0000039.meta,/mnt/poseidon-data/poseidon/workflows/casa-wind-workflow-full/submit/poseidon/pegasus/casa-wind-full/run0154/00/01/mvt_ID0000099.meta,/mnt/poseidon-data/poseidon/workflows/casa-wind-workflow-full/submit/poseidon/pegasus/casa-wind-full/run0154/00/01/post_vel_ID0000008.meta,/mnt/poseidon-data/poseidon/workflows/casa-wind-workflow-full/submit/poseidon/pegasus/casa-wind-full/run0154/00/02/mvt_ID0000049.meta,/mnt/poseidon-data/poseidon/workflows/casa-wind-workflow-full/submit/poseidon/pegasus/casa-wind-full/run0154/00/01/mvt_ID0000019.meta,/mnt/poseidon-data/poseidon/workflows/casa-wind-workflow-full/submit/poseidon/pegasus/casa-wind-full/run0154/00/02/mvt_ID0000104.meta,/mnt/poseidon-data/poseidon/workflows/casa-wind-workflow-full/submit/poseidon/pegasus/casa-wind-full/run0154/00/01/post_vel_ID0000083.meta,/mnt/poseidon-data/poseidon/workflows/casa-wind-workflow-full/submit/poseidon/pegasus/casa-wind-full/run0154/00/01/post_vel_ID0000088.meta --insert /mnt/poseidon-data/poseidon/workflows/casa-wind-workflow-full/submit/poseidon/pegasus/casa-wind-full/run0154/00/02/register_condorpool_2_2.in",2.8,0,0,,,,,,,,,
register_condorpool_2_5,None,auxiliary,0,1694353587.0,,,1694353597.0,,,0.0,1694353598.0,1694353602.0,,,0.0,1694353602.0,1694353607.0,10.0,,1.0,4.0,5.0,,,,,poseidon,local,poseidon-submit,pegasus::rc-client,/mnt/poseidon-data/poseidon/pegasus-5.1.0panorama/bin/pegasus-rc-client,"-n pegasus::rc-client -N null -R local  -L casa-wind-full -T 2023-09-08T07:29:05+00:00 /home/poseidon/pegasus-5.1.0panorama/bin/pegasus-rc-client --prefix pegasus.catalog.replica.output --conf /mnt/poseidon-data/poseidon/workflows/casa-wind-workflow-full/submit/poseidon/pegasus/casa-wind-full/run0154/pegasus.7984751578906733954.properties -v --meta /mnt/poseidon-data/poseidon/workflows/casa-wind-workflow-full/submit/poseidon/pegasus/casa-wind-full/run0154/00/01/mvt_ID0000004.meta,/mnt/poseidon-data/poseidon/workflows/casa-wind-workflow-full/submit/poseidon/pegasus/casa-wind-full/run0154/00/01/mvt_ID0000119.meta,/mnt/poseidon-data/poseidon/workflows/casa-wind-workflow-full/submit/poseidon/pegasus/casa-wind-full/run0154/00/02/post_vel_ID0000053.meta,/mnt/poseidon-data/poseidon/workflows/casa-wind-workflow-full/submit/poseidon/pegasus/casa-wind-full/run0154/00/02/mvt_ID0000114.meta,/mnt/poseidon-data/poseidon/workflows/casa-wind-workflow-full/submit/poseidon/pegasus/casa-wind-full/run0154/00/01/mvt_ID0000034.meta,/mnt/poseidon-data/poseidon/workflows/casa-wind-workflow-full/submit/poseidon/pegasus/casa-wind-full/run0154/00/01/mvt_ID0000014.meta,/mnt/poseidon-data/poseidon/workflows/casa-wind-workflow-full/submit/poseidon/pegasus/casa-wind-full/run0154/00/02/mvt_ID0000109.meta,/mnt/poseidon-data/poseidon/workflows/casa-wind-workflow-full/submit/poseidon/pegasus/casa-wind-full/run0154/00/01/mvt_ID0000064.meta --insert /mnt/poseidon-data/poseidon/workflows/casa-wind-workflow-full/submit/poseidon/pegasus/casa-wind-full/run0154/00/02/register_condorpool_2_5.in",2.7,0,0,,,,,,,,,
stage_out_local_condorpool_3_1,None,transfer,0,1694353607.0,,,1694353612.0,,,0.0,1694353612.0,1694353617.0,,,0.0,1694353617.0,1694353622.0,5.0,,0.0,5.0,5.0,,,,,poseidon,local,poseidon-submit,pegasus::transfer,/mnt/poseidon-data/poseidon/pegasus-5.1.0panorama/bin/pegasus-transfer,/home/poseidon/pegasus-5.1.0panorama/bin/../bin/pegasus-kickstart  -n pegasus::transfer -N null -i - -R local  -L casa-wind-full -T 2023-09-08T07:29:05+00:00 /home/poseidon/pegasus-5.1.0panorama/bin/../bin/pegasus-transfer  --threads 2,0.9,0,0,,,,,,,,,
stage_out_local_condorpool_3_0,None,transfer,0,1694353607.0,,,1694353612.0,,,0.0,1694353612.0,1694353617.0,,,0.0,1694353617.0,1694353622.0,5.0,,0.0,5.0,5.0,,,,,poseidon,local,poseidon-submit,pegasus::transfer,/mnt/poseidon-data/poseidon/pegasus-5.1.0panorama/bin/pegasus-transfer,/home/poseidon/pegasus-5.1.0panorama/bin/../bin/pegasus-kickstart  -n pegasus::transfer -N null -i - -R local  -L casa-wind-full -T 2023-09-08T07:29:05+00:00 /home/poseidon/pegasus-5.1.0panorama/bin/../bin/pegasus-transfer  --threads 2,0.9,0,0,,,,,,,,,
stage_out_local_condorpool_3_2,None,transfer,0,1694353612.0,,,1694353617.0,,,0.0,1694353618.0,1694353622.0,,,0.0,1694353622.0,1694353627.0,5.0,,1.0,4.0,5.0,,,,,poseidon,local,poseidon-submit,pegasus::transfer,/mnt/poseidon-data/poseidon/pegasus-5.1.0panorama/bin/pegasus-transfer,/home/poseidon/pegasus-5.1.0panorama/bin/../bin/pegasus-kickstart  -n pegasus::transfer -N null -i - -R local  -L casa-wind-full -T 2023-09-08T07:29:05+00:00 /home/poseidon/pegasus-5.1.0panorama/bin/../bin/pegasus-transfer  --threads 2,0.8,0,0,,,,,,,,,
register_condorpool_3_0,None,auxiliary,0,1694353622.0,,,1694353647.0,,,0.0,1694353648.0,1694353652.0,,,0.0,1694353652.0,1694353658.0,25.0,,1.0,4.0,6.0,,,,,poseidon,local,poseidon-submit,pegasus::rc-client,/mnt/poseidon-data/poseidon/pegasus-5.1.0panorama/bin/pegasus-rc-client,"-n pegasus::rc-client -N null -R local  -L casa-wind-full -T 2023-09-08T07:29:05+00:00 /home/poseidon/pegasus-5.1.0panorama/bin/pegasus-rc-client --prefix pegasus.catalog.replica.output --conf /mnt/poseidon-data/poseidon/workflows/casa-wind-workflow-full/submit/poseidon/pegasus/casa-wind-full/run0154/pegasus.7984751578906733954.properties -v --meta /mnt/poseidon-data/poseidon/workflows/casa-wind-workflow-full/submit/poseidon/pegasus/casa-wind-full/run0154/00/02/point_alert_ID0000125.meta,/mnt/poseidon-data/poseidon/workflows/casa-wind-workflow-full/submit/poseidon/pegasus/casa-wind-full/run0154/00/02/point_alert_ID0000095.meta,/mnt/poseidon-data/poseidon/workflows/casa-wind-workflow-full/submit/poseidon/pegasus/casa-wind-full/run0154/00/03/point_alert_ID0000060.meta,/mnt/poseidon-data/poseidon/workflows/casa-wind-workflow-full/submit/poseidon/pegasus/casa-wind-full/run0154/00/02/point_alert_ID0000030.meta,/mnt/poseidon-data/poseidon/workflows/casa-wind-workflow-full/submit/poseidon/pegasus/casa-wind-full/run0154/00/02/point_alert_ID0000025.meta,/mnt/poseidon-data/poseidon/workflows/casa-wind-workflow-full/submit/poseidon/pegasus/casa-wind-full/run0154/00/03/point_alert_ID0000045.meta,/mnt/poseidon-data/poseidon/workflows/casa-wind-workflow-full/submit/poseidon/pegasus/casa-wind-full/run0154/00/02/point_alert_ID0000130.meta,/mnt/poseidon-data/poseidon/workflows/casa-wind-workflow-full/submit/poseidon/pegasus/casa-wind-full/run0154/00/02/point_alert_ID0000070.meta,/mnt/poseidon-data/poseidon/workflows/casa-wind-workflow-full/submit/poseidon/pegasus/casa-wind-full/run0154/00/02/point_alert_ID0000080.meta --insert /mnt/poseidon-data/poseidon/workflows/casa-wind-workflow-full/submit/poseidon/pegasus/casa-wind-full/run0154/00/03/register_condorpool_3_0.in",2.7,0,0,,,,,,,,,
register_condorpool_3_1,None,auxiliary,0,1694353622.0,,,1694353627.0,,,0.0,1694353627.0,1694353632.0,,,0.0,1694353632.0,1694353637.0,5.0,,0.0,5.0,5.0,,,,,poseidon,local,poseidon-submit,pegasus::rc-client,/mnt/poseidon-data/poseidon/pegasus-5.1.0panorama/bin/pegasus-rc-client,"-n pegasus::rc-client -N null -R local  -L casa-wind-full -T 2023-09-08T07:29:05+00:00 /home/poseidon/pegasus-5.1.0panorama/bin/pegasus-rc-client --prefix pegasus.catalog.replica.output --conf /mnt/poseidon-data/poseidon/workflows/casa-wind-workflow-full/submit/poseidon/pegasus/casa-wind-full/run0154/pegasus.7984751578906733954.properties -v --meta /mnt/poseidon-data/poseidon/workflows/casa-wind-workflow-full/submit/poseidon/pegasus/casa-wind-full/run0154/00/02/point_alert_ID0000010.meta,/mnt/poseidon-data/poseidon/workflows/casa-wind-workflow-full/submit/poseidon/pegasus/casa-wind-full/run0154/00/02/point_alert_ID0000090.meta,/mnt/poseidon-data/poseidon/workflows/casa-wind-workflow-full/submit/poseidon/pegasus/casa-wind-full/run0154/00/02/point_alert_ID0000085.meta,/mnt/poseidon-data/poseidon/workflows/casa-wind-workflow-full/submit/poseidon/pegasus/casa-wind-full/run0154/00/02/point_alert_ID0000075.meta,/mnt/poseidon-data/poseidon/workflows/casa-wind-workflow-full/submit/poseidon/pegasus/casa-wind-full/run0154/00/02/point_alert_ID0000100.meta,/mnt/poseidon-data/poseidon/workflows/casa-wind-workflow-full/submit/poseidon/pegasus/casa-wind-full/run0154/00/03/point_alert_ID0000040.meta,/mnt/poseidon-data/poseidon/workflows/casa-wind-workflow-full/submit/poseidon/pegasus/casa-wind-full/run0154/00/02/point_alert_ID0000020.meta,/mnt/poseidon-data/poseidon/workflows/casa-wind-workflow-full/submit/poseidon/pegasus/casa-wind-full/run0154/00/03/point_alert_ID0000050.meta,/mnt/poseidon-data/poseidon/workflows/casa-wind-workflow-full/submit/poseidon/pegasus/casa-wind-full/run0154/00/03/point_alert_ID0000105.meta --insert /mnt/poseidon-data/poseidon/workflows/casa-wind-workflow-full/submit/poseidon/pegasus/casa-wind-full/run0154/00/03/register_condorpool_3_1.in",2.8,0,0,,,,,,,,,
cleanup_casa-wind-full_0_condorpool,None,auxiliary,0,1694353627.0,,,1694353632.0,,,0.0,1694353632.0,1694353637.0,,,0.0,1694353637.0,1694353642.0,5.0,,0.0,5.0,5.0,,,,,poseidon,local,poseidon-submit,pegasus::cleanup,/mnt/poseidon-data/poseidon/pegasus-5.1.0panorama/bin/pegasus-transfer,pegasus-kickstart  -n pegasus::cleanup -N null -i - -R local  -L casa-wind-full -T 2023-09-08T07:29:05+00:00 pegasus-transfer,0.2,0,0,,,,,,,,,
register_condorpool_3_2,None,auxiliary,0,1694353627.0,,,1694353637.0,,,0.0,1694353637.0,1694353642.0,,,0.0,1694353642.0,1694353647.0,10.0,,0.0,5.0,5.0,,,,,poseidon,local,poseidon-submit,pegasus::rc-client,/mnt/poseidon-data/poseidon/pegasus-5.1.0panorama/bin/pegasus-rc-client,"-n pegasus::rc-client -N null -R local  -L casa-wind-full -T 2023-09-08T07:29:05+00:00 /home/poseidon/pegasus-5.1.0panorama/bin/pegasus-rc-client --prefix pegasus.catalog.replica.output --conf /mnt/poseidon-data/poseidon/workflows/casa-wind-workflow-full/submit/poseidon/pegasus/casa-wind-full/run0154/pegasus.7984751578906733954.properties -v --meta /mnt/poseidon-data/poseidon/workflows/casa-wind-workflow-full/submit/poseidon/pegasus/casa-wind-full/run0154/00/03/point_alert_ID0000110.meta,/mnt/poseidon-data/poseidon/workflows/casa-wind-workflow-full/submit/poseidon/pegasus/casa-wind-full/run0154/00/03/point_alert_ID0000055.meta,/mnt/poseidon-data/poseidon/workflows/casa-wind-workflow-full/submit/poseidon/pegasus/casa-wind-full/run0154/00/02/point_alert_ID0000115.meta,/mnt/poseidon-data/poseidon/workflows/casa-wind-workflow-full/submit/poseidon/pegasus/casa-wind-full/run0154/00/02/point_alert_ID0000120.meta,/mnt/poseidon-data/poseidon/workflows/casa-wind-workflow-full/submit/poseidon/pegasus/casa-wind-full/run0154/00/02/point_alert_ID0000035.meta,/mnt/poseidon-data/poseidon/workflows/casa-wind-workflow-full/submit/poseidon/pegasus/casa-wind-full/run0154/00/02/point_alert_ID0000015.meta,/mnt/poseidon-data/poseidon/workflows/casa-wind-workflow-full/submit/poseidon/pegasus/casa-wind-full/run0154/00/02/point_alert_ID0000065.meta,/mnt/poseidon-data/poseidon/workflows/casa-wind-workflow-full/submit/poseidon/pegasus/casa-wind-full/run0154/00/02/point_alert_ID0000005.meta --insert /mnt/poseidon-data/poseidon/workflows/casa-wind-workflow-full/submit/poseidon/pegasus/casa-wind-full/run0154/00/03/register_condorpool_3_2.in",2.7,0,0,,,,,,,,,
