,anomaly_type,type,is_clustered,ready,pre_script_start,pre_script_end,submit,stage_in_start,stage_in_end,stage_in_effective_bytes_per_sec,execute_start,execute_end,stage_out_start,stage_out_end,stage_out_effective_bytes_per_sec,post_script_start,post_script_end,wms_delay,pre_script_delay,queue_delay,runtime,post_script_delay,stage_in_delay,stage_in_bytes,stage_out_delay,stage_out_bytes,kickstart_user,kickstart_site,kickstart_hostname,kickstart_transformations,kickstart_executables,kickstart_executables_argv,kickstart_executables_cpu_time,kickstart_status,kickstart_executables_exitcode,kickstart_online_iowait,kickstart_online_bytes_read,kickstart_online_bytes_written,kickstart_online_read_system_calls,kickstart_online_write_system_calls,kickstart_online_utime,kickstart_online_stime,kickstart_online_bytes_read_per_second,kickstart_online_bytes_written_per_second
create_dir_casa-wind-full_0_condorpool,None,auxiliary,0,1694349952.0,,,1694349953.0,,,0.0,1694349956.0,1694349963.0,,,0.0,1694349963.0,1694349968.0,1.0,,3.0,7.0,5.0,,,,,poseidon,local,poseidon-submit,pegasus::dirmanager,/mnt/poseidon-data/poseidon/pegasus-5.1.0panorama/bin/pegasus-transfer,pegasus-kickstart  -n pegasus::dirmanager -N null -i - -R local  -L casa-wind-full -T 2023-09-08T07:29:05+00:00 pegasus-transfer,0.2,0,0,,,,,,,,,
unzip_ID0000006,None,compute,0,1694349968.0,,,1694349973.0,1694349984.0,1694349992.0,27953280.0,1694349982.0,1694350038.0,1694350005.0,1694350029.0,20720433.0,1694350038.0,1694350043.0,5.0,,9.0,56.0,5.0,8.0,222753803.0,24.0,501616588.0,poseidon,condorpool,poseidon-worker-2-container-44-47,unzip,/usr/bin/gunzip,,3.9,0,0,,,,,,,,,
unzip_ID0000106,None,compute,0,1694349968.0,,,1694349973.0,1694349985.0,1694349995.0,24619707.0,1694349983.0,1694350033.0,1694350009.0,1694350024.0,32230836.0,1694350033.0,1694350038.0,5.0,,10.0,50.0,5.0,10.0,241199298.0,15.0,501821816.0,poseidon,condorpool,poseidon-worker-1-container-44-47,unzip,/usr/bin/gunzip,,4.1,0,0,,,,,,,,,
unzip_ID0000046,None,compute,0,1694349968.0,,,1694349973.0,1694349980.0,1694349990.0,23307193.0,1694349979.0,1694350023.0,1694350002.0,1694350013.0,47900958.0,1694350023.0,1694350028.0,5.0,,6.0,44.0,5.0,10.0,229692821.0,11.0,523855228.0,poseidon,condorpool,poseidon-worker-2-container-4-7,unzip,/usr/bin/gunzip,,4.0,0,0,,,,,,,,,
unzip_ID0000101,None,compute,0,1694349968.0,,,1694349973.0,1694349981.0,1694349990.0,28256932.0,1694349979.0,1694350028.0,1694350002.0,1694350022.0,28752657.0,1694350028.0,1694350033.0,5.0,,6.0,49.0,5.0,9.0,250988249.0,20.0,561551644.0,poseidon,condorpool,poseidon-worker-2-container-0-3,unzip,/usr/bin/gunzip,,4.4,0,0,,,,,,,,,
unzip_ID0000026,None,compute,0,1694349968.0,,,1694349973.0,1694349981.0,1694349989.0,25741771.0,1694349979.0,1694350018.0,1694350002.0,1694350012.0,49607608.0,1694350018.0,1694350023.0,5.0,,6.0,39.0,5.0,8.0,227963832.0,10.0,523917888.0,poseidon,condorpool,poseidon-worker-1-container-4-7,unzip,/usr/bin/gunzip,,4.0,0,0,,,,,,,,,
unzip_ID0000031,None,compute,0,1694349968.0,,,1694349973.0,1694349981.0,1694349991.0,24833301.0,1694349979.0,1694350023.0,1694350003.0,1694350018.0,36240081.0,1694350023.0,1694350028.0,5.0,,6.0,44.0,5.0,10.0,237517035.0,15.0,539438752.0,poseidon,condorpool,poseidon-worker-2-container-12-15,unzip,/usr/bin/gunzip,,4.1,0,0,,,,,,,,,
unzip_ID0000076,None,compute,0,1694349968.0,,,1694349973.0,1694349980.0,1694349988.0,31884133.0,1694349979.0,1694350018.0,1694350000.0,1694350009.0,58443359.0,1694350018.0,1694350023.0,5.0,,6.0,39.0,5.0,8.0,233747923.0,9.0,523942844.0,poseidon,condorpool,poseidon-worker-2-container-20-23,unzip,/usr/bin/gunzip,,4.0,0,0,,,,,,,,,
unzip_ID0000011,None,compute,0,1694349968.0,,,1694349973.0,1694349980.0,1694349991.0,23374439.0,1694349979.0,1694350033.0,1694350004.0,1694350023.0,29183337.0,1694350033.0,1694350038.0,5.0,,6.0,54.0,5.0,11.0,235998389.0,19.0,565205920.0,poseidon,condorpool,poseidon-worker-2-container-16-19,unzip,/usr/bin/gunzip,,4.2,0,0,,,,,,,,,
unzip_ID0000056,None,compute,0,1694349968.0,,,1694349973.0,1694349981.0,1694349991.0,23753511.0,1694349980.0,1694350028.0,1694350004.0,1694350022.0,29746463.0,1694350028.0,1694350033.0,5.0,,7.0,48.0,5.0,10.0,232139969.0,18.0,528026776.0,poseidon,condorpool,poseidon-worker-2-container-32-35,unzip,/usr/bin/gunzip,,4.1,0,0,,,,,,,,,
unzip_ID0000111,None,compute,0,1694349968.0,,,1694349973.0,1694349982.0,1694349990.0,34215944.0,1694349981.0,1694350033.0,1694350003.0,1694350025.0,25828003.0,1694350033.0,1694350038.0,5.0,,8.0,52.0,5.0,8.0,256320311.0,22.0,567950764.0,poseidon,condorpool,poseidon-worker-1-container-16-19,unzip,/usr/bin/gunzip,,4.4,0,0,,,,,,,,,
unzip_ID0000071,None,compute,0,1694349968.0,,,1694349973.0,1694349981.0,1694349989.0,33640331.0,1694349980.0,1694350018.0,1694350001.0,1694350011.0,53909737.0,1694350018.0,1694350023.0,5.0,,7.0,38.0,5.0,8.0,240896692.0,10.0,539506600.0,poseidon,condorpool,poseidon-worker-1-container-36-39,unzip,/usr/bin/gunzip,,4.2,0,0,,,,,,,,,
unzip_ID0000051,None,compute,0,1694349968.0,,,1694349973.0,1694349980.0,1694349991.0,23680856.0,1694349979.0,1694350033.0,1694350004.0,1694350023.0,27527909.0,1694350033.0,1694350038.0,5.0,,6.0,54.0,5.0,11.0,239630266.0,19.0,544301296.0,poseidon,condorpool,poseidon-worker-2-container-8-11,unzip,/usr/bin/gunzip,,4.2,0,0,,,,,,,,,
unzip_ID0000126,None,compute,0,1694349968.0,,,1694349973.0,1694349980.0,1694349989.0,28958802.0,1694349978.0,1694350018.0,1694350001.0,1694350012.0,49167554.0,1694350018.0,1694350023.0,5.0,,5.0,40.0,5.0,9.0,249343892.0,11.0,520618424.0,poseidon,condorpool,poseidon-worker-1-container-8-11,unzip,/usr/bin/gunzip,,4.1,0,0,,,,,,,,,
unzip_ID0000091,None,compute,0,1694349968.0,,,1694349973.0,1694349980.0,1694349990.0,25260833.0,1694349978.0,1694350023.0,1694350002.0,1694350016.0,38006081.0,1694350023.0,1694350028.0,5.0,,5.0,45.0,5.0,10.0,246447087.0,14.0,539109992.0,poseidon,condorpool,poseidon-worker-1-container-12-15,unzip,/usr/bin/gunzip,,4.3,0,0,,,,,,,,,
unzip_ID0000096,None,compute,0,1694349968.0,,,1694349973.0,1694349980.0,1694349989.0,27065148.0,1694349979.0,1694350018.0,1694350001.0,1694350011.0,53122334.0,1694350018.0,1694350023.0,5.0,,6.0,39.0,5.0,9.0,240753402.0,10.0,524013876.0,poseidon,condorpool,poseidon-worker-2-container-40-43,unzip,/usr/bin/gunzip,,4.1,0,0,,,,,,,,,
unzip_ID0000081,None,compute,0,1694349968.0,,,1694349973.0,1694349980.0,1694349991.0,22973536.0,1694349978.0,1694350028.0,1694350004.0,1694350022.0,30629629.0,1694350028.0,1694350033.0,5.0,,5.0,50.0,5.0,11.0,245619741.0,18.0,543190672.0,poseidon,condorpool,poseidon-worker-1-container-44-47,unzip,/usr/bin/gunzip,,4.2,0,0,,,,,,,,,
unzip_ID0000041,None,compute,0,1694349968.0,,,1694349973.0,1694349981.0,1694349991.0,25339953.0,1694349979.0,1694350033.0,1694350004.0,1694350025.0,25041902.0,1694350033.0,1694350038.0,5.0,,6.0,54.0,5.0,10.0,238944758.0,21.0,540768928.0,poseidon,condorpool,poseidon-worker-1-container-20-23,unzip,/usr/bin/gunzip,,4.1,0,0,,,,,,,,,
unzip_ID0000061,None,compute,0,1694349968.0,,,1694349973.0,1694349981.0,1694349991.0,23996419.0,1694349979.0,1694350028.0,1694350004.0,1694350020.0,33648488.0,1694350028.0,1694350033.0,5.0,,6.0,49.0,5.0,10.0,240463185.0,16.0,541945820.0,poseidon,condorpool,poseidon-worker-1-container-40-43,unzip,/usr/bin/gunzip,,4.2,0,0,,,,,,,,,
unzip_ID0000001,None,compute,0,1694349968.0,,,1694349973.0,1694349981.0,1694349991.0,23192579.0,1694349979.0,1694350028.0,1694350004.0,1694350021.0,34444628.0,1694350028.0,1694350033.0,5.0,,6.0,49.0,5.0,10.0,232473216.0,17.0,561354992.0,poseidon,condorpool,poseidon-worker-1-container-0-3,unzip,/usr/bin/gunzip,,4.2,0,0,,,,,,,,,
unzip_ID0000121,None,compute,0,1694349968.0,,,1694349973.0,1694349981.0,1694349990.0,26991332.0,1694349979.0,1694350028.0,1694350002.0,1694350022.0,28796380.0,1694350028.0,1694350033.0,5.0,,6.0,49.0,5.0,9.0,250860096.0,20.0,550782944.0,poseidon,condorpool,poseidon-worker-2-container-44-47,unzip,/usr/bin/gunzip,,4.3,0,0,,,,,,,,,
unzip_ID0000021,None,compute,0,1694349968.0,,,1694349973.0,1694349980.0,1694349989.0,28486252.0,1694349979.0,1694350018.0,1694350001.0,1694350011.0,51365309.0,1694350018.0,1694350023.0,5.0,,6.0,39.0,5.0,9.0,235136662.0,10.0,539178100.0,poseidon,condorpool,poseidon-worker-1-container-28-31,unzip,/usr/bin/gunzip,,4.1,0,0,,,,,,,,,
unzip_ID0000086,None,compute,0,1694349968.0,,,1694349973.0,1694349980.0,1694349989.0,27318896.0,1694349978.0,1694350018.0,1694350001.0,1694350011.0,50783818.0,1694350018.0,1694350023.0,5.0,,5.0,40.0,5.0,9.0,234836668.0,10.0,518838800.0,poseidon,condorpool,poseidon-worker-1-container-24-27,unzip,/usr/bin/gunzip,,4.1,0,0,,,,,,,,,
unzip_ID0000016,None,compute,0,1694349968.0,,,1694349973.0,1694349981.0,1694349989.0,26499439.0,1694349979.0,1694350018.0,1694350001.0,1694350012.0,45514907.0,1694350018.0,1694350023.0,5.0,,6.0,39.0,5.0,8.0,225238888.0,11.0,523826084.0,poseidon,condorpool,poseidon-worker-2-container-36-39,unzip,/usr/bin/gunzip,,4.0,0,0,,,,,,,,,
unzip_ID0000036,None,compute,0,1694349968.0,,,1694349973.0,1694349980.0,1694349989.0,25839511.0,1694349979.0,1694350018.0,1694350001.0,1694350011.0,54238718.0,1694350018.0,1694350023.0,5.0,,6.0,39.0,5.0,9.0,232020704.0,10.0,526952240.0,poseidon,condorpool,poseidon-worker-2-container-24-27,unzip,/usr/bin/gunzip,,4.1,0,0,,,,,,,,,
unzip_ID0000116,None,compute,0,1694349968.0,,,1694349973.0,1694349980.0,1694349990.0,26729413.0,1694349979.0,1694350023.0,1694350002.0,1694350013.0,48514260.0,1694350023.0,1694350028.0,5.0,,6.0,44.0,5.0,10.0,249255741.0,11.0,520850676.0,poseidon,condorpool,poseidon-worker-1-container-32-35,unzip,/usr/bin/gunzip,,4.2,0,0,,,,,,,,,
unzip_ID0000066,None,compute,0,1694349968.0,,,1694349973.0,1694349980.0,1694349989.0,27366514.0,1694349979.0,1694350018.0,1694350001.0,1694350011.0,48441744.0,1694350018.0,1694350023.0,5.0,,6.0,39.0,5.0,9.0,232031705.0,10.0,523661496.0,poseidon,condorpool,poseidon-worker-2-container-28-31,unzip,/usr/bin/gunzip,,4.0,0,0,,,,,,,,,
um_vel_ID0000037,None,compute,0,1694350023.0,,,1694350028.0,1694350031.0,1694350051.0,49665768.6,1694350029.0,1694350073.0,1694350059.0,1694350063.0,170278.0,1694350073.0,1694350078.0,5.0,,1.0,44.0,5.0,20.0,703538992.0,4.0,556900.0,poseidon,condorpool,poseidon-worker-1-container-44-47,um_vel,/opt/UM_VEL/UM_VEL,,1.8,0,0,,,,,,,,,
um_vel_ID0000022,None,compute,0,1694350023.0,,,1694350028.0,1694350031.0,1694350053.0,44578675.9,1694350029.0,1694350073.0,1694350062.0,1694350065.0,175319.0,1694350073.0,1694350078.0,5.0,,1.0,44.0,5.0,22.0,715764852.0,3.0,556900.0,poseidon,condorpool,poseidon-worker-1-container-32-35,um_vel,/opt/UM_VEL/UM_VEL,,1.8,0,0,,,,,,,,,
um_vel_ID0000017,None,compute,0,1694350023.0,,,1694350028.0,1694350031.0,1694350054.0,40883822.2,1694350029.0,1694350073.0,1694350062.0,1694350066.0,177608.0,1694350073.0,1694350078.0,5.0,,1.0,44.0,5.0,23.0,700412836.0,4.0,556900.0,poseidon,condorpool,poseidon-worker-2-container-44-47,um_vel,/opt/UM_VEL/UM_VEL,,1.7,0,0,,,,,,,,,
um_vel_ID0000087,None,compute,0,1694350023.0,,,1694350028.0,1694350031.0,1694350051.0,47911693.2,1694350029.0,1694350073.0,1694350060.0,1694350063.0,170371.0,1694350073.0,1694350078.0,5.0,,1.0,44.0,5.0,20.0,695425552.0,3.0,556900.0,poseidon,condorpool,poseidon-worker-1-container-4-7,um_vel,/opt/UM_VEL/UM_VEL,,1.8,0,0,,,,,,,,,
um_vel_ID0000067,None,compute,0,1694350023.0,,,1694350028.0,1694350031.0,1694350050.0,50647058.2,1694350029.0,1694350068.0,1694350059.0,1694350062.0,173920.0,1694350068.0,1694350073.0,5.0,,1.0,39.0,5.0,19.0,700248248.0,3.0,556900.0,poseidon,condorpool,poseidon-worker-1-container-36-39,um_vel,/opt/UM_VEL/UM_VEL,,1.8,0,0,,,,,,,,,
um_vel_ID0000077,None,compute,0,1694350023.0,,,1694350028.0,1694350031.0,1694350049.0,55227321.2,1694350029.0,1694350068.0,1694350058.0,1694350061.0,176099.0,1694350068.0,1694350073.0,5.0,,1.0,39.0,5.0,18.0,700529596.0,3.0,556900.0,poseidon,condorpool,poseidon-worker-2-container-12-15,um_vel,/opt/UM_VEL/UM_VEL,,1.7,0,0,,,,,,,,,
um_vel_ID0000127,None,compute,0,1694350023.0,,,1694350028.0,1694350031.0,1694350051.0,47065996.3,1694350029.0,1694350073.0,1694350060.0,1694350063.0,174428.0,1694350073.0,1694350078.0,5.0,,1.0,44.0,5.0,20.0,697205176.0,3.0,556900.0,poseidon,condorpool,poseidon-worker-2-container-24-27,um_vel,/opt/UM_VEL/UM_VEL,,1.8,0,0,,,,,,,,,
um_vel_ID0000027,None,compute,0,1694350023.0,,,1694350028.0,1694350031.0,1694350048.0,60700536.0,1694350029.0,1694350068.0,1694350057.0,1694350060.0,172022.0,1694350068.0,1694350073.0,5.0,,1.0,39.0,5.0,17.0,700504640.0,3.0,556900.0,poseidon,condorpool,poseidon-worker-2-container-0-3,um_vel,/opt/UM_VEL/UM_VEL,,1.8,0,0,,,,,,,,,
um_vel_ID0000097,None,compute,0,1694350023.0,,,1694350028.0,1694350031.0,1694350051.0,49991949.2,1694350029.0,1694350068.0,1694350059.0,1694350062.0,175012.0,1694350068.0,1694350073.0,5.0,,1.0,39.0,5.0,20.0,700600628.0,3.0,556900.0,poseidon,condorpool,poseidon-worker-1-container-24-27,um_vel,/opt/UM_VEL/UM_VEL,,1.8,0,0,,,,,,,,,
um_vel_ID0000072,None,compute,0,1694350023.0,,,1694350028.0,1694350031.0,1694350051.0,48133862.3,1694350029.0,1694350073.0,1694350060.0,1694350063.0,167178.0,1694350073.0,1694350078.0,5.0,,1.0,44.0,5.0,20.0,716093352.0,3.0,556900.0,poseidon,condorpool,poseidon-worker-2-container-36-39,um_vel,/opt/UM_VEL/UM_VEL,,1.7,0,0,,,,,,,,,
um_vel_ID0000117,None,compute,0,1694350028.0,,,1694350033.0,1694350036.0,1694350054.0,60727121.2,1694350035.0,1694350073.0,1694350063.0,1694350066.0,176360.0,1694350073.0,1694350078.0,5.0,,2.0,38.0,5.0,18.0,697437428.0,3.0,556900.0,poseidon,condorpool,poseidon-worker-1-container-16-19,um_vel,/opt/UM_VEL/UM_VEL,,1.8,0,0,,,,,,,,,
um_vel_ID0000092,None,compute,0,1694350028.0,,,1694350033.0,1694350036.0,1694350058.0,43630749.2,1694350035.0,1694350078.0,1694350067.0,1694350070.0,177889.0,1694350078.0,1694350083.0,5.0,,2.0,43.0,5.0,22.0,715696744.0,3.0,556900.0,poseidon,condorpool,poseidon-worker-1-container-8-11,um_vel,/opt/UM_VEL/UM_VEL,,1.7,0,0,,,,,,,,,
um_vel_ID0000032,None,compute,0,1694350028.0,,,1694350033.0,1694350037.0,1694350057.0,49422046.1,1694350035.0,1694350078.0,1694350066.0,1694350069.0,178671.0,1694350078.0,1694350083.0,5.0,,2.0,43.0,5.0,20.0,716025504.0,3.0,556900.0,poseidon,condorpool,poseidon-worker-2-container-8-11,um_vel,/opt/UM_VEL/UM_VEL,,1.7,0,0,,,,,,,,,
um_vel_ID0000047,None,compute,0,1694350028.0,,,1694350033.0,1694350036.0,1694350055.0,51768357.2,1694350034.0,1694350073.0,1694350064.0,1694350067.0,179083.0,1694350073.0,1694350078.0,5.0,,1.0,39.0,5.0,19.0,700441980.0,3.0,556900.0,poseidon,condorpool,poseidon-worker-2-container-4-7,um_vel,/opt/UM_VEL/UM_VEL,,1.7,0,0,,,,,,,,,
um_vel_ID0000102,None,compute,0,1694350033.0,,,1694350038.0,1694350041.0,1694350061.0,50683535.9,1694350039.0,1694350083.0,1694350069.0,1694350073.0,178078.0,1694350083.0,1694350088.0,5.0,,1.0,44.0,5.0,20.0,738138396.0,4.0,556900.0,poseidon,condorpool,poseidon-worker-1-container-44-47,um_vel,/opt/UM_VEL/UM_VEL,,1.7,0,0,,,,,,,,,
um_vel_ID0000057,None,compute,0,1694350033.0,,,1694350038.0,1694350041.0,1694350060.0,49739109.7,1694350039.0,1694350078.0,1694350069.0,1694350072.0,178653.0,1694350078.0,1694350083.0,5.0,,1.0,39.0,5.0,19.0,704613528.0,3.0,556900.0,poseidon,condorpool,poseidon-worker-2-container-16-19,um_vel,/opt/UM_VEL/UM_VEL,,1.7,0,0,,,,,,,,,
um_vel_ID0000122,None,compute,0,1694350033.0,,,1694350038.0,1694350041.0,1694350063.0,43102328.2,1694350039.0,1694350083.0,1694350072.0,1694350075.0,178545.0,1694350083.0,1694350088.0,5.0,,1.0,44.0,5.0,22.0,727369696.0,3.0,556900.0,poseidon,condorpool,poseidon-worker-1-container-28-31,um_vel,/opt/UM_VEL/UM_VEL,,1.8,0,0,,,,,,,,,
um_vel_ID0000002,None,compute,0,1694350033.0,,,1694350038.0,1694350040.0,1694350061.0,48648547.5,1694350039.0,1694350083.0,1694350070.0,1694350073.0,176728.0,1694350083.0,1694350088.0,5.0,,1.0,44.0,5.0,21.0,737941744.0,3.0,556900.0,poseidon,condorpool,poseidon-worker-2-container-32-35,um_vel,/opt/UM_VEL/UM_VEL,,1.7,0,0,,,,,,,,,
um_vel_ID0000062,None,compute,0,1694350033.0,,,1694350038.0,1694350041.0,1694350061.0,46862734.1,1694350039.0,1694350083.0,1694350070.0,1694350073.0,177702.0,1694350083.0,1694350088.0,5.0,,1.0,44.0,5.0,20.0,718532572.0,3.0,556900.0,poseidon,condorpool,poseidon-worker-2-container-44-47,um_vel,/opt/UM_VEL/UM_VEL,,1.7,0,0,,,,,,,,,
um_vel_ID0000082,None,compute,0,1694350033.0,,,1694350038.0,1694350041.0,1694350059.0,55888533.2,1694350039.0,1694350078.0,1694350068.0,1694350071.0,177100.0,1694350078.0,1694350083.0,5.0,,1.0,39.0,5.0,18.0,719777424.0,3.0,556900.0,poseidon,condorpool,poseidon-worker-1-container-40-43,um_vel,/opt/UM_VEL/UM_VEL,,1.7,0,0,,,,,,,,,
um_vel_ID0000012,None,compute,0,1694350038.0,,,1694350043.0,1694350046.0,1694350068.0,46004005.2,1694350044.0,1694350088.0,1694350077.0,1694350080.0,179810.0,1694350088.0,1694350093.0,5.0,,1.0,44.0,5.0,22.0,741792672.0,3.0,556900.0,poseidon,condorpool,poseidon-worker-1-container-0-3,um_vel,/opt/UM_VEL/UM_VEL,,1.7,0,0,,,,,,,,,
um_vel_ID0000052,None,compute,0,1694350038.0,,,1694350043.0,1694350046.0,1694350067.0,46918413.9,1694350044.0,1694350088.0,1694350076.0,1694350079.0,178728.0,1694350088.0,1694350093.0,5.0,,1.0,44.0,5.0,21.0,720888048.0,3.0,556900.0,poseidon,condorpool,poseidon-worker-1-container-20-23,um_vel,/opt/UM_VEL/UM_VEL,,1.7,0,0,,,,,,,,,
um_vel_ID0000042,None,compute,0,1694350038.0,,,1694350043.0,1694350051.0,1694350069.0,57092767.5,1694350049.0,1694350088.0,1694350077.0,1694350080.0,179540.0,1694350088.0,1694350093.0,5.0,,6.0,39.0,5.0,18.0,717355680.0,3.0,556900.0,poseidon,condorpool,poseidon-worker-2-container-44-47,um_vel,/opt/UM_VEL/UM_VEL,,1.7,0,0,,,,,,,,,
um_vel_ID0000107,None,compute,0,1694350038.0,,,1694350043.0,1694350046.0,1694350064.0,57105551.3,1694350044.0,1694350083.0,1694350072.0,1694350076.0,178074.0,1694350083.0,1694350088.0,5.0,,1.0,39.0,5.0,18.0,678408568.0,4.0,556900.0,poseidon,condorpool,poseidon-worker-1-container-12-15,um_vel,/opt/UM_VEL/UM_VEL,,1.6,0,0,,,,,,,,,
um_vel_ID0000112,None,compute,0,1694350038.0,,,1694350043.0,1694350051.0,1694350071.0,51043064.7,1694350049.0,1694350093.0,1694350080.0,1694350083.0,179513.0,1694350093.0,1694350098.0,5.0,,6.0,44.0,5.0,20.0,744537516.0,3.0,556900.0,poseidon,condorpool,poseidon-worker-1-container-44-47,um_vel,/opt/UM_VEL/UM_VEL,,1.7,0,0,,,,,,,,,
um_vel_ID0000007,None,compute,0,1694350043.0,,,1694350048.0,1694350068.0,1694350087.0,50771949.4,1694350066.0,1694350108.0,1694350095.0,1694350099.0,175661.0,1694350108.0,1694350113.0,5.0,,18.0,42.0,5.0,19.0,678203340.0,4.0,556900.0,poseidon,condorpool,poseidon-worker-2-container-0-3,um_vel,/opt/UM_VEL/UM_VEL,,1.7,0,0,,,,,,,,,
stage_out_local_condorpool_0_2,None,transfer,0,1694350043.0,,,1694350048.0,,,0.0,1694350049.0,1694350083.0,,,0.0,1694350083.0,1694350088.0,5.0,,1.0,34.0,5.0,,,,,poseidon,local,poseidon-submit,pegasus::transfer,/mnt/poseidon-data/poseidon/pegasus-5.1.0panorama/bin/pegasus-transfer,/home/poseidon/pegasus-5.1.0panorama/bin/../bin/pegasus-kickstart  -n pegasus::transfer -N null -i - -R local  -L casa-wind-full -T 2023-09-08T07:29:05+00:00 /home/poseidon/pegasus-5.1.0panorama/bin/../bin/pegasus-transfer  --threads 2,34.6,0,0,,,,,,,,,
stage_out_local_condorpool_0_1,None,transfer,0,1694350043.0,,,1694350048.0,,,0.0,1694350049.0,1694350083.0,,,0.0,1694350083.0,1694350088.0,5.0,,1.0,34.0,5.0,,,,,poseidon,local,poseidon-submit,pegasus::transfer,/mnt/poseidon-data/poseidon/pegasus-5.1.0panorama/bin/pegasus-transfer,/home/poseidon/pegasus-5.1.0panorama/bin/../bin/pegasus-kickstart  -n pegasus::transfer -N null -i - -R local  -L casa-wind-full -T 2023-09-08T07:29:05+00:00 /home/poseidon/pegasus-5.1.0panorama/bin/../bin/pegasus-transfer  --threads 2,34.2,0,0,,,,,,,,,
stage_out_local_condorpool_0_0,None,transfer,0,1694350043.0,,,1694350048.0,,,0.0,1694350049.0,1694350083.0,,,0.0,1694350083.0,1694350088.0,5.0,,1.0,34.0,5.0,,,,,poseidon,local,poseidon-submit,pegasus::transfer,/mnt/poseidon-data/poseidon/pegasus-5.1.0panorama/bin/pegasus-transfer,/home/poseidon/pegasus-5.1.0panorama/bin/../bin/pegasus-kickstart  -n pegasus::transfer -N null -i - -R local  -L casa-wind-full -T 2023-09-08T07:29:05+00:00 /home/poseidon/pegasus-5.1.0panorama/bin/../bin/pegasus-transfer  --threads 2,35.0,0,0,,,,,,,,,
mvt_ID0000069,None,compute,0,1694350073.0,,,1694350078.0,1694350081.0,1694350092.0,35005241.4,1694350079.0,1694350148.0,1694350137.0,1694350140.0,11646.0,1694350148.0,1694350153.0,5.0,,1.0,69.0,5.0,11.0,177143652.0,3.0,35309.0,poseidon,condorpool,poseidon-worker-1-container-36-39,mvt,/opt/mvt/mvt,,39.5,0,0,0.0,789137.0,16384.0,422.0,4.0,29.9,0.1,26304.6,819.2
post_vel_ID0000028,None,compute,0,1694350073.0,,,1694350078.0,1694350081.0,1694350092.0,34760257.6,1694350079.0,1694350108.0,1694350097.0,1694350100.0,3781.0,1694350108.0,1694350113.0,5.0,,1.0,29.0,5.0,11.0,177143937.0,3.0,11529.0,poseidon,condorpool,poseidon-worker-1-container-24-27,post_vel,/opt/netcdf2png/merged_netcdf2png,,0.1,0,0,,,,,,,,,
mvt_ID0000029,None,compute,0,1694350073.0,,,1694350078.0,1694350081.0,1694350091.0,29824968.5,1694350079.0,1694350148.0,1694350137.0,1694350140.0,12596.0,1694350148.0,1694350153.0,5.0,,1.0,69.0,5.0,10.0,177143652.0,3.0,38341.0,poseidon,condorpool,poseidon-worker-1-container-16-19,mvt,/opt/mvt/mvt,,39.6,0,0,0.0,791899.0,20480.0,428.0,5.0,29.9,0.1,26396.6,1024.0
mvt_ID0000079,None,compute,0,1694350073.0,,,1694350078.0,1694350080.0,1694350091.0,29557864.0,1694350079.0,1694350148.0,1694350137.0,1694350140.0,14874.0,1694350148.0,1694350153.0,5.0,,1.0,69.0,5.0,11.0,177143652.0,3.0,45337.0,poseidon,condorpool,poseidon-worker-2-container-44-47,mvt,/opt/mvt/mvt,,39.8,0,0,0.0,835473.0,24576.0,523.0,6.0,29.9,0.1,27849.1,1228.8
post_vel_ID0000078,None,compute,0,1694350073.0,,,1694350078.0,1694350081.0,1694350092.0,35074033.2,1694350079.0,1694350108.0,1694350097.0,1694350100.0,4029.0,1694350108.0,1694350113.0,5.0,,1.0,29.0,5.0,11.0,177143937.0,3.0,12264.0,poseidon,condorpool,poseidon-worker-1-container-44-47,post_vel,/opt/netcdf2png/merged_netcdf2png,,0.1,0,0,,,,,,,,,
post_vel_ID0000098,None,compute,0,1694350073.0,,,1694350078.0,1694350081.0,1694350092.0,35130680.6,1694350079.0,1694350108.0,1694350097.0,1694350100.0,4378.0,1694350108.0,1694350113.0,5.0,,1.0,29.0,5.0,11.0,177143937.0,3.0,13355.0,poseidon,condorpool,poseidon-worker-1-container-32-35,post_vel,/opt/netcdf2png/merged_netcdf2png,,0.1,0,0,,,,,,,,,
post_vel_ID0000068,None,compute,0,1694350073.0,,,1694350078.0,1694350081.0,1694350091.0,35071271.2,1694350079.0,1694350108.0,1694350097.0,1694350100.0,3745.0,1694350108.0,1694350113.0,5.0,,1.0,29.0,5.0,10.0,177143937.0,3.0,11398.0,poseidon,condorpool,poseidon-worker-2-container-36-39,post_vel,/opt/netcdf2png/merged_netcdf2png,,0.2,0,0,,,,,,,,,
mvt_ID0000099,None,compute,0,1694350073.0,,,1694350078.0,1694350080.0,1694350091.0,34925673.2,1694350079.0,1694350148.0,1694350135.0,1694350138.0,16576.0,1694350148.0,1694350153.0,5.0,,1.0,69.0,5.0,11.0,177143652.0,3.0,50118.0,poseidon,condorpool,poseidon-worker-2-container-24-27,mvt,/opt/mvt/mvt,,38.3,0,0,0.0,801475.0,28672.0,449.0,7.0,29.9,0.1,26715.8,1433.6
post_vel_ID0000018,None,compute,0,1694350078.0,,,1694350083.0,1694350086.0,1694350099.0,27824728.3,1694350084.0,1694350113.0,1694350104.0,1694350107.0,3481.0,1694350113.0,1694350118.0,5.0,,1.0,29.0,5.0,13.0,177143937.0,3.0,11645.0,poseidon,condorpool,poseidon-worker-1-container-44-47,post_vel,/opt/netcdf2png/merged_netcdf2png,,0.1,0,0,,,,,,,,,
post_vel_ID0000073,None,compute,0,1694350078.0,,,1694350083.0,1694350086.0,1694350098.0,27548720.4,1694350084.0,1694350113.0,1694350104.0,1694350107.0,3768.0,1694350113.0,1694350118.0,5.0,,1.0,29.0,5.0,12.0,177143937.0,3.0,11825.0,poseidon,condorpool,poseidon-worker-1-container-40-43,post_vel,/opt/netcdf2png/merged_netcdf2png,,0.1,0,0,,,,,,,,,
mvt_ID0000074,None,compute,0,1694350078.0,,,1694350083.0,1694350086.0,1694350098.0,27500837.7,1694350085.0,1694350153.0,1694350144.0,1694350147.0,12762.0,1694350153.0,1694350158.0,5.0,,2.0,68.0,5.0,12.0,177143652.0,3.0,38855.0,poseidon,condorpool,poseidon-worker-2-container-32-35,mvt,/opt/mvt/mvt,,40.1,0,0,0.0,792922.0,20480.0,437.0,5.0,39.9,0.1,19823.0,1024.0
mvt_ID0000119,None,compute,0,1694350078.0,,,1694350083.0,1694350086.0,1694350098.0,29589023.6,1694350084.0,1694350153.0,1694350144.0,1694350147.0,21376.0,1694350153.0,1694350158.0,5.0,,1.0,69.0,5.0,12.0,177143652.0,3.0,65525.0,poseidon,condorpool,poseidon-worker-1-container-12-15,mvt,/opt/mvt/mvt,,40.3,0,0,0.0,792926.0,36864.0,437.0,9.0,39.7,0.2,19823.2,3686.4
post_vel_ID0000118,None,compute,0,1694350078.0,,,1694350083.0,1694350087.0,1694350099.0,24983138.3,1694350085.0,1694350118.0,1694350105.0,1694350108.0,4512.0,1694350118.0,1694350123.0,5.0,,2.0,33.0,5.0,12.0,177143937.0,3.0,14402.0,poseidon,condorpool,poseidon-worker-1-container-28-31,post_vel,/opt/netcdf2png/merged_netcdf2png,,0.1,0,0,,,,,,,,,
post_vel_ID0000038,None,compute,0,1694350078.0,,,1694350083.0,1694350087.0,1694350099.0,24127248.3,1694350085.0,1694350118.0,1694350105.0,1694350108.0,3687.0,1694350118.0,1694350123.0,5.0,,2.0,33.0,5.0,12.0,177143937.0,3.0,11227.0,poseidon,condorpool,poseidon-worker-2-container-8-11,post_vel,/opt/netcdf2png/merged_netcdf2png,,0.1,0,0,,,,,,,,,
mvt_ID0000039,None,compute,0,1694350078.0,,,1694350083.0,1694350086.0,1694350100.0,23402877.4,1694350084.0,1694350158.0,1694350145.0,1694350148.0,11260.0,1694350158.0,1694350163.0,5.0,,1.0,74.0,5.0,14.0,177143652.0,3.0,34386.0,poseidon,condorpool,poseidon-worker-1-container-8-11,mvt,/opt/mvt/mvt,,40.2,0,0,0.0,792879.0,16384.0,437.0,4.0,39.9,0.1,19822.0,819.2
post_vel_ID0000048,None,compute,0,1694350078.0,,,1694350083.0,1694350086.0,1694350097.0,33508341.6,1694350084.0,1694350113.0,1694350103.0,1694350106.0,3415.0,1694350113.0,1694350118.0,5.0,,1.0,29.0,5.0,11.0,177143937.0,3.0,10371.0,poseidon,condorpool,poseidon-worker-2-container-4-7,post_vel,/opt/netcdf2png/merged_netcdf2png,,0.2,0,0,,,,,,,,,
mvt_ID0000049,None,compute,0,1694350078.0,,,1694350083.0,1694350086.0,1694350098.0,27663424.0,1694350084.0,1694350153.0,1694350143.0,1694350146.0,7894.0,1694350153.0,1694350158.0,5.0,,1.0,69.0,5.0,12.0,177143652.0,3.0,24108.0,poseidon,condorpool,poseidon-worker-1-container-4-7,mvt,/opt/mvt/mvt,,39.8,0,0,0.0,790427.0,12288.0,425.0,3.0,29.9,0.1,26347.6,1228.8
mvt_ID0000089,None,compute,0,1694350078.0,,,1694350083.0,1694350088.0,1694350099.0,32819945.2,1694350086.0,1694350158.0,1694350144.0,1694350147.0,15759.0,1694350158.0,1694350163.0,5.0,,3.0,72.0,5.0,11.0,177143652.0,3.0,48475.0,poseidon,condorpool,poseidon-worker-1-container-0-3,mvt,/opt/mvt/mvt,,40.2,0,0,0.0,818887.0,24576.0,494.0,6.0,39.9,0.1,20472.2,2457.6
post_vel_ID0000088,None,compute,0,1694350078.0,,,1694350083.0,1694350087.0,1694350099.0,28951669.2,1694350085.0,1694350113.0,1694350104.0,1694350107.0,3820.0,1694350113.0,1694350118.0,5.0,,2.0,28.0,5.0,12.0,177143937.0,3.0,12740.0,poseidon,condorpool,poseidon-worker-1-container-20-23,post_vel,/opt/netcdf2png/merged_netcdf2png,,0.1,0,0,,,,,,,,,
mvt_ID0000024,None,compute,0,1694350078.0,,,1694350083.0,1694350086.0,1694350097.0,32829370.2,1694350084.0,1694350153.0,1694350142.0,1694350145.0,10055.0,1694350153.0,1694350158.0,5.0,,1.0,69.0,5.0,11.0,177143652.0,3.0,30705.0,poseidon,condorpool,poseidon-worker-2-container-12-15,mvt,/opt/mvt/mvt,,40.0,0,0,0.0,794296.0,16384.0,440.0,4.0,39.9,0.1,19857.4,819.2
post_vel_ID0000023,None,compute,0,1694350078.0,,,1694350083.0,1694350086.0,1694350097.0,34190983.8,1694350084.0,1694350113.0,1694350103.0,1694350106.0,3749.0,1694350113.0,1694350118.0,5.0,,1.0,29.0,5.0,11.0,177143937.0,3.0,11372.0,poseidon,condorpool,poseidon-worker-2-container-44-47,post_vel,/opt/netcdf2png/merged_netcdf2png,,0.1,0,0,,,,,,,,,
post_vel_ID0000128,None,compute,0,1694350078.0,,,1694350083.0,1694350091.0,1694350102.0,34477528.0,1694350090.0,1694350118.0,1694350108.0,1694350111.0,4510.0,1694350118.0,1694350123.0,5.0,,7.0,28.0,5.0,11.0,177143937.0,3.0,14512.0,poseidon,condorpool,poseidon-worker-1-container-44-47,post_vel,/opt/netcdf2png/merged_netcdf2png,,0.2,0,0,,,,,,,,,
mvt_ID0000129,None,compute,0,1694350078.0,,,1694350083.0,1694350088.0,1694350100.0,29784633.8,1694350086.0,1694350158.0,1694350145.0,1694350148.0,21021.0,1694350158.0,1694350163.0,5.0,,3.0,72.0,5.0,12.0,177143652.0,3.0,64489.0,poseidon,condorpool,poseidon-worker-2-container-44-47,mvt,/opt/mvt/mvt,,40.1,0,0,0.0,887770.0,36864.0,644.0,9.0,39.7,0.1,22194.2,3686.4
mvt_ID0000019,None,compute,0,1694350078.0,,,1694350083.0,1694350086.0,1694350097.0,33928227.0,1694350085.0,1694350153.0,1694350142.0,1694350146.0,11884.0,1694350153.0,1694350158.0,5.0,,2.0,68.0,5.0,11.0,177143652.0,4.0,36245.0,poseidon,condorpool,poseidon-worker-2-container-16-19,mvt,/opt/mvt/mvt,,40.1,0,0,0.0,795683.0,20480.0,443.0,5.0,39.9,0.1,19892.1,1024.0
mvt_ID0000084,None,compute,0,1694350083.0,,,1694350088.0,1694350091.0,1694350102.0,29668943.5,1694350089.0,1694350158.0,1694350147.0,1694350150.0,15721.0,1694350158.0,1694350163.0,5.0,,1.0,69.0,5.0,11.0,177143652.0,3.0,47998.0,poseidon,condorpool,poseidon-worker-1-container-24-27,mvt,/opt/mvt/mvt,,39.8,0,0,0.0,802923.0,24576.0,452.0,6.0,29.9,0.1,26764.1,1228.8
mvt_ID0000059,None,compute,0,1694350083.0,,,1694350088.0,1694350094.0,1694350104.0,29749185.0,1694350092.0,1694350163.0,1694350150.0,1694350153.0,9310.0,1694350163.0,1694350168.0,5.0,,4.0,71.0,5.0,10.0,177143652.0,3.0,28164.0,poseidon,condorpool,poseidon-worker-1-container-0-3,mvt,/opt/mvt/mvt,,39.8,0,0,0.1,824685.0,12288.0,500.0,3.0,29.8,0.1,27489.5,1228.8
post_vel_ID0000083,None,compute,0,1694350083.0,,,1694350088.0,1694350092.0,1694350102.0,33901988.6,1694350090.0,1694350118.0,1694350108.0,1694350111.0,4134.0,1694350118.0,1694350123.0,5.0,,2.0,28.0,5.0,10.0,177143937.0,3.0,12720.0,poseidon,condorpool,poseidon-worker-1-container-28-31,post_vel,/opt/netcdf2png/merged_netcdf2png,,0.2,0,0,,,,,,,,,
post_vel_ID0000058,None,compute,0,1694350083.0,,,1694350088.0,1694350091.0,1694350102.0,34798691.4,1694350090.0,1694350118.0,1694350108.0,1694350111.0,3378.0,1694350118.0,1694350123.0,5.0,,2.0,28.0,5.0,11.0,177143937.0,3.0,10981.0,poseidon,condorpool,poseidon-worker-1-container-40-43,post_vel,/opt/netcdf2png/merged_netcdf2png,,0.1,0,0,,,,,,,,,
mvt_ID0000094,None,compute,0,1694350083.0,,,1694350088.0,1694350091.0,1694350103.0,35293985.0,1694350090.0,1694350158.0,1694350148.0,1694350151.0,17114.0,1694350158.0,1694350163.0,5.0,,2.0,68.0,5.0,12.0,177143652.0,3.0,52407.0,poseidon,condorpool,poseidon-worker-2-container-24-27,mvt,/opt/mvt/mvt,,39.9,0,0,0.0,822128.0,28672.0,494.0,7.0,29.9,0.1,27404.3,1433.6
mvt_ID0000034,None,compute,0,1694350083.0,,,1694350088.0,1694350092.0,1694350103.0,34475498.6,1694350090.0,1694350158.0,1694350148.0,1694350151.0,10182.0,1694350158.0,1694350163.0,5.0,,2.0,68.0,5.0,11.0,177143652.0,3.0,30976.0,poseidon,condorpool,poseidon-worker-1-container-20-23,mvt,/opt/mvt/mvt,,40.2,0,0,0.0,821795.0,16384.0,500.0,4.0,39.9,0.1,20544.9,819.2
post_vel_ID0000093,None,compute,0,1694350083.0,,,1694350088.0,1694350091.0,1694350102.0,29735144.5,1694350090.0,1694350118.0,1694350108.0,1694350111.0,4276.0,1694350118.0,1694350123.0,5.0,,2.0,28.0,5.0,11.0,177143937.0,3.0,13303.0,poseidon,condorpool,poseidon-worker-2-container-36-39,post_vel,/opt/netcdf2png/merged_netcdf2png,,0.2,0,0,,,,,,,,,
post_vel_ID0000033,None,compute,0,1694350083.0,,,1694350088.0,1694350092.0,1694350103.0,29781643.2,1694350090.0,1694350118.0,1694350109.0,1694350112.0,3752.0,1694350118.0,1694350123.0,5.0,,2.0,28.0,5.0,11.0,177143937.0,3.0,11464.0,poseidon,condorpool,poseidon-worker-2-container-44-47,post_vel,/opt/netcdf2png/merged_netcdf2png,,0.1,0,0,,,,,,,,,
mvt_ID0000109,None,compute,0,1694350088.0,,,1694350093.0,1694350111.0,1694350122.0,29789971.5,1694350109.0,1694350179.0,1694350167.0,1694350170.0,19270.0,1694350179.0,1694350184.0,5.0,,16.0,70.0,5.0,11.0,177143652.0,3.0,59954.0,poseidon,condorpool,poseidon-worker-1-container-40-43,mvt,/opt/mvt/mvt,,39.6,0,0,0.0,791981.0,32768.0,428.0,8.0,29.9,0.1,26399.4,1638.4
post_vel_ID0000103,None,compute,0,1694350088.0,,,1694350093.0,1694350106.0,1694350118.0,30895116.8,1694350105.0,1694350133.0,1694350123.0,1694350126.0,4485.0,1694350133.0,1694350138.0,5.0,,12.0,28.0,5.0,12.0,177143937.0,3.0,13815.0,poseidon,condorpool,poseidon-worker-2-container-0-3,post_vel,/opt/netcdf2png/merged_netcdf2png,,0.1,0,0,,,,,,,,,
mvt_ID0000104,None,compute,0,1694350088.0,,,1694350093.0,1694350096.0,1694350107.0,29687691.5,1694350094.0,1694350163.0,1694350152.0,1694350155.0,19617.0,1694350163.0,1694350168.0,5.0,,1.0,69.0,5.0,11.0,177143652.0,3.0,59590.0,poseidon,condorpool,poseidon-worker-1-container-44-47,mvt,/opt/mvt/mvt,,39.9,0,0,0.0,853752.0,32768.0,563.0,8.0,29.9,0.1,28458.4,3276.8
register_condorpool_0_0,None,auxiliary,0,1694350088.0,,,1694350143.0,,,0.0,1694350144.0,1694350148.0,,,0.0,1694350148.0,1694350153.0,55.0,,1.0,4.0,5.0,,,,,poseidon,local,poseidon-submit,pegasus::rc-client,/mnt/poseidon-data/poseidon/pegasus-5.1.0panorama/bin/pegasus-rc-client,"-n pegasus::rc-client -N null -R local  -L casa-wind-full -T 2023-09-08T07:29:05+00:00 /home/poseidon/pegasus-5.1.0panorama/bin/pegasus-rc-client --prefix pegasus.catalog.replica.output --conf /mnt/poseidon-data/poseidon/workflows/casa-wind-workflow-full/submit/poseidon/pegasus/casa-wind-full/run0147/pegasus.6004724656759790570.properties -v --meta /mnt/poseidon-data/poseidon/workflows/casa-wind-workflow-full/submit/poseidon/pegasus/casa-wind-full/run0147/00/00/unzip_ID0000026.meta,/mnt/poseidon-data/poseidon/workflows/casa-wind-workflow-full/submit/poseidon/pegasus/casa-wind-full/run0147/00/00/unzip_ID0000061.meta,/mnt/poseidon-data/poseidon/workflows/casa-wind-workflow-full/submit/poseidon/pegasus/casa-wind-full/run0147/00/00/unzip_ID0000071.meta,/mnt/poseidon-data/poseidon/workflows/casa-wind-workflow-full/submit/poseidon/pegasus/casa-wind-full/run0147/00/00/unzip_ID0000041.meta,/mnt/poseidon-data/poseidon/workflows/casa-wind-workflow-full/submit/poseidon/pegasus/casa-wind-full/run0147/00/00/unzip_ID0000016.meta,/mnt/poseidon-data/poseidon/workflows/casa-wind-workflow-full/submit/poseidon/pegasus/casa-wind-full/run0147/00/00/unzip_ID0000111.meta,/mnt/poseidon-data/poseidon/workflows/casa-wind-workflow-full/submit/poseidon/pegasus/casa-wind-full/run0147/00/00/unzip_ID0000011.meta,/mnt/poseidon-data/poseidon/workflows/casa-wind-workflow-full/submit/poseidon/pegasus/casa-wind-full/run0147/00/00/unzip_ID0000081.meta,/mnt/poseidon-data/poseidon/workflows/casa-wind-workflow-full/submit/poseidon/pegasus/casa-wind-full/run0147/00/00/unzip_ID0000066.meta,/mnt/poseidon-data/poseidon/workflows/casa-wind-workflow-full/submit/poseidon/pegasus/casa-wind-full/run0147/00/00/unzip_ID0000096.meta,/mnt/poseidon-data/poseidon/workflows/casa-wind-workflow-full/submit/poseidon/pegasus/casa-wind-full/run0147/00/00/unzip_ID0000051.meta,/mnt/poseidon-data/poseidon/workflows/casa-wind-workflow-full/submit/poseidon/pegasus/casa-wind-full/run0147/00/00/unzip_ID0000031.meta,/mnt/poseidon-data/poseidon/workflows/casa-wind-workflow-full/submit/poseidon/pegasus/casa-wind-full/run0147/00/00/unzip_ID0000116.meta,/mnt/poseidon-data/poseidon/workflows/casa-wind-workflow-full/submit/poseidon/pegasus/casa-wind-full/run0147/00/00/unzip_ID0000101.meta,/mnt/poseidon-data/poseidon/workflows/casa-wind-workflow-full/submit/poseidon/pegasus/casa-wind-full/run0147/00/00/unzip_ID0000121.meta,/mnt/poseidon-data/poseidon/workflows/casa-wind-workflow-full/submit/poseidon/pegasus/casa-wind-full/run0147/00/00/unzip_ID0000106.meta,/mnt/poseidon-data/poseidon/workflows/casa-wind-workflow-full/submit/poseidon/pegasus/casa-wind-full/run0147/00/00/unzip_ID0000046.meta,/mnt/poseidon-data/poseidon/workflows/casa-wind-workflow-full/submit/poseidon/pegasus/casa-wind-full/run0147/00/00/unzip_ID0000076.meta,/mnt/poseidon-data/poseidon/workflows/casa-wind-workflow-full/submit/poseidon/pegasus/casa-wind-full/run0147/00/00/unzip_ID0000056.meta,/mnt/poseidon-data/poseidon/workflows/casa-wind-workflow-full/submit/poseidon/pegasus/casa-wind-full/run0147/00/00/unzip_ID0000021.meta,/mnt/poseidon-data/poseidon/workflows/casa-wind-workflow-full/submit/poseidon/pegasus/casa-wind-full/run0147/00/00/unzip_ID0000086.meta,/mnt/poseidon-data/poseidon/workflows/casa-wind-workflow-full/submit/poseidon/pegasus/casa-wind-full/run0147/00/00/unzip_ID0000126.meta,/mnt/poseidon-data/poseidon/workflows/casa-wind-workflow-full/submit/poseidon/pegasus/casa-wind-full/run0147/00/00/unzip_ID0000006.meta,/mnt/poseidon-data/poseidon/workflows/casa-wind-workflow-full/submit/poseidon/pegasus/casa-wind-full/run0147/00/00/unzip_ID0000036.meta,/mnt/poseidon-data/poseidon/workflows/casa-wind-workflow-full/submit/poseidon/pegasus/casa-wind-full/run0147/00/00/unzip_ID0000001.meta,/mnt/poseidon-data/poseidon/workflows/casa-wind-workflow-full/submit/poseidon/pegasus/casa-wind-full/run0147/00/00/unzip_ID0000091.meta --insert /mnt/poseidon-data/poseidon/workflows/casa-wind-workflow-full/submit/poseidon/pegasus/casa-wind-full/run0147/00/00/register_condorpool_0_0.in",3.2,0,0,,,,,,,,,
register_condorpool_0_1,None,auxiliary,0,1694350088.0,,,1694350103.0,,,0.0,1694350104.0,1694350108.0,,,0.0,1694350108.0,1694350113.0,15.0,,1.0,4.0,5.0,,,,,poseidon,local,poseidon-submit,pegasus::rc-client,/mnt/poseidon-data/poseidon/pegasus-5.1.0panorama/bin/pegasus-rc-client,"-n pegasus::rc-client -N null -R local  -L casa-wind-full -T 2023-09-08T07:29:05+00:00 /home/poseidon/pegasus-5.1.0panorama/bin/pegasus-rc-client --prefix pegasus.catalog.replica.output --conf /mnt/poseidon-data/poseidon/workflows/casa-wind-workflow-full/submit/poseidon/pegasus/casa-wind-full/run0147/pegasus.6004724656759790570.properties -v --meta /mnt/poseidon-data/poseidon/workflows/casa-wind-workflow-full/submit/poseidon/pegasus/casa-wind-full/run0147/00/00/unzip_ID0000026.meta,/mnt/poseidon-data/poseidon/workflows/casa-wind-workflow-full/submit/poseidon/pegasus/casa-wind-full/run0147/00/00/unzip_ID0000061.meta,/mnt/poseidon-data/poseidon/workflows/casa-wind-workflow-full/submit/poseidon/pegasus/casa-wind-full/run0147/00/00/unzip_ID0000071.meta,/mnt/poseidon-data/poseidon/workflows/casa-wind-workflow-full/submit/poseidon/pegasus/casa-wind-full/run0147/00/00/unzip_ID0000041.meta,/mnt/poseidon-data/poseidon/workflows/casa-wind-workflow-full/submit/poseidon/pegasus/casa-wind-full/run0147/00/00/unzip_ID0000016.meta,/mnt/poseidon-data/poseidon/workflows/casa-wind-workflow-full/submit/poseidon/pegasus/casa-wind-full/run0147/00/00/unzip_ID0000111.meta,/mnt/poseidon-data/poseidon/workflows/casa-wind-workflow-full/submit/poseidon/pegasus/casa-wind-full/run0147/00/00/unzip_ID0000011.meta,/mnt/poseidon-data/poseidon/workflows/casa-wind-workflow-full/submit/poseidon/pegasus/casa-wind-full/run0147/00/00/unzip_ID0000081.meta,/mnt/poseidon-data/poseidon/workflows/casa-wind-workflow-full/submit/poseidon/pegasus/casa-wind-full/run0147/00/00/unzip_ID0000066.meta,/mnt/poseidon-data/poseidon/workflows/casa-wind-workflow-full/submit/poseidon/pegasus/casa-wind-full/run0147/00/00/unzip_ID0000096.meta,/mnt/poseidon-data/poseidon/workflows/casa-wind-workflow-full/submit/poseidon/pegasus/casa-wind-full/run0147/00/00/unzip_ID0000051.meta,/mnt/poseidon-data/poseidon/workflows/casa-wind-workflow-full/submit/poseidon/pegasus/casa-wind-full/run0147/00/00/unzip_ID0000031.meta,/mnt/poseidon-data/poseidon/workflows/casa-wind-workflow-full/submit/poseidon/pegasus/casa-wind-full/run0147/00/00/unzip_ID0000116.meta,/mnt/poseidon-data/poseidon/workflows/casa-wind-workflow-full/submit/poseidon/pegasus/casa-wind-full/run0147/00/00/unzip_ID0000101.meta,/mnt/poseidon-data/poseidon/workflows/casa-wind-workflow-full/submit/poseidon/pegasus/casa-wind-full/run0147/00/00/unzip_ID0000121.meta,/mnt/poseidon-data/poseidon/workflows/casa-wind-workflow-full/submit/poseidon/pegasus/casa-wind-full/run0147/00/00/unzip_ID0000106.meta,/mnt/poseidon-data/poseidon/workflows/casa-wind-workflow-full/submit/poseidon/pegasus/casa-wind-full/run0147/00/00/unzip_ID0000046.meta,/mnt/poseidon-data/poseidon/workflows/casa-wind-workflow-full/submit/poseidon/pegasus/casa-wind-full/run0147/00/00/unzip_ID0000076.meta,/mnt/poseidon-data/poseidon/workflows/casa-wind-workflow-full/submit/poseidon/pegasus/casa-wind-full/run0147/00/00/unzip_ID0000056.meta,/mnt/poseidon-data/poseidon/workflows/casa-wind-workflow-full/submit/poseidon/pegasus/casa-wind-full/run0147/00/00/unzip_ID0000021.meta,/mnt/poseidon-data/poseidon/workflows/casa-wind-workflow-full/submit/poseidon/pegasus/casa-wind-full/run0147/00/00/unzip_ID0000086.meta,/mnt/poseidon-data/poseidon/workflows/casa-wind-workflow-full/submit/poseidon/pegasus/casa-wind-full/run0147/00/00/unzip_ID0000126.meta,/mnt/poseidon-data/poseidon/workflows/casa-wind-workflow-full/submit/poseidon/pegasus/casa-wind-full/run0147/00/00/unzip_ID0000006.meta,/mnt/poseidon-data/poseidon/workflows/casa-wind-workflow-full/submit/poseidon/pegasus/casa-wind-full/run0147/00/00/unzip_ID0000036.meta,/mnt/poseidon-data/poseidon/workflows/casa-wind-workflow-full/submit/poseidon/pegasus/casa-wind-full/run0147/00/00/unzip_ID0000001.meta,/mnt/poseidon-data/poseidon/workflows/casa-wind-workflow-full/submit/poseidon/pegasus/casa-wind-full/run0147/00/00/unzip_ID0000091.meta --insert /mnt/poseidon-data/poseidon/workflows/casa-wind-workflow-full/submit/poseidon/pegasus/casa-wind-full/run0147/00/00/register_condorpool_0_1.in",3.0,0,0,,,,,,,,,
register_condorpool_0_2,None,auxiliary,0,1694350088.0,,,1694350093.0,,,0.0,1694350094.0,1694350098.0,,,0.0,1694350098.0,1694350103.0,5.0,,1.0,4.0,5.0,,,,,poseidon,local,poseidon-submit,pegasus::rc-client,/mnt/poseidon-data/poseidon/pegasus-5.1.0panorama/bin/pegasus-rc-client,"-n pegasus::rc-client -N null -R local  -L casa-wind-full -T 2023-09-08T07:29:05+00:00 /home/poseidon/pegasus-5.1.0panorama/bin/pegasus-rc-client --prefix pegasus.catalog.replica.output --conf /mnt/poseidon-data/poseidon/workflows/casa-wind-workflow-full/submit/poseidon/pegasus/casa-wind-full/run0147/pegasus.6004724656759790570.properties -v --meta /mnt/poseidon-data/poseidon/workflows/casa-wind-workflow-full/submit/poseidon/pegasus/casa-wind-full/run0147/00/00/unzip_ID0000026.meta,/mnt/poseidon-data/poseidon/workflows/casa-wind-workflow-full/submit/poseidon/pegasus/casa-wind-full/run0147/00/00/unzip_ID0000061.meta,/mnt/poseidon-data/poseidon/workflows/casa-wind-workflow-full/submit/poseidon/pegasus/casa-wind-full/run0147/00/00/unzip_ID0000071.meta,/mnt/poseidon-data/poseidon/workflows/casa-wind-workflow-full/submit/poseidon/pegasus/casa-wind-full/run0147/00/00/unzip_ID0000041.meta,/mnt/poseidon-data/poseidon/workflows/casa-wind-workflow-full/submit/poseidon/pegasus/casa-wind-full/run0147/00/00/unzip_ID0000016.meta,/mnt/poseidon-data/poseidon/workflows/casa-wind-workflow-full/submit/poseidon/pegasus/casa-wind-full/run0147/00/00/unzip_ID0000111.meta,/mnt/poseidon-data/poseidon/workflows/casa-wind-workflow-full/submit/poseidon/pegasus/casa-wind-full/run0147/00/00/unzip_ID0000011.meta,/mnt/poseidon-data/poseidon/workflows/casa-wind-workflow-full/submit/poseidon/pegasus/casa-wind-full/run0147/00/00/unzip_ID0000081.meta,/mnt/poseidon-data/poseidon/workflows/casa-wind-workflow-full/submit/poseidon/pegasus/casa-wind-full/run0147/00/00/unzip_ID0000066.meta,/mnt/poseidon-data/poseidon/workflows/casa-wind-workflow-full/submit/poseidon/pegasus/casa-wind-full/run0147/00/00/unzip_ID0000096.meta,/mnt/poseidon-data/poseidon/workflows/casa-wind-workflow-full/submit/poseidon/pegasus/casa-wind-full/run0147/00/00/unzip_ID0000051.meta,/mnt/poseidon-data/poseidon/workflows/casa-wind-workflow-full/submit/poseidon/pegasus/casa-wind-full/run0147/00/00/unzip_ID0000031.meta,/mnt/poseidon-data/poseidon/workflows/casa-wind-workflow-full/submit/poseidon/pegasus/casa-wind-full/run0147/00/00/unzip_ID0000116.meta,/mnt/poseidon-data/poseidon/workflows/casa-wind-workflow-full/submit/poseidon/pegasus/casa-wind-full/run0147/00/00/unzip_ID0000101.meta,/mnt/poseidon-data/poseidon/workflows/casa-wind-workflow-full/submit/poseidon/pegasus/casa-wind-full/run0147/00/00/unzip_ID0000121.meta,/mnt/poseidon-data/poseidon/workflows/casa-wind-workflow-full/submit/poseidon/pegasus/casa-wind-full/run0147/00/00/unzip_ID0000106.meta,/mnt/poseidon-data/poseidon/workflows/casa-wind-workflow-full/submit/poseidon/pegasus/casa-wind-full/run0147/00/00/unzip_ID0000046.meta,/mnt/poseidon-data/poseidon/workflows/casa-wind-workflow-full/submit/poseidon/pegasus/casa-wind-full/run0147/00/00/unzip_ID0000076.meta,/mnt/poseidon-data/poseidon/workflows/casa-wind-workflow-full/submit/poseidon/pegasus/casa-wind-full/run0147/00/00/unzip_ID0000056.meta,/mnt/poseidon-data/poseidon/workflows/casa-wind-workflow-full/submit/poseidon/pegasus/casa-wind-full/run0147/00/00/unzip_ID0000021.meta,/mnt/poseidon-data/poseidon/workflows/casa-wind-workflow-full/submit/poseidon/pegasus/casa-wind-full/run0147/00/00/unzip_ID0000086.meta,/mnt/poseidon-data/poseidon/workflows/casa-wind-workflow-full/submit/poseidon/pegasus/casa-wind-full/run0147/00/00/unzip_ID0000126.meta,/mnt/poseidon-data/poseidon/workflows/casa-wind-workflow-full/submit/poseidon/pegasus/casa-wind-full/run0147/00/00/unzip_ID0000006.meta,/mnt/poseidon-data/poseidon/workflows/casa-wind-workflow-full/submit/poseidon/pegasus/casa-wind-full/run0147/00/00/unzip_ID0000036.meta,/mnt/poseidon-data/poseidon/workflows/casa-wind-workflow-full/submit/poseidon/pegasus/casa-wind-full/run0147/00/00/unzip_ID0000001.meta,/mnt/poseidon-data/poseidon/workflows/casa-wind-workflow-full/submit/poseidon/pegasus/casa-wind-full/run0147/00/00/unzip_ID0000091.meta --insert /mnt/poseidon-data/poseidon/workflows/casa-wind-workflow-full/submit/poseidon/pegasus/casa-wind-full/run0147/00/00/register_condorpool_0_2.in",3.0,0,0,,,,,,,,,
post_vel_ID0000108,None,compute,0,1694350088.0,,,1694350093.0,1694350111.0,1694350122.0,29742795.5,1694350109.0,1694350138.0,1694350128.0,1694350131.0,4518.0,1694350138.0,1694350143.0,5.0,,16.0,29.0,5.0,11.0,177143937.0,3.0,13907.0,poseidon,condorpool,poseidon-worker-1-container-20-23,post_vel,/opt/netcdf2png/merged_netcdf2png,,0.1,0,0,,,,,,,,,
post_vel_ID0000123,None,compute,0,1694350088.0,,,1694350093.0,1694350108.0,1694350120.0,33973423.0,1694350106.0,1694350138.0,1694350125.0,1694350128.0,4759.0,1694350138.0,1694350143.0,5.0,,13.0,32.0,5.0,12.0,177143937.0,3.0,14777.0,poseidon,condorpool,poseidon-worker-1-container-24-27,post_vel,/opt/netcdf2png/merged_netcdf2png,,0.1,0,0,,,,,,,,,
mvt_ID0000004,None,compute,0,1694350088.0,,,1694350093.0,1694350108.0,1694350120.0,34018204.8,1694350106.0,1694350174.0,1694350164.0,1694350168.0,9244.0,1694350174.0,1694350179.0,5.0,,13.0,68.0,5.0,12.0,177143652.0,4.0,28781.0,poseidon,condorpool,poseidon-worker-1-container-44-47,mvt,/opt/mvt/mvt,,39.6,0,0,0.0,823587.0,16384.0,497.0,4.0,29.9,0.1,27452.9,819.2
mvt_ID0000124,None,compute,0,1694350088.0,,,1694350093.0,1694350108.0,1694350120.0,33900708.6,1694350106.0,1694350179.0,1694350165.0,1694350168.0,22812.0,1694350179.0,1694350184.0,5.0,,13.0,73.0,5.0,12.0,177143652.0,3.0,70564.0,poseidon,condorpool,poseidon-worker-1-container-32-35,mvt,/opt/mvt/mvt,,40.2,0,0,0.0,817722.0,40960.0,491.0,10.0,39.9,0.1,20443.0,4096.0
post_vel_ID0000003,None,compute,0,1694350088.0,,,1694350093.0,1694350108.0,1694350118.0,29609534.0,1694350106.0,1694350133.0,1694350124.0,1694350127.0,3591.0,1694350133.0,1694350138.0,5.0,,13.0,27.0,5.0,10.0,177143937.0,3.0,10865.0,poseidon,condorpool,poseidon-worker-2-container-36-39,post_vel,/opt/netcdf2png/merged_netcdf2png,,0.1,0,0,,,,,,,,,
mvt_ID0000064,None,compute,0,1694350088.0,,,1694350093.0,1694350111.0,1694350123.0,28257348.8,1694350109.0,1694350179.0,1694350168.0,1694350171.0,10081.0,1694350179.0,1694350184.0,5.0,,16.0,70.0,5.0,12.0,177143652.0,3.0,31148.0,poseidon,condorpool,poseidon-worker-1-container-28-31,mvt,/opt/mvt/mvt,,39.5,0,0,0.0,789219.0,16384.0,422.0,4.0,29.9,0.1,26307.3,819.2
post_vel_ID0000063,None,compute,0,1694350088.0,,,1694350093.0,1694350112.0,1694350123.0,28512406.0,1694350110.0,1694350138.0,1694350129.0,1694350132.0,3827.0,1694350138.0,1694350143.0,5.0,,17.0,28.0,5.0,11.0,177143937.0,3.0,11628.0,poseidon,condorpool,poseidon-worker-1-container-0-3,post_vel,/opt/netcdf2png/merged_netcdf2png,,0.1,0,0,,,,,,,,,
mvt_ID0000044,None,compute,0,1694350093.0,,,1694350098.0,1694350111.0,1694350122.0,30069878.5,1694350109.0,1694350179.0,1694350166.0,1694350169.0,8954.0,1694350179.0,1694350184.0,5.0,,11.0,70.0,5.0,11.0,177143652.0,3.0,28113.0,poseidon,condorpool,poseidon-worker-2-container-24-27,mvt,/opt/mvt/mvt,,38.9,0,0,0.0,857876.0,12288.0,572.0,3.0,29.9,0.1,28595.9,1228.8
post_vel_ID0000053,None,compute,0,1694350093.0,,,1694350098.0,1694350111.0,1694350122.0,30784021.0,1694350109.0,1694350138.0,1694350128.0,1694350131.0,3615.0,1694350138.0,1694350143.0,5.0,,11.0,29.0,5.0,11.0,177143937.0,3.0,11004.0,poseidon,condorpool,poseidon-worker-2-container-8-11,post_vel,/opt/netcdf2png/merged_netcdf2png,,0.1,0,0,,,,,,,,,
post_vel_ID0000043,None,compute,0,1694350093.0,,,1694350098.0,1694350111.0,1694350122.0,29658052.5,1694350109.0,1694350138.0,1694350128.0,1694350131.0,3618.0,1694350138.0,1694350143.0,5.0,,11.0,29.0,5.0,11.0,177143937.0,3.0,11050.0,poseidon,condorpool,poseidon-worker-1-container-32-35,post_vel,/opt/netcdf2png/merged_netcdf2png,,0.2,0,0,,,,,,,,,
post_vel_ID0000013,None,compute,0,1694350093.0,,,1694350098.0,1694350111.0,1694350122.0,29703762.5,1694350109.0,1694350138.0,1694350128.0,1694350131.0,3579.0,1694350138.0,1694350143.0,5.0,,11.0,29.0,5.0,11.0,177143937.0,3.0,11040.0,poseidon,condorpool,poseidon-worker-1-container-24-27,post_vel,/opt/netcdf2png/merged_netcdf2png,,0.1,0,0,,,,,,,,,
stage_out_local_condorpool_1_0,None,transfer,0,1694350093.0,,,1694350098.0,,,0.0,1694350099.0,1694350103.0,,,0.0,1694350103.0,1694350108.0,5.0,,1.0,4.0,5.0,,,,,poseidon,local,poseidon-submit,pegasus::transfer,/mnt/poseidon-data/poseidon/pegasus-5.1.0panorama/bin/pegasus-transfer,/home/poseidon/pegasus-5.1.0panorama/bin/../bin/pegasus-kickstart  -n pegasus::transfer -N null -i - -R local  -L casa-wind-full -T 2023-09-08T07:29:05+00:00 /home/poseidon/pegasus-5.1.0panorama/bin/../bin/pegasus-transfer  --threads 2,0.9,0,0,,,,,,,,,
mvt_ID0000014,None,compute,0,1694350093.0,,,1694350098.0,1694350111.0,1694350122.0,29729298.0,1694350109.0,1694350174.0,1694350165.0,1694350168.0,10538.0,1694350174.0,1694350179.0,5.0,,11.0,65.0,5.0,11.0,177143652.0,3.0,31991.0,poseidon,condorpool,poseidon-worker-2-container-36-39,mvt,/opt/mvt/mvt,,38.0,0,0,0.0,828997.0,16384.0,509.0,4.0,29.9,0.1,27633.2,819.2
mvt_ID0000054,None,compute,0,1694350093.0,,,1694350098.0,1694350112.0,1694350123.0,35088424.6,1694350110.0,1694350179.0,1694350167.0,1694350170.0,9355.0,1694350179.0,1694350184.0,5.0,,12.0,69.0,5.0,11.0,177143652.0,3.0,28552.0,poseidon,condorpool,poseidon-worker-1-container-12-15,mvt,/opt/mvt/mvt,,39.5,0,0,0.0,822142.0,12288.0,494.0,3.0,29.9,0.1,27404.7,1228.8
mvt_ID0000114,None,compute,0,1694350098.0,,,1694350103.0,1694350112.0,1694350123.0,29769134.5,1694350110.0,1694350179.0,1694350168.0,1694350171.0,23775.0,1694350179.0,1694350184.0,5.0,,7.0,69.0,5.0,11.0,177143652.0,3.0,73234.0,poseidon,condorpool,poseidon-worker-1-container-16-19,mvt,/opt/mvt/mvt,,39.4,0,0,0.0,822138.0,40960.0,494.0,10.0,29.9,0.1,27404.6,4096.0
stage_out_local_condorpool_1_2,None,transfer,0,1694350098.0,,,1694350103.0,,,0.0,1694350104.0,1694350113.0,,,0.0,1694350113.0,1694350118.0,5.0,,1.0,9.0,5.0,,,,,poseidon,local,poseidon-submit,pegasus::transfer,/mnt/poseidon-data/poseidon/pegasus-5.1.0panorama/bin/pegasus-transfer,/home/poseidon/pegasus-5.1.0panorama/bin/../bin/pegasus-kickstart  -n pegasus::transfer -N null -i - -R local  -L casa-wind-full -T 2023-09-08T07:29:05+00:00 /home/poseidon/pegasus-5.1.0panorama/bin/../bin/pegasus-transfer  --threads 2,0.9,0,0,,,,,,,,,
post_vel_ID0000113,None,compute,0,1694350098.0,,,1694350103.0,1694350111.0,1694350123.0,27004155.0,1694350109.0,1694350138.0,1694350129.0,1694350132.0,4866.0,1694350138.0,1694350143.0,5.0,,6.0,29.0,5.0,12.0,177143937.0,3.0,14745.0,poseidon,condorpool,poseidon-worker-1-container-36-39,post_vel,/opt/netcdf2png/merged_netcdf2png,,0.1,0,0,,,,,,,,,
register_condorpool_1_0,None,auxiliary,0,1694350108.0,,,1694350113.0,,,0.0,1694350115.0,1694350118.0,,,0.0,1694350118.0,1694350123.0,5.0,,2.0,3.0,5.0,,,,,poseidon,local,poseidon-submit,pegasus::rc-client,/mnt/poseidon-data/poseidon/pegasus-5.1.0panorama/bin/pegasus-rc-client,"-n pegasus::rc-client -N null -R local  -L casa-wind-full -T 2023-09-08T07:29:05+00:00 /home/poseidon/pegasus-5.1.0panorama/bin/pegasus-rc-client --prefix pegasus.catalog.replica.output --conf /mnt/poseidon-data/poseidon/workflows/casa-wind-workflow-full/submit/poseidon/pegasus/casa-wind-full/run0147/pegasus.6004724656759790570.properties -v --meta /mnt/poseidon-data/poseidon/workflows/casa-wind-workflow-full/submit/poseidon/pegasus/casa-wind-full/run0147/00/01/um_vel_ID0000067.meta,/mnt/poseidon-data/poseidon/workflows/casa-wind-workflow-full/submit/poseidon/pegasus/casa-wind-full/run0147/00/00/um_vel_ID0000127.meta,/mnt/poseidon-data/poseidon/workflows/casa-wind-workflow-full/submit/poseidon/pegasus/casa-wind-full/run0147/00/00/um_vel_ID0000122.meta,/mnt/poseidon-data/poseidon/workflows/casa-wind-workflow-full/submit/poseidon/pegasus/casa-wind-full/run0147/00/00/um_vel_ID0000092.meta,/mnt/poseidon-data/poseidon/workflows/casa-wind-workflow-full/submit/poseidon/pegasus/casa-wind-full/run0147/00/01/um_vel_ID0000077.meta,/mnt/poseidon-data/poseidon/workflows/casa-wind-workflow-full/submit/poseidon/pegasus/casa-wind-full/run0147/00/01/um_vel_ID0000057.meta,/mnt/poseidon-data/poseidon/workflows/casa-wind-workflow-full/submit/poseidon/pegasus/casa-wind-full/run0147/00/00/um_vel_ID0000027.meta,/mnt/poseidon-data/poseidon/workflows/casa-wind-workflow-full/submit/poseidon/pegasus/casa-wind-full/run0147/00/01/um_vel_ID0000042.meta,/mnt/poseidon-data/poseidon/workflows/casa-wind-workflow-full/submit/poseidon/pegasus/casa-wind-full/run0147/00/00/um_vel_ID0000022.meta --insert /mnt/poseidon-data/poseidon/workflows/casa-wind-workflow-full/submit/poseidon/pegasus/casa-wind-full/run0147/00/01/register_condorpool_1_0.in",2.6,0,0,,,,,,,,,
mvt_ID0000009,None,compute,0,1694350113.0,,,1694350118.0,1694350121.0,1694350133.0,29972737.6,1694350119.0,1694350189.0,1694350176.0,1694350179.0,11542.0,1694350189.0,1694350194.0,5.0,,1.0,70.0,5.0,12.0,177143652.0,3.0,35429.0,poseidon,condorpool,poseidon-worker-2-container-44-47,mvt,/opt/mvt/mvt,,37.9,0,0,0.0,875775.0,20480.0,611.0,5.0,29.9,0.0,29192.5,1024.0
post_vel_ID0000008,None,compute,0,1694350113.0,,,1694350118.0,1694350121.0,1694350133.0,30000998.0,1694350119.0,1694350148.0,1694350138.0,1694350141.0,3637.0,1694350148.0,1694350153.0,5.0,,1.0,29.0,5.0,12.0,177143937.0,3.0,10982.0,poseidon,condorpool,poseidon-worker-2-container-44-47,post_vel,/opt/netcdf2png/merged_netcdf2png,,0.1,0,0,,,,,,,,,
stage_out_local_condorpool_1_1,None,transfer,0,1694350113.0,,,1694350118.0,,,0.0,1694350119.0,1694350123.0,,,0.0,1694350123.0,1694350128.0,5.0,,1.0,4.0,5.0,,,,,poseidon,local,poseidon-submit,pegasus::transfer,/mnt/poseidon-data/poseidon/pegasus-5.1.0panorama/bin/pegasus-transfer,/home/poseidon/pegasus-5.1.0panorama/bin/../bin/pegasus-kickstart  -n pegasus::transfer -N null -i - -R local  -L casa-wind-full -T 2023-09-08T07:29:05+00:00 /home/poseidon/pegasus-5.1.0panorama/bin/../bin/pegasus-transfer  --threads 2,0.9,0,0,,,,,,,,,
register_condorpool_1_2,None,auxiliary,0,1694350118.0,,,1694350123.0,,,0.0,1694350124.0,1694350128.0,,,0.0,1694350128.0,1694350133.0,5.0,,1.0,4.0,5.0,,,,,poseidon,local,poseidon-submit,pegasus::rc-client,/mnt/poseidon-data/poseidon/pegasus-5.1.0panorama/bin/pegasus-rc-client,"-n pegasus::rc-client -N null -R local  -L casa-wind-full -T 2023-09-08T07:29:05+00:00 /home/poseidon/pegasus-5.1.0panorama/bin/pegasus-rc-client --prefix pegasus.catalog.replica.output --conf /mnt/poseidon-data/poseidon/workflows/casa-wind-workflow-full/submit/poseidon/pegasus/casa-wind-full/run0147/pegasus.6004724656759790570.properties -v --meta /mnt/poseidon-data/poseidon/workflows/casa-wind-workflow-full/submit/poseidon/pegasus/casa-wind-full/run0147/00/00/um_vel_ID0000117.meta,/mnt/poseidon-data/poseidon/workflows/casa-wind-workflow-full/submit/poseidon/pegasus/casa-wind-full/run0147/00/01/um_vel_ID0000052.meta,/mnt/poseidon-data/poseidon/workflows/casa-wind-workflow-full/submit/poseidon/pegasus/casa-wind-full/run0147/00/00/um_vel_ID0000002.meta,/mnt/poseidon-data/poseidon/workflows/casa-wind-workflow-full/submit/poseidon/pegasus/casa-wind-full/run0147/00/00/um_vel_ID0000012.meta,/mnt/poseidon-data/poseidon/workflows/casa-wind-workflow-full/submit/poseidon/pegasus/casa-wind-full/run0147/00/00/um_vel_ID0000032.meta,/mnt/poseidon-data/poseidon/workflows/casa-wind-workflow-full/submit/poseidon/pegasus/casa-wind-full/run0147/00/01/um_vel_ID0000062.meta,/mnt/poseidon-data/poseidon/workflows/casa-wind-workflow-full/submit/poseidon/pegasus/casa-wind-full/run0147/00/01/um_vel_ID0000112.meta,/mnt/poseidon-data/poseidon/workflows/casa-wind-workflow-full/submit/poseidon/pegasus/casa-wind-full/run0147/00/01/um_vel_ID0000107.meta --insert /mnt/poseidon-data/poseidon/workflows/casa-wind-workflow-full/submit/poseidon/pegasus/casa-wind-full/run0147/00/01/register_condorpool_1_2.in",2.7,0,0,,,,,,,,,
register_condorpool_1_1,None,auxiliary,0,1694350128.0,,,1694350133.0,,,0.0,1694350133.0,1694350138.0,,,0.0,1694350138.0,1694350143.0,5.0,,0.0,5.0,5.0,,,,,poseidon,local,poseidon-submit,pegasus::rc-client,/mnt/poseidon-data/poseidon/pegasus-5.1.0panorama/bin/pegasus-rc-client,"-n pegasus::rc-client -N null -R local  -L casa-wind-full -T 2023-09-08T07:29:05+00:00 /home/poseidon/pegasus-5.1.0panorama/bin/pegasus-rc-client --prefix pegasus.catalog.replica.output --conf /mnt/poseidon-data/poseidon/workflows/casa-wind-workflow-full/submit/poseidon/pegasus/casa-wind-full/run0147/pegasus.6004724656759790570.properties -v --meta /mnt/poseidon-data/poseidon/workflows/casa-wind-workflow-full/submit/poseidon/pegasus/casa-wind-full/run0147/00/00/um_vel_ID0000017.meta,/mnt/poseidon-data/poseidon/workflows/casa-wind-workflow-full/submit/poseidon/pegasus/casa-wind-full/run0147/00/01/um_vel_ID0000037.meta,/mnt/poseidon-data/poseidon/workflows/casa-wind-workflow-full/submit/poseidon/pegasus/casa-wind-full/run0147/00/00/um_vel_ID0000082.meta,/mnt/poseidon-data/poseidon/workflows/casa-wind-workflow-full/submit/poseidon/pegasus/casa-wind-full/run0147/00/00/um_vel_ID0000097.meta,/mnt/poseidon-data/poseidon/workflows/casa-wind-workflow-full/submit/poseidon/pegasus/casa-wind-full/run0147/00/01/um_vel_ID0000047.meta,/mnt/poseidon-data/poseidon/workflows/casa-wind-workflow-full/submit/poseidon/pegasus/casa-wind-full/run0147/00/00/um_vel_ID0000087.meta,/mnt/poseidon-data/poseidon/workflows/casa-wind-workflow-full/submit/poseidon/pegasus/casa-wind-full/run0147/00/01/um_vel_ID0000007.meta,/mnt/poseidon-data/poseidon/workflows/casa-wind-workflow-full/submit/poseidon/pegasus/casa-wind-full/run0147/00/01/um_vel_ID0000072.meta,/mnt/poseidon-data/poseidon/workflows/casa-wind-workflow-full/submit/poseidon/pegasus/casa-wind-full/run0147/00/01/um_vel_ID0000102.meta --insert /mnt/poseidon-data/poseidon/workflows/casa-wind-workflow-full/submit/poseidon/pegasus/casa-wind-full/run0147/00/01/register_condorpool_1_1.in",2.8,0,0,,,,,,,,,
point_alert_ID0000030,None,compute,0,1694350153.0,,,1694350158.0,1694350161.0,1694350172.0,33984354.8,1694350159.0,1694350189.0,1694350177.0,1694350180.0,6517.0,1694350189.0,1694350194.0,5.0,,1.0,30.0,5.0,11.0,176646324.0,3.0,20158.0,poseidon,condorpool,poseidon-worker-1-container-36-39,point_alert,/opt/pointAlert/pointAlert,,0.0,0,0,,,,,,,,,
point_alert_ID0000070,None,compute,0,1694350153.0,,,1694350158.0,1694350161.0,1694350172.0,29628971.5,1694350159.0,1694350189.0,1694350177.0,1694350180.0,6680.0,1694350189.0,1694350194.0,5.0,,1.0,30.0,5.0,11.0,176643292.0,3.0,20558.0,poseidon,condorpool,poseidon-worker-2-container-44-47,point_alert,/opt/pointAlert/pointAlert,,0.0,0,0,,,,,,,,,
point_alert_ID0000080,None,compute,0,1694350153.0,,,1694350158.0,1694350161.0,1694350172.0,35188529.8,1694350159.0,1694350189.0,1694350177.0,1694350180.0,6793.0,1694350189.0,1694350194.0,5.0,,1.0,30.0,5.0,11.0,176653320.0,3.0,20718.0,poseidon,condorpool,poseidon-worker-2-container-44-47,point_alert,/opt/pointAlert/pointAlert,,0.0,0,0,,,,,,,,,
point_alert_ID0000100,None,compute,0,1694350153.0,,,1694350158.0,1694350161.0,1694350172.0,29761796.0,1694350159.0,1694350189.0,1694350177.0,1694350180.0,6707.0,1694350189.0,1694350194.0,5.0,,1.0,30.0,5.0,11.0,176658101.0,3.0,20638.0,poseidon,condorpool,poseidon-worker-1-container-16-19,point_alert,/opt/pointAlert/pointAlert,,0.0,0,0,,,,,,,,,
point_alert_ID0000050,None,compute,0,1694350158.0,,,1694350163.0,1694350166.0,1694350177.0,29596390.0,1694350164.0,1694350194.0,1694350182.0,1694350185.0,6807.0,1694350194.0,1694350199.0,5.0,,1.0,30.0,5.0,11.0,176632091.0,3.0,20878.0,poseidon,condorpool,poseidon-worker-1-container-24-27,point_alert,/opt/pointAlert/pointAlert,,0.0,0,0,,,,,,,,,
point_alert_ID0000025,None,compute,0,1694350158.0,,,1694350163.0,1694350166.0,1694350177.0,34628768.2,1694350164.0,1694350194.0,1694350183.0,1694350186.0,6556.0,1694350194.0,1694350199.0,5.0,,1.0,30.0,5.0,11.0,176638688.0,3.0,20078.0,poseidon,condorpool,poseidon-worker-2-container-24-27,point_alert,/opt/pointAlert/pointAlert,,0.0,0,0,,,,,,,,,
point_alert_ID0000020,None,compute,0,1694350158.0,,,1694350163.0,1694350166.0,1694350177.0,29629757.5,1694350164.0,1694350194.0,1694350182.0,1694350186.0,6616.0,1694350194.0,1694350199.0,5.0,,1.0,30.0,5.0,11.0,176644228.0,4.0,20478.0,poseidon,condorpool,poseidon-worker-1-container-20-23,point_alert,/opt/pointAlert/pointAlert,,0.0,0,0,,,,,,,,,
point_alert_ID0000120,None,compute,0,1694350158.0,,,1694350163.0,1694350166.0,1694350177.0,33711388.2,1694350164.0,1694350194.0,1694350182.0,1694350185.0,7100.0,1694350194.0,1694350199.0,5.0,,1.0,30.0,5.0,11.0,176673508.0,3.0,21998.0,poseidon,condorpool,poseidon-worker-2-container-12-15,point_alert,/opt/pointAlert/pointAlert,,0.0,0,0,,,,,,,,,
point_alert_ID0000075,None,compute,0,1694350158.0,,,1694350163.0,1694350166.0,1694350177.0,29514513.0,1694350164.0,1694350194.0,1694350182.0,1694350185.0,6720.0,1694350194.0,1694350199.0,5.0,,1.0,30.0,5.0,11.0,176646838.0,3.0,20558.0,poseidon,condorpool,poseidon-worker-1-container-36-39,point_alert,/opt/pointAlert/pointAlert,,0.0,0,0,,,,,,,,,
point_alert_ID0000130,None,compute,0,1694350163.0,,,1694350168.0,1694350171.0,1694350182.0,29553724.0,1694350170.0,1694350199.0,1694350188.0,1694350191.0,7440.0,1694350199.0,1694350204.0,5.0,,2.0,29.0,5.0,11.0,176672472.0,3.0,23118.0,poseidon,condorpool,poseidon-worker-1-container-44-47,point_alert,/opt/pointAlert/pointAlert,,0.0,0,0,,,,,,,,,
point_alert_ID0000035,None,compute,0,1694350163.0,,,1694350168.0,1694350171.0,1694350182.0,34568378.4,1694350170.0,1694350199.0,1694350188.0,1694350191.0,6523.0,1694350199.0,1694350204.0,5.0,,2.0,29.0,5.0,11.0,176638959.0,3.0,20078.0,poseidon,condorpool,poseidon-worker-2-container-44-47,point_alert,/opt/pointAlert/pointAlert,,0.0,0,0,,,,,,,,,
point_alert_ID0000085,None,compute,0,1694350163.0,,,1694350168.0,1694350171.0,1694350182.0,29525749.0,1694350170.0,1694350199.0,1694350188.0,1694350191.0,6865.0,1694350199.0,1694350204.0,5.0,,2.0,29.0,5.0,11.0,176655981.0,3.0,21118.0,poseidon,condorpool,poseidon-worker-2-container-16-19,point_alert,/opt/pointAlert/pointAlert,,0.0,0,0,,,,,,,,,
point_alert_ID0000095,None,compute,0,1694350163.0,,,1694350168.0,1694350171.0,1694350183.0,29717899.8,1694350170.0,1694350199.0,1694350188.0,1694350191.0,6783.0,1694350199.0,1694350204.0,5.0,,2.0,29.0,5.0,12.0,176660390.0,3.0,20718.0,poseidon,condorpool,poseidon-worker-1-container-8-11,point_alert,/opt/pointAlert/pointAlert,,0.0,0,0,,,,,,,,,
point_alert_ID0000040,None,compute,0,1694350163.0,,,1694350168.0,1694350171.0,1694350182.0,33992452.6,1694350170.0,1694350199.0,1694350188.0,1694350191.0,6635.0,1694350199.0,1694350204.0,5.0,,2.0,29.0,5.0,11.0,176642369.0,3.0,20558.0,poseidon,condorpool,poseidon-worker-1-container-4-7,point_alert,/opt/pointAlert/pointAlert,,0.0,0,0,,,,,,,,,
point_alert_ID0000090,None,compute,0,1694350163.0,,,1694350168.0,1694350171.0,1694350182.0,29521734.0,1694350170.0,1694350199.0,1694350188.0,1694350191.0,6643.0,1694350199.0,1694350204.0,5.0,,2.0,29.0,5.0,11.0,176656458.0,3.0,20638.0,poseidon,condorpool,poseidon-worker-2-container-24-27,point_alert,/opt/pointAlert/pointAlert,,0.0,0,0,,,,,,,,,
point_alert_ID0000060,None,compute,0,1694350168.0,,,1694350174.0,1694350176.0,1694350187.0,29574726.0,1694350175.0,1694350204.0,1694350193.0,1694350196.0,6728.0,1694350204.0,1694350209.0,6.0,,1.0,29.0,5.0,11.0,176636147.0,3.0,20878.0,poseidon,condorpool,poseidon-worker-1-container-44-47,point_alert,/opt/pointAlert/pointAlert,,0.0,0,0,,,,,,,,,
stage_out_local_condorpool_2_2,None,transfer,0,1694350168.0,,,1694350173.0,,,0.0,1694350175.0,1694350184.0,,,0.0,1694350184.0,1694350189.0,5.0,,2.0,9.0,5.0,,,,,poseidon,local,poseidon-submit,pegasus::transfer,/mnt/poseidon-data/poseidon/pegasus-5.1.0panorama/bin/pegasus-transfer,/home/poseidon/pegasus-5.1.0panorama/bin/../bin/pegasus-kickstart  -n pegasus::transfer -N null -i - -R local  -L casa-wind-full -T 2023-09-08T07:29:05+00:00 /home/poseidon/pegasus-5.1.0panorama/bin/../bin/pegasus-transfer  --threads 2,0.9,0,0,,,,,,,,,
point_alert_ID0000105,None,compute,0,1694350168.0,,,1694350174.0,1694350176.0,1694350187.0,29612132.5,1694350175.0,1694350204.0,1694350192.0,1694350195.0,6827.0,1694350204.0,1694350209.0,6.0,,1.0,29.0,5.0,11.0,176667573.0,3.0,21278.0,poseidon,condorpool,poseidon-worker-2-container-36-39,point_alert,/opt/pointAlert/pointAlert,,0.0,0,0,,,,,,,,,
point_alert_ID0000015,None,compute,0,1694350179.0,,,1694350184.0,1694350187.0,1694350198.0,29589980.0,1694350185.0,1694350214.0,1694350203.0,1694350206.0,6734.0,1694350214.0,1694350219.0,5.0,,1.0,29.0,5.0,11.0,176639974.0,3.0,20558.0,poseidon,condorpool,poseidon-worker-1-container-12-15,point_alert,/opt/pointAlert/pointAlert,,0.0,0,0,,,,,,,,,
point_alert_ID0000005,None,compute,0,1694350179.0,,,1694350184.0,1694350187.0,1694350198.0,29712619.6,1694350185.0,1694350214.0,1694350203.0,1694350207.0,6695.0,1694350214.0,1694350219.0,5.0,,1.0,29.0,5.0,11.0,176636764.0,4.0,20398.0,poseidon,condorpool,poseidon-worker-1-container-40-43,point_alert,/opt/pointAlert/pointAlert,,0.0,0,0,,,,,,,,,
point_alert_ID0000115,None,compute,0,1694350184.0,,,1694350189.0,1694350192.0,1694350203.0,29584464.0,1694350190.0,1694350219.0,1694350208.0,1694350211.0,7008.0,1694350219.0,1694350224.0,5.0,,1.0,29.0,5.0,11.0,176681217.0,3.0,21598.0,poseidon,condorpool,poseidon-worker-1-container-32-35,point_alert,/opt/pointAlert/pointAlert,,0.0,0,0,,,,,,,,,
point_alert_ID0000055,None,compute,0,1694350184.0,,,1694350189.0,1694350192.0,1694350203.0,34363372.2,1694350191.0,1694350219.0,1694350208.0,1694350211.0,6745.0,1694350219.0,1694350224.0,5.0,,2.0,28.0,5.0,11.0,176636535.0,3.0,20638.0,poseidon,condorpool,poseidon-worker-2-container-44-47,point_alert,/opt/pointAlert/pointAlert,,0.0,0,0,,,,,,,,,
point_alert_ID0000110,None,compute,0,1694350184.0,,,1694350189.0,1694350192.0,1694350203.0,29827133.5,1694350191.0,1694350219.0,1694350209.0,1694350212.0,6828.0,1694350219.0,1694350224.0,5.0,,2.0,28.0,5.0,11.0,176667937.0,3.0,21038.0,poseidon,condorpool,poseidon-worker-2-container-44-47,point_alert,/opt/pointAlert/pointAlert,,0.0,0,0,,,,,,,,,
stage_out_local_condorpool_2_5,None,transfer,0,1694350184.0,,,1694350189.0,,,0.0,1694350190.0,1694350199.0,,,0.0,1694350199.0,1694350204.0,5.0,,1.0,9.0,5.0,,,,,poseidon,local,poseidon-submit,pegasus::transfer,/mnt/poseidon-data/poseidon/pegasus-5.1.0panorama/bin/pegasus-transfer,/home/poseidon/pegasus-5.1.0panorama/bin/../bin/pegasus-kickstart  -n pegasus::transfer -N null -i - -R local  -L casa-wind-full -T 2023-09-08T07:29:05+00:00 /home/poseidon/pegasus-5.1.0panorama/bin/../bin/pegasus-transfer  --threads 2,0.9,0,0,,,,,,,,,
stage_out_local_condorpool_2_4,None,transfer,0,1694350184.0,,,1694350189.0,,,0.0,1694350190.0,1694350199.0,,,0.0,1694350199.0,1694350204.0,5.0,,1.0,9.0,5.0,,,,,poseidon,local,poseidon-submit,pegasus::transfer,/mnt/poseidon-data/poseidon/pegasus-5.1.0panorama/bin/pegasus-transfer,/home/poseidon/pegasus-5.1.0panorama/bin/../bin/pegasus-kickstart  -n pegasus::transfer -N null -i - -R local  -L casa-wind-full -T 2023-09-08T07:29:05+00:00 /home/poseidon/pegasus-5.1.0panorama/bin/../bin/pegasus-transfer  --threads 2,0.9,0,0,,,,,,,,,
point_alert_ID0000045,None,compute,0,1694350184.0,,,1694350189.0,1694350192.0,1694350203.0,29579279.5,1694350190.0,1694350219.0,1694350208.0,1694350211.0,6790.0,1694350219.0,1694350224.0,5.0,,1.0,29.0,5.0,11.0,176636096.0,3.0,20798.0,poseidon,condorpool,poseidon-worker-1-container-36-39,point_alert,/opt/pointAlert/pointAlert,,0.0,0,0,,,,,,,,,
stage_out_local_condorpool_2_1,None,transfer,0,1694350184.0,,,1694350189.0,,,0.0,1694350190.0,1694350199.0,,,0.0,1694350199.0,1694350204.0,5.0,,1.0,9.0,5.0,,,,,poseidon,local,poseidon-submit,pegasus::transfer,/mnt/poseidon-data/poseidon/pegasus-5.1.0panorama/bin/pegasus-transfer,/home/poseidon/pegasus-5.1.0panorama/bin/../bin/pegasus-kickstart  -n pegasus::transfer -N null -i - -R local  -L casa-wind-full -T 2023-09-08T07:29:05+00:00 /home/poseidon/pegasus-5.1.0panorama/bin/../bin/pegasus-transfer  --threads 2,1.0,0,0,,,,,,,,,
point_alert_ID0000125,None,compute,0,1694350184.0,,,1694350189.0,1694350192.0,1694350204.0,27793366.0,1694350190.0,1694350219.0,1694350209.0,1694350212.0,7458.0,1694350219.0,1694350224.0,5.0,,1.0,29.0,5.0,12.0,176678547.0,3.0,22878.0,poseidon,condorpool,poseidon-worker-1-container-16-19,point_alert,/opt/pointAlert/pointAlert,,0.0,0,0,,,,,,,,,
stage_out_local_condorpool_2_0,None,transfer,0,1694350184.0,,,1694350189.0,,,0.0,1694350190.0,1694350199.0,,,0.0,1694350199.0,1694350204.0,5.0,,1.0,9.0,5.0,,,,,poseidon,local,poseidon-submit,pegasus::transfer,/mnt/poseidon-data/poseidon/pegasus-5.1.0panorama/bin/pegasus-transfer,/home/poseidon/pegasus-5.1.0panorama/bin/../bin/pegasus-kickstart  -n pegasus::transfer -N null -i - -R local  -L casa-wind-full -T 2023-09-08T07:29:05+00:00 /home/poseidon/pegasus-5.1.0panorama/bin/../bin/pegasus-transfer  --threads 2,1.0,0,0,,,,,,,,,
point_alert_ID0000065,None,compute,0,1694350184.0,,,1694350189.0,1694350192.0,1694350203.0,34967679.4,1694350190.0,1694350219.0,1694350208.0,1694350211.0,6568.0,1694350219.0,1694350224.0,5.0,,1.0,29.0,5.0,11.0,176639131.0,3.0,20238.0,poseidon,condorpool,poseidon-worker-2-container-44-47,point_alert,/opt/pointAlert/pointAlert,,0.0,0,0,,,,,,,,,
register_condorpool_2_2,None,auxiliary,0,1694350189.0,,,1694350194.0,,,0.0,1694350195.0,1694350199.0,,,0.0,1694350199.0,1694350204.0,5.0,,1.0,4.0,5.0,,,,,poseidon,local,poseidon-submit,pegasus::rc-client,/mnt/poseidon-data/poseidon/pegasus-5.1.0panorama/bin/pegasus-rc-client,"-n pegasus::rc-client -N null -R local  -L casa-wind-full -T 2023-09-08T07:29:05+00:00 /home/poseidon/pegasus-5.1.0panorama/bin/pegasus-rc-client --prefix pegasus.catalog.replica.output --conf /mnt/poseidon-data/poseidon/workflows/casa-wind-workflow-full/submit/poseidon/pegasus/casa-wind-full/run0147/pegasus.6004724656759790570.properties -v --meta /mnt/poseidon-data/poseidon/workflows/casa-wind-workflow-full/submit/poseidon/pegasus/casa-wind-full/run0147/00/02/post_vel_ID0000073.meta,/mnt/poseidon-data/poseidon/workflows/casa-wind-workflow-full/submit/poseidon/pegasus/casa-wind-full/run0147/00/02/mvt_ID0000039.meta,/mnt/poseidon-data/poseidon/workflows/casa-wind-workflow-full/submit/poseidon/pegasus/casa-wind-full/run0147/00/01/mvt_ID0000099.meta,/mnt/poseidon-data/poseidon/workflows/casa-wind-workflow-full/submit/poseidon/pegasus/casa-wind-full/run0147/00/01/post_vel_ID0000008.meta,/mnt/poseidon-data/poseidon/workflows/casa-wind-workflow-full/submit/poseidon/pegasus/casa-wind-full/run0147/00/02/mvt_ID0000049.meta,/mnt/poseidon-data/poseidon/workflows/casa-wind-workflow-full/submit/poseidon/pegasus/casa-wind-full/run0147/00/01/mvt_ID0000019.meta,/mnt/poseidon-data/poseidon/workflows/casa-wind-workflow-full/submit/poseidon/pegasus/casa-wind-full/run0147/00/02/mvt_ID0000104.meta,/mnt/poseidon-data/poseidon/workflows/casa-wind-workflow-full/submit/poseidon/pegasus/casa-wind-full/run0147/00/01/post_vel_ID0000083.meta,/mnt/poseidon-data/poseidon/workflows/casa-wind-workflow-full/submit/poseidon/pegasus/casa-wind-full/run0147/00/01/post_vel_ID0000088.meta --insert /mnt/poseidon-data/poseidon/workflows/casa-wind-workflow-full/submit/poseidon/pegasus/casa-wind-full/run0147/00/02/register_condorpool_2_2.in",2.6,0,0,,,,,,,,,
stage_out_local_condorpool_2_3,None,transfer,0,1694350194.0,,,1694350199.0,,,0.0,1694350199.0,1694350204.0,,,0.0,1694350204.0,1694350209.0,5.0,,0.0,5.0,5.0,,,,,poseidon,local,poseidon-submit,pegasus::transfer,/mnt/poseidon-data/poseidon/pegasus-5.1.0panorama/bin/pegasus-transfer,/home/poseidon/pegasus-5.1.0panorama/bin/../bin/pegasus-kickstart  -n pegasus::transfer -N null -i - -R local  -L casa-wind-full -T 2023-09-08T07:29:05+00:00 /home/poseidon/pegasus-5.1.0panorama/bin/../bin/pegasus-transfer  --threads 2,0.9,0,0,,,,,,,,,
point_alert_ID0000010,None,compute,0,1694350194.0,,,1694350199.0,1694350202.0,1694350212.0,29525836.0,1694350200.0,1694350229.0,1694350218.0,1694350221.0,6709.0,1694350229.0,1694350234.0,5.0,,1.0,29.0,5.0,10.0,176643412.0,3.0,20478.0,poseidon,condorpool,poseidon-worker-1-container-24-27,point_alert,/opt/pointAlert/pointAlert,,0.0,0,0,,,,,,,,,
register_condorpool_2_5,None,auxiliary,0,1694350204.0,,,1694350279.0,,,0.0,1694350279.0,1694350284.0,,,0.0,1694350284.0,1694350289.0,75.0,,0.0,5.0,5.0,,,,,poseidon,local,poseidon-submit,pegasus::rc-client,/mnt/poseidon-data/poseidon/pegasus-5.1.0panorama/bin/pegasus-rc-client,"-n pegasus::rc-client -N null -R local  -L casa-wind-full -T 2023-09-08T07:29:05+00:00 /home/poseidon/pegasus-5.1.0panorama/bin/pegasus-rc-client --prefix pegasus.catalog.replica.output --conf /mnt/poseidon-data/poseidon/workflows/casa-wind-workflow-full/submit/poseidon/pegasus/casa-wind-full/run0147/pegasus.6004724656759790570.properties -v --meta /mnt/poseidon-data/poseidon/workflows/casa-wind-workflow-full/submit/poseidon/pegasus/casa-wind-full/run0147/00/01/mvt_ID0000004.meta,/mnt/poseidon-data/poseidon/workflows/casa-wind-workflow-full/submit/poseidon/pegasus/casa-wind-full/run0147/00/01/mvt_ID0000119.meta,/mnt/poseidon-data/poseidon/workflows/casa-wind-workflow-full/submit/poseidon/pegasus/casa-wind-full/run0147/00/02/post_vel_ID0000053.meta,/mnt/poseidon-data/poseidon/workflows/casa-wind-workflow-full/submit/poseidon/pegasus/casa-wind-full/run0147/00/02/mvt_ID0000114.meta,/mnt/poseidon-data/poseidon/workflows/casa-wind-workflow-full/submit/poseidon/pegasus/casa-wind-full/run0147/00/01/mvt_ID0000034.meta,/mnt/poseidon-data/poseidon/workflows/casa-wind-workflow-full/submit/poseidon/pegasus/casa-wind-full/run0147/00/01/mvt_ID0000014.meta,/mnt/poseidon-data/poseidon/workflows/casa-wind-workflow-full/submit/poseidon/pegasus/casa-wind-full/run0147/00/02/mvt_ID0000109.meta,/mnt/poseidon-data/poseidon/workflows/casa-wind-workflow-full/submit/poseidon/pegasus/casa-wind-full/run0147/00/01/mvt_ID0000064.meta --insert /mnt/poseidon-data/poseidon/workflows/casa-wind-workflow-full/submit/poseidon/pegasus/casa-wind-full/run0147/00/02/register_condorpool_2_5.in",2.7,0,0,,,,,,,,,
register_condorpool_2_4,None,auxiliary,0,1694350204.0,,,1694350209.0,,,0.0,1694350210.0,1694350214.0,,,0.0,1694350214.0,1694350219.0,5.0,,1.0,4.0,5.0,,,,,poseidon,local,poseidon-submit,pegasus::rc-client,/mnt/poseidon-data/poseidon/pegasus-5.1.0panorama/bin/pegasus-rc-client,"-n pegasus::rc-client -N null -R local  -L casa-wind-full -T 2023-09-08T07:29:05+00:00 /home/poseidon/pegasus-5.1.0panorama/bin/pegasus-rc-client --prefix pegasus.catalog.replica.output --conf /mnt/poseidon-data/poseidon/workflows/casa-wind-workflow-full/submit/poseidon/pegasus/casa-wind-full/run0147/pegasus.6004724656759790570.properties -v --meta /mnt/poseidon-data/poseidon/workflows/casa-wind-workflow-full/submit/poseidon/pegasus/casa-wind-full/run0147/00/02/post_vel_ID0000108.meta,/mnt/poseidon-data/poseidon/workflows/casa-wind-workflow-full/submit/poseidon/pegasus/casa-wind-full/run0147/00/01/post_vel_ID0000063.meta,/mnt/poseidon-data/poseidon/workflows/casa-wind-workflow-full/submit/poseidon/pegasus/casa-wind-full/run0147/00/01/post_vel_ID0000013.meta,/mnt/poseidon-data/poseidon/workflows/casa-wind-workflow-full/submit/poseidon/pegasus/casa-wind-full/run0147/00/02/mvt_ID0000054.meta,/mnt/poseidon-data/poseidon/workflows/casa-wind-workflow-full/submit/poseidon/pegasus/casa-wind-full/run0147/00/01/post_vel_ID0000033.meta,/mnt/poseidon-data/poseidon/workflows/casa-wind-workflow-full/submit/poseidon/pegasus/casa-wind-full/run0147/00/02/post_vel_ID0000113.meta,/mnt/poseidon-data/poseidon/workflows/casa-wind-workflow-full/submit/poseidon/pegasus/casa-wind-full/run0147/00/01/post_vel_ID0000003.meta,/mnt/poseidon-data/poseidon/workflows/casa-wind-workflow-full/submit/poseidon/pegasus/casa-wind-full/run0147/00/01/post_vel_ID0000118.meta --insert /mnt/poseidon-data/poseidon/workflows/casa-wind-workflow-full/submit/poseidon/pegasus/casa-wind-full/run0147/00/02/register_condorpool_2_4.in",2.5,0,0,,,,,,,,,
register_condorpool_2_0,None,auxiliary,0,1694350204.0,,,1694350229.0,,,0.0,1694350230.0,1694350234.0,,,0.0,1694350234.0,1694350239.0,25.0,,1.0,4.0,5.0,,,,,poseidon,local,poseidon-submit,pegasus::rc-client,/mnt/poseidon-data/poseidon/pegasus-5.1.0panorama/bin/pegasus-rc-client,"-n pegasus::rc-client -N null -R local  -L casa-wind-full -T 2023-09-08T07:29:05+00:00 /home/poseidon/pegasus-5.1.0panorama/bin/pegasus-rc-client --prefix pegasus.catalog.replica.output --conf /mnt/poseidon-data/poseidon/workflows/casa-wind-workflow-full/submit/poseidon/pegasus/casa-wind-full/run0147/pegasus.6004724656759790570.properties -v --meta /mnt/poseidon-data/poseidon/workflows/casa-wind-workflow-full/submit/poseidon/pegasus/casa-wind-full/run0147/00/01/post_vel_ID0000023.meta,/mnt/poseidon-data/poseidon/workflows/casa-wind-workflow-full/submit/poseidon/pegasus/casa-wind-full/run0147/00/01/post_vel_ID0000093.meta,/mnt/poseidon-data/poseidon/workflows/casa-wind-workflow-full/submit/poseidon/pegasus/casa-wind-full/run0147/00/01/mvt_ID0000129.meta,/mnt/poseidon-data/poseidon/workflows/casa-wind-workflow-full/submit/poseidon/pegasus/casa-wind-full/run0147/00/02/mvt_ID0000044.meta,/mnt/poseidon-data/poseidon/workflows/casa-wind-workflow-full/submit/poseidon/pegasus/casa-wind-full/run0147/00/02/post_vel_ID0000058.meta,/mnt/poseidon-data/poseidon/workflows/casa-wind-workflow-full/submit/poseidon/pegasus/casa-wind-full/run0147/00/01/post_vel_ID0000068.meta,/mnt/poseidon-data/poseidon/workflows/casa-wind-workflow-full/submit/poseidon/pegasus/casa-wind-full/run0147/00/01/post_vel_ID0000123.meta,/mnt/poseidon-data/poseidon/workflows/casa-wind-workflow-full/submit/poseidon/pegasus/casa-wind-full/run0147/00/02/post_vel_ID0000078.meta,/mnt/poseidon-data/poseidon/workflows/casa-wind-workflow-full/submit/poseidon/pegasus/casa-wind-full/run0147/00/01/mvt_ID0000029.meta --insert /mnt/poseidon-data/poseidon/workflows/casa-wind-workflow-full/submit/poseidon/pegasus/casa-wind-full/run0147/00/02/register_condorpool_2_0.in",2.7,0,0,,,,,,,,,
register_condorpool_2_1,None,auxiliary,0,1694350204.0,,,1694350239.0,,,0.0,1694350240.0,1694350244.0,,,0.0,1694350244.0,1694350249.0,35.0,,1.0,4.0,5.0,,,,,poseidon,local,poseidon-submit,pegasus::rc-client,/mnt/poseidon-data/poseidon/pegasus-5.1.0panorama/bin/pegasus-rc-client,"-n pegasus::rc-client -N null -R local  -L casa-wind-full -T 2023-09-08T07:29:05+00:00 /home/poseidon/pegasus-5.1.0panorama/bin/pegasus-rc-client --prefix pegasus.catalog.replica.output --conf /mnt/poseidon-data/poseidon/workflows/casa-wind-workflow-full/submit/poseidon/pegasus/casa-wind-full/run0147/pegasus.6004724656759790570.properties -v --meta /mnt/poseidon-data/poseidon/workflows/casa-wind-workflow-full/submit/poseidon/pegasus/casa-wind-full/run0147/00/01/post_vel_ID0000028.meta,/mnt/poseidon-data/poseidon/workflows/casa-wind-workflow-full/submit/poseidon/pegasus/casa-wind-full/run0147/00/02/post_vel_ID0000043.meta,/mnt/poseidon-data/poseidon/workflows/casa-wind-workflow-full/submit/poseidon/pegasus/casa-wind-full/run0147/00/01/post_vel_ID0000128.meta,/mnt/poseidon-data/poseidon/workflows/casa-wind-workflow-full/submit/poseidon/pegasus/casa-wind-full/run0147/00/01/mvt_ID0000094.meta,/mnt/poseidon-data/poseidon/workflows/casa-wind-workflow-full/submit/poseidon/pegasus/casa-wind-full/run0147/00/01/mvt_ID0000069.meta,/mnt/poseidon-data/poseidon/workflows/casa-wind-workflow-full/submit/poseidon/pegasus/casa-wind-full/run0147/00/02/mvt_ID0000059.meta,/mnt/poseidon-data/poseidon/workflows/casa-wind-workflow-full/submit/poseidon/pegasus/casa-wind-full/run0147/00/01/mvt_ID0000124.meta,/mnt/poseidon-data/poseidon/workflows/casa-wind-workflow-full/submit/poseidon/pegasus/casa-wind-full/run0147/00/01/mvt_ID0000024.meta,/mnt/poseidon-data/poseidon/workflows/casa-wind-workflow-full/submit/poseidon/pegasus/casa-wind-full/run0147/00/02/mvt_ID0000079.meta --insert /mnt/poseidon-data/poseidon/workflows/casa-wind-workflow-full/submit/poseidon/pegasus/casa-wind-full/run0147/00/02/register_condorpool_2_1.in",2.7,0,0,,,,,,,,,
register_condorpool_2_3,None,auxiliary,0,1694350209.0,,,1694350219.0,,,0.0,1694350219.0,1694350224.0,,,0.0,1694350224.0,1694350229.0,10.0,,0.0,5.0,5.0,,,,,poseidon,local,poseidon-submit,pegasus::rc-client,/mnt/poseidon-data/poseidon/pegasus-5.1.0panorama/bin/pegasus-rc-client,"-n pegasus::rc-client -N null -R local  -L casa-wind-full -T 2023-09-08T07:29:05+00:00 /home/poseidon/pegasus-5.1.0panorama/bin/pegasus-rc-client --prefix pegasus.catalog.replica.output --conf /mnt/poseidon-data/poseidon/workflows/casa-wind-workflow-full/submit/poseidon/pegasus/casa-wind-full/run0147/pegasus.6004724656759790570.properties -v --meta /mnt/poseidon-data/poseidon/workflows/casa-wind-workflow-full/submit/poseidon/pegasus/casa-wind-full/run0147/00/01/mvt_ID0000084.meta,/mnt/poseidon-data/poseidon/workflows/casa-wind-workflow-full/submit/poseidon/pegasus/casa-wind-full/run0147/00/02/post_vel_ID0000103.meta,/mnt/poseidon-data/poseidon/workflows/casa-wind-workflow-full/submit/poseidon/pegasus/casa-wind-full/run0147/00/01/post_vel_ID0000098.meta,/mnt/poseidon-data/poseidon/workflows/casa-wind-workflow-full/submit/poseidon/pegasus/casa-wind-full/run0147/00/02/post_vel_ID0000048.meta,/mnt/poseidon-data/poseidon/workflows/casa-wind-workflow-full/submit/poseidon/pegasus/casa-wind-full/run0147/00/01/mvt_ID0000009.meta,/mnt/poseidon-data/poseidon/workflows/casa-wind-workflow-full/submit/poseidon/pegasus/casa-wind-full/run0147/00/01/post_vel_ID0000018.meta,/mnt/poseidon-data/poseidon/workflows/casa-wind-workflow-full/submit/poseidon/pegasus/casa-wind-full/run0147/00/01/mvt_ID0000089.meta,/mnt/poseidon-data/poseidon/workflows/casa-wind-workflow-full/submit/poseidon/pegasus/casa-wind-full/run0147/00/02/mvt_ID0000074.meta,/mnt/poseidon-data/poseidon/workflows/casa-wind-workflow-full/submit/poseidon/pegasus/casa-wind-full/run0147/00/02/post_vel_ID0000038.meta --insert /mnt/poseidon-data/poseidon/workflows/casa-wind-workflow-full/submit/poseidon/pegasus/casa-wind-full/run0147/00/02/register_condorpool_2_3.in",2.5,0,0,,,,,,,,,
stage_out_local_condorpool_3_0,None,transfer,0,1694350224.0,,,1694350229.0,,,0.0,1694350230.0,1694350234.0,,,0.0,1694350234.0,1694350239.0,5.0,,1.0,4.0,5.0,,,,,poseidon,local,poseidon-submit,pegasus::transfer,/mnt/poseidon-data/poseidon/pegasus-5.1.0panorama/bin/pegasus-transfer,/home/poseidon/pegasus-5.1.0panorama/bin/../bin/pegasus-kickstart  -n pegasus::transfer -N null -i - -R local  -L casa-wind-full -T 2023-09-08T07:29:05+00:00 /home/poseidon/pegasus-5.1.0panorama/bin/../bin/pegasus-transfer  --threads 2,0.9,0,0,,,,,,,,,
stage_out_local_condorpool_3_2,None,transfer,0,1694350224.0,,,1694350229.0,,,0.0,1694350229.0,1694350234.0,,,0.0,1694350234.0,1694350239.0,5.0,,0.0,5.0,5.0,,,,,poseidon,local,poseidon-submit,pegasus::transfer,/mnt/poseidon-data/poseidon/pegasus-5.1.0panorama/bin/pegasus-transfer,/home/poseidon/pegasus-5.1.0panorama/bin/../bin/pegasus-kickstart  -n pegasus::transfer -N null -i - -R local  -L casa-wind-full -T 2023-09-08T07:29:05+00:00 /home/poseidon/pegasus-5.1.0panorama/bin/../bin/pegasus-transfer  --threads 2,0.8,0,0,,,,,,,,,
stage_out_local_condorpool_3_1,None,transfer,0,1694350234.0,,,1694350239.0,,,0.0,1694350240.0,1694350244.0,,,0.0,1694350244.0,1694350249.0,5.0,,1.0,4.0,5.0,,,,,poseidon,local,poseidon-submit,pegasus::transfer,/mnt/poseidon-data/poseidon/pegasus-5.1.0panorama/bin/pegasus-transfer,/home/poseidon/pegasus-5.1.0panorama/bin/../bin/pegasus-kickstart  -n pegasus::transfer -N null -i - -R local  -L casa-wind-full -T 2023-09-08T07:29:05+00:00 /home/poseidon/pegasus-5.1.0panorama/bin/../bin/pegasus-transfer  --threads 2,0.9,0,0,,,,,,,,,
register_condorpool_3_0,None,auxiliary,0,1694350239.0,,,1694350249.0,,,0.0,1694350249.0,1694350254.0,,,0.0,1694350254.0,1694350259.0,10.0,,0.0,5.0,5.0,,,,,poseidon,local,poseidon-submit,pegasus::rc-client,/mnt/poseidon-data/poseidon/pegasus-5.1.0panorama/bin/pegasus-rc-client,"-n pegasus::rc-client -N null -R local  -L casa-wind-full -T 2023-09-08T07:29:05+00:00 /home/poseidon/pegasus-5.1.0panorama/bin/pegasus-rc-client --prefix pegasus.catalog.replica.output --conf /mnt/poseidon-data/poseidon/workflows/casa-wind-workflow-full/submit/poseidon/pegasus/casa-wind-full/run0147/pegasus.6004724656759790570.properties -v --meta /mnt/poseidon-data/poseidon/workflows/casa-wind-workflow-full/submit/poseidon/pegasus/casa-wind-full/run0147/00/02/point_alert_ID0000125.meta,/mnt/poseidon-data/poseidon/workflows/casa-wind-workflow-full/submit/poseidon/pegasus/casa-wind-full/run0147/00/02/point_alert_ID0000095.meta,/mnt/poseidon-data/poseidon/workflows/casa-wind-workflow-full/submit/poseidon/pegasus/casa-wind-full/run0147/00/03/point_alert_ID0000060.meta,/mnt/poseidon-data/poseidon/workflows/casa-wind-workflow-full/submit/poseidon/pegasus/casa-wind-full/run0147/00/02/point_alert_ID0000030.meta,/mnt/poseidon-data/poseidon/workflows/casa-wind-workflow-full/submit/poseidon/pegasus/casa-wind-full/run0147/00/02/point_alert_ID0000025.meta,/mnt/poseidon-data/poseidon/workflows/casa-wind-workflow-full/submit/poseidon/pegasus/casa-wind-full/run0147/00/03/point_alert_ID0000045.meta,/mnt/poseidon-data/poseidon/workflows/casa-wind-workflow-full/submit/poseidon/pegasus/casa-wind-full/run0147/00/02/point_alert_ID0000130.meta,/mnt/poseidon-data/poseidon/workflows/casa-wind-workflow-full/submit/poseidon/pegasus/casa-wind-full/run0147/00/02/point_alert_ID0000070.meta,/mnt/poseidon-data/poseidon/workflows/casa-wind-workflow-full/submit/poseidon/pegasus/casa-wind-full/run0147/00/02/point_alert_ID0000080.meta --insert /mnt/poseidon-data/poseidon/workflows/casa-wind-workflow-full/submit/poseidon/pegasus/casa-wind-full/run0147/00/03/register_condorpool_3_0.in",2.8,0,0,,,,,,,,,
register_condorpool_3_2,None,auxiliary,0,1694350239.0,,,1694350269.0,,,0.0,1694350270.0,1694350274.0,,,0.0,1694350274.0,1694350279.0,30.0,,1.0,4.0,5.0,,,,,poseidon,local,poseidon-submit,pegasus::rc-client,/mnt/poseidon-data/poseidon/pegasus-5.1.0panorama/bin/pegasus-rc-client,"-n pegasus::rc-client -N null -R local  -L casa-wind-full -T 2023-09-08T07:29:05+00:00 /home/poseidon/pegasus-5.1.0panorama/bin/pegasus-rc-client --prefix pegasus.catalog.replica.output --conf /mnt/poseidon-data/poseidon/workflows/casa-wind-workflow-full/submit/poseidon/pegasus/casa-wind-full/run0147/pegasus.6004724656759790570.properties -v --meta /mnt/poseidon-data/poseidon/workflows/casa-wind-workflow-full/submit/poseidon/pegasus/casa-wind-full/run0147/00/03/point_alert_ID0000110.meta,/mnt/poseidon-data/poseidon/workflows/casa-wind-workflow-full/submit/poseidon/pegasus/casa-wind-full/run0147/00/03/point_alert_ID0000055.meta,/mnt/poseidon-data/poseidon/workflows/casa-wind-workflow-full/submit/poseidon/pegasus/casa-wind-full/run0147/00/02/point_alert_ID0000115.meta,/mnt/poseidon-data/poseidon/workflows/casa-wind-workflow-full/submit/poseidon/pegasus/casa-wind-full/run0147/00/02/point_alert_ID0000120.meta,/mnt/poseidon-data/poseidon/workflows/casa-wind-workflow-full/submit/poseidon/pegasus/casa-wind-full/run0147/00/02/point_alert_ID0000035.meta,/mnt/poseidon-data/poseidon/workflows/casa-wind-workflow-full/submit/poseidon/pegasus/casa-wind-full/run0147/00/02/point_alert_ID0000015.meta,/mnt/poseidon-data/poseidon/workflows/casa-wind-workflow-full/submit/poseidon/pegasus/casa-wind-full/run0147/00/02/point_alert_ID0000065.meta,/mnt/poseidon-data/poseidon/workflows/casa-wind-workflow-full/submit/poseidon/pegasus/casa-wind-full/run0147/00/02/point_alert_ID0000005.meta --insert /mnt/poseidon-data/poseidon/workflows/casa-wind-workflow-full/submit/poseidon/pegasus/casa-wind-full/run0147/00/03/register_condorpool_3_2.in",2.7,0,0,,,,,,,,,
cleanup_casa-wind-full_0_condorpool,None,auxiliary,0,1694350249.0,,,1694350254.0,,,0.0,1694350254.0,1694350259.0,,,0.0,1694350259.0,1694350264.0,5.0,,0.0,5.0,5.0,,,,,poseidon,local,poseidon-submit,pegasus::cleanup,/mnt/poseidon-data/poseidon/pegasus-5.1.0panorama/bin/pegasus-transfer,pegasus-kickstart  -n pegasus::cleanup -N null -i - -R local  -L casa-wind-full -T 2023-09-08T07:29:05+00:00 pegasus-transfer,0.2,0,0,,,,,,,,,
register_condorpool_3_1,None,auxiliary,0,1694350249.0,,,1694350259.0,,,0.0,1694350259.0,1694350264.0,,,0.0,1694350264.0,1694350269.0,10.0,,0.0,5.0,5.0,,,,,poseidon,local,poseidon-submit,pegasus::rc-client,/mnt/poseidon-data/poseidon/pegasus-5.1.0panorama/bin/pegasus-rc-client,"-n pegasus::rc-client -N null -R local  -L casa-wind-full -T 2023-09-08T07:29:05+00:00 /home/poseidon/pegasus-5.1.0panorama/bin/pegasus-rc-client --prefix pegasus.catalog.replica.output --conf /mnt/poseidon-data/poseidon/workflows/casa-wind-workflow-full/submit/poseidon/pegasus/casa-wind-full/run0147/pegasus.6004724656759790570.properties -v --meta /mnt/poseidon-data/poseidon/workflows/casa-wind-workflow-full/submit/poseidon/pegasus/casa-wind-full/run0147/00/02/point_alert_ID0000010.meta,/mnt/poseidon-data/poseidon/workflows/casa-wind-workflow-full/submit/poseidon/pegasus/casa-wind-full/run0147/00/02/point_alert_ID0000090.meta,/mnt/poseidon-data/poseidon/workflows/casa-wind-workflow-full/submit/poseidon/pegasus/casa-wind-full/run0147/00/02/point_alert_ID0000085.meta,/mnt/poseidon-data/poseidon/workflows/casa-wind-workflow-full/submit/poseidon/pegasus/casa-wind-full/run0147/00/02/point_alert_ID0000075.meta,/mnt/poseidon-data/poseidon/workflows/casa-wind-workflow-full/submit/poseidon/pegasus/casa-wind-full/run0147/00/02/point_alert_ID0000100.meta,/mnt/poseidon-data/poseidon/workflows/casa-wind-workflow-full/submit/poseidon/pegasus/casa-wind-full/run0147/00/03/point_alert_ID0000040.meta,/mnt/poseidon-data/poseidon/workflows/casa-wind-workflow-full/submit/poseidon/pegasus/casa-wind-full/run0147/00/02/point_alert_ID0000020.meta,/mnt/poseidon-data/poseidon/workflows/casa-wind-workflow-full/submit/poseidon/pegasus/casa-wind-full/run0147/00/03/point_alert_ID0000050.meta,/mnt/poseidon-data/poseidon/workflows/casa-wind-workflow-full/submit/poseidon/pegasus/casa-wind-full/run0147/00/03/point_alert_ID0000105.meta --insert /mnt/poseidon-data/poseidon/workflows/casa-wind-workflow-full/submit/poseidon/pegasus/casa-wind-full/run0147/00/03/register_condorpool_3_1.in",2.7,0,0,,,,,,,,,
