,anomaly_type,type,is_clustered,ready,pre_script_start,pre_script_end,submit,stage_in_start,stage_in_end,stage_in_effective_bytes_per_sec,execute_start,execute_end,stage_out_start,stage_out_end,stage_out_effective_bytes_per_sec,post_script_start,post_script_end,wms_delay,pre_script_delay,queue_delay,runtime,post_script_delay,stage_in_delay,stage_in_bytes,stage_out_delay,stage_out_bytes,kickstart_user,kickstart_site,kickstart_hostname,kickstart_transformations,kickstart_executables,kickstart_executables_argv,kickstart_executables_cpu_time,kickstart_status,kickstart_executables_exitcode,kickstart_online_iowait,kickstart_online_bytes_read,kickstart_online_bytes_written,kickstart_online_read_system_calls,kickstart_online_write_system_calls,kickstart_online_utime,kickstart_online_stime,kickstart_online_bytes_read_per_second,kickstart_online_bytes_written_per_second
create_dir_casa-wind-full_0_condorpool,None,auxiliary,0,1694381138.0,,,1694381139.0,,,0.0,1694381142.0,1694381149.0,,,0.0,1694381149.0,1694381154.0,1.0,,3.0,7.0,5.0,,,,,poseidon,local,poseidon-submit,pegasus::dirmanager,/mnt/poseidon-data/poseidon/pegasus-5.1.0panorama/bin/pegasus-transfer,pegasus-kickstart  -n pegasus::dirmanager -N null -i - -R local  -L casa-wind-full -T 2023-09-08T07:29:05+00:00 pegasus-transfer,0.2,0,0,,,,,,,,,
unzip_ID0000006,None,compute,0,1694381154.0,,,1694381159.0,1694381176.0,1694381185.0,25204513.0,1694381175.0,1694381219.0,1694381197.0,1694381210.0,38206752.0,1694381219.0,1694381224.0,5.0,,16.0,44.0,5.0,9.0,222753803.0,13.0,501616588.0,poseidon,condorpool,poseidon-worker-2-container-16-19,unzip,/usr/bin/gunzip,,3.9,0,0,,,,,,,,,
unzip_ID0000046,None,compute,0,1694381154.0,,,1694381159.0,1694381176.0,1694381184.0,29551211.0,1694381175.0,1694381214.0,1694381196.0,1694381205.0,60210836.0,1694381214.0,1694381219.0,5.0,,16.0,39.0,5.0,8.0,229692821.0,9.0,523855228.0,poseidon,condorpool,poseidon-worker-2-container-4-7,unzip,/usr/bin/gunzip,,3.9,0,0,,,,,,,,,
unzip_ID0000101,None,compute,0,1694381154.0,,,1694381159.0,1694381177.0,1694381186.0,28280240.0,1694381175.0,1694381224.0,1694381200.0,1694381215.0,38313846.0,1694381224.0,1694381229.0,5.0,,16.0,49.0,5.0,9.0,250988249.0,15.0,561551644.0,poseidon,condorpool,poseidon-worker-2-container-0-3,unzip,/usr/bin/gunzip,,4.4,0,0,,,,,,,,,
unzip_ID0000026,None,compute,0,1694381154.0,,,1694381159.0,1694381177.0,1694381184.0,30769684.0,1694381175.0,1694381214.0,1694381197.0,1694381207.0,56292036.0,1694381214.0,1694381219.0,5.0,,16.0,39.0,5.0,7.0,227963832.0,10.0,523917888.0,poseidon,condorpool,poseidon-worker-2-container-8-11,unzip,/usr/bin/gunzip,,4.0,0,0,,,,,,,,,
unzip_ID0000126,None,compute,0,1694381154.0,,,1694381159.0,1694381178.0,1694381184.0,37743052.0,1694381176.0,1694381214.0,1694381197.0,1694381206.0,57459168.0,1694381214.0,1694381219.0,5.0,,17.0,38.0,5.0,6.0,249343892.0,9.0,520618424.0,poseidon,condorpool,poseidon-worker-2-container-20-23,unzip,/usr/bin/gunzip,,4.2,0,0,,,,,,,,,
unzip_ID0000031,None,compute,0,1694381154.0,,,1694381159.0,1694381176.0,1694381186.0,24891655.0,1694381175.0,1694381224.0,1694381200.0,1694381214.0,38883931.0,1694381224.0,1694381229.0,5.0,,16.0,49.0,5.0,10.0,237517035.0,14.0,539438752.0,poseidon,condorpool,poseidon-worker-2-container-24-27,unzip,/usr/bin/gunzip,,4.1,0,0,,,,,,,,,
unzip_ID0000076,cpu_2,compute,0,1694381154.0,,,1694381159.0,1694381178.0,1694381187.0,26051784.0,1694381177.0,1694381224.0,1694381201.0,1694381217.0,32153591.0,1694381224.0,1694381229.0,5.0,,18.0,47.0,5.0,9.0,233747923.0,16.0,523942844.0,poseidon,condorpool,poseidon-worker-1-container-8-11,unzip,/usr/bin/gunzip,,4.1,0,0,,,,,,,,,
unzip_ID0000011,None,compute,0,1694381154.0,,,1694381159.0,1694381177.0,1694381187.0,23111828.0,1694381175.0,1694381224.0,1694381201.0,1694381216.0,36293747.0,1694381224.0,1694381229.0,5.0,,16.0,49.0,5.0,10.0,235998389.0,15.0,565205920.0,poseidon,condorpool,poseidon-worker-2-container-36-39,unzip,/usr/bin/gunzip,,4.2,0,0,,,,,,,,,
unzip_ID0000056,None,compute,0,1694381154.0,,,1694381159.0,1694381177.0,1694381186.0,26060314.0,1694381175.0,1694381224.0,1694381200.0,1694381216.0,33371155.0,1694381224.0,1694381229.0,5.0,,16.0,49.0,5.0,9.0,232139969.0,16.0,528026776.0,poseidon,condorpool,poseidon-worker-1-container-20-23,unzip,/usr/bin/gunzip,,4.1,0,0,,,,,,,,,
unzip_ID0000111,None,compute,0,1694381154.0,,,1694381159.0,1694381178.0,1694381187.0,27794528.0,1694381176.0,1694381224.0,1694381201.0,1694381218.0,33948507.0,1694381224.0,1694381229.0,5.0,,17.0,48.0,5.0,9.0,256320311.0,17.0,567950764.0,poseidon,condorpool,poseidon-worker-2-container-32-35,unzip,/usr/bin/gunzip,,4.4,0,0,,,,,,,,,
unzip_ID0000071,None,compute,0,1694381154.0,,,1694381159.0,1694381177.0,1694381185.0,28701191.0,1694381175.0,1694381219.0,1694381198.0,1694381209.0,49517789.0,1694381219.0,1694381224.0,5.0,,16.0,44.0,5.0,8.0,240896692.0,11.0,539506600.0,poseidon,condorpool,poseidon-worker-1-container-32-35,unzip,/usr/bin/gunzip,,4.2,0,0,,,,,,,,,
unzip_ID0000051,None,compute,0,1694381154.0,,,1694381159.0,1694381177.0,1694381186.0,26518195.0,1694381175.0,1694381229.0,1694381200.0,1694381223.0,24267877.0,1694381229.0,1694381234.0,5.0,,16.0,54.0,5.0,9.0,239630266.0,23.0,544301296.0,poseidon,condorpool,poseidon-worker-1-container-0-3,unzip,/usr/bin/gunzip,,4.2,0,0,,,,,,,,,
unzip_ID0000106,None,compute,0,1694381154.0,,,1694381159.0,1694381178.0,1694381187.0,28322801.0,1694381176.0,1694381224.0,1694381200.0,1694381215.0,34932600.0,1694381224.0,1694381229.0,5.0,,17.0,48.0,5.0,9.0,241199298.0,15.0,501821816.0,poseidon,condorpool,poseidon-worker-1-container-44-47,unzip,/usr/bin/gunzip,,4.1,0,0,,,,,,,,,
unzip_ID0000091,None,compute,0,1694381154.0,,,1694381159.0,1694381176.0,1694381185.0,27119112.0,1694381175.0,1694381219.0,1694381199.0,1694381210.0,46972135.0,1694381219.0,1694381224.0,5.0,,16.0,44.0,5.0,9.0,246447087.0,11.0,539109992.0,poseidon,condorpool,poseidon-worker-1-container-12-15,unzip,/usr/bin/gunzip,,4.3,0,0,,,,,,,,,
unzip_ID0000081,None,compute,0,1694381154.0,,,1694381159.0,1694381177.0,1694381186.0,28042478.0,1694381175.0,1694381224.0,1694381200.0,1694381215.0,35701249.0,1694381224.0,1694381229.0,5.0,,16.0,49.0,5.0,9.0,245619741.0,15.0,543190672.0,poseidon,condorpool,poseidon-worker-1-container-44-47,unzip,/usr/bin/gunzip,,4.3,0,0,,,,,,,,,
unzip_ID0000041,cpu_2,compute,0,1694381154.0,,,1694381159.0,1694381177.0,1694381186.0,26392065.0,1694381175.0,1694381219.0,1694381199.0,1694381210.0,50442101.0,1694381219.0,1694381224.0,5.0,,16.0,44.0,5.0,9.0,238944758.0,11.0,540768928.0,poseidon,condorpool,poseidon-worker-1-container-40-43,unzip,/usr/bin/gunzip,,4.2,0,0,,,,,,,,,
unzip_ID0000001,cpu_2,compute,0,1694381154.0,,,1694381159.0,1694381177.0,1694381186.0,26013549.0,1694381175.0,1694381234.0,1694381200.0,1694381224.0,23393383.0,1694381234.0,1694381239.0,5.0,,16.0,59.0,5.0,9.0,232473216.0,24.0,561354992.0,poseidon,condorpool,poseidon-worker-1-container-24-27,unzip,/usr/bin/gunzip,,4.2,0,0,,,,,,,,,
unzip_ID0000121,cpu_2,compute,0,1694381154.0,,,1694381159.0,1694381177.0,1694381186.0,27903289.0,1694381175.0,1694381224.0,1694381200.0,1694381215.0,37004365.0,1694381224.0,1694381229.0,5.0,,16.0,49.0,5.0,9.0,250860096.0,15.0,550782944.0,poseidon,condorpool,poseidon-worker-2-container-44-47,unzip,/usr/bin/gunzip,,4.3,0,0,,,,,,,,,
unzip_ID0000066,cpu_2,compute,0,1694381154.0,,,1694381159.0,1694381177.0,1694381186.0,24836658.0,1694381175.0,1694381224.0,1694381200.0,1694381214.0,37297710.0,1694381224.0,1694381229.0,5.0,,16.0,49.0,5.0,9.0,232031705.0,14.0,523661496.0,poseidon,condorpool,poseidon-worker-1-container-4-7,unzip,/usr/bin/gunzip,,4.1,0,0,,,,,,,,,
unzip_ID0000061,None,compute,0,1694381154.0,,,1694381159.0,1694381177.0,1694381188.0,23834768.0,1694381176.0,1694381224.0,1694381201.0,1694381217.0,33241919.0,1694381224.0,1694381229.0,5.0,,17.0,48.0,5.0,11.0,240463185.0,16.0,541945820.0,poseidon,condorpool,poseidon-worker-2-container-28-31,unzip,/usr/bin/gunzip,,4.2,0,0,,,,,,,,,
unzip_ID0000086,None,compute,0,1694381154.0,,,1694381159.0,1694381177.0,1694381185.0,28715778.0,1694381175.0,1694381219.0,1694381197.0,1694381210.0,39719130.0,1694381219.0,1694381224.0,5.0,,16.0,44.0,5.0,8.0,234836668.0,13.0,518838800.0,poseidon,condorpool,poseidon-worker-2-container-16-19,unzip,/usr/bin/gunzip,,4.1,0,0,,,,,,,,,
unzip_ID0000016,None,compute,0,1694381154.0,,,1694381159.0,1694381177.0,1694381184.0,30130287.0,1694381175.0,1694381214.0,1694381196.0,1694381205.0,60637529.0,1694381214.0,1694381219.0,5.0,,16.0,39.0,5.0,7.0,225238888.0,9.0,523826084.0,poseidon,condorpool,poseidon-worker-1-container-28-31,unzip,/usr/bin/gunzip,,3.9,0,0,,,,,,,,,
unzip_ID0000036,None,compute,0,1694381154.0,,,1694381159.0,1694381176.0,1694381185.0,27138561.0,1694381175.0,1694381214.0,1694381197.0,1694381207.0,54391705.0,1694381214.0,1694381219.0,5.0,,16.0,39.0,5.0,9.0,232020704.0,10.0,526952240.0,poseidon,condorpool,poseidon-worker-1-container-36-39,unzip,/usr/bin/gunzip,,4.1,0,0,,,,,,,,,
unzip_ID0000116,None,compute,0,1694381154.0,,,1694381159.0,1694381177.0,1694381183.0,37636016.0,1694381175.0,1694381209.0,1694381195.0,1694381204.0,62525004.0,1694381209.0,1694381214.0,5.0,,16.0,34.0,5.0,6.0,249255741.0,9.0,520850676.0,poseidon,condorpool,poseidon-worker-1-container-16-19,unzip,/usr/bin/gunzip,,4.1,0,0,,,,,,,,,
unzip_ID0000021,None,compute,0,1694381154.0,,,1694381159.0,1694381176.0,1694381184.0,30059314.0,1694381175.0,1694381214.0,1694381197.0,1694381206.0,58901556.0,1694381214.0,1694381219.0,5.0,,16.0,39.0,5.0,8.0,235136662.0,9.0,539178100.0,poseidon,condorpool,poseidon-worker-2-container-12-15,unzip,/usr/bin/gunzip,,4.0,0,0,,,,,,,,,
unzip_ID0000096,None,compute,0,1694381154.0,,,1694381159.0,1694381177.0,1694381186.0,26451602.0,1694381175.0,1694381224.0,1694381199.0,1694381214.0,34170364.0,1694381224.0,1694381229.0,5.0,,16.0,49.0,5.0,9.0,240753402.0,15.0,524013876.0,poseidon,condorpool,poseidon-worker-2-container-40-43,unzip,/usr/bin/gunzip,,4.1,0,0,,,,,,,,,
um_vel_ID0000117,None,compute,0,1694381214.0,,,1694381219.0,1694381222.0,1694381241.0,50282797.6,1694381220.0,1694381264.0,1694381250.0,1694381253.0,170869.0,1694381264.0,1694381269.0,5.0,,1.0,44.0,5.0,19.0,697437428.0,3.0,556900.0,poseidon,condorpool,poseidon-worker-1-container-36-39,um_vel,/opt/UM_VEL/UM_VEL,,1.7,0,0,,,,,,,,,
um_vel_ID0000022,None,compute,0,1694381219.0,,,1694381224.0,1694381227.0,1694381248.0,48222308.2,1694381226.0,1694381269.0,1694381256.0,1694381259.0,173950.0,1694381269.0,1694381275.0,5.0,,2.0,43.0,6.0,21.0,715764852.0,3.0,556900.0,poseidon,condorpool,poseidon-worker-1-container-32-35,um_vel,/opt/UM_VEL/UM_VEL,,1.6,0,0,,,,,,,,,
um_vel_ID0000027,None,compute,0,1694381219.0,,,1694381224.0,1694381227.0,1694381247.0,51183652.0,1694381225.0,1694381269.0,1694381255.0,1694381258.0,173411.0,1694381269.0,1694381275.0,5.0,,1.0,44.0,6.0,20.0,700504640.0,3.0,556900.0,poseidon,condorpool,poseidon-worker-2-container-24-27,um_vel,/opt/UM_VEL/UM_VEL,,1.8,0,0,,,,,,,,,
um_vel_ID0000127,None,compute,0,1694381219.0,,,1694381224.0,1694381227.0,1694381246.0,52921064.2,1694381226.0,1694381269.0,1694381256.0,1694381259.0,163568.0,1694381269.0,1694381275.0,5.0,,2.0,43.0,6.0,19.0,697205176.0,3.0,556900.0,poseidon,condorpool,poseidon-worker-1-container-44-47,um_vel,/opt/UM_VEL/UM_VEL,,1.7,0,0,,,,,,,,,
um_vel_ID0000037,None,compute,0,1694381219.0,,,1694381224.0,1694381227.0,1694381246.0,53926212.8,1694381226.0,1694381269.0,1694381256.0,1694381259.0,176480.0,1694381269.0,1694381275.0,5.0,,2.0,43.0,6.0,19.0,703538992.0,3.0,556900.0,poseidon,condorpool,poseidon-worker-1-container-20-23,um_vel,/opt/UM_VEL/UM_VEL,,1.8,0,0,,,,,,,,,
um_vel_ID0000017,None,compute,0,1694381219.0,,,1694381224.0,1694381227.0,1694381246.0,55272496.0,1694381226.0,1694381264.0,1694381254.0,1694381257.0,173249.0,1694381264.0,1694381269.0,5.0,,2.0,38.0,5.0,19.0,700412836.0,3.0,556900.0,poseidon,condorpool,poseidon-worker-2-container-8-11,um_vel,/opt/UM_VEL/UM_VEL,,1.8,0,0,,,,,,,,,
um_vel_ID0000047,None,compute,0,1694381219.0,,,1694381224.0,1694381227.0,1694381245.0,58277060.5,1694381226.0,1694381264.0,1694381254.0,1694381257.0,175194.0,1694381264.0,1694381269.0,5.0,,2.0,38.0,5.0,18.0,700441980.0,3.0,556900.0,poseidon,condorpool,poseidon-worker-2-container-12-15,um_vel,/opt/UM_VEL/UM_VEL,,1.7,0,0,,,,,,,,,
um_vel_ID0000087,None,compute,0,1694381224.0,,,1694381229.0,1694381232.0,1694381251.0,53047671.0,1694381230.0,1694381269.0,1694381259.0,1694381262.0,176520.0,1694381269.0,1694381275.0,5.0,,1.0,39.0,6.0,19.0,695425552.0,3.0,556900.0,poseidon,condorpool,poseidon-worker-2-container-28-31,um_vel,/opt/UM_VEL/UM_VEL,,1.7,0,0,,,,,,,,,
um_vel_ID0000007,None,compute,0,1694381224.0,,,1694381229.0,1694381232.0,1694381251.0,49046495.2,1694381230.0,1694381269.0,1694381259.0,1694381263.0,172451.0,1694381269.0,1694381275.0,5.0,,1.0,39.0,6.0,19.0,678203340.0,4.0,556900.0,poseidon,condorpool,poseidon-worker-2-container-32-35,um_vel,/opt/UM_VEL/UM_VEL,,1.7,0,0,,,,,,,,,
um_vel_ID0000042,None,compute,0,1694381224.0,,,1694381229.0,1694381232.0,1694381253.0,46481406.6,1694381230.0,1694381275.0,1694381262.0,1694381265.0,176089.0,1694381275.0,1694381280.0,5.0,,1.0,45.0,5.0,21.0,717355680.0,3.0,556900.0,poseidon,condorpool,poseidon-worker-1-container-44-47,um_vel,/opt/UM_VEL/UM_VEL,,1.7,0,0,,,,,,,,,
um_vel_ID0000092,cpu_2,compute,0,1694381224.0,,,1694381229.0,1694381232.0,1694381253.0,46975997.3,1694381230.0,1694381275.0,1694381262.0,1694381265.0,165299.0,1694381275.0,1694381280.0,5.0,,1.0,45.0,5.0,21.0,715696744.0,3.0,556900.0,poseidon,condorpool,poseidon-worker-1-container-8-11,um_vel,/opt/UM_VEL/UM_VEL,,1.7,0,0,,,,,,,,,
um_vel_ID0000072,None,compute,0,1694381224.0,,,1694381229.0,1694381232.0,1694381251.0,52087947.2,1694381230.0,1694381269.0,1694381260.0,1694381263.0,176976.0,1694381269.0,1694381275.0,5.0,,1.0,39.0,6.0,19.0,716093352.0,3.0,556900.0,poseidon,condorpool,poseidon-worker-1-container-12-15,um_vel,/opt/UM_VEL/UM_VEL,,1.7,0,0,,,,,,,,,
um_vel_ID0000102,None,compute,0,1694381229.0,,,1694381234.0,1694381237.0,1694381259.0,46558473.8,1694381236.0,1694381280.0,1694381267.0,1694381271.0,176612.0,1694381280.0,1694381285.0,5.0,,2.0,44.0,5.0,22.0,738138396.0,4.0,556900.0,poseidon,condorpool,poseidon-worker-2-container-4-7,um_vel,/opt/UM_VEL/UM_VEL,,1.7,0,0,,,,,,,,,
um_vel_ID0000082,None,compute,0,1694381229.0,,,1694381234.0,1694381237.0,1694381259.0,45695930.6,1694381236.0,1694381280.0,1694381268.0,1694381271.0,175744.0,1694381280.0,1694381285.0,5.0,,2.0,44.0,5.0,22.0,719777424.0,3.0,556900.0,poseidon,condorpool,poseidon-worker-1-container-28-31,um_vel,/opt/UM_VEL/UM_VEL,,1.7,0,0,,,,,,,,,
um_vel_ID0000032,None,compute,0,1694381229.0,,,1694381234.0,1694381238.0,1694381260.0,42227715.6,1694381236.0,1694381280.0,1694381270.0,1694381273.0,170933.0,1694381280.0,1694381285.0,5.0,,2.0,44.0,5.0,22.0,716025504.0,3.0,556900.0,poseidon,condorpool,poseidon-worker-1-container-16-19,um_vel,/opt/UM_VEL/UM_VEL,,1.7,0,0,,,,,,,,,
um_vel_ID0000077,cpu_2,compute,0,1694381229.0,,,1694381234.0,1694381238.0,1694381258.0,50706505.0,1694381236.0,1694381275.0,1694381266.0,1694381269.0,176080.0,1694381275.0,1694381280.0,5.0,,2.0,39.0,5.0,20.0,700529596.0,3.0,556900.0,poseidon,condorpool,poseidon-worker-2-container-44-47,um_vel,/opt/UM_VEL/UM_VEL,,1.7,0,0,,,,,,,,,
um_vel_ID0000012,None,compute,0,1694381229.0,,,1694381234.0,1694381237.0,1694381258.0,49474467.3,1694381235.0,1694381280.0,1694381267.0,1694381270.0,176951.0,1694381280.0,1694381285.0,5.0,,1.0,45.0,5.0,21.0,741792672.0,3.0,556900.0,poseidon,condorpool,poseidon-worker-2-container-40-43,um_vel,/opt/UM_VEL/UM_VEL,,1.8,0,0,,,,,,,,,
um_vel_ID0000112,None,compute,0,1694381229.0,,,1694381234.0,1694381237.0,1694381259.0,48246861.7,1694381236.0,1694381280.0,1694381267.0,1694381270.0,175880.0,1694381280.0,1694381285.0,5.0,,2.0,44.0,5.0,22.0,744537516.0,3.0,556900.0,poseidon,condorpool,poseidon-worker-2-container-16-19,um_vel,/opt/UM_VEL/UM_VEL,,1.8,0,0,,,,,,,,,
um_vel_ID0000122,None,compute,0,1694381229.0,,,1694381234.0,1694381237.0,1694381257.0,52655512.2,1694381236.0,1694381275.0,1694381266.0,1694381269.0,176842.0,1694381275.0,1694381280.0,5.0,,2.0,39.0,5.0,20.0,727369696.0,3.0,556900.0,poseidon,condorpool,poseidon-worker-2-container-0-3,um_vel,/opt/UM_VEL/UM_VEL,,1.8,0,0,,,,,,,,,
um_vel_ID0000107,cpu_2,compute,0,1694381229.0,,,1694381234.0,1694381238.0,1694381256.0,53625498.5,1694381236.0,1694381275.0,1694381265.0,1694381268.0,172430.0,1694381275.0,1694381280.0,5.0,,2.0,39.0,5.0,18.0,678408568.0,3.0,556900.0,poseidon,condorpool,poseidon-worker-1-container-40-43,um_vel,/opt/UM_VEL/UM_VEL,,1.6,0,0,,,,,,,,,
um_vel_ID0000097,None,compute,0,1694381229.0,,,1694381234.0,1694381238.0,1694381255.0,63568589.0,1694381236.0,1694381275.0,1694381264.0,1694381267.0,174345.0,1694381275.0,1694381280.0,5.0,,2.0,39.0,5.0,17.0,700600628.0,3.0,556900.0,poseidon,condorpool,poseidon-worker-1-container-0-3,um_vel,/opt/UM_VEL/UM_VEL,,1.7,0,0,,,,,,,,,
um_vel_ID0000062,cpu_2,compute,0,1694381229.0,,,1694381234.0,1694381238.0,1694381258.0,47965122.7,1694381236.0,1694381280.0,1694381267.0,1694381270.0,174645.0,1694381280.0,1694381285.0,5.0,,2.0,44.0,5.0,20.0,718532572.0,3.0,556900.0,poseidon,condorpool,poseidon-worker-1-container-4-7,um_vel,/opt/UM_VEL/UM_VEL,,1.7,0,0,,,,,,,,,
um_vel_ID0000057,None,compute,0,1694381229.0,,,1694381234.0,1694381242.0,1694381261.0,51644204.0,1694381240.0,1694381280.0,1694381269.0,1694381273.0,174764.0,1694381280.0,1694381285.0,5.0,,6.0,40.0,5.0,19.0,704613528.0,4.0,556900.0,poseidon,condorpool,poseidon-worker-2-container-16-19,um_vel,/opt/UM_VEL/UM_VEL,,1.7,0,0,,,,,,,,,
um_vel_ID0000067,None,compute,0,1694381229.0,,,1694381234.0,1694381237.0,1694381258.0,47105073.0,1694381236.0,1694381280.0,1694381266.0,1694381270.0,176916.0,1694381280.0,1694381285.0,5.0,,2.0,44.0,5.0,21.0,700248248.0,4.0,556900.0,poseidon,condorpool,poseidon-worker-2-container-20-23,um_vel,/opt/UM_VEL/UM_VEL,,1.7,0,0,,,,,,,,,
um_vel_ID0000052,cpu_2,compute,0,1694381234.0,,,1694381239.0,1694381242.0,1694381265.0,39820598.8,1694381240.0,1694381285.0,1694381274.0,1694381277.0,177831.0,1694381285.0,1694381290.0,5.0,,1.0,45.0,5.0,23.0,720888048.0,3.0,556900.0,poseidon,condorpool,poseidon-worker-1-container-24-27,um_vel,/opt/UM_VEL/UM_VEL,,1.7,0,0,,,,,,,,,
stage_out_local_condorpool_0_0,None,transfer,0,1694381239.0,,,1694381244.0,,,0.0,1694381245.0,1694381280.0,,,0.0,1694381280.0,1694381285.0,5.0,,1.0,35.0,5.0,,,,,poseidon,local,poseidon-submit,pegasus::transfer,/mnt/poseidon-data/poseidon/pegasus-5.1.0panorama/bin/pegasus-transfer,/home/poseidon/pegasus-5.1.0panorama/bin/../bin/pegasus-kickstart  -n pegasus::transfer -N null -i - -R local  -L casa-wind-full -T 2023-09-08T07:29:05+00:00 /home/poseidon/pegasus-5.1.0panorama/bin/../bin/pegasus-transfer  --threads 2,35.0,0,0,,,,,,,,,
stage_out_local_condorpool_0_1,None,transfer,0,1694381239.0,,,1694381244.0,,,0.0,1694381245.0,1694381280.0,,,0.0,1694381280.0,1694381285.0,5.0,,1.0,35.0,5.0,,,,,poseidon,local,poseidon-submit,pegasus::transfer,/mnt/poseidon-data/poseidon/pegasus-5.1.0panorama/bin/pegasus-transfer,/home/poseidon/pegasus-5.1.0panorama/bin/../bin/pegasus-kickstart  -n pegasus::transfer -N null -i - -R local  -L casa-wind-full -T 2023-09-08T07:29:05+00:00 /home/poseidon/pegasus-5.1.0panorama/bin/../bin/pegasus-transfer  --threads 2,34.5,0,0,,,,,,,,,
stage_out_local_condorpool_0_2,None,transfer,0,1694381239.0,,,1694381244.0,,,0.0,1694381245.0,1694381280.0,,,0.0,1694381280.0,1694381285.0,5.0,,1.0,35.0,5.0,,,,,poseidon,local,poseidon-submit,pegasus::transfer,/mnt/poseidon-data/poseidon/pegasus-5.1.0panorama/bin/pegasus-transfer,/home/poseidon/pegasus-5.1.0panorama/bin/../bin/pegasus-kickstart  -n pegasus::transfer -N null -i - -R local  -L casa-wind-full -T 2023-09-08T07:29:05+00:00 /home/poseidon/pegasus-5.1.0panorama/bin/../bin/pegasus-transfer  --threads 2,34.8,0,0,,,,,,,,,
um_vel_ID0000002,None,compute,0,1694381239.0,,,1694381244.0,1694381246.0,1694381265.0,57816573.8,1694381245.0,1694381285.0,1694381274.0,1694381277.0,176452.0,1694381285.0,1694381290.0,5.0,,1.0,40.0,5.0,19.0,737941744.0,3.0,556900.0,poseidon,condorpool,poseidon-worker-2-container-36-39,um_vel,/opt/UM_VEL/UM_VEL,,1.7,0,0,,,,,,,,,
post_vel_ID0000018,None,compute,0,1694381269.0,,,1694381275.0,1694381277.0,1694381288.0,35037430.2,1694381276.0,1694381305.0,1694381294.0,1694381297.0,3831.0,1694381305.0,1694381310.0,6.0,,1.0,29.0,5.0,11.0,177143937.0,3.0,11645.0,poseidon,condorpool,poseidon-worker-1-container-20-23,post_vel,/opt/netcdf2png/merged_netcdf2png,,0.1,0,0,,,,,,,,,
mvt_ID0000019,None,compute,0,1694381269.0,,,1694381274.0,1694381277.0,1694381288.0,34986886.8,1694381276.0,1694381345.0,1694381333.0,1694381336.0,11457.0,1694381345.0,1694381350.0,5.0,,2.0,69.0,5.0,11.0,177143652.0,3.0,36245.0,poseidon,condorpool,poseidon-worker-1-container-44-47,mvt,/opt/mvt/mvt,,39.4,0,0,0.0,805703.0,20480.0,458.0,5.0,29.9,0.1,26856.8,1024.0
mvt_ID0000119,None,compute,0,1694381269.0,,,1694381274.0,1694381277.0,1694381288.0,35070703.4,1694381276.0,1694381345.0,1694381333.0,1694381337.0,21070.0,1694381345.0,1694381350.0,5.0,,2.0,69.0,5.0,11.0,177143652.0,4.0,65525.0,poseidon,condorpool,poseidon-worker-1-container-36-39,mvt,/opt/mvt/mvt,,39.9,0,0,0.0,789144.0,36864.0,422.0,9.0,29.9,0.1,26304.8,3686.4
post_vel_ID0000048,None,compute,0,1694381269.0,,,1694381274.0,1694381277.0,1694381288.0,34977348.2,1694381276.0,1694381305.0,1694381294.0,1694381297.0,3368.0,1694381305.0,1694381310.0,5.0,,2.0,29.0,5.0,11.0,177143937.0,3.0,10371.0,poseidon,condorpool,poseidon-worker-2-container-8-11,post_vel,/opt/netcdf2png/merged_netcdf2png,,0.1,0,0,,,,,,,,,
mvt_ID0000049,None,compute,0,1694381269.0,,,1694381274.0,1694381277.0,1694381288.0,29749248.0,1694381276.0,1694381345.0,1694381334.0,1694381337.0,7842.0,1694381345.0,1694381350.0,5.0,,2.0,69.0,5.0,11.0,177143652.0,3.0,24108.0,poseidon,condorpool,poseidon-worker-2-container-12-15,mvt,/opt/mvt/mvt,,40.1,0,0,0.0,795680.0,12288.0,443.0,3.0,39.7,0.2,19892.0,1228.8
post_vel_ID0000118,cpu_2,compute,0,1694381269.0,,,1694381274.0,1694381277.0,1694381288.0,35074611.8,1694381275.0,1694381305.0,1694381293.0,1694381296.0,4636.0,1694381305.0,1694381310.0,5.0,,1.0,30.0,5.0,11.0,177143937.0,3.0,14402.0,poseidon,condorpool,poseidon-worker-2-container-44-47,post_vel,/opt/netcdf2png/merged_netcdf2png,,0.1,0,0,,,,,,,,,
mvt_ID0000089,None,compute,0,1694381275.0,,,1694381280.0,1694381283.0,1694381295.0,28042525.3,1694381281.0,1694381350.0,1694381340.0,1694381343.0,15718.0,1694381350.0,1694381355.0,5.0,,1.0,69.0,5.0,12.0,177143652.0,3.0,48475.0,poseidon,condorpool,poseidon-worker-1-container-0-3,mvt,/opt/mvt/mvt,,39.8,0,0,0.0,791758.0,24576.0,428.0,6.0,29.9,0.1,26391.9,2457.6
post_vel_ID0000088,None,compute,0,1694381275.0,,,1694381280.0,1694381283.0,1694381294.0,34333357.0,1694381281.0,1694381310.0,1694381299.0,1694381303.0,3959.0,1694381310.0,1694381315.0,5.0,,1.0,29.0,5.0,11.0,177143937.0,4.0,12740.0,poseidon,condorpool,poseidon-worker-2-container-20-23,post_vel,/opt/netcdf2png/merged_netcdf2png,,0.1,0,0,,,,,,,,,
mvt_ID0000024,cpu_2,compute,0,1694381275.0,,,1694381280.0,1694381284.0,1694381295.0,33620469.4,1694381282.0,1694381350.0,1694381340.0,1694381343.0,10041.0,1694381350.0,1694381355.0,5.0,,2.0,68.0,5.0,11.0,177143652.0,3.0,30705.0,poseidon,condorpool,poseidon-worker-1-container-8-11,mvt,/opt/mvt/mvt,,40.0,0,0,0.0,792849.0,16384.0,437.0,4.0,39.3,0.1,19821.2,819.2
post_vel_ID0000023,None,compute,0,1694381275.0,,,1694381280.0,1694381283.0,1694381295.0,28503307.8,1694381281.0,1694381310.0,1694381300.0,1694381303.0,3567.0,1694381310.0,1694381315.0,5.0,,1.0,29.0,5.0,12.0,177143937.0,3.0,11372.0,poseidon,condorpool,poseidon-worker-1-container-12-15,post_vel,/opt/netcdf2png/merged_netcdf2png,,0.1,0,0,,,,,,,,,
mvt_ID0000029,None,compute,0,1694381275.0,,,1694381280.0,1694381284.0,1694381295.0,29309136.3,1694381282.0,1694381350.0,1694381341.0,1694381344.0,12505.0,1694381350.0,1694381355.0,5.0,,2.0,68.0,5.0,11.0,177143652.0,3.0,38341.0,poseidon,condorpool,poseidon-worker-2-container-32-35,mvt,/opt/mvt/mvt,,40.4,0,0,0.0,798371.0,20480.0,449.0,5.0,39.9,0.1,19959.3,1024.0
mvt_ID0000129,None,compute,0,1694381275.0,,,1694381280.0,1694381283.0,1694381294.0,34733561.2,1694381282.0,1694381350.0,1694381340.0,1694381343.0,20685.0,1694381350.0,1694381355.0,5.0,,2.0,68.0,5.0,11.0,177143652.0,3.0,64489.0,poseidon,condorpool,poseidon-worker-2-container-24-27,mvt,/opt/mvt/mvt,,40.4,0,0,0.0,792929.0,36864.0,437.0,9.0,39.8,0.2,19823.2,3686.4
post_vel_ID0000128,None,compute,0,1694381275.0,,,1694381280.0,1694381283.0,1694381295.0,30367622.2,1694381282.0,1694381310.0,1694381300.0,1694381304.0,4253.0,1694381310.0,1694381315.0,5.0,,2.0,28.0,5.0,12.0,177143937.0,4.0,14512.0,poseidon,condorpool,poseidon-worker-1-container-32-35,post_vel,/opt/netcdf2png/merged_netcdf2png,,0.1,0,0,,,,,,,,,
mvt_ID0000039,None,compute,0,1694381275.0,,,1694381280.0,1694381283.0,1694381296.0,23775028.6,1694381281.0,1694381355.0,1694381342.0,1694381345.0,11262.0,1694381355.0,1694381360.0,5.0,,1.0,74.0,5.0,13.0,177143652.0,3.0,34386.0,poseidon,condorpool,poseidon-worker-1-container-44-47,mvt,/opt/mvt/mvt,,40.1,0,0,0.0,832816.0,16384.0,524.0,4.0,39.7,0.3,20820.4,819.2
post_vel_ID0000028,None,compute,0,1694381275.0,,,1694381280.0,1694381283.0,1694381294.0,34953928.4,1694381282.0,1694381310.0,1694381300.0,1694381303.0,3772.0,1694381310.0,1694381315.0,5.0,,2.0,28.0,5.0,11.0,177143937.0,3.0,11529.0,poseidon,condorpool,poseidon-worker-2-container-28-31,post_vel,/opt/netcdf2png/merged_netcdf2png,,0.1,0,0,,,,,,,,,
mvt_ID0000074,None,compute,0,1694381275.0,,,1694381280.0,1694381283.0,1694381294.0,33708600.0,1694381281.0,1694381350.0,1694381339.0,1694381342.0,12518.0,1694381350.0,1694381355.0,5.0,,1.0,69.0,5.0,11.0,177143652.0,3.0,38855.0,poseidon,condorpool,poseidon-worker-1-container-16-19,mvt,/opt/mvt/mvt,,39.8,0,0,0.0,790514.0,20480.0,425.0,5.0,29.9,0.1,26350.5,1024.0
post_vel_ID0000008,cpu_2,compute,0,1694381275.0,,,1694381280.0,1694381283.0,1694381294.0,34631762.0,1694381281.0,1694381310.0,1694381299.0,1694381303.0,3380.0,1694381310.0,1694381315.0,5.0,,1.0,29.0,5.0,11.0,177143937.0,4.0,10982.0,poseidon,condorpool,poseidon-worker-1-container-4-7,post_vel,/opt/netcdf2png/merged_netcdf2png,,0.1,0,0,,,,,,,,,
mvt_ID0000009,None,compute,0,1694381275.0,,,1694381280.0,1694381284.0,1694381294.0,34911796.2,1694381282.0,1694381350.0,1694381340.0,1694381343.0,11473.0,1694381350.0,1694381355.0,5.0,,2.0,68.0,5.0,10.0,177143652.0,3.0,35429.0,poseidon,condorpool,poseidon-worker-2-container-16-19,mvt,/opt/mvt/mvt,,39.9,0,0,0.0,819462.0,20480.0,488.0,5.0,29.9,0.1,27315.4,1024.0
post_vel_ID0000073,None,compute,0,1694381275.0,,,1694381280.0,1694381283.0,1694381294.0,31431313.6,1694381281.0,1694381310.0,1694381299.0,1694381303.0,3768.0,1694381310.0,1694381315.0,5.0,,1.0,29.0,5.0,11.0,177143937.0,4.0,11825.0,poseidon,condorpool,poseidon-worker-2-container-4-7,post_vel,/opt/netcdf2png/merged_netcdf2png,,0.1,0,0,,,,,,,,,
post_vel_ID0000038,cpu_2,compute,0,1694381275.0,,,1694381280.0,1694381283.0,1694381294.0,32255907.2,1694381281.0,1694381310.0,1694381300.0,1694381303.0,3271.0,1694381310.0,1694381315.0,5.0,,1.0,29.0,5.0,11.0,177143937.0,3.0,11227.0,poseidon,condorpool,poseidon-worker-1-container-40-43,post_vel,/opt/netcdf2png/merged_netcdf2png,,0.1,0,0,,,,,,,,,
mvt_ID0000079,cpu_2,compute,0,1694381280.0,,,1694381285.0,1694381303.0,1694381316.0,26469676.0,1694381301.0,1694381370.0,1694381361.0,1694381364.0,14451.0,1694381370.0,1694381375.0,5.0,,16.0,69.0,5.0,13.0,177143652.0,3.0,45337.0,poseidon,condorpool,poseidon-worker-2-container-44-47,mvt,/opt/mvt/mvt,,39.9,0,0,0.0,789220.0,24576.0,422.0,6.0,29.9,0.1,26307.3,1228.8
post_vel_ID0000108,None,compute,0,1694381280.0,,,1694381285.0,1694381288.0,1694381299.0,35010264.8,1694381287.0,1694381315.0,1694381305.0,1694381308.0,4432.0,1694381315.0,1694381320.0,5.0,,2.0,28.0,5.0,11.0,177143937.0,3.0,13907.0,poseidon,condorpool,poseidon-worker-2-container-40-43,post_vel,/opt/netcdf2png/merged_netcdf2png,,0.2,0,0,,,,,,,,,
mvt_ID0000109,None,compute,0,1694381280.0,,,1694381285.0,1694381288.0,1694381299.0,34750779.8,1694381287.0,1694381355.0,1694381345.0,1694381348.0,19050.0,1694381355.0,1694381360.0,5.0,,2.0,68.0,5.0,11.0,177143652.0,3.0,59954.0,poseidon,condorpool,poseidon-worker-1-container-28-31,mvt,/opt/mvt/mvt,,39.9,0,0,0.1,806955.0,32768.0,461.0,8.0,29.9,0.1,26898.5,1638.4
post_vel_ID0000078,cpu_2,compute,0,1694381280.0,,,1694381285.0,1694381305.0,1694381316.0,32863667.8,1694381302.0,1694381330.0,1694381321.0,1694381324.0,3929.0,1694381330.0,1694381335.0,5.0,,17.0,28.0,5.0,11.0,177143937.0,3.0,12264.0,poseidon,condorpool,poseidon-worker-1-container-24-27,post_vel,/opt/netcdf2png/merged_netcdf2png,,0.1,0,0,,,,,,,,,
post_vel_ID0000098,None,compute,0,1694381280.0,,,1694381285.0,1694381304.0,1694381315.0,29757369.8,1694381302.0,1694381330.0,1694381321.0,1694381324.0,4260.0,1694381330.0,1694381335.0,5.0,,17.0,28.0,5.0,11.0,177143937.0,3.0,13355.0,poseidon,condorpool,poseidon-worker-2-container-16-19,post_vel,/opt/netcdf2png/merged_netcdf2png,,0.2,0,0,,,,,,,,,
mvt_ID0000099,None,compute,0,1694381280.0,,,1694381285.0,1694381305.0,1694381316.0,32146936.2,1694381302.0,1694381370.0,1694381360.0,1694381364.0,15924.0,1694381370.0,1694381375.0,5.0,,17.0,68.0,5.0,11.0,177143652.0,4.0,50118.0,poseidon,condorpool,poseidon-worker-1-container-44-47,mvt,/opt/mvt/mvt,,39.3,0,0,0.0,853815.0,28672.0,563.0,7.0,29.9,0.1,28460.5,1433.6
post_vel_ID0000043,None,compute,0,1694381280.0,,,1694381285.0,1694381288.0,1694381299.0,29647914.0,1694381287.0,1694381315.0,1694381305.0,1694381308.0,3425.0,1694381315.0,1694381320.0,5.0,,2.0,28.0,5.0,11.0,177143937.0,3.0,11050.0,poseidon,condorpool,poseidon-worker-2-container-36-39,post_vel,/opt/netcdf2png/merged_netcdf2png,,0.1,0,0,,,,,,,,,
mvt_ID0000094,None,compute,0,1694381280.0,,,1694381285.0,1694381289.0,1694381300.0,32682327.6,1694381287.0,1694381355.0,1694381345.0,1694381348.0,16956.0,1694381355.0,1694381360.0,5.0,,2.0,68.0,5.0,11.0,177143652.0,3.0,52407.0,poseidon,condorpool,poseidon-worker-2-container-0-3,mvt,/opt/mvt/mvt,,40.0,0,0,0.0,801367.0,28672.0,449.0,7.0,29.9,0.1,26712.2,1433.6
post_vel_ID0000093,None,compute,0,1694381280.0,,,1694381285.0,1694381288.0,1694381299.0,29632403.0,1694381287.0,1694381315.0,1694381305.0,1694381308.0,4161.0,1694381315.0,1694381320.0,5.0,,2.0,28.0,5.0,11.0,177143937.0,3.0,13303.0,poseidon,condorpool,poseidon-worker-2-container-16-19,post_vel,/opt/netcdf2png/merged_netcdf2png,,0.1,0,0,,,,,,,,,
post_vel_ID0000123,cpu_2,compute,0,1694381280.0,,,1694381285.0,1694381304.0,1694381314.0,29930409.5,1694381301.0,1694381330.0,1694381320.0,1694381323.0,4793.0,1694381330.0,1694381335.0,5.0,,16.0,29.0,5.0,10.0,177143937.0,3.0,14777.0,poseidon,condorpool,poseidon-worker-1-container-40-43,post_vel,/opt/netcdf2png/merged_netcdf2png,,0.1,0,0,,,,,,,,,
mvt_ID0000044,cpu_2,compute,0,1694381280.0,,,1694381285.0,1694381288.0,1694381299.0,33531458.6,1694381287.0,1694381355.0,1694381345.0,1694381348.0,9121.0,1694381355.0,1694381360.0,5.0,,2.0,68.0,5.0,11.0,177143652.0,3.0,28113.0,poseidon,condorpool,poseidon-worker-1-container-24-27,mvt,/opt/mvt/mvt,,39.8,0,0,0.0,800090.0,12288.0,446.0,3.0,29.9,0.1,26669.7,1228.8
mvt_ID0000124,None,compute,0,1694381280.0,,,1694381285.0,1694381304.0,1694381315.0,29643361.5,1694381301.0,1694381370.0,1694381361.0,1694381364.0,22511.0,1694381370.0,1694381375.0,5.0,,16.0,69.0,5.0,11.0,177143652.0,3.0,70564.0,poseidon,condorpool,poseidon-worker-2-container-28-31,mvt,/opt/mvt/mvt,,40.6,0,0,0.0,819098.0,40960.0,494.0,10.0,39.9,0.1,20477.5,4096.0
post_vel_ID0000103,None,compute,0,1694381285.0,,,1694381290.0,1694381303.0,1694381315.0,30610322.2,1694381301.0,1694381330.0,1694381320.0,1694381323.0,4451.0,1694381330.0,1694381335.0,5.0,,11.0,29.0,5.0,12.0,177143937.0,3.0,13815.0,poseidon,condorpool,poseidon-worker-1-container-12-15,post_vel,/opt/netcdf2png/merged_netcdf2png,,0.1,0,0,,,,,,,,,
register_condorpool_0_1,None,auxiliary,0,1694381285.0,,,1694381290.0,,,0.0,1694381291.0,1694381295.0,,,0.0,1694381295.0,1694381300.0,5.0,,1.0,4.0,5.0,,,,,poseidon,local,poseidon-submit,pegasus::rc-client,/mnt/poseidon-data/poseidon/pegasus-5.1.0panorama/bin/pegasus-rc-client,"-n pegasus::rc-client -N null -R local  -L casa-wind-full -T 2023-09-08T07:29:05+00:00 /home/poseidon/pegasus-5.1.0panorama/bin/pegasus-rc-client --prefix pegasus.catalog.replica.output --conf /mnt/poseidon-data/poseidon/workflows/casa-wind-workflow-full/submit/poseidon/pegasus/casa-wind-full/run0212/pegasus.1230141180190172005.properties -v --meta /mnt/poseidon-data/poseidon/workflows/casa-wind-workflow-full/submit/poseidon/pegasus/casa-wind-full/run0212/00/00/unzip_ID0000121.meta,/mnt/poseidon-data/poseidon/workflows/casa-wind-workflow-full/submit/poseidon/pegasus/casa-wind-full/run0212/00/00/unzip_ID0000111.meta,/mnt/poseidon-data/poseidon/workflows/casa-wind-workflow-full/submit/poseidon/pegasus/casa-wind-full/run0212/00/00/unzip_ID0000101.meta,/mnt/poseidon-data/poseidon/workflows/casa-wind-workflow-full/submit/poseidon/pegasus/casa-wind-full/run0212/00/00/unzip_ID0000056.meta,/mnt/poseidon-data/poseidon/workflows/casa-wind-workflow-full/submit/poseidon/pegasus/casa-wind-full/run0212/00/00/unzip_ID0000081.meta,/mnt/poseidon-data/poseidon/workflows/casa-wind-workflow-full/submit/poseidon/pegasus/casa-wind-full/run0212/00/00/unzip_ID0000106.meta,/mnt/poseidon-data/poseidon/workflows/casa-wind-workflow-full/submit/poseidon/pegasus/casa-wind-full/run0212/00/00/unzip_ID0000061.meta,/mnt/poseidon-data/poseidon/workflows/casa-wind-workflow-full/submit/poseidon/pegasus/casa-wind-full/run0212/00/00/unzip_ID0000086.meta,/mnt/poseidon-data/poseidon/workflows/casa-wind-workflow-full/submit/poseidon/pegasus/casa-wind-full/run0212/00/00/unzip_ID0000076.meta,/mnt/poseidon-data/poseidon/workflows/casa-wind-workflow-full/submit/poseidon/pegasus/casa-wind-full/run0212/00/00/unzip_ID0000006.meta,/mnt/poseidon-data/poseidon/workflows/casa-wind-workflow-full/submit/poseidon/pegasus/casa-wind-full/run0212/00/00/unzip_ID0000001.meta,/mnt/poseidon-data/poseidon/workflows/casa-wind-workflow-full/submit/poseidon/pegasus/casa-wind-full/run0212/00/00/unzip_ID0000011.meta,/mnt/poseidon-data/poseidon/workflows/casa-wind-workflow-full/submit/poseidon/pegasus/casa-wind-full/run0212/00/00/unzip_ID0000031.meta,/mnt/poseidon-data/poseidon/workflows/casa-wind-workflow-full/submit/poseidon/pegasus/casa-wind-full/run0212/00/00/unzip_ID0000036.meta,/mnt/poseidon-data/poseidon/workflows/casa-wind-workflow-full/submit/poseidon/pegasus/casa-wind-full/run0212/00/00/unzip_ID0000091.meta,/mnt/poseidon-data/poseidon/workflows/casa-wind-workflow-full/submit/poseidon/pegasus/casa-wind-full/run0212/00/00/unzip_ID0000051.meta,/mnt/poseidon-data/poseidon/workflows/casa-wind-workflow-full/submit/poseidon/pegasus/casa-wind-full/run0212/00/00/unzip_ID0000041.meta,/mnt/poseidon-data/poseidon/workflows/casa-wind-workflow-full/submit/poseidon/pegasus/casa-wind-full/run0212/00/00/unzip_ID0000026.meta,/mnt/poseidon-data/poseidon/workflows/casa-wind-workflow-full/submit/poseidon/pegasus/casa-wind-full/run0212/00/00/unzip_ID0000096.meta,/mnt/poseidon-data/poseidon/workflows/casa-wind-workflow-full/submit/poseidon/pegasus/casa-wind-full/run0212/00/00/unzip_ID0000021.meta,/mnt/poseidon-data/poseidon/workflows/casa-wind-workflow-full/submit/poseidon/pegasus/casa-wind-full/run0212/00/00/unzip_ID0000066.meta,/mnt/poseidon-data/poseidon/workflows/casa-wind-workflow-full/submit/poseidon/pegasus/casa-wind-full/run0212/00/00/unzip_ID0000071.meta,/mnt/poseidon-data/poseidon/workflows/casa-wind-workflow-full/submit/poseidon/pegasus/casa-wind-full/run0212/00/00/unzip_ID0000046.meta,/mnt/poseidon-data/poseidon/workflows/casa-wind-workflow-full/submit/poseidon/pegasus/casa-wind-full/run0212/00/00/unzip_ID0000116.meta,/mnt/poseidon-data/poseidon/workflows/casa-wind-workflow-full/submit/poseidon/pegasus/casa-wind-full/run0212/00/00/unzip_ID0000126.meta,/mnt/poseidon-data/poseidon/workflows/casa-wind-workflow-full/submit/poseidon/pegasus/casa-wind-full/run0212/00/00/unzip_ID0000016.meta --insert /mnt/poseidon-data/poseidon/workflows/casa-wind-workflow-full/submit/poseidon/pegasus/casa-wind-full/run0212/00/00/register_condorpool_0_1.in",3.1,0,0,,,,,,,,,
post_vel_ID0000063,None,compute,0,1694381285.0,,,1694381290.0,1694381304.0,1694381316.0,29133443.2,1694381302.0,1694381330.0,1694381321.0,1694381324.0,3715.0,1694381330.0,1694381335.0,5.0,,12.0,28.0,5.0,12.0,177143937.0,3.0,11628.0,poseidon,condorpool,poseidon-worker-1-container-20-23,post_vel,/opt/netcdf2png/merged_netcdf2png,,0.1,0,0,,,,,,,,,
mvt_ID0000064,None,compute,0,1694381285.0,,,1694381290.0,1694381303.0,1694381314.0,29671937.0,1694381301.0,1694381370.0,1694381359.0,1694381362.0,9694.0,1694381370.0,1694381375.0,5.0,,11.0,69.0,5.0,11.0,177143652.0,3.0,31148.0,poseidon,condorpool,poseidon-worker-2-container-36-39,mvt,/opt/mvt/mvt,,39.7,0,0,0.0,791978.0,16384.0,428.0,4.0,29.9,0.1,26399.3,819.2
register_condorpool_0_2,None,auxiliary,0,1694381285.0,,,1694381300.0,,,0.0,1694381301.0,1694381305.0,,,0.0,1694381305.0,1694381310.0,15.0,,1.0,4.0,5.0,,,,,poseidon,local,poseidon-submit,pegasus::rc-client,/mnt/poseidon-data/poseidon/pegasus-5.1.0panorama/bin/pegasus-rc-client,"-n pegasus::rc-client -N null -R local  -L casa-wind-full -T 2023-09-08T07:29:05+00:00 /home/poseidon/pegasus-5.1.0panorama/bin/pegasus-rc-client --prefix pegasus.catalog.replica.output --conf /mnt/poseidon-data/poseidon/workflows/casa-wind-workflow-full/submit/poseidon/pegasus/casa-wind-full/run0212/pegasus.1230141180190172005.properties -v --meta /mnt/poseidon-data/poseidon/workflows/casa-wind-workflow-full/submit/poseidon/pegasus/casa-wind-full/run0212/00/00/unzip_ID0000121.meta,/mnt/poseidon-data/poseidon/workflows/casa-wind-workflow-full/submit/poseidon/pegasus/casa-wind-full/run0212/00/00/unzip_ID0000111.meta,/mnt/poseidon-data/poseidon/workflows/casa-wind-workflow-full/submit/poseidon/pegasus/casa-wind-full/run0212/00/00/unzip_ID0000101.meta,/mnt/poseidon-data/poseidon/workflows/casa-wind-workflow-full/submit/poseidon/pegasus/casa-wind-full/run0212/00/00/unzip_ID0000056.meta,/mnt/poseidon-data/poseidon/workflows/casa-wind-workflow-full/submit/poseidon/pegasus/casa-wind-full/run0212/00/00/unzip_ID0000081.meta,/mnt/poseidon-data/poseidon/workflows/casa-wind-workflow-full/submit/poseidon/pegasus/casa-wind-full/run0212/00/00/unzip_ID0000106.meta,/mnt/poseidon-data/poseidon/workflows/casa-wind-workflow-full/submit/poseidon/pegasus/casa-wind-full/run0212/00/00/unzip_ID0000061.meta,/mnt/poseidon-data/poseidon/workflows/casa-wind-workflow-full/submit/poseidon/pegasus/casa-wind-full/run0212/00/00/unzip_ID0000086.meta,/mnt/poseidon-data/poseidon/workflows/casa-wind-workflow-full/submit/poseidon/pegasus/casa-wind-full/run0212/00/00/unzip_ID0000076.meta,/mnt/poseidon-data/poseidon/workflows/casa-wind-workflow-full/submit/poseidon/pegasus/casa-wind-full/run0212/00/00/unzip_ID0000006.meta,/mnt/poseidon-data/poseidon/workflows/casa-wind-workflow-full/submit/poseidon/pegasus/casa-wind-full/run0212/00/00/unzip_ID0000001.meta,/mnt/poseidon-data/poseidon/workflows/casa-wind-workflow-full/submit/poseidon/pegasus/casa-wind-full/run0212/00/00/unzip_ID0000011.meta,/mnt/poseidon-data/poseidon/workflows/casa-wind-workflow-full/submit/poseidon/pegasus/casa-wind-full/run0212/00/00/unzip_ID0000031.meta,/mnt/poseidon-data/poseidon/workflows/casa-wind-workflow-full/submit/poseidon/pegasus/casa-wind-full/run0212/00/00/unzip_ID0000036.meta,/mnt/poseidon-data/poseidon/workflows/casa-wind-workflow-full/submit/poseidon/pegasus/casa-wind-full/run0212/00/00/unzip_ID0000091.meta,/mnt/poseidon-data/poseidon/workflows/casa-wind-workflow-full/submit/poseidon/pegasus/casa-wind-full/run0212/00/00/unzip_ID0000051.meta,/mnt/poseidon-data/poseidon/workflows/casa-wind-workflow-full/submit/poseidon/pegasus/casa-wind-full/run0212/00/00/unzip_ID0000041.meta,/mnt/poseidon-data/poseidon/workflows/casa-wind-workflow-full/submit/poseidon/pegasus/casa-wind-full/run0212/00/00/unzip_ID0000026.meta,/mnt/poseidon-data/poseidon/workflows/casa-wind-workflow-full/submit/poseidon/pegasus/casa-wind-full/run0212/00/00/unzip_ID0000096.meta,/mnt/poseidon-data/poseidon/workflows/casa-wind-workflow-full/submit/poseidon/pegasus/casa-wind-full/run0212/00/00/unzip_ID0000021.meta,/mnt/poseidon-data/poseidon/workflows/casa-wind-workflow-full/submit/poseidon/pegasus/casa-wind-full/run0212/00/00/unzip_ID0000066.meta,/mnt/poseidon-data/poseidon/workflows/casa-wind-workflow-full/submit/poseidon/pegasus/casa-wind-full/run0212/00/00/unzip_ID0000071.meta,/mnt/poseidon-data/poseidon/workflows/casa-wind-workflow-full/submit/poseidon/pegasus/casa-wind-full/run0212/00/00/unzip_ID0000046.meta,/mnt/poseidon-data/poseidon/workflows/casa-wind-workflow-full/submit/poseidon/pegasus/casa-wind-full/run0212/00/00/unzip_ID0000116.meta,/mnt/poseidon-data/poseidon/workflows/casa-wind-workflow-full/submit/poseidon/pegasus/casa-wind-full/run0212/00/00/unzip_ID0000126.meta,/mnt/poseidon-data/poseidon/workflows/casa-wind-workflow-full/submit/poseidon/pegasus/casa-wind-full/run0212/00/00/unzip_ID0000016.meta --insert /mnt/poseidon-data/poseidon/workflows/casa-wind-workflow-full/submit/poseidon/pegasus/casa-wind-full/run0212/00/00/register_condorpool_0_2.in",3.1,0,0,,,,,,,,,
mvt_ID0000104,None,compute,0,1694381285.0,,,1694381290.0,1694381303.0,1694381314.0,32289818.4,1694381301.0,1694381370.0,1694381359.0,1694381362.0,19352.0,1694381370.0,1694381375.0,5.0,,11.0,69.0,5.0,11.0,177143652.0,3.0,59590.0,poseidon,condorpool,poseidon-worker-1-container-16-19,mvt,/opt/mvt/mvt,,39.0,0,0,0.0,826254.0,32768.0,503.0,8.0,29.9,0.1,27541.8,3276.8
stage_out_local_condorpool_1_1,None,transfer,0,1694381285.0,,,1694381290.0,,,0.0,1694381291.0,1694381300.0,,,0.0,1694381300.0,1694381305.0,5.0,,1.0,9.0,5.0,,,,,poseidon,local,poseidon-submit,pegasus::transfer,/mnt/poseidon-data/poseidon/pegasus-5.1.0panorama/bin/pegasus-transfer,/home/poseidon/pegasus-5.1.0panorama/bin/../bin/pegasus-kickstart  -n pegasus::transfer -N null -i - -R local  -L casa-wind-full -T 2023-09-08T07:29:05+00:00 /home/poseidon/pegasus-5.1.0panorama/bin/../bin/pegasus-transfer  --threads 2,1.0,0,0,,,,,,,,,
mvt_ID0000084,None,compute,0,1694381285.0,,,1694381290.0,1694381304.0,1694381315.0,27511338.8,1694381301.0,1694381370.0,1694381360.0,1694381363.0,15180.0,1694381370.0,1694381375.0,5.0,,11.0,69.0,5.0,11.0,177143652.0,3.0,47998.0,poseidon,condorpool,poseidon-worker-2-container-24-27,mvt,/opt/mvt/mvt,,39.6,0,0,0.0,819381.0,24576.0,488.0,6.0,29.9,0.1,27312.7,1228.8
stage_out_local_condorpool_1_0,None,transfer,0,1694381285.0,,,1694381290.0,,,0.0,1694381291.0,1694381300.0,,,0.0,1694381300.0,1694381305.0,5.0,,1.0,9.0,5.0,,,,,poseidon,local,poseidon-submit,pegasus::transfer,/mnt/poseidon-data/poseidon/pegasus-5.1.0panorama/bin/pegasus-transfer,/home/poseidon/pegasus-5.1.0panorama/bin/../bin/pegasus-kickstart  -n pegasus::transfer -N null -i - -R local  -L casa-wind-full -T 2023-09-08T07:29:05+00:00 /home/poseidon/pegasus-5.1.0panorama/bin/../bin/pegasus-transfer  --threads 2,1.0,0,0,,,,,,,,,
mvt_ID0000034,None,compute,0,1694381285.0,,,1694381290.0,1694381303.0,1694381315.0,28849781.3,1694381301.0,1694381370.0,1694381360.0,1694381364.0,9923.0,1694381370.0,1694381375.0,5.0,,11.0,69.0,5.0,12.0,177143652.0,4.0,30976.0,poseidon,condorpool,poseidon-worker-2-container-8-11,mvt,/opt/mvt/mvt,,39.9,0,0,0.0,793310.0,16384.0,431.0,4.0,29.9,0.1,26443.7,819.2
post_vel_ID0000068,None,compute,0,1694381285.0,,,1694381290.0,1694381303.0,1694381314.0,33899214.8,1694381301.0,1694381330.0,1694381320.0,1694381323.0,3615.0,1694381330.0,1694381335.0,5.0,,11.0,29.0,5.0,11.0,177143937.0,3.0,11398.0,poseidon,condorpool,poseidon-worker-2-container-40-43,post_vel,/opt/netcdf2png/merged_netcdf2png,,0.1,0,0,,,,,,,,,
mvt_ID0000069,None,compute,0,1694381285.0,,,1694381290.0,1694381303.0,1694381314.0,33489259.6,1694381301.0,1694381370.0,1694381359.0,1694381362.0,11420.0,1694381370.0,1694381375.0,5.0,,11.0,69.0,5.0,11.0,177143652.0,3.0,35309.0,poseidon,condorpool,poseidon-worker-1-container-0-3,mvt,/opt/mvt/mvt,,39.4,0,0,0.0,823377.0,16384.0,497.0,4.0,29.9,0.1,27445.9,819.2
mvt_ID0000014,None,compute,0,1694381285.0,,,1694381290.0,1694381306.0,1694381317.0,29680552.0,1694381304.0,1694381375.0,1694381361.0,1694381365.0,10263.0,1694381375.0,1694381380.0,5.0,,14.0,71.0,5.0,11.0,177143652.0,4.0,31991.0,poseidon,condorpool,poseidon-worker-1-container-36-39,mvt,/opt/mvt/mvt,,39.3,0,0,0.0,819389.0,16384.0,488.0,4.0,29.9,0.1,27313.0,819.2
post_vel_ID0000013,None,compute,0,1694381285.0,,,1694381290.0,1694381305.0,1694381316.0,34973826.0,1694381303.0,1694381330.0,1694381321.0,1694381324.0,3504.0,1694381330.0,1694381335.0,5.0,,13.0,27.0,5.0,11.0,177143937.0,3.0,11040.0,poseidon,condorpool,poseidon-worker-1-container-28-31,post_vel,/opt/netcdf2png/merged_netcdf2png,,0.1,0,0,,,,,,,,,
mvt_ID0000059,None,compute,0,1694381285.0,,,1694381290.0,1694381304.0,1694381315.0,33711663.0,1694381302.0,1694381370.0,1694381360.0,1694381363.0,8994.0,1694381370.0,1694381375.0,5.0,,12.0,68.0,5.0,11.0,177143652.0,3.0,28164.0,poseidon,condorpool,poseidon-worker-2-container-32-35,mvt,/opt/mvt/mvt,,39.6,0,0,0.0,819379.0,12288.0,488.0,3.0,29.9,0.1,27312.6,1228.8
post_vel_ID0000058,None,compute,0,1694381285.0,,,1694381290.0,1694381304.0,1694381315.0,32839780.6,1694381302.0,1694381330.0,1694381321.0,1694381324.0,3535.0,1694381330.0,1694381335.0,5.0,,12.0,28.0,5.0,11.0,177143937.0,3.0,10981.0,poseidon,condorpool,poseidon-worker-1-container-32-35,post_vel,/opt/netcdf2png/merged_netcdf2png,,0.1,0,0,,,,,,,,,
mvt_ID0000114,None,compute,0,1694381285.0,,,1694381290.0,1694381303.0,1694381314.0,33904203.8,1694381301.0,1694381370.0,1694381360.0,1694381363.0,23498.0,1694381370.0,1694381375.0,5.0,,11.0,69.0,5.0,11.0,177143652.0,3.0,73234.0,poseidon,condorpool,poseidon-worker-2-container-12-15,mvt,/opt/mvt/mvt,,40.0,0,0,0.0,824898.0,40960.0,500.0,10.0,29.9,0.1,27496.6,4096.0
post_vel_ID0000113,cpu_2,compute,0,1694381285.0,,,1694381290.0,1694381304.0,1694381315.0,29710897.0,1694381302.0,1694381330.0,1694381321.0,1694381324.0,4685.0,1694381330.0,1694381335.0,5.0,,12.0,28.0,5.0,11.0,177143937.0,3.0,14745.0,poseidon,condorpool,poseidon-worker-1-container-4-7,post_vel,/opt/netcdf2png/merged_netcdf2png,,0.1,0,0,,,,,,,,,
post_vel_ID0000083,cpu_2,compute,0,1694381285.0,,,1694381290.0,1694381304.0,1694381315.0,34904768.8,1694381302.0,1694381330.0,1694381320.0,1694381324.0,4045.0,1694381330.0,1694381335.0,5.0,,12.0,28.0,5.0,11.0,177143937.0,4.0,12720.0,poseidon,condorpool,poseidon-worker-1-container-8-11,post_vel,/opt/netcdf2png/merged_netcdf2png,,0.1,0,0,,,,,,,,,
post_vel_ID0000033,None,compute,0,1694381285.0,,,1694381290.0,1694381303.0,1694381315.0,27719632.3,1694381301.0,1694381330.0,1694381321.0,1694381324.0,3701.0,1694381330.0,1694381335.0,5.0,,11.0,29.0,5.0,12.0,177143937.0,3.0,11464.0,poseidon,condorpool,poseidon-worker-2-container-20-23,post_vel,/opt/netcdf2png/merged_netcdf2png,,0.1,0,0,,,,,,,,,
register_condorpool_0_0,None,auxiliary,0,1694381285.0,,,1694381340.0,,,0.0,1694381340.0,1694381345.0,,,0.0,1694381345.0,1694381350.0,55.0,,0.0,5.0,5.0,,,,,poseidon,local,poseidon-submit,pegasus::rc-client,/mnt/poseidon-data/poseidon/pegasus-5.1.0panorama/bin/pegasus-rc-client,"-n pegasus::rc-client -N null -R local  -L casa-wind-full -T 2023-09-08T07:29:05+00:00 /home/poseidon/pegasus-5.1.0panorama/bin/pegasus-rc-client --prefix pegasus.catalog.replica.output --conf /mnt/poseidon-data/poseidon/workflows/casa-wind-workflow-full/submit/poseidon/pegasus/casa-wind-full/run0212/pegasus.1230141180190172005.properties -v --meta /mnt/poseidon-data/poseidon/workflows/casa-wind-workflow-full/submit/poseidon/pegasus/casa-wind-full/run0212/00/00/unzip_ID0000121.meta,/mnt/poseidon-data/poseidon/workflows/casa-wind-workflow-full/submit/poseidon/pegasus/casa-wind-full/run0212/00/00/unzip_ID0000111.meta,/mnt/poseidon-data/poseidon/workflows/casa-wind-workflow-full/submit/poseidon/pegasus/casa-wind-full/run0212/00/00/unzip_ID0000101.meta,/mnt/poseidon-data/poseidon/workflows/casa-wind-workflow-full/submit/poseidon/pegasus/casa-wind-full/run0212/00/00/unzip_ID0000056.meta,/mnt/poseidon-data/poseidon/workflows/casa-wind-workflow-full/submit/poseidon/pegasus/casa-wind-full/run0212/00/00/unzip_ID0000081.meta,/mnt/poseidon-data/poseidon/workflows/casa-wind-workflow-full/submit/poseidon/pegasus/casa-wind-full/run0212/00/00/unzip_ID0000106.meta,/mnt/poseidon-data/poseidon/workflows/casa-wind-workflow-full/submit/poseidon/pegasus/casa-wind-full/run0212/00/00/unzip_ID0000061.meta,/mnt/poseidon-data/poseidon/workflows/casa-wind-workflow-full/submit/poseidon/pegasus/casa-wind-full/run0212/00/00/unzip_ID0000086.meta,/mnt/poseidon-data/poseidon/workflows/casa-wind-workflow-full/submit/poseidon/pegasus/casa-wind-full/run0212/00/00/unzip_ID0000076.meta,/mnt/poseidon-data/poseidon/workflows/casa-wind-workflow-full/submit/poseidon/pegasus/casa-wind-full/run0212/00/00/unzip_ID0000006.meta,/mnt/poseidon-data/poseidon/workflows/casa-wind-workflow-full/submit/poseidon/pegasus/casa-wind-full/run0212/00/00/unzip_ID0000001.meta,/mnt/poseidon-data/poseidon/workflows/casa-wind-workflow-full/submit/poseidon/pegasus/casa-wind-full/run0212/00/00/unzip_ID0000011.meta,/mnt/poseidon-data/poseidon/workflows/casa-wind-workflow-full/submit/poseidon/pegasus/casa-wind-full/run0212/00/00/unzip_ID0000031.meta,/mnt/poseidon-data/poseidon/workflows/casa-wind-workflow-full/submit/poseidon/pegasus/casa-wind-full/run0212/00/00/unzip_ID0000036.meta,/mnt/poseidon-data/poseidon/workflows/casa-wind-workflow-full/submit/poseidon/pegasus/casa-wind-full/run0212/00/00/unzip_ID0000091.meta,/mnt/poseidon-data/poseidon/workflows/casa-wind-workflow-full/submit/poseidon/pegasus/casa-wind-full/run0212/00/00/unzip_ID0000051.meta,/mnt/poseidon-data/poseidon/workflows/casa-wind-workflow-full/submit/poseidon/pegasus/casa-wind-full/run0212/00/00/unzip_ID0000041.meta,/mnt/poseidon-data/poseidon/workflows/casa-wind-workflow-full/submit/poseidon/pegasus/casa-wind-full/run0212/00/00/unzip_ID0000026.meta,/mnt/poseidon-data/poseidon/workflows/casa-wind-workflow-full/submit/poseidon/pegasus/casa-wind-full/run0212/00/00/unzip_ID0000096.meta,/mnt/poseidon-data/poseidon/workflows/casa-wind-workflow-full/submit/poseidon/pegasus/casa-wind-full/run0212/00/00/unzip_ID0000021.meta,/mnt/poseidon-data/poseidon/workflows/casa-wind-workflow-full/submit/poseidon/pegasus/casa-wind-full/run0212/00/00/unzip_ID0000066.meta,/mnt/poseidon-data/poseidon/workflows/casa-wind-workflow-full/submit/poseidon/pegasus/casa-wind-full/run0212/00/00/unzip_ID0000071.meta,/mnt/poseidon-data/poseidon/workflows/casa-wind-workflow-full/submit/poseidon/pegasus/casa-wind-full/run0212/00/00/unzip_ID0000046.meta,/mnt/poseidon-data/poseidon/workflows/casa-wind-workflow-full/submit/poseidon/pegasus/casa-wind-full/run0212/00/00/unzip_ID0000116.meta,/mnt/poseidon-data/poseidon/workflows/casa-wind-workflow-full/submit/poseidon/pegasus/casa-wind-full/run0212/00/00/unzip_ID0000126.meta,/mnt/poseidon-data/poseidon/workflows/casa-wind-workflow-full/submit/poseidon/pegasus/casa-wind-full/run0212/00/00/unzip_ID0000016.meta --insert /mnt/poseidon-data/poseidon/workflows/casa-wind-workflow-full/submit/poseidon/pegasus/casa-wind-full/run0212/00/00/register_condorpool_0_0.in",3.0,0,0,,,,,,,,,
mvt_ID0000054,None,compute,0,1694381290.0,,,1694381295.0,1694381303.0,1694381316.0,27569784.0,1694381301.0,1694381370.0,1694381361.0,1694381364.0,9082.0,1694381370.0,1694381375.0,5.0,,6.0,69.0,5.0,13.0,177143652.0,3.0,28552.0,poseidon,condorpool,poseidon-worker-2-container-16-19,mvt,/opt/mvt/mvt,,39.9,0,0,0.0,853824.0,12288.0,563.0,3.0,29.9,0.1,28460.8,1228.8
post_vel_ID0000003,None,compute,0,1694381290.0,,,1694381295.0,1694381303.0,1694381315.0,27967025.0,1694381301.0,1694381330.0,1694381320.0,1694381324.0,3463.0,1694381330.0,1694381335.0,5.0,,6.0,29.0,5.0,12.0,177143937.0,4.0,10865.0,poseidon,condorpool,poseidon-worker-2-container-0-3,post_vel,/opt/netcdf2png/merged_netcdf2png,,0.1,0,0,,,,,,,,,
mvt_ID0000004,None,compute,0,1694381290.0,,,1694381295.0,1694381303.0,1694381314.0,29751347.0,1694381301.0,1694381370.0,1694381359.0,1694381362.0,9224.0,1694381370.0,1694381375.0,5.0,,6.0,69.0,5.0,11.0,177143652.0,3.0,28781.0,poseidon,condorpool,poseidon-worker-2-container-4-7,mvt,/opt/mvt/mvt,,39.7,0,0,0.0,793261.0,16384.0,431.0,4.0,29.9,0.1,26442.0,819.2
post_vel_ID0000053,None,compute,0,1694381290.0,,,1694381295.0,1694381305.0,1694381316.0,34183945.2,1694381304.0,1694381330.0,1694381322.0,1694381325.0,3501.0,1694381330.0,1694381335.0,5.0,,9.0,26.0,5.0,11.0,177143937.0,3.0,11004.0,poseidon,condorpool,poseidon-worker-2-container-28-31,post_vel,/opt/netcdf2png/merged_netcdf2png,,0.1,0,0,,,,,,,,,
stage_out_local_condorpool_1_2,None,transfer,0,1694381290.0,,,1694381295.0,,,0.0,1694381295.0,1694381300.0,,,0.0,1694381300.0,1694381305.0,5.0,,0.0,5.0,5.0,,,,,poseidon,local,poseidon-submit,pegasus::transfer,/mnt/poseidon-data/poseidon/pegasus-5.1.0panorama/bin/pegasus-transfer,/home/poseidon/pegasus-5.1.0panorama/bin/../bin/pegasus-kickstart  -n pegasus::transfer -N null -i - -R local  -L casa-wind-full -T 2023-09-08T07:29:05+00:00 /home/poseidon/pegasus-5.1.0panorama/bin/../bin/pegasus-transfer  --threads 2,0.9,0,0,,,,,,,,,
register_condorpool_1_1,None,auxiliary,0,1694381305.0,,,1694381310.0,,,0.0,1694381310.0,1694381315.0,,,0.0,1694381315.0,1694381320.0,5.0,,0.0,5.0,5.0,,,,,poseidon,local,poseidon-submit,pegasus::rc-client,/mnt/poseidon-data/poseidon/pegasus-5.1.0panorama/bin/pegasus-rc-client,"-n pegasus::rc-client -N null -R local  -L casa-wind-full -T 2023-09-08T07:29:05+00:00 /home/poseidon/pegasus-5.1.0panorama/bin/pegasus-rc-client --prefix pegasus.catalog.replica.output --conf /mnt/poseidon-data/poseidon/workflows/casa-wind-workflow-full/submit/poseidon/pegasus/casa-wind-full/run0212/pegasus.1230141180190172005.properties -v --meta /mnt/poseidon-data/poseidon/workflows/casa-wind-workflow-full/submit/poseidon/pegasus/casa-wind-full/run0212/00/00/um_vel_ID0000017.meta,/mnt/poseidon-data/poseidon/workflows/casa-wind-workflow-full/submit/poseidon/pegasus/casa-wind-full/run0212/00/00/um_vel_ID0000082.meta,/mnt/poseidon-data/poseidon/workflows/casa-wind-workflow-full/submit/poseidon/pegasus/casa-wind-full/run0212/00/01/um_vel_ID0000047.meta,/mnt/poseidon-data/poseidon/workflows/casa-wind-workflow-full/submit/poseidon/pegasus/casa-wind-full/run0212/00/00/um_vel_ID0000087.meta,/mnt/poseidon-data/poseidon/workflows/casa-wind-workflow-full/submit/poseidon/pegasus/casa-wind-full/run0212/00/01/um_vel_ID0000007.meta,/mnt/poseidon-data/poseidon/workflows/casa-wind-workflow-full/submit/poseidon/pegasus/casa-wind-full/run0212/00/00/um_vel_ID0000097.meta,/mnt/poseidon-data/poseidon/workflows/casa-wind-workflow-full/submit/poseidon/pegasus/casa-wind-full/run0212/00/01/um_vel_ID0000072.meta,/mnt/poseidon-data/poseidon/workflows/casa-wind-workflow-full/submit/poseidon/pegasus/casa-wind-full/run0212/00/01/um_vel_ID0000102.meta,/mnt/poseidon-data/poseidon/workflows/casa-wind-workflow-full/submit/poseidon/pegasus/casa-wind-full/run0212/00/01/um_vel_ID0000037.meta --insert /mnt/poseidon-data/poseidon/workflows/casa-wind-workflow-full/submit/poseidon/pegasus/casa-wind-full/run0212/00/01/register_condorpool_1_1.in",2.7,0,0,,,,,,,,,
register_condorpool_1_2,None,auxiliary,0,1694381305.0,,,1694381330.0,,,0.0,1694381331.0,1694381335.0,,,0.0,1694381335.0,1694381340.0,25.0,,1.0,4.0,5.0,,,,,poseidon,local,poseidon-submit,pegasus::rc-client,/mnt/poseidon-data/poseidon/pegasus-5.1.0panorama/bin/pegasus-rc-client,"-n pegasus::rc-client -N null -R local  -L casa-wind-full -T 2023-09-08T07:29:05+00:00 /home/poseidon/pegasus-5.1.0panorama/bin/pegasus-rc-client --prefix pegasus.catalog.replica.output --conf /mnt/poseidon-data/poseidon/workflows/casa-wind-workflow-full/submit/poseidon/pegasus/casa-wind-full/run0212/pegasus.1230141180190172005.properties -v --meta /mnt/poseidon-data/poseidon/workflows/casa-wind-workflow-full/submit/poseidon/pegasus/casa-wind-full/run0212/00/00/um_vel_ID0000012.meta,/mnt/poseidon-data/poseidon/workflows/casa-wind-workflow-full/submit/poseidon/pegasus/casa-wind-full/run0212/00/00/um_vel_ID0000117.meta,/mnt/poseidon-data/poseidon/workflows/casa-wind-workflow-full/submit/poseidon/pegasus/casa-wind-full/run0212/00/01/um_vel_ID0000062.meta,/mnt/poseidon-data/poseidon/workflows/casa-wind-workflow-full/submit/poseidon/pegasus/casa-wind-full/run0212/00/00/um_vel_ID0000002.meta,/mnt/poseidon-data/poseidon/workflows/casa-wind-workflow-full/submit/poseidon/pegasus/casa-wind-full/run0212/00/01/um_vel_ID0000112.meta,/mnt/poseidon-data/poseidon/workflows/casa-wind-workflow-full/submit/poseidon/pegasus/casa-wind-full/run0212/00/01/um_vel_ID0000107.meta,/mnt/poseidon-data/poseidon/workflows/casa-wind-workflow-full/submit/poseidon/pegasus/casa-wind-full/run0212/00/00/um_vel_ID0000032.meta,/mnt/poseidon-data/poseidon/workflows/casa-wind-workflow-full/submit/poseidon/pegasus/casa-wind-full/run0212/00/01/um_vel_ID0000052.meta --insert /mnt/poseidon-data/poseidon/workflows/casa-wind-workflow-full/submit/poseidon/pegasus/casa-wind-full/run0212/00/01/register_condorpool_1_2.in",2.7,0,0,,,,,,,,,
register_condorpool_1_0,None,auxiliary,0,1694381305.0,,,1694381320.0,,,0.0,1694381321.0,1694381325.0,,,0.0,1694381325.0,1694381330.0,15.0,,1.0,4.0,5.0,,,,,poseidon,local,poseidon-submit,pegasus::rc-client,/mnt/poseidon-data/poseidon/pegasus-5.1.0panorama/bin/pegasus-rc-client,"-n pegasus::rc-client -N null -R local  -L casa-wind-full -T 2023-09-08T07:29:05+00:00 /home/poseidon/pegasus-5.1.0panorama/bin/pegasus-rc-client --prefix pegasus.catalog.replica.output --conf /mnt/poseidon-data/poseidon/workflows/casa-wind-workflow-full/submit/poseidon/pegasus/casa-wind-full/run0212/pegasus.1230141180190172005.properties -v --meta /mnt/poseidon-data/poseidon/workflows/casa-wind-workflow-full/submit/poseidon/pegasus/casa-wind-full/run0212/00/01/um_vel_ID0000077.meta,/mnt/poseidon-data/poseidon/workflows/casa-wind-workflow-full/submit/poseidon/pegasus/casa-wind-full/run0212/00/00/um_vel_ID0000022.meta,/mnt/poseidon-data/poseidon/workflows/casa-wind-workflow-full/submit/poseidon/pegasus/casa-wind-full/run0212/00/01/um_vel_ID0000067.meta,/mnt/poseidon-data/poseidon/workflows/casa-wind-workflow-full/submit/poseidon/pegasus/casa-wind-full/run0212/00/00/um_vel_ID0000092.meta,/mnt/poseidon-data/poseidon/workflows/casa-wind-workflow-full/submit/poseidon/pegasus/casa-wind-full/run0212/00/00/um_vel_ID0000127.meta,/mnt/poseidon-data/poseidon/workflows/casa-wind-workflow-full/submit/poseidon/pegasus/casa-wind-full/run0212/00/01/um_vel_ID0000042.meta,/mnt/poseidon-data/poseidon/workflows/casa-wind-workflow-full/submit/poseidon/pegasus/casa-wind-full/run0212/00/00/um_vel_ID0000122.meta,/mnt/poseidon-data/poseidon/workflows/casa-wind-workflow-full/submit/poseidon/pegasus/casa-wind-full/run0212/00/01/um_vel_ID0000057.meta,/mnt/poseidon-data/poseidon/workflows/casa-wind-workflow-full/submit/poseidon/pegasus/casa-wind-full/run0212/00/00/um_vel_ID0000027.meta --insert /mnt/poseidon-data/poseidon/workflows/casa-wind-workflow-full/submit/poseidon/pegasus/casa-wind-full/run0212/00/01/register_condorpool_1_0.in",2.7,0,0,,,,,,,,,
point_alert_ID0000020,None,compute,0,1694381350.0,,,1694381355.0,1694381358.0,1694381369.0,35274906.6,1694381356.0,1694381385.0,1694381374.0,1694381377.0,6572.0,1694381385.0,1694381390.0,5.0,,1.0,29.0,5.0,11.0,176644228.0,3.0,20478.0,poseidon,condorpool,poseidon-worker-1-container-44-47,point_alert,/opt/pointAlert/pointAlert,,0.0,0,0,,,,,,,,,
point_alert_ID0000050,None,compute,0,1694381350.0,,,1694381355.0,1694381358.0,1694381369.0,29901686.5,1694381356.0,1694381385.0,1694381374.0,1694381377.0,6571.0,1694381385.0,1694381390.0,5.0,,1.0,29.0,5.0,11.0,176632091.0,3.0,20878.0,poseidon,condorpool,poseidon-worker-2-container-12-15,point_alert,/opt/pointAlert/pointAlert,,0.0,0,0,,,,,,,,,
point_alert_ID0000120,None,compute,0,1694381350.0,,,1694381355.0,1694381358.0,1694381369.0,29596679.5,1694381356.0,1694381385.0,1694381374.0,1694381377.0,7054.0,1694381385.0,1694381390.0,5.0,,1.0,29.0,5.0,11.0,176673508.0,3.0,21998.0,poseidon,condorpool,poseidon-worker-1-container-36-39,point_alert,/opt/pointAlert/pointAlert,,0.0,0,0,,,,,,,,,
point_alert_ID0000010,None,compute,0,1694381355.0,,,1694381360.0,1694381362.0,1694381374.0,29056030.2,1694381361.0,1694381390.0,1694381379.0,1694381382.0,6628.0,1694381390.0,1694381395.0,5.0,,1.0,29.0,5.0,12.0,176643412.0,3.0,20478.0,poseidon,condorpool,poseidon-worker-2-container-24-27,point_alert,/opt/pointAlert/pointAlert,,0.0,0,0,,,,,,,,,
point_alert_ID0000030,cpu_2,compute,0,1694381355.0,,,1694381360.0,1694381363.0,1694381373.0,29591373.0,1694381361.0,1694381390.0,1694381380.0,1694381383.0,6525.0,1694381390.0,1694381395.0,5.0,,1.0,29.0,5.0,10.0,176646324.0,3.0,20158.0,poseidon,condorpool,poseidon-worker-1-container-8-11,point_alert,/opt/pointAlert/pointAlert,,0.0,0,0,,,,,,,,,
point_alert_ID0000130,None,compute,0,1694381355.0,,,1694381360.0,1694381362.0,1694381374.0,30256100.4,1694381361.0,1694381390.0,1694381380.0,1694381383.0,7471.0,1694381390.0,1694381395.0,5.0,,1.0,29.0,5.0,12.0,176672472.0,3.0,23118.0,poseidon,condorpool,poseidon-worker-1-container-0-3,point_alert,/opt/pointAlert/pointAlert,,0.0,0,0,,,,,,,,,
point_alert_ID0000075,None,compute,0,1694381355.0,,,1694381360.0,1694381362.0,1694381373.0,29556866.0,1694381361.0,1694381390.0,1694381379.0,1694381382.0,6706.0,1694381390.0,1694381395.0,5.0,,1.0,29.0,5.0,11.0,176646838.0,3.0,20558.0,poseidon,condorpool,poseidon-worker-2-container-32-35,point_alert,/opt/pointAlert/pointAlert,,0.0,0,0,,,,,,,,,
point_alert_ID0000090,None,compute,0,1694381355.0,,,1694381360.0,1694381362.0,1694381373.0,29572249.5,1694381361.0,1694381390.0,1694381379.0,1694381383.0,6651.0,1694381390.0,1694381395.0,5.0,,1.0,29.0,5.0,11.0,176656458.0,4.0,20638.0,poseidon,condorpool,poseidon-worker-1-container-44-47,point_alert,/opt/pointAlert/pointAlert,,0.0,0,0,,,,,,,,,
point_alert_ID0000025,None,compute,0,1694381355.0,,,1694381360.0,1694381362.0,1694381374.0,33848486.2,1694381361.0,1694381390.0,1694381380.0,1694381383.0,6502.0,1694381390.0,1694381395.0,5.0,,1.0,29.0,5.0,12.0,176638688.0,3.0,20078.0,poseidon,condorpool,poseidon-worker-1-container-16-19,point_alert,/opt/pointAlert/pointAlert,,0.0,0,0,,,,,,,,,
point_alert_ID0000095,cpu_2,compute,0,1694381360.0,,,1694381365.0,1694381368.0,1694381378.0,29955114.0,1694381366.0,1694381395.0,1694381384.0,1694381387.0,6522.0,1694381395.0,1694381400.0,5.0,,1.0,29.0,5.0,10.0,176660390.0,3.0,20718.0,poseidon,condorpool,poseidon-worker-1-container-24-27,point_alert,/opt/pointAlert/pointAlert,,0.0,0,0,,,,,,,,,
point_alert_ID0000045,None,compute,0,1694381360.0,,,1694381365.0,1694381368.0,1694381378.0,29643747.5,1694381366.0,1694381395.0,1694381384.0,1694381387.0,6579.0,1694381395.0,1694381400.0,5.0,,1.0,29.0,5.0,10.0,176636096.0,3.0,20798.0,poseidon,condorpool,poseidon-worker-2-container-16-19,point_alert,/opt/pointAlert/pointAlert,,0.0,0,0,,,,,,,,,
point_alert_ID0000110,None,compute,0,1694381360.0,,,1694381365.0,1694381367.0,1694381378.0,29862454.5,1694381366.0,1694381395.0,1694381384.0,1694381387.0,6638.0,1694381395.0,1694381400.0,5.0,,1.0,29.0,5.0,11.0,176667937.0,3.0,21038.0,poseidon,condorpool,poseidon-worker-1-container-28-31,point_alert,/opt/pointAlert/pointAlert,,0.0,0,0,,,,,,,,,
point_alert_ID0000040,None,compute,0,1694381360.0,,,1694381365.0,1694381368.0,1694381378.0,34409530.0,1694381366.0,1694381395.0,1694381384.0,1694381387.0,6401.0,1694381395.0,1694381400.0,5.0,,1.0,29.0,5.0,10.0,176642369.0,3.0,20558.0,poseidon,condorpool,poseidon-worker-2-container-0-3,point_alert,/opt/pointAlert/pointAlert,,0.0,0,0,,,,,,,,,
stage_out_local_condorpool_2_0,None,transfer,0,1694381360.0,,,1694381365.0,,,0.0,1694381366.0,1694381375.0,,,0.0,1694381375.0,1694381380.0,5.0,,1.0,9.0,5.0,,,,,poseidon,local,poseidon-submit,pegasus::transfer,/mnt/poseidon-data/poseidon/pegasus-5.1.0panorama/bin/pegasus-transfer,/home/poseidon/pegasus-5.1.0panorama/bin/../bin/pegasus-kickstart  -n pegasus::transfer -N null -i - -R local  -L casa-wind-full -T 2023-09-08T07:29:05+00:00 /home/poseidon/pegasus-5.1.0panorama/bin/../bin/pegasus-transfer  --threads 2,0.9,0,0,,,,,,,,,
point_alert_ID0000085,None,compute,0,1694381375.0,,,1694381380.0,1694381383.0,1694381394.0,29550825.0,1694381382.0,1694381410.0,1694381400.0,1694381403.0,6808.0,1694381410.0,1694381415.0,5.0,,2.0,28.0,5.0,11.0,176655981.0,3.0,21118.0,poseidon,condorpool,poseidon-worker-2-container-36-39,point_alert,/opt/pointAlert/pointAlert,,0.0,0,0,,,,,,,,,
point_alert_ID0000100,None,compute,0,1694381375.0,,,1694381380.0,1694381384.0,1694381395.0,35325554.4,1694381382.0,1694381410.0,1694381400.0,1694381403.0,6556.0,1694381410.0,1694381415.0,5.0,,2.0,28.0,5.0,11.0,176658101.0,3.0,20638.0,poseidon,condorpool,poseidon-worker-2-container-32-35,point_alert,/opt/pointAlert/pointAlert,,0.0,0,0,,,,,,,,,
point_alert_ID0000055,cpu_2,compute,0,1694381375.0,,,1694381380.0,1694381384.0,1694381395.0,33618317.0,1694381382.0,1694381410.0,1694381400.0,1694381403.0,6553.0,1694381410.0,1694381415.0,5.0,,2.0,28.0,5.0,11.0,176636535.0,3.0,20638.0,poseidon,condorpool,poseidon-worker-2-container-44-47,point_alert,/opt/pointAlert/pointAlert,,0.0,0,0,,,,,,,,,
stage_out_local_condorpool_2_4,None,transfer,0,1694381375.0,,,1694381380.0,,,0.0,1694381381.0,1694381385.0,,,0.0,1694381385.0,1694381390.0,5.0,,1.0,4.0,5.0,,,,,poseidon,local,poseidon-submit,pegasus::transfer,/mnt/poseidon-data/poseidon/pegasus-5.1.0panorama/bin/pegasus-transfer,/home/poseidon/pegasus-5.1.0panorama/bin/../bin/pegasus-kickstart  -n pegasus::transfer -N null -i - -R local  -L casa-wind-full -T 2023-09-08T07:29:05+00:00 /home/poseidon/pegasus-5.1.0panorama/bin/../bin/pegasus-transfer  --threads 2,0.9,0,0,,,,,,,,,
point_alert_ID0000065,None,compute,0,1694381375.0,,,1694381380.0,1694381383.0,1694381394.0,29768834.0,1694381382.0,1694381410.0,1694381400.0,1694381403.0,6482.0,1694381410.0,1694381415.0,5.0,,2.0,28.0,5.0,11.0,176639131.0,3.0,20238.0,poseidon,condorpool,poseidon-worker-2-container-28-31,point_alert,/opt/pointAlert/pointAlert,,0.0,0,0,,,,,,,,,
point_alert_ID0000005,None,compute,0,1694381375.0,,,1694381380.0,1694381384.0,1694381395.0,27784672.0,1694381382.0,1694381410.0,1694381401.0,1694381404.0,6483.0,1694381410.0,1694381415.0,5.0,,2.0,28.0,5.0,11.0,176636764.0,3.0,20398.0,poseidon,condorpool,poseidon-worker-1-container-36-39,point_alert,/opt/pointAlert/pointAlert,,0.0,0,0,,,,,,,,,
point_alert_ID0000060,None,compute,0,1694381375.0,,,1694381380.0,1694381383.0,1694381394.0,35254517.0,1694381382.0,1694381410.0,1694381400.0,1694381403.0,6561.0,1694381410.0,1694381415.0,5.0,,2.0,28.0,5.0,11.0,176636147.0,3.0,20878.0,poseidon,condorpool,poseidon-worker-2-container-24-27,point_alert,/opt/pointAlert/pointAlert,,0.0,0,0,,,,,,,,,
point_alert_ID0000105,None,compute,0,1694381375.0,,,1694381380.0,1694381384.0,1694381395.0,29563056.5,1694381382.0,1694381410.0,1694381400.0,1694381403.0,6751.0,1694381410.0,1694381415.0,5.0,,2.0,28.0,5.0,11.0,176667573.0,3.0,21278.0,poseidon,condorpool,poseidon-worker-1-container-0-3,point_alert,/opt/pointAlert/pointAlert,,0.0,0,0,,,,,,,,,
point_alert_ID0000125,None,compute,0,1694381375.0,,,1694381380.0,1694381384.0,1694381395.0,29527090.5,1694381382.0,1694381410.0,1694381400.0,1694381403.0,7208.0,1694381410.0,1694381415.0,5.0,,2.0,28.0,5.0,11.0,176678547.0,3.0,22878.0,poseidon,condorpool,poseidon-worker-2-container-16-19,point_alert,/opt/pointAlert/pointAlert,,0.0,0,0,,,,,,,,,
stage_out_local_condorpool_2_2,None,transfer,0,1694381375.0,,,1694381380.0,,,0.0,1694381381.0,1694381385.0,,,0.0,1694381385.0,1694381390.0,5.0,,1.0,4.0,5.0,,,,,poseidon,local,poseidon-submit,pegasus::transfer,/mnt/poseidon-data/poseidon/pegasus-5.1.0panorama/bin/pegasus-transfer,/home/poseidon/pegasus-5.1.0panorama/bin/../bin/pegasus-kickstart  -n pegasus::transfer -N null -i - -R local  -L casa-wind-full -T 2023-09-08T07:29:05+00:00 /home/poseidon/pegasus-5.1.0panorama/bin/../bin/pegasus-transfer  --threads 2,1.0,0,0,,,,,,,,,
point_alert_ID0000070,None,compute,0,1694381375.0,,,1694381380.0,1694381384.0,1694381395.0,28325186.8,1694381382.0,1694381410.0,1694381401.0,1694381404.0,6553.0,1694381410.0,1694381415.0,5.0,,2.0,28.0,5.0,11.0,176643292.0,3.0,20558.0,poseidon,condorpool,poseidon-worker-2-container-4-7,point_alert,/opt/pointAlert/pointAlert,,0.0,0,0,,,,,,,,,
point_alert_ID0000115,None,compute,0,1694381375.0,,,1694381380.0,1694381383.0,1694381394.0,34706768.4,1694381382.0,1694381410.0,1694381400.0,1694381403.0,6882.0,1694381410.0,1694381415.0,5.0,,2.0,28.0,5.0,11.0,176681217.0,3.0,21598.0,poseidon,condorpool,poseidon-worker-2-container-8-11,point_alert,/opt/pointAlert/pointAlert,,0.0,0,0,,,,,,,,,
point_alert_ID0000035,None,compute,0,1694381375.0,,,1694381380.0,1694381383.0,1694381394.0,31994616.0,1694381382.0,1694381410.0,1694381400.0,1694381403.0,6329.0,1694381410.0,1694381415.0,5.0,,2.0,28.0,5.0,11.0,176638959.0,3.0,20078.0,poseidon,condorpool,poseidon-worker-1-container-44-47,point_alert,/opt/pointAlert/pointAlert,,0.0,0,0,,,,,,,,,
point_alert_ID0000080,None,compute,0,1694381375.0,,,1694381380.0,1694381383.0,1694381394.0,29894527.0,1694381382.0,1694381410.0,1694381399.0,1694381403.0,6488.0,1694381410.0,1694381415.0,5.0,,2.0,28.0,5.0,11.0,176653320.0,4.0,20718.0,poseidon,condorpool,poseidon-worker-1-container-16-19,point_alert,/opt/pointAlert/pointAlert,,0.0,0,0,,,,,,,,,
stage_out_local_condorpool_2_1,None,transfer,0,1694381375.0,,,1694381380.0,,,0.0,1694381381.0,1694381385.0,,,0.0,1694381385.0,1694381390.0,5.0,,1.0,4.0,5.0,,,,,poseidon,local,poseidon-submit,pegasus::transfer,/mnt/poseidon-data/poseidon/pegasus-5.1.0panorama/bin/pegasus-transfer,/home/poseidon/pegasus-5.1.0panorama/bin/../bin/pegasus-kickstart  -n pegasus::transfer -N null -i - -R local  -L casa-wind-full -T 2023-09-08T07:29:05+00:00 /home/poseidon/pegasus-5.1.0panorama/bin/../bin/pegasus-transfer  --threads 2,1.0,0,0,,,,,,,,,
stage_out_local_condorpool_2_3,None,transfer,0,1694381375.0,,,1694381380.0,,,0.0,1694381381.0,1694381385.0,,,0.0,1694381385.0,1694381390.0,5.0,,1.0,4.0,5.0,,,,,poseidon,local,poseidon-submit,pegasus::transfer,/mnt/poseidon-data/poseidon/pegasus-5.1.0panorama/bin/pegasus-transfer,/home/poseidon/pegasus-5.1.0panorama/bin/../bin/pegasus-kickstart  -n pegasus::transfer -N null -i - -R local  -L casa-wind-full -T 2023-09-08T07:29:05+00:00 /home/poseidon/pegasus-5.1.0panorama/bin/../bin/pegasus-transfer  --threads 2,1.0,0,0,,,,,,,,,
register_condorpool_2_0,None,auxiliary,0,1694381380.0,,,1694381385.0,,,0.0,1694381386.0,1694381390.0,,,0.0,1694381390.0,1694381395.0,5.0,,1.0,4.0,5.0,,,,,poseidon,local,poseidon-submit,pegasus::rc-client,/mnt/poseidon-data/poseidon/pegasus-5.1.0panorama/bin/pegasus-rc-client,"-n pegasus::rc-client -N null -R local  -L casa-wind-full -T 2023-09-08T07:29:05+00:00 /home/poseidon/pegasus-5.1.0panorama/bin/pegasus-rc-client --prefix pegasus.catalog.replica.output --conf /mnt/poseidon-data/poseidon/workflows/casa-wind-workflow-full/submit/poseidon/pegasus/casa-wind-full/run0212/pegasus.1230141180190172005.properties -v --meta /mnt/poseidon-data/poseidon/workflows/casa-wind-workflow-full/submit/poseidon/pegasus/casa-wind-full/run0212/00/01/post_vel_ID0000123.meta,/mnt/poseidon-data/poseidon/workflows/casa-wind-workflow-full/submit/poseidon/pegasus/casa-wind-full/run0212/00/02/mvt_ID0000044.meta,/mnt/poseidon-data/poseidon/workflows/casa-wind-workflow-full/submit/poseidon/pegasus/casa-wind-full/run0212/00/01/post_vel_ID0000023.meta,/mnt/poseidon-data/poseidon/workflows/casa-wind-workflow-full/submit/poseidon/pegasus/casa-wind-full/run0212/00/01/mvt_ID0000129.meta,/mnt/poseidon-data/poseidon/workflows/casa-wind-workflow-full/submit/poseidon/pegasus/casa-wind-full/run0212/00/01/post_vel_ID0000068.meta,/mnt/poseidon-data/poseidon/workflows/casa-wind-workflow-full/submit/poseidon/pegasus/casa-wind-full/run0212/00/01/mvt_ID0000029.meta,/mnt/poseidon-data/poseidon/workflows/casa-wind-workflow-full/submit/poseidon/pegasus/casa-wind-full/run0212/00/01/post_vel_ID0000093.meta,/mnt/poseidon-data/poseidon/workflows/casa-wind-workflow-full/submit/poseidon/pegasus/casa-wind-full/run0212/00/02/post_vel_ID0000078.meta,/mnt/poseidon-data/poseidon/workflows/casa-wind-workflow-full/submit/poseidon/pegasus/casa-wind-full/run0212/00/02/post_vel_ID0000058.meta --insert /mnt/poseidon-data/poseidon/workflows/casa-wind-workflow-full/submit/poseidon/pegasus/casa-wind-full/run0212/00/02/register_condorpool_2_0.in",2.7,0,0,,,,,,,,,
stage_out_local_condorpool_2_5,None,transfer,0,1694381380.0,,,1694381385.0,,,0.0,1694381386.0,1694381395.0,,,0.0,1694381395.0,1694381400.0,5.0,,1.0,9.0,5.0,,,,,poseidon,local,poseidon-submit,pegasus::transfer,/mnt/poseidon-data/poseidon/pegasus-5.1.0panorama/bin/pegasus-transfer,/home/poseidon/pegasus-5.1.0panorama/bin/../bin/pegasus-kickstart  -n pegasus::transfer -N null -i - -R local  -L casa-wind-full -T 2023-09-08T07:29:05+00:00 /home/poseidon/pegasus-5.1.0panorama/bin/../bin/pegasus-transfer  --threads 2,0.9,0,0,,,,,,,,,
point_alert_ID0000015,None,compute,0,1694381380.0,,,1694381385.0,1694381388.0,1694381400.0,34237179.6,1694381387.0,1694381415.0,1694381405.0,1694381408.0,6663.0,1694381415.0,1694381420.0,5.0,,2.0,28.0,5.0,12.0,176639974.0,3.0,20558.0,poseidon,condorpool,poseidon-worker-1-container-36-39,point_alert,/opt/pointAlert/pointAlert,,0.0,0,0,,,,,,,,,
register_condorpool_2_1,None,auxiliary,0,1694381390.0,,,1694381405.0,,,0.0,1694381406.0,1694381410.0,,,0.0,1694381410.0,1694381415.0,15.0,,1.0,4.0,5.0,,,,,poseidon,local,poseidon-submit,pegasus::rc-client,/mnt/poseidon-data/poseidon/pegasus-5.1.0panorama/bin/pegasus-rc-client,"-n pegasus::rc-client -N null -R local  -L casa-wind-full -T 2023-09-08T07:29:05+00:00 /home/poseidon/pegasus-5.1.0panorama/bin/pegasus-rc-client --prefix pegasus.catalog.replica.output --conf /mnt/poseidon-data/poseidon/workflows/casa-wind-workflow-full/submit/poseidon/pegasus/casa-wind-full/run0212/pegasus.1230141180190172005.properties -v --meta /mnt/poseidon-data/poseidon/workflows/casa-wind-workflow-full/submit/poseidon/pegasus/casa-wind-full/run0212/00/02/post_vel_ID0000043.meta,/mnt/poseidon-data/poseidon/workflows/casa-wind-workflow-full/submit/poseidon/pegasus/casa-wind-full/run0212/00/01/mvt_ID0000069.meta,/mnt/poseidon-data/poseidon/workflows/casa-wind-workflow-full/submit/poseidon/pegasus/casa-wind-full/run0212/00/01/post_vel_ID0000128.meta,/mnt/poseidon-data/poseidon/workflows/casa-wind-workflow-full/submit/poseidon/pegasus/casa-wind-full/run0212/00/02/mvt_ID0000059.meta,/mnt/poseidon-data/poseidon/workflows/casa-wind-workflow-full/submit/poseidon/pegasus/casa-wind-full/run0212/00/01/post_vel_ID0000028.meta,/mnt/poseidon-data/poseidon/workflows/casa-wind-workflow-full/submit/poseidon/pegasus/casa-wind-full/run0212/00/02/mvt_ID0000079.meta,/mnt/poseidon-data/poseidon/workflows/casa-wind-workflow-full/submit/poseidon/pegasus/casa-wind-full/run0212/00/01/mvt_ID0000124.meta,/mnt/poseidon-data/poseidon/workflows/casa-wind-workflow-full/submit/poseidon/pegasus/casa-wind-full/run0212/00/01/mvt_ID0000024.meta,/mnt/poseidon-data/poseidon/workflows/casa-wind-workflow-full/submit/poseidon/pegasus/casa-wind-full/run0212/00/01/mvt_ID0000094.meta --insert /mnt/poseidon-data/poseidon/workflows/casa-wind-workflow-full/submit/poseidon/pegasus/casa-wind-full/run0212/00/02/register_condorpool_2_1.in",2.6,0,0,,,,,,,,,
register_condorpool_2_4,None,auxiliary,0,1694381390.0,,,1694381415.0,,,0.0,1694381415.0,1694381420.0,,,0.0,1694381420.0,1694381425.0,25.0,,0.0,5.0,5.0,,,,,poseidon,local,poseidon-submit,pegasus::rc-client,/mnt/poseidon-data/poseidon/pegasus-5.1.0panorama/bin/pegasus-rc-client,"-n pegasus::rc-client -N null -R local  -L casa-wind-full -T 2023-09-08T07:29:05+00:00 /home/poseidon/pegasus-5.1.0panorama/bin/pegasus-rc-client --prefix pegasus.catalog.replica.output --conf /mnt/poseidon-data/poseidon/workflows/casa-wind-workflow-full/submit/poseidon/pegasus/casa-wind-full/run0212/pegasus.1230141180190172005.properties -v --meta /mnt/poseidon-data/poseidon/workflows/casa-wind-workflow-full/submit/poseidon/pegasus/casa-wind-full/run0212/00/01/post_vel_ID0000003.meta,/mnt/poseidon-data/poseidon/workflows/casa-wind-workflow-full/submit/poseidon/pegasus/casa-wind-full/run0212/00/02/mvt_ID0000054.meta,/mnt/poseidon-data/poseidon/workflows/casa-wind-workflow-full/submit/poseidon/pegasus/casa-wind-full/run0212/00/01/post_vel_ID0000063.meta,/mnt/poseidon-data/poseidon/workflows/casa-wind-workflow-full/submit/poseidon/pegasus/casa-wind-full/run0212/00/01/post_vel_ID0000013.meta,/mnt/poseidon-data/poseidon/workflows/casa-wind-workflow-full/submit/poseidon/pegasus/casa-wind-full/run0212/00/02/post_vel_ID0000113.meta,/mnt/poseidon-data/poseidon/workflows/casa-wind-workflow-full/submit/poseidon/pegasus/casa-wind-full/run0212/00/01/post_vel_ID0000118.meta,/mnt/poseidon-data/poseidon/workflows/casa-wind-workflow-full/submit/poseidon/pegasus/casa-wind-full/run0212/00/01/post_vel_ID0000033.meta,/mnt/poseidon-data/poseidon/workflows/casa-wind-workflow-full/submit/poseidon/pegasus/casa-wind-full/run0212/00/02/post_vel_ID0000108.meta --insert /mnt/poseidon-data/poseidon/workflows/casa-wind-workflow-full/submit/poseidon/pegasus/casa-wind-full/run0212/00/02/register_condorpool_2_4.in",2.7,0,0,,,,,,,,,
register_condorpool_2_2,None,auxiliary,0,1694381390.0,,,1694381395.0,,,0.0,1694381395.0,1694381400.0,,,0.0,1694381400.0,1694381405.0,5.0,,0.0,5.0,5.0,,,,,poseidon,local,poseidon-submit,pegasus::rc-client,/mnt/poseidon-data/poseidon/pegasus-5.1.0panorama/bin/pegasus-rc-client,"-n pegasus::rc-client -N null -R local  -L casa-wind-full -T 2023-09-08T07:29:05+00:00 /home/poseidon/pegasus-5.1.0panorama/bin/pegasus-rc-client --prefix pegasus.catalog.replica.output --conf /mnt/poseidon-data/poseidon/workflows/casa-wind-workflow-full/submit/poseidon/pegasus/casa-wind-full/run0212/pegasus.1230141180190172005.properties -v --meta /mnt/poseidon-data/poseidon/workflows/casa-wind-workflow-full/submit/poseidon/pegasus/casa-wind-full/run0212/00/01/post_vel_ID0000088.meta,/mnt/poseidon-data/poseidon/workflows/casa-wind-workflow-full/submit/poseidon/pegasus/casa-wind-full/run0212/00/01/mvt_ID0000099.meta,/mnt/poseidon-data/poseidon/workflows/casa-wind-workflow-full/submit/poseidon/pegasus/casa-wind-full/run0212/00/02/mvt_ID0000049.meta,/mnt/poseidon-data/poseidon/workflows/casa-wind-workflow-full/submit/poseidon/pegasus/casa-wind-full/run0212/00/02/mvt_ID0000104.meta,/mnt/poseidon-data/poseidon/workflows/casa-wind-workflow-full/submit/poseidon/pegasus/casa-wind-full/run0212/00/01/mvt_ID0000019.meta,/mnt/poseidon-data/poseidon/workflows/casa-wind-workflow-full/submit/poseidon/pegasus/casa-wind-full/run0212/00/01/post_vel_ID0000083.meta,/mnt/poseidon-data/poseidon/workflows/casa-wind-workflow-full/submit/poseidon/pegasus/casa-wind-full/run0212/00/01/post_vel_ID0000008.meta,/mnt/poseidon-data/poseidon/workflows/casa-wind-workflow-full/submit/poseidon/pegasus/casa-wind-full/run0212/00/02/mvt_ID0000039.meta,/mnt/poseidon-data/poseidon/workflows/casa-wind-workflow-full/submit/poseidon/pegasus/casa-wind-full/run0212/00/02/post_vel_ID0000073.meta --insert /mnt/poseidon-data/poseidon/workflows/casa-wind-workflow-full/submit/poseidon/pegasus/casa-wind-full/run0212/00/02/register_condorpool_2_2.in",2.7,0,0,,,,,,,,,
register_condorpool_2_3,None,auxiliary,0,1694381390.0,,,1694381425.0,,,0.0,1694381426.0,1694381430.0,,,0.0,1694381430.0,1694381435.0,35.0,,1.0,4.0,5.0,,,,,poseidon,local,poseidon-submit,pegasus::rc-client,/mnt/poseidon-data/poseidon/pegasus-5.1.0panorama/bin/pegasus-rc-client,"-n pegasus::rc-client -N null -R local  -L casa-wind-full -T 2023-09-08T07:29:05+00:00 /home/poseidon/pegasus-5.1.0panorama/bin/pegasus-rc-client --prefix pegasus.catalog.replica.output --conf /mnt/poseidon-data/poseidon/workflows/casa-wind-workflow-full/submit/poseidon/pegasus/casa-wind-full/run0212/pegasus.1230141180190172005.properties -v --meta /mnt/poseidon-data/poseidon/workflows/casa-wind-workflow-full/submit/poseidon/pegasus/casa-wind-full/run0212/00/01/post_vel_ID0000018.meta,/mnt/poseidon-data/poseidon/workflows/casa-wind-workflow-full/submit/poseidon/pegasus/casa-wind-full/run0212/00/01/post_vel_ID0000098.meta,/mnt/poseidon-data/poseidon/workflows/casa-wind-workflow-full/submit/poseidon/pegasus/casa-wind-full/run0212/00/01/mvt_ID0000009.meta,/mnt/poseidon-data/poseidon/workflows/casa-wind-workflow-full/submit/poseidon/pegasus/casa-wind-full/run0212/00/02/post_vel_ID0000038.meta,/mnt/poseidon-data/poseidon/workflows/casa-wind-workflow-full/submit/poseidon/pegasus/casa-wind-full/run0212/00/02/post_vel_ID0000048.meta,/mnt/poseidon-data/poseidon/workflows/casa-wind-workflow-full/submit/poseidon/pegasus/casa-wind-full/run0212/00/02/mvt_ID0000074.meta,/mnt/poseidon-data/poseidon/workflows/casa-wind-workflow-full/submit/poseidon/pegasus/casa-wind-full/run0212/00/01/mvt_ID0000089.meta,/mnt/poseidon-data/poseidon/workflows/casa-wind-workflow-full/submit/poseidon/pegasus/casa-wind-full/run0212/00/02/post_vel_ID0000103.meta,/mnt/poseidon-data/poseidon/workflows/casa-wind-workflow-full/submit/poseidon/pegasus/casa-wind-full/run0212/00/01/mvt_ID0000084.meta --insert /mnt/poseidon-data/poseidon/workflows/casa-wind-workflow-full/submit/poseidon/pegasus/casa-wind-full/run0212/00/02/register_condorpool_2_3.in",2.7,0,0,,,,,,,,,
register_condorpool_2_5,None,auxiliary,0,1694381400.0,,,1694381465.0,,,0.0,1694381466.0,1694381470.0,,,0.0,1694381470.0,1694381475.0,65.0,,1.0,4.0,5.0,,,,,poseidon,local,poseidon-submit,pegasus::rc-client,/mnt/poseidon-data/poseidon/pegasus-5.1.0panorama/bin/pegasus-rc-client,"-n pegasus::rc-client -N null -R local  -L casa-wind-full -T 2023-09-08T07:29:05+00:00 /home/poseidon/pegasus-5.1.0panorama/bin/pegasus-rc-client --prefix pegasus.catalog.replica.output --conf /mnt/poseidon-data/poseidon/workflows/casa-wind-workflow-full/submit/poseidon/pegasus/casa-wind-full/run0212/pegasus.1230141180190172005.properties -v --meta /mnt/poseidon-data/poseidon/workflows/casa-wind-workflow-full/submit/poseidon/pegasus/casa-wind-full/run0212/00/02/mvt_ID0000114.meta,/mnt/poseidon-data/poseidon/workflows/casa-wind-workflow-full/submit/poseidon/pegasus/casa-wind-full/run0212/00/02/post_vel_ID0000053.meta,/mnt/poseidon-data/poseidon/workflows/casa-wind-workflow-full/submit/poseidon/pegasus/casa-wind-full/run0212/00/01/mvt_ID0000014.meta,/mnt/poseidon-data/poseidon/workflows/casa-wind-workflow-full/submit/poseidon/pegasus/casa-wind-full/run0212/00/01/mvt_ID0000064.meta,/mnt/poseidon-data/poseidon/workflows/casa-wind-workflow-full/submit/poseidon/pegasus/casa-wind-full/run0212/00/01/mvt_ID0000034.meta,/mnt/poseidon-data/poseidon/workflows/casa-wind-workflow-full/submit/poseidon/pegasus/casa-wind-full/run0212/00/02/mvt_ID0000109.meta,/mnt/poseidon-data/poseidon/workflows/casa-wind-workflow-full/submit/poseidon/pegasus/casa-wind-full/run0212/00/01/mvt_ID0000004.meta,/mnt/poseidon-data/poseidon/workflows/casa-wind-workflow-full/submit/poseidon/pegasus/casa-wind-full/run0212/00/01/mvt_ID0000119.meta --insert /mnt/poseidon-data/poseidon/workflows/casa-wind-workflow-full/submit/poseidon/pegasus/casa-wind-full/run0212/00/02/register_condorpool_2_5.in",2.7,0,0,,,,,,,,,
stage_out_local_condorpool_3_0,None,transfer,0,1694381415.0,,,1694381420.0,,,0.0,1694381420.0,1694381425.0,,,0.0,1694381425.0,1694381430.0,5.0,,0.0,5.0,5.0,,,,,poseidon,local,poseidon-submit,pegasus::transfer,/mnt/poseidon-data/poseidon/pegasus-5.1.0panorama/bin/pegasus-transfer,/home/poseidon/pegasus-5.1.0panorama/bin/../bin/pegasus-kickstart  -n pegasus::transfer -N null -i - -R local  -L casa-wind-full -T 2023-09-08T07:29:05+00:00 /home/poseidon/pegasus-5.1.0panorama/bin/../bin/pegasus-transfer  --threads 2,1.0,0,0,,,,,,,,,
stage_out_local_condorpool_3_1,None,transfer,0,1694381415.0,,,1694381420.0,,,0.0,1694381420.0,1694381425.0,,,0.0,1694381425.0,1694381430.0,5.0,,0.0,5.0,5.0,,,,,poseidon,local,poseidon-submit,pegasus::transfer,/mnt/poseidon-data/poseidon/pegasus-5.1.0panorama/bin/pegasus-transfer,/home/poseidon/pegasus-5.1.0panorama/bin/../bin/pegasus-kickstart  -n pegasus::transfer -N null -i - -R local  -L casa-wind-full -T 2023-09-08T07:29:05+00:00 /home/poseidon/pegasus-5.1.0panorama/bin/../bin/pegasus-transfer  --threads 2,1.0,0,0,,,,,,,,,
stage_out_local_condorpool_3_2,None,transfer,0,1694381420.0,,,1694381425.0,,,0.0,1694381426.0,1694381430.0,,,0.0,1694381430.0,1694381435.0,5.0,,1.0,4.0,5.0,,,,,poseidon,local,poseidon-submit,pegasus::transfer,/mnt/poseidon-data/poseidon/pegasus-5.1.0panorama/bin/pegasus-transfer,/home/poseidon/pegasus-5.1.0panorama/bin/../bin/pegasus-kickstart  -n pegasus::transfer -N null -i - -R local  -L casa-wind-full -T 2023-09-08T07:29:05+00:00 /home/poseidon/pegasus-5.1.0panorama/bin/../bin/pegasus-transfer  --threads 2,0.9,0,0,,,,,,,,,
register_condorpool_3_0,None,auxiliary,0,1694381430.0,,,1694381455.0,,,0.0,1694381456.0,1694381460.0,,,0.0,1694381460.0,1694381465.0,25.0,,1.0,4.0,5.0,,,,,poseidon,local,poseidon-submit,pegasus::rc-client,/mnt/poseidon-data/poseidon/pegasus-5.1.0panorama/bin/pegasus-rc-client,"-n pegasus::rc-client -N null -R local  -L casa-wind-full -T 2023-09-08T07:29:05+00:00 /home/poseidon/pegasus-5.1.0panorama/bin/pegasus-rc-client --prefix pegasus.catalog.replica.output --conf /mnt/poseidon-data/poseidon/workflows/casa-wind-workflow-full/submit/poseidon/pegasus/casa-wind-full/run0212/pegasus.1230141180190172005.properties -v --meta /mnt/poseidon-data/poseidon/workflows/casa-wind-workflow-full/submit/poseidon/pegasus/casa-wind-full/run0212/00/02/point_alert_ID0000095.meta,/mnt/poseidon-data/poseidon/workflows/casa-wind-workflow-full/submit/poseidon/pegasus/casa-wind-full/run0212/00/02/point_alert_ID0000130.meta,/mnt/poseidon-data/poseidon/workflows/casa-wind-workflow-full/submit/poseidon/pegasus/casa-wind-full/run0212/00/02/point_alert_ID0000125.meta,/mnt/poseidon-data/poseidon/workflows/casa-wind-workflow-full/submit/poseidon/pegasus/casa-wind-full/run0212/00/02/point_alert_ID0000030.meta,/mnt/poseidon-data/poseidon/workflows/casa-wind-workflow-full/submit/poseidon/pegasus/casa-wind-full/run0212/00/03/point_alert_ID0000060.meta,/mnt/poseidon-data/poseidon/workflows/casa-wind-workflow-full/submit/poseidon/pegasus/casa-wind-full/run0212/00/02/point_alert_ID0000025.meta,/mnt/poseidon-data/poseidon/workflows/casa-wind-workflow-full/submit/poseidon/pegasus/casa-wind-full/run0212/00/02/point_alert_ID0000070.meta,/mnt/poseidon-data/poseidon/workflows/casa-wind-workflow-full/submit/poseidon/pegasus/casa-wind-full/run0212/00/02/point_alert_ID0000080.meta,/mnt/poseidon-data/poseidon/workflows/casa-wind-workflow-full/submit/poseidon/pegasus/casa-wind-full/run0212/00/03/point_alert_ID0000045.meta --insert /mnt/poseidon-data/poseidon/workflows/casa-wind-workflow-full/submit/poseidon/pegasus/casa-wind-full/run0212/00/03/register_condorpool_3_0.in",2.6,0,0,,,,,,,,,
register_condorpool_3_1,None,auxiliary,0,1694381430.0,,,1694381435.0,,,0.0,1694381435.0,1694381440.0,,,0.0,1694381440.0,1694381445.0,5.0,,0.0,5.0,5.0,,,,,poseidon,local,poseidon-submit,pegasus::rc-client,/mnt/poseidon-data/poseidon/pegasus-5.1.0panorama/bin/pegasus-rc-client,"-n pegasus::rc-client -N null -R local  -L casa-wind-full -T 2023-09-08T07:29:05+00:00 /home/poseidon/pegasus-5.1.0panorama/bin/pegasus-rc-client --prefix pegasus.catalog.replica.output --conf /mnt/poseidon-data/poseidon/workflows/casa-wind-workflow-full/submit/poseidon/pegasus/casa-wind-full/run0212/pegasus.1230141180190172005.properties -v --meta /mnt/poseidon-data/poseidon/workflows/casa-wind-workflow-full/submit/poseidon/pegasus/casa-wind-full/run0212/00/02/point_alert_ID0000075.meta,/mnt/poseidon-data/poseidon/workflows/casa-wind-workflow-full/submit/poseidon/pegasus/casa-wind-full/run0212/00/02/point_alert_ID0000100.meta,/mnt/poseidon-data/poseidon/workflows/casa-wind-workflow-full/submit/poseidon/pegasus/casa-wind-full/run0212/00/02/point_alert_ID0000020.meta,/mnt/poseidon-data/poseidon/workflows/casa-wind-workflow-full/submit/poseidon/pegasus/casa-wind-full/run0212/00/02/point_alert_ID0000090.meta,/mnt/poseidon-data/poseidon/workflows/casa-wind-workflow-full/submit/poseidon/pegasus/casa-wind-full/run0212/00/03/point_alert_ID0000105.meta,/mnt/poseidon-data/poseidon/workflows/casa-wind-workflow-full/submit/poseidon/pegasus/casa-wind-full/run0212/00/02/point_alert_ID0000010.meta,/mnt/poseidon-data/poseidon/workflows/casa-wind-workflow-full/submit/poseidon/pegasus/casa-wind-full/run0212/00/03/point_alert_ID0000050.meta,/mnt/poseidon-data/poseidon/workflows/casa-wind-workflow-full/submit/poseidon/pegasus/casa-wind-full/run0212/00/02/point_alert_ID0000085.meta,/mnt/poseidon-data/poseidon/workflows/casa-wind-workflow-full/submit/poseidon/pegasus/casa-wind-full/run0212/00/03/point_alert_ID0000040.meta --insert /mnt/poseidon-data/poseidon/workflows/casa-wind-workflow-full/submit/poseidon/pegasus/casa-wind-full/run0212/00/03/register_condorpool_3_1.in",2.7,0,0,,,,,,,,,
cleanup_casa-wind-full_0_condorpool,None,auxiliary,0,1694381435.0,,,1694381440.0,,,0.0,1694381440.0,1694381445.0,,,0.0,1694381445.0,1694381450.0,5.0,,0.0,5.0,5.0,,,,,poseidon,local,poseidon-submit,pegasus::cleanup,/mnt/poseidon-data/poseidon/pegasus-5.1.0panorama/bin/pegasus-transfer,pegasus-kickstart  -n pegasus::cleanup -N null -i - -R local  -L casa-wind-full -T 2023-09-08T07:29:05+00:00 pegasus-transfer,0.2,0,0,,,,,,,,,
register_condorpool_3_2,None,auxiliary,0,1694381435.0,,,1694381445.0,,,0.0,1694381445.0,1694381450.0,,,0.0,1694381450.0,1694381455.0,10.0,,0.0,5.0,5.0,,,,,poseidon,local,poseidon-submit,pegasus::rc-client,/mnt/poseidon-data/poseidon/pegasus-5.1.0panorama/bin/pegasus-rc-client,"-n pegasus::rc-client -N null -R local  -L casa-wind-full -T 2023-09-08T07:29:05+00:00 /home/poseidon/pegasus-5.1.0panorama/bin/pegasus-rc-client --prefix pegasus.catalog.replica.output --conf /mnt/poseidon-data/poseidon/workflows/casa-wind-workflow-full/submit/poseidon/pegasus/casa-wind-full/run0212/pegasus.1230141180190172005.properties -v --meta /mnt/poseidon-data/poseidon/workflows/casa-wind-workflow-full/submit/poseidon/pegasus/casa-wind-full/run0212/00/02/point_alert_ID0000035.meta,/mnt/poseidon-data/poseidon/workflows/casa-wind-workflow-full/submit/poseidon/pegasus/casa-wind-full/run0212/00/03/point_alert_ID0000055.meta,/mnt/poseidon-data/poseidon/workflows/casa-wind-workflow-full/submit/poseidon/pegasus/casa-wind-full/run0212/00/03/point_alert_ID0000110.meta,/mnt/poseidon-data/poseidon/workflows/casa-wind-workflow-full/submit/poseidon/pegasus/casa-wind-full/run0212/00/02/point_alert_ID0000015.meta,/mnt/poseidon-data/poseidon/workflows/casa-wind-workflow-full/submit/poseidon/pegasus/casa-wind-full/run0212/00/02/point_alert_ID0000005.meta,/mnt/poseidon-data/poseidon/workflows/casa-wind-workflow-full/submit/poseidon/pegasus/casa-wind-full/run0212/00/02/point_alert_ID0000065.meta,/mnt/poseidon-data/poseidon/workflows/casa-wind-workflow-full/submit/poseidon/pegasus/casa-wind-full/run0212/00/02/point_alert_ID0000115.meta,/mnt/poseidon-data/poseidon/workflows/casa-wind-workflow-full/submit/poseidon/pegasus/casa-wind-full/run0212/00/02/point_alert_ID0000120.meta --insert /mnt/poseidon-data/poseidon/workflows/casa-wind-workflow-full/submit/poseidon/pegasus/casa-wind-full/run0212/00/03/register_condorpool_3_2.in",2.6,0,0,,,,,,,,,
