,anomaly_type,type,is_clustered,ready,pre_script_start,pre_script_end,submit,stage_in_start,stage_in_end,stage_in_effective_bytes_per_sec,execute_start,execute_end,stage_out_start,stage_out_end,stage_out_effective_bytes_per_sec,post_script_start,post_script_end,wms_delay,pre_script_delay,queue_delay,runtime,post_script_delay,stage_in_delay,stage_in_bytes,stage_out_delay,stage_out_bytes,kickstart_user,kickstart_site,kickstart_hostname,kickstart_transformations,kickstart_executables,kickstart_executables_argv,kickstart_executables_cpu_time,kickstart_status,kickstart_executables_exitcode,kickstart_online_iowait,kickstart_online_bytes_read,kickstart_online_bytes_written,kickstart_online_read_system_calls,kickstart_online_write_system_calls,kickstart_online_utime,kickstart_online_stime,kickstart_online_bytes_read_per_second,kickstart_online_bytes_written_per_second
create_dir_eht-smili_0_condorpool,None,auxiliary,0,1714937051.0,,,1714937052.0,,,0.0,1714937056.0,1714937062.0,,,0.0,1714937062.0,1714937067.0,1.0,,4.0,6.0,5.0,,,,,poseidon,local,poseidon-submit,pegasus::dirmanager,/mnt/poseidon-data/poseidon/pegasus-5.1.0panorama/bin/pegasus-transfer,pegasus-kickstart  -n pegasus::dirmanager -N null -i - -R local  -L eht-smili -T 2024-04-11T00:03:48+00:00 pegasus-transfer,0.2,0,0,,,,,,,,,
smili_imaging_pipeline_ID0000008,cpu_3,compute,0,1714937067.0,,,1714937072.0,1714937075.0,1714937098.0,148713229.6,1714937074.0,1714937182.0,1714937172.0,1714937175.0,72666.0,1714937182.0,1714937187.0,5.0,,2.0,108.0,5.0,23.0,2393407551.0,3.0,204480.0,poseidon,condorpool,poseidon-worker-2-container-32-35,smili_imaging_pipeline,/srv/smili_imaging_pipeline,,18.3,0,0,0.0,46770401.0,1205980.0,10868.0,300.0,12.8,2.0,359772.3,15074.8
smili_imaging_pipeline_ID0000006,cpu_3,compute,0,1714937067.0,,,1714937072.0,1714937075.0,1714937097.0,174013463.3,1714937074.0,1714937182.0,1714937169.0,1714937173.0,59190.0,1714937182.0,1714937187.0,5.0,,2.0,108.0,5.0,22.0,2393084991.0,4.0,181440.0,poseidon,condorpool,poseidon-worker-2-container-36-39,smili_imaging_pipeline,/srv/smili_imaging_pipeline,,17.3,0,0,0.0,46753728.0,1106823.0,10877.0,263.0,12.5,2.0,359644.1,15811.8
smili_imaging_pipeline_ID0000007,cpu_3,compute,0,1714937067.0,,,1714937072.0,1714937075.0,1714937097.0,173739042.8,1714937074.0,1714937182.0,1714937171.0,1714937174.0,70658.0,1714937182.0,1714937187.0,5.0,,2.0,108.0,5.0,22.0,2393407551.0,3.0,198720.0,poseidon,condorpool,poseidon-worker-2-container-40-43,smili_imaging_pipeline,/srv/smili_imaging_pipeline,,18.7,0,0,0.1,46804241.0,1200453.0,10872.0,301.0,13.3,2.0,360032.6,17149.3
smili_imaging_pipeline_ID0000004,None,compute,0,1714937067.0,,,1714937072.0,1714937075.0,1714937097.0,174304187.7,1714937074.0,1714937182.0,1714937172.0,1714937175.0,76248.0,1714937182.0,1714937187.0,5.0,,2.0,108.0,5.0,22.0,2393626431.0,3.0,216000.0,poseidon,condorpool,poseidon-worker-2-container-44-47,smili_imaging_pipeline,/srv/smili_imaging_pipeline,,19.8,0,0,0.1,46835244.0,1286605.0,10866.0,327.0,14.1,2.2,360271.1,18380.1
smili_imaging_pipeline_ID0000005,cpu_3,compute,0,1714937067.0,,,1714937072.0,1714937075.0,1714937097.0,173023123.2,1714937074.0,1714937182.0,1714937170.0,1714937173.0,63382.0,1714937182.0,1714937187.0,5.0,,2.0,108.0,5.0,22.0,2393064831.0,3.0,190080.0,poseidon,condorpool,poseidon-worker-2-container-16-19,smili_imaging_pipeline,/srv/smili_imaging_pipeline,,17.4,0,0,0.0,46751447.0,1124809.0,10876.0,266.0,12.6,1.9,359626.5,16068.7
smili_imaging_pipeline_ID0000002,None,compute,0,1714937067.0,,,1714937072.0,1714937075.0,1714937097.0,174213370.5,1714937074.0,1714937182.0,1714937171.0,1714937174.0,71232.0,1714937182.0,1714937187.0,5.0,,2.0,108.0,5.0,22.0,2393491071.0,3.0,201600.0,poseidon,condorpool,poseidon-worker-2-container-20-23,smili_imaging_pipeline,/srv/smili_imaging_pipeline,,19.1,0,0,0.1,47129937.0,1279074.0,10891.0,361.0,13.3,2.3,362538.0,18272.5
smili_imaging_pipeline_ID0000003,None,compute,0,1714937067.0,,,1714937072.0,1714937075.0,1714937097.0,167780682.0,1714937074.0,1714937182.0,1714937171.0,1714937174.0,76280.0,1714937182.0,1714937187.0,5.0,,2.0,108.0,5.0,22.0,2393591871.0,3.0,216000.0,poseidon,condorpool,poseidon-worker-1-container-28-31,smili_imaging_pipeline,/srv/smili_imaging_pipeline,,19.2,0,0,0.1,46929165.0,1282652.0,10872.0,319.0,13.6,2.1,360993.6,21377.5
smili_imaging_pipeline_ID0000001,cpu_3,compute,0,1714937067.0,,,1714937072.0,1714937075.0,1714937097.0,170333558.0,1714937074.0,1714937182.0,1714937170.0,1714937173.0,74954.0,1714937182.0,1714937187.0,5.0,,2.0,108.0,5.0,22.0,2393542911.0,3.0,210240.0,poseidon,condorpool,poseidon-worker-1-container-40-43,smili_imaging_pipeline,/srv/smili_imaging_pipeline,,18.3,0,0,0.0,46814093.0,1247475.0,10867.0,314.0,13.1,1.9,360108.4,15593.4
smili_postprocessing_ID0000009,cpu_3,compute,0,1714937187.0,,,1714937192.0,1714937193.0,1714937214.0,176875350.3,1714937192.0,1714937237.0,1714937224.0,1714937227.0,107878.0,1714937237.0,1714937242.0,5.0,,0.0,45.0,5.0,21.0,2392955878.0,3.0,306346.0,poseidon,condorpool,poseidon-worker-2-container-40-43,smili_postprocessing,/srv/smili_postprocessing,,4.5,0,0,,,,,,,,,
smili_postprocessing_ID0000011,None,compute,0,1714937187.0,,,1714937192.0,1714937193.0,1714937214.0,170382638.1,1714937192.0,1714937237.0,1714937224.0,1714937227.0,110762.0,1714937237.0,1714937242.0,5.0,,0.0,45.0,5.0,21.0,2392944358.0,3.0,309879.0,poseidon,condorpool,poseidon-worker-2-container-20-23,smili_postprocessing,/srv/smili_postprocessing,,4.5,0,0,,,,,,,,,
smili_postprocessing_ID0000010,cpu_3,compute,0,1714937187.0,,,1714937192.0,1714937193.0,1714937214.0,176239786.5,1714937192.0,1714937237.0,1714937224.0,1714937227.0,106623.0,1714937237.0,1714937242.0,5.0,,0.0,45.0,5.0,21.0,2392947238.0,3.0,301883.0,poseidon,condorpool,poseidon-worker-2-container-32-35,smili_postprocessing,/srv/smili_postprocessing,,4.4,0,0,,,,,,,,,
stage_out_local_condorpool_0_0,None,transfer,0,1714937187.0,,,1714937192.0,,,0.0,1714937192.0,1714937202.0,1714937192.0,1714937196.0,401184.0,1714937202.0,1714937207.0,5.0,,0.0,10.0,5.0,,,4.0,1618560.0,poseidon,local,poseidon-submit,pegasus::transfer,/mnt/poseidon-data/poseidon/pegasus-5.1.0panorama/bin/pegasus-transfer,/home/poseidon/pegasus-5.1.0panorama/bin/../bin/pegasus-kickstart  -n pegasus::transfer -N null -i - -R local  -L eht-smili -T 2024-04-11T00:03:48+00:00 /home/poseidon/pegasus-5.1.0panorama/bin/../bin/pegasus-transfer  --threads 2,2.1,0,0,,,,,,,,,
smili_postprocessing_ID0000012,None,compute,0,1714937187.0,,,1714937192.0,1714937193.0,1714937214.0,175366621.5,1714937192.0,1714937237.0,1714937224.0,1714937227.0,110143.0,1714937237.0,1714937242.0,5.0,,0.0,45.0,5.0,21.0,2392952998.0,3.0,316811.0,poseidon,condorpool,poseidon-worker-1-container-28-31,smili_postprocessing,/srv/smili_postprocessing,,4.4,0,0,,,,,,,,,
stage_out_local_condorpool_1_0,None,transfer,0,1714937242.0,,,1714937247.0,,,0.0,1714937247.0,1714937257.0,1714937247.0,1714937251.0,306523.0,1714937257.0,1714937262.0,5.0,,0.0,10.0,5.0,,,4.0,1234919.0,poseidon,local,poseidon-submit,pegasus::transfer,/mnt/poseidon-data/poseidon/pegasus-5.1.0panorama/bin/pegasus-transfer,/home/poseidon/pegasus-5.1.0panorama/bin/../bin/pegasus-kickstart  -n pegasus::transfer -N null -i - -R local  -L eht-smili -T 2024-04-11T00:03:48+00:00 /home/poseidon/pegasus-5.1.0panorama/bin/../bin/pegasus-transfer  --threads 2,0.5,0,0,,,,,,,,,
cleanup_eht-smili_0_condorpool,None,auxiliary,0,1714937262.0,,,1714937267.0,,,0.0,1714937267.0,1714937277.0,,,0.0,1714937277.0,1714937282.0,5.0,,0.0,10.0,5.0,,,,,poseidon,local,poseidon-submit,pegasus::cleanup,/mnt/poseidon-data/poseidon/pegasus-5.1.0panorama/bin/pegasus-transfer,pegasus-kickstart  -n pegasus::cleanup -N null -i - -R local  -L eht-smili -T 2024-04-11T00:03:48+00:00 pegasus-transfer,0.2,0,0,,,,,,,,,
