,anomaly_type,type,is_clustered,ready,pre_script_start,pre_script_end,submit,stage_in_start,stage_in_end,stage_in_effective_bytes_per_sec,execute_start,execute_end,stage_out_start,stage_out_end,stage_out_effective_bytes_per_sec,post_script_start,post_script_end,wms_delay,pre_script_delay,queue_delay,runtime,post_script_delay,stage_in_delay,stage_in_bytes,stage_out_delay,stage_out_bytes,kickstart_user,kickstart_site,kickstart_hostname,kickstart_transformations,kickstart_executables,kickstart_executables_argv,kickstart_executables_cpu_time,kickstart_status,kickstart_executables_exitcode,kickstart_online_iowait,kickstart_online_bytes_read,kickstart_online_bytes_written,kickstart_online_read_system_calls,kickstart_online_write_system_calls,kickstart_online_utime,kickstart_online_stime,kickstart_online_bytes_read_per_second,kickstart_online_bytes_written_per_second
create_dir_eht-smili_0_condorpool,None,auxiliary,0,1714685991.0,,,1714685992.0,,,0.0,1714685996.0,1714686002.0,,,0.0,1714686002.0,1714686007.0,1.0,,4.0,6.0,5.0,,,,,poseidon,local,poseidon-submit,pegasus::dirmanager,/mnt/poseidon-data/poseidon/pegasus-5.1.0panorama/bin/pegasus-transfer,pegasus-kickstart  -n pegasus::dirmanager -N null -i - -R local  -L eht-smili -T 2024-04-11T00:03:48+00:00 pegasus-transfer,0.3,0,0,,,,,,,,,
smili_imaging_pipeline_ID0000008,None,compute,0,1714686007.0,,,1714686012.0,1714686031.0,1714686057.0,128882273.9,1714686031.0,1714686142.0,1714686131.0,1714686134.0,64567.0,1714686142.0,1714686147.0,5.0,,19.0,111.0,5.0,26.0,2393407551.0,3.0,204480.0,poseidon,condorpool,poseidon-worker-2-container-36-39,smili_imaging_pipeline,/srv/smili_imaging_pipeline,,18.4,0,0,0.1,46769226.0,1205983.0,10858.0,300.0,12.6,2.2,359763.3,17228.3
smili_imaging_pipeline_ID0000006,None,compute,0,1714686007.0,,,1714686012.0,1714686031.0,1714686053.0,166323657.6,1714686031.0,1714686137.0,1714686125.0,1714686128.0,57482.0,1714686137.0,1714686142.0,5.0,,19.0,106.0,5.0,22.0,2393084991.0,3.0,181440.0,poseidon,condorpool,poseidon-worker-1-container-40-43,smili_imaging_pipeline,/srv/smili_imaging_pipeline,,16.9,0,0,0.1,46753874.0,1110903.0,10868.0,263.0,12.4,2.1,359645.2,13886.3
smili_imaging_pipeline_ID0000007,None,compute,0,1714686007.0,,,1714686012.0,1714686031.0,1714686053.0,168991739.9,1714686030.0,1714686137.0,1714686126.0,1714686129.0,63304.0,1714686137.0,1714686142.0,5.0,,18.0,107.0,5.0,22.0,2393407551.0,3.0,198720.0,poseidon,condorpool,poseidon-worker-2-container-32-35,smili_imaging_pipeline,/srv/smili_imaging_pipeline,,18.2,0,0,0.1,46809993.0,1200434.0,10883.0,301.0,12.8,2.0,360076.9,15005.4
smili_imaging_pipeline_ID0000004,None,compute,0,1714686007.0,,,1714686012.0,1714686031.0,1714686057.0,130698716.0,1714686031.0,1714686142.0,1714686132.0,1714686135.0,68196.0,1714686142.0,1714686147.0,5.0,,19.0,111.0,5.0,26.0,2393626431.0,3.0,216000.0,poseidon,condorpool,poseidon-worker-1-container-44-47,smili_imaging_pipeline,/srv/smili_imaging_pipeline,,19.7,0,0,0.1,46831128.0,1286358.0,10856.0,325.0,14.2,2.1,360239.4,21439.3
smili_imaging_pipeline_ID0000005,None,compute,0,1714686007.0,,,1714686012.0,1714686031.0,1714686053.0,169578604.6,1714686030.0,1714686137.0,1714686125.0,1714686128.0,58933.0,1714686137.0,1714686142.0,5.0,,18.0,107.0,5.0,22.0,2393064831.0,3.0,190080.0,poseidon,condorpool,poseidon-worker-2-container-44-47,smili_imaging_pipeline,/srv/smili_imaging_pipeline,,17.0,0,0,0.1,46752988.0,1128958.0,10871.0,267.0,12.4,2.1,359638.4,14112.0
smili_imaging_pipeline_ID0000002,None,compute,0,1714686007.0,,,1714686012.0,1714686031.0,1714686055.0,147372515.0,1714686030.0,1714686142.0,1714686129.0,1714686132.0,63687.0,1714686142.0,1714686147.0,5.0,,18.0,112.0,5.0,24.0,2393491071.0,3.0,201600.0,poseidon,condorpool,poseidon-worker-1-container-36-39,smili_imaging_pipeline,/srv/smili_imaging_pipeline,,18.9,0,0,0.1,46809538.0,1235500.0,10860.0,311.0,13.4,2.1,360073.4,20591.7
smili_imaging_pipeline_ID0000003,None,compute,0,1714686007.0,,,1714686012.0,1714686031.0,1714686054.0,149478111.1,1714686030.0,1714686142.0,1714686129.0,1714686132.0,67299.0,1714686142.0,1714686147.0,5.0,,18.0,112.0,5.0,23.0,2393591871.0,3.0,216000.0,poseidon,condorpool,poseidon-worker-2-container-24-27,smili_imaging_pipeline,/srv/smili_imaging_pipeline,,19.5,0,0,0.1,46929162.0,1282650.0,10871.0,319.0,13.8,2.2,360993.6,21377.5
smili_imaging_pipeline_ID0000001,None,compute,0,1714686007.0,,,1714686012.0,1714686032.0,1714686055.0,149188733.4,1714686031.0,1714686142.0,1714686130.0,1714686133.0,66721.0,1714686142.0,1714686147.0,5.0,,19.0,111.0,5.0,23.0,2393542911.0,3.0,210240.0,poseidon,condorpool,poseidon-worker-1-container-20-23,smili_imaging_pipeline,/srv/smili_imaging_pipeline,,19.3,0,0,0.1,46812920.0,1247454.0,10854.0,314.0,13.6,2.2,360099.4,20790.9
smili_postprocessing_ID0000011,None,compute,0,1714686142.0,,,1714686147.0,1714686148.0,1714686168.0,176777711.2,1714686147.0,1714686187.0,1714686178.0,1714686181.0,97079.0,1714686187.0,1714686192.0,5.0,,0.0,40.0,5.0,20.0,2392944358.0,3.0,309879.0,poseidon,condorpool,poseidon-worker-1-container-44-47,smili_postprocessing,/srv/smili_postprocessing,,4.3,0,0,,,,,,,,,
smili_postprocessing_ID0000009,None,compute,0,1714686147.0,,,1714686152.0,1714686153.0,1714686174.0,175074791.7,1714686152.0,1714686197.0,1714686184.0,1714686187.0,96149.0,1714686197.0,1714686202.0,5.0,,0.0,45.0,5.0,21.0,2392955878.0,3.0,306346.0,poseidon,condorpool,poseidon-worker-2-container-44-47,smili_postprocessing,/srv/smili_postprocessing,,4.7,0,0,,,,,,,,,
smili_postprocessing_ID0000010,None,compute,0,1714686147.0,,,1714686152.0,1714686153.0,1714686174.0,169184267.5,1714686152.0,1714686197.0,1714686184.0,1714686187.0,95642.0,1714686197.0,1714686202.0,5.0,,0.0,45.0,5.0,21.0,2392947238.0,3.0,301883.0,poseidon,condorpool,poseidon-worker-2-container-24-27,smili_postprocessing,/srv/smili_postprocessing,,4.8,0,0,,,,,,,,,
stage_out_local_condorpool_0_0,None,transfer,0,1714686147.0,,,1714686152.0,,,0.0,1714686152.0,1714686162.0,1714686152.0,1714686156.0,392059.0,1714686162.0,1714686167.0,5.0,,0.0,10.0,5.0,,,4.0,1618560.0,poseidon,local,poseidon-submit,pegasus::transfer,/mnt/poseidon-data/poseidon/pegasus-5.1.0panorama/bin/pegasus-transfer,/home/poseidon/pegasus-5.1.0panorama/bin/../bin/pegasus-kickstart  -n pegasus::transfer -N null -i - -R local  -L eht-smili -T 2024-04-11T00:03:48+00:00 /home/poseidon/pegasus-5.1.0panorama/bin/../bin/pegasus-transfer  --threads 2,2.4,0,0,,,,,,,,,
smili_postprocessing_ID0000012,None,compute,0,1714686147.0,,,1714686152.0,1714686153.0,1714686173.0,176055039.7,1714686152.0,1714686192.0,1714686183.0,1714686186.0,100079.0,1714686192.0,1714686197.0,5.0,,0.0,40.0,5.0,20.0,2392952998.0,3.0,316811.0,poseidon,condorpool,poseidon-worker-1-container-36-39,smili_postprocessing,/srv/smili_postprocessing,,4.4,0,0,,,,,,,,,
stage_out_local_condorpool_1_0,None,transfer,0,1714686202.0,,,1714686207.0,,,0.0,1714686207.0,1714686217.0,1714686207.0,1714686211.0,306426.0,1714686217.0,1714686222.0,5.0,,0.0,10.0,5.0,,,4.0,1234919.0,poseidon,local,poseidon-submit,pegasus::transfer,/mnt/poseidon-data/poseidon/pegasus-5.1.0panorama/bin/pegasus-transfer,/home/poseidon/pegasus-5.1.0panorama/bin/../bin/pegasus-kickstart  -n pegasus::transfer -N null -i - -R local  -L eht-smili -T 2024-04-11T00:03:48+00:00 /home/poseidon/pegasus-5.1.0panorama/bin/../bin/pegasus-transfer  --threads 2,0.6,0,0,,,,,,,,,
cleanup_eht-smili_0_condorpool,None,auxiliary,0,1714686222.0,,,1714686227.0,,,0.0,1714686227.0,1714686237.0,,,0.0,1714686237.0,1714686242.0,5.0,,0.0,10.0,5.0,,,,,poseidon,local,poseidon-submit,pegasus::cleanup,/mnt/poseidon-data/poseidon/pegasus-5.1.0panorama/bin/pegasus-transfer,pegasus-kickstart  -n pegasus::cleanup -N null -i - -R local  -L eht-smili -T 2024-04-11T00:03:48+00:00 pegasus-transfer,0.3,0,0,,,,,,,,,
