,anomaly_type,type,is_clustered,ready,pre_script_start,pre_script_end,submit,stage_in_start,stage_in_end,stage_in_effective_bytes_per_sec,execute_start,execute_end,stage_out_start,stage_out_end,stage_out_effective_bytes_per_sec,post_script_start,post_script_end,wms_delay,pre_script_delay,queue_delay,runtime,post_script_delay,stage_in_delay,stage_in_bytes,stage_out_delay,stage_out_bytes,kickstart_user,kickstart_site,kickstart_hostname,kickstart_transformations,kickstart_executables,kickstart_executables_argv,kickstart_executables_cpu_time,kickstart_status,kickstart_executables_exitcode,kickstart_online_iowait,kickstart_online_bytes_read,kickstart_online_bytes_written,kickstart_online_read_system_calls,kickstart_online_write_system_calls,kickstart_online_utime,kickstart_online_stime,kickstart_online_bytes_read_per_second,kickstart_online_bytes_written_per_second
create_dir_pycbc-inference_0_condorpool,None,auxiliary,0,1712540912.0,,,1712540913.0,,,0.0,1712540917.0,1712540923.0,,,0.0,1712540923.0,1712540928.0,1.0,,4.0,6.0,5.0,,,,,poseidon,local,poseidon-submit,pegasus::dirmanager,/mnt/poseidon-data/poseidon/pegasus-5.1.0panorama/bin/pegasus-transfer,pegasus-kickstart  -n pegasus::dirmanager -N null -i - -R local  -L pycbc-inference -T 2024-03-26T22:56:52+00:00 pegasus-transfer,0.2,0,0,,,,,,,,,
inference_ID1_ID0000001,None,compute,0,1712540928.0,,,1712540933.0,1712540939.0,1712540956.0,139519621.0,1712540938.0,1712541033.0,1712541020.0,1712541026.0,56396575.0,1712541033.0,1712541038.0,5.0,,5.0,95.0,5.0,17.0,1564500734.0,6.0,346479611.0,poseidon,condorpool,poseidon-worker-2-container-40-43,inference_ID1,/usr/local/bin/pycbc_inference,,56.6,0,0,0.0,1533634757.0,725212932.0,53463.0,23225.0,49.6,4.6,13942134.2,6592844.8
page_versioning_ID8_ID0000008,None,compute,0,1712540928.0,,,1712540933.0,1712540939.0,1712540947.0,177341978.0,1712540938.0,1712540978.0,1712540967.0,1712540970.0,1679.0,1712540978.0,1712540983.0,5.0,,5.0,40.0,5.0,8.0,1379880960.0,3.0,5344.0,poseidon,condorpool,poseidon-worker-2-container-36-39,page_versioning_ID8,/usr/local/bin/pycbc_page_versioning,,14.2,0,0,0.1,198921511.0,234801.0,34286.0,198.0,1.7,1.3,9946075.6,11740.0
plot_prior_ID6_ID0000006,hdd_5,compute,0,1712540928.0,,,1712540933.0,1712540939.0,1712540959.0,137842374.7,1712540938.0,1712541234.0,1712541220.0,1712541223.0,41600.0,1712541234.0,1712541239.0,5.0,,5.0,296.0,5.0,20.0,1379884044.0,3.0,134034.0,poseidon,condorpool,poseidon-worker-1-container-44-47,plot_prior_ID6,/usr/local/bin/pycbc_inference_plot_prior,,9.1,0,0,0.0,36213815.0,63083.0,8329.0,34.0,3.4,1.4,3621381.5,6308.3
extract_posterior_ID2_ID0000002,None,compute,0,1712541038.0,,,1712541044.0,1712541045.0,1712541062.0,143629425.6,1712541044.0,1712541089.0,1712541073.0,1712541079.0,57213541.0,1712541089.0,1712541094.0,6.0,,0.0,45.0,5.0,17.0,1726360571.0,6.0,346479003.0,poseidon,condorpool,poseidon-worker-2-container-40-43,extract_posterior_ID2,/usr/local/bin/pycbc_inference_extract_samples,,2.6,0,0,,,,,,,,,
plot_spectrum_ID7_ID0000007,None,compute,0,1712541038.0,,,1712541043.0,1712541045.0,1712541062.0,151103712.2,1712541044.0,1712541084.0,1712541072.0,1712541075.0,60117.0,1712541084.0,1712541089.0,5.0,,1.0,40.0,5.0,17.0,1726360571.0,3.0,192576.0,poseidon,condorpool,poseidon-worker-2-container-36-39,plot_spectrum_ID7,/usr/local/bin/pycbc_plot_psd_file,,3.7,0,0,,,,,,,,,
stage_out_local_condorpool_1_0,None,transfer,0,1712541094.0,,,1712541099.0,,,0.0,1712541099.0,1712541109.0,1712541099.0,1712541103.0,86051564.0,1712541109.0,1712541114.0,5.0,,0.0,10.0,5.0,,,4.0,346671579.0,poseidon,local,poseidon-submit,pegasus::transfer,/mnt/poseidon-data/poseidon/pegasus-5.1.0panorama/bin/pegasus-transfer,/home/poseidon/pegasus-5.1.0panorama/bin/../bin/pegasus-kickstart  -n pegasus::transfer -N null -i - -R local  -L pycbc-inference -T 2024-03-26T22:56:52+00:00 /home/poseidon/pegasus-5.1.0panorama/bin/../bin/pegasus-transfer  --threads 2,1.2,0,0,,,,,,,,,
plot_posterior_ID5_ID0000005,hdd_5,compute,0,1712541094.0,,,1712541099.0,1712541221.0,1712541239.0,146593851.0,1712541220.0,1712541595.0,1712541583.0,1712541586.0,42968.0,1712541595.0,1712541600.0,5.0,,121.0,375.0,5.0,18.0,1726363047.0,3.0,138082.0,poseidon,condorpool,poseidon-worker-1-container-44-47,plot_posterior_ID5,/usr/local/bin/pycbc_inference_plot_posterior,,5.5,0,0,0.0,37052062.0,63083.0,8957.0,34.0,3.5,1.4,3705206.2,6308.3
plot_posterior_summary_ID4_ID0000004,None,compute,0,1712541094.0,,,1712541099.0,1712541100.0,1712541118.0,134639440.7,1712541099.0,1712541139.0,1712541129.0,1712541132.0,22192.0,1712541139.0,1712541144.0,5.0,,0.0,40.0,5.0,18.0,1726363047.0,3.0,68960.0,poseidon,condorpool,poseidon-worker-2-container-40-43,plot_posterior_summary_ID4,/usr/local/bin/pycbc_inference_plot_posterior,,4.2,0,0,,,,,,,,,
table_summary_ID3_ID0000003,None,compute,0,1712541094.0,,,1712541099.0,1712541100.0,1712541117.0,150713277.6,1712541099.0,1712541139.0,1712541126.0,1712541129.0,1014.0,1712541139.0,1712541144.0,5.0,,0.0,40.0,5.0,17.0,1726359963.0,3.0,3211.0,poseidon,condorpool,poseidon-worker-2-container-36-39,table_summary_ID3,/usr/local/bin/pycbc_inference_table_summary,,2.8,0,0,,,,,,,,,
register_condorpool_1_0,None,auxiliary,0,1712541114.0,,,1712541119.0,,,0.0,1712541119.0,1712541124.0,,,0.0,1712541124.0,1712541129.0,5.0,,0.0,5.0,5.0,,,,,poseidon,local,poseidon-submit,pegasus::rc-client,/mnt/poseidon-data/poseidon/pegasus-5.1.0panorama/bin/pegasus-rc-client,"-n pegasus::rc-client -N null -R local  -L pycbc-inference -T 2024-03-26T22:56:52+00:00 /home/poseidon/pegasus-5.1.0panorama/bin/pegasus-rc-client --prefix pegasus.catalog.replica.output --conf /mnt/poseidon-data/poseidon/workflows/pycbc/inference/poseidon/submit/poseidon/pegasus/pycbc-inference/run0361/pegasus.8701096674042712494.properties -v --meta /mnt/poseidon-data/poseidon/workflows/pycbc/inference/poseidon/submit/poseidon/pegasus/pycbc-inference/run0361/00/00/plot_spectrum_ID7_ID0000007.meta,/mnt/poseidon-data/poseidon/workflows/pycbc/inference/poseidon/submit/poseidon/pegasus/pycbc-inference/run0361/00/00/extract_posterior_ID2_ID0000002.meta --insert /mnt/poseidon-data/poseidon/workflows/pycbc/inference/poseidon/submit/poseidon/pegasus/pycbc-inference/run0361/00/00/register_condorpool_1_0.in",2.7,0,0,,,,,,,,,
stage_out_local_condorpool_0_0,None,transfer,0,1712541239.0,,,1712541244.0,,,0.0,1712541244.0,1712541254.0,1712541244.0,1712541248.0,86048130.0,1712541254.0,1712541259.0,5.0,,0.0,10.0,5.0,,,4.0,346618989.0,poseidon,local,poseidon-submit,pegasus::transfer,/mnt/poseidon-data/poseidon/pegasus-5.1.0panorama/bin/pegasus-transfer,/home/poseidon/pegasus-5.1.0panorama/bin/../bin/pegasus-kickstart  -n pegasus::transfer -N null -i - -R local  -L pycbc-inference -T 2024-03-26T22:56:52+00:00 /home/poseidon/pegasus-5.1.0panorama/bin/../bin/pegasus-transfer  --threads 2,1.6,0,0,,,,,,,,,
register_condorpool_0_0,None,auxiliary,0,1712541259.0,,,1712541264.0,,,0.0,1712541264.0,1712541269.0,,,0.0,1712541269.0,1712541274.0,5.0,,0.0,5.0,5.0,,,,,poseidon,local,poseidon-submit,pegasus::rc-client,/mnt/poseidon-data/poseidon/pegasus-5.1.0panorama/bin/pegasus-rc-client,"-n pegasus::rc-client -N null -R local  -L pycbc-inference -T 2024-03-26T22:56:52+00:00 /home/poseidon/pegasus-5.1.0panorama/bin/pegasus-rc-client --prefix pegasus.catalog.replica.output --conf /mnt/poseidon-data/poseidon/workflows/pycbc/inference/poseidon/submit/poseidon/pegasus/pycbc-inference/run0361/pegasus.8701096674042712494.properties -v --meta /mnt/poseidon-data/poseidon/workflows/pycbc/inference/poseidon/submit/poseidon/pegasus/pycbc-inference/run0361/00/00/plot_prior_ID6_ID0000006.meta,/mnt/poseidon-data/poseidon/workflows/pycbc/inference/poseidon/submit/poseidon/pegasus/pycbc-inference/run0361/00/00/page_versioning_ID8_ID0000008.meta,/mnt/poseidon-data/poseidon/workflows/pycbc/inference/poseidon/submit/poseidon/pegasus/pycbc-inference/run0361/00/00/inference_ID1_ID0000001.meta --insert /mnt/poseidon-data/poseidon/workflows/pycbc/inference/poseidon/submit/poseidon/pegasus/pycbc-inference/run0361/00/00/register_condorpool_0_0.in",2.9,0,0,,,,,,,,,
results_page_ID9_ID0000009,hdd_5,compute,0,1712541600.0,,,1712541605.0,1712541606.0,1712541615.0,161261724.0,1712541605.0,1712541635.0,,,0.0,1712541635.0,1712541640.0,5.0,,0.0,30.0,5.0,9.0,1379880960.0,,,poseidon,condorpool,poseidon-worker-1-container-44-47,results_page_ID9,/usr/local/bin/pycbc_make_html_page,,12.4,0,0,0.0,37526939.0,6382606.0,10752.0,417.0,8.2,1.6,1876346.9,319130.3
stage_out_local_condorpool_2_0,None,transfer,0,1712541600.0,,,1712541605.0,,,0.0,1712541605.0,1712541615.0,1712541605.0,1712541609.0,52207.0,1712541615.0,1712541620.0,5.0,,0.0,10.0,5.0,,,4.0,210253.0,poseidon,local,poseidon-submit,pegasus::transfer,/mnt/poseidon-data/poseidon/pegasus-5.1.0panorama/bin/pegasus-transfer,/home/poseidon/pegasus-5.1.0panorama/bin/../bin/pegasus-kickstart  -n pegasus::transfer -N null -i - -R local  -L pycbc-inference -T 2024-03-26T22:56:52+00:00 /home/poseidon/pegasus-5.1.0panorama/bin/../bin/pegasus-transfer  --threads 2,0.5,0,0,,,,,,,,,
register_condorpool_2_0,None,auxiliary,0,1712541620.0,,,1712541625.0,,,0.0,1712541625.0,1712541630.0,,,0.0,1712541630.0,1712541635.0,5.0,,0.0,5.0,5.0,,,,,poseidon,local,poseidon-submit,pegasus::rc-client,/mnt/poseidon-data/poseidon/pegasus-5.1.0panorama/bin/pegasus-rc-client,"-n pegasus::rc-client -N null -R local  -L pycbc-inference -T 2024-03-26T22:56:52+00:00 /home/poseidon/pegasus-5.1.0panorama/bin/pegasus-rc-client --prefix pegasus.catalog.replica.output --conf /mnt/poseidon-data/poseidon/workflows/pycbc/inference/poseidon/submit/poseidon/pegasus/pycbc-inference/run0361/pegasus.8701096674042712494.properties -v --meta /mnt/poseidon-data/poseidon/workflows/pycbc/inference/poseidon/submit/poseidon/pegasus/pycbc-inference/run0361/00/00/table_summary_ID3_ID0000003.meta,/mnt/poseidon-data/poseidon/workflows/pycbc/inference/poseidon/submit/poseidon/pegasus/pycbc-inference/run0361/00/00/plot_posterior_summary_ID4_ID0000004.meta,/mnt/poseidon-data/poseidon/workflows/pycbc/inference/poseidon/submit/poseidon/pegasus/pycbc-inference/run0361/00/00/plot_posterior_ID5_ID0000005.meta --insert /mnt/poseidon-data/poseidon/workflows/pycbc/inference/poseidon/submit/poseidon/pegasus/pycbc-inference/run0361/00/00/register_condorpool_2_0.in",2.8,0,0,,,,,,,,,
cleanup_pycbc-inference_0_condorpool,None,auxiliary,0,1712541640.0,,,1712541645.0,,,0.0,1712541645.0,1712541655.0,,,0.0,1712541655.0,1712541660.0,5.0,,0.0,10.0,5.0,,,,,poseidon,local,poseidon-submit,pegasus::cleanup,/mnt/poseidon-data/poseidon/pegasus-5.1.0panorama/bin/pegasus-transfer,pegasus-kickstart  -n pegasus::cleanup -N null -i - -R local  -L pycbc-inference -T 2024-03-26T22:56:52+00:00 pegasus-transfer,0.3,0,0,,,,,,,,,
