,anomaly_type,type,is_clustered,ready,pre_script_start,pre_script_end,submit,stage_in_start,stage_in_end,stage_in_effective_bytes_per_sec,execute_start,execute_end,stage_out_start,stage_out_end,stage_out_effective_bytes_per_sec,post_script_start,post_script_end,wms_delay,pre_script_delay,queue_delay,runtime,post_script_delay,stage_in_delay,stage_in_bytes,stage_out_delay,stage_out_bytes,kickstart_user,kickstart_site,kickstart_hostname,kickstart_transformations,kickstart_executables,kickstart_executables_argv,kickstart_executables_cpu_time,kickstart_status,kickstart_executables_exitcode,kickstart_online_iowait,kickstart_online_bytes_read,kickstart_online_bytes_written,kickstart_online_read_system_calls,kickstart_online_write_system_calls,kickstart_online_utime,kickstart_online_stime,kickstart_online_bytes_read_per_second,kickstart_online_bytes_written_per_second
create_dir_pycbc-inference_0_condorpool,None,auxiliary,0,1712395319.0,,,1712395320.0,,,0.0,1712395324.0,1712395330.0,,,0.0,1712395330.0,1712395335.0,1.0,,4.0,6.0,5.0,,,,,poseidon,local,poseidon-submit,pegasus::dirmanager,/mnt/poseidon-data/poseidon/pegasus-5.1.0panorama/bin/pegasus-transfer,pegasus-kickstart  -n pegasus::dirmanager -N null -i - -R local  -L pycbc-inference -T 2024-03-26T22:56:52+00:00 pegasus-transfer,0.2,0,0,,,,,,,,,
inference_ID1_ID0000001,None,compute,0,1712395335.0,,,1712395340.0,1712395361.0,1712395378.0,137832460.2,1712395360.0,1712395455.0,1712395439.0,1712395445.0,56376059.0,1712395455.0,1712395460.0,5.0,,20.0,95.0,5.0,17.0,1564500734.0,6.0,346497819.0,poseidon,condorpool,poseidon-worker-2-container-40-43,inference_ID1,/usr/local/bin/pycbc_inference,,56.7,0,0,0.0,1532805135.0,724393590.0,51640.0,22274.0,45.6,4.5,15328051.3,7243935.9
page_versioning_ID8_ID0000008,None,compute,0,1712395335.0,,,1712395340.0,1712395361.0,1712395368.0,176633786.0,1712395360.0,1712395400.0,1712395388.0,1712395392.0,1684.0,1712395400.0,1712395405.0,5.0,,20.0,40.0,5.0,7.0,1379880960.0,4.0,5344.0,poseidon,condorpool,poseidon-worker-1-container-40-43,page_versioning_ID8,/usr/local/bin/pycbc_page_versioning,,14.2,0,0,0.0,217613040.0,263831.0,37659.0,222.0,2.4,1.5,10880652.0,13191.5
plot_prior_ID6_ID0000006,None,compute,0,1712395335.0,,,1712395340.0,1712395361.0,1712395376.0,137189078.8,1712395360.0,1712395400.0,1712395391.0,1712395394.0,43727.0,1712395400.0,1712395405.0,5.0,,20.0,40.0,5.0,15.0,1379884044.0,3.0,136728.0,poseidon,condorpool,poseidon-worker-1-container-44-47,plot_prior_ID6,/usr/local/bin/pycbc_inference_plot_prior,,8.9,0,0,0.1,36212451.0,63083.0,8329.0,34.0,3.6,1.3,3621245.1,6308.3
extract_posterior_ID2_ID0000002,None,compute,0,1712395460.0,,,1712395465.0,1712395466.0,1712395483.0,150966174.8,1712395465.0,1712395510.0,1712395494.0,1712395500.0,56549078.0,1712395510.0,1712395515.0,5.0,,0.0,45.0,5.0,17.0,1726378779.0,6.0,346498563.0,poseidon,condorpool,poseidon-worker-1-container-40-43,extract_posterior_ID2,/usr/local/bin/pycbc_inference_extract_samples,,2.6,0,0,,,,,,,,,
plot_spectrum_ID7_ID0000007,None,compute,0,1712395460.0,,,1712395465.0,1712395466.0,1712395484.0,141704345.4,1712395465.0,1712395505.0,1712395494.0,1712395497.0,61459.0,1712395505.0,1712395510.0,5.0,,0.0,40.0,5.0,18.0,1726378779.0,3.0,192576.0,poseidon,condorpool,poseidon-worker-2-container-40-43,plot_spectrum_ID7,/usr/local/bin/pycbc_plot_psd_file,,3.8,0,0,,,,,,,,,
stage_out_local_condorpool_0_0,None,transfer,0,1712395460.0,,,1712395465.0,,,0.0,1712395465.0,1712395475.0,1712395465.0,1712395469.0,86135934.0,1712395475.0,1712395480.0,5.0,,0.0,10.0,5.0,,,4.0,346639891.0,poseidon,local,poseidon-submit,pegasus::transfer,/mnt/poseidon-data/poseidon/pegasus-5.1.0panorama/bin/pegasus-transfer,/home/poseidon/pegasus-5.1.0panorama/bin/../bin/pegasus-kickstart  -n pegasus::transfer -N null -i - -R local  -L pycbc-inference -T 2024-03-26T22:56:52+00:00 /home/poseidon/pegasus-5.1.0panorama/bin/../bin/pegasus-transfer  --threads 2,1.4,0,0,,,,,,,,,
register_condorpool_0_0,None,auxiliary,0,1712395480.0,,,1712395485.0,,,0.0,1712395485.0,1712395490.0,,,0.0,1712395490.0,1712395495.0,5.0,,0.0,5.0,5.0,,,,,poseidon,local,poseidon-submit,pegasus::rc-client,/mnt/poseidon-data/poseidon/pegasus-5.1.0panorama/bin/pegasus-rc-client,"-n pegasus::rc-client -N null -R local  -L pycbc-inference -T 2024-03-26T22:56:52+00:00 /home/poseidon/pegasus-5.1.0panorama/bin/pegasus-rc-client --prefix pegasus.catalog.replica.output --conf /mnt/poseidon-data/poseidon/workflows/pycbc/inference/poseidon/submit/poseidon/pegasus/pycbc-inference/run0095/pegasus.9374047103553818545.properties -v --meta /mnt/poseidon-data/poseidon/workflows/pycbc/inference/poseidon/submit/poseidon/pegasus/pycbc-inference/run0095/00/00/plot_prior_ID6_ID0000006.meta,/mnt/poseidon-data/poseidon/workflows/pycbc/inference/poseidon/submit/poseidon/pegasus/pycbc-inference/run0095/00/00/page_versioning_ID8_ID0000008.meta,/mnt/poseidon-data/poseidon/workflows/pycbc/inference/poseidon/submit/poseidon/pegasus/pycbc-inference/run0095/00/00/inference_ID1_ID0000001.meta --insert /mnt/poseidon-data/poseidon/workflows/pycbc/inference/poseidon/submit/poseidon/pegasus/pycbc-inference/run0095/00/00/register_condorpool_0_0.in",2.6,0,0,,,,,,,,,
stage_out_local_condorpool_1_0,None,transfer,0,1712395515.0,,,1712395520.0,,,0.0,1712395520.0,1712395530.0,1712395520.0,1712395524.0,85982463.0,1712395530.0,1712395535.0,5.0,,0.0,10.0,5.0,,,4.0,346691139.0,poseidon,local,poseidon-submit,pegasus::transfer,/mnt/poseidon-data/poseidon/pegasus-5.1.0panorama/bin/pegasus-transfer,/home/poseidon/pegasus-5.1.0panorama/bin/../bin/pegasus-kickstart  -n pegasus::transfer -N null -i - -R local  -L pycbc-inference -T 2024-03-26T22:56:52+00:00 /home/poseidon/pegasus-5.1.0panorama/bin/../bin/pegasus-transfer  --threads 2,1.2,0,0,,,,,,,,,
plot_posterior_summary_ID4_ID0000004,None,compute,0,1712395515.0,,,1712395520.0,1712395521.0,1712395539.0,141978908.2,1712395520.0,1712395560.0,1712395549.0,1712395552.0,20792.0,1712395560.0,1712395565.0,5.0,,0.0,40.0,5.0,18.0,1726382607.0,3.0,64273.0,poseidon,condorpool,poseidon-worker-1-container-40-43,plot_posterior_summary_ID4,/usr/local/bin/pycbc_inference_plot_posterior,,4.2,0,0,,,,,,,,,
table_summary_ID3_ID0000003,None,compute,0,1712395515.0,,,1712395520.0,1712395521.0,1712395538.0,149310294.4,1712395520.0,1712395560.0,1712395547.0,1712395551.0,1014.0,1712395560.0,1712395565.0,5.0,,0.0,40.0,5.0,17.0,1726379523.0,4.0,3207.0,poseidon,condorpool,poseidon-worker-2-container-40-43,table_summary_ID3,/usr/local/bin/pycbc_inference_table_summary,,2.9,0,0,,,,,,,,,
plot_posterior_ID5_ID0000005,None,compute,0,1712395515.0,,,1712395520.0,1712395521.0,1712395538.0,150911411.5,1712395520.0,1712395560.0,1712395550.0,1712395553.0,44792.0,1712395560.0,1712395565.0,5.0,,0.0,40.0,5.0,17.0,1726382607.0,3.0,140153.0,poseidon,condorpool,poseidon-worker-2-container-40-43,plot_posterior_ID5,/usr/local/bin/pycbc_inference_plot_posterior,,5.4,0,0,0.1,37194802.0,63083.0,9134.0,34.0,3.5,1.3,3719480.2,6308.3
register_condorpool_1_0,None,auxiliary,0,1712395535.0,,,1712395540.0,,,0.0,1712395540.0,1712395545.0,,,0.0,1712395545.0,1712395550.0,5.0,,0.0,5.0,5.0,,,,,poseidon,local,poseidon-submit,pegasus::rc-client,/mnt/poseidon-data/poseidon/pegasus-5.1.0panorama/bin/pegasus-rc-client,"-n pegasus::rc-client -N null -R local  -L pycbc-inference -T 2024-03-26T22:56:52+00:00 /home/poseidon/pegasus-5.1.0panorama/bin/pegasus-rc-client --prefix pegasus.catalog.replica.output --conf /mnt/poseidon-data/poseidon/workflows/pycbc/inference/poseidon/submit/poseidon/pegasus/pycbc-inference/run0095/pegasus.9374047103553818545.properties -v --meta /mnt/poseidon-data/poseidon/workflows/pycbc/inference/poseidon/submit/poseidon/pegasus/pycbc-inference/run0095/00/00/plot_spectrum_ID7_ID0000007.meta,/mnt/poseidon-data/poseidon/workflows/pycbc/inference/poseidon/submit/poseidon/pegasus/pycbc-inference/run0095/00/00/extract_posterior_ID2_ID0000002.meta --insert /mnt/poseidon-data/poseidon/workflows/pycbc/inference/poseidon/submit/poseidon/pegasus/pycbc-inference/run0095/00/00/register_condorpool_1_0.in",2.7,0,0,,,,,,,,,
results_page_ID9_ID0000009,None,compute,0,1712395565.0,,,1712395570.0,1712395571.0,1712395579.0,176573748.0,1712395571.0,1712395601.0,,,0.0,1712395601.0,1712395606.0,5.0,,1.0,30.0,5.0,8.0,1379880960.0,,,poseidon,condorpool,poseidon-worker-2-container-40-43,results_page_ID9,/usr/local/bin/pycbc_make_html_page,,12.2,0,0,0.1,37608023.0,6863974.0,10836.0,457.0,8.5,1.4,1880401.1,343198.7
stage_out_local_condorpool_2_0,None,transfer,0,1712395565.0,,,1712395570.0,,,0.0,1712395570.0,1712395580.0,1712395571.0,1712395575.0,51570.0,1712395580.0,1712395585.0,5.0,,0.0,10.0,5.0,,,4.0,207633.0,poseidon,local,poseidon-submit,pegasus::transfer,/mnt/poseidon-data/poseidon/pegasus-5.1.0panorama/bin/pegasus-transfer,/home/poseidon/pegasus-5.1.0panorama/bin/../bin/pegasus-kickstart  -n pegasus::transfer -N null -i - -R local  -L pycbc-inference -T 2024-03-26T22:56:52+00:00 /home/poseidon/pegasus-5.1.0panorama/bin/../bin/pegasus-transfer  --threads 2,0.5,0,0,,,,,,,,,
register_condorpool_2_0,None,auxiliary,0,1712395585.0,,,1712395591.0,,,0.0,1712395591.0,1712395596.0,,,0.0,1712395596.0,1712395601.0,6.0,,0.0,5.0,5.0,,,,,poseidon,local,poseidon-submit,pegasus::rc-client,/mnt/poseidon-data/poseidon/pegasus-5.1.0panorama/bin/pegasus-rc-client,"-n pegasus::rc-client -N null -R local  -L pycbc-inference -T 2024-03-26T22:56:52+00:00 /home/poseidon/pegasus-5.1.0panorama/bin/pegasus-rc-client --prefix pegasus.catalog.replica.output --conf /mnt/poseidon-data/poseidon/workflows/pycbc/inference/poseidon/submit/poseidon/pegasus/pycbc-inference/run0095/pegasus.9374047103553818545.properties -v --meta /mnt/poseidon-data/poseidon/workflows/pycbc/inference/poseidon/submit/poseidon/pegasus/pycbc-inference/run0095/00/00/table_summary_ID3_ID0000003.meta,/mnt/poseidon-data/poseidon/workflows/pycbc/inference/poseidon/submit/poseidon/pegasus/pycbc-inference/run0095/00/00/plot_posterior_summary_ID4_ID0000004.meta,/mnt/poseidon-data/poseidon/workflows/pycbc/inference/poseidon/submit/poseidon/pegasus/pycbc-inference/run0095/00/00/plot_posterior_ID5_ID0000005.meta --insert /mnt/poseidon-data/poseidon/workflows/pycbc/inference/poseidon/submit/poseidon/pegasus/pycbc-inference/run0095/00/00/register_condorpool_2_0.in",2.6,0,0,,,,,,,,,
cleanup_pycbc-inference_0_condorpool,None,auxiliary,0,1712395606.0,,,1712395611.0,,,0.0,1712395611.0,1712395621.0,,,0.0,1712395621.0,1712395626.0,5.0,,0.0,10.0,5.0,,,,,poseidon,local,poseidon-submit,pegasus::cleanup,/mnt/poseidon-data/poseidon/pegasus-5.1.0panorama/bin/pegasus-transfer,pegasus-kickstart  -n pegasus::cleanup -N null -i - -R local  -L pycbc-inference -T 2024-03-26T22:56:52+00:00 pegasus-transfer,0.2,0,0,,,,,,,,,
