,anomaly_type,type,is_clustered,ready,pre_script_start,pre_script_end,submit,stage_in_start,stage_in_end,stage_in_effective_bytes_per_sec,execute_start,execute_end,stage_out_start,stage_out_end,stage_out_effective_bytes_per_sec,post_script_start,post_script_end,wms_delay,pre_script_delay,queue_delay,runtime,post_script_delay,stage_in_delay,stage_in_bytes,stage_out_delay,stage_out_bytes,kickstart_user,kickstart_site,kickstart_hostname,kickstart_transformations,kickstart_executables,kickstart_executables_argv,kickstart_executables_cpu_time,kickstart_status,kickstart_executables_exitcode,kickstart_online_iowait,kickstart_online_bytes_read,kickstart_online_bytes_written,kickstart_online_read_system_calls,kickstart_online_write_system_calls,kickstart_online_utime,kickstart_online_stime,kickstart_online_bytes_read_per_second,kickstart_online_bytes_written_per_second
create_dir_pycbc-inference_0_condorpool,None,auxiliary,0,1712512743.0,,,1712512744.0,,,0.0,1712512749.0,1712512759.0,,,0.0,1712512759.0,1712512764.0,1.0,,5.0,10.0,5.0,,,,,poseidon,local,poseidon-submit,pegasus::dirmanager,/mnt/poseidon-data/poseidon/pegasus-5.1.0panorama/bin/pegasus-transfer,pegasus-kickstart  -n pegasus::dirmanager -N null -i - -R local  -L pycbc-inference -T 2024-03-26T22:56:52+00:00 pegasus-transfer,0.2,0,0,,,,,,,,,
inference_ID1_ID0000001,None,compute,0,1712512764.0,,,1712512769.0,1712512784.0,1712512801.0,137463938.6,1712512783.0,1712512879.0,1712512864.0,1712512870.0,56195358.0,1712512879.0,1712512884.0,5.0,,14.0,96.0,5.0,17.0,1564500734.0,6.0,346497803.0,poseidon,condorpool,poseidon-worker-2-container-44-47,inference_ID1,/usr/local/bin/pycbc_inference,,57.2,0,0,0.0,1533125903.0,724707031.0,52675.0,22635.0,51.4,4.7,13937508.2,7247070.3
page_versioning_ID8_ID0000008,None,compute,0,1712512764.0,,,1712512769.0,1712512784.0,1712512792.0,174663476.0,1712512783.0,1712513074.0,1712513065.0,1712513068.0,1681.0,1712513074.0,1712513079.0,5.0,,14.0,291.0,5.0,8.0,1379880960.0,3.0,5344.0,poseidon,condorpool,poseidon-worker-1-container-36-39,page_versioning_ID8,/usr/local/bin/pycbc_page_versioning,,14.3,0,0,0.0,216959083.0,263831.0,37566.0,222.0,2.5,1.5,10847954.1,13191.5
plot_prior_ID6_ID0000006,hdd_5,compute,0,1712512764.0,,,1712512769.0,1712512784.0,1712512804.0,136761561.0,1712512783.0,1712513074.0,1712513065.0,1712513068.0,41741.0,1712513074.0,1712513079.0,5.0,,14.0,291.0,5.0,20.0,1379884044.0,3.0,133885.0,poseidon,condorpool,poseidon-worker-1-container-44-47,plot_prior_ID6,/usr/local/bin/pycbc_inference_plot_prior,,9.2,0,0,0.0,36027651.0,63083.0,8189.0,34.0,3.4,1.5,3602765.1,6308.3
extract_posterior_ID2_ID0000002,hdd_5,compute,0,1712512884.0,,,1712512889.0,1712513066.0,1712513084.0,147623517.4,1712513065.0,1712513509.0,1712513494.0,1712513500.0,56397563.0,1712513509.0,1712513514.0,5.0,,176.0,444.0,5.0,18.0,1726378763.0,6.0,346497155.0,poseidon,condorpool,poseidon-worker-1-container-44-47,extract_posterior_ID2,/usr/local/bin/pycbc_inference_extract_samples,,2.6,0,0,,,,,,,,,
plot_spectrum_ID7_ID0000007,None,compute,0,1712512884.0,,,1712512889.0,1712512890.0,1712512908.0,143193705.6,1712512889.0,1712512929.0,1712512918.0,1712512921.0,59855.0,1712512929.0,1712512934.0,5.0,,0.0,40.0,5.0,18.0,1726378763.0,3.0,192576.0,poseidon,condorpool,poseidon-worker-2-container-44-47,plot_spectrum_ID7,/usr/local/bin/pycbc_plot_psd_file,,3.9,0,0,,,,,,,,,
stage_out_local_condorpool_0_0,None,transfer,0,1712513079.0,,,1712513084.0,,,0.0,1712513084.0,1712513094.0,1712513084.0,1712513088.0,86071861.0,1712513094.0,1712513099.0,5.0,,0.0,10.0,5.0,,,4.0,346637032.0,poseidon,local,poseidon-submit,pegasus::transfer,/mnt/poseidon-data/poseidon/pegasus-5.1.0panorama/bin/pegasus-transfer,/home/poseidon/pegasus-5.1.0panorama/bin/../bin/pegasus-kickstart  -n pegasus::transfer -N null -i - -R local  -L pycbc-inference -T 2024-03-26T22:56:52+00:00 /home/poseidon/pegasus-5.1.0panorama/bin/../bin/pegasus-transfer  --threads 2,1.2,0,0,,,,,,,,,
register_condorpool_0_0,None,auxiliary,0,1712513099.0,,,1712513104.0,,,0.0,1712513104.0,1712513109.0,,,0.0,1712513109.0,1712513114.0,5.0,,0.0,5.0,5.0,,,,,poseidon,local,poseidon-submit,pegasus::rc-client,/mnt/poseidon-data/poseidon/pegasus-5.1.0panorama/bin/pegasus-rc-client,"-n pegasus::rc-client -N null -R local  -L pycbc-inference -T 2024-03-26T22:56:52+00:00 /home/poseidon/pegasus-5.1.0panorama/bin/pegasus-rc-client --prefix pegasus.catalog.replica.output --conf /mnt/poseidon-data/poseidon/workflows/pycbc/inference/poseidon/submit/poseidon/pegasus/pycbc-inference/run0337/pegasus.12840769323628699211.properties -v --meta /mnt/poseidon-data/poseidon/workflows/pycbc/inference/poseidon/submit/poseidon/pegasus/pycbc-inference/run0337/00/00/plot_prior_ID6_ID0000006.meta,/mnt/poseidon-data/poseidon/workflows/pycbc/inference/poseidon/submit/poseidon/pegasus/pycbc-inference/run0337/00/00/page_versioning_ID8_ID0000008.meta,/mnt/poseidon-data/poseidon/workflows/pycbc/inference/poseidon/submit/poseidon/pegasus/pycbc-inference/run0337/00/00/inference_ID1_ID0000001.meta --insert /mnt/poseidon-data/poseidon/workflows/pycbc/inference/poseidon/submit/poseidon/pegasus/pycbc-inference/run0337/00/00/register_condorpool_0_0.in",2.8,0,0,,,,,,,,,
stage_out_local_condorpool_1_0,None,transfer,0,1712513514.0,,,1712513519.0,,,0.0,1712513519.0,1712513529.0,1712513519.0,1712513523.0,86072304.0,1712513529.0,1712513534.0,5.0,,0.0,10.0,5.0,,,4.0,346689731.0,poseidon,local,poseidon-submit,pegasus::transfer,/mnt/poseidon-data/poseidon/pegasus-5.1.0panorama/bin/pegasus-transfer,/home/poseidon/pegasus-5.1.0panorama/bin/../bin/pegasus-kickstart  -n pegasus::transfer -N null -i - -R local  -L pycbc-inference -T 2024-03-26T22:56:52+00:00 /home/poseidon/pegasus-5.1.0panorama/bin/../bin/pegasus-transfer  --threads 2,1.2,0,0,,,,,,,,,
plot_posterior_summary_ID4_ID0000004,hdd_5,compute,0,1712513514.0,,,1712513519.0,1712513520.0,1712513593.0,30384960.9,1712513519.0,1712514215.0,1712514206.0,1712514209.0,21531.0,1712514215.0,1712514220.0,5.0,,0.0,696.0,5.0,73.0,1726381199.0,3.0,68671.0,poseidon,condorpool,poseidon-worker-1-container-44-47,plot_posterior_summary_ID4,/usr/local/bin/pycbc_inference_plot_posterior,,4.2,0,0,,,,,,,,,
table_summary_ID3_ID0000003,hdd_5,compute,0,1712513514.0,,,1712513519.0,1712513520.0,1712513559.0,85174986.4,1712513519.0,1712514215.0,1712514206.0,1712514209.0,1014.0,1712514215.0,1712514220.0,5.0,,0.0,696.0,5.0,39.0,1726378115.0,3.0,3218.0,poseidon,condorpool,poseidon-worker-1-container-44-47,table_summary_ID3,/usr/local/bin/pycbc_inference_table_summary,,3.1,0,0,,,,,,,,,
plot_posterior_ID5_ID0000005,None,compute,0,1712513514.0,,,1712513519.0,1712513520.0,1712513537.0,151661672.6,1712513519.0,1712513559.0,1712513549.0,1712513552.0,44105.0,1712513559.0,1712513564.0,5.0,,0.0,40.0,5.0,17.0,1726381199.0,3.0,141812.0,poseidon,condorpool,poseidon-worker-2-container-44-47,plot_posterior_ID5,/usr/local/bin/pycbc_inference_plot_posterior,,5.6,0,0,0.0,36691423.0,63083.0,8607.0,34.0,3.4,1.5,3669142.3,6308.3
register_condorpool_1_0,None,auxiliary,0,1712513534.0,,,1712513539.0,,,0.0,1712513539.0,1712513544.0,,,0.0,1712513544.0,1712513549.0,5.0,,0.0,5.0,5.0,,,,,poseidon,local,poseidon-submit,pegasus::rc-client,/mnt/poseidon-data/poseidon/pegasus-5.1.0panorama/bin/pegasus-rc-client,"-n pegasus::rc-client -N null -R local  -L pycbc-inference -T 2024-03-26T22:56:52+00:00 /home/poseidon/pegasus-5.1.0panorama/bin/pegasus-rc-client --prefix pegasus.catalog.replica.output --conf /mnt/poseidon-data/poseidon/workflows/pycbc/inference/poseidon/submit/poseidon/pegasus/pycbc-inference/run0337/pegasus.12840769323628699211.properties -v --meta /mnt/poseidon-data/poseidon/workflows/pycbc/inference/poseidon/submit/poseidon/pegasus/pycbc-inference/run0337/00/00/plot_spectrum_ID7_ID0000007.meta,/mnt/poseidon-data/poseidon/workflows/pycbc/inference/poseidon/submit/poseidon/pegasus/pycbc-inference/run0337/00/00/extract_posterior_ID2_ID0000002.meta --insert /mnt/poseidon-data/poseidon/workflows/pycbc/inference/poseidon/submit/poseidon/pegasus/pycbc-inference/run0337/00/00/register_condorpool_1_0.in",3.0,0,0,,,,,,,,,
results_page_ID9_ID0000009,hdd_5,compute,0,1712514220.0,,,1712514225.0,1712514226.0,1712514234.0,177027921.0,1712514225.0,1712514255.0,,,0.0,1712514255.0,1712514260.0,5.0,,0.0,30.0,5.0,8.0,1379880960.0,,,poseidon,condorpool,poseidon-worker-1-container-44-47,results_page_ID9,/usr/local/bin/pycbc_make_html_page,,12.2,0,0,0.1,37596242.0,6831190.0,10833.0,455.0,8.4,1.5,1879812.1,341559.5
stage_out_local_condorpool_2_0,None,transfer,0,1712514220.0,,,1712514225.0,,,0.0,1712514225.0,1712514235.0,1712514225.0,1712514229.0,53080.0,1712514235.0,1712514240.0,5.0,,0.0,10.0,5.0,,,4.0,213701.0,poseidon,local,poseidon-submit,pegasus::transfer,/mnt/poseidon-data/poseidon/pegasus-5.1.0panorama/bin/pegasus-transfer,/home/poseidon/pegasus-5.1.0panorama/bin/../bin/pegasus-kickstart  -n pegasus::transfer -N null -i - -R local  -L pycbc-inference -T 2024-03-26T22:56:52+00:00 /home/poseidon/pegasus-5.1.0panorama/bin/../bin/pegasus-transfer  --threads 2,0.5,0,0,,,,,,,,,
register_condorpool_2_0,None,auxiliary,0,1712514240.0,,,1712514245.0,,,0.0,1712514245.0,1712514250.0,,,0.0,1712514250.0,1712514255.0,5.0,,0.0,5.0,5.0,,,,,poseidon,local,poseidon-submit,pegasus::rc-client,/mnt/poseidon-data/poseidon/pegasus-5.1.0panorama/bin/pegasus-rc-client,"-n pegasus::rc-client -N null -R local  -L pycbc-inference -T 2024-03-26T22:56:52+00:00 /home/poseidon/pegasus-5.1.0panorama/bin/pegasus-rc-client --prefix pegasus.catalog.replica.output --conf /mnt/poseidon-data/poseidon/workflows/pycbc/inference/poseidon/submit/poseidon/pegasus/pycbc-inference/run0337/pegasus.12840769323628699211.properties -v --meta /mnt/poseidon-data/poseidon/workflows/pycbc/inference/poseidon/submit/poseidon/pegasus/pycbc-inference/run0337/00/00/table_summary_ID3_ID0000003.meta,/mnt/poseidon-data/poseidon/workflows/pycbc/inference/poseidon/submit/poseidon/pegasus/pycbc-inference/run0337/00/00/plot_posterior_summary_ID4_ID0000004.meta,/mnt/poseidon-data/poseidon/workflows/pycbc/inference/poseidon/submit/poseidon/pegasus/pycbc-inference/run0337/00/00/plot_posterior_ID5_ID0000005.meta --insert /mnt/poseidon-data/poseidon/workflows/pycbc/inference/poseidon/submit/poseidon/pegasus/pycbc-inference/run0337/00/00/register_condorpool_2_0.in",2.7,0,0,,,,,,,,,
cleanup_pycbc-inference_0_condorpool,None,auxiliary,0,1712514260.0,,,1712514265.0,,,0.0,1712514265.0,1712514275.0,,,0.0,1712514275.0,1712514280.0,5.0,,0.0,10.0,5.0,,,,,poseidon,local,poseidon-submit,pegasus::cleanup,/mnt/poseidon-data/poseidon/pegasus-5.1.0panorama/bin/pegasus-transfer,pegasus-kickstart  -n pegasus::cleanup -N null -i - -R local  -L pycbc-inference -T 2024-03-26T22:56:52+00:00 pegasus-transfer,0.2,0,0,,,,,,,,,
