,anomaly_type,type,is_clustered,ready,pre_script_start,pre_script_end,submit,stage_in_start,stage_in_end,stage_in_effective_bytes_per_sec,execute_start,execute_end,stage_out_start,stage_out_end,stage_out_effective_bytes_per_sec,post_script_start,post_script_end,wms_delay,pre_script_delay,queue_delay,runtime,post_script_delay,stage_in_delay,stage_in_bytes,stage_out_delay,stage_out_bytes,kickstart_user,kickstart_site,kickstart_hostname,kickstart_transformations,kickstart_executables,kickstart_executables_argv,kickstart_executables_cpu_time,kickstart_status,kickstart_executables_exitcode,kickstart_online_iowait,kickstart_online_bytes_read,kickstart_online_bytes_written,kickstart_online_read_system_calls,kickstart_online_write_system_calls,kickstart_online_utime,kickstart_online_stime,kickstart_online_bytes_read_per_second,kickstart_online_bytes_written_per_second
create_dir_pycbc-inference_0_condorpool,None,auxiliary,0,1712373891.0,,,1712373892.0,,,0.0,1712373896.0,1712373902.0,,,0.0,1712373902.0,1712373907.0,1.0,,4.0,6.0,5.0,,,,,poseidon,local,poseidon-submit,pegasus::dirmanager,/mnt/poseidon-data/poseidon/pegasus-5.1.0panorama/bin/pegasus-transfer,pegasus-kickstart  -n pegasus::dirmanager -N null -i - -R local  -L pycbc-inference -T 2024-03-26T22:56:52+00:00 pegasus-transfer,0.2,0,0,,,,,,,,,
inference_ID1_ID0000001,None,compute,0,1712373907.0,,,1712373912.0,1712373916.0,1712373933.0,139411470.3,1712373915.0,1712374012.0,1712373996.0,1712374002.0,56467325.0,1712374012.0,1712374017.0,5.0,,3.0,97.0,5.0,17.0,1564500734.0,6.0,346481833.0,poseidon,condorpool,poseidon-worker-2-container-0-3,inference_ID1,/usr/local/bin/pycbc_inference,,58.3,0,0,0.0,1534514893.0,726098408.0,55562.0,24258.0,51.7,4.8,13950135.4,7260984.1
page_versioning_ID8_ID0000008,None,compute,0,1712373907.0,,,1712373912.0,1712373916.0,1712373924.0,174033423.0,1712373915.0,1712373957.0,1712373944.0,1712373947.0,1698.0,1712373957.0,1712373962.0,5.0,,3.0,42.0,5.0,8.0,1379880960.0,3.0,5344.0,poseidon,condorpool,poseidon-worker-2-container-40-43,page_versioning_ID8,/usr/local/bin/pycbc_page_versioning,,14.6,0,0,0.0,207722269.0,263165.0,36210.0,221.0,2.0,1.6,10386113.4,13158.2
plot_prior_ID6_ID0000006,None,compute,0,1712373907.0,,,1712373912.0,1712373916.0,1712373931.0,136900129.6,1712373915.0,1712373957.0,1712373946.0,1712373949.0,43316.0,1712373957.0,1712373962.0,5.0,,3.0,42.0,5.0,15.0,1379884044.0,3.0,134842.0,poseidon,condorpool,poseidon-worker-2-container-44-47,plot_prior_ID6,/usr/local/bin/pycbc_inference_plot_prior,,9.5,0,0,0.0,36029015.0,63083.0,8191.0,34.0,3.3,1.5,3602901.5,6308.3
extract_posterior_ID2_ID0000002,None,compute,0,1712374017.0,,,1712374022.0,1712374023.0,1712374040.0,151379016.1,1712374022.0,1712374062.0,1712374050.0,1712374057.0,56226462.0,1712374062.0,1712374067.0,5.0,,0.0,40.0,5.0,17.0,1726362793.0,7.0,346481225.0,poseidon,condorpool,poseidon-worker-2-container-40-43,extract_posterior_ID2,/usr/local/bin/pycbc_inference_extract_samples,,2.4,0,0,,,,,,,,,
plot_spectrum_ID7_ID0000007,None,compute,0,1712374017.0,,,1712374022.0,1712374023.0,1712374040.0,151338281.8,1712374022.0,1712374062.0,1712374050.0,1712374054.0,59701.0,1712374062.0,1712374067.0,5.0,,0.0,40.0,5.0,17.0,1726362793.0,4.0,192576.0,poseidon,condorpool,poseidon-worker-2-container-44-47,plot_spectrum_ID7,/usr/local/bin/pycbc_plot_psd_file,,4.0,0,0,,,,,,,,,
stage_out_local_condorpool_0_0,None,transfer,0,1712374017.0,,,1712374022.0,,,0.0,1712374022.0,1712374032.0,1712374022.0,1712374026.0,86074686.0,1712374032.0,1712374037.0,5.0,,0.0,10.0,5.0,,,4.0,346622019.0,poseidon,local,poseidon-submit,pegasus::transfer,/mnt/poseidon-data/poseidon/pegasus-5.1.0panorama/bin/pegasus-transfer,/home/poseidon/pegasus-5.1.0panorama/bin/../bin/pegasus-kickstart  -n pegasus::transfer -N null -i - -R local  -L pycbc-inference -T 2024-03-26T22:56:52+00:00 /home/poseidon/pegasus-5.1.0panorama/bin/../bin/pegasus-transfer  --threads 2,1.3,0,0,,,,,,,,,
register_condorpool_0_0,None,auxiliary,0,1712374037.0,,,1712374042.0,,,0.0,1712374042.0,1712374047.0,,,0.0,1712374047.0,1712374052.0,5.0,,0.0,5.0,5.0,,,,,poseidon,local,poseidon-submit,pegasus::rc-client,/mnt/poseidon-data/poseidon/pegasus-5.1.0panorama/bin/pegasus-rc-client,"-n pegasus::rc-client -N null -R local  -L pycbc-inference -T 2024-03-26T22:56:52+00:00 /home/poseidon/pegasus-5.1.0panorama/bin/pegasus-rc-client --prefix pegasus.catalog.replica.output --conf /mnt/poseidon-data/poseidon/workflows/pycbc/inference/poseidon/submit/poseidon/pegasus/pycbc-inference/run0045/pegasus.14735373030371514849.properties -v --meta /mnt/poseidon-data/poseidon/workflows/pycbc/inference/poseidon/submit/poseidon/pegasus/pycbc-inference/run0045/00/00/plot_prior_ID6_ID0000006.meta,/mnt/poseidon-data/poseidon/workflows/pycbc/inference/poseidon/submit/poseidon/pegasus/pycbc-inference/run0045/00/00/page_versioning_ID8_ID0000008.meta,/mnt/poseidon-data/poseidon/workflows/pycbc/inference/poseidon/submit/poseidon/pegasus/pycbc-inference/run0045/00/00/inference_ID1_ID0000001.meta --insert /mnt/poseidon-data/poseidon/workflows/pycbc/inference/poseidon/submit/poseidon/pegasus/pycbc-inference/run0045/00/00/register_condorpool_0_0.in",2.7,0,0,,,,,,,,,
stage_out_local_condorpool_1_0,None,transfer,0,1712374067.0,,,1712374072.0,,,0.0,1712374073.0,1712374087.0,1712374073.0,1712374077.0,86065904.0,1712374087.0,1712374092.0,5.0,,1.0,14.0,5.0,,,4.0,346673801.0,poseidon,local,poseidon-submit,pegasus::transfer,/mnt/poseidon-data/poseidon/pegasus-5.1.0panorama/bin/pegasus-transfer,/home/poseidon/pegasus-5.1.0panorama/bin/../bin/pegasus-kickstart  -n pegasus::transfer -N null -i - -R local  -L pycbc-inference -T 2024-03-26T22:56:52+00:00 /home/poseidon/pegasus-5.1.0panorama/bin/../bin/pegasus-transfer  --threads 2,1.3,0,0,,,,,,,,,
plot_posterior_summary_ID4_ID0000004,None,compute,0,1712374067.0,,,1712374072.0,1712374074.0,1712374091.0,143567062.8,1712374073.0,1712374112.0,1712374102.0,1712374105.0,22977.0,1712374112.0,1712374117.0,5.0,,1.0,39.0,5.0,17.0,1726365269.0,3.0,70768.0,poseidon,condorpool,poseidon-worker-2-container-40-43,plot_posterior_summary_ID4,/usr/local/bin/pycbc_inference_plot_posterior,,4.0,0,0,,,,,,,,,
table_summary_ID3_ID0000003,None,compute,0,1712374067.0,,,1712374072.0,1712374074.0,1712374091.0,149144163.4,1712374073.0,1712374112.0,1712374100.0,1712374103.0,1017.0,1712374112.0,1712374117.0,5.0,,1.0,39.0,5.0,17.0,1726362185.0,3.0,3212.0,poseidon,condorpool,poseidon-worker-2-container-44-47,table_summary_ID3,/usr/local/bin/pycbc_inference_table_summary,,2.9,0,0,,,,,,,,,
plot_posterior_ID5_ID0000005,None,compute,0,1712374067.0,,,1712374072.0,1712374074.0,1712374091.0,150571607.2,1712374073.0,1712374112.0,1712374103.0,1712374106.0,49720.0,1712374112.0,1712374117.0,5.0,,1.0,39.0,5.0,17.0,1726365269.0,3.0,154471.0,poseidon,condorpool,poseidon-worker-2-container-44-47,plot_posterior_ID5,/usr/local/bin/pycbc_inference_plot_posterior,,5.8,0,0,0.0,36395894.0,63083.0,8449.0,34.0,3.3,1.5,3639589.4,6308.3
register_condorpool_1_0,None,auxiliary,0,1712374092.0,,,1712374097.0,,,0.0,1712374097.0,1712374102.0,,,0.0,1712374102.0,1712374107.0,5.0,,0.0,5.0,5.0,,,,,poseidon,local,poseidon-submit,pegasus::rc-client,/mnt/poseidon-data/poseidon/pegasus-5.1.0panorama/bin/pegasus-rc-client,"-n pegasus::rc-client -N null -R local  -L pycbc-inference -T 2024-03-26T22:56:52+00:00 /home/poseidon/pegasus-5.1.0panorama/bin/pegasus-rc-client --prefix pegasus.catalog.replica.output --conf /mnt/poseidon-data/poseidon/workflows/pycbc/inference/poseidon/submit/poseidon/pegasus/pycbc-inference/run0045/pegasus.14735373030371514849.properties -v --meta /mnt/poseidon-data/poseidon/workflows/pycbc/inference/poseidon/submit/poseidon/pegasus/pycbc-inference/run0045/00/00/plot_spectrum_ID7_ID0000007.meta,/mnt/poseidon-data/poseidon/workflows/pycbc/inference/poseidon/submit/poseidon/pegasus/pycbc-inference/run0045/00/00/extract_posterior_ID2_ID0000002.meta --insert /mnt/poseidon-data/poseidon/workflows/pycbc/inference/poseidon/submit/poseidon/pegasus/pycbc-inference/run0045/00/00/register_condorpool_1_0.in",2.6,0,0,,,,,,,,,
results_page_ID9_ID0000009,None,compute,0,1712374117.0,,,1712374122.0,1712374123.0,1712374131.0,171416511.0,1712374123.0,1712374152.0,,,0.0,1712374152.0,1712374157.0,5.0,,1.0,29.0,5.0,8.0,1379880960.0,,,poseidon,condorpool,poseidon-worker-2-container-44-47,results_page_ID9,/usr/local/bin/pycbc_make_html_page,,12.6,0,0,0.0,37459306.0,6279492.0,10688.0,413.0,8.3,1.6,1872965.3,313974.6
stage_out_local_condorpool_2_0,None,transfer,0,1712374117.0,,,1712374122.0,,,0.0,1712374122.0,1712374132.0,1712374122.0,1712374126.0,56740.0,1712374132.0,1712374137.0,5.0,,0.0,10.0,5.0,,,4.0,228451.0,poseidon,local,poseidon-submit,pegasus::transfer,/mnt/poseidon-data/poseidon/pegasus-5.1.0panorama/bin/pegasus-transfer,/home/poseidon/pegasus-5.1.0panorama/bin/../bin/pegasus-kickstart  -n pegasus::transfer -N null -i - -R local  -L pycbc-inference -T 2024-03-26T22:56:52+00:00 /home/poseidon/pegasus-5.1.0panorama/bin/../bin/pegasus-transfer  --threads 2,0.5,0,0,,,,,,,,,
register_condorpool_2_0,None,auxiliary,0,1712374137.0,,,1712374142.0,,,0.0,1712374142.0,1712374147.0,,,0.0,1712374147.0,1712374152.0,5.0,,0.0,5.0,5.0,,,,,poseidon,local,poseidon-submit,pegasus::rc-client,/mnt/poseidon-data/poseidon/pegasus-5.1.0panorama/bin/pegasus-rc-client,"-n pegasus::rc-client -N null -R local  -L pycbc-inference -T 2024-03-26T22:56:52+00:00 /home/poseidon/pegasus-5.1.0panorama/bin/pegasus-rc-client --prefix pegasus.catalog.replica.output --conf /mnt/poseidon-data/poseidon/workflows/pycbc/inference/poseidon/submit/poseidon/pegasus/pycbc-inference/run0045/pegasus.14735373030371514849.properties -v --meta /mnt/poseidon-data/poseidon/workflows/pycbc/inference/poseidon/submit/poseidon/pegasus/pycbc-inference/run0045/00/00/table_summary_ID3_ID0000003.meta,/mnt/poseidon-data/poseidon/workflows/pycbc/inference/poseidon/submit/poseidon/pegasus/pycbc-inference/run0045/00/00/plot_posterior_summary_ID4_ID0000004.meta,/mnt/poseidon-data/poseidon/workflows/pycbc/inference/poseidon/submit/poseidon/pegasus/pycbc-inference/run0045/00/00/plot_posterior_ID5_ID0000005.meta --insert /mnt/poseidon-data/poseidon/workflows/pycbc/inference/poseidon/submit/poseidon/pegasus/pycbc-inference/run0045/00/00/register_condorpool_2_0.in",2.7,0,0,,,,,,,,,
cleanup_pycbc-inference_0_condorpool,None,auxiliary,0,1712374157.0,,,1712374162.0,,,0.0,1712374162.0,1712374172.0,,,0.0,1712374172.0,1712374177.0,5.0,,0.0,10.0,5.0,,,,,poseidon,local,poseidon-submit,pegasus::cleanup,/mnt/poseidon-data/poseidon/pegasus-5.1.0panorama/bin/pegasus-transfer,pegasus-kickstart  -n pegasus::cleanup -N null -i - -R local  -L pycbc-inference -T 2024-03-26T22:56:52+00:00 pegasus-transfer,0.2,0,0,,,,,,,,,
