,anomaly_type,type,is_clustered,ready,pre_script_start,pre_script_end,submit,stage_in_start,stage_in_end,stage_in_effective_bytes_per_sec,execute_start,execute_end,stage_out_start,stage_out_end,stage_out_effective_bytes_per_sec,post_script_start,post_script_end,wms_delay,pre_script_delay,queue_delay,runtime,post_script_delay,stage_in_delay,stage_in_bytes,stage_out_delay,stage_out_bytes,kickstart_user,kickstart_site,kickstart_hostname,kickstart_transformations,kickstart_executables,kickstart_executables_argv,kickstart_executables_cpu_time,kickstart_status,kickstart_executables_exitcode,kickstart_online_iowait,kickstart_online_bytes_read,kickstart_online_bytes_written,kickstart_online_read_system_calls,kickstart_online_write_system_calls,kickstart_online_utime,kickstart_online_stime,kickstart_online_bytes_read_per_second,kickstart_online_bytes_written_per_second
create_dir_pycbc-inference_0_condorpool,None,auxiliary,0,1712631614.0,,,1712631615.0,,,0.0,1712631619.0,1712631625.0,,,0.0,1712631625.0,1712631630.0,1.0,,4.0,6.0,5.0,,,,,poseidon,local,poseidon-submit,pegasus::dirmanager,/mnt/poseidon-data/poseidon/pegasus-5.1.0panorama/bin/pegasus-transfer,pegasus-kickstart  -n pegasus::dirmanager -N null -i - -R local  -L pycbc-inference -T 2024-03-26T22:56:52+00:00 pegasus-transfer,0.2,0,0,,,,,,,,,
inference_ID1_ID0000001,hdd_10,compute,0,1712631630.0,,,1712631635.0,1712631654.0,1712631671.0,139795943.7,1712631653.0,1712631860.0,1712631845.0,1712631851.0,56095839.0,1712631860.0,1712631865.0,5.0,,18.0,207.0,5.0,17.0,1564500734.0,6.0,346434363.0,poseidon,condorpool,poseidon-worker-2-container-44-47,inference_ID1,/usr/local/bin/pycbc_inference,,54.8,0,0,0.0,1531709258.0,723296682.0,49388.0,20994.0,44.6,4.5,15317092.6,7232966.8
page_versioning_ID8_ID0000008,None,compute,0,1712631630.0,,,1712631635.0,1712631654.0,1712631662.0,176436098.0,1712631653.0,1712631855.0,1712631845.0,1712631848.0,1676.0,1712631855.0,1712631860.0,5.0,,18.0,202.0,5.0,8.0,1379880960.0,3.0,5344.0,poseidon,condorpool,poseidon-worker-2-container-36-39,page_versioning_ID8,/usr/local/bin/pycbc_page_versioning,,14.0,0,0,0.1,198814898.0,234791.0,34197.0,195.0,1.6,1.3,9940744.9,11739.5
plot_prior_ID6_ID0000006,None,compute,0,1712631630.0,,,1712631635.0,1712631654.0,1712631669.0,137862844.6,1712631653.0,1712631695.0,1712631684.0,1712631687.0,41956.0,1712631695.0,1712631700.0,5.0,,18.0,42.0,5.0,15.0,1379884044.0,3.0,133927.0,poseidon,condorpool,poseidon-worker-1-container-40-43,plot_prior_ID6,/usr/local/bin/pycbc_inference_plot_prior,,8.9,0,0,0.1,36213819.0,63083.0,8334.0,34.0,3.5,1.3,3621381.9,6308.3
extract_posterior_ID2_ID0000002,hdd_10,compute,0,1712631865.0,,,1712631870.0,1712631871.0,1712631889.0,142115870.1,1712631870.0,1712632095.0,1712632081.0,1712632087.0,55998047.0,1712632095.0,1712632100.0,5.0,,0.0,225.0,5.0,18.0,1726315323.0,6.0,346433755.0,poseidon,condorpool,poseidon-worker-2-container-44-47,extract_posterior_ID2,/usr/local/bin/pycbc_inference_extract_samples,,2.4,0,0,,,,,,,,,
plot_spectrum_ID7_ID0000007,None,compute,0,1712631865.0,,,1712631870.0,1712631871.0,1712631889.0,141086079.5,1712631870.0,1712632090.0,1712632081.0,1712632084.0,59341.0,1712632090.0,1712632095.0,5.0,,0.0,220.0,5.0,18.0,1726315323.0,3.0,192576.0,poseidon,condorpool,poseidon-worker-2-container-36-39,plot_spectrum_ID7,/usr/local/bin/pycbc_plot_psd_file,,3.7,0,0,,,,,,,,,
stage_out_local_condorpool_0_0,None,transfer,0,1712631865.0,,,1712631870.0,,,0.0,1712631870.0,1712631880.0,1712631870.0,1712631874.0,86068220.0,1712631880.0,1712631885.0,5.0,,0.0,10.0,5.0,,,4.0,346573634.0,poseidon,local,poseidon-submit,pegasus::transfer,/mnt/poseidon-data/poseidon/pegasus-5.1.0panorama/bin/pegasus-transfer,/home/poseidon/pegasus-5.1.0panorama/bin/../bin/pegasus-kickstart  -n pegasus::transfer -N null -i - -R local  -L pycbc-inference -T 2024-03-26T22:56:52+00:00 /home/poseidon/pegasus-5.1.0panorama/bin/../bin/pegasus-transfer  --threads 2,1.4,0,0,,,,,,,,,
register_condorpool_0_0,None,auxiliary,0,1712631885.0,,,1712631890.0,,,0.0,1712631890.0,1712631895.0,,,0.0,1712631895.0,1712631900.0,5.0,,0.0,5.0,5.0,,,,,poseidon,local,poseidon-submit,pegasus::rc-client,/mnt/poseidon-data/poseidon/pegasus-5.1.0panorama/bin/pegasus-rc-client,"-n pegasus::rc-client -N null -R local  -L pycbc-inference -T 2024-03-26T22:56:52+00:00 /home/poseidon/pegasus-5.1.0panorama/bin/pegasus-rc-client --prefix pegasus.catalog.replica.output --conf /mnt/poseidon-data/poseidon/workflows/pycbc/inference/poseidon/submit/poseidon/pegasus/pycbc-inference/run0440/pegasus.1453825993164494739.properties -v --meta /mnt/poseidon-data/poseidon/workflows/pycbc/inference/poseidon/submit/poseidon/pegasus/pycbc-inference/run0440/00/00/plot_prior_ID6_ID0000006.meta,/mnt/poseidon-data/poseidon/workflows/pycbc/inference/poseidon/submit/poseidon/pegasus/pycbc-inference/run0440/00/00/inference_ID1_ID0000001.meta,/mnt/poseidon-data/poseidon/workflows/pycbc/inference/poseidon/submit/poseidon/pegasus/pycbc-inference/run0440/00/00/page_versioning_ID8_ID0000008.meta --insert /mnt/poseidon-data/poseidon/workflows/pycbc/inference/poseidon/submit/poseidon/pegasus/pycbc-inference/run0440/00/00/register_condorpool_0_0.in",2.8,0,0,,,,,,,,,
stage_out_local_condorpool_1_0,None,transfer,0,1712632100.0,,,1712632105.0,,,0.0,1712632105.0,1712632115.0,1712632105.0,1712632109.0,85917558.0,1712632115.0,1712632120.0,5.0,,0.0,10.0,5.0,,,4.0,346626331.0,poseidon,local,poseidon-submit,pegasus::transfer,/mnt/poseidon-data/poseidon/pegasus-5.1.0panorama/bin/pegasus-transfer,/home/poseidon/pegasus-5.1.0panorama/bin/../bin/pegasus-kickstart  -n pegasus::transfer -N null -i - -R local  -L pycbc-inference -T 2024-03-26T22:56:52+00:00 /home/poseidon/pegasus-5.1.0panorama/bin/../bin/pegasus-transfer  --threads 2,1.2,0,0,,,,,,,,,
plot_posterior_summary_ID4_ID0000004,hdd_10,compute,0,1712632100.0,,,1712632105.0,1712632106.0,1712632138.0,89077550.7,1712632105.0,1712632470.0,1712632457.0,1712632460.0,21323.0,1712632470.0,1712632475.0,5.0,,0.0,365.0,5.0,32.0,1726317799.0,3.0,68522.0,poseidon,condorpool,poseidon-worker-2-container-44-47,plot_posterior_summary_ID4,/usr/local/bin/pycbc_inference_plot_posterior,,4.0,0,0,,,,,,,,,
table_summary_ID3_ID0000003,None,compute,0,1712632100.0,,,1712632105.0,1712632106.0,1712632124.0,142814925.1,1712632105.0,1712632470.0,1712632457.0,1712632460.0,1016.0,1712632470.0,1712632475.0,5.0,,0.0,365.0,5.0,18.0,1726314715.0,3.0,3214.0,poseidon,condorpool,poseidon-worker-2-container-36-39,table_summary_ID3,/usr/local/bin/pycbc_inference_table_summary,,3.0,0,0,,,,,,,,,
plot_posterior_ID5_ID0000005,hdd_10,compute,0,1712632100.0,,,1712632105.0,1712632106.0,1712632141.0,79544286.6,1712632105.0,1712632470.0,1712632457.0,1712632460.0,46092.0,1712632470.0,1712632475.0,5.0,,0.0,365.0,5.0,35.0,1726317799.0,3.0,148658.0,poseidon,condorpool,poseidon-worker-2-container-44-47,plot_posterior_ID5,/usr/local/bin/pycbc_inference_plot_posterior,,5.3,0,0,258.0,38583555.0,211212.0,10882.0,41.0,3.7,1.4,71451.0,10560.6
register_condorpool_1_0,None,auxiliary,0,1712632120.0,,,1712632125.0,,,0.0,1712632125.0,1712632130.0,,,0.0,1712632130.0,1712632135.0,5.0,,0.0,5.0,5.0,,,,,poseidon,local,poseidon-submit,pegasus::rc-client,/mnt/poseidon-data/poseidon/pegasus-5.1.0panorama/bin/pegasus-rc-client,"-n pegasus::rc-client -N null -R local  -L pycbc-inference -T 2024-03-26T22:56:52+00:00 /home/poseidon/pegasus-5.1.0panorama/bin/pegasus-rc-client --prefix pegasus.catalog.replica.output --conf /mnt/poseidon-data/poseidon/workflows/pycbc/inference/poseidon/submit/poseidon/pegasus/pycbc-inference/run0440/pegasus.1453825993164494739.properties -v --meta /mnt/poseidon-data/poseidon/workflows/pycbc/inference/poseidon/submit/poseidon/pegasus/pycbc-inference/run0440/00/00/plot_spectrum_ID7_ID0000007.meta,/mnt/poseidon-data/poseidon/workflows/pycbc/inference/poseidon/submit/poseidon/pegasus/pycbc-inference/run0440/00/00/extract_posterior_ID2_ID0000002.meta --insert /mnt/poseidon-data/poseidon/workflows/pycbc/inference/poseidon/submit/poseidon/pegasus/pycbc-inference/run0440/00/00/register_condorpool_1_0.in",2.8,0,0,,,,,,,,,
results_page_ID9_ID0000009,hdd_10,compute,0,1712632475.0,,,1712632480.0,1712632481.0,1712632489.0,166144554.0,1712632480.0,1712632625.0,,,0.0,1712632625.0,1712632630.0,5.0,,0.0,145.0,5.0,8.0,1379880960.0,,,poseidon,condorpool,poseidon-worker-2-container-44-47,results_page_ID9,/usr/local/bin/pycbc_make_html_page,,12.5,0,0,0.0,37487192.0,6279492.0,10714.0,413.0,8.3,1.6,1874359.6,313974.6
stage_out_local_condorpool_2_0,None,transfer,0,1712632475.0,,,1712632480.0,,,0.0,1712632480.0,1712632490.0,1712632480.0,1712632484.0,54722.0,1712632490.0,1712632495.0,5.0,,0.0,10.0,5.0,,,4.0,220394.0,poseidon,local,poseidon-submit,pegasus::transfer,/mnt/poseidon-data/poseidon/pegasus-5.1.0panorama/bin/pegasus-transfer,/home/poseidon/pegasus-5.1.0panorama/bin/../bin/pegasus-kickstart  -n pegasus::transfer -N null -i - -R local  -L pycbc-inference -T 2024-03-26T22:56:52+00:00 /home/poseidon/pegasus-5.1.0panorama/bin/../bin/pegasus-transfer  --threads 2,0.5,0,0,,,,,,,,,
register_condorpool_2_0,None,auxiliary,0,1712632495.0,,,1712632500.0,,,0.0,1712632500.0,1712632505.0,,,0.0,1712632505.0,1712632510.0,5.0,,0.0,5.0,5.0,,,,,poseidon,local,poseidon-submit,pegasus::rc-client,/mnt/poseidon-data/poseidon/pegasus-5.1.0panorama/bin/pegasus-rc-client,"-n pegasus::rc-client -N null -R local  -L pycbc-inference -T 2024-03-26T22:56:52+00:00 /home/poseidon/pegasus-5.1.0panorama/bin/pegasus-rc-client --prefix pegasus.catalog.replica.output --conf /mnt/poseidon-data/poseidon/workflows/pycbc/inference/poseidon/submit/poseidon/pegasus/pycbc-inference/run0440/pegasus.1453825993164494739.properties -v --meta /mnt/poseidon-data/poseidon/workflows/pycbc/inference/poseidon/submit/poseidon/pegasus/pycbc-inference/run0440/00/00/table_summary_ID3_ID0000003.meta,/mnt/poseidon-data/poseidon/workflows/pycbc/inference/poseidon/submit/poseidon/pegasus/pycbc-inference/run0440/00/00/plot_posterior_ID5_ID0000005.meta,/mnt/poseidon-data/poseidon/workflows/pycbc/inference/poseidon/submit/poseidon/pegasus/pycbc-inference/run0440/00/00/plot_posterior_summary_ID4_ID0000004.meta --insert /mnt/poseidon-data/poseidon/workflows/pycbc/inference/poseidon/submit/poseidon/pegasus/pycbc-inference/run0440/00/00/register_condorpool_2_0.in",2.7,0,0,,,,,,,,,
cleanup_pycbc-inference_0_condorpool,None,auxiliary,0,1712632630.0,,,1712632635.0,,,0.0,1712632635.0,1712632645.0,,,0.0,1712632645.0,1712632650.0,5.0,,0.0,10.0,5.0,,,,,poseidon,local,poseidon-submit,pegasus::cleanup,/mnt/poseidon-data/poseidon/pegasus-5.1.0panorama/bin/pegasus-transfer,pegasus-kickstart  -n pegasus::cleanup -N null -i - -R local  -L pycbc-inference -T 2024-03-26T22:56:52+00:00 pegasus-transfer,0.2,0,0,,,,,,,,,
