,anomaly_type,type,is_clustered,ready,pre_script_start,pre_script_end,submit,stage_in_start,stage_in_end,stage_in_effective_bytes_per_sec,execute_start,execute_end,stage_out_start,stage_out_end,stage_out_effective_bytes_per_sec,post_script_start,post_script_end,wms_delay,pre_script_delay,queue_delay,runtime,post_script_delay,stage_in_delay,stage_in_bytes,stage_out_delay,stage_out_bytes,kickstart_user,kickstart_site,kickstart_hostname,kickstart_transformations,kickstart_executables,kickstart_executables_argv,kickstart_executables_cpu_time,kickstart_status,kickstart_executables_exitcode,kickstart_online_iowait,kickstart_online_bytes_read,kickstart_online_bytes_written,kickstart_online_read_system_calls,kickstart_online_write_system_calls,kickstart_online_utime,kickstart_online_stime,kickstart_online_bytes_read_per_second,kickstart_online_bytes_written_per_second
create_dir_pycbc-inference_0_condorpool,None,auxiliary,0,1712404811.0,,,1712404812.0,,,0.0,1712404816.0,1712404822.0,,,0.0,1712404822.0,1712404827.0,1.0,,4.0,6.0,5.0,,,,,poseidon,local,poseidon-submit,pegasus::dirmanager,/mnt/poseidon-data/poseidon/pegasus-5.1.0panorama/bin/pegasus-transfer,pegasus-kickstart  -n pegasus::dirmanager -N null -i - -R local  -L pycbc-inference -T 2024-03-26T22:56:52+00:00 pegasus-transfer,0.2,0,0,,,,,,,,,
inference_ID1_ID0000001,None,compute,0,1712404827.0,,,1712404832.0,1712404851.0,1712404869.0,137757357.9,1712404851.0,1712404942.0,1712404928.0,1712404934.0,56485950.0,1712404942.0,1712404947.0,5.0,,19.0,91.0,5.0,18.0,1564500734.0,6.0,346465051.0,poseidon,condorpool,poseidon-worker-2-container-40-43,inference_ID1,/usr/local/bin/pycbc_inference,,54.3,0,0,0.1,1531632015.0,723216851.0,48946.0,20900.0,46.1,4.2,15316320.2,7232168.5
page_versioning_ID8_ID0000008,None,compute,0,1712404827.0,,,1712404832.0,1712404851.0,1712404859.0,174749047.0,1712404850.0,1712404892.0,1712404879.0,1712404882.0,1701.0,1712404892.0,1712404897.0,5.0,,18.0,42.0,5.0,8.0,1379880960.0,3.0,5344.0,poseidon,condorpool,poseidon-worker-2-container-44-47,page_versioning_ID8,/usr/local/bin/pycbc_page_versioning,,14.2,0,0,0.0,217038024.0,263831.0,37568.0,222.0,2.4,1.4,10851901.2,13191.5
plot_prior_ID6_ID0000006,None,compute,0,1712404827.0,,,1712404832.0,1712404851.0,1712404868.0,127504266.4,1712404851.0,1712404892.0,1712404882.0,1712404885.0,43433.0,1712404892.0,1712404897.0,5.0,,19.0,41.0,5.0,17.0,1379884044.0,3.0,134085.0,poseidon,condorpool,poseidon-worker-1-container-44-47,plot_prior_ID6,/usr/local/bin/pycbc_inference_plot_prior,,8.9,0,0,0.1,36209711.0,63083.0,8326.0,34.0,3.5,1.3,3620971.1,6308.3
extract_posterior_ID2_ID0000002,None,compute,0,1712404947.0,,,1712404952.0,1712404953.0,1712404971.0,141967672.5,1712404952.0,1712404997.0,1712404981.0,1712404987.0,57612522.0,1712404997.0,1712405002.0,5.0,,0.0,45.0,5.0,18.0,1726346011.0,6.0,346464443.0,poseidon,condorpool,poseidon-worker-2-container-40-43,extract_posterior_ID2,/usr/local/bin/pycbc_inference_extract_samples,,2.6,0,0,,,,,,,,,
plot_spectrum_ID7_ID0000007,None,compute,0,1712404947.0,,,1712404952.0,1712404953.0,1712404970.0,150223902.6,1712404952.0,1712404992.0,1712404980.0,1712404983.0,60055.0,1712404992.0,1712404997.0,5.0,,0.0,40.0,5.0,17.0,1726346011.0,3.0,192576.0,poseidon,condorpool,poseidon-worker-1-container-44-47,plot_spectrum_ID7,/usr/local/bin/pycbc_plot_psd_file,,3.6,0,0,,,,,,,,,
stage_out_local_condorpool_0_0,None,transfer,0,1712404947.0,,,1712404952.0,,,0.0,1712404952.0,1712404962.0,1712404952.0,1712404956.0,86031111.0,1712404962.0,1712404967.0,5.0,,0.0,10.0,5.0,,,4.0,346604480.0,poseidon,local,poseidon-submit,pegasus::transfer,/mnt/poseidon-data/poseidon/pegasus-5.1.0panorama/bin/pegasus-transfer,/home/poseidon/pegasus-5.1.0panorama/bin/../bin/pegasus-kickstart  -n pegasus::transfer -N null -i - -R local  -L pycbc-inference -T 2024-03-26T22:56:52+00:00 /home/poseidon/pegasus-5.1.0panorama/bin/../bin/pegasus-transfer  --threads 2,1.3,0,0,,,,,,,,,
register_condorpool_0_0,None,auxiliary,0,1712404967.0,,,1712404972.0,,,0.0,1712404972.0,1712404977.0,,,0.0,1712404977.0,1712404982.0,5.0,,0.0,5.0,5.0,,,,,poseidon,local,poseidon-submit,pegasus::rc-client,/mnt/poseidon-data/poseidon/pegasus-5.1.0panorama/bin/pegasus-rc-client,"-n pegasus::rc-client -N null -R local  -L pycbc-inference -T 2024-03-26T22:56:52+00:00 /home/poseidon/pegasus-5.1.0panorama/bin/pegasus-rc-client --prefix pegasus.catalog.replica.output --conf /mnt/poseidon-data/poseidon/workflows/pycbc/inference/poseidon/submit/poseidon/pegasus/pycbc-inference/run0117/pegasus.10460952926092240407.properties -v --meta /mnt/poseidon-data/poseidon/workflows/pycbc/inference/poseidon/submit/poseidon/pegasus/pycbc-inference/run0117/00/00/plot_prior_ID6_ID0000006.meta,/mnt/poseidon-data/poseidon/workflows/pycbc/inference/poseidon/submit/poseidon/pegasus/pycbc-inference/run0117/00/00/page_versioning_ID8_ID0000008.meta,/mnt/poseidon-data/poseidon/workflows/pycbc/inference/poseidon/submit/poseidon/pegasus/pycbc-inference/run0117/00/00/inference_ID1_ID0000001.meta --insert /mnt/poseidon-data/poseidon/workflows/pycbc/inference/poseidon/submit/poseidon/pegasus/pycbc-inference/run0117/00/00/register_condorpool_0_0.in",2.9,0,0,,,,,,,,,
stage_out_local_condorpool_1_0,None,transfer,0,1712405002.0,,,1712405007.0,,,0.0,1712405007.0,1712405017.0,1712405008.0,1712405012.0,86032584.0,1712405017.0,1712405022.0,5.0,,0.0,10.0,5.0,,,4.0,346657019.0,poseidon,local,poseidon-submit,pegasus::transfer,/mnt/poseidon-data/poseidon/pegasus-5.1.0panorama/bin/pegasus-transfer,/home/poseidon/pegasus-5.1.0panorama/bin/../bin/pegasus-kickstart  -n pegasus::transfer -N null -i - -R local  -L pycbc-inference -T 2024-03-26T22:56:52+00:00 /home/poseidon/pegasus-5.1.0panorama/bin/../bin/pegasus-transfer  --threads 2,1.4,0,0,,,,,,,,,
plot_posterior_summary_ID4_ID0000004,None,compute,0,1712405002.0,,,1712405007.0,1712405009.0,1712405026.0,143033918.0,1712405008.0,1712405047.0,1712405037.0,1712405040.0,22544.0,1712405047.0,1712405052.0,5.0,,1.0,39.0,5.0,17.0,1726348487.0,3.0,70358.0,poseidon,condorpool,poseidon-worker-2-container-40-43,plot_posterior_summary_ID4,/usr/local/bin/pycbc_inference_plot_posterior,,4.1,0,0,,,,,,,,,
table_summary_ID3_ID0000003,None,compute,0,1712405002.0,,,1712405007.0,1712405009.0,1712405026.0,152023447.3,1712405008.0,1712405047.0,1712405035.0,1712405038.0,1021.0,1712405047.0,1712405052.0,5.0,,1.0,39.0,5.0,17.0,1726345403.0,3.0,3218.0,poseidon,condorpool,poseidon-worker-1-container-44-47,table_summary_ID3,/usr/local/bin/pycbc_inference_table_summary,,2.8,0,0,,,,,,,,,
plot_posterior_ID5_ID0000005,None,compute,0,1712405002.0,,,1712405007.0,1712405009.0,1712405026.0,149279431.6,1712405008.0,1712405047.0,1712405038.0,1712405041.0,50070.0,1712405047.0,1712405052.0,5.0,,1.0,39.0,5.0,17.0,1726348487.0,3.0,156241.0,poseidon,condorpool,poseidon-worker-1-container-44-47,plot_posterior_ID5,/usr/local/bin/pycbc_inference_plot_posterior,,5.3,0,0,0.0,37360452.0,63083.0,9303.0,34.0,3.5,1.3,3736045.2,6308.3
register_condorpool_1_0,None,auxiliary,0,1712405022.0,,,1712405027.0,,,0.0,1712405027.0,1712405032.0,,,0.0,1712405032.0,1712405037.0,5.0,,0.0,5.0,5.0,,,,,poseidon,local,poseidon-submit,pegasus::rc-client,/mnt/poseidon-data/poseidon/pegasus-5.1.0panorama/bin/pegasus-rc-client,"-n pegasus::rc-client -N null -R local  -L pycbc-inference -T 2024-03-26T22:56:52+00:00 /home/poseidon/pegasus-5.1.0panorama/bin/pegasus-rc-client --prefix pegasus.catalog.replica.output --conf /mnt/poseidon-data/poseidon/workflows/pycbc/inference/poseidon/submit/poseidon/pegasus/pycbc-inference/run0117/pegasus.10460952926092240407.properties -v --meta /mnt/poseidon-data/poseidon/workflows/pycbc/inference/poseidon/submit/poseidon/pegasus/pycbc-inference/run0117/00/00/plot_spectrum_ID7_ID0000007.meta,/mnt/poseidon-data/poseidon/workflows/pycbc/inference/poseidon/submit/poseidon/pegasus/pycbc-inference/run0117/00/00/extract_posterior_ID2_ID0000002.meta --insert /mnt/poseidon-data/poseidon/workflows/pycbc/inference/poseidon/submit/poseidon/pegasus/pycbc-inference/run0117/00/00/register_condorpool_1_0.in",3.0,0,0,,,,,,,,,
results_page_ID9_ID0000009,None,compute,0,1712405052.0,,,1712405057.0,1712405058.0,1712405066.0,173950585.0,1712405057.0,1712405087.0,,,0.0,1712405087.0,1712405092.0,5.0,,0.0,30.0,5.0,8.0,1379880960.0,,,poseidon,condorpool,poseidon-worker-1-container-44-47,results_page_ID9,/usr/local/bin/pycbc_make_html_page,,12.2,0,0,0.1,37598686.0,6831190.0,10824.0,455.0,8.5,1.4,1879934.3,341559.5
stage_out_local_condorpool_2_0,None,transfer,0,1712405052.0,,,1712405057.0,,,0.0,1712405057.0,1712405067.0,1712405057.0,1712405061.0,57062.0,1712405067.0,1712405072.0,5.0,,0.0,10.0,5.0,,,4.0,229817.0,poseidon,local,poseidon-submit,pegasus::transfer,/mnt/poseidon-data/poseidon/pegasus-5.1.0panorama/bin/pegasus-transfer,/home/poseidon/pegasus-5.1.0panorama/bin/../bin/pegasus-kickstart  -n pegasus::transfer -N null -i - -R local  -L pycbc-inference -T 2024-03-26T22:56:52+00:00 /home/poseidon/pegasus-5.1.0panorama/bin/../bin/pegasus-transfer  --threads 2,0.5,0,0,,,,,,,,,
register_condorpool_2_0,None,auxiliary,0,1712405072.0,,,1712405077.0,,,0.0,1712405077.0,1712405082.0,,,0.0,1712405082.0,1712405087.0,5.0,,0.0,5.0,5.0,,,,,poseidon,local,poseidon-submit,pegasus::rc-client,/mnt/poseidon-data/poseidon/pegasus-5.1.0panorama/bin/pegasus-rc-client,"-n pegasus::rc-client -N null -R local  -L pycbc-inference -T 2024-03-26T22:56:52+00:00 /home/poseidon/pegasus-5.1.0panorama/bin/pegasus-rc-client --prefix pegasus.catalog.replica.output --conf /mnt/poseidon-data/poseidon/workflows/pycbc/inference/poseidon/submit/poseidon/pegasus/pycbc-inference/run0117/pegasus.10460952926092240407.properties -v --meta /mnt/poseidon-data/poseidon/workflows/pycbc/inference/poseidon/submit/poseidon/pegasus/pycbc-inference/run0117/00/00/table_summary_ID3_ID0000003.meta,/mnt/poseidon-data/poseidon/workflows/pycbc/inference/poseidon/submit/poseidon/pegasus/pycbc-inference/run0117/00/00/plot_posterior_summary_ID4_ID0000004.meta,/mnt/poseidon-data/poseidon/workflows/pycbc/inference/poseidon/submit/poseidon/pegasus/pycbc-inference/run0117/00/00/plot_posterior_ID5_ID0000005.meta --insert /mnt/poseidon-data/poseidon/workflows/pycbc/inference/poseidon/submit/poseidon/pegasus/pycbc-inference/run0117/00/00/register_condorpool_2_0.in",2.9,0,0,,,,,,,,,
cleanup_pycbc-inference_0_condorpool,None,auxiliary,0,1712405092.0,,,1712405097.0,,,0.0,1712405097.0,1712405107.0,,,0.0,1712405107.0,1712405112.0,5.0,,0.0,10.0,5.0,,,,,poseidon,local,poseidon-submit,pegasus::cleanup,/mnt/poseidon-data/poseidon/pegasus-5.1.0panorama/bin/pegasus-transfer,pegasus-kickstart  -n pegasus::cleanup -N null -i - -R local  -L pycbc-inference -T 2024-03-26T22:56:52+00:00 pegasus-transfer,0.2,0,0,,,,,,,,,
