,anomaly_type,type,is_clustered,ready,pre_script_start,pre_script_end,submit,stage_in_start,stage_in_end,stage_in_effective_bytes_per_sec,execute_start,execute_end,stage_out_start,stage_out_end,stage_out_effective_bytes_per_sec,post_script_start,post_script_end,wms_delay,pre_script_delay,queue_delay,runtime,post_script_delay,stage_in_delay,stage_in_bytes,stage_out_delay,stage_out_bytes,kickstart_user,kickstart_site,kickstart_hostname,kickstart_transformations,kickstart_executables,kickstart_executables_argv,kickstart_executables_cpu_time,kickstart_status,kickstart_executables_exitcode,kickstart_online_iowait,kickstart_online_bytes_read,kickstart_online_bytes_written,kickstart_online_read_system_calls,kickstart_online_write_system_calls,kickstart_online_utime,kickstart_online_stime,kickstart_online_bytes_read_per_second,kickstart_online_bytes_written_per_second
create_dir_pycbc-inference_0_condorpool,None,auxiliary,0,1712443683.0,,,1712443684.0,,,0.0,1712443689.0,1712443699.0,,,0.0,1712443699.0,1712443704.0,1.0,,5.0,10.0,5.0,,,,,poseidon,local,poseidon-submit,pegasus::dirmanager,/mnt/poseidon-data/poseidon/pegasus-5.1.0panorama/bin/pegasus-transfer,pegasus-kickstart  -n pegasus::dirmanager -N null -i - -R local  -L pycbc-inference -T 2024-03-26T22:56:52+00:00 pegasus-transfer,0.3,0,0,,,,,,,,,
inference_ID1_ID0000001,None,compute,0,1712443704.0,,,1712443709.0,1712443728.0,1712443745.0,136893068.3,1712443727.0,1712443819.0,1712443807.0,1712443813.0,56623122.0,1712443819.0,1712443824.0,5.0,,18.0,92.0,5.0,17.0,1564500734.0,6.0,346540523.0,poseidon,condorpool,poseidon-worker-2-container-44-47,inference_ID1,/usr/local/bin/pycbc_inference,,56.4,0,0,0.1,1581796262.0,745633509.0,75947.0,33397.0,46.8,4.5,14379966.0,6778486.4
page_versioning_ID8_ID0000008,cpu_3,compute,0,1712443704.0,,,1712443709.0,1712443728.0,1712443736.0,176719599.0,1712443727.0,1712443769.0,1712443755.0,1712443758.0,1711.0,1712443769.0,1712443774.0,5.0,,18.0,42.0,5.0,8.0,1379880960.0,3.0,5344.0,poseidon,condorpool,poseidon-worker-1-container-28-31,page_versioning_ID8,/usr/local/bin/pycbc_page_versioning,,13.8,0,0,0.0,206898716.0,263165.0,35867.0,221.0,2.0,1.2,10344935.8,13158.2
plot_prior_ID6_ID0000006,None,compute,0,1712443704.0,,,1712443709.0,1712443728.0,1712443744.0,135780226.0,1712443727.0,1712443769.0,1712443758.0,1712443761.0,43348.0,1712443769.0,1712443774.0,5.0,,18.0,42.0,5.0,16.0,1379884044.0,3.0,135034.0,poseidon,condorpool,poseidon-worker-1-container-44-47,plot_prior_ID6,/usr/local/bin/pycbc_inference_plot_prior,,9.3,0,0,0.0,36030388.0,63083.0,8194.0,34.0,3.3,1.6,3603038.8,6308.3
extract_posterior_ID2_ID0000002,None,compute,0,1712443824.0,,,1712443829.0,1712443830.0,1712443848.0,150926018.3,1712443830.0,1712443874.0,1712443858.0,1712443864.0,56534259.0,1712443874.0,1712443879.0,5.0,,1.0,44.0,5.0,18.0,1726421483.0,6.0,346540123.0,poseidon,condorpool,poseidon-worker-1-container-44-47,extract_posterior_ID2,/usr/local/bin/pycbc_inference_extract_samples,,2.4,0,0,,,,,,,,,
plot_spectrum_ID7_ID0000007,None,compute,0,1712443824.0,,,1712443829.0,1712443830.0,1712443848.0,142118943.9,1712443830.0,1712443869.0,1712443858.0,1712443861.0,61322.0,1712443869.0,1712443874.0,5.0,,1.0,39.0,5.0,18.0,1726421483.0,3.0,192576.0,poseidon,condorpool,poseidon-worker-2-container-44-47,plot_spectrum_ID7,/usr/local/bin/pycbc_plot_psd_file,,3.6,0,0,,,,,,,,,
stage_out_local_condorpool_0_0,None,transfer,0,1712443824.0,,,1712443829.0,,,0.0,1712443829.0,1712443839.0,1712443829.0,1712443833.0,86128618.0,1712443839.0,1712443844.0,5.0,,0.0,10.0,5.0,,,4.0,346680901.0,poseidon,local,poseidon-submit,pegasus::transfer,/mnt/poseidon-data/poseidon/pegasus-5.1.0panorama/bin/pegasus-transfer,/home/poseidon/pegasus-5.1.0panorama/bin/../bin/pegasus-kickstart  -n pegasus::transfer -N null -i - -R local  -L pycbc-inference -T 2024-03-26T22:56:52+00:00 /home/poseidon/pegasus-5.1.0panorama/bin/../bin/pegasus-transfer  --threads 2,1.4,0,0,,,,,,,,,
register_condorpool_0_0,None,auxiliary,0,1712443844.0,,,1712443849.0,,,0.0,1712443849.0,1712443854.0,,,0.0,1712443854.0,1712443859.0,5.0,,0.0,5.0,5.0,,,,,poseidon,local,poseidon-submit,pegasus::rc-client,/mnt/poseidon-data/poseidon/pegasus-5.1.0panorama/bin/pegasus-rc-client,"-n pegasus::rc-client -N null -R local  -L pycbc-inference -T 2024-03-26T22:56:52+00:00 /home/poseidon/pegasus-5.1.0panorama/bin/pegasus-rc-client --prefix pegasus.catalog.replica.output --conf /mnt/poseidon-data/poseidon/workflows/pycbc/inference/poseidon/submit/poseidon/pegasus/pycbc-inference/run0208/pegasus.11487176854742457333.properties -v --meta /mnt/poseidon-data/poseidon/workflows/pycbc/inference/poseidon/submit/poseidon/pegasus/pycbc-inference/run0208/00/00/plot_prior_ID6_ID0000006.meta,/mnt/poseidon-data/poseidon/workflows/pycbc/inference/poseidon/submit/poseidon/pegasus/pycbc-inference/run0208/00/00/page_versioning_ID8_ID0000008.meta,/mnt/poseidon-data/poseidon/workflows/pycbc/inference/poseidon/submit/poseidon/pegasus/pycbc-inference/run0208/00/00/inference_ID1_ID0000001.meta --insert /mnt/poseidon-data/poseidon/workflows/pycbc/inference/poseidon/submit/poseidon/pegasus/pycbc-inference/run0208/00/00/register_condorpool_0_0.in",2.8,0,0,,,,,,,,,
stage_out_local_condorpool_1_0,None,transfer,0,1712443879.0,,,1712443884.0,,,0.0,1712443884.0,1712443894.0,1712443884.0,1712443888.0,86129059.0,1712443894.0,1712443899.0,5.0,,0.0,10.0,5.0,,,4.0,346732699.0,poseidon,local,poseidon-submit,pegasus::transfer,/mnt/poseidon-data/poseidon/pegasus-5.1.0panorama/bin/pegasus-transfer,/home/poseidon/pegasus-5.1.0panorama/bin/../bin/pegasus-kickstart  -n pegasus::transfer -N null -i - -R local  -L pycbc-inference -T 2024-03-26T22:56:52+00:00 /home/poseidon/pegasus-5.1.0panorama/bin/../bin/pegasus-transfer  --threads 2,1.2,0,0,,,,,,,,,
plot_posterior_summary_ID4_ID0000004,None,compute,0,1712443879.0,,,1712443884.0,1712443885.0,1712443903.0,143580849.4,1712443884.0,1712443924.0,1712443913.0,1712443916.0,22065.0,1712443924.0,1712443929.0,5.0,,0.0,40.0,5.0,18.0,1726424167.0,3.0,68008.0,poseidon,condorpool,poseidon-worker-1-container-44-47,plot_posterior_summary_ID4,/usr/local/bin/pycbc_inference_plot_posterior,,3.9,0,0,,,,,,,,,
table_summary_ID3_ID0000003,None,compute,0,1712443879.0,,,1712443884.0,1712443885.0,1712443902.0,150393355.0,1712443884.0,1712443924.0,1712443912.0,1712443915.0,1020.0,1712443924.0,1712443929.0,5.0,,0.0,40.0,5.0,17.0,1726421083.0,3.0,3218.0,poseidon,condorpool,poseidon-worker-2-container-44-47,table_summary_ID3,/usr/local/bin/pycbc_inference_table_summary,,3.0,0,0,,,,,,,,,
plot_posterior_ID5_ID0000005,None,compute,0,1712443879.0,,,1712443884.0,1712443885.0,1712443903.0,142407046.6,1712443885.0,1712443924.0,1712443915.0,1712443918.0,47068.0,1712443924.0,1712443929.0,5.0,,1.0,39.0,5.0,18.0,1726424167.0,3.0,146201.0,poseidon,condorpool,poseidon-worker-1-container-44-47,plot_posterior_ID5,/usr/local/bin/pycbc_inference_plot_posterior,,5.4,0,0,0.0,37212991.0,63083.0,9156.0,34.0,3.6,1.3,3721299.1,6308.3
register_condorpool_1_0,None,auxiliary,0,1712443899.0,,,1712443904.0,,,0.0,1712443904.0,1712443909.0,,,0.0,1712443909.0,1712443914.0,5.0,,0.0,5.0,5.0,,,,,poseidon,local,poseidon-submit,pegasus::rc-client,/mnt/poseidon-data/poseidon/pegasus-5.1.0panorama/bin/pegasus-rc-client,"-n pegasus::rc-client -N null -R local  -L pycbc-inference -T 2024-03-26T22:56:52+00:00 /home/poseidon/pegasus-5.1.0panorama/bin/pegasus-rc-client --prefix pegasus.catalog.replica.output --conf /mnt/poseidon-data/poseidon/workflows/pycbc/inference/poseidon/submit/poseidon/pegasus/pycbc-inference/run0208/pegasus.11487176854742457333.properties -v --meta /mnt/poseidon-data/poseidon/workflows/pycbc/inference/poseidon/submit/poseidon/pegasus/pycbc-inference/run0208/00/00/plot_spectrum_ID7_ID0000007.meta,/mnt/poseidon-data/poseidon/workflows/pycbc/inference/poseidon/submit/poseidon/pegasus/pycbc-inference/run0208/00/00/extract_posterior_ID2_ID0000002.meta --insert /mnt/poseidon-data/poseidon/workflows/pycbc/inference/poseidon/submit/poseidon/pegasus/pycbc-inference/run0208/00/00/register_condorpool_1_0.in",2.8,0,0,,,,,,,,,
results_page_ID9_ID0000009,None,compute,0,1712443929.0,,,1712443934.0,1712443935.0,1712443943.0,176464696.0,1712443934.0,1712443964.0,,,0.0,1712443964.0,1712443969.0,5.0,,0.0,30.0,5.0,8.0,1379880960.0,,,poseidon,condorpool,poseidon-worker-2-container-44-47,results_page_ID9,/usr/local/bin/pycbc_make_html_page,,12.2,0,0,0.1,37590872.0,6787190.0,10821.0,452.0,8.4,1.4,1879543.6,339359.5
stage_out_local_condorpool_2_0,None,transfer,0,1712443929.0,,,1712443934.0,,,0.0,1712443934.0,1712443944.0,1712443934.0,1712443938.0,53910.0,1712443944.0,1712443949.0,5.0,,0.0,10.0,5.0,,,4.0,217427.0,poseidon,local,poseidon-submit,pegasus::transfer,/mnt/poseidon-data/poseidon/pegasus-5.1.0panorama/bin/pegasus-transfer,/home/poseidon/pegasus-5.1.0panorama/bin/../bin/pegasus-kickstart  -n pegasus::transfer -N null -i - -R local  -L pycbc-inference -T 2024-03-26T22:56:52+00:00 /home/poseidon/pegasus-5.1.0panorama/bin/../bin/pegasus-transfer  --threads 2,0.5,0,0,,,,,,,,,
register_condorpool_2_0,None,auxiliary,0,1712443949.0,,,1712443954.0,,,0.0,1712443954.0,1712443959.0,,,0.0,1712443959.0,1712443964.0,5.0,,0.0,5.0,5.0,,,,,poseidon,local,poseidon-submit,pegasus::rc-client,/mnt/poseidon-data/poseidon/pegasus-5.1.0panorama/bin/pegasus-rc-client,"-n pegasus::rc-client -N null -R local  -L pycbc-inference -T 2024-03-26T22:56:52+00:00 /home/poseidon/pegasus-5.1.0panorama/bin/pegasus-rc-client --prefix pegasus.catalog.replica.output --conf /mnt/poseidon-data/poseidon/workflows/pycbc/inference/poseidon/submit/poseidon/pegasus/pycbc-inference/run0208/pegasus.11487176854742457333.properties -v --meta /mnt/poseidon-data/poseidon/workflows/pycbc/inference/poseidon/submit/poseidon/pegasus/pycbc-inference/run0208/00/00/table_summary_ID3_ID0000003.meta,/mnt/poseidon-data/poseidon/workflows/pycbc/inference/poseidon/submit/poseidon/pegasus/pycbc-inference/run0208/00/00/plot_posterior_summary_ID4_ID0000004.meta,/mnt/poseidon-data/poseidon/workflows/pycbc/inference/poseidon/submit/poseidon/pegasus/pycbc-inference/run0208/00/00/plot_posterior_ID5_ID0000005.meta --insert /mnt/poseidon-data/poseidon/workflows/pycbc/inference/poseidon/submit/poseidon/pegasus/pycbc-inference/run0208/00/00/register_condorpool_2_0.in",2.9,0,0,,,,,,,,,
cleanup_pycbc-inference_0_condorpool,None,auxiliary,0,1712443969.0,,,1712443974.0,,,0.0,1712443974.0,1712443984.0,,,0.0,1712443984.0,1712443989.0,5.0,,0.0,10.0,5.0,,,,,poseidon,local,poseidon-submit,pegasus::cleanup,/mnt/poseidon-data/poseidon/pegasus-5.1.0panorama/bin/pegasus-transfer,pegasus-kickstart  -n pegasus::cleanup -N null -i - -R local  -L pycbc-inference -T 2024-03-26T22:56:52+00:00 pegasus-transfer,0.3,0,0,,,,,,,,,
