,anomaly_type,type,is_clustered,ready,pre_script_start,pre_script_end,submit,stage_in_start,stage_in_end,stage_in_effective_bytes_per_sec,execute_start,execute_end,stage_out_start,stage_out_end,stage_out_effective_bytes_per_sec,post_script_start,post_script_end,wms_delay,pre_script_delay,queue_delay,runtime,post_script_delay,stage_in_delay,stage_in_bytes,stage_out_delay,stage_out_bytes,kickstart_user,kickstart_site,kickstart_hostname,kickstart_transformations,kickstart_executables,kickstart_executables_argv,kickstart_executables_cpu_time,kickstart_status,kickstart_executables_exitcode,kickstart_online_iowait,kickstart_online_bytes_read,kickstart_online_bytes_written,kickstart_online_read_system_calls,kickstart_online_write_system_calls,kickstart_online_utime,kickstart_online_stime,kickstart_online_bytes_read_per_second,kickstart_online_bytes_written_per_second
create_dir_pycbc-inference_0_condorpool,None,auxiliary,0,1712378562.0,,,1712378563.0,,,0.0,1712378567.0,1712378573.0,,,0.0,1712378573.0,1712378578.0,1.0,,4.0,6.0,5.0,,,,,poseidon,local,poseidon-submit,pegasus::dirmanager,/mnt/poseidon-data/poseidon/pegasus-5.1.0panorama/bin/pegasus-transfer,pegasus-kickstart  -n pegasus::dirmanager -N null -i - -R local  -L pycbc-inference -T 2024-03-26T22:56:52+00:00 pegasus-transfer,0.3,0,0,,,,,,,,,
inference_ID1_ID0000001,None,compute,0,1712378578.0,,,1712378583.0,1712378603.0,1712378620.0,139703494.6,1712378603.0,1712378698.0,1712378683.0,1712378689.0,56313635.0,1712378698.0,1712378703.0,5.0,,20.0,95.0,5.0,17.0,1564500734.0,6.0,346494635.0,poseidon,condorpool,poseidon-worker-1-container-36-39,inference_ID1,/usr/local/bin/pycbc_inference,,57.4,0,0,0.1,1532682689.0,724260930.0,51624.0,22116.0,51.9,4.4,13933479.0,6584190.3
page_versioning_ID8_ID0000008,None,compute,0,1712378578.0,,,1712378583.0,1712378603.0,1712378611.0,176466235.0,1712378603.0,1712378643.0,1712378632.0,1712378635.0,1692.0,1712378643.0,1712378648.0,5.0,,20.0,40.0,5.0,8.0,1379880960.0,3.0,5344.0,poseidon,condorpool,poseidon-worker-1-container-16-19,page_versioning_ID8,/usr/local/bin/pycbc_page_versioning,,14.6,0,0,0.0,207010434.0,263165.0,36220.0,221.0,2.0,1.5,10350521.7,13158.2
plot_prior_ID6_ID0000006,None,compute,0,1712378578.0,,,1712378583.0,1712378603.0,1712378619.0,135724282.9,1712378603.0,1712378643.0,1712378634.0,1712378637.0,43538.0,1712378643.0,1712378648.0,5.0,,20.0,40.0,5.0,16.0,1379884044.0,3.0,134775.0,poseidon,condorpool,poseidon-worker-1-container-44-47,plot_prior_ID6,/usr/local/bin/pycbc_inference_plot_prior,,9.4,0,0,0.0,36030392.0,63083.0,8193.0,34.0,3.4,1.5,3603039.2,6308.3
extract_posterior_ID2_ID0000002,None,compute,0,1712378703.0,,,1712378708.0,1712378709.0,1712378726.0,152371867.5,1712378708.0,1712378748.0,1712378736.0,1712378742.0,56422511.0,1712378748.0,1712378753.0,5.0,,0.0,40.0,5.0,17.0,1726375595.0,6.0,346494235.0,poseidon,condorpool,poseidon-worker-1-container-16-19,extract_posterior_ID2,/usr/local/bin/pycbc_inference_extract_samples,,2.5,0,0,,,,,,,,,
plot_spectrum_ID7_ID0000007,None,compute,0,1712378703.0,,,1712378708.0,1712378709.0,1712378727.0,142277305.7,1712378708.0,1712378748.0,1712378737.0,1712378740.0,61787.0,1712378748.0,1712378753.0,5.0,,0.0,40.0,5.0,18.0,1726375595.0,3.0,192576.0,poseidon,condorpool,poseidon-worker-1-container-36-39,plot_spectrum_ID7,/usr/local/bin/pycbc_plot_psd_file,,3.8,0,0,,,,,,,,,
stage_out_local_condorpool_0_0,None,transfer,0,1712378703.0,,,1712378708.0,,,0.0,1712378708.0,1712378718.0,1712378708.0,1712378712.0,86057045.0,1712378718.0,1712378723.0,5.0,,0.0,10.0,5.0,,,4.0,346634754.0,poseidon,local,poseidon-submit,pegasus::transfer,/mnt/poseidon-data/poseidon/pegasus-5.1.0panorama/bin/pegasus-transfer,/home/poseidon/pegasus-5.1.0panorama/bin/../bin/pegasus-kickstart  -n pegasus::transfer -N null -i - -R local  -L pycbc-inference -T 2024-03-26T22:56:52+00:00 /home/poseidon/pegasus-5.1.0panorama/bin/../bin/pegasus-transfer  --threads 2,1.3,0,0,,,,,,,,,
register_condorpool_0_0,None,auxiliary,0,1712378723.0,,,1712378728.0,,,0.0,1712378728.0,1712378733.0,,,0.0,1712378733.0,1712378738.0,5.0,,0.0,5.0,5.0,,,,,poseidon,local,poseidon-submit,pegasus::rc-client,/mnt/poseidon-data/poseidon/pegasus-5.1.0panorama/bin/pegasus-rc-client,"-n pegasus::rc-client -N null -R local  -L pycbc-inference -T 2024-03-26T22:56:52+00:00 /home/poseidon/pegasus-5.1.0panorama/bin/pegasus-rc-client --prefix pegasus.catalog.replica.output --conf /mnt/poseidon-data/poseidon/workflows/pycbc/inference/poseidon/submit/poseidon/pegasus/pycbc-inference/run0056/pegasus.7774593093102640918.properties -v --meta /mnt/poseidon-data/poseidon/workflows/pycbc/inference/poseidon/submit/poseidon/pegasus/pycbc-inference/run0056/00/00/plot_prior_ID6_ID0000006.meta,/mnt/poseidon-data/poseidon/workflows/pycbc/inference/poseidon/submit/poseidon/pegasus/pycbc-inference/run0056/00/00/page_versioning_ID8_ID0000008.meta,/mnt/poseidon-data/poseidon/workflows/pycbc/inference/poseidon/submit/poseidon/pegasus/pycbc-inference/run0056/00/00/inference_ID1_ID0000001.meta --insert /mnt/poseidon-data/poseidon/workflows/pycbc/inference/poseidon/submit/poseidon/pegasus/pycbc-inference/run0056/00/00/register_condorpool_0_0.in",2.9,0,0,,,,,,,,,
stage_out_local_condorpool_1_0,None,transfer,0,1712378753.0,,,1712378758.0,,,0.0,1712378758.0,1712378768.0,1712378759.0,1712378763.0,86114044.0,1712378768.0,1712378773.0,5.0,,0.0,10.0,5.0,,,4.0,346686811.0,poseidon,local,poseidon-submit,pegasus::transfer,/mnt/poseidon-data/poseidon/pegasus-5.1.0panorama/bin/pegasus-transfer,/home/poseidon/pegasus-5.1.0panorama/bin/../bin/pegasus-kickstart  -n pegasus::transfer -N null -i - -R local  -L pycbc-inference -T 2024-03-26T22:56:52+00:00 /home/poseidon/pegasus-5.1.0panorama/bin/../bin/pegasus-transfer  --threads 2,1.3,0,0,,,,,,,,,
plot_posterior_summary_ID4_ID0000004,None,compute,0,1712378753.0,,,1712378758.0,1712378759.0,1712378778.0,135762135.7,1712378759.0,1712378798.0,1712378788.0,1712378791.0,21842.0,1712378798.0,1712378803.0,5.0,,1.0,39.0,5.0,19.0,1726378279.0,3.0,68445.0,poseidon,condorpool,poseidon-worker-1-container-16-19,plot_posterior_summary_ID4,/usr/local/bin/pycbc_inference_plot_posterior,,4.4,0,0,,,,,,,,,
table_summary_ID3_ID0000003,None,compute,0,1712378753.0,,,1712378758.0,1712378759.0,1712378777.0,149147554.5,1712378759.0,1712378798.0,1712378786.0,1712378789.0,1023.0,1712378798.0,1712378803.0,5.0,,1.0,39.0,5.0,18.0,1726375195.0,3.0,3212.0,poseidon,condorpool,poseidon-worker-1-container-36-39,table_summary_ID3,/usr/local/bin/pycbc_inference_table_summary,,3.0,0,0,,,,,,,,,
plot_posterior_ID5_ID0000005,None,compute,0,1712378753.0,,,1712378758.0,1712378760.0,1712378777.0,148350432.2,1712378759.0,1712378798.0,1712378789.0,1712378792.0,44275.0,1712378798.0,1712378803.0,5.0,,1.0,39.0,5.0,17.0,1726378279.0,3.0,138115.0,poseidon,condorpool,poseidon-worker-1-container-36-39,plot_posterior_ID5,/usr/local/bin/pycbc_inference_plot_posterior,,5.7,0,0,0.0,36543866.0,63083.0,8527.0,34.0,3.5,1.4,3654386.6,6308.3
register_condorpool_1_0,None,auxiliary,0,1712378773.0,,,1712378778.0,,,0.0,1712378779.0,1712378783.0,,,0.0,1712378783.0,1712378788.0,5.0,,1.0,4.0,5.0,,,,,poseidon,local,poseidon-submit,pegasus::rc-client,/mnt/poseidon-data/poseidon/pegasus-5.1.0panorama/bin/pegasus-rc-client,"-n pegasus::rc-client -N null -R local  -L pycbc-inference -T 2024-03-26T22:56:52+00:00 /home/poseidon/pegasus-5.1.0panorama/bin/pegasus-rc-client --prefix pegasus.catalog.replica.output --conf /mnt/poseidon-data/poseidon/workflows/pycbc/inference/poseidon/submit/poseidon/pegasus/pycbc-inference/run0056/pegasus.7774593093102640918.properties -v --meta /mnt/poseidon-data/poseidon/workflows/pycbc/inference/poseidon/submit/poseidon/pegasus/pycbc-inference/run0056/00/00/plot_spectrum_ID7_ID0000007.meta,/mnt/poseidon-data/poseidon/workflows/pycbc/inference/poseidon/submit/poseidon/pegasus/pycbc-inference/run0056/00/00/extract_posterior_ID2_ID0000002.meta --insert /mnt/poseidon-data/poseidon/workflows/pycbc/inference/poseidon/submit/poseidon/pegasus/pycbc-inference/run0056/00/00/register_condorpool_1_0.in",2.7,0,0,,,,,,,,,
results_page_ID9_ID0000009,None,compute,0,1712378803.0,,,1712378808.0,1712378809.0,1712378817.0,174411344.0,1712378808.0,1712378838.0,,,0.0,1712378838.0,1712378843.0,5.0,,0.0,30.0,5.0,8.0,1379880960.0,,,poseidon,condorpool,poseidon-worker-1-container-36-39,results_page_ID9,/usr/local/bin/pycbc_make_html_page,,12.6,0,0,0.0,37445381.0,6279492.0,10672.0,413.0,8.2,1.6,1872269.1,313974.6
stage_out_local_condorpool_2_0,None,transfer,0,1712378803.0,,,1712378808.0,,,0.0,1712378808.0,1712378818.0,1712378808.0,1712378812.0,52028.0,1712378818.0,1712378823.0,5.0,,0.0,10.0,5.0,,,4.0,209772.0,poseidon,local,poseidon-submit,pegasus::transfer,/mnt/poseidon-data/poseidon/pegasus-5.1.0panorama/bin/pegasus-transfer,/home/poseidon/pegasus-5.1.0panorama/bin/../bin/pegasus-kickstart  -n pegasus::transfer -N null -i - -R local  -L pycbc-inference -T 2024-03-26T22:56:52+00:00 /home/poseidon/pegasus-5.1.0panorama/bin/../bin/pegasus-transfer  --threads 2,0.5,0,0,,,,,,,,,
register_condorpool_2_0,None,auxiliary,0,1712378823.0,,,1712378828.0,,,0.0,1712378828.0,1712378833.0,,,0.0,1712378833.0,1712378838.0,5.0,,0.0,5.0,5.0,,,,,poseidon,local,poseidon-submit,pegasus::rc-client,/mnt/poseidon-data/poseidon/pegasus-5.1.0panorama/bin/pegasus-rc-client,"-n pegasus::rc-client -N null -R local  -L pycbc-inference -T 2024-03-26T22:56:52+00:00 /home/poseidon/pegasus-5.1.0panorama/bin/pegasus-rc-client --prefix pegasus.catalog.replica.output --conf /mnt/poseidon-data/poseidon/workflows/pycbc/inference/poseidon/submit/poseidon/pegasus/pycbc-inference/run0056/pegasus.7774593093102640918.properties -v --meta /mnt/poseidon-data/poseidon/workflows/pycbc/inference/poseidon/submit/poseidon/pegasus/pycbc-inference/run0056/00/00/table_summary_ID3_ID0000003.meta,/mnt/poseidon-data/poseidon/workflows/pycbc/inference/poseidon/submit/poseidon/pegasus/pycbc-inference/run0056/00/00/plot_posterior_summary_ID4_ID0000004.meta,/mnt/poseidon-data/poseidon/workflows/pycbc/inference/poseidon/submit/poseidon/pegasus/pycbc-inference/run0056/00/00/plot_posterior_ID5_ID0000005.meta --insert /mnt/poseidon-data/poseidon/workflows/pycbc/inference/poseidon/submit/poseidon/pegasus/pycbc-inference/run0056/00/00/register_condorpool_2_0.in",2.8,0,0,,,,,,,,,
cleanup_pycbc-inference_0_condorpool,None,auxiliary,0,1712378843.0,,,1712378849.0,,,0.0,1712378849.0,1712378859.0,,,0.0,1712378859.0,1712378864.0,6.0,,0.0,10.0,5.0,,,,,poseidon,local,poseidon-submit,pegasus::cleanup,/mnt/poseidon-data/poseidon/pegasus-5.1.0panorama/bin/pegasus-transfer,pegasus-kickstart  -n pegasus::cleanup -N null -i - -R local  -L pycbc-inference -T 2024-03-26T22:56:52+00:00 pegasus-transfer,0.3,0,0,,,,,,,,,
