,anomaly_type,type,is_clustered,ready,pre_script_start,pre_script_end,submit,stage_in_start,stage_in_end,stage_in_effective_bytes_per_sec,execute_start,execute_end,stage_out_start,stage_out_end,stage_out_effective_bytes_per_sec,post_script_start,post_script_end,wms_delay,pre_script_delay,queue_delay,runtime,post_script_delay,stage_in_delay,stage_in_bytes,stage_out_delay,stage_out_bytes,kickstart_user,kickstart_site,kickstart_hostname,kickstart_transformations,kickstart_executables,kickstart_executables_argv,kickstart_executables_cpu_time,kickstart_status,kickstart_executables_exitcode,kickstart_online_iowait,kickstart_online_bytes_read,kickstart_online_bytes_written,kickstart_online_read_system_calls,kickstart_online_write_system_calls,kickstart_online_utime,kickstart_online_stime,kickstart_online_bytes_read_per_second,kickstart_online_bytes_written_per_second
create_dir_pycbc-inference_0_condorpool,None,auxiliary,0,1712399245.0,,,1712399246.0,,,0.0,1712399250.0,1712399256.0,,,0.0,1712399256.0,1712399261.0,1.0,,4.0,6.0,5.0,,,,,poseidon,local,poseidon-submit,pegasus::dirmanager,/mnt/poseidon-data/poseidon/pegasus-5.1.0panorama/bin/pegasus-transfer,pegasus-kickstart  -n pegasus::dirmanager -N null -i - -R local  -L pycbc-inference -T 2024-03-26T22:56:52+00:00 pegasus-transfer,0.2,0,0,,,,,,,,,
inference_ID1_ID0000001,None,compute,0,1712399261.0,,,1712399266.0,1712399287.0,1712399304.0,138163064.0,1712399286.0,1712399381.0,1712399366.0,1712399372.0,56645602.0,1712399381.0,1712399386.0,5.0,,20.0,95.0,5.0,17.0,1564500734.0,6.0,346475819.0,poseidon,condorpool,poseidon-worker-2-container-36-39,inference_ID1,/usr/local/bin/pycbc_inference,,57.3,0,0,0.0,1533448469.0,725030440.0,53298.0,23015.0,51.7,4.8,13940440.6,6591185.8
page_versioning_ID8_ID0000008,cpu_2,compute,0,1712399261.0,,,1712399266.0,1712399287.0,1712399295.0,173821665.0,1712399286.0,1712399326.0,1712399314.0,1712399317.0,1695.0,1712399326.0,1712399331.0,5.0,,20.0,40.0,5.0,8.0,1379880960.0,3.0,5344.0,poseidon,condorpool,poseidon-worker-2-container-32-35,page_versioning_ID8,/usr/local/bin/pycbc_page_versioning,,13.5,0,0,0.1,211185533.0,263499.0,36667.0,222.0,2.2,1.2,10559276.7,13175.0
plot_prior_ID6_ID0000006,None,compute,0,1712399261.0,,,1712399266.0,1712399287.0,1712399303.0,129350332.4,1712399286.0,1712399326.0,1712399317.0,1712399320.0,43337.0,1712399326.0,1712399331.0,5.0,,20.0,40.0,5.0,16.0,1379884044.0,3.0,134613.0,poseidon,condorpool,poseidon-worker-1-container-44-47,plot_prior_ID6,/usr/local/bin/pycbc_inference_plot_prior,,9.2,0,0,0.0,36041415.0,63083.0,8202.0,34.0,3.4,1.4,3604141.5,6308.3
extract_posterior_ID2_ID0000002,None,compute,0,1712399386.0,,,1712399391.0,1712399392.0,1712399412.0,118911394.5,1712399391.0,1712399436.0,1712399423.0,1712399429.0,57331848.0,1712399436.0,1712399441.0,5.0,,0.0,45.0,5.0,20.0,1726356779.0,6.0,346476563.0,poseidon,condorpool,poseidon-worker-2-container-36-39,extract_posterior_ID2,/usr/local/bin/pycbc_inference_extract_samples,,2.7,0,0,,,,,,,,,
plot_spectrum_ID7_ID0000007,cpu_2,compute,0,1712399386.0,,,1712399391.0,1712399392.0,1712399410.0,138880837.8,1712399391.0,1712399431.0,1712399420.0,1712399423.0,60422.0,1712399431.0,1712399436.0,5.0,,0.0,40.0,5.0,18.0,1726356779.0,3.0,192576.0,poseidon,condorpool,poseidon-worker-2-container-32-35,plot_spectrum_ID7,/usr/local/bin/pycbc_plot_psd_file,,3.6,0,0,,,,,,,,,
stage_out_local_condorpool_0_0,None,transfer,0,1712399386.0,,,1712399391.0,,,0.0,1712399391.0,1712399401.0,1712399391.0,1712399395.0,86106170.0,1712399401.0,1712399406.0,5.0,,0.0,10.0,5.0,,,4.0,346615776.0,poseidon,local,poseidon-submit,pegasus::transfer,/mnt/poseidon-data/poseidon/pegasus-5.1.0panorama/bin/pegasus-transfer,/home/poseidon/pegasus-5.1.0panorama/bin/../bin/pegasus-kickstart  -n pegasus::transfer -N null -i - -R local  -L pycbc-inference -T 2024-03-26T22:56:52+00:00 /home/poseidon/pegasus-5.1.0panorama/bin/../bin/pegasus-transfer  --threads 2,1.3,0,0,,,,,,,,,
register_condorpool_0_0,None,auxiliary,0,1712399406.0,,,1712399411.0,,,0.0,1712399411.0,1712399416.0,,,0.0,1712399416.0,1712399421.0,5.0,,0.0,5.0,5.0,,,,,poseidon,local,poseidon-submit,pegasus::rc-client,/mnt/poseidon-data/poseidon/pegasus-5.1.0panorama/bin/pegasus-rc-client,"-n pegasus::rc-client -N null -R local  -L pycbc-inference -T 2024-03-26T22:56:52+00:00 /home/poseidon/pegasus-5.1.0panorama/bin/pegasus-rc-client --prefix pegasus.catalog.replica.output --conf /mnt/poseidon-data/poseidon/workflows/pycbc/inference/poseidon/submit/poseidon/pegasus/pycbc-inference/run0104/pegasus.3193669036067614510.properties -v --meta /mnt/poseidon-data/poseidon/workflows/pycbc/inference/poseidon/submit/poseidon/pegasus/pycbc-inference/run0104/00/00/plot_prior_ID6_ID0000006.meta,/mnt/poseidon-data/poseidon/workflows/pycbc/inference/poseidon/submit/poseidon/pegasus/pycbc-inference/run0104/00/00/page_versioning_ID8_ID0000008.meta,/mnt/poseidon-data/poseidon/workflows/pycbc/inference/poseidon/submit/poseidon/pegasus/pycbc-inference/run0104/00/00/inference_ID1_ID0000001.meta --insert /mnt/poseidon-data/poseidon/workflows/pycbc/inference/poseidon/submit/poseidon/pegasus/pycbc-inference/run0104/00/00/register_condorpool_0_0.in",2.7,0,0,,,,,,,,,
stage_out_local_condorpool_1_0,None,transfer,0,1712399441.0,,,1712399446.0,,,0.0,1712399446.0,1712399456.0,1712399446.0,1712399450.0,85970612.0,1712399456.0,1712399461.0,5.0,,0.0,10.0,5.0,,,4.0,346669139.0,poseidon,local,poseidon-submit,pegasus::transfer,/mnt/poseidon-data/poseidon/pegasus-5.1.0panorama/bin/pegasus-transfer,/home/poseidon/pegasus-5.1.0panorama/bin/../bin/pegasus-kickstart  -n pegasus::transfer -N null -i - -R local  -L pycbc-inference -T 2024-03-26T22:56:52+00:00 /home/poseidon/pegasus-5.1.0panorama/bin/../bin/pegasus-transfer  --threads 2,1.3,0,0,,,,,,,,,
plot_posterior_summary_ID4_ID0000004,None,compute,0,1712399441.0,,,1712399446.0,1712399447.0,1712399465.0,137980891.4,1712399446.0,1712399486.0,1712399476.0,1712399479.0,22223.0,1712399486.0,1712399491.0,5.0,,0.0,40.0,5.0,18.0,1726360607.0,3.0,69342.0,poseidon,condorpool,poseidon-worker-2-container-36-39,plot_posterior_summary_ID4,/usr/local/bin/pycbc_inference_plot_posterior,,4.0,0,0,,,,,,,,,
table_summary_ID3_ID0000003,cpu_2,compute,0,1712399441.0,,,1712399446.0,1712399447.0,1712399464.0,150954789.8,1712399446.0,1712399486.0,1712399473.0,1712399476.0,1026.0,1712399486.0,1712399491.0,5.0,,0.0,40.0,5.0,17.0,1726357523.0,3.0,3212.0,poseidon,condorpool,poseidon-worker-2-container-32-35,table_summary_ID3,/usr/local/bin/pycbc_inference_table_summary,,2.9,0,0,,,,,,,,,
plot_posterior_ID5_ID0000005,None,compute,0,1712399441.0,,,1712399446.0,1712399447.0,1712399465.0,141940717.7,1712399446.0,1712399486.0,1712399477.0,1712399480.0,47006.0,1712399486.0,1712399491.0,5.0,,0.0,40.0,5.0,18.0,1726360607.0,3.0,146228.0,poseidon,condorpool,poseidon-worker-2-container-36-39,plot_posterior_ID5,/usr/local/bin/pycbc_inference_plot_posterior,,5.5,0,0,0.0,37112025.0,63083.0,9055.0,34.0,3.5,1.4,3711202.5,6308.3
register_condorpool_1_0,None,auxiliary,0,1712399461.0,,,1712399466.0,,,0.0,1712399466.0,1712399471.0,,,0.0,1712399471.0,1712399476.0,5.0,,0.0,5.0,5.0,,,,,poseidon,local,poseidon-submit,pegasus::rc-client,/mnt/poseidon-data/poseidon/pegasus-5.1.0panorama/bin/pegasus-rc-client,"-n pegasus::rc-client -N null -R local  -L pycbc-inference -T 2024-03-26T22:56:52+00:00 /home/poseidon/pegasus-5.1.0panorama/bin/pegasus-rc-client --prefix pegasus.catalog.replica.output --conf /mnt/poseidon-data/poseidon/workflows/pycbc/inference/poseidon/submit/poseidon/pegasus/pycbc-inference/run0104/pegasus.3193669036067614510.properties -v --meta /mnt/poseidon-data/poseidon/workflows/pycbc/inference/poseidon/submit/poseidon/pegasus/pycbc-inference/run0104/00/00/plot_spectrum_ID7_ID0000007.meta,/mnt/poseidon-data/poseidon/workflows/pycbc/inference/poseidon/submit/poseidon/pegasus/pycbc-inference/run0104/00/00/extract_posterior_ID2_ID0000002.meta --insert /mnt/poseidon-data/poseidon/workflows/pycbc/inference/poseidon/submit/poseidon/pegasus/pycbc-inference/run0104/00/00/register_condorpool_1_0.in",2.8,0,0,,,,,,,,,
results_page_ID9_ID0000009,None,compute,0,1712399491.0,,,1712399496.0,1712399498.0,1712399505.0,176412043.0,1712399497.0,1712399526.0,,,0.0,1712399526.0,1712399531.0,5.0,,1.0,29.0,5.0,7.0,1379880960.0,,,poseidon,condorpool,poseidon-worker-2-container-36-39,results_page_ID9,/usr/local/bin/pycbc_make_html_page,,12.5,0,0,0.0,37481984.0,6279492.0,10712.0,413.0,8.2,1.7,1874099.2,313974.6
stage_out_local_condorpool_2_0,None,transfer,0,1712399491.0,,,1712399496.0,,,0.0,1712399496.0,1712399506.0,1712399497.0,1712399501.0,54290.0,1712399506.0,1712399511.0,5.0,,0.0,10.0,5.0,,,4.0,218782.0,poseidon,local,poseidon-submit,pegasus::transfer,/mnt/poseidon-data/poseidon/pegasus-5.1.0panorama/bin/pegasus-transfer,/home/poseidon/pegasus-5.1.0panorama/bin/../bin/pegasus-kickstart  -n pegasus::transfer -N null -i - -R local  -L pycbc-inference -T 2024-03-26T22:56:52+00:00 /home/poseidon/pegasus-5.1.0panorama/bin/../bin/pegasus-transfer  --threads 2,0.5,0,0,,,,,,,,,
register_condorpool_2_0,None,auxiliary,0,1712399511.0,,,1712399516.0,,,0.0,1712399516.0,1712399521.0,,,0.0,1712399521.0,1712399526.0,5.0,,0.0,5.0,5.0,,,,,poseidon,local,poseidon-submit,pegasus::rc-client,/mnt/poseidon-data/poseidon/pegasus-5.1.0panorama/bin/pegasus-rc-client,"-n pegasus::rc-client -N null -R local  -L pycbc-inference -T 2024-03-26T22:56:52+00:00 /home/poseidon/pegasus-5.1.0panorama/bin/pegasus-rc-client --prefix pegasus.catalog.replica.output --conf /mnt/poseidon-data/poseidon/workflows/pycbc/inference/poseidon/submit/poseidon/pegasus/pycbc-inference/run0104/pegasus.3193669036067614510.properties -v --meta /mnt/poseidon-data/poseidon/workflows/pycbc/inference/poseidon/submit/poseidon/pegasus/pycbc-inference/run0104/00/00/table_summary_ID3_ID0000003.meta,/mnt/poseidon-data/poseidon/workflows/pycbc/inference/poseidon/submit/poseidon/pegasus/pycbc-inference/run0104/00/00/plot_posterior_summary_ID4_ID0000004.meta,/mnt/poseidon-data/poseidon/workflows/pycbc/inference/poseidon/submit/poseidon/pegasus/pycbc-inference/run0104/00/00/plot_posterior_ID5_ID0000005.meta --insert /mnt/poseidon-data/poseidon/workflows/pycbc/inference/poseidon/submit/poseidon/pegasus/pycbc-inference/run0104/00/00/register_condorpool_2_0.in",2.9,0,0,,,,,,,,,
cleanup_pycbc-inference_0_condorpool,None,auxiliary,0,1712399531.0,,,1712399536.0,,,0.0,1712399536.0,1712399546.0,,,0.0,1712399546.0,1712399551.0,5.0,,0.0,10.0,5.0,,,,,poseidon,local,poseidon-submit,pegasus::cleanup,/mnt/poseidon-data/poseidon/pegasus-5.1.0panorama/bin/pegasus-transfer,pegasus-kickstart  -n pegasus::cleanup -N null -i - -R local  -L pycbc-inference -T 2024-03-26T22:56:52+00:00 pegasus-transfer,0.3,0,0,,,,,,,,,
