,anomaly_type,type,is_clustered,ready,pre_script_start,pre_script_end,submit,stage_in_start,stage_in_end,stage_in_effective_bytes_per_sec,execute_start,execute_end,stage_out_start,stage_out_end,stage_out_effective_bytes_per_sec,post_script_start,post_script_end,wms_delay,pre_script_delay,queue_delay,runtime,post_script_delay,stage_in_delay,stage_in_bytes,stage_out_delay,stage_out_bytes,kickstart_user,kickstart_site,kickstart_hostname,kickstart_transformations,kickstart_executables,kickstart_executables_argv,kickstart_executables_cpu_time,kickstart_status,kickstart_executables_exitcode,kickstart_online_iowait,kickstart_online_bytes_read,kickstart_online_bytes_written,kickstart_online_read_system_calls,kickstart_online_write_system_calls,kickstart_online_utime,kickstart_online_stime,kickstart_online_bytes_read_per_second,kickstart_online_bytes_written_per_second
create_dir_pycbc-inference_0_condorpool,None,auxiliary,0,1712478099.0,,,1712478100.0,,,0.0,1712478105.0,1712478115.0,,,0.0,1712478115.0,1712478120.0,1.0,,5.0,10.0,5.0,,,,,poseidon,local,poseidon-submit,pegasus::dirmanager,/mnt/poseidon-data/poseidon/pegasus-5.1.0panorama/bin/pegasus-transfer,pegasus-kickstart  -n pegasus::dirmanager -N null -i - -R local  -L pycbc-inference -T 2024-03-26T22:56:52+00:00 pegasus-transfer,0.2,0,0,,,,,,,,,
inference_ID1_ID0000001,None,compute,0,1712478120.0,,,1712478125.0,1712478140.0,1712478157.0,138252366.7,1712478139.0,1712478235.0,1712478220.0,1712478226.0,56396680.0,1712478235.0,1712478240.0,5.0,,14.0,96.0,5.0,17.0,1564500734.0,6.0,346484091.0,poseidon,condorpool,poseidon-worker-2-container-36-39,inference_ID1,/usr/local/bin/pycbc_inference,,56.8,0,0,0.0,1532341074.0,723916770.0,50805.0,21715.0,51.2,4.8,13930373.4,7239167.7
page_versioning_ID8_ID0000008,None,compute,0,1712478120.0,,,1712478125.0,1712478140.0,1712478148.0,176660992.0,1712478139.0,1712478180.0,1712478168.0,1712478171.0,1695.0,1712478180.0,1712478185.0,5.0,,14.0,41.0,5.0,8.0,1379880960.0,3.0,5344.0,poseidon,condorpool,poseidon-worker-2-container-0-3,page_versioning_ID8,/usr/local/bin/pycbc_page_versioning,,14.5,0,0,0.0,185561840.0,234791.0,32498.0,195.0,1.4,1.2,9278092.0,11739.5
plot_prior_ID6_ID0000006,None,compute,0,1712478120.0,,,1712478125.0,1712478140.0,1712478156.0,137183998.6,1712478139.0,1712478180.0,1712478170.0,1712478173.0,44257.0,1712478180.0,1712478185.0,5.0,,14.0,41.0,5.0,16.0,1379884044.0,3.0,136635.0,poseidon,condorpool,poseidon-worker-2-container-44-47,plot_prior_ID6,/usr/local/bin/pycbc_inference_plot_prior,,9.2,0,0,0.1,36212452.0,63083.0,8331.0,34.0,3.5,1.3,3621245.2,6308.3
extract_posterior_ID2_ID0000002,None,compute,0,1712478240.0,,,1712478245.0,1712478246.0,1712478264.0,143057231.8,1712478246.0,1712478290.0,1712478274.0,1712478280.0,56984190.0,1712478290.0,1712478295.0,5.0,,1.0,44.0,5.0,18.0,1726365051.0,6.0,346483467.0,poseidon,condorpool,poseidon-worker-2-container-36-39,extract_posterior_ID2,/usr/local/bin/pycbc_inference_extract_samples,,2.4,0,0,,,,,,,,,
plot_spectrum_ID7_ID0000007,None,compute,0,1712478240.0,,,1712478245.0,1712478246.0,1712478264.0,150189253.2,1712478246.0,1712478285.0,1712478274.0,1712478277.0,60166.0,1712478285.0,1712478290.0,5.0,,1.0,39.0,5.0,18.0,1726365051.0,3.0,192576.0,poseidon,condorpool,poseidon-worker-2-container-44-47,plot_spectrum_ID7,/usr/local/bin/pycbc_plot_psd_file,,3.8,0,0,,,,,,,,,
stage_out_local_condorpool_0_0,None,transfer,0,1712478240.0,,,1712478245.0,,,0.0,1712478245.0,1712478255.0,1712478245.0,1712478249.0,85975054.0,1712478255.0,1712478260.0,5.0,,0.0,10.0,5.0,,,4.0,346626070.0,poseidon,local,poseidon-submit,pegasus::transfer,/mnt/poseidon-data/poseidon/pegasus-5.1.0panorama/bin/pegasus-transfer,/home/poseidon/pegasus-5.1.0panorama/bin/../bin/pegasus-kickstart  -n pegasus::transfer -N null -i - -R local  -L pycbc-inference -T 2024-03-26T22:56:52+00:00 /home/poseidon/pegasus-5.1.0panorama/bin/../bin/pegasus-transfer  --threads 2,1.3,0,0,,,,,,,,,
register_condorpool_0_0,None,auxiliary,0,1712478260.0,,,1712478265.0,,,0.0,1712478265.0,1712478270.0,,,0.0,1712478270.0,1712478275.0,5.0,,0.0,5.0,5.0,,,,,poseidon,local,poseidon-submit,pegasus::rc-client,/mnt/poseidon-data/poseidon/pegasus-5.1.0panorama/bin/pegasus-rc-client,"-n pegasus::rc-client -N null -R local  -L pycbc-inference -T 2024-03-26T22:56:52+00:00 /home/poseidon/pegasus-5.1.0panorama/bin/pegasus-rc-client --prefix pegasus.catalog.replica.output --conf /mnt/poseidon-data/poseidon/workflows/pycbc/inference/poseidon/submit/poseidon/pegasus/pycbc-inference/run0288/pegasus.2430259797390241637.properties -v --meta /mnt/poseidon-data/poseidon/workflows/pycbc/inference/poseidon/submit/poseidon/pegasus/pycbc-inference/run0288/00/00/plot_prior_ID6_ID0000006.meta,/mnt/poseidon-data/poseidon/workflows/pycbc/inference/poseidon/submit/poseidon/pegasus/pycbc-inference/run0288/00/00/page_versioning_ID8_ID0000008.meta,/mnt/poseidon-data/poseidon/workflows/pycbc/inference/poseidon/submit/poseidon/pegasus/pycbc-inference/run0288/00/00/inference_ID1_ID0000001.meta --insert /mnt/poseidon-data/poseidon/workflows/pycbc/inference/poseidon/submit/poseidon/pegasus/pycbc-inference/run0288/00/00/register_condorpool_0_0.in",2.8,0,0,,,,,,,,,
stage_out_local_condorpool_1_0,None,transfer,0,1712478295.0,,,1712478300.0,,,0.0,1712478300.0,1712478310.0,1712478300.0,1712478304.0,86072793.0,1712478310.0,1712478315.0,5.0,,0.0,10.0,5.0,,,4.0,346676043.0,poseidon,local,poseidon-submit,pegasus::transfer,/mnt/poseidon-data/poseidon/pegasus-5.1.0panorama/bin/pegasus-transfer,/home/poseidon/pegasus-5.1.0panorama/bin/../bin/pegasus-kickstart  -n pegasus::transfer -N null -i - -R local  -L pycbc-inference -T 2024-03-26T22:56:52+00:00 /home/poseidon/pegasus-5.1.0panorama/bin/../bin/pegasus-transfer  --threads 2,1.2,0,0,,,,,,,,,
plot_posterior_summary_ID4_ID0000004,None,compute,0,1712478295.0,,,1712478300.0,1712478301.0,1712478320.0,135393531.3,1712478300.0,1712478340.0,1712478330.0,1712478333.0,21999.0,1712478340.0,1712478345.0,5.0,,0.0,40.0,5.0,19.0,1726367511.0,3.0,68440.0,poseidon,condorpool,poseidon-worker-2-container-36-39,plot_posterior_summary_ID4,/usr/local/bin/pycbc_inference_plot_posterior,,3.9,0,0,,,,,,,,,
table_summary_ID3_ID0000003,None,compute,0,1712478295.0,,,1712478300.0,1712478301.0,1712478319.0,150138946.4,1712478300.0,1712478340.0,1712478327.0,1712478331.0,1022.0,1712478340.0,1712478345.0,5.0,,0.0,40.0,5.0,18.0,1726364427.0,4.0,3211.0,poseidon,condorpool,poseidon-worker-2-container-44-47,table_summary_ID3,/usr/local/bin/pycbc_inference_table_summary,,2.8,0,0,,,,,,,,,
plot_posterior_ID5_ID0000005,None,compute,0,1712478295.0,,,1712478300.0,1712478301.0,1712478319.0,149331278.6,1712478301.0,1712478340.0,1712478330.0,1712478333.0,45580.0,1712478340.0,1712478345.0,5.0,,1.0,39.0,5.0,18.0,1726367511.0,3.0,142713.0,poseidon,condorpool,poseidon-worker-2-container-44-47,plot_posterior_ID5,/usr/local/bin/pycbc_inference_plot_posterior,,5.3,0,0,0.1,37231448.0,63083.0,9171.0,34.0,3.6,1.3,3723144.8,6308.3
register_condorpool_1_0,None,auxiliary,0,1712478315.0,,,1712478320.0,,,0.0,1712478320.0,1712478325.0,,,0.0,1712478325.0,1712478330.0,5.0,,0.0,5.0,5.0,,,,,poseidon,local,poseidon-submit,pegasus::rc-client,/mnt/poseidon-data/poseidon/pegasus-5.1.0panorama/bin/pegasus-rc-client,"-n pegasus::rc-client -N null -R local  -L pycbc-inference -T 2024-03-26T22:56:52+00:00 /home/poseidon/pegasus-5.1.0panorama/bin/pegasus-rc-client --prefix pegasus.catalog.replica.output --conf /mnt/poseidon-data/poseidon/workflows/pycbc/inference/poseidon/submit/poseidon/pegasus/pycbc-inference/run0288/pegasus.2430259797390241637.properties -v --meta /mnt/poseidon-data/poseidon/workflows/pycbc/inference/poseidon/submit/poseidon/pegasus/pycbc-inference/run0288/00/00/plot_spectrum_ID7_ID0000007.meta,/mnt/poseidon-data/poseidon/workflows/pycbc/inference/poseidon/submit/poseidon/pegasus/pycbc-inference/run0288/00/00/extract_posterior_ID2_ID0000002.meta --insert /mnt/poseidon-data/poseidon/workflows/pycbc/inference/poseidon/submit/poseidon/pegasus/pycbc-inference/run0288/00/00/register_condorpool_1_0.in",2.7,0,0,,,,,,,,,
results_page_ID9_ID0000009,None,compute,0,1712478345.0,,,1712478350.0,1712478351.0,1712478359.0,171473463.0,1712478350.0,1712478380.0,,,0.0,1712478380.0,1712478385.0,5.0,,0.0,30.0,5.0,8.0,1379880960.0,,,poseidon,condorpool,poseidon-worker-2-container-44-47,results_page_ID9,/usr/local/bin/pycbc_make_html_page,,12.3,0,0,0.1,37580920.0,6787190.0,10811.0,452.0,8.3,1.5,1879046.0,339359.5
stage_out_local_condorpool_2_0,None,transfer,0,1712478345.0,,,1712478350.0,,,0.0,1712478350.0,1712478360.0,1712478350.0,1712478354.0,53224.0,1712478360.0,1712478365.0,5.0,,0.0,10.0,5.0,,,4.0,214364.0,poseidon,local,poseidon-submit,pegasus::transfer,/mnt/poseidon-data/poseidon/pegasus-5.1.0panorama/bin/pegasus-transfer,/home/poseidon/pegasus-5.1.0panorama/bin/../bin/pegasus-kickstart  -n pegasus::transfer -N null -i - -R local  -L pycbc-inference -T 2024-03-26T22:56:52+00:00 /home/poseidon/pegasus-5.1.0panorama/bin/../bin/pegasus-transfer  --threads 2,0.5,0,0,,,,,,,,,
register_condorpool_2_0,None,auxiliary,0,1712478365.0,,,1712478370.0,,,0.0,1712478370.0,1712478375.0,,,0.0,1712478375.0,1712478380.0,5.0,,0.0,5.0,5.0,,,,,poseidon,local,poseidon-submit,pegasus::rc-client,/mnt/poseidon-data/poseidon/pegasus-5.1.0panorama/bin/pegasus-rc-client,"-n pegasus::rc-client -N null -R local  -L pycbc-inference -T 2024-03-26T22:56:52+00:00 /home/poseidon/pegasus-5.1.0panorama/bin/pegasus-rc-client --prefix pegasus.catalog.replica.output --conf /mnt/poseidon-data/poseidon/workflows/pycbc/inference/poseidon/submit/poseidon/pegasus/pycbc-inference/run0288/pegasus.2430259797390241637.properties -v --meta /mnt/poseidon-data/poseidon/workflows/pycbc/inference/poseidon/submit/poseidon/pegasus/pycbc-inference/run0288/00/00/table_summary_ID3_ID0000003.meta,/mnt/poseidon-data/poseidon/workflows/pycbc/inference/poseidon/submit/poseidon/pegasus/pycbc-inference/run0288/00/00/plot_posterior_summary_ID4_ID0000004.meta,/mnt/poseidon-data/poseidon/workflows/pycbc/inference/poseidon/submit/poseidon/pegasus/pycbc-inference/run0288/00/00/plot_posterior_ID5_ID0000005.meta --insert /mnt/poseidon-data/poseidon/workflows/pycbc/inference/poseidon/submit/poseidon/pegasus/pycbc-inference/run0288/00/00/register_condorpool_2_0.in",2.9,0,0,,,,,,,,,
cleanup_pycbc-inference_0_condorpool,None,auxiliary,0,1712478385.0,,,1712478390.0,,,0.0,1712478390.0,1712478400.0,,,0.0,1712478400.0,1712478405.0,5.0,,0.0,10.0,5.0,,,,,poseidon,local,poseidon-submit,pegasus::cleanup,/mnt/poseidon-data/poseidon/pegasus-5.1.0panorama/bin/pegasus-transfer,pegasus-kickstart  -n pegasus::cleanup -N null -i - -R local  -L pycbc-inference -T 2024-03-26T22:56:52+00:00 pegasus-transfer,0.2,0,0,,,,,,,,,
