,anomaly_type,type,is_clustered,ready,pre_script_start,pre_script_end,submit,stage_in_start,stage_in_end,stage_in_effective_bytes_per_sec,execute_start,execute_end,stage_out_start,stage_out_end,stage_out_effective_bytes_per_sec,post_script_start,post_script_end,wms_delay,pre_script_delay,queue_delay,runtime,post_script_delay,stage_in_delay,stage_in_bytes,stage_out_delay,stage_out_bytes,kickstart_user,kickstart_site,kickstart_hostname,kickstart_transformations,kickstart_executables,kickstart_executables_argv,kickstart_executables_cpu_time,kickstart_status,kickstart_executables_exitcode,kickstart_online_iowait,kickstart_online_bytes_read,kickstart_online_bytes_written,kickstart_online_read_system_calls,kickstart_online_write_system_calls,kickstart_online_utime,kickstart_online_stime,kickstart_online_bytes_read_per_second,kickstart_online_bytes_written_per_second
create_dir_pycbc-inference_0_condorpool,None,auxiliary,0,1712481129.0,,,1712481130.0,,,0.0,1712481134.0,1712481140.0,,,0.0,1712481140.0,1712481145.0,1.0,,4.0,6.0,5.0,,,,,poseidon,local,poseidon-submit,pegasus::dirmanager,/mnt/poseidon-data/poseidon/pegasus-5.1.0panorama/bin/pegasus-transfer,pegasus-kickstart  -n pegasus::dirmanager -N null -i - -R local  -L pycbc-inference -T 2024-03-26T22:56:52+00:00 pegasus-transfer,0.2,0,0,,,,,,,,,
inference_ID1_ID0000001,None,compute,0,1712481145.0,,,1712481150.0,1712481153.0,1712481171.0,137430287.5,1712481152.0,1712481245.0,1712481232.0,1712481238.0,56424980.0,1712481245.0,1712481250.0,5.0,,2.0,93.0,5.0,18.0,1564500734.0,6.0,346514347.0,poseidon,condorpool,poseidon-worker-2-container-28-31,inference_ID1,/usr/local/bin/pycbc_inference,,56.9,0,0,0.0,1533003892.0,724590348.0,52335.0,22499.0,45.5,4.6,15330038.9,7245903.5
page_versioning_ID8_ID0000008,None,compute,0,1712481145.0,,,1712481150.0,1712481153.0,1712481162.0,161473350.0,1712481152.0,1712481195.0,1712481182.0,1712481185.0,1701.0,1712481195.0,1712481200.0,5.0,,2.0,43.0,5.0,9.0,1379880960.0,3.0,5344.0,poseidon,condorpool,poseidon-worker-1-container-0-3,page_versioning_ID8,/usr/local/bin/pycbc_page_versioning,,14.4,0,0,0.0,213097153.0,263831.0,37064.0,222.0,2.4,1.4,10654857.7,13191.5
plot_prior_ID6_ID0000006,None,compute,0,1712481145.0,,,1712481150.0,1712481153.0,1712481169.0,129252578.4,1712481152.0,1712481195.0,1712481184.0,1712481187.0,43589.0,1712481195.0,1712481200.0,5.0,,2.0,43.0,5.0,16.0,1379884044.0,3.0,135693.0,poseidon,condorpool,poseidon-worker-1-container-44-47,plot_prior_ID6,/usr/local/bin/pycbc_inference_plot_prior,,9.1,0,0,0.0,36209712.0,63083.0,8325.0,34.0,3.4,1.5,3620971.2,6308.3
extract_posterior_ID2_ID0000002,None,compute,0,1712481250.0,,,1712481255.0,1712481257.0,1712481274.0,143349971.8,1712481256.0,1712481300.0,1712481285.0,1712481291.0,57255934.0,1712481300.0,1712481305.0,5.0,,1.0,44.0,5.0,17.0,1726395307.0,6.0,346513739.0,poseidon,condorpool,poseidon-worker-2-container-28-31,extract_posterior_ID2,/usr/local/bin/pycbc_inference_extract_samples,,2.6,0,0,,,,,,,,,
plot_spectrum_ID7_ID0000007,None,compute,0,1712481250.0,,,1712481255.0,1712481257.0,1712481274.0,150578855.1,1712481256.0,1712481295.0,1712481284.0,1712481287.0,60046.0,1712481295.0,1712481300.0,5.0,,1.0,39.0,5.0,17.0,1726395307.0,3.0,192576.0,poseidon,condorpool,poseidon-worker-1-container-44-47,plot_spectrum_ID7,/usr/local/bin/pycbc_plot_psd_file,,3.7,0,0,,,,,,,,,
stage_out_local_condorpool_0_0,None,transfer,0,1712481250.0,,,1712481255.0,,,0.0,1712481255.0,1712481265.0,1712481256.0,1712481260.0,86040904.0,1712481265.0,1712481270.0,5.0,,0.0,10.0,5.0,,,4.0,346655384.0,poseidon,local,poseidon-submit,pegasus::transfer,/mnt/poseidon-data/poseidon/pegasus-5.1.0panorama/bin/pegasus-transfer,/home/poseidon/pegasus-5.1.0panorama/bin/../bin/pegasus-kickstart  -n pegasus::transfer -N null -i - -R local  -L pycbc-inference -T 2024-03-26T22:56:52+00:00 /home/poseidon/pegasus-5.1.0panorama/bin/../bin/pegasus-transfer  --threads 2,1.3,0,0,,,,,,,,,
register_condorpool_0_0,None,auxiliary,0,1712481270.0,,,1712481275.0,,,0.0,1712481275.0,1712481280.0,,,0.0,1712481280.0,1712481285.0,5.0,,0.0,5.0,5.0,,,,,poseidon,local,poseidon-submit,pegasus::rc-client,/mnt/poseidon-data/poseidon/pegasus-5.1.0panorama/bin/pegasus-rc-client,"-n pegasus::rc-client -N null -R local  -L pycbc-inference -T 2024-03-26T22:56:52+00:00 /home/poseidon/pegasus-5.1.0panorama/bin/pegasus-rc-client --prefix pegasus.catalog.replica.output --conf /mnt/poseidon-data/poseidon/workflows/pycbc/inference/poseidon/submit/poseidon/pegasus/pycbc-inference/run0295/pegasus.2811754877327925713.properties -v --meta /mnt/poseidon-data/poseidon/workflows/pycbc/inference/poseidon/submit/poseidon/pegasus/pycbc-inference/run0295/00/00/plot_prior_ID6_ID0000006.meta,/mnt/poseidon-data/poseidon/workflows/pycbc/inference/poseidon/submit/poseidon/pegasus/pycbc-inference/run0295/00/00/page_versioning_ID8_ID0000008.meta,/mnt/poseidon-data/poseidon/workflows/pycbc/inference/poseidon/submit/poseidon/pegasus/pycbc-inference/run0295/00/00/inference_ID1_ID0000001.meta --insert /mnt/poseidon-data/poseidon/workflows/pycbc/inference/poseidon/submit/poseidon/pegasus/pycbc-inference/run0295/00/00/register_condorpool_0_0.in",2.7,0,0,,,,,,,,,
stage_out_local_condorpool_1_0,None,transfer,0,1712481305.0,,,1712481310.0,,,0.0,1712481310.0,1712481320.0,1712481310.0,1712481314.0,86014704.0,1712481320.0,1712481325.0,5.0,,0.0,10.0,5.0,,,4.0,346706315.0,poseidon,local,poseidon-submit,pegasus::transfer,/mnt/poseidon-data/poseidon/pegasus-5.1.0panorama/bin/pegasus-transfer,/home/poseidon/pegasus-5.1.0panorama/bin/../bin/pegasus-kickstart  -n pegasus::transfer -N null -i - -R local  -L pycbc-inference -T 2024-03-26T22:56:52+00:00 /home/poseidon/pegasus-5.1.0panorama/bin/../bin/pegasus-transfer  --threads 2,1.3,0,0,,,,,,,,,
plot_posterior_summary_ID4_ID0000004,None,compute,0,1712481305.0,,,1712481310.0,1712481311.0,1712481330.0,135494162.0,1712481311.0,1712481350.0,1712481340.0,1712481343.0,21707.0,1712481350.0,1712481355.0,5.0,,1.0,39.0,5.0,19.0,1726397783.0,3.0,67763.0,poseidon,condorpool,poseidon-worker-2-container-28-31,plot_posterior_summary_ID4,/usr/local/bin/pycbc_inference_plot_posterior,,4.1,0,0,,,,,,,,,
table_summary_ID3_ID0000003,None,compute,0,1712481305.0,,,1712481310.0,1712481311.0,1712481329.0,150420507.3,1712481311.0,1712481350.0,1712481338.0,1712481341.0,1022.0,1712481350.0,1712481355.0,5.0,,1.0,39.0,5.0,18.0,1726394699.0,3.0,3214.0,poseidon,condorpool,poseidon-worker-1-container-44-47,table_summary_ID3,/usr/local/bin/pycbc_inference_table_summary,,3.0,0,0,,,,,,,,,
plot_posterior_ID5_ID0000005,None,compute,0,1712481305.0,,,1712481310.0,1712481311.0,1712481329.0,151591475.6,1712481311.0,1712481350.0,1712481340.0,1712481343.0,46876.0,1712481350.0,1712481355.0,5.0,,1.0,39.0,5.0,18.0,1726397783.0,3.0,146956.0,poseidon,condorpool,poseidon-worker-1-container-44-47,plot_posterior_ID5,/usr/local/bin/pycbc_inference_plot_posterior,,5.5,0,0,0.1,37107089.0,63083.0,9039.0,34.0,3.4,1.4,3710708.9,6308.3
register_condorpool_1_0,None,auxiliary,0,1712481325.0,,,1712481330.0,,,0.0,1712481330.0,1712481335.0,,,0.0,1712481335.0,1712481340.0,5.0,,0.0,5.0,5.0,,,,,poseidon,local,poseidon-submit,pegasus::rc-client,/mnt/poseidon-data/poseidon/pegasus-5.1.0panorama/bin/pegasus-rc-client,"-n pegasus::rc-client -N null -R local  -L pycbc-inference -T 2024-03-26T22:56:52+00:00 /home/poseidon/pegasus-5.1.0panorama/bin/pegasus-rc-client --prefix pegasus.catalog.replica.output --conf /mnt/poseidon-data/poseidon/workflows/pycbc/inference/poseidon/submit/poseidon/pegasus/pycbc-inference/run0295/pegasus.2811754877327925713.properties -v --meta /mnt/poseidon-data/poseidon/workflows/pycbc/inference/poseidon/submit/poseidon/pegasus/pycbc-inference/run0295/00/00/plot_spectrum_ID7_ID0000007.meta,/mnt/poseidon-data/poseidon/workflows/pycbc/inference/poseidon/submit/poseidon/pegasus/pycbc-inference/run0295/00/00/extract_posterior_ID2_ID0000002.meta --insert /mnt/poseidon-data/poseidon/workflows/pycbc/inference/poseidon/submit/poseidon/pegasus/pycbc-inference/run0295/00/00/register_condorpool_1_0.in",2.7,0,0,,,,,,,,,
results_page_ID9_ID0000009,None,compute,0,1712481355.0,,,1712481360.0,1712481361.0,1712481369.0,174284779.0,1712481360.0,1712481390.0,,,0.0,1712481390.0,1712481395.0,5.0,,0.0,30.0,5.0,8.0,1379880960.0,,,poseidon,condorpool,poseidon-worker-1-container-44-47,results_page_ID9,/usr/local/bin/pycbc_make_html_page,,12.5,0,0,0.0,37489180.0,6279492.0,10716.0,413.0,8.2,1.6,1874459.0,313974.6
stage_out_local_condorpool_2_0,None,transfer,0,1712481355.0,,,1712481360.0,,,0.0,1712481360.0,1712481370.0,1712481360.0,1712481364.0,54095.0,1712481370.0,1712481375.0,5.0,,0.0,10.0,5.0,,,4.0,217933.0,poseidon,local,poseidon-submit,pegasus::transfer,/mnt/poseidon-data/poseidon/pegasus-5.1.0panorama/bin/pegasus-transfer,/home/poseidon/pegasus-5.1.0panorama/bin/../bin/pegasus-kickstart  -n pegasus::transfer -N null -i - -R local  -L pycbc-inference -T 2024-03-26T22:56:52+00:00 /home/poseidon/pegasus-5.1.0panorama/bin/../bin/pegasus-transfer  --threads 2,0.5,0,0,,,,,,,,,
register_condorpool_2_0,None,auxiliary,0,1712481375.0,,,1712481380.0,,,0.0,1712481380.0,1712481385.0,,,0.0,1712481385.0,1712481390.0,5.0,,0.0,5.0,5.0,,,,,poseidon,local,poseidon-submit,pegasus::rc-client,/mnt/poseidon-data/poseidon/pegasus-5.1.0panorama/bin/pegasus-rc-client,"-n pegasus::rc-client -N null -R local  -L pycbc-inference -T 2024-03-26T22:56:52+00:00 /home/poseidon/pegasus-5.1.0panorama/bin/pegasus-rc-client --prefix pegasus.catalog.replica.output --conf /mnt/poseidon-data/poseidon/workflows/pycbc/inference/poseidon/submit/poseidon/pegasus/pycbc-inference/run0295/pegasus.2811754877327925713.properties -v --meta /mnt/poseidon-data/poseidon/workflows/pycbc/inference/poseidon/submit/poseidon/pegasus/pycbc-inference/run0295/00/00/table_summary_ID3_ID0000003.meta,/mnt/poseidon-data/poseidon/workflows/pycbc/inference/poseidon/submit/poseidon/pegasus/pycbc-inference/run0295/00/00/plot_posterior_summary_ID4_ID0000004.meta,/mnt/poseidon-data/poseidon/workflows/pycbc/inference/poseidon/submit/poseidon/pegasus/pycbc-inference/run0295/00/00/plot_posterior_ID5_ID0000005.meta --insert /mnt/poseidon-data/poseidon/workflows/pycbc/inference/poseidon/submit/poseidon/pegasus/pycbc-inference/run0295/00/00/register_condorpool_2_0.in",2.6,0,0,,,,,,,,,
cleanup_pycbc-inference_0_condorpool,None,auxiliary,0,1712481395.0,,,1712481400.0,,,0.0,1712481400.0,1712481410.0,,,0.0,1712481410.0,1712481415.0,5.0,,0.0,10.0,5.0,,,,,poseidon,local,poseidon-submit,pegasus::cleanup,/mnt/poseidon-data/poseidon/pegasus-5.1.0panorama/bin/pegasus-transfer,pegasus-kickstart  -n pegasus::cleanup -N null -i - -R local  -L pycbc-inference -T 2024-03-26T22:56:52+00:00 pegasus-transfer,0.2,0,0,,,,,,,,,
